2007.09.21 10:00:00.414,1.6278,1.6281,1.30,6.50
2007.09.21 10:00:00.581,1.6278,1.6281,1.30,11.30
2007.09.21 10:00:00.699,1.6278,1.6281,0.60,11.30
2007.09.21 10:00:01.185,1.62765,1.6281,0.60,16.10
2007.09.21 10:00:01.758,1.62765,1.628,0.60,4.00
2007.09.21 10:00:01.857,1.62765,1.628,0.60,4.80
2007.09.21 10:00:03.246,1.62765,1.628,0.60,8.80
2007.09.21 10:00:03.348,1.62765,1.628,0.60,11.30
2007.09.21 10:00:03.453,1.62765,1.628,0.60,12.90
2007.09.21 10:00:03.550,1.62755,1.628,0.60,17.70
2007.09.21 10:00:03.753,1.62755,1.628,0.60,13.70
2007.09.21 10:00:03.971,1.62755,1.628,0.60,12.10
2007.09.21 10:00:07.259,1.62755,1.6279,0.60,5.60
2007.09.21 10:00:07.351,1.62755,1.6279,0.60,4.80
2007.09.21 10:00:07.627,1.62755,1.628,0.60,11.20
2007.09.21 10:00:07.678,1.62755,1.6277,0.60,5.60
2007.09.21 10:00:07.760,1.62755,1.6277,0.60,8.10
2007.09.21 10:00:07.961,1.62755,1.6277,0.60,6.50
2007.09.21 10:00:08.006,1.6275,1.6277,4.80,6.50
2007.09.21 10:00:08.189,1.6275,1.6277,4.80,8.10
2007.09.21 10:00:08.225,1.6274,1.6277,5.30,8.10
2007.09.21 10:00:08.281,1.6274,1.6277,5.30,5.60
2007.09.21 10:00:08.496,1.6275,1.6277,4.00,1.60
2007.09.21 10:00:08.603,1.6276,1.6277,0.70,1.60
2007.09.21 10:00:08.699,1.6273,1.62775,10.40,4.80
2007.09.21 10:00:08.912,1.6274,1.6279,4.80,6.40
2007.09.21 10:00:09.038,1.6276,1.6279,0.60,6.40
2007.09.21 10:00:09.152,1.6276,1.6279,0.60,4.80
2007.09.21 10:00:09.234,1.6275,1.6279,1.30,4.80
2007.09.21 10:00:09.464,1.6275,1.6279,5.30,4.80
2007.09.21 10:00:09.564,1.6276,1.6279,0.70,4.80
2007.09.21 10:00:09.723,1.6276,1.6279,1.30,4.80
2007.09.21 10:00:10.031,1.6276,1.628,1.30,11.20
2007.09.21 10:00:10.312,1.6276,1.628,1.30,17.70
2007.09.21 10:00:10.948,1.6276,1.6279,1.30,1.60
2007.09.21 10:00:11.165,1.6276,1.628,1.30,17.70
2007.09.21 10:00:11.672,1.6276,1.62795,1.30,4.80
2007.09.21 10:00:11.692,1.6276,1.6279,1.30,4.00
2007.09.21 10:00:11.810,1.6276,1.6279,0.60,4.80
2007.09.21 10:00:11.897,1.6275,1.6279,5.30,4.80
2007.09.21 10:00:11.929,1.6275,1.6279,5.30,6.40
2007.09.21 10:00:12.039,1.6275,1.6279,1.30,6.40
2007.09.21 10:00:12.262,1.6275,1.6279,1.30,11.20
2007.09.21 10:00:21.352,1.6275,1.6278,1.30,1.60
2007.09.21 10:00:22.234,1.6275,1.6278,1.30,5.60
2007.09.21 10:00:22.321,1.6275,1.6278,0.60,10.40
2007.09.21 10:00:22.668,1.6274,1.62775,1.30,4.80
2007.09.21 10:00:23.804,1.6274,1.62775,0.60,4.80
2007.09.21 10:00:23.899,1.6274,1.62775,1.30,4.80
2007.09.21 10:00:24.412,1.6274,1.6278,1.30,15.20
2007.09.21 10:00:27.814,1.6274,1.6278,1.30,0.70
2007.09.21 10:00:29.270,1.6274,1.6279,1.30,20.90
2007.09.21 10:00:29.368,1.6274,1.6279,1.30,17.70
2007.09.21 10:00:29.698,1.6274,1.6278,5.30,0.80
2007.09.21 10:00:29.803,1.6275,1.6278,0.70,0.60
2007.09.21 10:00:58.722,1.6275,1.6278,1.30,4.10
2007.09.21 10:00:59.253,1.6275,1.6278,1.30,2.50
2007.09.21 10:01:00.823,1.6275,1.6278,1.30,4.10
2007.09.21 10:01:07.716,1.6275,1.6277,0.60,4.00
2007.09.21 10:01:07.896,1.6274,1.6277,6.60,4.00
2007.09.21 10:01:10.087,1.6274,1.6278,10.60,11.20
2007.09.21 10:01:10.111,1.6273,1.6278,19.40,11.20
2007.09.21 10:01:10.206,1.6275,1.6278,0.60,5.60
2007.09.21 10:01:10.302,1.6274,1.6278,9.00,4.80
2007.09.21 10:01:10.387,1.6274,1.62785,9.00,4.80
2007.09.21 10:01:13.440,1.6275,1.6278,1.00,1.60
2007.09.21 10:01:14.229,1.6275,1.62785,1.00,4.80
2007.09.21 10:01:14.328,1.6275,1.62785,0.60,4.80
2007.09.21 10:01:14.569,1.6274,1.62775,1.00,4.80
2007.09.21 10:01:16.148,1.6274,1.6277,1.00,4.00
2007.09.21 10:01:16.359,1.6274,1.6277,0.60,4.80
2007.09.21 10:01:16.561,1.6274,1.6277,0.60,9.60
2007.09.21 10:01:16.873,1.6273,1.6277,2.90,9.60
2007.09.21 10:01:17.292,1.6273,1.6277,1.30,9.60
2007.09.21 10:01:17.430,1.6273,1.62765,1.30,4.80
2007.09.21 10:01:19.652,1.6273,1.6277,1.30,8.80
2007.09.21 10:01:20.291,1.6273,1.6277,5.30,8.80
2007.09.21 10:01:20.355,1.6273,1.6277,9.30,8.80
2007.09.21 10:01:20.674,1.6273,1.6277,9.30,4.00
2007.09.21 10:01:20.694,1.6273,1.6277,5.30,4.00
2007.09.21 10:01:20.802,1.6273,1.6277,1.30,4.00
2007.09.21 10:01:20.882,1.6273,1.6277,2.90,4.00
2007.09.21 10:01:21.338,1.6274,1.6277,4.00,4.00
2007.09.21 10:01:21.446,1.6275,1.62775,4.00,4.80
2007.09.21 10:01:22.099,1.6275,1.6278,4.00,5.60
2007.09.21 10:01:22.282,1.6275,1.6278,4.00,4.00
2007.09.21 10:01:24.464,1.6275,1.6278,4.60,4.00
2007.09.21 10:01:26.267,1.6275,1.6279,12.10,5.60
2007.09.21 10:01:26.375,1.6275,1.6281,12.90,1.60
2007.09.21 10:01:26.509,1.6277,1.62805,1.30,4.80
2007.09.21 10:01:27.135,1.6277,1.6281,1.30,6.40
2007.09.21 10:01:27.226,1.6278,1.6281,0.60,4.80
2007.09.21 10:01:27.478,1.6278,1.6282,0.60,17.70
2007.09.21 10:01:27.744,1.6278,1.6282,1.30,13.70
2007.09.21 10:01:27.852,1.6278,1.6282,1.30,4.80
2007.09.21 10:01:28.308,1.6278,1.6284,1.30,22.50
2007.09.21 10:01:28.324,1.6276,1.6283,12.90,4.80
2007.09.21 10:01:28.716,1.6276,1.6279,13.50,4.00
2007.09.21 10:01:28.752,1.6278,1.6279,0.60,4.00
2007.09.21 10:01:29.070,1.62775,1.6279,4.80,4.00
2007.09.21 10:01:29.233,1.62775,1.6281,4.80,1.60
2007.09.21 10:01:29.365,1.62775,1.62825,4.80,4.80
2007.09.21 10:01:29.386,1.6277,1.6283,2.20,20.00
2007.09.21 10:01:29.919,1.62775,1.6283,0.60,20.00
2007.09.21 10:01:30.189,1.62775,1.6279,0.60,4.00
2007.09.21 10:01:30.263,1.62775,1.6281,0.60,9.60
2007.09.21 10:01:30.290,1.62775,1.6279,0.60,4.00
2007.09.21 10:01:30.652,1.6276,1.6279,6.90,4.00
2007.09.21 10:01:30.726,1.6277,1.628,0.60,8.10
2007.09.21 10:01:30.841,1.6277,1.628,0.60,7.30
2007.09.21 10:01:30.939,1.6277,1.6283,0.60,18.40
2007.09.21 10:01:31.238,1.62775,1.6282,0.60,4.80
2007.09.21 10:01:33.215,1.62775,1.6279,0.60,4.00
2007.09.21 10:01:33.522,1.6276,1.6279,9.40,4.00
2007.09.21 10:01:33.635,1.6278,1.628,4.00,5.60
2007.09.21 10:01:33.734,1.6278,1.628,6.50,5.60
2007.09.21 10:01:33.763,1.6278,1.628,11.30,0.80
2007.09.21 10:01:33.828,1.6278,1.6283,13.50,13.60
2007.09.21 10:01:34.070,1.62785,1.6283,0.60,13.60
2007.09.21 10:01:35.183,1.62785,1.6283,0.60,15.20
2007.09.21 10:01:35.933,1.62785,1.6283,0.60,13.60
2007.09.21 10:01:37.712,1.62785,1.6281,0.60,4.00
2007.09.21 10:01:38.081,1.6278,1.6281,8.10,4.00
2007.09.21 10:01:38.285,1.6278,1.6281,5.60,4.00
2007.09.21 10:01:40.681,1.6278,1.6281,1.60,4.00
2007.09.21 10:01:40.797,1.62775,1.6281,0.60,4.80
2007.09.21 10:01:41.094,1.62775,1.6281,0.60,14.40
2007.09.21 10:01:41.203,1.62775,1.6281,0.60,18.40
2007.09.21 10:01:41.258,1.6277,1.62805,1.30,4.80
2007.09.21 10:01:41.420,1.6277,1.62805,0.60,4.80
2007.09.21 10:01:41.460,1.6277,1.628,0.60,4.80
2007.09.21 10:01:41.578,1.6276,1.628,1.30,4.80
2007.09.21 10:01:41.729,1.6276,1.628,1.30,8.80
2007.09.21 10:01:42.780,1.6277,1.628,0.60,8.80
2007.09.21 10:01:43.949,1.6277,1.6282,0.60,20.00
2007.09.21 10:01:44.007,1.6278,1.6282,0.60,6.40
2007.09.21 10:01:44.048,1.6278,1.62805,0.60,4.80
2007.09.21 10:01:44.065,1.6278,1.62815,1.30,4.80
2007.09.21 10:01:47.842,1.6278,1.62815,2.90,4.80
2007.09.21 10:01:48.805,1.6278,1.62815,1.30,4.80
2007.09.21 10:01:49.945,1.6278,1.62815,2.90,4.80
2007.09.21 10:01:53.976,1.6278,1.6282,2.90,11.20
2007.09.21 10:01:56.070,1.6278,1.6282,2.90,0.60
2007.09.21 10:01:56.762,1.6278,1.6283,2.90,17.70
2007.09.21 10:01:56.858,1.6278,1.6283,2.90,20.90
2007.09.21 10:01:56.973,1.6278,1.6282,2.90,11.20
2007.09.21 10:01:59.146,1.6279,1.6282,4.00,11.20
2007.09.21 10:01:59.240,1.6279,1.6282,4.60,11.20
2007.09.21 10:01:59.463,1.6279,1.6282,5.10,0.70
2007.09.21 10:02:00.838,1.6279,1.6282,5.10,0.90
2007.09.21 10:02:01.471,1.6279,1.6283,5.10,21.70
2007.09.21 10:02:02.386,1.6279,1.62825,5.10,10.40
2007.09.21 10:02:11.694,1.6279,1.6283,5.10,21.70
2007.09.21 10:02:20.248,1.6279,1.6283,1.10,21.70
2007.09.21 10:02:20.360,1.6279,1.6283,0.50,21.70
2007.09.21 10:02:20.454,1.6279,1.6283,0.50,22.40
2007.09.21 10:02:20.620,1.6278,1.6281,1.10,0.90
2007.09.21 10:02:20.874,1.6279,1.6284,0.60,20.00
2007.09.21 10:02:20.965,1.6277,1.6284,12.10,20.00
2007.09.21 10:02:21.801,1.6277,1.6282,16.90,0.50
2007.09.21 10:02:21.953,1.6277,1.6285,16.90,23.20
2007.09.21 10:02:31.198,1.6277,1.6282,16.90,0.90
2007.09.21 10:02:32.237,1.6277,1.6283,12.90,20.00
2007.09.21 10:02:32.699,1.6277,1.6283,8.10,20.00
2007.09.21 10:02:32.775,1.6277,1.6283,2.20,24.00
2007.09.21 10:02:32.968,1.62775,1.6283,0.50,24.80
2007.09.21 10:02:37.595,1.62775,1.6282,0.50,6.40
2007.09.21 10:02:40.634,1.6277,1.6282,1.10,11.20
2007.09.21 10:02:41.442,1.6277,1.6282,1.10,6.40
2007.09.21 10:02:46.338,1.6278,1.6281,0.60,8.00
2007.09.21 10:02:46.430,1.6278,1.628,0.10,0.80
2007.09.21 10:02:46.443,1.62765,1.6279,0.90,0.90
2007.09.21 10:02:46.891,1.6275,1.62795,11.00,7.30
2007.09.21 10:02:46.966,1.6275,1.62795,11.00,8.90
2007.09.21 10:02:47.478,1.6275,1.628,11.00,13.70
2007.09.21 10:02:48.320,1.6275,1.628,0.60,20.90
2007.09.21 10:02:48.419,1.6275,1.6279,0.60,13.70
2007.09.21 10:02:48.648,1.6275,1.6278,0.60,0.70
2007.09.21 10:02:48.931,1.6274,1.62785,10.20,8.90
2007.09.21 10:02:49.456,1.6275,1.6278,0.60,0.60
2007.09.21 10:02:51.940,1.6275,1.62785,0.60,4.80
2007.09.21 10:03:01.506,1.6274,1.6278,10.20,4.80
2007.09.21 10:03:01.801,1.6274,1.62785,10.20,4.80
2007.09.21 10:03:07.682,1.6275,1.6279,0.60,11.20
2007.09.21 10:03:08.371,1.6276,1.6279,4.00,11.20
2007.09.21 10:03:08.439,1.6276,1.6279,4.30,10.40
2007.09.21 10:03:08.767,1.6276,1.6279,4.50,10.40
2007.09.21 10:03:25.138,1.6276,1.62785,4.20,0.50
2007.09.21 10:03:25.344,1.6276,1.62785,4.50,0.60
2007.09.21 10:03:36.733,1.6276,1.62785,4.30,4.80
2007.09.21 10:03:36.752,1.6276,1.62785,4.00,4.80
2007.09.21 10:03:42.040,1.6275,1.62785,1.90,4.80
2007.09.21 10:03:42.138,1.6275,1.62785,0.20,4.80
2007.09.21 10:03:42.540,1.6274,1.62785,9.90,4.80
2007.09.21 10:03:46.729,1.6274,1.62785,8.30,4.80
2007.09.21 10:03:47.413,1.6274,1.62785,8.10,4.80
2007.09.21 10:03:47.920,1.6274,1.62785,8.00,4.80
2007.09.21 10:03:49.194,1.6274,1.62785,9.60,4.80
2007.09.21 10:03:49.834,1.6274,1.6278,5.60,8.00
2007.09.21 10:03:49.928,1.6274,1.6278,4.00,8.80
2007.09.21 10:03:50.031,1.6274,1.62785,4.00,4.80
2007.09.21 10:03:50.232,1.6274,1.6281,4.00,5.60
2007.09.21 10:03:50.459,1.62735,1.6281,4.80,5.60
2007.09.21 10:03:50.514,1.6273,1.6281,15.20,5.60
2007.09.21 10:03:50.565,1.6273,1.6281,15.20,4.00
2007.09.21 10:03:51.002,1.6274,1.6281,4.80,4.00
2007.09.21 10:03:51.066,1.6274,1.6281,4.80,5.60
2007.09.21 10:03:51.811,1.6274,1.62785,4.80,0.50
2007.09.21 10:03:52.902,1.6274,1.6276,4.80,4.00
2007.09.21 10:03:53.006,1.6274,1.6276,4.80,4.40
2007.09.21 10:03:53.327,1.6273,1.62755,5.60,0.50
2007.09.21 10:03:54.062,1.62735,1.62755,4.80,0.50
2007.09.21 10:03:54.143,1.62735,1.6278,4.80,0.50
2007.09.21 10:03:54.327,1.62735,1.62775,4.80,0.50
2007.09.21 10:03:54.566,1.6273,1.62775,10.40,0.50
2007.09.21 10:03:56.450,1.6276,1.62775,4.00,0.50
2007.09.21 10:03:56.664,1.6276,1.62795,4.00,5.10
2007.09.21 10:03:56.962,1.6276,1.62795,5.60,5.10
2007.09.21 10:03:57.294,1.6276,1.62795,5.60,0.40
2007.09.21 10:03:57.588,1.6276,1.62795,6.40,0.40
2007.09.21 10:03:57.860,1.6275,1.62795,20.90,0.40
2007.09.21 10:03:57.904,1.6276,1.62805,1.10,0.40
2007.09.21 10:03:59.447,1.6276,1.62805,3.20,0.40
2007.09.21 10:04:01.524,1.6275,1.628,20.90,1.60
2007.09.21 10:04:06.097,1.6276,1.62805,6.00,0.40
2007.09.21 10:04:07.035,1.6276,1.62805,3.30,0.40
2007.09.21 10:04:07.139,1.6274,1.62805,0.60,0.40
2007.09.21 10:04:07.259,1.6274,1.6283,6.40,19.90
2007.09.21 10:04:09.104,1.6274,1.6283,6.40,18.30
2007.09.21 10:04:09.525,1.6275,1.6283,1.50,19.90
2007.09.21 10:04:11.996,1.6277,1.6283,12.00,6.20
2007.09.21 10:04:12.106,1.6278,1.6282,3.40,0.40
2007.09.21 10:04:12.306,1.62775,1.6282,12.80,0.60
2007.09.21 10:04:12.413,1.6278,1.6282,0.50,0.60
2007.09.21 10:04:24.522,1.6277,1.6282,18.40,5.40
2007.09.21 10:04:24.944,1.6278,1.6282,2.80,7.00
2007.09.21 10:04:29.125,1.6277,1.6282,18.40,7.00
2007.09.21 10:04:29.835,1.6278,1.6282,12.10,7.00
2007.09.21 10:04:30.042,1.628,1.6282,8.00,7.00
2007.09.21 10:04:30.140,1.628,1.6282,8.00,5.10
2007.09.21 10:04:30.354,1.628,1.6282,10.50,5.10
2007.09.21 10:04:30.447,1.628,1.6284,10.50,0.40
2007.09.21 10:04:30.505,1.628,1.6283,10.50,0.40
2007.09.21 10:04:30.514,1.628,1.6284,10.50,0.60
2007.09.21 10:04:34.210,1.628,1.6284,12.10,0.60
2007.09.21 10:04:34.482,1.628,1.6284,16.90,0.60
2007.09.21 10:04:42.045,1.6278,1.6283,10.50,13.60
2007.09.21 10:04:42.156,1.6278,1.6281,6.50,4.00
2007.09.21 10:04:42.249,1.6278,1.6281,8.10,4.00
2007.09.21 10:04:43.098,1.6278,1.62815,12.90,0.40
2007.09.21 10:04:43.200,1.6279,1.62815,1.60,0.40
2007.09.21 10:04:43.505,1.6279,1.6282,1.60,0.70
2007.09.21 10:04:44.141,1.62785,1.6282,4.80,0.70
2007.09.21 10:04:44.283,1.6278,1.6282,17.70,0.70
2007.09.21 10:04:44.552,1.6278,1.6281,13.70,4.00
2007.09.21 10:04:44.765,1.6278,1.6281,8.10,4.00
2007.09.21 10:04:44.966,1.6278,1.6281,4.10,4.00
2007.09.21 10:04:45.060,1.6278,1.6281,1.60,4.00
2007.09.21 10:04:45.179,1.6277,1.6281,5.60,4.30
2007.09.21 10:04:45.276,1.6277,1.6281,4.80,4.30
2007.09.21 10:04:45.426,1.62765,1.62805,4.80,0.40
2007.09.21 10:04:45.715,1.6275,1.628,12.90,4.80
2007.09.21 10:04:45.993,1.6275,1.628,12.90,5.10
2007.09.21 10:04:46.315,1.6275,1.628,12.90,18.80
2007.09.21 10:04:46.438,1.6275,1.628,10.40,22.40
2007.09.21 10:04:46.490,1.6275,1.6278,10.40,0.40
2007.09.21 10:04:46.546,1.6275,1.6278,8.80,0.40
2007.09.21 10:04:46.634,1.6275,1.6278,4.80,0.40
2007.09.21 10:04:46.751,1.6273,1.6278,4.00,0.40
2007.09.21 10:04:47.137,1.6274,1.6278,4.80,0.70
2007.09.21 10:04:47.230,1.62735,1.62775,4.80,0.40
2007.09.21 10:04:47.679,1.6273,1.62775,8.80,0.40
2007.09.21 10:04:48.496,1.6273,1.62775,4.80,0.40
2007.09.21 10:04:48.600,1.6273,1.6277,4.80,4.80
2007.09.21 10:04:48.723,1.6273,1.6276,4.80,4.30
2007.09.21 10:04:48.852,1.6272,1.62755,6.50,0.40
2007.09.21 10:04:49.209,1.6273,1.62755,1.60,0.40
2007.09.21 10:04:49.353,1.6273,1.62765,1.60,0.40
2007.09.21 10:04:49.533,1.6273,1.62765,11.20,0.40
2007.09.21 10:04:49.631,1.6276,1.62765,8.00,0.40
2007.09.21 10:04:49.736,1.6276,1.62765,10.40,0.40
2007.09.21 10:04:49.935,1.6276,1.628,15.20,4.50
2007.09.21 10:04:50.047,1.6277,1.628,8.00,0.60
2007.09.21 10:04:50.164,1.6277,1.628,10.50,0.30
2007.09.21 10:04:50.258,1.6277,1.628,11.30,0.30
2007.09.21 10:04:50.334,1.62775,1.62825,4.80,4.80
2007.09.21 10:04:50.374,1.62775,1.628,4.80,0.30
2007.09.21 10:04:50.464,1.62775,1.62825,4.80,4.80
2007.09.21 10:04:51.323,1.62775,1.6282,4.80,0.30
2007.09.21 10:04:51.726,1.62775,1.62825,4.80,4.80
2007.09.21 10:04:51.784,1.62765,1.62815,4.80,5.00
2007.09.21 10:04:51.812,1.62765,1.6284,4.80,18.80
2007.09.21 10:04:51.929,1.62765,1.62815,4.80,5.00
2007.09.21 10:04:52.022,1.62765,1.6281,4.80,0.30
2007.09.21 10:04:52.056,1.6277,1.6281,4.80,0.30
2007.09.21 10:04:52.348,1.62765,1.6281,4.80,0.30
2007.09.21 10:04:52.545,1.6278,1.6281,4.00,0.30
2007.09.21 10:04:52.638,1.6279,1.6284,4.80,9.10
2007.09.21 10:04:52.747,1.6279,1.6281,4.80,0.30
2007.09.21 10:04:52.931,1.6279,1.6282,4.80,4.80
2007.09.21 10:04:53.054,1.6279,1.6282,4.80,14.40
2007.09.21 10:04:53.190,1.6277,1.628,4.80,10.50
2007.09.21 10:04:53.230,1.6276,1.628,1.60,10.50
2007.09.21 10:04:53.588,1.6276,1.628,2.40,6.50
2007.09.21 10:04:53.682,1.6277,1.628,5.60,6.50
2007.09.21 10:04:53.788,1.6277,1.628,5.60,6.70
2007.09.21 10:04:54.183,1.6277,1.628,5.60,7.00
2007.09.21 10:04:55.188,1.6277,1.6281,5.60,21.40
2007.09.21 10:04:59.277,1.6277,1.628,5.60,4.50
2007.09.21 10:04:59.693,1.6277,1.628,4.00,4.50
2007.09.21 10:05:00.710,1.6277,1.628,4.00,6.10
2007.09.21 10:05:03.524,1.6277,1.628,6.50,6.10
2007.09.21 10:05:03.734,1.6277,1.628,6.50,4.50
2007.09.21 10:05:04.042,1.6277,1.628,6.50,0.60
2007.09.21 10:05:04.140,1.6277,1.628,10.50,0.30
2007.09.21 10:05:04.258,1.6277,1.628,11.30,0.30
2007.09.21 10:05:04.305,1.62775,1.6282,4.80,0.60
2007.09.21 10:05:05.596,1.6279,1.6282,8.00,0.60
2007.09.21 10:05:05.714,1.6279,1.6282,8.80,1.80
2007.09.21 10:05:05.867,1.6279,1.6282,8.80,1.60
2007.09.21 10:05:06.196,1.6279,1.6282,11.30,1.60
2007.09.21 10:05:06.517,1.6279,1.6282,7.30,11.20
2007.09.21 10:05:06.628,1.6279,1.628,0.80,4.20
2007.09.21 10:05:06.657,1.6279,1.62795,0.80,0.30
2007.09.21 10:05:06.724,1.6276,1.62795,1.60,0.30
2007.09.21 10:05:07.039,1.6277,1.62795,4.00,0.30
2007.09.21 10:05:07.456,1.6277,1.628,4.00,4.50
2007.09.21 10:05:07.681,1.6277,1.628,4.00,6.10
2007.09.21 10:05:08.593,1.6276,1.628,7.20,6.10
2007.09.21 10:05:08.711,1.6276,1.628,4.80,4.50
2007.09.21 10:05:08.829,1.6275,1.62795,17.70,0.30
2007.09.21 10:05:10.052,1.6277,1.62795,4.00,0.30
2007.09.21 10:05:10.491,1.6277,1.628,4.00,4.50
2007.09.21 10:05:13.671,1.6277,1.628,6.50,4.50
2007.09.21 10:05:14.491,1.6277,1.628,6.50,0.60
2007.09.21 10:05:14.607,1.6277,1.628,10.50,0.60
2007.09.21 10:05:14.663,1.62775,1.628,4.80,0.60
2007.09.21 10:05:14.813,1.62775,1.6282,4.80,0.30
2007.09.21 10:05:15.137,1.62775,1.6282,4.80,0.60
2007.09.21 10:05:17.105,1.62775,1.628,4.80,4.00
2007.09.21 10:05:17.199,1.62775,1.628,4.80,4.20
2007.09.21 10:05:17.228,1.6277,1.628,7.30,4.50
2007.09.21 10:05:17.327,1.6277,1.628,6.50,4.50
2007.09.21 10:05:17.627,1.6277,1.628,4.00,4.50
2007.09.21 10:05:22.611,1.6276,1.628,7.20,4.50
2007.09.21 10:05:22.713,1.6276,1.628,7.20,6.10
2007.09.21 10:05:22.804,1.6276,1.628,6.40,6.10
2007.09.21 10:05:22.951,1.6276,1.62795,6.40,0.30
2007.09.21 10:05:23.578,1.6276,1.62795,1.60,0.30
2007.09.21 10:05:24.577,1.6275,1.62795,17.70,0.30
2007.09.21 10:05:35.252,1.6275,1.62795,15.20,0.30
2007.09.21 10:05:37.534,1.6275,1.62795,15.20,0.30
2007.09.21 10:05:37.639,1.6275,1.628,24.80,5.30
2007.09.21 10:05:38.043,1.62765,1.62815,4.80,5.40
2007.09.21 10:05:53.833,1.62765,1.62815,4.80,5.10
2007.09.21 10:05:54.551,1.62765,1.62815,4.80,5.40
2007.09.21 10:06:04.857,1.6275,1.6281,20.00,0.60
2007.09.21 10:06:12.192,1.6275,1.6281,10.40,0.60
2007.09.21 10:06:12.293,1.6275,1.628,10.40,4.00
2007.09.21 10:06:12.406,1.6275,1.628,10.40,4.20
2007.09.21 10:06:12.801,1.62755,1.62795,4.80,0.30
2007.09.21 10:06:13.402,1.6275,1.62795,6.40,0.30
2007.09.21 10:06:13.718,1.6275,1.62795,14.40,0.30
2007.09.21 10:06:13.817,1.6275,1.62795,15.20,0.30
2007.09.21 10:06:13.920,1.62755,1.62795,4.80,0.30
2007.09.21 10:06:14.982,1.6275,1.62795,4.80,0.30
2007.09.21 10:06:15.301,1.6275,1.6279,6.40,5.60
2007.09.21 10:06:15.396,1.6275,1.6278,4.80,0.30
2007.09.21 10:06:15.840,1.6275,1.6279,6.40,6.60
2007.09.21 10:06:15.911,1.6275,1.6279,6.40,4.10
2007.09.21 10:06:16.057,1.6275,1.6278,6.40,0.30
2007.09.21 10:06:16.221,1.6277,1.6278,4.00,0.30
2007.09.21 10:06:16.340,1.6277,1.6278,8.00,0.30
2007.09.21 10:06:16.426,1.6277,1.628,10.40,8.80
2007.09.21 10:06:16.447,1.6277,1.628,15.20,4.00
2007.09.21 10:06:16.798,1.6279,1.6281,4.00,0.10
2007.09.21 10:06:16.835,1.6279,1.6284,6.40,13.00
2007.09.21 10:06:16.874,1.6279,1.62825,6.40,4.80
2007.09.21 10:06:17.245,1.6279,1.6284,11.20,13.80
2007.09.21 10:06:17.280,1.6279,1.6284,5.60,9.80
2007.09.21 10:06:17.368,1.6279,1.6284,4.80,7.40
2007.09.21 10:06:17.457,1.6279,1.6284,4.80,4.90
2007.09.21 10:06:17.588,1.62795,1.6284,4.80,0.10
2007.09.21 10:06:17.674,1.628,1.6284,4.00,0.10
2007.09.21 10:06:17.873,1.628,1.6284,4.00,1.70
2007.09.21 10:06:18.199,1.628,1.6284,6.50,0.10
2007.09.21 10:06:18.708,1.628,1.6284,4.00,0.10
2007.09.21 10:06:18.772,1.628,1.6284,8.80,0.10
2007.09.21 10:06:23.812,1.628,1.6284,8.80,0.10
2007.09.21 10:06:24.748,1.628,1.6286,8.80,21.00
2007.09.21 10:06:24.850,1.628,1.6285,12.10,0.90
2007.09.21 10:06:25.886,1.628,1.6285,13.70,0.80
2007.09.21 10:06:26.285,1.628,1.6285,12.10,0.50
2007.09.21 10:06:26.944,1.628,1.6285,13.70,0.90
2007.09.21 10:06:27.212,1.628,1.6286,12.10,21.80
2007.09.21 10:06:27.347,1.628,1.6286,11.30,21.00
2007.09.21 10:06:27.633,1.628,1.6285,8.80,0.70
2007.09.21 10:06:28.255,1.628,1.6285,8.80,17.80
2007.09.21 10:06:30.246,1.628,1.6284,12.80,0.90
2007.09.21 10:06:30.338,1.628,1.6285,12.80,0.70
2007.09.21 10:06:38.187,1.628,1.6285,8.00,13.80
2007.09.21 10:06:39.770,1.6281,1.6285,8.00,9.70
2007.09.21 10:06:39.862,1.6281,1.6285,10.40,6.40
2007.09.21 10:06:40.194,1.6281,1.6285,8.80,6.40
2007.09.21 10:06:40.375,1.6281,1.62855,8.80,6.40
2007.09.21 10:06:41.327,1.6281,1.6285,8.80,0.50
2007.09.21 10:06:44.333,1.6281,1.6285,8.80,0.60
2007.09.21 10:06:44.769,1.6281,1.62855,4.80,6.40
2007.09.21 10:06:44.831,1.62805,1.6285,4.80,0.90
2007.09.21 10:06:45.027,1.628,1.6286,4.80,17.80
2007.09.21 10:06:45.250,1.628,1.6285,4.80,0.90
2007.09.21 10:06:45.375,1.628,1.6285,4.80,17.80
2007.09.21 10:06:45.707,1.6279,1.6284,14.40,0.70
2007.09.21 10:06:46.197,1.6279,1.6284,4.80,0.90
2007.09.21 10:06:48.693,1.628,1.6284,4.00,0.90
2007.09.21 10:06:48.906,1.628,1.6284,4.00,0.60
2007.09.21 10:06:49.850,1.628,1.6285,8.00,13.80
2007.09.21 10:06:54.899,1.628,1.6284,8.00,1.60
2007.09.21 10:06:55.436,1.628,1.62845,8.00,4.80
2007.09.21 10:06:56.873,1.628,1.6284,8.00,1.60
2007.09.21 10:07:04.436,1.628,1.62845,8.00,4.80
2007.09.21 10:07:09.942,1.628,1.6284,8.00,1.60
2007.09.21 10:07:14.309,1.62795,1.6284,4.80,1.60
2007.09.21 10:07:14.416,1.62795,1.6284,4.80,1.70
2007.09.21 10:07:14.450,1.6279,1.6284,4.80,6.50
2007.09.21 10:07:18.458,1.62785,1.62835,4.80,4.80
2007.09.21 10:07:18.971,1.62785,1.6283,4.80,1.60
2007.09.21 10:07:19.314,1.62785,1.62835,4.80,4.80
2007.09.21 10:07:19.387,1.62785,1.6283,4.80,0.10
2007.09.21 10:07:19.810,1.6277,1.6282,15.30,4.80
2007.09.21 10:07:20.927,1.6279,1.6282,6.50,4.80
2007.09.21 10:07:21.358,1.6279,1.6283,6.50,6.40
2007.09.21 10:07:21.866,1.6279,1.6282,6.50,4.00
2007.09.21 10:07:22.371,1.6279,1.6283,6.50,6.40
2007.09.21 10:07:23.147,1.6279,1.6283,3.30,6.40
2007.09.21 10:07:23.368,1.6279,1.6283,1.00,6.40
2007.09.21 10:07:23.428,1.6277,1.6283,15.30,6.50
2007.09.21 10:07:23.816,1.6276,1.6282,17.70,4.80
2007.09.21 10:07:23.878,1.6276,1.6282,27.30,4.80
2007.09.21 10:07:23.935,1.6278,1.6282,0.80,6.40
2007.09.21 10:07:24.356,1.6276,1.6282,20.90,10.40
2007.09.21 10:07:24.834,1.62775,1.6282,0.90,5.60
2007.09.21 10:07:25.020,1.6276,1.6282,20.90,10.40
2007.09.21 10:07:25.203,1.6279,1.6282,0.80,6.40
2007.09.21 10:07:25.299,1.6278,1.6282,8.00,4.80
2007.09.21 10:07:25.698,1.6279,1.6283,1.70,6.40
2007.09.21 10:07:26.262,1.6277,1.6283,28.00,6.40
2007.09.21 10:07:26.326,1.62785,1.6283,2.30,1.60
2007.09.21 10:07:26.362,1.6278,1.6283,7.20,2.40
2007.09.21 10:07:26.734,1.6277,1.6283,28.00,7.20
2007.09.21 10:07:28.914,1.6277,1.6283,28.90,7.20
2007.09.21 10:07:29.775,1.62775,1.62825,5.60,4.80
2007.09.21 10:07:30.690,1.62775,1.6282,5.60,4.00
2007.09.21 10:07:30.775,1.62775,1.6282,1.40,4.10
2007.09.21 10:07:31.001,1.6277,1.6282,13.70,5.70
2007.09.21 10:07:31.104,1.6277,1.6282,5.40,10.50
2007.09.21 10:07:31.179,1.6277,1.6282,2.20,8.90
2007.09.21 10:07:32.221,1.6277,1.6282,5.10,10.50
2007.09.21 10:07:33.268,1.6277,1.6282,2.00,8.90
2007.09.21 10:07:34.748,1.6277,1.6282,3.40,4.90
2007.09.21 10:07:34.830,1.6278,1.6282,0.80,4.90
2007.09.21 10:07:35.317,1.6278,1.6282,0.80,0.10
2007.09.21 10:07:37.224,1.6278,1.6282,1.30,0.10
2007.09.21 10:07:37.344,1.6278,1.62825,14.40,4.80
2007.09.21 10:07:37.605,1.6279,1.6283,2.40,6.40
2007.09.21 10:07:37.848,1.6278,1.6283,19.20,4.80
2007.09.21 10:07:38.274,1.6278,1.6283,5.20,4.80
2007.09.21 10:07:38.768,1.6279,1.6283,8.00,4.80
2007.09.21 10:07:38.886,1.6277,1.6283,14.40,4.80
2007.09.21 10:07:38.985,1.6277,1.6283,14.40,4.90
2007.09.21 10:07:39.275,1.6276,1.6282,21.70,4.80
2007.09.21 10:07:43.248,1.6276,1.6282,21.70,4.80
2007.09.21 10:07:43.344,1.6277,1.6282,1.30,4.80
2007.09.21 10:07:43.515,1.6275,1.6283,28.90,0.90
2007.09.21 10:07:43.764,1.6277,1.6283,4.00,0.90
2007.09.21 10:07:43.849,1.6277,1.6283,3.80,0.10
2007.09.21 10:07:44.087,1.6277,1.62815,1.50,4.80
2007.09.21 10:07:44.753,1.6276,1.6282,20.10,4.80
2007.09.21 10:07:44.799,1.6277,1.6282,2.80,4.80
2007.09.21 10:07:45.494,1.6276,1.62815,12.10,4.80
2007.09.21 10:07:45.815,1.6276,1.6281,11.30,0.10
2007.09.21 10:07:45.930,1.6272,1.62815,21.70,4.80
2007.09.21 10:07:46.673,1.6273,1.6282,6.40,4.00
2007.09.21 10:07:46.826,1.6273,1.6282,6.40,4.00
2007.09.21 10:07:46.845,1.6273,1.6281,6.40,17.60
2007.09.21 10:07:47.180,1.62735,1.62785,1.00,4.80
2007.09.21 10:07:47.379,1.6275,1.62785,8.00,4.80
2007.09.21 10:07:47.474,1.6276,1.6281,1.20,8.10
2007.09.21 10:07:47.651,1.6276,1.628,0.90,4.80
2007.09.21 10:07:47.929,1.6275,1.628,16.90,4.80
2007.09.21 10:07:47.999,1.6275,1.628,16.90,4.80
2007.09.21 10:07:48.202,1.62755,1.62805,12.90,4.80
2007.09.21 10:07:48.815,1.6276,1.6281,2.50,4.90
2007.09.21 10:07:49.261,1.6276,1.6281,17.70,4.80
2007.09.21 10:07:49.356,1.6277,1.6281,3.70,4.80
2007.09.21 10:07:49.444,1.6276,1.6282,21.70,4.90
2007.09.21 10:07:53.698,1.6277,1.628,12.80,4.00
2007.09.21 10:07:57.759,1.6277,1.6281,12.80,0.10
2007.09.21 10:07:57.840,1.6277,1.6282,12.80,4.80
2007.09.21 10:07:58.371,1.6279,1.6282,4.00,4.80
2007.09.21 10:07:58.467,1.6279,1.6284,4.00,9.00
2007.09.21 10:07:58.729,1.6279,1.62825,4.00,4.80
2007.09.21 10:08:04.771,1.6279,1.6283,4.00,4.80
2007.09.21 10:08:04.783,1.628,1.6283,4.00,4.80
2007.09.21 10:08:05.003,1.628,1.6285,4.00,13.00
2007.09.21 10:08:05.417,1.6284,1.6285,4.00,9.00
2007.09.21 10:08:05.520,1.6284,1.6287,4.00,12.10
2007.09.21 10:08:05.933,1.628,1.6286,4.00,0.10
2007.09.21 10:08:06.048,1.628,1.6286,5.60,0.10
2007.09.21 10:08:06.370,1.62805,1.62855,4.80,4.80
2007.09.21 10:08:06.711,1.628,1.6285,10.40,4.80
2007.09.21 10:08:07.274,1.628,1.6285,8.80,4.80
2007.09.21 10:08:08.427,1.6284,1.6287,4.00,8.10
2007.09.21 10:08:08.731,1.6284,1.62865,4.00,4.80
2007.09.21 10:08:08.849,1.6282,1.62865,6.40,4.80
2007.09.21 10:08:09.051,1.6282,1.62865,4.00,4.80
2007.09.21 10:08:09.068,1.6282,1.6286,4.00,4.80
2007.09.21 10:08:11.415,1.6282,1.6286,5.60,4.80
2007.09.21 10:08:12.979,1.6282,1.6286,4.00,4.80
2007.09.21 10:08:13.925,1.6282,1.6285,4.00,4.00
2007.09.21 10:08:14.255,1.6282,1.6285,4.00,8.80
2007.09.21 10:08:19.325,1.6282,1.6285,4.00,14.50
2007.09.21 10:08:19.525,1.6281,1.6284,4.00,4.00
2007.09.21 10:08:20.355,1.6281,1.6284,4.00,7.30
2007.09.21 10:08:20.589,1.6281,1.6284,4.00,12.10
2007.09.21 10:08:21.279,1.6281,1.6284,4.00,11.30
2007.09.21 10:08:21.835,1.6279,1.6282,11.20,4.00
2007.09.21 10:08:21.996,1.6279,1.6284,10.40,13.70
2007.09.21 10:08:22.121,1.6279,1.6284,11.20,12.90
2007.09.21 10:08:22.154,1.62795,1.6284,4.80,8.10
2007.09.21 10:08:22.229,1.628,1.6284,1.60,8.10
2007.09.21 10:08:22.316,1.6281,1.6284,4.00,0.10
2007.09.21 10:08:22.416,1.6281,1.6284,4.00,6.60
2007.09.21 10:08:22.433,1.6281,1.62825,4.00,4.80
2007.09.21 10:08:22.784,1.6281,1.62835,4.00,4.80
2007.09.21 10:08:23.544,1.6281,1.6284,4.00,2.50
2007.09.21 10:08:26.053,1.6281,1.6284,5.60,2.50
2007.09.21 10:08:26.642,1.6281,1.6285,5.60,11.30
2007.09.21 10:08:27.102,1.6281,1.6285,4.00,11.30
2007.09.21 10:08:27.933,1.6281,1.6284,5.60,0.80
2007.09.21 10:08:28.338,1.6281,1.6285,4.00,11.30
2007.09.21 10:08:28.545,1.6281,1.6284,4.00,0.80
2007.09.21 10:08:28.963,1.6281,1.6284,4.00,0.60
2007.09.21 10:08:33.529,1.6281,1.6286,5.60,17.80
2007.09.21 10:08:34.459,1.6281,1.6284,5.60,0.90
2007.09.21 10:08:34.558,1.6281,1.6285,4.00,21.80
2007.09.21 10:08:34.865,1.6281,1.6285,4.00,21.80
2007.09.21 10:08:35.506,1.6281,1.62845,4.00,0.60
2007.09.21 10:08:36.129,1.6281,1.6285,5.60,11.30
2007.09.21 10:08:36.263,1.6281,1.6285,5.60,0.70
2007.09.21 10:08:36.416,1.6282,1.6286,4.00,17.80
2007.09.21 10:08:36.943,1.6282,1.62855,4.00,11.30
2007.09.21 10:08:37.039,1.6281,1.62855,4.80,8.80
2007.09.21 10:08:37.146,1.6281,1.6286,5.60,15.30
2007.09.21 10:08:37.982,1.6282,1.6285,4.00,0.70
2007.09.21 10:08:38.077,1.6282,1.6286,5.60,15.30
2007.09.21 10:08:38.352,1.6282,1.6286,5.60,10.50
2007.09.21 10:08:38.520,1.6282,1.6286,5.60,8.00
2007.09.21 10:08:38.908,1.6282,1.6287,5.60,17.80
2007.09.21 10:08:39.125,1.6282,1.6287,6.40,11.30
2007.09.21 10:08:39.191,1.6282,1.6288,11.20,21.80
2007.09.21 10:08:39.947,1.6282,1.6288,11.20,21.80
2007.09.21 10:08:40.162,1.6282,1.6288,9.60,21.80
2007.09.21 10:08:41.902,1.6282,1.6288,11.20,21.80
2007.09.21 10:08:42.229,1.6282,1.6287,9.60,0.60
2007.09.21 10:08:43.287,1.6282,1.6288,5.60,21.80
2007.09.21 10:08:43.872,1.6282,1.6287,0.80,12.90
2007.09.21 10:08:44.308,1.62815,1.6287,4.80,13.70
2007.09.21 10:08:44.733,1.62815,1.62865,4.80,12.80
2007.09.21 10:08:44.826,1.62815,1.6286,4.80,0.70
2007.09.21 10:08:44.937,1.62815,1.62865,4.80,14.50
2007.09.21 10:08:45.144,1.62815,1.62865,4.80,12.90
2007.09.21 10:08:45.351,1.62815,1.62865,4.80,15.40
2007.09.21 10:08:45.480,1.6281,1.6286,11.20,0.70
2007.09.21 10:08:47.504,1.6281,1.6286,11.20,0.80
2007.09.21 10:08:47.928,1.6281,1.6284,11.20,0.60
2007.09.21 10:08:48.038,1.6281,1.6285,11.20,12.00
2007.09.21 10:08:48.171,1.6281,1.6285,10.40,12.10
2007.09.21 10:08:48.548,1.6281,1.6285,10.40,8.10
2007.09.21 10:08:48.583,1.6281,1.6284,5.60,0.70
2007.09.21 10:08:48.869,1.6282,1.62855,4.00,8.80
2007.09.21 10:08:48.973,1.6282,1.62855,5.60,8.80
2007.09.21 10:08:49.066,1.6282,1.62855,4.00,8.80
2007.09.21 10:08:49.698,1.62815,1.6286,4.80,20.00
2007.09.21 10:08:49.832,1.6281,1.6285,8.10,0.90
2007.09.21 10:08:50.009,1.6281,1.6287,8.10,24.10
2007.09.21 10:08:50.243,1.6281,1.6286,12.90,0.50
2007.09.21 10:08:50.287,1.6282,1.6286,4.00,14.40
2007.09.21 10:08:50.513,1.6282,1.6286,5.60,14.40
2007.09.21 10:08:50.816,1.6282,1.6285,8.90,0.60
2007.09.21 10:08:50.925,1.6282,1.6287,8.90,20.90
2007.09.21 10:08:51.040,1.6282,1.62865,8.90,6.40
2007.09.21 10:08:51.322,1.6282,1.62865,8.90,10.40
2007.09.21 10:08:51.454,1.6282,1.6287,13.70,24.90
2007.09.21 10:08:51.550,1.6282,1.6287,13.70,24.80
2007.09.21 10:08:51.655,1.6282,1.6287,12.10,24.80
2007.09.21 10:08:51.957,1.6282,1.6287,8.10,20.80
2007.09.21 10:08:51.976,1.6282,1.6286,3.30,0.50
2007.09.21 10:08:52.079,1.62815,1.62865,4.80,7.20
2007.09.21 10:08:52.240,1.6281,1.6286,7.30,7.20
2007.09.21 10:08:53.719,1.6281,1.6285,7.30,0.90
2007.09.21 10:08:53.862,1.6281,1.6285,6.50,0.60
2007.09.21 10:08:54.003,1.6281,1.6286,6.50,19.20
2007.09.21 10:08:54.356,1.6281,1.6285,4.00,0.50
2007.09.21 10:08:54.458,1.6281,1.6286,4.00,7.20
2007.09.21 10:08:54.676,1.6281,1.6287,4.00,0.90
2007.09.21 10:08:54.705,1.6281,1.6287,8.80,22.60
2007.09.21 10:08:58.508,1.6282,1.6286,4.00,4.80
2007.09.21 10:08:58.807,1.6282,1.6286,4.00,18.50
2007.09.21 10:08:58.914,1.6282,1.6286,4.00,24.10
2007.09.21 10:08:59.014,1.6279,1.6286,8.90,24.10
2007.09.21 10:08:59.166,1.62795,1.62845,4.80,4.80
2007.09.21 10:09:01.644,1.628,1.6285,4.80,4.80
2007.09.21 10:09:01.724,1.6281,1.6285,4.00,4.80
2007.09.21 10:09:02.033,1.6281,1.6287,4.00,17.80
2007.09.21 10:09:02.268,1.6281,1.6287,4.80,17.80
2007.09.21 10:09:02.459,1.6281,1.6287,7.30,15.30
2007.09.21 10:09:02.490,1.6281,1.62855,7.30,4.80
2007.09.21 10:09:02.826,1.6281,1.6286,12.10,8.80
2007.09.21 10:09:02.873,1.6281,1.6286,4.80,22.50
2007.09.21 10:09:02.958,1.6279,1.6286,8.90,24.10
2007.09.21 10:09:03.690,1.62795,1.62845,4.80,4.80
2007.09.21 10:09:11.021,1.6279,1.6284,4.80,4.80
2007.09.21 10:09:11.047,1.6279,1.6284,8.80,4.80
2007.09.21 10:09:11.235,1.6279,1.6284,4.80,4.80
2007.09.21 10:09:11.759,1.62785,1.62835,4.80,4.80
2007.09.21 10:09:12.071,1.6279,1.62835,4.00,4.80
2007.09.21 10:09:12.194,1.62785,1.62835,4.80,4.80
2007.09.21 10:09:13.164,1.6278,1.6283,8.80,4.80
2007.09.21 10:09:13.530,1.6278,1.6283,4.80,4.80
2007.09.21 10:09:13.893,1.6278,1.6283,9.60,4.80
2007.09.21 10:09:14.904,1.6278,1.6282,9.60,0.06
2007.09.21 10:09:15.022,1.6278,1.6282,4.80,9.70
2007.09.21 10:09:15.112,1.6278,1.6282,0.60,9.70
2007.09.21 10:09:15.134,1.6276,1.6282,4.00,11.30
2007.09.21 10:09:15.243,1.6275,1.6281,11.30,1.60
2007.09.21 10:09:15.318,1.6275,1.6279,10.50,9.60
2007.09.21 10:09:15.422,1.6275,1.6279,6.50,9.60
2007.09.21 10:09:15.553,1.6275,1.6279,2.50,9.60
2007.09.21 10:09:15.855,1.6275,1.628,2.50,4.00
2007.09.21 10:09:15.961,1.6274,1.628,4.00,6.50
2007.09.21 10:09:16.173,1.6274,1.628,4.00,8.10
2007.09.21 10:09:16.279,1.6274,1.628,4.00,4.10
2007.09.21 10:09:16.363,1.6274,1.628,7.30,1.60
2007.09.21 10:09:16.486,1.6274,1.6281,7.30,12.10
2007.09.21 10:09:16.789,1.6274,1.628,6.50,4.00
2007.09.21 10:09:17.064,1.6274,1.628,6.50,5.60
2007.09.21 10:09:17.354,1.6274,1.628,7.30,5.60
2007.09.21 10:09:17.481,1.6274,1.6281,7.30,12.10
2007.09.21 10:09:17.680,1.6275,1.6281,4.00,12.10
2007.09.21 10:09:17.788,1.6275,1.6281,4.00,2.40
2007.09.21 10:09:17.891,1.6275,1.6281,8.00,1.60
2007.09.21 10:09:17.973,1.6276,1.6281,4.80,6.40
2007.09.21 10:09:18.104,1.6276,1.628,4.80,4.00
2007.09.21 10:09:18.382,1.6275,1.6279,8.00,4.80
2007.09.21 10:09:18.606,1.6275,1.6281,8.00,1.60
2007.09.21 10:09:18.723,1.6275,1.6279,4.00,4.80
2007.09.21 10:09:18.832,1.62745,1.62795,4.80,4.80
2007.09.21 10:09:19.172,1.6274,1.6279,8.80,4.80
2007.09.21 10:09:19.325,1.62745,1.62795,4.80,4.80
2007.09.21 10:09:19.756,1.6275,1.628,4.80,12.90
2007.09.21 10:09:20.383,1.6275,1.628,4.80,11.30
2007.09.21 10:09:20.605,1.6274,1.6279,8.80,4.80
2007.09.21 10:09:21.213,1.6274,1.6279,8.80,6.40
2007.09.21 10:09:21.719,1.6274,1.6279,8.80,6.40
2007.09.21 10:09:21.841,1.6274,1.6279,8.80,16.10
2007.09.21 10:09:21.933,1.6274,1.6279,8.80,14.50
2007.09.21 10:09:22.563,1.6272,1.6279,12.90,14.50
2007.09.21 10:09:22.671,1.6272,1.6279,8.90,14.50
2007.09.21 10:09:22.698,1.6273,1.6278,4.80,4.80
2007.09.21 10:09:23.306,1.6273,1.6278,4.80,12.80
2007.09.21 10:09:23.386,1.6273,1.6278,4.80,25.00
2007.09.21 10:09:23.573,1.6271,1.6278,10.40,25.00
2007.09.21 10:09:23.936,1.6271,1.6278,10.40,20.20
2007.09.21 10:09:24.201,1.6271,1.6278,10.40,21.80
2007.09.21 10:09:24.745,1.6271,1.6277,6.40,4.00
2007.09.21 10:09:24.840,1.6271,1.6277,1.60,20.90
2007.09.21 10:09:24.936,1.627,1.6277,10.40,20.90
2007.09.21 10:09:24.956,1.62715,1.62765,4.80,4.80
2007.09.21 10:09:25.267,1.62715,1.6276,4.80,9.60
2007.09.21 10:09:25.436,1.62705,1.62755,4.80,4.80
2007.09.21 10:09:25.561,1.6272,1.62755,4.00,4.80
2007.09.21 10:09:25.653,1.6272,1.62755,8.80,4.80
2007.09.21 10:09:25.763,1.6272,1.62755,4.80,4.80
2007.09.21 10:09:25.864,1.6272,1.62755,4.00,4.80
2007.09.21 10:09:26.308,1.6272,1.6275,4.00,4.80
2007.09.21 10:09:26.455,1.6272,1.62755,4.00,4.80
2007.09.21 10:09:27.744,1.6272,1.6275,4.00,6.50
2007.09.21 10:09:27.939,1.6272,1.6275,4.00,8.10
2007.09.21 10:09:28.162,1.6271,1.6275,4.00,8.10
2007.09.21 10:09:28.202,1.6271,1.6275,4.00,12.90
2007.09.21 10:09:28.280,1.6271,1.6275,8.00,4.80
2007.09.21 10:09:28.824,1.6271,1.62755,8.00,4.80
2007.09.21 10:09:28.998,1.6271,1.6275,8.00,1.60
2007.09.21 10:09:29.287,1.6271,1.6275,4.00,9.60
2007.09.21 10:09:29.398,1.6271,1.6275,4.00,12.90
2007.09.21 10:09:29.590,1.6272,1.6275,4.00,12.90
2007.09.21 10:09:29.708,1.6272,1.6275,4.00,4.10
2007.09.21 10:09:29.856,1.6272,1.6274,4.00,4.80
2007.09.21 10:09:29.922,1.6272,1.6276,4.00,8.10
2007.09.21 10:09:30.216,1.6272,1.6274,4.00,4.80
2007.09.21 10:09:30.544,1.6271,1.6274,1.60,4.80
2007.09.21 10:09:30.645,1.6269,1.6274,7.30,4.80
2007.09.21 10:09:30.747,1.6269,1.6274,8.90,4.80
2007.09.21 10:09:30.813,1.62705,1.6275,4.80,12.90
2007.09.21 10:09:30.856,1.62705,1.6275,4.80,12.10
2007.09.21 10:09:30.978,1.62705,1.6275,4.80,9.60
2007.09.21 10:09:31.047,1.62705,1.62755,4.80,4.80
2007.09.21 10:09:31.176,1.62705,1.6275,4.80,1.60
2007.09.21 10:09:31.445,1.6271,1.6275,4.80,1.60
2007.09.21 10:09:31.683,1.6271,1.6275,8.80,1.60
2007.09.21 10:09:31.782,1.6271,1.6278,22.40,1.60
2007.09.21 10:09:32.012,1.6271,1.6276,17.60,2.50
2007.09.21 10:09:32.091,1.6271,1.6279,19.20,1.60
2007.09.21 10:09:32.721,1.6271,1.6279,15.20,4.00
2007.09.21 10:09:32.778,1.62715,1.6279,4.80,4.00
2007.09.21 10:09:32.840,1.62715,1.62765,4.80,4.80
2007.09.21 10:09:33.170,1.6272,1.62765,4.00,4.80
2007.09.21 10:09:33.179,1.6273,1.6278,4.80,11.30
2007.09.21 10:09:33.517,1.6272,1.6277,8.80,4.80
2007.09.21 10:09:33.666,1.6272,1.6279,8.80,2.40
2007.09.21 10:09:33.732,1.62725,1.62775,4.80,4.80
2007.09.21 10:09:33.763,1.62725,1.628,4.80,21.70
2007.09.21 10:09:33.903,1.62735,1.62785,4.80,4.80
2007.09.21 10:09:34.096,1.62735,1.6275,4.80,4.00
2007.09.21 10:09:34.572,1.6272,1.6275,4.00,4.00
2007.09.21 10:09:34.702,1.6272,1.6275,5.60,4.00
2007.09.21 10:09:34.806,1.6272,1.62755,5.60,4.80
2007.09.21 10:09:35.009,1.6272,1.62755,4.00,4.80
2007.09.21 10:09:35.120,1.6272,1.6275,4.00,10.50
2007.09.21 10:09:35.229,1.62705,1.6275,4.80,20.90
2007.09.21 10:09:35.418,1.62705,1.6275,4.80,16.90
2007.09.21 10:09:35.512,1.62705,1.6275,4.80,20.90
2007.09.21 10:09:35.562,1.627,1.62745,5.60,4.80
2007.09.21 10:09:36.052,1.6272,1.62745,4.00,4.80
2007.09.21 10:09:36.498,1.6272,1.6275,4.00,9.60
2007.09.21 10:09:36.971,1.6272,1.6275,4.00,11.20
2007.09.21 10:09:37.095,1.6275,1.62755,4.00,4.80
2007.09.21 10:09:37.165,1.6275,1.6276,4.00,5.60
2007.09.21 10:09:37.295,1.6275,1.6278,4.00,4.00
2007.09.21 10:09:37.585,1.6275,1.6278,4.00,6.50
2007.09.21 10:09:37.909,1.6276,1.6278,4.00,2.50
2007.09.21 10:09:38.134,1.6276,1.62785,4.00,4.80
2007.09.21 10:09:38.475,1.6276,1.62795,4.00,4.80
2007.09.21 10:09:38.639,1.6275,1.6278,6.40,4.00
2007.09.21 10:09:38.920,1.6275,1.6278,11.20,4.00
2007.09.21 10:09:39.290,1.6276,1.628,4.00,22.50
2007.09.21 10:09:39.575,1.6276,1.628,4.00,17.70
2007.09.21 10:09:39.989,1.6276,1.628,5.60,17.70
2007.09.21 10:09:40.292,1.6276,1.628,5.60,8.10
2007.09.21 10:09:40.504,1.6276,1.628,4.00,8.10
2007.09.21 10:09:40.782,1.62755,1.6278,4.80,4.00
2007.09.21 10:09:41.263,1.62755,1.6277,4.80,4.00
2007.09.21 10:09:41.615,1.62755,1.6278,4.80,13.60
2007.09.21 10:09:41.835,1.62755,1.6278,4.80,6.50
2007.09.21 10:09:41.885,1.6275,1.6278,4.00,6.50
2007.09.21 10:09:41.937,1.6275,1.6278,5.60,6.50
2007.09.21 10:09:42.166,1.6276,1.6278,4.00,2.50
2007.09.21 10:09:42.368,1.6276,1.6279,4.00,1.60
2007.09.21 10:09:42.557,1.6276,1.62795,4.00,4.80
2007.09.21 10:09:42.862,1.6275,1.6278,5.60,4.00
2007.09.21 10:09:43.105,1.62755,1.6278,4.80,4.00
2007.09.21 10:09:43.494,1.6275,1.6278,5.60,4.00
2007.09.21 10:09:44.747,1.6275,1.6278,1.60,6.50
2007.09.21 10:09:45.803,1.6274,1.6277,10.40,4.00
2007.09.21 10:09:46.218,1.6274,1.6277,8.80,4.00
2007.09.21 10:09:46.330,1.6274,1.6278,8.80,4.00
2007.09.21 10:09:46.423,1.6274,1.6279,4.80,14.40
2007.09.21 10:09:46.439,1.62735,1.62785,4.80,4.80
2007.09.21 10:09:46.834,1.62735,1.6278,4.80,4.00
2007.09.21 10:09:46.944,1.62735,1.6278,4.80,13.60
2007.09.21 10:09:47.078,1.6272,1.6278,12.90,13.60
2007.09.21 10:09:47.366,1.6273,1.6278,4.80,22.40
2007.09.21 10:09:47.758,1.6273,1.6277,4.80,4.00
2007.09.21 10:09:47.795,1.62725,1.6277,4.80,4.00
2007.09.21 10:09:47.871,1.62725,1.6277,4.80,17.60
2007.09.21 10:09:48.175,1.62725,1.6277,4.80,8.80
2007.09.21 10:09:48.287,1.62725,1.6277,4.80,6.40
2007.09.21 10:09:48.382,1.62725,1.6277,4.80,8.90
2007.09.21 10:09:48.815,1.62725,1.6276,4.80,4.80
2007.09.21 10:09:48.903,1.62725,1.6276,4.80,12.90
2007.09.21 10:09:49.001,1.6272,1.6276,8.80,12.90
2007.09.21 10:09:49.126,1.6272,1.6276,8.80,11.30
2007.09.21 10:09:49.231,1.6272,1.6276,4.80,10.50
2007.09.21 10:09:49.484,1.6271,1.62755,6.40,4.80
2007.09.21 10:09:49.847,1.6271,1.62755,7.30,4.80
2007.09.21 10:09:50.145,1.6271,1.62755,8.90,4.80
2007.09.21 10:09:50.278,1.6272,1.62755,8.00,4.80
2007.09.21 10:09:50.484,1.6272,1.6276,8.00,8.80
2007.09.21 10:09:50.702,1.6274,1.6276,4.00,4.80
2007.09.21 10:09:50.784,1.6273,1.6279,8.10,4.00
2007.09.21 10:09:50.881,1.6273,1.6279,6.50,4.00
2007.09.21 10:09:51.081,1.6273,1.6279,4.00,6.50
2007.09.21 10:09:51.303,1.6274,1.6279,4.00,2.50
2007.09.21 10:09:51.595,1.62745,1.6279,4.80,2.50
2007.09.21 10:09:51.726,1.62745,1.62795,4.80,4.80
2007.09.21 10:09:51.897,1.6274,1.6281,10.40,17.70
2007.09.21 10:09:52.110,1.6275,1.6281,1.60,15.20
2007.09.21 10:09:52.746,1.6274,1.6281,4.80,15.20
2007.09.21 10:09:53.092,1.6273,1.62805,5.60,4.80
2007.09.21 10:09:53.279,1.62755,1.62805,4.80,4.80
2007.09.21 10:09:53.377,1.6272,1.62805,19.20,4.80
2007.09.21 10:09:53.487,1.6272,1.6282,19.20,5.60
2007.09.21 10:09:54.702,1.6272,1.6282,19.20,8.10
2007.09.21 10:09:54.838,1.6272,1.6282,17.60,8.10
2007.09.21 10:09:55.225,1.6272,1.6281,19.20,1.60
2007.09.21 10:09:56.266,1.6272,1.6282,19.20,8.10
2007.09.21 10:09:57.724,1.6274,1.6282,4.80,8.10
2007.09.21 10:09:58.154,1.6275,1.6282,9.60,8.10
2007.09.21 10:09:58.229,1.628,1.6282,4.00,4.10
2007.09.21 10:09:58.334,1.6279,1.6282,4.00,6.50
2007.09.21 10:09:58.652,1.6278,1.6279,4.00,4.80
2007.09.21 10:09:58.755,1.6274,1.6278,10.40,6.50
2007.09.21 10:09:58.789,1.6274,1.6278,5.60,6.50
2007.09.21 10:09:58.860,1.6275,1.6277,1.60,6.50
2007.09.21 10:09:59.051,1.6275,1.6277,1.60,4.00
2007.09.21 10:09:59.177,1.6274,1.6277,14.40,4.00
2007.09.21 10:09:59.278,1.6275,1.6278,4.00,8.10
2007.09.21 10:09:59.705,1.6275,1.6278,4.00,5.60
2007.09.21 10:10:00.406,1.6275,1.6278,4.00,4.00
2007.09.21 10:10:00.612,1.6275,1.6278,8.00,4.00
2007.09.21 10:10:00.722,1.6275,1.6282,8.00,20.90
2007.09.21 10:10:00.827,1.6275,1.6282,8.00,22.50
2007.09.21 10:10:00.951,1.6276,1.6281,4.80,4.80
2007.09.21 10:10:01.141,1.6276,1.628,4.80,12.90
2007.09.21 10:10:01.260,1.6276,1.628,4.80,18.50
2007.09.21 10:10:01.374,1.6274,1.628,1.60,22.50
2007.09.21 10:10:01.624,1.6274,1.6279,6.40,4.80
2007.09.21 10:10:02.188,1.6274,1.6279,4.80,4.80
2007.09.21 10:10:02.280,1.6274,1.6279,4.80,14.40
2007.09.21 10:10:03.319,1.6274,1.6279,4.80,4.80
2007.09.21 10:10:03.339,1.62735,1.62785,4.80,4.80
2007.09.21 10:10:03.685,1.6273,1.628,15.20,22.50
2007.09.21 10:10:03.895,1.6273,1.6278,6.40,4.80
2007.09.21 10:10:03.940,1.6273,1.6278,4.80,4.80
2007.09.21 10:10:04.065,1.62735,1.62785,4.80,4.80
2007.09.21 10:10:04.408,1.6273,1.62775,1.60,4.80
2007.09.21 10:10:04.743,1.6273,1.6278,6.40,4.80
2007.09.21 10:10:05.557,1.62735,1.62785,4.80,4.80
2007.09.21 10:10:05.833,1.6273,1.6278,6.40,4.80
2007.09.21 10:10:06.218,1.6273,1.6278,10.40,4.80
2007.09.21 10:10:06.313,1.6273,1.628,14.40,22.50
2007.09.21 10:10:06.371,1.62735,1.62785,4.80,4.80
2007.09.21 10:10:07.670,1.62735,1.6277,4.80,4.00
2007.09.21 10:10:07.763,1.62735,1.6276,4.80,4.00
2007.09.21 10:10:08.174,1.62735,1.6276,4.80,6.50
2007.09.21 10:10:08.287,1.6273,1.6276,1.60,6.50
2007.09.21 10:10:08.302,1.6272,1.6276,11.20,8.10
2007.09.21 10:10:09.145,1.6272,1.6276,6.40,8.10
2007.09.21 10:10:09.427,1.6272,1.6276,5.60,8.10
2007.09.21 10:10:09.643,1.6272,1.6276,8.10,5.60
2007.09.21 10:10:10.165,1.6272,1.6276,8.10,1.60
2007.09.21 10:10:10.260,1.6272,1.62765,12.10,4.80
2007.09.21 10:10:10.376,1.6272,1.6279,12.10,20.00
2007.09.21 10:10:10.764,1.6273,1.6278,4.80,4.80
2007.09.21 10:10:12.011,1.62725,1.62775,4.80,4.80
2007.09.21 10:10:12.256,1.6273,1.62775,4.00,4.80
2007.09.21 10:10:12.330,1.6273,1.62775,5.60,4.80
2007.09.21 10:10:12.630,1.6274,1.62775,4.00,4.80
2007.09.21 10:10:12.738,1.6275,1.62775,4.00,4.80
2007.09.21 10:10:12.800,1.6275,1.6278,4.00,4.80
2007.09.21 10:10:13.085,1.6275,1.62785,4.00,4.80
2007.09.21 10:10:14.168,1.6275,1.6279,4.00,10.40
2007.09.21 10:10:14.331,1.6274,1.6279,16.90,9.60
2007.09.21 10:10:14.405,1.6274,1.6279,16.90,11.20
2007.09.21 10:10:14.460,1.6273,1.6279,21.70,11.20
2007.09.21 10:10:14.885,1.6274,1.62785,1.10,4.80
2007.09.21 10:10:15.341,1.6274,1.62785,2.60,4.80
2007.09.21 10:10:17.752,1.6274,1.62785,14.50,4.80
2007.09.21 10:10:18.346,1.6274,1.62785,2.80,4.80
2007.09.21 10:10:18.420,1.6274,1.6279,5.00,6.40
2007.09.21 10:10:18.954,1.6273,1.6278,22.40,2.50
2007.09.21 10:10:19.786,1.6271,1.6278,17.60,2.50
2007.09.21 10:10:19.845,1.6273,1.6278,0.80,7.30
2007.09.21 10:10:20.474,1.6272,1.6278,15.20,2.50
2007.09.21 10:10:21.964,1.6272,1.628,24.00,15.20
2007.09.21 10:10:22.341,1.6273,1.6278,24.80,2.50
2007.09.21 10:10:22.617,1.6273,1.62795,24.80,4.80
2007.09.21 10:10:22.723,1.62745,1.62795,12.80,4.80
2007.09.21 10:10:23.044,1.62755,1.628,2.70,2.50
2007.09.21 10:10:24.372,1.62755,1.62805,12.80,4.80
2007.09.21 10:10:24.462,1.62755,1.62805,13.60,4.80
2007.09.21 10:10:24.761,1.6276,1.6281,13.60,2.50
2007.09.21 10:10:24.982,1.62765,1.628,2.70,1.60
2007.09.21 10:10:25.144,1.62755,1.628,12.80,1.60
2007.09.21 10:10:25.188,1.62755,1.62805,12.80,4.80
2007.09.21 10:10:25.302,1.6275,1.62805,13.60,4.80
2007.09.21 10:10:25.835,1.6276,1.6281,1.70,8.90
2007.09.21 10:10:26.428,1.6275,1.62805,12.80,4.80
2007.09.21 10:10:26.455,1.6275,1.628,12.80,2.50
2007.09.21 10:10:26.727,1.6276,1.628,1.20,2.50
2007.09.21 10:10:27.065,1.6275,1.628,12.80,2.50
2007.09.21 10:10:28.428,1.6276,1.628,1.00,2.50
2007.09.21 10:10:32.247,1.6276,1.628,2.80,8.90
2007.09.21 10:10:32.772,1.6276,1.628,0.80,6.40
2007.09.21 10:10:32.829,1.6275,1.628,1.50,11.20
2007.09.21 10:10:33.563,1.62745,1.6278,14.40,2.50
2007.09.21 10:10:33.708,1.6275,1.6278,1.00,2.50
2007.09.21 10:10:33.820,1.62745,1.6279,6.40,4.00
2007.09.21 10:10:34.025,1.62745,1.6279,2.30,4.80
2007.09.21 10:10:34.563,1.62735,1.6277,14.40,2.50
2007.09.21 10:10:35.474,1.6274,1.6277,3.20,2.50
2007.09.21 10:10:36.331,1.62735,1.6277,2.30,2.50
2007.09.21 10:10:36.407,1.62735,1.6278,1.10,10.40
2007.09.21 10:10:36.803,1.6273,1.6278,10.40,10.40
2007.09.21 10:10:37.827,1.62725,1.6276,10.40,2.50
2007.09.21 10:10:39.782,1.6273,1.62775,2.60,4.80
2007.09.21 10:10:39.817,1.6273,1.62775,13.60,4.80
2007.09.21 10:10:39.928,1.6273,1.62775,14.40,4.80
2007.09.21 10:10:40.391,1.6273,1.6279,19.20,13.70
2007.09.21 10:10:40.762,1.6274,1.6279,3.00,9.70
2007.09.21 10:10:40.822,1.62735,1.62785,6.40,4.80
2007.09.21 10:10:40.868,1.6273,1.62785,11.20,4.80
2007.09.21 10:10:41.261,1.6274,1.6279,6.40,7.30
2007.09.21 10:10:42.214,1.6275,1.6279,9.60,7.30
2007.09.21 10:10:42.482,1.6276,1.6279,1.80,2.50
2007.09.21 10:10:43.857,1.6276,1.6279,4.00,8.10
2007.09.21 10:10:44.637,1.6276,1.6279,4.00,12.90
2007.09.21 10:10:44.667,1.6275,1.6279,9.60,12.90
2007.09.21 10:10:46.257,1.6274,1.6279,15.20,10.40
2007.09.21 10:10:46.348,1.6273,1.6279,19.20,11.20
2007.09.21 10:10:46.813,1.62735,1.6277,14.40,2.50
2007.09.21 10:10:48.002,1.6274,1.6277,2.50,2.50
2007.09.21 10:10:48.335,1.62735,1.6277,14.40,2.50
2007.09.21 10:10:50.187,1.6274,1.6277,0.80,2.50
2007.09.21 10:10:50.298,1.62735,1.6278,11.20,2.50
2007.09.21 10:10:51.178,1.6273,1.6278,22.40,2.50
2007.09.21 10:10:51.806,1.6274,1.6278,3.30,2.50
2007.09.21 10:10:52.067,1.62735,1.6278,9.60,2.50
2007.09.21 10:10:52.757,1.6273,1.6278,22.40,2.50
2007.09.21 10:10:52.796,1.6275,1.6279,3.80,4.80
2007.09.21 10:10:52.948,1.6276,1.6279,12.00,4.80
2007.09.21 10:10:53.570,1.6277,1.628,2.10,8.10
2007.09.21 10:10:53.903,1.6277,1.628,1.30,6.50
2007.09.21 10:10:55.256,1.6277,1.628,1.90,6.50
2007.09.21 10:10:55.372,1.6276,1.628,18.40,6.50
2007.09.21 10:10:56.299,1.6276,1.628,19.20,2.50
2007.09.21 10:10:56.683,1.6277,1.6282,5.20,11.20
2007.09.21 10:10:56.722,1.6276,1.628,19.20,6.50
2007.09.21 10:10:56.828,1.6276,1.628,19.20,6.50
2007.09.21 10:10:57.711,1.6277,1.628,1.60,6.50
2007.09.21 10:10:58.496,1.6277,1.628,1.40,6.50
2007.09.21 10:10:58.903,1.6276,1.628,18.40,6.50
2007.09.21 10:10:59.340,1.6277,1.628,4.50,6.50
2007.09.21 10:10:59.528,1.6276,1.628,24.00,6.50
2007.09.21 10:10:59.886,1.6276,1.628,24.00,4.00
2007.09.21 10:11:00.771,1.62765,1.628,11.20,4.00
2007.09.21 10:11:00.901,1.62765,1.628,10.40,4.00
2007.09.21 10:11:01.291,1.6276,1.628,19.20,4.00
2007.09.21 10:11:02.222,1.6276,1.628,13.60,4.00
2007.09.21 10:11:02.341,1.6277,1.628,1.70,4.00
2007.09.21 10:11:02.753,1.62765,1.628,11.20,4.00
2007.09.21 10:11:02.835,1.6277,1.628,0.70,4.00
2007.09.21 10:11:03.274,1.6277,1.628,3.90,4.00
2007.09.21 10:11:03.364,1.62765,1.628,13.60,4.00
2007.09.21 10:11:03.447,1.62765,1.628,15.20,4.00
2007.09.21 10:11:04.338,1.6277,1.628,1.60,4.00
2007.09.21 10:11:04.850,1.6277,1.628,2.00,4.00
2007.09.21 10:11:05.258,1.6276,1.628,28.80,4.00
2007.09.21 10:11:05.325,1.6276,1.628,28.80,4.00
2007.09.21 10:11:09.770,1.6276,1.628,19.20,4.00
2007.09.21 10:11:10.179,1.6276,1.628,22.40,4.00
2007.09.21 10:11:11.351,1.6277,1.628,1.70,6.50
2007.09.21 10:11:11.397,1.6276,1.628,13.60,11.30
2007.09.21 10:11:12.749,1.6276,1.628,13.60,6.50
2007.09.21 10:11:13.389,1.6276,1.628,9.60,8.10
2007.09.21 10:11:13.786,1.6277,1.628,4.00,12.90
2007.09.21 10:11:14.069,1.6277,1.628,4.00,8.10
2007.09.21 10:11:16.307,1.6276,1.6278,1.60,6.50
2007.09.21 10:11:16.419,1.62755,1.6278,4.80,6.50
2007.09.21 10:11:16.433,1.6275,1.6278,5.60,6.50
2007.09.21 10:11:16.843,1.6275,1.6278,5.60,4.00
2007.09.21 10:11:18.308,1.6275,1.6278,9.60,4.00
2007.09.21 10:11:18.720,1.6275,1.6278,5.60,4.00
2007.09.21 10:11:18.913,1.6275,1.6278,5.60,6.50
2007.09.21 10:11:19.402,1.6275,1.6279,9.60,4.80
2007.09.21 10:11:19.664,1.6275,1.628,14.40,12.10
2007.09.21 10:11:19.823,1.6275,1.628,14.40,9.60
2007.09.21 10:11:20.250,1.6276,1.628,9.60,9.60
2007.09.21 10:11:20.363,1.6276,1.6282,8.00,7.30
2007.09.21 10:11:20.451,1.6276,1.6282,8.00,4.80
2007.09.21 10:11:20.799,1.6277,1.6282,4.80,9.60
2007.09.21 10:11:20.878,1.6277,1.6282,4.80,5.60
2007.09.21 10:11:21.376,1.6277,1.6282,4.80,4.80
2007.09.21 10:11:21.700,1.62765,1.62815,4.80,4.80
2007.09.21 10:11:26.004,1.6276,1.6281,4.80,4.80
2007.09.21 10:11:29.900,1.6273,1.6281,20.00,4.80
2007.09.21 10:11:30.348,1.6273,1.6282,20.00,9.60
2007.09.21 10:11:30.728,1.6273,1.6282,20.00,17.60
2007.09.21 10:11:30.836,1.6273,1.628,20.00,12.80
2007.09.21 10:11:30.931,1.6275,1.628,4.80,13.60
2007.09.21 10:11:31.371,1.62745,1.62795,4.80,4.80
2007.09.21 10:11:31.652,1.6274,1.6279,4.80,4.80
2007.09.21 10:11:31.959,1.6274,1.6279,6.40,4.80
2007.09.21 10:11:32.028,1.6274,1.62785,1.60,4.80
2007.09.21 10:11:32.309,1.6274,1.62785,9.60,4.80
2007.09.21 10:11:32.323,1.6274,1.6279,14.40,4.80
2007.09.21 10:11:32.375,1.6272,1.6281,14.40,20.90
2007.09.21 10:11:32.485,1.6274,1.6281,4.80,20.90
2007.09.21 10:11:32.906,1.62745,1.62795,4.80,4.80
2007.09.21 10:11:33.247,1.6274,1.6281,4.80,22.50
2007.09.21 10:11:33.312,1.6274,1.6281,13.60,22.50
2007.09.21 10:11:33.411,1.6274,1.6281,15.20,22.50
2007.09.21 10:11:33.493,1.6274,1.6281,10.40,22.50
2007.09.21 10:11:33.761,1.62745,1.62795,4.80,4.80
2007.09.21 10:11:35.590,1.6274,1.6279,4.80,4.80
2007.09.21 10:11:38.906,1.6274,1.6279,1.90,4.80
2007.09.21 10:11:39.206,1.6273,1.6279,15.20,4.80
2007.09.21 10:11:39.727,1.6273,1.6279,19.20,4.80
2007.09.21 10:11:39.826,1.6275,1.6279,8.00,4.80
2007.09.21 10:11:39.934,1.6275,1.6279,17.60,4.80
2007.09.21 10:11:40.140,1.6275,1.6281,17.60,8.90
2007.09.21 10:11:40.226,1.6275,1.62795,17.60,4.80
2007.09.21 10:11:40.265,1.6275,1.62795,17.60,4.80
2007.09.21 10:11:40.581,1.6276,1.62805,3.60,4.80
2007.09.21 10:11:44.400,1.62755,1.62805,15.20,4.80
2007.09.21 10:11:45.426,1.62755,1.62805,13.60,4.80
2007.09.21 10:11:46.780,1.6276,1.62805,16.00,4.80
2007.09.21 10:11:46.830,1.6277,1.62805,0.80,4.80
2007.09.21 10:11:46.910,1.62755,1.62805,15.20,4.80
2007.09.21 10:11:47.100,1.6275,1.6281,22.40,11.20
2007.09.21 10:11:47.296,1.6276,1.6281,19.20,7.20
2007.09.21 10:11:47.406,1.6276,1.6281,22.40,4.80
2007.09.21 10:11:47.739,1.6277,1.62815,4.10,4.80
2007.09.21 10:11:48.250,1.62765,1.62815,11.20,4.80
2007.09.21 10:11:48.331,1.6276,1.6281,15.20,8.90
2007.09.21 10:11:48.738,1.62755,1.62805,15.20,4.80
2007.09.21 10:11:50.257,1.6275,1.6281,22.40,11.30
2007.09.21 10:11:50.285,1.6275,1.6281,22.40,13.70
2007.09.21 10:11:50.606,1.62755,1.62805,15.20,4.80
2007.09.21 10:11:51.755,1.6277,1.62805,2.30,4.80
2007.09.21 10:11:52.228,1.6277,1.6281,1.20,8.90
2007.09.21 10:11:52.266,1.6277,1.6281,1.60,4.80
2007.09.21 10:11:52.360,1.6276,1.6281,0.60,4.80
2007.09.21 10:11:52.697,1.6275,1.62805,23.20,4.80
2007.09.21 10:11:53.936,1.6275,1.628,15.20,4.00
2007.09.21 10:11:54.134,1.6276,1.628,1.20,4.00
2007.09.21 10:11:54.345,1.6276,1.628,0.90,8.80
2007.09.21 10:11:54.449,1.6275,1.628,4.40,12.10
2007.09.21 10:11:54.545,1.6274,1.628,22.40,11.30
2007.09.21 10:11:54.868,1.6276,1.628,1.00,11.30
2007.09.21 10:11:55.045,1.6274,1.628,22.40,11.30
2007.09.21 10:11:55.268,1.6274,1.628,18.40,16.90
2007.09.21 10:11:55.415,1.6274,1.6279,15.20,4.00
2007.09.21 10:11:55.490,1.6274,1.6279,15.20,6.50
2007.09.21 10:11:55.820,1.6275,1.6279,5.60,4.00
2007.09.21 10:11:55.904,1.6275,1.6279,18.40,4.00
2007.09.21 10:11:56.094,1.6276,1.6279,1.40,4.00
2007.09.21 10:11:56.267,1.6276,1.6279,1.60,8.80
2007.09.21 10:11:56.615,1.6276,1.6279,1.80,4.00
2007.09.21 10:11:56.930,1.6276,1.6279,1.30,4.00
2007.09.21 10:11:57.242,1.6275,1.6279,9.60,6.40
2007.09.21 10:11:57.349,1.6275,1.6278,1.20,4.00
2007.09.21 10:11:58.167,1.6274,1.6278,14.40,4.00
2007.09.21 10:11:59.302,1.6274,1.6277,0.50,4.00
2007.09.21 10:11:59.431,1.62735,1.6277,5.60,4.00
2007.09.21 10:11:59.590,1.62735,1.6277,0.60,4.00
2007.09.21 10:11:59.868,1.6273,1.6277,10.40,4.80
2007.09.21 10:12:00.146,1.62725,1.6277,8.80,4.80
2007.09.21 10:12:00.790,1.62725,1.6276,8.80,4.00
2007.09.21 10:12:00.917,1.62725,1.6276,8.80,8.80
2007.09.21 10:12:01.323,1.6272,1.6276,8.00,8.00
2007.09.21 10:12:01.750,1.6272,1.6275,8.00,4.00
2007.09.21 10:12:01.842,1.6272,1.6275,0.80,4.00
2007.09.21 10:12:01.963,1.627,1.6274,10.40,4.00
2007.09.21 10:12:02.783,1.62705,1.6274,1.60,4.00
2007.09.21 10:12:03.689,1.62705,1.6274,1.90,8.00
2007.09.21 10:12:03.815,1.627,1.6274,8.80,8.00
2007.09.21 10:12:03.909,1.6268,1.6273,11.20,4.00
2007.09.21 10:12:03.991,1.6268,1.6273,11.20,4.00
2007.09.21 10:12:04.193,1.6268,1.6273,11.20,4.00
2007.09.21 10:12:04.819,1.6269,1.6273,14.40,4.00
2007.09.21 10:12:05.112,1.6269,1.6273,9.60,8.80
2007.09.21 10:12:05.240,1.6269,1.6273,9.60,4.80
2007.09.21 10:12:05.442,1.627,1.6276,2.50,4.00
2007.09.21 10:12:05.773,1.6269,1.6276,16.90,4.00
2007.09.21 10:12:05.980,1.6269,1.6278,22.50,19.30
2007.09.21 10:12:06.204,1.627,1.6278,2.60,19.30
2007.09.21 10:12:06.311,1.6269,1.6277,4.90,9.60
2007.09.21 10:12:06.491,1.6269,1.6277,2.90,9.60
2007.09.21 10:12:06.559,1.6268,1.6276,23.20,4.80
2007.09.21 10:12:06.700,1.6271,1.6276,0.70,4.80
2007.09.21 10:12:06.824,1.627,1.6278,8.80,12.90
2007.09.21 10:12:06.943,1.627,1.6278,12.10,9.60
2007.09.21 10:12:07.107,1.62705,1.6278,4.80,9.60
2007.09.21 10:12:07.329,1.62705,1.62755,4.80,4.80
2007.09.21 10:12:07.561,1.6269,1.6276,1.60,4.80
2007.09.21 10:12:07.731,1.6271,1.6276,4.80,4.80
2007.09.21 10:12:07.858,1.6271,1.6278,4.80,21.80
2007.09.21 10:12:07.962,1.6271,1.6278,4.80,19.30
2007.09.21 10:12:08.373,1.627,1.6278,11.30,17.70
2007.09.21 10:12:08.461,1.627,1.6275,12.90,4.80
2007.09.21 10:12:08.867,1.6271,1.6275,4.00,4.80
2007.09.21 10:12:08.909,1.6271,1.6276,8.80,8.80
2007.09.21 10:12:08.987,1.6271,1.6276,9.60,8.80
2007.09.21 10:12:09.169,1.6271,1.6276,11.20,8.80
2007.09.21 10:12:09.478,1.6271,1.6276,13.70,10.40
2007.09.21 10:12:10.216,1.6271,1.6276,13.70,8.80
2007.09.21 10:12:11.253,1.6271,1.6276,13.70,10.40
2007.09.21 10:12:12.729,1.6275,1.6276,4.00,10.40
2007.09.21 10:12:12.831,1.6275,1.6276,4.00,6.40
2007.09.21 10:12:12.937,1.6275,1.6279,6.50,5.60
2007.09.21 10:12:13.463,1.6275,1.6279,4.80,10.40
2007.09.21 10:12:13.575,1.6274,1.6279,4.80,4.80
2007.09.21 10:12:13.870,1.6274,1.6279,4.80,8.80
2007.09.21 10:12:13.957,1.6273,1.6279,27.30,8.80
2007.09.21 10:12:14.474,1.6273,1.6279,27.30,4.80
2007.09.21 10:12:15.062,1.62745,1.62795,1.70,4.80
2007.09.21 10:12:15.502,1.6273,1.62785,27.30,4.80
2007.09.21 10:12:17.434,1.6272,1.62775,26.50,4.80
2007.09.21 10:12:18.445,1.6272,1.6279,2.60,10.40
2007.09.21 10:12:20.400,1.6274,1.6279,0.90,10.40
2007.09.21 10:12:20.589,1.6274,1.6279,3.40,6.40
2007.09.21 10:12:20.691,1.6274,1.6279,8.00,6.40
2007.09.21 10:12:20.813,1.6275,1.6279,3.90,1.60
2007.09.21 10:12:20.896,1.6274,1.628,14.40,6.40
2007.09.21 10:12:21.097,1.6274,1.628,14.40,6.40
2007.09.21 10:12:21.315,1.6274,1.628,16.90,6.40
2007.09.21 10:12:21.490,1.6275,1.62795,2.50,4.80
2007.09.21 10:12:22.248,1.62745,1.62795,16.90,4.80
2007.09.21 10:12:23.304,1.6274,1.62795,17.70,4.80
2007.09.21 10:12:23.390,1.62745,1.6279,2.40,4.80
2007.09.21 10:12:23.500,1.6274,1.6279,16.90,6.40
2007.09.21 10:12:23.512,1.6274,1.6279,7.30,11.20
2007.09.21 10:12:23.714,1.6273,1.6279,21.70,11.20
2007.09.21 10:12:23.751,1.62735,1.62785,12.90,4.80
2007.09.21 10:12:23.813,1.6274,1.62785,2.30,4.80
2007.09.21 10:12:24.216,1.62735,1.62785,12.10,4.80
2007.09.21 10:12:24.325,1.62735,1.62785,8.80,4.80
2007.09.21 10:12:24.762,1.6273,1.6279,16.90,6.40
2007.09.21 10:12:25.893,1.6274,1.6279,2.60,6.40
2007.09.21 10:12:26.293,1.6273,1.6279,21.70,11.20
2007.09.21 10:12:26.741,1.6274,1.62785,3.50,4.80
2007.09.21 10:12:27.320,1.6275,1.62785,8.00,4.80
2007.09.21 10:12:27.824,1.6276,1.6279,0.70,5.60
2007.09.21 10:12:29.407,1.6276,1.6279,1.40,1.60
2007.09.21 10:12:29.500,1.6276,1.62795,2.80,4.80
2007.09.21 10:12:29.628,1.62755,1.628,11.30,1.60
2007.09.21 10:12:30.340,1.62755,1.628,11.30,6.40
2007.09.21 10:12:30.501,1.6275,1.628,16.90,11.20
2007.09.21 10:12:30.768,1.6276,1.628,0.70,7.20
2007.09.21 10:12:30.858,1.6273,1.6279,18.40,4.80
2007.09.21 10:12:31.425,1.62745,1.62795,7.30,4.80
2007.09.21 10:12:31.628,1.6275,1.628,7.30,7.20
2007.09.21 10:12:31.855,1.6276,1.628,0.70,4.80
2007.09.21 10:12:31.909,1.6276,1.628,1.60,5.60
2007.09.21 10:12:31.999,1.6275,1.6279,16.90,4.00
2007.09.21 10:12:32.132,1.6276,1.6279,0.90,5.60
2007.09.21 10:12:32.319,1.6276,1.6279,1.40,1.60
2007.09.21 10:12:32.536,1.6276,1.6279,0.50,1.60
2007.09.21 10:12:32.721,1.6276,1.6279,0.60,1.60
2007.09.21 10:12:32.914,1.6276,1.62795,1.70,4.80
2007.09.21 10:12:33.120,1.6275,1.628,25.30,12.90
2007.09.21 10:12:33.534,1.6276,1.6279,1.20,1.60
2007.09.21 10:12:34.167,1.6277,1.6279,1.20,1.60
2007.09.21 10:12:34.494,1.6277,1.628,0.50,12.90
2007.09.21 10:12:34.692,1.6275,1.628,25.30,12.90
2007.09.21 10:12:34.861,1.6276,1.628,0.80,8.10
2007.09.21 10:12:34.999,1.62755,1.6279,9.30,1.60
2007.09.21 10:12:35.343,1.6276,1.6279,2.30,5.60
2007.09.21 10:12:35.555,1.6275,1.6279,14.70,5.60
2007.09.21 10:12:37.985,1.6275,1.6279,12.40,1.60
2007.09.21 10:12:38.021,1.6275,1.62795,13.20,4.80
2007.09.21 10:12:38.091,1.6276,1.628,1.20,1.60
2007.09.21 10:12:38.121,1.62755,1.62805,11.50,4.80
2007.09.21 10:12:38.240,1.6276,1.62805,1.00,4.80
2007.09.21 10:12:38.344,1.6276,1.628,1.00,0.80
2007.09.21 10:12:38.445,1.62755,1.628,5.00,0.80
2007.09.21 10:12:38.506,1.6276,1.628,0.40,0.80
2007.09.21 10:12:39.080,1.6275,1.62795,1.20,4.80
2007.09.21 10:12:39.272,1.6276,1.628,0.40,5.60
2007.09.21 10:12:39.777,1.6276,1.628,0.50,5.60
2007.09.21 10:12:40.290,1.6276,1.628,3.50,4.80
2007.09.21 10:12:40.386,1.6275,1.6279,22.00,4.00
2007.09.21 10:12:41.027,1.62755,1.62805,5.00,4.80
2007.09.21 10:12:41.112,1.6276,1.6285,0.20,4.00
2007.09.21 10:12:41.435,1.6282,1.6285,5.60,4.00
2007.09.21 10:12:41.534,1.6282,1.6285,2.60,4.00
2007.09.21 10:12:41.863,1.6282,1.6285,3.00,4.00
2007.09.21 10:12:42.669,1.6282,1.6284,6.40,4.00
2007.09.21 10:12:42.994,1.6282,1.6284,4.80,4.00
2007.09.21 10:12:43.187,1.6282,1.6284,6.40,4.00
2007.09.21 10:12:43.316,1.6282,1.6284,1.60,4.00
2007.09.21 10:12:43.508,1.6283,1.6286,5.60,11.30
2007.09.21 10:12:43.712,1.6284,1.6286,4.00,7.30
2007.09.21 10:12:43.816,1.6285,1.6286,4.00,4.80
2007.09.21 10:12:43.920,1.6285,1.6288,4.00,4.00
2007.09.21 10:12:44.136,1.6285,1.62865,4.00,4.80
2007.09.21 10:12:44.449,1.6284,1.62865,1.80,4.80
2007.09.21 10:12:44.640,1.62845,1.6287,0.20,6.50
2007.09.21 10:12:44.765,1.62845,1.6286,0.20,4.00
2007.09.21 10:12:45.067,1.62845,1.6287,0.20,6.50
2007.09.21 10:12:45.162,1.62845,1.6286,0.20,4.00
2007.09.21 10:12:45.479,1.6285,1.6288,4.00,5.60
2007.09.21 10:12:45.548,1.6285,1.6288,4.00,10.40
2007.09.21 10:12:45.573,1.6285,1.6288,4.00,8.80
2007.09.21 10:12:45.900,1.6285,1.6288,4.00,4.00
2007.09.21 10:12:46.216,1.6285,1.6288,4.80,4.00
2007.09.21 10:12:46.308,1.6285,1.6288,5.00,4.00
2007.09.21 10:12:46.542,1.6285,1.6288,10.60,4.00
2007.09.21 10:12:46.617,1.6285,1.6288,15.40,4.00
2007.09.21 10:12:46.734,1.6285,1.6288,11.40,4.00
2007.09.21 10:12:46.831,1.6285,1.6288,10.60,4.00
2007.09.21 10:12:46.941,1.6285,1.6288,9.00,4.00
2007.09.21 10:12:47.033,1.6285,1.6288,10.60,4.00
2007.09.21 10:12:47.067,1.6285,1.6288,10.70,4.00
2007.09.21 10:12:47.134,1.6285,1.6288,9.10,4.00
2007.09.21 10:12:47.233,1.6285,1.6288,8.90,4.00
2007.09.21 10:12:47.364,1.62855,1.6288,4.80,4.00
2007.09.21 10:12:47.564,1.6287,1.6289,4.00,2.50
2007.09.21 10:12:47.753,1.6287,1.629,4.00,4.00
2007.09.21 10:12:48.095,1.6287,1.62895,4.00,4.80
2007.09.21 10:12:48.181,1.6286,1.62895,10.40,4.80
2007.09.21 10:12:48.280,1.6286,1.6289,9.60,4.00
2007.09.21 10:12:48.505,1.6287,1.62895,6.50,4.80
2007.09.21 10:12:48.692,1.6287,1.6289,6.50,4.00
2007.09.21 10:12:48.801,1.6287,1.629,10.50,4.00
2007.09.21 10:12:49.020,1.6287,1.629,12.10,4.00
2007.09.21 10:12:49.061,1.6287,1.629,12.10,8.80
2007.09.21 10:12:49.496,1.6287,1.629,12.10,4.00
2007.09.21 10:12:50.254,1.6287,1.629,6.50,4.00
2007.09.21 10:12:50.759,1.6288,1.629,4.00,4.00
2007.09.21 10:12:51.310,1.6288,1.6291,10.50,4.00
2007.09.21 10:12:51.796,1.6288,1.6291,8.00,4.00
2007.09.21 10:12:53.043,1.6288,1.6291,4.00,5.60
2007.09.21 10:12:53.138,1.6288,1.6291,4.00,4.00
2007.09.21 10:12:53.272,1.6287,1.629,10.40,4.00
2007.09.21 10:12:54.193,1.6287,1.629,14.40,4.00
2007.09.21 10:12:54.301,1.6288,1.6291,4.00,6.50
2007.09.21 10:12:54.393,1.6288,1.6291,5.60,6.50
2007.09.21 10:12:54.828,1.6288,1.629,1.60,4.00
2007.09.21 10:12:54.912,1.6287,1.629,10.40,4.00
2007.09.21 10:12:55.455,1.6287,1.629,5.60,4.00
2007.09.21 10:12:56.250,1.6287,1.629,4.00,4.00
2007.09.21 10:12:57.282,1.6287,1.629,5.60,4.00
2007.09.21 10:12:57.385,1.6287,1.629,10.40,4.00
2007.09.21 10:12:57.679,1.6287,1.629,6.40,4.00
2007.09.21 10:12:57.739,1.6287,1.629,11.20,4.00
2007.09.21 10:12:57.792,1.6287,1.629,10.40,4.00
2007.09.21 10:12:58.422,1.6287,1.629,8.80,4.00
2007.09.21 10:12:58.674,1.6287,1.629,4.00,4.00
2007.09.21 10:12:59.556,1.6287,1.629,5.60,4.00
2007.09.21 10:13:00.184,1.6287,1.629,9.60,4.00
2007.09.21 10:13:00.383,1.6287,1.629,10.40,4.00
2007.09.21 10:13:00.686,1.6287,1.629,15.20,4.00
2007.09.21 10:13:00.707,1.6288,1.6291,4.00,4.00
2007.09.21 10:13:01.446,1.6288,1.6291,6.50,4.00
2007.09.21 10:13:01.550,1.6289,1.6292,10.40,8.80
2007.09.21 10:13:02.169,1.629,1.6292,4.00,4.80
2007.09.21 10:13:02.275,1.629,1.62925,4.00,4.80
2007.09.21 10:13:03.240,1.629,1.6293,4.00,4.00
2007.09.21 10:13:06.516,1.629,1.6293,4.00,5.60
2007.09.21 10:13:06.733,1.629,1.6293,4.00,8.10
2007.09.21 10:13:07.461,1.629,1.6293,4.00,6.50
2007.09.21 10:13:08.290,1.629,1.6293,4.00,8.10
2007.09.21 10:13:08.709,1.6289,1.6292,9.60,4.00
2007.09.21 10:13:08.820,1.6289,1.6292,5.60,4.00
2007.09.21 10:13:09.030,1.6289,1.6292,6.40,4.00
2007.09.21 10:13:09.246,1.629,1.6292,4.00,4.00
2007.09.21 10:13:09.338,1.629,1.6293,4.00,12.90
2007.09.21 10:13:09.619,1.6288,1.6293,12.80,13.70
2007.09.21 10:13:09.980,1.62885,1.6293,4.80,8.90
2007.09.21 10:13:10.235,1.62885,1.6293,4.80,12.90
2007.09.21 10:13:10.516,1.6288,1.6293,8.80,17.70
2007.09.21 10:13:10.769,1.6288,1.6293,4.80,17.70
2007.09.21 10:13:11.087,1.62875,1.62925,4.80,4.80
2007.09.21 10:13:11.194,1.6289,1.62925,4.00,4.80
2007.09.21 10:13:11.295,1.6289,1.62925,8.00,4.80
2007.09.21 10:13:11.402,1.6289,1.62925,8.80,4.80
2007.09.21 10:13:11.836,1.6289,1.62925,0.80,4.80
2007.09.21 10:13:11.902,1.6289,1.6293,4.80,4.80
2007.09.21 10:13:12.030,1.6289,1.6293,4.80,6.40
2007.09.21 10:13:12.264,1.6288,1.6293,17.70,11.20
2007.09.21 10:13:12.300,1.6288,1.6293,2.50,11.20
2007.09.21 10:13:12.545,1.6287,1.6292,21.70,1.60
2007.09.21 10:13:12.658,1.6288,1.6291,1.40,4.00
2007.09.21 10:13:13.055,1.6288,1.6291,1.40,4.00
2007.09.21 10:13:13.187,1.62875,1.6291,8.80,4.00
2007.09.21 10:13:14.093,1.62875,1.6291,10.40,4.00
2007.09.21 10:13:14.608,1.62875,1.6291,8.80,4.00
2007.09.21 10:13:14.818,1.6289,1.6292,0.80,8.10
2007.09.21 10:13:15.021,1.6288,1.6292,8.80,6.50
2007.09.21 10:13:15.143,1.6289,1.6292,2.30,8.10
2007.09.21 10:13:17.299,1.6288,1.6291,1.30,4.00
2007.09.21 10:13:17.606,1.6287,1.6291,19.20,4.00
2007.09.21 10:13:17.628,1.62875,1.6291,10.40,4.00
2007.09.21 10:13:17.727,1.62875,1.6291,6.40,4.00
2007.09.21 10:13:17.816,1.62875,1.6291,6.40,6.50
2007.09.21 10:13:17.921,1.62875,1.6291,1.00,8.10
2007.09.21 10:13:18.225,1.62875,1.6291,8.80,8.10
2007.09.21 10:13:18.745,1.62865,1.6291,10.40,8.10
2007.09.21 10:13:18.922,1.6286,1.6291,24.80,8.10
2007.09.21 10:13:19.350,1.6286,1.629,19.20,4.00
2007.09.21 10:13:19.376,1.6286,1.629,19.20,4.00
2007.09.21 10:13:19.640,1.62865,1.629,8.80,4.00
2007.09.21 10:13:22.975,1.6287,1.629,1.60,5.60
2007.09.21 10:13:23.300,1.6287,1.629,1.90,6.40
2007.09.21 10:13:23.838,1.62855,1.629,8.80,8.10
2007.09.21 10:13:24.017,1.62855,1.629,10.40,8.10
2007.09.21 10:13:24.229,1.6286,1.629,13.60,8.10
2007.09.21 10:13:24.452,1.6287,1.629,1.40,6.50
2007.09.21 10:13:25.171,1.6287,1.629,2.30,6.50
2007.09.21 10:13:25.705,1.6286,1.629,15.20,6.50
2007.09.21 10:13:27.675,1.6286,1.629,14.40,6.50
2007.09.21 10:13:28.721,1.6286,1.6289,14.40,4.00
2007.09.21 10:13:29.000,1.6286,1.6289,2.60,4.00
2007.09.21 10:13:32.224,1.6286,1.6288,0.90,4.00
2007.09.21 10:13:32.438,1.6285,1.6288,10.40,4.00
2007.09.21 10:13:32.567,1.6285,1.6288,4.70,4.00
2007.09.21 10:13:32.973,1.6285,1.6288,0.50,4.00
2007.09.21 10:13:33.286,1.6286,1.6288,2.00,4.00
2007.09.21 10:13:33.384,1.6286,1.6289,1.30,11.30
2007.09.21 10:13:33.479,1.6285,1.6289,13.60,11.30
2007.09.21 10:13:33.543,1.6286,1.6289,2.90,6.50
2007.09.21 10:13:33.681,1.6286,1.6289,1.50,8.10
2007.09.21 10:13:34.198,1.6286,1.6289,0.80,6.50
2007.09.21 10:13:37.219,1.6285,1.6289,18.40,6.50
2007.09.21 10:13:38.576,1.6286,1.629,1.90,6.40
2007.09.21 10:13:38.678,1.6285,1.629,21.70,4.80
2007.09.21 10:13:39.011,1.6285,1.6291,21.70,13.70
2007.09.21 10:13:39.195,1.6286,1.6291,2.90,13.70
2007.09.21 10:13:41.140,1.6286,1.6291,14.40,13.70
2007.09.21 10:13:41.869,1.6286,1.6291,12.80,13.70
2007.09.21 10:13:42.183,1.6286,1.6291,14.40,13.70
2007.09.21 10:13:44.753,1.6287,1.6291,4.00,8.10
2007.09.21 10:13:44.877,1.6287,1.6291,8.00,4.80
2007.09.21 10:13:44.977,1.6287,1.6291,9.60,4.80
2007.09.21 10:13:45.474,1.6287,1.6292,14.40,13.70
2007.09.21 10:13:45.522,1.6287,1.6292,14.40,23.30
2007.09.21 10:13:45.628,1.6287,1.629,10.40,4.00
2007.09.21 10:13:46.168,1.6287,1.629,5.60,4.00
2007.09.21 10:13:46.445,1.6287,1.629,4.00,4.00
2007.09.21 10:13:46.669,1.62865,1.629,4.80,4.00
2007.09.21 10:13:46.792,1.62865,1.6289,4.80,4.00
2007.09.21 10:13:47.141,1.6286,1.6289,12.90,4.00
2007.09.21 10:13:47.200,1.6286,1.629,12.90,6.40
2007.09.21 10:13:47.740,1.6287,1.629,4.00,6.40
2007.09.21 10:13:47.850,1.6287,1.629,4.00,5.60
2007.09.21 10:13:47.960,1.6287,1.629,5.60,4.00
2007.09.21 10:13:48.279,1.6287,1.629,4.00,4.00
2007.09.21 10:13:48.813,1.62865,1.629,4.80,4.00
2007.09.21 10:13:49.327,1.6286,1.629,12.90,4.00
2007.09.21 10:13:50.743,1.6287,1.629,4.00,4.00
2007.09.21 10:13:50.970,1.6287,1.629,5.60,4.00
2007.09.21 10:13:56.613,1.6287,1.6291,5.60,15.20
2007.09.21 10:14:00.093,1.6287,1.6291,9.60,10.40
2007.09.21 10:14:00.207,1.6287,1.62915,9.60,0.70
2007.09.21 10:14:00.319,1.6287,1.6293,14.40,20.90
2007.09.21 10:14:00.498,1.6287,1.6293,12.80,20.90
2007.09.21 10:14:00.716,1.6287,1.6293,14.40,23.30
2007.09.21 10:14:01.578,1.6287,1.6291,10.40,8.00
2007.09.21 10:14:02.370,1.6287,1.629,1.60,8.80
2007.09.21 10:14:03.107,1.6286,1.629,6.50,10.40
2007.09.21 10:14:03.226,1.6286,1.629,8.10,10.40
2007.09.21 10:14:04.914,1.6287,1.629,1.60,8.80
2007.09.21 10:14:06.220,1.6286,1.629,8.10,8.80
2007.09.21 10:14:07.944,1.6287,1.629,1.60,8.80
2007.09.21 10:14:08.281,1.6287,1.62905,1.60,9.60
2007.09.21 10:14:08.499,1.6287,1.62905,1.60,8.80
2007.09.21 10:14:09.217,1.6287,1.629,5.60,0.60
2007.09.21 10:14:17.284,1.6287,1.6291,4.00,15.20
2007.09.21 10:14:17.709,1.6289,1.6291,4.00,0.70
2007.09.21 10:14:17.808,1.6289,1.6292,4.00,10.40
2007.09.21 10:14:17.909,1.6289,1.6292,4.00,8.80
2007.09.21 10:14:18.431,1.6289,1.6293,4.00,9.60
2007.09.21 10:14:19.209,1.6289,1.6293,5.60,9.60
2007.09.21 10:14:20.786,1.6289,1.6293,1.60,0.80
2007.09.21 10:14:20.841,1.62885,1.6292,4.80,8.00
2007.09.21 10:14:21.074,1.6288,1.6291,8.10,0.90
2007.09.21 10:14:25.704,1.6288,1.6291,6.50,4.00
2007.09.21 10:14:27.117,1.62875,1.6291,4.80,4.00
2007.09.21 10:14:27.425,1.62865,1.6291,4.80,4.00
2007.09.21 10:14:30.562,1.62865,1.6289,4.80,4.00
2007.09.21 10:14:30.918,1.6286,1.6289,6.40,4.00
2007.09.21 10:14:31.149,1.6286,1.6289,1.60,4.00
2007.09.21 10:14:31.953,1.62855,1.6289,4.80,4.00
2007.09.21 10:14:32.186,1.6286,1.6289,4.00,4.00
2007.09.21 10:14:32.405,1.6286,1.6289,5.60,4.00
2007.09.21 10:14:32.415,1.6286,1.6289,10.40,4.00
2007.09.21 10:14:32.932,1.6285,1.6289,21.70,4.00
2007.09.21 10:14:32.970,1.62855,1.6289,10.40,4.00
2007.09.21 10:14:33.305,1.6285,1.6289,21.70,4.00
2007.09.21 10:14:34.082,1.6286,1.6289,2.00,4.00
2007.09.21 10:14:34.208,1.6285,1.6289,7.20,6.50
2007.09.21 10:14:34.321,1.6285,1.6289,6.40,6.50
2007.09.21 10:14:34.426,1.6285,1.6289,1.10,6.50
2007.09.21 10:14:34.627,1.6285,1.6289,0.70,16.10
2007.09.21 10:14:34.751,1.6281,1.6289,5.60,20.10
2007.09.21 10:14:34.917,1.62825,1.62875,0.60,4.80
2007.09.21 10:14:35.422,1.6282,1.6288,6.40,4.80
2007.09.21 10:14:35.967,1.62825,1.62875,1.40,4.80
2007.09.21 10:14:44.503,1.6283,1.62875,0.70,4.80
2007.09.21 10:14:44.569,1.6283,1.62885,6.40,4.80
2007.09.21 10:14:49.447,1.6283,1.6289,6.40,4.80
2007.09.21 10:14:50.301,1.6283,1.6291,16.00,0.80
2007.09.21 10:14:50.765,1.62845,1.62895,2.00,4.80
2007.09.21 10:14:50.854,1.6283,1.6292,24.00,18.50
2007.09.21 10:14:50.941,1.6283,1.6292,24.00,16.90
2007.09.21 10:14:51.158,1.6282,1.6292,22.50,16.90
2007.09.21 10:14:51.597,1.6283,1.6292,1.20,7.30
2007.09.21 10:14:51.818,1.6286,1.629,9.60,10.40
2007.09.21 10:14:52.134,1.6286,1.629,9.60,5.60
2007.09.21 10:14:54.216,1.62855,1.629,10.40,12.10
2007.09.21 10:14:54.332,1.6282,1.629,22.50,11.30
2007.09.21 10:14:54.576,1.6283,1.6289,24.00,4.80
2007.09.21 10:14:54.739,1.6283,1.6291,24.00,1.60
2007.09.21 10:14:54.842,1.6283,1.6292,24.00,22.60
2007.09.21 10:14:55.098,1.6285,1.6292,1.60,22.60
2007.09.21 10:14:55.186,1.6285,1.6292,0.50,18.60
2007.09.21 10:14:55.274,1.6285,1.6292,2.50,2.40
2007.09.21 10:14:55.387,1.6284,1.6293,24.80,22.50
2007.09.21 10:14:55.520,1.6283,1.6293,24.00,22.50
2007.09.21 10:14:56.255,1.6284,1.6291,6.30,14.40
2007.09.21 10:14:56.340,1.6284,1.6291,9.90,15.20
2007.09.21 10:14:56.661,1.6283,1.6291,21.70,15.20
2007.09.21 10:14:56.781,1.6284,1.629,20.80,4.80
2007.09.21 10:14:59.143,1.6285,1.629,8.80,4.80
2007.09.21 10:14:59.250,1.6286,1.629,1.30,4.80
2007.09.21 10:14:59.509,1.6285,1.6291,18.40,13.70
2007.09.21 10:14:59.888,1.6286,1.6291,3.90,13.70
2007.09.21 10:15:01.266,1.6286,1.629,14.40,4.00
2007.09.21 10:15:01.802,1.6286,1.629,12.80,4.00
2007.09.21 10:15:02.784,1.6286,1.629,14.40,4.00
2007.09.21 10:15:02.874,1.6287,1.629,1.60,4.00
2007.09.21 10:15:03.303,1.6286,1.6294,24.00,1.60
2007.09.21 10:15:03.677,1.62875,1.62925,4.80,4.80
2007.09.21 10:15:03.945,1.6286,1.6295,19.20,22.50
2007.09.21 10:15:03.947,1.6286,1.6295,19.20,22.50
2007.09.21 10:15:05.297,1.6286,1.6293,15.20,4.80
2007.09.21 10:15:05.332,1.6286,1.6293,1.60,8.80
2007.09.21 10:15:05.655,1.6287,1.6292,4.80,4.80
2007.09.21 10:15:07.191,1.6285,1.6292,21.70,4.80
2007.09.21 10:15:07.786,1.62865,1.62915,4.80,4.80
2007.09.21 10:15:09.552,1.62865,1.6294,4.80,17.70
2007.09.21 10:15:09.719,1.6287,1.6294,4.80,17.70
2007.09.21 10:15:12.268,1.6287,1.6292,4.80,8.80
2007.09.21 10:15:12.561,1.62865,1.62915,4.80,4.80
2007.09.21 10:15:14.066,1.6286,1.6291,6.40,4.80
2007.09.21 10:15:14.676,1.6286,1.6291,6.40,8.80
2007.09.21 10:15:14.804,1.6284,1.6291,20.90,12.80
2007.09.21 10:15:15.008,1.6286,1.6291,4.80,12.80
2007.09.21 10:15:15.794,1.62855,1.62905,4.80,4.80
2007.09.21 10:15:15.869,1.6286,1.62905,1.60,4.80
2007.09.21 10:15:17.159,1.62855,1.62905,4.80,4.80
2007.09.21 10:15:17.917,1.6286,1.62905,1.60,4.80
2007.09.21 10:15:18.241,1.6286,1.62905,10.40,4.80
2007.09.21 10:15:18.360,1.6287,1.62905,1.60,4.80
2007.09.21 10:15:18.478,1.6287,1.6291,1.60,4.00
2007.09.21 10:15:23.987,1.62865,1.6291,4.80,5.60
2007.09.21 10:15:24.455,1.6286,1.6291,17.70,5.60
2007.09.21 10:15:24.519,1.6286,1.6291,7.70,10.40
2007.09.21 10:15:25.769,1.6286,1.6291,3.50,14.40
2007.09.21 10:15:25.877,1.6286,1.6291,0.80,15.30
2007.09.21 10:15:25.963,1.6286,1.6291,2.60,16.10
2007.09.21 10:15:26.284,1.6285,1.629,17.70,4.00
2007.09.21 10:15:26.389,1.6285,1.629,17.70,4.00
2007.09.21 10:15:26.821,1.62855,1.629,6.40,4.00
2007.09.21 10:15:27.262,1.62855,1.629,6.40,4.80
2007.09.21 10:15:28.940,1.6285,1.629,17.70,4.80
2007.09.21 10:15:29.802,1.6285,1.629,3.10,9.60
2007.09.21 10:15:30.688,1.6285,1.629,17.70,4.80
2007.09.21 10:15:31.447,1.6284,1.629,20.90,9.60
2007.09.21 10:15:34.598,1.62855,1.629,1.70,4.80
2007.09.21 10:15:35.322,1.6285,1.629,17.70,6.40
2007.09.21 10:15:35.333,1.6285,1.629,4.50,11.20
2007.09.21 10:15:37.247,1.6284,1.629,20.90,9.60
2007.09.21 10:15:37.661,1.6285,1.629,6.10,13.60
2007.09.21 10:15:37.799,1.6285,1.6289,3.80,4.00
2007.09.21 10:15:37.886,1.6285,1.6289,0.60,4.80
2007.09.21 10:15:37.996,1.6284,1.6289,16.90,4.80
2007.09.21 10:15:38.025,1.6283,1.6289,21.70,9.60
2007.09.21 10:15:38.588,1.6284,1.6289,16.90,4.80
2007.09.21 10:15:39.538,1.6284,1.6289,4.40,9.60
2007.09.21 10:15:48.347,1.6283,1.6289,21.70,11.20
2007.09.21 10:15:49.171,1.6283,1.6289,21.70,9.60
2007.09.21 10:15:51.436,1.6284,1.6289,16.90,4.80
2007.09.21 10:15:53.339,1.6284,1.6289,16.90,9.60
2007.09.21 10:15:59.204,1.62845,1.6289,4.80,4.80
2007.09.21 10:15:59.290,1.62845,1.6289,4.80,8.90
2007.09.21 10:15:59.388,1.62845,1.6289,4.80,10.50
2007.09.21 10:15:59.518,1.6284,1.6289,4.80,15.30
2007.09.21 10:15:59.937,1.62835,1.62885,4.80,4.80
2007.09.21 10:16:00.035,1.6283,1.6288,6.40,4.80
2007.09.21 10:16:01.477,1.6283,1.62875,1.60,4.80
2007.09.21 10:16:02.232,1.6283,1.62875,5.60,4.80
2007.09.21 10:16:02.873,1.6283,1.6287,5.60,4.80
2007.09.21 10:16:02.963,1.6283,1.6287,4.00,4.80
2007.09.21 10:16:03.056,1.6283,1.6287,4.00,9.60
2007.09.21 10:16:03.402,1.6283,1.6287,4.00,11.20
2007.09.21 10:16:06.463,1.6282,1.6287,17.70,11.20
2007.09.21 10:16:06.784,1.6284,1.6287,4.00,11.20
2007.09.21 10:16:06.896,1.6284,1.6287,4.00,10.40
2007.09.21 10:16:07.110,1.6284,1.6287,4.00,5.60
2007.09.21 10:16:07.411,1.6284,1.6287,4.00,4.00
2007.09.21 10:16:08.710,1.6285,1.6288,4.00,13.80
2007.09.21 10:16:08.810,1.6284,1.6288,0.80,12.90
2007.09.21 10:16:08.917,1.6283,1.6288,13.60,12.90
2007.09.21 10:16:09.147,1.6283,1.6288,12.80,13.80
2007.09.21 10:16:09.247,1.62835,1.6288,4.80,9.00
2007.09.21 10:16:09.648,1.6283,1.6288,12.80,13.80
2007.09.21 10:16:09.760,1.6283,1.6286,8.80,4.00
2007.09.21 10:16:10.063,1.6283,1.6286,4.00,4.00
2007.09.21 10:16:11.857,1.62825,1.6286,4.80,4.10
2007.09.21 10:16:12.156,1.62815,1.6286,4.80,4.10
2007.09.21 10:16:12.379,1.62815,1.6286,4.80,5.70
2007.09.21 10:16:12.814,1.62815,1.6286,4.80,8.20
2007.09.21 10:16:13.028,1.6281,1.6286,15.20,13.00
2007.09.21 10:16:17.469,1.6281,1.6286,13.60,13.00
2007.09.21 10:16:17.783,1.6282,1.6286,4.00,13.00
2007.09.21 10:16:18.286,1.6281,1.6286,13.60,13.00
2007.09.21 10:16:20.937,1.6281,1.6286,15.20,13.00
2007.09.21 10:16:21.480,1.6281,1.6286,13.60,13.00
2007.09.21 10:16:21.917,1.6281,1.6286,15.20,13.00
2007.09.21 10:16:24.311,1.6281,1.6284,10.40,4.00
2007.09.21 10:16:24.409,1.6281,1.6284,5.60,4.00
2007.09.21 10:16:24.422,1.6281,1.6284,4.00,4.00
2007.09.21 10:16:24.991,1.6281,1.6285,4.00,9.60
2007.09.21 10:16:28.315,1.628,1.62845,7.20,7.30
2007.09.21 10:16:28.445,1.628,1.62845,6.40,8.10
2007.09.21 10:16:28.459,1.628,1.6284,1.60,0.60
2007.09.21 10:16:28.532,1.6279,1.62845,11.20,12.90
2007.09.21 10:16:28.751,1.6279,1.6284,11.20,12.90
2007.09.21 10:16:29.501,1.6279,1.6284,9.60,14.50
2007.09.21 10:16:29.915,1.6279,1.6284,11.20,14.50
2007.09.21 10:16:30.350,1.6279,1.6283,11.20,8.00
2007.09.21 10:16:30.455,1.6279,1.6282,10.40,0.60
2007.09.21 10:16:30.685,1.6279,1.6282,12.90,0.80
2007.09.21 10:16:30.729,1.6279,1.62825,8.10,4.80
2007.09.21 10:16:31.655,1.6279,1.62825,12.90,4.80
2007.09.21 10:16:31.825,1.6281,1.6283,6.50,1.60
2007.09.21 10:16:32.163,1.6281,1.6284,6.50,0.80
2007.09.21 10:16:32.262,1.6281,1.62845,6.50,4.80
2007.09.21 10:16:32.469,1.6281,1.62845,8.10,4.80
2007.09.21 10:16:33.944,1.6281,1.6284,6.50,0.50
2007.09.21 10:16:34.879,1.628,1.6284,7.20,0.80
2007.09.21 10:16:34.986,1.628,1.62845,4.80,5.60
2007.09.21 10:16:35.122,1.62795,1.6284,4.80,5.60
2007.09.21 10:16:35.316,1.6281,1.6284,4.00,5.60
2007.09.21 10:16:35.633,1.6281,1.62845,4.00,4.80
2007.09.21 10:16:35.850,1.628,1.6284,7.20,0.90
2007.09.21 10:16:35.955,1.628,1.6284,4.80,0.60
2007.09.21 10:16:36.279,1.62795,1.62835,4.80,0.80
2007.09.21 10:16:37.270,1.628,1.6284,1.60,5.60
2007.09.21 10:16:37.334,1.6281,1.6284,4.00,5.60
2007.09.21 10:16:37.739,1.6281,1.6284,4.00,0.80
2007.09.21 10:16:38.468,1.6281,1.62845,5.60,4.80
2007.09.21 10:16:39.315,1.6281,1.6283,1.60,8.00
2007.09.21 10:16:39.544,1.62805,1.6283,4.80,8.00
2007.09.21 10:16:39.725,1.628,1.62825,1.60,4.80
2007.09.21 10:16:42.773,1.628,1.6283,1.60,1.60
2007.09.21 10:16:42.987,1.6279,1.62825,13.70,0.80
2007.09.21 10:16:43.035,1.62795,1.6284,4.80,5.60
2007.09.21 10:16:46.358,1.62795,1.6283,4.80,8.00
2007.09.21 10:16:46.488,1.6279,1.6282,12.90,0.80
2007.09.21 10:16:46.859,1.6279,1.62825,8.90,4.80
2007.09.21 10:16:46.984,1.6279,1.6282,6.40,0.70
2007.09.21 10:16:47.102,1.6279,1.6282,4.80,0.80
2007.09.21 10:16:47.368,1.6278,1.6282,12.90,5.60
2007.09.21 10:16:47.410,1.6278,1.6281,4.80,0.80
2007.09.21 10:16:47.535,1.6278,1.6282,4.80,5.60
2007.09.21 10:16:47.970,1.6277,1.6282,6.40,10.40
2007.09.21 10:16:48.483,1.6277,1.6282,4.80,10.40
2007.09.21 10:16:49.533,1.6279,1.6281,4.00,0.80
2007.09.21 10:16:49.592,1.6279,1.6283,4.00,11.20
2007.09.21 10:16:50.206,1.62785,1.6283,4.80,11.20
2007.09.21 10:16:50.297,1.6281,1.62835,4.00,7.20
2007.09.21 10:16:50.548,1.6281,1.62835,4.00,6.40
2007.09.21 10:16:53.442,1.6279,1.6283,7.20,1.60
2007.09.21 10:16:53.550,1.6277,1.6283,12.10,1.60
2007.09.21 10:16:53.643,1.6278,1.6283,4.80,6.40
2007.09.21 10:16:53.652,1.6278,1.6282,4.80,0.80
2007.09.21 10:16:53.946,1.6278,1.6282,4.80,1.60
2007.09.21 10:16:54.216,1.62775,1.6282,4.80,1.60
2007.09.21 10:16:58.808,1.6279,1.6282,4.00,1.60
2007.09.21 10:16:58.915,1.6279,1.6282,4.00,0.80
2007.09.21 10:16:59.258,1.6279,1.6283,4.00,3.20
2007.09.21 10:16:59.471,1.6279,1.6283,6.50,3.20
2007.09.21 10:17:06.892,1.6279,1.6283,6.50,2.40
2007.09.21 10:17:07.943,1.6279,1.6283,6.50,3.20
2007.09.21 10:17:27.660,1.6279,1.6282,6.50,4.00
2007.09.21 10:17:27.762,1.6279,1.6282,6.50,4.80
2007.09.21 10:17:28.021,1.6279,1.6282,6.50,5.60
2007.09.21 10:17:28.206,1.6279,1.6282,2.50,5.60
2007.09.21 10:17:28.300,1.62785,1.6282,4.80,5.60
2007.09.21 10:17:28.798,1.6278,1.6282,12.10,5.60
2007.09.21 10:17:29.145,1.6278,1.6282,7.30,5.60
2007.09.21 10:17:29.670,1.6278,1.6281,7.30,4.00
2007.09.21 10:17:29.787,1.6278,1.6281,6.50,4.80
2007.09.21 10:17:29.824,1.6278,1.6281,11.30,4.80
2007.09.21 10:17:30.109,1.6278,1.6281,12.90,4.80
2007.09.21 10:17:30.218,1.6278,1.6281,12.90,5.60
2007.09.21 10:17:30.315,1.6278,1.6282,12.90,9.60
2007.09.21 10:17:30.539,1.62785,1.6282,4.80,9.60
2007.09.21 10:17:30.768,1.6279,1.6282,4.80,9.60
2007.09.21 10:17:31.342,1.62785,1.6281,4.80,5.60
2007.09.21 10:17:32.205,1.6279,1.6281,4.80,5.60
2007.09.21 10:17:32.514,1.6277,1.6281,1.60,5.60
2007.09.21 10:17:32.562,1.62785,1.6281,4.80,5.60
2007.09.21 10:17:32.709,1.62785,1.628,4.80,0.80
2007.09.21 10:17:32.882,1.62785,1.628,4.80,1.60
2007.09.21 10:17:37.334,1.62785,1.628,4.80,0.80
2007.09.21 10:17:37.604,1.62785,1.62835,4.80,4.80
2007.09.21 10:17:37.839,1.62785,1.6283,4.80,0.80
2007.09.21 10:17:38.237,1.6279,1.6283,4.80,1.60
2007.09.21 10:17:39.135,1.6277,1.6283,21.70,1.60
2007.09.21 10:17:42.678,1.6277,1.6283,17.70,1.60
2007.09.21 10:17:42.786,1.6277,1.6282,1.60,0.80
2007.09.21 10:17:43.045,1.6278,1.6282,4.80,1.60
2007.09.21 10:17:43.857,1.62785,1.6282,4.80,1.60
2007.09.21 10:17:44.794,1.62785,1.6282,4.80,0.80
2007.09.21 10:17:45.064,1.62785,1.62835,4.80,4.80
2007.09.21 10:17:46.967,1.6279,1.62835,4.00,4.80
2007.09.21 10:17:47.230,1.62795,1.62835,4.80,0.80
2007.09.21 10:17:47.589,1.6279,1.62835,8.80,0.80
2007.09.21 10:17:53.031,1.6279,1.62835,2.40,0.80
2007.09.21 10:17:54.832,1.6279,1.62835,3.20,0.80
2007.09.21 10:17:54.929,1.6279,1.62835,3.00,0.80
2007.09.21 10:17:55.209,1.62795,1.62835,0.50,0.80
2007.09.21 10:17:56.275,1.6279,1.62835,11.30,0.80
2007.09.21 10:17:57.346,1.6279,1.62835,11.30,0.80
2007.09.21 10:17:59.871,1.62785,1.62835,0.70,5.60
2007.09.21 10:18:00.491,1.6278,1.62835,12.90,0.80
2007.09.21 10:18:01.451,1.62785,1.62835,2.50,5.60
2007.09.21 10:18:02.044,1.6278,1.6283,12.90,0.80
2007.09.21 10:18:02.353,1.6278,1.62825,12.90,0.80
2007.09.21 10:18:11.409,1.6279,1.62825,1.60,0.80
2007.09.21 10:18:13.783,1.6279,1.62825,2.20,0.80
2007.09.21 10:18:13.913,1.6278,1.62825,17.70,0.80
2007.09.21 10:18:13.990,1.6279,1.62825,11.30,0.80
2007.09.21 10:18:14.465,1.62795,1.6284,2.70,1.60
2007.09.21 10:18:19.599,1.6279,1.6284,12.90,1.60
2007.09.21 10:18:22.697,1.6279,1.6284,12.90,1.60
2007.09.21 10:18:24.481,1.628,1.6284,0.90,1.60
2007.09.21 10:18:24.713,1.628,1.6284,2.80,0.80
2007.09.21 10:18:24.815,1.6279,1.6284,17.70,0.80
2007.09.21 10:18:24.938,1.628,1.6284,3.80,0.80
2007.09.21 10:18:25.117,1.628,1.6285,1.90,10.40
2007.09.21 10:18:25.261,1.6279,1.6285,21.70,6.40
2007.09.21 10:18:25.669,1.6279,1.6285,17.70,6.40
2007.09.21 10:18:25.771,1.628,1.6285,11.30,1.60
2007.09.21 10:18:25.799,1.6278,1.6285,21.70,1.60
2007.09.21 10:18:26.749,1.6278,1.6285,21.70,5.60
2007.09.21 10:18:26.851,1.6278,1.6284,16.90,0.80
2007.09.21 10:18:27.037,1.6279,1.62835,2.60,0.80
2007.09.21 10:18:27.339,1.6279,1.62835,12.90,0.80
2007.09.21 10:18:28.000,1.6279,1.62835,22.50,0.80
2007.09.21 10:18:28.244,1.628,1.62835,3.10,0.80
2007.09.21 10:18:28.344,1.6279,1.62835,27.30,0.80
2007.09.21 10:18:28.542,1.628,1.62835,6.80,0.80
2007.09.21 10:18:28.770,1.62805,1.62845,1.60,0.80
2007.09.21 10:18:28.938,1.628,1.6286,24.90,1.60
2007.09.21 10:18:30.566,1.62815,1.6286,12.80,1.60
2007.09.21 10:18:30.673,1.62815,1.6286,12.80,0.80
2007.09.21 10:18:31.095,1.62825,1.62865,2.10,0.80
2007.09.21 10:18:32.252,1.6282,1.6286,11.30,0.80
2007.09.21 10:18:32.893,1.6282,1.62855,0.80,0.80
2007.09.21 10:18:33.196,1.62815,1.62855,2.70,0.80
2007.09.21 10:18:34.237,1.62815,1.62855,8.80,0.80
2007.09.21 10:18:34.320,1.62815,1.62855,15.30,0.80
2007.09.21 10:18:34.479,1.6281,1.62855,21.70,0.80
2007.09.21 10:18:34.665,1.6281,1.62865,21.70,0.80
2007.09.21 10:18:35.000,1.6282,1.62865,15.30,0.80
2007.09.21 10:18:39.079,1.6282,1.62865,4.80,0.80
2007.09.21 10:18:40.234,1.6282,1.62865,12.80,0.80
2007.09.21 10:18:40.375,1.62825,1.62865,4.80,0.80
2007.09.21 10:18:46.776,1.62825,1.6286,4.80,0.80
2007.09.21 10:18:47.225,1.62815,1.62855,4.80,0.80
2007.09.21 10:18:51.137,1.6282,1.62855,4.80,0.80
2007.09.21 10:18:51.610,1.62825,1.62855,4.80,0.80
2007.09.21 10:18:52.205,1.62825,1.62865,4.80,0.80
2007.09.21 10:18:53.669,1.6282,1.62865,15.30,0.80
2007.09.21 10:18:53.733,1.6282,1.6286,7.30,0.80
2007.09.21 10:18:53.839,1.6282,1.6286,4.80,0.80
2007.09.21 10:18:54.189,1.6282,1.62855,4.80,0.80
2007.09.21 10:18:54.768,1.62815,1.62855,4.80,0.80
2007.09.21 10:18:56.794,1.6282,1.62855,4.80,0.80
2007.09.21 10:18:58.187,1.6282,1.62865,4.80,0.80
2007.09.21 10:18:58.345,1.6282,1.62865,12.80,0.80
2007.09.21 10:18:58.401,1.6282,1.62865,15.30,0.80
2007.09.21 10:18:58.606,1.62825,1.62865,4.80,0.80
2007.09.21 10:19:02.553,1.6285,1.62865,4.00,0.80
2007.09.21 10:19:02.906,1.6285,1.6288,4.00,1.60
2007.09.21 10:19:05.779,1.62845,1.6288,4.80,1.60
2007.09.21 10:19:06.098,1.6284,1.6288,11.20,1.60
2007.09.21 10:19:06.533,1.6283,1.6288,22.40,1.60
2007.09.21 10:19:07.239,1.6284,1.6287,2.80,4.00
2007.09.21 10:19:07.320,1.6284,1.6287,5.00,4.00
2007.09.21 10:19:07.418,1.6283,1.6287,15.20,4.00
2007.09.21 10:19:09.266,1.62855,1.6287,1.10,4.00
2007.09.21 10:19:09.315,1.6285,1.62875,13.60,0.80
2007.09.21 10:19:09.655,1.6285,1.6289,13.60,5.60
2007.09.21 10:19:10.602,1.62855,1.6289,1.00,5.60
2007.09.21 10:19:10.638,1.62865,1.6289,0.80,5.60
2007.09.21 10:19:13.747,1.6286,1.6289,14.40,4.80
2007.09.21 10:19:13.752,1.6287,1.6289,1.40,4.80
2007.09.21 10:19:13.839,1.6287,1.6289,1.30,4.80
2007.09.21 10:19:13.971,1.6287,1.6289,0.80,4.00
2007.09.21 10:19:14.262,1.6287,1.6289,1.50,4.00
2007.09.21 10:19:14.671,1.6286,1.6292,20.90,10.40
2007.09.21 10:19:14.773,1.6286,1.629,20.90,0.80
2007.09.21 10:19:14.790,1.6286,1.62915,20.90,0.80
2007.09.21 10:19:15.629,1.6286,1.62915,20.90,0.80
2007.09.21 10:19:15.726,1.6286,1.62915,14.40,0.80
2007.09.21 10:19:15.786,1.6287,1.6291,0.80,5.60
2007.09.21 10:19:15.834,1.6285,1.6291,16.10,6.40
2007.09.21 10:19:16.258,1.6283,1.629,22.50,0.80
2007.09.21 10:19:16.433,1.6284,1.629,11.30,1.60
2007.09.21 10:19:22.187,1.62855,1.6289,1.80,4.00
2007.09.21 10:19:22.294,1.6284,1.6288,12.90,0.80
2007.09.21 10:19:22.352,1.6284,1.6288,6.00,0.80
2007.09.21 10:19:22.619,1.6283,1.6288,17.70,1.60
2007.09.21 10:19:22.712,1.6283,1.6288,9.70,1.60
2007.09.21 10:19:22.874,1.6284,1.6288,3.60,1.60
2007.09.21 10:19:22.971,1.6284,1.6287,2.20,0.80
2007.09.21 10:19:22.998,1.62835,1.6287,0.90,0.80
2007.09.21 10:19:23.466,1.6283,1.6287,6.40,1.60
2007.09.21 10:19:23.912,1.6283,1.6289,6.40,23.20
2007.09.21 10:19:24.225,1.6283,1.6287,6.40,1.60
2007.09.21 10:19:30.248,1.6283,1.6287,1.60,1.60
2007.09.21 10:19:33.866,1.6282,1.6287,26.50,1.60
2007.09.21 10:19:34.365,1.62835,1.6287,4.80,1.60
2007.09.21 10:19:34.600,1.6282,1.6289,21.70,8.80
2007.09.21 10:19:35.945,1.6284,1.6289,4.80,8.80
2007.09.21 10:19:36.685,1.6284,1.6287,4.80,5.60
2007.09.21 10:19:36.786,1.6284,1.6286,4.80,0.80
2007.09.21 10:19:37.213,1.6282,1.6286,12.10,0.80
2007.09.21 10:19:37.226,1.62825,1.6286,4.80,1.60
2007.09.21 10:19:37.312,1.6283,1.6286,1.60,0.80
2007.09.21 10:19:37.584,1.6283,1.6287,1.60,12.00
2007.09.21 10:19:37.627,1.6283,1.6287,1.60,14.50
2007.09.21 10:19:37.772,1.6283,1.6287,1.60,9.70
2007.09.21 10:19:38.196,1.6283,1.6287,1.60,14.50
2007.09.21 10:19:38.675,1.6283,1.6287,1.60,10.50
2007.09.21 10:19:38.780,1.6283,1.6287,1.60,8.00
2007.09.21 10:19:38.856,1.62835,1.6287,4.80,3.20
2007.09.21 10:19:38.879,1.62835,1.6287,4.80,1.60
2007.09.21 10:19:39.614,1.62835,1.6287,4.80,0.80
2007.09.21 10:19:39.987,1.6283,1.629,4.80,8.90
2007.09.21 10:19:40.163,1.6283,1.62905,4.80,9.70
2007.09.21 10:19:40.326,1.6283,1.629,4.80,0.60
2007.09.21 10:19:40.761,1.6283,1.6291,4.80,24.00
2007.09.21 10:19:40.881,1.62835,1.62885,4.80,6.40
2007.09.21 10:19:41.353,1.62835,1.6287,4.80,5.60
2007.09.21 10:19:41.608,1.62835,1.6287,4.80,6.40
2007.09.21 10:19:42.176,1.6284,1.6286,4.00,0.80
2007.09.21 10:19:42.282,1.6284,1.6286,4.00,0.80
2007.09.21 10:19:42.786,1.6284,1.62865,4.00,0.80
2007.09.21 10:19:46.236,1.6285,1.62865,4.00,0.80
2007.09.21 10:19:46.265,1.62855,1.62865,4.80,0.80
2007.09.21 10:19:46.355,1.62855,1.62905,4.80,11.20
2007.09.21 10:19:46.595,1.62855,1.62895,4.80,0.80
2007.09.21 10:19:46.760,1.62855,1.62905,4.80,11.20
2007.09.21 10:19:46.772,1.62855,1.6289,4.80,0.80
2007.09.21 10:19:47.020,1.62845,1.62885,4.80,0.80
2007.09.21 10:19:48.276,1.62845,1.62885,4.80,1.60
2007.09.21 10:19:48.384,1.6282,1.62885,21.70,1.60
2007.09.21 10:19:48.612,1.6282,1.62875,21.70,0.80
2007.09.21 10:19:51.218,1.6284,1.6288,4.80,1.60
2007.09.21 10:19:51.580,1.62845,1.6288,4.80,1.60
2007.09.21 10:19:51.747,1.6285,1.6288,4.00,1.60
2007.09.21 10:19:51.843,1.6285,1.6289,8.00,1.60
2007.09.21 10:19:52.061,1.62855,1.6289,4.80,0.50
2007.09.21 10:19:52.534,1.6286,1.629,4.80,5.60
2007.09.21 10:19:52.907,1.62855,1.629,4.80,5.60
2007.09.21 10:19:55.059,1.6286,1.6289,4.80,0.90
2007.09.21 10:19:57.013,1.6284,1.629,8.10,7.20
2007.09.21 10:19:57.249,1.62845,1.6289,4.80,0.90
2007.09.21 10:19:57.712,1.6285,1.629,4.80,12.00
2007.09.21 10:19:58.324,1.62845,1.6289,4.80,0.50
2007.09.21 10:19:59.203,1.62845,1.62895,4.80,14.40
2007.09.21 10:19:59.311,1.62845,1.6288,4.80,0.80
2007.09.21 10:19:59.439,1.6285,1.6289,4.80,9.60
2007.09.21 10:19:59.695,1.62845,1.62875,4.80,0.80
2007.09.21 10:20:00.763,1.6284,1.62875,12.90,0.80
2007.09.21 10:20:01.341,1.6284,1.6288,11.30,1.60
2007.09.21 10:20:01.439,1.6284,1.6288,6.50,1.60
2007.09.21 10:20:02.802,1.6285,1.6288,8.00,1.60
2007.09.21 10:20:03.168,1.6285,1.62885,8.00,0.80
2007.09.21 10:20:09.261,1.6285,1.6288,4.00,0.80
2007.09.21 10:20:09.385,1.62845,1.6288,4.80,0.80
2007.09.21 10:20:09.712,1.6284,1.62875,8.10,0.80
2007.09.21 10:20:09.984,1.6284,1.62875,6.50,0.80
2007.09.21 10:20:10.195,1.6284,1.62875,8.10,0.80
2007.09.21 10:20:11.230,1.6284,1.62875,6.50,0.80
2007.09.21 10:20:12.236,1.6285,1.62875,4.00,0.80
2007.09.21 10:20:12.337,1.6285,1.62875,6.50,0.80
2007.09.21 10:20:12.771,1.6285,1.62875,2.50,0.80
2007.09.21 10:20:12.853,1.6284,1.62875,12.90,0.80
2007.09.21 10:20:12.986,1.6284,1.62875,11.30,0.80
2007.09.21 10:20:13.201,1.6284,1.62875,12.90,0.80
2007.09.21 10:20:13.674,1.6284,1.62875,8.10,0.80
2007.09.21 10:20:13.834,1.6284,1.62875,8.90,0.80
2007.09.21 10:20:14.281,1.6284,1.62875,13.70,0.80
2007.09.21 10:20:14.748,1.6285,1.62875,8.00,0.80
2007.09.21 10:20:15.273,1.6284,1.62875,13.70,0.80
2007.09.21 10:20:15.707,1.6285,1.62875,4.00,0.80
2007.09.21 10:20:15.815,1.6285,1.62875,8.00,0.80
2007.09.21 10:20:16.098,1.6285,1.62885,8.00,0.80
2007.09.21 10:20:16.328,1.6285,1.62885,10.50,0.80
2007.09.21 10:20:18.253,1.6285,1.62885,2.50,0.80
2007.09.21 10:20:18.371,1.62845,1.6288,4.80,0.80
2007.09.21 10:20:18.520,1.62845,1.62875,4.80,0.80
2007.09.21 10:20:18.711,1.6284,1.62875,8.10,0.80
2007.09.21 10:20:19.415,1.6284,1.62875,8.90,0.80
2007.09.21 10:20:20.146,1.6284,1.62875,13.70,0.80
2007.09.21 10:20:24.688,1.6285,1.62875,4.00,0.80
2007.09.21 10:20:24.808,1.6285,1.62875,8.00,0.80
2007.09.21 10:20:24.904,1.6285,1.62875,9.60,0.80
2007.09.21 10:20:25.253,1.6285,1.62885,9.60,0.80
2007.09.21 10:20:27.198,1.6285,1.62885,5.60,0.80
2007.09.21 10:20:27.300,1.6285,1.6288,1.60,0.80
2007.09.21 10:20:27.429,1.62845,1.6288,4.80,0.80
2007.09.21 10:20:27.812,1.62845,1.62875,4.80,0.80
2007.09.21 10:20:28.090,1.6284,1.62875,8.10,0.80
2007.09.21 10:20:30.491,1.6284,1.62875,8.30,0.80
2007.09.21 10:20:30.706,1.6286,1.62875,4.00,0.80
2007.09.21 10:20:30.781,1.62835,1.62875,4.80,0.80
2007.09.21 10:20:31.043,1.6284,1.62885,0.20,4.80
2007.09.21 10:20:31.223,1.6288,1.6292,4.80,4.00
2007.09.21 10:20:31.329,1.6289,1.6293,1.60,0.10
2007.09.21 10:20:31.424,1.6288,1.6296,1.60,17.60
2007.09.21 10:20:31.654,1.62885,1.62935,4.80,4.80
2007.09.21 10:20:31.748,1.6291,1.62935,4.00,4.80
2007.09.21 10:20:31.846,1.6291,1.62935,8.80,4.80
2007.09.21 10:20:31.941,1.6292,1.62935,1.60,4.80
2007.09.21 10:20:32.207,1.6292,1.6296,1.60,4.00
2007.09.21 10:20:32.263,1.6291,1.6296,10.40,4.00
2007.09.21 10:20:32.348,1.6292,1.6296,1.60,4.00
2007.09.21 10:20:32.392,1.6292,1.62945,1.60,4.80
2007.09.21 10:20:32.674,1.6292,1.6297,9.60,8.90
2007.09.21 10:20:32.715,1.6292,1.62965,9.60,4.80
2007.09.21 10:20:32.768,1.6292,1.62965,10.10,4.80
2007.09.21 10:20:32.885,1.6292,1.62965,8.00,4.80
2007.09.21 10:20:32.933,1.6292,1.6297,12.80,4.80
2007.09.21 10:20:33.202,1.6292,1.6297,24.00,4.80
2007.09.21 10:20:33.301,1.6292,1.6299,24.80,12.10
2007.09.21 10:20:33.839,1.6292,1.6299,24.80,1.60
2007.09.21 10:20:33.932,1.6292,1.63,24.80,0.80
2007.09.21 10:20:34.002,1.62935,1.62985,4.80,4.80
2007.09.21 10:20:34.027,1.62935,1.6301,4.80,22.50
2007.09.21 10:20:34.453,1.62935,1.6301,4.80,20.90
2007.09.21 10:20:34.814,1.6294,1.6301,4.80,20.90
2007.09.21 10:20:35.799,1.6294,1.6301,4.80,11.30
2007.09.21 10:20:35.920,1.6297,1.6301,4.00,8.10
2007.09.21 10:20:36.268,1.6297,1.6301,5.60,8.10
2007.09.21 10:20:36.517,1.6296,1.6301,20.40,8.10
2007.09.21 10:20:36.803,1.6296,1.6301,20.40,12.10
2007.09.21 10:20:36.954,1.6297,1.6301,2.80,16.90
2007.09.21 10:20:37.245,1.6297,1.63,2.10,4.00
2007.09.21 10:20:37.353,1.62965,1.63,2.00,4.00
2007.09.21 10:20:37.435,1.62965,1.63,0.40,6.40
2007.09.21 10:20:37.970,1.62965,1.63,0.40,4.80
2007.09.21 10:20:38.189,1.62945,1.63,17.30,9.60
2007.09.21 10:20:38.276,1.62945,1.63,13.30,13.60
2007.09.21 10:20:38.378,1.6295,1.63,13.70,8.00
2007.09.21 10:20:38.698,1.62955,1.63,2.70,4.00
2007.09.21 10:20:38.783,1.62945,1.63005,5.20,4.80
2007.09.21 10:20:38.908,1.62945,1.6305,5.20,8.10
2007.09.21 10:20:39.035,1.62955,1.6305,5.20,8.10
2007.09.21 10:20:39.667,1.6294,1.6305,6.30,8.10
2007.09.21 10:20:39.742,1.6301,1.6305,9.60,4.10
2007.09.21 10:20:39.840,1.6302,1.6306,1.70,0.80
2007.09.21 10:20:39.960,1.63015,1.63065,8.80,4.80
2007.09.21 10:20:40.217,1.63025,1.6307,0.90,12.90
2007.09.21 10:20:40.263,1.6307,1.63075,1.50,4.80
2007.09.21 10:20:40.386,1.6307,1.63075,1.50,4.80
2007.09.21 10:20:40.471,1.6306,1.631,10.40,6.50
2007.09.21 10:20:40.583,1.6306,1.631,15.20,6.50
2007.09.21 10:20:41.074,1.6307,1.631,1.20,6.50
2007.09.21 10:20:41.087,1.6306,1.631,14.40,8.10
2007.09.21 10:20:41.368,1.6306,1.631,20.90,1.60
2007.09.21 10:20:41.397,1.6307,1.6311,2.50,5.60
2007.09.21 10:20:41.493,1.6307,1.6313,3.80,1.60
2007.09.21 10:20:41.709,1.6306,1.6313,21.20,1.60
2007.09.21 10:20:41.838,1.63065,1.6312,0.40,4.00
2007.09.21 10:20:41.933,1.63065,1.6312,2.00,6.40
2007.09.21 10:20:42.253,1.6307,1.6312,0.90,10.40
2007.09.21 10:20:42.268,1.6307,1.6312,6.40,10.40
2007.09.21 10:20:42.345,1.6307,1.6312,6.40,10.40
2007.09.21 10:20:42.393,1.6307,1.6312,6.40,2.40
2007.09.21 10:20:42.609,1.63075,1.63125,2.20,4.80
2007.09.21 10:20:42.781,1.6307,1.6314,2.80,1.60
2007.09.21 10:20:42.811,1.6306,1.6314,27.30,1.60
2007.09.21 10:20:43.008,1.6307,1.63135,14.40,4.80
2007.09.21 10:20:43.457,1.6307,1.6316,24.80,21.70
2007.09.21 10:20:43.674,1.6306,1.63145,23.20,4.80
2007.09.21 10:20:44.173,1.6306,1.6314,23.20,4.00
2007.09.21 10:20:45.345,1.6306,1.6313,12.90,17.60
2007.09.21 10:20:45.435,1.6306,1.6313,12.90,19.20
2007.09.21 10:20:45.868,1.6306,1.6313,3.60,17.60
2007.09.21 10:20:46.362,1.6305,1.6313,13.60,13.60
2007.09.21 10:20:46.478,1.6306,1.6313,0.50,13.60
2007.09.21 10:20:46.781,1.6306,1.63135,0.60,4.80
2007.09.21 10:20:46.887,1.6304,1.63135,22.50,4.80
2007.09.21 10:20:47.003,1.6304,1.63135,22.50,4.80
2007.09.21 10:20:47.099,1.6305,1.63135,2.40,4.80
2007.09.21 10:20:47.227,1.6306,1.6315,6.40,17.60
2007.09.21 10:20:47.313,1.6306,1.63125,10.40,4.80
2007.09.21 10:20:47.494,1.6306,1.631,8.80,4.00
2007.09.21 10:20:47.825,1.6306,1.631,8.80,6.50
2007.09.21 10:20:47.945,1.6306,1.631,8.80,8.10
2007.09.21 10:20:47.957,1.6306,1.631,0.60,8.10
2007.09.21 10:20:48.251,1.6305,1.631,1.50,8.10
2007.09.21 10:20:48.362,1.6304,1.631,5.60,8.10
2007.09.21 10:20:48.384,1.6305,1.631,6.40,8.10
2007.09.21 10:20:48.614,1.6304,1.631,0.60,6.50
2007.09.21 10:20:48.794,1.6304,1.631,8.80,6.50
2007.09.21 10:20:48.825,1.6304,1.6309,8.80,8.00
2007.09.21 10:20:48.932,1.6304,1.6309,8.80,10.40
2007.09.21 10:20:49.117,1.6304,1.6309,8.80,10.40
2007.09.21 10:20:49.250,1.63045,1.6308,2.40,0.80
2007.09.21 10:20:49.449,1.63045,1.6308,2.80,2.40
2007.09.21 10:20:49.985,1.63045,1.6308,2.50,0.80
2007.09.21 10:20:50.415,1.6303,1.6307,6.40,7.30
2007.09.21 10:20:50.485,1.6301,1.6307,2.10,8.90
2007.09.21 10:20:50.807,1.6301,1.6307,3.10,18.50
2007.09.21 10:20:50.920,1.63025,1.6305,2.10,5.60
2007.09.21 10:20:51.141,1.63,1.6305,17.70,5.60
2007.09.21 10:20:51.851,1.6305,1.6306,0.60,5.60
2007.09.21 10:20:51.968,1.6306,1.6307,1.20,3.20
2007.09.21 10:20:52.172,1.6307,1.6308,1.00,3.20
2007.09.21 10:20:52.280,1.6307,1.6308,2.50,3.20
2007.09.21 10:20:52.914,1.6308,1.6311,2.00,6.50
2007.09.21 10:20:53.116,1.6307,1.631,10.40,6.50
2007.09.21 10:20:53.317,1.6307,1.6311,10.40,5.60
2007.09.21 10:20:53.442,1.6308,1.6312,2.10,8.10
2007.09.21 10:20:53.728,1.6307,1.6312,2.10,8.10
2007.09.21 10:20:53.854,1.6306,1.6312,17.60,4.00
2007.09.21 10:20:54.243,1.63085,1.6312,1.30,4.00
2007.09.21 10:20:54.371,1.6307,1.6312,11.20,5.60
2007.09.21 10:20:54.478,1.6306,1.6312,17.60,5.60
2007.09.21 10:20:54.901,1.6307,1.6313,5.30,0.80
2007.09.21 10:20:54.934,1.6306,1.6314,17.60,24.00
2007.09.21 10:20:55.343,1.6306,1.6313,17.60,1.60
2007.09.21 10:20:56.085,1.6306,1.6313,16.90,1.60
2007.09.21 10:20:56.193,1.6306,1.6314,5.70,22.50
2007.09.21 10:20:57.626,1.6306,1.6314,16.90,22.50
2007.09.21 10:20:57.749,1.6306,1.6314,16.10,21.70
2007.09.21 10:20:58.381,1.6307,1.6312,1.50,4.00
2007.09.21 10:20:58.471,1.6306,1.6312,16.10,5.60
2007.09.21 10:20:58.875,1.6306,1.6312,18.50,8.10
2007.09.21 10:20:59.200,1.6306,1.6312,17.60,8.10
2007.09.21 10:21:00.264,1.6307,1.6312,3.30,4.10
2007.09.21 10:21:00.361,1.6307,1.6313,4.40,0.80
2007.09.21 10:21:00.469,1.6306,1.6314,17.60,26.50
2007.09.21 10:21:00.580,1.6307,1.6314,3.80,21.70
2007.09.21 10:21:01.274,1.6311,1.6314,2.30,21.70
2007.09.21 10:21:01.364,1.631,1.6314,12.80,8.10
2007.09.21 10:21:01.483,1.631,1.6314,14.40,6.50
2007.09.21 10:21:01.832,1.6311,1.6314,8.80,6.50
2007.09.21 10:21:02.150,1.631,1.6314,14.40,6.50
2007.09.21 10:21:02.221,1.631,1.6314,10.40,6.50
2007.09.21 10:21:02.919,1.63115,1.6314,1.30,6.50
2007.09.21 10:21:03.372,1.6311,1.6315,6.40,2.40
2007.09.21 10:21:03.464,1.6311,1.6315,6.40,2.40
2007.09.21 10:21:03.480,1.6311,1.6316,6.40,8.90
2007.09.21 10:21:03.788,1.6312,1.6316,0.70,8.10
2007.09.21 10:21:03.994,1.6312,1.6316,2.10,8.10
2007.09.21 10:21:04.161,1.6312,1.6316,9.60,8.10
2007.09.21 10:21:04.295,1.6313,1.6316,1.00,8.10
2007.09.21 10:21:04.616,1.63125,1.6316,1.80,8.10
2007.09.21 10:21:04.823,1.63125,1.6316,8.80,8.10
2007.09.21 10:21:05.036,1.6313,1.6316,2.20,6.50
2007.09.21 10:21:05.183,1.6313,1.6316,8.80,6.50
2007.09.21 10:21:05.923,1.63135,1.6316,8.80,2.50
2007.09.21 10:21:05.993,1.6313,1.6316,16.80,2.50
2007.09.21 10:21:06.380,1.6313,1.6314,3.80,6.50
2007.09.21 10:21:06.488,1.6309,1.6314,10.40,6.50
2007.09.21 10:21:06.632,1.631,1.6314,6.40,6.50
2007.09.21 10:21:06.880,1.6311,1.6314,0.50,6.50
2007.09.21 10:21:07.169,1.6311,1.6314,8.80,6.50
2007.09.21 10:21:07.299,1.63115,1.6314,2.00,16.10
2007.09.21 10:21:07.392,1.63115,1.6314,1.20,20.10
2007.09.21 10:21:07.509,1.6308,1.6314,0.60,20.10
2007.09.21 10:21:07.701,1.6308,1.6314,6.40,20.10
2007.09.21 10:21:07.807,1.6309,1.6314,8.80,10.50
2007.09.21 10:21:07.920,1.6309,1.6314,14.40,8.10
2007.09.21 10:21:08.342,1.6309,1.6314,15.20,8.10
2007.09.21 10:21:09.889,1.6309,1.6312,9.60,4.00
2007.09.21 10:21:09.984,1.6309,1.6312,2.50,4.00
2007.09.21 10:21:10.011,1.6309,1.6312,2.30,4.00
2007.09.21 10:21:10.421,1.6308,1.63135,7.20,4.80
2007.09.21 10:21:10.596,1.6308,1.6313,3.50,4.80
2007.09.21 10:21:10.824,1.6308,1.6312,2.80,4.00
2007.09.21 10:21:10.990,1.6308,1.6312,0.50,4.00
2007.09.21 10:21:11.344,1.63075,1.6312,6.40,6.50
2007.09.21 10:21:11.875,1.6308,1.631,0.80,4.00
2007.09.21 10:21:12.060,1.6307,1.631,8.80,4.00
2007.09.21 10:21:12.138,1.6307,1.631,0.70,4.00
2007.09.21 10:21:12.373,1.6305,1.6311,22.40,6.40
2007.09.21 10:21:12.482,1.6305,1.6311,22.40,4.80
2007.09.21 10:21:12.685,1.6306,1.6311,2.20,4.80
2007.09.21 10:21:12.969,1.6306,1.63115,8.80,4.80
2007.09.21 10:21:14.177,1.6306,1.6312,12.10,4.80
2007.09.21 10:21:14.253,1.6307,1.6312,4.80,4.80
2007.09.21 10:21:14.866,1.6308,1.6312,8.00,4.80
2007.09.21 10:21:14.950,1.6308,1.63125,8.00,4.80
2007.09.21 10:21:15.587,1.63085,1.6313,8.80,1.60
2007.09.21 10:21:17.371,1.6309,1.6312,1.80,8.00
2007.09.21 10:21:17.471,1.63085,1.6312,8.80,9.60
2007.09.21 10:21:17.990,1.6309,1.6312,0.70,8.00
2007.09.21 10:21:24.322,1.6308,1.6312,9.60,4.00
2007.09.21 10:21:24.416,1.6308,1.63125,10.40,4.80
2007.09.21 10:21:25.000,1.6308,1.6313,15.20,6.40
2007.09.21 10:21:27.745,1.6308,1.6312,3.80,4.00
2007.09.21 10:21:27.823,1.6307,1.6312,13.70,4.00
2007.09.21 10:21:28.035,1.6308,1.6312,2.00,4.00
2007.09.21 10:21:28.165,1.6306,1.6312,20.90,8.80
2007.09.21 10:21:28.352,1.6306,1.631,20.90,4.00
2007.09.21 10:21:28.453,1.6306,1.631,17.70,4.00
2007.09.21 10:21:28.791,1.63065,1.631,12.90,4.00
2007.09.21 10:21:29.198,1.63065,1.631,13.70,4.00
2007.09.21 10:21:29.277,1.6308,1.63115,9.60,4.80
2007.09.21 10:21:29.378,1.6309,1.6312,1.40,5.60
2007.09.21 10:21:29.404,1.6308,1.6311,0.90,4.00
2007.09.21 10:21:30.130,1.63075,1.6311,8.80,4.00
2007.09.21 10:21:31.458,1.6307,1.6312,11.20,12.10
2007.09.21 10:21:31.553,1.6307,1.6311,8.80,1.60
2007.09.21 10:21:31.740,1.6307,1.6311,4.00,1.60
2007.09.21 10:21:31.768,1.6307,1.6311,4.00,5.60
2007.09.21 10:21:31.858,1.6307,1.6311,4.00,6.40
2007.09.21 10:21:32.042,1.6307,1.63105,4.00,4.80
2007.09.21 10:21:32.291,1.6306,1.631,8.10,4.00
2007.09.21 10:21:33.315,1.6306,1.6309,8.10,4.00
2007.09.21 10:21:33.529,1.6306,1.6309,6.50,4.00
2007.09.21 10:21:37.882,1.6307,1.63095,4.00,4.80
2007.09.21 10:21:38.094,1.6307,1.63095,5.60,4.80
2007.09.21 10:21:38.148,1.6307,1.631,5.60,4.00
2007.09.21 10:21:42.462,1.6307,1.631,1.60,4.00
2007.09.21 10:21:42.750,1.63065,1.631,4.80,4.00
2007.09.21 10:21:43.153,1.6306,1.631,8.10,4.00
2007.09.21 10:21:44.413,1.6307,1.631,4.00,4.00
2007.09.21 10:21:44.517,1.6307,1.631,5.60,4.00
2007.09.21 10:21:44.727,1.6307,1.63105,5.60,4.80
2007.09.21 10:21:44.832,1.6307,1.63105,6.40,4.80
2007.09.21 10:21:44.852,1.6307,1.6311,6.40,1.60
2007.09.21 10:21:44.918,1.6307,1.63115,6.40,4.80
2007.09.21 10:21:45.689,1.6307,1.6312,11.20,11.20
2007.09.21 10:21:46.484,1.63075,1.6312,4.80,6.40
2007.09.21 10:21:47.928,1.63065,1.63115,4.80,4.80
2007.09.21 10:21:48.664,1.63065,1.631,4.80,4.00
2007.09.21 10:21:49.791,1.63065,1.63115,4.80,4.80
2007.09.21 10:21:51.363,1.6307,1.63115,4.00,4.80
2007.09.21 10:21:51.494,1.6307,1.6312,8.80,11.20
2007.09.21 10:21:51.568,1.6307,1.6311,10.40,1.60
2007.09.21 10:21:51.661,1.6307,1.6311,11.20,1.60
2007.09.21 10:21:53.756,1.6309,1.6311,4.00,1.60
2007.09.21 10:21:53.957,1.6309,1.6312,4.00,10.40
2007.09.21 10:21:54.249,1.6309,1.6312,4.00,5.60
2007.09.21 10:21:54.900,1.6309,1.63125,4.00,10.40
2007.09.21 10:21:55.532,1.6309,1.6312,6.50,0.50
2007.09.21 10:21:56.038,1.6309,1.6313,2.50,9.60
2007.09.21 10:21:56.130,1.63085,1.6313,4.80,16.10
2007.09.21 10:21:56.308,1.6307,1.6313,11.30,20.90
2007.09.21 10:21:56.443,1.6307,1.6311,11.30,12.00
2007.09.21 10:21:56.537,1.6307,1.631,11.30,0.80
2007.09.21 10:21:56.753,1.6307,1.631,6.50,0.70
2007.09.21 10:21:57.067,1.6306,1.6312,4.80,24.80
2007.09.21 10:21:57.370,1.6306,1.631,4.80,0.80
2007.09.21 10:21:57.581,1.6306,1.631,4.80,0.80
2007.09.21 10:21:57.792,1.6305,1.631,10.50,11.20
2007.09.21 10:21:58.406,1.6305,1.6309,10.50,8.00
2007.09.21 10:21:58.531,1.6305,1.6308,6.50,0.60
2007.09.21 10:22:00.603,1.6305,1.63085,6.50,8.80
2007.09.21 10:22:01.015,1.6305,1.6309,10.50,15.20
2007.09.21 10:22:03.915,1.6305,1.6309,10.50,7.20
2007.09.21 10:22:04.178,1.6305,1.6309,10.50,0.70
2007.09.21 10:22:05.155,1.6305,1.631,12.10,11.20
2007.09.21 10:22:06.455,1.6305,1.631,12.10,11.20
2007.09.21 10:22:08.972,1.6305,1.6309,12.10,8.00
2007.09.21 10:22:09.098,1.6305,1.6308,6.50,0.70
2007.09.21 10:22:09.921,1.6307,1.6309,4.00,15.20
2007.09.21 10:22:10.015,1.6307,1.631,4.00,14.40
2007.09.21 10:22:10.122,1.6307,1.631,4.00,10.40
2007.09.21 10:22:10.333,1.6307,1.6311,4.00,21.70
2007.09.21 10:22:11.898,1.6306,1.631,1.60,0.80
2007.09.21 10:22:11.995,1.6306,1.6311,1.60,20.90
2007.09.21 10:22:12.085,1.6305,1.6311,16.90,20.90
2007.09.21 10:22:12.407,1.6305,1.63095,12.10,0.60
2007.09.21 10:22:12.627,1.6305,1.63095,10.50,0.80
2007.09.21 10:22:12.815,1.63055,1.6311,4.80,6.40
2007.09.21 10:22:13.967,1.6307,1.6311,4.00,6.40
2007.09.21 10:22:14.261,1.6307,1.6312,4.00,15.20
2007.09.21 10:22:14.453,1.6307,1.6311,6.50,0.50
2007.09.21 10:22:15.662,1.6307,1.63115,6.50,6.40
2007.09.21 10:22:16.436,1.6309,1.63115,4.00,6.40
2007.09.21 10:22:16.663,1.6309,1.63115,4.00,0.90
2007.09.21 10:22:16.691,1.6309,1.63125,4.00,10.40
2007.09.21 10:22:19.575,1.6309,1.6312,4.00,5.60
2007.09.21 10:22:22.968,1.6307,1.6311,0.80,1.60
2007.09.21 10:22:23.064,1.63065,1.6311,4.80,1.60
2007.09.21 10:22:23.534,1.6305,1.631,8.80,4.80
2007.09.21 10:22:24.414,1.63055,1.63105,4.80,4.80
2007.09.21 10:22:26.484,1.6307,1.63105,4.00,4.80
2007.09.21 10:22:26.591,1.6307,1.631,4.00,1.60
2007.09.21 10:22:27.940,1.6306,1.631,11.30,1.60
2007.09.21 10:22:28.157,1.6306,1.631,6.50,1.60
2007.09.21 10:22:28.253,1.6306,1.631,6.50,5.60
2007.09.21 10:22:28.988,1.6306,1.6309,6.50,4.00
2007.09.21 10:22:30.142,1.6306,1.6309,6.50,5.60
2007.09.21 10:22:30.647,1.6306,1.6309,6.50,4.00
2007.09.21 10:22:30.965,1.6307,1.6309,4.00,4.00
2007.09.21 10:22:31.066,1.6307,1.631,4.00,10.40
2007.09.21 10:22:31.171,1.6307,1.631,4.00,8.80
2007.09.21 10:22:31.203,1.6307,1.631,4.00,4.00
2007.09.21 10:22:35.624,1.6307,1.631,5.60,4.00
2007.09.21 10:22:35.835,1.6307,1.631,10.40,4.00
2007.09.21 10:22:38.133,1.6307,1.631,8.80,4.00
2007.09.21 10:22:40.672,1.6307,1.631,4.00,4.00
2007.09.21 10:22:41.012,1.63065,1.631,4.80,4.00
2007.09.21 10:22:41.239,1.63065,1.6311,4.80,2.40
2007.09.21 10:22:41.328,1.63065,1.6311,4.80,1.60
2007.09.21 10:22:42.210,1.6306,1.6311,12.10,6.40
2007.09.21 10:22:42.802,1.6307,1.6311,4.00,6.40
2007.09.21 10:22:43.086,1.6307,1.6311,4.00,1.60
2007.09.21 10:22:45.470,1.6309,1.6311,4.00,1.60
2007.09.21 10:22:58.027,1.6308,1.6311,4.80,1.60
2007.09.21 10:22:58.461,1.6307,1.6311,8.80,1.60
2007.09.21 10:23:01.777,1.6307,1.6311,10.40,1.60
2007.09.21 10:23:01.990,1.6307,1.6312,8.80,17.70
2007.09.21 10:23:03.918,1.6307,1.6311,8.80,1.60
2007.09.21 10:23:04.235,1.6305,1.6311,8.20,1.60
2007.09.21 10:23:04.291,1.6306,1.6311,4.80,6.40
2007.09.21 10:23:05.993,1.6307,1.6311,4.00,6.40
2007.09.21 10:23:06.558,1.6307,1.6311,4.00,1.60
2007.09.21 10:23:14.622,1.63065,1.6311,4.80,1.60
2007.09.21 10:23:14.951,1.6306,1.6311,4.80,6.40
2007.09.21 10:23:15.533,1.6307,1.631,4.00,4.00
2007.09.21 10:23:15.756,1.6307,1.631,4.00,5.60
2007.09.21 10:23:16.005,1.6307,1.6309,4.00,1.60
2007.09.21 10:23:16.258,1.6306,1.6309,4.00,1.60
2007.09.21 10:23:16.372,1.6306,1.6309,4.00,9.60
2007.09.21 10:23:17.302,1.6306,1.6309,4.00,1.60
2007.09.21 10:23:17.502,1.6306,1.631,4.00,12.90
2007.09.21 10:23:17.611,1.6305,1.631,6.40,13.70
2007.09.21 10:23:17.733,1.6305,1.631,4.80,13.70
2007.09.21 10:23:17.807,1.6304,1.631,8.90,8.90
2007.09.21 10:23:18.088,1.63055,1.631,4.80,8.90
2007.09.21 10:23:18.147,1.63055,1.6309,4.80,1.60
2007.09.21 10:23:18.568,1.63045,1.6309,4.80,1.60
2007.09.21 10:23:18.856,1.6305,1.6309,4.80,1.60
2007.09.21 10:23:19.216,1.63045,1.6309,4.80,1.60
2007.09.21 10:23:21.241,1.63045,1.6309,4.80,6.40
2007.09.21 10:23:21.437,1.63045,1.6309,4.80,10.40
2007.09.21 10:23:21.445,1.6304,1.6309,12.90,15.20
2007.09.21 10:23:21.745,1.6304,1.6309,11.30,15.20
2007.09.21 10:23:22.167,1.6304,1.6309,12.90,15.20
2007.09.21 10:23:22.294,1.63035,1.6309,13.20,15.20
2007.09.21 10:23:23.528,1.6305,1.6309,8.00,15.20
2007.09.21 10:23:23.628,1.6306,1.6309,0.70,11.20
2007.09.21 10:23:23.732,1.6305,1.6309,9.60,10.40
2007.09.21 10:23:23.749,1.6305,1.6309,14.40,5.60
2007.09.21 10:23:24.150,1.6305,1.6309,16.90,5.60
2007.09.21 10:23:26.539,1.6305,1.6309,9.60,5.60
2007.09.21 10:23:27.651,1.63045,1.6309,6.40,9.60
2007.09.21 10:23:27.762,1.6304,1.6309,12.90,8.80
2007.09.21 10:23:27.872,1.63035,1.6309,13.20,13.60
2007.09.21 10:23:32.683,1.6304,1.6309,12.90,8.80
2007.09.21 10:23:32.762,1.63045,1.6309,8.80,4.80
2007.09.21 10:23:32.846,1.63045,1.63095,13.10,4.80
2007.09.21 10:23:32.975,1.63045,1.63095,14.70,4.80
2007.09.21 10:23:33.123,1.63045,1.63095,14.90,4.80
2007.09.21 10:23:33.274,1.63045,1.63095,13.30,4.80
2007.09.21 10:23:33.540,1.6305,1.631,4.00,13.70
2007.09.21 10:23:33.673,1.6307,1.631,0.50,13.70
2007.09.21 10:23:33.795,1.6307,1.631,1.10,12.90
2007.09.21 10:23:34.111,1.6306,1.631,0.60,12.90
2007.09.21 10:23:34.398,1.6305,1.631,15.00,13.70
2007.09.21 10:23:34.470,1.63055,1.631,5.40,8.90
2007.09.21 10:23:34.733,1.6306,1.631,0.60,13.70
2007.09.21 10:23:36.590,1.6306,1.631,8.50,13.70
2007.09.21 10:23:36.792,1.6306,1.631,8.50,12.90
2007.09.21 10:23:43.387,1.6306,1.631,8.50,8.10
2007.09.21 10:23:44.544,1.6306,1.631,8.50,12.90
2007.09.21 10:23:47.676,1.6305,1.631,11.70,12.90
2007.09.21 10:23:47.775,1.6305,1.631,11.80,12.90
2007.09.21 10:23:47.881,1.6306,1.631,0.60,13.70
2007.09.21 10:23:48.606,1.6305,1.63075,7.00,0.80
2007.09.21 10:23:48.707,1.6306,1.6307,0.60,4.00
2007.09.21 10:23:48.822,1.6305,1.6306,4.80,8.10
2007.09.21 10:23:48.851,1.6302,1.6306,10.60,8.10
2007.09.21 10:23:49.247,1.6303,1.6306,1.90,5.60
2007.09.21 10:23:49.262,1.6303,1.6306,2.10,5.60
2007.09.21 10:23:49.566,1.6302,1.6306,10.90,10.40
2007.09.21 10:23:49.640,1.6302,1.6306,10.10,6.40
2007.09.21 10:23:49.741,1.6303,1.6306,6.10,4.80
2007.09.21 10:23:49.860,1.6304,1.6306,0.30,4.80
2007.09.21 10:23:49.905,1.6304,1.63065,0.30,4.80
2007.09.21 10:23:50.122,1.6304,1.63075,0.60,5.60
2007.09.21 10:23:50.443,1.6304,1.63075,0.60,0.80
2007.09.21 10:23:50.574,1.6304,1.6306,0.60,4.00
2007.09.21 10:23:50.780,1.6304,1.6306,0.30,5.60
2007.09.21 10:23:51.207,1.6304,1.6306,0.30,8.10
2007.09.21 10:23:51.311,1.6303,1.6306,4.50,8.10
2007.09.21 10:23:52.229,1.6304,1.63065,0.30,4.80
2007.09.21 10:23:52.270,1.6304,1.6307,0.30,0.80
2007.09.21 10:23:52.327,1.6304,1.63075,0.30,0.80
2007.09.21 10:23:52.473,1.6304,1.63075,0.60,0.80
2007.09.21 10:23:52.851,1.6305,1.63075,0.30,0.80
2007.09.21 10:23:52.985,1.6305,1.63075,0.60,0.80
2007.09.21 10:23:53.787,1.6305,1.63085,0.60,5.60
2007.09.21 10:23:54.199,1.6305,1.6307,0.30,8.00
2007.09.21 10:23:54.309,1.6305,1.6306,0.30,0.50
2007.09.21 10:23:54.498,1.6303,1.63065,4.50,10.40
2007.09.21 10:23:54.611,1.6303,1.63065,4.50,6.40
2007.09.21 10:23:54.827,1.6303,1.63075,6.10,5.60
2007.09.21 10:23:54.927,1.6304,1.63075,0.30,5.60
2007.09.21 10:23:55.068,1.6304,1.6306,0.30,0.60
2007.09.21 10:23:55.352,1.63045,1.6308,0.30,5.60
2007.09.21 10:23:57.109,1.63045,1.6307,0.30,0.70
2007.09.21 10:23:57.225,1.63045,1.6306,0.30,0.70
2007.09.21 10:23:57.441,1.6303,1.6306,4.00,0.70
2007.09.21 10:23:57.745,1.6303,1.6306,4.00,0.90
2007.09.21 10:23:58.244,1.6302,1.6306,8.40,13.60
2007.09.21 10:23:58.350,1.6302,1.6307,8.40,19.20
2007.09.21 10:23:58.595,1.6302,1.63075,13.20,21.60
2007.09.21 10:23:58.759,1.6302,1.63075,17.20,12.00
2007.09.21 10:24:00.103,1.6304,1.6307,4.00,0.70
2007.09.21 10:24:00.222,1.6304,1.63075,4.00,10.40
2007.09.21 10:24:00.266,1.6304,1.6307,4.00,0.80
2007.09.21 10:24:00.310,1.6304,1.63075,4.00,4.80
2007.09.21 10:24:00.853,1.6304,1.63075,6.50,4.80
2007.09.21 10:24:00.939,1.6304,1.63075,8.10,4.80
2007.09.21 10:24:02.196,1.6304,1.63075,6.50,4.80
2007.09.21 10:24:02.401,1.6304,1.63075,8.10,4.80
2007.09.21 10:24:03.232,1.6303,1.6307,4.90,0.90
2007.09.21 10:24:03.346,1.6303,1.63075,4.90,5.60
2007.09.21 10:24:03.368,1.6302,1.63075,17.20,10.40
2007.09.21 10:24:04.679,1.6302,1.6307,13.20,0.50
2007.09.21 10:24:04.770,1.6302,1.6307,14.00,0.70
2007.09.21 10:24:04.885,1.6303,1.6307,1.60,0.90
2007.09.21 10:24:05.060,1.6303,1.63075,1.60,0.60
2007.09.21 10:24:05.712,1.6303,1.6308,5.60,12.00
2007.09.21 10:24:05.806,1.6303,1.6308,9.80,12.00
2007.09.21 10:24:06.102,1.63035,1.63075,0.20,0.80
2007.09.21 10:24:06.484,1.63035,1.6308,0.20,12.00
2007.09.21 10:24:06.650,1.63035,1.6308,0.30,12.00
2007.09.21 10:24:09.137,1.63035,1.6306,0.30,0.50
2007.09.21 10:24:09.501,1.6303,1.6306,5.60,0.90
2007.09.21 10:24:09.776,1.6303,1.6306,5.60,0.80
2007.09.21 10:24:10.179,1.6305,1.6307,4.00,13.70
2007.09.21 10:24:10.376,1.6305,1.63075,4.00,3.20
2007.09.21 10:24:10.466,1.6305,1.6308,4.00,6.40
2007.09.21 10:24:10.668,1.63045,1.6308,0.30,6.40
2007.09.21 10:24:11.194,1.63035,1.6308,0.30,12.00
2007.09.21 10:24:13.166,1.63035,1.6306,0.30,0.70
2007.09.21 10:24:13.423,1.6303,1.6307,4.00,15.20
2007.09.21 10:24:13.805,1.6303,1.6307,4.00,27.30
2007.09.21 10:24:14.340,1.6303,1.6306,4.00,0.80
2007.09.21 10:24:14.914,1.6303,1.6307,4.00,27.30
2007.09.21 10:24:15.036,1.6303,1.63065,4.00,12.90
2007.09.21 10:24:15.251,1.6303,1.6306,4.00,8.10
2007.09.21 10:24:15.978,1.6303,1.63065,4.00,12.90
2007.09.21 10:24:16.201,1.6305,1.6306,4.00,0.80
2007.09.21 10:24:16.298,1.6305,1.6307,4.00,0.80
2007.09.21 10:24:16.621,1.6305,1.63075,4.00,0.80
2007.09.21 10:24:23.849,1.6305,1.63075,5.60,0.80
2007.09.21 10:24:24.683,1.6305,1.63075,1.60,0.80
2007.09.21 10:24:24.780,1.63045,1.63075,4.80,0.80
2007.09.21 10:24:24.941,1.6303,1.63075,14.70,0.80
2007.09.21 10:24:25.200,1.6307,1.63075,4.00,0.80
2007.09.21 10:24:25.522,1.6307,1.631,8.80,5.60
2007.09.21 10:24:25.739,1.6309,1.631,4.00,5.60
2007.09.21 10:24:25.843,1.6309,1.6312,4.00,12.90
2007.09.21 10:24:26.236,1.6309,1.6312,4.00,6.40
2007.09.21 10:24:26.346,1.6309,1.6314,4.00,8.90
2007.09.21 10:24:26.359,1.6309,1.6313,4.00,4.80
2007.09.21 10:24:26.468,1.6309,1.6314,8.80,13.70
2007.09.21 10:24:26.767,1.6309,1.6314,4.80,17.70
2007.09.21 10:24:26.783,1.63085,1.6313,0.20,4.80
2007.09.21 10:24:26.861,1.6309,1.6313,4.00,6.40
2007.09.21 10:24:27.183,1.63085,1.6312,0.20,4.00
2007.09.21 10:24:27.379,1.6308,1.6312,0.90,4.00
2007.09.21 10:24:27.386,1.6309,1.6312,4.00,5.60
2007.09.21 10:24:27.799,1.6309,1.6312,4.00,8.10
2007.09.21 10:24:28.219,1.63075,1.631,4.90,4.00
2007.09.21 10:24:28.397,1.6307,1.631,6.50,8.80
2007.09.21 10:24:28.427,1.6307,1.631,4.00,12.90
2007.09.21 10:24:28.826,1.6306,1.631,0.20,23.30
2007.09.21 10:24:28.841,1.6304,1.6309,5.10,4.80
2007.09.21 10:24:29.859,1.6304,1.6309,6.70,4.80
2007.09.21 10:24:30.278,1.6304,1.6309,5.10,4.80
2007.09.21 10:24:30.805,1.6305,1.6309,4.00,4.80
2007.09.21 10:24:30.901,1.6305,1.6309,5.70,4.80
2007.09.21 10:24:30.912,1.6305,1.63095,5.90,4.80
2007.09.21 10:24:32.162,1.6305,1.6309,5.90,4.80
2007.09.21 10:24:32.254,1.6305,1.6309,4.30,4.80
2007.09.21 10:24:34.979,1.6305,1.63095,4.30,4.80
2007.09.21 10:24:35.273,1.6309,1.63095,4.00,4.80
2007.09.21 10:24:35.344,1.6309,1.6312,4.00,8.90
2007.09.21 10:24:35.742,1.6309,1.6312,4.00,13.70
2007.09.21 10:24:35.759,1.6309,1.6312,4.00,7.20
2007.09.21 10:24:35.864,1.6309,1.6312,4.00,4.80
2007.09.21 10:24:35.950,1.6309,1.6313,4.00,7.20
2007.09.21 10:24:37.209,1.631,1.6313,4.00,7.20
2007.09.21 10:24:37.318,1.631,1.6313,4.00,6.40
2007.09.21 10:24:37.526,1.631,1.6313,4.00,1.60
2007.09.21 10:24:37.733,1.6309,1.6313,11.50,1.60
2007.09.21 10:24:37.838,1.6309,1.6313,8.90,0.80
2007.09.21 10:24:38.019,1.6309,1.6313,4.00,0.80
2007.09.21 10:24:38.156,1.6309,1.6312,4.00,4.00
2007.09.21 10:24:38.256,1.63085,1.6312,4.80,4.00
2007.09.21 10:24:38.510,1.6308,1.6312,6.70,4.00
2007.09.21 10:24:38.680,1.631,1.6312,4.00,4.00
2007.09.21 10:24:38.780,1.631,1.6313,4.00,8.80
2007.09.21 10:24:38.881,1.631,1.6313,4.00,4.00
2007.09.21 10:24:40.762,1.6311,1.6314,4.00,6.50
2007.09.21 10:24:40.953,1.6311,1.6314,4.00,4.00
2007.09.21 10:24:41.254,1.63105,1.6314,0.20,13.60
2007.09.21 10:24:41.366,1.63105,1.6314,0.20,16.10
2007.09.21 10:24:41.561,1.631,1.6314,0.80,20.90
2007.09.21 10:24:41.570,1.6309,1.6314,4.80,20.90
2007.09.21 10:24:43.244,1.6309,1.6312,4.80,4.00
2007.09.21 10:24:43.418,1.6308,1.6312,6.40,4.00
2007.09.21 10:24:43.756,1.6308,1.6312,6.40,6.50
2007.09.21 10:24:45.902,1.6308,1.6312,6.40,0.70
2007.09.21 10:24:50.186,1.6309,1.6312,4.00,6.50
2007.09.21 10:24:50.283,1.6309,1.6312,4.00,4.00
2007.09.21 10:24:50.390,1.6309,1.6312,5.60,4.00
2007.09.21 10:24:50.814,1.6309,1.6312,10.40,4.00
2007.09.21 10:24:52.278,1.6309,1.6312,10.40,6.50
2007.09.21 10:24:52.312,1.6309,1.6312,5.60,6.50
2007.09.21 10:24:52.367,1.6308,1.6312,6.40,6.50
2007.09.21 10:24:53.695,1.6308,1.6312,6.40,2.50
2007.09.21 10:24:53.885,1.6308,1.6312,1.60,7.30
2007.09.21 10:25:04.802,1.6308,1.6309,1.60,4.00
2007.09.21 10:25:04.908,1.6307,1.6308,4.80,2.50
2007.09.21 10:25:04.981,1.6306,1.6308,0.80,2.50
2007.09.21 10:25:05.007,1.6305,1.6308,1.60,2.50
2007.09.21 10:25:05.515,1.6304,1.6308,10.40,2.50
2007.09.21 10:25:10.283,1.6304,1.6309,10.40,13.70
2007.09.21 10:25:10.405,1.6304,1.6308,10.40,12.90
2007.09.21 10:25:10.654,1.6304,1.6308,5.60,17.70
2007.09.21 10:25:12.371,1.6304,1.6309,5.60,16.90
2007.09.21 10:25:12.533,1.6304,1.6308,5.60,0.50
2007.09.21 10:25:12.556,1.6304,1.6308,10.40,0.80
2007.09.21 10:25:15.899,1.6304,1.6307,10.40,0.60
2007.09.21 10:25:15.915,1.6304,1.6308,5.60,16.10
2007.09.21 10:25:20.225,1.6304,1.6309,5.60,26.50
2007.09.21 10:25:20.343,1.6304,1.6309,5.70,16.90
2007.09.21 10:25:20.439,1.6304,1.6308,5.70,0.70
2007.09.21 10:25:20.462,1.6304,1.6309,10.50,13.70
2007.09.21 10:25:22.838,1.6304,1.6309,10.40,13.70
2007.09.21 10:25:22.932,1.6304,1.6308,10.50,0.90
2007.09.21 10:25:44.828,1.6304,1.6309,11.30,12.90
2007.09.21 10:25:44.923,1.6304,1.6309,11.30,11.30
2007.09.21 10:25:45.005,1.63045,1.6309,4.80,6.50
2007.09.21 10:25:45.242,1.6305,1.6309,4.00,6.50
2007.09.21 10:25:45.357,1.6305,1.6309,4.10,6.50
2007.09.21 10:25:45.840,1.6305,1.6309,8.90,6.50
2007.09.21 10:25:45.872,1.6305,1.6309,8.80,6.50
2007.09.21 10:25:47.827,1.6305,1.6308,8.80,4.00
2007.09.21 10:25:48.046,1.6305,1.6308,10.40,4.00
2007.09.21 10:25:48.110,1.6305,1.6308,5.60,4.00
2007.09.21 10:25:48.346,1.6304,1.6307,10.40,4.00
2007.09.21 10:25:48.398,1.6304,1.6307,5.60,4.00
2007.09.21 10:25:51.671,1.6305,1.6307,4.00,4.00
2007.09.21 10:25:51.779,1.6305,1.6308,4.00,4.00
2007.09.21 10:25:51.996,1.6305,1.6308,5.60,4.00
2007.09.21 10:25:52.202,1.6305,1.6308,4.00,4.00
2007.09.21 10:26:12.411,1.6304,1.6307,10.40,4.00
2007.09.21 10:26:15.626,1.6304,1.6307,5.60,4.00
2007.09.21 10:26:16.492,1.6304,1.6307,10.40,4.00
2007.09.21 10:26:17.063,1.6304,1.6307,10.40,4.00
2007.09.21 10:26:17.557,1.6304,1.6307,5.60,4.00
2007.09.21 10:26:19.035,1.6304,1.6307,4.00,4.00
2007.09.21 10:26:20.919,1.6308,1.63085,4.00,4.80
2007.09.21 10:26:21.006,1.6308,1.6311,4.00,4.00
2007.09.21 10:26:21.124,1.6308,1.6311,4.00,5.60
2007.09.21 10:26:21.207,1.6309,1.6311,4.00,1.60
2007.09.21 10:26:21.414,1.6309,1.6312,4.00,5.60
2007.09.21 10:26:23.416,1.6308,1.631,6.40,4.00
2007.09.21 10:26:23.615,1.6306,1.631,1.60,4.00
2007.09.21 10:26:24.082,1.6306,1.631,6.40,4.00
2007.09.21 10:26:25.442,1.6307,1.631,4.00,4.00
2007.09.21 10:26:25.969,1.6307,1.631,6.50,4.00
2007.09.21 10:26:26.695,1.6307,1.631,11.30,4.00
2007.09.21 10:26:26.931,1.6307,1.6312,20.90,11.20
2007.09.21 10:26:27.006,1.6307,1.6314,21.00,4.00
2007.09.21 10:26:27.112,1.6307,1.6314,22.60,4.00
2007.09.21 10:26:27.208,1.6308,1.6315,0.10,5.60
2007.09.21 10:26:27.423,1.6308,1.6316,0.10,2.40
2007.09.21 10:26:27.624,1.6307,1.6316,22.50,1.60
2007.09.21 10:26:27.687,1.63085,1.6316,4.80,1.60
2007.09.21 10:26:27.805,1.6307,1.63145,17.70,4.80
2007.09.21 10:26:27.948,1.63095,1.63145,4.80,4.80
2007.09.21 10:26:28.563,1.631,1.63145,0.10,4.80
2007.09.21 10:26:28.723,1.63105,1.63155,4.80,4.80
2007.09.21 10:26:28.879,1.6308,1.63155,1.60,4.80
2007.09.21 10:26:29.300,1.63105,1.63155,4.80,4.80
2007.09.21 10:26:29.425,1.631,1.6315,4.80,4.80
2007.09.21 10:26:29.506,1.631,1.6311,4.80,0.80
2007.09.21 10:26:29.591,1.6306,1.6311,8.10,0.80
2007.09.21 10:26:29.717,1.6306,1.631,8.10,4.00
2007.09.21 10:26:29.809,1.6306,1.631,8.90,4.00
2007.09.21 10:26:29.915,1.6306,1.631,4.90,4.00
2007.09.21 10:26:30.015,1.6305,1.631,1.60,4.00
2007.09.21 10:26:30.080,1.6306,1.631,4.80,4.00
2007.09.21 10:26:30.231,1.6306,1.6311,4.80,14.40
2007.09.21 10:26:30.661,1.63055,1.63105,4.80,4.80
2007.09.21 10:26:30.764,1.63055,1.6311,4.80,14.40
2007.09.21 10:26:31.880,1.6306,1.63105,4.00,0.70
2007.09.21 10:26:32.083,1.6306,1.6312,6.40,13.70
2007.09.21 10:26:32.261,1.63065,1.6312,4.80,13.70
2007.09.21 10:26:32.918,1.6307,1.6312,4.00,9.70
2007.09.21 10:26:33.025,1.6307,1.63115,6.50,0.80
2007.09.21 10:26:33.129,1.6308,1.6313,2.40,7.20
2007.09.21 10:26:33.238,1.6308,1.6314,7.20,26.50
2007.09.21 10:26:33.469,1.6309,1.6313,4.80,0.70
2007.09.21 10:26:33.543,1.6309,1.6314,4.80,22.40
2007.09.21 10:26:33.672,1.6309,1.6315,4.80,23.30
2007.09.21 10:26:36.468,1.6309,1.6314,4.80,0.90
2007.09.21 10:26:36.564,1.6309,1.6314,4.80,24.00
2007.09.21 10:26:36.622,1.6308,1.6313,7.20,0.50
2007.09.21 10:26:38.510,1.6308,1.6313,7.20,24.80
2007.09.21 10:26:38.620,1.6308,1.6312,4.80,0.50
2007.09.21 10:26:38.681,1.6307,1.6313,13.70,28.00
2007.09.21 10:26:38.944,1.6307,1.6313,11.20,27.30
2007.09.21 10:26:39.673,1.6309,1.6313,4.00,27.30
2007.09.21 10:26:39.757,1.6309,1.6313,4.00,17.70
2007.09.21 10:26:40.092,1.6309,1.6312,4.00,0.70
2007.09.21 10:26:40.299,1.6309,1.63125,4.00,10.40
2007.09.21 10:26:40.514,1.6309,1.6312,4.00,0.80
2007.09.21 10:26:40.586,1.6309,1.6313,4.00,8.90
2007.09.21 10:26:40.703,1.6309,1.6313,6.50,6.40
2007.09.21 10:26:40.721,1.6309,1.6313,6.50,0.50
2007.09.21 10:26:42.478,1.6312,1.6313,4.00,0.90
2007.09.21 10:26:42.670,1.6312,1.63135,4.00,0.80
2007.09.21 10:26:42.960,1.6312,1.6315,4.00,0.70
2007.09.21 10:26:45.478,1.6314,1.63165,4.00,6.40
2007.09.21 10:26:45.575,1.6314,1.6317,5.60,8.80
2007.09.21 10:26:45.733,1.6314,1.6317,10.40,0.90
2007.09.21 10:26:45.984,1.6314,1.632,12.90,20.90
2007.09.21 10:26:46.095,1.6314,1.6319,13.70,0.90
2007.09.21 10:26:46.453,1.63145,1.63195,4.80,8.80
2007.09.21 10:26:50.466,1.63145,1.6318,4.80,8.00
2007.09.21 10:26:50.924,1.6314,1.6317,12.90,0.60
2007.09.21 10:26:50.975,1.6314,1.6318,10.40,10.50
2007.09.21 10:26:52.194,1.6314,1.6318,5.60,10.50
2007.09.21 10:26:54.035,1.6314,1.6318,10.40,10.50
2007.09.21 10:26:54.412,1.6314,1.6318,6.40,12.10
2007.09.21 10:26:54.625,1.6312,1.6318,8.90,12.90
2007.09.21 10:26:54.678,1.63135,1.6318,4.80,12.90
2007.09.21 10:26:54.859,1.6312,1.6317,13.70,0.70
2007.09.21 10:26:55.130,1.6312,1.6317,13.70,0.60
2007.09.21 10:26:55.394,1.63125,1.63175,4.80,8.80
2007.09.21 10:26:58.620,1.6313,1.6317,4.80,4.00
2007.09.21 10:26:58.663,1.6313,1.6317,6.40,4.00
2007.09.21 10:27:00.533,1.6313,1.6315,6.40,4.00
2007.09.21 10:27:00.633,1.6313,1.6315,4.80,4.00
2007.09.21 10:27:00.639,1.6312,1.6315,12.90,4.00
2007.09.21 10:27:00.946,1.6312,1.6315,10.40,4.00
2007.09.21 10:27:22.033,1.6312,1.6315,5.60,4.00
2007.09.21 10:27:24.706,1.6312,1.6315,4.00,4.00
2007.09.21 10:27:26.152,1.6311,1.6315,7.20,4.00
2007.09.21 10:27:26.249,1.6309,1.6315,5.60,4.00
2007.09.21 10:27:26.417,1.63095,1.63145,4.80,4.80
2007.09.21 10:27:26.720,1.63085,1.63135,4.80,4.80
2007.09.21 10:27:27.090,1.6312,1.63135,4.00,4.80
2007.09.21 10:27:27.432,1.6312,1.6315,4.00,4.00
2007.09.21 10:27:30.521,1.6311,1.6315,7.20,4.00
2007.09.21 10:27:30.559,1.6311,1.63145,2.40,4.80
2007.09.21 10:27:30.743,1.63095,1.63145,4.80,4.80
2007.09.21 10:27:32.231,1.63105,1.63155,4.80,4.80
2007.09.21 10:27:33.745,1.63105,1.6316,4.80,7.20
2007.09.21 10:27:36.097,1.63105,1.63155,4.80,8.80
2007.09.21 10:27:36.345,1.63095,1.6315,4.80,8.80
2007.09.21 10:27:38.662,1.63095,1.6314,4.80,0.70
2007.09.21 10:27:38.781,1.6309,1.63135,5.60,0.50
2007.09.21 10:27:39.211,1.6309,1.6314,4.00,11.20
2007.09.21 10:27:42.125,1.63085,1.6314,4.80,24.80
2007.09.21 10:27:42.162,1.6308,1.6315,2.40,23.20
2007.09.21 10:27:42.219,1.6308,1.6315,0.80,23.20
2007.09.21 10:27:42.312,1.6305,1.6315,19.20,23.20
2007.09.21 10:27:45.019,1.6305,1.6315,15.20,23.20
2007.09.21 10:27:45.194,1.6308,1.6314,4.80,24.80
2007.09.21 10:27:45.224,1.6308,1.6314,4.80,24.80
2007.09.21 10:27:45.617,1.6309,1.6314,4.00,15.20
2007.09.21 10:27:45.749,1.6309,1.6315,8.80,20.90
2007.09.21 10:27:49.648,1.6309,1.6314,4.00,11.20
2007.09.21 10:27:56.830,1.6309,1.6313,4.00,0.70
2007.09.21 10:27:56.988,1.6309,1.63135,4.00,6.20
2007.09.21 10:27:58.301,1.6309,1.6313,4.00,0.50
2007.09.21 10:27:58.386,1.6309,1.6313,4.00,0.50
2007.09.21 10:28:07.389,1.6309,1.6313,4.00,3.00
2007.09.21 10:28:08.433,1.6309,1.6313,4.00,7.80
2007.09.21 10:28:12.915,1.6309,1.6313,4.00,6.20
2007.09.21 10:28:13.240,1.6309,1.6313,4.00,7.80
2007.09.21 10:28:13.449,1.6309,1.6313,4.00,3.00
2007.09.21 10:28:16.274,1.6309,1.63135,4.00,7.80
2007.09.21 10:28:17.265,1.6309,1.6313,4.00,0.90
2007.09.21 10:28:19.875,1.6309,1.63135,4.00,7.80
2007.09.21 10:28:21.827,1.6309,1.63135,5.60,7.80
2007.09.21 10:28:24.210,1.6309,1.6312,4.00,0.60
2007.09.21 10:28:24.318,1.6309,1.6313,4.00,11.80
2007.09.21 10:28:24.361,1.6309,1.6313,4.00,16.70
2007.09.21 10:28:25.253,1.6309,1.6312,4.00,0.60
2007.09.21 10:28:39.179,1.6308,1.6313,10.40,19.20
2007.09.21 10:28:39.284,1.6308,1.631,6.40,0.70
2007.09.21 10:28:39.368,1.6308,1.6311,4.80,8.70
2007.09.21 10:28:39.703,1.6307,1.631,10.40,0.50
2007.09.21 10:28:40.184,1.6307,1.6311,10.40,0.70
2007.09.21 10:28:40.393,1.6307,1.6312,11.20,14.40
2007.09.21 10:28:40.490,1.6308,1.6311,1.60,0.70
2007.09.21 10:28:40.697,1.6309,1.6312,4.00,9.60
2007.09.21 10:28:40.808,1.6309,1.6312,4.00,9.50
2007.09.21 10:28:41.143,1.6309,1.63125,4.00,14.40
2007.09.21 10:28:41.323,1.6309,1.6312,4.00,0.60
2007.09.21 10:28:41.930,1.6309,1.6313,4.00,19.20
2007.09.21 10:28:44.136,1.6309,1.6312,4.00,21.50
2007.09.21 10:28:44.231,1.6307,1.6312,7.20,21.50
2007.09.21 10:28:44.339,1.6307,1.6312,5.60,20.80
2007.09.21 10:28:44.435,1.6305,1.6312,9.60,21.60
2007.09.21 10:28:44.617,1.6306,1.631,4.80,1.50
2007.09.21 10:28:47.218,1.6307,1.631,4.00,5.50
2007.09.21 10:28:49.345,1.6307,1.631,1.30,5.50
2007.09.21 10:28:50.233,1.6306,1.631,14.40,7.10
2007.09.21 10:28:51.241,1.6306,1.631,14.40,7.10
2007.09.21 10:28:51.276,1.6307,1.631,0.80,3.10
2007.09.21 10:28:51.373,1.6306,1.631,15.20,0.70
2007.09.21 10:28:51.495,1.6306,1.6311,15.20,3.10
2007.09.21 10:28:52.007,1.63065,1.6311,8.80,3.10
2007.09.21 10:28:55.621,1.63065,1.631,8.80,4.00
2007.09.21 10:28:55.834,1.63065,1.631,8.80,5.60
2007.09.21 10:28:55.875,1.6307,1.631,1.50,6.30
2007.09.21 10:28:55.939,1.6306,1.631,14.40,7.10
2007.09.21 10:28:58.740,1.63055,1.631,6.40,7.10
2007.09.21 10:28:58.844,1.6305,1.6309,10.40,0.70
2007.09.21 10:28:59.067,1.6305,1.6309,1.60,1.50
2007.09.21 10:28:59.247,1.6304,1.6309,19.20,1.50
2007.09.21 10:28:59.664,1.63045,1.6309,8.80,1.50
2007.09.21 10:29:03.821,1.63045,1.6309,8.80,3.10
2007.09.21 10:29:06.316,1.63045,1.6309,8.80,1.50
2007.09.21 10:29:06.701,1.6304,1.6309,19.20,1.50
2007.09.21 10:29:25.279,1.6305,1.6309,4.80,1.50
2007.09.21 10:29:25.375,1.6303,1.6308,9.60,0.80
2007.09.21 10:29:25.496,1.63035,1.6308,4.80,1.60
2007.09.21 10:29:30.266,1.63035,1.6306,4.80,4.00
2007.09.21 10:29:30.602,1.6303,1.6306,5.60,4.00
2007.09.21 10:29:31.185,1.6302,1.6305,11.20,4.00
2007.09.21 10:29:31.393,1.6302,1.6305,9.60,4.00
2007.09.21 10:29:31.697,1.6303,1.63055,4.00,0.80
2007.09.21 10:29:32.208,1.6303,1.6306,4.00,5.60
2007.09.21 10:29:32.452,1.6303,1.6306,4.00,6.40
2007.09.21 10:29:32.650,1.6303,1.6306,4.00,11.20
2007.09.21 10:29:32.744,1.6303,1.6306,4.00,20.80
2007.09.21 10:29:32.937,1.6303,1.63055,4.00,4.80
2007.09.21 10:29:33.274,1.63005,1.63055,4.80,4.80
2007.09.21 10:29:33.679,1.63005,1.6304,4.80,4.80
2007.09.21 10:29:34.005,1.6299,1.63035,10.40,0.80
2007.09.21 10:29:34.198,1.6299,1.63035,6.40,0.80
2007.09.21 10:29:34.324,1.63015,1.63035,4.80,0.80
2007.09.21 10:29:34.725,1.6301,1.63035,4.80,0.80
2007.09.21 10:29:35.143,1.63015,1.63035,4.80,0.80
2007.09.21 10:29:36.554,1.63,1.63035,10.40,0.80
2007.09.21 10:29:36.780,1.6302,1.63035,4.80,0.80
2007.09.21 10:29:36.947,1.6302,1.6304,4.80,4.00
2007.09.21 10:29:37.229,1.63025,1.6304,4.80,4.00
2007.09.21 10:29:39.270,1.63025,1.6307,4.80,2.40
2007.09.21 10:29:39.615,1.63025,1.63065,4.80,0.80
2007.09.21 10:29:46.321,1.6303,1.63065,4.00,0.80
2007.09.21 10:29:46.419,1.6303,1.6307,8.80,1.60
2007.09.21 10:29:47.465,1.6302,1.6307,17.60,1.60
2007.09.21 10:29:49.451,1.6303,1.63075,1.10,0.80
2007.09.21 10:29:52.952,1.6302,1.63075,7.20,0.80
2007.09.21 10:29:53.058,1.63,1.6307,17.60,0.80
2007.09.21 10:29:53.201,1.63025,1.6307,1.60,0.80
2007.09.21 10:29:53.588,1.63025,1.63065,2.70,0.80
2007.09.21 10:29:57.733,1.6301,1.6306,15.20,4.00
2007.09.21 10:29:57.885,1.6301,1.63055,11.20,0.80
2007.09.21 10:29:59.273,1.6302,1.63055,8.00,0.80
2007.09.21 10:29:59.704,1.6302,1.6306,15.20,4.00
2007.09.21 10:29:59.994,1.6302,1.6306,15.20,5.60
2007.09.21 10:30:00.210,1.6302,1.6306,15.20,4.00
2007.09.21 10:30:05.931,1.6302,1.6306,15.20,4.00
2007.09.21 10:30:06.319,1.6302,1.63065,19.20,0.80
2007.09.21 10:30:06.578,1.6303,1.63075,2.40,0.80
2007.09.21 10:30:06.857,1.6303,1.63075,15.20,0.80
2007.09.21 10:30:07.862,1.6304,1.63075,1.30,0.80
2007.09.21 10:30:08.262,1.63035,1.6308,9.60,4.00
2007.09.21 10:30:08.448,1.6304,1.6308,4.60,4.00
2007.09.21 10:30:09.242,1.6303,1.6308,14.40,5.60
2007.09.21 10:30:09.354,1.6304,1.6308,1.90,5.60
2007.09.21 10:30:09.446,1.6304,1.6308,0.80,7.20
2007.09.21 10:30:09.544,1.6303,1.63075,10.40,0.80
2007.09.21 10:30:10.071,1.6303,1.63075,11.20,0.80
2007.09.21 10:30:10.701,1.6304,1.63075,1.40,0.80
2007.09.21 10:30:10.805,1.6304,1.63075,1.30,0.80
2007.09.21 10:30:11.018,1.63035,1.6308,9.60,4.00
2007.09.21 10:30:11.305,1.63035,1.6308,5.60,5.60
2007.09.21 10:30:11.416,1.6303,1.6308,11.20,5.60
2007.09.21 10:30:11.506,1.6303,1.6308,11.20,4.00
2007.09.21 10:30:11.888,1.6304,1.6308,0.50,4.00
2007.09.21 10:30:12.349,1.6303,1.6306,11.20,4.00
2007.09.21 10:30:12.477,1.63035,1.6306,2.60,4.00
2007.09.21 10:30:12.908,1.63025,1.6306,10.40,4.00
2007.09.21 10:30:16.401,1.6303,1.6306,4.00,4.00
2007.09.21 10:30:16.917,1.6303,1.6306,4.00,5.60
2007.09.21 10:30:17.429,1.6302,1.6306,7.20,5.60
2007.09.21 10:30:17.516,1.6302,1.6306,4.80,5.60
2007.09.21 10:30:17.645,1.63015,1.63055,4.80,0.80
2007.09.21 10:30:22.635,1.6301,1.63055,11.20,0.80
2007.09.21 10:30:25.357,1.63015,1.63055,4.80,0.80
2007.09.21 10:30:26.196,1.6302,1.63055,4.80,0.80
2007.09.21 10:30:26.647,1.6302,1.63055,8.80,0.80
2007.09.21 10:30:26.759,1.6302,1.63055,9.60,0.80
2007.09.21 10:30:26.950,1.6302,1.63055,11.20,0.80
2007.09.21 10:30:27.179,1.6302,1.63055,9.60,0.80
2007.09.21 10:30:27.208,1.6302,1.6306,9.60,4.00
2007.09.21 10:30:27.697,1.6302,1.6306,5.60,4.00
2007.09.21 10:30:27.789,1.6302,1.6306,4.80,4.00
2007.09.21 10:30:28.214,1.6302,1.6306,6.40,5.60
2007.09.21 10:30:28.346,1.6302,1.6306,6.40,6.40
2007.09.21 10:30:28.427,1.6302,1.6306,4.80,6.40
2007.09.21 10:30:28.524,1.6302,1.6306,4.80,9.70
2007.09.21 10:30:28.702,1.6302,1.63055,4.80,0.80
2007.09.21 10:30:28.858,1.63015,1.63055,4.80,0.80
2007.09.21 10:30:35.334,1.63015,1.63055,2.20,0.80
2007.09.21 10:30:35.970,1.6302,1.63055,1.90,0.80
2007.09.21 10:30:42.925,1.6301,1.63055,11.20,0.80
2007.09.21 10:30:43.025,1.6301,1.6304,11.20,4.00
2007.09.21 10:30:43.261,1.63005,1.6304,10.40,4.00
2007.09.21 10:30:43.437,1.6301,1.6304,1.00,6.50
2007.09.21 10:30:45.449,1.6299,1.6303,18.40,4.80
2007.09.21 10:30:45.530,1.62975,1.6302,11.20,1.60
2007.09.21 10:30:46.344,1.6298,1.6301,1.70,4.00
2007.09.21 10:30:46.464,1.6298,1.6301,3.00,4.80
2007.09.21 10:30:46.561,1.6298,1.6301,1.50,4.80
2007.09.21 10:30:46.598,1.6298,1.6301,2.80,5.60
2007.09.21 10:30:46.975,1.6297,1.6301,15.20,8.10
2007.09.21 10:30:48.902,1.62975,1.6301,8.80,1.60
2007.09.21 10:30:49.018,1.6298,1.6301,4.80,1.60
2007.09.21 10:30:49.138,1.6297,1.6301,15.20,1.60
2007.09.21 10:30:50.291,1.6298,1.6301,4.10,5.60
2007.09.21 10:30:50.448,1.62975,1.6301,10.40,5.60
2007.09.21 10:30:50.595,1.62975,1.6301,8.80,5.60
2007.09.21 10:30:50.804,1.6298,1.6301,1.30,8.10
2007.09.21 10:30:51.328,1.6298,1.6301,2.00,8.10
2007.09.21 10:30:52.182,1.6298,1.6301,2.40,8.10
2007.09.21 10:30:52.264,1.6299,1.6301,0.70,4.10
2007.09.21 10:30:52.394,1.6298,1.6301,15.20,0.80
2007.09.21 10:30:52.785,1.6298,1.6301,5.30,4.10
2007.09.21 10:30:52.889,1.6297,1.6301,15.20,8.10
2007.09.21 10:30:52.913,1.62985,1.6301,2.20,7.30
2007.09.21 10:30:53.321,1.62985,1.6301,8.80,3.30
2007.09.21 10:30:53.413,1.62985,1.6302,8.80,8.10
2007.09.21 10:30:53.458,1.6298,1.6301,10.40,0.80
2007.09.21 10:30:53.734,1.6298,1.6302,10.40,12.90
2007.09.21 10:30:54.105,1.62985,1.6302,8.80,8.10
2007.09.21 10:30:54.116,1.6299,1.6302,1.60,6.50
2007.09.21 10:30:55.027,1.6299,1.6302,1.00,4.00
2007.09.21 10:30:55.166,1.6298,1.6302,11.20,4.00
2007.09.21 10:30:55.667,1.6297,1.6302,15.20,4.00
2007.09.21 10:30:55.867,1.6297,1.63025,15.20,0.80
2007.09.21 10:30:56.087,1.6297,1.63025,18.40,0.80
2007.09.21 10:30:56.270,1.6298,1.63025,11.20,0.80
2007.09.21 10:30:56.420,1.6298,1.6302,11.20,4.00
2007.09.21 10:30:56.528,1.62985,1.6302,1.00,4.80
2007.09.21 10:30:56.655,1.6298,1.6301,10.40,0.80
2007.09.21 10:30:56.981,1.62985,1.6301,0.50,4.80
2007.09.21 10:30:57.203,1.6297,1.6301,14.40,5.60
2007.09.21 10:30:57.280,1.6297,1.6301,22.40,1.60
2007.09.21 10:30:57.368,1.6297,1.6301,19.20,5.60
2007.09.21 10:30:57.499,1.6299,1.6301,1.60,1.60
2007.09.21 10:30:57.661,1.6299,1.6301,1.40,0.80
2007.09.21 10:30:57.889,1.6298,1.6302,10.40,6.50
2007.09.21 10:31:01.174,1.62985,1.6302,8.80,8.10
2007.09.21 10:31:02.276,1.6297,1.6302,18.40,8.10
2007.09.21 10:31:02.393,1.6297,1.6302,15.20,8.10
2007.09.21 10:31:02.714,1.6298,1.6302,2.20,8.10
2007.09.21 10:31:03.052,1.6298,1.6302,2.00,8.10
2007.09.21 10:31:03.156,1.62975,1.6302,10.40,8.10
2007.09.21 10:31:04.219,1.62975,1.6302,8.80,8.10
2007.09.21 10:31:04.440,1.62975,1.6302,4.80,8.10
2007.09.21 10:31:04.554,1.62975,1.6301,4.80,0.80
2007.09.21 10:31:04.865,1.62965,1.6301,4.80,0.80
2007.09.21 10:31:05.133,1.62965,1.6301,4.80,1.60
2007.09.21 10:31:05.537,1.6297,1.6301,1.60,1.60
2007.09.21 10:31:05.955,1.6297,1.63,1.60,4.00
2007.09.21 10:31:06.071,1.6297,1.63,1.60,4.80
2007.09.21 10:31:06.218,1.6297,1.63,1.60,5.60
2007.09.21 10:31:06.467,1.6297,1.63,1.60,8.10
2007.09.21 10:31:06.595,1.6296,1.63,10.40,9.70
2007.09.21 10:31:06.830,1.6296,1.63,5.60,9.70
2007.09.21 10:31:08.409,1.6296,1.63,1.60,9.70
2007.09.21 10:31:08.531,1.6296,1.63,1.60,10.50
2007.09.21 10:31:08.562,1.6296,1.62995,1.60,4.80
2007.09.21 10:31:08.629,1.62945,1.6299,4.80,0.80
2007.09.21 10:31:08.865,1.62945,1.6299,4.80,1.60
2007.09.21 10:31:09.050,1.6295,1.6299,1.60,1.60
2007.09.21 10:31:09.705,1.6295,1.6299,5.60,1.60
2007.09.21 10:31:09.908,1.6295,1.6299,6.40,1.60
2007.09.21 10:31:10.151,1.6295,1.6299,11.20,1.60
2007.09.21 10:31:10.226,1.6295,1.6299,7.20,1.60
2007.09.21 10:31:10.332,1.6295,1.6299,6.40,8.10
2007.09.21 10:31:10.455,1.6295,1.6299,4.80,8.10
2007.09.21 10:31:10.767,1.6294,1.6299,11.20,12.90
2007.09.21 10:31:11.302,1.6294,1.6298,10.40,0.80
2007.09.21 10:31:11.566,1.6294,1.6298,10.40,1.60
2007.09.21 10:31:11.763,1.6294,1.6298,6.40,1.60
2007.09.21 10:31:11.887,1.6294,1.6298,1.60,1.60
2007.09.21 10:31:12.719,1.6294,1.6298,6.40,1.60
2007.09.21 10:31:13.274,1.6294,1.6298,1.60,1.60
2007.09.21 10:31:13.820,1.6294,1.6298,6.40,1.60
2007.09.21 10:31:14.261,1.6294,1.6298,1.60,1.60
2007.09.21 10:31:14.660,1.6294,1.6298,5.60,1.60
2007.09.21 10:31:14.980,1.6294,1.6298,10.40,1.60
2007.09.21 10:31:15.583,1.62945,1.6298,4.80,1.60
2007.09.21 10:31:16.742,1.6294,1.6298,10.40,1.60
2007.09.21 10:31:17.539,1.6295,1.6298,1.60,1.60
2007.09.21 10:31:18.282,1.6294,1.6298,10.40,1.60
2007.09.21 10:31:19.319,1.6293,1.6298,18.40,1.60
2007.09.21 10:31:20.253,1.6293,1.6298,18.40,6.40
2007.09.21 10:31:26.690,1.6293,1.6298,18.40,5.60
2007.09.21 10:31:26.764,1.6293,1.6298,18.40,4.80
2007.09.21 10:31:27.748,1.6294,1.6299,0.50,10.40
2007.09.21 10:31:31.503,1.6293,1.6297,14.40,4.00
2007.09.21 10:31:31.670,1.6293,1.6297,14.40,4.00
2007.09.21 10:31:32.054,1.6294,1.6297,1.40,4.00
2007.09.21 10:31:35.959,1.6293,1.62975,9.60,4.80
2007.09.21 10:31:36.226,1.6293,1.6298,18.40,5.60
2007.09.21 10:31:36.406,1.6294,1.6298,0.50,4.80
2007.09.21 10:31:36.605,1.6294,1.6298,1.00,4.80
2007.09.21 10:31:43.108,1.6293,1.6297,18.40,4.00
2007.09.21 10:31:44.168,1.6293,1.6297,9.60,4.00
2007.09.21 10:31:45.136,1.6293,1.62975,13.60,4.80
2007.09.21 10:31:45.654,1.6294,1.62975,3.20,4.80
2007.09.21 10:31:45.677,1.6293,1.6298,18.40,4.80
2007.09.21 10:31:53.681,1.6294,1.62985,5.60,4.80
2007.09.21 10:31:56.515,1.6294,1.6298,5.60,4.80
2007.09.21 10:32:04.212,1.6294,1.6298,4.00,4.80
2007.09.21 10:32:05.169,1.6294,1.6298,5.60,4.80
2007.09.21 10:32:06.118,1.6294,1.6298,4.00,4.80
2007.09.21 10:32:07.625,1.6294,1.6299,4.00,12.00
2007.09.21 10:32:08.228,1.6295,1.6298,4.00,0.90
2007.09.21 10:32:08.430,1.6295,1.6299,4.00,11.20
2007.09.21 10:32:08.751,1.6294,1.6299,5.60,11.20
2007.09.21 10:32:08.989,1.6294,1.6299,4.00,11.20
2007.09.21 10:32:09.687,1.6294,1.6298,4.00,0.60
2007.09.21 10:32:11.424,1.6294,1.6299,5.60,11.20
2007.09.21 10:32:12.689,1.6294,1.6299,5.60,7.20
2007.09.21 10:32:13.835,1.6295,1.62985,4.00,0.80
2007.09.21 10:32:13.979,1.6295,1.62995,4.00,5.60
2007.09.21 10:32:14.255,1.6295,1.62995,4.00,7.20
2007.09.21 10:32:17.379,1.6295,1.6299,5.60,0.80
2007.09.21 10:32:18.977,1.6295,1.6299,5.60,0.50
2007.09.21 10:32:23.606,1.6295,1.6299,5.60,0.50
2007.09.21 10:32:25.207,1.6295,1.63,5.60,16.00
2007.09.21 10:32:25.741,1.6295,1.6299,1.60,0.60
2007.09.21 10:32:26.089,1.6294,1.63,10.40,18.50
2007.09.21 10:32:26.121,1.6294,1.6298,5.60,0.70
2007.09.21 10:32:27.381,1.6294,1.6299,5.60,11.20
2007.09.21 10:32:29.788,1.6294,1.6299,1.60,12.00
2007.09.21 10:32:29.991,1.6293,1.62975,5.60,0.90
2007.09.21 10:32:32.634,1.6293,1.6297,5.60,0.80
2007.09.21 10:32:35.594,1.6293,1.6297,1.60,14.40
2007.09.21 10:32:35.813,1.6292,1.6296,10.40,22.50
2007.09.21 10:32:36.084,1.6292,1.62945,5.60,0.80
2007.09.21 10:32:36.131,1.6292,1.6295,8.10,5.60
2007.09.21 10:32:36.229,1.6292,1.62945,2.50,4.80
2007.09.21 10:32:37.076,1.6292,1.62945,6.50,0.80
2007.09.21 10:32:37.185,1.6292,1.62945,8.10,0.80
2007.09.21 10:32:37.446,1.6292,1.6296,8.10,12.00
2007.09.21 10:32:41.226,1.6292,1.6296,1.60,12.00
2007.09.21 10:32:41.561,1.6291,1.6296,12.90,12.00
2007.09.21 10:32:41.641,1.6291,1.62955,8.10,4.80
2007.09.21 10:32:43.024,1.6291,1.6295,8.10,4.80
2007.09.21 10:32:43.163,1.6294,1.6295,4.00,4.80
2007.09.21 10:32:43.271,1.6294,1.6295,5.60,4.80
2007.09.21 10:32:43.529,1.6294,1.6297,5.60,4.00
2007.09.21 10:32:43.703,1.6294,1.6298,1.60,5.60
2007.09.21 10:32:43.781,1.62935,1.6298,4.80,6.40
2007.09.21 10:32:44.132,1.6295,1.6298,4.00,6.40
2007.09.21 10:32:44.354,1.6295,1.6298,4.00,5.60
2007.09.21 10:32:44.361,1.6295,1.62975,4.00,5.60
2007.09.21 10:32:44.854,1.6295,1.62975,4.00,4.80
2007.09.21 10:32:45.194,1.6294,1.62975,1.60,4.80
2007.09.21 10:32:45.393,1.6293,1.62975,8.10,4.80
2007.09.21 10:32:45.627,1.6293,1.62975,8.10,5.60
2007.09.21 10:32:46.274,1.6294,1.62975,1.60,5.60
2007.09.21 10:32:49.627,1.6294,1.62975,1.60,0.80
2007.09.21 10:32:49.638,1.6295,1.62975,4.00,0.80
2007.09.21 10:32:49.923,1.6295,1.6298,4.00,4.00
2007.09.21 10:32:53.154,1.6294,1.6298,1.60,4.00
2007.09.21 10:32:53.288,1.6294,1.6298,1.60,6.40
2007.09.21 10:32:53.456,1.6294,1.62975,1.60,5.60
2007.09.21 10:32:53.606,1.6294,1.6296,1.60,4.00
2007.09.21 10:32:53.809,1.6293,1.6296,6.50,4.00
2007.09.21 10:32:53.955,1.6293,1.6296,6.50,8.80
2007.09.21 10:32:54.248,1.6293,1.6296,4.00,8.80
2007.09.21 10:33:04.788,1.6293,1.6296,4.00,4.80
2007.09.21 10:33:04.997,1.6293,1.62965,4.00,5.60
2007.09.21 10:33:05.222,1.6293,1.62965,5.60,5.60
2007.09.21 10:33:05.748,1.6294,1.62965,4.00,5.60
2007.09.21 10:33:06.489,1.6294,1.6297,4.00,10.40
2007.09.21 10:33:07.112,1.6293,1.6297,9.60,10.40
2007.09.21 10:33:08.303,1.6293,1.6296,4.00,4.00
2007.09.21 10:33:08.393,1.6293,1.6296,4.00,8.80
2007.09.21 10:33:11.640,1.6294,1.6296,4.00,8.80
2007.09.21 10:33:11.763,1.6294,1.6296,4.00,4.80
2007.09.21 10:33:12.123,1.6294,1.6297,4.00,10.40
2007.09.21 10:33:16.255,1.6293,1.6297,1.60,10.40
2007.09.21 10:33:16.328,1.6292,1.6297,12.90,11.20
2007.09.21 10:33:16.411,1.6292,1.62965,8.10,4.80
2007.09.21 10:33:16.644,1.6292,1.62965,8.10,5.60
2007.09.21 10:33:16.839,1.6292,1.62965,6.50,5.60
2007.09.21 10:33:16.877,1.6292,1.6296,6.50,4.80
2007.09.21 10:33:17.545,1.6292,1.62965,6.50,5.60
2007.09.21 10:33:18.198,1.6292,1.62965,8.10,5.60
2007.09.21 10:33:19.155,1.6292,1.6296,8.10,4.80
2007.09.21 10:33:31.757,1.6292,1.62965,8.10,5.60
2007.09.21 10:33:43.476,1.6292,1.6296,8.10,4.80
2007.09.21 10:33:43.697,1.6292,1.6295,8.10,4.00
2007.09.21 10:33:44.030,1.6292,1.6295,8.10,8.80
2007.09.21 10:33:44.317,1.6292,1.6295,5.60,8.80
2007.09.21 10:33:45.252,1.6292,1.6295,4.00,9.60
2007.09.21 10:33:45.386,1.6291,1.6294,5.60,4.00
2007.09.21 10:33:46.037,1.6291,1.6294,5.60,8.80
2007.09.21 10:33:46.299,1.6289,1.6294,11.30,8.80
2007.09.21 10:33:46.390,1.629,1.6294,1.60,11.20
2007.09.21 10:33:46.700,1.629,1.6294,1.60,7.20
2007.09.21 10:33:46.757,1.629,1.62935,1.60,0.80
2007.09.21 10:33:47.393,1.629,1.62935,1.60,5.60
2007.09.21 10:33:47.829,1.629,1.62935,1.60,0.80
2007.09.21 10:33:48.393,1.6289,1.62935,12.90,0.80
2007.09.21 10:33:48.568,1.62895,1.62945,4.80,4.80
2007.09.21 10:33:49.238,1.629,1.6294,1.60,4.80
2007.09.21 10:33:49.451,1.6289,1.6294,16.90,4.80
2007.09.21 10:33:49.760,1.6289,1.6294,12.90,8.80
2007.09.21 10:33:49.868,1.629,1.6294,1.60,9.60
2007.09.21 10:33:49.977,1.629,1.62935,1.60,0.80
2007.09.21 10:33:52.934,1.6289,1.62935,12.90,0.80
2007.09.21 10:33:57.362,1.629,1.62935,1.60,0.80
2007.09.21 10:33:57.567,1.629,1.62935,1.60,5.60
2007.09.21 10:33:57.896,1.629,1.62935,4.00,5.60
2007.09.21 10:33:58.096,1.629,1.62935,4.00,0.80
2007.09.21 10:33:58.312,1.6289,1.62935,12.90,0.80
2007.09.21 10:34:01.471,1.6289,1.62935,8.10,5.60
2007.09.21 10:34:02.973,1.629,1.62935,1.60,5.60
2007.09.21 10:34:05.570,1.629,1.62935,1.60,0.60
2007.09.21 10:34:13.441,1.6289,1.6295,12.10,6.40
2007.09.21 10:34:13.456,1.6289,1.62935,16.90,0.80
2007.09.21 10:34:13.625,1.6289,1.62945,16.90,5.60
2007.09.21 10:34:16.229,1.6289,1.6294,12.90,0.90
2007.09.21 10:34:16.438,1.629,1.62945,1.60,5.60
2007.09.21 10:34:16.695,1.629,1.6295,1.60,12.00
2007.09.21 10:34:16.826,1.629,1.6294,1.60,0.80
2007.09.21 10:34:17.298,1.629,1.62945,1.60,5.60
2007.09.21 10:34:17.538,1.629,1.6294,1.60,0.90
2007.09.21 10:34:19.217,1.629,1.62945,1.60,9.60
2007.09.21 10:34:19.751,1.629,1.62945,5.60,5.60
2007.09.21 10:34:19.854,1.629,1.6294,8.10,0.60
2007.09.21 10:34:20.292,1.629,1.6294,1.60,0.80
2007.09.21 10:34:20.482,1.6289,1.62945,12.90,10.40
2007.09.21 10:34:20.738,1.6289,1.62935,8.10,0.70
2007.09.21 10:34:20.800,1.6289,1.62935,12.10,0.50
2007.09.21 10:34:21.450,1.6289,1.6294,16.90,0.80
2007.09.21 10:34:22.373,1.6289,1.6294,12.90,0.90
2007.09.21 10:34:22.566,1.629,1.6295,1.60,6.40
2007.09.21 10:34:22.795,1.629,1.62945,1.60,5.60
2007.09.21 10:34:22.899,1.62895,1.6294,4.80,0.80
2007.09.21 10:34:23.330,1.62895,1.6294,4.80,1.60
2007.09.21 10:34:23.483,1.6289,1.6294,12.90,5.60
2007.09.21 10:34:23.887,1.6289,1.6294,6.40,13.60
2007.09.21 10:34:23.918,1.6289,1.6294,1.60,14.40
2007.09.21 10:34:24.024,1.6289,1.6293,1.60,10.40
2007.09.21 10:34:24.206,1.6288,1.6292,12.90,0.80
2007.09.21 10:34:24.426,1.6288,1.6292,12.90,0.80
2007.09.21 10:34:24.669,1.6288,1.62925,8.10,6.40
2007.09.21 10:34:25.696,1.6288,1.6292,8.10,0.90
2007.09.21 10:34:25.808,1.6288,1.6292,8.10,5.60
2007.09.21 10:34:26.018,1.6288,1.6292,6.50,5.60
2007.09.21 10:34:26.095,1.6288,1.6291,6.50,0.80
2007.09.21 10:34:26.229,1.6288,1.6292,2.50,5.60
2007.09.21 10:34:26.348,1.62875,1.6292,4.80,5.60
2007.09.21 10:34:26.500,1.6287,1.62915,8.10,6.40
2007.09.21 10:34:26.872,1.6287,1.62915,12.10,5.60
2007.09.21 10:34:27.298,1.6287,1.629,12.10,0.60
2007.09.21 10:34:27.422,1.6287,1.629,8.10,0.80
2007.09.21 10:34:27.518,1.6287,1.6291,6.50,11.20
2007.09.21 10:34:27.813,1.6287,1.62905,6.50,10.40
2007.09.21 10:34:27.856,1.6287,1.629,4.00,0.50
2007.09.21 10:34:27.966,1.6287,1.629,5.60,0.90
2007.09.21 10:34:29.742,1.6287,1.629,5.60,0.80
2007.09.21 10:34:29.900,1.6287,1.629,12.10,0.50
2007.09.21 10:34:29.972,1.6287,1.62905,12.10,5.60
2007.09.21 10:34:30.018,1.6287,1.62915,12.10,6.40
2007.09.21 10:34:30.784,1.6287,1.62915,8.10,6.40
2007.09.21 10:34:33.734,1.6288,1.6291,4.00,0.80
2007.09.21 10:34:33.841,1.6288,1.6291,6.50,0.80
2007.09.21 10:34:34.352,1.6288,1.6292,6.50,3.20
2007.09.21 10:34:34.715,1.6288,1.6292,2.50,3.20
2007.09.21 10:34:34.819,1.6288,1.6292,2.50,8.00
2007.09.21 10:34:35.028,1.6287,1.6292,12.90,8.00
2007.09.21 10:34:36.631,1.6288,1.6292,4.00,8.00
2007.09.21 10:34:36.953,1.6288,1.6292,4.00,3.20
2007.09.21 10:34:37.262,1.6288,1.6292,6.50,3.20
2007.09.21 10:34:37.986,1.6288,1.6292,6.50,1.60
2007.09.21 10:34:40.408,1.6288,1.6292,8.10,1.60
2007.09.21 10:34:40.466,1.62885,1.6292,4.80,1.60
2007.09.21 10:34:41.441,1.6288,1.6292,12.90,1.60
2007.09.21 10:34:48.353,1.629,1.6293,4.00,4.00
2007.09.21 10:34:50.960,1.629,1.6293,4.00,5.60
2007.09.21 10:34:52.229,1.629,1.6293,4.00,6.40
2007.09.21 10:34:52.315,1.629,1.6293,4.00,8.90
2007.09.21 10:34:52.439,1.6289,1.6293,5.60,7.30
2007.09.21 10:34:52.604,1.6289,1.62925,5.60,0.80
2007.09.21 10:34:52.750,1.629,1.62925,4.00,0.80
2007.09.21 10:34:52.963,1.629,1.62925,5.60,0.80
2007.09.21 10:34:54.793,1.629,1.6292,1.60,4.00
2007.09.21 10:34:54.960,1.6289,1.6292,5.60,4.00
2007.09.21 10:34:57.150,1.6289,1.6292,5.60,4.80
2007.09.21 10:34:57.365,1.6289,1.6292,5.60,0.80
2007.09.21 10:34:57.474,1.6289,1.62925,8.10,0.80
2007.09.21 10:35:01.708,1.629,1.62925,4.00,0.80
2007.09.21 10:35:01.813,1.629,1.62925,6.50,0.80
2007.09.21 10:35:02.038,1.629,1.62925,8.10,0.80
2007.09.21 10:35:02.254,1.629,1.62935,8.10,4.80
2007.09.21 10:35:02.868,1.629,1.6294,8.10,3.20
2007.09.21 10:35:03.307,1.629,1.6294,12.90,3.20
2007.09.21 10:35:04.487,1.629,1.6294,8.10,3.20
2007.09.21 10:35:04.863,1.629,1.6293,8.10,4.00
2007.09.21 10:35:05.202,1.629,1.6293,8.10,4.80
2007.09.21 10:35:05.485,1.629,1.6293,8.10,5.60
2007.09.21 10:35:05.513,1.629,1.6293,5.60,5.60
2007.09.21 10:35:07.299,1.6289,1.6292,10.40,4.80
2007.09.21 10:35:07.480,1.6289,1.6292,5.60,4.80
2007.09.21 10:35:07.857,1.6289,1.6292,5.60,5.60
2007.09.21 10:35:08.765,1.6289,1.6292,5.60,1.60
2007.09.21 10:35:09.178,1.6289,1.6292,10.40,1.60
2007.09.21 10:35:09.286,1.629,1.6292,1.60,1.60
2007.09.21 10:35:09.693,1.629,1.6292,5.60,1.60
2007.09.21 10:35:09.803,1.629,1.6292,5.60,0.80
2007.09.21 10:35:10.015,1.629,1.6293,5.60,8.10
2007.09.21 10:35:10.315,1.629,1.6293,5.60,5.60
2007.09.21 10:35:11.169,1.629,1.6293,2.40,5.60
2007.09.21 10:35:16.851,1.62885,1.6292,10.40,4.80
2007.09.21 10:35:17.128,1.6288,1.6292,14.40,5.60
2007.09.21 10:35:17.188,1.629,1.6292,1.20,5.60
2007.09.21 10:35:17.352,1.6289,1.6292,9.60,0.80
2007.09.21 10:35:17.943,1.6289,1.6293,14.40,8.10
2007.09.21 10:35:17.963,1.6289,1.6293,14.40,8.10
2007.09.21 10:35:18.574,1.629,1.6293,0.50,9.70
2007.09.21 10:35:19.029,1.6288,1.6292,10.40,0.80
2007.09.21 10:35:19.369,1.6287,1.6292,20.90,1.60
2007.09.21 10:35:25.444,1.629,1.6292,1.90,1.60
2007.09.21 10:35:25.559,1.629,1.6292,2.00,0.80
2007.09.21 10:35:25.734,1.629,1.6293,2.00,9.70
2007.09.21 10:35:27.424,1.6288,1.6293,10.40,9.70
2007.09.21 10:35:27.570,1.6289,1.6292,0.70,0.80
2007.09.21 10:35:27.582,1.6288,1.6292,10.40,0.80
2007.09.21 10:35:27.731,1.6287,1.6292,20.90,1.60
2007.09.21 10:35:28.671,1.6287,1.6292,16.90,5.60
2007.09.21 10:35:28.791,1.6287,1.6291,12.90,0.80
2007.09.21 10:35:28.903,1.6288,1.6291,0.70,0.80
2007.09.21 10:35:29.133,1.6287,1.6291,5.00,1.60
2007.09.21 10:35:33.709,1.6287,1.6291,4.40,1.60
2007.09.21 10:35:33.754,1.6287,1.6291,0.70,1.60
2007.09.21 10:35:33.974,1.6287,1.6291,2.40,1.60
2007.09.21 10:35:34.157,1.62865,1.6291,2.70,1.60
2007.09.21 10:35:35.791,1.6286,1.629,12.90,0.80
2007.09.21 10:35:35.997,1.62865,1.629,8.80,0.80
2007.09.21 10:35:36.118,1.6286,1.629,12.90,0.80
2007.09.21 10:35:36.275,1.6285,1.62895,20.90,0.80
2007.09.21 10:35:36.434,1.6286,1.62895,12.90,0.80
2007.09.21 10:35:36.538,1.6287,1.62895,1.60,0.80
2007.09.21 10:35:36.635,1.6287,1.62895,0.70,0.80
2007.09.21 10:35:37.490,1.62865,1.62895,10.40,0.80
2007.09.21 10:35:37.705,1.6287,1.62895,0.90,0.80
2007.09.21 10:35:37.909,1.6287,1.62895,1.30,0.80
2007.09.21 10:35:38.024,1.62865,1.62895,8.80,0.80
2007.09.21 10:35:38.117,1.62865,1.62895,0.90,0.80
2007.09.21 10:35:38.559,1.62865,1.62895,8.80,0.80
2007.09.21 10:35:38.644,1.62865,1.62895,0.70,0.80
2007.09.21 10:35:38.973,1.62865,1.62895,10.40,0.80
2007.09.21 10:35:39.077,1.62865,1.62895,6.40,0.80
2007.09.21 10:35:40.009,1.6287,1.62895,5.60,0.80
2007.09.21 10:35:40.117,1.6287,1.62895,1.60,0.80
2007.09.21 10:35:42.251,1.62865,1.62895,4.80,0.80
2007.09.21 10:35:42.771,1.6287,1.62895,4.00,0.80
2007.09.21 10:35:42.983,1.6287,1.62895,10.40,0.80
2007.09.21 10:35:43.127,1.6287,1.6291,10.40,1.60
2007.09.21 10:35:43.194,1.6287,1.6291,10.40,3.20
2007.09.21 10:35:43.298,1.6287,1.6291,12.90,3.20
2007.09.21 10:35:43.560,1.6287,1.6291,11.30,1.60
2007.09.21 10:35:43.913,1.6287,1.6291,6.50,1.60
2007.09.21 10:35:44.037,1.6287,1.6291,8.10,1.60
2007.09.21 10:35:44.553,1.6287,1.6291,12.90,1.60
2007.09.21 10:35:46.723,1.62875,1.6291,4.80,1.60
2007.09.21 10:35:47.530,1.6287,1.6291,12.90,1.60
2007.09.21 10:35:48.219,1.62875,1.6291,4.80,1.60
2007.09.21 10:35:54.279,1.6287,1.6291,12.90,1.60
2007.09.21 10:35:56.369,1.6286,1.6291,20.90,1.60
2007.09.21 10:35:57.182,1.6286,1.6291,20.90,0.80
2007.09.21 10:35:57.273,1.6286,1.6291,20.90,1.60
2007.09.21 10:35:57.862,1.6287,1.6291,11.30,0.80
2007.09.21 10:36:00.480,1.62875,1.629,2.80,4.00
2007.09.21 10:36:00.585,1.6287,1.629,11.30,4.80
2007.09.21 10:36:00.854,1.62865,1.629,11.30,5.60
2007.09.21 10:36:02.258,1.6287,1.629,6.50,4.80
2007.09.21 10:36:02.466,1.6287,1.629,10.50,0.80
2007.09.21 10:36:02.521,1.6287,1.6291,15.30,5.60
2007.09.21 10:36:02.985,1.6288,1.6291,1.50,5.60
2007.09.21 10:36:03.083,1.6286,1.629,12.90,0.80
2007.09.21 10:36:03.277,1.62855,1.629,11.30,1.60
2007.09.21 10:36:03.312,1.62855,1.629,7.30,1.60
2007.09.21 10:36:03.525,1.62855,1.629,0.80,1.60
2007.09.21 10:36:03.727,1.6285,1.629,7.30,5.60
2007.09.21 10:36:03.832,1.6285,1.629,7.30,16.80
2007.09.21 10:36:03.937,1.6283,1.629,3.40,21.60
2007.09.21 10:36:04.036,1.6282,1.629,16.10,20.80
2007.09.21 10:36:04.203,1.6283,1.6288,16.90,1.60
2007.09.21 10:36:11.559,1.6284,1.6288,0.60,1.60
2007.09.21 10:36:14.744,1.6283,1.6288,15.30,1.60
2007.09.21 10:36:15.120,1.6283,1.6288,11.30,1.60
2007.09.21 10:36:15.663,1.6283,1.6288,15.30,1.60
2007.09.21 10:36:17.538,1.6283,1.6288,19.30,1.60
2007.09.21 10:36:18.581,1.6284,1.6288,8.80,1.60
2007.09.21 10:36:18.690,1.6284,1.6288,1.80,1.60
2007.09.21 10:36:19.365,1.6284,1.6288,8.80,1.60
2007.09.21 10:36:20.416,1.62845,1.6288,2.20,0.80
2007.09.21 10:36:21.156,1.6284,1.62885,8.80,0.80
2007.09.21 10:36:23.550,1.62845,1.6288,4.80,4.00
2007.09.21 10:36:23.669,1.62845,1.6287,4.80,0.80
2007.09.21 10:36:23.870,1.6284,1.6287,4.00,1.60
2007.09.21 10:36:27.680,1.6284,1.6287,4.00,5.60
2007.09.21 10:36:28.317,1.6284,1.6286,4.00,0.80
2007.09.21 10:36:28.670,1.6284,1.6286,4.00,1.60
2007.09.21 10:36:29.249,1.6284,1.6286,4.00,0.80
2007.09.21 10:36:29.611,1.6284,1.6287,4.00,4.00
2007.09.21 10:36:29.658,1.6286,1.62875,4.00,5.60
2007.09.21 10:36:29.906,1.6286,1.62875,4.00,4.80
2007.09.21 10:36:30.084,1.6285,1.62875,2.50,4.80
2007.09.21 10:36:30.411,1.6285,1.6288,4.80,1.60
2007.09.21 10:36:30.590,1.6284,1.6288,11.30,1.60
2007.09.21 10:36:30.612,1.6284,1.6288,15.30,1.60
2007.09.21 10:36:30.766,1.6284,1.62885,15.30,0.80
2007.09.21 10:36:30.809,1.62845,1.6289,4.80,1.60
2007.09.21 10:36:36.402,1.62845,1.6289,4.80,3.20
2007.09.21 10:36:36.487,1.6284,1.6291,4.80,20.10
2007.09.21 10:36:38.562,1.6284,1.6288,4.80,0.80
2007.09.21 10:36:40.632,1.6284,1.6288,8.80,0.80
2007.09.21 10:36:40.745,1.6284,1.6288,12.80,0.80
2007.09.21 10:36:41.077,1.6285,1.6289,4.80,1.60
2007.09.21 10:36:43.528,1.6285,1.6289,4.80,5.60
2007.09.21 10:36:43.790,1.6285,1.6289,4.80,7.20
2007.09.21 10:36:43.960,1.6284,1.62885,8.80,0.80
2007.09.21 10:36:44.177,1.6284,1.6288,8.80,1.60
2007.09.21 10:36:44.531,1.6284,1.6288,4.00,1.60
2007.09.21 10:36:44.734,1.6284,1.62885,4.00,7.20
2007.09.21 10:36:52.151,1.62835,1.6288,4.80,0.80
2007.09.21 10:36:52.257,1.62835,1.6288,4.80,0.50
2007.09.21 10:36:52.593,1.62825,1.6288,4.80,8.00
2007.09.21 10:36:53.204,1.62825,1.6287,4.80,0.80
2007.09.21 10:36:53.315,1.62815,1.6287,4.80,6.40
2007.09.21 10:36:53.727,1.62815,1.62865,4.80,6.40
2007.09.21 10:36:53.895,1.6281,1.62855,8.80,0.80
2007.09.21 10:36:54.149,1.6279,1.6285,9.60,10.50
2007.09.21 10:36:54.247,1.6279,1.6284,4.00,4.90
2007.09.21 10:36:54.572,1.6279,1.6283,4.00,6.40
2007.09.21 10:36:55.356,1.6279,1.62825,6.50,0.80
2007.09.21 10:36:56.305,1.6279,1.62825,11.30,0.80
2007.09.21 10:37:03.130,1.6279,1.62825,4.00,6.40
2007.09.21 10:37:03.355,1.6279,1.6283,4.00,3.20
2007.09.21 10:37:03.571,1.6279,1.62835,4.00,8.00
2007.09.21 10:37:03.664,1.6279,1.6283,6.50,0.90
2007.09.21 10:37:04.539,1.6279,1.6284,11.30,12.00
2007.09.21 10:37:05.055,1.6279,1.6283,6.50,0.90
2007.09.21 10:37:05.531,1.6279,1.6283,4.00,0.90
2007.09.21 10:37:06.160,1.6279,1.6282,4.00,0.90
2007.09.21 10:37:06.260,1.6279,1.6282,4.00,0.60
2007.09.21 10:37:06.533,1.6279,1.6282,4.00,0.70
2007.09.21 10:37:06.585,1.6279,1.6283,4.00,8.00
2007.09.21 10:37:06.688,1.6279,1.6283,8.80,3.20
2007.09.21 10:37:06.926,1.6279,1.6283,8.80,0.80
2007.09.21 10:37:07.097,1.6279,1.6284,4.80,24.10
2007.09.21 10:37:07.224,1.6279,1.6282,4.80,0.80
2007.09.21 10:37:07.381,1.6279,1.6284,4.80,0.50
2007.09.21 10:37:07.483,1.6279,1.6285,4.80,27.30
2007.09.21 10:37:07.578,1.6279,1.6285,4.80,27.30
2007.09.21 10:37:07.697,1.6279,1.6284,4.80,0.50
2007.09.21 10:37:07.729,1.6279,1.6284,4.80,8.00
2007.09.21 10:37:08.123,1.628,1.6284,4.00,8.00
2007.09.21 10:37:08.572,1.628,1.62845,4.00,7.20
2007.09.21 10:37:12.794,1.628,1.6285,4.00,14.50
2007.09.21 10:37:24.385,1.628,1.6284,4.00,1.60
2007.09.21 10:37:27.917,1.628,1.6284,0.60,1.60
2007.09.21 10:37:35.267,1.628,1.62845,4.00,5.60
2007.09.21 10:37:36.230,1.6282,1.6284,4.00,1.60
2007.09.21 10:37:38.190,1.62805,1.6284,4.80,1.60
2007.09.21 10:37:38.787,1.628,1.6284,4.00,1.60
2007.09.21 10:37:44.606,1.628,1.62845,4.00,5.60
2007.09.21 10:37:44.702,1.628,1.6284,4.00,1.60
2007.09.21 10:37:51.966,1.628,1.62845,4.00,7.20
2007.09.21 10:38:02.245,1.628,1.62845,6.50,0.90
2007.09.21 10:38:02.571,1.628,1.62845,11.30,0.80
2007.09.21 10:38:03.228,1.62805,1.62845,4.80,0.80
2007.09.21 10:38:06.386,1.62805,1.62845,4.80,2.40
2007.09.21 10:38:06.513,1.628,1.62845,11.30,2.40
2007.09.21 10:38:06.806,1.628,1.6284,8.80,0.80
2007.09.21 10:38:36.318,1.6281,1.62845,4.00,0.80
2007.09.21 10:38:36.401,1.628,1.62845,4.80,0.80
2007.09.21 10:38:36.846,1.6279,1.6285,8.00,2.40
2007.09.21 10:38:36.876,1.62805,1.62845,4.80,0.80
2007.09.21 10:38:37.520,1.628,1.62845,4.80,0.80
2007.09.21 10:38:42.475,1.62805,1.62845,4.80,0.80
2007.09.21 10:38:43.553,1.628,1.62845,4.80,0.80
2007.09.21 10:38:44.474,1.62805,1.62845,4.80,0.80
2007.09.21 10:38:47.291,1.6278,1.62845,6.50,0.80
2007.09.21 10:38:48.221,1.62795,1.62845,4.80,5.60
2007.09.21 10:38:48.541,1.6278,1.62845,6.50,0.80
2007.09.21 10:38:49.029,1.628,1.62845,4.80,0.80
2007.09.21 10:38:49.457,1.628,1.6284,4.80,1.60
2007.09.21 10:38:51.615,1.628,1.6284,4.80,2.40
2007.09.21 10:38:51.779,1.628,1.6284,4.80,3.20
2007.09.21 10:38:53.524,1.628,1.6285,4.80,8.00
2007.09.21 10:38:54.841,1.628,1.6284,8.80,3.20
2007.09.21 10:38:54.947,1.628,1.6284,8.80,0.80
2007.09.21 10:38:55.075,1.628,1.6285,8.80,8.00
2007.09.21 10:38:55.257,1.62805,1.6285,4.80,3.20
2007.09.21 10:38:57.630,1.62805,1.6285,4.80,2.40
2007.09.21 10:38:57.742,1.6281,1.6285,4.00,3.20
2007.09.21 10:38:58.053,1.6281,1.6284,4.00,1.60
2007.09.21 10:38:58.177,1.6281,1.6284,8.80,1.60
2007.09.21 10:38:58.251,1.6281,1.6284,11.30,1.60
2007.09.21 10:38:58.876,1.6281,1.6285,11.30,3.20
2007.09.21 10:39:05.832,1.6281,1.6285,24.90,3.20
2007.09.21 10:39:05.929,1.6281,1.6285,24.90,0.80
2007.09.21 10:39:06.239,1.6282,1.6286,4.80,4.00
2007.09.21 10:39:06.256,1.6282,1.62865,4.80,0.80
2007.09.21 10:39:18.800,1.6282,1.6285,4.80,4.00
2007.09.21 10:39:19.032,1.62815,1.6285,4.80,4.00
2007.09.21 10:39:20.977,1.62815,1.62855,4.80,0.80
2007.09.21 10:39:21.557,1.6281,1.62855,11.30,0.80
2007.09.21 10:39:21.920,1.6281,1.62855,24.90,0.80
2007.09.21 10:39:22.128,1.62815,1.62855,4.80,0.80
2007.09.21 10:39:22.402,1.62815,1.6286,4.80,1.60
2007.09.21 10:39:22.748,1.6282,1.6286,4.00,1.60
2007.09.21 10:39:22.769,1.6282,1.6286,8.80,1.60
2007.09.21 10:39:22.843,1.6282,1.6286,11.30,0.80
2007.09.21 10:39:23.244,1.6282,1.6286,15.30,0.80
2007.09.21 10:39:23.424,1.6282,1.6287,15.30,4.80
2007.09.21 10:39:23.679,1.6282,1.6287,11.30,4.80
2007.09.21 10:39:23.777,1.6282,1.6287,4.80,4.80
2007.09.21 10:39:23.909,1.6281,1.62875,17.70,0.80
2007.09.21 10:39:25.655,1.6281,1.6286,17.70,0.80
2007.09.21 10:39:25.676,1.6282,1.6286,4.80,1.60
2007.09.21 10:39:26.910,1.6282,1.6286,4.80,7.20
2007.09.21 10:39:27.240,1.62815,1.62855,4.80,0.80
2007.09.21 10:39:28.330,1.62815,1.6285,4.80,0.80
2007.09.21 10:39:28.702,1.6281,1.6285,11.30,0.80
2007.09.21 10:39:28.753,1.6281,1.6285,7.30,0.80
2007.09.21 10:39:28.863,1.6281,1.6285,4.80,0.80
2007.09.21 10:39:29.087,1.62805,1.6285,4.80,0.80
2007.09.21 10:39:29.791,1.6281,1.6285,4.00,0.80
2007.09.21 10:39:30.306,1.6281,1.6285,6.50,0.80
2007.09.21 10:39:30.314,1.6281,1.6285,11.30,0.80
2007.09.21 10:39:30.716,1.6281,1.6285,7.30,0.80
2007.09.21 10:39:30.853,1.6281,1.6285,4.80,4.80
2007.09.21 10:39:30.926,1.6281,1.6285,4.80,6.40
2007.09.21 10:39:31.093,1.628,1.6284,12.90,0.80
2007.09.21 10:39:32.101,1.628,1.6284,8.10,0.80
2007.09.21 10:39:32.175,1.628,1.6284,6.50,0.80
2007.09.21 10:39:32.376,1.628,1.6284,16.10,0.80
2007.09.21 10:39:32.786,1.62805,1.6285,4.80,1.60
2007.09.21 10:39:34.356,1.6281,1.6285,9.60,1.60
2007.09.21 10:39:34.548,1.6281,1.6285,14.40,1.60
2007.09.21 10:39:34.890,1.62815,1.6285,4.80,1.60
2007.09.21 10:39:35.652,1.6281,1.6285,4.80,1.60
2007.09.21 10:39:36.948,1.6281,1.6285,4.80,0.80
2007.09.21 10:39:39.848,1.6281,1.6285,4.80,0.50
2007.09.21 10:39:40.005,1.628,1.6284,12.90,0.80
2007.09.21 10:39:41.533,1.628,1.62845,8.10,5.60
2007.09.21 10:39:42.210,1.628,1.62845,6.50,5.60
2007.09.21 10:39:43.675,1.628,1.6284,6.50,0.50
2007.09.21 10:39:55.625,1.628,1.62845,4.00,6.40
2007.09.21 10:39:57.679,1.628,1.62845,4.00,5.60
2007.09.21 10:39:57.993,1.628,1.62845,4.00,6.30
2007.09.21 10:39:58.534,1.628,1.62845,5.60,6.30
2007.09.21 10:39:58.920,1.628,1.62845,4.00,6.30
2007.09.21 10:39:59.445,1.628,1.62845,9.60,6.30
2007.09.21 10:39:59.582,1.6282,1.6285,4.00,9.60
2007.09.21 10:39:59.650,1.6282,1.62865,4.00,7.10
2007.09.21 10:39:59.753,1.6282,1.62865,4.00,7.90
2007.09.21 10:40:02.251,1.6282,1.62865,4.00,6.30
2007.09.21 10:40:02.986,1.6282,1.6286,4.00,0.90
2007.09.21 10:40:09.801,1.6282,1.6286,4.00,2.30
2007.09.21 10:40:09.827,1.6282,1.6286,4.00,7.10
2007.09.21 10:40:09.922,1.6285,1.6286,4.00,7.10
2007.09.21 10:40:10.123,1.6285,1.6288,4.00,1.60
2007.09.21 10:40:10.535,1.6285,1.6289,4.00,1.60
2007.09.21 10:40:11.154,1.6285,1.62895,4.00,4.80
2007.09.21 10:40:11.333,1.6285,1.629,8.80,8.90
2007.09.21 10:40:11.463,1.6285,1.629,8.80,12.90
2007.09.21 10:40:11.556,1.6285,1.629,8.80,8.90
2007.09.21 10:40:11.699,1.62855,1.629,4.80,4.10
2007.09.21 10:40:14.020,1.6285,1.629,8.80,4.10
2007.09.21 10:40:16.235,1.62855,1.629,4.80,2.50
2007.09.21 10:40:16.953,1.6286,1.629,4.80,2.50
2007.09.21 10:40:17.171,1.6286,1.629,4.80,4.10
2007.09.21 10:40:17.859,1.62855,1.629,4.80,4.10
2007.09.21 10:40:21.535,1.62855,1.6289,4.80,2.50
2007.09.21 10:40:22.321,1.62845,1.6289,4.80,2.50
2007.09.21 10:40:22.449,1.6285,1.6289,4.00,2.50
2007.09.21 10:40:22.755,1.62855,1.6289,4.80,2.50
2007.09.21 10:40:23.399,1.62855,1.629,4.80,4.10
2007.09.21 10:40:29.714,1.6287,1.629,4.00,4.10
2007.09.21 10:40:31.207,1.6287,1.629,0.50,4.10
2007.09.21 10:40:35.225,1.6285,1.629,18.40,4.10
2007.09.21 10:40:35.610,1.62855,1.629,1.70,4.10
2007.09.21 10:40:35.746,1.6287,1.629,1.00,4.10
2007.09.21 10:40:41.234,1.6287,1.629,0.80,2.50
2007.09.21 10:40:43.940,1.6287,1.629,1.50,4.10
2007.09.21 10:40:49.240,1.6285,1.629,20.00,4.10
2007.09.21 10:40:49.438,1.6285,1.629,20.00,4.10
2007.09.21 10:40:49.789,1.6285,1.629,20.00,4.10
2007.09.21 10:40:50.409,1.62855,1.629,2.30,8.10
2007.09.21 10:40:51.025,1.6285,1.6289,10.40,1.60
2007.09.21 10:40:51.225,1.62855,1.629,0.60,8.10
2007.09.21 10:40:51.524,1.6285,1.629,4.60,12.90
2007.09.21 10:40:52.275,1.6284,1.629,16.90,8.90
2007.09.21 10:40:52.474,1.6284,1.629,16.90,8.90
2007.09.21 10:40:53.577,1.6285,1.629,10.40,4.10
2007.09.21 10:40:54.511,1.6285,1.629,6.40,8.10
2007.09.21 10:40:54.610,1.6285,1.629,6.40,5.70
2007.09.21 10:40:55.029,1.6284,1.6288,10.40,2.50
2007.09.21 10:40:55.132,1.6284,1.62895,10.40,4.80
2007.09.21 10:40:55.643,1.62845,1.6289,1.20,1.60
2007.09.21 10:40:56.068,1.6284,1.6288,10.40,2.50
2007.09.21 10:40:56.195,1.62845,1.6288,8.80,2.50
2007.09.21 10:40:57.015,1.62845,1.6288,8.80,6.50
2007.09.21 10:40:57.238,1.6285,1.6288,1.30,8.10
2007.09.21 10:40:57.539,1.62845,1.6288,8.80,5.60
2007.09.21 10:40:57.739,1.62835,1.6288,0.60,5.60
2007.09.21 10:40:57.989,1.62825,1.6286,10.40,2.50
2007.09.21 10:40:58.166,1.6283,1.6286,1.50,2.50
2007.09.21 10:40:58.690,1.6281,1.6286,28.00,2.50
2007.09.21 10:40:58.989,1.6281,1.6286,14.40,4.10
2007.09.21 10:40:59.365,1.6282,1.6286,4.00,8.90
2007.09.21 10:40:59.653,1.6282,1.6286,4.00,4.10
2007.09.21 10:41:00.006,1.6282,1.6286,4.00,2.50
2007.09.21 10:41:00.211,1.6283,1.6286,4.00,2.50
2007.09.21 10:41:04.049,1.6283,1.6286,4.00,6.50
2007.09.21 10:41:04.167,1.6283,1.6286,4.00,8.10
2007.09.21 10:41:05.918,1.6283,1.6286,4.00,5.60
2007.09.21 10:41:05.928,1.6283,1.6286,4.00,10.40
2007.09.21 10:41:06.340,1.6282,1.6285,4.00,4.00
2007.09.21 10:41:06.451,1.6282,1.6285,4.00,5.60
2007.09.21 10:41:06.587,1.6282,1.6285,4.00,10.40
2007.09.21 10:41:07.289,1.6282,1.6286,4.00,17.00
2007.09.21 10:41:07.523,1.6282,1.62855,4.00,10.40
2007.09.21 10:41:07.593,1.6281,1.62855,1.60,10.40
2007.09.21 10:41:07.688,1.62805,1.6284,4.80,0.60
2007.09.21 10:41:08.007,1.628,1.6285,10.40,13.00
2007.09.21 10:41:08.245,1.628,1.6284,5.60,0.50
2007.09.21 10:41:08.805,1.628,1.62845,4.00,7.30
2007.09.21 10:41:09.131,1.628,1.6285,8.80,9.00
2007.09.21 10:41:09.246,1.6281,1.6285,4.00,8.90
2007.09.21 10:41:09.868,1.6281,1.6285,4.00,0.80
2007.09.21 10:41:09.880,1.6281,1.62855,4.00,8.90
2007.09.21 10:41:24.576,1.6281,1.6285,4.00,12.10
2007.09.21 10:41:25.820,1.6281,1.6284,4.00,0.60
2007.09.21 10:41:29.585,1.6281,1.6284,4.00,0.90
2007.09.21 10:41:29.670,1.6281,1.6285,6.50,6.50
2007.09.21 10:41:29.761,1.6281,1.6286,6.50,10.50
2007.09.21 10:41:29.828,1.6281,1.6285,11.30,0.90
2007.09.21 10:41:30.179,1.6281,1.6287,11.30,17.00
2007.09.21 10:41:30.578,1.6281,1.6286,6.50,10.50
2007.09.21 10:41:30.808,1.6281,1.62855,6.50,6.40
2007.09.21 10:41:37.843,1.6281,1.6285,4.00,4.10
2007.09.21 10:41:38.578,1.62805,1.6285,4.80,4.10
2007.09.21 10:41:38.915,1.628,1.6285,4.80,8.90
2007.09.21 10:41:46.265,1.628,1.6285,4.80,7.30
2007.09.21 10:41:46.491,1.6279,1.6285,20.00,7.30
2007.09.21 10:41:46.989,1.628,1.6285,2.30,8.90
2007.09.21 10:41:47.289,1.6279,1.6285,20.00,8.90
2007.09.21 10:41:47.504,1.6279,1.6285,20.00,7.30
2007.09.21 10:41:47.993,1.628,1.6285,14.40,2.50
2007.09.21 10:41:49.564,1.62805,1.62855,2.50,4.80
2007.09.21 10:41:50.000,1.628,1.6286,20.00,12.90
2007.09.21 10:41:50.706,1.628,1.6286,20.00,8.90
2007.09.21 10:41:53.712,1.6279,1.6286,2.80,13.00
2007.09.21 10:41:53.834,1.6278,1.6285,23.20,2.50
2007.09.21 10:41:53.941,1.6279,1.6285,20.00,2.50
2007.09.21 10:41:54.905,1.62795,1.62845,1.60,4.80
2007.09.21 10:41:55.021,1.628,1.6285,1.10,7.30
2007.09.21 10:41:58.295,1.628,1.6285,2.90,4.80
2007.09.21 10:41:58.360,1.628,1.6286,18.40,12.90
2007.09.21 10:41:58.827,1.628,1.6286,20.00,8.90
2007.09.21 10:41:59.740,1.6278,1.6286,25.70,13.00
2007.09.21 10:41:59.870,1.6279,1.6285,6.60,2.50
2007.09.21 10:41:59.945,1.6278,1.6285,23.20,4.10
2007.09.21 10:42:00.263,1.628,1.6285,2.30,8.90
2007.09.21 10:42:00.289,1.628,1.6285,6.80,7.30
2007.09.21 10:42:00.681,1.6281,1.6285,0.80,7.30
2007.09.21 10:42:00.779,1.628,1.6287,24.00,4.10
2007.09.21 10:42:00.810,1.62805,1.6285,8.80,4.10
2007.09.21 10:42:01.011,1.628,1.6285,24.00,4.10
2007.09.21 10:42:01.795,1.62805,1.6285,8.80,4.10
2007.09.21 10:42:04.196,1.62805,1.6285,8.80,4.40
2007.09.21 10:42:04.414,1.62805,1.6285,8.80,4.60
2007.09.21 10:42:07.926,1.62805,1.6285,8.80,3.00
2007.09.21 10:42:08.234,1.6281,1.6285,8.00,3.00
2007.09.21 10:42:08.346,1.6282,1.6285,1.30,2.70
2007.09.21 10:42:08.438,1.6282,1.6285,2.40,2.50
2007.09.21 10:42:08.853,1.62815,1.6286,8.80,4.60
2007.09.21 10:42:11.261,1.62815,1.6286,8.80,0.60
2007.09.21 10:42:11.420,1.6281,1.6286,14.40,0.60
2007.09.21 10:42:11.671,1.6282,1.6286,8.80,0.60
2007.09.21 10:42:11.890,1.6282,1.6286,8.80,0.30
2007.09.21 10:42:11.946,1.6283,1.6287,2.70,0.60
2007.09.21 10:42:18.678,1.62825,1.6287,4.80,0.60
2007.09.21 10:42:55.204,1.6284,1.6287,4.00,0.60
2007.09.21 10:42:55.306,1.6284,1.6287,4.00,0.30
2007.09.21 10:42:55.611,1.6284,1.6288,4.00,3.00
2007.09.21 10:42:56.949,1.6284,1.6288,4.00,2.70
2007.09.21 10:42:57.158,1.6284,1.6288,4.00,3.00
2007.09.21 10:42:57.283,1.6284,1.6288,5.60,4.60
2007.09.21 10:42:58.196,1.6284,1.6288,4.00,3.00
2007.09.21 10:42:58.717,1.62835,1.6288,4.80,7.00
2007.09.21 10:42:58.812,1.62835,1.6287,4.80,2.70
2007.09.21 10:42:58.930,1.6283,1.6287,10.40,2.70
2007.09.21 10:42:59.266,1.6283,1.6287,8.80,3.00
2007.09.21 10:42:59.633,1.6283,1.6287,4.00,3.00
2007.09.21 10:43:00.426,1.6283,1.6287,4.00,7.80
2007.09.21 10:43:01.217,1.6282,1.6287,10.40,9.40
2007.09.21 10:43:01.323,1.6282,1.6286,10.40,2.50
2007.09.21 10:43:01.676,1.6282,1.6286,5.60,2.50
2007.09.21 10:43:02.332,1.6283,1.6286,4.00,2.50
2007.09.21 10:43:02.438,1.6283,1.62865,4.00,4.80
2007.09.21 10:43:02.608,1.6283,1.6287,4.00,5.30
2007.09.21 10:43:02.746,1.6283,1.6287,13.60,5.30
2007.09.21 10:43:02.850,1.6283,1.6287,13.60,5.00
2007.09.21 10:43:03.104,1.6283,1.6288,18.40,7.80
2007.09.21 10:43:03.487,1.6283,1.629,18.40,4.00
2007.09.21 10:43:03.588,1.62835,1.6288,4.80,4.60
2007.09.21 10:43:03.684,1.6283,1.629,18.40,4.00
2007.09.21 10:43:04.837,1.6283,1.6288,18.40,7.80
2007.09.21 10:43:08.265,1.6285,1.6288,4.00,7.80
2007.09.21 10:43:08.455,1.6285,1.6288,4.00,2.70
2007.09.21 10:43:08.569,1.6285,1.6288,4.00,2.50
2007.09.21 10:43:08.750,1.6285,1.6289,4.00,6.90
2007.09.21 10:43:09.289,1.6285,1.6289,13.60,5.30
2007.09.21 10:43:09.338,1.6285,1.6289,18.40,0.60
2007.09.21 10:43:09.374,1.6285,1.6289,18.40,0.30
2007.09.21 10:43:09.598,1.6285,1.6292,18.40,4.00
2007.09.21 10:43:14.159,1.6286,1.6292,4.00,4.00
2007.09.21 10:43:14.271,1.6286,1.629,4.00,7.80
2007.09.21 10:43:14.655,1.6285,1.629,18.40,7.80
2007.09.21 10:43:14.670,1.62855,1.629,4.80,3.00
2007.09.21 10:43:14.968,1.62855,1.629,4.80,4.60
2007.09.21 10:43:15.087,1.6285,1.6292,18.40,4.00
2007.09.21 10:43:15.799,1.6285,1.629,18.40,6.90
2007.09.21 10:43:15.900,1.6285,1.629,18.40,5.30
2007.09.21 10:43:16.226,1.6285,1.629,18.40,6.90
2007.09.21 10:43:18.330,1.6285,1.629,4.80,7.80
2007.09.21 10:43:18.402,1.6285,1.6292,4.80,13.60
2007.09.21 10:43:18.608,1.62845,1.62895,4.80,4.80
2007.09.21 10:43:18.733,1.6285,1.62895,9.60,4.80
2007.09.21 10:43:18.841,1.6285,1.62895,13.60,4.80
2007.09.21 10:43:19.158,1.6285,1.6289,13.60,4.80
2007.09.21 10:43:19.328,1.6285,1.62895,13.60,4.80
2007.09.21 10:43:25.799,1.6285,1.6292,18.40,4.00
2007.09.21 10:43:26.441,1.6285,1.62895,13.60,4.80
2007.09.21 10:43:27.021,1.6285,1.6292,18.40,4.00
2007.09.21 10:43:27.732,1.6285,1.6289,4.80,0.30
2007.09.21 10:43:27.931,1.6285,1.6289,4.80,1.80
2007.09.21 10:43:28.253,1.6285,1.6289,4.80,0.30
2007.09.21 10:43:28.268,1.62845,1.6289,4.80,0.30
2007.09.21 10:43:28.666,1.6285,1.62885,4.80,0.30
2007.09.21 10:43:28.950,1.6284,1.62885,8.80,0.30
2007.09.21 10:43:29.724,1.62845,1.62885,4.80,0.30
2007.09.21 10:43:30.091,1.6285,1.62885,4.80,0.30
2007.09.21 10:43:30.456,1.6284,1.62885,8.80,0.30
2007.09.21 10:43:33.767,1.6284,1.6288,8.80,0.30
2007.09.21 10:43:34.111,1.6284,1.62875,4.00,0.30
2007.09.21 10:43:39.433,1.6284,1.62875,2.30,0.30
2007.09.21 10:43:43.682,1.6283,1.6288,24.00,4.80
2007.09.21 10:43:43.879,1.6284,1.62885,2.10,0.30
2007.09.21 10:43:44.239,1.6283,1.62885,24.00,0.30
2007.09.21 10:43:44.586,1.6284,1.62885,10.40,0.30
2007.09.21 10:43:44.748,1.62845,1.62885,18.40,0.30
2007.09.21 10:43:45.271,1.6285,1.62885,1.50,0.30
2007.09.21 10:43:45.305,1.62845,1.62895,20.00,5.00
2007.09.21 10:43:45.627,1.6284,1.62895,28.00,0.30
2007.09.21 10:43:48.900,1.6285,1.62895,6.00,0.30
2007.09.21 10:43:50.238,1.6284,1.62895,28.00,0.30
2007.09.21 10:43:53.769,1.6285,1.62895,28.00,0.30
2007.09.21 10:43:53.966,1.6286,1.62895,3.20,0.30
2007.09.21 10:43:54.274,1.62855,1.62895,18.40,0.30
2007.09.21 10:43:54.463,1.62855,1.62905,18.40,4.80
2007.09.21 10:43:54.480,1.62855,1.62905,20.00,4.80
2007.09.21 10:43:54.878,1.6285,1.6291,28.00,7.80
2007.09.21 10:43:55.437,1.6286,1.6291,6.60,7.80
2007.09.21 10:43:57.092,1.6286,1.6291,2.10,7.50
2007.09.21 10:43:57.369,1.6285,1.6291,28.00,7.80
2007.09.21 10:43:59.275,1.6285,1.6291,28.00,7.80
2007.09.21 10:44:00.405,1.6286,1.629,3.10,4.00
2007.09.21 10:44:00.637,1.6286,1.629,1.40,4.50
2007.09.21 10:44:00.926,1.62855,1.6289,10.40,2.50
2007.09.21 10:44:01.021,1.62855,1.6289,8.80,2.50
2007.09.21 10:44:08.185,1.6286,1.6289,1.70,2.50
2007.09.21 10:44:09.431,1.6286,1.629,5.60,6.10
2007.09.21 10:44:09.617,1.6286,1.629,4.00,4.50
2007.09.21 10:44:09.848,1.6286,1.629,13.60,4.50
2007.09.21 10:44:09.917,1.6286,1.629,15.20,0.60
2007.09.21 10:44:10.055,1.6286,1.629,15.20,0.30
2007.09.21 10:44:10.185,1.62865,1.6291,4.80,3.00
2007.09.21 10:44:10.724,1.6286,1.6291,20.00,7.80
2007.09.21 10:44:11.922,1.6286,1.6291,18.40,7.80
2007.09.21 10:44:14.414,1.6286,1.6291,8.80,11.80
2007.09.21 10:44:14.500,1.6286,1.629,10.40,0.30
2007.09.21 10:44:14.546,1.6286,1.629,5.60,0.60
2007.09.21 10:44:14.928,1.6286,1.6289,5.60,2.50
2007.09.21 10:44:24.776,1.6287,1.6289,4.00,2.50
2007.09.21 10:44:25.277,1.6286,1.6289,5.60,2.50
2007.09.21 10:44:39.067,1.6286,1.6289,4.00,2.50
2007.09.21 10:44:39.898,1.6286,1.6289,5.60,2.50
2007.09.21 10:44:40.318,1.6286,1.6289,4.00,2.50
2007.09.21 10:44:40.741,1.62855,1.6289,8.80,2.50
2007.09.21 10:44:47.239,1.62855,1.6289,8.80,2.70
2007.09.21 10:44:47.720,1.6285,1.62885,9.60,0.30
2007.09.21 10:44:47.777,1.6285,1.6288,8.00,2.50
2007.09.21 10:44:48.284,1.6285,1.62885,9.60,0.30
2007.09.21 10:44:49.240,1.6285,1.6288,9.60,2.50
2007.09.21 10:44:50.498,1.62845,1.6288,10.40,2.50
2007.09.21 10:44:50.585,1.6285,1.6288,1.80,2.50
2007.09.21 10:44:52.861,1.6286,1.62885,1.60,0.30
2007.09.21 10:44:53.319,1.62855,1.6289,8.80,2.50
2007.09.21 10:44:54.734,1.6285,1.6289,10.40,2.50
2007.09.21 10:44:55.045,1.62855,1.6289,1.20,6.50
2007.09.21 10:44:55.308,1.6284,1.6289,14.40,6.50
2007.09.21 10:44:55.360,1.6284,1.6289,14.40,6.70
2007.09.21 10:44:55.464,1.6284,1.6289,14.40,2.70
2007.09.21 10:44:55.824,1.6284,1.62885,14.40,0.30
2007.09.21 10:44:55.865,1.6284,1.6288,14.40,2.50
2007.09.21 10:44:56.055,1.6285,1.6288,1.80,2.50
2007.09.21 10:44:56.693,1.6284,1.6288,2.30,2.50
2007.09.21 10:44:57.741,1.6284,1.6288,1.60,2.70
2007.09.21 10:44:57.951,1.6284,1.6288,0.50,2.70
2007.09.21 10:44:58.399,1.6284,1.62875,0.70,0.30
2007.09.21 10:44:58.691,1.62835,1.62875,10.40,0.30
2007.09.21 10:44:58.796,1.6285,1.62875,2.10,0.30
2007.09.21 10:44:59.197,1.62835,1.62875,14.40,0.30
2007.09.21 10:44:59.214,1.6284,1.6288,3.70,2.50
2007.09.21 10:44:59.299,1.6284,1.6288,1.00,2.50
2007.09.21 10:44:59.498,1.62835,1.6288,8.80,2.50
2007.09.21 10:44:59.568,1.6283,1.6288,14.40,2.50
2007.09.21 10:45:01.255,1.6284,1.6288,14.40,2.50
2007.09.21 10:45:03.969,1.6283,1.6288,24.00,2.50
2007.09.21 10:45:04.081,1.6284,1.6286,0.60,6.50
2007.09.21 10:45:04.178,1.6284,1.6286,0.60,6.70
2007.09.21 10:45:04.196,1.6283,1.6286,0.60,6.70
2007.09.21 10:45:04.378,1.6282,1.6286,13.60,8.30
2007.09.21 10:45:04.512,1.6282,1.6286,23.20,4.30
2007.09.21 10:45:04.670,1.6282,1.6286,23.20,1.60
2007.09.21 10:45:04.813,1.6283,1.6286,0.60,1.80
2007.09.21 10:45:04.832,1.6282,1.6286,23.20,0.30
2007.09.21 10:45:04.993,1.6283,1.6286,1.90,4.20
2007.09.21 10:45:05.134,1.6282,1.6286,14.40,4.00
2007.09.21 10:45:05.198,1.6283,1.6286,0.60,5.60
2007.09.21 10:45:05.336,1.6283,1.6286,2.30,5.60
2007.09.21 10:45:05.523,1.6283,1.6286,5.00,1.60
2007.09.21 10:45:05.726,1.6282,1.62865,19.20,4.90
2007.09.21 10:45:05.949,1.6283,1.629,6.10,4.00
2007.09.21 10:45:07.290,1.6282,1.6287,20.00,0.20
2007.09.21 10:45:07.608,1.6282,1.6286,6.40,2.50
2007.09.21 10:45:07.699,1.6279,1.6286,23.20,2.50
2007.09.21 10:45:07.810,1.628,1.6286,8.60,2.70
2007.09.21 10:45:08.007,1.62815,1.6286,4.80,2.80
2007.09.21 10:45:08.321,1.62815,1.6286,4.80,2.60
2007.09.21 10:45:08.483,1.62825,1.6286,4.80,2.50
2007.09.21 10:45:09.274,1.628,1.6286,23.20,2.70
2007.09.21 10:45:09.355,1.628,1.6286,19.20,2.70
2007.09.21 10:45:09.575,1.62815,1.6286,4.80,2.80
2007.09.21 10:45:09.777,1.62815,1.6286,4.80,2.60
2007.09.21 10:45:10.175,1.62815,1.6286,4.80,2.50
2007.09.21 10:45:10.599,1.628,1.6286,19.20,2.50
2007.09.21 10:45:10.948,1.628,1.6286,19.20,0.70
2007.09.21 10:45:11.091,1.6282,1.6286,4.80,0.50
2007.09.21 10:45:17.473,1.62825,1.6287,4.80,2.70
2007.09.21 10:45:28.018,1.6285,1.6287,4.00,2.90
2007.09.21 10:45:28.116,1.6285,1.6288,4.00,2.70
2007.09.21 10:45:28.364,1.6285,1.6288,4.00,0.90
2007.09.21 10:45:30.924,1.6286,1.6292,4.00,8.20
2007.09.21 10:45:31.124,1.6284,1.629,10.40,18.60
2007.09.21 10:45:31.239,1.6284,1.629,6.40,18.60
2007.09.21 10:45:31.252,1.6285,1.629,4.80,18.50
2007.09.21 10:45:31.335,1.6285,1.6289,4.80,0.70
2007.09.21 10:45:31.442,1.6282,1.629,8.00,14.60
2007.09.21 10:45:31.650,1.62835,1.62885,4.80,7.40
2007.09.21 10:45:33.003,1.6281,1.62885,15.20,7.40
2007.09.21 10:45:59.169,1.62825,1.6287,4.80,2.50
2007.09.21 10:45:59.335,1.62825,1.6287,4.80,2.70
2007.09.21 10:45:59.514,1.62825,1.6287,4.80,2.80
2007.09.21 10:46:04.307,1.62825,1.6287,4.80,2.60
2007.09.21 10:46:04.620,1.62825,1.6287,4.80,2.50
2007.09.21 10:46:04.717,1.62825,1.6287,4.80,2.70
2007.09.21 10:46:04.941,1.6281,1.6287,19.20,2.70
2007.09.21 10:46:05.177,1.62825,1.6287,4.80,2.80
2007.09.21 10:46:05.236,1.62825,1.6287,4.80,2.60
2007.09.21 10:46:05.530,1.62825,1.6287,4.80,2.50
2007.09.21 10:46:05.733,1.6282,1.6289,4.80,1.60
2007.09.21 10:46:06.286,1.62825,1.6287,4.80,2.50
2007.09.21 10:46:06.440,1.6281,1.6287,15.20,2.50
2007.09.21 10:46:08.243,1.6281,1.6287,19.20,2.70
2007.09.21 10:46:08.679,1.62825,1.6287,4.80,2.80
2007.09.21 10:46:09.290,1.62825,1.6287,4.80,2.60
2007.09.21 10:46:09.524,1.62835,1.6287,4.80,2.50
2007.09.21 10:46:19.968,1.6281,1.6287,15.20,2.50
2007.09.21 10:46:22.429,1.6281,1.62885,15.20,7.40
2007.09.21 10:46:24.817,1.6281,1.6288,19.20,7.50
2007.09.21 10:46:25.262,1.62825,1.62875,4.80,7.60
2007.09.21 10:46:28.267,1.62825,1.62875,4.80,7.40
2007.09.21 10:46:28.429,1.6282,1.629,9.60,16.20
2007.09.21 10:46:28.764,1.6282,1.62885,9.60,2.70
2007.09.21 10:46:28.940,1.62835,1.6287,4.80,0.90
2007.09.21 10:46:33.354,1.6282,1.62885,9.60,2.70
2007.09.21 10:46:38.296,1.62835,1.6287,4.80,0.80
2007.09.21 10:46:43.416,1.6283,1.6287,4.80,0.70
2007.09.21 10:46:50.887,1.62835,1.6287,4.80,2.50
2007.09.21 10:46:54.360,1.6283,1.6287,4.80,2.50
2007.09.21 10:46:54.592,1.62835,1.6287,4.80,2.50
2007.09.21 10:46:54.883,1.62835,1.6287,4.80,2.70
2007.09.21 10:46:55.271,1.62825,1.6287,4.80,2.80
2007.09.21 10:46:55.905,1.6282,1.62865,4.80,0.20
2007.09.21 10:46:59.079,1.62825,1.6287,4.80,2.80
2007.09.21 10:46:59.251,1.62825,1.6286,4.80,4.00
2007.09.21 10:46:59.360,1.62825,1.6286,4.80,4.20
2007.09.21 10:46:59.717,1.6281,1.62855,10.40,0.20
2007.09.21 10:46:59.782,1.6281,1.6285,10.40,2.50
2007.09.21 10:47:01.391,1.6281,1.62855,10.40,0.20
2007.09.21 10:47:02.239,1.6281,1.62855,24.00,0.20
2007.09.21 10:47:02.494,1.62825,1.6287,4.80,2.80
2007.09.21 10:47:07.319,1.62815,1.62865,4.80,4.80
2007.09.21 10:47:07.520,1.62815,1.62865,4.80,4.90
2007.09.21 10:47:07.806,1.6282,1.62865,4.80,0.20
2007.09.21 10:47:08.834,1.6281,1.6287,19.20,2.70
2007.09.21 10:47:09.062,1.6281,1.6287,19.20,2.80
2007.09.21 10:47:09.549,1.62825,1.6287,4.80,2.80
2007.09.21 10:47:09.810,1.62825,1.6287,4.80,2.60
2007.09.21 10:47:10.365,1.62835,1.6287,4.80,2.50
2007.09.21 10:47:10.845,1.6281,1.6287,13.60,2.50
2007.09.21 10:47:13.845,1.6281,1.6287,15.20,2.70
2007.09.21 10:47:13.946,1.6282,1.6289,4.80,5.60
2007.09.21 10:47:21.735,1.6282,1.6285,4.80,4.00
2007.09.21 10:47:21.842,1.6282,1.6285,4.80,4.20
2007.09.21 10:47:21.870,1.6281,1.6285,5.60,4.30
2007.09.21 10:47:21.954,1.6281,1.6285,5.60,5.90
2007.09.21 10:47:22.262,1.6281,1.6285,5.60,1.90
2007.09.21 10:47:22.363,1.6281,1.6285,4.00,0.20
2007.09.21 10:47:22.404,1.6282,1.6287,4.80,9.20
2007.09.21 10:47:22.779,1.6282,1.6285,4.80,4.00
2007.09.21 10:47:22.888,1.6282,1.6285,4.80,5.80
2007.09.21 10:47:22.908,1.6281,1.6285,4.00,5.90
2007.09.21 10:47:23.284,1.6281,1.6285,4.00,0.40
2007.09.21 10:47:23.377,1.6281,1.6285,4.00,0.20
2007.09.21 10:47:23.430,1.6282,1.6287,4.80,9.10
2007.09.21 10:47:23.677,1.6282,1.6287,4.80,9.20
2007.09.21 10:47:23.790,1.6282,1.6287,4.80,0.70
2007.09.21 10:47:28.779,1.6282,1.6287,4.80,13.20
2007.09.21 10:47:28.872,1.6281,1.6286,8.80,0.80
2007.09.21 10:47:29.112,1.6281,1.6287,8.80,13.20
2007.09.21 10:47:29.297,1.6281,1.6285,8.80,0.50
2007.09.21 10:47:39.466,1.6281,1.6287,8.80,13.20
2007.09.21 10:47:39.877,1.6281,1.6286,8.80,0.90
2007.09.21 10:47:40.793,1.6281,1.6286,8.80,0.80
2007.09.21 10:47:41.051,1.6282,1.6288,4.80,16.30
2007.09.21 10:47:42.385,1.6282,1.6287,4.80,0.60
2007.09.21 10:47:42.788,1.62815,1.62865,4.80,0.90
2007.09.21 10:47:53.375,1.6285,1.62865,4.00,4.80
2007.09.21 10:47:53.637,1.6285,1.6287,4.00,5.10
2007.09.21 10:47:53.794,1.6285,1.6287,4.00,4.90
2007.09.21 10:47:53.841,1.6285,1.6287,4.00,0.20
2007.09.21 10:47:53.884,1.6284,1.6287,1.60,0.20
2007.09.21 10:47:53.991,1.62835,1.6287,4.80,0.40
2007.09.21 10:47:54.252,1.6283,1.6289,2.50,8.20
2007.09.21 10:47:54.296,1.6282,1.6287,4.80,5.00
2007.09.21 10:47:54.660,1.6282,1.6287,4.80,5.10
2007.09.21 10:47:58.443,1.6282,1.629,4.80,11.20
2007.09.21 10:47:58.547,1.6281,1.629,13.60,11.20
2007.09.21 10:48:01.763,1.6281,1.6288,13.60,4.80
2007.09.21 10:48:01.895,1.6282,1.6289,4.80,4.00
2007.09.21 10:48:02.038,1.6282,1.6289,4.80,5.60
2007.09.21 10:48:03.401,1.6282,1.6287,4.80,5.10
2007.09.21 10:48:04.508,1.62825,1.6287,4.80,0.40
2007.09.21 10:48:05.810,1.6283,1.6287,4.80,0.40
2007.09.21 10:48:06.997,1.6282,1.6287,8.80,0.40
2007.09.21 10:48:17.708,1.6282,1.6287,10.40,0.20
2007.09.21 10:48:17.747,1.6283,1.62875,1.20,0.20
2007.09.21 10:48:22.828,1.6282,1.62875,10.40,0.20
2007.09.21 10:48:23.433,1.6282,1.62875,10.40,0.20
2007.09.21 10:48:24.983,1.6283,1.6287,2.80,4.20
2007.09.21 10:48:25.091,1.6283,1.6287,0.70,6.70
2007.09.21 10:48:25.371,1.6281,1.62865,14.40,0.20
2007.09.21 10:48:41.548,1.6284,1.62865,4.00,0.20
2007.09.21 10:48:41.748,1.6284,1.6287,4.00,8.10
2007.09.21 10:48:44.961,1.6284,1.6287,4.00,12.90
2007.09.21 10:48:45.038,1.6282,1.6287,10.40,13.10
2007.09.21 10:48:45.132,1.6282,1.6287,10.40,11.50
2007.09.21 10:48:45.253,1.6283,1.6287,4.00,7.50
2007.09.21 10:48:45.358,1.6283,1.6287,4.00,5.00
2007.09.21 10:48:45.464,1.6283,1.62865,8.80,0.20
2007.09.21 10:48:45.988,1.6283,1.62875,8.80,0.20
2007.09.21 10:48:52.289,1.6283,1.62875,3.10,0.20
2007.09.21 10:48:54.961,1.6283,1.62875,10.40,0.20
2007.09.21 10:48:55.135,1.6284,1.6288,4.80,8.10
2007.09.21 10:48:55.185,1.6285,1.6288,4.00,8.10
2007.09.21 10:48:55.403,1.6284,1.6288,4.80,8.10
2007.09.21 10:48:55.606,1.6285,1.6288,4.00,8.10
2007.09.21 10:48:59.913,1.6284,1.6288,1.70,8.10
2007.09.21 10:49:00.116,1.6285,1.6288,4.00,8.10
2007.09.21 10:49:05.415,1.6284,1.6288,6.50,8.10
2007.09.21 10:49:05.509,1.6285,1.6288,4.00,8.10
2007.09.21 10:49:09.960,1.6284,1.6288,1.70,8.10
2007.09.21 10:49:10.196,1.6285,1.6288,4.00,8.10
2007.09.21 10:49:12.039,1.6285,1.6288,4.00,12.90
2007.09.21 10:49:12.103,1.6283,1.6288,10.50,12.90
2007.09.21 10:49:12.428,1.6283,1.6288,10.50,10.40
2007.09.21 10:49:13.602,1.6283,1.629,24.10,8.10
2007.09.21 10:49:13.610,1.6284,1.629,0.10,8.10
2007.09.21 10:49:13.693,1.6284,1.6289,4.90,4.80
2007.09.21 10:49:14.253,1.62845,1.62895,4.80,4.80
2007.09.21 10:49:19.428,1.62845,1.6288,4.80,4.00
2007.09.21 10:49:19.667,1.6284,1.6288,0.10,4.00
2007.09.21 10:49:19.731,1.62835,1.6288,4.80,4.00
2007.09.21 10:49:19.982,1.62835,1.6288,4.80,6.50
2007.09.21 10:49:20.707,1.6283,1.6288,10.50,11.30
2007.09.21 10:49:22.152,1.6283,1.62875,5.70,4.80
2007.09.21 10:49:22.208,1.6283,1.62875,4.10,4.80
2007.09.21 10:49:23.264,1.6283,1.6287,6.50,4.00
2007.09.21 10:49:23.357,1.6283,1.6287,6.40,4.00
2007.09.21 10:49:23.477,1.6283,1.6287,4.80,4.00
2007.09.21 10:49:23.825,1.62825,1.6287,4.80,4.00
2007.09.21 10:49:24.347,1.62825,1.6286,4.80,4.00
2007.09.21 10:49:24.626,1.6282,1.6286,10.50,4.00
2007.09.21 10:49:25.305,1.6282,1.6286,10.40,4.00
2007.09.21 10:49:25.410,1.6282,1.6286,8.80,4.00
2007.09.21 10:49:25.522,1.6282,1.6286,4.00,4.00
2007.09.21 10:49:25.854,1.62815,1.6286,4.80,4.00
2007.09.21 10:49:26.208,1.6281,1.62855,4.10,4.80
2007.09.21 10:49:26.491,1.6281,1.62855,0.10,4.80
2007.09.21 10:49:27.125,1.6281,1.62855,1.70,4.80
2007.09.21 10:49:27.261,1.6281,1.6285,1.60,4.00
2007.09.21 10:49:27.345,1.62805,1.6285,4.80,4.00
2007.09.21 10:49:27.460,1.62805,1.62855,4.80,4.80
2007.09.21 10:49:27.707,1.628,1.6287,14.50,1.60
2007.09.21 10:49:27.915,1.628,1.6285,8.80,4.80
2007.09.21 10:49:28.592,1.62815,1.6286,4.80,9.60
2007.09.21 10:49:28.840,1.6281,1.6289,4.80,8.10
2007.09.21 10:49:29.216,1.6284,1.6288,4.00,9.60
2007.09.21 10:49:29.296,1.6284,1.6286,4.00,4.80
2007.09.21 10:49:29.854,1.6284,1.6287,4.00,10.40
2007.09.21 10:49:29.945,1.6284,1.6287,4.00,8.80
2007.09.21 10:49:30.912,1.6285,1.6287,4.00,4.80
2007.09.21 10:49:31.146,1.6285,1.6287,4.00,6.40
2007.09.21 10:49:31.271,1.6284,1.6287,4.00,10.40
2007.09.21 10:49:31.476,1.6283,1.6287,9.70,10.40
2007.09.21 10:49:31.486,1.6283,1.6287,9.70,5.60
2007.09.21 10:49:31.580,1.6283,1.6286,4.10,4.00
2007.09.21 10:49:32.034,1.6283,1.6287,6.60,5.60
2007.09.21 10:49:32.111,1.6283,1.6287,8.20,4.00
2007.09.21 10:49:32.391,1.6283,1.6287,8.20,8.80
2007.09.21 10:49:32.552,1.6283,1.6287,8.20,4.80
2007.09.21 10:49:32.629,1.6283,1.6289,8.20,17.70
2007.09.21 10:49:32.763,1.6283,1.6287,8.20,4.80
2007.09.21 10:49:32.874,1.6283,1.6289,8.20,13.70
2007.09.21 10:49:32.884,1.6283,1.6288,13.00,4.80
2007.09.21 10:49:33.088,1.6283,1.6288,13.00,8.80
2007.09.21 10:49:33.213,1.6283,1.6288,13.00,10.40
2007.09.21 10:49:33.219,1.6284,1.6288,4.80,5.60
2007.09.21 10:49:33.285,1.6284,1.6288,8.90,1.60
2007.09.21 10:49:33.411,1.6284,1.6289,8.90,12.90
2007.09.21 10:49:33.569,1.6284,1.6288,4.10,4.80
2007.09.21 10:49:33.710,1.6284,1.6288,0.10,4.80
2007.09.21 10:49:33.872,1.6284,1.62875,0.10,4.80
2007.09.21 10:49:33.922,1.6283,1.62875,8.20,4.80
2007.09.21 10:49:34.042,1.6283,1.62875,1.70,4.80
2007.09.21 10:49:34.134,1.6283,1.62875,1.60,4.80
2007.09.21 10:49:34.176,1.62835,1.6288,4.80,5.60
2007.09.21 10:49:34.251,1.62835,1.6288,4.80,4.00
2007.09.21 10:49:34.759,1.6282,1.6287,4.90,4.80
2007.09.21 10:49:34.794,1.6282,1.6287,4.80,4.80
2007.09.21 10:49:34.892,1.6282,1.6287,4.80,8.80
2007.09.21 10:49:35.248,1.6281,1.6286,4.90,4.80
2007.09.21 10:49:35.526,1.6282,1.6286,4.00,4.80
2007.09.21 10:49:35.620,1.6282,1.6286,4.10,4.80
2007.09.21 10:49:36.067,1.6282,1.6286,6.60,4.80
2007.09.21 10:49:36.190,1.6282,1.62865,6.60,4.80
2007.09.21 10:49:36.710,1.6282,1.6286,6.60,4.00
2007.09.21 10:49:36.848,1.6282,1.6286,6.50,4.00
2007.09.21 10:49:36.936,1.6282,1.6286,6.50,5.60
2007.09.21 10:49:37.057,1.6282,1.6286,4.00,5.60
2007.09.21 10:49:37.126,1.6282,1.62855,4.00,4.80
2007.09.21 10:49:38.234,1.6282,1.62855,4.10,4.80
2007.09.21 10:49:38.805,1.6282,1.6286,4.10,1.60
2007.09.21 10:49:38.878,1.6282,1.62865,4.10,4.80
2007.09.21 10:49:39.433,1.6282,1.6285,4.10,4.00
2007.09.21 10:49:39.642,1.6282,1.6285,4.00,5.60
2007.09.21 10:49:39.708,1.6282,1.6285,8.80,5.60
2007.09.21 10:49:39.852,1.6282,1.6285,8.80,8.10
2007.09.21 10:49:40.360,1.6282,1.6285,4.00,8.10
2007.09.21 10:49:42.712,1.6283,1.6285,4.00,4.10
2007.09.21 10:49:42.947,1.6282,1.6285,0.10,2.50
2007.09.21 10:49:43.067,1.6281,1.6286,10.50,10.40
2007.09.21 10:49:43.161,1.6281,1.6286,10.50,8.80
2007.09.21 10:49:43.488,1.62815,1.6286,4.80,4.00
2007.09.21 10:49:43.709,1.6282,1.6286,1.60,4.00
2007.09.21 10:49:44.038,1.6282,1.62865,1.60,4.80
2007.09.21 10:49:44.142,1.6282,1.62865,0.10,4.80
2007.09.21 10:49:44.295,1.6282,1.6286,1.70,4.00
2007.09.21 10:49:44.362,1.6282,1.62865,1.70,4.80
2007.09.21 10:49:44.473,1.6282,1.62865,0.10,4.80
2007.09.21 10:49:44.579,1.62815,1.6286,4.80,4.00
2007.09.21 10:49:44.885,1.62815,1.62865,4.80,4.80
2007.09.21 10:49:44.936,1.628,1.6287,5.70,13.70
2007.09.21 10:49:44.998,1.628,1.6287,0.10,13.70
2007.09.21 10:49:45.105,1.628,1.6286,0.10,4.00
2007.09.21 10:49:45.203,1.628,1.6287,0.10,13.70
2007.09.21 10:49:45.450,1.628,1.6287,4.90,13.70
2007.09.21 10:49:45.520,1.628,1.6287,4.90,4.10
2007.09.21 10:49:47.138,1.628,1.6285,4.90,4.80
2007.09.21 10:49:47.470,1.628,1.62845,0.10,4.80
2007.09.21 10:49:47.882,1.628,1.6287,0.10,4.10
2007.09.21 10:49:48.121,1.628,1.6287,0.10,8.10
2007.09.21 10:49:48.208,1.628,1.6287,0.10,4.10
2007.09.21 10:49:48.505,1.628,1.6287,0.10,0.70
2007.09.21 10:49:48.748,1.628,1.62845,0.10,4.80
2007.09.21 10:49:48.986,1.6281,1.6286,4.80,7.30
2007.09.21 10:49:49.174,1.6281,1.6288,4.80,17.60
2007.09.21 10:49:49.490,1.628,1.6285,4.90,4.80
2007.09.21 10:49:52.837,1.6281,1.6287,0.10,4.10
2007.09.21 10:49:53.725,1.62815,1.62865,4.80,4.80
2007.09.21 10:49:53.918,1.6281,1.6286,4.90,4.80
2007.09.21 10:49:54.452,1.62815,1.62865,4.80,4.80
2007.09.21 10:49:57.685,1.6281,1.6286,4.90,4.80
2007.09.21 10:49:58.096,1.6281,1.6286,4.80,4.80
2007.09.21 10:49:58.931,1.6281,1.6286,4.90,4.80
2007.09.21 10:50:01.860,1.6281,1.6288,4.80,19.20
2007.09.21 10:50:01.942,1.6281,1.6286,4.80,7.30
2007.09.21 10:50:02.077,1.6281,1.6284,4.80,4.00
2007.09.21 10:50:02.150,1.628,1.6284,4.90,4.00
2007.09.21 10:50:02.162,1.628,1.6284,4.80,4.00
2007.09.21 10:50:02.690,1.628,1.6284,4.80,6.50
2007.09.21 10:50:02.838,1.62795,1.6284,4.80,6.50
2007.09.21 10:50:03.257,1.628,1.6284,0.10,6.50
2007.09.21 10:50:03.359,1.628,1.62845,4.10,4.80
2007.09.21 10:50:03.444,1.628,1.62845,5.70,4.80
2007.09.21 10:50:03.690,1.628,1.62845,1.70,4.80
2007.09.21 10:50:04.089,1.62805,1.6285,4.80,8.10
2007.09.21 10:50:04.740,1.62805,1.6285,4.80,6.50
2007.09.21 10:50:04.783,1.628,1.6285,4.90,11.30
2007.09.21 10:50:05.710,1.628,1.6285,8.90,11.30
2007.09.21 10:50:05.910,1.628,1.6285,10.50,11.30
2007.09.21 10:50:07.812,1.628,1.6284,6.40,6.50
2007.09.21 10:50:08.148,1.628,1.6284,4.80,6.50
2007.09.21 10:50:08.155,1.62795,1.6284,4.80,6.50
2007.09.21 10:50:09.109,1.62795,1.62845,4.80,4.80
2007.09.21 10:50:09.215,1.628,1.62845,0.10,4.80
2007.09.21 10:50:09.591,1.628,1.6285,4.90,4.80
2007.09.21 10:50:09.867,1.628,1.6285,4.80,16.90
2007.09.21 10:50:10.072,1.628,1.6285,4.80,20.90
2007.09.21 10:50:10.106,1.6279,1.6284,8.90,4.80
2007.09.21 10:50:12.242,1.6279,1.6283,8.80,2.50
2007.09.21 10:50:12.587,1.6279,1.6283,4.80,6.50
2007.09.21 10:50:12.656,1.6278,1.6283,8.80,11.30
2007.09.21 10:50:12.767,1.6278,1.6283,8.80,7.30
2007.09.21 10:50:13.108,1.6278,1.6283,4.80,11.30
2007.09.21 10:50:13.216,1.6278,1.6285,4.80,15.20
2007.09.21 10:50:13.852,1.6278,1.6282,4.80,2.50
2007.09.21 10:50:14.289,1.6278,1.6283,4.80,7.30
2007.09.21 10:50:14.584,1.62775,1.62825,4.80,4.80
2007.09.21 10:50:15.069,1.62775,1.6281,4.80,9.60
2007.09.21 10:50:15.158,1.6275,1.6279,5.60,4.00
2007.09.21 10:50:15.593,1.6277,1.6279,4.80,6.50
2007.09.21 10:50:15.702,1.6277,1.6279,4.80,8.10
2007.09.21 10:50:16.026,1.6275,1.6279,4.00,8.10
2007.09.21 10:50:16.103,1.62765,1.6279,4.80,8.10
2007.09.21 10:50:16.145,1.6274,1.6277,5.60,4.00
2007.09.21 10:50:16.229,1.6274,1.6277,4.00,4.00
2007.09.21 10:50:16.589,1.6274,1.6277,8.80,4.00
2007.09.21 10:50:16.775,1.6274,1.6278,10.40,5.60
2007.09.21 10:50:16.871,1.6274,1.6278,10.40,1.60
2007.09.21 10:50:16.970,1.6274,1.6278,5.60,1.60
2007.09.21 10:50:17.073,1.6274,1.6277,5.60,4.00
2007.09.21 10:50:17.199,1.6275,1.6278,4.00,5.60
2007.09.21 10:50:17.313,1.6275,1.6278,4.00,1.60
2007.09.21 10:50:17.371,1.6275,1.62775,4.00,4.80
2007.09.21 10:50:18.251,1.6275,1.628,4.00,8.10
2007.09.21 10:50:18.305,1.6275,1.62785,4.00,4.80
2007.09.21 10:50:18.468,1.6275,1.62795,4.00,4.80
2007.09.21 10:50:19.308,1.6275,1.6279,4.00,1.60
2007.09.21 10:50:23.530,1.6275,1.6279,8.80,1.60
2007.09.21 10:50:24.040,1.6275,1.6278,8.80,4.00
2007.09.21 10:50:24.146,1.6275,1.6278,8.80,5.60
2007.09.21 10:50:24.270,1.6275,1.6278,4.00,5.60
2007.09.21 10:50:25.519,1.6274,1.6278,11.30,5.60
2007.09.21 10:50:25.641,1.6274,1.6276,4.80,4.00
2007.09.21 10:50:25.767,1.6274,1.6276,4.80,5.60
2007.09.21 10:50:26.011,1.6273,1.6276,4.00,5.60
2007.09.21 10:50:26.281,1.6273,1.6275,4.00,1.60
2007.09.21 10:50:28.172,1.6273,1.6276,4.00,5.60
2007.09.21 10:50:28.609,1.6273,1.6276,4.00,1.60
2007.09.21 10:50:28.713,1.6273,1.62765,4.00,4.80
2007.09.21 10:50:29.123,1.6273,1.6278,8.80,10.40
2007.09.21 10:50:29.243,1.6274,1.6278,4.00,10.40
2007.09.21 10:50:29.547,1.6274,1.6278,4.00,6.40
2007.09.21 10:50:30.195,1.6273,1.6275,7.30,4.00
2007.09.21 10:50:30.216,1.6274,1.6275,4.80,4.00
2007.09.21 10:50:30.825,1.6271,1.6275,12.90,4.00
2007.09.21 10:50:30.841,1.6271,1.6275,12.90,5.60
2007.09.21 10:50:31.050,1.6271,1.6275,12.90,1.60
2007.09.21 10:50:31.186,1.6271,1.6275,17.70,1.60
2007.09.21 10:50:31.245,1.6271,1.6278,16.30,1.60
2007.09.21 10:50:31.395,1.6272,1.6277,4.80,4.80
2007.09.21 10:50:31.567,1.6273,1.6277,4.00,4.80
2007.09.21 10:50:31.805,1.6274,1.6279,4.00,8.10
2007.09.21 10:50:32.400,1.6274,1.62785,4.00,4.80
2007.09.21 10:50:32.860,1.62745,1.6279,4.80,8.10
2007.09.21 10:50:33.693,1.6274,1.6279,4.80,12.90
2007.09.21 10:50:34.388,1.62735,1.62785,4.80,4.80
2007.09.21 10:50:35.136,1.6275,1.62785,4.00,4.80
2007.09.21 10:50:35.249,1.6275,1.6278,4.00,1.60
2007.09.21 10:50:35.361,1.6275,1.6278,4.00,5.60
2007.09.21 10:50:35.786,1.6275,1.6278,4.00,8.10
2007.09.21 10:50:36.102,1.6274,1.6276,4.80,4.00
2007.09.21 10:50:36.228,1.6274,1.6276,6.40,4.00
2007.09.21 10:50:36.314,1.6274,1.6276,4.80,4.00
2007.09.21 10:50:36.411,1.6273,1.6276,5.60,4.00
2007.09.21 10:50:36.605,1.6273,1.6277,5.60,10.40
2007.09.21 10:50:36.732,1.6273,1.6277,5.60,4.80
2007.09.21 10:50:36.854,1.6272,1.6277,16.90,4.80
2007.09.21 10:50:37.072,1.62735,1.6278,0.90,8.10
2007.09.21 10:50:37.906,1.62735,1.6278,1.20,6.50
2007.09.21 10:50:38.225,1.62735,1.6278,0.60,8.10
2007.09.21 10:50:38.324,1.6272,1.6278,16.90,12.90
2007.09.21 10:50:40.217,1.6273,1.6278,1.40,12.90
2007.09.21 10:50:40.329,1.6273,1.62775,0.80,4.80
2007.09.21 10:50:41.786,1.62725,1.62775,10.40,4.80
2007.09.21 10:50:41.906,1.6272,1.6278,17.20,12.90
2007.09.21 10:50:45.397,1.6273,1.6278,10.40,8.10
2007.09.21 10:50:45.661,1.6273,1.6278,3.60,12.90
2007.09.21 10:50:47.183,1.6272,1.6278,17.50,11.30
2007.09.21 10:50:47.638,1.6273,1.6278,8.80,6.50
2007.09.21 10:50:48.209,1.62735,1.6278,1.90,8.10
2007.09.21 10:50:48.416,1.6272,1.6278,17.50,12.90
2007.09.21 10:50:51.270,1.6272,1.6278,21.50,10.40
2007.09.21 10:50:51.483,1.6273,1.6278,5.30,8.80
2007.09.21 10:50:51.646,1.62735,1.6278,5.20,4.00
2007.09.21 10:50:52.136,1.6274,1.6278,3.40,4.00
2007.09.21 10:50:52.231,1.6274,1.6279,4.50,12.90
2007.09.21 10:50:53.184,1.62735,1.6279,10.80,12.90
2007.09.21 10:50:54.654,1.6274,1.6279,14.40,12.90
2007.09.21 10:50:54.681,1.6275,1.6279,2.40,8.10
2007.09.21 10:50:54.754,1.6275,1.6279,0.70,4.10
2007.09.21 10:50:54.862,1.62745,1.6279,8.80,1.60
2007.09.21 10:50:54.970,1.62745,1.62795,8.80,4.80
2007.09.21 10:50:55.139,1.62745,1.6279,4.40,4.80
2007.09.21 10:50:55.508,1.6275,1.628,0.60,12.90
2007.09.21 10:50:56.233,1.62745,1.6279,5.20,5.60
2007.09.21 10:50:56.348,1.62745,1.6279,5.20,8.10
2007.09.21 10:50:56.632,1.6274,1.6279,2.00,12.90
2007.09.21 10:50:57.715,1.62735,1.6279,13.30,6.40
2007.09.21 10:50:57.955,1.62735,1.6279,13.30,4.80
2007.09.21 10:50:58.270,1.6274,1.62795,12.90,4.80
2007.09.21 10:50:58.791,1.62745,1.62795,8.80,4.80
2007.09.21 10:50:59.321,1.62745,1.62795,11.60,4.80
2007.09.21 10:50:59.614,1.62745,1.628,11.70,10.40
2007.09.21 10:51:06.260,1.62745,1.628,13.30,10.40
2007.09.21 10:51:10.231,1.6275,1.6278,1.60,4.00
2007.09.21 10:51:10.303,1.62745,1.6278,9.20,8.10
2007.09.21 10:51:10.375,1.6275,1.62775,1.00,4.80
2007.09.21 10:51:10.753,1.6273,1.62775,18.50,4.80
2007.09.21 10:51:10.836,1.6273,1.628,18.50,4.00
2007.09.21 10:51:10.952,1.6273,1.628,3.90,5.60
2007.09.21 10:51:11.067,1.6273,1.628,18.50,5.60
2007.09.21 10:51:11.293,1.6273,1.628,7.20,15.20
2007.09.21 10:51:11.368,1.6274,1.6279,1.00,4.80
2007.09.21 10:51:11.596,1.6273,1.62785,9.40,4.80
2007.09.21 10:51:12.706,1.6273,1.6276,9.40,4.00
2007.09.21 10:51:12.940,1.6274,1.6277,8.40,1.60
2007.09.21 10:51:13.004,1.62735,1.6278,9.10,5.60
2007.09.21 10:51:13.135,1.62735,1.6278,11.60,5.60
2007.09.21 10:51:13.184,1.6274,1.6278,6.90,5.60
2007.09.21 10:51:13.612,1.62735,1.6278,8.80,5.60
2007.09.21 10:51:14.341,1.6273,1.6278,17.50,10.40
2007.09.21 10:51:15.599,1.6274,1.62775,1.20,4.80
2007.09.21 10:51:15.764,1.6273,1.62775,2.40,4.80
2007.09.21 10:51:15.874,1.6273,1.6276,1.10,4.00
2007.09.21 10:51:16.162,1.6272,1.6276,10.20,4.00
2007.09.21 10:51:16.201,1.6274,1.62765,2.00,4.80
2007.09.21 10:51:16.716,1.6272,1.62765,12.70,4.80
2007.09.21 10:51:16.822,1.6273,1.6276,0.90,4.00
2007.09.21 10:51:16.934,1.62725,1.6276,8.80,4.00
2007.09.21 10:51:22.666,1.6274,1.6276,2.40,4.00
2007.09.21 10:51:22.769,1.6274,1.6277,2.30,1.60
2007.09.21 10:51:24.206,1.6274,1.6278,1.90,10.40
2007.09.21 10:51:24.623,1.6274,1.6278,1.40,5.60
2007.09.21 10:51:24.965,1.6274,1.6278,1.90,10.40
2007.09.21 10:51:25.935,1.6274,1.6278,4.00,5.60
2007.09.21 10:51:29.934,1.6274,1.6277,4.00,1.60
2007.09.21 10:51:30.417,1.6274,1.6278,4.00,5.60
2007.09.21 10:51:33.686,1.62735,1.6278,4.80,5.60
2007.09.21 10:51:33.746,1.6273,1.62775,8.70,4.80
2007.09.21 10:51:33.802,1.6273,1.62775,7.10,4.80
2007.09.21 10:51:33.908,1.6273,1.62775,6.80,4.80
2007.09.21 10:51:34.085,1.6273,1.62775,6.50,4.80
2007.09.21 10:51:38.334,1.6273,1.6276,4.00,4.00
2007.09.21 10:51:40.239,1.62715,1.6276,4.80,4.00
2007.09.21 10:51:43.618,1.6272,1.6276,1.60,4.00
2007.09.21 10:51:43.836,1.62715,1.6276,4.80,4.00
2007.09.21 10:51:44.291,1.62715,1.62765,4.80,4.80
2007.09.21 10:51:44.377,1.6272,1.6279,1.60,6.50
2007.09.21 10:51:44.473,1.6272,1.6279,1.90,6.50
2007.09.21 10:51:44.723,1.6272,1.6279,6.70,6.50
2007.09.21 10:51:44.967,1.6273,1.6278,4.80,4.80
2007.09.21 10:51:46.273,1.6273,1.6278,8.80,4.80
2007.09.21 10:51:46.838,1.62735,1.62785,4.80,4.80
2007.09.21 10:51:47.855,1.62735,1.6276,4.80,5.60
2007.09.21 10:51:48.298,1.62735,1.6278,4.80,1.60
2007.09.21 10:51:48.357,1.6273,1.62765,6.80,4.80
2007.09.21 10:51:48.824,1.62735,1.6278,5.10,1.60
2007.09.21 10:51:49.225,1.62735,1.62785,5.10,4.80
2007.09.21 10:51:49.487,1.62735,1.6279,5.10,10.40
2007.09.21 10:51:51.212,1.6274,1.6279,4.00,10.40
2007.09.21 10:51:51.322,1.6274,1.6278,4.30,0.70
2007.09.21 10:51:51.449,1.62745,1.6278,5.10,0.50
2007.09.21 10:51:51.760,1.62745,1.6279,0.40,10.40
2007.09.21 10:51:53.272,1.62745,1.6279,0.40,10.40
2007.09.21 10:51:53.642,1.6274,1.6279,8.80,16.90
2007.09.21 10:51:53.781,1.6274,1.6279,9.10,16.90
2007.09.21 10:51:53.911,1.6274,1.6278,11.60,0.90
2007.09.21 10:51:54.003,1.6274,1.6278,6.80,0.50
2007.09.21 10:51:54.370,1.62745,1.6279,0.40,10.40
2007.09.21 10:51:54.659,1.62745,1.6279,0.40,10.40
2007.09.21 10:51:59.330,1.62745,1.6278,0.40,0.60
2007.09.21 10:52:00.915,1.62745,1.62785,0.40,6.40
2007.09.21 10:52:02.278,1.62745,1.6279,0.40,14.40
2007.09.21 10:52:03.212,1.6274,1.6279,4.00,16.90
2007.09.21 10:52:03.740,1.62735,1.6279,0.40,16.90
2007.09.21 10:52:05.329,1.6274,1.6279,6.80,10.40
2007.09.21 10:52:05.634,1.62745,1.6278,0.40,0.90
2007.09.21 10:52:11.201,1.62745,1.6279,0.40,14.40
2007.09.21 10:52:11.746,1.62745,1.6278,0.40,0.70
2007.09.21 10:52:11.945,1.62745,1.6279,0.40,10.40
2007.09.21 10:52:12.162,1.62745,1.6279,0.40,0.70
2007.09.21 10:52:12.270,1.62745,1.6279,0.40,10.40
2007.09.21 10:52:17.247,1.62745,1.6278,0.40,0.60
2007.09.21 10:52:17.582,1.62735,1.6278,0.40,0.60
2007.09.21 10:52:18.385,1.62735,1.6279,0.40,12.90
2007.09.21 10:52:18.494,1.62735,1.6279,0.40,12.90
2007.09.21 10:52:18.734,1.6274,1.6278,4.00,4.80
2007.09.21 10:52:18.826,1.6275,1.6278,0.40,4.80
2007.09.21 10:52:19.021,1.6275,1.6278,0.40,6.40
2007.09.21 10:52:19.111,1.6275,1.6278,0.60,1.60
2007.09.21 10:52:19.393,1.6275,1.6278,0.40,1.60
2007.09.21 10:52:19.482,1.6275,1.6278,0.40,5.60
2007.09.21 10:52:19.779,1.62735,1.6278,0.40,10.40
2007.09.21 10:52:21.070,1.62735,1.62775,0.40,4.80
2007.09.21 10:52:22.249,1.62735,1.6278,0.40,8.80
2007.09.21 10:52:22.325,1.6275,1.6278,0.40,4.80
2007.09.21 10:52:22.745,1.6275,1.6279,0.60,10.40
2007.09.21 10:52:31.410,1.6276,1.6279,4.00,10.40
2007.09.21 10:52:31.502,1.6276,1.6279,4.30,5.60
2007.09.21 10:52:31.536,1.6276,1.6279,4.60,5.60
2007.09.21 10:52:31.741,1.6276,1.6278,0.60,4.00
2007.09.21 10:52:31.840,1.6276,1.6279,4.60,5.60
2007.09.21 10:52:32.251,1.6276,1.6278,4.30,1.60
2007.09.21 10:52:33.444,1.6276,1.6278,0.40,5.60
2007.09.21 10:52:33.468,1.6275,1.6278,4.60,5.60
2007.09.21 10:52:33.515,1.6275,1.6278,4.60,4.00
2007.09.21 10:52:35.939,1.6275,1.6278,4.60,5.60
2007.09.21 10:52:38.153,1.6276,1.6278,4.00,5.60
2007.09.21 10:52:38.266,1.6276,1.6279,4.00,8.10
2007.09.21 10:52:38.802,1.6276,1.6279,4.30,8.10
2007.09.21 10:52:39.023,1.6276,1.6279,4.60,8.10
2007.09.21 10:52:44.798,1.6276,1.6279,4.60,5.60
2007.09.21 10:52:45.428,1.6276,1.6279,4.60,4.00
2007.09.21 10:52:45.697,1.6276,1.6279,0.50,4.00
2007.09.21 10:52:46.477,1.6276,1.6279,4.60,5.60
2007.09.21 10:52:54.371,1.6276,1.6279,0.60,5.60
2007.09.21 10:52:54.576,1.6276,1.6279,0.40,10.40
2007.09.21 10:52:54.591,1.6275,1.6279,2.30,10.40
2007.09.21 10:52:54.915,1.6275,1.6279,0.70,8.80
2007.09.21 10:52:57.511,1.6275,1.6279,0.70,4.00
2007.09.21 10:52:59.264,1.6275,1.6279,0.40,4.00
2007.09.21 10:53:00.282,1.6275,1.6279,0.70,4.00
2007.09.21 10:53:00.860,1.6275,1.6279,0.70,8.80
2007.09.21 10:53:05.864,1.6276,1.6279,4.00,8.80
2007.09.21 10:53:05.970,1.6276,1.6279,4.30,10.40
2007.09.21 10:53:06.124,1.6276,1.6279,4.70,5.60
2007.09.21 10:53:06.481,1.6276,1.6279,0.70,5.60
2007.09.21 10:53:09.382,1.6276,1.6279,4.70,5.60
2007.09.21 10:53:09.476,1.6276,1.6279,0.70,5.60
2007.09.21 10:53:10.871,1.6276,1.6279,7.20,5.60
2007.09.21 10:53:11.296,1.6276,1.6279,0.70,5.60
2007.09.21 10:53:11.490,1.6276,1.6279,0.70,4.00
2007.09.21 10:53:11.816,1.6276,1.6279,7.20,4.00
2007.09.21 10:53:12.347,1.6276,1.6279,4.70,4.00
2007.09.21 10:53:13.192,1.6276,1.6279,0.70,4.00
2007.09.21 10:53:13.307,1.6276,1.6279,0.40,6.50
2007.09.21 10:53:13.729,1.62755,1.6279,0.40,11.30
2007.09.21 10:53:14.356,1.6276,1.6279,4.00,11.30
2007.09.21 10:53:14.553,1.6276,1.6279,4.00,6.50
2007.09.21 10:53:14.769,1.6276,1.6279,4.00,4.00
2007.09.21 10:53:19.459,1.62755,1.6279,0.40,4.00
2007.09.21 10:53:23.376,1.62755,1.6278,0.40,4.00
2007.09.21 10:53:24.018,1.62755,1.6278,0.40,5.60
2007.09.21 10:53:24.655,1.62755,1.6278,0.40,4.00
2007.09.21 10:53:26.600,1.62755,1.6278,0.40,5.60
2007.09.21 10:53:28.426,1.6274,1.6278,5.90,5.60
2007.09.21 10:53:28.629,1.62745,1.6278,0.40,5.60
2007.09.21 10:53:28.892,1.62745,1.6278,0.40,1.60
2007.09.21 10:53:29.005,1.62745,1.62785,0.40,4.80
2007.09.21 10:53:29.146,1.62745,1.6279,0.40,12.90
2007.09.21 10:53:29.526,1.62745,1.6279,0.40,10.40
2007.09.21 10:53:29.745,1.6275,1.6279,0.40,10.40
2007.09.21 10:53:29.857,1.6276,1.6279,4.00,10.40
2007.09.21 10:53:30.151,1.6276,1.6279,4.00,5.60
2007.09.21 10:53:30.303,1.6276,1.6279,6.50,5.60
2007.09.21 10:53:30.402,1.6276,1.6279,6.50,1.60
2007.09.21 10:53:30.522,1.6276,1.628,6.80,6.40
2007.09.21 10:53:30.776,1.62765,1.628,0.40,6.40
2007.09.21 10:53:31.008,1.62765,1.628,0.40,1.60
2007.09.21 10:53:31.282,1.62765,1.628,0.40,6.40
2007.09.21 10:53:34.222,1.62755,1.62795,0.40,4.80
2007.09.21 10:53:40.594,1.62755,1.6279,0.40,4.80
2007.09.21 10:53:40.902,1.62755,1.6277,0.40,4.00
2007.09.21 10:53:41.405,1.6274,1.6277,7.10,4.00
2007.09.21 10:53:41.534,1.6274,1.6277,4.60,4.00
2007.09.21 10:53:42.572,1.6274,1.6277,4.60,5.60
2007.09.21 10:53:45.897,1.6273,1.6277,15.00,5.60
2007.09.21 10:53:48.167,1.6274,1.6277,0.90,10.40
2007.09.21 10:53:48.621,1.6273,1.6277,4.60,12.90
2007.09.21 10:53:50.484,1.6273,1.6281,7.10,16.10
2007.09.21 10:53:50.594,1.6274,1.6279,0.80,1.60
2007.09.21 10:53:50.864,1.62735,1.62785,5.50,4.80
2007.09.21 10:53:51.887,1.6275,1.6281,0.70,16.10
2007.09.21 10:53:51.917,1.6274,1.6279,15.10,4.80
2007.09.21 10:53:52.218,1.6274,1.6281,19.10,6.50
2007.09.21 10:53:54.005,1.6275,1.6278,0.70,1.60
2007.09.21 10:53:54.104,1.6275,1.6278,0.40,1.60
2007.09.21 10:53:54.391,1.6273,1.6278,12.00,6.40
2007.09.21 10:53:54.424,1.6274,1.6278,2.30,6.40
2007.09.21 10:53:54.520,1.6275,1.6278,0.40,6.40
2007.09.21 10:53:54.778,1.6275,1.6278,0.70,1.60
2007.09.21 10:53:55.773,1.6275,1.6278,8.70,1.60
2007.09.21 10:53:56.211,1.62745,1.6278,5.50,1.60
2007.09.21 10:53:56.320,1.62745,1.6278,5.50,5.60
2007.09.21 10:53:58.752,1.6274,1.6278,4.70,1.60
2007.09.21 10:53:59.371,1.6274,1.6278,9.20,1.60
2007.09.21 10:54:00.412,1.6274,1.6278,9.50,1.60
2007.09.21 10:54:08.243,1.6276,1.6278,1.80,1.60
2007.09.21 10:54:09.145,1.6275,1.6279,8.70,5.60
2007.09.21 10:54:10.796,1.6276,1.6279,1.60,5.60
2007.09.21 10:54:16.190,1.6277,1.6279,4.00,5.60
2007.09.21 10:54:16.312,1.6277,1.6279,4.00,1.60
2007.09.21 10:54:16.623,1.6276,1.6279,0.40,1.60
2007.09.21 10:54:16.801,1.6277,1.6279,0.40,1.60
2007.09.21 10:54:17.030,1.6276,1.6279,0.70,1.60
2007.09.21 10:54:17.230,1.6276,1.6279,0.40,1.60
2007.09.21 10:54:17.332,1.6276,1.6279,0.40,5.60
2007.09.21 10:54:17.737,1.6275,1.6279,0.70,5.60
2007.09.21 10:54:17.950,1.6275,1.6279,0.70,10.40
2007.09.21 10:54:18.301,1.6276,1.6279,0.40,6.40
2007.09.21 10:54:18.418,1.6276,1.6279,0.40,4.80
2007.09.21 10:54:18.744,1.6276,1.6279,0.70,4.80
2007.09.21 10:54:19.154,1.6276,1.6279,0.70,6.40
2007.09.21 10:54:19.743,1.6276,1.6279,0.70,1.60
2007.09.21 10:54:20.746,1.6276,1.6279,0.40,5.60
2007.09.21 10:54:21.129,1.6275,1.6279,0.70,10.40
2007.09.21 10:54:21.242,1.6276,1.6279,0.40,6.40
2007.09.21 10:54:21.522,1.6274,1.6279,12.90,6.40
2007.09.21 10:54:21.551,1.6274,1.6279,12.90,4.80
2007.09.21 10:54:22.303,1.6276,1.6279,0.70,4.80
2007.09.21 10:54:22.455,1.6276,1.62795,0.70,4.80
2007.09.21 10:54:22.733,1.6276,1.6279,0.40,4.00
2007.09.21 10:54:22.931,1.6276,1.6279,0.40,5.60
2007.09.21 10:54:23.230,1.6275,1.62785,0.70,4.80
2007.09.21 10:54:25.639,1.6275,1.6279,0.70,10.40
2007.09.21 10:54:29.573,1.6275,1.6279,4.70,10.40
2007.09.21 10:54:30.042,1.6275,1.6279,0.70,10.40
2007.09.21 10:54:30.617,1.6275,1.6279,4.70,10.40
2007.09.21 10:54:31.767,1.6275,1.6279,4.70,6.40
2007.09.21 10:54:32.187,1.6275,1.6279,0.70,6.40
2007.09.21 10:54:34.113,1.6275,1.6279,0.40,6.40
2007.09.21 10:54:34.338,1.6274,1.6279,12.90,6.40
2007.09.21 10:54:37.672,1.6274,1.6279,10.40,6.40
2007.09.21 10:54:37.767,1.6275,1.6279,4.00,6.40
2007.09.21 10:54:37.862,1.6275,1.6279,4.00,4.80
2007.09.21 10:54:38.240,1.6275,1.62795,4.00,4.80
2007.09.21 10:54:39.576,1.6275,1.628,8.80,10.40
2007.09.21 10:54:46.974,1.6275,1.628,10.40,10.40
2007.09.21 10:54:47.810,1.6276,1.628,4.00,10.40
2007.09.21 10:54:48.452,1.6276,1.628,4.00,5.60
2007.09.21 10:54:49.053,1.6276,1.6279,4.00,4.00
2007.09.21 10:54:49.170,1.6276,1.6279,4.00,5.60
2007.09.21 10:54:49.427,1.6276,1.6279,4.00,0.50
2007.09.21 10:54:50.224,1.6276,1.62795,4.00,8.80
2007.09.21 10:54:55.597,1.6276,1.628,6.50,0.60
2007.09.21 10:54:55.712,1.6276,1.628,8.10,0.90
2007.09.21 10:54:56.056,1.6276,1.6281,12.90,0.90
2007.09.21 10:54:57.662,1.6276,1.6282,11.30,16.90
2007.09.21 10:54:59.120,1.6276,1.6279,11.30,0.60
2007.09.21 10:54:59.225,1.6276,1.628,11.30,9.60
2007.09.21 10:54:59.378,1.6276,1.628,6.50,14.40
2007.09.21 10:54:59.642,1.6276,1.628,4.00,16.90
2007.09.21 10:55:11.251,1.6275,1.6278,10.40,0.70
2007.09.21 10:55:11.472,1.6275,1.6279,8.80,12.10
2007.09.21 10:55:11.697,1.6275,1.6279,4.00,16.90
2007.09.21 10:55:12.233,1.6276,1.6278,4.00,0.70
2007.09.21 10:55:12.315,1.6276,1.6279,4.00,0.70
2007.09.21 10:55:12.426,1.6276,1.6279,4.00,12.90
2007.09.21 10:55:12.762,1.6276,1.628,4.00,16.90
2007.09.21 10:55:13.061,1.6276,1.62795,4.00,12.90
2007.09.21 10:55:13.272,1.6276,1.6279,4.00,0.80
2007.09.21 10:55:13.367,1.6276,1.6279,4.00,0.90
2007.09.21 10:55:13.692,1.6276,1.628,4.00,12.90
2007.09.21 10:55:13.827,1.6277,1.628,4.00,12.90
2007.09.21 10:55:14.126,1.6277,1.62805,4.00,12.90
2007.09.21 10:55:16.192,1.6277,1.6281,4.00,16.90
2007.09.21 10:55:16.230,1.6276,1.6281,4.00,16.90
2007.09.21 10:55:17.275,1.6276,1.6279,4.00,4.00
2007.09.21 10:55:17.490,1.6276,1.6279,4.00,5.60
2007.09.21 10:55:18.736,1.6276,1.6279,4.00,1.60
2007.09.21 10:55:19.249,1.6276,1.628,4.00,12.90
2007.09.21 10:55:19.506,1.6276,1.628,4.00,8.10
2007.09.21 10:55:19.776,1.6276,1.6279,4.00,4.00
2007.09.21 10:55:19.859,1.6276,1.6279,4.00,5.60
2007.09.21 10:55:20.189,1.6276,1.6279,4.00,1.60
2007.09.21 10:55:20.287,1.6276,1.628,4.00,8.10
2007.09.21 10:55:20.804,1.6277,1.628,4.00,8.10
2007.09.21 10:55:21.491,1.6277,1.62805,4.00,12.90
2007.09.21 10:55:23.802,1.6276,1.628,5.60,8.10
2007.09.21 10:55:23.917,1.6276,1.628,4.00,8.10
2007.09.21 10:55:24.223,1.6277,1.628,4.00,8.10
2007.09.21 10:55:24.378,1.6277,1.628,4.00,12.90
2007.09.21 10:55:24.706,1.6277,1.628,4.00,8.10
2007.09.21 10:55:26.831,1.6276,1.6279,5.60,4.00
2007.09.21 10:55:26.929,1.6276,1.6279,4.00,4.00
2007.09.21 10:55:27.459,1.6276,1.6279,5.60,4.00
2007.09.21 10:55:28.012,1.6276,1.6279,4.00,4.00
2007.09.21 10:55:28.194,1.6277,1.628,4.00,8.10
2007.09.21 10:55:28.843,1.6277,1.628,4.00,12.90
2007.09.21 10:55:29.185,1.6276,1.628,4.00,12.90
2007.09.21 10:55:31.689,1.6276,1.6279,4.00,4.00
2007.09.21 10:55:31.806,1.6276,1.6279,4.00,4.00
2007.09.21 10:55:33.358,1.6276,1.6279,4.00,4.00
2007.09.21 10:55:33.451,1.6276,1.6279,5.60,4.00
2007.09.21 10:55:33.876,1.6276,1.6279,4.00,4.00
2007.09.21 10:55:34.283,1.6276,1.6279,5.60,4.00
2007.09.21 10:55:34.713,1.6276,1.6279,10.40,4.00
2007.09.21 10:55:34.787,1.6276,1.6279,5.60,4.00
2007.09.21 10:55:35.222,1.6276,1.6279,5.60,4.00
2007.09.21 10:55:37.598,1.6276,1.628,5.60,4.10
2007.09.21 10:55:37.709,1.6276,1.628,8.10,1.60
2007.09.21 10:55:37.803,1.6276,1.62805,8.10,4.80
2007.09.21 10:55:37.888,1.6276,1.6281,12.90,10.40
2007.09.21 10:55:39.077,1.6276,1.6281,12.90,0.80
2007.09.21 10:55:40.413,1.6276,1.6281,11.30,0.50
2007.09.21 10:55:41.416,1.6276,1.6281,6.50,10.40
2007.09.21 10:55:43.734,1.6276,1.62805,2.50,0.50
2007.09.21 10:55:43.841,1.6276,1.62805,0.08,0.80
2007.09.21 10:55:43.925,1.6276,1.628,0.08,0.90
2007.09.21 10:55:44.356,1.62755,1.62805,4.80,10.40
2007.09.21 10:55:44.733,1.6275,1.6281,12.90,16.90
2007.09.21 10:55:51.202,1.6275,1.6283,21.00,10.50
2007.09.21 10:55:51.288,1.6275,1.628,21.00,0.60
2007.09.21 10:55:51.677,1.62755,1.6281,4.80,6.40
2007.09.21 10:55:58.245,1.6276,1.6281,4.00,6.40
2007.09.21 10:55:58.874,1.62755,1.62805,4.80,0.60
2007.09.21 10:56:00.721,1.6277,1.6281,0.08,6.40
2007.09.21 10:56:01.135,1.6277,1.6282,0.08,6.40
2007.09.21 10:56:07.435,1.6277,1.6282,4.80,6.40
2007.09.21 10:56:07.480,1.6277,1.6282,4.80,10.40
2007.09.21 10:56:10.485,1.6277,1.6282,4.80,6.40
2007.09.21 10:56:10.955,1.6277,1.6282,4.80,4.80
2007.09.21 10:56:18.874,1.6277,1.6282,4.80,6.40
2007.09.21 10:56:22.834,1.6277,1.6281,4.80,4.00
2007.09.21 10:56:22.965,1.6276,1.6281,12.90,8.80
2007.09.21 10:56:23.234,1.6276,1.6281,12.90,4.80
2007.09.21 10:56:23.735,1.62765,1.62815,4.80,4.80
2007.09.21 10:56:24.260,1.62765,1.628,4.80,5.60
2007.09.21 10:56:24.565,1.6276,1.628,8.10,5.60
2007.09.21 10:56:24.673,1.6277,1.628,4.00,5.60
2007.09.21 10:56:24.800,1.6277,1.628,4.00,1.60
2007.09.21 10:56:24.881,1.6277,1.62805,4.00,4.80
2007.09.21 10:56:25.426,1.6277,1.6282,8.80,12.90
2007.09.21 10:56:26.720,1.6277,1.6282,8.80,0.70
2007.09.21 10:56:28.223,1.6277,1.6283,8.80,12.90
2007.09.21 10:56:28.319,1.6277,1.6281,8.80,8.00
2007.09.21 10:56:28.415,1.6277,1.628,8.80,0.70
2007.09.21 10:56:28.509,1.6277,1.628,4.00,0.60
2007.09.21 10:56:28.738,1.6277,1.628,4.00,0.60
2007.09.21 10:56:31.219,1.6276,1.628,4.00,12.10
2007.09.21 10:56:31.337,1.6276,1.628,4.00,12.10
2007.09.21 10:56:31.429,1.6276,1.6279,4.00,0.50
2007.09.21 10:56:32.166,1.6276,1.62795,4.00,8.80
2007.09.21 10:56:32.259,1.6276,1.628,4.00,8.90
2007.09.21 10:56:32.368,1.6276,1.62795,8.10,0.80
2007.09.21 10:56:32.599,1.6276,1.6282,12.90,16.90
2007.09.21 10:56:32.786,1.6276,1.6279,12.90,0.60
2007.09.21 10:56:32.885,1.6276,1.6279,11.30,0.70
2007.09.21 10:56:33.098,1.6276,1.628,6.50,9.60
2007.09.21 10:56:33.417,1.6276,1.628,4.00,12.10
2007.09.21 10:56:34.372,1.6276,1.62805,4.00,12.90
2007.09.21 10:56:36.938,1.6276,1.62805,5.60,12.90
2007.09.21 10:56:38.908,1.6276,1.6282,8.10,12.90
2007.09.21 10:56:39.093,1.62765,1.6282,4.80,12.90
2007.09.21 10:56:39.295,1.6276,1.6282,8.10,12.90
2007.09.21 10:56:39.326,1.6276,1.6282,1.60,12.90
2007.09.21 10:56:39.421,1.62755,1.6282,4.80,12.90
2007.09.21 10:56:41.284,1.62755,1.628,4.80,0.70
2007.09.21 10:56:41.405,1.62755,1.6279,4.80,0.90
2007.09.21 10:56:41.595,1.62745,1.62795,4.80,6.40
2007.09.21 10:56:43.270,1.6276,1.62795,4.00,6.40
2007.09.21 10:56:43.463,1.6276,1.628,4.00,12.90
2007.09.21 10:56:43.624,1.6276,1.6281,4.00,16.90
2007.09.21 10:56:43.882,1.6275,1.6281,4.80,26.50
2007.09.21 10:56:43.981,1.6275,1.6281,4.80,26.50
2007.09.21 10:56:44.118,1.62745,1.628,4.80,12.90
2007.09.21 10:56:45.238,1.6275,1.628,4.00,12.90
2007.09.21 10:56:47.780,1.62745,1.628,4.80,12.90
2007.09.21 10:56:49.279,1.62745,1.6279,4.80,8.00
2007.09.21 10:56:49.371,1.62745,1.6279,4.80,9.60
2007.09.21 10:56:49.445,1.6274,1.62785,8.10,10.40
2007.09.21 10:56:49.476,1.6274,1.62785,8.10,10.40
2007.09.21 10:56:49.898,1.6274,1.62785,5.60,12.90
2007.09.21 10:56:51.372,1.6274,1.6278,1.60,0.90
2007.09.21 10:56:51.456,1.62735,1.62785,4.80,12.90
2007.09.21 10:56:51.783,1.62735,1.6278,0.60,0.60
2007.09.21 10:56:51.789,1.6273,1.6278,6.40,12.10
2007.09.21 10:56:52.122,1.6272,1.6278,12.90,16.90
2007.09.21 10:56:52.187,1.6272,1.6278,12.90,16.90
2007.09.21 10:56:52.238,1.62725,1.62775,6.40,8.80
2007.09.21 10:56:52.490,1.6272,1.62775,12.90,8.80
2007.09.21 10:56:54.986,1.6272,1.6277,12.90,5.60
2007.09.21 10:57:00.063,1.62725,1.6277,2.50,4.00
2007.09.21 10:57:02.246,1.62725,1.6277,8.80,4.00
2007.09.21 10:57:02.363,1.62725,1.62775,8.80,4.80
2007.09.21 10:57:02.379,1.6273,1.6278,3.50,12.90
2007.09.21 10:57:02.867,1.6274,1.6278,0.08,12.90
2007.09.21 10:57:02.961,1.6274,1.6278,9.60,12.90
2007.09.21 10:57:03.171,1.6274,1.6278,9.60,11.30
2007.09.21 10:57:03.597,1.6274,1.6278,14.40,6.50
2007.09.21 10:57:08.865,1.6274,1.6279,16.90,6.40
2007.09.21 10:57:08.998,1.6275,1.6278,1.10,1.60
2007.09.21 10:57:09.072,1.6274,1.6279,16.90,6.40
2007.09.21 10:57:09.503,1.62745,1.6279,8.80,1.60
2007.09.21 10:57:12.505,1.62745,1.62795,8.80,4.80
2007.09.21 10:57:12.909,1.62745,1.6279,2.50,4.00
2007.09.21 10:57:13.002,1.6274,1.6279,13.00,5.60
2007.09.21 10:57:13.240,1.62745,1.6279,0.90,4.00
2007.09.21 10:57:13.315,1.62735,1.62785,13.00,4.80
2007.09.21 10:57:13.528,1.6274,1.62785,8.20,4.80
2007.09.21 10:57:13.957,1.6274,1.6279,13.00,8.80
2007.09.21 10:57:13.984,1.6275,1.6279,0.50,4.00
2007.09.21 10:57:15.924,1.62745,1.62795,6.40,8.80
2007.09.21 10:57:16.772,1.62745,1.628,10.40,12.90
2007.09.21 10:57:16.867,1.6275,1.62795,0.50,0.70
2007.09.21 10:57:16.924,1.6275,1.628,0.60,0.90
2007.09.21 10:57:16.969,1.6278,1.6283,8.00,12.10
2007.09.21 10:57:17.485,1.62775,1.6282,0.90,0.90
2007.09.21 10:57:17.749,1.6276,1.6281,0.60,0.60
2007.09.21 10:57:17.912,1.6276,1.6281,0.80,0.50
2007.09.21 10:57:19.261,1.62755,1.6282,4.90,12.90
2007.09.21 10:57:19.813,1.6275,1.6283,20.10,12.10
2007.09.21 10:57:20.099,1.6276,1.62805,0.10,0.60
2007.09.21 10:57:21.554,1.6276,1.6282,4.80,12.90
2007.09.21 10:57:23.282,1.6276,1.6282,4.80,12.90
2007.09.21 10:57:23.451,1.6276,1.6281,4.80,0.90
2007.09.21 10:57:23.554,1.62755,1.62805,4.80,0.50
2007.09.21 10:57:26.903,1.6276,1.6281,4.00,6.40
2007.09.21 10:57:27.021,1.6276,1.6282,5.60,12.90
2007.09.21 10:57:27.216,1.6276,1.6282,5.60,12.90
2007.09.21 10:57:27.428,1.6276,1.6282,8.20,12.90
2007.09.21 10:57:27.812,1.62765,1.6282,4.80,12.90
2007.09.21 10:57:30.237,1.62765,1.6281,4.80,0.80
2007.09.21 10:57:30.429,1.62765,1.6281,4.80,0.60
2007.09.21 10:57:30.560,1.6276,1.6282,13.00,16.90
2007.09.21 10:57:31.358,1.6276,1.6282,13.00,16.90
2007.09.21 10:57:36.643,1.6276,1.6281,13.00,0.60
2007.09.21 10:57:36.938,1.62765,1.62815,4.80,0.70
2007.09.21 10:57:36.966,1.6276,1.6282,13.00,12.90
2007.09.21 10:57:44.217,1.6277,1.62815,4.00,4.80
2007.09.21 10:57:44.747,1.6277,1.62815,4.00,4.80
2007.09.21 10:57:45.162,1.6277,1.6282,8.80,12.90
2007.09.21 10:57:45.279,1.6277,1.6282,8.80,12.90
2007.09.21 10:57:45.462,1.6277,1.6281,8.80,1.60
2007.09.21 10:57:45.879,1.6278,1.6281,4.00,5.60
2007.09.21 10:57:46.199,1.6278,1.6281,4.00,4.00
2007.09.21 10:57:46.327,1.6278,1.6281,4.00,8.80
2007.09.21 10:57:46.420,1.6276,1.6281,13.00,8.80
2007.09.21 10:57:47.775,1.6276,1.6281,13.00,4.80
2007.09.21 10:57:47.993,1.62765,1.62815,4.80,4.80
2007.09.21 10:57:48.284,1.62765,1.6281,4.80,4.00
2007.09.21 10:57:48.768,1.6276,1.6281,13.00,8.80
2007.09.21 10:57:50.165,1.62765,1.6281,4.80,4.00
2007.09.21 10:57:50.249,1.62765,1.62815,4.80,4.80
2007.09.21 10:57:54.281,1.6277,1.62815,0.10,4.80
2007.09.21 10:57:54.473,1.6277,1.6282,4.80,12.90
2007.09.21 10:57:54.815,1.6277,1.6282,8.80,12.90
2007.09.21 10:57:56.343,1.6277,1.628,8.80,4.00
2007.09.21 10:57:56.441,1.6277,1.628,8.80,4.00
2007.09.21 10:57:56.803,1.6277,1.628,4.00,4.00
2007.09.21 10:57:56.985,1.6277,1.628,4.00,6.50
2007.09.21 10:57:59.671,1.6276,1.628,10.40,6.50
2007.09.21 10:57:59.763,1.6276,1.6279,10.40,4.00
2007.09.21 10:57:59.981,1.6276,1.6281,12.90,8.80
2007.09.21 10:58:00.111,1.6276,1.628,8.20,4.80
2007.09.21 10:58:00.381,1.6276,1.6281,13.00,8.80
2007.09.21 10:58:00.619,1.62765,1.6281,4.80,4.00
2007.09.21 10:58:00.915,1.62765,1.6281,4.80,5.60
2007.09.21 10:58:01.239,1.62765,1.6281,4.80,4.00
2007.09.21 10:58:01.381,1.6276,1.6281,13.00,8.80
2007.09.21 10:58:01.955,1.6272,1.6281,20.90,18.40
2007.09.21 10:58:02.054,1.6274,1.6281,0.10,18.40
2007.09.21 10:58:02.112,1.62745,1.62795,4.80,4.80
2007.09.21 10:58:26.357,1.62735,1.62785,4.80,4.80
2007.09.21 10:58:27.344,1.62735,1.628,4.80,18.40
2007.09.21 10:58:28.915,1.6275,1.628,4.00,10.40
2007.09.21 10:58:29.130,1.6275,1.62785,5.60,0.60
2007.09.21 10:58:29.322,1.6275,1.6281,10.40,16.90
2007.09.21 10:58:29.548,1.6275,1.628,13.00,0.70
2007.09.21 10:58:30.787,1.6275,1.6281,13.00,12.90
2007.09.21 10:58:31.579,1.62755,1.62805,4.80,6.40
2007.09.21 10:58:32.240,1.62755,1.62805,4.80,0.90
2007.09.21 10:58:35.240,1.62755,1.628,4.80,0.90
2007.09.21 10:58:35.442,1.62755,1.62805,4.80,10.40
2007.09.21 10:58:35.689,1.6275,1.6281,13.00,16.90
2007.09.21 10:58:37.109,1.6275,1.6281,13.00,16.90
2007.09.21 10:58:37.502,1.62755,1.62805,4.80,8.80
2007.09.21 10:58:37.759,1.6276,1.6281,4.80,16.90
2007.09.21 10:58:38.058,1.62755,1.628,4.80,0.80
2007.09.21 10:58:38.493,1.6276,1.628,4.80,0.60
2007.09.21 10:58:38.962,1.6275,1.628,13.00,0.50
2007.09.21 10:58:39.289,1.6275,1.628,13.00,0.70
2007.09.21 10:58:39.722,1.6275,1.6281,17.00,12.90
2007.09.21 10:58:39.799,1.62755,1.62805,4.80,0.50
2007.09.21 10:58:39.822,1.6276,1.6281,4.00,12.90
2007.09.21 10:58:40.184,1.6276,1.6281,8.80,0.60
2007.09.21 10:58:40.349,1.6276,1.628,4.80,0.90
2007.09.21 10:58:40.542,1.62765,1.6281,4.80,12.10
2007.09.21 10:58:40.950,1.62765,1.6281,4.80,12.10
2007.09.21 10:58:41.368,1.6275,1.6281,12.90,16.90
2007.09.21 10:58:41.702,1.6275,1.628,12.90,0.50
2007.09.21 10:58:41.786,1.62755,1.62805,4.80,8.80
2007.09.21 10:58:42.630,1.6277,1.628,4.00,0.70
2007.09.21 10:58:42.728,1.6277,1.62805,4.00,10.40
2007.09.21 10:58:46.466,1.6277,1.6279,4.00,0.80
2007.09.21 10:58:46.762,1.6276,1.628,4.00,9.60
2007.09.21 10:58:47.092,1.6276,1.62805,4.00,7.30
2007.09.21 10:58:47.119,1.6276,1.628,4.00,7.30
2007.09.21 10:58:47.295,1.6276,1.6281,6.50,10.40
2007.09.21 10:58:47.615,1.6276,1.6281,6.50,10.40
2007.09.21 10:58:50.206,1.6276,1.628,6.50,0.70
2007.09.21 10:58:51.524,1.6276,1.62805,6.50,0.90
2007.09.21 10:58:53.298,1.6276,1.628,6.50,0.70
2007.09.21 10:58:53.712,1.6276,1.62805,6.50,0.70
2007.09.21 10:58:54.745,1.6276,1.6281,4.00,12.90
2007.09.21 10:58:54.966,1.62755,1.62805,4.80,0.50
2007.09.21 10:58:55.530,1.6275,1.6281,6.40,22.50
2007.09.21 10:58:55.684,1.6275,1.628,6.40,12.80
2007.09.21 10:58:55.912,1.6275,1.628,6.40,12.80
2007.09.21 10:58:56.214,1.6275,1.6281,6.40,22.50
2007.09.21 10:58:56.323,1.6275,1.628,1.60,6.40
2007.09.21 10:58:57.016,1.62745,1.62795,4.80,0.60
2007.09.21 10:58:57.063,1.6275,1.628,4.80,0.50
2007.09.21 10:58:57.227,1.6276,1.6281,4.00,22.50
2007.09.21 10:58:57.661,1.6276,1.62805,4.00,0.90
2007.09.21 10:58:59.835,1.62755,1.628,4.80,8.00
2007.09.21 10:58:59.928,1.62755,1.6279,4.80,0.90
2007.09.21 10:59:00.247,1.62755,1.628,4.80,9.60
2007.09.21 10:59:00.604,1.6275,1.62795,1.60,8.80
2007.09.21 10:59:02.210,1.6275,1.62795,1.60,8.80
2007.09.21 10:59:02.318,1.6276,1.628,6.50,6.40
2007.09.21 10:59:02.789,1.62755,1.6281,4.80,22.50
2007.09.21 10:59:03.415,1.6275,1.6281,6.40,22.50
2007.09.21 10:59:03.671,1.6276,1.628,4.00,0.90
2007.09.21 10:59:04.173,1.6276,1.628,4.00,0.80
2007.09.21 10:59:04.229,1.6276,1.628,4.00,0.90
2007.09.21 10:59:04.296,1.6276,1.62805,6.50,6.40
2007.09.21 10:59:04.603,1.6278,1.628,4.00,0.70
2007.09.21 10:59:06.262,1.6278,1.6281,4.00,0.50
2007.09.21 10:59:15.812,1.6278,1.62815,4.00,6.40
2007.09.21 10:59:18.382,1.6279,1.6283,4.00,16.90
2007.09.21 10:59:18.436,1.6279,1.6282,4.00,0.80
2007.09.21 10:59:18.925,1.6279,1.62825,4.00,10.40
2007.09.21 10:59:21.221,1.6279,1.6282,4.00,5.60
2007.09.21 10:59:22.357,1.6278,1.6281,4.00,5.60
2007.09.21 10:59:23.788,1.62765,1.6281,4.80,8.10
2007.09.21 10:59:23.900,1.62765,1.628,4.80,1.60
2007.09.21 10:59:24.274,1.6276,1.628,10.40,1.60
2007.09.21 10:59:24.614,1.6276,1.628,6.40,1.60
2007.09.21 10:59:24.734,1.6276,1.6281,4.80,22.50
2007.09.21 10:59:24.835,1.6275,1.628,6.40,4.80
2007.09.21 10:59:25.251,1.6276,1.628,4.00,4.80
2007.09.21 10:59:25.496,1.6276,1.62805,4.00,4.80
2007.09.21 10:59:25.772,1.6276,1.62805,6.50,4.80
2007.09.21 10:59:26.703,1.62755,1.62805,4.80,4.80
2007.09.21 10:59:26.715,1.6275,1.628,6.40,4.80
2007.09.21 10:59:26.818,1.6275,1.628,4.80,4.80
2007.09.21 10:59:27.318,1.6275,1.628,4.80,4.80
2007.09.21 10:59:27.488,1.6274,1.6281,14.50,8.10
2007.09.21 10:59:27.512,1.6274,1.6279,14.50,4.80
2007.09.21 10:59:27.816,1.6274,1.6279,4.80,8.80
2007.09.21 10:59:28.082,1.62745,1.6279,4.80,4.00
2007.09.21 10:59:28.340,1.62745,1.62795,4.80,4.80
2007.09.21 10:59:28.450,1.6274,1.6281,4.80,17.70
2007.09.21 10:59:28.902,1.62745,1.62795,4.80,4.80
2007.09.21 10:59:29.798,1.6275,1.628,4.80,4.80
2007.09.21 10:59:30.728,1.62745,1.62795,4.80,4.80
2007.09.21 10:59:32.299,1.62745,1.6279,4.80,4.00
2007.09.21 10:59:32.449,1.6274,1.6279,4.80,8.80
2007.09.21 10:59:35.716,1.6274,1.6279,8.80,8.80
2007.09.21 10:59:35.809,1.6274,1.6279,11.30,8.80
2007.09.21 10:59:36.330,1.6274,1.6279,21.00,4.80
2007.09.21 10:59:36.401,1.62745,1.62795,4.80,4.80
2007.09.21 10:59:36.857,1.6275,1.628,4.80,6.40
2007.09.21 10:59:37.172,1.6275,1.628,4.80,4.80
2007.09.21 10:59:39.278,1.6275,1.628,8.80,4.80
2007.09.21 10:59:39.361,1.6275,1.6282,21.00,5.60
2007.09.21 10:59:39.734,1.6276,1.6281,4.80,4.80
2007.09.21 10:59:43.384,1.6276,1.6281,4.80,6.40
2007.09.21 10:59:46.909,1.6276,1.6281,4.80,4.80
2007.09.21 10:59:47.816,1.6276,1.6281,4.80,6.40
2007.09.21 10:59:49.457,1.62755,1.62805,4.80,4.80
2007.09.21 10:59:50.836,1.62755,1.628,4.80,1.60
2007.09.21 10:59:51.130,1.6275,1.628,4.80,6.40
2007.09.21 10:59:51.160,1.6275,1.628,4.80,4.80
2007.09.21 10:59:56.251,1.6275,1.628,4.80,6.40
2007.09.21 10:59:56.610,1.62745,1.62795,4.80,4.80
2007.09.21 10:59:57.276,1.6276,1.62795,4.00,4.80
2007.09.21 10:59:57.421,1.6275,1.62795,9.60,4.80
2007.09.21 10:59:58.007,1.6276,1.6281,8.80,10.40
2007.09.21 10:59:59.243,1.6276,1.628,8.80,1.60
2007.09.21 10:59:59.704,1.6276,1.628,4.00,1.60
