2007.12.27 09:00:00.443,1.65455,1.655,3.20,0.90
2007.12.27 09:00:02.651,1.65455,1.655,3.20,0.20
2007.12.27 09:00:02.965,1.65455,1.65515,3.20,4.20
2007.12.27 09:00:03.279,1.6546,1.65525,6.00,4.20
2007.12.27 09:00:03.491,1.6546,1.65525,15.60,4.20
2007.12.27 09:00:03.704,1.6546,1.65525,15.60,3.40
2007.12.27 09:00:03.917,1.65475,1.6553,3.20,2.30
2007.12.27 09:00:04.130,1.6547,1.65525,3.20,0.20
2007.12.27 09:00:04.448,1.65475,1.65525,3.20,1.00
2007.12.27 09:00:04.767,1.65475,1.6551,3.20,0.90
2007.12.27 09:00:05.084,1.6547,1.6551,3.20,0.90
2007.12.27 09:00:05.322,1.6547,1.6551,3.20,0.80
2007.12.27 09:00:05.560,1.6546,1.65505,3.20,0.20
2007.12.27 09:00:05.799,1.6545,1.65495,3.20,0.20
2007.12.27 09:00:06.037,1.6545,1.655,4.40,0.20
2007.12.27 09:00:06.275,1.6544,1.655,13.60,0.90
2007.12.27 09:00:06.577,1.65455,1.655,3.20,0.90
2007.12.27 09:00:06.846,1.65445,1.6549,3.20,0.90
2007.12.27 09:00:07.113,1.65445,1.6549,3.20,0.80
2007.12.27 09:00:07.362,1.65445,1.6549,3.20,0.80
2007.12.27 09:00:07.610,1.6545,1.6549,3.20,0.80
2007.12.27 09:00:07.858,1.6545,1.6551,14.80,3.20
2007.12.27 09:00:08.106,1.6545,1.655,14.80,0.20
2007.12.27 09:00:08.359,1.6546,1.655,3.20,0.90
2007.12.27 09:00:08.612,1.65455,1.655,3.20,0.90
2007.12.27 09:00:08.878,1.65455,1.65515,3.20,3.30
2007.12.27 09:00:09.118,1.65455,1.6551,3.20,0.20
2007.12.27 09:00:09.362,1.65455,1.6551,3.20,0.90
2007.12.27 09:00:09.753,1.6546,1.6551,3.20,0.90
2007.12.27 09:00:11.015,1.6546,1.65495,3.20,0.20
2007.12.27 09:00:11.222,1.6546,1.655,3.20,0.20
2007.12.27 09:00:11.425,1.65455,1.655,3.20,0.90
2007.12.27 09:00:12.198,1.65455,1.655,3.20,0.90
2007.12.27 09:00:12.411,1.65455,1.655,3.20,0.90
2007.12.27 09:00:12.660,1.65455,1.655,3.20,0.90
2007.12.27 09:00:12.873,1.6545,1.655,4.40,0.90
2007.12.27 09:00:13.086,1.6545,1.655,4.40,0.90
2007.12.27 09:00:13.562,1.65455,1.655,3.20,0.90
2007.12.27 09:00:13.810,1.6546,1.65515,2.00,3.20
2007.12.27 09:00:14.059,1.65465,1.65515,3.20,0.20
2007.12.27 09:00:14.307,1.65465,1.6552,3.20,0.90
2007.12.27 09:00:14.520,1.6547,1.6552,3.20,0.90
2007.12.27 09:00:14.733,1.6547,1.6552,3.20,0.90
2007.12.27 09:00:14.946,1.65475,1.6552,3.20,0.90
2007.12.27 09:00:15.159,1.65475,1.65515,3.20,0.20
2007.12.27 09:00:15.386,1.65475,1.6551,3.20,0.20
2007.12.27 09:00:15.610,1.65475,1.6551,3.20,0.20
2007.12.27 09:00:15.848,1.6547,1.6551,3.20,0.90
2007.12.27 09:00:16.099,1.6547,1.655,3.20,0.20
2007.12.27 09:00:16.337,1.6547,1.655,3.20,0.90
2007.12.27 09:00:16.590,1.65465,1.655,3.20,0.90
2007.12.27 09:00:16.926,1.65465,1.655,3.20,0.80
2007.12.27 09:00:17.171,1.6547,1.6551,3.20,0.90
2007.12.27 09:00:17.655,1.6547,1.6551,3.20,0.80
2007.12.27 09:00:17.853,1.6547,1.65515,3.20,0.20
2007.12.27 09:00:18.237,1.6547,1.6551,3.20,0.80
2007.12.27 09:00:18.435,1.6547,1.6551,3.20,0.80
2007.12.27 09:00:18.642,1.6547,1.6551,3.20,0.80
2007.12.27 09:00:18.836,1.6547,1.65515,3.20,0.20
2007.12.27 09:00:19.110,1.6547,1.6551,3.20,0.20
2007.12.27 09:00:19.304,1.6547,1.6551,3.20,0.90
2007.12.27 09:00:19.632,1.6547,1.6551,3.20,0.80
2007.12.27 09:00:19.839,1.65485,1.65535,3.20,0.20
2007.12.27 09:00:20.047,1.65485,1.65535,3.20,0.20
2007.12.27 09:00:20.255,1.65485,1.65525,3.20,0.20
2007.12.27 09:00:20.462,1.65485,1.65525,3.20,0.20
2007.12.27 09:00:20.769,1.65485,1.65525,3.20,0.20
2007.12.27 09:00:21.078,1.65485,1.65525,3.20,0.20
2007.12.27 09:00:21.387,1.65485,1.6551,3.20,0.80
2007.12.27 09:00:21.634,1.65485,1.6552,3.20,0.80
2007.12.27 09:00:21.882,1.6547,1.65525,6.40,0.20
2007.12.27 09:00:22.130,1.6548,1.65525,3.20,0.20
2007.12.27 09:00:22.378,1.6548,1.6552,3.20,0.90
2007.12.27 09:00:22.838,1.65475,1.6552,3.20,0.90
2007.12.27 09:00:24.283,1.65475,1.6552,3.20,0.80
2007.12.27 09:00:24.293,1.6547,1.6552,6.40,0.80
2007.12.27 09:00:24.345,1.6548,1.6553,5.20,0.90
2007.12.27 09:00:24.418,1.65485,1.65525,0.70,0.20
2007.12.27 09:00:24.601,1.6548,1.65525,1.30,0.20
2007.12.27 09:00:26.082,1.6548,1.6553,0.60,0.80
2007.12.27 09:00:26.415,1.6549,1.65535,0.60,3.20
2007.12.27 09:00:26.587,1.6549,1.65545,0.50,0.20
2007.12.27 09:00:26.759,1.6549,1.6553,1.80,0.90
2007.12.27 09:00:26.944,1.6549,1.6553,1.40,0.90
2007.12.27 09:00:27.117,1.6549,1.6553,1.50,0.90
2007.12.27 09:00:27.503,1.6548,1.6553,7.60,0.90
2007.12.27 09:00:27.835,1.6549,1.6553,5.20,0.90
2007.12.27 09:00:28.168,1.65485,1.6553,5.20,0.90
2007.12.27 09:00:28.501,1.6548,1.6552,5.20,0.20
2007.12.27 09:00:28.723,1.6547,1.6552,7.20,0.20
2007.12.27 09:00:28.947,1.65475,1.6552,1.00,0.20
2007.12.27 09:00:29.170,1.65465,1.6551,7.20,0.20
2007.12.27 09:00:29.393,1.6547,1.6551,1.60,0.80
2007.12.27 09:00:29.681,1.6547,1.6552,6.40,0.90
2007.12.27 09:00:30.954,1.65475,1.6552,1.80,0.80
2007.12.27 09:00:31.106,1.6548,1.6553,5.20,0.80
2007.12.27 09:00:31.261,1.65485,1.65535,5.20,0.20
2007.12.27 09:00:31.414,1.65485,1.65535,5.20,0.20
2007.12.27 09:00:31.746,1.6549,1.65535,1.00,0.20
2007.12.27 09:00:32.158,1.65485,1.65535,5.20,0.20
2007.12.27 09:00:32.940,1.6549,1.6554,0.50,0.80
2007.12.27 09:00:33.148,1.655,1.65545,1.20,0.20
2007.12.27 09:00:37.277,1.655,1.6554,1.40,0.20
2007.12.27 09:00:37.549,1.6549,1.6554,7.60,0.90
2007.12.27 09:00:42.465,1.6549,1.6554,7.60,0.80
2007.12.27 09:00:42.668,1.655,1.6555,3.50,0.90
2007.12.27 09:00:42.872,1.655,1.6555,6.40,0.90
2007.12.27 09:00:43.054,1.65505,1.6555,1.60,0.80
2007.12.27 09:00:43.237,1.655,1.6556,7.20,0.90
2007.12.27 09:00:43.419,1.655,1.6556,12.00,0.90
2007.12.27 09:00:43.605,1.65515,1.6556,1.10,0.80
2007.12.27 09:00:43.788,1.65515,1.6556,0.80,0.80
2007.12.27 09:00:43.996,1.6551,1.65565,14.80,0.20
2007.12.27 09:00:44.245,1.6551,1.65565,16.00,0.20
2007.12.27 09:00:44.453,1.6552,1.65565,0.70,0.20
2007.12.27 09:00:44.661,1.6552,1.6557,2.00,0.90
2007.12.27 09:00:44.967,1.6551,1.6557,16.00,0.90
2007.12.27 09:00:45.286,1.6553,1.6556,1.50,0.20
2007.12.27 09:00:45.604,1.65515,1.6556,1.30,0.20
2007.12.27 09:00:45.963,1.6551,1.6556,4.40,0.20
2007.12.27 09:00:46.177,1.65515,1.6556,1.80,0.90
2007.12.27 09:00:46.389,1.655,1.6556,12.00,0.90
2007.12.27 09:00:49.169,1.6551,1.6556,4.40,0.90
2007.12.27 09:00:49.328,1.65515,1.6556,1.80,0.90
2007.12.27 09:01:04.669,1.65515,1.6556,3.20,0.90
2007.12.27 09:01:04.827,1.65515,1.6556,3.20,0.80
2007.12.27 09:01:04.970,1.65515,1.6557,3.20,0.90
2007.12.27 09:01:05.113,1.65525,1.6557,3.20,0.90
2007.12.27 09:01:05.285,1.65525,1.6557,3.20,0.90
2007.12.27 09:01:05.600,1.65525,1.6556,3.20,0.20
2007.12.27 09:01:05.934,1.65525,1.6556,3.20,0.90
2007.12.27 09:01:06.266,1.65515,1.6556,3.20,0.90
2007.12.27 09:01:08.115,1.65515,1.6556,3.20,0.80
2007.12.27 09:01:08.289,1.65525,1.6557,3.20,0.90
2007.12.27 09:01:08.462,1.65525,1.6557,3.20,0.90
2007.12.27 09:01:08.742,1.65525,1.6557,3.20,0.90
2007.12.27 09:01:12.042,1.65525,1.65565,3.20,0.20
2007.12.27 09:01:12.240,1.6552,1.65565,3.20,0.20
2007.12.27 09:01:12.597,1.6552,1.65565,3.20,0.20
2007.12.27 09:01:14.660,1.6552,1.6557,3.20,0.90
2007.12.27 09:01:14.878,1.6552,1.6557,3.20,0.90
2007.12.27 09:01:15.112,1.65525,1.6557,3.20,0.90
2007.12.27 09:01:19.439,1.65525,1.6557,3.20,0.90
2007.12.27 09:01:20.722,1.6553,1.6557,3.20,0.90
2007.12.27 09:01:21.072,1.6553,1.6557,3.20,0.90
2007.12.27 09:01:21.497,1.6553,1.6557,3.20,0.80
2007.12.27 09:01:21.705,1.65535,1.6557,3.20,0.80
2007.12.27 09:01:21.913,1.65535,1.6558,3.20,0.90
2007.12.27 09:01:22.192,1.65535,1.6558,3.20,0.90
2007.12.27 09:01:22.650,1.65535,1.65565,3.20,0.20
2007.12.27 09:01:22.842,1.65535,1.65565,3.20,0.20
2007.12.27 09:01:23.019,1.65535,1.65565,3.20,0.20
2007.12.27 09:01:23.256,1.65525,1.6557,3.20,0.90
2007.12.27 09:01:24.196,1.65525,1.6557,3.20,0.20
2007.12.27 09:01:24.389,1.65525,1.6557,3.20,0.20
2007.12.27 09:01:24.681,1.65525,1.6557,3.20,0.20
2007.12.27 09:01:24.875,1.65525,1.6557,3.20,0.90
2007.12.27 09:01:26.173,1.65525,1.6557,3.20,0.20
2007.12.27 09:01:26.382,1.65525,1.6557,3.20,0.90
2007.12.27 09:01:26.590,1.65525,1.6557,3.20,0.80
2007.12.27 09:01:26.797,1.65525,1.6557,3.20,0.80
2007.12.27 09:01:27.005,1.6553,1.6557,3.20,0.20
2007.12.27 09:01:27.273,1.6553,1.6558,3.20,0.90
2007.12.27 09:01:27.399,1.6552,1.6558,12.00,0.90
2007.12.27 09:01:27.541,1.6552,1.6557,7.20,0.20
2007.12.27 09:01:27.809,1.6553,1.6558,5.20,0.90
2007.12.27 09:01:28.086,1.6553,1.6558,0.80,0.90
2007.12.27 09:01:28.339,1.65535,1.6558,0.90,0.90
2007.12.27 09:01:37.579,1.6553,1.65565,5.20,0.20
2007.12.27 09:01:37.772,1.65515,1.65565,8.00,0.20
2007.12.27 09:01:38.025,1.65515,1.65565,1.80,0.20
2007.12.27 09:01:38.219,1.65515,1.65565,0.70,0.20
2007.12.27 09:01:38.411,1.65515,1.6556,1.00,2.00
2007.12.27 09:01:38.619,1.6551,1.65555,4.40,0.20
2007.12.27 09:01:38.826,1.65505,1.65555,4.40,0.20
2007.12.27 09:01:39.035,1.65505,1.65555,4.40,0.20
2007.12.27 09:01:39.242,1.655,1.65555,14.40,0.20
2007.12.27 09:01:39.719,1.65505,1.65555,4.40,0.20
2007.12.27 09:01:41.265,1.65505,1.65555,5.20,0.20
2007.12.27 09:01:44.632,1.65505,1.6554,5.20,0.20
2007.12.27 09:01:44.824,1.655,1.6554,6.40,0.90
2007.12.27 09:01:45.017,1.65495,1.6554,6.40,0.90
2007.12.27 09:01:45.574,1.655,1.6553,1.50,0.20
2007.12.27 09:01:45.857,1.655,1.6553,1.30,0.90
2007.12.27 09:01:46.140,1.655,1.6553,1.10,0.80
2007.12.27 09:01:46.423,1.6553,1.6557,2.00,0.90
2007.12.27 09:01:46.705,1.6553,1.6559,8.40,4.10
2007.12.27 09:01:46.878,1.6555,1.6559,1.20,0.90
2007.12.27 09:01:47.051,1.6554,1.6558,5.20,0.20
2007.12.27 09:01:47.224,1.6554,1.6558,6.40,0.90
2007.12.27 09:01:47.397,1.6553,1.6558,10.00,0.90
2007.12.27 09:01:48.578,1.6553,1.6558,10.00,0.80
2007.12.27 09:01:48.762,1.6554,1.6558,7.60,0.80
2007.12.27 09:01:48.959,1.6554,1.6559,7.60,0.90
2007.12.27 09:01:49.157,1.6554,1.6559,7.60,0.90
2007.12.27 09:01:50.966,1.6555,1.65585,2.40,0.20
2007.12.27 09:01:51.294,1.6555,1.65585,1.50,0.20
2007.12.27 09:01:51.503,1.6554,1.65585,6.40,0.20
2007.12.27 09:01:57.619,1.65545,1.6559,3.20,0.80
2007.12.27 09:01:57.852,1.6555,1.65595,5.20,0.20
2007.12.27 09:01:58.085,1.6555,1.65595,5.20,0.20
2007.12.27 09:01:58.569,1.6555,1.65585,5.20,0.20
2007.12.27 09:01:58.726,1.65545,1.65585,3.20,0.20
2007.12.27 09:01:58.883,1.65545,1.65585,3.20,0.20
2007.12.27 09:01:59.146,1.65545,1.6559,3.20,0.80
2007.12.27 09:01:59.409,1.6555,1.65595,5.20,0.20
2007.12.27 09:01:59.672,1.6555,1.65595,5.20,0.20
2007.12.27 09:01:59.934,1.6555,1.6559,2.00,0.90
2007.12.27 09:02:00.173,1.6555,1.6558,5.20,0.20
2007.12.27 09:02:00.411,1.6555,1.6558,3.20,0.90
2007.12.27 09:02:00.648,1.6555,1.6558,3.20,0.80
2007.12.27 09:02:00.967,1.6554,1.6558,5.20,0.80
2007.12.27 09:02:01.239,1.6554,1.6558,5.20,0.80
2007.12.27 09:02:01.512,1.6555,1.6559,2.00,0.90
2007.12.27 09:02:02.005,1.6555,1.6559,5.20,0.90
2007.12.27 09:02:02.233,1.6555,1.6559,5.20,0.90
2007.12.27 09:02:02.603,1.6555,1.65585,5.20,0.20
2007.12.27 09:02:02.831,1.6555,1.65585,3.20,0.20
2007.12.27 09:02:03.059,1.65545,1.65585,3.20,0.20
2007.12.27 09:02:09.489,1.6554,1.65585,6.40,0.20
2007.12.27 09:02:14.625,1.6554,1.6559,6.40,0.80
2007.12.27 09:02:14.803,1.65545,1.656,5.20,0.90
2007.12.27 09:02:15.008,1.6556,1.656,0.60,0.90
2007.12.27 09:02:15.187,1.6555,1.6559,6.40,0.90
2007.12.27 09:02:15.365,1.6556,1.6559,1.40,0.90
2007.12.27 09:02:15.698,1.6556,1.6559,1.50,0.80
2007.12.27 09:02:16.022,1.65545,1.65595,5.20,0.20
2007.12.27 09:02:16.364,1.65555,1.6559,0.70,0.90
2007.12.27 09:02:16.742,1.6554,1.6559,6.40,0.90
2007.12.27 09:02:18.056,1.6554,1.6559,6.40,0.80
2007.12.27 09:02:18.296,1.6556,1.656,0.90,0.90
2007.12.27 09:02:18.533,1.6556,1.656,1.20,0.90
2007.12.27 09:02:18.731,1.6556,1.656,2.40,0.90
2007.12.27 09:02:19.923,1.6555,1.656,7.60,0.90
2007.12.27 09:02:25.636,1.6555,1.656,7.60,0.80
2007.12.27 09:02:25.812,1.6558,1.65615,0.50,0.20
2007.12.27 09:02:25.998,1.65575,1.65615,1.40,0.20
2007.12.27 09:02:26.211,1.65575,1.65615,0.60,0.20
2007.12.27 09:02:26.384,1.65575,1.65605,0.90,0.20
2007.12.27 09:02:26.557,1.6557,1.65605,1.80,0.20
2007.12.27 09:02:26.729,1.6555,1.65605,11.20,0.20
2007.12.27 09:02:28.129,1.6555,1.6561,11.20,0.80
2007.12.27 09:02:28.376,1.6555,1.65615,7.20,0.20
2007.12.27 09:02:28.509,1.65565,1.65615,0.70,0.20
2007.12.27 09:02:28.946,1.6556,1.65615,4.40,0.20
2007.12.27 09:02:29.209,1.6556,1.6561,4.40,0.90
2007.12.27 09:02:29.472,1.6557,1.6561,1.60,0.90
2007.12.27 09:02:30.303,1.6556,1.6561,4.40,0.90
2007.12.27 09:02:30.915,1.65565,1.6561,0.50,0.90
2007.12.27 09:02:32.998,1.65565,1.6561,1.20,0.80
2007.12.27 09:02:33.195,1.6556,1.6561,4.40,0.80
2007.12.27 09:02:33.394,1.6556,1.6562,6.40,0.90
2007.12.27 09:02:33.645,1.6556,1.6561,6.40,0.20
2007.12.27 09:02:33.842,1.6556,1.6561,4.40,0.90
2007.12.27 09:02:34.116,1.6556,1.6561,4.40,0.90
2007.12.27 09:02:34.389,1.65565,1.6561,1.80,0.90
2007.12.27 09:02:35.494,1.6556,1.6561,4.40,0.90
2007.12.27 09:02:35.708,1.6556,1.65615,4.40,0.20
2007.12.27 09:02:36.211,1.6556,1.65615,4.40,0.20
2007.12.27 09:02:37.546,1.65565,1.6562,3.20,1.10
2007.12.27 09:02:38.975,1.6557,1.6562,3.20,1.10
2007.12.27 09:02:40.698,1.6557,1.6561,3.20,0.20
2007.12.27 09:02:40.891,1.6557,1.65615,3.20,1.10
2007.12.27 09:02:41.217,1.6557,1.65615,3.20,1.10
2007.12.27 09:02:41.429,1.6557,1.6561,3.20,0.90
2007.12.27 09:02:41.642,1.65565,1.6561,3.20,0.90
2007.12.27 09:02:44.623,1.65565,1.6559,3.20,0.20
2007.12.27 09:02:44.816,1.65565,1.6559,3.20,0.20
2007.12.27 09:02:45.009,1.6556,1.6559,1.20,0.90
2007.12.27 09:02:45.202,1.6556,1.656,1.20,4.10
2007.12.27 09:02:45.396,1.6556,1.656,1.20,0.90
2007.12.27 09:02:45.602,1.6556,1.65605,1.20,1.10
2007.12.27 09:02:45.810,1.6555,1.6559,6.40,0.90
2007.12.27 09:02:46.022,1.6555,1.65595,6.40,1.10
2007.12.27 09:02:54.231,1.6555,1.65595,6.40,1.10
2007.12.27 09:02:59.260,1.6555,1.6559,4.40,0.90
2007.12.27 09:02:59.368,1.6554,1.6559,3.20,0.90
2007.12.27 09:02:59.523,1.65545,1.6559,3.20,0.90
2007.12.27 09:02:59.688,1.65545,1.65575,3.20,0.40
2007.12.27 09:02:59.891,1.65545,1.6557,3.20,0.90
2007.12.27 09:03:00.081,1.6553,1.6557,4.40,0.90
2007.12.27 09:03:00.267,1.6553,1.6557,4.40,0.90
2007.12.27 09:03:00.959,1.6553,1.6557,4.40,0.90
2007.12.27 09:03:15.035,1.6553,1.6558,4.40,4.10
2007.12.27 09:03:15.190,1.6553,1.6558,4.40,4.10
2007.12.27 09:03:15.333,1.65535,1.6558,3.20,4.10
2007.12.27 09:03:15.741,1.65535,1.6558,3.20,4.10
2007.12.27 09:03:15.884,1.65535,1.65585,3.20,1.10
2007.12.27 09:03:16.257,1.65535,1.65585,3.20,1.10
2007.12.27 09:03:16.530,1.6554,1.6558,3.20,0.90
2007.12.27 09:03:18.571,1.6554,1.65575,3.20,0.40
2007.12.27 09:03:18.785,1.6554,1.65575,3.20,0.40
2007.12.27 09:03:18.973,1.6554,1.6557,3.20,0.90
2007.12.27 09:03:19.141,1.6553,1.65575,4.40,1.10
2007.12.27 09:03:19.309,1.6553,1.65575,4.40,1.10
2007.12.27 09:03:26.183,1.6553,1.6557,3.20,0.90
2007.12.27 09:03:26.432,1.6553,1.6557,3.20,0.90
2007.12.27 09:03:30.648,1.6553,1.6557,3.20,0.90
2007.12.27 09:03:34.503,1.65525,1.6557,3.20,0.90
2007.12.27 09:03:36.015,1.65525,1.6557,3.20,0.80
2007.12.27 09:03:36.153,1.65525,1.6558,3.20,0.90
2007.12.27 09:03:36.292,1.6553,1.6558,1.20,0.90
2007.12.27 09:03:36.512,1.6553,1.6558,4.40,0.90
2007.12.27 09:03:37.227,1.65535,1.6558,3.20,0.90
2007.12.27 09:03:37.982,1.65535,1.6557,3.20,0.20
2007.12.27 09:03:38.186,1.65535,1.6557,3.20,0.90
2007.12.27 09:03:38.389,1.65525,1.65565,3.20,0.20
2007.12.27 09:03:38.567,1.65525,1.65565,3.20,0.20
2007.12.27 09:03:38.744,1.6552,1.65565,4.40,0.20
2007.12.27 09:03:42.123,1.6552,1.65565,4.40,0.20
2007.12.27 09:03:42.252,1.6552,1.65565,3.20,0.20
2007.12.27 09:03:45.566,1.6552,1.6557,3.20,0.90
2007.12.27 09:03:46.003,1.65525,1.6557,3.20,0.90
2007.12.27 09:03:46.226,1.65525,1.6557,3.20,0.90
2007.12.27 09:03:46.449,1.65525,1.6557,3.20,0.90
2007.12.27 09:03:46.706,1.65525,1.6557,3.20,0.90
2007.12.27 09:04:02.569,1.65525,1.6555,3.20,0.20
2007.12.27 09:04:02.757,1.65525,1.6555,3.20,0.20
2007.12.27 09:04:03.017,1.6551,1.6555,7.20,0.20
2007.12.27 09:04:03.231,1.6551,1.6555,6.40,0.90
2007.12.27 09:04:03.446,1.6551,1.6555,3.20,0.90
2007.12.27 09:04:04.143,1.6551,1.6555,4.40,0.90
2007.12.27 09:04:04.488,1.6551,1.6555,4.40,0.90
2007.12.27 09:04:05.004,1.6551,1.6555,1.20,0.90
2007.12.27 09:04:05.957,1.65505,1.6555,3.20,0.90
2007.12.27 09:04:06.260,1.65505,1.6555,3.20,0.90
2007.12.27 09:04:10.776,1.65505,1.6555,3.20,0.80
2007.12.27 09:04:10.936,1.65505,1.6556,3.20,0.90
2007.12.27 09:04:11.054,1.6549,1.6555,9.20,3.20
2007.12.27 09:04:11.253,1.6549,1.6555,4.40,3.20
2007.12.27 09:04:11.873,1.6549,1.6555,3.20,3.20
2007.12.27 09:04:12.071,1.65485,1.65545,3.20,3.20
2007.12.27 09:04:12.248,1.65485,1.65545,3.20,3.20
2007.12.27 09:04:12.426,1.65485,1.65545,3.20,3.20
2007.12.27 09:04:16.134,1.65485,1.65545,3.20,3.20
2007.12.27 09:04:16.296,1.65485,1.6553,3.20,0.20
2007.12.27 09:04:16.534,1.6549,1.6553,3.20,0.90
2007.12.27 09:04:16.771,1.65485,1.65525,3.20,0.20
2007.12.27 09:04:17.009,1.6548,1.65525,4.40,0.20
2007.12.27 09:04:18.227,1.6548,1.65525,4.40,0.20
2007.12.27 09:04:18.576,1.6548,1.6553,4.40,0.90
2007.12.27 09:04:18.714,1.6548,1.6553,6.40,0.90
2007.12.27 09:04:18.754,1.6547,1.6553,7.60,0.90
2007.12.27 09:04:19.003,1.6548,1.6553,6.40,0.90
2007.12.27 09:04:20.641,1.6548,1.65525,6.40,0.20
2007.12.27 09:04:20.827,1.6547,1.65525,4.40,0.20
2007.12.27 09:04:20.987,1.6547,1.65525,4.40,0.20
2007.12.27 09:04:21.159,1.6546,1.65525,12.00,0.20
2007.12.27 09:04:21.332,1.6546,1.65525,12.00,0.20
2007.12.27 09:04:21.505,1.65485,1.65525,1.90,0.20
2007.12.27 09:04:38.471,1.6548,1.65525,2.40,0.20
2007.12.27 09:04:38.904,1.6546,1.6553,12.00,0.80
2007.12.27 09:04:39.052,1.65485,1.65545,1.50,3.20
2007.12.27 09:04:39.315,1.6548,1.65525,4.40,0.20
2007.12.27 09:04:39.532,1.65485,1.65525,0.80,0.20
2007.12.27 09:04:39.750,1.6547,1.65525,9.20,0.20
2007.12.27 09:04:41.181,1.6548,1.65525,0.70,0.20
2007.12.27 09:04:41.368,1.6547,1.65525,4.40,0.20
2007.12.27 09:04:50.646,1.6548,1.6553,3.20,0.80
2007.12.27 09:04:50.799,1.6548,1.6553,3.20,3.20
2007.12.27 09:04:51.016,1.6548,1.6553,3.20,3.20
2007.12.27 09:04:51.536,1.6548,1.6553,3.20,3.20
2007.12.27 09:04:51.808,1.6549,1.65525,3.20,0.20
2007.12.27 09:04:52.100,1.6549,1.65525,3.20,0.20
2007.12.27 09:04:52.373,1.6549,1.65525,3.20,0.20
2007.12.27 09:04:52.611,1.6548,1.65525,3.20,0.20
2007.12.27 09:04:52.848,1.6548,1.65525,3.20,0.20
2007.12.27 09:04:53.713,1.65485,1.65525,3.20,0.20
2007.12.27 09:04:54.383,1.65485,1.6553,3.20,0.90
2007.12.27 09:04:54.536,1.65485,1.6553,3.20,0.90
2007.12.27 09:04:54.689,1.65485,1.6553,3.20,0.90
2007.12.27 09:04:54.841,1.6549,1.6553,3.20,0.90
2007.12.27 09:04:54.993,1.6549,1.6553,3.20,0.90
2007.12.27 09:04:55.628,1.6549,1.6553,3.20,0.80
2007.12.27 09:04:55.871,1.6549,1.65525,3.20,0.20
2007.12.27 09:04:56.115,1.6549,1.6553,3.20,0.90
2007.12.27 09:04:56.358,1.6549,1.6553,3.20,0.90
2007.12.27 09:04:56.535,1.65485,1.65525,3.20,0.20
2007.12.27 09:04:56.727,1.65485,1.65525,3.20,0.20
2007.12.27 09:04:56.906,1.65475,1.65525,3.20,0.20
2007.12.27 09:04:57.246,1.6548,1.65525,3.20,0.20
2007.12.27 09:04:57.750,1.65475,1.65525,3.20,0.20
2007.12.27 09:04:58.264,1.6548,1.65525,3.20,0.20
2007.12.27 09:05:02.055,1.6548,1.65515,3.20,0.20
2007.12.27 09:05:02.268,1.6548,1.65515,3.20,0.20
2007.12.27 09:05:02.526,1.6548,1.65515,3.20,0.20
2007.12.27 09:05:02.755,1.6548,1.6551,3.20,0.90
2007.12.27 09:05:03.091,1.6548,1.6551,3.20,0.90
2007.12.27 09:05:03.348,1.65475,1.6551,3.20,0.90
2007.12.27 09:05:03.606,1.6547,1.6551,3.20,0.90
2007.12.27 09:05:05.383,1.6547,1.6551,3.20,0.80
2007.12.27 09:05:05.586,1.6547,1.6551,3.20,0.90
2007.12.27 09:05:09.708,1.6547,1.6551,3.20,0.90
2007.12.27 09:05:09.878,1.6545,1.6551,12.00,0.90
2007.12.27 09:05:09.966,1.6545,1.6551,12.00,0.90
2007.12.27 09:05:10.154,1.6545,1.655,12.00,0.20
2007.12.27 09:05:10.341,1.6547,1.655,1.00,0.90
2007.12.27 09:05:10.530,1.6545,1.655,9.20,0.80
2007.12.27 09:05:10.717,1.6546,1.6551,6.40,0.80
2007.12.27 09:05:11.026,1.65465,1.6551,3.20,0.20
2007.12.27 09:05:11.341,1.65465,1.6551,3.20,0.90
2007.12.27 09:05:11.649,1.6546,1.6551,1.20,0.90
2007.12.27 09:05:11.957,1.65465,1.6551,3.20,0.90
2007.12.27 09:05:12.190,1.65465,1.6551,3.20,0.80
2007.12.27 09:05:12.423,1.6547,1.6552,1.20,0.90
2007.12.27 09:05:12.656,1.6547,1.6551,1.20,0.90
2007.12.27 09:05:12.889,1.6548,1.6551,3.20,0.90
2007.12.27 09:05:13.192,1.6547,1.6551,3.20,0.90
2007.12.27 09:05:14.263,1.65475,1.6551,3.20,0.90
2007.12.27 09:05:14.629,1.65475,1.65505,3.20,0.20
2007.12.27 09:05:14.837,1.65475,1.65505,3.20,0.20
2007.12.27 09:05:15.044,1.65475,1.6551,3.20,0.90
2007.12.27 09:05:15.475,1.6547,1.6551,4.40,0.90
2007.12.27 09:05:15.678,1.65475,1.6552,3.20,0.90
2007.12.27 09:05:16.198,1.65475,1.6552,3.20,0.90
2007.12.27 09:05:19.740,1.65475,1.6552,3.20,0.90
2007.12.27 09:05:19.923,1.65475,1.6552,3.20,0.20
2007.12.27 09:05:20.106,1.65475,1.65525,3.20,0.20
2007.12.27 09:05:20.363,1.6548,1.65525,3.20,0.20
2007.12.27 09:05:20.621,1.6548,1.65515,3.20,0.20
2007.12.27 09:05:20.892,1.6547,1.65515,4.40,0.20
2007.12.27 09:05:21.193,1.65475,1.65515,3.20,0.20
2007.12.27 09:05:24.580,1.65475,1.6551,3.20,0.20
2007.12.27 09:05:24.758,1.65475,1.6551,3.20,0.90
2007.12.27 09:05:24.935,1.65475,1.6551,3.20,0.90
2007.12.27 09:05:25.113,1.6547,1.6552,6.40,0.90
2007.12.27 09:05:25.291,1.65475,1.6552,3.20,0.90
2007.12.27 09:05:25.524,1.65475,1.6552,3.20,0.80
2007.12.27 09:05:25.758,1.65485,1.6554,3.20,2.90
2007.12.27 09:05:25.990,1.65495,1.6554,3.20,0.90
2007.12.27 09:05:26.269,1.65495,1.6554,3.20,0.90
2007.12.27 09:05:26.673,1.65495,1.65535,3.20,0.20
2007.12.27 09:05:26.952,1.65495,1.65535,3.20,0.20
2007.12.27 09:05:27.501,1.65495,1.65525,3.20,0.20
2007.12.27 09:05:27.734,1.65485,1.65525,3.20,0.20
2007.12.27 09:05:30.921,1.65485,1.65525,3.20,0.20
2007.12.27 09:05:31.426,1.65485,1.6553,3.20,0.80
2007.12.27 09:05:31.603,1.6549,1.6553,2.00,0.80
2007.12.27 09:05:31.782,1.6549,1.65535,2.00,0.20
2007.12.27 09:05:31.959,1.6549,1.65535,5.20,0.20
2007.12.27 09:05:32.138,1.6549,1.65535,5.20,0.20
2007.12.27 09:05:37.454,1.6549,1.65525,5.20,0.20
2007.12.27 09:05:37.672,1.6549,1.65525,3.20,0.20
2007.12.27 09:05:37.889,1.65485,1.65525,3.20,0.20
2007.12.27 09:05:38.108,1.65485,1.65525,3.20,0.20
2007.12.27 09:05:40.555,1.65485,1.6553,3.20,0.90
2007.12.27 09:05:40.727,1.65485,1.6553,3.20,0.90
2007.12.27 09:05:40.900,1.65485,1.6553,3.20,0.90
2007.12.27 09:05:41.072,1.6549,1.6553,3.20,0.90
2007.12.27 09:05:41.246,1.6549,1.65525,3.20,0.20
2007.12.27 09:05:41.418,1.6549,1.65525,3.20,0.20
2007.12.27 09:05:41.656,1.6549,1.6553,5.20,0.80
2007.12.27 09:05:41.895,1.6549,1.65535,5.20,0.20
2007.12.27 09:05:42.133,1.6549,1.65535,5.20,0.20
2007.12.27 09:05:42.722,1.6549,1.65535,5.20,0.20
2007.12.27 09:05:43.055,1.6549,1.6554,5.20,0.90
2007.12.27 09:05:43.279,1.6549,1.6554,6.40,0.90
2007.12.27 09:05:48.041,1.6549,1.6553,6.40,0.20
2007.12.27 09:05:48.160,1.65485,1.6553,3.20,0.20
2007.12.27 09:05:48.277,1.65485,1.6553,3.20,0.90
2007.12.27 09:05:48.454,1.65485,1.6553,3.20,0.90
2007.12.27 09:05:53.961,1.65485,1.6553,3.20,0.80
2007.12.27 09:05:54.159,1.6549,1.6554,1.20,0.90
2007.12.27 09:05:54.367,1.6549,1.6554,4.40,0.90
2007.12.27 09:05:55.089,1.6549,1.6553,4.40,0.20
2007.12.27 09:05:55.232,1.6549,1.6553,1.20,0.90
2007.12.27 09:05:56.324,1.6549,1.6553,1.20,0.90
2007.12.27 09:05:56.658,1.6549,1.6553,1.20,0.80
2007.12.27 09:05:56.860,1.6549,1.6554,1.20,0.90
2007.12.27 09:05:57.464,1.6549,1.6554,4.40,0.90
2007.12.27 09:06:02.161,1.6549,1.6554,4.40,0.80
2007.12.27 09:06:02.545,1.65495,1.6554,3.20,0.80
2007.12.27 09:06:02.747,1.65495,1.6554,3.20,0.80
2007.12.27 09:06:02.909,1.65495,1.65545,3.20,0.20
2007.12.27 09:06:03.156,1.65495,1.65545,3.20,0.20
2007.12.27 09:06:03.995,1.655,1.65545,3.20,0.20
2007.12.27 09:06:04.182,1.655,1.6555,3.20,0.80
2007.12.27 09:06:04.370,1.655,1.65555,5.20,0.20
2007.12.27 09:06:04.558,1.6551,1.65555,3.20,0.20
2007.12.27 09:06:05.173,1.6551,1.65555,3.20,0.20
2007.12.27 09:06:05.376,1.6551,1.65555,3.20,0.20
2007.12.27 09:06:10.048,1.6551,1.6555,3.20,0.20
2007.12.27 09:06:10.256,1.6551,1.6555,3.20,0.90
2007.12.27 09:06:10.464,1.655,1.6555,6.40,0.90
2007.12.27 09:06:13.153,1.655,1.6555,6.40,0.80
2007.12.27 09:06:13.376,1.65515,1.6556,3.20,0.80
2007.12.27 09:06:13.612,1.65515,1.65555,3.20,0.20
2007.12.27 09:06:13.823,1.65515,1.65555,3.20,0.20
2007.12.27 09:06:14.046,1.65505,1.65555,3.20,0.20
2007.12.27 09:06:14.581,1.65505,1.65555,3.20,0.20
2007.12.27 09:06:22.182,1.65505,1.65555,3.20,0.20
2007.12.27 09:06:22.306,1.65505,1.6556,3.20,0.90
2007.12.27 09:06:22.536,1.6551,1.6556,3.20,0.90
2007.12.27 09:06:24.565,1.6551,1.65555,3.20,0.20
2007.12.27 09:06:24.720,1.6551,1.65555,3.20,0.20
2007.12.27 09:06:24.997,1.65505,1.65555,3.20,0.20
2007.12.27 09:06:25.050,1.65505,1.65555,3.20,0.20
2007.12.27 09:06:29.652,1.65505,1.65565,3.20,4.10
2007.12.27 09:06:29.799,1.65515,1.65565,3.20,1.00
2007.12.27 09:06:29.962,1.65515,1.6557,3.20,1.10
2007.12.27 09:06:30.137,1.65515,1.6557,3.20,1.10
2007.12.27 09:06:32.237,1.65515,1.65565,3.20,1.00
2007.12.27 09:06:32.365,1.65515,1.6556,3.20,0.80
2007.12.27 09:06:32.662,1.65515,1.65555,3.20,0.20
2007.12.27 09:06:33.008,1.65505,1.6556,3.20,1.10
2007.12.27 09:06:33.326,1.65505,1.65565,3.20,4.20
2007.12.27 09:06:33.630,1.6551,1.6556,3.20,0.90
2007.12.27 09:06:33.932,1.6551,1.65565,3.20,1.10
2007.12.27 09:06:36.608,1.6551,1.65565,3.20,1.00
2007.12.27 09:06:36.787,1.6551,1.65565,3.20,0.20
2007.12.27 09:06:36.964,1.6551,1.6557,5.20,4.30
2007.12.27 09:06:37.136,1.65515,1.65565,3.20,0.20
2007.12.27 09:06:42.715,1.6552,1.6557,3.20,1.10
2007.12.27 09:06:44.455,1.65525,1.6557,3.20,1.10
2007.12.27 09:06:47.098,1.65525,1.65565,0.50,0.20
2007.12.27 09:06:47.174,1.6551,1.6557,6.40,1.10
2007.12.27 09:06:47.312,1.65525,1.65565,0.90,0.20
2007.12.27 09:06:48.640,1.65525,1.65555,0.80,0.20
2007.12.27 09:06:48.833,1.65525,1.65555,0.60,0.20
2007.12.27 09:06:49.027,1.65515,1.65555,0.80,0.20
2007.12.27 09:06:49.219,1.655,1.65565,4.40,1.10
2007.12.27 09:06:49.498,1.6552,1.6556,0.50,0.90
2007.12.27 09:06:49.776,1.6552,1.6556,0.70,0.90
2007.12.27 09:06:50.096,1.6552,1.6556,0.70,0.90
2007.12.27 09:06:50.345,1.655,1.65565,5.20,0.40
2007.12.27 09:06:50.815,1.6552,1.6556,0.60,0.90
2007.12.27 09:06:51.062,1.655,1.65565,5.20,1.10
2007.12.27 09:06:51.357,1.6552,1.6556,0.60,0.90
2007.12.27 09:06:53.617,1.6552,1.6556,1.10,0.80
2007.12.27 09:06:53.787,1.6552,1.65565,1.30,0.20
2007.12.27 09:06:53.956,1.6551,1.65565,5.20,0.20
2007.12.27 09:06:57.685,1.6551,1.6556,5.20,0.20
2007.12.27 09:06:57.828,1.65525,1.6556,1.60,0.90
2007.12.27 09:06:57.998,1.6551,1.6556,5.20,0.90
2007.12.27 09:06:58.604,1.6551,1.65555,5.20,0.20
2007.12.27 09:06:58.893,1.655,1.65555,4.40,0.20
2007.12.27 09:06:59.181,1.65515,1.65555,0.90,0.20
2007.12.27 09:06:59.731,1.655,1.6556,4.40,0.90
2007.12.27 09:06:59.979,1.65515,1.6556,1.70,0.90
2007.12.27 09:07:00.308,1.6552,1.6556,0.60,0.90
2007.12.27 09:07:00.662,1.655,1.6556,5.20,0.80
2007.12.27 09:07:01.004,1.6552,1.6556,1.00,0.80
2007.12.27 09:07:01.202,1.6551,1.6556,4.40,0.80
2007.12.27 09:07:01.400,1.65525,1.65565,1.80,0.20
2007.12.27 09:07:03.063,1.6551,1.6557,6.40,0.80
2007.12.27 09:07:03.252,1.6551,1.6557,7.20,0.80
2007.12.27 09:07:03.410,1.65525,1.6557,1.40,0.80
2007.12.27 09:07:03.608,1.6551,1.6557,7.20,0.80
2007.12.27 09:07:03.800,1.65535,1.65575,0.80,0.20
2007.12.27 09:07:04.221,1.65535,1.65575,1.80,0.20
2007.12.27 09:07:04.413,1.6552,1.65575,7.20,0.20
2007.12.27 09:07:04.614,1.6552,1.6557,7.20,0.20
2007.12.27 09:07:04.901,1.65535,1.6557,1.70,0.90
2007.12.27 09:07:05.191,1.6552,1.6557,4.40,0.80
2007.12.27 09:07:05.479,1.65535,1.6557,1.40,0.80
2007.12.27 09:07:05.682,1.6552,1.6557,10.00,0.80
2007.12.27 09:07:05.887,1.6553,1.6557,5.20,0.90
2007.12.27 09:07:06.091,1.6552,1.6557,4.40,0.90
2007.12.27 09:07:06.294,1.6551,1.6557,6.40,0.90
2007.12.27 09:07:06.497,1.6553,1.6557,1.30,0.90
2007.12.27 09:07:06.815,1.6551,1.65565,4.40,0.20
2007.12.27 09:07:07.456,1.6551,1.65565,4.40,0.20
2007.12.27 09:07:08.054,1.6553,1.6557,1.20,0.90
2007.12.27 09:07:08.277,1.6553,1.6557,0.50,0.90
2007.12.27 09:07:08.499,1.6553,1.6557,1.20,0.90
2007.12.27 09:07:09.222,1.6551,1.6557,7.20,0.90
2007.12.27 09:07:11.074,1.6553,1.65565,0.50,0.20
2007.12.27 09:07:11.222,1.6553,1.65565,0.60,0.20
2007.12.27 09:07:11.398,1.6551,1.65565,6.40,0.20
2007.12.27 09:07:13.647,1.6551,1.6557,6.40,0.90
2007.12.27 09:07:13.769,1.65525,1.6557,1.40,0.90
2007.12.27 09:07:13.885,1.6551,1.6557,7.20,0.90
2007.12.27 09:07:14.204,1.6553,1.65575,1.70,0.20
2007.12.27 09:07:14.521,1.65535,1.65575,1.40,0.20
2007.12.27 09:07:15.212,1.65535,1.6558,1.10,0.80
2007.12.27 09:07:15.444,1.6554,1.65595,1.00,3.30
2007.12.27 09:07:15.662,1.6554,1.65595,5.20,0.20
2007.12.27 09:07:16.157,1.65555,1.65595,3.20,0.20
2007.12.27 09:07:16.430,1.65555,1.65595,3.20,0.20
2007.12.27 09:07:16.703,1.65555,1.6559,3.20,0.20
2007.12.27 09:07:16.976,1.6555,1.6559,3.20,0.90
2007.12.27 09:07:19.149,1.6555,1.6559,3.20,0.80
2007.12.27 09:07:19.347,1.6555,1.65595,5.20,0.20
2007.12.27 09:07:19.545,1.65555,1.65595,3.20,0.20
2007.12.27 09:07:20.226,1.65555,1.65595,3.20,0.20
2007.12.27 09:07:22.053,1.65555,1.656,3.20,0.80
2007.12.27 09:07:22.226,1.6556,1.656,3.20,0.80
2007.12.27 09:07:22.454,1.6556,1.65605,3.20,0.20
2007.12.27 09:07:22.683,1.6556,1.656,5.20,0.20
2007.12.27 09:07:22.923,1.6556,1.656,3.20,0.90
2007.12.27 09:07:23.240,1.65555,1.656,3.20,0.90
2007.12.27 09:07:23.621,1.65555,1.65595,3.20,0.20
2007.12.27 09:07:23.898,1.65555,1.65595,3.20,0.20
2007.12.27 09:07:24.175,1.65555,1.65595,3.20,0.20
2007.12.27 09:07:24.452,1.65555,1.65595,3.20,0.20
2007.12.27 09:07:24.675,1.65555,1.656,3.20,2.80
2007.12.27 09:07:24.898,1.6556,1.65605,2.00,0.20
2007.12.27 09:07:25.121,1.6556,1.65605,5.20,0.20
2007.12.27 09:07:25.344,1.6556,1.65605,5.20,0.20
2007.12.27 09:07:25.677,1.6556,1.65595,5.20,0.20
2007.12.27 09:07:25.925,1.6556,1.65595,3.20,0.20
2007.12.27 09:07:26.173,1.65555,1.65595,3.20,0.20
2007.12.27 09:07:26.459,1.65555,1.65595,3.20,0.20
2007.12.27 09:07:26.697,1.65555,1.656,3.20,0.90
2007.12.27 09:07:28.585,1.65555,1.656,3.20,0.80
2007.12.27 09:07:28.758,1.6556,1.65605,2.00,0.20
2007.12.27 09:07:28.944,1.6556,1.65605,5.20,0.20
2007.12.27 09:07:29.122,1.6556,1.65605,5.20,0.20
2007.12.27 09:07:29.295,1.6556,1.65605,5.20,0.20
2007.12.27 09:07:30.669,1.6556,1.656,5.20,0.20
2007.12.27 09:07:30.797,1.6556,1.656,3.20,0.90
2007.12.27 09:07:31.016,1.6556,1.656,3.20,0.90
2007.12.27 09:07:31.527,1.65555,1.656,3.20,0.90
2007.12.27 09:07:34.468,1.6558,1.656,0.80,0.90
2007.12.27 09:07:35.960,1.6558,1.65595,0.80,0.20
2007.12.27 09:07:36.208,1.6558,1.65595,0.80,0.20
2007.12.27 09:07:36.804,1.6558,1.65595,0.80,0.20
2007.12.27 09:07:37.617,1.6558,1.656,0.80,2.90
2007.12.27 09:07:37.784,1.6558,1.656,0.80,0.90
2007.12.27 09:07:39.167,1.6558,1.656,0.80,0.80
2007.12.27 09:07:39.370,1.6558,1.65605,0.80,0.20
2007.12.27 09:07:39.573,1.6558,1.65605,0.80,0.20
2007.12.27 09:07:40.217,1.6558,1.656,0.80,0.20
2007.12.27 09:07:40.419,1.6558,1.656,0.80,0.90
2007.12.27 09:07:40.625,1.6558,1.65595,0.80,0.20
2007.12.27 09:07:40.901,1.6558,1.65595,0.80,0.20
2007.12.27 09:07:41.163,1.6558,1.65595,0.80,0.20
2007.12.27 09:07:41.426,1.6558,1.65595,0.80,0.20
2007.12.27 09:07:41.689,1.6558,1.656,0.80,0.80
2007.12.27 09:07:41.892,1.6558,1.656,0.80,0.80
2007.12.27 09:07:42.096,1.6558,1.656,0.80,0.80
2007.12.27 09:07:42.217,1.6558,1.65605,0.80,1.00
2007.12.27 09:07:42.299,1.6558,1.6561,0.80,1.10
2007.12.27 09:07:42.594,1.6558,1.65605,0.80,0.40
2007.12.27 09:07:42.797,1.6558,1.65605,0.80,0.40
2007.12.27 09:07:43.075,1.6558,1.656,0.80,0.20
2007.12.27 09:07:43.353,1.6558,1.65585,0.80,0.20
2007.12.27 09:07:43.631,1.6558,1.65585,0.80,0.20
2007.12.27 09:07:43.909,1.6558,1.65585,0.80,0.20
2007.12.27 09:07:44.156,1.6558,1.65585,0.80,0.20
2007.12.27 09:07:44.405,1.6558,1.65585,0.80,0.20
2007.12.27 09:07:44.653,1.6558,1.65595,0.80,1.10
2007.12.27 09:07:44.901,1.6558,1.65595,0.80,1.10
2007.12.27 09:07:45.129,1.6558,1.65585,0.80,0.20
2007.12.27 09:07:45.356,1.6558,1.65585,0.80,0.20
2007.12.27 09:07:45.585,1.6558,1.65585,0.80,0.20
2007.12.27 09:07:45.812,1.6558,1.65585,0.80,0.20
2007.12.27 09:07:46.151,1.6558,1.65585,0.80,0.20
2007.12.27 09:07:46.384,1.6558,1.65585,0.80,0.20
2007.12.27 09:07:47.040,1.6558,1.65585,0.80,0.20
2007.12.27 09:07:47.758,1.6558,1.65585,0.80,0.20
2007.12.27 09:07:48.112,1.6558,1.6559,0.80,3.30
2007.12.27 09:07:48.281,1.6558,1.65595,0.80,1.10
2007.12.27 09:07:48.448,1.6558,1.65595,0.80,1.10
2007.12.27 09:07:49.000,1.6558,1.65595,0.80,1.10
2007.12.27 09:07:49.269,1.6558,1.6559,0.80,1.10
2007.12.27 09:07:49.537,1.6558,1.6559,0.80,1.10
2007.12.27 09:07:49.805,1.6558,1.65585,0.80,0.20
2007.12.27 09:07:50.072,1.6558,1.65585,0.80,0.20
2007.12.27 09:07:50.350,1.6558,1.65585,0.80,0.20
2007.12.27 09:07:50.628,1.6558,1.6559,0.80,3.30
2007.12.27 09:07:50.906,1.6558,1.65595,0.80,1.10
2007.12.27 09:07:51.163,1.6558,1.6559,0.80,0.90
2007.12.27 09:07:51.618,1.6558,1.65585,0.80,0.20
2007.12.27 09:07:51.877,1.6558,1.65585,0.80,0.20
2007.12.27 09:07:57.033,1.6555,1.6558,3.20,0.20
2007.12.27 09:07:57.246,1.6555,1.6558,3.20,0.90
2007.12.27 09:07:57.475,1.6558,1.6559,0.80,0.90
2007.12.27 09:07:57.703,1.6558,1.65595,0.80,1.10
2007.12.27 09:07:58.689,1.6558,1.65595,0.80,1.00
2007.12.27 09:07:58.966,1.6558,1.65595,0.80,1.00
2007.12.27 09:07:59.228,1.6558,1.656,0.80,2.30
2007.12.27 09:07:59.254,1.6558,1.65595,0.80,0.20
2007.12.27 09:07:59.417,1.6558,1.65595,0.80,0.20
2007.12.27 09:08:02.727,1.6558,1.65585,0.80,0.20
2007.12.27 09:08:02.962,1.6558,1.65585,0.80,0.20
2007.12.27 09:08:03.194,1.6558,1.6559,0.80,0.90
2007.12.27 09:08:03.437,1.6558,1.6559,0.80,0.90
2007.12.27 09:08:03.681,1.6558,1.6559,0.80,0.90
2007.12.27 09:08:04.594,1.6558,1.65585,0.80,0.20
2007.12.27 09:08:04.847,1.6558,1.65585,0.80,0.20
2007.12.27 09:08:05.100,1.6558,1.65585,0.80,0.20
2007.12.27 09:08:08.641,1.6558,1.6559,0.80,0.90
2007.12.27 09:08:08.771,1.6558,1.6559,0.80,0.80
2007.12.27 09:08:08.899,1.6558,1.6559,0.80,0.80
2007.12.27 09:08:09.026,1.6556,1.65605,4.00,1.10
2007.12.27 09:08:09.499,1.6558,1.656,0.80,0.90
2007.12.27 09:08:10.026,1.6558,1.656,0.80,0.90
2007.12.27 09:08:10.513,1.6558,1.656,0.80,0.90
2007.12.27 09:08:10.687,1.6558,1.65585,0.80,0.20
2007.12.27 09:08:10.860,1.6558,1.65585,0.80,0.20
2007.12.27 09:08:11.033,1.6558,1.6559,0.80,0.90
2007.12.27 09:08:11.302,1.6558,1.6559,0.80,0.90
2007.12.27 09:08:11.600,1.6558,1.6559,0.80,0.90
2007.12.27 09:08:11.898,1.6558,1.65585,0.80,0.20
2007.12.27 09:08:12.210,1.6558,1.65585,0.80,0.20
2007.12.27 09:08:13.096,1.6558,1.6559,0.80,0.80
2007.12.27 09:08:13.305,1.6558,1.656,0.80,0.90
2007.12.27 09:08:13.462,1.6556,1.656,4.00,0.90
2007.12.27 09:08:15.187,1.6558,1.6559,0.80,0.20
2007.12.27 09:08:15.443,1.6558,1.6559,0.80,0.90
2007.12.27 09:08:15.666,1.6558,1.6559,0.80,0.90
2007.12.27 09:08:16.011,1.6558,1.65585,0.80,0.20
2007.12.27 09:08:16.233,1.6558,1.65585,0.80,0.20
2007.12.27 09:08:16.457,1.6558,1.65585,0.80,0.20
2007.12.27 09:08:16.704,1.6558,1.6559,0.80,0.90
2007.12.27 09:08:16.952,1.6558,1.6559,0.80,0.90
2007.12.27 09:08:17.301,1.6558,1.6559,0.80,0.90
2007.12.27 09:08:18.597,1.6558,1.65585,0.80,0.20
2007.12.27 09:08:18.790,1.6558,1.65585,0.80,0.20
2007.12.27 09:08:19.051,1.6558,1.65585,0.80,0.20
2007.12.27 09:08:21.016,1.6558,1.65585,0.80,0.20
2007.12.27 09:08:21.739,1.6558,1.65585,0.80,0.20
2007.12.27 09:08:22.639,1.6558,1.6559,0.80,0.80
2007.12.27 09:08:22.802,1.6558,1.656,0.80,0.90
2007.12.27 09:08:22.979,1.6558,1.656,0.80,0.90
2007.12.27 09:08:23.142,1.6558,1.6559,0.80,0.20
2007.12.27 09:08:23.305,1.6558,1.6559,0.80,0.90
2007.12.27 09:08:23.531,1.6558,1.6559,0.80,0.90
2007.12.27 09:08:24.106,1.6558,1.6559,0.80,0.80
2007.12.27 09:08:24.439,1.6558,1.656,0.80,0.90
2007.12.27 09:08:24.632,1.6558,1.6559,0.80,0.20
2007.12.27 09:08:24.826,1.6558,1.6559,0.80,0.90
2007.12.27 09:08:25.020,1.6558,1.6559,0.80,0.90
2007.12.27 09:08:25.495,1.6558,1.6559,0.80,0.90
2007.12.27 09:08:27.640,1.6558,1.6559,0.80,0.80
2007.12.27 09:08:27.839,1.6558,1.656,0.80,0.90
2007.12.27 09:08:28.050,1.6558,1.656,0.80,0.90
2007.12.27 09:08:28.662,1.6558,1.6559,0.80,0.20
2007.12.27 09:08:28.935,1.6558,1.6559,0.80,0.90
2007.12.27 09:08:29.542,1.6558,1.6559,0.80,0.90
2007.12.27 09:08:31.047,1.6558,1.6559,0.80,0.80
2007.12.27 09:08:31.311,1.6558,1.6559,0.80,0.80
2007.12.27 09:08:31.329,1.6558,1.6559,0.80,0.80
2007.12.27 09:08:31.544,1.65565,1.656,4.00,0.90
2007.12.27 09:08:35.629,1.65565,1.656,4.00,0.80
2007.12.27 09:08:35.767,1.65565,1.6561,4.00,0.90
2007.12.27 09:08:35.905,1.6558,1.6561,0.80,0.90
2007.12.27 09:08:36.491,1.65575,1.6561,4.00,0.90
2007.12.27 09:08:36.666,1.6558,1.65605,0.80,0.20
2007.12.27 09:08:37.000,1.65575,1.65605,4.00,0.20
2007.12.27 09:08:37.346,1.65565,1.656,4.00,0.20
2007.12.27 09:08:37.681,1.65565,1.65605,4.00,0.20
2007.12.27 09:08:37.870,1.6558,1.65605,0.80,0.20
2007.12.27 09:08:39.477,1.6556,1.65605,4.00,0.20
2007.12.27 09:08:40.303,1.65565,1.65605,4.00,0.20
2007.12.27 09:08:45.643,1.65565,1.656,4.00,0.80
2007.12.27 09:08:45.882,1.6556,1.656,4.00,0.90
2007.12.27 09:08:48.502,1.6556,1.656,4.00,0.90
2007.12.27 09:08:49.520,1.6558,1.656,0.80,0.90
2007.12.27 09:08:50.960,1.6556,1.656,4.00,0.90
2007.12.27 09:08:59.225,1.6556,1.656,4.00,0.90
2007.12.27 09:09:02.155,1.6558,1.656,0.80,0.80
2007.12.27 09:09:02.388,1.6558,1.6562,0.80,4.40
2007.12.27 09:09:02.682,1.6558,1.6562,0.80,4.50
2007.12.27 09:09:02.851,1.6558,1.6562,0.80,5.30
2007.12.27 09:09:03.031,1.6558,1.6562,4.00,0.90
2007.12.27 09:09:03.520,1.65585,1.6562,3.20,0.90
2007.12.27 09:09:03.850,1.6558,1.6562,4.00,0.90
2007.12.27 09:09:04.247,1.6558,1.6562,4.00,0.90
2007.12.27 09:09:07.154,1.6558,1.6562,4.00,0.80
2007.12.27 09:09:07.347,1.6558,1.65625,4.00,0.20
2007.12.27 09:09:07.540,1.65585,1.65625,3.20,0.20
2007.12.27 09:09:07.803,1.65585,1.6563,3.20,0.90
2007.12.27 09:09:08.066,1.6559,1.6563,3.20,0.90
2007.12.27 09:09:08.509,1.6559,1.6563,3.20,0.90
2007.12.27 09:09:09.548,1.65595,1.6563,3.20,0.90
2007.12.27 09:09:14.606,1.65595,1.6563,3.20,0.80
2007.12.27 09:09:14.769,1.65595,1.65645,3.20,0.20
2007.12.27 09:09:14.982,1.65595,1.65635,3.20,0.20
2007.12.27 09:09:15.194,1.656,1.65635,3.20,0.20
2007.12.27 09:09:15.406,1.656,1.65635,3.20,0.20
2007.12.27 09:09:15.429,1.656,1.65635,3.20,0.20
2007.12.27 09:09:15.619,1.656,1.65645,3.20,1.00
2007.12.27 09:09:15.832,1.656,1.6565,3.20,1.10
2007.12.27 09:09:16.131,1.65605,1.65635,3.20,0.20
2007.12.27 09:09:16.429,1.656,1.6564,3.20,0.80
2007.12.27 09:09:16.728,1.656,1.65645,3.20,0.20
2007.12.27 09:09:17.025,1.65605,1.65645,3.20,0.40
2007.12.27 09:09:17.188,1.65605,1.6564,3.20,0.90
2007.12.27 09:09:17.351,1.65605,1.6564,3.20,0.90
2007.12.27 09:09:17.514,1.65605,1.6565,3.20,4.10
2007.12.27 09:09:17.676,1.65605,1.65655,3.20,1.10
2007.12.27 09:09:17.839,1.65605,1.65655,3.20,1.10
2007.12.27 09:09:18.172,1.6561,1.65645,3.20,1.10
2007.12.27 09:09:18.505,1.65605,1.6565,3.20,6.10
2007.12.27 09:09:18.838,1.6561,1.65655,3.20,1.10
2007.12.27 09:09:19.087,1.6561,1.6565,3.20,1.10
2007.12.27 09:09:19.280,1.6561,1.65645,3.20,0.20
2007.12.27 09:09:19.485,1.65605,1.6565,3.20,1.10
2007.12.27 09:09:20.633,1.65605,1.6563,3.20,0.20
2007.12.27 09:09:20.895,1.65605,1.65635,3.20,1.10
2007.12.27 09:09:21.109,1.65595,1.6564,3.20,4.00
2007.12.27 09:09:21.321,1.65595,1.6565,3.20,2.30
2007.12.27 09:09:21.565,1.65605,1.6565,3.20,2.30
2007.12.27 09:09:22.181,1.65605,1.6564,3.20,0.20
2007.12.27 09:09:22.459,1.65605,1.65645,3.20,1.10
2007.12.27 09:09:22.804,1.656,1.6564,3.20,0.90
2007.12.27 09:09:23.081,1.65595,1.6564,3.20,0.90
2007.12.27 09:09:23.544,1.656,1.65645,3.20,1.10
2007.12.27 09:09:26.133,1.656,1.65635,3.20,0.40
2007.12.27 09:09:26.331,1.65595,1.6563,3.20,0.90
2007.12.27 09:09:28.630,1.65595,1.6563,3.20,0.80
2007.12.27 09:09:28.779,1.656,1.6564,3.20,0.90
2007.12.27 09:09:37.631,1.656,1.65645,3.20,1.10
2007.12.27 09:09:37.760,1.656,1.6565,3.20,2.30
2007.12.27 09:09:38.040,1.65605,1.6565,3.20,2.30
2007.12.27 09:09:38.168,1.65605,1.6565,3.20,1.10
2007.12.27 09:09:38.452,1.65605,1.6565,3.20,1.10
2007.12.27 09:09:39.479,1.65605,1.65645,0.60,0.20
2007.12.27 09:10:07.009,1.65605,1.6565,3.20,0.90
2007.12.27 09:10:07.198,1.65605,1.6565,3.20,0.90
2007.12.27 09:10:07.366,1.6561,1.6565,3.20,0.90
2007.12.27 09:10:07.634,1.6561,1.6565,3.20,0.80
2007.12.27 09:10:07.811,1.6561,1.65655,3.20,0.20
2007.12.27 09:10:08.161,1.6561,1.65655,3.20,0.20
2007.12.27 09:10:08.454,1.65615,1.65655,3.20,0.20
2007.12.27 09:10:08.762,1.65615,1.65655,3.20,0.20
2007.12.27 09:10:09.072,1.65615,1.65655,3.20,0.20
2007.12.27 09:10:09.263,1.65615,1.65655,3.20,0.20
2007.12.27 09:10:09.604,1.65615,1.6565,3.20,0.20
2007.12.27 09:10:09.784,1.65615,1.6565,3.20,0.90
2007.12.27 09:10:09.984,1.65615,1.6565,3.20,0.90
2007.12.27 09:10:10.252,1.65615,1.65655,3.20,0.20
2007.12.27 09:10:10.520,1.65615,1.65655,3.20,0.20
2007.12.27 09:10:10.789,1.65615,1.65645,3.20,0.20
2007.12.27 09:10:11.056,1.65615,1.65645,3.20,0.20
2007.12.27 09:10:11.294,1.65605,1.65645,3.20,0.20
2007.12.27 09:10:11.559,1.65605,1.6565,3.20,0.80
2007.12.27 09:10:11.796,1.65605,1.65655,3.20,0.20
2007.12.27 09:10:12.058,1.65615,1.65655,3.20,0.20
2007.12.27 09:10:12.291,1.65615,1.65655,3.20,0.20
2007.12.27 09:10:12.523,1.65615,1.65655,3.20,0.20
2007.12.27 09:10:14.053,1.65615,1.65645,3.20,0.20
2007.12.27 09:10:14.236,1.65605,1.65645,3.20,0.20
2007.12.27 09:10:14.444,1.65605,1.65645,3.20,0.20
2007.12.27 09:10:14.623,1.65605,1.65645,3.20,0.20
2007.12.27 09:10:15.101,1.65605,1.65645,3.20,0.20
2007.12.27 09:10:15.294,1.65605,1.65645,3.20,0.20
2007.12.27 09:10:24.126,1.65605,1.65645,3.20,0.20
2007.12.27 09:10:24.309,1.65605,1.65645,3.20,0.20
2007.12.27 09:10:28.696,1.65605,1.65645,3.20,0.20
2007.12.27 09:10:28.874,1.65605,1.65645,3.20,0.20
2007.12.27 09:10:29.052,1.65605,1.6565,3.20,0.90
2007.12.27 09:10:29.230,1.6561,1.6565,3.20,0.90
2007.12.27 09:10:30.047,1.65605,1.6565,3.20,0.90
2007.12.27 09:10:30.452,1.6561,1.6565,3.20,0.90
2007.12.27 09:10:30.684,1.6561,1.6565,3.20,0.80
2007.12.27 09:10:30.851,1.6561,1.65655,3.20,0.20
2007.12.27 09:10:31.020,1.6561,1.65655,3.20,0.20
2007.12.27 09:10:31.245,1.6561,1.65655,3.20,0.20
2007.12.27 09:10:31.413,1.6561,1.65655,3.20,0.20
2007.12.27 09:10:31.645,1.65615,1.65655,3.20,0.20
2007.12.27 09:10:36.571,1.65615,1.65645,3.20,0.20
2007.12.27 09:10:36.734,1.65615,1.65645,3.20,0.20
2007.12.27 09:10:36.897,1.6561,1.65645,3.20,0.20
2007.12.27 09:10:37.100,1.6561,1.65645,3.20,0.20
2007.12.27 09:10:37.303,1.65605,1.65645,3.20,0.20
2007.12.27 09:10:37.506,1.65605,1.65645,3.20,0.20
2007.12.27 09:10:37.603,1.65605,1.65645,2.00,0.20
2007.12.27 09:10:43.493,1.656,1.65645,2.60,0.20
2007.12.27 09:10:43.879,1.656,1.65645,5.20,0.20
2007.12.27 09:10:45.232,1.656,1.65645,1.60,0.20
2007.12.27 09:10:47.492,1.6559,1.65645,12.40,0.20
2007.12.27 09:10:48.544,1.656,1.65645,1.70,0.20
2007.12.27 09:10:52.030,1.6559,1.65635,12.40,0.20
2007.12.27 09:10:52.233,1.6559,1.65635,5.20,0.20
2007.12.27 09:10:52.365,1.6559,1.65635,5.20,0.20
2007.12.27 09:10:53.272,1.6559,1.65635,5.20,0.20
2007.12.27 09:10:59.538,1.6559,1.65625,5.20,0.20
2007.12.27 09:10:59.726,1.656,1.65625,0.80,0.20
2007.12.27 09:11:01.338,1.6559,1.65625,1.80,0.20
2007.12.27 09:11:01.524,1.6558,1.65625,7.20,0.20
2007.12.27 09:11:09.606,1.6559,1.65605,3.20,0.20
2007.12.27 09:11:09.809,1.6558,1.65605,0.80,0.20
2007.12.27 09:11:10.083,1.6558,1.65605,0.80,0.20
2007.12.27 09:11:10.367,1.6558,1.65605,0.80,0.20
2007.12.27 09:11:13.690,1.6558,1.65605,0.80,0.20
2007.12.27 09:11:13.832,1.6558,1.65605,0.80,0.20
2007.12.27 09:11:14.090,1.6558,1.6561,0.80,2.80
2007.12.27 09:11:14.348,1.6558,1.6561,0.80,2.80
2007.12.27 09:11:14.377,1.6557,1.6561,4.00,2.80
2007.12.27 09:11:14.606,1.6557,1.65615,6.00,0.20
2007.12.27 09:11:15.478,1.6558,1.65615,4.00,0.20
2007.12.27 09:11:15.757,1.6558,1.65605,4.00,0.20
2007.12.27 09:11:16.037,1.6558,1.65605,0.80,0.20
2007.12.27 09:11:16.255,1.6558,1.6561,0.80,0.90
2007.12.27 09:11:16.526,1.6558,1.6561,0.80,0.90
2007.12.27 09:11:17.055,1.6558,1.65605,0.80,0.20
2007.12.27 09:11:17.337,1.6558,1.6561,0.80,0.90
2007.12.27 09:11:17.619,1.6558,1.6561,0.80,0.80
2007.12.27 09:11:17.907,1.6558,1.6561,0.80,0.80
2007.12.27 09:11:18.190,1.6558,1.65605,0.80,0.20
2007.12.27 09:11:18.433,1.6558,1.65605,0.80,0.20
2007.12.27 09:11:18.675,1.6558,1.6561,0.80,0.90
2007.12.27 09:11:18.918,1.6558,1.6561,0.80,0.90
2007.12.27 09:11:19.162,1.6558,1.65605,0.80,0.20
2007.12.27 09:11:19.541,1.6558,1.65605,0.80,0.20
2007.12.27 09:11:19.836,1.6558,1.6561,0.80,0.90
2007.12.27 09:11:20.280,1.6558,1.6561,0.80,0.90
2007.12.27 09:11:20.635,1.6558,1.656,0.80,0.20
2007.12.27 09:11:20.853,1.6558,1.656,0.80,0.90
2007.12.27 09:11:21.197,1.6558,1.656,0.80,0.90
2007.12.27 09:11:21.508,1.6558,1.656,0.80,0.90
2007.12.27 09:11:21.722,1.6558,1.656,0.80,0.90
2007.12.27 09:11:21.946,1.6558,1.656,0.80,0.90
2007.12.27 09:11:22.160,1.6558,1.65595,0.80,0.20
2007.12.27 09:11:22.395,1.6558,1.65595,0.80,0.20
2007.12.27 09:11:22.617,1.6558,1.65595,0.80,0.20
2007.12.27 09:11:22.840,1.6558,1.65595,0.80,0.20
2007.12.27 09:11:24.021,1.6558,1.656,0.80,2.80
2007.12.27 09:11:24.239,1.6558,1.656,0.80,2.00
2007.12.27 09:11:24.458,1.6558,1.656,0.80,2.00
2007.12.27 09:11:24.675,1.6558,1.65605,0.80,0.20
2007.12.27 09:11:24.892,1.6558,1.65605,0.80,0.20
2007.12.27 09:11:25.109,1.6558,1.656,0.80,0.20
2007.12.27 09:11:25.437,1.6558,1.656,0.80,0.90
2007.12.27 09:11:26.285,1.6558,1.656,0.80,0.90
2007.12.27 09:11:27.218,1.6558,1.656,0.80,0.90
2007.12.27 09:11:29.089,1.6558,1.656,0.80,0.80
2007.12.27 09:11:29.297,1.6558,1.65605,0.80,0.20
2007.12.27 09:11:29.803,1.6558,1.65605,0.80,0.20
2007.12.27 09:11:30.061,1.6558,1.65605,0.80,0.20
2007.12.27 09:11:30.320,1.6558,1.656,0.80,0.90
2007.12.27 09:11:30.557,1.6558,1.656,0.80,0.90
2007.12.27 09:11:30.795,1.6558,1.656,0.80,0.90
2007.12.27 09:11:31.249,1.6558,1.656,0.80,0.90
2007.12.27 09:11:32.791,1.6558,1.656,0.80,0.90
2007.12.27 09:11:33.604,1.6558,1.65595,0.80,0.20
2007.12.27 09:11:33.806,1.6558,1.65595,0.80,0.20
2007.12.27 09:11:34.034,1.6558,1.65595,0.80,0.20
2007.12.27 09:11:34.282,1.6558,1.65595,0.80,0.20
2007.12.27 09:11:35.267,1.6558,1.65595,0.80,0.20
2007.12.27 09:11:40.250,1.6558,1.65595,0.80,0.20
2007.12.27 09:11:46.444,1.6558,1.65595,0.80,0.20
2007.12.27 09:12:01.494,1.6558,1.65595,0.80,0.20
2007.12.27 09:12:05.222,1.6558,1.65595,0.80,0.20
2007.12.27 09:12:05.743,1.6558,1.65595,0.80,0.20
2007.12.27 09:12:06.998,1.6558,1.65595,0.80,0.20
2007.12.27 09:12:07.213,1.6558,1.65585,0.80,0.20
2007.12.27 09:12:07.424,1.6558,1.65585,0.80,0.20
2007.12.27 09:12:07.650,1.6558,1.65585,0.80,0.20
2007.12.27 09:12:08.237,1.6558,1.65585,0.80,0.20
2007.12.27 09:12:08.499,1.6558,1.65585,0.80,0.20
2007.12.27 09:12:08.762,1.6558,1.65585,0.80,0.20
2007.12.27 09:12:09.480,1.6558,1.65585,0.80,0.20
2007.12.27 09:12:10.272,1.6558,1.6559,0.80,2.80
2007.12.27 09:12:10.444,1.6558,1.65595,0.80,0.20
2007.12.27 09:12:10.616,1.6558,1.65595,0.80,0.20
2007.12.27 09:12:12.075,1.6558,1.65585,0.80,0.20
2007.12.27 09:12:12.253,1.6558,1.65585,0.80,0.20
2007.12.27 09:12:12.441,1.6558,1.65585,0.80,0.20
2007.12.27 09:12:12.628,1.6558,1.65585,0.80,0.20
2007.12.27 09:12:12.816,1.6558,1.6559,0.80,0.90
2007.12.27 09:12:13.005,1.6558,1.6559,0.80,0.90
2007.12.27 09:12:13.285,1.6558,1.6559,0.80,0.90
2007.12.27 09:12:18.410,1.6558,1.6559,0.80,0.90
2007.12.27 09:12:18.582,1.6558,1.6559,0.80,0.20
2007.12.27 09:12:18.755,1.6558,1.6559,0.80,0.90
2007.12.27 09:12:18.928,1.6558,1.6559,0.80,0.80
2007.12.27 09:12:19.102,1.6558,1.656,0.80,0.90
2007.12.27 09:12:19.274,1.6558,1.656,0.80,0.90
2007.12.27 09:12:19.562,1.65565,1.656,4.00,0.90
2007.12.27 09:12:20.532,1.6558,1.656,0.80,0.90
2007.12.27 09:12:20.745,1.65565,1.656,4.00,0.90
2007.12.27 09:12:21.189,1.65565,1.656,4.00,0.90
2007.12.27 09:12:21.392,1.6558,1.656,0.80,0.90
2007.12.27 09:12:21.595,1.6556,1.656,4.00,0.90
2007.12.27 09:12:21.799,1.6558,1.6559,0.80,0.20
2007.12.27 09:12:22.002,1.6558,1.6559,0.80,0.90
2007.12.27 09:12:22.205,1.6558,1.6559,0.80,0.90
2007.12.27 09:12:22.408,1.6558,1.6559,0.80,0.90
2007.12.27 09:12:22.691,1.6558,1.6559,0.80,0.90
2007.12.27 09:12:23.120,1.6558,1.6559,0.80,0.80
2007.12.27 09:12:23.641,1.6558,1.6559,0.80,0.90
2007.12.27 09:12:25.659,1.6558,1.6559,0.80,0.20
2007.12.27 09:12:25.758,1.6558,1.656,0.80,0.90
2007.12.27 09:12:25.947,1.6558,1.656,0.80,0.90
2007.12.27 09:12:26.191,1.6558,1.656,0.80,0.90
2007.12.27 09:12:26.289,1.65565,1.656,4.00,0.90
2007.12.27 09:12:26.470,1.65565,1.656,4.00,0.90
2007.12.27 09:12:31.278,1.6558,1.656,0.80,0.80
2007.12.27 09:12:31.486,1.6558,1.6561,0.80,0.90
2007.12.27 09:12:31.693,1.6558,1.6561,0.80,0.90
2007.12.27 09:12:31.851,1.65575,1.6561,4.00,0.90
2007.12.27 09:12:32.831,1.65575,1.6561,4.00,0.90
2007.12.27 09:12:32.974,1.6558,1.6561,2.00,0.90
2007.12.27 09:12:33.256,1.6558,1.6561,1.30,0.90
2007.12.27 09:12:33.469,1.6556,1.6561,7.20,0.90
2007.12.27 09:12:39.091,1.6558,1.6561,4.00,0.80
2007.12.27 09:12:39.276,1.6558,1.6562,4.00,2.00
2007.12.27 09:12:39.459,1.6558,1.65625,4.00,0.20
2007.12.27 09:12:39.801,1.6559,1.65625,3.20,0.20
2007.12.27 09:12:40.136,1.6559,1.65615,3.20,0.20
2007.12.27 09:12:40.467,1.65585,1.65615,3.20,0.20
2007.12.27 09:12:42.589,1.65585,1.6562,3.20,0.80
2007.12.27 09:12:42.842,1.65585,1.65625,3.20,0.20
2007.12.27 09:12:43.058,1.6559,1.65625,3.20,0.20
2007.12.27 09:12:43.563,1.6559,1.65625,1.20,0.20
2007.12.27 09:12:44.299,1.6558,1.65625,4.00,0.20
2007.12.27 09:12:47.603,1.6558,1.6561,4.00,0.20
2007.12.27 09:12:47.852,1.6558,1.6561,4.00,0.90
2007.12.27 09:12:48.100,1.6557,1.6561,7.20,0.90
2007.12.27 09:12:49.025,1.6558,1.6561,0.90,0.80
2007.12.27 09:12:49.287,1.6558,1.65625,4.00,0.20
2007.12.27 09:12:49.550,1.65585,1.65625,1.10,0.20
2007.12.27 09:12:49.812,1.6559,1.65625,1.40,0.20
2007.12.27 09:12:50.339,1.6559,1.65625,1.80,0.20
2007.12.27 09:12:50.557,1.6558,1.65625,4.00,0.20
2007.12.27 09:12:52.864,1.6558,1.65625,6.00,0.20
2007.12.27 09:12:53.042,1.6558,1.65625,6.00,0.20
2007.12.27 09:12:53.514,1.65585,1.65625,1.30,0.20
2007.12.27 09:12:55.969,1.65585,1.6561,1.40,0.20
2007.12.27 09:12:56.093,1.6558,1.65615,6.00,0.20
2007.12.27 09:12:56.216,1.6558,1.65615,4.00,0.20
2007.12.27 09:12:56.339,1.6558,1.65615,4.00,0.20
2007.12.27 09:12:56.571,1.6557,1.65615,7.20,0.20
2007.12.27 09:12:56.804,1.6557,1.6561,5.20,0.80
2007.12.27 09:12:57.049,1.6558,1.6561,4.00,0.80
2007.12.27 09:12:57.281,1.65585,1.6561,1.20,0.20
2007.12.27 09:12:57.520,1.6558,1.6562,4.00,0.90
2007.12.27 09:12:57.777,1.6558,1.65625,6.00,0.20
2007.12.27 09:12:58.035,1.6558,1.65615,4.00,0.20
2007.12.27 09:12:58.292,1.6558,1.65615,4.00,0.20
2007.12.27 09:12:58.550,1.6558,1.65615,1.80,0.20
2007.12.27 09:12:59.075,1.6557,1.65615,7.20,0.20
2007.12.27 09:12:59.287,1.6558,1.65615,4.00,0.20
2007.12.27 09:13:04.625,1.6558,1.6561,4.00,0.20
2007.12.27 09:13:04.786,1.6558,1.6561,4.00,0.90
2007.12.27 09:13:05.009,1.6557,1.6561,7.20,0.90
2007.12.27 09:13:05.572,1.6558,1.6561,1.90,0.80
2007.12.27 09:13:05.729,1.6558,1.65625,1.50,0.20
2007.12.27 09:13:05.943,1.6557,1.65625,7.20,0.20
2007.12.27 09:13:06.157,1.6558,1.65625,4.00,0.20
2007.12.27 09:13:06.368,1.6558,1.65625,4.00,0.20
2007.12.27 09:13:06.985,1.6558,1.65625,4.00,0.20
2007.12.27 09:13:07.375,1.6558,1.65625,6.00,0.20
2007.12.27 09:13:07.622,1.6558,1.65625,6.00,0.20
2007.12.27 09:13:08.833,1.65585,1.65625,1.60,0.20
2007.12.27 09:13:09.064,1.6558,1.6561,4.00,0.20
2007.12.27 09:13:09.223,1.6558,1.6561,4.00,0.20
2007.12.27 09:13:09.382,1.6558,1.6561,1.40,0.90
2007.12.27 09:13:09.539,1.6556,1.6561,7.20,0.90
2007.12.27 09:13:09.697,1.6556,1.6561,7.20,0.80
2007.12.27 09:13:10.030,1.6557,1.65625,6.00,0.20
2007.12.27 09:13:10.363,1.6558,1.65625,4.00,0.20
2007.12.27 09:13:10.696,1.65585,1.65625,0.60,0.20
2007.12.27 09:13:11.029,1.65585,1.6563,1.10,0.90
2007.12.27 09:13:11.231,1.6558,1.6563,6.00,0.90
2007.12.27 09:13:11.434,1.6558,1.6563,6.00,0.90
2007.12.27 09:13:15.189,1.6559,1.6563,3.20,0.20
2007.12.27 09:13:15.312,1.6559,1.6564,3.20,0.90
2007.12.27 09:13:15.436,1.6561,1.6564,2.00,0.80
2007.12.27 09:13:15.559,1.6561,1.6564,2.00,0.80
2007.12.27 09:13:15.682,1.6561,1.6565,2.00,3.20
2007.12.27 09:13:15.987,1.6561,1.6565,2.00,3.20
2007.12.27 09:13:16.321,1.6561,1.65655,2.00,3.30
2007.12.27 09:13:16.653,1.65615,1.65655,3.20,0.20
2007.12.27 09:13:16.986,1.6562,1.65655,3.20,0.20
2007.12.27 09:13:17.254,1.6562,1.65655,3.20,0.20
2007.12.27 09:13:18.190,1.6562,1.65655,5.20,0.20
2007.12.27 09:13:19.206,1.6562,1.65655,3.20,0.20
2007.12.27 09:13:20.553,1.6562,1.65655,3.20,0.20
2007.12.27 09:13:20.766,1.6562,1.6565,3.20,0.90
2007.12.27 09:13:21.125,1.6562,1.6565,3.20,0.80
2007.12.27 09:13:21.387,1.65615,1.6565,3.20,0.80
2007.12.27 09:13:21.710,1.6562,1.6565,3.20,0.80
2007.12.27 09:13:22.192,1.6562,1.65655,3.20,0.20
2007.12.27 09:13:22.957,1.6562,1.65655,3.20,0.20
2007.12.27 09:13:23.221,1.6562,1.65645,3.20,0.20
2007.12.27 09:13:23.474,1.6562,1.65645,3.20,0.20
2007.12.27 09:13:23.729,1.6562,1.6565,3.20,0.90
2007.12.27 09:13:23.981,1.6561,1.6565,5.20,0.90
2007.12.27 09:13:24.234,1.6561,1.6565,5.20,0.90
2007.12.27 09:13:25.443,1.6561,1.6565,5.20,0.90
2007.12.27 09:13:26.468,1.6561,1.6565,5.20,0.90
2007.12.27 09:13:28.972,1.6561,1.6565,5.20,0.90
2007.12.27 09:13:29.279,1.6561,1.6565,5.20,0.90
2007.12.27 09:13:30.159,1.6561,1.6565,5.20,0.80
2007.12.27 09:13:30.397,1.65615,1.65655,3.20,0.20
2007.12.27 09:13:30.610,1.65615,1.65655,3.20,0.20
2007.12.27 09:13:30.823,1.6562,1.65655,3.20,0.20
2007.12.27 09:13:31.036,1.6562,1.65655,3.20,0.20
2007.12.27 09:13:31.248,1.65615,1.65655,3.20,0.20
2007.12.27 09:13:33.146,1.65615,1.6566,3.20,0.80
2007.12.27 09:13:33.394,1.65615,1.65665,3.20,0.20
2007.12.27 09:13:33.577,1.6562,1.65665,3.20,0.20
2007.12.27 09:13:33.759,1.6562,1.6567,3.20,4.10
2007.12.27 09:13:33.947,1.6562,1.6567,5.20,2.10
2007.12.27 09:13:34.130,1.65625,1.6567,3.20,2.00
2007.12.27 09:13:34.313,1.65625,1.6567,3.20,2.80
2007.12.27 09:13:34.631,1.65625,1.6567,3.20,0.80
2007.12.27 09:13:34.948,1.6563,1.6568,5.20,0.90
2007.12.27 09:13:35.268,1.6563,1.6568,3.20,0.80
2007.12.27 09:13:35.530,1.65635,1.6567,3.20,0.20
2007.12.27 09:13:35.793,1.6564,1.6567,3.20,0.90
2007.12.27 09:13:36.056,1.65625,1.6566,3.20,0.80
2007.12.27 09:13:36.319,1.6562,1.65665,5.20,0.20
2007.12.27 09:13:36.612,1.6562,1.65665,5.20,0.20
2007.12.27 09:13:36.905,1.65625,1.6567,3.20,0.90
2007.12.27 09:13:37.198,1.65625,1.65665,3.20,0.20
2007.12.27 09:13:37.491,1.6563,1.65665,3.20,0.20
2007.12.27 09:13:37.763,1.65625,1.65665,3.20,0.20
2007.12.27 09:13:38.110,1.65625,1.65665,3.20,0.20
2007.12.27 09:13:38.384,1.65625,1.6566,3.20,2.90
2007.12.27 09:13:38.632,1.65625,1.6566,3.20,0.90
2007.12.27 09:13:38.889,1.6562,1.6566,3.20,0.90
2007.12.27 09:13:39.136,1.6562,1.6565,3.20,0.20
2007.12.27 09:13:39.384,1.6562,1.6565,3.20,0.90
2007.12.27 09:13:39.663,1.6561,1.6564,3.20,0.20
2007.12.27 09:13:39.941,1.6561,1.6564,3.20,0.90
2007.12.27 09:13:40.219,1.65605,1.6564,3.20,0.90
2007.12.27 09:13:40.497,1.6561,1.6564,1.20,0.80
2007.12.27 09:13:40.680,1.6561,1.6564,0.70,0.80
2007.12.27 09:13:40.755,1.6562,1.6567,6.40,5.70
2007.12.27 09:13:41.013,1.6562,1.6567,6.40,0.90
2007.12.27 09:13:41.606,1.6562,1.6567,6.40,0.80
2007.12.27 09:13:41.879,1.65635,1.6568,1.50,0.80
2007.12.27 09:13:42.152,1.6562,1.6568,7.20,2.90
2007.12.27 09:13:42.425,1.6562,1.6568,7.20,2.90
2007.12.27 09:13:42.703,1.6564,1.6568,1.20,2.00
2007.12.27 09:13:42.981,1.6564,1.65685,0.90,0.20
2007.12.27 09:13:43.259,1.6564,1.6568,0.60,0.90
2007.12.27 09:13:43.536,1.6562,1.6568,7.20,2.90
2007.12.27 09:13:44.220,1.65635,1.6568,1.10,2.90
2007.12.27 09:13:49.611,1.65635,1.6568,0.90,2.80
2007.12.27 09:13:49.813,1.6563,1.6569,7.20,2.90
2007.12.27 09:13:50.029,1.6563,1.6569,7.20,2.90
2007.12.27 09:13:50.233,1.6565,1.6568,1.90,0.20
2007.12.27 09:13:50.435,1.6565,1.6567,0.80,0.80
2007.12.27 09:13:50.641,1.6563,1.6567,5.20,0.80
2007.12.27 09:13:50.966,1.6563,1.6567,5.20,0.80
2007.12.27 09:13:51.290,1.6564,1.6567,0.90,0.80
2007.12.27 09:13:51.614,1.6562,1.6568,7.20,2.90
2007.12.27 09:13:51.833,1.6564,1.65685,0.50,0.20
2007.12.27 09:13:52.740,1.6564,1.65685,1.80,0.20
2007.12.27 09:13:53.018,1.6562,1.6568,14.40,2.00
2007.12.27 09:13:53.295,1.6563,1.65685,7.60,0.20
2007.12.27 09:13:53.574,1.6563,1.65685,7.60,0.20
2007.12.27 09:13:53.852,1.6564,1.6568,1.00,2.00
2007.12.27 09:13:54.085,1.6564,1.6568,1.20,2.00
2007.12.27 09:13:54.318,1.6564,1.6568,1.40,2.00
2007.12.27 09:13:54.586,1.6563,1.6568,5.20,2.10
2007.12.27 09:13:54.820,1.6563,1.6568,4.00,2.10
2007.12.27 09:13:55.108,1.65635,1.6568,1.00,2.10
2007.12.27 09:13:55.395,1.65635,1.6568,0.50,2.90
2007.12.27 09:13:55.683,1.65635,1.6567,1.10,0.20
2007.12.27 09:13:55.925,1.6563,1.6567,1.60,0.20
2007.12.27 09:13:56.154,1.65625,1.65665,0.90,0.20
2007.12.27 09:13:56.382,1.6561,1.6567,6.40,2.90
2007.12.27 09:13:56.610,1.6561,1.6567,6.40,2.80
2007.12.27 09:13:56.838,1.65625,1.65675,1.10,0.20
2007.12.27 09:13:57.119,1.65625,1.65675,0.90,0.20
2007.12.27 09:13:57.397,1.6561,1.65675,8.40,0.20
2007.12.27 09:13:58.014,1.6562,1.65675,7.60,0.20
2007.12.27 09:13:58.231,1.6561,1.6567,8.40,0.90
2007.12.27 09:13:58.450,1.6562,1.6567,1.80,2.10
2007.12.27 09:13:58.667,1.6561,1.6567,7.20,2.10
2007.12.27 09:13:58.885,1.6561,1.6567,7.20,2.90
2007.12.27 09:13:59.129,1.6561,1.6566,4.00,2.10
2007.12.27 09:13:59.371,1.656,1.6566,7.20,2.90
2007.12.27 09:13:59.614,1.656,1.6566,7.20,2.90
2007.12.27 09:14:00.277,1.656,1.6566,7.20,2.90
2007.12.27 09:14:02.240,1.65605,1.6566,1.50,2.90
2007.12.27 09:14:04.163,1.656,1.6566,6.00,2.90
2007.12.27 09:14:04.516,1.65605,1.6566,1.60,2.90
2007.12.27 09:14:06.026,1.656,1.6566,7.20,2.90
2007.12.27 09:14:06.284,1.65605,1.6566,0.70,2.90
2007.12.27 09:14:08.242,1.65605,1.6566,3.20,2.90
2007.12.27 09:14:08.454,1.65605,1.6566,3.20,2.80
2007.12.27 09:14:08.668,1.6561,1.65665,4.00,3.20
2007.12.27 09:14:08.880,1.6561,1.6567,7.20,6.10
2007.12.27 09:14:09.098,1.6561,1.6566,4.00,2.10
2007.12.27 09:14:09.345,1.65605,1.6566,3.20,2.90
2007.12.27 09:14:12.094,1.65605,1.6565,3.20,0.20
2007.12.27 09:14:12.373,1.65605,1.6565,3.20,2.90
2007.12.27 09:14:12.652,1.656,1.6565,1.20,2.80
2007.12.27 09:14:12.931,1.656,1.65655,3.20,3.30
2007.12.27 09:14:13.240,1.656,1.65655,6.40,0.20
2007.12.27 09:14:13.668,1.656,1.6565,6.40,0.20
2007.12.27 09:14:13.879,1.656,1.6565,4.40,2.90
2007.12.27 09:14:14.102,1.656,1.6565,4.40,2.80
2007.12.27 09:14:14.313,1.65605,1.65655,3.20,0.20
2007.12.27 09:14:14.651,1.65605,1.6566,3.20,2.90
2007.12.27 09:14:14.924,1.65605,1.6566,3.20,2.90
2007.12.27 09:14:15.225,1.65615,1.6566,3.20,2.90
2007.12.27 09:14:15.539,1.65615,1.6566,3.20,2.90
2007.12.27 09:14:15.775,1.65615,1.6566,3.20,0.50
2007.12.27 09:14:16.434,1.65615,1.65655,3.20,0.40
2007.12.27 09:14:16.632,1.65615,1.6565,3.20,0.50
2007.12.27 09:14:16.829,1.6561,1.65655,3.20,3.10
2007.12.27 09:14:17.807,1.6561,1.6565,3.20,0.70
2007.12.27 09:14:20.002,1.6561,1.6566,3.20,7.20
2007.12.27 09:14:20.174,1.6561,1.6565,4.40,0.80
2007.12.27 09:14:20.348,1.6562,1.65675,3.20,3.10
2007.12.27 09:14:21.263,1.6562,1.6567,3.20,4.10
2007.12.27 09:14:21.940,1.6562,1.65665,3.20,2.30
2007.12.27 09:14:22.154,1.6562,1.6566,3.20,0.50
2007.12.27 09:14:22.379,1.65615,1.65665,3.20,3.10
2007.12.27 09:14:25.087,1.65615,1.65655,3.20,0.20
2007.12.27 09:14:25.257,1.65615,1.6566,3.20,3.10
2007.12.27 09:14:25.624,1.65615,1.6565,3.20,0.20
2007.12.27 09:14:25.877,1.65615,1.6565,3.20,0.60
2007.12.27 09:14:27.025,1.6561,1.65655,3.20,3.10
2007.12.27 09:14:27.429,1.65605,1.65655,3.20,3.10
2007.12.27 09:14:28.058,1.65605,1.6565,3.20,0.80
2007.12.27 09:14:28.250,1.65605,1.65665,3.20,6.20
2007.12.27 09:14:28.444,1.65615,1.65665,3.20,3.10
2007.12.27 09:14:28.638,1.65615,1.6566,3.20,0.90
2007.12.27 09:14:28.890,1.65615,1.65665,3.20,3.10
2007.12.27 09:14:29.143,1.65615,1.6567,3.20,10.90
2007.12.27 09:14:29.397,1.65625,1.6567,3.20,4.10
2007.12.27 09:14:29.662,1.65625,1.65645,3.20,0.20
2007.12.27 09:14:29.862,1.65605,1.65645,3.20,2.20
2007.12.27 09:14:30.075,1.65605,1.65645,3.20,2.20
2007.12.27 09:14:30.288,1.656,1.65645,3.20,2.20
2007.12.27 09:14:30.501,1.656,1.65645,3.20,2.20
2007.12.27 09:14:31.543,1.656,1.65645,3.20,2.20
2007.12.27 09:14:31.792,1.656,1.65645,3.20,2.20
2007.12.27 09:14:34.500,1.656,1.6565,3.20,5.20
2007.12.27 09:14:34.688,1.656,1.65655,3.20,3.10
2007.12.27 09:14:34.875,1.65605,1.65655,3.20,3.10
2007.12.27 09:14:35.168,1.656,1.65655,3.20,3.10
2007.12.27 09:14:37.649,1.656,1.65645,3.20,0.40
2007.12.27 09:14:37.908,1.656,1.65645,3.20,1.10
2007.12.27 09:14:38.135,1.656,1.65645,3.20,1.10
2007.12.27 09:14:38.362,1.656,1.65645,3.20,1.10
2007.12.27 09:14:38.600,1.65595,1.65645,3.20,1.10
2007.12.27 09:14:38.828,1.656,1.65645,3.20,1.10
2007.12.27 09:14:39.789,1.656,1.65645,3.20,1.10
2007.12.27 09:14:40.091,1.656,1.6565,3.20,6.10
2007.12.27 09:14:40.300,1.65605,1.65655,3.20,3.10
2007.12.27 09:14:40.619,1.65605,1.65645,3.20,0.20
2007.12.27 09:14:40.827,1.65605,1.65645,3.20,2.20
2007.12.27 09:14:41.036,1.65605,1.65625,3.20,0.20
2007.12.27 09:14:41.292,1.65595,1.65625,3.20,0.20
2007.12.27 09:14:41.551,1.65585,1.6563,3.20,0.80
2007.12.27 09:14:41.809,1.6559,1.65655,6.00,5.50
2007.12.27 09:14:42.098,1.6559,1.65655,6.00,5.40
2007.12.27 09:14:42.370,1.656,1.65655,2.00,5.40
2007.12.27 09:14:42.643,1.65605,1.6566,3.20,7.30
2007.12.27 09:14:42.917,1.65605,1.6566,3.20,0.70
2007.12.27 09:14:43.189,1.65605,1.6566,3.20,0.90
2007.12.27 09:14:43.427,1.65605,1.65665,3.20,4.20
2007.12.27 09:14:43.664,1.65605,1.65665,3.20,4.20
2007.12.27 09:14:43.902,1.65605,1.6567,3.20,5.40
2007.12.27 09:14:44.623,1.65605,1.65655,3.20,0.40
2007.12.27 09:14:44.883,1.65605,1.6565,3.20,2.90
2007.12.27 09:14:45.119,1.65605,1.6565,3.20,0.90
2007.12.27 09:14:45.352,1.656,1.6566,6.00,4.10
2007.12.27 09:14:45.592,1.656,1.6566,6.00,4.00
2007.12.27 09:14:45.825,1.6561,1.65665,2.00,3.30
2007.12.27 09:14:46.057,1.6561,1.65665,2.00,3.30
2007.12.27 09:14:46.292,1.65615,1.65665,3.20,0.20
2007.12.27 09:14:46.635,1.65615,1.6567,3.20,2.10
2007.12.27 09:14:49.561,1.65615,1.6567,3.20,2.00
2007.12.27 09:14:49.751,1.6562,1.65675,2.00,3.30
2007.12.27 09:14:49.928,1.6563,1.65675,3.20,0.20
2007.12.27 09:14:50.260,1.6563,1.65675,3.20,0.20
2007.12.27 09:14:52.034,1.6563,1.65655,3.20,0.20
2007.12.27 09:14:52.232,1.6563,1.65655,3.20,0.20
2007.12.27 09:14:52.420,1.6562,1.65655,2.00,0.20
2007.12.27 09:14:52.674,1.65615,1.6566,3.20,0.80
2007.12.27 09:14:52.926,1.6562,1.6567,5.20,0.90
2007.12.27 09:14:53.180,1.65625,1.6567,3.20,2.90
2007.12.27 09:14:53.433,1.65625,1.6567,3.20,2.90
2007.12.27 09:14:54.129,1.65625,1.6567,3.20,0.90
2007.12.27 09:14:58.237,1.65625,1.6567,3.20,0.90
2007.12.27 09:14:58.639,1.65625,1.6567,3.20,0.90
2007.12.27 09:14:58.881,1.6562,1.6567,5.20,0.90
2007.12.27 09:14:59.244,1.65625,1.6567,3.20,0.90
2007.12.27 09:15:00.031,1.65625,1.65655,3.20,0.20
2007.12.27 09:15:00.262,1.65625,1.65655,3.20,0.20
2007.12.27 09:15:00.406,1.65625,1.65655,3.20,0.20
2007.12.27 09:15:00.548,1.6562,1.65655,5.20,0.20
2007.12.27 09:15:00.692,1.6562,1.65655,3.20,0.20
2007.12.27 09:15:01.090,1.6562,1.65655,3.20,0.20
2007.12.27 09:15:01.423,1.65615,1.65655,3.20,0.20
2007.12.27 09:15:01.756,1.6561,1.65655,5.20,0.20
2007.12.27 09:15:02.643,1.6561,1.6566,5.20,0.80
2007.12.27 09:15:02.866,1.6561,1.65665,5.20,0.20
2007.12.27 09:15:03.228,1.65615,1.65665,3.20,0.20
2007.12.27 09:15:03.743,1.65615,1.65665,3.20,0.20
2007.12.27 09:15:04.596,1.65615,1.6567,3.20,2.90
2007.12.27 09:15:04.834,1.65615,1.6567,3.20,4.10
2007.12.27 09:15:05.032,1.65615,1.6565,3.20,0.20
2007.12.27 09:15:05.231,1.65615,1.6564,3.20,0.20
2007.12.27 09:15:05.429,1.65605,1.6564,3.20,0.90
2007.12.27 09:15:05.626,1.65605,1.6564,3.20,0.90
2007.12.27 09:15:05.825,1.656,1.65645,5.20,0.20
2007.12.27 09:15:06.148,1.656,1.6565,5.20,0.90
2007.12.27 09:15:06.471,1.65605,1.6565,3.20,0.90
2007.12.27 09:15:06.795,1.65605,1.6564,3.20,0.20
2007.12.27 09:15:07.038,1.65605,1.6564,3.20,0.80
2007.12.27 09:15:07.281,1.656,1.65655,7.20,0.20
2007.12.27 09:15:07.524,1.65615,1.65655,3.20,0.20
2007.12.27 09:15:07.767,1.65615,1.6567,3.20,2.00
2007.12.27 09:15:08.044,1.65625,1.6567,3.20,2.00
2007.12.27 09:15:08.322,1.6563,1.6567,3.20,2.00
2007.12.27 09:15:08.600,1.6563,1.65675,3.20,0.20
2007.12.27 09:15:08.879,1.6563,1.65675,3.20,0.20
2007.12.27 09:15:09.091,1.65635,1.65675,3.20,0.20
2007.12.27 09:15:09.317,1.65635,1.65675,3.20,0.20
2007.12.27 09:15:09.530,1.65635,1.65675,3.20,0.20
2007.12.27 09:15:11.910,1.65635,1.6568,3.20,1.10
2007.12.27 09:15:12.495,1.65635,1.65665,3.20,0.20
2007.12.27 09:15:12.669,1.65635,1.6567,3.20,3.10
2007.12.27 09:15:12.841,1.65625,1.6567,3.20,3.10
2007.12.27 09:15:17.043,1.65625,1.65665,3.20,0.40
2007.12.27 09:15:17.206,1.65625,1.65665,3.20,1.10
2007.12.27 09:15:17.369,1.65625,1.65665,3.20,3.10
2007.12.27 09:15:17.532,1.65625,1.65665,3.20,3.10
2007.12.27 09:15:20.055,1.65625,1.6566,3.20,0.60
2007.12.27 09:15:20.209,1.6563,1.6567,3.20,7.30
2007.12.27 09:15:20.361,1.6563,1.6567,5.20,0.90
2007.12.27 09:15:20.514,1.6563,1.65675,5.20,1.10
2007.12.27 09:15:29.199,1.6563,1.65675,2.00,1.10
2007.12.27 09:15:39.479,1.6563,1.65675,2.00,1.10
2007.12.27 09:15:44.678,1.6563,1.6566,2.00,0.20
2007.12.27 09:15:44.857,1.6562,1.6566,3.20,0.20
2007.12.27 09:15:45.034,1.6562,1.6566,3.20,0.90
2007.12.27 09:15:45.212,1.6562,1.6566,3.20,0.90
2007.12.27 09:15:45.389,1.6562,1.6566,3.20,0.90
2007.12.27 09:15:45.567,1.6562,1.6566,3.20,0.90
2007.12.27 09:15:46.235,1.6562,1.6566,3.20,0.20
2007.12.27 09:15:46.563,1.6562,1.65665,3.20,0.20
2007.12.27 09:15:46.757,1.6562,1.6567,3.20,2.90
2007.12.27 09:15:46.949,1.65625,1.6567,3.20,0.90
2007.12.27 09:15:47.261,1.6563,1.6567,3.20,0.90
2007.12.27 09:15:47.454,1.6563,1.6567,3.20,2.90
2007.12.27 09:15:47.678,1.6563,1.6567,3.20,2.90
2007.12.27 09:15:47.981,1.6563,1.6567,3.20,0.90
2007.12.27 09:15:52.643,1.6563,1.6566,3.20,0.20
2007.12.27 09:15:52.791,1.6563,1.6566,3.20,0.90
2007.12.27 09:15:52.968,1.6562,1.6566,3.20,0.90
2007.12.27 09:15:53.146,1.6562,1.6566,3.20,0.80
2007.12.27 09:15:53.324,1.6562,1.65665,5.20,0.20
2007.12.27 09:15:53.581,1.6562,1.6567,5.20,0.90
2007.12.27 09:15:53.978,1.65625,1.6567,3.20,0.90
2007.12.27 09:15:54.691,1.6563,1.6567,3.20,0.90
2007.12.27 09:15:55.038,1.6563,1.65665,3.20,0.20
2007.12.27 09:15:55.210,1.6563,1.6567,3.20,0.90
2007.12.27 09:15:55.420,1.65625,1.6567,3.20,0.90
2007.12.27 09:15:56.708,1.6563,1.6567,3.20,0.90
2007.12.27 09:15:57.224,1.65625,1.6567,3.20,0.90
2007.12.27 09:16:00.772,1.65625,1.6567,3.20,0.90
2007.12.27 09:16:00.969,1.6563,1.6567,3.20,0.90
2007.12.27 09:16:04.678,1.6563,1.6566,3.20,0.20
2007.12.27 09:16:04.911,1.6563,1.6566,3.20,0.90
2007.12.27 09:16:05.194,1.6562,1.6566,3.20,0.90
2007.12.27 09:16:05.477,1.6562,1.6566,3.20,0.90
2007.12.27 09:16:06.158,1.6562,1.65655,3.20,0.20
2007.12.27 09:16:06.411,1.6562,1.65655,3.20,0.20
2007.12.27 09:16:06.663,1.65625,1.6566,3.20,0.90
2007.12.27 09:16:06.969,1.6562,1.6566,3.20,0.90
2007.12.27 09:16:07.227,1.6562,1.6566,3.20,0.90
2007.12.27 09:16:07.485,1.6562,1.6566,5.20,0.90
2007.12.27 09:16:07.743,1.6562,1.6566,3.20,0.90
2007.12.27 09:16:08.002,1.6562,1.6566,5.20,0.90
2007.12.27 09:16:08.268,1.6562,1.6566,5.20,0.90
2007.12.27 09:16:08.652,1.6562,1.6566,3.20,0.90
2007.12.27 09:16:09.211,1.6562,1.6566,3.20,0.80
2007.12.27 09:16:09.394,1.6562,1.6567,5.20,0.90
2007.12.27 09:16:09.592,1.65625,1.6567,3.20,0.90
2007.12.27 09:16:09.983,1.6563,1.6567,3.20,0.90
2007.12.27 09:16:11.635,1.6563,1.6566,3.20,0.20
2007.12.27 09:16:11.844,1.6563,1.6566,3.20,0.90
2007.12.27 09:16:12.052,1.65625,1.6566,3.20,0.90
2007.12.27 09:16:17.042,1.65625,1.65655,3.20,0.20
2007.12.27 09:16:17.265,1.6562,1.6566,5.20,0.80
2007.12.27 09:16:17.711,1.6563,1.6566,3.20,0.80
2007.12.27 09:16:18.196,1.6563,1.6567,3.20,0.90
2007.12.27 09:16:19.219,1.6563,1.6565,3.20,0.20
2007.12.27 09:16:19.491,1.6561,1.6565,6.40,0.20
2007.12.27 09:16:19.684,1.6561,1.65645,3.20,0.20
2007.12.27 09:16:19.878,1.6561,1.65645,3.20,0.20
2007.12.27 09:16:20.072,1.65605,1.65645,3.20,0.20
2007.12.27 09:16:20.264,1.656,1.65645,3.20,0.20
2007.12.27 09:16:20.570,1.656,1.6565,3.20,0.90
2007.12.27 09:16:20.828,1.65605,1.6565,3.20,0.90
2007.12.27 09:16:21.105,1.65605,1.65645,3.20,0.20
2007.12.27 09:16:21.363,1.6561,1.65645,3.20,0.20
2007.12.27 09:16:21.566,1.65605,1.65645,3.20,0.20
2007.12.27 09:16:22.042,1.65605,1.6565,3.20,0.90
2007.12.27 09:16:22.246,1.65605,1.6565,3.20,0.80
2007.12.27 09:16:22.449,1.65605,1.6566,3.20,0.80
2007.12.27 09:16:22.682,1.65605,1.6566,3.20,0.80
2007.12.27 09:16:22.918,1.6562,1.6566,3.20,0.80
2007.12.27 09:16:23.151,1.65615,1.6566,3.20,0.90
2007.12.27 09:16:23.383,1.6562,1.6566,3.20,0.90
2007.12.27 09:16:23.656,1.65615,1.6566,3.20,0.90
2007.12.27 09:16:23.929,1.6562,1.6567,2.00,0.90
2007.12.27 09:16:24.202,1.65625,1.6567,3.20,0.90
2007.12.27 09:16:25.677,1.65625,1.6567,3.20,0.80
2007.12.27 09:16:25.885,1.65625,1.65675,3.20,0.20
2007.12.27 09:16:26.095,1.6563,1.6567,3.20,0.20
2007.12.27 09:16:26.303,1.6563,1.6568,3.20,2.10
2007.12.27 09:16:26.512,1.6563,1.6567,5.20,0.80
2007.12.27 09:16:26.788,1.6564,1.65665,3.20,0.20
2007.12.27 09:16:27.037,1.6564,1.65665,3.20,0.20
2007.12.27 09:16:27.065,1.6564,1.65665,1.80,0.20
2007.12.27 09:16:27.300,1.6561,1.6567,8.40,0.90
2007.12.27 09:16:27.562,1.6561,1.6567,8.40,0.90
2007.12.27 09:16:27.831,1.65625,1.6567,1.40,0.90
2007.12.27 09:16:28.113,1.65625,1.65665,0.50,0.20
2007.12.27 09:16:28.380,1.6562,1.65665,5.20,0.20
2007.12.27 09:16:28.648,1.65625,1.6567,1.20,0.90
2007.12.27 09:16:28.891,1.6562,1.6568,6.00,2.90
2007.12.27 09:16:29.500,1.65635,1.6568,1.20,2.90
2007.12.27 09:16:29.743,1.6563,1.6568,4.00,2.00
2007.12.27 09:16:29.960,1.65635,1.6569,5.20,2.10
2007.12.27 09:16:30.177,1.6564,1.6569,5.20,0.90
2007.12.27 09:16:30.396,1.65645,1.6568,1.10,0.20
2007.12.27 09:16:30.614,1.6563,1.6568,6.40,0.90
2007.12.27 09:16:31.277,1.6563,1.6567,6.40,0.20
2007.12.27 09:16:31.555,1.6563,1.6567,2.10,0.90
2007.12.27 09:16:31.833,1.6562,1.6567,7.60,0.80
2007.12.27 09:16:32.040,1.6564,1.657,6.00,4.10
2007.12.27 09:16:32.472,1.6564,1.657,6.00,4.10
2007.12.27 09:16:32.742,1.65655,1.6568,1.10,0.20
2007.12.27 09:16:32.898,1.6563,1.6568,11.20,0.90
2007.12.27 09:16:33.040,1.6563,1.6568,10.00,0.90
2007.12.27 09:16:33.183,1.6563,1.6568,5.20,0.90
2007.12.27 09:16:33.326,1.6564,1.6568,2.00,0.90
2007.12.27 09:16:33.512,1.65635,1.6568,1.80,0.90
2007.12.27 09:16:34.200,1.6563,1.6568,5.20,0.80
2007.12.27 09:16:34.414,1.65635,1.6569,5.20,0.90
2007.12.27 09:16:34.625,1.6564,1.6569,5.20,0.90
2007.12.27 09:16:35.163,1.65645,1.6569,2.00,0.90
2007.12.27 09:16:35.306,1.6564,1.6568,5.20,0.20
2007.12.27 09:16:35.449,1.6564,1.6568,5.20,0.90
2007.12.27 09:16:35.592,1.6564,1.6568,5.20,0.90
2007.12.27 09:16:35.735,1.6564,1.6568,5.20,0.80
2007.12.27 09:16:35.928,1.6564,1.6569,5.20,0.90
2007.12.27 09:16:36.120,1.6564,1.6569,5.20,0.90
2007.12.27 09:16:36.313,1.6564,1.6569,5.20,0.90
2007.12.27 09:16:36.506,1.6565,1.6569,2.60,0.90
2007.12.27 09:16:36.700,1.65655,1.6569,1.60,0.90
2007.12.27 09:16:37.295,1.65655,1.6569,1.80,0.90
2007.12.27 09:16:37.542,1.6564,1.6569,5.20,0.90
2007.12.27 09:16:38.528,1.65655,1.6569,1.90,0.80
2007.12.27 09:16:38.697,1.65655,1.6569,0.60,0.80
2007.12.27 09:16:38.834,1.6567,1.65695,0.60,0.20
2007.12.27 09:16:39.004,1.6566,1.65695,3.20,0.20
2007.12.27 09:16:39.250,1.6566,1.657,3.20,0.80
2007.12.27 09:16:39.483,1.6567,1.6572,7.60,8.10
2007.12.27 09:16:39.716,1.6567,1.6571,7.60,0.20
2007.12.27 09:16:39.949,1.6568,1.6571,0.90,0.90
2007.12.27 09:16:40.184,1.6566,1.6571,7.60,0.90
2007.12.27 09:16:40.417,1.6569,1.6573,4.00,3.20
2007.12.27 09:16:40.650,1.6569,1.6575,7.20,0.90
2007.12.27 09:16:40.966,1.657,1.6575,5.20,0.90
2007.12.27 09:16:41.472,1.65705,1.6575,1.60,0.90
2007.12.27 09:16:41.848,1.657,1.6575,5.20,0.90
2007.12.27 09:16:42.031,1.6569,1.6575,8.40,0.90
2007.12.27 09:16:42.500,1.657,1.6575,5.20,0.90
2007.12.27 09:16:44.744,1.65705,1.6575,1.00,0.90
2007.12.27 09:16:44.937,1.657,1.6575,5.20,0.90
2007.12.27 09:16:45.132,1.657,1.6575,1.30,0.90
2007.12.27 09:16:48.493,1.657,1.6575,5.20,0.90
2007.12.27 09:16:48.804,1.6571,1.6575,0.90,0.90
2007.12.27 09:16:49.426,1.657,1.6575,5.20,0.90
2007.12.27 09:16:49.850,1.657,1.6575,6.40,0.90
2007.12.27 09:16:49.992,1.6571,1.6575,1.40,0.90
2007.12.27 09:16:51.242,1.65715,1.6575,1.50,0.90
2007.12.27 09:16:51.465,1.657,1.6575,6.40,0.90
2007.12.27 09:16:51.762,1.657,1.6575,6.40,0.90
2007.12.27 09:16:56.599,1.657,1.6575,6.40,0.80
2007.12.27 09:16:56.803,1.657,1.6576,8.40,0.90
2007.12.27 09:16:57.005,1.6571,1.6576,5.20,0.90
2007.12.27 09:16:57.472,1.6571,1.6576,5.20,0.90
2007.12.27 09:16:58.693,1.6572,1.6575,1.60,0.20
2007.12.27 09:16:58.915,1.6572,1.6575,0.80,0.90
2007.12.27 09:16:59.139,1.65705,1.6575,0.80,0.90
2007.12.27 09:16:59.436,1.657,1.6575,6.40,0.90
2007.12.27 09:16:59.782,1.6571,1.6575,1.30,0.20
2007.12.27 09:17:00.064,1.6571,1.65755,0.50,0.20
2007.12.27 09:17:04.091,1.657,1.6576,6.40,2.90
2007.12.27 09:17:04.335,1.657,1.6576,7.20,2.90
2007.12.27 09:17:04.577,1.65715,1.6576,1.80,2.90
2007.12.27 09:17:05.035,1.657,1.65755,7.20,0.20
2007.12.27 09:17:05.450,1.657,1.65755,7.20,0.20
2007.12.27 09:17:05.791,1.657,1.65755,6.40,0.20
2007.12.27 09:17:10.787,1.6571,1.65755,1.30,0.20
2007.12.27 09:17:11.015,1.65705,1.65755,1.90,0.20
2007.12.27 09:17:11.228,1.657,1.6576,5.20,2.80
2007.12.27 09:17:11.442,1.6571,1.65765,5.20,0.20
2007.12.27 09:17:11.656,1.65715,1.6576,1.00,0.20
2007.12.27 09:17:11.868,1.6571,1.6576,5.20,0.90
2007.12.27 09:17:12.037,1.65715,1.6576,1.00,0.90
2007.12.27 09:17:12.262,1.6571,1.6576,5.20,0.90
2007.12.27 09:17:12.453,1.65715,1.6576,1.60,0.90
2007.12.27 09:17:13.805,1.657,1.6576,6.00,0.90
2007.12.27 09:17:14.099,1.657,1.6575,5.20,0.90
2007.12.27 09:17:18.580,1.657,1.6575,5.20,0.80
2007.12.27 09:17:18.824,1.657,1.65755,5.20,0.20
2007.12.27 09:17:20.990,1.657,1.6575,5.20,0.20
2007.12.27 09:17:21.218,1.65705,1.6575,1.90,0.90
2007.12.27 09:17:21.500,1.657,1.6575,5.20,0.90
2007.12.27 09:17:21.914,1.65705,1.6575,0.60,0.90
2007.12.27 09:17:22.229,1.6569,1.6575,8.40,0.90
2007.12.27 09:17:24.197,1.657,1.6575,2.20,0.80
2007.12.27 09:17:24.445,1.657,1.65755,5.20,0.20
2007.12.27 09:17:24.694,1.65705,1.6575,0.70,0.90
2007.12.27 09:17:25.230,1.65705,1.6575,0.80,0.90
2007.12.27 09:17:25.454,1.65705,1.6575,1.30,0.90
2007.12.27 09:17:25.677,1.657,1.6575,5.20,0.80
2007.12.27 09:17:25.900,1.657,1.65755,5.20,0.20
2007.12.27 09:17:26.789,1.657,1.65735,5.20,0.20
2007.12.27 09:17:26.972,1.657,1.65735,1.40,0.20
2007.12.27 09:17:27.145,1.6569,1.65735,6.40,0.20
2007.12.27 09:17:27.319,1.6569,1.6573,1.10,0.20
2007.12.27 09:17:27.502,1.6567,1.6573,5.20,0.90
2007.12.27 09:17:27.685,1.65685,1.6573,0.90,0.90
2007.12.27 09:17:27.867,1.6567,1.6573,5.20,0.90
2007.12.27 09:17:29.150,1.6567,1.6573,4.00,0.90
2007.12.27 09:17:29.408,1.65685,1.6573,0.70,0.90
2007.12.27 09:17:29.625,1.65685,1.6572,1.80,0.20
2007.12.27 09:17:29.815,1.65685,1.6572,1.50,0.90
2007.12.27 09:17:30.030,1.6566,1.6572,5.20,0.90
2007.12.27 09:17:31.172,1.6568,1.65715,1.60,0.20
2007.12.27 09:17:31.420,1.6566,1.65715,4.40,0.20
2007.12.27 09:17:31.607,1.6566,1.65715,4.40,0.20
2007.12.27 09:17:32.084,1.65675,1.6572,0.60,0.90
2007.12.27 09:17:32.272,1.65675,1.6572,0.50,0.90
2007.12.27 09:17:32.478,1.6566,1.6572,7.20,0.90
2007.12.27 09:17:33.191,1.6568,1.6572,1.80,0.90
2007.12.27 09:17:34.806,1.6568,1.6572,0.50,0.80
2007.12.27 09:17:34.969,1.6568,1.6572,5.20,0.80
2007.12.27 09:17:35.133,1.6568,1.6574,6.00,2.90
2007.12.27 09:17:35.294,1.6568,1.6574,6.00,2.90
2007.12.27 09:17:35.462,1.6568,1.6573,6.00,0.20
2007.12.27 09:17:35.671,1.6567,1.6573,10.00,0.90
2007.12.27 09:17:35.880,1.65685,1.6572,1.70,0.20
2007.12.27 09:17:36.087,1.65685,1.6572,1.90,0.90
2007.12.27 09:17:36.295,1.6567,1.6572,4.40,0.90
2007.12.27 09:17:37.162,1.6566,1.6572,7.20,0.90
2007.12.27 09:17:37.350,1.6566,1.6572,7.20,0.90
2007.12.27 09:17:39.360,1.6568,1.6572,1.90,0.80
2007.12.27 09:17:39.544,1.6567,1.6573,6.00,2.90
2007.12.27 09:17:41.139,1.6567,1.6573,7.20,2.90
2007.12.27 09:17:41.475,1.6569,1.6573,1.60,2.90
2007.12.27 09:17:43.602,1.6567,1.65725,7.20,0.20
2007.12.27 09:17:43.855,1.6569,1.65725,1.20,0.20
2007.12.27 09:17:43.976,1.6567,1.65725,6.40,0.20
2007.12.27 09:17:44.121,1.6567,1.6573,6.40,2.90
2007.12.27 09:17:44.237,1.65685,1.6573,1.80,0.90
2007.12.27 09:17:44.349,1.65685,1.6573,0.90,0.90
2007.12.27 09:17:44.483,1.6567,1.6573,6.40,0.90
2007.12.27 09:17:45.364,1.65685,1.6573,3.20,0.90
2007.12.27 09:17:46.311,1.65685,1.6572,3.20,0.20
2007.12.27 09:17:46.473,1.65675,1.6572,3.20,0.20
2007.12.27 09:17:46.611,1.65675,1.6572,3.20,0.90
2007.12.27 09:17:47.036,1.65675,1.65715,3.20,0.20
2007.12.27 09:17:47.224,1.65675,1.65715,3.20,0.20
2007.12.27 09:17:47.411,1.65675,1.65715,3.20,0.20
2007.12.27 09:17:47.600,1.65675,1.65715,3.20,0.20
2007.12.27 09:17:47.788,1.65675,1.6571,3.20,0.90
2007.12.27 09:17:48.009,1.65675,1.6571,3.20,0.90
2007.12.27 09:17:48.392,1.65675,1.657,3.20,0.20
2007.12.27 09:17:48.586,1.65665,1.657,3.20,0.90
2007.12.27 09:17:48.778,1.65665,1.657,3.20,0.90
2007.12.27 09:17:49.319,1.65665,1.657,3.20,0.80
2007.12.27 09:17:49.587,1.6566,1.6571,3.20,0.90
2007.12.27 09:17:49.855,1.6567,1.6571,3.20,0.90
2007.12.27 09:17:50.562,1.6567,1.65705,3.20,0.20
2007.12.27 09:17:50.766,1.6567,1.65705,3.20,0.20
2007.12.27 09:17:51.020,1.65665,1.65705,3.20,0.20
2007.12.27 09:17:51.238,1.6566,1.65705,3.20,0.20
2007.12.27 09:17:51.440,1.65665,1.65705,3.20,0.20
2007.12.27 09:17:54.618,1.65665,1.6571,3.20,0.90
2007.12.27 09:17:54.797,1.65665,1.6571,3.20,0.90
2007.12.27 09:17:54.975,1.6567,1.6571,3.20,0.90
2007.12.27 09:17:55.266,1.6567,1.6571,3.20,0.90
2007.12.27 09:17:55.523,1.65675,1.6571,3.20,0.90
2007.12.27 09:17:55.782,1.65675,1.65715,3.20,0.20
2007.12.27 09:17:56.041,1.65675,1.65715,3.20,0.20
2007.12.27 09:17:56.522,1.65675,1.65715,3.20,0.20
2007.12.27 09:17:57.104,1.65675,1.6572,3.20,0.90
2007.12.27 09:17:57.307,1.65675,1.6572,3.20,0.90
2007.12.27 09:17:57.639,1.65675,1.65715,3.20,0.20
2007.12.27 09:17:57.842,1.6568,1.65715,3.20,0.20
2007.12.27 09:17:58.190,1.65675,1.65715,3.20,0.20
2007.12.27 09:18:01.686,1.6567,1.65715,3.20,0.20
2007.12.27 09:18:02.201,1.6567,1.65715,3.20,0.20
2007.12.27 09:18:03.341,1.6567,1.6572,3.20,0.80
2007.12.27 09:18:03.509,1.6569,1.6572,1.20,0.80
2007.12.27 09:18:03.676,1.657,1.6573,1.20,3.20
2007.12.27 09:18:03.845,1.65715,1.65755,3.20,0.20
2007.12.27 09:18:04.013,1.65715,1.65755,3.20,0.20
2007.12.27 09:18:04.231,1.6571,1.65755,3.20,0.20
2007.12.27 09:18:04.753,1.65715,1.65755,3.20,0.20
2007.12.27 09:18:05.454,1.65715,1.65755,3.20,0.20
2007.12.27 09:18:07.062,1.65715,1.6576,3.20,0.90
2007.12.27 09:18:07.246,1.6572,1.6576,2.00,0.90
2007.12.27 09:18:07.271,1.6572,1.6576,0.70,0.90
2007.12.27 09:18:07.429,1.65715,1.6576,5.20,0.90
2007.12.27 09:18:09.347,1.65715,1.6576,5.20,0.80
2007.12.27 09:18:09.604,1.65715,1.6577,5.20,0.90
2007.12.27 09:18:09.727,1.65725,1.6577,2.00,0.90
2007.12.27 09:18:11.012,1.65725,1.6576,0.60,0.20
2007.12.27 09:18:11.210,1.6572,1.6576,0.60,0.90
2007.12.27 09:18:11.407,1.6571,1.6576,6.40,0.90
2007.12.27 09:18:12.450,1.6572,1.6576,1.40,0.90
2007.12.27 09:18:12.749,1.6571,1.6576,6.40,0.90
2007.12.27 09:18:13.168,1.6571,1.6576,6.40,0.90
2007.12.27 09:18:13.478,1.6572,1.6576,1.20,0.90
2007.12.27 09:18:15.890,1.6571,1.6576,6.40,0.80
2007.12.27 09:18:16.052,1.6571,1.6576,7.60,0.80
2007.12.27 09:18:16.215,1.6571,1.65765,8.40,0.20
2007.12.27 09:18:16.378,1.6572,1.65765,5.20,0.20
2007.12.27 09:18:16.542,1.65725,1.6576,0.80,0.20
2007.12.27 09:18:16.849,1.6571,1.6576,6.40,0.90
2007.12.27 09:18:18.490,1.6571,1.6576,5.20,0.90
2007.12.27 09:18:18.669,1.6571,1.6576,5.20,0.90
2007.12.27 09:18:18.920,1.6571,1.6574,5.20,0.20
2007.12.27 09:18:19.144,1.6572,1.6574,2.00,0.90
2007.12.27 09:18:19.366,1.65695,1.6574,0.60,0.90
2007.12.27 09:18:19.589,1.6568,1.6574,5.20,0.90
2007.12.27 09:18:19.842,1.6568,1.6574,5.20,0.90
2007.12.27 09:18:20.446,1.6568,1.6574,5.20,0.80
2007.12.27 09:18:20.699,1.65695,1.65755,6.00,3.20
2007.12.27 09:18:20.836,1.65715,1.6576,0.70,4.10
2007.12.27 09:18:24.405,1.657,1.6574,6.00,0.20
2007.12.27 09:18:24.574,1.65715,1.6574,1.50,0.20
2007.12.27 09:18:24.742,1.6569,1.6574,8.00,0.90
2007.12.27 09:18:24.894,1.6568,1.6574,5.20,0.90
2007.12.27 09:18:25.047,1.65695,1.6573,2.00,0.20
2007.12.27 09:18:25.200,1.65685,1.6573,1.80,0.90
2007.12.27 09:18:25.353,1.65685,1.6573,2.00,0.90
2007.12.27 09:18:28.648,1.65685,1.6573,0.70,0.80
2007.12.27 09:18:28.854,1.6567,1.65735,7.20,0.20
2007.12.27 09:18:29.048,1.6569,1.65735,0.90,0.20
2007.12.27 09:18:29.195,1.6567,1.6574,7.20,0.90
2007.12.27 09:18:29.431,1.6567,1.6574,12.00,0.90
2007.12.27 09:18:29.660,1.6569,1.6574,1.10,0.90
2007.12.27 09:18:29.810,1.65695,1.6574,0.70,0.90
2007.12.27 09:18:30.108,1.6568,1.65735,6.00,0.20
2007.12.27 09:18:30.427,1.6568,1.65735,5.20,0.20
2007.12.27 09:18:30.744,1.6569,1.65735,0.70,0.20
2007.12.27 09:18:31.062,1.6568,1.6574,18.00,0.80
2007.12.27 09:18:31.256,1.657,1.6575,4.00,2.00
2007.12.27 09:18:31.449,1.657,1.6576,5.20,4.10
2007.12.27 09:18:31.643,1.6571,1.6577,2.50,7.30
2007.12.27 09:18:31.837,1.6571,1.65765,5.20,0.20
2007.12.27 09:18:32.029,1.6571,1.65765,5.20,0.20
2007.12.27 09:18:32.291,1.6572,1.65765,1.80,0.20
2007.12.27 09:18:33.111,1.6571,1.6577,5.20,4.10
2007.12.27 09:18:33.498,1.6571,1.6577,5.20,4.10
2007.12.27 09:18:33.656,1.6571,1.6576,5.20,0.80
2007.12.27 09:18:33.817,1.65725,1.65765,0.90,0.20
2007.12.27 09:18:34.155,1.6571,1.6576,6.00,0.20
2007.12.27 09:18:34.388,1.6571,1.6576,5.20,0.90
2007.12.27 09:18:34.621,1.6572,1.6576,1.60,0.90
2007.12.27 09:18:36.027,1.6572,1.65755,1.40,0.20
2007.12.27 09:18:36.190,1.6571,1.65755,5.20,0.20
2007.12.27 09:18:36.418,1.65715,1.65755,3.20,0.20
2007.12.27 09:18:39.337,1.657,1.65755,5.20,0.20
2007.12.27 09:18:39.962,1.65715,1.6573,1.90,2.00
2007.12.27 09:18:40.205,1.65715,1.6572,1.10,0.90
2007.12.27 09:18:40.408,1.6567,1.6572,6.40,0.90
2007.12.27 09:18:40.610,1.6568,1.6572,1.10,2.90
2007.12.27 09:18:40.813,1.6571,1.6572,1.80,2.80
2007.12.27 09:18:41.017,1.6571,1.6572,2.00,2.80
2007.12.27 09:18:41.285,1.657,1.6572,4.00,2.00
2007.12.27 09:18:41.572,1.6571,1.65755,1.50,0.20
2007.12.27 09:18:41.874,1.657,1.65765,5.20,0.20
2007.12.27 09:18:42.148,1.657,1.6576,4.00,0.20
2007.12.27 09:18:42.437,1.6571,1.6576,1.20,2.00
2007.12.27 09:18:42.704,1.6571,1.6576,1.80,2.90
2007.12.27 09:18:42.973,1.6571,1.6576,1.90,0.90
2007.12.27 09:18:43.240,1.657,1.65765,5.20,0.20
2007.12.27 09:18:43.523,1.65715,1.65765,1.60,0.20
2007.12.27 09:18:43.806,1.6569,1.65765,0.50,0.20
2007.12.27 09:18:44.089,1.65705,1.6573,1.70,0.80
2007.12.27 09:18:44.373,1.657,1.65735,1.90,0.20
2007.12.27 09:18:44.621,1.6568,1.65725,4.40,0.20
2007.12.27 09:18:44.868,1.6568,1.65735,0.70,0.20
2007.12.27 09:18:45.163,1.6567,1.6574,8.40,6.10
2007.12.27 09:18:45.411,1.6568,1.6574,6.40,2.90
2007.12.27 09:18:45.695,1.6568,1.6572,5.20,0.90
2007.12.27 09:18:46.010,1.6568,1.6572,5.20,0.90
2007.12.27 09:18:46.293,1.65675,1.6572,5.20,0.20
2007.12.27 09:18:46.571,1.65675,1.6571,5.20,0.20
2007.12.27 09:18:46.850,1.65685,1.6571,1.90,0.80
2007.12.27 09:18:47.128,1.6568,1.6571,5.20,0.80
2007.12.27 09:18:47.406,1.65675,1.65715,1.90,0.20
2007.12.27 09:18:47.650,1.65675,1.65735,14.00,3.20
2007.12.27 09:18:47.893,1.6573,1.6574,1.80,2.40
2007.12.27 09:18:48.136,1.65725,1.6577,0.50,0.80
2007.12.27 09:18:48.378,1.6571,1.65775,5.20,0.20
2007.12.27 09:18:48.652,1.65735,1.65765,2.00,0.20
2007.12.27 09:18:48.924,1.6571,1.65765,4.40,0.20
2007.12.27 09:18:49.198,1.6571,1.65765,4.40,0.20
2007.12.27 09:18:49.551,1.65725,1.6576,1.40,2.00
2007.12.27 09:18:49.826,1.65725,1.65765,0.80,0.20
2007.12.27 09:18:50.089,1.65725,1.6577,1.80,2.90
2007.12.27 09:18:50.352,1.65725,1.6577,0.50,2.90
2007.12.27 09:18:50.576,1.65725,1.6575,1.20,0.20
2007.12.27 09:18:50.799,1.657,1.65755,6.40,0.20
2007.12.27 09:18:51.022,1.657,1.6576,6.40,2.80
2007.12.27 09:18:51.245,1.6571,1.6576,0.50,0.20
2007.12.27 09:18:51.468,1.6573,1.6576,1.30,0.20
2007.12.27 09:18:51.733,1.65715,1.65755,0.60,0.20
2007.12.27 09:18:51.996,1.6569,1.65755,12.00,0.20
2007.12.27 09:18:52.260,1.6569,1.65755,7.20,0.20
2007.12.27 09:18:52.641,1.6569,1.6575,7.20,0.20
2007.12.27 09:18:52.915,1.6569,1.6575,5.20,0.90
2007.12.27 09:18:53.188,1.6571,1.6575,1.20,0.90
2007.12.27 09:18:53.482,1.6571,1.6575,1.00,0.80
2007.12.27 09:18:53.725,1.6571,1.6576,0.70,0.80
2007.12.27 09:18:53.967,1.6571,1.6577,4.00,0.90
2007.12.27 09:18:54.210,1.6571,1.6577,4.00,0.90
2007.12.27 09:18:54.566,1.6571,1.6577,5.20,0.90
2007.12.27 09:18:54.830,1.6571,1.6577,5.20,0.90
2007.12.27 09:18:55.149,1.6571,1.6577,5.20,0.80
2007.12.27 09:18:55.428,1.6571,1.65775,5.20,0.20
2007.12.27 09:18:55.706,1.6573,1.6578,0.60,0.90
2007.12.27 09:18:55.935,1.6572,1.6578,5.20,0.90
2007.12.27 09:18:56.244,1.65735,1.6578,1.40,0.90
2007.12.27 09:18:56.654,1.6572,1.6578,5.20,0.90
2007.12.27 09:18:56.953,1.65735,1.65775,0.60,0.20
2007.12.27 09:18:57.267,1.6571,1.65765,5.20,0.20
2007.12.27 09:18:57.550,1.6571,1.65765,4.40,0.20
2007.12.27 09:18:57.912,1.6571,1.65765,4.40,0.20
2007.12.27 09:18:58.899,1.657,1.65765,5.20,0.20
2007.12.27 09:18:59.206,1.657,1.6576,5.20,0.20
2007.12.27 09:18:59.514,1.657,1.6576,5.20,0.20
2007.12.27 09:18:59.823,1.657,1.6576,5.20,0.90
2007.12.27 09:19:00.020,1.65715,1.65755,1.60,0.20
2007.12.27 09:19:00.212,1.657,1.65755,5.20,0.20
2007.12.27 09:19:00.405,1.657,1.65755,4.40,0.20
2007.12.27 09:19:00.598,1.657,1.65755,4.40,0.20
2007.12.27 09:19:00.964,1.657,1.6576,4.40,0.80
2007.12.27 09:19:01.262,1.65715,1.6575,0.90,0.20
2007.12.27 09:19:01.559,1.65705,1.6575,1.90,0.90
2007.12.27 09:19:02.254,1.65705,1.6575,0.60,0.90
2007.12.27 09:19:02.613,1.6569,1.6575,5.20,0.80
2007.12.27 09:19:02.834,1.657,1.6576,5.20,0.90
2007.12.27 09:19:03.068,1.657,1.6576,5.20,0.90
2007.12.27 09:19:03.301,1.657,1.65765,5.20,0.20
2007.12.27 09:19:03.535,1.657,1.65765,5.20,0.20
2007.12.27 09:19:03.767,1.657,1.65765,5.20,0.20
2007.12.27 09:19:04.021,1.657,1.65765,5.20,0.20
2007.12.27 09:19:04.272,1.6572,1.6578,2.60,3.20
2007.12.27 09:19:04.525,1.6572,1.65785,5.20,0.20
2007.12.27 09:19:04.778,1.6572,1.65785,5.20,0.20
2007.12.27 09:19:05.037,1.6572,1.6579,5.20,0.80
2007.12.27 09:19:05.295,1.65735,1.65795,0.60,3.20
2007.12.27 09:19:05.578,1.6572,1.6579,4.40,1.20
2007.12.27 09:19:05.837,1.6572,1.6579,4.40,4.40
2007.12.27 09:19:06.160,1.65735,1.6579,0.50,1.20
2007.12.27 09:19:06.479,1.6572,1.6579,4.40,4.40
2007.12.27 09:19:06.988,1.6572,1.6579,4.40,4.40
2007.12.27 09:19:07.226,1.6573,1.6579,1.80,3.20
2007.12.27 09:19:07.719,1.6572,1.65795,4.40,3.20
2007.12.27 09:19:08.026,1.65735,1.65795,0.80,3.20
2007.12.27 09:19:08.284,1.6571,1.6579,9.20,1.20
2007.12.27 09:19:08.541,1.65735,1.6579,3.20,1.20
2007.12.27 09:19:08.800,1.65735,1.6579,3.20,1.20
2007.12.27 09:19:09.057,1.65725,1.65785,3.20,3.20
2007.12.27 09:19:09.315,1.65725,1.6578,3.20,1.20
2007.12.27 09:19:09.574,1.6573,1.6579,3.20,4.40
2007.12.27 09:19:09.832,1.6573,1.6579,3.20,4.40
2007.12.27 09:19:10.084,1.6573,1.6579,3.20,4.40
2007.12.27 09:19:10.338,1.6573,1.6578,3.20,1.20
2007.12.27 09:19:10.400,1.6573,1.6578,3.20,0.50
2007.12.27 09:19:10.592,1.6573,1.65775,3.20,0.40
2007.12.27 09:19:10.846,1.6572,1.65765,3.20,1.10
2007.12.27 09:19:11.083,1.65725,1.65765,3.20,1.10
2007.12.27 09:19:11.321,1.65715,1.65765,3.20,1.10
2007.12.27 09:19:11.561,1.65715,1.6576,3.20,0.90
2007.12.27 09:19:12.054,1.65715,1.6575,3.20,0.40
2007.12.27 09:19:12.312,1.65715,1.6575,3.20,1.10
2007.12.27 09:19:12.570,1.65705,1.6575,3.20,1.10
2007.12.27 09:19:12.990,1.65705,1.6575,3.20,0.90
2007.12.27 09:19:13.223,1.65705,1.65755,3.20,1.10
2007.12.27 09:19:13.524,1.65705,1.65755,3.20,1.00
2007.12.27 09:19:13.757,1.6571,1.65755,3.20,1.00
2007.12.27 09:19:13.989,1.6571,1.6576,3.20,2.30
2007.12.27 09:19:14.798,1.6571,1.6576,3.20,1.10
2007.12.27 09:19:15.016,1.6571,1.6576,3.20,1.10
2007.12.27 09:19:15.895,1.65715,1.6576,3.20,1.10
2007.12.27 09:19:16.093,1.65715,1.6576,3.20,1.10
2007.12.27 09:19:16.287,1.65715,1.65755,3.20,0.20
2007.12.27 09:19:16.509,1.65715,1.6575,3.20,0.40
2007.12.27 09:19:16.702,1.65715,1.6575,3.20,0.40
2007.12.27 09:19:16.894,1.65705,1.6575,3.20,1.10
2007.12.27 09:19:17.087,1.65705,1.65745,3.20,0.20
2007.12.27 09:19:17.314,1.6571,1.6575,3.20,1.10
2007.12.27 09:19:17.966,1.6571,1.6575,3.20,0.90
2007.12.27 09:19:18.194,1.6571,1.65755,3.20,1.10
2007.12.27 09:19:21.069,1.6571,1.6575,3.20,1.10
2007.12.27 09:19:21.197,1.6571,1.6575,3.20,1.10
2007.12.27 09:19:21.325,1.6571,1.6575,3.20,1.10
2007.12.27 09:19:21.648,1.6571,1.6574,3.20,0.40
2007.12.27 09:19:21.972,1.6571,1.6574,3.20,1.10
2007.12.27 09:19:22.295,1.657,1.65755,3.20,1.10
2007.12.27 09:19:22.497,1.65705,1.6575,3.20,0.90
2007.12.27 09:19:22.720,1.6571,1.65755,3.20,1.10
2007.12.27 09:19:22.922,1.6571,1.65755,3.20,1.10
2007.12.27 09:19:23.126,1.6571,1.6575,3.20,0.80
2007.12.27 09:19:23.328,1.6571,1.65755,3.20,0.20
2007.12.27 09:19:23.611,1.6571,1.65755,3.20,0.40
2007.12.27 09:19:23.895,1.6571,1.6575,3.20,0.90
2007.12.27 09:19:24.179,1.65705,1.6575,3.20,0.90
2007.12.27 09:19:24.631,1.65705,1.65755,3.20,1.00
2007.12.27 09:19:24.884,1.65705,1.6576,3.20,2.30
2007.12.27 09:19:25.137,1.6571,1.65765,3.20,2.30
2007.12.27 09:19:25.577,1.6571,1.6576,3.20,2.30
2007.12.27 09:19:25.817,1.65715,1.6575,3.20,0.80
2007.12.27 09:19:26.050,1.65705,1.6576,3.20,5.20
2007.12.27 09:19:26.284,1.65705,1.6575,3.20,0.90
2007.12.27 09:19:26.516,1.657,1.6576,3.20,4.40
2007.12.27 09:19:27.184,1.657,1.6576,3.20,4.50
2007.12.27 09:19:27.447,1.6569,1.6575,3.20,0.50
2007.12.27 09:19:27.650,1.6569,1.6575,3.20,0.70
2007.12.27 09:19:27.853,1.6569,1.6575,3.20,0.80
2007.12.27 09:19:28.056,1.6569,1.6575,3.20,0.90
2007.12.27 09:19:28.260,1.657,1.6575,3.20,0.50
2007.12.27 09:19:29.058,1.657,1.6576,3.20,9.30
2007.12.27 09:19:29.333,1.65715,1.6576,3.20,0.80
2007.12.27 09:19:29.606,1.65715,1.6576,3.20,0.60
2007.12.27 09:19:30.927,1.6571,1.6576,3.20,0.60
2007.12.27 09:19:31.159,1.6571,1.6576,3.20,0.70
2007.12.27 09:19:35.208,1.6571,1.65765,3.20,2.30
2007.12.27 09:19:35.477,1.6571,1.6576,3.20,0.80
2007.12.27 09:19:35.745,1.6571,1.65755,3.20,0.20
2007.12.27 09:19:36.009,1.65705,1.65755,3.20,0.20
2007.12.27 09:19:37.072,1.65705,1.65765,3.20,5.40
2007.12.27 09:19:37.320,1.65705,1.65765,3.20,5.40
2007.12.27 09:19:37.568,1.6571,1.6576,3.20,2.10
2007.12.27 09:19:38.120,1.6571,1.6575,3.20,0.20
2007.12.27 09:19:38.350,1.6571,1.6575,3.20,0.90
2007.12.27 09:19:38.578,1.6571,1.6575,3.20,0.90
2007.12.27 09:19:38.809,1.657,1.65755,3.20,0.20
2007.12.27 09:19:39.085,1.657,1.65755,3.20,0.20
2007.12.27 09:19:39.639,1.657,1.6576,3.20,5.30
2007.12.27 09:19:39.902,1.65705,1.6576,3.20,2.10
2007.12.27 09:19:40.140,1.65705,1.6576,3.20,2.10
2007.12.27 09:19:40.378,1.65705,1.65755,3.20,0.20
2007.12.27 09:19:40.682,1.6571,1.65755,3.20,0.20
2007.12.27 09:19:40.920,1.65715,1.6575,3.20,0.90
2007.12.27 09:19:41.173,1.65715,1.65755,3.20,0.20
2007.12.27 09:19:41.426,1.6571,1.65755,3.20,0.20
2007.12.27 09:19:41.729,1.6571,1.65755,3.20,0.20
2007.12.27 09:19:53.969,1.6571,1.6576,3.20,2.10
2007.12.27 09:19:54.156,1.6571,1.65755,3.20,0.20
2007.12.27 09:19:54.370,1.65715,1.65755,3.20,0.20
2007.12.27 09:19:54.582,1.65715,1.65755,3.20,0.20
2007.12.27 09:19:54.795,1.65715,1.65755,3.20,0.20
2007.12.27 09:19:55.408,1.6571,1.65755,3.20,0.20
2007.12.27 09:19:55.655,1.6571,1.6576,3.20,0.90
2007.12.27 09:19:56.176,1.6571,1.6576,3.20,0.90
2007.12.27 09:19:56.379,1.65715,1.6576,3.20,0.90
2007.12.27 09:19:56.581,1.65715,1.6576,3.20,0.90
2007.12.27 09:20:00.634,1.65715,1.65755,3.20,0.20
2007.12.27 09:20:00.865,1.65715,1.65755,3.20,0.20
2007.12.27 09:20:01.093,1.6571,1.65755,3.20,0.20
2007.12.27 09:20:09.636,1.6571,1.6575,3.20,0.20
2007.12.27 09:20:09.880,1.65705,1.6575,3.20,0.90
2007.12.27 09:20:10.164,1.65705,1.6575,3.20,0.80
2007.12.27 09:20:10.407,1.6571,1.6575,3.20,0.80
2007.12.27 09:20:10.713,1.6571,1.65755,3.20,0.20
2007.12.27 09:20:11.621,1.65705,1.65755,3.20,0.20
2007.12.27 09:20:12.664,1.65705,1.6576,3.20,0.80
2007.12.27 09:20:12.897,1.6571,1.65765,2.00,3.30
2007.12.27 09:20:13.130,1.65715,1.65765,3.20,0.20
2007.12.27 09:20:14.631,1.65715,1.6576,3.20,0.20
2007.12.27 09:20:14.837,1.65715,1.6576,3.20,2.90
2007.12.27 09:20:15.039,1.6571,1.6576,3.20,2.90
2007.12.27 09:20:15.241,1.6571,1.6576,5.20,0.90
2007.12.27 09:20:15.444,1.6571,1.6576,5.20,0.90
2007.12.27 09:20:15.545,1.6571,1.65765,5.20,1.10
2007.12.27 09:20:15.794,1.6571,1.6576,3.20,0.90
2007.12.27 09:20:16.022,1.6571,1.65765,3.20,3.10
2007.12.27 09:20:16.250,1.6571,1.6575,3.20,0.20
2007.12.27 09:20:16.490,1.657,1.6575,3.20,0.90
2007.12.27 09:20:21.593,1.657,1.6575,3.20,0.80
2007.12.27 09:20:21.817,1.6571,1.6576,3.20,0.60
2007.12.27 09:20:25.119,1.6571,1.6577,3.20,16.50
2007.12.27 09:20:25.278,1.6572,1.6577,3.20,7.30
2007.12.27 09:20:25.436,1.6572,1.6577,3.20,4.10
2007.12.27 09:20:25.650,1.6572,1.6576,3.20,0.90
2007.12.27 09:20:25.808,1.6572,1.6576,3.20,0.70
2007.12.27 09:20:29.165,1.6572,1.6576,3.20,0.70
2007.12.27 09:20:29.431,1.6572,1.6576,3.20,0.80
2007.12.27 09:20:29.999,1.6572,1.65765,3.20,2.20
2007.12.27 09:20:30.217,1.6572,1.6576,3.20,0.50
2007.12.27 09:20:30.436,1.6571,1.6576,3.20,4.50
2007.12.27 09:20:30.653,1.6571,1.6575,3.20,0.60
2007.12.27 09:20:30.871,1.65705,1.6575,3.20,0.90
2007.12.27 09:20:31.139,1.6571,1.6576,3.20,7.30
2007.12.27 09:20:31.407,1.6571,1.65765,0.80,6.60
2007.12.27 09:20:31.675,1.6571,1.6576,4.00,0.80
2007.12.27 09:20:31.943,1.6571,1.65765,3.20,2.30
2007.12.27 09:20:32.212,1.6571,1.65765,3.20,4.20
2007.12.27 09:20:32.479,1.6572,1.65765,3.20,3.40
2007.12.27 09:20:32.747,1.6571,1.6576,3.20,0.70
2007.12.27 09:20:33.015,1.6571,1.6576,3.20,0.80
2007.12.27 09:20:33.273,1.65705,1.65765,3.20,4.10
2007.12.27 09:20:33.531,1.65705,1.6576,3.20,0.80
2007.12.27 09:20:33.789,1.65705,1.65765,3.20,4.10
2007.12.27 09:20:34.105,1.65705,1.65765,3.20,0.70
2007.12.27 09:20:34.627,1.6571,1.6577,0.80,7.40
2007.12.27 09:20:34.889,1.65715,1.6577,3.20,0.50
2007.12.27 09:20:35.152,1.65715,1.65775,3.20,5.40
2007.12.27 09:20:35.365,1.6572,1.6577,3.20,0.80
2007.12.27 09:20:35.706,1.6572,1.6577,3.20,0.60
2007.12.27 09:20:35.944,1.6572,1.6577,3.20,0.50
2007.12.27 09:20:36.158,1.6572,1.6577,3.20,0.80
2007.12.27 09:20:36.427,1.6572,1.6577,3.20,0.90
2007.12.27 09:20:36.694,1.65715,1.65775,3.20,4.10
2007.12.27 09:20:36.962,1.6572,1.6577,4.00,0.80
2007.12.27 09:20:37.230,1.6572,1.65775,0.80,4.50
2007.12.27 09:20:40.057,1.6572,1.6578,0.80,5.40
2007.12.27 09:20:40.464,1.6572,1.65775,0.80,0.70
2007.12.27 09:20:40.681,1.6572,1.6578,0.80,5.20
2007.12.27 09:20:40.854,1.6572,1.6578,0.80,4.40
2007.12.27 09:20:41.027,1.6572,1.65775,4.00,0.20
2007.12.27 09:20:41.200,1.6572,1.65775,0.80,1.50
2007.12.27 09:20:41.473,1.6573,1.65775,3.20,2.30
2007.12.27 09:20:41.939,1.65715,1.6577,3.20,0.70
2007.12.27 09:20:42.212,1.65715,1.65765,3.20,0.20
2007.12.27 09:20:42.480,1.6571,1.65765,3.20,0.40
2007.12.27 09:20:42.748,1.65705,1.6577,3.20,5.40
2007.12.27 09:20:43.257,1.65705,1.65765,3.20,0.80
2007.12.27 09:20:43.535,1.6571,1.6577,3.20,7.50
2007.12.27 09:20:45.055,1.6571,1.65755,3.20,0.20
2007.12.27 09:20:45.278,1.6571,1.6576,3.20,2.10
2007.12.27 09:20:45.501,1.657,1.6576,3.20,5.30
2007.12.27 09:20:45.769,1.657,1.6576,4.00,4.40
2007.12.27 09:20:46.037,1.65705,1.6576,3.20,1.20
2007.12.27 09:20:46.305,1.6571,1.6576,3.20,1.20
2007.12.27 09:20:46.687,1.6571,1.6576,3.20,2.00
2007.12.27 09:20:46.946,1.6571,1.6576,3.20,2.10
2007.12.27 09:20:47.438,1.65705,1.6576,3.20,2.10
2007.12.27 09:20:47.668,1.65705,1.6576,3.20,2.00
2007.12.27 09:20:47.907,1.65705,1.6576,3.20,1.20
2007.12.27 09:20:48.123,1.65705,1.6576,3.20,1.20
2007.12.27 09:20:48.351,1.6571,1.65765,3.20,0.20
2007.12.27 09:20:48.624,1.6571,1.65765,3.20,0.20
2007.12.27 09:20:52.712,1.6571,1.65765,3.20,0.20
2007.12.27 09:20:53.244,1.6571,1.6577,3.20,7.20
2007.12.27 09:20:53.372,1.6572,1.6577,3.20,3.20
2007.12.27 09:20:54.419,1.6572,1.6577,3.20,3.20
2007.12.27 09:20:55.209,1.6572,1.6577,3.20,3.20
2007.12.27 09:20:55.346,1.6572,1.6578,6.00,6.40
2007.12.27 09:20:55.530,1.6573,1.6578,3.20,3.20
2007.12.27 09:20:55.816,1.6573,1.6577,3.20,2.00
2007.12.27 09:20:56.074,1.65735,1.6577,3.20,2.00
2007.12.27 09:20:56.332,1.65735,1.6577,3.20,2.00
2007.12.27 09:20:59.157,1.65735,1.65765,3.20,0.20
2007.12.27 09:20:59.370,1.65735,1.6576,3.20,2.00
2007.12.27 09:20:59.573,1.65715,1.6576,3.20,2.00
2007.12.27 09:20:59.775,1.65715,1.6576,3.20,2.00
2007.12.27 09:21:02.655,1.65715,1.6576,3.20,0.50
2007.12.27 09:21:03.731,1.65715,1.65755,3.20,0.20
2007.12.27 09:21:04.020,1.65705,1.6575,3.20,2.00
2007.12.27 09:21:04.202,1.65705,1.65755,3.20,0.20
2007.12.27 09:21:04.384,1.65705,1.65755,3.20,0.20
2007.12.27 09:21:04.568,1.65705,1.65755,3.20,0.20
2007.12.27 09:21:05.594,1.65705,1.65745,3.20,0.20
2007.12.27 09:21:05.826,1.65705,1.65745,3.20,0.20
2007.12.27 09:21:06.058,1.65705,1.65745,3.20,0.20
2007.12.27 09:21:06.287,1.65695,1.6575,3.20,4.10
2007.12.27 09:21:06.519,1.65705,1.6575,3.20,4.10
2007.12.27 09:21:06.926,1.65705,1.6575,3.20,4.10
2007.12.27 09:21:08.617,1.65705,1.65745,3.20,0.20
2007.12.27 09:21:08.928,1.657,1.65745,3.20,0.20
2007.12.27 09:21:09.215,1.657,1.6574,3.20,2.00
2007.12.27 09:21:09.467,1.657,1.6574,3.20,2.00
2007.12.27 09:21:10.168,1.657,1.6574,3.20,2.10
2007.12.27 09:21:10.412,1.657,1.6574,3.20,2.90
2007.12.27 09:21:10.650,1.657,1.6574,3.20,2.90
2007.12.27 09:21:10.891,1.65695,1.6574,3.20,2.90
2007.12.27 09:21:11.127,1.65695,1.65735,3.20,0.20
2007.12.27 09:21:11.370,1.65695,1.65735,3.20,0.20
2007.12.27 09:21:11.612,1.6569,1.65735,3.20,0.20
2007.12.27 09:21:11.854,1.6569,1.6574,5.20,0.90
2007.12.27 09:21:12.141,1.65695,1.6574,3.20,0.90
2007.12.27 09:21:12.329,1.65695,1.6574,3.20,2.90
2007.12.27 09:21:12.515,1.657,1.6574,3.20,2.90
2007.12.27 09:21:12.752,1.657,1.6574,3.20,2.80
2007.12.27 09:21:12.941,1.657,1.6575,3.20,2.90
2007.12.27 09:21:13.163,1.65705,1.6575,3.20,2.90
2007.12.27 09:21:13.386,1.65705,1.6575,3.20,2.90
2007.12.27 09:21:13.908,1.65705,1.6575,3.20,2.90
2007.12.27 09:21:14.421,1.65705,1.6575,3.20,2.90
2007.12.27 09:21:14.809,1.65705,1.6575,3.20,0.90
2007.12.27 09:21:15.017,1.65705,1.6575,3.20,0.90
2007.12.27 09:21:15.331,1.65705,1.6575,3.20,2.90
2007.12.27 09:21:15.484,1.65705,1.6575,3.20,2.90
2007.12.27 09:21:15.753,1.65705,1.6575,3.20,2.90
2007.12.27 09:21:15.956,1.65705,1.6575,3.20,2.90
2007.12.27 09:21:16.356,1.65705,1.6575,3.20,2.90
2007.12.27 09:21:16.883,1.65705,1.6575,3.20,2.90
2007.12.27 09:21:17.208,1.65705,1.6574,3.20,0.20
2007.12.27 09:21:17.361,1.65705,1.6574,3.20,0.20
2007.12.27 09:21:17.513,1.65705,1.6574,3.20,0.90
2007.12.27 09:21:17.667,1.65705,1.65735,3.20,0.20
2007.12.27 09:21:17.820,1.657,1.65735,3.20,0.20
2007.12.27 09:21:17.973,1.65695,1.65735,3.20,0.20
2007.12.27 09:21:18.153,1.65695,1.6573,3.20,0.20
2007.12.27 09:21:18.486,1.65685,1.6573,3.20,0.20
2007.12.27 09:21:19.102,1.65685,1.65735,3.20,0.20
2007.12.27 09:21:19.436,1.65685,1.6573,3.20,2.80
2007.12.27 09:21:19.687,1.6569,1.6573,3.20,2.80
2007.12.27 09:21:19.895,1.6569,1.65735,3.20,0.20
2007.12.27 09:21:20.102,1.6569,1.65735,3.20,0.20
2007.12.27 09:21:20.667,1.6569,1.6574,3.20,2.90
2007.12.27 09:21:20.961,1.6569,1.6574,5.20,0.90
2007.12.27 09:21:21.253,1.657,1.6574,3.20,0.90
2007.12.27 09:21:21.594,1.657,1.65735,3.20,0.20
2007.12.27 09:21:21.692,1.6569,1.65735,5.20,0.20
2007.12.27 09:21:21.897,1.6569,1.65735,2.20,0.20
2007.12.27 09:21:22.115,1.6569,1.65735,1.50,0.20
2007.12.27 09:21:22.332,1.6569,1.6573,1.60,0.20
2007.12.27 09:21:22.550,1.6569,1.6573,0.60,0.20
2007.12.27 09:21:22.769,1.65685,1.65725,1.80,0.20
2007.12.27 09:21:22.987,1.65685,1.65725,1.30,0.20
2007.12.27 09:21:23.217,1.65685,1.65725,1.00,0.20
2007.12.27 09:21:23.501,1.6568,1.65725,5.20,0.20
2007.12.27 09:21:23.784,1.6568,1.65725,0.80,0.20
2007.12.27 09:21:24.067,1.6568,1.65725,0.60,0.20
2007.12.27 09:21:24.350,1.6567,1.65725,6.40,0.20
2007.12.27 09:21:24.587,1.6567,1.6573,6.40,2.90
2007.12.27 09:21:24.900,1.6567,1.6573,6.40,2.90
2007.12.27 09:21:25.147,1.6567,1.6573,7.20,2.90
2007.12.27 09:21:25.370,1.6568,1.6573,5.20,0.90
2007.12.27 09:21:25.583,1.6568,1.6573,5.20,0.90
2007.12.27 09:21:29.568,1.6568,1.6573,5.20,0.80
2007.12.27 09:21:29.769,1.6568,1.65735,5.20,0.20
2007.12.27 09:21:29.952,1.6568,1.65735,5.20,0.20
2007.12.27 09:21:30.148,1.6568,1.65735,5.20,0.20
2007.12.27 09:21:30.445,1.6568,1.65735,5.20,0.20
2007.12.27 09:21:32.374,1.6568,1.65735,5.20,0.20
2007.12.27 09:21:32.577,1.6568,1.65735,6.00,0.20
2007.12.27 09:21:36.373,1.6568,1.65735,6.00,0.20
2007.12.27 09:21:36.889,1.65685,1.65735,2.00,0.20
2007.12.27 09:21:37.715,1.6568,1.65735,2.10,0.20
2007.12.27 09:21:38.366,1.65675,1.65735,6.00,3.30
2007.12.27 09:21:38.798,1.65675,1.65735,4.00,3.30
2007.12.27 09:21:38.977,1.6567,1.65725,5.20,3.20
2007.12.27 09:21:39.155,1.65665,1.65725,5.20,3.20
2007.12.27 09:21:45.620,1.6567,1.65725,0.70,3.20
2007.12.27 09:21:45.830,1.65665,1.65725,7.20,3.20
2007.12.27 09:21:46.028,1.6566,1.6573,11.60,3.20
2007.12.27 09:21:46.650,1.6567,1.65735,7.20,3.30
2007.12.27 09:21:46.848,1.6567,1.6573,5.20,0.90
2007.12.27 09:21:47.055,1.6566,1.6573,15.20,4.10
2007.12.27 09:21:51.061,1.6567,1.6573,5.20,4.00
2007.12.27 09:21:51.220,1.65675,1.6573,3.20,0.80
2007.12.27 09:21:51.366,1.65675,1.65735,3.20,3.30
2007.12.27 09:21:51.509,1.65675,1.65735,3.20,3.30
2007.12.27 09:21:51.651,1.65675,1.65735,3.20,3.30
2007.12.27 09:21:51.806,1.65675,1.6573,3.20,0.90
2007.12.27 09:21:52.151,1.6567,1.6573,5.20,4.10
2007.12.27 09:21:52.485,1.6567,1.6573,4.00,4.10
2007.12.27 09:21:52.818,1.6567,1.6573,6.00,3.20
2007.12.27 09:21:53.151,1.6567,1.6573,6.00,3.30
2007.12.27 09:21:53.342,1.65675,1.6573,3.20,0.90
2007.12.27 09:21:53.520,1.65675,1.6573,3.20,2.10
2007.12.27 09:21:53.698,1.65675,1.6573,3.20,2.10
2007.12.27 09:21:53.877,1.65675,1.6573,3.20,1.20
2007.12.27 09:21:54.068,1.6568,1.6573,2.80,4.40
2007.12.27 09:21:54.318,1.6568,1.65725,2.80,3.20
2007.12.27 09:21:54.581,1.6568,1.6573,6.00,1.20
2007.12.27 09:21:54.957,1.6568,1.6573,2.80,1.20
2007.12.27 09:21:55.191,1.6568,1.65735,2.80,3.30
2007.12.27 09:21:55.437,1.6568,1.65735,6.00,0.20
2007.12.27 09:21:55.668,1.6568,1.6573,6.00,0.20
2007.12.27 09:21:55.765,1.6568,1.6573,3.10,0.20
2007.12.27 09:21:55.902,1.6567,1.65725,2.80,3.20
2007.12.27 09:21:56.135,1.6567,1.65725,2.80,3.20
2007.12.27 09:21:56.398,1.6568,1.65725,2.80,3.20
2007.12.27 09:21:56.660,1.6568,1.65725,2.80,3.20
2007.12.27 09:21:56.923,1.6568,1.6574,6.00,6.40
2007.12.27 09:21:58.641,1.6568,1.6573,6.00,0.20
2007.12.27 09:21:58.890,1.6568,1.65725,2.80,3.20
2007.12.27 09:21:59.182,1.6567,1.65725,2.80,3.20
2007.12.27 09:21:59.420,1.6568,1.6573,2.00,5.30
2007.12.27 09:21:59.923,1.6567,1.6573,6.00,7.30
2007.12.27 09:22:00.160,1.6567,1.6573,6.00,7.30
2007.12.27 09:22:01.027,1.6567,1.6573,6.00,7.20
2007.12.27 09:22:01.262,1.6568,1.6573,0.80,6.40
2007.12.27 09:22:02.945,1.6568,1.6573,0.80,3.20
2007.12.27 09:22:03.158,1.6568,1.6573,0.80,3.20
2007.12.27 09:22:03.351,1.6568,1.6573,0.80,3.20
2007.12.27 09:22:03.544,1.6568,1.6573,0.80,3.20
2007.12.27 09:22:03.736,1.65675,1.6573,3.20,4.10
2007.12.27 09:22:03.930,1.6567,1.65725,2.80,3.20
2007.12.27 09:22:04.402,1.6567,1.6573,6.00,7.30
2007.12.27 09:22:05.123,1.657,1.6573,0.80,7.30
2007.12.27 09:22:06.111,1.657,1.6573,0.80,7.30
2007.12.27 09:22:06.288,1.657,1.6573,0.80,7.30
2007.12.27 09:22:07.662,1.657,1.65725,0.80,0.20
2007.12.27 09:22:07.840,1.657,1.65725,0.80,0.20
2007.12.27 09:22:11.414,1.657,1.65725,0.80,0.20
2007.12.27 09:22:11.615,1.657,1.6573,0.80,7.30
2007.12.27 09:22:11.807,1.657,1.6573,0.80,7.30
2007.12.27 09:22:12.001,1.657,1.6573,0.80,5.30
2007.12.27 09:22:12.193,1.657,1.65725,0.80,0.20
2007.12.27 09:22:12.386,1.657,1.65725,0.80,0.20
2007.12.27 09:22:12.694,1.657,1.65725,0.80,0.20
2007.12.27 09:22:13.002,1.657,1.65725,0.80,0.20
2007.12.27 09:22:13.310,1.657,1.65725,0.80,3.30
2007.12.27 09:22:13.687,1.657,1.65725,0.80,3.20
2007.12.27 09:22:13.900,1.657,1.65725,0.80,3.20
2007.12.27 09:22:14.113,1.657,1.65735,0.80,3.30
2007.12.27 09:22:14.339,1.657,1.65735,0.80,3.30
2007.12.27 09:22:14.605,1.657,1.65735,0.80,3.30
2007.12.27 09:22:15.031,1.657,1.65725,0.80,0.20
2007.12.27 09:22:15.310,1.657,1.65725,0.80,0.20
2007.12.27 09:22:15.587,1.657,1.65725,0.80,0.20
2007.12.27 09:22:15.845,1.657,1.65725,0.80,3.30
2007.12.27 09:22:16.102,1.657,1.65725,0.80,3.30
2007.12.27 09:22:16.360,1.657,1.65725,0.80,3.30
2007.12.27 09:22:17.106,1.657,1.65725,0.80,3.20
2007.12.27 09:22:17.339,1.657,1.6572,0.80,0.20
2007.12.27 09:22:17.572,1.657,1.6572,0.80,0.90
2007.12.27 09:22:17.776,1.657,1.6572,0.80,0.90
2007.12.27 09:22:18.142,1.657,1.6572,0.80,0.80
2007.12.27 09:22:18.360,1.657,1.65725,0.80,3.30
2007.12.27 09:22:18.548,1.657,1.65725,0.80,0.20
2007.12.27 09:22:18.806,1.657,1.6572,0.80,2.90
2007.12.27 09:22:19.064,1.657,1.6572,0.80,2.90
2007.12.27 09:22:19.322,1.657,1.6572,0.80,2.90
2007.12.27 09:22:21.360,1.657,1.65705,0.80,0.20
2007.12.27 09:22:21.518,1.657,1.65705,0.80,0.20
2007.12.27 09:22:21.816,1.6566,1.65705,2.00,0.20
2007.12.27 09:22:22.113,1.6565,1.657,4.40,2.00
2007.12.27 09:22:22.411,1.6565,1.657,4.40,2.00
2007.12.27 09:22:23.042,1.6565,1.657,4.40,2.00
2007.12.27 09:22:23.305,1.6565,1.6571,7.20,6.10
2007.12.27 09:22:23.482,1.6565,1.6571,7.20,6.10
2007.12.27 09:22:33.721,1.6565,1.65705,4.00,3.20
2007.12.27 09:22:33.931,1.6565,1.6571,7.20,6.10
2007.12.27 09:22:34.119,1.6565,1.65705,7.20,0.20
2007.12.27 09:22:35.065,1.6565,1.6571,7.20,6.10
2007.12.27 09:22:48.504,1.6565,1.6571,7.20,6.10
2007.12.27 09:22:48.708,1.6565,1.6571,7.20,6.10
2007.12.27 09:22:48.876,1.6565,1.6571,7.20,5.20
2007.12.27 09:22:49.044,1.65655,1.6571,3.20,2.00
2007.12.27 09:22:49.431,1.6566,1.6571,3.20,2.00
2007.12.27 09:22:50.109,1.6566,1.6571,4.40,2.00
2007.12.27 09:22:50.377,1.6566,1.6571,4.40,2.00
2007.12.27 09:22:51.983,1.6566,1.6571,4.40,2.10
2007.12.27 09:22:52.162,1.6566,1.6571,3.20,2.10
2007.12.27 09:22:52.339,1.6566,1.6571,3.20,2.90
2007.12.27 09:22:52.518,1.6565,1.6571,7.20,6.10
2007.12.27 09:22:52.786,1.6565,1.6571,7.20,6.10
2007.12.27 09:22:52.884,1.6565,1.65715,7.20,6.30
2007.12.27 09:22:53.054,1.6565,1.65705,7.20,0.20
2007.12.27 09:22:55.102,1.6565,1.657,7.20,0.20
2007.12.27 09:22:55.303,1.6565,1.657,4.40,2.90
2007.12.27 09:22:55.475,1.6565,1.657,4.40,2.90
2007.12.27 09:22:55.694,1.6565,1.65695,4.40,0.20
2007.12.27 09:22:55.911,1.6565,1.65695,1.20,0.20
2007.12.27 09:22:56.129,1.6565,1.657,1.20,2.90
2007.12.27 09:22:56.346,1.6564,1.657,7.20,6.10
2007.12.27 09:22:57.024,1.6564,1.657,7.20,6.10
2007.12.27 09:22:57.292,1.6564,1.657,7.20,6.10
2007.12.27 09:22:57.592,1.6564,1.657,7.20,6.00
2007.12.27 09:22:57.796,1.65645,1.657,3.20,2.00
2007.12.27 09:22:57.998,1.65645,1.657,3.20,2.00
2007.12.27 09:22:58.201,1.65645,1.657,3.20,2.00
2007.12.27 09:23:01.638,1.65645,1.657,3.20,2.00
2007.12.27 09:23:01.761,1.6565,1.65705,2.80,3.20
2007.12.27 09:23:01.884,1.6565,1.6571,6.00,6.10
2007.12.27 09:23:02.065,1.6565,1.65705,6.00,0.20
2007.12.27 09:23:02.175,1.6565,1.65705,7.20,0.20
2007.12.27 09:23:02.297,1.6565,1.65705,7.20,0.20
2007.12.27 09:23:05.895,1.6565,1.6571,7.20,6.00
2007.12.27 09:23:06.027,1.6566,1.6571,3.20,2.80
2007.12.27 09:23:06.119,1.6566,1.6571,3.20,0.80
2007.12.27 09:23:06.268,1.6566,1.65715,5.20,0.20
2007.12.27 09:23:09.424,1.6566,1.65705,5.20,0.20
2007.12.27 09:23:09.657,1.6566,1.65705,3.20,0.20
2007.12.27 09:23:09.879,1.6565,1.65705,12.00,0.20
2007.12.27 09:23:10.105,1.6565,1.657,4.00,2.10
2007.12.27 09:23:10.258,1.6564,1.657,12.00,6.10
2007.12.27 09:23:10.410,1.6564,1.657,7.20,6.10
2007.12.27 09:23:10.909,1.6564,1.657,7.20,6.10
2007.12.27 09:23:12.647,1.6564,1.657,7.20,6.10
2007.12.27 09:23:12.805,1.6564,1.65685,7.20,0.20
2007.12.27 09:23:12.963,1.6564,1.65685,5.20,0.20
2007.12.27 09:23:13.122,1.6563,1.65685,11.20,0.20
2007.12.27 09:23:13.328,1.6564,1.6569,2.00,4.00
2007.12.27 09:23:13.521,1.6564,1.6569,5.20,0.80
2007.12.27 09:23:13.717,1.6564,1.65685,5.20,0.20
2007.12.27 09:23:13.909,1.6564,1.65685,2.00,0.20
2007.12.27 09:23:14.101,1.6563,1.6569,6.40,6.10
2007.12.27 09:23:14.405,1.6563,1.6569,7.20,6.00
2007.12.27 09:23:14.708,1.6565,1.657,2.00,0.90
2007.12.27 09:23:15.015,1.65645,1.657,3.20,2.90
2007.12.27 09:23:15.318,1.6565,1.657,1.20,2.90
2007.12.27 09:23:15.515,1.6565,1.657,1.20,2.90
2007.12.27 09:23:16.185,1.6565,1.657,1.20,2.80
2007.12.27 09:23:16.427,1.6565,1.657,4.40,2.80
2007.12.27 09:23:16.659,1.6565,1.657,4.40,2.00
2007.12.27 09:23:17.015,1.6565,1.657,4.40,2.00
2007.12.27 09:23:18.010,1.6565,1.65705,6.40,0.20
2007.12.27 09:23:18.193,1.6565,1.65695,6.40,0.20
2007.12.27 09:23:18.330,1.6565,1.65695,4.40,0.20
2007.12.27 09:23:18.471,1.6565,1.65695,1.20,0.20
2007.12.27 09:23:18.977,1.6565,1.657,1.20,2.90
2007.12.27 09:23:21.981,1.6565,1.657,1.20,2.80
2007.12.27 09:23:22.117,1.65685,1.657,3.20,2.80
2007.12.27 09:23:22.254,1.65685,1.657,3.20,0.80
2007.12.27 09:23:22.437,1.65685,1.6572,3.20,0.20
2007.12.27 09:23:22.620,1.65685,1.6572,3.20,0.90
2007.12.27 09:23:22.803,1.6568,1.6572,1.20,0.90
2007.12.27 09:23:23.007,1.6567,1.6572,1.20,0.90
2007.12.27 09:23:25.205,1.6567,1.6572,1.20,0.90
2007.12.27 09:23:26.126,1.6567,1.6572,1.20,4.10
2007.12.27 09:23:26.435,1.6567,1.6571,1.20,0.20
2007.12.27 09:23:26.568,1.6567,1.6571,1.20,0.20
2007.12.27 09:23:26.702,1.6566,1.6571,1.20,4.10
2007.12.27 09:23:26.954,1.6566,1.6571,1.20,4.10
2007.12.27 09:23:27.666,1.6566,1.65705,1.20,3.20
2007.12.27 09:23:28.008,1.6566,1.657,1.20,0.20
2007.12.27 09:23:28.295,1.6565,1.657,0.80,3.30
2007.12.27 09:23:28.583,1.6564,1.657,7.20,4.10
2007.12.27 09:23:33.186,1.6564,1.65695,4.00,3.20
2007.12.27 09:23:33.365,1.6564,1.65695,4.00,3.20
2007.12.27 09:23:33.544,1.6564,1.65695,4.00,3.20
2007.12.27 09:23:33.840,1.6565,1.65695,0.80,3.20
2007.12.27 09:23:34.123,1.6565,1.65695,2.80,3.20
2007.12.27 09:23:34.405,1.6565,1.65705,6.00,0.20
2007.12.27 09:23:34.695,1.6565,1.65705,2.80,3.30
2007.12.27 09:23:35.140,1.6565,1.657,2.00,0.80
2007.12.27 09:23:35.378,1.65645,1.657,3.20,0.90
2007.12.27 09:23:35.616,1.6564,1.657,7.20,4.10
2007.12.27 09:23:36.006,1.6564,1.657,7.20,4.00
2007.12.27 09:23:36.209,1.6564,1.657,7.20,3.20
2007.12.27 09:23:36.628,1.6564,1.65695,7.20,0.20
2007.12.27 09:23:36.831,1.6564,1.65695,7.20,0.20
2007.12.27 09:23:37.014,1.6564,1.65695,7.20,0.20
2007.12.27 09:23:37.197,1.6564,1.65695,4.00,3.30
2007.12.27 09:23:38.060,1.6564,1.65695,4.00,3.20
2007.12.27 09:23:38.389,1.65645,1.657,3.20,0.90
2007.12.27 09:23:38.980,1.65645,1.65705,3.20,4.20
2007.12.27 09:23:39.009,1.65645,1.65705,3.20,4.10
2007.12.27 09:23:39.152,1.65645,1.65705,3.20,4.20
2007.12.27 09:23:39.331,1.6565,1.657,0.80,0.20
2007.12.27 09:23:39.468,1.6565,1.65705,4.00,0.40
2007.12.27 09:23:40.142,1.6565,1.6571,4.00,4.30
2007.12.27 09:23:40.475,1.6565,1.65705,6.00,0.20
2007.12.27 09:23:40.808,1.6565,1.65705,2.80,0.90
2007.12.27 09:23:41.394,1.6565,1.6571,6.00,4.30
2007.12.27 09:23:41.596,1.6565,1.65695,6.00,0.20
2007.12.27 09:23:41.744,1.6565,1.657,5.20,1.10
2007.12.27 09:23:41.920,1.6565,1.657,5.20,1.10
2007.12.27 09:23:42.207,1.6565,1.657,5.20,0.80
2007.12.27 09:23:42.495,1.6564,1.65705,7.20,3.40
2007.12.27 09:23:42.783,1.65645,1.65705,3.20,0.60
2007.12.27 09:23:43.071,1.65645,1.6571,3.20,4.20
2007.12.27 09:23:43.680,1.65645,1.65705,3.20,0.60
2007.12.27 09:23:43.949,1.6565,1.65705,2.80,0.70
2007.12.27 09:23:44.116,1.6565,1.65695,2.80,0.20
2007.12.27 09:23:44.284,1.6565,1.657,2.00,1.10
2007.12.27 09:23:44.453,1.6565,1.65705,4.00,0.20
2007.12.27 09:23:44.695,1.6565,1.65705,0.80,3.40
2007.12.27 09:23:44.863,1.6564,1.65705,6.40,4.20
2007.12.27 09:23:45.181,1.6564,1.657,6.40,4.30
2007.12.27 09:23:45.498,1.6564,1.65695,7.20,0.20
2007.12.27 09:23:45.969,1.6564,1.657,7.20,0.70
2007.12.27 09:23:46.592,1.6564,1.6571,7.20,10.50
2007.12.27 09:23:46.790,1.6565,1.657,0.80,0.50
2007.12.27 09:23:47.003,1.6565,1.65705,0.80,3.40
2007.12.27 09:23:47.263,1.65645,1.6571,3.20,5.40
2007.12.27 09:23:47.634,1.65645,1.65695,3.20,0.20
2007.12.27 09:23:47.887,1.6564,1.657,8.00,4.30
2007.12.27 09:23:48.105,1.6564,1.657,3.20,0.50
2007.12.27 09:23:48.325,1.65635,1.65695,3.20,0.60
2007.12.27 09:23:49.091,1.65635,1.657,3.20,4.10
2007.12.27 09:23:49.363,1.6564,1.657,0.80,4.10
2007.12.27 09:23:49.636,1.6564,1.65695,0.80,0.50
2007.12.27 09:23:50.470,1.6564,1.65705,4.00,4.30
2007.12.27 09:23:51.062,1.6564,1.657,4.00,0.90
2007.12.27 09:23:51.251,1.65655,1.6571,3.20,4.10
2007.12.27 09:23:51.438,1.65655,1.6571,3.20,0.90
2007.12.27 09:23:52.109,1.65655,1.65715,3.20,4.20
2007.12.27 09:23:52.428,1.65655,1.65715,3.20,4.20
2007.12.27 09:23:53.629,1.6565,1.6571,7.20,0.80
2007.12.27 09:23:54.054,1.6565,1.6571,7.20,0.90
2007.12.27 09:23:54.292,1.6566,1.6571,2.00,0.60
2007.12.27 09:23:54.529,1.6566,1.6572,2.00,5.40
2007.12.27 09:23:55.004,1.6566,1.65715,2.00,0.60
2007.12.27 09:23:55.239,1.6567,1.6572,2.00,4.50
2007.12.27 09:23:55.461,1.6567,1.65715,2.00,0.50
2007.12.27 09:23:55.697,1.6566,1.6571,0.80,0.90
2007.12.27 09:23:55.919,1.6566,1.6571,2.00,0.90
2007.12.27 09:23:56.142,1.6566,1.6571,2.00,0.90
2007.12.27 09:23:56.426,1.6566,1.65715,2.00,4.30
2007.12.27 09:23:56.694,1.6566,1.6571,2.00,4.30
2007.12.27 09:23:57.054,1.6566,1.6571,2.00,4.30
2007.12.27 09:23:57.268,1.6566,1.65705,2.00,0.80
2007.12.27 09:23:57.679,1.6566,1.6571,2.00,4.10
2007.12.27 09:23:57.891,1.6566,1.65715,2.00,4.30
2007.12.27 09:23:58.104,1.6566,1.65695,2.00,0.20
2007.12.27 09:23:58.367,1.6565,1.657,5.20,1.10
2007.12.27 09:23:58.630,1.6565,1.65695,5.20,0.20
2007.12.27 09:23:58.893,1.6565,1.657,2.00,4.20
2007.12.27 09:23:59.161,1.6565,1.65675,2.00,0.40
2007.12.27 09:23:59.434,1.6564,1.65675,2.00,0.40
2007.12.27 09:23:59.706,1.6564,1.65675,2.00,4.20
2007.12.27 09:23:59.979,1.6564,1.65675,2.00,4.20
2007.12.27 09:24:00.252,1.6563,1.65675,2.00,4.10
2007.12.27 09:24:00.535,1.6562,1.6568,7.20,6.30
2007.12.27 09:24:00.818,1.6563,1.6567,2.00,0.80
2007.12.27 09:24:01.101,1.6563,1.65665,2.00,0.40
2007.12.27 09:24:01.351,1.6563,1.65665,2.00,0.20
2007.12.27 09:24:01.595,1.6563,1.65665,2.00,1.00
2007.12.27 09:24:01.838,1.6562,1.6566,2.00,0.90
2007.12.27 09:24:02.139,1.6562,1.65665,2.00,4.30
2007.12.27 09:24:02.408,1.6561,1.65665,2.00,4.30
2007.12.27 09:24:02.676,1.6561,1.65645,2.00,0.20
2007.12.27 09:24:02.944,1.6561,1.65645,2.00,0.20
2007.12.27 09:24:03.211,1.656,1.6565,2.00,4.30
2007.12.27 09:24:03.465,1.656,1.65645,2.00,0.20
2007.12.27 09:24:03.718,1.6561,1.65655,2.00,4.10
2007.12.27 09:24:03.970,1.6561,1.6566,2.00,4.20
2007.12.27 09:24:04.223,1.6561,1.6566,2.00,4.20
2007.12.27 09:24:04.486,1.6561,1.6566,2.00,4.30
2007.12.27 09:24:04.748,1.6561,1.6567,2.00,10.50
2007.12.27 09:24:05.012,1.6561,1.6567,2.80,6.10
2007.12.27 09:24:05.274,1.6561,1.6565,6.00,0.20
2007.12.27 09:24:05.558,1.656,1.65655,7.60,3.50
2007.12.27 09:24:05.841,1.6559,1.6564,4.00,0.90
2007.12.27 09:24:06.125,1.656,1.6564,2.00,0.60
2007.12.27 09:24:06.402,1.656,1.6565,2.00,4.30
2007.12.27 09:24:06.699,1.656,1.65645,2.00,0.60
2007.12.27 09:24:07.057,1.656,1.65635,2.00,0.20
2007.12.27 09:24:07.336,1.6559,1.6564,2.00,1.10
2007.12.27 09:24:07.549,1.6559,1.65635,2.00,0.20
2007.12.27 09:24:07.761,1.6559,1.6564,2.00,0.70
2007.12.27 09:24:07.975,1.6559,1.65645,2.00,4.20
2007.12.27 09:24:08.192,1.6559,1.6564,3.20,0.90
2007.12.27 09:24:08.594,1.6559,1.6564,3.20,0.80
2007.12.27 09:24:08.903,1.656,1.65645,2.00,3.20
2007.12.27 09:24:09.211,1.656,1.6565,6.40,0.20
2007.12.27 09:24:09.458,1.656,1.6565,6.40,0.90
2007.12.27 09:24:10.040,1.656,1.6565,6.40,0.80
2007.12.27 09:24:10.288,1.6562,1.6566,2.00,4.10
2007.12.27 09:24:10.522,1.6562,1.6566,2.00,0.90
2007.12.27 09:24:10.768,1.65605,1.65655,3.20,0.20
2007.12.27 09:24:11.089,1.65605,1.65655,3.20,0.20
2007.12.27 09:24:11.320,1.65605,1.65655,3.20,0.20
2007.12.27 09:24:11.658,1.656,1.65655,7.20,0.20
2007.12.27 09:24:12.239,1.656,1.6565,7.20,0.20
2007.12.27 09:24:12.432,1.656,1.6565,7.20,0.20
2007.12.27 09:24:12.625,1.656,1.6565,6.40,0.90
2007.12.27 09:24:12.819,1.656,1.6565,4.00,0.20
2007.12.27 09:24:13.012,1.656,1.65655,4.00,3.30
2007.12.27 09:24:13.580,1.656,1.65655,4.00,3.20
2007.12.27 09:24:13.843,1.6562,1.65655,2.00,3.20
2007.12.27 09:24:14.107,1.6562,1.6566,2.00,4.10
2007.12.27 09:24:14.371,1.6562,1.6566,2.00,0.90
2007.12.27 09:24:14.662,1.6562,1.6566,2.00,0.90
2007.12.27 09:24:14.873,1.6561,1.6566,2.00,0.90
2007.12.27 09:24:17.090,1.6561,1.6566,2.00,0.80
2007.12.27 09:24:17.321,1.6561,1.65665,2.00,3.30
2007.12.27 09:24:20.008,1.6561,1.6566,2.00,0.20
2007.12.27 09:24:20.160,1.6561,1.6565,2.00,0.20
2007.12.27 09:24:20.308,1.65605,1.6565,3.20,0.90
2007.12.27 09:24:20.455,1.656,1.6565,6.40,0.90
2007.12.27 09:24:22.424,1.656,1.6565,3.20,0.90
2007.12.27 09:24:24.681,1.656,1.65645,3.20,0.20
2007.12.27 09:24:24.936,1.656,1.65645,3.20,0.20
2007.12.27 09:24:25.175,1.656,1.6564,2.00,0.20
2007.12.27 09:24:25.412,1.6559,1.6564,6.40,0.90
2007.12.27 09:24:25.649,1.6559,1.6564,6.40,0.90
2007.12.27 09:24:26.020,1.6559,1.6564,6.40,0.90
2007.12.27 09:24:26.672,1.6559,1.6564,3.20,0.90
2007.12.27 09:24:28.219,1.6559,1.6564,2.00,0.90
2007.12.27 09:24:28.482,1.6559,1.6564,2.00,0.90
2007.12.27 09:24:30.682,1.656,1.6564,2.00,0.90
2007.12.27 09:24:31.009,1.656,1.6564,2.00,0.90
2007.12.27 09:24:31.208,1.6559,1.6564,2.00,0.90
2007.12.27 09:24:34.009,1.6559,1.6564,2.00,0.90
2007.12.27 09:24:34.950,1.6559,1.6564,2.00,0.90
2007.12.27 09:24:37.959,1.6559,1.6564,2.00,0.90
2007.12.27 09:24:39.096,1.6559,1.6564,2.00,0.90
2007.12.27 09:24:40.136,1.6559,1.6563,2.00,0.20
2007.12.27 09:24:40.339,1.6559,1.6563,2.00,0.90
2007.12.27 09:24:40.541,1.6559,1.6563,2.00,0.90
2007.12.27 09:24:45.119,1.6559,1.6563,2.00,0.90
2007.12.27 09:24:45.136,1.6559,1.6563,2.00,0.90
2007.12.27 09:24:45.423,1.6559,1.65635,2.00,4.20
2007.12.27 09:24:48.033,1.6559,1.65635,2.00,4.10
2007.12.27 09:24:48.191,1.6559,1.6564,2.00,4.10
2007.12.27 09:24:48.349,1.656,1.6564,2.00,4.10
2007.12.27 09:24:48.506,1.656,1.65645,2.00,4.30
2007.12.27 09:24:48.739,1.656,1.65645,2.00,4.20
2007.12.27 09:24:48.975,1.656,1.6564,2.00,0.90
2007.12.27 09:24:50.213,1.656,1.6564,2.00,0.90
2007.12.27 09:24:53.952,1.656,1.6564,2.00,0.80
2007.12.27 09:24:54.146,1.656,1.65645,2.00,0.20
2007.12.27 09:24:54.456,1.656,1.65645,2.00,0.20
2007.12.27 09:24:54.991,1.656,1.65645,2.00,0.40
2007.12.27 09:24:55.164,1.656,1.6564,2.00,0.90
2007.12.27 09:24:56.952,1.656,1.6564,2.00,0.80
2007.12.27 09:24:57.119,1.656,1.6565,2.00,0.90
2007.12.27 09:24:57.288,1.6561,1.65655,2.00,3.40
2007.12.27 09:24:57.455,1.6561,1.6566,2.00,4.30
2007.12.27 09:24:57.811,1.656,1.65655,6.40,0.20
2007.12.27 09:24:58.104,1.656,1.6565,6.40,0.20
2007.12.27 09:24:58.397,1.656,1.65655,3.20,4.20
2007.12.27 09:24:59.772,1.6561,1.6565,2.00,0.20
2007.12.27 09:24:59.977,1.6561,1.6565,2.00,0.20
2007.12.27 09:25:00.174,1.6561,1.6566,2.00,4.00
2007.12.27 09:25:00.373,1.6561,1.65665,2.00,3.40
2007.12.27 09:25:00.570,1.6561,1.65665,2.00,3.40
2007.12.27 09:25:00.767,1.6561,1.6566,2.00,3.50
2007.12.27 09:25:01.083,1.6561,1.6566,2.00,4.20
2007.12.27 09:25:01.436,1.6561,1.65655,2.00,0.20
2007.12.27 09:25:01.725,1.6561,1.6567,2.00,9.30
2007.12.27 09:25:02.028,1.6562,1.65675,2.00,4.30
2007.12.27 09:25:02.296,1.6562,1.6567,2.00,0.90
2007.12.27 09:25:02.564,1.6562,1.65675,2.00,4.20
2007.12.27 09:25:02.831,1.6562,1.6568,2.00,6.20
2007.12.27 09:25:03.085,1.6562,1.65675,2.00,0.70
2007.12.27 09:25:03.338,1.6562,1.65675,5.20,0.20
2007.12.27 09:25:03.591,1.6562,1.65665,5.20,0.20
2007.12.27 09:25:03.934,1.6562,1.65665,2.00,0.20
2007.12.27 09:25:04.201,1.6562,1.6566,2.00,0.20
2007.12.27 09:25:04.464,1.6561,1.6566,6.40,0.90
2007.12.27 09:25:04.728,1.6561,1.65665,3.20,4.20
2007.12.27 09:25:04.991,1.6561,1.65665,1.20,4.20
2007.12.27 09:25:05.229,1.6561,1.6567,1.20,4.20
2007.12.27 09:25:05.467,1.6561,1.6566,3.20,0.80
2007.12.27 09:25:05.705,1.6561,1.65665,3.20,0.50
2007.12.27 09:25:05.943,1.6562,1.65665,2.00,0.20
2007.12.27 09:25:06.613,1.6562,1.65645,2.00,0.20
2007.12.27 09:25:06.861,1.6561,1.6565,5.20,1.10
2007.12.27 09:25:07.100,1.6561,1.65655,2.00,4.00
2007.12.27 09:25:07.337,1.6561,1.65655,2.00,0.80
2007.12.27 09:25:07.575,1.6561,1.65655,2.00,0.50
2007.12.27 09:25:07.812,1.6561,1.6566,2.00,1.10
2007.12.27 09:25:08.050,1.6561,1.65655,2.00,0.20
2007.12.27 09:25:08.329,1.6561,1.65665,2.00,4.30
2007.12.27 09:25:08.687,1.6561,1.6566,2.00,0.90
2007.12.27 09:25:09.216,1.65605,1.6566,3.20,0.60
2007.12.27 09:25:09.445,1.65605,1.6566,3.20,0.60
2007.12.27 09:25:09.729,1.65605,1.6566,3.20,0.50
2007.12.27 09:25:09.957,1.6561,1.65665,2.00,4.20
2007.12.27 09:25:10.185,1.6561,1.6566,2.00,1.10
2007.12.27 09:25:10.409,1.65605,1.6566,3.20,3.10
2007.12.27 09:25:10.631,1.656,1.65655,6.40,0.20
2007.12.27 09:25:10.854,1.6561,1.65665,2.00,3.40
2007.12.27 09:25:11.077,1.6561,1.6566,5.20,0.40
2007.12.27 09:25:11.326,1.6561,1.65655,3.20,0.20
2007.12.27 09:25:11.573,1.6561,1.6566,2.00,4.30
2007.12.27 09:25:11.822,1.6561,1.6566,2.00,0.60
2007.12.27 09:25:12.126,1.6561,1.6566,2.00,0.90
2007.12.27 09:25:13.631,1.6561,1.65665,2.00,4.20
2007.12.27 09:25:13.790,1.65605,1.65645,3.20,0.20
2007.12.27 09:25:13.949,1.656,1.6565,6.40,1.10
2007.12.27 09:25:14.106,1.656,1.65645,6.40,0.40
2007.12.27 09:25:14.265,1.656,1.6564,3.20,0.90
2007.12.27 09:25:14.667,1.656,1.6564,3.20,0.90
2007.12.27 09:25:14.935,1.656,1.6564,3.20,0.90
2007.12.27 09:25:15.204,1.656,1.6564,2.00,0.90
2007.12.27 09:25:15.442,1.656,1.6564,2.00,0.90
2007.12.27 09:25:15.725,1.6559,1.6564,3.20,0.90
2007.12.27 09:25:16.041,1.6559,1.6564,3.20,0.80
2007.12.27 09:25:16.278,1.656,1.65645,3.20,3.20
2007.12.27 09:25:16.481,1.656,1.65655,3.20,3.30
2007.12.27 09:25:16.683,1.656,1.6565,3.20,0.20
2007.12.27 09:25:16.886,1.656,1.6565,3.20,0.90
2007.12.27 09:25:17.089,1.656,1.6565,6.40,0.90
2007.12.27 09:25:17.292,1.656,1.6565,3.20,0.90
2007.12.27 09:25:17.603,1.656,1.6565,3.20,0.80
2007.12.27 09:25:17.876,1.656,1.65655,3.20,3.30
2007.12.27 09:25:18.148,1.656,1.6565,3.20,0.20
2007.12.27 09:25:18.420,1.656,1.6565,6.40,0.90
2007.12.27 09:25:18.948,1.656,1.6565,6.40,0.80
2007.12.27 09:25:19.181,1.656,1.65655,6.40,0.20
2007.12.27 09:25:29.008,1.656,1.65655,6.40,0.20
2007.12.27 09:25:33.686,1.656,1.6566,6.40,6.00
2007.12.27 09:25:34.020,1.6561,1.65665,2.00,3.30
2007.12.27 09:25:34.352,1.6561,1.65665,2.00,3.30
2007.12.27 09:25:41.981,1.6561,1.65655,2.00,0.20
2007.12.27 09:25:42.173,1.6561,1.65655,2.00,0.20
2007.12.27 09:25:42.360,1.6561,1.65655,2.00,0.20
2007.12.27 09:25:42.619,1.6561,1.6566,2.00,4.00
2007.12.27 09:25:42.830,1.6561,1.6566,2.00,3.20
2007.12.27 09:25:43.078,1.6561,1.6566,2.00,3.30
2007.12.27 09:25:43.326,1.6561,1.6566,2.00,0.90
2007.12.27 09:25:46.267,1.65605,1.6566,5.20,0.90
2007.12.27 09:25:46.967,1.6561,1.65655,0.60,0.20
2007.12.27 09:25:47.389,1.6561,1.65655,1.30,0.20
2007.12.27 09:25:47.599,1.656,1.6565,8.40,0.20
2007.12.27 09:25:47.738,1.6561,1.6565,1.30,0.90
2007.12.27 09:25:47.892,1.656,1.6565,0.50,0.90
2007.12.27 09:25:48.046,1.65595,1.6565,5.20,0.90
2007.12.27 09:25:48.418,1.656,1.6565,0.90,0.90
2007.12.27 09:25:49.144,1.65595,1.6564,5.20,0.20
2007.12.27 09:25:49.351,1.65595,1.6564,5.20,0.90
2007.12.27 09:25:49.500,1.6558,1.6564,13.20,0.90
2007.12.27 09:25:49.647,1.6558,1.6564,8.40,0.90
2007.12.27 09:25:49.806,1.65585,1.65645,6.00,3.20
2007.12.27 09:25:49.945,1.6561,1.65645,1.40,3.20
2007.12.27 09:25:50.093,1.6559,1.65645,5.20,3.20
2007.12.27 09:25:50.426,1.65595,1.65645,1.20,0.20
2007.12.27 09:25:50.758,1.6558,1.65645,20.40,0.20
2007.12.27 09:25:51.090,1.656,1.65645,0.60,0.20
2007.12.27 09:25:51.629,1.6559,1.6565,7.60,4.10
2007.12.27 09:25:51.991,1.656,1.6565,1.00,0.90
2007.12.27 09:25:54.636,1.65595,1.6565,5.20,0.80
2007.12.27 09:25:54.863,1.6561,1.65655,0.90,3.20
2007.12.27 09:25:55.071,1.65605,1.6566,5.20,0.90
2007.12.27 09:26:00.664,1.65605,1.65655,5.20,0.20
2007.12.27 09:26:00.972,1.656,1.65655,8.40,0.20
2007.12.27 09:26:04.698,1.6561,1.6565,0.70,0.20
2007.12.27 09:26:04.835,1.656,1.6565,7.60,0.90
2007.12.27 09:26:04.974,1.6561,1.6565,0.70,0.90
2007.12.27 09:26:05.323,1.65595,1.6565,6.40,0.90
2007.12.27 09:26:06.790,1.656,1.6565,0.50,0.80
2007.12.27 09:26:06.875,1.6561,1.6565,1.10,0.80
2007.12.27 09:26:06.958,1.65605,1.6565,5.20,0.80
2007.12.27 09:26:07.042,1.65605,1.6566,5.20,0.90
2007.12.27 09:26:07.178,1.6562,1.6566,0.70,0.90
2007.12.27 09:26:10.393,1.6561,1.6566,6.40,0.90
2007.12.27 09:26:10.913,1.6562,1.6566,1.20,0.90
2007.12.27 09:26:12.967,1.6561,1.6566,6.40,0.90
2007.12.27 09:26:15.292,1.6562,1.6566,2.00,0.80
2007.12.27 09:26:15.435,1.6562,1.6567,2.00,0.90
2007.12.27 09:26:18.288,1.6562,1.6565,2.00,0.20
2007.12.27 09:26:18.459,1.6562,1.6565,2.00,0.20
2007.12.27 09:26:18.604,1.6561,1.6565,2.00,0.90
2007.12.27 09:26:18.762,1.6561,1.6565,2.00,0.90
2007.12.27 09:26:18.973,1.6561,1.6565,2.00,0.90
2007.12.27 09:26:22.863,1.6561,1.6565,2.00,0.80
2007.12.27 09:26:23.006,1.6561,1.6566,5.20,0.90
2007.12.27 09:26:25.121,1.6561,1.6566,6.40,0.90
2007.12.27 09:26:25.299,1.6562,1.65665,2.00,0.20
2007.12.27 09:26:25.477,1.65615,1.65665,3.20,0.20
2007.12.27 09:26:25.654,1.65615,1.65665,3.20,0.20
2007.12.27 09:26:25.832,1.6562,1.6567,2.00,4.10
2007.12.27 09:26:26.010,1.6562,1.6567,2.00,4.10
2007.12.27 09:26:26.262,1.6562,1.6567,2.00,0.90
2007.12.27 09:26:31.362,1.6562,1.6567,1.10,0.90
2007.12.27 09:26:34.656,1.6561,1.6567,8.40,0.90
2007.12.27 09:26:40.296,1.6561,1.6566,8.40,0.20
2007.12.27 09:26:40.466,1.6561,1.6566,8.40,0.20
2007.12.27 09:26:40.588,1.6561,1.6566,7.60,0.90
2007.12.27 09:26:40.713,1.6562,1.6567,1.20,3.20
2007.12.27 09:26:40.993,1.6561,1.65675,8.40,0.20
2007.12.27 09:26:41.425,1.6563,1.65675,0.60,0.20
2007.12.27 09:26:42.235,1.6563,1.65675,1.00,0.20
2007.12.27 09:26:46.621,1.6562,1.6566,6.40,0.20
2007.12.27 09:26:46.789,1.6563,1.6566,1.40,0.20
2007.12.27 09:26:46.956,1.6562,1.6566,2.00,0.90
2007.12.27 09:26:47.125,1.6562,1.6566,1.60,0.90
2007.12.27 09:26:47.293,1.6562,1.6566,1.10,0.90
2007.12.27 09:26:47.461,1.6561,1.6566,6.40,0.90
2007.12.27 09:26:48.178,1.6561,1.65655,6.40,0.20
2007.12.27 09:26:48.471,1.6561,1.65655,1.60,0.20
2007.12.27 09:26:48.713,1.656,1.6566,8.40,0.90
2007.12.27 09:26:48.990,1.65605,1.6566,6.40,0.90
2007.12.27 09:26:49.232,1.656,1.6566,8.40,0.90
2007.12.27 09:26:49.476,1.65615,1.6566,1.70,0.90
2007.12.27 09:26:49.719,1.656,1.65665,21.20,0.20
2007.12.27 09:26:49.972,1.656,1.6566,21.20,0.20
2007.12.27 09:26:50.224,1.656,1.6566,25.20,0.90
2007.12.27 09:26:50.977,1.656,1.6566,25.20,0.80
2007.12.27 09:26:51.205,1.6561,1.6567,2.80,5.20
2007.12.27 09:26:51.432,1.6561,1.6567,2.00,3.20
2007.12.27 09:26:51.660,1.6562,1.6567,1.70,0.20
2007.12.27 09:26:51.903,1.6561,1.6567,9.60,0.20
2007.12.27 09:26:52.204,1.65615,1.6567,5.20,0.90
2007.12.27 09:26:53.051,1.6562,1.65665,0.90,0.20
2007.12.27 09:26:53.458,1.6562,1.65665,0.70,0.20
2007.12.27 09:26:53.716,1.6561,1.65665,3.60,0.20
2007.12.27 09:26:53.904,1.656,1.6567,8.40,6.00
2007.12.27 09:26:54.092,1.6563,1.6567,8.40,3.20
2007.12.27 09:26:54.280,1.65645,1.657,1.90,2.00
2007.12.27 09:26:54.468,1.6565,1.657,0.80,2.00
2007.12.27 09:26:54.656,1.6565,1.657,0.50,2.00
2007.12.27 09:26:54.899,1.6566,1.65715,1.70,0.20
2007.12.27 09:26:55.141,1.6565,1.6571,7.20,2.00
2007.12.27 09:26:55.384,1.6566,1.6571,0.60,2.00
2007.12.27 09:26:56.169,1.6566,1.65705,2.20,0.20
2007.12.27 09:26:56.415,1.6566,1.65705,2.60,0.20
2007.12.27 09:26:56.663,1.6565,1.65705,6.40,0.20
2007.12.27 09:26:56.857,1.65655,1.65705,1.20,0.20
2007.12.27 09:26:57.050,1.6564,1.6568,4.40,0.20
2007.12.27 09:26:57.243,1.6564,1.6568,0.60,0.90
2007.12.27 09:26:57.435,1.6563,1.6568,9.20,0.90
2007.12.27 09:26:57.702,1.6564,1.6568,0.80,0.90
2007.12.27 09:26:58.225,1.6563,1.6568,6.00,0.90
2007.12.27 09:26:58.517,1.6566,1.6568,4.40,0.90
2007.12.27 09:26:58.811,1.6568,1.6574,5.20,2.90
2007.12.27 09:26:58.994,1.6568,1.6574,5.20,0.90
2007.12.27 09:26:59.178,1.65685,1.65735,4.40,0.20
2007.12.27 09:26:59.363,1.65685,1.65735,4.40,0.20
2007.12.27 09:26:59.588,1.65685,1.6574,4.40,3.30
2007.12.27 09:26:59.770,1.6568,1.6574,4.40,6.50
2007.12.27 09:27:00.111,1.6569,1.6574,0.70,4.10
2007.12.27 09:27:00.445,1.6569,1.6574,0.80,0.90
2007.12.27 09:27:00.778,1.6568,1.6574,8.40,4.10
2007.12.27 09:27:01.040,1.6568,1.65735,8.40,0.20
2007.12.27 09:27:01.221,1.6569,1.65735,1.50,0.20
2007.12.27 09:27:01.453,1.65685,1.65735,6.40,0.20
2007.12.27 09:27:01.869,1.65685,1.65735,6.40,0.20
2007.12.27 09:27:02.158,1.65685,1.65745,6.40,3.30
2007.12.27 09:27:02.459,1.65695,1.65735,0.60,0.20
2007.12.27 09:27:02.736,1.6569,1.65735,1.90,0.20
2007.12.27 09:27:03.327,1.65685,1.6574,6.40,0.80
2007.12.27 09:27:03.536,1.6569,1.65745,2.00,3.30
2007.12.27 09:27:03.743,1.6569,1.65745,6.40,0.20
2007.12.27 09:27:04.226,1.65695,1.65745,1.30,0.20
2007.12.27 09:27:05.405,1.65695,1.6575,0.90,2.80
2007.12.27 09:27:05.562,1.6572,1.65755,0.80,3.20
2007.12.27 09:27:05.721,1.6572,1.6578,2.20,4.00
2007.12.27 09:27:05.879,1.6573,1.6578,0.80,3.20
2007.12.27 09:27:06.050,1.6572,1.65775,8.80,0.20
2007.12.27 09:27:06.308,1.65725,1.65775,1.80,0.20
2007.12.27 09:27:06.565,1.6571,1.65775,10.00,0.20
2007.12.27 09:27:06.825,1.6572,1.65775,0.90,0.20
2007.12.27 09:27:07.082,1.6571,1.6577,12.00,0.20
2007.12.27 09:27:07.310,1.6571,1.6577,12.00,0.90
2007.12.27 09:27:07.537,1.6572,1.6577,0.50,0.90
2007.12.27 09:27:07.766,1.6572,1.65775,5.20,0.20
2007.12.27 09:27:08.152,1.65715,1.65775,5.20,3.30
2007.12.27 09:27:08.404,1.65715,1.65745,5.20,0.20
2007.12.27 09:27:08.656,1.65715,1.65745,1.20,0.20
2007.12.27 09:27:08.894,1.657,1.65745,0.70,0.20
2007.12.27 09:27:09.132,1.65695,1.65755,6.40,3.30
2007.12.27 09:27:09.395,1.657,1.65745,1.90,0.20
2007.12.27 09:27:09.657,1.6569,1.65745,11.20,0.20
2007.12.27 09:27:09.922,1.65695,1.65745,4.40,0.20
2007.12.27 09:27:10.654,1.657,1.65745,0.80,0.20
2007.12.27 09:27:11.115,1.65695,1.6574,4.40,0.20
2007.12.27 09:27:11.347,1.657,1.6574,0.60,0.90
2007.12.27 09:27:13.909,1.657,1.6574,0.80,0.80
2007.12.27 09:27:14.036,1.657,1.6575,0.80,0.90
2007.12.27 09:27:15.871,1.6569,1.6574,8.40,0.20
2007.12.27 09:27:16.166,1.6569,1.6574,6.40,0.90
2007.12.27 09:27:16.329,1.657,1.6574,0.80,0.90
2007.12.27 09:27:17.961,1.65695,1.6574,4.40,0.90
2007.12.27 09:27:19.410,1.657,1.65725,0.50,0.20
2007.12.27 09:27:19.583,1.65695,1.65725,4.40,0.20
2007.12.27 09:27:19.757,1.6568,1.65725,1.00,0.20
2007.12.27 09:27:19.929,1.6567,1.6573,9.20,4.00
2007.12.27 09:27:20.102,1.6566,1.6572,4.40,3.20
2007.12.27 09:27:20.284,1.6566,1.6572,4.40,3.20
2007.12.27 09:27:20.468,1.6568,1.6572,1.00,3.20
2007.12.27 09:27:20.652,1.6566,1.6572,4.40,3.20
2007.12.27 09:27:20.852,1.6566,1.6572,1.50,3.20
2007.12.27 09:27:21.018,1.65655,1.65715,4.40,3.20
2007.12.27 09:27:21.201,1.6566,1.657,1.00,3.20
2007.12.27 09:27:21.493,1.6566,1.657,0.80,3.20
2007.12.27 09:27:23.192,1.6564,1.657,4.40,3.20
2007.12.27 09:27:25.001,1.6562,1.657,20.80,3.20
2007.12.27 09:27:25.179,1.6562,1.657,20.80,3.20
2007.12.27 09:27:25.444,1.6564,1.657,1.80,3.20
2007.12.27 09:27:26.862,1.6564,1.65685,4.40,0.20
2007.12.27 09:27:27.055,1.6564,1.65685,4.40,0.20
2007.12.27 09:27:27.247,1.6563,1.65685,4.40,0.20
2007.12.27 09:27:27.465,1.6563,1.65685,4.40,0.20
2007.12.27 09:27:32.366,1.6563,1.6569,4.40,4.00
2007.12.27 09:27:32.584,1.6564,1.6569,1.20,3.20
2007.12.27 09:27:32.801,1.65645,1.65705,3.20,3.20
2007.12.27 09:27:37.441,1.65645,1.65705,3.20,3.20
2007.12.27 09:27:37.624,1.6567,1.65705,0.80,3.20
2007.12.27 09:27:37.788,1.6568,1.6573,3.20,3.20
2007.12.27 09:27:37.951,1.6568,1.6573,3.20,3.20
2007.12.27 09:27:38.115,1.6568,1.65705,3.20,0.20
2007.12.27 09:27:38.278,1.6565,1.65705,4.40,0.20
2007.12.27 09:27:39.520,1.6564,1.65705,5.20,0.20
2007.12.27 09:27:42.437,1.6565,1.6571,1.70,4.00
2007.12.27 09:27:42.625,1.6567,1.6571,0.80,3.20
2007.12.27 09:27:42.787,1.6567,1.6573,4.00,8.00
2007.12.27 09:27:42.990,1.6567,1.65715,4.00,0.20
2007.12.27 09:27:43.205,1.6566,1.65715,1.40,0.20
2007.12.27 09:27:43.396,1.6565,1.65715,5.20,0.20
2007.12.27 09:27:43.598,1.6566,1.65705,1.20,0.20
2007.12.27 09:27:43.801,1.6565,1.65705,2.10,0.20
2007.12.27 09:27:44.090,1.6564,1.6571,5.20,4.10
2007.12.27 09:27:44.313,1.6565,1.6571,2.40,4.10
2007.12.27 09:27:44.535,1.6565,1.6571,7.20,0.90
2007.12.27 09:27:45.018,1.6565,1.6571,7.20,0.90
2007.12.27 09:27:45.976,1.6565,1.6571,7.20,0.80
2007.12.27 09:27:46.159,1.6568,1.6574,6.00,8.90
2007.12.27 09:27:46.341,1.6568,1.6574,6.00,4.10
2007.12.27 09:27:46.538,1.6568,1.6573,6.00,0.20
2007.12.27 09:27:46.708,1.6567,1.6573,6.00,2.90
2007.12.27 09:27:46.891,1.6567,1.6573,6.00,2.90
2007.12.27 09:27:47.062,1.65675,1.6571,0.80,0.20
2007.12.27 09:27:47.207,1.6566,1.6571,9.20,0.90
2007.12.27 09:27:47.365,1.65655,1.6571,4.40,0.90
2007.12.27 09:27:47.523,1.6566,1.6571,0.90,0.90
2007.12.27 09:27:47.681,1.6565,1.6571,7.20,0.90
2007.12.27 09:27:47.958,1.65655,1.6571,0.80,0.90
2007.12.27 09:27:50.088,1.6566,1.6571,4.40,0.90
2007.12.27 09:27:50.312,1.6567,1.6573,6.00,4.10
2007.12.27 09:27:51.300,1.6566,1.6573,11.60,7.30
2007.12.27 09:27:51.706,1.6567,1.6573,6.00,4.10
2007.12.27 09:27:52.011,1.65675,1.6573,0.50,4.10
2007.12.27 09:27:52.165,1.6567,1.6573,6.00,2.90
2007.12.27 09:27:54.476,1.6567,1.6571,6.00,0.20
2007.12.27 09:27:54.684,1.6565,1.6571,7.20,0.90
2007.12.27 09:27:54.892,1.65655,1.6571,0.70,0.90
2007.12.27 09:27:56.427,1.6565,1.6571,7.20,0.80
2007.12.27 09:27:56.610,1.6567,1.6571,5.20,0.80
2007.12.27 09:27:56.793,1.6567,1.6573,6.00,4.10
2007.12.27 09:27:57.061,1.6567,1.6573,6.00,4.10
2007.12.27 09:27:57.254,1.6568,1.6574,6.00,4.10
2007.12.27 09:27:57.471,1.6568,1.65725,6.00,0.20
2007.12.27 09:27:57.680,1.65685,1.65725,1.80,0.20
2007.12.27 09:27:57.874,1.65665,1.6572,1.10,0.90
2007.12.27 09:27:58.067,1.6566,1.65715,2.80,0.20
2007.12.27 09:27:58.374,1.6565,1.65715,12.00,0.20
2007.12.27 09:27:58.683,1.6566,1.6571,1.60,0.20
2007.12.27 09:27:58.991,1.6566,1.6571,0.70,0.90
2007.12.27 09:27:59.298,1.6565,1.6571,7.20,0.90
2007.12.27 09:27:59.522,1.6565,1.6571,7.20,0.80
2007.12.27 09:27:59.745,1.65675,1.6573,1.60,4.10
2007.12.27 09:28:00.080,1.65675,1.6573,1.00,4.10
2007.12.27 09:28:00.582,1.6567,1.65735,6.00,7.40
2007.12.27 09:28:01.513,1.6567,1.65715,6.00,0.40
2007.12.27 09:28:01.652,1.6566,1.65715,8.00,1.10
2007.12.27 09:28:01.789,1.65655,1.65715,8.00,4.20
2007.12.27 09:28:01.928,1.65655,1.6571,0.60,0.90
2007.12.27 09:28:02.962,1.6565,1.65715,7.20,4.00
2007.12.27 09:28:03.293,1.6567,1.65735,7.20,5.50
2007.12.27 09:28:03.515,1.65675,1.65735,5.20,5.40
2007.12.27 09:28:03.709,1.6567,1.65735,6.00,7.40
2007.12.27 09:28:03.877,1.6567,1.65735,6.00,7.40
2007.12.27 09:28:04.045,1.6567,1.65735,6.00,7.40
2007.12.27 09:28:04.443,1.6566,1.65735,15.20,7.50
2007.12.27 09:28:05.676,1.6567,1.6572,0.50,0.20
2007.12.27 09:28:05.834,1.6567,1.6572,0.80,0.90
2007.12.27 09:28:06.084,1.6566,1.65725,12.00,1.00
2007.12.27 09:28:06.315,1.6566,1.6573,7.20,7.50
2007.12.27 09:28:06.632,1.6567,1.65725,2.00,0.90
2007.12.27 09:28:11.635,1.6567,1.65725,2.00,0.50
2007.12.27 09:28:11.881,1.6567,1.65725,2.80,0.70
2007.12.27 09:28:12.123,1.6567,1.6573,6.00,0.60
2007.12.27 09:28:12.932,1.6567,1.6571,6.00,0.20
2007.12.27 09:28:13.162,1.6567,1.6571,0.80,0.80
2007.12.27 09:28:13.388,1.6566,1.65715,4.80,4.30
2007.12.27 09:28:13.592,1.6565,1.65715,7.20,4.30
2007.12.27 09:28:13.961,1.6565,1.65715,7.20,4.30
2007.12.27 09:28:15.413,1.65655,1.65715,3.20,4.20
2007.12.27 09:28:15.982,1.65655,1.65715,3.20,4.00
2007.12.27 09:28:16.177,1.6567,1.6572,3.20,4.00
2007.12.27 09:28:16.297,1.6567,1.6572,5.20,4.00
2007.12.27 09:28:16.429,1.6567,1.6573,6.00,0.50
2007.12.27 09:28:18.202,1.6567,1.65735,6.00,7.50
2007.12.27 09:28:18.418,1.6567,1.65735,6.00,7.50
2007.12.27 09:28:19.020,1.6567,1.65735,6.00,7.50
2007.12.27 09:28:19.188,1.6567,1.65735,6.00,6.30
2007.12.27 09:28:19.446,1.65675,1.65735,3.20,6.20
2007.12.27 09:28:21.995,1.65675,1.65725,3.20,0.20
2007.12.27 09:28:22.164,1.65675,1.65725,3.20,0.20
2007.12.27 09:28:22.299,1.6567,1.65725,6.00,0.20
2007.12.27 09:28:22.447,1.6567,1.65725,5.20,0.20
2007.12.27 09:28:22.595,1.6567,1.6573,5.20,7.50
2007.12.27 09:28:22.743,1.6567,1.6573,5.20,7.50
2007.12.27 09:28:25.158,1.6567,1.6573,2.00,7.40
2007.12.27 09:28:32.173,1.6567,1.6572,2.00,3.20
2007.12.27 09:28:37.682,1.6567,1.6572,2.00,3.20
2007.12.27 09:28:37.844,1.6566,1.6572,6.00,6.10
2007.12.27 09:28:38.008,1.6566,1.65715,2.80,3.20
2007.12.27 09:28:38.192,1.6566,1.65715,2.80,3.20
2007.12.27 09:28:38.374,1.6566,1.65715,2.80,3.20
2007.12.27 09:28:38.557,1.6566,1.65715,2.80,3.20
2007.12.27 09:28:45.224,1.6566,1.65715,2.80,3.20
2007.12.27 09:28:45.650,1.6566,1.65715,2.80,3.20
2007.12.27 09:28:58.637,1.6566,1.6571,2.80,0.20
2007.12.27 09:28:58.865,1.65655,1.6571,3.20,2.90
2007.12.27 09:28:59.093,1.6565,1.6571,6.00,6.10
2007.12.27 09:28:59.321,1.6566,1.65715,2.80,3.20
2007.12.27 09:28:59.548,1.6566,1.65715,2.80,3.20
2007.12.27 09:29:00.705,1.6566,1.65715,2.80,0.80
2007.12.27 09:29:04.127,1.6566,1.65715,2.80,3.50
2007.12.27 09:29:04.337,1.6566,1.6571,2.00,0.90
2007.12.27 09:29:04.545,1.6566,1.65715,2.00,4.20
2007.12.27 09:29:04.752,1.6566,1.657,2.00,1.10
2007.12.27 09:29:04.961,1.6565,1.657,2.00,4.30
2007.12.27 09:29:05.199,1.6565,1.657,2.00,0.70
2007.12.27 09:29:05.437,1.6565,1.657,2.80,0.70
2007.12.27 09:29:05.674,1.6565,1.65705,2.80,0.60
2007.12.27 09:29:07.071,1.6565,1.6571,2.80,6.00
2007.12.27 09:29:07.260,1.6565,1.6571,2.80,6.00
2007.12.27 09:29:07.447,1.6566,1.65715,2.00,3.40
2007.12.27 09:29:07.635,1.6566,1.65715,2.00,3.40
2007.12.27 09:29:07.824,1.6567,1.6571,2.80,0.90
2007.12.27 09:29:08.013,1.6567,1.6572,2.80,0.60
2007.12.27 09:29:08.346,1.65665,1.65725,3.20,4.20
2007.12.27 09:29:08.678,1.6566,1.6572,4.00,4.10
2007.12.27 09:29:09.102,1.6566,1.6572,4.00,4.00
2007.12.27 09:29:09.309,1.6567,1.65725,0.80,3.40
2007.12.27 09:29:09.631,1.6567,1.65715,0.80,0.20
2007.12.27 09:29:09.840,1.6566,1.65715,11.20,0.20
2007.12.27 09:29:10.048,1.6566,1.6572,6.40,4.30
2007.12.27 09:29:10.375,1.6566,1.65725,6.00,4.30
2007.12.27 09:29:10.703,1.6566,1.65725,6.00,4.30
2007.12.27 09:29:11.031,1.6566,1.6572,2.80,4.10
2007.12.27 09:29:11.254,1.6566,1.6572,2.00,4.20
2007.12.27 09:29:15.960,1.6566,1.65715,2.00,0.80
2007.12.27 09:29:16.138,1.6566,1.65715,2.80,0.50
2007.12.27 09:29:16.301,1.65655,1.6572,3.20,4.40
2007.12.27 09:29:16.465,1.65655,1.6572,3.20,4.40
2007.12.27 09:29:16.627,1.65655,1.6572,3.20,4.40
2007.12.27 09:29:16.790,1.65655,1.6571,3.20,0.60
2007.12.27 09:29:17.025,1.65655,1.6571,3.20,0.80
2007.12.27 09:29:17.189,1.6564,1.6572,1.20,4.40
2007.12.27 09:29:17.502,1.6565,1.6572,1.20,4.40
2007.12.27 09:29:17.815,1.6565,1.657,1.20,0.90
2007.12.27 09:29:18.225,1.6565,1.6571,4.40,0.50
2007.12.27 09:29:18.609,1.6565,1.65705,4.40,0.20
2007.12.27 09:29:18.842,1.6565,1.6571,3.20,4.30
2007.12.27 09:29:19.075,1.6565,1.657,3.20,0.20
2007.12.27 09:29:19.308,1.65645,1.65705,3.20,3.50
2007.12.27 09:29:19.525,1.65645,1.65705,3.20,4.20
2007.12.27 09:29:21.215,1.6564,1.657,5.20,0.50
2007.12.27 09:29:23.639,1.6564,1.6571,5.20,8.40
2007.12.27 09:29:23.778,1.65645,1.657,3.20,0.80
2007.12.27 09:29:23.915,1.65645,1.65705,3.20,0.70
2007.12.27 09:29:24.052,1.65645,1.6571,3.20,4.40
2007.12.27 09:29:24.190,1.65645,1.657,3.20,0.20
2007.12.27 09:29:24.329,1.6564,1.65705,10.00,4.30
2007.12.27 09:29:24.541,1.6564,1.65705,5.20,4.30
2007.12.27 09:29:27.704,1.6564,1.6571,5.20,8.40
2007.12.27 09:29:27.939,1.6564,1.657,4.40,3.20
2007.12.27 09:29:28.172,1.65645,1.65705,3.20,3.20
2007.12.27 09:29:31.147,1.65645,1.65705,3.20,3.20
2007.12.27 09:29:31.451,1.65645,1.65705,3.20,3.20
2007.12.27 09:29:36.952,1.65645,1.65705,3.20,3.20
2007.12.27 09:29:38.111,1.65645,1.65705,3.20,3.20
2007.12.27 09:29:38.346,1.65645,1.65705,3.20,3.20
2007.12.27 09:29:38.565,1.65645,1.65705,3.20,3.20
2007.12.27 09:29:38.951,1.6564,1.657,4.40,3.20
2007.12.27 09:29:39.234,1.6564,1.657,4.40,3.20
2007.12.27 09:29:40.044,1.6564,1.657,4.40,3.20
2007.12.27 09:29:40.242,1.6564,1.657,4.40,3.20
2007.12.27 09:29:46.065,1.6564,1.657,4.40,3.20
2007.12.27 09:29:46.264,1.65645,1.65705,3.20,3.20
2007.12.27 09:29:47.008,1.6564,1.657,4.40,3.20
2007.12.27 09:29:47.300,1.6564,1.657,4.40,3.20
2007.12.27 09:29:47.640,1.6564,1.657,4.40,3.20
2007.12.27 09:29:47.934,1.6564,1.657,4.40,3.20
2007.12.27 09:29:48.157,1.6564,1.657,4.40,3.20
2007.12.27 09:29:49.110,1.6564,1.657,4.40,3.20
2007.12.27 09:29:49.367,1.6564,1.657,4.40,3.20
2007.12.27 09:29:50.052,1.6564,1.657,4.40,3.20
2007.12.27 09:29:50.300,1.6564,1.657,3.20,3.20
2007.12.27 09:29:50.547,1.6563,1.65685,1.20,3.20
2007.12.27 09:29:50.816,1.65625,1.65685,4.40,3.20
2007.12.27 09:29:51.193,1.6562,1.65685,6.40,3.20
2007.12.27 09:29:51.441,1.65625,1.65685,1.80,3.20
2007.12.27 09:29:51.702,1.6562,1.65685,4.40,3.20
2007.12.27 09:29:52.075,1.65625,1.65685,3.20,3.20
2007.12.27 09:29:52.946,1.6563,1.6569,3.20,3.20
2007.12.27 09:29:56.180,1.6563,1.65675,3.20,0.20
2007.12.27 09:29:56.405,1.6563,1.65675,3.20,0.20
2007.12.27 09:29:56.628,1.65625,1.65675,3.20,0.20
2007.12.27 09:29:56.851,1.65625,1.6568,3.20,0.80
2007.12.27 09:29:57.075,1.6563,1.6569,3.20,3.20
2007.12.27 09:29:57.262,1.6563,1.65675,3.20,0.20
2007.12.27 09:29:57.468,1.6563,1.65675,3.20,0.20
2007.12.27 09:29:57.654,1.65625,1.65675,3.20,0.20
2007.12.27 09:29:57.842,1.65625,1.6567,3.20,0.90
2007.12.27 09:29:58.030,1.6562,1.6567,4.40,0.90
2007.12.27 09:29:58.635,1.6562,1.6567,4.40,0.80
2007.12.27 09:29:58.838,1.65625,1.6567,3.20,0.80
2007.12.27 09:29:59.040,1.65625,1.65685,3.20,3.20
2007.12.27 09:29:59.677,1.65625,1.6567,3.20,0.20
2007.12.27 09:29:59.916,1.65625,1.6567,3.20,0.90
2007.12.27 09:30:00.164,1.6562,1.6567,4.40,0.90
2007.12.27 09:30:00.739,1.6562,1.6567,4.40,0.80
2007.12.27 09:30:00.892,1.6562,1.6568,4.40,3.20
2007.12.27 09:30:01.043,1.65625,1.65685,3.20,3.20
2007.12.27 09:30:02.194,1.65625,1.6567,3.20,0.20
2007.12.27 09:30:02.336,1.65625,1.6567,3.20,0.20
2007.12.27 09:30:02.478,1.6562,1.6567,4.40,0.90
2007.12.27 09:30:03.249,1.6562,1.6567,4.40,0.80
2007.12.27 09:30:03.482,1.6562,1.6568,4.40,3.20
2007.12.27 09:30:03.715,1.65625,1.65685,3.20,3.20
2007.12.27 09:30:04.224,1.65625,1.6567,3.20,0.20
2007.12.27 09:30:04.397,1.65625,1.6567,3.20,0.90
2007.12.27 09:30:04.569,1.6562,1.6567,4.40,0.90
2007.12.27 09:30:04.741,1.6562,1.6567,4.40,0.90
2007.12.27 09:30:05.700,1.6562,1.6567,4.40,0.80
2007.12.27 09:30:05.901,1.6562,1.6568,4.40,3.20
2007.12.27 09:30:06.084,1.65625,1.65685,3.20,3.20
2007.12.27 09:30:06.267,1.65625,1.6567,3.20,0.20
2007.12.27 09:30:06.465,1.65625,1.6567,3.20,0.90
2007.12.27 09:30:06.662,1.6562,1.65665,4.40,0.20
2007.12.27 09:30:06.861,1.6562,1.65665,4.40,0.20
2007.12.27 09:30:07.059,1.6562,1.65665,1.20,0.20
2007.12.27 09:30:07.262,1.6562,1.6567,1.20,0.80
2007.12.27 09:30:07.485,1.6562,1.6568,4.40,3.20
2007.12.27 09:30:07.708,1.6562,1.6568,4.40,3.20
2007.12.27 09:30:08.007,1.6562,1.6568,4.40,3.20
2007.12.27 09:30:08.269,1.65625,1.65685,3.20,3.20
2007.12.27 09:30:08.642,1.65625,1.65685,3.20,3.20
2007.12.27 09:30:08.835,1.65625,1.65685,3.20,3.20
2007.12.27 09:30:09.044,1.65625,1.65685,3.20,3.20
2007.12.27 09:30:09.239,1.65625,1.65685,3.20,3.20
2007.12.27 09:30:09.432,1.65625,1.6567,3.20,0.90
2007.12.27 09:30:09.741,1.6563,1.6567,3.20,0.90
2007.12.27 09:30:10.258,1.65625,1.6567,3.20,0.90
2007.12.27 09:30:10.564,1.6562,1.6567,4.40,0.90
2007.12.27 09:30:12.013,1.6562,1.6567,4.40,0.80
2007.12.27 09:30:12.151,1.6562,1.65675,4.40,0.20
2007.12.27 09:30:12.440,1.65625,1.65675,3.20,0.20
2007.12.27 09:30:13.290,1.65625,1.6568,3.20,0.80
2007.12.27 09:30:13.563,1.6563,1.6569,3.20,3.20
2007.12.27 09:30:13.726,1.6563,1.65675,3.20,0.20
2007.12.27 09:30:13.893,1.6563,1.65675,3.20,0.20
2007.12.27 09:30:14.055,1.65625,1.65675,3.20,0.20
2007.12.27 09:30:14.233,1.65625,1.6568,3.20,0.80
2007.12.27 09:30:14.406,1.65625,1.65685,3.20,3.20
2007.12.27 09:30:14.568,1.6563,1.6569,3.20,3.20
2007.12.27 09:30:14.859,1.6563,1.6569,4.40,3.20
2007.12.27 09:30:15.148,1.6564,1.657,3.20,3.20
2007.12.27 09:30:15.435,1.6564,1.6569,3.20,0.90
2007.12.27 09:30:15.724,1.6564,1.6569,3.20,0.80
2007.12.27 09:30:15.987,1.6564,1.65695,3.20,0.20
2007.12.27 09:30:16.249,1.6564,1.65695,3.20,0.20
2007.12.27 09:30:16.512,1.65645,1.65695,3.20,0.20
2007.12.27 09:30:20.892,1.6563,1.65695,5.20,0.20
2007.12.27 09:30:25.624,1.6563,1.65685,5.20,0.20
2007.12.27 09:30:25.797,1.65645,1.65685,1.30,0.20
2007.12.27 09:30:26.005,1.6564,1.65685,1.30,0.20
2007.12.27 09:30:28.099,1.6564,1.6569,0.70,0.90
2007.12.27 09:30:29.038,1.6563,1.65685,5.20,0.20
2007.12.27 09:30:29.979,1.6564,1.6569,0.80,0.90
2007.12.27 09:30:33.971,1.6564,1.65685,0.70,0.20
2007.12.27 09:30:38.089,1.6564,1.6569,1.10,0.80
2007.12.27 09:30:38.237,1.6563,1.6569,5.20,0.80
2007.12.27 09:30:38.426,1.6563,1.65695,5.20,0.20
2007.12.27 09:30:38.615,1.6564,1.65685,2.30,0.20
2007.12.27 09:30:38.803,1.6563,1.65685,5.20,0.20
2007.12.27 09:30:39.987,1.6563,1.6569,5.20,0.90
2007.12.27 09:30:46.996,1.6563,1.65685,5.20,0.20
2007.12.27 09:30:47.139,1.6563,1.6569,5.20,0.80
2007.12.27 09:30:47.282,1.6564,1.65695,1.30,0.20
2007.12.27 09:30:48.251,1.6564,1.65695,4.40,0.20
2007.12.27 09:30:49.223,1.65645,1.65695,1.30,0.20
2007.12.27 09:30:53.013,1.6563,1.65695,5.20,0.20
2007.12.27 09:30:59.028,1.6564,1.65695,0.80,0.20
2007.12.27 09:31:03.002,1.6564,1.65695,2.40,0.20
2007.12.27 09:31:03.220,1.6564,1.657,1.10,4.00
2007.12.27 09:31:03.438,1.6564,1.657,2.00,3.20
2007.12.27 09:31:03.656,1.65645,1.65705,2.00,3.30
2007.12.27 09:31:12.264,1.6564,1.65705,5.20,0.20
2007.12.27 09:31:15.361,1.6565,1.6571,3.20,4.10
2007.12.27 09:31:15.614,1.65655,1.6571,3.20,0.90
2007.12.27 09:31:15.867,1.65655,1.6571,3.20,0.90
2007.12.27 09:31:21.357,1.65655,1.65705,3.20,0.20
2007.12.27 09:31:21.490,1.6565,1.65705,7.20,0.20
2007.12.27 09:31:21.624,1.6565,1.65705,4.40,0.20
2007.12.27 09:31:22.612,1.6565,1.65695,4.40,0.20
2007.12.27 09:31:22.780,1.6565,1.65695,3.20,0.20
2007.12.27 09:31:22.965,1.6565,1.65695,3.20,0.20
2007.12.27 09:31:23.484,1.65645,1.65695,3.20,0.20
2007.12.27 09:31:24.661,1.65645,1.657,3.20,0.80
2007.12.27 09:31:24.794,1.6565,1.65705,0.80,3.20
2007.12.27 09:31:24.927,1.6565,1.65705,4.00,3.20
2007.12.27 09:31:25.060,1.6566,1.65715,3.20,0.20
2007.12.27 09:31:25.231,1.6566,1.65715,3.20,0.20
2007.12.27 09:31:25.614,1.6566,1.65705,3.20,0.20
2007.12.27 09:31:25.948,1.6566,1.65705,3.20,0.20
2007.12.27 09:31:26.283,1.65655,1.65705,3.20,0.20
2007.12.27 09:31:32.684,1.65655,1.6571,3.20,0.90
2007.12.27 09:31:33.135,1.65655,1.6571,3.20,0.90
2007.12.27 09:31:33.392,1.65655,1.6571,3.20,0.90
2007.12.27 09:31:34.156,1.65655,1.6571,3.20,0.90
2007.12.27 09:31:35.216,1.65655,1.6571,3.20,0.90
2007.12.27 09:31:35.444,1.65655,1.6571,3.20,0.90
2007.12.27 09:31:35.672,1.65655,1.6571,3.20,0.90
2007.12.27 09:31:35.900,1.65655,1.6571,3.20,0.90
2007.12.27 09:31:39.046,1.65655,1.6571,1.20,0.90
2007.12.27 09:31:40.047,1.65655,1.6571,3.20,0.80
2007.12.27 09:31:40.176,1.65655,1.65715,3.20,3.30
2007.12.27 09:31:40.305,1.65655,1.65715,3.20,3.30
2007.12.27 09:31:40.513,1.6566,1.65715,3.20,0.20
2007.12.27 09:31:41.105,1.6566,1.65705,3.20,0.20
2007.12.27 09:31:41.440,1.6566,1.65705,3.20,0.20
2007.12.27 09:31:41.783,1.6565,1.65705,4.40,0.20
2007.12.27 09:31:42.163,1.6565,1.65705,3.20,0.20
2007.12.27 09:31:42.354,1.6565,1.65705,3.20,0.20
2007.12.27 09:31:43.197,1.65655,1.65705,3.20,0.20
2007.12.27 09:31:43.571,1.65655,1.6571,3.20,0.90
2007.12.27 09:31:43.996,1.65655,1.6571,3.20,0.80
2007.12.27 09:31:44.158,1.65655,1.6571,3.20,0.20
2007.12.27 09:31:44.323,1.6566,1.6571,3.20,0.90
2007.12.27 09:31:44.485,1.6566,1.6571,3.20,0.80
2007.12.27 09:31:44.649,1.6566,1.65715,4.00,0.20
2007.12.27 09:31:44.812,1.65665,1.65715,3.20,0.20
2007.12.27 09:31:44.989,1.65655,1.65715,3.20,3.30
2007.12.27 09:31:45.281,1.6566,1.65715,0.80,3.20
2007.12.27 09:31:45.717,1.6566,1.6572,4.00,5.30
2007.12.27 09:31:47.913,1.6566,1.6572,4.00,5.20
2007.12.27 09:31:48.105,1.6567,1.6572,2.80,3.20
2007.12.27 09:31:48.332,1.6567,1.6573,6.00,7.30
2007.12.27 09:31:48.710,1.6567,1.6573,5.20,7.30
2007.12.27 09:31:49.006,1.6567,1.6572,3.20,2.00
2007.12.27 09:31:49.233,1.6567,1.6573,6.00,7.30
2007.12.27 09:31:49.853,1.65675,1.6573,3.20,4.10
2007.12.27 09:31:50.938,1.65675,1.6572,3.20,0.20
2007.12.27 09:31:51.140,1.65675,1.6572,3.20,0.90
2007.12.27 09:31:51.343,1.65665,1.6572,3.20,0.90
2007.12.27 09:31:54.036,1.65665,1.6572,3.20,0.80
2007.12.27 09:31:54.164,1.65665,1.65725,3.20,3.30
2007.12.27 09:31:54.292,1.6567,1.65725,3.20,0.20
2007.12.27 09:31:54.420,1.6567,1.6573,3.20,7.20
2007.12.27 09:31:54.618,1.6567,1.6573,4.00,3.20
2007.12.27 09:31:54.817,1.6567,1.6573,4.00,3.20
2007.12.27 09:31:55.013,1.6568,1.6574,3.20,5.20
2007.12.27 09:31:55.211,1.65685,1.65745,3.20,3.20
2007.12.27 09:31:55.409,1.65685,1.65745,3.20,3.20
2007.12.27 09:31:55.652,1.65685,1.65735,3.20,0.20
2007.12.27 09:31:55.896,1.6568,1.65735,3.20,0.20
2007.12.27 09:31:56.139,1.6568,1.65725,3.20,0.20
2007.12.27 09:31:56.382,1.6567,1.6573,4.40,6.00
2007.12.27 09:31:56.560,1.6567,1.6573,5.20,3.20
2007.12.27 09:31:56.737,1.6567,1.6573,5.20,3.20
2007.12.27 09:31:56.989,1.6568,1.65735,3.20,0.20
2007.12.27 09:31:59.061,1.6568,1.65725,3.20,0.20
2007.12.27 09:31:59.200,1.6568,1.65725,3.20,0.20
2007.12.27 09:31:59.338,1.6568,1.65725,3.20,0.20
2007.12.27 09:31:59.483,1.6567,1.65725,3.20,0.20
2007.12.27 09:31:59.677,1.6567,1.65725,3.20,0.20
2007.12.27 09:32:02.670,1.6567,1.6572,3.20,0.20
2007.12.27 09:32:02.803,1.6567,1.6572,3.20,0.90
2007.12.27 09:32:03.027,1.65665,1.6572,3.20,0.90
2007.12.27 09:32:04.253,1.6566,1.6572,4.00,4.10
2007.12.27 09:32:04.647,1.6566,1.6572,4.00,4.00
2007.12.27 09:32:04.775,1.65665,1.6572,3.20,0.80
2007.12.27 09:32:05.193,1.65665,1.65725,3.20,3.30
2007.12.27 09:32:05.322,1.65665,1.65725,3.20,3.30
2007.12.27 09:32:09.011,1.65665,1.65725,3.20,3.20
2007.12.27 09:32:09.153,1.65665,1.65725,3.20,3.30
2007.12.27 09:32:09.297,1.65675,1.65725,3.20,0.20
2007.12.27 09:32:10.258,1.65665,1.65725,3.20,0.20
2007.12.27 09:32:10.549,1.65665,1.65725,3.20,3.30
2007.12.27 09:32:10.826,1.6567,1.65725,0.80,3.20
2007.12.27 09:32:11.105,1.6567,1.6573,4.00,5.30
2007.12.27 09:32:13.044,1.6567,1.6573,4.00,5.20
2007.12.27 09:32:13.172,1.6567,1.6573,4.00,4.40
2007.12.27 09:32:13.301,1.6567,1.6573,4.00,3.20
2007.12.27 09:32:13.446,1.6567,1.6573,4.00,3.20
2007.12.27 09:32:13.757,1.65675,1.65735,3.20,3.30
2007.12.27 09:32:27.982,1.65675,1.65725,3.20,0.20
2007.12.27 09:32:28.141,1.65675,1.65725,3.20,0.20
2007.12.27 09:32:28.302,1.65665,1.65725,3.20,3.30
2007.12.27 09:32:28.495,1.65665,1.65725,3.20,3.30
2007.12.27 09:32:28.668,1.6568,1.65725,2.80,3.20
2007.12.27 09:32:28.841,1.65685,1.6574,3.20,4.10
2007.12.27 09:32:29.023,1.65685,1.6574,3.20,4.10
2007.12.27 09:32:29.229,1.6568,1.6574,6.00,7.30
2007.12.27 09:32:29.739,1.65685,1.6574,3.20,4.10
2007.12.27 09:32:32.651,1.65685,1.65735,3.20,0.20
2007.12.27 09:32:32.806,1.6568,1.65735,5.20,0.20
2007.12.27 09:32:32.963,1.6568,1.65735,5.20,0.20
2007.12.27 09:32:33.116,1.6568,1.6572,3.20,0.90
2007.12.27 09:32:33.292,1.6566,1.6572,8.80,4.10
2007.12.27 09:32:33.510,1.6566,1.6571,4.00,0.20
2007.12.27 09:32:33.741,1.6566,1.6571,3.20,0.90
2007.12.27 09:32:33.945,1.65655,1.6571,3.20,0.90
2007.12.27 09:32:35.996,1.65655,1.6571,3.20,0.80
2007.12.27 09:32:36.135,1.65675,1.6571,3.20,0.80
2007.12.27 09:32:36.274,1.65675,1.6572,3.20,2.90
2007.12.27 09:32:36.453,1.6567,1.6572,3.20,2.90
2007.12.27 09:32:36.676,1.6567,1.6573,7.20,6.10
2007.12.27 09:32:36.899,1.65675,1.6573,3.20,2.90
2007.12.27 09:32:37.284,1.6568,1.6573,3.20,2.90
2007.12.27 09:32:37.506,1.6568,1.6572,3.20,0.20
2007.12.27 09:32:37.730,1.6568,1.6572,3.20,0.90
2007.12.27 09:32:37.952,1.6567,1.6572,5.20,0.90
2007.12.27 09:32:38.176,1.6567,1.6572,3.20,2.90
2007.12.27 09:32:38.684,1.6567,1.6572,3.20,2.80
2007.12.27 09:32:38.828,1.6567,1.6572,4.00,2.00
2007.12.27 09:32:38.991,1.65675,1.6572,3.20,2.00
2007.12.27 09:32:39.129,1.65675,1.6572,3.20,2.10
2007.12.27 09:32:39.267,1.65675,1.6572,3.20,2.90
2007.12.27 09:32:39.706,1.6567,1.6572,3.20,2.90
2007.12.27 09:32:40.567,1.6567,1.6572,3.20,2.80
2007.12.27 09:32:40.771,1.6567,1.6572,4.00,2.00
2007.12.27 09:32:41.064,1.65675,1.6572,3.20,2.00
2007.12.27 09:32:41.246,1.65675,1.6572,3.20,2.90
2007.12.27 09:32:41.473,1.6567,1.6572,3.20,2.90
2007.12.27 09:32:42.001,1.6567,1.6572,3.20,2.90
2007.12.27 09:32:44.205,1.6566,1.6572,7.20,2.90
2007.12.27 09:32:46.471,1.6566,1.6572,7.20,2.80
2007.12.27 09:32:46.686,1.6567,1.6573,1.20,6.10
2007.12.27 09:32:46.833,1.6567,1.6573,6.00,2.90
2007.12.27 09:32:47.028,1.6567,1.6573,6.00,2.90
2007.12.27 09:32:47.176,1.6567,1.6573,7.20,2.90
2007.12.27 09:32:47.325,1.6568,1.6573,5.20,0.90
2007.12.27 09:32:47.603,1.6567,1.6573,7.20,2.90
2007.12.27 09:32:47.751,1.6567,1.6573,7.20,2.90
2007.12.27 09:32:49.053,1.6567,1.6573,7.20,2.80
2007.12.27 09:32:49.156,1.6569,1.6573,1.60,2.80
2007.12.27 09:32:49.273,1.6568,1.6574,6.00,2.90
2007.12.27 09:32:49.493,1.6569,1.6574,2.00,2.90
2007.12.27 09:32:49.703,1.6569,1.6574,1.20,2.10
2007.12.27 09:32:49.815,1.6568,1.6574,10.40,2.10
2007.12.27 09:32:50.019,1.6569,1.6574,4.00,2.10
2007.12.27 09:32:50.347,1.65695,1.6574,0.50,0.20
2007.12.27 09:32:50.675,1.6569,1.6574,7.20,0.20
2007.12.27 09:32:51.157,1.6569,1.6574,6.00,0.20
2007.12.27 09:32:51.392,1.65695,1.6574,1.70,0.20
2007.12.27 09:32:51.615,1.6569,1.6575,6.00,2.80
2007.12.27 09:32:51.838,1.657,1.6576,6.00,2.90
2007.12.27 09:32:52.061,1.657,1.6576,6.00,2.80
2007.12.27 09:32:52.302,1.6572,1.6577,4.00,3.20
2007.12.27 09:32:52.540,1.6572,1.6577,4.00,3.30
2007.12.27 09:32:52.778,1.65715,1.6577,5.20,0.90
2007.12.27 09:32:53.042,1.65715,1.6577,5.20,0.80
2007.12.27 09:32:53.280,1.6572,1.6578,8.40,0.90
2007.12.27 09:32:53.538,1.6573,1.6577,2.00,0.20
2007.12.27 09:32:53.796,1.65715,1.6577,5.20,0.90
2007.12.27 09:32:54.130,1.6572,1.6577,3.20,0.90
2007.12.27 09:32:54.303,1.6573,1.6577,0.50,0.90
2007.12.27 09:32:55.075,1.6573,1.6577,0.90,0.80
2007.12.27 09:32:55.248,1.65725,1.6578,1.70,2.90
2007.12.27 09:32:56.019,1.6572,1.6577,6.00,0.20
2007.12.27 09:32:56.187,1.6572,1.6577,4.00,2.10
2007.12.27 09:32:56.350,1.6571,1.6577,7.20,2.90
2007.12.27 09:32:57.057,1.65715,1.6577,0.80,2.80
2007.12.27 09:32:57.219,1.6574,1.6579,4.00,4.80
2007.12.27 09:32:57.392,1.6574,1.658,4.00,0.90
2007.12.27 09:32:57.565,1.65745,1.6579,1.90,0.20
2007.12.27 09:32:57.738,1.65735,1.6579,4.00,0.20
2007.12.27 09:32:57.910,1.6573,1.6579,7.20,0.90
2007.12.27 09:32:59.787,1.6573,1.6579,7.20,0.90
2007.12.27 09:33:00.289,1.6573,1.6579,7.20,0.90
2007.12.27 09:33:00.708,1.6573,1.6579,7.20,0.90
2007.12.27 09:33:02.655,1.6573,1.6579,7.20,0.80
2007.12.27 09:33:02.965,1.6573,1.6579,7.20,0.80
2007.12.27 09:33:03.133,1.6575,1.6579,0.50,0.80
2007.12.27 09:33:03.301,1.6577,1.65805,0.80,3.20
2007.12.27 09:33:03.559,1.6578,1.6582,1.20,2.00
2007.12.27 09:33:03.817,1.6576,1.6581,8.00,1.30
2007.12.27 09:33:04.075,1.6575,1.6581,6.00,1.20
2007.12.27 09:33:04.334,1.65765,1.6582,1.50,1.20
2007.12.27 09:33:04.557,1.6576,1.65815,4.00,0.20
2007.12.27 09:33:04.781,1.6576,1.6582,6.00,2.10
2007.12.27 09:33:05.003,1.6575,1.6582,17.60,5.30
2007.12.27 09:33:05.227,1.6575,1.6581,7.20,1.20
2007.12.27 09:33:05.449,1.6573,1.6581,4.40,1.20
2007.12.27 09:33:05.724,1.6573,1.6578,4.40,0.20
2007.12.27 09:33:05.996,1.65735,1.6578,1.60,0.90
2007.12.27 09:33:06.269,1.6572,1.65775,4.40,0.20
2007.12.27 09:33:06.558,1.6572,1.65775,4.40,0.20
2007.12.27 09:33:06.781,1.6572,1.65775,0.80,0.20
2007.12.27 09:33:07.004,1.6572,1.65775,1.80,0.20
2007.12.27 09:33:07.524,1.6571,1.6578,5.20,4.00
2007.12.27 09:33:07.752,1.6573,1.6578,0.80,3.20
2007.12.27 09:33:07.980,1.6574,1.658,1.70,7.30
2007.12.27 09:33:08.208,1.6574,1.658,4.00,3.20
2007.12.27 09:33:08.436,1.6575,1.658,0.80,2.00
2007.12.27 09:33:08.697,1.6575,1.6581,4.00,2.10
2007.12.27 09:33:09.631,1.6575,1.6581,6.00,2.10
2007.12.27 09:33:09.800,1.65755,1.6581,6.00,0.20
2007.12.27 09:33:09.967,1.65755,1.65815,6.00,3.20
2007.12.27 09:33:10.135,1.6576,1.6582,6.00,2.10
2007.12.27 09:33:11.080,1.65765,1.65815,1.30,0.20
2007.12.27 09:33:11.371,1.6575,1.65815,6.00,0.20
2007.12.27 09:33:12.626,1.6576,1.6582,3.20,5.30
2007.12.27 09:33:12.973,1.65765,1.6582,3.20,2.10
2007.12.27 09:33:13.200,1.65765,1.6582,3.20,2.10
2007.12.27 09:33:13.428,1.65765,1.6582,3.20,2.10
2007.12.27 09:33:13.645,1.65765,1.6582,3.20,2.10
2007.12.27 09:33:13.838,1.65765,1.65815,3.20,0.20
2007.12.27 09:33:14.029,1.6576,1.65815,3.20,0.20
2007.12.27 09:33:14.598,1.6576,1.65805,3.20,0.20
2007.12.27 09:33:14.865,1.6575,1.65805,5.20,0.20
2007.12.27 09:33:15.133,1.6575,1.65805,5.20,0.20
2007.12.27 09:33:15.401,1.6575,1.65805,5.20,0.20
2007.12.27 09:33:15.668,1.6575,1.6581,5.20,7.20
2007.12.27 09:33:15.832,1.6576,1.6581,2.80,3.20
2007.12.27 09:33:16.006,1.6576,1.6581,2.80,3.20
2007.12.27 09:33:16.294,1.65765,1.6582,3.20,4.10
2007.12.27 09:33:16.582,1.65765,1.6582,3.20,4.00
2007.12.27 09:33:16.906,1.65775,1.6583,3.20,4.10
2007.12.27 09:33:17.229,1.65775,1.6582,3.20,2.10
2007.12.27 09:33:17.550,1.65775,1.6582,3.20,2.90
2007.12.27 09:33:17.758,1.6577,1.6582,3.20,2.90
2007.12.27 09:33:18.216,1.6577,1.6582,3.20,2.90
2007.12.27 09:33:18.399,1.6577,1.6582,3.20,2.90
2007.12.27 09:33:18.588,1.6577,1.6582,3.20,2.90
2007.12.27 09:33:18.861,1.6578,1.6582,3.20,0.20
2007.12.27 09:33:19.134,1.6578,1.6583,3.20,0.90
2007.12.27 09:33:19.566,1.6578,1.6582,3.20,0.20
2007.12.27 09:33:19.720,1.6578,1.6582,3.20,0.90
2007.12.27 09:33:19.873,1.6577,1.6582,3.20,0.90
2007.12.27 09:33:20.165,1.6577,1.6582,3.20,0.90
2007.12.27 09:33:20.319,1.6577,1.6582,3.20,0.80
2007.12.27 09:33:20.721,1.6577,1.65825,3.20,0.20
2007.12.27 09:33:20.929,1.6577,1.65825,3.20,0.20
2007.12.27 09:33:21.143,1.6577,1.65825,3.20,0.20
2007.12.27 09:33:21.350,1.6577,1.65825,3.20,0.20
2007.12.27 09:33:24.575,1.6577,1.6583,3.20,7.20
2007.12.27 09:33:24.728,1.65775,1.6583,3.20,0.80
2007.12.27 09:33:24.861,1.65775,1.65835,3.20,3.30
2007.12.27 09:33:25.685,1.65775,1.65825,3.20,0.20
2007.12.27 09:33:25.819,1.6577,1.65825,3.20,0.20
2007.12.27 09:33:26.026,1.6577,1.65825,3.20,0.20
2007.12.27 09:33:26.310,1.6577,1.65825,3.20,0.20
2007.12.27 09:33:26.636,1.6577,1.6582,3.20,0.40
2007.12.27 09:33:26.845,1.6576,1.6581,3.20,0.50
2007.12.27 09:33:27.583,1.6576,1.65815,3.20,2.30
2007.12.27 09:33:27.782,1.6576,1.6581,3.20,0.70
2007.12.27 09:33:29.634,1.6576,1.65815,3.20,3.10
2007.12.27 09:33:29.803,1.6576,1.6582,4.00,7.30
2007.12.27 09:33:30.060,1.65765,1.6581,3.20,0.90
2007.12.27 09:33:30.249,1.65765,1.65825,3.20,6.20
2007.12.27 09:33:31.687,1.65765,1.6581,3.20,0.50
2007.12.27 09:33:32.600,1.65765,1.6581,3.20,0.50
2007.12.27 09:33:32.754,1.65765,1.6581,3.20,0.60
2007.12.27 09:33:33.149,1.65765,1.65815,3.20,2.20
2007.12.27 09:33:33.331,1.65765,1.6581,3.20,0.70
2007.12.27 09:33:33.588,1.65765,1.6582,3.20,5.30
2007.12.27 09:33:33.784,1.65765,1.6582,3.20,5.30
2007.12.27 09:33:33.953,1.65765,1.6582,3.20,5.30
2007.12.27 09:33:34.218,1.65765,1.6582,3.20,5.30
2007.12.27 09:33:36.089,1.65765,1.6582,3.20,5.20
2007.12.27 09:33:36.249,1.6577,1.6582,0.80,3.20
2007.12.27 09:33:36.406,1.65775,1.6582,3.20,0.50
2007.12.27 09:33:36.778,1.65775,1.6582,3.20,0.50
2007.12.27 09:33:37.027,1.65775,1.65815,3.20,0.40
2007.12.27 09:33:37.206,1.65775,1.65815,3.20,1.10
2007.12.27 09:33:37.520,1.65775,1.65815,3.20,1.10
2007.12.27 09:33:38.142,1.65775,1.6581,3.20,0.80
2007.12.27 09:33:38.355,1.6577,1.65835,6.00,7.50
2007.12.27 09:33:40.228,1.65775,1.65835,3.20,7.40
2007.12.27 09:33:42.093,1.65775,1.6583,3.20,0.80
2007.12.27 09:33:42.316,1.6578,1.6583,2.00,0.20
2007.12.27 09:33:42.630,1.6578,1.65835,2.00,0.70
2007.12.27 09:33:43.000,1.6578,1.6584,5.20,7.50
2007.12.27 09:33:46.761,1.6578,1.6584,5.20,7.50
2007.12.27 09:33:47.157,1.6578,1.6584,5.20,6.30
2007.12.27 09:33:47.481,1.6578,1.65835,5.20,0.20
2007.12.27 09:33:47.799,1.6578,1.65845,6.00,6.30
2007.12.27 09:33:48.117,1.65785,1.6584,3.20,0.60
2007.12.27 09:33:48.652,1.65785,1.65845,3.20,6.10
2007.12.27 09:33:48.854,1.6579,1.65845,2.00,0.70
2007.12.27 09:33:49.057,1.6579,1.6585,5.20,7.50
2007.12.27 09:33:49.260,1.6579,1.6584,3.20,0.70
2007.12.27 09:33:49.597,1.6579,1.65835,3.20,0.20
2007.12.27 09:33:49.875,1.65785,1.6584,3.20,3.10
2007.12.27 09:33:50.153,1.6578,1.6584,5.20,6.30
2007.12.27 09:33:50.431,1.6578,1.65835,5.20,0.20
2007.12.27 09:33:51.132,1.6578,1.65845,5.20,6.20
2007.12.27 09:33:51.361,1.6579,1.6585,2.00,7.40
2007.12.27 09:33:51.720,1.6579,1.65845,5.20,0.20
2007.12.27 09:33:52.161,1.6579,1.65845,5.20,1.00
2007.12.27 09:33:52.350,1.6579,1.6584,3.20,0.80
2007.12.27 09:33:52.538,1.65785,1.6584,3.20,0.50
2007.12.27 09:33:53.179,1.65785,1.6584,3.20,0.60
2007.12.27 09:33:54.159,1.65785,1.6584,3.20,2.80
2007.12.27 09:33:54.318,1.6579,1.65845,2.00,3.30
2007.12.27 09:33:54.841,1.6579,1.6584,2.00,0.80
2007.12.27 09:33:55.153,1.6579,1.65845,2.00,3.30
2007.12.27 09:33:55.840,1.6579,1.6584,2.00,0.20
2007.12.27 09:33:55.982,1.6579,1.6584,2.00,0.90
2007.12.27 09:33:56.635,1.6579,1.65815,2.00,0.20
2007.12.27 09:33:56.788,1.6579,1.65815,2.00,0.20
2007.12.27 09:33:56.941,1.6578,1.65815,0.80,0.20
2007.12.27 09:33:57.094,1.6577,1.65815,2.00,0.20
2007.12.27 09:33:57.247,1.6576,1.6581,4.40,2.00
2007.12.27 09:33:57.401,1.6576,1.6581,4.40,2.00
2007.12.27 09:33:58.167,1.6576,1.65815,4.40,0.20
2007.12.27 09:33:58.395,1.6576,1.65815,6.40,0.20
2007.12.27 09:33:58.621,1.6576,1.6582,5.20,6.00
2007.12.27 09:33:58.858,1.6577,1.65825,5.20,0.20
2007.12.27 09:33:59.091,1.6577,1.65825,5.20,0.20
2007.12.27 09:33:59.323,1.6577,1.65815,3.20,0.20
2007.12.27 09:33:59.557,1.6576,1.65815,6.40,0.20
2007.12.27 09:33:59.790,1.6576,1.6582,6.40,6.00
2007.12.27 09:34:00.063,1.6578,1.65835,3.20,0.20
2007.12.27 09:34:00.336,1.6578,1.65805,3.20,0.20
2007.12.27 09:34:00.609,1.6575,1.65805,6.40,0.20
2007.12.27 09:34:01.288,1.6575,1.65805,4.40,0.20
2007.12.27 09:34:02.305,1.6575,1.658,4.40,2.00
2007.12.27 09:34:02.530,1.65755,1.658,3.20,2.00
2007.12.27 09:34:03.052,1.65755,1.658,3.20,2.00
2007.12.27 09:34:03.240,1.6576,1.65815,3.20,3.30
2007.12.27 09:34:03.427,1.6576,1.6581,4.40,2.00
2007.12.27 09:34:03.615,1.6576,1.6581,4.40,2.00
2007.12.27 09:34:03.803,1.65765,1.6581,3.20,2.10
2007.12.27 09:34:04.093,1.65765,1.6581,3.20,2.00
2007.12.27 09:34:04.377,1.65765,1.6581,3.20,2.80
2007.12.27 09:34:04.650,1.65765,1.65815,3.20,0.20
2007.12.27 09:34:05.211,1.65765,1.65815,3.20,0.20
2007.12.27 09:34:05.435,1.65765,1.6581,3.20,2.00
2007.12.27 09:34:05.662,1.65765,1.6581,3.20,2.00
2007.12.27 09:34:05.884,1.65765,1.6582,3.20,2.90
2007.12.27 09:34:06.563,1.6577,1.6582,3.20,2.90
2007.12.27 09:34:07.999,1.6577,1.6582,3.20,2.90
2007.12.27 09:34:09.604,1.6577,1.6582,3.20,2.80
2007.12.27 09:34:09.763,1.6577,1.6582,4.00,2.00
2007.12.27 09:34:09.920,1.6577,1.6583,6.00,7.30
2007.12.27 09:34:10.137,1.6577,1.6582,6.00,0.20
2007.12.27 09:34:10.420,1.6577,1.6582,3.20,2.90
2007.12.27 09:34:10.703,1.6577,1.65815,3.20,0.20
2007.12.27 09:34:11.000,1.6577,1.65815,3.20,0.20
2007.12.27 09:34:11.542,1.65765,1.65815,3.20,0.20
2007.12.27 09:34:13.599,1.65765,1.65815,3.20,0.20
2007.12.27 09:34:13.752,1.6577,1.6582,0.80,2.00
2007.12.27 09:34:14.028,1.65775,1.6582,3.20,2.00
2007.12.27 09:34:14.548,1.6577,1.6582,4.00,2.00
2007.12.27 09:34:15.261,1.65775,1.6582,3.20,2.00
2007.12.27 09:34:15.632,1.65775,1.6582,3.20,2.00
2007.12.27 09:34:15.867,1.65775,1.6582,3.20,2.00
2007.12.27 09:34:16.091,1.65775,1.6582,3.20,2.00
2007.12.27 09:34:16.636,1.6577,1.6582,3.20,2.00
2007.12.27 09:34:17.200,1.6577,1.65815,3.20,0.20
2007.12.27 09:34:17.447,1.6577,1.65815,3.20,0.20
2007.12.27 09:34:17.632,1.65765,1.65815,3.20,0.20
2007.12.27 09:34:18.800,1.65765,1.6581,3.20,2.00
2007.12.27 09:34:19.029,1.65765,1.65805,3.20,0.20
2007.12.27 09:34:19.270,1.65765,1.6582,3.20,4.10
2007.12.27 09:34:19.536,1.6576,1.65815,2.80,3.20
2007.12.27 09:34:20.008,1.6576,1.65815,2.80,3.30
2007.12.27 09:34:20.210,1.6576,1.65815,2.00,3.30
2007.12.27 09:34:20.413,1.65765,1.65815,3.20,0.20
2007.12.27 09:34:20.672,1.65765,1.65815,3.20,0.20
2007.12.27 09:34:21.803,1.6577,1.65815,2.00,0.20
2007.12.27 09:34:22.550,1.6577,1.65815,2.00,0.20
2007.12.27 09:34:22.774,1.65765,1.65805,3.20,0.20
2007.12.27 09:34:22.997,1.65755,1.65805,3.20,0.20
2007.12.27 09:34:23.219,1.65755,1.65805,3.20,0.20
2007.12.27 09:34:24.160,1.65755,1.6581,3.20,0.80
2007.12.27 09:34:24.407,1.6576,1.6581,3.20,0.80
2007.12.27 09:34:24.586,1.6576,1.6581,3.20,0.80
2007.12.27 09:34:24.763,1.6576,1.6581,3.20,0.90
2007.12.27 09:34:24.941,1.6576,1.6581,5.20,0.90
2007.12.27 09:34:25.119,1.6576,1.658,5.20,0.20
2007.12.27 09:34:25.297,1.6576,1.658,2.00,0.80
2007.12.27 09:34:25.594,1.6576,1.658,2.00,0.80
2007.12.27 09:34:26.032,1.6576,1.658,2.00,0.80
2007.12.27 09:34:26.346,1.65755,1.65795,3.20,0.20
2007.12.27 09:34:26.660,1.65755,1.65795,3.20,0.20
2007.12.27 09:34:26.878,1.65745,1.65795,3.20,0.20
2007.12.27 09:34:27.134,1.65745,1.658,3.20,0.80
2007.12.27 09:34:27.365,1.6575,1.65805,2.00,3.30
2007.12.27 09:34:27.582,1.65755,1.65805,3.20,0.20
2007.12.27 09:34:28.260,1.6575,1.65805,5.20,0.20
2007.12.27 09:34:28.479,1.6574,1.65805,8.40,0.20
2007.12.27 09:34:28.600,1.6575,1.6581,1.60,6.10
2007.12.27 09:34:28.769,1.6574,1.6581,11.60,4.10
2007.12.27 09:34:28.936,1.6575,1.6581,7.20,0.90
2007.12.27 09:34:29.128,1.65755,1.6581,1.50,0.80
2007.12.27 09:34:29.296,1.65755,1.65815,5.20,3.30
2007.12.27 09:34:29.464,1.65755,1.65805,5.20,0.20
2007.12.27 09:34:29.647,1.65755,1.658,5.20,0.20
2007.12.27 09:34:29.980,1.6576,1.658,0.80,0.90
2007.12.27 09:34:30.312,1.6576,1.658,0.70,0.90
2007.12.27 09:34:31.107,1.6575,1.658,7.60,0.80
2007.12.27 09:34:31.657,1.6576,1.65805,0.70,0.20
2007.12.27 09:34:32.048,1.6576,1.65805,1.40,0.20
2007.12.27 09:34:32.222,1.6576,1.65805,1.20,0.20
2007.12.27 09:34:33.663,1.6575,1.658,6.40,0.80
2007.12.27 09:34:33.860,1.6575,1.658,0.70,0.90
2007.12.27 09:34:34.622,1.6575,1.65795,3.00,0.20
2007.12.27 09:34:34.869,1.65745,1.658,6.40,0.80
2007.12.27 09:34:35.118,1.65745,1.65805,7.20,3.20
2007.12.27 09:34:35.376,1.6577,1.6582,0.60,0.90
2007.12.27 09:34:35.662,1.65765,1.65815,5.20,0.20
2007.12.27 09:34:35.935,1.65765,1.6581,1.50,2.00
2007.12.27 09:34:36.208,1.6575,1.6581,7.20,2.00
2007.12.27 09:34:36.481,1.65765,1.6581,1.50,2.00
2007.12.27 09:34:37.227,1.6577,1.65815,1.10,0.20
2007.12.27 09:34:37.489,1.6576,1.6581,5.20,0.80
2007.12.27 09:34:37.752,1.6575,1.6581,7.20,2.80
2007.12.27 09:34:37.986,1.65755,1.65805,1.80,0.20
2007.12.27 09:34:38.473,1.6575,1.65805,6.40,0.20
2007.12.27 09:34:38.707,1.65755,1.65805,5.20,0.20
2007.12.27 09:34:39.087,1.6576,1.65805,1.20,0.20
2007.12.27 09:34:39.345,1.65755,1.65805,1.20,0.20
2007.12.27 09:34:39.604,1.6575,1.65805,1.60,0.20
2007.12.27 09:34:44.070,1.6575,1.65795,3.00,0.20
2007.12.27 09:34:44.233,1.6574,1.65795,7.60,0.20
2007.12.27 09:34:44.395,1.6575,1.65795,1.90,0.20
2007.12.27 09:34:44.558,1.6574,1.65795,6.40,0.20
2007.12.27 09:34:44.765,1.6574,1.65795,2.30,0.20
2007.12.27 09:34:45.178,1.6574,1.65795,8.40,0.20
2007.12.27 09:34:45.511,1.6575,1.658,0.70,0.90
2007.12.27 09:34:46.041,1.6575,1.65795,1.00,0.20
2007.12.27 09:34:46.218,1.6575,1.6579,0.80,0.20
2007.12.27 09:34:46.396,1.6574,1.6579,1.80,0.90
2007.12.27 09:34:46.574,1.6574,1.6579,0.80,0.90
2007.12.27 09:34:46.752,1.6574,1.6579,2.50,0.80
2007.12.27 09:34:46.930,1.6574,1.658,3.30,4.10
2007.12.27 09:34:47.223,1.6574,1.658,7.20,0.90
2007.12.27 09:34:49.132,1.65745,1.658,0.70,0.90
2007.12.27 09:34:49.530,1.6574,1.658,7.20,0.90
2007.12.27 09:34:49.753,1.6574,1.658,2.40,4.10
2007.12.27 09:34:50.268,1.65745,1.658,0.50,0.90
2007.12.27 09:34:50.550,1.6574,1.658,7.20,0.90
2007.12.27 09:34:50.832,1.6574,1.6579,7.20,0.20
2007.12.27 09:34:51.115,1.6573,1.65785,13.20,0.20
2007.12.27 09:34:51.292,1.6573,1.65785,5.20,0.20
2007.12.27 09:34:51.471,1.65735,1.65775,1.00,0.20
2007.12.27 09:34:51.523,1.6573,1.6578,5.20,1.10
2007.12.27 09:34:51.649,1.65735,1.65765,0.80,0.20
2007.12.27 09:34:51.827,1.65715,1.6577,6.40,1.10
2007.12.27 09:34:52.005,1.65715,1.6577,6.40,1.10
2007.12.27 09:34:52.182,1.65715,1.6577,6.40,1.10
2007.12.27 09:34:52.480,1.65715,1.65765,0.50,0.20
2007.12.27 09:34:52.779,1.65715,1.65765,0.50,0.20
2007.12.27 09:34:53.077,1.65715,1.65765,0.90,0.20
2007.12.27 09:34:53.300,1.6571,1.65775,6.40,6.20
2007.12.27 09:34:53.523,1.6571,1.65775,7.20,6.20
2007.12.27 09:34:53.746,1.6571,1.65775,7.20,6.00
2007.12.27 09:34:53.968,1.65715,1.6578,6.00,6.10
2007.12.27 09:34:54.202,1.6572,1.65785,6.00,6.20
2007.12.27 09:34:54.636,1.6572,1.65785,7.20,6.20
2007.12.27 09:34:54.844,1.65725,1.6578,0.50,0.90
2007.12.27 09:34:55.075,1.6572,1.65785,7.20,6.00
2007.12.27 09:34:55.283,1.6574,1.6578,0.80,0.90
2007.12.27 09:34:55.521,1.6573,1.6579,5.20,4.00
2007.12.27 09:34:55.759,1.6574,1.658,2.00,15.30
2007.12.27 09:34:55.996,1.6574,1.658,5.20,15.30
2007.12.27 09:34:56.234,1.6574,1.6579,3.20,0.90
2007.12.27 09:34:56.476,1.6574,1.6579,4.00,0.20
2007.12.27 09:34:56.720,1.6574,1.65805,6.00,7.50
2007.12.27 09:34:57.075,1.6574,1.65795,6.00,0.40
2007.12.27 09:34:57.318,1.6574,1.65795,3.20,3.10
2007.12.27 09:34:57.571,1.65735,1.65795,3.20,6.20
2007.12.27 09:34:57.824,1.65735,1.6579,3.20,0.50
2007.12.27 09:34:58.076,1.6574,1.658,2.80,6.10
2007.12.27 09:34:58.330,1.6575,1.658,2.00,0.90
2007.12.27 09:34:58.543,1.65745,1.65805,3.20,6.20
2007.12.27 09:34:58.770,1.6575,1.65805,3.20,3.10
2007.12.27 09:35:01.293,1.6575,1.65795,3.20,0.40
2007.12.27 09:35:01.441,1.6575,1.6579,3.20,0.50
2007.12.27 09:35:01.589,1.6574,1.65795,3.20,3.10
2007.12.27 09:35:01.927,1.6574,1.65795,5.20,1.10
2007.12.27 09:35:02.074,1.6574,1.6579,5.20,0.90
2007.12.27 09:35:02.652,1.6574,1.6579,5.20,0.80
2007.12.27 09:35:02.890,1.6575,1.65805,2.00,3.40
2007.12.27 09:35:03.127,1.6575,1.65805,5.20,0.20
2007.12.27 09:35:03.717,1.6575,1.6581,5.20,7.50
2007.12.27 09:35:04.020,1.6575,1.6581,5.20,7.50
2007.12.27 09:35:06.785,1.6575,1.65805,3.20,2.20
2007.12.27 09:35:06.908,1.6574,1.65795,2.00,0.60
2007.12.27 09:35:07.031,1.6574,1.65795,2.00,0.60
2007.12.27 09:35:07.214,1.6574,1.65795,2.00,0.90
2007.12.27 09:35:07.336,1.6574,1.658,2.00,6.00
2007.12.27 09:35:07.468,1.6575,1.6581,5.20,7.50
2007.12.27 09:35:07.765,1.6575,1.65805,5.20,0.20
2007.12.27 09:35:09.798,1.6575,1.65815,5.20,7.40
2007.12.27 09:35:09.931,1.6575,1.6581,5.20,0.90
2007.12.27 09:35:10.064,1.6576,1.65815,3.20,0.20
2007.12.27 09:35:10.224,1.6576,1.65825,3.20,7.40
2007.12.27 09:35:10.358,1.6576,1.6582,3.20,0.50
2007.12.27 09:35:10.491,1.6576,1.6582,5.20,0.70
2007.12.27 09:35:10.623,1.6577,1.6583,3.20,5.50
2007.12.27 09:35:18.736,1.6577,1.65835,3.20,5.50
2007.12.27 09:35:18.949,1.6577,1.6583,6.00,0.50
2007.12.27 09:35:19.161,1.6578,1.65835,3.20,1.10
2007.12.27 09:35:20.702,1.6578,1.6583,3.20,1.10
2007.12.27 09:35:20.894,1.65775,1.6583,3.20,1.10
2007.12.27 09:35:21.122,1.65775,1.65835,3.20,4.20
2007.12.27 09:35:21.361,1.65775,1.65835,3.20,4.00
2007.12.27 09:35:21.599,1.6578,1.6584,4.00,0.80
2007.12.27 09:35:21.838,1.6579,1.6584,3.20,1.10
2007.12.27 09:35:22.273,1.65785,1.6584,3.20,1.10
2007.12.27 09:35:24.333,1.65785,1.65845,3.20,4.10
2007.12.27 09:35:24.472,1.65795,1.6585,3.20,1.10
2007.12.27 09:35:24.747,1.65795,1.6583,3.20,0.40
2007.12.27 09:35:24.884,1.65795,1.65825,3.20,0.20
2007.12.27 09:35:25.023,1.6577,1.65825,9.20,0.20
2007.12.27 09:35:25.183,1.6577,1.65825,4.40,0.20
2007.12.27 09:35:25.400,1.6577,1.6583,4.40,4.30
2007.12.27 09:35:25.618,1.6577,1.65825,4.40,0.40
2007.12.27 09:35:25.836,1.6576,1.6582,7.20,0.70
2007.12.27 09:35:26.054,1.6576,1.65825,6.00,4.30
2007.12.27 09:35:26.272,1.6576,1.65825,6.00,4.30
2007.12.27 09:35:26.489,1.6576,1.65815,6.00,0.40
2007.12.27 09:35:26.708,1.6576,1.65815,5.20,1.10
2007.12.27 09:35:26.926,1.6575,1.6581,6.00,0.70
2007.12.27 09:35:27.144,1.6575,1.65815,6.00,7.50
2007.12.27 09:35:27.476,1.6575,1.65815,6.00,7.50
2007.12.27 09:35:29.219,1.6575,1.65805,2.80,0.80
2007.12.27 09:35:30.291,1.6575,1.6581,6.00,0.70
2007.12.27 09:35:30.977,1.6575,1.65815,7.20,6.30
2007.12.27 09:35:31.264,1.65755,1.6581,3.20,0.60
2007.12.27 09:35:31.443,1.65755,1.65815,3.20,6.00
2007.12.27 09:35:31.621,1.65775,1.6583,3.20,0.90
2007.12.27 09:35:31.799,1.65775,1.65835,3.20,4.50
2007.12.27 09:35:31.978,1.65775,1.65835,3.20,0.80
2007.12.27 09:35:32.156,1.6578,1.6586,3.20,9.20
2007.12.27 09:35:32.334,1.6578,1.6584,3.20,0.50
2007.12.27 09:35:32.628,1.6578,1.6584,4.40,0.50
2007.12.27 09:35:32.921,1.6579,1.6585,3.20,0.50
2007.12.27 09:35:33.215,1.6579,1.6586,3.20,9.20
2007.12.27 09:35:33.508,1.6579,1.6585,3.20,0.50
2007.12.27 09:35:33.786,1.65785,1.6585,3.20,4.40
2007.12.27 09:35:34.065,1.65785,1.65845,3.20,0.80
2007.12.27 09:35:34.342,1.65795,1.65855,3.20,20.80
2007.12.27 09:35:34.570,1.65785,1.65845,3.20,9.20
2007.12.27 09:35:34.797,1.65785,1.6584,3.20,0.60
2007.12.27 09:35:35.025,1.6577,1.6584,4.40,9.20
2007.12.27 09:35:35.254,1.6577,1.6584,3.20,9.20
2007.12.27 09:35:35.482,1.65765,1.65825,3.20,0.90
2007.12.27 09:35:35.817,1.6577,1.6584,3.20,9.20
2007.12.27 09:35:36.291,1.65765,1.65825,3.20,0.80
2007.12.27 09:35:36.453,1.65765,1.65825,3.20,0.90
2007.12.27 09:35:36.615,1.6578,1.65825,0.80,0.80
2007.12.27 09:35:36.779,1.65785,1.65845,3.20,5.40
2007.12.27 09:35:38.261,1.6578,1.6584,4.00,0.80
2007.12.27 09:35:38.509,1.6578,1.6584,6.00,0.70
2007.12.27 09:35:42.152,1.6578,1.65845,6.00,5.50
2007.12.27 09:35:43.333,1.6578,1.6585,6.00,10.50
2007.12.27 09:35:43.471,1.6579,1.6584,2.80,0.60
2007.12.27 09:35:43.679,1.65795,1.6584,3.20,0.60
2007.12.27 09:35:43.887,1.6579,1.65845,5.20,1.40
2007.12.27 09:35:49.150,1.6579,1.6584,5.20,1.30
2007.12.27 09:35:49.364,1.6579,1.6584,5.20,2.10
2007.12.27 09:35:49.871,1.6579,1.6584,5.20,2.00
2007.12.27 09:35:50.040,1.658,1.6584,3.20,0.80
2007.12.27 09:35:50.207,1.658,1.6585,3.20,0.90
2007.12.27 09:35:50.374,1.658,1.6585,3.20,0.90
2007.12.27 09:35:50.611,1.658,1.65845,3.20,0.20
2007.12.27 09:35:50.783,1.658,1.65845,3.20,0.20
2007.12.27 09:35:50.995,1.65795,1.65845,3.20,0.20
2007.12.27 09:35:52.884,1.65795,1.65835,3.20,0.20
2007.12.27 09:35:52.991,1.65795,1.65835,3.20,0.20
2007.12.27 09:35:53.099,1.65795,1.65835,3.20,0.20
2007.12.27 09:35:53.250,1.65785,1.65835,3.20,0.20
2007.12.27 09:35:54.122,1.65785,1.65835,3.20,0.20
2007.12.27 09:35:54.445,1.65785,1.65835,3.20,0.20
2007.12.27 09:35:56.278,1.6578,1.65835,6.00,0.20
2007.12.27 09:35:59.453,1.6578,1.65835,6.00,0.20
2007.12.27 09:36:00.356,1.6578,1.6584,6.00,6.00
2007.12.27 09:36:00.500,1.6579,1.6584,5.20,0.80
2007.12.27 09:36:00.643,1.6579,1.65845,6.00,0.20
2007.12.27 09:36:02.682,1.6579,1.65845,6.00,0.20
2007.12.27 09:36:04.909,1.6579,1.65835,6.00,0.20
2007.12.27 09:36:05.037,1.6579,1.65835,3.20,0.20
2007.12.27 09:36:05.265,1.6578,1.65835,4.00,0.20
2007.12.27 09:36:06.282,1.65785,1.65835,3.20,0.20
2007.12.27 09:36:07.620,1.65785,1.6583,3.20,0.20
2007.12.27 09:36:07.802,1.65785,1.6583,3.20,0.90
2007.12.27 09:36:08.008,1.6578,1.6583,3.20,0.90
2007.12.27 09:36:08.509,1.65775,1.6583,3.20,0.90
2007.12.27 09:36:08.866,1.65775,1.6583,3.20,0.80
2007.12.27 09:36:09.058,1.65785,1.6584,3.20,0.90
2007.12.27 09:36:09.251,1.6579,1.65845,0.80,3.30
2007.12.27 09:36:09.601,1.6579,1.6584,0.80,0.20
2007.12.27 09:36:09.775,1.65785,1.6584,3.20,0.90
2007.12.27 09:36:10.648,1.65785,1.6584,3.20,0.80
2007.12.27 09:36:10.865,1.658,1.65845,2.80,3.20
2007.12.27 09:36:11.082,1.658,1.6585,6.00,1.20
2007.12.27 09:36:11.361,1.658,1.6585,6.00,1.20
2007.12.27 09:36:11.584,1.6581,1.6586,2.80,4.40
2007.12.27 09:36:11.807,1.6581,1.6586,6.00,1.20
2007.12.27 09:36:12.030,1.6581,1.6586,6.00,1.30
2007.12.27 09:36:12.255,1.6581,1.6586,3.20,0.80
2007.12.27 09:36:12.573,1.6581,1.6586,3.20,2.00
2007.12.27 09:36:12.852,1.6581,1.6586,6.00,1.20
2007.12.27 09:36:13.129,1.6581,1.6586,6.00,1.20
2007.12.27 09:36:13.435,1.6581,1.65865,6.00,0.20
2007.12.27 09:36:13.658,1.6581,1.6587,6.00,4.40
2007.12.27 09:36:13.893,1.6582,1.6587,0.80,3.20
2007.12.27 09:36:14.116,1.65815,1.65875,3.20,3.20
2007.12.27 09:36:14.362,1.6582,1.6588,3.20,4.40
2007.12.27 09:36:14.582,1.6581,1.6587,3.20,3.20
2007.12.27 09:36:14.815,1.6581,1.6587,3.20,3.20
2007.12.27 09:36:15.049,1.65815,1.65865,3.20,0.20
2007.12.27 09:36:15.280,1.6581,1.65865,4.00,0.20
2007.12.27 09:36:16.889,1.6581,1.6587,4.00,5.20
2007.12.27 09:36:17.035,1.6581,1.6587,4.00,4.00
2007.12.27 09:36:17.194,1.6581,1.6587,3.20,3.20
2007.12.27 09:36:17.349,1.6581,1.6587,3.20,3.20
2007.12.27 09:36:17.632,1.6581,1.6586,3.20,0.90
2007.12.27 09:36:17.916,1.65805,1.6586,3.20,0.90
2007.12.27 09:36:18.199,1.65805,1.6586,3.20,0.90
2007.12.27 09:36:18.482,1.65805,1.6586,3.20,0.90
2007.12.27 09:36:18.680,1.6581,1.65865,0.80,3.30
2007.12.27 09:36:18.878,1.6581,1.65865,0.80,3.30
2007.12.27 09:36:19.101,1.6581,1.65865,4.00,0.20
2007.12.27 09:36:21.432,1.6581,1.65855,4.00,0.20
2007.12.27 09:36:21.596,1.6581,1.65855,4.00,0.20
2007.12.27 09:36:21.758,1.658,1.65855,7.20,0.20
2007.12.27 09:36:22.504,1.658,1.65855,6.00,0.20
2007.12.27 09:36:22.794,1.658,1.65855,6.00,0.20
2007.12.27 09:36:24.438,1.658,1.6585,6.00,0.20
2007.12.27 09:36:24.575,1.658,1.6585,6.00,0.20
2007.12.27 09:36:24.744,1.658,1.6585,3.20,2.90
2007.12.27 09:36:24.911,1.6579,1.6585,6.00,6.10
2007.12.27 09:36:25.728,1.6578,1.6585,16.40,6.10
2007.12.27 09:36:26.235,1.6578,1.6585,16.40,6.10
2007.12.27 09:36:26.610,1.6578,1.65835,16.40,0.20
2007.12.27 09:36:26.854,1.6577,1.65835,16.40,0.20
2007.12.27 09:36:27.188,1.6577,1.65835,11.60,0.20
2007.12.27 09:36:27.490,1.6578,1.65835,1.40,0.20
2007.12.27 09:36:28.394,1.6578,1.6584,0.60,6.00
2007.12.27 09:36:28.681,1.6579,1.65845,0.80,0.20
2007.12.27 09:36:28.853,1.6579,1.65845,1.70,0.20
2007.12.27 09:36:30.860,1.6578,1.65835,11.60,0.20
2007.12.27 09:36:31.057,1.6578,1.65835,10.40,0.20
2007.12.27 09:36:31.254,1.6578,1.65835,7.20,0.20
2007.12.27 09:36:31.452,1.6578,1.65835,1.30,0.20
2007.12.27 09:36:32.430,1.6578,1.65835,3.40,0.20
2007.12.27 09:36:32.648,1.6578,1.6584,11.60,3.20
2007.12.27 09:36:32.866,1.6579,1.65845,2.40,0.20
2007.12.27 09:36:36.482,1.6579,1.65835,2.20,0.20
2007.12.27 09:36:36.619,1.6578,1.65835,11.60,0.20
2007.12.27 09:36:36.756,1.6578,1.65835,7.20,0.20
2007.12.27 09:36:36.894,1.6579,1.65835,0.50,0.20
2007.12.27 09:36:37.549,1.6578,1.65835,7.20,0.20
2007.12.27 09:36:37.739,1.6579,1.65835,0.70,0.20
2007.12.27 09:36:38.156,1.65785,1.65835,5.20,0.20
2007.12.27 09:36:47.486,1.65785,1.6584,5.20,0.80
2007.12.27 09:36:47.630,1.6579,1.65845,6.00,0.20
2007.12.27 09:36:47.774,1.6579,1.6584,1.10,0.20
2007.12.27 09:36:47.918,1.6578,1.6584,5.20,0.90
2007.12.27 09:36:48.073,1.6579,1.6582,1.30,0.20
2007.12.27 09:36:48.204,1.6579,1.6582,1.00,0.90
2007.12.27 09:36:48.348,1.6577,1.6582,6.40,0.90
2007.12.27 09:36:48.625,1.6577,1.6582,1.90,0.90
2007.12.27 09:36:48.904,1.6577,1.6582,1.10,0.90
2007.12.27 09:36:49.181,1.65765,1.6582,5.20,0.90
2007.12.27 09:36:49.576,1.65765,1.6582,5.20,0.90
2007.12.27 09:36:49.972,1.65765,1.6582,5.20,0.80
2007.12.27 09:36:50.144,1.6578,1.6584,4.00,2.10
2007.12.27 09:36:50.330,1.6578,1.6584,4.00,0.90
2007.12.27 09:36:50.490,1.65785,1.6584,0.70,0.90
2007.12.27 09:36:51.111,1.6578,1.6584,4.00,0.80
2007.12.27 09:36:51.284,1.6579,1.65845,0.80,3.30
2007.12.27 09:36:51.522,1.6578,1.65845,10.40,0.20
2007.12.27 09:36:52.984,1.6579,1.65835,1.10,0.20
2007.12.27 09:36:53.213,1.6577,1.65835,16.40,0.20
2007.12.27 09:36:53.576,1.6577,1.65835,16.40,0.20
2007.12.27 09:36:54.089,1.6579,1.65835,2.00,0.20
2007.12.27 09:36:54.252,1.6579,1.65835,2.00,0.20
2007.12.27 09:36:54.428,1.6579,1.6584,2.00,0.80
2007.12.27 09:36:54.576,1.6581,1.6584,3.20,0.80
2007.12.27 09:36:54.724,1.6581,1.6586,4.00,8.00
2007.12.27 09:36:55.007,1.6581,1.6586,4.00,8.00
2007.12.27 09:36:55.155,1.6581,1.6586,4.00,3.20
2007.12.27 09:36:55.303,1.6581,1.6586,4.00,3.20
2007.12.27 09:36:55.995,1.6581,1.6586,4.00,3.20
2007.12.27 09:36:56.192,1.6581,1.6587,6.00,6.40
2007.12.27 09:36:56.390,1.65815,1.6587,3.20,3.20
2007.12.27 09:36:56.588,1.65825,1.6587,3.20,1.20
2007.12.27 09:36:56.721,1.65825,1.6587,3.20,1.20
2007.12.27 09:36:56.854,1.65825,1.6588,3.20,1.20
2007.12.27 09:36:59.009,1.65825,1.65875,3.20,0.20
2007.12.27 09:36:59.187,1.65825,1.6587,3.20,1.20
2007.12.27 09:36:59.365,1.6582,1.6587,2.00,1.20
2007.12.27 09:37:00.032,1.6582,1.6587,2.00,1.20
2007.12.27 09:37:00.205,1.6582,1.65875,2.80,3.20
2007.12.27 09:37:00.378,1.65825,1.6588,3.20,1.20
2007.12.27 09:37:00.980,1.65825,1.65875,3.20,0.20
2007.12.27 09:37:01.198,1.65815,1.6587,3.20,1.20
2007.12.27 09:37:01.474,1.65815,1.6587,3.20,1.20
2007.12.27 09:37:01.691,1.65815,1.6587,3.20,1.20
2007.12.27 09:37:01.807,1.6581,1.6587,6.00,1.20
2007.12.27 09:37:02.008,1.65815,1.6587,1.80,1.20
2007.12.27 09:37:02.141,1.6581,1.65845,4.00,0.20
2007.12.27 09:37:02.274,1.658,1.65845,2.30,3.30
2007.12.27 09:37:02.417,1.65785,1.65845,6.00,3.30
2007.12.27 09:37:02.562,1.6579,1.65845,0.80,3.30
2007.12.27 09:37:02.941,1.6579,1.65845,0.80,3.20
2007.12.27 09:37:03.148,1.658,1.6585,1.30,2.00
2007.12.27 09:37:03.356,1.6579,1.65855,9.20,0.20
2007.12.27 09:37:03.564,1.6579,1.6586,9.20,5.20
2007.12.27 09:37:03.771,1.6579,1.6586,6.40,1.20
2007.12.27 09:37:03.950,1.65805,1.6586,1.50,1.20
2007.12.27 09:37:04.925,1.6579,1.6586,11.20,1.20
2007.12.27 09:37:05.143,1.6581,1.65865,7.20,3.20
2007.12.27 09:37:05.369,1.65825,1.6587,1.90,1.20
2007.12.27 09:37:05.587,1.6582,1.6587,6.00,1.20
2007.12.27 09:37:06.574,1.65825,1.6588,1.90,1.20
2007.12.27 09:37:06.734,1.6582,1.6588,6.00,1.20
2007.12.27 09:37:08.746,1.6582,1.6588,6.00,1.20
2007.12.27 09:37:08.894,1.6582,1.6588,4.00,1.20
2007.12.27 09:37:09.183,1.65825,1.6588,1.40,1.20
2007.12.27 09:37:09.320,1.65825,1.6588,4.00,1.20
2007.12.27 09:37:09.472,1.6582,1.6588,9.20,1.20
2007.12.27 09:37:10.291,1.6582,1.6588,9.20,1.20
2007.12.27 09:37:11.473,1.6583,1.6588,1.80,1.20
2007.12.27 09:37:14.646,1.6583,1.6588,1.20,1.20
2007.12.27 09:37:14.819,1.6584,1.6588,0.60,1.20
2007.12.27 09:37:14.993,1.6584,1.6588,0.80,1.20
2007.12.27 09:37:15.194,1.6584,1.6589,1.30,2.10
2007.12.27 09:37:15.486,1.6584,1.6589,0.90,2.10
2007.12.27 09:37:16.022,1.65835,1.6588,5.20,0.20
2007.12.27 09:37:16.241,1.65835,1.6588,1.60,2.10
2007.12.27 09:37:16.458,1.6582,1.6588,10.80,2.10
2007.12.27 09:37:16.676,1.65825,1.6588,1.40,2.10
2007.12.27 09:37:16.894,1.6582,1.6588,6.00,2.10
2007.12.27 09:37:17.537,1.65825,1.6588,0.50,2.10
2007.12.27 09:37:19.439,1.65825,1.6587,1.20,0.20
2007.12.27 09:37:19.584,1.65825,1.6587,1.20,0.20
2007.12.27 09:37:19.723,1.65815,1.6587,1.20,0.90
2007.12.27 09:37:19.846,1.6581,1.65875,10.80,4.20
2007.12.27 09:37:19.859,1.65815,1.6587,0.50,0.90
2007.12.27 09:37:19.998,1.6581,1.65875,6.00,4.00
2007.12.27 09:37:20.236,1.65815,1.6587,0.90,0.50
2007.12.27 09:37:20.474,1.6579,1.6587,11.20,4.40
2007.12.27 09:37:25.049,1.65805,1.6585,0.50,0.20
2007.12.27 09:37:25.216,1.65805,1.6585,0.50,0.90
2007.12.27 09:37:25.418,1.658,1.6585,0.50,0.90
2007.12.27 09:37:30.049,1.6579,1.65855,7.20,1.10
2007.12.27 09:37:30.210,1.6579,1.65855,6.00,1.10
2007.12.27 09:37:30.358,1.65795,1.6585,0.70,0.90
2007.12.27 09:37:30.561,1.65795,1.6585,0.70,0.90
2007.12.27 09:37:30.709,1.658,1.6586,7.20,4.40
2007.12.27 09:37:30.858,1.65815,1.6586,0.60,0.80
2007.12.27 09:37:31.067,1.65815,1.65855,3.20,0.40
2007.12.27 09:37:31.214,1.65815,1.6585,3.20,0.20
2007.12.27 09:37:31.361,1.65795,1.65855,3.20,4.20
2007.12.27 09:37:36.884,1.65795,1.6585,0.60,0.90
2007.12.27 09:37:41.167,1.6579,1.65855,6.00,5.40
2007.12.27 09:37:41.330,1.6579,1.65855,6.00,5.40
2007.12.27 09:37:44.046,1.6579,1.65855,6.00,5.20
2007.12.27 09:37:44.198,1.658,1.65855,3.20,5.20
2007.12.27 09:37:44.351,1.6581,1.6587,6.00,4.10
2007.12.27 09:37:44.559,1.6581,1.65865,6.00,1.50
2007.12.27 09:37:44.712,1.6581,1.65865,4.00,3.50
2007.12.27 09:37:44.916,1.658,1.65865,6.00,4.30
2007.12.27 09:37:45.119,1.658,1.6587,6.00,11.70
2007.12.27 09:37:45.323,1.65815,1.6587,0.90,0.80
2007.12.27 09:37:45.525,1.65815,1.6586,0.70,0.20
2007.12.27 09:37:45.738,1.65815,1.6586,0.90,0.50
2007.12.27 09:37:45.961,1.6581,1.6586,0.90,0.80
2007.12.27 09:37:46.184,1.658,1.65875,9.20,7.50
2007.12.27 09:37:46.407,1.6581,1.65875,6.00,7.40
2007.12.27 09:37:46.630,1.65815,1.6587,0.50,0.80
2007.12.27 09:37:49.748,1.6582,1.6587,1.20,4.10
2007.12.27 09:37:51.626,1.6582,1.6586,0.50,0.20
2007.12.27 09:37:51.779,1.6581,1.6586,6.00,0.20
2007.12.27 09:37:51.933,1.6581,1.6586,5.20,0.90
2007.12.27 09:37:52.259,1.6581,1.6586,5.20,0.90
2007.12.27 09:37:56.601,1.65815,1.6586,0.70,0.90
2007.12.27 09:37:57.958,1.6581,1.6585,5.20,0.20
2007.12.27 09:37:58.207,1.65815,1.6585,1.50,0.90
2007.12.27 09:37:58.431,1.6579,1.6585,12.00,0.90
2007.12.27 09:37:58.653,1.6579,1.6585,7.20,0.90
2007.12.27 09:37:59.006,1.6579,1.6585,7.20,0.90
2007.12.27 09:38:02.003,1.6579,1.6585,7.20,0.80
2007.12.27 09:38:02.168,1.658,1.6586,1.00,6.10
2007.12.27 09:38:02.303,1.6581,1.6586,1.30,4.10
2007.12.27 09:38:02.521,1.6581,1.6586,0.90,0.90
2007.12.27 09:38:03.265,1.6581,1.6586,2.50,0.90
2007.12.27 09:38:04.085,1.658,1.6585,7.20,0.20
2007.12.27 09:38:04.290,1.6581,1.6585,2.50,0.90
2007.12.27 09:38:04.502,1.658,1.6585,6.40,0.90
2007.12.27 09:38:04.684,1.6579,1.6584,7.20,0.20
2007.12.27 09:38:04.866,1.6578,1.6584,13.20,0.90
2007.12.27 09:38:05.050,1.6579,1.6584,1.30,0.90
2007.12.27 09:38:06.059,1.6579,1.6584,6.40,0.80
2007.12.27 09:38:06.268,1.658,1.6584,5.20,0.80
2007.12.27 09:38:06.475,1.658,1.6585,5.20,0.90
2007.12.27 09:38:07.124,1.658,1.6585,3.20,2.90
2007.12.27 09:38:09.998,1.658,1.65845,3.20,0.20
2007.12.27 09:38:10.227,1.658,1.65845,3.20,0.20
2007.12.27 09:38:10.415,1.65795,1.65845,3.20,0.20
2007.12.27 09:38:10.624,1.65795,1.6584,3.20,0.20
2007.12.27 09:38:10.803,1.6579,1.6584,5.20,0.90
2007.12.27 09:38:11.034,1.6579,1.6584,2.00,0.90
2007.12.27 09:38:11.213,1.6579,1.6584,2.00,0.80
2007.12.27 09:38:11.390,1.6579,1.65845,2.80,3.30
2007.12.27 09:38:11.569,1.6579,1.65845,6.00,0.20
2007.12.27 09:38:11.847,1.6579,1.6584,3.20,2.90
2007.12.27 09:38:12.125,1.6579,1.6584,3.20,2.80
2007.12.27 09:38:12.403,1.6579,1.65845,2.80,3.30
2007.12.27 09:38:12.680,1.6579,1.65845,6.00,0.20
2007.12.27 09:38:14.228,1.65795,1.65845,3.20,0.20
2007.12.27 09:38:15.596,1.65795,1.6585,3.20,2.90
2007.12.27 09:38:16.001,1.658,1.6585,3.20,2.90
2007.12.27 09:38:16.329,1.658,1.6585,3.20,2.90
2007.12.27 09:38:17.704,1.658,1.6585,5.20,0.90
2007.12.27 09:38:17.975,1.6579,1.6585,7.20,0.90
2007.12.27 09:38:27.253,1.6579,1.6585,7.20,0.90
2007.12.27 09:38:46.009,1.658,1.6585,5.20,0.80
2007.12.27 09:38:46.202,1.658,1.6586,7.20,5.20
2007.12.27 09:38:46.395,1.6581,1.6586,2.00,3.20
2007.12.27 09:38:46.622,1.6581,1.65865,5.20,0.20
2007.12.27 09:38:50.199,1.6581,1.6585,5.20,0.80
2007.12.27 09:38:50.392,1.658,1.6585,5.20,0.90
2007.12.27 09:38:57.016,1.658,1.6585,2.00,0.90
2007.12.27 09:39:01.727,1.658,1.65855,2.80,3.30
2007.12.27 09:39:04.699,1.658,1.6585,2.80,0.20
2007.12.27 09:39:04.847,1.6581,1.6585,2.00,1.30
2007.12.27 09:39:05.060,1.6579,1.6585,10.80,5.30
2007.12.27 09:39:05.273,1.6579,1.6585,6.00,5.30
2007.12.27 09:39:06.050,1.6579,1.6585,6.00,5.30
2007.12.27 09:39:09.676,1.6579,1.6585,6.00,5.20
2007.12.27 09:39:09.808,1.65795,1.6585,3.20,1.20
2007.12.27 09:39:09.938,1.658,1.6585,2.00,1.20
2007.12.27 09:39:10.065,1.658,1.6585,2.00,1.20
2007.12.27 09:39:10.374,1.65795,1.6585,3.20,2.10
2007.12.27 09:39:10.683,1.6579,1.6584,5.20,0.90
2007.12.27 09:39:10.991,1.6579,1.6584,5.20,0.90
2007.12.27 09:39:11.662,1.6579,1.6584,5.20,0.80
2007.12.27 09:39:11.912,1.6579,1.6585,6.00,5.30
2007.12.27 09:39:13.732,1.6579,1.65855,6.00,5.50
2007.12.27 09:39:19.960,1.6579,1.6584,6.00,0.20
2007.12.27 09:39:20.092,1.6579,1.6584,2.80,0.20
2007.12.27 09:39:20.224,1.6579,1.6584,2.00,0.90
2007.12.27 09:39:20.357,1.6579,1.65845,2.00,4.20
2007.12.27 09:39:25.041,1.6579,1.6584,2.00,1.10
2007.12.27 09:39:25.194,1.65785,1.6584,3.20,1.10
2007.12.27 09:39:25.346,1.6578,1.65835,4.00,0.20
2007.12.27 09:39:27.007,1.6578,1.6584,4.00,0.90
2007.12.27 09:39:27.125,1.6578,1.65835,4.00,0.20
2007.12.27 09:39:27.281,1.6579,1.6584,3.20,1.10
2007.12.27 09:39:27.786,1.65785,1.6584,3.20,1.10
2007.12.27 09:39:28.153,1.65785,1.6584,3.20,0.90
2007.12.27 09:39:28.466,1.65785,1.6584,3.20,0.90
2007.12.27 09:39:29.610,1.65785,1.6584,3.20,1.10
2007.12.27 09:39:30.242,1.65785,1.65845,3.20,4.00
2007.12.27 09:39:30.434,1.658,1.65855,2.80,3.40
2007.12.27 09:39:30.627,1.65805,1.65855,3.20,0.20
2007.12.27 09:39:30.820,1.65805,1.6585,3.20,0.50
2007.12.27 09:39:31.580,1.65805,1.6585,3.20,0.70
2007.12.27 09:39:31.769,1.65805,1.6585,3.20,0.70
2007.12.27 09:39:32.063,1.658,1.6585,3.20,0.60
2007.12.27 09:39:32.353,1.658,1.65855,5.20,1.10
2007.12.27 09:39:33.748,1.658,1.6586,5.20,10.50
2007.12.27 09:39:33.961,1.6581,1.65865,2.00,4.30
2007.12.27 09:39:34.099,1.6581,1.65865,5.20,1.10
2007.12.27 09:39:34.772,1.6581,1.6586,2.00,4.10
2007.12.27 09:39:34.909,1.658,1.6584,2.00,0.90
2007.12.27 09:39:35.117,1.658,1.6585,2.00,7.30
2007.12.27 09:39:35.336,1.658,1.6584,5.20,0.20
2007.12.27 09:39:35.543,1.658,1.65845,3.20,1.10
2007.12.27 09:39:35.818,1.6579,1.65845,5.20,1.10
2007.12.27 09:39:36.252,1.6579,1.6584,5.20,0.80
2007.12.27 09:39:36.514,1.6579,1.6586,5.20,7.60
2007.12.27 09:39:36.778,1.65805,1.6585,3.20,0.20
2007.12.27 09:39:37.040,1.65805,1.65855,3.20,1.10
2007.12.27 09:39:37.223,1.658,1.6585,3.20,0.90
2007.12.27 09:39:37.406,1.658,1.6586,3.20,8.40
2007.12.27 09:39:37.589,1.65805,1.6587,3.20,4.40
2007.12.27 09:39:39.251,1.65805,1.6587,3.20,4.40
2007.12.27 09:39:39.464,1.6583,1.65865,0.80,0.50
2007.12.27 09:39:39.677,1.6584,1.6589,3.20,0.90
2007.12.27 09:39:39.890,1.6584,1.6589,3.20,0.70
2007.12.27 09:39:40.288,1.6584,1.6587,3.20,0.20
2007.12.27 09:39:40.471,1.6584,1.65875,3.20,0.40
2007.12.27 09:39:40.654,1.6583,1.6587,0.80,0.20
2007.12.27 09:39:40.838,1.65815,1.65875,3.20,4.00
2007.12.27 09:39:41.021,1.65805,1.6587,3.20,4.40
2007.12.27 09:39:41.204,1.65805,1.6587,3.20,4.40
2007.12.27 09:39:41.857,1.65805,1.65865,3.20,3.20
2007.12.27 09:39:42.116,1.6585,1.6589,3.20,4.80
2007.12.27 09:39:42.345,1.6584,1.6585,0.80,0.20
2007.12.27 09:39:42.512,1.6583,1.6585,4.80,0.90
2007.12.27 09:39:42.680,1.6583,1.6585,4.80,0.90
2007.12.27 09:39:42.848,1.658,1.6585,3.20,0.80
2007.12.27 09:39:43.016,1.658,1.6586,3.20,3.20
2007.12.27 09:39:43.184,1.65805,1.65865,3.20,3.20
2007.12.27 09:39:43.732,1.65805,1.65865,3.20,3.20
2007.12.27 09:39:44.024,1.6583,1.6588,3.20,4.10
2007.12.27 09:39:44.317,1.6583,1.6588,3.20,4.10
2007.12.27 09:39:45.316,1.65825,1.6588,3.20,4.10
2007.12.27 09:39:45.789,1.65825,1.6588,3.20,4.00
2007.12.27 09:39:46.018,1.6584,1.65885,2.80,3.20
2007.12.27 09:39:46.245,1.6584,1.659,6.00,7.30
2007.12.27 09:39:47.803,1.6584,1.659,2.40,7.30
2007.12.27 09:39:48.766,1.65835,1.65895,6.00,3.20
2007.12.27 09:39:50.311,1.6584,1.659,2.50,7.30
2007.12.27 09:39:53.275,1.6583,1.6588,10.40,0.20
2007.12.27 09:39:53.488,1.6584,1.6588,0.70,2.10
2007.12.27 09:39:53.700,1.6582,1.6588,2.40,5.30
2007.12.27 09:39:53.854,1.6582,1.6587,2.40,0.20
2007.12.27 09:39:54.006,1.6581,1.6587,3.10,4.10
2007.12.27 09:39:54.344,1.658,1.6587,16.40,4.10
2007.12.27 09:39:54.497,1.658,1.6587,16.40,5.30
2007.12.27 09:39:54.805,1.6581,1.6587,2.00,5.30
2007.12.27 09:39:56.810,1.658,1.6587,16.40,5.20
2007.12.27 09:39:57.002,1.6582,1.6588,10.40,1.20
2007.12.27 09:39:57.283,1.6583,1.6588,1.50,1.20
2007.12.27 09:39:57.985,1.6582,1.6589,15.20,7.30
2007.12.27 09:39:58.138,1.6582,1.6589,15.20,7.30
2007.12.27 09:40:02.371,1.6583,1.6589,2.90,7.30
2007.12.27 09:40:02.653,1.6584,1.6589,0.90,5.30
2007.12.27 09:40:02.789,1.6583,1.6589,6.00,5.30
2007.12.27 09:40:09.062,1.6583,1.65885,6.00,0.20
2007.12.27 09:40:11.532,1.6583,1.65885,6.00,0.20
2007.12.27 09:40:15.229,1.6583,1.65885,6.00,0.20
2007.12.27 09:40:16.620,1.6584,1.6589,2.00,5.20
2007.12.27 09:40:16.966,1.6584,1.6589,2.00,2.00
2007.12.27 09:40:17.186,1.6584,1.6589,2.00,0.80
2007.12.27 09:40:17.572,1.6584,1.6589,2.00,0.80
2007.12.27 09:40:17.751,1.6584,1.65885,2.00,0.20
2007.12.27 09:40:17.928,1.6584,1.65885,2.00,0.20
2007.12.27 09:40:18.114,1.6584,1.65885,2.00,0.20
2007.12.27 09:40:18.499,1.6584,1.65885,2.00,0.20
2007.12.27 09:40:21.191,1.6584,1.6589,2.00,5.20
2007.12.27 09:40:21.390,1.6585,1.6589,2.00,3.20
2007.12.27 09:40:21.587,1.6585,1.65895,2.00,3.20
2007.12.27 09:40:21.784,1.6584,1.65895,2.80,3.20
2007.12.27 09:40:21.879,1.65835,1.65895,6.00,3.20
2007.12.27 09:40:21.988,1.6584,1.65895,1.80,3.20
2007.12.27 09:40:22.324,1.65835,1.6589,6.00,0.20
2007.12.27 09:40:22.548,1.6583,1.6588,8.80,2.00
2007.12.27 09:40:22.771,1.6583,1.6588,8.80,2.00
2007.12.27 09:40:22.994,1.6584,1.65895,2.80,3.20
2007.12.27 09:40:23.216,1.6584,1.65895,2.80,3.20
2007.12.27 09:40:23.459,1.6584,1.6588,0.80,2.00
2007.12.27 09:40:23.703,1.65835,1.6588,3.20,2.00
2007.12.27 09:40:23.944,1.65835,1.6589,3.20,2.90
2007.12.27 09:40:24.188,1.6583,1.65885,6.00,0.20
2007.12.27 09:40:24.405,1.6583,1.65875,6.00,0.20
2007.12.27 09:40:24.637,1.65835,1.6588,3.20,2.00
2007.12.27 09:40:24.841,1.6583,1.6588,3.20,2.00
2007.12.27 09:40:25.060,1.6583,1.6589,6.00,6.10
2007.12.27 09:40:25.278,1.6584,1.6589,2.00,4.10
2007.12.27 09:40:25.550,1.6584,1.6589,2.00,0.90
2007.12.27 09:40:26.093,1.6584,1.6589,2.00,2.10
2007.12.27 09:40:26.367,1.65835,1.65885,3.20,0.20
2007.12.27 09:40:26.545,1.6583,1.65885,6.00,0.20
2007.12.27 09:40:33.966,1.6583,1.6589,6.00,7.20
2007.12.27 09:40:34.189,1.6583,1.6589,6.00,6.00
2007.12.27 09:40:34.322,1.6584,1.65895,2.80,3.20
2007.12.27 09:40:34.488,1.6584,1.65895,2.80,3.20
2007.12.27 09:40:38.447,1.6584,1.6589,2.80,0.20
2007.12.27 09:40:38.597,1.6584,1.6589,2.00,5.30
2007.12.27 09:40:38.775,1.6583,1.6589,6.00,7.30
2007.12.27 09:40:38.952,1.6583,1.6588,6.00,0.20
2007.12.27 09:40:39.131,1.6583,1.6588,4.00,0.20
2007.12.27 09:40:39.308,1.6582,1.6588,6.00,4.10
2007.12.27 09:40:39.486,1.6582,1.6588,6.00,5.30
2007.12.27 09:40:39.801,1.6582,1.6588,6.00,5.30
2007.12.27 09:40:41.916,1.6582,1.6588,6.00,0.90
2007.12.27 09:40:47.007,1.6582,1.65885,6.00,5.50
2007.12.27 09:40:47.152,1.6582,1.6588,6.00,0.90
2007.12.27 09:40:47.437,1.6582,1.65875,6.00,0.20
2007.12.27 09:40:47.569,1.65815,1.65875,3.20,6.10
2007.12.27 09:40:47.734,1.65815,1.6587,3.20,0.90
2007.12.27 09:40:47.972,1.65815,1.65865,3.20,0.20
2007.12.27 09:40:48.210,1.6581,1.65865,0.80,5.30
2007.12.27 09:40:50.046,1.6581,1.65865,0.80,5.40
2007.12.27 09:40:50.266,1.65805,1.65865,3.20,6.20
2007.12.27 09:40:50.428,1.658,1.65865,7.20,6.30
2007.12.27 09:40:50.591,1.658,1.6586,7.20,0.70
2007.12.27 09:40:51.197,1.658,1.6585,5.20,0.50
2007.12.27 09:40:51.440,1.658,1.6586,5.20,7.30
2007.12.27 09:40:51.910,1.658,1.6585,4.00,0.70
2007.12.27 09:40:52.057,1.658,1.65855,0.80,5.20
2007.12.27 09:40:52.745,1.658,1.65855,0.80,5.20
2007.12.27 09:40:52.893,1.6581,1.65855,0.80,0.70
2007.12.27 09:40:53.080,1.6581,1.6586,0.80,0.60
2007.12.27 09:40:53.274,1.6581,1.6586,0.80,0.80
2007.12.27 09:40:53.475,1.6581,1.6586,0.80,0.50
2007.12.27 09:40:53.662,1.6581,1.65865,2.80,3.40
2007.12.27 09:40:55.017,1.6581,1.6586,2.80,3.50
2007.12.27 09:40:55.165,1.6581,1.6586,2.00,4.30
2007.12.27 09:40:55.313,1.658,1.6585,1.20,0.90
2007.12.27 09:40:55.462,1.658,1.6586,3.20,6.20
2007.12.27 09:40:55.609,1.65805,1.6586,3.20,3.10
2007.12.27 09:40:55.797,1.658,1.6586,6.40,6.30
2007.12.27 09:40:56.577,1.658,1.65865,6.40,6.20
2007.12.27 09:40:56.872,1.6581,1.65865,2.00,4.20
2007.12.27 09:40:57.111,1.6581,1.65865,2.80,3.40
2007.12.27 09:40:57.269,1.6581,1.6587,2.80,7.40
2007.12.27 09:40:59.628,1.6581,1.65865,2.80,3.40
2007.12.27 09:40:59.741,1.6581,1.6586,2.80,3.50
2007.12.27 09:40:59.853,1.658,1.65855,6.40,0.20
2007.12.27 09:41:00.452,1.65805,1.6586,3.20,3.10
2007.12.27 09:41:00.775,1.658,1.6586,6.40,6.30
2007.12.27 09:41:04.579,1.658,1.6586,6.40,0.50
2007.12.27 09:41:04.692,1.6581,1.65865,0.80,3.40
2007.12.27 09:41:04.816,1.6581,1.65865,2.80,3.40
2007.12.27 09:41:05.289,1.6581,1.65865,2.80,0.70
2007.12.27 09:41:07.152,1.6581,1.6586,2.80,0.40
2007.12.27 09:41:07.499,1.6581,1.6586,2.80,3.50
2007.12.27 09:41:07.706,1.6581,1.65855,2.80,0.80
2007.12.27 09:41:07.855,1.658,1.6586,3.20,6.20
2007.12.27 09:41:08.135,1.658,1.65855,2.00,0.50
2007.12.27 09:41:08.534,1.658,1.6586,2.00,6.20
2007.12.27 09:41:11.008,1.658,1.65855,2.00,3.30
2007.12.27 09:41:11.165,1.6582,1.65855,2.80,3.20
2007.12.27 09:41:11.313,1.65825,1.6588,3.20,6.80
2007.12.27 09:41:11.461,1.65825,1.6588,3.20,2.00
2007.12.27 09:41:12.060,1.65825,1.6588,3.20,2.00
2007.12.27 09:41:12.195,1.6583,1.6588,0.80,2.00
2007.12.27 09:41:12.372,1.6583,1.6588,4.00,2.00
2007.12.27 09:41:12.550,1.6583,1.6589,6.00,7.30
2007.12.27 09:41:12.980,1.6583,1.6589,6.00,7.20
2007.12.27 09:41:13.158,1.6584,1.6589,2.80,3.20
2007.12.27 09:41:13.394,1.6584,1.65895,2.80,3.20
2007.12.27 09:41:16.411,1.6584,1.6589,2.80,0.20
2007.12.27 09:41:16.651,1.6584,1.6589,2.00,0.90
2007.12.27 09:41:16.878,1.6584,1.6589,2.00,4.10
2007.12.27 09:41:19.612,1.6584,1.65885,2.00,0.20
2007.12.27 09:41:19.805,1.6584,1.65885,2.00,0.20
2007.12.27 09:41:20.143,1.6584,1.65885,2.00,0.20
2007.12.27 09:41:28.148,1.6584,1.65885,2.00,0.20
2007.12.27 09:41:28.340,1.6584,1.65885,2.00,0.20
2007.12.27 09:41:29.022,1.6584,1.6589,2.00,5.50
2007.12.27 09:41:30.502,1.6584,1.659,2.00,10.50
2007.12.27 09:41:30.671,1.6584,1.659,2.00,7.30
2007.12.27 09:41:30.838,1.65845,1.659,3.20,0.90
2007.12.27 09:41:31.020,1.65845,1.6589,3.20,0.40
2007.12.27 09:41:31.174,1.65845,1.6589,3.20,0.40
2007.12.27 09:41:31.327,1.6583,1.6589,6.40,6.30
2007.12.27 09:41:31.769,1.6583,1.65885,6.40,0.20
2007.12.27 09:41:31.957,1.6583,1.659,6.40,21.20
2007.12.27 09:41:32.139,1.6587,1.6589,3.20,0.50
2007.12.27 09:41:32.321,1.6587,1.65925,5.20,1.10
2007.12.27 09:41:32.605,1.6587,1.6592,6.40,0.90
2007.12.27 09:41:32.788,1.6587,1.6592,6.40,0.90
2007.12.27 09:41:33.117,1.6588,1.65925,2.00,1.10
2007.12.27 09:41:33.645,1.6587,1.6592,6.40,0.90
2007.12.27 09:41:33.807,1.6587,1.65925,6.40,1.10
2007.12.27 09:41:34.744,1.6587,1.6592,6.40,0.90
2007.12.27 09:41:37.056,1.6587,1.65925,3.20,4.20
2007.12.27 09:41:37.225,1.6587,1.6592,2.00,0.90
2007.12.27 09:41:37.392,1.6587,1.6592,2.00,0.90
2007.12.27 09:41:37.559,1.6587,1.65905,2.00,0.40
2007.12.27 09:41:37.741,1.65865,1.65905,3.20,1.10
2007.12.27 09:41:37.895,1.6585,1.659,9.20,0.90
2007.12.27 09:41:38.064,1.6585,1.659,4.40,0.90
2007.12.27 09:41:38.281,1.6585,1.65905,3.20,1.10
2007.12.27 09:41:38.499,1.65845,1.65895,3.20,9.90
2007.12.27 09:41:38.717,1.65845,1.65895,3.20,10.70
2007.12.27 09:41:38.935,1.65835,1.65895,3.20,13.80
2007.12.27 09:41:39.153,1.65835,1.65895,3.20,12.80
2007.12.27 09:41:39.344,1.65825,1.6589,3.20,12.80
2007.12.27 09:41:39.544,1.65825,1.6589,3.20,14.00
2007.12.27 09:41:40.028,1.65825,1.65885,3.20,0.80
2007.12.27 09:41:40.482,1.65825,1.6589,3.20,14.00
2007.12.27 09:41:40.670,1.6584,1.6589,2.00,4.40
2007.12.27 09:41:40.859,1.65845,1.65905,3.20,5.40
2007.12.27 09:41:41.706,1.65845,1.65905,3.20,5.20
2007.12.27 09:41:41.909,1.6585,1.65905,2.80,4.40
2007.12.27 09:41:42.113,1.6585,1.659,2.80,0.90
2007.12.27 09:41:42.349,1.6585,1.6591,4.00,0.60
2007.12.27 09:41:42.586,1.6585,1.65915,4.00,14.30
2007.12.27 09:41:42.824,1.6585,1.65915,4.00,15.10
2007.12.27 09:41:43.158,1.6585,1.65905,4.00,0.40
2007.12.27 09:41:43.386,1.6585,1.65905,0.80,3.50
2007.12.27 09:41:43.615,1.6585,1.6591,0.80,16.90
2007.12.27 09:41:43.843,1.6585,1.65905,0.80,0.60
2007.12.27 09:41:44.081,1.6585,1.6591,4.00,0.70
2007.12.27 09:41:44.309,1.6585,1.6591,4.00,0.60
2007.12.27 09:41:46.484,1.6585,1.6591,4.00,0.80
2007.12.27 09:41:46.616,1.6587,1.6592,3.20,7.20
2007.12.27 09:41:46.750,1.6587,1.65925,4.00,3.40
2007.12.27 09:41:46.883,1.6587,1.65925,4.00,3.40
2007.12.27 09:41:47.529,1.6587,1.65915,4.00,0.40
2007.12.27 09:41:47.736,1.6587,1.65915,4.00,9.90
2007.12.27 09:41:47.944,1.6585,1.65915,4.00,13.90
2007.12.27 09:41:48.564,1.6585,1.65905,4.00,0.40
2007.12.27 09:41:48.691,1.6585,1.659,4.00,0.20
2007.12.27 09:41:48.820,1.6585,1.65905,3.20,1.10
2007.12.27 09:41:48.986,1.6585,1.65895,3.20,0.40
2007.12.27 09:41:49.114,1.65845,1.6589,3.20,0.70
2007.12.27 09:41:49.241,1.65845,1.6589,3.20,0.80
2007.12.27 09:41:49.397,1.6584,1.6589,2.00,0.60
2007.12.27 09:41:49.742,1.6584,1.65895,2.00,13.80
2007.12.27 09:41:51.585,1.6584,1.65895,2.00,13.60
2007.12.27 09:41:51.746,1.65865,1.659,3.20,4.00
2007.12.27 09:41:51.920,1.65865,1.6592,3.20,0.80
2007.12.27 09:41:53.766,1.65865,1.65925,3.20,6.20
2007.12.27 09:41:53.995,1.65865,1.6592,3.20,0.50
2007.12.27 09:41:54.128,1.65865,1.659,3.20,0.20
2007.12.27 09:41:54.261,1.6585,1.659,6.00,0.90
2007.12.27 09:41:54.394,1.6585,1.65905,1.20,4.20
2007.12.27 09:41:54.990,1.6585,1.65885,1.20,0.20
2007.12.27 09:41:55.188,1.65845,1.65885,3.20,0.20
2007.12.27 09:41:55.386,1.6584,1.6589,1.20,15.80
2007.12.27 09:41:55.584,1.6584,1.6589,1.20,15.80
2007.12.27 09:41:55.782,1.6584,1.6589,2.00,13.80
2007.12.27 09:41:56.980,1.6584,1.6589,2.00,13.60
2007.12.27 09:41:57.151,1.65845,1.6589,3.20,10.40
2007.12.27 09:41:57.303,1.65845,1.659,3.20,0.90
2007.12.27 09:41:57.455,1.65845,1.659,3.20,0.90
2007.12.27 09:41:57.609,1.6586,1.659,2.00,0.80
2007.12.27 09:41:57.762,1.6586,1.65905,2.00,3.20
2007.12.27 09:41:57.945,1.6586,1.6591,5.20,10.50
2007.12.27 09:41:58.129,1.6586,1.6591,6.40,10.40
2007.12.27 09:41:58.312,1.6586,1.6591,7.20,9.60
2007.12.27 09:41:59.054,1.6586,1.6591,7.20,9.60
2007.12.27 09:41:59.287,1.6586,1.6592,6.00,14.80
2007.12.27 09:41:59.520,1.65865,1.6592,3.20,11.60
2007.12.27 09:41:59.753,1.65865,1.65915,3.20,0.20
2007.12.27 09:41:59.986,1.65865,1.65915,3.20,0.20
2007.12.27 09:42:00.250,1.65855,1.65915,3.20,3.30
2007.12.27 09:42:06.519,1.65855,1.65915,3.20,3.20
2007.12.27 09:42:06.747,1.6586,1.65915,2.80,3.20
2007.12.27 09:42:06.974,1.65865,1.6592,3.20,12.80
2007.12.27 09:42:08.695,1.65865,1.6592,3.20,12.80
2007.12.27 09:42:08.893,1.6587,1.6592,0.80,12.80
2007.12.27 09:42:09.092,1.6587,1.6593,6.00,6.40
2007.12.27 09:42:09.290,1.65875,1.6592,3.20,9.60
2007.12.27 09:42:09.543,1.65875,1.6592,3.20,9.60
2007.12.27 09:42:09.795,1.65875,1.6592,3.20,9.60
2007.12.27 09:42:10.048,1.6587,1.6592,6.00,9.60
2007.12.27 09:42:11.612,1.6587,1.6592,6.00,9.60
2007.12.27 09:42:11.834,1.65875,1.6593,3.20,4.00
2007.12.27 09:42:12.201,1.65875,1.6593,3.20,4.00
2007.12.27 09:42:12.367,1.65875,1.6593,3.20,3.20
2007.12.27 09:42:13.147,1.65875,1.6593,3.20,2.00
2007.12.27 09:42:13.315,1.65875,1.6593,3.20,2.00
2007.12.27 09:42:15.205,1.6587,1.6593,6.00,5.20
2007.12.27 09:42:15.700,1.65875,1.6593,3.20,2.00
2007.12.27 09:42:15.912,1.6588,1.65935,2.00,3.30
2007.12.27 09:42:16.129,1.6588,1.65935,0.60,3.30
2007.12.27 09:42:17.103,1.65875,1.6593,5.20,1.20
2007.12.27 09:42:17.301,1.6586,1.6593,16.40,3.20
2007.12.27 09:42:17.499,1.6586,1.6593,16.40,3.20
2007.12.27 09:42:18.133,1.6587,1.6593,2.20,4.40
2007.12.27 09:42:18.377,1.6587,1.6593,1.50,4.40
2007.12.27 09:42:22.599,1.6587,1.6593,0.90,4.40
2007.12.27 09:42:22.862,1.6588,1.6593,1.50,3.20
2007.12.27 09:42:23.124,1.6587,1.6594,10.40,4.40
2007.12.27 09:42:23.466,1.65885,1.6594,1.90,1.20
2007.12.27 09:42:23.729,1.65885,1.6594,1.50,1.20
2007.12.27 09:42:23.958,1.6589,1.6594,6.00,1.20
2007.12.27 09:42:24.286,1.65895,1.6594,1.10,1.20
2007.12.27 09:42:24.596,1.65895,1.6595,2.00,3.20
2007.12.27 09:42:24.839,1.6588,1.6595,15.20,6.40
2007.12.27 09:42:26.646,1.6588,1.65945,15.20,0.20
2007.12.27 09:42:26.930,1.65885,1.65945,1.80,3.30
2007.12.27 09:42:27.221,1.65885,1.65945,1.10,3.30
2007.12.27 09:42:27.505,1.65885,1.6594,0.60,1.20
2007.12.27 09:42:34.631,1.6588,1.6594,6.00,1.30
2007.12.27 09:42:34.859,1.6588,1.6594,4.00,11.70
2007.12.27 09:42:35.515,1.6588,1.6594,4.00,11.70
2007.12.27 09:42:35.768,1.6587,1.6594,15.20,14.90
2007.12.27 09:42:38.675,1.6587,1.6594,15.20,14.80
2007.12.27 09:42:38.845,1.6587,1.6594,7.20,4.40
2007.12.27 09:42:39.013,1.6588,1.6594,6.00,1.20
2007.12.27 09:42:41.593,1.6588,1.65935,6.00,0.20
2007.12.27 09:42:41.715,1.65885,1.65935,1.50,0.20
2007.12.27 09:42:41.839,1.65885,1.65935,0.70,0.20
2007.12.27 09:42:42.016,1.6587,1.65935,6.00,0.20
2007.12.27 09:42:42.198,1.65875,1.65935,0.60,3.30
2007.12.27 09:42:42.386,1.65875,1.6593,1.60,1.20
2007.12.27 09:42:42.568,1.6587,1.6593,6.00,1.20
2007.12.27 09:42:43.680,1.6587,1.65925,6.00,0.20
2007.12.27 09:42:43.883,1.6586,1.6592,8.80,9.60
2007.12.27 09:42:44.085,1.6586,1.6592,2.20,12.80
2007.12.27 09:42:44.442,1.6586,1.6592,4.00,9.60
2007.12.27 09:42:46.569,1.6586,1.65905,4.00,0.20
2007.12.27 09:42:46.773,1.6586,1.65905,0.80,0.20
2007.12.27 09:42:46.974,1.6585,1.65905,1.60,0.20
2007.12.27 09:42:47.718,1.6584,1.65905,8.40,0.20
2007.12.27 09:42:47.907,1.6584,1.65905,8.40,0.20
2007.12.27 09:42:48.096,1.6585,1.65905,1.90,0.20
2007.12.27 09:42:48.284,1.65845,1.65905,5.20,3.30
2007.12.27 09:42:49.167,1.65845,1.659,1.70,2.00
2007.12.27 09:42:49.344,1.6584,1.659,7.20,2.80
2007.12.27 09:42:49.539,1.6585,1.6591,4.00,11.70
2007.12.27 09:42:49.747,1.6585,1.6591,4.00,11.60
2007.12.27 09:42:49.955,1.6586,1.6591,0.80,9.60
2007.12.27 09:42:50.163,1.65855,1.6591,4.00,9.60
2007.12.27 09:42:50.371,1.6586,1.6591,1.40,9.60
2007.12.27 09:42:51.131,1.6586,1.6591,1.30,9.60
2007.12.27 09:42:51.428,1.6586,1.65925,10.40,0.20
2007.12.27 09:42:51.612,1.6586,1.65925,10.40,0.20
2007.12.27 09:42:52.996,1.6586,1.6593,10.40,14.90
2007.12.27 09:42:53.624,1.6586,1.6593,10.40,14.80
2007.12.27 09:42:53.816,1.6586,1.6593,11.60,4.40
2007.12.27 09:42:54.009,1.65875,1.6593,0.70,1.20
2007.12.27 09:42:54.202,1.65875,1.6593,1.20,1.30
2007.12.27 09:42:54.395,1.6587,1.6593,4.00,11.70
2007.12.27 09:42:55.002,1.6586,1.6593,15.20,14.90
2007.12.27 09:42:55.256,1.6586,1.6593,15.20,14.90
2007.12.27 09:42:55.523,1.6586,1.6593,10.40,13.70
2007.12.27 09:42:55.747,1.65875,1.6593,0.50,10.40
2007.12.27 09:42:55.971,1.65875,1.65935,1.90,3.30
2007.12.27 09:42:56.193,1.6587,1.65935,7.20,3.20
2007.12.27 09:42:56.416,1.6588,1.65935,6.00,3.20
2007.12.27 09:42:56.718,1.65875,1.65935,6.00,3.20
2007.12.27 09:42:57.034,1.6588,1.6594,4.00,11.70
2007.12.27 09:42:57.324,1.6588,1.6594,9.20,4.40
2007.12.27 09:42:57.542,1.65885,1.6594,4.00,1.20
2007.12.27 09:42:58.115,1.6589,1.65945,0.80,3.30
2007.12.27 09:42:58.445,1.6589,1.65945,0.80,3.30
2007.12.27 09:42:59.125,1.6589,1.65935,0.80,0.20
2007.12.27 09:42:59.324,1.6587,1.65935,16.40,0.20
2007.12.27 09:43:00.098,1.6587,1.65935,11.60,0.20
2007.12.27 09:43:00.337,1.65875,1.6592,4.00,9.60
2007.12.27 09:43:00.575,1.65875,1.6592,4.00,9.60
2007.12.27 09:43:00.749,1.6587,1.6592,11.60,9.60
2007.12.27 09:43:00.922,1.6588,1.6593,1.20,2.00
2007.12.27 09:43:01.202,1.6587,1.6593,10.40,2.00
2007.12.27 09:43:01.464,1.6588,1.6593,4.00,2.00
2007.12.27 09:43:01.768,1.6588,1.6593,4.00,2.00
2007.12.27 09:43:02.071,1.6588,1.6595,10.40,16.90
2007.12.27 09:43:03.161,1.6589,1.6594,2.90,0.20
2007.12.27 09:43:03.368,1.6589,1.6594,5.20,0.90
2007.12.27 09:43:03.575,1.6589,1.6594,2.00,4.10
2007.12.27 09:43:04.032,1.6589,1.6594,2.00,4.10
2007.12.27 09:43:05.662,1.6589,1.6594,2.00,4.00
2007.12.27 09:43:05.830,1.6589,1.6594,2.00,3.20
2007.12.27 09:43:06.004,1.6589,1.6595,5.20,7.30
2007.12.27 09:43:06.171,1.6589,1.65945,5.20,0.20
2007.12.27 09:43:06.339,1.6589,1.65945,5.20,0.20
2007.12.27 09:43:06.606,1.6589,1.6595,5.20,16.90
2007.12.27 09:43:06.928,1.6589,1.65945,2.80,3.20
2007.12.27 09:43:07.252,1.6589,1.65935,3.20,0.20
2007.12.27 09:43:07.574,1.6589,1.65935,3.20,0.20
2007.12.27 09:43:07.984,1.6588,1.65935,2.80,3.30
2007.12.27 09:43:08.656,1.6588,1.6593,2.80,0.20
2007.12.27 09:43:08.924,1.65875,1.6592,3.20,9.60
2007.12.27 09:43:09.192,1.6587,1.6592,6.00,9.60
2007.12.27 09:43:09.460,1.6587,1.6592,2.80,9.60
2007.12.27 09:43:09.728,1.6587,1.6592,2.80,9.60
2007.12.27 09:43:09.954,1.6587,1.6592,2.80,12.80
2007.12.27 09:43:10.245,1.6587,1.6592,0.80,16.00
2007.12.27 09:43:10.474,1.6587,1.65915,0.80,3.20
2007.12.27 09:43:10.687,1.6586,1.65915,2.80,3.20
2007.12.27 09:43:10.946,1.6586,1.6591,2.80,9.60
2007.12.27 09:43:11.205,1.65855,1.6591,3.20,9.60
2007.12.27 09:43:11.464,1.65855,1.6591,3.20,11.60
2007.12.27 09:43:12.023,1.6585,1.6591,7.20,14.80
2007.12.27 09:43:12.255,1.6585,1.6591,6.00,14.80
2007.12.27 09:43:14.113,1.6585,1.6591,7.20,14.80
2007.12.27 09:43:14.253,1.6587,1.6591,0.80,14.80
2007.12.27 09:43:14.419,1.6587,1.6591,0.80,3.20
2007.12.27 09:43:14.694,1.6587,1.65915,0.80,3.20
2007.12.27 09:43:15.026,1.6587,1.6592,0.80,16.00
2007.12.27 09:43:15.445,1.6587,1.65915,0.80,3.20
2007.12.27 09:43:18.009,1.6587,1.65915,0.80,3.30
2007.12.27 09:43:18.250,1.6586,1.6591,2.80,9.60
2007.12.27 09:43:18.483,1.6586,1.6591,2.80,12.80
2007.12.27 09:43:18.716,1.6586,1.6591,2.80,12.80
2007.12.27 09:43:18.948,1.6587,1.6591,0.80,3.20
2007.12.27 09:43:19.182,1.6587,1.65915,0.80,3.20
2007.12.27 09:43:19.449,1.6587,1.6593,4.00,14.90
2007.12.27 09:43:21.288,1.6587,1.6593,4.00,0.50
2007.12.27 09:43:21.845,1.6587,1.6593,4.00,15.10
2007.12.27 09:43:25.059,1.6587,1.65935,4.00,15.10
2007.12.27 09:43:25.203,1.6587,1.6593,4.00,0.60
2007.12.27 09:43:25.346,1.6588,1.65935,0.80,5.50
2007.12.27 09:43:25.558,1.6588,1.65935,0.80,5.40
2007.12.27 09:43:26.116,1.6588,1.65935,0.80,4.20
2007.12.27 09:43:26.468,1.6588,1.65935,0.80,4.20
2007.12.27 09:43:30.555,1.6588,1.6593,0.80,0.90
2007.12.27 09:43:30.708,1.65875,1.6593,3.20,0.90
2007.12.27 09:43:43.211,1.65875,1.6593,3.20,0.80
2007.12.27 09:43:43.384,1.6588,1.65935,2.80,0.80
2007.12.27 09:43:43.573,1.65885,1.6594,3.20,0.90
2007.12.27 09:43:43.797,1.6588,1.65945,6.00,17.10
2007.12.27 09:43:44.760,1.6588,1.65945,6.00,17.00
2007.12.27 09:43:44.877,1.6589,1.65945,0.80,16.20
2007.12.27 09:43:46.013,1.6589,1.65945,0.80,16.10
2007.12.27 09:43:46.271,1.659,1.6595,0.80,14.00
2007.12.27 09:43:46.529,1.659,1.65955,0.80,6.50
2007.12.27 09:43:46.787,1.659,1.65955,0.80,6.60
2007.12.27 09:43:47.046,1.659,1.6595,0.80,0.70
2007.12.27 09:43:47.273,1.6589,1.6595,6.00,0.70
2007.12.27 09:43:47.501,1.6589,1.65945,2.80,0.70
2007.12.27 09:43:48.008,1.6589,1.65955,6.00,7.50
2007.12.27 09:43:49.036,1.6589,1.65945,6.00,0.20
2007.12.27 09:43:49.239,1.6589,1.6594,6.00,9.60
2007.12.27 09:43:49.442,1.6589,1.6594,2.80,9.60
2007.12.27 09:43:51.202,1.6589,1.6594,2.80,9.60
2007.12.27 09:43:51.336,1.6589,1.65945,2.80,3.20
2007.12.27 09:43:51.637,1.6589,1.6595,6.00,7.30
2007.12.27 09:43:56.797,1.6589,1.6594,6.00,0.20
2007.12.27 09:43:56.950,1.6589,1.6594,4.00,2.90
2007.12.27 09:43:57.104,1.6589,1.6594,0.80,6.10
2007.12.27 09:43:57.266,1.6589,1.6594,0.80,6.10
2007.12.27 09:43:57.463,1.6589,1.6594,0.80,6.10
2007.12.27 09:43:57.733,1.6589,1.6592,0.80,0.20
2007.12.27 09:43:57.897,1.6588,1.6592,3.20,0.90
2007.12.27 09:43:58.059,1.6587,1.6592,0.80,4.10
2007.12.27 09:43:58.256,1.6587,1.6592,0.80,4.10
2007.12.27 09:43:59.690,1.6587,1.6592,0.80,4.10
2007.12.27 09:43:59.873,1.6587,1.6592,2.80,3.20
2007.12.27 09:44:00.056,1.6587,1.65925,2.80,3.20
2007.12.27 09:44:00.274,1.6587,1.65925,2.80,3.20
2007.12.27 09:44:02.721,1.6587,1.6592,2.80,0.20
2007.12.27 09:44:02.914,1.65865,1.6592,3.20,13.70
2007.12.27 09:44:03.107,1.6586,1.6591,2.80,3.20
2007.12.27 09:44:03.300,1.6586,1.6591,2.80,3.20
2007.12.27 09:44:10.479,1.6586,1.6591,2.80,3.20
2007.12.27 09:44:14.023,1.6586,1.6591,2.80,3.20
2007.12.27 09:44:14.296,1.6586,1.6591,0.80,4.40
2007.12.27 09:44:14.414,1.6586,1.65915,0.80,4.60
2007.12.27 09:44:14.946,1.6586,1.65905,0.80,0.60
2007.12.27 09:44:18.470,1.6586,1.6591,0.80,4.40
2007.12.27 09:44:18.678,1.6585,1.65905,2.80,3.40
2007.12.27 09:44:18.871,1.6585,1.65905,2.80,3.40
2007.12.27 09:44:19.207,1.6585,1.659,2.80,0.60
2007.12.27 09:44:29.851,1.6585,1.65905,0.80,5.40
2007.12.27 09:44:30.303,1.6585,1.65895,0.80,0.20
2007.12.27 09:44:30.467,1.6585,1.659,0.80,6.70
2007.12.27 09:44:30.641,1.6584,1.65895,2.80,0.60
2007.12.27 09:44:30.805,1.6584,1.65895,0.80,5.30
2007.12.27 09:44:33.103,1.6584,1.65895,0.80,5.40
2007.12.27 09:44:33.285,1.6584,1.6589,0.80,0.60
2007.12.27 09:44:34.536,1.6584,1.6589,0.80,0.60
2007.12.27 09:44:35.808,1.6584,1.6589,0.80,0.90
2007.12.27 09:44:35.974,1.6584,1.65895,0.80,6.00
2007.12.27 09:44:36.117,1.6585,1.65895,0.80,0.60
2007.12.27 09:44:38.113,1.6585,1.659,0.80,7.40
2007.12.27 09:44:38.252,1.6585,1.659,0.80,7.40
2007.12.27 09:44:38.466,1.6584,1.6589,2.80,0.60
2007.12.27 09:44:39.635,1.6584,1.659,2.80,7.30
2007.12.27 09:44:39.919,1.6585,1.6589,0.80,0.50
2007.12.27 09:44:40.200,1.6585,1.659,0.80,7.20
2007.12.27 09:44:40.484,1.6585,1.659,0.80,6.40
2007.12.27 09:44:40.696,1.6585,1.659,0.80,0.70
2007.12.27 09:44:41.178,1.6585,1.659,0.80,0.60
2007.12.27 09:44:41.390,1.6585,1.659,0.80,0.90
2007.12.27 09:44:46.385,1.6585,1.65895,0.80,0.20
2007.12.27 09:44:46.564,1.6585,1.6589,0.80,3.20
2007.12.27 09:44:46.711,1.6584,1.6589,2.80,3.20
2007.12.27 09:44:46.859,1.6584,1.6589,2.80,3.20
2007.12.27 09:44:47.101,1.6584,1.6589,2.80,4.40
2007.12.27 09:44:47.249,1.6584,1.6589,2.80,4.40
2007.12.27 09:44:55.430,1.6584,1.6589,2.80,4.40
2007.12.27 09:44:56.870,1.6584,1.6589,2.80,4.50
2007.12.27 09:44:57.178,1.6583,1.6588,0.80,4.40
2007.12.27 09:44:57.486,1.6583,1.6588,0.80,4.40
2007.12.27 09:44:57.794,1.6583,1.6588,0.80,4.40
2007.12.27 09:45:04.328,1.6583,1.6588,0.80,4.50
2007.12.27 09:45:04.497,1.6583,1.65875,0.80,3.20
2007.12.27 09:45:04.677,1.6582,1.65875,2.80,3.20
2007.12.27 09:45:04.844,1.6582,1.65875,2.80,3.20
2007.12.27 09:45:05.083,1.6583,1.65875,0.80,3.20
2007.12.27 09:45:05.320,1.6583,1.6588,0.80,3.20
2007.12.27 09:45:05.536,1.6582,1.6588,9.20,3.20
2007.12.27 09:45:05.653,1.6582,1.6588,9.20,4.40
2007.12.27 09:45:05.934,1.6582,1.6588,9.20,4.40
2007.12.27 09:45:07.351,1.6583,1.6587,0.80,0.20
2007.12.27 09:45:07.489,1.6583,1.65865,0.80,3.20
2007.12.27 09:45:07.626,1.65805,1.65865,10.80,3.20
2007.12.27 09:45:07.764,1.65805,1.65865,6.00,3.20
2007.12.27 09:45:09.085,1.6581,1.65865,1.60,3.20
2007.12.27 09:45:09.249,1.658,1.6587,11.60,7.30
2007.12.27 09:45:11.061,1.6581,1.6587,1.90,6.10
2007.12.27 09:45:11.273,1.6581,1.6587,1.80,6.10
2007.12.27 09:45:13.976,1.658,1.6587,11.60,6.10
2007.12.27 09:45:14.210,1.658,1.6587,11.60,6.10
2007.12.27 09:45:15.415,1.658,1.6587,11.60,6.10
2007.12.27 09:45:15.753,1.658,1.6587,11.60,6.10
2007.12.27 09:45:17.909,1.6581,1.6587,2.70,4.10
2007.12.27 09:45:18.087,1.6583,1.6587,4.40,4.00
2007.12.27 09:45:18.256,1.6584,1.6587,6.00,3.20
2007.12.27 09:45:18.437,1.65845,1.659,4.00,3.20
2007.12.27 09:45:19.033,1.65845,1.659,4.00,2.00
2007.12.27 09:45:19.201,1.6585,1.659,0.80,2.00
2007.12.27 09:45:21.768,1.6585,1.659,0.80,2.00
2007.12.27 09:45:23.204,1.6584,1.659,9.20,5.20
2007.12.27 09:45:30.926,1.6584,1.65895,9.20,0.20
2007.12.27 09:45:31.100,1.6584,1.6589,4.00,2.00
2007.12.27 09:45:31.274,1.65835,1.6589,4.00,2.00
2007.12.27 09:45:34.601,1.6584,1.65895,0.80,5.30
2007.12.27 09:45:35.476,1.6584,1.65895,0.80,5.20
2007.12.27 09:45:35.625,1.6585,1.659,0.80,5.20
2007.12.27 09:45:38.135,1.6585,1.659,0.80,6.40
2007.12.27 09:45:38.284,1.6585,1.659,0.80,6.50
2007.12.27 09:45:38.562,1.6585,1.659,0.80,5.30
2007.12.27 09:45:38.851,1.6584,1.65895,4.00,3.30
2007.12.27 09:45:39.139,1.6584,1.65895,4.00,3.30
2007.12.27 09:45:39.427,1.6584,1.65895,7.20,0.20
2007.12.27 09:45:40.109,1.6584,1.659,7.20,6.10
2007.12.27 09:45:40.368,1.6585,1.659,0.80,2.90
2007.12.27 09:45:41.001,1.6585,1.65895,0.80,0.20
2007.12.27 09:45:41.210,1.6585,1.659,0.80,2.90
2007.12.27 09:45:41.408,1.65845,1.659,3.20,2.90
2007.12.27 09:45:41.668,1.6585,1.659,0.80,2.90
2007.12.27 09:45:42.710,1.65845,1.659,3.20,2.90
2007.12.27 09:45:42.904,1.65845,1.659,3.20,2.80
2007.12.27 09:45:43.096,1.65845,1.659,3.20,0.80
2007.12.27 09:45:43.303,1.65855,1.6591,3.20,2.80
2007.12.27 09:45:43.482,1.6586,1.6591,0.80,2.00
2007.12.27 09:45:43.675,1.6586,1.65905,0.80,0.20
2007.12.27 09:45:44.010,1.6586,1.65905,0.80,0.20
2007.12.27 09:45:44.343,1.6585,1.65905,0.80,3.20
2007.12.27 09:45:44.732,1.6585,1.6591,4.00,4.10
2007.12.27 09:45:47.431,1.6585,1.6589,4.00,0.20
2007.12.27 09:45:47.683,1.6585,1.6589,3.20,0.90
2007.12.27 09:45:47.831,1.6584,1.6589,4.00,0.90
2007.12.27 09:45:47.978,1.6584,1.6589,4.00,0.80
2007.12.27 09:45:48.126,1.6585,1.65895,0.80,3.20
2007.12.27 09:45:48.273,1.6585,1.65905,0.80,3.20
2007.12.27 09:45:48.422,1.6585,1.65905,0.80,3.20
2007.12.27 09:45:48.569,1.6585,1.65905,0.80,3.20
2007.12.27 09:45:48.750,1.6585,1.65905,0.80,3.20
2007.12.27 09:45:50.577,1.6585,1.65905,0.80,3.20
2007.12.27 09:45:50.698,1.6585,1.65905,0.80,3.20
2007.12.27 09:45:51.601,1.6585,1.65905,0.80,3.30
2007.12.27 09:45:51.785,1.6585,1.65905,0.80,3.30
2007.12.27 09:45:52.126,1.6585,1.65905,0.80,3.20
2007.12.27 09:45:52.354,1.6585,1.659,0.80,3.20
2007.12.27 09:45:52.767,1.6585,1.65905,0.80,3.20
2007.12.27 09:45:58.997,1.6585,1.659,0.80,3.20
2007.12.27 09:45:59.180,1.6585,1.659,0.80,3.20
2007.12.27 09:45:59.363,1.6585,1.659,0.80,3.20
2007.12.27 09:46:04.779,1.6585,1.65905,0.80,3.30
2007.12.27 09:46:05.491,1.6585,1.65905,0.80,3.20
2007.12.27 09:46:05.658,1.65875,1.6591,3.20,0.80
2007.12.27 09:46:05.826,1.6589,1.6593,0.80,4.80
2007.12.27 09:46:05.994,1.6589,1.65935,0.80,3.20
2007.12.27 09:46:06.176,1.659,1.65945,2.80,3.20
2007.12.27 09:46:06.363,1.659,1.6595,2.80,0.90
2007.12.27 09:46:06.961,1.659,1.6595,2.80,0.80
2007.12.27 09:46:07.153,1.6592,1.65955,0.80,3.20
2007.12.27 09:46:07.367,1.6592,1.6597,0.80,6.10
2007.12.27 09:46:07.702,1.6592,1.6597,0.80,4.10
2007.12.27 09:46:07.915,1.6592,1.6597,0.80,4.10
2007.12.27 09:46:09.043,1.6592,1.65965,0.80,0.20
2007.12.27 09:46:09.296,1.659,1.6596,5.20,4.10
2007.12.27 09:46:10.111,1.659,1.6596,4.00,6.10
2007.12.27 09:46:10.263,1.65895,1.6595,3.20,0.90
2007.12.27 09:46:10.570,1.65895,1.6595,3.20,0.80
2007.12.27 09:46:10.893,1.659,1.6596,6.00,6.10
2007.12.27 09:46:12.059,1.659,1.6596,7.20,6.10
2007.12.27 09:46:12.386,1.659,1.6596,7.20,6.10
2007.12.27 09:46:12.962,1.659,1.6596,7.20,6.00
2007.12.27 09:46:13.144,1.6592,1.6596,2.00,0.80
2007.12.27 09:46:13.327,1.6592,1.65975,2.80,3.20
2007.12.27 09:46:19.228,1.6592,1.6597,2.80,3.20
2007.12.27 09:46:22.229,1.6592,1.6597,2.80,4.40
2007.12.27 09:46:22.518,1.6592,1.6597,2.80,4.40
2007.12.27 09:46:22.697,1.6592,1.6597,0.80,4.50
2007.12.27 09:46:22.876,1.6591,1.6597,6.00,16.90
2007.12.27 09:46:23.054,1.6591,1.6596,2.80,3.20
2007.12.27 09:46:23.232,1.6592,1.6596,2.80,3.20
2007.12.27 09:46:23.410,1.6592,1.6596,2.80,3.20
2007.12.27 09:46:23.588,1.6592,1.6597,2.80,4.40
2007.12.27 09:46:26.053,1.6592,1.6597,2.80,4.40
2007.12.27 09:46:26.276,1.6592,1.65965,2.80,3.20
2007.12.27 09:46:26.494,1.6592,1.65965,2.80,3.20
2007.12.27 09:46:28.455,1.6592,1.65955,2.80,0.20
2007.12.27 09:46:28.624,1.6592,1.6596,0.80,0.20
2007.12.27 09:46:28.792,1.659,1.6595,5.60,4.40
2007.12.27 09:46:28.995,1.659,1.6595,0.80,1.20
2007.12.27 09:46:29.197,1.659,1.65955,0.80,3.20
2007.12.27 09:46:29.480,1.659,1.65955,0.80,3.20
2007.12.27 09:46:31.028,1.659,1.6595,0.80,0.20
2007.12.27 09:46:31.154,1.659,1.6595,0.80,0.20
2007.12.27 09:46:31.283,1.6589,1.6595,6.00,4.10
2007.12.27 09:46:31.476,1.6589,1.6595,6.00,4.10
2007.12.27 09:46:31.604,1.6589,1.6595,6.00,4.00
2007.12.27 09:46:31.731,1.659,1.6595,0.80,3.20
2007.12.27 09:46:31.858,1.659,1.6595,0.80,3.20
2007.12.27 09:46:32.146,1.659,1.6594,0.80,0.20
2007.12.27 09:46:32.435,1.6589,1.6594,0.80,13.70
2007.12.27 09:46:33.116,1.6589,1.65935,0.80,3.20
2007.12.27 09:46:33.249,1.6589,1.65935,0.80,3.20
2007.12.27 09:46:33.538,1.6589,1.6592,0.80,0.20
2007.12.27 09:46:33.671,1.6587,1.6592,0.80,13.70
2007.12.27 09:46:33.804,1.6587,1.6592,0.80,14.90
2007.12.27 09:46:34.031,1.6587,1.6592,0.80,14.90
2007.12.27 09:46:34.255,1.6586,1.6591,0.80,0.90
2007.12.27 09:46:35.692,1.6586,1.6591,0.80,0.80
2007.12.27 09:46:35.839,1.6587,1.6592,0.80,6.40
2007.12.27 09:46:36.151,1.6587,1.6592,0.80,5.20
2007.12.27 09:46:36.503,1.6587,1.6592,0.80,5.20
2007.12.27 09:46:36.747,1.6588,1.6592,0.80,5.20
2007.12.27 09:46:36.989,1.6588,1.6592,0.80,2.00
2007.12.27 09:46:39.015,1.6588,1.6592,0.80,2.00
2007.12.27 09:46:39.159,1.6589,1.6593,0.80,3.20
2007.12.27 09:46:39.342,1.6589,1.6593,0.80,3.20
2007.12.27 09:46:39.524,1.6589,1.65935,0.80,3.20
2007.12.27 09:46:39.756,1.6589,1.6594,0.80,6.40
2007.12.27 09:46:42.025,1.6589,1.65935,0.80,0.80
2007.12.27 09:46:42.269,1.659,1.65935,0.80,0.50
2007.12.27 09:46:42.462,1.659,1.65935,0.80,0.90
2007.12.27 09:46:42.655,1.659,1.6594,0.80,5.20
2007.12.27 09:46:42.862,1.6591,1.6595,0.80,4.40
2007.12.27 09:46:43.042,1.659,1.65955,2.80,4.40
2007.12.27 09:46:43.235,1.65895,1.65945,3.20,12.70
2007.12.27 09:46:43.584,1.6589,1.65945,0.80,15.90
2007.12.27 09:46:43.916,1.6588,1.6593,0.80,0.50
2007.12.27 09:46:44.249,1.6588,1.6593,6.00,0.80
2007.12.27 09:46:44.457,1.6589,1.65945,0.80,15.90
2007.12.27 09:46:44.665,1.6589,1.65945,0.80,17.10
2007.12.27 09:46:44.873,1.6589,1.6594,0.80,16.90
2007.12.27 09:46:47.060,1.6589,1.6593,0.80,0.40
2007.12.27 09:46:47.282,1.6588,1.6592,3.20,0.90
2007.12.27 09:46:47.459,1.6588,1.65925,3.20,9.80
2007.12.27 09:46:47.627,1.6588,1.6592,3.20,0.70
2007.12.27 09:46:47.795,1.6587,1.6592,0.80,0.80
2007.12.27 09:46:47.964,1.6587,1.6592,0.80,0.50
2007.12.27 09:46:53.029,1.6587,1.6593,0.80,14.80
2007.12.27 09:46:53.167,1.6588,1.6592,2.00,0.50
2007.12.27 09:46:53.305,1.6589,1.65945,0.80,17.10
2007.12.27 09:46:53.502,1.6589,1.6594,0.80,16.90
2007.12.27 09:46:53.704,1.6589,1.6593,0.80,0.20
2007.12.27 09:46:53.901,1.6588,1.6593,0.80,0.60
2007.12.27 09:46:54.101,1.6588,1.65935,0.80,6.00
2007.12.27 09:46:54.317,1.6589,1.65935,0.80,5.20
2007.12.27 09:46:54.536,1.6589,1.65935,0.80,5.20
2007.12.27 09:46:54.753,1.6589,1.6594,0.80,16.90
2007.12.27 09:46:55.104,1.6589,1.6594,0.80,0.90
2007.12.27 09:46:55.718,1.6589,1.6594,0.80,0.70
2007.12.27 09:46:55.896,1.6589,1.6594,2.80,0.70
2007.12.27 09:46:56.639,1.6589,1.65945,2.80,15.10
2007.12.27 09:46:56.837,1.6588,1.65925,3.20,1.10
2007.12.27 09:46:57.035,1.6587,1.6592,7.60,0.90
2007.12.27 09:46:57.233,1.6587,1.65925,2.80,4.20
2007.12.27 09:46:57.430,1.6587,1.6592,2.80,0.90
2007.12.27 09:46:57.698,1.6587,1.65925,2.80,4.00
2007.12.27 09:46:57.995,1.65875,1.6592,3.20,0.80
2007.12.27 09:46:58.263,1.6588,1.65935,0.80,6.20
2007.12.27 09:46:58.531,1.6588,1.6593,0.80,0.50
2007.12.27 09:47:15.184,1.6588,1.6593,0.80,2.90
2007.12.27 09:47:20.640,1.6588,1.6593,0.80,2.90
2007.12.27 09:47:20.738,1.65875,1.6593,3.20,2.90
2007.12.27 09:47:22.007,1.65875,1.65925,3.20,0.20
2007.12.27 09:47:22.245,1.65875,1.65925,3.20,0.20
2007.12.27 09:47:22.731,1.6587,1.65925,6.00,0.20
2007.12.27 09:47:23.685,1.6587,1.6593,6.00,6.10
2007.12.27 09:47:23.947,1.6587,1.6593,6.00,6.10
2007.12.27 09:47:24.211,1.65875,1.6593,3.20,2.90
2007.12.27 09:47:25.100,1.65875,1.65925,3.20,0.20
2007.12.27 09:47:25.278,1.65875,1.65925,3.20,0.20
2007.12.27 09:47:26.167,1.65875,1.6593,3.20,2.90
2007.12.27 09:47:26.405,1.6587,1.6593,6.00,6.10
2007.12.27 09:47:26.608,1.65875,1.6593,3.20,2.90
2007.12.27 09:47:26.811,1.65875,1.6593,3.20,2.90
2007.12.27 09:47:29.078,1.65875,1.6593,3.20,2.90
2007.12.27 09:47:29.292,1.65875,1.6593,3.20,2.90
2007.12.27 09:47:30.691,1.65875,1.65925,3.20,0.20
2007.12.27 09:47:30.855,1.65875,1.65925,3.20,0.20
2007.12.27 09:47:31.166,1.65875,1.65925,3.20,0.20
2007.12.27 09:47:31.463,1.6587,1.65925,6.00,0.20
2007.12.27 09:47:31.959,1.6587,1.6593,6.00,6.10
2007.12.27 09:47:32.213,1.65875,1.6593,3.20,2.90
2007.12.27 09:47:32.696,1.65875,1.6593,3.20,2.80
2007.12.27 09:47:32.884,1.6588,1.65935,2.80,3.30
2007.12.27 09:47:33.072,1.6588,1.65935,6.00,0.20
2007.12.27 09:47:33.260,1.6588,1.6592,7.20,0.20
2007.12.27 09:47:33.471,1.6588,1.6592,3.20,0.90
2007.12.27 09:47:33.739,1.6588,1.6592,3.20,0.90
2007.12.27 09:47:34.007,1.6587,1.6592,4.00,0.90
2007.12.27 09:47:34.275,1.6587,1.6592,2.80,0.90
2007.12.27 09:47:34.542,1.6587,1.6592,2.80,0.90
2007.12.27 09:47:34.810,1.6587,1.6592,2.80,0.90
2007.12.27 09:47:35.878,1.65865,1.6592,6.00,0.90
2007.12.27 09:47:40.161,1.65865,1.6592,6.00,0.90
2007.12.27 09:47:40.289,1.65865,1.6592,5.20,0.90
2007.12.27 09:47:43.150,1.6587,1.6591,0.90,0.20
2007.12.27 09:47:43.374,1.65865,1.6591,1.00,0.90
2007.12.27 09:47:43.596,1.6586,1.6591,0.80,0.90
2007.12.27 09:47:44.464,1.6586,1.6591,1.20,0.90
2007.12.27 09:47:47.626,1.65855,1.6591,5.20,0.90
2007.12.27 09:47:47.766,1.65855,1.659,5.20,0.20
2007.12.27 09:47:47.902,1.65855,1.659,1.10,0.90
2007.12.27 09:47:48.055,1.65845,1.659,5.20,0.90
2007.12.27 09:47:48.473,1.65845,1.659,5.20,0.90
2007.12.27 09:48:01.034,1.65845,1.65885,5.20,0.20
2007.12.27 09:48:01.221,1.65845,1.65885,1.80,0.20
2007.12.27 09:48:01.374,1.65835,1.65885,5.20,0.20
2007.12.27 09:48:01.575,1.65835,1.65885,5.20,0.20
2007.12.27 09:48:02.753,1.6583,1.65885,7.20,0.20
2007.12.27 09:48:03.166,1.6583,1.65885,6.00,0.20
2007.12.27 09:48:03.379,1.65835,1.65885,2.00,0.20
2007.12.27 09:48:06.115,1.65835,1.6589,3.20,12.40
2007.12.27 09:48:06.309,1.6584,1.65895,2.80,3.30
2007.12.27 09:48:06.564,1.6584,1.65895,2.80,3.30
2007.12.27 09:48:06.712,1.6584,1.65885,2.80,0.20
2007.12.27 09:48:06.860,1.6584,1.65885,3.20,0.20
2007.12.27 09:48:07.008,1.65835,1.65885,3.20,0.20
2007.12.27 09:48:07.231,1.65835,1.65885,3.20,0.20
2007.12.27 09:48:07.379,1.65835,1.65885,3.20,0.20
2007.12.27 09:48:17.120,1.65835,1.65875,3.20,0.20
2007.12.27 09:48:17.284,1.65835,1.65875,3.20,0.20
2007.12.27 09:48:17.445,1.65835,1.65875,3.20,0.20
2007.12.27 09:48:17.609,1.6583,1.65875,2.00,0.20
2007.12.27 09:48:17.816,1.65825,1.65875,3.20,0.20
2007.12.27 09:48:18.113,1.6583,1.65875,2.00,0.20
2007.12.27 09:48:18.412,1.6583,1.65875,2.00,0.20
2007.12.27 09:48:18.710,1.6583,1.6588,2.00,10.40
2007.12.27 09:48:19.007,1.6583,1.65885,6.00,0.20
2007.12.27 09:48:19.226,1.6583,1.65875,6.00,0.20
2007.12.27 09:48:19.444,1.6583,1.65875,5.20,0.20
2007.12.27 09:48:19.662,1.6583,1.65875,2.00,0.20
2007.12.27 09:48:19.880,1.6583,1.6588,2.00,10.40
2007.12.27 09:48:20.068,1.6583,1.65885,6.00,0.20
2007.12.27 09:48:20.314,1.6583,1.65885,6.00,0.20
2007.12.27 09:48:20.529,1.65835,1.65885,3.20,0.20
2007.12.27 09:48:21.143,1.65835,1.65885,3.20,0.20
2007.12.27 09:48:21.511,1.65835,1.65885,3.20,0.20
2007.12.27 09:48:22.731,1.65835,1.6589,3.20,0.80
2007.12.27 09:48:22.914,1.6584,1.6589,1.20,0.80
2007.12.27 09:48:23.097,1.65855,1.65905,3.20,0.20
2007.12.27 09:48:23.993,1.65855,1.6591,3.20,3.10
2007.12.27 09:48:25.191,1.65855,1.6591,3.20,3.10
2007.12.27 09:48:25.366,1.65855,1.65905,3.20,0.20
2007.12.27 09:48:31.654,1.65855,1.6591,3.20,0.80
2007.12.27 09:48:31.821,1.6586,1.6592,2.80,6.20
2007.12.27 09:48:32.036,1.65865,1.6592,3.20,3.10
2007.12.27 09:48:32.246,1.65865,1.65915,3.20,0.20
2007.12.27 09:48:32.515,1.6588,1.65925,2.80,0.60
2007.12.27 09:48:32.770,1.6588,1.65935,6.00,0.20
2007.12.27 09:48:36.645,1.6588,1.65935,6.00,0.40
2007.12.27 09:48:36.837,1.6588,1.65935,5.20,1.10
2007.12.27 09:48:37.056,1.6588,1.65935,5.20,1.00
2007.12.27 09:48:37.249,1.6588,1.65935,6.00,0.20
2007.12.27 09:48:38.264,1.6588,1.6595,6.00,21.20
2007.12.27 09:48:38.497,1.659,1.6596,6.00,6.30
2007.12.27 09:48:38.790,1.659,1.6596,6.00,6.30
2007.12.27 09:48:41.614,1.659,1.65965,6.00,6.30
2007.12.27 09:48:41.832,1.65905,1.65955,3.20,0.40
2007.12.27 09:48:42.050,1.65905,1.6595,3.20,0.90
2007.12.27 09:48:42.268,1.659,1.65955,2.00,4.30
2007.12.27 09:48:42.737,1.659,1.6595,2.00,0.90
2007.12.27 09:48:42.990,1.659,1.65955,2.00,4.30
2007.12.27 09:48:43.262,1.659,1.65955,2.00,4.30
2007.12.27 09:48:45.649,1.659,1.6595,2.00,4.30
2007.12.27 09:48:45.832,1.659,1.6595,2.00,13.90
2007.12.27 09:48:46.016,1.659,1.65945,2.00,0.70
2007.12.27 09:48:46.211,1.659,1.6595,2.00,15.00
2007.12.27 09:48:46.383,1.6589,1.65945,2.80,0.50
2007.12.27 09:48:47.386,1.6589,1.6595,2.80,15.80
2007.12.27 09:48:47.563,1.6589,1.6595,2.80,15.80
2007.12.27 09:48:47.747,1.65895,1.65945,3.20,0.20
2007.12.27 09:48:48.122,1.65895,1.65945,3.20,0.20
2007.12.27 09:48:48.305,1.6589,1.65945,6.00,0.20
2007.12.27 09:48:49.303,1.6589,1.6595,6.00,0.50
2007.12.27 09:48:49.497,1.659,1.65955,4.00,2.20
2007.12.27 09:48:49.970,1.659,1.6595,0.80,0.70
2007.12.27 09:48:53.647,1.659,1.6594,0.80,0.20
2007.12.27 09:48:53.794,1.6589,1.6594,2.80,0.90
2007.12.27 09:48:53.977,1.6589,1.6594,0.80,2.90
2007.12.27 09:48:54.160,1.6589,1.6594,0.80,2.90
2007.12.27 09:48:54.343,1.6589,1.6594,4.00,2.90
2007.12.27 09:48:55.493,1.6589,1.6594,4.00,2.90
2007.12.27 09:48:55.765,1.6589,1.6594,6.00,0.90
2007.12.27 09:48:58.622,1.6589,1.6594,6.00,0.80
2007.12.27 09:48:58.810,1.6589,1.6595,6.00,6.10
2007.12.27 09:48:58.997,1.6589,1.6595,6.00,7.30
2007.12.27 09:48:59.075,1.6589,1.65955,6.00,7.50
2007.12.27 09:48:59.160,1.65895,1.6595,3.20,0.50
2007.12.27 09:48:59.323,1.65895,1.65955,3.20,6.20
2007.12.27 09:48:59.487,1.65895,1.65955,3.20,6.20
2007.12.27 09:48:59.650,1.6589,1.65955,7.20,6.30
2007.12.27 09:49:00.097,1.6589,1.6595,7.20,0.70
2007.12.27 09:49:00.476,1.65895,1.6595,3.20,0.80
2007.12.27 09:49:00.793,1.65895,1.6595,3.20,0.60
2007.12.27 09:49:01.532,1.6589,1.65955,7.20,6.30
2007.12.27 09:49:01.986,1.6589,1.6595,7.20,0.90
2007.12.27 09:49:02.225,1.659,1.6595,2.80,0.80
2007.12.27 09:49:02.423,1.659,1.6596,2.80,6.20
2007.12.27 09:49:02.622,1.659,1.6596,2.80,6.20
2007.12.27 09:49:02.818,1.65905,1.6596,3.20,3.10
2007.12.27 09:49:05.540,1.65905,1.6595,3.20,0.90
2007.12.27 09:49:05.732,1.65905,1.65955,3.20,2.20
2007.12.27 09:49:05.925,1.65905,1.6596,3.20,3.10
2007.12.27 09:49:06.822,1.65905,1.6596,3.20,0.90
2007.12.27 09:49:06.988,1.6592,1.65965,1.20,6.00
2007.12.27 09:49:07.141,1.6593,1.6598,2.80,0.60
2007.12.27 09:49:07.353,1.6593,1.65985,2.80,4.20
2007.12.27 09:49:08.234,1.6593,1.6598,2.80,0.90
2007.12.27 09:49:11.675,1.6593,1.6598,6.00,0.90
2007.12.27 09:49:13.848,1.6593,1.65985,7.20,1.10
2007.12.27 09:49:14.012,1.6594,1.65985,2.00,1.10
2007.12.27 09:49:14.238,1.6594,1.65985,2.00,1.10
2007.12.27 09:49:15.334,1.6594,1.6598,2.00,0.80
2007.12.27 09:49:15.483,1.65955,1.6598,3.20,0.80
2007.12.27 09:49:15.620,1.65955,1.6599,3.20,4.00
2007.12.27 09:49:15.758,1.65955,1.66015,3.20,6.20
2007.12.27 09:49:15.934,1.6596,1.6601,2.00,0.90
2007.12.27 09:49:16.253,1.6596,1.66015,5.20,1.10
2007.12.27 09:49:16.456,1.6596,1.66015,3.20,3.10
2007.12.27 09:49:16.973,1.65955,1.66015,3.20,6.20
2007.12.27 09:49:18.208,1.65955,1.66015,3.20,6.20
2007.12.27 09:49:18.838,1.65955,1.6601,3.20,0.60
2007.12.27 09:49:19.060,1.65955,1.66015,3.20,7.40
2007.12.27 09:49:19.284,1.65955,1.66005,3.20,0.20
2007.12.27 09:49:19.507,1.6595,1.6601,6.00,7.50
2007.12.27 09:49:19.750,1.6595,1.66005,6.00,0.20
2007.12.27 09:49:19.993,1.6595,1.6599,4.00,0.40
2007.12.27 09:49:20.236,1.65935,1.6599,3.20,1.10
2007.12.27 09:49:20.478,1.65935,1.6599,3.20,0.80
2007.12.27 09:49:20.730,1.6596,1.6601,2.00,5.50
2007.12.27 09:49:21.125,1.6595,1.6601,6.00,5.50
2007.12.27 09:49:21.377,1.6595,1.6601,6.00,7.50
2007.12.27 09:49:21.630,1.6595,1.66005,6.00,0.20
2007.12.27 09:49:21.868,1.65955,1.66005,3.20,0.20
2007.12.27 09:49:22.106,1.65955,1.6601,3.20,3.10
2007.12.27 09:49:22.344,1.6596,1.6601,2.00,1.10
2007.12.27 09:49:23.636,1.6596,1.6601,2.00,0.90
2007.12.27 09:49:24.009,1.6596,1.66015,5.20,1.10
2007.12.27 09:49:24.634,1.6596,1.6601,3.20,0.80
2007.12.27 09:49:30.926,1.65955,1.6601,3.20,2.90
2007.12.27 09:49:31.079,1.65955,1.6601,3.20,2.90
2007.12.27 09:49:31.145,1.6595,1.6601,6.00,2.90
2007.12.27 09:49:31.233,1.6596,1.6601,2.00,0.90
2007.12.27 09:49:31.637,1.6596,1.6601,5.20,0.90
2007.12.27 09:49:31.789,1.6596,1.66015,6.00,0.20
2007.12.27 09:49:31.958,1.65965,1.66015,3.20,0.20
2007.12.27 09:49:32.210,1.65965,1.6601,3.20,0.80
2007.12.27 09:49:32.463,1.65965,1.6601,3.20,0.80
2007.12.27 09:49:32.716,1.6596,1.6601,5.20,0.80
2007.12.27 09:49:33.081,1.6596,1.6601,5.20,0.90
2007.12.27 09:49:35.101,1.6596,1.6601,3.20,0.90
2007.12.27 09:49:35.259,1.6596,1.6601,3.20,2.90
2007.12.27 09:49:37.965,1.6596,1.66,3.20,0.20
2007.12.27 09:49:38.164,1.6595,1.66,7.20,0.20
2007.12.27 09:49:38.337,1.6595,1.66,5.20,0.90
2007.12.27 09:49:38.509,1.6595,1.66,5.20,0.90
2007.12.27 09:49:42.003,1.6595,1.66,5.20,0.80
2007.12.27 09:49:42.186,1.6595,1.66005,6.00,0.20
2007.12.27 09:49:42.755,1.65955,1.66005,3.20,0.20
2007.12.27 09:49:43.105,1.65955,1.66005,3.20,0.20
2007.12.27 09:49:43.248,1.65955,1.66005,3.20,0.20
2007.12.27 09:49:43.569,1.65955,1.6601,3.20,2.90
2007.12.27 09:49:44.005,1.6596,1.6601,3.20,2.90
2007.12.27 09:49:45.196,1.6596,1.6601,5.20,0.90
2007.12.27 09:49:45.374,1.6596,1.6601,5.20,0.90
2007.12.27 09:49:49.178,1.6596,1.6601,5.20,0.90
2007.12.27 09:49:50.670,1.6597,1.6601,2.00,0.90
2007.12.27 09:49:51.971,1.6597,1.6601,2.00,0.80
2007.12.27 09:49:52.177,1.6597,1.6601,2.00,0.80
2007.12.27 09:49:52.386,1.6597,1.66015,2.00,0.20
2007.12.27 09:49:52.594,1.6597,1.66015,2.00,0.20
2007.12.27 09:49:52.801,1.6597,1.66015,2.00,0.20
2007.12.27 09:49:53.025,1.6597,1.6602,2.00,4.10
2007.12.27 09:49:53.262,1.6597,1.6602,2.80,4.10
2007.12.27 09:49:53.678,1.6597,1.6602,6.00,0.90
2007.12.27 09:49:53.895,1.6598,1.6602,2.00,0.90
2007.12.27 09:49:56.460,1.6598,1.6602,2.00,0.90
2007.12.27 09:49:56.667,1.6598,1.6602,2.00,0.90
2007.12.27 09:49:56.820,1.6597,1.6602,4.00,2.90
2007.12.27 09:49:59.860,1.6597,1.66005,4.00,0.20
2007.12.27 09:50:00.038,1.6597,1.66005,3.20,0.20
2007.12.27 09:50:00.245,1.6595,1.66005,6.00,0.20
2007.12.27 09:50:00.519,1.6595,1.66005,6.00,0.20
2007.12.27 09:50:00.727,1.6595,1.66005,2.80,3.30
2007.12.27 09:50:01.422,1.6595,1.66005,2.80,3.30
2007.12.27 09:50:04.424,1.6595,1.65995,2.80,0.20
2007.12.27 09:50:04.616,1.6594,1.65995,6.00,0.20
2007.12.27 09:50:04.809,1.6594,1.6599,5.20,0.90
2007.12.27 09:50:05.002,1.6594,1.6599,2.00,0.90
2007.12.27 09:50:05.201,1.6594,1.6599,2.00,0.90
2007.12.27 09:50:06.102,1.6594,1.6599,2.00,0.80
2007.12.27 09:50:06.289,1.6594,1.65995,6.00,0.20
2007.12.27 09:50:06.477,1.6594,1.65995,6.00,0.20
2007.12.27 09:50:11.487,1.6594,1.65975,6.00,0.20
2007.12.27 09:50:11.655,1.6594,1.65975,3.20,0.20
2007.12.27 09:50:11.822,1.6592,1.65975,4.00,0.20
2007.12.27 09:50:11.990,1.6592,1.6598,4.00,4.00
2007.12.27 09:50:12.158,1.6592,1.6598,3.20,4.40
2007.12.27 09:50:12.326,1.6591,1.6597,3.20,3.20
2007.12.27 09:50:12.533,1.6591,1.6597,3.20,3.20
2007.12.27 09:50:12.741,1.659,1.65955,4.80,3.20
2007.12.27 09:50:12.949,1.65895,1.65955,3.20,3.20
2007.12.27 09:50:13.156,1.65895,1.65955,3.20,3.30
2007.12.27 09:50:13.364,1.6588,1.6594,4.40,3.20
2007.12.27 09:50:13.588,1.6588,1.6594,4.40,3.20
2007.12.27 09:50:13.811,1.65885,1.65945,3.20,3.20
2007.12.27 09:50:14.033,1.65885,1.65945,3.20,3.20
2007.12.27 09:50:14.248,1.65885,1.65945,1.30,3.20
2007.12.27 09:50:14.255,1.65885,1.65945,3.20,3.20
2007.12.27 09:50:14.946,1.65885,1.65945,3.20,3.20
2007.12.27 09:50:15.214,1.65895,1.65955,3.20,3.20
2007.12.27 09:50:15.482,1.65895,1.65935,3.20,0.20
2007.12.27 09:50:15.655,1.65895,1.65935,3.20,0.20
2007.12.27 09:50:15.828,1.65885,1.65935,3.20,0.20
2007.12.27 09:50:16.000,1.65885,1.65935,3.20,0.20
2007.12.27 09:50:16.458,1.65885,1.6594,3.20,0.80
2007.12.27 09:50:16.651,1.65885,1.65945,3.20,3.20
2007.12.27 09:50:16.844,1.6588,1.6594,3.20,3.20
2007.12.27 09:50:17.086,1.6588,1.6594,3.20,3.20
2007.12.27 09:50:17.280,1.6588,1.6594,3.20,4.40
2007.12.27 09:50:17.472,1.6588,1.6594,3.20,4.40
2007.12.27 09:50:19.971,1.6588,1.6594,3.20,4.40
2007.12.27 09:50:20.135,1.6588,1.6594,3.20,3.20
2007.12.27 09:50:21.287,1.6588,1.6594,4.40,3.20
2007.12.27 09:50:21.719,1.6588,1.6594,4.40,3.20
2007.12.27 09:50:24.986,1.6588,1.6594,4.40,3.20
2007.12.27 09:50:25.103,1.65895,1.65945,3.20,0.20
2007.12.27 09:50:25.222,1.65895,1.65945,3.20,0.20
2007.12.27 09:50:25.352,1.65895,1.65945,3.20,0.20
2007.12.27 09:50:25.470,1.65895,1.6595,3.20,0.80
2007.12.27 09:50:25.634,1.65895,1.65955,3.20,3.20
2007.12.27 09:50:25.842,1.65895,1.65955,3.20,3.20
2007.12.27 09:50:26.049,1.65895,1.65955,3.20,3.20
2007.12.27 09:50:26.258,1.6589,1.6595,3.20,3.20
2007.12.27 09:50:26.466,1.6589,1.6595,3.20,3.20
2007.12.27 09:50:26.673,1.65885,1.65945,3.20,3.20
2007.12.27 09:50:27.499,1.65885,1.65945,3.20,3.20
2007.12.27 09:50:27.646,1.6591,1.65945,0.80,3.20
2007.12.27 09:50:27.814,1.6591,1.65965,4.00,0.20
2007.12.27 09:50:28.018,1.6591,1.65965,4.00,0.20
2007.12.27 09:50:28.222,1.65915,1.65965,3.20,0.20
2007.12.27 09:50:29.575,1.65915,1.65965,3.20,0.20
2007.12.27 09:50:32.183,1.65915,1.65965,3.20,0.20
2007.12.27 09:50:32.456,1.65915,1.65965,3.20,0.20
2007.12.27 09:50:33.008,1.65915,1.65965,3.20,0.20
2007.12.27 09:50:33.171,1.65915,1.65955,3.20,0.20
2007.12.27 09:50:33.335,1.6591,1.65955,2.00,0.20
2007.12.27 09:50:34.063,1.6591,1.65955,2.00,0.20
2007.12.27 09:50:34.580,1.65905,1.65955,3.20,0.20
2007.12.27 09:50:35.204,1.6591,1.65955,2.00,0.20
2007.12.27 09:50:35.545,1.6591,1.65955,2.00,0.20
2007.12.27 09:50:36.667,1.6591,1.65955,2.00,0.20
2007.12.27 09:50:37.700,1.6591,1.65955,2.00,0.20
2007.12.27 09:50:40.052,1.65905,1.65955,3.20,0.20
2007.12.27 09:50:42.693,1.6591,1.65955,3.20,0.20
2007.12.27 09:50:43.294,1.659,1.65955,7.20,0.20
2007.12.27 09:50:50.175,1.65905,1.65955,1.50,0.20
2007.12.27 09:51:08.914,1.65905,1.65955,0.50,0.20
2007.12.27 09:51:09.517,1.65905,1.65945,0.80,0.20
2007.12.27 09:51:09.700,1.659,1.65945,1.60,0.20
2007.12.27 09:51:09.884,1.6589,1.65945,12.00,0.20
2007.12.27 09:51:10.066,1.6589,1.65935,7.20,0.20
2007.12.27 09:51:10.250,1.6588,1.65935,12.00,0.20
2007.12.27 09:51:10.448,1.6588,1.65935,7.20,0.20
2007.12.27 09:51:10.636,1.6588,1.65935,7.20,0.20
2007.12.27 09:51:12.113,1.6589,1.65935,2.00,0.20
2007.12.27 09:51:12.935,1.6589,1.65935,2.00,0.20
2007.12.27 09:51:13.577,1.6589,1.65925,2.00,0.20
2007.12.27 09:51:13.754,1.65885,1.65925,3.20,0.20
2007.12.27 09:51:13.932,1.65885,1.65925,3.20,0.20
2007.12.27 09:51:14.110,1.6588,1.65925,3.20,0.20
2007.12.27 09:51:14.301,1.6588,1.65925,3.20,0.20
2007.12.27 09:51:14.611,1.6588,1.6591,3.20,0.20
2007.12.27 09:51:14.845,1.65875,1.6591,3.20,0.90
2007.12.27 09:51:15.077,1.6586,1.6591,4.40,0.90
2007.12.27 09:51:15.364,1.6586,1.6591,2.30,0.90
2007.12.27 09:51:15.697,1.6586,1.6591,1.70,0.90
2007.12.27 09:51:16.068,1.6585,1.659,7.20,0.20
2007.12.27 09:51:16.271,1.6584,1.659,13.20,0.90
2007.12.27 09:51:16.474,1.6584,1.659,13.20,0.90
2007.12.27 09:51:16.676,1.6585,1.659,2.50,0.80
2007.12.27 09:51:16.864,1.6586,1.6591,0.90,0.90
2007.12.27 09:51:17.051,1.6586,1.6591,0.50,0.90
2007.12.27 09:51:17.239,1.6586,1.6591,2.30,0.90
2007.12.27 09:51:21.043,1.6586,1.6591,1.50,0.80
2007.12.27 09:51:21.241,1.6587,1.6591,1.20,0.80
2007.12.27 09:51:21.439,1.6587,1.6592,1.40,0.90
2007.12.27 09:51:21.731,1.6587,1.6592,1.10,0.90
2007.12.27 09:51:26.758,1.6586,1.65915,8.40,0.20
2007.12.27 09:51:32.459,1.6586,1.65915,8.40,0.20
2007.12.27 09:51:32.969,1.6587,1.6592,1.50,0.90
2007.12.27 09:51:40.035,1.6586,1.65915,8.40,0.20
2007.12.27 09:51:40.303,1.6587,1.65915,2.20,0.20
2007.12.27 09:51:40.571,1.6586,1.65915,8.40,0.20
2007.12.27 09:51:42.000,1.6587,1.6592,1.40,0.90
2007.12.27 09:51:44.427,1.6586,1.6592,8.40,0.90
2007.12.27 09:51:50.054,1.6587,1.6592,1.90,0.90
2007.12.27 09:51:57.998,1.6587,1.65915,1.00,0.20
2007.12.27 09:51:59.039,1.6587,1.65905,0.80,0.20
2007.12.27 09:51:59.313,1.6587,1.6591,0.60,0.80
2007.12.27 09:51:59.586,1.65855,1.65915,4.00,3.30
2007.12.27 09:51:59.858,1.65865,1.65915,1.60,0.20
2007.12.27 09:52:00.041,1.65865,1.65915,1.30,0.20
2007.12.27 09:52:00.979,1.6586,1.65915,4.00,0.20
2007.12.27 09:52:01.258,1.65865,1.65905,1.60,0.20
2007.12.27 09:52:01.535,1.6585,1.65905,5.20,0.20
2007.12.27 09:52:02.445,1.6585,1.65905,5.20,0.20
2007.12.27 09:52:03.596,1.6585,1.6591,5.20,0.80
2007.12.27 09:52:03.859,1.65855,1.65915,4.00,3.30
2007.12.27 09:52:04.082,1.65865,1.65915,1.90,0.20
2007.12.27 09:52:04.305,1.6586,1.65915,4.00,0.20
2007.12.27 09:52:04.528,1.6586,1.65915,4.00,0.20
2007.12.27 09:52:06.010,1.65865,1.65915,1.00,0.20
2007.12.27 09:52:07.637,1.6586,1.65905,4.00,0.20
2007.12.27 09:52:07.826,1.6585,1.65905,10.00,0.20
2007.12.27 09:52:08.043,1.65855,1.65905,1.40,0.20
2007.12.27 09:52:10.662,1.6585,1.65905,5.20,0.20
2007.12.27 09:52:12.608,1.65855,1.659,3.20,0.20
2007.12.27 09:52:12.772,1.65855,1.659,3.20,0.20
2007.12.27 09:52:12.920,1.6585,1.659,4.00,0.20
2007.12.27 09:52:13.068,1.6585,1.659,4.00,0.20
2007.12.27 09:52:13.316,1.6585,1.659,3.20,0.90
2007.12.27 09:52:15.488,1.6585,1.659,3.20,0.90
2007.12.27 09:52:16.144,1.6585,1.65895,3.20,0.40
2007.12.27 09:52:16.294,1.6585,1.65895,3.20,0.40
2007.12.27 09:52:16.442,1.6585,1.65895,3.20,1.10
2007.12.27 09:52:16.591,1.65845,1.65895,3.20,1.10
2007.12.27 09:52:16.738,1.65845,1.659,3.20,4.00
2007.12.27 09:52:16.886,1.6585,1.6591,0.80,4.20
2007.12.27 09:52:17.034,1.6585,1.65905,4.00,0.20
2007.12.27 09:52:17.183,1.65855,1.65905,3.20,0.20
2007.12.27 09:52:17.486,1.65855,1.65895,3.20,0.20
2007.12.27 09:52:17.788,1.6585,1.65895,3.20,0.20
2007.12.27 09:52:19.689,1.6585,1.65895,3.20,0.40
2007.12.27 09:52:19.825,1.6585,1.6589,3.20,0.90
2007.12.27 09:52:19.991,1.6585,1.65895,3.20,1.10
2007.12.27 09:52:20.139,1.65845,1.65895,3.20,1.10
2007.12.27 09:52:23.208,1.65845,1.659,3.20,4.10
2007.12.27 09:52:23.381,1.65845,1.659,3.20,4.10
2007.12.27 09:52:23.509,1.6585,1.65905,3.20,1.10
2007.12.27 09:52:23.735,1.6585,1.6591,3.20,7.30
2007.12.27 09:52:23.864,1.6586,1.65915,3.20,1.10
2007.12.27 09:52:24.134,1.6586,1.65915,3.20,1.00
2007.12.27 09:52:24.262,1.65865,1.6592,3.20,2.30
2007.12.27 09:52:24.489,1.65865,1.6592,3.20,1.10
2007.12.27 09:52:25.063,1.65865,1.6592,3.20,1.10
2007.12.27 09:52:25.595,1.65865,1.659,3.20,0.20
2007.12.27 09:52:25.788,1.65865,1.65905,3.20,1.10
2007.12.27 09:52:25.981,1.65855,1.65905,3.20,1.10
2007.12.27 09:52:26.174,1.65855,1.6591,3.20,1.10
2007.12.27 09:52:27.161,1.65855,1.65915,3.20,4.20
2007.12.27 09:52:27.428,1.6586,1.65915,3.20,1.10
2007.12.27 09:52:27.994,1.6586,1.65915,3.20,1.10
2007.12.27 09:52:29.035,1.6586,1.6591,3.20,0.80
2007.12.27 09:52:29.233,1.6586,1.659,0.80,0.20
2007.12.27 09:52:29.984,1.6586,1.6591,0.80,0.40
2007.12.27 09:52:30.198,1.65855,1.6591,3.20,1.10
2007.12.27 09:52:30.471,1.65855,1.6591,3.20,1.10
2007.12.27 09:52:33.080,1.65855,1.65905,3.20,0.40
2007.12.27 09:52:33.254,1.65855,1.65905,3.20,1.10
2007.12.27 09:52:35.079,1.65855,1.65905,3.20,1.00
2007.12.27 09:52:35.277,1.65855,1.6591,3.20,1.10
2007.12.27 09:52:40.370,1.65855,1.65905,3.20,0.20
2007.12.27 09:52:40.547,1.65855,1.6591,3.20,1.10
2007.12.27 09:52:40.923,1.65855,1.6591,3.20,1.10
2007.12.27 09:52:41.186,1.65855,1.65905,3.20,1.10
2007.12.27 09:52:41.449,1.65855,1.65905,3.20,1.10
2007.12.27 09:52:41.752,1.65855,1.659,3.20,0.90
2007.12.27 09:52:43.966,1.65855,1.659,3.20,0.90
2007.12.27 09:52:44.793,1.65855,1.659,3.20,0.80
2007.12.27 09:52:44.973,1.65865,1.659,3.20,0.80
2007.12.27 09:52:45.211,1.65865,1.6591,3.20,0.90
2007.12.27 09:52:45.450,1.65865,1.6592,3.20,0.90
2007.12.27 09:52:45.688,1.6587,1.6592,3.20,0.90
2007.12.27 09:52:46.223,1.6587,1.6592,3.20,0.90
2007.12.27 09:52:52.231,1.65875,1.6592,3.20,0.90
2007.12.27 09:52:57.584,1.65875,1.6592,1.40,0.90
2007.12.27 09:53:02.016,1.65875,1.6592,0.90,0.90
2007.12.27 09:53:02.250,1.6587,1.6592,4.00,0.90
2007.12.27 09:53:12.305,1.65875,1.6591,1.20,0.20
2007.12.27 09:53:12.442,1.6586,1.6591,5.20,0.90
2007.12.27 09:53:12.716,1.6586,1.6591,5.20,0.90
2007.12.27 09:53:13.137,1.6586,1.6591,5.20,0.80
2007.12.27 09:53:13.310,1.65865,1.6592,0.50,0.90
2007.12.27 09:53:13.483,1.6587,1.6592,0.70,0.90
2007.12.27 09:53:13.656,1.6587,1.6592,0.50,0.80
2007.12.27 09:53:13.914,1.6586,1.65925,8.40,0.20
2007.12.27 09:53:14.172,1.65875,1.65925,1.40,0.20
2007.12.27 09:53:14.540,1.65875,1.65925,1.30,0.20
2007.12.27 09:53:17.063,1.65875,1.65925,1.90,0.20
2007.12.27 09:53:17.420,1.65875,1.65925,1.00,0.20
2007.12.27 09:53:19.768,1.6587,1.6591,5.20,0.20
2007.12.27 09:53:19.901,1.6586,1.6591,10.00,0.90
2007.12.27 09:53:20.033,1.6586,1.6591,5.20,0.90
2007.12.27 09:53:20.167,1.6586,1.6591,5.20,0.80
2007.12.27 09:53:20.300,1.65865,1.65915,1.90,0.20
2007.12.27 09:53:20.433,1.65865,1.65915,1.60,0.20
2007.12.27 09:53:22.577,1.6586,1.6592,5.20,10.50
2007.12.27 09:53:22.994,1.6586,1.6592,5.20,10.50
2007.12.27 09:53:23.237,1.6587,1.6592,0.70,10.50
2007.12.27 09:53:23.936,1.6587,1.6592,2.00,10.50
2007.12.27 09:53:24.461,1.6587,1.6592,0.70,10.50
2007.12.27 09:53:27.044,1.6587,1.6592,3.20,10.50
2007.12.27 09:53:27.207,1.65875,1.6592,3.20,0.90
2007.12.27 09:53:28.188,1.65875,1.6592,3.20,0.90
2007.12.27 09:53:33.179,1.65875,1.6592,3.20,0.90
2007.12.27 09:53:35.344,1.65875,1.65915,3.20,0.20
2007.12.27 09:53:35.542,1.6587,1.65915,0.80,0.20
2007.12.27 09:53:35.741,1.65865,1.65915,3.20,0.20
2007.12.27 09:53:39.300,1.65865,1.65905,3.20,0.20
2007.12.27 09:53:39.440,1.65865,1.65905,3.20,0.20
2007.12.27 09:53:39.590,1.65865,1.65905,3.20,0.20
2007.12.27 09:53:39.707,1.65855,1.65905,3.20,0.20
2007.12.27 09:53:40.024,1.65855,1.65905,3.20,0.20
2007.12.27 09:53:40.228,1.6586,1.65905,3.20,0.20
2007.12.27 09:53:40.539,1.6586,1.65905,3.20,0.20
2007.12.27 09:53:40.658,1.6586,1.65905,1.20,0.20
2007.12.27 09:53:40.865,1.6584,1.659,10.00,10.50
2007.12.27 09:53:41.180,1.6584,1.659,5.20,10.40
2007.12.27 09:53:41.372,1.65855,1.65905,1.40,0.20
2007.12.27 09:53:41.564,1.65855,1.65905,0.50,0.20
2007.12.27 09:53:41.757,1.6586,1.65905,3.20,0.20
2007.12.27 09:53:41.986,1.6586,1.659,3.20,0.20
2007.12.27 09:53:42.179,1.65855,1.659,3.20,0.20
2007.12.27 09:53:42.373,1.65855,1.659,3.20,10.50
2007.12.27 09:53:42.581,1.65855,1.659,3.20,10.50
2007.12.27 09:53:44.585,1.65855,1.659,3.20,10.40
2007.12.27 09:53:44.723,1.65855,1.659,3.20,9.60
2007.12.27 09:53:44.860,1.65855,1.65905,3.20,0.20
2007.12.27 09:53:45.096,1.65855,1.65905,3.20,0.20
2007.12.27 09:53:45.233,1.6586,1.65905,3.20,0.20
2007.12.27 09:53:46.872,1.6586,1.6591,3.20,10.40
2007.12.27 09:53:47.066,1.65865,1.6591,3.20,0.80
2007.12.27 09:53:47.259,1.65865,1.65915,3.20,0.20
2007.12.27 09:53:47.452,1.65865,1.65905,3.20,0.20
2007.12.27 09:53:47.673,1.65855,1.65905,3.20,0.20
2007.12.27 09:53:48.330,1.65855,1.65875,3.20,0.20
2007.12.27 09:53:48.494,1.65855,1.65875,3.20,0.20
2007.12.27 09:53:48.655,1.6584,1.65875,4.80,0.20
2007.12.27 09:53:48.819,1.6583,1.65875,4.40,0.20
2007.12.27 09:53:48.982,1.6584,1.6589,2.00,3.20
2007.12.27 09:53:49.228,1.6585,1.65895,3.20,0.20
2007.12.27 09:53:51.010,1.6585,1.6589,3.20,0.20
2007.12.27 09:53:51.179,1.6585,1.6589,3.20,0.90
2007.12.27 09:53:51.297,1.65845,1.6589,3.20,0.90
2007.12.27 09:53:53.297,1.65845,1.6588,3.20,0.20
2007.12.27 09:53:53.494,1.65835,1.6588,3.20,10.50
2007.12.27 09:53:53.712,1.65835,1.6588,3.20,10.50
2007.12.27 09:53:54.566,1.65835,1.6588,3.20,0.90
2007.12.27 09:53:54.863,1.65835,1.6586,3.20,0.20
2007.12.27 09:53:55.002,1.6582,1.6586,0.80,0.20
2007.12.27 09:53:55.141,1.6581,1.6586,3.20,0.90
2007.12.27 09:53:55.279,1.6581,1.6586,3.20,0.90
2007.12.27 09:53:55.417,1.6581,1.6586,3.20,0.80
2007.12.27 09:53:55.555,1.6581,1.6587,4.40,3.20
2007.12.27 09:53:55.767,1.65815,1.65875,3.20,3.20
2007.12.27 09:53:55.981,1.65815,1.65875,3.20,3.20
2007.12.27 09:53:56.194,1.65815,1.65875,3.20,3.20
2007.12.27 09:53:56.406,1.6581,1.6587,4.40,3.20
2007.12.27 09:54:00.375,1.6581,1.6587,4.40,3.20
2007.12.27 09:54:00.492,1.6581,1.6587,4.40,3.20
2007.12.27 09:54:00.713,1.6582,1.6588,3.20,3.20
2007.12.27 09:54:00.901,1.6582,1.6588,4.40,3.20
2007.12.27 09:54:01.220,1.65825,1.65885,3.20,3.20
2007.12.27 09:54:01.539,1.6583,1.6588,1.20,0.20
2007.12.27 09:54:01.855,1.6583,1.6588,4.40,0.90
2007.12.27 09:54:03.363,1.6583,1.6588,4.40,0.80
2007.12.27 09:54:03.566,1.6583,1.6588,4.40,0.80
2007.12.27 09:54:03.769,1.6584,1.6589,3.20,0.90
2007.12.27 09:54:03.971,1.6584,1.6589,3.20,0.90
2007.12.27 09:54:04.309,1.6584,1.6589,3.20,0.80
2007.12.27 09:54:04.513,1.6584,1.659,5.20,4.10
2007.12.27 09:54:04.718,1.6585,1.659,3.20,0.90
2007.12.27 09:54:04.976,1.6585,1.659,3.20,0.90
2007.12.27 09:54:05.254,1.65845,1.65895,3.20,0.20
2007.12.27 09:54:15.001,1.65845,1.65895,3.20,0.20
2007.12.27 09:54:15.923,1.65845,1.65885,3.20,0.20
2007.12.27 09:54:16.216,1.6584,1.65885,4.40,0.20
2007.12.27 09:54:17.158,1.6584,1.65885,3.20,0.20
2007.12.27 09:54:17.396,1.6584,1.65885,3.20,0.20
2007.12.27 09:54:17.903,1.6584,1.65865,3.20,0.20
2007.12.27 09:54:18.108,1.6582,1.65865,9.20,0.20
2007.12.27 09:54:18.289,1.6582,1.65865,9.20,0.20
2007.12.27 09:54:18.461,1.6582,1.65865,4.40,0.20
2007.12.27 09:54:19.073,1.6582,1.65865,3.20,0.20
2007.12.27 09:54:19.501,1.65815,1.65865,3.20,0.20
2007.12.27 09:54:20.437,1.65815,1.65865,3.20,0.20
2007.12.27 09:54:26.212,1.6582,1.65865,3.20,0.20
2007.12.27 09:54:27.247,1.65815,1.65865,3.20,0.20
2007.12.27 09:54:27.958,1.65815,1.65865,3.20,0.20
2007.12.27 09:54:29.003,1.65815,1.65865,3.20,0.20
2007.12.27 09:54:29.625,1.65815,1.6587,3.20,0.90
2007.12.27 09:54:31.399,1.65815,1.6587,3.20,0.80
2007.12.27 09:54:31.543,1.65815,1.6587,3.20,0.80
2007.12.27 09:54:31.687,1.6583,1.65875,0.80,3.20
2007.12.27 09:54:31.829,1.65835,1.65885,3.20,0.20
2007.12.27 09:54:32.122,1.65835,1.65885,3.20,0.20
2007.12.27 09:54:32.295,1.65835,1.65885,3.20,0.20
2007.12.27 09:54:32.776,1.65835,1.65885,3.20,0.20
2007.12.27 09:54:41.450,1.65835,1.65895,3.20,4.00
2007.12.27 09:54:41.649,1.6584,1.6589,1.20,0.80
2007.12.27 09:54:41.846,1.65855,1.6591,3.20,1.10
2007.12.27 09:54:42.044,1.65855,1.659,3.20,1.10
2007.12.27 09:54:42.243,1.65845,1.65895,3.20,0.20
2007.12.27 09:54:50.397,1.65845,1.659,3.20,0.80
2007.12.27 09:54:50.525,1.65855,1.65905,3.20,1.00
2007.12.27 09:54:50.653,1.65855,1.65905,3.20,0.20
2007.12.27 09:54:50.781,1.65855,1.65905,3.20,0.20
2007.12.27 09:54:51.142,1.65855,1.6591,3.20,1.10
2007.12.27 09:54:51.270,1.65855,1.6591,3.20,1.10
2007.12.27 09:54:53.396,1.65855,1.65895,3.20,0.20
2007.12.27 09:54:53.594,1.65855,1.659,3.20,0.40
2007.12.27 09:54:53.792,1.65855,1.65895,3.20,0.20
2007.12.27 09:54:53.990,1.65845,1.659,3.20,1.10
2007.12.27 09:54:54.189,1.65845,1.65905,3.20,4.10
2007.12.27 09:54:54.449,1.6585,1.65905,3.20,1.00
2007.12.27 09:54:54.676,1.6585,1.65905,4.00,0.20
2007.12.27 09:54:54.883,1.6585,1.65905,4.00,0.20
2007.12.27 09:54:55.158,1.6585,1.65895,4.00,0.20
2007.12.27 09:54:55.366,1.6585,1.659,3.20,1.10
2007.12.27 09:54:55.624,1.65845,1.659,3.20,0.80
2007.12.27 09:54:55.882,1.6585,1.65905,0.80,0.80
2007.12.27 09:54:56.223,1.6585,1.6591,4.00,4.30
2007.12.27 09:54:58.703,1.6585,1.6591,4.00,4.30
2007.12.27 09:54:58.991,1.6585,1.659,4.00,0.40
2007.12.27 09:54:59.164,1.6585,1.659,3.20,1.10
2007.12.27 09:54:59.337,1.6584,1.65895,5.20,0.20
2007.12.27 09:54:59.622,1.6584,1.6589,5.20,0.40
2007.12.27 09:54:59.790,1.6584,1.65885,4.40,0.20
2007.12.27 09:55:00.112,1.6584,1.65885,3.20,0.20
2007.12.27 09:55:00.452,1.65835,1.6589,3.20,1.10
2007.12.27 09:55:18.530,1.65835,1.6589,3.20,0.90
2007.12.27 09:55:19.356,1.65835,1.6589,3.20,0.90
2007.12.27 09:55:19.528,1.6584,1.6589,0.80,0.90
2007.12.27 09:55:24.648,1.6584,1.65885,0.80,0.20
2007.12.27 09:55:24.810,1.65835,1.65885,3.20,0.20
2007.12.27 09:55:25.027,1.65835,1.65885,3.20,0.20
2007.12.27 09:55:25.439,1.6583,1.65885,5.20,0.20
2007.12.27 09:55:27.646,1.6583,1.6589,5.20,4.10
2007.12.27 09:55:27.785,1.6584,1.6589,0.80,4.10
2007.12.27 09:55:27.967,1.6584,1.6589,0.80,4.10
2007.12.27 09:55:28.105,1.6584,1.6589,0.80,0.90
2007.12.27 09:55:28.243,1.65835,1.6589,3.20,0.90
2007.12.27 09:55:28.739,1.65835,1.6589,3.20,0.90
2007.12.27 09:55:29.187,1.65835,1.6589,3.20,0.90
2007.12.27 09:55:32.017,1.65835,1.6589,3.20,0.80
2007.12.27 09:55:32.240,1.6584,1.6589,1.20,0.80
2007.12.27 09:55:32.442,1.65855,1.6591,3.20,0.90
2007.12.27 09:55:32.888,1.65855,1.6591,3.20,0.90
2007.12.27 09:55:33.091,1.65855,1.6591,3.20,0.90
2007.12.27 09:55:34.966,1.6585,1.6591,5.20,4.10
2007.12.27 09:55:35.207,1.65855,1.6591,3.20,0.90
2007.12.27 09:55:35.910,1.6585,1.6591,5.20,0.90
2007.12.27 09:55:36.066,1.65855,1.6591,3.20,0.80
2007.12.27 09:55:36.299,1.6586,1.65915,0.80,3.20
2007.12.27 09:55:36.515,1.65865,1.6592,3.20,2.10
2007.12.27 09:55:36.718,1.65865,1.6592,3.20,0.90
2007.12.27 09:55:36.969,1.65865,1.6592,3.20,0.90
2007.12.27 09:55:37.172,1.6587,1.65925,0.80,3.30
2007.12.27 09:55:37.374,1.6587,1.65925,0.80,3.30
2007.12.27 09:55:40.007,1.6587,1.65925,0.80,3.20
2007.12.27 09:55:40.160,1.6588,1.6593,3.20,0.80
2007.12.27 09:55:40.312,1.6589,1.6594,0.80,5.30
2007.12.27 09:55:40.467,1.6589,1.6594,0.80,5.30
2007.12.27 09:55:40.673,1.6589,1.6593,0.80,0.20
2007.12.27 09:55:40.852,1.6588,1.6593,0.80,0.90
2007.12.27 09:55:41.046,1.6588,1.6593,0.80,0.80
2007.12.27 09:55:41.241,1.6589,1.65935,0.80,3.20
2007.12.27 09:55:41.435,1.6589,1.6594,0.80,5.30
2007.12.27 09:55:44.268,1.6589,1.6594,0.80,5.30
2007.12.27 09:55:44.455,1.6589,1.6594,0.80,5.30
2007.12.27 09:55:44.642,1.6588,1.6594,4.00,5.30
2007.12.27 09:55:45.096,1.6588,1.6594,4.00,5.20
2007.12.27 09:55:45.318,1.6589,1.6595,4.00,5.30
2007.12.27 09:55:48.310,1.6589,1.6595,4.00,5.30
2007.12.27 09:55:49.560,1.6589,1.6594,4.00,0.20
2007.12.27 09:55:49.687,1.6588,1.6594,4.00,4.10
2007.12.27 09:55:54.166,1.65885,1.6594,3.20,0.90
2007.12.27 09:55:57.025,1.65885,1.65925,3.20,0.20
2007.12.27 09:55:57.253,1.6588,1.65925,3.20,0.20
2007.12.27 09:55:57.503,1.6588,1.65925,3.20,0.20
2007.12.27 09:55:57.757,1.6588,1.65925,3.20,0.20
2007.12.27 09:55:58.060,1.65875,1.65925,3.20,0.20
2007.12.27 09:55:58.496,1.65875,1.65925,3.20,0.20
2007.12.27 09:55:58.799,1.65885,1.65935,3.20,0.20
2007.12.27 09:55:59.189,1.65885,1.65935,3.20,0.20
2007.12.27 09:55:59.434,1.65885,1.65935,3.20,0.20
2007.12.27 09:56:02.009,1.65885,1.6594,3.20,0.80
2007.12.27 09:56:02.207,1.6589,1.65945,0.80,3.20
2007.12.27 09:56:02.405,1.6589,1.65945,0.80,3.20
2007.12.27 09:56:02.756,1.6589,1.6595,4.00,5.30
2007.12.27 09:56:03.169,1.65895,1.6595,3.20,2.10
2007.12.27 09:56:03.398,1.65895,1.6595,3.20,0.90
2007.12.27 09:56:03.627,1.65895,1.6595,3.20,0.90
2007.12.27 09:56:06.195,1.6589,1.6595,4.00,4.10
2007.12.27 09:56:07.096,1.6589,1.65945,4.00,0.20
2007.12.27 09:56:07.626,1.6589,1.65935,4.00,0.20
2007.12.27 09:56:07.784,1.6589,1.65935,3.20,0.20
2007.12.27 09:56:08.461,1.6588,1.65935,5.20,0.20
2007.12.27 09:56:08.979,1.6588,1.65935,5.20,0.20
2007.12.27 09:56:09.288,1.6588,1.6594,5.20,4.10
2007.12.27 09:56:09.591,1.6588,1.6594,5.20,4.00
2007.12.27 09:56:09.775,1.6589,1.6594,0.80,3.20
2007.12.27 09:56:10.014,1.6589,1.6595,4.00,4.10
2007.12.27 09:56:11.139,1.6589,1.65945,4.00,0.20
2007.12.27 09:56:11.995,1.6589,1.65945,0.80,3.30
2007.12.27 09:56:14.676,1.6589,1.65945,0.80,3.20
2007.12.27 09:56:14.979,1.6589,1.6595,4.00,4.10
2007.12.27 09:56:15.605,1.6589,1.65945,4.00,0.20
2007.12.27 09:56:16.527,1.6589,1.65945,0.80,3.30
2007.12.27 09:56:16.769,1.6589,1.65945,0.80,3.20
2007.12.27 09:56:17.255,1.6589,1.6595,4.00,4.10
2007.12.27 09:56:19.024,1.6589,1.65945,4.00,0.20
2007.12.27 09:56:20.283,1.6589,1.65945,0.80,3.30
2007.12.27 09:56:21.200,1.6589,1.65945,4.00,0.20
2007.12.27 09:56:22.368,1.6589,1.6594,4.00,0.20
2007.12.27 09:56:22.572,1.6589,1.6594,0.80,0.20
2007.12.27 09:56:23.597,1.6589,1.65945,0.80,3.30
2007.12.27 09:56:24.029,1.6589,1.65945,4.00,0.20
2007.12.27 09:56:24.637,1.6589,1.6594,4.00,0.20
2007.12.27 09:56:25.251,1.6589,1.6594,0.80,0.20
2007.12.27 09:56:25.514,1.6589,1.6594,0.80,0.20
2007.12.27 09:56:25.778,1.65885,1.65935,3.20,0.20
2007.12.27 09:56:25.996,1.6588,1.65935,5.20,0.20
2007.12.27 09:56:29.116,1.6588,1.6593,5.20,0.20
2007.12.27 09:56:29.389,1.6588,1.6593,4.00,0.90
2007.12.27 09:56:29.662,1.6588,1.6593,4.00,0.90
2007.12.27 09:56:30.025,1.6588,1.6593,0.80,0.90
2007.12.27 09:56:31.019,1.65875,1.6593,4.00,0.90
2007.12.27 09:56:34.596,1.65875,1.65925,4.00,0.20
2007.12.27 09:56:34.849,1.65875,1.65925,1.90,0.20
2007.12.27 09:56:35.056,1.6587,1.65925,3.00,0.20
2007.12.27 09:56:35.264,1.6587,1.65925,0.80,0.20
2007.12.27 09:56:36.678,1.6587,1.6593,1.30,4.00
2007.12.27 09:56:36.980,1.6588,1.65935,1.90,0.20
2007.12.27 09:56:38.127,1.6587,1.6593,8.40,0.20
2007.12.27 09:56:38.334,1.6587,1.6593,8.40,0.90
2007.12.27 09:56:38.640,1.6587,1.65925,8.40,0.20
2007.12.27 09:56:38.849,1.6588,1.65925,0.90,0.20
2007.12.27 09:56:39.132,1.6587,1.65925,2.00,0.20
2007.12.27 09:56:41.110,1.6587,1.65925,2.30,0.20
2007.12.27 09:56:41.323,1.6586,1.65925,8.40,0.20
2007.12.27 09:56:43.087,1.6587,1.65925,0.50,0.20
2007.12.27 09:56:43.296,1.6585,1.65915,15.60,0.20
2007.12.27 09:56:45.620,1.6585,1.6592,15.60,4.00
2007.12.27 09:56:45.806,1.6587,1.6592,0.80,3.20
2007.12.27 09:56:46.009,1.6587,1.65925,0.80,3.30
2007.12.27 09:57:02.099,1.6587,1.65925,0.80,3.20
2007.12.27 09:57:02.342,1.65875,1.6593,3.20,2.00
2007.12.27 09:57:02.585,1.65875,1.6593,3.20,2.00
2007.12.27 09:57:02.827,1.65875,1.65925,3.20,0.20
2007.12.27 09:57:03.059,1.6587,1.65925,0.80,3.30
2007.12.27 09:57:03.293,1.6588,1.65925,0.80,3.30
2007.12.27 09:57:03.527,1.6588,1.65935,0.80,3.30
2007.12.27 09:57:05.047,1.6588,1.65935,0.80,3.30
2007.12.27 09:57:07.602,1.6588,1.65935,0.80,3.20
2007.12.27 09:57:07.810,1.6589,1.65935,0.80,3.20
2007.12.27 09:57:08.022,1.6589,1.65945,0.80,3.30
2007.12.27 09:57:08.235,1.6589,1.65935,0.80,0.20
2007.12.27 09:57:08.501,1.6589,1.65935,0.80,3.30
2007.12.27 09:57:08.715,1.6588,1.65935,0.80,3.30
2007.12.27 09:57:08.927,1.6588,1.65935,0.80,3.30
2007.12.27 09:57:09.221,1.6588,1.65935,0.80,3.20
2007.12.27 09:57:09.514,1.6589,1.65935,0.80,3.20
2007.12.27 09:57:09.806,1.6589,1.6594,0.80,1.20
2007.12.27 09:57:10.254,1.6589,1.6594,0.80,1.20
2007.12.27 09:57:11.175,1.6589,1.6594,0.80,4.40
2007.12.27 09:57:13.235,1.6589,1.6594,0.80,3.20
2007.12.27 09:57:13.393,1.6589,1.65945,4.00,0.20
2007.12.27 09:57:13.839,1.6589,1.6595,4.00,5.20
2007.12.27 09:57:13.997,1.659,1.65955,0.80,3.30
2007.12.27 09:57:14.255,1.659,1.65955,0.80,3.20
2007.12.27 09:57:14.433,1.6591,1.65955,0.80,3.20
2007.12.27 09:57:14.611,1.6591,1.6596,0.80,1.20
2007.12.27 09:57:14.789,1.6591,1.65955,0.80,0.20
2007.12.27 09:57:14.968,1.65905,1.65955,3.20,0.20
2007.12.27 09:57:15.194,1.659,1.65955,0.80,3.30
2007.12.27 09:57:15.708,1.659,1.65945,0.80,0.20
2007.12.27 09:57:15.935,1.65895,1.65945,3.20,0.20
2007.12.27 09:57:16.163,1.6589,1.65945,0.80,3.30
2007.12.27 09:57:16.356,1.6589,1.65945,4.00,0.20
2007.12.27 09:57:17.173,1.6589,1.65945,4.00,0.20
2007.12.27 09:57:17.321,1.6589,1.65945,4.00,0.20
2007.12.27 09:57:17.498,1.6589,1.65945,0.80,3.30
2007.12.27 09:57:18.219,1.6589,1.65945,4.00,0.20
2007.12.27 09:57:19.256,1.6589,1.65945,4.00,0.20
2007.12.27 09:57:19.464,1.6589,1.65945,4.00,0.20
2007.12.27 09:57:20.168,1.6589,1.6595,4.00,4.00
2007.12.27 09:57:20.411,1.659,1.6595,0.80,3.20
2007.12.27 09:57:20.654,1.659,1.6595,0.80,3.20
2007.12.27 09:57:20.896,1.659,1.65955,0.80,3.30
2007.12.27 09:57:21.216,1.659,1.65955,4.00,0.20
2007.12.27 09:57:23.171,1.659,1.65955,0.80,3.30
2007.12.27 09:57:25.130,1.659,1.65955,0.80,3.30
2007.12.27 09:57:29.510,1.659,1.65955,0.80,3.30
2007.12.27 09:57:30.851,1.659,1.65955,0.80,3.20
2007.12.27 09:57:31.024,1.6591,1.6596,0.80,1.20
2007.12.27 09:57:31.287,1.6591,1.6596,0.80,1.20
2007.12.27 09:57:34.290,1.6591,1.65965,0.80,3.30
2007.12.27 09:57:34.458,1.6591,1.65965,0.80,3.30
2007.12.27 09:57:34.705,1.6591,1.65965,0.80,3.20
2007.12.27 09:57:34.962,1.6592,1.65965,0.80,3.20
2007.12.27 09:57:35.125,1.6592,1.6597,0.80,1.30
2007.12.27 09:57:35.287,1.6592,1.65965,0.80,0.20
2007.12.27 09:57:35.451,1.65915,1.65965,3.20,0.20
2007.12.27 09:57:35.684,1.6591,1.65965,0.80,3.30
2007.12.27 09:57:35.917,1.6592,1.6597,0.80,1.30
2007.12.27 09:57:36.150,1.6592,1.6597,0.80,1.30
2007.12.27 09:57:36.383,1.65915,1.65965,3.20,0.20
2007.12.27 09:57:36.615,1.6591,1.65965,0.80,3.30
2007.12.27 09:57:36.784,1.6591,1.65965,0.80,3.30
2007.12.27 09:57:36.932,1.6592,1.65965,0.80,3.20
2007.12.27 09:57:37.080,1.6592,1.6597,0.80,0.20
2007.12.27 09:57:37.292,1.6592,1.65965,0.80,0.20
2007.12.27 09:57:37.440,1.65915,1.65965,3.20,0.20
2007.12.27 09:57:37.688,1.6591,1.65965,0.80,3.30
2007.12.27 09:57:37.936,1.6592,1.65965,0.80,3.20
2007.12.27 09:57:38.183,1.6592,1.6597,0.80,0.20
2007.12.27 09:57:38.736,1.6592,1.6597,0.80,0.20
2007.12.27 09:57:40.716,1.6592,1.65975,0.80,3.20
2007.12.27 09:57:40.869,1.6592,1.65975,0.80,3.20
2007.12.27 09:57:41.023,1.6594,1.6599,4.00,2.10
2007.12.27 09:57:41.176,1.6594,1.6599,4.00,0.90
2007.12.27 09:57:41.328,1.6594,1.6599,4.00,0.90
2007.12.27 09:57:41.481,1.6595,1.66,0.80,4.10
2007.12.27 09:57:41.689,1.6595,1.66,0.80,4.10
2007.12.27 09:57:41.898,1.6595,1.66,0.80,0.90
2007.12.27 09:57:44.244,1.6595,1.66,0.80,0.80
2007.12.27 09:57:44.382,1.6597,1.66,3.20,0.80
2007.12.27 09:57:44.520,1.6597,1.6603,4.00,10.10
2007.12.27 09:57:44.712,1.6597,1.6603,4.00,5.30
2007.12.27 09:57:44.886,1.6597,1.66,3.20,0.90
2007.12.27 09:57:45.058,1.6596,1.66,4.80,0.90
2007.12.27 09:57:45.244,1.6595,1.66,5.20,0.90
2007.12.27 09:57:45.416,1.6595,1.6601,14.80,3.20
2007.12.27 09:57:45.589,1.65975,1.6603,3.20,1.20
2007.12.27 09:57:45.791,1.65975,1.6603,3.20,1.20
2007.12.27 09:57:45.994,1.6596,1.6599,4.80,0.20
2007.12.27 09:57:46.196,1.6596,1.6599,4.80,0.90
2007.12.27 09:57:46.399,1.6595,1.6599,1.20,0.90
2007.12.27 09:57:46.601,1.6595,1.6599,1.20,0.90
2007.12.27 09:57:47.873,1.6595,1.6599,1.20,0.80
2007.12.27 09:57:48.002,1.6595,1.66,2.00,0.90
2007.12.27 09:57:48.301,1.6595,1.66,2.00,0.80
2007.12.27 09:57:48.429,1.6596,1.66005,0.80,3.20
2007.12.27 09:57:48.557,1.6596,1.6601,0.80,0.90
2007.12.27 09:57:50.456,1.6596,1.6601,0.80,0.90
2007.12.27 09:57:50.848,1.6596,1.6601,0.80,0.90
2007.12.27 09:57:51.979,1.6596,1.6601,0.80,0.90
2007.12.27 09:57:52.754,1.6596,1.6601,0.80,0.80
2007.12.27 09:57:52.907,1.6596,1.6601,2.00,0.80
2007.12.27 09:57:53.135,1.65985,1.6601,3.20,0.80
2007.12.27 09:57:53.363,1.65985,1.6601,3.20,0.80
2007.12.27 09:57:53.591,1.6599,1.6604,1.20,0.90
2007.12.27 09:57:53.818,1.6599,1.6604,1.20,0.90
2007.12.27 09:57:54.329,1.6599,1.6604,1.20,0.80
2007.12.27 09:57:54.513,1.65995,1.6605,3.20,0.90
2007.12.27 09:57:55.262,1.65995,1.6605,3.20,0.90
2007.12.27 09:57:56.804,1.65995,1.6603,3.20,0.20
2007.12.27 09:57:57.016,1.6598,1.6603,6.00,0.90
2007.12.27 09:57:57.174,1.6598,1.6603,1.20,0.90
2007.12.27 09:57:58.250,1.6598,1.6603,1.20,0.80
2007.12.27 09:57:58.518,1.65995,1.6605,3.20,0.90
2007.12.27 09:57:58.787,1.65995,1.6605,3.20,0.90
2007.12.27 09:57:59.290,1.65995,1.6604,3.20,0.20
2007.12.27 09:57:59.463,1.6599,1.6604,0.80,0.20
2007.12.27 09:57:59.636,1.65985,1.6604,3.20,0.90
2007.12.27 09:57:59.809,1.65985,1.6604,3.20,0.90
2007.12.27 09:57:59.995,1.6598,1.6603,1.20,0.90
2007.12.27 09:58:02.618,1.6598,1.6602,1.20,0.20
2007.12.27 09:58:02.882,1.65975,1.6602,3.20,0.90
2007.12.27 09:58:03.145,1.6597,1.6602,1.20,0.90
2007.12.27 09:58:03.342,1.6597,1.6602,1.20,0.90
2007.12.27 09:58:03.866,1.6597,1.6602,1.20,0.80
2007.12.27 09:58:04.074,1.65985,1.66035,3.20,0.20
2007.12.27 09:58:04.271,1.65985,1.66035,3.20,0.20
2007.12.27 09:58:10.619,1.65985,1.6604,3.20,0.90
2007.12.27 09:58:10.898,1.6599,1.6604,0.80,0.20
2007.12.27 09:58:11.175,1.6599,1.6604,4.00,0.20
2007.12.27 09:58:14.610,1.6599,1.6604,4.00,0.20
2007.12.27 09:58:14.744,1.6599,1.66035,3.20,0.20
2007.12.27 09:58:15.028,1.65985,1.66035,3.20,0.20
2007.12.27 09:58:15.231,1.65985,1.66035,3.20,0.20
2007.12.27 09:58:17.887,1.65985,1.66035,3.20,0.20
2007.12.27 09:58:21.952,1.6598,1.66035,5.20,0.20
2007.12.27 09:58:22.339,1.6598,1.6604,5.20,4.00
2007.12.27 09:58:22.527,1.65995,1.6604,3.20,0.80
2007.12.27 09:58:22.715,1.66,1.66055,0.80,3.30
2007.12.27 09:58:22.849,1.66,1.66055,0.80,3.30
2007.12.27 09:58:22.982,1.66,1.66055,0.80,3.30
2007.12.27 09:58:23.183,1.66,1.66055,4.00,0.20
2007.12.27 09:58:23.276,1.66,1.66055,2.40,0.20
2007.12.27 09:58:23.396,1.6599,1.66055,8.40,0.20
2007.12.27 09:58:23.530,1.6599,1.66055,8.40,0.20
2007.12.27 09:58:25.351,1.6602,1.66055,0.70,0.20
2007.12.27 09:58:25.449,1.6602,1.6606,4.40,0.80
2007.12.27 09:58:25.547,1.6602,1.6608,8.40,4.80
2007.12.27 09:58:25.675,1.6603,1.66085,1.60,0.20
2007.12.27 09:58:25.873,1.6602,1.66085,8.40,0.20
2007.12.27 09:58:26.111,1.6602,1.66085,8.40,0.20
2007.12.27 09:58:26.349,1.6602,1.66085,8.40,0.20
2007.12.27 09:58:26.587,1.6603,1.66085,2.00,0.20
2007.12.27 09:58:27.832,1.6602,1.6609,8.40,4.00
2007.12.27 09:58:27.980,1.6604,1.66095,1.70,0.20
2007.12.27 09:58:28.285,1.6603,1.66095,8.40,0.20
2007.12.27 09:58:28.433,1.6603,1.661,8.40,4.00
2007.12.27 09:58:28.581,1.6605,1.6611,7.20,1.20
2007.12.27 09:58:28.728,1.6605,1.6611,7.20,1.20
2007.12.27 09:58:28.876,1.6605,1.6611,7.20,1.20
2007.12.27 09:58:29.104,1.6606,1.6612,7.20,1.30
2007.12.27 09:58:29.331,1.6606,1.6612,7.20,1.30
2007.12.27 09:58:29.560,1.6608,1.6613,0.80,1.30
2007.12.27 09:58:29.788,1.66075,1.6613,4.00,1.30
2007.12.27 09:58:29.977,1.66075,1.6613,4.00,1.30
2007.12.27 09:58:30.165,1.66075,1.6613,4.00,0.20
2007.12.27 09:58:30.354,1.6608,1.66135,0.80,3.20
2007.12.27 09:58:30.541,1.6609,1.6614,0.80,0.90
2007.12.27 09:58:30.768,1.6609,1.6614,0.80,0.90
2007.12.27 09:58:30.961,1.66085,1.66135,4.00,0.20
2007.12.27 09:58:31.217,1.6608,1.66135,5.20,0.20
2007.12.27 09:58:31.482,1.66085,1.66135,1.40,0.20
2007.12.27 09:58:31.740,1.6608,1.66135,5.20,0.20
2007.12.27 09:58:31.999,1.6609,1.66145,4.00,0.20
2007.12.27 09:58:32.202,1.66095,1.66145,1.90,0.20
2007.12.27 09:58:32.420,1.6609,1.66145,4.00,0.20
2007.12.27 09:58:32.598,1.6609,1.66145,4.00,0.20
2007.12.27 09:58:32.918,1.66095,1.6612,1.90,0.20
2007.12.27 09:58:33.143,1.6607,1.6612,11.60,0.90
2007.12.27 09:58:33.356,1.6607,1.6612,1.70,0.80
2007.12.27 09:58:33.569,1.6607,1.6613,2.40,4.10
2007.12.27 09:58:33.781,1.66075,1.6613,1.40,0.90
2007.12.27 09:58:34.199,1.6607,1.6613,5.20,0.90
2007.12.27 09:58:34.509,1.6607,1.6613,5.20,0.90
2007.12.27 09:58:35.943,1.66075,1.6613,0.80,0.90
2007.12.27 09:58:36.095,1.66075,1.66135,5.20,3.30
2007.12.27 09:58:36.273,1.6608,1.66135,5.20,0.20
2007.12.27 09:58:36.472,1.6609,1.66135,2.40,0.20
2007.12.27 09:58:36.772,1.6608,1.66135,5.20,0.20
2007.12.27 09:58:36.919,1.6608,1.6614,5.20,0.80
2007.12.27 09:58:37.066,1.6609,1.66145,5.20,0.20
2007.12.27 09:58:37.354,1.6609,1.66145,5.20,0.20
2007.12.27 09:58:37.643,1.6608,1.66135,10.00,0.20
2007.12.27 09:58:37.931,1.6608,1.66135,5.20,0.20
2007.12.27 09:58:40.513,1.6608,1.66135,5.20,0.20
2007.12.27 09:58:40.908,1.6608,1.6614,5.20,0.80
2007.12.27 09:58:41.050,1.6608,1.6614,5.20,0.80
2007.12.27 09:58:41.314,1.6608,1.66145,13.20,0.20
2007.12.27 09:58:41.750,1.6609,1.66145,0.90,0.20
2007.12.27 09:58:42.013,1.6609,1.6615,1.30,5.20
2007.12.27 09:58:42.215,1.6608,1.6615,8.00,4.40
2007.12.27 09:58:42.315,1.6608,1.66155,11.20,4.60
2007.12.27 09:58:42.418,1.6606,1.66135,9.20,3.40
2007.12.27 09:58:42.622,1.6606,1.66135,9.20,3.40
2007.12.27 09:58:42.824,1.66055,1.66135,4.40,3.40
2007.12.27 09:58:43.041,1.66055,1.6614,4.40,18.80
2007.12.27 09:58:43.266,1.66065,1.66125,0.60,0.90
2007.12.27 09:58:43.504,1.6605,1.66105,4.40,0.40
2007.12.27 09:58:43.742,1.6604,1.66105,10.00,1.10
2007.12.27 09:58:44.477,1.6604,1.66105,5.20,1.10
2007.12.27 09:58:44.781,1.66045,1.661,0.60,0.90
2007.12.27 09:58:48.907,1.6604,1.66085,5.20,0.40
2007.12.27 09:58:49.114,1.6602,1.66085,13.20,1.10
2007.12.27 09:58:49.233,1.6603,1.6608,0.70,0.90
2007.12.27 09:58:49.350,1.6602,1.66085,8.40,1.10
2007.12.27 09:58:50.031,1.6602,1.66085,8.40,1.10
2007.12.27 09:58:50.453,1.6603,1.6608,5.20,0.80
2007.12.27 09:58:50.675,1.66045,1.66105,3.20,4.20
2007.12.27 09:58:50.898,1.66045,1.66075,3.20,0.40
2007.12.27 09:58:51.122,1.66045,1.6607,3.20,0.90
2007.12.27 09:58:51.294,1.6603,1.66075,6.00,1.10
2007.12.27 09:58:51.467,1.6603,1.6608,1.20,7.20
2007.12.27 09:58:51.640,1.6604,1.661,0.80,4.10
2007.12.27 09:58:51.812,1.66045,1.66105,3.20,4.20
2007.12.27 09:58:51.986,1.66045,1.66105,3.20,4.00
2007.12.27 09:58:52.159,1.6605,1.6611,0.80,4.10
2007.12.27 09:58:52.367,1.66055,1.66115,3.20,4.20
2007.12.27 09:58:52.575,1.66065,1.66115,3.20,1.10
2007.12.27 09:58:54.937,1.66065,1.66105,3.20,0.40
2007.12.27 09:58:55.137,1.66065,1.66105,3.20,1.10
2007.12.27 09:58:55.334,1.66055,1.661,3.20,0.90
2007.12.27 09:58:55.493,1.66055,1.661,3.20,0.90
2007.12.27 09:58:58.350,1.66055,1.6609,3.20,0.20
2007.12.27 09:58:58.527,1.66055,1.66095,3.20,1.10
2007.12.27 09:58:58.754,1.6605,1.66095,3.20,1.10
2007.12.27 09:59:00.949,1.6605,1.6609,3.20,0.80
2007.12.27 09:59:01.122,1.6605,1.66105,3.20,1.10
2007.12.27 09:59:01.933,1.6605,1.66105,3.20,1.10
2007.12.27 09:59:02.259,1.66055,1.66105,3.20,1.10
2007.12.27 09:59:04.363,1.66055,1.6609,3.20,0.20
2007.12.27 09:59:04.582,1.66055,1.66095,3.20,1.10
2007.12.27 09:59:04.782,1.6605,1.6609,3.20,0.90
2007.12.27 09:59:04.960,1.6605,1.661,3.20,4.00
2007.12.27 09:59:05.137,1.6605,1.66115,4.00,4.30
2007.12.27 09:59:05.315,1.66065,1.6611,3.20,0.90
2007.12.27 09:59:05.499,1.66065,1.6611,3.20,0.90
2007.12.27 09:59:05.677,1.66065,1.6611,3.20,0.90
2007.12.27 09:59:05.860,1.6607,1.6611,3.20,0.90
2007.12.27 09:59:06.043,1.6607,1.66115,3.20,1.10
2007.12.27 09:59:06.652,1.6607,1.6612,3.20,5.30
2007.12.27 09:59:06.796,1.6607,1.6612,3.20,4.10
2007.12.27 09:59:06.938,1.6608,1.6612,3.20,4.10
2007.12.27 09:59:07.081,1.6608,1.6611,3.20,0.80
2007.12.27 09:59:07.225,1.6608,1.6612,3.20,1.10
2007.12.27 09:59:07.367,1.6608,1.6612,3.20,1.10
2007.12.27 09:59:07.900,1.6608,1.6613,3.20,4.00
2007.12.27 09:59:08.234,1.6608,1.6614,5.20,0.50
2007.12.27 09:59:08.567,1.66095,1.6614,3.20,0.90
2007.12.27 09:59:09.039,1.66095,1.66135,3.20,0.20
2007.12.27 09:59:09.973,1.66095,1.6614,3.20,1.10
2007.12.27 09:59:10.169,1.66095,1.6614,3.20,1.10
2007.12.27 09:59:10.393,1.66095,1.66135,3.20,0.40
2007.12.27 09:59:10.540,1.6608,1.66135,4.00,0.40
2007.12.27 09:59:10.689,1.6608,1.66135,3.20,1.10
2007.12.27 09:59:10.838,1.6608,1.6613,3.20,0.90
2007.12.27 09:59:11.027,1.6608,1.66115,3.20,0.40
2007.12.27 09:59:11.215,1.66065,1.6611,3.20,0.90
2007.12.27 09:59:11.402,1.66065,1.6611,3.20,0.90
2007.12.27 09:59:11.653,1.66065,1.6611,3.20,0.90
2007.12.27 09:59:11.841,1.66065,1.6611,3.20,0.90
2007.12.27 09:59:12.156,1.66065,1.6611,3.20,0.80
2007.12.27 09:59:12.439,1.6607,1.66115,3.20,0.20
2007.12.27 09:59:12.722,1.6607,1.6612,4.00,0.90
2007.12.27 09:59:12.982,1.6607,1.66115,4.00,0.20
2007.12.27 09:59:13.200,1.6607,1.66115,3.20,0.20
2007.12.27 09:59:13.417,1.66075,1.66115,3.20,0.20
2007.12.27 09:59:13.635,1.66075,1.66115,3.20,0.20
2007.12.27 09:59:13.852,1.66075,1.66115,3.20,0.20
2007.12.27 09:59:14.085,1.66075,1.66115,3.20,0.20
2007.12.27 09:59:14.318,1.6608,1.6611,3.20,0.90
2007.12.27 09:59:14.551,1.6608,1.6611,3.20,0.90
2007.12.27 09:59:14.784,1.6608,1.66115,3.20,0.20
2007.12.27 09:59:15.036,1.66085,1.66115,3.20,0.20
2007.12.27 09:59:15.234,1.66085,1.6612,3.20,0.90
2007.12.27 09:59:15.445,1.6608,1.6612,3.20,0.90
2007.12.27 09:59:15.630,1.6608,1.6611,3.20,0.20
2007.12.27 09:59:15.828,1.6608,1.6611,3.20,0.20
2007.12.27 09:59:16.050,1.6608,1.6612,3.20,0.90
2007.12.27 09:59:16.273,1.6607,1.6612,4.40,0.90
2007.12.27 09:59:16.507,1.6607,1.6612,4.40,0.80
2007.12.27 09:59:16.731,1.66075,1.6613,3.20,0.80
2007.12.27 09:59:16.954,1.6608,1.66095,4.00,0.20
2007.12.27 09:59:17.227,1.6608,1.661,3.20,0.90
2007.12.27 09:59:17.500,1.66045,1.661,3.20,0.80
2007.12.27 09:59:17.773,1.66055,1.6611,3.20,1.20
2007.12.27 09:59:18.046,1.66055,1.66095,3.20,0.20
2007.12.27 09:59:18.259,1.66055,1.661,3.20,0.90
2007.12.27 09:59:18.472,1.6605,1.661,3.20,0.90
2007.12.27 09:59:18.685,1.66055,1.6609,3.20,0.90
2007.12.27 09:59:18.897,1.6606,1.6609,3.20,0.90
2007.12.27 09:59:19.169,1.6605,1.6609,3.20,0.90
2007.12.27 09:59:19.441,1.66045,1.6609,3.20,0.90
2007.12.27 09:59:19.951,1.66045,1.6609,3.20,0.80
2007.12.27 09:59:20.162,1.66045,1.661,3.20,0.90
2007.12.27 09:59:20.310,1.66055,1.661,3.20,0.90
2007.12.27 09:59:21.057,1.6605,1.661,3.20,0.90
2007.12.27 09:59:21.280,1.6605,1.6609,3.20,0.90
2007.12.27 09:59:21.594,1.66055,1.6609,3.20,0.90
2007.12.27 09:59:21.900,1.66055,1.6609,3.20,0.80
2007.12.27 09:59:22.053,1.66055,1.6609,3.20,0.80
2007.12.27 09:59:22.206,1.66055,1.661,3.20,0.80
2007.12.27 09:59:22.359,1.6607,1.6611,3.20,0.90
2007.12.27 09:59:23.192,1.6607,1.6611,3.20,0.90
2007.12.27 09:59:23.525,1.6607,1.6611,3.20,0.80
2007.12.27 09:59:23.858,1.6607,1.6612,3.20,0.90
2007.12.27 09:59:24.190,1.6608,1.6612,3.20,0.90
2007.12.27 09:59:24.428,1.6608,1.6612,3.20,0.90
2007.12.27 09:59:25.211,1.6607,1.6612,3.20,0.90
2007.12.27 09:59:25.649,1.6607,1.66115,3.20,0.20
2007.12.27 09:59:25.852,1.6607,1.66115,3.20,0.20
2007.12.27 09:59:26.054,1.6607,1.66115,3.20,0.20
2007.12.27 09:59:26.298,1.6607,1.6612,3.20,2.10
2007.12.27 09:59:26.958,1.66065,1.6612,3.20,2.10
2007.12.27 09:59:27.171,1.66065,1.6612,3.20,0.90
2007.12.27 09:59:27.598,1.6607,1.6612,3.20,0.90
2007.12.27 09:59:27.928,1.6607,1.6611,3.20,0.20
2007.12.27 09:59:28.101,1.6607,1.6611,3.20,0.20
2007.12.27 09:59:28.275,1.66065,1.6611,3.20,0.90
2007.12.27 09:59:28.448,1.66065,1.6611,3.20,0.90
2007.12.27 09:59:28.651,1.66065,1.661,3.20,0.20
2007.12.27 09:59:28.824,1.66065,1.661,3.20,0.90
2007.12.27 09:59:29.040,1.66055,1.661,3.20,0.90
2007.12.27 09:59:29.267,1.66055,1.66105,3.20,0.20
2007.12.27 09:59:29.479,1.6606,1.66105,3.20,0.20
2007.12.27 09:59:30.006,1.6606,1.66095,3.20,0.20
2007.12.27 09:59:30.234,1.6606,1.66095,3.20,0.20
2007.12.27 09:59:30.462,1.66055,1.66095,3.20,0.20
2007.12.27 09:59:30.689,1.6606,1.66095,3.20,0.20
2007.12.27 09:59:31.193,1.66055,1.66095,3.20,0.20
2007.12.27 09:59:31.980,1.66055,1.66085,3.20,0.20
2007.12.27 09:59:32.153,1.66045,1.66085,3.20,0.20
2007.12.27 09:59:32.948,1.6605,1.66085,3.20,0.20
2007.12.27 09:59:35.093,1.6605,1.6608,3.20,0.20
2007.12.27 09:59:35.291,1.6605,1.6608,3.20,0.90
2007.12.27 09:59:35.489,1.66045,1.6608,3.20,0.90
2007.12.27 09:59:35.776,1.66045,1.6608,3.20,0.90
2007.12.27 09:59:35.991,1.6604,1.6608,4.40,0.90
2007.12.27 09:59:36.189,1.6604,1.6608,4.40,0.90
2007.12.27 09:59:36.462,1.6603,1.6608,5.20,0.20
2007.12.27 09:59:37.475,1.6603,1.6609,5.20,0.80
2007.12.27 09:59:37.702,1.6604,1.661,8.40,4.10
2007.12.27 09:59:37.881,1.66055,1.661,1.70,0.90
2007.12.27 09:59:38.248,1.6605,1.661,4.00,0.90
2007.12.27 09:59:38.764,1.6605,1.661,4.00,0.90
2007.12.27 09:59:39.973,1.6606,1.661,1.70,0.80
2007.12.27 09:59:40.136,1.6606,1.6612,8.40,4.10
2007.12.27 09:59:40.299,1.6607,1.6612,4.00,0.90
2007.12.27 09:59:40.502,1.6608,1.6612,1.10,0.90
2007.12.27 09:59:40.705,1.6607,1.6612,5.20,0.90
2007.12.27 09:59:40.908,1.6607,1.6612,5.20,0.90
2007.12.27 09:59:41.110,1.6607,1.6612,5.20,0.90
2007.12.27 09:59:41.314,1.6607,1.6612,4.40,0.90
2007.12.27 09:59:43.509,1.6607,1.6612,4.40,0.80
2007.12.27 09:59:43.667,1.6607,1.6612,14.00,0.80
2007.12.27 09:59:43.824,1.6608,1.6612,4.40,0.80
2007.12.27 09:59:43.983,1.6608,1.66135,5.20,0.20
2007.12.27 09:59:45.055,1.6609,1.661,1.70,0.20
2007.12.27 09:59:45.325,1.6606,1.661,10.40,0.90
2007.12.27 09:59:45.609,1.6605,1.661,4.40,0.90
2007.12.27 09:59:45.802,1.6606,1.661,2.00,0.90
2007.12.27 09:59:46.221,1.6606,1.661,1.90,0.90
2007.12.27 09:59:46.429,1.6606,1.661,0.50,0.90
2007.12.27 09:59:46.661,1.6604,1.661,5.20,0.90
2007.12.27 09:59:46.894,1.6604,1.661,5.20,0.90
2007.12.27 09:59:47.193,1.66055,1.661,0.70,0.90
2007.12.27 09:59:48.691,1.66055,1.661,1.60,0.90
2007.12.27 09:59:48.880,1.6606,1.661,1.70,0.90
2007.12.27 09:59:49.067,1.6606,1.661,0.80,0.80
2007.12.27 09:59:49.255,1.6605,1.6612,18.00,4.10
2007.12.27 09:59:49.443,1.66075,1.6612,1.30,0.90
2007.12.27 09:59:51.592,1.6606,1.6612,4.00,0.80
2007.12.27 09:59:51.794,1.6609,1.6612,1.10,0.80
2007.12.27 09:59:51.996,1.6609,1.6613,1.70,0.90
2007.12.27 09:59:52.272,1.6608,1.6613,0.60,0.90
2007.12.27 09:59:54.498,1.6607,1.6612,4.00,0.20
2007.12.27 09:59:54.712,1.6608,1.6612,1.70,0.90
2007.12.27 09:59:54.884,1.6608,1.6612,1.40,0.90
2007.12.27 09:59:55.057,1.6606,1.6612,5.20,0.90
2007.12.27 09:59:55.246,1.6606,1.6612,5.20,0.90
2007.12.27 09:59:57.201,1.6606,1.6612,5.20,0.90
2007.12.27 09:59:57.705,1.6607,1.6612,1.00,0.90
2007.12.27 09:59:59.056,1.6606,1.6611,5.20,0.20
2007.12.27 09:59:59.184,1.6606,1.66115,5.20,0.20
2007.12.27 09:59:59.312,1.6606,1.66115,2.40,0.20
2007.12.27 09:59:59.587,1.6606,1.6612,0.50,4.10
2007.12.27 09:59:59.725,1.6607,1.6612,0.80,4.10
