2018.05.28 03:00:00.350,1.54737,1.54753,1.19,1.50
2018.05.28 03:00:00.506,1.54735,1.54753,1.19,1.50
2018.05.28 03:00:00.759,1.54747,1.54756,1.25,1.00
2018.05.28 03:00:00.879,1.54747,1.54763,1.31,1.00
2018.05.28 03:00:01.038,1.54745,1.54762,1.19,1.50
2018.05.28 03:00:01.195,1.54743,1.54761,1.19,1.37
2018.05.28 03:00:01.486,1.54741,1.5476,1.50,1.00
2018.05.28 03:00:01.641,1.54743,1.54762,1.56,1.50
2018.05.28 03:00:02.159,1.54743,1.5476,1.62,1.00
2018.05.28 03:00:02.678,1.54741,1.54759,1.31,2.25
2018.05.28 03:00:02.977,1.54734,1.54753,1.69,2.81
2018.05.28 03:00:03.094,1.54739,1.54754,1.31,1.12
2018.05.28 03:00:03.198,1.5474,1.54757,1.31,1.00
2018.05.28 03:00:03.252,1.5474,1.54759,1.31,1.00
2018.05.28 03:00:03.891,1.5474,1.54759,1.31,1.50
2018.05.28 03:00:05.186,1.54742,1.54759,1.31,1.00
2018.05.28 03:00:06.955,1.54742,1.5476,1.31,1.12
2018.05.28 03:00:11.374,1.54744,1.54762,1.00,1.69
2018.05.28 03:00:11.896,1.54744,1.54761,1.00,1.00
2018.05.28 03:00:11.948,1.54744,1.54761,1.31,1.00
2018.05.28 03:00:12.053,1.54746,1.54766,1.31,1.50
2018.05.28 03:00:12.106,1.54747,1.54765,1.12,1.00
2018.05.28 03:00:12.616,1.54749,1.54766,1.25,1.00
2018.05.28 03:00:13.133,1.54748,1.54766,1.25,1.00
2018.05.28 03:00:13.445,1.54748,1.54768,1.31,1.87
2018.05.28 03:00:18.071,1.54747,1.54765,2.25,1.63
2018.05.28 03:00:18.124,1.54746,1.54763,1.19,1.12
2018.05.28 03:00:18.176,1.54743,1.54761,1.12,1.12
2018.05.28 03:00:18.313,1.54742,1.5476,1.31,1.12
2018.05.28 03:00:18.485,1.54742,1.54761,1.31,1.87
2018.05.28 03:00:19.434,1.54743,1.54762,1.50,1.31
2018.05.28 03:00:19.614,1.54745,1.54763,1.31,1.25
2018.05.28 03:00:20.141,1.54744,1.54764,3.00,2.25
2018.05.28 03:00:20.606,1.54744,1.5476,2.81,1.00
2018.05.28 03:00:21.709,1.54744,1.54761,1.31,1.50
2018.05.28 03:00:22.233,1.54744,1.5476,1.31,1.00
2018.05.28 03:00:22.996,1.54742,1.5476,2.06,1.12
2018.05.28 03:00:23.052,1.54743,1.54761,1.19,1.50
2018.05.28 03:00:24.641,1.54743,1.54761,1.00,1.69
2018.05.28 03:00:25.159,1.54741,1.54761,2.81,2.06
2018.05.28 03:00:28.331,1.54741,1.54761,2.25,1.37
2018.05.28 03:00:28.874,1.54741,1.54757,1.31,1.12
2018.05.28 03:00:29.136,1.54741,1.54761,1.56,1.87
2018.05.28 03:00:29.240,1.54741,1.5476,1.75,1.37
2018.05.28 03:00:29.759,1.54742,1.5476,1.50,1.12
2018.05.28 03:00:31.795,1.54742,1.54761,1.50,1.50
2018.05.28 03:00:32.003,1.54742,1.54761,1.31,1.50
2018.05.28 03:00:32.793,1.54743,1.54761,1.12,1.50
2018.05.28 03:00:34.653,1.54742,1.54759,1.31,1.00
2018.05.28 03:00:35.196,1.54742,1.54761,1.31,1.50
2018.05.28 03:00:35.746,1.54743,1.54761,1.31,1.50
2018.05.28 03:00:35.850,1.54745,1.54762,1.44,1.00
2018.05.28 03:00:36.355,1.54745,1.54764,4.12,1.50
2018.05.28 03:00:36.878,1.54746,1.54764,1.19,1.87
2018.05.28 03:00:46.650,1.54744,1.54762,1.31,1.00
2018.05.28 03:00:46.758,1.54745,1.54764,1.31,1.12
2018.05.28 03:00:47.284,1.54745,1.54763,2.62,1.00
2018.05.28 03:00:49.770,1.54746,1.54763,1.19,1.00
2018.05.28 03:00:51.057,1.54746,1.54765,1.81,2.06
2018.05.28 03:00:51.113,1.54747,1.54766,2.44,1.87
2018.05.28 03:00:51.166,1.54747,1.54765,1.87,1.12
2018.05.28 03:00:51.324,1.54746,1.54764,2.81,1.37
2018.05.28 03:00:51.378,1.54746,1.54765,1.56,1.37
2018.05.28 03:00:57.149,1.54747,1.54765,1.62,1.31
2018.05.28 03:00:57.466,1.54751,1.54767,1.00,2.62
2018.05.28 03:00:58.012,1.5475,1.54768,1.25,1.00
2018.05.28 03:00:58.553,1.5475,1.54768,1.19,1.00
2018.05.28 03:00:59.580,1.5475,1.54769,1.56,1.12
2018.05.28 03:00:59.888,1.5475,1.5477,2.06,1.50
2018.05.28 03:01:00.104,1.54752,1.54771,1.56,1.37
2018.05.28 03:01:00.211,1.54754,1.54772,1.19,1.00
2018.05.28 03:01:00.527,1.54752,1.54769,1.87,1.00
2018.05.28 03:01:01.047,1.54752,1.54768,1.94,1.00
2018.05.28 03:01:01.151,1.54755,1.54773,1.69,2.06
2018.05.28 03:01:01.204,1.54755,1.54771,2.44,1.00
2018.05.28 03:01:01.360,1.54754,1.54772,2.06,1.00
2018.05.28 03:01:01.517,1.54757,1.54774,1.31,1.00
2018.05.28 03:01:02.041,1.54756,1.54775,1.69,1.12
2018.05.28 03:01:02.468,1.54756,1.54775,1.94,1.00
2018.05.28 03:01:02.522,1.54758,1.54777,1.31,1.12
2018.05.28 03:01:04.268,1.54757,1.54776,2.06,1.00
2018.05.28 03:01:05.975,1.54758,1.54774,1.31,1.00
2018.05.28 03:01:06.028,1.54757,1.54774,1.69,1.00
2018.05.28 03:01:06.080,1.54757,1.54774,2.06,1.00
2018.05.28 03:01:06.449,1.54759,1.54776,1.56,1.12
2018.05.28 03:01:07.054,1.54758,1.54775,2.25,1.00
2018.05.28 03:01:07.433,1.54755,1.54773,2.19,1.87
2018.05.28 03:01:07.952,1.54755,1.54772,1.19,1.50
2018.05.28 03:01:09.004,1.54751,1.54771,2.81,1.12
2018.05.28 03:01:10.482,1.54752,1.54771,1.75,1.37
2018.05.28 03:01:12.990,1.54751,1.5477,3.56,1.50
2018.05.28 03:01:14.550,1.54752,1.54768,2.06,1.00
2018.05.28 03:01:15.512,1.54753,1.54768,1.31,1.00
2018.05.28 03:01:16.043,1.54753,1.54769,1.31,1.00
2018.05.28 03:01:16.636,1.54753,1.54767,1.31,1.00
2018.05.28 03:01:16.740,1.54751,1.54767,1.69,1.00
2018.05.28 03:01:16.792,1.54753,1.54769,1.19,1.00
2018.05.28 03:01:19.849,1.54752,1.54768,1.87,1.00
2018.05.28 03:01:20.181,1.54752,1.54769,2.44,1.00
2018.05.28 03:01:20.490,1.54752,1.54769,3.19,1.00
2018.05.28 03:01:21.746,1.54753,1.5477,1.31,1.00
2018.05.28 03:01:22.462,1.54753,1.54768,3.37,1.00
2018.05.28 03:01:22.514,1.54753,1.54768,1.69,1.00
2018.05.28 03:01:23.152,1.54754,1.54768,1.00,1.00
2018.05.28 03:01:23.606,1.54757,1.54769,1.00,1.00
2018.05.28 03:01:24.118,1.54754,1.54769,2.06,1.00
2018.05.28 03:01:24.572,1.54754,1.5477,2.44,1.00
2018.05.28 03:01:25.159,1.54756,1.5477,1.19,1.00
2018.05.28 03:01:25.210,1.54754,1.5477,2.62,1.00
2018.05.28 03:01:25.700,1.54754,1.5477,1.19,1.00
2018.05.28 03:01:28.419,1.54756,1.54771,1.19,1.12
2018.05.28 03:01:30.205,1.54756,1.54771,1.00,1.87
2018.05.28 03:01:30.258,1.54751,1.54768,3.56,1.00
2018.05.28 03:01:30.363,1.54752,1.54766,1.31,1.00
2018.05.28 03:01:30.686,1.54753,1.54765,1.19,1.00
2018.05.28 03:01:30.740,1.5475,1.54765,1.31,1.00
2018.05.28 03:01:30.949,1.54751,1.54768,1.50,1.50
2018.05.28 03:01:31.053,1.5475,1.54766,1.31,1.00
2018.05.28 03:01:31.212,1.5475,1.54768,2.06,1.12
2018.05.28 03:01:31.316,1.5475,1.54768,2.81,1.12
2018.05.28 03:01:31.368,1.5475,1.54768,2.06,1.12
2018.05.28 03:01:31.472,1.5475,1.54768,2.06,1.12
2018.05.28 03:01:31.524,1.5475,1.54768,1.31,1.37
2018.05.28 03:01:31.950,1.54752,1.54769,1.19,1.00
2018.05.28 03:01:32.513,1.54753,1.5477,1.25,1.00
2018.05.28 03:01:38.345,1.54753,1.54769,1.25,1.00
2018.05.28 03:01:38.503,1.54752,1.54769,1.44,1.00
2018.05.28 03:01:38.825,1.54754,1.5477,1.87,1.00
2018.05.28 03:01:39.344,1.54754,1.54771,1.87,1.00
2018.05.28 03:01:39.492,1.54754,1.54771,1.75,1.12
2018.05.28 03:01:40.013,1.54754,1.54771,2.06,1.12
2018.05.28 03:01:41.611,1.54754,1.54771,1.56,1.12
2018.05.28 03:01:41.968,1.54753,1.54771,3.56,1.12
2018.05.28 03:01:44.929,1.54753,1.54768,2.25,1.00
2018.05.28 03:01:44.981,1.54753,1.54767,2.25,1.00
2018.05.28 03:01:45.035,1.54753,1.5477,1.44,1.00
2018.05.28 03:01:45.553,1.54752,1.54769,1.69,1.00
2018.05.28 03:01:46.131,1.54752,1.5477,1.31,1.00
2018.05.28 03:01:46.924,1.54753,1.54771,1.19,1.00
2018.05.28 03:01:47.273,1.54753,1.54771,2.06,1.25
2018.05.28 03:01:49.160,1.54754,1.54772,1.12,1.00
2018.05.28 03:01:49.673,1.54756,1.54772,1.19,1.00
2018.05.28 03:01:51.297,1.54756,1.54773,1.37,1.12
2018.05.28 03:01:59.051,1.54756,1.54774,1.87,1.50
2018.05.28 03:02:00.186,1.54759,1.54776,1.50,1.12
2018.05.28 03:02:00.239,1.54761,1.54777,1.87,1.00
2018.05.28 03:02:00.292,1.54764,1.5478,1.19,1.62
2018.05.28 03:02:02.635,1.54764,1.54781,1.50,1.37
2018.05.28 03:02:17.962,1.54764,1.54783,3.75,2.06
2018.05.28 03:02:21.669,1.54765,1.54783,1.50,1.62
2018.05.28 03:02:24.710,1.54767,1.54783,1.19,1.37
2018.05.28 03:02:26.927,1.54766,1.54783,1.69,1.56
2018.05.28 03:02:27.830,1.54766,1.54783,1.25,1.56
2018.05.28 03:02:28.887,1.54766,1.54783,1.19,1.56
2018.05.28 03:02:29.610,1.54765,1.54783,1.87,1.56
2018.05.28 03:02:30.115,1.54765,1.54785,2.62,2.25
2018.05.28 03:02:30.219,1.54766,1.54785,1.62,1.75
2018.05.28 03:02:31.176,1.54766,1.54784,2.06,1.50
2018.05.28 03:02:31.624,1.54764,1.54783,3.19,2.06
2018.05.28 03:02:32.139,1.54762,1.5478,2.06,1.12
2018.05.28 03:02:32.295,1.54761,1.54779,2.06,1.31
2018.05.28 03:02:39.356,1.5476,1.54778,1.31,1.56
2018.05.28 03:02:39.893,1.54761,1.54778,1.00,1.56
2018.05.28 03:02:41.673,1.5476,1.54778,1.12,2.06
2018.05.28 03:02:43.605,1.54759,1.54777,1.31,1.56
2018.05.28 03:02:43.658,1.54759,1.54777,1.12,1.56
2018.05.28 03:02:48.238,1.54761,1.54777,1.00,2.06
2018.05.28 03:02:48.764,1.5476,1.54777,1.25,1.56
2018.05.28 03:02:50.318,1.54761,1.54778,1.00,1.12
2018.05.28 03:02:50.655,1.54763,1.54778,1.00,1.12
2018.05.28 03:02:51.085,1.54763,1.54781,1.00,1.50
2018.05.28 03:02:52.072,1.54763,1.54777,1.00,1.00
2018.05.28 03:02:53.855,1.54762,1.54777,2.25,1.00
2018.05.28 03:02:54.205,1.54764,1.54777,1.00,1.00
2018.05.28 03:02:55.847,1.54762,1.54777,1.50,1.00
2018.05.28 03:02:58.814,1.54764,1.5478,1.00,1.56
2018.05.28 03:02:59.128,1.54764,1.54783,2.25,1.50
2018.05.28 03:03:05.281,1.54764,1.54783,1.87,1.00
2018.05.28 03:03:10.199,1.54764,1.54782,3.37,1.25
2018.05.28 03:03:10.303,1.54767,1.54782,1.00,1.25
2018.05.28 03:03:10.356,1.54767,1.54785,1.25,1.69
2018.05.28 03:03:10.460,1.54765,1.54783,1.50,1.37
2018.05.28 03:03:11.017,1.54763,1.54781,1.25,2.06
2018.05.28 03:03:11.325,1.5476,1.54778,1.00,1.31
2018.05.28 03:03:11.610,1.54762,1.5478,1.37,1.50
2018.05.28 03:03:11.662,1.54765,1.5478,1.87,1.00
2018.05.28 03:03:11.714,1.54765,1.54783,2.25,1.00
2018.05.28 03:03:11.766,1.54765,1.54781,1.00,1.00
2018.05.28 03:03:12.178,1.54763,1.54782,2.06,1.31
2018.05.28 03:03:12.404,1.54763,1.5478,1.25,1.31
2018.05.28 03:03:12.712,1.54757,1.54775,1.69,1.31
2018.05.28 03:03:13.256,1.54757,1.54775,1.50,1.31
2018.05.28 03:03:15.044,1.54756,1.54775,2.62,1.31
2018.05.28 03:03:15.654,1.54756,1.54773,1.19,1.12
2018.05.28 03:03:15.708,1.54754,1.54773,1.19,1.31
2018.05.28 03:03:15.812,1.54754,1.54773,1.31,1.25
2018.05.28 03:03:16.072,1.54755,1.54773,1.56,1.00
2018.05.28 03:03:16.825,1.54755,1.54775,1.94,1.87
2018.05.28 03:03:17.002,1.54755,1.54775,1.94,1.37
2018.05.28 03:03:18.054,1.54755,1.54775,3.56,1.37
2018.05.28 03:03:18.209,1.54757,1.54777,1.69,1.31
2018.05.28 03:03:18.330,1.54758,1.54777,1.69,1.31
2018.05.28 03:03:18.757,1.54758,1.54777,1.37,1.31
2018.05.28 03:03:30.152,1.54757,1.54775,3.00,1.62
2018.05.28 03:03:36.209,1.54757,1.54775,1.69,1.37
2018.05.28 03:03:39.617,1.54757,1.54776,2.25,1.31
2018.05.28 03:03:43.704,1.54756,1.54773,2.06,1.00
2018.05.28 03:03:43.756,1.54757,1.54775,1.62,1.50
2018.05.28 03:03:44.417,1.54756,1.54775,1.56,2.06
2018.05.28 03:03:44.470,1.54754,1.54767,2.44,1.12
2018.05.28 03:03:44.522,1.54749,1.54764,1.00,1.12
2018.05.28 03:03:44.627,1.54746,1.5476,2.06,1.50
2018.05.28 03:03:44.731,1.54742,1.54759,1.31,1.00
2018.05.28 03:03:44.993,1.5474,1.54759,1.25,1.69
2018.05.28 03:03:45.197,1.5474,1.54755,1.00,1.00
2018.05.28 03:03:45.508,1.54748,1.54764,1.37,1.00
2018.05.28 03:03:45.713,1.54744,1.54761,1.12,1.00
2018.05.28 03:03:45.765,1.54741,1.54759,1.87,1.62
2018.05.28 03:03:45.920,1.54744,1.5476,1.12,1.19
2018.05.28 03:03:45.972,1.54743,1.5476,1.56,1.00
2018.05.28 03:03:46.098,1.54748,1.54765,1.00,1.00
2018.05.28 03:03:46.908,1.54748,1.54764,1.00,1.00
2018.05.28 03:03:47.412,1.54745,1.54764,2.06,1.31
2018.05.28 03:03:53.637,1.54746,1.54763,1.56,1.00
2018.05.28 03:03:54.105,1.54748,1.54767,1.62,2.81
2018.05.28 03:03:54.630,1.54747,1.54768,2.25,1.37
2018.05.28 03:03:55.200,1.54747,1.54768,2.25,1.12
2018.05.28 03:03:55.706,1.54747,1.54768,2.25,1.12
2018.05.28 03:03:56.246,1.54747,1.54768,2.25,1.12
2018.05.28 03:03:56.819,1.54747,1.54768,2.25,1.12
2018.05.28 03:03:57.345,1.5475,1.54768,1.00,1.44
2018.05.28 03:03:57.854,1.5475,1.54768,1.00,1.44
2018.05.28 03:03:58.634,1.5475,1.54768,1.00,1.44
2018.05.28 03:03:59.149,1.5475,1.54768,1.00,1.25
2018.05.28 03:03:59.409,1.54749,1.54767,1.25,1.37
2018.05.28 03:03:59.513,1.54749,1.54769,1.69,2.06
2018.05.28 03:04:00.214,1.5475,1.5477,1.56,1.31
2018.05.28 03:04:00.267,1.54752,1.5477,1.31,1.12
2018.05.28 03:04:00.320,1.54753,1.54772,2.06,1.12
2018.05.28 03:04:01.859,1.54753,1.54772,1.81,1.12
2018.05.28 03:04:01.912,1.54756,1.54774,1.19,1.50
2018.05.28 03:04:02.490,1.54754,1.54774,2.25,1.87
2018.05.28 03:04:03.053,1.54754,1.54774,1.56,1.87
2018.05.28 03:04:05.235,1.54756,1.54775,1.12,2.06
2018.05.28 03:04:05.399,1.54759,1.54776,1.44,1.00
2018.05.28 03:04:05.920,1.54757,1.54776,1.12,1.37
2018.05.28 03:04:10.324,1.5476,1.54776,1.31,1.00
2018.05.28 03:04:10.700,1.54758,1.54773,1.62,1.00
2018.05.28 03:04:11.672,1.54758,1.54772,1.62,1.00
2018.05.28 03:04:12.181,1.54758,1.54773,1.31,1.00
2018.05.28 03:04:12.485,1.54758,1.54772,1.19,1.00
2018.05.28 03:04:12.647,1.54754,1.54767,1.12,1.00
2018.05.28 03:04:12.699,1.54752,1.54766,1.00,1.00
2018.05.28 03:04:12.752,1.54748,1.54767,1.12,1.25
2018.05.28 03:04:12.804,1.54749,1.54765,1.00,1.00
2018.05.28 03:04:13.332,1.54749,1.54766,1.00,2.25
2018.05.28 03:04:25.478,1.54749,1.54766,1.19,1.00
2018.05.28 03:04:25.820,1.54749,1.54767,2.44,1.25
2018.05.28 03:04:26.472,1.54751,1.54768,1.56,1.19
2018.05.28 03:04:26.788,1.54757,1.54772,1.31,1.00
2018.05.28 03:04:27.251,1.54757,1.54774,1.31,1.00
2018.05.28 03:04:27.718,1.54755,1.54774,1.12,1.00
2018.05.28 03:04:27.822,1.54755,1.54772,1.12,1.00
2018.05.28 03:04:28.184,1.54755,1.54772,1.25,1.00
2018.05.28 03:04:29.212,1.54755,1.54771,1.25,1.00
2018.05.28 03:04:29.723,1.54755,1.54772,1.25,1.50
2018.05.28 03:04:30.673,1.54755,1.54771,1.25,1.00
2018.05.28 03:04:34.616,1.54755,1.5477,1.69,1.00
2018.05.28 03:04:35.099,1.54754,1.54772,1.56,1.87
2018.05.28 03:04:35.592,1.54754,1.5477,1.56,1.00
2018.05.28 03:04:36.084,1.54755,1.54773,1.50,1.25
2018.05.28 03:04:36.308,1.54757,1.54773,1.12,1.00
2018.05.28 03:04:36.864,1.54757,1.54774,1.12,1.00
2018.05.28 03:04:41.032,1.54761,1.54774,1.12,1.00
2018.05.28 03:04:41.700,1.54762,1.54774,1.37,1.00
2018.05.28 03:04:41.804,1.54764,1.54777,1.12,1.00
2018.05.28 03:04:41.858,1.54763,1.54777,1.00,1.00
2018.05.28 03:04:42.036,1.54755,1.5477,2.81,1.00
2018.05.28 03:04:42.345,1.54756,1.54772,1.25,1.00
2018.05.28 03:04:42.397,1.54754,1.54772,1.31,1.25
2018.05.28 03:04:42.449,1.54753,1.5477,1.00,1.00
2018.05.28 03:04:42.776,1.54751,1.54767,1.37,1.00
2018.05.28 03:04:43.288,1.54751,1.54766,1.56,1.00
2018.05.28 03:04:43.746,1.54748,1.54766,1.31,1.00
2018.05.28 03:04:44.106,1.54748,1.54762,1.31,1.00
2018.05.28 03:04:44.616,1.54748,1.54765,1.31,1.00
2018.05.28 03:04:45.136,1.54748,1.54764,1.31,1.00
2018.05.28 03:04:45.238,1.54748,1.54766,1.31,1.00
2018.05.28 03:04:45.758,1.54748,1.54764,1.31,1.00
2018.05.28 03:04:46.537,1.54748,1.54765,1.31,1.00
2018.05.28 03:04:46.920,1.54748,1.54765,1.12,1.69
2018.05.28 03:04:47.023,1.54748,1.54765,1.12,1.69
2018.05.28 03:04:47.179,1.54746,1.54764,1.75,1.00
2018.05.28 03:04:47.231,1.54748,1.54764,1.12,1.00
2018.05.28 03:04:47.540,1.54748,1.54767,1.12,1.69
2018.05.28 03:04:47.642,1.5475,1.54768,1.37,3.37
2018.05.28 03:04:47.964,1.54754,1.54771,1.25,1.50
2018.05.28 03:04:48.487,1.54754,1.5477,1.25,1.00
2018.05.28 03:04:49.803,1.54754,1.54769,1.00,1.00
2018.05.28 03:04:50.327,1.54754,1.5477,1.00,1.00
2018.05.28 03:04:53.282,1.54754,1.54769,1.00,1.00
2018.05.28 03:04:53.338,1.54754,1.54769,1.31,1.00
2018.05.28 03:04:53.392,1.54752,1.54769,1.56,1.00
2018.05.28 03:04:53.499,1.54756,1.5477,1.00,1.69
2018.05.28 03:04:53.553,1.54751,1.54771,1.31,1.00
2018.05.28 03:04:53.607,1.54755,1.54768,1.12,1.00
2018.05.28 03:04:53.768,1.54752,1.54768,2.00,1.00
2018.05.28 03:04:53.874,1.54754,1.54768,1.31,1.00
2018.05.28 03:04:53.927,1.54755,1.54773,1.00,1.69
2018.05.28 03:04:54.059,1.54756,1.54773,1.12,1.00
2018.05.28 03:04:54.487,1.54757,1.54771,1.25,1.00
2018.05.28 03:04:55.012,1.54757,1.5477,1.25,1.00
2018.05.28 03:04:56.318,1.54757,1.54771,1.25,1.00
2018.05.28 03:04:57.309,1.54757,1.5477,1.25,1.00
2018.05.28 03:04:58.403,1.54754,1.54772,1.81,1.00
2018.05.28 03:04:58.932,1.54754,1.54772,1.56,1.00
2018.05.28 03:05:00.247,1.54756,1.54776,2.06,1.50
2018.05.28 03:05:00.405,1.5476,1.54778,1.25,1.37
2018.05.28 03:05:00.458,1.54761,1.5478,1.12,4.12
2018.05.28 03:05:00.722,1.54762,1.54779,1.56,1.25
2018.05.28 03:05:02.036,1.54764,1.54781,1.56,1.87
2018.05.28 03:05:02.477,1.54765,1.54783,1.00,1.50
2018.05.28 03:05:03.149,1.54765,1.54782,1.00,1.00
2018.05.28 03:05:03.679,1.54764,1.54783,1.37,1.50
2018.05.28 03:05:05.269,1.54764,1.54782,1.56,1.00
2018.05.28 03:05:05.480,1.54763,1.54775,1.31,1.00
2018.05.28 03:05:05.533,1.54763,1.54782,1.31,1.25
2018.05.28 03:05:05.659,1.54766,1.54784,1.00,1.69
2018.05.28 03:05:05.763,1.54764,1.54779,1.50,1.00
2018.05.28 03:05:06.022,1.54763,1.54779,1.31,1.25
2018.05.28 03:05:06.610,1.54763,1.54782,1.62,2.06
2018.05.28 03:05:08.698,1.54762,1.5478,1.69,1.31
2018.05.28 03:05:13.992,1.54762,1.54778,1.69,1.00
2018.05.28 03:05:14.494,1.54762,1.5478,1.56,1.31
2018.05.28 03:05:19.612,1.54762,1.54775,1.56,1.00
2018.05.28 03:05:20.170,1.54762,1.54776,1.69,1.00
2018.05.28 03:05:20.222,1.54762,1.54779,1.69,1.25
2018.05.28 03:05:21.644,1.54762,1.54777,1.69,1.00
2018.05.28 03:05:22.076,1.54764,1.54777,1.12,1.00
2018.05.28 03:05:22.128,1.54769,1.54783,1.00,1.50
2018.05.28 03:05:22.621,1.54768,1.54785,1.56,1.25
2018.05.28 03:05:23.151,1.54768,1.54784,1.56,1.00
2018.05.28 03:05:25.253,1.54768,1.54785,1.56,1.25
2018.05.28 03:05:25.787,1.5477,1.54786,1.31,1.25
2018.05.28 03:05:25.891,1.54772,1.54789,1.31,1.00
2018.05.28 03:05:26.140,1.54769,1.54787,1.12,1.00
2018.05.28 03:05:26.193,1.54769,1.54787,1.00,1.00
2018.05.28 03:05:26.298,1.54771,1.54787,1.00,1.00
2018.05.28 03:05:27.784,1.54771,1.54787,1.37,1.00
2018.05.28 03:05:28.626,1.5477,1.54787,1.69,1.00
2018.05.28 03:05:28.902,1.5477,1.5478,1.00,1.00
2018.05.28 03:05:29.031,1.54767,1.54781,1.69,1.00
2018.05.28 03:05:29.087,1.54769,1.54781,1.00,1.00
2018.05.28 03:05:29.297,1.54769,1.54785,1.00,2.06
2018.05.28 03:05:29.562,1.54768,1.54787,2.44,2.44
2018.05.28 03:05:30.082,1.54769,1.54787,1.50,1.25
2018.05.28 03:05:30.426,1.54769,1.54784,1.50,1.00
2018.05.28 03:05:31.078,1.54768,1.54785,1.44,2.06
2018.05.28 03:05:32.705,1.54767,1.54786,1.37,1.69
2018.05.28 03:05:36.583,1.54768,1.54784,1.44,1.00
2018.05.28 03:05:36.687,1.54771,1.54787,1.00,1.12
2018.05.28 03:05:36.792,1.5477,1.54784,1.75,1.00
2018.05.28 03:05:37.105,1.54768,1.54784,2.06,1.00
2018.05.28 03:05:37.211,1.54768,1.54784,1.50,1.25
2018.05.28 03:05:37.265,1.54766,1.54783,1.00,1.31
2018.05.28 03:05:37.784,1.54764,1.54782,2.25,1.25
2018.05.28 03:05:40.024,1.54764,1.54783,1.75,2.06
2018.05.28 03:05:42.783,1.54765,1.54782,1.94,1.00
2018.05.28 03:05:43.097,1.54768,1.54784,1.81,1.25
2018.05.28 03:05:43.149,1.54766,1.54784,1.50,1.69
2018.05.28 03:05:43.203,1.54765,1.54782,2.06,1.25
2018.05.28 03:05:43.256,1.54761,1.54782,2.25,2.06
2018.05.28 03:05:43.846,1.5476,1.5478,3.00,1.12
2018.05.28 03:05:44.370,1.5476,1.54779,2.06,1.00
2018.05.28 03:05:46.606,1.5476,1.54776,1.12,1.00
2018.05.28 03:05:47.117,1.54758,1.54775,1.75,1.00
2018.05.28 03:05:47.445,1.54761,1.54772,1.19,1.00
2018.05.28 03:05:47.497,1.54759,1.54772,1.37,1.00
2018.05.28 03:05:47.651,1.54755,1.54765,1.00,1.00
2018.05.28 03:05:47.704,1.54752,1.5477,1.56,1.12
2018.05.28 03:05:47.756,1.5475,1.54766,1.12,1.00
2018.05.28 03:05:48.296,1.54749,1.54764,1.31,1.00
2018.05.28 03:05:48.349,1.54749,1.54766,1.31,1.00
2018.05.28 03:05:48.662,1.54753,1.54765,1.00,1.00
2018.05.28 03:05:49.185,1.5475,1.54766,1.31,1.00
2018.05.28 03:05:49.957,1.5475,1.54767,1.12,1.50
2018.05.28 03:05:50.539,1.5475,1.54765,1.12,1.00
2018.05.28 03:05:51.872,1.54749,1.54766,2.00,1.00
2018.05.28 03:05:52.300,1.54749,1.54764,2.00,1.00
2018.05.28 03:05:52.805,1.54749,1.54766,2.00,1.50
2018.05.28 03:05:55.878,1.54751,1.54767,1.25,1.00
2018.05.28 03:05:56.036,1.54747,1.54767,1.94,1.00
2018.05.28 03:05:56.088,1.5475,1.54767,1.37,1.19
2018.05.28 03:05:56.269,1.54748,1.54768,1.31,1.25
2018.05.28 03:05:56.322,1.54748,1.54766,1.94,1.00
2018.05.28 03:05:56.476,1.54748,1.54768,1.94,1.25
2018.05.28 03:05:56.579,1.54748,1.54766,1.94,1.00
2018.05.28 03:05:58.182,1.54748,1.54765,1.75,1.00
2018.05.28 03:05:58.286,1.54752,1.54768,1.00,1.00
2018.05.28 03:05:59.890,1.54748,1.54768,1.94,1.00
2018.05.28 03:06:00.201,1.5475,1.54767,1.19,1.20
2018.05.28 03:06:00.254,1.54749,1.54769,2.19,1.76
2018.05.28 03:06:00.540,1.54752,1.54769,1.12,1.69
2018.05.28 03:06:00.856,1.54749,1.54766,1.37,1.25
2018.05.28 03:06:00.960,1.54749,1.54766,1.37,1.19
2018.05.28 03:06:01.065,1.54748,1.54765,1.31,1.00
2018.05.28 03:06:01.226,1.54749,1.54767,1.62,2.25
2018.05.28 03:06:01.746,1.54749,1.54767,1.56,1.31
2018.05.28 03:06:03.144,1.54749,1.54767,1.56,1.31
2018.05.28 03:06:03.405,1.54753,1.54771,1.75,1.12
2018.05.28 03:06:03.510,1.54753,1.54769,1.81,1.00
2018.05.28 03:06:04.052,1.54752,1.5477,1.25,1.00
2018.05.28 03:06:04.208,1.5475,1.5477,1.31,1.87
2018.05.28 03:06:04.727,1.5475,1.54767,1.12,1.12
2018.05.28 03:06:05.225,1.5475,1.54768,1.31,1.50
2018.05.28 03:06:05.332,1.54752,1.54772,2.44,1.50
2018.05.28 03:06:05.854,1.54752,1.5477,1.81,1.00
2018.05.28 03:06:05.908,1.54755,1.54773,1.19,1.69
2018.05.28 03:06:06.195,1.54755,1.54773,1.44,1.00
2018.05.28 03:06:06.714,1.54755,1.54773,3.37,1.50
2018.05.28 03:06:07.025,1.54756,1.54775,1.44,1.69
2018.05.28 03:06:07.076,1.54761,1.54778,1.25,1.95
2018.05.28 03:06:07.616,1.54759,1.54777,1.94,1.12
2018.05.28 03:06:08.445,1.54757,1.54777,1.69,1.87
2018.05.28 03:06:09.775,1.54756,1.54775,1.69,1.12
2018.05.28 03:06:09.880,1.54755,1.54775,2.44,1.87
2018.05.28 03:06:10.402,1.54755,1.54772,1.94,1.00
2018.05.28 03:06:11.885,1.54757,1.54773,1.37,1.00
2018.05.28 03:06:12.404,1.54755,1.54774,2.44,1.00
2018.05.28 03:06:13.201,1.54755,1.54773,2.44,1.00
2018.05.28 03:06:13.481,1.54753,1.54771,2.06,1.00
2018.05.28 03:06:13.586,1.54751,1.54764,1.31,1.00
2018.05.28 03:06:13.640,1.54753,1.54772,2.06,2.51
2018.05.28 03:06:14.160,1.54752,1.54771,1.94,1.50
2018.05.28 03:06:14.845,1.54752,1.54771,1.19,1.87
2018.05.28 03:06:21.739,1.54754,1.5477,1.00,1.50
2018.05.28 03:06:22.152,1.54755,1.54773,2.25,1.00
2018.05.28 03:06:22.496,1.54759,1.54779,1.56,2.44
2018.05.28 03:06:22.802,1.54759,1.54775,1.62,1.00
2018.05.28 03:06:23.160,1.54759,1.54777,1.62,1.00
2018.05.28 03:06:23.934,1.54759,1.54778,1.62,1.31
2018.05.28 03:06:25.127,1.54763,1.54778,1.00,1.25
2018.05.28 03:06:25.653,1.5476,1.54778,1.12,1.31
2018.05.28 03:06:27.355,1.54757,1.54768,1.69,1.37
2018.05.28 03:06:27.459,1.54747,1.54766,2.44,1.12
2018.05.28 03:06:27.615,1.54749,1.54767,1.25,1.00
2018.05.28 03:06:27.772,1.54746,1.54764,1.19,1.62
2018.05.28 03:06:28.276,1.54746,1.54763,1.37,2.44
2018.05.28 03:06:28.794,1.54743,1.54763,1.81,4.31
2018.05.28 03:06:32.515,1.54743,1.54763,1.81,3.56
2018.05.28 03:06:32.668,1.54748,1.54764,1.56,1.00
2018.05.28 03:06:33.203,1.54748,1.54763,2.06,1.00
2018.05.28 03:06:33.257,1.54748,1.54767,2.06,1.12
2018.05.28 03:06:35.938,1.54752,1.5477,2.06,1.31
2018.05.28 03:06:36.182,1.54751,1.54769,1.12,1.19
2018.05.28 03:06:36.340,1.54754,1.5477,1.00,1.69
2018.05.28 03:06:36.609,1.54753,1.54772,1.25,1.69
2018.05.28 03:06:37.366,1.54753,1.54772,1.62,1.25
2018.05.28 03:06:37.737,1.5475,1.5477,1.62,1.87
2018.05.28 03:06:38.235,1.54751,1.54766,1.31,1.00
2018.05.28 03:06:38.339,1.54751,1.54765,1.00,1.00
2018.05.28 03:06:38.497,1.54751,1.5477,1.00,1.50
2018.05.28 03:06:38.861,1.54751,1.54767,1.00,1.00
2018.05.28 03:06:39.412,1.54751,1.5477,1.50,1.87
2018.05.28 03:06:40.190,1.54751,1.5477,1.50,1.12
2018.05.28 03:06:40.721,1.54751,1.5477,2.25,1.12
2018.05.28 03:06:41.067,1.54755,1.54773,1.87,1.00
2018.05.28 03:06:41.428,1.54755,1.54769,1.87,1.00
2018.05.28 03:06:41.757,1.54756,1.54774,1.44,1.25
2018.05.28 03:06:42.497,1.54753,1.54769,1.69,1.19
2018.05.28 03:06:42.549,1.54751,1.54769,1.69,1.69
2018.05.28 03:06:42.601,1.5475,1.54768,1.87,1.56
2018.05.28 03:06:43.166,1.54748,1.5476,1.12,1.00
2018.05.28 03:06:43.219,1.54743,1.5476,3.00,1.00
2018.05.28 03:06:43.324,1.5474,1.54759,1.00,1.69
2018.05.28 03:06:43.377,1.54738,1.54753,2.06,1.00
2018.05.28 03:06:43.671,1.54739,1.54755,1.37,1.00
2018.05.28 03:06:45.609,1.54739,1.54756,1.19,1.00
2018.05.28 03:06:46.133,1.54739,1.54755,1.19,1.00
2018.05.28 03:06:49.569,1.54739,1.54755,1.00,1.00
2018.05.28 03:06:50.082,1.54739,1.54756,1.00,1.00
2018.05.28 03:06:52.538,1.54735,1.54756,1.12,1.69
2018.05.28 03:06:52.590,1.54737,1.54753,1.25,1.00
2018.05.28 03:06:53.558,1.54737,1.54752,1.25,1.00
2018.05.28 03:06:57.336,1.54737,1.54752,1.69,1.00
2018.05.28 03:06:57.389,1.54737,1.54755,1.69,1.00
2018.05.28 03:06:57.441,1.54738,1.54754,2.25,1.00
2018.05.28 03:06:57.494,1.5474,1.54756,1.56,1.00
2018.05.28 03:06:58.023,1.5474,1.54757,2.06,1.00
2018.05.28 03:06:59.116,1.5474,1.54757,1.50,1.00
2018.05.28 03:06:59.170,1.54743,1.54759,1.56,1.50
2018.05.28 03:06:59.483,1.54747,1.54763,1.37,1.00
2018.05.28 03:06:59.543,1.54747,1.54763,1.69,1.00
2018.05.28 03:06:59.596,1.54747,1.54763,2.44,1.00
2018.05.28 03:06:59.856,1.54747,1.54763,2.44,1.00
2018.05.28 03:06:59.908,1.54747,1.54765,2.62,1.00
2018.05.28 03:07:00.166,1.54748,1.54767,1.50,1.31
2018.05.28 03:07:00.329,1.5475,1.54768,1.50,1.00
2018.05.28 03:07:00.434,1.54752,1.54768,1.69,1.00
2018.05.28 03:07:00.954,1.54752,1.54769,1.87,1.19
2018.05.28 03:07:01.283,1.54752,1.5477,2.06,1.12
2018.05.28 03:07:05.140,1.54754,1.54769,1.19,1.00
2018.05.28 03:07:05.662,1.54751,1.5477,1.87,1.12
2018.05.28 03:07:06.164,1.54752,1.54769,1.12,1.00
2018.05.28 03:07:06.791,1.54751,1.5477,3.19,1.00
2018.05.28 03:07:09.246,1.54753,1.54771,1.50,1.25
2018.05.28 03:07:10.184,1.54752,1.54772,1.50,2.06
2018.05.28 03:07:10.395,1.54752,1.5477,2.44,1.87
2018.05.28 03:07:10.696,1.54746,1.54765,1.19,1.56
2018.05.28 03:07:12.362,1.54748,1.54766,1.19,1.87
2018.05.28 03:07:17.714,1.54744,1.54764,1.87,1.12
2018.05.28 03:07:17.819,1.54743,1.54761,1.19,1.50
2018.05.28 03:07:17.922,1.54741,1.5476,1.69,1.50
2018.05.28 03:07:19.368,1.54741,1.5476,1.87,1.25
2018.05.28 03:07:19.676,1.54745,1.54764,1.31,2.25
2018.05.28 03:07:19.933,1.54746,1.54765,1.87,1.50
2018.05.28 03:07:20.061,1.54748,1.54766,1.31,1.69
2018.05.28 03:07:20.576,1.54749,1.54766,1.62,1.19
2018.05.28 03:07:20.862,1.54748,1.54766,2.62,1.19
2018.05.28 03:07:20.962,1.54748,1.54766,2.62,1.25
2018.05.28 03:07:21.431,1.54749,1.54768,2.81,1.00
2018.05.28 03:07:21.533,1.5475,1.54768,1.31,1.00
2018.05.28 03:07:23.925,1.54752,1.5477,1.44,1.25
2018.05.28 03:07:25.348,1.54752,1.54769,1.37,1.00
2018.05.28 03:07:25.400,1.54752,1.54771,1.37,1.25
2018.05.28 03:07:25.453,1.54753,1.54772,1.50,1.50
2018.05.28 03:07:25.800,1.54755,1.54772,1.87,1.12
2018.05.28 03:07:27.046,1.54755,1.54774,1.31,1.69
2018.05.28 03:07:27.675,1.54755,1.54773,1.12,1.19
2018.05.28 03:07:27.837,1.54752,1.54769,1.31,1.12
2018.05.28 03:07:28.284,1.5475,1.54769,3.94,1.00
2018.05.28 03:07:29.474,1.54753,1.54774,2.06,2.06
2018.05.28 03:07:29.528,1.54755,1.54774,1.31,1.12
2018.05.28 03:07:29.841,1.54751,1.5477,1.44,1.69
2018.05.28 03:07:29.892,1.54751,1.5477,1.00,1.69
2018.05.28 03:07:30.414,1.5475,1.5477,1.50,1.69
2018.05.28 03:07:30.570,1.54752,1.54771,1.00,2.81
2018.05.28 03:07:30.829,1.54751,1.54772,2.25,2.06
2018.05.28 03:07:31.341,1.5475,1.54771,2.62,3.56
2018.05.28 03:07:31.933,1.5475,1.54771,2.62,3.56
2018.05.28 03:07:34.642,1.5475,1.54768,1.12,1.00
2018.05.28 03:07:34.694,1.54754,1.54769,1.12,1.00
2018.05.28 03:07:34.747,1.54754,1.54771,1.31,1.25
2018.05.28 03:07:34.799,1.54753,1.54772,1.12,1.00
2018.05.28 03:07:35.327,1.54753,1.54773,1.12,2.81
2018.05.28 03:07:35.762,1.54754,1.54774,2.06,1.87
2018.05.28 03:07:35.815,1.54758,1.54775,1.00,2.44
2018.05.28 03:07:35.868,1.54757,1.54776,1.00,3.56
2018.05.28 03:07:35.921,1.54758,1.54775,1.00,1.31
2018.05.28 03:07:36.287,1.54759,1.54777,1.37,2.25
2018.05.28 03:07:36.340,1.54758,1.54776,1.00,1.44
2018.05.28 03:07:40.304,1.54758,1.54776,1.19,1.25
2018.05.28 03:07:40.668,1.54757,1.54774,2.06,1.00
2018.05.28 03:07:40.982,1.54754,1.54774,3.00,1.81
2018.05.28 03:07:42.883,1.54756,1.54774,2.06,1.19
2018.05.28 03:07:42.988,1.54759,1.54778,1.19,1.69
2018.05.28 03:07:43.280,1.54759,1.54777,2.44,1.19
2018.05.28 03:07:43.925,1.54756,1.54775,2.62,1.37
2018.05.28 03:07:47.368,1.54757,1.54776,1.31,1.69
2018.05.28 03:07:47.881,1.54758,1.54778,3.56,1.87
2018.05.28 03:07:48.502,1.54758,1.54778,2.81,2.06
2018.05.28 03:08:00.150,1.54759,1.54778,1.87,1.69
2018.05.28 03:08:00.203,1.5476,1.54779,2.06,1.19
2018.05.28 03:08:00.255,1.54762,1.5478,1.62,1.12
2018.05.28 03:08:00.307,1.54765,1.54782,1.81,1.12
2018.05.28 03:08:00.814,1.54764,1.5478,2.06,1.00
2018.05.28 03:08:00.866,1.54763,1.54782,1.94,2.44
2018.05.28 03:08:00.918,1.54764,1.54781,1.12,1.12
2018.05.28 03:08:00.970,1.54763,1.54781,1.50,1.31
2018.05.28 03:08:01.072,1.54762,1.54781,1.81,1.69
2018.05.28 03:08:01.124,1.54761,1.5478,2.62,1.12
2018.05.28 03:08:02.198,1.54762,1.54782,1.94,1.12
2018.05.28 03:08:02.576,1.54762,1.54782,2.44,1.37
2018.05.28 03:08:03.104,1.54763,1.54781,1.12,1.00
2018.05.28 03:08:03.545,1.54763,1.54782,2.44,1.56
2018.05.28 03:08:03.956,1.54763,1.54781,1.12,2.44
2018.05.28 03:08:05.165,1.54761,1.5478,1.50,1.37
2018.05.28 03:08:05.270,1.5476,1.5478,2.81,2.06
2018.05.28 03:08:05.805,1.54761,1.5478,1.31,1.56
2018.05.28 03:08:09.203,1.5476,1.5478,1.56,1.56
2018.05.28 03:08:11.871,1.54762,1.54781,2.25,1.00
2018.05.28 03:08:11.924,1.54764,1.54782,1.31,1.69
2018.05.28 03:08:12.467,1.54764,1.54781,1.12,1.12
2018.05.28 03:08:12.571,1.54762,1.54781,1.37,2.44
2018.05.28 03:08:13.097,1.54761,1.54781,1.69,1.69
2018.05.28 03:08:19.190,1.54761,1.54781,1.69,1.69
2018.05.28 03:08:23.966,1.54765,1.54782,1.44,1.37
2018.05.28 03:08:24.018,1.54765,1.54783,2.06,2.25
2018.05.28 03:08:24.070,1.54766,1.54785,1.87,1.69
2018.05.28 03:08:24.175,1.54766,1.54785,1.87,1.69
2018.05.28 03:08:24.806,1.54766,1.54784,1.69,1.25
2018.05.28 03:08:25.477,1.54766,1.54784,1.19,1.00
2018.05.28 03:08:26.107,1.54766,1.54785,1.19,1.69
2018.05.28 03:08:34.736,1.54766,1.54785,3.37,1.19
2018.05.28 03:08:35.879,1.54765,1.54784,1.31,2.25
2018.05.28 03:08:35.931,1.54765,1.54784,2.06,3.56
2018.05.28 03:08:35.984,1.54765,1.54784,1.31,2.81
2018.05.28 03:08:36.534,1.54765,1.54784,3.00,2.81
2018.05.28 03:08:40.866,1.54765,1.54784,3.00,2.81
2018.05.28 03:08:41.020,1.54765,1.54784,3.00,3.00
2018.05.28 03:08:59.160,1.54765,1.54784,2.44,2.06
2018.05.28 03:08:59.928,1.54765,1.54784,2.44,2.06
2018.05.28 03:09:00.475,1.54765,1.54785,3.75,2.81
2018.05.28 03:09:05.163,1.54765,1.54785,1.87,2.44
2018.05.28 03:09:05.678,1.54765,1.54784,2.06,1.62
2018.05.28 03:09:10.161,1.54766,1.54785,1.56,2.06
2018.05.28 03:09:10.213,1.54768,1.54786,1.19,1.44
2018.05.28 03:09:10.526,1.54781,1.54793,1.00,3.00
2018.05.28 03:09:10.689,1.54782,1.54797,1.00,1.00
2018.05.28 03:09:10.741,1.54778,1.54795,1.19,1.00
2018.05.28 03:09:10.793,1.54778,1.54795,1.69,1.25
2018.05.28 03:09:11.154,1.54777,1.54796,1.69,1.56
2018.05.28 03:09:11.805,1.54777,1.54796,1.81,1.37
2018.05.28 03:09:12.334,1.54777,1.54796,1.56,1.56
2018.05.28 03:09:13.306,1.54777,1.54796,1.56,1.62
2018.05.28 03:09:20.447,1.5478,1.54799,1.94,1.50
2018.05.28 03:09:20.612,1.54781,1.54802,4.12,2.25
2018.05.28 03:09:20.664,1.54781,1.54801,3.37,1.50
2018.05.28 03:09:21.183,1.54781,1.54801,2.44,1.69
2018.05.28 03:09:23.012,1.5478,1.54802,2.25,2.06
2018.05.28 03:09:23.878,1.54779,1.54799,1.87,1.12
2018.05.28 03:09:30.054,1.54783,1.548,1.12,1.25
2018.05.28 03:09:30.367,1.54783,1.54803,1.50,2.06
2018.05.28 03:09:30.872,1.54783,1.54804,3.00,1.31
2018.05.28 03:09:31.210,1.54786,1.54805,1.31,2.62
2018.05.28 03:09:31.532,1.54782,1.54801,1.44,1.00
2018.05.28 03:09:33.414,1.54782,1.54801,1.44,1.00
2018.05.28 03:09:35.202,1.54781,1.54799,1.12,1.19
2018.05.28 03:09:35.509,1.54782,1.54802,1.56,2.06
2018.05.28 03:09:35.830,1.54783,1.54804,1.12,1.69
2018.05.28 03:09:37.477,1.54784,1.54805,1.87,1.87
2018.05.28 03:09:37.581,1.54786,1.54805,1.50,1.31
2018.05.28 03:09:37.685,1.54785,1.54805,1.81,2.06
2018.05.28 03:09:44.527,1.54784,1.54803,1.50,1.50
2018.05.28 03:09:44.634,1.54788,1.54805,1.31,1.31
2018.05.28 03:09:44.687,1.54786,1.54805,1.69,2.06
2018.05.28 03:09:49.976,1.54784,1.54804,4.50,1.62
2018.05.28 03:09:55.008,1.54781,1.54796,3.19,1.00
2018.05.28 03:09:55.062,1.54781,1.54796,1.00,1.00
2018.05.28 03:09:55.115,1.54777,1.54793,1.25,1.12
2018.05.28 03:09:55.378,1.54771,1.54789,1.31,1.12
2018.05.28 03:10:00.178,1.54775,1.54793,1.31,2.62
2018.05.28 03:10:00.231,1.54775,1.54793,1.31,1.44
2018.05.28 03:10:00.283,1.54778,1.54794,1.87,3.94
2018.05.28 03:10:00.336,1.54778,1.54795,1.56,1.62
2018.05.28 03:10:00.388,1.5478,1.54797,1.31,1.31
2018.05.28 03:10:00.441,1.5478,1.54799,1.50,2.06
2018.05.28 03:10:00.545,1.54782,1.54799,1.31,1.25
2018.05.28 03:10:01.827,1.54782,1.54798,2.06,1.00
2018.05.28 03:10:02.035,1.54781,1.54798,1.69,1.19
2018.05.28 03:10:05.179,1.5478,1.54798,1.37,1.50
2018.05.28 03:10:05.492,1.54774,1.54788,1.12,1.69
2018.05.28 03:10:05.628,1.54769,1.54785,1.00,1.87
2018.05.28 03:10:05.689,1.54766,1.54785,3.94,1.12
2018.05.28 03:10:06.253,1.54765,1.54783,1.00,2.25
2018.05.28 03:10:06.356,1.54763,1.5478,1.00,1.00
2018.05.28 03:10:06.889,1.54763,1.54781,1.00,1.69
2018.05.28 03:10:07.094,1.54764,1.54781,1.31,1.00
2018.05.28 03:10:07.670,1.54763,1.54782,1.69,1.37
2018.05.28 03:10:14.496,1.54763,1.54782,1.75,1.62
2018.05.28 03:10:18.799,1.54765,1.54782,1.19,1.00
2018.05.28 03:10:23.163,1.54765,1.54782,1.25,1.00
2018.05.28 03:10:23.744,1.54765,1.54782,1.19,1.00
2018.05.28 03:10:24.931,1.54765,1.54782,1.25,1.00
2018.05.28 03:10:28.018,1.54765,1.54781,1.25,1.00
2018.05.28 03:10:33.285,1.54766,1.54781,1.12,1.00
2018.05.28 03:10:33.337,1.54764,1.54781,1.31,1.00
2018.05.28 03:10:41.814,1.54765,1.54781,1.31,1.00
2018.05.28 03:10:41.905,1.54765,1.54781,1.25,1.00
2018.05.28 03:10:42.390,1.54762,1.54779,1.81,1.00
2018.05.28 03:10:42.495,1.54763,1.5478,1.12,1.12
2018.05.28 03:10:42.654,1.54766,1.54782,1.12,1.69
2018.05.28 03:10:42.707,1.54768,1.54785,1.00,1.50
2018.05.28 03:10:42.812,1.54768,1.54786,1.12,1.19
2018.05.28 03:10:42.959,1.54768,1.54786,1.00,1.69
2018.05.28 03:10:43.625,1.54768,1.54786,1.00,1.50
2018.05.28 03:10:44.668,1.54766,1.54786,1.62,1.37
2018.05.28 03:10:46.642,1.54766,1.54784,1.00,1.00
2018.05.28 03:10:46.805,1.54765,1.54783,1.62,1.31
2018.05.28 03:10:46.859,1.54765,1.54784,1.50,1.00
2018.05.28 03:10:47.174,1.54765,1.54782,2.81,1.00
2018.05.28 03:10:47.425,1.54765,1.54782,2.06,1.12
2018.05.28 03:10:50.254,1.54764,1.54782,1.00,2.06
2018.05.28 03:10:50.848,1.54762,1.54782,1.62,1.37
2018.05.28 03:10:51.751,1.54762,1.5478,1.25,1.00
2018.05.28 03:10:51.803,1.54761,1.5478,1.31,1.12
2018.05.28 03:10:52.321,1.5476,1.5478,1.50,1.87
2018.05.28 03:10:52.662,1.54763,1.5478,1.37,1.00
2018.05.28 03:10:53.173,1.54763,1.54781,2.06,1.12
2018.05.28 03:10:57.118,1.54762,1.54781,1.56,1.37
2018.05.28 03:10:57.226,1.54761,1.54779,2.06,1.37
2018.05.28 03:10:57.278,1.54762,1.5478,1.25,1.50
2018.05.28 03:10:57.537,1.54764,1.54781,1.25,1.00
2018.05.28 03:10:58.061,1.54764,1.54782,1.25,1.00
2018.05.28 03:11:00.200,1.54765,1.54782,1.69,1.25
2018.05.28 03:11:00.515,1.54768,1.54784,1.19,1.00
2018.05.28 03:11:03.019,1.54768,1.54784,1.25,1.00
2018.05.28 03:11:04.532,1.54767,1.54783,2.44,1.00
2018.05.28 03:11:04.842,1.54767,1.54785,1.19,1.12
2018.05.28 03:11:05.361,1.54766,1.54785,4.69,1.00
2018.05.28 03:11:16.669,1.54768,1.54785,1.31,1.19
2018.05.28 03:11:18.515,1.54767,1.54785,1.69,1.00
2018.05.28 03:11:20.090,1.54768,1.54785,1.31,1.00
2018.05.28 03:11:42.680,1.54766,1.54785,3.00,1.19
2018.05.28 03:11:56.063,1.5477,1.54787,1.00,1.44
2018.05.28 03:11:56.154,1.5477,1.54787,1.19,1.50
2018.05.28 03:11:56.677,1.54769,1.54788,1.31,1.81
2018.05.28 03:11:57.520,1.54768,1.54785,2.44,1.37
2018.05.28 03:11:58.037,1.54766,1.54785,1.62,1.56
2018.05.28 03:12:00.171,1.54768,1.54787,1.50,1.87
2018.05.28 03:12:00.224,1.5477,1.54789,1.69,2.25
2018.05.28 03:12:00.277,1.54771,1.54789,2.81,1.19
2018.05.28 03:12:00.330,1.54771,1.54791,3.00,3.75
2018.05.28 03:12:00.872,1.54771,1.54791,4.50,1.81
2018.05.28 03:12:01.463,1.54771,1.54791,4.50,1.81
2018.05.28 03:12:01.905,1.54771,1.54791,4.50,1.75
2018.05.28 03:12:02.010,1.54771,1.54786,2.44,1.31
2018.05.28 03:12:02.114,1.54773,1.54789,1.00,1.56
2018.05.28 03:12:02.167,1.54772,1.5479,3.19,1.31
2018.05.28 03:12:02.319,1.54773,1.5479,1.25,1.31
2018.05.28 03:12:02.371,1.54771,1.54789,1.50,1.19
2018.05.28 03:12:02.424,1.54774,1.54793,1.31,1.69
2018.05.28 03:12:02.476,1.54772,1.54792,1.37,2.06
2018.05.28 03:12:02.978,1.54771,1.54792,2.81,1.56
2018.05.28 03:12:03.499,1.54771,1.54792,2.81,1.81
2018.05.28 03:12:04.130,1.54771,1.54792,3.94,1.81
2018.05.28 03:12:04.688,1.54772,1.5479,1.62,1.00
2018.05.28 03:12:04.795,1.54772,1.5479,1.50,1.19
2018.05.28 03:12:05.577,1.54772,1.5479,1.69,1.00
2018.05.28 03:12:07.358,1.54772,1.5479,1.87,1.00
2018.05.28 03:12:07.897,1.54772,1.54792,1.69,1.31
2018.05.28 03:12:09.559,1.54771,1.54789,1.12,1.56
2018.05.28 03:12:09.767,1.54767,1.54785,1.44,1.00
2018.05.28 03:12:09.820,1.54766,1.54787,2.06,3.00
2018.05.28 03:12:09.872,1.54769,1.54787,1.12,2.06
2018.05.28 03:12:10.111,1.54768,1.54787,1.69,1.31
2018.05.28 03:12:11.019,1.54768,1.54789,1.50,2.06
2018.05.28 03:12:11.073,1.54769,1.54789,1.87,2.06
2018.05.28 03:12:11.180,1.54771,1.5479,1.19,1.00
2018.05.28 03:12:11.547,1.5477,1.54788,1.69,1.00
2018.05.28 03:12:11.856,1.54764,1.54782,1.25,1.12
2018.05.28 03:12:11.908,1.54765,1.54783,1.00,1.69
2018.05.28 03:12:11.960,1.54762,1.54783,3.00,2.06
2018.05.28 03:12:12.269,1.54758,1.54775,1.00,1.37
2018.05.28 03:12:14.327,1.54758,1.54774,1.00,1.37
2018.05.28 03:12:15.104,1.54757,1.54774,1.25,1.37
2018.05.28 03:12:37.210,1.54756,1.54774,1.00,1.37
2018.05.28 03:12:37.785,1.54756,1.54776,2.44,1.37
2018.05.28 03:12:37.842,1.54762,1.54779,1.00,1.00
2018.05.28 03:12:38.051,1.54756,1.54776,1.50,1.31
2018.05.28 03:12:38.615,1.54756,1.54776,1.12,2.25
2018.05.28 03:12:56.213,1.54754,1.54776,2.25,2.06
2018.05.28 03:12:57.931,1.54754,1.54774,2.44,1.37
2018.05.28 03:13:00.179,1.54756,1.54775,2.00,1.00
2018.05.28 03:13:00.496,1.54761,1.54779,1.00,1.56
2018.05.28 03:13:00.708,1.54764,1.54782,1.12,3.00
2018.05.28 03:13:01.234,1.54765,1.54782,1.50,1.87
2018.05.28 03:13:02.029,1.54763,1.54782,2.44,1.87
2018.05.28 03:13:05.186,1.54766,1.54784,1.31,2.25
2018.05.28 03:13:05.511,1.54763,1.54777,1.56,1.00
2018.05.28 03:13:05.565,1.54764,1.54779,1.50,1.31
2018.05.28 03:13:05.619,1.54764,1.54776,1.00,1.37
2018.05.28 03:13:05.672,1.54759,1.54776,1.69,1.87
2018.05.28 03:13:05.725,1.54758,1.54771,2.06,1.00
2018.05.28 03:13:05.834,1.54756,1.54771,1.00,1.25
2018.05.28 03:13:06.352,1.54755,1.54772,1.50,1.19
2018.05.28 03:13:06.752,1.54755,1.54772,1.50,1.00
2018.05.28 03:13:07.977,1.54756,1.54773,1.31,1.00
2018.05.28 03:13:08.494,1.54756,1.54774,1.31,1.31
2018.05.28 03:13:10.255,1.54755,1.54772,1.19,1.50
2018.05.28 03:13:10.361,1.54754,1.54773,2.06,1.87
2018.05.28 03:13:10.414,1.54754,1.54773,2.25,1.87
2018.05.28 03:13:13.126,1.54754,1.54773,1.50,1.12
2018.05.28 03:13:14.001,1.54755,1.54772,1.69,1.00
2018.05.28 03:13:17.762,1.54754,1.54772,1.87,1.00
2018.05.28 03:13:18.292,1.54753,1.54773,2.44,2.06
2018.05.28 03:13:19.478,1.54753,1.54772,1.50,1.87
2018.05.28 03:13:25.931,1.54758,1.54775,1.31,1.00
2018.05.28 03:13:25.984,1.54758,1.54776,1.12,1.00
2018.05.28 03:13:26.089,1.54759,1.54776,1.12,1.69
2018.05.28 03:13:26.142,1.54758,1.54775,1.37,1.69
2018.05.28 03:13:26.195,1.54754,1.54774,3.75,1.62
2018.05.28 03:13:26.572,1.54758,1.54776,1.37,1.12
2018.05.28 03:13:36.837,1.54758,1.54775,2.06,1.00
2018.05.28 03:13:40.254,1.54758,1.54773,1.25,1.12
2018.05.28 03:13:40.416,1.54751,1.54769,1.12,2.06
2018.05.28 03:13:40.676,1.54751,1.54769,1.25,1.25
2018.05.28 03:13:41.673,1.54751,1.54768,1.00,1.00
2018.05.28 03:13:44.920,1.5475,1.54768,1.31,1.00
2018.05.28 03:13:50.960,1.5475,1.54769,1.25,1.69
2018.05.28 03:13:51.476,1.54748,1.54768,1.12,1.12
2018.05.28 03:13:52.200,1.54748,1.54767,1.37,1.00
2018.05.28 03:13:55.836,1.5475,1.54767,1.12,1.00
2018.05.28 03:13:55.889,1.54748,1.54767,1.31,1.50
2018.05.28 03:13:59.855,1.5475,1.54765,1.56,1.00
2018.05.28 03:13:59.960,1.54748,1.54764,1.00,1.50
2018.05.28 03:14:00.065,1.54745,1.54762,1.00,1.00
2018.05.28 03:14:00.182,1.54746,1.54763,2.81,1.00
2018.05.28 03:14:00.339,1.54746,1.54765,1.88,1.31
2018.05.28 03:14:00.863,1.54747,1.54765,2.06,1.31
2018.05.28 03:14:01.817,1.54749,1.54765,1.00,1.31
2018.05.28 03:14:01.924,1.54749,1.54765,1.31,1.00
2018.05.28 03:14:05.171,1.54749,1.54767,1.69,1.69
2018.05.28 03:14:05.494,1.54754,1.54771,1.12,1.00
2018.05.28 03:14:08.527,1.54755,1.54772,2.25,1.00
2018.05.28 03:14:08.935,1.54756,1.54775,1.50,1.69
2018.05.28 03:14:09.039,1.54759,1.54777,2.06,2.06
2018.05.28 03:14:09.566,1.54759,1.54777,2.25,1.31
2018.05.28 03:14:10.085,1.5476,1.54777,2.81,1.25
2018.05.28 03:14:10.445,1.54763,1.54781,1.31,1.69
2018.05.28 03:14:10.497,1.54763,1.54783,1.31,4.12
2018.05.28 03:14:10.600,1.54763,1.54782,2.06,2.62
2018.05.28 03:14:10.652,1.54763,1.54782,1.25,1.87
2018.05.28 03:14:11.202,1.54761,1.54781,5.44,1.87
2018.05.28 03:14:15.356,1.54762,1.5478,1.31,1.00
2018.05.28 03:14:17.318,1.54761,1.54782,2.44,2.06
2018.05.28 03:14:23.488,1.5476,1.54781,2.06,2.62
2018.05.28 03:14:35.172,1.54761,1.54781,1.31,3.56
2018.05.28 03:14:36.165,1.54761,1.54781,1.69,3.37
2018.05.28 03:14:36.475,1.54761,1.54781,3.37,1.69
2018.05.28 03:14:38.476,1.54761,1.54781,2.62,1.69
2018.05.28 03:14:41.385,1.54762,1.54781,1.50,1.69
2018.05.28 03:14:41.438,1.54765,1.54783,1.31,2.06
2018.05.28 03:14:41.492,1.54769,1.54784,1.12,1.19
2018.05.28 03:14:41.545,1.5477,1.54787,2.06,1.00
2018.05.28 03:14:41.597,1.5477,1.54788,2.25,1.00
2018.05.28 03:14:41.649,1.54773,1.54789,1.87,1.69
2018.05.28 03:14:41.702,1.5477,1.5479,2.81,1.12
2018.05.28 03:14:41.801,1.54771,1.54782,1.00,1.00
2018.05.28 03:14:41.909,1.54764,1.54781,1.00,3.37
2018.05.28 03:14:42.118,1.54761,1.5478,1.50,1.56
2018.05.28 03:14:50.016,1.54759,1.5478,1.50,1.69
2018.05.28 03:14:50.327,1.54759,1.54777,1.12,1.37
2018.05.28 03:14:50.488,1.54757,1.54776,1.12,1.12
2018.05.28 03:14:50.540,1.54757,1.54778,1.87,1.69
2018.05.28 03:14:51.764,1.54757,1.54777,1.37,1.31
2018.05.28 03:14:52.339,1.54757,1.54779,2.06,3.19
2018.05.28 03:14:52.910,1.54756,1.54776,4.50,1.12
2018.05.28 03:14:53.771,1.54757,1.54779,1.31,2.62
2018.05.28 03:14:54.568,1.54757,1.54779,1.69,3.56
2018.05.28 03:14:56.523,1.54758,1.54779,1.31,3.56
2018.05.28 03:14:56.836,1.54754,1.54774,1.37,1.56
2018.05.28 03:15:00.148,1.54754,1.54773,1.69,1.31
2018.05.28 03:15:00.459,1.54756,1.54774,1.69,1.50
2018.05.28 03:15:00.977,1.54757,1.54776,1.19,1.87
2018.05.28 03:15:02.636,1.54757,1.54776,1.19,1.19
2018.05.28 03:15:02.896,1.54757,1.54776,1.25,1.69
2018.05.28 03:15:02.948,1.54757,1.54777,1.31,2.25
2018.05.28 03:15:03.260,1.54759,1.54777,2.06,1.12
2018.05.28 03:15:03.567,1.54757,1.54776,3.19,1.12
2018.05.28 03:15:03.621,1.54757,1.54775,1.56,1.50
2018.05.28 03:15:03.675,1.54758,1.54776,1.19,1.50
2018.05.28 03:15:03.781,1.54756,1.54775,1.12,1.37
2018.05.28 03:15:03.835,1.54757,1.54775,1.31,1.12
2018.05.28 03:15:04.770,1.54758,1.54776,1.56,1.12
2018.05.28 03:15:05.243,1.54761,1.54777,1.56,1.00
2018.05.28 03:15:05.295,1.54762,1.54779,2.06,1.25
2018.05.28 03:15:05.346,1.54764,1.54779,1.31,1.25
2018.05.28 03:15:05.551,1.54762,1.54781,3.56,1.69
2018.05.28 03:15:06.278,1.54763,1.54781,1.87,1.69
2018.05.28 03:15:07.626,1.54763,1.54781,1.87,1.50
2018.05.28 03:15:10.243,1.54762,1.54782,2.06,2.06
2018.05.28 03:15:10.750,1.54763,1.54781,3.37,1.19
2018.05.28 03:15:21.037,1.54763,1.54782,1.19,2.06
2018.05.28 03:15:21.192,1.54761,1.54781,3.94,2.06
2018.05.28 03:15:21.538,1.54762,1.54781,1.19,1.31
2018.05.28 03:16:00.137,1.54762,1.54781,2.81,1.56
2018.05.28 03:16:00.472,1.54762,1.54782,3.19,1.31
2018.05.28 03:16:04.434,1.54763,1.54782,2.81,1.31
2018.05.28 03:16:04.934,1.54769,1.54784,1.31,1.00
2018.05.28 03:16:04.988,1.5477,1.54786,2.62,1.00
2018.05.28 03:16:05.041,1.5477,1.54791,3.19,1.50
2018.05.28 03:16:05.744,1.54772,1.54787,1.00,1.12
2018.05.28 03:16:05.797,1.54771,1.54788,1.50,1.50
2018.05.28 03:16:05.850,1.5477,1.54784,1.00,1.31
2018.05.28 03:16:05.956,1.54764,1.54784,1.19,1.12
2018.05.28 03:16:06.009,1.54765,1.54785,2.81,2.62
2018.05.28 03:16:06.062,1.54764,1.54785,2.44,1.87
2018.05.28 03:16:06.115,1.54764,1.54782,2.44,1.62
2018.05.28 03:16:06.634,1.54763,1.54782,2.62,1.62
2018.05.28 03:16:07.112,1.54763,1.54784,3.19,1.31
2018.05.28 03:16:07.580,1.54765,1.54785,1.56,3.75
2018.05.28 03:16:10.576,1.54766,1.54785,1.69,2.25
2018.05.28 03:16:10.732,1.54766,1.54787,2.06,2.81
2018.05.28 03:16:10.785,1.54769,1.54787,1.37,2.06
2018.05.28 03:16:10.837,1.54767,1.54787,2.06,2.81
2018.05.28 03:16:12.494,1.5477,1.54788,1.31,1.00
2018.05.28 03:16:12.823,1.5477,1.54788,1.00,1.12
2018.05.28 03:16:13.247,1.5477,1.54786,1.00,1.31
2018.05.28 03:16:13.301,1.54768,1.54786,1.12,1.31
2018.05.28 03:16:13.863,1.54768,1.54785,1.00,1.31
2018.05.28 03:16:17.557,1.54766,1.54782,1.00,1.12
2018.05.28 03:16:17.662,1.54762,1.5478,1.12,1.69
2018.05.28 03:16:17.715,1.54763,1.54782,1.50,3.00
2018.05.28 03:16:20.655,1.54762,1.54781,2.44,1.69
2018.05.28 03:16:21.179,1.54763,1.54781,2.25,1.69
2018.05.28 03:16:21.554,1.54765,1.54784,1.69,2.25
2018.05.28 03:16:22.161,1.54767,1.54787,1.31,1.12
2018.05.28 03:16:23.203,1.54767,1.54787,1.31,1.12
2018.05.28 03:16:23.725,1.54768,1.54788,2.44,2.44
2018.05.28 03:16:37.577,1.54767,1.54788,2.81,3.75
2018.05.28 03:16:51.536,1.54769,1.54788,1.12,1.12
2018.05.28 03:16:55.207,1.5477,1.54788,1.25,1.19
2018.05.28 03:16:55.261,1.5477,1.54788,1.19,1.25
2018.05.28 03:16:55.574,1.54772,1.54791,1.44,1.69
2018.05.28 03:16:59.160,1.54774,1.54792,1.69,1.25
2018.05.28 03:16:59.413,1.54775,1.54794,1.31,2.06
2018.05.28 03:17:00.173,1.54776,1.54796,1.69,3.75
2018.05.28 03:17:00.700,1.54777,1.54796,2.06,1.56
2018.05.28 03:17:01.493,1.54776,1.54796,2.81,1.56
2018.05.28 03:17:02.559,1.54776,1.54796,2.81,2.25
2018.05.28 03:17:02.663,1.54778,1.54796,1.69,1.12
2018.05.28 03:17:04.113,1.54778,1.54796,1.69,1.00
2018.05.28 03:17:04.641,1.54779,1.54797,1.44,1.25
2018.05.28 03:17:05.162,1.54779,1.54795,1.12,1.00
2018.05.28 03:17:05.214,1.54779,1.54798,1.31,1.12
2018.05.28 03:17:05.733,1.54779,1.54799,2.25,2.06
2018.05.28 03:17:09.691,1.54779,1.54799,2.25,2.06
2018.05.28 03:17:10.186,1.54779,1.54797,1.50,1.19
2018.05.28 03:17:10.239,1.54779,1.54797,1.69,1.19
2018.05.28 03:17:13.287,1.5478,1.54799,1.56,2.06
2018.05.28 03:17:13.471,1.5478,1.54797,1.25,1.25
2018.05.28 03:17:13.993,1.54777,1.54797,1.12,2.81
2018.05.28 03:17:14.687,1.54776,1.54796,1.87,1.31
2018.05.28 03:17:15.469,1.54776,1.54796,1.87,2.06
2018.05.28 03:17:22.202,1.54775,1.54795,1.37,1.56
2018.05.28 03:17:22.255,1.54774,1.54795,2.81,1.81
2018.05.28 03:17:23.639,1.54774,1.54795,3.56,1.62
2018.05.28 03:17:24.240,1.54774,1.54795,3.56,1.81
2018.05.28 03:17:29.642,1.54774,1.54793,1.69,2.06
2018.05.28 03:17:30.272,1.54775,1.54793,1.56,1.19
2018.05.28 03:17:30.427,1.54774,1.54793,3.00,1.69
2018.05.28 03:17:30.692,1.54774,1.54792,2.81,1.31
2018.05.28 03:17:31.902,1.54774,1.54792,2.06,1.31
2018.05.28 03:17:31.955,1.54774,1.54792,2.81,1.31
2018.05.28 03:17:32.113,1.54771,1.54792,3.00,2.62
2018.05.28 03:17:32.798,1.54771,1.5479,2.62,1.62
2018.05.28 03:17:34.278,1.5477,1.54788,3.37,1.19
2018.05.28 03:17:35.430,1.54776,1.54791,1.00,1.44
2018.05.28 03:17:35.537,1.54782,1.54798,1.25,3.00
2018.05.28 03:17:35.595,1.54783,1.54798,1.31,1.12
2018.05.28 03:17:35.748,1.54783,1.54799,1.25,1.87
2018.05.28 03:17:35.803,1.54781,1.54796,1.12,1.25
2018.05.28 03:17:35.855,1.54781,1.54795,1.00,1.31
2018.05.28 03:17:35.909,1.54779,1.54794,1.00,1.31
2018.05.28 03:17:35.961,1.54777,1.54792,1.00,1.00
2018.05.28 03:17:36.015,1.54773,1.54792,1.00,2.06
2018.05.28 03:17:36.067,1.54771,1.5479,1.12,2.06
2018.05.28 03:17:36.119,1.54769,1.54788,1.12,1.62
2018.05.28 03:17:36.172,1.54768,1.54787,1.00,1.31
2018.05.28 03:17:36.717,1.54765,1.54786,1.50,1.50
2018.05.28 03:17:37.032,1.54765,1.54786,1.50,1.50
2018.05.28 03:17:37.571,1.54766,1.54785,2.25,1.50
2018.05.28 03:17:38.107,1.54767,1.54787,1.12,2.25
2018.05.28 03:17:41.116,1.54766,1.54786,1.56,1.62
2018.05.28 03:17:41.804,1.54766,1.54786,1.56,1.37
2018.05.28 03:17:42.370,1.54766,1.54786,2.06,1.87
2018.05.28 03:17:45.378,1.54766,1.54788,1.31,2.25
2018.05.28 03:17:45.905,1.54769,1.54788,1.00,1.62
2018.05.28 03:17:46.754,1.54767,1.54786,1.00,1.25
2018.05.28 03:17:48.712,1.54768,1.54786,1.00,1.00
2018.05.28 03:17:48.920,1.54768,1.54789,2.06,2.06
2018.05.28 03:17:49.442,1.54768,1.54786,1.12,1.56
2018.05.28 03:17:59.329,1.54767,1.54787,1.87,2.25
2018.05.28 03:17:59.862,1.54767,1.54786,1.37,1.62
2018.05.28 03:18:00.329,1.54769,1.54788,1.69,1.87
2018.05.28 03:18:01.387,1.54771,1.5479,1.25,1.31
2018.05.28 03:18:01.490,1.54771,1.5479,1.44,1.12
2018.05.28 03:18:01.644,1.54771,1.54791,1.31,2.25
2018.05.28 03:18:01.955,1.54771,1.54791,2.06,1.62
2018.05.28 03:18:02.342,1.54769,1.5479,1.69,1.87
2018.05.28 03:18:02.394,1.5477,1.54791,1.87,2.81
2018.05.28 03:18:02.906,1.54771,1.54791,1.37,2.06
2018.05.28 03:18:05.828,1.54771,1.54791,1.37,2.06
2018.05.28 03:18:11.845,1.54771,1.54785,1.87,1.00
2018.05.28 03:18:11.898,1.54769,1.54785,1.50,1.00
2018.05.28 03:18:11.951,1.54766,1.5478,2.62,1.00
2018.05.28 03:18:12.056,1.54766,1.5478,1.00,1.00
2018.05.28 03:18:12.216,1.54761,1.5478,1.81,2.06
2018.05.28 03:18:12.426,1.54761,1.54779,1.56,1.69
2018.05.28 03:18:12.686,1.54762,1.54779,1.31,1.00
2018.05.28 03:18:13.688,1.54762,1.5478,1.31,1.12
2018.05.28 03:18:15.683,1.54762,1.54779,2.06,1.00
2018.05.28 03:18:16.194,1.54762,1.5478,1.31,1.25
2018.05.28 03:18:21.938,1.54762,1.54779,2.06,1.00
2018.05.28 03:18:22.497,1.54762,1.5478,1.31,1.25
2018.05.28 03:18:22.725,1.54762,1.54777,1.31,1.00
2018.05.28 03:18:23.094,1.54763,1.54782,1.00,2.06
2018.05.28 03:18:23.147,1.54761,1.54782,3.56,1.87
2018.05.28 03:18:23.516,1.54762,1.54776,1.19,1.00
2018.05.28 03:18:23.801,1.54762,1.5478,1.19,1.50
2018.05.28 03:18:24.111,1.54762,1.54779,1.00,1.50
2018.05.28 03:18:24.163,1.5476,1.54774,1.19,1.00
2018.05.28 03:18:24.573,1.5476,1.54778,1.19,1.00
2018.05.28 03:18:25.087,1.54759,1.54779,1.31,1.87
2018.05.28 03:18:25.603,1.54759,1.54778,1.31,1.50
2018.05.28 03:18:26.077,1.54759,1.54776,1.31,1.00
2018.05.28 03:18:26.913,1.54758,1.54775,2.25,1.00
2018.05.28 03:18:27.074,1.5476,1.54777,1.31,1.00
2018.05.28 03:18:27.179,1.54761,1.54779,1.19,1.50
2018.05.28 03:18:27.233,1.54765,1.54779,1.00,1.00
2018.05.28 03:18:28.044,1.54763,1.5478,1.56,1.00
2018.05.28 03:18:29.439,1.54763,1.54782,2.25,1.19
2018.05.28 03:18:30.049,1.54763,1.5478,2.06,1.00
2018.05.28 03:18:30.925,1.54763,1.54781,2.06,1.00
2018.05.28 03:18:31.473,1.54763,1.54782,2.06,1.00
2018.05.28 03:18:32.441,1.54763,1.54781,2.25,1.00
2018.05.28 03:18:32.953,1.54764,1.5478,1.69,1.00
2018.05.28 03:18:33.564,1.54764,1.54782,1.69,1.00
2018.05.28 03:18:34.115,1.54764,1.54783,1.69,1.25
2018.05.28 03:18:34.374,1.54764,1.54777,1.50,1.00
2018.05.28 03:18:34.894,1.54762,1.54776,2.06,1.00
2018.05.28 03:18:34.945,1.54762,1.54782,2.06,2.81
2018.05.28 03:18:34.997,1.54762,1.54777,1.31,1.00
2018.05.28 03:18:35.489,1.54762,1.5478,1.31,1.12
2018.05.28 03:18:35.963,1.54762,1.54777,1.31,1.00
2018.05.28 03:18:36.480,1.54762,1.54781,1.31,1.50
2018.05.28 03:18:36.835,1.54762,1.54776,1.31,1.00
2018.05.28 03:18:37.196,1.54762,1.54782,1.31,2.62
2018.05.28 03:18:37.555,1.54762,1.54776,1.31,1.00
2018.05.28 03:18:38.094,1.54762,1.54777,1.31,1.00
2018.05.28 03:18:38.781,1.54762,1.54778,1.31,1.00
2018.05.28 03:18:40.394,1.54762,1.54777,1.31,1.00
2018.05.28 03:18:41.356,1.54762,1.54778,1.31,1.00
2018.05.28 03:18:42.209,1.54762,1.54777,1.31,1.00
2018.05.28 03:18:42.858,1.54762,1.54778,1.31,1.00
2018.05.28 03:18:43.404,1.54762,1.54779,1.31,1.00
2018.05.28 03:18:43.792,1.54761,1.54775,1.19,1.00
2018.05.28 03:18:43.845,1.54761,1.54776,1.00,1.00
2018.05.28 03:18:43.952,1.54761,1.54779,1.25,1.50
2018.05.28 03:18:44.109,1.54762,1.5478,1.50,1.69
2018.05.28 03:18:45.947,1.54762,1.54776,1.50,1.00
2018.05.28 03:18:46.495,1.54762,1.54777,1.50,1.00
2018.05.28 03:18:47.211,1.54762,1.54778,1.50,1.00
2018.05.28 03:18:48.557,1.54762,1.54781,1.50,2.62
2018.05.28 03:18:49.072,1.54762,1.54777,1.69,1.00
2018.05.28 03:18:52.404,1.54762,1.54778,1.69,1.00
2018.05.28 03:18:54.189,1.54762,1.54779,1.69,1.12
2018.05.28 03:18:54.723,1.54762,1.54781,1.69,1.12
2018.05.28 03:18:55.278,1.54762,1.54779,1.69,1.00
2018.05.28 03:18:55.820,1.54762,1.54778,1.69,1.00
2018.05.28 03:18:57.424,1.54762,1.54777,1.50,1.00
2018.05.28 03:18:59.151,1.54762,1.54782,1.50,2.25
2018.05.28 03:19:05.608,1.54761,1.54782,1.12,2.62
2018.05.28 03:19:06.135,1.54761,1.54781,1.12,1.50
2018.05.28 03:19:06.926,1.5476,1.54779,1.31,1.87
2018.05.28 03:19:06.978,1.54759,1.54777,1.50,1.31
2018.05.28 03:19:07.993,1.54758,1.54775,1.12,1.19
2018.05.28 03:19:10.089,1.54758,1.54774,1.12,1.19
2018.05.28 03:19:10.142,1.54756,1.54773,1.00,1.56
2018.05.28 03:19:10.660,1.54755,1.54774,1.31,1.87
2018.05.28 03:19:14.718,1.54755,1.54774,1.31,1.69
2018.05.28 03:19:15.241,1.54755,1.54774,1.31,2.62
2018.05.28 03:19:15.753,1.54755,1.54774,1.31,1.87
2018.05.28 03:19:18.421,1.54757,1.54775,1.00,3.56
2018.05.28 03:19:18.941,1.54754,1.54773,1.12,1.87
2018.05.28 03:19:19.096,1.54754,1.54773,1.31,1.19
2018.05.28 03:19:19.912,1.54754,1.54773,1.75,1.19
2018.05.28 03:19:25.412,1.54754,1.54773,1.69,2.62
2018.05.28 03:19:27.101,1.54752,1.54764,1.19,1.12
2018.05.28 03:19:27.233,1.54751,1.54763,1.31,1.50
2018.05.28 03:19:27.286,1.54745,1.54764,2.25,1.69
2018.05.28 03:19:27.546,1.54747,1.54766,2.06,2.81
2018.05.28 03:19:28.806,1.54746,1.54765,1.62,1.31
2018.05.28 03:19:29.119,1.54746,1.54764,1.00,2.44
2018.05.28 03:19:29.536,1.54743,1.54763,2.44,2.06
2018.05.28 03:19:30.474,1.54743,1.54761,1.31,1.37
2018.05.28 03:19:30.869,1.54744,1.54761,1.50,1.25
2018.05.28 03:19:31.393,1.54746,1.54762,1.00,1.31
2018.05.28 03:19:31.549,1.54744,1.54762,1.50,1.50
2018.05.28 03:19:31.869,1.5474,1.54757,1.75,1.56
2018.05.28 03:19:31.921,1.54739,1.54756,1.00,2.06
2018.05.28 03:19:32.077,1.54741,1.54757,1.37,1.44
2018.05.28 03:19:32.129,1.54743,1.54759,1.12,1.00
2018.05.28 03:19:32.181,1.54743,1.54763,1.12,2.06
2018.05.28 03:19:32.453,1.54746,1.54765,1.12,1.50
2018.05.28 03:19:34.576,1.54748,1.54765,1.62,1.25
2018.05.28 03:19:36.044,1.54748,1.54766,1.37,1.31
2018.05.28 03:19:37.023,1.54747,1.54766,1.25,1.69
2018.05.28 03:19:37.681,1.54747,1.54765,1.25,1.00
2018.05.28 03:19:39.341,1.54747,1.54765,1.25,1.19
2018.05.28 03:19:39.976,1.54747,1.54765,1.25,1.25
2018.05.28 03:19:41.194,1.54745,1.54765,1.12,2.06
2018.05.28 03:19:41.505,1.54744,1.54763,1.12,1.69
2018.05.28 03:19:42.101,1.54744,1.54763,1.12,1.50
2018.05.28 03:19:42.960,1.54746,1.54764,1.31,1.00
2018.05.28 03:19:43.476,1.54748,1.54764,1.56,1.00
2018.05.28 03:19:46.734,1.54747,1.54764,1.37,1.00
2018.05.28 03:19:47.250,1.54747,1.54766,1.12,1.31
2018.05.28 03:19:48.225,1.54747,1.54766,1.12,1.44
2018.05.28 03:19:48.809,1.54747,1.54766,1.12,1.31
2018.05.28 03:19:53.903,1.54748,1.54766,1.00,1.50
2018.05.28 03:19:56.482,1.54748,1.54766,1.19,1.25
2018.05.28 03:19:57.359,1.54748,1.54766,1.44,1.00
2018.05.28 03:19:57.576,1.5475,1.54768,1.00,1.00
2018.05.28 03:20:00.415,1.54747,1.54767,1.75,1.12
2018.05.28 03:20:00.926,1.54747,1.54767,1.31,1.12
2018.05.28 03:20:02.785,1.54747,1.54767,1.31,1.87
2018.05.28 03:20:03.037,1.54745,1.54767,1.50,1.87
2018.05.28 03:20:05.180,1.54748,1.54767,1.00,2.06
2018.05.28 03:20:05.441,1.5475,1.54767,1.00,1.50
2018.05.28 03:20:05.547,1.54749,1.54768,1.00,1.69
2018.05.28 03:20:05.807,1.54749,1.54766,1.00,1.00
2018.05.28 03:20:06.331,1.54749,1.54766,1.00,1.19
2018.05.28 03:20:07.436,1.54749,1.54766,1.00,1.00
2018.05.28 03:20:08.737,1.5475,1.54766,1.00,1.00
2018.05.28 03:20:11.393,1.5475,1.54766,1.50,1.25
2018.05.28 03:20:23.377,1.54749,1.54767,1.56,1.12
2018.05.28 03:20:26.433,1.54752,1.54767,1.50,1.00
2018.05.28 03:20:26.745,1.54752,1.54769,1.69,1.12
2018.05.28 03:20:26.799,1.54755,1.54769,1.00,1.00
2018.05.28 03:20:26.853,1.54755,1.54771,1.00,1.50
2018.05.28 03:20:27.371,1.54755,1.54772,1.69,1.12
2018.05.28 03:20:27.827,1.54758,1.54772,1.00,1.12
2018.05.28 03:20:28.340,1.54756,1.54772,1.69,1.00
2018.05.28 03:20:33.137,1.54756,1.54773,1.50,1.12
2018.05.28 03:20:35.198,1.54753,1.54773,1.31,1.50
2018.05.28 03:20:35.250,1.54752,1.54772,1.69,1.50
2018.05.28 03:20:35.303,1.54752,1.54771,1.00,2.06
2018.05.28 03:20:36.155,1.5475,1.54771,1.50,3.19
2018.05.28 03:20:40.144,1.54752,1.5477,1.00,2.25
2018.05.28 03:20:40.781,1.54751,1.5477,1.31,1.00
2018.05.28 03:20:42.507,1.54751,1.5477,1.31,2.25
2018.05.28 03:20:52.094,1.54751,1.5477,1.31,1.00
2018.05.28 03:20:52.705,1.54751,1.54771,1.31,1.87
2018.05.28 03:20:53.225,1.54751,1.5477,1.31,1.00
2018.05.28 03:20:54.053,1.54754,1.54772,1.00,1.69
2018.05.28 03:20:54.591,1.54755,1.54774,1.12,1.62
2018.05.28 03:20:54.951,1.54756,1.54774,1.37,1.12
2018.05.28 03:20:57.080,1.54757,1.54777,1.12,2.25
2018.05.28 03:20:57.132,1.54757,1.54777,1.12,2.06
2018.05.28 03:20:57.644,1.54757,1.54775,1.31,1.00
2018.05.28 03:20:58.304,1.54757,1.54777,2.06,3.00
2018.05.28 03:20:59.381,1.54757,1.54777,2.81,1.31
2018.05.28 03:21:00.657,1.54758,1.54779,3.56,1.50
2018.05.28 03:21:00.968,1.54761,1.5478,1.19,1.12
2018.05.28 03:21:03.901,1.54761,1.5478,1.00,1.31
2018.05.28 03:21:04.410,1.54759,1.54779,3.00,1.69
2018.05.28 03:21:14.344,1.54758,1.54778,3.94,2.06
2018.05.28 03:21:28.221,1.54757,1.54777,2.25,2.06
2018.05.28 03:21:29.975,1.54757,1.54778,2.44,1.75
2018.05.28 03:21:30.288,1.5476,1.54779,1.62,1.87
2018.05.28 03:21:39.370,1.54761,1.54779,1.31,1.37
2018.05.28 03:21:44.377,1.54762,1.54781,1.31,1.12
2018.05.28 03:21:44.635,1.54761,1.54782,2.44,2.06
2018.05.28 03:21:44.687,1.54761,1.54782,1.69,1.12
2018.05.28 03:21:45.210,1.54763,1.54781,1.19,1.00
2018.05.28 03:21:45.740,1.54763,1.54784,2.44,2.06
2018.05.28 03:21:46.461,1.54763,1.54781,1.31,1.37
2018.05.28 03:21:46.982,1.54761,1.5478,2.44,1.12
2018.05.28 03:21:47.091,1.54762,1.5478,1.19,1.00
2018.05.28 03:21:47.660,1.54762,1.5478,1.19,1.00
2018.05.28 03:21:59.205,1.54762,1.5478,1.31,1.87
2018.05.28 03:21:59.259,1.54759,1.54779,1.87,1.31
2018.05.28 03:21:59.781,1.54758,1.54779,2.81,1.31
2018.05.28 03:21:59.834,1.54758,1.54777,2.44,1.00
2018.05.28 03:22:00.564,1.54757,1.54777,1.31,1.12
2018.05.28 03:22:05.191,1.54756,1.54777,3.38,1.12
2018.05.28 03:22:05.712,1.54756,1.54777,3.56,1.87
2018.05.28 03:22:17.979,1.54757,1.54777,1.31,1.50
2018.05.28 03:22:18.345,1.54757,1.54777,1.31,2.06
2018.05.28 03:22:20.092,1.54757,1.54777,1.31,2.06
2018.05.28 03:22:21.580,1.54756,1.54777,3.00,2.06
2018.05.28 03:22:22.256,1.54756,1.54777,2.44,2.25
2018.05.28 03:22:22.790,1.54757,1.54777,1.12,1.69
2018.05.28 03:22:23.439,1.54756,1.54777,2.25,2.06
2018.05.28 03:22:24.494,1.54756,1.54777,2.44,2.06
2018.05.28 03:22:25.093,1.54757,1.54777,1.12,2.25
2018.05.28 03:22:25.647,1.54757,1.54777,1.12,1.87
2018.05.28 03:22:26.003,1.54758,1.54777,1.37,1.75
2018.05.28 03:22:26.055,1.54757,1.54776,1.37,1.81
2018.05.28 03:22:26.421,1.54757,1.54775,1.50,1.00
2018.05.28 03:22:27.471,1.54757,1.54775,1.50,1.69
2018.05.28 03:22:28.531,1.54757,1.54775,1.00,1.25
2018.05.28 03:22:29.045,1.54757,1.54775,1.00,1.19
2018.05.28 03:22:29.324,1.54757,1.54775,1.00,1.69
2018.05.28 03:22:29.890,1.54759,1.54778,1.38,1.69
2018.05.28 03:22:30.409,1.5476,1.54779,2.44,1.87
2018.05.28 03:22:31.085,1.54759,1.54778,1.12,1.56
2018.05.28 03:22:31.274,1.54756,1.54776,1.50,2.06
2018.05.28 03:22:44.581,1.54754,1.54774,1.56,1.37
2018.05.28 03:22:44.910,1.54753,1.54772,1.19,1.12
2018.05.28 03:22:45.119,1.54756,1.54774,1.19,1.00
2018.05.28 03:22:45.478,1.54756,1.54774,1.25,1.69
2018.05.28 03:22:45.859,1.54756,1.54774,1.19,1.00
2018.05.28 03:22:45.976,1.54758,1.54777,1.87,1.69
2018.05.28 03:22:50.629,1.54759,1.54778,1.12,1.19
2018.05.28 03:22:51.897,1.54757,1.54777,1.12,1.31
2018.05.28 03:22:52.447,1.54756,1.54775,1.00,1.25
2018.05.28 03:22:52.955,1.54756,1.54775,1.00,1.44
2018.05.28 03:22:53.496,1.54756,1.54775,1.00,1.12
2018.05.28 03:22:56.436,1.54756,1.54771,1.69,1.00
2018.05.28 03:23:02.280,1.54755,1.54769,1.00,1.00
2018.05.28 03:23:02.592,1.54751,1.54764,1.62,1.00
2018.05.28 03:23:02.645,1.54751,1.54766,1.81,1.00
2018.05.28 03:23:03.154,1.54751,1.54766,1.12,1.00
2018.05.28 03:23:03.707,1.54757,1.54771,1.00,1.00
2018.05.28 03:23:04.638,1.54755,1.54768,1.00,1.00
2018.05.28 03:23:04.750,1.54751,1.54767,2.06,1.00
2018.05.28 03:23:05.269,1.54751,1.54766,2.44,1.00
2018.05.28 03:23:05.826,1.54752,1.54766,1.50,1.00
2018.05.28 03:23:07.789,1.54752,1.54768,1.12,1.00
2018.05.28 03:23:08.141,1.54753,1.54766,1.12,1.00
2018.05.28 03:23:12.499,1.54752,1.54767,1.00,1.00
2018.05.28 03:23:13.047,1.54751,1.54767,1.31,1.00
2018.05.28 03:23:14.551,1.54751,1.54765,1.31,1.00
2018.05.28 03:23:20.058,1.5475,1.54766,2.06,1.69
2018.05.28 03:23:20.373,1.54747,1.54761,1.56,1.00
2018.05.28 03:23:21.127,1.54748,1.54761,1.44,1.00
2018.05.28 03:23:21.345,1.54746,1.54761,1.62,1.00
2018.05.28 03:23:21.604,1.54747,1.54761,1.37,1.00
2018.05.28 03:23:22.128,1.54747,1.5476,1.37,1.00
2018.05.28 03:23:22.674,1.54746,1.5476,1.62,1.00
2018.05.28 03:23:24.246,1.54746,1.54759,1.62,1.00
2018.05.28 03:23:24.943,1.54746,1.5476,1.62,1.00
2018.05.28 03:23:30.549,1.54746,1.54761,1.62,1.00
2018.05.28 03:23:31.891,1.54746,1.5476,1.62,1.00
2018.05.28 03:23:33.366,1.54743,1.54757,1.69,1.00
2018.05.28 03:23:33.484,1.54742,1.54757,1.00,1.31
2018.05.28 03:23:33.606,1.54741,1.5475,1.00,1.00
2018.05.28 03:23:33.660,1.54735,1.5475,2.06,1.00
2018.05.28 03:23:33.717,1.54735,1.5475,1.56,1.00
2018.05.28 03:23:33.771,1.54734,1.5475,1.94,1.00
2018.05.28 03:23:33.983,1.54733,1.5475,1.94,1.00
2018.05.28 03:23:34.601,1.54733,1.54748,1.50,1.00
2018.05.28 03:23:35.678,1.54734,1.54749,1.37,1.00
2018.05.28 03:23:36.030,1.54732,1.54747,1.81,1.00
2018.05.28 03:23:37.395,1.54734,1.54749,1.12,1.00
2018.05.28 03:23:38.425,1.54732,1.54747,1.00,1.00
2018.05.28 03:23:38.940,1.54729,1.54745,1.81,1.00
2018.05.28 03:23:39.995,1.5473,1.54744,1.37,1.00
2018.05.28 03:23:40.257,1.54729,1.54744,1.00,1.00
2018.05.28 03:23:40.758,1.54728,1.54743,1.31,1.00
2018.05.28 03:23:45.910,1.54726,1.54741,2.44,1.00
2018.05.28 03:23:50.015,1.54726,1.54741,1.62,1.19
2018.05.28 03:23:50.345,1.54724,1.54738,1.37,1.00
2018.05.28 03:23:51.147,1.54724,1.54738,1.12,1.00
2018.05.28 03:23:51.199,1.54724,1.54736,1.12,1.00
2018.05.28 03:23:51.304,1.54721,1.54734,1.00,1.00
2018.05.28 03:23:51.834,1.5472,1.54734,1.12,1.00
2018.05.28 03:23:52.095,1.54718,1.54732,1.69,1.00
2018.05.28 03:23:52.202,1.5472,1.54735,1.31,1.00
2018.05.28 03:23:52.255,1.5472,1.54733,1.50,1.00
2018.05.28 03:23:52.772,1.5472,1.54732,1.12,1.00
2018.05.28 03:23:52.928,1.54719,1.54734,1.69,1.00
2018.05.28 03:23:53.479,1.54719,1.54734,1.69,1.00
2018.05.28 03:23:53.855,1.54722,1.54735,1.31,1.00
2018.05.28 03:23:58.104,1.54723,1.54736,1.50,1.00
2018.05.28 03:23:58.675,1.54722,1.54736,2.06,1.00
2018.05.28 03:24:00.218,1.54724,1.54736,1.31,1.00
2018.05.28 03:24:00.531,1.54725,1.54738,2.25,1.00
2018.05.28 03:24:03.689,1.54725,1.54741,2.25,1.00
2018.05.28 03:24:04.879,1.54727,1.54743,1.81,1.25
2018.05.28 03:24:05.424,1.54726,1.54742,2.25,1.00
2018.05.28 03:24:10.474,1.54726,1.54741,2.06,1.00
2018.05.28 03:24:13.936,1.54725,1.54742,3.00,1.00
2018.05.28 03:24:17.242,1.54725,1.5474,3.00,1.00
2018.05.28 03:24:17.555,1.54725,1.54737,1.19,1.00
2018.05.28 03:24:17.713,1.54725,1.54739,1.25,1.00
2018.05.28 03:24:17.766,1.54726,1.5474,1.62,1.00
2018.05.28 03:24:18.134,1.54727,1.54746,2.06,1.31
2018.05.28 03:24:18.241,1.5473,1.54743,1.00,1.25
2018.05.28 03:24:18.761,1.54726,1.54742,2.19,1.00
2018.05.28 03:24:19.015,1.54726,1.54742,1.50,1.00
2018.05.28 03:24:19.514,1.54726,1.54742,1.62,1.00
2018.05.28 03:24:20.058,1.54727,1.54743,1.12,1.00
2018.05.28 03:24:23.173,1.54729,1.54743,1.37,1.00
2018.05.28 03:24:23.383,1.54728,1.54742,2.44,1.00
2018.05.28 03:24:23.489,1.54726,1.54743,2.06,1.12
2018.05.28 03:24:24.021,1.54726,1.54742,2.81,1.00
2018.05.28 03:24:24.529,1.54725,1.54742,1.12,1.00
2018.05.28 03:24:24.581,1.54725,1.5474,1.12,1.00
2018.05.28 03:24:33.987,1.54726,1.5474,1.31,1.00
2018.05.28 03:24:36.992,1.54726,1.54739,1.12,1.00
2018.05.28 03:24:37.532,1.54725,1.54739,1.12,1.00
2018.05.28 03:24:40.166,1.54724,1.54739,1.12,1.00
2018.05.28 03:24:40.374,1.54723,1.54739,1.37,1.00
2018.05.28 03:24:41.492,1.54723,1.54738,1.37,1.00
2018.05.28 03:24:53.134,1.54723,1.54736,1.37,1.00
2018.05.28 03:24:54.103,1.54724,1.54739,1.37,1.25
2018.05.28 03:24:54.656,1.54725,1.54739,1.12,1.00
2018.05.28 03:24:58.428,1.54723,1.54741,1.00,1.25
2018.05.28 03:24:58.536,1.54726,1.54741,1.25,1.00
2018.05.28 03:24:58.641,1.54721,1.54738,1.87,1.50
2018.05.28 03:24:58.754,1.54719,1.54733,1.69,1.00
2018.05.28 03:24:59.709,1.54717,1.54733,1.69,1.00
2018.05.28 03:24:59.814,1.54715,1.54731,1.62,1.00
2018.05.28 03:25:01.217,1.54714,1.54735,1.31,1.87
2018.05.28 03:25:10.098,1.54716,1.54736,1.12,3.37
2018.05.28 03:25:10.433,1.54726,1.54743,1.37,1.25
2018.05.28 03:25:11.053,1.54725,1.54743,1.12,1.25
2018.05.28 03:25:22.140,1.54724,1.54743,1.50,1.69
2018.05.28 03:25:24.925,1.54724,1.54743,1.87,1.00
2018.05.28 03:25:25.906,1.54724,1.54743,1.62,1.19
2018.05.28 03:25:33.449,1.54723,1.54741,1.00,1.25
2018.05.28 03:25:33.983,1.54722,1.54741,1.31,1.12
2018.05.28 03:25:37.142,1.54721,1.54741,1.62,2.06
2018.05.28 03:25:45.440,1.54721,1.54739,1.00,1.00
2018.05.28 03:25:46.788,1.54718,1.54739,2.06,1.50
2018.05.28 03:26:00.304,1.54718,1.54738,1.12,1.31
2018.05.28 03:26:02.228,1.54717,1.54737,1.31,1.31
2018.05.28 03:26:02.747,1.54717,1.54737,1.31,1.12
2018.05.28 03:26:03.096,1.54717,1.54735,1.31,1.00
2018.05.28 03:26:04.307,1.54717,1.54736,1.31,1.25
2018.05.28 03:26:05.678,1.54717,1.54735,1.31,1.25
2018.05.28 03:26:10.464,1.54715,1.54735,2.25,1.37
2018.05.28 03:26:10.568,1.54717,1.54735,1.37,1.31
2018.05.28 03:26:14.543,1.54715,1.54735,2.06,1.87
2018.05.28 03:26:14.595,1.54717,1.54735,1.12,1.12
2018.05.28 03:26:23.706,1.54716,1.54735,1.50,1.00
2018.05.28 03:26:25.452,1.54716,1.54736,1.31,1.12
2018.05.28 03:26:25.997,1.54716,1.54736,1.31,1.31
2018.05.28 03:26:28.097,1.54717,1.54735,1.00,1.50
2018.05.28 03:26:28.688,1.54717,1.54735,1.00,1.87
2018.05.28 03:26:29.692,1.54717,1.54735,1.25,1.69
2018.05.28 03:26:30.206,1.54717,1.54735,1.25,1.69
2018.05.28 03:26:31.299,1.54717,1.54735,1.25,1.69
2018.05.28 03:26:31.607,1.54717,1.54735,1.31,1.31
2018.05.28 03:26:32.083,1.54717,1.54734,1.25,1.00
2018.05.28 03:26:34.779,1.54717,1.54734,1.00,1.19
2018.05.28 03:26:36.410,1.54714,1.54734,1.12,1.50
2018.05.28 03:26:39.291,1.54714,1.54734,1.12,1.50
2018.05.28 03:26:40.036,1.54714,1.54734,1.31,1.31
2018.05.28 03:26:41.250,1.54714,1.54733,1.87,1.31
2018.05.28 03:26:41.304,1.54716,1.54735,2.44,1.12
2018.05.28 03:26:41.814,1.54717,1.54735,1.31,1.12
2018.05.28 03:26:50.988,1.54716,1.54737,1.50,2.06
2018.05.28 03:26:52.081,1.54717,1.54737,1.31,2.06
2018.05.28 03:26:56.581,1.54717,1.54736,1.31,1.50
2018.05.28 03:26:57.516,1.54715,1.54735,1.69,1.37
2018.05.28 03:26:57.568,1.54714,1.54735,3.00,1.75
2018.05.28 03:26:57.621,1.54715,1.54732,1.25,1.44
2018.05.28 03:26:58.181,1.54712,1.54732,1.87,2.44
2018.05.28 03:26:58.849,1.54712,1.5473,1.00,1.12
2018.05.28 03:26:59.221,1.54715,1.54733,1.00,1.69
2018.05.28 03:26:59.325,1.54716,1.54736,1.87,2.81
2018.05.28 03:26:59.852,1.54716,1.54736,2.06,3.00
2018.05.28 03:27:00.488,1.54716,1.54736,2.81,2.62
2018.05.28 03:27:01.197,1.54716,1.54736,2.81,3.19
2018.05.28 03:27:01.404,1.54717,1.54737,1.37,2.81
2018.05.28 03:27:03.883,1.54717,1.54737,2.06,1.12
2018.05.28 03:27:04.476,1.54717,1.54737,1.87,1.12
2018.05.28 03:27:07.369,1.54723,1.54738,1.87,1.19
2018.05.28 03:27:07.422,1.54726,1.5474,1.87,1.50
2018.05.28 03:27:07.479,1.54726,1.54745,1.12,2.25
2018.05.28 03:27:07.583,1.54726,1.54747,3.56,3.00
2018.05.28 03:27:07.636,1.54727,1.54747,1.69,1.50
2018.05.28 03:27:08.087,1.54729,1.54747,1.62,1.00
2018.05.28 03:27:08.508,1.5473,1.54749,2.62,1.12
2018.05.28 03:27:16.134,1.54739,1.54752,1.12,1.19
2018.05.28 03:27:16.188,1.54734,1.54753,1.12,1.19
2018.05.28 03:27:16.241,1.54737,1.54754,1.37,1.00
2018.05.28 03:27:16.569,1.54738,1.54748,3.56,1.00
2018.05.28 03:27:16.623,1.54738,1.54748,1.25,1.00
2018.05.28 03:27:16.734,1.54737,1.5475,1.56,1.00
2018.05.28 03:27:16.788,1.54737,1.54751,1.25,1.00
2018.05.28 03:27:17.326,1.54736,1.54752,1.87,1.19
2018.05.28 03:27:17.880,1.54736,1.54754,1.12,1.19
2018.05.28 03:27:17.985,1.54736,1.54754,1.31,1.00
2018.05.28 03:27:18.089,1.54735,1.54753,1.69,1.69
2018.05.28 03:27:18.373,1.54735,1.54751,1.00,1.00
2018.05.28 03:27:18.922,1.54735,1.54752,1.00,1.25
2018.05.28 03:27:19.438,1.54735,1.54751,1.00,1.00
2018.05.28 03:27:21.150,1.54735,1.54753,1.00,3.19
2018.05.28 03:27:22.455,1.54735,1.54752,1.25,1.00
2018.05.28 03:27:23.108,1.54735,1.54751,1.00,1.00
2018.05.28 03:27:23.701,1.54735,1.54752,1.00,1.50
2018.05.28 03:27:24.336,1.54735,1.54751,1.19,1.00
2018.05.28 03:27:25.957,1.54733,1.5475,1.25,1.12
2018.05.28 03:27:26.010,1.54733,1.54752,1.69,2.81
2018.05.28 03:27:30.341,1.54734,1.54751,1.12,1.00
2018.05.28 03:27:30.448,1.54733,1.5475,1.00,1.50
2018.05.28 03:27:30.605,1.54734,1.54749,1.62,1.00
2018.05.28 03:27:30.709,1.54734,1.54752,1.62,1.12
2018.05.28 03:27:42.960,1.54735,1.54753,1.62,1.25
2018.05.28 03:27:43.675,1.54735,1.54754,2.81,1.00
2018.05.28 03:27:53.048,1.54735,1.54755,2.06,2.44
2018.05.28 03:27:54.867,1.54737,1.54757,1.12,2.06
2018.05.28 03:27:54.921,1.5474,1.54758,1.12,1.87
2018.05.28 03:27:54.976,1.54742,1.54759,1.00,1.00
2018.05.28 03:27:55.133,1.54742,1.54757,1.00,1.00
2018.05.28 03:27:55.463,1.54742,1.54759,1.00,2.25
2018.05.28 03:27:56.060,1.54743,1.54759,1.00,1.00
2018.05.28 03:27:56.601,1.54743,1.54761,1.00,3.19
2018.05.28 03:27:59.210,1.54743,1.54761,1.00,3.19
2018.05.28 03:27:59.750,1.54743,1.5476,1.00,1.00
2018.05.28 03:28:00.525,1.54743,1.54761,1.00,2.62
2018.05.28 03:28:01.089,1.54743,1.54761,1.00,2.62
2018.05.28 03:28:01.795,1.54743,1.54761,1.00,1.69
2018.05.28 03:28:02.339,1.54743,1.5476,1.19,1.00
2018.05.28 03:28:04.227,1.54742,1.54759,1.19,1.12
2018.05.28 03:28:04.279,1.54741,1.54759,1.31,3.37
2018.05.28 03:28:04.331,1.5474,1.54761,1.69,3.75
2018.05.28 03:28:04.384,1.5474,1.54759,2.62,1.31
2018.05.28 03:28:04.645,1.54742,1.54761,1.69,3.37
2018.05.28 03:28:05.334,1.54742,1.54762,2.06,1.69
2018.05.28 03:28:13.801,1.54742,1.54762,3.19,2.62
2018.05.28 03:28:14.345,1.54743,1.54761,1.25,1.37
2018.05.28 03:28:16.424,1.54743,1.54761,1.19,1.00
2018.05.28 03:28:18.446,1.54743,1.54761,1.25,1.00
2018.05.28 03:28:19.164,1.54743,1.54761,1.00,1.31
2018.05.28 03:28:19.507,1.5474,1.54759,3.19,1.75
2018.05.28 03:28:19.850,1.54741,1.54761,2.25,1.50
2018.05.28 03:28:21.681,1.54741,1.54762,2.81,2.62
2018.05.28 03:28:25.829,1.54741,1.54761,4.12,1.31
2018.05.28 03:28:26.132,1.54741,1.54759,1.75,1.19
2018.05.28 03:28:26.659,1.54742,1.5476,1.00,2.44
2018.05.28 03:28:28.578,1.54739,1.54749,1.50,1.50
2018.05.28 03:28:28.684,1.54734,1.54748,1.00,1.56
2018.05.28 03:28:28.737,1.5473,1.54747,1.50,1.69
2018.05.28 03:28:29.239,1.54729,1.54747,1.62,1.31
2018.05.28 03:28:29.972,1.54729,1.54747,1.81,1.12
2018.05.28 03:28:30.490,1.54729,1.54747,1.50,1.31
2018.05.28 03:28:31.242,1.54729,1.54747,1.37,1.31
2018.05.28 03:28:31.505,1.54727,1.54746,1.50,1.31
2018.05.28 03:28:31.822,1.54728,1.54746,1.12,1.31
2018.05.28 03:28:31.875,1.54729,1.54746,1.50,1.12
2018.05.28 03:28:32.033,1.54728,1.54748,2.25,2.44
2018.05.28 03:28:32.344,1.54726,1.54746,1.12,3.00
2018.05.28 03:28:32.397,1.54724,1.54745,1.31,1.69
2018.05.28 03:28:33.146,1.54724,1.5474,1.31,1.00
2018.05.28 03:28:35.674,1.54724,1.54741,1.31,1.25
2018.05.28 03:28:36.265,1.54724,1.5474,1.31,1.00
2018.05.28 03:28:38.073,1.54724,1.5474,1.12,1.19
2018.05.28 03:28:39.146,1.54724,1.5474,1.12,1.00
2018.05.28 03:28:39.708,1.54724,1.54741,1.31,1.00
2018.05.28 03:28:40.395,1.54724,1.5474,1.31,1.00
2018.05.28 03:28:41.331,1.54724,1.54741,1.31,1.25
2018.05.28 03:28:41.850,1.54724,1.5474,1.31,1.00
2018.05.28 03:28:42.494,1.54724,1.54741,1.31,1.25
2018.05.28 03:28:45.194,1.54724,1.5474,1.75,1.00
2018.05.28 03:28:45.297,1.54724,1.54742,1.31,1.00
2018.05.28 03:28:45.854,1.54724,1.54741,1.31,1.00
2018.05.28 03:28:46.362,1.54724,1.5474,1.31,1.00
2018.05.28 03:28:46.906,1.54724,1.54741,1.31,1.00
2018.05.28 03:28:47.434,1.54724,1.5474,1.12,1.25
2018.05.28 03:28:48.077,1.54724,1.54739,1.12,1.00
2018.05.28 03:28:48.697,1.54724,1.5474,1.12,1.25
2018.05.28 03:28:50.197,1.54724,1.54739,1.12,1.00
2018.05.28 03:28:51.192,1.54724,1.5474,1.31,1.00
2018.05.28 03:28:51.797,1.54725,1.54739,1.00,1.00
2018.05.28 03:28:52.749,1.54725,1.5474,1.00,1.00
2018.05.28 03:28:53.449,1.54725,1.54739,1.00,1.00
2018.05.28 03:28:53.970,1.54725,1.5474,1.00,1.00
2018.05.28 03:28:54.491,1.54725,1.54739,1.00,1.00
2018.05.28 03:28:55.023,1.54725,1.5474,1.00,1.00
2018.05.28 03:28:55.575,1.54725,1.54739,1.00,1.00
2018.05.28 03:28:56.141,1.54725,1.5474,1.00,1.00
2018.05.28 03:28:56.863,1.54725,1.54739,1.00,1.00
2018.05.28 03:28:57.383,1.54725,1.5474,1.00,1.00
2018.05.28 03:28:57.963,1.54725,1.54739,1.00,1.00
2018.05.28 03:28:58.473,1.54725,1.5474,1.00,1.00
2018.05.28 03:28:59.011,1.54725,1.54739,1.00,1.00
2018.05.28 03:28:59.646,1.54725,1.5474,1.00,1.00
2018.05.28 03:29:00.174,1.54725,1.54739,1.00,1.00
2018.05.28 03:29:00.536,1.54725,1.54741,1.00,1.00
2018.05.28 03:29:00.588,1.54722,1.5474,1.25,1.00
2018.05.28 03:29:00.795,1.54722,1.54741,1.12,1.87
2018.05.28 03:29:01.224,1.54722,1.54739,1.12,1.00
2018.05.28 03:29:02.036,1.54722,1.54738,1.12,1.00
2018.05.28 03:29:03.275,1.54722,1.54739,1.12,1.00
2018.05.28 03:29:04.118,1.54722,1.54738,1.12,1.00
2018.05.28 03:29:04.635,1.54721,1.54738,1.12,1.19
2018.05.28 03:29:05.172,1.54717,1.54732,1.19,1.00
2018.05.28 03:29:05.225,1.54717,1.54733,1.12,1.00
2018.05.28 03:29:05.894,1.54716,1.54733,3.00,1.19
2018.05.28 03:29:07.674,1.54715,1.54733,1.12,1.25
2018.05.28 03:29:08.178,1.54716,1.54733,1.50,1.25
2018.05.28 03:29:09.246,1.54716,1.54732,1.31,1.00
2018.05.28 03:29:09.351,1.54718,1.54732,1.12,1.00
2018.05.28 03:29:09.488,1.54718,1.54732,1.00,1.00
2018.05.28 03:29:10.329,1.54719,1.54733,1.00,1.19
2018.05.28 03:29:11.145,1.54718,1.54734,1.12,1.19
2018.05.28 03:29:11.670,1.54719,1.54733,1.00,1.19
2018.05.28 03:29:12.242,1.54718,1.54734,2.62,1.19
2018.05.28 03:29:12.989,1.54717,1.54733,2.25,1.19
2018.05.28 03:29:13.518,1.54718,1.54733,1.00,1.19
2018.05.28 03:29:14.055,1.54717,1.54733,2.25,1.19
2018.05.28 03:29:14.712,1.54718,1.54734,1.00,1.69
2018.05.28 03:29:17.312,1.54717,1.54734,1.87,1.19
2018.05.28 03:29:18.124,1.54718,1.54734,1.00,1.69
2018.05.28 03:29:18.896,1.54717,1.54735,2.44,1.44
2018.05.28 03:29:19.435,1.54718,1.54734,1.00,1.25
2018.05.28 03:29:20.487,1.54717,1.54734,2.25,1.25
2018.05.28 03:29:21.952,1.54718,1.54734,1.00,1.69
2018.05.28 03:29:22.550,1.54717,1.54734,2.25,1.25
2018.05.28 03:29:23.259,1.54717,1.54733,2.25,1.00
2018.05.28 03:29:23.869,1.54717,1.54735,2.25,1.44
2018.05.28 03:29:25.123,1.54718,1.54735,1.00,1.44
2018.05.28 03:29:25.317,1.54718,1.54735,1.00,1.87
2018.05.28 03:29:26.096,1.54717,1.54732,2.25,1.25
2018.05.28 03:29:28.344,1.54718,1.54732,1.00,1.25
2018.05.28 03:29:36.229,1.54718,1.54735,1.25,1.37
2018.05.28 03:29:40.208,1.54718,1.54736,1.00,2.62
2018.05.28 03:29:40.364,1.54718,1.54736,1.19,1.37
2018.05.28 03:29:40.468,1.54719,1.54736,1.56,1.50
2018.05.28 03:29:40.816,1.5472,1.54733,1.00,1.00
2018.05.28 03:29:40.869,1.5472,1.54736,1.50,1.00
2018.05.28 03:29:41.076,1.54721,1.54736,1.12,1.00
2018.05.28 03:29:41.180,1.54721,1.54735,1.50,1.00
2018.05.28 03:29:41.232,1.54719,1.54736,1.12,1.00
2018.05.28 03:29:41.609,1.54721,1.54736,1.37,1.00
2018.05.28 03:29:41.661,1.54719,1.54736,1.87,1.00
2018.05.28 03:29:42.291,1.5472,1.54735,1.00,1.00
2018.05.28 03:29:42.602,1.5472,1.54737,1.00,1.25
2018.05.28 03:29:43.087,1.5472,1.54735,1.00,1.00
2018.05.28 03:29:43.189,1.5472,1.54737,1.00,1.25
2018.05.28 03:29:43.551,1.5472,1.54735,1.00,1.00
2018.05.28 03:29:44.095,1.5472,1.54736,1.50,1.00
2018.05.28 03:29:45.496,1.5472,1.54735,1.00,1.00
2018.05.28 03:29:45.946,1.54721,1.54735,1.37,1.00
2018.05.28 03:29:46.050,1.54718,1.54736,2.06,1.00
2018.05.28 03:29:46.662,1.54718,1.54735,2.06,1.00
2018.05.28 03:29:46.920,1.54719,1.54737,1.00,1.00
2018.05.28 03:29:47.481,1.54719,1.54736,1.00,1.00
2018.05.28 03:29:49.248,1.54718,1.54735,2.25,1.00
2018.05.28 03:29:49.467,1.54719,1.54737,1.00,1.00
2018.05.28 03:29:50.031,1.54719,1.54736,1.00,1.00
2018.05.28 03:29:51.097,1.54718,1.54737,2.06,1.00
2018.05.28 03:29:51.568,1.54718,1.54735,2.44,1.00
2018.05.28 03:29:52.018,1.54718,1.54737,2.25,1.00
2018.05.28 03:29:52.609,1.54719,1.54735,1.00,1.00
2018.05.28 03:29:53.272,1.54718,1.54736,2.25,1.00
2018.05.28 03:29:53.791,1.54725,1.54741,1.00,1.37
2018.05.28 03:29:54.104,1.54727,1.5474,2.25,1.00
2018.05.28 03:29:55.171,1.54727,1.54741,1.50,1.00
2018.05.28 03:29:57.213,1.54727,1.54742,1.50,1.00
2018.05.28 03:29:58.192,1.54727,1.54743,1.50,1.00
2018.05.28 03:29:58.502,1.54729,1.54746,1.12,1.25
2018.05.28 03:29:59.531,1.54729,1.54745,1.12,1.00
2018.05.28 03:30:00.157,1.54731,1.54746,1.19,1.25
2018.05.28 03:30:00.520,1.54731,1.54744,1.25,1.00
2018.05.28 03:30:00.732,1.54731,1.54746,1.25,1.00
2018.05.28 03:30:01.448,1.54732,1.54746,1.00,1.00
2018.05.28 03:30:02.175,1.54731,1.54745,1.69,1.00
2018.05.28 03:30:02.705,1.54732,1.54746,1.00,1.00
2018.05.28 03:30:03.284,1.54732,1.54744,1.00,1.00
2018.05.28 03:30:03.799,1.54731,1.54745,1.69,1.00
2018.05.28 03:30:04.371,1.54731,1.54744,1.25,1.00
2018.05.28 03:30:04.902,1.5473,1.54745,1.31,1.25
2018.05.28 03:30:05.426,1.54729,1.54744,1.69,1.00
2018.05.28 03:30:09.270,1.54729,1.54745,1.69,1.25
2018.05.28 03:30:10.185,1.54729,1.54744,1.69,1.00
2018.05.28 03:30:11.699,1.54729,1.54746,1.69,1.19
2018.05.28 03:30:19.619,1.5473,1.54747,1.75,1.00
2018.05.28 03:30:20.027,1.54728,1.54745,1.12,1.87
2018.05.28 03:30:20.239,1.54728,1.54742,1.12,1.00
2018.05.28 03:30:20.759,1.54728,1.54743,1.12,1.00
2018.05.28 03:30:21.258,1.54728,1.54741,1.12,1.00
2018.05.28 03:30:21.825,1.54728,1.54742,1.12,1.00
2018.05.28 03:30:23.529,1.54728,1.54743,1.12,1.00
2018.05.28 03:30:24.201,1.5473,1.54743,1.00,1.00
2018.05.28 03:30:25.102,1.5473,1.54742,1.00,1.00
2018.05.28 03:30:27.083,1.5473,1.54743,1.00,1.00
2018.05.28 03:30:27.766,1.5473,1.54744,1.00,1.00
2018.05.28 03:30:28.494,1.54731,1.54744,1.00,1.00
2018.05.28 03:30:29.036,1.5473,1.54743,1.00,1.00
2018.05.28 03:30:29.599,1.5473,1.54742,1.00,1.00
2018.05.28 03:30:29.722,1.5473,1.54744,1.00,1.00
2018.05.28 03:30:30.432,1.5473,1.54743,1.00,1.00
2018.05.28 03:30:31.000,1.5473,1.54744,1.00,1.00
2018.05.28 03:30:31.217,1.5473,1.54742,1.00,1.00
2018.05.28 03:30:32.020,1.5473,1.54743,1.00,1.00
2018.05.28 03:30:33.011,1.54734,1.54747,1.56,1.00
2018.05.28 03:30:33.381,1.54735,1.54749,1.87,1.00
2018.05.28 03:30:33.537,1.54737,1.54749,1.00,1.00
2018.05.28 03:30:33.744,1.54733,1.5475,2.06,1.00
2018.05.28 03:30:34.003,1.54733,1.54748,1.19,1.00
2018.05.28 03:30:34.554,1.54733,1.54747,1.44,1.00
2018.05.28 03:30:35.086,1.54733,1.54748,1.44,1.00
2018.05.28 03:30:36.713,1.54733,1.54747,1.19,1.00
2018.05.28 03:30:37.262,1.54733,1.54748,1.19,1.00
2018.05.28 03:30:37.600,1.54733,1.54749,1.62,1.00
2018.05.28 03:30:37.704,1.54733,1.54749,1.37,1.00
2018.05.28 03:30:38.278,1.54733,1.54748,1.37,1.00
2018.05.28 03:30:38.815,1.54733,1.54749,1.37,1.00
2018.05.28 03:30:40.049,1.54733,1.54749,1.37,1.00
2018.05.28 03:30:40.819,1.54738,1.54751,1.25,1.00
2018.05.28 03:30:41.156,1.54738,1.54753,1.12,1.00
2018.05.28 03:30:41.462,1.54737,1.5475,1.12,1.00
2018.05.28 03:30:41.993,1.54736,1.54749,1.62,1.00
2018.05.28 03:30:42.639,1.54736,1.54751,1.56,1.00
2018.05.28 03:30:43.008,1.54738,1.54749,1.00,1.00
2018.05.28 03:30:43.382,1.54738,1.54751,1.87,1.00
2018.05.28 03:30:43.694,1.54738,1.54749,1.87,1.00
2018.05.28 03:30:43.974,1.54738,1.54751,1.87,1.00
2018.05.28 03:30:44.485,1.54737,1.5475,2.62,1.00
2018.05.28 03:30:45.032,1.54736,1.54749,1.87,1.00
2018.05.28 03:30:45.558,1.54736,1.5475,1.50,1.00
2018.05.28 03:30:45.610,1.54736,1.54747,1.87,1.00
2018.05.28 03:30:46.171,1.54735,1.54748,4.69,1.00
2018.05.28 03:30:46.714,1.54735,1.54749,5.44,1.00
2018.05.28 03:30:47.836,1.54735,1.54748,5.44,1.00
2018.05.28 03:30:48.591,1.54735,1.54749,5.44,1.00
2018.05.28 03:30:49.321,1.54736,1.54747,1.50,1.00
2018.05.28 03:30:49.847,1.54736,1.54749,2.25,1.00
2018.05.28 03:30:50.355,1.54736,1.54748,1.87,1.00
2018.05.28 03:30:51.265,1.54735,1.54747,2.81,1.00
2018.05.28 03:30:52.053,1.54735,1.54748,2.81,1.00
2018.05.28 03:30:52.634,1.54735,1.54747,2.81,1.00
2018.05.28 03:30:53.336,1.54735,1.54748,2.81,1.00
2018.05.28 03:30:53.683,1.54735,1.5475,4.31,1.00
2018.05.28 03:30:54.082,1.54738,1.5475,1.50,1.00
2018.05.28 03:30:55.580,1.54738,1.54751,1.00,1.00
2018.05.28 03:30:56.120,1.54738,1.5475,1.00,1.00
2018.05.28 03:30:56.683,1.54736,1.5475,1.50,1.00
2018.05.28 03:30:56.892,1.54734,1.54748,1.69,1.00
2018.05.28 03:30:57.454,1.54734,1.54747,1.69,1.00
2018.05.28 03:31:00.265,1.54734,1.54748,1.69,1.00
2018.05.28 03:31:00.971,1.54733,1.54749,1.31,1.00
2018.05.28 03:31:01.520,1.54733,1.54748,2.06,1.00
2018.05.28 03:31:02.169,1.54733,1.54749,2.06,1.00
2018.05.28 03:31:05.314,1.54734,1.54748,1.69,1.00
2018.05.28 03:31:05.855,1.54734,1.54749,1.31,1.00
2018.05.28 03:31:06.165,1.54732,1.54751,2.81,1.00
2018.05.28 03:31:07.317,1.54734,1.54751,1.31,1.00
2018.05.28 03:31:07.829,1.54734,1.54752,1.31,1.87
2018.05.28 03:31:08.922,1.54734,1.54751,1.31,1.00
2018.05.28 03:31:09.584,1.54734,1.54752,1.31,1.12
2018.05.28 03:31:10.133,1.54734,1.54752,1.31,1.87
2018.05.28 03:31:15.294,1.54735,1.54753,1.19,1.50
2018.05.28 03:31:17.908,1.54735,1.54752,1.19,1.00
2018.05.28 03:31:19.818,1.54735,1.54753,1.19,2.25
2018.05.28 03:31:21.104,1.54735,1.54752,1.69,1.00
2018.05.28 03:31:21.156,1.54735,1.54752,2.25,1.00
2018.05.28 03:31:21.839,1.54735,1.54753,2.25,1.69
2018.05.28 03:31:22.237,1.54737,1.54753,1.19,1.50
2018.05.28 03:31:22.289,1.54735,1.54753,1.69,1.00
2018.05.28 03:31:22.877,1.54735,1.54753,1.69,1.00
2018.05.28 03:31:27.690,1.54737,1.54753,1.44,1.00
2018.05.28 03:31:28.265,1.5474,1.54754,1.00,1.37
2018.05.28 03:31:28.454,1.5474,1.54755,1.00,1.00
2018.05.28 03:31:28.993,1.54739,1.54756,1.19,1.50
2018.05.28 03:31:29.803,1.54739,1.54756,1.19,1.69
2018.05.28 03:31:31.185,1.5474,1.54758,3.00,2.06
2018.05.28 03:31:31.523,1.54744,1.54758,1.31,1.00
2018.05.28 03:31:31.577,1.54744,1.5476,1.31,1.00
2018.05.28 03:31:32.536,1.54744,1.54761,1.31,1.12
2018.05.28 03:31:33.159,1.54743,1.54761,2.06,2.25
2018.05.28 03:31:33.821,1.54743,1.54761,2.06,2.25
2018.05.28 03:31:34.965,1.54743,1.54757,1.19,1.00
2018.05.28 03:31:35.016,1.54741,1.54757,2.44,1.00
2018.05.28 03:31:35.119,1.5474,1.54756,1.00,1.00
2018.05.28 03:31:35.275,1.54743,1.54756,1.31,1.00
2018.05.28 03:31:35.381,1.54743,1.54759,2.06,1.00
2018.05.28 03:31:36.046,1.54743,1.5476,1.12,1.50
2018.05.28 03:31:36.556,1.54743,1.54759,1.12,1.00
2018.05.28 03:31:37.060,1.54746,1.54757,1.00,1.00
2018.05.28 03:31:37.113,1.54746,1.54761,1.00,1.00
2018.05.28 03:31:37.642,1.54745,1.5476,1.12,1.00
2018.05.28 03:31:37.745,1.54745,1.54762,1.12,1.00
2018.05.28 03:31:38.442,1.54745,1.54761,1.12,1.00
2018.05.28 03:31:39.607,1.54745,1.54762,1.12,1.00
2018.05.28 03:31:40.147,1.54745,1.54763,2.06,1.00
2018.05.28 03:31:44.796,1.54746,1.54764,1.50,1.50
2018.05.28 03:31:45.308,1.54746,1.54763,1.50,1.00
2018.05.28 03:31:45.961,1.54746,1.54764,1.50,1.50
2018.05.28 03:31:48.018,1.54745,1.54765,2.81,2.06
2018.05.28 03:31:49.947,1.54748,1.54765,1.37,2.44
2018.05.28 03:31:50.452,1.54748,1.54767,1.62,2.25
2018.05.28 03:31:51.518,1.54748,1.54765,1.62,1.00
2018.05.28 03:31:52.063,1.54748,1.54766,1.62,1.87
2018.05.28 03:31:52.823,1.54748,1.54765,1.62,1.00
2018.05.28 03:31:53.446,1.54748,1.54767,1.62,2.25
2018.05.28 03:31:54.990,1.54749,1.54766,1.37,1.00
2018.05.28 03:31:55.577,1.54749,1.54765,1.37,1.00
2018.05.28 03:31:58.969,1.54754,1.54767,1.00,1.50
2018.05.28 03:31:59.180,1.54754,1.54769,1.00,1.00
2018.05.28 03:31:59.788,1.54754,1.54768,1.50,1.00
2018.05.28 03:31:59.841,1.54754,1.5477,2.25,1.50
2018.05.28 03:31:59.945,1.54756,1.5477,1.00,1.00
2018.05.28 03:32:00.512,1.54754,1.54769,2.25,1.00
2018.05.28 03:32:01.265,1.54754,1.54769,1.12,1.00
2018.05.28 03:32:03.229,1.54757,1.54771,1.00,1.00
2018.05.28 03:32:03.547,1.54753,1.54769,1.69,1.00
2018.05.28 03:32:04.652,1.54751,1.54769,3.00,1.25
2018.05.28 03:32:05.175,1.54751,1.54768,3.00,1.00
2018.05.28 03:32:05.279,1.54751,1.54767,1.12,1.19
2018.05.28 03:32:05.331,1.5475,1.54765,1.87,1.00
2018.05.28 03:32:05.382,1.5475,1.54767,1.87,1.87
2018.05.28 03:32:05.910,1.54751,1.54768,1.87,1.50
2018.05.28 03:32:08.305,1.54754,1.54768,1.25,1.00
2018.05.28 03:32:08.356,1.54754,1.54771,1.25,1.50
2018.05.28 03:32:08.767,1.54754,1.54771,1.19,1.00
2018.05.28 03:32:09.130,1.54751,1.54767,3.19,1.00
2018.05.28 03:32:09.982,1.54751,1.54769,2.06,1.31
2018.05.28 03:32:10.505,1.54752,1.54769,1.12,1.12
2018.05.28 03:32:11.234,1.54752,1.54766,1.12,1.00
2018.05.28 03:32:11.287,1.54752,1.54766,1.69,1.00
2018.05.28 03:32:12.541,1.54752,1.54768,1.69,1.00
2018.05.28 03:32:17.000,1.54752,1.54767,1.00,1.00
2018.05.28 03:32:17.054,1.54749,1.54765,1.19,2.44
2018.05.28 03:32:17.160,1.54747,1.54764,1.00,1.12
2018.05.28 03:32:18.466,1.54747,1.54763,1.00,1.19
2018.05.28 03:32:19.913,1.54747,1.54763,1.00,1.25
2018.05.28 03:32:20.327,1.54749,1.54766,1.00,3.56
2018.05.28 03:32:20.650,1.54751,1.54766,1.00,1.50
2018.05.28 03:32:20.804,1.54753,1.54767,1.00,1.00
2018.05.28 03:32:21.315,1.5475,1.54767,1.31,1.00
2018.05.28 03:32:21.935,1.54752,1.54767,1.12,1.00
2018.05.28 03:32:21.988,1.54755,1.54772,1.37,1.69
2018.05.28 03:32:22.249,1.54754,1.5477,1.87,1.00
2018.05.28 03:32:22.641,1.54753,1.54771,1.00,1.25
2018.05.28 03:32:22.692,1.54753,1.54768,1.00,1.00
2018.05.28 03:32:23.000,1.54753,1.54767,1.12,1.00
2018.05.28 03:32:23.536,1.54752,1.54767,1.37,1.00
2018.05.28 03:32:31.183,1.54752,1.54767,1.12,1.00
2018.05.28 03:32:31.507,1.54749,1.54767,1.62,1.50
2018.05.28 03:32:31.715,1.54749,1.54767,1.56,1.31
2018.05.28 03:32:32.937,1.54749,1.54768,2.06,1.62
2018.05.28 03:32:32.989,1.54749,1.54764,2.06,1.00
2018.05.28 03:32:35.244,1.54749,1.5476,2.06,1.00
2018.05.28 03:32:35.402,1.54749,1.54761,1.00,1.00
2018.05.28 03:32:35.924,1.54748,1.54762,1.00,1.00
2018.05.28 03:32:36.294,1.54747,1.5476,1.25,1.00
2018.05.28 03:32:36.762,1.54748,1.5476,1.37,1.00
2018.05.28 03:32:36.867,1.54749,1.54763,1.37,1.00
2018.05.28 03:32:36.919,1.54748,1.54761,1.50,1.00
2018.05.28 03:32:37.393,1.54748,1.54761,1.69,1.00
2018.05.28 03:32:37.867,1.54748,1.54761,1.25,1.00
2018.05.28 03:32:38.809,1.54748,1.5476,1.00,1.00
2018.05.28 03:32:39.223,1.54748,1.5476,1.19,1.00
2018.05.28 03:32:40.088,1.54749,1.54761,1.19,1.00
2018.05.28 03:32:40.987,1.54749,1.54761,1.19,1.00
2018.05.28 03:32:41.516,1.54749,1.54762,1.69,1.00
2018.05.28 03:32:43.374,1.54749,1.54762,1.50,1.00
2018.05.28 03:32:45.055,1.54751,1.54761,1.00,1.00
2018.05.28 03:32:45.569,1.5475,1.54761,1.00,1.00
2018.05.28 03:32:45.921,1.54753,1.54765,1.19,1.00
2018.05.28 03:32:45.974,1.54753,1.54769,1.19,1.00
2018.05.28 03:32:46.495,1.54752,1.54768,1.12,1.00
2018.05.28 03:32:47.060,1.54756,1.54769,1.69,1.00
2018.05.28 03:32:47.633,1.54756,1.54769,1.69,1.00
2018.05.28 03:32:48.204,1.54756,1.5477,1.69,1.00
2018.05.28 03:32:52.177,1.54754,1.54768,1.25,1.00
2018.05.28 03:32:52.703,1.54754,1.54767,1.25,1.00
2018.05.28 03:32:54.159,1.54754,1.54767,1.19,1.00
2018.05.28 03:32:54.418,1.54754,1.54765,1.19,1.00
2018.05.28 03:32:56.423,1.54752,1.54764,2.25,1.00
2018.05.28 03:32:56.576,1.54752,1.54765,1.19,1.00
2018.05.28 03:32:57.417,1.54752,1.54765,1.19,1.00
2018.05.28 03:32:57.469,1.54752,1.54767,3.19,1.00
2018.05.28 03:32:57.521,1.54755,1.54767,1.19,1.00
2018.05.28 03:32:58.058,1.54755,1.54766,1.50,1.00
2018.05.28 03:32:59.447,1.54753,1.54764,2.06,1.00
2018.05.28 03:32:59.962,1.54752,1.54765,1.44,1.00
2018.05.28 03:33:00.577,1.54752,1.54764,1.44,1.00
2018.05.28 03:33:02.510,1.54752,1.54765,1.44,1.00
2018.05.28 03:33:04.857,1.54752,1.54767,1.44,1.00
2018.05.28 03:33:05.027,1.54751,1.54767,1.50,1.00
2018.05.28 03:33:06.896,1.5475,1.54766,1.69,1.00
2018.05.28 03:33:06.949,1.5475,1.54766,1.69,1.25
2018.05.28 03:33:07.893,1.5475,1.54766,1.50,1.00
2018.05.28 03:33:08.373,1.5475,1.54766,2.25,1.00
2018.05.28 03:33:14.763,1.5475,1.54767,2.25,1.12
2018.05.28 03:33:15.007,1.5475,1.54767,1.87,1.12
2018.05.28 03:33:15.162,1.5475,1.54767,2.62,1.12
2018.05.28 03:33:18.152,1.5475,1.54769,2.81,1.56
2018.05.28 03:33:18.679,1.54754,1.54771,2.81,1.00
2018.05.28 03:33:18.784,1.54755,1.54771,1.25,1.25
2018.05.28 03:33:18.940,1.54756,1.54772,2.06,1.00
2018.05.28 03:33:18.992,1.54756,1.54775,1.56,1.87
2018.05.28 03:33:19.538,1.54756,1.54774,2.44,1.12
2018.05.28 03:33:29.233,1.54758,1.54776,2.44,1.50
2018.05.28 03:33:29.751,1.54759,1.54777,3.00,1.12
2018.05.28 03:33:29.987,1.54759,1.54778,3.00,2.25
2018.05.28 03:33:33.012,1.54759,1.54778,2.06,2.62
2018.05.28 03:33:34.085,1.54758,1.54777,3.00,1.00
2018.05.28 03:33:34.242,1.54762,1.5478,1.50,2.25
2018.05.28 03:33:36.614,1.54762,1.54781,3.00,1.50
2018.05.28 03:33:49.593,1.54763,1.5478,1.19,1.12
2018.05.28 03:33:49.698,1.54761,1.54779,1.44,1.50
2018.05.28 03:33:49.755,1.54759,1.54778,5.25,1.37
2018.05.28 03:33:52.366,1.54757,1.54774,1.50,2.25
2018.05.28 03:33:52.728,1.54756,1.54771,1.19,1.00
2018.05.28 03:33:53.481,1.54756,1.54771,1.00,1.00
2018.05.28 03:33:54.004,1.54756,1.54772,1.00,1.00
2018.05.28 03:33:54.533,1.54755,1.54773,3.19,1.69
2018.05.28 03:33:55.055,1.54755,1.54771,2.44,1.00
2018.05.28 03:33:55.212,1.54755,1.54772,1.31,1.50
2018.05.28 03:33:55.725,1.54753,1.5477,2.06,1.00
2018.05.28 03:33:56.228,1.54753,1.54767,1.12,1.00
2018.05.28 03:33:56.536,1.54753,1.5477,1.69,1.00
2018.05.28 03:33:57.114,1.5475,1.54766,2.25,1.00
2018.05.28 03:33:57.372,1.54748,1.54765,2.44,1.00
2018.05.28 03:33:57.475,1.54748,1.54765,2.44,1.00
2018.05.28 03:33:57.577,1.54747,1.54766,1.69,2.81
2018.05.28 03:33:57.681,1.54748,1.54763,1.00,1.87
2018.05.28 03:33:57.732,1.54746,1.54763,1.25,1.87
2018.05.28 03:33:57.784,1.54744,1.5476,1.19,1.87
2018.05.28 03:33:58.375,1.54741,1.54759,2.25,1.37
2018.05.28 03:33:59.019,1.54741,1.54757,1.81,1.00
2018.05.28 03:33:59.460,1.54745,1.54759,1.19,1.00
2018.05.28 03:33:59.669,1.54746,1.54762,2.06,1.00
2018.05.28 03:34:00.183,1.54748,1.54763,1.19,1.00
2018.05.28 03:34:01.132,1.54748,1.54764,1.50,1.12
2018.05.28 03:34:01.185,1.54747,1.54764,1.25,1.50
2018.05.28 03:34:01.693,1.54748,1.54764,1.00,1.50
2018.05.28 03:34:01.796,1.54751,1.54767,1.44,1.00
2018.05.28 03:34:01.848,1.54751,1.54767,1.19,1.00
2018.05.28 03:34:02.265,1.54752,1.54769,1.31,1.00
2018.05.28 03:34:02.470,1.54751,1.54767,1.62,1.00
2018.05.28 03:34:02.582,1.5475,1.54765,1.12,1.00
2018.05.28 03:34:03.095,1.54747,1.54764,1.31,1.00
2018.05.28 03:34:03.604,1.54747,1.54764,1.31,1.00
2018.05.28 03:34:05.134,1.54747,1.54764,1.31,1.00
2018.05.28 03:34:06.631,1.54747,1.54764,1.31,1.25
2018.05.28 03:34:06.736,1.54743,1.5476,1.31,1.12
2018.05.28 03:34:06.787,1.54741,1.54757,1.69,1.00
2018.05.28 03:34:06.890,1.5474,1.54756,1.25,1.00
2018.05.28 03:34:06.942,1.54739,1.54756,2.44,1.87
2018.05.28 03:34:07.280,1.5474,1.54755,1.31,1.00
2018.05.28 03:34:07.586,1.5474,1.54755,2.06,1.00
2018.05.28 03:34:08.380,1.5474,1.54756,1.87,1.00
2018.05.28 03:34:10.173,1.54741,1.54757,1.56,1.00
2018.05.28 03:34:10.363,1.54745,1.5476,1.31,1.00
2018.05.28 03:34:10.980,1.54746,1.54761,1.19,1.00
2018.05.28 03:34:16.749,1.54744,1.5476,1.19,1.50
2018.05.28 03:34:16.802,1.54742,1.5476,2.06,1.87
2018.05.28 03:34:17.169,1.54743,1.54758,1.56,1.00
2018.05.28 03:34:17.596,1.54745,1.54762,1.31,1.00
2018.05.28 03:34:18.145,1.54745,1.54761,2.06,1.00
2018.05.28 03:34:18.254,1.54744,1.54758,1.00,1.00
2018.05.28 03:34:18.464,1.54742,1.54759,1.31,1.00
2018.05.28 03:34:18.778,1.54746,1.54762,1.56,1.00
2018.05.28 03:34:20.746,1.54747,1.54763,1.31,1.00
2018.05.28 03:34:21.279,1.54747,1.54764,1.31,1.25
2018.05.28 03:34:21.995,1.54748,1.54764,1.31,1.25
2018.05.28 03:34:23.524,1.54748,1.54765,1.31,1.00
2018.05.28 03:34:24.124,1.54748,1.54765,2.06,1.00
2018.05.28 03:34:27.857,1.54749,1.54765,1.31,1.00
2018.05.28 03:34:28.273,1.54751,1.54768,1.87,1.00
2018.05.28 03:34:28.369,1.5475,1.54765,1.19,1.00
2018.05.28 03:34:28.423,1.54749,1.54763,1.19,1.12
2018.05.28 03:34:28.637,1.54747,1.54765,4.69,1.00
2018.05.28 03:34:29.164,1.54749,1.54765,1.69,1.00
2018.05.28 03:34:29.382,1.54747,1.54764,3.00,1.00
2018.05.28 03:34:29.435,1.54746,1.54762,1.81,1.00
2018.05.28 03:34:29.538,1.54749,1.54764,1.19,1.00
2018.05.28 03:34:30.049,1.54749,1.54764,1.19,1.00
2018.05.28 03:34:31.177,1.54749,1.54763,1.19,1.00
2018.05.28 03:34:32.533,1.54746,1.54763,1.69,1.00
2018.05.28 03:34:32.587,1.54747,1.54761,1.00,2.62
2018.05.28 03:34:32.695,1.54741,1.54756,1.25,1.12
2018.05.28 03:34:32.747,1.5474,1.54754,1.31,1.00
2018.05.28 03:34:33.267,1.54738,1.54753,2.06,1.00
2018.05.28 03:34:33.938,1.54738,1.54753,1.31,1.00
2018.05.28 03:34:34.249,1.54736,1.54751,1.56,1.00
2018.05.28 03:34:34.783,1.54736,1.54752,1.56,1.00
2018.05.28 03:34:35.301,1.54734,1.54751,1.56,1.00
2018.05.28 03:34:37.655,1.54734,1.54749,1.56,1.00
2018.05.28 03:34:38.180,1.54734,1.54749,1.81,1.00
2018.05.28 03:34:39.387,1.54734,1.54749,1.56,1.00
2018.05.28 03:34:40.776,1.54734,1.54749,1.25,1.00
2018.05.28 03:34:41.544,1.54733,1.54749,1.19,1.00
2018.05.28 03:34:42.062,1.54734,1.5475,1.31,1.00
2018.05.28 03:34:42.810,1.54733,1.5475,1.50,1.00
2018.05.28 03:34:43.140,1.54733,1.54747,1.31,1.00
2018.05.28 03:34:45.681,1.54734,1.54747,1.56,1.00
2018.05.28 03:34:45.889,1.54733,1.54747,1.50,1.00
2018.05.28 03:34:48.045,1.54733,1.54748,1.31,1.00
2018.05.28 03:34:49.047,1.54733,1.54749,1.31,1.00
2018.05.28 03:34:50.169,1.54733,1.54747,1.31,1.00
2018.05.28 03:34:52.866,1.54733,1.54747,1.19,1.00
2018.05.28 03:34:53.074,1.54732,1.54746,1.00,1.00
2018.05.28 03:34:53.230,1.54729,1.54744,1.56,1.00
2018.05.28 03:34:57.058,1.54729,1.54745,1.62,1.00
2018.05.28 03:35:00.306,1.54728,1.54745,1.31,1.00
2018.05.28 03:35:03.690,1.5473,1.54745,1.56,1.00
2018.05.28 03:35:04.208,1.5473,1.54746,1.56,1.00
2018.05.28 03:35:05.321,1.54729,1.54746,1.56,1.00
2018.05.28 03:35:06.898,1.54728,1.54745,2.44,1.00
2018.05.28 03:35:07.466,1.54729,1.54745,1.81,1.00
2018.05.28 03:35:09.195,1.54729,1.54744,1.37,1.00
2018.05.28 03:35:09.354,1.54729,1.54746,1.44,1.12
2018.05.28 03:35:09.770,1.54728,1.54745,1.69,1.00
2018.05.28 03:35:10.296,1.54728,1.54746,2.44,1.12
2018.05.28 03:35:10.523,1.54728,1.54744,1.19,1.00
2018.05.28 03:35:11.040,1.54729,1.54745,1.25,1.12
2018.05.28 03:35:11.586,1.5473,1.54745,1.00,1.00
2018.05.28 03:35:12.127,1.5473,1.54746,1.19,1.00
2018.05.28 03:35:12.578,1.54729,1.54744,1.31,1.00
2018.05.28 03:35:12.631,1.54728,1.54744,2.06,1.00
2018.05.28 03:35:13.059,1.54727,1.54746,1.94,1.00
2018.05.28 03:35:13.530,1.54729,1.54745,1.12,1.00
2018.05.28 03:35:17.501,1.54731,1.54745,1.12,1.00
2018.05.28 03:35:18.865,1.54731,1.54747,1.12,1.25
2018.05.28 03:35:20.362,1.54732,1.54747,1.37,1.00
2018.05.28 03:35:21.293,1.54733,1.54747,1.12,1.00
2018.05.28 03:35:21.807,1.54733,1.54748,1.12,1.00
2018.05.28 03:35:25.937,1.54734,1.54748,1.00,1.00
2018.05.28 03:35:26.454,1.54733,1.54748,1.37,1.00
2018.05.28 03:35:31.597,1.54731,1.54748,1.50,1.00
2018.05.28 03:35:37.083,1.54733,1.54748,1.50,1.00
2018.05.28 03:35:39.859,1.54731,1.54748,1.00,1.00
2018.05.28 03:35:41.922,1.54733,1.54748,1.00,1.00
2018.05.28 03:35:42.028,1.54733,1.54752,1.87,2.06
2018.05.28 03:35:42.081,1.54735,1.54752,1.31,1.56
2018.05.28 03:35:42.237,1.54733,1.54751,1.50,1.12
2018.05.28 03:35:42.377,1.54734,1.54752,1.00,1.69
2018.05.28 03:35:42.941,1.54734,1.5475,1.00,1.00
2018.05.28 03:35:43.444,1.54733,1.5475,2.06,1.19
2018.05.28 03:35:43.963,1.54732,1.54749,1.31,1.31
2018.05.28 03:35:44.172,1.54731,1.54748,2.81,1.00
2018.05.28 03:35:44.676,1.54731,1.54748,3.19,1.00
2018.05.28 03:35:45.208,1.54732,1.54748,1.50,1.00
2018.05.28 03:35:46.938,1.54733,1.54748,1.19,1.00
2018.05.28 03:35:50.779,1.54732,1.54747,1.69,1.00
2018.05.28 03:35:57.442,1.54732,1.54749,1.69,1.12
2018.05.28 03:35:57.495,1.54732,1.54747,1.87,1.00
2018.05.28 03:35:58.428,1.54732,1.54747,2.44,1.00
2018.05.28 03:35:59.060,1.54732,1.54745,1.19,1.00
2018.05.28 03:35:59.165,1.5473,1.54745,2.44,1.00
2018.05.28 03:35:59.680,1.54731,1.54745,1.00,1.00
2018.05.28 03:36:00.215,1.54731,1.54745,1.19,1.00
2018.05.28 03:36:00.884,1.54731,1.54745,1.25,1.00
2018.05.28 03:36:03.039,1.54731,1.54744,1.25,1.00
2018.05.28 03:36:03.098,1.54731,1.54744,1.12,1.00
2018.05.28 03:36:03.152,1.5473,1.54744,1.31,1.00
2018.05.28 03:36:03.205,1.5473,1.54746,1.31,1.00
2018.05.28 03:36:03.261,1.54733,1.54749,1.12,1.00
2018.05.28 03:36:03.315,1.54735,1.54751,1.25,1.12
2018.05.28 03:36:03.683,1.54735,1.5475,1.50,1.00
2018.05.28 03:36:05.129,1.54735,1.5475,1.50,1.00
2018.05.28 03:36:05.355,1.54738,1.54751,1.56,1.00
2018.05.28 03:36:05.409,1.54739,1.54755,1.56,1.00
2018.05.28 03:36:05.912,1.54737,1.54754,1.56,1.00
2018.05.28 03:36:06.609,1.54736,1.54753,2.25,1.00
2018.05.28 03:36:07.161,1.54737,1.54753,1.31,1.00
2018.05.28 03:36:07.264,1.54737,1.54753,1.25,1.00
2018.05.28 03:36:07.816,1.54737,1.54752,1.25,1.00
2018.05.28 03:36:14.402,1.54737,1.54752,1.19,1.00
2018.05.28 03:36:15.422,1.54741,1.54756,1.31,1.00
2018.05.28 03:36:15.913,1.5474,1.54754,1.50,1.00
2018.05.28 03:36:16.122,1.5474,1.54754,1.00,1.00
2018.05.28 03:36:16.500,1.54742,1.54756,1.19,1.00
2018.05.28 03:36:16.552,1.54742,1.54758,1.31,1.00
2018.05.28 03:36:18.101,1.54742,1.54759,1.50,1.00
2018.05.28 03:36:20.410,1.54742,1.54758,1.50,1.00
2018.05.28 03:36:21.843,1.5474,1.54758,1.12,1.12
2018.05.28 03:36:21.895,1.5474,1.54757,1.12,1.00
2018.05.28 03:36:22.000,1.54739,1.54755,1.19,1.00
2018.05.28 03:36:22.313,1.5474,1.54757,1.31,1.00
2018.05.28 03:36:22.748,1.54739,1.54756,1.31,1.00
2018.05.28 03:36:22.852,1.54745,1.54758,1.00,1.00
2018.05.28 03:36:23.164,1.54746,1.5476,1.75,1.00
2018.05.28 03:36:24.182,1.54741,1.54759,3.00,1.12
2018.05.28 03:36:24.235,1.54741,1.54758,1.69,1.00
2018.05.28 03:36:24.291,1.54739,1.54756,2.06,1.00
2018.05.28 03:36:25.174,1.54739,1.54757,2.06,1.00
2018.05.28 03:36:25.485,1.54738,1.54755,1.75,1.00
2018.05.28 03:36:25.786,1.5474,1.54755,1.50,1.00
2018.05.28 03:36:26.098,1.54743,1.54757,1.19,1.00
2018.05.28 03:36:26.151,1.54747,1.54761,1.25,1.00
2018.05.28 03:36:26.262,1.54746,1.54764,1.31,1.00
2018.05.28 03:36:26.470,1.54748,1.54765,1.31,1.00
2018.05.28 03:36:27.509,1.54748,1.54766,2.06,1.00
2018.05.28 03:36:27.817,1.5475,1.54768,1.56,1.00
2018.05.28 03:36:28.416,1.54752,1.54769,1.56,1.69
2018.05.28 03:36:29.587,1.54753,1.54768,1.00,1.00
2018.05.28 03:36:34.092,1.54752,1.54767,1.37,1.00
2018.05.28 03:36:35.776,1.54752,1.54766,1.37,1.00
2018.05.28 03:36:37.511,1.54752,1.54768,1.56,1.00
2018.05.28 03:36:37.702,1.54753,1.54769,1.94,1.00
2018.05.28 03:36:38.017,1.54754,1.54771,1.12,1.00
2018.05.28 03:36:38.519,1.54754,1.5477,1.12,1.00
2018.05.28 03:36:39.071,1.54755,1.54772,1.19,1.12
2018.05.28 03:36:39.226,1.54752,1.5477,1.31,1.00
2018.05.28 03:36:39.279,1.54752,1.5477,1.31,1.00
2018.05.28 03:36:42.656,1.54752,1.54769,1.31,1.00
2018.05.28 03:36:43.171,1.54752,1.5477,1.31,1.00
2018.05.28 03:36:46.679,1.54754,1.5477,1.62,1.00
2018.05.28 03:36:57.933,1.54756,1.54771,1.56,1.00
2018.05.28 03:36:58.246,1.54756,1.54771,1.81,1.00
2018.05.28 03:36:58.794,1.54756,1.54772,1.56,1.00
2018.05.28 03:37:02.976,1.54753,1.5477,2.44,1.00
2018.05.28 03:37:03.030,1.54753,1.54769,1.00,1.00
2018.05.28 03:37:03.647,1.54751,1.54768,1.50,1.00
2018.05.28 03:37:04.738,1.5475,1.54768,1.56,1.00
2018.05.28 03:37:05.252,1.5475,1.54767,1.56,1.00
2018.05.28 03:37:07.224,1.5475,1.54767,1.75,1.00
2018.05.28 03:37:09.753,1.5475,1.54767,1.56,1.00
2018.05.28 03:37:11.365,1.5475,1.54769,1.56,1.00
2018.05.28 03:37:16.020,1.5475,1.54769,1.75,1.00
2018.05.28 03:37:17.442,1.5475,1.5477,1.81,1.12
2018.05.28 03:37:17.949,1.5475,1.5477,1.81,1.12
2018.05.28 03:37:19.117,1.54748,1.54769,2.19,1.37
2018.05.28 03:37:19.543,1.54751,1.5477,1.62,1.62
2018.05.28 03:37:29.866,1.54747,1.54765,3.19,1.00
2018.05.28 03:37:30.098,1.54748,1.54769,2.00,2.25
2018.05.28 03:37:32.096,1.54748,1.54769,2.25,2.06
2018.05.28 03:37:42.725,1.54748,1.54769,2.06,1.31
2018.05.28 03:37:42.779,1.5475,1.5477,2.06,2.25
2018.05.28 03:37:42.831,1.5475,1.54767,1.25,1.00
2018.05.28 03:37:43.336,1.54751,1.54769,1.00,1.69
2018.05.28 03:37:43.975,1.54751,1.54769,1.00,1.50
2018.05.28 03:37:45.121,1.54751,1.54769,1.00,1.69
2018.05.28 03:37:54.345,1.54749,1.54769,1.87,2.81
2018.05.28 03:37:54.398,1.54749,1.54764,1.44,1.37
2018.05.28 03:37:54.451,1.54748,1.54767,1.50,1.69
2018.05.28 03:37:54.597,1.54748,1.54763,1.50,1.00
2018.05.28 03:37:54.752,1.54748,1.54766,1.37,1.50
2018.05.28 03:37:55.468,1.54748,1.54766,1.87,1.50
2018.05.28 03:37:56.183,1.54749,1.54766,1.00,1.00
2018.05.28 03:37:59.183,1.54748,1.54766,3.37,1.00
2018.05.28 03:37:59.877,1.54749,1.54766,1.00,1.00
2018.05.28 03:38:00.146,1.5475,1.54768,1.19,1.25
2018.05.28 03:38:00.673,1.5475,1.5477,3.56,2.25
2018.05.28 03:38:11.977,1.54752,1.5477,1.69,1.12
2018.05.28 03:38:12.291,1.54747,1.54761,1.25,1.12
2018.05.28 03:38:12.812,1.54744,1.5476,1.31,1.87
2018.05.28 03:38:14.788,1.5474,1.54759,3.19,1.62
2018.05.28 03:38:15.395,1.54743,1.54759,1.19,1.37
2018.05.28 03:38:16.009,1.54739,1.54756,2.06,2.06
2018.05.28 03:38:16.165,1.54738,1.54755,1.00,2.81
2018.05.28 03:38:16.271,1.54737,1.54753,1.25,2.06
2018.05.28 03:38:18.204,1.54736,1.54753,1.19,1.50
2018.05.28 03:38:18.895,1.54735,1.54753,1.69,2.44
2018.05.28 03:38:20.318,1.54735,1.54752,2.25,1.00
2018.05.28 03:38:20.474,1.54736,1.54752,1.50,1.00
2018.05.28 03:38:22.082,1.54736,1.54752,1.00,1.00
2018.05.28 03:38:22.642,1.54734,1.54752,2.44,1.12
2018.05.28 03:38:23.739,1.54736,1.54752,1.00,1.12
2018.05.28 03:38:25.124,1.54736,1.54752,1.44,1.00
2018.05.28 03:38:25.384,1.54735,1.54753,1.31,1.00
2018.05.28 03:38:26.409,1.54735,1.54753,1.75,1.00
2018.05.28 03:38:26.617,1.54735,1.54749,1.31,1.00
2018.05.28 03:38:26.927,1.54732,1.54747,1.87,1.00
2018.05.28 03:38:30.599,1.54734,1.54747,1.00,1.00
2018.05.28 03:38:33.298,1.54734,1.54747,1.19,1.00
2018.05.28 03:38:34.048,1.54734,1.54748,1.25,1.00
2018.05.28 03:38:40.046,1.54734,1.54746,1.69,1.00
2018.05.28 03:38:40.785,1.54734,1.54748,1.50,1.00
2018.05.28 03:38:41.701,1.54734,1.54748,1.19,1.00
2018.05.28 03:38:41.806,1.54735,1.54748,1.62,1.00
2018.05.28 03:38:41.910,1.54736,1.54753,1.75,1.00
2018.05.28 03:38:42.033,1.54738,1.54751,1.12,1.00
2018.05.28 03:38:42.140,1.54743,1.54759,1.37,1.00
2018.05.28 03:38:42.864,1.54743,1.54759,1.69,1.00
2018.05.28 03:38:43.123,1.54743,1.54759,2.06,1.00
2018.05.28 03:38:43.205,1.54744,1.54762,1.62,1.12
2018.05.28 03:38:43.273,1.54747,1.54758,1.00,1.00
2018.05.28 03:38:43.327,1.54743,1.54759,1.00,2.62
2018.05.28 03:38:43.381,1.54741,1.54756,1.37,1.12
2018.05.28 03:38:44.035,1.54742,1.54757,1.69,1.00
2018.05.28 03:38:44.630,1.54741,1.54755,1.50,1.00
2018.05.28 03:38:45.151,1.5474,1.54756,1.87,1.00
2018.05.28 03:38:45.999,1.54742,1.54756,1.19,1.00
2018.05.28 03:38:46.517,1.54742,1.54756,1.19,1.00
2018.05.28 03:38:47.067,1.5474,1.54756,2.00,1.00
2018.05.28 03:38:47.499,1.5474,1.54756,2.25,1.00
2018.05.28 03:38:47.610,1.54741,1.54756,1.87,1.00
2018.05.28 03:38:47.874,1.54743,1.54756,1.44,1.00
2018.05.28 03:38:48.404,1.54741,1.54756,2.25,1.00
2018.05.28 03:38:49.149,1.54742,1.54756,1.31,1.00
2018.05.28 03:38:49.874,1.54742,1.54756,1.62,1.00
2018.05.28 03:38:50.562,1.54742,1.54755,1.37,1.00
2018.05.28 03:38:52.619,1.54741,1.54755,1.87,1.00
2018.05.28 03:38:53.165,1.5474,1.54754,1.50,1.00
2018.05.28 03:38:53.747,1.5474,1.54754,1.69,1.00
2018.05.28 03:39:00.313,1.54739,1.54753,1.12,1.00
2018.05.28 03:39:00.418,1.54737,1.54751,1.81,1.00
2018.05.28 03:39:01.379,1.54736,1.5475,2.25,1.00
2018.05.28 03:39:03.043,1.54736,1.5475,2.25,1.00
2018.05.28 03:39:04.708,1.54737,1.5475,1.81,1.00
2018.05.28 03:39:12.536,1.54736,1.5475,2.25,1.00
2018.05.28 03:39:12.744,1.54738,1.54752,1.75,1.00
2018.05.28 03:39:12.850,1.54742,1.54757,1.00,1.00
2018.05.28 03:39:12.902,1.54741,1.54756,1.31,1.00
2018.05.28 03:39:13.006,1.54747,1.54763,1.31,1.00
2018.05.28 03:39:13.059,1.54748,1.54763,1.69,1.00
2018.05.28 03:39:13.111,1.5475,1.54765,1.31,1.00
2018.05.28 03:39:13.268,1.54753,1.54767,1.31,1.00
2018.05.28 03:39:16.001,1.54753,1.54764,1.00,1.00
2018.05.28 03:39:16.058,1.54748,1.54764,2.81,1.12
2018.05.28 03:39:16.188,1.54746,1.5476,1.94,1.00
2018.05.28 03:39:17.204,1.54746,1.5476,1.12,1.00
2018.05.28 03:39:17.745,1.54745,1.54761,1.37,1.00
2018.05.28 03:39:18.267,1.54747,1.54762,1.56,1.00
2018.05.28 03:39:18.837,1.54744,1.54759,1.31,1.00
2018.05.28 03:39:18.891,1.54746,1.54763,2.06,1.00
2018.05.28 03:39:18.945,1.54746,1.54761,1.12,1.00
2018.05.28 03:39:18.998,1.54747,1.54763,2.25,1.00
2018.05.28 03:39:19.208,1.54747,1.54762,1.37,1.00
2018.05.28 03:39:19.714,1.54748,1.54761,1.31,1.00
2018.05.28 03:39:20.620,1.54748,1.54761,1.50,1.00
2018.05.28 03:39:21.034,1.54746,1.54761,1.62,1.00
2018.05.28 03:39:21.584,1.54746,1.5476,2.81,1.00
2018.05.28 03:39:24.215,1.54746,1.54762,3.00,1.00
2018.05.28 03:39:24.927,1.54746,1.5476,1.75,1.00
2018.05.28 03:39:25.267,1.54745,1.54758,1.87,1.00
2018.05.28 03:39:25.319,1.54747,1.54758,1.00,1.00
2018.05.28 03:39:25.980,1.54747,1.54757,1.00,1.00
2018.05.28 03:39:26.370,1.54743,1.54755,2.62,1.00
2018.05.28 03:39:26.896,1.54743,1.54756,1.81,1.00
2018.05.28 03:39:32.393,1.54743,1.54756,1.31,1.00
2018.05.28 03:39:33.301,1.54743,1.54756,1.12,1.00
2018.05.28 03:39:38.070,1.54743,1.54755,1.12,1.00
2018.05.28 03:39:38.420,1.54741,1.54753,1.50,1.00
2018.05.28 03:39:38.734,1.54736,1.5475,1.81,1.00
2018.05.28 03:39:39.066,1.54736,1.54747,1.81,1.00
2018.05.28 03:39:39.508,1.54736,1.54747,1.81,1.00
2018.05.28 03:39:39.848,1.54736,1.54747,1.31,1.00
2018.05.28 03:39:40.430,1.54735,1.54746,2.00,1.00
2018.05.28 03:39:40.974,1.54732,1.54745,2.62,1.00
2018.05.28 03:39:41.132,1.54733,1.54746,1.12,1.00
2018.05.28 03:39:41.184,1.54729,1.54742,1.94,1.00
2018.05.28 03:39:41.448,1.54728,1.54742,1.56,1.00
2018.05.28 03:39:42.520,1.54727,1.5474,2.06,1.00
2018.05.28 03:39:43.427,1.54727,1.54739,1.50,1.00
2018.05.28 03:39:48.015,1.54728,1.5474,1.50,1.00
2018.05.28 03:39:48.457,1.54729,1.54744,2.44,1.00
2018.05.28 03:39:48.978,1.54731,1.54745,1.50,1.00
2018.05.28 03:39:49.111,1.54728,1.54744,1.87,2.25
2018.05.28 03:39:49.217,1.54727,1.54741,1.12,1.00
2018.05.28 03:39:49.798,1.54727,1.5474,1.12,1.50
2018.05.28 03:39:52.203,1.54725,1.5474,2.44,1.00
2018.05.28 03:39:54.801,1.54725,1.5474,3.38,1.00
2018.05.28 03:39:55.640,1.54725,1.5474,3.19,1.00
2018.05.28 03:39:55.850,1.5473,1.54743,1.87,1.00
2018.05.28 03:39:55.902,1.5473,1.54745,1.87,1.50
2018.05.28 03:39:56.322,1.54728,1.54742,1.75,1.00
2018.05.28 03:39:57.130,1.54728,1.54742,1.81,1.00
2018.05.28 03:39:57.714,1.54727,1.54743,1.31,1.00
2018.05.28 03:39:58.554,1.54725,1.54732,1.31,1.00
2018.05.28 03:39:58.663,1.54716,1.54732,1.75,1.50
2018.05.28 03:39:58.768,1.54713,1.5473,2.00,1.00
2018.05.28 03:39:59.084,1.54713,1.54727,1.44,1.50
2018.05.28 03:39:59.471,1.54713,1.54727,1.87,1.00
2018.05.28 03:40:01.473,1.54713,1.54727,1.56,1.00
2018.05.28 03:40:02.038,1.54713,1.54727,1.56,1.00
2018.05.28 03:40:03.286,1.54713,1.54726,1.56,1.00
2018.05.28 03:40:07.876,1.54711,1.54725,1.69,1.00
2018.05.28 03:40:08.437,1.54711,1.54727,1.81,1.00
2018.05.28 03:40:08.997,1.54711,1.54726,1.81,1.00
2018.05.28 03:40:19.881,1.54711,1.54725,3.37,1.00
2018.05.28 03:40:20.053,1.54711,1.5473,3.19,1.50
2018.05.28 03:40:20.365,1.54714,1.54731,1.19,1.37
2018.05.28 03:40:23.737,1.54714,1.54733,1.87,3.00
2018.05.28 03:40:24.870,1.54714,1.54732,1.37,1.50
2018.05.28 03:40:25.372,1.54713,1.54731,1.19,1.12
2018.05.28 03:40:27.177,1.54713,1.5473,1.44,1.37
2018.05.28 03:40:28.338,1.54713,1.54732,1.31,2.25
2018.05.28 03:40:28.850,1.54713,1.54732,2.25,1.50
2018.05.28 03:40:29.355,1.54714,1.54732,1.19,1.00
2018.05.28 03:40:29.868,1.54714,1.54732,1.69,1.00
2018.05.28 03:40:31.891,1.54714,1.54732,1.69,1.00
2018.05.28 03:40:36.683,1.54714,1.54731,1.19,1.00
2018.05.28 03:40:37.185,1.54714,1.54732,1.69,1.00
2018.05.28 03:40:38.203,1.54714,1.54731,1.69,1.00
2018.05.28 03:40:38.534,1.54719,1.54732,1.37,1.00
2018.05.28 03:40:38.646,1.54717,1.54733,1.12,1.00
2018.05.28 03:40:38.729,1.54712,1.5473,2.06,1.00
2018.05.28 03:40:38.833,1.5471,1.54729,3.56,1.12
2018.05.28 03:40:38.886,1.5471,1.54729,2.81,1.12
2018.05.28 03:40:39.042,1.54711,1.54729,1.69,1.12
2018.05.28 03:40:39.302,1.54711,1.54729,1.19,1.37
2018.05.28 03:40:39.816,1.5471,1.54729,1.69,1.37
2018.05.28 03:40:40.076,1.5471,1.54729,1.31,1.37
2018.05.28 03:40:41.941,1.54709,1.54726,1.81,1.00
2018.05.28 03:40:41.994,1.54707,1.54725,2.25,1.37
2018.05.28 03:40:42.325,1.54703,1.54723,2.25,1.87
2018.05.28 03:40:42.377,1.54702,1.54722,1.87,1.50
2018.05.28 03:40:43.155,1.54699,1.54717,2.44,1.00
2018.05.28 03:40:43.209,1.54699,1.54718,2.00,1.37
2018.05.28 03:40:43.331,1.54698,1.54716,1.87,2.62
2018.05.28 03:40:43.385,1.54698,1.54716,1.44,2.62
2018.05.28 03:40:43.910,1.54698,1.54715,1.19,1.12
2018.05.28 03:40:46.593,1.54696,1.54715,2.81,1.12
2018.05.28 03:40:47.069,1.54696,1.54716,2.81,1.50
2018.05.28 03:40:48.426,1.54698,1.54716,1.31,1.50
2018.05.28 03:40:48.586,1.54699,1.54719,1.69,1.87
2018.05.28 03:40:48.638,1.54701,1.54719,1.50,1.87
2018.05.28 03:40:48.898,1.54701,1.54721,1.87,2.62
2018.05.28 03:40:48.950,1.54703,1.5472,1.87,1.00
2018.05.28 03:40:49.002,1.54703,1.54722,2.06,1.00
2018.05.28 03:40:49.055,1.54703,1.54722,1.12,1.00
2018.05.28 03:40:49.108,1.54703,1.54722,2.06,1.00
2018.05.28 03:40:49.162,1.54705,1.54724,2.25,1.00
2018.05.28 03:40:49.305,1.54708,1.54726,1.37,1.50
2018.05.28 03:40:52.495,1.54709,1.54727,1.25,1.50
2018.05.28 03:40:54.607,1.54709,1.54727,1.19,1.50
2018.05.28 03:40:57.720,1.54709,1.54727,1.88,1.00
2018.05.28 03:41:01.185,1.54708,1.54726,1.12,1.12
2018.05.28 03:41:01.391,1.54707,1.54726,1.75,1.56
2018.05.28 03:41:01.495,1.54708,1.54725,1.81,1.00
2018.05.28 03:41:02.006,1.54709,1.54726,1.31,1.12
2018.05.28 03:41:02.536,1.54709,1.54726,1.31,1.12
2018.05.28 03:41:03.055,1.54708,1.54726,1.50,1.12
2018.05.28 03:41:05.280,1.54709,1.54726,1.62,1.00
2018.05.28 03:41:05.491,1.54707,1.54726,1.44,1.00
2018.05.28 03:41:06.321,1.54717,1.54732,1.00,1.12
2018.05.28 03:41:06.481,1.54719,1.54739,2.44,3.56
2018.05.28 03:41:06.788,1.54723,1.54734,1.00,1.56
2018.05.28 03:41:06.842,1.54716,1.54736,1.20,2.06
2018.05.28 03:41:06.900,1.54716,1.54736,1.50,2.06
2018.05.28 03:41:07.060,1.54719,1.54737,1.31,1.69
2018.05.28 03:41:08.133,1.54718,1.54737,1.25,1.69
2018.05.28 03:41:09.003,1.54718,1.54735,1.19,1.00
2018.05.28 03:41:10.598,1.54718,1.54737,1.31,1.12
2018.05.28 03:41:12.684,1.54719,1.54738,1.94,1.00
2018.05.28 03:41:12.737,1.54721,1.54741,3.19,2.06
2018.05.28 03:41:12.840,1.5472,1.54739,1.56,1.50
2018.05.28 03:41:13.353,1.54722,1.54739,1.00,1.00
2018.05.28 03:41:17.105,1.54718,1.54735,1.12,1.00
2018.05.28 03:41:17.429,1.54722,1.54741,1.81,1.87
2018.05.28 03:41:17.945,1.5472,1.54739,1.87,1.50
2018.05.28 03:41:18.102,1.5472,1.54737,1.12,1.50
2018.05.28 03:41:18.156,1.54718,1.54736,1.19,1.87
2018.05.28 03:41:24.249,1.54717,1.54735,1.37,1.00
2018.05.28 03:41:26.551,1.54722,1.54738,1.75,1.50
2018.05.28 03:41:26.656,1.54729,1.54745,1.31,1.00
2018.05.28 03:41:26.764,1.54728,1.54743,1.12,1.37
2018.05.28 03:41:28.039,1.54725,1.54742,1.69,1.37
2018.05.28 03:41:29.259,1.54725,1.54741,2.44,1.12
2018.05.28 03:41:29.312,1.54724,1.54741,1.69,1.37
2018.05.28 03:41:29.856,1.54723,1.54737,1.81,1.00
2018.05.28 03:41:30.140,1.54723,1.54741,1.75,1.62
2018.05.28 03:41:31.070,1.54723,1.54738,1.56,1.00
2018.05.28 03:41:31.390,1.54724,1.54737,3.19,1.00
2018.05.28 03:41:31.498,1.54725,1.54743,1.69,1.50
2018.05.28 03:41:31.612,1.54724,1.5474,3.56,1.00
2018.05.28 03:41:32.119,1.54725,1.54741,1.69,1.00
2018.05.28 03:41:32.223,1.54727,1.54746,2.06,1.31
2018.05.28 03:41:34.269,1.54726,1.54745,3.19,2.06
2018.05.28 03:41:36.219,1.54727,1.54745,2.06,1.00
2018.05.28 03:41:36.323,1.54728,1.54748,1.69,1.31
2018.05.28 03:41:36.482,1.5473,1.54747,1.12,1.00
2018.05.28 03:41:36.741,1.5473,1.54749,1.12,1.31
2018.05.28 03:41:37.252,1.54731,1.5475,1.31,2.62
2018.05.28 03:41:37.458,1.54729,1.54744,2.62,1.00
2018.05.28 03:41:37.561,1.54728,1.54744,1.12,1.12
2018.05.28 03:41:38.170,1.54724,1.54739,2.81,1.00
2018.05.28 03:41:38.326,1.54724,1.54742,1.31,1.00
2018.05.28 03:41:39.049,1.54725,1.54744,1.69,1.12
2018.05.28 03:41:39.515,1.54725,1.54744,2.06,1.12
2018.05.28 03:41:46.068,1.54725,1.54744,1.75,1.87
2018.05.28 03:41:46.172,1.54726,1.54744,1.37,1.50
2018.05.28 03:41:46.430,1.54725,1.54744,1.12,1.87
2018.05.28 03:41:46.963,1.54727,1.54745,1.00,1.31
2018.05.28 03:41:50.258,1.54724,1.54744,1.31,2.81
2018.05.28 03:41:52.200,1.54723,1.54742,1.69,2.06
2018.05.28 03:41:52.321,1.54728,1.54747,2.81,1.31
2018.05.28 03:41:52.374,1.5473,1.54749,2.06,1.12
2018.05.28 03:41:52.894,1.5473,1.5475,2.00,2.25
2018.05.28 03:41:53.396,1.54731,1.54749,2.62,1.00
2018.05.28 03:41:54.949,1.5473,1.54747,1.00,1.62
2018.05.28 03:41:55.124,1.54726,1.54745,1.00,1.69
2018.05.28 03:41:55.177,1.54727,1.54746,1.37,1.69
2018.05.28 03:41:55.697,1.54727,1.54745,1.12,1.12
2018.05.28 03:41:56.239,1.54726,1.54743,1.31,1.50
2018.05.28 03:41:59.236,1.54724,1.54743,2.06,1.50
2018.05.28 03:41:59.765,1.54725,1.54743,1.31,1.12
2018.05.28 03:42:05.027,1.54723,1.54742,2.06,1.69
2018.05.28 03:42:05.554,1.54725,1.54743,1.25,1.00
2018.05.28 03:42:05.950,1.54723,1.54743,2.06,1.31
2018.05.28 03:42:06.587,1.54723,1.54742,2.44,1.50
2018.05.28 03:42:07.111,1.54725,1.54743,1.00,1.50
2018.05.28 03:42:07.440,1.54726,1.54744,2.06,1.00
2018.05.28 03:42:08.204,1.54724,1.54743,3.19,1.50
2018.05.28 03:42:08.463,1.54722,1.54743,4.69,1.31
2018.05.28 03:42:09.528,1.54723,1.54743,2.06,2.44
2018.05.28 03:42:10.048,1.54724,1.54744,1.50,3.56
2018.05.28 03:42:10.597,1.54724,1.54743,1.50,1.69
2018.05.28 03:42:11.731,1.54723,1.54744,3.19,3.56
2018.05.28 03:42:14.086,1.54728,1.54746,2.06,1.19
2018.05.28 03:42:14.138,1.54731,1.54746,1.50,1.00
2018.05.28 03:42:14.191,1.5473,1.54749,4.50,2.25
2018.05.28 03:42:14.715,1.54731,1.5475,1.00,1.87
2018.05.28 03:42:15.656,1.54731,1.54748,2.06,1.12
2018.05.28 03:42:15.709,1.54731,1.5475,2.44,1.12
2018.05.28 03:42:17.427,1.54731,1.54749,1.31,1.62
2018.05.28 03:42:17.559,1.54732,1.54751,1.00,3.56
2018.05.28 03:42:18.105,1.54732,1.54751,1.19,2.81
2018.05.28 03:42:19.125,1.54731,1.54751,1.31,2.81
2018.05.28 03:42:19.540,1.54732,1.54751,1.19,2.81
2018.05.28 03:42:20.601,1.54731,1.54751,2.62,2.81
2018.05.28 03:42:22.821,1.54731,1.54751,1.87,1.87
2018.05.28 03:42:23.701,1.54733,1.54751,1.37,2.06
2018.05.28 03:42:24.647,1.54737,1.54753,1.00,1.19
2018.05.28 03:42:24.700,1.54736,1.54755,1.56,2.25
2018.05.28 03:42:25.221,1.54736,1.54754,1.37,1.69
2018.05.28 03:42:25.744,1.54735,1.54753,1.62,1.19
2018.05.28 03:42:27.172,1.54734,1.54752,1.50,1.69
2018.05.28 03:42:27.224,1.54732,1.54751,2.81,1.37
2018.05.28 03:42:27.981,1.54732,1.54751,2.81,1.37
2018.05.28 03:42:28.815,1.54732,1.54751,2.06,1.37
2018.05.28 03:42:29.378,1.54732,1.54751,1.50,1.56
2018.05.28 03:42:48.010,1.54731,1.54747,1.69,1.37
2018.05.28 03:42:48.166,1.5473,1.5475,2.06,2.44
2018.05.28 03:42:48.372,1.5473,1.54746,2.06,1.37
2018.05.28 03:42:48.476,1.5473,1.54747,1.25,1.12
2018.05.28 03:42:48.991,1.5473,1.54749,1.69,2.06
2018.05.28 03:42:49.508,1.5473,1.54749,1.00,2.06
2018.05.28 03:42:50.449,1.5473,1.54746,1.50,1.31
2018.05.28 03:42:50.638,1.54726,1.54745,2.06,1.37
2018.05.28 03:42:50.795,1.54729,1.54747,1.31,1.00
2018.05.28 03:42:51.110,1.54728,1.54744,1.87,1.00
2018.05.28 03:42:51.658,1.54728,1.54746,1.00,2.06
2018.05.28 03:42:52.176,1.54726,1.54746,1.62,2.06
2018.05.28 03:42:52.711,1.54728,1.54746,1.00,1.56
2018.05.28 03:42:53.236,1.54726,1.54746,1.62,1.56
2018.05.28 03:42:53.562,1.54725,1.54744,2.81,1.12
2018.05.28 03:42:53.615,1.54725,1.54745,3.94,1.25
2018.05.28 03:43:09.037,1.54732,1.5475,1.12,2.44
2018.05.28 03:43:09.091,1.54732,1.54751,1.62,1.62
2018.05.28 03:43:16.058,1.54732,1.54748,1.00,1.87
2018.05.28 03:43:16.116,1.5473,1.54748,2.62,2.81
2018.05.28 03:43:16.432,1.54727,1.54746,1.69,1.69
2018.05.28 03:43:16.529,1.54727,1.54746,1.25,2.44
2018.05.28 03:43:17.147,1.54727,1.54746,3.00,1.19
2018.05.28 03:43:17.199,1.54727,1.54746,1.00,1.69
2018.05.28 03:43:17.252,1.54727,1.54744,1.00,1.00
2018.05.28 03:43:17.798,1.54726,1.54744,2.25,1.00
2018.05.28 03:43:18.344,1.54727,1.54744,1.00,1.00
2018.05.28 03:43:18.894,1.54726,1.54744,2.25,1.00
2018.05.28 03:43:19.535,1.54727,1.54744,1.00,1.00
2018.05.28 03:43:20.113,1.54726,1.54744,1.69,1.00
2018.05.28 03:43:20.432,1.5473,1.54748,2.25,1.25
2018.05.28 03:43:20.748,1.54728,1.54746,1.50,1.69
2018.05.28 03:43:20.958,1.54727,1.54746,1.00,1.50
2018.05.28 03:43:21.455,1.54726,1.54746,1.12,1.87
2018.05.28 03:43:22.731,1.54724,1.54743,2.63,1.00
2018.05.28 03:43:22.836,1.54727,1.54745,1.00,1.00
2018.05.28 03:43:22.896,1.54727,1.54745,1.00,1.56
2018.05.28 03:43:23.401,1.54724,1.54745,3.00,1.37
2018.05.28 03:43:31.253,1.54727,1.54745,1.00,1.87
2018.05.28 03:43:32.175,1.5473,1.54745,1.00,1.37
2018.05.28 03:43:33.565,1.5473,1.54746,1.00,1.31
2018.05.28 03:43:34.180,1.54732,1.54747,1.00,1.31
2018.05.28 03:43:34.726,1.54731,1.54747,1.00,1.31
2018.05.28 03:43:35.038,1.54735,1.54747,1.00,1.56
2018.05.28 03:43:35.091,1.54735,1.54749,1.00,2.06
2018.05.28 03:43:35.616,1.54736,1.54749,1.00,1.19
2018.05.28 03:43:35.746,1.54734,1.54749,1.00,1.19
2018.05.28 03:43:35.850,1.54734,1.54746,1.00,1.12
2018.05.28 03:43:35.954,1.54734,1.54748,1.00,3.19
2018.05.28 03:43:36.297,1.54736,1.5475,1.00,4.12
2018.05.28 03:43:36.555,1.54738,1.54752,1.00,1.25
2018.05.28 03:43:37.126,1.54739,1.54752,1.00,1.00
2018.05.28 03:43:38.201,1.5474,1.54753,1.00,1.12
2018.05.28 03:43:38.707,1.5474,1.54753,1.00,1.50
2018.05.28 03:43:39.261,1.5474,1.54753,1.00,1.00
2018.05.28 03:43:39.791,1.54741,1.54753,1.00,1.00
2018.05.28 03:43:39.844,1.54743,1.54756,1.00,1.00
2018.05.28 03:43:40.053,1.54745,1.54759,1.00,1.87
2018.05.28 03:43:41.435,1.54741,1.54758,1.19,1.50
2018.05.28 03:43:41.624,1.54742,1.54756,1.00,1.37
2018.05.28 03:43:42.877,1.54743,1.54757,1.00,1.00
2018.05.28 03:43:43.034,1.54744,1.54759,1.00,1.00
2018.05.28 03:43:43.087,1.54746,1.54759,1.00,1.00
2018.05.28 03:43:43.973,1.54743,1.54758,1.00,2.81
2018.05.28 03:43:44.394,1.54744,1.54756,1.00,1.37
2018.05.28 03:43:44.549,1.54744,1.54758,1.00,1.31
2018.05.28 03:43:45.771,1.54743,1.54758,1.00,1.31
2018.05.28 03:43:46.289,1.54742,1.54757,1.00,1.31
2018.05.28 03:43:46.811,1.54743,1.54757,1.00,1.31
2018.05.28 03:43:47.018,1.54743,1.54756,1.00,1.12
2018.05.28 03:43:47.566,1.54743,1.54757,1.00,2.44
2018.05.28 03:43:50.635,1.54741,1.54754,1.00,1.00
2018.05.28 03:43:51.182,1.54742,1.54755,1.00,1.37
2018.05.28 03:43:51.600,1.54742,1.54756,1.00,1.00
2018.05.28 03:43:52.145,1.54742,1.54757,1.00,1.31
2018.05.28 03:43:53.422,1.54741,1.54756,1.00,1.00
2018.05.28 03:43:53.475,1.54741,1.54754,1.00,1.69
2018.05.28 03:43:54.007,1.5474,1.54754,1.00,1.69
2018.05.28 03:43:54.491,1.54743,1.54758,1.00,2.44
2018.05.28 03:43:55.013,1.54742,1.54757,1.00,1.31
2018.05.28 03:43:55.393,1.54744,1.54757,1.00,1.31
2018.05.28 03:43:55.911,1.54743,1.54756,1.00,1.25
2018.05.28 03:44:00.321,1.54744,1.54758,1.00,1.62
2018.05.28 03:44:05.111,1.54745,1.54758,1.00,1.69
2018.05.28 03:44:05.164,1.54743,1.54758,1.00,1.69
2018.05.28 03:44:10.415,1.5474,1.54756,1.00,1.12
2018.05.28 03:44:10.467,1.54742,1.54756,1.00,1.12
2018.05.28 03:44:11.646,1.54743,1.54758,1.00,1.50
2018.05.28 03:44:11.751,1.54743,1.54756,1.00,1.25
2018.05.28 03:44:11.855,1.54743,1.54759,1.00,1.56
2018.05.28 03:44:12.384,1.54744,1.54759,1.00,1.69
2018.05.28 03:44:12.437,1.54747,1.54763,1.00,2.81
2018.05.28 03:44:12.543,1.54749,1.54765,1.00,1.31
2018.05.28 03:44:12.959,1.54748,1.54765,1.00,1.56
2018.05.28 03:44:13.307,1.54759,1.54774,1.00,2.06
2018.05.28 03:44:14.901,1.54757,1.54774,1.25,1.62
2018.05.28 03:44:15.644,1.54758,1.54774,1.25,1.62
2018.05.28 03:44:20.111,1.5476,1.54774,1.00,1.62
2018.05.28 03:44:20.642,1.54754,1.54774,2.06,1.87
2018.05.28 03:44:21.462,1.54755,1.54774,1.12,2.06
2018.05.28 03:44:23.063,1.54754,1.54773,1.69,1.37
2018.05.28 03:44:28.567,1.54756,1.54775,1.56,1.37
2018.05.28 03:44:28.901,1.54756,1.54771,1.00,1.12
2018.05.28 03:44:29.370,1.54754,1.54772,1.00,1.31
2018.05.28 03:44:30.110,1.54754,1.5477,1.19,1.00
2018.05.28 03:44:30.214,1.54754,1.54773,1.87,1.00
2018.05.28 03:44:30.370,1.54754,1.54772,1.50,1.12
2018.05.28 03:44:33.776,1.54752,1.5477,1.50,1.00
2018.05.28 03:44:33.828,1.54751,1.5477,3.19,1.00
2018.05.28 03:44:34.150,1.54751,1.54768,1.00,1.31
2018.05.28 03:44:34.689,1.5475,1.54768,1.25,2.44
2018.05.28 03:44:37.387,1.5475,1.54768,1.19,1.12
2018.05.28 03:44:41.185,1.54747,1.54758,1.44,1.37
2018.05.28 03:44:41.278,1.54746,1.54758,1.50,1.37
2018.05.28 03:44:41.331,1.5474,1.54752,1.00,1.37
2018.05.28 03:44:41.384,1.54734,1.54752,1.75,1.37
2018.05.28 03:44:41.437,1.54734,1.54749,1.62,1.00
2018.05.28 03:44:41.489,1.54733,1.54748,1.00,1.12
2018.05.28 03:44:41.594,1.54729,1.54746,1.57,1.31
2018.05.28 03:44:42.113,1.54729,1.54747,1.31,1.12
2018.05.28 03:44:44.122,1.54731,1.54747,1.00,1.00
2018.05.28 03:44:44.673,1.54731,1.54747,1.19,1.00
2018.05.28 03:44:45.563,1.54731,1.54751,1.19,1.87
2018.05.28 03:44:45.937,1.54733,1.5475,1.87,1.00
2018.05.28 03:44:48.767,1.54733,1.54751,2.06,1.00
2018.05.28 03:44:48.819,1.54733,1.54751,2.06,1.00
2018.05.28 03:44:50.053,1.54733,1.5475,1.37,1.37
2018.05.28 03:44:52.507,1.54732,1.54747,1.25,1.00
2018.05.28 03:44:52.613,1.54728,1.54747,1.44,1.31
2018.05.28 03:44:52.720,1.54727,1.54747,1.12,2.06
2018.05.28 03:44:56.376,1.54727,1.54747,1.50,1.69
2018.05.28 03:45:00.180,1.54727,1.54745,1.50,1.00
2018.05.28 03:45:01.694,1.54725,1.54745,3.37,1.12
2018.05.28 03:45:02.109,1.54725,1.54743,2.25,1.12
2018.05.28 03:45:02.702,1.54725,1.54744,2.62,1.37
2018.05.28 03:45:03.589,1.54725,1.54744,1.69,1.37
2018.05.28 03:45:04.526,1.54725,1.54744,1.69,1.37
2018.05.28 03:45:05.086,1.54725,1.54744,1.50,1.37
2018.05.28 03:45:05.748,1.54725,1.54744,1.50,1.37
2018.05.28 03:45:06.581,1.54725,1.54744,1.50,1.37
2018.05.28 03:45:06.899,1.54722,1.54741,3.00,1.12
2018.05.28 03:45:07.209,1.5472,1.54739,1.69,1.12
2018.05.28 03:45:07.261,1.54721,1.5474,1.63,3.00
2018.05.28 03:45:07.313,1.54724,1.5474,1.37,1.00
2018.05.28 03:45:07.621,1.54725,1.54743,1.31,1.87
2018.05.28 03:45:07.936,1.54723,1.54738,1.44,1.12
2018.05.28 03:45:08.414,1.54721,1.5474,2.25,1.62
2018.05.28 03:45:08.953,1.54721,1.5474,2.06,1.62
2018.05.28 03:45:09.533,1.54722,1.5474,1.25,1.62
2018.05.28 03:45:11.338,1.54722,1.5474,1.44,1.62
2018.05.28 03:45:11.920,1.54722,1.5474,1.50,1.62
2018.05.28 03:45:12.297,1.54723,1.54741,1.88,1.12
2018.05.28 03:45:12.603,1.54726,1.54742,1.19,1.00
2018.05.28 03:45:12.909,1.54726,1.54744,1.19,1.00
2018.05.28 03:45:12.961,1.54726,1.54742,1.19,1.00
2018.05.28 03:45:13.361,1.54726,1.54745,1.87,1.12
2018.05.28 03:45:13.659,1.54727,1.54745,1.00,1.12
2018.05.28 03:45:13.764,1.54724,1.54741,2.06,1.00
2018.05.28 03:45:14.075,1.54724,1.54742,2.06,1.50
2018.05.28 03:45:14.434,1.54723,1.54742,2.25,1.12
2018.05.28 03:45:14.490,1.54723,1.54742,1.69,1.12
2018.05.28 03:45:14.768,1.54724,1.54743,1.12,1.00
2018.05.28 03:45:15.204,1.54723,1.54741,1.50,1.00
2018.05.28 03:45:15.517,1.54722,1.5474,1.12,1.12
2018.05.28 03:45:16.401,1.54722,1.54742,1.69,1.31
2018.05.28 03:45:16.929,1.54724,1.54743,1.25,1.69
2018.05.28 03:45:18.881,1.54723,1.54743,1.19,1.50
2018.05.28 03:45:18.984,1.54722,1.54743,2.06,1.69
2018.05.28 03:45:19.088,1.54722,1.54743,2.44,1.50
2018.05.28 03:45:20.066,1.54723,1.54743,1.31,1.12
2018.05.28 03:45:20.569,1.54724,1.54744,1.31,1.69
2018.05.28 03:45:25.713,1.54723,1.54744,2.06,1.69
2018.05.28 03:45:26.598,1.54723,1.54743,1.56,1.12
2018.05.28 03:45:27.104,1.54723,1.54743,1.56,1.12
2018.05.28 03:45:27.617,1.54723,1.54743,1.56,1.12
2018.05.28 03:45:28.158,1.54724,1.54743,1.00,1.12
2018.05.28 03:45:28.815,1.54723,1.54743,2.00,1.12
2018.05.28 03:45:29.358,1.54724,1.54743,1.00,1.12
2018.05.28 03:45:31.279,1.54723,1.54741,1.87,1.00
2018.05.28 03:45:31.330,1.54725,1.54742,1.00,1.00
2018.05.28 03:45:31.434,1.54725,1.5474,1.00,1.00
2018.05.28 03:45:31.944,1.54723,1.54741,1.19,1.87
2018.05.28 03:45:32.411,1.54722,1.5474,1.12,1.25
2018.05.28 03:45:33.300,1.54722,1.54739,1.25,1.00
2018.05.28 03:45:39.104,1.54721,1.54739,1.12,1.50
2018.05.28 03:45:39.898,1.5472,1.54739,1.25,1.50
2018.05.28 03:45:50.868,1.5472,1.54738,1.25,1.00
2018.05.28 03:45:57.203,1.5472,1.54738,1.87,1.00
2018.05.28 03:45:58.438,1.54723,1.54739,1.12,1.69
2018.05.28 03:45:58.492,1.5472,1.54735,1.12,1.12
2018.05.28 03:45:58.705,1.54718,1.54734,1.25,1.50
2018.05.28 03:45:59.189,1.54718,1.54732,1.31,1.00
2018.05.28 03:45:59.537,1.54717,1.54734,2.44,1.00
2018.05.28 03:45:59.642,1.54718,1.54731,2.06,1.00
2018.05.28 03:45:59.695,1.54718,1.54731,1.87,1.00
2018.05.28 03:46:00.021,1.54717,1.54734,2.06,1.00
2018.05.28 03:46:00.336,1.54718,1.54732,1.62,1.00
2018.05.28 03:46:00.854,1.54717,1.54734,2.62,1.50
2018.05.28 03:46:01.516,1.54717,1.54733,2.44,1.00
2018.05.28 03:46:02.772,1.54717,1.54734,1.75,1.50
2018.05.28 03:46:03.660,1.54717,1.54732,2.06,1.00
2018.05.28 03:46:04.004,1.54717,1.54732,2.25,1.00
2018.05.28 03:46:04.175,1.54717,1.54734,2.25,1.50
2018.05.28 03:46:05.046,1.54717,1.54732,1.81,1.87
2018.05.28 03:46:05.099,1.54716,1.54731,1.56,1.50
2018.05.28 03:46:05.151,1.54713,1.5473,2.44,1.00
2018.05.28 03:46:05.659,1.54715,1.54731,1.25,1.87
2018.05.28 03:46:06.184,1.54713,1.54725,1.00,1.00
2018.05.28 03:46:06.236,1.5471,1.54724,2.06,1.00
2018.05.28 03:46:06.289,1.5471,1.54723,1.00,1.37
2018.05.28 03:46:06.342,1.54705,1.54723,1.31,1.00
2018.05.28 03:46:06.395,1.54706,1.54723,1.50,1.12
2018.05.28 03:46:06.928,1.54709,1.54723,1.12,1.00
2018.05.28 03:46:07.523,1.54709,1.54723,1.31,1.00
2018.05.28 03:46:10.514,1.5471,1.54727,1.19,1.50
2018.05.28 03:46:11.149,1.54708,1.54727,1.50,2.25
2018.05.28 03:46:12.399,1.5471,1.54727,1.19,1.50
2018.05.28 03:46:12.725,1.54717,1.54731,1.19,1.00
2018.05.28 03:46:13.292,1.54716,1.54727,1.00,1.12
2018.05.28 03:46:13.346,1.54714,1.54731,1.87,1.12
2018.05.28 03:46:13.823,1.54714,1.5473,1.25,1.50
2018.05.28 03:46:13.909,1.54716,1.54731,1.37,1.00
2018.05.28 03:46:13.962,1.54719,1.54734,1.25,1.00
2018.05.28 03:46:14.014,1.54719,1.54735,1.69,1.00
2018.05.28 03:46:14.535,1.54719,1.54736,1.69,1.50
2018.05.28 03:46:15.947,1.54719,1.54734,1.00,2.25
2018.05.28 03:46:16.462,1.54716,1.54733,1.19,1.00
2018.05.28 03:46:18.739,1.54717,1.54734,1.69,1.50
2018.05.28 03:46:21.018,1.54718,1.54734,1.69,1.50
2018.05.28 03:46:21.384,1.54719,1.54734,1.56,1.00
2018.05.28 03:46:21.643,1.54719,1.54736,1.56,1.12
2018.05.28 03:46:23.344,1.54719,1.54737,2.44,1.69
2018.05.28 03:46:24.452,1.54719,1.54736,1.19,1.12
2018.05.28 03:46:24.645,1.54709,1.54728,1.19,1.12
2018.05.28 03:46:28.596,1.54711,1.54728,1.00,1.37
2018.05.28 03:46:29.156,1.5471,1.54728,1.69,1.37
2018.05.28 03:46:30.049,1.5471,1.54728,1.88,1.37
2018.05.28 03:46:30.272,1.54713,1.54731,1.69,1.87
2018.05.28 03:46:30.584,1.54717,1.54735,1.56,1.12
2018.05.28 03:46:31.119,1.54718,1.54737,2.06,1.69
2018.05.28 03:46:31.861,1.54719,1.54737,1.69,1.50
2018.05.28 03:46:36.844,1.54721,1.54739,2.25,1.00
2018.05.28 03:46:37.155,1.54725,1.54739,1.19,1.00
2018.05.28 03:46:37.865,1.54724,1.54743,1.56,3.37
2018.05.28 03:46:38.769,1.54721,1.54737,1.69,1.87
2018.05.28 03:46:38.821,1.5472,1.54736,1.31,1.50
2018.05.28 03:46:39.425,1.54718,1.54737,2.06,2.06
2018.05.28 03:46:39.805,1.54719,1.54738,1.62,1.69
2018.05.28 03:46:40.324,1.54718,1.54736,1.56,1.50
2018.05.28 03:46:41.037,1.54718,1.54735,2.06,1.00
2018.05.28 03:46:41.687,1.54718,1.54735,2.06,1.00
2018.05.28 03:46:42.250,1.54718,1.54735,2.44,1.00
2018.05.28 03:46:42.806,1.54718,1.54736,1.69,1.50
2018.05.28 03:46:44.510,1.54718,1.54736,1.69,1.50
2018.05.28 03:46:44.666,1.54718,1.54736,2.44,1.00
2018.05.28 03:46:45.727,1.54719,1.54736,1.62,2.25
2018.05.28 03:46:47.324,1.54719,1.54734,1.62,1.00
2018.05.28 03:46:47.873,1.54719,1.54733,1.62,1.00
2018.05.28 03:46:48.945,1.54718,1.54734,1.94,1.00
2018.05.28 03:46:49.580,1.54718,1.54736,1.94,1.50
2018.05.28 03:46:50.083,1.54718,1.54736,1.94,1.50
2018.05.28 03:46:50.718,1.54719,1.54736,1.12,1.00
2018.05.28 03:46:50.821,1.54719,1.54736,1.12,1.00
2018.05.28 03:46:51.252,1.54722,1.54738,1.69,1.00
2018.05.28 03:46:55.400,1.54722,1.54738,1.56,1.00
2018.05.28 03:46:55.942,1.5472,1.54738,1.12,1.12
2018.05.28 03:46:56.547,1.5472,1.54738,2.81,1.12
2018.05.28 03:46:58.742,1.54722,1.54738,1.12,1.00
2018.05.28 03:46:59.088,1.54724,1.5474,1.12,1.00
2018.05.28 03:47:00.051,1.54725,1.5474,2.06,1.00
2018.05.28 03:47:00.562,1.54724,1.5474,2.81,1.00
2018.05.28 03:47:05.046,1.54725,1.5474,3.19,1.00
2018.05.28 03:47:05.150,1.54727,1.54745,1.50,2.06
2018.05.28 03:47:05.512,1.54727,1.54743,1.12,1.87
2018.05.28 03:47:05.772,1.54727,1.54743,1.19,1.12
2018.05.28 03:47:06.389,1.54725,1.54744,3.37,1.37
2018.05.28 03:47:06.760,1.54726,1.54745,1.56,1.50
2018.05.28 03:47:07.303,1.54726,1.54745,1.56,1.50
2018.05.28 03:47:08.895,1.54726,1.54745,1.56,1.50
2018.05.28 03:47:11.939,1.54726,1.54745,1.56,1.50
2018.05.28 03:47:13.052,1.54726,1.54745,2.06,1.50
2018.05.28 03:47:16.647,1.54726,1.54745,2.06,2.06
2018.05.28 03:47:17.166,1.54727,1.54744,1.56,1.12
2018.05.28 03:47:19.043,1.54726,1.54744,1.37,1.31
2018.05.28 03:47:19.566,1.54725,1.54744,1.56,2.06
2018.05.28 03:47:20.095,1.54725,1.54745,1.69,3.56
2018.05.28 03:47:21.778,1.54725,1.54745,1.69,2.06
2018.05.28 03:47:22.448,1.54725,1.54745,1.31,2.81
2018.05.28 03:47:25.305,1.54728,1.54745,1.19,1.00
2018.05.28 03:47:25.647,1.54731,1.54747,1.19,1.12
2018.05.28 03:47:26.004,1.54729,1.54745,1.19,1.00
2018.05.28 03:47:26.520,1.54729,1.54746,1.44,1.12
2018.05.28 03:47:27.775,1.5473,1.54745,1.19,1.00
2018.05.28 03:47:28.309,1.5473,1.54747,1.19,1.50
2018.05.28 03:47:34.008,1.54733,1.54747,1.00,1.50
2018.05.28 03:47:34.537,1.54731,1.54747,1.19,1.50
2018.05.28 03:47:34.845,1.54731,1.54743,1.25,1.00
2018.05.28 03:47:35.379,1.54731,1.54744,1.25,1.00
2018.05.28 03:47:35.765,1.54731,1.54742,1.25,1.00
2018.05.28 03:47:36.367,1.54731,1.54747,1.25,1.69
2018.05.28 03:47:36.470,1.54729,1.54741,1.00,1.00
2018.05.28 03:47:36.783,1.54728,1.54742,1.00,1.31
2018.05.28 03:47:37.326,1.54727,1.54742,1.25,1.31
2018.05.28 03:47:37.958,1.54727,1.54742,1.19,1.31
2018.05.28 03:47:38.720,1.54727,1.54742,1.00,1.31
2018.05.28 03:47:41.122,1.54728,1.54742,1.00,1.31
2018.05.28 03:47:42.376,1.54726,1.54741,1.25,1.50
2018.05.28 03:47:46.809,1.54726,1.54741,1.25,2.62
2018.05.28 03:47:48.154,1.54728,1.54741,1.00,2.62
2018.05.28 03:47:49.326,1.54728,1.54741,1.00,1.50
2018.05.28 03:47:51.022,1.54728,1.54741,1.00,1.37
2018.05.28 03:47:54.630,1.54727,1.54741,1.00,1.50
2018.05.28 03:47:55.179,1.54726,1.5474,1.25,1.00
2018.05.28 03:47:56.968,1.54726,1.54741,1.19,1.50
2018.05.28 03:47:58.706,1.54726,1.5474,1.19,1.12
2018.05.28 03:47:58.812,1.54726,1.54741,1.25,1.00
2018.05.28 03:47:59.255,1.54725,1.5474,1.25,1.69
2018.05.28 03:47:59.813,1.54725,1.5474,1.25,1.31
2018.05.28 03:48:00.153,1.54728,1.5474,1.00,2.06
2018.05.28 03:48:00.208,1.54726,1.54738,1.00,1.37
2018.05.28 03:48:00.261,1.54723,1.54735,1.00,1.69
2018.05.28 03:48:00.312,1.54722,1.54732,1.00,1.31
2018.05.28 03:48:00.365,1.5472,1.54732,1.00,1.31
2018.05.28 03:48:00.417,1.54721,1.54733,1.00,1.19
2018.05.28 03:48:00.470,1.54716,1.54729,1.00,1.50
2018.05.28 03:48:00.522,1.54714,1.54729,1.25,1.00
2018.05.28 03:48:00.628,1.54718,1.54731,1.00,1.25
2018.05.28 03:48:00.734,1.54718,1.54733,1.37,1.00
2018.05.28 03:48:01.049,1.54718,1.54735,1.37,2.06
2018.05.28 03:48:05.159,1.54719,1.54734,1.25,1.00
2018.05.28 03:48:05.721,1.54719,1.54735,1.25,1.50
2018.05.28 03:48:06.512,1.54719,1.54734,1.25,1.50
2018.05.28 03:48:07.346,1.54719,1.54735,1.25,1.50
2018.05.28 03:48:07.678,1.54718,1.54734,1.19,1.87
2018.05.28 03:48:07.782,1.54718,1.54734,1.25,1.12
2018.05.28 03:48:07.992,1.54721,1.54735,1.25,1.87
2018.05.28 03:48:08.463,1.54725,1.54737,1.25,1.00
2018.05.28 03:48:08.668,1.54724,1.54741,1.12,3.19
2018.05.28 03:48:09.593,1.54725,1.5474,1.00,1.25
2018.05.28 03:48:09.699,1.54725,1.54741,2.06,1.00
2018.05.28 03:48:10.107,1.54725,1.54741,1.25,1.50
2018.05.28 03:48:10.262,1.54725,1.54739,1.00,1.00
2018.05.28 03:48:10.791,1.54725,1.5474,1.00,1.00
2018.05.28 03:48:11.275,1.54723,1.54739,1.00,1.69
2018.05.28 03:48:11.378,1.54721,1.54736,1.25,1.12
2018.05.28 03:48:11.481,1.54721,1.54732,1.69,1.00
2018.05.28 03:48:11.583,1.5472,1.54737,1.19,1.50
2018.05.28 03:48:11.763,1.5472,1.54737,1.19,1.37
2018.05.28 03:48:11.971,1.54718,1.54735,1.44,1.50
2018.05.28 03:48:13.430,1.54714,1.54734,2.25,1.00
2018.05.28 03:48:13.588,1.54714,1.54732,1.50,1.00
2018.05.28 03:48:13.692,1.54714,1.54732,1.31,1.00
2018.05.28 03:48:14.133,1.54712,1.5473,1.31,1.37
2018.05.28 03:48:14.542,1.54711,1.5473,2.62,1.50
2018.05.28 03:48:14.594,1.54711,1.5473,1.69,2.25
2018.05.28 03:48:14.647,1.54711,1.5473,1.87,2.25
2018.05.28 03:48:17.223,1.54712,1.54731,2.62,2.62
2018.05.28 03:48:17.780,1.54714,1.5473,2.25,1.00
2018.05.28 03:48:18.397,1.54713,1.54731,1.81,1.12
2018.05.28 03:48:18.944,1.54713,1.5473,1.19,1.00
2018.05.28 03:48:19.272,1.54711,1.5473,1.50,1.12
2018.05.28 03:48:19.494,1.5471,1.5473,2.25,1.12
2018.05.28 03:48:20.013,1.54711,1.5473,1.50,1.12
2018.05.28 03:48:24.026,1.54711,1.54729,1.19,1.37
2018.05.28 03:48:27.542,1.54711,1.54729,1.44,1.12
2018.05.28 03:48:29.427,1.54709,1.54729,1.37,1.87
2018.05.28 03:48:35.644,1.54709,1.54729,1.31,2.81
2018.05.28 03:48:35.850,1.54709,1.54729,1.87,2.62
2018.05.28 03:48:36.163,1.54709,1.54729,3.00,1.37
2018.05.28 03:48:37.796,1.5471,1.54729,1.50,1.37
2018.05.28 03:48:38.363,1.54709,1.54725,1.37,1.37
2018.05.28 03:48:38.674,1.54706,1.54722,1.50,1.87
2018.05.28 03:48:39.205,1.54707,1.54723,1.44,1.87
2018.05.28 03:48:39.777,1.54706,1.54721,1.44,1.50
2018.05.28 03:48:40.139,1.54706,1.54721,1.37,1.12
2018.05.28 03:48:40.191,1.54706,1.54721,1.37,1.12
2018.05.28 03:48:40.504,1.54706,1.54723,1.37,1.12
2018.05.28 03:48:40.784,1.54706,1.54721,1.37,1.12
2018.05.28 03:48:41.284,1.54706,1.54722,1.44,1.00
2018.05.28 03:48:41.442,1.54706,1.54725,1.44,1.50
2018.05.28 03:48:42.113,1.54706,1.54721,1.50,1.00
2018.05.28 03:48:42.166,1.54705,1.54721,1.25,1.25
2018.05.28 03:48:42.271,1.54703,1.54721,1.00,1.19
2018.05.28 03:48:42.410,1.547,1.54718,1.19,1.50
2018.05.28 03:48:43.022,1.54699,1.54716,1.19,1.00
2018.05.28 03:48:43.538,1.54699,1.54717,1.19,1.50
2018.05.28 03:48:44.045,1.54699,1.54716,1.19,1.00
2018.05.28 03:48:44.481,1.54696,1.54714,1.44,1.00
2018.05.28 03:48:44.584,1.54695,1.54715,1.19,3.00
2018.05.28 03:48:44.637,1.54695,1.54713,1.19,1.19
2018.05.28 03:48:44.988,1.54695,1.54713,1.19,1.00
2018.05.28 03:48:45.522,1.54694,1.54712,1.19,1.00
2018.05.28 03:48:46.053,1.54694,1.54713,1.19,1.69
2018.05.28 03:48:49.143,1.54694,1.54712,1.19,1.00
2018.05.28 03:48:52.778,1.54693,1.54712,1.19,1.25
2018.05.28 03:48:53.297,1.54693,1.54711,1.19,1.00
2018.05.28 03:48:53.806,1.54693,1.54712,1.19,1.25
2018.05.28 03:48:57.965,1.54693,1.54713,1.19,2.62
2018.05.28 03:48:58.017,1.54692,1.54711,1.25,1.64
2018.05.28 03:48:58.172,1.54689,1.5471,1.87,1.39
2018.05.28 03:49:10.648,1.54692,1.5471,1.00,1.31
2018.05.28 03:49:11.708,1.54693,1.5471,1.00,2.06
2018.05.28 03:49:15.581,1.54693,1.5471,1.00,1.56
2018.05.28 03:49:15.634,1.54697,1.54711,1.00,1.87
2018.05.28 03:49:15.792,1.54698,1.54715,1.00,2.14
2018.05.28 03:49:16.207,1.54696,1.54716,1.25,2.62
2018.05.28 03:49:21.771,1.54697,1.54716,1.00,1.87
2018.05.28 03:49:23.356,1.54696,1.54716,1.25,1.87
2018.05.28 03:49:24.065,1.54699,1.54716,1.00,1.69
2018.05.28 03:49:34.159,1.54699,1.54715,1.00,1.56
2018.05.28 03:49:34.708,1.54699,1.54715,1.00,1.56
2018.05.28 03:49:34.820,1.547,1.54716,1.00,1.69
2018.05.28 03:49:35.337,1.54701,1.54717,1.00,1.31
2018.05.28 03:49:35.571,1.54699,1.54717,1.25,1.31
2018.05.28 03:49:36.785,1.54698,1.54717,1.69,1.31
2018.05.28 03:49:37.097,1.54699,1.54715,1.19,1.12
2018.05.28 03:49:37.717,1.54699,1.54715,1.00,1.31
2018.05.28 03:49:38.382,1.54699,1.54714,1.00,1.31
2018.05.28 03:49:39.099,1.54699,1.54713,1.00,1.00
2018.05.28 03:49:39.256,1.54697,1.54713,1.50,1.25
2018.05.28 03:49:39.359,1.54696,1.54713,1.00,1.19
2018.05.28 03:49:39.477,1.54696,1.54713,1.25,1.25
2018.05.28 03:49:39.632,1.54696,1.5471,1.00,1.12
2018.05.28 03:49:39.683,1.54696,1.54714,1.00,2.06
2018.05.28 03:49:40.197,1.54696,1.54715,1.87,1.31
2018.05.28 03:49:40.744,1.54697,1.54715,1.00,1.31
2018.05.28 03:49:40.847,1.54696,1.54715,1.69,1.31
2018.05.28 03:49:41.256,1.54697,1.54715,1.25,1.50
2018.05.28 03:49:41.757,1.54698,1.54716,1.00,2.06
2018.05.28 03:49:43.164,1.54697,1.54713,1.25,1.31
2018.05.28 03:49:43.485,1.54696,1.54709,1.00,1.00
2018.05.28 03:49:44.095,1.54695,1.54709,1.00,1.00
2018.05.28 03:49:44.405,1.54694,1.54709,1.00,1.62
2018.05.28 03:49:48.110,1.54694,1.54709,1.44,1.37
2018.05.28 03:49:48.369,1.54696,1.54711,1.19,1.12
2018.05.28 03:49:48.525,1.54698,1.54713,1.31,1.00
2018.05.28 03:49:48.630,1.54698,1.54716,1.12,2.25
2018.05.28 03:49:48.736,1.54698,1.54716,1.19,1.12
2018.05.28 03:49:49.104,1.54699,1.54717,1.00,1.31
2018.05.28 03:49:49.215,1.54699,1.54718,1.19,1.50
2018.05.28 03:49:49.554,1.547,1.54718,1.19,2.62
2018.05.28 03:49:50.566,1.54699,1.54718,1.44,1.12
2018.05.28 03:49:50.926,1.54698,1.54715,1.00,1.31
2018.05.28 03:49:55.199,1.54697,1.54715,1.00,1.31
2018.05.28 03:49:55.727,1.54697,1.54712,1.00,1.00
2018.05.28 03:49:57.125,1.54697,1.54712,1.19,1.00
2018.05.28 03:49:57.502,1.54699,1.54713,1.25,1.00
2018.05.28 03:49:58.368,1.54698,1.54715,1.19,2.06
2018.05.28 03:50:01.059,1.54698,1.54713,1.00,1.37
2018.05.28 03:50:01.760,1.54698,1.54715,1.25,1.56
2018.05.28 03:50:02.381,1.54698,1.54714,1.25,1.31
2018.05.28 03:50:04.198,1.54698,1.54715,1.25,3.56
2018.05.28 03:50:04.301,1.54698,1.54713,1.25,1.37
2018.05.28 03:50:09.168,1.54697,1.54714,1.19,1.00
2018.05.28 03:50:09.220,1.54697,1.54714,1.19,1.37
2018.05.28 03:50:13.709,1.54699,1.54714,1.00,1.37
2018.05.28 03:50:14.825,1.54699,1.54714,1.19,1.37
2018.05.28 03:50:15.758,1.54698,1.54714,1.19,1.37
2018.05.28 03:50:15.967,1.54699,1.54715,1.44,1.62
2018.05.28 03:50:16.352,1.54701,1.54718,1.25,1.50
2018.05.28 03:50:16.404,1.54704,1.54719,1.19,1.12
2018.05.28 03:50:16.744,1.54705,1.54721,1.37,1.12
2018.05.28 03:50:16.900,1.54705,1.54721,1.19,1.12
2018.05.28 03:50:17.624,1.54703,1.54721,1.50,1.12
2018.05.28 03:50:18.138,1.54703,1.5472,1.50,1.12
2018.05.28 03:50:19.412,1.54703,1.5472,1.31,1.12
2018.05.28 03:50:21.470,1.54703,1.5472,1.31,1.31
2018.05.28 03:50:22.716,1.54703,1.54717,1.25,1.00
2018.05.28 03:50:26.585,1.54702,1.54719,1.25,1.12
2018.05.28 03:50:30.719,1.54703,1.5472,1.19,1.37
2018.05.28 03:50:31.273,1.54705,1.5472,1.00,1.37
2018.05.28 03:50:31.543,1.54703,1.5472,1.25,1.37
2018.05.28 03:50:35.832,1.547,1.54718,1.87,1.12
2018.05.28 03:50:36.414,1.547,1.54718,2.44,1.12
2018.05.28 03:50:36.624,1.547,1.54718,2.25,1.31
2018.05.28 03:50:37.150,1.54698,1.54713,1.00,1.00
2018.05.28 03:50:37.307,1.54694,1.54712,1.31,1.25
2018.05.28 03:50:48.868,1.54692,1.54711,1.69,2.06
2018.05.28 03:50:52.516,1.54693,1.54712,1.00,2.06
2018.05.28 03:50:53.169,1.54701,1.54715,1.19,1.62
2018.05.28 03:50:53.225,1.54699,1.54718,1.12,1.12
2018.05.28 03:50:53.329,1.54699,1.54716,1.19,1.00
2018.05.28 03:50:53.381,1.54698,1.54716,1.19,1.00
2018.05.28 03:50:53.539,1.547,1.54718,1.19,1.12
2018.05.28 03:50:54.089,1.54697,1.54716,1.37,1.00
2018.05.28 03:50:55.600,1.54698,1.54716,1.19,1.50
2018.05.28 03:50:58.318,1.54696,1.54716,1.37,2.44
2018.05.28 03:50:58.824,1.54696,1.54716,1.44,2.25
2018.05.28 03:51:01.558,1.54694,1.54715,1.44,2.06
2018.05.28 03:51:02.074,1.54694,1.54713,1.37,1.00
2018.05.28 03:51:02.284,1.54698,1.54715,1.19,1.50
2018.05.28 03:51:02.403,1.54695,1.54713,1.44,1.12
2018.05.28 03:51:03.308,1.54694,1.54713,1.19,1.31
2018.05.28 03:51:03.418,1.54694,1.54715,1.19,3.94
2018.05.28 03:51:03.576,1.54696,1.54714,1.19,1.31
2018.05.28 03:51:05.250,1.54702,1.54717,1.19,1.00
2018.05.28 03:51:05.770,1.54701,1.5472,1.37,2.62
2018.05.28 03:51:05.822,1.54701,1.54716,1.25,1.00
2018.05.28 03:51:05.875,1.54697,1.54715,1.19,1.31
2018.05.28 03:51:05.927,1.54695,1.54715,1.69,1.31
2018.05.28 03:51:07.438,1.54702,1.54719,1.19,1.87
2018.05.28 03:51:08.071,1.54702,1.54718,1.19,1.50
2018.05.28 03:51:08.123,1.54699,1.54717,1.12,1.31
2018.05.28 03:51:08.488,1.54702,1.54716,1.25,1.75
2018.05.28 03:51:08.542,1.54702,1.54718,1.19,1.00
2018.05.28 03:51:08.750,1.547,1.54715,1.25,1.50
2018.05.28 03:51:08.804,1.54699,1.54715,1.19,1.87
2018.05.28 03:51:08.909,1.54694,1.54714,1.37,1.62
2018.05.28 03:51:09.418,1.54697,1.54715,1.00,2.06
2018.05.28 03:51:09.746,1.54695,1.54712,1.25,1.00
2018.05.28 03:51:10.933,1.54696,1.54714,1.00,1.69
2018.05.28 03:51:11.450,1.54695,1.54712,1.12,1.00
2018.05.28 03:51:12.170,1.54696,1.54712,1.19,1.00
2018.05.28 03:51:14.370,1.54696,1.54712,1.00,1.00
2018.05.28 03:51:14.544,1.54694,1.54712,1.25,1.87
2018.05.28 03:51:14.856,1.54695,1.54712,1.19,1.00
2018.05.28 03:51:15.322,1.54695,1.54715,1.37,2.44
2018.05.28 03:51:15.375,1.54697,1.54712,1.19,1.00
2018.05.28 03:51:15.816,1.547,1.54716,1.00,2.81
2018.05.28 03:51:15.870,1.54698,1.54716,1.37,1.75
2018.05.28 03:51:16.027,1.547,1.54718,1.19,1.69
2018.05.28 03:51:16.182,1.547,1.54719,1.44,1.50
2018.05.28 03:51:16.233,1.547,1.54719,1.44,1.31
2018.05.28 03:51:16.616,1.547,1.54721,1.44,2.62
2018.05.28 03:51:16.669,1.547,1.54721,1.25,3.37
2018.05.28 03:51:16.774,1.54701,1.54719,1.25,1.69
2018.05.28 03:51:16.826,1.54702,1.5472,1.00,2.44
2018.05.28 03:51:17.369,1.54702,1.5472,1.25,1.12
2018.05.28 03:51:18.767,1.54703,1.54722,1.19,3.00
2018.05.28 03:51:19.858,1.54702,1.5472,1.44,2.25
2018.05.28 03:51:19.911,1.54703,1.5472,1.44,2.25
2018.05.28 03:51:21.486,1.54702,1.5472,1.44,1.50
2018.05.28 03:51:21.750,1.54704,1.54723,1.19,2.06
2018.05.28 03:51:22.062,1.54708,1.54725,1.19,1.50
2018.05.28 03:51:22.683,1.54707,1.54725,1.00,1.31
2018.05.28 03:51:23.236,1.54706,1.54726,1.25,2.62
2018.05.28 03:51:24.967,1.54708,1.54727,1.19,3.75
2018.05.28 03:51:25.277,1.54709,1.54727,1.44,1.56
2018.05.28 03:51:30.791,1.54709,1.54727,1.25,2.81
2018.05.28 03:51:30.847,1.54706,1.54724,1.19,1.37
2018.05.28 03:51:31.158,1.54706,1.54725,1.19,3.19
2018.05.28 03:51:37.484,1.54705,1.54723,1.19,1.12
2018.05.28 03:51:37.900,1.54706,1.54724,1.19,1.37
2018.05.28 03:51:38.042,1.54707,1.54727,1.19,3.56
2018.05.28 03:51:38.421,1.54707,1.54726,1.19,1.87
2018.05.28 03:51:40.422,1.54707,1.54726,1.25,2.62
2018.05.28 03:51:49.967,1.54707,1.54726,1.19,3.37
2018.05.28 03:51:52.748,1.54708,1.54726,1.12,2.44
2018.05.28 03:51:52.800,1.54709,1.54726,1.25,1.00
2018.05.28 03:51:52.852,1.54709,1.54727,1.50,1.00
2018.05.28 03:51:53.567,1.54711,1.54729,1.44,2.06
2018.05.28 03:51:54.195,1.54709,1.54727,1.37,1.12
2018.05.28 03:51:54.301,1.54707,1.54726,1.50,2.81
2018.05.28 03:51:54.459,1.54709,1.54725,1.44,1.00
2018.05.28 03:51:54.512,1.54709,1.54728,1.37,1.69
2018.05.28 03:51:54.670,1.54709,1.54728,1.37,1.50
2018.05.28 03:51:55.294,1.5471,1.54728,1.19,1.69
2018.05.28 03:51:55.347,1.54707,1.54725,1.87,1.50
2018.05.28 03:51:55.453,1.54707,1.54725,1.87,1.31
2018.05.28 03:51:55.559,1.54705,1.54724,1.25,1.50
2018.05.28 03:51:58.058,1.54705,1.54725,1.19,4.31
2018.05.28 03:52:03.650,1.54706,1.54723,1.19,1.00
2018.05.28 03:52:03.755,1.54706,1.54723,1.19,2.25
2018.05.28 03:52:03.963,1.54706,1.54723,1.19,1.50
2018.05.28 03:52:06.496,1.54706,1.54723,1.19,1.87
2018.05.28 03:52:06.599,1.54706,1.54723,1.19,1.50
2018.05.28 03:52:07.515,1.54706,1.54723,1.19,1.50
2018.05.28 03:52:08.342,1.54706,1.54723,1.19,1.50
2018.05.28 03:52:08.907,1.54705,1.54723,1.19,2.25
2018.05.28 03:52:12.299,1.54705,1.54723,1.44,2.62
2018.05.28 03:52:12.352,1.54705,1.54723,1.44,3.37
2018.05.28 03:52:12.404,1.547,1.54717,1.19,1.12
2018.05.28 03:52:12.456,1.54699,1.54717,1.00,2.06
2018.05.28 03:52:12.613,1.54699,1.54717,1.87,1.31
2018.05.28 03:52:13.153,1.54701,1.54717,1.00,1.31
2018.05.28 03:52:13.381,1.54698,1.54717,1.50,2.06
2018.05.28 03:52:14.528,1.54701,1.54714,1.25,1.00
2018.05.28 03:52:15.038,1.547,1.54717,1.19,1.69
2018.05.28 03:52:15.545,1.547,1.54716,1.19,1.31
2018.05.28 03:52:23.234,1.54699,1.54715,1.25,1.69
2018.05.28 03:52:24.383,1.547,1.54716,1.00,3.56
2018.05.28 03:52:24.974,1.54699,1.54716,1.19,3.56
2018.05.28 03:52:31.926,1.54699,1.54716,1.19,1.12
2018.05.28 03:52:32.371,1.547,1.54716,1.00,2.81
2018.05.28 03:52:32.562,1.54699,1.54715,1.25,1.12
2018.05.28 03:52:32.872,1.54699,1.54715,1.19,1.12
2018.05.28 03:52:34.151,1.54699,1.54713,1.19,1.12
2018.05.28 03:52:34.475,1.54697,1.54709,1.00,1.37
2018.05.28 03:52:34.583,1.54695,1.5471,1.25,1.12
2018.05.28 03:52:36.558,1.54696,1.5471,1.00,1.12
2018.05.28 03:52:40.042,1.54696,1.5471,1.19,1.12
2018.05.28 03:52:41.118,1.54694,1.54711,1.19,1.00
2018.05.28 03:52:41.171,1.54693,1.54709,1.19,1.00
2018.05.28 03:52:41.275,1.54694,1.54711,1.19,1.87
2018.05.28 03:52:41.378,1.54692,1.54709,1.44,1.12
2018.05.28 03:52:42.030,1.54692,1.54709,1.19,2.06
2018.05.28 03:52:42.436,1.54692,1.54709,1.87,1.87
2018.05.28 03:52:42.490,1.54695,1.54713,1.44,1.12
2018.05.28 03:52:42.648,1.54698,1.54715,1.19,3.37
2018.05.28 03:52:48.836,1.54698,1.54716,1.19,1.87
2018.05.28 03:52:50.596,1.547,1.54718,1.19,2.81
2018.05.28 03:52:56.794,1.54704,1.5472,1.00,1.75
2018.05.28 03:52:56.895,1.54704,1.5472,1.19,2.25
2018.05.28 03:52:56.947,1.547,1.54718,1.19,2.62
2018.05.28 03:52:57.001,1.547,1.54718,1.19,2.81
2018.05.28 03:52:57.053,1.547,1.54717,1.19,1.31
2018.05.28 03:52:59.253,1.54699,1.54717,1.19,1.94
2018.05.28 03:52:59.929,1.54699,1.54716,1.19,1.31
2018.05.28 03:53:01.346,1.54699,1.54716,1.25,1.50
2018.05.28 03:53:02.194,1.54699,1.54716,1.19,1.75
2018.05.28 03:53:02.898,1.54701,1.54716,1.25,1.12
2018.05.28 03:53:04.135,1.54701,1.54717,1.19,1.50
2018.05.28 03:53:04.548,1.54701,1.54717,1.25,1.69
2018.05.28 03:53:04.601,1.54701,1.54717,1.19,1.50
2018.05.28 03:53:10.040,1.547,1.54716,1.19,1.50
2018.05.28 03:53:10.092,1.547,1.54716,1.19,1.62
2018.05.28 03:53:10.506,1.547,1.54717,1.19,2.44
2018.05.28 03:53:10.559,1.54698,1.54716,1.44,1.87
2018.05.28 03:53:11.069,1.54698,1.54717,1.19,2.06
2018.05.28 03:53:17.044,1.54699,1.54716,1.19,1.12
2018.05.28 03:53:17.824,1.54699,1.54717,1.19,2.06
2018.05.28 03:53:18.530,1.54699,1.54711,1.19,1.12
2018.05.28 03:53:18.845,1.54693,1.54707,1.19,1.00
2018.05.28 03:53:20.421,1.54693,1.54709,1.19,1.69
2018.05.28 03:53:20.747,1.54696,1.54712,1.44,1.00
2018.05.28 03:53:20.800,1.54696,1.54714,1.19,1.50
2018.05.28 03:53:21.113,1.54696,1.54714,1.69,1.87
2018.05.28 03:53:21.813,1.54696,1.54714,1.69,1.50
2018.05.28 03:53:24.106,1.54694,1.54712,1.44,1.87
2018.05.28 03:53:28.556,1.54694,1.54711,1.19,1.12
2018.05.28 03:53:29.363,1.54694,1.54711,1.44,1.87
2018.05.28 03:53:31.272,1.54692,1.54709,1.37,1.50
2018.05.28 03:53:31.325,1.5469,1.54706,1.19,1.00
2018.05.28 03:53:31.641,1.54688,1.54706,1.19,2.25
2018.05.28 03:53:34.738,1.54688,1.54703,1.19,1.12
2018.05.28 03:53:36.961,1.54687,1.54702,1.19,1.37
2018.05.28 03:53:37.092,1.54687,1.54704,1.19,1.12
2018.05.28 03:53:43.833,1.54687,1.54704,1.19,1.12
2018.05.28 03:53:45.261,1.54686,1.54701,1.69,1.37
2018.05.28 03:53:45.313,1.54684,1.54701,1.69,1.37
2018.05.28 03:53:45.426,1.54684,1.547,1.19,1.12
2018.05.28 03:53:45.743,1.54677,1.54692,1.87,1.37
2018.05.28 03:53:45.847,1.54681,1.54695,1.19,1.50
2018.05.28 03:53:45.900,1.54681,1.54696,1.19,1.87
2018.05.28 03:53:46.452,1.54681,1.54697,1.19,1.12
2018.05.28 03:53:48.710,1.54681,1.54696,1.19,1.12
2018.05.28 03:53:48.763,1.54678,1.5469,1.19,1.12
2018.05.28 03:53:48.972,1.54674,1.54688,1.19,1.12
2018.05.28 03:53:49.077,1.54674,1.54689,1.44,1.37
2018.05.28 03:53:51.200,1.54672,1.54688,1.37,1.31
2018.05.28 03:53:51.253,1.5467,1.54689,1.19,2.19
2018.05.28 03:53:51.358,1.54673,1.54688,2.06,1.45
2018.05.28 03:53:51.411,1.54673,1.5469,1.87,1.00
2018.05.28 03:53:52.327,1.54674,1.54688,1.19,1.00
2018.05.28 03:53:52.743,1.54675,1.54692,1.44,1.12
2018.05.28 03:53:52.796,1.54678,1.54693,1.19,1.50
2018.05.28 03:53:52.848,1.54678,1.54695,1.44,1.12
2018.05.28 03:53:52.952,1.54679,1.54698,1.00,2.25
2018.05.28 03:53:53.502,1.5468,1.54698,1.00,2.06
2018.05.28 03:53:53.960,1.54679,1.54694,1.19,1.12
2018.05.28 03:53:54.014,1.54677,1.5469,1.44,1.00
2018.05.28 03:53:54.068,1.54673,1.5469,1.00,1.64
2018.05.28 03:53:54.122,1.54671,1.5469,2.44,2.89
2018.05.28 03:53:54.228,1.54673,1.5469,1.00,1.01
2018.05.28 03:53:54.754,1.54674,1.54692,1.13,1.50
2018.05.28 03:53:55.270,1.54674,1.54692,1.50,2.06
2018.05.28 03:53:58.173,1.54674,1.54693,1.50,1.76
2018.05.28 03:53:58.858,1.54675,1.54693,1.12,2.14
2018.05.28 03:53:59.361,1.54675,1.54693,1.25,2.14
2018.05.28 03:54:03.323,1.54676,1.54693,1.00,2.14
2018.05.28 03:54:04.528,1.54674,1.54693,1.00,1.94
2018.05.28 03:54:04.953,1.54671,1.54688,1.37,1.31
2018.05.28 03:54:05.326,1.5467,1.54688,1.12,1.31
2018.05.28 03:54:09.222,1.54671,1.54688,1.00,1.31
2018.05.28 03:54:09.275,1.54673,1.5469,1.00,1.56
2018.05.28 03:54:09.600,1.54674,1.54691,1.19,1.12
2018.05.28 03:54:09.765,1.54674,1.54691,1.19,1.00
2018.05.28 03:54:10.617,1.54672,1.5469,1.37,1.00
2018.05.28 03:54:10.722,1.54672,1.54689,1.00,1.25
2018.05.28 03:54:11.369,1.54672,1.54692,2.81,1.37
2018.05.28 03:54:12.507,1.54672,1.54692,2.81,1.37
2018.05.28 03:54:13.008,1.54673,1.54686,1.00,1.00
2018.05.28 03:54:13.060,1.54669,1.54686,2.81,1.12
2018.05.28 03:54:15.361,1.54669,1.54686,1.25,1.62
2018.05.28 03:54:21.203,1.54669,1.54685,1.00,1.37
2018.05.28 03:54:24.827,1.54669,1.54686,1.25,1.37
2018.05.28 03:54:25.515,1.5467,1.54686,1.00,1.37
2018.05.28 03:54:25.622,1.5467,1.5469,1.44,3.37
2018.05.28 03:54:25.677,1.54674,1.5469,1.25,1.00
2018.05.28 03:54:26.032,1.54675,1.54693,1.44,1.37
2018.05.28 03:54:26.522,1.54673,1.54689,2.62,1.12
2018.05.28 03:54:26.575,1.54673,1.54687,1.50,1.37
2018.05.28 03:54:26.681,1.5467,1.54687,2.06,1.37
2018.05.28 03:54:33.711,1.5467,1.54688,1.12,1.69
2018.05.28 03:54:33.764,1.54674,1.54689,1.00,1.87
2018.05.28 03:54:33.816,1.54673,1.54691,1.37,1.87
2018.05.28 03:54:33.973,1.54673,1.54688,1.19,1.12
2018.05.28 03:54:34.079,1.5467,1.54688,1.31,1.31
2018.05.28 03:54:34.721,1.54669,1.54688,1.56,1.12
2018.05.28 03:54:41.118,1.54671,1.54688,1.37,1.12
2018.05.28 03:54:53.175,1.54671,1.54688,1.37,1.12
2018.05.28 03:54:53.936,1.54669,1.54686,1.37,1.37
2018.05.28 03:54:54.253,1.54673,1.54692,1.19,3.94
2018.05.28 03:54:54.307,1.54672,1.54692,1.44,3.19
2018.05.28 03:54:54.413,1.54672,1.54691,1.19,1.31
2018.05.28 03:54:54.520,1.54671,1.54689,1.69,1.19
2018.05.28 03:54:54.573,1.5467,1.54686,1.00,1.31
2018.05.28 03:54:54.734,1.54672,1.54689,1.00,2.44
2018.05.28 03:54:54.788,1.54672,1.54689,1.19,1.00
2018.05.28 03:54:55.048,1.54672,1.54689,1.25,1.31
2018.05.28 03:54:55.314,1.54673,1.54691,1.50,1.12
2018.05.28 03:54:55.834,1.54672,1.54692,1.87,1.37
2018.05.28 03:54:55.887,1.54672,1.5469,1.87,1.37
2018.05.28 03:54:57.858,1.54674,1.54692,1.44,1.87
2018.05.28 03:54:58.146,1.54674,1.54693,1.44,1.69
2018.05.28 03:54:58.200,1.54674,1.54692,1.44,1.50
2018.05.28 03:55:00.334,1.54674,1.54691,1.44,1.12
2018.05.28 03:55:00.439,1.54668,1.54687,3.19,1.69
2018.05.28 03:55:00.544,1.5467,1.54687,1.19,1.69
2018.05.28 03:55:00.597,1.5467,1.54689,1.37,1.25
2018.05.28 03:55:00.650,1.54669,1.54689,1.50,1.19
2018.05.28 03:55:01.014,1.5467,1.54687,1.25,1.31
2018.05.28 03:55:01.373,1.54668,1.54688,2.25,2.81
2018.05.28 03:55:02.973,1.54668,1.54688,1.87,2.81
2018.05.28 03:55:03.603,1.54669,1.54688,1.12,2.81
2018.05.28 03:55:04.116,1.5467,1.54689,1.25,2.06
2018.05.28 03:55:04.439,1.5467,1.54689,1.62,1.69
2018.05.28 03:55:04.756,1.54671,1.54689,1.19,1.31
2018.05.28 03:55:11.808,1.54672,1.54688,1.31,1.19
2018.05.28 03:55:12.341,1.54672,1.54688,1.25,1.00
2018.05.28 03:55:13.464,1.54672,1.5469,1.56,1.69
2018.05.28 03:55:13.676,1.54678,1.54695,1.00,2.81
2018.05.28 03:55:14.151,1.54676,1.54692,1.12,1.19
2018.05.28 03:55:14.204,1.54678,1.54695,1.25,1.69
2018.05.28 03:55:14.713,1.54676,1.54695,1.87,2.81
2018.05.28 03:55:15.244,1.54676,1.54695,1.87,2.44
2018.05.28 03:55:15.606,1.54675,1.54691,1.50,2.06
2018.05.28 03:55:15.709,1.54673,1.5469,1.00,2.06
2018.05.28 03:55:15.835,1.54671,1.54687,1.25,1.00
2018.05.28 03:55:16.347,1.5467,1.54687,1.44,1.25
2018.05.28 03:55:16.627,1.54669,1.54687,1.37,1.31
2018.05.28 03:55:17.982,1.54667,1.54687,2.81,1.31
2018.05.28 03:55:21.100,1.54667,1.54686,1.69,1.56
2018.05.28 03:55:21.261,1.54667,1.54684,1.50,2.44
2018.05.28 03:55:21.312,1.54663,1.54681,2.81,1.31
2018.05.28 03:55:21.660,1.54667,1.54681,1.00,1.25
2018.05.28 03:55:22.174,1.54663,1.54683,2.25,2.44
2018.05.28 03:55:24.914,1.54665,1.54683,1.00,3.19
2018.05.28 03:55:25.332,1.54664,1.54682,1.12,5.25
2018.05.28 03:55:25.435,1.54664,1.54682,1.12,5.62
2018.05.28 03:55:26.456,1.54661,1.54678,1.31,1.31
2018.05.28 03:55:26.509,1.54658,1.54675,1.12,1.94
2018.05.28 03:55:26.718,1.54658,1.54677,1.25,1.69
2018.05.28 03:55:27.085,1.54656,1.54674,1.62,1.37
2018.05.28 03:55:27.406,1.5466,1.54677,2.06,1.50
2018.05.28 03:55:27.509,1.54663,1.54681,1.31,1.31
2018.05.28 03:55:27.765,1.5466,1.54678,3.19,1.00
2018.05.28 03:55:27.867,1.54657,1.54676,1.12,2.44
2018.05.28 03:55:28.174,1.54656,1.54675,2.06,1.25
2018.05.28 03:55:28.333,1.54661,1.54677,1.69,1.00
2018.05.28 03:55:28.508,1.54663,1.54682,1.25,3.56
2018.05.28 03:55:29.385,1.54663,1.54682,1.37,2.81
2018.05.28 03:55:30.201,1.54662,1.54679,1.37,1.25
2018.05.28 03:55:30.514,1.54662,1.54682,1.44,2.44
2018.05.28 03:55:32.083,1.54662,1.5468,1.37,1.00
2018.05.28 03:55:34.204,1.5466,1.54679,2.44,1.50
2018.05.28 03:55:34.257,1.54659,1.54679,2.25,1.69
2018.05.28 03:55:34.311,1.54662,1.5468,1.00,2.06
2018.05.28 03:55:34.363,1.54662,1.5468,1.19,2.06
2018.05.28 03:55:36.735,1.54662,1.54681,1.37,1.00
2018.05.28 03:55:37.244,1.54662,1.54682,1.37,1.69
2018.05.28 03:55:41.062,1.54663,1.54683,2.06,1.00
2018.05.28 03:55:42.198,1.54663,1.54683,2.06,1.25
2018.05.28 03:55:43.023,1.54663,1.54683,2.06,1.00
2018.05.28 03:55:44.265,1.54664,1.54683,1.37,1.19
2018.05.28 03:55:45.976,1.54665,1.54684,1.31,1.50
2018.05.28 03:55:46.288,1.54667,1.54685,1.37,1.12
2018.05.28 03:55:46.857,1.54666,1.54685,1.87,1.31
2018.05.28 03:55:48.173,1.54668,1.54688,2.19,2.81
2018.05.28 03:55:48.873,1.5467,1.54688,1.69,1.94
2018.05.28 03:55:48.926,1.54667,1.54688,2.62,2.62
2018.05.28 03:55:49.135,1.54665,1.54685,2.81,1.69
2018.05.28 03:55:49.346,1.54661,1.54681,2.25,2.44
2018.05.28 03:55:49.622,1.5466,1.54679,1.44,1.19
2018.05.28 03:55:49.833,1.54661,1.5468,1.50,1.69
2018.05.28 03:55:49.886,1.54662,1.54681,2.25,1.25
2018.05.28 03:55:49.941,1.54665,1.54682,1.56,1.00
2018.05.28 03:55:50.046,1.54665,1.54685,4.87,1.12
2018.05.28 03:55:50.152,1.54669,1.54687,1.00,1.19
2018.05.28 03:55:50.206,1.54669,1.54687,1.00,1.25
2018.05.28 03:55:50.259,1.54666,1.54683,2.44,1.00
2018.05.28 03:55:50.343,1.54666,1.54684,2.25,1.19
2018.05.28 03:55:50.869,1.54665,1.54683,1.50,1.00
2018.05.28 03:55:51.467,1.54663,1.54683,2.06,1.00
2018.05.28 03:55:51.620,1.54665,1.54683,2.25,1.19
2018.05.28 03:55:52.131,1.54665,1.54683,1.87,1.00
2018.05.28 03:55:53.051,1.54662,1.54683,2.06,3.56
2018.05.28 03:55:53.211,1.54661,1.5468,1.00,1.69
2018.05.28 03:55:53.263,1.54659,1.5468,1.69,2.06
2018.05.28 03:55:59.854,1.54657,1.54677,1.12,1.62
2018.05.28 03:55:59.958,1.54659,1.54678,1.69,1.12
2018.05.28 03:56:00.063,1.54659,1.54677,1.87,1.19
2018.05.28 03:56:00.271,1.54658,1.54678,1.50,2.06
2018.05.28 03:56:00.324,1.54658,1.54678,1.12,1.12
2018.05.28 03:56:00.951,1.54659,1.54678,2.25,1.25
2018.05.28 03:56:01.542,1.54659,1.54678,2.25,1.00
2018.05.28 03:56:02.882,1.5466,1.54679,1.31,1.00
2018.05.28 03:56:04.213,1.54659,1.5468,1.87,1.25
2018.05.28 03:56:12.092,1.5466,1.54677,1.44,1.00
2018.05.28 03:56:12.491,1.54655,1.54673,1.37,1.19
2018.05.28 03:56:13.016,1.54653,1.54671,1.25,2.06
2018.05.28 03:56:13.860,1.54653,1.54673,1.50,3.19
2018.05.28 03:56:14.065,1.54653,1.54672,1.31,1.31
2018.05.28 03:56:15.096,1.54653,1.54673,1.50,1.69
2018.05.28 03:56:15.699,1.54653,1.54673,1.31,2.62
2018.05.28 03:56:16.147,1.54653,1.54673,1.69,1.69
2018.05.28 03:56:16.562,1.54656,1.54674,1.31,1.19
2018.05.28 03:56:16.780,1.54657,1.54676,1.69,1.37
2018.05.28 03:56:17.299,1.54658,1.54676,1.00,2.44
2018.05.28 03:56:17.352,1.54658,1.54676,1.44,1.25
2018.05.28 03:56:17.563,1.5466,1.54679,1.31,1.19
2018.05.28 03:56:17.669,1.54661,1.5468,1.31,1.00
2018.05.28 03:56:20.143,1.54659,1.5468,2.44,2.06
2018.05.28 03:56:20.682,1.54659,1.5468,2.44,2.06
2018.05.28 03:56:23.381,1.54659,1.54679,2.25,1.19
2018.05.28 03:56:23.652,1.54662,1.54682,1.50,1.69
2018.05.28 03:56:23.757,1.54663,1.54678,1.25,1.00
2018.05.28 03:56:24.281,1.54661,1.5468,1.50,1.12
2018.05.28 03:56:25.258,1.54661,1.5468,1.62,1.00
2018.05.28 03:56:26.224,1.54661,1.5468,1.62,1.00
2018.05.28 03:56:28.088,1.54661,1.5468,1.31,1.00
2018.05.28 03:56:29.316,1.54661,1.5468,1.12,1.19
2018.05.28 03:56:29.950,1.54661,1.5468,1.12,1.19
2018.05.28 03:56:31.051,1.54661,1.5468,1.87,1.00
2018.05.28 03:56:31.575,1.54661,1.5468,1.37,1.00
2018.05.28 03:56:36.437,1.5466,1.54679,1.31,1.00
2018.05.28 03:56:37.188,1.54659,1.54678,1.50,1.00
2018.05.28 03:56:37.241,1.54657,1.54677,1.87,1.31
2018.05.28 03:56:37.294,1.54656,1.54676,3.19,1.69
2018.05.28 03:56:37.606,1.54658,1.54677,1.87,1.00
2018.05.28 03:56:39.443,1.54658,1.54673,1.12,1.00
2018.05.28 03:56:39.605,1.5465,1.5467,2.00,1.62
2018.05.28 03:56:40.146,1.5465,1.5467,2.63,1.69
2018.05.28 03:56:40.840,1.5465,1.54669,2.25,1.00
2018.05.28 03:56:49.364,1.54649,1.54668,3.19,1.19
2018.05.28 03:56:49.468,1.54647,1.54666,2.62,1.50
2018.05.28 03:56:49.521,1.54648,1.54668,2.25,3.37
2018.05.28 03:56:50.045,1.5465,1.54669,1.25,1.12
2018.05.28 03:56:50.097,1.5465,1.5467,1.62,2.06
2018.05.28 03:56:51.211,1.5465,1.5467,1.37,2.06
2018.05.28 03:56:51.263,1.5465,1.5467,1.56,2.06
2018.05.28 03:57:02.220,1.5465,1.5467,1.37,2.81
2018.05.28 03:57:02.532,1.54644,1.54661,1.25,1.94
2018.05.28 03:57:03.074,1.54644,1.5466,1.12,1.25
2018.05.28 03:57:03.589,1.54642,1.5466,1.37,1.25
2018.05.28 03:57:04.279,1.54642,1.5466,1.37,1.25
2018.05.28 03:57:05.862,1.54641,1.54659,1.62,1.00
2018.05.28 03:57:06.403,1.54641,1.5466,1.50,1.25
2018.05.28 03:57:11.089,1.54642,1.54662,1.81,2.06
2018.05.28 03:57:11.142,1.54642,1.54662,1.19,2.06
2018.05.28 03:57:11.196,1.54648,1.54664,1.87,2.62
2018.05.28 03:57:11.410,1.54649,1.54667,1.56,1.19
2018.05.28 03:57:11.466,1.54648,1.54665,1.87,1.25
2018.05.28 03:57:11.571,1.54645,1.54665,1.69,1.31
2018.05.28 03:57:12.041,1.54647,1.54668,3.00,2.06
2018.05.28 03:57:14.739,1.54649,1.54668,3.37,1.50
2018.05.28 03:57:14.886,1.5465,1.54667,1.00,1.50
2018.05.28 03:57:14.938,1.54652,1.5467,1.00,1.31
2018.05.28 03:57:14.991,1.54649,1.54668,1.69,1.50
2018.05.28 03:57:15.302,1.54654,1.54672,1.19,2.25
2018.05.28 03:57:15.457,1.54652,1.54668,1.25,1.00
2018.05.28 03:57:15.560,1.54648,1.54665,2.06,1.00
2018.05.28 03:57:17.393,1.54648,1.54668,2.06,1.75
2018.05.28 03:57:22.424,1.54648,1.54667,1.56,1.50
2018.05.28 03:57:28.350,1.54648,1.54668,2.44,1.25
2018.05.28 03:57:28.404,1.54654,1.5467,1.00,1.31
2018.05.28 03:57:28.580,1.54655,1.54672,1.12,1.00
2018.05.28 03:57:28.742,1.54654,1.54675,1.69,2.44
2018.05.28 03:57:36.416,1.54655,1.54674,1.19,1.69
2018.05.28 03:57:36.834,1.54655,1.5467,1.19,2.62
2018.05.28 03:57:36.899,1.54652,1.54669,2.06,1.69
2018.05.28 03:57:36.952,1.54651,1.54667,1.19,1.00
2018.05.28 03:57:37.499,1.5465,1.54669,1.19,3.19
2018.05.28 03:57:39.974,1.5465,1.54669,1.44,2.25
2018.05.28 03:57:40.083,1.54653,1.54671,1.31,3.00
2018.05.28 03:57:40.239,1.54654,1.54674,1.31,1.37
2018.05.28 03:57:40.671,1.54652,1.54672,2.06,1.50
2018.05.28 03:57:40.987,1.54651,1.5467,1.31,1.37
2018.05.28 03:57:41.299,1.54651,1.54669,1.00,1.81
2018.05.28 03:57:41.607,1.54651,1.54669,1.63,1.50
2018.05.28 03:57:42.026,1.54653,1.54672,1.75,1.50
2018.05.28 03:57:42.976,1.54652,1.54673,2.06,1.31
2018.05.28 03:57:47.567,1.54652,1.5467,1.62,1.00
2018.05.28 03:57:48.077,1.54652,1.5467,1.37,1.00
2018.05.28 03:57:48.482,1.5465,1.54671,3.00,1.50
2018.05.28 03:57:48.588,1.5465,1.54671,1.44,2.44
2018.05.28 03:57:49.165,1.5465,1.5467,1.44,1.31
2018.05.28 03:57:53.505,1.54648,1.54667,1.50,1.19
2018.05.28 03:57:53.610,1.54648,1.54666,1.00,1.94
2018.05.28 03:57:54.137,1.54644,1.54666,1.50,3.19
2018.05.28 03:57:55.047,1.54644,1.54666,1.31,3.37
2018.05.28 03:58:00.270,1.54649,1.54668,1.81,1.69
2018.05.28 03:58:01.073,1.54648,1.54668,1.50,1.69
2018.05.28 03:58:01.227,1.5465,1.54668,1.19,1.69
2018.05.28 03:58:05.413,1.5465,1.54667,1.25,2.06
2018.05.28 03:58:05.520,1.54646,1.54664,1.31,1.00
2018.05.28 03:58:08.179,1.54646,1.54664,1.19,1.25
2018.05.28 03:58:15.773,1.54645,1.54664,1.19,1.00
2018.05.28 03:58:17.129,1.54645,1.54664,1.19,1.00
2018.05.28 03:58:17.856,1.54645,1.54664,1.25,1.00
2018.05.28 03:58:18.396,1.54644,1.54664,1.31,1.50
2018.05.28 03:58:20.374,1.5464,1.54661,1.50,1.31
2018.05.28 03:58:20.428,1.54639,1.54659,2.62,1.69
2018.05.28 03:58:20.482,1.54639,1.54657,1.00,1.31
2018.05.28 03:58:20.535,1.54638,1.54659,2.25,1.31
2018.05.28 03:58:20.698,1.54639,1.54659,1.12,1.12
2018.05.28 03:58:22.483,1.5464,1.5466,2.81,1.12
2018.05.28 03:58:24.993,1.54641,1.5466,1.56,1.12
2018.05.28 03:58:25.100,1.54644,1.54664,1.12,3.19
2018.05.28 03:58:25.154,1.54644,1.54664,2.25,3.37
2018.05.28 03:58:26.577,1.54647,1.54666,1.19,2.62
2018.05.28 03:58:27.094,1.54647,1.54666,1.87,1.87
2018.05.28 03:58:27.597,1.54652,1.54668,1.25,1.00
2018.05.28 03:58:27.806,1.54651,1.54669,2.44,1.19
2018.05.28 03:58:33.365,1.54652,1.54671,1.00,2.25
2018.05.28 03:58:33.417,1.54653,1.54671,1.00,1.37
2018.05.28 03:58:34.929,1.54652,1.54672,3.37,2.44
2018.05.28 03:58:37.017,1.54652,1.54672,3.56,2.55
2018.05.28 03:58:37.697,1.54653,1.54672,1.44,4.05
2018.05.28 03:58:38.230,1.54652,1.54672,3.37,2.55
2018.05.28 03:58:38.743,1.54653,1.54671,1.44,1.19
2018.05.28 03:58:38.902,1.54652,1.54671,1.50,1.19
2018.05.28 03:58:39.204,1.54658,1.54678,1.19,3.30
2018.05.28 03:58:41.981,1.54659,1.54678,1.31,1.11
2018.05.28 03:58:42.084,1.54659,1.54679,1.31,3.56
2018.05.28 03:58:42.136,1.54659,1.54679,1.31,1.87
2018.05.28 03:58:43.825,1.54659,1.54678,1.31,1.00
2018.05.28 03:58:45.117,1.5466,1.54679,2.06,1.00
2018.05.28 03:58:45.170,1.54661,1.54681,1.81,2.44
2018.05.28 03:58:45.509,1.54659,1.54679,2.25,1.69
2018.05.28 03:58:46.981,1.54659,1.54678,1.50,1.19
2018.05.28 03:58:47.847,1.54659,1.54678,1.50,1.25
2018.05.28 03:58:48.402,1.54659,1.54678,1.50,1.69
2018.05.28 03:58:55.684,1.54659,1.54679,2.25,1.37
2018.05.28 03:58:56.049,1.5466,1.5468,1.37,2.81
2018.05.28 03:59:00.810,1.54659,1.5468,2.63,2.06
2018.05.28 03:59:06.298,1.54662,1.54681,1.19,1.12
2018.05.28 03:59:07.439,1.54661,1.54681,1.19,1.69
2018.05.28 03:59:07.752,1.54663,1.54683,1.37,2.81
2018.05.28 03:59:08.296,1.54662,1.54682,2.62,1.12
2018.05.28 03:59:11.305,1.54662,1.54683,1.12,3.19
2018.05.28 03:59:19.288,1.54662,1.54682,1.31,2.06
2018.05.28 03:59:19.444,1.54662,1.54681,1.19,1.19
2018.05.28 03:59:26.789,1.54664,1.54683,1.12,1.31
2018.05.28 03:59:26.844,1.54666,1.54685,1.56,1.37
2018.05.28 03:59:27.002,1.54669,1.54686,1.00,1.50
2018.05.28 03:59:27.055,1.54672,1.54688,1.25,2.44
2018.05.28 03:59:27.371,1.54669,1.54687,1.69,1.50
2018.05.28 03:59:27.475,1.5467,1.54688,2.06,1.00
2018.05.28 03:59:27.802,1.54669,1.54688,1.31,1.69
2018.05.28 03:59:31.436,1.54668,1.54687,1.69,1.12
2018.05.28 03:59:31.542,1.54668,1.54688,1.69,4.50
2018.05.28 03:59:32.085,1.54668,1.54685,1.12,1.31
2018.05.28 03:59:32.400,1.54668,1.54686,1.19,1.31
2018.05.28 03:59:32.609,1.54667,1.54683,1.31,1.31
2018.05.28 03:59:33.419,1.54667,1.54686,1.56,2.25
2018.05.28 03:59:33.526,1.54668,1.54686,1.87,1.00
2018.05.28 03:59:34.041,1.54668,1.54688,1.87,2.44
2018.05.28 03:59:35.932,1.54672,1.54688,1.31,1.00
2018.05.28 03:59:35.984,1.54672,1.54688,1.50,1.31
2018.05.28 03:59:49.267,1.54669,1.54686,1.44,1.87
2018.05.28 03:59:49.320,1.54669,1.54686,1.00,1.56
2018.05.28 03:59:49.842,1.54666,1.54685,1.50,2.44
2018.05.28 03:59:50.355,1.54667,1.54685,2.06,1.00
2018.05.28 03:59:50.407,1.54667,1.54686,1.75,3.19
2018.05.28 03:59:51.868,1.54667,1.54685,1.56,1.56
2018.05.28 03:59:52.369,1.54667,1.54684,1.50,1.62
2018.05.28 03:59:58.337,1.54669,1.54686,1.31,1.25
2018.05.28 03:59:58.496,1.54667,1.54685,1.69,1.19
2018.05.28 03:59:59.000,1.54668,1.54686,1.31,1.87
2018.05.28 03:59:59.313,1.54667,1.54687,2.06,1.75
2018.05.28 03:59:59.831,1.54667,1.54686,1.56,1.75
