2011.05.05 23:00:00.803,1.37091,1.37125,1.50,1.50
2011.05.05 23:00:01.511,1.37091,1.37125,1.50,1.50
2011.05.05 23:00:01.952,1.37091,1.37125,1.50,1.50
2011.05.05 23:00:02.393,1.37087,1.37119,1.50,3.15
2011.05.05 23:00:02.723,1.37082,1.37119,3.15,1.50
2011.05.05 23:00:02.831,1.37082,1.37115,2.40,1.50
2011.05.05 23:00:03.409,1.37082,1.37115,3.15,1.50
2011.05.05 23:00:03.740,1.37084,1.37115,1.50,1.50
2011.05.05 23:00:04.071,1.37082,1.37105,2.40,1.50
2011.05.05 23:00:04.181,1.37078,1.37105,1.50,1.50
2011.05.05 23:00:04.512,1.37078,1.37105,1.50,1.50
2011.05.05 23:00:05.081,1.37073,1.37103,1.50,1.50
2011.05.05 23:00:05.411,1.37073,1.37101,1.50,1.50
2011.05.05 23:00:05.743,1.37062,1.3709,1.50,1.13
2011.05.05 23:00:06.181,1.37059,1.37087,1.50,2.40
2011.05.05 23:00:06.291,1.37059,1.37087,1.50,2.40
2011.05.05 23:00:06.562,1.37057,1.37086,1.50,1.50
2011.05.05 23:00:06.781,1.37056,1.37086,1.50,1.50
2011.05.05 23:00:07.003,1.37059,1.37087,1.50,1.65
2011.05.05 23:00:07.113,1.37059,1.3709,1.50,1.50
2011.05.05 23:00:07.332,1.37064,1.37093,1.65,1.50
2011.05.05 23:00:07.551,1.37064,1.37096,1.65,1.50
2011.05.05 23:00:07.771,1.37065,1.37096,1.50,1.50
2011.05.05 23:00:08.100,1.37065,1.37094,1.50,1.50
2011.05.05 23:00:08.631,1.3707,1.37094,2.40,1.50
2011.05.05 23:00:09.292,1.3707,1.37097,2.40,1.50
2011.05.05 23:00:09.841,1.3707,1.37097,1.65,1.50
2011.05.05 23:00:10.061,1.37066,1.37093,1.50,1.50
2011.05.05 23:00:10.642,1.37064,1.37093,1.50,1.50
2011.05.05 23:00:10.751,1.37064,1.37093,1.50,1.50
2011.05.05 23:00:11.452,1.37062,1.37093,1.50,1.50
2011.05.05 23:00:11.563,1.37061,1.37091,2.40,1.50
2011.05.05 23:00:11.674,1.3706,1.3709,1.50,2.40
2011.05.05 23:00:11.893,1.37057,1.37091,2.25,1.50
2011.05.05 23:00:12.003,1.37064,1.3709,1.50,1.50
2011.05.05 23:00:12.222,1.37064,1.37104,1.50,1.88
2011.05.05 23:00:12.442,1.37063,1.37102,1.50,1.50
2011.05.05 23:00:12.551,1.37063,1.37102,1.50,1.50
2011.05.05 23:00:12.882,1.3707,1.37102,2.25,1.50
2011.05.05 23:00:13.432,1.3707,1.37103,1.50,2.40
2011.05.05 23:00:13.540,1.37071,1.37102,1.50,1.50
2011.05.05 23:00:14.692,1.37071,1.37102,1.50,1.50
2011.05.05 23:00:14.803,1.37071,1.37102,2.25,1.50
2011.05.05 23:00:15.372,1.37074,1.37102,1.50,1.50
2011.05.05 23:00:19.303,1.37073,1.37106,1.50,3.15
2011.05.05 23:00:21.811,1.37073,1.37106,1.50,3.15
2011.05.05 23:00:22.364,1.37073,1.37106,1.50,3.15
2011.05.05 23:00:22.473,1.3707,1.37105,3.15,1.50
2011.05.05 23:00:22.582,1.3707,1.37098,2.40,1.50
2011.05.05 23:00:22.691,1.37068,1.37098,2.25,1.50
2011.05.05 23:00:23.442,1.37068,1.37098,1.50,1.50
2011.05.05 23:00:23.994,1.37067,1.37092,1.50,1.13
2011.05.05 23:00:24.103,1.37064,1.37082,1.50,2.40
2011.05.05 23:00:24.554,1.3706,1.37092,1.50,1.50
2011.05.05 23:00:24.663,1.37062,1.37094,1.50,1.50
2011.05.05 23:00:24.882,1.37068,1.37099,1.50,1.50
2011.05.05 23:00:29.325,1.37068,1.37094,1.50,1.50
2011.05.05 23:00:29.653,1.37063,1.37091,1.50,1.50
2011.05.05 23:00:29.763,1.37064,1.37091,3.15,1.50
2011.05.05 23:00:30.091,1.37064,1.37094,3.15,1.50
2011.05.05 23:00:30.641,1.37067,1.37094,1.50,1.50
2011.05.05 23:00:31.832,1.37067,1.37102,1.50,2.40
2011.05.05 23:00:32.052,1.37069,1.37101,1.50,1.50
2011.05.05 23:00:32.161,1.37071,1.37101,1.50,1.50
2011.05.05 23:00:32.991,1.37068,1.37095,1.50,1.65
2011.05.05 23:00:33.321,1.37068,1.37095,1.50,2.40
2011.05.05 23:00:33.817,1.37068,1.37095,1.50,2.40
2011.05.05 23:00:35.062,1.37068,1.371,1.50,1.50
2011.05.05 23:00:36.703,1.37072,1.37102,1.50,1.50
2011.05.05 23:00:36.811,1.37077,1.37105,1.50,1.50
2011.05.05 23:00:36.922,1.37076,1.37106,1.50,2.40
2011.05.05 23:00:37.141,1.37081,1.37106,1.50,2.40
2011.05.05 23:00:37.801,1.37081,1.37106,1.50,2.40
2011.05.05 23:00:38.352,1.37074,1.37102,1.50,1.50
2011.05.05 23:00:38.571,1.37068,1.37103,1.50,1.50
2011.05.05 23:00:38.791,1.37069,1.371,1.50,1.50
2011.05.05 23:00:42.997,1.37065,1.37093,1.50,1.50
2011.05.05 23:00:43.724,1.37065,1.37101,1.50,2.40
2011.05.05 23:00:43.832,1.37069,1.37106,1.50,2.78
2011.05.05 23:00:47.141,1.37069,1.37099,1.50,1.50
2011.05.05 23:00:48.273,1.37069,1.37099,1.50,1.50
2011.05.05 23:00:48.492,1.37065,1.37093,1.50,1.50
2011.05.05 23:00:49.060,1.37065,1.37093,1.50,1.50
2011.05.05 23:00:55.742,1.37065,1.37093,1.50,1.50
2011.05.05 23:00:55.852,1.37061,1.37091,1.50,1.50
2011.05.05 23:00:56.294,1.37059,1.3709,2.25,1.50
2011.05.05 23:00:56.402,1.37059,1.3709,1.50,1.50
2011.05.05 23:00:56.622,1.37052,1.37086,1.50,3.15
2011.05.05 23:00:56.843,1.37052,1.3708,1.50,1.50
2011.05.05 23:01:07.246,1.37052,1.37078,1.50,1.50
2011.05.05 23:01:07.830,1.37042,1.37077,1.50,1.50
2011.05.05 23:01:07.942,1.37042,1.37077,1.50,1.50
2011.05.05 23:01:08.051,1.37043,1.37077,1.50,1.50
2011.05.05 23:01:14.401,1.37047,1.37077,1.50,1.50
2011.05.05 23:01:38.844,1.37043,1.37078,1.50,1.13
2011.05.05 23:01:48.043,1.37036,1.37074,1.50,3.15
2011.05.05 23:01:48.262,1.37035,1.37072,1.88,1.50
2011.05.05 23:01:48.594,1.37042,1.37078,1.50,2.40
2011.05.05 23:01:48.922,1.37046,1.37085,1.50,1.50
2011.05.05 23:01:49.633,1.3705,1.37089,1.50,1.13
2011.05.05 23:02:04.592,1.3705,1.37078,1.50,3.15
2011.05.05 23:02:04.813,1.37046,1.37077,1.50,1.50
2011.05.05 23:02:05.802,1.37046,1.37076,1.50,1.50
2011.05.05 23:02:06.606,1.37046,1.37076,1.50,1.50
2011.05.05 23:02:09.632,1.37046,1.37076,1.50,1.50
2011.05.05 23:02:10.072,1.37046,1.37076,1.50,1.50
2011.05.05 23:02:10.762,1.37043,1.37074,1.50,1.50
2011.05.05 23:02:11.201,1.37036,1.37072,1.50,1.50
2011.05.05 23:02:18.453,1.37036,1.37073,1.50,1.50
2011.05.05 23:02:18.563,1.3704,1.37072,1.50,1.50
2011.05.05 23:02:19.983,1.3704,1.37069,1.50,2.40
2011.05.05 23:02:22.662,1.3704,1.37069,1.50,3.15
2011.05.05 23:02:22.774,1.37034,1.37067,1.50,1.65
2011.05.05 23:02:22.882,1.37032,1.37066,1.50,1.50
2011.05.05 23:02:23.322,1.37034,1.37069,1.50,1.50
2011.05.05 23:02:23.653,1.37036,1.37078,1.50,1.50
2011.05.05 23:02:23.762,1.37037,1.37078,1.50,1.50
2011.05.05 23:02:23.871,1.37037,1.37078,1.50,1.50
2011.05.05 23:02:23.981,1.37043,1.37078,1.50,1.50
2011.05.05 23:02:27.712,1.37041,1.37072,1.50,2.40
2011.05.05 23:02:27.824,1.3704,1.37072,1.50,2.40
2011.05.05 23:02:31.573,1.37044,1.37078,1.50,1.50
2011.05.05 23:02:32.933,1.37048,1.37079,1.50,1.50
2011.05.05 23:02:33.042,1.37047,1.37087,1.50,2.40
2011.05.05 23:02:33.262,1.37052,1.37087,1.50,2.40
2011.05.05 23:02:36.523,1.37056,1.3709,1.50,1.50
2011.05.05 23:02:36.962,1.3706,1.3709,1.50,1.50
2011.05.05 23:02:37.071,1.37059,1.3709,1.50,1.50
2011.05.05 23:02:37.513,1.3705,1.37076,1.50,1.65
2011.05.05 23:02:38.072,1.3705,1.37075,1.50,2.40
2011.05.05 23:02:38.623,1.37051,1.37075,1.50,2.40
2011.05.05 23:02:38.842,1.37051,1.37077,1.50,1.50
2011.05.05 23:02:40.892,1.37048,1.37078,1.50,2.40
2011.05.05 23:02:48.181,1.37046,1.37076,1.50,2.40
2011.05.05 23:02:54.421,1.37043,1.37074,1.50,1.50
2011.05.05 23:02:54.862,1.37042,1.37068,1.88,1.65
2011.05.05 23:02:54.973,1.37041,1.37068,1.50,2.40
2011.05.05 23:02:57.332,1.37042,1.37068,1.50,2.40
2011.05.05 23:02:57.441,1.37042,1.37067,1.50,1.50
2011.05.05 23:02:57.953,1.37044,1.37067,1.13,1.50
2011.05.05 23:02:58.392,1.37041,1.37067,1.50,1.50
2011.05.05 23:02:59.002,1.37042,1.37068,1.50,1.50
2011.05.05 23:03:01.872,1.37043,1.37071,1.50,1.50
2011.05.05 23:03:02.092,1.37043,1.37072,1.50,1.50
2011.05.05 23:03:02.202,1.37048,1.37071,1.50,1.50
2011.05.05 23:03:02.533,1.37053,1.37091,1.50,1.50
2011.05.05 23:03:02.644,1.37057,1.37093,1.13,1.13
2011.05.05 23:03:02.861,1.3706,1.37094,1.50,1.50
2011.05.05 23:03:04.313,1.3706,1.37094,1.50,1.50
2011.05.05 23:03:04.753,1.3706,1.37093,1.50,2.40
2011.05.05 23:03:06.272,1.3706,1.37086,1.50,1.50
2011.05.05 23:03:06.712,1.37054,1.37087,1.50,1.50
2011.05.05 23:03:06.822,1.37054,1.37085,1.50,1.50
2011.05.05 23:03:24.442,1.37052,1.37078,1.88,1.50
2011.05.05 23:03:24.773,1.37044,1.37074,1.13,1.50
2011.05.05 23:03:24.994,1.37048,1.37083,1.13,1.13
2011.05.05 23:03:25.213,1.37057,1.37079,1.13,1.50
2011.05.05 23:03:25.542,1.37058,1.3709,2.25,1.50
2011.05.05 23:03:25.652,1.37058,1.3709,1.50,1.50
2011.05.05 23:03:26.429,1.37058,1.3709,1.88,1.50
2011.05.05 23:03:26.544,1.37064,1.37094,1.50,1.50
2011.05.05 23:03:27.092,1.37068,1.37099,1.13,1.50
2011.05.05 23:03:27.203,1.3707,1.37099,1.50,1.50
2011.05.05 23:03:27.965,1.37077,1.37103,1.13,3.15
2011.05.05 23:03:28.088,1.37075,1.37108,1.50,3.15
2011.05.05 23:03:28.422,1.37071,1.37108,1.50,4.28
2011.05.05 23:03:28.642,1.37071,1.37106,1.50,1.50
2011.05.05 23:03:29.094,1.37066,1.37099,1.13,1.13
2011.05.05 23:03:29.315,1.37064,1.37093,1.13,1.50
2011.05.05 23:03:29.423,1.37064,1.37095,1.88,1.50
2011.05.05 23:03:29.754,1.37062,1.37092,1.50,1.50
2011.05.05 23:03:29.974,1.37061,1.37096,1.50,1.50
2011.05.05 23:03:30.611,1.37061,1.37096,1.50,1.50
2011.05.05 23:03:30.943,1.37057,1.37093,1.50,2.40
2011.05.05 23:03:32.682,1.37059,1.37093,2.25,1.50
2011.05.05 23:03:33.099,1.37066,1.37093,1.13,1.50
2011.05.05 23:03:33.431,1.37079,1.37101,1.13,1.65
2011.05.05 23:03:33.983,1.37077,1.37103,1.50,1.50
2011.05.05 23:03:34.532,1.37077,1.37105,1.50,1.50
2011.05.05 23:03:36.755,1.37077,1.37103,1.50,1.50
2011.05.05 23:03:37.082,1.37075,1.37106,1.50,1.50
2011.05.05 23:03:38.153,1.37077,1.37106,1.50,1.50
2011.05.05 23:03:38.701,1.37071,1.37102,1.50,1.50
2011.05.05 23:03:39.143,1.37071,1.37101,1.50,1.50
2011.05.05 23:03:44.661,1.37072,1.37102,1.50,3.15
2011.05.05 23:03:44.992,1.37072,1.37102,1.50,1.65
2011.05.05 23:03:45.212,1.37074,1.37106,1.50,3.15
2011.05.05 23:03:47.402,1.37074,1.37101,1.50,1.50
2011.05.05 23:03:47.733,1.37074,1.37091,1.50,1.50
2011.05.05 23:03:47.843,1.37067,1.37092,1.13,1.50
2011.05.05 23:03:47.952,1.37073,1.37092,1.50,1.50
2011.05.05 23:03:48.172,1.37076,1.3711,1.13,1.88
2011.05.05 23:03:48.721,1.37076,1.3711,1.88,1.50
2011.05.05 23:03:55.184,1.3708,1.37114,1.50,1.50
2011.05.05 23:03:56.062,1.3708,1.37115,1.50,1.50
2011.05.05 23:03:56.284,1.37078,1.37114,1.88,1.88
2011.05.05 23:03:57.493,1.3708,1.37113,1.50,1.50
2011.05.05 23:03:57.712,1.3708,1.37113,1.50,1.50
2011.05.05 23:03:57.932,1.3708,1.37113,1.50,1.50
2011.05.05 23:03:58.261,1.37083,1.37113,1.50,1.50
2011.05.05 23:03:58.591,1.37083,1.37113,1.50,1.50
2011.05.05 23:04:00.788,1.37089,1.37115,1.50,1.50
2011.05.05 23:04:00.903,1.37092,1.37119,2.40,1.50
2011.05.05 23:04:01.232,1.37092,1.37121,3.15,1.50
2011.05.05 23:04:01.672,1.37092,1.37121,1.50,1.50
2011.05.05 23:04:02.306,1.37092,1.37126,1.50,2.25
2011.05.05 23:04:02.424,1.37097,1.37126,1.50,1.50
2011.05.05 23:04:02.754,1.37098,1.37129,1.50,1.50
2011.05.05 23:04:03.083,1.37102,1.37134,1.50,1.50
2011.05.05 23:04:05.512,1.37102,1.37134,1.50,2.25
2011.05.05 23:04:05.622,1.37103,1.37133,1.50,1.50
2011.05.05 23:04:06.792,1.371,1.37129,1.50,1.50
2011.05.05 23:04:07.011,1.37098,1.3713,1.50,1.50
2011.05.05 23:04:07.982,1.371,1.3713,1.50,1.50
2011.05.05 23:04:08.203,1.37101,1.37133,1.13,1.50
2011.05.05 23:04:08.532,1.37105,1.37133,1.50,1.50
2011.05.05 23:04:08.752,1.37105,1.37137,1.50,1.50
2011.05.05 23:04:08.862,1.37106,1.37137,1.50,1.50
2011.05.05 23:04:09.441,1.37109,1.37137,1.50,1.50
2011.05.05 23:04:10.603,1.37108,1.37137,1.50,2.25
2011.05.05 23:04:11.075,1.37106,1.37136,2.25,1.50
2011.05.05 23:04:11.291,1.37106,1.37136,1.50,1.50
2011.05.05 23:04:13.284,1.37108,1.37135,1.50,1.50
2011.05.05 23:04:13.392,1.37108,1.37132,1.50,1.50
2011.05.05 23:04:13.723,1.37106,1.37132,1.50,1.50
2011.05.05 23:04:14.053,1.37108,1.37136,1.50,1.50
2011.05.05 23:04:14.162,1.37108,1.37136,1.50,1.50
2011.05.05 23:04:14.491,1.37109,1.37136,1.50,1.50
2011.05.05 23:04:20.784,1.37109,1.3714,1.50,1.50
2011.05.05 23:04:20.892,1.37113,1.37147,1.50,1.50
2011.05.05 23:04:21.332,1.37122,1.3715,1.50,1.50
2011.05.05 23:04:21.662,1.37122,1.3715,1.50,1.50
2011.05.05 23:04:22.813,1.37121,1.3715,1.50,1.50
2011.05.05 23:04:22.923,1.37118,1.37148,1.50,1.50
2011.05.05 23:04:25.103,1.37118,1.37146,1.50,1.50
2011.05.05 23:04:25.216,1.37109,1.37141,1.50,1.50
2011.05.05 23:04:25.635,1.37106,1.37135,1.50,1.50
2011.05.05 23:04:29.185,1.37106,1.37134,1.50,1.50
2011.05.05 23:04:33.542,1.37106,1.37141,1.50,3.15
2011.05.05 23:04:34.421,1.37106,1.37142,1.50,1.50
2011.05.05 23:04:34.753,1.3711,1.37138,1.50,1.50
2011.05.05 23:04:35.606,1.3711,1.37138,1.50,1.50
2011.05.05 23:04:35.728,1.37106,1.37134,1.50,1.50
2011.05.05 23:04:36.707,1.37104,1.37138,2.25,1.50
2011.05.05 23:04:45.134,1.37108,1.37138,1.50,1.50
2011.05.05 23:04:45.572,1.37112,1.37142,1.50,1.50
2011.05.05 23:04:46.762,1.37112,1.37142,1.50,2.25
2011.05.05 23:04:46.982,1.3711,1.37133,1.50,1.50
2011.05.05 23:04:49.292,1.3711,1.37133,1.50,1.50
2011.05.05 23:04:50.352,1.3711,1.37133,1.50,1.50
2011.05.05 23:04:51.691,1.3711,1.37133,1.50,1.50
2011.05.05 23:04:54.701,1.37106,1.37133,1.50,1.50
2011.05.05 23:04:55.631,1.37107,1.37133,1.50,1.50
2011.05.05 23:04:56.431,1.37107,1.37132,1.50,1.50
2011.05.05 23:04:57.447,1.37106,1.37133,1.50,1.50
2011.05.05 23:05:02.772,1.37106,1.37132,1.50,1.50
2011.05.05 23:05:03.102,1.37104,1.37132,1.50,3.15
2011.05.05 23:05:03.322,1.37101,1.37127,1.50,1.50
2011.05.05 23:05:03.871,1.37101,1.37127,1.50,1.50
2011.05.05 23:05:05.531,1.37101,1.37127,1.50,1.50
2011.05.05 23:05:06.991,1.371,1.37127,1.50,2.25
2011.05.05 23:05:07.431,1.37099,1.37127,1.50,2.25
2011.05.05 23:05:08.953,1.37099,1.37127,1.50,2.25
2011.05.05 23:05:20.038,1.37099,1.37127,1.50,2.25
2011.05.05 23:05:20.372,1.37103,1.37131,1.50,1.50
2011.05.05 23:05:21.661,1.37103,1.37131,1.50,1.50
2011.05.05 23:05:21.883,1.37106,1.37132,1.50,1.50
2011.05.05 23:05:24.266,1.37105,1.37132,2.25,1.50
2011.05.05 23:05:24.482,1.37105,1.37132,2.25,1.50
2011.05.05 23:05:24.812,1.37105,1.37126,1.50,1.50
2011.05.05 23:05:25.251,1.371,1.37126,1.50,1.50
2011.05.05 23:05:45.981,1.371,1.37126,1.50,1.50
2011.05.05 23:05:51.282,1.371,1.37127,1.50,1.50
2011.05.05 23:05:54.322,1.371,1.37126,1.50,1.50
2011.05.05 23:05:57.452,1.37101,1.37126,1.50,1.50
2011.05.05 23:05:58.394,1.371,1.37126,1.50,1.50
2011.05.05 23:06:06.181,1.37097,1.37125,1.50,1.50
2011.05.05 23:06:17.131,1.37097,1.37125,1.50,1.50
2011.05.05 23:06:29.912,1.37099,1.37125,1.50,1.50
2011.05.05 23:06:30.242,1.37101,1.37129,1.50,1.50
2011.05.05 23:06:31.153,1.37099,1.37129,1.50,1.50
2011.05.05 23:06:31.481,1.37099,1.37126,1.50,1.50
2011.05.05 23:06:43.663,1.37099,1.37128,1.50,1.50
2011.05.05 23:06:43.882,1.37099,1.37136,1.50,1.50
2011.05.05 23:06:44.104,1.37103,1.37134,1.50,1.50
2011.05.05 23:06:44.542,1.37105,1.37134,1.50,1.50
2011.05.05 23:06:44.763,1.37115,1.37138,1.50,1.50
2011.05.05 23:06:45.092,1.37118,1.37148,1.50,1.50
2011.05.05 23:06:45.842,1.3712,1.37148,1.50,1.50
2011.05.05 23:06:46.172,1.37118,1.37148,1.50,1.50
2011.05.05 23:06:46.855,1.37118,1.37148,2.25,1.50
2011.05.05 23:06:47.183,1.3712,1.37148,1.50,1.50
2011.05.05 23:06:47.513,1.37125,1.37156,1.50,1.50
2011.05.05 23:06:47.623,1.37125,1.37156,1.50,1.50
2011.05.05 23:06:48.402,1.37125,1.37156,1.50,1.50
2011.05.05 23:06:48.622,1.37128,1.37157,2.25,1.50
2011.05.05 23:06:49.551,1.37128,1.37157,1.50,1.50
2011.05.05 23:06:50.203,1.37128,1.37157,1.50,1.50
2011.05.05 23:06:50.423,1.37126,1.37157,1.50,1.50
2011.05.05 23:06:50.942,1.37125,1.37157,1.50,1.50
2011.05.05 23:06:51.172,1.37126,1.37156,1.50,1.50
2011.05.05 23:06:51.502,1.37129,1.37156,1.50,1.50
2011.05.05 23:06:51.832,1.37131,1.37167,1.50,1.50
2011.05.05 23:06:52.052,1.37131,1.37161,1.50,1.50
2011.05.05 23:06:52.382,1.37131,1.37161,1.50,1.50
2011.05.05 23:06:55.604,1.37131,1.37161,1.50,1.50
2011.05.05 23:06:56.154,1.37127,1.37155,1.50,1.50
2011.05.05 23:06:56.265,1.37127,1.37155,1.50,1.50
2011.05.05 23:06:56.371,1.37127,1.37155,1.50,1.50
2011.05.05 23:06:56.812,1.37123,1.37151,1.50,1.50
2011.05.05 23:06:59.556,1.37123,1.37151,1.50,1.50
2011.05.05 23:07:02.223,1.37125,1.37151,1.50,1.50
2011.05.05 23:07:02.772,1.37125,1.37151,1.50,1.50
2011.05.05 23:07:04.812,1.37128,1.37156,1.50,1.50
2011.05.05 23:07:05.033,1.3713,1.37156,1.50,1.50
2011.05.05 23:07:05.392,1.37128,1.37156,2.25,1.50
2011.05.05 23:07:05.612,1.37125,1.37153,1.50,1.50
2011.05.05 23:07:06.163,1.37128,1.37154,2.25,1.50
2011.05.05 23:07:06.491,1.37128,1.37157,1.50,1.50
2011.05.05 23:07:07.525,1.37128,1.37157,1.50,1.50
2011.05.05 23:07:08.481,1.37128,1.37157,1.50,1.50
2011.05.05 23:07:12.832,1.37128,1.37156,1.50,1.50
2011.05.05 23:07:13.272,1.37126,1.37153,1.50,1.50
2011.05.05 23:07:19.303,1.37127,1.37153,1.50,1.50
2011.05.05 23:07:19.813,1.37127,1.37154,1.50,1.50
2011.05.05 23:07:22.384,1.37127,1.37154,1.50,1.50
2011.05.05 23:07:24.803,1.37127,1.37154,1.50,1.50
2011.05.05 23:07:25.133,1.37127,1.37154,1.50,1.50
2011.05.05 23:07:25.682,1.37131,1.37157,1.50,1.50
2011.05.05 23:07:25.901,1.37131,1.37157,1.50,1.50
2011.05.05 23:07:29.561,1.37131,1.37157,1.50,1.50
2011.05.05 23:07:29.923,1.37131,1.37157,1.50,1.50
2011.05.05 23:07:30.142,1.37134,1.37162,2.25,1.50
2011.05.05 23:07:32.294,1.37135,1.37166,1.50,1.50
2011.05.05 23:07:32.633,1.37142,1.3717,1.50,1.50
2011.05.05 23:07:32.962,1.37142,1.37174,1.50,1.50
2011.05.05 23:07:33.814,1.37155,1.37183,1.50,1.50
2011.05.05 23:07:34.034,1.37156,1.37183,1.50,1.50
2011.05.05 23:07:34.253,1.37155,1.37186,1.50,1.50
2011.05.05 23:07:44.042,1.37158,1.37188,1.50,1.50
2011.05.05 23:07:44.890,1.37159,1.37192,1.50,1.50
2011.05.05 23:07:45.207,1.37159,1.37192,1.50,1.50
2011.05.05 23:07:45.762,1.37164,1.37193,1.50,1.50
2011.05.05 23:07:51.102,1.37164,1.37193,1.50,1.88
2011.05.05 23:07:51.213,1.37161,1.37189,1.50,2.25
2011.05.05 23:07:52.942,1.37159,1.37189,1.50,2.25
2011.05.05 23:07:53.053,1.37157,1.37189,1.50,1.50
2011.05.05 23:07:54.122,1.37155,1.37183,1.50,1.50
2011.05.05 23:07:54.233,1.37155,1.37184,1.50,1.50
2011.05.05 23:07:54.453,1.37155,1.37183,1.50,1.50
2011.05.05 23:07:55.182,1.37155,1.37183,1.50,1.50
2011.05.05 23:07:56.314,1.37149,1.37179,1.50,1.50
2011.05.05 23:08:00.754,1.37147,1.37175,1.50,1.50
2011.05.05 23:08:00.863,1.37145,1.37175,1.50,2.25
2011.05.05 23:08:00.973,1.3714,1.37168,1.50,1.50
2011.05.05 23:08:01.193,1.37138,1.37168,1.50,1.50
2011.05.05 23:08:01.303,1.37137,1.37168,1.50,1.50
2011.05.05 23:08:03.076,1.37137,1.37166,1.50,1.50
2011.05.05 23:08:03.294,1.37132,1.37167,1.50,1.88
2011.05.05 23:08:03.404,1.3713,1.37166,1.50,1.13
2011.05.05 23:08:03.514,1.37129,1.37166,1.50,1.13
2011.05.05 23:08:03.735,1.3713,1.37167,1.50,1.50
2011.05.05 23:08:03.954,1.37138,1.37169,1.50,1.50
2011.05.05 23:08:04.218,1.3714,1.37169,1.50,1.50
2011.05.05 23:08:05.542,1.37145,1.37173,2.25,1.50
2011.05.05 23:08:06.091,1.37145,1.37173,1.50,1.50
2011.05.05 23:08:06.532,1.37145,1.37173,1.50,1.50
2011.05.05 23:08:07.512,1.37145,1.37174,1.50,1.50
2011.05.05 23:08:07.732,1.37145,1.37173,1.50,1.50
2011.05.05 23:08:08.282,1.37145,1.37173,1.50,1.50
2011.05.05 23:08:10.701,1.37145,1.37173,1.50,1.50
2011.05.05 23:08:11.310,1.37141,1.37169,2.25,1.50
2011.05.05 23:08:11.429,1.37127,1.37155,1.50,1.50
2011.05.05 23:08:11.652,1.37127,1.3716,1.50,1.50
2011.05.05 23:08:11.984,1.37133,1.37164,1.50,1.35
2011.05.05 23:08:12.202,1.37133,1.3716,1.50,1.50
2011.05.05 23:08:13.543,1.37133,1.37168,1.50,1.50
2011.05.05 23:08:13.654,1.37134,1.37168,1.50,1.50
2011.05.05 23:08:13.872,1.37134,1.37163,1.50,1.50
2011.05.05 23:08:14.204,1.37138,1.37163,1.50,1.50
2011.05.05 23:08:14.314,1.37144,1.3717,1.50,1.65
2011.05.05 23:08:14.424,1.37144,1.37173,1.50,1.50
2011.05.05 23:08:14.534,1.3715,1.37182,1.50,1.50
2011.05.05 23:08:14.752,1.3715,1.37184,1.50,1.50
2011.05.05 23:08:15.191,1.37152,1.37184,1.50,1.50
2011.05.05 23:08:15.522,1.37155,1.37184,1.50,1.50
2011.05.05 23:08:16.083,1.37155,1.37184,1.50,1.50
2011.05.05 23:08:17.362,1.37151,1.37179,2.40,1.50
2011.05.05 23:08:17.473,1.37145,1.37179,1.50,1.50
2011.05.05 23:08:17.582,1.37141,1.3717,1.50,1.50
2011.05.05 23:08:17.692,1.37141,1.37168,1.50,1.50
2011.05.05 23:08:18.128,1.37141,1.37168,1.50,1.50
2011.05.05 23:08:18.243,1.37141,1.37171,1.50,1.50
2011.05.05 23:08:18.792,1.37142,1.37172,1.50,1.50
2011.05.05 23:08:19.121,1.37144,1.37172,1.50,2.25
2011.05.05 23:08:19.562,1.37142,1.37172,2.25,1.50
2011.05.05 23:08:19.673,1.37141,1.37168,1.50,1.50
2011.05.05 23:08:19.891,1.37137,1.37168,1.50,1.50
2011.05.05 23:08:22.549,1.37144,1.37172,2.25,1.50
2011.05.05 23:08:22.774,1.37151,1.37181,1.50,1.50
2011.05.05 23:08:23.214,1.37156,1.37184,1.50,1.50
2011.05.05 23:08:23.322,1.37156,1.37184,1.50,1.50
2011.05.05 23:08:23.433,1.37153,1.37184,1.50,1.50
2011.05.05 23:08:23.542,1.37153,1.37184,1.50,1.50
2011.05.05 23:08:23.948,1.37152,1.37181,1.50,1.50
2011.05.05 23:08:25.266,1.37145,1.37169,1.50,1.50
2011.05.05 23:08:25.713,1.37147,1.37178,1.50,1.88
2011.05.05 23:08:25.824,1.37147,1.37178,1.50,1.88
2011.05.05 23:08:26.154,1.37147,1.37178,1.50,1.50
2011.05.05 23:08:26.483,1.37147,1.37178,1.50,1.50
2011.05.05 23:08:27.032,1.37151,1.37178,1.50,1.50
2011.05.05 23:08:28.252,1.37151,1.37178,1.50,1.50
2011.05.05 23:08:28.843,1.37152,1.3718,1.50,1.50
2011.05.05 23:08:29.063,1.37148,1.37176,1.50,1.50
2011.05.05 23:08:30.562,1.37148,1.37176,1.50,1.50
2011.05.05 23:08:31.112,1.37148,1.37176,1.50,1.50
2011.05.05 23:08:31.552,1.37148,1.37176,1.50,1.50
2011.05.05 23:08:31.774,1.37148,1.37176,1.50,1.50
2011.05.05 23:08:32.437,1.37148,1.37176,1.50,1.50
2011.05.05 23:08:34.053,1.37152,1.37182,1.50,1.50
2011.05.05 23:08:34.554,1.37152,1.37182,1.50,1.50
2011.05.05 23:08:34.663,1.3715,1.37179,1.50,1.50
2011.05.05 23:08:34.772,1.37149,1.37177,1.50,1.50
2011.05.05 23:08:35.212,1.37149,1.37177,1.50,1.50
2011.05.05 23:08:35.763,1.37149,1.37177,1.50,1.50
2011.05.05 23:08:36.312,1.37149,1.37177,1.50,1.50
2011.05.05 23:08:36.532,1.37149,1.37177,1.50,1.50
2011.05.05 23:08:37.614,1.37153,1.37183,1.50,1.50
2011.05.05 23:08:37.834,1.37153,1.37183,1.50,1.50
2011.05.05 23:08:38.052,1.37153,1.37183,1.50,1.50
2011.05.05 23:08:38.162,1.37153,1.37183,1.50,1.50
2011.05.05 23:08:40.823,1.37157,1.37185,1.50,1.50
2011.05.05 23:08:41.153,1.3716,1.3719,1.50,1.50
2011.05.05 23:08:42.723,1.37165,1.37193,1.13,1.50
2011.05.05 23:08:42.832,1.37165,1.37193,1.88,1.50
2011.05.05 23:08:42.943,1.37174,1.37206,1.50,1.50
2011.05.05 23:08:43.053,1.37174,1.37206,1.50,1.50
2011.05.05 23:08:43.275,1.37179,1.37204,1.50,1.50
2011.05.05 23:08:43.601,1.37177,1.37204,1.50,1.50
2011.05.05 23:08:49.982,1.37177,1.37202,1.50,1.50
2011.05.05 23:08:50.312,1.37173,1.37199,1.50,1.50
2011.05.05 23:08:50.422,1.3717,1.37199,1.50,1.50
2011.05.05 23:08:51.332,1.3717,1.37199,1.50,1.50
2011.05.05 23:08:52.334,1.37171,1.37199,1.50,1.50
2011.05.05 23:08:52.671,1.37175,1.37203,1.50,2.25
2011.05.05 23:08:54.503,1.37175,1.37203,1.50,1.50
2011.05.05 23:08:54.831,1.37177,1.37207,1.50,2.63
2011.05.05 23:08:55.162,1.37177,1.37202,1.50,1.13
2011.05.05 23:08:55.965,1.37174,1.37195,1.50,1.13
2011.05.05 23:08:56.183,1.3717,1.37194,1.50,1.50
2011.05.05 23:08:57.534,1.37165,1.37194,1.50,1.50
2011.05.05 23:08:58.302,1.37165,1.37194,1.50,1.50
2011.05.05 23:08:58.744,1.37169,1.37199,1.50,1.50
2011.05.05 23:08:59.075,1.37169,1.37199,1.50,1.50
2011.05.05 23:09:00.113,1.37173,1.37203,1.50,2.25
2011.05.05 23:09:00.225,1.3717,1.372,1.50,1.50
2011.05.05 23:09:00.333,1.37167,1.37197,1.50,1.88
2011.05.05 23:09:00.883,1.37169,1.37197,1.50,1.50
2011.05.05 23:09:01.324,1.37169,1.37196,1.50,1.50
2011.05.05 23:09:01.543,1.37167,1.37195,1.50,1.13
2011.05.05 23:09:01.872,1.37167,1.37195,1.50,1.13
2011.05.05 23:09:03.424,1.37167,1.37192,1.50,1.13
2011.05.05 23:09:03.534,1.37166,1.3719,1.50,1.50
2011.05.05 23:09:03.643,1.37164,1.3719,2.25,1.50
2011.05.05 23:09:03.972,1.37165,1.37197,1.50,1.50
2011.05.05 23:09:04.192,1.37167,1.37198,1.50,1.50
2011.05.05 23:09:05.224,1.37167,1.37196,1.50,1.50
2011.05.05 23:09:05.554,1.37159,1.37189,1.50,1.50
2011.05.05 23:09:05.663,1.37159,1.37189,1.50,1.50
2011.05.05 23:09:05.881,1.37159,1.37189,1.50,1.50
2011.05.05 23:09:06.608,1.3715,1.37177,1.50,1.50
2011.05.05 23:09:06.833,1.37147,1.37177,1.50,1.50
2011.05.05 23:09:07.653,1.37152,1.37177,1.50,1.50
2011.05.05 23:09:07.762,1.37153,1.3718,1.50,1.50
2011.05.05 23:09:08.092,1.37154,1.37187,2.25,1.50
2011.05.05 23:09:08.202,1.37154,1.37187,2.25,1.50
2011.05.05 23:09:08.422,1.37158,1.37188,1.50,1.50
2011.05.05 23:09:09.852,1.37158,1.37188,1.50,3.15
2011.05.05 23:09:09.963,1.37158,1.37188,1.50,1.50
2011.05.05 23:09:10.514,1.37164,1.37197,1.50,1.50
2011.05.05 23:09:10.622,1.37167,1.37197,1.50,1.50
2011.05.05 23:09:10.952,1.37167,1.37194,1.50,2.40
2011.05.05 23:09:17.323,1.37167,1.3719,1.50,1.13
2011.05.05 23:09:17.704,1.37166,1.37188,1.50,2.40
2011.05.05 23:09:18.373,1.37163,1.37192,1.50,2.40
2011.05.05 23:09:19.292,1.37163,1.37189,1.50,1.13
2011.05.05 23:09:19.513,1.37157,1.37185,1.50,1.50
2011.05.05 23:09:19.622,1.37153,1.37186,1.50,3.15
2011.05.05 23:09:19.952,1.37151,1.3718,1.50,1.50
2011.05.05 23:09:24.695,1.37151,1.3718,1.50,1.50
2011.05.05 23:09:25.022,1.37146,1.3718,3.15,1.50
2011.05.05 23:09:25.132,1.37146,1.3718,3.15,1.50
2011.05.05 23:09:25.243,1.3715,1.3718,1.50,1.50
2011.05.05 23:09:26.866,1.37162,1.37186,1.50,2.40
2011.05.05 23:09:27.204,1.37165,1.37189,1.50,2.40
2011.05.05 23:09:27.314,1.37165,1.37189,1.50,2.40
2011.05.05 23:09:27.423,1.37162,1.37192,1.50,1.50
2011.05.05 23:09:27.972,1.37161,1.37192,1.50,1.50
2011.05.05 23:09:29.482,1.37161,1.37192,1.50,1.50
2011.05.05 23:09:29.702,1.37166,1.37195,1.50,2.40
2011.05.05 23:09:30.482,1.37165,1.37195,1.50,2.40
2011.05.05 23:09:33.292,1.37163,1.37191,1.50,1.50
2011.05.05 23:09:33.845,1.37156,1.37186,1.50,1.50
2011.05.05 23:09:34.507,1.37156,1.37187,1.50,1.50
2011.05.05 23:09:35.863,1.37156,1.37186,1.50,1.50
2011.05.05 23:09:36.192,1.37161,1.37189,1.50,1.50
2011.05.05 23:09:37.472,1.37162,1.37189,1.50,3.15
2011.05.05 23:09:37.803,1.37161,1.37189,1.50,1.50
2011.05.05 23:09:38.132,1.37161,1.37189,1.50,3.15
2011.05.05 23:09:40.672,1.37161,1.37189,1.50,3.15
2011.05.05 23:09:41.002,1.37155,1.37185,1.50,3.15
2011.05.05 23:09:43.392,1.37154,1.37185,1.50,3.15
2011.05.05 23:09:43.612,1.37152,1.37182,2.25,1.50
2011.05.05 23:09:44.174,1.37152,1.37182,1.50,1.50
2011.05.05 23:09:44.582,1.37154,1.37182,1.50,2.10
2011.05.05 23:09:45.023,1.37152,1.37182,1.50,2.10
2011.05.05 23:09:45.351,1.37152,1.37182,2.25,2.10
2011.05.05 23:09:46.272,1.37153,1.37182,1.50,2.10
2011.05.05 23:09:46.792,1.37154,1.37182,1.50,2.10
2011.05.05 23:09:50.232,1.37156,1.37182,1.50,1.35
2011.05.05 23:09:50.782,1.37153,1.37182,1.50,1.35
2011.05.05 23:09:50.892,1.37152,1.37182,1.50,1.35
2011.05.05 23:09:51.115,1.37144,1.37179,1.50,1.50
2011.05.05 23:09:51.226,1.37143,1.37171,1.50,1.50
2011.05.05 23:09:51.343,1.37141,1.37171,1.50,3.15
2011.05.05 23:09:51.563,1.37143,1.37171,1.50,1.50
2011.05.05 23:09:51.674,1.37145,1.37173,1.50,1.50
2011.05.05 23:09:51.782,1.37145,1.37174,1.50,1.50
2011.05.05 23:09:52.114,1.37147,1.37179,1.50,1.50
2011.05.05 23:09:52.576,1.37147,1.37178,1.50,2.40
2011.05.05 23:09:53.355,1.37147,1.37177,1.50,2.40
2011.05.05 23:09:53.795,1.37148,1.37175,2.40,1.50
2011.05.05 23:09:54.123,1.37142,1.37175,1.50,1.50
2011.05.05 23:09:54.344,1.37146,1.37175,1.50,1.50
2011.05.05 23:09:54.673,1.37145,1.37175,1.50,1.50
2011.05.05 23:09:54.782,1.37143,1.37174,1.50,1.50
2011.05.05 23:09:55.113,1.37137,1.37159,1.50,2.40
2011.05.05 23:09:55.224,1.37136,1.37159,1.50,2.40
2011.05.05 23:09:55.332,1.37134,1.37159,1.50,2.40
2011.05.05 23:09:55.442,1.37132,1.37159,1.50,2.40
2011.05.05 23:09:56.472,1.37132,1.37159,1.50,2.40
2011.05.05 23:09:56.692,1.37132,1.37159,1.50,1.65
2011.05.05 23:09:56.913,1.37133,1.37163,1.50,1.50
2011.05.05 23:09:57.023,1.37133,1.37171,1.50,1.50
2011.05.05 23:09:57.902,1.37136,1.37173,1.50,1.50
2011.05.05 23:09:58.012,1.37135,1.37173,1.50,1.50
2011.05.05 23:09:58.122,1.37135,1.37173,1.50,1.50
2011.05.05 23:09:59.603,1.37141,1.37172,1.50,1.50
2011.05.05 23:09:59.933,1.37141,1.37172,1.50,1.50
2011.05.05 23:10:00.042,1.37145,1.37173,1.50,1.50
2011.05.05 23:10:00.632,1.37145,1.37174,1.50,1.50
2011.05.05 23:10:00.963,1.37145,1.37173,1.50,2.40
2011.05.05 23:10:01.185,1.37161,1.37186,1.50,1.13
2011.05.05 23:10:01.297,1.37158,1.37186,1.50,2.78
2011.05.05 23:10:01.414,1.37155,1.3719,3.15,1.50
2011.05.05 23:10:01.745,1.37163,1.37189,1.50,1.50
2011.05.05 23:10:01.855,1.37163,1.37198,1.50,2.25
2011.05.05 23:10:01.963,1.37162,1.37198,1.50,1.50
2011.05.05 23:10:02.073,1.37162,1.37196,1.50,1.50
2011.05.05 23:10:02.183,1.37165,1.37203,1.50,1.13
2011.05.05 23:10:02.294,1.37166,1.37206,1.50,1.13
2011.05.05 23:10:02.842,1.37166,1.37199,1.50,1.50
2011.05.05 23:10:04.067,1.37166,1.37199,1.50,1.50
2011.05.05 23:10:04.403,1.37185,1.37213,3.15,1.50
2011.05.05 23:10:04.736,1.37181,1.37211,1.50,1.50
2011.05.05 23:10:04.955,1.37186,1.37213,1.50,2.40
2011.05.05 23:10:05.174,1.37184,1.37213,1.50,2.40
2011.05.05 23:10:05.283,1.37182,1.37215,1.50,1.50
2011.05.05 23:10:05.502,1.37182,1.37215,1.50,1.50
2011.05.05 23:10:05.613,1.37182,1.3721,1.50,1.65
2011.05.05 23:10:05.942,1.37182,1.3721,1.50,2.40
2011.05.05 23:10:07.422,1.37181,1.37209,1.50,2.78
2011.05.05 23:10:07.753,1.37178,1.37202,1.50,2.40
2011.05.05 23:10:07.863,1.37178,1.37205,1.50,1.50
2011.05.05 23:10:07.973,1.37178,1.37205,1.50,1.50
2011.05.05 23:10:08.663,1.37178,1.37201,1.50,2.40
2011.05.05 23:10:09.465,1.37178,1.37201,1.50,2.40
2011.05.05 23:10:09.574,1.37173,1.37193,1.50,1.65
2011.05.05 23:10:09.684,1.37173,1.37198,1.50,1.50
2011.05.05 23:10:09.903,1.37173,1.37192,1.50,1.65
2011.05.05 23:10:10.013,1.37173,1.37196,1.50,1.50
2011.05.05 23:10:10.234,1.37173,1.37193,1.50,2.40
2011.05.05 23:10:10.783,1.37171,1.37194,1.50,2.40
2011.05.05 23:10:10.895,1.37171,1.37199,1.50,2.40
2011.05.05 23:10:11.004,1.37169,1.37199,1.50,2.40
2011.05.05 23:10:11.223,1.37169,1.37201,1.50,1.50
2011.05.05 23:10:11.333,1.37169,1.37201,1.50,1.50
2011.05.05 23:10:11.553,1.37171,1.372,1.50,2.40
2011.05.05 23:10:11.773,1.37167,1.37199,1.50,1.50
2011.05.05 23:10:11.992,1.37165,1.37199,1.50,1.50
2011.05.05 23:10:12.103,1.37164,1.37193,1.50,2.40
2011.05.05 23:10:12.216,1.37162,1.37188,1.50,2.40
2011.05.05 23:10:12.322,1.37161,1.37188,1.50,2.40
2011.05.05 23:10:13.656,1.37162,1.37189,1.50,1.50
2011.05.05 23:10:13.874,1.37159,1.37189,1.50,1.50
2011.05.05 23:10:14.422,1.37159,1.37189,1.50,1.50
2011.05.05 23:10:15.152,1.37159,1.37189,1.50,1.50
2011.05.05 23:10:15.703,1.37163,1.37193,1.50,1.50
2011.05.05 23:10:16.253,1.37168,1.37195,1.50,1.50
2011.05.05 23:10:16.362,1.37166,1.37195,1.50,1.50
2011.05.05 23:10:16.472,1.37163,1.37196,1.50,1.50
2011.05.05 23:10:18.264,1.37162,1.37195,2.40,1.50
2011.05.05 23:10:18.485,1.37162,1.37185,1.65,1.50
2011.05.05 23:10:18.593,1.37159,1.37185,2.40,1.50
2011.05.05 23:10:18.812,1.37154,1.37186,2.40,1.88
2011.05.05 23:10:19.449,1.37154,1.3718,2.40,1.50
2011.05.05 23:10:21.093,1.37154,1.3718,3.15,1.50
2011.05.05 23:10:21.424,1.37153,1.37183,3.15,1.50
2011.05.05 23:10:21.643,1.37153,1.37183,3.15,1.50
2011.05.05 23:10:25.533,1.37153,1.37183,3.15,1.50
2011.05.05 23:10:27.785,1.37154,1.37183,1.50,1.50
2011.05.05 23:10:27.892,1.37154,1.37184,2.25,1.50
2011.05.05 23:10:30.463,1.37154,1.37184,1.50,1.50
2011.05.05 23:10:30.792,1.37152,1.37184,2.25,1.50
2011.05.05 23:10:31.012,1.37152,1.3718,1.50,1.50
2011.05.05 23:10:33.414,1.37153,1.37188,2.40,1.13
2011.05.05 23:10:33.852,1.37154,1.37181,3.15,1.50
2011.05.05 23:10:33.962,1.37159,1.37181,1.65,1.50
2011.05.05 23:10:34.295,1.37159,1.37181,1.65,1.50
2011.05.05 23:10:34.403,1.37155,1.37185,1.50,1.50
2011.05.05 23:10:34.891,1.37155,1.37185,1.50,1.50
2011.05.05 23:10:35.742,1.37155,1.37185,1.50,1.50
2011.05.05 23:10:37.264,1.37157,1.37185,1.50,1.50
2011.05.05 23:10:37.805,1.37159,1.37192,2.25,1.50
2011.05.05 23:10:37.915,1.37159,1.37192,2.25,1.50
2011.05.05 23:10:38.488,1.37159,1.37192,2.25,1.50
2011.05.05 23:10:41.163,1.3716,1.37188,1.50,1.50
2011.05.05 23:10:41.495,1.37159,1.37192,3.00,1.50
2011.05.05 23:10:41.715,1.37159,1.37192,2.25,1.50
2011.05.05 23:10:42.045,1.37162,1.37192,3.15,1.50
2011.05.05 23:10:43.766,1.37162,1.37197,3.15,1.50
2011.05.05 23:10:43.884,1.37166,1.37197,1.50,1.50
2011.05.05 23:10:44.212,1.37167,1.37191,2.40,1.50
2011.05.05 23:10:44.873,1.37167,1.37191,2.40,1.50
2011.05.05 23:10:53.172,1.37165,1.37192,1.65,1.50
2011.05.05 23:10:53.393,1.37161,1.37192,1.50,1.50
2011.05.05 23:10:54.237,1.37162,1.37187,1.50,1.50
2011.05.05 23:10:54.575,1.37162,1.37187,1.50,1.50
2011.05.05 23:10:55.309,1.37162,1.37187,1.50,1.50
2011.05.05 23:10:55.863,1.37165,1.37187,2.40,1.50
2011.05.05 23:10:56.413,1.37164,1.37195,1.50,1.50
2011.05.05 23:10:56.523,1.37167,1.37195,1.50,1.50
2011.05.05 23:10:56.744,1.37169,1.37194,1.50,1.50
2011.05.05 23:10:57.072,1.37169,1.37194,1.50,1.50
2011.05.05 23:10:57.623,1.37166,1.37194,2.25,1.50
2011.05.05 23:10:57.733,1.37166,1.37195,1.50,1.50
2011.05.05 23:10:57.846,1.37164,1.37195,1.50,1.50
2011.05.05 23:10:58.062,1.37158,1.37185,1.50,1.50
2011.05.05 23:10:58.395,1.37154,1.37184,1.50,1.50
2011.05.05 23:11:00.081,1.37154,1.37178,1.50,1.50
2011.05.05 23:11:00.204,1.37156,1.37187,1.50,1.50
2011.05.05 23:11:00.424,1.37156,1.37187,1.50,1.50
2011.05.05 23:11:00.755,1.37161,1.37189,1.50,1.50
2011.05.05 23:11:00.974,1.37161,1.3719,1.50,1.50
2011.05.05 23:11:01.084,1.37161,1.3719,3.15,1.50
2011.05.05 23:11:01.303,1.37166,1.37199,1.50,1.50
2011.05.05 23:11:01.633,1.37166,1.37202,1.50,1.50
2011.05.05 23:11:01.963,1.37172,1.37202,1.50,1.50
2011.05.05 23:11:03.253,1.37174,1.37206,1.50,1.50
2011.05.05 23:11:03.694,1.37181,1.3721,1.50,1.50
2011.05.05 23:11:04.023,1.37182,1.37213,1.50,1.50
2011.05.05 23:11:04.352,1.37185,1.37213,1.50,1.50
2011.05.05 23:11:04.683,1.37183,1.37213,1.50,1.50
2011.05.05 23:11:05.068,1.37181,1.37211,1.50,1.50
2011.05.05 23:11:05.437,1.37181,1.37211,1.50,1.50
2011.05.05 23:11:06.773,1.37182,1.37211,1.50,1.50
2011.05.05 23:11:07.583,1.37182,1.37208,1.50,1.50
2011.05.05 23:11:07.692,1.37178,1.37209,1.50,1.50
2011.05.05 23:11:10.632,1.37181,1.37209,1.50,1.50
2011.05.05 23:11:17.285,1.37178,1.37209,1.50,1.50
2011.05.05 23:11:17.392,1.37177,1.37208,1.50,1.50
2011.05.05 23:11:17.504,1.37177,1.37208,1.50,1.50
2011.05.05 23:11:17.725,1.37177,1.37208,1.50,1.88
2011.05.05 23:11:18.055,1.37172,1.37204,1.50,2.25
2011.05.05 23:11:19.152,1.37169,1.372,1.50,1.50
2011.05.05 23:11:19.792,1.3717,1.37195,1.50,1.50
2011.05.05 23:11:20.343,1.3717,1.37195,1.50,1.50
2011.05.05 23:11:22.455,1.37171,1.37195,1.50,1.50
2011.05.05 23:11:22.782,1.37171,1.37198,1.50,1.50
2011.05.05 23:11:25.342,1.3717,1.37198,2.25,1.50
2011.05.05 23:11:25.892,1.37171,1.37198,1.50,1.50
2011.05.05 23:11:28.603,1.37171,1.37198,1.50,1.50
2011.05.05 23:11:28.713,1.37175,1.37201,1.65,1.35
2011.05.05 23:11:28.934,1.37175,1.37203,1.65,1.50
2011.05.05 23:11:29.153,1.37175,1.37203,2.40,1.50
2011.05.05 23:11:29.264,1.37178,1.37209,1.50,1.50
2011.05.05 23:11:30.163,1.37183,1.3721,1.50,1.35
2011.05.05 23:11:30.493,1.37184,1.37213,3.15,1.50
2011.05.05 23:11:30.826,1.37185,1.37213,1.50,1.50
2011.05.05 23:11:32.033,1.37185,1.37213,1.35,1.50
2011.05.05 23:11:33.373,1.37185,1.37213,2.10,1.50
2011.05.05 23:11:33.922,1.37188,1.37215,1.50,1.50
2011.05.05 23:11:34.882,1.37187,1.37215,1.50,1.50
2011.05.05 23:11:35.603,1.37187,1.37215,1.50,1.50
2011.05.05 23:11:35.713,1.37187,1.37215,1.50,1.50
2011.05.05 23:11:35.933,1.37187,1.37215,2.25,1.50
2011.05.05 23:11:36.924,1.37187,1.37215,1.50,1.50
2011.05.05 23:11:37.033,1.37186,1.37215,1.50,1.50
2011.05.05 23:11:37.363,1.37185,1.37216,1.35,1.65
2011.05.05 23:11:37.473,1.37185,1.37219,1.35,1.35
2011.05.05 23:11:37.583,1.37188,1.37219,1.50,1.35
2011.05.05 23:11:38.635,1.37188,1.37218,1.50,1.50
2011.05.05 23:11:39.183,1.37188,1.37218,1.50,1.50
2011.05.05 23:11:39.723,1.37188,1.3722,1.50,1.50
2011.05.05 23:11:40.301,1.37188,1.37218,1.50,1.50
2011.05.05 23:11:40.976,1.37188,1.37218,1.50,1.50
2011.05.05 23:11:41.763,1.37188,1.3722,1.50,1.50
2011.05.05 23:11:41.984,1.37189,1.3722,1.50,1.50
2011.05.05 23:11:42.312,1.37192,1.3722,1.50,1.50
2011.05.05 23:11:42.644,1.37188,1.37219,1.50,1.50
2011.05.05 23:11:42.754,1.37188,1.37219,1.50,1.50
2011.05.05 23:11:43.353,1.37188,1.37221,1.50,1.50
2011.05.05 23:11:44.343,1.37188,1.37217,1.50,2.40
2011.05.05 23:11:44.894,1.37188,1.37216,1.50,1.50
2011.05.05 23:11:45.222,1.37188,1.37215,1.50,1.50
2011.05.05 23:11:45.332,1.37188,1.37215,1.50,1.50
2011.05.05 23:11:49.743,1.37188,1.37214,1.50,1.35
2011.05.05 23:11:50.073,1.37183,1.37214,1.50,1.35
2011.05.05 23:11:50.625,1.37183,1.37214,1.50,1.35
2011.05.05 23:11:50.844,1.37182,1.37211,1.50,1.50
2011.05.05 23:11:51.063,1.3718,1.37211,1.50,2.25
2011.05.05 23:11:51.392,1.37174,1.37204,1.50,2.40
2011.05.05 23:11:51.942,1.37173,1.37203,1.50,1.50
2011.05.05 23:11:52.858,1.37173,1.37203,1.50,1.50
2011.05.05 23:11:53.083,1.37173,1.37203,1.50,3.15
2011.05.05 23:11:53.803,1.37173,1.37203,1.50,3.15
2011.05.05 23:11:54.134,1.37177,1.37203,1.50,2.40
2011.05.05 23:11:54.355,1.37177,1.372,1.50,2.40
2011.05.05 23:11:57.014,1.37179,1.372,1.50,1.65
2011.05.05 23:11:57.344,1.37178,1.37205,1.50,2.40
2011.05.05 23:12:01.292,1.37179,1.37204,1.50,1.35
2011.05.05 23:12:03.594,1.37179,1.37205,1.50,2.25
2011.05.05 23:12:03.815,1.37188,1.37213,1.50,1.35
2011.05.05 23:12:06.273,1.37188,1.37213,1.50,1.35
2011.05.05 23:12:14.782,1.37188,1.37213,1.50,1.35
2011.05.05 23:12:15.112,1.37188,1.37213,1.50,1.35
2011.05.05 23:12:16.104,1.37188,1.37213,1.50,1.35
2011.05.05 23:12:16.434,1.37189,1.37213,1.50,1.35
2011.05.05 23:12:20.803,1.37188,1.37213,1.50,1.35
2011.05.05 23:12:22.981,1.37188,1.37213,1.50,1.35
2011.05.05 23:12:23.553,1.37186,1.37212,1.50,2.40
2011.05.05 23:12:23.992,1.37188,1.37213,1.50,1.35
2011.05.05 23:12:25.842,1.37186,1.37212,1.50,2.40
2011.05.05 23:12:25.953,1.37186,1.37212,1.50,2.40
2011.05.05 23:12:26.738,1.37183,1.37212,1.50,2.40
2011.05.05 23:12:28.503,1.37186,1.37213,1.50,2.10
2011.05.05 23:12:28.832,1.37186,1.37213,1.50,2.10
2011.05.05 23:12:29.382,1.37189,1.37213,1.50,1.35
2011.05.05 23:12:29.603,1.3719,1.37221,1.35,1.50
2011.05.05 23:12:29.713,1.37195,1.37217,1.50,1.35
2011.05.05 23:12:30.042,1.37195,1.37213,1.50,1.35
2011.05.05 23:12:30.264,1.37195,1.37221,1.50,1.35
2011.05.05 23:12:30.772,1.37195,1.37223,1.50,2.10
2011.05.05 23:12:32.442,1.37195,1.37221,1.50,3.75
2011.05.05 23:12:45.631,1.37195,1.37221,1.50,1.65
2011.05.05 23:12:45.962,1.37195,1.37221,1.50,2.40
2011.05.05 23:12:46.483,1.37195,1.37216,1.50,1.13
2011.05.05 23:12:46.704,1.37191,1.37213,1.50,2.40
2011.05.05 23:12:46.923,1.37191,1.37221,1.50,3.15
2011.05.05 23:12:47.543,1.37191,1.37219,1.50,1.50
2011.05.05 23:12:53.445,1.37193,1.37221,1.50,2.40
2011.05.05 23:12:53.553,1.37194,1.37221,1.50,2.40
2011.05.05 23:12:57.194,1.37194,1.37218,1.50,1.13
2011.05.05 23:12:57.523,1.3719,1.37214,1.50,2.40
2011.05.05 23:12:57.853,1.37195,1.3722,1.50,2.40
2011.05.05 23:12:58.165,1.37195,1.3722,1.50,2.40
2011.05.05 23:13:01.195,1.37195,1.37218,1.50,1.13
2011.05.05 23:13:01.522,1.37195,1.37214,1.50,2.40
2011.05.05 23:13:01.743,1.37192,1.37214,1.50,2.40
2011.05.05 23:13:01.852,1.37192,1.3722,1.50,1.50
2011.05.05 23:13:01.963,1.37192,1.37217,1.50,1.13
2011.05.05 23:13:02.512,1.37192,1.37214,1.50,2.40
2011.05.05 23:13:03.062,1.37192,1.37214,1.50,2.40
2011.05.05 23:13:03.762,1.37192,1.37214,1.50,2.40
2011.05.05 23:13:04.213,1.37185,1.37214,1.50,2.40
2011.05.05 23:13:04.840,1.37185,1.37214,1.50,2.40
2011.05.05 23:13:08.580,1.37185,1.37214,1.50,2.40
2011.05.05 23:13:13.274,1.37188,1.37214,1.50,1.65
2011.05.05 23:13:13.390,1.37188,1.3723,1.50,1.88
2011.05.05 23:13:13.505,1.37189,1.3723,1.50,1.88
2011.05.05 23:13:13.613,1.37189,1.3723,1.50,1.88
2011.05.05 23:13:13.944,1.37193,1.3723,1.50,1.88
2011.05.05 23:13:14.273,1.37195,1.3723,1.50,1.13
2011.05.05 23:13:14.741,1.37197,1.3723,1.50,1.13
2011.05.05 23:13:16.224,1.37197,1.37225,1.50,1.13
2011.05.05 23:13:16.333,1.37189,1.37219,1.50,1.50
2011.05.05 23:13:16.552,1.37188,1.37219,1.50,1.50
2011.05.05 23:13:17.929,1.37186,1.37219,1.50,1.50
2011.05.05 23:13:18.263,1.37185,1.37219,2.25,1.50
2011.05.05 23:13:18.704,1.37191,1.37221,1.50,1.13
2011.05.05 23:13:19.802,1.37191,1.37219,1.50,1.50
2011.05.05 23:13:20.373,1.37188,1.37216,1.50,2.40
2011.05.05 23:13:20.859,1.37187,1.37208,1.50,1.35
2011.05.05 23:13:20.980,1.37186,1.3721,1.50,1.35
2011.05.05 23:13:21.714,1.37186,1.37209,1.50,1.35
2011.05.05 23:13:21.823,1.37186,1.37211,1.50,2.40
2011.05.05 23:13:22.043,1.37185,1.37213,1.50,1.35
2011.05.05 23:13:23.581,1.37186,1.37215,1.50,1.50
2011.05.05 23:13:25.852,1.37186,1.37215,1.50,1.50
2011.05.05 23:13:25.963,1.37186,1.37216,2.25,4.65
2011.05.05 23:13:26.833,1.37195,1.37221,1.13,1.50
2011.05.05 23:13:26.943,1.37205,1.37223,1.50,1.50
2011.05.05 23:13:27.052,1.37205,1.37225,1.50,1.50
2011.05.05 23:13:27.492,1.37201,1.37228,1.50,4.65
2011.05.05 23:13:27.714,1.37201,1.37234,1.50,1.50
2011.05.05 23:13:27.824,1.37204,1.37234,1.50,1.50
2011.05.05 23:13:27.937,1.3721,1.37231,1.50,1.50
2011.05.05 23:13:28.418,1.37217,1.37241,1.50,1.50
2011.05.05 23:13:28.533,1.37217,1.37241,1.50,2.40
2011.05.05 23:13:31.402,1.37217,1.37241,1.50,2.25
2011.05.05 23:13:31.513,1.37214,1.37241,1.50,1.65
2011.05.05 23:13:31.623,1.37213,1.37241,1.50,1.65
2011.05.05 23:13:32.211,1.37212,1.37241,2.25,2.40
2011.05.05 23:13:32.830,1.37212,1.3724,2.25,1.35
2011.05.05 23:13:40.474,1.3721,1.37239,1.50,2.10
2011.05.05 23:13:41.336,1.37218,1.37245,1.50,1.35
2011.05.05 23:13:41.776,1.37217,1.37241,1.50,2.40
2011.05.05 23:13:42.322,1.37216,1.37243,1.50,1.35
2011.05.05 23:13:42.655,1.37224,1.3725,1.50,1.65
2011.05.05 23:13:42.765,1.37221,1.37252,2.40,1.50
2011.05.05 23:13:42.874,1.37214,1.37249,1.50,2.40
2011.05.05 23:13:43.313,1.37217,1.37252,1.50,2.40
2011.05.05 23:13:43.755,1.37217,1.37246,1.50,1.50
2011.05.05 23:13:45.552,1.37217,1.37244,2.25,1.50
2011.05.05 23:13:45.776,1.37218,1.37244,1.50,1.50
2011.05.05 23:13:46.104,1.37222,1.37247,1.50,3.15
2011.05.05 23:13:46.214,1.37224,1.37247,1.50,2.40
2011.05.05 23:13:46.543,1.37224,1.37249,1.50,2.40
2011.05.05 23:13:47.384,1.37222,1.37241,1.50,1.65
2011.05.05 23:13:47.495,1.37219,1.37241,1.50,1.65
2011.05.05 23:13:49.334,1.37219,1.37236,1.50,2.40
2011.05.05 23:13:49.552,1.37214,1.37236,1.50,2.40
2011.05.05 23:13:49.938,1.37218,1.37242,1.50,1.50
2011.05.05 23:13:50.163,1.37219,1.37243,1.50,3.15
2011.05.05 23:13:50.273,1.37219,1.37234,1.50,1.50
2011.05.05 23:13:50.384,1.37205,1.37234,2.25,2.25
2011.05.05 23:13:50.494,1.37205,1.37227,2.25,1.65
2011.05.05 23:13:50.714,1.37205,1.37227,1.50,1.65
2011.05.05 23:13:50.933,1.37202,1.37231,1.50,2.25
2011.05.05 23:13:52.182,1.37202,1.37231,1.50,1.65
2011.05.05 23:13:52.293,1.37202,1.37231,1.50,2.40
2011.05.05 23:13:52.734,1.37205,1.37232,1.50,1.50
2011.05.05 23:13:52.844,1.37208,1.37235,1.50,2.25
2011.05.05 23:13:53.453,1.3721,1.37237,1.50,2.10
2011.05.05 23:13:54.884,1.3721,1.37231,1.50,1.35
2011.05.05 23:13:54.993,1.37207,1.37231,1.50,2.40
2011.05.05 23:13:55.325,1.37207,1.37225,1.50,1.65
2011.05.05 23:13:55.433,1.37199,1.37225,2.25,1.65
2011.05.05 23:13:55.653,1.37199,1.37223,1.50,1.65
2011.05.05 23:13:55.874,1.37198,1.37229,1.50,1.50
2011.05.05 23:13:55.984,1.37195,1.37232,1.50,1.13
2011.05.05 23:13:58.733,1.37195,1.37225,2.25,1.50
2011.05.05 23:13:59.063,1.372,1.37226,1.50,1.65
2011.05.05 23:13:59.174,1.372,1.37229,1.50,3.15
2011.05.05 23:14:02.935,1.372,1.37238,1.50,1.13
2011.05.05 23:14:03.043,1.37204,1.37238,1.50,1.13
2011.05.05 23:14:03.483,1.37204,1.37231,1.50,1.13
2011.05.05 23:14:03.705,1.37204,1.37223,1.50,2.40
2011.05.05 23:14:03.815,1.37201,1.37229,1.50,1.50
2011.05.05 23:14:04.036,1.37201,1.37229,1.50,1.50
2011.05.05 23:14:04.583,1.37201,1.37238,1.50,1.13
2011.05.05 23:14:05.173,1.37202,1.37242,1.50,3.15
2011.05.05 23:14:05.283,1.37205,1.37242,1.50,3.15
2011.05.05 23:14:06.375,1.37207,1.37251,1.88,1.50
2011.05.05 23:14:06.484,1.37214,1.37252,1.50,1.50
2011.05.05 23:14:06.813,1.37218,1.37252,1.50,1.50
2011.05.05 23:14:07.144,1.37217,1.37251,3.15,1.50
2011.05.05 23:14:07.363,1.37225,1.37256,1.50,1.50
2011.05.05 23:14:07.472,1.37225,1.37262,1.50,1.50
2011.05.05 23:14:07.693,1.37225,1.37256,1.50,1.50
2011.05.05 23:14:07.913,1.37225,1.37254,1.50,2.40
2011.05.05 23:14:08.133,1.37224,1.37254,1.50,2.40
2011.05.05 23:14:08.707,1.37224,1.37254,1.50,1.50
2011.05.05 23:14:09.044,1.37224,1.37251,1.50,2.40
2011.05.05 23:14:09.263,1.37222,1.3725,1.50,1.50
2011.05.05 23:14:09.373,1.37222,1.3725,1.50,1.50
2011.05.05 23:14:10.414,1.37222,1.3725,1.50,1.50
2011.05.05 23:14:10.743,1.37224,1.37247,1.50,2.40
2011.05.05 23:14:10.967,1.37226,1.37247,1.50,2.40
2011.05.05 23:14:11.193,1.37232,1.37255,1.50,2.40
2011.05.05 23:14:12.594,1.37232,1.37257,1.50,1.50
2011.05.05 23:14:12.705,1.3723,1.37257,1.50,1.65
2011.05.05 23:14:13.253,1.3723,1.37261,1.50,1.50
2011.05.05 23:14:13.364,1.37233,1.37263,1.50,1.50
2011.05.05 23:14:13.473,1.37233,1.37266,1.50,1.50
2011.05.05 23:14:13.583,1.37234,1.37267,1.50,1.50
2011.05.05 23:14:13.845,1.37235,1.37267,1.50,1.50
2011.05.05 23:14:14.259,1.37239,1.37269,1.50,1.50
2011.05.05 23:14:14.593,1.37239,1.3726,1.50,1.50
2011.05.05 23:14:14.704,1.37236,1.37253,1.50,1.65
2011.05.05 23:14:14.814,1.37236,1.37253,1.50,2.40
2011.05.05 23:14:15.414,1.37235,1.37253,1.50,2.40
2011.05.05 23:14:16.032,1.3722,1.37238,1.50,2.10
2011.05.05 23:14:16.148,1.37215,1.37233,1.50,1.35
2011.05.05 23:14:16.265,1.37215,1.37233,1.50,1.35
2011.05.05 23:14:16.373,1.37215,1.37233,1.50,1.35
2011.05.05 23:14:17.137,1.37211,1.37235,1.50,1.65
2011.05.05 23:14:17.255,1.37211,1.37243,1.50,2.40
2011.05.05 23:14:19.363,1.37211,1.3724,1.50,1.50
2011.05.05 23:14:19.698,1.37211,1.3723,1.50,2.40
2011.05.05 23:14:19.814,1.37207,1.37239,1.50,2.40
2011.05.05 23:14:19.925,1.37205,1.37237,2.25,1.50
2011.05.05 23:14:20.419,1.37205,1.37237,2.25,1.50
2011.05.05 23:14:22.544,1.37209,1.37238,1.50,3.90
2011.05.05 23:14:22.765,1.37202,1.37228,1.50,1.50
2011.05.05 23:14:23.095,1.37204,1.37232,1.50,1.50
2011.05.05 23:14:23.315,1.37208,1.37236,3.00,1.50
2011.05.05 23:14:23.534,1.37211,1.37243,1.50,2.40
2011.05.05 23:14:23.994,1.37211,1.3724,1.50,1.50
2011.05.05 23:14:25.494,1.37211,1.3724,1.50,1.50
2011.05.05 23:14:25.822,1.37211,1.37237,1.50,1.50
2011.05.05 23:14:26.154,1.37209,1.37238,1.35,1.50
2011.05.05 23:14:26.263,1.37209,1.37238,1.35,1.50
2011.05.05 23:14:26.705,1.37205,1.37232,1.50,2.40
2011.05.05 23:14:26.816,1.37198,1.37225,2.25,2.40
2011.05.05 23:14:27.473,1.37198,1.37226,1.50,3.00
2011.05.05 23:14:27.694,1.37196,1.37229,1.50,1.35
2011.05.05 23:14:28.023,1.37198,1.3723,1.35,3.15
2011.05.05 23:14:28.133,1.37199,1.3723,1.35,3.15
2011.05.05 23:14:28.463,1.372,1.37233,1.50,1.35
2011.05.05 23:14:28.574,1.37204,1.37234,1.50,2.63
2011.05.05 23:14:28.683,1.37203,1.37234,1.50,3.00
2011.05.05 23:14:29.013,1.37199,1.37222,1.50,1.65
2011.05.05 23:14:29.562,1.37199,1.37222,1.50,1.65
2011.05.05 23:14:30.384,1.37199,1.37229,1.50,2.40
2011.05.05 23:14:30.487,1.37203,1.37229,1.50,1.65
2011.05.05 23:14:34.773,1.37203,1.37233,1.50,1.50
2011.05.05 23:14:34.886,1.37204,1.37233,1.50,1.50
2011.05.05 23:14:35.104,1.37203,1.37239,3.90,1.50
2011.05.05 23:14:35.217,1.37209,1.37239,1.50,1.50
2011.05.05 23:14:35.448,1.37209,1.37249,1.50,1.13
2011.05.05 23:14:35.564,1.37209,1.37242,1.50,1.50
2011.05.05 23:14:36.393,1.37209,1.3724,1.50,1.50
2011.05.05 23:14:36.725,1.37209,1.37237,1.50,1.50
2011.05.05 23:14:36.834,1.37206,1.37236,1.50,1.13
2011.05.05 23:14:36.943,1.37199,1.37231,1.50,1.50
2011.05.05 23:14:37.055,1.37195,1.37223,1.50,1.50
2011.05.05 23:14:38.493,1.37193,1.37221,2.40,1.50
2011.05.05 23:14:38.823,1.37193,1.37221,2.40,1.50
2011.05.05 23:14:39.336,1.37198,1.3722,1.65,1.13
2011.05.05 23:14:39.567,1.37186,1.37215,2.40,1.50
2011.05.05 23:14:39.686,1.37184,1.37215,1.50,1.50
2011.05.05 23:14:39.804,1.37184,1.37215,1.50,1.50
2011.05.05 23:14:40.134,1.3718,1.37211,2.40,1.50
2011.05.05 23:14:40.463,1.3718,1.37207,2.40,1.50
2011.05.05 23:14:40.684,1.3718,1.3721,2.40,1.50
2011.05.05 23:14:40.903,1.3718,1.3721,2.40,1.50
2011.05.05 23:14:41.013,1.3718,1.3721,2.40,1.50
2011.05.05 23:14:41.389,1.37181,1.3721,1.50,1.50
2011.05.05 23:14:43.377,1.37181,1.3721,1.50,1.88
2011.05.05 23:14:43.604,1.37181,1.37211,1.50,1.50
2011.05.05 23:14:44.153,1.37183,1.3721,1.50,1.50
2011.05.05 23:14:44.484,1.37186,1.3721,1.65,1.50
2011.05.05 23:14:44.704,1.37177,1.3721,2.10,1.88
2011.05.05 23:14:45.185,1.37176,1.37206,1.35,1.50
2011.05.05 23:14:46.194,1.37175,1.37206,1.50,1.50
2011.05.05 23:14:46.624,1.37175,1.37211,1.50,1.50
2011.05.05 23:14:47.202,1.37178,1.37209,1.50,1.50
2011.05.05 23:14:49.713,1.37178,1.37207,1.50,1.50
2011.05.05 23:14:50.973,1.37179,1.37207,1.50,1.50
2011.05.05 23:14:51.084,1.37191,1.37207,1.13,1.50
2011.05.05 23:14:51.194,1.37194,1.37207,1.13,1.50
2011.05.05 23:14:51.415,1.37203,1.37228,1.50,1.50
2011.05.05 23:14:51.524,1.37203,1.37223,1.50,1.50
2011.05.05 23:14:51.634,1.37198,1.3723,1.88,1.50
2011.05.05 23:14:51.744,1.37196,1.37228,1.13,1.50
2011.05.05 23:14:52.408,1.37184,1.37215,1.88,1.50
2011.05.05 23:14:52.528,1.37177,1.37213,1.50,1.50
2011.05.05 23:14:52.644,1.37175,1.37213,1.50,1.50
2011.05.05 23:14:52.755,1.37188,1.37213,1.65,1.50
2011.05.05 23:14:52.974,1.37175,1.37213,1.50,1.50
2011.05.05 23:14:57.893,1.37175,1.37208,1.50,1.50
2011.05.05 23:15:00.664,1.37175,1.37205,1.50,1.50
2011.05.05 23:15:01.434,1.37173,1.372,1.50,1.50
2011.05.05 23:15:01.898,1.37169,1.372,1.50,1.50
2011.05.05 23:15:02.018,1.37169,1.372,1.50,1.88
2011.05.05 23:15:02.243,1.37167,1.37196,2.40,1.50
2011.05.05 23:15:03.455,1.37166,1.37192,1.65,1.50
2011.05.05 23:15:03.565,1.37159,1.37191,2.25,1.50
2011.05.05 23:15:04.005,1.37153,1.37185,1.50,1.50
2011.05.05 23:15:04.225,1.37147,1.3718,1.50,1.50
2011.05.05 23:15:04.336,1.37147,1.37177,1.50,1.50
2011.05.05 23:15:04.453,1.37144,1.37175,1.50,1.50
2011.05.05 23:15:04.673,1.37144,1.37173,1.50,1.50
2011.05.05 23:15:05.113,1.3714,1.3717,3.90,1.50
2011.05.05 23:15:05.663,1.3714,1.37168,1.65,1.50
2011.05.05 23:15:07.173,1.3714,1.3717,3.15,1.50
2011.05.05 23:15:07.742,1.37141,1.3717,3.15,1.50
2011.05.05 23:15:12.983,1.37141,1.3717,3.15,1.50
2011.05.05 23:15:13.093,1.37148,1.37169,2.40,1.50
2011.05.05 23:15:13.203,1.37148,1.37169,2.40,1.50
2011.05.05 23:15:13.848,1.37148,1.37168,2.40,1.50
2011.05.05 23:15:15.883,1.37148,1.37168,2.40,1.50
2011.05.05 23:15:16.103,1.37148,1.37173,2.40,1.50
2011.05.05 23:15:16.433,1.37155,1.37183,2.25,1.50
2011.05.05 23:15:16.992,1.37156,1.37183,1.50,1.50
2011.05.05 23:15:19.513,1.37154,1.3718,1.50,1.50
2011.05.05 23:15:19.623,1.37153,1.3718,1.50,1.50
2011.05.05 23:15:20.173,1.37149,1.37175,1.50,1.50
2011.05.05 23:15:20.393,1.37148,1.37175,2.40,1.50
2011.05.05 23:15:20.943,1.37147,1.37169,1.50,1.35
2011.05.05 23:15:21.273,1.37145,1.37169,1.50,1.35
2011.05.05 23:15:22.139,1.37146,1.37171,1.50,1.35
2011.05.05 23:15:22.778,1.37141,1.37169,3.15,1.35
2011.05.05 23:15:22.897,1.37141,1.37168,1.50,1.50
2011.05.05 23:15:23.603,1.37139,1.37168,2.25,1.50
2011.05.05 23:15:23.933,1.37134,1.37162,1.50,1.50
2011.05.05 23:15:24.154,1.37134,1.37162,1.50,1.88
2011.05.05 23:15:24.483,1.37132,1.37159,1.65,1.13
2011.05.05 23:15:24.924,1.37129,1.37159,3.15,1.50
2011.05.05 23:15:25.254,1.3713,1.37165,2.40,1.50
2011.05.05 23:15:25.364,1.3713,1.37161,2.40,1.50
2011.05.05 23:15:25.584,1.37135,1.37165,1.65,1.50
2011.05.05 23:15:25.804,1.37135,1.37165,1.65,1.50
2011.05.05 23:15:25.913,1.37136,1.37171,1.50,1.50
2011.05.05 23:15:26.133,1.37137,1.37171,1.50,1.88
2011.05.05 23:15:27.343,1.37143,1.37169,2.40,1.50
2011.05.05 23:15:27.672,1.37143,1.37167,2.40,1.50
2011.05.05 23:15:27.892,1.37143,1.37167,2.40,1.50
2011.05.05 23:15:29.163,1.37143,1.37167,2.40,1.50
2011.05.05 23:15:29.433,1.37143,1.37168,2.40,1.50
2011.05.05 23:15:29.988,1.37143,1.37167,2.40,1.50
2011.05.05 23:15:30.543,1.37146,1.37172,1.50,1.50
2011.05.05 23:15:30.653,1.37144,1.37172,2.25,1.50
2011.05.05 23:15:31.453,1.37144,1.37172,2.25,1.50
2011.05.05 23:15:31.673,1.37144,1.37172,1.50,1.50
2011.05.05 23:15:35.344,1.37141,1.37169,2.40,1.50
2011.05.05 23:15:36.155,1.37141,1.37169,1.50,1.50
2011.05.05 23:15:36.267,1.37141,1.3717,1.50,1.13
2011.05.05 23:15:36.604,1.37148,1.37169,1.65,1.50
2011.05.05 23:15:37.043,1.37139,1.37169,2.25,1.50
2011.05.05 23:15:39.666,1.37135,1.37162,1.50,1.50
2011.05.05 23:15:39.778,1.37134,1.37162,1.50,1.50
2011.05.05 23:15:40.333,1.37136,1.37162,1.50,1.50
2011.05.05 23:15:40.883,1.37136,1.37162,1.50,1.50
2011.05.05 23:15:41.563,1.37136,1.37162,2.25,1.50
2011.05.05 23:15:41.894,1.37147,1.37169,1.65,1.50
2011.05.05 23:15:42.003,1.37147,1.37169,2.40,1.50
2011.05.05 23:15:42.605,1.37141,1.37169,1.50,1.50
2011.05.05 23:15:42.716,1.37144,1.37172,1.50,1.50
2011.05.05 23:15:43.154,1.37141,1.37169,2.25,1.50
2011.05.05 23:15:45.014,1.37142,1.3717,1.50,1.50
2011.05.05 23:15:45.346,1.37144,1.37176,1.50,1.50
2011.05.05 23:15:45.456,1.37143,1.37171,2.25,2.40
2011.05.05 23:15:45.673,1.37145,1.37176,1.50,1.50
2011.05.05 23:15:46.450,1.37147,1.37175,1.50,1.50
2011.05.05 23:15:50.354,1.37147,1.37175,1.50,1.50
2011.05.05 23:15:50.573,1.37147,1.37175,1.50,1.50
2011.05.05 23:15:53.746,1.37151,1.37181,1.50,1.50
2011.05.05 23:15:54.074,1.37144,1.37172,1.50,2.40
2011.05.05 23:15:54.183,1.37142,1.37172,1.50,2.40
2011.05.05 23:15:54.404,1.37137,1.37167,1.50,1.50
2011.05.05 23:15:54.623,1.37137,1.37167,1.50,1.50
2011.05.05 23:15:55.903,1.37137,1.37167,2.25,1.50
2011.05.05 23:15:56.125,1.37137,1.37172,1.50,2.40
2011.05.05 23:15:56.344,1.37146,1.37172,1.50,2.40
2011.05.05 23:15:59.552,1.37142,1.37172,1.50,3.15
2011.05.05 23:16:03.182,1.37142,1.37172,1.50,1.88
2011.05.05 23:16:03.933,1.37142,1.37172,1.50,1.88
2011.05.05 23:16:04.572,1.37142,1.37172,1.50,1.88
2011.05.05 23:16:15.453,1.37142,1.37172,1.50,1.50
2011.05.05 23:16:15.564,1.37142,1.37172,1.50,1.88
2011.05.05 23:16:16.008,1.37142,1.37175,1.50,1.13
2011.05.05 23:16:16.553,1.37142,1.37172,1.50,1.50
2011.05.05 23:16:17.983,1.37142,1.37172,1.50,1.50
2011.05.05 23:16:18.093,1.37139,1.37172,1.50,3.15
2011.05.05 23:16:18.203,1.37137,1.37168,1.50,1.50
2011.05.05 23:16:23.463,1.37137,1.37163,1.50,1.65
2011.05.05 23:16:23.793,1.37135,1.37163,1.50,3.15
2011.05.05 23:16:31.303,1.37132,1.37158,1.50,1.50
2011.05.05 23:16:31.914,1.37132,1.37158,1.50,1.50
2011.05.05 23:16:38.039,1.37131,1.37158,1.50,1.50
2011.05.05 23:16:43.273,1.3713,1.37158,2.25,1.50
2011.05.05 23:16:50.623,1.37132,1.37158,1.50,1.50
2011.05.05 23:17:00.694,1.37132,1.37164,1.50,2.40
2011.05.05 23:17:00.915,1.37134,1.37166,2.40,1.50
2011.05.05 23:17:01.133,1.37135,1.37167,1.50,1.50
2011.05.05 23:17:01.244,1.37135,1.37166,1.50,1.50
2011.05.05 23:17:01.354,1.37141,1.37169,1.50,3.15
2011.05.05 23:17:01.463,1.37141,1.37175,1.50,1.50
2011.05.05 23:17:08.914,1.37137,1.3717,1.50,1.88
2011.05.05 23:17:10.574,1.37137,1.37167,1.50,1.50
2011.05.05 23:17:11.432,1.37137,1.37167,1.50,1.50
2011.05.05 23:17:14.463,1.37137,1.37167,1.50,1.50
2011.05.05 23:17:14.904,1.37132,1.37162,1.50,1.50
2011.05.05 23:17:15.472,1.37132,1.37162,1.50,1.50
2011.05.05 23:17:16.413,1.37132,1.37162,1.50,1.50
2011.05.05 23:17:17.254,1.37132,1.37153,1.50,1.65
2011.05.05 23:17:17.688,1.37132,1.37153,1.50,2.40
2011.05.05 23:17:17.809,1.37127,1.37156,1.50,2.40
2011.05.05 23:17:17.923,1.37127,1.37156,1.50,2.40
2011.05.05 23:17:18.713,1.37127,1.37156,1.50,2.40
2011.05.05 23:17:18.822,1.37127,1.37156,1.50,2.40
2011.05.05 23:17:20.633,1.37125,1.37151,1.50,2.40
2011.05.05 23:17:20.965,1.37125,1.37153,1.50,1.50
2011.05.05 23:17:21.294,1.37125,1.37153,1.50,1.50
2011.05.05 23:17:21.624,1.3712,1.37153,1.50,1.88
2011.05.05 23:17:21.734,1.37118,1.37147,1.50,2.40
2011.05.05 23:17:21.843,1.37118,1.37147,2.25,2.40
2011.05.05 23:17:22.173,1.37118,1.37147,1.50,2.40
2011.05.05 23:17:22.283,1.37114,1.37144,1.50,1.50
2011.05.05 23:17:22.393,1.37113,1.37144,2.25,1.50
2011.05.05 23:17:22.942,1.37113,1.3714,1.50,1.50
2011.05.05 23:17:32.583,1.37107,1.37134,2.25,1.50
2011.05.05 23:17:33.374,1.37107,1.37134,1.50,1.50
2011.05.05 23:17:34.404,1.37105,1.3713,1.50,2.40
2011.05.05 23:17:34.514,1.37103,1.3713,1.50,2.40
2011.05.05 23:17:34.624,1.371,1.3713,1.50,2.40
2011.05.05 23:17:34.734,1.37098,1.37125,1.50,1.50
2011.05.05 23:17:34.844,1.37095,1.37125,2.25,1.50
2011.05.05 23:17:34.954,1.37092,1.37117,1.50,2.40
2011.05.05 23:17:35.065,1.37088,1.37117,1.50,2.40
2011.05.05 23:17:35.175,1.37086,1.37117,1.50,3.15
2011.05.05 23:17:35.620,1.37085,1.37117,1.50,2.40
2011.05.05 23:17:35.954,1.37084,1.37117,1.50,2.40
2011.05.05 23:17:36.173,1.37083,1.37117,1.50,2.40
2011.05.05 23:17:38.486,1.37083,1.3711,1.50,1.50
2011.05.05 23:17:38.816,1.37077,1.37098,1.50,2.40
2011.05.05 23:17:39.037,1.37068,1.37099,1.50,1.13
2011.05.05 23:17:39.144,1.37061,1.37091,1.50,1.65
2011.05.05 23:17:39.365,1.37054,1.37092,1.50,2.78
2011.05.05 23:17:40.134,1.3705,1.37086,1.50,1.13
2011.05.05 23:17:42.045,1.37046,1.37087,1.50,2.78
2011.05.05 23:17:43.706,1.3705,1.37089,1.50,1.13
2011.05.05 23:17:43.924,1.37053,1.37089,1.50,1.13
2011.05.05 23:17:46.904,1.37055,1.37092,1.50,1.50
2011.05.05 23:17:47.013,1.37055,1.37092,1.50,1.50
2011.05.05 23:17:47.784,1.37058,1.37094,1.50,1.13
2011.05.05 23:17:48.004,1.37059,1.37096,2.25,1.13
2011.05.05 23:17:48.547,1.37064,1.37096,2.40,1.13
2011.05.05 23:17:48.663,1.37065,1.37101,1.50,2.40
2011.05.05 23:17:48.775,1.37069,1.37101,1.50,2.40
2011.05.05 23:17:48.888,1.3707,1.37104,1.50,1.50
2011.05.05 23:17:49.004,1.3707,1.37101,1.50,1.13
2011.05.05 23:18:09.519,1.37071,1.371,1.50,1.50
2011.05.05 23:18:09.643,1.37077,1.37108,1.50,2.40
2011.05.05 23:18:09.755,1.37076,1.37107,1.50,1.50
2011.05.05 23:18:10.303,1.37075,1.37107,1.50,1.50
2011.05.05 23:18:10.525,1.3708,1.37109,1.50,1.13
2011.05.05 23:18:10.634,1.3708,1.37115,1.50,3.15
2011.05.05 23:18:10.854,1.37088,1.37115,1.50,1.50
2011.05.05 23:18:11.375,1.3709,1.37117,1.50,2.40
2011.05.05 23:18:19.562,1.3709,1.37117,1.50,2.40
2011.05.05 23:18:20.003,1.37087,1.37117,1.50,2.40
2011.05.05 23:18:20.553,1.37087,1.37116,1.50,1.50
2011.05.05 23:18:21.044,1.37089,1.37116,1.50,1.50
2011.05.05 23:18:21.373,1.37089,1.37116,1.50,1.50
2011.05.05 23:18:30.544,1.37089,1.37116,1.50,1.50
2011.05.05 23:18:31.424,1.37093,1.37124,1.50,2.40
2011.05.05 23:18:32.303,1.37088,1.37125,1.50,1.88
2011.05.05 23:18:32.634,1.37088,1.3711,1.50,2.40
2011.05.05 23:18:32.744,1.37081,1.37107,1.50,1.13
2011.05.05 23:18:32.853,1.37079,1.37103,1.50,2.40
2011.05.05 23:18:32.963,1.37077,1.37103,1.50,2.40
2011.05.05 23:18:33.992,1.37076,1.37103,2.25,2.40
2011.05.05 23:18:34.935,1.37078,1.37103,1.50,1.65
2011.05.05 23:18:35.485,1.3708,1.37106,1.50,1.50
2011.05.05 23:18:35.705,1.3708,1.37119,1.50,1.50
2011.05.05 23:18:35.924,1.37082,1.37113,1.50,1.65
2011.05.05 23:18:36.253,1.37085,1.37118,1.50,1.50
2011.05.05 23:18:37.154,1.37087,1.37118,1.50,1.50
2011.05.05 23:18:37.265,1.37088,1.37118,1.50,1.50
2011.05.05 23:18:39.703,1.3709,1.37121,1.50,3.15
2011.05.05 23:18:40.420,1.37092,1.37121,1.50,3.15
2011.05.05 23:18:41.146,1.37092,1.3712,1.50,1.50
2011.05.05 23:18:41.697,1.37092,1.37124,1.50,1.50
2011.05.05 23:18:44.955,1.37092,1.3712,1.50,1.50
2011.05.05 23:18:45.283,1.37087,1.37117,1.50,3.15
2011.05.05 23:18:48.023,1.37089,1.37117,1.50,3.15
2011.05.05 23:18:48.572,1.37089,1.37117,1.50,1.50
2011.05.05 23:18:53.713,1.3709,1.37117,1.50,2.10
2011.05.05 23:18:54.269,1.37092,1.37117,2.25,1.35
2011.05.05 23:18:56.693,1.37092,1.37113,1.50,1.35
2011.05.05 23:18:59.943,1.37093,1.37113,1.50,1.35
2011.05.05 23:19:00.974,1.37092,1.37114,1.50,1.35
2011.05.05 23:19:05.693,1.37089,1.37114,1.50,1.35
2011.05.05 23:19:07.488,1.37087,1.37112,1.50,1.35
2011.05.05 23:19:08.318,1.37087,1.37111,1.50,1.35
2011.05.05 23:19:09.604,1.37086,1.3711,1.50,1.35
2011.05.05 23:19:16.003,1.37085,1.3711,1.50,1.35
2011.05.05 23:19:16.593,1.37086,1.37111,1.50,1.35
2011.05.05 23:19:18.624,1.37086,1.37114,1.50,1.50
2011.05.05 23:19:18.953,1.37087,1.37114,1.50,1.50
2011.05.05 23:19:22.713,1.37089,1.37117,1.50,2.10
2011.05.05 23:19:22.822,1.3709,1.37117,1.50,2.10
2011.05.05 23:19:22.934,1.3709,1.37117,1.50,1.35
2011.05.05 23:19:23.265,1.37093,1.37124,1.50,1.50
2011.05.05 23:19:23.857,1.37095,1.37124,1.50,1.50
2011.05.05 23:19:24.196,1.37095,1.37125,1.50,1.50
2011.05.05 23:19:26.177,1.37095,1.37125,1.50,1.50
2011.05.05 23:19:27.863,1.37093,1.37127,1.50,1.50
2011.05.05 23:19:28.635,1.37091,1.37119,1.50,1.50
2011.05.05 23:19:28.853,1.37092,1.37119,1.50,1.50
2011.05.05 23:19:29.625,1.37092,1.37116,1.50,1.35
2011.05.05 23:19:29.843,1.37089,1.37115,1.50,1.35
2011.05.05 23:19:30.985,1.37086,1.37114,1.50,1.35
2011.05.05 23:19:31.094,1.37084,1.37112,1.50,1.50
2011.05.05 23:19:31.203,1.37084,1.37112,1.50,1.50
2011.05.05 23:19:31.534,1.37084,1.37112,1.50,1.50
2011.05.05 23:19:31.753,1.37084,1.37114,1.50,1.35
2011.05.05 23:19:32.194,1.37084,1.37109,1.50,1.35
2011.05.05 23:19:32.413,1.37084,1.37108,1.50,1.35
2011.05.05 23:19:33.443,1.37084,1.37112,1.50,1.35
2011.05.05 23:19:33.993,1.37084,1.37108,1.50,1.35
2011.05.05 23:19:35.435,1.37084,1.37107,1.50,1.35
2011.05.05 23:19:35.984,1.37083,1.37107,1.50,1.35
2011.05.05 23:19:36.983,1.37084,1.37112,1.50,1.35
2011.05.05 23:19:37.533,1.37084,1.37106,1.50,1.35
2011.05.05 23:19:38.457,1.37082,1.37113,1.50,1.35
2011.05.05 23:19:38.795,1.37082,1.37113,2.25,1.35
2011.05.05 23:19:39.016,1.37079,1.37104,1.50,1.35
2011.05.05 23:19:39.124,1.37076,1.37102,1.50,3.15
2011.05.05 23:19:39.344,1.37072,1.37102,1.50,2.40
2011.05.05 23:19:39.454,1.37071,1.37099,1.50,1.35
2011.05.05 23:19:40.003,1.37071,1.37097,1.50,1.35
2011.05.05 23:19:41.034,1.37071,1.37099,1.50,1.50
2011.05.05 23:19:41.254,1.37067,1.37096,1.50,1.13
2011.05.05 23:19:41.474,1.37067,1.37095,1.50,1.13
2011.05.05 23:19:41.993,1.37059,1.3709,1.50,2.78
2011.05.05 23:19:42.878,1.37058,1.37087,1.50,1.50
2011.05.05 23:19:43.105,1.37056,1.37086,1.50,1.13
2011.05.05 23:19:43.435,1.37054,1.37082,1.50,1.13
2011.05.05 23:19:43.767,1.37052,1.37077,1.50,2.40
2011.05.05 23:19:44.094,1.37052,1.37076,1.50,1.35
2011.05.05 23:19:47.575,1.3705,1.37077,2.25,2.40
2011.05.05 23:19:49.754,1.37052,1.37081,1.50,1.88
2011.05.05 23:19:49.864,1.37051,1.37081,2.25,1.88
2011.05.05 23:19:50.304,1.37049,1.37082,1.50,1.50
2011.05.05 23:19:50.524,1.37054,1.37081,1.50,1.50
2011.05.05 23:19:52.084,1.37055,1.37082,1.50,1.50
2011.05.05 23:19:52.305,1.37056,1.37085,1.50,1.50
2011.05.05 23:19:52.523,1.37056,1.37085,2.25,1.50
2011.05.05 23:19:57.024,1.37058,1.37085,1.50,1.50
2011.05.05 23:19:57.244,1.37058,1.37085,1.50,1.50
2011.05.05 23:19:57.683,1.37058,1.37085,1.50,1.50
2011.05.05 23:19:58.233,1.37056,1.37085,1.50,1.50
2011.05.05 23:20:02.845,1.37056,1.37081,1.50,1.35
2011.05.05 23:20:03.724,1.37056,1.37079,1.50,1.35
2011.05.05 23:20:09.653,1.37051,1.37077,1.50,1.35
2011.05.05 23:20:09.984,1.37053,1.37081,1.50,1.35
2011.05.05 23:20:10.313,1.37058,1.37078,1.50,1.35
2011.05.05 23:20:10.533,1.37058,1.37082,1.50,1.35
2011.05.05 23:20:12.013,1.37058,1.37083,1.50,2.10
2011.05.05 23:20:12.124,1.37058,1.37084,1.50,1.35
2011.05.05 23:20:18.393,1.37058,1.37083,1.50,1.35
2011.05.05 23:20:18.906,1.37058,1.37083,1.50,1.35
2011.05.05 23:20:20.304,1.37058,1.37083,1.50,1.35
2011.05.05 23:20:20.854,1.37058,1.37083,1.50,1.35
2011.05.05 23:20:22.753,1.37056,1.37079,1.50,1.35
2011.05.05 23:20:22.863,1.37053,1.37079,1.50,1.35
2011.05.05 23:20:23.513,1.37053,1.37078,1.50,1.35
2011.05.05 23:20:23.954,1.37053,1.3708,1.50,1.50
2011.05.05 23:20:24.176,1.3705,1.37078,1.50,1.50
2011.05.05 23:20:24.285,1.37048,1.37076,1.50,1.50
2011.05.05 23:20:24.395,1.37048,1.37071,1.50,2.40
2011.05.05 23:20:24.504,1.37044,1.37072,2.25,2.40
2011.05.05 23:20:24.725,1.3704,1.37068,1.50,1.13
2011.05.05 23:20:25.055,1.37042,1.37074,1.50,1.13
2011.05.05 23:20:25.394,1.37042,1.37074,1.50,1.13
2011.05.05 23:20:27.133,1.37042,1.37072,1.50,2.10
2011.05.05 23:20:28.866,1.37042,1.37069,1.50,1.35
2011.05.05 23:20:29.695,1.37042,1.37069,1.50,1.35
2011.05.05 23:20:30.503,1.37042,1.37073,1.50,1.13
2011.05.05 23:20:33.224,1.37042,1.37073,1.50,1.13
2011.05.05 23:20:33.746,1.37043,1.37075,1.50,1.50
2011.05.05 23:20:33.856,1.37042,1.37072,1.50,2.10
2011.05.05 23:20:34.183,1.37042,1.37073,1.50,1.50
2011.05.05 23:20:35.496,1.37042,1.37071,1.50,1.35
2011.05.05 23:20:36.005,1.37042,1.37075,1.50,1.50
2011.05.05 23:20:37.563,1.37047,1.37073,1.50,1.35
2011.05.05 23:20:39.604,1.37047,1.37075,1.50,1.50
2011.05.05 23:20:40.774,1.37048,1.37077,1.50,1.35
2011.05.05 23:20:40.884,1.37051,1.3708,1.50,2.40
2011.05.05 23:20:43.675,1.37048,1.37079,1.50,1.13
2011.05.05 23:20:44.004,1.37048,1.37079,1.50,1.13
2011.05.05 23:20:44.115,1.3705,1.37086,1.50,1.13
2011.05.05 23:20:44.225,1.3705,1.37082,1.50,1.50
2011.05.05 23:20:45.653,1.37053,1.37085,1.50,1.50
2011.05.05 23:20:56.103,1.37051,1.37084,1.50,1.50
2011.05.05 23:20:56.434,1.37053,1.37085,1.50,2.10
2011.05.05 23:21:00.743,1.37053,1.37086,2.25,1.50
2011.05.05 23:21:08.103,1.37059,1.37086,1.50,1.50
2011.05.05 23:21:11.003,1.37061,1.37089,1.50,2.10
2011.05.05 23:21:11.673,1.37061,1.37089,1.50,2.10
2011.05.05 23:21:29.984,1.37061,1.37086,1.50,1.50
2011.05.05 23:21:30.720,1.37058,1.37085,1.50,1.50
2011.05.05 23:21:31.164,1.37056,1.37084,1.50,1.13
2011.05.05 23:21:31.645,1.37056,1.37084,1.50,1.50
2011.05.05 23:21:31.864,1.37054,1.37083,1.50,1.13
2011.05.05 23:21:31.974,1.37052,1.3708,1.50,1.13
2011.05.05 23:21:32.743,1.37052,1.3708,1.50,1.13
2011.05.05 23:21:34.823,1.37052,1.3708,1.50,1.13
2011.05.05 23:21:35.337,1.37052,1.37083,1.50,1.13
2011.05.05 23:21:38.555,1.37052,1.37077,1.50,1.13
2011.05.05 23:21:38.775,1.37047,1.37073,1.50,1.50
2011.05.05 23:21:39.325,1.37043,1.37074,1.50,1.50
2011.05.05 23:21:41.534,1.37043,1.37074,1.50,1.50
2011.05.05 23:21:42.033,1.37043,1.37071,1.50,1.50
2011.05.05 23:21:49.355,1.3704,1.3707,1.50,2.25
2011.05.05 23:21:49.685,1.3704,1.37065,1.50,1.13
2011.05.05 23:21:50.014,1.37029,1.3706,1.50,2.40
2011.05.05 23:21:50.124,1.37029,1.37054,1.50,1.50
2011.05.05 23:21:50.685,1.37024,1.37054,1.50,1.50
2011.05.05 23:21:52.053,1.37024,1.37054,1.50,1.50
2011.05.05 23:21:52.274,1.37024,1.37053,1.50,1.50
2011.05.05 23:21:52.713,1.37028,1.37054,1.50,1.50
2011.05.05 23:21:53.043,1.37028,1.37056,1.50,1.50
2011.05.05 23:21:54.856,1.37028,1.3706,1.50,1.50
2011.05.05 23:21:55.075,1.37028,1.37054,1.50,1.35
2011.05.05 23:21:55.403,1.37026,1.37053,1.50,1.35
2011.05.05 23:21:55.513,1.37026,1.37053,1.50,1.35
2011.05.05 23:21:56.193,1.37026,1.37059,1.50,3.15
2011.05.05 23:21:57.836,1.37026,1.37049,1.50,1.50
2011.05.05 23:21:58.164,1.37026,1.37055,1.50,1.13
2011.05.05 23:21:58.277,1.37026,1.37053,1.50,2.25
2011.05.05 23:21:58.387,1.37026,1.37053,1.50,1.65
2011.05.05 23:21:58.934,1.37026,1.37057,1.50,1.50
2011.05.05 23:21:59.044,1.37027,1.37056,1.50,1.50
2011.05.05 23:21:59.373,1.37027,1.37054,1.50,1.50
2011.05.05 23:21:59.594,1.37027,1.37055,1.50,1.35
2011.05.05 23:21:59.924,1.37031,1.37061,1.50,2.10
2011.05.05 23:22:00.034,1.37031,1.37063,1.50,1.35
2011.05.05 23:22:00.144,1.37037,1.37063,1.50,1.35
2011.05.05 23:22:01.025,1.37034,1.37061,1.50,2.25
2011.05.05 23:22:01.135,1.37034,1.37061,1.50,2.25
2011.05.05 23:22:01.665,1.37035,1.37066,1.50,1.50
2011.05.05 23:22:02.283,1.37036,1.37063,1.50,1.50
2011.05.05 23:22:04.003,1.37036,1.37064,2.10,1.50
2011.05.05 23:22:06.014,1.3704,1.37067,1.50,1.50
2011.05.05 23:22:06.125,1.3704,1.37067,1.50,1.50
2011.05.05 23:22:06.856,1.3704,1.3707,1.50,1.50
2011.05.05 23:22:07.303,1.37043,1.3707,1.50,1.50
2011.05.05 23:22:08.365,1.37043,1.3707,1.50,1.50
2011.05.05 23:22:08.693,1.37043,1.3707,1.50,1.50
2011.05.05 23:22:09.505,1.37041,1.3707,1.50,1.50
2011.05.05 23:22:09.616,1.3704,1.3707,1.50,1.50
2011.05.05 23:22:09.835,1.37048,1.37067,1.50,1.50
2011.05.05 23:22:10.164,1.37044,1.37075,1.50,1.50
2011.05.05 23:22:10.528,1.37044,1.37071,1.50,1.50
2011.05.05 23:22:10.923,1.37044,1.37071,1.50,1.50
2011.05.05 23:22:11.033,1.37044,1.37071,1.50,1.50
2011.05.05 23:22:11.314,1.37044,1.37071,1.50,1.50
2011.05.05 23:22:12.684,1.37044,1.37067,1.50,1.35
2011.05.05 23:22:12.794,1.37039,1.37067,2.25,2.10
2011.05.05 23:22:12.903,1.37039,1.37067,2.25,2.10
2011.05.05 23:22:13.013,1.37039,1.37067,1.50,2.10
2011.05.05 23:22:17.086,1.37041,1.37067,1.50,2.10
2011.05.05 23:22:18.113,1.37041,1.37067,1.50,2.10
2011.05.05 23:22:18.994,1.37041,1.37067,1.50,1.35
2011.05.05 23:22:19.433,1.37041,1.37067,1.50,1.35
2011.05.05 23:22:20.506,1.37041,1.37067,1.50,2.10
2011.05.05 23:22:20.726,1.37041,1.37064,1.50,1.50
2011.05.05 23:22:21.057,1.37037,1.37064,1.50,1.35
2011.05.05 23:22:21.168,1.37037,1.37065,1.50,1.50
2011.05.05 23:22:21.286,1.37037,1.37064,1.50,1.50
2011.05.05 23:22:21.616,1.37037,1.37064,1.50,1.50
2011.05.05 23:22:21.725,1.37037,1.37062,1.50,2.40
2011.05.05 23:22:22.054,1.3703,1.3706,1.50,1.50
2011.05.05 23:22:22.695,1.3703,1.37061,2.25,1.50
2011.05.05 23:22:24.995,1.3703,1.37059,1.50,1.65
2011.05.05 23:22:25.104,1.37028,1.37059,1.50,2.40
2011.05.05 23:22:25.325,1.37028,1.3706,1.50,1.50
2011.05.05 23:22:26.123,1.37032,1.3706,1.50,1.50
2011.05.05 23:22:26.673,1.37032,1.37061,1.50,1.50
2011.05.05 23:22:27.224,1.37034,1.37062,1.50,1.50
2011.05.05 23:22:27.774,1.37034,1.37062,1.50,1.50
2011.05.05 23:22:28.323,1.37034,1.37062,1.50,1.50
2011.05.05 23:22:28.763,1.37034,1.37062,1.50,1.50
2011.05.05 23:22:30.386,1.37034,1.37063,2.25,1.50
2011.05.05 23:22:30.716,1.37039,1.3706,1.50,1.65
2011.05.05 23:22:30.935,1.37035,1.37061,1.50,2.40
2011.05.05 23:22:31.855,1.37035,1.37061,2.25,3.00
2011.05.05 23:22:32.286,1.3704,1.37061,1.13,2.40
2011.05.05 23:22:32.410,1.3705,1.37075,1.50,1.35
2011.05.05 23:22:32.526,1.3705,1.37075,1.50,1.35
2011.05.05 23:22:32.746,1.37048,1.37075,1.50,1.35
2011.05.05 23:22:33.183,1.37043,1.37073,1.50,1.50
2011.05.05 23:22:34.765,1.37047,1.37074,1.50,1.65
2011.05.05 23:22:34.985,1.37048,1.37075,1.50,1.50
2011.05.05 23:22:35.203,1.37048,1.37075,1.50,1.50
2011.05.05 23:22:35.754,1.37048,1.37075,1.50,1.50
2011.05.05 23:22:36.085,1.37048,1.37072,1.50,1.35
2011.05.05 23:22:36.307,1.3705,1.37078,1.50,1.35
2011.05.05 23:22:36.425,1.3705,1.37079,1.50,5.03
2011.05.05 23:22:36.973,1.3705,1.37078,1.50,1.50
2011.05.05 23:22:37.415,1.37052,1.37079,1.50,1.50
2011.05.05 23:22:37.635,1.37052,1.37078,1.50,1.50
2011.05.05 23:22:37.744,1.3705,1.37078,1.50,1.50
2011.05.05 23:22:38.093,1.3705,1.37078,1.50,1.50
2011.05.05 23:22:38.344,1.3705,1.37078,2.25,1.50
2011.05.05 23:22:40.534,1.3705,1.37077,1.50,1.35
2011.05.05 23:22:44.024,1.3705,1.37075,1.50,2.40
2011.05.05 23:22:44.244,1.3705,1.37075,1.50,2.40
2011.05.05 23:22:44.354,1.37048,1.37075,1.50,3.15
2011.05.05 23:22:44.464,1.37048,1.37075,1.50,3.15
2011.05.05 23:22:44.684,1.37047,1.37075,1.50,1.50
2011.05.05 23:22:45.233,1.37047,1.37075,1.50,1.50
2011.05.05 23:22:45.794,1.37047,1.37075,2.25,1.50
2011.05.05 23:22:46.123,1.37047,1.37069,1.50,2.40
2011.05.05 23:22:46.345,1.37047,1.37069,1.50,3.00
2011.05.05 23:22:46.563,1.37042,1.37069,1.50,3.00
2011.05.05 23:22:48.004,1.37042,1.37069,1.50,1.35
2011.05.05 23:22:48.383,1.37042,1.37069,1.50,1.35
2011.05.05 23:22:48.715,1.37045,1.37071,1.50,2.40
2011.05.05 23:22:49.263,1.37045,1.37072,1.50,1.50
2011.05.05 23:22:49.775,1.37042,1.37072,2.10,1.50
2011.05.05 23:22:50.214,1.3704,1.37068,2.10,3.15
2011.05.05 23:22:50.323,1.37042,1.37068,1.35,3.15
2011.05.05 23:22:51.469,1.37041,1.37068,1.35,3.15
2011.05.05 23:22:52.133,1.3704,1.37068,1.50,3.15
2011.05.05 23:22:52.474,1.3704,1.37068,1.50,3.15
2011.05.05 23:22:52.804,1.37045,1.37068,1.50,2.40
2011.05.05 23:22:53.244,1.37044,1.37069,1.50,1.35
2011.05.05 23:22:53.574,1.37039,1.37064,1.50,2.40
2011.05.05 23:22:53.794,1.37037,1.37064,2.25,2.40
2011.05.05 23:22:54.234,1.37037,1.37064,2.25,2.40
2011.05.05 23:22:54.784,1.37038,1.37062,1.50,1.35
2011.05.05 23:22:55.704,1.37038,1.37062,1.50,1.35
2011.05.05 23:22:55.815,1.37038,1.37062,1.50,3.00
2011.05.05 23:22:56.393,1.37035,1.37062,1.50,3.75
2011.05.05 23:22:56.725,1.37034,1.37062,1.50,1.50
2011.05.05 23:22:56.834,1.37031,1.3706,1.50,1.88
2011.05.05 23:22:57.165,1.37023,1.37051,1.50,1.50
2011.05.05 23:22:57.799,1.37026,1.37058,1.50,1.50
2011.05.05 23:22:57.917,1.37026,1.37056,1.50,1.50
2011.05.05 23:22:58.355,1.37026,1.37052,1.50,1.50
2011.05.05 23:22:58.796,1.37021,1.37051,2.25,1.50
2011.05.05 23:22:59.016,1.37019,1.37048,1.50,1.50
2011.05.05 23:23:00.245,1.37016,1.37042,1.50,1.50
2011.05.05 23:23:00.575,1.37016,1.37045,1.50,2.40
2011.05.05 23:23:00.906,1.37022,1.37053,1.50,1.50
2011.05.05 23:23:01.015,1.37022,1.37048,1.50,1.50
2011.05.05 23:23:01.344,1.37019,1.37046,1.50,1.50
2011.05.05 23:23:01.783,1.37019,1.37046,1.50,1.50
2011.05.05 23:23:02.125,1.37017,1.37046,1.50,1.50
2011.05.05 23:23:02.234,1.37017,1.37046,2.25,2.25
2011.05.05 23:23:02.563,1.37017,1.37044,1.50,1.50
2011.05.05 23:23:02.894,1.37013,1.37039,1.50,2.40
2011.05.05 23:23:03.594,1.37013,1.37039,1.50,2.40
2011.05.05 23:23:06.041,1.37013,1.37041,1.50,2.40
2011.05.05 23:23:06.375,1.37019,1.37045,1.50,1.50
2011.05.05 23:23:06.704,1.37018,1.37045,1.50,1.50
2011.05.05 23:23:07.035,1.37015,1.37045,2.10,1.50
2011.05.05 23:23:07.364,1.37022,1.37048,1.50,1.50
2011.05.05 23:23:08.163,1.37022,1.37048,1.50,1.50
2011.05.05 23:23:08.383,1.37025,1.37051,1.50,1.50
2011.05.05 23:23:08.753,1.37025,1.37051,1.50,1.50
2011.05.05 23:23:09.314,1.37023,1.37051,2.25,1.50
2011.05.05 23:23:09.533,1.37023,1.37051,2.25,1.50
2011.05.05 23:23:13.174,1.37027,1.37054,1.50,1.50
2011.05.05 23:23:14.544,1.37027,1.37054,1.50,1.50
2011.05.05 23:23:15.094,1.37027,1.37055,1.50,1.50
2011.05.05 23:23:15.645,1.37027,1.37054,1.50,1.50
2011.05.05 23:23:17.004,1.3703,1.37057,2.25,3.00
2011.05.05 23:23:19.221,1.3703,1.37057,2.25,3.00
2011.05.05 23:23:19.443,1.37027,1.37054,1.50,1.50
2011.05.05 23:23:19.774,1.37026,1.37054,2.25,1.50
2011.05.05 23:23:21.774,1.37022,1.37052,2.25,1.50
2011.05.05 23:23:22.325,1.37022,1.37051,2.25,1.35
2011.05.05 23:23:22.434,1.37022,1.3705,1.50,1.35
2011.05.05 23:23:22.765,1.37022,1.37044,1.50,2.40
2011.05.05 23:23:22.984,1.37018,1.37044,1.50,2.40
2011.05.05 23:23:23.203,1.37015,1.37044,1.50,2.40
2011.05.05 23:23:23.314,1.37015,1.37044,1.50,3.15
2011.05.05 23:23:23.957,1.37016,1.37042,1.50,2.40
2011.05.05 23:23:24.284,1.37016,1.37043,1.50,1.50
2011.05.05 23:23:24.841,1.37025,1.37048,2.25,2.25
2011.05.05 23:23:24.956,1.37025,1.37047,1.50,1.35
2011.05.05 23:23:25.284,1.37023,1.37042,1.50,1.35
2011.05.05 23:23:25.619,1.37016,1.3704,1.50,1.35
2011.05.05 23:23:25.735,1.37016,1.37037,1.50,1.65
2011.05.05 23:23:25.846,1.37014,1.37037,1.50,1.65
2011.05.05 23:23:26.493,1.37012,1.37037,1.50,1.65
2011.05.05 23:23:29.126,1.37013,1.37037,1.50,1.65
2011.05.05 23:23:29.453,1.37013,1.37041,1.50,1.50
2011.05.05 23:23:30.012,1.37016,1.37041,1.50,1.35
2011.05.05 23:23:30.345,1.37016,1.37041,1.50,1.35
2011.05.05 23:23:30.564,1.37016,1.3704,1.50,1.35
2011.05.05 23:23:30.783,1.37016,1.3704,1.50,1.35
2011.05.05 23:23:31.881,1.37016,1.37037,1.50,1.65
2011.05.05 23:23:32.104,1.37015,1.37037,2.25,2.40
2011.05.05 23:23:32.653,1.37015,1.37035,1.50,2.85
2011.05.05 23:23:32.976,1.37006,1.37033,1.50,1.35
2011.05.05 23:23:33.196,1.37003,1.37031,2.25,1.35
2011.05.05 23:23:33.304,1.37001,1.3703,1.50,1.35
2011.05.05 23:23:33.414,1.37001,1.37027,1.50,2.10
2011.05.05 23:23:33.524,1.36999,1.37027,1.50,2.10
2011.05.05 23:23:34.414,1.36999,1.37027,1.50,2.10
2011.05.05 23:23:35.123,1.37002,1.3703,1.50,3.15
2011.05.05 23:23:35.344,1.37002,1.3703,1.50,3.15
2011.05.05 23:23:35.566,1.37006,1.37033,1.50,3.75
2011.05.05 23:23:36.223,1.37006,1.37033,1.50,1.35
2011.05.05 23:23:36.773,1.37008,1.37037,1.50,3.15
2011.05.05 23:23:39.273,1.3701,1.37038,1.50,1.50
2011.05.05 23:23:40.918,1.3701,1.3704,1.50,2.10
2011.05.05 23:23:41.033,1.37013,1.3704,1.50,1.35
2011.05.05 23:23:44.065,1.37013,1.37044,1.50,1.50
2011.05.05 23:23:45.124,1.37013,1.37039,1.50,1.65
2011.05.05 23:23:45.453,1.37005,1.37034,1.50,1.50
2011.05.05 23:23:49.693,1.37002,1.37034,1.50,1.50
2011.05.05 23:23:50.244,1.37002,1.3703,1.50,1.50
2011.05.05 23:23:50.863,1.37002,1.37031,1.50,1.50
2011.05.05 23:23:51.193,1.37002,1.37033,1.50,1.50
2011.05.05 23:23:51.303,1.37002,1.37031,1.50,1.50
2011.05.05 23:23:52.264,1.3701,1.37031,1.50,1.50
2011.05.05 23:23:52.374,1.37011,1.37036,1.50,1.50
2011.05.05 23:23:53.885,1.37011,1.37042,1.50,2.25
2011.05.05 23:23:53.997,1.3702,1.37052,1.50,1.50
2011.05.05 23:23:54.216,1.37024,1.37051,1.50,1.65
2011.05.05 23:23:54.725,1.37022,1.37054,2.25,1.50
2011.05.05 23:23:54.946,1.37022,1.37053,2.25,1.50
2011.05.05 23:23:55.275,1.37024,1.37052,1.50,2.40
2011.05.05 23:23:55.384,1.37024,1.37048,1.50,1.65
2011.05.05 23:23:55.604,1.37018,1.3705,1.50,1.50
2011.05.05 23:23:56.044,1.37019,1.37049,1.50,2.40
2011.05.05 23:23:58.864,1.37019,1.37047,1.50,2.40
2011.05.05 23:23:59.546,1.37014,1.37046,1.50,1.50
2011.05.05 23:23:59.764,1.37013,1.37045,2.25,1.50
2011.05.05 23:23:59.986,1.3701,1.3704,1.50,3.15
2011.05.05 23:24:00.314,1.37007,1.37041,1.50,2.25
2011.05.05 23:24:01.204,1.3701,1.37041,1.50,2.10
2011.05.05 23:24:02.436,1.37014,1.37048,1.50,3.15
2011.05.05 23:24:03.276,1.37016,1.37048,3.15,1.50
2011.05.05 23:24:03.386,1.37017,1.37048,1.50,1.50
2011.05.05 23:24:03.604,1.37017,1.37051,1.50,1.50
2011.05.05 23:24:03.934,1.37024,1.37051,1.50,1.50
2011.05.05 23:24:04.894,1.37024,1.37051,1.50,1.35
2011.05.05 23:24:05.225,1.37024,1.37048,1.50,2.48
2011.05.05 23:24:05.554,1.37012,1.3704,1.50,2.85
2011.05.05 23:24:05.775,1.37012,1.37039,1.50,1.35
2011.05.05 23:24:05.885,1.37012,1.3704,1.50,2.10
2011.05.05 23:24:06.103,1.37012,1.37041,1.50,1.50
2011.05.05 23:24:06.343,1.37013,1.37043,1.50,1.50
2011.05.05 23:24:06.455,1.37017,1.37045,2.40,1.35
2011.05.05 23:24:06.565,1.3702,1.37048,1.50,1.35
2011.05.05 23:24:30.104,1.37022,1.37051,1.50,1.35
2011.05.05 23:24:34.117,1.37022,1.37051,2.25,1.35
2011.05.05 23:24:34.346,1.37032,1.37056,1.50,1.65
2011.05.05 23:24:34.677,1.37031,1.37058,1.50,1.35
2011.05.05 23:24:34.895,1.37031,1.37057,1.50,1.35
2011.05.05 23:24:35.797,1.37031,1.37057,1.50,1.35
2011.05.05 23:24:36.016,1.37031,1.37057,1.50,1.35
2011.05.05 23:24:36.347,1.37031,1.37062,2.85,1.50
2011.05.05 23:24:36.676,1.3704,1.37061,1.50,1.35
2011.05.05 23:24:36.786,1.37035,1.37061,1.50,1.35
2011.05.05 23:24:37.465,1.37022,1.37054,1.50,1.50
2011.05.05 23:24:40.335,1.37025,1.37056,1.50,1.50
2011.05.05 23:24:40.444,1.37028,1.37056,1.50,1.50
2011.05.05 23:24:40.553,1.37029,1.37056,1.50,1.50
2011.05.05 23:24:40.883,1.37029,1.37057,1.50,1.50
2011.05.05 23:24:41.795,1.37029,1.37056,1.50,1.50
2011.05.05 23:24:42.125,1.37034,1.37063,2.25,1.35
2011.05.05 23:24:42.453,1.3704,1.37063,1.50,1.35
2011.05.05 23:24:44.215,1.37037,1.37063,1.50,1.35
2011.05.05 23:24:44.324,1.37037,1.37063,1.50,1.35
2011.05.05 23:24:45.945,1.37033,1.37063,1.50,1.50
2011.05.05 23:24:48.435,1.37036,1.37072,1.50,1.13
2011.05.05 23:24:48.655,1.37033,1.37063,1.50,1.50
2011.05.05 23:24:49.315,1.37031,1.37063,1.50,1.50
2011.05.05 23:24:49.424,1.3703,1.37058,1.50,1.50
2011.05.05 23:24:49.754,1.3703,1.37058,1.50,1.50
2011.05.05 23:24:50.245,1.3703,1.37058,1.50,1.50
2011.05.05 23:24:50.464,1.37031,1.37058,1.50,1.50
2011.05.05 23:24:51.014,1.37031,1.37058,1.50,1.50
2011.05.05 23:24:51.234,1.3703,1.37055,1.50,2.40
2011.05.05 23:24:51.830,1.37026,1.37055,1.50,2.40
2011.05.05 23:24:55.305,1.37023,1.37052,2.25,2.40
2011.05.05 23:24:55.635,1.37023,1.3705,1.50,2.40
2011.05.05 23:24:55.745,1.37019,1.37048,1.50,1.50
2011.05.05 23:24:55.967,1.37015,1.37047,1.50,3.90
2011.05.05 23:24:56.294,1.37011,1.37044,1.50,1.50
2011.05.05 23:24:56.514,1.37011,1.37042,1.50,2.40
2011.05.05 23:24:56.844,1.37011,1.3704,1.50,1.50
2011.05.05 23:24:57.174,1.37013,1.37042,1.50,1.50
2011.05.05 23:24:57.816,1.37014,1.37045,1.50,1.50
2011.05.05 23:24:57.929,1.37015,1.37048,1.50,3.15
2011.05.05 23:24:58.926,1.37018,1.37048,1.50,2.40
2011.05.05 23:24:59.034,1.37019,1.37048,1.50,2.40
2011.05.05 23:24:59.585,1.37019,1.3705,1.50,1.50
2011.05.05 23:25:02.484,1.37019,1.37049,1.50,1.50
2011.05.05 23:25:03.245,1.37019,1.37049,1.50,1.50
2011.05.05 23:25:07.095,1.37022,1.37051,1.50,1.50
2011.05.05 23:25:07.424,1.37018,1.37045,2.10,1.50
2011.05.05 23:25:13.854,1.37018,1.37051,3.75,1.50
2011.05.05 23:25:18.854,1.37018,1.3705,3.75,1.50
2011.05.05 23:25:20.198,1.37018,1.37045,2.10,1.50
2011.05.05 23:25:20.535,1.37015,1.37041,1.50,1.73
2011.05.05 23:25:21.413,1.37015,1.37041,1.50,1.73
2011.05.05 23:25:25.597,1.37015,1.37041,1.50,1.13
2011.05.05 23:25:25.706,1.37011,1.37039,1.50,1.50
2011.05.05 23:25:26.425,1.37012,1.37039,1.50,1.50
2011.05.05 23:25:26.535,1.37012,1.37039,1.50,1.50
2011.05.05 23:25:26.753,1.37014,1.37039,1.50,1.50
2011.05.05 23:25:27.345,1.37014,1.37039,1.50,2.40
2011.05.05 23:25:29.404,1.37014,1.37042,2.25,1.50
2011.05.05 23:25:30.753,1.37014,1.37042,2.25,1.50
2011.05.05 23:25:33.127,1.37016,1.37042,1.50,1.50
2011.05.05 23:25:33.346,1.37016,1.37043,1.50,1.35
2011.05.05 23:25:33.784,1.37017,1.37049,1.50,1.50
2011.05.05 23:25:44.835,1.37018,1.37049,1.50,1.50
2011.05.05 23:25:45.054,1.37023,1.3705,1.50,1.50
2011.05.05 23:25:46.244,1.37023,1.37055,1.50,1.35
2011.05.05 23:25:46.465,1.37025,1.37055,1.50,1.35
2011.05.05 23:25:52.336,1.37026,1.37056,1.50,1.50
2011.05.05 23:25:52.554,1.37027,1.37055,1.50,1.50
2011.05.05 23:25:57.094,1.37028,1.37053,1.35,1.50
2011.05.05 23:25:58.064,1.37028,1.37054,1.35,1.50
2011.05.05 23:25:59.285,1.37028,1.37052,1.35,1.50
2011.05.05 23:25:59.837,1.37026,1.37052,1.35,1.50
2011.05.05 23:26:00.434,1.37028,1.37055,1.35,1.50
2011.05.05 23:26:01.041,1.37028,1.37052,1.35,1.50
2011.05.05 23:26:02.584,1.37027,1.37052,1.35,1.50
2011.05.05 23:26:03.026,1.37028,1.37059,1.35,1.50
2011.05.05 23:26:03.246,1.37032,1.37059,1.50,1.50
2011.05.05 23:26:03.355,1.37029,1.37057,1.50,1.50
2011.05.05 23:26:03.575,1.37029,1.37057,1.50,1.50
2011.05.05 23:26:03.904,1.37028,1.37057,2.10,1.50
2011.05.05 23:26:04.124,1.37028,1.37057,2.10,1.50
2011.05.05 23:26:04.737,1.37029,1.37057,1.50,1.50
2011.05.05 23:26:05.067,1.37029,1.37057,1.50,1.50
2011.05.05 23:26:05.751,1.37029,1.37057,1.50,1.50
2011.05.05 23:26:11.104,1.37031,1.37059,1.50,1.50
2011.05.05 23:26:11.324,1.37032,1.37059,1.50,1.50
2011.05.05 23:26:12.374,1.37031,1.37056,1.50,1.35
2011.05.05 23:26:12.485,1.37028,1.37056,1.50,2.10
2011.05.05 23:26:12.814,1.37029,1.37059,1.50,1.50
2011.05.05 23:26:13.943,1.3703,1.37058,1.50,1.50
2011.05.05 23:26:14.054,1.37031,1.37058,1.50,1.50
2011.05.05 23:26:15.436,1.37033,1.3706,1.50,1.50
2011.05.05 23:26:15.654,1.37037,1.37063,1.50,1.35
2011.05.05 23:26:15.874,1.37036,1.37068,1.50,1.50
2011.05.05 23:26:16.561,1.37039,1.37068,1.50,1.50
2011.05.05 23:26:20.454,1.37039,1.37067,1.50,1.50
2011.05.05 23:26:21.445,1.37039,1.37069,1.50,2.10
2011.05.05 23:26:24.126,1.3704,1.37069,1.50,1.35
2011.05.05 23:26:24.675,1.3704,1.37067,1.50,1.50
2011.05.05 23:26:24.786,1.37039,1.37067,1.50,1.50
2011.05.05 23:26:24.894,1.37039,1.37067,1.50,1.50
2011.05.05 23:26:26.084,1.3704,1.37069,1.50,1.35
2011.05.05 23:26:26.415,1.37044,1.37071,1.50,1.50
2011.05.05 23:26:26.635,1.37044,1.37071,1.50,1.50
2011.05.05 23:26:26.964,1.37042,1.37071,1.50,3.15
2011.05.05 23:26:27.294,1.37041,1.37071,2.25,1.50
2011.05.05 23:26:27.738,1.37043,1.37071,1.50,3.15
2011.05.05 23:26:28.634,1.37041,1.37067,1.50,1.50
2011.05.05 23:26:29.984,1.37039,1.37066,1.50,2.40
2011.05.05 23:26:30.314,1.37037,1.37066,2.25,2.40
2011.05.05 23:26:30.756,1.37037,1.37064,1.50,1.50
2011.05.05 23:26:30.979,1.37036,1.37064,1.50,1.50
2011.05.05 23:26:31.206,1.37036,1.37064,1.50,1.50
2011.05.05 23:26:32.128,1.37034,1.37064,2.25,1.50
2011.05.05 23:26:33.038,1.37037,1.37064,1.50,1.50
2011.05.05 23:26:33.266,1.37037,1.37064,1.50,1.50
2011.05.05 23:26:33.484,1.37037,1.37064,1.50,1.50
2011.05.05 23:26:34.435,1.37039,1.37064,2.10,1.50
2011.05.05 23:26:34.765,1.37038,1.37064,2.10,1.50
2011.05.05 23:26:34.875,1.37037,1.37064,2.10,1.50
2011.05.05 23:26:35.426,1.37032,1.37059,1.50,1.50
2011.05.05 23:26:35.974,1.37032,1.37059,2.10,1.50
2011.05.05 23:26:36.415,1.37038,1.37061,1.35,1.50
2011.05.05 23:26:36.526,1.37038,1.37063,1.35,1.50
2011.05.05 23:26:36.634,1.37038,1.37063,1.35,1.50
2011.05.05 23:26:37.185,1.37038,1.37063,1.35,1.50
2011.05.05 23:26:37.294,1.37038,1.37063,1.35,1.50
2011.05.05 23:26:37.926,1.37038,1.37068,2.10,1.50
2011.05.05 23:26:38.366,1.37038,1.37068,1.35,1.50
2011.05.05 23:26:38.476,1.37036,1.37068,1.35,1.50
2011.05.05 23:26:38.587,1.37037,1.37066,1.35,1.50
2011.05.05 23:26:38.992,1.37038,1.37064,1.35,1.50
2011.05.05 23:26:39.326,1.3704,1.37066,1.50,1.50
2011.05.05 23:26:39.435,1.3704,1.37066,1.50,1.50
2011.05.05 23:26:39.547,1.37039,1.37066,1.50,1.50
2011.05.05 23:26:41.904,1.37038,1.37067,1.35,1.50
2011.05.05 23:26:42.237,1.3704,1.37067,1.50,1.50
2011.05.05 23:26:42.824,1.3704,1.37067,1.50,1.50
2011.05.05 23:26:43.283,1.3704,1.37067,1.50,1.50
2011.05.05 23:26:43.834,1.37038,1.37067,1.35,1.50
2011.05.05 23:26:44.565,1.37038,1.37067,1.35,1.50
2011.05.05 23:26:45.143,1.37038,1.37067,1.35,1.50
2011.05.05 23:26:45.473,1.37037,1.37061,1.50,1.50
2011.05.05 23:26:46.110,1.37037,1.37061,1.50,1.50
2011.05.05 23:26:46.335,1.37037,1.37063,1.50,1.35
2011.05.05 23:26:46.763,1.37036,1.37063,1.50,1.35
2011.05.05 23:26:48.735,1.37036,1.37063,1.50,1.35
2011.05.05 23:26:49.066,1.37037,1.37061,1.35,1.50
2011.05.05 23:26:49.614,1.37036,1.37063,1.35,1.50
2011.05.05 23:26:51.885,1.37035,1.37061,2.10,1.50
2011.05.05 23:26:51.996,1.37035,1.37061,1.50,1.50
2011.05.05 23:26:52.215,1.37035,1.37061,1.50,1.50
2011.05.05 23:26:54.566,1.37032,1.3706,1.50,1.50
2011.05.05 23:26:55.069,1.37032,1.37058,1.50,1.50
2011.05.05 23:26:57.136,1.37032,1.3706,1.50,1.50
2011.05.05 23:26:57.464,1.37032,1.3706,1.50,1.50
2011.05.05 23:26:59.465,1.37031,1.37059,2.10,1.50
2011.05.05 23:27:00.015,1.37031,1.37056,1.50,1.13
2011.05.05 23:27:00.455,1.37027,1.37055,1.50,2.40
2011.05.05 23:27:01.122,1.37027,1.37054,1.50,2.40
2011.05.05 23:27:01.679,1.37024,1.37048,1.50,1.50
2011.05.05 23:27:01.799,1.37022,1.3704,1.50,1.35
2011.05.05 23:27:01.915,1.37015,1.3704,2.25,1.35
2011.05.05 23:27:02.464,1.37016,1.3704,1.50,1.35
2011.05.05 23:27:04.844,1.37015,1.3704,1.50,1.35
2011.05.05 23:27:05.065,1.37011,1.37039,1.50,1.50
2011.05.05 23:27:05.294,1.37011,1.37039,1.50,1.50
2011.05.05 23:27:06.395,1.37009,1.37034,1.50,1.35
2011.05.05 23:27:06.617,1.37007,1.37038,2.25,2.78
2011.05.05 23:27:06.725,1.37005,1.37034,1.35,1.50
2011.05.05 23:27:06.944,1.37007,1.37037,1.50,1.50
2011.05.05 23:27:09.164,1.37011,1.37037,1.50,1.50
2011.05.05 23:27:09.715,1.37014,1.37041,1.50,1.35
2011.05.05 23:27:09.936,1.37019,1.37044,1.50,1.50
2011.05.05 23:27:10.156,1.37025,1.37047,1.50,1.50
2011.05.05 23:27:10.265,1.37025,1.37052,1.50,1.50
2011.05.05 23:27:10.375,1.37025,1.37052,1.50,1.50
2011.05.05 23:27:11.706,1.37025,1.37052,1.50,1.50
2011.05.05 23:27:12.035,1.37025,1.37052,1.50,1.50
2011.05.05 23:27:12.584,1.37025,1.37052,1.50,1.50
2011.05.05 23:27:13.896,1.37025,1.37052,1.50,1.50
2011.05.05 23:27:14.846,1.37025,1.37052,1.50,1.50
2011.05.05 23:27:21.334,1.37027,1.37055,1.50,1.50
2011.05.05 23:27:21.446,1.37027,1.37055,1.50,1.50
2011.05.05 23:27:22.674,1.37027,1.37057,1.50,1.35
2011.05.05 23:27:23.004,1.37027,1.37056,1.50,1.50
2011.05.05 23:27:23.963,1.37027,1.37055,1.50,1.50
2011.05.05 23:27:24.295,1.37031,1.37059,1.35,1.50
2011.05.05 23:27:29.725,1.37027,1.37057,1.50,1.35
2011.05.05 23:27:30.274,1.37024,1.37054,1.50,1.50
2011.05.05 23:27:30.495,1.37025,1.37051,1.50,1.35
2011.05.05 23:27:31.144,1.37022,1.37051,2.25,1.35
2011.05.05 23:27:33.414,1.37022,1.37049,1.50,1.50
2011.05.05 23:27:37.936,1.37026,1.37049,2.25,1.50
2011.05.05 23:27:38.156,1.37029,1.37053,1.35,1.50
2011.05.05 23:27:38.265,1.37029,1.37055,1.50,1.50
2011.05.05 23:27:38.486,1.37026,1.37057,1.50,2.10
2011.05.05 23:27:41.175,1.3703,1.37057,1.50,2.10
2011.05.05 23:27:41.284,1.37032,1.37061,1.35,1.50
2011.05.05 23:27:41.812,1.37032,1.37058,2.10,1.50
2011.05.05 23:27:42.174,1.37032,1.3706,2.10,1.50
2011.05.05 23:27:42.284,1.37032,1.37057,2.10,1.50
2011.05.05 23:27:42.564,1.37032,1.37057,2.10,1.50
2011.05.05 23:27:42.674,1.37034,1.37061,1.50,1.50
2011.05.05 23:27:43.005,1.37034,1.37058,1.50,1.35
2011.05.05 23:27:43.114,1.3703,1.37058,1.50,1.35
2011.05.05 23:27:43.665,1.37025,1.37056,1.50,1.50
2011.05.05 23:27:44.177,1.37023,1.37053,1.35,3.15
2011.05.05 23:27:44.916,1.37021,1.37046,1.50,2.40
2011.05.05 23:27:45.025,1.37018,1.37045,1.50,2.10
2011.05.05 23:27:45.134,1.37017,1.37045,1.50,3.75
2011.05.05 23:27:45.466,1.37023,1.37051,1.50,1.50
2011.05.05 23:27:45.686,1.3703,1.37056,1.35,1.50
2011.05.05 23:27:50.874,1.3703,1.37056,1.35,1.50
2011.05.05 23:27:51.204,1.3703,1.37056,1.35,1.50
2011.05.05 23:27:51.535,1.3703,1.37057,1.35,1.50
2011.05.05 23:27:51.646,1.37038,1.37057,1.13,1.50
2011.05.05 23:27:52.063,1.37061,1.37083,1.50,1.50
2011.05.05 23:27:52.180,1.37066,1.37087,1.50,1.13
2011.05.05 23:27:52.298,1.37066,1.37094,1.50,2.10
2011.05.05 23:27:52.516,1.3707,1.37097,1.35,1.50
2011.05.05 23:27:52.851,1.37065,1.37097,1.50,1.50
2011.05.05 23:27:52.966,1.37073,1.37098,1.50,2.10
2011.05.05 23:27:53.184,1.37071,1.37098,1.50,1.35
2011.05.05 23:27:53.513,1.37071,1.37098,1.50,1.35
2011.05.05 23:27:54.324,1.37072,1.37098,1.50,1.35
2011.05.05 23:27:55.175,1.37071,1.37098,1.50,1.35
2011.05.05 23:27:55.507,1.37067,1.37095,1.50,1.50
2011.05.05 23:27:55.615,1.37064,1.37095,1.35,1.50
2011.05.05 23:27:55.837,1.37064,1.37092,1.50,1.35
2011.05.05 23:27:56.058,1.37069,1.37095,2.10,1.50
2011.05.05 23:27:56.277,1.37071,1.371,1.50,1.50
2011.05.05 23:27:56.764,1.37076,1.37103,2.10,1.50
2011.05.05 23:27:57.098,1.37085,1.37112,1.35,1.50
2011.05.05 23:27:57.438,1.37088,1.37112,1.50,1.50
2011.05.05 23:27:57.769,1.37082,1.37111,1.50,1.50
2011.05.05 23:27:58.000,1.37073,1.37103,1.50,1.50
2011.05.05 23:27:58.557,1.37074,1.37096,1.50,2.40
2011.05.05 23:27:58.667,1.3706,1.3709,1.50,1.50
2011.05.05 23:27:58.885,1.37058,1.3709,1.13,1.50
2011.05.05 23:27:58.995,1.37056,1.37089,1.50,1.50
2011.05.05 23:28:00.262,1.37055,1.37088,1.50,1.50
2011.05.05 23:28:00.596,1.37052,1.37084,1.50,1.50
2011.05.05 23:28:01.240,1.37057,1.37084,1.50,1.50
2011.05.05 23:28:01.358,1.37051,1.37084,1.50,1.50
2011.05.05 23:28:01.477,1.37051,1.37087,1.50,1.88
2011.05.05 23:28:01.805,1.37051,1.37087,1.50,1.88
2011.05.05 23:28:02.354,1.37051,1.37084,1.50,1.50
2011.05.05 23:28:05.585,1.37054,1.37085,1.50,1.50
2011.05.05 23:28:05.805,1.37055,1.37091,1.50,1.50
2011.05.05 23:28:05.916,1.37056,1.37091,1.50,1.50
2011.05.05 23:28:06.354,1.37058,1.37092,1.50,1.50
2011.05.05 23:28:07.994,1.37059,1.37092,1.50,1.50
2011.05.05 23:28:08.574,1.37059,1.37089,1.50,1.50
2011.05.05 23:28:08.684,1.37059,1.37089,1.50,1.50
2011.05.05 23:28:09.235,1.37059,1.37089,2.25,1.50
2011.05.05 23:28:09.345,1.3706,1.37097,1.50,1.50
2011.05.05 23:28:09.976,1.37059,1.37095,1.50,1.50
2011.05.05 23:28:13.117,1.37059,1.37089,1.50,1.50
2011.05.05 23:28:13.337,1.37059,1.37092,2.25,3.15
2011.05.05 23:28:13.558,1.37063,1.37093,1.50,1.50
2011.05.05 23:28:14.137,1.37066,1.37093,1.50,1.50
2011.05.05 23:28:15.514,1.37066,1.37091,1.50,1.35
2011.05.05 23:28:15.845,1.37067,1.37091,1.50,1.35
2011.05.05 23:28:16.175,1.37073,1.37094,1.50,1.35
2011.05.05 23:28:16.397,1.3707,1.37094,2.25,1.35
2011.05.05 23:28:17.056,1.37059,1.37078,1.50,1.35
2011.05.05 23:28:17.385,1.37041,1.37066,1.50,2.10
2011.05.05 23:28:19.647,1.37042,1.37066,1.50,2.10
2011.05.05 23:28:20.085,1.37041,1.37066,1.50,2.10
2011.05.05 23:28:25.757,1.37041,1.37073,2.25,1.50
2011.05.05 23:28:27.566,1.37039,1.3707,1.50,1.50
2011.05.05 23:28:28.004,1.37039,1.3707,1.50,2.10
2011.05.05 23:28:28.634,1.3704,1.3707,1.50,1.50
2011.05.05 23:28:28.744,1.37042,1.37069,1.50,1.50
2011.05.05 23:28:28.964,1.37042,1.37069,1.50,1.50
2011.05.05 23:28:31.004,1.37042,1.37069,1.50,1.50
2011.05.05 23:28:40.626,1.37042,1.37066,1.50,1.35
2011.05.05 23:28:41.066,1.37037,1.37064,1.50,1.50
2011.05.05 23:28:43.476,1.37033,1.37059,1.50,1.35
2011.05.05 23:28:43.915,1.37031,1.3707,1.50,2.40
2011.05.05 23:28:44.025,1.37035,1.3707,2.25,2.40
2011.05.05 23:28:44.135,1.37036,1.3707,1.50,2.40
2011.05.05 23:28:46.696,1.37038,1.3707,1.50,1.50
2011.05.05 23:28:54.684,1.37038,1.37066,1.50,1.50
2011.05.05 23:28:55.245,1.37038,1.37068,1.50,1.50
2011.05.05 23:28:57.215,1.37038,1.37067,1.50,1.35
2011.05.05 23:28:57.841,1.37038,1.37066,1.50,1.50
2011.05.05 23:29:01.585,1.37038,1.37065,1.50,1.50
2011.05.05 23:29:01.916,1.37035,1.37062,1.50,1.35
2011.05.05 23:29:03.696,1.37035,1.37063,1.50,1.35
2011.05.05 23:29:03.806,1.37038,1.37066,1.50,1.50
2011.05.05 23:29:07.883,1.37038,1.37066,2.25,1.50
2011.05.05 23:29:09.367,1.37039,1.37068,1.35,1.50
2011.05.05 23:29:09.695,1.37038,1.37066,1.50,1.50
2011.05.05 23:29:09.804,1.37038,1.37066,1.50,1.50
2011.05.05 23:29:12.245,1.37044,1.37066,1.50,1.50
2011.05.05 23:29:12.466,1.37057,1.3708,1.50,1.35
2011.05.05 23:29:12.576,1.37043,1.37067,1.50,1.35
2011.05.05 23:29:12.905,1.37039,1.37071,1.50,1.50
2011.05.05 23:29:13.126,1.37039,1.37071,1.50,1.50
2011.05.05 23:29:23.686,1.3704,1.37069,2.25,1.50
2011.05.05 23:29:24.016,1.37047,1.37076,1.50,1.50
2011.05.05 23:29:24.239,1.37049,1.37081,1.50,1.50
2011.05.05 23:29:24.355,1.37049,1.37081,1.50,1.50
2011.05.05 23:29:24.935,1.37051,1.37079,2.25,1.50
2011.05.05 23:29:25.595,1.37052,1.37079,1.50,1.50
2011.05.05 23:29:28.086,1.37055,1.37081,1.50,2.40
2011.05.05 23:29:28.196,1.37055,1.37081,1.50,2.40
2011.05.05 23:29:28.525,1.37056,1.37083,1.50,1.50
2011.05.05 23:29:28.635,1.37056,1.37083,1.50,1.50
2011.05.05 23:29:29.184,1.37061,1.37088,1.50,1.50
2011.05.05 23:29:32.934,1.37058,1.37088,1.50,3.15
2011.05.05 23:29:33.865,1.37061,1.37088,1.50,1.50
2011.05.05 23:29:35.782,1.37048,1.37076,1.50,1.50
2011.05.05 23:29:36.116,1.37053,1.37081,2.25,1.50
2011.05.05 23:29:40.075,1.37053,1.3708,1.50,2.40
2011.05.05 23:29:40.627,1.37053,1.3708,1.50,2.40
2011.05.05 23:29:47.714,1.37053,1.3708,1.50,1.65
2011.05.05 23:29:48.264,1.37053,1.37081,1.50,1.50
2011.05.05 23:29:50.049,1.37049,1.37076,1.50,2.40
2011.05.05 23:29:50.166,1.37049,1.37076,1.50,2.40
2011.05.05 23:29:50.494,1.37049,1.3708,1.50,1.50
2011.05.05 23:29:52.358,1.37049,1.37077,1.50,2.40
2011.05.05 23:29:53.532,1.37049,1.37077,1.50,2.40
2011.05.05 23:29:54.194,1.37049,1.37077,1.50,2.40
2011.05.05 23:29:54.522,1.37049,1.37077,1.50,2.40
2011.05.05 23:29:55.074,1.37049,1.37077,1.50,2.40
2011.05.05 23:29:55.405,1.37049,1.37079,1.50,1.50
2011.05.05 23:29:55.515,1.37053,1.37082,1.50,2.40
2011.05.05 23:29:55.955,1.37053,1.37082,1.50,2.40
2011.05.05 23:29:58.845,1.3705,1.37078,1.50,1.50
2011.05.05 23:30:01.016,1.37051,1.37081,1.50,1.50
2011.05.05 23:30:01.675,1.3705,1.3708,2.25,1.50
2011.05.05 23:30:03.497,1.37056,1.37085,1.50,2.40
2011.05.05 23:30:03.827,1.37062,1.37094,1.50,1.50
2011.05.05 23:30:03.934,1.37062,1.37095,1.50,1.50
2011.05.05 23:30:04.046,1.37068,1.37096,1.50,1.50
2011.05.05 23:30:04.826,1.37068,1.37097,1.50,1.50
2011.05.05 23:30:05.047,1.37078,1.37105,1.50,2.85
2011.05.05 23:30:05.269,1.37078,1.37102,1.50,1.50
2011.05.05 23:30:05.497,1.37074,1.37103,1.50,2.40
2011.05.05 23:30:06.045,1.37074,1.371,1.50,1.50
2011.05.05 23:30:06.814,1.37074,1.371,1.50,1.50
2011.05.05 23:30:07.545,1.37074,1.37096,1.50,2.25
2011.05.05 23:30:07.911,1.37074,1.37096,1.50,2.40
2011.05.05 23:30:08.032,1.37074,1.371,1.50,2.40
2011.05.05 23:30:08.255,1.37077,1.37104,1.50,1.35
2011.05.05 23:30:08.475,1.37077,1.37106,1.50,1.50
2011.05.05 23:30:08.696,1.37081,1.37108,1.35,1.50
2011.05.05 23:30:08.806,1.37081,1.37113,1.35,2.40
2011.05.05 23:30:08.918,1.3708,1.37113,1.50,3.00
2011.05.05 23:30:09.026,1.37081,1.37111,1.50,2.40
2011.05.05 23:30:09.571,1.37082,1.37108,1.50,2.40
2011.05.05 23:30:10.125,1.37082,1.37106,1.50,1.35
2011.05.05 23:30:10.235,1.37079,1.37108,1.50,3.15
2011.05.05 23:30:12.605,1.3708,1.37106,1.50,1.50
2011.05.05 23:30:12.825,1.37076,1.37107,1.50,1.50
2011.05.05 23:30:13.266,1.37072,1.37103,1.50,1.13
2011.05.05 23:30:13.375,1.37072,1.37096,1.50,2.40
2011.05.05 23:30:13.486,1.37069,1.37096,2.25,2.40
2011.05.05 23:30:13.595,1.3707,1.371,1.50,2.40
2011.05.05 23:30:14.365,1.37071,1.37096,1.50,1.35
2011.05.05 23:30:15.926,1.37071,1.37096,1.50,1.35
2011.05.05 23:30:16.474,1.37067,1.37094,1.50,1.50
2011.05.05 23:30:17.936,1.37071,1.37094,1.50,1.50
2011.05.05 23:30:18.265,1.37071,1.37096,1.50,1.35
2011.05.05 23:30:18.595,1.37071,1.37096,1.50,1.35
2011.05.05 23:30:19.038,1.37071,1.37096,1.50,1.35
2011.05.05 23:30:19.594,1.37071,1.37096,1.50,1.35
2011.05.05 23:30:19.815,1.37071,1.37096,1.50,1.35
2011.05.05 23:30:20.481,1.37071,1.37096,1.50,1.35
2011.05.05 23:30:20.815,1.37069,1.37096,1.50,1.35
2011.05.05 23:30:21.036,1.37065,1.37091,1.50,1.35
2011.05.05 23:30:21.145,1.37065,1.37091,1.50,1.35
2011.05.05 23:30:21.255,1.3706,1.37091,1.50,2.10
2011.05.05 23:30:21.474,1.37057,1.37091,1.50,2.10
2011.05.05 23:30:26.855,1.37057,1.37086,1.50,1.50
2011.05.05 23:30:26.965,1.37057,1.37083,1.50,1.50
2011.05.05 23:30:27.571,1.37057,1.37083,1.50,1.50
2011.05.05 23:30:28.124,1.37057,1.37083,2.25,1.50
2011.05.05 23:30:28.234,1.37057,1.37083,2.25,1.50
2011.05.05 23:30:28.845,1.37057,1.37083,2.25,1.50
2011.05.05 23:30:31.785,1.37058,1.37088,2.40,1.50
2011.05.05 23:30:31.897,1.37051,1.37086,1.50,1.13
2011.05.05 23:30:32.337,1.37051,1.37084,1.50,1.13
2011.05.05 23:30:32.445,1.37051,1.3708,1.50,1.50
2011.05.05 23:30:32.976,1.37048,1.37079,1.50,1.50
2011.05.05 23:30:33.304,1.37047,1.37079,1.50,1.50
2011.05.05 23:30:36.506,1.37045,1.37075,3.15,1.50
2011.05.05 23:30:36.726,1.37045,1.37074,2.25,1.65
2011.05.05 23:30:36.835,1.37042,1.37075,1.50,1.13
2011.05.05 23:30:36.944,1.37041,1.37075,2.25,1.88
2011.05.05 23:30:37.531,1.37039,1.37076,3.15,1.88
2011.05.05 23:30:38.851,1.37039,1.37076,3.15,1.13
2011.05.05 23:30:49.975,1.37039,1.3707,3.15,1.50
2011.05.05 23:30:50.524,1.3704,1.37067,1.50,1.50
2011.05.05 23:30:53.096,1.37038,1.37073,1.50,1.13
2011.05.05 23:30:53.836,1.37038,1.37065,1.50,1.50
2011.05.05 23:30:53.947,1.37033,1.37057,1.50,1.65
2011.05.05 23:30:54.055,1.37032,1.37057,1.50,1.65
2011.05.05 23:30:54.165,1.37032,1.37063,1.50,1.50
2011.05.05 23:30:54.826,1.37032,1.37064,1.50,3.15
2011.05.05 23:30:55.046,1.37036,1.37072,1.50,1.13
2011.05.05 23:30:55.705,1.37037,1.37073,1.50,1.50
2011.05.05 23:30:55.815,1.37041,1.37072,2.40,1.50
2011.05.05 23:30:55.925,1.37041,1.37069,2.40,1.50
2011.05.05 23:30:56.504,1.37045,1.37073,2.40,1.50
2011.05.05 23:30:56.726,1.37045,1.37073,2.40,1.50
2011.05.05 23:30:56.946,1.37045,1.37081,2.40,1.13
2011.05.05 23:30:57.275,1.37059,1.37086,1.35,1.50
2011.05.05 23:30:57.495,1.37059,1.37085,1.35,1.50
2011.05.05 23:31:01.640,1.37056,1.37088,1.35,1.50
2011.05.05 23:31:01.756,1.37063,1.37088,2.10,1.50
2011.05.05 23:31:01.868,1.37064,1.37094,2.10,2.40
2011.05.05 23:31:02.305,1.37072,1.37099,2.10,2.40
2011.05.05 23:31:02.417,1.37072,1.37105,2.10,1.50
2011.05.05 23:31:02.854,1.37069,1.37109,1.50,1.50
2011.05.05 23:31:03.184,1.37071,1.37109,2.25,1.50
2011.05.05 23:31:06.998,1.37074,1.37109,1.65,1.50
2011.05.05 23:31:07.215,1.37074,1.37108,2.40,1.50
2011.05.05 23:31:07.654,1.37074,1.37106,2.40,1.50
2011.05.05 23:31:07.764,1.37074,1.37106,3.15,1.50
2011.05.05 23:31:09.755,1.37074,1.37104,3.15,1.13
2011.05.05 23:31:10.163,1.37078,1.37104,2.40,1.13
2011.05.05 23:31:10.283,1.37067,1.37107,4.65,1.88
2011.05.05 23:31:10.618,1.37071,1.3711,1.50,2.25
2011.05.05 23:31:11.996,1.37075,1.3711,1.65,1.50
2011.05.05 23:31:12.658,1.37075,1.37108,2.40,1.50
2011.05.05 23:31:12.985,1.37078,1.37109,1.50,1.50
2011.05.05 23:31:13.577,1.37087,1.37109,1.35,1.50
2011.05.05 23:31:13.795,1.37085,1.3711,1.35,1.50
2011.05.05 23:31:14.015,1.37086,1.37115,1.35,1.50
2011.05.05 23:31:14.235,1.37082,1.37115,2.40,1.50
2011.05.05 23:31:14.344,1.37086,1.37115,1.35,1.50
2011.05.05 23:31:15.447,1.37085,1.37113,2.85,1.50
2011.05.05 23:31:17.815,1.37085,1.37112,2.10,1.50
2011.05.05 23:31:17.928,1.37086,1.37115,1.35,1.50
2011.05.05 23:31:18.036,1.37086,1.37115,1.35,1.50
2011.05.05 23:31:18.145,1.37085,1.37115,1.35,1.50
2011.05.05 23:31:23.065,1.37088,1.37114,3.15,1.50
2011.05.05 23:31:23.396,1.37086,1.37114,2.10,1.50
2011.05.05 23:31:24.311,1.37086,1.37115,2.10,1.50
2011.05.05 23:31:24.556,1.37086,1.37114,2.10,1.50
2011.05.05 23:31:24.884,1.37086,1.37114,1.35,1.50
2011.05.05 23:31:25.797,1.37086,1.37115,2.10,1.50
2011.05.05 23:31:25.906,1.37086,1.37114,1.35,1.50
2011.05.05 23:31:26.255,1.37086,1.37109,1.35,1.50
2011.05.05 23:31:38.374,1.37083,1.37108,1.35,1.50
2011.05.05 23:31:42.740,1.37086,1.37109,1.35,1.50
2011.05.05 23:31:42.855,1.37086,1.3711,1.35,1.50
2011.05.05 23:31:44.525,1.37081,1.3711,1.35,1.50
2011.05.05 23:31:44.745,1.3708,1.3711,1.35,1.50
2011.05.05 23:31:45.946,1.37081,1.3711,1.50,1.50
2011.05.05 23:31:46.275,1.37087,1.37113,3.00,1.50
2011.05.05 23:31:47.716,1.37091,1.37118,1.50,1.50
2011.05.05 23:31:48.484,1.37091,1.37118,1.50,1.50
2011.05.05 23:31:49.956,1.37091,1.37118,1.50,1.50
2011.05.05 23:31:53.666,1.37088,1.37113,1.50,2.40
2011.05.05 23:31:53.776,1.37085,1.37112,1.50,1.50
2011.05.05 23:31:55.535,1.37085,1.37112,1.50,1.50
2011.05.05 23:31:55.754,1.37086,1.37112,1.35,1.50
2011.05.05 23:31:56.326,1.37089,1.37116,1.50,1.50
2011.05.05 23:31:56.985,1.37088,1.37116,2.10,1.50
2011.05.05 23:31:58.855,1.37088,1.37116,2.10,1.50
2011.05.05 23:32:00.084,1.37088,1.37112,1.50,1.35
2011.05.05 23:32:00.306,1.37083,1.37111,1.50,1.50
2011.05.05 23:32:00.527,1.37085,1.37112,1.50,1.50
2011.05.05 23:32:00.638,1.37085,1.37111,1.50,1.50
2011.05.05 23:32:02.881,1.37079,1.37107,1.50,2.10
2011.05.05 23:32:04.286,1.37077,1.37107,1.50,2.10
2011.05.05 23:32:08.598,1.37077,1.37107,2.25,2.10
2011.05.05 23:32:08.927,1.37094,1.37122,2.25,2.10
2011.05.05 23:32:09.145,1.37093,1.37122,3.15,1.35
2011.05.05 23:32:09.255,1.37099,1.37122,1.50,1.35
2011.05.05 23:32:09.478,1.37089,1.37111,1.50,1.35
2011.05.05 23:32:10.865,1.37088,1.3711,1.50,1.35
2011.05.05 23:32:11.329,1.37083,1.37111,1.50,1.50
2011.05.05 23:32:12.215,1.37077,1.37109,1.50,1.50
2011.05.05 23:32:13.026,1.37077,1.37107,1.50,1.50
2011.05.05 23:32:13.136,1.37074,1.37104,1.50,1.50
2011.05.05 23:32:13.246,1.37075,1.37103,1.50,2.40
2011.05.05 23:32:14.035,1.37074,1.37103,2.25,2.40
2011.05.05 23:32:14.586,1.37074,1.37103,1.50,2.40
2011.05.05 23:32:17.585,1.37074,1.37102,1.50,1.35
2011.05.05 23:32:17.805,1.37074,1.371,1.50,1.35
2011.05.05 23:32:20.735,1.37074,1.371,1.50,1.35
2011.05.05 23:32:21.550,1.37074,1.371,1.50,1.35
2011.05.05 23:32:24.215,1.37074,1.371,1.50,1.35
2011.05.05 23:32:30.935,1.37074,1.371,1.50,1.35
2011.05.05 23:32:31.265,1.3707,1.371,2.25,2.10
2011.05.05 23:32:31.376,1.3707,1.371,2.25,2.10
2011.05.05 23:32:31.704,1.3707,1.37099,1.50,2.40
2011.05.05 23:32:34.095,1.3707,1.37094,1.50,1.35
2011.05.05 23:32:34.755,1.37068,1.37095,1.50,1.35
2011.05.05 23:32:36.912,1.37068,1.37091,1.50,1.35
2011.05.05 23:32:37.026,1.37068,1.37096,1.50,2.10
2011.05.05 23:32:38.696,1.37068,1.37091,1.50,1.35
2011.05.05 23:32:39.244,1.37068,1.37091,1.50,1.35
2011.05.05 23:32:40.475,1.37068,1.37091,1.50,1.35
2011.05.05 23:32:40.697,1.37068,1.37095,1.50,1.35
2011.05.05 23:32:42.677,1.37068,1.37091,1.50,1.35
2011.05.05 23:32:43.005,1.37068,1.37091,1.50,1.35
2011.05.05 23:32:44.436,1.37068,1.37091,1.50,1.35
2011.05.05 23:32:44.656,1.37068,1.37094,1.50,1.35
2011.05.05 23:32:45.316,1.37068,1.37091,1.50,1.35
2011.05.05 23:32:45.426,1.37064,1.37096,1.50,2.10
2011.05.05 23:32:45.647,1.37063,1.37089,1.50,2.40
2011.05.05 23:32:45.975,1.37062,1.37087,1.35,1.50
2011.05.05 23:32:49.495,1.3706,1.37087,1.50,1.50
2011.05.05 23:32:50.526,1.37064,1.37089,1.50,2.40
2011.05.05 23:32:50.855,1.37067,1.37094,1.50,2.40
2011.05.05 23:32:51.704,1.37067,1.37094,1.50,2.40
2011.05.05 23:32:52.586,1.37069,1.37094,1.50,2.40
2011.05.05 23:32:52.805,1.37069,1.37099,1.50,1.50
2011.05.05 23:32:53.355,1.37069,1.37099,1.50,1.50
2011.05.05 23:32:54.143,1.37075,1.37102,1.50,2.10
2011.05.05 23:32:54.475,1.37074,1.37102,1.50,2.10
2011.05.05 23:32:55.525,1.37074,1.37102,1.50,2.10
2011.05.05 23:32:55.746,1.37071,1.37099,1.50,1.50
2011.05.05 23:32:57.086,1.37072,1.37099,1.50,1.50
2011.05.05 23:32:57.635,1.37071,1.37099,1.50,1.50
2011.05.05 23:32:57.857,1.37075,1.37102,1.50,1.35
2011.05.05 23:32:58.077,1.37076,1.37108,1.35,1.50
2011.05.05 23:32:58.296,1.37079,1.37108,2.78,1.50
2011.05.05 23:32:58.625,1.37087,1.37115,1.35,1.50
2011.05.05 23:32:58.955,1.37092,1.3712,1.50,3.15
2011.05.05 23:33:00.747,1.37092,1.37116,1.50,1.35
2011.05.05 23:33:01.680,1.37092,1.37115,2.25,1.65
2011.05.05 23:33:01.804,1.371,1.37133,1.50,1.50
2011.05.05 23:33:02.136,1.37105,1.37135,1.50,1.50
2011.05.05 23:33:02.467,1.37116,1.37143,1.50,1.35
2011.05.05 23:33:02.797,1.37123,1.3714,1.50,1.65
2011.05.05 23:33:02.906,1.37123,1.3715,1.50,1.35
2011.05.05 23:33:03.237,1.37127,1.37151,1.50,1.65
2011.05.05 23:33:03.346,1.37127,1.37156,1.50,1.35
2011.05.05 23:33:03.457,1.37127,1.37156,1.50,1.35
2011.05.05 23:33:03.895,1.37127,1.37154,1.50,2.40
2011.05.05 23:33:04.438,1.37124,1.37152,1.50,3.15
2011.05.05 23:33:05.325,1.37121,1.37152,1.50,3.15
2011.05.05 23:33:05.435,1.3712,1.37148,1.50,1.50
2011.05.05 23:33:05.987,1.3712,1.37148,1.50,1.50
2011.05.05 23:33:06.410,1.3712,1.37148,1.50,1.50
2011.05.05 23:33:06.935,1.3712,1.37148,1.50,3.15
2011.05.05 23:33:07.425,1.37121,1.37148,1.50,3.15
2011.05.05 23:33:07.645,1.37123,1.37151,1.50,1.50
2011.05.05 23:33:08.194,1.37123,1.37151,1.50,1.50
2011.05.05 23:33:09.356,1.3712,1.37148,1.50,1.50
2011.05.05 23:33:09.905,1.3712,1.37144,1.50,2.40
2011.05.05 23:33:10.016,1.37124,1.37149,1.50,2.40
2011.05.05 23:33:10.234,1.37124,1.37149,1.50,2.40
2011.05.05 23:33:10.566,1.37122,1.37145,1.50,2.40
2011.05.05 23:33:10.675,1.3712,1.37143,1.50,2.40
2011.05.05 23:33:11.005,1.3712,1.37144,1.50,2.40
2011.05.05 23:33:11.555,1.3712,1.37148,1.50,1.50
2011.05.05 23:33:11.667,1.37124,1.37152,1.50,1.50
2011.05.05 23:33:12.011,1.37124,1.37149,1.50,2.40
2011.05.05 23:33:12.908,1.37124,1.37149,1.50,2.40
2011.05.05 23:33:14.226,1.37121,1.37149,1.50,3.15
2011.05.05 23:33:14.446,1.37121,1.37142,1.50,2.40
2011.05.05 23:33:14.666,1.37118,1.37147,1.50,1.50
2011.05.05 23:33:14.775,1.37118,1.37147,1.50,1.50
2011.05.05 23:33:15.325,1.37117,1.37147,1.50,2.25
2011.05.05 23:33:17.076,1.37117,1.37147,1.50,1.50
2011.05.05 23:33:17.405,1.37117,1.37147,1.50,1.50
2011.05.05 23:33:17.625,1.37121,1.37148,1.50,1.35
2011.05.05 23:33:21.255,1.37121,1.37146,1.50,1.50
2011.05.05 23:33:21.475,1.37117,1.37146,1.50,1.50
2011.05.05 23:33:23.612,1.37115,1.37139,1.50,1.35
2011.05.05 23:33:23.837,1.3711,1.37136,2.85,2.40
2011.05.05 23:33:24.058,1.37112,1.3714,1.88,2.40
2011.05.05 23:33:24.277,1.3711,1.37142,2.85,1.50
2011.05.05 23:33:24.605,1.37111,1.37137,1.50,1.50
2011.05.05 23:33:25.155,1.3711,1.37138,1.50,2.40
2011.05.05 23:33:25.656,1.37112,1.37138,1.50,2.40
2011.05.05 23:33:25.766,1.37112,1.37138,1.50,2.40
2011.05.05 23:33:26.094,1.3711,1.37138,1.50,2.40
2011.05.05 23:33:26.315,1.3711,1.37138,1.50,2.40
2011.05.05 23:33:27.195,1.3711,1.37138,1.50,2.40
2011.05.05 23:33:29.985,1.3711,1.37132,1.50,1.50
2011.05.05 23:33:30.316,1.37103,1.3712,1.35,2.40
2011.05.05 23:33:30.536,1.37101,1.37125,1.50,2.40
2011.05.05 23:33:30.755,1.37102,1.37125,1.50,2.40
2011.05.05 23:33:31.084,1.37102,1.37125,1.50,2.40
2011.05.05 23:33:37.896,1.37102,1.37125,1.50,1.65
2011.05.05 23:33:38.005,1.37102,1.3713,1.50,2.40
2011.05.05 23:33:41.086,1.37102,1.3713,1.50,3.15
2011.05.05 23:33:44.175,1.37102,1.37127,1.50,1.35
2011.05.05 23:33:44.506,1.371,1.37125,1.50,2.40
2011.05.05 23:33:45.054,1.37096,1.37125,1.50,2.40
2011.05.05 23:33:45.275,1.37095,1.37125,1.88,1.65
2011.05.05 23:33:45.385,1.37095,1.37126,2.63,1.50
2011.05.05 23:33:45.948,1.37096,1.37126,1.50,1.50
2011.05.05 23:33:50.077,1.37095,1.37123,2.25,1.50
2011.05.05 23:33:50.405,1.37095,1.37123,2.25,1.50
2011.05.05 23:33:51.124,1.37094,1.3712,1.50,1.50
2011.05.05 23:33:52.217,1.37094,1.3712,1.50,1.50
2011.05.05 23:33:54.195,1.37096,1.3712,1.13,1.50
2011.05.05 23:33:54.306,1.37097,1.37124,1.13,1.50
2011.05.05 23:33:54.416,1.37097,1.37123,1.88,1.50
2011.05.05 23:33:54.746,1.37097,1.37123,2.10,1.50
2011.05.05 23:33:54.966,1.37097,1.37123,1.35,1.50
2011.05.05 23:33:55.190,1.37097,1.37123,1.35,1.50
2011.05.05 23:33:57.295,1.37093,1.3712,1.50,2.10
2011.05.05 23:33:57.955,1.3709,1.37119,2.25,1.35
2011.05.05 23:33:58.395,1.37093,1.3712,1.50,1.35
2011.05.05 23:33:59.208,1.37093,1.37121,1.50,1.50
2011.05.05 23:33:59.954,1.37093,1.3712,1.50,1.50
2011.05.05 23:34:00.285,1.37095,1.3712,1.13,1.50
2011.05.05 23:34:00.616,1.37102,1.37132,2.25,1.50
2011.05.05 23:34:01.093,1.371,1.37129,1.50,1.35
2011.05.05 23:34:01.316,1.371,1.37125,1.50,1.35
2011.05.05 23:34:01.425,1.37099,1.37125,1.50,1.35
2011.05.05 23:34:01.535,1.37097,1.37125,1.50,1.35
2011.05.05 23:34:01.868,1.37094,1.37124,1.50,1.50
2011.05.05 23:34:01.975,1.37091,1.37124,2.10,1.50
2011.05.05 23:34:02.524,1.37094,1.37124,1.50,1.50
2011.05.05 23:34:03.785,1.3709,1.37121,1.50,1.50
2011.05.05 23:34:04.225,1.37093,1.3712,1.50,1.50
2011.05.05 23:34:04.557,1.37093,1.3712,1.50,1.50
2011.05.05 23:34:04.885,1.37093,1.3712,1.50,1.50
2011.05.05 23:34:05.445,1.37093,1.3712,1.50,1.50
2011.05.05 23:34:06.155,1.37093,1.3712,1.50,1.50
2011.05.05 23:34:08.060,1.37093,1.3712,1.50,1.50
2011.05.05 23:34:09.265,1.37093,1.3712,1.50,1.50
2011.05.05 23:34:09.686,1.37093,1.3712,1.50,1.50
2011.05.05 23:34:10.666,1.37093,1.37121,1.50,1.50
2011.05.05 23:34:11.215,1.37093,1.3712,1.50,1.50
2011.05.05 23:34:13.074,1.37093,1.3712,1.50,1.50
2011.05.05 23:34:14.226,1.37093,1.37122,1.50,1.50
2011.05.05 23:34:14.668,1.37093,1.3712,1.50,1.50
2011.05.05 23:34:15.215,1.37093,1.3712,1.50,1.50
2011.05.05 23:34:16.365,1.3709,1.3712,1.50,2.10
2011.05.05 23:34:16.585,1.37087,1.37118,1.50,1.50
2011.05.05 23:34:20.215,1.37089,1.37119,1.50,1.50
2011.05.05 23:34:20.438,1.37089,1.37117,1.50,1.50
2011.05.05 23:34:20.875,1.37089,1.37117,1.50,1.50
2011.05.05 23:34:21.095,1.37089,1.37117,1.50,1.50
2011.05.05 23:34:21.314,1.37089,1.37117,1.50,1.50
2011.05.05 23:34:23.357,1.37093,1.3712,1.50,1.35
2011.05.05 23:34:23.686,1.37094,1.37121,1.50,1.35
2011.05.05 23:34:24.015,1.37099,1.37125,1.50,1.50
2011.05.05 23:34:24.590,1.37099,1.37125,1.50,1.50
2011.05.05 23:34:24.996,1.37097,1.37125,1.50,1.50
2011.05.05 23:34:25.325,1.37097,1.37119,1.50,2.40
2011.05.05 23:34:25.436,1.37092,1.37119,1.50,2.40
2011.05.05 23:34:25.985,1.37093,1.3712,1.50,1.50
2011.05.05 23:34:29.585,1.37092,1.3712,1.50,1.50
2011.05.05 23:34:29.915,1.37091,1.37116,1.50,1.35
2011.05.05 23:34:30.025,1.37087,1.37116,1.50,1.35
2011.05.05 23:34:30.245,1.37087,1.37116,1.50,1.35
2011.05.05 23:34:32.775,1.37085,1.37109,1.50,1.35
2011.05.05 23:34:32.885,1.37085,1.37109,1.50,1.35
2011.05.05 23:34:33.402,1.37072,1.37104,1.50,2.10
2011.05.05 23:34:33.521,1.37068,1.37104,1.35,2.10
2011.05.05 23:34:33.638,1.37069,1.37104,1.50,1.35
2011.05.05 23:34:33.746,1.37068,1.37104,1.35,1.35
2011.05.05 23:34:34.075,1.37069,1.37103,1.50,1.13
2011.05.05 23:34:34.966,1.37071,1.37105,1.50,1.88
2011.05.05 23:34:35.186,1.37073,1.37105,1.50,1.50
2011.05.05 23:34:35.405,1.37076,1.37107,1.35,1.50
2011.05.05 23:34:35.847,1.37078,1.37109,1.50,1.50
2011.05.05 23:34:35.955,1.37078,1.37107,1.50,1.50
2011.05.05 23:34:36.505,1.37082,1.37107,1.35,1.50
2011.05.05 23:34:37.066,1.37082,1.37105,1.35,1.50
2011.05.05 23:34:37.601,1.37082,1.37104,1.35,1.50
2011.05.05 23:34:39.375,1.37077,1.37105,1.50,1.50
2011.05.05 23:34:41.326,1.37076,1.37104,2.25,1.50
2011.05.05 23:34:41.655,1.37077,1.37105,1.50,1.50
2011.05.05 23:34:43.245,1.37077,1.37108,1.50,1.50
2011.05.05 23:34:45.051,1.37078,1.37108,1.35,1.50
2011.05.05 23:34:45.305,1.3708,1.37109,2.10,1.50
2011.05.05 23:34:47.385,1.3708,1.37108,2.10,1.50
2011.05.05 23:34:47.714,1.37081,1.37108,1.35,1.50
2011.05.05 23:34:47.934,1.37081,1.37108,1.35,1.50
2011.05.05 23:34:48.945,1.3708,1.37108,1.50,2.10
2011.05.05 23:34:51.527,1.3708,1.37108,1.50,2.10
2011.05.05 23:34:52.195,1.37077,1.37105,1.50,1.50
2011.05.05 23:34:52.535,1.37077,1.37104,1.50,1.35
2011.05.05 23:34:52.865,1.37077,1.37104,1.50,1.35
2011.05.05 23:34:54.286,1.37077,1.37105,2.85,1.50
2011.05.05 23:34:54.739,1.37081,1.3711,1.50,1.50
2011.05.05 23:34:54.847,1.3708,1.37108,1.50,1.50
2011.05.05 23:34:55.067,1.37075,1.37108,1.50,1.35
2011.05.05 23:34:55.177,1.37075,1.37105,1.50,2.10
2011.05.05 23:34:55.506,1.37067,1.37098,1.50,1.35
2011.05.05 23:34:55.836,1.37069,1.37098,1.50,1.35
2011.05.05 23:34:56.384,1.37072,1.37099,1.50,1.35
2011.05.05 23:34:56.935,1.37072,1.37104,1.50,1.35
2011.05.05 23:34:58.346,1.37072,1.37104,1.50,1.35
2011.05.05 23:34:58.565,1.37077,1.37104,1.35,1.50
2011.05.05 23:34:59.005,1.37077,1.37104,1.35,1.50
2011.05.05 23:34:59.996,1.37078,1.37107,1.13,1.35
2011.05.05 23:35:00.540,1.37076,1.37104,1.50,1.50
2011.05.05 23:35:00.765,1.37078,1.37106,1.35,1.50
2011.05.05 23:35:00.876,1.3708,1.37106,1.50,1.50
2011.05.05 23:35:01.895,1.3708,1.37112,1.50,1.35
2011.05.05 23:35:02.115,1.3708,1.37112,1.50,1.35
2011.05.05 23:35:02.225,1.37083,1.37112,1.50,1.35
2011.05.05 23:35:02.555,1.37083,1.37115,1.50,2.10
2011.05.05 23:35:03.395,1.37083,1.37109,1.50,1.50
2011.05.05 23:35:03.946,1.37083,1.37113,1.50,1.50
2011.05.05 23:35:06.830,1.37083,1.37109,1.50,1.50
2011.05.05 23:35:07.275,1.37083,1.37109,1.50,1.50
2011.05.05 23:35:08.940,1.37083,1.37109,1.50,1.50
2011.05.05 23:35:09.497,1.37083,1.37109,1.50,1.50
2011.05.05 23:35:11.655,1.37083,1.37109,1.50,2.10
2011.05.05 23:35:19.246,1.37083,1.37109,1.50,1.50
2011.05.05 23:35:21.516,1.37083,1.37109,1.50,1.50
2011.05.05 23:35:26.796,1.37083,1.37109,1.50,1.50
2011.05.05 23:35:26.905,1.37083,1.37109,1.50,1.50
2011.05.05 23:35:33.616,1.37083,1.37109,1.50,1.50
2011.05.05 23:35:33.727,1.37079,1.37105,1.50,1.65
2011.05.05 23:35:33.836,1.37078,1.37105,1.13,2.40
2011.05.05 23:35:33.948,1.37062,1.37098,1.13,1.13
2011.05.05 23:35:34.055,1.37061,1.37099,1.50,1.13
2011.05.05 23:35:34.166,1.3706,1.37087,1.50,1.50
2011.05.05 23:35:34.494,1.37056,1.37089,1.50,1.50
2011.05.05 23:35:35.595,1.37056,1.37093,1.50,1.50
2011.05.05 23:35:36.295,1.37056,1.37085,2.25,1.50
2011.05.05 23:35:37.238,1.37056,1.37088,1.50,1.50
2011.05.05 23:35:40.555,1.37056,1.37087,1.50,1.50
2011.05.05 23:35:40.775,1.37059,1.3709,1.13,1.35
2011.05.05 23:35:40.996,1.3706,1.3709,1.50,1.35
2011.05.05 23:35:41.537,1.3706,1.3709,1.50,1.35
2011.05.05 23:35:45.535,1.3706,1.3709,1.50,1.35
2011.05.05 23:35:46.066,1.37059,1.3709,1.50,1.35
2011.05.05 23:35:46.670,1.37059,1.3709,1.50,1.35
2011.05.05 23:35:50.525,1.37059,1.37094,1.50,2.78
2011.05.05 23:35:50.856,1.3706,1.37096,1.13,1.88
2011.05.05 23:35:51.185,1.37059,1.37094,1.50,2.40
2011.05.05 23:35:53.225,1.37059,1.37091,1.50,1.35
2011.05.05 23:35:54.346,1.37059,1.37094,1.50,3.15
2011.05.05 23:35:55.515,1.37059,1.37094,1.50,3.53
2011.05.05 23:35:55.625,1.37059,1.37094,1.50,2.78
2011.05.05 23:35:56.768,1.37059,1.37093,1.50,1.13
2011.05.05 23:36:00.485,1.37059,1.3709,1.50,1.35
2011.05.05 23:36:00.815,1.37059,1.3709,1.88,1.35
2011.05.05 23:36:02.046,1.37059,1.37095,2.10,1.73
2011.05.05 23:36:08.895,1.37059,1.37089,1.50,1.35
2011.05.05 23:36:09.225,1.37059,1.37089,1.50,1.35
2011.05.05 23:36:12.185,1.37059,1.37089,1.50,1.35
2011.05.05 23:36:14.775,1.37063,1.37095,1.50,2.10
2011.05.05 23:36:14.995,1.37062,1.37095,1.50,2.10
2011.05.05 23:36:27.035,1.37062,1.3709,1.50,2.40
2011.05.05 23:36:27.147,1.37057,1.37086,1.50,1.35
2011.05.05 23:36:27.475,1.37057,1.37086,1.50,1.35
2011.05.05 23:36:36.995,1.3706,1.37089,1.13,2.40
2011.05.05 23:36:37.111,1.37064,1.37093,1.50,1.35
2011.05.05 23:36:41.138,1.37064,1.37093,1.50,1.35
2011.05.05 23:36:46.246,1.37064,1.37095,1.50,3.15
2011.05.05 23:36:53.507,1.37064,1.37095,1.13,2.40
2011.05.05 23:36:53.618,1.37068,1.37095,1.50,2.40
2011.05.05 23:36:53.726,1.37068,1.37096,1.50,1.50
2011.05.05 23:37:00.946,1.37068,1.37097,1.50,1.50
2011.05.05 23:37:05.266,1.37071,1.37099,1.50,2.40
2011.05.05 23:37:05.864,1.37071,1.37098,1.50,1.50
2011.05.05 23:37:08.575,1.37069,1.37097,2.25,1.50
2011.05.05 23:37:09.016,1.37067,1.37093,1.50,1.35
2011.05.05 23:37:09.345,1.37067,1.37092,1.50,2.40
2011.05.05 23:37:09.455,1.37067,1.37092,1.50,1.65
2011.05.05 23:37:09.676,1.37067,1.37097,2.10,1.50
2011.05.05 23:37:09.895,1.37067,1.37094,2.10,1.50
2011.05.05 23:37:19.405,1.37071,1.37098,1.50,3.15
2011.05.05 23:37:21.195,1.37071,1.37098,1.50,2.40
2011.05.05 23:37:21.415,1.37071,1.37098,1.50,1.50
2011.05.05 23:37:29.446,1.37074,1.37104,1.35,1.50
2011.05.05 23:37:29.556,1.37074,1.37104,1.35,1.50
2011.05.05 23:37:30.081,1.37074,1.37104,1.35,1.50
2011.05.05 23:37:33.685,1.37074,1.37107,1.35,1.50
2011.05.05 23:37:35.607,1.37081,1.37107,1.13,1.50
2011.05.05 23:37:43.515,1.37081,1.37105,1.13,1.50
2011.05.05 23:37:55.717,1.37081,1.37105,1.13,1.50
2011.05.05 23:37:55.825,1.37081,1.37105,1.13,1.50
2011.05.05 23:37:58.523,1.37081,1.37105,1.13,1.50
2011.05.05 23:37:58.635,1.37081,1.37105,1.13,1.50
2011.05.05 23:37:59.018,1.37081,1.37107,1.13,1.50
2011.05.05 23:37:59.556,1.37081,1.37105,1.13,1.50
2011.05.05 23:37:59.867,1.37081,1.37105,1.13,1.50
2011.05.05 23:38:01.086,1.37081,1.37107,1.13,1.50
2011.05.05 23:38:08.885,1.37087,1.37121,1.50,1.50
2011.05.05 23:38:10.381,1.37091,1.37121,1.50,1.50
2011.05.05 23:38:10.867,1.37091,1.37119,1.50,1.50
2011.05.05 23:38:11.196,1.37091,1.37119,1.50,3.15
2011.05.05 23:38:11.525,1.37091,1.37122,1.50,2.10
2011.05.05 23:38:13.277,1.37094,1.37124,2.10,2.40
2011.05.05 23:38:13.495,1.37094,1.37122,2.10,1.50
2011.05.05 23:38:13.826,1.37094,1.37122,2.10,1.50
2011.05.05 23:38:14.045,1.37094,1.3712,2.10,1.50
2011.05.05 23:38:18.064,1.37094,1.3712,1.50,1.50
2011.05.05 23:38:19.855,1.37094,1.37122,1.50,1.35
2011.05.05 23:38:19.966,1.37094,1.37121,1.50,1.50
2011.05.05 23:38:21.436,1.37094,1.3712,1.50,1.50
2011.05.05 23:38:21.985,1.37091,1.37119,1.50,1.50
2011.05.05 23:38:22.204,1.37091,1.37116,1.50,1.50
2011.05.05 23:38:22.755,1.37091,1.37116,1.50,1.50
2011.05.05 23:38:23.304,1.37091,1.37117,1.50,1.50
2011.05.05 23:38:26.789,1.37091,1.37117,1.50,1.50
2011.05.05 23:38:26.910,1.37102,1.37135,1.50,1.50
2011.05.05 23:38:27.028,1.37106,1.3714,1.13,1.50
2011.05.05 23:38:27.137,1.37107,1.3714,1.50,1.50
2011.05.05 23:38:27.357,1.37109,1.37152,1.50,1.13
2011.05.05 23:38:27.577,1.37113,1.37142,1.50,1.50
2011.05.05 23:38:28.806,1.37113,1.37152,1.50,1.50
2011.05.05 23:38:30.355,1.37113,1.37152,1.50,1.50
2011.05.05 23:38:32.035,1.37117,1.37155,1.50,3.53
2011.05.05 23:38:32.145,1.37118,1.37155,1.88,3.15
2011.05.05 23:38:35.120,1.37119,1.37153,1.50,1.50
2011.05.05 23:38:35.789,1.37123,1.37153,2.25,1.50
2011.05.05 23:38:36.115,1.37123,1.37151,2.25,1.50
2011.05.05 23:38:36.989,1.37124,1.37151,1.50,1.50
2011.05.05 23:38:40.940,1.37123,1.37147,1.50,1.50
2011.05.05 23:38:41.166,1.37114,1.37143,1.50,1.50
2011.05.05 23:38:41.387,1.37115,1.37145,1.50,2.40
2011.05.05 23:38:41.719,1.37121,1.37148,1.50,2.10
2011.05.05 23:38:41.936,1.37118,1.37148,1.50,2.10
2011.05.05 23:38:42.715,1.37118,1.37143,1.50,1.65
2011.05.05 23:38:43.045,1.37118,1.37143,1.50,2.40
2011.05.05 23:38:45.315,1.37118,1.37148,2.25,3.00
2011.05.05 23:38:47.576,1.37118,1.37142,1.50,2.40
2011.05.05 23:38:47.796,1.37117,1.37142,1.50,2.40
2011.05.05 23:38:48.656,1.37111,1.37138,1.50,1.50
2011.05.05 23:38:51.177,1.37111,1.37138,1.50,1.50
2011.05.05 23:38:51.616,1.37113,1.37142,1.50,2.40
2011.05.05 23:38:52.315,1.37115,1.37142,1.50,2.40
2011.05.05 23:38:54.496,1.37115,1.37142,1.50,2.40
2011.05.05 23:38:54.936,1.37118,1.37148,1.50,1.50
2011.05.05 23:38:55.465,1.37118,1.37146,1.50,1.50
2011.05.05 23:38:57.076,1.37118,1.37146,1.50,1.50
2011.05.05 23:38:57.295,1.37115,1.37142,1.50,1.50
2011.05.05 23:38:58.226,1.37115,1.37142,1.50,3.15
2011.05.05 23:38:59.605,1.37111,1.37138,1.50,1.50
2011.05.05 23:39:01.060,1.37107,1.37135,1.50,2.40
2011.05.05 23:39:01.175,1.37104,1.37134,2.25,1.50
2011.05.05 23:39:03.228,1.37108,1.37136,1.50,2.10
2011.05.05 23:39:03.596,1.37109,1.37136,1.50,2.10
2011.05.05 23:39:04.628,1.37114,1.37137,1.35,2.40
2011.05.05 23:39:04.846,1.37123,1.37137,1.50,1.65
2011.05.05 23:39:05.067,1.37123,1.37148,1.50,1.35
2011.05.05 23:39:05.397,1.37122,1.37148,1.50,1.35
2011.05.05 23:39:08.987,1.37122,1.37146,1.50,2.10
2011.05.05 23:39:09.205,1.37121,1.37141,1.50,1.35
2011.05.05 23:39:09.316,1.37115,1.37141,1.50,1.35
2011.05.05 23:39:09.537,1.37113,1.37141,1.50,1.35
2011.05.05 23:39:09.867,1.37109,1.37136,2.25,1.35
2011.05.05 23:39:09.976,1.37109,1.37136,1.50,1.35
2011.05.05 23:39:15.597,1.37109,1.37137,1.50,1.50
2011.05.05 23:39:15.705,1.37109,1.37137,1.50,1.50
2011.05.05 23:39:16.037,1.37111,1.37144,1.50,2.10
2011.05.05 23:39:16.257,1.37113,1.37148,3.23,1.50
2011.05.05 23:39:16.366,1.37118,1.37149,1.35,1.50
2011.05.05 23:39:16.587,1.37118,1.37149,2.48,1.50
2011.05.05 23:39:17.230,1.3712,1.37148,2.25,1.50
2011.05.05 23:39:21.976,1.3712,1.37148,1.50,1.50
2011.05.05 23:39:22.086,1.37115,1.37145,1.50,1.50
2011.05.05 23:39:22.502,1.37115,1.37145,1.50,2.25
2011.05.05 23:39:22.620,1.37112,1.37143,1.50,3.75
2011.05.05 23:39:23.733,1.37111,1.37141,1.50,2.40
2011.05.05 23:39:24.838,1.37115,1.37152,1.50,1.13
2011.05.05 23:39:25.165,1.37114,1.3715,1.88,1.50
2011.05.05 23:39:25.719,1.37114,1.37145,2.25,1.50
2011.05.05 23:39:25.940,1.37113,1.37151,1.50,1.50
2011.05.05 23:39:26.165,1.37114,1.37151,1.50,1.50
2011.05.05 23:39:26.770,1.37118,1.37151,1.50,1.50
2011.05.05 23:39:30.085,1.37118,1.37145,1.50,1.50
2011.05.05 23:39:30.526,1.37118,1.3715,1.50,1.50
2011.05.05 23:39:33.857,1.37118,1.37145,1.50,1.50
2011.05.05 23:39:36.027,1.37118,1.37145,2.25,1.50
2011.05.05 23:39:36.246,1.37121,1.3715,1.50,1.50
2011.05.05 23:39:36.466,1.3712,1.37155,1.50,2.40
2011.05.05 23:39:36.575,1.37122,1.37155,1.50,2.40
2011.05.05 23:39:36.905,1.37124,1.37154,1.50,1.50
2011.05.05 23:39:37.716,1.37121,1.37152,1.50,1.65
2011.05.05 23:39:37.826,1.37119,1.37152,1.50,2.40
2011.05.05 23:39:43.376,1.37119,1.37147,1.50,3.00
2011.05.05 23:39:43.707,1.37114,1.37135,1.50,2.40
2011.05.05 23:39:43.929,1.37109,1.37135,1.50,1.50
2011.05.05 23:39:44.039,1.3711,1.37141,1.88,2.40
2011.05.05 23:39:44.494,1.37134,1.37157,1.50,1.13
2011.05.05 23:39:44.936,1.37135,1.37166,1.50,1.50
2011.05.05 23:39:45.267,1.3713,1.37159,1.50,1.50
2011.05.05 23:39:45.487,1.37124,1.37154,1.50,1.50
2011.05.05 23:39:49.902,1.37124,1.37156,1.88,1.50
2011.05.05 23:39:50.020,1.37126,1.37156,1.50,1.50
2011.05.05 23:39:50.356,1.37128,1.37156,1.13,1.50
2011.05.05 23:39:50.689,1.37149,1.3717,1.13,2.25
2011.05.05 23:39:50.908,1.37149,1.3718,1.13,1.73
2011.05.05 23:39:51.017,1.37153,1.3718,1.13,1.35
2011.05.05 23:39:52.327,1.37155,1.37184,1.50,1.35
2011.05.05 23:39:52.835,1.37154,1.37184,1.13,1.35
2011.05.05 23:39:53.196,1.37154,1.37173,1.13,1.35
2011.05.05 23:39:53.527,1.37149,1.37165,1.50,2.10
2011.05.05 23:39:53.637,1.37141,1.37165,1.50,2.10
2011.05.05 23:39:53.747,1.3714,1.3716,1.50,1.35
2011.05.05 23:39:53.857,1.37136,1.37154,1.50,1.35
2011.05.05 23:39:53.967,1.37129,1.37151,1.13,1.35
2011.05.05 23:39:54.077,1.37124,1.37151,1.13,1.35
2011.05.05 23:39:54.188,1.37122,1.37151,1.13,1.35
2011.05.05 23:39:54.299,1.3712,1.37148,1.88,1.35
2011.05.05 23:39:54.518,1.37118,1.37147,1.13,1.35
2011.05.05 23:39:54.865,1.37118,1.37143,1.13,2.10
2011.05.05 23:39:54.982,1.37122,1.37152,2.63,2.85
2011.05.05 23:39:56.465,1.37125,1.37154,1.13,1.50
2011.05.05 23:39:57.015,1.37125,1.37154,1.13,1.50
2011.05.05 23:39:57.856,1.37125,1.37154,1.13,1.50
2011.05.05 23:39:58.076,1.37122,1.37154,2.25,1.50
2011.05.05 23:39:58.977,1.37125,1.37153,1.50,1.50
2011.05.05 23:39:59.305,1.37129,1.37155,1.50,1.35
2011.05.05 23:40:00.746,1.37129,1.37155,1.50,1.35
2011.05.05 23:40:02.148,1.37125,1.37152,1.50,1.50
2011.05.05 23:40:03.077,1.37125,1.37153,1.50,1.50
2011.05.05 23:40:03.744,1.37134,1.37167,1.50,1.35
2011.05.05 23:40:03.860,1.37135,1.37167,1.50,1.50
2011.05.05 23:40:04.089,1.37136,1.37168,1.50,1.50
2011.05.05 23:40:04.309,1.37139,1.37169,2.25,1.50
2011.05.05 23:40:05.458,1.37144,1.3717,1.50,1.50
2011.05.05 23:40:05.675,1.37141,1.3717,1.50,1.50
2011.05.05 23:40:07.927,1.37139,1.3717,1.50,1.50
2011.05.05 23:40:08.035,1.37137,1.37168,1.50,1.50
2011.05.05 23:40:09.326,1.37138,1.37165,1.50,1.50
2011.05.05 23:40:09.875,1.37136,1.37163,1.50,1.50
2011.05.05 23:40:10.316,1.37133,1.3716,1.50,1.13
2011.05.05 23:40:10.536,1.37124,1.37154,1.50,1.50
2011.05.05 23:40:10.755,1.3712,1.37147,1.50,1.50
2011.05.05 23:40:11.404,1.37125,1.37151,1.50,1.50
2011.05.05 23:40:11.524,1.37128,1.37161,2.25,1.50
2011.05.05 23:40:11.639,1.37128,1.37161,2.25,1.50
2011.05.05 23:40:11.965,1.37135,1.37161,1.50,1.50
2011.05.05 23:40:13.817,1.37133,1.37142,1.50,1.65
2011.05.05 23:40:14.039,1.37108,1.37135,1.50,3.15
2011.05.05 23:40:14.158,1.37103,1.37135,1.88,3.15
2011.05.05 23:40:14.268,1.37103,1.37132,1.13,1.50
2011.05.05 23:40:14.485,1.371,1.37134,2.25,1.50
2011.05.05 23:40:16.792,1.37105,1.37136,1.50,1.50
2011.05.05 23:40:17.929,1.37105,1.37136,1.50,1.50
2011.05.05 23:40:18.266,1.37104,1.37132,1.50,1.50
2011.05.05 23:40:18.599,1.3712,1.37134,1.50,1.50
2011.05.05 23:40:18.708,1.3712,1.37139,1.50,1.50
2011.05.05 23:40:19.145,1.37117,1.37145,1.50,1.50
2011.05.05 23:40:19.477,1.37114,1.37143,1.50,1.35
2011.05.05 23:40:21.227,1.37114,1.37141,1.50,2.10
2011.05.05 23:40:21.340,1.37114,1.37142,1.50,2.10
2011.05.05 23:40:21.457,1.37112,1.37141,1.50,1.50
2011.05.05 23:40:22.488,1.37127,1.37143,2.10,1.50
2011.05.05 23:40:22.817,1.37133,1.37149,2.10,1.65
2011.05.05 23:40:23.041,1.37133,1.37161,1.35,1.50
2011.05.05 23:40:23.158,1.37136,1.37161,1.50,1.35
2011.05.05 23:40:23.267,1.37134,1.37164,2.25,1.35
2011.05.05 23:40:23.596,1.37133,1.37161,1.50,1.35
2011.05.05 23:40:23.818,1.37133,1.37163,1.50,1.35
2011.05.05 23:40:25.769,1.37133,1.37161,1.50,1.35
2011.05.05 23:40:26.097,1.37133,1.37157,1.50,2.10
2011.05.05 23:40:26.209,1.37125,1.37155,1.50,1.35
2011.05.05 23:40:26.316,1.37123,1.37154,1.50,1.50
2011.05.05 23:40:26.427,1.37119,1.37151,1.50,1.35
2011.05.05 23:40:26.648,1.37117,1.37149,1.50,1.35
2011.05.05 23:40:27.196,1.37118,1.37153,1.50,1.13
2011.05.05 23:40:27.759,1.37117,1.37152,1.50,1.50
2011.05.05 23:40:28.505,1.37118,1.37154,1.50,1.50
2011.05.05 23:40:29.168,1.37118,1.37156,1.50,1.50
2011.05.05 23:40:29.386,1.37124,1.37156,1.35,1.50
2011.05.05 23:40:29.496,1.37124,1.37157,1.35,1.50
2011.05.05 23:40:29.606,1.37124,1.37157,1.35,1.50
2011.05.05 23:40:29.716,1.37124,1.37153,1.50,1.35
2011.05.05 23:40:30.155,1.37124,1.37153,1.50,2.10
2011.05.05 23:40:30.705,1.37124,1.37152,1.50,1.50
2011.05.05 23:40:31.298,1.37124,1.37152,1.50,1.50
2011.05.05 23:40:32.826,1.37124,1.37152,1.50,1.50
2011.05.05 23:40:33.355,1.37124,1.37152,1.50,1.50
2011.05.05 23:40:33.821,1.37117,1.37148,1.35,1.50
2011.05.05 23:40:34.120,1.37114,1.37144,1.50,1.35
2011.05.05 23:40:34.239,1.37109,1.37143,1.50,1.13
2011.05.05 23:40:34.674,1.37105,1.37133,1.50,1.35
2011.05.05 23:40:34.896,1.371,1.37133,1.50,1.35
2011.05.05 23:40:35.449,1.37105,1.37138,1.50,1.50
2011.05.05 23:40:35.788,1.37114,1.37141,1.50,1.50
2011.05.05 23:40:35.897,1.37113,1.37143,2.25,1.35
2011.05.05 23:40:36.007,1.37113,1.37145,2.25,1.35
2011.05.05 23:40:36.115,1.37113,1.37144,2.25,1.35
2011.05.05 23:40:38.275,1.37113,1.37143,2.25,1.35
2011.05.05 23:40:42.806,1.37114,1.37144,2.10,1.50
2011.05.05 23:40:43.334,1.37116,1.37145,1.50,1.50
2011.05.05 23:40:43.666,1.37116,1.37148,1.50,2.10
2011.05.05 23:40:44.136,1.37115,1.37141,1.50,1.35
2011.05.05 23:40:44.466,1.37113,1.37131,1.50,1.50
2011.05.05 23:40:47.946,1.37106,1.37132,1.50,1.50
2011.05.05 23:40:48.166,1.37103,1.37132,2.10,1.50
2011.05.05 23:40:48.277,1.37103,1.37132,2.10,1.50
2011.05.05 23:40:51.965,1.37103,1.37128,1.35,1.50
2011.05.05 23:40:52.803,1.37103,1.37129,2.10,1.50
2011.05.05 23:40:54.768,1.37102,1.37124,1.50,1.35
2011.05.05 23:40:54.878,1.37096,1.37126,1.35,1.50
2011.05.05 23:40:55.193,1.37096,1.37126,2.10,1.50
2011.05.05 23:40:55.310,1.37096,1.37129,2.10,1.50
2011.05.05 23:40:56.438,1.37098,1.37129,1.50,1.50
2011.05.05 23:40:57.745,1.37104,1.37127,1.50,1.50
2011.05.05 23:40:59.118,1.37106,1.37133,1.50,1.50
2011.05.05 23:40:59.338,1.37104,1.37131,1.50,1.50
2011.05.05 23:40:59.665,1.37103,1.37131,1.50,1.50
2011.05.05 23:41:00.250,1.37103,1.37127,1.50,1.50
2011.05.05 23:41:00.587,1.371,1.37127,1.50,1.50
2011.05.05 23:41:00.808,1.37095,1.37122,1.50,1.50
2011.05.05 23:41:01.577,1.37095,1.37122,1.50,1.50
2011.05.05 23:41:01.796,1.37095,1.37122,1.50,1.50
2011.05.05 23:41:02.016,1.37095,1.37122,1.50,1.50
2011.05.05 23:41:02.604,1.37095,1.37122,1.50,1.50
2011.05.05 23:41:05.265,1.37095,1.37123,1.50,1.50
2011.05.05 23:41:05.815,1.37095,1.37122,1.50,1.50
2011.05.05 23:41:05.926,1.37095,1.37124,1.50,1.50
2011.05.05 23:41:06.475,1.37099,1.37122,2.40,1.50
2011.05.05 23:41:07.457,1.371,1.37125,2.40,1.50
2011.05.05 23:41:07.676,1.37102,1.37124,2.40,1.50
2011.05.05 23:41:08.913,1.37102,1.37124,2.40,1.50
2011.05.05 23:41:09.246,1.37102,1.37124,2.40,1.50
2011.05.05 23:41:09.576,1.37101,1.37124,2.40,1.50
2011.05.05 23:41:13.977,1.37103,1.37128,1.13,1.50
2011.05.05 23:41:14.195,1.37105,1.37128,2.40,1.50
2011.05.05 23:41:14.306,1.37105,1.37128,2.40,1.50
2011.05.05 23:41:17.155,1.37105,1.37129,2.40,1.50
2011.05.05 23:41:18.695,1.37105,1.37128,2.40,1.50
2011.05.05 23:41:19.027,1.37112,1.37131,2.40,1.50
2011.05.05 23:41:19.357,1.37116,1.3714,1.73,1.50
2011.05.05 23:41:19.466,1.37119,1.37144,1.35,1.50
2011.05.05 23:41:19.577,1.37119,1.37147,2.10,1.50
2011.05.05 23:41:19.797,1.37119,1.3715,2.10,1.50
2011.05.05 23:41:21.227,1.37125,1.3715,1.73,1.50
2011.05.05 23:41:21.449,1.37134,1.37161,1.50,1.50
2011.05.05 23:41:21.776,1.37134,1.37164,1.50,2.10
2011.05.05 23:41:21.885,1.37134,1.37164,2.25,1.35
2011.05.05 23:41:22.467,1.37139,1.37165,1.73,1.50
2011.05.05 23:41:22.998,1.37145,1.37171,2.40,1.50
2011.05.05 23:41:23.215,1.37145,1.37171,2.40,1.50
2011.05.05 23:41:23.767,1.37145,1.37171,2.40,1.50
2011.05.05 23:41:23.987,1.37143,1.37171,1.50,1.50
2011.05.05 23:41:24.096,1.37143,1.37171,1.50,1.50
2011.05.05 23:41:24.427,1.37141,1.37164,1.50,1.35
2011.05.05 23:41:24.536,1.37138,1.37164,1.50,1.35
2011.05.05 23:41:25.757,1.37141,1.37168,1.50,1.50
2011.05.05 23:41:26.530,1.37142,1.3717,1.50,1.35
2011.05.05 23:41:26.869,1.37147,1.3717,1.13,1.35
2011.05.05 23:41:27.199,1.37158,1.37177,1.50,2.85
2011.05.05 23:41:27.416,1.37158,1.37186,1.50,1.35
2011.05.05 23:41:27.526,1.37156,1.37186,1.50,1.35
2011.05.05 23:41:27.746,1.37157,1.37186,1.50,1.35
2011.05.05 23:41:27.966,1.37157,1.37186,1.50,1.35
2011.05.05 23:41:28.626,1.37156,1.37186,1.50,1.35
2011.05.05 23:41:29.165,1.37156,1.37173,1.50,1.35
2011.05.05 23:41:29.699,1.37147,1.37172,1.50,1.35
2011.05.05 23:41:30.026,1.37148,1.37172,1.50,1.35
2011.05.05 23:41:30.357,1.37148,1.37172,1.50,1.35
2011.05.05 23:41:30.796,1.37148,1.37172,1.50,1.35
2011.05.05 23:41:31.345,1.37145,1.37172,1.50,1.35
2011.05.05 23:41:32.236,1.37143,1.37172,1.50,1.35
2011.05.05 23:41:32.897,1.37143,1.37169,1.50,1.50
2011.05.05 23:41:33.007,1.37145,1.37169,1.50,1.50
2011.05.05 23:41:33.116,1.37145,1.37169,1.50,1.50
2011.05.05 23:41:33.447,1.37144,1.37169,1.50,1.50
2011.05.05 23:41:33.778,1.37137,1.37165,1.50,1.35
2011.05.05 23:41:34.387,1.37137,1.37165,1.50,1.35
2011.05.05 23:41:34.718,1.37138,1.37159,1.50,1.35
2011.05.05 23:41:35.047,1.3713,1.37158,1.50,2.40
2011.05.05 23:41:35.156,1.3713,1.37158,1.50,2.40
2011.05.05 23:41:36.576,1.3713,1.37159,1.50,2.10
2011.05.05 23:41:39.986,1.3713,1.37159,1.50,2.10
2011.05.05 23:41:43.246,1.3713,1.37162,2.10,1.50
2011.05.05 23:41:43.467,1.37132,1.37159,2.40,1.50
2011.05.05 23:41:44.517,1.37134,1.3716,1.50,1.50
2011.05.05 23:41:44.848,1.37134,1.3716,1.50,1.50
2011.05.05 23:41:45.395,1.37134,1.3716,1.50,1.50
2011.05.05 23:41:45.728,1.37135,1.37162,1.50,1.50
2011.05.05 23:41:46.275,1.37135,1.37162,1.50,1.50
2011.05.05 23:41:47.209,1.37135,1.37162,1.50,1.50
2011.05.05 23:41:47.535,1.37135,1.37162,1.50,1.50
2011.05.05 23:41:49.326,1.37135,1.37162,1.50,1.50
2011.05.05 23:41:51.546,1.37133,1.37154,1.50,1.35
2011.05.05 23:41:51.656,1.37133,1.37155,1.50,1.35
2011.05.05 23:41:51.986,1.37129,1.37155,1.50,1.35
2011.05.05 23:41:53.885,1.37129,1.37154,1.50,1.35
2011.05.05 23:41:54.436,1.37129,1.37155,1.50,1.35
2011.05.05 23:41:55.440,1.37129,1.37157,1.50,1.50
2011.05.05 23:41:55.666,1.37133,1.37158,1.50,1.50
2011.05.05 23:41:55.777,1.37133,1.37164,1.50,1.35
2011.05.05 23:41:55.886,1.37133,1.37166,1.50,1.35
2011.05.05 23:41:57.096,1.37136,1.37165,1.50,1.50
2011.05.05 23:41:57.993,1.37136,1.37165,2.25,1.50
2011.05.05 23:41:58.216,1.37136,1.37163,1.50,1.50
2011.05.05 23:41:58.546,1.37136,1.37163,2.25,1.50
2011.05.05 23:42:00.236,1.37137,1.37164,1.50,2.40
2011.05.05 23:42:00.785,1.37136,1.37164,1.50,1.50
2011.05.05 23:42:04.096,1.37138,1.37166,1.50,2.10
2011.05.05 23:42:05.467,1.37138,1.37169,2.10,1.50
2011.05.05 23:42:06.015,1.37141,1.37168,1.50,1.50
2011.05.05 23:42:06.317,1.37141,1.37167,1.50,1.50
2011.05.05 23:42:06.646,1.37141,1.37167,1.50,1.50
2011.05.05 23:42:07.246,1.37141,1.37167,1.50,1.50
2011.05.05 23:42:08.267,1.37141,1.37167,1.50,1.50
2011.05.05 23:42:08.596,1.37142,1.3717,1.50,1.50
2011.05.05 23:42:12.816,1.37142,1.3717,1.50,1.50
2011.05.05 23:42:13.036,1.37146,1.37169,1.50,1.50
2011.05.05 23:42:13.366,1.37145,1.37169,1.50,1.50
2011.05.05 23:42:13.587,1.37146,1.37174,1.50,2.10
2011.05.05 23:42:13.915,1.37146,1.37174,1.50,2.10
2011.05.05 23:42:14.384,1.37146,1.37174,1.50,2.10
2011.05.05 23:42:15.214,1.37143,1.37167,1.50,1.35
2011.05.05 23:42:15.881,1.37144,1.37168,1.50,1.35
2011.05.05 23:42:20.716,1.37144,1.37167,1.50,1.35
2011.05.05 23:42:20.936,1.3714,1.37166,1.50,2.40
2011.05.05 23:42:22.125,1.37143,1.3717,1.50,1.35
2011.05.05 23:42:22.345,1.37143,1.37169,1.50,1.35
2011.05.05 23:42:23.624,1.37143,1.37171,1.50,2.10
2011.05.05 23:42:23.847,1.37143,1.37171,1.50,1.50
2011.05.05 23:42:24.395,1.37146,1.37171,1.50,1.50
2011.05.05 23:42:24.618,1.37146,1.37174,1.50,2.10
2011.05.05 23:42:24.947,1.37146,1.37174,1.50,2.10
2011.05.05 23:42:25.058,1.37146,1.37174,1.50,1.35
2011.05.05 23:42:25.385,1.37149,1.37177,1.50,1.35
2011.05.05 23:42:25.495,1.37149,1.37178,1.50,1.50
2011.05.05 23:42:31.776,1.37149,1.37178,1.50,1.50
2011.05.05 23:42:33.383,1.37149,1.37174,1.50,1.35
2011.05.05 23:42:35.606,1.37151,1.37178,1.50,2.85
2011.05.05 23:42:35.936,1.37146,1.37173,1.50,1.35
2011.05.05 23:42:36.046,1.37145,1.37173,1.50,1.35
2011.05.05 23:42:36.595,1.37145,1.37172,1.50,1.50
2011.05.05 23:42:37.146,1.3714,1.37168,1.50,2.10
2011.05.05 23:42:38.636,1.3714,1.37167,1.50,2.40
2011.05.05 23:42:38.747,1.37137,1.37168,1.50,2.10
2011.05.05 23:42:38.965,1.37137,1.37168,2.25,2.10
2011.05.05 23:42:39.795,1.37139,1.37168,1.50,2.10
2011.05.05 23:42:41.016,1.37141,1.37167,1.50,1.50
2011.05.05 23:42:41.345,1.37143,1.37171,1.50,1.50
2011.05.05 23:42:41.895,1.37147,1.37171,1.50,1.50
2011.05.05 23:42:42.316,1.37147,1.37171,1.50,1.50
2011.05.05 23:42:42.695,1.37147,1.37171,1.50,1.50
2011.05.05 23:42:43.765,1.37147,1.37171,1.50,1.50
2011.05.05 23:42:43.985,1.37147,1.37171,1.50,1.50
2011.05.05 23:42:44.326,1.37147,1.37171,1.50,1.50
2011.05.05 23:42:44.549,1.37147,1.37174,1.50,2.10
2011.05.05 23:42:44.767,1.37147,1.37174,1.50,1.35
2011.05.05 23:42:44.876,1.37148,1.37174,1.50,1.35
2011.05.05 23:42:46.995,1.37148,1.37174,2.25,1.35
2011.05.05 23:42:51.466,1.37153,1.37178,1.50,1.50
2011.05.05 23:42:51.795,1.37154,1.37183,1.50,1.50
2011.05.05 23:42:54.506,1.37162,1.37184,2.40,1.35
2011.05.05 23:42:55.056,1.37159,1.37184,1.50,1.35
2011.05.05 23:42:56.646,1.37158,1.37186,1.50,1.50
2011.05.05 23:42:57.086,1.37158,1.37185,1.50,1.35
2011.05.05 23:42:57.306,1.37154,1.37182,1.50,1.35
2011.05.05 23:42:57.526,1.37154,1.37179,1.50,1.35
2011.05.05 23:42:57.636,1.37154,1.37179,1.50,1.35
2011.05.05 23:42:58.727,1.37151,1.37179,2.25,2.10
2011.05.05 23:42:58.836,1.37152,1.37179,1.50,1.35
2011.05.05 23:42:59.167,1.37156,1.37185,2.40,1.35
2011.05.05 23:42:59.385,1.37156,1.37184,2.40,1.50
2011.05.05 23:42:59.827,1.37156,1.37184,3.90,1.50
2011.05.05 23:43:00.371,1.37158,1.37184,1.50,1.50
2011.05.05 23:43:01.416,1.37157,1.37178,1.50,1.35
2011.05.05 23:43:01.638,1.3715,1.37178,1.50,2.10
2011.05.05 23:43:01.746,1.37147,1.37173,2.25,1.35
2011.05.05 23:43:02.275,1.37148,1.37173,1.50,1.35
2011.05.05 23:43:03.287,1.37148,1.37172,1.50,1.35
2011.05.05 23:43:03.616,1.37148,1.37171,1.50,1.35
2011.05.05 23:43:03.945,1.37145,1.37172,1.50,1.35
2011.05.05 23:43:10.255,1.37145,1.37171,1.50,1.35
2011.05.05 23:43:14.485,1.37145,1.37173,1.50,2.10
2011.05.05 23:43:17.265,1.37145,1.37173,1.50,1.50
2011.05.05 23:43:17.485,1.37148,1.37173,1.50,1.50
2011.05.05 23:43:17.595,1.3715,1.37177,1.50,1.35
2011.05.05 23:43:19.025,1.37151,1.3718,1.50,1.35
2011.05.05 23:43:19.136,1.37151,1.37178,3.90,1.35
2011.05.05 23:43:19.687,1.37158,1.37182,1.50,1.35
2011.05.05 23:43:22.046,1.37157,1.37182,1.50,1.35
2011.05.05 23:43:22.157,1.37157,1.37182,1.50,1.35
2011.05.05 23:43:22.956,1.37157,1.37177,1.50,1.35
2011.05.05 23:43:23.176,1.37157,1.37177,1.50,1.35
2011.05.05 23:43:23.395,1.37152,1.37177,1.50,1.35
2011.05.05 23:43:23.508,1.37155,1.37177,1.50,1.35
2011.05.05 23:43:24.058,1.37157,1.37183,1.50,2.10
2011.05.05 23:43:24.496,1.37162,1.37192,1.50,2.10
2011.05.05 23:43:24.935,1.37168,1.37192,1.50,1.35
2011.05.05 23:43:25.281,1.37169,1.37195,1.50,2.10
2011.05.05 23:43:25.399,1.37168,1.37189,1.50,1.35
2011.05.05 23:43:25.508,1.37163,1.37189,2.25,1.35
2011.05.05 23:43:25.946,1.37163,1.37191,1.50,1.35
2011.05.05 23:43:26.056,1.37163,1.37188,1.50,2.10
2011.05.05 23:43:26.387,1.37164,1.37194,1.50,1.35
2011.05.05 23:43:28.915,1.37171,1.37194,1.65,1.35
2011.05.05 23:43:29.248,1.37171,1.37193,2.40,1.35
2011.05.05 23:43:29.576,1.37166,1.37192,1.50,1.35
2011.05.05 23:43:29.687,1.37166,1.37193,1.50,1.35
2011.05.05 23:43:30.226,1.37166,1.37197,1.50,1.35
2011.05.05 23:43:30.336,1.37166,1.37195,1.50,1.35
2011.05.05 23:43:30.666,1.37167,1.37191,1.50,1.35
2011.05.05 23:43:30.996,1.37163,1.37194,1.50,1.35
2011.05.05 23:43:32.162,1.37163,1.37196,2.10,1.50
2011.05.05 23:43:32.280,1.37163,1.37192,1.50,1.35
2011.05.05 23:43:33.128,1.37164,1.3719,1.50,1.50
2011.05.05 23:43:33.346,1.37164,1.37192,1.50,1.35
2011.05.05 23:43:34.364,1.37164,1.3719,1.50,1.50
2011.05.05 23:43:34.696,1.37168,1.37192,1.50,1.35
2011.05.05 23:43:39.975,1.37168,1.37196,1.50,3.75
2011.05.05 23:43:41.736,1.3717,1.37199,2.25,2.10
2011.05.05 23:43:42.286,1.37171,1.37199,1.50,2.10
2011.05.05 23:43:47.075,1.37172,1.37199,1.50,2.10
2011.05.05 23:43:47.428,1.37171,1.37199,1.50,2.10
2011.05.05 23:43:47.757,1.37175,1.37199,1.50,1.35
2011.05.05 23:43:48.087,1.37174,1.37199,1.50,3.00
2011.05.05 23:43:48.416,1.37174,1.37199,1.50,1.35
2011.05.05 23:43:50.088,1.37175,1.37199,1.50,1.35
2011.05.05 23:43:50.526,1.37179,1.37205,1.50,1.35
2011.05.05 23:43:50.856,1.37179,1.37205,1.50,1.35
2011.05.05 23:43:52.050,1.37186,1.37217,2.40,1.35
2011.05.05 23:43:52.281,1.3719,1.37209,1.50,1.35
2011.05.05 23:43:52.397,1.37187,1.37209,1.50,1.35
2011.05.05 23:43:52.618,1.3719,1.3722,1.13,1.35
2011.05.05 23:43:53.716,1.37198,1.3722,1.50,1.35
2011.05.05 23:44:30.807,1.37198,1.37222,1.50,1.35
2011.05.05 23:44:31.138,1.37201,1.37219,1.50,1.35
2011.05.05 23:44:31.357,1.37201,1.37219,1.50,1.35
2011.05.05 23:44:31.466,1.37201,1.37224,1.50,2.85
2011.05.05 23:44:33.566,1.37201,1.37219,1.50,1.35
2011.05.05 23:44:34.007,1.37201,1.37224,1.50,2.85
2011.05.05 23:44:35.690,1.37201,1.37222,1.50,1.35
2011.05.05 23:44:36.355,1.37201,1.37221,1.50,1.35
2011.05.05 23:44:37.536,1.37201,1.37221,1.50,1.35
2011.05.05 23:44:37.756,1.37201,1.37221,1.50,1.35
2011.05.05 23:44:38.087,1.37201,1.37224,1.50,1.35
2011.05.05 23:44:39.376,1.37201,1.37221,1.50,1.35
2011.05.05 23:44:41.065,1.37201,1.37221,1.50,1.35
2011.05.05 23:44:42.388,1.37201,1.37221,1.50,1.35
2011.05.05 23:44:42.717,1.37198,1.37221,1.50,1.35
2011.05.05 23:44:44.587,1.37198,1.37218,1.50,1.35
2011.05.05 23:44:46.801,1.37198,1.37221,1.50,1.35
2011.05.05 23:44:47.138,1.37198,1.37221,1.50,1.35
2011.05.05 23:44:48.587,1.37198,1.37221,1.50,1.35
2011.05.05 23:44:49.986,1.37198,1.37221,1.50,1.35
2011.05.05 23:44:53.486,1.37201,1.37227,1.50,1.35
2011.05.05 23:45:00.568,1.37201,1.37227,1.50,1.35
2011.05.05 23:45:01.231,1.37201,1.37227,1.50,1.35
2011.05.05 23:45:01.677,1.37201,1.37227,1.50,1.35
2011.05.05 23:45:01.896,1.37201,1.37227,1.50,1.35
2011.05.05 23:45:07.416,1.37201,1.37227,1.50,1.35
2011.05.05 23:45:07.966,1.37201,1.37227,1.50,1.35
2011.05.05 23:45:08.437,1.37198,1.37226,1.50,1.50
2011.05.05 23:45:18.203,1.37198,1.37226,1.50,3.15
2011.05.05 23:45:20.406,1.37198,1.37226,1.50,3.15
2011.05.05 23:45:21.285,1.37198,1.37226,1.50,3.15
2011.05.05 23:45:21.506,1.37198,1.37226,1.50,3.15
2011.05.05 23:45:22.447,1.37198,1.37225,1.50,1.50
2011.05.05 23:45:22.788,1.37198,1.37217,1.50,2.40
2011.05.05 23:45:23.446,1.37198,1.37217,1.50,2.40
2011.05.05 23:45:24.666,1.37193,1.37217,1.50,2.40
2011.05.05 23:45:25.686,1.37193,1.37218,1.50,1.35
2011.05.05 23:45:25.908,1.37199,1.37223,1.65,1.50
2011.05.05 23:45:26.128,1.37205,1.37229,1.50,1.35
2011.05.05 23:45:26.676,1.37205,1.37229,1.50,1.35
2011.05.05 23:45:27.456,1.37201,1.37229,1.50,2.10
2011.05.05 23:45:30.276,1.37201,1.37224,1.50,1.35
2011.05.05 23:45:30.615,1.37201,1.37223,1.50,1.35
2011.05.05 23:45:33.487,1.37199,1.37223,1.50,1.35
2011.05.05 23:45:36.496,1.37198,1.37223,1.50,1.35
2011.05.05 23:45:38.816,1.37198,1.37223,1.50,1.35
2011.05.05 23:45:40.006,1.37198,1.37223,1.50,1.35
2011.05.05 23:45:43.569,1.37193,1.37223,1.50,2.10
2011.05.05 23:45:43.679,1.37193,1.37223,2.25,2.10
2011.05.05 23:45:44.356,1.37193,1.3722,2.25,1.13
2011.05.05 23:45:44.687,1.37184,1.37206,1.50,1.35
2011.05.05 23:45:44.796,1.37183,1.37206,1.50,1.35
2011.05.05 23:45:44.906,1.37181,1.37206,1.50,1.35
2011.05.05 23:45:47.206,1.3718,1.37206,1.50,1.35
2011.05.05 23:45:48.349,1.3718,1.37197,1.50,1.35
2011.05.05 23:45:48.791,1.37178,1.37197,1.50,1.35
2011.05.05 23:45:48.907,1.3718,1.37198,1.50,1.35
2011.05.05 23:45:49.127,1.37175,1.37198,1.50,1.35
2011.05.05 23:45:50.457,1.37175,1.37204,1.50,3.15
2011.05.05 23:45:50.566,1.37175,1.37205,1.50,2.10
2011.05.05 23:45:50.897,1.3718,1.37205,1.50,1.35
2011.05.05 23:45:51.336,1.37183,1.37205,2.25,1.35
2011.05.05 23:45:51.885,1.37183,1.37205,1.50,1.35
2011.05.05 23:45:52.216,1.3718,1.37205,1.50,1.35
2011.05.05 23:45:53.170,1.3718,1.37206,1.50,3.00
2011.05.05 23:45:54.167,1.37183,1.37213,2.25,1.35
2011.05.05 23:45:54.498,1.37183,1.37211,1.50,1.35
2011.05.05 23:45:54.606,1.37181,1.37211,1.50,3.75
2011.05.05 23:45:54.936,1.37182,1.37208,1.50,1.50
2011.05.05 23:45:55.268,1.37184,1.37211,1.50,1.35
2011.05.05 23:45:55.376,1.37184,1.37211,2.25,1.35
2011.05.05 23:45:55.986,1.37185,1.37211,1.50,1.35
2011.05.05 23:45:56.324,1.37188,1.37211,1.50,1.35
2011.05.05 23:45:58.586,1.37185,1.37211,1.50,1.35
2011.05.05 23:45:59.508,1.37185,1.37211,1.50,1.35
2011.05.05 23:46:00.235,1.37185,1.37211,1.50,1.35
2011.05.05 23:46:00.677,1.37185,1.37211,1.50,1.35
2011.05.05 23:46:01.179,1.37185,1.37211,1.50,1.35
2011.05.05 23:46:02.385,1.37185,1.37211,1.50,1.35
2011.05.05 23:46:02.605,1.37185,1.37211,1.50,1.35
2011.05.05 23:46:02.937,1.37185,1.37203,1.50,1.35
2011.05.05 23:46:03.047,1.37179,1.37209,1.50,2.85
2011.05.05 23:46:03.706,1.37176,1.37204,1.50,1.35
2011.05.05 23:46:04.146,1.37175,1.3721,1.50,1.35
2011.05.05 23:46:04.437,1.37175,1.3721,1.50,1.35
2011.05.05 23:46:05.238,1.37183,1.37211,1.13,1.50
2011.05.05 23:46:05.349,1.37188,1.37216,1.50,2.40
2011.05.05 23:46:05.569,1.37187,1.3721,1.50,1.35
2011.05.05 23:46:05.895,1.37186,1.3721,1.50,1.35
2011.05.05 23:46:06.226,1.37185,1.3721,1.50,1.35
2011.05.05 23:46:06.736,1.37184,1.37211,1.50,1.35
2011.05.05 23:46:06.848,1.37186,1.37213,1.50,1.35
2011.05.05 23:46:06.959,1.37186,1.37213,2.25,1.35
2011.05.05 23:46:07.289,1.37189,1.37213,1.50,1.35
2011.05.05 23:46:07.505,1.37186,1.37213,1.50,1.35
2011.05.05 23:46:09.609,1.37189,1.37213,1.50,1.35
2011.05.05 23:46:10.737,1.37189,1.37213,1.50,1.35
2011.05.05 23:46:11.305,1.37189,1.37213,1.50,1.35
2011.05.05 23:46:11.838,1.37189,1.37215,1.50,1.35
2011.05.05 23:46:12.278,1.37193,1.3722,1.50,1.50
2011.05.05 23:46:12.498,1.37192,1.37222,3.15,1.35
2011.05.05 23:46:13.049,1.37198,1.37227,1.50,1.50
2011.05.05 23:46:13.376,1.37198,1.37227,1.50,1.50
2011.05.05 23:46:13.926,1.37203,1.37229,1.50,1.35
2011.05.05 23:46:14.587,1.37205,1.37229,1.50,1.35
2011.05.05 23:46:14.916,1.37205,1.37229,1.50,1.35
2011.05.05 23:46:15.137,1.372,1.37229,1.50,1.35
2011.05.05 23:46:15.466,1.37201,1.37229,1.50,1.35
2011.05.05 23:46:16.585,1.372,1.37229,1.50,1.35
2011.05.05 23:46:17.246,1.37198,1.37222,1.50,1.35
2011.05.05 23:46:20.857,1.37199,1.37222,1.50,1.35
2011.05.05 23:46:21.587,1.37199,1.37222,1.50,1.35
2011.05.05 23:46:27.306,1.37199,1.37222,1.50,1.35
2011.05.05 23:46:27.636,1.37199,1.37222,1.50,1.35
2011.05.05 23:46:27.966,1.37202,1.37222,1.50,1.35
2011.05.05 23:46:28.826,1.37204,1.37227,1.50,1.35
2011.05.05 23:46:29.046,1.37204,1.3723,1.50,1.50
2011.05.05 23:46:31.856,1.37205,1.3723,2.40,1.50
2011.05.05 23:46:32.886,1.37205,1.37232,3.15,1.35
2011.05.05 23:46:33.107,1.37205,1.3723,2.40,1.50
2011.05.05 23:46:33.326,1.37203,1.3723,1.50,1.50
2011.05.05 23:46:33.658,1.372,1.37227,1.50,1.50
2011.05.05 23:46:35.953,1.37203,1.37226,1.50,1.35
2011.05.05 23:46:36.189,1.37203,1.37229,1.50,2.40
2011.05.05 23:46:36.406,1.37203,1.37233,1.50,1.35
2011.05.05 23:46:37.476,1.37206,1.37233,1.50,1.35
2011.05.05 23:46:41.395,1.37206,1.3723,1.50,2.85
2011.05.05 23:46:41.728,1.37207,1.3723,1.50,3.75
2011.05.05 23:46:41.946,1.37206,1.3723,1.50,2.85
2011.05.05 23:46:49.938,1.37199,1.37219,1.50,1.35
2011.05.05 23:46:50.157,1.37195,1.37219,1.50,1.35
2011.05.05 23:46:50.707,1.37197,1.37219,1.50,1.35
2011.05.05 23:46:51.039,1.37198,1.37228,1.50,1.35
2011.05.05 23:46:51.585,1.37201,1.37229,1.50,1.35
2011.05.05 23:46:52.029,1.37201,1.37223,1.50,1.35
2011.05.05 23:46:52.586,1.37199,1.37223,1.50,1.35
2011.05.05 23:46:53.247,1.37197,1.37223,1.50,1.35
2011.05.05 23:46:53.467,1.37194,1.37223,2.25,1.35
2011.05.05 23:46:56.377,1.37194,1.37223,1.50,1.35
2011.05.05 23:46:56.926,1.37194,1.37223,1.50,1.35
2011.05.05 23:47:00.056,1.37194,1.37223,1.50,1.35
2011.05.05 23:47:00.606,1.37193,1.3722,1.50,1.50
2011.05.05 23:47:02.907,1.37193,1.3722,1.50,1.50
2011.05.05 23:47:03.017,1.37193,1.3722,3.15,1.50
2011.05.05 23:47:03.346,1.37193,1.37219,1.50,1.35
2011.05.05 23:47:05.070,1.37193,1.37219,1.50,1.35
2011.05.05 23:47:05.857,1.37193,1.37219,1.50,1.35
2011.05.05 23:47:07.518,1.37191,1.37219,1.50,1.35
2011.05.05 23:47:07.847,1.37188,1.37212,1.50,1.35
2011.05.05 23:47:08.396,1.3719,1.37212,1.50,1.35
2011.05.05 23:47:08.836,1.37191,1.37217,1.50,1.50
2011.05.05 23:47:09.317,1.37192,1.37218,1.50,1.35
2011.05.05 23:47:09.537,1.37193,1.3722,3.15,1.50
2011.05.05 23:47:09.755,1.37196,1.37224,1.50,1.50
2011.05.05 23:47:10.257,1.37196,1.37224,1.50,1.50
2011.05.05 23:47:10.366,1.372,1.37225,1.50,1.35
2011.05.05 23:47:10.807,1.37199,1.37225,1.50,1.35
2011.05.05 23:47:11.138,1.37196,1.37223,1.50,2.40
2011.05.05 23:47:12.688,1.37191,1.37214,1.50,1.35
2011.05.05 23:47:13.296,1.37191,1.37214,1.50,1.35
2011.05.05 23:47:15.188,1.37199,1.37222,1.50,1.50
2011.05.05 23:47:15.516,1.37198,1.37225,1.50,1.35
2011.05.05 23:47:15.847,1.37201,1.37215,1.50,1.35
2011.05.05 23:47:16.175,1.37194,1.37215,1.50,1.35
2011.05.05 23:47:17.057,1.37194,1.37218,1.50,2.40
2011.05.05 23:47:17.927,1.37194,1.37212,1.50,1.35
2011.05.05 23:47:18.255,1.3719,1.37212,1.50,1.35
2011.05.05 23:47:18.634,1.37189,1.37212,2.25,1.35
2011.05.05 23:47:19.166,1.37189,1.37212,1.50,1.35
2011.05.05 23:47:20.560,1.37189,1.37212,1.50,1.35
2011.05.05 23:47:22.179,1.37189,1.37212,1.50,1.35
2011.05.05 23:47:30.937,1.37192,1.37217,1.50,2.40
2011.05.05 23:47:31.160,1.37193,1.37219,1.50,1.35
2011.05.05 23:47:31.487,1.37191,1.37217,1.50,2.40
2011.05.05 23:47:31.596,1.37191,1.37219,1.50,1.35
2011.05.05 23:47:31.817,1.37191,1.37219,1.50,1.35
2011.05.05 23:47:32.788,1.37193,1.37223,2.10,2.40
2011.05.05 23:47:32.898,1.37198,1.37223,1.50,2.40
2011.05.05 23:47:33.227,1.37198,1.37225,1.50,1.50
2011.05.05 23:47:33.658,1.37198,1.37225,1.50,1.50
2011.05.05 23:47:34.536,1.37194,1.37219,1.50,1.35
2011.05.05 23:47:34.646,1.37194,1.37219,1.50,1.35
2011.05.05 23:47:34.976,1.37194,1.37219,1.50,1.35
2011.05.05 23:47:37.146,1.37194,1.37219,1.50,1.35
2011.05.05 23:47:38.868,1.37194,1.37219,1.50,1.35
2011.05.05 23:47:40.236,1.37194,1.37212,1.50,1.35
2011.05.05 23:47:40.347,1.37193,1.37212,1.50,1.35
2011.05.05 23:47:40.457,1.37192,1.37212,1.50,1.35
2011.05.05 23:47:44.996,1.37192,1.37212,1.50,1.35
2011.05.05 23:47:45.722,1.37192,1.37212,1.50,1.35
2011.05.05 23:47:45.947,1.37186,1.37207,1.50,1.35
2011.05.05 23:47:46.521,1.37186,1.37207,1.50,1.35
2011.05.05 23:47:46.638,1.37181,1.37207,1.50,3.00
2011.05.05 23:47:46.749,1.37179,1.372,1.50,1.35
2011.05.05 23:47:46.860,1.37179,1.372,1.50,1.35
2011.05.05 23:47:47.188,1.37176,1.372,1.50,1.35
2011.05.05 23:47:47.296,1.37174,1.37204,1.50,1.35
2011.05.05 23:47:48.088,1.37174,1.37206,1.50,1.50
2011.05.05 23:47:48.307,1.37177,1.37206,1.50,1.50
2011.05.05 23:47:48.966,1.37182,1.37208,1.50,1.35
2011.05.05 23:47:49.977,1.37182,1.37202,1.50,1.65
2011.05.05 23:47:50.306,1.37182,1.37206,1.50,1.50
2011.05.05 23:47:50.636,1.37182,1.37209,1.50,1.50
2011.05.05 23:47:50.746,1.37189,1.37216,1.50,2.40
2011.05.05 23:47:51.711,1.37189,1.37216,1.50,2.40
2011.05.05 23:47:52.050,1.3719,1.37216,1.50,2.40
2011.05.05 23:47:52.596,1.37185,1.37213,1.50,1.50
2011.05.05 23:47:54.786,1.37185,1.37209,1.50,1.35
2011.05.05 23:47:55.007,1.37185,1.37208,1.50,1.35
2011.05.05 23:47:55.821,1.37185,1.37208,1.50,1.35
2011.05.05 23:47:56.158,1.37191,1.37213,1.50,1.50
2011.05.05 23:47:56.488,1.37196,1.37219,1.50,1.35
2011.05.05 23:47:58.336,1.37195,1.37221,1.50,2.40
2011.05.05 23:47:58.666,1.37195,1.37224,1.50,1.35
2011.05.05 23:47:59.856,1.37195,1.37224,1.50,1.35
2011.05.05 23:48:00.296,1.37195,1.37219,1.50,1.35
2011.05.05 23:48:00.846,1.37195,1.37219,1.50,1.35
2011.05.05 23:48:02.266,1.37195,1.37219,1.50,1.35
2011.05.05 23:48:02.487,1.37188,1.37217,1.50,1.50
2011.05.05 23:48:02.816,1.37186,1.37212,1.50,1.35
2011.05.05 23:48:03.365,1.37186,1.37213,1.50,1.35
2011.05.05 23:48:03.806,1.37187,1.37217,1.50,1.50
2011.05.05 23:48:04.236,1.37187,1.37217,1.50,1.50
2011.05.05 23:48:05.128,1.37187,1.3721,1.50,1.35
2011.05.05 23:48:05.349,1.37183,1.3721,1.50,1.35
2011.05.05 23:48:06.308,1.37184,1.37213,1.50,1.50
2011.05.05 23:48:06.420,1.37183,1.37213,1.50,2.85
2011.05.05 23:48:06.756,1.3718,1.37207,1.50,3.00
2011.05.05 23:48:06.868,1.3718,1.37207,2.25,1.35
2011.05.05 23:48:08.206,1.3718,1.37207,1.50,1.35
2011.05.05 23:48:08.317,1.37177,1.37205,2.25,1.50
2011.05.05 23:48:08.536,1.37179,1.37205,1.50,1.50
2011.05.05 23:48:09.086,1.37177,1.37205,1.50,1.50
2011.05.05 23:48:10.948,1.37177,1.37205,1.50,2.10
2011.05.05 23:48:13.586,1.37179,1.37206,1.50,1.50
2011.05.05 23:48:14.152,1.37182,1.37209,1.50,1.50
2011.05.05 23:48:14.676,1.37182,1.37209,1.50,1.50
2011.05.05 23:48:15.007,1.37185,1.37209,1.50,1.50
2011.05.05 23:48:16.463,1.37184,1.37205,1.50,1.35
2011.05.05 23:48:16.797,1.37175,1.37205,1.50,3.00
2011.05.05 23:48:17.018,1.37172,1.37203,2.25,1.50
2011.05.05 23:48:17.347,1.37176,1.37205,1.50,1.35
2011.05.05 23:48:17.567,1.37176,1.37205,1.50,1.35
2011.05.05 23:48:20.076,1.37176,1.37205,1.50,1.35
2011.05.05 23:48:21.318,1.37176,1.37204,1.50,2.40
2011.05.05 23:48:21.645,1.37172,1.37199,2.25,2.40
2011.05.05 23:48:22.168,1.37172,1.37195,1.50,1.35
2011.05.05 23:48:22.386,1.37172,1.37195,1.50,1.35
2011.05.05 23:48:22.497,1.37167,1.37195,2.25,2.10
2011.05.05 23:48:22.826,1.37166,1.37195,1.50,2.10
2011.05.05 23:48:23.045,1.37165,1.37195,1.50,2.10
2011.05.05 23:48:24.856,1.37167,1.37195,1.50,1.35
2011.05.05 23:48:25.077,1.37169,1.372,2.10,1.50
2011.05.05 23:48:26.336,1.37169,1.372,2.10,1.50
2011.05.05 23:48:26.667,1.37166,1.3719,1.50,1.50
2011.05.05 23:48:27.087,1.37166,1.37189,1.50,1.35
2011.05.05 23:48:27.198,1.37166,1.37189,1.50,1.35
2011.05.05 23:48:37.046,1.37164,1.37187,1.50,2.40
2011.05.05 23:48:37.266,1.37165,1.37187,1.50,1.65
2011.05.05 23:48:38.013,1.37165,1.37189,1.50,1.35
2011.05.05 23:48:41.000,1.37165,1.37181,1.50,1.65
2011.05.05 23:48:41.229,1.37158,1.37183,2.25,1.50
2011.05.05 23:48:41.667,1.37161,1.37185,1.50,1.35
2011.05.05 23:48:42.283,1.37162,1.37187,1.50,1.35
2011.05.05 23:48:50.846,1.37161,1.37185,1.50,1.35
2011.05.05 23:48:51.066,1.37159,1.37182,1.50,2.40
2011.05.05 23:48:51.616,1.37157,1.37183,1.50,2.40
2011.05.05 23:48:53.977,1.37157,1.37178,1.50,1.88
2011.05.05 23:48:54.308,1.37145,1.37171,1.50,3.00
2011.05.05 23:48:54.527,1.37145,1.37177,3.15,1.35
2011.05.05 23:48:54.855,1.37145,1.37177,3.15,1.35
2011.05.05 23:48:55.076,1.37145,1.37177,3.15,2.10
2011.05.05 23:49:00.138,1.37144,1.37162,1.50,1.35
2011.05.05 23:49:00.356,1.37133,1.3716,1.50,1.50
2011.05.05 23:49:00.466,1.37133,1.37158,1.50,1.50
2011.05.05 23:49:01.316,1.37128,1.37159,1.35,1.50
2011.05.05 23:49:01.758,1.37128,1.37158,1.35,1.50
2011.05.05 23:49:02.514,1.37128,1.37159,2.10,1.50
2011.05.05 23:49:02.776,1.37128,1.37157,2.10,1.50
2011.05.05 23:49:03.106,1.37132,1.3716,1.50,1.50
2011.05.05 23:49:03.327,1.37138,1.37165,1.35,2.40
2011.05.05 23:49:03.437,1.37141,1.37171,1.50,2.40
2011.05.05 23:49:03.658,1.37148,1.37175,1.50,1.35
2011.05.05 23:49:03.877,1.3715,1.37182,1.35,1.50
2011.05.05 23:49:04.316,1.37153,1.37189,1.35,1.35
2011.05.05 23:49:05.528,1.37152,1.37167,2.25,2.10
2011.05.05 23:49:05.746,1.37139,1.37161,1.13,1.35
2011.05.05 23:49:06.627,1.37118,1.3715,1.50,1.35
2011.05.05 23:49:06.740,1.37116,1.37148,1.50,2.10
2011.05.05 23:49:06.858,1.37114,1.37145,1.50,1.35
2011.05.05 23:49:06.967,1.37113,1.37146,1.50,1.35
2011.05.05 23:49:07.188,1.37116,1.3715,1.35,1.35
2011.05.05 23:49:07.410,1.37116,1.3715,1.35,1.35
2011.05.05 23:49:07.516,1.37114,1.37146,1.50,1.35
2011.05.05 23:49:07.846,1.37114,1.37144,1.50,1.35
2011.05.05 23:49:08.177,1.37114,1.37149,1.50,1.88
2011.05.05 23:49:08.288,1.37117,1.37154,3.00,2.40
2011.05.05 23:49:08.509,1.37119,1.3715,2.25,1.35
2011.05.05 23:49:08.729,1.37119,1.37153,1.50,2.78
2011.05.05 23:49:09.632,1.37139,1.37167,1.50,1.13
2011.05.05 23:49:15.466,1.37139,1.37169,1.50,1.50
2011.05.05 23:49:19.256,1.37139,1.37166,1.50,1.50
2011.05.05 23:49:20.837,1.37146,1.37177,1.35,1.50
2011.05.05 23:49:20.946,1.37146,1.37179,1.35,2.25
2011.05.05 23:49:21.386,1.37142,1.3718,2.10,1.35
2011.05.05 23:49:21.499,1.37146,1.3718,1.35,1.35
2011.05.05 23:49:21.607,1.37147,1.3718,2.40,1.35
2011.05.05 23:49:21.826,1.37147,1.3718,2.40,1.35
2011.05.05 23:49:22.876,1.37152,1.37187,1.35,1.13
2011.05.05 23:49:23.631,1.37152,1.37186,1.35,1.50
2011.05.05 23:49:27.076,1.37152,1.3718,1.35,1.50
2011.05.05 23:49:27.297,1.37149,1.37178,1.50,2.40
2011.05.05 23:49:27.516,1.37149,1.37176,1.50,1.50
2011.05.05 23:49:28.756,1.37149,1.37179,1.50,1.35
2011.05.05 23:49:30.037,1.37149,1.37179,1.50,1.35
2011.05.05 23:49:34.017,1.37149,1.37173,1.50,1.35
2011.05.05 23:49:34.826,1.37148,1.37174,1.50,2.25
2011.05.05 23:49:44.827,1.37148,1.37174,1.50,3.00
2011.05.05 23:49:45.568,1.37148,1.37175,1.50,2.40
2011.05.05 23:49:46.836,1.37152,1.37179,1.50,3.75
2011.05.05 23:49:49.568,1.37152,1.37176,1.50,2.10
2011.05.05 23:49:50.007,1.37145,1.37173,1.50,1.35
2011.05.05 23:49:50.227,1.37144,1.37173,1.50,1.35
2011.05.05 23:49:50.636,1.37142,1.37172,1.50,2.10
2011.05.05 23:49:51.154,1.37142,1.37172,1.50,1.35
2011.05.05 23:49:51.268,1.37145,1.37174,1.50,2.25
2011.05.05 23:49:57.888,1.37146,1.37175,1.35,3.15
2011.05.05 23:49:58.107,1.37147,1.37175,1.50,1.50
2011.05.05 23:49:58.733,1.3715,1.37178,1.50,1.50
2011.05.05 23:50:01.258,1.37148,1.37175,1.50,1.65
2011.05.05 23:50:01.917,1.37148,1.37175,1.50,2.25
2011.05.05 23:50:07.556,1.3715,1.37175,1.50,2.25
2011.05.05 23:50:07.887,1.37154,1.37174,1.50,1.35
2011.05.05 23:50:10.018,1.37152,1.37174,1.50,1.35
2011.05.05 23:50:15.576,1.37154,1.37175,1.50,2.25
2011.05.05 23:50:15.798,1.37154,1.37174,1.50,1.35
2011.05.05 23:50:16.129,1.37157,1.37184,1.50,2.10
2011.05.05 23:50:16.678,1.37157,1.37187,1.50,2.25
2011.05.05 23:50:16.787,1.37159,1.37187,1.50,2.25
2011.05.05 23:50:18.316,1.37162,1.37187,1.50,2.40
2011.05.05 23:50:18.757,1.37167,1.37194,1.50,2.40
2011.05.05 23:50:18.976,1.3717,1.37197,1.50,1.35
2011.05.05 23:50:21.656,1.37171,1.37197,1.50,1.35
2011.05.05 23:50:21.986,1.37174,1.37203,1.50,1.50
2011.05.05 23:50:22.316,1.37177,1.37203,1.50,1.50
2011.05.05 23:50:22.537,1.37175,1.37198,1.50,1.35
2011.05.05 23:50:22.648,1.37164,1.37193,1.50,1.35
2011.05.05 23:50:25.887,1.37168,1.37196,1.50,1.35
2011.05.05 23:50:29.467,1.37168,1.37193,1.50,1.35
2011.05.05 23:50:30.827,1.37165,1.37185,1.50,1.35
2011.05.05 23:50:31.378,1.37165,1.37189,1.50,2.10
2011.05.05 23:50:32.015,1.37165,1.37185,1.50,1.35
2011.05.05 23:50:32.596,1.37165,1.37186,1.50,1.35
2011.05.05 23:50:33.147,1.37165,1.37189,1.50,2.10
2011.05.05 23:50:33.476,1.37163,1.37185,1.50,2.10
2011.05.05 23:50:33.805,1.37159,1.37185,1.50,2.10
2011.05.05 23:50:35.317,1.37159,1.37177,1.50,2.10
2011.05.05 23:50:35.427,1.37156,1.37177,1.50,2.10
2011.05.05 23:50:35.646,1.37152,1.37177,1.50,2.10
2011.05.05 23:50:35.756,1.37152,1.37185,1.50,1.35
2011.05.05 23:50:37.067,1.37151,1.37185,2.25,1.35
2011.05.05 23:50:37.398,1.37149,1.37181,1.50,1.50
2011.05.05 23:50:37.506,1.37149,1.3718,1.50,1.13
2011.05.05 23:50:37.728,1.37145,1.37177,1.50,1.50
2011.05.05 23:50:37.948,1.3714,1.37171,1.50,1.50
2011.05.05 23:50:38.058,1.37139,1.37166,2.25,2.10
2011.05.05 23:50:39.518,1.37139,1.37166,2.25,2.10
2011.05.05 23:50:39.939,1.37141,1.37166,1.50,2.10
2011.05.05 23:50:40.161,1.3714,1.3717,1.50,1.35
2011.05.05 23:50:40.388,1.37142,1.37167,2.40,1.35
2011.05.05 23:50:40.716,1.37142,1.37167,2.40,1.35
2011.05.05 23:50:42.150,1.37142,1.37162,1.65,1.35
2011.05.05 23:50:44.138,1.37142,1.37171,1.50,1.35
2011.05.05 23:50:44.466,1.37142,1.37172,1.50,1.35
2011.05.05 23:50:45.014,1.37145,1.37172,1.50,1.35
2011.05.05 23:50:45.346,1.37145,1.37173,1.50,1.35
2011.05.05 23:50:45.567,1.37148,1.37174,1.50,1.35
2011.05.05 23:50:45.787,1.37148,1.37174,1.50,2.10
2011.05.05 23:50:46.800,1.37148,1.37174,1.50,1.35
2011.05.05 23:50:51.586,1.37148,1.37174,1.50,2.85
2011.05.05 23:50:51.806,1.37146,1.37174,1.50,2.85
2011.05.05 23:50:57.136,1.37148,1.37174,1.50,2.85
2011.05.05 23:50:57.245,1.37148,1.37173,1.50,1.35
2011.05.05 23:51:00.826,1.37148,1.37173,1.50,1.35
2011.05.05 23:51:01.047,1.37148,1.37173,1.50,1.35
2011.05.05 23:51:01.376,1.37148,1.37174,1.50,2.10
2011.05.05 23:51:03.146,1.37148,1.37174,1.50,1.35
2011.05.05 23:51:03.475,1.37148,1.37174,1.50,1.35
2011.05.05 23:51:06.387,1.37148,1.37173,1.50,1.35
2011.05.05 23:51:06.717,1.37146,1.37172,1.50,2.85
2011.05.05 23:51:09.976,1.37143,1.37172,1.50,4.50
2011.05.05 23:51:12.278,1.37144,1.37172,1.50,4.50
2011.05.05 23:51:12.499,1.37144,1.37172,1.50,2.85
2011.05.05 23:51:12.716,1.37144,1.37172,1.50,3.60
2011.05.05 23:51:13.576,1.37144,1.37172,1.50,2.85
2011.05.05 23:51:13.796,1.37144,1.37171,1.50,1.35
2011.05.05 23:51:13.906,1.37144,1.37172,1.50,2.85
2011.05.05 23:51:14.416,1.37144,1.37172,1.50,2.85
2011.05.05 23:51:15.276,1.37144,1.37172,1.50,2.85
2011.05.05 23:51:16.498,1.37144,1.37172,1.50,2.85
2011.05.05 23:51:16.718,1.37144,1.37172,1.50,2.85
2011.05.05 23:51:18.186,1.37149,1.37172,1.50,2.10
2011.05.05 23:51:21.767,1.37149,1.37175,1.50,1.35
2011.05.05 23:51:22.317,1.37151,1.37178,1.50,2.10
2011.05.05 23:51:22.537,1.37151,1.37176,1.50,1.35
2011.05.05 23:51:22.759,1.37151,1.37176,1.50,1.35
2011.05.05 23:51:23.358,1.37151,1.37178,1.50,2.85
2011.05.05 23:51:23.889,1.37156,1.37178,1.50,2.10
2011.05.05 23:51:24.106,1.37156,1.37178,1.50,2.85
2011.05.05 23:51:24.438,1.37156,1.37178,1.50,2.85
2011.05.05 23:51:26.586,1.37156,1.37178,1.50,2.85
2011.05.05 23:51:26.808,1.3716,1.37178,1.50,2.10
2011.05.05 23:51:26.917,1.3716,1.37182,1.50,1.35
2011.05.05 23:51:27.467,1.37166,1.37185,1.50,1.35
2011.05.05 23:51:27.687,1.37166,1.37177,1.50,2.10
2011.05.05 23:51:27.906,1.3716,1.37177,2.25,2.10
2011.05.05 23:51:28.126,1.37156,1.37176,1.50,1.35
2011.05.05 23:51:28.236,1.37156,1.37176,1.50,1.35
2011.05.05 23:51:30.517,1.37155,1.37177,2.25,2.10
2011.05.05 23:51:34.347,1.37156,1.37177,1.50,2.10
2011.05.05 23:51:34.897,1.37149,1.37176,1.50,2.10
2011.05.05 23:51:35.447,1.37149,1.37176,1.50,1.35
2011.05.05 23:51:35.668,1.37153,1.3718,1.50,2.10
2011.05.05 23:51:37.337,1.37153,1.3718,1.50,2.10
2011.05.05 23:51:37.667,1.37153,1.37177,1.50,2.10
2011.05.05 23:51:42.048,1.37153,1.37175,1.50,1.35
2011.05.05 23:51:42.268,1.37149,1.3717,1.50,2.10
2011.05.05 23:51:42.968,1.37149,1.3717,1.50,2.10
2011.05.05 23:51:43.820,1.37149,1.3717,1.50,2.10
2011.05.05 23:51:48.478,1.37149,1.37176,1.50,2.85
2011.05.05 23:51:48.587,1.37148,1.37168,1.50,2.10
2011.05.05 23:51:48.807,1.37149,1.37168,1.50,2.10
2011.05.05 23:51:48.917,1.37149,1.37176,1.50,1.35
2011.05.05 23:51:49.031,1.37149,1.37172,1.50,2.25
2011.05.05 23:51:49.258,1.37144,1.37172,1.50,3.00
2011.05.05 23:51:49.480,1.3714,1.37172,1.50,3.00
2011.05.05 23:51:49.588,1.37141,1.37163,3.15,2.10
2011.05.05 23:51:49.807,1.37141,1.37163,3.15,2.10
2011.05.05 23:51:51.777,1.37134,1.37162,2.25,1.35
2011.05.05 23:51:54.246,1.37132,1.37161,1.50,1.35
2011.05.05 23:51:56.216,1.37132,1.37154,1.50,2.10
2011.05.05 23:51:56.640,1.37132,1.37154,1.50,1.50
2011.05.05 23:51:57.095,1.37132,1.37161,1.50,1.35
2011.05.05 23:51:57.647,1.37136,1.37161,1.50,1.35
2011.05.05 23:51:58.337,1.3714,1.37165,1.50,1.35
2011.05.05 23:52:07.216,1.37143,1.3717,1.50,2.85
2011.05.05 23:52:07.438,1.37139,1.37167,1.50,1.35
2011.05.05 23:52:07.548,1.37139,1.37163,1.50,2.10
2011.05.05 23:52:09.396,1.37134,1.37162,1.50,1.35
2011.05.05 23:52:36.406,1.37134,1.37167,1.50,1.35
2011.05.05 23:52:38.345,1.37134,1.37155,1.50,2.10
2011.05.05 23:52:38.457,1.37134,1.37163,1.50,1.35
2011.05.05 23:52:38.567,1.37134,1.37162,1.50,1.50
2011.05.05 23:52:38.677,1.37135,1.37162,1.50,1.50
2011.05.05 23:52:38.898,1.37135,1.37162,1.50,3.00
2011.05.05 23:52:39.117,1.37135,1.37162,1.50,3.15
2011.05.05 23:52:39.337,1.37133,1.3716,1.50,2.40
2011.05.05 23:52:39.447,1.37133,1.3716,1.50,2.40
2011.05.05 23:52:41.018,1.37133,1.3716,1.50,3.00
2011.05.05 23:52:41.348,1.37144,1.3716,1.50,2.25
2011.05.05 23:52:46.507,1.37141,1.37161,1.50,1.35
2011.05.05 23:52:46.947,1.37137,1.37164,1.50,1.35
2011.05.05 23:52:47.058,1.37136,1.37164,1.50,1.35
2011.05.05 23:52:57.908,1.37141,1.37167,1.50,3.15
2011.05.05 23:52:58.129,1.3714,1.37171,1.50,2.10
2011.05.05 23:52:58.347,1.3714,1.37171,1.50,1.35
2011.05.05 23:52:59.928,1.3714,1.3716,1.50,1.35
2011.05.05 23:53:00.147,1.37134,1.37161,1.50,1.35
2011.05.05 23:53:00.586,1.3714,1.37167,1.50,2.10
2011.05.05 23:53:01.747,1.3714,1.37168,1.35,1.50
2011.05.05 23:53:01.968,1.37142,1.37175,1.50,3.00
2011.05.05 23:53:02.187,1.37143,1.37175,1.50,1.35
2011.05.05 23:53:11.017,1.37143,1.37171,1.50,1.35
2011.05.05 23:53:11.126,1.37141,1.37168,1.50,1.35
2011.05.05 23:53:13.757,1.37136,1.37169,1.50,1.13
2011.05.05 23:53:13.977,1.37131,1.37165,1.50,1.88
2011.05.05 23:53:14.197,1.37126,1.37163,1.50,1.13
2011.05.05 23:53:14.791,1.37126,1.37161,1.50,1.50
2011.05.05 23:53:17.037,1.37126,1.3716,2.10,1.35
2011.05.05 23:53:17.258,1.37131,1.37161,1.35,1.50
2011.05.05 23:53:19.817,1.37135,1.37166,1.50,2.10
2011.05.05 23:53:21.654,1.37137,1.37166,1.35,1.50
2011.05.05 23:53:22.468,1.37135,1.37164,2.25,1.35
2011.05.05 23:53:22.687,1.37132,1.37162,1.50,1.50
2011.05.05 23:53:23.017,1.37132,1.37159,1.50,1.50
2011.05.05 23:53:23.568,1.37124,1.3715,1.50,2.40
2011.05.05 23:53:23.786,1.37121,1.3715,1.50,2.40
2011.05.05 23:53:24.447,1.37121,1.3715,1.50,2.40
2011.05.05 23:53:25.074,1.37121,1.37153,1.50,1.50
2011.05.05 23:53:25.730,1.37121,1.37155,1.50,1.35
2011.05.05 23:53:25.840,1.37126,1.37156,1.35,1.50
2011.05.05 23:53:25.947,1.37126,1.37155,1.35,1.50
2011.05.05 23:53:26.167,1.37125,1.37152,2.10,1.65
2011.05.05 23:53:27.087,1.37125,1.37152,1.35,2.40
2011.05.05 23:53:28.629,1.37126,1.37152,1.35,2.40
2011.05.05 23:53:28.847,1.37124,1.37152,1.35,2.40
2011.05.05 23:53:30.989,1.37126,1.37155,1.35,1.50
2011.05.05 23:53:32.377,1.37121,1.37148,1.50,3.15
2011.05.05 23:53:32.598,1.37116,1.37143,1.50,1.65
2011.05.05 23:53:32.708,1.37118,1.37143,1.35,1.65
2011.05.05 23:53:33.190,1.37118,1.37153,2.10,2.40
2011.05.05 23:53:33.796,1.3712,1.37153,1.50,2.40
2011.05.05 23:53:34.969,1.37121,1.37153,1.50,2.40
2011.05.05 23:53:35.191,1.37122,1.37153,2.85,2.40
2011.05.05 23:53:35.418,1.37126,1.37161,1.35,1.35
2011.05.05 23:53:35.527,1.37127,1.37161,1.35,1.35
2011.05.05 23:53:37.668,1.37125,1.37145,1.50,1.65
2011.05.05 23:53:37.998,1.37123,1.37145,1.50,2.40
2011.05.05 23:53:44.158,1.37122,1.37144,1.50,1.35
2011.05.05 23:53:46.767,1.37117,1.37141,1.50,3.00
2011.05.05 23:53:46.987,1.37117,1.37141,1.50,3.00
2011.05.05 23:53:47.316,1.37117,1.37143,1.50,1.35
2011.05.05 23:53:49.497,1.37117,1.37141,1.50,1.35
2011.05.05 23:53:52.716,1.37115,1.37141,1.50,3.75
2011.05.05 23:53:52.938,1.37115,1.37141,1.50,2.10
2011.05.05 23:53:53.269,1.37115,1.37141,1.50,2.10
2011.05.05 23:53:53.816,1.37115,1.37141,1.50,1.35
2011.05.05 23:53:56.208,1.37111,1.37141,1.50,2.10
2011.05.05 23:53:56.537,1.37106,1.37139,1.50,1.35
2011.05.05 23:53:56.646,1.37106,1.37134,1.50,1.35
2011.05.05 23:54:05.848,1.37106,1.3714,2.10,1.35
2011.05.05 23:54:05.959,1.37113,1.3714,1.50,1.35
2011.05.05 23:54:12.471,1.37113,1.3714,1.50,1.35
2011.05.05 23:54:12.700,1.37113,1.37141,1.50,1.35
2011.05.05 23:54:13.195,1.37112,1.37141,1.35,1.50
2011.05.05 23:54:16.807,1.37112,1.37141,2.10,1.50
2011.05.05 23:54:18.127,1.37112,1.3714,1.50,1.35
2011.05.05 23:54:18.458,1.37106,1.37138,2.10,1.50
2011.05.05 23:54:19.017,1.37106,1.37137,1.35,1.13
2011.05.05 23:54:19.241,1.371,1.37131,1.50,1.35
2011.05.05 23:54:19.579,1.371,1.37127,1.50,1.35
2011.05.05 23:54:19.923,1.37095,1.37125,1.50,1.35
2011.05.05 23:54:20.466,1.37095,1.37125,1.50,1.35
2011.05.05 23:54:27.857,1.37095,1.37123,1.50,1.50
2011.05.05 23:54:28.296,1.37091,1.37122,1.50,1.50
2011.05.05 23:54:33.207,1.37091,1.37125,1.50,2.10
2011.05.05 23:54:33.537,1.37096,1.37125,1.50,2.10
2011.05.05 23:54:41.768,1.37099,1.37126,1.50,2.25
2011.05.05 23:54:41.879,1.37099,1.37129,1.50,1.50
2011.05.05 23:54:42.346,1.37103,1.37137,1.50,3.00
2011.05.05 23:54:42.567,1.37104,1.37137,1.50,3.00
2011.05.05 23:54:43.118,1.37104,1.37137,1.50,3.75
2011.05.05 23:54:43.560,1.37104,1.3713,1.50,1.50
2011.05.05 23:54:44.109,1.37101,1.37126,1.50,1.65
2011.05.05 23:54:44.219,1.37097,1.37122,1.50,2.10
2011.05.05 23:54:44.329,1.37093,1.37122,1.50,2.10
2011.05.05 23:54:44.439,1.37086,1.37116,1.50,1.35
2011.05.05 23:54:44.988,1.37086,1.37114,1.50,1.65
2011.05.05 23:54:47.697,1.37084,1.37114,1.50,2.40
2011.05.05 23:54:48.898,1.37084,1.37114,1.50,2.40
2011.05.05 23:54:51.108,1.37084,1.37112,1.50,2.40
2011.05.05 23:54:51.219,1.37084,1.37112,1.50,1.50
2011.05.05 23:54:51.657,1.37088,1.37115,1.50,1.35
2011.05.05 23:54:54.848,1.37088,1.37115,1.50,1.35
2011.05.05 23:54:57.190,1.37088,1.37111,2.10,1.13
2011.05.05 23:54:57.520,1.37081,1.37106,1.50,2.40
2011.05.05 23:54:57.629,1.37079,1.37106,1.50,2.40
2011.05.05 23:54:57.739,1.3708,1.37106,1.50,2.40
2011.05.05 23:54:57.848,1.37085,1.371,1.50,1.65
2011.05.05 23:54:58.723,1.37087,1.371,1.50,1.65
2011.05.05 23:54:58.844,1.37087,1.37108,1.50,1.65
2011.05.05 23:54:59.396,1.37088,1.37109,1.50,1.65
2011.05.05 23:54:59.746,1.37088,1.37109,1.50,1.65
2011.05.05 23:55:00.076,1.37088,1.37109,1.50,1.65
2011.05.05 23:55:00.299,1.37088,1.37109,1.50,1.65
2011.05.05 23:55:00.847,1.37088,1.37108,1.50,1.65
2011.05.05 23:55:01.414,1.37086,1.37108,1.50,1.65
2011.05.05 23:55:03.366,1.37086,1.37115,1.50,1.50
2011.05.05 23:55:03.477,1.37086,1.37115,1.50,1.50
2011.05.05 23:55:04.568,1.37087,1.37116,1.35,1.50
2011.05.05 23:55:05.116,1.37088,1.37121,1.50,1.35
2011.05.05 23:55:05.226,1.37089,1.37121,1.50,1.35
2011.05.05 23:55:05.896,1.37093,1.37121,1.50,1.35
2011.05.05 23:55:06.849,1.37087,1.37115,1.50,3.75
2011.05.05 23:55:07.398,1.37085,1.37109,1.50,2.40
2011.05.05 23:55:07.617,1.37085,1.37115,1.50,1.35
2011.05.05 23:55:08.279,1.37088,1.37117,1.50,1.50
2011.05.05 23:55:08.496,1.37089,1.37121,1.50,2.10
2011.05.05 23:55:08.937,1.37089,1.37121,1.50,2.10
2011.05.05 23:55:09.996,1.37089,1.37121,1.50,2.10
2011.05.05 23:55:10.437,1.37093,1.37127,1.50,1.50
2011.05.05 23:55:10.766,1.37096,1.37128,1.50,3.00
2011.05.05 23:55:12.497,1.371,1.37128,1.50,3.00
2011.05.05 23:55:13.812,1.371,1.37127,1.50,1.35
2011.05.05 23:55:13.927,1.371,1.37126,1.50,1.35
2011.05.05 23:55:14.556,1.371,1.37123,1.50,2.40
2011.05.05 23:55:14.673,1.371,1.37127,1.50,1.35
2011.05.05 23:55:19.937,1.371,1.37126,1.50,1.35
2011.05.05 23:55:20.708,1.37098,1.37126,1.50,1.35
2011.05.05 23:55:24.457,1.37097,1.37123,1.50,1.35
2011.05.05 23:55:24.897,1.37098,1.37123,1.50,2.40
2011.05.05 23:55:25.337,1.37097,1.37127,1.50,1.50
2011.05.05 23:55:25.776,1.37098,1.37124,1.50,1.35
2011.05.05 23:55:26.367,1.37097,1.37122,1.50,2.40
2011.05.05 23:55:27.570,1.37095,1.37122,1.50,3.15
2011.05.05 23:55:32.328,1.37094,1.37122,1.50,3.15
2011.05.05 23:55:47.491,1.37094,1.37122,1.50,1.50
2011.05.05 23:55:47.608,1.37094,1.37122,2.10,1.50
2011.05.05 23:55:47.937,1.37098,1.37125,1.50,1.50
2011.05.05 23:55:48.337,1.37099,1.37125,1.50,1.50
2011.05.05 23:55:48.925,1.37102,1.3713,1.50,1.35
2011.05.05 23:55:49.467,1.37102,1.3713,1.50,1.35
2011.05.05 23:55:49.577,1.37104,1.37129,1.50,1.50
2011.05.05 23:55:49.686,1.37104,1.37129,1.50,1.50
2011.05.05 23:55:49.906,1.37104,1.37129,1.50,1.50
2011.05.05 23:55:52.538,1.37104,1.37129,1.50,1.50
2011.05.05 23:55:52.757,1.37104,1.37128,1.50,1.50
2011.05.05 23:55:53.307,1.37099,1.37127,1.50,1.50
2011.05.05 23:55:54.766,1.37099,1.37127,1.50,2.25
2011.05.05 23:55:55.316,1.37099,1.37127,1.50,1.50
2011.05.05 23:55:55.756,1.37103,1.37131,1.50,1.35
2011.05.05 23:55:56.197,1.37102,1.37128,1.50,1.50
2011.05.05 23:55:56.756,1.37103,1.3713,1.50,1.35
2011.05.05 23:55:56.868,1.37103,1.37131,1.50,2.10
2011.05.05 23:55:56.976,1.37103,1.3713,1.50,1.35
2011.05.05 23:55:57.527,1.37103,1.3713,1.50,1.35
2011.05.05 23:55:57.748,1.37103,1.3713,1.50,1.35
2011.05.05 23:55:57.858,1.37103,1.37126,1.50,1.35
2011.05.05 23:55:58.406,1.37099,1.37127,1.50,1.35
2011.05.05 23:55:58.738,1.37099,1.37127,1.50,1.35
2011.05.05 23:55:58.849,1.37106,1.37126,1.50,1.35
2011.05.05 23:55:59.397,1.371,1.37127,1.50,1.35
2011.05.05 23:56:01.881,1.371,1.37127,1.50,1.50
2011.05.05 23:56:02.291,1.371,1.37127,1.50,1.35
2011.05.05 23:56:02.847,1.371,1.37127,1.50,1.35
2011.05.05 23:56:05.307,1.371,1.37125,1.50,1.35
2011.05.05 23:56:05.747,1.371,1.37127,1.50,2.10
2011.05.05 23:56:06.131,1.371,1.37127,1.50,2.10
2011.05.05 23:56:07.213,1.371,1.37126,1.50,1.35
2011.05.05 23:56:08.261,1.371,1.37124,1.50,1.35
2011.05.05 23:56:09.767,1.371,1.37124,1.50,1.35
2011.05.05 23:56:11.006,1.371,1.37124,1.50,1.35
2011.05.05 23:56:11.567,1.37097,1.37124,1.50,1.35
2011.05.05 23:56:18.297,1.37095,1.37124,1.50,2.10
2011.05.05 23:56:18.629,1.37094,1.3712,1.50,1.35
2011.05.05 23:56:18.959,1.37094,1.3712,1.50,2.85
2011.05.05 23:56:20.607,1.37094,1.37118,1.50,1.35
2011.05.05 23:56:27.977,1.37094,1.37119,1.50,1.35
2011.05.05 23:56:29.298,1.37094,1.37119,1.50,1.35
2011.05.05 23:56:30.720,1.37094,1.3712,1.50,3.60
2011.05.05 23:56:30.937,1.37094,1.37119,1.50,1.73
2011.05.05 23:56:32.947,1.37094,1.37119,1.50,1.73
2011.05.05 23:56:33.676,1.37094,1.37119,1.50,1.73
2011.05.05 23:56:35.597,1.37094,1.37119,1.50,1.73
2011.05.05 23:56:42.376,1.37094,1.3712,1.50,2.85
2011.05.05 23:56:52.900,1.37094,1.3712,1.50,2.10
2011.05.05 23:56:53.547,1.37094,1.37124,1.50,1.13
2011.05.05 23:56:53.663,1.37099,1.37125,1.50,1.35
2011.05.05 23:56:53.889,1.37097,1.37121,2.25,1.13
2011.05.05 23:56:54.870,1.37097,1.37123,2.25,1.73
2011.05.05 23:57:00.498,1.37095,1.37121,2.25,1.35
2011.05.05 23:57:00.606,1.37095,1.37121,1.50,1.35
2011.05.05 23:57:01.349,1.37093,1.37119,1.50,1.35
2011.05.05 23:57:01.568,1.37091,1.37119,1.50,1.35
2011.05.05 23:57:01.678,1.37091,1.37118,1.50,1.35
2011.05.05 23:57:01.897,1.37088,1.37117,1.50,3.00
2011.05.05 23:57:02.007,1.37086,1.37117,1.50,3.00
2011.05.05 23:57:02.757,1.37086,1.37114,1.50,1.35
2011.05.05 23:57:34.068,1.37086,1.37103,1.50,1.35
2011.05.05 23:57:34.178,1.3708,1.3711,1.50,1.35
2011.05.05 23:57:34.288,1.3708,1.3711,1.50,1.35
2011.05.05 23:57:34.397,1.3708,1.37111,1.50,1.35
2011.05.05 23:57:34.655,1.3708,1.3711,1.50,1.35
2011.05.05 23:57:35.207,1.3708,1.3711,1.50,1.35
2011.05.05 23:57:35.597,1.3708,1.3711,1.50,1.35
2011.05.05 23:57:36.997,1.37083,1.3711,1.50,1.35
2011.05.05 23:57:42.911,1.37083,1.37114,2.10,1.50
2011.05.05 23:57:43.027,1.37083,1.37116,2.10,2.40
2011.05.05 23:57:46.666,1.37084,1.37116,1.50,2.40
2011.05.05 23:57:46.777,1.37086,1.37116,1.50,2.40
2011.05.05 23:57:48.429,1.37088,1.37117,1.50,1.35
2011.05.05 23:57:55.528,1.37092,1.37117,1.50,1.35
2011.05.05 23:57:55.747,1.37092,1.37119,1.50,3.75
2011.05.05 23:57:56.298,1.37092,1.37119,1.50,2.40
2011.05.05 23:57:56.518,1.37096,1.37123,1.50,1.50
2011.05.05 23:57:56.913,1.37096,1.37124,1.50,1.35
2011.05.05 23:57:57.557,1.37098,1.37124,1.50,1.35
2011.05.05 23:57:59.007,1.37098,1.37122,1.50,2.40
2011.05.05 23:57:59.227,1.37098,1.37124,1.50,1.35
2011.05.05 23:57:59.556,1.37098,1.37122,1.50,2.40
2011.05.05 23:57:59.667,1.37098,1.37122,1.50,2.40
2011.05.05 23:58:00.108,1.37102,1.37124,1.50,1.35
2011.05.05 23:58:00.548,1.37102,1.37121,1.50,1.65
2011.05.05 23:58:00.877,1.37098,1.37125,1.50,1.35
2011.05.05 23:58:02.617,1.371,1.37128,1.50,2.10
2011.05.05 23:58:19.189,1.37098,1.37122,1.50,2.40
2011.05.05 23:58:19.518,1.37098,1.37122,1.50,1.65
2011.05.05 23:58:19.930,1.37098,1.37125,1.50,1.73
2011.05.05 23:58:20.040,1.37098,1.37122,1.50,1.65
2011.05.05 23:58:20.147,1.37098,1.37125,1.50,1.35
2011.05.05 23:58:20.368,1.37098,1.37121,1.50,2.40
2011.05.05 23:58:20.477,1.37098,1.37121,1.50,2.40
2011.05.05 23:58:21.887,1.37098,1.37121,1.50,2.40
2011.05.05 23:58:21.997,1.37098,1.37121,1.50,2.40
2011.05.05 23:58:22.107,1.37098,1.37118,1.50,1.35
2011.05.05 23:58:22.547,1.37093,1.37115,1.50,1.65
2011.05.05 23:58:24.387,1.37093,1.37119,1.50,2.25
2011.05.05 23:58:29.917,1.37093,1.37119,1.50,1.65
2011.05.05 23:58:30.028,1.37094,1.37122,1.50,3.00
2011.05.05 23:58:37.260,1.37094,1.37122,1.50,3.75
2011.05.05 23:58:37.838,1.37094,1.37121,1.50,1.50
2011.05.05 23:58:38.389,1.37097,1.37122,1.50,1.35
2011.05.05 23:58:39.376,1.37097,1.37123,2.25,3.00
2011.05.05 23:58:45.628,1.37097,1.37122,1.50,3.00
2011.05.05 23:58:45.737,1.37094,1.37122,1.50,3.00
2011.05.05 23:58:48.657,1.37094,1.37119,1.50,2.10
2011.05.05 23:58:49.206,1.37091,1.37114,1.50,1.35
2011.05.05 23:58:49.948,1.37091,1.37114,1.50,1.35
2011.05.05 23:58:58.039,1.37088,1.37107,1.50,1.13
2011.05.05 23:58:58.261,1.37086,1.37107,1.50,2.10
2011.05.05 23:58:58.479,1.37086,1.37107,1.50,1.65
2011.05.05 23:58:58.588,1.37086,1.37114,1.50,3.00
2011.05.05 23:58:59.027,1.37086,1.37114,1.50,1.35
2011.05.05 23:58:59.578,1.37088,1.37118,1.50,1.35
2011.05.05 23:58:59.688,1.37089,1.37118,1.50,1.35
2011.05.05 23:59:00.950,1.37089,1.37117,1.50,1.50
2011.05.05 23:59:01.708,1.37089,1.37113,1.50,1.35
2011.05.05 23:59:01.818,1.37089,1.37108,1.50,1.65
2011.05.05 23:59:02.038,1.37086,1.37108,1.50,2.40
2011.05.05 23:59:02.257,1.37086,1.37113,1.50,1.35
2011.05.05 23:59:03.949,1.37086,1.37115,1.50,2.40
2011.05.05 23:59:04.498,1.37086,1.37113,1.50,1.50
2011.05.05 23:59:05.157,1.37081,1.37105,1.50,1.35
2011.05.05 23:59:14.543,1.37081,1.37105,1.50,3.00
2011.05.05 23:59:15.593,1.37081,1.37105,1.50,3.75
2011.05.05 23:59:15.954,1.37075,1.371,1.50,1.50
2011.05.05 23:59:20.698,1.37075,1.37097,1.50,1.35
2011.05.05 23:59:21.247,1.37072,1.37097,1.50,1.35
2011.05.05 23:59:23.658,1.37078,1.37105,1.50,1.35
2011.05.05 23:59:23.767,1.37078,1.37106,1.50,1.35
2011.05.05 23:59:24.098,1.37078,1.37102,1.50,2.40
2011.05.05 23:59:24.427,1.37078,1.37102,1.50,2.40
2011.05.05 23:59:25.036,1.37078,1.37102,1.50,2.40
2011.05.05 23:59:27.225,1.37074,1.37101,1.50,1.50
2011.05.05 23:59:34.643,1.37075,1.37107,1.35,1.50
2011.05.05 23:59:34.761,1.37075,1.37101,1.35,1.50
2011.05.05 23:59:35.100,1.37074,1.37098,1.50,1.65
2011.05.05 23:59:35.208,1.37074,1.37101,1.50,1.35
2011.05.05 23:59:35.428,1.37074,1.37105,1.50,1.50
2011.05.05 23:59:35.540,1.37077,1.37105,1.50,1.50
2011.05.05 23:59:35.760,1.37079,1.37105,1.50,1.50
2011.05.05 23:59:36.605,1.37079,1.37105,1.50,1.50
2011.05.05 23:59:36.719,1.37079,1.37105,1.50,1.50
2011.05.05 23:59:37.160,1.37079,1.37105,1.50,1.50
2011.05.05 23:59:37.378,1.37079,1.37105,1.50,1.50
2011.05.05 23:59:37.817,1.37079,1.37101,1.50,1.35
2011.05.05 23:59:38.261,1.37079,1.37102,1.50,1.35
2011.05.05 23:59:38.807,1.37079,1.37101,1.50,1.35
2011.05.05 23:59:39.359,1.37083,1.3711,1.50,1.35
2011.05.05 23:59:39.580,1.37083,1.37111,1.50,2.10
2011.05.05 23:59:39.908,1.37083,1.3711,1.50,1.35
2011.05.05 23:59:40.238,1.37083,1.37106,1.50,1.35
2011.05.05 23:59:40.459,1.37079,1.37105,1.50,1.35
2011.05.05 23:59:40.566,1.37074,1.37105,1.50,1.35
2011.05.05 23:59:41.146,1.37075,1.37103,1.50,1.35
2011.05.05 23:59:42.307,1.37075,1.37103,1.50,1.35
2011.05.05 23:59:43.227,1.37075,1.37103,1.50,1.35
2011.05.05 23:59:43.838,1.37075,1.371,1.50,1.50
2011.05.05 23:59:44.350,1.37072,1.37099,1.50,1.35
2011.05.05 23:59:44.469,1.37072,1.37095,1.50,2.85
2011.05.05 23:59:44.688,1.37067,1.37095,1.50,3.75
2011.05.05 23:59:45.128,1.37067,1.37091,1.50,2.10
2011.05.05 23:59:46.198,1.37062,1.37088,1.50,1.35
2011.05.05 23:59:50.968,1.37062,1.37084,1.50,1.35
2011.05.05 23:59:51.299,1.37058,1.37083,1.50,2.10
2011.05.05 23:59:51.407,1.37058,1.37081,1.50,3.00
2011.05.05 23:59:51.938,1.37058,1.37081,1.50,2.25
2011.05.05 23:59:52.047,1.37058,1.37081,1.50,2.25
2011.05.05 23:59:52.268,1.37054,1.37081,1.50,3.75
2011.05.05 23:59:52.889,1.37054,1.37081,1.50,3.75
2011.05.05 23:59:53.218,1.37054,1.37078,1.50,1.35
2011.05.05 23:59:53.327,1.37054,1.37075,1.50,3.00
2011.05.05 23:59:54.538,1.37052,1.37078,1.50,1.35
2011.05.05 23:59:56.528,1.37052,1.37077,1.50,1.35
2011.05.05 23:59:57.187,1.37052,1.37078,1.50,1.35
2011.05.05 23:59:58.738,1.37052,1.37075,1.50,1.35
2011.05.05 23:59:59.068,1.37043,1.37067,1.50,1.35
2011.05.05 23:59:59.667,1.37043,1.37067,1.50,1.35
