2011.05.06 11:00:00.427,1.36082,1.36105,1.50,1.50
2011.05.06 11:00:00.759,1.36082,1.36102,2.25,1.50
2011.05.06 11:00:00.882,1.3608,1.36102,1.50,1.50
2011.05.06 11:00:01.190,1.36078,1.36105,1.50,2.25
2011.05.06 11:00:01.420,1.36083,1.36115,1.50,1.50
2011.05.06 11:00:01.541,1.3608,1.36111,3.15,4.50
2011.05.06 11:00:01.881,1.36077,1.36105,1.50,1.50
2011.05.06 11:00:02.266,1.36076,1.36105,1.50,1.50
2011.05.06 11:00:02.392,1.36078,1.36101,2.40,1.50
2011.05.06 11:00:02.617,1.36076,1.36101,1.50,1.50
2011.05.06 11:00:02.726,1.36074,1.36101,2.25,1.50
2011.05.06 11:00:02.951,1.36071,1.36099,1.50,1.50
2011.05.06 11:00:03.289,1.36069,1.36095,1.50,1.50
2011.05.06 11:00:03.516,1.36069,1.36097,2.25,2.25
2011.05.06 11:00:03.736,1.36069,1.36097,2.25,2.25
2011.05.06 11:00:04.176,1.36066,1.36094,1.50,1.50
2011.05.06 11:00:04.507,1.36066,1.36093,1.50,1.50
2011.05.06 11:00:04.987,1.36064,1.36093,1.50,1.50
2011.05.06 11:00:05.100,1.3606,1.36083,1.50,2.25
2011.05.06 11:00:05.216,1.36052,1.36082,1.50,1.50
2011.05.06 11:00:05.437,1.36052,1.3608,1.50,1.50
2011.05.06 11:00:05.984,1.36052,1.36078,1.50,1.50
2011.05.06 11:00:06.097,1.36051,1.36078,1.50,2.25
2011.05.06 11:00:06.316,1.36051,1.36078,2.25,1.50
2011.05.06 11:00:06.859,1.36051,1.36081,3.00,2.25
2011.05.06 11:00:07.415,1.36053,1.36081,1.50,1.50
2011.05.06 11:00:08.079,1.36059,1.36087,2.25,1.50
2011.05.06 11:00:08.192,1.36065,1.3609,1.50,1.50
2011.05.06 11:00:08.419,1.36071,1.361,1.50,1.50
2011.05.06 11:00:08.539,1.36071,1.36097,1.50,2.78
2011.05.06 11:00:08.868,1.36076,1.361,1.50,3.53
2011.05.06 11:00:08.977,1.36076,1.36103,1.50,1.50
2011.05.06 11:00:09.311,1.36078,1.36107,5.25,1.50
2011.05.06 11:00:09.429,1.36082,1.3611,1.50,1.50
2011.05.06 11:00:09.658,1.36085,1.36111,1.50,1.50
2011.05.06 11:00:09.769,1.36085,1.36111,1.50,1.50
2011.05.06 11:00:09.887,1.36084,1.36111,1.50,1.50
2011.05.06 11:00:09.999,1.36087,1.36111,2.40,1.50
2011.05.06 11:00:10.668,1.36089,1.36119,1.50,1.50
2011.05.06 11:00:10.885,1.36087,1.36118,1.50,1.50
2011.05.06 11:00:11.435,1.36086,1.36113,1.50,1.50
2011.05.06 11:00:11.658,1.36085,1.36112,1.50,1.50
2011.05.06 11:00:11.767,1.36085,1.36112,1.50,1.50
2011.05.06 11:00:11.877,1.36082,1.3611,2.63,1.50
2011.05.06 11:00:11.987,1.36084,1.3611,1.50,1.50
2011.05.06 11:00:13.086,1.36084,1.3611,1.50,1.50
2011.05.06 11:00:13.526,1.36082,1.3611,2.25,3.15
2011.05.06 11:00:14.150,1.36084,1.36106,1.50,1.50
2011.05.06 11:00:14.706,1.36084,1.36106,1.50,1.50
2011.05.06 11:00:15.037,1.36084,1.36106,1.50,1.50
2011.05.06 11:00:16.026,1.36088,1.36114,1.50,1.50
2011.05.06 11:00:16.138,1.3609,1.36114,1.50,1.50
2011.05.06 11:00:16.476,1.36093,1.36121,1.50,2.25
2011.05.06 11:00:16.806,1.36093,1.36121,2.25,1.50
2011.05.06 11:00:16.917,1.36093,1.36121,1.50,1.50
2011.05.06 11:00:17.137,1.36095,1.36121,1.65,1.50
2011.05.06 11:00:17.700,1.36088,1.36115,1.50,1.50
2011.05.06 11:00:18.079,1.36088,1.36115,1.50,1.50
2011.05.06 11:00:18.417,1.36079,1.36105,1.50,1.50
2011.05.06 11:00:18.637,1.36077,1.36103,1.50,1.50
2011.05.06 11:00:18.855,1.36071,1.36099,1.50,1.50
2011.05.06 11:00:18.965,1.36071,1.36099,1.50,1.50
2011.05.06 11:00:19.185,1.36071,1.36099,1.50,1.50
2011.05.06 11:00:20.517,1.36073,1.36101,2.25,1.50
2011.05.06 11:00:20.845,1.36075,1.36103,1.50,1.50
2011.05.06 11:00:22.111,1.36079,1.36103,1.50,1.50
2011.05.06 11:00:22.466,1.36082,1.36106,1.50,1.50
2011.05.06 11:00:22.796,1.36084,1.36106,1.50,1.50
2011.05.06 11:00:24.065,1.36084,1.3611,1.50,1.50
2011.05.06 11:00:24.176,1.36086,1.3611,1.50,1.50
2011.05.06 11:00:24.506,1.36087,1.36112,1.50,1.50
2011.05.06 11:00:24.947,1.36078,1.36106,3.53,1.50
2011.05.06 11:00:25.056,1.36076,1.36103,1.50,3.15
2011.05.06 11:00:25.544,1.36071,1.36096,1.50,1.50
2011.05.06 11:00:25.766,1.36071,1.36096,1.50,1.50
2011.05.06 11:00:26.315,1.36071,1.36099,1.50,1.50
2011.05.06 11:00:26.426,1.36073,1.36099,1.50,1.50
2011.05.06 11:00:27.305,1.36075,1.36101,1.50,1.50
2011.05.06 11:00:27.526,1.36077,1.36104,1.50,2.40
2011.05.06 11:00:27.635,1.36078,1.36105,1.50,2.25
2011.05.06 11:00:27.967,1.36077,1.36101,2.25,1.50
2011.05.06 11:00:28.296,1.36068,1.36095,1.50,1.50
2011.05.06 11:00:28.408,1.36065,1.36094,2.25,1.50
2011.05.06 11:00:28.920,1.36065,1.36089,1.50,1.50
2011.05.06 11:00:29.152,1.36068,1.36098,2.25,1.50
2011.05.06 11:00:29.267,1.36068,1.36098,2.25,1.50
2011.05.06 11:00:29.489,1.36068,1.36098,2.25,1.50
2011.05.06 11:00:29.826,1.36073,1.36099,1.50,1.50
2011.05.06 11:00:30.376,1.36073,1.36098,1.50,1.50
2011.05.06 11:00:30.707,1.36076,1.36102,1.50,1.50
2011.05.06 11:00:30.815,1.36075,1.36102,1.50,1.50
2011.05.06 11:00:31.147,1.36074,1.36102,2.25,1.50
2011.05.06 11:00:31.586,1.36076,1.36102,1.50,1.50
2011.05.06 11:00:32.667,1.36079,1.36106,1.50,1.50
2011.05.06 11:00:32.998,1.36079,1.36106,1.50,1.50
2011.05.06 11:00:33.327,1.36076,1.36103,2.25,1.50
2011.05.06 11:00:33.658,1.36075,1.36096,1.50,1.50
2011.05.06 11:00:33.777,1.36089,1.36102,1.65,1.50
2011.05.06 11:00:33.886,1.36089,1.36109,2.40,1.50
2011.05.06 11:00:34.219,1.36086,1.36109,1.50,1.50
2011.05.06 11:00:34.445,1.36083,1.36114,1.50,2.40
2011.05.06 11:00:35.105,1.36084,1.36111,1.50,1.50
2011.05.06 11:00:35.215,1.36082,1.36108,3.15,1.50
2011.05.06 11:00:35.791,1.36082,1.36108,1.50,1.50
2011.05.06 11:00:35.914,1.3608,1.36102,1.50,1.50
2011.05.06 11:00:36.356,1.36079,1.36102,1.50,1.50
2011.05.06 11:00:36.690,1.36079,1.36099,1.50,1.50
2011.05.06 11:00:36.916,1.36075,1.36097,1.50,1.13
2011.05.06 11:00:37.246,1.36075,1.36097,1.50,3.90
2011.05.06 11:00:37.467,1.36075,1.36098,1.50,1.13
2011.05.06 11:00:37.797,1.36075,1.361,1.50,3.53
2011.05.06 11:00:37.906,1.36075,1.361,1.50,3.53
2011.05.06 11:00:38.237,1.36075,1.36099,1.50,1.50
2011.05.06 11:00:38.785,1.36075,1.36099,1.50,1.50
2011.05.06 11:00:39.009,1.36059,1.36076,1.50,1.50
2011.05.06 11:00:39.496,1.36064,1.36088,1.50,1.50
2011.05.06 11:00:39.616,1.36064,1.36092,1.50,1.50
2011.05.06 11:00:39.946,1.36064,1.36092,1.50,1.50
2011.05.06 11:00:40.057,1.36061,1.36092,1.50,1.50
2011.05.06 11:00:40.635,1.36061,1.36092,1.50,1.50
2011.05.06 11:00:41.077,1.36063,1.36083,1.50,1.13
2011.05.06 11:00:41.407,1.36063,1.36083,1.50,1.13
2011.05.06 11:00:41.519,1.3606,1.36083,1.50,1.13
2011.05.06 11:00:41.637,1.3606,1.36081,1.50,1.50
2011.05.06 11:00:41.748,1.3606,1.36081,1.50,1.50
2011.05.06 11:00:41.968,1.36056,1.36078,2.25,1.50
2011.05.06 11:00:42.476,1.3605,1.36071,1.50,1.50
2011.05.06 11:00:42.699,1.3605,1.3607,1.50,1.50
2011.05.06 11:00:43.146,1.36044,1.36071,1.50,1.50
2011.05.06 11:00:43.475,1.36044,1.3607,1.50,1.50
2011.05.06 11:00:45.348,1.36044,1.3607,1.50,1.50
2011.05.06 11:00:45.468,1.36044,1.36072,1.50,1.13
2011.05.06 11:00:45.588,1.36045,1.36073,1.50,1.88
2011.05.06 11:00:45.919,1.36042,1.36064,2.40,1.50
2011.05.06 11:00:46.588,1.36038,1.36064,2.25,1.50
2011.05.06 11:00:47.245,1.36038,1.36064,2.25,1.50
2011.05.06 11:00:47.468,1.36038,1.36064,2.25,1.50
2011.05.06 11:00:47.798,1.36041,1.36067,1.50,2.87
2011.05.06 11:00:48.982,1.36039,1.36065,1.50,1.88
2011.05.06 11:00:49.101,1.36037,1.36065,2.25,2.63
2011.05.06 11:00:49.767,1.36037,1.36064,2.25,1.13
2011.05.06 11:00:50.317,1.36037,1.36064,2.25,1.13
2011.05.06 11:00:50.649,1.36037,1.36064,1.50,1.88
2011.05.06 11:00:51.207,1.3604,1.36061,1.50,1.50
2011.05.06 11:00:51.756,1.36036,1.36057,1.50,1.50
2011.05.06 11:00:51.885,1.36028,1.36051,2.25,1.50
2011.05.06 11:00:52.111,1.36025,1.36051,1.50,1.50
2011.05.06 11:00:52.228,1.36024,1.3605,1.50,1.50
2011.05.06 11:00:52.337,1.36025,1.3605,2.25,1.50
2011.05.06 11:00:52.670,1.36032,1.36056,1.50,1.88
2011.05.06 11:00:52.788,1.36041,1.36056,2.40,1.50
2011.05.06 11:00:52.897,1.36044,1.36057,4.50,1.50
2011.05.06 11:00:53.009,1.36044,1.36067,5.25,2.12
2011.05.06 11:00:53.127,1.36044,1.36067,1.50,1.37
2011.05.06 11:00:53.348,1.36045,1.36067,1.50,2.12
2011.05.06 11:00:53.678,1.36048,1.36067,1.50,1.37
2011.05.06 11:00:53.788,1.36045,1.36068,1.50,2.12
2011.05.06 11:00:53.898,1.36044,1.36067,1.50,1.37
2011.05.06 11:00:54.510,1.36047,1.36077,1.50,1.50
2011.05.06 11:00:54.627,1.36048,1.36077,1.50,1.50
2011.05.06 11:00:55.706,1.36048,1.36077,1.50,1.50
2011.05.06 11:00:56.037,1.36064,1.36082,1.50,1.65
2011.05.06 11:00:56.146,1.36064,1.36091,2.25,1.50
2011.05.06 11:00:56.257,1.36063,1.36091,1.50,2.25
2011.05.06 11:00:56.366,1.36059,1.36091,2.40,1.50
2011.05.06 11:00:56.915,1.36058,1.36088,1.50,1.50
2011.05.06 11:00:57.247,1.36062,1.36094,4.50,1.50
2011.05.06 11:00:57.781,1.3606,1.36088,1.50,1.50
2011.05.06 11:00:57.902,1.36057,1.36088,2.25,1.50
2011.05.06 11:01:02.736,1.36063,1.36092,1.50,1.50
2011.05.06 11:01:03.703,1.36065,1.36095,1.50,1.50
2011.05.06 11:01:03.927,1.36066,1.36095,1.50,1.50
2011.05.06 11:01:04.477,1.36066,1.36095,1.50,1.50
2011.05.06 11:01:05.026,1.36066,1.36096,1.50,1.50
2011.05.06 11:01:05.136,1.36066,1.36097,1.50,1.50
2011.05.06 11:01:05.469,1.36064,1.36092,1.50,1.50
2011.05.06 11:01:05.806,1.36064,1.36092,1.50,1.50
2011.05.06 11:01:07.106,1.36064,1.36092,1.50,1.50
2011.05.06 11:01:07.545,1.3607,1.36094,1.50,1.50
2011.05.06 11:01:08.961,1.3607,1.36096,1.50,1.50
2011.05.06 11:01:09.787,1.36068,1.36097,1.50,1.50
2011.05.06 11:01:09.896,1.36068,1.36096,1.50,5.25
2011.05.06 11:01:10.226,1.36068,1.36095,1.50,1.50
2011.05.06 11:01:10.336,1.36071,1.36096,1.50,1.50
2011.05.06 11:01:10.665,1.36072,1.36099,5.25,1.50
2011.05.06 11:01:10.776,1.36072,1.36099,1.50,1.50
2011.05.06 11:01:11.106,1.36072,1.361,2.25,1.50
2011.05.06 11:01:11.836,1.36076,1.361,1.50,1.50
2011.05.06 11:01:12.205,1.36077,1.361,1.50,1.50
2011.05.06 11:01:12.535,1.36076,1.361,1.50,1.50
2011.05.06 11:01:13.194,1.36077,1.36101,1.50,1.50
2011.05.06 11:01:13.415,1.36077,1.36104,2.25,1.50
2011.05.06 11:01:13.636,1.36081,1.36105,1.50,1.50
2011.05.06 11:01:14.101,1.36081,1.36106,1.50,1.50
2011.05.06 11:01:14.437,1.36081,1.36109,1.50,1.50
2011.05.06 11:01:14.657,1.36078,1.36105,3.15,1.50
2011.05.06 11:01:14.769,1.36078,1.36105,1.50,1.50
2011.05.06 11:01:15.215,1.36076,1.36106,2.25,1.50
2011.05.06 11:01:18.536,1.36079,1.36108,1.50,1.50
2011.05.06 11:01:19.084,1.3608,1.36108,1.50,1.50
2011.05.06 11:01:19.639,1.3608,1.3611,2.25,2.25
2011.05.06 11:01:20.085,1.3608,1.3611,2.25,2.25
2011.05.06 11:01:20.306,1.3608,1.3611,3.00,2.25
2011.05.06 11:01:20.416,1.36085,1.36113,1.50,1.50
2011.05.06 11:01:20.635,1.36085,1.36113,2.25,1.50
2011.05.06 11:01:21.185,1.36085,1.36113,2.25,1.50
2011.05.06 11:01:22.366,1.36085,1.36113,2.25,1.50
2011.05.06 11:01:27.725,1.36085,1.36113,2.25,1.50
2011.05.06 11:01:30.279,1.36085,1.36112,1.50,1.50
2011.05.06 11:01:30.396,1.36085,1.36111,1.50,1.50
2011.05.06 11:01:30.836,1.36085,1.36109,1.50,1.50
2011.05.06 11:01:30.949,1.3608,1.36109,1.50,2.25
2011.05.06 11:01:31.508,1.3608,1.36102,2.40,1.50
2011.05.06 11:01:31.617,1.36078,1.36101,1.50,1.50
2011.05.06 11:01:31.839,1.36073,1.36101,1.50,1.50
2011.05.06 11:01:32.300,1.36072,1.36101,4.65,1.50
2011.05.06 11:01:32.747,1.36072,1.36098,3.90,1.50
2011.05.06 11:01:33.297,1.36073,1.36102,1.50,1.50
2011.05.06 11:01:33.519,1.36077,1.36105,1.50,1.50
2011.05.06 11:01:33.636,1.36077,1.36105,1.50,1.50
2011.05.06 11:01:34.077,1.36079,1.36106,1.50,1.50
2011.05.06 11:01:34.184,1.36079,1.36108,1.50,1.50
2011.05.06 11:01:34.736,1.36079,1.36107,1.50,1.50
2011.05.06 11:01:35.775,1.36079,1.36107,1.50,1.50
2011.05.06 11:01:37.417,1.36083,1.36107,1.50,1.50
2011.05.06 11:01:38.190,1.36079,1.36102,1.50,1.50
2011.05.06 11:01:40.145,1.36079,1.36102,1.50,1.50
2011.05.06 11:01:40.804,1.36079,1.36104,1.50,1.50
2011.05.06 11:01:41.305,1.36079,1.36104,1.50,1.50
2011.05.06 11:01:43.854,1.36079,1.36103,1.50,1.50
2011.05.06 11:01:44.074,1.36079,1.36103,1.50,1.50
2011.05.06 11:01:45.172,1.36079,1.36103,1.50,1.50
2011.05.06 11:01:45.594,1.36079,1.36103,1.50,1.50
2011.05.06 11:01:46.407,1.36082,1.36107,1.50,1.50
2011.05.06 11:01:46.739,1.36085,1.36105,1.50,1.50
2011.05.06 11:01:46.966,1.36085,1.36113,1.50,1.50
2011.05.06 11:01:47.185,1.36085,1.36113,2.25,1.50
2011.05.06 11:01:47.375,1.36085,1.36113,1.50,1.50
2011.05.06 11:01:47.718,1.36085,1.36113,1.50,1.50
2011.05.06 11:01:48.167,1.36083,1.36111,3.90,1.50
2011.05.06 11:01:48.716,1.36083,1.3611,1.50,1.50
2011.05.06 11:01:49.676,1.36085,1.36111,1.50,1.50
2011.05.06 11:01:49.900,1.36088,1.36111,1.50,1.50
2011.05.06 11:01:50.020,1.36091,1.36107,1.65,1.50
2011.05.06 11:01:50.250,1.3608,1.36107,1.50,2.10
2011.05.06 11:01:50.477,1.36069,1.36092,1.50,1.50
2011.05.06 11:01:50.588,1.36067,1.36091,1.50,1.50
2011.05.06 11:01:50.700,1.36062,1.36089,1.50,1.50
2011.05.06 11:01:50.816,1.36062,1.36089,1.50,1.50
2011.05.06 11:01:51.037,1.36062,1.3609,1.50,1.50
2011.05.06 11:01:51.146,1.3606,1.3609,2.40,1.50
2011.05.06 11:01:51.258,1.3606,1.36086,1.65,1.50
2011.05.06 11:01:51.599,1.36052,1.36074,1.65,1.50
2011.05.06 11:01:51.716,1.36052,1.36077,1.65,1.50
2011.05.06 11:01:52.244,1.36048,1.36077,1.50,1.50
2011.05.06 11:01:52.356,1.36049,1.36077,1.50,1.50
2011.05.06 11:01:52.577,1.36046,1.36076,2.25,1.50
2011.05.06 11:01:52.909,1.3605,1.36077,1.50,1.50
2011.05.06 11:01:53.249,1.36049,1.36072,1.50,1.50
2011.05.06 11:01:53.367,1.36042,1.3607,3.00,1.50
2011.05.06 11:01:53.587,1.36042,1.3607,2.25,1.50
2011.05.06 11:01:53.918,1.36042,1.36066,1.50,1.50
2011.05.06 11:01:54.136,1.36042,1.36071,1.50,1.50
2011.05.06 11:01:54.356,1.36042,1.36069,1.50,1.50
2011.05.06 11:01:56.029,1.36042,1.36071,1.50,1.50
2011.05.06 11:01:56.576,1.36042,1.36072,1.50,6.00
2011.05.06 11:01:57.238,1.36042,1.36066,1.50,1.50
2011.05.06 11:01:57.351,1.36036,1.36064,1.50,1.50
2011.05.06 11:01:58.625,1.36036,1.36064,1.50,1.50
2011.05.06 11:01:58.847,1.36035,1.36064,2.25,1.50
2011.05.06 11:01:59.441,1.36033,1.36061,2.25,2.25
2011.05.06 11:02:00.431,1.36036,1.36063,4.50,1.50
2011.05.06 11:02:00.660,1.36043,1.36065,1.50,1.50
2011.05.06 11:02:00.886,1.36043,1.36068,1.50,1.50
2011.05.06 11:02:01.112,1.36036,1.36059,2.40,1.50
2011.05.06 11:02:01.341,1.36039,1.3606,1.50,1.65
2011.05.06 11:02:01.461,1.36039,1.36068,1.50,1.50
2011.05.06 11:02:01.799,1.36046,1.36077,1.50,1.50
2011.05.06 11:02:01.919,1.36046,1.36077,1.50,1.50
2011.05.06 11:02:02.038,1.36046,1.36077,1.50,1.50
2011.05.06 11:02:02.367,1.36052,1.36083,1.50,1.50
2011.05.06 11:02:02.480,1.36052,1.36081,1.50,1.50
2011.05.06 11:02:03.054,1.3605,1.36077,2.25,1.50
2011.05.06 11:02:03.386,1.36031,1.36048,2.78,2.40
2011.05.06 11:02:03.496,1.36025,1.36048,1.50,2.40
2011.05.06 11:02:03.718,1.36025,1.36055,1.50,3.15
2011.05.06 11:02:03.827,1.36031,1.36055,1.50,2.40
2011.05.06 11:02:03.940,1.36035,1.36063,1.50,1.50
2011.05.06 11:02:04.167,1.36036,1.36063,1.50,1.50
2011.05.06 11:02:04.385,1.36034,1.36063,1.50,1.50
2011.05.06 11:02:05.265,1.36034,1.36063,1.50,1.50
2011.05.06 11:02:05.816,1.36034,1.36061,1.50,1.50
2011.05.06 11:02:06.972,1.36035,1.36063,1.50,2.25
2011.05.06 11:02:08.036,1.36035,1.36063,1.50,2.25
2011.05.06 11:02:08.927,1.36035,1.36062,1.50,1.50
2011.05.06 11:02:09.260,1.36023,1.36044,2.25,1.50
2011.05.06 11:02:09.380,1.3602,1.36051,1.50,1.35
2011.05.06 11:02:09.499,1.3602,1.36051,1.50,2.10
2011.05.06 11:02:09.826,1.36019,1.36046,3.75,1.50
2011.05.06 11:02:10.706,1.36019,1.36046,3.75,1.50
2011.05.06 11:02:11.326,1.36019,1.36045,1.50,1.35
2011.05.06 11:02:12.326,1.36019,1.36045,1.50,1.35
2011.05.06 11:02:12.436,1.36018,1.36045,1.50,1.35
2011.05.06 11:02:12.768,1.36014,1.3604,1.50,2.10
2011.05.06 11:02:12.992,1.36011,1.36037,2.40,2.10
2011.05.06 11:02:13.330,1.36012,1.36037,2.10,1.50
2011.05.06 11:02:13.666,1.36025,1.36048,1.50,2.10
2011.05.06 11:02:13.996,1.36025,1.36052,2.25,2.78
2011.05.06 11:02:14.219,1.36028,1.36053,1.50,1.35
2011.05.06 11:02:14.557,1.36031,1.36055,1.50,2.25
2011.05.06 11:02:14.887,1.36031,1.36055,1.50,1.35
2011.05.06 11:02:16.075,1.36031,1.36056,1.50,1.50
2011.05.06 11:02:16.296,1.36031,1.36056,1.50,1.50
2011.05.06 11:02:16.515,1.36028,1.36054,1.50,1.50
2011.05.06 11:02:16.846,1.36032,1.36059,1.50,1.50
2011.05.06 11:02:17.066,1.36036,1.36061,1.50,1.35
2011.05.06 11:02:17.398,1.36036,1.36061,1.50,2.10
2011.05.06 11:02:18.385,1.36033,1.36059,1.50,1.50
2011.05.06 11:02:20.857,1.36032,1.3606,1.50,1.50
2011.05.06 11:02:21.404,1.36033,1.36059,1.50,1.50
2011.05.06 11:02:21.516,1.36032,1.36057,1.50,1.50
2011.05.06 11:02:22.066,1.36029,1.36054,1.50,1.35
2011.05.06 11:02:22.396,1.3603,1.36054,1.50,1.35
2011.05.06 11:02:22.618,1.36035,1.36062,1.50,2.25
2011.05.06 11:02:22.727,1.36035,1.36062,1.50,2.25
2011.05.06 11:02:22.948,1.36035,1.36064,1.50,1.35
2011.05.06 11:02:23.057,1.36032,1.36055,1.50,2.10
2011.05.06 11:02:23.166,1.36031,1.36052,1.50,1.35
2011.05.06 11:02:23.824,1.36031,1.36053,1.50,1.35
2011.05.06 11:02:23.944,1.36027,1.36049,1.50,1.50
2011.05.06 11:02:24.276,1.36024,1.36043,1.50,1.35
2011.05.06 11:02:24.826,1.36022,1.36043,1.50,1.35
2011.05.06 11:02:25.507,1.36021,1.36043,1.50,1.35
2011.05.06 11:02:25.837,1.36016,1.3604,1.50,1.50
2011.05.06 11:02:26.056,1.36016,1.36036,1.50,1.35
2011.05.06 11:02:26.387,1.36011,1.36034,1.50,1.35
2011.05.06 11:02:26.608,1.36011,1.36037,1.50,1.35
2011.05.06 11:02:27.073,1.36011,1.36036,1.50,1.50
2011.05.06 11:02:27.194,1.36013,1.36036,1.50,1.50
2011.05.06 11:02:27.530,1.36008,1.36034,1.50,1.35
2011.05.06 11:02:27.869,1.36011,1.36037,1.35,1.50
2011.05.06 11:02:28.316,1.36016,1.3604,1.35,2.40
2011.05.06 11:02:28.429,1.3602,1.3605,1.50,3.60
2011.05.06 11:02:28.547,1.3602,1.3605,2.10,1.50
2011.05.06 11:02:28.657,1.36023,1.3605,1.35,1.50
2011.05.06 11:02:28.985,1.36026,1.36055,1.50,1.35
2011.05.06 11:02:29.316,1.36028,1.36055,1.50,1.35
2011.05.06 11:02:30.018,1.36028,1.36056,1.50,1.35
2011.05.06 11:02:30.348,1.36033,1.36061,2.25,1.50
2011.05.06 11:02:30.457,1.36033,1.36063,3.00,2.85
2011.05.06 11:02:30.676,1.36038,1.36063,1.50,2.10
2011.05.06 11:02:30.896,1.36038,1.36063,1.50,2.10
2011.05.06 11:02:31.118,1.36038,1.36063,1.50,1.35
2011.05.06 11:02:32.326,1.36038,1.36057,1.50,2.40
2011.05.06 11:02:32.436,1.36034,1.36052,2.25,1.50
2011.05.06 11:02:32.877,1.36036,1.36062,1.50,1.50
2011.05.06 11:02:33.096,1.36041,1.36062,1.50,1.50
2011.05.06 11:02:33.648,1.36041,1.36064,1.50,1.50
2011.05.06 11:02:33.979,1.36046,1.36077,1.35,2.10
2011.05.06 11:02:34.546,1.36049,1.36077,1.50,1.50
2011.05.06 11:02:35.205,1.36048,1.36075,1.50,1.35
2011.05.06 11:02:35.425,1.36048,1.36075,1.50,1.35
2011.05.06 11:02:36.196,1.36046,1.36075,1.50,2.10
2011.05.06 11:02:36.965,1.36046,1.36073,1.50,5.25
2011.05.06 11:02:37.296,1.36046,1.3607,1.50,5.25
2011.05.06 11:02:37.407,1.36041,1.36069,1.50,1.50
2011.05.06 11:02:42.486,1.36041,1.3607,1.50,2.25
2011.05.06 11:02:43.416,1.36041,1.36069,1.50,1.50
2011.05.06 11:02:46.526,1.36041,1.3607,2.25,1.50
2011.05.06 11:02:49.055,1.36042,1.36069,1.50,1.50
2011.05.06 11:02:49.277,1.36035,1.36064,1.50,1.50
2011.05.06 11:02:49.607,1.36031,1.36053,1.50,1.50
2011.05.06 11:02:50.158,1.36031,1.36053,1.50,1.50
2011.05.06 11:02:50.488,1.36032,1.36058,1.50,3.15
2011.05.06 11:02:50.607,1.36034,1.36062,2.25,1.35
2011.05.06 11:02:50.830,1.3604,1.36062,1.50,1.35
2011.05.06 11:02:51.275,1.36042,1.36067,1.50,1.50
2011.05.06 11:02:54.666,1.36041,1.36063,1.50,1.50
2011.05.06 11:02:54.997,1.36046,1.36069,1.50,3.90
2011.05.06 11:02:55.227,1.36046,1.3607,1.50,1.35
2011.05.06 11:02:55.557,1.36044,1.36068,1.50,1.50
2011.05.06 11:02:56.105,1.36045,1.36068,1.50,1.50
2011.05.06 11:02:59.107,1.36046,1.36068,1.50,1.50
2011.05.06 11:02:59.777,1.36044,1.36063,1.50,1.50
2011.05.06 11:02:59.997,1.36041,1.36062,1.50,1.50
2011.05.06 11:03:00.217,1.36039,1.36062,1.50,1.50
2011.05.06 11:03:00.656,1.36038,1.36065,2.25,2.25
2011.05.06 11:03:00.877,1.36034,1.36063,2.85,1.50
2011.05.06 11:03:00.986,1.36034,1.36059,1.35,1.50
2011.05.06 11:03:01.205,1.36029,1.36059,2.10,2.25
2011.05.06 11:03:01.315,1.3603,1.36059,1.35,1.50
2011.05.06 11:03:01.801,1.3603,1.36059,1.35,2.25
2011.05.06 11:03:01.924,1.36035,1.36064,1.35,1.50
2011.05.06 11:03:02.038,1.36035,1.36065,2.10,1.35
2011.05.06 11:03:02.585,1.3604,1.36068,1.50,2.10
2011.05.06 11:03:02.697,1.36042,1.36069,1.35,1.50
2011.05.06 11:03:02.809,1.36044,1.36071,1.50,1.50
2011.05.06 11:03:03.035,1.36044,1.36072,1.50,2.25
2011.05.06 11:03:04.148,1.36043,1.36068,1.50,1.35
2011.05.06 11:03:04.476,1.36041,1.36068,1.50,2.85
2011.05.06 11:03:04.806,1.36041,1.36067,1.35,1.50
2011.05.06 11:03:05.355,1.36039,1.36064,2.10,1.50
2011.05.06 11:03:07.831,1.36036,1.36059,2.25,4.50
2011.05.06 11:03:08.056,1.36034,1.36052,1.65,1.50
2011.05.06 11:03:08.168,1.36029,1.36059,1.35,3.15
2011.05.06 11:03:08.279,1.36029,1.36058,1.35,2.40
2011.05.06 11:03:08.620,1.36029,1.36053,1.35,1.50
2011.05.06 11:03:08.846,1.36029,1.36053,1.35,1.50
2011.05.06 11:03:09.289,1.36029,1.36056,1.35,1.50
2011.05.06 11:03:09.396,1.36029,1.36061,2.10,2.10
2011.05.06 11:03:09.727,1.36035,1.36065,1.35,1.35
2011.05.06 11:03:10.569,1.36032,1.36062,2.10,1.35
2011.05.06 11:03:11.368,1.36035,1.36066,2.25,1.50
2011.05.06 11:03:11.589,1.36035,1.36056,1.50,1.35
2011.05.06 11:03:11.820,1.36036,1.36062,2.40,1.35
2011.05.06 11:03:12.046,1.36034,1.36063,1.50,2.10
2011.05.06 11:03:12.265,1.36034,1.36061,1.50,4.50
2011.05.06 11:03:12.381,1.36033,1.36056,2.25,1.35
2011.05.06 11:03:13.265,1.36031,1.36058,1.50,1.50
2011.05.06 11:03:16.936,1.36031,1.36054,1.50,1.50
2011.05.06 11:03:17.158,1.36028,1.36055,1.50,1.50
2011.05.06 11:03:17.268,1.36029,1.36055,1.50,1.50
2011.05.06 11:03:17.486,1.36029,1.36059,1.50,1.50
2011.05.06 11:03:17.595,1.36029,1.36059,2.25,1.50
2011.05.06 11:03:19.767,1.36033,1.36062,1.50,1.50
2011.05.06 11:03:19.876,1.36033,1.36063,1.50,1.50
2011.05.06 11:03:20.097,1.36036,1.36068,1.50,1.50
2011.05.06 11:03:20.205,1.36037,1.36068,1.50,1.50
2011.05.06 11:03:24.418,1.36037,1.36068,1.50,1.50
2011.05.06 11:03:24.526,1.36039,1.36068,2.25,1.50
2011.05.06 11:03:25.076,1.36039,1.36067,1.50,1.50
2011.05.06 11:03:25.296,1.36039,1.36067,2.25,1.50
2011.05.06 11:03:25.517,1.36039,1.36068,3.00,1.50
2011.05.06 11:03:26.066,1.36039,1.36068,1.50,1.50
2011.05.06 11:03:26.627,1.36039,1.36068,2.25,1.50
2011.05.06 11:03:30.446,1.36039,1.36067,2.25,1.50
2011.05.06 11:03:30.887,1.36036,1.36064,2.25,1.50
2011.05.06 11:03:30.999,1.36035,1.36064,2.25,1.50
2011.05.06 11:03:31.117,1.36035,1.36064,1.50,1.50
2011.05.06 11:03:31.638,1.36035,1.36064,1.50,2.10
2011.05.06 11:03:32.906,1.36034,1.36063,1.35,2.25
2011.05.06 11:03:33.018,1.36035,1.36063,1.50,2.25
2011.05.06 11:03:33.564,1.36035,1.36064,1.50,2.10
2011.05.06 11:03:34.347,1.36036,1.36064,1.50,1.35
2011.05.06 11:03:34.896,1.36035,1.36063,2.25,1.50
2011.05.06 11:03:35.808,1.36038,1.36063,1.50,1.50
2011.05.06 11:03:36.135,1.36041,1.36065,1.50,1.35
2011.05.06 11:03:36.356,1.36042,1.3607,1.35,2.25
2011.05.06 11:03:36.687,1.36048,1.36074,2.10,2.40
2011.05.06 11:03:37.017,1.36045,1.36069,1.50,1.50
2011.05.06 11:03:37.125,1.36045,1.36069,1.50,1.50
2011.05.06 11:03:37.455,1.36046,1.36071,1.50,2.40
2011.05.06 11:03:37.567,1.36046,1.36072,1.50,1.35
2011.05.06 11:03:37.787,1.36047,1.36072,1.50,1.50
2011.05.06 11:03:38.118,1.36047,1.36073,1.50,1.35
2011.05.06 11:03:38.446,1.36048,1.36073,2.25,1.35
2011.05.06 11:03:38.668,1.3605,1.36073,1.50,1.35
2011.05.06 11:03:38.885,1.3605,1.36073,1.50,2.10
2011.05.06 11:03:39.107,1.3605,1.36073,1.50,2.10
2011.05.06 11:03:40.181,1.3605,1.36074,2.10,1.50
2011.05.06 11:03:40.521,1.36049,1.36072,1.50,2.10
2011.05.06 11:03:41.076,1.36045,1.36072,1.50,2.10
2011.05.06 11:03:41.736,1.36045,1.36072,1.50,2.10
2011.05.06 11:03:42.287,1.36049,1.36073,1.50,1.35
2011.05.06 11:03:42.507,1.36049,1.36073,1.50,1.35
2011.05.06 11:03:42.875,1.36049,1.36073,1.50,1.35
2011.05.06 11:03:43.585,1.36045,1.36072,1.50,1.35
2011.05.06 11:03:44.074,1.36044,1.36071,2.25,1.50
2011.05.06 11:03:45.726,1.36047,1.36072,1.50,2.10
2011.05.06 11:03:45.949,1.36044,1.36069,1.50,4.50
2011.05.06 11:03:46.290,1.36037,1.36062,1.35,1.50
2011.05.06 11:03:46.407,1.36036,1.3606,1.50,1.35
2011.05.06 11:03:46.517,1.36032,1.36056,1.50,1.50
2011.05.06 11:03:46.737,1.3603,1.36056,1.50,2.25
2011.05.06 11:03:46.845,1.36028,1.36056,2.25,2.25
2011.05.06 11:03:48.387,1.3603,1.36056,1.50,1.50
2011.05.06 11:03:48.935,1.36032,1.36062,1.35,1.50
2011.05.06 11:03:50.286,1.36035,1.36061,1.50,1.50
2011.05.06 11:03:50.836,1.36034,1.36061,1.50,1.50
2011.05.06 11:03:51.575,1.36034,1.36062,1.50,1.50
2011.05.06 11:03:52.125,1.36035,1.36064,2.25,2.10
2011.05.06 11:03:52.677,1.36036,1.36064,1.35,1.50
2011.05.06 11:03:53.007,1.36038,1.36066,1.50,1.50
2011.05.06 11:03:53.337,1.36038,1.3606,1.50,1.50
2011.05.06 11:03:53.887,1.36037,1.3606,1.50,1.50
2011.05.06 11:03:54.645,1.36038,1.3606,1.50,1.50
2011.05.06 11:03:54.978,1.3604,1.36065,1.50,1.35
2011.05.06 11:03:55.525,1.36041,1.36067,1.50,1.35
2011.05.06 11:03:56.685,1.36043,1.36067,1.50,1.35
2011.05.06 11:03:56.797,1.36041,1.36071,2.10,1.35
2011.05.06 11:03:57.126,1.36045,1.36071,1.50,1.35
2011.05.06 11:03:59.455,1.36045,1.36071,2.25,2.10
2011.05.06 11:03:59.954,1.36045,1.36071,1.50,1.35
2011.05.06 11:04:01.666,1.36042,1.3607,2.25,1.50
2011.05.06 11:04:01.996,1.3604,1.36068,1.50,2.10
2011.05.06 11:04:02.328,1.36042,1.36068,1.50,1.35
2011.05.06 11:04:02.438,1.3604,1.36068,1.50,1.35
2011.05.06 11:04:04.336,1.3604,1.36065,1.50,1.35
2011.05.06 11:04:04.667,1.3604,1.36065,1.50,1.35
2011.05.06 11:04:05.211,1.36038,1.36065,1.50,1.35
2011.05.06 11:04:06.205,1.36037,1.36065,1.50,1.35
2011.05.06 11:04:07.076,1.36037,1.36065,2.25,2.10
2011.05.06 11:04:08.409,1.36037,1.36065,2.25,1.35
2011.05.06 11:04:08.629,1.36041,1.36068,2.25,1.50
2011.05.06 11:04:08.967,1.36048,1.36069,1.50,1.35
2011.05.06 11:04:09.296,1.36041,1.36069,1.50,1.35
2011.05.06 11:04:09.727,1.3604,1.36065,1.50,1.50
2011.05.06 11:04:10.311,1.36038,1.36057,1.50,1.50
2011.05.06 11:04:10.546,1.3603,1.36056,1.50,1.50
2011.05.06 11:04:11.096,1.36031,1.36057,1.50,2.10
2011.05.06 11:04:12.536,1.36031,1.36057,1.50,2.10
2011.05.06 11:04:19.575,1.36031,1.36057,1.50,2.10
2011.05.06 11:04:20.385,1.36034,1.36057,1.50,1.50
2011.05.06 11:04:20.607,1.36035,1.36061,1.50,1.50
2011.05.06 11:04:20.826,1.36032,1.3606,2.10,1.50
2011.05.06 11:04:21.045,1.36032,1.3606,2.10,2.25
2011.05.06 11:04:28.288,1.36034,1.3606,1.50,1.50
2011.05.06 11:04:28.398,1.36037,1.36063,2.10,2.40
2011.05.06 11:04:28.508,1.36037,1.36063,2.85,1.65
2011.05.06 11:04:29.256,1.36037,1.36065,2.85,1.50
2011.05.06 11:04:30.017,1.3604,1.36066,1.50,1.50
2011.05.06 11:04:30.236,1.36043,1.36067,1.50,1.35
2011.05.06 11:04:33.837,1.36043,1.36068,1.50,1.35
2011.05.06 11:04:34.497,1.36043,1.36067,1.50,1.35
2011.05.06 11:04:38.707,1.3604,1.36067,2.40,2.85
2011.05.06 11:04:38.817,1.3604,1.36066,2.40,2.25
2011.05.06 11:04:39.036,1.36038,1.36065,1.50,1.50
2011.05.06 11:04:39.366,1.36036,1.36065,1.35,2.25
2011.05.06 11:04:41.415,1.36035,1.36064,2.25,1.35
2011.05.06 11:04:42.184,1.36035,1.36064,1.50,2.10
2011.05.06 11:04:43.757,1.36035,1.36064,1.50,2.10
2011.05.06 11:04:44.468,1.36037,1.36064,1.50,1.35
2011.05.06 11:04:46.197,1.36037,1.36064,1.50,1.35
2011.05.06 11:04:46.528,1.36038,1.36061,1.50,1.50
2011.05.06 11:04:46.748,1.36038,1.36065,2.10,1.50
2011.05.06 11:04:46.966,1.36038,1.36065,2.10,1.50
2011.05.06 11:04:48.816,1.36038,1.36065,2.10,1.50
2011.05.06 11:04:50.905,1.36038,1.36065,2.10,1.50
2011.05.06 11:04:51.239,1.36038,1.36065,2.10,2.25
2011.05.06 11:04:51.467,1.36038,1.36064,1.35,1.50
2011.05.06 11:04:52.636,1.36037,1.36066,2.25,1.50
2011.05.06 11:04:53.185,1.36038,1.36066,1.50,1.50
2011.05.06 11:04:53.408,1.36039,1.36067,1.50,1.35
2011.05.06 11:04:53.517,1.3604,1.36068,1.50,1.35
2011.05.06 11:04:56.335,1.36043,1.36067,1.50,2.10
2011.05.06 11:04:56.891,1.36043,1.36067,1.50,1.35
2011.05.06 11:04:57.414,1.36043,1.36067,1.50,1.35
2011.05.06 11:04:57.745,1.36043,1.3607,1.50,4.50
2011.05.06 11:04:57.965,1.36043,1.3607,1.50,2.85
2011.05.06 11:04:58.974,1.36043,1.3607,1.50,2.85
2011.05.06 11:04:59.194,1.36043,1.3607,1.50,2.85
2011.05.06 11:04:59.744,1.36043,1.3607,1.50,2.85
2011.05.06 11:05:00.404,1.36043,1.3607,1.50,2.85
2011.05.06 11:05:01.477,1.36045,1.3607,1.50,2.10
2011.05.06 11:05:01.697,1.36048,1.36075,1.35,1.50
2011.05.06 11:05:02.151,1.36048,1.36077,1.35,2.25
2011.05.06 11:05:02.595,1.36049,1.36076,1.50,1.50
2011.05.06 11:05:02.927,1.36048,1.36076,2.85,2.25
2011.05.06 11:05:09.294,1.36048,1.36076,2.10,2.25
2011.05.06 11:05:09.625,1.36048,1.36072,1.50,2.85
2011.05.06 11:05:10.176,1.36042,1.36068,2.10,1.50
2011.05.06 11:05:10.725,1.36042,1.36068,2.10,1.50
2011.05.06 11:05:11.167,1.36042,1.36072,2.10,1.50
2011.05.06 11:05:11.386,1.36045,1.36068,1.50,1.50
2011.05.06 11:05:11.607,1.36045,1.36068,1.50,1.50
2011.05.06 11:05:11.936,1.3605,1.3607,1.50,1.50
2011.05.06 11:05:12.155,1.3605,1.3607,1.50,1.50
2011.05.06 11:05:12.704,1.36046,1.36068,1.50,1.50
2011.05.06 11:05:13.795,1.36046,1.36068,1.50,2.10
2011.05.06 11:05:17.305,1.36046,1.36068,1.50,1.35
2011.05.06 11:05:17.745,1.36046,1.36069,1.50,1.50
2011.05.06 11:05:18.267,1.36046,1.36072,2.25,2.25
2011.05.06 11:05:18.487,1.36046,1.36071,1.50,1.35
2011.05.06 11:05:18.864,1.36046,1.3607,1.50,1.35
2011.05.06 11:05:19.522,1.36046,1.3607,1.50,1.35
2011.05.06 11:05:20.305,1.36046,1.36073,1.50,1.35
2011.05.06 11:05:22.202,1.36046,1.36073,1.50,1.35
2011.05.06 11:05:22.536,1.36046,1.36068,1.50,1.50
2011.05.06 11:05:22.865,1.36046,1.36067,1.50,1.35
2011.05.06 11:05:23.085,1.36046,1.36067,1.50,1.35
2011.05.06 11:05:23.385,1.36046,1.36067,1.50,1.35
2011.05.06 11:05:24.904,1.36046,1.36068,1.50,1.35
2011.05.06 11:05:25.454,1.36046,1.36067,1.50,1.35
2011.05.06 11:05:26.004,1.36046,1.36068,1.50,2.10
2011.05.06 11:05:26.156,1.36046,1.36068,1.50,1.50
2011.05.06 11:05:27.565,1.36046,1.36068,1.50,2.10
2011.05.06 11:05:28.087,1.36049,1.36073,1.50,2.40
2011.05.06 11:05:28.198,1.36051,1.36074,1.50,1.35
2011.05.06 11:05:28.754,1.36048,1.36074,2.25,2.10
2011.05.06 11:05:29.336,1.36048,1.36074,1.50,2.10
2011.05.06 11:05:29.555,1.36048,1.36074,1.50,1.35
2011.05.06 11:05:31.195,1.36047,1.36074,2.25,1.35
2011.05.06 11:05:31.545,1.36048,1.36074,1.50,1.35
2011.05.06 11:05:31.656,1.36047,1.36074,1.50,2.10
2011.05.06 11:05:32.532,1.36047,1.36074,1.50,1.35
2011.05.06 11:05:34.055,1.36048,1.36074,1.50,1.35
2011.05.06 11:05:34.755,1.3605,1.36074,1.50,1.35
2011.05.06 11:05:36.646,1.3605,1.36074,1.50,2.10
2011.05.06 11:05:37.856,1.36048,1.36074,1.50,2.85
2011.05.06 11:05:38.075,1.36046,1.36074,1.50,2.85
2011.05.06 11:05:38.295,1.36044,1.36074,1.50,2.85
2011.05.06 11:05:38.516,1.36044,1.36073,1.50,1.50
2011.05.06 11:05:39.416,1.36044,1.36073,1.50,1.50
2011.05.06 11:05:39.746,1.36048,1.36074,1.50,1.35
2011.05.06 11:05:39.964,1.36048,1.36074,2.25,1.35
2011.05.06 11:05:42.726,1.36048,1.36073,1.50,2.40
2011.05.06 11:05:43.054,1.36047,1.3607,1.50,1.50
2011.05.06 11:05:43.875,1.36048,1.36073,1.50,1.65
2011.05.06 11:05:44.588,1.36047,1.36074,2.25,2.10
2011.05.06 11:05:46.517,1.36047,1.36074,1.50,2.10
2011.05.06 11:05:46.737,1.36042,1.36064,2.25,1.50
2011.05.06 11:05:46.847,1.36038,1.36064,1.50,2.25
2011.05.06 11:05:46.956,1.36037,1.36064,2.25,2.25
2011.05.06 11:05:47.644,1.36038,1.36064,1.50,2.25
2011.05.06 11:05:49.925,1.36038,1.36064,1.50,1.50
2011.05.06 11:05:51.031,1.36038,1.36064,1.50,1.50
2011.05.06 11:05:52.868,1.36041,1.36065,1.50,1.50
2011.05.06 11:05:53.425,1.36041,1.36066,1.50,1.50
2011.05.06 11:05:54.254,1.36041,1.36066,1.50,1.50
2011.05.06 11:05:54.365,1.36041,1.36063,1.50,2.10
2011.05.06 11:05:58.095,1.36041,1.36063,1.50,1.35
2011.05.06 11:05:58.425,1.36041,1.36063,1.50,1.35
2011.05.06 11:06:01.296,1.36041,1.36062,1.50,1.35
2011.05.06 11:06:01.406,1.36038,1.36059,1.50,2.40
2011.05.06 11:06:01.517,1.36038,1.36059,1.50,2.40
2011.05.06 11:06:01.738,1.36038,1.3606,1.50,1.50
2011.05.06 11:06:02.077,1.36051,1.36061,1.50,1.65
2011.05.06 11:06:02.187,1.36051,1.3607,1.50,2.10
2011.05.06 11:06:02.297,1.36046,1.3607,1.50,1.35
2011.05.06 11:06:02.517,1.36046,1.36068,1.50,1.50
2011.05.06 11:06:02.627,1.36044,1.36062,1.50,1.50
2011.05.06 11:06:02.735,1.36042,1.36062,1.50,1.50
2011.05.06 11:06:02.845,1.36042,1.36063,1.50,2.10
2011.05.06 11:06:03.179,1.36042,1.36066,1.50,1.50
2011.05.06 11:06:03.297,1.36043,1.3607,1.50,1.50
2011.05.06 11:06:03.406,1.36045,1.36072,1.50,2.10
2011.05.06 11:06:04.032,1.36044,1.3607,1.50,1.50
2011.05.06 11:06:06.636,1.36044,1.3607,1.50,3.15
2011.05.06 11:06:08.145,1.36044,1.3607,1.50,3.15
2011.05.06 11:06:08.474,1.36044,1.3607,1.50,3.15
2011.05.06 11:06:09.866,1.36049,1.3607,1.50,1.50
2011.05.06 11:06:12.306,1.36049,1.36072,1.50,2.10
2011.05.06 11:06:12.836,1.36049,1.36073,1.50,1.50
2011.05.06 11:06:16.225,1.36051,1.36075,1.50,1.50
2011.05.06 11:06:16.665,1.3605,1.36076,1.50,1.50
2011.05.06 11:06:16.996,1.36047,1.3607,1.50,1.35
2011.05.06 11:06:17.545,1.36048,1.3607,1.50,1.35
2011.05.06 11:06:17.875,1.36051,1.3607,1.50,1.35
2011.05.06 11:06:18.094,1.36051,1.3607,1.50,1.35
2011.05.06 11:06:18.985,1.36051,1.36071,1.50,1.35
2011.05.06 11:06:19.096,1.36052,1.36071,2.25,1.35
2011.05.06 11:06:19.211,1.36054,1.3608,1.50,1.50
2011.05.06 11:06:19.435,1.36054,1.3608,1.50,1.50
2011.05.06 11:06:19.766,1.36057,1.36081,1.50,3.75
2011.05.06 11:06:20.418,1.36057,1.36081,2.25,1.35
2011.05.06 11:06:20.976,1.36051,1.36075,2.25,1.50
2011.05.06 11:06:21.087,1.36051,1.36075,2.25,1.50
2011.05.06 11:06:22.425,1.36051,1.36075,1.50,1.35
2011.05.06 11:06:23.836,1.36055,1.36077,1.35,2.40
2011.05.06 11:06:24.057,1.36058,1.36083,2.25,1.50
2011.05.06 11:06:24.278,1.36058,1.36084,1.50,1.50
2011.05.06 11:06:24.507,1.36058,1.36085,1.50,1.35
2011.05.06 11:06:24.838,1.36052,1.36078,1.50,1.35
2011.05.06 11:06:24.947,1.36051,1.36078,1.50,2.10
2011.05.06 11:06:25.055,1.36051,1.36072,1.50,1.35
2011.05.06 11:06:25.683,1.36047,1.36066,1.50,1.50
2011.05.06 11:06:25.801,1.36041,1.36067,1.50,1.35
2011.05.06 11:06:25.917,1.36041,1.36068,1.50,1.35
2011.05.06 11:06:26.467,1.36041,1.36067,2.25,1.35
2011.05.06 11:06:29.566,1.36044,1.36067,1.50,1.35
2011.05.06 11:06:29.894,1.36045,1.36067,1.50,1.35
2011.05.06 11:06:30.115,1.36045,1.3607,1.50,1.50
2011.05.06 11:06:30.336,1.36045,1.3607,1.50,2.85
2011.05.06 11:06:30.926,1.36045,1.3607,1.50,1.50
2011.05.06 11:06:31.255,1.36045,1.36066,1.50,1.35
2011.05.06 11:06:31.588,1.36049,1.36066,1.50,1.35
2011.05.06 11:06:31.916,1.36046,1.36066,1.50,1.35
2011.05.06 11:06:34.435,1.36047,1.36069,1.50,3.15
2011.05.06 11:06:34.656,1.36047,1.36068,1.50,1.50
2011.05.06 11:06:35.245,1.36047,1.36069,1.50,1.50
2011.05.06 11:06:38.536,1.36047,1.36067,1.50,1.35
2011.05.06 11:06:44.225,1.36044,1.36066,1.50,1.35
2011.05.06 11:06:45.246,1.36044,1.36066,1.50,1.35
2011.05.06 11:06:46.386,1.36044,1.36067,1.50,1.35
2011.05.06 11:06:49.196,1.36044,1.36066,1.50,1.35
2011.05.06 11:06:49.418,1.36039,1.36056,1.50,4.50
2011.05.06 11:06:49.637,1.36027,1.36049,1.50,1.50
2011.05.06 11:06:50.457,1.36029,1.36056,1.50,2.40
2011.05.06 11:06:50.798,1.36025,1.36048,3.15,1.35
2011.05.06 11:06:51.347,1.36025,1.36048,1.50,2.10
2011.05.06 11:06:51.566,1.36025,1.36048,1.50,1.35
2011.05.06 11:06:52.229,1.36025,1.36048,1.50,2.10
2011.05.06 11:06:52.730,1.36025,1.36048,1.50,3.75
2011.05.06 11:06:53.274,1.36025,1.36048,1.50,3.75
2011.05.06 11:06:53.877,1.36025,1.36048,1.50,3.75
2011.05.06 11:06:54.488,1.36025,1.36048,1.50,3.75
2011.05.06 11:06:55.065,1.3602,1.36047,1.50,1.50
2011.05.06 11:06:56.168,1.3602,1.36046,1.50,1.50
2011.05.06 11:06:56.279,1.3602,1.36045,1.50,1.35
2011.05.06 11:06:56.506,1.36017,1.36039,2.40,1.50
2011.05.06 11:06:56.616,1.36016,1.36032,1.50,1.35
2011.05.06 11:06:56.730,1.36009,1.36033,3.75,1.50
2011.05.06 11:06:57.179,1.36012,1.36037,1.50,1.35
2011.05.06 11:06:57.516,1.36014,1.36037,1.50,1.35
2011.05.06 11:06:57.847,1.36014,1.36038,1.50,1.35
2011.05.06 11:06:58.444,1.36014,1.36039,1.50,1.35
2011.05.06 11:06:58.775,1.36014,1.36039,1.50,1.35
2011.05.06 11:07:00.421,1.36019,1.36043,1.50,2.40
2011.05.06 11:07:00.758,1.36021,1.36044,1.50,1.35
2011.05.06 11:07:01.085,1.36021,1.36044,1.50,1.35
2011.05.06 11:07:01.308,1.36024,1.36048,1.50,1.50
2011.05.06 11:07:01.537,1.36025,1.36048,1.50,2.25
2011.05.06 11:07:01.864,1.36025,1.36049,1.50,2.10
2011.05.06 11:07:01.976,1.36025,1.36052,1.50,1.50
2011.05.06 11:07:02.195,1.36029,1.36053,1.50,1.88
2011.05.06 11:07:02.855,1.36031,1.36058,1.50,1.50
2011.05.06 11:07:03.544,1.36031,1.36058,1.50,1.50
2011.05.06 11:07:03.775,1.36031,1.36058,1.50,1.50
2011.05.06 11:07:04.435,1.36031,1.36058,1.50,1.50
2011.05.06 11:07:04.877,1.36031,1.36059,1.50,2.10
2011.05.06 11:07:05.955,1.36031,1.36059,1.50,2.10
2011.05.06 11:07:06.535,1.36031,1.36059,1.50,2.10
2011.05.06 11:07:09.376,1.36031,1.36059,2.25,2.10
2011.05.06 11:07:09.595,1.36031,1.36059,2.25,2.10
2011.05.06 11:07:10.146,1.36032,1.36059,1.50,1.35
2011.05.06 11:07:10.255,1.36032,1.36059,1.50,1.35
2011.05.06 11:07:10.485,1.36031,1.36059,1.50,1.35
2011.05.06 11:07:10.596,1.36029,1.36056,3.75,1.50
2011.05.06 11:07:10.818,1.36029,1.36056,2.10,1.50
2011.05.06 11:07:11.147,1.36031,1.36056,2.40,1.50
2011.05.06 11:07:11.475,1.36031,1.36055,1.50,2.85
2011.05.06 11:07:12.369,1.3603,1.36057,2.25,1.50
2011.05.06 11:07:12.486,1.36032,1.36059,2.25,1.35
2011.05.06 11:07:12.936,1.36032,1.36059,1.50,1.35
2011.05.06 11:07:13.987,1.36032,1.36045,1.50,1.35
2011.05.06 11:07:14.207,1.36028,1.36044,3.15,1.50
2011.05.06 11:07:14.535,1.36026,1.36049,1.50,1.35
2011.05.06 11:07:16.434,1.36026,1.36048,1.50,1.35
2011.05.06 11:07:16.765,1.36026,1.36043,1.50,1.50
2011.05.06 11:07:16.875,1.36025,1.36043,1.50,1.50
2011.05.06 11:07:17.355,1.36023,1.36047,1.50,2.40
2011.05.06 11:07:17.465,1.36023,1.36047,1.50,1.65
2011.05.06 11:07:18.106,1.36023,1.36049,1.50,1.35
2011.05.06 11:07:18.945,1.36023,1.36049,1.50,1.35
2011.05.06 11:07:19.166,1.36023,1.36052,2.25,1.35
2011.05.06 11:07:19.679,1.36026,1.36052,1.50,2.10
2011.05.06 11:07:20.236,1.36026,1.36052,1.50,1.35
2011.05.06 11:07:22.216,1.36026,1.36052,1.50,1.35
2011.05.06 11:07:23.255,1.36026,1.36054,1.50,2.10
2011.05.06 11:07:25.546,1.36026,1.36055,1.50,1.35
2011.05.06 11:07:25.656,1.36027,1.36056,1.35,3.15
2011.05.06 11:07:25.874,1.36027,1.36054,3.00,1.50
2011.05.06 11:07:26.597,1.36027,1.36054,1.35,1.50
2011.05.06 11:07:28.888,1.36031,1.36055,1.50,2.25
2011.05.06 11:07:31.616,1.36034,1.36059,1.50,1.35
2011.05.06 11:07:31.725,1.36034,1.36061,1.50,1.50
2011.05.06 11:07:32.276,1.36034,1.36061,1.50,1.50
2011.05.06 11:07:32.386,1.36036,1.36063,1.50,1.35
2011.05.06 11:07:35.908,1.36037,1.36064,1.50,1.35
2011.05.06 11:07:36.126,1.36036,1.36063,2.25,1.35
2011.05.06 11:07:36.346,1.36037,1.36064,1.50,1.35
2011.05.06 11:07:36.565,1.36038,1.36064,1.50,2.10
2011.05.06 11:07:38.916,1.36037,1.36063,2.25,1.35
2011.05.06 11:07:39.575,1.36037,1.36064,1.50,1.50
2011.05.06 11:07:40.794,1.36038,1.36064,1.50,1.50
2011.05.06 11:07:41.244,1.36038,1.36064,1.50,1.50
2011.05.06 11:07:41.579,1.36038,1.36063,1.50,1.50
2011.05.06 11:07:41.916,1.36041,1.36064,1.50,2.40
2011.05.06 11:07:42.028,1.36038,1.36062,1.50,2.40
2011.05.06 11:07:42.246,1.36038,1.36061,1.50,3.15
2011.05.06 11:07:42.356,1.36038,1.36061,1.50,1.50
2011.05.06 11:07:42.685,1.36038,1.3606,1.50,3.15
2011.05.06 11:07:45.425,1.36034,1.36055,2.10,2.40
2011.05.06 11:07:45.756,1.36034,1.36058,1.50,1.35
2011.05.06 11:07:48.284,1.36034,1.36058,1.50,2.10
2011.05.06 11:07:48.435,1.36034,1.36058,1.50,1.50
2011.05.06 11:07:48.656,1.36034,1.36061,1.50,3.90
2011.05.06 11:07:48.874,1.36037,1.36058,1.50,1.50
2011.05.06 11:07:49.706,1.36037,1.3606,1.50,3.15
2011.05.06 11:07:50.145,1.36037,1.36062,1.50,1.50
2011.05.06 11:07:51.049,1.3604,1.36064,1.35,2.40
2011.05.06 11:07:51.386,1.36043,1.36069,1.50,2.40
2011.05.06 11:07:51.608,1.36043,1.36071,1.50,2.10
2011.05.06 11:07:52.154,1.36046,1.36074,1.50,3.60
2011.05.06 11:07:53.525,1.36045,1.36074,2.25,4.35
2011.05.06 11:07:55.069,1.36045,1.3607,2.25,1.35
2011.05.06 11:07:55.298,1.36048,1.36072,1.50,1.65
2011.05.06 11:07:55.415,1.36048,1.36074,1.50,1.50
2011.05.06 11:07:55.635,1.36046,1.36074,2.10,1.50
2011.05.06 11:07:56.185,1.36046,1.36074,1.35,2.25
2011.05.06 11:07:57.415,1.36047,1.36074,1.50,1.50
2011.05.06 11:07:57.854,1.36047,1.36074,1.50,1.50
2011.05.06 11:07:58.645,1.36047,1.36074,1.50,1.50
2011.05.06 11:08:00.745,1.36047,1.36074,1.50,1.50
2011.05.06 11:08:05.104,1.36046,1.36074,2.10,1.50
2011.05.06 11:08:05.638,1.36044,1.36067,1.50,1.50
2011.05.06 11:08:05.760,1.36042,1.36067,1.50,1.50
2011.05.06 11:08:07.265,1.36041,1.36068,1.50,2.40
2011.05.06 11:08:07.815,1.36042,1.36067,1.50,1.50
2011.05.06 11:08:08.475,1.3604,1.36063,1.50,1.35
2011.05.06 11:08:08.807,1.36042,1.36062,1.50,1.65
2011.05.06 11:08:09.026,1.36042,1.36067,1.50,2.25
2011.05.06 11:08:09.464,1.36041,1.36068,1.50,1.50
2011.05.06 11:08:10.195,1.36041,1.36067,1.50,2.40
2011.05.06 11:08:10.856,1.36041,1.36067,1.50,2.40
2011.05.06 11:08:10.966,1.36041,1.36066,1.50,1.50
2011.05.06 11:08:11.590,1.36041,1.36066,1.50,1.50
2011.05.06 11:08:11.705,1.36041,1.36066,1.50,1.50
2011.05.06 11:08:14.315,1.36041,1.36066,1.50,1.50
2011.05.06 11:08:15.216,1.36041,1.36065,1.50,1.50
2011.05.06 11:08:15.435,1.36041,1.36065,1.50,1.50
2011.05.06 11:08:16.446,1.36042,1.36064,1.50,1.50
2011.05.06 11:08:17.294,1.36042,1.36065,1.50,1.50
2011.05.06 11:08:18.222,1.36039,1.36066,2.25,2.40
2011.05.06 11:08:18.775,1.36042,1.36063,1.50,1.50
2011.05.06 11:08:21.305,1.36039,1.36064,2.25,1.50
2011.05.06 11:08:21.417,1.36038,1.36062,2.10,2.40
2011.05.06 11:08:22.456,1.36037,1.36061,1.50,3.15
2011.05.06 11:08:23.425,1.36037,1.36061,1.50,3.15
2011.05.06 11:08:23.756,1.36037,1.36063,1.50,2.10
2011.05.06 11:08:24.304,1.36038,1.36063,1.50,1.35
2011.05.06 11:08:27.546,1.36038,1.36064,1.50,1.50
2011.05.06 11:08:28.516,1.36038,1.36065,1.50,1.50
2011.05.06 11:08:29.064,1.36038,1.36064,1.50,1.50
2011.05.06 11:08:29.395,1.36038,1.36065,1.50,1.50
2011.05.06 11:08:29.727,1.36041,1.36065,1.50,1.50
2011.05.06 11:08:30.247,1.36042,1.36062,1.50,1.50
2011.05.06 11:08:30.796,1.36042,1.36061,1.50,1.50
2011.05.06 11:08:31.345,1.3604,1.3606,2.25,1.50
2011.05.06 11:08:31.675,1.36042,1.36063,1.50,3.00
2011.05.06 11:08:32.006,1.36042,1.36066,1.50,2.10
2011.05.06 11:08:32.335,1.36042,1.36066,1.50,2.10
2011.05.06 11:08:32.885,1.36044,1.36066,1.50,1.35
2011.05.06 11:08:35.795,1.36044,1.36067,1.50,1.35
2011.05.06 11:08:38.745,1.36044,1.36068,1.50,1.35
2011.05.06 11:08:39.626,1.36051,1.36069,2.10,2.40
2011.05.06 11:08:39.956,1.36058,1.36084,1.50,1.50
2011.05.06 11:08:40.068,1.36056,1.36082,2.40,1.50
2011.05.06 11:08:40.395,1.36054,1.3608,2.25,1.35
2011.05.06 11:08:41.117,1.36054,1.36079,2.25,1.35
2011.05.06 11:08:41.948,1.36049,1.36076,1.50,1.50
2011.05.06 11:08:42.061,1.36049,1.36071,1.50,1.35
2011.05.06 11:08:42.293,1.36047,1.36074,2.25,2.10
2011.05.06 11:08:42.519,1.36046,1.36065,1.50,1.35
2011.05.06 11:08:42.636,1.36042,1.36065,1.50,1.35
2011.05.06 11:08:42.746,1.3604,1.36065,1.50,1.35
2011.05.06 11:08:42.856,1.36038,1.36065,1.50,2.10
2011.05.06 11:08:44.965,1.36038,1.36063,1.50,3.15
2011.05.06 11:08:47.475,1.36038,1.36064,2.25,1.50
2011.05.06 11:08:47.695,1.36038,1.36062,2.25,1.50
2011.05.06 11:08:47.807,1.36035,1.36058,1.50,3.75
2011.05.06 11:08:48.134,1.36035,1.36058,1.50,3.75
2011.05.06 11:08:48.735,1.36034,1.36057,2.25,1.50
2011.05.06 11:08:49.068,1.36033,1.36054,1.50,1.50
2011.05.06 11:08:52.751,1.36032,1.36055,1.50,1.50
2011.05.06 11:08:53.435,1.36031,1.36054,1.50,1.50
2011.05.06 11:08:53.984,1.36032,1.36055,1.50,1.50
2011.05.06 11:08:54.305,1.36031,1.36055,1.50,1.50
2011.05.06 11:08:54.856,1.36031,1.36052,2.25,1.35
2011.05.06 11:08:55.407,1.36027,1.36052,1.50,1.35
2011.05.06 11:08:55.737,1.36023,1.3604,1.50,1.35
2011.05.06 11:08:55.850,1.36023,1.36046,1.50,1.35
2011.05.06 11:08:56.079,1.36022,1.36045,1.50,2.40
2011.05.06 11:08:56.312,1.36021,1.36047,2.25,1.35
2011.05.06 11:08:56.537,1.36025,1.36048,1.50,1.50
2011.05.06 11:08:56.647,1.36025,1.36049,1.50,1.50
2011.05.06 11:08:56.759,1.36029,1.3605,1.35,2.40
2011.05.06 11:08:56.876,1.36029,1.36056,1.35,1.50
2011.05.06 11:08:57.338,1.36028,1.36056,2.10,1.50
2011.05.06 11:08:58.546,1.36031,1.3606,1.50,1.50
2011.05.06 11:08:58.875,1.36031,1.3606,1.50,1.50
2011.05.06 11:08:59.425,1.36031,1.36059,2.10,2.40
2011.05.06 11:09:00.198,1.36034,1.36061,1.50,1.35
2011.05.06 11:09:03.326,1.36036,1.36062,1.50,1.35
2011.05.06 11:09:03.444,1.36038,1.36067,1.50,2.10
2011.05.06 11:09:03.987,1.36037,1.36065,2.10,1.50
2011.05.06 11:09:04.426,1.36037,1.36065,1.35,1.50
2011.05.06 11:09:04.537,1.36035,1.36064,1.35,1.50
2011.05.06 11:09:05.088,1.36035,1.36062,1.35,1.50
2011.05.06 11:09:05.197,1.36034,1.3606,1.50,1.35
2011.05.06 11:09:05.308,1.36035,1.3606,1.50,1.35
2011.05.06 11:09:05.636,1.36034,1.36057,1.50,1.50
2011.05.06 11:09:05.746,1.3603,1.36057,1.35,1.50
2011.05.06 11:09:05.967,1.36024,1.36054,1.50,1.35
2011.05.06 11:09:06.078,1.36024,1.36052,1.50,1.50
2011.05.06 11:09:06.741,1.36025,1.36052,1.50,3.15
2011.05.06 11:09:06.864,1.36027,1.36054,2.10,1.65
2011.05.06 11:09:07.198,1.36033,1.36061,1.35,1.50
2011.05.06 11:09:07.307,1.36033,1.36061,2.10,1.50
2011.05.06 11:09:07.635,1.36035,1.36061,1.50,1.50
2011.05.06 11:09:09.036,1.36035,1.36061,1.50,1.50
2011.05.06 11:09:09.478,1.36037,1.36061,1.50,1.50
2011.05.06 11:09:09.702,1.36039,1.36065,1.50,2.10
2011.05.06 11:09:09.819,1.36048,1.36065,1.50,1.35
2011.05.06 11:09:10.046,1.36041,1.36065,1.65,1.35
2011.05.06 11:09:10.265,1.3604,1.36066,2.25,1.35
2011.05.06 11:09:10.596,1.3604,1.36065,2.25,1.35
2011.05.06 11:09:10.926,1.36042,1.36068,1.35,1.50
2011.05.06 11:09:11.035,1.36042,1.36068,1.35,1.50
2011.05.06 11:09:11.513,1.3604,1.36065,1.50,1.35
2011.05.06 11:09:11.625,1.3604,1.36065,1.50,1.35
2011.05.06 11:09:12.197,1.3604,1.36065,1.50,2.10
2011.05.06 11:09:12.855,1.36034,1.36062,2.25,1.50
2011.05.06 11:09:13.215,1.36034,1.36062,2.25,1.50
2011.05.06 11:09:13.919,1.36034,1.36061,2.25,1.35
2011.05.06 11:09:15.646,1.36036,1.36061,4.50,1.35
2011.05.06 11:09:15.867,1.36039,1.36068,1.50,1.35
2011.05.06 11:09:16.086,1.36036,1.36061,1.50,1.50
2011.05.06 11:09:16.197,1.36031,1.36039,1.50,1.50
2011.05.06 11:09:16.416,1.36017,1.36037,1.50,1.65
2011.05.06 11:09:16.920,1.36012,1.36036,1.35,2.40
2011.05.06 11:09:17.038,1.3601,1.36036,1.35,2.40
2011.05.06 11:09:17.149,1.36009,1.36036,1.50,3.00
2011.05.06 11:09:17.487,1.36006,1.3603,1.50,1.35
2011.05.06 11:09:17.596,1.36004,1.3603,1.50,1.35
2011.05.06 11:09:17.816,1.36006,1.36033,2.25,2.10
2011.05.06 11:09:18.035,1.36009,1.36035,1.50,1.50
2011.05.06 11:09:18.147,1.36009,1.36035,1.50,1.50
2011.05.06 11:09:18.481,1.36017,1.36044,5.10,1.50
2011.05.06 11:09:19.034,1.36016,1.36043,2.25,1.35
2011.05.06 11:09:19.585,1.36014,1.3604,1.50,2.25
2011.05.06 11:09:20.137,1.36017,1.36044,1.50,1.35
2011.05.06 11:09:20.247,1.36019,1.36044,2.40,1.35
2011.05.06 11:09:20.712,1.36024,1.36049,2.25,2.10
2011.05.06 11:09:21.046,1.36022,1.36046,1.50,1.50
2011.05.06 11:09:21.736,1.36022,1.36045,1.50,1.50
2011.05.06 11:09:22.065,1.36018,1.36039,1.50,1.35
2011.05.06 11:09:22.176,1.36018,1.36039,1.50,1.35
2011.05.06 11:09:24.845,1.36015,1.36039,1.50,2.10
2011.05.06 11:09:25.326,1.36013,1.36039,1.50,3.75
2011.05.06 11:09:25.546,1.36013,1.36039,1.50,3.75
2011.05.06 11:09:25.876,1.36015,1.36044,1.50,1.35
2011.05.06 11:09:26.097,1.36016,1.36044,2.25,1.35
2011.05.06 11:09:26.318,1.36017,1.36044,1.50,1.35
2011.05.06 11:09:27.061,1.36019,1.36044,1.50,2.10
2011.05.06 11:09:27.909,1.36022,1.36044,4.50,1.35
2011.05.06 11:09:28.355,1.36028,1.36048,1.50,1.50
2011.05.06 11:09:28.468,1.36031,1.36048,1.50,1.50
2011.05.06 11:09:29.616,1.36031,1.36048,2.40,2.25
2011.05.06 11:09:29.945,1.3602,1.36041,1.50,1.35
2011.05.06 11:09:30.055,1.3602,1.36041,2.25,1.35
2011.05.06 11:09:30.166,1.3602,1.36038,1.50,1.50
2011.05.06 11:09:30.495,1.36017,1.36038,1.50,3.15
2011.05.06 11:09:30.715,1.36013,1.36038,1.50,3.15
2011.05.06 11:09:30.824,1.36013,1.36038,1.50,3.15
2011.05.06 11:09:31.205,1.36013,1.36038,2.25,2.40
2011.05.06 11:09:31.315,1.36014,1.3604,1.50,1.50
2011.05.06 11:09:31.427,1.36013,1.36038,1.50,1.50
2011.05.06 11:09:32.934,1.3601,1.36037,2.25,2.10
2011.05.06 11:09:33.777,1.36014,1.36037,1.50,1.35
2011.05.06 11:09:33.887,1.36015,1.36039,1.50,3.75
2011.05.06 11:09:34.326,1.36014,1.36039,1.50,2.10
2011.05.06 11:09:35.221,1.36014,1.36041,1.50,1.35
2011.05.06 11:09:35.671,1.36012,1.36039,1.50,2.40
2011.05.06 11:09:35.896,1.3601,1.36037,2.25,1.50
2011.05.06 11:09:36.445,1.3601,1.36037,2.25,1.50
2011.05.06 11:09:37.212,1.3601,1.36037,2.25,1.50
2011.05.06 11:09:37.655,1.36011,1.36037,1.50,1.50
2011.05.06 11:09:38.577,1.36013,1.36041,2.25,2.10
2011.05.06 11:09:39.124,1.36017,1.36045,2.25,3.60
2011.05.06 11:09:40.816,1.36015,1.36041,1.50,1.35
2011.05.06 11:09:41.481,1.36013,1.36037,1.50,1.50
2011.05.06 11:09:41.599,1.36012,1.36037,1.50,1.50
2011.05.06 11:09:41.936,1.36011,1.36037,1.50,1.50
2011.05.06 11:09:42.486,1.36009,1.36035,2.10,1.50
2011.05.06 11:09:42.926,1.36009,1.36035,2.10,1.50
2011.05.06 11:09:43.154,1.36009,1.36035,2.10,1.50
2011.05.06 11:09:43.752,1.36009,1.36036,2.10,1.50
2011.05.06 11:09:44.089,1.36012,1.36039,1.50,1.50
2011.05.06 11:09:44.208,1.36014,1.36039,1.50,3.15
2011.05.06 11:09:44.756,1.36014,1.36039,1.50,1.50
2011.05.06 11:09:45.726,1.36013,1.36039,1.50,1.50
2011.05.06 11:09:46.549,1.36014,1.36039,1.50,1.50
2011.05.06 11:09:46.670,1.36014,1.36041,1.50,1.35
2011.05.06 11:09:47.008,1.36015,1.36043,1.50,1.35
2011.05.06 11:09:47.118,1.36014,1.36041,1.50,1.35
2011.05.06 11:09:47.447,1.36013,1.3604,1.50,1.50
2011.05.06 11:09:47.887,1.36014,1.36041,1.50,1.35
2011.05.06 11:09:48.434,1.36013,1.36041,1.50,2.10
2011.05.06 11:09:50.796,1.36012,1.36039,1.50,1.50
2011.05.06 11:09:50.906,1.36012,1.36039,1.50,1.50
2011.05.06 11:09:51.017,1.36012,1.36039,1.50,1.50
2011.05.06 11:09:52.196,1.36013,1.36041,1.50,1.35
2011.05.06 11:09:52.635,1.36015,1.36042,1.50,2.10
2011.05.06 11:09:53.111,1.36015,1.36043,2.25,1.35
2011.05.06 11:09:53.335,1.36015,1.36043,2.25,1.35
2011.05.06 11:09:53.817,1.36018,1.36044,1.35,1.50
2011.05.06 11:09:54.146,1.36018,1.36043,1.35,1.50
2011.05.06 11:09:54.476,1.36013,1.36039,1.50,1.50
2011.05.06 11:09:54.805,1.36016,1.36039,1.50,1.50
2011.05.06 11:09:54.915,1.36013,1.36039,1.50,1.50
2011.05.06 11:09:55.355,1.36013,1.36039,1.50,1.50
2011.05.06 11:09:55.885,1.36012,1.36039,1.50,1.50
2011.05.06 11:09:56.905,1.36013,1.36039,1.50,1.50
2011.05.06 11:09:58.425,1.36016,1.36039,1.50,1.50
2011.05.06 11:09:58.844,1.36016,1.36039,1.50,1.50
2011.05.06 11:09:59.285,1.36016,1.36039,1.50,1.50
2011.05.06 11:09:59.745,1.36015,1.36039,1.50,1.50
2011.05.06 11:10:00.074,1.36013,1.36039,1.50,1.50
2011.05.06 11:10:01.174,1.36014,1.36039,1.50,1.50
2011.05.06 11:10:01.506,1.36015,1.36039,1.50,1.50
2011.05.06 11:10:02.845,1.36016,1.36039,1.50,1.50
2011.05.06 11:10:03.510,1.36016,1.36039,1.50,1.50
2011.05.06 11:10:03.738,1.36018,1.36043,1.50,2.10
2011.05.06 11:10:04.076,1.36018,1.36043,2.10,1.50
2011.05.06 11:10:04.823,1.36018,1.36046,2.10,1.50
2011.05.06 11:10:05.046,1.36018,1.36045,2.10,1.50
2011.05.06 11:10:06.857,1.36017,1.36043,1.50,2.10
2011.05.06 11:10:06.966,1.36016,1.36043,1.50,2.10
2011.05.06 11:10:08.484,1.36016,1.36043,1.50,2.10
2011.05.06 11:10:08.925,1.36013,1.36042,2.25,2.10
2011.05.06 11:10:09.475,1.36015,1.36042,1.50,3.75
2011.05.06 11:10:09.830,1.36015,1.36036,1.50,2.78
2011.05.06 11:10:10.166,1.36003,1.36021,1.50,2.40
2011.05.06 11:10:10.275,1.36002,1.36021,2.25,2.40
2011.05.06 11:10:10.785,1.35998,1.36021,1.50,2.40
2011.05.06 11:10:11.008,1.35998,1.36021,1.50,1.65
2011.05.06 11:10:11.117,1.35998,1.36022,1.50,1.35
2011.05.06 11:10:11.446,1.35997,1.36022,1.50,3.75
2011.05.06 11:10:13.255,1.35997,1.36022,1.50,3.75
2011.05.06 11:10:13.589,1.36002,1.36021,1.50,1.65
2011.05.06 11:10:13.706,1.36002,1.36027,1.50,1.50
2011.05.06 11:10:13.816,1.36003,1.3603,1.50,1.35
2011.05.06 11:10:14.035,1.36003,1.36031,1.50,2.10
2011.05.06 11:10:14.255,1.36003,1.36031,1.50,1.35
2011.05.06 11:10:15.576,1.36008,1.36033,1.50,1.35
2011.05.06 11:10:15.947,1.3601,1.36033,1.50,1.35
2011.05.06 11:10:16.278,1.36007,1.3603,2.40,1.50
2011.05.06 11:10:16.510,1.36004,1.36026,1.50,1.50
2011.05.06 11:10:17.011,1.36,1.36027,1.50,3.00
2011.05.06 11:10:18.487,1.36002,1.36029,1.50,1.50
2011.05.06 11:10:18.816,1.36004,1.36032,1.50,1.35
2011.05.06 11:10:19.146,1.36012,1.36032,1.50,1.35
2011.05.06 11:10:19.255,1.36012,1.36032,1.50,1.35
2011.05.06 11:10:21.556,1.36011,1.36036,1.50,1.50
2011.05.06 11:10:21.885,1.36011,1.36036,1.50,1.50
2011.05.06 11:10:21.996,1.36012,1.36035,1.50,1.50
2011.05.06 11:10:22.104,1.36012,1.36035,1.50,1.50
2011.05.06 11:10:22.325,1.36012,1.36032,1.50,1.13
2011.05.06 11:10:22.875,1.36012,1.36033,1.50,1.13
2011.05.06 11:10:22.988,1.36009,1.36031,1.50,1.13
2011.05.06 11:10:23.209,1.36009,1.36029,1.50,1.50
2011.05.06 11:10:23.750,1.35995,1.36009,1.65,1.35
2011.05.06 11:10:23.874,1.35979,1.36003,2.40,1.50
2011.05.06 11:10:24.320,1.35981,1.36009,1.35,1.50
2011.05.06 11:10:24.440,1.35981,1.36009,1.35,1.50
2011.05.06 11:10:24.995,1.35981,1.36009,2.10,1.50
2011.05.06 11:10:25.595,1.35985,1.36012,1.50,2.40
2011.05.06 11:10:27.307,1.35984,1.36012,1.50,2.40
2011.05.06 11:10:27.418,1.35984,1.36008,1.50,1.50
2011.05.06 11:10:27.748,1.3598,1.36003,1.50,1.35
2011.05.06 11:10:27.968,1.3598,1.36007,1.50,1.50
2011.05.06 11:10:28.487,1.35984,1.36005,1.50,1.35
2011.05.06 11:10:28.707,1.35981,1.36006,1.50,2.10
2011.05.06 11:10:28.927,1.35981,1.36006,1.50,2.10
2011.05.06 11:10:30.025,1.35978,1.36006,1.50,2.10
2011.05.06 11:10:30.358,1.35981,1.36002,1.50,2.40
2011.05.06 11:10:30.906,1.35981,1.35994,1.50,1.35
2011.05.06 11:10:31.237,1.35974,1.36001,1.50,2.10
2011.05.06 11:10:31.459,1.35974,1.35999,1.50,1.50
2011.05.06 11:10:31.576,1.35974,1.35998,1.50,2.10
2011.05.06 11:10:32.031,1.3597,1.35997,1.50,2.25
2011.05.06 11:10:32.147,1.3597,1.35992,1.50,1.65
2011.05.06 11:10:32.698,1.35969,1.35992,1.50,3.75
2011.05.06 11:10:33.138,1.35968,1.35996,1.50,2.85
2011.05.06 11:10:33.248,1.35974,1.35998,1.50,2.10
2011.05.06 11:10:33.478,1.35977,1.36005,1.50,2.40
2011.05.06 11:10:33.806,1.35981,1.36005,1.50,2.40
2011.05.06 11:10:34.905,1.35976,1.36,1.50,1.65
2011.05.06 11:10:35.236,1.35971,1.35997,1.50,2.40
2011.05.06 11:10:36.002,1.35974,1.35997,1.50,2.40
2011.05.06 11:10:36.226,1.35974,1.36001,1.50,1.50
2011.05.06 11:10:37.267,1.35981,1.36003,1.50,2.40
2011.05.06 11:10:37.488,1.35981,1.36009,1.50,2.25
2011.05.06 11:10:37.926,1.35981,1.36009,2.25,1.50
2011.05.06 11:10:38.656,1.35981,1.36009,1.50,2.25
2011.05.06 11:10:38.878,1.35981,1.36009,1.50,3.90
2011.05.06 11:10:39.205,1.3598,1.36008,2.85,1.50
2011.05.06 11:10:40.697,1.3598,1.36005,2.85,1.50
2011.05.06 11:10:41.028,1.35977,1.36002,2.40,2.25
2011.05.06 11:10:41.139,1.35973,1.36,1.35,1.50
2011.05.06 11:10:41.261,1.35968,1.35997,2.40,1.35
2011.05.06 11:10:41.382,1.35966,1.35994,2.25,1.50
2011.05.06 11:10:42.248,1.35966,1.35996,2.25,1.50
2011.05.06 11:10:42.796,1.35966,1.35996,2.25,1.50
2011.05.06 11:10:45.155,1.35967,1.35997,1.50,2.10
2011.05.06 11:10:45.484,1.35969,1.35997,1.50,1.35
2011.05.06 11:10:45.595,1.35969,1.35997,1.50,1.35
2011.05.06 11:10:46.681,1.35969,1.35997,1.50,1.35
2011.05.06 11:10:47.785,1.35969,1.35997,1.50,1.35
2011.05.06 11:10:48.226,1.35975,1.36003,1.50,1.50
2011.05.06 11:10:48.335,1.35975,1.36003,1.50,1.50
2011.05.06 11:10:48.666,1.35974,1.35999,2.10,2.40
2011.05.06 11:10:48.885,1.35974,1.35999,2.10,2.40
2011.05.06 11:10:49.066,1.35974,1.35999,2.10,6.15
2011.05.06 11:10:49.176,1.35974,1.35997,2.10,1.50
2011.05.06 11:10:49.397,1.35974,1.35994,2.10,1.65
2011.05.06 11:10:49.509,1.35976,1.35994,1.50,1.65
2011.05.06 11:10:49.893,1.35976,1.35999,1.50,1.65
2011.05.06 11:10:52.181,1.35976,1.35999,1.50,1.65
2011.05.06 11:10:53.066,1.35976,1.35999,1.50,1.65
2011.05.06 11:10:53.288,1.35976,1.35996,1.50,1.50
2011.05.06 11:10:53.507,1.35967,1.35992,1.50,1.35
2011.05.06 11:10:54.294,1.35967,1.35994,1.50,1.50
2011.05.06 11:10:54.406,1.35973,1.35996,1.50,2.40
2011.05.06 11:10:54.735,1.35974,1.35999,1.50,1.35
2011.05.06 11:10:55.541,1.35974,1.36002,1.50,1.50
2011.05.06 11:10:55.875,1.35975,1.36003,1.50,2.10
2011.05.06 11:10:55.987,1.35975,1.36003,1.50,1.35
2011.05.06 11:10:56.536,1.35975,1.36003,1.50,3.00
2011.05.06 11:10:57.626,1.35975,1.36003,1.50,3.00
2011.05.06 11:10:57.736,1.35975,1.35998,1.50,1.35
2011.05.06 11:10:58.067,1.35975,1.35996,1.50,3.15
2011.05.06 11:10:59.885,1.35975,1.35996,1.50,1.65
2011.05.06 11:11:00.217,1.35968,1.35991,2.25,1.35
2011.05.06 11:11:00.326,1.35968,1.3599,1.50,1.35
2011.05.06 11:11:00.876,1.35961,1.35989,2.25,1.50
2011.05.06 11:11:00.987,1.35961,1.35984,1.50,1.35
2011.05.06 11:11:01.536,1.35963,1.35988,1.50,1.35
2011.05.06 11:11:01.755,1.35965,1.35991,1.50,3.15
2011.05.06 11:11:04.226,1.35965,1.3599,1.50,2.40
2011.05.06 11:11:04.766,1.35965,1.3599,1.50,2.40
2011.05.06 11:11:05.315,1.35965,1.35992,1.50,3.15
2011.05.06 11:11:05.876,1.35965,1.35991,1.50,1.50
2011.05.06 11:11:06.576,1.35965,1.35991,1.50,1.50
2011.05.06 11:11:07.126,1.35965,1.35991,1.50,1.50
2011.05.06 11:11:07.456,1.35965,1.35992,1.50,3.15
2011.05.06 11:11:07.789,1.35969,1.35994,2.10,2.40
2011.05.06 11:11:08.127,1.35969,1.35991,1.50,1.35
2011.05.06 11:11:08.235,1.35969,1.35991,1.50,2.10
2011.05.06 11:11:08.455,1.35969,1.35991,1.50,1.35
2011.05.06 11:11:08.955,1.35969,1.35991,1.50,1.35
2011.05.06 11:11:10.086,1.35969,1.35991,1.50,3.00
2011.05.06 11:11:10.200,1.35969,1.35991,1.50,3.00
2011.05.06 11:11:10.426,1.35969,1.35995,1.50,1.50
2011.05.06 11:11:11.717,1.35971,1.35997,1.50,1.35
2011.05.06 11:11:11.827,1.35971,1.35998,1.50,3.00
2011.05.06 11:11:18.648,1.35972,1.35998,2.85,2.40
2011.05.06 11:11:19.304,1.35976,1.35999,1.50,1.65
2011.05.06 11:11:19.420,1.35976,1.36,1.50,1.65
2011.05.06 11:11:21.661,1.35976,1.36,1.50,1.65
2011.05.06 11:11:24.516,1.35976,1.35995,1.50,1.35
2011.05.06 11:11:24.625,1.35976,1.35994,1.50,2.40
2011.05.06 11:11:24.735,1.35976,1.35994,1.50,2.40
2011.05.06 11:11:25.265,1.35976,1.35994,1.50,2.40
2011.05.06 11:11:25.805,1.35976,1.35994,1.50,1.65
2011.05.06 11:11:25.915,1.35976,1.36001,1.50,3.15
2011.05.06 11:11:26.027,1.35977,1.36003,1.50,1.65
2011.05.06 11:11:26.355,1.35979,1.36005,1.50,1.35
2011.05.06 11:11:27.335,1.35979,1.36005,1.50,1.35
2011.05.06 11:11:27.990,1.35979,1.36006,1.50,1.35
2011.05.06 11:11:29.325,1.35979,1.36005,1.50,1.35
2011.05.06 11:11:30.367,1.35979,1.36007,2.25,1.35
2011.05.06 11:11:30.696,1.3598,1.36009,1.35,3.15
2011.05.06 11:11:31.277,1.35986,1.36009,1.50,2.40
2011.05.06 11:11:31.607,1.35986,1.36016,2.10,1.50
2011.05.06 11:11:31.717,1.35991,1.36017,1.50,2.25
2011.05.06 11:11:32.048,1.35991,1.36012,1.50,1.35
2011.05.06 11:11:32.395,1.35991,1.36011,1.50,1.50
2011.05.06 11:11:32.615,1.35986,1.36011,1.50,1.50
2011.05.06 11:11:33.175,1.35986,1.3601,1.50,1.50
2011.05.06 11:11:34.506,1.35986,1.3601,1.50,1.50
2011.05.06 11:11:35.011,1.35981,1.35994,1.50,2.40
2011.05.06 11:11:35.129,1.35979,1.35994,1.50,2.40
2011.05.06 11:11:35.468,1.35969,1.35994,1.50,2.40
2011.05.06 11:11:35.581,1.35965,1.35989,1.50,1.35
2011.05.06 11:11:35.696,1.35965,1.35989,1.50,1.35
2011.05.06 11:11:35.807,1.35965,1.35991,2.25,1.35
2011.05.06 11:11:35.915,1.35965,1.35991,2.25,1.35
2011.05.06 11:11:39.424,1.35965,1.35991,2.25,1.35
2011.05.06 11:11:39.676,1.35965,1.35993,2.25,2.10
2011.05.06 11:11:40.116,1.35965,1.35992,1.50,1.50
2011.05.06 11:11:40.338,1.3596,1.35988,1.50,1.50
2011.05.06 11:11:40.900,1.35961,1.35988,1.50,1.50
2011.05.06 11:11:41.021,1.35961,1.35984,1.50,2.40
2011.05.06 11:11:43.956,1.35961,1.35984,1.50,2.40
2011.05.06 11:11:44.285,1.35961,1.35984,1.50,2.40
2011.05.06 11:11:44.618,1.35961,1.35991,3.00,2.10
2011.05.06 11:11:44.726,1.35964,1.35991,1.50,2.10
2011.05.06 11:11:46.125,1.35964,1.35991,1.50,2.10
2011.05.06 11:11:47.216,1.35973,1.35992,1.50,3.15
2011.05.06 11:11:47.326,1.35973,1.35992,1.50,1.65
2011.05.06 11:11:47.761,1.35973,1.35996,1.50,1.50
2011.05.06 11:11:47.878,1.35973,1.35999,1.50,1.50
2011.05.06 11:11:48.988,1.35973,1.36002,1.50,1.35
2011.05.06 11:11:50.077,1.35973,1.35999,1.50,1.35
2011.05.06 11:11:50.296,1.35974,1.36004,2.10,2.25
2011.05.06 11:11:50.406,1.35974,1.36004,2.10,2.25
2011.05.06 11:11:50.626,1.35981,1.36005,1.50,1.50
2011.05.06 11:11:53.375,1.35981,1.36006,1.50,1.35
2011.05.06 11:11:53.595,1.35981,1.36005,1.50,1.50
2011.05.06 11:11:54.145,1.35982,1.36006,1.50,1.35
2011.05.06 11:11:54.365,1.35982,1.36011,2.10,1.50
2011.05.06 11:11:57.007,1.35982,1.3601,2.10,1.50
2011.05.06 11:11:57.116,1.35983,1.36011,1.50,1.50
2011.05.06 11:11:57.335,1.35984,1.36011,1.50,1.50
2011.05.06 11:11:57.668,1.3599,1.36015,1.50,2.40
2011.05.06 11:11:58.215,1.35991,1.36018,1.50,1.50
2011.05.06 11:11:58.325,1.35991,1.36018,2.25,1.50
2011.05.06 11:11:58.446,1.35991,1.36019,2.25,2.85
2011.05.06 11:11:58.885,1.35991,1.36018,1.50,3.90
2011.05.06 11:11:59.438,1.35995,1.36018,1.50,1.50
2011.05.06 11:11:59.768,1.35997,1.36019,1.50,1.35
2011.05.06 11:11:59.878,1.35996,1.36023,1.50,2.10
2011.05.06 11:11:59.988,1.35997,1.36023,1.50,1.50
2011.05.06 11:12:00.209,1.35996,1.36021,1.35,1.65
2011.05.06 11:12:00.331,1.36001,1.36025,1.50,2.40
2011.05.06 11:12:00.884,1.35997,1.36025,1.50,1.50
2011.05.06 11:12:01.557,1.35997,1.36025,1.50,1.50
2011.05.06 11:12:01.667,1.35996,1.36022,1.35,1.50
2011.05.06 11:12:02.216,1.35995,1.36022,1.35,1.50
2011.05.06 11:12:02.437,1.3599,1.36017,1.50,1.50
2011.05.06 11:12:02.655,1.35988,1.36015,1.50,1.50
2011.05.06 11:12:02.984,1.35986,1.36015,1.50,1.50
2011.05.06 11:12:03.776,1.3599,1.36017,1.50,2.40
2011.05.06 11:12:04.217,1.35984,1.36015,6.90,1.35
2011.05.06 11:12:04.326,1.35984,1.36014,1.50,1.35
2011.05.06 11:12:05.785,1.35987,1.36012,2.40,1.35
2011.05.06 11:12:05.900,1.35985,1.36012,1.50,1.35
2011.05.06 11:12:06.346,1.35985,1.36012,2.25,1.35
2011.05.06 11:12:06.847,1.35985,1.36012,2.25,1.35
2011.05.06 11:12:07.178,1.3598,1.35997,1.50,1.50
2011.05.06 11:12:07.396,1.3598,1.36006,1.50,2.10
2011.05.06 11:12:07.505,1.3598,1.36006,1.50,1.35
2011.05.06 11:12:08.058,1.35985,1.36008,1.50,1.50
2011.05.06 11:12:08.166,1.35989,1.36014,1.50,2.10
2011.05.06 11:12:08.277,1.35989,1.36014,1.50,2.10
2011.05.06 11:12:08.835,1.35989,1.36014,1.50,2.10
2011.05.06 11:12:08.946,1.35987,1.36014,1.50,1.35
2011.05.06 11:12:09.056,1.35986,1.36011,3.15,1.50
2011.05.06 11:12:09.386,1.35986,1.36012,1.50,3.15
2011.05.06 11:12:09.716,1.35984,1.36006,1.50,2.40
2011.05.06 11:12:09.825,1.35984,1.36006,1.50,2.40
2011.05.06 11:12:12.335,1.3598,1.36006,1.50,3.90
2011.05.06 11:12:13.535,1.35977,1.36006,2.10,3.90
2011.05.06 11:12:13.646,1.35979,1.36006,1.50,3.15
2011.05.06 11:12:14.416,1.3598,1.36006,1.50,1.65
2011.05.06 11:12:16.297,1.3598,1.36006,1.50,3.15
2011.05.06 11:12:16.630,1.3598,1.36001,1.50,1.50
2011.05.06 11:12:16.747,1.3598,1.36003,1.50,1.35
2011.05.06 11:12:16.968,1.3598,1.36002,1.50,1.50
2011.05.06 11:12:17.295,1.3598,1.35999,1.50,2.40
2011.05.06 11:12:18.337,1.3598,1.36004,1.50,1.65
2011.05.06 11:12:18.446,1.3598,1.36004,1.50,1.65
2011.05.06 11:12:19.149,1.35984,1.36006,1.50,2.40
2011.05.06 11:12:19.708,1.35984,1.36006,1.50,2.40
2011.05.06 11:12:20.955,1.35984,1.36006,1.50,2.40
2011.05.06 11:12:21.176,1.35984,1.36009,1.50,1.35
2011.05.06 11:12:21.505,1.35987,1.36011,1.50,1.35
2011.05.06 11:12:22.986,1.35987,1.36014,1.50,2.40
2011.05.06 11:12:23.756,1.35987,1.36015,1.50,1.50
2011.05.06 11:12:23.976,1.35987,1.36013,1.50,1.50
2011.05.06 11:12:24.307,1.35987,1.36009,1.50,1.65
2011.05.06 11:12:24.525,1.35987,1.36008,1.50,1.35
2011.05.06 11:12:25.576,1.35987,1.36008,1.50,1.35
2011.05.06 11:12:26.146,1.35983,1.36008,1.50,1.35
2011.05.06 11:12:26.724,1.35983,1.36009,1.50,3.00
2011.05.06 11:12:26.843,1.35984,1.3601,1.35,2.25
2011.05.06 11:12:26.959,1.35984,1.3601,1.35,1.50
2011.05.06 11:12:27.295,1.35984,1.3601,1.35,1.50
2011.05.06 11:12:27.628,1.35984,1.36008,1.35,2.40
2011.05.06 11:12:28.175,1.35983,1.36007,1.50,1.65
2011.05.06 11:12:28.725,1.35983,1.36006,1.50,1.65
2011.05.06 11:12:28.836,1.35983,1.36006,1.50,1.65
2011.05.06 11:12:29.057,1.35983,1.36007,1.50,2.40
2011.05.06 11:12:29.609,1.35983,1.36008,1.50,2.40
2011.05.06 11:12:29.728,1.35985,1.36012,1.35,1.50
2011.05.06 11:12:29.946,1.35988,1.36014,1.50,1.50
2011.05.06 11:12:30.716,1.35988,1.36014,1.50,1.50
2011.05.06 11:12:30.826,1.35988,1.36014,1.50,1.50
2011.05.06 11:12:31.377,1.35989,1.36015,1.50,1.35
2011.05.06 11:12:31.595,1.35989,1.36015,1.50,2.10
2011.05.06 11:12:33.323,1.35994,1.36021,1.50,1.35
2011.05.06 11:12:33.875,1.35994,1.36021,2.25,1.35
2011.05.06 11:12:35.267,1.35994,1.3602,2.25,1.35
2011.05.06 11:12:35.815,1.35994,1.3602,2.25,1.35
2011.05.06 11:12:36.956,1.35994,1.36018,1.50,1.35
2011.05.06 11:12:37.504,1.35993,1.36018,1.50,1.35
2011.05.06 11:12:39.556,1.35994,1.3602,1.50,1.50
2011.05.06 11:12:39.666,1.35994,1.36024,2.25,2.25
2011.05.06 11:12:40.908,1.35994,1.36019,1.50,1.50
2011.05.06 11:12:41.236,1.35991,1.36018,1.50,1.50
2011.05.06 11:12:41.831,1.35991,1.36016,1.50,1.50
2011.05.06 11:12:42.665,1.35991,1.36018,1.50,2.40
2011.05.06 11:12:42.997,1.36,1.36021,1.35,1.65
2011.05.06 11:12:43.416,1.35999,1.36025,1.50,1.35
2011.05.06 11:12:43.539,1.35997,1.36023,2.40,1.50
2011.05.06 11:12:44.818,1.36,1.36025,1.50,1.35
2011.05.06 11:12:44.927,1.35996,1.36019,2.25,1.35
2011.05.06 11:12:45.147,1.35995,1.36023,1.35,1.50
2011.05.06 11:12:48.136,1.35992,1.36021,1.35,1.50
2011.05.06 11:12:48.466,1.35992,1.36021,1.35,1.50
2011.05.06 11:12:48.686,1.35996,1.36021,1.50,1.50
2011.05.06 11:12:48.906,1.35996,1.36022,1.50,1.35
2011.05.06 11:12:49.017,1.35997,1.36023,1.35,1.50
2011.05.06 11:12:49.345,1.35999,1.36027,2.25,1.35
2011.05.06 11:12:50.248,1.35999,1.36025,1.50,1.50
2011.05.06 11:12:50.357,1.35999,1.36023,1.50,1.50
2011.05.06 11:12:50.997,1.35997,1.36024,1.35,1.50
2011.05.06 11:12:52.096,1.35997,1.36025,1.35,2.25
2011.05.06 11:12:54.386,1.35997,1.36025,1.35,2.25
2011.05.06 11:12:54.605,1.35997,1.36025,1.35,2.25
2011.05.06 11:12:54.938,1.35997,1.36024,1.35,1.50
2011.05.06 11:12:55.157,1.35993,1.36018,1.50,2.10
2011.05.06 11:12:55.268,1.35992,1.36017,1.50,1.35
2011.05.06 11:12:55.487,1.35988,1.36017,1.50,1.35
2011.05.06 11:12:56.775,1.35987,1.36014,1.50,1.50
2011.05.06 11:12:56.906,1.35987,1.36013,1.50,1.35
2011.05.06 11:12:57.237,1.35987,1.36014,1.50,1.50
2011.05.06 11:12:57.346,1.35989,1.36015,1.50,1.35
2011.05.06 11:12:57.566,1.35989,1.36018,1.50,2.10
2011.05.06 11:12:59.258,1.35993,1.36019,1.50,2.10
2011.05.06 11:12:59.478,1.35994,1.36022,1.50,1.50
2011.05.06 11:12:59.589,1.35994,1.36022,1.50,1.50
2011.05.06 11:12:59.916,1.35994,1.36022,1.50,1.50
2011.05.06 11:13:00.466,1.35999,1.36024,1.50,1.35
2011.05.06 11:13:01.125,1.35999,1.36024,1.50,1.35
2011.05.06 11:13:03.085,1.35999,1.36024,1.50,1.35
2011.05.06 11:13:03.717,1.36001,1.36026,1.50,1.35
2011.05.06 11:13:03.826,1.36003,1.36026,1.50,1.35
2011.05.06 11:13:04.046,1.36004,1.36028,1.50,3.15
2011.05.06 11:13:04.594,1.36004,1.36028,1.50,3.15
2011.05.06 11:13:04.970,1.36004,1.36026,1.50,1.35
2011.05.06 11:13:05.309,1.36,1.36026,1.50,2.25
2011.05.06 11:13:05.773,1.36004,1.3603,1.35,2.25
2011.05.06 11:13:06.099,1.36006,1.36031,1.50,1.50
2011.05.06 11:13:06.676,1.36006,1.36031,1.50,2.10
2011.05.06 11:13:07.988,1.36006,1.36031,1.50,2.48
2011.05.06 11:13:08.206,1.36006,1.36031,1.50,2.48
2011.05.06 11:13:08.317,1.36007,1.36035,1.50,6.38
2011.05.06 11:13:08.647,1.3601,1.36035,1.50,3.98
2011.05.06 11:13:08.756,1.36009,1.36035,1.50,3.98
2011.05.06 11:13:08.975,1.36014,1.36035,1.50,3.98
2011.05.06 11:13:10.495,1.36014,1.36034,1.50,1.73
2011.05.06 11:13:11.356,1.36014,1.36034,1.50,1.73
2011.05.06 11:13:12.013,1.36014,1.36034,1.50,1.35
2011.05.06 11:13:12.459,1.36014,1.36038,1.50,2.40
2011.05.06 11:13:12.581,1.36017,1.36038,1.50,1.65
2011.05.06 11:13:12.698,1.36018,1.36046,1.50,2.10
2011.05.06 11:13:12.809,1.36021,1.3605,2.40,2.10
2011.05.06 11:13:13.027,1.36021,1.36049,2.40,1.50
2011.05.06 11:13:13.358,1.36022,1.36049,1.50,1.50
2011.05.06 11:13:14.126,1.36025,1.36049,1.50,1.50
2011.05.06 11:13:14.568,1.36025,1.3605,1.50,3.75
2011.05.06 11:13:14.897,1.36025,1.36046,1.50,1.65
2011.05.06 11:13:15.006,1.36025,1.36051,1.50,1.50
2011.05.06 11:13:15.117,1.36025,1.36053,1.50,1.50
2011.05.06 11:13:15.613,1.36029,1.36053,1.50,1.50
2011.05.06 11:13:15.734,1.36029,1.36056,1.50,3.75
2011.05.06 11:13:15.958,1.36029,1.36056,1.50,3.75
2011.05.06 11:13:16.286,1.36029,1.36056,1.50,2.40
2011.05.06 11:13:16.616,1.36029,1.36056,1.50,4.65
2011.05.06 11:13:16.948,1.36028,1.36049,1.50,2.10
2011.05.06 11:13:17.497,1.36021,1.36047,1.50,2.40
2011.05.06 11:13:17.829,1.36022,1.36049,1.50,1.35
2011.05.06 11:13:18.496,1.36025,1.36051,1.50,1.35
2011.05.06 11:13:18.826,1.36028,1.36052,1.35,1.50
2011.05.06 11:13:19.284,1.3603,1.36055,1.50,1.65
2011.05.06 11:13:19.835,1.3603,1.36056,1.50,2.40
2011.05.06 11:13:20.365,1.3603,1.36056,1.50,2.40
2011.05.06 11:13:20.919,1.36037,1.36056,1.35,1.65
2011.05.06 11:13:21.028,1.36043,1.3606,1.35,1.65
2011.05.06 11:13:21.137,1.36043,1.36067,1.35,1.50
2011.05.06 11:13:21.248,1.3604,1.36068,1.50,1.35
2011.05.06 11:13:21.466,1.36038,1.36065,1.50,2.40
2011.05.06 11:13:31.826,1.36038,1.36065,1.50,2.40
2011.05.06 11:13:32.048,1.3604,1.36065,1.50,2.85
2011.05.06 11:13:32.597,1.36038,1.36061,1.50,2.10
2011.05.06 11:13:33.146,1.36031,1.36059,2.25,1.50
2011.05.06 11:13:33.586,1.36031,1.36059,2.25,1.50
2011.05.06 11:13:33.810,1.36037,1.36061,1.50,2.40
2011.05.06 11:13:33.928,1.36037,1.36066,1.50,3.00
2011.05.06 11:13:34.040,1.36041,1.36068,2.10,1.50
2011.05.06 11:13:34.380,1.36045,1.3607,1.50,1.50
2011.05.06 11:13:34.716,1.36045,1.3607,1.50,1.50
2011.05.06 11:13:35.046,1.36045,1.36071,1.50,1.35
2011.05.06 11:13:35.488,1.36047,1.36074,2.10,1.50
2011.05.06 11:13:35.926,1.36047,1.36074,2.10,1.50
2011.05.06 11:13:36.407,1.36047,1.36074,2.10,1.50
2011.05.06 11:13:36.965,1.36047,1.36071,2.10,1.50
2011.05.06 11:13:37.736,1.36047,1.3607,2.10,1.50
2011.05.06 11:13:38.066,1.36047,1.3607,2.10,1.50
2011.05.06 11:13:39.057,1.36048,1.36077,1.50,1.35
2011.05.06 11:13:39.173,1.36051,1.36077,1.50,2.10
2011.05.06 11:13:39.507,1.36052,1.36078,1.50,3.00
2011.05.06 11:13:39.728,1.36054,1.36078,2.25,1.65
2011.05.06 11:13:39.836,1.36054,1.36082,2.25,1.35
2011.05.06 11:13:39.948,1.36067,1.36082,1.50,1.35
2011.05.06 11:13:40.166,1.36062,1.36085,2.40,1.35
2011.05.06 11:13:40.276,1.36063,1.36087,1.35,1.50
2011.05.06 11:13:40.387,1.3606,1.3609,1.35,1.50
2011.05.06 11:13:40.496,1.36063,1.3609,1.35,1.50
2011.05.06 11:13:41.175,1.36064,1.3609,1.50,1.50
2011.05.06 11:13:42.498,1.36064,1.36091,1.50,2.25
2011.05.06 11:13:43.165,1.36064,1.36091,1.50,2.25
2011.05.06 11:13:43.499,1.36063,1.36078,1.50,1.35
2011.05.06 11:13:43.840,1.36052,1.36075,1.50,3.15
2011.05.06 11:13:44.070,1.36048,1.36072,1.50,3.15
2011.05.06 11:13:44.534,1.36049,1.36072,1.50,2.40
2011.05.06 11:13:44.651,1.36049,1.36072,1.50,1.65
2011.05.06 11:13:44.767,1.36049,1.36072,1.50,2.40
2011.05.06 11:13:45.317,1.36052,1.36074,1.50,3.00
2011.05.06 11:13:47.609,1.36053,1.36071,1.50,2.40
2011.05.06 11:13:47.946,1.36042,1.36065,1.50,2.40
2011.05.06 11:13:48.055,1.36042,1.36065,1.50,2.40
2011.05.06 11:13:48.388,1.36042,1.36065,1.50,2.40
2011.05.06 11:13:48.496,1.36042,1.36066,1.50,3.00
2011.05.06 11:13:49.047,1.36046,1.36071,1.50,1.35
2011.05.06 11:13:49.595,1.3605,1.36071,1.50,1.35
2011.05.06 11:13:49.867,1.3605,1.36069,1.50,1.50
2011.05.06 11:13:50.359,1.3605,1.36071,1.50,1.35
2011.05.06 11:13:51.316,1.36047,1.36071,1.50,1.35
2011.05.06 11:13:51.538,1.3605,1.3607,1.50,4.50
2011.05.06 11:13:51.648,1.3605,1.36065,1.50,1.65
2011.05.06 11:13:51.759,1.3605,1.36065,1.50,1.65
2011.05.06 11:13:51.977,1.3605,1.36071,1.50,2.25
2011.05.06 11:13:52.088,1.3605,1.36075,1.50,1.50
2011.05.06 11:13:52.528,1.36053,1.36078,1.50,1.35
2011.05.06 11:13:52.748,1.36056,1.36083,1.50,2.25
2011.05.06 11:13:53.078,1.36056,1.3608,1.50,2.40
2011.05.06 11:13:53.197,1.36056,1.3608,1.50,2.40
2011.05.06 11:13:53.417,1.36051,1.36076,1.50,2.40
2011.05.06 11:13:53.527,1.36049,1.36075,3.00,2.40
2011.05.06 11:13:53.748,1.36049,1.36078,2.25,4.50
2011.05.06 11:13:54.296,1.36049,1.36074,2.25,2.40
2011.05.06 11:13:54.740,1.36056,1.36079,1.50,1.65
2011.05.06 11:13:54.858,1.36056,1.36082,1.50,2.78
2011.05.06 11:13:54.967,1.36057,1.36083,1.50,1.50
2011.05.06 11:13:55.191,1.36058,1.36085,1.35,1.50
2011.05.06 11:13:55.309,1.36058,1.36084,1.50,2.25
2011.05.06 11:13:55.427,1.36057,1.36081,1.50,1.35
2011.05.06 11:13:55.758,1.36052,1.36076,1.50,3.75
2011.05.06 11:13:56.746,1.36052,1.36076,1.50,3.75
2011.05.06 11:13:56.969,1.36048,1.36075,1.50,1.50
2011.05.06 11:13:57.090,1.36048,1.36068,1.50,1.35
2011.05.06 11:13:57.866,1.36045,1.36068,1.50,1.35
2011.05.06 11:13:58.085,1.36045,1.36068,1.50,1.35
2011.05.06 11:13:59.647,1.36049,1.3607,1.50,3.75
2011.05.06 11:13:59.757,1.36049,1.36072,1.50,2.40
2011.05.06 11:14:00.521,1.36051,1.36077,1.50,2.25
2011.05.06 11:14:01.076,1.36052,1.36078,1.50,2.10
2011.05.06 11:14:01.296,1.36052,1.36078,1.50,2.85
2011.05.06 11:14:02.396,1.36048,1.36075,1.50,2.10
2011.05.06 11:14:03.079,1.36048,1.36075,1.50,2.10
2011.05.06 11:14:04.156,1.36051,1.36075,1.50,1.35
2011.05.06 11:14:04.816,1.36048,1.36075,1.50,2.10
2011.05.06 11:14:05.268,1.36048,1.36074,1.50,1.35
2011.05.06 11:14:05.597,1.36049,1.36068,1.50,1.65
2011.05.06 11:14:06.146,1.36049,1.36074,1.50,1.35
2011.05.06 11:14:06.810,1.36049,1.36068,1.50,1.35
2011.05.06 11:14:07.038,1.36044,1.36068,1.50,2.85
2011.05.06 11:14:07.145,1.36042,1.36068,2.25,2.85
2011.05.06 11:14:07.916,1.36044,1.36068,1.50,1.35
2011.05.06 11:14:08.359,1.36045,1.36069,1.35,1.50
2011.05.06 11:14:08.688,1.36073,1.36083,1.50,1.50
2011.05.06 11:14:08.799,1.36065,1.36085,1.65,1.50
2011.05.06 11:14:08.920,1.36058,1.36084,1.50,2.25
2011.05.06 11:14:09.146,1.36053,1.36081,2.25,1.35
2011.05.06 11:14:09.475,1.36053,1.3608,2.25,2.85
2011.05.06 11:14:10.025,1.36053,1.3608,1.50,2.85
2011.05.06 11:14:10.686,1.36053,1.36082,2.85,1.50
2011.05.06 11:14:11.152,1.36053,1.3608,2.85,1.50
2011.05.06 11:14:11.263,1.36056,1.36084,1.50,2.25
2011.05.06 11:14:11.488,1.36056,1.36083,1.50,1.50
2011.05.06 11:14:11.600,1.36054,1.36083,1.50,1.50
2011.05.06 11:14:11.719,1.36053,1.36079,2.10,1.65
2011.05.06 11:14:11.837,1.36053,1.36083,2.10,3.15
2011.05.06 11:14:12.056,1.36053,1.36083,2.10,3.15
2011.05.06 11:14:12.501,1.36053,1.36081,2.10,1.50
2011.05.06 11:14:12.835,1.36052,1.36078,1.50,3.00
2011.05.06 11:14:13.847,1.36056,1.36082,2.10,1.50
2011.05.06 11:14:14.286,1.36056,1.36084,1.35,1.50
2011.05.06 11:14:14.945,1.36054,1.36083,2.85,1.50
2011.05.06 11:14:15.417,1.36054,1.36082,2.10,1.50
2011.05.06 11:14:15.528,1.36054,1.36076,1.50,1.50
2011.05.06 11:14:16.095,1.36054,1.36076,1.50,1.50
2011.05.06 11:14:17.008,1.36051,1.36076,1.50,1.50
2011.05.06 11:14:17.339,1.36046,1.36074,1.50,2.10
2011.05.06 11:14:17.459,1.36046,1.36071,1.50,1.50
2011.05.06 11:14:18.017,1.36046,1.36071,1.50,1.50
2011.05.06 11:14:18.457,1.36048,1.36074,1.50,1.35
2011.05.06 11:14:18.787,1.36051,1.36075,1.50,1.35
2011.05.06 11:14:18.897,1.36056,1.36079,1.50,1.50
2011.05.06 11:14:19.228,1.36056,1.36082,1.50,2.10
2011.05.06 11:14:19.556,1.36055,1.36081,1.50,1.50
2011.05.06 11:14:20.108,1.36056,1.36082,1.50,2.10
2011.05.06 11:14:20.216,1.36054,1.36079,1.50,2.25
2011.05.06 11:14:20.766,1.36053,1.36079,1.50,2.25
2011.05.06 11:14:21.447,1.36054,1.36078,1.50,1.50
2011.05.06 11:14:21.556,1.36054,1.36078,1.50,1.50
2011.05.06 11:14:22.320,1.36052,1.3608,2.25,1.50
2011.05.06 11:14:22.656,1.36052,1.36077,1.50,1.50
2011.05.06 11:14:22.878,1.36047,1.36075,2.25,2.10
2011.05.06 11:14:22.987,1.36047,1.36074,1.50,1.50
2011.05.06 11:14:23.100,1.36044,1.36071,1.50,1.35
2011.05.06 11:14:23.437,1.36044,1.36069,1.50,1.35
2011.05.06 11:14:23.986,1.36044,1.36071,1.50,2.10
2011.05.06 11:14:26.086,1.36044,1.36069,1.50,1.35
2011.05.06 11:14:26.196,1.36041,1.36069,1.50,1.35
2011.05.06 11:14:30.136,1.36042,1.36069,2.25,2.10
2011.05.06 11:14:30.357,1.36042,1.36072,2.10,2.10
2011.05.06 11:14:31.127,1.36042,1.36072,2.10,2.10
2011.05.06 11:14:31.677,1.36042,1.36068,2.10,1.50
2011.05.06 11:14:31.897,1.36042,1.36069,2.10,1.50
2011.05.06 11:14:32.918,1.36042,1.36068,2.10,1.50
2011.05.06 11:14:33.247,1.36044,1.36072,1.50,2.10
2011.05.06 11:14:33.576,1.36052,1.36076,2.10,2.40
2011.05.06 11:14:33.687,1.36052,1.36078,1.35,1.50
2011.05.06 11:14:33.907,1.36058,1.36079,1.50,1.50
2011.05.06 11:14:34.017,1.36058,1.36082,1.50,1.35
2011.05.06 11:14:34.346,1.36058,1.36082,1.50,2.10
2011.05.06 11:14:35.163,1.36058,1.3608,1.50,1.50
2011.05.06 11:14:36.736,1.36051,1.36077,3.90,1.35
2011.05.06 11:14:36.957,1.36052,1.36077,1.50,1.35
2011.05.06 11:14:37.838,1.36058,1.36083,1.50,2.40
2011.05.06 11:14:38.056,1.36058,1.36081,1.50,1.50
2011.05.06 11:14:38.607,1.36055,1.36078,1.35,1.50
2011.05.06 11:14:38.940,1.36048,1.36075,2.10,2.25
2011.05.06 11:14:40.287,1.36048,1.36075,2.85,3.15
2011.05.06 11:14:40.509,1.36052,1.36075,1.50,1.50
2011.05.06 11:14:41.159,1.36052,1.36079,1.50,1.50
2011.05.06 11:14:41.282,1.36052,1.3608,1.50,2.10
2011.05.06 11:14:42.387,1.36051,1.3608,1.50,2.10
2011.05.06 11:14:42.937,1.36051,1.36076,1.50,1.35
2011.05.06 11:14:43.157,1.36047,1.36076,2.25,2.10
2011.05.06 11:14:43.705,1.36048,1.36076,1.50,2.10
2011.05.06 11:14:43.926,1.36051,1.36076,1.50,1.35
2011.05.06 11:14:44.475,1.36053,1.3608,1.50,3.60
2011.05.06 11:14:49.065,1.36054,1.3608,1.50,3.60
2011.05.06 11:14:49.285,1.36052,1.3608,1.50,3.60
2011.05.06 11:14:53.736,1.36052,1.36075,1.50,2.40
2011.05.06 11:14:53.956,1.36049,1.36073,1.50,1.50
2011.05.06 11:14:54.396,1.36047,1.36073,1.50,1.50
2011.05.06 11:14:55.629,1.36046,1.36073,2.10,2.25
2011.05.06 11:14:57.887,1.36046,1.36073,2.10,2.25
2011.05.06 11:14:57.997,1.36047,1.36073,1.35,2.25
2011.05.06 11:14:58.219,1.36046,1.36072,1.50,1.35
2011.05.06 11:14:58.327,1.36046,1.36072,1.50,1.35
2011.05.06 11:14:58.657,1.36046,1.36072,1.50,1.35
2011.05.06 11:15:00.335,1.36051,1.36073,1.50,2.10
2011.05.06 11:15:01.325,1.36048,1.36072,2.25,1.35
2011.05.06 11:15:01.765,1.36051,1.36072,1.50,1.35
2011.05.06 11:15:02.316,1.3605,1.36072,1.50,1.35
2011.05.06 11:15:05.953,1.36051,1.36078,1.50,2.10
2011.05.06 11:15:06.395,1.36051,1.36078,1.50,2.10
2011.05.06 11:15:07.576,1.36053,1.36078,1.50,2.10
2011.05.06 11:15:08.346,1.36053,1.36078,1.50,1.35
2011.05.06 11:15:09.828,1.36053,1.36078,1.50,1.35
2011.05.06 11:15:10.966,1.36054,1.36081,1.35,2.25
2011.05.06 11:15:12.885,1.36054,1.36081,1.35,2.25
2011.05.06 11:15:12.995,1.36054,1.36081,1.35,2.25
2011.05.06 11:15:13.505,1.36054,1.36081,1.35,2.25
2011.05.06 11:15:14.187,1.36054,1.36081,1.35,2.25
2011.05.06 11:15:15.377,1.36054,1.36081,1.35,2.25
2011.05.06 11:15:16.575,1.36053,1.36081,1.35,2.25
2011.05.06 11:15:19.076,1.36053,1.36081,1.35,2.25
2011.05.06 11:15:19.516,1.36051,1.36074,1.50,1.50
2011.05.06 11:15:19.626,1.36051,1.36074,1.50,1.50
2011.05.06 11:15:20.066,1.36048,1.36072,1.50,1.35
2011.05.06 11:15:20.285,1.36048,1.36072,1.50,1.35
2011.05.06 11:15:26.051,1.36045,1.36072,2.25,1.35
2011.05.06 11:15:26.598,1.36045,1.36072,1.50,1.35
2011.05.06 11:15:26.928,1.36046,1.36072,1.50,1.35
2011.05.06 11:15:27.036,1.36053,1.36073,1.65,1.50
2011.05.06 11:15:27.257,1.36053,1.36079,2.40,1.50
2011.05.06 11:15:27.366,1.36058,1.36079,1.65,1.50
2011.05.06 11:15:28.136,1.36051,1.36079,2.10,2.25
2011.05.06 11:15:28.576,1.36051,1.36079,2.10,2.25
2011.05.06 11:15:28.798,1.36049,1.36078,1.50,1.50
2011.05.06 11:15:29.127,1.36049,1.36074,1.50,2.10
2011.05.06 11:15:29.236,1.36046,1.36074,1.50,2.10
2011.05.06 11:15:29.348,1.36047,1.36074,1.50,1.35
2011.05.06 11:15:29.676,1.36049,1.36077,2.25,1.35
2011.05.06 11:15:29.788,1.36054,1.36079,2.40,1.50
2011.05.06 11:15:29.897,1.36054,1.36079,2.40,1.50
2011.05.06 11:15:30.447,1.36054,1.36077,1.65,1.50
2011.05.06 11:15:30.557,1.36049,1.36077,2.25,2.10
2011.05.06 11:15:30.886,1.36049,1.36077,2.25,2.10
2011.05.06 11:15:31.554,1.36049,1.36077,1.50,1.35
2011.05.06 11:15:31.890,1.36046,1.36077,1.50,5.10
2011.05.06 11:15:32.007,1.36045,1.3607,2.85,1.50
2011.05.06 11:15:33.746,1.36045,1.36077,2.10,1.35
2011.05.06 11:15:34.075,1.36048,1.36075,1.50,1.50
2011.05.06 11:15:34.627,1.36048,1.36074,1.50,4.50
2011.05.06 11:15:36.156,1.36045,1.36073,2.10,1.50
2011.05.06 11:15:36.267,1.36046,1.36074,1.50,1.50
2011.05.06 11:15:36.376,1.36046,1.36075,3.00,2.40
2011.05.06 11:15:36.947,1.36052,1.36076,1.50,1.50
2011.05.06 11:15:40.518,1.36052,1.36076,1.50,1.50
2011.05.06 11:15:40.847,1.36047,1.36074,1.50,1.50
2011.05.06 11:15:41.396,1.36047,1.36072,1.50,1.50
2011.05.06 11:15:44.306,1.36047,1.36072,1.50,1.50
2011.05.06 11:15:44.419,1.36047,1.3607,1.50,1.50
2011.05.06 11:15:44.748,1.36059,1.3608,1.65,2.25
2011.05.06 11:15:44.858,1.36053,1.3608,1.50,2.85
2011.05.06 11:15:44.966,1.36052,1.3608,3.15,2.85
2011.05.06 11:15:45.625,1.36051,1.3608,3.15,2.85
2011.05.06 11:15:46.269,1.36062,1.36079,1.65,1.50
2011.05.06 11:15:46.596,1.36062,1.36088,3.15,1.35
2011.05.06 11:15:47.146,1.36062,1.36088,1.50,1.35
2011.05.06 11:15:48.606,1.36063,1.36088,3.15,1.35
2011.05.06 11:15:48.718,1.3607,1.3609,1.65,1.50
2011.05.06 11:15:49.047,1.36066,1.36089,1.50,1.50
2011.05.06 11:15:49.157,1.36067,1.36097,2.85,3.15
2011.05.06 11:15:49.377,1.36075,1.36098,1.50,1.50
2011.05.06 11:15:49.926,1.36077,1.36104,1.35,1.50
2011.05.06 11:15:50.255,1.36079,1.36104,1.50,1.50
2011.05.06 11:15:53.043,1.36079,1.36104,1.50,1.50
2011.05.06 11:15:53.487,1.36079,1.36103,1.50,1.50
2011.05.06 11:15:53.839,1.36079,1.36101,1.50,1.35
2011.05.06 11:15:54.177,1.36076,1.36101,2.40,1.35
2011.05.06 11:15:54.288,1.36074,1.36101,3.15,1.35
2011.05.06 11:15:54.509,1.36074,1.36101,6.68,1.35
2011.05.06 11:15:54.727,1.36074,1.36101,6.68,1.35
2011.05.06 11:15:55.056,1.36079,1.36101,1.50,1.35
2011.05.06 11:15:55.607,1.36079,1.36101,1.50,1.35
2011.05.06 11:15:55.827,1.36075,1.36101,3.15,1.35
2011.05.06 11:15:56.266,1.36075,1.36101,3.15,1.35
2011.05.06 11:15:56.817,1.36075,1.36101,3.15,1.35
2011.05.06 11:15:58.188,1.36077,1.36101,1.50,1.35
2011.05.06 11:15:59.066,1.36075,1.361,1.50,1.50
2011.05.06 11:15:59.286,1.36075,1.361,1.50,1.50
2011.05.06 11:16:00.306,1.36073,1.361,1.50,1.50
2011.05.06 11:16:00.419,1.36071,1.36099,1.50,2.25
2011.05.06 11:16:00.527,1.36073,1.361,1.50,1.50
2011.05.06 11:16:00.637,1.36073,1.361,1.50,2.40
2011.05.06 11:16:00.858,1.36072,1.36101,2.40,2.10
2011.05.06 11:16:03.857,1.36073,1.361,1.65,1.50
2011.05.06 11:16:04.196,1.36073,1.361,3.15,1.50
2011.05.06 11:16:06.556,1.36075,1.36101,3.15,1.35
2011.05.06 11:16:06.890,1.36082,1.36099,2.25,1.50
2011.05.06 11:16:07.006,1.36077,1.36099,1.50,1.50
2011.05.06 11:16:07.119,1.36075,1.36099,1.50,1.50
2011.05.06 11:16:07.228,1.36072,1.36099,1.50,1.50
2011.05.06 11:16:07.447,1.36069,1.36093,1.50,1.50
2011.05.06 11:16:07.778,1.36065,1.36084,1.50,1.50
2011.05.06 11:16:08.000,1.36061,1.36088,2.25,1.35
2011.05.06 11:16:08.116,1.36061,1.36088,2.25,1.35
2011.05.06 11:16:08.226,1.36061,1.36088,1.50,1.35
2011.05.06 11:16:08.776,1.36061,1.36088,1.50,1.35
2011.05.06 11:16:09.325,1.36061,1.36088,1.50,1.35
2011.05.06 11:16:10.196,1.36058,1.36073,2.40,1.35
2011.05.06 11:16:10.417,1.36053,1.36072,1.50,1.50
2011.05.06 11:16:10.857,1.36049,1.36068,1.50,2.40
2011.05.06 11:16:10.967,1.36049,1.36068,1.50,2.40
2011.05.06 11:16:11.186,1.36054,1.36075,1.35,1.50
2011.05.06 11:16:11.298,1.36054,1.3608,2.10,1.50
2011.05.06 11:16:11.956,1.36052,1.36079,1.50,2.25
2011.05.06 11:16:12.285,1.36053,1.36079,1.50,1.50
2011.05.06 11:16:12.966,1.36056,1.36079,2.10,1.50
2011.05.06 11:16:13.296,1.36061,1.36082,2.40,1.50
2011.05.06 11:16:14.137,1.36062,1.36087,1.35,1.50
2011.05.06 11:16:14.356,1.36061,1.36085,1.65,1.35
2011.05.06 11:16:14.579,1.36061,1.36087,1.35,1.50
2011.05.06 11:16:14.686,1.36061,1.36087,1.35,1.50
2011.05.06 11:16:15.281,1.36061,1.36082,1.35,1.50
2011.05.06 11:16:17.067,1.36061,1.36084,2.40,1.50
2011.05.06 11:16:17.288,1.36057,1.36084,1.35,1.50
2011.05.06 11:16:18.497,1.36057,1.36084,1.35,1.50
2011.05.06 11:16:21.026,1.36057,1.36084,1.35,1.50
2011.05.06 11:16:23.012,1.36052,1.36081,2.25,1.35
2011.05.06 11:16:24.768,1.3605,1.36073,4.28,1.35
2011.05.06 11:16:24.876,1.36049,1.36073,2.25,1.35
2011.05.06 11:16:25.425,1.36049,1.36073,1.50,1.35
2011.05.06 11:16:26.206,1.36049,1.36072,1.50,1.50
2011.05.06 11:16:27.086,1.36049,1.36072,1.50,1.50
2011.05.06 11:16:27.527,1.36049,1.36071,1.50,1.50
2011.05.06 11:16:28.076,1.36046,1.3607,1.50,1.50
2011.05.06 11:16:31.121,1.36046,1.36071,1.50,1.50
2011.05.06 11:16:32.595,1.36046,1.36071,1.50,1.50
2011.05.06 11:16:33.036,1.36046,1.36071,1.50,1.50
2011.05.06 11:16:35.516,1.36046,1.36069,1.50,1.50
2011.05.06 11:16:35.846,1.36046,1.36068,1.50,1.50
2011.05.06 11:16:37.736,1.36046,1.36062,1.50,1.50
2011.05.06 11:16:37.958,1.36036,1.36056,1.50,1.50
2011.05.06 11:16:38.177,1.36034,1.36056,1.50,1.50
2011.05.06 11:16:38.617,1.36038,1.3606,1.50,1.35
2011.05.06 11:16:38.728,1.36038,1.36065,1.50,2.25
2011.05.06 11:16:38.947,1.36038,1.36065,1.50,1.50
2011.05.06 11:16:39.482,1.36038,1.3606,1.50,3.00
2011.05.06 11:16:40.156,1.36038,1.36064,1.50,1.35
2011.05.06 11:16:40.488,1.36039,1.36065,2.10,1.50
2011.05.06 11:16:40.599,1.36043,1.36069,3.53,2.40
2011.05.06 11:16:41.166,1.36046,1.3607,1.50,1.50
2011.05.06 11:16:41.276,1.36049,1.3607,1.50,1.50
2011.05.06 11:16:42.206,1.36049,1.36063,1.50,1.35
2011.05.06 11:16:42.317,1.36042,1.36063,1.50,1.35
2011.05.06 11:16:42.865,1.36043,1.3607,1.35,1.50
2011.05.06 11:16:43.196,1.36044,1.3607,1.50,1.50
2011.05.06 11:16:43.306,1.36044,1.3607,2.25,1.50
2011.05.06 11:16:43.416,1.36044,1.3607,3.15,1.50
2011.05.06 11:16:43.747,1.36051,1.36075,1.35,1.50
2011.05.06 11:16:43.968,1.3605,1.36075,1.65,2.10
2011.05.06 11:16:44.077,1.3605,1.36075,1.65,2.10
2011.05.06 11:16:44.187,1.36047,1.36075,1.50,2.10
2011.05.06 11:16:45.220,1.36045,1.36074,2.10,3.15
2011.05.06 11:16:45.798,1.36045,1.36072,2.10,1.50
2011.05.06 11:16:46.337,1.36041,1.3607,3.15,1.50
2011.05.06 11:16:47.108,1.36042,1.3607,1.50,1.50
2011.05.06 11:16:47.660,1.36038,1.36058,2.78,1.35
2011.05.06 11:16:47.779,1.36033,1.36057,2.40,1.50
2011.05.06 11:16:48.228,1.36025,1.36048,1.50,1.50
2011.05.06 11:16:48.557,1.3602,1.36045,1.35,1.50
2011.05.06 11:16:48.666,1.3602,1.36045,1.35,1.50
2011.05.06 11:16:49.106,1.36021,1.36043,1.50,1.50
2011.05.06 11:16:49.759,1.36023,1.36043,2.10,1.50
2011.05.06 11:16:49.882,1.36029,1.36054,1.50,1.50
2011.05.06 11:16:50.109,1.36028,1.36058,1.50,1.50
2011.05.06 11:16:51.316,1.36028,1.36057,1.50,1.50
2011.05.06 11:16:51.977,1.36028,1.36058,1.50,5.25
2011.05.06 11:16:52.528,1.36028,1.3605,1.50,2.40
2011.05.06 11:16:52.637,1.36025,1.36049,1.50,1.50
2011.05.06 11:16:52.746,1.36024,1.36049,1.50,1.50
2011.05.06 11:16:52.987,1.36024,1.36045,1.50,1.50
2011.05.06 11:16:53.316,1.36024,1.36045,1.50,1.50
2011.05.06 11:16:53.536,1.36028,1.3605,1.50,3.15
2011.05.06 11:16:53.756,1.36028,1.36052,1.50,1.50
2011.05.06 11:16:54.198,1.36032,1.36052,1.50,1.50
2011.05.06 11:16:54.734,1.36034,1.36056,1.50,2.25
2011.05.06 11:16:54.855,1.3604,1.36061,1.50,2.78
2011.05.06 11:16:55.188,1.36044,1.36061,1.50,2.78
2011.05.06 11:16:55.409,1.36044,1.36069,1.50,1.35
2011.05.06 11:16:56.497,1.36044,1.36064,1.50,2.10
2011.05.06 11:16:56.607,1.36041,1.36064,1.50,2.10
2011.05.06 11:16:56.718,1.36039,1.36064,1.50,1.50
2011.05.06 11:16:56.936,1.36039,1.36061,1.50,1.35
2011.05.06 11:16:57.266,1.36036,1.36053,1.50,1.50
2011.05.06 11:16:57.597,1.36032,1.36054,1.50,1.50
2011.05.06 11:16:57.708,1.36032,1.36049,1.50,1.50
2011.05.06 11:16:57.929,1.36022,1.36049,4.28,1.35
2011.05.06 11:16:58.827,1.36022,1.36047,4.43,1.50
2011.05.06 11:16:59.167,1.36023,1.36049,1.50,1.35
2011.05.06 11:16:59.278,1.36023,1.36049,2.25,1.35
2011.05.06 11:16:59.500,1.36029,1.36056,1.50,1.50
2011.05.06 11:16:59.839,1.3603,1.36059,2.25,1.50
2011.05.06 11:17:00.277,1.3603,1.36059,2.25,1.50
2011.05.06 11:17:01.378,1.36033,1.3606,2.25,1.35
2011.05.06 11:17:01.928,1.36032,1.36055,1.50,1.35
2011.05.06 11:17:02.257,1.36024,1.36046,1.50,1.35
2011.05.06 11:17:02.478,1.36021,1.36043,1.50,1.50
2011.05.06 11:17:02.698,1.3602,1.36043,1.50,1.50
2011.05.06 11:17:03.147,1.3602,1.36038,1.50,1.50
2011.05.06 11:17:03.260,1.36015,1.36038,1.50,1.50
2011.05.06 11:17:03.864,1.36015,1.36039,1.50,1.35
2011.05.06 11:17:03.977,1.36016,1.36039,1.50,1.35
2011.05.06 11:17:05.296,1.36016,1.36039,1.50,1.35
2011.05.06 11:17:05.407,1.36015,1.36038,2.25,1.50
2011.05.06 11:17:05.517,1.36015,1.36043,2.10,1.50
2011.05.06 11:17:05.737,1.36015,1.36043,1.35,1.50
2011.05.06 11:17:06.177,1.36016,1.36044,1.50,1.50
2011.05.06 11:17:06.846,1.36016,1.36044,1.50,1.50
2011.05.06 11:17:07.396,1.36016,1.36044,2.25,1.50
2011.05.06 11:17:10.448,1.36018,1.36045,1.50,1.35
2011.05.06 11:17:10.558,1.36021,1.36049,2.10,1.50
2011.05.06 11:17:10.887,1.36023,1.36051,1.50,1.50
2011.05.06 11:17:11.107,1.36023,1.3605,1.50,1.50
2011.05.06 11:17:11.437,1.36022,1.3605,1.50,2.25
2011.05.06 11:17:12.756,1.36029,1.36052,1.50,1.50
2011.05.06 11:17:13.343,1.36023,1.3605,2.10,1.50
2011.05.06 11:17:13.676,1.36026,1.36053,1.50,2.10
2011.05.06 11:17:14.007,1.36029,1.36053,1.50,1.35
2011.05.06 11:17:14.337,1.36026,1.36052,1.50,1.50
2011.05.06 11:17:14.556,1.36026,1.36053,1.50,1.50
2011.05.06 11:17:15.109,1.36026,1.36047,1.50,1.35
2011.05.06 11:17:15.218,1.36021,1.36043,3.53,1.50
2011.05.06 11:17:15.436,1.36015,1.36043,1.35,1.50
2011.05.06 11:17:15.548,1.36015,1.3604,1.50,1.35
2011.05.06 11:17:15.986,1.36015,1.36042,4.28,2.25
2011.05.06 11:17:16.097,1.36015,1.36042,1.50,2.25
2011.05.06 11:17:16.316,1.36015,1.36042,1.50,2.25
2011.05.06 11:17:16.866,1.36015,1.36045,3.00,2.25
2011.05.06 11:17:17.088,1.36017,1.36043,1.50,1.50
2011.05.06 11:17:17.636,1.36017,1.36045,1.50,1.50
2011.05.06 11:17:18.136,1.36019,1.36041,1.50,1.50
2011.05.06 11:17:18.255,1.36014,1.36043,1.35,1.50
2011.05.06 11:17:18.476,1.36014,1.36043,2.10,1.50
2011.05.06 11:17:19.376,1.3602,1.36046,1.50,1.35
2011.05.06 11:17:19.487,1.36019,1.36046,1.50,2.10
2011.05.06 11:17:19.597,1.36019,1.36046,1.50,2.10
2011.05.06 11:17:19.707,1.36017,1.36043,1.50,1.50
2011.05.06 11:17:19.929,1.36018,1.36044,1.50,1.65
2011.05.06 11:17:20.038,1.36018,1.36046,1.50,1.35
2011.05.06 11:17:20.366,1.36017,1.36046,1.50,1.35
2011.05.06 11:17:20.808,1.36017,1.3604,1.50,2.40
2011.05.06 11:17:20.918,1.3601,1.36036,1.50,2.10
2011.05.06 11:17:21.031,1.3601,1.36034,1.50,1.50
2011.05.06 11:17:22.178,1.3601,1.36034,1.50,1.50
2011.05.06 11:17:22.288,1.36013,1.36036,1.35,1.50
2011.05.06 11:17:22.397,1.36014,1.3604,1.35,1.65
2011.05.06 11:17:22.649,1.36014,1.36042,2.10,2.25
2011.05.06 11:17:24.286,1.36014,1.36042,2.85,1.50
2011.05.06 11:17:25.717,1.36016,1.36043,2.25,1.50
2011.05.06 11:17:26.047,1.36016,1.36046,1.50,1.35
2011.05.06 11:17:26.156,1.36017,1.36046,1.50,1.35
2011.05.06 11:17:26.376,1.36021,1.36047,1.35,1.50
2011.05.06 11:17:26.487,1.36021,1.36047,2.10,1.50
2011.05.06 11:17:26.597,1.36023,1.36047,1.50,1.50
2011.05.06 11:17:26.707,1.36025,1.3605,1.35,1.50
2011.05.06 11:17:27.262,1.36026,1.36051,1.35,1.50
2011.05.06 11:17:27.598,1.36028,1.36057,1.35,2.25
2011.05.06 11:17:27.927,1.36033,1.36061,2.25,3.53
2011.05.06 11:17:28.475,1.36035,1.36062,1.50,2.10
2011.05.06 11:17:29.150,1.36033,1.36061,1.50,1.50
2011.05.06 11:17:29.710,1.36026,1.36051,1.50,1.35
2011.05.06 11:17:30.418,1.36029,1.36054,1.35,1.50
2011.05.06 11:17:30.749,1.36024,1.36052,2.85,1.50
2011.05.06 11:17:33.657,1.36027,1.36054,1.50,1.50
2011.05.06 11:17:33.879,1.36024,1.36049,1.35,1.50
2011.05.06 11:17:34.876,1.36024,1.36049,1.35,1.50
2011.05.06 11:17:35.664,1.36026,1.36054,1.50,2.25
2011.05.06 11:17:35.890,1.36026,1.36054,1.50,2.25
2011.05.06 11:17:36.668,1.36025,1.36053,1.50,1.50
2011.05.06 11:17:37.438,1.36026,1.36054,1.50,1.50
2011.05.06 11:17:37.548,1.36025,1.36052,5.18,2.25
2011.05.06 11:17:39.747,1.36025,1.36052,1.50,1.50
2011.05.06 11:17:39.857,1.36026,1.36052,3.53,1.50
2011.05.06 11:17:40.076,1.36025,1.36052,1.50,1.50
2011.05.06 11:17:40.740,1.36025,1.36051,1.50,2.40
2011.05.06 11:17:40.966,1.36025,1.36052,2.25,1.50
2011.05.06 11:17:42.137,1.36026,1.36052,2.78,1.50
2011.05.06 11:17:42.686,1.36024,1.36052,2.85,1.50
2011.05.06 11:17:44.057,1.36025,1.36052,1.50,1.50
2011.05.06 11:17:44.169,1.36026,1.36054,2.25,1.50
2011.05.06 11:17:44.607,1.36027,1.36055,1.50,1.50
2011.05.06 11:17:45.276,1.36026,1.3605,1.50,1.50
2011.05.06 11:17:45.387,1.36027,1.36055,1.50,1.50
2011.05.06 11:17:45.606,1.36026,1.36054,2.85,1.50
2011.05.06 11:17:46.157,1.36029,1.36056,1.50,1.50
2011.05.06 11:17:46.378,1.36026,1.36051,1.35,1.50
2011.05.06 11:17:47.038,1.36026,1.36053,2.10,1.50
2011.05.06 11:17:47.858,1.36023,1.3605,2.25,1.35
2011.05.06 11:17:49.496,1.36029,1.36053,1.35,1.50
2011.05.06 11:17:49.608,1.36026,1.36053,1.50,2.25
2011.05.06 11:17:49.826,1.36024,1.36052,1.50,2.25
2011.05.06 11:17:57.467,1.36025,1.36052,1.50,1.50
2011.05.06 11:17:58.026,1.36025,1.36052,1.50,1.50
2011.05.06 11:17:58.598,1.36025,1.36052,1.50,1.50
2011.05.06 11:18:00.515,1.36025,1.36052,1.50,1.50
2011.05.06 11:18:00.737,1.36024,1.36052,4.65,1.50
2011.05.06 11:18:01.287,1.36026,1.36052,1.50,1.50
2011.05.06 11:18:02.154,1.36029,1.36056,1.35,2.25
2011.05.06 11:18:02.927,1.36029,1.36056,1.35,2.25
2011.05.06 11:18:03.855,1.36029,1.36055,1.35,1.50
2011.05.06 11:18:05.937,1.36029,1.36052,1.35,1.50
2011.05.06 11:18:06.487,1.36029,1.36052,1.35,1.50
2011.05.06 11:18:08.266,1.36029,1.36053,1.35,1.50
2011.05.06 11:18:10.758,1.3603,1.36054,1.50,2.40
2011.05.06 11:18:11.086,1.36029,1.36055,1.35,1.50
2011.05.06 11:18:11.549,1.36029,1.36055,1.35,1.50
2011.05.06 11:18:11.987,1.36029,1.36055,1.35,1.50
2011.05.06 11:18:13.088,1.36034,1.36056,1.50,1.50
2011.05.06 11:18:13.637,1.36034,1.36055,1.50,1.50
2011.05.06 11:18:13.747,1.3603,1.36055,1.50,1.50
2011.05.06 11:18:14.326,1.3603,1.36055,1.50,1.50
2011.05.06 11:18:14.876,1.3603,1.36055,1.50,1.50
2011.05.06 11:18:15.098,1.36029,1.36056,2.10,2.25
2011.05.06 11:18:15.646,1.36029,1.36056,1.35,2.25
2011.05.06 11:18:16.278,1.36029,1.36056,1.35,2.25
2011.05.06 11:18:17.347,1.36029,1.36055,1.35,1.50
2011.05.06 11:18:20.566,1.36029,1.36053,1.35,1.50
2011.05.06 11:18:20.786,1.36029,1.36053,1.35,1.50
2011.05.06 11:18:21.446,1.36029,1.36053,1.35,1.50
2011.05.06 11:18:21.777,1.3603,1.36056,2.25,1.50
2011.05.06 11:18:21.887,1.36031,1.36059,1.50,1.35
2011.05.06 11:18:24.178,1.36033,1.36061,1.50,1.50
2011.05.06 11:18:24.399,1.36035,1.3606,2.78,1.50
2011.05.06 11:18:24.508,1.36033,1.36061,1.50,2.25
2011.05.06 11:18:25.055,1.36033,1.36061,2.10,2.25
2011.05.06 11:18:25.497,1.36034,1.36061,1.35,2.25
2011.05.06 11:18:25.826,1.36033,1.3606,1.35,1.50
2011.05.06 11:18:26.545,1.36036,1.36066,1.50,2.85
2011.05.06 11:18:26.879,1.36038,1.36066,1.35,2.25
2011.05.06 11:18:27.428,1.36038,1.36063,1.35,1.50
2011.05.06 11:18:27.758,1.36039,1.36066,2.25,2.25
2011.05.06 11:18:28.228,1.36037,1.36064,5.18,1.50
2011.05.06 11:18:31.137,1.36036,1.36054,1.50,1.35
2011.05.06 11:18:31.357,1.36034,1.36055,1.50,2.40
2011.05.06 11:18:31.907,1.36033,1.36055,1.50,1.50
2011.05.06 11:18:32.587,1.3603,1.36053,1.50,1.50
2011.05.06 11:18:32.703,1.3603,1.36053,1.50,1.50
2011.05.06 11:18:33.586,1.3603,1.36054,1.50,1.35
2011.05.06 11:18:33.695,1.36031,1.36054,1.50,1.35
2011.05.06 11:18:34.247,1.36033,1.36052,1.50,1.50
2011.05.06 11:18:34.576,1.36033,1.36052,1.50,1.50
2011.05.06 11:18:36.858,1.36033,1.36055,1.50,3.15
2011.05.06 11:18:37.408,1.36033,1.36051,1.50,1.50
2011.05.06 11:18:37.628,1.36029,1.36051,2.25,1.50
2011.05.06 11:18:38.847,1.36031,1.36051,1.50,1.50
2011.05.06 11:18:39.179,1.36029,1.36053,1.50,1.50
2011.05.06 11:18:40.397,1.36029,1.36049,1.50,1.50
2011.05.06 11:18:40.837,1.36027,1.36051,2.25,1.50
2011.05.06 11:18:40.947,1.36025,1.36051,1.50,1.50
2011.05.06 11:18:41.606,1.36025,1.36051,2.25,1.50
2011.05.06 11:18:46.037,1.36025,1.3605,1.50,1.50
2011.05.06 11:18:46.366,1.36025,1.36049,2.25,1.50
2011.05.06 11:18:46.587,1.36025,1.36049,1.50,1.50
2011.05.06 11:18:46.807,1.36026,1.36049,1.50,1.50
2011.05.06 11:18:46.917,1.36023,1.36049,1.50,1.50
2011.05.06 11:18:47.027,1.36023,1.36049,1.50,1.50
2011.05.06 11:18:47.621,1.36023,1.36046,1.50,1.50
2011.05.06 11:18:47.859,1.36022,1.3605,2.25,2.10
2011.05.06 11:18:47.969,1.36027,1.3605,1.50,2.10
2011.05.06 11:18:48.076,1.36025,1.3605,2.25,2.10
2011.05.06 11:18:48.187,1.36025,1.3605,1.50,2.10
2011.05.06 11:18:49.237,1.36025,1.3605,1.50,2.10
2011.05.06 11:18:49.785,1.36025,1.3605,1.50,2.10
2011.05.06 11:18:53.927,1.36022,1.36044,2.25,1.50
2011.05.06 11:18:54.039,1.36021,1.36044,1.50,1.50
2011.05.06 11:18:54.366,1.36019,1.36041,1.50,1.50
2011.05.06 11:18:54.915,1.36017,1.36041,1.50,1.50
2011.05.06 11:18:55.476,1.36017,1.36042,1.50,1.50
2011.05.06 11:18:55.587,1.36017,1.36042,1.50,1.50
2011.05.06 11:18:56.156,1.36017,1.36042,1.50,1.50
2011.05.06 11:19:00.298,1.36017,1.36039,1.50,1.50
2011.05.06 11:19:00.630,1.36017,1.36044,6.00,1.50
2011.05.06 11:19:00.748,1.36022,1.36049,1.35,3.15
2011.05.06 11:19:00.970,1.36023,1.36047,2.40,1.35
2011.05.06 11:19:01.087,1.36022,1.36045,2.78,1.50
2011.05.06 11:19:01.636,1.36017,1.36045,2.10,1.50
2011.05.06 11:19:01.750,1.36016,1.3604,1.50,1.50
2011.05.06 11:19:02.087,1.36013,1.36043,1.50,2.10
2011.05.06 11:19:02.200,1.36016,1.36043,1.65,1.35
2011.05.06 11:19:02.417,1.36017,1.36044,2.25,1.35
2011.05.06 11:19:02.529,1.36018,1.36045,1.35,1.50
2011.05.06 11:19:02.966,1.36017,1.36039,1.35,1.50
2011.05.06 11:19:03.614,1.36017,1.36045,1.50,2.10
2011.05.06 11:19:03.731,1.36016,1.36044,2.25,1.50
2011.05.06 11:19:05.166,1.36017,1.36044,1.35,1.50
2011.05.06 11:19:05.719,1.36017,1.36044,1.50,1.50
2011.05.06 11:19:07.156,1.36017,1.36044,1.50,2.25
2011.05.06 11:19:07.488,1.36017,1.36043,1.50,1.35
2011.05.06 11:19:07.817,1.36017,1.3604,1.50,1.50
2011.05.06 11:19:08.916,1.36017,1.36038,1.50,1.50
2011.05.06 11:19:09.714,1.36016,1.36033,1.50,1.50
2011.05.06 11:19:09.827,1.36014,1.36033,1.50,1.50
2011.05.06 11:19:10.272,1.36013,1.36034,1.50,1.50
2011.05.06 11:19:12.337,1.36014,1.36035,1.50,1.35
2011.05.06 11:19:12.560,1.36014,1.36036,1.50,2.25
2011.05.06 11:19:12.788,1.36018,1.36038,1.50,2.40
2011.05.06 11:19:13.736,1.36018,1.36041,1.50,1.35
2011.05.06 11:19:15.801,1.36017,1.36039,1.50,1.50
2011.05.06 11:19:16.030,1.36018,1.36041,1.50,1.65
2011.05.06 11:19:16.259,1.3602,1.36046,1.35,2.25
2011.05.06 11:19:16.816,1.36022,1.36048,1.50,1.50
2011.05.06 11:19:17.365,1.36021,1.36047,1.50,1.50
2011.05.06 11:19:19.807,1.36022,1.36048,1.50,1.50
2011.05.06 11:19:20.688,1.36022,1.36047,1.50,1.50
2011.05.06 11:19:21.458,1.36022,1.36047,1.50,1.50
2011.05.06 11:19:26.616,1.36022,1.36048,1.50,1.50
2011.05.06 11:19:27.167,1.36028,1.36052,1.35,1.50
2011.05.06 11:19:27.827,1.36024,1.3605,1.50,1.50
2011.05.06 11:19:28.662,1.36022,1.36046,1.35,1.50
2011.05.06 11:19:28.777,1.36022,1.36046,1.35,1.50
2011.05.06 11:19:29.330,1.36022,1.36045,1.35,1.50
2011.05.06 11:19:29.449,1.36026,1.36047,1.50,3.15
2011.05.06 11:19:29.779,1.36033,1.3605,1.35,2.78
2011.05.06 11:19:30.108,1.36044,1.36064,2.10,3.53
2011.05.06 11:19:30.221,1.36042,1.36066,1.35,1.50
2011.05.06 11:19:30.340,1.36042,1.36067,1.35,1.50
2011.05.06 11:19:30.456,1.36046,1.36067,2.40,1.50
2011.05.06 11:19:30.787,1.36048,1.36067,2.10,1.50
2011.05.06 11:19:31.336,1.36048,1.36067,2.10,1.50
2011.05.06 11:19:33.282,1.36049,1.36066,1.35,1.50
2011.05.06 11:19:33.397,1.3605,1.36066,1.35,1.50
2011.05.06 11:19:33.946,1.3605,1.36066,2.10,1.50
2011.05.06 11:19:34.276,1.3605,1.36066,2.10,1.50
2011.05.06 11:19:34.496,1.3605,1.36066,2.10,1.50
2011.05.06 11:19:36.477,1.3605,1.36066,1.35,1.50
2011.05.06 11:19:37.025,1.3605,1.36066,1.35,1.50
2011.05.06 11:19:37.686,1.3605,1.36067,1.35,1.50
2011.05.06 11:19:38.127,1.36051,1.36066,1.50,1.50
2011.05.06 11:19:38.345,1.36053,1.36067,1.50,1.50
2011.05.06 11:19:39.066,1.36053,1.36067,1.50,1.50
2011.05.06 11:19:39.511,1.36057,1.36068,1.35,1.50
2011.05.06 11:19:39.848,1.3606,1.36067,1.50,1.50
2011.05.06 11:19:40.177,1.36059,1.36066,1.35,1.50
2011.05.06 11:19:41.605,1.3606,1.36076,2.25,2.93
2011.05.06 11:19:42.158,1.36059,1.36066,1.35,1.50
2011.05.06 11:19:42.746,1.36062,1.36076,1.50,2.18
2011.05.06 11:19:42.966,1.3606,1.36077,3.53,2.03
2011.05.06 11:19:43.295,1.36062,1.36087,1.50,3.53
2011.05.06 11:19:43.518,1.36059,1.36077,2.10,1.80
2011.05.06 11:19:43.846,1.36057,1.36066,1.50,1.50
2011.05.06 11:19:44.996,1.36056,1.36066,1.50,1.50
2011.05.06 11:19:45.546,1.36056,1.36066,1.50,1.50
2011.05.06 11:19:46.785,1.36058,1.36066,1.50,1.50
2011.05.06 11:19:47.256,1.36058,1.36076,1.35,2.18
2011.05.06 11:19:47.476,1.36056,1.36066,1.50,1.50
2011.05.06 11:19:50.806,1.36057,1.36067,1.35,1.50
2011.05.06 11:19:51.276,1.36053,1.36067,1.50,1.50
2011.05.06 11:19:51.495,1.36053,1.36067,2.25,1.50
2011.05.06 11:19:53.728,1.36053,1.36067,2.25,1.50
2011.05.06 11:19:55.249,1.36053,1.36067,2.63,1.50
2011.05.06 11:19:55.576,1.36053,1.36067,3.38,1.50
2011.05.06 11:19:56.177,1.36053,1.36067,2.63,1.50
2011.05.06 11:19:56.858,1.36053,1.36067,1.13,1.50
2011.05.06 11:19:57.076,1.36053,1.36067,1.13,1.50
2011.05.06 11:19:57.297,1.36051,1.36067,1.88,1.50
2011.05.06 11:19:58.065,1.36051,1.36067,1.13,1.50
2011.05.06 11:19:59.458,1.36051,1.36067,1.13,1.50
2011.05.06 11:20:00.526,1.3605,1.36067,1.35,1.50
2011.05.06 11:20:01.290,1.36048,1.36066,2.10,1.50
2011.05.06 11:20:04.639,1.3605,1.36066,2.10,1.50
2011.05.06 11:20:04.966,1.36052,1.36067,1.50,1.50
2011.05.06 11:20:07.057,1.36055,1.36067,1.35,1.50
2011.05.06 11:20:07.639,1.36055,1.36067,1.35,1.50
2011.05.06 11:20:09.409,1.36055,1.36067,1.35,1.50
2011.05.06 11:20:09.956,1.36053,1.36067,1.50,1.50
2011.05.06 11:20:11.957,1.36053,1.36067,1.50,1.50
2011.05.06 11:20:12.290,1.36057,1.36066,1.50,1.50
2011.05.06 11:20:13.695,1.3606,1.36076,1.50,1.97
2011.05.06 11:20:13.816,1.36065,1.3609,2.40,1.50
2011.05.06 11:20:13.931,1.36063,1.36077,1.35,1.51
2011.05.06 11:20:14.049,1.3606,1.36068,1.50,1.25
2011.05.06 11:20:14.279,1.36057,1.36066,3.53,1.25
2011.05.06 11:20:14.390,1.36055,1.36067,1.50,1.25
2011.05.06 11:20:14.509,1.36053,1.36067,1.50,1.25
2011.05.06 11:20:14.617,1.36049,1.36067,2.10,1.25
2011.05.06 11:20:14.727,1.36049,1.36067,1.35,1.25
2011.05.06 11:20:17.366,1.36047,1.36066,1.50,1.25
2011.05.06 11:20:20.528,1.36044,1.36065,1.50,1.50
2011.05.06 11:20:20.746,1.36044,1.36066,1.50,1.25
2011.05.06 11:20:20.966,1.36044,1.36066,1.50,1.25
2011.05.06 11:20:23.047,1.36044,1.36066,1.50,1.25
2011.05.06 11:20:25.148,1.36044,1.36064,1.50,1.50
2011.05.06 11:20:28.226,1.36041,1.36064,1.50,1.50
2011.05.06 11:20:28.666,1.36044,1.36064,1.35,1.50
2011.05.06 11:20:28.779,1.36044,1.36067,1.50,1.25
2011.05.06 11:20:28.998,1.36045,1.36066,1.65,1.50
2011.05.06 11:20:29.218,1.36041,1.36066,2.85,1.50
2011.05.06 11:20:29.975,1.36044,1.36066,1.50,1.25
2011.05.06 11:20:30.648,1.36045,1.36066,1.50,1.25
2011.05.06 11:20:30.758,1.36046,1.36066,1.35,1.25
2011.05.06 11:20:30.867,1.36048,1.36066,1.65,1.25
2011.05.06 11:20:31.197,1.36046,1.36066,3.00,1.25
2011.05.06 11:20:31.746,1.36048,1.36066,1.65,1.25
2011.05.06 11:20:32.268,1.36046,1.36066,3.00,1.25
2011.05.06 11:20:33.397,1.36047,1.36066,2.85,1.25
2011.05.06 11:20:33.617,1.36048,1.36066,2.25,1.25
2011.05.06 11:20:34.166,1.36051,1.36066,1.35,1.25
2011.05.06 11:20:34.498,1.36051,1.36066,2.10,1.25
2011.05.06 11:20:34.608,1.36051,1.36067,2.10,1.25
2011.05.06 11:20:35.156,1.36054,1.36069,3.15,1.25
2011.05.06 11:20:35.486,1.36056,1.36069,1.35,1.25
2011.05.06 11:20:35.816,1.36061,1.36069,1.65,1.25
2011.05.06 11:20:37.083,1.36062,1.3607,1.35,1.25
2011.05.06 11:20:37.420,1.36066,1.36088,1.65,1.50
2011.05.06 11:20:37.541,1.36064,1.3609,2.10,1.50
2011.05.06 11:20:37.657,1.36064,1.36088,1.35,5.25
2011.05.06 11:20:37.767,1.36061,1.36085,5.03,2.10
2011.05.06 11:20:37.876,1.3606,1.36085,1.50,2.10
2011.05.06 11:20:38.096,1.3606,1.36085,2.40,1.35
2011.05.06 11:20:38.646,1.3606,1.36085,3.90,1.35
2011.05.06 11:20:39.199,1.36058,1.36085,3.15,1.35
2011.05.06 11:20:39.746,1.36058,1.36085,2.40,1.35
2011.05.06 11:20:40.406,1.36058,1.36085,2.40,1.35
2011.05.06 11:20:40.956,1.36058,1.36085,2.40,1.35
2011.05.06 11:20:41.958,1.3606,1.36087,2.10,1.50
2011.05.06 11:20:42.749,1.36063,1.36091,2.10,1.50
2011.05.06 11:20:42.871,1.36067,1.36093,1.50,4.28
2011.05.06 11:20:43.207,1.36068,1.36093,2.40,1.50
2011.05.06 11:20:43.538,1.36068,1.36096,1.50,1.35
2011.05.06 11:20:43.647,1.36068,1.36096,1.50,1.35
2011.05.06 11:20:43.867,1.36068,1.36093,1.50,1.50
2011.05.06 11:20:44.636,1.36066,1.36093,2.85,3.15
2011.05.06 11:20:44.859,1.36066,1.36093,2.85,1.50
2011.05.06 11:20:46.406,1.36068,1.36093,1.50,1.50
2011.05.06 11:20:47.297,1.36068,1.36093,1.50,1.50
2011.05.06 11:20:48.076,1.36068,1.36096,1.50,2.10
2011.05.06 11:20:48.747,1.36068,1.36096,1.50,2.10
2011.05.06 11:20:49.856,1.36068,1.36096,1.50,2.10
2011.05.06 11:20:50.407,1.36067,1.36093,1.50,1.50
2011.05.06 11:20:54.906,1.36068,1.36093,1.50,1.50
2011.05.06 11:20:57.799,1.36068,1.36093,2.25,1.50
2011.05.06 11:20:58.023,1.36072,1.36099,1.35,3.15
2011.05.06 11:20:58.577,1.36072,1.361,2.10,1.50
2011.05.06 11:20:58.687,1.36074,1.36102,1.35,2.25
2011.05.06 11:20:58.797,1.36074,1.36102,1.35,2.25
2011.05.06 11:20:59.898,1.36075,1.36102,1.35,1.50
2011.05.06 11:21:00.119,1.36078,1.36102,2.40,1.50
2011.05.06 11:21:00.447,1.36078,1.36102,2.40,1.50
2011.05.06 11:21:01.036,1.36074,1.36097,1.50,1.50
2011.05.06 11:21:01.700,1.36077,1.36098,2.78,2.85
2011.05.06 11:21:02.147,1.36071,1.36098,3.53,2.85
2011.05.06 11:21:02.367,1.36075,1.36098,1.50,1.35
2011.05.06 11:21:02.807,1.36077,1.36104,2.10,1.50
2011.05.06 11:21:03.356,1.36077,1.36104,1.35,1.50
2011.05.06 11:21:04.588,1.36076,1.36101,1.50,1.50
2011.05.06 11:21:05.478,1.36078,1.36103,1.50,1.50
2011.05.06 11:21:06.005,1.36076,1.36102,1.50,1.50
2011.05.06 11:21:09.246,1.36075,1.36101,1.50,1.50
2011.05.06 11:21:09.796,1.36074,1.36101,3.15,2.25
2011.05.06 11:21:10.237,1.36078,1.36101,1.50,1.50
2011.05.06 11:21:10.458,1.36083,1.36106,1.35,1.50
2011.05.06 11:21:10.790,1.36083,1.36107,1.35,1.50
2011.05.06 11:21:11.128,1.36085,1.36108,1.35,1.50
2011.05.06 11:21:11.347,1.36088,1.36113,1.50,1.50
2011.05.06 11:21:11.567,1.36089,1.36113,3.15,1.50
2011.05.06 11:21:11.677,1.36089,1.36115,3.15,1.50
2011.05.06 11:21:12.007,1.36089,1.36117,3.15,2.10
2011.05.06 11:21:12.556,1.36091,1.36116,1.50,1.50
2011.05.06 11:21:13.061,1.36092,1.36116,2.40,1.50
2011.05.06 11:21:13.407,1.36094,1.3612,2.10,1.50
2011.05.06 11:21:14.937,1.36095,1.3612,1.50,1.50
2011.05.06 11:21:15.486,1.36094,1.3612,2.85,1.50
2011.05.06 11:21:16.456,1.36095,1.3612,1.50,1.50
2011.05.06 11:21:19.177,1.36096,1.3612,1.50,1.50
2011.05.06 11:21:19.507,1.36101,1.36126,1.50,1.35
2011.05.06 11:21:19.618,1.361,1.36124,2.40,1.50
2011.05.06 11:21:20.167,1.36099,1.36124,1.50,1.50
2011.05.06 11:21:20.606,1.36099,1.36124,1.50,1.50
2011.05.06 11:21:20.936,1.36099,1.36124,1.50,1.50
2011.05.06 11:21:21.159,1.36099,1.36126,1.50,3.75
2011.05.06 11:21:21.267,1.36102,1.36125,1.50,1.50
2011.05.06 11:21:21.378,1.36102,1.36125,1.50,3.15
2011.05.06 11:21:23.373,1.36115,1.36135,3.15,1.50
2011.05.06 11:21:23.711,1.36114,1.36138,1.50,1.50
2011.05.06 11:21:23.832,1.36114,1.36139,1.50,1.35
2011.05.06 11:21:24.386,1.36112,1.36137,2.25,1.50
2011.05.06 11:21:24.928,1.36112,1.36137,1.50,1.50
2011.05.06 11:21:25.147,1.36109,1.36137,2.85,2.25
2011.05.06 11:21:27.537,1.36109,1.36133,1.50,1.35
2011.05.06 11:21:27.867,1.36109,1.36133,2.25,1.35
2011.05.06 11:21:27.978,1.36109,1.36133,2.25,1.35
2011.05.06 11:21:28.417,1.3611,1.36137,2.10,1.50
2011.05.06 11:21:28.748,1.36115,1.36142,1.50,1.35
2011.05.06 11:21:29.415,1.36115,1.36143,2.25,3.15
2011.05.06 11:21:29.531,1.36115,1.36143,2.25,1.50
2011.05.06 11:21:30.086,1.36117,1.36143,1.50,1.50
2011.05.06 11:21:32.686,1.36115,1.36143,3.90,1.50
2011.05.06 11:21:32.906,1.36116,1.36143,1.50,1.50
2011.05.06 11:21:33.456,1.36117,1.36143,3.15,1.50
2011.05.06 11:21:33.676,1.36117,1.36143,3.15,1.50
2011.05.06 11:21:36.787,1.36115,1.36141,3.15,1.35
2011.05.06 11:21:37.118,1.36109,1.36137,1.35,1.50
2011.05.06 11:21:37.810,1.36109,1.36135,1.35,1.50
2011.05.06 11:21:39.576,1.36109,1.36135,1.35,1.50
2011.05.06 11:21:39.797,1.36111,1.36137,1.50,1.50
2011.05.06 11:21:40.348,1.36111,1.36137,1.50,1.50
2011.05.06 11:21:40.570,1.36111,1.36137,1.50,1.50
2011.05.06 11:21:41.062,1.36114,1.3614,1.50,1.50
2011.05.06 11:21:41.616,1.36114,1.3614,1.50,1.50
2011.05.06 11:21:42.276,1.36114,1.36141,1.50,1.35
2011.05.06 11:21:42.867,1.36114,1.36141,1.50,1.35
2011.05.06 11:21:44.408,1.36114,1.36136,1.50,1.50
2011.05.06 11:21:44.627,1.36112,1.36135,1.50,1.35
2011.05.06 11:21:44.738,1.36114,1.36135,4.50,1.35
2011.05.06 11:21:44.848,1.36117,1.3614,1.50,3.15
2011.05.06 11:21:44.958,1.36114,1.36138,3.53,1.35
2011.05.06 11:21:45.068,1.36111,1.36137,1.50,1.50
2011.05.06 11:21:45.288,1.36112,1.36138,1.50,1.35
2011.05.06 11:21:45.400,1.36111,1.36133,1.50,1.50
2011.05.06 11:21:45.736,1.36111,1.36131,1.50,1.50
2011.05.06 11:21:46.179,1.36112,1.36138,1.35,3.15
2011.05.06 11:21:47.287,1.36112,1.36136,1.35,1.50
2011.05.06 11:21:47.397,1.36111,1.36136,1.50,1.50
2011.05.06 11:21:47.617,1.36111,1.36136,1.50,1.50
2011.05.06 11:21:48.168,1.36112,1.36136,1.35,1.50
2011.05.06 11:21:49.246,1.36112,1.36136,1.35,1.50
2011.05.06 11:21:55.178,1.36112,1.36138,1.35,1.50
2011.05.06 11:21:55.726,1.36112,1.36138,1.35,1.50
2011.05.06 11:21:57.368,1.36112,1.36139,1.35,2.25
2011.05.06 11:21:57.696,1.36112,1.36139,1.35,2.25
2011.05.06 11:21:58.817,1.36113,1.36139,1.35,1.50
2011.05.06 11:21:58.926,1.36113,1.36139,2.10,1.50
2011.05.06 11:21:59.477,1.36113,1.36142,2.10,1.50
2011.05.06 11:21:59.806,1.36113,1.36139,2.10,1.50
2011.05.06 11:22:01.237,1.36113,1.3614,2.10,1.50
2011.05.06 11:22:01.677,1.36113,1.36138,1.35,1.50
2011.05.06 11:22:01.791,1.36111,1.36138,1.35,1.50
2011.05.06 11:22:02.019,1.36111,1.36136,1.35,1.50
2011.05.06 11:22:02.239,1.36108,1.36132,1.50,1.50
2011.05.06 11:22:03.009,1.36108,1.36132,1.50,1.50
2011.05.06 11:22:03.880,1.36105,1.36132,1.35,1.50
2011.05.06 11:22:04.220,1.36107,1.36132,1.50,1.50
2011.05.06 11:22:04.557,1.36106,1.3613,2.40,1.50
2011.05.06 11:22:05.437,1.36105,1.36133,1.35,1.50
2011.05.06 11:22:05.657,1.36108,1.36135,1.50,1.50
2011.05.06 11:22:08.547,1.36111,1.36137,1.50,2.10
2011.05.06 11:22:09.887,1.36111,1.36135,1.50,1.50
2011.05.06 11:22:10.217,1.36111,1.36135,1.50,1.50
2011.05.06 11:22:10.328,1.36109,1.36135,1.50,1.50
2011.05.06 11:22:10.875,1.36109,1.36136,1.50,1.50
2011.05.06 11:22:10.991,1.36112,1.36137,1.35,1.50
2011.05.06 11:22:11.329,1.36113,1.36137,1.35,2.25
2011.05.06 11:22:11.549,1.36115,1.36138,1.50,1.50
2011.05.06 11:22:11.769,1.36118,1.36142,1.35,2.40
2011.05.06 11:22:11.877,1.3612,1.36144,1.50,1.50
2011.05.06 11:22:12.096,1.3612,1.36144,1.50,1.50
2011.05.06 11:22:13.677,1.3612,1.36147,1.50,1.50
2011.05.06 11:22:14.117,1.3612,1.36141,1.50,1.50
2011.05.06 11:22:14.337,1.3612,1.36141,1.50,1.50
2011.05.06 11:22:14.556,1.36118,1.36141,1.35,1.50
2011.05.06 11:22:14.996,1.36118,1.36141,1.35,1.50
2011.05.06 11:22:16.945,1.36118,1.36146,1.50,2.25
2011.05.06 11:22:17.776,1.36117,1.36141,1.35,1.50
2011.05.06 11:22:17.887,1.36117,1.36141,1.35,1.50
2011.05.06 11:22:18.767,1.36119,1.36146,1.50,1.50
2011.05.06 11:22:19.099,1.36117,1.36141,1.35,1.50
2011.05.06 11:22:19.427,1.36117,1.36143,1.35,1.50
2011.05.06 11:22:19.976,1.36117,1.36142,1.35,1.50
2011.05.06 11:22:20.857,1.36117,1.36142,1.35,1.50
2011.05.06 11:22:21.298,1.36116,1.36138,1.50,2.10
2011.05.06 11:22:21.626,1.36116,1.36136,1.50,1.50
2011.05.06 11:22:22.697,1.36117,1.36139,1.50,2.40
2011.05.06 11:22:23.646,1.36116,1.36144,2.25,1.35
2011.05.06 11:22:23.978,1.36119,1.36144,1.50,1.35
2011.05.06 11:22:25.467,1.36119,1.36142,1.50,1.50
2011.05.06 11:22:25.578,1.36116,1.36136,1.65,1.50
2011.05.06 11:22:25.797,1.36112,1.36136,2.78,1.50
2011.05.06 11:22:26.347,1.3611,1.36136,1.35,1.50
2011.05.06 11:22:27.136,1.36116,1.36139,2.85,2.40
2011.05.06 11:22:27.467,1.36119,1.36144,1.35,1.50
2011.05.06 11:22:36.796,1.36119,1.36146,1.35,2.25
2011.05.06 11:22:37.018,1.36119,1.36146,1.35,2.25
2011.05.06 11:22:42.566,1.36119,1.36146,1.35,2.25
2011.05.06 11:22:42.676,1.3612,1.36146,1.35,1.50
2011.05.06 11:22:43.228,1.36126,1.3615,1.35,1.50
2011.05.06 11:22:43.812,1.36128,1.36152,2.40,1.50
2011.05.06 11:22:44.186,1.3613,1.36152,1.35,1.50
2011.05.06 11:22:45.596,1.36128,1.36152,2.40,1.50
2011.05.06 11:22:45.707,1.36128,1.36152,1.65,1.50
2011.05.06 11:22:46.257,1.36129,1.36152,1.35,1.50
2011.05.06 11:22:46.476,1.36129,1.36152,1.35,1.50
2011.05.06 11:22:47.075,1.36128,1.36152,2.10,1.50
2011.05.06 11:22:47.297,1.36132,1.36152,1.35,1.50
2011.05.06 11:22:47.408,1.36136,1.36155,1.35,1.50
2011.05.06 11:22:47.519,1.36137,1.36157,1.35,1.50
2011.05.06 11:22:47.737,1.36137,1.36161,1.35,1.50
2011.05.06 11:22:47.957,1.36135,1.36161,3.75,1.50
2011.05.06 11:22:48.496,1.36135,1.36161,3.75,1.50
2011.05.06 11:22:48.715,1.36135,1.36161,4.50,1.50
2011.05.06 11:22:49.305,1.36136,1.36161,1.35,1.50
2011.05.06 11:22:50.859,1.36138,1.36161,4.50,1.50
2011.05.06 11:22:50.967,1.36143,1.36161,1.35,1.50
2011.05.06 11:22:51.510,1.36136,1.36161,1.35,1.50
2011.05.06 11:22:53.719,1.36135,1.36157,3.75,1.50
2011.05.06 11:22:55.096,1.36135,1.36157,3.75,1.50
2011.05.06 11:22:55.598,1.36135,1.36157,3.75,1.50
2011.05.06 11:22:57.747,1.36137,1.36157,1.35,1.50
2011.05.06 11:22:58.731,1.36139,1.36161,1.35,1.50
2011.05.06 11:22:58.849,1.36138,1.36161,1.35,1.50
2011.05.06 11:22:59.178,1.36139,1.36165,1.35,1.50
2011.05.06 11:22:59.683,1.36141,1.36169,1.50,2.25
2011.05.06 11:23:00.887,1.36143,1.36169,1.35,2.25
2011.05.06 11:23:01.436,1.36144,1.36169,1.35,1.50
2011.05.06 11:23:01.670,1.36144,1.3617,1.35,1.50
2011.05.06 11:23:01.791,1.36144,1.36169,1.35,1.50
2011.05.06 11:23:01.909,1.36145,1.36171,1.50,2.40
2011.05.06 11:23:02.018,1.36148,1.36169,1.50,1.50
2011.05.06 11:23:02.127,1.36145,1.36172,1.50,3.15
2011.05.06 11:23:02.569,1.36145,1.3617,1.50,3.15
2011.05.06 11:23:03.117,1.36145,1.36171,1.50,3.15
2011.05.06 11:23:03.336,1.36144,1.36171,1.35,3.15
2011.05.06 11:23:03.975,1.36144,1.36173,1.35,1.50
2011.05.06 11:23:04.086,1.36144,1.36173,2.10,1.50
2011.05.06 11:23:04.630,1.36147,1.36173,1.50,1.50
2011.05.06 11:23:04.736,1.36147,1.36173,1.50,1.50
2011.05.06 11:23:04.959,1.36143,1.36165,2.78,1.50
2011.05.06 11:23:05.067,1.36143,1.36165,2.78,1.50
2011.05.06 11:23:05.629,1.3614,1.36165,1.13,1.50
2011.05.06 11:23:05.740,1.3614,1.36168,1.13,1.50
2011.05.06 11:23:06.287,1.3614,1.36168,1.13,1.50
2011.05.06 11:23:07.647,1.36142,1.36169,1.35,3.15
2011.05.06 11:23:07.977,1.36144,1.36171,2.10,1.50
2011.05.06 11:23:08.087,1.36144,1.36171,2.10,1.50
2011.05.06 11:23:09.258,1.36146,1.36172,1.50,1.50
2011.05.06 11:23:09.367,1.36149,1.36172,1.35,1.50
2011.05.06 11:23:09.939,1.36149,1.36176,1.35,1.50
2011.05.06 11:23:10.046,1.36149,1.36176,1.35,1.50
2011.05.06 11:23:10.267,1.36149,1.36177,2.10,1.50
2011.05.06 11:23:10.817,1.36149,1.36175,1.35,1.50
2011.05.06 11:23:11.478,1.36158,1.36177,2.10,2.25
2011.05.06 11:23:11.586,1.36162,1.36177,1.35,1.50
2011.05.06 11:23:11.810,1.36162,1.36183,1.35,1.50
2011.05.06 11:23:12.150,1.36162,1.36186,1.35,1.50
2011.05.06 11:23:12.378,1.3616,1.36184,2.03,2.10
2011.05.06 11:23:12.600,1.36155,1.36178,1.50,1.50
2011.05.06 11:23:13.148,1.36156,1.36178,1.50,1.50
2011.05.06 11:23:15.258,1.36156,1.36182,2.25,1.50
2011.05.06 11:23:15.477,1.36156,1.36177,1.50,1.50
2011.05.06 11:23:16.264,1.36156,1.36177,1.50,1.50
2011.05.06 11:23:18.367,1.36156,1.3618,1.50,3.15
2011.05.06 11:23:18.590,1.36159,1.36181,1.35,2.40
2011.05.06 11:23:19.147,1.3616,1.36177,1.50,1.50
2011.05.06 11:23:20.278,1.36161,1.36179,1.35,2.40
2011.05.06 11:23:20.609,1.36164,1.36187,1.50,3.15
2011.05.06 11:23:20.827,1.36164,1.36189,1.50,1.50
2011.05.06 11:23:21.376,1.36164,1.36189,1.50,1.50
2011.05.06 11:23:21.597,1.36164,1.36187,1.50,1.50
2011.05.06 11:23:23.018,1.36164,1.36187,1.50,1.50
2011.05.06 11:23:23.347,1.36164,1.36184,1.50,1.50
2011.05.06 11:23:23.569,1.36164,1.36184,1.50,1.50
2011.05.06 11:23:23.986,1.36164,1.36184,1.50,1.50
2011.05.06 11:23:25.867,1.36164,1.36187,1.50,1.50
2011.05.06 11:23:26.953,1.36164,1.36187,1.50,1.50
2011.05.06 11:23:27.517,1.36164,1.36187,1.50,1.50
2011.05.06 11:23:28.898,1.36165,1.36188,2.10,2.40
2011.05.06 11:23:29.009,1.36168,1.36188,1.35,2.40
2011.05.06 11:23:29.557,1.36169,1.36196,1.50,1.50
2011.05.06 11:23:30.107,1.36169,1.36197,1.50,3.15
2011.05.06 11:23:30.327,1.36168,1.36197,2.10,1.50
2011.05.06 11:23:30.657,1.36166,1.36188,1.50,1.50
2011.05.06 11:23:30.877,1.36166,1.3619,1.50,1.35
2011.05.06 11:23:30.989,1.36168,1.3619,1.50,1.35
2011.05.06 11:23:31.098,1.36166,1.36192,1.50,1.50
2011.05.06 11:23:31.207,1.36167,1.36192,1.50,1.50
2011.05.06 11:23:31.427,1.36169,1.36192,1.50,1.50
2011.05.06 11:23:33.088,1.36169,1.36193,1.50,1.50
2011.05.06 11:23:34.516,1.36169,1.36192,1.50,1.50
2011.05.06 11:23:35.178,1.36169,1.36192,1.50,1.50
2011.05.06 11:23:37.346,1.36169,1.36192,1.50,1.50
2011.05.06 11:23:37.947,1.36169,1.36192,1.50,1.50
2011.05.06 11:23:38.166,1.36169,1.36192,1.50,1.50
2011.05.06 11:23:38.497,1.36169,1.36192,1.50,1.50
2011.05.06 11:23:38.718,1.36169,1.36192,1.50,1.50
2011.05.06 11:23:39.046,1.36169,1.36192,1.50,1.50
2011.05.06 11:23:39.596,1.36169,1.36192,1.50,1.50
2011.05.06 11:23:40.716,1.36169,1.36192,1.50,1.50
2011.05.06 11:23:41.269,1.36169,1.36193,1.50,1.50
2011.05.06 11:23:41.597,1.36169,1.36188,1.50,1.50
2011.05.06 11:23:41.708,1.36169,1.36186,1.50,1.50
2011.05.06 11:23:41.929,1.36166,1.36187,1.50,1.50
2011.05.06 11:23:42.148,1.36166,1.3619,1.50,1.50
2011.05.06 11:23:42.758,1.36166,1.3619,1.50,1.50
2011.05.06 11:23:43.639,1.36162,1.36189,1.50,1.50
2011.05.06 11:23:43.746,1.3616,1.36188,3.90,1.50
2011.05.06 11:23:44.297,1.3616,1.36188,3.90,1.50
2011.05.06 11:23:44.408,1.3616,1.36188,3.90,1.50
2011.05.06 11:23:45.188,1.3616,1.36188,3.90,1.50
2011.05.06 11:23:45.518,1.3616,1.36187,3.15,1.35
2011.05.06 11:23:47.928,1.3616,1.36186,3.15,1.50
2011.05.06 11:23:48.036,1.36159,1.36185,1.65,1.50
2011.05.06 11:23:48.586,1.36159,1.36185,1.65,1.50
2011.05.06 11:23:49.138,1.36159,1.36185,2.40,1.50
2011.05.06 11:23:49.358,1.36159,1.36185,2.40,1.50
2011.05.06 11:23:49.937,1.36159,1.36185,2.40,1.50
2011.05.06 11:23:51.179,1.36159,1.36185,2.40,1.50
2011.05.06 11:23:51.507,1.36162,1.36187,2.25,1.35
2011.05.06 11:23:51.941,1.36162,1.36187,1.50,1.35
2011.05.06 11:23:52.514,1.36162,1.36187,1.50,1.35
2011.05.06 11:23:52.736,1.36162,1.36187,1.50,1.35
2011.05.06 11:23:53.067,1.36162,1.3619,1.50,1.50
2011.05.06 11:23:53.397,1.36162,1.36189,1.50,1.50
2011.05.06 11:23:53.728,1.36162,1.36186,1.50,1.50
2011.05.06 11:23:53.838,1.36159,1.36185,1.35,1.50
2011.05.06 11:23:54.058,1.36159,1.36185,3.00,1.50
2011.05.06 11:23:54.937,1.3616,1.36185,1.35,1.50
2011.05.06 11:23:55.266,1.36164,1.36192,1.50,2.85
2011.05.06 11:23:55.486,1.36164,1.36192,1.50,2.85
2011.05.06 11:23:56.146,1.36164,1.36192,3.15,2.10
2011.05.06 11:23:58.178,1.36164,1.3619,2.40,1.50
2011.05.06 11:23:58.398,1.36165,1.36192,1.65,2.10
2011.05.06 11:23:59.058,1.36165,1.36192,1.65,2.10
2011.05.06 11:23:59.282,1.36158,1.36184,3.90,1.35
2011.05.06 11:24:00.858,1.36159,1.36186,1.50,1.50
2011.05.06 11:24:00.968,1.36159,1.36186,1.50,1.50
2011.05.06 11:24:01.186,1.36162,1.36186,1.65,1.50
2011.05.06 11:24:01.517,1.36163,1.36186,1.35,1.50
2011.05.06 11:24:02.067,1.36164,1.36191,2.10,1.50
2011.05.06 11:24:02.398,1.36164,1.36192,2.85,1.50
2011.05.06 11:24:02.729,1.36164,1.36181,2.25,2.25
2011.05.06 11:24:03.059,1.36158,1.36188,2.25,1.35
2011.05.06 11:24:03.168,1.36158,1.36187,1.50,1.35
2011.05.06 11:24:03.498,1.36158,1.36187,1.50,1.35
2011.05.06 11:24:03.716,1.36158,1.36188,2.10,2.25
2011.05.06 11:24:04.268,1.36161,1.36184,4.13,1.50
2011.05.06 11:24:04.817,1.36159,1.36184,1.35,1.50
2011.05.06 11:24:05.367,1.36161,1.36186,1.35,1.50
2011.05.06 11:24:05.751,1.36168,1.36186,1.35,1.50
2011.05.06 11:24:05.873,1.36169,1.36189,2.25,1.50
2011.05.06 11:24:06.337,1.36162,1.36189,3.53,1.50
2011.05.06 11:24:06.447,1.36162,1.36189,3.53,1.50
2011.05.06 11:24:06.667,1.36162,1.36184,3.53,1.50
2011.05.06 11:24:07.437,1.36158,1.36184,1.35,1.50
2011.05.06 11:24:09.047,1.36157,1.36184,1.50,1.50
2011.05.06 11:24:10.176,1.36157,1.36184,1.50,1.50
2011.05.06 11:24:10.741,1.36157,1.36184,1.50,1.50
2011.05.06 11:24:10.864,1.36157,1.36182,1.50,1.50
2011.05.06 11:24:14.916,1.36157,1.36184,1.50,1.50
2011.05.06 11:24:18.246,1.36157,1.36184,1.50,1.50
2011.05.06 11:24:19.086,1.36157,1.36185,2.25,1.50
2011.05.06 11:24:20.478,1.36157,1.36179,1.50,1.50
2011.05.06 11:24:20.918,1.36154,1.36179,1.35,1.50
2011.05.06 11:24:24.462,1.36154,1.36181,1.35,2.25
2011.05.06 11:24:25.226,1.36154,1.36181,1.35,1.50
2011.05.06 11:24:25.557,1.36154,1.36181,1.35,1.50
2011.05.06 11:24:25.887,1.36156,1.36183,1.50,1.50
2011.05.06 11:24:26.977,1.36156,1.36179,1.50,1.50
2011.05.06 11:24:29.009,1.36156,1.36176,1.50,1.50
2011.05.06 11:24:29.230,1.36149,1.36172,1.50,1.50
2011.05.06 11:24:29.348,1.36147,1.36172,1.50,1.50
2011.05.06 11:24:29.456,1.36146,1.36172,1.35,1.50
2011.05.06 11:24:29.898,1.36146,1.36174,2.10,1.50
2011.05.06 11:24:31.402,1.36146,1.36173,1.35,1.50
2011.05.06 11:24:32.911,1.36146,1.36164,1.35,4.50
2011.05.06 11:24:33.250,1.3614,1.36157,1.50,1.50
2011.05.06 11:24:33.470,1.3614,1.36159,1.50,2.40
2011.05.06 11:24:33.587,1.36144,1.36159,1.50,2.40
2011.05.06 11:24:34.030,1.36144,1.36166,1.50,1.50
2011.05.06 11:24:34.697,1.36145,1.36164,1.50,1.50
2011.05.06 11:24:34.918,1.36139,1.36162,1.50,1.50
2011.05.06 11:24:35.248,1.3614,1.36162,1.50,1.50
2011.05.06 11:24:38.580,1.36129,1.36147,1.50,1.50
2011.05.06 11:24:38.702,1.36131,1.36144,2.40,2.25
2011.05.06 11:24:38.821,1.36123,1.36132,4.43,1.50
2011.05.06 11:24:38.941,1.36111,1.36127,1.50,1.50
2011.05.06 11:24:39.060,1.36107,1.36121,1.50,1.50
2011.05.06 11:24:39.178,1.36099,1.36121,3.00,1.50
2011.05.06 11:24:39.288,1.36099,1.36115,1.50,1.50
2011.05.06 11:24:39.838,1.36097,1.36116,1.50,1.50
2011.05.06 11:24:39.949,1.36095,1.36116,1.50,1.50
2011.05.06 11:24:40.058,1.36096,1.36116,1.50,1.50
2011.05.06 11:24:40.278,1.36095,1.36116,1.50,1.50
2011.05.06 11:24:40.717,1.36096,1.36119,1.50,1.35
2011.05.06 11:24:41.164,1.36099,1.36122,1.50,1.50
2011.05.06 11:24:41.498,1.36099,1.36122,1.50,1.50
2011.05.06 11:24:41.609,1.36097,1.36122,1.50,1.50
2011.05.06 11:24:41.833,1.36088,1.36102,4.28,1.35
2011.05.06 11:24:42.172,1.36088,1.36097,2.78,1.50
2011.05.06 11:24:42.294,1.36079,1.36104,2.10,1.50
2011.05.06 11:24:42.521,1.36078,1.361,1.50,2.40
2011.05.06 11:24:42.860,1.36089,1.36109,2.10,2.78
2011.05.06 11:24:43.199,1.36094,1.36123,1.50,1.50
2011.05.06 11:24:44.102,1.36094,1.3612,1.50,1.50
2011.05.06 11:24:44.217,1.36094,1.36121,1.50,1.50
2011.05.06 11:24:44.549,1.36097,1.36121,1.35,1.50
2011.05.06 11:24:45.328,1.36093,1.36113,1.50,1.50
2011.05.06 11:24:45.437,1.36091,1.36113,1.50,1.50
2011.05.06 11:24:45.549,1.3609,1.36113,2.25,1.50
2011.05.06 11:24:46.098,1.36091,1.36118,1.50,1.35
2011.05.06 11:24:46.647,1.36094,1.36119,1.50,1.50
2011.05.06 11:24:47.199,1.36092,1.36118,1.35,2.25
2011.05.06 11:24:47.749,1.36091,1.36115,1.50,1.50
2011.05.06 11:24:47.857,1.36091,1.36115,1.50,1.50
2011.05.06 11:24:48.188,1.3609,1.36114,2.25,1.50
2011.05.06 11:24:48.408,1.3609,1.36114,1.50,2.25
2011.05.06 11:24:48.997,1.36088,1.36114,1.50,2.25
2011.05.06 11:24:49.437,1.36088,1.36114,1.50,2.25
2011.05.06 11:24:50.477,1.36088,1.36114,1.50,1.50
2011.05.06 11:24:51.026,1.36088,1.36114,1.50,1.50
2011.05.06 11:24:51.618,1.36088,1.36112,1.50,1.50
2011.05.06 11:24:51.949,1.36083,1.36102,1.65,2.10
2011.05.06 11:24:52.056,1.36081,1.36102,2.78,2.10
2011.05.06 11:24:52.168,1.36079,1.36103,1.50,3.15
2011.05.06 11:24:52.390,1.36078,1.36106,1.50,3.00
2011.05.06 11:24:53.356,1.36082,1.36106,1.50,1.35
2011.05.06 11:24:53.876,1.36087,1.36114,2.10,3.53
2011.05.06 11:24:53.994,1.36094,1.36122,1.50,5.03
2011.05.06 11:24:54.328,1.36091,1.36115,2.10,1.50
2011.05.06 11:24:54.547,1.3609,1.36115,1.35,1.50
2011.05.06 11:24:54.988,1.36088,1.36115,1.50,2.25
2011.05.06 11:24:55.489,1.36088,1.36115,1.50,2.25
2011.05.06 11:24:55.820,1.36088,1.36108,3.53,1.50
2011.05.06 11:24:56.049,1.36085,1.36108,3.53,1.50
2011.05.06 11:24:57.578,1.36088,1.36111,1.35,3.15
2011.05.06 11:24:57.690,1.36083,1.36107,1.50,1.35
2011.05.06 11:24:57.798,1.36083,1.36105,1.50,2.40
2011.05.06 11:24:58.017,1.36078,1.36105,2.25,5.18
2011.05.06 11:24:58.347,1.3608,1.36106,1.50,1.50
2011.05.06 11:24:58.567,1.36078,1.36106,1.50,1.50
2011.05.06 11:24:58.786,1.36078,1.36106,1.50,1.50
2011.05.06 11:24:58.897,1.36078,1.36107,5.25,2.10
2011.05.06 11:24:59.227,1.36078,1.36107,2.40,2.85
2011.05.06 11:24:59.338,1.36079,1.36107,1.50,2.10
2011.05.06 11:24:59.558,1.36088,1.36115,2.25,3.53
2011.05.06 11:24:59.887,1.36088,1.36118,3.15,4.88
2011.05.06 11:25:00.216,1.36091,1.36118,1.50,2.10
2011.05.06 11:25:00.548,1.3609,1.36112,2.25,1.50
2011.05.06 11:25:00.877,1.3609,1.36112,1.50,1.50
2011.05.06 11:25:01.099,1.36089,1.3611,1.50,1.35
2011.05.06 11:25:01.209,1.36087,1.36105,1.50,1.50
2011.05.06 11:25:01.429,1.36079,1.36096,1.50,1.35
2011.05.06 11:25:01.850,1.36077,1.36096,3.53,2.10
2011.05.06 11:25:01.973,1.36071,1.36094,1.50,1.50
2011.05.06 11:25:02.087,1.36071,1.36094,1.50,1.50
2011.05.06 11:25:02.418,1.36074,1.36102,4.13,1.50
2011.05.06 11:25:02.748,1.36092,1.36103,1.35,1.50
2011.05.06 11:25:03.079,1.36093,1.36124,1.50,2.85
2011.05.06 11:25:03.297,1.36089,1.3612,2.10,1.50
2011.05.06 11:25:03.752,1.36081,1.3611,1.50,1.50
2011.05.06 11:25:04.198,1.3608,1.36106,1.50,1.50
2011.05.06 11:25:04.308,1.36079,1.36106,1.50,1.50
2011.05.06 11:25:04.419,1.36075,1.36106,1.50,1.50
2011.05.06 11:25:04.637,1.36077,1.36107,1.50,1.50
2011.05.06 11:25:05.173,1.36082,1.36111,1.35,1.50
2011.05.06 11:25:05.295,1.36096,1.36118,1.35,1.50
2011.05.06 11:25:05.409,1.36096,1.36122,1.35,2.40
2011.05.06 11:25:05.741,1.36095,1.36116,2.25,1.50
2011.05.06 11:25:06.080,1.36095,1.36114,1.50,1.50
2011.05.06 11:25:06.528,1.36095,1.36116,2.25,1.50
2011.05.06 11:25:07.302,1.36093,1.36115,1.50,5.10
2011.05.06 11:25:07.529,1.36086,1.36108,3.15,1.50
2011.05.06 11:25:07.641,1.36085,1.36108,2.85,1.50
2011.05.06 11:25:07.761,1.36085,1.36103,2.25,2.40
2011.05.06 11:25:07.879,1.36081,1.36106,1.50,1.35
2011.05.06 11:25:07.988,1.36081,1.36106,1.50,1.35
2011.05.06 11:25:08.318,1.36081,1.36092,1.50,1.50
2011.05.06 11:25:08.537,1.36077,1.36092,1.50,1.50
2011.05.06 11:25:09.082,1.36076,1.36095,1.35,1.65
2011.05.06 11:25:09.203,1.36076,1.361,1.35,1.50
2011.05.06 11:25:09.319,1.36084,1.36102,1.50,2.40
2011.05.06 11:25:09.541,1.36087,1.36115,2.25,1.50
2011.05.06 11:25:09.988,1.36087,1.36116,2.25,1.50
2011.05.06 11:25:13.158,1.36086,1.36113,1.50,1.50
2011.05.06 11:25:13.489,1.36103,1.36126,3.15,1.50
2011.05.06 11:25:13.599,1.36101,1.36126,1.50,1.50
2011.05.06 11:25:13.708,1.361,1.36127,2.10,1.50
2011.05.06 11:25:13.818,1.361,1.36126,2.10,1.50
2011.05.06 11:25:14.917,1.361,1.36128,3.75,1.50
2011.05.06 11:25:15.382,1.361,1.36126,2.10,1.50
2011.05.06 11:25:16.050,1.361,1.36125,2.10,1.50
2011.05.06 11:25:16.269,1.36096,1.36122,2.40,1.50
2011.05.06 11:25:16.379,1.36095,1.36122,3.15,1.50
2011.05.06 11:25:16.489,1.36091,1.36119,2.85,1.50
2011.05.06 11:25:16.597,1.36091,1.36119,2.85,2.25
2011.05.06 11:25:16.818,1.36095,1.3612,1.35,1.50
2011.05.06 11:25:16.928,1.36096,1.36121,1.35,1.50
2011.05.06 11:25:17.477,1.36096,1.36122,2.10,1.50
2011.05.06 11:25:17.697,1.36098,1.36122,2.10,1.50
2011.05.06 11:25:18.802,1.36098,1.36119,2.25,2.40
2011.05.06 11:25:19.138,1.36095,1.36117,1.50,1.50
2011.05.06 11:25:19.691,1.36091,1.36118,2.25,1.50
2011.05.06 11:25:20.577,1.36091,1.36113,1.50,1.50
2011.05.06 11:25:20.907,1.3609,1.36111,1.50,3.15
2011.05.06 11:25:21.016,1.36089,1.36111,1.50,3.15
2011.05.06 11:25:22.059,1.36089,1.36111,1.50,3.75
2011.05.06 11:25:22.606,1.36089,1.36109,1.50,3.15
2011.05.06 11:25:22.938,1.36088,1.36101,1.50,1.50
2011.05.06 11:25:23.159,1.36082,1.36104,1.50,1.50
2011.05.06 11:25:23.598,1.36082,1.36103,1.50,1.50
2011.05.06 11:25:24.146,1.36082,1.36109,2.10,1.50
2011.05.06 11:25:24.262,1.36083,1.36108,1.35,1.50
2011.05.06 11:25:25.368,1.3608,1.36105,1.35,1.50
2011.05.06 11:25:25.589,1.3608,1.36104,1.35,1.50
2011.05.06 11:25:26.827,1.3608,1.36103,1.35,1.50
2011.05.06 11:25:28.036,1.36075,1.36102,2.10,2.25
2011.05.06 11:25:28.699,1.36075,1.36101,2.10,1.50
2011.05.06 11:25:28.809,1.36075,1.36097,2.10,1.50
2011.05.06 11:25:29.039,1.36069,1.36096,2.10,1.50
2011.05.06 11:25:29.149,1.36069,1.36093,2.10,1.50
2011.05.06 11:25:29.607,1.36069,1.36096,2.85,1.50
2011.05.06 11:25:29.723,1.36069,1.36096,2.85,1.50
2011.05.06 11:25:29.950,1.36074,1.361,1.50,1.50
2011.05.06 11:25:30.504,1.36077,1.36106,1.50,2.10
2011.05.06 11:25:30.729,1.36084,1.36105,1.35,1.50
2011.05.06 11:25:30.837,1.36084,1.36109,1.35,4.28
2011.05.06 11:25:30.951,1.36084,1.36111,2.10,3.53
2011.05.06 11:25:31.178,1.36085,1.36113,1.50,3.53
2011.05.06 11:25:31.510,1.36094,1.36115,1.35,1.50
2011.05.06 11:25:31.838,1.36094,1.36117,1.35,1.65
2011.05.06 11:25:32.167,1.36094,1.3612,1.35,3.15
2011.05.06 11:25:32.390,1.36093,1.36114,1.50,1.50
2011.05.06 11:25:33.459,1.36089,1.36113,1.50,1.50
2011.05.06 11:25:35.588,1.36093,1.36118,1.35,1.50
2011.05.06 11:25:35.808,1.36097,1.36122,1.50,2.40
2011.05.06 11:25:36.028,1.36099,1.36121,1.35,1.50
2011.05.06 11:25:36.138,1.361,1.36122,2.10,1.50
2011.05.06 11:25:36.467,1.361,1.36126,2.85,1.50
2011.05.06 11:25:36.907,1.361,1.36126,2.10,1.50
2011.05.06 11:25:37.378,1.361,1.36126,1.35,3.53
2011.05.06 11:25:37.712,1.3611,1.36132,1.50,1.50
2011.05.06 11:25:37.833,1.36112,1.36131,2.40,2.78
2011.05.06 11:25:38.311,1.36113,1.36137,1.50,1.50
2011.05.06 11:25:38.434,1.36113,1.36137,1.50,1.50
2011.05.06 11:25:38.548,1.36113,1.36137,1.50,1.50
2011.05.06 11:25:39.147,1.36112,1.36137,2.10,1.50
2011.05.06 11:25:40.617,1.3611,1.36133,1.50,1.50
2011.05.06 11:25:40.727,1.36108,1.36133,1.50,1.50
2011.05.06 11:25:40.838,1.36111,1.36136,2.10,1.50
2011.05.06 11:25:40.948,1.36113,1.3614,1.35,1.50
2011.05.06 11:25:41.280,1.36113,1.36136,1.35,1.50
2011.05.06 11:25:41.838,1.3611,1.36135,1.50,1.50
2011.05.06 11:25:42.167,1.36102,1.36122,1.50,1.50
2011.05.06 11:25:42.724,1.361,1.36128,1.50,2.25
2011.05.06 11:25:43.276,1.361,1.36127,1.50,1.50
2011.05.06 11:25:43.609,1.361,1.36124,1.50,1.50
2011.05.06 11:25:43.939,1.36099,1.36123,2.10,2.40
2011.05.06 11:25:44.487,1.36099,1.36126,2.10,1.50
2011.05.06 11:25:45.297,1.36099,1.36126,2.10,1.50
2011.05.06 11:25:47.000,1.36099,1.36127,2.10,1.50
2011.05.06 11:25:47.328,1.36104,1.3613,1.35,2.25
2011.05.06 11:25:50.677,1.36103,1.36129,1.35,1.50
2011.05.06 11:25:51.226,1.36103,1.36129,1.50,2.10
2011.05.06 11:26:00.937,1.361,1.36129,1.50,1.35
2011.05.06 11:26:01.266,1.36102,1.36129,1.50,2.10
2011.05.06 11:26:01.740,1.36103,1.36129,1.50,2.10
2011.05.06 11:26:02.267,1.36103,1.36128,1.50,1.50
2011.05.06 11:26:02.377,1.361,1.36126,1.50,1.50
2011.05.06 11:26:02.709,1.36094,1.36122,2.25,2.10
2011.05.06 11:26:02.927,1.36092,1.36122,1.35,1.35
2011.05.06 11:26:03.627,1.36092,1.36122,1.35,1.35
2011.05.06 11:26:03.959,1.36092,1.3612,1.35,1.50
2011.05.06 11:26:04.288,1.36092,1.3612,1.35,1.50
2011.05.06 11:26:04.740,1.36097,1.36116,1.35,1.50
2011.05.06 11:26:04.960,1.36088,1.36118,1.35,1.50
2011.05.06 11:26:05.527,1.36091,1.36118,1.50,2.40
2011.05.06 11:26:05.868,1.36091,1.36117,1.50,2.40
2011.05.06 11:26:05.977,1.36091,1.36117,1.50,2.40
2011.05.06 11:26:06.417,1.36091,1.36117,1.50,2.40
2011.05.06 11:26:06.528,1.36091,1.36118,1.50,3.15
2011.05.06 11:26:07.337,1.36091,1.36118,1.50,2.40
2011.05.06 11:26:08.328,1.36091,1.36119,1.50,3.90
2011.05.06 11:26:08.438,1.36091,1.36118,1.50,2.40
2011.05.06 11:26:09.206,1.36091,1.36118,1.50,3.15
2011.05.06 11:26:09.541,1.36095,1.36123,1.50,2.25
2011.05.06 11:26:09.772,1.36095,1.36121,1.50,1.50
2011.05.06 11:26:09.998,1.36094,1.36114,2.10,1.50
2011.05.06 11:26:10.615,1.36092,1.36114,1.50,1.50
2011.05.06 11:26:12.578,1.36092,1.36116,1.50,2.40
2011.05.06 11:26:12.799,1.36099,1.36116,1.35,1.65
2011.05.06 11:26:12.909,1.36097,1.36119,2.40,2.25
2011.05.06 11:26:13.240,1.36094,1.36124,1.35,3.75
2011.05.06 11:26:13.457,1.36094,1.36123,4.13,1.50
2011.05.06 11:26:14.447,1.36098,1.36124,1.50,3.75
2011.05.06 11:26:16.458,1.36098,1.36122,1.50,4.50
2011.05.06 11:26:18.207,1.36094,1.36117,2.10,1.65
2011.05.06 11:26:18.429,1.36099,1.36121,1.35,1.50
2011.05.06 11:26:18.647,1.36099,1.36127,2.10,2.25
2011.05.06 11:26:18.756,1.36099,1.36127,2.10,2.25
2011.05.06 11:26:18.866,1.36099,1.36127,2.10,2.25
2011.05.06 11:26:19.447,1.36104,1.36128,1.50,4.28
2011.05.06 11:26:19.778,1.36102,1.36128,2.40,2.25
2011.05.06 11:26:19.997,1.361,1.36128,1.50,2.25
2011.05.06 11:26:20.546,1.361,1.36127,1.50,1.50
2011.05.06 11:26:21.208,1.36117,1.36127,2.85,1.50
2011.05.06 11:26:21.428,1.36122,1.36147,1.50,1.50
2011.05.06 11:26:21.648,1.36122,1.36147,1.50,1.50
2011.05.06 11:26:22.196,1.36122,1.36147,1.50,1.50
2011.05.06 11:26:22.528,1.36121,1.36141,1.50,1.50
2011.05.06 11:26:22.747,1.36116,1.36141,1.50,1.50
2011.05.06 11:26:22.857,1.36115,1.36141,2.25,1.50
2011.05.06 11:26:22.969,1.36112,1.36139,1.35,1.50
2011.05.06 11:26:23.870,1.36118,1.36142,1.35,2.40
2011.05.06 11:26:23.989,1.36115,1.36138,2.40,1.50
2011.05.06 11:26:24.759,1.36115,1.36139,2.10,1.50
2011.05.06 11:26:24.868,1.36121,1.36138,1.50,1.50
2011.05.06 11:26:25.088,1.36113,1.36141,2.85,3.15
2011.05.06 11:26:25.199,1.36113,1.36137,2.85,1.50
2011.05.06 11:26:25.309,1.36112,1.36137,1.50,1.50
2011.05.06 11:26:25.637,1.36112,1.36141,1.50,2.10
2011.05.06 11:26:25.968,1.36118,1.36137,1.35,1.50
2011.05.06 11:26:26.737,1.36119,1.36141,1.35,2.40
2011.05.06 11:26:27.067,1.36119,1.36142,1.35,1.50
2011.05.06 11:26:27.509,1.36113,1.3614,2.10,1.50
2011.05.06 11:26:27.727,1.36113,1.36138,2.10,1.50
2011.05.06 11:26:28.386,1.36113,1.36135,1.50,1.50
2011.05.06 11:26:28.822,1.36113,1.36133,1.50,1.50
2011.05.06 11:26:28.943,1.3611,1.36134,1.50,1.50
2011.05.06 11:26:29.058,1.36109,1.36133,1.50,1.50
2011.05.06 11:26:30.048,1.36109,1.36131,1.50,1.50
2011.05.06 11:26:30.378,1.36109,1.36134,1.50,1.50
2011.05.06 11:26:31.037,1.36109,1.36132,1.50,1.50
2011.05.06 11:26:31.147,1.36109,1.36132,1.50,1.50
2011.05.06 11:26:31.960,1.3611,1.36134,1.35,1.50
2011.05.06 11:26:32.178,1.36112,1.36134,1.35,1.50
2011.05.06 11:26:33.078,1.36108,1.36132,1.50,1.50
2011.05.06 11:26:33.407,1.36109,1.36132,1.50,1.50
2011.05.06 11:26:33.939,1.36118,1.36132,2.10,1.50
2011.05.06 11:26:34.048,1.36121,1.36135,1.35,1.65
2011.05.06 11:26:34.158,1.36121,1.36139,1.35,1.50
2011.05.06 11:26:34.378,1.3612,1.36139,2.40,1.50
2011.05.06 11:26:34.598,1.36113,1.36139,1.35,2.25
2011.05.06 11:26:34.818,1.36113,1.36139,1.35,2.25
2011.05.06 11:26:34.928,1.3611,1.36134,1.50,1.50
2011.05.06 11:26:35.665,1.3611,1.36132,2.25,1.50
2011.05.06 11:26:35.780,1.3611,1.36132,2.25,1.50
2011.05.06 11:26:36.219,1.36106,1.36135,1.35,1.50
2011.05.06 11:26:36.437,1.36106,1.36135,1.35,2.25
2011.05.06 11:26:36.657,1.36107,1.36135,3.00,1.50
2011.05.06 11:26:37.928,1.36109,1.36135,1.50,1.50
2011.05.06 11:26:40.207,1.36108,1.36128,1.50,1.50
2011.05.06 11:26:40.537,1.36106,1.36122,1.50,1.50
2011.05.06 11:26:40.758,1.36106,1.36126,1.50,1.65
2011.05.06 11:26:41.317,1.36106,1.36129,1.50,1.50
2011.05.06 11:26:41.648,1.36108,1.36133,1.35,1.50
2011.05.06 11:26:41.869,1.36108,1.36135,1.35,2.25
2011.05.06 11:26:42.759,1.36108,1.36135,2.10,1.50
2011.05.06 11:26:42.977,1.36109,1.36135,1.35,1.50
2011.05.06 11:26:44.207,1.36111,1.3614,1.35,1.50
2011.05.06 11:26:44.756,1.36111,1.36138,3.00,1.50
2011.05.06 11:26:44.976,1.36111,1.36138,1.35,1.50
2011.05.06 11:26:45.197,1.36111,1.36139,1.35,1.50
2011.05.06 11:26:45.903,1.3611,1.36138,1.35,1.50
2011.05.06 11:26:46.018,1.36109,1.36137,3.00,1.50
2011.05.06 11:26:46.676,1.36109,1.36135,1.35,4.50
2011.05.06 11:26:46.787,1.36109,1.36128,1.50,1.50
2011.05.06 11:26:47.338,1.36107,1.36128,1.50,1.50
2011.05.06 11:26:48.738,1.36106,1.36129,1.50,1.65
2011.05.06 11:26:48.958,1.36105,1.36135,1.50,1.35
2011.05.06 11:26:49.067,1.36107,1.36136,1.35,1.50
2011.05.06 11:26:49.648,1.36109,1.36136,1.35,1.50
2011.05.06 11:26:51.709,1.36107,1.36135,2.10,1.50
2011.05.06 11:26:52.038,1.36107,1.36135,1.35,1.50
2011.05.06 11:26:57.860,1.36103,1.36129,2.85,1.50
2011.05.06 11:27:00.157,1.36102,1.36129,2.25,1.50
2011.05.06 11:27:00.725,1.36103,1.36129,1.50,1.50
2011.05.06 11:27:01.438,1.36104,1.36131,1.35,2.40
2011.05.06 11:27:03.578,1.36106,1.36132,2.40,3.53
2011.05.06 11:27:03.909,1.36113,1.36135,2.10,1.50
2011.05.06 11:27:04.128,1.36113,1.36139,2.85,1.50
2011.05.06 11:27:05.846,1.36113,1.3614,2.10,1.50
2011.05.06 11:27:07.047,1.36113,1.3614,2.10,1.50
2011.05.06 11:27:07.593,1.36112,1.3614,1.35,1.50
2011.05.06 11:27:08.957,1.36112,1.3614,1.35,1.50
2011.05.06 11:27:09.597,1.36112,1.3614,1.35,1.50
2011.05.06 11:27:09.707,1.36111,1.36137,1.50,1.50
2011.05.06 11:27:10.039,1.36105,1.36125,1.50,1.35
2011.05.06 11:27:10.260,1.36097,1.36124,1.50,1.50
2011.05.06 11:27:10.368,1.36097,1.36124,1.50,1.50
2011.05.06 11:27:10.700,1.36097,1.36119,1.50,1.35
2011.05.06 11:27:11.041,1.36088,1.36114,1.50,2.40
2011.05.06 11:27:11.377,1.36087,1.36113,1.35,1.50
2011.05.06 11:27:11.489,1.36086,1.36113,1.35,1.50
2011.05.06 11:27:12.347,1.36083,1.36112,3.75,1.50
2011.05.06 11:27:12.461,1.36092,1.36112,2.10,1.50
2011.05.06 11:27:12.799,1.36092,1.36122,2.10,1.50
2011.05.06 11:27:13.747,1.36095,1.36121,2.85,1.50
2011.05.06 11:27:14.408,1.36106,1.36123,4.50,1.50
2011.05.06 11:27:14.739,1.36116,1.36136,2.40,1.35
2011.05.06 11:27:14.849,1.36116,1.36134,2.40,1.50
2011.05.06 11:27:14.959,1.3611,1.36128,2.78,1.50
2011.05.06 11:27:15.069,1.36104,1.36128,2.25,1.50
2011.05.06 11:27:15.178,1.36102,1.3613,1.50,1.50
2011.05.06 11:27:15.507,1.36102,1.36127,2.40,1.50
2011.05.06 11:27:15.839,1.36098,1.36126,1.35,1.50
2011.05.06 11:27:16.171,1.36101,1.36129,2.10,1.50
2011.05.06 11:27:16.667,1.36108,1.36131,2.40,1.35
2011.05.06 11:27:16.782,1.36108,1.3613,1.65,1.50
2011.05.06 11:27:16.900,1.36101,1.3613,2.10,1.50
2011.05.06 11:27:17.010,1.36101,1.36128,1.35,1.50
2011.05.06 11:27:17.229,1.36098,1.36124,1.50,1.35
2011.05.06 11:27:17.449,1.36097,1.36122,2.40,1.50
2011.05.06 11:27:17.778,1.36097,1.36123,1.65,2.25
2011.05.06 11:27:17.889,1.3609,1.36123,2.10,2.25
2011.05.06 11:27:18.108,1.3609,1.36123,3.75,2.25
2011.05.06 11:27:18.328,1.3609,1.36118,3.75,1.50
2011.05.06 11:27:19.318,1.3609,1.36118,5.25,1.50
2011.05.06 11:27:19.647,1.3609,1.36118,5.25,1.50
2011.05.06 11:27:19.871,1.36094,1.36118,1.35,1.50
2011.05.06 11:27:20.419,1.36095,1.36124,1.50,2.10
2011.05.06 11:27:20.543,1.36098,1.36124,3.75,1.50
2011.05.06 11:27:20.878,1.36098,1.36124,1.35,1.50
2011.05.06 11:27:22.408,1.36098,1.36124,1.35,1.50
2011.05.06 11:27:22.739,1.36098,1.36124,1.35,1.50
2011.05.06 11:27:23.327,1.36098,1.36124,1.35,1.50
2011.05.06 11:27:23.660,1.36106,1.36124,2.85,1.50
2011.05.06 11:27:23.769,1.3611,1.36126,2.25,1.50
2011.05.06 11:27:23.989,1.3611,1.36127,1.65,1.50
2011.05.06 11:27:24.097,1.36101,1.36127,1.35,1.50
2011.05.06 11:27:24.427,1.36103,1.36127,1.65,1.50
2011.05.06 11:27:24.756,1.36097,1.36124,2.85,1.50
2011.05.06 11:27:24.867,1.36097,1.36124,2.85,1.50
2011.05.06 11:27:25.378,1.36097,1.36124,2.85,1.50
2011.05.06 11:27:25.795,1.36097,1.36124,2.85,1.50
2011.05.06 11:27:25.912,1.36097,1.36124,2.85,1.50
2011.05.06 11:27:26.252,1.36097,1.36124,2.85,1.50
2011.05.06 11:27:27.996,1.36094,1.36124,2.85,1.50
2011.05.06 11:27:28.877,1.36094,1.36124,2.85,1.50
2011.05.06 11:27:28.987,1.361,1.36124,1.35,1.50
2011.05.06 11:27:29.547,1.36102,1.36124,2.25,1.50
2011.05.06 11:27:30.057,1.36102,1.36124,2.25,1.50
2011.05.06 11:27:30.386,1.36102,1.36124,2.25,1.50
2011.05.06 11:27:30.827,1.36094,1.3612,2.40,1.50
2011.05.06 11:27:31.046,1.36094,1.3612,2.40,1.50
2011.05.06 11:27:31.487,1.36094,1.3612,1.65,1.50
2011.05.06 11:27:31.707,1.36093,1.36119,2.10,5.18
2011.05.06 11:27:32.038,1.3609,1.36113,1.50,2.40
2011.05.06 11:27:32.147,1.36088,1.36107,1.50,1.50
2011.05.06 11:27:32.713,1.36082,1.36109,2.10,3.15
2011.05.06 11:27:34.457,1.36093,1.36109,1.35,2.78
2011.05.06 11:27:34.679,1.36095,1.36115,2.40,2.10
2011.05.06 11:27:34.789,1.36095,1.3611,2.40,1.13
2011.05.06 11:27:35.010,1.36086,1.36109,1.50,2.40
2011.05.06 11:27:35.228,1.36085,1.36111,1.35,1.13
2011.05.06 11:27:35.556,1.36083,1.36107,1.35,2.40
2011.05.06 11:27:36.217,1.36081,1.36107,1.50,2.40
2011.05.06 11:27:37.367,1.36081,1.36107,1.50,2.40
2011.05.06 11:27:37.698,1.36082,1.36107,1.50,2.40
2011.05.06 11:27:37.917,1.36083,1.36109,1.35,1.50
2011.05.06 11:27:39.644,1.36083,1.36108,1.35,2.40
2011.05.06 11:27:41.419,1.36084,1.3611,1.50,1.13
2011.05.06 11:27:42.089,1.36085,1.36111,2.10,1.13
2011.05.06 11:27:42.308,1.36089,1.36112,1.35,1.13
2011.05.06 11:27:44.467,1.36089,1.36114,1.35,1.88
2011.05.06 11:27:45.268,1.36089,1.36114,1.35,1.88
2011.05.06 11:27:45.487,1.36089,1.36114,1.35,1.50
2011.05.06 11:27:45.707,1.36089,1.36114,1.35,1.50
2011.05.06 11:27:46.279,1.36096,1.36121,1.35,1.13
2011.05.06 11:27:46.828,1.36096,1.36121,1.35,1.13
2011.05.06 11:27:47.378,1.36096,1.36121,1.35,1.13
2011.05.06 11:27:47.927,1.36096,1.36121,1.35,1.88
2011.05.06 11:27:48.916,1.36096,1.36121,1.35,1.88
2011.05.06 11:27:49.467,1.36096,1.36121,1.35,1.88
2011.05.06 11:27:51.318,1.36096,1.3612,1.35,1.13
2011.05.06 11:27:51.537,1.36095,1.36121,2.10,1.13
2011.05.06 11:27:51.757,1.36096,1.3612,1.35,1.13
2011.05.06 11:27:52.363,1.36096,1.3612,1.35,1.13
2011.05.06 11:27:54.378,1.36096,1.36121,1.35,1.88
2011.05.06 11:27:58.435,1.36096,1.36121,1.35,1.50
2011.05.06 11:27:58.659,1.36095,1.36119,1.50,2.10
2011.05.06 11:27:58.990,1.36087,1.36115,2.10,2.25
2011.05.06 11:27:59.548,1.36085,1.36112,1.35,1.50
2011.05.06 11:28:00.096,1.36085,1.36111,1.35,1.50
2011.05.06 11:28:00.427,1.36087,1.3611,1.35,1.50
2011.05.06 11:28:02.648,1.3609,1.36115,1.35,1.50
2011.05.06 11:28:02.867,1.3609,1.3611,1.35,1.50
2011.05.06 11:28:03.308,1.3609,1.36111,1.35,1.50
2011.05.06 11:28:03.858,1.3609,1.36116,1.50,1.50
2011.05.06 11:28:04.188,1.3609,1.36116,1.50,2.25
2011.05.06 11:28:04.299,1.3609,1.36117,1.50,2.10
2011.05.06 11:28:04.408,1.36089,1.36116,1.50,1.50
2011.05.06 11:28:04.848,1.3609,1.36116,1.50,1.50
2011.05.06 11:28:05.068,1.3609,1.36116,1.50,1.50
2011.05.06 11:28:05.397,1.3609,1.36116,1.50,1.50
2011.05.06 11:28:05.731,1.3609,1.36116,1.50,1.50
2011.05.06 11:28:06.345,1.3609,1.36113,1.50,3.15
2011.05.06 11:28:06.792,1.36085,1.36107,1.50,1.50
2011.05.06 11:28:07.018,1.36083,1.36106,1.50,2.40
2011.05.06 11:28:07.127,1.36081,1.36106,2.25,2.40
2011.05.06 11:28:07.678,1.36082,1.36106,1.50,2.40
2011.05.06 11:28:07.788,1.36083,1.36106,1.50,1.65
2011.05.06 11:28:08.336,1.36083,1.36108,2.10,2.40
2011.05.06 11:28:09.208,1.36083,1.36108,1.35,2.40
2011.05.06 11:28:09.867,1.36083,1.36108,1.35,2.40
2011.05.06 11:28:10.307,1.36083,1.36108,1.35,2.40
2011.05.06 11:28:10.657,1.36083,1.36108,2.10,2.40
2011.05.06 11:28:10.878,1.36085,1.36111,1.50,2.40
2011.05.06 11:28:11.317,1.36088,1.36113,1.50,3.00
2011.05.06 11:28:11.427,1.36088,1.36113,2.25,1.35
2011.05.06 11:28:12.811,1.36088,1.36097,1.50,1.35
2011.05.06 11:28:12.930,1.36078,1.36097,1.50,1.35
2011.05.06 11:28:13.048,1.3607,1.3609,1.50,2.40
2011.05.06 11:28:13.272,1.36071,1.36092,1.50,2.40
2011.05.06 11:28:13.828,1.36067,1.36094,1.50,3.75
2011.05.06 11:28:13.943,1.36067,1.3609,1.50,2.40
2011.05.06 11:28:14.061,1.36067,1.3609,1.50,2.40
2011.05.06 11:28:14.398,1.36067,1.3609,1.50,1.65
2011.05.06 11:28:14.947,1.36067,1.36092,1.50,2.40
2011.05.06 11:28:15.496,1.36067,1.36092,1.50,2.40
2011.05.06 11:28:16.417,1.36067,1.36094,1.50,1.35
2011.05.06 11:28:16.528,1.36071,1.36095,2.10,1.50
2011.05.06 11:28:17.342,1.36072,1.36099,1.35,2.63
2011.05.06 11:28:19.126,1.36071,1.36099,1.50,2.63
2011.05.06 11:28:19.677,1.36071,1.36097,1.50,1.50
2011.05.06 11:28:20.269,1.36072,1.36099,1.50,1.50
2011.05.06 11:28:20.817,1.36077,1.36102,1.35,2.40
2011.05.06 11:28:21.036,1.36078,1.36102,1.50,1.65
2011.05.06 11:28:22.318,1.36078,1.36104,1.50,2.03
2011.05.06 11:28:22.428,1.36078,1.36105,1.50,1.13
2011.05.06 11:28:22.978,1.36082,1.36109,1.50,3.75
2011.05.06 11:28:25.367,1.36079,1.36102,1.50,1.73
2011.05.06 11:28:26.014,1.36079,1.361,1.50,1.65
2011.05.06 11:28:26.367,1.36079,1.361,1.50,1.65
2011.05.06 11:28:27.587,1.36079,1.36102,1.50,3.38
2011.05.06 11:28:27.808,1.36077,1.361,1.50,2.40
2011.05.06 11:28:28.356,1.36076,1.361,1.50,1.65
2011.05.06 11:28:29.499,1.36077,1.361,3.53,1.65
2011.05.06 11:28:29.608,1.36077,1.36103,3.53,1.13
2011.05.06 11:28:30.049,1.3608,1.36107,1.50,2.10
2011.05.06 11:28:30.269,1.36085,1.3611,1.35,2.40
2011.05.06 11:28:30.379,1.36085,1.3611,2.10,1.65
2011.05.06 11:28:30.598,1.36085,1.3611,1.50,1.65
2011.05.06 11:28:30.818,1.36085,1.36111,1.50,3.75
2011.05.06 11:28:31.257,1.36083,1.36111,1.50,3.75
2011.05.06 11:28:31.736,1.36084,1.3611,1.50,2.40
2011.05.06 11:28:31.961,1.36084,1.36106,1.50,1.65
2011.05.06 11:28:32.079,1.36085,1.3611,1.50,1.65
2011.05.06 11:28:32.297,1.36085,1.3611,1.50,1.65
2011.05.06 11:28:32.407,1.36085,1.3611,1.50,2.40
2011.05.06 11:28:32.737,1.36081,1.36102,1.50,1.65
2011.05.06 11:28:32.848,1.36081,1.36102,1.50,1.65
2011.05.06 11:28:34.747,1.36081,1.36102,1.50,1.65
2011.05.06 11:28:34.967,1.36078,1.36102,1.50,1.65
2011.05.06 11:28:35.186,1.36078,1.36102,1.50,2.40
2011.05.06 11:28:35.628,1.36079,1.36102,2.40,1.50
2011.05.06 11:28:35.739,1.36079,1.36098,2.40,1.35
2011.05.06 11:28:35.848,1.36078,1.36097,1.50,2.40
2011.05.06 11:28:36.396,1.36074,1.36097,1.50,2.40
2011.05.06 11:28:37.147,1.36074,1.36097,2.10,1.65
2011.05.06 11:28:37.256,1.36076,1.36104,2.40,2.10
2011.05.06 11:28:41.827,1.36076,1.36102,2.40,1.50
2011.05.06 11:28:42.157,1.36076,1.36102,2.40,1.50
2011.05.06 11:28:43.860,1.36074,1.36097,2.10,1.65
2011.05.06 11:28:44.188,1.36069,1.36087,1.50,2.25
2011.05.06 11:28:44.300,1.3606,1.36084,1.50,1.65
2011.05.06 11:28:44.527,1.36058,1.36081,1.50,1.65
2011.05.06 11:28:44.749,1.36057,1.3608,1.50,2.40
2011.05.06 11:28:44.967,1.36051,1.36077,1.35,2.40
2011.05.06 11:28:45.407,1.36049,1.36077,1.50,3.00
2011.05.06 11:28:45.957,1.36051,1.36078,1.35,2.40
2011.05.06 11:28:46.397,1.36052,1.36082,2.40,2.40
2011.05.06 11:28:49.801,1.36055,1.36083,1.50,3.00
2011.05.06 11:28:49.919,1.36055,1.36083,2.10,2.40
2011.05.06 11:28:50.468,1.3606,1.36087,2.40,1.35
2011.05.06 11:28:50.578,1.36055,1.3608,1.35,1.65
2011.05.06 11:28:51.019,1.36053,1.36079,2.40,1.50
2011.05.06 11:28:51.567,1.36053,1.36077,2.40,1.65
2011.05.06 11:28:52.548,1.36052,1.36078,2.40,2.40
2011.05.06 11:28:53.206,1.36051,1.36077,2.40,1.65
2011.05.06 11:28:55.555,1.36059,1.36077,2.10,1.65
2011.05.06 11:28:55.669,1.36063,1.36085,2.40,1.50
2011.05.06 11:28:55.999,1.36056,1.36081,2.40,1.50
2011.05.06 11:28:56.327,1.36056,1.36081,2.40,1.50
2011.05.06 11:28:57.117,1.36056,1.36081,2.40,1.50
2011.05.06 11:28:57.670,1.36058,1.36083,2.40,1.50
2011.05.06 11:28:58.776,1.36059,1.36081,2.40,1.50
2011.05.06 11:28:59.490,1.36065,1.36085,1.65,4.28
2011.05.06 11:28:59.598,1.36065,1.36085,2.40,3.53
2011.05.06 11:28:59.817,1.36065,1.36085,2.40,3.53
2011.05.06 11:29:02.088,1.36065,1.36085,2.40,1.50
2011.05.06 11:29:02.199,1.36061,1.36084,1.50,1.65
2011.05.06 11:29:02.748,1.36064,1.36088,2.40,1.50
2011.05.06 11:29:03.403,1.36063,1.36088,2.40,2.40
2011.05.06 11:29:05.189,1.36063,1.36088,2.40,3.15
2011.05.06 11:29:05.517,1.36062,1.36088,2.40,3.15
2011.05.06 11:29:05.859,1.36062,1.36084,2.40,1.50
2011.05.06 11:29:06.188,1.3606,1.36084,1.35,2.40
2011.05.06 11:29:06.408,1.36061,1.36082,2.40,1.50
2011.05.06 11:29:06.958,1.3606,1.36085,1.35,3.15
2011.05.06 11:29:07.179,1.3606,1.36084,1.35,2.40
2011.05.06 11:29:07.398,1.3606,1.36082,1.35,3.15
2011.05.06 11:29:08.717,1.3606,1.36082,1.35,2.40
2011.05.06 11:29:08.937,1.36057,1.3608,2.40,1.50
2011.05.06 11:29:09.486,1.36056,1.36081,2.40,1.50
2011.05.06 11:29:10.336,1.36056,1.36082,2.40,2.40
2011.05.06 11:29:10.887,1.36056,1.36082,2.40,2.40
2011.05.06 11:29:11.721,1.36055,1.36082,2.40,2.40
2011.05.06 11:29:11.837,1.36055,1.36082,2.40,2.40
2011.05.06 11:29:19.128,1.36066,1.3609,1.35,1.50
2011.05.06 11:29:19.349,1.36066,1.36089,1.35,1.65
2011.05.06 11:29:19.568,1.3607,1.36096,1.50,1.35
2011.05.06 11:29:19.789,1.36072,1.36096,2.40,2.78
2011.05.06 11:29:20.118,1.36073,1.36101,2.40,3.15
2011.05.06 11:29:20.448,1.3608,1.36103,2.40,1.35
2011.05.06 11:29:20.997,1.3608,1.36103,2.40,1.35
2011.05.06 11:29:21.327,1.36081,1.36103,2.40,1.35
2011.05.06 11:29:26.147,1.36081,1.36105,3.00,3.15
2011.05.06 11:29:26.367,1.36081,1.36105,3.00,3.15
2011.05.06 11:29:28.257,1.36081,1.36105,3.00,2.40
2011.05.06 11:29:28.477,1.36081,1.36105,3.00,1.65
2011.05.06 11:29:29.178,1.36081,1.36106,3.00,1.50
2011.05.06 11:29:32.407,1.36083,1.36107,2.40,1.50
2011.05.06 11:29:33.007,1.36083,1.36108,2.40,3.15
2011.05.06 11:29:33.559,1.36079,1.36104,1.50,1.65
2011.05.06 11:29:33.666,1.36079,1.36104,1.50,2.40
2011.05.06 11:29:34.481,1.36079,1.36105,1.50,2.40
2011.05.06 11:29:34.832,1.36074,1.36094,2.78,3.15
2011.05.06 11:29:35.061,1.36072,1.36093,3.53,2.40
2011.05.06 11:29:35.607,1.36069,1.36092,1.50,1.65
2011.05.06 11:29:36.157,1.36067,1.36091,1.50,2.40
2011.05.06 11:29:36.596,1.36067,1.36089,1.50,1.65
2011.05.06 11:29:37.592,1.36069,1.36098,1.35,5.03
2011.05.06 11:29:38.258,1.36074,1.36098,2.10,1.50
2011.05.06 11:29:38.589,1.36088,1.36107,1.35,1.50
2011.05.06 11:29:38.699,1.36088,1.36108,1.35,1.50
2011.05.06 11:29:38.807,1.36087,1.36107,2.40,1.50
2011.05.06 11:29:38.918,1.36076,1.36107,2.10,1.50
2011.05.06 11:29:39.139,1.36077,1.36106,2.25,1.50
2011.05.06 11:29:41.397,1.36077,1.36107,2.25,1.50
2011.05.06 11:29:42.529,1.36081,1.36108,1.50,1.35
2011.05.06 11:29:42.639,1.36081,1.36108,2.25,1.35
2011.05.06 11:29:42.856,1.3608,1.36108,1.50,2.10
2011.05.06 11:29:43.957,1.36081,1.36108,1.50,2.10
2011.05.06 11:29:44.068,1.36087,1.36108,1.65,1.50
2011.05.06 11:29:44.397,1.36087,1.36111,2.40,1.50
2011.05.06 11:29:44.946,1.36087,1.36111,2.40,1.50
2011.05.06 11:29:45.057,1.36087,1.36112,2.40,1.50
2011.05.06 11:29:46.218,1.36086,1.36113,2.40,1.50
2011.05.06 11:29:46.890,1.36086,1.36112,2.40,1.50
2011.05.06 11:29:47.330,1.36086,1.36114,3.15,1.35
2011.05.06 11:29:47.659,1.36086,1.36102,3.15,1.50
2011.05.06 11:29:47.769,1.36083,1.36104,1.50,2.78
2011.05.06 11:29:47.879,1.36083,1.36109,1.50,1.50
2011.05.06 11:29:48.452,1.36083,1.36113,1.50,4.13
2011.05.06 11:29:48.787,1.36083,1.36113,1.50,1.35
2011.05.06 11:29:49.230,1.36093,1.36115,1.35,2.25
2011.05.06 11:29:49.561,1.36099,1.36116,1.65,2.25
2011.05.06 11:29:49.788,1.36087,1.36116,1.35,1.50
2011.05.06 11:29:49.897,1.36087,1.36117,1.35,1.35
2011.05.06 11:29:50.948,1.36087,1.36117,1.35,1.35
2011.05.06 11:29:51.167,1.36087,1.36117,1.35,1.35
2011.05.06 11:29:51.499,1.36087,1.36117,1.35,5.85
2011.05.06 11:29:53.478,1.36087,1.36116,1.35,1.65
2011.05.06 11:29:53.587,1.36087,1.36117,1.35,3.75
2011.05.06 11:29:53.697,1.36087,1.36117,1.35,3.75
2011.05.06 11:29:54.077,1.36087,1.36117,1.35,3.75
2011.05.06 11:29:54.736,1.3609,1.36116,1.50,2.40
2011.05.06 11:29:54.846,1.3609,1.36116,1.50,2.40
2011.05.06 11:29:56.859,1.3609,1.36115,1.50,3.15
2011.05.06 11:29:57.299,1.3609,1.36111,1.50,1.65
2011.05.06 11:29:57.409,1.3609,1.36115,1.50,1.65
2011.05.06 11:29:58.597,1.3609,1.36115,1.50,2.40
2011.05.06 11:29:59.039,1.3609,1.36113,1.50,1.50
2011.05.06 11:29:59.368,1.3608,1.3611,2.10,1.35
2011.05.06 11:29:59.478,1.36089,1.36111,2.78,1.35
2011.05.06 11:29:59.697,1.36085,1.36112,1.65,1.35
2011.05.06 11:29:59.808,1.36085,1.36112,3.15,1.35
2011.05.06 11:30:02.749,1.3609,1.36116,1.35,1.50
2011.05.06 11:30:03.109,1.3609,1.36117,1.35,1.50
2011.05.06 11:30:03.547,1.3609,1.36118,2.10,2.25
2011.05.06 11:30:03.896,1.3609,1.36118,2.10,1.50
2011.05.06 11:30:04.347,1.3609,1.36116,1.35,1.50
2011.05.06 11:30:04.679,1.3609,1.36111,2.10,1.65
2011.05.06 11:30:04.789,1.3609,1.36111,1.35,1.50
2011.05.06 11:30:05.019,1.36106,1.36111,1.50,1.50
2011.05.06 11:30:05.348,1.36107,1.36121,2.40,2.78
2011.05.06 11:30:05.574,1.36107,1.36131,1.65,1.50
2011.05.06 11:30:06.128,1.36104,1.3613,1.50,1.65
2011.05.06 11:30:06.534,1.36103,1.36132,3.75,1.50
2011.05.06 11:30:06.655,1.36104,1.36129,2.40,1.50
2011.05.06 11:30:07.208,1.36104,1.36131,2.40,1.50
2011.05.06 11:30:07.317,1.36104,1.36131,2.40,1.50
2011.05.06 11:30:07.761,1.36102,1.36128,1.50,1.35
2011.05.06 11:30:08.101,1.36098,1.36124,2.10,2.40
2011.05.06 11:30:08.219,1.36098,1.36128,2.10,2.10
2011.05.06 11:30:08.441,1.36098,1.36125,2.10,2.40
2011.05.06 11:30:08.671,1.36105,1.3613,1.35,4.28
2011.05.06 11:30:08.788,1.3611,1.36135,2.40,1.50
2011.05.06 11:30:09.008,1.36105,1.36132,1.35,1.50
2011.05.06 11:30:09.117,1.36104,1.36132,1.35,1.50
2011.05.06 11:30:09.667,1.36103,1.36132,3.00,1.50
2011.05.06 11:30:10.107,1.36105,1.36131,1.35,1.50
2011.05.06 11:30:10.437,1.36106,1.36129,1.35,1.50
2011.05.06 11:30:10.987,1.36106,1.36132,1.35,1.50
2011.05.06 11:30:12.097,1.36106,1.36132,1.35,3.15
2011.05.06 11:30:12.208,1.36106,1.36133,2.10,3.15
2011.05.06 11:30:12.760,1.36122,1.36133,1.35,2.40
2011.05.06 11:30:12.980,1.36122,1.36147,1.35,3.15
2011.05.06 11:30:13.637,1.36126,1.36151,1.50,2.40
2011.05.06 11:30:13.748,1.36126,1.36151,1.50,2.40
2011.05.06 11:30:14.078,1.36125,1.36151,1.50,3.15
2011.05.06 11:30:14.627,1.36126,1.36152,1.50,3.15
2011.05.06 11:30:15.517,1.36126,1.36152,1.50,3.15
2011.05.06 11:30:15.737,1.36126,1.36152,1.50,3.15
2011.05.06 11:30:16.067,1.36126,1.36152,1.50,3.15
2011.05.06 11:30:17.689,1.36126,1.36152,1.50,3.15
2011.05.06 11:30:18.441,1.36126,1.36152,1.50,3.15
2011.05.06 11:30:18.997,1.36126,1.36152,1.50,3.15
2011.05.06 11:30:19.457,1.36126,1.36152,1.50,2.40
2011.05.06 11:30:19.898,1.36126,1.36151,1.50,1.50
2011.05.06 11:30:20.228,1.36126,1.3615,1.50,1.65
2011.05.06 11:30:20.448,1.3613,1.36154,1.50,1.35
2011.05.06 11:30:20.668,1.36128,1.36154,1.50,1.35
2011.05.06 11:30:20.779,1.36126,1.36154,1.50,1.35
2011.05.06 11:30:20.888,1.36133,1.36154,2.40,1.35
2011.05.06 11:30:22.660,1.36131,1.36154,2.40,1.35
2011.05.06 11:30:22.987,1.36131,1.36154,2.40,1.35
2011.05.06 11:30:24.897,1.36131,1.36154,2.40,1.35
2011.05.06 11:30:25.392,1.36124,1.36152,2.40,3.15
2011.05.06 11:30:25.947,1.36124,1.36152,2.40,3.15
2011.05.06 11:30:26.058,1.36124,1.36152,2.40,3.15
2011.05.06 11:30:26.388,1.36124,1.36152,2.40,3.15
2011.05.06 11:30:26.827,1.36132,1.36152,1.65,1.50
2011.05.06 11:30:26.938,1.36132,1.36152,2.40,1.50
2011.05.06 11:30:27.487,1.36132,1.36154,2.40,2.10
2011.05.06 11:30:28.036,1.36132,1.36154,2.40,2.10
2011.05.06 11:30:29.137,1.3613,1.36154,2.40,2.10
2011.05.06 11:30:29.749,1.3613,1.36154,2.40,2.10
2011.05.06 11:30:29.968,1.36132,1.36155,3.00,1.50
2011.05.06 11:30:30.628,1.36133,1.36154,2.40,1.50
2011.05.06 11:30:31.029,1.36135,1.36158,1.50,1.50
2011.05.06 11:30:31.687,1.36139,1.36154,1.65,1.50
2011.05.06 11:30:32.202,1.36133,1.36154,2.40,1.50
2011.05.06 11:30:33.577,1.36133,1.36155,2.40,1.50
2011.05.06 11:30:33.907,1.36133,1.36157,2.40,1.50
2011.05.06 11:30:35.397,1.36134,1.36154,2.40,1.50
2011.05.06 11:30:39.348,1.36128,1.36154,4.13,1.50
2011.05.06 11:30:39.567,1.36128,1.36154,4.13,1.50
2011.05.06 11:30:41.527,1.36128,1.36154,4.13,1.50
2011.05.06 11:30:41.858,1.36132,1.36155,2.40,1.50
2011.05.06 11:30:42.078,1.36129,1.36154,3.53,1.50
2011.05.06 11:30:42.517,1.36128,1.36154,1.35,1.50
2011.05.06 11:30:43.418,1.36128,1.36154,1.35,1.50
2011.05.06 11:30:45.377,1.36128,1.36152,1.35,2.40
2011.05.06 11:30:46.041,1.36128,1.36154,3.00,1.50
2011.05.06 11:30:46.269,1.36128,1.36154,1.35,3.15
2011.05.06 11:30:46.487,1.36128,1.36151,1.35,1.50
2011.05.06 11:30:46.708,1.36125,1.36149,2.78,1.50
2011.05.06 11:30:47.673,1.3612,1.36146,1.50,3.90
2011.05.06 11:30:47.900,1.36121,1.36145,3.53,2.40
2011.05.06 11:30:48.117,1.36121,1.36147,3.53,1.50
2011.05.06 11:30:48.449,1.36126,1.36146,1.35,3.15
2011.05.06 11:30:48.779,1.36128,1.36151,1.35,1.50
2011.05.06 11:30:48.887,1.36131,1.36154,1.35,1.50
2011.05.06 11:30:49.229,1.36131,1.36157,2.10,1.50
2011.05.06 11:30:51.349,1.36131,1.36157,4.88,1.50
2011.05.06 11:30:52.640,1.36131,1.36157,4.88,2.25
2011.05.06 11:30:52.978,1.36131,1.36155,1.35,2.40
2011.05.06 11:30:58.827,1.36131,1.36155,2.10,2.40
2011.05.06 11:30:59.048,1.36132,1.36157,2.40,1.50
2011.05.06 11:31:00.647,1.36132,1.36157,2.40,1.50
2011.05.06 11:31:02.597,1.36131,1.36155,2.10,2.40
2011.05.06 11:31:03.487,1.36131,1.36155,2.10,2.40
2011.05.06 11:31:03.707,1.36135,1.36157,2.40,1.50
2011.05.06 11:31:04.216,1.36135,1.36157,2.40,1.50
2011.05.06 11:31:04.439,1.36134,1.36157,2.40,1.50
2011.05.06 11:31:04.657,1.36134,1.36157,2.40,1.50
2011.05.06 11:31:06.067,1.36135,1.36157,1.65,1.50
2011.05.06 11:31:06.179,1.36135,1.36157,2.40,1.50
2011.05.06 11:31:06.507,1.36135,1.36157,2.40,1.50
2011.05.06 11:31:08.868,1.36135,1.36157,2.40,1.50
2011.05.06 11:31:12.432,1.36135,1.36157,2.40,1.50
2011.05.06 11:31:12.767,1.36135,1.36157,2.40,1.50
2011.05.06 11:31:16.497,1.36133,1.36158,2.40,1.50
2011.05.06 11:31:16.828,1.36136,1.3616,2.40,1.50
2011.05.06 11:31:17.158,1.36146,1.36165,2.10,1.50
2011.05.06 11:31:17.269,1.36148,1.36167,2.25,1.50
2011.05.06 11:31:17.488,1.36149,1.36172,1.35,1.50
2011.05.06 11:31:18.037,1.36149,1.36171,1.35,1.50
2011.05.06 11:31:19.437,1.3615,1.36171,1.35,1.50
2011.05.06 11:31:21.548,1.36145,1.36171,1.50,3.15
2011.05.06 11:31:21.658,1.36148,1.36171,2.40,1.50
2011.05.06 11:31:21.990,1.36146,1.36171,2.40,1.50
2011.05.06 11:31:22.649,1.36145,1.36171,3.15,1.50
2011.05.06 11:31:22.979,1.36147,1.36171,2.40,1.50
2011.05.06 11:31:23.308,1.36148,1.36171,2.40,1.50
2011.05.06 11:31:23.747,1.36144,1.36169,1.50,1.50
2011.05.06 11:31:24.797,1.36145,1.3617,1.50,1.50
2011.05.06 11:31:24.928,1.36145,1.3617,1.50,1.50
2011.05.06 11:31:26.586,1.36145,1.36169,1.50,1.50
2011.05.06 11:31:26.807,1.36145,1.36169,1.50,1.50
2011.05.06 11:31:27.137,1.36145,1.36169,1.50,1.50
2011.05.06 11:31:27.629,1.36144,1.36167,1.50,1.50
2011.05.06 11:31:27.848,1.36144,1.36166,1.50,1.50
2011.05.06 11:31:28.397,1.36143,1.36166,1.35,1.50
2011.05.06 11:31:29.608,1.36143,1.36166,1.35,1.50
2011.05.06 11:31:30.157,1.3614,1.36167,1.50,1.50
2011.05.06 11:31:30.811,1.3614,1.36167,1.50,1.50
2011.05.06 11:31:45.672,1.36138,1.36164,1.50,1.50
2011.05.06 11:31:46.118,1.36138,1.36164,3.15,1.50
2011.05.06 11:31:46.448,1.36138,1.36164,3.15,1.50
2011.05.06 11:31:52.358,1.36139,1.36164,2.40,1.50
2011.05.06 11:31:53.057,1.36139,1.36164,2.40,1.50
2011.05.06 11:31:53.609,1.36142,1.36168,3.00,1.50
2011.05.06 11:31:54.377,1.36144,1.36169,1.50,2.40
2011.05.06 11:31:54.949,1.36143,1.36165,1.50,3.00
2011.05.06 11:31:55.668,1.36144,1.36165,1.50,3.00
2011.05.06 11:31:56.117,1.36141,1.36165,1.50,3.00
2011.05.06 11:31:56.229,1.36141,1.36165,1.50,3.00
2011.05.06 11:31:56.987,1.36141,1.36165,1.50,1.35
2011.05.06 11:31:57.207,1.36141,1.36165,1.50,1.35
2011.05.06 11:31:57.437,1.36141,1.36165,1.50,1.35
2011.05.06 11:32:04.517,1.3614,1.36157,1.50,2.40
2011.05.06 11:32:05.066,1.36141,1.36165,1.50,1.35
2011.05.06 11:32:06.137,1.36141,1.36165,1.50,1.35
2011.05.06 11:32:06.468,1.3614,1.36165,1.50,1.35
2011.05.06 11:32:07.017,1.3614,1.36165,1.50,1.35
2011.05.06 11:32:07.568,1.3614,1.36165,1.50,1.35
2011.05.06 11:32:09.496,1.36146,1.3617,1.35,1.65
2011.05.06 11:32:09.615,1.36146,1.36172,1.35,2.40
2011.05.06 11:32:09.949,1.36146,1.36176,3.75,2.40
2011.05.06 11:32:10.171,1.36151,1.36177,2.40,1.50
2011.05.06 11:32:10.290,1.36151,1.36177,3.75,1.50
2011.05.06 11:32:10.620,1.36156,1.3618,2.40,1.50
2011.05.06 11:32:10.730,1.36156,1.3618,3.15,1.50
2011.05.06 11:32:10.961,1.36157,1.3618,1.65,1.50
2011.05.06 11:32:11.521,1.36155,1.3618,3.53,1.50
2011.05.06 11:32:11.641,1.36154,1.3618,3.75,1.50
2011.05.06 11:32:13.839,1.36156,1.3618,2.40,1.50
2011.05.06 11:32:14.948,1.36156,1.3618,2.40,1.50
2011.05.06 11:32:15.280,1.36156,1.3618,2.40,1.50
2011.05.06 11:32:15.390,1.36155,1.36178,1.35,2.40
2011.05.06 11:32:15.940,1.36153,1.36179,1.35,2.40
2011.05.06 11:32:16.050,1.36151,1.36176,1.50,1.35
2011.05.06 11:32:16.377,1.36147,1.36173,1.50,2.40
2011.05.06 11:32:16.486,1.36147,1.36173,1.50,2.40
2011.05.06 11:32:17.720,1.36147,1.36175,1.50,1.50
2011.05.06 11:32:18.049,1.36151,1.36175,2.10,1.50
2011.05.06 11:32:18.159,1.3615,1.36175,2.78,1.50
2011.05.06 11:32:18.268,1.36153,1.36178,1.50,2.10
2011.05.06 11:32:18.597,1.36152,1.36178,1.65,2.10
2011.05.06 11:32:18.708,1.36149,1.36178,1.50,4.50
2011.05.06 11:32:19.477,1.36149,1.36177,1.50,2.40
2011.05.06 11:32:22.471,1.36152,1.36178,1.65,1.50
2011.05.06 11:32:22.589,1.36149,1.36177,3.15,3.15
2011.05.06 11:32:22.698,1.36149,1.36175,1.50,2.40
2011.05.06 11:32:23.579,1.36149,1.36174,1.50,3.15
2011.05.06 11:32:23.909,1.36149,1.36174,1.50,1.50
2011.05.06 11:32:24.457,1.36149,1.36174,1.50,1.50
2011.05.06 11:32:24.898,1.36149,1.36174,1.50,1.50
2011.05.06 11:32:25.447,1.36147,1.36174,1.35,1.50
2011.05.06 11:32:25.557,1.36146,1.36174,2.10,1.50
2011.05.06 11:32:27.910,1.36146,1.36172,1.50,1.50
2011.05.06 11:32:28.128,1.36146,1.36174,1.50,2.10
2011.05.06 11:32:28.677,1.36146,1.36174,3.15,3.75
2011.05.06 11:32:33.509,1.36145,1.36174,2.25,3.75
2011.05.06 11:32:33.837,1.36145,1.36174,2.25,3.75
2011.05.06 11:32:33.949,1.36146,1.36174,1.35,3.15
2011.05.06 11:32:34.278,1.36148,1.36174,2.25,1.50
2011.05.06 11:32:34.388,1.36148,1.36174,3.00,1.50
2011.05.06 11:32:34.499,1.36149,1.36176,1.50,2.40
2011.05.06 11:32:34.608,1.36149,1.36178,1.50,2.10
2011.05.06 11:32:34.828,1.36149,1.36178,1.50,2.10
2011.05.06 11:32:35.267,1.36151,1.36178,2.40,1.50
2011.05.06 11:32:35.598,1.3615,1.36178,1.35,1.50
2011.05.06 11:32:36.148,1.3615,1.36178,1.35,4.28
2011.05.06 11:32:36.478,1.36149,1.36174,3.15,1.35
2011.05.06 11:32:36.807,1.36149,1.36174,3.15,1.35
2011.05.06 11:32:36.917,1.36149,1.36174,3.15,1.35
2011.05.06 11:32:38.238,1.3615,1.36174,1.35,1.50
2011.05.06 11:32:38.787,1.36147,1.36174,1.35,1.50
2011.05.06 11:32:39.018,1.36146,1.36174,2.40,1.50
2011.05.06 11:32:39.587,1.36147,1.36174,2.40,1.50
2011.05.06 11:32:40.388,1.36145,1.36171,1.50,2.40
2011.05.06 11:32:40.719,1.36128,1.3615,1.50,1.35
2011.05.06 11:32:40.829,1.36124,1.36145,2.40,1.50
2011.05.06 11:32:40.940,1.36117,1.36144,1.50,1.35
2011.05.06 11:32:41.395,1.36113,1.36141,2.40,2.40
2011.05.06 11:32:41.728,1.36113,1.3614,1.65,1.50
2011.05.06 11:32:42.060,1.36107,1.36134,1.50,1.50
2011.05.06 11:32:42.169,1.36105,1.36134,2.85,1.50
2011.05.06 11:32:42.499,1.36106,1.36131,1.50,1.50
2011.05.06 11:32:42.942,1.36103,1.3613,3.00,1.50
2011.05.06 11:32:43.278,1.36103,1.36125,1.35,2.40
2011.05.06 11:32:43.497,1.361,1.36125,2.40,2.40
2011.05.06 11:32:43.720,1.36097,1.36122,3.00,2.40
2011.05.06 11:32:43.830,1.36099,1.36122,1.35,2.40
2011.05.06 11:32:43.938,1.36102,1.36126,1.65,1.50
2011.05.06 11:32:44.268,1.36099,1.36123,1.35,2.40
2011.05.06 11:32:44.699,1.36101,1.36127,2.40,1.50
2011.05.06 11:32:44.821,1.36103,1.36126,2.40,1.50
2011.05.06 11:32:45.270,1.36097,1.36126,3.75,1.50
2011.05.06 11:32:45.707,1.36098,1.36126,2.25,1.50
2011.05.06 11:32:46.042,1.36076,1.36091,1.50,1.35
2011.05.06 11:32:46.270,1.36061,1.36084,1.50,1.50
2011.05.06 11:32:46.489,1.36067,1.36088,1.35,1.50
2011.05.06 11:32:46.600,1.36062,1.36088,1.35,1.50
2011.05.06 11:32:46.928,1.36062,1.36086,2.10,1.65
2011.05.06 11:32:47.257,1.36066,1.3609,2.40,1.50
2011.05.06 11:32:47.806,1.36066,1.36089,2.40,1.50
2011.05.06 11:32:47.918,1.36066,1.36089,2.40,1.50
2011.05.06 11:32:48.609,1.36067,1.36091,1.50,1.50
2011.05.06 11:32:48.941,1.36075,1.36098,1.35,1.65
2011.05.06 11:32:49.499,1.3608,1.36105,3.15,2.78
2011.05.06 11:32:49.610,1.36081,1.36109,2.40,4.88
2011.05.06 11:32:49.829,1.3608,1.36109,1.50,1.35
2011.05.06 11:32:50.048,1.3608,1.36106,1.50,3.15
2011.05.06 11:32:50.267,1.3608,1.36106,1.50,3.15
2011.05.06 11:32:50.489,1.36081,1.36109,2.40,1.35
2011.05.06 11:32:51.048,1.3608,1.36109,1.50,2.10
2011.05.06 11:32:51.720,1.36084,1.36109,1.50,1.35
2011.05.06 11:32:52.170,1.3608,1.36109,1.50,1.35
2011.05.06 11:32:53.929,1.3608,1.36106,3.15,1.50
2011.05.06 11:32:54.262,1.36079,1.36098,1.50,1.35
2011.05.06 11:32:54.488,1.36069,1.36097,1.50,2.25
2011.05.06 11:32:55.609,1.3607,1.36096,1.50,1.35
2011.05.06 11:32:55.829,1.36075,1.36098,2.40,1.50
2011.05.06 11:32:56.819,1.36083,1.36098,1.65,1.50
2011.05.06 11:32:56.929,1.36083,1.36106,2.40,3.53
2011.05.06 11:32:57.149,1.36083,1.36107,2.40,1.50
2011.05.06 11:32:57.938,1.36083,1.3611,3.15,1.50
2011.05.06 11:32:59.022,1.36082,1.3611,2.40,1.50
2011.05.06 11:33:02.417,1.36082,1.36108,2.40,1.50
2011.05.06 11:33:03.247,1.36082,1.36106,2.40,1.50
2011.05.06 11:33:03.579,1.36082,1.36101,1.65,1.50
2011.05.06 11:33:03.691,1.36075,1.36099,5.18,1.50
2011.05.06 11:33:03.908,1.36072,1.36099,3.75,1.50
2011.05.06 11:33:04.239,1.36072,1.36103,2.85,1.50
2011.05.06 11:33:04.461,1.36076,1.36103,2.40,2.78
2011.05.06 11:33:05.018,1.36078,1.36105,1.50,3.38
2011.05.06 11:33:06.588,1.36078,1.361,1.50,2.10
2011.05.06 11:33:06.999,1.36078,1.36098,1.50,1.35
2011.05.06 11:33:07.107,1.36071,1.36104,2.10,6.38
2011.05.06 11:33:07.658,1.36072,1.36102,1.35,1.50
2011.05.06 11:33:08.208,1.36074,1.36104,1.50,1.35
2011.05.06 11:33:08.539,1.36074,1.36101,1.35,1.50
2011.05.06 11:33:09.088,1.36073,1.36099,1.50,1.35
2011.05.06 11:33:10.738,1.36073,1.36099,1.50,1.35
2011.05.06 11:33:11.068,1.36069,1.36098,2.10,1.50
2011.05.06 11:33:12.404,1.36069,1.36097,1.50,2.85
2011.05.06 11:33:12.737,1.36069,1.36093,1.50,1.35
2011.05.06 11:33:12.850,1.36069,1.36093,1.50,1.35
2011.05.06 11:33:13.437,1.36069,1.36093,1.50,1.35
2011.05.06 11:33:13.658,1.36069,1.36093,1.50,1.35
2011.05.06 11:33:13.880,1.36074,1.36097,1.50,2.10
2011.05.06 11:33:15.288,1.36073,1.36098,1.50,2.10
2011.05.06 11:33:15.400,1.36073,1.36098,1.50,1.35
2011.05.06 11:33:15.509,1.36074,1.36099,1.50,1.35
2011.05.06 11:33:15.948,1.36074,1.36098,1.50,1.35
2011.05.06 11:33:16.060,1.36074,1.36094,1.50,1.50
2011.05.06 11:33:16.387,1.36068,1.36094,1.50,1.35
2011.05.06 11:33:17.491,1.36068,1.36093,1.50,1.35
2011.05.06 11:33:17.892,1.36068,1.36093,1.50,1.35
2011.05.06 11:33:18.718,1.36068,1.36093,1.50,1.35
2011.05.06 11:33:24.527,1.36068,1.36093,1.50,1.35
2011.05.06 11:33:24.860,1.36067,1.36085,1.50,1.50
2011.05.06 11:33:24.969,1.36065,1.36083,1.50,1.50
2011.05.06 11:33:25.079,1.36056,1.36083,4.28,1.50
2011.05.06 11:33:25.517,1.36055,1.36083,1.50,2.25
2011.05.06 11:33:26.110,1.36055,1.36083,1.50,2.25
2011.05.06 11:33:28.498,1.36055,1.36083,1.50,1.50
2011.05.06 11:33:28.829,1.36055,1.3608,1.50,1.35
2011.05.06 11:33:29.157,1.36055,1.36079,1.50,1.35
2011.05.06 11:33:29.268,1.36055,1.36079,1.50,2.10
2011.05.06 11:33:29.708,1.36052,1.36079,1.50,2.10
2011.05.06 11:33:29.927,1.36052,1.36079,1.50,1.35
2011.05.06 11:33:30.258,1.36049,1.36075,1.50,3.60
2011.05.06 11:33:30.368,1.36049,1.36075,1.50,1.50
2011.05.06 11:33:30.478,1.36049,1.36075,1.50,1.50
2011.05.06 11:33:30.919,1.36049,1.36075,1.50,1.50
2011.05.06 11:33:31.029,1.36049,1.36072,1.50,1.35
2011.05.06 11:33:32.041,1.36038,1.36067,1.35,1.50
2011.05.06 11:33:32.270,1.36038,1.36069,1.35,1.35
2011.05.06 11:33:32.380,1.36043,1.36069,1.50,4.13
2011.05.06 11:33:32.599,1.36045,1.36069,2.40,1.35
2011.05.06 11:33:33.258,1.36043,1.36069,1.50,1.35
2011.05.06 11:33:34.137,1.36043,1.36069,3.15,1.35
2011.05.06 11:33:34.248,1.36043,1.36068,1.50,1.35
2011.05.06 11:33:34.469,1.36043,1.36068,1.50,1.35
2011.05.06 11:33:35.018,1.36043,1.36068,1.50,1.35
2011.05.06 11:33:35.127,1.36043,1.36069,1.50,3.75
2011.05.06 11:33:35.678,1.36043,1.36068,1.50,1.35
2011.05.06 11:33:36.144,1.36041,1.36068,2.40,1.35
2011.05.06 11:33:36.478,1.36038,1.36068,1.50,1.35
2011.05.06 11:33:36.700,1.36041,1.36069,2.40,1.35
2011.05.06 11:33:37.027,1.36042,1.36068,1.50,1.35
2011.05.06 11:33:38.159,1.36042,1.36068,1.50,1.35
2011.05.06 11:33:38.669,1.3604,1.36068,2.40,1.35
2011.05.06 11:33:38.998,1.36039,1.36068,1.50,1.35
2011.05.06 11:33:39.217,1.36039,1.36068,1.50,1.35
2011.05.06 11:33:40.229,1.36038,1.36063,2.40,1.35
2011.05.06 11:33:40.557,1.36032,1.36062,2.40,1.35
2011.05.06 11:33:41.550,1.36032,1.36058,2.40,2.85
2011.05.06 11:33:42.128,1.36031,1.36058,1.50,2.85
2011.05.06 11:33:45.378,1.36031,1.36058,1.50,2.85
2011.05.06 11:33:45.488,1.36033,1.36059,1.50,1.35
2011.05.06 11:33:45.708,1.36033,1.36061,2.25,1.35
2011.05.06 11:33:46.038,1.36035,1.36061,1.50,1.35
2011.05.06 11:33:47.129,1.36035,1.36061,1.50,1.35
2011.05.06 11:33:47.677,1.36031,1.36059,1.50,1.35
2011.05.06 11:33:48.019,1.36031,1.36058,1.50,2.25
2011.05.06 11:33:48.897,1.36031,1.36058,1.50,2.25
2011.05.06 11:33:50.069,1.36031,1.36058,1.50,1.50
2011.05.06 11:33:50.618,1.36031,1.36057,1.50,1.50
2011.05.06 11:33:51.278,1.36031,1.36057,1.50,1.50
2011.05.06 11:33:52.869,1.36031,1.36057,1.50,1.50
2011.05.06 11:33:53.419,1.36029,1.36055,1.35,1.50
2011.05.06 11:33:54.718,1.36029,1.36054,1.35,1.50
2011.05.06 11:33:55.271,1.36024,1.36054,2.25,1.50
2011.05.06 11:33:55.489,1.36024,1.36051,1.50,1.50
2011.05.06 11:33:55.820,1.36024,1.36055,1.50,1.35
2011.05.06 11:33:56.038,1.36024,1.36054,2.25,1.50
2011.05.06 11:33:56.261,1.36027,1.36054,1.50,1.50
2011.05.06 11:33:56.379,1.36027,1.36054,1.50,2.25
2011.05.06 11:33:56.841,1.36027,1.36054,1.50,2.25
2011.05.06 11:33:58.278,1.36027,1.36054,1.50,2.25
2011.05.06 11:33:58.498,1.36027,1.36053,1.50,1.35
2011.05.06 11:33:59.048,1.36027,1.36053,1.50,1.35
2011.05.06 11:33:59.817,1.36027,1.36053,1.50,1.35
2011.05.06 11:34:00.368,1.36027,1.36053,1.50,1.35
2011.05.06 11:34:00.478,1.36027,1.36054,1.50,5.78
2011.05.06 11:34:00.588,1.36027,1.36054,1.50,5.03
2011.05.06 11:34:00.809,1.36027,1.36047,1.50,1.50
2011.05.06 11:34:01.249,1.36021,1.36048,1.50,1.50
2011.05.06 11:34:01.797,1.36021,1.36049,3.90,1.35
2011.05.06 11:34:02.929,1.36024,1.36052,1.50,1.35
2011.05.06 11:34:04.688,1.36027,1.36055,1.13,1.50
2011.05.06 11:34:05.819,1.36032,1.3606,1.50,2.85
2011.05.06 11:34:05.929,1.36032,1.36062,2.10,1.50
2011.05.06 11:34:06.150,1.36033,1.36064,1.50,1.35
2011.05.06 11:34:06.778,1.36036,1.36064,1.50,2.10
2011.05.06 11:34:06.997,1.36038,1.36064,1.50,3.75
2011.05.06 11:34:07.327,1.36038,1.36064,1.50,2.10
2011.05.06 11:34:07.438,1.36038,1.36064,1.50,1.35
2011.05.06 11:34:07.549,1.36038,1.36064,1.50,2.10
2011.05.06 11:34:07.658,1.36038,1.36064,1.50,2.10
2011.05.06 11:34:07.768,1.36038,1.36061,1.50,2.78
2011.05.06 11:34:07.878,1.36038,1.36064,1.50,2.10
2011.05.06 11:34:09.509,1.36038,1.36064,1.50,8.63
2011.05.06 11:34:09.840,1.36034,1.36061,1.50,1.50
2011.05.06 11:34:11.447,1.36034,1.36061,1.50,1.50
2011.05.06 11:34:12.471,1.36034,1.36052,1.50,2.10
2011.05.06 11:34:12.810,1.36028,1.36051,3.00,2.78
2011.05.06 11:34:13.140,1.36029,1.3605,1.50,1.50
2011.05.06 11:34:14.920,1.36029,1.36052,2.25,3.53
2011.05.06 11:34:15.468,1.36029,1.36053,2.25,4.88
2011.05.06 11:34:16.348,1.36029,1.36053,2.25,2.10
2011.05.06 11:34:16.897,1.36029,1.36053,1.50,2.10
2011.05.06 11:34:18.568,1.36028,1.36053,3.38,2.85
2011.05.06 11:34:19.211,1.36029,1.36052,2.25,1.50
2011.05.06 11:34:19.757,1.36029,1.36053,2.25,1.35
2011.05.06 11:34:20.090,1.36028,1.36053,3.00,1.35
2011.05.06 11:34:21.298,1.36029,1.36052,1.50,1.50
2011.05.06 11:34:21.409,1.36025,1.36053,2.40,2.10
2011.05.06 11:34:21.518,1.36025,1.36053,2.40,1.35
2011.05.06 11:34:22.067,1.36027,1.36053,1.50,2.10
2011.05.06 11:34:22.397,1.36027,1.36052,1.50,1.35
2011.05.06 11:34:23.024,1.36027,1.36052,1.50,1.35
2011.05.06 11:34:23.579,1.36025,1.3605,1.13,1.35
2011.05.06 11:34:24.455,1.36032,1.36056,1.35,1.50
2011.05.06 11:34:24.577,1.36038,1.36065,1.13,3.38
2011.05.06 11:34:25.130,1.36038,1.36066,1.13,2.10
2011.05.06 11:34:25.348,1.36039,1.36066,2.40,1.35
2011.05.06 11:34:26.337,1.36041,1.36068,1.50,3.60
2011.05.06 11:34:26.847,1.36041,1.36068,1.50,2.85
2011.05.06 11:34:27.080,1.36041,1.36061,1.50,2.10
2011.05.06 11:34:27.521,1.36035,1.36057,1.13,1.35
2011.05.06 11:34:27.739,1.36033,1.36057,1.50,2.10
2011.05.06 11:34:27.847,1.36027,1.36055,1.50,1.50
2011.05.06 11:34:27.958,1.36027,1.36054,1.50,1.50
2011.05.06 11:34:28.177,1.36027,1.36055,1.50,2.25
2011.05.06 11:34:28.786,1.36026,1.36055,1.35,2.25
2011.05.06 11:34:29.337,1.36028,1.36055,1.50,2.25
2011.05.06 11:34:29.978,1.36028,1.36056,1.50,2.10
2011.05.06 11:34:30.199,1.36028,1.36056,1.50,1.35
2011.05.06 11:34:30.748,1.36031,1.36056,1.50,1.35
2011.05.06 11:34:31.079,1.36031,1.36056,1.88,1.35
2011.05.06 11:34:31.627,1.36031,1.36056,1.88,1.35
2011.05.06 11:34:32.178,1.36031,1.36056,1.88,1.35
2011.05.06 11:34:32.718,1.36031,1.36056,1.88,1.35
2011.05.06 11:34:32.938,1.36031,1.36056,1.88,1.35
2011.05.06 11:34:33.728,1.36034,1.36063,1.35,1.50
2011.05.06 11:34:33.947,1.36036,1.36061,2.40,1.50
2011.05.06 11:34:34.878,1.36036,1.36057,2.40,1.50
2011.05.06 11:34:35.621,1.36036,1.36057,2.40,1.50
2011.05.06 11:34:35.746,1.3603,1.36057,1.88,1.50
2011.05.06 11:34:37.448,1.3603,1.36058,1.88,1.35
2011.05.06 11:34:38.108,1.3603,1.36058,1.88,2.10
2011.05.06 11:34:38.437,1.3603,1.36057,1.88,1.50
2011.05.06 11:34:39.539,1.36032,1.36058,1.35,1.50
2011.05.06 11:34:40.097,1.36032,1.36059,1.35,1.50
2011.05.06 11:34:40.758,1.36032,1.3606,1.35,2.25
2011.05.06 11:34:40.978,1.36032,1.36059,1.35,1.50
2011.05.06 11:34:41.568,1.36032,1.3606,1.35,1.50
2011.05.06 11:34:46.478,1.36032,1.36057,1.35,1.50
2011.05.06 11:34:46.698,1.36032,1.36057,1.35,1.50
2011.05.06 11:34:47.368,1.36032,1.36057,1.35,1.50
2011.05.06 11:34:49.108,1.3603,1.36057,1.88,2.10
2011.05.06 11:34:49.218,1.3603,1.36057,1.88,2.10
2011.05.06 11:34:53.639,1.3603,1.36055,1.50,2.10
2011.05.06 11:34:53.750,1.3603,1.36052,1.50,1.35
2011.05.06 11:34:53.969,1.3603,1.36054,1.50,1.35
2011.05.06 11:34:54.448,1.36027,1.36052,1.73,2.25
2011.05.06 11:34:54.890,1.36027,1.36052,1.13,1.50
2011.05.06 11:34:55.000,1.36028,1.36055,1.13,3.53
2011.05.06 11:34:55.108,1.36028,1.36056,1.13,1.35
2011.05.06 11:34:55.329,1.36027,1.36056,1.88,2.10
2011.05.06 11:34:55.879,1.36027,1.36054,1.13,1.50
2011.05.06 11:34:56.428,1.36027,1.36053,1.13,1.50
2011.05.06 11:34:56.538,1.36027,1.36052,1.13,1.50
2011.05.06 11:34:56.977,1.36027,1.36053,1.88,2.25
2011.05.06 11:34:57.309,1.36028,1.36052,1.13,1.50
2011.05.06 11:34:57.747,1.36027,1.36052,1.13,1.50
2011.05.06 11:34:58.621,1.36027,1.36052,1.13,1.50
2011.05.06 11:34:58.838,1.36027,1.36052,1.13,1.50
2011.05.06 11:34:59.168,1.36027,1.36052,1.13,1.50
2011.05.06 11:34:59.718,1.36027,1.36052,1.13,1.50
2011.05.06 11:35:03.328,1.36024,1.36052,2.10,2.25
2011.05.06 11:35:03.988,1.36024,1.36052,2.10,2.25
2011.05.06 11:35:05.097,1.36024,1.36052,2.10,1.50
2011.05.06 11:35:05.648,1.36024,1.36056,2.10,1.35
2011.05.06 11:35:05.977,1.36027,1.36058,3.15,1.35
2011.05.06 11:35:06.728,1.36033,1.36058,2.40,1.35
2011.05.06 11:35:07.557,1.36035,1.36063,1.35,1.50
2011.05.06 11:35:07.889,1.36036,1.36061,1.35,1.50
2011.05.06 11:35:07.998,1.36036,1.36061,1.35,1.50
2011.05.06 11:35:08.108,1.36032,1.36061,2.85,4.28
2011.05.06 11:35:08.327,1.36032,1.36059,2.85,1.50
2011.05.06 11:35:09.097,1.36031,1.36058,1.50,1.35
2011.05.06 11:35:10.619,1.36031,1.3606,3.15,1.35
2011.05.06 11:35:10.839,1.36031,1.3606,2.40,1.35
2011.05.06 11:35:11.389,1.36035,1.36064,1.35,1.50
2011.05.06 11:35:12.790,1.36035,1.36063,1.35,1.50
2011.05.06 11:35:13.245,1.3603,1.36057,1.50,1.50
2011.05.06 11:35:13.799,1.3603,1.36056,1.50,1.50
2011.05.06 11:35:14.237,1.3603,1.36056,1.50,1.50
2011.05.06 11:35:15.060,1.3603,1.36059,1.50,1.50
2011.05.06 11:35:15.278,1.3603,1.36056,1.50,1.50
2011.05.06 11:35:15.609,1.3603,1.36059,1.50,1.50
2011.05.06 11:35:15.830,1.3603,1.36057,3.15,1.50
2011.05.06 11:35:16.378,1.3603,1.36057,1.50,1.50
2011.05.06 11:35:17.027,1.3603,1.36058,1.50,4.28
2011.05.06 11:35:18.590,1.3603,1.36055,1.50,1.50
2011.05.06 11:35:19.800,1.3603,1.36054,1.50,1.50
2011.05.06 11:35:19.914,1.3603,1.36053,1.50,2.10
2011.05.06 11:35:20.248,1.3603,1.36056,1.50,2.25
2011.05.06 11:35:20.694,1.3603,1.36056,1.50,1.50
2011.05.06 11:35:21.249,1.3603,1.36057,1.50,4.28
2011.05.06 11:35:21.362,1.3603,1.36061,1.50,3.00
2011.05.06 11:35:21.917,1.36035,1.36061,1.50,1.35
2011.05.06 11:35:23.458,1.36035,1.36059,1.50,3.53
2011.05.06 11:35:23.898,1.36035,1.36055,1.50,1.50
2011.05.06 11:35:24.007,1.36035,1.36055,1.50,1.50
2011.05.06 11:35:25.808,1.36031,1.36056,1.50,1.50
2011.05.06 11:35:26.147,1.36031,1.36055,1.50,1.50
2011.05.06 11:35:26.368,1.36031,1.36055,1.50,1.50
2011.05.06 11:35:27.248,1.36031,1.36056,1.50,1.50
2011.05.06 11:35:27.800,1.36031,1.36056,1.50,1.50
2011.05.06 11:35:28.352,1.36034,1.36059,1.50,4.28
2011.05.06 11:35:28.909,1.36034,1.36052,1.50,1.35
2011.05.06 11:35:29.133,1.36027,1.36054,1.35,1.50
2011.05.06 11:35:29.358,1.36032,1.36057,1.50,1.50
2011.05.06 11:35:29.468,1.36032,1.36057,1.50,1.50
2011.05.06 11:35:29.579,1.36032,1.36057,1.50,1.50
2011.05.06 11:35:29.801,1.36032,1.36049,1.50,2.10
2011.05.06 11:35:29.918,1.36031,1.36045,1.50,1.35
2011.05.06 11:35:30.028,1.3602,1.36045,1.50,1.35
2011.05.06 11:35:30.138,1.3602,1.36045,1.50,1.35
2011.05.06 11:35:30.359,1.36016,1.36044,1.50,1.50
2011.05.06 11:35:30.801,1.36016,1.36045,1.50,2.10
2011.05.06 11:35:31.354,1.36016,1.36044,1.50,1.50
2011.05.06 11:35:31.801,1.36019,1.36043,1.35,2.78
2011.05.06 11:35:31.921,1.36019,1.36047,2.10,2.25
2011.05.06 11:35:32.478,1.36019,1.36046,2.10,1.50
2011.05.06 11:35:32.917,1.36019,1.36046,2.10,1.50
2011.05.06 11:35:33.468,1.36013,1.3604,1.88,1.50
2011.05.06 11:35:33.798,1.36013,1.36042,2.63,1.35
2011.05.06 11:35:34.349,1.36018,1.36046,1.35,1.50
2011.05.06 11:35:34.678,1.36018,1.36045,1.35,1.50
2011.05.06 11:35:36.750,1.36019,1.36047,1.50,1.50
2011.05.06 11:35:36.969,1.36021,1.36047,1.50,1.50
2011.05.06 11:35:37.298,1.36024,1.36048,1.13,1.35
2011.05.06 11:35:39.979,1.36024,1.36048,1.13,1.35
2011.05.06 11:35:40.528,1.36024,1.36048,1.13,2.10
2011.05.06 11:35:42.450,1.36024,1.36047,1.13,1.50
2011.05.06 11:35:42.780,1.36025,1.36047,1.13,1.50
2011.05.06 11:35:43.768,1.36024,1.36045,1.13,1.50
2011.05.06 11:35:44.708,1.36024,1.36045,1.13,1.50
2011.05.06 11:35:47.448,1.36021,1.36048,1.50,2.10
2011.05.06 11:35:49.877,1.36021,1.36048,1.50,1.35
2011.05.06 11:35:50.207,1.36021,1.36047,1.50,2.40
2011.05.06 11:35:53.889,1.36021,1.36047,1.50,3.15
2011.05.06 11:35:54.329,1.36021,1.36048,1.50,2.25
2011.05.06 11:35:54.910,1.36021,1.36048,1.50,3.15
2011.05.06 11:35:55.743,1.36021,1.36043,1.50,1.35
2011.05.06 11:35:57.290,1.36019,1.36044,1.13,1.35
2011.05.06 11:35:58.378,1.36019,1.36044,1.13,1.35
2011.05.06 11:35:58.597,1.36018,1.36044,1.88,1.35
2011.05.06 11:35:59.808,1.36018,1.36043,1.88,1.35
2011.05.06 11:36:00.138,1.36019,1.36044,1.13,3.00
2011.05.06 11:36:01.379,1.36018,1.36044,1.88,1.35
2011.05.06 11:36:02.968,1.36018,1.36046,1.88,1.50
2011.05.06 11:36:06.588,1.36018,1.36046,1.50,1.50
2011.05.06 11:36:10.668,1.36021,1.36047,1.50,1.35
2011.05.06 11:36:12.620,1.36021,1.36047,1.50,1.35
2011.05.06 11:36:12.948,1.36021,1.36048,1.50,3.75
2011.05.06 11:36:15.929,1.36021,1.36046,1.50,1.50
2011.05.06 11:36:17.987,1.36021,1.36047,1.50,1.35
2011.05.06 11:36:21.490,1.36027,1.36048,1.35,1.50
2011.05.06 11:36:21.599,1.3603,1.36049,1.13,2.40
2011.05.06 11:36:21.710,1.3603,1.36055,3.23,1.50
2011.05.06 11:36:21.820,1.36032,1.36058,3.00,3.53
2011.05.06 11:36:22.038,1.3603,1.36059,4.65,4.50
2011.05.06 11:36:22.588,1.36031,1.36059,2.25,3.15
2011.05.06 11:36:22.808,1.36033,1.36059,1.50,2.25
2011.05.06 11:36:23.249,1.36031,1.36055,1.50,1.50
2011.05.06 11:36:23.578,1.3603,1.36055,1.13,1.50
2011.05.06 11:36:24.131,1.36031,1.36055,1.13,1.50
2011.05.06 11:36:25.678,1.36031,1.36053,1.13,2.10
2011.05.06 11:36:26.229,1.36031,1.36053,1.13,1.35
2011.05.06 11:36:26.777,1.36029,1.36053,1.13,1.35
2011.05.06 11:36:27.109,1.36029,1.36053,1.13,1.35
2011.05.06 11:36:27.658,1.36029,1.36053,1.13,1.35
2011.05.06 11:36:27.987,1.36027,1.36053,1.50,1.35
2011.05.06 11:36:28.317,1.36024,1.36051,1.50,1.50
2011.05.06 11:36:28.867,1.36023,1.36051,2.10,1.50
2011.05.06 11:36:29.310,1.3602,1.36041,1.50,1.35
2011.05.06 11:36:29.418,1.3602,1.36041,1.50,1.35
2011.05.06 11:36:29.528,1.3602,1.36041,1.50,1.35
2011.05.06 11:36:29.859,1.36015,1.36037,1.50,1.50
2011.05.06 11:36:29.968,1.36015,1.36036,1.50,3.00
2011.05.06 11:36:30.403,1.36012,1.36036,1.50,3.00
2011.05.06 11:36:31.178,1.36014,1.36035,2.25,1.35
2011.05.06 11:36:33.633,1.36012,1.36035,1.50,1.35
2011.05.06 11:36:33.749,1.36012,1.36033,1.50,1.35
2011.05.06 11:36:33.968,1.36012,1.36033,1.50,1.35
2011.05.06 11:36:34.188,1.36012,1.36033,1.50,1.35
2011.05.06 11:36:36.208,1.36012,1.36039,1.50,1.35
2011.05.06 11:36:36.427,1.36012,1.36039,1.50,1.35
2011.05.06 11:36:36.648,1.36012,1.36039,1.50,1.35
2011.05.06 11:36:37.198,1.36012,1.36039,1.50,1.35
2011.05.06 11:36:37.656,1.36007,1.36032,1.50,1.35
2011.05.06 11:36:38.208,1.36007,1.36034,2.10,1.50
2011.05.06 11:36:38.649,1.36007,1.36032,2.10,1.50
2011.05.06 11:36:40.639,1.36007,1.36027,1.50,1.50
2011.05.06 11:36:41.079,1.36001,1.36026,1.50,1.35
2011.05.06 11:36:42.488,1.36001,1.36026,1.50,1.35
2011.05.06 11:36:43.148,1.36001,1.36026,1.50,1.35
2011.05.06 11:36:43.792,1.36006,1.36029,1.35,3.15
2011.05.06 11:36:44.128,1.36006,1.36033,2.10,1.50
2011.05.06 11:36:44.259,1.36006,1.36033,2.10,1.50
2011.05.06 11:36:45.579,1.36006,1.36029,1.50,1.50
2011.05.06 11:36:46.128,1.36006,1.36029,1.50,1.50
2011.05.06 11:36:47.120,1.36008,1.3603,1.35,1.50
2011.05.06 11:36:47.230,1.36008,1.36031,1.35,2.40
2011.05.06 11:36:47.448,1.36011,1.36036,1.35,1.50
2011.05.06 11:36:49.476,1.36011,1.36036,1.35,1.50
2011.05.06 11:36:49.819,1.36015,1.36041,1.50,1.35
2011.05.06 11:36:50.264,1.36012,1.36026,1.50,1.50
2011.05.06 11:36:50.385,1.3601,1.36029,1.13,1.35
2011.05.06 11:36:50.609,1.3601,1.36032,1.13,1.35
2011.05.06 11:36:52.938,1.36005,1.36031,1.50,1.50
2011.05.06 11:36:53.489,1.36009,1.36033,1.13,1.50
2011.05.06 11:36:54.036,1.36008,1.36029,1.13,1.50
2011.05.06 11:36:54.156,1.36008,1.36032,1.13,1.50
2011.05.06 11:36:55.330,1.36005,1.36032,1.50,1.50
2011.05.06 11:36:55.549,1.36005,1.36035,1.50,3.00
2011.05.06 11:36:55.878,1.36008,1.36036,1.50,1.35
2011.05.06 11:36:57.458,1.36008,1.36039,1.50,2.10
2011.05.06 11:36:58.289,1.36008,1.36039,3.00,2.10
2011.05.06 11:36:58.617,1.36013,1.36039,1.13,1.50
2011.05.06 11:36:59.650,1.36012,1.36036,1.13,1.50
2011.05.06 11:36:59.869,1.36013,1.3604,1.13,1.50
2011.05.06 11:37:00.087,1.36013,1.3604,1.13,1.50
2011.05.06 11:37:01.105,1.36013,1.36036,1.13,1.50
2011.05.06 11:37:01.670,1.36013,1.3604,1.13,2.10
2011.05.06 11:37:02.219,1.36013,1.36037,1.13,1.50
2011.05.06 11:37:02.786,1.36012,1.3604,1.13,2.10
2011.05.06 11:37:03.338,1.36012,1.3604,1.13,2.10
2011.05.06 11:37:04.479,1.36013,1.3604,1.50,2.10
2011.05.06 11:37:09.619,1.36013,1.36039,1.88,1.50
2011.05.06 11:37:09.839,1.36013,1.3604,1.88,2.10
2011.05.06 11:37:11.427,1.36013,1.3604,1.50,2.10
2011.05.06 11:37:11.647,1.36013,1.3604,1.50,2.10
2011.05.06 11:37:13.409,1.36013,1.3604,1.50,2.10
2011.05.06 11:37:13.737,1.36013,1.3604,1.50,2.10
2011.05.06 11:37:14.196,1.36013,1.3604,1.50,2.10
2011.05.06 11:37:14.418,1.36013,1.3604,1.50,2.10
2011.05.06 11:37:15.188,1.36013,1.3604,1.50,2.10
2011.05.06 11:37:18.068,1.36013,1.3604,1.50,2.10
2011.05.06 11:37:18.708,1.36012,1.3604,1.88,2.10
2011.05.06 11:37:19.258,1.36013,1.3604,1.50,2.10
2011.05.06 11:37:20.032,1.36019,1.36046,1.13,2.40
2011.05.06 11:37:20.258,1.36023,1.36047,1.13,2.10
2011.05.06 11:37:20.480,1.36022,1.36047,1.13,4.88
2011.05.06 11:37:21.027,1.36021,1.36047,1.13,2.10
2011.05.06 11:37:22.037,1.36022,1.36047,1.13,2.10
2011.05.06 11:37:22.479,1.36019,1.36047,1.88,2.10
2011.05.06 11:37:22.808,1.36017,1.36042,1.35,3.15
2011.05.06 11:37:23.378,1.36014,1.36041,1.50,2.10
2011.05.06 11:37:23.488,1.36014,1.36041,1.50,2.10
2011.05.06 11:37:23.927,1.36014,1.36041,3.00,2.10
2011.05.06 11:37:25.068,1.36014,1.36041,1.50,2.85
2011.05.06 11:37:25.180,1.36013,1.36041,3.00,2.85
2011.05.06 11:37:25.290,1.36014,1.36034,2.25,2.10
2011.05.06 11:37:25.399,1.36009,1.36034,1.50,2.10
2011.05.06 11:37:25.949,1.3601,1.36037,1.50,1.50
2011.05.06 11:37:27.087,1.3601,1.36037,1.50,2.25
2011.05.06 11:37:28.557,1.3601,1.36037,1.50,1.50
2011.05.06 11:37:29.146,1.36012,1.36037,1.50,1.50
2011.05.06 11:37:29.266,1.36012,1.3604,1.50,1.50
2011.05.06 11:37:29.709,1.36012,1.3604,1.50,1.50
2011.05.06 11:37:30.258,1.36012,1.3604,1.50,1.50
2011.05.06 11:37:31.388,1.36015,1.3604,1.13,1.50
2011.05.06 11:37:32.968,1.36015,1.3604,1.13,1.50
2011.05.06 11:37:41.618,1.36015,1.3604,1.13,1.50
2011.05.06 11:37:41.947,1.36015,1.3604,1.13,1.50
2011.05.06 11:37:42.280,1.36015,1.36039,1.13,1.35
2011.05.06 11:37:42.391,1.36015,1.36042,1.13,1.50
2011.05.06 11:37:42.609,1.36016,1.36042,1.50,1.50
2011.05.06 11:37:43.268,1.36016,1.36043,1.50,1.50
2011.05.06 11:37:43.489,1.36017,1.36043,1.50,1.50
2011.05.06 11:37:44.266,1.36017,1.36042,3.15,1.50
2011.05.06 11:37:45.149,1.36017,1.36042,2.40,1.50
2011.05.06 11:37:47.299,1.36019,1.36043,1.35,1.50
2011.05.06 11:37:47.520,1.36018,1.36042,2.40,1.50
2011.05.06 11:37:47.739,1.36018,1.36045,2.25,1.35
2011.05.06 11:37:47.958,1.3602,1.36046,1.50,1.50
2011.05.06 11:37:49.428,1.36018,1.36046,2.85,1.50
2011.05.06 11:37:49.809,1.36019,1.36046,1.50,1.50
2011.05.06 11:37:51.550,1.3602,1.36046,1.50,1.50
2011.05.06 11:37:51.991,1.36019,1.36046,1.13,1.50
2011.05.06 11:37:52.209,1.3602,1.36046,1.13,1.50
2011.05.06 11:37:53.489,1.3602,1.36046,1.88,1.50
2011.05.06 11:37:53.712,1.36019,1.36046,1.88,1.50
2011.05.06 11:37:54.047,1.3602,1.36046,1.13,1.50
2011.05.06 11:37:54.600,1.3602,1.36046,1.13,1.50
2011.05.06 11:37:55.147,1.3602,1.36046,1.13,2.25
2011.05.06 11:37:57.805,1.36017,1.36042,1.13,1.35
2011.05.06 11:37:59.078,1.36017,1.36042,1.13,1.35
2011.05.06 11:37:59.709,1.3602,1.36043,1.13,2.25
2011.05.06 11:38:01.408,1.36022,1.36049,1.50,1.50
2011.05.06 11:38:01.848,1.36024,1.36053,1.35,3.90
2011.05.06 11:38:05.741,1.36024,1.36051,1.35,1.50
2011.05.06 11:38:06.433,1.36024,1.36051,1.35,1.50
2011.05.06 11:38:06.992,1.36024,1.36053,1.35,3.90
2011.05.06 11:38:10.488,1.36024,1.36053,1.35,2.25
2011.05.06 11:38:11.037,1.36024,1.36052,1.35,3.15
2011.05.06 11:38:11.669,1.36024,1.36052,1.35,3.15
2011.05.06 11:38:12.045,1.36025,1.36052,1.50,3.15
2011.05.06 11:38:12.166,1.36028,1.36053,1.35,1.50
2011.05.06 11:38:14.909,1.3603,1.36057,1.35,1.50
2011.05.06 11:38:15.349,1.3603,1.36057,1.35,1.50
2011.05.06 11:38:15.458,1.3603,1.36057,1.35,2.25
2011.05.06 11:38:15.789,1.3603,1.36057,1.35,1.50
2011.05.06 11:38:16.009,1.3603,1.36057,1.35,1.50
2011.05.06 11:38:16.668,1.3603,1.36057,1.35,1.50
2011.05.06 11:38:20.028,1.3603,1.36057,1.35,1.50
2011.05.06 11:38:23.188,1.3603,1.36057,1.35,1.50
2011.05.06 11:38:23.737,1.3603,1.36057,1.35,1.50
2011.05.06 11:38:33.479,1.3603,1.36057,1.35,1.50
2011.05.06 11:38:46.519,1.3603,1.36057,1.35,1.50
2011.05.06 11:38:57.149,1.3603,1.36057,1.35,1.50
2011.05.06 11:38:57.258,1.3603,1.36057,1.35,1.50
2011.05.06 11:39:03.018,1.3603,1.36057,2.10,1.50
2011.05.06 11:39:03.238,1.3603,1.36057,1.35,1.50
2011.05.06 11:39:05.399,1.36034,1.36062,2.25,2.10
2011.05.06 11:39:05.949,1.36035,1.36062,1.50,2.10
2011.05.06 11:39:06.949,1.36034,1.36062,1.50,2.10
2011.05.06 11:39:07.499,1.36034,1.36062,2.25,2.10
2011.05.06 11:39:09.558,1.36034,1.36062,2.25,2.10
2011.05.06 11:39:10.109,1.36035,1.36062,1.50,2.10
2011.05.06 11:39:10.330,1.36037,1.36065,2.25,1.50
2011.05.06 11:39:10.440,1.36038,1.36065,2.25,1.50
2011.05.06 11:39:10.954,1.36038,1.36066,3.15,1.50
2011.05.06 11:39:11.508,1.36038,1.36066,3.15,1.50
2011.05.06 11:39:13.698,1.36038,1.36066,1.50,1.50
2011.05.06 11:39:15.049,1.36039,1.36066,1.50,1.50
2011.05.06 11:39:15.379,1.36041,1.36067,1.50,1.35
2011.05.06 11:39:15.601,1.3604,1.36061,1.50,1.50
2011.05.06 11:39:15.712,1.36035,1.36061,1.35,1.50
2011.05.06 11:39:16.268,1.36035,1.36061,1.35,1.50
2011.05.06 11:39:17.579,1.36033,1.3606,1.50,3.15
2011.05.06 11:39:18.548,1.36033,1.36058,1.50,1.50
2011.05.06 11:39:21.538,1.36033,1.36059,1.50,2.40
2011.05.06 11:39:21.762,1.36033,1.36054,1.50,2.10
2011.05.06 11:39:21.880,1.36029,1.36054,1.50,2.10
2011.05.06 11:39:21.990,1.36032,1.36055,1.50,1.65
2011.05.06 11:39:22.101,1.36032,1.36059,1.50,1.50
2011.05.06 11:39:22.209,1.36032,1.3606,3.53,1.50
2011.05.06 11:39:22.430,1.36033,1.3606,1.50,1.50
2011.05.06 11:39:24.538,1.36033,1.3606,1.50,2.25
2011.05.06 11:39:25.711,1.36033,1.3606,1.50,2.25
2011.05.06 11:39:28.949,1.36033,1.3606,1.50,1.50
2011.05.06 11:39:29.168,1.36033,1.3606,1.50,1.50
2011.05.06 11:39:29.608,1.36037,1.3606,2.10,1.50
2011.05.06 11:39:29.938,1.3604,1.3606,1.35,1.50
2011.05.06 11:39:30.488,1.36041,1.36065,1.35,1.50
2011.05.06 11:39:33.779,1.36037,1.36065,2.85,1.50
2011.05.06 11:39:33.999,1.36041,1.36065,1.35,1.50
2011.05.06 11:39:38.891,1.36037,1.36065,3.60,1.50
2011.05.06 11:39:39.220,1.36042,1.3607,1.50,1.50
2011.05.06 11:39:40.429,1.36044,1.3607,2.85,1.50
2011.05.06 11:39:40.983,1.36044,1.3607,2.10,1.50
2011.05.06 11:39:46.538,1.36044,1.3607,2.10,1.50
2011.05.06 11:39:46.759,1.36044,1.3607,2.85,1.50
2011.05.06 11:39:47.360,1.36048,1.36075,1.35,1.50
2011.05.06 11:39:49.950,1.36048,1.36075,1.35,1.50
2011.05.06 11:39:50.818,1.36046,1.36074,1.50,2.40
2011.05.06 11:39:53.208,1.36046,1.36072,1.50,2.40
2011.05.06 11:39:55.338,1.36049,1.36072,1.35,2.40
2011.05.06 11:39:55.888,1.36049,1.36076,1.35,3.90
2011.05.06 11:39:59.958,1.36049,1.36076,1.35,3.90
2011.05.06 11:40:01.729,1.36049,1.36076,1.35,3.90
2011.05.06 11:40:02.058,1.36049,1.36076,1.35,1.50
2011.05.06 11:40:02.609,1.36049,1.36076,1.35,2.25
2011.05.06 11:40:05.947,1.36046,1.36074,2.10,1.50
2011.05.06 11:40:06.281,1.36046,1.36074,2.10,1.50
2011.05.06 11:40:06.499,1.36046,1.36076,2.10,3.75
2011.05.06 11:40:08.079,1.36042,1.3607,2.25,1.35
2011.05.06 11:40:10.298,1.36042,1.3607,1.50,1.35
2011.05.06 11:40:10.519,1.36042,1.3607,1.50,1.35
2011.05.06 11:40:11.398,1.36042,1.3607,1.50,1.35
2011.05.06 11:40:24.919,1.36045,1.36072,1.50,3.15
2011.05.06 11:40:25.031,1.36044,1.36072,1.35,1.50
2011.05.06 11:40:25.140,1.36047,1.36075,1.50,1.50
2011.05.06 11:40:25.468,1.36047,1.36075,1.50,1.50
2011.05.06 11:40:30.399,1.36047,1.36075,1.50,1.50
2011.05.06 11:40:30.619,1.36047,1.36075,1.50,1.50
2011.05.06 11:40:30.838,1.36047,1.36075,1.50,1.50
2011.05.06 11:40:31.640,1.36048,1.36075,1.50,1.50
2011.05.06 11:40:31.970,1.36054,1.36075,1.35,1.50
2011.05.06 11:40:32.408,1.36048,1.36075,2.10,1.50
2011.05.06 11:40:32.518,1.36048,1.36075,1.35,1.50
2011.05.06 11:40:35.569,1.36046,1.36072,1.35,1.50
2011.05.06 11:40:36.318,1.36046,1.36072,1.35,1.50
2011.05.06 11:40:37.748,1.36044,1.36072,1.50,1.50
2011.05.06 11:40:39.929,1.36044,1.36071,1.50,2.40
2011.05.06 11:40:40.258,1.36044,1.36072,1.50,1.50
2011.05.06 11:40:40.588,1.36044,1.36072,1.50,1.50
2011.05.06 11:40:43.421,1.36044,1.36072,1.50,1.50
2011.05.06 11:40:43.979,1.36044,1.36072,1.50,1.50
2011.05.06 11:40:44.199,1.36046,1.36072,1.35,1.50
2011.05.06 11:40:44.308,1.36048,1.36075,1.50,3.15
2011.05.06 11:40:44.778,1.36048,1.36073,1.50,1.50
2011.05.06 11:40:45.112,1.36048,1.36067,1.50,3.15
2011.05.06 11:40:45.672,1.36048,1.36074,1.50,3.53
2011.05.06 11:40:45.790,1.36051,1.36076,1.50,4.13
2011.05.06 11:40:45.898,1.36051,1.36076,1.50,3.38
2011.05.06 11:40:49.599,1.36051,1.36076,1.50,2.10
2011.05.06 11:40:50.039,1.36051,1.36072,1.50,2.40
2011.05.06 11:40:50.367,1.36051,1.36072,1.50,3.15
2011.05.06 11:40:50.810,1.36051,1.36072,1.50,2.40
2011.05.06 11:40:51.137,1.36051,1.36074,1.50,1.50
2011.05.06 11:40:54.018,1.36041,1.36074,4.28,1.50
2011.05.06 11:40:54.588,1.36053,1.36067,1.50,1.58
2011.05.06 11:40:54.700,1.36053,1.36066,2.10,1.96
2011.05.06 11:40:54.918,1.36053,1.36079,1.35,3.15
2011.05.06 11:40:56.740,1.36055,1.36079,2.10,1.50
2011.05.06 11:40:57.493,1.36055,1.36079,2.10,1.50
2011.05.06 11:40:58.269,1.36058,1.36085,1.35,1.50
2011.05.06 11:41:00.498,1.36058,1.36085,1.35,1.50
2011.05.06 11:41:02.290,1.36058,1.36085,1.35,1.50
2011.05.06 11:41:02.839,1.36058,1.36085,1.35,3.90
2011.05.06 11:41:07.568,1.36058,1.36085,1.35,1.50
2011.05.06 11:41:07.678,1.36058,1.36086,2.10,3.15
2011.05.06 11:41:08.230,1.36058,1.36086,2.85,3.15
2011.05.06 11:41:08.559,1.36058,1.36085,2.85,1.50
2011.05.06 11:41:08.780,1.36058,1.36086,2.10,2.40
2011.05.06 11:41:08.998,1.36058,1.36086,2.10,3.15
2011.05.06 11:41:10.249,1.36058,1.3608,2.10,1.50
2011.05.06 11:41:10.579,1.36053,1.3608,2.25,1.35
2011.05.06 11:41:10.799,1.36055,1.36083,4.13,1.50
2011.05.06 11:41:11.345,1.36057,1.36083,3.53,1.50
2011.05.06 11:41:11.679,1.36058,1.36083,2.40,1.50
2011.05.06 11:41:12.254,1.36058,1.36085,3.15,1.35
2011.05.06 11:41:14.189,1.36059,1.36086,1.35,1.50
2011.05.06 11:41:16.075,1.36059,1.36086,1.35,1.50
2011.05.06 11:41:17.878,1.36059,1.36086,1.35,1.50
2011.05.06 11:41:20.158,1.36059,1.36086,1.35,1.50
2011.05.06 11:41:26.379,1.36059,1.36086,1.35,1.50
2011.05.06 11:41:29.318,1.36059,1.36077,1.35,1.50
2011.05.06 11:41:29.648,1.36059,1.36076,1.35,1.50
2011.05.06 11:41:29.868,1.36059,1.36076,2.10,1.50
2011.05.06 11:41:35.820,1.3606,1.36076,1.35,1.50
2011.05.06 11:41:36.148,1.36065,1.36077,1.50,1.50
2011.05.06 11:41:36.478,1.36065,1.36085,4.88,1.50
2011.05.06 11:41:36.589,1.36065,1.36091,4.88,1.50
2011.05.06 11:41:40.881,1.36066,1.36091,1.35,1.50
2011.05.06 11:41:41.428,1.36068,1.36096,1.35,1.50
2011.05.06 11:41:41.979,1.36068,1.36096,1.35,1.50
2011.05.06 11:41:42.529,1.36068,1.36096,1.35,1.50
2011.05.06 11:41:44.618,1.36068,1.36096,1.35,1.50
2011.05.06 11:41:45.280,1.36065,1.36092,3.38,1.50
2011.05.06 11:41:46.699,1.36063,1.36092,1.88,1.50
2011.05.06 11:41:46.817,1.36062,1.36092,1.88,1.50
2011.05.06 11:41:47.639,1.36062,1.36092,1.88,1.50
2011.05.06 11:41:47.859,1.36063,1.36092,1.13,1.50
2011.05.06 11:41:48.189,1.36063,1.36092,1.13,1.50
2011.05.06 11:41:51.949,1.36064,1.36092,1.35,1.50
2011.05.06 11:41:52.059,1.36064,1.36092,1.35,1.50
2011.05.06 11:41:52.389,1.36064,1.36092,1.35,1.50
2011.05.06 11:41:52.829,1.36064,1.36092,1.35,1.50
2011.05.06 11:41:54.528,1.36064,1.36092,1.35,1.50
2011.05.06 11:41:54.859,1.36071,1.36099,3.38,1.50
2011.05.06 11:41:54.968,1.36071,1.36099,3.38,1.50
2011.05.06 11:41:55.078,1.36071,1.36099,3.38,1.50
2011.05.06 11:41:55.961,1.3607,1.36097,2.85,1.50
2011.05.06 11:41:56.288,1.36075,1.36097,2.10,1.50
2011.05.06 11:41:56.950,1.36075,1.36097,2.10,1.50
2011.05.06 11:41:57.940,1.3607,1.36097,1.35,1.50
2011.05.06 11:41:58.378,1.3607,1.36097,1.35,1.50
2011.05.06 11:41:59.369,1.36073,1.36101,4.88,1.50
2011.05.06 11:41:59.809,1.36073,1.36101,2.10,1.50
2011.05.06 11:42:00.139,1.36073,1.36092,2.10,1.50
2011.05.06 11:42:00.649,1.36073,1.36086,1.35,1.50
2011.05.06 11:42:00.990,1.36076,1.36086,1.50,1.50
2011.05.06 11:42:03.295,1.36076,1.36086,1.50,1.50
2011.05.06 11:42:04.289,1.36077,1.36086,1.35,1.50
2011.05.06 11:42:04.960,1.36075,1.36086,2.10,1.50
2011.05.06 11:42:05.289,1.36078,1.36087,1.35,1.50
2011.05.06 11:42:05.838,1.36079,1.36087,2.10,1.50
2011.05.06 11:42:07.089,1.36078,1.36107,2.40,1.50
2011.05.06 11:42:07.199,1.36079,1.36107,1.50,1.50
2011.05.06 11:42:07.639,1.36079,1.36107,1.50,1.50
2011.05.06 11:42:08.631,1.36085,1.36112,1.50,3.15
2011.05.06 11:42:08.852,1.36082,1.36108,1.50,1.50
2011.05.06 11:42:08.970,1.3608,1.36104,1.13,1.35
2011.05.06 11:42:09.190,1.3608,1.36105,1.13,1.35
2011.05.06 11:42:09.738,1.36081,1.36104,1.13,1.35
2011.05.06 11:42:12.969,1.3608,1.36104,1.13,1.35
2011.05.06 11:42:15.549,1.36081,1.36108,1.13,1.50
2011.05.06 11:42:18.270,1.36081,1.36108,1.50,1.50
2011.05.06 11:42:18.601,1.36091,1.36117,1.13,1.35
2011.05.06 11:42:19.123,1.36087,1.36117,2.25,1.35
2011.05.06 11:42:21.339,1.36087,1.36115,2.25,1.50
2011.05.06 11:42:28.529,1.36087,1.36115,1.50,1.50
2011.05.06 11:42:29.079,1.36087,1.36112,1.50,1.50
2011.05.06 11:42:29.408,1.36087,1.36112,1.50,1.50
2011.05.06 11:42:30.989,1.36087,1.36112,1.50,1.50
2011.05.06 11:42:31.209,1.36085,1.36111,1.35,1.50
2011.05.06 11:42:31.649,1.36077,1.36105,1.35,2.40
2011.05.06 11:42:31.869,1.36077,1.36105,1.35,2.40
2011.05.06 11:42:32.089,1.36077,1.36103,1.35,1.50
2011.05.06 11:42:33.739,1.36077,1.36103,1.35,1.50
2011.05.06 11:42:35.409,1.36077,1.36106,1.35,1.50
2011.05.06 11:42:37.728,1.36077,1.36106,1.35,1.50
2011.05.06 11:42:38.089,1.36077,1.36106,1.35,1.50
2011.05.06 11:42:38.418,1.36077,1.36106,1.35,1.50
2011.05.06 11:42:39.989,1.36077,1.36105,1.35,1.50
2011.05.06 11:42:40.868,1.36075,1.36102,1.50,1.35
2011.05.06 11:42:40.978,1.36075,1.36102,1.50,1.35
2011.05.06 11:42:42.128,1.36076,1.36103,1.35,1.50
2011.05.06 11:42:42.940,1.36074,1.361,1.35,1.50
2011.05.06 11:42:45.261,1.36076,1.36098,1.35,1.50
2011.05.06 11:42:45.588,1.36075,1.36098,1.35,1.50
2011.05.06 11:42:46.629,1.36076,1.36098,1.35,1.50
2011.05.06 11:42:47.177,1.36076,1.36098,1.35,1.50
2011.05.06 11:42:50.290,1.36072,1.36098,1.50,1.50
2011.05.06 11:42:54.275,1.36079,1.36101,2.10,3.15
2011.05.06 11:42:54.396,1.36083,1.36106,1.35,1.50
2011.05.06 11:42:54.509,1.36079,1.36106,3.75,1.50
2011.05.06 11:42:54.940,1.36079,1.36106,1.65,2.10
2011.05.06 11:42:55.269,1.36076,1.36105,1.50,1.35
2011.05.06 11:42:55.713,1.36084,1.36106,2.10,1.50
2011.05.06 11:42:55.940,1.36087,1.36109,1.35,1.50
2011.05.06 11:42:56.271,1.36084,1.36109,4.50,1.50
2011.05.06 11:42:56.488,1.36088,1.36112,1.35,1.50
2011.05.06 11:42:56.710,1.36088,1.36112,2.10,1.50
2011.05.06 11:42:57.038,1.36087,1.36112,1.35,1.50
2011.05.06 11:42:57.699,1.36088,1.36112,1.35,1.50
2011.05.06 11:42:58.439,1.36086,1.36112,3.00,1.50
2011.05.06 11:42:58.549,1.36086,1.36108,1.65,1.50
2011.05.06 11:42:58.661,1.36082,1.36108,1.50,1.50
2011.05.06 11:42:59.208,1.3608,1.36108,2.10,1.50
2011.05.06 11:42:59.429,1.36082,1.36108,1.50,1.50
2011.05.06 11:42:59.979,1.36082,1.36108,1.50,1.50
2011.05.06 11:43:00.088,1.36081,1.36108,1.35,1.50
2011.05.06 11:43:00.610,1.3608,1.36108,2.10,1.50
2011.05.06 11:43:00.942,1.36085,1.36108,1.35,1.50
2011.05.06 11:43:01.279,1.36086,1.36108,2.40,1.50
2011.05.06 11:43:01.939,1.36086,1.36113,1.50,1.50
2011.05.06 11:43:04.639,1.36086,1.36113,1.50,1.50
2011.05.06 11:43:05.188,1.36086,1.36113,1.50,1.50
2011.05.06 11:43:05.299,1.36086,1.36113,1.50,1.50
2011.05.06 11:43:05.674,1.36088,1.36116,1.50,4.28
2011.05.06 11:43:07.561,1.3609,1.36115,2.10,1.50
2011.05.06 11:43:07.889,1.3609,1.36113,1.35,3.53
2011.05.06 11:43:07.999,1.36094,1.36117,1.50,3.90
2011.05.06 11:43:08.221,1.36099,1.36121,2.85,1.50
2011.05.06 11:43:08.661,1.36097,1.36126,2.25,1.50
2011.05.06 11:43:08.781,1.36097,1.36114,1.50,1.50
2011.05.06 11:43:09.219,1.36088,1.36112,1.50,1.35
2011.05.06 11:43:10.748,1.36088,1.36112,1.50,1.35
2011.05.06 11:43:12.479,1.36087,1.36112,1.50,1.35
2011.05.06 11:43:14.288,1.36086,1.36112,2.25,1.35
2011.05.06 11:43:16.041,1.36085,1.36112,1.50,2.10
2011.05.06 11:43:16.478,1.36082,1.36111,1.35,1.50
2011.05.06 11:43:16.818,1.36082,1.36108,1.35,1.50
2011.05.06 11:43:19.540,1.36079,1.36107,2.40,1.35
2011.05.06 11:43:19.649,1.36078,1.36105,1.50,1.50
2011.05.06 11:43:19.758,1.36077,1.36105,1.50,1.50
2011.05.06 11:43:20.530,1.36076,1.36105,1.50,1.50
2011.05.06 11:43:21.198,1.36075,1.36105,2.85,1.50
2011.05.06 11:43:21.998,1.36075,1.36105,2.85,1.50
2011.05.06 11:43:22.108,1.36075,1.36105,2.85,1.50
2011.05.06 11:43:23.042,1.36081,1.36105,1.35,1.50
2011.05.06 11:43:23.480,1.36078,1.36107,1.50,1.35
2011.05.06 11:43:23.590,1.36078,1.36107,1.50,1.35
2011.05.06 11:43:24.131,1.3608,1.36107,1.50,1.35
2011.05.06 11:43:27.500,1.36086,1.36108,1.35,1.50
2011.05.06 11:43:27.939,1.36086,1.36112,1.35,1.50
2011.05.06 11:43:28.268,1.36086,1.36112,1.35,1.50
2011.05.06 11:43:29.038,1.36085,1.36112,1.35,1.50
2011.05.06 11:43:29.370,1.36079,1.36109,2.10,2.10
2011.05.06 11:43:29.810,1.36082,1.36109,1.50,2.10
2011.05.06 11:43:30.028,1.3608,1.36109,2.40,2.10
2011.05.06 11:43:30.249,1.36079,1.36109,2.10,3.75
2011.05.06 11:43:30.801,1.36079,1.36109,2.10,3.75
2011.05.06 11:43:31.238,1.36079,1.36109,2.10,3.75
2011.05.06 11:43:31.680,1.36079,1.36108,2.10,2.40
2011.05.06 11:43:32.194,1.36078,1.36105,1.35,1.50
2011.05.06 11:43:32.310,1.36078,1.36105,1.35,1.50
2011.05.06 11:43:32.947,1.36078,1.36105,1.35,1.50
2011.05.06 11:43:35.308,1.36078,1.36105,1.35,1.50
2011.05.06 11:43:35.640,1.36078,1.36105,1.35,1.50
2011.05.06 11:43:35.749,1.36078,1.36105,1.35,1.50
2011.05.06 11:43:37.751,1.36078,1.36105,1.35,1.50
2011.05.06 11:43:37.860,1.36077,1.36102,1.50,1.35
2011.05.06 11:43:38.078,1.36072,1.361,1.35,1.50
2011.05.06 11:43:38.629,1.36072,1.361,1.35,1.50
2011.05.06 11:43:38.740,1.36072,1.361,1.35,1.50
2011.05.06 11:43:38.851,1.36073,1.361,3.15,1.50
2011.05.06 11:43:39.523,1.36074,1.36098,2.25,1.50
2011.05.06 11:43:39.863,1.36061,1.36088,1.35,1.50
2011.05.06 11:43:40.091,1.36062,1.36088,1.50,1.50
2011.05.06 11:43:40.202,1.36065,1.36088,1.35,1.50
2011.05.06 11:43:40.431,1.36065,1.3609,1.50,1.35
2011.05.06 11:43:40.979,1.36065,1.36096,1.35,2.85
2011.05.06 11:43:41.310,1.36066,1.36095,2.10,1.50
2011.05.06 11:43:41.750,1.36065,1.36091,1.35,1.50
2011.05.06 11:43:41.859,1.36065,1.36091,1.35,1.50
2011.05.06 11:43:42.079,1.36065,1.36091,1.35,1.50
2011.05.06 11:43:42.711,1.36065,1.36091,1.35,1.50
2011.05.06 11:43:43.259,1.36065,1.36091,1.35,1.50
2011.05.06 11:43:43.481,1.36066,1.36091,1.35,1.50
2011.05.06 11:43:43.589,1.36066,1.36096,1.35,1.35
2011.05.06 11:43:43.700,1.36069,1.36098,1.35,1.50
2011.05.06 11:43:44.250,1.36069,1.36093,1.35,1.50
2011.05.06 11:43:44.581,1.3606,1.3609,1.35,1.35
2011.05.06 11:43:45.788,1.3606,1.36086,2.10,1.50
2011.05.06 11:43:46.339,1.36061,1.36086,1.35,1.50
2011.05.06 11:43:46.889,1.36063,1.36087,1.35,1.50
2011.05.06 11:43:47.438,1.3606,1.36086,3.60,1.50
2011.05.06 11:43:48.021,1.3606,1.36086,2.85,1.50
2011.05.06 11:43:50.340,1.3606,1.36086,3.60,1.50
2011.05.06 11:43:50.778,1.36064,1.36089,2.85,3.90
2011.05.06 11:43:51.109,1.36064,1.36091,2.85,2.25
2011.05.06 11:43:51.660,1.36064,1.36086,2.25,1.35
2011.05.06 11:43:51.989,1.36064,1.3609,2.25,1.50
2011.05.06 11:43:53.309,1.36064,1.36091,2.25,1.50
2011.05.06 11:43:55.266,1.36069,1.36092,1.35,1.50
2011.05.06 11:43:55.601,1.36069,1.36093,1.35,1.50
2011.05.06 11:43:55.720,1.36069,1.36093,1.35,1.50
2011.05.06 11:43:55.944,1.36069,1.36093,1.35,2.25
2011.05.06 11:43:56.280,1.36069,1.36095,1.35,1.50
2011.05.06 11:43:57.051,1.36066,1.36091,1.50,1.50
2011.05.06 11:43:57.380,1.36068,1.36093,1.35,1.50
2011.05.06 11:43:57.929,1.36064,1.36091,4.13,1.50
2011.05.06 11:43:58.259,1.36063,1.36085,2.25,1.65
2011.05.06 11:43:58.592,1.36063,1.36085,2.25,1.65
2011.05.06 11:43:58.702,1.36063,1.3609,3.00,1.35
2011.05.06 11:43:59.519,1.36063,1.36087,2.25,1.35
2011.05.06 11:44:01.988,1.36063,1.36087,2.25,1.35
2011.05.06 11:44:02.541,1.36064,1.36085,2.25,2.40
2011.05.06 11:44:02.874,1.36063,1.36083,2.25,2.40
2011.05.06 11:44:03.210,1.36063,1.36084,2.25,2.40
2011.05.06 11:44:03.650,1.36063,1.36084,2.25,2.40
2011.05.06 11:44:06.005,1.36064,1.36087,2.25,1.35
2011.05.06 11:44:06.231,1.36064,1.36087,2.25,1.35
2011.05.06 11:44:06.451,1.36064,1.36086,2.25,1.50
2011.05.06 11:44:06.780,1.36064,1.36076,2.25,1.50
2011.05.06 11:44:07.109,1.36064,1.36081,2.25,2.10
2011.05.06 11:44:07.331,1.36064,1.36081,2.25,2.10
2011.05.06 11:44:08.760,1.36064,1.36079,2.25,1.50
2011.05.06 11:44:09.330,1.36063,1.36079,2.25,1.50
2011.05.06 11:44:09.549,1.36064,1.36079,1.50,1.50
2011.05.06 11:44:09.773,1.36063,1.36073,2.10,2.10
2011.05.06 11:44:10.109,1.36063,1.36073,1.69,3.00
2011.05.06 11:44:10.439,1.36063,1.36071,1.56,1.50
2011.05.06 11:44:10.551,1.36064,1.36073,1.56,3.00
2011.05.06 11:44:10.772,1.36064,1.36074,1.56,1.35
2011.05.06 11:44:10.881,1.36064,1.36079,1.56,3.15
2011.05.06 11:44:10.990,1.36064,1.36074,1.56,1.35
2011.05.06 11:44:11.101,1.36062,1.36072,1.26,1.65
2011.05.06 11:44:11.210,1.3606,1.36066,1.26,3.00
2011.05.06 11:44:11.320,1.36045,1.36065,1.50,3.15
2011.05.06 11:44:11.540,1.36044,1.36063,2.25,1.50
2011.05.06 11:44:12.090,1.3604,1.36063,1.50,3.15
2011.05.06 11:44:12.419,1.3604,1.36063,1.50,1.50
2011.05.06 11:44:12.864,1.3604,1.36065,1.50,3.15
2011.05.06 11:44:12.980,1.3604,1.36064,1.50,1.50
2011.05.06 11:44:13.089,1.3604,1.36063,1.50,1.50
2011.05.06 11:44:13.419,1.3604,1.36063,1.50,1.50
2011.05.06 11:44:13.638,1.3604,1.36064,1.50,1.50
2011.05.06 11:44:13.859,1.3604,1.36064,1.50,1.50
2011.05.06 11:44:14.410,1.3604,1.36065,1.50,3.15
2011.05.06 11:44:15.919,1.3604,1.36062,1.50,1.50
2011.05.06 11:44:16.360,1.3604,1.36056,1.50,1.35
2011.05.06 11:44:16.581,1.36029,1.36053,4.28,1.50
2011.05.06 11:44:16.803,1.3603,1.36056,1.50,1.50
2011.05.06 11:44:17.553,1.36032,1.36057,1.50,3.53
2011.05.06 11:44:17.891,1.36026,1.36051,1.50,1.35
2011.05.06 11:44:18.000,1.36024,1.36051,1.50,3.00
2011.05.06 11:44:18.425,1.36021,1.36051,1.50,5.78
2011.05.06 11:44:18.871,1.36021,1.3605,1.50,4.28
2011.05.06 11:44:19.202,1.3602,1.36037,1.50,2.10
2011.05.06 11:44:19.431,1.36014,1.36037,2.40,1.35
2011.05.06 11:44:19.542,1.3602,1.36043,1.35,1.50
2011.05.06 11:44:19.664,1.3602,1.36046,1.35,1.50
2011.05.06 11:44:19.894,1.36025,1.3605,2.10,1.50
2011.05.06 11:44:20.333,1.36023,1.3605,1.50,2.25
2011.05.06 11:44:20.454,1.36024,1.3605,2.10,1.50
2011.05.06 11:44:20.680,1.36023,1.3605,1.50,1.50
2011.05.06 11:44:20.792,1.36023,1.3605,1.50,1.50
2011.05.06 11:44:20.911,1.36023,1.36046,1.50,1.50
2011.05.06 11:44:21.468,1.36019,1.36046,1.35,1.50
2011.05.06 11:44:21.804,1.36024,1.36051,1.50,1.35
2011.05.06 11:44:22.031,1.36037,1.3606,1.35,1.50
2011.05.06 11:44:22.141,1.36037,1.36059,1.35,1.50
2011.05.06 11:44:22.471,1.36026,1.36046,1.50,1.65
2011.05.06 11:44:23.029,1.36027,1.36047,1.50,1.35
2011.05.06 11:44:23.508,1.36043,1.36066,1.35,1.50
2011.05.06 11:44:23.844,1.36036,1.36059,1.35,1.50
2011.05.06 11:44:23.961,1.36031,1.36052,1.50,1.35
2011.05.06 11:44:24.183,1.36034,1.36049,1.35,1.65
2011.05.06 11:44:24.411,1.36034,1.36057,1.35,3.53
2011.05.06 11:44:24.520,1.36034,1.36057,1.35,3.53
2011.05.06 11:44:24.852,1.36033,1.36055,1.35,1.50
2011.05.06 11:44:25.410,1.36028,1.36055,1.35,1.50
2011.05.06 11:44:25.520,1.36028,1.36055,1.35,1.50
2011.05.06 11:44:26.515,1.36027,1.36055,5.93,2.10
2011.05.06 11:44:26.632,1.36027,1.36054,2.40,1.35
2011.05.06 11:44:27.070,1.36024,1.36053,4.13,3.15
2011.05.06 11:44:27.792,1.36024,1.36051,1.35,1.50
2011.05.06 11:44:28.667,1.3602,1.36047,1.50,1.35
2011.05.06 11:44:29.219,1.3602,1.36047,1.50,1.35
2011.05.06 11:44:29.548,1.3603,1.36051,1.35,2.40
2011.05.06 11:44:29.660,1.36027,1.36051,1.35,2.40
2011.05.06 11:44:29.989,1.36027,1.36051,1.35,2.40
2011.05.06 11:44:31.089,1.36027,1.36051,1.35,2.40
2011.05.06 11:44:31.419,1.36027,1.36054,1.35,3.90
2011.05.06 11:44:31.753,1.36027,1.36054,1.35,3.90
2011.05.06 11:44:32.090,1.36036,1.36051,1.35,1.50
2011.05.06 11:44:32.203,1.36036,1.36056,1.35,1.50
2011.05.06 11:44:32.571,1.36033,1.36051,1.35,1.50
2011.05.06 11:44:32.698,1.36027,1.36054,2.40,1.35
2011.05.06 11:44:32.813,1.36028,1.36054,2.40,1.35
2011.05.06 11:44:33.261,1.36029,1.36054,1.35,1.50
2011.05.06 11:44:33.481,1.36029,1.36057,1.35,2.25
2011.05.06 11:44:34.029,1.36029,1.36057,1.35,1.50
2011.05.06 11:44:34.359,1.36032,1.36059,3.53,2.85
2011.05.06 11:44:34.689,1.36032,1.36056,3.53,1.50
2011.05.06 11:44:35.569,1.3603,1.36058,3.53,1.50
2011.05.06 11:44:35.679,1.3603,1.36058,4.28,1.50
2011.05.06 11:44:36.010,1.36036,1.36061,1.35,1.50
2011.05.06 11:44:36.230,1.36036,1.36058,1.35,1.50
2011.05.06 11:44:36.453,1.36036,1.36062,1.35,2.25
2011.05.06 11:44:36.914,1.36036,1.36059,1.35,1.50
2011.05.06 11:44:37.909,1.36032,1.36058,1.50,1.50
2011.05.06 11:44:38.349,1.36032,1.36059,1.50,1.50
2011.05.06 11:44:38.898,1.36032,1.36058,1.50,1.50
2011.05.06 11:44:39.230,1.36025,1.36052,1.50,1.50
2011.05.06 11:44:39.891,1.36024,1.3605,1.50,2.10
2011.05.06 11:44:40.000,1.36023,1.36048,1.50,1.50
2011.05.06 11:44:40.109,1.36021,1.36048,1.50,1.50
2011.05.06 11:44:41.949,1.36027,1.36047,1.35,1.50
2011.05.06 11:44:42.858,1.36026,1.36047,1.35,1.50
2011.05.06 11:44:43.190,1.36024,1.36047,1.35,1.50
2011.05.06 11:44:43.518,1.36024,1.36047,1.35,1.50
2011.05.06 11:44:44.069,1.36024,1.36051,1.35,1.50
2011.05.06 11:44:44.398,1.36024,1.36051,1.35,1.50
2011.05.06 11:44:44.911,1.36028,1.36051,2.10,1.50
2011.05.06 11:44:45.242,1.36036,1.36058,2.85,1.50
2011.05.06 11:44:45.469,1.36031,1.36058,1.50,1.50
2011.05.06 11:44:45.580,1.3603,1.36058,2.10,1.50
2011.05.06 11:44:46.083,1.3603,1.36057,2.10,1.50
2011.05.06 11:44:46.423,1.3603,1.36057,1.35,2.25
2011.05.06 11:44:46.764,1.36027,1.36054,1.35,1.50
2011.05.06 11:44:46.990,1.36028,1.36054,1.35,2.25
2011.05.06 11:44:47.319,1.36026,1.36054,2.85,2.25
2011.05.06 11:44:47.650,1.3603,1.36055,2.10,1.50
2011.05.06 11:44:47.759,1.36032,1.36055,1.35,1.50
2011.05.06 11:44:47.981,1.36033,1.36055,1.35,1.50
2011.05.06 11:44:48.420,1.3603,1.36057,2.85,1.50
2011.05.06 11:44:48.640,1.3603,1.36058,3.60,2.25
2011.05.06 11:44:48.969,1.36031,1.36058,1.35,1.50
2011.05.06 11:44:49.299,1.3603,1.36056,2.85,1.50
2011.05.06 11:44:49.858,1.36027,1.36047,1.50,1.50
2011.05.06 11:44:49.991,1.36015,1.36037,2.10,1.50
2011.05.06 11:44:50.101,1.36014,1.36038,1.35,2.25
2011.05.06 11:44:50.432,1.3601,1.36039,1.50,1.50
2011.05.06 11:44:50.990,1.3601,1.36038,1.50,2.25
2011.05.06 11:44:51.101,1.3601,1.36033,1.50,1.50
2011.05.06 11:44:51.216,1.3601,1.36031,1.50,1.50
2011.05.06 11:44:51.443,1.36008,1.36028,1.65,1.35
2011.05.06 11:44:51.783,1.36002,1.36025,2.40,1.50
2011.05.06 11:44:51.893,1.36002,1.36028,2.40,1.35
2011.05.06 11:44:52.526,1.36,1.36027,1.50,2.40
2011.05.06 11:44:52.643,1.36009,1.36028,1.35,2.40
2011.05.06 11:44:52.982,1.36001,1.36027,1.35,1.50
2011.05.06 11:44:53.102,1.36001,1.3603,1.35,1.50
2011.05.06 11:44:53.220,1.36001,1.3603,1.35,1.50
2011.05.06 11:44:53.441,1.36008,1.36035,2.10,1.50
2011.05.06 11:44:53.771,1.36005,1.36031,1.50,1.35
2011.05.06 11:44:53.993,1.36003,1.3603,1.50,1.50
2011.05.06 11:44:54.439,1.36006,1.36033,1.50,2.10
2011.05.06 11:44:54.988,1.36006,1.36031,1.50,1.35
2011.05.06 11:44:55.551,1.36004,1.36031,1.50,2.10
2011.05.06 11:44:55.879,1.36004,1.36031,1.50,2.10
2011.05.06 11:44:57.058,1.36004,1.36031,1.50,1.35
2011.05.06 11:44:57.280,1.36004,1.36031,1.50,2.10
2011.05.06 11:44:57.611,1.36007,1.36031,1.50,1.35
2011.05.06 11:44:58.489,1.36007,1.36034,1.50,2.10
2011.05.06 11:44:58.710,1.36013,1.36034,1.35,1.50
2011.05.06 11:44:58.931,1.36015,1.36043,1.50,1.35
2011.05.06 11:44:59.479,1.36015,1.36043,1.50,2.10
2011.05.06 11:44:59.699,1.36015,1.36041,1.50,1.50
2011.05.06 11:45:00.509,1.36015,1.3604,1.50,1.35
2011.05.06 11:45:01.169,1.36015,1.36039,1.50,2.10
2011.05.06 11:45:01.720,1.36011,1.36037,1.50,1.50
2011.05.06 11:45:02.049,1.36011,1.36035,1.50,1.50
2011.05.06 11:45:02.820,1.36015,1.36041,1.35,1.50
2011.05.06 11:45:03.040,1.36015,1.36043,2.10,1.50
2011.05.06 11:45:03.260,1.36015,1.36043,2.10,2.25
2011.05.06 11:45:03.589,1.36015,1.36042,2.10,2.25
2011.05.06 11:45:04.138,1.36015,1.36042,2.10,2.25
2011.05.06 11:45:04.248,1.36015,1.36042,2.10,2.25
2011.05.06 11:45:04.902,1.36015,1.36042,2.10,2.25
2011.05.06 11:45:05.239,1.36015,1.36042,2.10,2.25
2011.05.06 11:45:05.569,1.36011,1.36039,1.50,2.10
2011.05.06 11:45:06.669,1.36011,1.36039,1.50,2.10
2011.05.06 11:45:07.560,1.36011,1.36039,1.50,1.35
2011.05.06 11:45:08.110,1.36017,1.36042,1.50,1.35
2011.05.06 11:45:08.440,1.36017,1.36039,1.50,1.35
2011.05.06 11:45:08.550,1.36011,1.36038,1.50,2.25
2011.05.06 11:45:09.242,1.36013,1.36038,1.35,1.50
2011.05.06 11:45:09.474,1.36015,1.36042,1.50,1.50
2011.05.06 11:45:09.974,1.36015,1.36044,1.50,1.50
2011.05.06 11:45:10.421,1.36017,1.36044,1.50,1.50
2011.05.06 11:45:10.751,1.36017,1.36044,1.50,1.50
2011.05.06 11:45:10.971,1.36017,1.36045,1.50,2.10
2011.05.06 11:45:11.415,1.36017,1.36043,3.15,1.50
2011.05.06 11:45:11.640,1.36017,1.36044,1.50,1.50
2011.05.06 11:45:11.970,1.36017,1.36044,1.50,1.50
2011.05.06 11:45:12.300,1.36017,1.36045,1.50,2.10
2011.05.06 11:45:12.519,1.36017,1.36044,1.50,1.50
2011.05.06 11:45:12.629,1.36018,1.36045,1.50,2.10
2011.05.06 11:45:12.962,1.36019,1.36044,1.50,1.50
2011.05.06 11:45:13.303,1.36017,1.36041,1.50,2.10
2011.05.06 11:45:13.830,1.36017,1.36036,1.50,2.40
2011.05.06 11:45:15.170,1.36014,1.36036,1.50,1.65
2011.05.06 11:45:15.281,1.36014,1.36038,1.50,1.35
2011.05.06 11:45:17.469,1.36017,1.36039,1.50,1.35
2011.05.06 11:45:18.019,1.36017,1.36041,1.50,1.50
2011.05.06 11:45:18.459,1.36017,1.36041,1.50,1.50
2011.05.06 11:45:18.570,1.36017,1.36041,1.50,1.50
2011.05.06 11:45:18.898,1.36017,1.3604,1.50,1.50
2011.05.06 11:45:19.009,1.36017,1.36036,1.50,1.35
2011.05.06 11:45:19.230,1.36017,1.36036,1.50,1.35
2011.05.06 11:45:19.890,1.36017,1.36036,1.50,1.35
2011.05.06 11:45:20.468,1.36017,1.36038,1.50,1.65
2011.05.06 11:45:20.914,1.36016,1.36038,1.50,1.50
2011.05.06 11:45:21.468,1.36013,1.36034,1.50,1.35
2011.05.06 11:45:22.221,1.36013,1.36034,1.50,1.35
2011.05.06 11:45:22.590,1.36013,1.36035,1.50,1.65
2011.05.06 11:45:22.701,1.36013,1.36035,1.50,3.00
2011.05.06 11:45:23.249,1.36013,1.36035,1.50,3.00
2011.05.06 11:45:23.798,1.36013,1.36035,1.50,1.35
2011.05.06 11:45:24.729,1.36013,1.36036,1.50,1.35
2011.05.06 11:45:25.328,1.36013,1.36035,1.50,1.35
2011.05.06 11:45:26.064,1.36013,1.36036,1.50,1.35
2011.05.06 11:45:26.471,1.36013,1.36036,1.50,1.35
2011.05.06 11:45:26.689,1.36013,1.36038,1.50,2.40
2011.05.06 11:45:27.260,1.36014,1.36038,1.50,1.65
2011.05.06 11:45:27.699,1.36017,1.36044,1.50,1.50
2011.05.06 11:45:27.919,1.36018,1.36045,1.50,1.50
2011.05.06 11:45:28.471,1.36021,1.3605,2.85,1.50
2011.05.06 11:45:29.018,1.36024,1.3605,1.50,1.50
2011.05.06 11:45:29.350,1.36024,1.3605,1.50,1.50
2011.05.06 11:45:29.679,1.36024,1.3605,1.50,1.50
2011.05.06 11:45:29.791,1.36024,1.36049,1.50,1.50
2011.05.06 11:45:30.012,1.36024,1.36046,1.50,3.75
2011.05.06 11:45:30.450,1.36024,1.36046,1.50,2.40
2011.05.06 11:45:30.561,1.36024,1.36046,1.50,1.65
2011.05.06 11:45:30.670,1.36024,1.3605,1.50,3.90
2011.05.06 11:45:31.250,1.36029,1.36051,1.50,3.15
2011.05.06 11:45:31.474,1.36027,1.36048,1.50,2.40
2011.05.06 11:45:31.702,1.36025,1.36052,1.50,3.15
2011.05.06 11:45:31.815,1.36025,1.36049,1.50,2.40
2011.05.06 11:45:32.043,1.36027,1.36049,1.50,1.65
2011.05.06 11:45:32.160,1.3603,1.36055,1.50,1.35
2011.05.06 11:45:32.710,1.3603,1.36054,1.50,1.35
2011.05.06 11:45:32.929,1.3603,1.36058,1.50,1.50
2011.05.06 11:45:33.482,1.3603,1.36054,1.50,1.35
2011.05.06 11:45:34.031,1.36027,1.36053,1.50,1.35
2011.05.06 11:45:34.676,1.36027,1.36055,1.50,1.35
2011.05.06 11:45:36.000,1.36027,1.36054,1.50,1.35
2011.05.06 11:45:37.670,1.36031,1.36057,1.50,1.50
2011.05.06 11:45:37.781,1.36033,1.36059,1.35,2.40
2011.05.06 11:45:38.111,1.36035,1.36059,1.50,1.50
2011.05.06 11:45:38.329,1.36035,1.36059,1.50,1.50
2011.05.06 11:45:39.099,1.36031,1.36057,1.50,1.35
2011.05.06 11:45:40.199,1.3603,1.36057,1.50,1.35
2011.05.06 11:45:41.249,1.36029,1.36057,2.25,2.10
2011.05.06 11:45:41.818,1.3603,1.36057,1.50,2.10
2011.05.06 11:45:42.368,1.36031,1.36057,1.50,2.10
2011.05.06 11:45:43.189,1.36031,1.36057,1.50,1.35
2011.05.06 11:45:43.768,1.36031,1.36059,1.50,2.10
2011.05.06 11:45:44.209,1.36031,1.36058,1.50,1.35
2011.05.06 11:45:44.758,1.36035,1.36059,1.50,1.35
2011.05.06 11:45:45.529,1.36035,1.36059,1.50,1.35
2011.05.06 11:45:45.750,1.36035,1.36059,1.50,1.35
2011.05.06 11:45:48.079,1.36034,1.36057,1.50,1.35
2011.05.06 11:45:49.176,1.36035,1.36057,1.50,1.35
2011.05.06 11:45:49.401,1.36037,1.36058,1.50,1.35
2011.05.06 11:45:49.731,1.36038,1.36057,1.50,2.10
2011.05.06 11:45:49.841,1.36038,1.36057,1.50,1.35
2011.05.06 11:45:50.281,1.36034,1.36057,1.50,1.35
2011.05.06 11:45:50.614,1.3603,1.36052,1.50,3.60
2011.05.06 11:45:50.840,1.3603,1.36049,1.50,1.35
2011.05.06 11:45:51.390,1.36026,1.36048,1.50,2.10
2011.05.06 11:45:51.500,1.36026,1.36048,1.50,2.10
2011.05.06 11:45:51.612,1.36025,1.36048,1.50,1.35
2011.05.06 11:45:51.941,1.36026,1.36047,1.50,1.50
2011.05.06 11:45:52.159,1.36026,1.36046,1.50,1.65
2011.05.06 11:45:52.379,1.36026,1.36047,1.50,1.50
2011.05.06 11:45:52.940,1.36026,1.36048,1.50,3.00
2011.05.06 11:45:53.051,1.36033,1.36048,1.50,2.40
2011.05.06 11:45:53.162,1.36035,1.36056,1.50,1.35
2011.05.06 11:45:53.391,1.36034,1.36054,1.50,1.35
2011.05.06 11:45:55.369,1.36035,1.36054,1.50,1.35
2011.05.06 11:45:55.809,1.36033,1.36054,2.25,2.10
2011.05.06 11:45:56.140,1.36029,1.3605,1.50,1.50
2011.05.06 11:45:56.470,1.36034,1.36051,1.35,2.40
2011.05.06 11:45:56.689,1.36038,1.36057,1.35,1.50
2011.05.06 11:45:56.800,1.36041,1.36061,1.35,1.50
2011.05.06 11:45:57.020,1.36042,1.36065,1.65,1.50
2011.05.06 11:45:57.620,1.36039,1.36066,1.35,1.50
2011.05.06 11:45:58.280,1.36038,1.36066,1.35,1.50
2011.05.06 11:45:58.391,1.36039,1.36066,1.35,1.50
2011.05.06 11:45:58.721,1.36042,1.36066,2.40,1.50
2011.05.06 11:45:59.048,1.36042,1.36066,2.40,1.50
2011.05.06 11:45:59.899,1.36042,1.36069,2.40,1.35
2011.05.06 11:46:00.119,1.36045,1.36072,1.50,1.35
2011.05.06 11:46:00.231,1.36048,1.36076,1.35,1.50
2011.05.06 11:46:00.341,1.36048,1.36076,1.35,2.40
2011.05.06 11:46:00.453,1.36053,1.36078,1.50,1.50
2011.05.06 11:46:00.682,1.36054,1.36086,1.35,2.10
2011.05.06 11:46:01.229,1.36063,1.36086,1.50,1.35
2011.05.06 11:46:02.529,1.36063,1.3609,1.50,1.50
2011.05.06 11:46:03.056,1.36063,1.3609,1.50,1.50
2011.05.06 11:46:03.281,1.36063,1.36086,1.50,1.35
2011.05.06 11:46:03.830,1.36063,1.36086,1.50,1.35
2011.05.06 11:46:06.600,1.36063,1.3609,1.50,1.50
2011.05.06 11:46:07.731,1.36068,1.36091,1.50,1.35
2011.05.06 11:46:08.499,1.36068,1.36093,1.50,1.35
2011.05.06 11:46:09.050,1.36068,1.36093,2.25,1.35
2011.05.06 11:46:09.268,1.36069,1.36093,1.50,1.35
2011.05.06 11:46:09.818,1.36068,1.36093,2.25,1.35
2011.05.06 11:46:10.983,1.36068,1.36093,1.50,1.35
2011.05.06 11:46:11.106,1.36068,1.36093,1.50,1.35
2011.05.06 11:46:11.332,1.36066,1.36087,1.50,1.35
2011.05.06 11:46:11.449,1.36065,1.36087,1.50,1.35
2011.05.06 11:46:11.558,1.36065,1.36087,1.50,1.35
2011.05.06 11:46:12.109,1.36065,1.36082,1.50,1.50
2011.05.06 11:46:12.709,1.36061,1.36082,1.50,1.50
2011.05.06 11:46:13.369,1.36061,1.36082,1.50,1.50
2011.05.06 11:46:15.699,1.36061,1.3608,1.50,1.50
2011.05.06 11:46:15.922,1.36056,1.36075,1.50,1.50
2011.05.06 11:46:16.149,1.36056,1.36072,1.50,1.50
2011.05.06 11:46:16.589,1.36056,1.3608,1.50,1.50
2011.05.06 11:46:16.919,1.36056,1.3608,1.50,1.50
2011.05.06 11:46:18.013,1.36056,1.3608,1.50,1.50
2011.05.06 11:46:18.128,1.36056,1.3608,1.50,1.50
2011.05.06 11:46:18.680,1.36056,1.36084,2.25,1.50
2011.05.06 11:46:19.011,1.36056,1.36081,1.50,2.10
2011.05.06 11:46:19.340,1.36056,1.36081,1.50,2.10
2011.05.06 11:46:19.890,1.36056,1.36077,1.50,1.50
2011.05.06 11:46:20.221,1.36049,1.36077,2.25,1.35
2011.05.06 11:46:20.331,1.3605,1.36077,1.50,2.10
2011.05.06 11:46:20.879,1.36053,1.36082,1.35,1.50
2011.05.06 11:46:20.991,1.36054,1.36081,1.50,1.50
2011.05.06 11:46:21.209,1.36053,1.36081,2.10,1.50
2011.05.06 11:46:21.538,1.36053,1.36081,1.35,1.50
2011.05.06 11:46:22.459,1.36053,1.36081,2.10,1.50
2011.05.06 11:46:22.791,1.36053,1.36082,1.35,2.25
2011.05.06 11:46:23.010,1.36053,1.3608,1.35,1.50
2011.05.06 11:46:24.039,1.36053,1.36076,1.35,1.50
2011.05.06 11:46:24.520,1.36046,1.36073,1.35,1.50
2011.05.06 11:46:24.751,1.36046,1.36075,1.35,1.50
2011.05.06 11:46:24.861,1.36048,1.36076,1.50,2.10
2011.05.06 11:46:25.680,1.36051,1.36076,1.50,1.35
2011.05.06 11:46:26.010,1.36051,1.36079,2.10,1.50
2011.05.06 11:46:26.340,1.36051,1.36078,1.50,2.10
2011.05.06 11:46:26.450,1.36049,1.36075,1.50,1.35
2011.05.06 11:46:26.560,1.36049,1.36075,1.50,2.10
2011.05.06 11:46:27.021,1.36048,1.36078,1.50,2.10
2011.05.06 11:46:27.366,1.36045,1.36075,2.85,1.35
2011.05.06 11:46:27.702,1.36046,1.36057,1.35,1.50
2011.05.06 11:46:28.359,1.36047,1.36076,2.25,2.10
2011.05.06 11:46:28.478,1.36047,1.36072,2.25,1.50
2011.05.06 11:46:29.139,1.36047,1.36076,1.50,1.35
2011.05.06 11:46:29.690,1.36047,1.36077,1.50,1.35
2011.05.06 11:46:31.362,1.36047,1.36078,1.50,1.50
2011.05.06 11:46:31.908,1.36051,1.36077,1.50,1.50
2011.05.06 11:46:33.470,1.36051,1.36076,1.50,1.50
2011.05.06 11:46:33.801,1.36049,1.36076,1.50,1.50
2011.05.06 11:46:34.353,1.36047,1.36076,1.50,1.50
2011.05.06 11:46:35.970,1.36047,1.36069,1.50,2.10
2011.05.06 11:46:36.301,1.36047,1.36073,1.50,1.35
2011.05.06 11:46:36.519,1.36047,1.36073,1.50,1.35
2011.05.06 11:46:36.628,1.36047,1.36073,1.50,1.35
2011.05.06 11:46:36.959,1.36047,1.3607,1.50,1.50
2011.05.06 11:46:37.290,1.36049,1.36075,2.10,2.40
2011.05.06 11:46:37.510,1.36052,1.36077,1.50,1.50
2011.05.06 11:46:37.840,1.36052,1.36079,1.50,1.35
2011.05.06 11:46:37.949,1.36053,1.36079,1.50,1.35
2011.05.06 11:46:38.721,1.36052,1.36074,2.25,1.35
2011.05.06 11:46:39.049,1.36048,1.36074,2.25,2.10
2011.05.06 11:46:39.599,1.36048,1.36074,1.50,2.10
2011.05.06 11:46:40.150,1.36047,1.36073,1.50,1.50
2011.05.06 11:46:40.809,1.36047,1.36072,1.50,1.50
2011.05.06 11:46:41.175,1.36047,1.36073,1.50,1.50
2011.05.06 11:46:41.292,1.36047,1.36073,1.50,1.50
2011.05.06 11:46:42.578,1.36048,1.36073,1.50,1.50
2011.05.06 11:46:43.239,1.36048,1.36077,2.25,1.35
2011.05.06 11:46:43.459,1.36049,1.36072,1.50,1.50
2011.05.06 11:46:45.571,1.36048,1.36071,1.50,1.50
2011.05.06 11:46:45.902,1.36044,1.36066,1.50,1.50
2011.05.06 11:46:46.239,1.36044,1.36066,1.50,1.50
2011.05.06 11:46:47.859,1.36045,1.36067,1.50,3.15
2011.05.06 11:46:48.189,1.36046,1.36069,1.50,2.40
2011.05.06 11:46:48.974,1.36046,1.36066,1.50,1.50
2011.05.06 11:46:49.528,1.36044,1.36066,1.50,1.50
2011.05.06 11:46:50.161,1.36045,1.36067,1.50,1.50
2011.05.06 11:46:50.490,1.36041,1.36064,1.50,1.50
2011.05.06 11:46:51.038,1.36041,1.36064,1.50,1.50
2011.05.06 11:46:51.859,1.36041,1.36064,1.50,1.50
2011.05.06 11:46:52.858,1.36041,1.36065,1.50,1.50
2011.05.06 11:46:53.459,1.36041,1.36066,1.50,2.40
2011.05.06 11:46:53.569,1.36041,1.36066,1.50,2.40
2011.05.06 11:46:53.901,1.3605,1.36069,1.50,2.40
2011.05.06 11:46:54.119,1.3605,1.36071,1.50,1.50
2011.05.06 11:46:54.669,1.3605,1.36077,1.50,1.35
2011.05.06 11:46:54.779,1.3605,1.36077,1.50,1.35
2011.05.06 11:46:55.109,1.3605,1.36077,1.50,1.35
2011.05.06 11:46:55.439,1.3605,1.36076,1.50,1.50
2011.05.06 11:46:55.549,1.3605,1.36076,1.50,1.50
2011.05.06 11:46:56.727,1.36048,1.36076,2.10,1.50
2011.05.06 11:46:58.859,1.36048,1.36069,1.35,1.50
2011.05.06 11:46:59.408,1.36048,1.36069,1.35,1.50
2011.05.06 11:46:59.990,1.36048,1.36071,1.35,1.50
2011.05.06 11:47:00.538,1.3605,1.36071,1.50,2.25
2011.05.06 11:47:01.110,1.36048,1.3607,1.50,1.50
2011.05.06 11:47:01.220,1.36048,1.36068,1.50,1.50
2011.05.06 11:47:01.751,1.36044,1.36066,1.50,1.50
2011.05.06 11:47:01.865,1.36044,1.36066,1.50,1.50
2011.05.06 11:47:01.979,1.36044,1.36066,1.50,1.50
2011.05.06 11:47:02.202,1.36044,1.3607,1.50,1.50
2011.05.06 11:47:02.777,1.36051,1.36071,1.50,1.35
2011.05.06 11:47:03.111,1.36051,1.36069,1.50,1.50
2011.05.06 11:47:03.329,1.36039,1.36065,2.10,1.50
2011.05.06 11:47:03.548,1.3604,1.36064,1.50,1.50
2011.05.06 11:47:03.879,1.3604,1.36064,1.50,1.50
2011.05.06 11:47:06.192,1.36042,1.36066,1.35,1.50
2011.05.06 11:47:06.300,1.36045,1.36068,1.35,2.25
2011.05.06 11:47:06.898,1.36045,1.36067,1.35,1.50
2011.05.06 11:47:07.340,1.3604,1.36066,1.50,2.10
2011.05.06 11:47:07.672,1.36039,1.36054,1.50,1.35
2011.05.06 11:47:07.790,1.36028,1.36051,1.50,1.35
2011.05.06 11:47:08.278,1.36023,1.36045,1.50,1.35
2011.05.06 11:47:08.829,1.36017,1.36045,1.50,2.10
2011.05.06 11:47:09.399,1.36017,1.36044,1.50,1.50
2011.05.06 11:47:09.509,1.36017,1.36044,1.50,2.25
2011.05.06 11:47:09.952,1.36021,1.36048,1.50,1.50
2011.05.06 11:47:10.060,1.36021,1.36049,1.50,2.85
2011.05.06 11:47:12.809,1.36021,1.36048,1.50,1.50
2011.05.06 11:47:13.140,1.36021,1.36048,1.50,1.50
2011.05.06 11:47:13.359,1.36021,1.36048,1.50,1.50
2011.05.06 11:47:15.020,1.3602,1.36048,1.50,1.50
2011.05.06 11:47:15.240,1.3602,1.36048,1.50,2.25
2011.05.06 11:47:16.005,1.36017,1.36044,2.10,2.25
2011.05.06 11:47:16.339,1.36011,1.36039,1.50,2.10
2011.05.06 11:47:16.892,1.36016,1.36042,1.50,1.35
2011.05.06 11:47:17.011,1.36016,1.36043,1.50,1.50
2011.05.06 11:47:17.449,1.36016,1.36043,1.50,1.50
2011.05.06 11:47:18.363,1.36016,1.36043,1.50,1.50
2011.05.06 11:47:19.480,1.36016,1.36043,2.25,1.50
2011.05.06 11:47:19.699,1.36016,1.36043,2.25,1.50
2011.05.06 11:47:20.250,1.36018,1.36044,1.50,1.35
2011.05.06 11:47:20.358,1.36018,1.36044,1.50,1.35
2011.05.06 11:47:20.908,1.36018,1.36044,1.50,1.35
2011.05.06 11:47:22.319,1.36018,1.36044,1.50,1.35
2011.05.06 11:47:22.870,1.36018,1.36044,2.25,1.35
2011.05.06 11:47:22.980,1.36018,1.36044,2.25,1.35
2011.05.06 11:47:23.859,1.36024,1.3605,1.50,1.35
2011.05.06 11:47:23.969,1.36024,1.3605,2.25,1.35
2011.05.06 11:47:24.521,1.36024,1.3605,2.25,1.35
2011.05.06 11:47:25.129,1.36024,1.3605,1.50,1.35
2011.05.06 11:47:26.709,1.3602,1.36048,1.50,1.50
2011.05.06 11:47:27.478,1.3602,1.36048,1.50,1.50
2011.05.06 11:47:28.669,1.36023,1.36048,1.50,1.50
2011.05.06 11:47:29.329,1.36026,1.3605,1.50,1.35
2011.05.06 11:47:29.980,1.36026,1.3605,1.50,1.35
2011.05.06 11:47:30.310,1.36022,1.36041,1.50,1.35
2011.05.06 11:47:30.420,1.36012,1.36038,1.50,1.35
2011.05.06 11:47:30.530,1.36011,1.36038,1.50,1.35
2011.05.06 11:47:32.209,1.36011,1.36039,2.25,1.35
2011.05.06 11:47:33.359,1.36011,1.36037,2.25,1.35
2011.05.06 11:47:33.690,1.36011,1.36037,1.50,1.35
2011.05.06 11:47:34.020,1.36007,1.36034,1.50,1.50
2011.05.06 11:47:34.788,1.36007,1.36034,1.50,1.50
2011.05.06 11:47:35.129,1.36007,1.36034,1.50,1.50
2011.05.06 11:47:36.189,1.36007,1.36034,1.50,1.50
2011.05.06 11:47:36.410,1.36007,1.36034,1.50,1.50
2011.05.06 11:47:44.920,1.36007,1.36034,1.50,1.50
2011.05.06 11:47:45.360,1.36007,1.36034,1.50,1.50
2011.05.06 11:47:47.729,1.36007,1.36034,1.50,1.50
2011.05.06 11:47:48.278,1.36007,1.36034,1.50,1.50
2011.05.06 11:47:48.769,1.36006,1.36034,2.25,1.50
2011.05.06 11:47:49.100,1.36001,1.36029,1.50,2.10
2011.05.06 11:47:49.670,1.36001,1.36029,1.50,2.10
2011.05.06 11:47:50.191,1.36001,1.36029,1.50,2.10
2011.05.06 11:47:50.411,1.35999,1.36029,2.10,2.10
2011.05.06 11:47:50.961,1.35999,1.36026,1.35,1.50
2011.05.06 11:47:51.069,1.35999,1.36027,1.35,1.50
2011.05.06 11:47:51.620,1.35998,1.36024,1.35,1.50
2011.05.06 11:47:53.450,1.35999,1.36027,1.35,1.50
2011.05.06 11:48:03.574,1.36001,1.36028,1.50,1.50
2011.05.06 11:48:06.808,1.36001,1.36028,1.50,1.50
2011.05.06 11:48:07.138,1.36001,1.36028,1.50,1.50
2011.05.06 11:48:09.532,1.36001,1.36028,1.50,1.50
2011.05.06 11:48:10.189,1.36005,1.36031,1.50,1.35
2011.05.06 11:48:10.518,1.36004,1.36028,1.50,1.50
2011.05.06 11:48:10.743,1.36005,1.36032,2.10,1.50
2011.05.06 11:48:10.860,1.36005,1.3603,1.35,1.50
2011.05.06 11:48:11.079,1.36005,1.36032,2.10,1.50
2011.05.06 11:48:11.739,1.36005,1.3603,2.10,1.50
2011.05.06 11:48:14.409,1.36,1.36025,2.40,2.25
2011.05.06 11:48:14.526,1.35999,1.36025,1.35,1.50
2011.05.06 11:48:15.189,1.35999,1.36023,1.35,2.25
2011.05.06 11:48:15.519,1.35995,1.36021,1.50,1.50
2011.05.06 11:48:15.958,1.35995,1.36023,1.50,2.85
2011.05.06 11:48:16.730,1.35995,1.36019,1.50,1.50
2011.05.06 11:48:17.062,1.3599,1.36015,1.50,1.50
2011.05.06 11:48:18.172,1.3599,1.36015,1.50,1.50
2011.05.06 11:48:18.718,1.35986,1.36014,2.10,2.25
2011.05.06 11:48:19.052,1.35988,1.36016,1.50,1.35
2011.05.06 11:48:19.172,1.35991,1.36018,1.50,1.35
2011.05.06 11:48:19.741,1.35991,1.36019,1.50,1.35
2011.05.06 11:48:21.851,1.35991,1.36017,1.50,1.35
2011.05.06 11:48:22.070,1.35989,1.36013,1.50,4.50
2011.05.06 11:48:23.059,1.35984,1.36013,1.50,1.35
2011.05.06 11:48:24.271,1.3599,1.36015,1.50,1.35
2011.05.06 11:48:24.755,1.35989,1.36017,1.50,1.35
2011.05.06 11:48:26.470,1.3599,1.3602,1.35,2.25
2011.05.06 11:48:26.799,1.3599,1.36016,1.35,1.50
2011.05.06 11:48:29.328,1.35989,1.36016,1.50,2.10
2011.05.06 11:48:30.081,1.35989,1.36015,1.50,1.50
2011.05.06 11:48:30.980,1.35989,1.36015,1.50,1.50
2011.05.06 11:48:31.091,1.35989,1.36015,1.50,1.50
2011.05.06 11:48:31.203,1.35989,1.36014,1.50,1.50
2011.05.06 11:48:31.433,1.35989,1.36016,1.50,2.85
2011.05.06 11:48:32.124,1.35989,1.36016,1.50,1.35
2011.05.06 11:48:32.568,1.35989,1.36015,1.50,1.50
2011.05.06 11:48:32.790,1.35989,1.36015,1.50,1.50
2011.05.06 11:48:33.120,1.35989,1.36015,1.50,2.25
2011.05.06 11:48:33.449,1.35989,1.36015,1.50,1.50
2011.05.06 11:48:33.560,1.35989,1.36015,1.50,1.50
2011.05.06 11:48:33.781,1.35989,1.36013,1.50,1.50
2011.05.06 11:48:34.328,1.35989,1.36014,1.50,1.50
2011.05.06 11:48:34.549,1.35989,1.36015,1.50,2.25
2011.05.06 11:48:34.659,1.35992,1.36015,1.50,2.25
2011.05.06 11:48:34.989,1.35994,1.36015,1.50,1.50
2011.05.06 11:48:35.098,1.35994,1.36015,1.50,1.50
2011.05.06 11:48:35.212,1.35994,1.36008,1.50,1.35
2011.05.06 11:48:35.319,1.35994,1.36015,1.50,3.90
2011.05.06 11:48:35.649,1.35994,1.36015,1.50,2.25
2011.05.06 11:48:36.309,1.35993,1.36014,1.50,2.40
2011.05.06 11:48:36.769,1.35993,1.36016,1.50,1.35
2011.05.06 11:48:38.979,1.35993,1.36016,1.50,1.35
2011.05.06 11:48:40.359,1.35993,1.36016,1.50,1.35
2011.05.06 11:48:41.019,1.35993,1.36019,1.50,1.50
2011.05.06 11:48:41.240,1.35994,1.36015,1.50,1.35
2011.05.06 11:48:41.459,1.35994,1.36019,1.50,1.35
2011.05.06 11:48:41.680,1.35993,1.36019,1.50,1.35
2011.05.06 11:48:41.789,1.35993,1.36019,1.50,1.35
2011.05.06 11:48:43.328,1.35997,1.36023,1.50,2.10
2011.05.06 11:48:44.369,1.35997,1.36023,1.50,2.10
2011.05.06 11:48:45.321,1.36,1.36023,1.50,2.10
2011.05.06 11:48:48.380,1.36,1.36023,1.50,2.10
2011.05.06 11:48:54.430,1.35997,1.36019,1.50,1.35
2011.05.06 11:48:54.759,1.35993,1.36019,1.50,1.35
2011.05.06 11:48:55.089,1.35993,1.36019,1.50,1.35
2011.05.06 11:48:57.340,1.35993,1.36022,1.50,1.35
2011.05.06 11:48:57.782,1.35999,1.36022,1.50,1.35
2011.05.06 11:48:57.892,1.35999,1.36024,1.50,2.10
2011.05.06 11:48:58.120,1.35994,1.36022,1.50,1.35
2011.05.06 11:48:58.449,1.35994,1.36022,1.50,2.10
2011.05.06 11:49:02.880,1.35994,1.36022,2.25,2.10
2011.05.06 11:49:03.539,1.35994,1.36021,2.25,1.50
2011.05.06 11:49:03.980,1.35994,1.36022,2.25,1.35
2011.05.06 11:49:04.089,1.35994,1.36022,2.25,1.35
2011.05.06 11:49:04.809,1.35994,1.36022,2.25,1.35
2011.05.06 11:49:06.460,1.35997,1.36023,2.25,1.35
2011.05.06 11:49:07.440,1.35997,1.36024,1.50,2.10
2011.05.06 11:49:08.012,1.35997,1.36023,1.50,1.35
2011.05.06 11:49:09.451,1.35994,1.36022,2.25,1.35
2011.05.06 11:49:33.682,1.35994,1.3602,1.50,1.50
2011.05.06 11:49:34.019,1.35993,1.36017,1.50,1.35
2011.05.06 11:49:37.139,1.35994,1.36017,1.50,1.35
2011.05.06 11:49:37.676,1.35993,1.36012,1.50,1.35
2011.05.06 11:49:38.012,1.35994,1.36012,1.50,1.35
2011.05.06 11:49:38.121,1.35994,1.36015,1.50,1.35
2011.05.06 11:49:38.451,1.35993,1.36017,1.50,1.35
2011.05.06 11:49:39.110,1.35993,1.36017,1.50,1.35
2011.05.06 11:49:41.659,1.35994,1.36015,1.50,1.35
2011.05.06 11:49:41.879,1.35994,1.36019,1.50,1.50
2011.05.06 11:49:42.439,1.35994,1.36016,1.50,1.50
2011.05.06 11:49:42.990,1.35994,1.36019,1.50,1.50
2011.05.06 11:49:43.209,1.35994,1.36019,1.50,1.50
2011.05.06 11:49:43.743,1.35994,1.3602,1.50,2.10
2011.05.06 11:49:44.520,1.35994,1.36019,1.50,1.50
2011.05.06 11:49:45.639,1.35993,1.36019,1.50,2.25
2011.05.06 11:49:46.768,1.35991,1.36019,1.50,2.25
2011.05.06 11:49:46.879,1.3599,1.36019,1.35,2.25
2011.05.06 11:49:47.429,1.3599,1.36019,1.35,1.50
2011.05.06 11:49:47.868,1.3599,1.36019,2.10,1.50
2011.05.06 11:49:48.419,1.3599,1.36019,2.10,1.50
2011.05.06 11:49:48.748,1.3599,1.36019,2.85,1.50
2011.05.06 11:49:50.279,1.3599,1.36019,2.10,1.50
2011.05.06 11:49:50.611,1.35995,1.3602,1.50,2.10
2011.05.06 11:49:50.941,1.36004,1.36023,1.50,1.35
2011.05.06 11:49:53.069,1.36004,1.36023,1.50,1.35
2011.05.06 11:49:53.930,1.36004,1.36023,1.50,1.35
2011.05.06 11:49:54.480,1.36004,1.3602,1.50,1.35
2011.05.06 11:49:55.033,1.36004,1.36025,1.50,1.50
2011.05.06 11:49:55.149,1.36004,1.36023,1.50,1.50
2011.05.06 11:49:55.478,1.36004,1.36023,1.50,1.50
2011.05.06 11:49:55.920,1.36004,1.36026,1.50,1.35
2011.05.06 11:49:56.141,1.36004,1.36028,1.50,1.35
2011.05.06 11:49:56.691,1.36004,1.36026,1.50,1.35
2011.05.06 11:49:56.800,1.36004,1.36026,1.50,2.10
2011.05.06 11:49:57.239,1.36004,1.36026,1.50,2.10
2011.05.06 11:49:58.264,1.36004,1.36022,1.50,1.50
2011.05.06 11:49:58.821,1.36004,1.36026,1.50,1.50
2011.05.06 11:49:59.042,1.36004,1.36026,1.50,1.50
2011.05.06 11:49:59.150,1.36004,1.36026,1.50,1.50
2011.05.06 11:49:59.922,1.36003,1.36024,1.50,1.35
2011.05.06 11:50:01.130,1.36004,1.36026,1.50,2.10
2011.05.06 11:50:01.351,1.36003,1.36023,1.50,1.50
2011.05.06 11:50:01.901,1.35999,1.36023,1.50,1.50
2011.05.06 11:50:02.231,1.35999,1.36019,1.17,2.10
2011.05.06 11:50:02.559,1.35999,1.36019,1.17,2.10
2011.05.06 11:50:03.061,1.35998,1.36019,1.17,2.10
2011.05.06 11:50:03.980,1.35998,1.36017,1.17,1.50
2011.05.06 11:50:05.520,1.35998,1.36017,1.17,1.50
2011.05.06 11:50:05.739,1.36003,1.3602,1.17,2.10
2011.05.06 11:50:05.850,1.36003,1.3602,1.17,1.35
2011.05.06 11:50:06.180,1.36003,1.36024,1.17,1.50
2011.05.06 11:50:07.632,1.36004,1.36025,1.17,1.50
2011.05.06 11:50:07.850,1.36003,1.36025,1.17,1.50
2011.05.06 11:50:08.069,1.36003,1.36027,1.17,2.10
2011.05.06 11:50:08.400,1.36003,1.36027,1.17,2.10
2011.05.06 11:50:11.869,1.36004,1.36027,1.17,1.35
2011.05.06 11:50:12.091,1.36004,1.36028,1.77,1.50
2011.05.06 11:50:12.201,1.36004,1.36031,1.77,1.50
2011.05.06 11:50:12.532,1.36007,1.3603,3.60,1.50
2011.05.06 11:50:12.641,1.36011,1.36033,1.35,3.53
2011.05.06 11:50:13.081,1.36013,1.36039,2.85,1.50
2011.05.06 11:50:13.190,1.36013,1.36039,3.60,1.50
2011.05.06 11:50:13.741,1.36016,1.36038,1.35,1.50
2011.05.06 11:50:14.150,1.36015,1.36038,1.35,1.50
2011.05.06 11:50:14.690,1.36015,1.36038,1.35,1.50
2011.05.06 11:50:15.034,1.36014,1.36038,2.25,1.50
2011.05.06 11:50:15.382,1.36014,1.36038,1.50,1.50
2011.05.06 11:50:16.230,1.36013,1.36038,2.25,1.50
2011.05.06 11:50:16.453,1.36018,1.36046,2.10,1.50
2011.05.06 11:50:16.670,1.36015,1.36046,2.85,1.50
2011.05.06 11:50:17.110,1.36014,1.36042,1.50,2.85
2011.05.06 11:50:18.050,1.36014,1.36042,1.50,2.85
2011.05.06 11:50:18.383,1.36018,1.36042,1.35,1.50
2011.05.06 11:50:18.720,1.36013,1.36041,1.50,1.35
2011.05.06 11:50:20.152,1.36015,1.36041,1.50,1.35
2011.05.06 11:50:20.371,1.36013,1.36041,1.50,2.10
2011.05.06 11:50:21.469,1.36011,1.36038,1.50,1.50
2011.05.06 11:50:21.692,1.36007,1.36022,2.40,1.50
2011.05.06 11:50:22.024,1.36003,1.36024,1.17,2.10
2011.05.06 11:50:22.142,1.36003,1.36028,1.17,1.50
2011.05.06 11:50:22.251,1.36004,1.36028,1.17,1.50
2011.05.06 11:50:22.580,1.36003,1.36026,1.17,1.50
2011.05.06 11:50:23.270,1.36003,1.36023,1.17,1.50
2011.05.06 11:50:23.603,1.36003,1.36022,1.17,1.50
2011.05.06 11:50:24.047,1.36007,1.36033,1.35,1.50
2011.05.06 11:50:24.160,1.36011,1.36033,1.50,1.50
2011.05.06 11:50:24.381,1.36011,1.36037,1.50,1.35
2011.05.06 11:50:24.599,1.36013,1.36037,2.25,1.35
2011.05.06 11:50:27.501,1.36011,1.36038,1.50,1.50
2011.05.06 11:50:28.640,1.36011,1.36037,1.50,1.50
2011.05.06 11:50:29.237,1.36011,1.36034,1.50,1.50
2011.05.06 11:50:29.573,1.36004,1.36032,1.92,1.50
2011.05.06 11:50:29.910,1.36003,1.36027,1.77,1.50
2011.05.06 11:50:31.120,1.36004,1.36018,1.17,2.78
2011.05.06 11:50:31.231,1.36004,1.36028,1.17,1.50
2011.05.06 11:50:31.779,1.36004,1.36026,1.17,1.50
2011.05.06 11:50:32.111,1.36004,1.36024,1.17,1.35
2011.05.06 11:50:32.442,1.35985,1.36011,1.13,2.25
2011.05.06 11:50:32.561,1.35991,1.36011,1.50,2.25
2011.05.06 11:50:33.099,1.35997,1.36022,1.50,1.50
2011.05.06 11:50:33.321,1.35997,1.36023,1.50,1.50
2011.05.06 11:50:33.875,1.36005,1.36023,1.35,1.50
2011.05.06 11:50:33.992,1.36007,1.36032,1.35,1.50
2011.05.06 11:50:34.210,1.36004,1.36033,1.35,2.25
2011.05.06 11:50:34.430,1.36003,1.36033,2.10,2.25
2011.05.06 11:50:34.762,1.36007,1.36029,1.35,1.50
2011.05.06 11:50:34.883,1.36008,1.36036,1.50,1.50
2011.05.06 11:50:35.004,1.36012,1.36036,1.50,1.50
2011.05.06 11:50:35.342,1.3601,1.36031,1.50,1.50
2011.05.06 11:50:35.462,1.36004,1.3603,1.50,1.50
2011.05.06 11:50:35.682,1.36,1.36028,1.35,1.50
2011.05.06 11:50:36.177,1.35995,1.36024,1.35,2.25
2011.05.06 11:50:36.296,1.35997,1.36024,2.85,1.50
2011.05.06 11:50:36.740,1.36008,1.36024,2.10,1.50
2011.05.06 11:50:36.964,1.35999,1.36026,1.50,2.10
2011.05.06 11:50:37.191,1.35999,1.36023,1.50,1.50
2011.05.06 11:50:37.523,1.35997,1.36024,1.50,1.50
2011.05.06 11:50:37.860,1.36002,1.36028,1.35,1.50
2011.05.06 11:50:38.190,1.36002,1.36028,2.10,1.50
2011.05.06 11:50:38.630,1.36002,1.3603,2.10,1.50
2011.05.06 11:50:39.179,1.36001,1.36031,1.35,1.50
2011.05.06 11:50:39.624,1.36001,1.36028,1.35,1.50
2011.05.06 11:50:40.181,1.35998,1.36023,2.10,1.50
2011.05.06 11:50:40.292,1.35996,1.36023,1.50,2.10
2011.05.06 11:50:40.403,1.35992,1.36023,2.10,1.35
2011.05.06 11:50:40.949,1.35992,1.36022,2.10,1.50
2011.05.06 11:50:41.279,1.35993,1.36018,1.35,2.25
2011.05.06 11:50:41.941,1.35992,1.36018,1.50,2.25
2011.05.06 11:50:42.489,1.35991,1.36015,1.50,1.50
2011.05.06 11:50:42.599,1.35991,1.36015,1.50,1.50
2011.05.06 11:50:43.040,1.35992,1.36018,1.50,8.40
2011.05.06 11:50:43.261,1.35992,1.36015,1.50,1.35
2011.05.06 11:50:43.768,1.35993,1.36016,1.50,1.35
2011.05.06 11:50:44.511,1.35993,1.36018,2.10,1.50
2011.05.06 11:50:44.620,1.35993,1.36019,2.10,1.50
2011.05.06 11:50:44.729,1.35993,1.36019,2.10,1.50
2011.05.06 11:50:45.169,1.35993,1.36019,2.10,1.50
2011.05.06 11:50:45.500,1.35993,1.36019,2.10,1.50
2011.05.06 11:50:45.720,1.35993,1.36018,1.50,1.35
2011.05.06 11:50:46.270,1.35996,1.36018,1.50,1.35
2011.05.06 11:50:46.489,1.35996,1.36018,1.50,2.10
2011.05.06 11:50:47.639,1.35996,1.36018,1.50,1.35
2011.05.06 11:50:50.140,1.35996,1.36019,1.50,1.50
2011.05.06 11:50:50.705,1.36011,1.36037,1.50,3.15
2011.05.06 11:50:50.820,1.36011,1.36035,1.50,1.50
2011.05.06 11:50:51.151,1.36009,1.36033,1.50,1.50
2011.05.06 11:50:51.703,1.36009,1.3603,1.50,2.10
2011.05.06 11:50:51.812,1.36003,1.36028,1.50,1.50
2011.05.06 11:50:51.931,1.36001,1.36027,1.50,1.50
2011.05.06 11:50:52.483,1.36003,1.3603,1.35,1.50
2011.05.06 11:50:53.039,1.36001,1.36027,1.50,2.25
2011.05.06 11:50:53.481,1.35999,1.36026,2.10,1.50
2011.05.06 11:50:54.503,1.36001,1.36028,1.50,1.50
2011.05.06 11:50:54.970,1.36003,1.36031,1.50,2.10
2011.05.06 11:50:55.507,1.36001,1.36028,1.50,1.50
2011.05.06 11:50:55.626,1.35999,1.36023,2.10,1.50
2011.05.06 11:50:56.179,1.35999,1.36023,1.35,2.25
2011.05.06 11:50:56.621,1.35999,1.36026,2.10,1.50
2011.05.06 11:50:56.732,1.36003,1.36027,1.50,1.50
2011.05.06 11:50:58.051,1.36004,1.36031,1.50,2.85
2011.05.06 11:50:58.599,1.36004,1.36031,1.50,2.85
2011.05.06 11:50:59.557,1.3601,1.36034,1.50,1.35
2011.05.06 11:50:59.781,1.3601,1.36036,1.50,1.50
2011.05.06 11:51:00.879,1.3601,1.36037,1.50,2.25
2011.05.06 11:51:01.100,1.3601,1.36035,1.50,1.50
2011.05.06 11:51:01.540,1.3601,1.36038,1.50,3.00
2011.05.06 11:51:02.311,1.3601,1.36033,1.50,1.35
2011.05.06 11:51:02.639,1.3601,1.36033,1.50,2.85
2011.05.06 11:51:03.258,1.36005,1.36027,1.50,1.50
2011.05.06 11:51:03.373,1.36007,1.36025,1.50,1.50
2011.05.06 11:51:03.714,1.36007,1.36025,1.35,1.50
2011.05.06 11:51:03.834,1.36008,1.36031,1.35,2.25
2011.05.06 11:51:04.065,1.36009,1.36035,1.35,1.50
2011.05.06 11:51:04.182,1.36009,1.36035,2.10,1.50
2011.05.06 11:51:05.630,1.36014,1.36037,1.35,1.50
2011.05.06 11:51:05.960,1.36013,1.36037,1.35,1.50
2011.05.06 11:51:06.290,1.36007,1.36035,2.10,1.50
2011.05.06 11:51:06.839,1.36007,1.36032,1.35,1.50
2011.05.06 11:51:07.059,1.36007,1.36032,1.35,1.50
2011.05.06 11:51:07.722,1.36008,1.36039,1.50,2.10
2011.05.06 11:51:08.271,1.36011,1.36038,1.50,1.50
2011.05.06 11:51:08.383,1.36011,1.36038,1.50,2.25
2011.05.06 11:51:08.613,1.36011,1.36038,1.50,1.50
2011.05.06 11:51:08.732,1.36007,1.36037,2.10,1.35
2011.05.06 11:51:08.843,1.36006,1.36029,1.35,2.25
2011.05.06 11:51:08.961,1.36003,1.36029,2.10,1.50
2011.05.06 11:51:09.070,1.36003,1.36029,1.50,1.50
2011.05.06 11:51:11.270,1.36,1.36029,1.50,1.50
2011.05.06 11:51:12.310,1.36,1.36029,1.50,1.50
2011.05.06 11:51:12.420,1.35999,1.36029,2.10,1.50
2011.05.06 11:51:12.950,1.35999,1.36024,1.35,1.50
2011.05.06 11:51:13.500,1.35999,1.36025,1.35,1.50
2011.05.06 11:51:14.329,1.35995,1.36022,2.85,1.50
2011.05.06 11:51:14.442,1.35994,1.36022,1.50,2.10
2011.05.06 11:51:14.660,1.35996,1.3602,1.50,1.50
2011.05.06 11:51:14.989,1.35996,1.3602,1.50,1.50
2011.05.06 11:51:15.650,1.35995,1.36021,1.50,1.50
2011.05.06 11:51:16.421,1.35999,1.36025,1.50,1.50
2011.05.06 11:51:16.530,1.35999,1.36025,1.50,1.50
2011.05.06 11:51:16.640,1.35996,1.36022,2.25,1.35
2011.05.06 11:51:16.750,1.35996,1.36021,1.50,1.35
2011.05.06 11:51:19.860,1.35992,1.36021,2.25,1.35
2011.05.06 11:51:20.471,1.35993,1.36021,1.50,1.35
2011.05.06 11:51:22.152,1.35995,1.36021,1.50,2.10
2011.05.06 11:51:22.264,1.35995,1.36015,1.50,2.10
2011.05.06 11:51:22.600,1.35987,1.36013,1.50,2.10
2011.05.06 11:51:22.819,1.35987,1.36013,1.50,1.35
2011.05.06 11:51:24.469,1.35987,1.36016,2.10,1.50
2011.05.06 11:51:25.019,1.35987,1.36017,2.10,1.35
2011.05.06 11:51:26.056,1.35991,1.36017,1.50,1.35
2011.05.06 11:51:26.611,1.35994,1.3602,1.50,1.35
2011.05.06 11:51:27.494,1.35995,1.36021,1.35,1.50
2011.05.06 11:51:27.612,1.35998,1.36027,1.35,1.50
2011.05.06 11:51:27.721,1.35998,1.36027,1.35,1.50
2011.05.06 11:51:27.941,1.35998,1.36026,1.35,1.50
2011.05.06 11:51:28.054,1.35996,1.36023,1.50,2.85
2011.05.06 11:51:28.172,1.35992,1.36021,1.50,2.10
2011.05.06 11:51:28.390,1.35989,1.36018,2.10,1.50
2011.05.06 11:51:28.720,1.35989,1.36018,1.35,1.50
2011.05.06 11:51:29.401,1.35989,1.36018,1.35,1.50
2011.05.06 11:51:30.849,1.35989,1.36016,1.35,1.50
2011.05.06 11:51:31.731,1.35989,1.36014,1.35,1.50
2011.05.06 11:51:32.170,1.35989,1.36016,1.35,1.50
2011.05.06 11:51:32.504,1.35988,1.36011,1.65,1.50
2011.05.06 11:51:32.623,1.35983,1.3601,1.50,1.35
2011.05.06 11:51:32.959,1.35978,1.36007,1.50,1.35
2011.05.06 11:51:33.290,1.35976,1.36006,1.50,1.50
2011.05.06 11:51:33.961,1.3599,1.36013,2.10,2.40
2011.05.06 11:51:34.078,1.35993,1.36019,1.50,1.50
2011.05.06 11:51:34.852,1.35993,1.36019,1.50,2.25
2011.05.06 11:51:34.963,1.35992,1.36014,1.50,1.35
2011.05.06 11:51:35.084,1.35983,1.36013,2.10,1.35
2011.05.06 11:51:35.204,1.35983,1.36009,2.10,1.50
2011.05.06 11:51:35.761,1.35983,1.36009,2.10,1.50
2011.05.06 11:51:36.311,1.35981,1.36006,1.50,1.50
2011.05.06 11:51:36.966,1.35981,1.36005,1.50,1.50
2011.05.06 11:51:37.308,1.35981,1.36002,1.50,4.50
2011.05.06 11:51:37.864,1.35977,1.36003,1.35,2.25
2011.05.06 11:51:38.091,1.35976,1.36002,2.10,1.50
2011.05.06 11:51:39.520,1.35977,1.36006,1.35,1.50
2011.05.06 11:51:39.742,1.35978,1.36006,1.50,1.50
2011.05.06 11:51:40.405,1.35977,1.36007,2.10,1.35
2011.05.06 11:51:40.537,1.35977,1.36002,1.50,1.35
2011.05.06 11:51:40.764,1.35974,1.36003,1.50,2.10
2011.05.06 11:51:41.291,1.35978,1.36001,1.35,2.25
2011.05.06 11:51:41.840,1.35979,1.36004,1.35,1.50
2011.05.06 11:51:42.169,1.35979,1.36004,1.35,1.50
2011.05.06 11:51:42.939,1.35974,1.36004,2.10,1.35
2011.05.06 11:51:43.754,1.35983,1.36004,1.35,1.50
2011.05.06 11:51:43.874,1.35983,1.36004,1.35,1.50
2011.05.06 11:51:44.415,1.35973,1.36002,2.10,1.50
2011.05.06 11:51:44.537,1.35974,1.36002,1.50,1.50
2011.05.06 11:51:44.651,1.35974,1.36001,1.50,1.50
2011.05.06 11:51:44.982,1.35975,1.36005,1.50,2.10
2011.05.06 11:51:45.202,1.35974,1.36003,1.50,2.25
2011.05.06 11:51:45.749,1.35974,1.36,1.50,1.50
2011.05.06 11:51:46.542,1.35971,1.35995,1.50,1.35
2011.05.06 11:51:46.761,1.35968,1.35993,1.50,1.50
2011.05.06 11:51:46.979,1.35968,1.35993,1.50,2.40
2011.05.06 11:51:47.480,1.35968,1.35993,1.50,2.40
2011.05.06 11:51:48.772,1.35966,1.35993,1.50,2.40
2011.05.06 11:51:49.212,1.35965,1.35994,1.50,2.85
2011.05.06 11:51:49.322,1.35964,1.3599,1.50,1.35
2011.05.06 11:51:49.872,1.35962,1.3599,1.50,1.35
2011.05.06 11:51:50.972,1.35962,1.3599,1.50,1.35
2011.05.06 11:51:51.202,1.35962,1.35989,1.50,1.50
2011.05.06 11:51:51.532,1.35965,1.35994,1.35,3.15
2011.05.06 11:51:51.752,1.35967,1.35995,1.50,1.50
2011.05.06 11:51:52.299,1.35967,1.35995,1.50,1.50
2011.05.06 11:51:52.533,1.35983,1.35999,1.35,1.13
2011.05.06 11:51:52.875,1.35984,1.36013,1.50,2.10
2011.05.06 11:51:52.992,1.35983,1.36011,2.85,1.50
2011.05.06 11:51:53.212,1.35983,1.36009,2.25,1.35
2011.05.06 11:51:53.836,1.35977,1.36005,3.53,1.50
2011.05.06 11:51:53.957,1.35973,1.35999,1.35,1.50
2011.05.06 11:51:54.293,1.3597,1.35997,2.85,1.50
2011.05.06 11:51:54.849,1.35971,1.35997,1.35,2.25
2011.05.06 11:51:54.959,1.35969,1.35997,1.35,2.25
2011.05.06 11:51:55.512,1.35969,1.35995,2.10,1.50
2011.05.06 11:51:56.939,1.35971,1.35996,1.50,1.50
2011.05.06 11:51:57.050,1.35972,1.35996,1.50,1.50
2011.05.06 11:51:57.272,1.35969,1.35997,4.88,2.25
2011.05.06 11:51:57.721,1.35965,1.35994,1.50,1.50
2011.05.06 11:51:58.380,1.35965,1.35993,1.50,2.25
2011.05.06 11:51:58.791,1.35965,1.35993,1.50,2.25
2011.05.06 11:51:59.121,1.35965,1.35994,1.50,1.50
2011.05.06 11:51:59.341,1.35965,1.35994,1.50,1.50
2011.05.06 11:52:00.012,1.35965,1.35995,2.25,2.10
2011.05.06 11:52:00.671,1.35969,1.35997,2.10,1.50
2011.05.06 11:52:00.780,1.35969,1.35999,2.10,2.10
2011.05.06 11:52:01.112,1.35969,1.35997,1.35,1.50
2011.05.06 11:52:01.660,1.35969,1.35999,2.10,2.10
2011.05.06 11:52:01.990,1.35969,1.35995,2.10,1.50
2011.05.06 11:52:02.210,1.35969,1.35996,2.10,1.50
2011.05.06 11:52:02.872,1.35969,1.35996,2.10,1.50
2011.05.06 11:52:03.309,1.35969,1.35998,2.10,1.50
2011.05.06 11:52:03.801,1.35969,1.35995,2.10,1.50
2011.05.06 11:52:04.021,1.3597,1.35994,4.50,1.50
2011.05.06 11:52:04.354,1.35978,1.36006,1.35,1.50
2011.05.06 11:52:04.473,1.35978,1.36001,1.35,1.50
2011.05.06 11:52:04.702,1.35973,1.36001,1.50,1.50
2011.05.06 11:52:05.250,1.35977,1.36003,1.35,1.50
2011.05.06 11:52:05.580,1.35975,1.36001,1.35,1.50
2011.05.06 11:52:05.799,1.35976,1.36001,1.35,1.50
2011.05.06 11:52:06.132,1.35973,1.36001,1.50,2.25
2011.05.06 11:52:06.461,1.35973,1.36001,1.50,1.50
2011.05.06 11:52:07.229,1.35973,1.36001,1.50,1.50
2011.05.06 11:52:07.469,1.35973,1.36001,1.50,1.50
2011.05.06 11:52:09.359,1.35973,1.36001,1.50,1.50
2011.05.06 11:52:09.855,1.35971,1.35996,1.35,1.50
2011.05.06 11:52:10.533,1.35969,1.35996,1.50,1.50
2011.05.06 11:52:12.990,1.35966,1.35995,1.50,1.50
2011.05.06 11:52:13.100,1.35966,1.35995,1.50,1.50
2011.05.06 11:52:13.320,1.35973,1.35996,1.35,1.50
2011.05.06 11:52:13.430,1.35973,1.35997,1.35,1.50
2011.05.06 11:52:13.649,1.35973,1.36,2.10,1.50
2011.05.06 11:52:13.804,1.35973,1.36,2.10,1.50
2011.05.06 11:52:17.762,1.3598,1.36002,1.35,1.50
2011.05.06 11:52:18.321,1.3598,1.36008,1.50,1.50
2011.05.06 11:52:18.541,1.3598,1.36005,1.50,1.50
2011.05.06 11:52:18.761,1.35974,1.36001,1.50,1.50
2011.05.06 11:52:19.093,1.35976,1.36003,3.53,1.50
2011.05.06 11:52:19.432,1.3598,1.36006,2.25,1.50
2011.05.06 11:52:19.540,1.35982,1.36007,3.53,1.50
2011.05.06 11:52:21.269,1.3598,1.36006,2.25,1.35
2011.05.06 11:52:21.600,1.35974,1.36003,1.50,1.50
2011.05.06 11:52:22.047,1.35979,1.36006,1.50,1.50
2011.05.06 11:52:22.609,1.35979,1.36007,1.50,3.15
2011.05.06 11:52:23.220,1.35979,1.36007,1.50,1.50
2011.05.06 11:52:23.331,1.35983,1.36009,1.35,1.50
2011.05.06 11:52:23.879,1.35983,1.36009,2.10,1.50
2011.05.06 11:52:24.101,1.35982,1.36008,1.35,1.50
2011.05.06 11:52:24.761,1.35985,1.36011,1.35,2.40
2011.05.06 11:52:24.981,1.35985,1.36012,1.35,1.50
2011.05.06 11:52:25.202,1.35982,1.36006,3.53,1.35
2011.05.06 11:52:25.749,1.3598,1.36007,1.50,2.10
2011.05.06 11:52:26.330,1.35981,1.36007,1.35,1.50
2011.05.06 11:52:26.550,1.35981,1.36008,1.35,1.50
2011.05.06 11:52:27.101,1.3598,1.36007,1.50,1.35
2011.05.06 11:52:28.432,1.35981,1.36008,1.35,1.50
2011.05.06 11:52:29.400,1.35981,1.36007,1.35,1.50
2011.05.06 11:52:29.949,1.35981,1.36008,1.35,1.50
2011.05.06 11:52:30.710,1.3598,1.36005,1.50,1.35
2011.05.06 11:52:31.040,1.3598,1.36005,1.50,2.10
2011.05.06 11:52:31.920,1.3598,1.36005,1.50,1.35
2011.05.06 11:52:32.253,1.35982,1.36012,1.50,1.35
2011.05.06 11:52:32.480,1.35982,1.36011,1.50,3.75
2011.05.06 11:52:32.700,1.35985,1.36011,1.50,1.35
2011.05.06 11:52:32.812,1.35988,1.36013,1.50,1.35
2011.05.06 11:52:32.922,1.35988,1.36017,1.50,1.35
2011.05.06 11:52:33.031,1.35988,1.36017,1.50,1.35
2011.05.06 11:52:33.384,1.35988,1.36013,1.50,2.10
2011.05.06 11:52:33.509,1.35983,1.36006,1.50,1.50
2011.05.06 11:52:33.622,1.35982,1.36009,1.50,1.35
2011.05.06 11:52:33.730,1.35983,1.36009,1.50,1.35
2011.05.06 11:52:34.170,1.35983,1.36012,1.50,1.50
2011.05.06 11:52:34.720,1.35983,1.36012,1.50,1.50
2011.05.06 11:52:35.520,1.35983,1.36012,1.50,1.50
2011.05.06 11:52:35.630,1.35983,1.36012,1.50,1.50
2011.05.06 11:52:36.071,1.35988,1.36013,1.50,2.25
2011.05.06 11:52:36.291,1.35982,1.36007,1.50,1.35
2011.05.06 11:52:36.730,1.35982,1.36009,2.10,1.50
2011.05.06 11:52:37.061,1.35986,1.36012,1.50,2.10
2011.05.06 11:52:37.172,1.35986,1.36012,1.50,1.35
2011.05.06 11:52:39.419,1.35986,1.36012,1.50,1.35
2011.05.06 11:52:39.752,1.35988,1.36013,1.50,1.35
2011.05.06 11:52:39.971,1.35986,1.36012,4.28,2.10
2011.05.06 11:52:40.083,1.35988,1.36012,1.65,2.10
2011.05.06 11:52:40.201,1.35986,1.36012,1.50,3.75
2011.05.06 11:52:40.750,1.35986,1.36011,1.50,1.35
2011.05.06 11:52:41.299,1.35985,1.36011,1.50,1.35
2011.05.06 11:52:42.350,1.35983,1.36011,1.50,2.10
2011.05.06 11:52:42.900,1.35982,1.3601,1.50,1.35
2011.05.06 11:52:43.450,1.35982,1.36009,1.50,1.50
2011.05.06 11:52:44.399,1.35982,1.3601,1.50,1.35
2011.05.06 11:52:44.620,1.35986,1.36011,1.35,1.50
2011.05.06 11:52:45.228,1.35988,1.36017,1.35,1.50
2011.05.06 11:52:45.450,1.3599,1.36017,1.50,2.25
2011.05.06 11:52:45.781,1.35988,1.36013,1.50,1.35
2011.05.06 11:52:45.893,1.35987,1.36013,1.50,1.35
2011.05.06 11:52:49.411,1.35988,1.36013,1.50,1.35
2011.05.06 11:52:49.961,1.35985,1.36013,2.25,2.10
2011.05.06 11:52:50.720,1.35991,1.36014,1.35,1.50
2011.05.06 11:52:51.052,1.35991,1.36017,1.35,1.50
2011.05.06 11:52:51.274,1.35986,1.36013,1.50,2.25
2011.05.06 11:52:51.722,1.35986,1.36013,1.50,1.50
2011.05.06 11:52:54.461,1.35986,1.36013,1.50,1.50
2011.05.06 11:52:54.790,1.3599,1.36014,1.35,1.50
2011.05.06 11:52:56.132,1.36011,1.36021,2.10,1.65
2011.05.06 11:52:56.464,1.3601,1.36021,1.50,1.65
2011.05.06 11:52:56.929,1.36006,1.36021,4.28,1.65
2011.05.06 11:52:57.046,1.36005,1.36034,2.10,1.50
2011.05.06 11:52:57.602,1.36005,1.36032,1.35,1.50
2011.05.06 11:52:59.029,1.36004,1.36031,1.50,1.35
2011.05.06 11:52:59.142,1.36002,1.36031,1.50,2.10
2011.05.06 11:52:59.474,1.36003,1.36027,1.50,2.25
2011.05.06 11:52:59.700,1.35997,1.36025,4.28,1.50
2011.05.06 11:52:59.809,1.35997,1.36025,3.53,1.50
2011.05.06 11:53:00.359,1.35997,1.36022,3.53,1.50
2011.05.06 11:53:01.510,1.35997,1.36021,3.53,1.50
2011.05.06 11:53:01.841,1.35992,1.36017,1.35,1.50
2011.05.06 11:53:03.090,1.35992,1.36016,1.35,1.50
2011.05.06 11:53:03.311,1.35989,1.36013,3.38,1.50
2011.05.06 11:53:03.422,1.35989,1.36013,2.78,2.10
2011.05.06 11:53:03.864,1.35996,1.36015,2.10,1.50
2011.05.06 11:53:03.981,1.36,1.3602,1.35,1.65
2011.05.06 11:53:04.200,1.36,1.36027,1.35,1.50
2011.05.06 11:53:04.641,1.35995,1.36025,3.75,2.10
2011.05.06 11:53:04.970,1.35995,1.36021,1.35,1.50
2011.05.06 11:53:05.410,1.35995,1.3602,1.35,1.50
2011.05.06 11:53:06.100,1.35993,1.36018,2.10,1.50
2011.05.06 11:53:06.818,1.35995,1.3602,1.35,1.50
2011.05.06 11:53:06.942,1.36002,1.36026,1.35,2.40
2011.05.06 11:53:07.064,1.36002,1.36029,1.35,1.50
2011.05.06 11:53:07.182,1.36002,1.36029,1.35,1.50
2011.05.06 11:53:07.510,1.36002,1.36029,1.35,1.50
2011.05.06 11:53:07.731,1.36002,1.36029,1.35,1.50
2011.05.06 11:53:08.267,1.35997,1.3602,3.53,1.50
2011.05.06 11:53:08.385,1.35994,1.3602,1.50,2.25
2011.05.06 11:53:08.500,1.35994,1.3602,1.50,2.25
2011.05.06 11:53:09.050,1.35994,1.3602,2.25,1.50
2011.05.06 11:53:09.601,1.35995,1.3602,1.50,1.50
2011.05.06 11:53:10.220,1.35995,1.36021,1.50,1.50
2011.05.06 11:53:10.439,1.35995,1.3602,1.50,1.50
2011.05.06 11:53:10.769,1.35994,1.3602,1.50,1.50
2011.05.06 11:53:11.361,1.35994,1.3602,1.50,2.25
2011.05.06 11:53:11.583,1.35994,1.3602,2.25,1.50
2011.05.06 11:53:12.026,1.35994,1.3602,2.25,1.50
2011.05.06 11:53:12.470,1.35995,1.3602,4.28,1.50
2011.05.06 11:53:12.805,1.35995,1.36019,1.50,1.50
2011.05.06 11:53:13.032,1.35992,1.3602,2.10,1.50
2011.05.06 11:53:14.031,1.35986,1.36012,1.50,2.10
2011.05.06 11:53:14.250,1.35983,1.36012,1.50,2.10
2011.05.06 11:53:14.799,1.35983,1.36012,1.50,2.10
2011.05.06 11:53:15.800,1.35983,1.36011,1.50,1.50
2011.05.06 11:53:16.274,1.35983,1.36009,1.50,1.50
2011.05.06 11:53:16.722,1.35982,1.36005,1.50,1.50
2011.05.06 11:53:16.940,1.35983,1.36007,1.50,1.35
2011.05.06 11:53:17.820,1.35983,1.36007,1.50,1.35
2011.05.06 11:53:18.150,1.35982,1.36005,1.50,1.50
2011.05.06 11:53:18.371,1.35979,1.36005,1.50,1.50
2011.05.06 11:53:18.591,1.35979,1.36007,1.50,1.35
2011.05.06 11:53:19.469,1.35979,1.36007,2.25,1.35
2011.05.06 11:53:20.040,1.3598,1.36006,1.50,1.50
2011.05.06 11:53:20.922,1.35979,1.36006,1.50,1.50
2011.05.06 11:53:22.239,1.35976,1.36006,3.90,1.50
2011.05.06 11:53:22.909,1.35976,1.36006,3.90,1.50
2011.05.06 11:53:24.199,1.35983,1.36006,1.35,1.50
2011.05.06 11:53:24.641,1.35985,1.3601,1.35,1.50
2011.05.06 11:53:25.079,1.35984,1.36013,3.38,1.50
2011.05.06 11:53:25.189,1.35987,1.36013,2.78,1.50
2011.05.06 11:53:25.299,1.35985,1.36013,4.13,1.50
2011.05.06 11:53:26.419,1.35986,1.36013,1.50,1.50
2011.05.06 11:53:26.750,1.35986,1.36013,1.50,1.50
2011.05.06 11:53:27.191,1.35986,1.36013,1.50,1.50
2011.05.06 11:53:27.519,1.35988,1.36013,1.35,1.50
2011.05.06 11:53:29.059,1.35987,1.36013,1.35,1.50
2011.05.06 11:53:29.915,1.35983,1.3601,2.10,1.50
2011.05.06 11:53:30.033,1.35982,1.36009,1.50,1.35
2011.05.06 11:53:30.373,1.35979,1.36006,4.88,1.50
2011.05.06 11:53:30.491,1.35979,1.36006,4.88,1.50
2011.05.06 11:53:30.601,1.35981,1.36006,1.35,1.50
2011.05.06 11:53:30.712,1.3598,1.36007,2.85,1.50
2011.05.06 11:53:31.260,1.35982,1.36009,1.35,1.50
2011.05.06 11:53:31.371,1.35982,1.36012,2.10,1.50
2011.05.06 11:53:31.479,1.35982,1.36011,1.50,1.35
2011.05.06 11:53:32.421,1.35982,1.36011,1.50,1.35
2011.05.06 11:53:32.972,1.35986,1.36008,1.50,2.40
2011.05.06 11:53:33.300,1.35988,1.36015,1.35,1.50
2011.05.06 11:53:33.629,1.35985,1.36012,4.28,1.35
2011.05.06 11:53:33.741,1.35985,1.36009,4.28,1.50
2011.05.06 11:53:34.283,1.35984,1.36009,1.50,1.50
2011.05.06 11:53:34.400,1.35984,1.36009,1.50,1.50
2011.05.06 11:53:37.329,1.35983,1.36007,2.25,1.35
2011.05.06 11:53:37.879,1.35981,1.36007,1.50,3.75
2011.05.06 11:53:38.889,1.35981,1.36007,1.50,5.25
2011.05.06 11:53:41.202,1.35981,1.36007,1.50,4.50
2011.05.06 11:53:42.399,1.35981,1.36007,1.50,4.50
2011.05.06 11:53:42.840,1.35981,1.36007,1.50,1.35
2011.05.06 11:53:43.536,1.35985,1.36007,1.50,1.35
2011.05.06 11:53:43.762,1.35985,1.36007,1.50,1.35
2011.05.06 11:53:44.740,1.35985,1.36007,1.50,2.10
2011.05.06 11:53:45.070,1.35981,1.36006,1.50,1.50
2011.05.06 11:53:45.420,1.35984,1.36007,1.50,3.00
2011.05.06 11:53:48.101,1.35984,1.36007,1.50,3.00
2011.05.06 11:53:48.322,1.35985,1.36007,1.50,1.35
2011.05.06 11:53:48.651,1.35985,1.36008,1.50,2.25
2011.05.06 11:53:51.830,1.35985,1.36011,1.50,2.85
2011.05.06 11:53:52.380,1.35985,1.3601,1.50,1.35
2011.05.06 11:53:53.719,1.35985,1.3601,1.50,1.35
2011.05.06 11:53:55.890,1.35985,1.3601,1.50,1.35
2011.05.06 11:53:56.222,1.35984,1.36005,1.50,2.40
2011.05.06 11:53:56.441,1.35983,1.36005,1.50,5.18
2011.05.06 11:53:56.989,1.35983,1.36003,1.50,1.50
2011.05.06 11:53:58.811,1.35973,1.35992,3.90,3.15
2011.05.06 11:53:58.920,1.35972,1.35992,2.10,3.15
2011.05.06 11:53:59.032,1.35972,1.35992,1.35,1.65
2011.05.06 11:53:59.140,1.35972,1.35998,1.35,3.90
2011.05.06 11:53:59.469,1.35964,1.35996,2.10,2.10
2011.05.06 11:53:59.799,1.35964,1.35995,2.10,1.50
2011.05.06 11:54:02.330,1.35964,1.3599,2.10,1.50
2011.05.06 11:54:03.321,1.35962,1.35989,1.50,1.50
2011.05.06 11:54:03.649,1.3596,1.3599,1.35,2.10
2011.05.06 11:54:03.872,1.3596,1.35987,1.35,2.25
2011.05.06 11:54:04.091,1.3596,1.35985,1.35,1.50
2011.05.06 11:54:04.420,1.3596,1.35987,1.35,1.50
2011.05.06 11:54:05.280,1.3596,1.35988,1.35,2.25
2011.05.06 11:54:06.770,1.3596,1.3599,1.35,1.35
2011.05.06 11:54:09.232,1.3596,1.35984,1.35,1.50
2011.05.06 11:54:10.112,1.35957,1.35985,2.10,1.50
2011.05.06 11:54:10.661,1.35955,1.35983,1.50,1.35
2011.05.06 11:54:11.209,1.35955,1.35983,1.50,1.35
2011.05.06 11:54:12.866,1.35957,1.35986,1.50,1.35
2011.05.06 11:54:12.982,1.35958,1.35986,1.50,1.35
2011.05.06 11:54:13.750,1.35958,1.35986,1.50,1.35
2011.05.06 11:54:15.099,1.35958,1.35986,2.25,1.35
2011.05.06 11:54:16.319,1.3597,1.35997,1.50,2.25
2011.05.06 11:54:16.542,1.35967,1.3599,1.35,1.50
2011.05.06 11:54:16.649,1.35967,1.35991,1.35,1.50
2011.05.06 11:54:16.980,1.35967,1.35996,1.35,5.93
2011.05.06 11:54:17.311,1.35968,1.35996,1.50,2.40
2011.05.06 11:54:17.641,1.35968,1.35996,1.50,2.40
2011.05.06 11:54:17.859,1.35968,1.35999,1.50,3.75
2011.05.06 11:54:19.430,1.3597,1.35998,2.25,1.50
2011.05.06 11:54:19.649,1.35973,1.36002,1.35,3.15
2011.05.06 11:54:20.761,1.35973,1.36001,1.35,1.50
2011.05.06 11:54:21.309,1.35973,1.36001,1.35,2.25
2011.05.06 11:54:21.530,1.35973,1.36001,1.35,1.50
2011.05.06 11:54:22.080,1.35971,1.35998,1.50,1.35
2011.05.06 11:54:22.300,1.35971,1.35998,1.50,1.35
2011.05.06 11:54:22.411,1.35968,1.35997,1.50,1.35
2011.05.06 11:54:22.521,1.35967,1.35994,1.50,2.25
2011.05.06 11:54:22.631,1.35963,1.35991,3.53,1.35
2011.05.06 11:54:22.960,1.35964,1.35992,1.50,2.10
2011.05.06 11:54:23.949,1.35965,1.35992,1.50,1.35
2011.05.06 11:54:24.831,1.3597,1.35992,1.50,1.35
2011.05.06 11:54:24.941,1.3597,1.35992,1.50,1.35
2011.05.06 11:54:25.051,1.35967,1.35992,1.50,1.35
2011.05.06 11:54:28.345,1.35967,1.35996,1.50,1.35
2011.05.06 11:54:28.571,1.35967,1.35992,1.50,2.40
2011.05.06 11:54:28.793,1.35967,1.35992,2.10,1.65
2011.05.06 11:54:28.911,1.35967,1.35996,2.10,1.50
2011.05.06 11:54:29.021,1.35967,1.35999,2.10,1.35
2011.05.06 11:54:29.460,1.35967,1.35999,2.10,1.35
2011.05.06 11:54:29.792,1.35977,1.35999,1.35,1.50
2011.05.06 11:54:30.010,1.35978,1.36001,1.35,1.50
2011.05.06 11:54:30.670,1.35978,1.36,1.35,1.65
2011.05.06 11:54:30.891,1.3597,1.36001,2.25,1.50
2011.05.06 11:54:31.111,1.35971,1.35998,1.50,2.40
2011.05.06 11:54:31.441,1.35972,1.36,1.50,3.53
2011.05.06 11:54:31.770,1.35971,1.36002,1.50,1.50
2011.05.06 11:54:31.880,1.35971,1.36,1.50,1.50
2011.05.06 11:54:32.210,1.3597,1.36002,2.25,3.15
2011.05.06 11:54:36.099,1.3597,1.36002,2.25,3.15
2011.05.06 11:54:36.760,1.35977,1.36003,1.35,3.15
2011.05.06 11:54:36.979,1.35977,1.36001,1.35,1.50
2011.05.06 11:54:37.200,1.35977,1.36003,1.35,1.50
2011.05.06 11:54:37.970,1.35977,1.36,1.35,1.50
2011.05.06 11:54:38.520,1.35977,1.36001,1.35,1.50
2011.05.06 11:54:38.740,1.35977,1.36001,1.35,1.50
2011.05.06 11:54:38.960,1.35977,1.36002,1.35,1.50
2011.05.06 11:54:39.180,1.35977,1.36001,1.35,1.50
2011.05.06 11:54:39.510,1.35977,1.36002,1.35,1.50
2011.05.06 11:54:40.859,1.35977,1.36,1.35,1.50
2011.05.06 11:54:42.236,1.35977,1.36001,1.35,1.50
2011.05.06 11:54:42.791,1.35977,1.36001,1.35,1.50
2011.05.06 11:54:43.119,1.35977,1.36002,1.35,1.50
2011.05.06 11:54:43.452,1.35983,1.36005,1.35,1.50
2011.05.06 11:54:43.561,1.35983,1.36007,2.10,1.50
2011.05.06 11:54:44.160,1.35985,1.36011,1.35,1.50
2011.05.06 11:54:44.271,1.35985,1.36011,1.35,1.50
2011.05.06 11:54:45.040,1.35985,1.3601,2.10,1.50
2011.05.06 11:54:45.589,1.35985,1.3601,2.10,1.50
2011.05.06 11:54:46.190,1.35985,1.36006,1.50,1.35
2011.05.06 11:54:46.520,1.35983,1.36002,1.50,2.40
2011.05.06 11:54:46.630,1.35979,1.36002,1.50,2.40
2011.05.06 11:54:46.739,1.35979,1.36002,1.50,1.65
2011.05.06 11:54:47.290,1.35979,1.36002,1.50,2.40
2011.05.06 11:54:48.530,1.35974,1.36002,1.50,3.90
2011.05.06 11:54:50.037,1.35977,1.36005,1.50,1.35
2011.05.06 11:54:50.263,1.35977,1.36005,1.50,1.35
2011.05.06 11:54:50.482,1.35976,1.36004,1.50,1.50
2011.05.06 11:54:50.740,1.35976,1.36004,1.50,1.50
2011.05.06 11:54:51.242,1.35976,1.36004,1.50,1.50
2011.05.06 11:54:51.749,1.35976,1.36004,1.50,1.50
2011.05.06 11:54:52.119,1.35984,1.36004,5.25,1.50
2011.05.06 11:54:52.230,1.35985,1.36004,1.35,1.50
2011.05.06 11:54:52.341,1.35987,1.36006,1.50,3.00
2011.05.06 11:54:52.562,1.35983,1.36004,2.40,1.50
2011.05.06 11:54:52.889,1.35976,1.36002,1.35,1.50
2011.05.06 11:54:53.000,1.35976,1.36003,1.35,3.15
2011.05.06 11:54:54.301,1.35977,1.36003,1.50,1.65
2011.05.06 11:54:55.583,1.35979,1.36006,1.50,1.35
2011.05.06 11:54:55.702,1.35981,1.36006,1.50,1.35
2011.05.06 11:54:55.923,1.35979,1.36006,1.50,1.35
2011.05.06 11:54:56.251,1.35982,1.36006,1.50,1.35
2011.05.06 11:54:56.700,1.35982,1.36006,1.50,1.35
2011.05.06 11:54:57.471,1.3598,1.36006,1.50,1.35
2011.05.06 11:54:57.690,1.35977,1.36006,1.50,1.35
2011.05.06 11:54:58.036,1.35977,1.36006,1.50,1.35
2011.05.06 11:54:58.592,1.35976,1.36005,1.35,3.15
2011.05.06 11:54:58.701,1.35975,1.36006,1.35,3.00
2011.05.06 11:54:59.472,1.35973,1.36003,2.10,1.35
2011.05.06 11:54:59.799,1.35975,1.36003,4.28,1.35
2011.05.06 11:55:00.350,1.35977,1.36003,1.13,1.35
2011.05.06 11:55:00.680,1.35977,1.36003,1.13,1.35
2011.05.06 11:55:03.820,1.35977,1.36003,1.13,1.35
2011.05.06 11:55:04.149,1.35977,1.36003,1.13,1.35
2011.05.06 11:55:04.589,1.35976,1.35999,1.13,2.40
2011.05.06 11:55:05.251,1.35976,1.36,1.13,2.40
2011.05.06 11:55:05.471,1.35976,1.36003,1.13,1.35
2011.05.06 11:55:06.063,1.35976,1.36001,1.13,2.40
2011.05.06 11:55:06.610,1.35976,1.36001,1.13,2.40
2011.05.06 11:55:07.159,1.35977,1.36003,1.13,1.35
2011.05.06 11:55:08.840,1.35977,1.36003,1.13,1.35
2011.05.06 11:55:09.280,1.35977,1.36003,1.13,3.00
2011.05.06 11:55:09.829,1.35981,1.35999,1.50,1.35
2011.05.06 11:55:11.570,1.3598,1.35998,1.50,1.35
2011.05.06 11:55:13.601,1.35986,1.35999,1.50,1.65
2011.05.06 11:55:13.820,1.35985,1.36013,1.50,1.50
2011.05.06 11:55:14.699,1.35984,1.36013,2.10,1.50
2011.05.06 11:55:15.805,1.35984,1.36015,2.10,1.50
2011.05.06 11:55:16.033,1.35985,1.36013,1.50,1.50
2011.05.06 11:55:16.821,1.35985,1.36007,1.50,1.35
2011.05.06 11:55:16.930,1.3598,1.36006,1.50,1.50
2011.05.06 11:55:17.042,1.3598,1.36004,1.50,2.85
2011.05.06 11:55:18.470,1.3598,1.36,1.50,1.35
2011.05.06 11:55:18.801,1.3598,1.36007,2.25,2.40
2011.05.06 11:55:19.020,1.3598,1.36009,2.25,1.50
2011.05.06 11:55:19.480,1.35988,1.36008,1.50,1.50
2011.05.06 11:55:20.198,1.3599,1.3602,1.35,2.85
2011.05.06 11:55:20.529,1.3599,1.3602,2.10,2.10
2011.05.06 11:55:21.080,1.3599,1.3602,2.10,2.10
2011.05.06 11:55:23.051,1.35999,1.3602,1.35,1.50
2011.05.06 11:55:23.270,1.36001,1.36021,1.50,1.65
2011.05.06 11:55:23.383,1.36001,1.36025,1.50,4.13
2011.05.06 11:55:23.929,1.36001,1.36025,1.50,1.35
2011.05.06 11:55:24.370,1.36001,1.36025,1.50,1.35
2011.05.06 11:55:24.810,1.36001,1.36025,2.25,1.35
2011.05.06 11:55:25.250,1.36005,1.36033,1.50,2.10
2011.05.06 11:55:25.605,1.36005,1.36033,1.50,2.10
2011.05.06 11:55:26.272,1.36004,1.36028,1.35,1.50
2011.05.06 11:55:26.601,1.36001,1.36009,1.50,1.50
2011.05.06 11:55:26.930,1.35967,1.35986,1.35,1.50
2011.05.06 11:55:27.041,1.35961,1.35986,1.50,1.50
2011.05.06 11:55:27.152,1.35965,1.35991,1.50,2.10
2011.05.06 11:55:27.262,1.35965,1.35984,1.50,2.78
2011.05.06 11:55:27.481,1.35973,1.35991,1.35,2.40
2011.05.06 11:55:27.591,1.35974,1.36,1.50,1.50
2011.05.06 11:55:27.812,1.3598,1.36003,1.50,1.35
2011.05.06 11:55:28.221,1.35977,1.36003,3.53,1.35
2011.05.06 11:55:28.337,1.3598,1.36003,1.50,1.35
2011.05.06 11:55:28.452,1.35973,1.36003,3.75,1.35
2011.05.06 11:55:28.676,1.35973,1.35999,1.35,1.50
2011.05.06 11:55:28.794,1.3597,1.35997,4.28,1.35
2011.05.06 11:55:29.890,1.3597,1.35996,2.25,1.50
2011.05.06 11:55:30.222,1.35979,1.36,1.50,1.50
2011.05.06 11:55:30.551,1.35979,1.36001,1.50,1.50
2011.05.06 11:55:31.100,1.35975,1.36001,2.40,1.50
2011.05.06 11:55:31.321,1.35974,1.36001,1.50,1.50
2011.05.06 11:55:31.540,1.35974,1.36001,1.50,1.50
2011.05.06 11:55:31.872,1.35974,1.36001,1.50,1.50
2011.05.06 11:55:31.980,1.35974,1.36001,1.50,1.50
2011.05.06 11:55:32.640,1.35974,1.36001,1.50,1.50
2011.05.06 11:55:33.191,1.35974,1.36001,1.50,1.50
2011.05.06 11:55:33.660,1.35974,1.36001,1.50,1.50
2011.05.06 11:55:34.922,1.35974,1.36001,1.50,1.50
2011.05.06 11:55:35.471,1.35974,1.36001,1.50,1.50
2011.05.06 11:55:37.740,1.35974,1.36001,1.50,1.50
2011.05.06 11:55:38.979,1.35974,1.36001,1.50,1.50
2011.05.06 11:55:39.422,1.35971,1.35997,1.35,1.50
2011.05.06 11:55:39.530,1.35971,1.35995,1.35,1.50
2011.05.06 11:55:39.970,1.35972,1.35995,1.35,1.50
2011.05.06 11:55:40.301,1.3599,1.36008,2.40,1.50
2011.05.06 11:55:40.412,1.3599,1.3601,2.40,1.50
2011.05.06 11:55:40.521,1.35985,1.3601,1.50,1.50
2011.05.06 11:55:40.741,1.35983,1.36006,1.50,1.35
2011.05.06 11:55:41.289,1.3598,1.36006,2.25,1.35
2011.05.06 11:55:41.623,1.35983,1.36008,2.78,2.10
2011.05.06 11:55:41.960,1.35978,1.36004,1.50,1.35
2011.05.06 11:55:42.070,1.35977,1.36004,1.50,1.35
2011.05.06 11:55:42.510,1.35975,1.36001,3.53,1.35
2011.05.06 11:55:42.843,1.35971,1.35999,2.25,1.35
2011.05.06 11:55:43.287,1.3597,1.35997,2.25,1.50
2011.05.06 11:55:43.620,1.3597,1.35994,1.50,1.50
2011.05.06 11:55:43.954,1.3596,1.35986,1.50,1.50
2011.05.06 11:55:44.291,1.3596,1.35986,1.50,1.50
2011.05.06 11:55:44.510,1.35963,1.35986,1.50,1.50
2011.05.06 11:55:44.840,1.35963,1.3599,1.50,1.50
2011.05.06 11:55:45.060,1.35963,1.3599,1.50,1.50
2011.05.06 11:55:45.501,1.3596,1.35987,1.35,1.50
2011.05.06 11:55:45.721,1.3596,1.35988,1.35,1.50
2011.05.06 11:55:46.891,1.35964,1.35991,2.25,1.50
2011.05.06 11:55:47.220,1.35969,1.35991,2.40,1.50
2011.05.06 11:55:47.999,1.35969,1.35991,2.40,1.50
2011.05.06 11:55:48.331,1.35966,1.35991,3.00,1.50
2011.05.06 11:55:48.440,1.35966,1.35991,3.00,1.50
2011.05.06 11:55:48.769,1.35966,1.35991,3.00,1.50
2011.05.06 11:55:49.099,1.35966,1.35991,2.25,1.50
2011.05.06 11:55:49.843,1.35962,1.35986,2.40,1.50
2011.05.06 11:55:50.073,1.35959,1.35986,1.50,2.10
2011.05.06 11:55:50.181,1.35959,1.35986,1.50,2.10
2011.05.06 11:55:50.509,1.35959,1.35986,1.50,2.10
2011.05.06 11:55:51.731,1.3596,1.35986,1.50,2.10
2011.05.06 11:55:51.842,1.35961,1.35986,1.50,1.50
2011.05.06 11:55:52.172,1.35954,1.35984,2.10,3.90
2011.05.06 11:55:52.283,1.35947,1.35973,3.15,1.35
2011.05.06 11:55:52.721,1.35936,1.35964,2.25,2.10
2011.05.06 11:55:53.270,1.35936,1.35964,1.50,2.10
2011.05.06 11:55:54.211,1.35936,1.35964,1.50,2.10
2011.05.06 11:55:54.540,1.35934,1.35959,2.25,1.35
2011.05.06 11:55:54.650,1.35934,1.35959,1.50,1.35
2011.05.06 11:55:56.159,1.35932,1.35959,1.50,1.35
2011.05.06 11:55:56.709,1.35934,1.35959,1.50,1.35
2011.05.06 11:55:56.929,1.35934,1.35959,1.50,1.35
2011.05.06 11:55:57.919,1.3593,1.35957,1.50,1.50
2011.05.06 11:55:58.310,1.35931,1.35957,1.50,1.50
2011.05.06 11:55:58.990,1.35931,1.35957,1.50,1.50
2011.05.06 11:55:59.539,1.3593,1.35957,2.25,1.50
2011.05.06 11:55:59.770,1.3593,1.35957,2.25,1.50
2011.05.06 11:56:00.540,1.35931,1.35957,1.50,1.50
2011.05.06 11:56:01.623,1.35932,1.35959,1.50,1.35
2011.05.06 11:56:03.559,1.35934,1.35959,1.50,1.35
2011.05.06 11:56:03.669,1.35934,1.35959,1.50,1.35
2011.05.06 11:56:05.490,1.35934,1.35959,1.50,1.35
2011.05.06 11:56:05.931,1.35936,1.3596,1.50,1.50
2011.05.06 11:56:06.262,1.3594,1.35964,2.10,1.50
2011.05.06 11:56:06.702,1.35942,1.35968,1.50,1.50
2011.05.06 11:56:09.570,1.35942,1.35968,1.50,1.50
2011.05.06 11:56:11.647,1.35942,1.35968,1.50,1.50
2011.05.06 11:56:12.090,1.35944,1.3597,1.50,1.35
2011.05.06 11:56:15.329,1.35944,1.3597,1.50,1.35
2011.05.06 11:56:17.587,1.35944,1.3597,1.50,1.35
2011.05.06 11:56:19.678,1.35945,1.3597,2.25,1.35
2011.05.06 11:56:19.899,1.35946,1.3597,1.50,1.35
2011.05.06 11:56:20.452,1.35946,1.35973,2.10,1.50
2011.05.06 11:56:20.672,1.35948,1.35973,1.50,1.50
2011.05.06 11:56:21.246,1.35946,1.35977,4.13,1.50
2011.05.06 11:56:21.366,1.35947,1.35977,2.10,3.53
2011.05.06 11:56:21.592,1.35954,1.3598,1.35,2.78
2011.05.06 11:56:21.702,1.35956,1.3598,1.50,3.53
2011.05.06 11:56:22.250,1.35956,1.35983,1.50,1.50
2011.05.06 11:56:22.799,1.35957,1.35983,1.50,1.50
2011.05.06 11:56:23.131,1.35955,1.35983,1.50,1.50
2011.05.06 11:56:23.700,1.35956,1.35983,1.50,1.50
2011.05.06 11:56:24.590,1.35955,1.35979,1.50,3.75
2011.05.06 11:56:24.699,1.35952,1.35978,1.50,1.50
2011.05.06 11:56:24.920,1.35951,1.35978,1.50,1.50
2011.05.06 11:56:25.469,1.35952,1.35978,1.50,1.50
2011.05.06 11:56:26.680,1.35951,1.35978,1.50,2.10
2011.05.06 11:56:27.120,1.3595,1.35972,1.50,1.50
2011.05.06 11:56:27.689,1.35946,1.35972,1.50,1.35
2011.05.06 11:56:28.021,1.35945,1.35969,1.50,1.35
2011.05.06 11:56:28.130,1.35945,1.35969,1.50,1.35
2011.05.06 11:56:28.679,1.35945,1.35971,1.50,1.35
2011.05.06 11:56:29.361,1.35945,1.3597,1.50,1.35
2011.05.06 11:56:30.810,1.35945,1.35971,1.50,1.35
2011.05.06 11:56:31.140,1.35945,1.35972,1.50,2.10
2011.05.06 11:56:31.470,1.35945,1.35968,1.50,2.10
2011.05.06 11:56:31.909,1.35945,1.35968,1.50,2.85
2011.05.06 11:56:32.459,1.35945,1.35967,1.50,1.35
2011.05.06 11:56:32.570,1.35945,1.35971,1.50,1.35
2011.05.06 11:56:32.789,1.35945,1.35971,1.50,1.35
2011.05.06 11:56:33.139,1.35945,1.35971,1.50,1.35
2011.05.06 11:56:33.359,1.35945,1.35971,1.50,1.35
2011.05.06 11:56:34.399,1.35945,1.35972,1.50,2.10
2011.05.06 11:56:35.556,1.35947,1.35975,1.50,2.10
2011.05.06 11:56:35.889,1.35943,1.35971,1.50,1.35
2011.05.06 11:56:36.001,1.35943,1.35971,1.50,1.35
2011.05.06 11:56:36.225,1.35943,1.35971,4.28,1.35
2011.05.06 11:56:36.560,1.35943,1.35971,1.50,1.35
2011.05.06 11:56:37.270,1.35943,1.35969,1.50,2.10
2011.05.06 11:56:37.600,1.35943,1.35969,1.50,2.10
2011.05.06 11:56:37.710,1.35943,1.35969,1.50,2.10
2011.05.06 11:56:37.930,1.35943,1.35972,2.10,1.50
2011.05.06 11:56:38.151,1.35943,1.35972,2.10,1.50
2011.05.06 11:56:38.481,1.35943,1.35968,1.50,1.35
2011.05.06 11:56:38.810,1.35943,1.35968,1.50,1.35
2011.05.06 11:56:39.361,1.35943,1.35969,1.50,1.35
2011.05.06 11:56:39.579,1.35943,1.35967,1.50,1.35
2011.05.06 11:56:40.680,1.35945,1.35968,1.50,1.35
2011.05.06 11:56:40.790,1.35948,1.35968,1.50,1.35
2011.05.06 11:56:41.011,1.35948,1.35974,1.50,3.00
2011.05.06 11:56:41.231,1.35957,1.35974,4.50,1.35
2011.05.06 11:56:41.701,1.35966,1.35993,1.50,3.53
2011.05.06 11:56:41.811,1.35967,1.35993,2.25,3.53
2011.05.06 11:56:42.250,1.35967,1.35994,1.50,1.35
2011.05.06 11:56:42.580,1.35967,1.35994,1.50,1.35
2011.05.06 11:56:42.799,1.35967,1.35994,1.50,1.35
2011.05.06 11:56:43.240,1.35968,1.35994,1.50,1.35
2011.05.06 11:56:43.461,1.3597,1.35994,2.25,1.35
2011.05.06 11:56:43.681,1.35973,1.35994,1.50,1.35
2011.05.06 11:56:44.009,1.35973,1.35994,2.25,1.35
2011.05.06 11:56:45.320,1.35974,1.36001,2.25,2.10
2011.05.06 11:56:45.872,1.35969,1.35998,1.35,1.50
2011.05.06 11:56:46.201,1.3597,1.35994,1.50,1.35
2011.05.06 11:56:46.421,1.35968,1.35994,1.50,1.35
2011.05.06 11:56:49.431,1.35969,1.35994,1.50,1.35
2011.05.06 11:56:49.870,1.35968,1.35994,1.50,1.35
2011.05.06 11:56:51.611,1.35968,1.35994,1.50,1.35
2011.05.06 11:56:51.833,1.35965,1.35994,1.50,1.35
2011.05.06 11:56:51.951,1.35967,1.35994,1.50,1.35
2011.05.06 11:56:52.500,1.35967,1.35994,1.50,1.35
2011.05.06 11:56:53.282,1.35967,1.35994,2.25,1.35
2011.05.06 11:56:53.390,1.35967,1.35994,2.25,1.35
2011.05.06 11:56:53.502,1.35969,1.35996,1.50,1.50
2011.05.06 11:56:53.721,1.35969,1.3599,1.50,1.35
2011.05.06 11:56:53.941,1.35966,1.3599,1.50,1.35
2011.05.06 11:56:55.043,1.35966,1.3599,1.50,1.35
2011.05.06 11:56:55.552,1.35968,1.35995,1.50,1.35
2011.05.06 11:56:55.667,1.35967,1.35995,1.50,1.35
2011.05.06 11:56:56.219,1.35967,1.35995,2.25,1.35
2011.05.06 11:56:57.440,1.35967,1.35995,1.50,1.35
2011.05.06 11:56:59.211,1.35965,1.35993,2.10,1.50
2011.05.06 11:56:59.323,1.35965,1.35993,1.35,1.50
2011.05.06 11:57:00.320,1.35965,1.35993,2.10,1.50
2011.05.06 11:57:01.095,1.35967,1.35993,1.50,1.50
2011.05.06 11:57:01.211,1.35963,1.35989,1.50,1.35
2011.05.06 11:57:01.760,1.35963,1.35989,1.50,1.35
2011.05.06 11:57:02.201,1.35964,1.35989,2.25,1.35
2011.05.06 11:57:02.860,1.35967,1.35989,1.50,1.35
2011.05.06 11:57:03.420,1.35966,1.35989,1.50,1.35
2011.05.06 11:57:04.070,1.35967,1.35989,1.50,1.35
2011.05.06 11:57:04.400,1.35967,1.35989,1.50,1.35
2011.05.06 11:57:04.730,1.35967,1.35989,2.25,1.35
2011.05.06 11:57:05.279,1.35968,1.35989,1.50,1.35
2011.05.06 11:57:05.669,1.35967,1.35989,2.25,1.35
2011.05.06 11:57:06.179,1.35969,1.35996,1.50,1.35
2011.05.06 11:57:06.297,1.35972,1.35996,1.50,1.35
2011.05.06 11:57:06.521,1.35973,1.35996,1.50,1.35
2011.05.06 11:57:08.421,1.35971,1.35996,1.50,1.35
2011.05.06 11:57:08.980,1.35971,1.35996,2.25,1.35
2011.05.06 11:57:09.540,1.35973,1.35996,1.50,1.35
2011.05.06 11:57:12.440,1.35973,1.35996,1.50,1.35
2011.05.06 11:57:12.659,1.35972,1.35996,1.50,1.35
2011.05.06 11:57:13.200,1.35973,1.35999,1.50,1.50
2011.05.06 11:57:13.420,1.35972,1.35999,1.50,1.50
2011.05.06 11:57:15.490,1.35971,1.35994,2.25,1.35
2011.05.06 11:57:16.082,1.35971,1.35994,2.25,1.35
2011.05.06 11:57:16.191,1.35973,1.35995,1.50,1.35
2011.05.06 11:57:16.519,1.35973,1.35994,1.50,1.35
2011.05.06 11:57:17.470,1.35971,1.35994,1.50,1.35
2011.05.06 11:57:18.023,1.3597,1.35997,1.35,3.15
2011.05.06 11:57:18.571,1.3597,1.35993,1.50,1.35
2011.05.06 11:57:19.450,1.35968,1.35993,1.50,1.35
2011.05.06 11:57:20.490,1.35968,1.35993,1.50,1.35
2011.05.06 11:57:21.180,1.35968,1.35993,1.50,1.35
2011.05.06 11:57:22.942,1.35968,1.35993,1.50,1.35
2011.05.06 11:57:23.881,1.35966,1.35988,1.88,1.35
2011.05.06 11:57:24.212,1.35966,1.35988,1.13,1.35
2011.05.06 11:57:24.759,1.35966,1.35988,1.88,1.35
2011.05.06 11:57:25.309,1.35967,1.35988,1.13,1.35
2011.05.06 11:57:25.859,1.35966,1.35988,1.88,1.35
2011.05.06 11:57:26.191,1.35968,1.35996,1.13,1.50
2011.05.06 11:57:27.472,1.35968,1.3599,1.13,1.35
2011.05.06 11:57:28.020,1.35968,1.3599,1.50,1.35
2011.05.06 11:57:28.133,1.35967,1.3599,1.88,1.35
2011.05.06 11:57:28.461,1.35968,1.3599,1.50,1.35
2011.05.06 11:57:28.792,1.35982,1.35998,1.35,2.40
2011.05.06 11:57:29.012,1.35985,1.35998,1.35,1.65
2011.05.06 11:57:29.126,1.35983,1.36012,2.25,1.35
2011.05.06 11:57:29.352,1.35982,1.36012,1.50,1.35
2011.05.06 11:57:29.683,1.35984,1.35999,1.65,1.35
2011.05.06 11:57:29.791,1.35975,1.35999,2.29,1.35
2011.05.06 11:57:29.901,1.35975,1.35999,1.50,1.35
2011.05.06 11:57:30.231,1.35969,1.35992,1.50,1.35
2011.05.06 11:57:30.339,1.35967,1.35996,1.50,2.10
2011.05.06 11:57:30.890,1.35967,1.35996,1.50,2.10
2011.05.06 11:57:31.601,1.3597,1.35995,1.50,1.50
2011.05.06 11:57:31.821,1.3597,1.35995,1.50,1.50
2011.05.06 11:57:32.042,1.3597,1.35996,1.50,1.35
2011.05.06 11:57:32.151,1.3597,1.35996,1.50,1.35
2011.05.06 11:57:32.591,1.3597,1.35996,1.50,1.35
2011.05.06 11:57:32.920,1.3597,1.35996,1.50,1.35
2011.05.06 11:57:33.490,1.3597,1.35996,1.50,1.35
2011.05.06 11:57:33.711,1.3597,1.35996,1.50,1.35
2011.05.06 11:57:36.333,1.35973,1.35996,2.25,1.35
2011.05.06 11:57:36.991,1.35974,1.36001,1.50,1.35
2011.05.06 11:57:37.540,1.35974,1.36001,1.50,1.35
2011.05.06 11:57:38.672,1.35972,1.36001,2.25,3.00
2011.05.06 11:57:38.891,1.35974,1.36001,1.50,1.35
2011.05.06 11:57:39.110,1.35974,1.36001,1.50,1.35
2011.05.06 11:57:39.660,1.35974,1.36001,1.50,1.35
2011.05.06 11:57:41.730,1.35974,1.36001,1.50,1.35
2011.05.06 11:57:42.280,1.35974,1.36001,1.50,1.35
2011.05.06 11:57:42.609,1.35974,1.36001,1.50,1.35
2011.05.06 11:57:42.969,1.35974,1.36001,1.50,1.35
2011.05.06 11:57:44.761,1.35974,1.35996,1.50,1.50
2011.05.06 11:57:44.871,1.3597,1.35995,1.50,5.03
2011.05.06 11:57:44.981,1.35969,1.35994,2.25,1.35
2011.05.06 11:57:45.200,1.3597,1.35994,1.50,1.35
2011.05.06 11:57:46.670,1.3597,1.35994,1.50,1.35
2011.05.06 11:57:46.780,1.3597,1.35994,1.50,1.35
2011.05.06 11:57:47.662,1.35969,1.35992,2.25,1.35
2011.05.06 11:57:47.771,1.35966,1.35992,2.25,1.35
2011.05.06 11:57:47.881,1.35966,1.35992,1.50,1.35
2011.05.06 11:57:48.101,1.35966,1.35992,1.50,1.35
2011.05.06 11:57:48.761,1.35966,1.35992,1.50,1.35
2011.05.06 11:57:48.981,1.35966,1.35992,1.50,1.35
2011.05.06 11:57:49.640,1.35963,1.35989,2.25,1.50
2011.05.06 11:57:49.972,1.35957,1.35985,2.25,1.35
2011.05.06 11:57:50.190,1.35959,1.3598,1.50,1.50
2011.05.06 11:57:50.631,1.35957,1.3598,1.50,1.50
2011.05.06 11:57:50.741,1.35957,1.3598,1.50,1.50
2011.05.06 11:57:51.421,1.35959,1.3598,1.50,1.50
2011.05.06 11:57:52.362,1.3596,1.3598,1.50,1.50
2011.05.06 11:57:52.910,1.35962,1.35985,1.50,2.10
2011.05.06 11:57:53.459,1.35961,1.35985,1.50,2.10
2011.05.06 11:57:54.830,1.35961,1.35985,1.50,2.10
2011.05.06 11:57:55.159,1.3596,1.35985,1.50,2.10
2011.05.06 11:57:55.749,1.35961,1.35985,1.50,2.10
2011.05.06 11:57:57.100,1.35962,1.35985,1.50,1.50
2011.05.06 11:57:57.650,1.35963,1.35987,1.50,1.50
2011.05.06 11:57:59.060,1.35964,1.35991,1.50,2.10
2011.05.06 11:57:59.765,1.35964,1.35991,1.50,1.50
2011.05.06 11:58:00.091,1.35963,1.35991,1.50,1.50
2011.05.06 11:58:00.421,1.35963,1.35981,1.50,1.35
2011.05.06 11:58:00.750,1.35953,1.35978,2.25,1.35
2011.05.06 11:58:00.972,1.35949,1.35973,3.53,1.35
2011.05.06 11:58:01.080,1.35949,1.35973,4.28,1.35
2011.05.06 11:58:01.631,1.35946,1.35974,1.50,1.50
2011.05.06 11:58:01.960,1.35946,1.35972,1.50,1.35
2011.05.06 11:58:02.180,1.35946,1.35972,1.50,1.35
2011.05.06 11:58:02.400,1.35946,1.35973,1.50,2.10
2011.05.06 11:58:03.230,1.35947,1.35973,1.50,1.35
2011.05.06 11:58:03.450,1.35947,1.35973,1.50,1.35
2011.05.06 11:58:05.764,1.35949,1.35973,1.50,1.35
2011.05.06 11:58:05.993,1.35952,1.35977,1.50,2.10
2011.05.06 11:58:06.111,1.35952,1.35977,1.50,1.35
2011.05.06 11:58:06.440,1.35952,1.35977,1.50,1.35
2011.05.06 11:58:06.770,1.35952,1.35978,1.50,2.10
2011.05.06 11:58:07.790,1.35952,1.35977,1.50,1.35
2011.05.06 11:58:08.409,1.35932,1.35948,1.50,1.35
2011.05.06 11:58:08.521,1.35913,1.35944,2.25,1.35
2011.05.06 11:58:08.852,1.35913,1.35937,2.40,2.78
2011.05.06 11:58:08.965,1.35911,1.35937,2.10,3.53
2011.05.06 11:58:09.082,1.35911,1.35937,1.35,4.28
2011.05.06 11:58:09.859,1.35909,1.35934,2.25,1.35
2011.05.06 11:58:10.303,1.35912,1.3593,1.50,3.53
2011.05.06 11:58:10.536,1.35915,1.35933,1.65,3.53
2011.05.06 11:58:11.101,1.35912,1.35936,1.50,3.53
2011.05.06 11:58:11.323,1.35911,1.35936,1.50,3.53
2011.05.06 11:58:11.651,1.35917,1.35943,3.15,6.30
2011.05.06 11:58:11.872,1.35923,1.35944,1.50,3.53
2011.05.06 11:58:12.946,1.35901,1.35924,1.50,2.10
2011.05.06 11:58:13.068,1.35901,1.35924,1.50,2.10
2011.05.06 11:58:13.403,1.35901,1.35924,1.50,1.50
2011.05.06 11:58:13.623,1.35902,1.35922,1.50,1.50
2011.05.06 11:58:13.960,1.35894,1.35917,1.50,2.10
2011.05.06 11:58:14.073,1.35894,1.35917,1.43,2.10
2011.05.06 11:58:14.631,1.35893,1.35914,1.43,1.50
2011.05.06 11:58:14.965,1.35893,1.35909,1.43,1.35
2011.05.06 11:58:15.521,1.35894,1.3591,1.43,3.53
2011.05.06 11:58:15.852,1.35894,1.35908,1.43,3.53
2011.05.06 11:58:16.071,1.35892,1.35906,1.43,3.15
2011.05.06 11:58:16.512,1.35891,1.359,1.43,2.10
2011.05.06 11:58:16.629,1.35863,1.35886,1.50,4.28
2011.05.06 11:58:16.746,1.35861,1.35886,1.50,3.53
2011.05.06 11:58:16.864,1.35857,1.35886,2.25,4.13
2011.05.06 11:58:17.202,1.35867,1.35886,1.50,1.50
2011.05.06 11:58:17.421,1.35863,1.35882,1.35,2.78
2011.05.06 11:58:17.533,1.35863,1.35887,1.35,4.28
2011.05.06 11:58:17.654,1.35866,1.35887,1.35,4.28
2011.05.06 11:58:18.101,1.35861,1.35888,1.50,1.35
2011.05.06 11:58:18.652,1.35866,1.35891,2.10,4.28
2011.05.06 11:58:18.763,1.35872,1.35892,1.50,3.53
2011.05.06 11:58:19.321,1.35873,1.35891,1.50,1.50
2011.05.06 11:58:19.987,1.35874,1.35898,2.10,1.50
2011.05.06 11:58:20.107,1.35878,1.35898,1.35,1.50
2011.05.06 11:58:20.661,1.35878,1.35899,1.35,1.50
2011.05.06 11:58:21.102,1.35875,1.35899,2.10,1.50
2011.05.06 11:58:21.429,1.35875,1.35899,2.10,1.50
2011.05.06 11:58:21.761,1.35879,1.35902,2.40,1.50
2011.05.06 11:58:22.128,1.35892,1.35923,1.50,1.35
2011.05.06 11:58:22.256,1.35897,1.35922,1.50,1.50
2011.05.06 11:58:22.373,1.35896,1.35922,1.50,1.50
2011.05.06 11:58:22.713,1.35899,1.35922,1.35,1.50
2011.05.06 11:58:23.381,1.359,1.35923,1.50,1.50
2011.05.06 11:58:23.932,1.35898,1.35926,1.35,1.50
2011.05.06 11:58:24.520,1.35896,1.35921,1.35,1.50
2011.05.06 11:58:24.852,1.35903,1.35929,2.25,4.88
2011.05.06 11:58:25.073,1.35908,1.35929,1.35,1.50
2011.05.06 11:58:25.410,1.35908,1.35934,2.10,1.50
2011.05.06 11:58:25.520,1.35908,1.35934,2.10,1.50
2011.05.06 11:58:26.230,1.35908,1.35934,1.35,1.50
2011.05.06 11:58:26.451,1.35909,1.35936,1.50,3.53
2011.05.06 11:58:26.670,1.3591,1.35937,1.50,1.50
2011.05.06 11:58:27.000,1.35911,1.35937,1.50,1.50
2011.05.06 11:58:27.551,1.3591,1.35937,1.50,2.25
2011.05.06 11:58:28.101,1.35909,1.35935,1.50,1.50
2011.05.06 11:58:28.325,1.35909,1.35937,1.35,1.50
2011.05.06 11:58:28.553,1.35914,1.35939,2.10,2.40
2011.05.06 11:58:29.106,1.35916,1.35945,1.50,1.50
2011.05.06 11:58:29.773,1.35914,1.35944,2.10,1.50
2011.05.06 11:58:30.003,1.35913,1.35939,1.35,1.50
2011.05.06 11:58:30.121,1.35914,1.35939,1.35,1.50
2011.05.06 11:58:30.231,1.35919,1.35947,1.35,1.50
2011.05.06 11:58:31.221,1.35924,1.35947,1.50,1.50
2011.05.06 11:58:31.660,1.35924,1.35947,1.50,1.50
2011.05.06 11:58:31.990,1.35926,1.35947,1.35,1.50
2011.05.06 11:58:32.211,1.35928,1.35951,2.85,1.50
2011.05.06 11:58:32.320,1.35927,1.35951,1.65,1.50
2011.05.06 11:58:32.540,1.35926,1.35958,3.75,5.63
2011.05.06 11:58:32.980,1.35926,1.35958,3.00,4.88
2011.05.06 11:58:33.408,1.35927,1.35957,1.50,1.50
2011.05.06 11:58:33.527,1.35926,1.35954,1.35,1.50
2011.05.06 11:58:33.644,1.35931,1.35954,1.50,1.50
2011.05.06 11:58:33.980,1.35933,1.35958,1.50,2.10
2011.05.06 11:58:34.091,1.35933,1.35958,1.50,2.10
2011.05.06 11:58:34.421,1.35935,1.35958,1.50,1.35
2011.05.06 11:58:34.756,1.35943,1.35959,1.35,1.65
2011.05.06 11:58:34.873,1.35942,1.35966,1.50,1.50
2011.05.06 11:58:35.420,1.35943,1.35967,1.50,2.10
2011.05.06 11:58:36.471,1.35945,1.35967,1.50,1.35
2011.05.06 11:58:36.911,1.35945,1.35969,1.50,2.40
2011.05.06 11:58:37.502,1.35945,1.3597,1.50,1.35
2011.05.06 11:58:37.610,1.35946,1.3597,1.50,1.35
2011.05.06 11:58:37.720,1.35946,1.3597,1.50,1.35
2011.05.06 11:58:38.160,1.35946,1.3597,1.50,1.35
2011.05.06 11:58:38.711,1.35946,1.3597,1.50,1.35
2011.05.06 11:58:38.933,1.35949,1.35974,1.50,1.35
2011.05.06 11:58:39.261,1.3595,1.35974,1.50,1.35
2011.05.06 11:58:39.483,1.3595,1.35974,1.50,1.35
2011.05.06 11:58:40.030,1.35953,1.35979,1.50,1.35
2011.05.06 11:58:40.362,1.35956,1.35984,1.50,1.50
2011.05.06 11:58:40.949,1.35958,1.35984,1.50,1.50
2011.05.06 11:58:41.060,1.35958,1.35984,1.50,1.50
2011.05.06 11:58:41.170,1.35956,1.35984,1.50,1.50
2011.05.06 11:58:41.821,1.3596,1.35984,1.35,1.50
2011.05.06 11:58:42.397,1.35964,1.3599,1.50,1.35
2011.05.06 11:58:42.731,1.35964,1.35986,1.50,1.35
2011.05.06 11:58:42.955,1.35965,1.35986,1.50,1.35
2011.05.06 11:58:44.060,1.35964,1.35992,2.25,1.50
2011.05.06 11:58:44.502,1.35977,1.35992,1.50,1.35
2011.05.06 11:58:44.612,1.35972,1.35995,1.50,3.53
2011.05.06 11:58:44.834,1.35972,1.35997,1.50,1.35
2011.05.06 11:58:45.171,1.35967,1.3599,1.50,1.35
2011.05.06 11:58:45.284,1.35968,1.3599,2.25,1.35
2011.05.06 11:58:45.402,1.35974,1.35992,1.35,1.50
2011.05.06 11:58:45.622,1.35977,1.35995,1.50,2.78
2011.05.06 11:58:46.197,1.35974,1.35994,1.50,1.35
2011.05.06 11:58:46.313,1.35969,1.35994,1.50,1.35
2011.05.06 11:58:46.541,1.35969,1.35994,1.50,1.35
2011.05.06 11:58:46.766,1.35973,1.35999,1.50,1.50
2011.05.06 11:58:46.882,1.35975,1.35999,1.50,1.50
2011.05.06 11:58:47.322,1.3597,1.35997,1.50,1.35
2011.05.06 11:58:47.650,1.35967,1.35996,1.50,1.50
2011.05.06 11:58:48.092,1.35968,1.35996,1.50,1.50
2011.05.06 11:58:48.424,1.35966,1.35991,2.40,1.50
2011.05.06 11:58:48.763,1.35963,1.35991,2.25,2.10
2011.05.06 11:58:49.100,1.35965,1.35992,2.85,1.50
2011.05.06 11:58:49.322,1.3597,1.35992,1.50,1.50
2011.05.06 11:58:49.956,1.35966,1.35993,2.25,1.35
2011.05.06 11:58:50.513,1.35966,1.35993,1.50,1.35
2011.05.06 11:58:50.630,1.35965,1.35992,1.50,1.50
2011.05.06 11:58:51.179,1.35964,1.35992,1.50,1.50
2011.05.06 11:58:51.513,1.35963,1.35989,1.35,1.50
2011.05.06 11:58:51.842,1.35956,1.35983,2.25,1.50
2011.05.06 11:58:52.171,1.35952,1.35977,1.50,1.50
2011.05.06 11:58:52.391,1.35949,1.35977,1.35,1.50
2011.05.06 11:58:52.831,1.35949,1.35974,1.35,1.50
2011.05.06 11:58:53.161,1.35949,1.35974,1.35,1.50
2011.05.06 11:58:53.601,1.35949,1.35974,2.85,1.50
2011.05.06 11:58:54.150,1.3595,1.35974,1.50,1.50
2011.05.06 11:58:54.260,1.3595,1.35974,3.15,1.50
2011.05.06 11:58:54.480,1.3595,1.35974,1.50,1.50
2011.05.06 11:58:54.814,1.3595,1.35974,1.50,1.50
2011.05.06 11:58:55.151,1.35948,1.35974,1.50,1.50
2011.05.06 11:58:55.699,1.35947,1.35978,2.10,1.50
2011.05.06 11:58:56.143,1.35947,1.35976,2.10,2.40
2011.05.06 11:58:58.000,1.35947,1.35975,1.50,1.35
2011.05.06 11:58:59.489,1.35947,1.35975,1.50,1.35
2011.05.06 11:59:00.039,1.35946,1.35975,1.50,1.35
2011.05.06 11:59:01.190,1.35947,1.35977,1.35,1.35
2011.05.06 11:59:01.409,1.35947,1.35972,1.35,1.50
2011.05.06 11:59:01.741,1.35947,1.35972,2.10,1.50
2011.05.06 11:59:02.294,1.35944,1.35969,1.50,1.50
2011.05.06 11:59:02.413,1.35945,1.35973,1.35,1.50
2011.05.06 11:59:02.521,1.35946,1.35973,1.35,1.50
2011.05.06 11:59:03.088,1.35947,1.35968,1.35,1.50
2011.05.06 11:59:03.752,1.35948,1.35975,1.50,1.50
2011.05.06 11:59:03.862,1.3595,1.35975,1.35,1.50
2011.05.06 11:59:04.853,1.3595,1.35977,1.35,1.50
2011.05.06 11:59:05.083,1.35952,1.35977,1.50,1.50
2011.05.06 11:59:05.202,1.35954,1.35977,1.50,1.50
2011.05.06 11:59:05.532,1.3596,1.35982,2.40,1.50
2011.05.06 11:59:05.643,1.3596,1.35982,1.65,1.50
2011.05.06 11:59:05.753,1.35956,1.35985,3.15,2.10
2011.05.06 11:59:06.302,1.35956,1.35981,5.93,1.50
2011.05.06 11:59:06.410,1.35956,1.35981,5.93,1.50
2011.05.06 11:59:06.740,1.35956,1.35981,3.15,1.50
2011.05.06 11:59:06.849,1.35956,1.35981,3.90,1.50
2011.05.06 11:59:09.549,1.35958,1.35985,1.50,2.10
2011.05.06 11:59:09.879,1.35958,1.35985,1.50,2.10
2011.05.06 11:59:11.070,1.35956,1.35985,2.40,2.10
2011.05.06 11:59:11.290,1.35956,1.35985,1.50,2.10
2011.05.06 11:59:12.169,1.35955,1.35985,2.25,2.10
2011.05.06 11:59:12.832,1.35955,1.35985,1.50,2.10
2011.05.06 11:59:13.821,1.35955,1.35985,2.25,2.10
2011.05.06 11:59:16.441,1.35957,1.35985,1.50,2.10
2011.05.06 11:59:16.660,1.35955,1.35985,2.25,2.10
2011.05.06 11:59:16.880,1.35957,1.35985,1.50,2.10
2011.05.06 11:59:17.212,1.35956,1.35985,2.25,2.10
2011.05.06 11:59:17.430,1.35956,1.35985,3.00,2.10
2011.05.06 11:59:17.653,1.35959,1.35985,1.50,2.10
2011.05.06 11:59:17.982,1.35957,1.35985,1.50,2.10
2011.05.06 11:59:18.465,1.3596,1.35985,1.50,2.10
2011.05.06 11:59:19.020,1.35961,1.35985,1.50,2.10
2011.05.06 11:59:19.512,1.35962,1.35985,1.35,1.50
2011.05.06 11:59:19.730,1.35967,1.35985,1.35,1.50
2011.05.06 11:59:20.501,1.35969,1.35988,1.35,1.50
2011.05.06 11:59:20.829,1.35969,1.35995,1.35,1.50
2011.05.06 11:59:21.639,1.35969,1.35995,1.35,1.50
2011.05.06 11:59:24.161,1.35969,1.35996,2.10,1.50
2011.05.06 11:59:27.901,1.35969,1.35996,1.35,1.50
2011.05.06 11:59:28.449,1.35969,1.35996,2.10,1.50
2011.05.06 11:59:30.323,1.35969,1.35992,1.50,3.53
2011.05.06 11:59:30.652,1.35967,1.35994,2.10,4.28
2011.05.06 11:59:30.981,1.35967,1.35994,2.85,1.50
2011.05.06 11:59:31.202,1.35966,1.35995,1.50,2.10
2011.05.06 11:59:31.421,1.35965,1.35995,2.85,2.10
2011.05.06 11:59:31.981,1.35963,1.3599,1.50,1.35
2011.05.06 11:59:32.311,1.3596,1.35988,2.25,1.50
2011.05.06 11:59:32.420,1.3596,1.35988,1.50,1.50
2011.05.06 11:59:32.972,1.35959,1.35988,2.25,1.50
2011.05.06 11:59:33.861,1.3596,1.35988,1.50,1.50
2011.05.06 11:59:34.740,1.35959,1.35988,2.25,1.50
2011.05.06 11:59:34.960,1.35962,1.35988,1.50,1.50
2011.05.06 11:59:35.511,1.35964,1.35988,2.85,1.50
2011.05.06 11:59:35.622,1.35969,1.35989,1.50,1.50
2011.05.06 11:59:35.733,1.35974,1.35989,1.35,1.50
2011.05.06 11:59:35.844,1.35974,1.35994,2.10,1.50
2011.05.06 11:59:36.457,1.35975,1.35999,1.50,1.50
2011.05.06 11:59:36.578,1.35982,1.36003,1.50,1.50
2011.05.06 11:59:37.022,1.35983,1.36007,1.50,1.50
2011.05.06 11:59:37.351,1.35981,1.36007,1.50,1.50
2011.05.06 11:59:37.683,1.35985,1.36011,1.35,1.50
2011.05.06 11:59:38.461,1.35985,1.36011,1.35,1.50
2011.05.06 11:59:38.792,1.35986,1.36011,1.35,1.50
2011.05.06 11:59:39.121,1.35982,1.36007,1.50,1.50
2011.05.06 11:59:39.233,1.3598,1.36007,1.35,1.50
2011.05.06 11:59:39.562,1.3598,1.36007,1.35,1.50
2011.05.06 11:59:41.111,1.35978,1.36003,1.35,1.50
2011.05.06 11:59:41.440,1.35978,1.36003,1.35,1.50
2011.05.06 11:59:43.011,1.35977,1.36003,1.50,1.50
2011.05.06 11:59:45.709,1.35978,1.36003,1.13,1.50
2011.05.06 11:59:45.820,1.35978,1.36003,1.88,1.50
2011.05.06 11:59:45.930,1.3598,1.36003,1.50,1.50
2011.05.06 11:59:46.371,1.35982,1.36005,1.50,4.13
2011.05.06 11:59:46.700,1.3598,1.36005,1.50,4.13
2011.05.06 11:59:50.091,1.35976,1.36004,2.25,1.50
2011.05.06 11:59:50.420,1.35977,1.36004,1.50,1.50
2011.05.06 11:59:50.641,1.35981,1.36004,2.40,1.50
2011.05.06 11:59:50.861,1.35981,1.36004,3.15,1.50
2011.05.06 11:59:51.442,1.35981,1.36004,2.40,1.50
2011.05.06 11:59:52.319,1.35981,1.36004,3.15,1.50
2011.05.06 11:59:52.873,1.35981,1.36008,3.15,1.50
2011.05.06 11:59:53.093,1.35981,1.36011,3.15,1.50
2011.05.06 11:59:53.652,1.35982,1.36009,1.50,1.50
2011.05.06 11:59:54.771,1.35988,1.36015,1.50,1.50
2011.05.06 11:59:56.224,1.35988,1.36015,1.50,1.50
2011.05.06 11:59:56.781,1.35988,1.36015,1.50,4.28
2011.05.06 11:59:57.441,1.35986,1.36011,1.35,1.50
2011.05.06 11:59:57.551,1.35986,1.36011,1.35,1.50
2011.05.06 11:59:57.880,1.35986,1.36011,1.35,1.50
2011.05.06 11:59:59.451,1.35985,1.36011,1.35,1.50
2011.05.06 11:59:59.890,1.35986,1.36011,1.35,4.28
