2012.02.24 10:00:00.165,1.24737,1.24761,1.50,2.76
2012.02.24 10:00:01.206,1.24737,1.24761,1.50,2.76
2012.02.24 10:00:01.301,1.24737,1.24761,2.25,2.55
2012.02.24 10:00:01.709,1.24742,1.24768,1.50,2.08
2012.02.24 10:00:01.787,1.24741,1.24766,2.64,1.71
2012.02.24 10:00:02.277,1.24742,1.24767,1.50,1.33
2012.02.24 10:00:02.970,1.24739,1.24762,1.50,2.55
2012.02.24 10:00:03.596,1.24741,1.24765,1.50,2.46
2012.02.24 10:00:03.793,1.24739,1.24765,2.55,3.06
2012.02.24 10:00:04.104,1.2474,1.24763,1.50,1.71
2012.02.24 10:00:04.876,1.2474,1.24761,1.50,1.13
2012.02.24 10:00:04.963,1.2474,1.24759,1.50,1.33
2012.02.24 10:00:05.496,1.2474,1.2476,1.50,2.76
2012.02.24 10:00:05.764,1.2474,1.2476,1.50,2.76
2012.02.24 10:00:06.275,1.24739,1.24761,1.50,1.03
2012.02.24 10:00:07.192,1.24739,1.24761,1.50,1.33
2012.02.24 10:00:07.749,1.24739,1.24759,1.50,1.95
2012.02.24 10:00:08.369,1.2474,1.24757,1.50,2.76
2012.02.24 10:00:09.193,1.2474,1.24757,1.50,1.80
2012.02.24 10:00:10.819,1.2474,1.24758,1.50,2.76
2012.02.24 10:00:11.135,1.2474,1.24758,1.50,2.55
2012.02.24 10:00:11.445,1.2474,1.24753,1.50,3.00
2012.02.24 10:00:11.698,1.24733,1.24753,1.35,2.76
2012.02.24 10:00:11.899,1.24736,1.24756,2.55,1.71
2012.02.24 10:00:12.028,1.24736,1.24756,2.55,2.25
2012.02.24 10:00:12.533,1.2473,1.24756,1.50,2.25
2012.02.24 10:00:13.432,1.24729,1.24755,3.30,1.50
2012.02.24 10:00:13.937,1.2473,1.24756,1.50,1.50
2012.02.24 10:00:14.885,1.24732,1.24756,1.20,1.71
2012.02.24 10:00:15.659,1.24736,1.24753,1.20,1.50
2012.02.24 10:00:15.800,1.24736,1.24753,1.20,1.50
2012.02.24 10:00:17.056,1.24732,1.24754,1.20,1.71
2012.02.24 10:00:17.129,1.2473,1.24754,1.50,1.56
2012.02.24 10:00:17.890,1.24726,1.24751,3.00,1.50
2012.02.24 10:00:18.798,1.24729,1.24754,2.85,1.71
2012.02.24 10:00:20.934,1.24727,1.24753,1.50,2.76
2012.02.24 10:00:21.240,1.24729,1.24752,1.50,1.71
2012.02.24 10:00:21.458,1.24729,1.24749,1.50,2.55
2012.02.24 10:00:22.102,1.24729,1.24749,1.50,2.76
2012.02.24 10:00:22.663,1.24729,1.24742,1.50,1.80
2012.02.24 10:00:23.317,1.24726,1.24748,1.50,2.46
2012.02.24 10:00:23.463,1.24726,1.24749,1.50,2.25
2012.02.24 10:00:25.446,1.24727,1.24749,2.25,1.50
2012.02.24 10:00:25.632,1.24726,1.24749,1.59,1.50
2012.02.24 10:00:26.742,1.24726,1.24749,1.50,1.50
2012.02.24 10:00:27.406,1.24726,1.24749,1.50,2.25
2012.02.24 10:00:27.912,1.24726,1.24749,2.25,1.50
2012.02.24 10:00:28.103,1.24728,1.24749,1.50,2.10
2012.02.24 10:00:28.647,1.24724,1.24746,1.50,1.71
2012.02.24 10:00:28.776,1.24724,1.24744,1.50,1.71
2012.02.24 10:00:29.446,1.24725,1.24744,1.50,1.50
2012.02.24 10:00:29.678,1.24725,1.24744,1.50,1.50
2012.02.24 10:00:30.733,1.24721,1.24741,2.25,1.50
2012.02.24 10:00:32.059,1.24721,1.24741,1.50,1.50
2012.02.24 10:00:32.189,1.24716,1.24741,5.34,1.50
2012.02.24 10:00:33.132,1.24721,1.24743,1.50,2.31
2012.02.24 10:00:33.547,1.24719,1.24743,1.50,2.31
2012.02.24 10:00:36.443,1.24721,1.24743,1.50,2.31
2012.02.24 10:00:39.129,1.2472,1.24741,1.35,1.50
2012.02.24 10:00:39.653,1.24719,1.2474,3.30,1.50
2012.02.24 10:00:41.016,1.24719,1.24742,1.50,2.76
2012.02.24 10:00:42.466,1.24719,1.24741,1.50,1.50
2012.02.24 10:00:45.855,1.24719,1.24741,1.50,1.50
2012.02.24 10:00:46.407,1.24719,1.24743,1.50,4.50
2012.02.24 10:00:46.545,1.24721,1.24743,2.55,1.95
2012.02.24 10:00:47.515,1.24719,1.24743,1.50,3.51
2012.02.24 10:00:48.411,1.24721,1.24743,1.50,1.50
2012.02.24 10:00:48.489,1.2472,1.24743,2.55,1.50
2012.02.24 10:00:51.669,1.2472,1.24743,3.30,1.50
2012.02.24 10:00:53.571,1.2472,1.24742,2.25,1.50
2012.02.24 10:00:53.771,1.24724,1.24744,1.35,1.50
2012.02.24 10:00:54.052,1.24723,1.24744,1.50,2.55
2012.02.24 10:00:54.386,1.24721,1.24743,1.50,1.71
2012.02.24 10:00:55.210,1.24719,1.24743,1.50,1.50
2012.02.24 10:00:55.484,1.24726,1.24743,1.35,1.50
2012.02.24 10:00:55.553,1.24729,1.24745,1.50,1.26
2012.02.24 10:00:56.055,1.24728,1.2475,3.30,1.33
2012.02.24 10:00:56.483,1.24724,1.2475,1.50,3.36
2012.02.24 10:00:56.992,1.24721,1.24748,3.30,1.71
2012.02.24 10:00:59.835,1.24722,1.24748,1.50,2.83
2012.02.24 10:01:00.349,1.24719,1.24744,1.20,3.51
2012.02.24 10:01:01.998,1.24719,1.24744,1.50,2.76
2012.02.24 10:01:02.781,1.2472,1.24742,1.50,1.20
2012.02.24 10:01:02.863,1.24718,1.24742,2.10,1.41
2012.02.24 10:01:03.486,1.24718,1.24743,1.59,3.96
2012.02.24 10:01:04.932,1.24718,1.24743,1.59,3.96
2012.02.24 10:01:05.196,1.2472,1.24745,2.55,1.71
2012.02.24 10:01:06.760,1.24722,1.24741,1.50,1.50
2012.02.24 10:01:06.969,1.24719,1.24743,1.50,2.76
2012.02.24 10:01:07.526,1.24715,1.24741,1.95,1.71
2012.02.24 10:01:08.428,1.24718,1.2474,1.35,2.76
2012.02.24 10:01:10.898,1.24714,1.24737,1.50,1.20
2012.02.24 10:01:11.232,1.24713,1.24739,1.50,1.41
2012.02.24 10:01:12.595,1.24715,1.24741,1.50,3.21
2012.02.24 10:01:16.623,1.24716,1.24741,1.50,2.08
2012.02.24 10:01:16.695,1.24716,1.24736,1.50,1.35
2012.02.24 10:01:17.415,1.24715,1.24737,1.50,1.95
2012.02.24 10:01:17.602,1.24716,1.2474,1.50,3.36
2012.02.24 10:01:17.824,1.24715,1.24739,2.25,1.35
2012.02.24 10:01:18.734,1.2471,1.24737,2.25,2.61
2012.02.24 10:01:19.303,1.2471,1.24736,2.25,2.01
2012.02.24 10:01:20.533,1.24712,1.24738,1.50,4.86
2012.02.24 10:01:20.735,1.24712,1.24738,1.50,2.31
2012.02.24 10:01:21.347,1.24713,1.24738,3.00,1.71
2012.02.24 10:01:21.904,1.24713,1.24739,3.00,3.51
2012.02.24 10:01:25.171,1.24713,1.24738,3.00,1.71
2012.02.24 10:01:26.303,1.24713,1.24738,3.00,1.71
2012.02.24 10:01:26.955,1.24713,1.24739,1.20,3.51
2012.02.24 10:01:27.498,1.24713,1.24739,1.20,3.51
2012.02.24 10:01:28.123,1.24712,1.24739,1.80,3.51
2012.02.24 10:01:30.743,1.24712,1.24738,2.10,1.71
2012.02.24 10:01:31.018,1.24711,1.24736,1.95,2.01
2012.02.24 10:01:34.029,1.24718,1.2474,2.55,1.50
2012.02.24 10:01:34.719,1.24718,1.24741,2.55,3.00
2012.02.24 10:01:34.988,1.24718,1.24742,2.55,1.50
2012.02.24 10:01:35.857,1.24716,1.2474,1.35,1.80
2012.02.24 10:01:36.393,1.24717,1.24741,2.25,1.50
2012.02.24 10:01:38.032,1.24717,1.24741,2.25,1.50
2012.02.24 10:01:39.393,1.24717,1.24742,2.25,2.55
2012.02.24 10:01:39.469,1.24717,1.24742,2.25,2.55
2012.02.24 10:01:40.465,1.24717,1.24742,2.25,3.30
2012.02.24 10:01:40.716,1.24714,1.24741,3.09,1.35
2012.02.24 10:01:40.785,1.24714,1.24737,3.00,1.50
2012.02.24 10:01:41.155,1.24715,1.24735,1.50,2.55
2012.02.24 10:01:41.915,1.24711,1.24735,1.35,2.55
2012.02.24 10:01:42.126,1.24715,1.24736,1.20,1.50
2012.02.24 10:01:42.888,1.24715,1.24741,3.09,2.10
2012.02.24 10:01:43.230,1.24719,1.24741,2.25,2.10
2012.02.24 10:01:43.377,1.24719,1.2474,2.25,1.50
2012.02.24 10:01:43.585,1.24716,1.24741,2.55,2.10
2012.02.24 10:01:44.135,1.24717,1.24741,2.55,1.35
2012.02.24 10:01:45.516,1.24717,1.24742,2.55,2.10
2012.02.24 10:01:46.037,1.24719,1.24746,1.50,4.50
2012.02.24 10:01:46.486,1.24718,1.24746,5.40,1.95
2012.02.24 10:01:47.421,1.24718,1.24742,3.90,1.50
2012.02.24 10:01:48.354,1.24716,1.2474,1.20,1.50
2012.02.24 10:01:49.398,1.24717,1.24742,2.04,1.35
2012.02.24 10:01:49.953,1.24717,1.2474,2.70,1.80
2012.02.24 10:01:50.838,1.24717,1.2474,2.70,2.55
2012.02.24 10:01:51.355,1.24717,1.2474,2.25,1.80
2012.02.24 10:01:51.499,1.2472,1.24742,1.95,1.50
2012.02.24 10:01:51.579,1.2472,1.24743,1.95,1.50
2012.02.24 10:01:52.054,1.24722,1.24746,3.00,1.50
2012.02.24 10:01:54.088,1.2472,1.24745,1.35,1.50
2012.02.24 10:01:54.172,1.24718,1.24741,2.25,1.50
2012.02.24 10:01:54.484,1.24716,1.24742,1.95,1.50
2012.02.24 10:01:59.521,1.24717,1.24729,2.55,2.10
2012.02.24 10:01:59.672,1.24717,1.24731,2.55,2.25
2012.02.24 10:02:00.101,1.2471,1.24729,1.20,1.80
2012.02.24 10:02:00.825,1.24713,1.24736,1.50,2.55
2012.02.24 10:02:03.894,1.24711,1.24735,2.55,2.10
2012.02.24 10:02:04.426,1.24711,1.24735,2.55,1.35
2012.02.24 10:02:04.616,1.2471,1.24733,1.95,1.80
2012.02.24 10:02:09.045,1.24709,1.24733,1.59,3.15
2012.02.24 10:02:09.328,1.24708,1.24728,1.50,1.80
2012.02.24 10:02:09.536,1.24708,1.24733,1.50,1.80
2012.02.24 10:02:10.046,1.24709,1.24734,3.09,1.80
2012.02.24 10:02:11.615,1.24709,1.24734,1.50,3.60
2012.02.24 10:02:12.165,1.24711,1.24735,2.55,1.20
2012.02.24 10:02:12.768,1.24711,1.24735,2.55,1.50
2012.02.24 10:02:14.571,1.2471,1.24733,1.35,1.80
2012.02.24 10:02:14.648,1.2471,1.24733,2.10,1.80
2012.02.24 10:02:15.373,1.2471,1.24733,2.19,1.80
2012.02.24 10:02:15.576,1.24715,1.24737,1.50,2.46
2012.02.24 10:02:15.908,1.24722,1.24737,1.50,2.25
2012.02.24 10:02:16.047,1.2472,1.24739,2.10,2.55
2012.02.24 10:02:16.189,1.24722,1.24741,2.55,2.25
2012.02.24 10:02:16.541,1.24721,1.24742,1.50,2.55
2012.02.24 10:02:17.456,1.24714,1.24738,3.00,1.50
2012.02.24 10:02:17.538,1.24715,1.24732,3.00,1.80
2012.02.24 10:02:17.755,1.24715,1.24736,3.00,1.80
2012.02.24 10:02:18.122,1.24711,1.24732,2.25,1.80
2012.02.24 10:02:18.437,1.24711,1.24727,1.50,1.80
2012.02.24 10:02:18.564,1.24711,1.24732,2.25,2.25
2012.02.24 10:02:19.574,1.2471,1.24726,2.25,1.80
2012.02.24 10:02:19.657,1.24704,1.24726,1.50,2.55
2012.02.24 10:02:19.724,1.24704,1.24726,1.50,1.80
2012.02.24 10:02:19.975,1.24704,1.24728,1.50,2.25
2012.02.24 10:02:20.343,1.24709,1.24728,1.50,2.25
2012.02.24 10:02:20.697,1.2471,1.24733,1.35,1.50
2012.02.24 10:02:20.840,1.24708,1.24734,1.50,3.30
2012.02.24 10:02:21.454,1.24713,1.24734,2.25,1.80
2012.02.24 10:02:21.785,1.24711,1.24737,4.05,1.20
2012.02.24 10:02:21.997,1.24711,1.24731,2.25,1.80
2012.02.24 10:02:22.346,1.24711,1.24729,2.25,1.80
2012.02.24 10:02:22.559,1.24711,1.24735,2.25,1.71
2012.02.24 10:02:23.337,1.24716,1.24737,1.35,3.30
2012.02.24 10:02:23.614,1.24717,1.24743,2.25,1.50
2012.02.24 10:02:23.687,1.24718,1.24741,2.25,1.35
2012.02.24 10:02:23.762,1.24718,1.24739,2.25,1.50
2012.02.24 10:02:24.117,1.24718,1.24737,2.25,1.41
2012.02.24 10:02:24.186,1.24717,1.24731,2.25,1.80
2012.02.24 10:02:24.256,1.24717,1.24733,2.25,1.80
2012.02.24 10:02:25.068,1.24728,1.24742,1.35,1.18
2012.02.24 10:02:25.134,1.24728,1.24743,1.35,1.73
2012.02.24 10:02:25.454,1.2473,1.24743,1.35,1.50
2012.02.24 10:02:25.524,1.2473,1.24746,1.35,1.50
2012.02.24 10:02:25.600,1.2473,1.24753,1.35,2.55
2012.02.24 10:02:25.953,1.24728,1.24752,1.50,2.55
2012.02.24 10:02:28.898,1.24737,1.24757,2.25,3.22
2012.02.24 10:02:30.394,1.24737,1.24757,2.25,3.30
2012.02.24 10:02:30.665,1.24737,1.24757,2.25,3.30
2012.02.24 10:02:30.795,1.24737,1.24756,2.25,1.80
2012.02.24 10:02:31.103,1.24734,1.2475,1.50,1.80
2012.02.24 10:02:31.175,1.24734,1.24756,1.50,1.80
2012.02.24 10:02:31.243,1.24732,1.24756,3.00,1.80
2012.02.24 10:02:31.314,1.24732,1.2475,3.00,1.80
2012.02.24 10:02:31.951,1.24732,1.24756,3.00,2.55
2012.02.24 10:02:32.031,1.24733,1.24756,1.50,2.55
2012.02.24 10:02:32.400,1.24733,1.24756,1.50,2.55
2012.02.24 10:02:32.554,1.2473,1.24757,2.25,2.92
2012.02.24 10:02:32.640,1.2473,1.24752,3.00,2.55
2012.02.24 10:02:32.997,1.2473,1.24752,3.00,2.55
2012.02.24 10:02:34.593,1.24732,1.24756,1.50,2.55
2012.02.24 10:02:35.280,1.24732,1.24756,1.50,2.55
2012.02.24 10:02:35.943,1.24731,1.24753,1.20,1.50
2012.02.24 10:02:36.496,1.24727,1.2475,3.75,1.80
2012.02.24 10:02:37.034,1.24727,1.24751,2.25,2.55
2012.02.24 10:02:37.938,1.24725,1.24743,2.25,1.80
2012.02.24 10:02:38.017,1.2473,1.24751,1.50,2.55
2012.02.24 10:02:38.535,1.24729,1.24753,2.25,1.50
2012.02.24 10:02:38.915,1.24729,1.24751,1.50,1.50
2012.02.24 10:02:39.225,1.24728,1.24751,1.50,1.50
2012.02.24 10:02:40.696,1.24728,1.24751,1.50,1.50
2012.02.24 10:02:42.507,1.24727,1.2475,2.25,1.50
2012.02.24 10:02:42.833,1.24726,1.24747,1.50,1.80
2012.02.24 10:02:43.154,1.24727,1.24753,1.50,5.17
2012.02.24 10:02:45.051,1.24736,1.24756,2.55,1.50
2012.02.24 10:02:45.197,1.24734,1.24758,2.25,2.55
2012.02.24 10:02:45.601,1.24732,1.24754,2.25,2.55
2012.02.24 10:02:46.357,1.24731,1.24755,1.50,2.55
2012.02.24 10:02:47.028,1.2473,1.24755,1.50,2.55
2012.02.24 10:02:47.633,1.2473,1.24755,1.50,2.55
2012.02.24 10:02:49.144,1.2473,1.24755,2.10,2.55
2012.02.24 10:02:50.478,1.2473,1.24749,2.85,1.80
2012.02.24 10:02:52.227,1.2473,1.24755,1.50,1.87
2012.02.24 10:02:52.533,1.2473,1.24756,1.50,4.17
2012.02.24 10:02:53.416,1.2473,1.24747,1.50,1.80
2012.02.24 10:02:54.073,1.2473,1.24747,1.50,2.55
2012.02.24 10:02:54.662,1.2473,1.24747,1.50,1.80
2012.02.24 10:02:54.862,1.2473,1.24754,1.50,1.71
2012.02.24 10:02:54.934,1.2473,1.24753,1.50,1.35
2012.02.24 10:02:55.263,1.24727,1.24747,1.50,1.80
2012.02.24 10:02:55.833,1.24727,1.24747,1.50,1.80
2012.02.24 10:02:56.997,1.24727,1.24747,1.50,1.80
2012.02.24 10:02:57.126,1.24728,1.24753,3.00,2.10
2012.02.24 10:02:57.939,1.24726,1.24749,1.50,1.50
2012.02.24 10:02:58.016,1.24723,1.24748,1.50,2.55
2012.02.24 10:02:58.359,1.24727,1.2475,1.50,3.15
2012.02.24 10:02:58.915,1.24726,1.24751,3.00,1.20
2012.02.24 10:02:59.379,1.24726,1.24751,2.25,1.20
2012.02.24 10:03:01.604,1.24727,1.24752,2.25,1.50
2012.02.24 10:03:02.142,1.24729,1.24754,1.50,1.35
2012.02.24 10:03:03.883,1.24728,1.24747,1.50,1.80
2012.02.24 10:03:05.364,1.24728,1.24747,1.50,1.80
2012.02.24 10:03:05.504,1.24729,1.24753,1.50,1.42
2012.02.24 10:03:05.643,1.24729,1.24755,1.50,3.30
2012.02.24 10:03:07.994,1.24727,1.24748,1.50,1.80
2012.02.24 10:03:08.735,1.24727,1.24748,1.50,2.55
2012.02.24 10:03:09.330,1.24727,1.24748,2.25,2.55
2012.02.24 10:03:09.644,1.2473,1.24755,1.50,4.35
2012.02.24 10:03:10.202,1.2473,1.24754,1.50,1.35
2012.02.24 10:03:10.627,1.2473,1.24749,1.50,1.13
2012.02.24 10:03:10.935,1.24728,1.24737,1.50,1.80
2012.02.24 10:03:11.064,1.24715,1.24737,2.25,1.80
2012.02.24 10:03:11.134,1.24715,1.24737,1.50,2.55
2012.02.24 10:03:11.737,1.24714,1.24736,1.50,2.10
2012.02.24 10:03:11.811,1.24714,1.24735,1.50,1.50
2012.02.24 10:03:12.122,1.24711,1.24731,1.50,1.80
2012.02.24 10:03:13.623,1.24714,1.24731,2.25,1.80
2012.02.24 10:03:14.526,1.24721,1.24731,1.50,1.80
2012.02.24 10:03:14.669,1.24721,1.24738,3.30,1.42
2012.02.24 10:03:14.736,1.24721,1.24735,1.80,1.50
2012.02.24 10:03:15.435,1.2472,1.24731,2.25,1.50
2012.02.24 10:03:15.515,1.24715,1.24736,2.25,1.50
2012.02.24 10:03:16.366,1.24718,1.24737,2.25,1.50
2012.02.24 10:03:16.955,1.24718,1.24733,2.25,1.80
2012.02.24 10:03:17.494,1.24716,1.24733,2.25,1.80
2012.02.24 10:03:18.134,1.24716,1.24733,2.25,1.80
2012.02.24 10:03:19.085,1.24722,1.24733,2.25,1.80
2012.02.24 10:03:19.415,1.24726,1.24744,1.50,3.30
2012.02.24 10:03:19.667,1.24722,1.24742,2.25,3.00
2012.02.24 10:03:19.734,1.24722,1.24742,2.25,3.00
2012.02.24 10:03:20.246,1.24724,1.24744,2.25,3.30
2012.02.24 10:03:20.575,1.24723,1.24741,1.50,2.85
2012.02.24 10:03:20.648,1.24717,1.24738,3.00,4.05
2012.02.24 10:03:20.716,1.24717,1.24738,3.75,3.30
2012.02.24 10:03:21.504,1.24724,1.24747,2.25,2.76
2012.02.24 10:03:24.164,1.24729,1.24746,1.35,2.55
2012.02.24 10:03:24.367,1.2473,1.24752,4.65,1.42
2012.02.24 10:03:24.443,1.24731,1.24752,2.25,1.42
2012.02.24 10:03:25.164,1.24731,1.24751,2.25,2.55
2012.02.24 10:03:25.246,1.24729,1.2475,1.20,1.50
2012.02.24 10:03:26.155,1.24725,1.2474,2.10,1.80
2012.02.24 10:03:26.687,1.24722,1.24745,1.35,2.92
2012.02.24 10:03:27.237,1.24721,1.24745,5.70,2.55
2012.02.24 10:03:28.402,1.24721,1.24745,2.25,2.55
2012.02.24 10:03:29.463,1.24721,1.24743,1.50,1.50
2012.02.24 10:03:29.602,1.24721,1.24743,1.50,1.50
2012.02.24 10:03:29.734,1.24721,1.24744,1.50,2.55
2012.02.24 10:03:30.945,1.24721,1.24744,1.50,2.55
2012.02.24 10:03:31.764,1.24726,1.24747,1.35,1.50
2012.02.24 10:03:33.353,1.24726,1.24748,1.35,1.50
2012.02.24 10:03:34.951,1.2473,1.2475,1.20,2.55
2012.02.24 10:03:35.089,1.2473,1.2475,1.20,2.55
2012.02.24 10:03:35.979,1.24723,1.24742,3.00,2.25
2012.02.24 10:03:36.594,1.24723,1.24741,1.50,1.50
2012.02.24 10:03:37.102,1.24723,1.2474,1.50,1.50
2012.02.24 10:03:37.935,1.24723,1.2474,3.00,1.50
2012.02.24 10:03:38.020,1.24723,1.24742,2.25,1.50
2012.02.24 10:03:38.154,1.24723,1.24742,2.25,1.50
2012.02.24 10:03:38.662,1.24723,1.24742,2.25,2.25
2012.02.24 10:03:38.737,1.24721,1.2474,2.25,1.50
2012.02.24 10:03:39.074,1.24723,1.24741,2.25,1.50
2012.02.24 10:03:39.583,1.24721,1.2474,3.75,3.30
2012.02.24 10:03:41.865,1.24721,1.2474,2.25,3.30
2012.02.24 10:03:44.685,1.24721,1.24739,2.25,1.50
2012.02.24 10:03:45.005,1.24717,1.24734,2.25,3.30
2012.02.24 10:03:49.743,1.24721,1.24734,2.25,1.80
2012.02.24 10:03:49.814,1.24721,1.24738,2.25,1.50
2012.02.24 10:03:50.253,1.24722,1.24742,2.25,2.25
2012.02.24 10:03:55.965,1.24724,1.24742,1.50,2.25
2012.02.24 10:03:57.618,1.24723,1.24742,2.25,1.50
2012.02.24 10:03:57.744,1.24726,1.24745,2.25,2.55
2012.02.24 10:03:57.886,1.24729,1.24745,1.50,2.55
2012.02.24 10:03:57.961,1.24725,1.24743,2.25,2.25
2012.02.24 10:03:58.237,1.24725,1.24743,1.50,1.50
2012.02.24 10:03:58.747,1.24725,1.24745,1.50,2.25
2012.02.24 10:04:01.146,1.24727,1.24748,2.25,2.25
2012.02.24 10:04:01.465,1.24724,1.24745,3.45,2.25
2012.02.24 10:04:01.713,1.24725,1.24743,3.75,1.50
2012.02.24 10:04:01.783,1.24725,1.24746,2.25,4.05
2012.02.24 10:04:02.097,1.24725,1.24745,2.25,3.30
2012.02.24 10:04:03.176,1.24726,1.24746,2.25,2.25
2012.02.24 10:04:03.498,1.24729,1.24747,2.25,2.25
2012.02.24 10:04:03.919,1.2473,1.24748,2.25,1.50
2012.02.24 10:04:04.254,1.24736,1.24754,1.50,3.00
2012.02.24 10:04:04.329,1.24733,1.24754,2.25,3.00
2012.02.24 10:04:05.091,1.24734,1.24752,1.20,2.25
2012.02.24 10:04:05.240,1.2473,1.2475,2.25,2.25
2012.02.24 10:04:05.776,1.24732,1.2475,1.50,2.25
2012.02.24 10:04:07.646,1.24733,1.24753,1.50,2.25
2012.02.24 10:04:09.275,1.24733,1.24753,1.50,2.25
2012.02.24 10:04:09.995,1.24735,1.24754,2.25,3.75
2012.02.24 10:04:10.626,1.24735,1.24754,1.50,3.75
2012.02.24 10:04:10.705,1.24731,1.2475,3.00,2.25
2012.02.24 10:04:10.780,1.24731,1.2475,3.00,1.50
2012.02.24 10:04:10.859,1.24738,1.24755,1.50,2.55
2012.02.24 10:04:11.055,1.24734,1.24754,1.50,1.35
2012.02.24 10:04:11.185,1.24732,1.24753,2.25,3.75
2012.02.24 10:04:11.312,1.24731,1.24751,1.50,2.25
2012.02.24 10:04:12.715,1.24734,1.24752,2.25,1.50
2012.02.24 10:04:13.045,1.24736,1.24755,1.50,2.25
2012.02.24 10:04:13.554,1.24734,1.24753,2.25,2.25
2012.02.24 10:04:14.055,1.24736,1.24755,1.50,2.25
2012.02.24 10:04:14.586,1.24733,1.24754,2.85,2.25
2012.02.24 10:04:14.774,1.24733,1.24754,1.50,2.25
2012.02.24 10:04:15.023,1.24733,1.24754,2.25,2.25
2012.02.24 10:04:15.794,1.24734,1.24753,1.95,2.25
2012.02.24 10:04:16.494,1.24734,1.24753,1.50,2.25
2012.02.24 10:04:17.046,1.24732,1.24753,2.25,2.25
2012.02.24 10:04:17.600,1.2473,1.24748,1.50,2.25
2012.02.24 10:04:17.795,1.24729,1.24748,3.00,2.25
2012.02.24 10:04:18.513,1.24729,1.24746,1.50,1.50
2012.02.24 10:04:18.607,1.24723,1.24743,3.75,2.25
2012.02.24 10:04:18.887,1.24728,1.24746,1.50,5.47
2012.02.24 10:04:19.024,1.24726,1.24745,1.50,2.25
2012.02.24 10:04:19.586,1.24727,1.24747,1.50,2.25
2012.02.24 10:04:20.146,1.24724,1.24745,2.70,3.00
2012.02.24 10:04:20.227,1.24724,1.24745,2.70,3.00
2012.02.24 10:04:21.013,1.24724,1.24745,1.50,3.00
2012.02.24 10:04:21.822,1.24724,1.24745,2.25,3.00
2012.02.24 10:04:25.343,1.24726,1.24745,1.50,2.25
2012.02.24 10:04:25.854,1.24727,1.24748,2.25,3.00
2012.02.24 10:04:25.926,1.2473,1.24748,1.50,3.00
2012.02.24 10:04:26.473,1.24728,1.24745,1.50,1.50
2012.02.24 10:04:26.984,1.24727,1.24745,2.25,1.50
2012.02.24 10:04:27.424,1.24727,1.24746,2.25,1.50
2012.02.24 10:04:28.379,1.24733,1.2475,1.50,3.00
2012.02.24 10:04:28.447,1.24728,1.24749,2.25,2.25
2012.02.24 10:04:29.509,1.24725,1.24744,2.25,1.50
2012.02.24 10:04:30.072,1.24727,1.24748,2.25,3.00
2012.02.24 10:04:30.263,1.24725,1.24746,2.25,1.50
2012.02.24 10:04:31.565,1.24725,1.24746,3.75,1.50
2012.02.24 10:04:31.632,1.24727,1.24748,2.25,1.50
2012.02.24 10:04:33.466,1.24727,1.24748,2.25,2.25
2012.02.24 10:04:33.829,1.24723,1.24742,2.25,1.50
2012.02.24 10:04:33.990,1.24727,1.24744,2.25,1.50
2012.02.24 10:04:34.502,1.24727,1.24745,2.25,3.30
2012.02.24 10:04:35.635,1.24727,1.24748,2.25,1.50
2012.02.24 10:04:36.020,1.24726,1.24746,2.25,1.50
2012.02.24 10:04:36.099,1.24729,1.24746,1.35,2.25
2012.02.24 10:04:36.244,1.24732,1.24752,1.50,1.50
2012.02.24 10:04:36.322,1.24727,1.24748,2.25,2.25
2012.02.24 10:04:36.472,1.24727,1.24748,2.25,2.25
2012.02.24 10:04:36.877,1.24727,1.24748,2.25,2.25
2012.02.24 10:04:37.517,1.24727,1.24745,2.25,1.50
2012.02.24 10:04:38.136,1.24728,1.24747,2.25,2.25
2012.02.24 10:04:38.679,1.24729,1.2475,2.25,3.75
2012.02.24 10:04:40.802,1.24727,1.24744,1.35,1.50
2012.02.24 10:04:41.008,1.24727,1.24744,1.35,1.50
2012.02.24 10:04:41.217,1.24724,1.24742,2.55,1.50
2012.02.24 10:04:41.292,1.24722,1.2474,1.50,1.50
2012.02.24 10:04:41.484,1.24721,1.2474,3.00,2.25
2012.02.24 10:04:42.540,1.24723,1.24742,2.25,2.25
2012.02.24 10:04:43.325,1.24721,1.2474,2.25,2.25
2012.02.24 10:04:45.010,1.24723,1.24742,1.50,3.75
2012.02.24 10:04:46.471,1.2472,1.24738,1.50,2.25
2012.02.24 10:04:46.553,1.24718,1.24736,1.50,2.25
2012.02.24 10:04:47.026,1.2472,1.24738,1.50,2.25
2012.02.24 10:04:47.355,1.24718,1.24739,2.25,2.85
2012.02.24 10:04:47.610,1.24721,1.24738,1.50,2.55
2012.02.24 10:04:47.685,1.24719,1.24738,1.50,4.05
2012.02.24 10:04:48.548,1.2472,1.24738,1.50,2.55
2012.02.24 10:04:49.054,1.2472,1.24738,1.50,2.55
2012.02.24 10:04:52.775,1.24719,1.24737,3.75,2.25
2012.02.24 10:05:00.543,1.24719,1.24738,3.00,2.25
2012.02.24 10:05:02.983,1.24718,1.24737,2.25,1.50
2012.02.24 10:05:03.054,1.24718,1.24737,2.25,2.25
2012.02.24 10:05:03.302,1.24718,1.24737,2.25,2.25
2012.02.24 10:05:03.795,1.24716,1.24736,2.25,2.25
2012.02.24 10:05:03.862,1.24716,1.24736,2.25,2.25
2012.02.24 10:05:05.143,1.24716,1.24736,2.25,3.60
2012.02.24 10:05:05.675,1.24717,1.24736,1.50,2.10
2012.02.24 10:05:06.296,1.24715,1.24736,2.25,3.60
2012.02.24 10:05:07.103,1.24718,1.24736,1.50,3.00
2012.02.24 10:05:07.456,1.24715,1.24736,2.25,3.00
2012.02.24 10:05:08.234,1.24718,1.24736,1.50,3.00
2012.02.24 10:05:08.554,1.24714,1.24734,2.25,2.25
2012.02.24 10:05:10.033,1.24716,1.24735,2.25,2.25
2012.02.24 10:05:10.874,1.24715,1.24736,2.25,3.00
2012.02.24 10:05:11.393,1.24717,1.24738,3.00,4.05
2012.02.24 10:05:11.959,1.24721,1.24739,1.50,2.25
2012.02.24 10:05:12.093,1.24718,1.24739,3.75,2.25
2012.02.24 10:05:12.164,1.24721,1.24739,1.50,2.25
2012.02.24 10:05:12.714,1.24719,1.24738,1.50,2.25
2012.02.24 10:05:12.789,1.24721,1.24739,1.50,2.25
2012.02.24 10:05:13.222,1.24719,1.24738,1.50,2.25
2012.02.24 10:05:13.495,1.24716,1.24737,3.00,2.25
2012.02.24 10:05:16.112,1.24718,1.24737,1.50,2.25
2012.02.24 10:05:16.738,1.24718,1.24737,1.50,2.25
2012.02.24 10:05:21.137,1.24718,1.24737,1.50,2.25
2012.02.24 10:05:21.504,1.2472,1.24739,2.25,2.25
2012.02.24 10:05:21.935,1.24724,1.24744,1.50,2.17
2012.02.24 10:05:22.242,1.24724,1.24744,2.25,1.50
2012.02.24 10:05:22.373,1.24724,1.24744,2.25,1.50
2012.02.24 10:05:23.483,1.24723,1.24742,2.25,2.25
2012.02.24 10:05:23.685,1.2472,1.24741,2.25,3.75
2012.02.24 10:05:24.585,1.24719,1.24739,1.50,4.05
2012.02.24 10:05:25.333,1.24719,1.24739,1.50,4.05
2012.02.24 10:05:27.300,1.24724,1.24739,1.50,2.55
2012.02.24 10:05:27.450,1.24725,1.24743,1.50,2.55
2012.02.24 10:05:27.598,1.24728,1.24743,1.50,2.55
2012.02.24 10:05:27.670,1.24728,1.24743,1.50,1.80
2012.02.24 10:05:27.750,1.24726,1.24743,2.85,1.80
2012.02.24 10:05:28.398,1.24727,1.24746,1.80,1.50
2012.02.24 10:05:28.476,1.24731,1.24752,1.50,2.25
2012.02.24 10:05:28.993,1.24731,1.24752,1.50,1.50
2012.02.24 10:05:30.635,1.24733,1.24753,1.50,1.50
2012.02.24 10:05:31.460,1.24732,1.24751,1.50,3.75
2012.02.24 10:05:31.606,1.24732,1.24751,4.05,2.25
2012.02.24 10:05:32.165,1.24735,1.24751,1.80,2.25
2012.02.24 10:05:33.035,1.24735,1.24753,4.05,2.25
2012.02.24 10:05:33.978,1.24736,1.24753,1.80,2.25
2012.02.24 10:05:35.227,1.24737,1.24753,1.50,2.25
2012.02.24 10:05:35.513,1.24736,1.24754,1.35,3.75
2012.02.24 10:05:36.714,1.24735,1.24751,1.35,2.25
2012.02.24 10:05:36.798,1.24731,1.24751,1.35,2.25
2012.02.24 10:05:36.994,1.24731,1.24751,3.15,2.25
2012.02.24 10:05:37.198,1.24734,1.24755,1.50,3.00
2012.02.24 10:05:37.337,1.24736,1.24755,1.50,1.50
2012.02.24 10:05:37.844,1.24735,1.24754,1.50,2.25
2012.02.24 10:05:39.054,1.24735,1.24754,1.50,2.25
2012.02.24 10:05:39.274,1.24735,1.24754,1.50,2.25
2012.02.24 10:05:41.007,1.24734,1.24753,1.50,2.25
2012.02.24 10:05:43.048,1.24737,1.24756,1.50,4.05
2012.02.24 10:05:45.305,1.24735,1.24754,3.00,2.25
2012.02.24 10:05:46.278,1.24734,1.24752,1.50,2.25
2012.02.24 10:05:46.815,1.24734,1.24754,1.50,1.50
2012.02.24 10:05:47.006,1.24734,1.24755,2.25,2.25
2012.02.24 10:05:47.359,1.24735,1.24754,2.25,2.25
2012.02.24 10:05:47.636,1.24733,1.24752,3.00,2.25
2012.02.24 10:05:48.497,1.24738,1.24756,2.55,2.25
2012.02.24 10:05:48.748,1.2474,1.24757,2.55,2.25
2012.02.24 10:05:48.822,1.24742,1.24759,1.50,1.50
2012.02.24 10:05:48.956,1.24743,1.24761,1.50,1.50
2012.02.24 10:05:49.726,1.24743,1.24759,1.35,1.50
2012.02.24 10:05:50.489,1.24745,1.24764,3.30,2.25
2012.02.24 10:05:50.576,1.24749,1.24766,1.50,2.25
2012.02.24 10:05:50.645,1.24744,1.24765,1.50,3.00
2012.02.24 10:05:51.203,1.24744,1.24762,3.00,2.25
2012.02.24 10:05:51.461,1.24745,1.24763,2.10,2.25
2012.02.24 10:05:52.017,1.24745,1.24764,1.50,3.00
2012.02.24 10:05:52.689,1.24742,1.24763,4.50,2.25
2012.02.24 10:05:52.942,1.24745,1.24761,1.50,1.50
2012.02.24 10:05:53.997,1.24748,1.24761,1.50,1.50
2012.02.24 10:05:54.067,1.24746,1.24761,1.50,1.50
2012.02.24 10:05:54.141,1.24745,1.24758,1.50,1.50
2012.02.24 10:05:54.292,1.24742,1.24761,2.25,3.00
2012.02.24 10:05:55.137,1.24739,1.24757,2.25,2.55
2012.02.24 10:05:55.217,1.24739,1.24758,2.25,2.25
2012.02.24 10:05:55.405,1.24741,1.2476,1.50,2.25
2012.02.24 10:05:55.741,1.24744,1.2476,1.50,1.50
2012.02.24 10:05:56.257,1.24745,1.24759,1.50,1.20
2012.02.24 10:05:56.327,1.24741,1.24759,1.50,1.20
2012.02.24 10:05:56.972,1.24736,1.24755,2.25,1.50
2012.02.24 10:05:57.056,1.24739,1.24757,1.50,2.55
2012.02.24 10:05:57.699,1.24739,1.24757,1.50,2.55
2012.02.24 10:05:57.764,1.24742,1.24757,1.50,2.55
2012.02.24 10:05:58.273,1.24742,1.24758,1.50,1.95
2012.02.24 10:05:58.612,1.24745,1.24762,1.50,2.25
2012.02.24 10:05:58.691,1.24744,1.24761,1.50,1.50
2012.02.24 10:05:58.835,1.24746,1.24761,1.50,1.50
2012.02.24 10:05:58.905,1.24741,1.2476,1.50,2.25
2012.02.24 10:06:01.649,1.24738,1.24757,5.55,2.25
2012.02.24 10:06:02.494,1.24741,1.24761,1.50,3.00
2012.02.24 10:06:02.815,1.24743,1.2476,1.50,1.50
2012.02.24 10:06:03.518,1.24742,1.2476,1.50,3.00
2012.02.24 10:06:03.824,1.24744,1.24763,1.50,4.42
2012.02.24 10:06:04.376,1.24741,1.24761,1.50,1.50
2012.02.24 10:06:04.763,1.24743,1.24762,1.50,3.30
2012.02.24 10:06:05.255,1.24745,1.24761,1.50,1.50
2012.02.24 10:06:06.608,1.24743,1.24762,1.50,1.50
2012.02.24 10:06:06.944,1.24745,1.24759,1.50,1.50
2012.02.24 10:06:08.191,1.24743,1.24759,1.50,1.50
2012.02.24 10:06:10.097,1.24742,1.2476,3.75,1.50
2012.02.24 10:06:10.196,1.24748,1.24761,1.50,1.50
2012.02.24 10:06:10.277,1.24746,1.24762,1.50,1.50
2012.02.24 10:06:10.351,1.24745,1.24762,1.50,2.17
2012.02.24 10:06:10.570,1.24745,1.24763,1.50,1.50
2012.02.24 10:06:10.863,1.24748,1.24763,1.80,1.50
2012.02.24 10:06:11.114,1.24748,1.2476,1.80,1.50
2012.02.24 10:06:11.184,1.24745,1.2476,2.25,1.50
2012.02.24 10:06:11.895,1.24745,1.24753,1.50,1.50
2012.02.24 10:06:11.973,1.24734,1.24753,2.55,1.50
2012.02.24 10:06:12.108,1.24732,1.24752,3.00,1.50
2012.02.24 10:06:12.547,1.24734,1.24753,2.25,3.00
2012.02.24 10:06:12.803,1.24734,1.24753,2.25,3.00
2012.02.24 10:06:13.452,1.24735,1.24753,2.25,1.50
2012.02.24 10:06:15.316,1.24735,1.24753,2.25,1.50
2012.02.24 10:06:15.476,1.24738,1.24753,1.50,1.50
2012.02.24 10:06:15.780,1.24738,1.24753,1.50,1.50
2012.02.24 10:06:15.855,1.24736,1.24752,1.50,1.50
2012.02.24 10:06:16.210,1.24736,1.24751,1.50,1.50
2012.02.24 10:06:16.291,1.24731,1.24751,2.25,1.50
2012.02.24 10:06:16.439,1.24729,1.24747,2.25,1.50
2012.02.24 10:06:17.403,1.24731,1.24747,1.50,1.50
2012.02.24 10:06:17.486,1.24737,1.24753,1.50,1.50
2012.02.24 10:06:17.567,1.24735,1.24755,2.25,2.25
2012.02.24 10:06:18.080,1.24736,1.24753,1.50,1.50
2012.02.24 10:06:18.218,1.24734,1.24753,3.75,1.50
2012.02.24 10:06:18.492,1.24738,1.24753,1.50,1.50
2012.02.24 10:06:18.686,1.24736,1.24753,1.50,1.50
2012.02.24 10:06:20.216,1.24734,1.24752,2.33,2.55
2012.02.24 10:06:20.528,1.24747,1.24757,1.50,1.42
2012.02.24 10:06:20.606,1.24747,1.24761,1.50,2.17
2012.02.24 10:06:20.691,1.2474,1.24759,2.25,3.00
2012.02.24 10:06:20.905,1.24739,1.24757,1.50,2.25
2012.02.24 10:06:21.786,1.24738,1.24759,1.50,2.25
2012.02.24 10:06:22.335,1.24739,1.24758,1.50,2.25
2012.02.24 10:06:22.666,1.24741,1.24759,1.50,4.05
2012.02.24 10:06:22.855,1.24739,1.24758,1.50,2.25
2012.02.24 10:06:23.648,1.2474,1.24759,1.50,4.05
2012.02.24 10:06:24.455,1.24742,1.24758,1.50,1.95
2012.02.24 10:06:26.568,1.2474,1.24758,1.50,1.35
2012.02.24 10:06:26.655,1.24736,1.24755,2.25,2.25
2012.02.24 10:06:27.206,1.24736,1.24755,1.50,2.25
2012.02.24 10:06:27.366,1.24739,1.24757,1.50,1.50
2012.02.24 10:06:28.075,1.24736,1.24757,2.25,3.00
2012.02.24 10:06:28.149,1.24736,1.2475,2.25,1.80
2012.02.24 10:06:28.359,1.24731,1.2475,1.50,2.55
2012.02.24 10:06:28.424,1.2473,1.2475,2.25,2.55
2012.02.24 10:06:28.999,1.24732,1.2475,1.50,2.55
2012.02.24 10:06:29.072,1.24737,1.2475,1.50,2.55
2012.02.24 10:06:29.151,1.24734,1.2475,1.50,2.55
2012.02.24 10:06:29.565,1.24737,1.2475,1.50,2.55
2012.02.24 10:06:29.773,1.24739,1.24753,1.50,2.55
2012.02.24 10:06:29.845,1.24741,1.24753,1.50,3.30
2012.02.24 10:06:30.164,1.24738,1.2475,1.50,1.50
2012.02.24 10:06:30.366,1.24736,1.2475,1.50,1.50
2012.02.24 10:06:30.438,1.24732,1.24753,2.25,5.25
2012.02.24 10:06:31.228,1.24742,1.24754,1.50,2.25
2012.02.24 10:06:31.433,1.24738,1.24757,1.50,2.25
2012.02.24 10:06:31.508,1.24736,1.24755,2.25,2.25
2012.02.24 10:06:32.075,1.24738,1.24756,1.50,2.25
2012.02.24 10:06:32.326,1.24736,1.24755,4.05,2.25
2012.02.24 10:06:32.576,1.24736,1.24755,1.50,4.50
2012.02.24 10:06:34.664,1.24736,1.24755,1.50,3.00
2012.02.24 10:06:34.739,1.24732,1.2475,2.25,2.25
2012.02.24 10:06:34.924,1.24732,1.2475,1.50,2.25
2012.02.24 10:06:35.989,1.24733,1.24751,1.50,1.35
2012.02.24 10:06:36.190,1.24737,1.24754,1.50,3.30
2012.02.24 10:06:36.264,1.24735,1.24751,1.50,1.50
2012.02.24 10:06:37.236,1.24732,1.24751,1.50,1.50
2012.02.24 10:06:37.506,1.24734,1.24751,1.50,1.50
2012.02.24 10:06:39.268,1.24734,1.24741,1.50,1.50
2012.02.24 10:06:39.371,1.2473,1.24747,2.10,2.25
2012.02.24 10:06:39.556,1.24734,1.24749,1.50,2.25
2012.02.24 10:06:39.651,1.2474,1.24755,1.50,1.42
2012.02.24 10:06:39.861,1.24739,1.24757,1.50,1.42
2012.02.24 10:06:40.139,1.24737,1.24754,1.50,1.50
2012.02.24 10:06:40.205,1.24735,1.24754,1.50,1.50
2012.02.24 10:06:40.347,1.24738,1.24754,1.50,1.50
2012.02.24 10:06:41.015,1.24746,1.24758,1.50,2.02
2012.02.24 10:06:41.115,1.24744,1.2476,1.50,1.50
2012.02.24 10:06:41.194,1.24746,1.2476,1.50,1.50
2012.02.24 10:06:41.272,1.24746,1.24765,1.50,3.67
2012.02.24 10:06:41.484,1.24748,1.24765,1.50,2.17
2012.02.24 10:06:42.697,1.24745,1.24762,2.25,2.25
2012.02.24 10:06:42.953,1.24747,1.2476,1.80,1.50
2012.02.24 10:06:43.034,1.24744,1.2476,1.50,1.50
2012.02.24 10:06:43.251,1.24743,1.24761,1.50,1.50
2012.02.24 10:06:43.582,1.24746,1.24765,1.50,4.72
2012.02.24 10:06:44.402,1.24745,1.2476,1.50,1.50
2012.02.24 10:06:44.547,1.24741,1.24759,1.50,1.50
2012.02.24 10:06:44.626,1.24741,1.24755,1.50,1.50
2012.02.24 10:06:44.920,1.24736,1.24752,1.50,1.50
2012.02.24 10:06:44.995,1.24736,1.24754,2.25,4.05
2012.02.24 10:06:45.067,1.24736,1.24754,1.50,4.05
2012.02.24 10:06:45.406,1.24739,1.24756,2.55,2.25
2012.02.24 10:06:46.021,1.24739,1.24756,2.55,1.50
2012.02.24 10:06:46.097,1.24741,1.24759,1.80,2.25
2012.02.24 10:06:46.240,1.24741,1.24758,1.80,3.00
2012.02.24 10:06:46.316,1.24735,1.24755,1.50,1.50
2012.02.24 10:06:46.383,1.24734,1.24755,4.05,1.50
2012.02.24 10:06:46.454,1.24737,1.24756,1.50,1.50
2012.02.24 10:06:47.172,1.2474,1.24758,1.50,3.00
2012.02.24 10:06:47.365,1.24742,1.2476,1.50,2.25
2012.02.24 10:06:48.014,1.24741,1.24761,4.05,2.25
2012.02.24 10:06:48.843,1.24745,1.24763,1.80,2.25
2012.02.24 10:06:49.169,1.24745,1.2476,1.80,1.50
2012.02.24 10:06:49.357,1.24738,1.24759,3.00,2.25
2012.02.24 10:06:49.724,1.24738,1.24757,3.30,2.25
2012.02.24 10:06:50.246,1.24738,1.24759,1.50,2.25
2012.02.24 10:06:50.878,1.24744,1.2476,2.10,2.25
2012.02.24 10:06:51.027,1.24747,1.24766,4.80,2.25
2012.02.24 10:06:51.628,1.24747,1.24766,4.80,2.25
2012.02.24 10:06:51.707,1.2475,1.24769,1.20,1.50
2012.02.24 10:06:52.079,1.24754,1.24771,1.89,1.50
2012.02.24 10:06:52.684,1.2476,1.24771,1.50,1.50
2012.02.24 10:06:52.805,1.24752,1.24771,1.50,1.50
2012.02.24 10:06:52.886,1.24758,1.24771,1.80,2.25
2012.02.24 10:06:52.959,1.2475,1.24769,1.50,2.55
2012.02.24 10:06:53.084,1.24753,1.2477,1.50,2.55
2012.02.24 10:06:53.336,1.24753,1.24771,1.50,3.00
2012.02.24 10:06:53.867,1.24754,1.24773,1.50,1.50
2012.02.24 10:06:54.039,1.24757,1.24773,1.50,1.50
2012.02.24 10:06:54.855,1.2476,1.24778,1.80,2.25
2012.02.24 10:06:55.165,1.24762,1.24778,1.80,1.50
2012.02.24 10:06:55.249,1.24759,1.24775,3.30,1.50
2012.02.24 10:06:55.706,1.24765,1.24779,1.50,1.50
2012.02.24 10:06:56.463,1.24766,1.2478,1.80,1.71
2012.02.24 10:06:56.536,1.24759,1.24774,1.50,1.50
2012.02.24 10:06:56.845,1.24762,1.24777,1.50,1.50
2012.02.24 10:06:57.125,1.2476,1.24777,3.00,1.50
2012.02.24 10:06:57.374,1.24758,1.24774,1.50,1.50
2012.02.24 10:06:57.875,1.24757,1.24776,1.50,1.50
2012.02.24 10:06:58.164,1.24759,1.24779,1.50,2.46
2012.02.24 10:06:58.920,1.24761,1.24779,1.50,2.25
2012.02.24 10:06:59.245,1.24766,1.24782,3.00,1.50
2012.02.24 10:06:59.794,1.24765,1.24782,1.50,1.50
2012.02.24 10:07:00.426,1.24763,1.24782,3.30,1.50
2012.02.24 10:07:00.578,1.24762,1.24782,1.80,3.75
2012.02.24 10:07:00.721,1.24759,1.24779,2.25,2.25
2012.02.24 10:07:01.359,1.24759,1.24778,2.25,2.25
2012.02.24 10:07:01.443,1.24766,1.24782,1.80,3.12
2012.02.24 10:07:01.960,1.24765,1.24781,1.80,2.25
2012.02.24 10:07:02.093,1.24765,1.24781,1.80,2.25
2012.02.24 10:07:02.628,1.24765,1.24784,1.80,2.25
2012.02.24 10:07:02.772,1.24763,1.24784,1.50,2.83
2012.02.24 10:07:03.455,1.24761,1.24774,1.50,2.25
2012.02.24 10:07:03.538,1.24761,1.24779,1.80,3.75
2012.02.24 10:07:03.612,1.24761,1.2478,3.30,2.25
2012.02.24 10:07:03.808,1.24763,1.24782,1.50,3.00
2012.02.24 10:07:04.212,1.24761,1.24781,1.80,2.25
2012.02.24 10:07:04.545,1.24763,1.24782,1.50,2.25
2012.02.24 10:07:04.994,1.24763,1.24776,1.50,1.50
2012.02.24 10:07:05.065,1.24759,1.24776,2.25,1.50
2012.02.24 10:07:05.757,1.24755,1.24774,4.05,2.25
2012.02.24 10:07:06.094,1.24763,1.24782,3.30,1.50
2012.02.24 10:07:06.343,1.24763,1.24782,3.30,1.50
2012.02.24 10:07:06.784,1.24765,1.24783,1.80,1.50
2012.02.24 10:07:07.504,1.24765,1.24783,1.80,1.50
2012.02.24 10:07:08.934,1.24765,1.24781,1.80,1.50
2012.02.24 10:07:09.487,1.24768,1.24783,1.80,1.50
2012.02.24 10:07:09.676,1.24766,1.24783,1.80,1.71
2012.02.24 10:07:09.817,1.24766,1.24781,1.80,2.25
2012.02.24 10:07:10.148,1.24766,1.24782,1.80,2.25
2012.02.24 10:07:10.218,1.2477,1.24782,1.80,2.25
2012.02.24 10:07:10.495,1.24771,1.24787,1.50,1.50
2012.02.24 10:07:11.266,1.2477,1.24788,1.50,1.50
2012.02.24 10:07:11.335,1.2477,1.24788,1.50,1.50
2012.02.24 10:07:11.599,1.24767,1.24782,1.50,1.50
2012.02.24 10:07:11.675,1.24764,1.24785,1.50,3.21
2012.02.24 10:07:11.948,1.24762,1.24781,1.50,2.25
2012.02.24 10:07:12.133,1.24762,1.24781,1.50,2.25
2012.02.24 10:07:13.103,1.24762,1.24781,1.50,2.25
2012.02.24 10:07:14.015,1.24763,1.24784,1.50,2.25
2012.02.24 10:07:14.392,1.24763,1.24781,1.50,2.25
2012.02.24 10:07:14.957,1.24764,1.24783,1.50,1.50
2012.02.24 10:07:15.307,1.24767,1.24785,3.30,1.50
2012.02.24 10:07:15.565,1.24767,1.24785,3.30,1.50
2012.02.24 10:07:16.334,1.24768,1.24785,1.50,1.50
2012.02.24 10:07:17.738,1.24767,1.24785,1.80,3.00
2012.02.24 10:07:18.791,1.24767,1.24785,3.30,1.50
2012.02.24 10:07:18.876,1.24763,1.24783,3.30,2.25
2012.02.24 10:07:19.186,1.24765,1.24786,1.50,3.00
2012.02.24 10:07:20.063,1.24766,1.24784,1.50,1.50
2012.02.24 10:07:21.370,1.24769,1.24779,1.50,1.50
2012.02.24 10:07:21.456,1.24762,1.24778,2.25,1.50
2012.02.24 10:07:21.696,1.24766,1.24777,1.50,2.25
2012.02.24 10:07:21.773,1.24764,1.24782,1.80,2.25
2012.02.24 10:07:21.919,1.24769,1.24776,1.80,2.25
2012.02.24 10:07:21.992,1.24759,1.24774,1.05,1.50
2012.02.24 10:07:22.801,1.24758,1.24776,1.80,3.75
2012.02.24 10:07:22.901,1.2476,1.24781,4.05,2.25
2012.02.24 10:07:23.125,1.24767,1.24784,3.30,3.75
2012.02.24 10:07:23.202,1.24767,1.24784,3.30,3.75
2012.02.24 10:07:23.486,1.24767,1.24784,2.25,2.25
2012.02.24 10:07:24.294,1.24767,1.24788,1.50,2.25
2012.02.24 10:07:24.387,1.24763,1.24783,1.50,2.76
2012.02.24 10:07:24.465,1.24765,1.24783,1.50,2.76
2012.02.24 10:07:25.052,1.24764,1.24783,1.50,1.50
2012.02.24 10:07:26.464,1.24765,1.2478,1.50,1.50
2012.02.24 10:07:26.550,1.24761,1.24781,3.30,2.25
2012.02.24 10:07:26.619,1.24763,1.24782,1.50,3.00
2012.02.24 10:07:27.284,1.24762,1.24783,1.50,2.25
2012.02.24 10:07:28.452,1.24768,1.24785,1.80,2.25
2012.02.24 10:07:28.548,1.24768,1.24784,1.80,2.25
2012.02.24 10:07:28.875,1.24766,1.24785,1.80,2.25
2012.02.24 10:07:29.146,1.24768,1.24788,1.50,2.25
2012.02.24 10:07:29.455,1.2477,1.24789,1.50,2.25
2012.02.24 10:07:30.929,1.24769,1.24788,1.80,3.00
2012.02.24 10:07:31.450,1.24768,1.24786,1.80,2.25
2012.02.24 10:07:31.681,1.24764,1.24781,2.25,2.10
2012.02.24 10:07:31.761,1.24763,1.24778,1.50,2.25
2012.02.24 10:07:32.508,1.24762,1.24772,1.50,1.50
2012.02.24 10:07:32.591,1.24761,1.24781,1.50,1.50
2012.02.24 10:07:33.137,1.2476,1.24779,1.50,2.25
2012.02.24 10:07:33.695,1.24758,1.24777,4.80,2.25
2012.02.24 10:07:34.424,1.24752,1.2477,4.35,2.25
2012.02.24 10:07:34.497,1.24755,1.2477,1.80,2.25
2012.02.24 10:07:34.826,1.24755,1.24772,1.80,2.25
2012.02.24 10:07:35.545,1.24755,1.2477,2.55,2.25
2012.02.24 10:07:35.985,1.24755,1.2477,2.55,2.25
2012.02.24 10:07:36.653,1.24756,1.24773,1.50,3.75
2012.02.24 10:07:36.748,1.24759,1.2478,3.00,4.13
2012.02.24 10:07:36.823,1.24758,1.24776,2.55,2.25
2012.02.24 10:07:36.901,1.24756,1.24773,1.50,2.25
2012.02.24 10:07:37.045,1.24757,1.24773,2.55,2.25
2012.02.24 10:07:37.237,1.24756,1.24775,1.80,2.25
2012.02.24 10:07:37.425,1.24756,1.24776,1.80,2.25
2012.02.24 10:07:38.518,1.24754,1.24774,3.30,2.25
2012.02.24 10:07:38.607,1.24756,1.24777,3.30,2.46
2012.02.24 10:07:38.683,1.24758,1.24778,1.50,2.25
2012.02.24 10:07:38.894,1.24754,1.24775,2.25,2.25
2012.02.24 10:07:39.457,1.24756,1.24776,1.50,2.46
2012.02.24 10:07:39.648,1.2476,1.24778,1.50,2.46
2012.02.24 10:07:39.969,1.24761,1.24782,1.50,2.46
2012.02.24 10:07:40.816,1.2476,1.24779,1.50,2.25
2012.02.24 10:07:40.958,1.2476,1.24779,2.25,2.25
2012.02.24 10:07:41.027,1.24761,1.24777,2.25,2.25
2012.02.24 10:07:41.108,1.24764,1.24783,1.80,2.83
2012.02.24 10:07:41.457,1.24762,1.24781,1.50,2.25
2012.02.24 10:07:41.526,1.2476,1.2478,1.80,2.25
2012.02.24 10:07:41.593,1.2476,1.2478,1.80,2.25
2012.02.24 10:07:42.545,1.24758,1.24779,3.75,2.25
2012.02.24 10:07:42.627,1.24761,1.24779,2.25,2.25
2012.02.24 10:07:42.876,1.24758,1.24778,2.25,2.25
2012.02.24 10:07:43.382,1.24756,1.24777,3.75,2.25
2012.02.24 10:07:43.813,1.24756,1.24777,3.00,2.25
2012.02.24 10:07:45.024,1.24759,1.24777,1.50,2.25
2012.02.24 10:07:45.389,1.24767,1.24782,1.50,1.42
2012.02.24 10:07:45.467,1.24765,1.24784,1.50,2.25
2012.02.24 10:07:45.729,1.24765,1.24784,1.50,2.25
2012.02.24 10:07:45.865,1.24763,1.24783,1.50,2.92
2012.02.24 10:07:46.083,1.24761,1.24779,1.50,2.02
2012.02.24 10:07:46.159,1.24758,1.24774,1.50,2.25
2012.02.24 10:07:46.227,1.24755,1.24774,1.50,2.25
2012.02.24 10:07:46.928,1.24759,1.24777,1.50,1.42
2012.02.24 10:07:47.142,1.24771,1.24784,1.50,1.42
2012.02.24 10:07:47.674,1.24771,1.24788,1.50,1.35
2012.02.24 10:07:47.750,1.24769,1.24788,2.25,2.85
2012.02.24 10:07:48.225,1.24769,1.24788,1.50,2.46
2012.02.24 10:07:48.360,1.24767,1.24783,1.50,1.35
2012.02.24 10:07:48.964,1.24767,1.24783,1.50,2.76
2012.02.24 10:07:49.048,1.24762,1.24783,3.00,4.05
2012.02.24 10:07:49.172,1.24764,1.24783,1.50,2.76
2012.02.24 10:07:49.512,1.24768,1.24783,1.05,2.76
2012.02.24 10:07:49.594,1.24767,1.24781,1.20,2.55
2012.02.24 10:07:49.674,1.24772,1.24781,1.50,2.55
2012.02.24 10:07:49.759,1.24772,1.24781,1.50,1.80
2012.02.24 10:07:49.833,1.24771,1.24787,3.30,3.12
2012.02.24 10:07:49.914,1.24769,1.24787,1.80,3.12
2012.02.24 10:07:50.687,1.24767,1.24786,3.30,2.25
2012.02.24 10:07:50.827,1.24769,1.24786,1.80,2.25
2012.02.24 10:07:51.075,1.24767,1.24786,1.50,2.25
2012.02.24 10:07:51.846,1.24771,1.24785,1.50,2.76
2012.02.24 10:07:52.240,1.24769,1.24784,1.50,2.25
2012.02.24 10:07:52.843,1.24767,1.24783,1.50,2.55
2012.02.24 10:07:52.920,1.24767,1.24786,1.50,4.26
2012.02.24 10:07:53.246,1.24771,1.2479,1.50,3.21
2012.02.24 10:07:53.317,1.24769,1.24788,1.50,2.46
2012.02.24 10:07:53.816,1.24772,1.24788,1.50,2.25
2012.02.24 10:07:54.385,1.24773,1.24793,1.80,3.21
2012.02.24 10:07:55.406,1.24772,1.24793,1.80,3.38
2012.02.24 10:07:56.014,1.24769,1.2479,2.55,2.25
2012.02.24 10:07:56.595,1.24769,1.2479,2.55,2.25
2012.02.24 10:07:56.997,1.24768,1.24787,3.30,2.46
2012.02.24 10:07:57.072,1.24771,1.24787,2.25,2.25
2012.02.24 10:07:57.766,1.24777,1.24789,1.80,1.50
2012.02.24 10:07:57.852,1.24771,1.24787,3.30,1.50
2012.02.24 10:07:57.928,1.24769,1.24788,2.25,2.25
2012.02.24 10:07:58.527,1.24768,1.24789,2.25,4.05
2012.02.24 10:07:58.600,1.24768,1.24789,1.50,4.05
2012.02.24 10:07:58.740,1.24767,1.24783,1.50,2.55
2012.02.24 10:07:59.404,1.2476,1.24779,1.50,2.25
2012.02.24 10:07:59.735,1.24763,1.24784,1.50,2.46
2012.02.24 10:08:00.301,1.24767,1.24782,1.80,2.25
2012.02.24 10:08:00.841,1.24767,1.24785,4.05,1.71
2012.02.24 10:08:01.529,1.24765,1.24784,4.05,2.46
2012.02.24 10:08:02.335,1.24766,1.24784,1.80,2.46
2012.02.24 10:08:03.075,1.24765,1.24784,1.50,2.46
2012.02.24 10:08:03.627,1.24764,1.24782,1.80,2.25
2012.02.24 10:08:04.543,1.24764,1.24782,2.55,2.25
2012.02.24 10:08:05.100,1.24764,1.24782,2.55,2.25
2012.02.24 10:08:05.624,1.24766,1.24782,1.80,2.25
2012.02.24 10:08:06.183,1.24765,1.24782,1.80,2.25
2012.02.24 10:08:07.680,1.24765,1.24782,1.80,2.25
2012.02.24 10:08:07.905,1.24766,1.24782,1.35,2.25
2012.02.24 10:08:07.981,1.24767,1.24785,2.55,2.25
2012.02.24 10:08:08.061,1.24769,1.24785,1.80,2.25
2012.02.24 10:08:08.196,1.24766,1.24787,2.85,2.25
2012.02.24 10:08:08.707,1.24763,1.24783,6.30,2.25
2012.02.24 10:08:09.612,1.24762,1.24779,1.44,2.25
2012.02.24 10:08:09.945,1.24774,1.24793,1.50,1.50
2012.02.24 10:08:10.211,1.24771,1.24791,2.55,2.25
2012.02.24 10:08:10.285,1.24771,1.24791,2.55,2.25
2012.02.24 10:08:10.419,1.2477,1.24791,2.25,2.25
2012.02.24 10:08:11.761,1.24776,1.24788,1.80,2.25
2012.02.24 10:08:11.846,1.24774,1.24794,2.55,2.25
2012.02.24 10:08:12.373,1.24769,1.24788,1.20,2.25
2012.02.24 10:08:12.443,1.24768,1.24788,3.90,2.25
2012.02.24 10:08:12.575,1.24768,1.24785,2.10,2.25
2012.02.24 10:08:13.085,1.24765,1.24785,3.00,2.25
2012.02.24 10:08:13.775,1.24768,1.24785,1.50,2.25
2012.02.24 10:08:14.162,1.24766,1.24784,2.55,2.25
2012.02.24 10:08:14.665,1.24768,1.24785,1.80,2.25
2012.02.24 10:08:15.026,1.24768,1.24785,2.55,2.25
2012.02.24 10:08:15.155,1.24768,1.24785,2.55,2.25
2012.02.24 10:08:15.670,1.24767,1.24785,2.55,2.25
2012.02.24 10:08:16.309,1.24766,1.24782,1.80,2.25
2012.02.24 10:08:18.084,1.24766,1.24782,2.55,2.25
2012.02.24 10:08:19.838,1.2476,1.24776,1.50,2.25
2012.02.24 10:08:20.005,1.2476,1.24776,1.50,2.25
2012.02.24 10:08:20.542,1.24762,1.24782,2.25,2.25
2012.02.24 10:08:20.617,1.24764,1.24782,1.50,1.50
2012.02.24 10:08:20.826,1.24765,1.24785,1.50,3.00
2012.02.24 10:08:21.875,1.24771,1.24787,1.50,1.50
2012.02.24 10:08:21.951,1.2477,1.24789,2.25,1.50
2012.02.24 10:08:22.387,1.24768,1.24787,2.25,1.50
2012.02.24 10:08:22.716,1.24766,1.24785,4.35,1.50
2012.02.24 10:08:22.792,1.24768,1.24787,3.00,3.00
2012.02.24 10:08:22.928,1.24769,1.24789,3.00,1.50
2012.02.24 10:08:23.000,1.24769,1.2479,2.25,1.50
2012.02.24 10:08:23.080,1.24771,1.24787,2.55,1.71
2012.02.24 10:08:23.989,1.24768,1.2479,1.50,1.50
2012.02.24 10:08:24.070,1.24766,1.24791,2.55,3.60
2012.02.24 10:08:24.619,1.24767,1.24791,1.50,3.81
2012.02.24 10:08:24.745,1.24764,1.24788,2.55,1.50
2012.02.24 10:08:25.085,1.24764,1.24786,3.30,1.50
2012.02.24 10:08:25.217,1.24765,1.24788,2.25,1.50
2012.02.24 10:08:25.860,1.24765,1.24786,2.25,1.80
2012.02.24 10:08:26.360,1.24767,1.24787,3.00,1.50
2012.02.24 10:08:26.993,1.24768,1.24788,2.25,1.80
2012.02.24 10:08:27.495,1.24767,1.24787,2.25,1.50
2012.02.24 10:08:28.421,1.24765,1.24786,3.00,1.50
2012.02.24 10:08:28.786,1.24766,1.24784,2.25,1.50
2012.02.24 10:08:29.761,1.24767,1.24786,2.25,3.00
2012.02.24 10:08:30.048,1.24767,1.24785,2.25,1.50
2012.02.24 10:08:30.120,1.24764,1.24783,1.50,1.50
2012.02.24 10:08:30.900,1.24771,1.2479,4.05,1.71
2012.02.24 10:08:30.986,1.24772,1.24791,5.55,1.50
2012.02.24 10:08:31.056,1.24774,1.24793,2.25,1.50
2012.02.24 10:08:31.443,1.24777,1.24795,2.25,1.50
2012.02.24 10:08:31.956,1.24775,1.24793,1.35,1.50
2012.02.24 10:08:32.276,1.24778,1.24795,2.55,3.00
2012.02.24 10:08:33.300,1.24773,1.2479,3.00,1.50
2012.02.24 10:08:33.378,1.24771,1.2479,2.25,1.50
2012.02.24 10:08:33.907,1.2477,1.24791,2.25,1.50
2012.02.24 10:08:34.449,1.24773,1.24791,2.25,2.25
2012.02.24 10:08:35.244,1.24773,1.24791,2.25,1.50
2012.02.24 10:08:36.725,1.24771,1.2479,2.25,1.50
2012.02.24 10:08:37.015,1.24768,1.24787,3.00,1.50
2012.02.24 10:08:38.965,1.24768,1.24787,3.00,1.50
2012.02.24 10:08:39.311,1.24768,1.24785,2.25,1.80
2012.02.24 10:08:39.667,1.24762,1.24778,1.50,1.80
2012.02.24 10:08:40.401,1.24771,1.24781,2.25,1.80
2012.02.24 10:08:40.487,1.24769,1.24789,1.50,2.25
2012.02.24 10:08:40.563,1.24768,1.24787,2.25,2.25
2012.02.24 10:08:40.711,1.24767,1.24785,2.10,2.25
2012.02.24 10:08:41.034,1.24769,1.24787,1.50,2.25
2012.02.24 10:08:41.174,1.24763,1.24783,2.25,2.25
2012.02.24 10:08:41.493,1.24765,1.24785,1.50,1.50
2012.02.24 10:08:41.730,1.24768,1.24786,2.25,1.50
2012.02.24 10:08:41.877,1.24772,1.24788,1.50,1.50
2012.02.24 10:08:42.753,1.24772,1.24788,1.50,1.50
2012.02.24 10:08:42.833,1.24768,1.24787,2.25,2.25
2012.02.24 10:08:42.964,1.2477,1.24788,1.50,3.30
2012.02.24 10:08:43.161,1.24771,1.24788,1.50,1.50
2012.02.24 10:08:43.934,1.24773,1.24788,1.50,1.50
2012.02.24 10:08:44.494,1.24771,1.24788,1.50,1.50
2012.02.24 10:08:45.986,1.24774,1.24793,1.50,3.00
2012.02.24 10:08:46.155,1.24771,1.24792,3.00,2.25
2012.02.24 10:08:47.236,1.24773,1.24793,1.50,1.50
2012.02.24 10:08:47.554,1.24776,1.24793,1.50,1.50
2012.02.24 10:08:49.433,1.24774,1.24793,1.50,1.50
2012.02.24 10:08:49.756,1.24777,1.24793,1.50,1.50
2012.02.24 10:08:50.505,1.24774,1.24793,1.50,1.50
2012.02.24 10:08:51.986,1.24778,1.24793,1.50,1.50
2012.02.24 10:08:53.021,1.24778,1.24793,1.50,1.50
2012.02.24 10:08:53.242,1.24778,1.24797,2.10,2.55
2012.02.24 10:08:53.319,1.24786,1.24797,1.50,2.55
2012.02.24 10:08:53.465,1.24788,1.24796,1.50,1.50
2012.02.24 10:08:53.681,1.24785,1.24795,1.50,2.25
2012.02.24 10:08:53.760,1.24785,1.24795,1.50,1.50
2012.02.24 10:08:54.140,1.24777,1.24797,2.25,2.55
2012.02.24 10:08:54.745,1.24778,1.24797,1.50,1.35
2012.02.24 10:08:55.008,1.24778,1.24797,1.50,1.35
2012.02.24 10:08:55.445,1.24778,1.24798,2.25,1.50
2012.02.24 10:08:55.967,1.24781,1.24798,1.50,1.50
2012.02.24 10:08:56.177,1.24782,1.24802,1.50,1.50
2012.02.24 10:08:56.248,1.24784,1.24802,1.50,1.50
2012.02.24 10:08:57.074,1.24785,1.24802,1.50,1.50
2012.02.24 10:08:59.177,1.24787,1.24805,1.50,1.50
2012.02.24 10:08:59.603,1.24784,1.24803,1.50,2.25
2012.02.24 10:08:59.974,1.24784,1.24803,2.25,2.25
2012.02.24 10:09:00.719,1.24788,1.24806,1.50,1.42
2012.02.24 10:09:00.798,1.24788,1.24809,1.50,2.25
2012.02.24 10:09:00.877,1.24789,1.2481,2.25,2.25
2012.02.24 10:09:01.016,1.24792,1.24812,2.25,1.50
2012.02.24 10:09:01.088,1.24795,1.24812,1.50,1.50
2012.02.24 10:09:01.766,1.24796,1.24812,1.50,1.50
2012.02.24 10:09:03.345,1.24795,1.24813,1.50,1.50
2012.02.24 10:09:03.655,1.24797,1.24813,1.50,1.50
2012.02.24 10:09:03.784,1.24794,1.24813,1.50,1.50
2012.02.24 10:09:03.976,1.24792,1.24812,1.50,1.50
2012.02.24 10:09:04.048,1.24792,1.24808,1.50,1.50
2012.02.24 10:09:04.402,1.24794,1.2481,1.50,3.51
2012.02.24 10:09:04.482,1.24791,1.24807,1.50,2.55
2012.02.24 10:09:04.558,1.24789,1.24807,1.50,2.55
2012.02.24 10:09:06.090,1.24787,1.24806,3.00,4.80
2012.02.24 10:09:06.286,1.24787,1.24805,1.50,1.50
2012.02.24 10:09:06.610,1.24786,1.24802,1.50,1.35
2012.02.24 10:09:06.689,1.24782,1.248,2.25,2.55
2012.02.24 10:09:07.596,1.24785,1.24804,3.30,2.25
2012.02.24 10:09:07.678,1.24784,1.24805,2.25,2.25
2012.02.24 10:09:08.128,1.24786,1.24806,1.50,2.25
2012.02.24 10:09:08.937,1.2479,1.24807,2.10,2.25
2012.02.24 10:09:09.185,1.24796,1.24813,1.50,1.42
2012.02.24 10:09:10.059,1.24799,1.24817,1.50,4.05
2012.02.24 10:09:10.142,1.24801,1.24817,1.50,2.55
2012.02.24 10:09:10.346,1.24801,1.24822,1.50,3.00
2012.02.24 10:09:10.593,1.24799,1.2482,1.50,2.25
2012.02.24 10:09:10.662,1.24799,1.2482,2.25,2.25
2012.02.24 10:09:11.026,1.24798,1.24818,1.50,2.25
2012.02.24 10:09:11.215,1.24797,1.24818,2.25,2.25
2012.02.24 10:09:11.554,1.24801,1.24819,1.50,2.25
2012.02.24 10:09:11.807,1.24799,1.24818,1.50,2.25
2012.02.24 10:09:12.488,1.248,1.2482,1.50,2.55
2012.02.24 10:09:12.580,1.24809,1.24819,1.50,2.55
2012.02.24 10:09:12.722,1.24807,1.24821,1.50,2.55
2012.02.24 10:09:12.802,1.24805,1.24821,1.50,2.55
2012.02.24 10:09:13.092,1.24801,1.24818,1.50,4.05
2012.02.24 10:09:13.495,1.24798,1.24816,2.25,2.25
2012.02.24 10:09:13.563,1.24801,1.24822,1.50,4.80
2012.02.24 10:09:14.647,1.24801,1.24821,1.50,1.50
2012.02.24 10:09:16.238,1.24802,1.24821,1.35,1.50
2012.02.24 10:09:17.090,1.24801,1.24821,1.50,2.25
2012.02.24 10:09:17.175,1.24801,1.2482,1.50,2.25
2012.02.24 10:09:17.824,1.24798,1.24819,1.50,2.25
2012.02.24 10:09:18.340,1.24799,1.24819,1.35,4.05
2012.02.24 10:09:19.030,1.24798,1.24819,2.85,2.25
2012.02.24 10:09:19.749,1.24798,1.24819,2.85,2.25
2012.02.24 10:09:20.132,1.24798,1.24819,2.85,2.25
2012.02.24 10:09:20.668,1.24797,1.24815,4.05,1.50
2012.02.24 10:09:20.983,1.24796,1.2481,1.35,1.50
2012.02.24 10:09:21.385,1.24793,1.24813,2.25,3.00
2012.02.24 10:09:21.933,1.24798,1.24816,1.50,3.75
2012.02.24 10:09:22.594,1.24797,1.24818,2.25,3.45
2012.02.24 10:09:24.443,1.24797,1.24818,2.85,3.00
2012.02.24 10:09:24.639,1.24801,1.24818,1.50,1.50
2012.02.24 10:09:25.210,1.248,1.24818,1.50,1.50
2012.02.24 10:09:25.954,1.248,1.2482,1.50,1.50
2012.02.24 10:09:26.796,1.24795,1.24813,1.50,3.00
2012.02.24 10:09:26.898,1.24798,1.24811,1.50,2.76
2012.02.24 10:09:27.242,1.24794,1.24811,1.50,2.25
2012.02.24 10:09:27.390,1.24788,1.24809,1.50,2.25
2012.02.24 10:09:27.530,1.24788,1.24809,2.25,2.25
2012.02.24 10:09:28.206,1.2479,1.24809,3.00,2.25
2012.02.24 10:09:28.288,1.24792,1.2481,1.50,2.25
2012.02.24 10:09:28.807,1.24788,1.24807,1.50,2.25
2012.02.24 10:09:29.335,1.24789,1.24809,1.50,2.25
2012.02.24 10:09:30.761,1.24792,1.24811,1.50,2.25
2012.02.24 10:09:31.085,1.24794,1.24813,1.50,2.25
2012.02.24 10:09:31.427,1.24796,1.24815,1.50,2.25
2012.02.24 10:09:31.861,1.24793,1.24814,1.50,3.75
2012.02.24 10:09:31.999,1.24791,1.2481,2.55,2.25
2012.02.24 10:09:33.217,1.24792,1.24812,1.80,2.25
2012.02.24 10:09:33.597,1.24794,1.24813,1.50,2.25
2012.02.24 10:09:34.005,1.24792,1.24811,2.25,2.25
2012.02.24 10:09:34.772,1.24793,1.24814,1.50,2.25
2012.02.24 10:09:35.113,1.24792,1.24811,3.30,2.25
2012.02.24 10:09:36.594,1.24792,1.24807,1.80,2.25
2012.02.24 10:09:37.245,1.24798,1.24807,1.50,1.50
2012.02.24 10:09:37.327,1.248,1.24819,2.25,3.75
2012.02.24 10:09:37.573,1.248,1.24819,2.25,2.25
2012.02.24 10:09:37.888,1.24797,1.24815,2.25,1.50
2012.02.24 10:09:37.957,1.24797,1.24815,2.25,2.25
2012.02.24 10:09:38.508,1.24797,1.24818,2.85,2.25
2012.02.24 10:09:38.721,1.248,1.2482,2.25,2.25
2012.02.24 10:09:39.833,1.24799,1.24818,2.25,2.25
2012.02.24 10:09:40.466,1.24799,1.24818,2.25,1.50
2012.02.24 10:09:40.791,1.24802,1.24819,1.80,2.25
2012.02.24 10:09:41.304,1.24801,1.24819,1.35,2.25
2012.02.24 10:09:41.607,1.248,1.24816,2.55,1.50
2012.02.24 10:09:41.877,1.248,1.24818,2.55,1.50
2012.02.24 10:09:42.406,1.248,1.24819,4.05,2.25
2012.02.24 10:09:43.439,1.24801,1.24819,1.35,2.25
2012.02.24 10:09:43.506,1.248,1.24813,1.35,1.50
2012.02.24 10:09:43.705,1.24799,1.24813,1.80,2.25
2012.02.24 10:09:43.776,1.24796,1.24813,3.30,2.25
2012.02.24 10:09:44.303,1.24798,1.24819,1.50,2.25
2012.02.24 10:09:44.807,1.24797,1.24816,1.50,2.25
2012.02.24 10:09:45.363,1.24798,1.24818,1.50,2.25
2012.02.24 10:09:46.199,1.24801,1.24815,1.35,2.25
2012.02.24 10:09:46.483,1.24809,1.24825,1.50,1.42
2012.02.24 10:09:46.567,1.24803,1.24819,1.80,2.25
2012.02.24 10:09:47.697,1.24802,1.2482,1.50,4.05
2012.02.24 10:09:47.777,1.24795,1.24815,2.25,2.25
2012.02.24 10:09:47.916,1.24794,1.24814,1.50,2.25
2012.02.24 10:09:48.473,1.24795,1.24816,2.25,4.05
2012.02.24 10:09:48.977,1.24797,1.24817,1.50,2.25
2012.02.24 10:09:49.537,1.24796,1.24815,3.00,2.25
2012.02.24 10:09:50.152,1.24797,1.24817,1.50,2.25
2012.02.24 10:09:50.955,1.24796,1.24816,1.50,2.25
2012.02.24 10:09:51.577,1.24795,1.24816,2.25,2.25
2012.02.24 10:09:51.897,1.24798,1.24816,1.50,2.25
2012.02.24 10:09:51.966,1.24796,1.24815,1.50,2.25
2012.02.24 10:09:52.525,1.24796,1.24815,3.00,2.25
2012.02.24 10:09:52.657,1.24797,1.24818,4.80,2.25
2012.02.24 10:09:53.384,1.24795,1.24814,2.25,2.25
2012.02.24 10:09:54.405,1.24795,1.24814,2.25,2.25
2012.02.24 10:09:54.915,1.24796,1.24817,1.50,2.25
2012.02.24 10:09:55.463,1.24793,1.24814,2.25,2.25
2012.02.24 10:09:56.268,1.24795,1.24813,2.25,2.25
2012.02.24 10:09:56.403,1.24798,1.24816,1.50,2.25
2012.02.24 10:09:56.915,1.24798,1.24816,1.50,2.25
2012.02.24 10:09:56.992,1.24796,1.24814,2.25,2.25
2012.02.24 10:09:57.633,1.24797,1.24817,1.50,4.80
2012.02.24 10:09:58.532,1.24795,1.24816,2.25,2.25
2012.02.24 10:10:00.205,1.24798,1.24817,1.50,4.05
2012.02.24 10:10:00.518,1.24799,1.24819,1.50,3.06
2012.02.24 10:10:00.585,1.24797,1.24817,1.50,2.25
2012.02.24 10:10:01.275,1.24795,1.24816,2.25,2.25
2012.02.24 10:10:01.868,1.24797,1.24815,1.50,2.55
2012.02.24 10:10:02.128,1.24795,1.24815,2.25,4.05
2012.02.24 10:10:02.397,1.24792,1.2481,2.25,1.80
2012.02.24 10:10:02.874,1.24795,1.24812,1.50,2.55
2012.02.24 10:10:03.657,1.24797,1.24817,1.50,3.21
2012.02.24 10:10:04.035,1.24795,1.24814,1.50,2.25
2012.02.24 10:10:04.438,1.24797,1.24816,3.00,2.55
2012.02.24 10:10:04.956,1.24798,1.24817,1.50,2.55
2012.02.24 10:10:05.300,1.24809,1.24818,1.50,2.55
2012.02.24 10:10:06.133,1.24807,1.24828,1.50,4.80
2012.02.24 10:10:06.213,1.24809,1.24828,1.50,3.30
2012.02.24 10:10:06.288,1.24805,1.24824,1.50,2.25
2012.02.24 10:10:06.843,1.24806,1.24824,1.80,2.25
2012.02.24 10:10:07.096,1.24807,1.24827,1.80,2.25
2012.02.24 10:10:07.352,1.24809,1.24828,1.50,2.25
2012.02.24 10:10:08.186,1.24819,1.24833,1.50,2.25
2012.02.24 10:10:08.988,1.24817,1.24834,1.50,3.00
2012.02.24 10:10:09.056,1.24815,1.24834,1.50,3.00
2012.02.24 10:10:09.355,1.24819,1.24832,1.50,1.50
2012.02.24 10:10:09.424,1.24815,1.24832,1.50,1.50
2012.02.24 10:10:09.498,1.24812,1.24832,1.50,1.50
2012.02.24 10:10:09.571,1.24812,1.2483,1.50,2.25
2012.02.24 10:10:09.650,1.2481,1.24827,1.35,2.25
2012.02.24 10:10:10.236,1.24811,1.24827,1.50,2.25
2012.02.24 10:10:10.310,1.24817,1.24838,3.30,2.25
2012.02.24 10:10:10.634,1.24816,1.24836,1.50,2.55
2012.02.24 10:10:10.762,1.24813,1.24834,3.00,2.25
2012.02.24 10:10:11.274,1.24812,1.24831,3.75,2.25
2012.02.24 10:10:11.417,1.24813,1.24834,1.50,3.00
2012.02.24 10:10:11.495,1.2481,1.24828,1.35,2.25
2012.02.24 10:10:11.906,1.24814,1.24827,1.50,2.25
2012.02.24 10:10:12.613,1.24806,1.24826,2.55,2.25
2012.02.24 10:10:13.137,1.24807,1.24826,1.80,3.00
2012.02.24 10:10:13.514,1.24808,1.24823,3.30,1.50
2012.02.24 10:10:13.708,1.24808,1.24823,3.30,1.50
2012.02.24 10:10:13.846,1.24802,1.2482,2.55,1.50
2012.02.24 10:10:13.975,1.24802,1.2482,2.55,2.25
2012.02.24 10:10:14.175,1.24811,1.24827,1.50,1.42
2012.02.24 10:10:14.305,1.24811,1.2483,3.60,3.22
2012.02.24 10:10:14.882,1.24813,1.2483,1.50,1.42
2012.02.24 10:10:15.239,1.24808,1.24828,1.35,2.25
2012.02.24 10:10:15.437,1.24807,1.24823,1.35,1.50
2012.02.24 10:10:15.985,1.24807,1.24827,1.35,2.25
2012.02.24 10:10:17.781,1.2481,1.24829,1.50,3.75
2012.02.24 10:10:18.096,1.24812,1.24831,1.50,2.25
2012.02.24 10:10:19.054,1.24812,1.24831,1.50,2.25
2012.02.24 10:10:20.038,1.24812,1.24831,1.50,2.25
2012.02.24 10:10:21.124,1.24814,1.24833,1.50,2.25
2012.02.24 10:10:23.484,1.24812,1.24832,2.55,2.25
2012.02.24 10:10:24.251,1.2481,1.24827,1.35,2.25
2012.02.24 10:10:24.337,1.2481,1.2483,2.25,2.25
2012.02.24 10:10:24.404,1.2481,1.2483,2.25,2.25
2012.02.24 10:10:24.888,1.2481,1.2483,2.25,2.25
2012.02.24 10:10:25.418,1.24813,1.24834,1.50,2.25
2012.02.24 10:10:25.663,1.24811,1.24836,1.35,1.42
2012.02.24 10:10:26.237,1.24808,1.24827,3.00,2.25
2012.02.24 10:10:26.308,1.24806,1.24826,4.05,2.25
2012.02.24 10:10:26.982,1.24808,1.24825,1.50,2.25
2012.02.24 10:10:27.691,1.24809,1.2483,1.50,2.25
2012.02.24 10:10:28.290,1.24812,1.2483,1.50,2.25
2012.02.24 10:10:29.207,1.24812,1.2483,1.50,2.25
2012.02.24 10:10:29.336,1.24809,1.24828,1.50,2.25
2012.02.24 10:10:29.407,1.24805,1.24826,4.35,2.25
2012.02.24 10:10:29.473,1.24806,1.24826,1.50,2.25
2012.02.24 10:10:30.262,1.24807,1.24826,2.55,2.25
2012.02.24 10:10:30.343,1.24807,1.24825,1.80,2.25
2012.02.24 10:10:30.894,1.24807,1.24825,1.80,2.25
2012.02.24 10:10:31.373,1.24805,1.24823,2.40,2.25
2012.02.24 10:10:31.646,1.24805,1.24823,3.15,2.25
2012.02.24 10:10:33.890,1.24803,1.24824,4.05,2.25
2012.02.24 10:10:34.262,1.24808,1.24826,1.50,1.50
2012.02.24 10:10:34.555,1.24805,1.24822,1.50,2.25
2012.02.24 10:10:34.635,1.24812,1.24822,1.80,2.25
2012.02.24 10:10:35.572,1.24798,1.24816,2.10,2.25
2012.02.24 10:10:35.650,1.24799,1.24818,2.25,2.25
2012.02.24 10:10:36.227,1.24799,1.24816,2.55,2.25
2012.02.24 10:10:36.461,1.24802,1.24823,2.25,2.25
2012.02.24 10:10:36.786,1.248,1.24821,2.25,2.25
2012.02.24 10:10:36.983,1.24799,1.24815,1.50,1.50
2012.02.24 10:10:37.181,1.24797,1.24817,3.30,2.25
2012.02.24 10:10:37.464,1.24798,1.24817,1.50,2.25
2012.02.24 10:10:37.535,1.24801,1.2482,1.50,2.25
2012.02.24 10:10:38.307,1.24804,1.24825,2.25,2.25
2012.02.24 10:10:38.434,1.24808,1.24826,1.50,2.25
2012.02.24 10:10:38.941,1.24808,1.24826,1.50,2.25
2012.02.24 10:10:39.074,1.24805,1.24825,4.50,2.25
2012.02.24 10:10:41.043,1.24805,1.24825,3.00,2.25
2012.02.24 10:10:41.630,1.24807,1.24827,1.50,2.25
2012.02.24 10:10:42.363,1.24807,1.24825,1.50,2.25
2012.02.24 10:10:42.503,1.24804,1.24824,2.55,2.25
2012.02.24 10:10:42.644,1.24806,1.24824,1.50,2.25
2012.02.24 10:10:44.122,1.24804,1.24824,1.80,2.25
2012.02.24 10:10:44.267,1.24808,1.24826,1.50,3.75
2012.02.24 10:10:44.476,1.24803,1.24823,1.50,2.25
2012.02.24 10:10:44.665,1.24804,1.24825,2.25,2.25
2012.02.24 10:10:45.286,1.24804,1.24825,1.50,2.25
2012.02.24 10:10:45.746,1.24801,1.2482,3.75,2.25
2012.02.24 10:10:45.873,1.24803,1.24821,1.50,2.25
2012.02.24 10:10:46.246,1.24803,1.24821,1.50,2.25
2012.02.24 10:10:46.592,1.24805,1.24823,1.50,1.35
2012.02.24 10:10:46.988,1.24807,1.24823,1.50,1.35
2012.02.24 10:10:47.056,1.24805,1.24823,1.50,2.85
2012.02.24 10:10:47.129,1.24802,1.2482,3.00,2.25
2012.02.24 10:10:47.727,1.24802,1.2482,1.50,2.25
2012.02.24 10:10:48.115,1.248,1.2482,1.50,2.25
2012.02.24 10:10:48.675,1.24799,1.2482,2.25,2.25
2012.02.24 10:10:48.745,1.24801,1.2482,1.50,2.25
2012.02.24 10:10:49.053,1.24808,1.24826,1.50,1.50
2012.02.24 10:10:49.264,1.24805,1.24823,1.50,2.25
2012.02.24 10:10:51.695,1.24806,1.24826,1.50,3.00
2012.02.24 10:10:51.895,1.24806,1.24826,1.50,2.25
2012.02.24 10:10:51.967,1.24808,1.24827,1.50,3.75
2012.02.24 10:10:52.515,1.24806,1.24825,3.00,2.25
2012.02.24 10:10:52.586,1.24802,1.24822,3.00,2.25
2012.02.24 10:10:52.717,1.24801,1.2482,2.25,2.25
2012.02.24 10:10:53.084,1.24804,1.24825,1.50,2.25
2012.02.24 10:10:53.936,1.24804,1.24827,2.25,2.76
2012.02.24 10:10:54.256,1.24808,1.24828,1.50,1.35
2012.02.24 10:10:54.553,1.24805,1.24828,2.25,1.56
2012.02.24 10:10:55.939,1.24805,1.24827,1.50,2.25
2012.02.24 10:10:57.067,1.24811,1.24826,1.50,2.25
2012.02.24 10:10:57.146,1.24814,1.2483,1.50,2.55
2012.02.24 10:10:57.482,1.24807,1.24825,2.85,2.25
2012.02.24 10:10:57.556,1.24807,1.24825,2.25,2.25
2012.02.24 10:10:58.113,1.24806,1.24826,2.25,4.05
2012.02.24 10:10:59.031,1.24803,1.2482,2.25,2.25
2012.02.24 10:10:59.325,1.24803,1.24822,2.25,2.25
2012.02.24 10:10:59.637,1.24806,1.24825,1.50,4.05
2012.02.24 10:10:59.945,1.24808,1.24827,1.50,4.05
2012.02.24 10:11:00.192,1.24808,1.24827,1.50,4.05
2012.02.24 10:11:00.335,1.24805,1.24826,3.00,2.25
2012.02.24 10:11:01.112,1.24803,1.24824,3.00,2.25
2012.02.24 10:11:01.199,1.24806,1.24825,1.50,2.25
2012.02.24 10:11:01.694,1.24803,1.24824,3.00,2.85
2012.02.24 10:11:01.766,1.24803,1.24824,3.00,2.85
2012.02.24 10:11:02.101,1.24804,1.24823,2.25,2.25
2012.02.24 10:11:02.315,1.24804,1.24822,1.50,1.35
2012.02.24 10:11:02.390,1.24807,1.24822,1.50,1.35
2012.02.24 10:11:02.590,1.24798,1.24817,2.25,2.25
2012.02.24 10:11:03.300,1.24798,1.24818,1.50,2.25
2012.02.24 10:11:03.382,1.24796,1.24815,2.25,2.25
2012.02.24 10:11:04.508,1.24797,1.24818,1.50,2.25
2012.02.24 10:11:10.934,1.24797,1.24818,3.00,2.25
2012.02.24 10:11:11.080,1.248,1.24819,1.50,2.25
2012.02.24 10:11:11.806,1.24797,1.24817,3.00,2.25
2012.02.24 10:11:11.888,1.24797,1.24817,3.00,2.25
2012.02.24 10:11:12.241,1.24795,1.24811,1.50,2.25
2012.02.24 10:11:12.388,1.24795,1.24814,1.50,2.25
2012.02.24 10:11:14.565,1.24798,1.24817,1.50,2.25
2012.02.24 10:11:14.844,1.24796,1.24815,2.25,2.25
2012.02.24 10:11:17.437,1.24797,1.24818,1.50,4.80
2012.02.24 10:11:17.993,1.24792,1.24813,2.25,2.25
2012.02.24 10:11:18.794,1.24797,1.24814,1.50,2.55
2012.02.24 10:11:19.354,1.24795,1.24815,1.50,2.25
2012.02.24 10:11:27.024,1.24799,1.24811,2.25,1.80
2012.02.24 10:11:27.115,1.24796,1.24814,1.50,2.25
2012.02.24 10:11:27.253,1.24797,1.24816,1.50,2.92
2012.02.24 10:11:27.876,1.24799,1.24822,1.80,3.21
2012.02.24 10:11:28.768,1.24797,1.24817,1.58,2.25
2012.02.24 10:11:32.421,1.24795,1.24816,2.25,2.55
2012.02.24 10:11:38.849,1.24797,1.24818,1.50,2.55
2012.02.24 10:11:38.976,1.24794,1.24817,4.05,1.35
2012.02.24 10:11:39.476,1.24794,1.24816,2.25,2.55
2012.02.24 10:11:39.750,1.24792,1.24812,2.25,2.25
2012.02.24 10:11:40.609,1.24793,1.24817,2.25,1.35
2012.02.24 10:11:44.939,1.248,1.24822,1.50,2.10
2012.02.24 10:11:45.361,1.24802,1.24821,1.50,1.50
2012.02.24 10:11:45.437,1.248,1.24821,1.50,1.50
2012.02.24 10:11:45.507,1.24798,1.24821,1.50,3.00
2012.02.24 10:11:46.288,1.24797,1.24819,1.80,2.25
2012.02.24 10:11:47.298,1.24797,1.24815,1.80,1.50
2012.02.24 10:11:47.366,1.24794,1.24815,2.25,1.50
2012.02.24 10:11:47.909,1.24793,1.24818,3.30,4.80
2012.02.24 10:11:48.438,1.24796,1.24819,2.25,3.00
2012.02.24 10:11:48.566,1.24798,1.2482,1.50,2.55
2012.02.24 10:11:48.640,1.24801,1.24822,1.80,1.50
2012.02.24 10:11:49.357,1.24797,1.24818,1.95,1.50
2012.02.24 10:11:49.546,1.24795,1.24818,1.20,3.00
2012.02.24 10:11:49.745,1.24796,1.24818,1.50,1.50
2012.02.24 10:11:52.223,1.24797,1.24821,1.50,1.35
2012.02.24 10:11:52.356,1.24797,1.24821,1.50,1.35
2012.02.24 10:11:52.853,1.24795,1.2482,2.25,2.25
2012.02.24 10:11:53.924,1.24795,1.2482,2.25,2.25
2012.02.24 10:11:54.201,1.24795,1.2482,2.25,1.50
2012.02.24 10:11:55.275,1.24798,1.24821,2.25,2.85
2012.02.24 10:11:58.443,1.24798,1.24821,2.25,2.85
2012.02.24 10:11:58.753,1.24794,1.24818,1.59,1.50
2012.02.24 10:11:59.434,1.24796,1.2482,1.50,1.50
2012.02.24 10:12:00.813,1.24797,1.24821,2.25,2.10
2012.02.24 10:12:02.096,1.24799,1.24821,2.25,1.35
2012.02.24 10:12:02.239,1.24796,1.24811,1.50,1.35
2012.02.24 10:12:03.143,1.248,1.24816,1.50,2.25
2012.02.24 10:12:03.216,1.248,1.24819,2.25,2.25
2012.02.24 10:12:03.543,1.24802,1.24821,1.50,2.25
2012.02.24 10:12:03.946,1.24797,1.24815,2.25,2.25
2012.02.24 10:12:04.386,1.248,1.24818,2.25,2.55
2012.02.24 10:12:04.457,1.248,1.24818,2.25,2.55
2012.02.24 10:12:05.132,1.248,1.24818,2.25,3.00
2012.02.24 10:12:05.966,1.24799,1.24817,2.25,1.50
2012.02.24 10:12:06.041,1.24799,1.24818,2.25,1.50
2012.02.24 10:12:06.384,1.24797,1.24817,2.25,2.25
2012.02.24 10:12:06.908,1.24801,1.24819,2.25,1.50
2012.02.24 10:12:10.594,1.248,1.24819,2.25,1.50
2012.02.24 10:12:13.018,1.24799,1.24817,3.75,1.50
2012.02.24 10:12:13.225,1.248,1.24819,2.25,2.25
2012.02.24 10:12:13.293,1.248,1.24819,2.25,2.25
2012.02.24 10:12:13.927,1.24801,1.2482,2.25,1.50
2012.02.24 10:12:14.453,1.24799,1.24819,2.25,1.50
2012.02.24 10:12:15.537,1.24795,1.24816,3.00,1.50
2012.02.24 10:12:15.894,1.24795,1.24814,1.50,1.50
2012.02.24 10:12:16.425,1.24797,1.24815,2.25,1.50
2012.02.24 10:12:20.787,1.24797,1.24815,2.25,1.50
2012.02.24 10:12:21.458,1.24795,1.24814,1.50,1.50
2012.02.24 10:12:22.036,1.24794,1.24813,1.50,1.50
2012.02.24 10:12:25.229,1.24792,1.2481,1.50,1.50
2012.02.24 10:12:26.040,1.24793,1.2481,1.50,1.50
2012.02.24 10:12:26.546,1.2479,1.24809,3.00,1.50
2012.02.24 10:12:26.617,1.24791,1.24812,2.25,1.50
2012.02.24 10:12:27.113,1.24791,1.24809,1.50,1.50
2012.02.24 10:12:28.627,1.2479,1.24809,2.25,1.50
2012.02.24 10:12:29.361,1.24793,1.24812,2.25,3.30
2012.02.24 10:12:29.449,1.24791,1.2481,2.25,1.50
2012.02.24 10:12:29.520,1.24791,1.24808,1.50,1.50
2012.02.24 10:12:29.870,1.2479,1.24804,1.50,1.50
2012.02.24 10:12:30.066,1.24789,1.24807,1.50,3.30
2012.02.24 10:12:31.389,1.24791,1.24812,2.25,1.95
2012.02.24 10:12:32.456,1.24792,1.24811,2.25,1.95
2012.02.24 10:12:33.085,1.24793,1.24814,2.25,4.50
2012.02.24 10:12:33.660,1.24793,1.24814,2.25,4.50
2012.02.24 10:12:33.793,1.24792,1.2481,2.25,1.50
2012.02.24 10:12:34.637,1.2479,1.24809,3.00,1.50
2012.02.24 10:12:35.273,1.2479,1.24807,1.50,1.50
2012.02.24 10:12:35.636,1.2479,1.24807,1.50,1.50
2012.02.24 10:12:36.756,1.24796,1.2481,1.50,1.50
2012.02.24 10:12:36.827,1.24798,1.24814,2.25,1.50
2012.02.24 10:12:36.964,1.24798,1.24817,2.25,2.25
2012.02.24 10:12:37.154,1.24798,1.24817,2.25,2.25
2012.02.24 10:12:37.473,1.24794,1.24813,3.30,1.50
2012.02.24 10:12:38.097,1.24796,1.24817,2.25,3.00
2012.02.24 10:12:38.168,1.24795,1.24813,3.75,1.50
2012.02.24 10:12:38.831,1.24795,1.24812,2.25,1.50
2012.02.24 10:12:38.984,1.24794,1.24809,2.55,1.50
2012.02.24 10:12:39.314,1.24795,1.24811,1.50,1.50
2012.02.24 10:12:39.450,1.24793,1.24814,4.05,1.50
2012.02.24 10:12:40.104,1.24794,1.24813,1.50,1.50
2012.02.24 10:12:40.176,1.24794,1.2481,1.50,1.50
2012.02.24 10:12:40.968,1.24793,1.2481,3.30,1.50
2012.02.24 10:12:41.188,1.24792,1.2481,2.10,1.50
2012.02.24 10:12:41.262,1.24795,1.24812,1.50,1.50
2012.02.24 10:12:41.334,1.24793,1.24812,1.50,1.50
2012.02.24 10:12:41.675,1.24793,1.2481,1.50,1.50
2012.02.24 10:12:41.747,1.24793,1.2481,1.50,1.50
2012.02.24 10:12:42.115,1.24794,1.24812,1.50,1.50
2012.02.24 10:12:42.189,1.24795,1.24809,1.50,1.50
2012.02.24 10:12:42.448,1.24795,1.24811,1.50,1.50
2012.02.24 10:12:42.814,1.24796,1.24814,1.50,1.50
2012.02.24 10:12:43.477,1.24796,1.24816,3.00,2.25
2012.02.24 10:12:43.806,1.24794,1.24812,4.05,1.50
2012.02.24 10:12:44.135,1.24793,1.24808,1.50,1.50
2012.02.24 10:12:44.335,1.24792,1.24811,2.25,1.50
2012.02.24 10:12:44.807,1.24789,1.24809,3.75,1.50
2012.02.24 10:12:45.926,1.2479,1.24811,2.25,1.50
2012.02.24 10:12:46.435,1.24793,1.24812,2.25,1.50
2012.02.24 10:12:47.594,1.24793,1.24812,2.25,1.50
2012.02.24 10:12:48.736,1.24794,1.24814,2.25,4.05
2012.02.24 10:12:49.254,1.24794,1.24814,2.25,1.80
2012.02.24 10:12:50.104,1.24792,1.24812,3.75,1.50
2012.02.24 10:12:50.434,1.2479,1.24809,2.25,1.50
2012.02.24 10:12:50.681,1.24791,1.24811,2.25,1.50
2012.02.24 10:12:53.993,1.24791,1.24811,2.25,2.25
2012.02.24 10:12:54.427,1.24789,1.2481,2.25,1.50
2012.02.24 10:12:54.957,1.24792,1.2481,2.25,1.80
2012.02.24 10:12:55.737,1.24789,1.24809,2.25,1.80
2012.02.24 10:12:56.240,1.24793,1.2481,2.25,1.80
2012.02.24 10:12:56.448,1.24792,1.2481,2.25,1.50
2012.02.24 10:12:56.523,1.24794,1.24813,2.25,3.90
2012.02.24 10:12:57.599,1.24793,1.24813,2.25,2.55
2012.02.24 10:12:57.768,1.24792,1.24811,2.25,1.50
2012.02.24 10:12:58.983,1.24793,1.24814,2.25,3.75
2012.02.24 10:12:59.533,1.24793,1.24814,2.25,1.50
2012.02.24 10:13:01.270,1.24795,1.24816,2.25,4.26
2012.02.24 10:13:06.003,1.24801,1.24819,1.50,4.26
2012.02.24 10:13:06.516,1.24798,1.24819,2.25,2.25
2012.02.24 10:13:07.017,1.24796,1.24817,2.25,2.25
2012.02.24 10:13:08.730,1.24796,1.24816,2.25,1.50
2012.02.24 10:13:09.652,1.24793,1.24811,2.25,1.50
2012.02.24 10:13:09.756,1.24805,1.24817,1.50,1.50
2012.02.24 10:13:09.838,1.24803,1.2482,2.25,2.25
2012.02.24 10:13:12.113,1.24803,1.24824,2.25,3.60
2012.02.24 10:13:12.799,1.24802,1.24822,3.75,3.00
2012.02.24 10:13:13.275,1.24802,1.2482,2.25,3.30
2012.02.24 10:13:20.667,1.24799,1.2482,2.25,3.00
2012.02.24 10:13:21.824,1.24799,1.2482,2.25,3.00
2012.02.24 10:13:23.122,1.24799,1.2482,2.25,2.25
2012.02.24 10:13:23.642,1.24802,1.2482,2.25,3.00
2012.02.24 10:13:25.384,1.24802,1.2482,2.25,3.00
2012.02.24 10:13:27.030,1.24802,1.24818,2.25,1.80
2012.02.24 10:13:27.112,1.24795,1.24814,2.25,1.50
2012.02.24 10:13:27.244,1.24797,1.24816,2.25,1.50
2012.02.24 10:13:27.314,1.24799,1.24818,2.25,2.55
2012.02.24 10:13:27.516,1.24799,1.24818,2.25,1.80
2012.02.24 10:13:28.056,1.24798,1.24817,3.75,1.50
2012.02.24 10:13:30.224,1.24798,1.24817,2.25,1.50
2012.02.24 10:13:32.335,1.24795,1.24816,2.25,1.50
2012.02.24 10:13:37.165,1.24797,1.24814,2.25,1.80
2012.02.24 10:13:38.036,1.24794,1.24813,2.85,1.50
2012.02.24 10:13:38.405,1.24796,1.24815,2.25,3.30
2012.02.24 10:13:39.467,1.24794,1.24812,2.25,1.50
2012.02.24 10:13:39.541,1.24793,1.24812,2.25,4.50
2012.02.24 10:13:39.633,1.24791,1.2481,2.25,2.25
2012.02.24 10:13:39.715,1.24795,1.24813,2.25,1.80
2012.02.24 10:13:39.930,1.24796,1.24814,2.25,3.97
2012.02.24 10:13:40.127,1.24796,1.24814,2.25,4.05
2012.02.24 10:13:41.165,1.24794,1.2481,2.25,1.50
2012.02.24 10:13:41.240,1.24798,1.24809,1.50,1.80
2012.02.24 10:13:41.509,1.24795,1.24814,3.75,3.22
2012.02.24 10:13:41.585,1.24797,1.24814,1.50,2.55
2012.02.24 10:13:41.976,1.24796,1.24814,2.25,2.55
2012.02.24 10:13:42.125,1.24793,1.24811,3.00,2.25
2012.02.24 10:13:43.056,1.24794,1.24815,1.50,2.25
2012.02.24 10:13:43.403,1.24796,1.24817,2.25,2.25
2012.02.24 10:13:43.810,1.24799,1.24817,1.50,1.13
2012.02.24 10:13:43.933,1.24797,1.24817,1.50,2.63
2012.02.24 10:13:44.005,1.24796,1.24817,1.50,2.63
2012.02.24 10:13:44.133,1.24796,1.24817,1.50,2.63
2012.02.24 10:13:44.649,1.24797,1.24816,2.25,2.25
2012.02.24 10:13:44.725,1.24799,1.24818,1.50,2.92
2012.02.24 10:13:44.939,1.24797,1.24818,1.50,2.25
2012.02.24 10:13:45.012,1.24795,1.24814,3.00,2.25
2012.02.24 10:13:45.088,1.24795,1.24814,2.25,2.25
2012.02.24 10:13:45.776,1.24788,1.24809,3.60,1.50
2012.02.24 10:13:46.286,1.2479,1.24811,2.25,2.25
2012.02.24 10:13:46.428,1.24789,1.24808,2.25,1.50
2012.02.24 10:13:46.754,1.24791,1.2481,2.25,2.25
2012.02.24 10:13:47.166,1.24789,1.24808,2.25,2.25
2012.02.24 10:13:47.435,1.24789,1.24808,2.25,4.05
2012.02.24 10:13:48.278,1.24791,1.2481,1.50,2.55
2012.02.24 10:13:49.168,1.24791,1.2481,1.50,2.55
2012.02.24 10:13:49.236,1.24793,1.2481,1.50,2.55
2012.02.24 10:13:49.786,1.24793,1.24813,1.50,2.25
2012.02.24 10:13:50.303,1.24792,1.24813,3.00,2.25
2012.02.24 10:13:50.924,1.24792,1.24813,2.25,2.25
2012.02.24 10:13:52.206,1.24791,1.2481,2.25,1.50
2012.02.24 10:13:52.809,1.24791,1.24812,2.25,3.00
2012.02.24 10:13:53.240,1.24791,1.2481,2.25,1.80
2012.02.24 10:13:53.586,1.24794,1.24814,2.25,1.80
2012.02.24 10:13:54.483,1.24797,1.24815,2.25,1.80
2012.02.24 10:13:54.571,1.24795,1.24818,2.25,3.75
2012.02.24 10:13:54.781,1.24798,1.24821,2.25,2.46
2012.02.24 10:13:54.997,1.24798,1.24819,3.75,1.80
2012.02.24 10:13:55.326,1.24803,1.24824,2.25,1.71
2012.02.24 10:13:55.647,1.24803,1.24818,2.25,1.80
2012.02.24 10:13:55.777,1.24804,1.24824,2.25,1.71
2012.02.24 10:13:56.488,1.24803,1.24819,2.25,1.50
2012.02.24 10:13:57.086,1.24798,1.24812,1.50,2.10
2012.02.24 10:13:57.167,1.24798,1.24809,1.50,2.55
2012.02.24 10:13:57.381,1.24798,1.24809,2.25,1.80
2012.02.24 10:13:57.602,1.24798,1.24813,2.25,1.80
2012.02.24 10:13:57.678,1.24796,1.24815,2.85,1.50
2012.02.24 10:13:57.755,1.24793,1.24812,2.25,1.50
2012.02.24 10:13:58.366,1.24795,1.24814,2.25,6.15
2012.02.24 10:13:58.451,1.24794,1.24814,2.25,2.46
2012.02.24 10:13:58.603,1.24796,1.24815,2.25,2.08
2012.02.24 10:13:58.866,1.24801,1.24816,1.50,1.50
2012.02.24 10:13:58.999,1.24798,1.24816,3.00,1.71
2012.02.24 10:13:59.216,1.24798,1.24816,3.00,1.71
2012.02.24 10:13:59.539,1.24796,1.24814,1.50,2.25
2012.02.24 10:14:00.531,1.24795,1.24814,2.25,3.00
2012.02.24 10:14:02.025,1.24796,1.24816,1.50,2.46
2012.02.24 10:14:02.277,1.24793,1.24814,2.25,2.25
2012.02.24 10:14:02.785,1.24793,1.24814,2.25,2.46
2012.02.24 10:14:04.558,1.24793,1.24814,2.25,2.46
2012.02.24 10:14:05.692,1.24792,1.2481,2.55,1.50
2012.02.24 10:14:06.897,1.24795,1.2481,1.35,1.50
2012.02.24 10:14:07.041,1.24795,1.24817,2.85,1.50
2012.02.24 10:14:07.118,1.24796,1.24818,3.08,3.00
2012.02.24 10:14:07.830,1.24793,1.24812,1.13,1.80
2012.02.24 10:14:08.175,1.24791,1.2481,1.50,1.50
2012.02.24 10:14:08.319,1.24791,1.24812,1.50,2.25
2012.02.24 10:14:08.389,1.24791,1.24806,1.50,1.50
2012.02.24 10:14:08.602,1.24787,1.24806,1.50,1.50
2012.02.24 10:14:08.676,1.24787,1.24804,1.50,1.50
2012.02.24 10:14:08.747,1.24786,1.24804,1.50,2.25
2012.02.24 10:14:09.438,1.24786,1.24804,2.10,2.25
2012.02.24 10:14:09.520,1.24781,1.24799,1.50,2.25
2012.02.24 10:14:10.928,1.24783,1.248,1.50,2.25
2012.02.24 10:14:11.541,1.24783,1.248,1.50,2.25
2012.02.24 10:14:11.717,1.24783,1.248,1.50,2.25
2012.02.24 10:14:12.318,1.24787,1.24805,1.50,2.25
2012.02.24 10:14:12.521,1.24788,1.24805,1.50,2.25
2012.02.24 10:14:12.881,1.24789,1.24807,2.25,2.25
2012.02.24 10:14:13.397,1.24789,1.24807,2.25,2.25
2012.02.24 10:14:14.192,1.24789,1.24807,1.50,2.25
2012.02.24 10:14:14.271,1.24787,1.24806,2.25,2.25
2012.02.24 10:14:14.552,1.24787,1.24804,1.50,2.25
2012.02.24 10:14:15.078,1.24788,1.24808,2.25,1.41
2012.02.24 10:14:15.416,1.24789,1.24808,2.25,2.91
2012.02.24 10:14:16.100,1.24785,1.24806,3.00,2.25
2012.02.24 10:14:16.165,1.24787,1.24805,2.25,2.25
2012.02.24 10:14:16.323,1.24786,1.24803,1.50,2.25
2012.02.24 10:14:16.854,1.24785,1.24804,1.50,4.05
2012.02.24 10:14:18.516,1.24784,1.24803,3.00,2.25
2012.02.24 10:14:19.469,1.24784,1.24803,2.25,2.25
2012.02.24 10:14:20.516,1.24786,1.24805,1.50,4.05
2012.02.24 10:14:20.647,1.24786,1.24805,2.25,2.55
2012.02.24 10:14:22.105,1.24789,1.24807,1.50,2.25
2012.02.24 10:14:22.654,1.24791,1.24809,1.50,1.56
2012.02.24 10:14:23.364,1.24791,1.24809,1.50,1.56
2012.02.24 10:14:23.454,1.24782,1.24801,3.00,2.25
2012.02.24 10:14:23.536,1.24782,1.248,1.50,2.25
2012.02.24 10:14:23.914,1.24784,1.24803,2.25,2.46
2012.02.24 10:14:24.136,1.24784,1.24803,1.50,2.46
2012.02.24 10:14:25.735,1.24782,1.24801,2.25,2.25
2012.02.24 10:14:26.389,1.24782,1.24801,1.50,2.25
2012.02.24 10:14:26.748,1.24781,1.24792,1.50,1.80
2012.02.24 10:14:27.504,1.24786,1.24802,2.55,3.75
2012.02.24 10:14:27.993,1.24784,1.24803,6.90,2.25
2012.02.24 10:14:28.077,1.24786,1.24804,3.75,2.25
2012.02.24 10:14:28.287,1.24786,1.24804,2.25,2.25
2012.02.24 10:14:28.434,1.24788,1.24807,1.50,2.25
2012.02.24 10:14:29.123,1.24788,1.24807,2.25,1.13
2012.02.24 10:14:29.645,1.2479,1.24811,1.50,4.26
2012.02.24 10:14:29.918,1.24789,1.24808,3.00,2.25
2012.02.24 10:14:34.728,1.24791,1.24809,1.50,2.25
2012.02.24 10:14:34.934,1.24792,1.24809,1.50,2.25
2012.02.24 10:14:35.014,1.24792,1.24809,1.50,2.25
2012.02.24 10:14:35.096,1.24797,1.24811,1.50,1.50
2012.02.24 10:14:35.750,1.24797,1.24815,1.50,2.25
2012.02.24 10:14:36.276,1.248,1.24817,1.50,1.33
2012.02.24 10:14:36.418,1.24797,1.24817,1.50,1.33
2012.02.24 10:14:36.620,1.24795,1.24816,1.50,2.46
2012.02.24 10:14:36.689,1.24799,1.24817,1.50,1.33
2012.02.24 10:14:36.757,1.24796,1.24817,2.25,3.21
2012.02.24 10:14:36.831,1.24796,1.24815,1.50,2.76
2012.02.24 10:14:37.685,1.24796,1.24815,1.50,1.33
2012.02.24 10:14:37.771,1.24792,1.24811,1.50,2.46
2012.02.24 10:14:38.266,1.24792,1.24811,2.25,2.46
2012.02.24 10:14:39.031,1.24795,1.24814,1.50,3.73
2012.02.24 10:14:39.111,1.24793,1.24814,1.50,5.23
2012.02.24 10:14:39.900,1.24793,1.24814,2.25,2.46
2012.02.24 10:14:39.979,1.24796,1.24815,1.50,2.46
2012.02.24 10:14:40.758,1.24797,1.24816,1.50,2.76
2012.02.24 10:14:41.063,1.24799,1.24816,1.50,2.76
2012.02.24 10:14:41.195,1.24797,1.24816,1.50,2.76
2012.02.24 10:14:41.714,1.24796,1.24816,1.50,2.76
2012.02.24 10:14:41.908,1.24794,1.24815,3.00,2.46
2012.02.24 10:14:41.976,1.24794,1.24815,3.00,2.83
2012.02.24 10:14:42.663,1.24791,1.24811,1.50,4.26
2012.02.24 10:14:42.745,1.2479,1.24811,3.00,4.26
2012.02.24 10:14:43.077,1.24792,1.24811,2.25,2.76
2012.02.24 10:14:43.627,1.24792,1.24813,1.50,4.26
2012.02.24 10:14:44.820,1.24792,1.24813,1.50,4.26
2012.02.24 10:14:46.857,1.24792,1.24813,1.50,2.46
2012.02.24 10:14:47.974,1.24792,1.24813,1.50,2.46
2012.02.24 10:14:48.495,1.24791,1.2481,1.50,2.46
2012.02.24 10:14:48.840,1.24797,1.24816,1.50,2.46
2012.02.24 10:14:49.745,1.24794,1.24804,2.25,2.01
2012.02.24 10:14:49.827,1.24786,1.24807,3.00,2.46
2012.02.24 10:14:50.344,1.2479,1.24808,1.50,2.46
2012.02.24 10:14:50.913,1.24788,1.24807,2.25,2.46
2012.02.24 10:14:51.782,1.24789,1.24809,1.50,5.01
2012.02.24 10:14:53.012,1.24789,1.24808,2.25,2.76
2012.02.24 10:14:53.090,1.24791,1.24808,1.50,2.76
2012.02.24 10:14:53.412,1.24793,1.24809,1.50,1.33
2012.02.24 10:14:53.489,1.24791,1.24809,1.50,3.13
2012.02.24 10:14:53.621,1.24788,1.24807,3.00,2.55
2012.02.24 10:14:53.697,1.24788,1.24807,1.50,2.76
2012.02.24 10:14:54.052,1.2479,1.24808,1.50,2.76
2012.02.24 10:14:54.427,1.24794,1.2481,1.50,2.76
2012.02.24 10:14:54.498,1.24792,1.2481,1.50,4.26
2012.02.24 10:14:54.564,1.24792,1.2481,1.50,4.26
2012.02.24 10:14:55.254,1.24793,1.2481,1.50,2.76
2012.02.24 10:14:55.395,1.24791,1.24811,1.50,2.46
2012.02.24 10:14:55.465,1.24793,1.24812,1.50,6.73
2012.02.24 10:14:55.814,1.24791,1.24811,1.50,2.46
2012.02.24 10:14:56.134,1.24793,1.24812,1.50,5.23
2012.02.24 10:14:57.628,1.24793,1.24812,1.50,3.53
2012.02.24 10:14:58.713,1.24795,1.24814,1.50,2.46
2012.02.24 10:14:58.988,1.24795,1.24814,1.50,2.55
2012.02.24 10:14:59.132,1.248,1.24816,1.50,1.13
2012.02.24 10:14:59.207,1.24793,1.24816,3.75,3.13
2012.02.24 10:14:59.401,1.24797,1.24813,1.50,2.46
2012.02.24 10:14:59.552,1.2479,1.24813,1.50,1.33
2012.02.24 10:14:59.699,1.24789,1.24806,1.50,1.80
2012.02.24 10:15:00.386,1.2479,1.24814,2.55,1.35
2012.02.24 10:15:00.918,1.2479,1.24814,2.55,1.71
2012.02.24 10:15:01.540,1.2479,1.24815,3.30,2.76
2012.02.24 10:15:01.739,1.2479,1.24815,3.30,2.76
2012.02.24 10:15:02.369,1.24792,1.24814,1.50,1.56
2012.02.24 10:15:02.449,1.2479,1.24811,1.50,2.55
2012.02.24 10:15:03.598,1.24789,1.24811,1.50,2.76
2012.02.24 10:15:03.817,1.24793,1.24814,1.50,2.76
2012.02.24 10:15:03.969,1.2479,1.24813,2.25,1.35
2012.02.24 10:15:04.687,1.24791,1.24809,1.35,1.50
2012.02.24 10:15:05.257,1.24795,1.24813,3.00,2.25
2012.02.24 10:15:05.599,1.24797,1.24815,1.50,2.46
2012.02.24 10:15:05.877,1.24795,1.24813,3.75,2.46
2012.02.24 10:15:06.587,1.24788,1.24809,2.25,2.25
2012.02.24 10:15:06.897,1.24788,1.24809,2.25,2.25
2012.02.24 10:15:07.540,1.24791,1.2481,1.50,2.46
2012.02.24 10:15:08.096,1.24788,1.24809,2.25,2.25
2012.02.24 10:15:12.375,1.24788,1.24808,1.50,2.46
2012.02.24 10:15:13.816,1.24789,1.2481,1.50,2.46
2012.02.24 10:15:16.264,1.24787,1.24808,2.25,2.25
2012.02.24 10:15:18.312,1.24789,1.2481,1.50,2.46
2012.02.24 10:15:19.548,1.24793,1.2481,1.50,2.46
2012.02.24 10:15:20.241,1.24795,1.24812,1.50,1.33
2012.02.24 10:15:20.356,1.24791,1.2481,2.85,2.25
2012.02.24 10:15:20.437,1.24792,1.24809,1.35,2.25
2012.02.24 10:15:20.764,1.24791,1.2481,2.10,2.25
2012.02.24 10:15:20.835,1.24792,1.24812,2.10,2.46
2012.02.24 10:15:21.108,1.24795,1.24814,1.50,2.83
2012.02.24 10:15:21.634,1.24795,1.24814,1.50,2.46
2012.02.24 10:15:22.487,1.24795,1.24814,1.50,2.46
2012.02.24 10:15:23.286,1.24793,1.24812,1.50,2.25
2012.02.24 10:15:23.357,1.2479,1.2481,1.50,2.25
2012.02.24 10:15:23.995,1.24788,1.24809,2.25,2.25
2012.02.24 10:15:24.254,1.2479,1.24811,1.50,2.46
2012.02.24 10:15:24.325,1.2479,1.24811,1.50,2.46
2012.02.24 10:15:25.370,1.2479,1.24808,1.50,2.25
2012.02.24 10:15:25.453,1.24788,1.24807,2.25,2.25
2012.02.24 10:15:25.534,1.2479,1.24808,1.50,2.25
2012.02.24 10:15:26.203,1.2479,1.24808,1.50,2.46
2012.02.24 10:15:26.976,1.24792,1.2481,1.50,2.46
2012.02.24 10:15:27.604,1.24787,1.24808,3.00,2.25
2012.02.24 10:15:28.148,1.24787,1.24808,3.00,2.25
2012.02.24 10:15:29.096,1.24786,1.24806,2.25,2.25
2012.02.24 10:15:29.178,1.24786,1.24806,1.50,3.75
2012.02.24 10:15:29.683,1.24785,1.24804,2.25,2.25
2012.02.24 10:15:30.779,1.24787,1.24806,1.50,3.96
2012.02.24 10:15:31.126,1.24792,1.24808,1.50,1.33
2012.02.24 10:15:31.788,1.2479,1.24809,1.50,3.60
2012.02.24 10:15:31.858,1.24787,1.24808,3.75,3.00
2012.02.24 10:15:32.135,1.24787,1.24808,2.25,3.00
2012.02.24 10:15:32.756,1.24787,1.24808,2.25,2.25
2012.02.24 10:15:32.986,1.24789,1.2481,1.50,3.21
2012.02.24 10:15:33.662,1.24787,1.24805,2.25,2.25
2012.02.24 10:15:34.525,1.24784,1.24805,4.65,3.75
2012.02.24 10:15:35.081,1.24784,1.248,2.55,1.50
2012.02.24 10:15:35.334,1.24782,1.24803,2.85,2.25
2012.02.24 10:15:39.306,1.24782,1.248,2.85,1.50
2012.02.24 10:15:39.878,1.24778,1.24797,3.00,1.50
2012.02.24 10:15:40.016,1.24776,1.24797,2.25,1.50
2012.02.24 10:15:40.394,1.24778,1.24799,2.25,2.25
2012.02.24 10:15:41.500,1.24777,1.24796,2.25,1.50
2012.02.24 10:15:41.540,1.24777,1.24794,1.50,2.55
2012.02.24 10:15:41.740,1.24774,1.24794,2.25,2.55
2012.02.24 10:15:43.690,1.24774,1.24792,2.25,1.50
2012.02.24 10:15:43.762,1.24778,1.24794,1.50,3.51
2012.02.24 10:15:44.443,1.24776,1.24793,2.25,1.80
2012.02.24 10:15:44.525,1.24771,1.2479,2.25,1.50
2012.02.24 10:15:45.427,1.24774,1.24792,2.25,3.75
2012.02.24 10:15:46.698,1.24777,1.24794,1.50,2.76
2012.02.24 10:15:47.661,1.24777,1.24796,1.50,3.21
2012.02.24 10:15:47.740,1.24774,1.24795,3.75,2.46
2012.02.24 10:15:47.930,1.24774,1.24795,1.50,2.25
2012.02.24 10:15:48.456,1.24774,1.24795,2.25,3.00
2012.02.24 10:15:48.987,1.24774,1.24795,2.25,3.21
2012.02.24 10:15:49.518,1.24775,1.24794,2.25,2.25
2012.02.24 10:15:49.646,1.24775,1.24795,2.25,1.50
2012.02.24 10:15:50.252,1.2478,1.24798,1.50,1.33
2012.02.24 10:15:50.538,1.2478,1.24797,1.50,1.71
2012.02.24 10:15:50.608,1.24777,1.24797,1.50,1.71
2012.02.24 10:15:51.154,1.24776,1.24795,2.25,2.46
2012.02.24 10:15:51.712,1.24778,1.24797,1.50,2.25
2012.02.24 10:15:52.059,1.24778,1.24796,1.50,3.51
2012.02.24 10:15:52.931,1.2478,1.24799,1.50,3.72
2012.02.24 10:15:53.276,1.24782,1.24799,1.50,2.55
2012.02.24 10:15:53.413,1.24783,1.24798,1.50,2.55
2012.02.24 10:15:54.230,1.24781,1.24798,2.25,2.55
2012.02.24 10:15:55.837,1.24783,1.24798,1.50,2.55
2012.02.24 10:15:57.930,1.24783,1.24798,1.50,2.55
2012.02.24 10:15:59.293,1.24785,1.248,1.50,2.76
2012.02.24 10:15:59.653,1.24783,1.248,3.00,2.76
2012.02.24 10:16:01.125,1.24785,1.24799,1.50,2.55
2012.02.24 10:16:01.315,1.24785,1.24799,1.50,2.55
2012.02.24 10:16:02.005,1.24784,1.24799,1.50,2.55
2012.02.24 10:16:02.788,1.24786,1.24799,1.50,2.55
2012.02.24 10:16:03.526,1.24777,1.24798,2.25,1.50
2012.02.24 10:16:03.611,1.24779,1.24799,1.50,1.71
2012.02.24 10:16:04.124,1.24778,1.24797,1.50,2.46
2012.02.24 10:16:04.958,1.24776,1.24794,2.25,2.25
2012.02.24 10:16:05.031,1.24774,1.24794,2.25,2.25
2012.02.24 10:16:06.173,1.24776,1.24796,1.50,2.25
2012.02.24 10:16:06.773,1.24776,1.24796,1.50,1.71
2012.02.24 10:16:07.533,1.24778,1.24798,1.50,1.56
2012.02.24 10:16:08.254,1.24778,1.24799,1.50,3.96
2012.02.24 10:16:10.035,1.24778,1.24798,1.50,2.08
2012.02.24 10:16:10.565,1.24779,1.24798,1.50,1.33
2012.02.24 10:16:11.243,1.24779,1.248,2.25,3.21
2012.02.24 10:16:11.929,1.24774,1.24794,2.70,2.25
2012.02.24 10:16:12.243,1.24777,1.24798,1.50,2.83
2012.02.24 10:16:15.556,1.24775,1.24796,2.25,2.46
2012.02.24 10:16:16.655,1.24774,1.24793,1.50,2.46
2012.02.24 10:16:20.878,1.24771,1.2479,2.25,2.25
2012.02.24 10:16:20.959,1.2477,1.2479,2.25,2.25
2012.02.24 10:16:21.031,1.24776,1.24794,1.50,3.13
2012.02.24 10:16:21.566,1.24772,1.24792,3.75,2.76
2012.02.24 10:16:23.176,1.24774,1.24793,1.50,2.76
2012.02.24 10:16:23.854,1.24773,1.24792,2.25,4.26
2012.02.24 10:16:24.254,1.24771,1.24786,2.25,1.50
2012.02.24 10:16:24.540,1.24772,1.24791,2.25,2.25
2012.02.24 10:16:24.869,1.2477,1.24787,2.25,2.25
2012.02.24 10:16:25.671,1.24768,1.24786,1.58,1.50
2012.02.24 10:16:25.996,1.24768,1.24784,2.25,2.55
2012.02.24 10:16:26.819,1.2477,1.24785,1.50,2.55
2012.02.24 10:16:27.286,1.24767,1.24785,2.25,2.55
2012.02.24 10:16:28.254,1.24767,1.24788,2.25,2.46
2012.02.24 10:16:28.344,1.24775,1.24789,1.50,1.50
2012.02.24 10:16:28.886,1.24771,1.24789,1.50,1.50
2012.02.24 10:16:29.479,1.2477,1.24789,1.50,1.50
2012.02.24 10:16:33.925,1.2477,1.24789,1.50,2.25
2012.02.24 10:16:34.508,1.2477,1.24789,1.50,2.25
2012.02.24 10:16:35.920,1.24767,1.24785,2.25,2.25
2012.02.24 10:16:36.514,1.24769,1.24787,2.25,2.25
2012.02.24 10:16:37.256,1.24769,1.24788,1.50,2.25
2012.02.24 10:16:37.873,1.24768,1.24789,2.25,2.25
2012.02.24 10:16:38.214,1.24772,1.24791,1.50,3.00
2012.02.24 10:16:38.364,1.2477,1.24791,2.85,4.50
2012.02.24 10:16:39.168,1.24775,1.24791,2.25,3.00
2012.02.24 10:16:39.383,1.24772,1.24793,2.25,2.46
2012.02.24 10:16:39.648,1.24777,1.24796,1.50,3.21
2012.02.24 10:16:39.716,1.24775,1.24792,1.50,2.25
2012.02.24 10:16:40.295,1.24774,1.24792,1.50,2.25
2012.02.24 10:16:40.503,1.24774,1.24792,1.50,2.25
2012.02.24 10:16:41.480,1.24774,1.24792,2.25,2.25
2012.02.24 10:16:42.014,1.24774,1.24792,2.25,2.25
2012.02.24 10:16:43.683,1.24775,1.24793,1.50,2.25
2012.02.24 10:16:44.363,1.24772,1.24793,2.25,2.46
2012.02.24 10:16:44.896,1.24772,1.24793,2.25,2.46
2012.02.24 10:16:45.403,1.2477,1.24787,1.50,2.25
2012.02.24 10:16:45.655,1.24768,1.24787,3.00,2.25
2012.02.24 10:16:46.216,1.24769,1.24788,1.50,2.25
2012.02.24 10:16:46.851,1.24766,1.24787,3.00,2.25
2012.02.24 10:16:47.557,1.24768,1.24788,2.25,2.25
2012.02.24 10:16:48.549,1.2477,1.24789,2.25,2.25
2012.02.24 10:16:49.706,1.2477,1.24789,2.25,2.25
2012.02.24 10:16:50.864,1.24769,1.24787,1.50,2.25
2012.02.24 10:16:52.157,1.2477,1.24789,3.00,2.25
2012.02.24 10:16:52.457,1.2477,1.24789,3.00,2.25
2012.02.24 10:16:52.523,1.2477,1.24789,2.25,2.25
2012.02.24 10:16:55.244,1.2477,1.24789,3.00,2.25
2012.02.24 10:16:55.564,1.2477,1.24789,3.00,2.25
2012.02.24 10:16:55.943,1.2477,1.24789,3.00,2.25
2012.02.24 10:16:57.108,1.2477,1.24789,3.00,2.25
2012.02.24 10:16:59.045,1.2477,1.24789,3.00,2.25
2012.02.24 10:17:04.526,1.24772,1.2479,3.00,2.25
2012.02.24 10:17:04.834,1.24772,1.2479,3.00,2.25
2012.02.24 10:17:05.701,1.24772,1.24791,1.50,2.25
2012.02.24 10:17:11.448,1.24774,1.24792,1.50,2.25
2012.02.24 10:17:13.557,1.24774,1.24792,1.50,2.25
2012.02.24 10:17:15.614,1.24774,1.24787,1.50,1.50
2012.02.24 10:17:15.689,1.2477,1.24784,1.50,1.50
2012.02.24 10:17:15.766,1.2477,1.24786,1.50,2.25
2012.02.24 10:17:16.018,1.2477,1.24787,3.00,2.76
2012.02.24 10:17:16.415,1.24771,1.24788,1.50,2.25
2012.02.24 10:17:16.696,1.24771,1.24783,1.50,1.50
2012.02.24 10:17:17.589,1.24771,1.24785,1.50,1.50
2012.02.24 10:17:18.917,1.24771,1.24785,1.50,1.50
2012.02.24 10:17:18.986,1.24771,1.24785,1.50,1.50
2012.02.24 10:17:19.115,1.24771,1.24785,1.50,1.50
2012.02.24 10:17:19.459,1.2477,1.24783,1.50,1.50
2012.02.24 10:17:19.530,1.2477,1.24783,1.50,1.50
2012.02.24 10:17:19.737,1.2477,1.24785,1.50,1.50
2012.02.24 10:17:19.926,1.2477,1.24785,1.50,1.50
2012.02.24 10:17:20.254,1.24768,1.24783,1.50,1.50
2012.02.24 10:17:21.130,1.24767,1.24784,1.50,1.50
2012.02.24 10:17:21.987,1.24767,1.24782,1.50,1.50
2012.02.24 10:17:22.203,1.24767,1.24785,3.00,2.76
2012.02.24 10:17:22.554,1.24765,1.24783,2.25,1.80
2012.02.24 10:17:22.703,1.24767,1.24783,1.50,1.80
2012.02.24 10:17:23.316,1.24768,1.24784,2.55,1.50
2012.02.24 10:17:23.430,1.24771,1.2479,2.25,2.55
2012.02.24 10:17:23.509,1.24771,1.24789,1.50,2.25
2012.02.24 10:17:23.581,1.24771,1.24789,1.50,2.25
2012.02.24 10:17:23.917,1.24775,1.24793,2.85,2.25
2012.02.24 10:17:24.475,1.24775,1.24792,1.35,2.25
2012.02.24 10:17:25.680,1.24773,1.24792,2.25,4.26
2012.02.24 10:17:26.088,1.24777,1.24793,1.50,2.76
2012.02.24 10:17:26.549,1.24775,1.24793,1.50,2.76
2012.02.24 10:17:27.687,1.24773,1.24786,1.50,1.50
2012.02.24 10:17:27.771,1.24767,1.24786,2.25,3.00
2012.02.24 10:17:27.914,1.24768,1.2478,2.25,1.80
2012.02.24 10:17:28.268,1.2476,1.24779,2.25,1.80
2012.02.24 10:17:28.335,1.2476,1.24779,2.25,2.55
2012.02.24 10:17:28.407,1.2476,1.24779,2.25,2.76
2012.02.24 10:17:28.736,1.24759,1.24778,2.25,2.46
2012.02.24 10:17:29.555,1.2476,1.24778,2.25,2.46
2012.02.24 10:17:30.217,1.2476,1.24778,1.50,2.25
2012.02.24 10:17:30.534,1.2476,1.24778,2.25,3.21
2012.02.24 10:17:30.676,1.24764,1.2478,1.50,2.55
2012.02.24 10:17:30.991,1.24766,1.2478,2.25,1.80
2012.02.24 10:17:31.068,1.24767,1.24785,2.25,1.71
2012.02.24 10:17:31.443,1.24769,1.24784,1.50,2.55
2012.02.24 10:17:32.138,1.24766,1.24782,3.75,1.71
2012.02.24 10:17:32.284,1.24763,1.24779,2.25,2.25
2012.02.24 10:17:32.549,1.24766,1.24784,1.50,2.46
2012.02.24 10:17:32.695,1.24764,1.24783,1.50,2.46
2012.02.24 10:17:32.773,1.24766,1.24785,1.50,4.71
2012.02.24 10:17:32.988,1.24765,1.24781,1.50,1.95
2012.02.24 10:17:33.121,1.24762,1.24779,4.05,2.25
2012.02.24 10:17:33.200,1.24762,1.24774,2.25,1.80
2012.02.24 10:17:33.268,1.24758,1.24776,2.25,1.80
2012.02.24 10:17:33.909,1.24757,1.24775,2.25,1.80
2012.02.24 10:17:34.574,1.24757,1.24776,2.25,1.80
2012.02.24 10:17:35.114,1.24757,1.24775,2.25,1.80
2012.02.24 10:17:36.078,1.24757,1.24776,2.25,2.01
2012.02.24 10:17:36.336,1.24756,1.24774,2.25,1.80
2012.02.24 10:17:37.115,1.24752,1.24771,2.25,1.80
2012.02.24 10:17:37.189,1.24752,1.24771,2.25,2.76
2012.02.24 10:17:38.279,1.24753,1.24771,2.25,2.76
2012.02.24 10:17:38.845,1.24753,1.24771,2.25,1.80
2012.02.24 10:17:39.346,1.24753,1.24771,2.25,2.55
2012.02.24 10:17:40.447,1.24753,1.24772,2.25,5.01
2012.02.24 10:17:41.554,1.24753,1.24772,2.25,4.26
2012.02.24 10:17:42.189,1.24753,1.24771,2.25,2.01
2012.02.24 10:17:43.173,1.24752,1.2477,2.25,1.50
2012.02.24 10:17:44.061,1.24751,1.24771,2.25,3.30
2012.02.24 10:17:44.412,1.24755,1.24773,2.25,1.50
2012.02.24 10:17:44.493,1.24757,1.24773,2.10,1.50
2012.02.24 10:17:44.641,1.24763,1.24778,1.80,2.25
2012.02.24 10:17:44.862,1.24761,1.24773,1.50,1.80
2012.02.24 10:17:44.939,1.24755,1.24776,2.25,2.46
2012.02.24 10:17:45.070,1.24755,1.24776,3.00,2.46
2012.02.24 10:17:45.660,1.24755,1.24776,2.25,2.25
2012.02.24 10:17:45.734,1.24757,1.24775,2.25,2.25
2012.02.24 10:17:46.287,1.24756,1.24775,2.25,2.25
2012.02.24 10:17:47.706,1.24759,1.24775,2.25,1.50
2012.02.24 10:17:48.489,1.24759,1.24775,2.25,1.50
2012.02.24 10:17:48.688,1.24761,1.24777,1.50,1.50
2012.02.24 10:17:49.354,1.24761,1.24777,1.50,1.50
2012.02.24 10:17:49.427,1.24761,1.24779,1.50,5.01
2012.02.24 10:17:49.935,1.24762,1.24777,1.50,2.55
2012.02.24 10:17:50.858,1.24762,1.24781,2.25,2.25
2012.02.24 10:17:51.454,1.2476,1.24779,4.50,2.25
2012.02.24 10:17:51.956,1.2476,1.24779,3.75,2.25
2012.02.24 10:17:52.999,1.2476,1.2478,2.55,3.00
2012.02.24 10:17:53.138,1.24758,1.24777,2.25,1.50
2012.02.24 10:17:53.284,1.24756,1.24775,2.25,3.30
2012.02.24 10:17:53.496,1.24759,1.24778,2.25,2.25
2012.02.24 10:17:54.246,1.24759,1.24779,2.25,2.25
2012.02.24 10:17:54.774,1.24755,1.24776,2.25,1.50
2012.02.24 10:17:55.128,1.24757,1.24778,2.25,1.50
2012.02.24 10:17:55.946,1.24757,1.24775,1.50,1.50
2012.02.24 10:17:56.852,1.24756,1.24777,3.00,2.25
2012.02.24 10:17:57.121,1.24754,1.24773,3.75,1.50
2012.02.24 10:17:57.483,1.24752,1.24766,2.25,1.50
2012.02.24 10:17:57.565,1.24749,1.24768,2.25,2.31
2012.02.24 10:17:57.785,1.24751,1.24767,2.25,1.80
2012.02.24 10:17:58.480,1.24755,1.24766,1.50,1.80
2012.02.24 10:17:58.703,1.24753,1.24772,2.25,3.00
2012.02.24 10:17:58.784,1.2475,1.24768,1.65,1.50
2012.02.24 10:17:58.915,1.24751,1.2477,2.25,1.50
2012.02.24 10:17:59.475,1.24753,1.24772,2.25,2.46
2012.02.24 10:18:02.067,1.24757,1.24774,2.25,2.55
2012.02.24 10:18:02.217,1.24759,1.24776,1.50,4.80
2012.02.24 10:18:02.535,1.24762,1.24775,1.50,2.55
2012.02.24 10:18:03.331,1.24768,1.24783,1.50,2.76
2012.02.24 10:18:03.412,1.24765,1.24783,2.25,2.76
2012.02.24 10:18:04.007,1.24766,1.24784,2.25,1.71
2012.02.24 10:18:04.073,1.24766,1.24784,2.25,1.50
2012.02.24 10:18:05.058,1.24764,1.24783,2.25,1.50
2012.02.24 10:18:06.081,1.24764,1.24783,1.50,2.25
2012.02.24 10:18:06.750,1.24768,1.24779,1.50,1.80
2012.02.24 10:18:06.827,1.24768,1.24786,1.50,4.18
2012.02.24 10:18:06.898,1.24771,1.24786,1.50,2.76
2012.02.24 10:18:07.302,1.24767,1.24786,1.50,2.76
2012.02.24 10:18:07.437,1.2477,1.24787,1.50,2.76
2012.02.24 10:18:07.707,1.24772,1.2479,1.50,2.46
2012.02.24 10:18:07.905,1.24772,1.2479,1.50,4.26
2012.02.24 10:18:08.357,1.24769,1.24787,3.75,2.25
2012.02.24 10:18:09.555,1.2477,1.24786,2.25,1.80
2012.02.24 10:18:09.948,1.24767,1.24785,1.50,1.50
2012.02.24 10:18:10.275,1.24764,1.24778,2.25,1.80
2012.02.24 10:18:10.617,1.24764,1.24778,2.25,1.80
2012.02.24 10:18:12.548,1.24762,1.24778,3.75,1.80
2012.02.24 10:18:13.048,1.24764,1.24779,2.25,1.80
2012.02.24 10:18:14.004,1.24767,1.24779,2.25,1.80
2012.02.24 10:18:14.201,1.2477,1.24789,2.25,2.46
2012.02.24 10:18:14.547,1.24768,1.24786,2.25,1.50
2012.02.24 10:18:14.797,1.24769,1.24788,2.25,1.50
2012.02.24 10:18:14.867,1.24769,1.24788,2.25,2.25
2012.02.24 10:18:16.467,1.24769,1.24788,2.25,2.25
2012.02.24 10:18:17.031,1.24771,1.24789,2.25,1.50
2012.02.24 10:18:19.990,1.24776,1.24791,1.50,1.50
2012.02.24 10:18:20.139,1.24777,1.24794,2.25,3.30
2012.02.24 10:18:20.206,1.24777,1.24794,2.25,3.30
2012.02.24 10:18:20.768,1.24774,1.24788,1.50,1.50
2012.02.24 10:18:20.838,1.2477,1.24786,2.25,2.55
2012.02.24 10:18:21.096,1.24767,1.24783,2.25,1.50
2012.02.24 10:18:21.415,1.24763,1.2478,1.20,2.25
2012.02.24 10:18:22.149,1.24763,1.24782,2.25,1.50
2012.02.24 10:18:22.775,1.24765,1.24784,2.25,2.85
2012.02.24 10:18:23.326,1.24767,1.24784,2.25,1.35
2012.02.24 10:18:23.462,1.24764,1.24778,2.25,1.80
2012.02.24 10:18:24.126,1.24761,1.24778,2.25,1.80
2012.02.24 10:18:25.068,1.24759,1.24778,2.25,3.00
2012.02.24 10:18:25.203,1.24759,1.24776,2.25,1.50
2012.02.24 10:18:25.553,1.24759,1.24776,2.25,1.50
2012.02.24 10:18:25.629,1.24759,1.24777,2.25,1.50
2012.02.24 10:18:25.878,1.2476,1.24777,2.25,1.50
2012.02.24 10:18:26.459,1.24759,1.24776,2.25,1.35
2012.02.24 10:18:26.885,1.24757,1.24776,2.25,2.10
2012.02.24 10:18:27.017,1.24755,1.24776,2.25,3.60
2012.02.24 10:18:27.847,1.24755,1.24776,2.25,3.60
2012.02.24 10:18:30.417,1.24758,1.24776,2.25,2.10
2012.02.24 10:18:31.622,1.24756,1.24776,3.75,1.50
2012.02.24 10:18:31.707,1.2476,1.24779,2.25,2.55
2012.02.24 10:18:32.240,1.24761,1.2478,2.25,1.50
2012.02.24 10:18:32.304,1.24765,1.2478,1.50,1.50
2012.02.24 10:18:32.909,1.24763,1.24781,3.75,3.30
2012.02.24 10:18:33.754,1.24763,1.24782,2.25,1.50
2012.02.24 10:18:33.999,1.24763,1.24782,2.25,1.50
2012.02.24 10:18:34.972,1.24763,1.24782,2.25,2.10
2012.02.24 10:18:35.525,1.24765,1.24783,1.50,3.30
2012.02.24 10:18:36.336,1.24765,1.24781,2.25,2.55
2012.02.24 10:18:36.682,1.24767,1.24781,1.50,2.55
2012.02.24 10:18:36.878,1.24765,1.24781,3.75,2.55
2012.02.24 10:18:40.475,1.24762,1.24781,2.25,2.55
2012.02.24 10:18:42.338,1.24768,1.24786,1.50,1.20
2012.02.24 10:18:42.539,1.24768,1.24786,2.25,1.20
2012.02.24 10:18:42.606,1.24771,1.24786,1.50,1.20
2012.02.24 10:18:42.677,1.24769,1.24788,1.50,2.33
2012.02.24 10:18:45.807,1.24769,1.24788,2.25,2.33
2012.02.24 10:18:46.147,1.24776,1.24795,1.50,1.03
2012.02.24 10:18:46.651,1.24773,1.24792,2.25,2.33
2012.02.24 10:18:47.672,1.24771,1.2479,2.25,2.33
2012.02.24 10:18:47.746,1.24774,1.24795,2.25,2.53
2012.02.24 10:18:49.287,1.24774,1.24795,2.25,2.53
2012.02.24 10:18:49.596,1.24776,1.24795,1.50,1.58
2012.02.24 10:18:49.814,1.24774,1.24795,2.25,2.33
2012.02.24 10:18:50.011,1.24776,1.24794,1.50,1.58
2012.02.24 10:18:50.814,1.24776,1.24795,1.50,1.78
2012.02.24 10:18:51.328,1.24777,1.24795,1.50,1.58
2012.02.24 10:18:52.136,1.24777,1.24795,1.80,2.33
2012.02.24 10:18:52.206,1.24775,1.24793,2.55,2.33
2012.02.24 10:18:53.356,1.24774,1.24795,1.50,3.28
2012.02.24 10:18:53.431,1.24772,1.24793,3.90,2.33
2012.02.24 10:18:55.270,1.24772,1.24793,2.25,2.33
2012.02.24 10:18:55.600,1.24769,1.24788,2.25,2.25
2012.02.24 10:18:55.666,1.24769,1.24788,1.50,2.25
2012.02.24 10:18:56.381,1.24772,1.24791,3.75,2.33
2012.02.24 10:18:56.988,1.24771,1.2479,2.25,1.50
2012.02.24 10:18:58.517,1.24776,1.24794,1.50,4.80
2012.02.24 10:18:59.297,1.24773,1.24794,2.25,4.80
2012.02.24 10:19:00.358,1.24773,1.24791,2.25,1.50
2012.02.24 10:19:02.785,1.24775,1.24795,2.25,3.00
2012.02.24 10:19:05.629,1.24777,1.24794,2.25,1.50
2012.02.24 10:19:05.934,1.24778,1.24794,1.50,1.50
2012.02.24 10:19:06.649,1.24779,1.24795,1.50,1.50
2012.02.24 10:19:06.790,1.24782,1.24796,1.50,1.50
2012.02.24 10:19:07.131,1.24785,1.24798,1.50,1.50
2012.02.24 10:19:07.201,1.24785,1.24801,1.50,2.55
2012.02.24 10:19:07.282,1.24778,1.24783,2.25,1.80
2012.02.24 10:19:07.361,1.24771,1.24783,2.25,4.05
2012.02.24 10:19:07.497,1.24768,1.24783,1.65,4.80
2012.02.24 10:19:07.697,1.24768,1.24783,1.58,5.55
2012.02.24 10:19:07.889,1.24767,1.24783,2.25,2.55
2012.02.24 10:19:08.573,1.24767,1.24783,2.25,3.30
2012.02.24 10:19:09.098,1.24766,1.24783,2.25,3.30
2012.02.24 10:19:12.803,1.24767,1.24783,2.25,3.30
2012.02.24 10:19:12.941,1.24762,1.24778,2.25,1.50
2012.02.24 10:19:13.146,1.24759,1.24778,2.25,1.50
2012.02.24 10:19:13.498,1.2476,1.2478,2.25,3.00
2012.02.24 10:19:13.688,1.24758,1.24779,2.25,2.25
2012.02.24 10:19:13.819,1.24758,1.24776,2.25,1.50
2012.02.24 10:19:14.080,1.24761,1.2478,2.25,4.50
2012.02.24 10:19:14.649,1.24759,1.24778,2.25,1.50
2012.02.24 10:19:15.918,1.24759,1.24778,2.25,1.50
2012.02.24 10:19:16.223,1.24756,1.24777,2.25,4.05
2012.02.24 10:19:17.415,1.24756,1.24777,2.25,3.30
2012.02.24 10:19:17.665,1.24759,1.24779,2.25,1.50
2012.02.24 10:19:18.619,1.24755,1.24776,2.70,1.50
2012.02.24 10:19:20.696,1.24756,1.24776,2.55,1.50
2012.02.24 10:19:21.586,1.24758,1.24776,2.55,1.50
2012.02.24 10:19:21.886,1.24756,1.24773,1.20,2.25
2012.02.24 10:19:22.973,1.24755,1.24774,2.25,2.25
2012.02.24 10:19:25.898,1.24756,1.24775,2.25,2.25
2012.02.24 10:19:26.286,1.24756,1.24775,2.25,1.50
2012.02.24 10:19:26.445,1.24761,1.2478,2.25,1.50
2012.02.24 10:19:26.587,1.24761,1.2478,4.05,1.50
2012.02.24 10:19:27.095,1.2476,1.2478,3.00,2.25
2012.02.24 10:19:28.599,1.2476,1.24779,2.25,2.25
2012.02.24 10:19:28.736,1.24762,1.2478,2.25,1.50
2012.02.24 10:19:29.825,1.24762,1.24781,2.25,2.25
2012.02.24 10:19:29.895,1.24762,1.24781,2.25,2.25
2012.02.24 10:19:30.399,1.24764,1.24783,2.25,3.00
2012.02.24 10:19:31.360,1.24767,1.24786,3.75,2.25
2012.02.24 10:19:31.496,1.24769,1.24788,2.25,1.50
2012.02.24 10:19:31.774,1.24765,1.24784,1.20,1.50
2012.02.24 10:19:31.846,1.24765,1.24786,4.20,1.50
2012.02.24 10:19:32.408,1.24767,1.24785,2.25,1.50
2012.02.24 10:19:32.536,1.24768,1.24787,2.25,1.50
2012.02.24 10:19:32.606,1.24768,1.24787,2.25,1.50
2012.02.24 10:19:33.450,1.24766,1.24785,2.25,1.50
2012.02.24 10:19:33.588,1.24768,1.24787,2.25,1.50
2012.02.24 10:19:34.619,1.24765,1.24786,2.70,1.50
2012.02.24 10:19:35.696,1.24765,1.24786,2.25,1.50
2012.02.24 10:19:35.765,1.24764,1.24784,1.20,1.50
2012.02.24 10:19:36.432,1.24766,1.24785,2.25,1.50
2012.02.24 10:19:36.767,1.24764,1.24783,2.70,1.50
2012.02.24 10:19:37.318,1.24767,1.24786,2.25,2.25
2012.02.24 10:19:37.854,1.24766,1.24785,1.20,1.50
2012.02.24 10:19:39.814,1.24769,1.24785,1.35,1.50
2012.02.24 10:19:40.040,1.2477,1.24791,2.25,3.00
2012.02.24 10:19:42.324,1.24768,1.24788,2.25,1.50
2012.02.24 10:19:42.647,1.24767,1.24786,2.25,2.25
2012.02.24 10:19:42.724,1.24765,1.24783,2.25,1.50
2012.02.24 10:19:43.278,1.24767,1.24784,1.20,1.50
2012.02.24 10:19:43.350,1.24767,1.24786,1.20,1.50
2012.02.24 10:19:44.248,1.24766,1.24778,2.25,1.80
2012.02.24 10:19:44.585,1.24766,1.2478,2.70,1.80
2012.02.24 10:19:44.788,1.24768,1.24787,1.50,2.25
2012.02.24 10:19:45.147,1.24768,1.24788,2.25,3.00
2012.02.24 10:19:46.586,1.24766,1.24786,1.20,3.00
2012.02.24 10:19:46.659,1.24766,1.24786,1.20,1.50
2012.02.24 10:19:46.802,1.24766,1.24783,1.20,1.50
2012.02.24 10:19:46.883,1.24767,1.24786,2.25,1.50
2012.02.24 10:19:47.421,1.24768,1.24788,2.25,1.50
2012.02.24 10:19:47.501,1.24766,1.24783,2.25,1.50
2012.02.24 10:19:47.846,1.24765,1.24775,1.20,1.50
2012.02.24 10:19:47.919,1.24765,1.24775,1.20,1.50
2012.02.24 10:19:48.638,1.24759,1.24778,3.00,2.25
2012.02.24 10:19:50.712,1.24761,1.24778,1.20,1.50
2012.02.24 10:19:51.247,1.24761,1.24777,1.20,2.25
2012.02.24 10:19:51.901,1.24761,1.24777,1.20,2.25
2012.02.24 10:19:52.185,1.24759,1.24777,2.55,3.00
2012.02.24 10:19:52.254,1.24759,1.24773,2.55,2.25
2012.02.24 10:19:52.592,1.2475,1.24766,1.50,1.50
2012.02.24 10:19:52.670,1.24749,1.24768,2.25,1.50
2012.02.24 10:19:53.047,1.2475,1.24768,2.25,2.25
2012.02.24 10:19:53.246,1.24747,1.24768,4.05,2.25
2012.02.24 10:19:55.504,1.24755,1.24769,1.50,2.55
2012.02.24 10:19:55.650,1.24755,1.24773,2.25,4.80
2012.02.24 10:19:55.908,1.24752,1.24773,2.25,4.80
2012.02.24 10:19:56.218,1.24756,1.24774,1.50,3.30
2012.02.24 10:19:56.920,1.24755,1.24772,2.25,1.50
2012.02.24 10:19:58.485,1.24755,1.24773,2.25,1.50
2012.02.24 10:20:00.393,1.24754,1.24773,2.25,3.00
2012.02.24 10:20:01.048,1.24754,1.24771,2.25,1.50
2012.02.24 10:20:01.312,1.24748,1.24769,2.25,2.25
2012.02.24 10:20:01.457,1.24748,1.24766,2.25,1.50
2012.02.24 10:20:01.527,1.24748,1.24769,2.25,2.25
2012.02.24 10:20:01.596,1.24748,1.24769,2.25,2.25
2012.02.24 10:20:02.628,1.2475,1.2477,1.50,4.80
2012.02.24 10:20:03.136,1.24751,1.24772,1.50,2.25
2012.02.24 10:20:03.325,1.24749,1.24769,2.25,2.25
2012.02.24 10:20:03.705,1.24744,1.24762,3.00,1.50
2012.02.24 10:20:03.834,1.24746,1.24764,2.25,2.25
2012.02.24 10:20:04.386,1.24745,1.24765,2.25,1.50
2012.02.24 10:20:05.870,1.24744,1.24765,2.25,2.25
2012.02.24 10:20:05.942,1.24742,1.24762,3.00,1.50
2012.02.24 10:20:06.025,1.24744,1.24764,2.25,2.25
2012.02.24 10:20:06.419,1.24744,1.24765,2.25,3.00
2012.02.24 10:20:06.979,1.24753,1.24769,1.50,4.63
2012.02.24 10:20:07.050,1.24753,1.24769,1.50,4.26
2012.02.24 10:20:07.188,1.24755,1.24769,1.50,3.30
2012.02.24 10:20:07.857,1.24748,1.24767,1.50,2.25
2012.02.24 10:20:08.119,1.2475,1.24769,1.50,2.25
2012.02.24 10:20:08.391,1.24745,1.24765,1.50,2.25
2012.02.24 10:20:08.455,1.24745,1.24765,2.25,2.25
2012.02.24 10:20:10.371,1.24747,1.24766,2.25,2.25
2012.02.24 10:20:10.695,1.24754,1.2477,1.50,2.55
2012.02.24 10:20:10.884,1.24751,1.2477,1.50,2.55
2012.02.24 10:20:12.178,1.24754,1.24771,1.50,2.55
2012.02.24 10:20:12.446,1.24754,1.2477,2.25,1.50
2012.02.24 10:20:13.697,1.24754,1.24769,2.25,1.50
2012.02.24 10:20:14.245,1.24752,1.24768,2.25,1.50
2012.02.24 10:20:14.756,1.24749,1.24769,2.25,2.25
2012.02.24 10:20:15.016,1.24751,1.24771,2.25,2.55
2012.02.24 10:20:15.623,1.24749,1.2477,2.25,3.00
2012.02.24 10:20:15.703,1.24748,1.24768,2.25,2.25
2012.02.24 10:20:16.296,1.24747,1.24766,2.25,1.50
2012.02.24 10:20:16.564,1.24747,1.24766,2.25,2.25
2012.02.24 10:20:18.897,1.24747,1.24766,2.25,2.25
2012.02.24 10:20:19.564,1.2475,1.24767,1.50,2.55
2012.02.24 10:20:20.437,1.24748,1.24767,1.20,2.25
2012.02.24 10:20:20.946,1.2475,1.24768,1.50,2.25
2012.02.24 10:20:21.086,1.24752,1.2477,1.50,2.25
2012.02.24 10:20:22.024,1.24748,1.24767,2.25,2.25
2012.02.24 10:20:22.276,1.24748,1.24767,3.75,4.05
2012.02.24 10:20:22.947,1.24749,1.24767,1.50,4.05
2012.02.24 10:20:23.589,1.24747,1.24767,2.25,4.05
2012.02.24 10:20:23.907,1.2475,1.24769,1.50,1.50
2012.02.24 10:20:24.596,1.24748,1.24767,1.20,2.25
2012.02.24 10:20:26.685,1.24748,1.24766,2.25,1.50
2012.02.24 10:20:27.216,1.24746,1.24766,2.25,1.50
2012.02.24 10:20:27.929,1.2475,1.2477,2.25,3.75
2012.02.24 10:20:28.836,1.24749,1.24767,2.25,1.50
2012.02.24 10:20:29.437,1.24749,1.24767,2.25,2.25
2012.02.24 10:20:29.636,1.24751,1.24769,2.25,2.25
2012.02.24 10:20:30.720,1.24748,1.24768,1.20,2.25
2012.02.24 10:20:33.649,1.24749,1.2477,2.70,2.25
2012.02.24 10:20:36.275,1.24753,1.24772,2.25,2.25
2012.02.24 10:20:37.109,1.24751,1.2477,2.25,1.50
2012.02.24 10:20:42.388,1.24751,1.24768,1.50,1.50
2012.02.24 10:20:42.729,1.24748,1.24765,2.55,1.50
2012.02.24 10:20:43.267,1.24747,1.24766,2.25,1.50
2012.02.24 10:20:44.128,1.2475,1.24768,2.25,1.50
2012.02.24 10:20:44.205,1.24749,1.2477,2.25,2.25
2012.02.24 10:20:45.025,1.2475,1.2477,1.50,2.25
2012.02.24 10:20:46.363,1.24751,1.24768,1.50,1.50
2012.02.24 10:20:48.224,1.24751,1.24769,1.50,1.50
2012.02.24 10:20:48.997,1.24752,1.24771,2.25,2.25
2012.02.24 10:20:51.026,1.24749,1.24769,2.25,1.50
2012.02.24 10:20:51.104,1.24748,1.24767,5.55,2.25
2012.02.24 10:20:51.738,1.24749,1.2477,4.05,2.25
2012.02.24 10:20:52.010,1.24749,1.24764,2.55,1.50
2012.02.24 10:20:52.355,1.24744,1.24764,1.95,2.25
2012.02.24 10:20:53.048,1.24746,1.24764,2.25,2.25
2012.02.24 10:20:53.128,1.24744,1.24761,2.55,1.50
2012.02.24 10:20:54.414,1.24743,1.24761,2.25,1.50
2012.02.24 10:20:55.366,1.24746,1.24761,1.20,1.50
2012.02.24 10:20:55.523,1.24745,1.24764,2.25,1.50
2012.02.24 10:20:55.680,1.24743,1.24764,4.50,3.00
2012.02.24 10:20:56.214,1.24743,1.24763,2.25,3.00
2012.02.24 10:20:57.193,1.24744,1.24762,2.25,1.50
2012.02.24 10:20:57.284,1.24741,1.2476,1.50,1.50
2012.02.24 10:20:57.627,1.24744,1.24761,1.50,1.20
2012.02.24 10:20:57.937,1.24743,1.24761,2.25,1.95
2012.02.24 10:20:58.066,1.24743,1.24761,2.25,1.95
2012.02.24 10:20:58.805,1.24741,1.24761,2.25,1.50
2012.02.24 10:20:58.968,1.24741,1.24762,2.25,3.00
2012.02.24 10:21:02.907,1.24741,1.24762,2.25,2.25
2012.02.24 10:21:03.943,1.24742,1.24759,2.55,2.25
2012.02.24 10:21:04.231,1.24745,1.24764,2.25,2.25
2012.02.24 10:21:04.570,1.24745,1.24765,2.25,1.20
2012.02.24 10:21:04.639,1.24745,1.24765,2.25,1.20
2012.02.24 10:21:06.008,1.24744,1.24763,2.25,2.25
2012.02.24 10:21:06.316,1.24749,1.24767,2.25,1.50
2012.02.24 10:21:07.880,1.24745,1.24764,2.25,2.10
2012.02.24 10:21:08.789,1.24739,1.24754,2.25,1.50
2012.02.24 10:21:08.870,1.24734,1.24752,3.00,1.50
2012.02.24 10:21:09.256,1.24736,1.24754,2.25,3.30
2012.02.24 10:21:09.857,1.24736,1.24754,2.25,3.30
2012.02.24 10:21:10.137,1.24737,1.24756,1.50,1.50
2012.02.24 10:21:10.209,1.24737,1.24756,1.50,1.50
2012.02.24 10:21:11.018,1.2474,1.24759,3.00,2.46
2012.02.24 10:21:11.103,1.24746,1.24766,2.25,2.25
2012.02.24 10:21:11.996,1.24745,1.24763,2.25,1.50
2012.02.24 10:21:14.632,1.24746,1.24765,2.25,1.50
2012.02.24 10:21:14.714,1.24746,1.24765,2.25,3.75
2012.02.24 10:21:14.792,1.24742,1.24762,2.25,1.50
2012.02.24 10:21:15.225,1.24744,1.24764,2.25,4.50
2012.02.24 10:21:15.440,1.24744,1.24764,2.25,2.25
2012.02.24 10:21:16.309,1.24744,1.24765,2.25,4.05
2012.02.24 10:21:16.386,1.24742,1.24761,2.25,1.50
2012.02.24 10:21:16.915,1.24744,1.24762,2.25,1.50
2012.02.24 10:21:17.454,1.24746,1.24763,2.25,1.80
2012.02.24 10:21:17.837,1.24744,1.24762,2.25,1.50
2012.02.24 10:21:18.879,1.24746,1.24767,2.25,4.05
2012.02.24 10:21:18.954,1.24746,1.24767,2.25,4.05
2012.02.24 10:21:19.217,1.24747,1.24764,2.55,1.50
2012.02.24 10:21:19.727,1.24744,1.24765,3.00,2.25
2012.02.24 10:21:20.286,1.24746,1.24765,1.50,2.25
2012.02.24 10:21:20.597,1.24746,1.24767,2.25,2.25
2012.02.24 10:21:20.666,1.24745,1.24764,2.25,1.50
2012.02.24 10:21:21.481,1.24746,1.24767,3.00,2.25
2012.02.24 10:21:21.796,1.24746,1.24767,3.00,2.25
2012.02.24 10:21:23.686,1.24745,1.24765,3.00,1.50
2012.02.24 10:21:24.019,1.24744,1.24762,1.50,1.50
2012.02.24 10:21:24.671,1.24744,1.2476,1.50,1.80
2012.02.24 10:21:25.207,1.2474,1.24759,2.25,1.50
2012.02.24 10:21:25.540,1.24742,1.2476,2.25,1.80
2012.02.24 10:21:26.449,1.24743,1.24761,2.25,3.30
2012.02.24 10:21:26.788,1.24747,1.24765,2.25,5.40
2012.02.24 10:21:26.917,1.24744,1.24765,2.25,4.80
2012.02.24 10:21:27.173,1.24743,1.24762,2.25,1.50
2012.02.24 10:21:27.574,1.24746,1.24765,2.25,4.05
2012.02.24 10:21:28.633,1.24747,1.24767,2.25,3.30
2012.02.24 10:21:29.087,1.2475,1.24768,2.25,4.05
2012.02.24 10:21:29.280,1.24751,1.24768,2.25,2.55
2012.02.24 10:21:29.791,1.24751,1.24768,2.25,2.55
2012.02.24 10:21:30.716,1.2475,1.24767,2.25,1.35
2012.02.24 10:21:31.229,1.2475,1.24767,2.25,1.35
2012.02.24 10:21:31.441,1.24753,1.24771,2.25,2.55
2012.02.24 10:21:31.966,1.24751,1.2477,2.25,1.50
2012.02.24 10:21:32.638,1.24751,1.2477,2.25,2.25
2012.02.24 10:21:32.897,1.24747,1.24767,1.50,1.50
2012.02.24 10:21:33.704,1.24747,1.24767,1.50,2.25
2012.02.24 10:21:34.237,1.24748,1.24768,2.25,1.80
2012.02.24 10:21:34.543,1.24751,1.24769,2.25,1.95
2012.02.24 10:21:38.504,1.24751,1.24769,2.25,1.50
2012.02.24 10:21:39.040,1.24749,1.24768,2.25,1.50
2012.02.24 10:21:39.380,1.24745,1.24764,2.25,1.50
2012.02.24 10:21:40.039,1.24756,1.24773,2.25,1.95
2012.02.24 10:21:40.365,1.24755,1.24772,2.25,1.80
2012.02.24 10:21:40.559,1.24756,1.24775,2.25,1.50
2012.02.24 10:21:40.700,1.24753,1.24771,2.25,1.50
2012.02.24 10:21:40.907,1.24754,1.24774,2.25,2.25
2012.02.24 10:21:40.977,1.24753,1.24771,2.25,1.50
2012.02.24 10:21:42.085,1.24751,1.24772,3.00,1.50
2012.02.24 10:21:42.728,1.24752,1.24772,1.50,1.50
2012.02.24 10:21:43.295,1.24752,1.2477,2.25,1.50
2012.02.24 10:21:43.884,1.24752,1.2477,1.50,1.50
2012.02.24 10:21:45.757,1.24752,1.24771,2.25,3.30
2012.02.24 10:21:47.186,1.24752,1.24771,2.25,4.50
2012.02.24 10:21:48.055,1.24746,1.24763,2.25,1.50
2012.02.24 10:21:48.129,1.24746,1.24765,2.25,1.50
2012.02.24 10:21:48.366,1.24748,1.24767,2.25,1.50
2012.02.24 10:21:48.887,1.24751,1.24769,2.25,3.00
2012.02.24 10:21:49.148,1.2475,1.24769,2.25,1.50
2012.02.24 10:21:49.689,1.24752,1.24771,2.25,2.25
2012.02.24 10:21:50.582,1.24752,1.24769,2.25,1.50
2012.02.24 10:21:50.658,1.24752,1.2477,2.25,3.00
2012.02.24 10:21:51.877,1.24752,1.24769,2.25,1.50
2012.02.24 10:21:51.945,1.24752,1.24769,2.25,1.50
2012.02.24 10:21:56.075,1.24748,1.24768,2.25,1.50
2012.02.24 10:21:56.875,1.24748,1.24767,2.25,1.50
2012.02.24 10:21:57.426,1.24748,1.24768,2.25,1.50
2012.02.24 10:21:59.854,1.2475,1.24769,2.25,3.00
2012.02.24 10:22:01.104,1.24751,1.2477,2.25,1.80
2012.02.24 10:22:01.468,1.2475,1.24768,3.75,1.50
2012.02.24 10:22:01.888,1.2475,1.2477,2.25,1.80
2012.02.24 10:22:02.355,1.2475,1.24768,2.25,1.50
2012.02.24 10:22:04.156,1.2475,1.2477,2.25,1.80
2012.02.24 10:22:05.085,1.24748,1.24769,2.25,1.50
2012.02.24 10:22:05.916,1.24748,1.24766,2.25,1.50
2012.02.24 10:22:06.785,1.24746,1.24765,3.00,1.50
2012.02.24 10:22:07.415,1.24748,1.24766,2.25,1.50
2012.02.24 10:22:07.939,1.24748,1.24766,2.25,3.00
2012.02.24 10:22:08.487,1.24748,1.24766,2.25,2.25
2012.02.24 10:22:08.677,1.24747,1.24766,2.25,1.50
2012.02.24 10:22:08.935,1.24747,1.24766,2.25,1.50
2012.02.24 10:22:10.615,1.24745,1.24764,2.25,1.50
2012.02.24 10:22:10.809,1.24744,1.24758,2.25,1.50
2012.02.24 10:22:11.136,1.24741,1.2476,2.25,1.50
2012.02.24 10:22:12.004,1.24742,1.24762,2.25,2.55
2012.02.24 10:22:13.426,1.24742,1.24762,2.25,1.80
2012.02.24 10:22:14.785,1.24743,1.24762,2.25,1.50
2012.02.24 10:22:14.856,1.24746,1.24764,2.25,3.00
2012.02.24 10:22:15.929,1.24743,1.24763,2.25,1.50
2012.02.24 10:22:16.671,1.24741,1.24762,4.05,1.50
2012.02.24 10:22:18.384,1.24748,1.24764,2.55,1.50
2012.02.24 10:22:18.461,1.24748,1.24766,2.55,2.25
2012.02.24 10:22:19.288,1.24748,1.24766,2.55,3.00
2012.02.24 10:22:19.546,1.24748,1.24763,2.55,1.50
2012.02.24 10:22:20.354,1.24747,1.2476,2.55,1.50
2012.02.24 10:22:20.573,1.24741,1.24759,1.58,1.50
2012.02.24 10:22:21.310,1.24742,1.24762,1.50,1.50
2012.02.24 10:22:22.374,1.24742,1.24762,3.30,1.50
2012.02.24 10:22:22.929,1.24743,1.24764,4.05,1.50
2012.02.24 10:22:23.068,1.24743,1.24764,4.05,1.50
2012.02.24 10:22:23.765,1.24739,1.24753,1.50,1.50
2012.02.24 10:22:23.843,1.24739,1.24757,2.10,1.50
2012.02.24 10:22:24.040,1.24739,1.24757,3.90,1.50
2012.02.24 10:22:24.108,1.24742,1.2476,2.25,3.00
2012.02.24 10:22:24.308,1.24743,1.24762,2.25,1.50
2012.02.24 10:22:24.377,1.24741,1.2476,3.75,1.50
2012.02.24 10:22:24.686,1.24739,1.24758,3.00,1.50
2012.02.24 10:22:25.705,1.2474,1.24759,2.25,1.50
2012.02.24 10:22:25.788,1.24743,1.24761,2.25,2.25
2012.02.24 10:22:25.927,1.2474,1.24759,1.35,1.50
2012.02.24 10:22:26.125,1.2474,1.24761,2.85,2.25
2012.02.24 10:22:28.293,1.24742,1.24762,2.25,2.46
2012.02.24 10:22:28.899,1.24739,1.24754,1.50,1.50
2012.02.24 10:22:29.035,1.24737,1.24756,2.25,2.25
2012.02.24 10:22:29.225,1.24737,1.24756,2.25,1.50
2012.02.24 10:22:29.619,1.24739,1.24757,2.25,1.50
2012.02.24 10:22:30.156,1.24739,1.24757,2.25,1.50
2012.02.24 10:22:30.486,1.24739,1.24757,2.25,1.50
2012.02.24 10:22:30.991,1.2474,1.24759,2.25,3.00
2012.02.24 10:22:31.547,1.24744,1.24759,2.55,2.25
2012.02.24 10:22:31.944,1.24745,1.24761,1.35,2.25
2012.02.24 10:22:32.022,1.24748,1.24763,1.80,3.75
2012.02.24 10:22:32.099,1.24748,1.24763,1.80,1.50
2012.02.24 10:22:32.169,1.24749,1.24763,1.80,1.50
2012.02.24 10:22:32.379,1.24746,1.24763,2.10,2.25
2012.02.24 10:22:32.455,1.24746,1.24765,4.44,3.00
2012.02.24 10:22:32.684,1.24746,1.24765,2.25,1.50
2012.02.24 10:22:33.358,1.24753,1.24764,2.55,1.50
2012.02.24 10:22:33.446,1.24746,1.24765,2.25,3.75
2012.02.24 10:22:34.477,1.24744,1.24763,2.25,1.50
2012.02.24 10:22:35.145,1.24749,1.24763,2.55,1.50
2012.02.24 10:22:35.529,1.24749,1.24765,2.55,1.50
2012.02.24 10:22:36.149,1.24743,1.24764,2.25,1.50
2012.02.24 10:22:37.276,1.24742,1.24762,3.75,1.50
2012.02.24 10:22:38.656,1.24742,1.24762,2.25,1.50
2012.02.24 10:22:39.340,1.24745,1.24763,2.25,1.50
2012.02.24 10:22:41.100,1.24741,1.24761,2.25,1.50
2012.02.24 10:22:41.663,1.24743,1.24762,2.25,1.50
2012.02.24 10:22:43.729,1.24741,1.24761,3.75,1.50
2012.02.24 10:22:43.860,1.24741,1.24761,2.25,1.50
2012.02.24 10:22:44.000,1.24739,1.24759,3.00,1.50
2012.02.24 10:22:44.581,1.24741,1.2476,2.25,1.50
2012.02.24 10:22:44.663,1.24741,1.2476,2.25,1.50
2012.02.24 10:22:47.705,1.24741,1.2476,2.25,2.25
2012.02.24 10:22:49.794,1.24741,1.2476,2.25,1.50
2012.02.24 10:22:52.405,1.24741,1.2476,2.25,2.25
2012.02.24 10:22:53.973,1.24739,1.24759,1.50,2.25
2012.02.24 10:22:56.047,1.24739,1.24757,1.50,1.50
2012.02.24 10:22:56.560,1.24739,1.24758,2.25,1.50
2012.02.24 10:22:56.966,1.24741,1.2476,2.25,2.25
2012.02.24 10:22:57.815,1.24739,1.24758,2.25,1.50
2012.02.24 10:22:58.459,1.24742,1.24761,2.25,2.25
2012.02.24 10:22:58.736,1.24744,1.24764,2.25,2.25
2012.02.24 10:22:58.883,1.24745,1.24765,2.25,1.50
2012.02.24 10:22:59.171,1.24739,1.24758,3.45,1.50
2012.02.24 10:22:59.896,1.24742,1.24762,2.25,1.50
2012.02.24 10:23:00.466,1.2474,1.2476,3.00,1.50
2012.02.24 10:23:00.876,1.2474,1.24758,1.50,1.50
2012.02.24 10:23:01.396,1.24738,1.24759,2.25,1.50
2012.02.24 10:23:02.216,1.24742,1.24761,2.25,3.00
2012.02.24 10:23:03.232,1.24742,1.2476,2.25,2.25
2012.02.24 10:23:03.379,1.24742,1.24762,2.25,2.55
2012.02.24 10:23:03.901,1.24741,1.24761,3.75,3.00
2012.02.24 10:23:05.927,1.24742,1.24762,2.25,3.30
2012.02.24 10:23:08.584,1.24742,1.24761,2.25,1.50
2012.02.24 10:23:09.557,1.24746,1.24761,1.50,1.50
2012.02.24 10:23:09.771,1.24738,1.24757,3.30,2.25
2012.02.24 10:23:09.908,1.24746,1.24757,1.80,2.85
2012.02.24 10:23:10.051,1.24736,1.24757,2.25,3.60
2012.02.24 10:23:10.124,1.24742,1.24755,1.50,1.50
2012.02.24 10:23:10.275,1.24733,1.24754,4.05,2.25
2012.02.24 10:23:10.350,1.24733,1.24752,2.55,1.50
2012.02.24 10:23:11.186,1.24733,1.24751,2.25,1.50
2012.02.24 10:23:11.516,1.2473,1.24748,2.25,1.50
2012.02.24 10:23:11.737,1.24732,1.2475,2.25,1.50
2012.02.24 10:23:11.877,1.24733,1.24752,2.25,2.25
2012.02.24 10:23:12.454,1.24731,1.24751,2.25,1.50
2012.02.24 10:23:12.980,1.24733,1.24752,2.25,1.50
2012.02.24 10:23:13.107,1.24734,1.24754,2.25,1.35
2012.02.24 10:23:13.250,1.24732,1.24753,2.25,1.50
2012.02.24 10:23:13.922,1.24732,1.2475,2.25,1.50
2012.02.24 10:23:15.194,1.24732,1.2475,2.25,1.50
2012.02.24 10:23:15.345,1.24732,1.2475,2.25,1.50
2012.02.24 10:23:15.917,1.24731,1.24751,2.25,1.50
2012.02.24 10:23:17.400,1.2473,1.2475,2.25,1.50
2012.02.24 10:23:17.476,1.24734,1.24753,2.25,2.25
2012.02.24 10:23:17.548,1.24733,1.24748,1.50,1.50
2012.02.24 10:23:17.623,1.24733,1.24751,1.50,3.00
2012.02.24 10:23:17.968,1.24735,1.24754,3.30,1.50
2012.02.24 10:23:18.096,1.24737,1.24757,2.25,2.25
2012.02.24 10:23:18.633,1.24735,1.24753,4.80,1.50
2012.02.24 10:23:19.238,1.24735,1.24753,2.55,1.50
2012.02.24 10:23:19.908,1.24735,1.24756,2.25,2.25
2012.02.24 10:23:20.467,1.24733,1.24754,2.25,1.50
2012.02.24 10:23:20.535,1.24733,1.24754,2.25,1.50
2012.02.24 10:23:21.580,1.24736,1.2475,2.25,1.50
2012.02.24 10:23:22.373,1.2473,1.24748,3.60,1.50
2012.02.24 10:23:22.647,1.24732,1.24751,2.25,1.50
2012.02.24 10:23:22.719,1.24733,1.24754,2.25,1.50
2012.02.24 10:23:24.008,1.24733,1.24754,2.25,2.25
2012.02.24 10:23:24.144,1.24733,1.24751,1.50,1.50
2012.02.24 10:23:24.360,1.24732,1.24749,1.50,1.50
2012.02.24 10:23:24.429,1.24732,1.24751,1.50,4.05
2012.02.24 10:23:24.630,1.24733,1.24752,4.05,1.50
2012.02.24 10:23:25.408,1.24733,1.24748,1.50,1.50
2012.02.24 10:23:25.535,1.24733,1.24751,1.50,1.50
2012.02.24 10:23:26.036,1.2473,1.24751,3.00,1.50
2012.02.24 10:23:26.224,1.24732,1.24753,2.25,1.50
2012.02.24 10:23:26.551,1.24729,1.24748,2.25,1.50
2012.02.24 10:23:26.816,1.24732,1.24751,2.25,1.50
2012.02.24 10:23:27.129,1.24729,1.24749,2.25,1.50
2012.02.24 10:23:27.396,1.24732,1.24751,2.25,1.50
2012.02.24 10:23:28.320,1.24731,1.24749,2.25,1.50
2012.02.24 10:23:28.870,1.24731,1.2475,4.05,2.25
2012.02.24 10:23:29.194,1.24729,1.24748,4.05,1.50
2012.02.24 10:23:29.328,1.24731,1.24751,2.25,2.25
2012.02.24 10:23:30.253,1.24732,1.24753,2.25,2.25
2012.02.24 10:23:30.326,1.24732,1.24753,2.25,3.00
2012.02.24 10:23:31.247,1.24732,1.24753,2.25,3.00
2012.02.24 10:23:31.635,1.24734,1.24754,2.25,3.00
2012.02.24 10:23:31.708,1.24734,1.24754,2.25,2.25
2012.02.24 10:23:31.779,1.24733,1.24752,2.25,1.50
2012.02.24 10:23:33.171,1.24735,1.24753,2.25,2.25
2012.02.24 10:23:33.684,1.24735,1.24753,1.50,3.00
2012.02.24 10:23:33.948,1.24732,1.24748,2.55,1.50
2012.02.24 10:23:34.258,1.24732,1.24746,1.80,2.25
2012.02.24 10:23:34.388,1.24729,1.24746,1.20,2.25
2012.02.24 10:23:37.947,1.24727,1.24746,2.25,1.50
2012.02.24 10:23:38.160,1.2473,1.24748,2.25,1.50
2012.02.24 10:23:38.232,1.24734,1.24749,2.25,3.00
2012.02.24 10:23:38.512,1.24734,1.2475,2.25,1.50
2012.02.24 10:23:38.805,1.24734,1.24753,2.25,2.25
2012.02.24 10:23:39.586,1.24731,1.24752,2.25,2.25
2012.02.24 10:23:40.227,1.24731,1.24752,2.25,3.00
2012.02.24 10:23:40.557,1.24729,1.24747,2.25,1.50
2012.02.24 10:23:40.767,1.24728,1.24746,1.50,3.00
2012.02.24 10:23:40.969,1.24728,1.24749,3.00,2.25
2012.02.24 10:23:41.889,1.2473,1.24751,2.25,1.50
2012.02.24 10:23:42.389,1.2473,1.2475,2.25,2.25
2012.02.24 10:23:42.517,1.24728,1.24749,3.00,2.25
2012.02.24 10:23:42.707,1.24728,1.24746,1.50,1.50
2012.02.24 10:23:43.235,1.24729,1.24748,2.25,1.50
2012.02.24 10:23:44.137,1.24729,1.24748,2.25,2.25
2012.02.24 10:23:44.948,1.24728,1.24746,2.25,1.50
2012.02.24 10:23:46.003,1.24729,1.24748,2.25,2.25
2012.02.24 10:23:46.085,1.24731,1.2475,2.25,2.25
2012.02.24 10:23:46.617,1.24733,1.24752,2.25,3.75
2012.02.24 10:23:46.692,1.24733,1.24752,2.25,3.75
2012.02.24 10:23:46.907,1.2473,1.24751,2.25,2.25
2012.02.24 10:23:47.168,1.24729,1.24747,2.25,2.25
2012.02.24 10:23:47.375,1.24727,1.24746,3.00,2.25
2012.02.24 10:23:48.192,1.2473,1.24745,1.50,1.50
2012.02.24 10:23:48.283,1.24731,1.24749,2.25,2.25
2012.02.24 10:23:48.907,1.24729,1.24748,2.25,1.50
2012.02.24 10:23:48.980,1.24728,1.24746,2.25,2.25
2012.02.24 10:23:49.249,1.24728,1.24744,2.25,2.25
2012.02.24 10:23:49.926,1.24726,1.24744,2.25,1.50
2012.02.24 10:23:50.009,1.2473,1.24749,2.25,1.95
2012.02.24 10:23:50.525,1.24732,1.24749,2.25,1.95
2012.02.24 10:23:51.056,1.24735,1.24751,1.50,1.50
2012.02.24 10:23:51.932,1.24735,1.24751,1.50,3.30
2012.02.24 10:23:52.791,1.24731,1.2475,2.25,3.00
2012.02.24 10:23:52.933,1.2473,1.2475,2.25,1.50
2012.02.24 10:23:53.476,1.24735,1.24751,2.25,1.50
2012.02.24 10:23:53.646,1.24735,1.2475,2.25,1.50
2012.02.24 10:23:53.905,1.24735,1.24751,2.25,1.50
2012.02.24 10:23:54.217,1.24733,1.24749,2.25,2.25
2012.02.24 10:23:54.546,1.24731,1.2475,2.25,2.25
2012.02.24 10:23:55.313,1.24733,1.24751,2.25,1.50
2012.02.24 10:23:55.394,1.24733,1.24752,2.25,3.60
2012.02.24 10:23:55.927,1.24731,1.2475,2.25,1.50
2012.02.24 10:23:56.478,1.24732,1.24751,2.25,1.50
2012.02.24 10:23:57.243,1.24731,1.2475,2.25,2.85
2012.02.24 10:23:58.927,1.24731,1.2475,2.25,2.85
2012.02.24 10:23:59.234,1.24731,1.2475,2.25,2.85
2012.02.24 10:23:59.550,1.24731,1.2475,2.25,1.35
2012.02.24 10:23:59.615,1.24731,1.2475,2.25,1.35
2012.02.24 10:23:59.979,1.24731,1.24751,2.25,3.60
2012.02.24 10:24:00.469,1.24733,1.2475,2.25,2.10
2012.02.24 10:24:00.797,1.24733,1.24748,2.25,1.50
2012.02.24 10:24:01.796,1.24729,1.24749,2.25,2.25
2012.02.24 10:24:02.429,1.2473,1.24748,2.25,1.50
2012.02.24 10:24:02.498,1.24731,1.24748,2.25,1.50
2012.02.24 10:24:03.057,1.24727,1.24746,4.05,1.50
2012.02.24 10:24:03.565,1.24729,1.24748,2.25,1.50
2012.02.24 10:24:03.853,1.24729,1.24749,2.25,2.25
2012.02.24 10:24:04.610,1.2473,1.24748,2.25,2.25
2012.02.24 10:24:05.131,1.24731,1.2475,2.25,1.50
2012.02.24 10:24:05.663,1.2473,1.24745,1.50,1.50
2012.02.24 10:24:05.739,1.2473,1.24745,1.50,1.50
2012.02.24 10:24:06.195,1.24726,1.24745,4.05,2.25
2012.02.24 10:24:06.823,1.24726,1.24745,5.55,2.25
2012.02.24 10:24:06.968,1.24728,1.24747,2.25,3.00
2012.02.24 10:24:07.478,1.24725,1.24746,5.40,1.50
2012.02.24 10:24:07.846,1.24726,1.24744,2.25,1.50
2012.02.24 10:24:07.915,1.24726,1.24744,2.25,1.50
2012.02.24 10:24:07.987,1.24727,1.24746,2.25,2.25
2012.02.24 10:24:08.505,1.24731,1.24751,2.25,3.00
2012.02.24 10:24:09.988,1.24732,1.2475,1.50,3.75
2012.02.24 10:24:10.200,1.24733,1.24751,2.25,1.50
2012.02.24 10:24:10.540,1.24734,1.24751,2.25,1.50
2012.02.24 10:24:10.612,1.24736,1.24752,2.25,1.50
2012.02.24 10:24:10.832,1.24735,1.24751,1.50,1.50
2012.02.24 10:24:10.910,1.24735,1.24751,1.50,1.50
2012.02.24 10:24:11.118,1.2473,1.24748,1.50,1.50
2012.02.24 10:24:11.769,1.2473,1.24751,3.00,3.00
2012.02.24 10:24:12.119,1.24731,1.2475,2.25,2.25
2012.02.24 10:24:12.710,1.24729,1.24748,2.25,2.25
2012.02.24 10:24:13.035,1.24731,1.24749,2.25,2.25
2012.02.24 10:24:13.699,1.24732,1.24752,2.25,3.00
2012.02.24 10:24:13.778,1.24732,1.24749,2.25,2.25
2012.02.24 10:24:14.490,1.24732,1.2475,2.25,1.50
2012.02.24 10:24:15.167,1.24732,1.24748,1.50,1.50
2012.02.24 10:24:15.301,1.24732,1.24748,1.50,1.50
2012.02.24 10:24:15.378,1.24729,1.24745,1.50,1.50
2012.02.24 10:24:15.949,1.24728,1.24745,2.25,1.50
2012.02.24 10:24:16.816,1.24726,1.24744,2.25,1.50
2012.02.24 10:24:17.015,1.24726,1.24746,2.25,1.50
2012.02.24 10:24:17.428,1.24726,1.24746,2.25,1.50
2012.02.24 10:24:17.763,1.24733,1.24749,1.50,1.50
2012.02.24 10:24:17.959,1.2473,1.24749,2.25,3.00
2012.02.24 10:24:18.035,1.24733,1.24749,1.50,1.50
2012.02.24 10:24:18.172,1.24733,1.24749,1.50,1.50
2012.02.24 10:24:18.466,1.24733,1.24749,2.25,1.50
2012.02.24 10:24:19.226,1.24733,1.2475,3.00,1.50
2012.02.24 10:24:19.300,1.24733,1.24751,3.00,1.50
2012.02.24 10:24:19.524,1.24733,1.24752,3.00,3.00
2012.02.24 10:24:19.667,1.24733,1.24748,1.50,1.50
2012.02.24 10:24:19.743,1.24733,1.24748,1.50,2.25
2012.02.24 10:24:19.819,1.24733,1.24747,1.50,2.25
2012.02.24 10:24:20.028,1.24729,1.24745,1.50,1.50
2012.02.24 10:24:20.465,1.24732,1.24747,1.50,1.50
2012.02.24 10:24:20.537,1.24732,1.24747,1.50,1.50
2012.02.24 10:24:21.045,1.24732,1.24749,4.05,1.50
2012.02.24 10:24:21.743,1.24734,1.24749,1.50,1.50
2012.02.24 10:24:23.441,1.24733,1.2475,4.05,1.50
2012.02.24 10:24:23.565,1.24735,1.2475,1.50,1.50
2012.02.24 10:24:23.876,1.24737,1.24753,1.50,1.50
2012.02.24 10:24:24.721,1.24737,1.24753,1.50,1.50
2012.02.24 10:24:25.060,1.24742,1.24756,1.50,1.50
2012.02.24 10:24:25.246,1.24742,1.24756,1.50,1.50
2012.02.24 10:24:25.778,1.24743,1.2476,1.50,1.50
2012.02.24 10:24:27.228,1.24742,1.2476,2.25,1.50
2012.02.24 10:24:29.558,1.24742,1.24757,1.50,1.50
2012.02.24 10:24:29.631,1.2474,1.24757,3.00,1.50
2012.02.24 10:24:30.147,1.24739,1.24757,2.25,3.00
2012.02.24 10:24:31.208,1.24742,1.24757,1.50,1.50
2012.02.24 10:24:31.467,1.24739,1.24757,2.25,1.50
2012.02.24 10:24:32.775,1.2474,1.24757,1.50,1.50
2012.02.24 10:24:35.373,1.24741,1.24758,1.50,1.50
2012.02.24 10:24:36.387,1.24741,1.24758,1.50,1.50
2012.02.24 10:24:37.010,1.24743,1.24758,2.25,1.50
2012.02.24 10:24:37.326,1.24743,1.24759,3.00,1.50
2012.02.24 10:24:38.360,1.24744,1.2476,1.50,1.50
2012.02.24 10:24:38.430,1.24748,1.24765,1.50,1.50
2012.02.24 10:24:38.755,1.24748,1.24759,1.50,1.50
2012.02.24 10:24:38.828,1.24746,1.24759,1.50,1.50
2012.02.24 10:24:39.226,1.24743,1.2476,3.00,1.50
2012.02.24 10:24:39.745,1.24743,1.24759,1.50,3.00
2012.02.24 10:24:41.022,1.24744,1.24761,1.50,1.50
2012.02.24 10:24:41.107,1.24744,1.24759,1.50,1.50
2012.02.24 10:24:41.963,1.24744,1.24759,1.50,1.50
2012.02.24 10:24:42.631,1.24742,1.24759,1.50,1.50
2012.02.24 10:24:43.406,1.24744,1.24759,2.25,1.50
2012.02.24 10:24:44.238,1.24744,1.24759,2.25,1.50
2012.02.24 10:24:44.511,1.24745,1.24759,1.50,1.50
2012.02.24 10:24:45.021,1.24745,1.2476,1.50,1.50
2012.02.24 10:24:45.298,1.24745,1.2476,1.50,1.50
2012.02.24 10:24:45.618,1.24747,1.24761,1.50,1.50
2012.02.24 10:24:46.451,1.2475,1.24761,1.50,1.50
2012.02.24 10:24:46.536,1.2475,1.24766,2.25,1.50
2012.02.24 10:24:46.613,1.24748,1.24766,2.25,1.50
2012.02.24 10:24:47.302,1.24746,1.24766,3.00,3.00
2012.02.24 10:24:47.450,1.24749,1.24766,2.25,1.50
2012.02.24 10:24:47.639,1.2475,1.24764,1.80,1.50
2012.02.24 10:24:47.781,1.24748,1.24765,2.25,1.50
2012.02.24 10:24:48.032,1.24747,1.24765,2.25,1.50
2012.02.24 10:24:49.576,1.24746,1.24765,3.00,2.25
2012.02.24 10:24:50.017,1.24746,1.24765,3.00,3.00
2012.02.24 10:24:50.851,1.24747,1.24767,2.25,1.50
2012.02.24 10:24:51.526,1.24749,1.24766,2.25,1.50
2012.02.24 10:24:51.650,1.24749,1.24766,2.25,1.50
2012.02.24 10:24:52.332,1.24749,1.24766,2.25,1.50
2012.02.24 10:24:52.450,1.24749,1.24766,2.25,1.50
2012.02.24 10:24:52.778,1.24749,1.24766,2.25,1.50
2012.02.24 10:24:53.215,1.24746,1.24763,1.50,1.50
2012.02.24 10:24:53.359,1.24746,1.24765,3.00,3.00
2012.02.24 10:24:53.985,1.24747,1.24765,2.25,3.00
2012.02.24 10:24:54.550,1.24749,1.24765,2.25,1.50
2012.02.24 10:24:55.282,1.24749,1.24767,2.25,2.25
2012.02.24 10:24:55.719,1.24748,1.24764,3.00,1.50
2012.02.24 10:24:56.421,1.2475,1.24767,2.25,1.50
2012.02.24 10:24:56.509,1.2475,1.24767,1.50,1.50
2012.02.24 10:24:57.208,1.24753,1.24765,1.50,1.50
2012.02.24 10:24:57.350,1.24749,1.24766,1.50,1.50
2012.02.24 10:24:57.423,1.24746,1.24766,2.25,1.50
2012.02.24 10:24:57.503,1.24746,1.24766,2.25,1.50
2012.02.24 10:24:58.486,1.24746,1.24764,2.25,2.25
2012.02.24 10:24:59.021,1.24748,1.24768,1.50,3.00
2012.02.24 10:24:59.759,1.2475,1.2477,1.50,2.25
2012.02.24 10:25:00.392,1.24751,1.24769,3.30,1.50
2012.02.24 10:25:02.368,1.24753,1.24768,1.50,1.50
2012.02.24 10:25:02.926,1.24753,1.2477,1.80,1.50
2012.02.24 10:25:03.932,1.24749,1.24768,2.70,3.75
2012.02.24 10:25:04.446,1.2475,1.24766,1.20,2.25
2012.02.24 10:25:05.001,1.24753,1.24771,1.50,1.50
2012.02.24 10:25:05.072,1.24751,1.2477,1.50,2.25
2012.02.24 10:25:05.206,1.24753,1.24771,1.50,3.00
2012.02.24 10:25:05.570,1.2475,1.2477,2.25,2.25
2012.02.24 10:25:06.193,1.2475,1.24768,2.25,1.50
2012.02.24 10:25:08.038,1.24753,1.24771,1.50,1.50
2012.02.24 10:25:08.434,1.24751,1.24767,1.50,1.50
2012.02.24 10:25:08.966,1.2475,1.24767,2.25,1.50
2012.02.24 10:25:09.788,1.2475,1.24766,2.25,1.50
2012.02.24 10:25:09.854,1.24753,1.24766,1.50,1.50
2012.02.24 10:25:10.744,1.24753,1.24767,1.50,1.50
2012.02.24 10:25:11.794,1.24753,1.24766,1.50,1.50
2012.02.24 10:25:13.573,1.24753,1.24766,1.50,1.50
2012.02.24 10:25:13.655,1.24753,1.2477,1.50,1.50
2012.02.24 10:25:14.027,1.24753,1.2477,1.50,1.50
2012.02.24 10:25:14.155,1.24753,1.2477,1.50,1.50
2012.02.24 10:25:16.760,1.24751,1.24767,1.50,1.50
2012.02.24 10:25:17.566,1.24749,1.24765,1.50,1.50
2012.02.24 10:25:17.653,1.24746,1.24765,3.00,2.25
2012.02.24 10:25:17.985,1.24748,1.24766,2.25,1.50
2012.02.24 10:25:19.272,1.2475,1.24767,1.50,1.50
2012.02.24 10:25:19.351,1.24754,1.24767,1.50,1.50
2012.02.24 10:25:19.482,1.24754,1.24769,1.50,1.50
2012.02.24 10:25:19.618,1.24751,1.24769,4.50,1.50
2012.02.24 10:25:20.264,1.24751,1.24768,1.50,1.50
2012.02.24 10:25:20.732,1.24753,1.2477,2.25,1.50
2012.02.24 10:25:20.940,1.24752,1.24767,1.50,3.30
2012.02.24 10:25:21.258,1.24751,1.24767,1.50,2.55
2012.02.24 10:25:21.608,1.24751,1.24766,3.00,1.50
2012.02.24 10:25:22.301,1.24751,1.2477,3.00,1.50
2012.02.24 10:25:22.449,1.24752,1.24768,1.50,2.25
2012.02.24 10:25:23.440,1.24752,1.24769,3.00,1.50
2012.02.24 10:25:24.117,1.24752,1.2477,2.25,1.50
2012.02.24 10:25:24.880,1.24752,1.24771,3.00,1.50
2012.02.24 10:25:24.953,1.24752,1.24771,3.00,1.50
2012.02.24 10:25:25.030,1.24752,1.24771,1.50,3.00
2012.02.24 10:25:25.367,1.24754,1.24771,2.25,1.50
2012.02.24 10:25:25.958,1.24755,1.24771,1.50,1.50
2012.02.24 10:25:26.441,1.24758,1.24771,1.50,1.50
2012.02.24 10:25:26.512,1.24758,1.24771,1.50,1.50
2012.02.24 10:25:26.591,1.24755,1.24771,1.50,1.50
2012.02.24 10:25:26.666,1.24755,1.24768,1.50,1.50
2012.02.24 10:25:27.293,1.24752,1.24767,4.05,1.50
2012.02.24 10:25:27.391,1.24753,1.24773,4.05,2.25
2012.02.24 10:25:27.671,1.24748,1.24768,3.00,2.25
2012.02.24 10:25:27.742,1.24748,1.24768,3.00,2.25
2012.02.24 10:25:27.960,1.24749,1.2477,2.25,3.00
2012.02.24 10:25:28.099,1.24755,1.24767,1.50,1.50
2012.02.24 10:25:28.431,1.24752,1.24767,2.25,1.50
2012.02.24 10:25:28.994,1.24752,1.24767,2.25,1.50
2012.02.24 10:25:29.567,1.24752,1.24767,2.25,1.50
2012.02.24 10:25:30.100,1.24752,1.24768,2.25,1.50
2012.02.24 10:25:30.608,1.24752,1.24768,1.50,1.50
2012.02.24 10:25:30.819,1.24751,1.24767,2.25,2.25
2012.02.24 10:25:31.523,1.24751,1.24766,1.50,1.50
2012.02.24 10:25:31.599,1.24747,1.24765,1.50,1.50
2012.02.24 10:25:31.788,1.24749,1.24765,1.50,1.50
2012.02.24 10:25:31.917,1.24747,1.24765,3.75,1.50
2012.02.24 10:25:32.055,1.24747,1.24765,2.25,1.50
2012.02.24 10:25:32.253,1.24748,1.24765,2.25,1.50
2012.02.24 10:25:33.378,1.24752,1.24766,2.25,1.05
2012.02.24 10:25:33.458,1.2475,1.24771,3.00,3.00
2012.02.24 10:25:36.937,1.2475,1.24767,1.50,3.30
2012.02.24 10:25:37.026,1.24748,1.24766,2.25,1.73
2012.02.24 10:25:37.104,1.24751,1.2477,2.25,1.50
2012.02.24 10:25:37.248,1.2475,1.24769,2.25,2.25
2012.02.24 10:25:37.577,1.24752,1.24769,1.50,1.50
2012.02.24 10:25:37.967,1.24748,1.24767,2.25,1.50
2012.02.24 10:25:40.030,1.2475,1.24771,2.25,3.00
2012.02.24 10:25:40.368,1.24756,1.2477,1.50,2.10
2012.02.24 10:25:40.578,1.24756,1.2477,1.50,1.35
2012.02.24 10:25:41.469,1.24754,1.24772,2.25,1.50
2012.02.24 10:25:42.346,1.24754,1.24773,2.25,2.25
2012.02.24 10:25:42.427,1.24751,1.24769,2.25,1.50
2012.02.24 10:25:42.501,1.24751,1.24772,2.25,2.25
2012.02.24 10:25:43.468,1.2475,1.24769,4.05,1.50
2012.02.24 10:25:43.779,1.24747,1.24767,4.50,1.50
2012.02.24 10:25:43.908,1.2475,1.24769,2.25,1.50
2012.02.24 10:25:44.418,1.2475,1.24769,2.25,1.50
2012.02.24 10:25:45.386,1.24752,1.24771,2.25,2.25
2012.02.24 10:25:45.461,1.24752,1.24771,2.25,2.25
2012.02.24 10:25:46.317,1.24751,1.24772,2.25,2.70
2012.02.24 10:25:46.700,1.24754,1.24773,2.25,2.25
2012.02.24 10:25:47.380,1.24754,1.24773,2.25,1.50
2012.02.24 10:25:47.728,1.24753,1.2477,2.55,1.50
2012.02.24 10:25:47.798,1.24753,1.24773,4.80,3.00
2012.02.24 10:25:47.933,1.24753,1.24773,3.00,1.50
2012.02.24 10:25:48.569,1.24753,1.24773,3.00,1.50
2012.02.24 10:25:49.076,1.24755,1.24774,2.25,2.25
2012.02.24 10:25:49.208,1.24755,1.24774,2.25,2.25
2012.02.24 10:25:50.948,1.24753,1.24772,3.00,1.50
2012.02.24 10:25:51.947,1.24754,1.24774,2.25,1.20
2012.02.24 10:25:52.779,1.24755,1.24774,2.25,2.70
2012.02.24 10:25:54.212,1.24755,1.24774,2.25,2.70
2012.02.24 10:25:54.766,1.24754,1.24773,2.25,2.70
2012.02.24 10:25:55.766,1.24754,1.24773,2.25,2.25
2012.02.24 10:25:56.276,1.24755,1.24776,2.25,2.25
2012.02.24 10:25:57.251,1.24753,1.24773,2.25,1.50
2012.02.24 10:25:57.589,1.24752,1.24771,3.00,1.50
2012.02.24 10:25:58.344,1.24752,1.24769,1.50,1.50
2012.02.24 10:25:58.426,1.24754,1.24773,2.25,1.50
2012.02.24 10:25:58.998,1.24755,1.24775,2.25,1.20
2012.02.24 10:26:01.037,1.24757,1.24776,1.50,2.25
2012.02.24 10:26:02.007,1.24757,1.24776,2.25,2.25
2012.02.24 10:26:02.080,1.24759,1.24777,1.50,2.85
2012.02.24 10:26:02.504,1.24756,1.24776,2.25,2.25
2012.02.24 10:26:04.694,1.24757,1.24778,2.25,2.25
2012.02.24 10:26:05.506,1.24755,1.24774,2.25,1.50
2012.02.24 10:26:05.862,1.24763,1.2478,1.50,1.50
2012.02.24 10:26:06.200,1.24764,1.24784,2.25,3.00
2012.02.24 10:26:07.900,1.24764,1.2478,2.25,1.50
2012.02.24 10:26:08.042,1.24762,1.24778,2.25,1.50
2012.02.24 10:26:08.182,1.2476,1.24779,3.75,3.00
2012.02.24 10:26:08.487,1.2476,1.24779,2.25,1.50
2012.02.24 10:26:08.557,1.24762,1.24781,2.25,1.50
2012.02.24 10:26:09.100,1.24764,1.24781,2.25,1.50
2012.02.24 10:26:11.326,1.24762,1.24779,1.50,1.50
2012.02.24 10:26:11.725,1.24762,1.24781,2.25,2.25
2012.02.24 10:26:11.795,1.24762,1.24781,2.25,2.25
2012.02.24 10:26:12.170,1.2476,1.24778,2.25,1.95
2012.02.24 10:26:12.239,1.2476,1.24778,2.25,2.70
2012.02.24 10:26:12.386,1.24756,1.24775,4.05,1.50
2012.02.24 10:26:13.355,1.24765,1.24778,1.50,1.80
2012.02.24 10:26:13.558,1.24763,1.24781,3.00,3.00
2012.02.24 10:26:13.867,1.24761,1.2478,2.25,2.25
2012.02.24 10:26:14.326,1.24761,1.2478,2.25,2.25
2012.02.24 10:26:14.770,1.24761,1.24779,2.25,4.05
2012.02.24 10:26:14.911,1.24757,1.24776,2.25,1.50
2012.02.24 10:26:15.830,1.24757,1.24776,2.25,2.25
2012.02.24 10:26:15.898,1.24755,1.24774,2.25,2.25
2012.02.24 10:26:16.820,1.24758,1.24776,2.25,2.70
2012.02.24 10:26:17.346,1.24755,1.24774,4.05,1.50
2012.02.24 10:26:18.984,1.24757,1.24776,2.25,2.25
2012.02.24 10:26:19.681,1.24755,1.24775,2.55,1.50
2012.02.24 10:26:19.751,1.24754,1.24773,2.55,1.50
2012.02.24 10:26:19.995,1.24753,1.24773,4.35,2.25
2012.02.24 10:26:22.510,1.24757,1.24777,2.25,1.35
2012.02.24 10:26:25.325,1.24756,1.24775,2.25,2.25
2012.02.24 10:26:29.166,1.24758,1.24777,1.50,2.85
2012.02.24 10:26:29.497,1.24755,1.24775,1.50,3.30
2012.02.24 10:26:29.570,1.24754,1.24773,2.25,2.25
2012.02.24 10:26:30.667,1.24753,1.24772,2.25,1.35
2012.02.24 10:26:30.987,1.24754,1.24772,2.25,1.35
2012.02.24 10:26:32.020,1.24751,1.24772,4.80,2.85
2012.02.24 10:26:32.330,1.24756,1.24775,2.25,3.00
2012.02.24 10:26:32.700,1.24754,1.24774,4.05,1.50
2012.02.24 10:26:33.436,1.24754,1.24771,2.55,1.50
2012.02.24 10:26:33.757,1.24755,1.24775,2.25,2.25
2012.02.24 10:26:34.659,1.24756,1.24775,2.25,2.25
2012.02.24 10:26:36.971,1.24758,1.24775,1.35,2.25
2012.02.24 10:26:37.112,1.24759,1.2478,2.25,2.25
2012.02.24 10:26:37.435,1.24761,1.24782,2.25,3.00
2012.02.24 10:26:38.335,1.24758,1.24777,4.35,1.50
2012.02.24 10:26:39.130,1.24762,1.24783,2.25,2.25
2012.02.24 10:26:39.199,1.24762,1.24783,2.25,2.25
2012.02.24 10:26:39.975,1.2476,1.2478,2.25,2.25
2012.02.24 10:26:41.342,1.24761,1.24779,1.50,2.25
2012.02.24 10:26:41.476,1.24766,1.2478,2.55,3.00
2012.02.24 10:26:41.607,1.24766,1.24782,2.55,1.50
2012.02.24 10:26:41.682,1.24766,1.24782,1.80,2.25
2012.02.24 10:26:41.903,1.24766,1.24777,1.80,2.10
2012.02.24 10:26:41.982,1.24758,1.24778,2.55,1.50
2012.02.24 10:26:42.062,1.24757,1.24778,2.25,1.50
2012.02.24 10:26:42.738,1.24757,1.24778,2.25,4.05
2012.02.24 10:26:43.108,1.24757,1.24776,2.25,1.50
2012.02.24 10:26:43.649,1.24757,1.24776,2.25,2.25
2012.02.24 10:26:44.188,1.24757,1.24776,2.25,2.25
2012.02.24 10:26:45.415,1.24754,1.24775,3.00,2.25
2012.02.24 10:26:48.258,1.24754,1.24775,3.00,2.25
2012.02.24 10:26:52.998,1.24756,1.24777,3.00,2.25
2012.02.24 10:26:55.578,1.24753,1.24773,4.80,1.50
2012.02.24 10:26:56.110,1.24753,1.24772,2.55,1.50
2012.02.24 10:26:56.991,1.24752,1.24772,1.50,1.50
2012.02.24 10:26:57.545,1.24754,1.24773,2.25,2.25
2012.02.24 10:26:57.865,1.24752,1.24771,1.50,1.50
2012.02.24 10:26:58.368,1.24752,1.24772,3.00,2.25
2012.02.24 10:27:02.571,1.24752,1.2477,1.50,1.50
2012.02.24 10:27:04.734,1.24752,1.2477,1.50,2.25
2012.02.24 10:27:07.625,1.2475,1.24771,2.25,2.25
2012.02.24 10:27:08.240,1.24751,1.2477,2.25,1.50
2012.02.24 10:27:08.908,1.24753,1.24771,2.25,2.25
2012.02.24 10:27:09.970,1.24753,1.24771,2.25,2.25
2012.02.24 10:27:10.515,1.2475,1.2477,3.75,1.50
2012.02.24 10:27:12.750,1.24757,1.24772,1.50,1.35
2012.02.24 10:27:12.958,1.24759,1.24778,2.25,1.50
2012.02.24 10:27:15.745,1.2476,1.2478,1.50,3.45
2012.02.24 10:27:16.097,1.24758,1.24777,1.50,2.25
2012.02.24 10:27:17.040,1.24755,1.24776,2.25,2.25
2012.02.24 10:27:17.798,1.24756,1.24775,2.25,2.25
2012.02.24 10:27:18.117,1.2476,1.2478,1.50,3.00
2012.02.24 10:27:18.496,1.24762,1.2478,1.50,1.50
2012.02.24 10:27:18.567,1.2476,1.2478,1.50,3.00
2012.02.24 10:27:19.258,1.24761,1.2478,1.50,1.50
2012.02.24 10:27:24.001,1.24761,1.24779,1.50,2.10
2012.02.24 10:27:24.068,1.24757,1.24777,2.25,2.25
2012.02.24 10:27:24.530,1.2476,1.24778,2.25,4.05
2012.02.24 10:27:24.906,1.24764,1.2478,1.50,3.00
2012.02.24 10:27:25.155,1.24761,1.2478,1.50,1.50
2012.02.24 10:27:25.286,1.24757,1.24778,4.80,2.25
2012.02.24 10:27:26.065,1.2476,1.24778,1.50,2.25
2012.02.24 10:27:27.046,1.24757,1.24778,4.80,2.25
2012.02.24 10:27:27.312,1.2476,1.24767,1.50,1.80
2012.02.24 10:27:27.385,1.24752,1.24768,1.50,1.50
2012.02.24 10:27:28.006,1.24752,1.24767,1.20,1.50
2012.02.24 10:27:28.091,1.24752,1.24772,2.25,2.25
2012.02.24 10:27:28.359,1.24752,1.24772,1.50,2.25
2012.02.24 10:27:28.702,1.24752,1.24773,3.00,3.75
2012.02.24 10:27:29.216,1.24752,1.24773,1.95,3.75
2012.02.24 10:27:31.968,1.24751,1.2477,3.75,2.25
2012.02.24 10:27:32.526,1.24751,1.2477,2.25,2.25
2012.02.24 10:27:32.596,1.24753,1.24772,2.25,3.75
2012.02.24 10:27:32.668,1.24758,1.24773,1.50,1.50
2012.02.24 10:27:33.398,1.24756,1.24774,1.50,2.25
2012.02.24 10:27:34.222,1.24756,1.24774,1.50,3.00
2012.02.24 10:27:35.577,1.24753,1.24774,2.25,2.25
2012.02.24 10:27:35.848,1.24753,1.24774,2.25,2.25
2012.02.24 10:27:37.470,1.24757,1.24776,1.50,3.75
2012.02.24 10:27:38.096,1.24756,1.24774,1.50,2.25
2012.02.24 10:27:38.436,1.2476,1.24776,1.50,1.50
2012.02.24 10:27:39.116,1.24758,1.24777,2.25,3.00
2012.02.24 10:27:39.811,1.24755,1.24775,1.20,2.25
2012.02.24 10:27:39.952,1.24756,1.24777,2.25,3.00
2012.02.24 10:27:40.206,1.24758,1.24778,4.05,1.50
2012.02.24 10:27:40.756,1.2476,1.24778,1.50,1.50
2012.02.24 10:27:41.285,1.24759,1.24778,2.25,2.25
2012.02.24 10:27:42.585,1.24758,1.24777,2.25,2.25
2012.02.24 10:27:43.127,1.24758,1.24777,2.25,3.00
2012.02.24 10:27:43.209,1.24752,1.2477,1.20,1.50
2012.02.24 10:27:43.279,1.24752,1.24773,2.70,4.05
2012.02.24 10:27:43.526,1.24752,1.24772,2.70,1.50
2012.02.24 10:27:44.036,1.24752,1.24773,2.25,2.25
2012.02.24 10:27:44.595,1.2475,1.24771,2.25,3.00
2012.02.24 10:27:45.467,1.2475,1.24771,2.25,1.50
2012.02.24 10:27:45.857,1.24754,1.24774,2.25,3.00
2012.02.24 10:27:47.427,1.24754,1.24774,2.25,3.00
2012.02.24 10:27:47.676,1.24754,1.24773,2.25,1.50
2012.02.24 10:27:49.461,1.24751,1.24772,2.25,1.50
2012.02.24 10:27:50.028,1.24753,1.24772,2.25,1.50
2012.02.24 10:27:50.527,1.24754,1.24774,2.25,3.00
2012.02.24 10:27:50.776,1.24755,1.24774,3.00,3.00
2012.02.24 10:27:51.329,1.24757,1.24774,1.50,1.50
2012.02.24 10:27:51.847,1.24755,1.24773,2.25,1.50
2012.02.24 10:27:55.028,1.24753,1.24771,1.50,2.25
2012.02.24 10:27:55.336,1.2475,1.24769,2.25,1.50
2012.02.24 10:27:55.996,1.24752,1.24771,2.25,1.50
2012.02.24 10:27:56.955,1.24752,1.24771,2.25,1.50
2012.02.24 10:27:57.086,1.24753,1.24773,4.05,1.50
2012.02.24 10:27:57.560,1.24753,1.24771,4.05,1.50
2012.02.24 10:27:58.262,1.24754,1.24775,2.25,2.25
2012.02.24 10:27:58.426,1.24754,1.24775,2.25,2.25
2012.02.24 10:27:59.541,1.24753,1.24771,4.05,1.50
2012.02.24 10:27:59.892,1.24749,1.24767,1.50,1.50
2012.02.24 10:28:00.136,1.24751,1.24769,2.25,1.50
2012.02.24 10:28:00.646,1.24754,1.24773,2.25,2.25
2012.02.24 10:28:01.341,1.24754,1.24773,2.25,2.25
2012.02.24 10:28:01.707,1.24754,1.24773,2.25,2.25
2012.02.24 10:28:01.965,1.24754,1.24773,1.50,2.25
2012.02.24 10:28:02.727,1.24754,1.24772,3.75,1.50
2012.02.24 10:28:05.761,1.24751,1.2477,2.55,2.25
2012.02.24 10:28:05.833,1.24751,1.24769,2.55,1.50
2012.02.24 10:28:05.979,1.24752,1.24771,3.75,1.35
2012.02.24 10:28:06.390,1.2475,1.2477,2.25,1.50
2012.02.24 10:28:06.732,1.24756,1.24772,1.50,1.50
2012.02.24 10:28:07.392,1.24757,1.24772,1.50,1.50
2012.02.24 10:28:07.717,1.24756,1.24768,1.50,1.50
2012.02.24 10:28:08.057,1.24754,1.24768,1.50,1.50
2012.02.24 10:28:08.267,1.24751,1.2477,2.25,1.50
2012.02.24 10:28:08.778,1.2475,1.24769,2.25,1.50
2012.02.24 10:28:09.066,1.24755,1.24769,1.50,1.50
2012.02.24 10:28:09.806,1.24756,1.24769,1.50,1.50
2012.02.24 10:28:09.892,1.24749,1.24767,2.25,1.50
2012.02.24 10:28:09.968,1.24749,1.24768,2.25,1.50
2012.02.24 10:28:10.309,1.24754,1.2477,1.50,1.50
2012.02.24 10:28:10.452,1.24751,1.24769,1.50,1.50
2012.02.24 10:28:10.651,1.24743,1.24764,4.80,1.50
2012.02.24 10:28:10.976,1.24743,1.24761,2.55,1.50
2012.02.24 10:28:11.251,1.24745,1.24765,2.25,1.50
2012.02.24 10:28:11.874,1.24743,1.24763,2.25,1.50
2012.02.24 10:28:12.086,1.24746,1.24765,2.25,4.05
2012.02.24 10:28:12.218,1.24746,1.24765,2.25,4.05
2012.02.24 10:28:12.425,1.24742,1.2476,2.25,2.25
2012.02.24 10:28:12.966,1.24746,1.24762,2.25,1.20
2012.02.24 10:28:13.039,1.24748,1.24762,1.50,1.20
2012.02.24 10:28:13.956,1.24746,1.24763,2.25,1.20
2012.02.24 10:28:14.429,1.24743,1.24763,2.25,1.20
2012.02.24 10:28:14.630,1.24749,1.24764,1.50,2.10
2012.02.24 10:28:14.945,1.24746,1.24764,3.75,3.60
2012.02.24 10:28:15.430,1.24741,1.2476,4.05,1.50
2012.02.24 10:28:16.025,1.24741,1.2476,2.25,2.25
2012.02.24 10:28:21.333,1.2474,1.24759,5.55,2.25
2012.02.24 10:28:21.539,1.24743,1.24761,2.25,1.50
2012.02.24 10:28:22.585,1.24741,1.2476,3.75,1.50
2012.02.24 10:28:23.426,1.24738,1.24757,2.25,1.50
2012.02.24 10:28:23.504,1.24738,1.24757,2.25,2.25
2012.02.24 10:28:23.588,1.24736,1.24757,2.25,6.60
2012.02.24 10:28:23.936,1.24736,1.24751,2.25,1.20
2012.02.24 10:28:24.263,1.24731,1.2475,2.25,1.50
2012.02.24 10:28:28.104,1.24732,1.24747,1.50,1.50
2012.02.24 10:28:28.192,1.24734,1.2475,1.50,2.25
2012.02.24 10:28:29.069,1.24731,1.24752,3.00,3.00
2012.02.24 10:28:31.020,1.24728,1.24746,3.30,1.50
2012.02.24 10:28:31.326,1.24728,1.24748,3.30,1.50
2012.02.24 10:28:34.100,1.24729,1.24746,1.50,1.50
2012.02.24 10:28:34.457,1.24729,1.24744,1.50,1.50
2012.02.24 10:28:34.768,1.24727,1.24744,1.50,1.50
2012.02.24 10:28:35.229,1.24727,1.24746,1.50,1.50
2012.02.24 10:28:35.421,1.24729,1.24747,1.50,1.50
2012.02.24 10:28:37.512,1.24729,1.24748,3.30,1.50
2012.02.24 10:28:37.582,1.24727,1.24747,1.50,1.50
2012.02.24 10:28:40.557,1.24728,1.24748,3.00,3.00
2012.02.24 10:28:40.868,1.2473,1.24749,2.25,3.00
2012.02.24 10:28:41.539,1.2473,1.24748,2.25,1.50
2012.02.24 10:28:42.398,1.2473,1.24749,2.25,2.25
2012.02.24 10:28:42.467,1.2473,1.24749,2.25,1.50
2012.02.24 10:28:42.979,1.24728,1.24747,3.75,1.50
2012.02.24 10:28:44.468,1.24727,1.24748,2.25,1.50
2012.02.24 10:28:46.897,1.24729,1.2475,2.25,3.00
2012.02.24 10:28:48.918,1.24729,1.2475,2.25,3.00
2012.02.24 10:28:49.414,1.24728,1.24749,2.25,2.25
2012.02.24 10:28:52.118,1.24727,1.24747,2.25,1.50
2012.02.24 10:28:52.753,1.24728,1.24749,2.25,2.25
2012.02.24 10:28:53.292,1.24728,1.24749,2.25,2.25
2012.02.24 10:28:53.617,1.24726,1.24747,2.25,3.30
2012.02.24 10:28:53.868,1.2473,1.24749,2.25,2.10
2012.02.24 10:28:54.368,1.24728,1.24746,2.25,1.50
2012.02.24 10:28:54.442,1.24725,1.24746,4.05,1.50
2012.02.24 10:28:55.223,1.24728,1.24747,3.75,1.50
2012.02.24 10:28:55.307,1.24728,1.24745,2.25,3.30
2012.02.24 10:28:55.617,1.24727,1.24745,2.25,1.80
2012.02.24 10:28:57.267,1.24727,1.24745,2.25,1.80
2012.02.24 10:28:57.339,1.24729,1.24748,2.25,1.50
2012.02.24 10:28:57.534,1.2473,1.24749,2.25,2.10
2012.02.24 10:28:57.684,1.24727,1.24746,2.25,1.50
2012.02.24 10:28:58.405,1.24727,1.24746,2.25,1.50
2012.02.24 10:28:59.612,1.24729,1.24748,2.25,3.60
2012.02.24 10:28:59.925,1.2473,1.24747,1.50,1.71
2012.02.24 10:29:00.406,1.24728,1.24747,2.25,1.71
2012.02.24 10:29:03.045,1.24728,1.24747,2.25,1.71
2012.02.24 10:29:03.869,1.24728,1.24747,1.50,1.71
2012.02.24 10:29:04.067,1.24725,1.24745,2.25,4.05
2012.02.24 10:29:04.200,1.24725,1.24745,3.00,4.05
2012.02.24 10:29:04.575,1.24729,1.24747,1.50,1.71
2012.02.24 10:29:04.917,1.24729,1.24747,1.50,1.71
2012.02.24 10:29:05.265,1.24732,1.24747,1.50,1.71
2012.02.24 10:29:06.217,1.24729,1.24747,1.50,1.71
2012.02.24 10:29:06.612,1.24732,1.24746,1.50,1.71
2012.02.24 10:29:06.962,1.24728,1.24746,3.00,1.71
2012.02.24 10:29:07.348,1.2473,1.24746,3.30,1.71
2012.02.24 10:29:08.561,1.24728,1.24746,1.50,3.21
2012.02.24 10:29:08.637,1.24726,1.24745,2.25,2.25
2012.02.24 10:29:08.769,1.24729,1.24746,1.50,1.50
2012.02.24 10:29:09.137,1.24729,1.24747,1.20,1.71
2012.02.24 10:29:09.268,1.24729,1.24747,1.20,1.71
2012.02.24 10:29:09.399,1.24732,1.24747,1.50,1.71
2012.02.24 10:29:09.767,1.24733,1.24747,1.50,1.71
2012.02.24 10:29:10.316,1.24732,1.24747,1.50,1.71
2012.02.24 10:29:10.839,1.24732,1.24747,1.50,1.71
2012.02.24 10:29:11.484,1.24734,1.24747,1.50,1.71
2012.02.24 10:29:14.500,1.24736,1.24746,1.50,1.71
2012.02.24 10:29:16.348,1.24738,1.24746,1.50,1.50
2012.02.24 10:29:16.656,1.24735,1.24747,3.00,1.71
2012.02.24 10:29:16.726,1.24738,1.24747,1.50,1.71
2012.02.24 10:29:16.854,1.24735,1.24747,1.50,1.71
2012.02.24 10:29:17.285,1.24735,1.24747,1.50,1.71
2012.02.24 10:29:18.500,1.24737,1.24747,1.50,1.71
2012.02.24 10:29:18.818,1.24738,1.24754,1.50,1.42
2012.02.24 10:29:19.540,1.24736,1.24757,2.25,2.92
2012.02.24 10:29:20.064,1.24736,1.24756,2.25,1.42
2012.02.24 10:29:21.201,1.24736,1.24757,2.25,2.92
2012.02.24 10:29:21.463,1.24735,1.24751,2.25,1.42
2012.02.24 10:29:21.758,1.24734,1.2475,2.70,2.92
2012.02.24 10:29:22.439,1.24735,1.24752,2.25,1.27
2012.02.24 10:29:23.313,1.24733,1.24752,2.25,2.77
2012.02.24 10:29:24.707,1.24733,1.24752,2.25,3.52
2012.02.24 10:29:34.427,1.24732,1.24751,2.25,1.42
2012.02.24 10:29:35.205,1.24732,1.24752,2.25,2.02
2012.02.24 10:29:37.608,1.24734,1.24752,2.25,1.27
2012.02.24 10:29:38.134,1.24734,1.24752,2.25,1.27
2012.02.24 10:29:42.195,1.24734,1.24752,2.25,1.42
2012.02.24 10:29:44.623,1.24734,1.24752,2.25,1.42
2012.02.24 10:29:45.781,1.24736,1.24752,1.50,1.42
2012.02.24 10:29:46.496,1.24735,1.24752,2.25,1.42
2012.02.24 10:29:47.269,1.24735,1.24752,2.25,1.42
2012.02.24 10:29:52.169,1.24737,1.24754,2.25,1.42
2012.02.24 10:29:57.079,1.24737,1.24754,2.25,1.42
2012.02.24 10:29:57.144,1.24737,1.24754,2.25,2.17
2012.02.24 10:29:57.437,1.24737,1.24754,2.25,1.42
2012.02.24 10:29:58.814,1.24737,1.24754,2.25,1.42
2012.02.24 10:30:01.079,1.24736,1.24753,2.25,1.42
2012.02.24 10:30:01.689,1.24736,1.24756,2.25,3.22
2012.02.24 10:30:02.056,1.24736,1.24756,2.25,2.47
2012.02.24 10:30:02.600,1.24743,1.24759,1.50,1.42
2012.02.24 10:30:02.666,1.24743,1.2476,1.50,1.20
2012.02.24 10:30:03.186,1.24743,1.24763,2.25,5.40
2012.02.24 10:30:03.442,1.24743,1.24763,2.25,4.05
2012.02.24 10:30:04.359,1.24742,1.24759,1.20,2.25
2012.02.24 10:30:07.850,1.24741,1.24756,2.55,1.50
2012.02.24 10:30:08.318,1.24738,1.24756,1.50,1.50
2012.02.24 10:30:08.879,1.24739,1.24758,2.25,2.25
2012.02.24 10:30:09.185,1.24739,1.24758,2.25,2.25
2012.02.24 10:30:10.085,1.2474,1.24761,2.25,4.05
2012.02.24 10:30:11.511,1.24739,1.24759,2.25,2.25
2012.02.24 10:30:13.578,1.24736,1.24757,2.25,3.00
2012.02.24 10:30:17.398,1.24739,1.24757,1.50,1.50
2012.02.24 10:30:18.068,1.24739,1.24759,2.25,2.55
2012.02.24 10:30:18.137,1.24739,1.24759,2.25,2.55
2012.02.24 10:30:20.098,1.24739,1.24759,2.25,2.55
2012.02.24 10:30:20.649,1.24739,1.24759,2.25,2.55
2012.02.24 10:30:20.926,1.24739,1.24759,2.25,2.55
2012.02.24 10:30:23.959,1.24744,1.2476,1.20,2.25
2012.02.24 10:30:24.289,1.24747,1.24765,1.50,1.50
2012.02.24 10:30:24.551,1.24744,1.24765,2.70,2.25
2012.02.24 10:30:25.987,1.24743,1.24763,2.25,2.25
2012.02.24 10:30:26.646,1.24743,1.24763,2.25,1.50
2012.02.24 10:30:27.374,1.24745,1.24764,2.25,2.25
2012.02.24 10:30:28.286,1.24746,1.24767,2.25,2.25
2012.02.24 10:30:29.298,1.24747,1.24763,1.80,2.25
2012.02.24 10:30:29.426,1.2475,1.24769,1.50,2.25
2012.02.24 10:30:29.498,1.24753,1.24771,2.25,1.50
2012.02.24 10:30:29.687,1.24753,1.24772,2.25,3.00
2012.02.24 10:30:31.461,1.24752,1.2477,2.25,1.50
2012.02.24 10:30:31.810,1.24752,1.24767,1.50,2.55
2012.02.24 10:30:31.956,1.24746,1.24765,1.50,2.25
2012.02.24 10:30:32.216,1.24746,1.24767,2.25,3.75
2012.02.24 10:30:33.217,1.24749,1.24766,1.20,2.25
2012.02.24 10:30:34.416,1.24746,1.24766,1.20,2.25
2012.02.24 10:30:34.492,1.24751,1.2477,1.50,2.25
2012.02.24 10:30:35.127,1.24745,1.24764,3.75,1.50
2012.02.24 10:30:37.666,1.24746,1.24767,2.25,3.00
2012.02.24 10:30:37.959,1.24746,1.24767,2.25,3.00
2012.02.24 10:30:38.032,1.24742,1.2476,1.50,1.50
2012.02.24 10:30:38.360,1.24742,1.24763,3.00,2.25
2012.02.24 10:30:39.027,1.24745,1.24766,2.25,2.25
2012.02.24 10:30:39.866,1.24746,1.24765,2.70,1.50
2012.02.24 10:30:40.404,1.24747,1.24768,2.25,2.25
2012.02.24 10:30:43.038,1.24747,1.24768,2.25,2.25
2012.02.24 10:30:43.166,1.24747,1.24765,3.00,1.50
2012.02.24 10:30:43.951,1.24756,1.24777,4.05,3.00
2012.02.24 10:30:44.486,1.24756,1.24774,2.55,1.50
2012.02.24 10:30:44.895,1.24756,1.24774,2.55,3.00
2012.02.24 10:30:44.981,1.24753,1.24771,4.50,1.50
2012.02.24 10:30:45.125,1.24751,1.24769,2.25,2.25
2012.02.24 10:30:45.341,1.24747,1.24768,2.25,2.25
2012.02.24 10:30:45.994,1.24747,1.24768,4.05,2.25
2012.02.24 10:30:47.677,1.24749,1.2477,2.25,2.25
2012.02.24 10:30:47.817,1.24752,1.24767,1.50,1.50
2012.02.24 10:30:48.410,1.24749,1.24767,1.50,2.25
2012.02.24 10:30:48.715,1.24749,1.24764,1.50,1.50
2012.02.24 10:30:49.936,1.24749,1.24764,1.50,1.50
2012.02.24 10:30:50.556,1.24749,1.24765,1.50,1.50
2012.02.24 10:30:53.171,1.24749,1.24764,1.50,1.50
2012.02.24 10:30:53.496,1.24749,1.24762,1.50,1.50
2012.02.24 10:30:54.447,1.24749,1.24764,1.50,1.50
2012.02.24 10:30:56.327,1.24749,1.24766,1.50,2.25
2012.02.24 10:30:56.915,1.24749,1.24764,1.50,1.50
2012.02.24 10:30:57.562,1.24747,1.24762,2.55,1.50
2012.02.24 10:30:57.770,1.24744,1.24765,2.25,2.25
2012.02.24 10:30:59.850,1.24746,1.24765,4.05,2.25
2012.02.24 10:30:59.928,1.24743,1.2476,1.20,1.50
2012.02.24 10:31:00.056,1.24744,1.24762,2.25,1.50
2012.02.24 10:31:00.724,1.24744,1.24763,2.25,1.50
2012.02.24 10:31:01.017,1.24744,1.24763,2.25,2.25
2012.02.24 10:31:01.227,1.24741,1.24759,2.25,1.50
2012.02.24 10:31:01.356,1.24741,1.24762,2.25,1.50
2012.02.24 10:31:01.558,1.2474,1.2476,2.34,1.50
2012.02.24 10:31:02.118,1.24741,1.24762,2.25,2.25
2012.02.24 10:31:02.250,1.24739,1.2476,3.09,1.50
2012.02.24 10:31:04.569,1.24741,1.24762,2.25,2.25
2012.02.24 10:31:07.656,1.24744,1.24762,1.50,2.25
2012.02.24 10:31:08.189,1.24744,1.24762,1.50,2.25
2012.02.24 10:31:09.270,1.24742,1.24761,3.75,1.50
2012.02.24 10:31:14.185,1.24739,1.2476,2.25,2.25
2012.02.24 10:31:14.566,1.24741,1.2476,1.35,2.25
2012.02.24 10:31:15.128,1.24742,1.24761,2.25,2.25
2012.02.24 10:31:17.409,1.24741,1.24758,2.25,4.50
2012.02.24 10:31:18.108,1.24739,1.24749,2.55,1.50
2012.02.24 10:31:18.188,1.24736,1.24751,1.50,2.25
2012.02.24 10:31:18.699,1.24732,1.24752,2.25,2.25
2012.02.24 10:31:19.979,1.24732,1.24752,2.25,2.25
2012.02.24 10:31:21.650,1.2473,1.24749,1.20,1.50
2012.02.24 10:31:21.735,1.2473,1.24749,3.00,2.25
2012.02.24 10:31:21.953,1.24734,1.24751,4.05,1.50
2012.02.24 10:31:22.311,1.24739,1.24757,2.25,2.25
2012.02.24 10:31:22.381,1.24738,1.24758,2.55,2.25
2012.02.24 10:31:23.149,1.24739,1.24759,1.50,3.75
2012.02.24 10:31:23.234,1.24744,1.24762,1.50,1.20
2012.02.24 10:31:23.760,1.24739,1.2476,2.25,1.50
2012.02.24 10:31:23.889,1.24742,1.24762,2.25,2.70
2012.02.24 10:31:24.450,1.24746,1.24762,1.50,1.20
2012.02.24 10:31:25.461,1.24743,1.24764,2.25,2.25
2012.02.24 10:31:26.271,1.24741,1.24761,2.25,2.25
2012.02.24 10:31:26.526,1.24738,1.24757,1.50,1.50
2012.02.24 10:31:27.087,1.2474,1.24759,2.25,2.25
2012.02.24 10:31:28.044,1.2474,1.24759,2.25,2.25
2012.02.24 10:31:29.096,1.24742,1.24759,2.25,1.50
2012.02.24 10:31:29.651,1.24739,1.24758,2.25,1.50
2012.02.24 10:31:29.721,1.24738,1.24757,3.75,1.50
2012.02.24 10:31:29.985,1.2474,1.24759,2.25,2.25
2012.02.24 10:31:31.207,1.2474,1.24761,2.25,3.00
2012.02.24 10:31:31.461,1.24741,1.24761,2.55,2.25
2012.02.24 10:31:32.030,1.24743,1.24762,4.05,3.00
2012.02.24 10:31:32.167,1.24745,1.24763,2.25,3.00
2012.02.24 10:31:32.773,1.24745,1.24763,2.25,3.00
2012.02.24 10:31:33.728,1.24742,1.24761,4.05,1.50
2012.02.24 10:31:34.176,1.24742,1.24759,2.55,2.25
2012.02.24 10:31:34.314,1.24742,1.24759,1.80,3.00
2012.02.24 10:31:34.604,1.24736,1.24756,2.64,1.50
2012.02.24 10:31:34.686,1.24739,1.24752,2.55,1.50
2012.02.24 10:31:34.831,1.24739,1.24757,2.25,3.75
2012.02.24 10:31:34.964,1.24742,1.24757,1.50,2.25
2012.02.24 10:31:35.647,1.2474,1.24757,2.25,2.25
2012.02.24 10:31:35.990,1.24735,1.24753,2.25,3.00
2012.02.24 10:31:36.378,1.24735,1.24752,2.25,1.50
2012.02.24 10:31:36.530,1.24735,1.24752,2.25,1.50
2012.02.24 10:31:36.951,1.24737,1.24754,1.50,1.20
2012.02.24 10:31:37.996,1.24736,1.24754,3.30,2.70
2012.02.24 10:31:38.626,1.24732,1.24753,4.05,2.25
2012.02.24 10:31:38.962,1.24732,1.24753,4.05,2.25
2012.02.24 10:31:39.315,1.24731,1.24749,2.25,3.75
2012.02.24 10:31:40.190,1.24733,1.2475,2.25,1.50
2012.02.24 10:31:40.467,1.24733,1.24751,2.25,1.50
2012.02.24 10:31:40.671,1.24733,1.24751,2.25,1.50
2012.02.24 10:31:41.024,1.24729,1.24748,2.25,1.95
2012.02.24 10:31:41.099,1.24729,1.24748,2.25,1.50
2012.02.24 10:31:41.228,1.2473,1.24751,2.25,3.00
2012.02.24 10:31:41.550,1.24727,1.24746,3.00,1.50
2012.02.24 10:31:42.179,1.24727,1.24746,3.75,1.50
2012.02.24 10:31:42.261,1.24732,1.24752,2.25,1.50
2012.02.24 10:31:42.650,1.2473,1.24748,4.05,1.50
2012.02.24 10:31:43.168,1.24729,1.24749,4.05,3.00
2012.02.24 10:31:43.488,1.24731,1.2475,2.25,2.10
2012.02.24 10:31:44.143,1.24733,1.24752,2.25,2.70
2012.02.24 10:31:44.702,1.24735,1.24753,2.25,1.50
2012.02.24 10:31:44.903,1.24733,1.24751,1.35,1.50
2012.02.24 10:31:45.266,1.24731,1.24749,2.34,1.50
2012.02.24 10:31:46.098,1.24731,1.2475,2.25,3.45
2012.02.24 10:31:46.521,1.2473,1.24749,2.25,1.50
2012.02.24 10:31:46.592,1.24727,1.24742,2.34,1.50
2012.02.24 10:31:46.662,1.24727,1.24746,2.34,1.50
2012.02.24 10:31:46.799,1.24727,1.24748,3.75,1.50
2012.02.24 10:31:47.014,1.2473,1.2475,3.30,1.50
2012.02.24 10:31:47.090,1.24733,1.24752,2.55,1.50
2012.02.24 10:31:47.938,1.24733,1.24749,2.55,1.50
2012.02.24 10:31:48.148,1.24733,1.24752,2.55,1.50
2012.02.24 10:31:53.706,1.24733,1.2475,2.55,1.50
2012.02.24 10:31:54.534,1.24733,1.2475,2.55,1.50
2012.02.24 10:31:56.521,1.24733,1.24751,4.05,1.50
2012.02.24 10:31:58.597,1.24734,1.24753,2.25,2.25
2012.02.24 10:31:59.147,1.24732,1.24751,4.05,1.50
2012.02.24 10:31:59.275,1.24734,1.24754,2.25,3.00
2012.02.24 10:31:59.835,1.24733,1.24752,2.25,1.50
2012.02.24 10:32:00.997,1.24733,1.24752,2.25,3.00
2012.02.24 10:32:01.529,1.24735,1.24753,2.25,3.00
2012.02.24 10:32:02.502,1.24733,1.24752,2.25,1.50
2012.02.24 10:32:03.948,1.24734,1.24754,2.25,3.00
2012.02.24 10:32:06.535,1.24733,1.24752,2.25,1.50
2012.02.24 10:32:08.549,1.24736,1.24754,2.25,3.75
2012.02.24 10:32:11.116,1.24734,1.24753,2.25,1.50
2012.02.24 10:32:12.349,1.24734,1.24753,2.25,1.50
2012.02.24 10:32:12.536,1.24735,1.24755,2.25,2.25
2012.02.24 10:32:13.096,1.24734,1.24754,2.55,2.25
2012.02.24 10:32:14.607,1.24731,1.24752,2.25,1.50
2012.02.24 10:32:15.478,1.24735,1.24756,2.25,2.25
2012.02.24 10:32:15.678,1.2474,1.24758,2.25,2.25
2012.02.24 10:32:16.083,1.24738,1.24755,2.25,1.50
2012.02.24 10:32:16.278,1.2474,1.24759,2.25,1.50
2012.02.24 10:32:16.621,1.24737,1.24757,2.25,1.50
2012.02.24 10:32:17.369,1.24736,1.24752,3.00,1.50
2012.02.24 10:32:17.445,1.24736,1.24755,1.50,1.50
2012.02.24 10:32:18.129,1.24736,1.24757,3.00,1.50
2012.02.24 10:32:18.409,1.24736,1.24757,3.00,1.50
2012.02.24 10:32:18.718,1.24738,1.24759,4.05,2.85
2012.02.24 10:32:19.616,1.24738,1.24756,2.55,1.50
2012.02.24 10:32:19.690,1.2474,1.24761,2.25,3.00
2012.02.24 10:32:20.007,1.2474,1.2476,2.25,3.30
2012.02.24 10:32:20.803,1.24741,1.2476,2.85,2.25
2012.02.24 10:32:21.031,1.24746,1.24761,2.25,1.50
2012.02.24 10:32:21.102,1.24746,1.24764,2.25,3.75
2012.02.24 10:32:21.872,1.24741,1.24762,2.25,1.50
2012.02.24 10:32:21.950,1.24742,1.2476,2.25,3.00
2012.02.24 10:32:22.357,1.24737,1.24758,2.25,1.50
2012.02.24 10:32:29.028,1.2474,1.24759,2.25,1.35
2012.02.24 10:32:33.107,1.2474,1.2476,2.25,2.10
2012.02.24 10:32:35.358,1.24741,1.24759,2.25,1.50
2012.02.24 10:32:35.983,1.24742,1.2476,2.25,2.10
2012.02.24 10:32:38.098,1.24739,1.24758,2.25,1.50
2012.02.24 10:32:40.106,1.24737,1.24757,2.25,1.50
2012.02.24 10:32:44.368,1.24737,1.24755,2.25,1.50
2012.02.24 10:32:45.447,1.24736,1.24756,1.50,1.50
2012.02.24 10:32:47.829,1.24736,1.24756,1.50,1.50
2012.02.24 10:32:48.538,1.24736,1.24756,1.50,1.50
2012.02.24 10:32:49.092,1.24739,1.24757,1.20,1.50
2012.02.24 10:32:49.774,1.24741,1.24759,1.35,1.50
2012.02.24 10:32:49.841,1.24745,1.24762,4.05,1.50
2012.02.24 10:32:50.680,1.24748,1.24762,2.25,1.50
2012.02.24 10:32:50.747,1.24751,1.24766,1.50,1.50
2012.02.24 10:32:51.117,1.24751,1.24769,2.25,1.50
2012.02.24 10:32:54.000,1.24751,1.2477,2.25,1.50
2012.02.24 10:32:54.435,1.24754,1.24772,2.25,2.25
2012.02.24 10:32:56.330,1.24751,1.2477,2.55,1.50
2012.02.24 10:32:56.471,1.24751,1.2477,2.55,1.50
2012.02.24 10:32:56.902,1.24754,1.24773,2.25,3.75
2012.02.24 10:32:56.975,1.24754,1.24773,2.25,3.75
2012.02.24 10:32:57.244,1.24754,1.24773,2.25,1.50
2012.02.24 10:32:57.392,1.24751,1.24771,2.25,1.50
2012.02.24 10:32:57.459,1.24751,1.2477,2.25,1.20
2012.02.24 10:32:57.601,1.2475,1.24769,3.75,2.25
2012.02.24 10:32:58.266,1.2475,1.24766,2.25,1.80
2012.02.24 10:32:58.348,1.24752,1.2477,2.25,2.70
2012.02.24 10:33:01.069,1.24753,1.24769,2.25,1.50
2012.02.24 10:33:03.016,1.24752,1.24769,2.25,1.50
2012.02.24 10:33:04.386,1.24752,1.24769,2.25,1.50
2012.02.24 10:33:04.530,1.24752,1.2477,2.25,1.50
2012.02.24 10:33:06.254,1.24752,1.24771,2.25,2.55
2012.02.24 10:33:07.910,1.24752,1.2477,2.25,1.50
2012.02.24 10:33:10.489,1.24753,1.24771,2.25,3.30
2012.02.24 10:33:10.689,1.24756,1.24771,1.50,1.50
2012.02.24 10:33:11.311,1.24756,1.24773,2.25,2.10
2012.02.24 10:33:12.963,1.24755,1.24774,2.25,3.90
2012.02.24 10:33:13.673,1.24755,1.24773,2.25,1.35
2012.02.24 10:33:13.813,1.24755,1.24773,2.25,1.35
2012.02.24 10:33:13.950,1.24754,1.24772,2.25,3.00
2012.02.24 10:33:14.019,1.24754,1.24772,2.25,4.05
2012.02.24 10:33:14.090,1.24752,1.2477,2.25,1.50
2012.02.24 10:33:14.688,1.24752,1.2477,3.75,1.50
2012.02.24 10:33:14.766,1.24755,1.24773,2.25,1.95
2012.02.24 10:33:15.363,1.24756,1.24773,1.50,1.20
2012.02.24 10:33:16.086,1.24755,1.24773,2.25,1.20
2012.02.24 10:33:17.350,1.24755,1.24772,2.25,1.50
2012.02.24 10:33:18.391,1.24755,1.24772,2.25,1.50
2012.02.24 10:33:18.474,1.24745,1.24762,2.25,2.25
2012.02.24 10:33:18.559,1.24747,1.24764,1.50,1.50
2012.02.24 10:33:18.699,1.24747,1.24764,2.25,1.50
2012.02.24 10:33:19.058,1.24746,1.24764,2.25,2.25
2012.02.24 10:33:20.114,1.24745,1.2476,2.55,1.50
2012.02.24 10:33:20.195,1.24741,1.24759,1.20,1.50
2012.02.24 10:33:20.845,1.24739,1.24757,3.00,1.50
2012.02.24 10:33:20.931,1.24742,1.24761,2.55,2.25
2012.02.24 10:33:21.006,1.24742,1.24759,2.55,1.50
2012.02.24 10:33:21.198,1.2474,1.24759,3.30,1.50
2012.02.24 10:33:21.473,1.24743,1.24761,2.55,2.25
2012.02.24 10:33:21.614,1.24746,1.24761,1.50,1.50
2012.02.24 10:33:21.817,1.24747,1.24763,2.55,2.10
2012.02.24 10:33:21.964,1.24743,1.24764,3.45,2.25
2012.02.24 10:33:23.645,1.24742,1.24763,2.25,1.50
2012.02.24 10:33:24.148,1.24744,1.24764,2.25,2.25
2012.02.24 10:33:24.345,1.24749,1.24768,2.25,2.25
2012.02.24 10:33:24.693,1.24746,1.24764,2.25,2.25
2012.02.24 10:33:25.368,1.24746,1.24765,2.25,2.25
2012.02.24 10:33:25.446,1.24744,1.24763,2.25,1.50
2012.02.24 10:33:25.936,1.24747,1.24766,2.25,2.25
2012.02.24 10:33:26.709,1.24747,1.24766,2.25,1.50
2012.02.24 10:33:27.266,1.24747,1.24766,2.25,1.95
2012.02.24 10:33:28.464,1.24747,1.24766,2.25,3.45
2012.02.24 10:33:28.534,1.24746,1.24766,2.25,1.95
2012.02.24 10:33:28.735,1.24746,1.24766,2.25,2.25
2012.02.24 10:33:29.040,1.24747,1.24764,2.25,1.50
2012.02.24 10:33:30.880,1.24745,1.24765,2.25,1.50
2012.02.24 10:33:31.495,1.24745,1.24766,2.25,2.25
2012.02.24 10:33:32.787,1.2475,1.24769,1.50,4.50
2012.02.24 10:33:33.098,1.24752,1.2477,1.50,2.85
2012.02.24 10:33:33.348,1.2475,1.24769,2.25,2.25
2012.02.24 10:33:33.750,1.24752,1.2477,2.55,2.25
2012.02.24 10:33:34.067,1.24754,1.24768,2.55,1.50
2012.02.24 10:33:34.140,1.2475,1.24771,2.25,3.00
2012.02.24 10:33:34.698,1.2475,1.24771,2.25,1.50
2012.02.24 10:33:34.898,1.24755,1.24773,2.55,2.25
2012.02.24 10:33:35.669,1.24755,1.24773,2.55,2.25
2012.02.24 10:33:35.859,1.24754,1.24773,2.55,2.25
2012.02.24 10:33:36.786,1.24751,1.2477,2.25,1.50
2012.02.24 10:33:37.453,1.24753,1.24772,2.25,1.50
2012.02.24 10:33:38.026,1.24752,1.24771,2.25,1.50
2012.02.24 10:33:38.387,1.24753,1.24773,2.25,1.50
2012.02.24 10:33:38.947,1.24753,1.24774,2.25,2.25
2012.02.24 10:33:41.997,1.24753,1.24774,2.25,2.25
2012.02.24 10:33:42.685,1.24753,1.24771,2.25,1.50
2012.02.24 10:33:42.771,1.24751,1.2477,2.25,2.25
2012.02.24 10:33:42.907,1.24751,1.24769,2.25,3.00
2012.02.24 10:33:43.431,1.24753,1.24772,2.25,2.25
2012.02.24 10:33:43.499,1.24755,1.24773,1.50,3.30
2012.02.24 10:33:43.867,1.24753,1.24772,2.25,1.50
2012.02.24 10:33:44.074,1.24751,1.2477,2.25,4.05
2012.02.24 10:33:44.149,1.2475,1.24768,3.75,1.50
2012.02.24 10:33:45.066,1.2475,1.24768,2.25,1.50
2012.02.24 10:33:45.558,1.24757,1.24769,1.50,1.80
2012.02.24 10:33:45.701,1.24757,1.24775,1.50,1.50
2012.02.24 10:33:45.969,1.24757,1.24775,2.25,1.50
2012.02.24 10:33:46.845,1.24755,1.24776,2.25,2.25
2012.02.24 10:33:47.481,1.24755,1.24776,2.25,2.25
2012.02.24 10:33:48.360,1.24755,1.24776,2.25,4.50
2012.02.24 10:33:48.880,1.24755,1.24776,2.25,3.75
2012.02.24 10:33:50.452,1.24755,1.24776,3.00,3.30
2012.02.24 10:33:51.332,1.24756,1.24777,4.05,2.25
2012.02.24 10:33:51.663,1.24754,1.24773,1.35,1.50
2012.02.24 10:33:52.297,1.24753,1.24771,1.50,1.50
2012.02.24 10:33:52.367,1.24754,1.24773,2.25,1.50
2012.02.24 10:33:53.052,1.24756,1.24774,2.25,1.50
2012.02.24 10:33:54.730,1.24756,1.24774,2.25,1.50
2012.02.24 10:33:54.800,1.24756,1.24777,2.25,2.25
2012.02.24 10:33:55.366,1.24759,1.24778,2.25,2.25
2012.02.24 10:33:55.775,1.24755,1.24775,4.05,1.50
2012.02.24 10:33:56.212,1.24759,1.24778,2.25,2.25
2012.02.24 10:33:56.878,1.24759,1.24778,2.25,2.25
2012.02.24 10:33:57.596,1.24763,1.24781,1.50,2.25
2012.02.24 10:33:57.673,1.24763,1.24779,1.50,1.50
2012.02.24 10:33:57.881,1.24758,1.24778,2.25,1.50
2012.02.24 10:33:57.950,1.24758,1.24775,2.25,1.50
2012.02.24 10:33:58.276,1.24755,1.24776,2.25,2.25
2012.02.24 10:33:59.096,1.24759,1.24778,2.25,1.50
2012.02.24 10:33:59.329,1.24759,1.24778,2.25,1.50
2012.02.24 10:34:00.056,1.24757,1.24776,2.25,1.50
2012.02.24 10:34:00.143,1.24762,1.24779,2.25,3.90
2012.02.24 10:34:00.421,1.24762,1.24779,2.25,2.10
2012.02.24 10:34:00.491,1.24764,1.24779,1.50,2.10
2012.02.24 10:34:00.807,1.24764,1.24777,1.50,1.50
2012.02.24 10:34:00.998,1.24764,1.24779,1.50,1.50
2012.02.24 10:34:01.129,1.24762,1.24779,1.50,1.50
2012.02.24 10:34:01.553,1.2476,1.24778,3.75,2.25
2012.02.24 10:34:02.830,1.2476,1.24778,2.25,2.25
2012.02.24 10:34:12.567,1.24762,1.24778,1.50,1.50
2012.02.24 10:34:13.115,1.24762,1.24778,1.50,1.50
2012.02.24 10:34:13.256,1.24756,1.24777,4.80,2.25
2012.02.24 10:34:14.046,1.24756,1.24774,3.30,1.50
2012.02.24 10:34:14.476,1.24757,1.24776,2.25,3.00
2012.02.24 10:34:17.467,1.24759,1.24777,2.25,1.50
2012.02.24 10:34:17.781,1.24756,1.24774,2.55,1.50
2012.02.24 10:34:18.101,1.24758,1.24779,2.25,3.00
2012.02.24 10:34:18.181,1.24758,1.24779,2.25,3.00
2012.02.24 10:34:20.723,1.24758,1.24779,2.25,3.00
2012.02.24 10:34:21.242,1.24758,1.24779,2.25,2.25
2012.02.24 10:34:22.153,1.24759,1.24778,2.25,2.25
2012.02.24 10:34:23.407,1.24758,1.24776,2.25,2.25
2012.02.24 10:34:23.941,1.2476,1.24781,2.25,4.80
2012.02.24 10:34:24.702,1.24761,1.24776,2.25,1.50
2012.02.24 10:34:24.911,1.24756,1.24774,2.25,1.50
2012.02.24 10:34:24.980,1.24756,1.24774,2.25,2.25
2012.02.24 10:34:25.980,1.24752,1.24771,2.25,1.50
2012.02.24 10:34:26.053,1.24754,1.24773,2.25,4.50
2012.02.24 10:34:27.278,1.24752,1.24771,2.25,1.50
2012.02.24 10:34:27.609,1.2475,1.24769,2.25,4.05
2012.02.24 10:34:28.489,1.2475,1.24771,2.25,4.50
2012.02.24 10:34:28.567,1.2475,1.2477,2.25,1.50
2012.02.24 10:34:32.675,1.24753,1.2477,1.50,1.50
2012.02.24 10:34:34.583,1.24753,1.24769,1.50,1.50
2012.02.24 10:34:34.943,1.2474,1.24759,2.34,1.50
2012.02.24 10:34:35.236,1.2475,1.24767,1.50,1.50
2012.02.24 10:34:35.828,1.2475,1.24769,2.25,2.25
2012.02.24 10:34:36.393,1.24752,1.2477,1.50,1.50
2012.02.24 10:34:36.732,1.2475,1.24769,2.25,2.25
2012.02.24 10:34:37.010,1.24751,1.24771,2.25,2.25
2012.02.24 10:34:37.971,1.24752,1.24768,2.25,1.50
2012.02.24 10:34:38.054,1.24747,1.24767,2.25,3.00
2012.02.24 10:34:38.558,1.24747,1.24765,2.55,1.50
2012.02.24 10:34:40.838,1.24747,1.24766,2.55,2.25
2012.02.24 10:34:43.217,1.24749,1.2477,2.25,3.75
2012.02.24 10:34:44.470,1.24749,1.2477,2.25,3.00
2012.02.24 10:34:46.739,1.24749,1.2477,2.25,3.75
2012.02.24 10:34:48.901,1.24751,1.2477,2.25,2.25
2012.02.24 10:34:49.374,1.24749,1.24767,2.25,2.25
2012.02.24 10:34:52.169,1.24751,1.2477,1.50,2.25
2012.02.24 10:34:52.801,1.24751,1.24769,2.25,1.50
2012.02.24 10:34:53.308,1.24749,1.24767,2.25,1.50
2012.02.24 10:34:53.824,1.24748,1.24767,2.25,2.25
2012.02.24 10:34:54.441,1.24748,1.24767,2.25,2.25
2012.02.24 10:34:57.361,1.24752,1.24771,1.50,4.05
2012.02.24 10:34:57.427,1.24752,1.24771,1.50,4.05
2012.02.24 10:34:57.938,1.2475,1.24769,3.75,2.25
2012.02.24 10:34:58.719,1.24749,1.24767,2.55,2.25
2012.02.24 10:35:00.178,1.24749,1.24766,2.55,1.50
2012.02.24 10:35:00.457,1.24746,1.24766,2.25,2.25
2012.02.24 10:35:02.561,1.24746,1.24766,2.25,2.25
2012.02.24 10:35:02.628,1.24746,1.24766,2.25,2.25
2012.02.24 10:35:04.459,1.24746,1.24764,3.00,1.50
2012.02.24 10:35:04.767,1.24744,1.24762,2.55,1.50
2012.02.24 10:35:05.117,1.24747,1.24765,2.25,2.25
2012.02.24 10:35:06.897,1.24744,1.24762,4.05,1.50
2012.02.24 10:35:08.131,1.24746,1.24764,2.25,3.75
2012.02.24 10:35:08.445,1.24746,1.24767,2.25,2.25
2012.02.24 10:35:08.810,1.24748,1.24764,2.55,1.50
2012.02.24 10:35:08.898,1.24748,1.24766,2.55,2.25
2012.02.24 10:35:09.181,1.24748,1.24764,2.55,1.50
2012.02.24 10:35:12.365,1.24751,1.24767,2.55,1.50
2012.02.24 10:35:13.298,1.24751,1.24766,2.55,1.50
2012.02.24 10:35:13.430,1.24751,1.24764,2.55,1.50
2012.02.24 10:35:13.500,1.24751,1.24766,2.55,3.00
2012.02.24 10:35:13.818,1.24745,1.24765,2.04,2.25
2012.02.24 10:35:14.010,1.24745,1.24765,1.59,1.50
2012.02.24 10:35:14.080,1.24746,1.24767,2.25,4.80
2012.02.24 10:35:15.362,1.24754,1.24773,1.50,1.95
2012.02.24 10:35:15.437,1.24754,1.24773,1.50,1.95
2012.02.24 10:35:15.986,1.24751,1.2477,2.25,2.25
2012.02.24 10:35:17.537,1.24754,1.24773,1.50,1.20
2012.02.24 10:35:18.188,1.24754,1.24774,2.25,2.10
2012.02.24 10:35:18.801,1.24753,1.24774,2.25,2.25
2012.02.24 10:35:18.947,1.24756,1.24775,4.35,3.75
2012.02.24 10:35:19.027,1.24756,1.24775,2.25,3.00
2012.02.24 10:35:19.178,1.24754,1.24772,4.05,2.25
2012.02.24 10:35:20.083,1.24752,1.24771,3.09,2.25
2012.02.24 10:35:20.171,1.24753,1.24772,2.25,2.25
2012.02.24 10:35:24.009,1.24755,1.24774,2.25,3.00
2012.02.24 10:35:24.349,1.24755,1.24774,2.25,2.25
2012.02.24 10:35:24.729,1.24756,1.24776,2.25,2.25
2012.02.24 10:35:26.930,1.24758,1.24777,2.25,3.00
2012.02.24 10:35:27.449,1.24758,1.24777,2.25,3.00
2012.02.24 10:35:27.989,1.24759,1.24778,2.25,1.50
2012.02.24 10:35:30.663,1.24759,1.24781,1.50,2.25
2012.02.24 10:35:31.319,1.24755,1.24777,1.50,2.55
2012.02.24 10:35:38.398,1.24755,1.24777,1.50,3.13
2012.02.24 10:35:38.471,1.24755,1.24775,1.50,2.25
2012.02.24 10:35:38.657,1.24751,1.24773,3.30,2.25
2012.02.24 10:35:38.970,1.24751,1.24776,5.55,2.25
2012.02.24 10:35:40.449,1.24755,1.24777,2.25,4.05
2012.02.24 10:35:41.201,1.24754,1.2477,1.50,2.25
2012.02.24 10:35:41.277,1.24754,1.2477,2.25,1.50
2012.02.24 10:35:41.420,1.24753,1.24772,2.34,2.25
2012.02.24 10:35:41.978,1.24758,1.24775,2.25,1.50
2012.02.24 10:35:43.839,1.24755,1.24775,2.25,1.50
2012.02.24 10:35:44.044,1.24752,1.24771,4.05,1.50
2012.02.24 10:35:44.731,1.2475,1.2477,4.80,1.50
2012.02.24 10:35:45.442,1.2475,1.2477,4.05,2.25
2012.02.24 10:35:47.641,1.24753,1.2477,2.55,2.25
2012.02.24 10:35:48.323,1.24753,1.24772,4.05,2.25
2012.02.24 10:35:48.611,1.24755,1.24772,2.25,1.50
2012.02.24 10:35:51.052,1.24754,1.24772,1.50,1.95
2012.02.24 10:35:51.148,1.24749,1.24768,3.75,2.25
2012.02.24 10:35:51.497,1.24746,1.24765,4.05,2.25
2012.02.24 10:35:52.068,1.24748,1.24767,2.25,2.25
2012.02.24 10:35:52.396,1.24752,1.2477,1.50,3.15
2012.02.24 10:35:53.286,1.24754,1.2477,1.50,3.15
2012.02.24 10:35:55.322,1.24752,1.24764,1.50,1.35
2012.02.24 10:35:55.964,1.24749,1.24757,1.50,2.55
2012.02.24 10:35:56.060,1.24746,1.24762,1.50,1.20
2012.02.24 10:35:58.516,1.24746,1.24762,1.50,1.50
2012.02.24 10:35:59.323,1.24746,1.24764,2.25,3.30
2012.02.24 10:35:59.390,1.2475,1.24764,1.50,3.30
2012.02.24 10:35:59.463,1.2475,1.24764,1.50,1.80
2012.02.24 10:36:00.547,1.2475,1.24769,1.50,3.36
2012.02.24 10:36:01.790,1.24751,1.24768,1.50,1.50
2012.02.24 10:36:02.105,1.24748,1.24768,2.25,1.50
2012.02.24 10:36:02.508,1.24748,1.24768,1.50,1.50
2012.02.24 10:36:02.577,1.24746,1.24767,2.25,2.25
2012.02.24 10:36:03.918,1.24748,1.24766,1.50,2.55
2012.02.24 10:36:07.400,1.24746,1.24766,2.25,4.05
2012.02.24 10:36:07.934,1.24746,1.24764,1.50,2.55
2012.02.24 10:36:09.210,1.24743,1.24761,1.50,1.50
2012.02.24 10:36:11.103,1.24744,1.24763,1.50,1.50
2012.02.24 10:36:11.173,1.24746,1.24764,1.50,4.35
2012.02.24 10:36:11.531,1.24748,1.24764,3.30,1.50
2012.02.24 10:36:12.250,1.24748,1.24763,1.50,1.50
2012.02.24 10:36:15.450,1.24747,1.24765,2.25,2.25
2012.02.24 10:36:21.499,1.24747,1.24768,2.25,3.00
2012.02.24 10:36:21.570,1.2475,1.24768,1.50,1.50
2012.02.24 10:36:21.904,1.24749,1.24767,1.50,2.25
2012.02.24 10:36:21.988,1.24746,1.24767,3.00,2.25
2012.02.24 10:36:23.153,1.24746,1.24766,2.55,2.25
2012.02.24 10:36:23.374,1.24746,1.24766,2.55,2.85
2012.02.24 10:36:23.950,1.24743,1.24764,2.25,2.25
2012.02.24 10:36:24.208,1.24748,1.24765,1.50,1.20
2012.02.24 10:36:25.251,1.24743,1.24762,2.25,2.25
2012.02.24 10:36:27.162,1.24748,1.24767,1.50,3.75
2012.02.24 10:36:27.436,1.24745,1.24766,2.25,2.25
2012.02.24 10:36:29.330,1.24745,1.24765,2.25,1.20
2012.02.24 10:36:30.389,1.24745,1.24766,2.25,2.70
2012.02.24 10:36:31.342,1.24745,1.24764,2.25,1.50
2012.02.24 10:36:31.885,1.24744,1.24763,2.25,1.50
2012.02.24 10:36:35.008,1.24746,1.24764,2.25,1.50
2012.02.24 10:36:35.197,1.24743,1.24764,3.00,2.25
2012.02.24 10:36:36.207,1.24748,1.24766,1.50,2.25
2012.02.24 10:36:36.754,1.24746,1.24765,2.25,2.25
2012.02.24 10:36:41.080,1.24748,1.24766,1.50,2.25
2012.02.24 10:36:41.468,1.24751,1.2477,1.50,3.00
2012.02.24 10:36:41.541,1.24749,1.24768,3.75,2.25
2012.02.24 10:36:43.297,1.2475,1.24771,1.50,3.00
2012.02.24 10:36:44.294,1.24749,1.24769,2.55,2.25
2012.02.24 10:36:45.288,1.24747,1.24766,2.25,1.50
2012.02.24 10:36:47.027,1.24747,1.24766,2.25,1.20
2012.02.24 10:36:48.577,1.24749,1.24767,1.50,1.20
2012.02.24 10:36:52.656,1.24748,1.24766,2.25,2.25
2012.02.24 10:36:54.246,1.24747,1.24764,2.25,1.50
2012.02.24 10:36:54.760,1.24739,1.24757,2.55,1.50
2012.02.24 10:36:55.069,1.24739,1.24755,2.55,1.50
2012.02.24 10:36:55.138,1.24739,1.24758,2.55,3.00
2012.02.24 10:36:55.628,1.2474,1.24758,1.50,3.00
2012.02.24 10:36:56.400,1.24737,1.24756,2.25,2.25
2012.02.24 10:36:57.441,1.24737,1.24758,2.25,3.00
2012.02.24 10:36:59.520,1.24737,1.24758,2.25,3.00
2012.02.24 10:37:00.257,1.24739,1.24759,2.55,2.25
2012.02.24 10:37:00.493,1.24741,1.24759,1.50,2.25
2012.02.24 10:37:00.696,1.24739,1.24757,4.05,2.25
2012.02.24 10:37:01.294,1.2474,1.24759,1.50,2.25
2012.02.24 10:37:04.977,1.24739,1.24757,4.05,2.25
2012.02.24 10:37:07.759,1.24737,1.24756,2.55,2.25
2012.02.24 10:37:09.729,1.24736,1.24757,2.25,2.25
2012.02.24 10:37:10.846,1.24738,1.24756,1.50,2.25
2012.02.24 10:37:14.360,1.24735,1.24755,2.25,2.25
2012.02.24 10:37:15.867,1.24735,1.24754,2.25,2.25
2012.02.24 10:37:18.167,1.24737,1.24756,2.25,1.20
2012.02.24 10:37:21.006,1.2474,1.24758,1.50,3.00
2012.02.24 10:37:21.687,1.2474,1.24758,1.50,3.00
2012.02.24 10:37:26.824,1.24737,1.24758,3.75,2.25
2012.02.24 10:37:27.380,1.24739,1.24757,1.50,1.50
2012.02.24 10:37:37.045,1.2474,1.24759,1.50,1.50
2012.02.24 10:37:41.058,1.24737,1.24758,2.25,2.25
2012.02.24 10:37:41.948,1.24739,1.24759,2.25,2.25
2012.02.24 10:37:42.021,1.24743,1.2476,2.25,2.25
2012.02.24 10:37:43.839,1.24744,1.24763,2.25,3.00
2012.02.24 10:37:43.909,1.24744,1.24763,2.25,3.00
2012.02.24 10:37:44.125,1.24748,1.24764,1.50,1.50
2012.02.24 10:37:44.274,1.24746,1.24765,3.75,1.50
2012.02.24 10:37:44.964,1.24749,1.24765,1.50,1.50
2012.02.24 10:37:45.362,1.24751,1.24765,1.50,1.50
2012.02.24 10:37:47.996,1.24748,1.24765,1.50,1.50
2012.02.24 10:37:51.249,1.24748,1.24762,1.50,1.50
2012.02.24 10:37:51.737,1.24748,1.24764,1.50,1.50
2012.02.24 10:37:53.952,1.24748,1.24762,1.50,1.50
2012.02.24 10:37:54.026,1.24746,1.24764,3.00,1.50
2012.02.24 10:37:54.693,1.24746,1.24765,3.75,2.25
2012.02.24 10:37:55.181,1.24745,1.24762,1.50,1.50
2012.02.24 10:37:55.254,1.24741,1.2476,4.05,2.25
2012.02.24 10:37:56.072,1.24742,1.24763,1.50,3.00
2012.02.24 10:37:57.058,1.24744,1.24762,1.50,1.50
2012.02.24 10:37:58.335,1.24744,1.24763,1.50,1.50
2012.02.24 10:37:58.508,1.24742,1.24762,1.50,3.00
2012.02.24 10:38:00.228,1.24742,1.24762,1.50,3.00
2012.02.24 10:38:00.891,1.24742,1.24762,1.50,2.25
2012.02.24 10:38:01.315,1.24745,1.24763,1.50,3.00
2012.02.24 10:38:02.351,1.24742,1.24762,3.00,3.00
2012.02.24 10:38:02.425,1.24742,1.24762,2.25,2.25
2012.02.24 10:38:02.573,1.24752,1.24764,1.50,1.50
2012.02.24 10:38:02.653,1.24753,1.24764,1.50,1.50
2012.02.24 10:38:03.347,1.24751,1.24766,3.00,1.50
2012.02.24 10:38:03.553,1.24751,1.24767,1.50,1.50
2012.02.24 10:38:04.061,1.24752,1.24767,1.50,1.50
2012.02.24 10:38:04.980,1.2475,1.24767,3.75,1.50
2012.02.24 10:38:06.953,1.2475,1.24767,2.25,1.50
2012.02.24 10:38:08.726,1.24748,1.24769,2.25,2.25
2012.02.24 10:38:09.470,1.2475,1.2477,1.50,1.50
2012.02.24 10:38:17.738,1.2475,1.24769,2.25,1.50
2012.02.24 10:38:17.811,1.24753,1.24769,1.50,1.50
2012.02.24 10:38:18.122,1.24749,1.24768,2.25,3.00
2012.02.24 10:38:18.659,1.24747,1.24766,2.25,2.25
2012.02.24 10:38:19.533,1.24749,1.24767,1.50,2.55
2012.02.24 10:38:19.613,1.24747,1.24765,1.50,1.35
2012.02.24 10:38:19.820,1.24745,1.24763,1.50,2.25
2012.02.24 10:38:20.348,1.24745,1.24765,1.50,2.25
2012.02.24 10:38:20.477,1.24744,1.24763,2.25,2.25
2012.02.24 10:38:21.549,1.24744,1.24764,1.50,2.25
2012.02.24 10:38:21.929,1.24747,1.24765,1.50,3.00
2012.02.24 10:38:22.737,1.24744,1.24765,1.50,3.00
2012.02.24 10:38:23.106,1.24746,1.24765,1.50,1.50
2012.02.24 10:38:23.589,1.24748,1.24766,1.50,4.05
2012.02.24 10:38:23.983,1.2475,1.24763,1.50,1.50
2012.02.24 10:38:24.112,1.24747,1.24763,1.50,1.50
2012.02.24 10:38:24.239,1.2475,1.24765,1.50,1.50
2012.02.24 10:38:24.312,1.24748,1.24765,1.50,1.50
2012.02.24 10:38:24.450,1.2475,1.24763,1.50,1.50
2012.02.24 10:38:26.751,1.24752,1.24769,1.50,1.50
2012.02.24 10:38:28.063,1.2476,1.24774,1.50,2.55
2012.02.24 10:38:28.211,1.2476,1.24776,1.50,1.50
2012.02.24 10:38:28.692,1.2476,1.24777,1.50,1.50
2012.02.24 10:38:30.036,1.2476,1.24779,1.50,2.25
2012.02.24 10:38:30.633,1.24758,1.24777,2.25,2.25
2012.02.24 10:38:33.039,1.24758,1.24777,2.25,3.00
2012.02.24 10:38:33.173,1.24754,1.24773,1.50,1.50
2012.02.24 10:38:33.811,1.24756,1.24773,2.25,1.50
2012.02.24 10:38:33.889,1.2476,1.24778,1.50,1.50
2012.02.24 10:38:34.274,1.24762,1.24779,1.50,2.25
2012.02.24 10:38:34.788,1.24762,1.24778,1.50,1.50
2012.02.24 10:38:35.986,1.24761,1.24777,1.50,1.50
2012.02.24 10:38:36.063,1.24758,1.24777,2.25,1.50
2012.02.24 10:38:37.118,1.24758,1.24776,1.50,1.50
2012.02.24 10:38:37.461,1.24761,1.2478,1.50,2.25
2012.02.24 10:38:37.777,1.24763,1.2478,1.50,1.50
2012.02.24 10:38:38.117,1.24763,1.24782,1.50,2.25
2012.02.24 10:38:38.372,1.24763,1.24782,1.50,2.25
2012.02.24 10:38:39.175,1.24762,1.24783,1.50,3.00
2012.02.24 10:38:40.436,1.2476,1.24781,1.50,2.25
2012.02.24 10:38:40.570,1.2476,1.24778,1.50,2.25
2012.02.24 10:38:41.083,1.24761,1.2478,1.50,2.25
2012.02.24 10:38:41.237,1.24761,1.2478,1.50,2.25
2012.02.24 10:38:42.060,1.24762,1.24783,1.50,7.26
2012.02.24 10:38:42.596,1.24761,1.2478,1.50,2.25
2012.02.24 10:38:43.107,1.2476,1.24778,1.50,2.25
2012.02.24 10:38:45.771,1.24758,1.24779,2.25,4.05
2012.02.24 10:38:46.425,1.24756,1.24775,1.50,2.55
2012.02.24 10:38:46.500,1.24754,1.24773,2.25,2.25
2012.02.24 10:38:46.699,1.24755,1.24773,1.50,2.25
2012.02.24 10:38:47.691,1.24754,1.24773,3.00,2.25
2012.02.24 10:38:50.128,1.24758,1.24779,2.25,4.05
2012.02.24 10:38:53.001,1.24758,1.24779,1.50,2.70
2012.02.24 10:38:53.459,1.24758,1.24779,1.50,2.70
2012.02.24 10:38:54.857,1.24757,1.24776,1.50,2.25
2012.02.24 10:38:55.371,1.24758,1.24779,1.50,2.25
2012.02.24 10:38:55.497,1.24756,1.24776,1.50,1.50
2012.02.24 10:38:57.648,1.24756,1.24777,1.50,2.25
2012.02.24 10:38:59.027,1.24753,1.24773,1.50,2.25
2012.02.24 10:38:59.104,1.24752,1.24768,2.55,2.25
2012.02.24 10:38:59.325,1.24749,1.24768,2.25,2.25
2012.02.24 10:39:00.130,1.24756,1.24774,3.00,3.00
2012.02.24 10:39:00.528,1.24754,1.24774,1.50,3.00
2012.02.24 10:39:00.937,1.24757,1.24772,1.50,1.50
2012.02.24 10:39:01.702,1.24757,1.24772,1.50,1.50
2012.02.24 10:39:02.497,1.24764,1.24777,1.50,1.50
2012.02.24 10:39:02.576,1.24757,1.24778,1.50,3.00
2012.02.24 10:39:03.073,1.2476,1.24778,1.50,3.00
2012.02.24 10:39:03.529,1.2476,1.24774,1.50,1.50
2012.02.24 10:39:03.730,1.24758,1.24775,1.50,1.50
2012.02.24 10:39:04.520,1.24758,1.24776,1.50,1.50
2012.02.24 10:39:06.260,1.24759,1.24777,1.50,1.50
2012.02.24 10:39:06.810,1.24756,1.24776,1.80,3.00
2012.02.24 10:39:06.998,1.24756,1.24776,1.80,3.00
2012.02.24 10:39:07.792,1.24755,1.24772,1.50,2.55
2012.02.24 10:39:08.121,1.24754,1.24769,1.50,4.05
2012.02.24 10:39:08.252,1.24751,1.24769,2.25,4.05
2012.02.24 10:39:08.322,1.24753,1.24769,1.50,2.55
2012.02.24 10:39:08.640,1.24756,1.24773,1.50,1.50
2012.02.24 10:39:09.722,1.24755,1.24773,1.50,1.50
2012.02.24 10:39:11.730,1.24752,1.24773,3.00,2.25
2012.02.24 10:39:12.189,1.2475,1.24771,2.10,2.25
2012.02.24 10:39:12.982,1.24749,1.24767,1.80,2.25
2012.02.24 10:39:13.296,1.24747,1.24767,2.10,2.25
2012.02.24 10:39:14.457,1.24746,1.24765,1.50,2.25
2012.02.24 10:39:15.264,1.24745,1.2476,2.55,2.25
2012.02.24 10:39:15.855,1.24741,1.2476,2.25,4.05
2012.02.24 10:39:15.922,1.24742,1.2476,1.50,2.55
2012.02.24 10:39:17.076,1.24742,1.2476,1.50,2.55
2012.02.24 10:39:17.268,1.24739,1.24757,1.50,2.25
2012.02.24 10:39:17.961,1.24741,1.2476,1.50,4.65
2012.02.24 10:39:18.283,1.24743,1.2476,1.50,2.55
2012.02.24 10:39:18.469,1.24743,1.2476,1.50,2.55
2012.02.24 10:39:20.018,1.24745,1.24762,1.50,3.00
2012.02.24 10:39:20.094,1.24749,1.24762,1.50,3.00
2012.02.24 10:39:20.357,1.24747,1.24762,1.50,2.55
2012.02.24 10:39:20.724,1.24744,1.24761,3.00,2.55
2012.02.24 10:39:22.896,1.24751,1.24764,1.50,2.55
2012.02.24 10:39:24.501,1.2475,1.24768,1.50,3.30
2012.02.24 10:39:25.505,1.24747,1.24764,1.50,2.55
2012.02.24 10:39:25.767,1.2475,1.24768,1.50,2.55
2012.02.24 10:39:26.098,1.24754,1.24773,1.50,1.50
2012.02.24 10:39:26.812,1.24755,1.24775,1.50,2.70
2012.02.24 10:39:27.346,1.24758,1.24775,1.50,2.25
2012.02.24 10:39:28.211,1.24754,1.24774,1.50,2.25
2012.02.24 10:39:28.724,1.24754,1.24774,1.50,3.00
2012.02.24 10:39:29.876,1.24753,1.24771,1.80,2.25
2012.02.24 10:39:30.428,1.24751,1.2477,1.50,2.25
2012.02.24 10:39:30.499,1.24753,1.24772,1.50,3.00
2012.02.24 10:39:30.831,1.24755,1.24774,1.50,2.25
2012.02.24 10:39:31.479,1.24754,1.24773,1.50,1.50
2012.02.24 10:39:32.332,1.24753,1.24771,1.50,2.25
2012.02.24 10:39:32.400,1.2475,1.24771,1.50,2.25
2012.02.24 10:39:32.471,1.24754,1.24773,1.50,1.95
2012.02.24 10:39:32.658,1.24755,1.24773,1.50,1.95
2012.02.24 10:39:32.907,1.24758,1.24773,1.50,1.20
2012.02.24 10:39:33.241,1.24756,1.24774,1.50,1.50
2012.02.24 10:39:33.370,1.24758,1.24774,1.50,1.50
2012.02.24 10:39:34.151,1.24752,1.24772,3.00,2.25
2012.02.24 10:39:34.222,1.24754,1.24774,1.50,1.50
2012.02.24 10:39:34.533,1.24757,1.24776,1.50,2.25
2012.02.24 10:39:34.746,1.24754,1.24773,1.50,1.50
2012.02.24 10:39:34.964,1.24751,1.24771,1.80,2.25
2012.02.24 10:39:35.169,1.24746,1.24765,1.50,2.25
2012.02.24 10:39:35.298,1.24751,1.24766,1.80,2.25
2012.02.24 10:39:35.994,1.24755,1.24771,1.50,1.20
2012.02.24 10:39:36.318,1.24757,1.24776,1.50,4.80
2012.02.24 10:39:36.626,1.24758,1.24778,1.50,3.00
2012.02.24 10:39:36.832,1.2476,1.24778,1.50,3.00
2012.02.24 10:39:37.040,1.24764,1.24782,1.50,2.16
2012.02.24 10:39:37.252,1.24761,1.24781,1.50,1.50
2012.02.24 10:39:37.391,1.2476,1.24779,1.50,2.25
2012.02.24 10:39:37.466,1.24758,1.24777,1.50,2.25
2012.02.24 10:39:38.561,1.24755,1.24775,3.75,2.25
2012.02.24 10:39:39.369,1.24756,1.24775,1.50,2.25
2012.02.24 10:39:39.858,1.24756,1.24775,1.50,2.25
2012.02.24 10:39:41.056,1.24758,1.24777,1.50,2.25
2012.02.24 10:39:44.023,1.24758,1.24777,1.50,2.25
2012.02.24 10:39:44.090,1.24755,1.24774,1.50,2.25
2012.02.24 10:39:44.162,1.24753,1.24774,4.05,2.25
2012.02.24 10:39:44.237,1.24756,1.24774,1.50,2.25
2012.02.24 10:39:44.312,1.24754,1.24774,1.50,2.25
2012.02.24 10:39:44.384,1.24753,1.24774,2.25,4.05
2012.02.24 10:39:45.084,1.24756,1.24774,1.50,2.25
2012.02.24 10:39:45.600,1.24755,1.24774,1.50,2.25
2012.02.24 10:39:46.187,1.24757,1.24775,1.50,1.50
2012.02.24 10:39:46.442,1.24755,1.24774,3.00,2.25
2012.02.24 10:39:48.539,1.24756,1.24774,1.50,2.25
2012.02.24 10:39:49.066,1.24755,1.24775,1.50,1.50
2012.02.24 10:39:49.496,1.24755,1.24774,1.50,1.50
2012.02.24 10:39:49.990,1.24755,1.24773,1.50,2.25
2012.02.24 10:39:50.208,1.24747,1.24768,2.25,2.25
2012.02.24 10:39:50.758,1.24749,1.24769,1.50,3.75
2012.02.24 10:39:51.452,1.24748,1.24767,2.25,2.25
2012.02.24 10:39:52.044,1.24746,1.24766,4.05,2.25
2012.02.24 10:39:52.436,1.24748,1.24767,1.50,2.25
2012.02.24 10:39:52.638,1.24748,1.24767,1.50,3.00
2012.02.24 10:39:53.280,1.24748,1.24767,1.50,2.25
2012.02.24 10:39:54.278,1.24749,1.24769,1.50,1.50
2012.02.24 10:39:54.822,1.24748,1.24767,1.50,2.25
2012.02.24 10:39:54.892,1.24746,1.24765,3.00,2.25
2012.02.24 10:39:55.317,1.24748,1.24766,1.50,2.25
2012.02.24 10:39:56.371,1.24749,1.24768,1.50,2.25
2012.02.24 10:39:58.094,1.24749,1.24768,1.50,3.00
2012.02.24 10:39:58.287,1.24751,1.24768,1.50,1.50
2012.02.24 10:39:58.849,1.24751,1.24767,1.50,1.50
2012.02.24 10:39:59.368,1.24748,1.24767,3.00,1.50
2012.02.24 10:40:00.587,1.24748,1.24767,1.50,1.50
2012.02.24 10:40:01.347,1.24747,1.24766,1.50,2.25
2012.02.24 10:40:02.378,1.24748,1.24767,1.50,2.25
2012.02.24 10:40:02.775,1.2475,1.24767,1.50,1.50
2012.02.24 10:40:03.000,1.2475,1.24768,1.73,2.55
2012.02.24 10:40:03.143,1.24748,1.24767,3.53,2.25
2012.02.24 10:40:03.220,1.24751,1.24767,1.50,3.00
2012.02.24 10:40:03.932,1.24753,1.24767,1.50,1.50
2012.02.24 10:40:04.249,1.24751,1.24769,1.50,2.25
2012.02.24 10:40:05.029,1.24753,1.24771,1.50,4.80
2012.02.24 10:40:05.102,1.24751,1.2477,1.50,2.25
2012.02.24 10:40:05.658,1.24751,1.24767,1.50,1.50
2012.02.24 10:40:05.971,1.24749,1.24767,1.50,1.50
2012.02.24 10:40:06.580,1.24752,1.2477,1.50,1.50
2012.02.24 10:40:06.931,1.24756,1.24772,1.50,2.10
2012.02.24 10:40:07.000,1.24754,1.24772,1.50,2.10
2012.02.24 10:40:07.829,1.24754,1.24771,1.50,1.50
2012.02.24 10:40:08.701,1.24751,1.2477,1.50,1.50
2012.02.24 10:40:09.387,1.24751,1.24772,1.50,2.25
2012.02.24 10:40:09.529,1.24752,1.24771,1.50,3.00
2012.02.24 10:40:10.057,1.24753,1.24772,1.50,3.00
2012.02.24 10:40:10.487,1.24751,1.2477,3.30,2.25
2012.02.24 10:40:11.890,1.24748,1.24767,3.00,2.25
2012.02.24 10:40:12.090,1.24749,1.2477,1.50,2.25
2012.02.24 10:40:12.417,1.24754,1.24769,1.50,1.50
2012.02.24 10:40:12.608,1.24752,1.24766,3.00,1.50
2012.02.24 10:40:13.309,1.24755,1.24772,1.50,1.50
2012.02.24 10:40:13.497,1.24753,1.24771,1.50,2.25
2012.02.24 10:40:14.522,1.24754,1.24772,1.50,1.50
2012.02.24 10:40:14.593,1.24754,1.24769,1.50,1.50
2012.02.24 10:40:15.107,1.2475,1.24769,3.00,2.25
2012.02.24 10:40:15.376,1.24752,1.24768,1.50,1.50
2012.02.24 10:40:15.889,1.24753,1.2477,1.50,1.50
2012.02.24 10:40:16.366,1.24753,1.24774,1.50,3.00
2012.02.24 10:40:17.536,1.24756,1.24774,1.50,1.50
2012.02.24 10:40:19.073,1.24754,1.24773,1.50,2.25
2012.02.24 10:40:20.174,1.2475,1.24771,1.50,2.25
2012.02.24 10:40:20.429,1.2475,1.24771,1.50,2.25
2012.02.24 10:40:20.556,1.24752,1.24772,1.50,2.25
2012.02.24 10:40:21.316,1.24751,1.2477,1.50,2.25
2012.02.24 10:40:22.337,1.24752,1.24773,1.50,3.00
2012.02.24 10:40:23.092,1.24755,1.24773,1.50,3.00
2012.02.24 10:40:23.674,1.24756,1.24774,1.50,2.25
2012.02.24 10:40:24.911,1.24757,1.24774,1.50,1.50
2012.02.24 10:40:25.968,1.24757,1.24773,1.50,1.50
2012.02.24 10:40:26.948,1.24756,1.24773,3.00,1.50
2012.02.24 10:40:27.501,1.24758,1.24773,1.50,1.50
2012.02.24 10:40:28.109,1.24756,1.24771,1.50,1.50
2012.02.24 10:40:28.179,1.24756,1.24771,1.50,1.50
2012.02.24 10:40:28.247,1.24754,1.24771,1.50,1.50
2012.02.24 10:40:29.143,1.24751,1.24769,3.00,2.25
2012.02.24 10:40:29.215,1.24751,1.24769,2.25,2.25
2012.02.24 10:40:29.562,1.24761,1.24778,1.50,1.50
2012.02.24 10:40:29.940,1.24759,1.24778,1.50,4.80
2012.02.24 10:40:30.010,1.24757,1.24778,1.50,4.80
2012.02.24 10:40:30.205,1.24755,1.24773,1.50,1.50
2012.02.24 10:40:30.825,1.2475,1.24768,3.60,2.25
2012.02.24 10:40:30.933,1.24754,1.24773,1.50,3.00
2012.02.24 10:40:31.268,1.24754,1.24773,1.50,3.00
2012.02.24 10:40:31.927,1.24752,1.2477,1.50,2.25
2012.02.24 10:40:32.002,1.24752,1.2477,1.50,2.25
2012.02.24 10:40:32.148,1.24752,1.2477,1.50,2.25
2012.02.24 10:40:32.282,1.2475,1.24769,1.50,2.25
2012.02.24 10:40:32.407,1.24753,1.24772,1.50,2.25
2012.02.24 10:40:33.159,1.24752,1.2477,1.50,2.25
2012.02.24 10:40:34.332,1.24752,1.2477,1.50,2.25
2012.02.24 10:40:34.891,1.24753,1.24772,1.50,2.25
2012.02.24 10:40:35.210,1.24758,1.24775,1.50,1.50
2012.02.24 10:40:35.420,1.24754,1.24775,1.50,3.00
2012.02.24 10:40:35.548,1.24757,1.24775,1.50,3.00
2012.02.24 10:40:35.618,1.24757,1.24775,1.50,3.00
2012.02.24 10:40:36.572,1.24758,1.24775,1.50,1.50
2012.02.24 10:40:38.200,1.24755,1.24776,1.50,2.25
2012.02.24 10:40:39.386,1.24754,1.24773,2.25,2.25
2012.02.24 10:40:40.077,1.24755,1.24773,1.50,2.25
2012.02.24 10:40:40.206,1.24752,1.24772,1.50,2.25
2012.02.24 10:40:40.430,1.24752,1.24772,1.50,2.25
2012.02.24 10:40:40.960,1.24752,1.24772,1.50,2.25
2012.02.24 10:40:41.547,1.24752,1.24772,1.50,2.25
2012.02.24 10:40:42.216,1.24752,1.24772,1.50,2.46
2012.02.24 10:40:44.316,1.24752,1.24772,1.50,2.25
2012.02.24 10:40:45.058,1.24752,1.24772,2.25,2.25
2012.02.24 10:40:45.394,1.24748,1.24767,1.50,2.25
2012.02.24 10:40:45.621,1.24754,1.2477,1.50,1.50
2012.02.24 10:40:46.301,1.24754,1.24773,3.30,2.25
2012.02.24 10:40:46.375,1.24754,1.24773,3.30,2.25
2012.02.24 10:40:46.811,1.24754,1.24773,4.05,2.25
2012.02.24 10:40:46.981,1.24754,1.24771,2.55,1.50
2012.02.24 10:40:47.198,1.24754,1.24774,2.55,3.00
2012.02.24 10:40:47.911,1.24754,1.24774,2.55,3.00
2012.02.24 10:40:48.505,1.24752,1.24773,2.25,2.25
2012.02.24 10:40:51.078,1.24754,1.24774,2.25,1.50
2012.02.24 10:40:51.400,1.24754,1.24774,4.80,3.00
2012.02.24 10:40:51.540,1.24752,1.24773,2.25,2.25
2012.02.24 10:40:52.178,1.24754,1.24772,1.50,2.25
2012.02.24 10:40:53.132,1.24752,1.24771,2.25,2.25
2012.02.24 10:40:53.499,1.24752,1.24771,2.25,2.25
2012.02.24 10:40:54.358,1.24751,1.24769,2.25,1.50
2012.02.24 10:40:54.688,1.24751,1.24769,2.25,1.50
2012.02.24 10:40:55.751,1.2475,1.24768,3.00,1.50
2012.02.24 10:40:55.851,1.2475,1.24771,2.25,2.25
2012.02.24 10:40:55.980,1.2475,1.24771,1.50,2.25
2012.02.24 10:40:57.128,1.24748,1.24768,2.85,2.25
2012.02.24 10:40:57.749,1.24751,1.24769,1.50,4.05
2012.02.24 10:40:58.670,1.24748,1.24768,2.25,2.25
2012.02.24 10:40:59.038,1.24752,1.24769,1.50,3.30
2012.02.24 10:40:59.591,1.24753,1.24769,1.50,1.50
2012.02.24 10:40:59.735,1.24753,1.24768,1.95,1.50
2012.02.24 10:41:00.190,1.24755,1.24772,2.70,1.50
2012.02.24 10:41:01.101,1.24748,1.24766,3.60,2.25
2012.02.24 10:41:02.117,1.2475,1.24768,1.50,1.50
2012.02.24 10:41:02.647,1.24748,1.24768,2.25,1.50
2012.02.24 10:41:02.791,1.24746,1.24766,2.25,1.50
2012.02.24 10:41:03.487,1.24746,1.24766,3.75,1.50
2012.02.24 10:41:03.999,1.24748,1.24767,2.25,1.50
2012.02.24 10:41:07.639,1.24751,1.24767,1.50,1.50
2012.02.24 10:41:08.052,1.24749,1.24767,3.00,2.25
2012.02.24 10:41:10.211,1.24743,1.24761,1.50,1.71
2012.02.24 10:41:10.719,1.2474,1.2476,2.55,2.25
2012.02.24 10:41:11.247,1.2474,1.24759,2.25,2.25
2012.02.24 10:41:11.917,1.24738,1.24757,1.50,2.25
2012.02.24 10:41:13.875,1.2474,1.24761,2.25,2.25
2012.02.24 10:41:14.833,1.24742,1.24761,2.25,1.50
2012.02.24 10:41:16.866,1.2474,1.24761,2.25,3.00
2012.02.24 10:41:17.179,1.24739,1.24756,2.25,1.50
2012.02.24 10:41:19.852,1.24738,1.24754,2.25,1.50
2012.02.24 10:41:20.071,1.24738,1.24757,2.25,4.05
2012.02.24 10:41:20.145,1.24739,1.24759,1.50,1.20
2012.02.24 10:41:20.288,1.24741,1.24756,1.50,2.25
2012.02.24 10:41:20.800,1.2474,1.24759,4.05,2.70
2012.02.24 10:41:22.053,1.2474,1.24759,4.05,2.25
2012.02.24 10:41:22.870,1.24742,1.24761,1.50,2.25
2012.02.24 10:41:23.187,1.24746,1.24764,1.50,1.20
2012.02.24 10:41:23.695,1.24745,1.24763,3.30,2.25
2012.02.24 10:41:24.843,1.24742,1.24762,1.80,2.25
2012.02.24 10:41:25.474,1.24744,1.24762,1.50,2.25
2012.02.24 10:41:26.816,1.24746,1.24764,1.50,1.20
2012.02.24 10:41:27.786,1.24744,1.24763,1.50,2.25
2012.02.24 10:41:33.378,1.24744,1.24763,1.50,2.25
2012.02.24 10:41:33.578,1.2474,1.24761,2.25,2.25
2012.02.24 10:41:33.646,1.2474,1.24761,2.25,2.25
2012.02.24 10:41:35.002,1.2474,1.24757,2.25,1.20
2012.02.24 10:41:38.257,1.2474,1.24758,2.25,1.20
2012.02.24 10:41:38.327,1.24742,1.24758,1.50,1.20
2012.02.24 10:41:40.489,1.2474,1.24761,2.25,2.25
2012.02.24 10:41:41.722,1.24744,1.24759,1.50,1.20
2012.02.24 10:41:42.155,1.24746,1.24759,1.50,1.20
2012.02.24 10:41:42.743,1.24743,1.24762,3.00,2.25
2012.02.24 10:41:44.118,1.24744,1.24764,1.50,2.91
2012.02.24 10:41:44.188,1.24744,1.24764,1.50,1.41
2012.02.24 10:41:44.319,1.24742,1.24763,1.50,2.25
2012.02.24 10:41:45.214,1.24741,1.2476,1.50,2.25
2012.02.24 10:41:45.338,1.24744,1.24763,1.50,2.25
2012.02.24 10:41:45.688,1.24743,1.24763,1.50,1.50
2012.02.24 10:41:45.823,1.24741,1.24762,1.50,2.25
2012.02.24 10:41:45.889,1.24743,1.24763,1.50,1.50
2012.02.24 10:41:46.094,1.24741,1.24762,3.00,2.25
2012.02.24 10:41:46.172,1.24743,1.24762,1.50,1.71
2012.02.24 10:41:46.385,1.24744,1.24763,1.50,2.83
2012.02.24 10:41:47.156,1.24743,1.24761,1.50,2.46
2012.02.24 10:41:47.226,1.24743,1.24761,1.50,2.46
2012.02.24 10:41:47.777,1.24743,1.24761,1.50,2.46
2012.02.24 10:41:47.847,1.2474,1.2476,1.50,2.46
2012.02.24 10:41:47.920,1.2474,1.2476,2.25,2.46
2012.02.24 10:41:48.260,1.24738,1.24757,3.30,2.25
2012.02.24 10:41:49.203,1.24736,1.24755,2.25,2.46
2012.02.24 10:41:49.502,1.24741,1.24756,1.50,1.50
2012.02.24 10:41:49.702,1.24738,1.24756,3.75,1.50
2012.02.24 10:41:50.218,1.24738,1.24756,1.50,3.30
2012.02.24 10:41:51.004,1.24735,1.24754,2.25,3.30
2012.02.24 10:41:51.091,1.24738,1.24754,1.50,1.20
2012.02.24 10:41:51.781,1.24738,1.24756,2.25,1.71
2012.02.24 10:41:55.463,1.24739,1.24756,2.25,1.71
2012.02.24 10:41:56.168,1.2474,1.24756,1.50,1.50
2012.02.24 10:42:00.577,1.24741,1.2476,1.50,1.71
2012.02.24 10:42:01.442,1.24744,1.24759,1.50,2.55
2012.02.24 10:42:01.530,1.24745,1.2476,1.50,1.50
2012.02.24 10:42:01.675,1.24749,1.24766,1.50,2.25
2012.02.24 10:42:02.524,1.24748,1.24763,2.25,1.35
2012.02.24 10:42:02.612,1.24745,1.24764,2.25,2.25
2012.02.24 10:42:03.169,1.24746,1.24765,1.50,1.50
2012.02.24 10:42:03.243,1.24748,1.24765,1.50,1.50
2012.02.24 10:42:03.756,1.24747,1.24767,1.50,2.46
2012.02.24 10:42:04.335,1.24746,1.24765,1.50,2.25
2012.02.24 10:42:07.534,1.24748,1.24767,1.50,2.46
2012.02.24 10:42:07.871,1.2475,1.24768,1.50,1.50
2012.02.24 10:42:09.317,1.24748,1.24767,1.50,3.00
2012.02.24 10:42:11.389,1.24746,1.24766,1.35,2.25
2012.02.24 10:42:12.258,1.24747,1.24766,1.50,2.25
2012.02.24 10:42:13.011,1.24746,1.24766,2.10,2.25
2012.02.24 10:42:13.094,1.24746,1.24766,2.10,2.25
2012.02.24 10:42:13.768,1.24746,1.24766,2.10,2.25
2012.02.24 10:42:17.878,1.24746,1.24766,2.10,2.25
2012.02.24 10:42:18.784,1.24746,1.24766,1.50,2.25
2012.02.24 10:42:18.879,1.24742,1.24759,1.50,2.25
2012.02.24 10:42:19.409,1.24742,1.24758,1.50,1.50
2012.02.24 10:42:19.976,1.24742,1.24758,1.50,1.50
2012.02.24 10:42:20.367,1.2474,1.24757,1.35,2.25
2012.02.24 10:42:21.121,1.24739,1.24755,1.50,1.50
2012.02.24 10:42:21.895,1.24738,1.24755,1.50,2.25
2012.02.24 10:42:24.368,1.24739,1.24759,1.50,2.25
2012.02.24 10:42:24.454,1.2474,1.2476,2.25,2.25
2012.02.24 10:42:24.542,1.24744,1.24762,1.50,2.25
2012.02.24 10:42:25.250,1.24741,1.2476,4.50,2.25
2012.02.24 10:42:26.097,1.24741,1.24758,1.50,2.25
2012.02.24 10:42:26.239,1.24741,1.24758,1.50,2.25
2012.02.24 10:42:26.435,1.24741,1.24756,1.50,2.25
2012.02.24 10:42:26.977,1.24741,1.24756,1.50,2.25
2012.02.24 10:42:28.206,1.24741,1.24756,1.50,2.25
2012.02.24 10:42:28.285,1.24745,1.24762,2.55,2.25
2012.02.24 10:42:29.868,1.24745,1.24761,1.80,2.25
2012.02.24 10:42:30.316,1.24745,1.24761,2.55,2.25
2012.02.24 10:42:31.058,1.24745,1.24761,2.55,2.25
2012.02.24 10:42:31.838,1.24745,1.24761,2.55,2.25
2012.02.24 10:42:34.481,1.24745,1.24761,2.55,2.25
2012.02.24 10:42:34.854,1.24743,1.24761,3.30,2.25
2012.02.24 10:42:35.222,1.2474,1.24756,2.55,1.50
2012.02.24 10:42:35.297,1.24742,1.24756,1.50,1.50
2012.02.24 10:42:35.374,1.24742,1.24763,3.00,2.46
2012.02.24 10:42:35.690,1.24745,1.24763,1.50,2.55
2012.02.24 10:42:35.762,1.24742,1.24761,3.75,2.25
2012.02.24 10:42:36.431,1.24743,1.24764,2.25,4.13
2012.02.24 10:42:36.722,1.2474,1.24752,1.50,1.50
2012.02.24 10:42:36.863,1.24743,1.24761,3.00,2.25
2012.02.24 10:42:37.269,1.24745,1.24765,2.25,2.25
2012.02.24 10:42:38.151,1.24744,1.2476,1.50,2.25
2012.02.24 10:42:38.324,1.24748,1.24766,1.50,3.00
2012.02.24 10:42:38.780,1.24744,1.24763,1.50,2.46
2012.02.24 10:42:39.058,1.24743,1.24754,1.50,1.50
2012.02.24 10:42:39.717,1.24743,1.24757,1.50,1.50
2012.02.24 10:42:40.251,1.24742,1.24758,1.50,2.25
2012.02.24 10:42:40.831,1.24743,1.24758,1.50,1.50
2012.02.24 10:42:41.018,1.24743,1.24756,1.50,1.50
2012.02.24 10:42:41.318,1.24743,1.24759,1.50,1.50
2012.02.24 10:42:42.070,1.24743,1.24763,1.50,2.25
2012.02.24 10:42:42.197,1.24743,1.24763,1.50,2.25
2012.02.24 10:42:42.731,1.24743,1.24763,1.50,2.25
2012.02.24 10:42:44.238,1.24744,1.24765,2.25,3.75
2012.02.24 10:42:45.211,1.24745,1.24764,1.50,3.75
2012.02.24 10:42:47.767,1.24742,1.24763,3.45,2.25
2012.02.24 10:42:48.654,1.24742,1.24763,3.45,2.25
2012.02.24 10:42:48.997,1.24742,1.24763,3.00,2.25
2012.02.24 10:42:49.317,1.24742,1.2476,1.50,2.25
2012.02.24 10:42:49.821,1.24739,1.2476,2.85,3.00
2012.02.24 10:42:49.890,1.24739,1.2476,2.10,3.00
2012.02.24 10:42:50.089,1.24736,1.24756,2.25,2.25
2012.02.24 10:42:50.217,1.24736,1.24756,2.25,2.25
2012.02.24 10:42:50.465,1.24738,1.24755,1.50,2.25
2012.02.24 10:42:51.328,1.24738,1.24757,1.50,2.25
2012.02.24 10:42:51.408,1.24735,1.24756,1.50,3.75
2012.02.24 10:42:51.928,1.24732,1.24753,2.25,3.75
2012.02.24 10:42:52.057,1.24731,1.24751,1.95,2.25
2012.02.24 10:42:52.187,1.24731,1.24751,3.00,2.25
2012.02.24 10:42:52.319,1.24733,1.24751,1.50,2.25
2012.02.24 10:42:52.799,1.24736,1.24754,2.25,1.50
2012.02.24 10:42:53.311,1.24738,1.24757,1.50,2.25
2012.02.24 10:42:54.160,1.24736,1.24755,1.50,2.25
2012.02.24 10:42:59.107,1.24738,1.24757,1.50,2.25
2012.02.24 10:43:00.145,1.24736,1.24755,3.00,2.25
2012.02.24 10:43:01.383,1.24736,1.24755,3.30,2.25
2012.02.24 10:43:04.568,1.24736,1.24755,3.30,2.25
2012.02.24 10:43:05.578,1.24736,1.24755,2.25,2.25
2012.02.24 10:43:06.783,1.24736,1.24755,2.25,2.25
2012.02.24 10:43:10.256,1.24736,1.24755,1.50,2.25
2012.02.24 10:43:10.860,1.24733,1.24754,2.25,2.25
2012.02.24 10:43:13.665,1.24733,1.24754,2.25,2.25
2012.02.24 10:43:14.165,1.24733,1.24754,2.25,2.25
2012.02.24 10:43:16.547,1.24733,1.24754,2.25,2.25
2012.02.24 10:43:17.070,1.24733,1.24754,2.25,2.25
2012.02.24 10:43:17.776,1.24733,1.24754,2.25,2.25
2012.02.24 10:43:17.846,1.24733,1.24754,2.25,2.25
2012.02.24 10:43:18.449,1.24732,1.24752,1.50,2.25
2012.02.24 10:43:18.697,1.24732,1.24752,1.50,2.25
2012.02.24 10:43:18.899,1.24731,1.24752,3.00,2.25
2012.02.24 10:43:19.786,1.24731,1.24752,3.00,2.25
2012.02.24 10:43:20.462,1.24731,1.24752,2.25,2.25
2012.02.24 10:43:22.426,1.2473,1.24748,2.10,2.25
2012.02.24 10:43:24.057,1.2473,1.24749,1.35,2.25
2012.02.24 10:43:25.535,1.2473,1.24751,2.25,2.25
2012.02.24 10:43:25.751,1.2473,1.24746,1.35,2.25
2012.02.24 10:43:26.256,1.2473,1.2475,1.35,2.25
2012.02.24 10:43:27.557,1.2473,1.2475,1.35,2.25
2012.02.24 10:43:27.999,1.2473,1.2475,1.35,2.25
2012.02.24 10:43:29.059,1.24731,1.24751,1.50,3.75
2012.02.24 10:43:31.259,1.2473,1.24746,1.35,2.25
2012.02.24 10:43:31.627,1.24728,1.24744,1.50,1.50
2012.02.24 10:43:31.844,1.2473,1.24749,1.50,5.40
2012.02.24 10:43:31.919,1.24727,1.24748,2.25,2.25
2012.02.24 10:43:32.013,1.24727,1.24748,2.25,2.25
2012.02.24 10:43:32.711,1.24726,1.24745,3.00,1.50
2012.02.24 10:43:33.219,1.24728,1.24746,1.50,2.25
2012.02.24 10:43:34.155,1.24729,1.24749,2.25,1.50
2012.02.24 10:43:35.153,1.24725,1.24744,2.25,1.50
2012.02.24 10:43:35.318,1.24727,1.24746,2.25,4.05
2012.02.24 10:43:35.749,1.2473,1.24749,2.25,2.25
2012.02.24 10:43:36.298,1.24728,1.24745,3.00,1.50
2012.02.24 10:43:37.578,1.24728,1.24745,1.50,1.50
2012.02.24 10:43:38.599,1.24727,1.24748,3.00,2.25
2012.02.24 10:43:39.073,1.2473,1.24749,2.25,2.55
2012.02.24 10:43:42.401,1.24725,1.2475,1.50,2.55
2012.02.24 10:43:43.199,1.24725,1.24748,1.50,3.00
2012.02.24 10:43:44.070,1.24731,1.24748,2.25,2.25
2012.02.24 10:43:44.151,1.24731,1.24751,2.25,1.50
2012.02.24 10:43:44.352,1.24729,1.24748,2.25,1.50
2012.02.24 10:43:44.482,1.24726,1.2475,4.80,2.25
2012.02.24 10:43:44.607,1.24726,1.24747,3.30,1.50
2012.02.24 10:43:45.394,1.24727,1.24749,2.25,2.25
2012.02.24 10:43:49.548,1.24728,1.24747,2.85,1.50
2012.02.24 10:43:50.064,1.24727,1.24745,1.50,1.50
2012.02.24 10:43:50.408,1.24724,1.24741,2.10,1.50
2012.02.24 10:43:51.272,1.24724,1.24744,1.35,2.25
2012.02.24 10:43:54.635,1.24722,1.24742,2.25,1.50
2012.02.24 10:43:55.237,1.24722,1.24737,2.25,1.50
2012.02.24 10:43:55.757,1.24721,1.24738,1.50,1.50
2012.02.24 10:43:55.950,1.24723,1.2474,1.50,3.00
2012.02.24 10:43:56.079,1.24724,1.24742,2.25,2.25
2012.02.24 10:43:56.340,1.24724,1.24744,2.25,2.70
2012.02.24 10:43:56.647,1.24719,1.24737,2.85,1.50
2012.02.24 10:43:57.069,1.2472,1.24739,1.50,1.50
2012.02.24 10:43:57.585,1.24721,1.2474,2.25,1.50
2012.02.24 10:43:58.304,1.24721,1.24741,3.00,1.50
2012.02.24 10:43:58.395,1.24722,1.24743,2.25,2.25
2012.02.24 10:43:58.478,1.24719,1.24737,3.00,1.50
2012.02.24 10:43:59.177,1.24719,1.24737,2.25,1.50
2012.02.24 10:44:00.327,1.24718,1.24736,1.50,1.50
2012.02.24 10:44:00.998,1.24719,1.24737,2.25,1.50
2012.02.24 10:44:01.629,1.24723,1.24737,2.25,1.50
2012.02.24 10:44:01.701,1.24726,1.24744,2.25,3.00
2012.02.24 10:44:02.008,1.24726,1.24744,2.25,1.50
2012.02.24 10:44:02.081,1.24728,1.24747,2.25,2.70
2012.02.24 10:44:02.337,1.24725,1.24744,2.25,1.50
2012.02.24 10:44:02.896,1.24725,1.24744,2.25,2.25
2012.02.24 10:44:03.817,1.24723,1.24742,2.25,1.50
2012.02.24 10:44:05.437,1.24724,1.24745,2.25,2.25
2012.02.24 10:44:06.039,1.24725,1.24744,2.25,1.50
2012.02.24 10:44:06.576,1.24725,1.24744,2.25,2.25
2012.02.24 10:44:06.806,1.24723,1.24741,1.50,1.50
2012.02.24 10:44:07.164,1.24726,1.24743,1.50,1.20
2012.02.24 10:44:07.880,1.24724,1.24741,3.30,3.00
2012.02.24 10:44:08.004,1.24721,1.24741,1.50,1.50
2012.02.24 10:44:08.130,1.24721,1.24741,2.25,1.50
2012.02.24 10:44:08.470,1.24719,1.24738,2.25,1.50
2012.02.24 10:44:08.918,1.24716,1.24736,4.05,1.50
2012.02.24 10:44:10.377,1.24716,1.24735,2.25,1.50
2012.02.24 10:44:10.705,1.24712,1.24731,3.00,1.50
2012.02.24 10:44:10.970,1.24712,1.24731,2.25,1.50
2012.02.24 10:44:11.172,1.24711,1.24732,2.25,3.30
2012.02.24 10:44:11.754,1.24714,1.24733,2.25,1.50
2012.02.24 10:44:12.566,1.24714,1.24734,3.00,1.50
2012.02.24 10:44:12.771,1.24715,1.24736,2.25,1.50
2012.02.24 10:44:15.654,1.24717,1.24738,2.25,3.75
2012.02.24 10:44:16.006,1.24715,1.24736,2.25,1.50
2012.02.24 10:44:18.187,1.24715,1.24736,2.25,1.50
2012.02.24 10:44:18.260,1.24718,1.24738,2.25,1.50
2012.02.24 10:44:19.210,1.24718,1.24736,2.55,1.50
2012.02.24 10:44:20.199,1.24719,1.24737,2.25,1.50
2012.02.24 10:44:20.405,1.2472,1.24739,2.25,2.25
2012.02.24 10:44:24.211,1.24726,1.24742,2.25,1.80
2012.02.24 10:44:24.539,1.24731,1.2475,1.50,2.25
2012.02.24 10:44:24.669,1.24731,1.2475,2.25,2.25
2012.02.24 10:44:26.066,1.24728,1.24749,2.25,1.50
2012.02.24 10:44:27.470,1.24728,1.24749,2.25,1.50
2012.02.24 10:44:28.709,1.24729,1.24749,2.25,2.25
2012.02.24 10:44:28.851,1.24728,1.24746,2.25,1.50
2012.02.24 10:44:28.920,1.24728,1.24746,2.25,3.75
2012.02.24 10:44:28.989,1.24725,1.24744,2.25,1.50
2012.02.24 10:44:29.940,1.24727,1.24746,2.25,4.50
2012.02.24 10:44:30.016,1.24723,1.24744,2.25,2.25
2012.02.24 10:44:32.098,1.24726,1.24745,2.25,2.25
2012.02.24 10:44:32.633,1.24726,1.24745,2.25,3.00
2012.02.24 10:44:33.574,1.24726,1.24744,1.50,1.35
2012.02.24 10:44:34.129,1.24725,1.24744,2.25,2.25
2012.02.24 10:44:34.709,1.24723,1.24742,2.25,1.50
2012.02.24 10:44:35.267,1.24724,1.24745,2.25,2.25
2012.02.24 10:44:37.719,1.24724,1.24745,2.25,2.25
2012.02.24 10:44:38.086,1.24724,1.24745,2.25,2.25
2012.02.24 10:44:38.426,1.24724,1.24745,2.25,2.25
2012.02.24 10:44:38.958,1.24724,1.24745,2.25,2.25
2012.02.24 10:44:39.682,1.24724,1.24745,2.25,2.25
2012.02.24 10:44:41.862,1.24728,1.24749,4.80,3.75
2012.02.24 10:44:42.298,1.24731,1.2475,2.25,3.00
2012.02.24 10:44:43.789,1.24733,1.24751,1.50,2.25
2012.02.24 10:44:47.008,1.24733,1.24751,1.50,2.25
2012.02.24 10:44:47.083,1.24731,1.2475,3.00,2.25
2012.02.24 10:44:47.250,1.24731,1.2475,3.00,2.25
2012.02.24 10:44:47.508,1.24731,1.2475,2.25,2.25
2012.02.24 10:44:48.062,1.24726,1.24747,3.00,2.25
2012.02.24 10:44:48.367,1.24725,1.24745,1.95,2.25
2012.02.24 10:44:49.326,1.24727,1.24746,2.25,2.25
2012.02.24 10:44:50.060,1.24725,1.24742,1.50,1.50
2012.02.24 10:44:50.276,1.24725,1.24745,1.50,1.50
2012.02.24 10:44:52.412,1.24727,1.24746,2.25,2.25
2012.02.24 10:44:54.848,1.24727,1.24746,2.25,2.25
2012.02.24 10:44:55.438,1.24727,1.24746,2.25,2.25
2012.02.24 10:45:04.904,1.24728,1.24749,2.25,2.25
2012.02.24 10:45:07.009,1.24728,1.24749,2.25,3.75
2012.02.24 10:45:07.329,1.24727,1.24748,2.25,2.25
2012.02.24 10:45:07.533,1.24726,1.24744,2.25,1.50
2012.02.24 10:45:08.069,1.24727,1.24746,2.25,2.25
2012.02.24 10:45:09.238,1.24731,1.24745,1.35,1.50
2012.02.24 10:45:09.334,1.24729,1.24749,1.50,3.75
2012.02.24 10:45:09.858,1.24727,1.24747,2.25,2.25
2012.02.24 10:45:10.710,1.24727,1.24747,2.25,1.50
2012.02.24 10:45:10.968,1.24728,1.24746,4.05,1.50
2012.02.24 10:45:11.716,1.24728,1.24746,4.05,1.50
2012.02.24 10:45:11.802,1.24724,1.24744,1.50,1.50
2012.02.24 10:45:12.340,1.24726,1.24745,2.25,1.50
2012.02.24 10:45:13.358,1.24728,1.24746,2.25,1.50
2012.02.24 10:45:15.713,1.24728,1.24745,2.25,2.10
2012.02.24 10:45:16.053,1.24729,1.24748,2.25,2.25
2012.02.24 10:45:16.123,1.24731,1.24752,1.50,3.96
2012.02.24 10:45:16.948,1.24731,1.2475,1.50,3.75
2012.02.24 10:45:17.469,1.24729,1.24749,2.25,2.25
2012.02.24 10:45:18.402,1.24727,1.24747,2.70,2.25
2012.02.24 10:45:18.901,1.24728,1.24749,2.25,2.63
2012.02.24 10:45:19.802,1.24727,1.24745,2.25,2.25
2012.02.24 10:45:20.618,1.2473,1.24749,1.50,2.63
2012.02.24 10:45:20.810,1.24728,1.24747,1.50,2.25
2012.02.24 10:45:21.562,1.24728,1.24747,1.50,2.25
2012.02.24 10:45:22.022,1.24731,1.2475,1.50,2.85
2012.02.24 10:45:22.093,1.24731,1.2475,1.50,2.85
2012.02.24 10:45:22.299,1.24731,1.2475,3.00,2.85
2012.02.24 10:45:22.607,1.24733,1.2475,1.50,1.35
2012.02.24 10:45:22.878,1.24733,1.2475,1.50,1.35
2012.02.24 10:45:22.951,1.2473,1.2475,2.25,1.35
2012.02.24 10:45:23.386,1.2473,1.2475,1.50,1.42
2012.02.24 10:45:24.290,1.24734,1.24753,1.50,1.13
2012.02.24 10:45:25.010,1.24732,1.24753,1.50,2.63
2012.02.24 10:45:25.838,1.24735,1.24751,1.50,1.13
2012.02.24 10:45:28.799,1.24735,1.24751,1.50,3.15
2012.02.24 10:45:28.930,1.24737,1.24751,1.50,1.35
2012.02.24 10:45:29.006,1.24737,1.24753,1.50,2.55
2012.02.24 10:45:30.072,1.24732,1.24753,3.00,4.05
2012.02.24 10:45:32.649,1.24737,1.24751,1.50,3.15
2012.02.24 10:45:32.848,1.24735,1.24751,2.25,3.15
2012.02.24 10:45:32.980,1.24734,1.24749,2.25,2.25
2012.02.24 10:45:33.168,1.24732,1.2475,3.00,3.00
2012.02.24 10:45:33.853,1.24732,1.24751,3.00,5.40
2012.02.24 10:45:34.009,1.24732,1.2475,3.00,1.50
2012.02.24 10:45:34.284,1.24732,1.2475,3.00,1.50
2012.02.24 10:45:35.014,1.24732,1.2475,2.25,1.50
2012.02.24 10:45:38.071,1.24731,1.2475,2.25,1.50
2012.02.24 10:45:38.229,1.24728,1.24748,2.25,2.25
2012.02.24 10:45:38.758,1.24732,1.24749,2.25,1.50
2012.02.24 10:45:40.038,1.24731,1.24747,1.50,1.50
2012.02.24 10:45:40.124,1.24725,1.24745,1.50,2.55
2012.02.24 10:45:40.196,1.24729,1.24745,1.50,2.55
2012.02.24 10:45:40.534,1.24727,1.24744,1.50,1.50
2012.02.24 10:45:41.047,1.24728,1.24744,1.50,1.50
2012.02.24 10:45:41.117,1.24726,1.24744,1.50,1.50
2012.02.24 10:45:42.329,1.24727,1.24744,1.50,1.50
2012.02.24 10:45:42.847,1.24728,1.24744,1.50,1.50
2012.02.24 10:45:43.512,1.24725,1.24744,1.50,3.00
2012.02.24 10:45:43.797,1.24727,1.24744,1.50,1.50
2012.02.24 10:45:44.330,1.24727,1.24745,2.25,2.55
2012.02.24 10:45:44.475,1.24728,1.24746,1.50,1.50
2012.02.24 10:45:45.356,1.2473,1.24746,1.50,2.25
2012.02.24 10:45:45.629,1.24726,1.24744,2.25,2.55
2012.02.24 10:45:46.349,1.24728,1.24744,1.50,2.55
2012.02.24 10:45:46.776,1.24726,1.24743,2.25,3.00
2012.02.24 10:45:47.518,1.24725,1.24743,1.50,1.20
2012.02.24 10:45:48.051,1.24725,1.24745,2.25,1.50
2012.02.24 10:45:49.292,1.24725,1.24745,2.25,2.25
2012.02.24 10:45:49.419,1.2473,1.24745,1.50,2.25
2012.02.24 10:45:50.073,1.24732,1.24745,1.50,1.50
2012.02.24 10:45:50.278,1.24729,1.24745,2.25,1.50
2012.02.24 10:45:50.589,1.24729,1.24748,2.25,2.55
2012.02.24 10:45:51.308,1.24729,1.24748,1.50,1.20
2012.02.24 10:45:51.439,1.24732,1.24749,1.50,1.50
2012.02.24 10:45:51.687,1.24728,1.24749,2.25,3.00
2012.02.24 10:45:51.848,1.2473,1.24749,1.50,1.50
2012.02.24 10:45:52.160,1.24728,1.24747,2.25,2.55
2012.02.24 10:45:54.070,1.24728,1.24748,2.25,2.55
2012.02.24 10:45:54.389,1.24732,1.24749,1.50,1.50
2012.02.24 10:45:55.502,1.24729,1.24748,2.25,2.25
2012.02.24 10:45:56.271,1.24729,1.24747,1.50,1.50
2012.02.24 10:45:58.516,1.2473,1.24749,3.00,2.25
2012.02.24 10:45:59.610,1.24732,1.24751,1.50,2.25
2012.02.24 10:45:59.678,1.24734,1.24752,3.00,3.30
2012.02.24 10:45:59.928,1.24737,1.24753,1.50,2.55
2012.02.24 10:46:00.474,1.24736,1.24751,2.25,1.80
2012.02.24 10:46:05.469,1.24737,1.24753,2.25,2.55
2012.02.24 10:46:11.189,1.24732,1.24751,2.25,1.50
2012.02.24 10:46:11.698,1.2473,1.24751,2.25,2.25
2012.02.24 10:46:12.462,1.24731,1.2475,3.75,1.50
2012.02.24 10:46:13.385,1.24731,1.2475,2.25,1.50
2012.02.24 10:46:13.465,1.24733,1.24752,2.25,4.05
2012.02.24 10:46:21.251,1.24732,1.2475,2.25,1.50
2012.02.24 10:46:21.502,1.24732,1.24752,2.25,2.55
2012.02.24 10:46:22.261,1.24736,1.24752,1.50,2.55
2012.02.24 10:46:22.783,1.24737,1.24752,1.50,2.55
2012.02.24 10:46:23.384,1.24736,1.24752,1.50,2.55
2012.02.24 10:46:23.924,1.24737,1.24752,1.50,2.55
2012.02.24 10:46:24.498,1.24735,1.24752,2.25,2.55
2012.02.24 10:46:24.897,1.24737,1.24752,1.50,2.55
2012.02.24 10:46:25.513,1.24736,1.24752,1.50,2.55
2012.02.24 10:46:26.330,1.24729,1.24747,1.50,4.35
2012.02.24 10:46:26.423,1.24732,1.24749,2.25,1.50
2012.02.24 10:46:26.951,1.24734,1.2475,1.50,2.55
2012.02.24 10:46:27.203,1.24731,1.2475,2.25,4.05
2012.02.24 10:46:27.399,1.24728,1.24749,2.25,2.25
2012.02.24 10:46:27.949,1.2473,1.24749,1.50,2.85
2012.02.24 10:46:29.343,1.24728,1.24748,2.25,2.25
2012.02.24 10:46:31.572,1.24728,1.24748,1.50,2.55
2012.02.24 10:46:31.982,1.24727,1.24739,2.25,1.50
2012.02.24 10:46:32.250,1.24725,1.24741,1.50,1.50
2012.02.24 10:46:32.770,1.24725,1.24744,3.00,2.25
2012.02.24 10:46:33.962,1.24725,1.24744,3.00,2.25
2012.02.24 10:46:34.033,1.24725,1.24742,2.25,2.55
2012.02.24 10:46:34.441,1.24723,1.24743,2.25,2.25
2012.02.24 10:46:34.770,1.24732,1.24744,1.50,1.50
2012.02.24 10:46:34.841,1.24732,1.24749,1.50,2.85
2012.02.24 10:46:35.080,1.2473,1.24749,1.50,4.35
2012.02.24 10:46:35.346,1.24726,1.24743,2.25,1.50
2012.02.24 10:46:36.105,1.24724,1.2474,1.50,1.50
2012.02.24 10:46:36.188,1.24724,1.24743,1.50,1.50
2012.02.24 10:46:37.061,1.24721,1.24739,1.50,1.50
2012.02.24 10:46:37.521,1.24724,1.24741,1.50,3.00
2012.02.24 10:46:38.040,1.24724,1.24738,1.50,1.50
2012.02.24 10:46:38.110,1.24724,1.24741,1.50,1.50
2012.02.24 10:46:38.669,1.24724,1.24742,1.50,1.50
2012.02.24 10:46:39.407,1.24724,1.24745,3.00,2.25
2012.02.24 10:46:41.262,1.24726,1.24739,1.50,1.50
2012.02.24 10:46:41.468,1.24723,1.24738,1.50,1.50
2012.02.24 10:46:41.974,1.24722,1.24739,1.50,1.50
2012.02.24 10:46:42.768,1.24717,1.24736,2.25,1.50
2012.02.24 10:46:43.121,1.24716,1.24733,1.50,1.50
2012.02.24 10:46:43.678,1.24715,1.24733,1.50,1.50
2012.02.24 10:46:43.971,1.24715,1.24736,3.00,3.00
2012.02.24 10:46:44.642,1.24718,1.24737,2.25,3.00
2012.02.24 10:46:45.344,1.24715,1.24735,2.25,1.50
2012.02.24 10:46:45.877,1.24716,1.24736,2.25,3.00
2012.02.24 10:46:46.706,1.24719,1.24737,2.25,1.50
2012.02.24 10:46:48.158,1.24719,1.24737,2.25,1.50
2012.02.24 10:46:48.781,1.2472,1.24739,2.25,3.00
2012.02.24 10:46:50.123,1.24718,1.24737,2.25,1.50
2012.02.24 10:46:50.191,1.24718,1.24737,2.25,1.50
2012.02.24 10:46:50.504,1.24718,1.24733,2.25,1.50
2012.02.24 10:46:50.661,1.2472,1.24737,2.25,1.50
2012.02.24 10:46:51.657,1.24721,1.2474,2.25,1.20
2012.02.24 10:46:51.857,1.24719,1.24737,2.25,1.50
2012.02.24 10:46:53.230,1.24719,1.24734,2.25,1.80
2012.02.24 10:46:53.581,1.24717,1.24735,2.25,1.80
2012.02.24 10:46:53.648,1.24717,1.24733,2.25,1.80
2012.02.24 10:46:53.777,1.24717,1.24735,2.25,1.80
2012.02.24 10:47:06.033,1.24714,1.24734,2.25,1.80
2012.02.24 10:47:09.648,1.24716,1.2473,2.25,1.80
2012.02.24 10:47:09.741,1.24718,1.24736,2.25,3.60
2012.02.24 10:47:09.885,1.24712,1.24732,2.25,1.50
2012.02.24 10:47:10.408,1.24716,1.24733,2.25,1.50
2012.02.24 10:47:10.482,1.24716,1.24735,2.25,1.50
2012.02.24 10:47:11.458,1.24714,1.24733,2.25,1.50
2012.02.24 10:47:12.640,1.24714,1.24733,2.25,1.50
2012.02.24 10:47:14.024,1.24714,1.24733,2.25,2.25
2012.02.24 10:47:14.107,1.24714,1.24733,2.25,1.50
2012.02.24 10:47:14.251,1.24714,1.2473,2.25,1.80
2012.02.24 10:47:15.303,1.24713,1.24731,2.25,3.30
2012.02.24 10:47:15.860,1.24716,1.24731,2.25,1.80
2012.02.24 10:47:16.253,1.24721,1.24735,1.50,3.30
2012.02.24 10:47:16.522,1.24715,1.24731,2.25,1.50
2012.02.24 10:47:16.731,1.24711,1.24729,2.25,1.50
2012.02.24 10:47:17.349,1.2471,1.24728,2.25,3.15
2012.02.24 10:47:17.427,1.2471,1.24725,2.25,1.80
2012.02.24 10:47:17.827,1.2471,1.24725,2.25,2.55
2012.02.24 10:47:18.220,1.24706,1.24725,2.25,2.55
2012.02.24 10:47:19.308,1.24706,1.24724,2.25,1.50
2012.02.24 10:47:20.459,1.24707,1.24723,2.25,1.80
2012.02.24 10:47:20.542,1.24705,1.2472,2.25,1.80
2012.02.24 10:47:20.818,1.24709,1.24727,2.25,2.55
2012.02.24 10:47:20.949,1.24709,1.24727,2.25,1.80
2012.02.24 10:47:21.326,1.24709,1.24723,2.25,1.80
2012.02.24 10:47:21.872,1.24707,1.24723,2.25,1.80
2012.02.24 10:47:22.308,1.24706,1.24723,2.25,1.80
2012.02.24 10:47:22.380,1.24706,1.24725,2.25,1.50
2012.02.24 10:47:23.009,1.24708,1.24726,2.25,1.50
2012.02.24 10:47:23.085,1.24707,1.24725,1.20,1.50
2012.02.24 10:47:23.293,1.24707,1.24726,2.70,3.00
2012.02.24 10:47:23.608,1.24704,1.24724,3.08,1.80
2012.02.24 10:47:24.280,1.24706,1.24724,2.25,1.80
2012.02.24 10:47:24.829,1.24706,1.24726,2.25,4.65
2012.02.24 10:47:24.898,1.24705,1.24724,2.25,1.50
2012.02.24 10:47:26.859,1.24702,1.24722,1.50,1.50
2012.02.24 10:47:27.254,1.24708,1.24724,2.25,1.80
2012.02.24 10:47:27.789,1.24707,1.24725,2.25,1.80
2012.02.24 10:47:28.536,1.24709,1.24725,2.25,1.80
2012.02.24 10:47:28.861,1.24709,1.24727,2.25,2.25
2012.02.24 10:47:29.398,1.24709,1.24728,2.25,4.05
2012.02.24 10:47:29.664,1.24707,1.24726,2.25,1.50
2012.02.24 10:47:30.709,1.24708,1.24727,2.25,2.55
2012.02.24 10:47:30.782,1.2471,1.24727,2.25,2.55
2012.02.24 10:47:33.226,1.2471,1.24727,2.25,1.80
2012.02.24 10:47:33.780,1.2471,1.24728,2.25,2.55
2012.02.24 10:47:34.086,1.24708,1.24724,2.25,2.55
2012.02.24 10:47:34.677,1.24708,1.24724,2.25,1.80
2012.02.24 10:47:34.999,1.24708,1.24721,1.50,1.80
2012.02.24 10:47:38.080,1.24707,1.24721,2.25,1.80
2012.02.24 10:47:46.537,1.24708,1.24721,1.50,1.80
2012.02.24 10:47:49.690,1.24706,1.24723,2.25,1.80
2012.02.24 10:47:50.027,1.24705,1.24719,2.25,1.80
2012.02.24 10:47:53.020,1.24702,1.24719,2.25,1.80
2012.02.24 10:47:57.105,1.24701,1.24719,2.25,2.25
2012.02.24 10:47:58.951,1.24705,1.2472,2.25,2.55
2012.02.24 10:47:59.021,1.24703,1.2472,2.25,2.55
2012.02.24 10:48:01.208,1.24704,1.24725,2.25,3.45
2012.02.24 10:48:01.343,1.24709,1.24726,2.25,3.60
2012.02.24 10:48:02.411,1.24709,1.24726,2.25,2.55
2012.02.24 10:48:02.937,1.2471,1.24727,2.25,2.55
2012.02.24 10:48:03.695,1.24708,1.24726,2.25,1.50
2012.02.24 10:48:04.031,1.24717,1.24727,1.50,2.55
2012.02.24 10:48:04.301,1.24724,1.24738,1.50,1.71
2012.02.24 10:48:04.627,1.24721,1.24739,2.25,2.25
2012.02.24 10:48:05.474,1.2472,1.24739,2.25,3.00
2012.02.24 10:48:06.409,1.2472,1.24739,2.25,3.00
2012.02.24 10:48:09.000,1.24722,1.24739,2.25,1.50
2012.02.24 10:48:09.488,1.24722,1.24739,2.25,1.50
2012.02.24 10:48:09.726,1.24722,1.24739,2.25,1.50
2012.02.24 10:48:10.137,1.24722,1.2474,2.25,2.85
2012.02.24 10:48:10.992,1.24722,1.24738,2.25,1.50
2012.02.24 10:48:12.512,1.24719,1.24739,2.25,3.00
2012.02.24 10:48:13.299,1.24719,1.24739,2.25,1.50
2012.02.24 10:48:14.187,1.24721,1.24737,1.50,2.10
2012.02.24 10:48:14.273,1.24729,1.2475,2.25,2.25
2012.02.24 10:48:14.790,1.24728,1.24748,4.05,1.50
2012.02.24 10:48:15.356,1.24731,1.2475,2.25,3.75
2012.02.24 10:48:17.013,1.24731,1.2475,2.25,2.25
2012.02.24 10:48:23.923,1.24731,1.2475,4.05,1.50
2012.02.24 10:48:24.005,1.24727,1.24739,1.50,1.50
2012.02.24 10:48:24.081,1.24718,1.24739,3.00,1.50
2012.02.24 10:48:24.633,1.24721,1.24741,2.25,4.05
2012.02.24 10:48:27.510,1.24722,1.24741,2.25,4.80
2012.02.24 10:48:28.051,1.24722,1.24738,1.50,1.50
2012.02.24 10:48:28.622,1.24718,1.24738,3.75,1.50
2012.02.24 10:48:37.739,1.24721,1.24739,2.25,2.55
2012.02.24 10:48:38.744,1.24724,1.24739,1.50,2.55
2012.02.24 10:48:39.000,1.24721,1.24739,2.25,2.55
2012.02.24 10:48:39.067,1.24721,1.24739,2.25,2.55
2012.02.24 10:48:39.201,1.24721,1.24739,1.50,2.55
2012.02.24 10:48:39.612,1.24724,1.2474,1.50,1.50
2012.02.24 10:48:39.685,1.24721,1.24738,2.25,2.25
2012.02.24 10:48:43.003,1.24719,1.24738,2.25,3.75
2012.02.24 10:48:43.677,1.24717,1.24737,3.00,4.05
2012.02.24 10:48:45.284,1.24719,1.24738,2.25,2.25
2012.02.24 10:48:53.211,1.24721,1.24739,2.25,2.55
2012.02.24 10:48:53.286,1.24723,1.24742,1.50,7.65
2012.02.24 10:48:53.661,1.2472,1.24741,4.50,2.25
2012.02.24 10:48:54.771,1.24719,1.24738,1.50,2.55
2012.02.24 10:48:55.039,1.24719,1.24738,1.50,2.55
2012.02.24 10:48:56.124,1.24721,1.24738,2.25,1.80
2012.02.24 10:48:56.650,1.24724,1.24743,2.25,2.55
2012.02.24 10:48:57.620,1.2472,1.24738,2.25,3.30
2012.02.24 10:48:58.174,1.24721,1.24738,2.25,1.80
2012.02.24 10:49:00.619,1.24721,1.24738,2.25,1.80
2012.02.24 10:49:01.137,1.24721,1.2474,2.25,4.05
2012.02.24 10:49:01.766,1.24725,1.24741,2.25,2.55
2012.02.24 10:49:06.841,1.2472,1.24739,2.25,1.50
2012.02.24 10:49:07.396,1.2472,1.24739,2.25,1.50
2012.02.24 10:49:09.130,1.24722,1.2474,2.25,2.55
2012.02.24 10:49:09.698,1.24722,1.24741,2.25,2.25
2012.02.24 10:49:10.179,1.24722,1.24741,2.25,2.25
2012.02.24 10:49:10.981,1.24728,1.24745,1.50,1.50
2012.02.24 10:49:11.528,1.24728,1.24746,1.50,1.50
2012.02.24 10:49:11.852,1.24731,1.24748,1.50,1.50
2012.02.24 10:49:12.180,1.24729,1.24748,1.50,1.50
2012.02.24 10:49:12.429,1.24731,1.2475,1.50,2.25
2012.02.24 10:49:15.252,1.24729,1.24748,1.50,2.25
2012.02.24 10:49:15.320,1.24727,1.24748,2.25,2.25
2012.02.24 10:49:15.768,1.24729,1.24748,1.50,3.15
2012.02.24 10:49:16.399,1.24732,1.24748,1.50,2.55
2012.02.24 10:49:16.944,1.24733,1.24751,1.50,1.50
2012.02.24 10:49:17.264,1.24729,1.2475,1.50,2.25
2012.02.24 10:49:17.810,1.24731,1.24751,1.50,3.00
2012.02.24 10:49:19.911,1.24733,1.2475,1.50,1.50
2012.02.24 10:49:20.117,1.24727,1.24744,2.25,2.55
2012.02.24 10:49:20.391,1.24727,1.24748,2.25,2.25
2012.02.24 10:49:20.465,1.24729,1.24749,1.50,2.25
2012.02.24 10:49:20.782,1.2473,1.24749,1.50,2.25
2012.02.24 10:49:21.093,1.2473,1.24749,1.50,2.25
2012.02.24 10:49:21.157,1.24732,1.2475,1.50,3.30
2012.02.24 10:49:21.948,1.24728,1.24747,1.50,2.25
2012.02.24 10:49:22.971,1.24728,1.24744,1.50,2.25
2012.02.24 10:49:23.546,1.24723,1.24742,1.50,2.25
2012.02.24 10:49:24.030,1.24728,1.24746,1.50,2.85
2012.02.24 10:49:24.117,1.24725,1.24746,2.25,4.05
2012.02.24 10:49:24.831,1.24727,1.24747,1.50,2.25
2012.02.24 10:49:24.919,1.24722,1.24743,3.00,4.05
2012.02.24 10:49:25.136,1.2472,1.24739,2.25,3.30
2012.02.24 10:49:25.216,1.24718,1.24736,3.08,1.50
2012.02.24 10:49:25.674,1.24719,1.2474,2.25,2.25
2012.02.24 10:49:26.632,1.24724,1.24741,1.50,3.15
2012.02.24 10:49:26.973,1.24724,1.24741,2.25,2.40
2012.02.24 10:49:27.306,1.24725,1.24745,1.50,4.11
2012.02.24 10:49:27.386,1.24723,1.24741,2.25,2.25
2012.02.24 10:49:27.921,1.2472,1.24741,2.25,2.25
2012.02.24 10:49:28.704,1.24717,1.24738,2.25,3.00
2012.02.24 10:49:28.991,1.24715,1.24734,1.20,3.75
2012.02.24 10:49:29.533,1.24717,1.24737,2.25,2.25
2012.02.24 10:49:29.604,1.24717,1.24738,2.25,3.00
2012.02.24 10:49:30.980,1.24717,1.24738,2.25,5.25
2012.02.24 10:49:32.748,1.24715,1.24736,2.25,1.50
2012.02.24 10:49:33.550,1.24715,1.24736,2.25,2.25
2012.02.24 10:49:33.638,1.24719,1.24733,2.25,1.80
2012.02.24 10:49:33.782,1.24719,1.24736,2.25,3.30
2012.02.24 10:49:40.535,1.2472,1.24737,2.25,1.50
2012.02.24 10:49:40.616,1.24723,1.2474,2.25,2.55
2012.02.24 10:49:40.972,1.24726,1.24741,1.50,1.50
2012.02.24 10:49:41.170,1.24726,1.24743,2.25,1.50
2012.02.24 10:49:41.915,1.24722,1.2474,2.25,2.25
2012.02.24 10:49:42.557,1.24722,1.2474,2.25,2.25
2012.02.24 10:49:44.141,1.24722,1.2474,2.25,1.50
2012.02.24 10:49:44.884,1.24722,1.24743,2.25,3.00
2012.02.24 10:49:45.729,1.24726,1.24744,2.25,1.50
2012.02.24 10:49:46.424,1.24726,1.24745,2.25,1.50
2012.02.24 10:49:49.185,1.24726,1.24743,1.50,1.50
2012.02.24 10:49:50.087,1.24721,1.2474,4.20,1.50
2012.02.24 10:49:50.533,1.24722,1.24742,2.25,2.25
2012.02.24 10:49:51.001,1.24725,1.24744,2.25,2.25
2012.02.24 10:49:52.364,1.24725,1.24744,2.25,2.25
2012.02.24 10:49:52.848,1.24724,1.24742,2.25,1.50
2012.02.24 10:49:57.436,1.24724,1.24742,2.70,1.50
2012.02.24 10:49:57.514,1.24727,1.24744,1.20,2.25
2012.02.24 10:49:58.152,1.24727,1.24743,3.00,1.50
2012.02.24 10:49:58.218,1.24727,1.24744,1.80,2.25
2012.02.24 10:49:58.926,1.24723,1.24744,2.25,2.25
2012.02.24 10:49:59.005,1.24723,1.24744,2.25,2.25
2012.02.24 10:50:00.409,1.24726,1.24747,2.25,2.25
2012.02.24 10:50:00.752,1.24731,1.24747,1.50,1.50
2012.02.24 10:50:01.567,1.24729,1.24747,1.50,2.25
2012.02.24 10:50:01.652,1.24727,1.24748,2.25,2.25
2012.02.24 10:50:02.168,1.24727,1.24745,2.25,1.50
2012.02.24 10:50:02.303,1.24727,1.24743,2.25,1.50
2012.02.24 10:50:02.652,1.24727,1.2474,2.25,1.80
2012.02.24 10:50:02.723,1.24725,1.24743,1.50,1.50
2012.02.24 10:50:02.798,1.24724,1.24739,2.55,1.50
2012.02.24 10:50:03.416,1.24724,1.24743,2.55,3.75
2012.02.24 10:50:03.504,1.24724,1.2474,1.20,2.25
2012.02.24 10:50:04.629,1.24721,1.24742,3.45,2.25
2012.02.24 10:50:05.002,1.24725,1.24743,1.20,2.25
2012.02.24 10:50:06.155,1.24725,1.24739,1.20,1.50
2012.02.24 10:50:07.334,1.24723,1.24739,1.20,1.50
2012.02.24 10:50:09.018,1.24721,1.24739,1.58,1.50
2012.02.24 10:50:10.000,1.24722,1.24741,2.25,2.25
2012.02.24 10:50:10.595,1.2472,1.24739,4.50,1.50
2012.02.24 10:50:10.948,1.24719,1.24737,2.25,1.50
2012.02.24 10:50:11.032,1.24717,1.24737,3.08,2.25
2012.02.24 10:50:11.106,1.24717,1.24734,2.25,1.50
2012.02.24 10:50:11.582,1.24717,1.24737,2.25,2.25
2012.02.24 10:50:12.333,1.24716,1.24736,2.55,2.25
2012.02.24 10:50:13.055,1.24717,1.24738,2.25,2.25
2012.02.24 10:50:13.673,1.24717,1.24738,2.85,2.25
2012.02.24 10:50:14.022,1.24721,1.24741,2.25,2.25
2012.02.24 10:50:14.758,1.24722,1.24743,1.50,3.00
2012.02.24 10:50:15.255,1.24724,1.24743,1.50,1.50
2012.02.24 10:50:15.612,1.2473,1.24747,1.50,1.50
2012.02.24 10:50:15.922,1.24732,1.2475,1.50,1.50
2012.02.24 10:50:16.838,1.24731,1.24746,1.80,1.50
2012.02.24 10:50:16.922,1.24728,1.24744,2.25,1.50
2012.02.24 10:50:17.304,1.24723,1.24743,1.95,2.25
2012.02.24 10:50:19.714,1.24726,1.24744,2.25,2.25
2012.02.24 10:50:21.598,1.24726,1.24744,2.25,1.50
2012.02.24 10:50:23.474,1.24726,1.24746,2.25,2.25
2012.02.24 10:50:23.541,1.24727,1.24746,2.55,3.75
2012.02.24 10:50:24.239,1.24727,1.24743,2.55,1.50
2012.02.24 10:50:27.556,1.24727,1.24745,4.05,2.25
2012.02.24 10:50:29.296,1.24729,1.24748,1.35,3.00
2012.02.24 10:50:29.380,1.24732,1.24748,2.48,2.25
2012.02.24 10:50:29.808,1.24731,1.24753,4.05,1.35
2012.02.24 10:50:30.481,1.2473,1.24747,1.58,1.50
2012.02.24 10:50:30.831,1.24723,1.24746,1.95,1.50
2012.02.24 10:50:31.407,1.24725,1.24746,1.20,1.50
2012.02.24 10:50:32.403,1.24727,1.24746,3.38,1.50
2012.02.24 10:50:33.453,1.24723,1.24751,2.70,3.30
2012.02.24 10:50:33.980,1.24724,1.24748,1.50,2.55
2012.02.24 10:50:36.720,1.24723,1.24748,1.95,2.55
2012.02.24 10:50:39.835,1.24725,1.24745,1.35,2.55
2012.02.24 10:50:40.127,1.24733,1.2475,1.50,1.50
2012.02.24 10:50:40.457,1.24734,1.24751,1.50,1.50
2012.02.24 10:50:40.601,1.24729,1.2475,2.25,2.25
2012.02.24 10:50:40.862,1.24732,1.24751,1.50,3.00
2012.02.24 10:50:41.690,1.24734,1.2475,1.95,1.50
2012.02.24 10:50:42.021,1.24734,1.2475,1.95,1.50
2012.02.24 10:50:42.220,1.24732,1.24749,1.50,2.25
2012.02.24 10:50:42.721,1.24731,1.24749,2.10,2.25
2012.02.24 10:50:43.310,1.24728,1.24747,3.60,2.25
2012.02.24 10:50:44.093,1.24727,1.24747,1.95,2.25
2012.02.24 10:50:44.629,1.24728,1.24745,1.20,2.25
2012.02.24 10:50:44.766,1.24732,1.2475,1.95,1.50
2012.02.24 10:50:44.914,1.24732,1.2475,1.95,1.50
2012.02.24 10:50:45.072,1.24728,1.24748,5.43,3.00
2012.02.24 10:50:45.999,1.24725,1.24744,2.70,2.25
2012.02.24 10:50:46.077,1.24727,1.24746,1.50,2.25
2012.02.24 10:50:46.359,1.24725,1.24744,1.50,2.25
2012.02.24 10:50:48.062,1.24724,1.24742,1.50,2.55
2012.02.24 10:50:48.311,1.24724,1.24743,1.50,2.25
2012.02.24 10:50:48.647,1.24728,1.24746,1.95,2.25
2012.02.24 10:50:49.738,1.24728,1.24747,2.25,2.25
2012.02.24 10:50:50.066,1.24727,1.24746,2.25,2.25
2012.02.24 10:50:50.792,1.24728,1.24749,1.50,2.25
2012.02.24 10:50:53.293,1.24728,1.24749,1.50,3.75
2012.02.24 10:50:53.430,1.24726,1.24747,1.50,2.25
2012.02.24 10:50:53.747,1.24725,1.24745,1.50,2.25
2012.02.24 10:50:54.423,1.24724,1.24745,4.20,2.25
2012.02.24 10:50:54.738,1.24726,1.24746,1.50,2.25
2012.02.24 10:50:54.872,1.24726,1.24746,2.25,2.25
2012.02.24 10:50:55.589,1.24728,1.24745,1.80,2.25
2012.02.24 10:50:56.393,1.2473,1.2475,1.50,3.00
2012.02.24 10:50:56.919,1.24729,1.24748,1.95,2.25
2012.02.24 10:50:57.702,1.24731,1.24749,1.50,2.25
2012.02.24 10:50:57.768,1.24728,1.24749,3.75,2.25
2012.02.24 10:50:58.677,1.2473,1.2475,1.50,3.00
2012.02.24 10:50:59.070,1.24732,1.2475,1.50,1.50
2012.02.24 10:50:59.389,1.24732,1.2475,1.50,1.50
2012.02.24 10:50:59.744,1.24735,1.2475,1.50,1.50
2012.02.24 10:51:00.448,1.24737,1.24751,3.30,1.50
2012.02.24 10:51:00.767,1.24734,1.24751,1.95,1.50
2012.02.24 10:51:01.020,1.24736,1.24751,1.50,1.50
2012.02.24 10:51:03.215,1.24736,1.24751,1.50,1.50
2012.02.24 10:51:04.242,1.24736,1.24751,1.50,1.50
2012.02.24 10:51:04.316,1.24734,1.2475,1.50,1.50
2012.02.24 10:51:04.393,1.24732,1.2475,3.08,1.50
2012.02.24 10:51:04.462,1.24735,1.2475,1.20,1.50
2012.02.24 10:51:04.790,1.24736,1.2475,1.95,1.50
2012.02.24 10:51:05.829,1.24738,1.2475,1.95,1.50
2012.02.24 10:51:05.913,1.24738,1.24751,1.50,1.50
2012.02.24 10:51:05.987,1.24732,1.2475,1.28,2.25
2012.02.24 10:51:06.069,1.24736,1.24751,1.05,1.50
2012.02.24 10:51:06.285,1.24738,1.2475,1.05,1.50
2012.02.24 10:51:06.504,1.24738,1.24753,1.58,1.50
2012.02.24 10:51:06.703,1.24738,1.24753,1.58,3.00
2012.02.24 10:51:06.850,1.2474,1.24758,1.20,1.50
2012.02.24 10:51:07.558,1.24743,1.24758,1.50,1.50
2012.02.24 10:51:07.642,1.24744,1.24762,1.50,1.50
2012.02.24 10:51:07.784,1.24746,1.24762,1.50,1.50
2012.02.24 10:51:08.040,1.24743,1.24762,1.50,1.50
2012.02.24 10:51:08.110,1.24745,1.24762,1.50,1.50
2012.02.24 10:51:08.769,1.24748,1.24762,1.50,1.50
2012.02.24 10:51:10.128,1.24746,1.24763,1.50,1.50
2012.02.24 10:51:11.794,1.24743,1.24761,3.00,1.50
2012.02.24 10:51:12.137,1.24743,1.24759,1.50,1.50
2012.02.24 10:51:12.801,1.24739,1.24758,2.25,2.55
2012.02.24 10:51:15.445,1.24741,1.24759,2.25,4.50
2012.02.24 10:51:16.031,1.24743,1.24759,1.50,1.50
2012.02.24 10:51:16.565,1.24743,1.24762,1.50,1.50
2012.02.24 10:51:16.639,1.24743,1.2476,1.50,1.50
2012.02.24 10:51:17.050,1.24743,1.2476,1.50,1.50
2012.02.24 10:51:17.898,1.24741,1.24759,1.50,2.25
2012.02.24 10:51:17.975,1.24746,1.2476,1.50,1.50
2012.02.24 10:51:18.110,1.24743,1.2476,1.50,1.50
2012.02.24 10:51:18.649,1.24744,1.2476,1.50,1.50
2012.02.24 10:51:18.722,1.24746,1.2476,1.50,1.50
2012.02.24 10:51:19.077,1.24746,1.24763,2.18,2.25
2012.02.24 10:51:20.007,1.2475,1.24765,1.95,2.25
2012.02.24 10:51:20.091,1.24749,1.24765,1.50,1.50
2012.02.24 10:51:20.609,1.24751,1.24765,1.50,1.50
2012.02.24 10:51:20.681,1.24749,1.24765,1.50,1.50
2012.02.24 10:51:21.361,1.24751,1.24766,1.50,1.50
2012.02.24 10:51:22.187,1.24751,1.24766,1.50,1.50
2012.02.24 10:51:22.441,1.24749,1.24767,1.50,1.71
2012.02.24 10:51:22.584,1.24751,1.24767,1.50,1.71
2012.02.24 10:51:22.989,1.24752,1.24767,3.00,1.71
2012.02.24 10:51:23.064,1.24755,1.24767,1.50,1.71
2012.02.24 10:51:23.388,1.24757,1.24767,1.50,1.71
2012.02.24 10:51:23.528,1.24755,1.24767,1.50,1.71
2012.02.24 10:51:24.525,1.24753,1.24767,1.50,1.71
2012.02.24 10:51:24.663,1.24751,1.24766,1.50,1.71
2012.02.24 10:51:24.730,1.24749,1.24766,1.50,1.71
2012.02.24 10:51:24.872,1.24747,1.24766,3.90,3.00
2012.02.24 10:51:24.943,1.24752,1.24766,1.50,1.50
2012.02.24 10:51:25.071,1.24751,1.24767,1.50,1.71
2012.02.24 10:51:25.215,1.24754,1.24767,1.50,1.71
2012.02.24 10:51:25.669,1.24754,1.24767,1.50,1.71
2012.02.24 10:51:30.220,1.24752,1.24767,1.50,1.71
2012.02.24 10:51:30.750,1.24752,1.24767,2.10,1.71
2012.02.24 10:51:31.078,1.24757,1.24767,1.50,1.71
2012.02.24 10:51:31.414,1.24757,1.24767,2.10,1.71
2012.02.24 10:51:32.170,1.2476,1.24767,1.50,1.50
2012.02.24 10:51:32.320,1.24755,1.24768,2.55,1.25
2012.02.24 10:51:32.782,1.24758,1.24768,1.50,1.25
2012.02.24 10:51:33.175,1.24758,1.2477,1.50,1.42
2012.02.24 10:51:33.253,1.24758,1.24775,2.25,2.17
2012.02.24 10:51:34.040,1.24758,1.24775,2.25,1.42
2012.02.24 10:51:34.121,1.24756,1.24775,2.25,1.42
2012.02.24 10:51:34.999,1.24757,1.24775,2.25,2.17
2012.02.24 10:51:35.546,1.24756,1.24774,2.25,1.42
2012.02.24 10:51:36.781,1.24759,1.24774,1.50,1.42
2012.02.24 10:51:37.351,1.24758,1.24774,1.50,1.42
2012.02.24 10:51:37.860,1.24758,1.24774,1.50,1.42
2012.02.24 10:51:38.383,1.24757,1.24774,2.25,3.67
2012.02.24 10:51:39.983,1.24752,1.24771,2.25,2.17
2012.02.24 10:51:40.324,1.24749,1.24767,1.50,1.50
2012.02.24 10:51:40.533,1.24752,1.24767,2.25,1.50
2012.02.24 10:51:41.429,1.24753,1.24769,2.25,1.50
2012.02.24 10:51:42.080,1.24749,1.24769,4.73,2.25
2012.02.24 10:51:42.328,1.24752,1.24769,3.15,2.25
2012.02.24 10:51:42.840,1.24749,1.24769,1.50,1.50
2012.02.24 10:51:43.945,1.2475,1.2477,2.25,1.42
2012.02.24 10:51:44.209,1.2475,1.2477,2.25,1.42
2012.02.24 10:51:44.471,1.24749,1.24769,1.50,2.25
2012.02.24 10:51:44.961,1.24749,1.24769,1.50,2.25
2012.02.24 10:51:45.771,1.24749,1.24766,3.00,1.50
2012.02.24 10:51:46.410,1.24749,1.24767,1.50,1.50
2012.02.24 10:51:46.962,1.24749,1.24768,1.50,2.25
2012.02.24 10:51:48.105,1.24754,1.24771,1.50,3.22
2012.02.24 10:51:48.455,1.24756,1.2477,1.50,1.42
2012.02.24 10:51:48.539,1.24753,1.2477,2.10,1.42
2012.02.24 10:51:49.281,1.24753,1.2477,2.85,1.42
2012.02.24 10:51:49.371,1.24758,1.2477,1.50,1.42
2012.02.24 10:51:49.441,1.24756,1.2477,1.50,1.42
2012.02.24 10:51:50.277,1.24758,1.24771,1.50,1.42
2012.02.24 10:51:51.279,1.24758,1.24774,2.25,1.42
2012.02.24 10:51:51.772,1.24758,1.24773,2.25,1.42
2012.02.24 10:51:52.324,1.24756,1.24774,2.25,1.42
2012.02.24 10:51:53.007,1.24755,1.2477,1.50,2.17
2012.02.24 10:51:56.047,1.24752,1.24771,1.35,1.42
2012.02.24 10:51:56.379,1.24751,1.2477,1.35,2.92
2012.02.24 10:51:56.581,1.24751,1.24772,4.65,2.92
2012.02.24 10:51:56.850,1.24754,1.2477,1.50,1.42
2012.02.24 10:51:56.926,1.24756,1.2477,1.50,1.42
2012.02.24 10:51:57.429,1.24753,1.24771,1.50,1.42
2012.02.24 10:51:58.460,1.24753,1.24771,2.25,1.42
2012.02.24 10:51:58.812,1.24755,1.24771,3.60,1.42
2012.02.24 10:51:58.938,1.24755,1.24771,2.25,1.42
2012.02.24 10:51:59.828,1.24754,1.24771,1.50,2.92
2012.02.24 10:52:00.413,1.24758,1.2477,1.50,1.42
2012.02.24 10:52:01.063,1.24759,1.2477,1.50,1.42
2012.02.24 10:52:01.134,1.24757,1.2477,2.25,1.42
2012.02.24 10:52:01.780,1.24756,1.24771,2.85,1.42
2012.02.24 10:52:01.971,1.24758,1.2477,1.50,1.42
2012.02.24 10:52:02.170,1.24756,1.2477,2.25,1.42
2012.02.24 10:52:05.910,1.24756,1.24771,2.85,1.42
2012.02.24 10:52:06.060,1.24757,1.24771,2.10,1.42
2012.02.24 10:52:06.520,1.24755,1.24776,1.50,3.75
2012.02.24 10:52:07.224,1.24753,1.24774,3.00,2.25
2012.02.24 10:52:07.310,1.24757,1.24776,2.25,2.55
2012.02.24 10:52:07.699,1.24759,1.2478,2.25,3.00
2012.02.24 10:52:07.833,1.24757,1.24776,3.75,2.25
2012.02.24 10:52:07.900,1.24758,1.24778,1.50,2.25
2012.02.24 10:52:08.413,1.24757,1.24777,2.25,3.75
2012.02.24 10:52:08.480,1.2476,1.24777,2.25,2.25
2012.02.24 10:52:08.621,1.24758,1.24778,1.50,2.25
2012.02.24 10:52:09.681,1.24757,1.24778,3.00,2.25
2012.02.24 10:52:10.201,1.24758,1.24779,2.25,2.25
2012.02.24 10:52:11.122,1.24758,1.24777,2.25,2.25
2012.02.24 10:52:12.071,1.2476,1.2478,1.50,1.88
2012.02.24 10:52:12.153,1.24759,1.24778,1.50,3.58
2012.02.24 10:52:12.234,1.24755,1.24776,2.10,2.25
2012.02.24 10:52:12.307,1.24755,1.24776,1.50,2.25
2012.02.24 10:52:12.664,1.2476,1.24778,2.10,2.25
2012.02.24 10:52:12.871,1.24757,1.24777,3.00,2.25
2012.02.24 10:52:13.581,1.24756,1.24773,1.50,2.25
2012.02.24 10:52:13.665,1.24751,1.24771,3.00,4.05
2012.02.24 10:52:13.990,1.24754,1.24773,2.25,2.25
2012.02.24 10:52:14.298,1.2476,1.24778,1.50,2.25
2012.02.24 10:52:15.721,1.24756,1.24775,2.25,2.25
2012.02.24 10:52:16.579,1.24756,1.24775,2.25,2.25
2012.02.24 10:52:16.724,1.24754,1.24773,3.00,2.25
2012.02.24 10:52:16.970,1.24756,1.24775,1.50,2.25
2012.02.24 10:52:19.047,1.24756,1.24775,2.25,2.25
2012.02.24 10:52:20.485,1.24753,1.24773,2.25,2.25
2012.02.24 10:52:20.618,1.24753,1.24773,2.25,2.25
2012.02.24 10:52:23.651,1.24756,1.24775,1.50,2.25
2012.02.24 10:52:24.013,1.24755,1.24777,2.25,4.80
2012.02.24 10:52:24.360,1.24761,1.24779,1.50,1.50
2012.02.24 10:52:24.914,1.24757,1.24778,2.25,2.25
2012.02.24 10:52:25.816,1.24755,1.24776,2.25,2.25
2012.02.24 10:52:26.454,1.24753,1.24774,3.75,2.25
2012.02.24 10:52:26.971,1.24755,1.24776,2.25,2.25
2012.02.24 10:52:27.044,1.24758,1.24778,1.50,5.55
2012.02.24 10:52:27.386,1.24762,1.24779,1.50,2.25
2012.02.24 10:52:27.535,1.2476,1.24779,1.50,3.75
2012.02.24 10:52:28.549,1.24758,1.24777,2.25,2.25
2012.02.24 10:52:28.740,1.24755,1.24773,4.05,2.25
2012.02.24 10:52:28.873,1.24753,1.24772,3.30,2.25
2012.02.24 10:52:30.827,1.24753,1.24772,3.30,2.25
2012.02.24 10:52:31.357,1.24753,1.24772,3.30,2.25
2012.02.24 10:52:31.427,1.24753,1.24772,3.30,2.25
2012.02.24 10:52:33.598,1.24752,1.24772,1.50,2.25
2012.02.24 10:52:34.117,1.24753,1.24772,1.50,2.25
2012.02.24 10:52:35.460,1.24751,1.24772,3.00,2.25
2012.02.24 10:52:38.789,1.24753,1.24772,3.15,2.25
2012.02.24 10:52:42.116,1.24753,1.24772,1.35,2.25
2012.02.24 10:52:44.054,1.24753,1.24767,1.35,1.50
2012.02.24 10:52:44.676,1.24751,1.24764,3.30,1.50
2012.02.24 10:52:44.765,1.24748,1.24767,1.50,2.25
2012.02.24 10:52:45.309,1.24749,1.24767,1.50,2.25
2012.02.24 10:52:45.881,1.24748,1.24765,1.50,2.25
2012.02.24 10:52:46.450,1.24746,1.24764,1.50,2.25
2012.02.24 10:52:48.448,1.24747,1.24768,3.00,2.25
2012.02.24 10:52:48.579,1.2475,1.24769,1.50,2.25
2012.02.24 10:52:48.902,1.24746,1.24766,2.25,2.25
2012.02.24 10:52:51.919,1.24747,1.24765,2.25,2.25
2012.02.24 10:52:52.169,1.24747,1.24765,2.25,2.25
2012.02.24 10:52:54.097,1.24745,1.24763,2.25,1.50
2012.02.24 10:52:54.887,1.24744,1.24762,1.50,2.25
2012.02.24 10:52:55.039,1.24743,1.2476,1.50,1.50
2012.02.24 10:52:56.444,1.2474,1.24758,1.50,1.50
2012.02.24 10:52:58.507,1.24741,1.24759,2.25,1.50
2012.02.24 10:52:58.911,1.24742,1.24761,2.25,2.25
2012.02.24 10:52:59.583,1.24742,1.24762,1.50,1.50
2012.02.24 10:53:00.329,1.24742,1.24761,3.00,1.50
2012.02.24 10:53:00.540,1.24741,1.24762,2.25,2.25
2012.02.24 10:53:01.295,1.24739,1.2476,4.80,1.50
2012.02.24 10:53:01.369,1.24739,1.2476,3.00,2.25
2012.02.24 10:53:02.468,1.24742,1.24761,2.25,2.25
2012.02.24 10:53:03.698,1.24742,1.24761,2.25,2.25
2012.02.24 10:53:04.067,1.24739,1.24759,2.25,2.55
2012.02.24 10:53:04.473,1.2474,1.24757,1.50,1.50
2012.02.24 10:53:04.670,1.2474,1.24756,1.50,1.50
2012.02.24 10:53:04.929,1.24735,1.24753,1.50,1.50
2012.02.24 10:53:05.081,1.24736,1.24755,3.00,1.50
2012.02.24 10:53:05.151,1.24737,1.24757,2.25,2.25
2012.02.24 10:53:09.436,1.24738,1.24756,2.25,1.50
2012.02.24 10:53:09.815,1.2474,1.24759,2.25,3.75
2012.02.24 10:53:10.524,1.24742,1.24761,1.50,4.20
2012.02.24 10:53:10.607,1.24741,1.24759,2.25,2.25
2012.02.24 10:53:10.859,1.24738,1.24757,4.50,1.50
2012.02.24 10:53:10.990,1.24743,1.2476,2.25,2.25
2012.02.24 10:53:12.869,1.24742,1.2476,1.50,2.25
2012.02.24 10:53:13.483,1.24742,1.2476,1.50,2.25
2012.02.24 10:53:14.309,1.24741,1.24761,1.50,2.25
2012.02.24 10:53:15.551,1.2474,1.24758,2.25,1.50
2012.02.24 10:53:20.389,1.24742,1.24761,2.25,2.25
2012.02.24 10:53:22.437,1.24741,1.24762,2.25,2.25
2012.02.24 10:53:22.599,1.2474,1.2476,2.25,2.25
2012.02.24 10:53:25.249,1.24741,1.24759,1.50,2.25
2012.02.24 10:53:25.795,1.24742,1.24761,1.50,2.25
2012.02.24 10:53:26.437,1.24742,1.24761,1.50,2.25
2012.02.24 10:53:27.420,1.24741,1.24761,3.00,2.25
2012.02.24 10:53:27.568,1.24741,1.24758,3.00,1.35
2012.02.24 10:53:28.251,1.24737,1.24756,2.25,4.05
2012.02.24 10:53:28.461,1.24736,1.24754,3.75,2.25
2012.02.24 10:53:29.688,1.24736,1.24753,1.50,1.50
2012.02.24 10:53:30.217,1.24735,1.24753,1.50,1.50
2012.02.24 10:53:30.883,1.24735,1.24754,3.00,1.50
2012.02.24 10:53:31.425,1.24735,1.24754,2.25,1.50
2012.02.24 10:53:31.795,1.24733,1.24751,4.05,1.50
2012.02.24 10:53:32.145,1.24733,1.24753,1.50,1.50
2012.02.24 10:53:33.396,1.24734,1.24749,2.25,1.50
2012.02.24 10:53:33.480,1.24731,1.24747,1.50,1.50
2012.02.24 10:53:33.688,1.24731,1.2475,1.50,2.25
2012.02.24 10:53:33.949,1.24732,1.24753,2.25,2.25
2012.02.24 10:53:34.302,1.24731,1.2475,2.25,2.25
2012.02.24 10:53:35.023,1.24733,1.24752,2.25,2.25
2012.02.24 10:53:35.101,1.24734,1.24755,2.25,2.25
2012.02.24 10:53:44.567,1.24731,1.2475,2.25,1.50
2012.02.24 10:53:45.084,1.24733,1.24754,2.25,2.25
2012.02.24 10:53:45.222,1.24733,1.24754,4.05,2.85
2012.02.24 10:53:45.576,1.24733,1.24748,1.35,1.50
2012.02.24 10:53:45.660,1.24737,1.24752,1.50,4.05
2012.02.24 10:53:45.735,1.24738,1.24751,2.25,1.80
2012.02.24 10:53:46.455,1.24739,1.24759,2.55,2.70
2012.02.24 10:53:46.760,1.24734,1.24753,3.00,1.50
2012.02.24 10:53:46.906,1.24735,1.24751,1.20,1.50
2012.02.24 10:53:46.984,1.24736,1.24753,1.50,1.50
2012.02.24 10:53:47.189,1.24738,1.24755,1.50,2.25
2012.02.24 10:53:47.332,1.24736,1.24755,2.25,2.25
2012.02.24 10:53:47.461,1.24739,1.24755,1.50,2.25
2012.02.24 10:53:48.577,1.24739,1.24754,1.50,2.25
2012.02.24 10:53:50.034,1.24739,1.24756,1.50,3.75
2012.02.24 10:53:50.646,1.24738,1.24753,1.50,1.50
2012.02.24 10:53:51.582,1.24742,1.24755,1.20,1.50
2012.02.24 10:53:51.670,1.24743,1.24762,2.25,2.25
2012.02.24 10:53:51.822,1.24743,1.24762,4.50,2.25
2012.02.24 10:53:51.905,1.24746,1.24766,3.00,2.25
2012.02.24 10:53:51.979,1.24748,1.24767,1.50,2.25
2012.02.24 10:53:52.271,1.24746,1.24764,1.50,2.85
2012.02.24 10:53:52.342,1.24748,1.24762,1.50,1.50
2012.02.24 10:53:52.485,1.24745,1.24764,2.25,4.65
2012.02.24 10:53:53.096,1.24742,1.24762,2.25,1.50
2012.02.24 10:53:53.421,1.24742,1.24762,2.25,2.25
2012.02.24 10:53:53.550,1.24741,1.24759,3.75,1.50
2012.02.24 10:53:54.071,1.24739,1.24759,1.50,1.50
2012.02.24 10:53:54.568,1.24739,1.2476,3.00,2.25
2012.02.24 10:53:55.625,1.24742,1.2476,2.25,1.50
2012.02.24 10:53:57.620,1.24743,1.24762,2.25,1.50
2012.02.24 10:53:57.941,1.24743,1.24763,2.25,2.25
2012.02.24 10:53:58.073,1.24746,1.24764,1.50,2.25
2012.02.24 10:53:58.140,1.24743,1.24762,2.25,2.25
2012.02.24 10:53:58.409,1.24743,1.24762,2.25,2.25
2012.02.24 10:53:59.391,1.24742,1.24761,2.25,1.50
2012.02.24 10:53:59.528,1.24741,1.24761,2.25,1.50
2012.02.24 10:53:59.868,1.24739,1.2476,2.25,1.50
2012.02.24 10:54:00.278,1.24745,1.24763,1.50,2.25
2012.02.24 10:54:00.679,1.24747,1.24766,1.50,2.25
2012.02.24 10:54:01.461,1.24742,1.24763,3.00,2.25
2012.02.24 10:54:01.746,1.24743,1.2476,2.70,2.55
2012.02.24 10:54:02.088,1.24746,1.24767,2.25,2.25
2012.02.24 10:54:02.592,1.24743,1.24761,3.45,2.25
2012.02.24 10:54:03.261,1.24744,1.24765,2.25,2.25
2012.02.24 10:54:03.615,1.24746,1.24761,1.20,1.80
2012.02.24 10:54:03.950,1.24747,1.24765,3.00,2.25
2012.02.24 10:54:04.020,1.2475,1.24765,1.50,1.50
2012.02.24 10:54:04.421,1.24746,1.24765,3.45,2.25
2012.02.24 10:54:05.035,1.24744,1.24764,1.50,1.50
2012.02.24 10:54:05.185,1.24745,1.24766,2.25,2.25
2012.02.24 10:54:05.391,1.24745,1.24766,2.25,2.25
2012.02.24 10:54:05.904,1.24748,1.24767,2.25,2.25
2012.02.24 10:54:06.219,1.24746,1.24766,2.25,2.25
2012.02.24 10:54:07.379,1.24747,1.24765,1.50,2.25
2012.02.24 10:54:07.467,1.2475,1.2477,2.25,1.35
2012.02.24 10:54:07.551,1.24748,1.24761,2.25,1.50
2012.02.24 10:54:07.823,1.24743,1.24762,1.50,2.25
2012.02.24 10:54:07.966,1.24744,1.24763,2.25,1.50
2012.02.24 10:54:08.304,1.24748,1.24764,1.50,2.55
2012.02.24 10:54:08.446,1.24744,1.24762,1.50,2.25
2012.02.24 10:54:09.093,1.24741,1.24761,2.25,2.25
2012.02.24 10:54:09.173,1.24738,1.24756,1.50,2.25
2012.02.24 10:54:09.662,1.24741,1.24757,1.50,1.50
2012.02.24 10:54:10.184,1.24741,1.2476,2.25,2.25
2012.02.24 10:54:10.396,1.2474,1.24755,1.20,1.50
2012.02.24 10:54:11.086,1.2474,1.24759,2.25,2.25
2012.02.24 10:54:11.190,1.24745,1.24763,1.50,2.25
2012.02.24 10:54:11.391,1.24743,1.24764,2.85,3.00
2012.02.24 10:54:14.437,1.24741,1.24762,2.25,2.25
2012.02.24 10:54:15.579,1.24741,1.24762,2.25,2.25
2012.02.24 10:54:16.197,1.24741,1.24762,2.25,2.25
2012.02.24 10:54:16.947,1.24743,1.24764,2.25,2.25
2012.02.24 10:54:18.167,1.24743,1.24764,1.50,2.25
2012.02.24 10:54:18.300,1.24739,1.24758,4.50,2.25
2012.02.24 10:54:19.458,1.2474,1.24761,3.75,2.25
2012.02.24 10:54:19.670,1.24742,1.2476,2.25,1.50
2012.02.24 10:54:19.871,1.24738,1.24759,2.25,2.25
2012.02.24 10:54:20.648,1.24738,1.24759,2.25,2.25
2012.02.24 10:54:21.545,1.24738,1.24759,2.25,4.80
2012.02.24 10:54:22.084,1.24738,1.24758,2.25,1.50
2012.02.24 10:54:22.238,1.24738,1.24758,2.25,1.50
2012.02.24 10:54:23.406,1.24738,1.24758,2.25,1.50
2012.02.24 10:54:23.841,1.24735,1.24755,4.05,1.50
2012.02.24 10:54:24.398,1.24736,1.24754,2.25,2.25
2012.02.24 10:54:24.936,1.2474,1.24752,2.55,1.50
2012.02.24 10:54:25.595,1.24737,1.24754,1.50,1.50
2012.02.24 10:54:26.142,1.24736,1.24754,2.55,2.25
2012.02.24 10:54:26.219,1.24734,1.2475,1.20,1.50
2012.02.24 10:54:26.428,1.24733,1.24753,3.75,1.50
2012.02.24 10:54:26.561,1.24734,1.24755,2.25,1.50
2012.02.24 10:54:27.346,1.24734,1.24754,2.25,1.50
2012.02.24 10:54:28.211,1.24734,1.24755,2.25,2.25
2012.02.24 10:54:28.544,1.24734,1.24755,2.25,3.00
2012.02.24 10:54:29.047,1.24734,1.24755,2.25,3.00
2012.02.24 10:54:30.119,1.24734,1.24755,2.25,2.25
2012.02.24 10:54:31.880,1.24732,1.24753,2.25,1.50
2012.02.24 10:54:34.867,1.24735,1.24754,2.25,3.75
2012.02.24 10:54:36.139,1.24732,1.24752,3.75,1.50
2012.02.24 10:54:36.506,1.2473,1.2475,2.25,1.50
2012.02.24 10:54:37.409,1.24732,1.24752,2.25,2.25
2012.02.24 10:54:37.557,1.24732,1.2475,3.00,1.50
2012.02.24 10:54:39.790,1.2473,1.2475,2.25,1.50
2012.02.24 10:54:40.060,1.24729,1.24747,1.50,1.50
2012.02.24 10:54:40.700,1.24729,1.24744,1.50,1.50
2012.02.24 10:54:40.782,1.24728,1.24747,3.00,1.80
2012.02.24 10:54:41.304,1.24727,1.24746,3.00,1.50
2012.02.24 10:54:41.661,1.24731,1.2475,2.25,1.50
2012.02.24 10:54:41.792,1.24733,1.24751,2.25,2.70
2012.02.24 10:54:43.281,1.24729,1.2475,2.25,1.50
2012.02.24 10:54:43.551,1.24728,1.24748,2.25,1.50
2012.02.24 10:54:44.572,1.24727,1.24743,2.25,1.50
2012.02.24 10:54:44.719,1.24732,1.2475,2.25,1.50
2012.02.24 10:54:44.803,1.24731,1.24745,2.25,1.50
2012.02.24 10:54:44.882,1.2473,1.24748,2.25,1.50
2012.02.24 10:54:44.959,1.2473,1.24747,2.25,1.80
2012.02.24 10:54:45.584,1.24733,1.2475,1.50,1.50
2012.02.24 10:54:45.946,1.24727,1.24746,2.25,1.50
2012.02.24 10:54:46.669,1.24729,1.24749,2.25,3.75
2012.02.24 10:54:46.797,1.24728,1.24747,2.25,1.50
2012.02.24 10:54:47.346,1.24728,1.24747,2.25,1.50
2012.02.24 10:54:49.020,1.24726,1.24746,3.60,1.50
2012.02.24 10:54:50.971,1.24726,1.24746,2.85,1.50
2012.02.24 10:54:51.188,1.24728,1.24748,3.75,2.25
2012.02.24 10:54:51.767,1.24728,1.24749,3.75,1.50
2012.02.24 10:54:54.038,1.24729,1.24749,1.35,1.50
2012.02.24 10:54:54.897,1.24731,1.24749,1.50,1.50
2012.02.24 10:54:56.908,1.24731,1.24749,1.50,1.50
2012.02.24 10:54:57.558,1.24731,1.2475,3.00,1.50
2012.02.24 10:55:01.255,1.24733,1.24748,1.50,1.50
2012.02.24 10:55:01.906,1.24731,1.2475,2.25,1.50
2012.02.24 10:55:02.701,1.24733,1.24751,2.25,1.50
2012.02.24 10:55:04.968,1.24731,1.2475,2.25,1.50
2012.02.24 10:55:05.706,1.24737,1.24752,1.50,2.25
2012.02.24 10:55:05.990,1.24736,1.24747,1.50,1.50
2012.02.24 10:55:06.060,1.24731,1.24749,2.25,2.25
2012.02.24 10:55:08.007,1.2473,1.2475,2.25,4.80
2012.02.24 10:55:09.000,1.24729,1.24747,2.25,3.00
2012.02.24 10:55:09.504,1.24727,1.24742,1.50,1.50
2012.02.24 10:55:09.648,1.2473,1.24748,1.50,2.55
2012.02.24 10:55:09.795,1.24729,1.24745,2.25,1.80
2012.02.24 10:55:09.874,1.24729,1.2475,3.00,2.25
2012.02.24 10:55:10.607,1.24731,1.24752,2.25,2.25
2012.02.24 10:55:10.913,1.24729,1.24749,1.50,1.50
2012.02.24 10:55:11.348,1.2473,1.24751,2.25,1.50
2012.02.24 10:55:11.599,1.24737,1.24753,1.50,2.25
2012.02.24 10:55:12.313,1.24738,1.24753,1.50,2.25
2012.02.24 10:55:14.911,1.2474,1.24754,1.50,1.50
2012.02.24 10:55:15.253,1.24734,1.24753,1.35,2.25
2012.02.24 10:55:15.329,1.2474,1.24755,1.50,2.25
2012.02.24 10:55:15.406,1.24735,1.24754,2.10,2.25
2012.02.24 10:55:15.625,1.24733,1.24752,2.25,1.50
2012.02.24 10:55:16.451,1.24733,1.24748,1.50,1.50
2012.02.24 10:55:16.530,1.24737,1.24754,2.25,1.80
2012.02.24 10:55:16.601,1.24737,1.24756,2.25,2.25
2012.02.24 10:55:16.878,1.24741,1.24758,1.50,2.25
2012.02.24 10:55:17.182,1.2474,1.24758,2.25,2.25
2012.02.24 10:55:19.722,1.24741,1.24759,2.25,1.50
2012.02.24 10:55:19.788,1.24742,1.24759,2.25,1.50
2012.02.24 10:55:22.739,1.2474,1.2476,2.25,3.00
2012.02.24 10:55:22.879,1.24743,1.24759,1.50,1.50
2012.02.24 10:55:23.927,1.24741,1.24761,2.25,2.25
2012.02.24 10:55:25.496,1.24741,1.24761,2.34,2.25
2012.02.24 10:55:25.859,1.24743,1.24763,2.25,1.50
2012.02.24 10:55:27.074,1.24743,1.24763,1.50,1.50
2012.02.24 10:55:27.145,1.24741,1.2476,2.25,2.25
2012.02.24 10:55:27.847,1.24733,1.24753,1.50,1.50
2012.02.24 10:55:27.922,1.24733,1.24753,1.50,1.50
2012.02.24 10:55:28.112,1.24737,1.24756,2.25,2.25
2012.02.24 10:55:29.011,1.24735,1.24754,2.25,1.50
2012.02.24 10:55:29.352,1.24741,1.24759,2.25,3.00
2012.02.24 10:55:30.223,1.24736,1.24753,1.50,1.50
2012.02.24 10:55:30.293,1.24737,1.24755,2.25,2.25
2012.02.24 10:55:30.781,1.2474,1.24759,1.50,2.25
2012.02.24 10:55:31.293,1.24739,1.24756,1.50,2.25
2012.02.24 10:55:32.168,1.24735,1.24754,2.85,1.50
2012.02.24 10:55:32.511,1.2474,1.2476,1.50,1.50
2012.02.24 10:55:35.789,1.24744,1.2476,1.50,1.50
2012.02.24 10:55:35.962,1.2474,1.2476,2.25,1.50
2012.02.24 10:55:39.278,1.24742,1.24761,1.50,1.50
2012.02.24 10:55:40.115,1.24741,1.2476,1.50,1.50
2012.02.24 10:55:40.453,1.24743,1.24762,1.50,2.25
2012.02.24 10:55:41.547,1.24742,1.2476,1.50,2.25
2012.02.24 10:55:42.067,1.24741,1.24761,1.50,2.25
2012.02.24 10:55:43.099,1.24743,1.24763,1.50,2.25
2012.02.24 10:55:43.725,1.24744,1.24765,1.50,4.80
2012.02.24 10:55:44.331,1.2474,1.24761,2.25,2.25
2012.02.24 10:55:45.111,1.24742,1.24763,1.50,4.50
2012.02.24 10:55:46.303,1.24741,1.24761,1.50,2.25
2012.02.24 10:55:46.887,1.24742,1.24763,1.50,3.00
2012.02.24 10:55:47.192,1.24744,1.24762,1.50,1.50
2012.02.24 10:55:47.320,1.24742,1.24762,1.50,1.50
2012.02.24 10:55:47.453,1.24741,1.2476,2.25,2.25
2012.02.24 10:55:47.960,1.24744,1.24763,2.25,1.50
2012.02.24 10:55:48.300,1.24744,1.24763,2.25,2.25
2012.02.24 10:55:48.370,1.24743,1.24761,2.25,1.50
2012.02.24 10:55:49.666,1.24744,1.24763,2.25,2.25
2012.02.24 10:55:50.114,1.24742,1.24761,1.50,1.50
2012.02.24 10:55:50.676,1.24742,1.24761,1.50,3.00
2012.02.24 10:55:51.401,1.24741,1.24759,1.50,1.50
2012.02.24 10:55:51.960,1.24744,1.24763,2.25,4.80
2012.02.24 10:55:55.294,1.24741,1.24761,2.25,3.30
2012.02.24 10:55:56.819,1.24741,1.2476,2.25,1.50
2012.02.24 10:55:57.199,1.24741,1.24757,2.25,1.80
2012.02.24 10:55:57.760,1.24738,1.24757,2.25,2.55
2012.02.24 10:55:58.018,1.24738,1.24757,2.25,2.55
2012.02.24 10:55:58.570,1.24736,1.24757,2.25,4.80
2012.02.24 10:55:59.087,1.24736,1.24757,2.25,4.05
2012.02.24 10:56:02.791,1.24741,1.24759,2.25,2.25
2012.02.24 10:56:05.302,1.24743,1.24756,2.25,1.80
2012.02.24 10:56:05.444,1.24743,1.24763,2.25,1.50
2012.02.24 10:56:05.513,1.24743,1.24763,2.25,1.50
2012.02.24 10:56:05.792,1.24743,1.24764,2.25,2.25
2012.02.24 10:56:06.116,1.24743,1.24764,2.25,2.25
2012.02.24 10:56:06.660,1.24741,1.24762,2.25,2.25
2012.02.24 10:56:06.791,1.24741,1.24762,2.25,1.50
2012.02.24 10:56:07.408,1.24739,1.2476,2.25,2.25
2012.02.24 10:56:07.940,1.24739,1.24759,2.25,1.50
2012.02.24 10:56:08.158,1.24739,1.24757,2.25,3.15
2012.02.24 10:56:08.441,1.2474,1.2476,2.25,4.05
2012.02.24 10:56:08.694,1.24738,1.24757,2.25,1.50
2012.02.24 10:56:09.307,1.2474,1.24759,2.25,2.25
2012.02.24 10:56:09.841,1.24738,1.24757,2.25,1.50
2012.02.24 10:56:09.984,1.24739,1.24759,3.00,2.25
2012.02.24 10:56:11.795,1.2474,1.24757,1.50,1.50
2012.02.24 10:56:12.781,1.24737,1.24757,3.00,1.50
2012.02.24 10:56:12.970,1.24735,1.24752,1.50,1.50
2012.02.24 10:56:13.511,1.24737,1.24755,1.50,1.50
2012.02.24 10:56:14.044,1.24738,1.24756,2.25,2.25
2012.02.24 10:56:14.561,1.24736,1.24755,3.00,1.50
2012.02.24 10:56:14.634,1.24741,1.24759,2.25,2.25
2012.02.24 10:56:15.288,1.24736,1.24757,3.00,1.50
2012.02.24 10:56:15.794,1.24736,1.24755,3.00,1.05
2012.02.24 10:56:16.002,1.24735,1.24748,2.25,1.50
2012.02.24 10:56:16.077,1.24735,1.24751,2.25,3.30
2012.02.24 10:56:16.603,1.24735,1.24755,2.25,1.20
2012.02.24 10:56:17.376,1.24735,1.24753,1.50,2.25
2012.02.24 10:56:17.459,1.24742,1.2476,1.50,1.50
2012.02.24 10:56:18.046,1.24743,1.2476,1.50,1.50
2012.02.24 10:56:19.059,1.24743,1.24761,1.50,1.50
2012.02.24 10:56:19.280,1.24741,1.24761,1.50,3.00
2012.02.24 10:56:19.348,1.24743,1.24761,1.50,1.50
2012.02.24 10:56:20.098,1.24745,1.24761,1.50,1.50
2012.02.24 10:56:21.183,1.24739,1.24758,1.50,2.25
2012.02.24 10:56:21.368,1.24741,1.2476,1.50,3.00
2012.02.24 10:56:22.141,1.24739,1.24758,3.00,2.25
2012.02.24 10:56:23.041,1.24739,1.24758,1.50,3.75
2012.02.24 10:56:23.112,1.24737,1.24757,1.50,2.25
2012.02.24 10:56:23.918,1.24737,1.24757,1.50,2.25
2012.02.24 10:56:25.930,1.24737,1.24757,2.25,2.55
2012.02.24 10:56:26.003,1.24737,1.24757,2.25,2.55
2012.02.24 10:56:26.215,1.24736,1.24755,2.85,2.25
2012.02.24 10:56:27.728,1.24737,1.24758,1.50,3.75
2012.02.24 10:56:28.064,1.2474,1.24758,1.50,2.25
2012.02.24 10:56:28.248,1.24737,1.24758,1.50,2.25
2012.02.24 10:56:28.319,1.2474,1.24758,1.50,2.25
2012.02.24 10:56:29.300,1.24736,1.24756,2.10,2.25
2012.02.24 10:56:29.376,1.24741,1.24759,1.50,2.55
2012.02.24 10:56:29.594,1.2474,1.24758,1.50,2.55
2012.02.24 10:56:30.131,1.24741,1.24759,1.50,2.25
2012.02.24 10:56:30.261,1.24739,1.24758,3.00,2.25
2012.02.24 10:56:30.463,1.24741,1.2476,1.50,2.25
2012.02.24 10:56:31.178,1.24739,1.24758,1.50,2.25
2012.02.24 10:56:31.728,1.24737,1.24756,2.25,2.25
2012.02.24 10:56:32.245,1.24737,1.24756,2.25,2.25
2012.02.24 10:56:32.778,1.24738,1.24757,1.50,2.55
2012.02.24 10:56:35.523,1.24738,1.24758,1.50,2.55
2012.02.24 10:56:35.650,1.24736,1.24757,1.50,2.25
2012.02.24 10:56:36.785,1.24736,1.24757,1.50,2.25
2012.02.24 10:56:37.380,1.24736,1.24757,3.00,2.25
2012.02.24 10:56:37.995,1.24739,1.24758,1.50,4.05
2012.02.24 10:56:38.867,1.24739,1.24757,1.50,2.55
2012.02.24 10:56:39.075,1.24736,1.24754,2.25,2.55
2012.02.24 10:56:40.992,1.24736,1.24754,1.50,1.50
2012.02.24 10:56:41.504,1.24738,1.24758,1.50,4.80
2012.02.24 10:56:46.041,1.24741,1.24757,1.50,2.55
2012.02.24 10:56:46.512,1.24739,1.24758,1.50,4.80
2012.02.24 10:56:47.197,1.24738,1.24757,1.50,2.25
2012.02.24 10:56:47.713,1.24738,1.24757,1.50,4.05
2012.02.24 10:56:48.786,1.24736,1.24754,5.55,2.25
2012.02.24 10:56:48.867,1.24739,1.24758,1.50,1.50
2012.02.24 10:56:49.502,1.24739,1.24758,1.50,1.50
2012.02.24 10:56:49.581,1.24743,1.2476,1.50,2.25
2012.02.24 10:56:49.724,1.2474,1.24759,3.00,1.50
2012.02.24 10:56:49.909,1.24738,1.24758,3.00,1.50
2012.02.24 10:56:50.712,1.24741,1.24759,1.50,1.50
2012.02.24 10:56:51.688,1.24741,1.24759,1.50,1.50
2012.02.24 10:56:55.970,1.24741,1.2476,1.50,5.55
2012.02.24 10:56:56.225,1.24741,1.24759,1.50,2.55
2012.02.24 10:56:56.300,1.24739,1.24758,1.50,2.25
2012.02.24 10:56:56.372,1.24742,1.2476,1.50,3.75
2012.02.24 10:56:59.449,1.24741,1.2476,1.50,1.50
2012.02.24 10:57:00.070,1.2474,1.2476,1.50,1.50
2012.02.24 10:57:00.937,1.24742,1.2476,1.50,1.50
2012.02.24 10:57:02.090,1.2474,1.2476,1.50,1.50
2012.02.24 10:57:02.231,1.24743,1.2476,1.50,1.50
2012.02.24 10:57:07.483,1.24748,1.2476,1.50,1.50
2012.02.24 10:57:07.617,1.24745,1.24761,1.50,2.55
2012.02.24 10:57:07.750,1.24744,1.24761,2.25,1.80
2012.02.24 10:57:07.821,1.24744,1.24761,2.25,2.55
2012.02.24 10:57:08.323,1.24741,1.24761,2.25,1.80
2012.02.24 10:57:09.914,1.24744,1.24761,2.25,2.55
2012.02.24 10:57:12.671,1.24742,1.2476,2.25,1.50
2012.02.24 10:57:13.249,1.24742,1.24762,2.25,4.80
2012.02.24 10:57:13.819,1.24742,1.2476,2.25,3.30
2012.02.24 10:57:15.550,1.24742,1.24759,2.25,1.50
2012.02.24 10:57:15.620,1.24742,1.24759,2.25,1.50
2012.02.24 10:57:15.767,1.24742,1.24759,2.25,1.50
2012.02.24 10:57:16.551,1.24742,1.24759,2.25,1.50
2012.02.24 10:57:17.061,1.24742,1.2476,2.25,1.50
2012.02.24 10:57:17.759,1.24742,1.24761,2.25,2.55
2012.02.24 10:57:18.554,1.24742,1.2476,2.25,1.50
2012.02.24 10:57:19.073,1.24742,1.2476,2.25,1.50
2012.02.24 10:57:19.138,1.24742,1.2476,2.25,1.50
2012.02.24 10:57:19.853,1.24742,1.24759,2.25,1.50
2012.02.24 10:57:20.457,1.24742,1.24759,2.25,1.50
2012.02.24 10:57:21.861,1.24742,1.24759,2.25,1.50
2012.02.24 10:57:22.862,1.24742,1.24759,2.25,1.50
2012.02.24 10:57:24.677,1.24742,1.2476,2.25,1.50
2012.02.24 10:57:24.810,1.24742,1.2476,2.25,1.50
2012.02.24 10:57:25.348,1.24742,1.24758,1.50,1.50
2012.02.24 10:57:25.855,1.24742,1.24759,2.25,1.80
2012.02.24 10:57:27.831,1.2474,1.24758,2.25,1.50
2012.02.24 10:57:28.158,1.24742,1.24761,2.25,3.00
2012.02.24 10:57:28.547,1.24741,1.24759,2.25,1.50
2012.02.24 10:57:29.807,1.24741,1.24759,2.25,2.25
2012.02.24 10:57:30.143,1.24737,1.24757,4.80,2.25
2012.02.24 10:57:30.943,1.24737,1.24754,2.25,1.80
2012.02.24 10:57:31.283,1.24735,1.24751,2.25,1.50
2012.02.24 10:57:31.356,1.24736,1.24754,2.25,2.55
2012.02.24 10:57:31.573,1.24738,1.24757,1.50,4.05
2012.02.24 10:57:31.717,1.24738,1.24756,1.50,1.50
2012.02.24 10:57:31.941,1.24737,1.24756,1.20,2.25
2012.02.24 10:57:32.560,1.24736,1.24753,2.25,1.80
2012.02.24 10:57:32.641,1.24734,1.24753,1.50,5.55
2012.02.24 10:57:33.189,1.24734,1.24753,1.50,4.05
2012.02.24 10:57:33.320,1.24731,1.24751,1.50,2.25
2012.02.24 10:57:33.529,1.24733,1.24747,1.50,1.80
2012.02.24 10:57:34.473,1.24733,1.24747,1.50,2.55
2012.02.24 10:57:35.089,1.24729,1.24747,1.50,2.55
2012.02.24 10:57:35.175,1.24733,1.24752,2.55,2.25
2012.02.24 10:57:35.265,1.24737,1.24754,1.50,2.25
2012.02.24 10:57:35.462,1.2474,1.24758,1.50,1.50
2012.02.24 10:57:35.537,1.24738,1.24757,1.50,2.25
2012.02.24 10:57:35.610,1.24734,1.24754,3.75,2.25
2012.02.24 10:57:36.132,1.24736,1.24755,1.50,2.25
2012.02.24 10:57:36.833,1.24738,1.24756,1.50,2.25
2012.02.24 10:57:37.610,1.24738,1.24756,1.50,2.25
2012.02.24 10:57:37.750,1.24735,1.24756,1.50,2.25
2012.02.24 10:57:39.915,1.24735,1.24756,3.75,2.25
2012.02.24 10:57:39.979,1.24737,1.24757,2.25,2.25
2012.02.24 10:57:40.191,1.2474,1.24758,1.50,2.25
2012.02.24 10:57:40.263,1.24742,1.2476,1.50,2.85
2012.02.24 10:57:40.999,1.24739,1.24759,1.50,2.25
2012.02.24 10:57:43.859,1.24741,1.24761,1.50,3.00
2012.02.24 10:57:45.062,1.24743,1.24764,1.50,3.00
2012.02.24 10:57:45.193,1.24743,1.24764,1.50,3.00
2012.02.24 10:57:45.264,1.24738,1.24759,4.05,2.25
2012.02.24 10:57:45.335,1.24738,1.24759,1.50,4.80
2012.02.24 10:57:45.409,1.24738,1.24756,1.50,2.25
2012.02.24 10:57:45.693,1.24735,1.2475,2.25,2.25
2012.02.24 10:57:45.766,1.24736,1.24754,1.50,2.25
2012.02.24 10:57:45.845,1.24738,1.24756,1.50,5.55
2012.02.24 10:57:46.122,1.24735,1.24755,3.00,2.25
2012.02.24 10:57:48.690,1.24734,1.24755,2.25,3.00
2012.02.24 10:57:49.228,1.24733,1.24752,2.25,4.05
2012.02.24 10:57:49.568,1.24735,1.24751,1.50,1.50
2012.02.24 10:57:53.496,1.24732,1.24749,3.75,1.50
2012.02.24 10:57:54.016,1.24729,1.24748,2.25,3.75
2012.02.24 10:57:54.736,1.24729,1.24747,2.25,1.50
2012.02.24 10:57:57.401,1.24729,1.24748,2.25,2.25
2012.02.24 10:57:57.681,1.24731,1.24749,1.50,2.25
2012.02.24 10:57:58.481,1.24731,1.24752,2.25,2.25
2012.02.24 10:57:58.768,1.2473,1.24745,2.25,2.25
2012.02.24 10:57:59.125,1.24735,1.24755,1.50,2.25
2012.02.24 10:57:59.202,1.24735,1.24755,1.50,2.25
2012.02.24 10:57:59.271,1.2473,1.24749,2.25,2.25
2012.02.24 10:58:00.471,1.24728,1.24745,2.25,1.50
2012.02.24 10:58:01.011,1.24728,1.24746,1.50,2.25
2012.02.24 10:58:01.330,1.24728,1.24746,1.50,2.25
2012.02.24 10:58:02.852,1.24728,1.24747,2.25,2.25
2012.02.24 10:58:03.377,1.24728,1.24747,2.25,2.25
2012.02.24 10:58:04.871,1.24727,1.24746,1.50,1.50
2012.02.24 10:58:05.864,1.2473,1.24751,2.25,2.25
2012.02.24 10:58:07.124,1.2473,1.24748,1.50,1.35
2012.02.24 10:58:07.255,1.24727,1.24745,2.25,2.25
2012.02.24 10:58:07.956,1.24727,1.24746,2.25,1.50
2012.02.24 10:58:08.041,1.2473,1.24751,2.25,2.25
2012.02.24 10:58:08.668,1.24729,1.24748,1.50,2.25
2012.02.24 10:58:09.120,1.24727,1.24744,2.25,2.55
2012.02.24 10:58:09.649,1.24728,1.24744,1.50,2.55
2012.02.24 10:58:10.022,1.24731,1.24748,1.50,2.55
2012.02.24 10:58:10.340,1.24733,1.24752,1.50,2.25
2012.02.24 10:58:10.530,1.24731,1.2475,1.50,2.25
2012.02.24 10:58:15.052,1.24731,1.24749,1.50,2.55
2012.02.24 10:58:15.639,1.24731,1.2475,2.25,2.25
2012.02.24 10:58:15.785,1.24733,1.24751,1.50,2.55
2012.02.24 10:58:16.054,1.24733,1.2475,3.75,2.55
2012.02.24 10:58:17.089,1.24732,1.24749,2.25,1.80
2012.02.24 10:58:17.590,1.24735,1.2475,1.50,2.55
2012.02.24 10:58:17.720,1.24732,1.2475,2.25,2.55
2012.02.24 10:58:18.502,1.24732,1.24751,2.25,2.55
2012.02.24 10:58:19.370,1.24731,1.2475,2.25,2.25
2012.02.24 10:58:24.821,1.24735,1.24749,1.50,1.50
2012.02.24 10:58:25.229,1.24733,1.2475,2.25,1.50
2012.02.24 10:58:25.358,1.24735,1.2475,1.50,1.50
2012.02.24 10:58:26.294,1.24735,1.2475,2.25,2.55
2012.02.24 10:58:26.485,1.24732,1.24748,1.50,2.25
2012.02.24 10:58:26.553,1.24729,1.24748,1.50,3.00
2012.02.24 10:58:26.801,1.24727,1.24745,1.50,3.75
2012.02.24 10:58:27.286,1.24729,1.24748,2.25,3.30
2012.02.24 10:58:29.665,1.24729,1.24748,2.25,2.55
2012.02.24 10:58:29.944,1.24729,1.24748,1.50,2.25
2012.02.24 10:58:30.082,1.24727,1.24745,3.00,3.30
2012.02.24 10:58:30.211,1.24726,1.24743,2.25,1.50
2012.02.24 10:58:30.826,1.24727,1.24745,1.50,1.50
2012.02.24 10:58:31.451,1.24725,1.24743,2.25,2.25
2012.02.24 10:58:32.355,1.24728,1.24745,1.50,1.50
2012.02.24 10:58:32.782,1.24728,1.24749,2.25,4.80
2012.02.24 10:58:32.981,1.24728,1.24745,2.25,1.50
2012.02.24 10:58:36.459,1.24728,1.24745,2.25,1.50
2012.02.24 10:58:36.770,1.24723,1.24739,1.50,2.25
2012.02.24 10:58:37.022,1.24723,1.24743,2.25,2.25
2012.02.24 10:58:38.127,1.24724,1.24742,1.50,2.25
2012.02.24 10:58:38.219,1.24719,1.24738,1.35,2.25
2012.02.24 10:58:39.161,1.2472,1.24739,2.25,2.25
2012.02.24 10:58:39.480,1.24718,1.24736,1.50,4.05
2012.02.24 10:58:40.878,1.24718,1.24736,2.25,2.55
2012.02.24 10:58:41.442,1.24718,1.24736,2.25,2.55
2012.02.24 10:58:41.999,1.2472,1.24738,2.25,1.20
2012.02.24 10:58:43.457,1.24718,1.24738,2.25,2.25
2012.02.24 10:58:44.331,1.24716,1.24736,2.25,2.55
2012.02.24 10:58:44.832,1.24716,1.24736,2.25,2.55
2012.02.24 10:58:44.960,1.24716,1.24736,2.25,3.30
2012.02.24 10:58:45.344,1.24716,1.24736,2.25,3.30
2012.02.24 10:58:45.930,1.2472,1.24739,1.50,4.65
2012.02.24 10:58:46.069,1.24719,1.24736,2.25,1.50
2012.02.24 10:58:46.199,1.24716,1.24736,2.25,2.25
2012.02.24 10:58:47.260,1.24717,1.24737,2.25,2.25
2012.02.24 10:58:47.820,1.24714,1.24734,3.00,3.30
2012.02.24 10:58:49.030,1.24717,1.24735,2.25,2.55
2012.02.24 10:58:49.591,1.24719,1.24737,2.25,2.70
2012.02.24 10:58:51.612,1.24714,1.24734,2.25,1.50
2012.02.24 10:58:52.159,1.24718,1.24735,2.25,2.55
2012.02.24 10:58:52.475,1.24718,1.24733,2.25,1.80
2012.02.24 10:58:53.278,1.24717,1.24734,2.25,1.80
2012.02.24 10:58:54.161,1.24718,1.24737,2.25,1.35
2012.02.24 10:58:54.691,1.24718,1.24737,2.25,1.35
2012.02.24 10:58:56.049,1.24718,1.24732,2.25,1.80
2012.02.24 10:58:56.121,1.24717,1.24732,2.25,1.80
2012.02.24 10:58:56.639,1.24719,1.24732,1.50,1.80
2012.02.24 10:58:57.215,1.24715,1.24732,2.25,1.80
2012.02.24 10:58:57.422,1.24719,1.24733,1.50,2.55
2012.02.24 10:58:57.959,1.24718,1.24733,2.25,2.55
2012.02.24 10:58:58.278,1.2472,1.24733,1.50,2.55
2012.02.24 10:58:58.580,1.24717,1.24734,2.25,2.55
2012.02.24 10:58:59.846,1.24717,1.24734,2.25,1.80
2012.02.24 10:59:00.733,1.24717,1.24733,2.25,1.80
2012.02.24 10:59:01.225,1.24717,1.24733,2.25,1.80
2012.02.24 10:59:01.409,1.24717,1.24733,2.25,1.80
2012.02.24 10:59:05.070,1.24717,1.24733,2.25,1.80
2012.02.24 10:59:05.841,1.24713,1.24726,2.25,1.80
2012.02.24 10:59:06.030,1.24712,1.2473,2.25,1.50
2012.02.24 10:59:06.621,1.24715,1.24732,2.25,1.80
2012.02.24 10:59:07.159,1.24716,1.24732,2.25,1.80
2012.02.24 10:59:12.321,1.24714,1.24725,2.25,1.80
2012.02.24 10:59:12.397,1.24713,1.24725,2.25,1.80
2012.02.24 10:59:12.474,1.24713,1.24727,2.25,1.80
2012.02.24 10:59:12.545,1.24713,1.24734,2.25,2.25
2012.02.24 10:59:12.749,1.24715,1.24733,1.50,1.20
2012.02.24 10:59:12.893,1.24708,1.24725,1.35,1.50
2012.02.24 10:59:13.422,1.24707,1.24725,2.85,1.50
2012.02.24 10:59:14.141,1.24711,1.24729,1.50,2.25
2012.02.24 10:59:14.672,1.24711,1.2473,2.25,2.25
2012.02.24 10:59:14.746,1.24711,1.2473,2.25,2.25
2012.02.24 10:59:14.897,1.24709,1.24725,2.25,1.80
2012.02.24 10:59:14.975,1.24709,1.24724,1.50,1.50
2012.02.24 10:59:15.500,1.24706,1.24724,2.25,1.80
2012.02.24 10:59:16.236,1.24706,1.24723,1.50,2.55
2012.02.24 10:59:16.511,1.24706,1.24723,2.25,2.55
2012.02.24 10:59:17.249,1.24706,1.24723,1.50,2.55
2012.02.24 10:59:18.436,1.24703,1.24723,2.25,4.05
2012.02.24 10:59:18.513,1.24701,1.2472,3.75,3.00
2012.02.24 10:59:18.833,1.24699,1.24715,1.50,1.80
2012.02.24 10:59:19.630,1.247,1.24714,2.25,1.80
2012.02.24 10:59:20.024,1.24703,1.24714,1.50,1.80
2012.02.24 10:59:20.163,1.24706,1.24721,1.50,1.20
2012.02.24 10:59:20.290,1.24706,1.24721,1.50,1.20
2012.02.24 10:59:20.671,1.24704,1.24721,2.25,1.20
2012.02.24 10:59:21.400,1.24704,1.24722,2.25,2.25
2012.02.24 10:59:22.217,1.24705,1.24721,1.50,3.90
2012.02.24 10:59:22.820,1.24699,1.24714,2.25,1.80
2012.02.24 10:59:24.325,1.24702,1.24714,1.50,1.80
2012.02.24 10:59:25.694,1.24701,1.24714,1.50,1.80
2012.02.24 10:59:25.838,1.24697,1.24716,2.25,3.30
2012.02.24 10:59:26.572,1.24697,1.24715,2.25,2.55
2012.02.24 10:59:26.902,1.24698,1.24715,2.25,1.80
2012.02.24 10:59:27.784,1.24698,1.24716,2.25,1.50
2012.02.24 10:59:28.422,1.24698,1.24716,2.25,1.50
2012.02.24 10:59:29.095,1.24699,1.24718,2.25,2.70
2012.02.24 10:59:29.741,1.24699,1.24718,1.50,2.70
2012.02.24 10:59:30.053,1.24692,1.24711,3.75,1.50
2012.02.24 10:59:30.366,1.24695,1.24712,2.25,1.80
2012.02.24 10:59:31.313,1.24697,1.24716,2.25,3.90
2012.02.24 10:59:32.317,1.24701,1.24716,2.25,3.90
2012.02.24 10:59:32.864,1.24695,1.24714,3.75,1.50
2012.02.24 10:59:33.178,1.24695,1.24712,2.25,1.80
2012.02.24 10:59:33.312,1.24695,1.24712,2.25,1.80
2012.02.24 10:59:33.732,1.24692,1.24711,2.25,4.05
2012.02.24 10:59:34.622,1.24692,1.24711,2.25,4.05
2012.02.24 10:59:34.833,1.24695,1.24711,1.50,2.55
2012.02.24 10:59:35.178,1.24698,1.24713,1.50,1.20
2012.02.24 10:59:35.249,1.24698,1.24714,1.50,2.76
2012.02.24 10:59:35.319,1.247,1.24714,1.50,2.76
2012.02.24 10:59:36.002,1.24699,1.24714,1.50,2.76
2012.02.24 10:59:37.030,1.24699,1.24714,1.50,2.76
2012.02.24 10:59:37.721,1.24694,1.24714,2.25,2.55
2012.02.24 10:59:37.801,1.24697,1.24714,1.50,3.36
2012.02.24 10:59:38.132,1.24699,1.24714,1.50,2.76
2012.02.24 10:59:39.642,1.24697,1.24714,1.50,3.96
2012.02.24 10:59:41.061,1.24694,1.24708,2.25,1.41
2012.02.24 10:59:41.194,1.24685,1.24703,2.25,1.80
2012.02.24 10:59:41.395,1.24688,1.24706,2.25,1.20
2012.02.24 10:59:41.465,1.24693,1.24706,1.50,1.20
2012.02.24 10:59:41.994,1.24692,1.24707,1.50,1.20
2012.02.24 10:59:42.987,1.24692,1.24709,2.25,2.46
2012.02.24 10:59:44.912,1.24692,1.24709,2.25,2.25
2012.02.24 10:59:49.463,1.24686,1.24707,2.25,2.25
2012.02.24 10:59:50.037,1.24686,1.24705,2.25,1.80
2012.02.24 10:59:50.117,1.24686,1.24702,2.25,1.80
2012.02.24 10:59:50.441,1.24693,1.24705,1.50,1.20
2012.02.24 10:59:50.768,1.24691,1.24706,3.00,1.20
2012.02.24 10:59:51.990,1.24686,1.24705,2.25,1.20
2012.02.24 10:59:52.061,1.24686,1.24703,2.25,1.80
2012.02.24 10:59:52.129,1.24686,1.24703,2.25,1.80
2012.02.24 10:59:52.881,1.24686,1.24703,2.25,1.80
2012.02.24 10:59:53.382,1.24686,1.24702,2.25,1.20
2012.02.24 10:59:54.005,1.24686,1.24703,2.25,3.00
2012.02.24 10:59:54.270,1.24685,1.24703,2.25,3.00
2012.02.24 10:59:54.989,1.24687,1.24703,1.50,3.00
2012.02.24 10:59:55.740,1.24686,1.24703,2.25,3.00
2012.02.24 10:59:58.204,1.24683,1.24699,2.25,1.50
2012.02.24 10:59:58.523,1.24674,1.24695,2.25,2.25
2012.02.24 10:59:59.043,1.24677,1.24696,2.25,2.70
2012.02.24 10:59:59.483,1.24672,1.24691,3.00,1.50
2012.02.24 10:59:59.790,1.24672,1.24689,1.50,1.50
2012.02.24 10:59:59.980,1.24677,1.24691,2.25,1.50
