2015.02.18 10:00:00.613,1.45938,1.45956,1.20,1.00
2015.02.18 10:00:02.032,1.45937,1.45953,1.15,1.00
2015.02.18 10:00:02.802,1.45939,1.45955,1.00,1.00
2015.02.18 10:00:03.056,1.45939,1.45957,1.00,1.31
2015.02.18 10:00:04.688,1.45943,1.45959,1.12,1.00
2015.02.18 10:00:04.789,1.45945,1.45963,1.00,1.00
2015.02.18 10:00:05.627,1.45945,1.45963,1.37,1.00
2015.02.18 10:00:05.678,1.45948,1.45964,1.00,1.00
2015.02.18 10:00:05.984,1.4595,1.45966,1.00,1.00
2015.02.18 10:00:06.288,1.4595,1.45966,1.00,1.69
2015.02.18 10:00:06.340,1.45947,1.45963,1.00,1.00
2015.02.18 10:00:06.855,1.45946,1.45964,1.00,1.12
2015.02.18 10:00:07.057,1.45946,1.45964,1.00,1.50
2015.02.18 10:00:07.209,1.45943,1.45961,1.00,1.50
2015.02.18 10:00:07.412,1.45943,1.45959,1.00,3.22
2015.02.18 10:00:07.766,1.45941,1.45957,1.00,1.35
2015.02.18 10:00:07.918,1.45941,1.45954,1.00,2.10
2015.02.18 10:00:08.090,1.45936,1.45954,1.00,1.31
2015.02.18 10:00:08.141,1.45936,1.4595,1.00,1.30
2015.02.18 10:00:08.192,1.45934,1.4595,1.10,1.72
2015.02.18 10:00:09.173,1.45931,1.45949,1.00,1.00
2015.02.18 10:00:09.729,1.45931,1.45949,1.00,1.37
2015.02.18 10:00:10.033,1.45931,1.45948,1.50,1.60
2015.02.18 10:00:10.895,1.45934,1.45949,1.00,1.37
2015.02.18 10:00:11.199,1.45937,1.4595,1.00,1.12
2015.02.18 10:00:12.213,1.45939,1.4595,1.00,1.00
2015.02.18 10:00:12.264,1.45939,1.45954,1.00,1.00
2015.02.18 10:00:12.517,1.45941,1.45955,1.00,1.00
2015.02.18 10:00:13.079,1.45943,1.45955,1.00,1.00
2015.02.18 10:00:13.689,1.45942,1.45955,1.00,1.00
2015.02.18 10:00:14.503,1.45939,1.45955,1.00,1.37
2015.02.18 10:00:14.605,1.45937,1.45955,1.00,1.37
2015.02.18 10:00:14.656,1.45937,1.45955,1.00,1.94
2015.02.18 10:00:14.707,1.45934,1.45949,1.00,1.31
2015.02.18 10:00:14.809,1.45929,1.45947,1.50,1.37
2015.02.18 10:00:14.910,1.45927,1.45943,1.00,1.00
2015.02.18 10:00:17.392,1.45927,1.45943,1.00,1.87
2015.02.18 10:00:17.442,1.45922,1.45939,1.50,1.37
2015.02.18 10:00:17.544,1.45922,1.45934,1.00,1.25
2015.02.18 10:00:17.749,1.45918,1.45934,1.00,1.00
2015.02.18 10:00:17.800,1.45917,1.45928,1.00,1.00
2015.02.18 10:00:17.852,1.45913,1.45928,1.00,1.00
2015.02.18 10:00:18.358,1.45916,1.45929,1.00,1.00
2015.02.18 10:00:24.025,1.45916,1.45931,1.00,1.00
2015.02.18 10:00:24.076,1.4592,1.45931,1.00,1.00
2015.02.18 10:00:24.178,1.4592,1.45933,1.00,1.00
2015.02.18 10:00:24.280,1.45925,1.45936,1.00,1.00
2015.02.18 10:00:24.382,1.45925,1.4594,1.00,1.00
2015.02.18 10:00:24.483,1.45927,1.4594,1.00,1.00
2015.02.18 10:00:24.585,1.45924,1.45939,1.00,1.00
2015.02.18 10:00:24.636,1.45924,1.45939,1.00,1.19
2015.02.18 10:00:24.687,1.45921,1.45938,1.00,1.19
2015.02.18 10:00:25.194,1.45925,1.45936,1.00,1.00
2015.02.18 10:00:25.295,1.45923,1.45937,1.00,1.00
2015.02.18 10:00:25.397,1.45919,1.45936,1.00,1.00
2015.02.18 10:00:26.865,1.45919,1.45936,1.00,1.37
2015.02.18 10:00:27.483,1.45918,1.45936,1.50,1.87
2015.02.18 10:00:27.997,1.45918,1.45936,1.00,1.69
2015.02.18 10:00:29.649,1.45918,1.45936,1.00,1.69
2015.02.18 10:00:30.793,1.45918,1.45933,1.00,1.00
2015.02.18 10:00:31.343,1.45917,1.45933,1.50,1.50
2015.02.18 10:00:32.079,1.45915,1.4593,1.00,1.00
2015.02.18 10:00:32.407,1.45915,1.45928,1.00,1.00
2015.02.18 10:00:32.520,1.45915,1.4593,1.00,1.00
2015.02.18 10:00:34.912,1.45915,1.45928,1.00,1.00
2015.02.18 10:00:35.013,1.45912,1.45928,1.00,1.37
2015.02.18 10:00:35.115,1.4591,1.45926,1.00,2.81
2015.02.18 10:00:35.166,1.45903,1.45921,1.50,1.00
2015.02.18 10:00:35.217,1.45903,1.45921,1.50,1.75
2015.02.18 10:00:35.521,1.459,1.45916,1.50,1.00
2015.02.18 10:00:35.826,1.45898,1.45914,1.00,1.00
2015.02.18 10:00:36.130,1.45896,1.45912,1.00,1.25
2015.02.18 10:00:37.816,1.45895,1.4591,1.00,1.00
2015.02.18 10:00:38.120,1.45895,1.45908,1.00,1.00
2015.02.18 10:00:38.272,1.45895,1.45911,1.00,1.25
2015.02.18 10:00:38.783,1.45895,1.4591,1.00,1.00
2015.02.18 10:00:40.680,1.45895,1.45909,1.00,1.00
2015.02.18 10:00:40.732,1.45889,1.45909,1.00,1.19
2015.02.18 10:00:40.783,1.45889,1.45904,1.00,1.50
2015.02.18 10:00:41.258,1.45894,1.45905,1.00,1.00
2015.02.18 10:00:41.360,1.45894,1.4591,1.00,1.00
2015.02.18 10:00:42.853,1.45894,1.45911,1.12,1.00
2015.02.18 10:00:43.361,1.45894,1.4591,1.00,1.00
2015.02.18 10:00:44.453,1.45891,1.4591,1.25,1.00
2015.02.18 10:00:44.658,1.4589,1.45908,1.50,1.00
2015.02.18 10:00:44.963,1.45893,1.45908,1.00,1.00
2015.02.18 10:00:45.014,1.45893,1.4591,1.00,1.50
2015.02.18 10:00:45.268,1.45896,1.4591,1.00,1.00
2015.02.18 10:00:45.623,1.45896,1.45912,1.00,1.00
2015.02.18 10:00:45.946,1.45896,1.45914,1.00,1.50
2015.02.18 10:00:46.251,1.45904,1.45914,1.00,1.50
2015.02.18 10:00:46.352,1.459,1.45916,1.00,1.00
2015.02.18 10:00:46.403,1.459,1.45918,1.00,1.00
2015.02.18 10:00:46.909,1.459,1.45917,1.00,1.25
2015.02.18 10:00:46.960,1.459,1.45915,1.00,1.00
2015.02.18 10:00:47.264,1.45898,1.45915,1.00,1.00
2015.02.18 10:00:51.542,1.45898,1.45911,1.00,1.00
2015.02.18 10:00:51.847,1.45895,1.45911,1.00,1.00
2015.02.18 10:00:51.898,1.45895,1.45908,1.00,1.00
2015.02.18 10:00:52.101,1.45893,1.45907,1.00,1.00
2015.02.18 10:00:52.411,1.45893,1.45904,1.00,1.00
2015.02.18 10:00:52.462,1.45886,1.45904,1.00,1.12
2015.02.18 10:00:52.563,1.45886,1.459,1.00,1.00
2015.02.18 10:00:52.867,1.45886,1.45897,1.00,1.00
2015.02.18 10:00:52.969,1.45883,1.45897,1.00,1.00
2015.02.18 10:00:54.101,1.45883,1.45898,1.00,1.00
2015.02.18 10:00:55.643,1.45883,1.45896,1.00,1.00
2015.02.18 10:00:55.694,1.4588,1.45896,1.62,1.00
2015.02.18 10:00:56.697,1.4588,1.45896,1.37,1.37
2015.02.18 10:00:57.203,1.4588,1.45897,1.00,1.37
2015.02.18 10:00:58.394,1.4588,1.45897,1.37,1.37
2015.02.18 10:00:58.916,1.4588,1.45897,1.12,1.37
2015.02.18 10:01:06.019,1.45878,1.45898,1.00,1.62
2015.02.18 10:01:06.374,1.45878,1.45896,1.00,1.37
2015.02.18 10:01:07.108,1.45874,1.45895,2.14,1.62
2015.02.18 10:01:07.580,1.45872,1.45893,1.00,1.62
2015.02.18 10:01:07.631,1.45871,1.45891,1.00,1.37
2015.02.18 10:01:07.834,1.4586,1.45883,1.56,1.00
2015.02.18 10:01:07.886,1.4586,1.45883,1.37,1.19
2015.02.18 10:01:07.937,1.45856,1.45884,1.26,1.94
2015.02.18 10:01:08.241,1.45859,1.4588,1.00,1.62
2015.02.18 10:01:08.849,1.45859,1.4588,1.50,1.62
2015.02.18 10:01:09.102,1.45864,1.45883,1.56,1.37
2015.02.18 10:01:09.154,1.45867,1.45886,1.00,1.62
2015.02.18 10:01:09.306,1.45869,1.45892,2.44,1.00
2015.02.18 10:01:09.357,1.45874,1.45892,1.37,1.00
2015.02.18 10:01:09.408,1.45874,1.45894,1.75,1.00
2015.02.18 10:01:09.510,1.45874,1.45898,1.75,1.50
2015.02.18 10:01:09.663,1.45874,1.45898,1.75,1.37
2015.02.18 10:01:09.967,1.45874,1.45898,1.75,1.00
2015.02.18 10:01:10.474,1.45874,1.45899,1.94,1.00
2015.02.18 10:01:10.929,1.45875,1.45899,1.37,1.69
2015.02.18 10:01:11.233,1.45874,1.45895,1.87,1.00
2015.02.18 10:01:12.788,1.45874,1.45895,1.69,1.00
2015.02.18 10:01:13.315,1.45874,1.45895,1.69,1.00
2015.02.18 10:01:14.686,1.45874,1.45895,1.69,1.00
2015.02.18 10:01:15.373,1.45874,1.45895,1.69,1.00
2015.02.18 10:01:16.046,1.45874,1.45895,1.69,1.00
2015.02.18 10:01:18.363,1.45875,1.45895,1.25,1.00
2015.02.18 10:01:19.382,1.45876,1.45895,1.00,1.00
2015.02.18 10:01:21.115,1.45876,1.45895,1.19,1.00
2015.02.18 10:01:26.171,1.45876,1.45895,1.00,1.00
2015.02.18 10:01:26.430,1.45876,1.45893,1.00,1.00
2015.02.18 10:01:26.532,1.45874,1.45893,1.25,1.00
2015.02.18 10:01:26.785,1.45874,1.45896,1.69,1.00
2015.02.18 10:01:27.358,1.45874,1.45896,1.50,1.19
2015.02.18 10:01:27.663,1.45875,1.45891,1.00,1.00
2015.02.18 10:01:27.714,1.45872,1.45891,1.87,1.00
2015.02.18 10:01:28.301,1.45874,1.45892,1.00,1.00
2015.02.18 10:01:28.453,1.45876,1.45892,1.00,1.00
2015.02.18 10:01:28.504,1.45876,1.45894,1.00,1.00
2015.02.18 10:01:30.116,1.45875,1.45894,1.12,1.00
2015.02.18 10:01:31.600,1.45875,1.45895,1.31,1.00
2015.02.18 10:01:35.198,1.45877,1.45896,1.00,1.50
2015.02.18 10:01:37.436,1.45878,1.45896,1.00,1.50
2015.02.18 10:01:37.947,1.45878,1.45897,1.87,1.00
2015.02.18 10:01:39.131,1.45878,1.45896,1.00,1.00
2015.02.18 10:01:42.778,1.45881,1.45897,1.00,1.00
2015.02.18 10:01:44.872,1.45879,1.45895,1.00,1.00
2015.02.18 10:01:49.934,1.45879,1.45896,1.00,1.00
2015.02.18 10:01:50.759,1.45879,1.45897,1.00,1.50
2015.02.18 10:01:59.149,1.45882,1.45897,1.00,1.00
2015.02.18 10:02:02.820,1.45882,1.45898,1.00,1.50
2015.02.18 10:02:06.970,1.45882,1.459,1.00,1.00
2015.02.18 10:02:07.173,1.45885,1.45901,1.00,1.00
2015.02.18 10:02:07.477,1.45887,1.45903,1.00,1.25
2015.02.18 10:02:07.781,1.45888,1.45906,1.00,1.00
2015.02.18 10:02:08.085,1.45887,1.45903,1.00,1.00
2015.02.18 10:02:08.390,1.45884,1.459,1.50,1.00
2015.02.18 10:02:09.352,1.45884,1.459,1.00,1.19
2015.02.18 10:02:10.300,1.45887,1.45903,1.37,1.12
2015.02.18 10:02:10.402,1.45892,1.45903,1.00,1.00
2015.02.18 10:02:10.453,1.45892,1.45908,1.00,1.00
2015.02.18 10:02:10.605,1.45893,1.4591,1.00,1.00
2015.02.18 10:02:11.390,1.45892,1.4591,1.00,1.50
2015.02.18 10:02:11.441,1.45892,1.4591,1.37,1.50
2015.02.18 10:02:11.593,1.45893,1.45911,1.00,1.00
2015.02.18 10:02:11.644,1.45893,1.45909,1.00,1.37
2015.02.18 10:02:12.151,1.45893,1.45909,1.00,1.00
2015.02.18 10:02:12.253,1.45893,1.45911,1.00,1.00
2015.02.18 10:02:12.608,1.45898,1.45916,1.00,1.25
2015.02.18 10:02:13.973,1.45898,1.45916,1.69,1.00
2015.02.18 10:02:15.006,1.45898,1.45916,1.69,1.00
2015.02.18 10:02:18.729,1.45896,1.45914,1.00,1.00
2015.02.18 10:02:19.034,1.45888,1.45904,1.00,1.25
2015.02.18 10:02:19.187,1.45886,1.45904,1.00,1.25
2015.02.18 10:02:23.270,1.45886,1.45904,1.37,1.00
2015.02.18 10:02:23.796,1.45889,1.45905,1.00,1.00
2015.02.18 10:02:24.869,1.45889,1.45905,1.37,1.00
2015.02.18 10:02:24.920,1.45894,1.4591,1.00,1.57
2015.02.18 10:02:25.022,1.45894,1.4591,1.12,1.00
2015.02.18 10:02:25.073,1.45894,1.4591,1.37,1.00
2015.02.18 10:02:25.124,1.45895,1.45913,1.37,1.00
2015.02.18 10:02:25.225,1.45898,1.45916,1.00,1.10
2015.02.18 10:02:27.635,1.459,1.45918,1.00,1.62
2015.02.18 10:02:28.243,1.459,1.45918,1.00,1.25
2015.02.18 10:02:28.953,1.45903,1.45919,1.00,1.25
2015.02.18 10:02:29.265,1.45901,1.45917,1.00,1.00
2015.02.18 10:02:29.779,1.45899,1.45917,1.37,1.00
2015.02.18 10:02:30.294,1.45901,1.45917,1.00,1.00
2015.02.18 10:02:33.907,1.45901,1.45917,1.37,1.00
2015.02.18 10:02:34.010,1.45901,1.45917,2.25,1.00
2015.02.18 10:02:34.061,1.45905,1.45921,1.00,1.19
2015.02.18 10:02:34.163,1.45907,1.45923,1.00,1.69
2015.02.18 10:02:34.353,1.45907,1.45925,1.00,1.50
2015.02.18 10:02:34.405,1.45912,1.45928,1.00,1.20
2015.02.18 10:02:36.668,1.45912,1.45927,1.00,1.00
2015.02.18 10:02:37.367,1.45912,1.45928,1.00,1.00
2015.02.18 10:02:41.073,1.45904,1.45922,1.00,1.37
2015.02.18 10:02:41.124,1.45904,1.45922,1.00,1.75
2015.02.18 10:02:41.428,1.45901,1.45917,1.00,1.50
2015.02.18 10:02:41.530,1.45901,1.45917,1.00,1.50
2015.02.18 10:02:43.140,1.45903,1.45917,1.00,1.00
2015.02.18 10:02:43.292,1.45903,1.45919,1.00,1.00
2015.02.18 10:02:46.062,1.45903,1.45918,1.00,1.00
2015.02.18 10:02:47.429,1.45902,1.45918,1.00,1.50
2015.02.18 10:02:50.840,1.45902,1.45918,1.87,1.00
2015.02.18 10:02:50.992,1.45901,1.45918,1.00,1.00
2015.02.18 10:02:51.043,1.459,1.45918,1.10,1.37
2015.02.18 10:02:51.145,1.45896,1.45914,1.00,1.37
2015.02.18 10:02:51.314,1.45894,1.45912,1.00,1.00
2015.02.18 10:02:51.418,1.45891,1.45909,1.00,1.00
2015.02.18 10:02:51.724,1.4589,1.45906,1.00,1.00
2015.02.18 10:02:54.224,1.4589,1.45906,1.37,1.00
2015.02.18 10:02:54.276,1.45894,1.45912,1.12,1.37
2015.02.18 10:02:54.327,1.45894,1.45912,1.12,1.00
2015.02.18 10:02:55.412,1.45894,1.45907,1.00,1.00
2015.02.18 10:02:55.464,1.4589,1.45906,1.00,1.00
2015.02.18 10:02:55.920,1.45888,1.45906,1.00,1.19
2015.02.18 10:02:56.124,1.4589,1.45906,1.00,1.00
2015.02.18 10:02:56.377,1.45891,1.45909,1.00,1.00
2015.02.18 10:02:56.479,1.45893,1.45911,1.00,1.19
2015.02.18 10:02:56.783,1.45898,1.45916,1.50,1.00
2015.02.18 10:02:57.312,1.45899,1.45917,1.00,1.00
2015.02.18 10:02:57.768,1.45899,1.45917,1.31,1.00
2015.02.18 10:02:57.819,1.45901,1.45919,1.56,1.00
2015.02.18 10:02:57.921,1.45904,1.4592,1.00,1.00
2015.02.18 10:02:58.441,1.45905,1.45921,1.00,1.00
2015.02.18 10:02:58.543,1.45906,1.45924,1.00,1.19
2015.02.18 10:02:59.050,1.45906,1.45924,1.00,1.00
2015.02.18 10:02:59.253,1.45906,1.45924,1.37,1.00
2015.02.18 10:02:59.354,1.45908,1.45926,1.12,1.25
2015.02.18 10:03:02.330,1.45908,1.45926,1.00,2.85
2015.02.18 10:03:02.735,1.45906,1.45922,1.00,1.00
2015.02.18 10:03:03.089,1.45909,1.45927,1.00,1.19
2015.02.18 10:03:03.242,1.45912,1.45928,1.00,1.25
2015.02.18 10:03:05.631,1.45912,1.45928,1.00,1.19
2015.02.18 10:03:05.733,1.4591,1.45924,1.00,1.19
2015.02.18 10:03:05.834,1.459,1.45913,1.12,1.00
2015.02.18 10:03:05.885,1.45899,1.45913,1.00,1.00
2015.02.18 10:03:05.936,1.45896,1.45913,1.00,2.14
2015.02.18 10:03:05.987,1.45884,1.4591,1.62,1.94
2015.02.18 10:03:06.494,1.45888,1.45904,1.00,1.00
2015.02.18 10:03:07.000,1.45889,1.45905,1.00,1.00
2015.02.18 10:03:08.055,1.45889,1.45905,1.00,1.19
2015.02.18 10:03:09.067,1.45889,1.45905,1.00,1.25
2015.02.18 10:03:12.539,1.45883,1.45899,1.00,1.00
2015.02.18 10:03:12.742,1.45881,1.45899,1.25,1.00
2015.02.18 10:03:12.843,1.45884,1.45902,1.00,1.25
2015.02.18 10:03:13.147,1.45888,1.45904,1.19,1.00
2015.02.18 10:03:13.299,1.4589,1.45906,1.00,1.00
2015.02.18 10:03:14.058,1.4589,1.45906,1.19,1.00
2015.02.18 10:03:15.050,1.4589,1.45906,1.25,1.00
2015.02.18 10:03:15.281,1.4589,1.45908,1.25,1.00
2015.02.18 10:03:16.091,1.4589,1.45908,1.19,1.00
2015.02.18 10:03:17.078,1.4589,1.45908,1.25,1.00
2015.02.18 10:03:17.649,1.4589,1.45908,1.62,1.00
2015.02.18 10:03:17.801,1.45893,1.45909,1.00,1.00
2015.02.18 10:03:19.897,1.45893,1.45909,1.00,1.19
2015.02.18 10:03:21.896,1.45893,1.45909,1.00,1.25
2015.02.18 10:03:22.710,1.45893,1.45909,1.00,1.19
2015.02.18 10:03:22.862,1.4589,1.45908,1.00,1.19
2015.02.18 10:03:23.694,1.4589,1.45908,1.00,1.19
2015.02.18 10:03:25.042,1.4589,1.45908,1.00,1.56
2015.02.18 10:03:25.196,1.45888,1.45904,1.00,1.00
2015.02.18 10:03:25.297,1.45885,1.45901,1.00,1.00
2015.02.18 10:03:25.601,1.45883,1.45899,1.00,1.00
2015.02.18 10:03:26.648,1.45883,1.45899,1.37,1.00
2015.02.18 10:03:26.852,1.45886,1.45902,1.19,1.00
2015.02.18 10:03:26.955,1.45888,1.45904,1.00,1.00
2015.02.18 10:03:35.960,1.45889,1.45907,1.00,1.00
2015.02.18 10:03:45.368,1.45889,1.45907,1.37,1.00
2015.02.18 10:03:45.419,1.45891,1.45909,1.00,1.00
2015.02.18 10:03:46.532,1.45894,1.4591,1.00,1.25
2015.02.18 10:03:47.836,1.45894,1.45912,1.00,1.19
2015.02.18 10:03:49.866,1.45894,1.45912,1.00,1.25
2015.02.18 10:03:50.833,1.45894,1.45912,1.00,4.16
2015.02.18 10:03:51.816,1.45894,1.4591,1.00,1.00
2015.02.18 10:03:56.059,1.45894,1.4591,1.37,1.00
2015.02.18 10:03:58.805,1.45894,1.4591,1.12,1.00
2015.02.18 10:04:06.566,1.45896,1.45912,1.00,1.25
2015.02.18 10:04:06.668,1.45899,1.45917,1.37,1.00
2015.02.18 10:04:06.770,1.45903,1.45919,1.00,1.00
2015.02.18 10:04:07.086,1.45909,1.45925,1.00,1.19
2015.02.18 10:04:07.188,1.45906,1.45922,1.00,1.00
2015.02.18 10:04:07.290,1.45906,1.45921,1.00,1.31
2015.02.18 10:04:07.798,1.45903,1.45919,1.00,1.00
2015.02.18 10:04:12.608,1.45903,1.45919,1.00,1.31
2015.02.18 10:04:12.710,1.45899,1.45917,1.00,1.25
2015.02.18 10:04:13.921,1.45901,1.45919,1.12,1.00
2015.02.18 10:04:14.225,1.45904,1.45922,1.00,1.00
2015.02.18 10:04:15.493,1.45906,1.45924,1.00,1.00
2015.02.18 10:04:19.201,1.45906,1.45924,1.19,1.00
2015.02.18 10:04:20.243,1.45906,1.45924,1.25,1.00
2015.02.18 10:04:21.380,1.45906,1.45924,1.62,1.00
2015.02.18 10:04:21.685,1.45906,1.45924,1.19,1.00
2015.02.18 10:04:21.837,1.45906,1.45924,1.25,1.00
2015.02.18 10:04:23.444,1.45906,1.45924,1.56,1.00
2015.02.18 10:04:23.596,1.45913,1.45929,1.00,1.00
2015.02.18 10:04:23.699,1.45913,1.45929,1.56,1.00
2015.02.18 10:04:23.750,1.45916,1.45932,1.00,1.00
2015.02.18 10:04:27.097,1.45916,1.45932,1.37,1.00
2015.02.18 10:04:27.351,1.45924,1.4594,1.12,1.00
2015.02.18 10:04:27.452,1.45925,1.45943,1.00,1.50
2015.02.18 10:04:27.605,1.45928,1.45944,1.00,1.00
2015.02.18 10:04:28.948,1.45928,1.45944,1.00,1.19
2015.02.18 10:04:29.000,1.45925,1.45943,1.10,2.06
2015.02.18 10:04:29.051,1.45925,1.45943,1.10,2.06
2015.02.18 10:04:29.152,1.45923,1.45939,1.10,1.12
2015.02.18 10:04:31.555,1.45921,1.45939,1.00,1.69
2015.02.18 10:04:32.079,1.45921,1.45939,1.00,1.69
2015.02.18 10:04:32.590,1.4592,1.45937,1.00,1.00
2015.02.18 10:04:33.099,1.4592,1.45937,1.00,1.19
2015.02.18 10:04:33.608,1.45915,1.45933,1.46,1.00
2015.02.18 10:04:33.761,1.45914,1.45932,1.12,1.00
2015.02.18 10:04:33.914,1.45914,1.45932,1.37,1.00
2015.02.18 10:04:34.465,1.45915,1.45932,1.12,1.31
2015.02.18 10:04:34.770,1.45918,1.45932,1.00,1.25
2015.02.18 10:04:35.075,1.45921,1.45932,1.00,1.00
2015.02.18 10:04:35.615,1.45922,1.45932,1.00,1.00
2015.02.18 10:04:35.818,1.45921,1.45935,1.00,1.25
2015.02.18 10:04:35.919,1.45923,1.45935,1.00,1.00
2015.02.18 10:04:36.888,1.45918,1.45935,1.37,1.00
2015.02.18 10:04:38.452,1.45918,1.45935,1.37,1.00
2015.02.18 10:04:38.959,1.4592,1.45935,1.00,1.25
2015.02.18 10:04:40.506,1.45919,1.45935,1.12,1.25
2015.02.18 10:04:42.219,1.4592,1.45937,1.00,1.56
2015.02.18 10:04:42.421,1.45922,1.45937,1.00,1.56
2015.02.18 10:04:42.932,1.45922,1.45937,1.00,1.62
2015.02.18 10:04:45.415,1.45924,1.4594,1.00,2.06
2015.02.18 10:04:45.567,1.45927,1.45943,1.00,3.56
2015.02.18 10:04:45.618,1.4593,1.45942,1.00,1.31
2015.02.18 10:04:46.479,1.4593,1.45942,1.00,1.25
2015.02.18 10:04:47.481,1.4593,1.45942,1.00,1.19
2015.02.18 10:04:48.485,1.4593,1.45942,1.00,1.31
2015.02.18 10:04:49.200,1.4593,1.45942,1.00,2.44
2015.02.18 10:04:49.713,1.4593,1.45942,1.00,2.44
2015.02.18 10:04:50.523,1.4593,1.45942,1.00,2.44
2015.02.18 10:04:52.298,1.45928,1.45942,1.00,2.44
2015.02.18 10:04:52.540,1.45928,1.45942,1.00,2.44
2015.02.18 10:04:53.492,1.45928,1.45942,1.00,1.69
2015.02.18 10:04:54.524,1.45928,1.45942,1.00,1.69
2015.02.18 10:04:55.495,1.45928,1.45942,1.00,1.69
2015.02.18 10:04:58.183,1.45928,1.4594,1.00,1.00
2015.02.18 10:04:58.727,1.45928,1.4594,1.00,1.37
2015.02.18 10:05:01.405,1.45928,1.4594,1.00,1.62
2015.02.18 10:05:01.558,1.45925,1.45938,1.00,1.00
2015.02.18 10:05:03.434,1.45925,1.45939,1.00,2.00
2015.02.18 10:05:03.738,1.45924,1.45934,1.00,2.06
2015.02.18 10:05:03.789,1.45918,1.45931,1.00,1.31
2015.02.18 10:05:03.840,1.45918,1.45931,1.00,1.31
2015.02.18 10:05:03.992,1.45914,1.45931,1.00,2.14
2015.02.18 10:05:04.245,1.45913,1.45928,1.00,1.31
2015.02.18 10:05:05.441,1.45913,1.45927,1.00,1.19
2015.02.18 10:05:05.643,1.45911,1.45927,1.00,1.19
2015.02.18 10:05:06.250,1.45911,1.45927,1.00,1.25
2015.02.18 10:05:07.265,1.45911,1.45927,1.00,1.19
2015.02.18 10:05:08.676,1.45911,1.45928,1.00,1.31
2015.02.18 10:05:09.224,1.4591,1.45926,1.00,1.62
2015.02.18 10:05:10.549,1.4591,1.45926,1.12,1.12
2015.02.18 10:05:10.651,1.4591,1.45926,1.00,1.37
2015.02.18 10:05:10.753,1.4591,1.45926,1.00,1.12
2015.02.18 10:05:10.956,1.4591,1.45926,1.00,1.37
2015.02.18 10:05:15.761,1.4591,1.45926,1.12,1.37
2015.02.18 10:05:16.673,1.4591,1.45926,1.12,1.00
2015.02.18 10:05:19.396,1.4591,1.45926,1.12,1.37
2015.02.18 10:05:21.294,1.4591,1.45926,1.12,1.12
2015.02.18 10:05:22.826,1.4591,1.45926,1.12,1.37
2015.02.18 10:05:23.146,1.4591,1.45925,1.00,1.37
2015.02.18 10:05:23.197,1.4591,1.45925,1.00,1.00
2015.02.18 10:05:23.248,1.4591,1.45922,1.00,1.00
2015.02.18 10:05:23.767,1.4591,1.45923,1.00,1.00
2015.02.18 10:05:27.217,1.4591,1.45922,1.00,1.00
2015.02.18 10:05:28.956,1.4591,1.45925,1.00,1.56
2015.02.18 10:05:31.314,1.4591,1.45925,1.00,1.62
2015.02.18 10:05:31.517,1.45909,1.45921,1.00,1.37
2015.02.18 10:05:31.721,1.45906,1.45918,1.00,1.00
2015.02.18 10:05:32.829,1.45906,1.45917,1.00,1.00
2015.02.18 10:05:33.346,1.45904,1.45917,1.00,1.31
2015.02.18 10:05:33.701,1.45904,1.45915,1.00,1.00
2015.02.18 10:05:34.056,1.45904,1.45913,1.00,1.00
2015.02.18 10:05:34.982,1.45901,1.45913,1.00,1.12
2015.02.18 10:05:36.356,1.45901,1.45913,1.00,1.31
2015.02.18 10:05:38.378,1.45901,1.45913,1.00,1.56
2015.02.18 10:05:39.351,1.45901,1.45913,1.00,1.56
2015.02.18 10:05:40.353,1.45901,1.45913,1.00,1.56
2015.02.18 10:05:42.783,1.45901,1.45913,1.00,1.31
2015.02.18 10:05:43.052,1.45898,1.45912,1.00,1.37
2015.02.18 10:05:50.210,1.45898,1.45912,1.00,1.62
2015.02.18 10:05:50.312,1.45898,1.45912,1.00,1.25
2015.02.18 10:05:51.659,1.45898,1.45912,1.00,1.37
2015.02.18 10:05:54.431,1.45898,1.45912,1.00,1.25
2015.02.18 10:05:55.604,1.45898,1.45913,1.00,1.00
2015.02.18 10:05:56.495,1.45898,1.45913,1.00,1.19
2015.02.18 10:05:56.697,1.45898,1.45916,1.00,2.14
2015.02.18 10:05:58.578,1.45898,1.45916,1.00,1.87
2015.02.18 10:05:58.881,1.45898,1.45914,1.00,1.37
2015.02.18 10:06:00.284,1.45898,1.45912,1.00,1.87
2015.02.18 10:06:04.215,1.45898,1.45912,1.00,1.87
2015.02.18 10:06:11.717,1.45895,1.45912,1.00,1.87
2015.02.18 10:06:11.938,1.45895,1.45912,1.00,1.87
2015.02.18 10:06:12.447,1.45894,1.45912,1.25,2.62
2015.02.18 10:06:12.916,1.45894,1.45912,1.25,2.62
2015.02.18 10:06:13.437,1.45894,1.45912,1.25,2.62
2015.02.18 10:06:14.027,1.45894,1.45912,1.00,2.25
2015.02.18 10:06:15.843,1.45894,1.45911,1.00,1.00
2015.02.18 10:06:20.239,1.45894,1.45912,1.19,1.00
2015.02.18 10:06:20.340,1.45897,1.45913,1.00,1.00
2015.02.18 10:06:20.849,1.45898,1.45906,1.00,1.00
2015.02.18 10:06:21.072,1.45893,1.45908,1.00,1.00
2015.02.18 10:06:21.327,1.45895,1.45908,1.00,1.00
2015.02.18 10:06:21.991,1.45895,1.4591,1.00,1.19
2015.02.18 10:06:22.558,1.45895,1.4591,1.00,1.00
2015.02.18 10:06:27.607,1.45894,1.4591,1.00,1.87
2015.02.18 10:06:28.217,1.45893,1.45909,1.00,1.00
2015.02.18 10:06:54.991,1.45894,1.4591,1.00,1.00
2015.02.18 10:06:55.245,1.45899,1.45917,1.37,1.25
2015.02.18 10:06:55.652,1.45902,1.4592,1.00,1.00
2015.02.18 10:06:55.855,1.45904,1.45922,1.00,1.25
2015.02.18 10:06:56.443,1.45904,1.45922,1.00,1.37
2015.02.18 10:06:56.494,1.45899,1.45917,1.00,1.00
2015.02.18 10:06:56.545,1.45899,1.45917,1.00,1.37
2015.02.18 10:06:56.849,1.45896,1.45912,1.37,1.00
2015.02.18 10:06:57.366,1.45896,1.45912,1.00,1.00
2015.02.18 10:06:57.773,1.45896,1.4591,1.00,1.00
2015.02.18 10:06:57.876,1.45896,1.45912,1.00,1.50
2015.02.18 10:06:58.484,1.45891,1.45909,1.31,1.00
2015.02.18 10:06:58.637,1.4589,1.45907,1.00,1.00
2015.02.18 10:06:58.840,1.45888,1.45906,1.00,1.00
2015.02.18 10:06:59.548,1.45888,1.45906,1.37,1.00
2015.02.18 10:06:59.599,1.45892,1.4591,1.00,1.69
2015.02.18 10:06:59.802,1.45894,1.4591,1.00,1.50
2015.02.18 10:07:00.308,1.45893,1.4591,1.00,1.00
2015.02.18 10:07:00.561,1.45891,1.45909,1.12,1.00
2015.02.18 10:07:01.348,1.45889,1.45907,1.19,1.00
2015.02.18 10:07:02.591,1.45889,1.45907,1.25,1.00
2015.02.18 10:07:03.108,1.45889,1.45907,1.00,1.37
2015.02.18 10:07:03.565,1.45887,1.45903,1.00,1.00
2015.02.18 10:07:03.881,1.45889,1.45903,1.12,1.00
2015.02.18 10:07:04.237,1.45889,1.45903,3.22,1.00
2015.02.18 10:07:04.339,1.4589,1.45906,1.60,1.00
2015.02.18 10:07:04.543,1.45892,1.45908,1.37,1.00
2015.02.18 10:07:04.645,1.45893,1.45911,1.00,1.00
2015.02.18 10:07:05.169,1.45893,1.4591,1.00,1.00
2015.02.18 10:07:05.322,1.45892,1.45908,1.00,1.00
2015.02.18 10:07:06.019,1.45892,1.45907,1.00,1.00
2015.02.18 10:07:09.365,1.45889,1.45905,1.00,1.00
2015.02.18 10:07:12.588,1.45889,1.45904,1.00,1.00
2015.02.18 10:07:13.095,1.45889,1.45905,1.00,1.25
2015.02.18 10:07:15.103,1.45887,1.45905,1.00,1.25
2015.02.18 10:07:15.255,1.45887,1.45905,1.00,2.06
2015.02.18 10:07:15.356,1.45887,1.45905,1.00,2.06
2015.02.18 10:07:15.407,1.45885,1.45901,1.00,1.00
2015.02.18 10:07:18.195,1.45884,1.459,1.00,1.00
2015.02.18 10:07:19.413,1.45886,1.459,1.00,1.00
2015.02.18 10:07:20.396,1.45885,1.459,1.00,1.00
2015.02.18 10:07:21.380,1.45885,1.45903,1.50,1.00
2015.02.18 10:07:31.146,1.45885,1.45903,1.37,1.00
2015.02.18 10:07:35.998,1.45888,1.45904,1.00,1.00
2015.02.18 10:07:37.214,1.4589,1.45906,1.00,1.25
2015.02.18 10:07:37.316,1.4589,1.45908,1.00,1.50
2015.02.18 10:07:37.636,1.45892,1.4591,1.12,1.00
2015.02.18 10:07:37.940,1.45894,1.45912,1.31,1.12
2015.02.18 10:07:38.481,1.45897,1.45913,1.12,1.00
2015.02.18 10:07:39.405,1.459,1.45918,1.00,1.69
2015.02.18 10:07:39.570,1.45899,1.45915,1.00,1.00
2015.02.18 10:07:39.723,1.459,1.45918,1.00,1.00
2015.02.18 10:07:39.775,1.459,1.45918,1.31,1.00
2015.02.18 10:07:39.877,1.45903,1.45921,1.00,1.00
2015.02.18 10:07:41.288,1.45903,1.45921,1.00,1.37
2015.02.18 10:07:41.389,1.45902,1.45918,1.00,1.00
2015.02.18 10:07:41.694,1.459,1.45916,1.00,1.12
2015.02.18 10:07:41.998,1.4591,1.45926,1.19,1.00
2015.02.18 10:07:42.049,1.45913,1.45931,1.00,1.00
2015.02.18 10:07:42.558,1.45914,1.45932,1.00,1.00
2015.02.18 10:07:42.710,1.45916,1.45934,1.19,1.00
2015.02.18 10:07:43.066,1.45921,1.45937,1.00,1.00
2015.02.18 10:07:43.369,1.45918,1.45934,1.25,1.00
2015.02.18 10:07:44.207,1.45916,1.45934,1.19,1.00
2015.02.18 10:07:44.711,1.45917,1.45935,1.25,1.00
2015.02.18 10:07:47.541,1.45917,1.45933,1.00,1.00
2015.02.18 10:07:48.651,1.45918,1.45934,1.00,1.00
2015.02.18 10:07:49.665,1.45918,1.45933,1.00,1.00
2015.02.18 10:07:51.937,1.45916,1.45932,1.00,1.00
2015.02.18 10:07:54.318,1.45916,1.45932,1.37,1.00
2015.02.18 10:07:54.470,1.45918,1.45934,1.00,1.50
2015.02.18 10:07:54.632,1.45919,1.45937,1.00,1.00
2015.02.18 10:07:55.140,1.45919,1.45938,1.00,1.25
2015.02.18 10:08:00.657,1.45919,1.45935,1.00,1.00
2015.02.18 10:08:00.911,1.45917,1.45935,1.00,1.19
2015.02.18 10:08:01.114,1.45919,1.45937,1.00,1.69
2015.02.18 10:08:01.316,1.45916,1.45937,1.12,1.69
2015.02.18 10:08:01.620,1.45919,1.45937,1.00,1.69
2015.02.18 10:08:01.923,1.45919,1.45937,1.00,1.69
2015.02.18 10:08:06.345,1.4592,1.45939,1.00,1.19
2015.02.18 10:08:08.145,1.45918,1.45938,1.00,1.31
2015.02.18 10:08:08.926,1.45918,1.45938,1.00,1.31
2015.02.18 10:08:10.931,1.45918,1.45938,1.00,1.31
2015.02.18 10:08:12.934,1.45918,1.45938,1.00,1.25
2015.02.18 10:08:13.086,1.45924,1.4594,1.00,1.69
2015.02.18 10:08:13.936,1.45924,1.4594,1.00,1.69
2015.02.18 10:08:18.081,1.45924,1.4594,1.00,1.50
2015.02.18 10:08:18.588,1.45925,1.45941,1.00,1.19
2015.02.18 10:08:19.997,1.45925,1.45941,1.00,1.25
2015.02.18 10:08:24.862,1.45923,1.45939,1.00,1.00
2015.02.18 10:08:31.805,1.45921,1.45938,1.00,1.00
2015.02.18 10:08:34.087,1.45923,1.45939,1.00,1.00
2015.02.18 10:08:35.429,1.45923,1.45939,1.37,1.00
2015.02.18 10:08:35.735,1.45939,1.45957,1.00,2.06
2015.02.18 10:08:35.988,1.4594,1.45959,1.00,1.69
2015.02.18 10:08:36.839,1.4594,1.45959,1.87,1.69
2015.02.18 10:08:37.473,1.45943,1.45959,1.00,1.69
2015.02.18 10:08:37.625,1.45943,1.45961,1.00,1.00
2015.02.18 10:08:37.777,1.45946,1.45961,1.12,1.00
2015.02.18 10:08:37.828,1.45946,1.45964,1.12,1.12
2015.02.18 10:08:37.930,1.45948,1.45964,1.00,1.12
2015.02.18 10:08:37.981,1.45948,1.45967,1.00,1.12
2015.02.18 10:08:38.032,1.4595,1.45967,1.00,1.12
2015.02.18 10:08:38.336,1.45954,1.4597,1.00,1.00
2015.02.18 10:08:38.489,1.45955,1.45972,1.00,1.00
2015.02.18 10:08:39.004,1.45956,1.45972,1.00,1.00
2015.02.18 10:08:39.158,1.45956,1.45975,1.00,1.00
2015.02.18 10:08:39.209,1.45958,1.45975,1.00,1.00
2015.02.18 10:08:39.714,1.45957,1.45974,1.12,1.00
2015.02.18 10:08:39.816,1.45957,1.45976,1.12,1.25
2015.02.18 10:08:40.018,1.45955,1.45976,1.25,1.25
2015.02.18 10:08:40.069,1.45955,1.45974,1.62,1.00
2015.02.18 10:08:40.614,1.45955,1.45974,1.56,1.00
2015.02.18 10:08:41.226,1.45955,1.45972,1.31,1.00
2015.02.18 10:08:41.581,1.45953,1.45968,1.00,1.00
2015.02.18 10:08:42.232,1.45953,1.45972,1.00,1.50
2015.02.18 10:08:42.771,1.45952,1.45972,1.00,1.69
2015.02.18 10:08:43.608,1.45952,1.45971,1.62,1.00
2015.02.18 10:08:43.761,1.45954,1.45971,1.19,1.00
2015.02.18 10:08:44.268,1.45955,1.45972,1.56,1.00
2015.02.18 10:08:44.723,1.45955,1.45972,1.25,1.00
2015.02.18 10:08:45.930,1.45955,1.4597,1.00,1.00
2015.02.18 10:08:46.033,1.45953,1.4597,1.00,1.00
2015.02.18 10:08:46.136,1.45952,1.45964,1.00,1.00
2015.02.18 10:08:46.187,1.45948,1.45964,1.00,1.00
2015.02.18 10:08:52.634,1.45948,1.45965,1.00,1.00
2015.02.18 10:08:52.882,1.45949,1.45966,1.72,1.00
2015.02.18 10:08:53.035,1.45953,1.45972,1.00,1.00
2015.02.18 10:08:53.340,1.45953,1.45973,1.47,1.00
2015.02.18 10:08:54.582,1.45956,1.45973,2.29,1.00
2015.02.18 10:08:54.785,1.45964,1.45985,1.12,1.75
2015.02.18 10:08:54.836,1.45969,1.45985,1.00,1.75
2015.02.18 10:08:55.141,1.45963,1.45984,1.39,1.50
2015.02.18 10:08:55.243,1.45962,1.45984,1.31,2.25
2015.02.18 10:08:55.755,1.45961,1.4598,1.69,1.12
2015.02.18 10:08:56.948,1.45962,1.4598,1.12,1.12
2015.02.18 10:09:00.700,1.45962,1.45982,1.60,1.50
2015.02.18 10:09:02.038,1.45964,1.45982,1.76,1.00
2015.02.18 10:09:02.568,1.45964,1.45983,1.01,1.00
2015.02.18 10:09:07.085,1.45962,1.45983,2.14,1.00
2015.02.18 10:09:07.592,1.4596,1.45982,1.71,1.00
2015.02.18 10:09:07.896,1.45962,1.45984,1.56,2.44
2015.02.18 10:09:08.402,1.45962,1.45984,1.76,2.44
2015.02.18 10:09:08.560,1.45962,1.45984,1.20,2.44
2015.02.18 10:09:08.864,1.45961,1.45977,1.00,1.00
2015.02.18 10:09:08.965,1.45957,1.45977,1.76,1.00
2015.02.18 10:09:09.759,1.45957,1.45979,2.21,1.62
2015.02.18 10:09:10.266,1.45958,1.45978,1.47,1.37
2015.02.18 10:09:10.783,1.45958,1.45977,1.47,1.12
2015.02.18 10:09:11.327,1.45958,1.45977,1.01,1.12
2015.02.18 10:09:12.182,1.45956,1.45976,2.14,1.37
2015.02.18 10:09:14.303,1.45956,1.45976,1.87,1.00
2015.02.18 10:09:15.052,1.45956,1.45976,2.06,1.00
2015.02.18 10:09:15.103,1.45957,1.45978,1.56,1.50
2015.02.18 10:09:15.204,1.45958,1.45978,1.31,1.00
2015.02.18 10:09:15.255,1.4596,1.4598,1.69,1.00
2015.02.18 10:09:15.357,1.45963,1.45983,1.56,1.00
2015.02.18 10:09:15.408,1.45963,1.45983,1.19,1.00
2015.02.18 10:09:15.944,1.45964,1.45982,1.19,1.00
2015.02.18 10:09:15.995,1.45964,1.45982,1.25,1.00
2015.02.18 10:09:16.197,1.45964,1.45982,1.25,1.04
2015.02.18 10:09:16.349,1.45961,1.45981,1.00,1.04
2015.02.18 10:09:16.851,1.45961,1.45981,1.37,1.04
2015.02.18 10:09:16.902,1.45968,1.45981,1.12,1.00
2015.02.18 10:09:16.953,1.45968,1.45985,1.76,1.05
2015.02.18 10:09:17.055,1.45968,1.45985,2.14,1.05
2015.02.18 10:09:17.207,1.45973,1.45991,1.00,1.00
2015.02.18 10:09:17.308,1.45975,1.45992,1.00,1.00
2015.02.18 10:09:17.410,1.4597,1.4599,1.26,1.87
2015.02.18 10:09:18.358,1.4597,1.4599,1.01,1.87
2015.02.18 10:09:18.511,1.45969,1.45988,1.84,1.00
2015.02.18 10:09:18.664,1.4597,1.4599,1.39,1.87
2015.02.18 10:09:19.128,1.45968,1.45987,1.10,1.00
2015.02.18 10:09:19.434,1.45964,1.45981,1.00,1.00
2015.02.18 10:09:19.738,1.45961,1.45979,1.00,1.00
2015.02.18 10:09:19.839,1.45956,1.45975,1.20,1.50
2015.02.18 10:09:19.935,1.45956,1.45975,1.00,1.50
2015.02.18 10:09:20.088,1.45953,1.45974,1.31,1.00
2015.02.18 10:09:20.595,1.45953,1.45974,1.19,1.37
2015.02.18 10:09:20.822,1.45953,1.45971,1.19,1.00
2015.02.18 10:09:21.278,1.45955,1.45973,1.00,1.00
2015.02.18 10:09:22.048,1.45953,1.45971,1.25,1.00
2015.02.18 10:09:26.911,1.45955,1.45973,1.00,1.00
2015.02.18 10:09:28.881,1.45953,1.45971,1.25,1.00
2015.02.18 10:09:29.393,1.45954,1.4597,1.25,1.00
2015.02.18 10:09:39.752,1.45954,1.4597,1.17,1.00
2015.02.18 10:09:40.107,1.45958,1.45972,1.94,1.00
2015.02.18 10:09:40.209,1.45961,1.45977,3.60,1.00
2015.02.18 10:09:40.310,1.45963,1.4598,2.07,1.00
2015.02.18 10:09:40.412,1.45967,1.4598,1.00,1.00
2015.02.18 10:09:40.463,1.45967,1.45982,1.00,1.12
2015.02.18 10:09:40.514,1.45963,1.45981,1.37,1.00
2015.02.18 10:09:40.565,1.45963,1.45976,1.37,1.00
2015.02.18 10:09:40.818,1.45963,1.45976,1.00,1.00
2015.02.18 10:09:40.971,1.45958,1.45976,1.12,1.87
2015.02.18 10:09:41.022,1.45958,1.45976,1.00,1.87
2015.02.18 10:09:41.580,1.45958,1.45976,1.00,1.87
2015.02.18 10:09:42.292,1.45957,1.45973,1.00,1.00
2015.02.18 10:09:42.916,1.45957,1.45969,1.00,1.00
2015.02.18 10:09:42.967,1.45952,1.45969,1.87,1.00
2015.02.18 10:09:43.018,1.45952,1.45969,1.00,1.19
2015.02.18 10:09:43.069,1.45945,1.45963,1.00,1.00
2015.02.18 10:09:43.729,1.45945,1.45963,1.00,1.37
2015.02.18 10:09:44.251,1.45945,1.45961,1.00,1.00
2015.02.18 10:09:44.909,1.45942,1.4596,1.00,1.00
2015.02.18 10:09:45.541,1.45942,1.4596,1.00,1.69
2015.02.18 10:09:46.111,1.45942,1.4596,1.00,1.50
2015.02.18 10:09:47.294,1.45942,1.45948,1.00,1.00
2015.02.18 10:09:47.396,1.45942,1.45955,1.00,1.12
2015.02.18 10:09:47.447,1.45939,1.45955,1.00,2.62
2015.02.18 10:09:47.499,1.45939,1.45952,1.00,1.00
2015.02.18 10:09:47.549,1.45935,1.45952,1.00,1.75
2015.02.18 10:09:47.752,1.45934,1.45952,1.00,1.50
2015.02.18 10:09:48.834,1.45934,1.45946,1.00,1.00
2015.02.18 10:09:48.987,1.45931,1.45946,1.00,1.00
2015.02.18 10:09:49.088,1.45927,1.45945,1.19,1.00
2015.02.18 10:09:49.242,1.45923,1.45941,1.25,1.50
2015.02.18 10:09:50.579,1.45923,1.45941,1.37,1.69
2015.02.18 10:09:50.630,1.45926,1.45941,1.00,1.00
2015.02.18 10:09:50.783,1.45932,1.45948,1.12,1.69
2015.02.18 10:09:56.544,1.45932,1.45948,1.87,1.00
2015.02.18 10:09:56.797,1.45936,1.45954,1.00,1.50
2015.02.18 10:09:57.556,1.45938,1.45956,1.00,1.25
2015.02.18 10:09:57.860,1.4594,1.45957,1.00,1.12
2015.02.18 10:09:58.165,1.45944,1.4596,1.00,1.44
2015.02.18 10:09:58.571,1.45945,1.45963,1.00,2.25
2015.02.18 10:09:59.035,1.45947,1.45963,1.00,1.25
2015.02.18 10:09:59.546,1.45946,1.45962,1.00,1.25
2015.02.18 10:10:00.062,1.45945,1.45961,1.12,1.12
2015.02.18 10:10:00.418,1.45943,1.45959,1.10,1.00
2015.02.18 10:10:00.724,1.4594,1.45956,1.37,1.00
2015.02.18 10:10:00.927,1.45942,1.45958,1.12,1.00
2015.02.18 10:10:01.484,1.45942,1.45958,1.37,1.00
2015.02.18 10:10:02.001,1.45942,1.45958,1.37,1.00
2015.02.18 10:10:02.523,1.45942,1.45958,1.37,1.00
2015.02.18 10:10:05.431,1.45942,1.45958,1.12,1.00
2015.02.18 10:10:06.038,1.45943,1.45961,1.00,1.00
2015.02.18 10:10:07.533,1.45943,1.45961,1.00,1.69
2015.02.18 10:10:08.040,1.45943,1.45961,1.00,1.50
2015.02.18 10:10:08.801,1.45943,1.45961,1.00,1.69
2015.02.18 10:10:09.307,1.45943,1.45961,1.00,1.25
2015.02.18 10:10:09.762,1.45943,1.45961,1.00,2.44
2015.02.18 10:10:09.863,1.45943,1.45961,1.00,2.44
2015.02.18 10:10:11.820,1.45943,1.45961,1.00,2.44
2015.02.18 10:10:12.227,1.45947,1.45963,1.56,1.00
2015.02.18 10:10:12.329,1.45949,1.45965,1.00,1.00
2015.02.18 10:10:13.067,1.45949,1.45965,1.31,1.00
2015.02.18 10:10:13.220,1.45951,1.45967,1.00,1.00
2015.02.18 10:10:13.321,1.45952,1.4597,1.00,1.00
2015.02.18 10:10:15.624,1.45952,1.45967,1.00,1.00
2015.02.18 10:10:15.928,1.45952,1.45964,1.00,1.00
2015.02.18 10:10:19.222,1.45952,1.4596,1.00,1.00
2015.02.18 10:10:19.374,1.45948,1.4596,1.19,1.00
2015.02.18 10:10:20.759,1.45948,1.4596,1.00,1.00
2015.02.18 10:10:24.952,1.45948,1.45961,1.00,1.00
2015.02.18 10:10:25.679,1.45948,1.45952,1.00,1.00
2015.02.18 10:10:25.730,1.45941,1.45952,2.59,1.00
2015.02.18 10:10:25.781,1.45941,1.45949,1.55,1.00
2015.02.18 10:10:25.933,1.45938,1.45948,1.00,1.00
2015.02.18 10:10:25.985,1.45936,1.4595,1.00,1.00
2015.02.18 10:10:26.794,1.45936,1.4595,1.50,1.00
2015.02.18 10:10:26.896,1.4594,1.45954,1.00,1.00
2015.02.18 10:10:27.048,1.45942,1.45954,1.00,1.00
2015.02.18 10:10:27.303,1.45944,1.45959,1.00,1.00
2015.02.18 10:10:28.172,1.45946,1.45959,1.00,1.00
2015.02.18 10:10:29.775,1.45946,1.45959,1.37,1.00
2015.02.18 10:10:30.282,1.45948,1.45961,1.00,1.00
2015.02.18 10:10:31.672,1.45948,1.45964,1.12,1.50
2015.02.18 10:10:31.824,1.4595,1.45964,1.00,1.50
2015.02.18 10:10:32.128,1.45952,1.45965,1.00,1.00
2015.02.18 10:10:35.385,1.45952,1.45965,1.12,1.19
2015.02.18 10:10:36.684,1.45952,1.45965,1.00,1.25
2015.02.18 10:10:36.837,1.45949,1.45965,1.31,1.69
2015.02.18 10:10:37.485,1.4595,1.45964,1.25,1.00
2015.02.18 10:10:39.533,1.4595,1.45966,1.00,1.00
2015.02.18 10:10:40.725,1.45952,1.45967,1.00,1.00
2015.02.18 10:11:06.661,1.45952,1.45966,1.00,1.00
2015.02.18 10:11:12.197,1.45952,1.45968,1.12,1.50
2015.02.18 10:11:15.725,1.45952,1.45968,1.37,1.50
2015.02.18 10:11:16.439,1.45952,1.45968,1.00,1.50
2015.02.18 10:11:18.884,1.45953,1.45969,1.00,1.00
2015.02.18 10:11:21.035,1.45953,1.45971,1.62,1.50
2015.02.18 10:11:21.086,1.45957,1.45971,1.00,1.00
2015.02.18 10:11:21.137,1.45957,1.45973,1.00,1.00
2015.02.18 10:11:21.922,1.45957,1.45973,1.00,1.37
2015.02.18 10:11:21.973,1.45957,1.45971,1.00,1.37
2015.02.18 10:11:22.126,1.45946,1.45961,1.00,1.50
2015.02.18 10:11:22.177,1.45946,1.45958,1.00,1.00
2015.02.18 10:11:22.379,1.45943,1.45958,1.00,1.50
2015.02.18 10:11:22.734,1.45943,1.45956,1.00,1.00
2015.02.18 10:11:22.937,1.4594,1.45956,1.00,1.50
2015.02.18 10:11:27.649,1.4594,1.45956,1.37,1.00
2015.02.18 10:11:27.700,1.45944,1.45961,1.00,1.56
2015.02.18 10:11:27.751,1.45943,1.45961,1.50,1.00
2015.02.18 10:11:27.802,1.45942,1.45957,1.37,1.37
2015.02.18 10:11:27.903,1.45933,1.45951,1.87,1.00
2015.02.18 10:11:27.954,1.45933,1.45944,1.37,1.00
2015.02.18 10:11:28.056,1.45929,1.45945,1.50,1.00
2015.02.18 10:11:28.107,1.45932,1.45948,1.00,1.50
2015.02.18 10:11:28.208,1.45928,1.45946,1.50,1.12
2015.02.18 10:11:28.310,1.45928,1.45946,1.00,1.37
2015.02.18 10:11:28.629,1.45925,1.45941,1.62,1.00
2015.02.18 10:11:29.137,1.45925,1.4594,1.37,1.00
2015.02.18 10:11:29.189,1.45925,1.4594,1.00,1.00
2015.02.18 10:11:30.177,1.45922,1.4594,1.94,1.00
2015.02.18 10:11:30.330,1.45927,1.45943,1.37,1.00
2015.02.18 10:11:31.296,1.4593,1.45944,1.00,1.00
2015.02.18 10:11:31.347,1.4593,1.45946,1.00,1.00
2015.02.18 10:11:31.398,1.45926,1.45944,1.19,1.00
2015.02.18 10:11:31.449,1.45926,1.45941,1.00,1.00
2015.02.18 10:11:31.556,1.45928,1.45945,1.00,1.00
2015.02.18 10:11:31.660,1.45932,1.45945,1.00,1.00
2015.02.18 10:11:31.965,1.45935,1.45951,1.00,1.19
2015.02.18 10:11:32.067,1.45935,1.45951,1.00,1.00
2015.02.18 10:11:32.170,1.45938,1.45953,1.00,1.25
2015.02.18 10:11:32.474,1.45942,1.45959,1.00,1.19
2015.02.18 10:11:32.576,1.45944,1.45959,1.00,1.25
2015.02.18 10:11:32.626,1.45948,1.45959,1.00,1.25
2015.02.18 10:11:32.678,1.45948,1.45963,1.00,1.00
2015.02.18 10:11:32.729,1.4594,1.45965,3.34,1.25
2015.02.18 10:11:32.780,1.45943,1.45969,1.94,2.06
2015.02.18 10:11:33.286,1.45947,1.45973,1.09,1.19
2015.02.18 10:11:33.591,1.45957,1.45973,1.00,1.19
2015.02.18 10:11:33.844,1.45957,1.45973,1.00,1.00
2015.02.18 10:11:34.279,1.4595,1.45961,1.00,1.12
2015.02.18 10:11:34.583,1.45945,1.45954,1.00,1.00
2015.02.18 10:11:35.088,1.45945,1.45958,1.00,1.19
2015.02.18 10:11:35.621,1.45945,1.45958,1.00,1.19
2015.02.18 10:11:37.569,1.45945,1.45955,1.00,1.00
2015.02.18 10:11:38.095,1.45945,1.45958,1.00,1.31
2015.02.18 10:11:38.614,1.45945,1.45958,1.00,1.19
2015.02.18 10:11:39.590,1.45945,1.45958,1.37,1.00
2015.02.18 10:11:39.995,1.45947,1.45964,1.00,1.69
2015.02.18 10:11:40.096,1.4595,1.45966,1.00,1.00
2015.02.18 10:11:40.400,1.45954,1.45972,1.00,1.69
2015.02.18 10:11:42.091,1.45954,1.4597,1.00,1.69
2015.02.18 10:11:43.105,1.45954,1.4597,1.00,1.69
2015.02.18 10:11:44.098,1.45954,1.4597,1.00,1.50
2015.02.18 10:11:47.319,1.45954,1.4597,1.00,1.69
2015.02.18 10:11:48.720,1.45954,1.45972,1.00,2.06
2015.02.18 10:11:49.589,1.45954,1.45972,1.00,1.69
2015.02.18 10:11:49.691,1.45954,1.45972,1.00,2.06
2015.02.18 10:11:50.715,1.45954,1.45971,1.00,1.31
2015.02.18 10:11:52.411,1.45954,1.45969,1.00,1.19
2015.02.18 10:11:53.186,1.45952,1.45969,1.00,1.69
2015.02.18 10:11:53.396,1.45952,1.45969,1.00,1.69
2015.02.18 10:11:57.128,1.45952,1.45959,1.00,1.00
2015.02.18 10:11:57.179,1.45947,1.45959,1.00,1.00
2015.02.18 10:11:57.281,1.45942,1.45959,1.00,1.69
2015.02.18 10:11:57.383,1.4594,1.45956,1.00,1.00
2015.02.18 10:11:58.699,1.45941,1.45957,1.00,1.00
2015.02.18 10:11:59.003,1.45945,1.45961,1.00,1.31
2015.02.18 10:11:59.805,1.45945,1.45957,1.12,1.00
2015.02.18 10:12:00.110,1.45943,1.45955,1.00,1.00
2015.02.18 10:12:00.262,1.45939,1.45955,1.00,1.00
2015.02.18 10:12:02.984,1.45939,1.45954,1.00,1.00
2015.02.18 10:12:03.978,1.45938,1.45954,1.00,1.50
2015.02.18 10:12:06.406,1.45936,1.45952,1.00,1.00
2015.02.18 10:12:07.365,1.45934,1.4595,1.00,1.00
2015.02.18 10:12:09.181,1.45935,1.4595,1.00,1.00
2015.02.18 10:12:10.420,1.45932,1.4595,1.50,1.00
2015.02.18 10:12:11.911,1.45926,1.45944,1.95,1.00
2015.02.18 10:12:12.231,1.45924,1.45942,1.37,1.00
2015.02.18 10:12:13.211,1.45928,1.45944,1.37,1.00
2015.02.18 10:12:14.832,1.45928,1.45944,1.37,1.00
2015.02.18 10:12:15.337,1.45928,1.45944,1.37,1.00
2015.02.18 10:12:16.657,1.45928,1.45944,1.37,1.00
2015.02.18 10:12:17.012,1.45929,1.45944,1.62,1.00
2015.02.18 10:12:17.063,1.4593,1.45948,1.37,1.12
2015.02.18 10:12:17.114,1.45932,1.45948,1.56,1.12
2015.02.18 10:12:17.216,1.45934,1.4595,1.56,1.00
2015.02.18 10:12:17.267,1.45936,1.45952,1.62,1.50
2015.02.18 10:12:17.419,1.45937,1.45955,1.37,1.00
2015.02.18 10:12:17.470,1.45937,1.45955,1.37,1.00
2015.02.18 10:12:18.078,1.45935,1.45953,2.06,1.00
2015.02.18 10:12:18.129,1.45935,1.45953,2.06,1.00
2015.02.18 10:12:18.331,1.45935,1.45953,1.00,1.00
2015.02.18 10:12:22.007,1.45935,1.45953,1.00,1.69
2015.02.18 10:12:22.824,1.45935,1.45953,1.00,1.69
2015.02.18 10:12:23.360,1.45934,1.45952,1.00,1.69
2015.02.18 10:12:23.720,1.45934,1.45951,1.00,2.29
2015.02.18 10:12:23.872,1.45925,1.45943,1.10,1.25
2015.02.18 10:12:24.378,1.45926,1.45944,1.72,1.00
2015.02.18 10:12:24.430,1.45931,1.45949,1.00,1.47
2015.02.18 10:12:24.481,1.45931,1.45949,1.00,1.25
2015.02.18 10:12:25.432,1.45931,1.45949,1.00,1.19
2015.02.18 10:12:27.038,1.45931,1.45949,1.00,1.00
2015.02.18 10:12:27.140,1.45931,1.45949,1.37,1.56
2015.02.18 10:12:27.242,1.45929,1.45947,1.37,1.12
2015.02.18 10:12:27.748,1.45931,1.45949,1.00,1.56
2015.02.18 10:12:28.189,1.45934,1.4595,1.00,1.00
2015.02.18 10:12:29.054,1.45936,1.45952,1.00,1.00
2015.02.18 10:12:31.250,1.45934,1.4595,1.00,1.00
2015.02.18 10:12:35.749,1.45936,1.45952,1.00,1.19
2015.02.18 10:12:36.255,1.45936,1.45954,1.00,1.19
2015.02.18 10:12:36.389,1.45936,1.45954,1.00,1.00
2015.02.18 10:12:36.744,1.45938,1.45956,1.00,1.00
2015.02.18 10:12:37.408,1.45941,1.45957,1.00,1.00
2015.02.18 10:12:43.019,1.45938,1.45955,1.00,1.25
2015.02.18 10:12:43.274,1.45937,1.45953,1.00,1.00
2015.02.18 10:12:44.800,1.45938,1.45956,1.00,1.00
2015.02.18 10:12:45.004,1.45939,1.45956,1.19,1.00
2015.02.18 10:12:45.207,1.45944,1.4596,1.00,1.00
2015.02.18 10:12:46.226,1.45945,1.45963,1.00,1.00
2015.02.18 10:12:46.429,1.45947,1.45965,1.00,1.19
2015.02.18 10:12:46.885,1.45952,1.45967,1.00,1.19
2015.02.18 10:12:47.088,1.45952,1.45968,1.00,1.00
2015.02.18 10:12:47.629,1.45953,1.45969,1.00,1.00
2015.02.18 10:12:53.351,1.45956,1.45972,1.00,1.19
2015.02.18 10:12:53.655,1.45956,1.45972,1.00,1.69
2015.02.18 10:12:53.807,1.45956,1.45971,1.00,1.25
2015.02.18 10:12:53.910,1.4596,1.45971,1.00,1.25
2015.02.18 10:12:54.011,1.45958,1.45971,1.00,1.25
2015.02.18 10:12:54.113,1.45958,1.4597,1.00,2.10
2015.02.18 10:12:54.619,1.45957,1.4597,1.00,2.10
2015.02.18 10:12:56.048,1.45957,1.45973,1.00,1.54
2015.02.18 10:12:58.035,1.45957,1.45973,1.00,1.54
2015.02.18 10:12:59.045,1.45957,1.45973,1.00,1.54
2015.02.18 10:13:00.040,1.45957,1.45972,1.00,1.25
2015.02.18 10:13:01.018,1.45957,1.45972,1.00,1.19
2015.02.18 10:13:02.040,1.45957,1.45972,1.00,1.19
2015.02.18 10:13:02.588,1.45957,1.45969,1.00,2.10
2015.02.18 10:13:02.841,1.45954,1.45969,1.00,2.29
2015.02.18 10:13:02.892,1.45954,1.45963,1.00,2.10
2015.02.18 10:13:03.044,1.45949,1.45963,1.00,2.10
2015.02.18 10:13:03.146,1.45947,1.45963,1.00,2.85
2015.02.18 10:13:03.915,1.45945,1.45963,1.37,2.85
2015.02.18 10:13:04.937,1.45948,1.45963,1.00,2.29
2015.02.18 10:13:08.232,1.45948,1.45966,1.00,1.19
2015.02.18 10:13:08.435,1.45948,1.45964,1.00,1.05
2015.02.18 10:13:08.486,1.45948,1.45962,1.00,2.10
2015.02.18 10:13:08.638,1.45948,1.45966,1.00,1.19
2015.02.18 10:13:08.993,1.4595,1.45967,1.00,1.49
2015.02.18 10:13:09.545,1.4595,1.45967,1.00,1.16
2015.02.18 10:13:10.062,1.45951,1.45969,1.00,1.56
2015.02.18 10:13:10.969,1.45953,1.45971,1.00,1.56
2015.02.18 10:13:17.403,1.45953,1.4597,1.00,1.42
2015.02.18 10:13:20.128,1.45953,1.45971,1.00,1.00
2015.02.18 10:13:20.230,1.45955,1.45973,1.00,1.25
2015.02.18 10:13:20.535,1.45958,1.45974,1.00,1.19
2015.02.18 10:13:21.055,1.45958,1.45974,1.00,1.25
2015.02.18 10:13:22.078,1.45958,1.45974,1.00,1.19
2015.02.18 10:13:22.740,1.45955,1.45973,1.00,1.19
2015.02.18 10:13:23.249,1.45955,1.45973,1.00,1.19
2015.02.18 10:13:25.062,1.45955,1.45973,1.00,1.19
2015.02.18 10:13:28.068,1.45955,1.45973,1.00,1.25
2015.02.18 10:13:28.220,1.45955,1.45969,1.00,1.00
2015.02.18 10:13:33.820,1.45955,1.45972,1.00,1.00
2015.02.18 10:13:44.751,1.45955,1.45973,1.00,1.00
2015.02.18 10:13:45.267,1.45955,1.45973,1.00,1.62
2015.02.18 10:13:47.009,1.45955,1.45973,1.12,1.00
2015.02.18 10:13:48.911,1.45958,1.45974,1.00,1.25
2015.02.18 10:13:51.532,1.45958,1.45974,1.56,1.00
2015.02.18 10:13:51.582,1.45962,1.4598,1.00,1.50
2015.02.18 10:13:51.684,1.45967,1.45983,1.00,1.12
2015.02.18 10:13:51.786,1.45968,1.45986,1.00,2.06
2015.02.18 10:13:52.291,1.45967,1.45985,1.00,1.00
2015.02.18 10:13:52.802,1.45967,1.45985,1.00,1.19
2015.02.18 10:13:53.827,1.45967,1.45985,1.00,1.00
2015.02.18 10:13:53.878,1.45969,1.45985,1.00,1.00
2015.02.18 10:13:54.182,1.45971,1.45987,1.10,1.00
2015.02.18 10:13:54.487,1.4597,1.45986,1.00,1.19
2015.02.18 10:13:54.790,1.45968,1.45984,1.00,1.25
2015.02.18 10:13:55.347,1.45968,1.45984,1.00,1.19
2015.02.18 10:13:56.205,1.45966,1.45982,1.00,1.00
2015.02.18 10:13:58.836,1.45968,1.45984,1.00,1.69
2015.02.18 10:13:59.141,1.4597,1.45983,1.00,1.00
2015.02.18 10:13:59.446,1.4597,1.45981,1.00,1.00
2015.02.18 10:13:59.973,1.4597,1.45985,1.00,2.44
2015.02.18 10:14:00.327,1.45971,1.45985,1.00,1.19
2015.02.18 10:14:00.530,1.45972,1.4599,2.85,2.25
2015.02.18 10:14:00.581,1.45977,1.45992,1.00,1.75
2015.02.18 10:14:00.885,1.45979,1.4599,1.00,1.75
2015.02.18 10:14:00.936,1.45979,1.45992,1.00,2.00
2015.02.18 10:14:00.988,1.45979,1.45992,1.00,1.62
2015.02.18 10:14:01.039,1.45979,1.45994,1.00,3.00
2015.02.18 10:14:01.090,1.45979,1.45991,1.00,1.37
2015.02.18 10:14:01.243,1.45978,1.45991,1.00,1.12
2015.02.18 10:14:01.800,1.45978,1.45992,1.00,2.44
2015.02.18 10:14:02.053,1.45978,1.45992,1.00,2.06
2015.02.18 10:14:02.629,1.45978,1.45991,1.00,1.50
2015.02.18 10:14:03.105,1.45977,1.45991,1.00,2.25
2015.02.18 10:14:03.409,1.45981,1.45991,1.00,2.25
2015.02.18 10:14:03.874,1.45979,1.45991,1.00,2.25
2015.02.18 10:14:03.975,1.45978,1.45991,1.00,1.37
2015.02.18 10:14:04.026,1.45978,1.45991,1.00,1.00
2015.02.18 10:14:04.077,1.45973,1.45991,1.50,1.37
2015.02.18 10:14:04.382,1.45972,1.45988,1.00,2.22
2015.02.18 10:14:04.433,1.4597,1.45988,1.00,2.22
2015.02.18 10:14:04.585,1.4597,1.45985,1.00,1.00
2015.02.18 10:14:04.738,1.45969,1.45987,1.00,1.12
2015.02.18 10:14:05.345,1.45969,1.45987,1.00,1.31
2015.02.18 10:14:05.716,1.45969,1.45987,1.12,1.19
2015.02.18 10:14:05.818,1.45969,1.45987,1.10,1.19
2015.02.18 10:14:06.223,1.45967,1.45983,1.00,1.00
2015.02.18 10:14:08.297,1.45969,1.45985,1.00,1.25
2015.02.18 10:14:09.594,1.45969,1.45985,1.00,1.19
2015.02.18 10:14:10.556,1.45969,1.45985,1.00,1.25
2015.02.18 10:14:11.584,1.45969,1.45985,1.00,1.19
2015.02.18 10:14:12.907,1.45971,1.45987,1.00,1.00
2015.02.18 10:14:13.009,1.45976,1.45991,1.00,1.00
2015.02.18 10:14:13.314,1.45973,1.45991,1.50,2.00
2015.02.18 10:14:13.821,1.45973,1.45991,1.50,2.00
2015.02.18 10:14:14.125,1.4597,1.45986,1.00,1.00
2015.02.18 10:14:14.430,1.45974,1.45989,1.00,1.00
2015.02.18 10:14:14.481,1.45977,1.45993,1.00,1.25
2015.02.18 10:14:14.683,1.4598,1.45996,1.00,1.00
2015.02.18 10:14:14.887,1.45981,1.46007,1.69,1.31
2015.02.18 10:14:15.090,1.45984,1.46009,2.21,1.19
2015.02.18 10:14:15.293,1.45985,1.46013,1.01,2.06
2015.02.18 10:14:15.344,1.45993,1.46009,1.00,1.00
2015.02.18 10:14:16.504,1.45993,1.46009,1.00,1.19
2015.02.18 10:14:17.705,1.45993,1.46006,1.00,2.29
2015.02.18 10:14:17.959,1.45987,1.46006,1.00,3.04
2015.02.18 10:14:18.882,1.45987,1.46006,1.00,3.04
2015.02.18 10:14:18.983,1.45985,1.46004,1.00,1.19
2015.02.18 10:14:19.909,1.45985,1.46004,1.00,1.19
2015.02.18 10:14:20.884,1.45985,1.46004,1.00,1.19
2015.02.18 10:14:21.190,1.45983,1.46002,1.00,1.19
2015.02.18 10:14:22.273,1.45982,1.46,1.00,1.69
2015.02.18 10:14:23.091,1.45982,1.46,1.00,1.69
2015.02.18 10:14:23.636,1.45985,1.46002,2.47,1.37
2015.02.18 10:14:23.687,1.45985,1.46004,2.47,1.31
2015.02.18 10:14:23.839,1.4599,1.46005,1.12,1.00
2015.02.18 10:14:23.942,1.4599,1.46011,1.50,1.29
2015.02.18 10:14:23.993,1.45993,1.46011,1.00,1.19
2015.02.18 10:14:24.044,1.45995,1.46014,1.00,1.00
2015.02.18 10:14:24.097,1.45995,1.46014,1.00,1.19
2015.02.18 10:14:24.605,1.45996,1.46016,1.00,1.19
2015.02.18 10:14:24.808,1.45998,1.46018,1.50,1.19
2015.02.18 10:14:25.317,1.46,1.4602,1.00,1.19
2015.02.18 10:14:25.847,1.46001,1.46022,1.00,1.19
2015.02.18 10:14:26.352,1.46001,1.46022,1.00,1.19
2015.02.18 10:14:26.912,1.46004,1.46023,1.00,1.79
2015.02.18 10:14:27.337,1.46004,1.46023,1.00,1.79
2015.02.18 10:14:28.246,1.46006,1.46027,1.00,1.00
2015.02.18 10:14:28.297,1.46012,1.46026,1.00,1.00
2015.02.18 10:14:28.450,1.46015,1.46036,1.00,2.81
2015.02.18 10:14:29.405,1.4602,1.46038,1.12,1.19
2015.02.18 10:14:29.456,1.46022,1.46042,1.37,1.75
2015.02.18 10:14:29.507,1.46022,1.46045,1.75,1.87
2015.02.18 10:14:29.659,1.4603,1.46049,1.00,1.19
2015.02.18 10:14:29.913,1.4603,1.46055,1.12,1.19
2015.02.18 10:14:30.014,1.4603,1.46057,1.95,1.19
2015.02.18 10:14:30.065,1.46038,1.46057,1.00,1.25
2015.02.18 10:14:30.369,1.46044,1.46064,1.00,1.50
2015.02.18 10:14:30.471,1.46041,1.46064,1.10,1.50
2015.02.18 10:14:30.573,1.46044,1.46065,1.00,1.75
2015.02.18 10:14:31.136,1.46044,1.46065,1.00,1.75
2015.02.18 10:14:32.125,1.46044,1.46065,1.00,1.75
2015.02.18 10:14:32.380,1.46047,1.46067,1.00,1.37
2015.02.18 10:14:32.431,1.46048,1.46067,1.37,1.00
2015.02.18 10:14:32.482,1.46063,1.46074,1.00,1.17
2015.02.18 10:14:32.534,1.46065,1.46082,2.10,1.75
2015.02.18 10:14:32.637,1.46062,1.46079,3.97,1.00
2015.02.18 10:14:32.789,1.46075,1.46091,1.00,1.44
2015.02.18 10:14:32.841,1.46088,1.46094,1.00,1.55
2015.02.18 10:14:32.892,1.46082,1.46094,1.37,1.29
2015.02.18 10:14:33.046,1.46094,1.46111,1.17,1.19
2015.02.18 10:14:33.097,1.46094,1.46111,1.47,1.19
2015.02.18 10:14:33.199,1.46091,1.4611,1.75,1.00
2015.02.18 10:14:33.402,1.46087,1.46111,1.00,1.40
2015.02.18 10:14:33.453,1.46087,1.46105,1.00,1.26
2015.02.18 10:14:33.555,1.46082,1.46105,1.37,1.19
2015.02.18 10:14:33.656,1.46082,1.46107,1.37,1.19
2015.02.18 10:14:34.163,1.46082,1.46106,1.00,1.26
2015.02.18 10:14:34.467,1.4608,1.46106,1.00,1.26
2015.02.18 10:14:34.670,1.46078,1.46104,1.25,1.29
2015.02.18 10:14:34.771,1.46077,1.46104,1.00,2.14
2015.02.18 10:14:35.226,1.46082,1.46105,1.00,1.01
2015.02.18 10:14:35.530,1.46087,1.46117,3.64,1.29
2015.02.18 10:14:35.632,1.46087,1.46118,2.21,1.84
2015.02.18 10:14:35.682,1.4609,1.46116,1.00,1.19
2015.02.18 10:14:35.911,1.46087,1.46115,2.89,1.29
2015.02.18 10:14:36.063,1.46087,1.46112,1.37,1.19
2015.02.18 10:14:36.267,1.46084,1.46106,1.31,1.29
2015.02.18 10:14:36.369,1.46079,1.46106,1.69,1.39
2015.02.18 10:14:36.472,1.46086,1.46104,1.00,1.19
2015.02.18 10:14:36.727,1.46093,1.46115,1.56,1.00
2015.02.18 10:14:36.829,1.46095,1.4612,1.25,1.39
2015.02.18 10:14:36.881,1.46092,1.46118,1.00,1.29
2015.02.18 10:14:36.982,1.46092,1.46114,1.00,1.19
2015.02.18 10:14:37.033,1.4609,1.46114,1.00,1.69
2015.02.18 10:14:37.084,1.4609,1.46114,1.00,2.44
2015.02.18 10:14:37.186,1.46086,1.46112,1.25,1.34
2015.02.18 10:14:37.288,1.46088,1.46114,1.10,1.31
2015.02.18 10:14:37.592,1.46073,1.46094,1.75,1.62
2015.02.18 10:14:37.744,1.46065,1.46084,1.00,1.19
2015.02.18 10:14:37.997,1.46065,1.46087,1.00,1.19
2015.02.18 10:14:38.048,1.46065,1.46087,1.12,1.19
2015.02.18 10:14:38.558,1.46066,1.4609,1.00,1.19
2015.02.18 10:14:38.863,1.46066,1.46091,1.25,1.19
2015.02.18 10:14:38.914,1.46069,1.46091,1.00,1.19
2015.02.18 10:14:39.268,1.46068,1.46091,1.37,1.25
2015.02.18 10:14:39.370,1.46068,1.46093,1.00,1.19
2015.02.18 10:14:39.471,1.46068,1.46093,1.00,1.29
2015.02.18 10:14:39.893,1.46066,1.46091,1.07,1.19
2015.02.18 10:14:39.995,1.46062,1.46082,1.15,1.19
2015.02.18 10:14:40.198,1.4606,1.46082,1.17,1.19
2015.02.18 10:14:40.748,1.46057,1.46077,1.75,1.00
2015.02.18 10:14:40.799,1.46056,1.46075,1.20,1.87
2015.02.18 10:14:40.850,1.46054,1.46075,1.12,1.87
2015.02.18 10:14:40.901,1.46052,1.46066,1.50,1.00
2015.02.18 10:14:40.952,1.46044,1.46066,1.12,1.00
2015.02.18 10:14:41.003,1.46043,1.46071,2.32,1.39
2015.02.18 10:14:41.308,1.46043,1.46066,1.37,1.29
2015.02.18 10:14:41.814,1.46043,1.46063,1.00,1.19
2015.02.18 10:14:42.600,1.46043,1.46063,1.37,1.19
2015.02.18 10:14:42.895,1.46044,1.46063,1.75,1.00
2015.02.18 10:14:42.996,1.46048,1.46065,1.00,1.00
2015.02.18 10:14:43.300,1.46048,1.46065,1.00,1.97
2015.02.18 10:14:43.402,1.46044,1.46064,1.00,1.54
2015.02.18 10:14:43.504,1.46042,1.46062,1.10,1.56
2015.02.18 10:14:43.707,1.46043,1.46065,1.37,1.69
2015.02.18 10:14:44.012,1.46048,1.46069,1.00,2.44
2015.02.18 10:14:44.114,1.46048,1.46069,1.00,1.19
2015.02.18 10:14:44.621,1.46049,1.46071,1.00,1.31
2015.02.18 10:14:45.090,1.46049,1.46071,1.00,1.31
2015.02.18 10:14:45.381,1.46049,1.46062,1.00,1.00
2015.02.18 10:14:45.432,1.46042,1.4605,1.00,1.87
2015.02.18 10:14:45.483,1.46031,1.46044,1.00,1.31
2015.02.18 10:14:45.534,1.46021,1.46044,1.10,1.69
2015.02.18 10:14:45.585,1.46021,1.46034,1.00,1.00
2015.02.18 10:14:45.687,1.46021,1.46037,1.00,1.00
2015.02.18 10:14:45.738,1.46019,1.46037,1.00,1.00
2015.02.18 10:14:45.841,1.46021,1.46042,1.37,1.07
2015.02.18 10:14:45.943,1.46014,1.4604,1.57,1.19
2015.02.18 10:14:45.994,1.46018,1.46039,1.00,1.19
2015.02.18 10:14:46.096,1.46013,1.46039,1.87,1.26
2015.02.18 10:14:46.148,1.46013,1.46039,1.50,1.34
2015.02.18 10:14:46.618,1.46013,1.4604,1.50,1.39
2015.02.18 10:14:46.922,1.46017,1.4604,1.00,1.19
2015.02.18 10:14:47.294,1.46017,1.4604,1.00,1.19
2015.02.18 10:14:47.446,1.46017,1.4604,1.00,1.94
2015.02.18 10:14:47.751,1.46028,1.46039,1.00,1.69
2015.02.18 10:14:48.056,1.46024,1.46035,1.00,1.76
2015.02.18 10:14:48.316,1.46022,1.46034,1.00,2.14
2015.02.18 10:14:48.368,1.46006,1.4603,1.07,1.37
2015.02.18 10:14:48.672,1.46013,1.46027,1.00,1.69
2015.02.18 10:14:48.875,1.46006,1.4603,1.00,3.19
2015.02.18 10:14:49.230,1.46006,1.4603,1.00,1.19
2015.02.18 10:14:49.331,1.46009,1.4603,1.00,1.19
2015.02.18 10:14:50.198,1.46009,1.46031,1.00,1.19
2015.02.18 10:14:52.341,1.46009,1.46031,1.00,1.19
2015.02.18 10:14:52.938,1.46009,1.46031,1.00,1.25
2015.02.18 10:14:53.444,1.46009,1.4603,1.00,2.06
2015.02.18 10:14:53.748,1.46004,1.46023,1.00,1.19
2015.02.18 10:14:53.850,1.46004,1.46024,1.00,1.00
2015.02.18 10:14:54.053,1.46009,1.46025,1.00,1.00
2015.02.18 10:14:54.154,1.46007,1.46028,2.85,1.00
2015.02.18 10:14:54.408,1.46007,1.46032,1.00,1.15
2015.02.18 10:14:54.509,1.46007,1.46032,1.00,1.19
2015.02.18 10:14:54.813,1.46004,1.46025,1.00,1.19
2015.02.18 10:14:55.474,1.46,1.46025,1.19,1.69
2015.02.18 10:14:55.727,1.46,1.46025,1.00,1.69
2015.02.18 10:14:56.236,1.46,1.46025,1.87,1.19
2015.02.18 10:14:56.848,1.46,1.46028,1.50,1.46
2015.02.18 10:14:57.152,1.46,1.46016,1.00,1.00
2015.02.18 10:14:58.259,1.45998,1.46016,1.00,1.00
2015.02.18 10:14:58.715,1.45998,1.46023,1.00,1.56
2015.02.18 10:14:59.723,1.45998,1.46024,1.50,1.76
2015.02.18 10:15:00.277,1.45998,1.46019,1.00,1.69
2015.02.18 10:15:00.813,1.45997,1.46019,1.12,2.44
2015.02.18 10:15:01.432,1.45995,1.46019,1.37,3.56
2015.02.18 10:15:01.534,1.45994,1.46012,1.00,1.05
2015.02.18 10:15:01.586,1.4599,1.46011,3.00,1.57
2015.02.18 10:15:01.890,1.4599,1.46012,1.00,2.44
2015.02.18 10:15:01.991,1.4599,1.46012,1.00,1.09
2015.02.18 10:15:02.566,1.4599,1.46014,1.12,1.99
2015.02.18 10:15:03.072,1.45988,1.46012,1.62,1.46
2015.02.18 10:15:03.686,1.45988,1.46012,1.37,2.21
2015.02.18 10:15:03.994,1.4599,1.46012,1.75,1.71
2015.02.18 10:15:04.404,1.45989,1.4601,1.50,3.56
2015.02.18 10:15:04.454,1.45989,1.46009,1.12,1.79
2015.02.18 10:15:04.606,1.45988,1.46,1.37,1.00
2015.02.18 10:15:05.163,1.45986,1.46008,1.37,1.76
2015.02.18 10:15:06.000,1.45987,1.46008,1.50,1.64
2015.02.18 10:15:07.441,1.45989,1.46012,1.12,2.21
2015.02.18 10:15:09.001,1.45989,1.46011,1.12,1.71
2015.02.18 10:15:09.662,1.45991,1.46011,1.00,1.71
2015.02.18 10:15:10.171,1.45991,1.46012,1.00,2.36
2015.02.18 10:15:10.222,1.45993,1.46012,1.12,2.17
2015.02.18 10:15:10.728,1.45993,1.46012,1.00,1.00
2015.02.18 10:15:15.253,1.45993,1.46011,1.00,2.29
2015.02.18 10:15:15.558,1.45988,1.46004,1.00,1.00
2015.02.18 10:15:15.609,1.45986,1.46004,1.00,1.00
2015.02.18 10:15:16.131,1.45986,1.46006,1.00,1.19
2015.02.18 10:15:17.064,1.45984,1.46005,1.00,1.00
2015.02.18 10:15:17.794,1.45984,1.46007,1.75,1.76
2015.02.18 10:15:17.896,1.45986,1.46007,1.50,1.10
2015.02.18 10:15:17.947,1.4599,1.46007,1.00,1.10
2015.02.18 10:15:17.998,1.4599,1.46011,1.00,1.84
2015.02.18 10:15:18.100,1.4599,1.46006,1.00,2.10
2015.02.18 10:15:18.252,1.45983,1.46005,1.00,1.16
2015.02.18 10:15:19.025,1.45986,1.46,1.00,1.00
2015.02.18 10:15:19.127,1.45986,1.46004,1.00,1.26
2015.02.18 10:15:19.664,1.45986,1.46004,1.00,1.00
2015.02.18 10:15:21.627,1.45986,1.46001,1.00,1.00
2015.02.18 10:15:21.931,1.45984,1.45999,1.00,1.00
2015.02.18 10:15:24.489,1.45984,1.46,1.00,1.05
2015.02.18 10:15:24.590,1.45984,1.46002,1.00,1.25
2015.02.18 10:15:25.543,1.45984,1.46007,1.00,1.39
2015.02.18 10:15:26.272,1.45987,1.46009,1.37,1.31
2015.02.18 10:15:26.474,1.45987,1.46011,1.37,2.51
2015.02.18 10:15:26.626,1.4599,1.46011,1.00,1.36
2015.02.18 10:15:26.930,1.45992,1.46012,1.00,1.39
2015.02.18 10:15:27.386,1.45998,1.46014,1.00,1.55
2015.02.18 10:15:27.487,1.45996,1.46014,1.00,1.55
2015.02.18 10:15:27.942,1.45996,1.46013,1.00,1.20
2015.02.18 10:15:28.617,1.45996,1.46013,1.00,1.47
2015.02.18 10:15:29.944,1.45996,1.46013,1.00,1.57
2015.02.18 10:15:30.579,1.45996,1.46011,1.00,1.01
2015.02.18 10:15:31.144,1.45995,1.46011,1.00,1.01
2015.02.18 10:15:32.576,1.45995,1.46006,1.00,1.37
2015.02.18 10:15:32.678,1.45993,1.46002,1.00,1.37
2015.02.18 10:15:32.869,1.45988,1.45999,1.00,1.60
2015.02.18 10:15:33.564,1.45986,1.45999,1.00,1.60
2015.02.18 10:15:35.938,1.45986,1.45996,1.00,2.10
2015.02.18 10:15:35.989,1.4598,1.45993,1.00,1.60
2015.02.18 10:15:36.091,1.45975,1.45991,1.00,3.41
2015.02.18 10:15:36.142,1.45975,1.45991,1.00,2.44
2015.02.18 10:15:36.193,1.45972,1.45987,1.00,1.92
2015.02.18 10:15:36.295,1.45958,1.45987,2.04,1.92
2015.02.18 10:15:36.346,1.45958,1.45986,1.19,1.12
2015.02.18 10:15:36.397,1.45969,1.45985,1.00,1.01
2015.02.18 10:15:36.550,1.45969,1.45987,1.00,1.65
2015.02.18 10:15:36.752,1.45974,1.45992,1.00,1.64
2015.02.18 10:15:37.057,1.45976,1.45993,1.00,1.94
2015.02.18 10:15:37.209,1.45976,1.45993,1.00,1.94
2015.02.18 10:15:38.401,1.45976,1.45988,1.00,1.00
2015.02.18 10:15:38.604,1.45973,1.45988,1.00,1.00
2015.02.18 10:15:38.909,1.45972,1.45987,1.00,1.31
2015.02.18 10:15:38.960,1.45969,1.45988,1.00,4.31
2015.02.18 10:15:39.724,1.45969,1.45988,1.00,2.81
2015.02.18 10:15:39.826,1.45971,1.45988,1.00,2.06
2015.02.18 10:15:40.711,1.45971,1.45988,1.00,1.12
2015.02.18 10:15:41.015,1.45976,1.45993,1.00,2.06
2015.02.18 10:15:43.651,1.45977,1.45993,1.00,1.00
2015.02.18 10:15:43.955,1.4598,1.45997,1.00,1.19
2015.02.18 10:15:44.724,1.4598,1.45997,1.00,1.25
2015.02.18 10:15:45.184,1.45982,1.45997,1.00,1.25
2015.02.18 10:15:45.957,1.45982,1.45996,1.00,1.00
2015.02.18 10:15:46.356,1.45982,1.45992,1.00,1.12
2015.02.18 10:15:46.511,1.45978,1.4599,1.00,1.00
2015.02.18 10:15:46.613,1.45976,1.4599,1.00,1.00
2015.02.18 10:15:47.121,1.45976,1.45992,1.00,2.06
2015.02.18 10:15:47.426,1.45978,1.45996,1.12,1.50
2015.02.18 10:15:47.528,1.45982,1.45996,1.00,1.00
2015.02.18 10:15:47.630,1.45982,1.46,1.00,1.25
2015.02.18 10:15:47.732,1.45984,1.46002,1.00,1.19
2015.02.18 10:15:48.036,1.45982,1.45996,1.00,2.10
2015.02.18 10:15:48.189,1.45979,1.45994,1.00,1.00
2015.02.18 10:15:48.695,1.45979,1.45993,1.00,1.00
2015.02.18 10:15:50.046,1.45979,1.45993,1.00,1.19
2015.02.18 10:15:52.045,1.45979,1.45993,1.00,1.29
2015.02.18 10:15:54.218,1.45979,1.45995,1.00,1.50
2015.02.18 10:15:54.320,1.45981,1.45995,1.00,1.50
2015.02.18 10:15:54.827,1.45981,1.45995,1.00,1.00
2015.02.18 10:15:59.181,1.45982,1.46,1.00,1.95
2015.02.18 10:15:59.282,1.45985,1.46001,1.00,1.45
2015.02.18 10:15:59.587,1.45988,1.46002,1.00,1.87
2015.02.18 10:16:00.159,1.45988,1.46002,1.00,2.66
2015.02.18 10:16:00.580,1.45988,1.45995,1.00,1.00
2015.02.18 10:16:00.631,1.45986,1.45995,1.00,1.00
2015.02.18 10:16:00.683,1.45975,1.45986,1.00,1.00
2015.02.18 10:16:00.733,1.45981,1.45986,1.00,1.00
2015.02.18 10:16:00.784,1.45981,1.4599,1.00,1.00
2015.02.18 10:16:00.835,1.45978,1.4599,1.00,1.00
2015.02.18 10:16:00.886,1.45978,1.45983,1.00,1.00
2015.02.18 10:16:00.989,1.45978,1.45985,1.00,1.00
2015.02.18 10:16:01.090,1.45975,1.45985,1.50,1.00
2015.02.18 10:16:01.191,1.45975,1.4598,1.00,1.00
2015.02.18 10:16:01.293,1.45971,1.45982,1.00,1.00
2015.02.18 10:16:03.280,1.4597,1.45982,1.00,1.00
2015.02.18 10:16:03.483,1.4597,1.45979,1.00,1.37
2015.02.18 10:16:03.687,1.45952,1.45967,1.37,1.00
2015.02.18 10:16:03.889,1.45947,1.45963,1.74,1.00
2015.02.18 10:16:04.143,1.45945,1.45963,1.68,1.12
2015.02.18 10:16:04.194,1.45945,1.45963,1.56,1.12
2015.02.18 10:16:04.346,1.45948,1.45963,1.00,1.00
2015.02.18 10:16:05.351,1.45949,1.45963,1.37,1.00
2015.02.18 10:16:05.402,1.45949,1.45969,1.37,1.10
2015.02.18 10:16:05.605,1.45951,1.45969,1.37,1.00
2015.02.18 10:16:05.706,1.45951,1.45966,1.50,1.00
2015.02.18 10:16:08.294,1.45952,1.45966,1.00,1.37
2015.02.18 10:16:08.497,1.4594,1.45956,1.50,1.19
2015.02.18 10:16:08.599,1.45938,1.4595,1.00,1.00
2015.02.18 10:16:08.650,1.45936,1.4595,1.00,1.00
2015.02.18 10:16:08.954,1.45934,1.4595,1.00,1.00
2015.02.18 10:16:09.107,1.45935,1.45949,1.37,1.00
2015.02.18 10:16:09.208,1.45942,1.45952,1.00,1.00
2015.02.18 10:16:09.310,1.45939,1.45952,1.00,1.00
2015.02.18 10:16:09.818,1.45938,1.45952,1.00,1.00
2015.02.18 10:16:10.629,1.45938,1.45957,1.12,1.00
2015.02.18 10:16:10.783,1.45938,1.45957,1.75,1.00
2015.02.18 10:16:10.834,1.45939,1.45959,1.12,1.00
2015.02.18 10:16:11.397,1.45939,1.45959,1.12,1.00
2015.02.18 10:16:11.805,1.45941,1.45959,1.75,1.00
2015.02.18 10:16:11.906,1.4594,1.45959,1.37,1.00
2015.02.18 10:16:12.109,1.4594,1.45959,1.00,1.00
2015.02.18 10:16:12.935,1.4594,1.45956,1.00,1.00
2015.02.18 10:16:12.986,1.45938,1.45956,1.12,1.00
2015.02.18 10:16:13.240,1.45939,1.45954,1.00,1.00
2015.02.18 10:16:13.291,1.45932,1.45954,1.12,1.00
2015.02.18 10:16:13.799,1.45931,1.45954,2.62,1.00
2015.02.18 10:16:14.307,1.45932,1.45954,2.06,1.00
2015.02.18 10:16:14.863,1.45934,1.45954,1.50,1.00
2015.02.18 10:16:15.745,1.45934,1.45953,1.12,1.00
2015.02.18 10:16:15.846,1.45934,1.45949,1.00,1.00
2015.02.18 10:16:15.999,1.45931,1.45949,1.00,1.50
2015.02.18 10:16:16.505,1.45928,1.4595,1.94,1.00
2015.02.18 10:16:16.607,1.45929,1.4595,1.19,1.00
2015.02.18 10:16:16.926,1.45929,1.4595,1.19,1.00
2015.02.18 10:16:16.977,1.45929,1.45954,2.06,1.12
2015.02.18 10:16:17.130,1.45932,1.45954,1.56,1.00
2015.02.18 10:16:17.181,1.45938,1.45957,1.00,1.87
2015.02.18 10:16:17.434,1.4594,1.45957,1.00,1.00
2015.02.18 10:16:17.788,1.45935,1.45954,1.39,1.00
2015.02.18 10:16:17.839,1.45934,1.45954,1.62,1.00
2015.02.18 10:16:17.991,1.4593,1.45949,1.19,1.00
2015.02.18 10:16:18.143,1.45928,1.45949,1.25,1.00
2015.02.18 10:16:18.913,1.45926,1.45949,1.69,1.00
2015.02.18 10:16:19.066,1.45928,1.45953,1.76,1.00
2015.02.18 10:16:19.167,1.45931,1.45951,2.06,1.00
2015.02.18 10:16:19.370,1.45931,1.45954,2.14,1.00
2015.02.18 10:16:19.522,1.45932,1.45954,1.31,1.00
2015.02.18 10:16:20.130,1.45932,1.45954,1.69,1.00
2015.02.18 10:16:20.333,1.45932,1.45954,1.69,1.31
2015.02.18 10:16:20.384,1.45932,1.4595,1.69,1.00
2015.02.18 10:16:21.437,1.45927,1.4595,2.51,1.00
2015.02.18 10:16:22.888,1.45929,1.45953,1.01,1.37
2015.02.18 10:16:22.940,1.45931,1.45954,1.31,1.00
2015.02.18 10:16:24.028,1.45932,1.45954,1.56,1.00
2015.02.18 10:16:24.079,1.45932,1.45956,1.94,1.37
2015.02.18 10:16:24.130,1.45932,1.45957,2.06,1.10
2015.02.18 10:16:24.384,1.45935,1.45957,2.44,1.00
2015.02.18 10:16:24.587,1.45936,1.4596,2.04,1.00
2015.02.18 10:16:25.184,1.45938,1.45964,1.76,2.44
2015.02.18 10:16:25.387,1.45938,1.45964,2.81,1.50
2015.02.18 10:16:25.438,1.4594,1.45964,1.09,1.12
2015.02.18 10:16:25.590,1.4594,1.45964,1.76,1.00
2015.02.18 10:16:26.894,1.45946,1.45968,1.37,1.19
2015.02.18 10:16:26.996,1.45948,1.45972,2.62,1.71
2015.02.18 10:16:27.533,1.45953,1.45976,1.00,1.50
2015.02.18 10:16:28.050,1.45953,1.45976,1.00,3.00
2015.02.18 10:16:29.067,1.45953,1.45976,1.00,3.00
2015.02.18 10:16:29.963,1.45953,1.45973,1.00,1.56
2015.02.18 10:16:30.128,1.4595,1.45969,1.10,1.31
2015.02.18 10:16:30.230,1.4595,1.45968,1.00,1.19
2015.02.18 10:16:30.746,1.45949,1.45968,1.00,1.19
2015.02.18 10:16:31.229,1.45949,1.45968,1.00,1.31
2015.02.18 10:16:31.971,1.45952,1.45968,1.00,1.31
2015.02.18 10:16:32.477,1.45952,1.45968,1.00,1.31
2015.02.18 10:16:33.385,1.45952,1.45969,1.00,1.25
2015.02.18 10:16:33.891,1.45952,1.45968,1.00,1.00
2015.02.18 10:16:34.940,1.45954,1.45972,1.00,1.12
2015.02.18 10:16:35.144,1.45955,1.45974,1.00,1.00
2015.02.18 10:16:36.138,1.45957,1.45974,1.00,1.00
2015.02.18 10:16:38.456,1.45958,1.45974,1.00,1.00
2015.02.18 10:16:38.957,1.45958,1.45973,1.00,1.00
2015.02.18 10:16:39.570,1.45958,1.45973,1.37,1.00
2015.02.18 10:16:39.773,1.45958,1.45976,1.37,1.00
2015.02.18 10:16:40.380,1.45961,1.45977,1.00,1.25
2015.02.18 10:16:41.301,1.45958,1.45976,1.37,1.00
2015.02.18 10:16:41.533,1.45958,1.45976,1.00,1.00
2015.02.18 10:16:43.118,1.45958,1.45976,1.37,1.00
2015.02.18 10:16:44.104,1.45958,1.45976,1.37,1.00
2015.02.18 10:16:45.402,1.4596,1.45978,1.37,1.00
2015.02.18 10:16:45.810,1.45962,1.4598,1.00,1.00
2015.02.18 10:16:45.912,1.45962,1.45979,1.31,1.00
2015.02.18 10:16:46.216,1.45966,1.45982,1.69,1.00
2015.02.18 10:16:46.369,1.45971,1.45987,1.12,1.50
2015.02.18 10:16:47.889,1.45971,1.45983,1.00,1.19
2015.02.18 10:16:47.941,1.45968,1.45983,1.00,1.19
2015.02.18 10:16:47.992,1.45968,1.45979,1.00,1.19
2015.02.18 10:16:48.043,1.45963,1.45979,1.10,1.19
2015.02.18 10:16:48.550,1.45962,1.45978,1.00,1.19
2015.02.18 10:16:48.738,1.45957,1.45975,1.00,1.19
2015.02.18 10:16:48.789,1.45955,1.45972,1.00,1.00
2015.02.18 10:16:48.891,1.45952,1.4597,1.00,1.25
2015.02.18 10:16:49.398,1.45952,1.45968,1.00,1.00
2015.02.18 10:16:49.449,1.4595,1.45968,1.00,1.50
2015.02.18 10:16:50.813,1.4595,1.45967,1.00,1.00
2015.02.18 10:16:50.864,1.45948,1.45962,1.00,1.00
2015.02.18 10:16:51.118,1.45945,1.45962,1.00,1.00
2015.02.18 10:16:51.221,1.45949,1.45962,1.00,1.00
2015.02.18 10:16:51.323,1.45949,1.45965,1.00,1.50
2015.02.18 10:16:55.606,1.45951,1.45965,1.00,1.00
2015.02.18 10:16:57.280,1.45951,1.45967,1.00,1.50
2015.02.18 10:16:57.813,1.45946,1.45959,1.00,1.00
2015.02.18 10:16:57.966,1.45941,1.45957,1.12,1.00
2015.02.18 10:17:02.014,1.45941,1.45955,1.00,1.00
2015.02.18 10:17:02.521,1.4594,1.45955,1.00,1.00
2015.02.18 10:17:04.127,1.4594,1.45956,1.00,1.00
2015.02.18 10:17:04.432,1.45948,1.45966,1.25,1.50
2015.02.18 10:17:07.672,1.45948,1.45966,1.37,1.50
2015.02.18 10:17:08.319,1.45948,1.45966,1.00,1.50
2015.02.18 10:17:09.673,1.45948,1.45964,1.00,1.00
2015.02.18 10:17:09.876,1.45948,1.45966,1.00,1.50
2015.02.18 10:17:10.383,1.45949,1.45966,1.00,1.00
2015.02.18 10:17:11.107,1.45949,1.45966,1.37,1.00
2015.02.18 10:17:11.360,1.45955,1.45973,1.12,1.10
2015.02.18 10:17:11.411,1.45955,1.45973,1.57,1.00
2015.02.18 10:17:11.513,1.45955,1.45973,1.12,1.00
2015.02.18 10:17:11.766,1.45955,1.45967,1.12,1.00
2015.02.18 10:17:11.868,1.45955,1.45973,1.00,2.25
2015.02.18 10:17:12.021,1.45956,1.45972,1.12,1.00
2015.02.18 10:17:12.122,1.4596,1.45976,1.00,2.25
2015.02.18 10:17:12.426,1.45958,1.45974,1.00,1.00
2015.02.18 10:17:13.000,1.45955,1.45973,1.37,1.00
2015.02.18 10:17:13.304,1.45953,1.45971,1.37,1.00
2015.02.18 10:17:17.393,1.45953,1.45971,1.56,1.00
2015.02.18 10:17:17.861,1.45953,1.45971,2.44,1.00
2015.02.18 10:17:18.114,1.45964,1.4598,1.42,1.00
2015.02.18 10:17:18.165,1.45966,1.45982,1.12,1.00
2015.02.18 10:17:18.842,1.45963,1.45981,1.56,1.00
2015.02.18 10:17:19.619,1.45966,1.45982,1.12,1.00
2015.02.18 10:17:22.259,1.45966,1.45982,1.37,1.00
2015.02.18 10:17:22.926,1.45966,1.45982,1.37,1.00
2015.02.18 10:17:23.129,1.45966,1.45982,1.12,1.00
2015.02.18 10:17:23.488,1.45963,1.45981,1.12,1.25
2015.02.18 10:17:23.540,1.4596,1.45976,1.37,1.00
2015.02.18 10:17:23.590,1.4596,1.45976,1.37,1.00
2015.02.18 10:17:24.097,1.4596,1.45976,1.00,1.00
2015.02.18 10:17:24.249,1.4596,1.45976,1.56,1.00
2015.02.18 10:17:24.351,1.45962,1.4598,2.10,1.10
2015.02.18 10:17:26.126,1.45964,1.4598,1.00,1.00
2015.02.18 10:17:26.379,1.45964,1.4598,1.00,1.19
2015.02.18 10:17:26.532,1.45957,1.45972,1.10,1.00
2015.02.18 10:17:26.633,1.45951,1.45965,1.00,1.00
2015.02.18 10:17:26.736,1.45949,1.45965,1.00,1.50
2015.02.18 10:17:26.939,1.45949,1.45963,1.00,1.00
2015.02.18 10:17:27.446,1.45948,1.45963,1.00,1.19
2015.02.18 10:17:28.406,1.45948,1.45963,1.00,1.00
2015.02.18 10:17:29.114,1.45948,1.45964,1.00,1.69
2015.02.18 10:17:30.291,1.45949,1.45965,1.00,1.19
2015.02.18 10:17:30.817,1.45949,1.45965,1.00,1.19
2015.02.18 10:17:31.328,1.45949,1.45965,1.00,1.19
2015.02.18 10:17:31.651,1.45951,1.45967,1.00,1.69
2015.02.18 10:17:31.867,1.45951,1.45967,1.00,1.50
2015.02.18 10:17:33.021,1.45952,1.4597,1.37,1.00
2015.02.18 10:17:33.122,1.45954,1.45972,1.12,1.00
2015.02.18 10:17:33.234,1.45956,1.45972,1.00,1.00
2015.02.18 10:17:34.003,1.45954,1.4597,1.00,1.00
2015.02.18 10:17:34.510,1.45955,1.4597,1.00,1.00
2015.02.18 10:17:35.023,1.45954,1.4597,1.00,1.00
2015.02.18 10:17:35.656,1.45951,1.45969,2.06,1.00
2015.02.18 10:17:35.707,1.45951,1.45969,1.69,1.50
2015.02.18 10:17:36.214,1.4595,1.45966,1.00,1.00
2015.02.18 10:17:36.517,1.45948,1.45964,1.00,1.00
2015.02.18 10:17:38.042,1.45949,1.45964,1.00,1.00
2015.02.18 10:17:38.577,1.45949,1.45965,1.50,1.00
2015.02.18 10:17:38.988,1.45949,1.45965,2.25,1.00
2015.02.18 10:17:39.090,1.45958,1.45972,1.00,1.10
2015.02.18 10:17:39.141,1.4596,1.45972,1.00,1.10
2015.02.18 10:17:39.243,1.4596,1.45976,1.00,1.00
2015.02.18 10:17:39.294,1.45961,1.45979,1.37,1.00
2015.02.18 10:17:39.649,1.45961,1.45979,1.50,1.00
2015.02.18 10:17:42.244,1.45963,1.45979,1.00,1.00
2015.02.18 10:17:42.550,1.45967,1.45982,1.37,1.00
2015.02.18 10:17:42.652,1.45969,1.45986,1.37,1.00
2015.02.18 10:17:42.704,1.45971,1.45989,1.00,1.27
2015.02.18 10:17:43.211,1.45971,1.45989,1.00,1.12
2015.02.18 10:17:46.677,1.45973,1.45989,1.00,1.00
2015.02.18 10:17:46.981,1.45971,1.45988,1.00,1.00
2015.02.18 10:17:47.032,1.4597,1.45988,2.62,1.00
2015.02.18 10:17:47.134,1.45972,1.45988,1.00,1.15
2015.02.18 10:17:47.185,1.45974,1.45985,1.00,1.00
2015.02.18 10:17:47.286,1.45974,1.45989,1.00,1.00
2015.02.18 10:17:47.388,1.45974,1.45986,1.00,1.00
2015.02.18 10:17:47.540,1.4597,1.45986,1.00,1.50
2015.02.18 10:17:47.743,1.45968,1.45986,1.00,1.50
2015.02.18 10:17:48.148,1.45968,1.45986,1.50,1.50
2015.02.18 10:17:49.060,1.45968,1.45986,2.25,1.50
2015.02.18 10:17:49.313,1.45973,1.45989,1.00,1.00
2015.02.18 10:17:49.576,1.45973,1.45989,1.75,1.00
2015.02.18 10:17:51.082,1.45973,1.45989,1.00,1.00
2015.02.18 10:17:52.874,1.45973,1.45989,1.00,1.37
2015.02.18 10:17:52.925,1.45971,1.45989,1.00,1.37
2015.02.18 10:17:53.027,1.45968,1.45984,1.00,1.35
2015.02.18 10:17:53.129,1.45966,1.45984,1.00,1.35
2015.02.18 10:17:53.391,1.45966,1.45983,1.00,2.10
2015.02.18 10:17:57.435,1.45966,1.45984,1.00,1.79
2015.02.18 10:17:57.955,1.45966,1.45982,1.00,1.19
2015.02.18 10:17:58.006,1.45962,1.4598,1.00,1.50
2015.02.18 10:17:58.058,1.45962,1.4598,1.00,1.69
2015.02.18 10:17:58.210,1.45959,1.45977,1.12,1.25
2015.02.18 10:17:58.768,1.45959,1.45977,1.00,1.87
2015.02.18 10:17:58.869,1.45956,1.45974,1.00,1.87
2015.02.18 10:17:58.971,1.45952,1.4597,1.15,1.00
2015.02.18 10:17:59.073,1.45955,1.45971,1.00,1.25
2015.02.18 10:17:59.579,1.45956,1.45972,1.00,1.00
2015.02.18 10:17:59.986,1.45957,1.45975,1.00,1.00
2015.02.18 10:18:00.290,1.4596,1.45976,1.00,1.00
2015.02.18 10:18:02.037,1.45961,1.45976,1.00,1.00
2015.02.18 10:18:03.925,1.45962,1.45978,1.00,1.00
2015.02.18 10:18:06.346,1.45964,1.4598,1.87,1.25
2015.02.18 10:18:06.650,1.45968,1.45984,1.25,1.00
2015.02.18 10:18:06.701,1.45968,1.45986,1.50,1.00
2015.02.18 10:18:08.090,1.45969,1.45986,1.00,1.00
2015.02.18 10:18:08.192,1.45972,1.45988,1.00,1.00
2015.02.18 10:18:08.497,1.45976,1.45992,1.00,1.00
2015.02.18 10:18:13.504,1.45973,1.45989,1.50,1.00
2015.02.18 10:18:14.373,1.45979,1.45989,1.00,1.00
2015.02.18 10:18:14.475,1.45979,1.45991,1.00,1.00
2015.02.18 10:18:14.577,1.45977,1.45993,1.00,1.00
2015.02.18 10:18:14.729,1.45975,1.45989,1.00,1.00
2015.02.18 10:18:15.586,1.45973,1.45989,1.00,1.00
2015.02.18 10:18:16.787,1.45974,1.4599,1.00,1.00
2015.02.18 10:18:17.656,1.45973,1.45989,1.00,1.00
2015.02.18 10:18:17.909,1.45975,1.45989,1.37,1.00
2015.02.18 10:18:18.012,1.45979,1.45995,1.87,1.09
2015.02.18 10:18:18.114,1.4598,1.45998,1.00,1.00
2015.02.18 10:18:18.318,1.45983,1.45999,1.00,1.00
2015.02.18 10:18:18.470,1.45983,1.46001,1.69,1.00
2015.02.18 10:18:18.976,1.45983,1.46001,1.00,1.10
2015.02.18 10:18:19.756,1.45983,1.46001,1.00,1.29
2015.02.18 10:18:22.442,1.45982,1.45998,1.00,1.00
2015.02.18 10:18:23.055,1.45982,1.45998,1.00,1.56
2015.02.18 10:18:23.106,1.45979,1.45995,1.00,1.25
2015.02.18 10:18:23.208,1.45977,1.45993,1.50,1.00
2015.02.18 10:18:24.445,1.45979,1.45996,1.00,1.00
2015.02.18 10:18:24.960,1.4598,1.45996,1.00,1.00
2015.02.18 10:18:26.302,1.45981,1.45999,1.00,1.00
2015.02.18 10:18:26.404,1.45984,1.46,1.00,1.00
2015.02.18 10:18:27.270,1.45984,1.46,1.00,1.37
2015.02.18 10:18:29.587,1.45984,1.46,1.00,1.12
2015.02.18 10:18:30.368,1.45984,1.46,1.00,1.37
2015.02.18 10:18:31.323,1.45984,1.46,1.00,1.37
2015.02.18 10:18:32.589,1.45984,1.46,1.00,1.00
2015.02.18 10:18:32.690,1.45986,1.46002,1.00,1.56
2015.02.18 10:18:33.198,1.45986,1.46002,1.00,2.44
2015.02.18 10:18:34.110,1.45983,1.46001,1.00,1.56
2015.02.18 10:18:34.616,1.45983,1.46001,1.00,2.06
2015.02.18 10:18:34.667,1.4598,1.45996,1.00,1.25
2015.02.18 10:18:34.718,1.4598,1.45996,1.00,1.19
2015.02.18 10:18:34.769,1.45978,1.45996,1.00,1.19
2015.02.18 10:18:35.809,1.45978,1.45996,1.00,1.95
2015.02.18 10:18:36.423,1.45978,1.45994,1.00,1.12
2015.02.18 10:18:36.627,1.45978,1.45996,1.00,1.75
2015.02.18 10:18:37.133,1.45978,1.45996,1.00,1.82
2015.02.18 10:18:39.665,1.45978,1.45995,1.00,1.69
2015.02.18 10:18:39.986,1.45978,1.45995,1.00,1.19
2015.02.18 10:18:40.494,1.45976,1.45994,1.00,1.75
2015.02.18 10:18:42.196,1.45976,1.45993,1.00,2.25
2015.02.18 10:18:43.453,1.45976,1.45994,1.00,1.87
2015.02.18 10:18:43.758,1.45979,1.45995,1.00,1.00
2015.02.18 10:18:43.809,1.45983,1.46001,1.00,1.69
2015.02.18 10:18:44.012,1.45986,1.46001,1.00,1.00
2015.02.18 10:18:49.661,1.45986,1.46001,1.00,1.56
2015.02.18 10:18:49.712,1.45981,1.45997,1.00,1.12
2015.02.18 10:18:49.814,1.45981,1.45997,1.00,1.37
2015.02.18 10:18:50.317,1.45981,1.45997,1.00,1.37
2015.02.18 10:18:52.734,1.45981,1.45997,1.00,1.56
2015.02.18 10:18:53.736,1.45981,1.45997,1.00,1.56
2015.02.18 10:18:54.738,1.45981,1.45997,1.00,1.56
2015.02.18 10:18:56.742,1.45981,1.45997,1.00,1.62
2015.02.18 10:18:57.042,1.45981,1.45997,1.00,1.56
2015.02.18 10:18:58.501,1.45983,1.45999,1.00,1.75
2015.02.18 10:18:59.069,1.45983,1.45999,1.00,1.75
2015.02.18 10:19:02.177,1.45984,1.46002,1.00,2.25
2015.02.18 10:19:02.983,1.45984,1.46001,1.00,1.75
2015.02.18 10:19:03.443,1.45984,1.46002,1.00,1.31
2015.02.18 10:19:03.545,1.45984,1.46002,1.60,1.00
2015.02.18 10:19:03.696,1.45991,1.46003,1.00,1.00
2015.02.18 10:19:04.000,1.45995,1.46003,1.00,1.00
2015.02.18 10:19:04.457,1.45997,1.46004,1.00,1.50
2015.02.18 10:19:04.762,1.45997,1.46006,1.00,1.00
2015.02.18 10:19:04.965,1.45995,1.46008,1.19,1.00
2015.02.18 10:19:05.496,1.45996,1.46007,2.29,1.00
2015.02.18 10:19:05.598,1.45996,1.46017,2.29,2.25
2015.02.18 10:19:05.781,1.45996,1.46019,2.29,1.31
2015.02.18 10:19:07.912,1.45999,1.46019,1.00,1.25
2015.02.18 10:19:08.115,1.46005,1.46022,1.00,1.56
2015.02.18 10:19:08.821,1.46005,1.46021,1.00,1.19
2015.02.18 10:19:09.988,1.46005,1.46021,1.00,1.31
2015.02.18 10:19:10.726,1.46005,1.46021,1.00,1.56
2015.02.18 10:19:11.235,1.46005,1.46022,1.00,1.69
2015.02.18 10:19:12.621,1.46005,1.46017,1.00,1.00
2015.02.18 10:19:13.221,1.46005,1.46019,1.00,1.19
2015.02.18 10:19:13.325,1.46007,1.46021,1.00,1.00
2015.02.18 10:19:13.853,1.46006,1.46021,1.00,1.37
2015.02.18 10:19:14.371,1.46006,1.46021,1.00,1.12
2015.02.18 10:19:15.390,1.46006,1.46022,1.00,1.00
2015.02.18 10:19:15.542,1.46007,1.46025,1.00,1.31
2015.02.18 10:19:15.593,1.46009,1.46027,1.00,1.44
2015.02.18 10:19:15.746,1.4601,1.46027,1.00,1.00
2015.02.18 10:19:15.899,1.46013,1.46029,1.00,1.25
2015.02.18 10:19:16.203,1.46016,1.46032,1.00,2.19
2015.02.18 10:19:16.470,1.46014,1.46032,1.00,1.12
2015.02.18 10:19:16.999,1.46013,1.46031,1.00,1.12
2015.02.18 10:19:17.559,1.46013,1.46032,1.37,1.12
2015.02.18 10:19:17.610,1.46013,1.46033,1.37,1.87
2015.02.18 10:19:17.661,1.46017,1.46033,1.00,1.19
2015.02.18 10:19:17.980,1.46019,1.46035,1.00,1.37
2015.02.18 10:19:18.859,1.46019,1.46035,1.00,1.19
2015.02.18 10:19:18.961,1.46019,1.46035,1.00,1.00
2015.02.18 10:19:20.046,1.46019,1.46038,1.12,1.12
2015.02.18 10:19:20.098,1.46023,1.46041,1.00,1.37
2015.02.18 10:19:20.149,1.46023,1.46041,1.12,1.00
2015.02.18 10:19:20.201,1.46027,1.46046,1.00,2.06
2015.02.18 10:19:20.303,1.46024,1.46042,1.00,1.31
2015.02.18 10:19:20.405,1.46022,1.46042,1.00,2.06
2015.02.18 10:19:20.659,1.4602,1.46041,1.00,1.69
2015.02.18 10:19:20.913,1.46019,1.46039,1.00,2.00
2015.02.18 10:19:21.470,1.46019,1.46038,1.00,1.31
2015.02.18 10:19:21.622,1.46015,1.46033,1.00,1.00
2015.02.18 10:19:21.825,1.46012,1.46033,1.19,1.57
2015.02.18 10:19:22.331,1.46012,1.46033,1.00,2.14
2015.02.18 10:19:22.837,1.46011,1.46031,1.00,1.57
2015.02.18 10:19:22.938,1.46011,1.46031,1.00,2.89
2015.02.18 10:19:23.657,1.46011,1.46028,1.00,1.69
2015.02.18 10:19:23.860,1.46003,1.4602,1.19,1.37
2015.02.18 10:19:23.911,1.46,1.4602,1.50,1.37
2015.02.18 10:19:24.154,1.46001,1.4602,1.00,2.59
2015.02.18 10:19:24.255,1.45999,1.46019,1.00,1.39
2015.02.18 10:19:24.762,1.45999,1.46016,1.00,1.00
2015.02.18 10:19:25.269,1.45999,1.46019,1.00,1.76
2015.02.18 10:19:25.560,1.45997,1.46015,1.00,1.00
2015.02.18 10:19:28.579,1.46,1.46019,1.37,1.10
2015.02.18 10:19:28.681,1.46005,1.46024,1.50,1.00
2015.02.18 10:19:28.985,1.46006,1.46027,1.00,1.25
2015.02.18 10:19:29.504,1.46008,1.46027,1.00,1.25
2015.02.18 10:19:31.569,1.46008,1.46027,1.50,1.37
2015.02.18 10:19:38.290,1.46008,1.46027,1.00,1.12
2015.02.18 10:19:41.706,1.46013,1.46027,1.00,1.00
2015.02.18 10:19:41.858,1.46013,1.46029,1.00,1.12
2015.02.18 10:19:41.909,1.4601,1.46029,1.12,1.00
2015.02.18 10:19:42.062,1.46015,1.46029,1.00,1.00
2015.02.18 10:19:42.163,1.46011,1.46029,1.50,1.00
2015.02.18 10:19:42.215,1.46011,1.46032,1.69,1.00
2015.02.18 10:19:42.316,1.46014,1.46033,1.00,1.00
2015.02.18 10:19:42.620,1.46017,1.46037,1.00,1.19
2015.02.18 10:19:42.721,1.46017,1.46037,1.00,1.00
2015.02.18 10:19:43.422,1.46017,1.46037,2.06,1.00
2015.02.18 10:19:43.524,1.4602,1.46038,1.00,1.25
2015.02.18 10:19:43.726,1.46021,1.46042,1.19,1.00
2015.02.18 10:19:44.233,1.46021,1.46041,1.19,1.00
2015.02.18 10:19:45.352,1.46022,1.46041,1.00,1.31
2015.02.18 10:19:45.870,1.46022,1.4604,1.00,1.75
2015.02.18 10:19:45.921,1.46019,1.46038,1.00,1.25
2015.02.18 10:19:46.073,1.46019,1.46038,1.00,1.19
2015.02.18 10:19:49.414,1.46019,1.46038,1.00,1.37
2015.02.18 10:19:49.617,1.46023,1.46043,2.44,1.25
2015.02.18 10:19:54.338,1.46023,1.46043,2.81,1.00
2015.02.18 10:19:54.491,1.46026,1.46045,1.00,1.00
2015.02.18 10:19:55.044,1.46028,1.46045,1.00,1.00
2015.02.18 10:19:56.546,1.46026,1.46045,1.00,1.25
2015.02.18 10:19:57.385,1.46026,1.46045,1.00,1.69
2015.02.18 10:19:57.436,1.46026,1.46045,1.00,1.50
2015.02.18 10:19:57.487,1.46021,1.46041,1.00,1.19
2015.02.18 10:19:57.639,1.46021,1.4604,1.00,2.06
2015.02.18 10:19:57.690,1.46019,1.46037,1.00,1.07
2015.02.18 10:19:57.843,1.46018,1.46035,1.00,1.17
2015.02.18 10:19:57.995,1.46013,1.46033,2.25,1.10
2015.02.18 10:19:58.553,1.46013,1.46033,2.62,1.00
2015.02.18 10:19:58.654,1.46017,1.46033,1.25,1.00
2015.02.18 10:19:59.163,1.46017,1.46034,2.06,1.00
2015.02.18 10:19:59.467,1.46017,1.46036,2.81,1.00
2015.02.18 10:19:59.518,1.4602,1.46036,1.00,1.00
2015.02.18 10:19:59.670,1.46019,1.46038,1.56,1.00
2015.02.18 10:20:00.199,1.46021,1.46039,1.62,1.00
2015.02.18 10:20:00.707,1.46021,1.46039,1.25,1.00
2015.02.18 10:20:02.058,1.46022,1.46039,1.00,1.00
2015.02.18 10:20:02.508,1.46023,1.46039,1.87,1.00
2015.02.18 10:20:02.559,1.46024,1.46042,1.50,1.00
2015.02.18 10:20:02.871,1.46026,1.46044,1.00,1.00
2015.02.18 10:20:05.624,1.46026,1.46042,1.00,1.00
2015.02.18 10:20:08.488,1.46027,1.46043,1.00,1.00
2015.02.18 10:20:09.500,1.46029,1.46045,1.00,1.00
2015.02.18 10:20:09.805,1.46036,1.46052,1.00,1.19
2015.02.18 10:20:09.856,1.46036,1.46052,1.00,1.00
2015.02.18 10:20:12.868,1.46034,1.4605,1.50,1.00
2015.02.18 10:20:13.989,1.46034,1.46052,1.50,1.31
2015.02.18 10:20:14.293,1.46034,1.4605,1.00,1.31
2015.02.18 10:20:14.546,1.4604,1.46058,1.00,1.32
2015.02.18 10:20:14.902,1.46039,1.4606,1.50,1.25
2015.02.18 10:20:16.011,1.46039,1.4606,1.87,1.00
2015.02.18 10:20:16.316,1.46052,1.4607,1.50,1.00
2015.02.18 10:20:16.518,1.46057,1.46077,1.00,1.00
2015.02.18 10:20:16.620,1.46054,1.4608,1.09,2.44
2015.02.18 10:20:16.974,1.46054,1.46072,1.00,1.00
2015.02.18 10:20:17.127,1.4605,1.46071,1.50,1.19
2015.02.18 10:20:17.632,1.4605,1.46071,1.00,1.19
2015.02.18 10:20:18.145,1.46051,1.46072,1.50,1.19
2015.02.18 10:20:19.118,1.4605,1.46075,1.37,1.56
2015.02.18 10:20:19.739,1.46052,1.46075,1.00,1.31
2015.02.18 10:20:21.100,1.46052,1.46075,1.00,1.31
2015.02.18 10:20:22.498,1.46052,1.46076,2.06,1.56
2015.02.18 10:20:23.345,1.46052,1.46076,2.06,1.19
2015.02.18 10:20:23.396,1.46052,1.46076,2.44,1.00
2015.02.18 10:20:23.700,1.46057,1.46081,1.19,2.44
2015.02.18 10:20:24.207,1.46057,1.46081,1.31,3.75
2015.02.18 10:20:24.726,1.4606,1.46081,1.00,1.19
2015.02.18 10:20:25.236,1.4606,1.46081,1.00,1.00
2015.02.18 10:20:25.898,1.4606,1.46081,1.00,1.19
2015.02.18 10:20:26.937,1.46057,1.46081,2.06,1.19
2015.02.18 10:20:27.928,1.46057,1.46082,2.06,1.19
2015.02.18 10:20:28.643,1.46057,1.46081,2.81,1.19
2015.02.18 10:20:29.197,1.46059,1.46081,1.00,1.19
2015.02.18 10:20:29.501,1.46061,1.46081,1.00,1.25
2015.02.18 10:20:31.505,1.46061,1.46083,1.00,2.81
2015.02.18 10:20:32.423,1.46061,1.46083,1.00,2.44
2015.02.18 10:20:32.474,1.46057,1.46082,1.76,1.56
2015.02.18 10:20:32.525,1.46057,1.46082,1.95,2.06
2015.02.18 10:20:32.576,1.46056,1.46079,2.32,1.00
2015.02.18 10:20:32.882,1.46056,1.46078,1.00,1.50
2015.02.18 10:20:33.843,1.46056,1.46076,1.37,1.25
2015.02.18 10:20:33.945,1.46056,1.46077,1.50,1.19
2015.02.18 10:20:34.351,1.46057,1.4608,1.37,1.37
2015.02.18 10:20:34.827,1.46057,1.4608,1.37,1.37
2015.02.18 10:20:35.443,1.46057,1.4608,1.62,1.37
2015.02.18 10:20:36.648,1.46057,1.4608,2.06,1.37
2015.02.18 10:20:37.055,1.46056,1.46077,1.12,1.10
2015.02.18 10:20:37.156,1.46056,1.46076,1.00,1.56
2015.02.18 10:20:37.258,1.46052,1.46076,3.00,2.14
2015.02.18 10:20:37.309,1.46052,1.46073,1.87,1.00
2015.02.18 10:20:37.360,1.46052,1.46072,1.50,1.19
2015.02.18 10:20:37.613,1.4605,1.46072,1.12,2.14
2015.02.18 10:20:38.160,1.46049,1.4607,2.06,1.17
2015.02.18 10:20:40.122,1.46049,1.46069,1.87,1.39
2015.02.18 10:20:40.376,1.46045,1.46067,1.50,1.10
2015.02.18 10:20:40.785,1.46045,1.46066,1.87,1.00
2015.02.18 10:20:41.309,1.46045,1.46066,1.87,1.19
2015.02.18 10:20:41.664,1.46045,1.46064,1.12,1.56
2015.02.18 10:20:42.171,1.46045,1.46063,1.00,1.29
2015.02.18 10:20:42.908,1.46042,1.46063,1.87,1.39
2015.02.18 10:20:44.159,1.46042,1.46063,1.50,1.01
2015.02.18 10:20:45.170,1.46042,1.46063,1.50,1.29
2015.02.18 10:20:46.141,1.46042,1.46063,1.50,1.01
2015.02.18 10:20:47.178,1.46042,1.46063,1.50,1.29
2015.02.18 10:20:48.176,1.46042,1.46063,1.50,1.29
2015.02.18 10:20:49.079,1.46041,1.46061,1.00,1.00
2015.02.18 10:20:49.611,1.4604,1.4606,1.00,1.25
2015.02.18 10:20:51.161,1.4604,1.4606,1.00,1.19
2015.02.18 10:20:52.199,1.4604,1.4606,1.00,1.19
2015.02.18 10:20:52.351,1.46037,1.46058,2.06,1.62
2015.02.18 10:20:52.402,1.46037,1.46058,1.00,1.56
2015.02.18 10:20:52.931,1.46036,1.46056,1.50,1.19
2015.02.18 10:20:53.466,1.46036,1.46056,1.50,1.25
2015.02.18 10:20:53.972,1.46037,1.46057,1.50,1.07
2015.02.18 10:20:54.276,1.4604,1.46058,1.00,1.00
2015.02.18 10:20:58.480,1.4604,1.46058,1.37,1.25
2015.02.18 10:20:58.583,1.4604,1.46058,1.00,1.25
2015.02.18 10:20:59.109,1.4604,1.46058,1.00,1.19
2015.02.18 10:20:59.642,1.4604,1.46058,1.00,1.00
2015.02.18 10:21:01.710,1.46039,1.46054,1.00,1.00
2015.02.18 10:21:01.862,1.46036,1.46052,1.12,1.25
2015.02.18 10:21:02.267,1.46036,1.46054,1.00,1.00
2015.02.18 10:21:02.520,1.46038,1.46054,1.12,1.00
2015.02.18 10:21:02.824,1.46041,1.46057,2.06,1.00
2015.02.18 10:21:03.035,1.46042,1.4606,1.44,1.00
2015.02.18 10:21:03.137,1.46045,1.46061,1.00,1.00
2015.02.18 10:21:03.716,1.46046,1.46062,1.00,1.00
2015.02.18 10:21:11.180,1.46048,1.46064,1.00,1.00
2015.02.18 10:21:18.070,1.46048,1.46064,1.00,1.62
2015.02.18 10:21:18.223,1.46042,1.4606,1.50,1.00
2015.02.18 10:21:18.324,1.46042,1.46057,1.00,1.00
2015.02.18 10:21:18.630,1.46045,1.46061,1.69,1.00
2015.02.18 10:21:18.987,1.46047,1.46063,1.00,1.00
2015.02.18 10:21:21.852,1.46047,1.46063,1.50,1.00
2015.02.18 10:21:23.812,1.46048,1.46066,1.12,1.00
2015.02.18 10:21:29.242,1.46053,1.46071,1.00,1.75
2015.02.18 10:21:29.293,1.46053,1.46071,1.00,1.19
2015.02.18 10:21:29.344,1.46056,1.46073,1.00,1.19
2015.02.18 10:21:29.446,1.46057,1.46075,1.00,1.69
2015.02.18 10:21:29.548,1.46056,1.46072,1.00,1.00
2015.02.18 10:21:29.801,1.46053,1.4607,1.25,1.00
2015.02.18 10:21:29.954,1.46053,1.46069,1.25,2.62
2015.02.18 10:21:30.055,1.46049,1.46065,1.00,1.25
2015.02.18 10:21:30.107,1.46046,1.46062,1.00,3.04
2015.02.18 10:21:30.309,1.46043,1.46059,1.00,1.25
2015.02.18 10:21:36.499,1.46043,1.46059,1.37,1.25
2015.02.18 10:21:37.033,1.46045,1.46061,1.00,1.19
2015.02.18 10:21:41.205,1.46045,1.46061,1.12,1.19
2015.02.18 10:21:41.255,1.46045,1.46061,1.37,1.19
2015.02.18 10:21:41.660,1.46046,1.46064,1.37,1.81
2015.02.18 10:21:41.812,1.46046,1.46064,1.12,1.56
2015.02.18 10:21:42.336,1.46046,1.46064,1.37,1.56
2015.02.18 10:21:43.041,1.46046,1.46064,1.37,1.56
2015.02.18 10:21:43.549,1.46046,1.46063,1.12,1.81
2015.02.18 10:21:44.066,1.46046,1.4606,1.00,1.25
2015.02.18 10:21:44.321,1.46044,1.4606,1.00,1.19
2015.02.18 10:21:44.372,1.46044,1.46062,1.00,1.64
2015.02.18 10:21:44.423,1.46042,1.46058,1.00,1.37
2015.02.18 10:21:44.625,1.46039,1.46055,1.00,1.37
2015.02.18 10:21:45.160,1.46038,1.46054,1.00,1.44
2015.02.18 10:21:45.362,1.46038,1.46054,1.00,1.81
2015.02.18 10:21:45.616,1.46035,1.46053,1.00,1.56
2015.02.18 10:21:46.677,1.46035,1.46051,1.00,1.62
2015.02.18 10:21:49.450,1.46035,1.4605,1.00,1.12
2015.02.18 10:21:49.501,1.46029,1.46047,1.00,1.50
2015.02.18 10:21:49.552,1.46029,1.46047,1.00,2.06
2015.02.18 10:21:49.603,1.46027,1.46043,1.00,1.56
2015.02.18 10:21:49.654,1.46027,1.46043,1.00,1.56
2015.02.18 10:21:50.262,1.46025,1.46041,1.00,1.37
2015.02.18 10:21:50.667,1.46022,1.4604,1.00,1.00
2015.02.18 10:21:54.792,1.46022,1.4604,1.50,1.00
2015.02.18 10:21:54.843,1.46025,1.46043,1.00,1.56
2015.02.18 10:21:55.147,1.46025,1.46043,1.00,1.75
2015.02.18 10:21:55.503,1.46019,1.46037,1.37,1.31
2015.02.18 10:21:55.706,1.46019,1.46037,1.00,1.31
2015.02.18 10:21:55.757,1.46022,1.46038,1.00,1.56
2015.02.18 10:21:56.061,1.46023,1.46041,1.75,1.81
2015.02.18 10:21:56.263,1.46027,1.46043,1.00,1.75
2015.02.18 10:21:56.771,1.46027,1.46043,1.00,1.75
2015.02.18 10:21:58.995,1.46027,1.46043,1.00,1.31
2015.02.18 10:21:59.562,1.46027,1.46043,1.00,1.12
2015.02.18 10:22:00.931,1.46027,1.46045,2.25,1.57
2015.02.18 10:22:01.439,1.46031,1.46047,1.00,1.37
2015.02.18 10:22:01.895,1.46026,1.46044,2.25,1.12
2015.02.18 10:22:01.946,1.46026,1.46044,1.50,1.50
2015.02.18 10:22:02.351,1.46024,1.4604,1.25,1.00
2015.02.18 10:22:04.165,1.46024,1.4604,1.00,1.37
2015.02.18 10:22:04.216,1.46022,1.4604,1.12,1.37
2015.02.18 10:22:04.364,1.4602,1.46035,1.00,1.00
2015.02.18 10:22:04.569,1.46017,1.46033,1.00,1.12
2015.02.18 10:22:05.088,1.46016,1.4603,1.00,1.00
2015.02.18 10:22:06.395,1.46016,1.46032,1.50,1.25
2015.02.18 10:22:06.941,1.46016,1.46031,1.00,1.00
2015.02.18 10:22:07.043,1.46014,1.46031,1.12,1.00
2015.02.18 10:22:07.838,1.46015,1.46033,1.00,1.12
2015.02.18 10:22:08.345,1.46016,1.46033,1.00,1.00
2015.02.18 10:22:09.854,1.46016,1.46033,1.87,1.00
2015.02.18 10:22:10.159,1.46023,1.46039,1.12,1.56
2015.02.18 10:22:10.210,1.46023,1.46039,1.12,1.19
2015.02.18 10:22:10.261,1.46027,1.46043,1.00,1.76
2015.02.18 10:22:10.464,1.46027,1.46043,1.75,1.66
2015.02.18 10:22:10.565,1.46027,1.46043,2.00,1.10
2015.02.18 10:22:10.768,1.4603,1.46047,1.75,1.52
2015.02.18 10:22:10.869,1.46032,1.46049,1.50,1.12
2015.02.18 10:22:10.920,1.46036,1.46049,1.00,1.12
2015.02.18 10:22:11.224,1.46037,1.46053,1.75,1.76
2015.02.18 10:22:11.275,1.46037,1.46053,1.00,1.76
2015.02.18 10:22:11.781,1.46038,1.46052,1.00,1.37
2015.02.18 10:22:11.883,1.46038,1.46052,1.00,1.37
2015.02.18 10:22:12.289,1.46035,1.4605,1.00,1.50
2015.02.18 10:22:12.340,1.46035,1.46046,1.00,1.12
2015.02.18 10:22:12.442,1.46035,1.4605,1.00,1.50
2015.02.18 10:22:12.494,1.46044,1.4605,1.00,1.00
2015.02.18 10:22:12.781,1.46054,1.46071,1.00,1.76
2015.02.18 10:22:12.883,1.46054,1.46064,1.00,1.00
2015.02.18 10:22:13.035,1.46057,1.46073,1.00,1.19
2015.02.18 10:22:13.137,1.46057,1.46069,1.00,1.00
2015.02.18 10:22:13.239,1.46057,1.46073,1.00,1.19
2015.02.18 10:22:13.341,1.46057,1.46069,1.00,1.00
2015.02.18 10:22:13.442,1.46057,1.46073,1.00,1.00
2015.02.18 10:22:13.493,1.46057,1.46076,1.00,1.00
2015.02.18 10:22:13.696,1.46062,1.46072,1.00,1.25
2015.02.18 10:22:13.798,1.46053,1.46071,1.50,1.19
2015.02.18 10:22:14.332,1.46053,1.46068,1.00,1.00
2015.02.18 10:22:16.408,1.46053,1.46071,1.50,1.00
2015.02.18 10:22:16.611,1.46054,1.46074,1.00,1.00
2015.02.18 10:22:17.072,1.46053,1.46071,1.12,1.00
2015.02.18 10:22:17.377,1.4605,1.46069,1.00,1.19
2015.02.18 10:22:17.883,1.46049,1.46067,1.50,1.25
2015.02.18 10:22:18.389,1.46049,1.46067,1.50,1.19
2015.02.18 10:22:20.242,1.46049,1.46067,1.50,1.00
2015.02.18 10:22:22.119,1.4605,1.46069,1.00,1.25
2015.02.18 10:22:22.575,1.46052,1.4607,1.00,1.00
2015.02.18 10:22:22.779,1.46054,1.46074,1.12,1.00
2015.02.18 10:22:23.338,1.46054,1.46074,1.19,1.00
2015.02.18 10:22:23.705,1.46052,1.46072,1.56,1.00
2015.02.18 10:22:23.958,1.46052,1.46072,1.00,1.12
2015.02.18 10:22:24.009,1.46047,1.46066,2.62,1.00
2015.02.18 10:22:24.162,1.46047,1.46066,1.69,1.00
2015.02.18 10:22:24.213,1.46047,1.46064,1.25,1.00
2015.02.18 10:22:24.721,1.46044,1.46063,1.37,1.00
2015.02.18 10:22:24.974,1.46048,1.46066,1.25,1.10
2015.02.18 10:22:25.735,1.46048,1.46066,1.00,1.37
2015.02.18 10:22:26.241,1.46044,1.46064,2.62,1.00
2015.02.18 10:22:26.748,1.46044,1.46064,2.44,1.00
2015.02.18 10:22:26.951,1.46044,1.46064,2.44,1.00
2015.02.18 10:22:29.293,1.4605,1.46066,1.00,1.00
2015.02.18 10:22:29.844,1.46049,1.46067,1.25,1.00
2015.02.18 10:22:30.192,1.46063,1.46075,1.00,1.75
2015.02.18 10:22:30.243,1.46063,1.46077,2.81,1.37
2015.02.18 10:22:30.294,1.46074,1.46089,1.00,1.12
2015.02.18 10:22:30.345,1.46074,1.46093,1.00,1.87
2015.02.18 10:22:30.397,1.46074,1.46093,1.00,1.00
2015.02.18 10:22:30.600,1.46071,1.46096,1.56,1.75
2015.02.18 10:22:30.804,1.46079,1.46101,1.00,1.00
2015.02.18 10:22:31.209,1.4608,1.46105,1.25,1.09
2015.02.18 10:22:31.692,1.46082,1.46101,1.00,1.00
2015.02.18 10:22:34.493,1.46082,1.46101,1.00,1.19
2015.02.18 10:22:34.595,1.4608,1.46099,1.00,1.19
2015.02.18 10:22:34.797,1.46078,1.46098,1.00,1.25
2015.02.18 10:22:34.949,1.46077,1.46098,1.00,1.56
2015.02.18 10:22:35.051,1.46073,1.46096,1.00,1.56
2015.02.18 10:22:35.152,1.46073,1.46096,1.00,1.56
2015.02.18 10:22:35.254,1.46069,1.46092,1.50,1.56
2015.02.18 10:22:35.355,1.46067,1.46089,1.12,1.31
2015.02.18 10:22:35.705,1.4606,1.46086,3.37,1.29
2015.02.18 10:22:36.010,1.4606,1.4608,1.00,2.29
2015.02.18 10:22:36.061,1.46056,1.4608,1.44,2.29
2015.02.18 10:22:36.163,1.46055,1.46078,1.50,1.49
2015.02.18 10:22:36.264,1.46055,1.46075,1.25,2.29
2015.02.18 10:22:36.416,1.46053,1.46074,1.00,2.66
2015.02.18 10:22:36.467,1.46053,1.46074,1.00,2.66
2015.02.18 10:22:36.821,1.46051,1.46072,1.50,1.19
2015.02.18 10:22:37.632,1.46056,1.46077,1.00,3.49
2015.02.18 10:22:37.683,1.46056,1.46077,1.12,1.95
2015.02.18 10:22:37.784,1.46058,1.46077,1.00,2.06
2015.02.18 10:22:37.987,1.46061,1.46079,1.00,1.84
2015.02.18 10:22:38.190,1.46062,1.46083,1.19,1.25
2015.02.18 10:22:38.696,1.46064,1.46084,1.25,1.19
2015.02.18 10:22:39.202,1.46064,1.46084,1.25,1.00
2015.02.18 10:22:40.086,1.46064,1.46084,1.00,1.19
2015.02.18 10:22:41.061,1.46064,1.46084,1.00,1.31
2015.02.18 10:22:41.876,1.46064,1.46084,1.00,1.12
2015.02.18 10:22:41.928,1.46062,1.46081,1.00,1.12
2015.02.18 10:22:42.588,1.46063,1.46083,1.00,1.25
2015.02.18 10:22:44.012,1.4606,1.46081,1.29,1.00
2015.02.18 10:22:44.317,1.46059,1.46079,1.00,1.19
2015.02.18 10:22:44.823,1.46058,1.46077,1.00,1.19
2015.02.18 10:22:45.329,1.46058,1.46077,1.69,1.00
2015.02.18 10:22:45.842,1.46058,1.46077,1.50,1.00
2015.02.18 10:22:46.688,1.46058,1.46077,1.00,1.19
2015.02.18 10:22:47.196,1.46058,1.46077,1.00,1.00
2015.02.18 10:22:48.001,1.46058,1.46076,1.00,1.00
2015.02.18 10:22:48.306,1.46061,1.46077,1.00,1.00
2015.02.18 10:22:48.965,1.46062,1.4608,1.00,1.00
2015.02.18 10:22:49.471,1.46063,1.4608,1.00,1.00
2015.02.18 10:22:49.876,1.46061,1.46079,1.00,1.00
2015.02.18 10:22:49.979,1.46063,1.46081,1.00,1.37
2015.02.18 10:22:50.754,1.46063,1.46081,1.00,1.00
2015.02.18 10:22:51.427,1.46062,1.46078,1.00,1.00
2015.02.18 10:22:52.394,1.46059,1.46077,1.25,1.56
2015.02.18 10:22:52.596,1.46059,1.46075,1.00,1.31
2015.02.18 10:22:52.748,1.46055,1.46073,1.00,1.37
2015.02.18 10:22:52.851,1.46061,1.46074,1.00,1.00
2015.02.18 10:22:52.974,1.46061,1.46076,1.00,1.25
2015.02.18 10:22:53.482,1.46063,1.46077,1.00,1.19
2015.02.18 10:22:54.198,1.46063,1.46077,1.00,1.00
2015.02.18 10:22:55.368,1.46063,1.46077,1.00,1.60
2015.02.18 10:22:56.377,1.46063,1.46079,1.00,1.19
2015.02.18 10:22:56.899,1.46063,1.46079,1.00,1.00
2015.02.18 10:22:59.731,1.46063,1.46079,1.00,1.56
2015.02.18 10:23:00.458,1.46063,1.46078,1.00,1.54
2015.02.18 10:23:00.560,1.46056,1.46072,1.00,1.12
2015.02.18 10:23:00.611,1.46054,1.46072,1.00,1.12
2015.02.18 10:23:00.662,1.46053,1.46069,1.50,1.00
2015.02.18 10:23:03.518,1.46053,1.46069,1.00,1.19
2015.02.18 10:23:03.620,1.46051,1.46067,1.00,1.00
2015.02.18 10:23:03.975,1.4605,1.46066,1.00,1.69
2015.02.18 10:23:04.077,1.46043,1.46061,1.62,1.12
2015.02.18 10:23:04.563,1.46043,1.46061,1.19,1.29
2015.02.18 10:23:04.716,1.46042,1.46058,1.19,1.37
2015.02.18 10:23:05.231,1.4604,1.46058,1.56,1.00
2015.02.18 10:23:06.614,1.4604,1.46058,1.31,1.87
2015.02.18 10:23:06.665,1.4604,1.46057,1.37,1.25
2015.02.18 10:23:06.716,1.46039,1.46055,1.37,1.00
2015.02.18 10:23:07.402,1.46049,1.46055,1.00,1.00
2015.02.18 10:23:07.453,1.46049,1.46058,1.00,1.00
2015.02.18 10:23:07.504,1.46047,1.46062,1.00,1.47
2015.02.18 10:23:07.556,1.46048,1.46064,1.00,1.15
2015.02.18 10:23:07.658,1.46048,1.46066,1.00,1.00
2015.02.18 10:23:07.862,1.46048,1.46066,1.37,1.00
2015.02.18 10:23:08.115,1.46051,1.46069,1.00,1.31
2015.02.18 10:23:08.217,1.4605,1.46066,1.50,1.00
2015.02.18 10:23:12.584,1.4605,1.46066,1.00,1.19
2015.02.18 10:23:12.736,1.46046,1.46063,1.00,1.12
2015.02.18 10:23:12.838,1.46046,1.4606,1.00,1.00
2015.02.18 10:23:12.939,1.46044,1.4606,1.00,1.00
2015.02.18 10:23:13.091,1.46042,1.46059,1.00,1.00
2015.02.18 10:23:15.075,1.46047,1.46061,1.00,1.00
2015.02.18 10:23:20.490,1.46045,1.46061,1.50,1.00
2015.02.18 10:23:20.794,1.46045,1.46061,1.50,2.06
2015.02.18 10:23:20.895,1.46042,1.46058,1.00,1.00
2015.02.18 10:23:21.199,1.46044,1.4606,1.00,1.00
2015.02.18 10:23:21.682,1.46046,1.46061,1.00,1.00
2015.02.18 10:23:21.989,1.46046,1.46061,1.31,1.00
2015.02.18 10:23:22.112,1.46049,1.46065,1.19,1.00
2015.02.18 10:23:22.214,1.46049,1.46067,1.69,1.00
2015.02.18 10:23:22.569,1.46049,1.46066,1.69,1.97
2015.02.18 10:23:22.772,1.46046,1.46064,1.50,2.10
2015.02.18 10:23:22.975,1.46044,1.46059,1.00,1.37
2015.02.18 10:23:23.077,1.46039,1.46055,1.00,1.37
2015.02.18 10:23:23.229,1.46039,1.46055,1.00,1.12
2015.02.18 10:23:24.519,1.4604,1.46055,2.10,1.00
2015.02.18 10:23:24.722,1.46045,1.46062,1.37,1.00
2015.02.18 10:23:24.773,1.46048,1.46062,1.00,1.00
2015.02.18 10:23:25.076,1.46045,1.46063,1.50,1.62
2015.02.18 10:23:25.329,1.46044,1.46058,1.00,1.25
2015.02.18 10:23:25.735,1.46042,1.46058,1.00,1.69
2015.02.18 10:23:25.887,1.46043,1.46058,1.37,1.00
2015.02.18 10:23:25.938,1.46045,1.46062,1.00,1.17
2015.02.18 10:23:25.989,1.46046,1.46062,1.56,1.00
2015.02.18 10:23:26.040,1.46048,1.46066,1.00,1.17
2015.02.18 10:23:26.091,1.46048,1.46066,1.00,1.00
2015.02.18 10:23:26.192,1.46049,1.46065,1.00,1.60
2015.02.18 10:23:26.446,1.46045,1.46063,1.00,1.62
2015.02.18 10:23:26.497,1.46045,1.46063,1.50,1.25
2015.02.18 10:23:26.801,1.46047,1.46063,1.00,1.25
2015.02.18 10:23:29.696,1.46045,1.46061,1.69,1.00
2015.02.18 10:23:30.000,1.46043,1.46059,1.00,1.00
2015.02.18 10:23:30.304,1.46041,1.46057,1.00,1.00
2015.02.18 10:23:31.495,1.46041,1.46057,1.00,1.37
2015.02.18 10:23:31.648,1.46035,1.46051,1.00,1.00
2015.02.18 10:23:31.750,1.46038,1.46056,1.00,1.37
2015.02.18 10:23:31.902,1.46042,1.46058,1.00,1.19
2015.02.18 10:23:32.105,1.46036,1.46053,1.00,1.25
2015.02.18 10:23:32.611,1.46035,1.46053,1.00,1.25
2015.02.18 10:23:33.409,1.46038,1.46054,1.00,1.00
2015.02.18 10:23:34.038,1.46038,1.46054,1.19,1.00
2015.02.18 10:23:34.392,1.46037,1.46053,1.00,1.00
2015.02.18 10:23:38.712,1.46035,1.46053,1.31,1.00
2015.02.18 10:23:39.218,1.46035,1.46053,1.39,1.00
2015.02.18 10:23:39.371,1.46038,1.46054,1.00,1.00
2015.02.18 10:23:41.010,1.46039,1.46057,1.50,1.00
2015.02.18 10:23:41.061,1.46039,1.46057,2.06,1.00
2015.02.18 10:23:41.112,1.46042,1.4606,1.00,1.00
2015.02.18 10:23:41.659,1.46042,1.4606,1.69,1.00
2015.02.18 10:23:42.166,1.46042,1.4606,1.00,1.31
2015.02.18 10:23:42.470,1.4604,1.46056,1.00,1.25
2015.02.18 10:23:43.559,1.46037,1.46055,1.00,1.50
2015.02.18 10:23:43.711,1.46037,1.46055,1.00,1.69
2015.02.18 10:23:44.229,1.46036,1.46052,1.00,1.25
2015.02.18 10:23:46.276,1.46034,1.46052,1.00,1.25
2015.02.18 10:23:46.327,1.46034,1.46052,1.00,1.19
2015.02.18 10:23:48.835,1.46033,1.46049,1.00,1.25
2015.02.18 10:23:49.352,1.46033,1.46049,1.00,1.19
2015.02.18 10:23:49.660,1.46041,1.46055,1.12,1.00
2015.02.18 10:23:49.711,1.46041,1.46058,1.20,1.00
2015.02.18 10:23:49.813,1.46041,1.46056,1.20,1.00
2015.02.18 10:23:50.117,1.46038,1.46056,1.20,1.31
2015.02.18 10:23:50.421,1.46037,1.46051,1.00,1.00
2015.02.18 10:23:50.757,1.46033,1.46048,1.31,1.00
2015.02.18 10:23:51.064,1.46032,1.46048,1.07,1.00
2015.02.18 10:23:51.115,1.46029,1.46045,1.87,1.00
2015.02.18 10:23:51.217,1.46029,1.46045,1.17,1.00
2015.02.18 10:23:51.268,1.46029,1.46043,1.07,1.00
2015.02.18 10:23:51.573,1.46025,1.46042,1.45,1.00
2015.02.18 10:23:51.738,1.46025,1.46042,1.17,1.00
2015.02.18 10:23:52.255,1.46025,1.46039,1.17,1.00
2015.02.18 10:23:55.716,1.46024,1.46039,1.00,1.00
2015.02.18 10:23:56.258,1.46024,1.46038,1.00,1.00
2015.02.18 10:23:57.530,1.46025,1.46041,1.00,1.00
2015.02.18 10:23:57.732,1.46027,1.46043,1.00,1.25
2015.02.18 10:23:58.035,1.46027,1.46043,1.00,1.19
2015.02.18 10:24:04.140,1.46027,1.46043,1.00,1.19
2015.02.18 10:24:05.344,1.46027,1.46043,1.00,1.69
2015.02.18 10:24:05.446,1.46024,1.4604,1.00,1.19
2015.02.18 10:24:07.369,1.46024,1.4604,1.00,1.00
2015.02.18 10:24:12.976,1.46024,1.4604,1.00,1.19
2015.02.18 10:24:13.999,1.46024,1.4604,1.00,1.19
2015.02.18 10:24:14.969,1.46024,1.4604,1.00,1.25
2015.02.18 10:24:16.630,1.46024,1.46039,1.00,1.00
2015.02.18 10:24:17.988,1.46024,1.46039,1.00,1.19
2015.02.18 10:24:22.015,1.46024,1.4604,1.00,1.19
2015.02.18 10:24:23.993,1.46024,1.4604,1.00,1.19
2015.02.18 10:24:26.602,1.46024,1.46039,1.00,2.06
2015.02.18 10:24:26.906,1.46023,1.46035,1.00,1.25
2015.02.18 10:24:27.109,1.46023,1.46039,1.00,1.25
2015.02.18 10:24:27.463,1.46025,1.46042,1.00,1.44
2015.02.18 10:24:28.389,1.46025,1.46043,1.00,1.37
2015.02.18 10:24:30.278,1.46025,1.46043,1.00,1.50
2015.02.18 10:24:30.582,1.46028,1.46044,1.00,1.87
2015.02.18 10:24:31.492,1.46028,1.46044,1.00,1.44
2015.02.18 10:24:33.394,1.46028,1.46044,1.00,1.87
2015.02.18 10:24:33.707,1.46033,1.46048,1.00,1.29
2015.02.18 10:24:33.961,1.46034,1.46052,1.12,1.00
2015.02.18 10:24:34.064,1.46039,1.46057,1.12,1.00
2015.02.18 10:24:34.368,1.46044,1.46057,1.62,1.00
2015.02.18 10:24:34.572,1.46044,1.46057,1.25,1.00
2015.02.18 10:24:34.673,1.46041,1.46056,1.50,1.00
2015.02.18 10:24:34.724,1.46041,1.46051,1.37,1.00
2015.02.18 10:24:34.877,1.46035,1.46051,1.00,1.00
2015.02.18 10:24:34.978,1.46035,1.46052,1.00,1.31
2015.02.18 10:24:35.029,1.46031,1.46047,1.00,1.25
2015.02.18 10:24:35.080,1.46031,1.46047,1.00,1.19
2015.02.18 10:24:35.587,1.4603,1.46046,1.00,1.19
2015.02.18 10:24:35.941,1.46028,1.46044,1.00,1.12
2015.02.18 10:24:36.043,1.46028,1.46044,1.37,1.00
2015.02.18 10:24:36.144,1.46029,1.46047,1.37,1.00
2015.02.18 10:24:36.246,1.46031,1.46049,1.31,1.00
2015.02.18 10:24:36.297,1.46031,1.46049,1.56,1.00
2015.02.18 10:24:36.834,1.46032,1.46049,1.69,1.00
2015.02.18 10:24:36.936,1.46035,1.46051,1.94,1.00
2015.02.18 10:24:37.451,1.46036,1.46052,1.69,1.00
2015.02.18 10:24:37.912,1.46037,1.46052,1.69,1.00
2015.02.18 10:24:38.014,1.4604,1.46056,1.69,1.00
2015.02.18 10:24:38.825,1.4604,1.46056,1.31,1.00
2015.02.18 10:24:39.027,1.46038,1.46054,1.00,1.00
2015.02.18 10:24:40.539,1.46036,1.46052,1.00,1.00
2015.02.18 10:24:42.435,1.46035,1.46051,1.00,1.00
2015.02.18 10:24:42.962,1.46035,1.46051,1.19,1.00
2015.02.18 10:24:43.479,1.46035,1.46051,1.00,1.00
2015.02.18 10:24:44.302,1.46032,1.4605,1.00,1.00
2015.02.18 10:24:51.327,1.46032,1.4605,1.69,1.00
2015.02.18 10:24:51.428,1.46032,1.4605,3.79,1.00
2015.02.18 10:24:52.019,1.46034,1.4605,1.00,1.00
2015.02.18 10:24:52.849,1.46037,1.46053,1.00,1.00
2015.02.18 10:24:58.033,1.46035,1.46051,1.00,1.00
2015.02.18 10:24:59.951,1.46035,1.46051,1.00,1.19
2015.02.18 10:25:00.460,1.46035,1.46051,1.00,1.00
2015.02.18 10:25:05.968,1.46035,1.46051,1.00,1.37
2015.02.18 10:25:06.474,1.46035,1.46051,1.00,1.00
2015.02.18 10:25:14.720,1.46035,1.46051,1.00,1.19
2015.02.18 10:25:15.227,1.46035,1.46051,1.00,1.00
2015.02.18 10:25:15.797,1.46035,1.46051,1.00,1.19
2015.02.18 10:25:16.316,1.46035,1.46051,1.00,1.00
2015.02.18 10:25:18.508,1.46033,1.46049,1.00,2.06
2015.02.18 10:25:18.559,1.46026,1.46039,1.07,1.00
2015.02.18 10:25:18.610,1.46027,1.46037,1.10,2.10
2015.02.18 10:25:18.712,1.46024,1.46038,1.00,1.16
2015.02.18 10:25:18.814,1.46024,1.46033,1.00,2.29
2015.02.18 10:25:18.916,1.46021,1.46029,1.00,1.05
2015.02.18 10:25:19.018,1.46021,1.46026,1.00,1.25
2015.02.18 10:25:19.170,1.46013,1.46029,1.00,1.36
2015.02.18 10:25:19.221,1.46007,1.46029,1.37,1.36
2015.02.18 10:25:19.323,1.46007,1.4603,1.00,2.06
2015.02.18 10:25:19.475,1.46009,1.46026,1.37,1.00
2015.02.18 10:25:19.578,1.46011,1.46029,1.50,1.50
2015.02.18 10:25:19.629,1.46011,1.46029,1.69,1.50
2015.02.18 10:25:19.933,1.4602,1.46038,2.06,1.00
2015.02.18 10:25:19.984,1.46022,1.46038,1.87,1.00
2015.02.18 10:25:20.086,1.46028,1.46042,1.00,1.00
2015.02.18 10:25:20.137,1.46028,1.46044,1.50,1.00
2015.02.18 10:25:20.340,1.46029,1.46047,1.50,1.00
2015.02.18 10:25:21.160,1.46032,1.46048,1.00,1.00
2015.02.18 10:25:21.363,1.46032,1.4605,1.00,1.12
2015.02.18 10:25:26.432,1.4603,1.46048,1.00,1.00
2015.02.18 10:25:26.938,1.4603,1.46048,1.00,1.50
2015.02.18 10:25:28.114,1.4603,1.46048,1.00,1.12
2015.02.18 10:25:28.419,1.46041,1.46059,1.69,1.00
2015.02.18 10:25:28.722,1.46046,1.46062,1.00,1.00
2015.02.18 10:25:31.133,1.46047,1.46065,1.00,1.00
2015.02.18 10:25:34.979,1.46049,1.46067,1.00,1.19
2015.02.18 10:25:36.246,1.46049,1.46067,1.00,1.00
2015.02.18 10:25:39.150,1.46059,1.46074,1.00,1.50
2015.02.18 10:25:39.455,1.46066,1.46078,2.22,1.00
2015.02.18 10:25:39.506,1.46066,1.4609,2.22,1.84
2015.02.18 10:25:39.557,1.46068,1.4609,1.56,1.69
2015.02.18 10:25:39.942,1.46072,1.46087,1.37,1.00
2015.02.18 10:25:42.329,1.46071,1.46087,1.37,1.00
2015.02.18 10:25:42.835,1.46071,1.46087,1.37,1.37
2015.02.18 10:25:42.885,1.46071,1.46087,1.12,1.37
2015.02.18 10:25:43.392,1.46069,1.46085,1.37,1.31
2015.02.18 10:25:44.859,1.46069,1.46085,1.00,1.69
2015.02.18 10:25:45.011,1.46064,1.4608,1.00,1.00
2015.02.18 10:25:47.955,1.46065,1.46083,1.00,1.19
2015.02.18 10:25:48.464,1.46065,1.46083,1.12,1.00
2015.02.18 10:25:49.108,1.46065,1.46083,1.12,1.19
2015.02.18 10:25:49.625,1.46065,1.4608,1.00,1.00
2015.02.18 10:25:50.294,1.46065,1.4608,1.00,1.60
2015.02.18 10:25:52.800,1.46068,1.46081,1.00,2.85
2015.02.18 10:25:52.952,1.46068,1.46083,1.00,1.00
2015.02.18 10:25:53.054,1.46068,1.46085,1.50,1.35
2015.02.18 10:25:53.156,1.4607,1.46085,1.00,1.35
2015.02.18 10:25:53.359,1.46065,1.46083,1.00,1.00
2015.02.18 10:25:53.461,1.46062,1.46078,1.00,1.00
2015.02.18 10:25:53.765,1.46059,1.46075,1.00,1.00
2015.02.18 10:25:54.120,1.46056,1.46074,1.00,1.00
2015.02.18 10:25:54.221,1.46053,1.46071,1.00,1.00
2015.02.18 10:25:54.525,1.46053,1.46071,1.00,1.19
2015.02.18 10:25:54.904,1.46051,1.46069,1.00,1.25
2015.02.18 10:25:56.270,1.46051,1.46069,1.00,1.19
2015.02.18 10:25:57.240,1.46051,1.46069,1.00,1.25
2015.02.18 10:25:58.254,1.46051,1.46069,1.00,1.19
2015.02.18 10:26:01.744,1.46051,1.46069,1.00,1.19
2015.02.18 10:26:01.846,1.46049,1.46065,1.00,1.00
2015.02.18 10:26:01.897,1.46049,1.46065,1.00,2.25
2015.02.18 10:26:01.999,1.46042,1.4606,1.00,1.56
2015.02.18 10:26:02.050,1.46039,1.46055,1.50,1.25
2015.02.18 10:26:06.299,1.46039,1.46055,1.00,1.19
2015.02.18 10:26:07.060,1.46039,1.46055,1.00,1.00
2015.02.18 10:26:07.567,1.4604,1.46055,1.00,1.00
2015.02.18 10:26:07.873,1.46043,1.46059,1.00,1.19
2015.02.18 10:26:08.077,1.46043,1.46059,1.00,1.00
2015.02.18 10:26:11.317,1.46044,1.4606,1.00,1.00
2015.02.18 10:26:18.683,1.46042,1.46058,1.00,1.00
2015.02.18 10:26:25.927,1.46041,1.46058,1.00,1.00
2015.02.18 10:26:28.167,1.46043,1.46058,1.00,1.00
2015.02.18 10:26:28.471,1.46046,1.46064,1.37,1.19
2015.02.18 10:26:28.573,1.46046,1.46064,1.37,1.00
2015.02.18 10:26:29.159,1.46047,1.46064,1.75,1.00
2015.02.18 10:26:29.210,1.46053,1.46069,1.00,1.17
2015.02.18 10:26:29.261,1.46053,1.46069,1.37,1.17
2015.02.18 10:26:29.363,1.46056,1.46074,1.00,1.87
2015.02.18 10:26:29.414,1.46056,1.46074,1.00,1.00
2015.02.18 10:26:29.566,1.46059,1.46075,1.00,1.00
2015.02.18 10:26:30.072,1.4606,1.46075,1.00,1.00
2015.02.18 10:26:31.150,1.4606,1.46075,1.37,1.00
2015.02.18 10:26:31.303,1.46062,1.4608,1.12,1.25
2015.02.18 10:26:31.818,1.46062,1.4608,1.87,1.00
2015.02.18 10:26:31.869,1.46065,1.46081,1.00,1.00
2015.02.18 10:26:39.631,1.46065,1.46077,1.00,1.00
2015.02.18 10:26:43.089,1.46063,1.46079,1.00,2.44
2015.02.18 10:26:43.191,1.4606,1.46078,1.12,1.00
2015.02.18 10:26:47.007,1.4606,1.46078,2.62,1.00
2015.02.18 10:26:47.311,1.46065,1.46081,1.00,1.25
2015.02.18 10:26:47.598,1.46063,1.46081,1.50,1.25
2015.02.18 10:26:47.903,1.46065,1.46083,1.00,1.19
2015.02.18 10:26:48.208,1.46067,1.46085,1.50,1.19
2015.02.18 10:26:48.563,1.46069,1.46087,1.00,1.34
2015.02.18 10:26:48.614,1.46069,1.46087,1.00,1.84
2015.02.18 10:26:48.716,1.46067,1.46083,1.00,1.00
2015.02.18 10:26:49.268,1.46064,1.46082,1.00,1.00
2015.02.18 10:26:52.091,1.46064,1.46082,1.00,1.37
2015.02.18 10:26:52.192,1.46062,1.4608,1.00,1.00
2015.02.18 10:26:52.546,1.46061,1.46078,1.00,1.00
2015.02.18 10:26:56.684,1.46062,1.46078,1.00,1.00
2015.02.18 10:26:59.025,1.46062,1.46075,1.00,1.00
2015.02.18 10:27:01.458,1.46062,1.46075,1.00,1.19
2015.02.18 10:27:01.512,1.46057,1.46075,1.50,1.19
2015.02.18 10:27:02.019,1.46057,1.46073,1.50,1.00
2015.02.18 10:27:04.535,1.46057,1.46071,1.00,1.00
2015.02.18 10:27:04.941,1.46058,1.46071,1.19,1.00
2015.02.18 10:27:05.094,1.46062,1.46077,1.25,1.07
2015.02.18 10:27:05.601,1.46062,1.46075,1.25,1.00
2015.02.18 10:27:05.957,1.46062,1.46073,1.00,1.00
2015.02.18 10:27:06.333,1.46059,1.46073,1.00,1.00
2015.02.18 10:27:06.711,1.46059,1.4607,1.00,1.00
2015.02.18 10:27:08.195,1.46054,1.4607,1.50,1.00
2015.02.18 10:27:08.298,1.4605,1.46066,1.69,1.00
2015.02.18 10:27:08.349,1.4605,1.46066,1.50,1.00
2015.02.18 10:27:08.502,1.4605,1.46063,1.00,1.00
2015.02.18 10:27:10.256,1.4605,1.46061,1.00,1.00
2015.02.18 10:27:10.915,1.46046,1.46059,1.25,1.00
2015.02.18 10:27:11.017,1.46046,1.46057,1.25,1.00
2015.02.18 10:27:12.522,1.46042,1.46057,1.37,1.00
2015.02.18 10:27:12.573,1.46042,1.46054,1.37,1.00
2015.02.18 10:27:12.776,1.46042,1.46057,1.87,1.00
2015.02.18 10:27:12.828,1.46042,1.46057,1.50,1.00
2015.02.18 10:27:12.980,1.46042,1.46055,1.50,1.00
2015.02.18 10:27:13.785,1.46042,1.46055,1.69,1.00
2015.02.18 10:27:14.304,1.46042,1.46055,1.50,1.00
2015.02.18 10:27:14.862,1.46042,1.46054,1.00,1.00
2015.02.18 10:27:15.555,1.46042,1.46053,1.00,1.00
2015.02.18 10:27:15.962,1.46037,1.46053,1.69,1.00
2015.02.18 10:27:17.636,1.46037,1.4605,1.00,1.00
2015.02.18 10:27:18.042,1.46034,1.4605,1.25,1.00
2015.02.18 10:27:18.554,1.46033,1.46049,1.19,1.00
2015.02.18 10:27:18.605,1.46033,1.46046,1.00,1.00
2015.02.18 10:27:18.915,1.46026,1.46041,1.00,1.00
2015.02.18 10:27:18.966,1.46026,1.46038,1.00,1.00
2015.02.18 10:27:19.068,1.46022,1.46037,1.00,1.00
2015.02.18 10:27:19.373,1.46023,1.46035,1.00,1.00
2015.02.18 10:27:19.886,1.46022,1.46035,1.00,1.00
2015.02.18 10:27:20.703,1.46023,1.46036,1.00,1.00
2015.02.18 10:27:22.564,1.46022,1.46036,1.00,1.00
2015.02.18 10:27:23.082,1.4602,1.46036,1.50,1.00
2015.02.18 10:27:23.621,1.4602,1.46036,2.81,1.00
2015.02.18 10:27:23.825,1.46026,1.46042,1.12,1.10
2015.02.18 10:27:28.588,1.46024,1.46042,1.50,1.00
2015.02.18 10:27:28.639,1.46024,1.46039,1.50,1.00
2015.02.18 10:27:28.943,1.46022,1.46036,1.00,1.00
2015.02.18 10:27:29.247,1.4602,1.46034,1.50,1.00
2015.02.18 10:27:31.752,1.46021,1.46034,1.37,1.00
2015.02.18 10:27:31.904,1.46026,1.46042,1.12,1.12
2015.02.18 10:27:31.955,1.46026,1.46042,1.31,1.00
2015.02.18 10:27:32.168,1.46027,1.46045,1.25,1.00
2015.02.18 10:27:33.957,1.46028,1.46045,1.00,1.00
2015.02.18 10:27:34.471,1.46026,1.46045,1.19,1.00
2015.02.18 10:27:35.255,1.46026,1.46045,1.19,1.00
2015.02.18 10:27:36.930,1.46026,1.46045,1.19,1.00
2015.02.18 10:27:37.932,1.46026,1.46045,1.19,1.00
2015.02.18 10:27:38.996,1.46034,1.46045,1.00,1.00
2015.02.18 10:27:39.199,1.46042,1.46056,1.00,1.50
2015.02.18 10:27:39.250,1.46039,1.46056,1.69,1.50
2015.02.18 10:27:39.655,1.46038,1.46056,1.50,1.00
2015.02.18 10:27:39.857,1.46038,1.46052,1.00,1.00
2015.02.18 10:27:39.908,1.46034,1.46052,1.50,1.00
2015.02.18 10:27:40.010,1.46031,1.46052,1.00,1.31
2015.02.18 10:27:40.061,1.4603,1.46049,1.00,1.00
2015.02.18 10:27:40.371,1.4603,1.46046,1.00,1.00
2015.02.18 10:27:41.457,1.46028,1.46044,1.00,1.00
2015.02.18 10:27:41.508,1.46041,1.46051,1.00,1.17
2015.02.18 10:27:41.660,1.46041,1.46056,1.56,1.12
2015.02.18 10:27:41.711,1.46042,1.46058,1.31,1.00
2015.02.18 10:27:42.234,1.46044,1.46058,1.12,1.00
2015.02.18 10:27:45.425,1.46044,1.46058,1.31,1.00
2015.02.18 10:27:47.441,1.46046,1.46058,1.00,1.00
2015.02.18 10:27:49.638,1.46043,1.46058,1.37,1.00
2015.02.18 10:27:49.740,1.46041,1.46056,1.50,1.00
2015.02.18 10:27:49.841,1.46038,1.46056,1.00,1.12
2015.02.18 10:27:49.892,1.46037,1.46054,1.12,1.00
2015.02.18 10:27:50.449,1.46037,1.46054,2.25,1.00
2015.02.18 10:27:50.551,1.46041,1.46056,1.00,1.00
2015.02.18 10:27:50.991,1.46041,1.46056,2.06,1.00
2015.02.18 10:27:51.092,1.46041,1.46059,3.19,1.00
2015.02.18 10:27:51.143,1.46046,1.46059,1.00,1.00
2015.02.18 10:27:51.649,1.46046,1.4606,1.00,1.00
2015.02.18 10:27:56.034,1.46046,1.46059,1.00,1.00
2015.02.18 10:27:56.540,1.46044,1.46059,1.56,1.00
2015.02.18 10:27:57.992,1.46043,1.46057,1.00,1.00
2015.02.18 10:27:59.285,1.46039,1.46057,2.25,1.00
2015.02.18 10:28:01.811,1.46039,1.46057,1.50,1.00
2015.02.18 10:28:01.862,1.46039,1.46055,1.00,1.00
2015.02.18 10:28:03.942,1.46039,1.46052,1.00,1.00
2015.02.18 10:28:04.515,1.46038,1.46052,1.00,1.00
2015.02.18 10:28:06.401,1.46034,1.46052,1.69,1.00
2015.02.18 10:28:08.023,1.46034,1.46052,1.31,1.00
2015.02.18 10:28:08.125,1.46033,1.46049,1.69,1.00
2015.02.18 10:28:08.806,1.46033,1.46049,1.69,1.00
2015.02.18 10:28:10.797,1.46033,1.46049,1.69,1.00
2015.02.18 10:28:11.221,1.46037,1.46049,1.62,1.00
2015.02.18 10:28:11.526,1.46037,1.46052,1.69,1.00
2015.02.18 10:28:11.830,1.46037,1.46052,2.44,1.00
2015.02.18 10:28:11.983,1.46048,1.4606,1.00,1.00
2015.02.18 10:28:12.034,1.46048,1.4606,1.50,1.00
2015.02.18 10:28:12.086,1.46048,1.46063,1.87,1.00
2015.02.18 10:28:13.875,1.46048,1.46063,1.69,1.00
2015.02.18 10:28:14.539,1.46048,1.46063,1.12,1.00
2015.02.18 10:28:15.048,1.46046,1.46062,1.00,1.00
2015.02.18 10:28:15.301,1.46044,1.46061,1.00,1.00
2015.02.18 10:28:15.707,1.46044,1.46058,1.00,1.00
2015.02.18 10:28:16.010,1.46049,1.46063,1.00,1.00
2015.02.18 10:28:19.440,1.46047,1.46063,1.37,1.00
2015.02.18 10:28:19.781,1.46039,1.46055,1.50,1.00
2015.02.18 10:28:20.440,1.46048,1.46056,1.00,1.00
2015.02.18 10:28:20.543,1.46048,1.46064,1.37,1.26
2015.02.18 10:28:20.595,1.46048,1.46064,1.75,1.26
2015.02.18 10:28:20.696,1.46053,1.46065,1.12,1.00
2015.02.18 10:28:20.798,1.46054,1.46067,1.00,1.00
2015.02.18 10:28:21.898,1.46054,1.46065,1.00,1.00
2015.02.18 10:28:21.949,1.4605,1.46065,1.00,1.00
2015.02.18 10:28:22.051,1.46055,1.46065,1.00,1.00
2015.02.18 10:28:22.203,1.46056,1.46069,1.00,1.50
2015.02.18 10:28:23.571,1.46061,1.46069,1.37,1.00
2015.02.18 10:28:23.774,1.46062,1.46078,1.37,1.17
2015.02.18 10:28:23.825,1.46062,1.46078,1.37,1.10
2015.02.18 10:28:23.876,1.46062,1.46078,1.00,1.00
2015.02.18 10:28:25.715,1.46057,1.46073,1.37,1.00
2015.02.18 10:28:25.766,1.46057,1.46073,1.00,1.00
2015.02.18 10:28:25.817,1.46057,1.46068,1.00,1.00
2015.02.18 10:28:25.868,1.46052,1.46068,2.25,1.00
2015.02.18 10:28:25.970,1.4605,1.46066,1.12,1.00
2015.02.18 10:28:26.072,1.46048,1.46064,1.50,1.00
2015.02.18 10:28:26.376,1.4605,1.46064,1.00,1.00
2015.02.18 10:28:26.707,1.46052,1.46066,1.19,1.00
2015.02.18 10:28:27.063,1.46052,1.46066,1.19,1.00
2015.02.18 10:28:27.369,1.4605,1.46066,3.19,1.00
2015.02.18 10:28:27.623,1.46049,1.46064,1.00,1.00
2015.02.18 10:28:28.137,1.4605,1.46065,1.00,1.00
2015.02.18 10:28:30.358,1.4605,1.46064,1.00,1.00
2015.02.18 10:28:30.510,1.46046,1.46064,2.44,1.00
2015.02.18 10:28:31.286,1.46046,1.46064,2.25,1.12
2015.02.18 10:28:31.337,1.46046,1.46057,1.50,1.00
2015.02.18 10:28:31.794,1.46047,1.4606,1.00,1.00
2015.02.18 10:28:32.313,1.46046,1.4606,1.00,1.00
2015.02.18 10:28:35.834,1.46044,1.4606,1.69,1.00
2015.02.18 10:28:35.986,1.46045,1.46058,1.19,1.00
2015.02.18 10:28:36.240,1.46038,1.46054,1.00,1.00
2015.02.18 10:28:36.291,1.46032,1.46048,1.69,1.00
2015.02.18 10:28:36.494,1.4603,1.46046,1.87,1.00
2015.02.18 10:28:36.596,1.46028,1.46043,1.62,1.00
2015.02.18 10:28:36.647,1.46028,1.46043,1.25,1.00
2015.02.18 10:28:37.154,1.46026,1.46037,1.19,1.00
2015.02.18 10:28:37.205,1.46025,1.46037,1.00,1.00
2015.02.18 10:28:39.198,1.46027,1.46037,1.00,1.00
2015.02.18 10:28:39.574,1.46027,1.46037,2.85,1.00
2015.02.18 10:28:39.677,1.46029,1.46042,2.10,1.00
2015.02.18 10:28:39.728,1.46033,1.46042,1.00,1.00
2015.02.18 10:28:39.829,1.46033,1.46047,1.00,1.00
2015.02.18 10:28:39.982,1.46031,1.46048,1.50,1.00
2015.02.18 10:28:40.488,1.46031,1.46047,1.50,1.00
2015.02.18 10:28:40.641,1.46029,1.46047,1.25,1.00
2015.02.18 10:28:40.692,1.46028,1.4604,1.69,1.00
2015.02.18 10:28:41.198,1.46028,1.4604,1.00,1.50
2015.02.18 10:28:43.361,1.46027,1.4604,1.00,1.00
2015.02.18 10:28:43.615,1.46022,1.4604,1.69,1.00
2015.02.18 10:28:43.666,1.46021,1.46038,1.19,1.00
2015.02.18 10:28:43.971,1.46016,1.46033,1.69,1.00
2015.02.18 10:28:44.276,1.46015,1.4603,1.25,1.00
2015.02.18 10:28:47.437,1.46012,1.4603,3.37,1.00
2015.02.18 10:28:51.642,1.46014,1.4603,2.06,1.00
2015.02.18 10:28:51.744,1.46014,1.4603,2.06,1.00
2015.02.18 10:28:51.846,1.46014,1.4603,2.06,1.00
2015.02.18 10:28:52.167,1.46016,1.4603,1.12,1.00
2015.02.18 10:28:53.258,1.46021,1.46041,1.37,1.56
2015.02.18 10:28:53.360,1.46021,1.46036,1.75,1.00
2015.02.18 10:28:53.462,1.46022,1.46039,2.19,1.00
2015.02.18 10:28:54.487,1.46022,1.46039,2.44,1.00
2015.02.18 10:28:54.792,1.46026,1.46039,2.00,1.00
2015.02.18 10:28:55.251,1.4603,1.4605,1.62,1.15
2015.02.18 10:28:55.555,1.46034,1.46042,1.62,1.00
2015.02.18 10:28:55.810,1.46036,1.46052,1.37,1.00
2015.02.18 10:28:55.963,1.46032,1.46047,1.62,1.00
2015.02.18 10:28:56.015,1.46031,1.46047,1.81,1.00
2015.02.18 10:28:56.319,1.46034,1.4605,2.06,1.00
2015.02.18 10:28:56.472,1.46036,1.4605,1.37,1.00
2015.02.18 10:28:57.750,1.46033,1.46049,1.87,1.00
2015.02.18 10:28:57.954,1.46032,1.46047,1.37,1.00
2015.02.18 10:28:58.258,1.46032,1.46044,1.37,1.00
2015.02.18 10:29:01.603,1.46032,1.46044,1.62,1.00
2015.02.18 10:29:03.221,1.46028,1.46042,1.56,1.00
2015.02.18 10:29:03.879,1.46032,1.46043,1.62,1.00
2015.02.18 10:29:06.650,1.46028,1.46042,1.50,1.00
2015.02.18 10:29:06.954,1.46033,1.46043,1.25,1.00
2015.02.18 10:29:07.208,1.46033,1.46046,1.81,1.00
2015.02.18 10:29:07.361,1.46039,1.46056,1.37,1.10
2015.02.18 10:29:07.412,1.46039,1.46051,1.00,1.00
2015.02.18 10:29:08.408,1.46042,1.46053,1.25,1.00
2015.02.18 10:29:09.746,1.46042,1.46055,1.62,1.00
2015.02.18 10:29:10.296,1.46042,1.4606,2.06,1.00
2015.02.18 10:29:10.557,1.46042,1.4606,2.06,1.00
2015.02.18 10:29:12.645,1.46042,1.4606,1.62,1.31
2015.02.18 10:29:12.899,1.46041,1.46057,1.37,1.00
2015.02.18 10:29:12.950,1.46041,1.46057,1.37,1.37
2015.02.18 10:29:13.408,1.46037,1.46055,1.37,1.37
2015.02.18 10:29:13.675,1.46036,1.46052,1.37,1.00
2015.02.18 10:29:17.345,1.46036,1.46052,1.37,1.00
2015.02.18 10:29:21.670,1.46036,1.46052,1.37,1.00
2015.02.18 10:29:22.206,1.46036,1.46052,1.37,1.00
2015.02.18 10:29:24.288,1.46036,1.46052,1.37,1.00
2015.02.18 10:29:24.389,1.46036,1.46052,1.12,1.00
2015.02.18 10:29:25.142,1.46034,1.46052,1.00,1.00
2015.02.18 10:29:26.110,1.46033,1.46049,1.50,1.00
2015.02.18 10:29:26.984,1.46034,1.46049,1.31,1.00
2015.02.18 10:29:27.288,1.46037,1.46049,1.00,1.00
2015.02.18 10:29:27.440,1.46037,1.46051,1.00,1.00
2015.02.18 10:29:28.517,1.46037,1.46053,1.00,1.00
2015.02.18 10:29:28.828,1.46038,1.46054,1.44,1.00
2015.02.18 10:29:28.981,1.46051,1.46069,1.69,1.25
2015.02.18 10:29:29.083,1.46055,1.46075,1.00,1.44
2015.02.18 10:29:29.185,1.46059,1.46085,1.00,2.96
2015.02.18 10:29:29.604,1.46059,1.46089,2.25,1.19
2015.02.18 10:29:29.974,1.46065,1.46078,1.00,1.00
2015.02.18 10:29:30.075,1.46065,1.46081,1.00,1.00
2015.02.18 10:29:30.279,1.4607,1.46092,1.00,1.31
2015.02.18 10:29:30.330,1.4607,1.46093,1.00,1.12
2015.02.18 10:29:30.431,1.46071,1.46097,1.31,1.31
2015.02.18 10:29:30.483,1.46079,1.46097,1.00,1.19
2015.02.18 10:29:31.008,1.46078,1.46099,1.00,1.31
2015.02.18 10:29:31.320,1.46076,1.46092,1.00,1.00
2015.02.18 10:29:31.848,1.46075,1.46092,1.00,1.19
2015.02.18 10:29:32.823,1.46075,1.46092,1.00,1.25
2015.02.18 10:29:33.333,1.46075,1.46091,1.00,1.00
2015.02.18 10:29:34.861,1.46075,1.46092,1.00,1.69
2015.02.18 10:29:35.013,1.46071,1.4609,1.00,2.06
2015.02.18 10:29:35.065,1.46071,1.4609,1.00,2.06
2015.02.18 10:29:35.167,1.46071,1.46091,1.00,1.00
2015.02.18 10:29:35.270,1.4607,1.46091,1.31,1.00
2015.02.18 10:29:35.321,1.4607,1.46093,2.06,1.00
2015.02.18 10:29:35.373,1.4608,1.46093,1.00,1.00
2015.02.18 10:29:35.424,1.4608,1.46098,1.00,1.37
2015.02.18 10:29:35.577,1.46076,1.46098,1.00,1.62
2015.02.18 10:29:35.628,1.46076,1.46095,1.00,1.37
2015.02.18 10:29:36.135,1.46075,1.46094,1.00,1.62
2015.02.18 10:29:36.339,1.46066,1.4609,1.00,1.62
2015.02.18 10:29:36.441,1.46066,1.46087,1.00,1.56
2015.02.18 10:29:36.998,1.46065,1.46086,1.00,1.31
2015.02.18 10:29:39.759,1.46061,1.46083,1.00,1.12
2015.02.18 10:29:39.861,1.46061,1.46083,1.00,1.44
2015.02.18 10:29:41.280,1.46061,1.46083,1.00,1.25
2015.02.18 10:29:42.407,1.46061,1.46083,1.00,1.19
2015.02.18 10:29:42.981,1.46061,1.46085,1.50,1.75
2015.02.18 10:29:43.032,1.46059,1.46082,1.00,1.56
2015.02.18 10:29:43.386,1.46057,1.46082,1.00,1.50
2015.02.18 10:29:43.488,1.46061,1.46081,1.00,1.37
2015.02.18 10:29:43.691,1.46061,1.46086,1.19,1.81
2015.02.18 10:29:43.742,1.46061,1.46086,1.19,1.19
2015.02.18 10:29:44.288,1.4606,1.46086,1.69,1.37
2015.02.18 10:29:44.699,1.4606,1.46086,1.69,1.37
2015.02.18 10:29:45.702,1.4606,1.46086,2.06,1.50
2015.02.18 10:29:46.333,1.4606,1.46082,1.31,1.00
2015.02.18 10:29:46.841,1.46057,1.46081,1.69,1.12
2015.02.18 10:29:47.145,1.46056,1.46077,1.87,1.62
2015.02.18 10:29:47.754,1.46056,1.46077,1.00,1.37
2015.02.18 10:29:48.283,1.46055,1.46075,1.00,1.87
2015.02.18 10:29:49.104,1.46056,1.46075,1.00,1.19
2015.02.18 10:29:49.630,1.46056,1.46075,1.00,1.25
2015.02.18 10:29:50.390,1.46056,1.46075,1.00,1.37
2015.02.18 10:29:50.897,1.46055,1.46074,1.12,1.00
2015.02.18 10:29:51.667,1.46055,1.46074,1.37,1.25
2015.02.18 10:29:51.871,1.46061,1.4608,1.00,1.50
2015.02.18 10:29:51.973,1.46061,1.4608,1.00,2.81
2015.02.18 10:29:52.176,1.4606,1.4608,1.00,2.25
2015.02.18 10:29:52.429,1.4606,1.4608,1.00,2.62
2015.02.18 10:29:53.257,1.46058,1.46078,1.00,1.81
2015.02.18 10:29:53.769,1.46058,1.46078,1.00,1.62
2015.02.18 10:29:55.151,1.46058,1.46078,1.00,1.37
2015.02.18 10:29:55.987,1.46058,1.46078,1.50,1.25
2015.02.18 10:29:56.139,1.46058,1.46076,1.00,1.00
2015.02.18 10:29:56.443,1.46056,1.46076,1.50,1.62
2015.02.18 10:29:56.747,1.46056,1.46076,1.00,1.87
2015.02.18 10:29:56.798,1.46054,1.46075,1.00,1.37
2015.02.18 10:29:56.848,1.46054,1.46071,1.00,1.19
2015.02.18 10:29:56.899,1.46052,1.46071,1.50,1.19
2015.02.18 10:29:57.598,1.46053,1.46069,1.00,1.25
2015.02.18 10:30:01.271,1.4605,1.46068,1.00,1.00
2015.02.18 10:30:03.382,1.46049,1.46065,1.50,1.00
2015.02.18 10:30:08.331,1.46051,1.46065,1.00,1.00
2015.02.18 10:30:08.585,1.46049,1.46065,1.50,1.00
2015.02.18 10:30:09.421,1.46049,1.46063,1.00,1.00
2015.02.18 10:30:09.942,1.46048,1.46063,1.00,1.00
2015.02.18 10:30:11.376,1.46048,1.46063,1.00,1.37
2015.02.18 10:30:11.426,1.46043,1.46059,1.69,1.00
2015.02.18 10:30:11.477,1.46043,1.46059,1.50,1.70
2015.02.18 10:30:11.528,1.46039,1.46056,1.00,1.12
2015.02.18 10:30:11.731,1.46036,1.46052,1.00,1.00
2015.02.18 10:30:12.292,1.4604,1.46054,1.00,1.00
2015.02.18 10:30:12.496,1.46045,1.4606,1.00,1.00
2015.02.18 10:30:12.547,1.46047,1.4606,1.00,1.00
2015.02.18 10:30:13.504,1.46047,1.46064,1.00,1.00
2015.02.18 10:30:14.292,1.46049,1.46064,1.00,1.00
2015.02.18 10:30:14.394,1.46042,1.46058,1.00,1.00
2015.02.18 10:30:14.496,1.46039,1.46057,1.19,1.00
2015.02.18 10:30:14.597,1.46039,1.46055,1.00,1.00
2015.02.18 10:30:14.953,1.46042,1.46055,1.19,1.00
2015.02.18 10:30:15.054,1.46045,1.46059,1.00,1.00
2015.02.18 10:30:15.459,1.46045,1.46061,1.00,1.00
2015.02.18 10:30:15.955,1.46048,1.46061,1.00,1.00
2015.02.18 10:30:16.006,1.46048,1.46063,1.00,1.00
2015.02.18 10:30:16.513,1.46048,1.46064,1.50,1.00
2015.02.18 10:30:17.258,1.46047,1.46063,1.00,1.00
2015.02.18 10:30:20.747,1.46047,1.46062,1.00,1.37
2015.02.18 10:30:20.851,1.46043,1.4606,1.00,1.19
2015.02.18 10:30:20.902,1.46042,1.4606,1.12,1.00
2015.02.18 10:30:21.003,1.46046,1.4606,1.00,1.00
2015.02.18 10:30:21.105,1.46043,1.46059,1.00,1.00
2015.02.18 10:30:22.558,1.46044,1.46059,1.12,1.00
2015.02.18 10:30:22.763,1.46045,1.46061,1.00,1.00
2015.02.18 10:30:24.867,1.46048,1.46061,1.00,1.00
2015.02.18 10:30:25.380,1.46048,1.46063,1.00,1.19
2015.02.18 10:30:26.839,1.46047,1.46063,1.00,1.19
2015.02.18 10:30:27.345,1.46046,1.46061,1.00,1.35
2015.02.18 10:30:28.907,1.46046,1.46059,1.00,1.00
2015.02.18 10:30:29.877,1.46046,1.46058,1.00,1.00
2015.02.18 10:30:29.928,1.46043,1.46058,1.00,1.00
2015.02.18 10:30:29.979,1.46043,1.46056,1.00,1.00
2015.02.18 10:30:30.232,1.4604,1.46056,1.00,1.25
2015.02.18 10:30:30.334,1.46036,1.46052,1.50,1.00
2015.02.18 10:30:30.638,1.46034,1.4605,1.69,1.00
2015.02.18 10:30:32.257,1.46034,1.4605,1.00,1.00
2015.02.18 10:30:38.687,1.46033,1.4605,1.00,1.00
2015.02.18 10:30:38.991,1.46031,1.46048,1.00,1.25
2015.02.18 10:30:39.295,1.46027,1.46044,1.00,1.00
2015.02.18 10:30:39.599,1.46028,1.46042,1.00,1.00
2015.02.18 10:30:40.114,1.4603,1.46042,1.00,1.00
2015.02.18 10:30:41.228,1.4603,1.46044,1.00,1.00
2015.02.18 10:30:44.188,1.46031,1.46044,1.00,1.00
2015.02.18 10:30:45.947,1.46029,1.46044,1.00,1.00
2015.02.18 10:30:48.391,1.46029,1.46044,1.69,1.00
2015.02.18 10:30:50.388,1.46029,1.46044,1.69,1.00
2015.02.18 10:30:51.366,1.46031,1.46044,1.00,1.00
2015.02.18 10:30:51.670,1.46032,1.46048,1.87,1.00
2015.02.18 10:30:52.328,1.46035,1.46051,1.12,1.00
2015.02.18 10:30:55.326,1.46037,1.46051,1.00,1.00
2015.02.18 10:30:55.839,1.46038,1.46052,1.12,1.00
2015.02.18 10:30:57.802,1.46038,1.46052,1.87,1.00
2015.02.18 10:30:57.854,1.46042,1.46056,1.37,1.00
2015.02.18 10:30:57.905,1.46042,1.46056,1.31,1.00
2015.02.18 10:30:58.159,1.46044,1.46059,1.19,1.00
2015.02.18 10:30:59.070,1.46044,1.46059,1.50,1.00
2015.02.18 10:30:59.742,1.46045,1.46059,1.50,1.00
2015.02.18 10:30:59.794,1.46051,1.46066,1.12,1.00
2015.02.18 10:30:59.946,1.46054,1.46069,1.00,1.00
2015.02.18 10:31:00.251,1.46057,1.46071,1.00,1.00
2015.02.18 10:31:00.758,1.46058,1.46071,1.00,1.00
2015.02.18 10:31:01.242,1.46059,1.46073,1.00,1.00
2015.02.18 10:31:02.366,1.46057,1.46073,1.50,1.00
2015.02.18 10:31:02.670,1.4606,1.46073,1.00,1.00
2015.02.18 10:31:03.027,1.46057,1.46073,1.69,1.00
2015.02.18 10:31:04.050,1.46057,1.46073,1.69,1.00
2015.02.18 10:31:06.714,1.46057,1.46071,1.25,1.00
2015.02.18 10:31:07.637,1.46055,1.46071,1.69,1.00
2015.02.18 10:31:08.143,1.46054,1.4607,1.69,1.00
2015.02.18 10:31:08.447,1.46054,1.4607,2.06,1.00
2015.02.18 10:31:08.755,1.46052,1.46068,3.00,1.00
2015.02.18 10:31:08.806,1.46052,1.46065,2.25,1.00
2015.02.18 10:31:09.060,1.46049,1.46065,1.50,1.00
2015.02.18 10:31:09.574,1.46049,1.46064,1.00,1.00
2015.02.18 10:31:18.745,1.46049,1.46064,1.69,1.00
2015.02.18 10:31:21.737,1.46049,1.46064,1.69,1.00
2015.02.18 10:31:22.767,1.46049,1.46064,1.69,1.00
2015.02.18 10:31:23.775,1.46049,1.46064,1.69,1.00
2015.02.18 10:31:26.480,1.46049,1.46064,1.00,1.00
2015.02.18 10:31:26.987,1.46048,1.46064,1.50,1.00
2015.02.18 10:31:27.311,1.46048,1.46062,1.00,1.00
2015.02.18 10:31:28.083,1.46048,1.4606,1.00,1.00
2015.02.18 10:31:29.548,1.46047,1.4606,1.12,1.00
2015.02.18 10:31:30.056,1.46044,1.4606,1.31,1.00
2015.02.18 10:31:33.107,1.46044,1.4606,1.31,1.00
2015.02.18 10:31:33.209,1.46044,1.4606,1.56,1.00
2015.02.18 10:31:33.513,1.46049,1.46065,1.20,1.00
2015.02.18 10:31:34.019,1.46044,1.46062,1.69,1.00
2015.02.18 10:31:34.369,1.46044,1.4606,1.69,1.00
2015.02.18 10:31:34.689,1.46044,1.4606,1.69,1.00
2015.02.18 10:31:36.683,1.46044,1.4606,2.06,1.00
2015.02.18 10:31:37.710,1.46044,1.4606,1.69,1.00
2015.02.18 10:31:38.679,1.46044,1.4606,2.06,1.00
2015.02.18 10:31:39.704,1.46045,1.4606,1.12,1.00
2015.02.18 10:31:40.387,1.46045,1.4606,1.37,1.00
2015.02.18 10:31:41.386,1.46044,1.4606,2.06,1.00
2015.02.18 10:31:41.897,1.46044,1.4606,2.81,1.00
2015.02.18 10:31:42.101,1.46044,1.4606,2.81,1.00
2015.02.18 10:31:42.708,1.46044,1.46058,1.25,1.00
2015.02.18 10:31:44.731,1.46043,1.46058,1.50,1.00
2015.02.18 10:31:46.408,1.46042,1.46058,1.00,1.00
2015.02.18 10:31:46.459,1.46039,1.46054,1.10,1.00
2015.02.18 10:31:46.763,1.46033,1.46046,1.00,1.00
2015.02.18 10:31:46.864,1.4603,1.46046,1.00,1.00
2015.02.18 10:31:46.915,1.46028,1.46046,1.12,1.00
2015.02.18 10:31:47.017,1.46026,1.46042,1.12,1.00
2015.02.18 10:31:47.762,1.46026,1.46042,1.37,1.00
2015.02.18 10:31:53.203,1.46026,1.46042,1.50,1.00
2015.02.18 10:31:53.773,1.46026,1.46042,1.12,1.00
2015.02.18 10:31:59.238,1.46025,1.46041,2.44,1.00
2015.02.18 10:31:59.340,1.46024,1.4604,1.12,1.00
2015.02.18 10:31:59.391,1.46028,1.4604,1.00,1.00
2015.02.18 10:31:59.695,1.46029,1.46035,1.00,1.00
2015.02.18 10:31:59.746,1.46024,1.46035,1.00,1.00
2015.02.18 10:31:59.848,1.46021,1.46035,1.00,1.00
2015.02.18 10:32:00.171,1.46019,1.46035,1.00,1.00
2015.02.18 10:32:00.221,1.46018,1.46033,1.00,1.00
2015.02.18 10:32:00.525,1.46018,1.4603,1.00,1.00
2015.02.18 10:32:01.134,1.4602,1.4603,1.00,1.00
2015.02.18 10:32:03.681,1.46018,1.4603,1.00,1.00
2015.02.18 10:32:05.108,1.46014,1.4603,1.50,1.60
2015.02.18 10:32:05.209,1.46014,1.4603,1.00,1.00
2015.02.18 10:32:05.260,1.4601,1.46028,2.44,1.00
2015.02.18 10:32:05.564,1.46016,1.46027,1.00,1.00
2015.02.18 10:32:05.716,1.46018,1.4603,1.00,1.00
2015.02.18 10:32:06.164,1.46018,1.46033,1.00,1.00
2015.02.18 10:32:10.004,1.46018,1.46036,1.25,1.00
2015.02.18 10:32:10.055,1.46018,1.46036,1.19,1.00
2015.02.18 10:32:10.157,1.46019,1.46036,1.00,1.00
2015.02.18 10:32:10.310,1.46018,1.46033,1.25,1.00
2015.02.18 10:32:10.462,1.4602,1.46036,1.00,1.00
2015.02.18 10:32:10.665,1.46017,1.46032,2.25,1.00
2015.02.18 10:32:10.716,1.46017,1.46032,1.50,1.00
2015.02.18 10:32:11.230,1.46017,1.46031,1.00,1.00
2015.02.18 10:32:11.962,1.46013,1.46031,2.44,1.00
2015.02.18 10:32:12.165,1.46018,1.46034,1.00,1.00
2015.02.18 10:32:12.470,1.46024,1.46038,1.00,1.00
2015.02.18 10:32:12.623,1.46019,1.46035,1.00,1.25
2015.02.18 10:32:13.493,1.46019,1.46035,1.75,1.00
2015.02.18 10:32:13.797,1.46026,1.46043,1.12,1.00
2015.02.18 10:32:14.304,1.46026,1.46044,1.87,1.00
2015.02.18 10:32:14.406,1.46026,1.46044,2.06,1.00
2015.02.18 10:32:14.608,1.46026,1.46044,1.87,1.00
2015.02.18 10:32:15.266,1.46026,1.46042,1.00,1.00
2015.02.18 10:32:15.419,1.46021,1.46039,1.31,1.00
2015.02.18 10:32:15.470,1.46021,1.46039,1.62,1.00
2015.02.18 10:32:15.993,1.46021,1.46039,1.62,1.00
2015.02.18 10:32:16.355,1.46025,1.46041,1.12,1.00
2015.02.18 10:32:16.459,1.46026,1.46044,1.00,1.00
2015.02.18 10:32:18.102,1.46026,1.46044,1.00,1.31
2015.02.18 10:32:22.140,1.46026,1.46044,1.00,1.25
2015.02.18 10:32:25.478,1.46025,1.46041,1.00,1.00
2015.02.18 10:32:25.782,1.46024,1.4604,1.25,1.19
2015.02.18 10:32:26.035,1.46028,1.46046,1.00,1.25
2015.02.18 10:32:26.339,1.46028,1.46045,1.00,1.56
2015.02.18 10:32:26.390,1.46024,1.46042,1.00,1.00
2015.02.18 10:32:26.542,1.46024,1.46042,1.00,1.44
2015.02.18 10:32:27.544,1.46024,1.46042,1.00,1.19
2015.02.18 10:32:28.240,1.46024,1.46042,1.12,1.00
2015.02.18 10:32:28.545,1.46029,1.46047,1.00,1.87
2015.02.18 10:32:28.697,1.46025,1.46043,1.00,1.00
2015.02.18 10:32:29.310,1.46025,1.46043,1.00,1.00
2015.02.18 10:32:29.463,1.46017,1.46034,1.00,2.85
2015.02.18 10:32:29.667,1.46014,1.46032,1.37,1.00
2015.02.18 10:32:29.871,1.46017,1.46033,1.00,1.00
2015.02.18 10:32:29.922,1.46019,1.46037,1.00,1.00
2015.02.18 10:32:30.428,1.4602,1.46038,1.00,1.00
2015.02.18 10:32:37.567,1.4602,1.46038,1.00,1.62
2015.02.18 10:32:37.619,1.46017,1.46035,1.00,1.00
2015.02.18 10:32:37.720,1.46014,1.46032,1.00,1.00
2015.02.18 10:32:38.028,1.4601,1.46026,1.00,1.00
2015.02.18 10:32:38.703,1.46008,1.46024,1.00,1.00
2015.02.18 10:32:38.804,1.46006,1.46024,1.31,1.00
2015.02.18 10:32:42.798,1.46005,1.46021,1.00,1.00
2015.02.18 10:32:44.741,1.46002,1.4602,1.62,1.00
2015.02.18 10:32:45.379,1.46002,1.4602,1.25,1.00
2015.02.18 10:32:46.355,1.46002,1.4602,1.31,1.00
2015.02.18 10:32:46.761,1.46004,1.46022,1.25,1.00
2015.02.18 10:32:47.270,1.46005,1.46022,1.00,1.00
2015.02.18 10:32:48.230,1.46004,1.46022,1.00,1.00
2015.02.18 10:32:48.785,1.46004,1.46022,1.19,1.00
2015.02.18 10:32:49.660,1.46004,1.46022,1.00,1.00
2015.02.18 10:32:50.045,1.46003,1.46019,1.69,1.00
2015.02.18 10:32:54.124,1.46005,1.46021,1.00,1.00
2015.02.18 10:33:01.467,1.46006,1.46022,1.00,1.00
2015.02.18 10:33:03.239,1.46005,1.46021,1.00,1.00
2015.02.18 10:33:10.934,1.46005,1.46021,1.00,1.37
2015.02.18 10:33:11.449,1.46005,1.46021,1.00,1.00
2015.02.18 10:33:11.977,1.46006,1.46022,1.00,1.00
2015.02.18 10:33:12.639,1.46006,1.46022,1.50,1.00
2015.02.18 10:33:13.045,1.46008,1.46024,1.00,1.00
2015.02.18 10:33:13.454,1.46005,1.46023,1.00,1.00
2015.02.18 10:33:13.995,1.46005,1.46023,1.19,1.00
2015.02.18 10:33:14.801,1.46005,1.46023,1.25,1.00
2015.02.18 10:33:18.673,1.46005,1.46023,1.00,1.69
2015.02.18 10:33:18.724,1.46003,1.46021,1.00,1.00
2015.02.18 10:33:18.876,1.46002,1.46018,1.00,1.00
2015.02.18 10:33:21.052,1.46001,1.46017,1.00,1.00
2015.02.18 10:33:21.356,1.45997,1.46013,1.00,1.31
2015.02.18 10:33:22.073,1.45995,1.46013,1.00,1.56
2015.02.18 10:33:22.275,1.45995,1.46011,1.00,1.37
2015.02.18 10:33:22.377,1.45992,1.4601,1.00,1.12
2015.02.18 10:33:23.052,1.45995,1.46011,1.00,1.00
2015.02.18 10:33:27.231,1.45997,1.46011,1.00,1.00
2015.02.18 10:33:27.383,1.46002,1.46018,1.00,1.19
2015.02.18 10:33:27.434,1.46002,1.4602,1.00,1.19
2015.02.18 10:33:27.536,1.46004,1.4602,1.00,1.19
2015.02.18 10:33:27.688,1.45997,1.46013,1.00,1.00
2015.02.18 10:33:28.295,1.45997,1.46013,1.00,1.19
2015.02.18 10:33:28.878,1.45995,1.46013,1.00,1.19
2015.02.18 10:33:30.425,1.45995,1.46013,1.00,1.31
2015.02.18 10:33:31.439,1.45995,1.46013,1.00,1.31
2015.02.18 10:33:32.301,1.45994,1.4601,1.00,1.00
2015.02.18 10:33:36.767,1.45996,1.46012,1.00,1.00
2015.02.18 10:33:36.919,1.45996,1.46014,1.19,1.00
2015.02.18 10:33:37.021,1.45999,1.46015,1.00,1.00
2015.02.18 10:33:37.325,1.46007,1.46022,1.00,1.25
2015.02.18 10:33:37.831,1.46008,1.46026,1.00,1.50
2015.02.18 10:33:38.372,1.46008,1.46026,1.00,1.37
2015.02.18 10:33:38.575,1.46006,1.46024,1.00,1.00
2015.02.18 10:33:38.627,1.46006,1.46024,1.00,1.65
2015.02.18 10:33:38.679,1.46001,1.46017,1.00,1.00
2015.02.18 10:33:38.891,1.45995,1.46013,1.50,1.00
2015.02.18 10:33:40.836,1.46001,1.46019,1.00,1.87
2015.02.18 10:33:40.938,1.46001,1.46019,1.00,1.00
2015.02.18 10:33:41.141,1.46001,1.46019,1.19,1.00
2015.02.18 10:33:41.192,1.46003,1.46021,1.25,1.25
2015.02.18 10:33:41.496,1.46006,1.46022,1.00,1.25
2015.02.18 10:33:41.800,1.46004,1.46022,1.00,1.35
2015.02.18 10:33:41.851,1.46001,1.46019,1.00,1.00
2015.02.18 10:33:42.308,1.46,1.46018,1.50,1.44
2015.02.18 10:33:42.814,1.46,1.46017,1.12,1.19
2015.02.18 10:33:43.168,1.46001,1.46017,1.12,1.25
2015.02.18 10:33:43.701,1.46001,1.46017,1.50,1.12
2015.02.18 10:33:45.288,1.46001,1.46019,1.00,1.46
2015.02.18 10:33:45.339,1.46001,1.46019,1.00,2.14
2015.02.18 10:33:45.390,1.45999,1.46017,1.00,2.19
2015.02.18 10:33:45.896,1.45996,1.46014,1.25,1.00
2015.02.18 10:33:46.339,1.45994,1.46012,1.00,1.00
2015.02.18 10:33:47.250,1.45996,1.46014,1.00,1.31
2015.02.18 10:33:47.808,1.45999,1.46017,1.00,1.87
2015.02.18 10:33:48.114,1.45989,1.46007,1.00,1.56
2015.02.18 10:33:48.165,1.45989,1.46007,1.00,1.56
2015.02.18 10:33:48.381,1.4599,1.46006,1.00,1.37
2015.02.18 10:33:48.535,1.45991,1.46007,1.00,1.25
2015.02.18 10:33:48.688,1.45995,1.46007,1.00,1.72
2015.02.18 10:33:48.908,1.45994,1.46012,1.50,1.37
2015.02.18 10:33:49.010,1.45996,1.46014,1.19,1.00
2015.02.18 10:33:49.214,1.45994,1.46012,1.00,1.00
2015.02.18 10:33:49.266,1.45994,1.46012,1.00,1.56
2015.02.18 10:33:49.317,1.45991,1.46009,1.00,1.19
2015.02.18 10:33:49.418,1.45989,1.46005,1.00,1.00
2015.02.18 10:33:49.773,1.45993,1.46009,1.00,1.25
2015.02.18 10:33:50.331,1.45997,1.46013,1.00,1.25
2015.02.18 10:33:51.829,1.45997,1.46013,1.00,1.50
2015.02.18 10:33:51.981,1.45995,1.46011,1.00,1.00
2015.02.18 10:33:53.415,1.45995,1.46011,1.00,1.19
2015.02.18 10:33:53.517,1.45989,1.46007,1.00,1.00
2015.02.18 10:33:53.618,1.45987,1.46005,1.12,1.19
2015.02.18 10:33:56.214,1.45987,1.46005,1.00,1.56
2015.02.18 10:33:56.721,1.45987,1.46005,1.00,1.56
2015.02.18 10:33:57.235,1.45987,1.46005,1.00,1.56
2015.02.18 10:33:57.885,1.45987,1.46005,1.00,1.56
2015.02.18 10:33:58.373,1.45987,1.46005,1.00,1.19
2015.02.18 10:34:00.234,1.45987,1.46005,1.37,1.25
2015.02.18 10:34:00.335,1.4599,1.46006,1.25,1.00
2015.02.18 10:34:01.501,1.4599,1.46006,1.19,1.00
2015.02.18 10:34:01.552,1.45993,1.46011,1.00,1.00
2015.02.18 10:34:01.703,1.45993,1.46011,1.19,1.00
2015.02.18 10:34:02.701,1.45993,1.46011,1.62,1.00
2015.02.18 10:34:03.208,1.45991,1.46009,1.00,1.00
2015.02.18 10:34:03.311,1.45991,1.46009,1.00,1.19
2015.02.18 10:34:03.716,1.45989,1.46007,1.00,1.12
2015.02.18 10:34:04.446,1.45989,1.46007,1.00,1.62
2015.02.18 10:34:04.954,1.45988,1.46006,1.00,1.00
2015.02.18 10:34:05.815,1.45988,1.46006,2.44,1.00
2015.02.18 10:34:06.120,1.45992,1.46008,1.00,1.00
2015.02.18 10:34:06.424,1.4599,1.46006,1.00,1.00
2015.02.18 10:34:07.143,1.45988,1.46006,1.00,1.00
2015.02.18 10:34:08.265,1.45988,1.46006,1.00,1.31
2015.02.18 10:34:08.367,1.45987,1.46003,1.00,1.00
2015.02.18 10:34:09.571,1.45985,1.46003,1.00,1.19
2015.02.18 10:34:09.673,1.45984,1.46,1.00,1.00
2015.02.18 10:34:09.877,1.45978,1.45996,1.50,1.00
2015.02.18 10:34:10.030,1.45978,1.45996,1.00,1.19
2015.02.18 10:34:10.132,1.45977,1.45995,1.00,1.25
2015.02.18 10:34:10.234,1.45975,1.45993,1.00,1.00
2015.02.18 10:34:11.154,1.45975,1.45993,1.00,1.19
2015.02.18 10:34:12.176,1.45975,1.45993,1.00,1.25
2015.02.18 10:34:13.063,1.45975,1.45993,1.37,1.25
2015.02.18 10:34:14.059,1.45975,1.45993,1.37,1.19
2015.02.18 10:34:14.611,1.45975,1.45993,1.12,1.19
2015.02.18 10:34:15.697,1.45981,1.45993,1.00,1.19
2015.02.18 10:34:15.899,1.45988,1.46001,1.00,1.00
2015.02.18 10:34:15.950,1.45988,1.46004,1.00,1.50
2015.02.18 10:34:16.001,1.45988,1.46004,1.00,1.87
2015.02.18 10:34:16.052,1.45985,1.46001,1.00,1.69
2015.02.18 10:34:16.103,1.45985,1.46001,1.00,1.31
2015.02.18 10:34:16.155,1.45985,1.46001,1.00,1.19
2015.02.18 10:34:16.256,1.45981,1.45999,1.00,1.19
2015.02.18 10:34:16.358,1.45981,1.45999,1.00,1.00
2015.02.18 10:34:16.459,1.45981,1.45999,1.00,1.19
2015.02.18 10:34:17.472,1.45981,1.45999,1.00,1.19
2015.02.18 10:34:18.080,1.45981,1.45999,1.25,1.00
2015.02.18 10:34:18.284,1.45981,1.45999,1.00,1.50
2015.02.18 10:34:18.386,1.45978,1.45996,1.10,1.00
2015.02.18 10:34:18.488,1.45978,1.45996,1.00,1.50
2015.02.18 10:34:18.591,1.45976,1.45994,1.25,1.12
2015.02.18 10:34:19.595,1.45977,1.45995,1.00,1.25
2015.02.18 10:34:28.063,1.45979,1.45997,1.00,1.00
2015.02.18 10:34:29.611,1.45979,1.45997,1.69,1.00
2015.02.18 10:34:29.916,1.45983,1.45999,1.00,1.00
2015.02.18 10:34:30.221,1.45978,1.45994,1.12,1.00
2015.02.18 10:34:30.526,1.4598,1.45996,1.00,1.00
2015.02.18 10:34:35.555,1.45979,1.45995,1.00,1.00
2015.02.18 10:34:36.310,1.45976,1.45992,1.25,1.00
2015.02.18 10:34:36.715,1.45973,1.45991,1.50,1.00
2015.02.18 10:34:38.339,1.45973,1.45991,2.06,1.00
2015.02.18 10:34:38.390,1.45975,1.45993,1.12,1.00
2015.02.18 10:34:38.593,1.45978,1.45994,1.00,1.25
2015.02.18 10:34:38.847,1.45974,1.45992,1.12,1.12
2015.02.18 10:34:39.383,1.45975,1.45993,1.00,1.00
2015.02.18 10:34:40.199,1.45976,1.45993,1.00,1.00
2015.02.18 10:34:40.882,1.45975,1.45993,1.00,1.25
2015.02.18 10:34:40.933,1.45972,1.45988,1.50,1.00
2015.02.18 10:34:41.238,1.45965,1.4598,1.00,1.00
2015.02.18 10:34:41.695,1.45968,1.45983,1.00,1.10
2015.02.18 10:34:41.898,1.45968,1.45986,2.06,1.00
2015.02.18 10:34:42.253,1.45972,1.45988,1.00,1.00
2015.02.18 10:34:43.009,1.45972,1.4599,1.00,1.00
2015.02.18 10:34:43.516,1.45972,1.4599,1.50,1.00
2015.02.18 10:34:45.410,1.45974,1.45992,1.00,1.00
2015.02.18 10:34:45.511,1.45974,1.45992,1.19,1.00
2015.02.18 10:34:45.816,1.45979,1.45995,1.31,1.00
2015.02.18 10:34:50.929,1.45976,1.45992,1.25,1.00
2015.02.18 10:34:51.132,1.45978,1.45996,1.00,1.00
2015.02.18 10:34:51.234,1.45981,1.45997,1.19,1.00
2015.02.18 10:34:51.750,1.45981,1.45997,1.00,1.00
2015.02.18 10:34:52.057,1.45979,1.45995,1.50,1.00
2015.02.18 10:34:52.571,1.45981,1.45997,1.00,1.00
2015.02.18 10:34:55.118,1.45981,1.45999,2.06,1.00
2015.02.18 10:34:55.170,1.45981,1.45999,2.06,1.00
2015.02.18 10:34:55.322,1.45983,1.46001,2.06,1.00
2015.02.18 10:34:56.169,1.45983,1.46001,1.69,1.00
2015.02.18 10:34:57.207,1.45984,1.46001,1.00,1.00
2015.02.18 10:34:58.082,1.45983,1.46001,1.12,1.00
2015.02.18 10:35:03.374,1.45982,1.46,1.00,1.00
2015.02.18 10:35:06.395,1.45982,1.46,1.00,1.31
2015.02.18 10:35:07.467,1.45982,1.46,1.00,1.31
2015.02.18 10:35:08.193,1.45986,1.46002,1.50,1.00
2015.02.18 10:35:15.229,1.45986,1.46002,1.00,1.37
2015.02.18 10:35:15.853,1.45986,1.46002,1.00,1.12
2015.02.18 10:35:17.889,1.45984,1.46002,1.00,1.00
2015.02.18 10:35:18.550,1.45987,1.46005,1.00,1.00
2015.02.18 10:35:19.726,1.45997,1.46013,1.00,1.19
2015.02.18 10:35:19.827,1.45997,1.46013,1.00,1.25
2015.02.18 10:35:19.878,1.45999,1.46015,1.00,1.19
2015.02.18 10:35:20.131,1.46004,1.4602,1.50,1.25
2015.02.18 10:35:20.233,1.46004,1.46028,1.75,1.31
2015.02.18 10:35:20.639,1.4601,1.46028,1.00,1.31
2015.02.18 10:35:20.842,1.4601,1.46028,1.00,1.00
2015.02.18 10:35:20.943,1.46012,1.4603,1.00,1.31
2015.02.18 10:35:21.450,1.46013,1.4603,1.00,1.31
2015.02.18 10:35:25.050,1.46013,1.4603,1.37,1.00
2015.02.18 10:35:25.151,1.46014,1.46032,1.75,1.00
2015.02.18 10:35:25.657,1.46017,1.46033,1.50,1.00
2015.02.18 10:35:27.032,1.46019,1.46035,1.00,1.25
2015.02.18 10:35:29.073,1.46019,1.46037,1.00,1.25
2015.02.18 10:35:29.843,1.46019,1.46037,1.00,1.19
2015.02.18 10:35:33.755,1.4602,1.46037,1.00,1.19
2015.02.18 10:35:34.061,1.46022,1.4604,1.00,1.56
2015.02.18 10:35:34.379,1.46022,1.4604,1.00,1.00
2015.02.18 10:35:34.481,1.46024,1.46042,1.50,1.25
2015.02.18 10:35:35.088,1.46028,1.46042,1.00,1.25
2015.02.18 10:35:35.543,1.46028,1.46045,1.00,1.19
2015.02.18 10:35:36.555,1.46028,1.46045,1.00,1.25
2015.02.18 10:35:37.560,1.46028,1.46045,1.00,1.19
2015.02.18 10:35:38.580,1.46028,1.46045,1.00,1.19
2015.02.18 10:35:39.549,1.46028,1.46045,1.00,1.19
2015.02.18 10:35:44.207,1.46026,1.46045,1.00,1.56
2015.02.18 10:35:46.194,1.46029,1.46045,1.37,1.00
2015.02.18 10:35:46.295,1.46032,1.4605,1.00,2.32
2015.02.18 10:35:46.398,1.46031,1.4605,1.00,2.44
2015.02.18 10:35:46.604,1.46031,1.4605,1.37,1.25
2015.02.18 10:35:46.706,1.46031,1.4605,1.00,1.19
2015.02.18 10:35:46.909,1.46031,1.4605,1.00,1.00
2015.02.18 10:35:47.264,1.46032,1.46053,1.87,1.00
2015.02.18 10:35:48.869,1.46032,1.46054,2.06,1.00
2015.02.18 10:35:49.505,1.46032,1.46054,1.12,1.31
2015.02.18 10:35:49.810,1.46029,1.46049,1.12,1.81
2015.02.18 10:35:50.346,1.46029,1.46049,1.00,1.81
2015.02.18 10:35:50.890,1.46029,1.46049,1.00,1.25
2015.02.18 10:35:51.213,1.4603,1.46053,1.50,1.19
2015.02.18 10:35:51.726,1.4603,1.46053,1.69,1.19
2015.02.18 10:35:51.879,1.4603,1.46053,2.44,1.00
2015.02.18 10:35:51.981,1.4603,1.46053,1.50,1.56
2015.02.18 10:35:52.502,1.46031,1.46054,1.12,1.39
2015.02.18 10:35:54.088,1.46031,1.46054,1.87,1.39
2015.02.18 10:35:54.695,1.46031,1.46054,1.87,1.76
2015.02.18 10:35:54.838,1.46031,1.46053,1.00,1.25
2015.02.18 10:35:55.366,1.46031,1.46054,1.31,1.39
2015.02.18 10:35:55.983,1.46033,1.46056,1.19,2.02
2015.02.18 10:35:56.135,1.46033,1.46056,1.19,1.87
2015.02.18 10:35:57.221,1.46033,1.46056,2.44,1.50
2015.02.18 10:35:57.792,1.46036,1.46057,1.37,2.02
2015.02.18 10:35:57.944,1.46034,1.46055,1.31,1.00
2015.02.18 10:35:58.576,1.46034,1.46055,1.31,1.00
2015.02.18 10:35:59.377,1.46034,1.46055,1.12,1.19
2015.02.18 10:35:59.480,1.46031,1.46054,2.06,1.87
2015.02.18 10:35:59.532,1.46031,1.46054,2.06,1.44
2015.02.18 10:35:59.684,1.46031,1.46054,2.44,1.00
2015.02.18 10:36:00.039,1.46034,1.46056,1.50,1.44
2015.02.18 10:36:01.902,1.46034,1.46057,1.69,1.95
2015.02.18 10:36:02.988,1.46034,1.46057,1.69,1.95
2015.02.18 10:36:03.511,1.46034,1.46056,1.69,1.00
2015.02.18 10:36:04.597,1.46034,1.46057,1.69,1.95
2015.02.18 10:36:16.437,1.46034,1.46057,1.50,1.95
2015.02.18 10:36:17.028,1.46034,1.46056,1.69,1.00
2015.02.18 10:36:17.231,1.46034,1.46055,1.00,1.44
2015.02.18 10:36:17.535,1.46036,1.46055,1.00,1.50
2015.02.18 10:36:18.325,1.46036,1.46055,1.00,1.50
2015.02.18 10:36:19.028,1.46036,1.46055,1.00,1.50
2015.02.18 10:36:19.283,1.46034,1.46053,1.00,1.00
2015.02.18 10:36:21.923,1.46035,1.46055,1.00,1.19
2015.02.18 10:36:24.630,1.46035,1.46055,1.00,1.25
2015.02.18 10:36:25.679,1.46035,1.46055,1.00,1.19
2015.02.18 10:36:26.538,1.46035,1.46055,1.75,1.19
2015.02.18 10:36:26.842,1.46039,1.46056,1.00,1.31
2015.02.18 10:36:28.876,1.46038,1.46057,1.00,1.12
2015.02.18 10:36:29.524,1.46037,1.46055,1.00,1.12
2015.02.18 10:36:32.421,1.46037,1.46055,1.00,1.62
2015.02.18 10:36:32.472,1.46034,1.46055,1.50,1.37
2015.02.18 10:36:32.726,1.46036,1.46052,1.00,1.00
2015.02.18 10:36:33.030,1.46038,1.46054,1.00,1.31
2015.02.18 10:36:34.803,1.46038,1.46054,1.37,1.00
2015.02.18 10:36:35.309,1.4604,1.46056,1.00,1.87
2015.02.18 10:36:35.461,1.46038,1.46056,1.12,1.87
2015.02.18 10:36:35.766,1.46038,1.46055,1.12,1.12
2015.02.18 10:36:35.869,1.46034,1.4605,1.00,1.56
2015.02.18 10:36:35.920,1.46032,1.46048,1.00,1.31
2015.02.18 10:36:36.022,1.46029,1.46045,1.00,1.00
2015.02.18 10:36:36.533,1.46029,1.46045,1.00,1.19
2015.02.18 10:36:37.063,1.46029,1.46045,1.00,1.00
2015.02.18 10:36:41.504,1.4603,1.46048,1.37,1.37
2015.02.18 10:36:41.555,1.4603,1.46048,1.37,1.00
2015.02.18 10:36:41.911,1.46032,1.4605,1.12,1.00
2015.02.18 10:36:43.313,1.46032,1.4605,1.00,1.19
2015.02.18 10:36:43.415,1.46032,1.4605,1.50,1.00
2015.02.18 10:36:43.518,1.46035,1.46053,1.00,1.31
2015.02.18 10:36:44.030,1.46035,1.46049,1.00,1.00
2015.02.18 10:36:44.629,1.46035,1.46053,1.00,1.31
2015.02.18 10:36:45.366,1.46034,1.46052,1.00,1.19
2015.02.18 10:36:45.824,1.46032,1.4605,1.00,1.12
2015.02.18 10:36:49.073,1.46032,1.46047,1.00,1.00
2015.02.18 10:36:49.625,1.46032,1.4605,1.00,1.00
2015.02.18 10:36:50.839,1.46033,1.4605,1.00,1.00
2015.02.18 10:36:50.941,1.46033,1.4605,1.19,1.00
2015.02.18 10:36:51.093,1.46039,1.46055,1.00,1.00
2015.02.18 10:36:51.144,1.46039,1.46055,1.19,1.00
2015.02.18 10:36:51.297,1.4604,1.46058,1.19,1.00
2015.02.18 10:36:51.348,1.4604,1.46058,1.19,1.00
2015.02.18 10:36:51.399,1.46044,1.46062,1.00,1.00
2015.02.18 10:36:51.940,1.46044,1.46062,1.19,1.00
2015.02.18 10:36:52.476,1.46044,1.46062,1.69,1.00
2015.02.18 10:36:52.629,1.46049,1.46065,1.00,1.69
2015.02.18 10:36:59.116,1.46047,1.46063,1.00,1.00
2015.02.18 10:36:59.626,1.46047,1.46063,1.00,1.37
2015.02.18 10:37:00.439,1.46047,1.46063,1.00,1.31
2015.02.18 10:37:01.868,1.46048,1.46064,1.00,1.12
2015.02.18 10:37:01.970,1.46052,1.46068,1.00,1.94
2015.02.18 10:37:03.943,1.46048,1.46064,1.00,1.00
2015.02.18 10:37:04.398,1.46048,1.46066,1.00,1.94
2015.02.18 10:37:04.601,1.46045,1.46061,1.00,1.69
2015.02.18 10:37:04.652,1.46045,1.46061,1.00,1.69
2015.02.18 10:37:04.855,1.46047,1.46063,1.00,1.37
2015.02.18 10:37:04.956,1.46049,1.46065,1.00,1.37
2015.02.18 10:37:05.260,1.46053,1.46068,1.00,1.37
2015.02.18 10:37:05.563,1.46053,1.46065,1.00,1.37
2015.02.18 10:37:05.716,1.46051,1.46066,1.00,1.37
2015.02.18 10:37:06.200,1.46053,1.46065,1.00,1.37
2015.02.18 10:37:06.302,1.46056,1.4607,1.00,2.25
2015.02.18 10:37:06.354,1.46059,1.4607,1.00,1.50
2015.02.18 10:37:06.678,1.46066,1.46082,1.10,1.37
2015.02.18 10:37:06.781,1.46062,1.46079,1.00,1.16
2015.02.18 10:37:07.086,1.4606,1.46076,1.50,1.62
2015.02.18 10:37:07.390,1.46064,1.4608,1.00,2.06
2015.02.18 10:37:07.593,1.46067,1.46078,1.00,1.00
2015.02.18 10:37:07.796,1.46069,1.46087,1.00,1.31
2015.02.18 10:37:07.897,1.46072,1.46088,1.00,1.31
2015.02.18 10:37:08.454,1.4607,1.4609,1.00,1.56
2015.02.18 10:37:08.556,1.46072,1.46091,1.00,1.56
2015.02.18 10:37:08.758,1.46072,1.46091,1.00,1.56
2015.02.18 10:37:10.243,1.46072,1.46091,1.87,1.37
2015.02.18 10:37:10.446,1.46074,1.46095,1.00,1.37
2015.02.18 10:37:10.952,1.46073,1.46092,1.00,1.37
2015.02.18 10:37:11.357,1.46073,1.46092,1.00,1.31
2015.02.18 10:37:11.459,1.46071,1.46091,1.00,1.62
2015.02.18 10:37:14.118,1.46071,1.46091,1.37,1.37
2015.02.18 10:37:14.489,1.46075,1.46093,1.00,1.56
2015.02.18 10:37:16.517,1.46072,1.46093,1.50,1.56
2015.02.18 10:37:17.688,1.4607,1.46091,1.25,1.50
2015.02.18 10:37:21.556,1.4607,1.46091,1.00,1.69
2015.02.18 10:37:22.562,1.4607,1.46091,1.00,1.69
2015.02.18 10:37:22.765,1.46068,1.46088,1.00,1.62
2015.02.18 10:37:22.917,1.46068,1.46088,1.00,1.12
2015.02.18 10:37:22.968,1.46071,1.46089,1.00,1.37
2015.02.18 10:37:23.349,1.46073,1.46089,1.37,1.00
2015.02.18 10:37:23.451,1.46073,1.46094,1.69,1.20
2015.02.18 10:37:23.502,1.46073,1.46094,2.44,1.12
2015.02.18 10:37:23.603,1.46074,1.46097,1.00,1.31
2015.02.18 10:37:23.806,1.46072,1.46095,1.00,1.19
2015.02.18 10:37:24.112,1.4607,1.46093,1.39,1.56
2015.02.18 10:37:24.802,1.4607,1.46093,1.12,1.56
2015.02.18 10:37:25.882,1.4607,1.46093,1.95,1.19
2015.02.18 10:37:26.035,1.46074,1.46097,1.37,1.56
2015.02.18 10:37:26.086,1.46074,1.46097,1.00,1.56
2015.02.18 10:37:26.335,1.46071,1.46092,1.10,3.56
2015.02.18 10:37:26.487,1.46074,1.46092,1.00,1.87
2015.02.18 10:37:26.791,1.46072,1.46093,1.00,1.62
2015.02.18 10:37:28.207,1.46072,1.46093,1.37,1.62
2015.02.18 10:37:28.513,1.4607,1.46091,1.07,2.81
2015.02.18 10:37:28.615,1.4607,1.46091,1.47,1.69
2015.02.18 10:37:28.716,1.46072,1.46089,1.25,1.00
2015.02.18 10:37:29.021,1.46074,1.46095,1.37,1.94
2015.02.18 10:37:29.697,1.46073,1.46091,1.12,1.37
2015.02.18 10:37:30.834,1.46073,1.46091,1.00,1.37
2015.02.18 10:37:32.152,1.46073,1.46091,1.12,1.00
2015.02.18 10:37:39.033,1.46075,1.46094,1.00,1.19
2015.02.18 10:37:39.338,1.4607,1.46088,1.00,1.69
2015.02.18 10:37:39.389,1.46067,1.46088,1.57,1.69
2015.02.18 10:37:39.440,1.46067,1.46088,1.00,1.69
2015.02.18 10:37:39.818,1.46066,1.46086,1.50,1.62
2015.02.18 10:37:41.610,1.46066,1.46086,1.00,1.62
2015.02.18 10:37:41.915,1.46066,1.46086,1.37,1.62
2015.02.18 10:37:42.169,1.46066,1.46086,1.37,1.56
2015.02.18 10:37:43.839,1.46066,1.46086,1.75,1.56
2015.02.18 10:37:47.094,1.4607,1.46088,1.00,1.37
2015.02.18 10:37:48.429,1.4607,1.46088,1.00,1.37
2015.02.18 10:37:48.991,1.4607,1.46088,1.00,1.62
2015.02.18 10:37:49.941,1.4607,1.46088,1.00,1.37
2015.02.18 10:37:50.471,1.4607,1.46088,1.37,1.37
2015.02.18 10:37:52.682,1.4607,1.46088,1.12,1.37
2015.02.18 10:37:53.037,1.46068,1.46084,1.12,1.00
2015.02.18 10:37:53.442,1.4607,1.46086,1.00,1.37
2015.02.18 10:37:53.949,1.4607,1.46086,1.31,1.37
2015.02.18 10:37:54.254,1.46058,1.46075,1.12,2.51
2015.02.18 10:37:54.305,1.46057,1.46075,1.37,1.95
2015.02.18 10:37:54.356,1.46054,1.46072,1.00,1.50
2015.02.18 10:37:54.458,1.46053,1.46069,1.00,1.00
2015.02.18 10:37:58.428,1.46055,1.46071,1.00,1.25
2015.02.18 10:37:58.631,1.46056,1.46074,1.00,1.56
2015.02.18 10:37:59.521,1.46055,1.46071,1.00,1.00
2015.02.18 10:38:02.263,1.46053,1.46069,1.00,1.00
2015.02.18 10:38:10.304,1.46055,1.46071,1.00,1.00
2015.02.18 10:38:14.928,1.46055,1.46071,1.00,1.37
2015.02.18 10:38:15.879,1.46053,1.46069,1.00,1.12
2015.02.18 10:38:19.613,1.46058,1.46074,1.00,1.56
2015.02.18 10:38:19.765,1.46049,1.46065,1.37,1.00
2015.02.18 10:38:19.917,1.46049,1.46065,1.00,1.69
2015.02.18 10:38:19.968,1.46045,1.46061,1.50,1.25
2015.02.18 10:38:20.070,1.46042,1.4606,1.00,1.50
2015.02.18 10:38:20.171,1.4604,1.46058,1.50,3.22
2015.02.18 10:38:21.398,1.46038,1.46056,1.00,1.00
2015.02.18 10:38:21.702,1.46038,1.46054,1.00,1.00
2015.02.18 10:38:22.006,1.46035,1.46053,1.00,2.06
2015.02.18 10:38:22.057,1.46033,1.46051,1.00,1.37
2015.02.18 10:38:22.260,1.46033,1.46051,1.00,1.12
2015.02.18 10:38:22.361,1.46032,1.46048,1.00,1.00
2015.02.18 10:38:32.903,1.46032,1.46048,1.00,1.19
2015.02.18 10:38:32.954,1.46029,1.46047,1.00,1.25
2015.02.18 10:38:33.458,1.46029,1.46047,1.00,1.19
2015.02.18 10:38:33.613,1.46027,1.46046,1.00,1.25
2015.02.18 10:38:35.141,1.46027,1.46046,1.00,1.31
2015.02.18 10:38:36.149,1.46027,1.46046,1.00,1.31
2015.02.18 10:38:37.114,1.46027,1.46046,1.00,1.31
2015.02.18 10:38:40.622,1.46026,1.46044,1.00,1.00
2015.02.18 10:38:41.322,1.46026,1.46044,1.37,1.00
2015.02.18 10:38:41.626,1.46032,1.46051,1.62,1.20
2015.02.18 10:38:41.728,1.46037,1.46055,1.00,1.00
2015.02.18 10:38:41.829,1.46038,1.46055,1.19,1.00
2015.02.18 10:38:42.083,1.46044,1.4606,1.00,1.00
2015.02.18 10:38:48.133,1.46041,1.46059,1.00,1.00
2015.02.18 10:38:48.336,1.4604,1.46056,1.00,1.00
2015.02.18 10:38:48.943,1.4604,1.46056,1.37,1.00
2015.02.18 10:38:48.995,1.46042,1.46058,1.00,1.00
2015.02.18 10:38:49.147,1.46042,1.46058,1.00,1.19
2015.02.18 10:38:49.349,1.46039,1.46057,1.00,1.19
2015.02.18 10:38:49.451,1.46037,1.46055,1.00,1.00
2015.02.18 10:38:56.834,1.46039,1.46057,1.00,1.37
2015.02.18 10:38:57.144,1.46042,1.46058,1.00,2.06
2015.02.18 10:38:58.884,1.46038,1.46056,1.00,1.55
2015.02.18 10:38:58.990,1.46036,1.46054,1.00,1.00
2015.02.18 10:38:59.041,1.46036,1.46054,1.00,1.19
2015.02.18 10:38:59.346,1.46031,1.46047,1.37,1.75
2015.02.18 10:38:59.448,1.46028,1.46044,1.00,1.00
2015.02.18 10:38:59.549,1.46024,1.46042,1.00,1.37
2015.02.18 10:39:00.675,1.46024,1.46042,1.00,1.62
2015.02.18 10:39:00.878,1.46029,1.46047,1.00,1.55
2015.02.18 10:39:01.334,1.46033,1.46051,1.00,1.62
2015.02.18 10:39:02.866,1.46029,1.46043,1.37,1.00
2015.02.18 10:39:02.918,1.46027,1.46043,1.00,1.00
2015.02.18 10:39:02.969,1.46028,1.46046,1.00,1.37
2015.02.18 10:39:03.070,1.46028,1.46046,1.00,1.37
2015.02.18 10:39:03.324,1.46025,1.46042,1.19,1.37
2015.02.18 10:39:03.425,1.46025,1.46042,1.19,1.00
2015.02.18 10:39:04.059,1.46025,1.46042,1.25,1.00
2015.02.18 10:39:05.076,1.46025,1.46042,1.31,1.00
2015.02.18 10:39:05.598,1.46027,1.46043,1.00,1.00
2015.02.18 10:39:13.480,1.46027,1.46043,1.19,1.00
2015.02.18 10:39:13.531,1.46028,1.46046,1.25,1.00
2015.02.18 10:39:23.629,1.46028,1.46046,1.00,1.19
2015.02.18 10:39:24.643,1.46028,1.46046,1.00,1.19
2015.02.18 10:39:25.586,1.46026,1.46044,1.00,1.25
2015.02.18 10:39:25.784,1.46026,1.46042,1.00,1.00
2015.02.18 10:39:27.074,1.46026,1.46042,1.00,1.60
2015.02.18 10:39:28.523,1.46026,1.46042,1.00,1.00
2015.02.18 10:39:30.128,1.46026,1.46042,1.00,1.19
2015.02.18 10:39:30.230,1.46021,1.46039,1.50,1.25
2015.02.18 10:39:30.281,1.46021,1.46039,1.87,1.25
2015.02.18 10:39:30.894,1.46024,1.4604,1.00,1.00
2015.02.18 10:39:31.862,1.46025,1.4604,1.00,1.00
2015.02.18 10:39:34.143,1.46024,1.4604,1.50,1.50
2015.02.18 10:39:34.448,1.46022,1.46038,1.00,1.00
2015.02.18 10:39:34.955,1.46023,1.46039,1.00,1.00
2015.02.18 10:39:35.797,1.46025,1.46041,1.00,1.69
2015.02.18 10:39:36.355,1.46026,1.46041,1.00,1.50
2015.02.18 10:39:36.457,1.46026,1.46044,1.12,1.00
2015.02.18 10:39:36.710,1.46028,1.46044,1.00,1.00
2015.02.18 10:39:37.117,1.46028,1.46042,1.00,1.00
2015.02.18 10:39:37.219,1.46024,1.46042,1.00,1.50
2015.02.18 10:39:37.270,1.46028,1.46043,1.00,1.12
2015.02.18 10:39:37.422,1.46028,1.46043,1.00,1.00
2015.02.18 10:39:37.473,1.46027,1.4604,1.00,1.00
2015.02.18 10:39:37.576,1.46024,1.46042,1.50,1.19
2015.02.18 10:39:38.083,1.46024,1.4604,1.50,1.00
2015.02.18 10:39:38.595,1.46024,1.46039,1.00,1.00
2015.02.18 10:39:42.437,1.46022,1.46038,1.00,1.00
2015.02.18 10:39:43.243,1.46022,1.46036,1.00,1.00
2015.02.18 10:39:43.610,1.46022,1.46036,1.00,2.85
2015.02.18 10:39:43.712,1.46016,1.46031,1.00,1.00
2015.02.18 10:39:43.763,1.46016,1.46031,1.00,1.19
2015.02.18 10:39:43.865,1.4601,1.46027,1.00,1.00
2015.02.18 10:39:44.371,1.4601,1.46026,1.00,1.00
2015.02.18 10:39:47.985,1.4601,1.46026,1.19,1.00
2015.02.18 10:39:48.036,1.46012,1.46028,1.00,1.00
2015.02.18 10:39:48.239,1.46014,1.46032,1.00,1.00
2015.02.18 10:39:49.667,1.46014,1.46032,1.00,1.50
2015.02.18 10:39:49.920,1.46013,1.46029,1.00,1.00
2015.02.18 10:39:56.936,1.46009,1.46025,1.00,1.00
2015.02.18 10:39:57.240,1.46002,1.46018,1.00,1.00
2015.02.18 10:39:57.545,1.46004,1.46018,1.00,1.62
2015.02.18 10:39:57.697,1.4599,1.46009,1.00,1.00
2015.02.18 10:39:57.748,1.4599,1.46008,1.00,1.12
2015.02.18 10:39:57.800,1.45982,1.46007,1.20,1.67
2015.02.18 10:39:58.104,1.45978,1.46004,2.00,1.19
2015.02.18 10:39:58.155,1.45976,1.46006,1.69,1.01
2015.02.18 10:39:58.357,1.4598,1.46005,1.00,1.31
2015.02.18 10:39:58.861,1.4598,1.46001,1.50,1.57
2015.02.18 10:39:59.381,1.4598,1.46001,1.50,1.76
2015.02.18 10:40:00.400,1.4598,1.46001,1.62,1.10
2015.02.18 10:40:00.704,1.45977,1.45998,1.00,2.06
2015.02.18 10:40:00.921,1.45975,1.45998,1.35,1.31
2015.02.18 10:40:02.015,1.45975,1.45996,1.35,1.00
2015.02.18 10:40:02.068,1.45975,1.45996,1.00,1.60
2015.02.18 10:40:02.119,1.45972,1.45993,1.00,1.30
2015.02.18 10:40:02.170,1.45972,1.45993,1.00,1.12
2015.02.18 10:40:02.272,1.45969,1.4599,2.17,1.62
2015.02.18 10:40:02.801,1.45968,1.4599,1.35,1.62
2015.02.18 10:40:05.010,1.45968,1.45992,1.91,1.19
2015.02.18 10:40:05.061,1.45969,1.45994,1.31,2.06
2015.02.18 10:40:05.214,1.45971,1.45997,1.37,2.06
2015.02.18 10:40:05.720,1.4597,1.45997,2.06,1.31
2015.02.18 10:40:06.024,1.45971,1.45998,1.84,1.69
2015.02.18 10:40:06.632,1.45978,1.45999,1.19,1.37
2015.02.18 10:40:06.835,1.45987,1.46008,2.85,2.51
2015.02.18 10:40:06.937,1.45987,1.46009,3.04,1.69
2015.02.18 10:40:07.038,1.45987,1.46008,3.11,1.00
2015.02.18 10:40:07.342,1.45996,1.46017,1.00,2.06
2015.02.18 10:40:07.848,1.45997,1.46018,1.00,1.19
2015.02.18 10:40:08.560,1.45999,1.46019,1.00,1.29
2015.02.18 10:40:08.858,1.4601,1.46028,1.00,1.00
2015.02.18 10:40:08.909,1.4601,1.46035,1.00,1.69
2015.02.18 10:40:08.960,1.46013,1.46035,1.19,1.25
2015.02.18 10:40:09.278,1.46013,1.46039,1.64,2.06
2015.02.18 10:40:09.963,1.46015,1.46038,1.39,1.56
2015.02.18 10:40:10.934,1.46015,1.46041,1.20,1.56
2015.02.18 10:40:11.953,1.46016,1.46039,1.10,1.56
2015.02.18 10:40:12.320,1.46016,1.46039,1.47,1.19
2015.02.18 10:40:12.939,1.46016,1.46039,1.66,1.19
2015.02.18 10:40:14.124,1.46016,1.46039,1.66,1.19
2015.02.18 10:40:14.428,1.46019,1.4604,1.12,1.19
2015.02.18 10:40:14.480,1.46019,1.4604,1.31,1.00
2015.02.18 10:40:14.995,1.46021,1.46042,1.12,1.69
2015.02.18 10:40:15.505,1.46021,1.46042,1.25,1.31
2015.02.18 10:40:16.577,1.46021,1.46042,1.00,1.69
2015.02.18 10:40:16.628,1.46017,1.46038,1.00,1.37
2015.02.18 10:40:16.780,1.46017,1.46037,1.00,1.31
2015.02.18 10:40:16.831,1.46013,1.46034,1.37,1.37
2015.02.18 10:40:16.882,1.46013,1.46034,1.56,1.00
2015.02.18 10:40:17.085,1.46015,1.46035,1.56,1.00
2015.02.18 10:40:17.620,1.46018,1.46036,1.00,1.25
2015.02.18 10:40:18.338,1.46018,1.46036,1.37,1.00
2015.02.18 10:40:18.389,1.46022,1.46042,1.00,1.95
2015.02.18 10:40:18.491,1.46024,1.46044,1.19,1.07
2015.02.18 10:40:18.695,1.46025,1.46046,1.19,1.00
2015.02.18 10:40:19.566,1.46025,1.46041,1.19,1.00
2015.02.18 10:40:20.593,1.46025,1.46041,1.25,1.00
2015.02.18 10:40:20.747,1.46025,1.46045,1.25,1.00
2015.02.18 10:40:21.051,1.46021,1.46039,1.19,1.00
2015.02.18 10:40:21.102,1.46021,1.46039,1.00,1.00
2015.02.18 10:40:21.153,1.46016,1.46036,1.69,1.00
2015.02.18 10:40:21.204,1.46016,1.46036,1.50,1.60
2015.02.18 10:40:21.255,1.46015,1.46034,1.25,1.80
2015.02.18 10:40:21.560,1.46015,1.46029,1.25,1.00
2015.02.18 10:40:22.091,1.46015,1.46028,1.25,1.00
2015.02.18 10:40:22.396,1.46013,1.46025,1.00,1.37
2015.02.18 10:40:22.447,1.46008,1.46021,1.00,1.37
2015.02.18 10:40:22.548,1.46008,1.46018,1.00,1.00
2015.02.18 10:40:22.599,1.46004,1.46018,1.00,1.00
2015.02.18 10:40:23.358,1.46002,1.46018,1.00,1.00
2015.02.18 10:40:24.147,1.46002,1.46018,1.00,1.37
2015.02.18 10:40:25.526,1.46002,1.46015,1.00,1.00
2015.02.18 10:40:27.662,1.45998,1.46015,1.00,1.00
2015.02.18 10:40:27.714,1.45998,1.46012,1.00,1.00
2015.02.18 10:40:27.765,1.45992,1.46012,1.19,1.17
2015.02.18 10:40:27.867,1.4599,1.46009,1.19,1.00
2015.02.18 10:40:27.918,1.4599,1.46009,1.00,1.00
2015.02.18 10:40:27.969,1.45989,1.46007,1.69,1.00
2015.02.18 10:40:28.277,1.45985,1.46003,1.69,1.00
2015.02.18 10:40:28.582,1.45982,1.46002,1.00,1.62
2015.02.18 10:40:29.293,1.4598,1.46001,1.19,1.37
2015.02.18 10:40:30.003,1.4598,1.46001,1.19,1.37
2015.02.18 10:40:32.345,1.4598,1.45998,1.00,1.12
2015.02.18 10:40:32.649,1.45977,1.45995,1.19,1.00
2015.02.18 10:40:33.358,1.45974,1.45993,1.19,1.00
2015.02.18 10:40:33.460,1.45972,1.45992,1.25,1.12
2015.02.18 10:40:33.561,1.45972,1.4599,1.00,1.37
2015.02.18 10:40:33.789,1.45965,1.4599,1.19,1.15
2015.02.18 10:40:34.144,1.45967,1.45991,1.19,1.25
2015.02.18 10:40:34.751,1.45966,1.45992,1.19,1.01
2015.02.18 10:40:35.742,1.45967,1.45992,1.19,1.10
2015.02.18 10:40:36.066,1.45969,1.45992,1.19,1.00
2015.02.18 10:40:37.037,1.45969,1.45992,1.19,1.00
2015.02.18 10:40:38.536,1.4597,1.45992,1.19,1.00
2015.02.18 10:40:38.840,1.45976,1.45997,1.69,1.00
2015.02.18 10:40:38.892,1.45976,1.46002,1.69,2.14
2015.02.18 10:40:39.744,1.45976,1.46001,1.69,1.01
2015.02.18 10:40:41.639,1.45977,1.46002,1.00,1.00
2015.02.18 10:40:41.740,1.45978,1.45998,1.00,1.00
2015.02.18 10:40:41.842,1.45972,1.45996,1.19,1.19
2015.02.18 10:40:41.943,1.45975,1.45999,1.69,1.69
2015.02.18 10:40:42.970,1.45975,1.45999,1.69,1.00
2015.02.18 10:40:43.935,1.45975,1.45999,1.69,1.00
2015.02.18 10:40:45.975,1.45975,1.45999,1.69,1.00
2015.02.18 10:40:46.489,1.45975,1.45999,1.50,1.00
2015.02.18 10:40:46.540,1.45975,1.45998,1.00,2.25
2015.02.18 10:40:46.692,1.45971,1.45995,1.19,1.56
2015.02.18 10:40:46.845,1.45971,1.45995,1.19,1.00
2015.02.18 10:40:47.355,1.45974,1.46,1.69,1.36
2015.02.18 10:40:47.966,1.45974,1.45999,1.19,1.19
2015.02.18 10:40:48.134,1.45974,1.45999,1.19,1.56
2015.02.18 10:40:48.438,1.45976,1.45999,1.00,1.19
2015.02.18 10:40:48.539,1.4598,1.45999,1.00,1.19
2015.02.18 10:40:48.641,1.45981,1.46004,1.00,1.19
2015.02.18 10:40:49.553,1.45981,1.46004,1.57,1.19
2015.02.18 10:40:50.082,1.45982,1.46004,1.00,1.19
2015.02.18 10:40:51.553,1.45982,1.46004,1.00,1.19
2015.02.18 10:40:53.557,1.45982,1.46004,1.00,1.19
2015.02.18 10:40:55.161,1.45982,1.46003,1.50,1.19
2015.02.18 10:40:56.603,1.45982,1.46003,1.69,1.25
2015.02.18 10:40:57.172,1.45983,1.46003,1.00,1.25
2015.02.18 10:40:58.110,1.45983,1.46003,1.19,1.00
2015.02.18 10:40:58.517,1.45987,1.46005,1.00,1.00
2015.02.18 10:40:58.770,1.45991,1.46012,1.25,1.37
2015.02.18 10:40:59.125,1.45991,1.46012,1.25,1.00
2015.02.18 10:40:59.277,1.45991,1.46012,1.19,1.00
2015.02.18 10:40:59.798,1.45993,1.46013,1.19,1.00
2015.02.18 10:41:00.130,1.46,1.46019,1.25,1.95
2015.02.18 10:41:00.232,1.46004,1.46023,1.00,1.00
2015.02.18 10:41:00.334,1.46006,1.46024,1.00,1.00
2015.02.18 10:41:00.713,1.46006,1.46026,1.50,1.00
2015.02.18 10:41:01.759,1.46006,1.46026,1.69,1.00
2015.02.18 10:41:02.062,1.46006,1.46026,1.12,1.00
2015.02.18 10:41:02.114,1.46006,1.46026,1.12,1.37
2015.02.18 10:41:02.266,1.46003,1.4602,1.00,1.37
2015.02.18 10:41:02.317,1.46002,1.4602,1.25,1.37
2015.02.18 10:41:02.418,1.46003,1.46021,1.00,1.37
2015.02.18 10:41:02.570,1.46003,1.46022,1.69,1.12
2015.02.18 10:41:02.723,1.46005,1.46026,1.00,2.06
2015.02.18 10:41:03.482,1.46004,1.46024,1.50,1.37
2015.02.18 10:41:06.532,1.46004,1.46024,1.50,1.25
2015.02.18 10:41:08.896,1.46004,1.46024,1.50,1.31
2015.02.18 10:41:09.851,1.46004,1.46024,1.00,1.69
2015.02.18 10:41:10.695,1.46004,1.46024,1.00,1.69
2015.02.18 10:41:17.721,1.46004,1.46024,1.37,2.00
2015.02.18 10:41:22.192,1.46007,1.46026,1.00,1.50
2015.02.18 10:41:22.243,1.46007,1.46026,1.00,1.00
2015.02.18 10:41:22.295,1.46009,1.46028,1.00,1.27
2015.02.18 10:41:22.499,1.46013,1.46034,1.00,2.06
2015.02.18 10:41:22.753,1.46016,1.46036,1.00,1.56
2015.02.18 10:41:24.985,1.46016,1.46036,1.00,1.25
2015.02.18 10:41:25.441,1.46016,1.46036,1.00,1.62
2015.02.18 10:41:26.380,1.46014,1.46034,1.69,1.12
2015.02.18 10:41:26.533,1.46014,1.46034,1.00,1.69
2015.02.18 10:41:26.685,1.4601,1.46029,1.00,1.12
2015.02.18 10:41:26.737,1.4601,1.46029,1.00,1.50
2015.02.18 10:41:26.839,1.46007,1.46027,1.00,1.19
2015.02.18 10:41:26.992,1.46007,1.46025,1.00,1.62
2015.02.18 10:41:27.042,1.46005,1.46024,1.00,1.37
2015.02.18 10:41:27.094,1.46005,1.46024,1.00,1.37
2015.02.18 10:41:27.297,1.46003,1.46024,1.00,1.62
2015.02.18 10:41:27.349,1.46005,1.46021,1.00,1.12
2015.02.18 10:41:27.671,1.46003,1.46019,1.00,1.00
2015.02.18 10:41:30.013,1.46001,1.46017,1.00,1.00
2015.02.18 10:41:30.425,1.45999,1.46015,1.00,1.00
2015.02.18 10:41:30.780,1.45997,1.46014,1.00,1.12
2015.02.18 10:41:30.831,1.45997,1.46014,1.00,1.31
2015.02.18 10:41:30.933,1.45993,1.46009,1.00,1.69
2015.02.18 10:41:31.034,1.45989,1.46006,1.00,1.50
2015.02.18 10:41:31.187,1.45987,1.46003,1.00,1.00
2015.02.18 10:41:31.491,1.45987,1.46003,1.00,1.75
2015.02.18 10:41:35.670,1.45987,1.46003,1.00,1.00
2015.02.18 10:41:35.721,1.45989,1.46005,1.00,1.00
2015.02.18 10:41:36.178,1.45994,1.46012,1.00,1.37
2015.02.18 10:41:36.230,1.45994,1.46012,1.00,1.00
2015.02.18 10:41:36.331,1.45994,1.46011,1.00,1.37
2015.02.18 10:41:36.382,1.45989,1.46007,1.39,1.37
2015.02.18 10:41:36.434,1.45989,1.46007,1.00,1.87
2015.02.18 10:41:36.586,1.45989,1.46005,1.00,1.97
2015.02.18 10:41:36.687,1.45989,1.46005,1.00,1.37
2015.02.18 10:41:37.193,1.45989,1.46005,1.00,1.00
2015.02.18 10:41:42.079,1.45987,1.46003,1.00,1.00
2015.02.18 10:41:42.845,1.45985,1.46003,2.25,1.00
2015.02.18 10:41:43.845,1.45982,1.46,1.25,1.00
2015.02.18 10:41:44.149,1.45981,1.45997,1.50,1.00
2015.02.18 10:41:46.878,1.45981,1.45997,1.00,1.62
2015.02.18 10:41:46.929,1.45979,1.45997,1.00,1.62
2015.02.18 10:41:47.031,1.45977,1.45995,1.00,1.00
2015.02.18 10:41:50.003,1.45977,1.45993,1.00,1.00
2015.02.18 10:41:52.775,1.45976,1.45991,1.00,1.00
2015.02.18 10:41:54.425,1.45978,1.45991,1.00,1.00
2015.02.18 10:41:55.408,1.45978,1.45994,1.00,1.00
2015.02.18 10:41:55.975,1.45977,1.45994,1.00,1.00
2015.02.18 10:42:00.230,1.45977,1.45992,1.00,1.00
2015.02.18 10:42:00.686,1.45976,1.45994,1.00,1.31
2015.02.18 10:42:01.232,1.45975,1.45993,1.00,1.00
2015.02.18 10:42:04.809,1.45975,1.45993,1.00,1.50
2015.02.18 10:42:04.861,1.45973,1.45991,1.00,1.00
2015.02.18 10:42:11.361,1.45973,1.45991,1.37,1.00
2015.02.18 10:42:11.564,1.45979,1.45997,1.87,1.12
2015.02.18 10:42:11.665,1.45982,1.46,1.37,1.69
2015.02.18 10:42:11.971,1.45985,1.46001,1.00,1.25
2015.02.18 10:42:12.436,1.45982,1.45998,1.00,1.00
2015.02.18 10:42:12.690,1.45977,1.45995,1.37,1.00
2015.02.18 10:42:13.232,1.45977,1.45995,1.12,1.00
2015.02.18 10:42:15.884,1.45977,1.45995,1.62,1.00
2015.02.18 10:42:16.188,1.45983,1.45999,1.00,1.00
2015.02.18 10:42:30.112,1.45983,1.45999,1.50,1.00
2015.02.18 10:42:30.314,1.45985,1.46003,1.00,1.00
2015.02.18 10:42:30.517,1.45989,1.46005,1.00,1.00
2015.02.18 10:42:32.824,1.45992,1.46008,1.25,1.00
2015.02.18 10:42:33.129,1.45996,1.46012,1.00,1.00
2015.02.18 10:42:33.434,1.45998,1.46014,1.00,1.00
2015.02.18 10:42:34.439,1.45998,1.46014,1.00,1.37
2015.02.18 10:42:34.605,1.45996,1.46014,1.00,1.37
2015.02.18 10:42:35.106,1.45996,1.46014,1.00,1.25
2015.02.18 10:42:36.445,1.45996,1.46014,1.00,1.62
2015.02.18 10:42:36.782,1.45995,1.46011,1.00,1.00
2015.02.18 10:42:37.668,1.45999,1.46015,1.00,1.00
2015.02.18 10:42:37.769,1.45999,1.46017,1.00,1.00
2015.02.18 10:42:37.871,1.45999,1.46017,1.19,1.00
2015.02.18 10:42:38.669,1.45999,1.46015,1.00,1.00
2015.02.18 10:42:54.113,1.45999,1.46012,1.00,1.00
2015.02.18 10:42:54.164,1.45993,1.46011,1.00,1.50
2015.02.18 10:42:54.266,1.45991,1.46009,1.12,1.76
2015.02.18 10:42:54.367,1.45989,1.46007,1.00,1.00
2015.02.18 10:42:54.419,1.45989,1.46007,1.00,1.87
2015.02.18 10:42:54.672,1.45984,1.46002,1.50,1.10
2015.02.18 10:42:54.825,1.45984,1.46,1.00,1.00
2015.02.18 10:42:54.926,1.45982,1.46,1.00,1.00
2015.02.18 10:42:56.059,1.45983,1.46,1.12,1.00
2015.02.18 10:42:56.160,1.45991,1.46006,1.50,1.00
2015.02.18 10:42:56.262,1.45994,1.46012,1.12,1.00
2015.02.18 10:42:57.305,1.45994,1.46012,1.19,1.00
2015.02.18 10:42:59.091,1.46001,1.46018,1.00,1.17
2015.02.18 10:42:59.446,1.45996,1.46012,1.00,1.00
2015.02.18 10:42:59.761,1.45992,1.46008,1.00,1.00
2015.02.18 10:43:00.746,1.45995,1.46011,1.00,1.00
2015.02.18 10:43:03.369,1.45995,1.46011,1.37,1.00
2015.02.18 10:43:03.521,1.45997,1.46013,1.00,1.00
2015.02.18 10:43:04.483,1.45997,1.46013,1.37,1.00
2015.02.18 10:43:04.635,1.45997,1.46015,1.37,1.00
2015.02.18 10:43:05.478,1.45997,1.46015,1.56,1.00
2015.02.18 10:43:06.019,1.46,1.46016,1.12,1.00
2015.02.18 10:43:09.674,1.45998,1.46016,1.25,1.00
2015.02.18 10:43:13.047,1.45998,1.46016,1.37,1.00
2015.02.18 10:43:13.150,1.45998,1.46016,1.00,1.00
2015.02.18 10:43:14.603,1.46,1.46016,1.00,1.25
2015.02.18 10:43:14.957,1.46002,1.46018,1.00,1.00
2015.02.18 10:43:17.051,1.46008,1.46024,1.00,1.19
2015.02.18 10:43:17.102,1.46008,1.46024,1.00,1.25
2015.02.18 10:43:19.131,1.46008,1.46026,1.00,1.01
2015.02.18 10:43:19.233,1.46014,1.4603,1.00,2.21
2015.02.18 10:43:19.486,1.46015,1.46032,1.00,1.46
2015.02.18 10:43:21.217,1.46017,1.46033,1.00,1.01
2015.02.18 10:43:22.241,1.46017,1.46035,1.00,2.14
2015.02.18 10:43:24.274,1.46017,1.46035,1.00,2.14
2015.02.18 10:43:25.593,1.46017,1.46035,1.00,1.57
2015.02.18 10:43:25.644,1.4602,1.46036,1.00,1.95
2015.02.18 10:43:25.746,1.46022,1.46035,1.00,1.01
2015.02.18 10:43:26.051,1.46022,1.46037,1.00,1.01
2015.02.18 10:43:26.816,1.46022,1.46038,1.00,2.06
2015.02.18 10:43:28.822,1.46022,1.46036,1.00,1.74
2015.02.18 10:43:29.337,1.46022,1.46035,1.00,1.39
2015.02.18 10:43:29.642,1.46015,1.46027,1.00,1.37
2015.02.18 10:43:29.796,1.46013,1.46025,1.00,1.37
2015.02.18 10:43:29.847,1.46013,1.46028,1.00,1.20
2015.02.18 10:43:29.898,1.46015,1.46031,1.00,1.69
2015.02.18 10:43:29.949,1.46015,1.46032,1.00,1.56
2015.02.18 10:43:30.202,1.46015,1.46033,1.00,1.00
2015.02.18 10:43:30.253,1.46021,1.46036,1.00,1.25
2015.02.18 10:43:30.557,1.46025,1.46041,1.00,1.56
2015.02.18 10:43:31.427,1.46025,1.46041,1.00,1.56
2015.02.18 10:43:33.413,1.46025,1.46041,1.00,1.56
2015.02.18 10:43:33.717,1.46025,1.4604,1.00,1.69
2015.02.18 10:43:33.870,1.46023,1.46037,1.00,1.56
2015.02.18 10:43:33.921,1.46023,1.46037,1.00,1.94
2015.02.18 10:43:34.073,1.4602,1.46036,1.00,1.69
2015.02.18 10:43:34.851,1.46016,1.46032,1.00,1.00
2015.02.18 10:43:35.298,1.46014,1.4603,1.00,1.00
2015.02.18 10:43:35.553,1.46011,1.46029,1.37,1.12
2015.02.18 10:43:35.705,1.46011,1.46029,1.00,1.31
2015.02.18 10:43:35.959,1.46008,1.46024,1.12,1.00
2015.02.18 10:43:41.425,1.46008,1.46024,3.22,1.00
2015.02.18 10:43:41.577,1.46009,1.46027,1.37,1.25
2015.02.18 10:43:42.083,1.46012,1.46028,1.37,1.19
2015.02.18 10:43:42.606,1.46012,1.46028,1.37,1.00
2015.02.18 10:43:43.573,1.46013,1.4603,1.12,1.00
2015.02.18 10:43:44.506,1.46013,1.4603,1.37,1.00
2015.02.18 10:43:45.033,1.46013,1.46031,1.37,1.00
2015.02.18 10:43:50.035,1.46014,1.46031,1.37,1.31
2015.02.18 10:43:51.070,1.46014,1.46031,1.37,1.56
2015.02.18 10:43:51.172,1.46012,1.46028,1.00,1.37
2015.02.18 10:43:51.223,1.46012,1.46027,1.00,1.56
2015.02.18 10:43:51.273,1.46009,1.46027,1.00,2.06
2015.02.18 10:43:51.375,1.46005,1.46023,1.12,1.87
2015.02.18 10:43:51.426,1.46005,1.46022,1.00,1.56
2015.02.18 10:43:51.578,1.46002,1.46019,1.00,1.19
2015.02.18 10:43:52.115,1.46001,1.46019,1.00,1.19
2015.02.18 10:43:52.632,1.46001,1.46019,1.00,1.00
2015.02.18 10:43:53.353,1.46001,1.46019,2.25,1.00
2015.02.18 10:43:53.454,1.46009,1.46024,1.37,1.12
2015.02.18 10:43:53.556,1.46009,1.46026,1.00,1.45
2015.02.18 10:43:55.454,1.46009,1.46027,1.00,1.37
2015.02.18 10:43:55.758,1.46011,1.46029,1.00,1.19
2015.02.18 10:43:55.961,1.46012,1.4603,1.00,1.12
2015.02.18 10:43:56.475,1.46012,1.4603,1.00,1.37
2015.02.18 10:43:58.613,1.46019,1.46033,1.00,1.56
2015.02.18 10:43:58.664,1.46019,1.46033,1.00,1.00
2015.02.18 10:43:58.716,1.46016,1.46032,1.50,1.00
2015.02.18 10:43:58.869,1.46016,1.46034,1.69,1.00
2015.02.18 10:43:59.326,1.46016,1.46034,1.50,1.50
2015.02.18 10:44:00.047,1.46015,1.46031,1.00,1.00
2015.02.18 10:44:00.356,1.46013,1.46029,1.50,1.00
2015.02.18 10:44:02.603,1.46015,1.46031,1.00,1.00
2015.02.18 10:44:11.173,1.46018,1.46031,1.00,1.00
2015.02.18 10:44:11.478,1.46015,1.46031,1.00,1.37
2015.02.18 10:44:11.985,1.46013,1.46029,1.00,1.37
2015.02.18 10:44:12.238,1.46011,1.46029,1.00,1.37
2015.02.18 10:44:14.932,1.46011,1.46029,1.00,1.00
2015.02.18 10:44:41.865,1.46012,1.46029,1.00,1.00
2015.02.18 10:44:49.479,1.46011,1.46029,1.69,1.00
2015.02.18 10:44:49.682,1.46013,1.46031,1.00,1.12
2015.02.18 10:44:51.192,1.46015,1.46031,1.00,1.25
2015.02.18 10:44:51.652,1.46018,1.46033,1.37,1.00
2015.02.18 10:44:51.805,1.4602,1.46038,1.12,1.31
2015.02.18 10:44:52.319,1.46021,1.46039,1.00,1.69
2015.02.18 10:44:52.828,1.46021,1.46039,1.00,1.50
2015.02.18 10:44:53.284,1.46021,1.46039,1.75,1.37
2015.02.18 10:44:54.623,1.46024,1.4604,1.00,1.37
2015.02.18 10:44:58.173,1.46024,1.4604,1.00,1.37
2015.02.18 10:44:58.377,1.46024,1.4604,1.00,1.37
2015.02.18 10:44:59.191,1.46024,1.4604,1.00,2.06
2015.02.18 10:44:59.445,1.4602,1.46036,1.50,1.16
2015.02.18 10:44:59.546,1.46016,1.46032,1.00,1.35
2015.02.18 10:44:59.597,1.46014,1.46032,1.25,1.35
2015.02.18 10:45:00.210,1.46014,1.46032,1.25,1.19
2015.02.18 10:45:00.362,1.46014,1.46032,1.00,1.37
2015.02.18 10:45:00.760,1.46013,1.46027,1.00,1.00
2015.02.18 10:45:00.811,1.46013,1.46029,2.44,1.00
2015.02.18 10:45:00.862,1.46015,1.46031,1.19,1.12
2015.02.18 10:45:01.117,1.46017,1.46035,1.00,1.50
2015.02.18 10:45:01.219,1.46016,1.46032,2.44,1.00
2015.02.18 10:45:01.523,1.4602,1.46036,1.00,1.00
2015.02.18 10:45:02.178,1.46018,1.46034,1.12,1.00
2015.02.18 10:45:02.485,1.46016,1.46032,1.00,1.37
2015.02.18 10:45:02.738,1.46012,1.46028,1.00,1.00
2015.02.18 10:45:08.390,1.46012,1.46028,1.00,1.37
2015.02.18 10:45:08.491,1.4601,1.46026,1.00,1.24
2015.02.18 10:45:08.694,1.46007,1.46025,1.31,1.00
2015.02.18 10:45:08.745,1.46007,1.46025,1.25,1.49
2015.02.18 10:45:09.049,1.46005,1.46023,1.00,1.53
2015.02.18 10:45:09.567,1.46004,1.4602,1.00,1.37
2015.02.18 10:45:10.025,1.46003,1.46019,1.00,1.56
2015.02.18 10:45:10.229,1.46001,1.46017,1.00,1.00
2015.02.18 10:45:11.970,1.46002,1.4602,1.00,1.25
2015.02.18 10:45:13.837,1.46003,1.46021,1.00,1.24
2015.02.18 10:45:14.394,1.46003,1.46021,1.00,1.62
2015.02.18 10:45:14.699,1.45994,1.4601,1.00,1.62
2015.02.18 10:45:14.750,1.45992,1.46009,1.00,1.50
2015.02.18 10:45:15.105,1.45993,1.46011,1.00,1.12
2015.02.18 10:45:15.208,1.45991,1.46009,1.19,1.00
2015.02.18 10:45:16.592,1.45991,1.46009,1.00,1.00
2015.02.18 10:45:25.326,1.45989,1.46007,1.25,1.00
2015.02.18 10:45:25.986,1.4599,1.46007,1.00,1.00
2015.02.18 10:45:32.701,1.45989,1.46007,1.69,1.00
2015.02.18 10:45:33.617,1.45989,1.46007,1.69,1.00
2015.02.18 10:45:34.175,1.45989,1.46007,2.44,1.00
2015.02.18 10:45:35.144,1.45993,1.46007,1.00,1.00
2015.02.18 10:45:41.230,1.45991,1.46007,1.12,1.00
2015.02.18 10:45:41.750,1.45992,1.46008,1.00,1.00
2015.02.18 10:45:45.868,1.45989,1.46007,1.19,1.00
2015.02.18 10:45:46.546,1.45989,1.46007,1.00,1.00
2015.02.18 10:45:47.940,1.45991,1.46008,1.00,1.00
2015.02.18 10:45:48.490,1.45991,1.46009,1.00,1.25
2015.02.18 10:45:50.592,1.45991,1.46009,1.69,1.00
2015.02.18 10:45:53.072,1.45991,1.46009,2.44,1.00
2015.02.18 10:45:53.376,1.45997,1.46012,1.00,1.87
2015.02.18 10:45:54.796,1.45998,1.46014,1.00,1.87
2015.02.18 10:45:55.303,1.45999,1.46015,1.00,1.37
2015.02.18 10:45:59.957,1.45999,1.46013,1.00,1.12
2015.02.18 10:46:00.993,1.45999,1.46014,1.00,1.00
2015.02.18 10:46:01.404,1.46008,1.46014,1.00,1.00
2015.02.18 10:46:01.506,1.46009,1.4602,1.00,2.02
2015.02.18 10:46:01.658,1.46009,1.4602,1.00,1.00
2015.02.18 10:46:01.710,1.46009,1.46024,1.00,1.87
2015.02.18 10:46:04.708,1.46009,1.46024,1.00,1.87
2015.02.18 10:46:05.170,1.46009,1.46024,1.00,1.87
2015.02.18 10:46:05.902,1.46009,1.46022,1.00,1.37
2015.02.18 10:46:06.459,1.46009,1.46022,1.00,2.25
2015.02.18 10:46:06.510,1.46006,1.46022,1.00,2.25
2015.02.18 10:46:06.561,1.46006,1.4602,1.00,1.75
2015.02.18 10:46:06.612,1.46004,1.4602,1.00,1.94
2015.02.18 10:46:06.663,1.46002,1.46016,1.00,1.31
2015.02.18 10:46:06.765,1.45998,1.46016,1.00,2.06
2015.02.18 10:46:06.967,1.45998,1.46012,1.00,1.00
2015.02.18 10:46:07.236,1.45996,1.46012,1.00,1.00
2015.02.18 10:46:12.119,1.45998,1.46012,1.00,1.00
2015.02.18 10:46:14.142,1.45998,1.46013,1.00,1.50
2015.02.18 10:46:14.652,1.45998,1.46012,1.00,1.00
2015.02.18 10:46:16.142,1.45998,1.46012,1.00,2.06
2015.02.18 10:46:17.403,1.45999,1.46011,1.00,1.37
2015.02.18 10:46:19.664,1.45999,1.46011,1.00,1.12
2015.02.18 10:46:19.715,1.46002,1.46011,1.00,1.12
2015.02.18 10:46:19.918,1.46007,1.46021,1.00,2.32
2015.02.18 10:46:20.020,1.46007,1.46021,1.00,1.87
2015.02.18 10:46:23.087,1.46007,1.46024,1.00,1.37
2015.02.18 10:46:27.742,1.46006,1.46024,1.00,2.66
2015.02.18 10:46:28.287,1.46006,1.46022,1.12,1.31
2015.02.18 10:46:33.932,1.46006,1.46019,1.12,1.00
2015.02.18 10:46:39.518,1.46006,1.46022,1.00,1.31
2015.02.18 10:46:40.103,1.46016,1.46023,1.00,1.56
2015.02.18 10:46:40.207,1.46019,1.46035,1.00,1.87
2015.02.18 10:46:40.258,1.46022,1.46036,1.00,1.75
2015.02.18 10:46:40.309,1.46022,1.46038,1.50,1.00
2015.02.18 10:46:40.512,1.46021,1.46038,1.75,1.19
2015.02.18 10:46:40.716,1.46018,1.46033,1.00,1.00
2015.02.18 10:46:41.815,1.46018,1.46034,1.50,1.25
2015.02.18 10:46:42.281,1.46018,1.46036,1.50,1.69
2015.02.18 10:46:42.794,1.46022,1.46036,1.00,1.50
2015.02.18 10:46:43.152,1.46024,1.46036,1.00,1.00
2015.02.18 10:46:43.660,1.46023,1.46036,1.00,1.00
2015.02.18 10:46:44.252,1.46023,1.4604,1.00,1.00
2015.02.18 10:46:44.303,1.46026,1.4604,1.00,1.00
2015.02.18 10:46:44.456,1.46027,1.46042,1.00,1.00
2015.02.18 10:46:44.963,1.46028,1.46042,1.00,1.00
2015.02.18 10:46:55.227,1.46027,1.46042,1.00,1.00
2015.02.18 10:46:55.531,1.46033,1.46042,1.00,1.00
2015.02.18 10:46:55.582,1.46033,1.46046,1.00,1.00
2015.02.18 10:46:55.633,1.46037,1.46046,1.00,1.00
2015.02.18 10:46:55.684,1.46037,1.46051,1.00,1.00
2015.02.18 10:46:56.190,1.46037,1.46052,1.00,1.00
2015.02.18 10:47:00.645,1.46038,1.46052,1.00,1.00
2015.02.18 10:47:04.822,1.46038,1.46054,1.00,1.00
2015.02.18 10:47:06.165,1.46036,1.46054,1.00,1.00
2015.02.18 10:47:08.592,1.46036,1.46054,1.19,1.00
2015.02.18 10:47:09.580,1.46036,1.46054,1.19,1.00
2015.02.18 10:47:10.722,1.46036,1.46054,1.25,1.00
2015.02.18 10:47:11.704,1.46036,1.46054,1.62,1.00
2015.02.18 10:47:12.607,1.4604,1.46054,1.16,1.00
2015.02.18 10:47:12.709,1.46044,1.46061,1.00,1.00
2015.02.18 10:47:12.811,1.46047,1.46066,1.00,1.62
2015.02.18 10:47:12.912,1.46047,1.46066,1.00,1.91
2015.02.18 10:47:12.963,1.46044,1.46064,1.00,1.00
2015.02.18 10:47:13.014,1.46044,1.46064,1.00,1.19
2015.02.18 10:47:13.217,1.46038,1.46058,1.00,1.05
2015.02.18 10:47:15.130,1.46038,1.46059,1.50,1.00
2015.02.18 10:47:15.927,1.46038,1.46059,1.50,1.00
2015.02.18 10:47:16.675,1.46038,1.46059,1.31,1.25
2015.02.18 10:47:16.828,1.46038,1.46058,1.00,1.19
2015.02.18 10:47:17.031,1.46034,1.46053,1.57,1.50
2015.02.18 10:47:17.234,1.46035,1.46051,1.00,1.00
2015.02.18 10:47:28.875,1.46035,1.46051,1.00,1.37
2015.02.18 10:47:29.435,1.46034,1.4605,1.00,1.37
2015.02.18 10:47:30.296,1.46034,1.4605,1.00,1.00
2015.02.18 10:47:31.296,1.46035,1.46051,1.00,1.00
2015.02.18 10:47:35.407,1.46035,1.46051,1.00,1.60
2015.02.18 10:47:35.509,1.46032,1.46048,1.00,1.00
2015.02.18 10:47:35.560,1.46032,1.46046,1.00,1.50
2015.02.18 10:47:35.611,1.46029,1.46045,1.10,1.00
2015.02.18 10:47:36.118,1.46028,1.46046,1.00,1.12
2015.02.18 10:47:37.409,1.46028,1.46046,1.00,1.31
2015.02.18 10:47:38.397,1.46028,1.46046,1.00,1.31
2015.02.18 10:47:40.376,1.46028,1.46046,1.00,1.31
2015.02.18 10:47:41.623,1.46028,1.46046,1.00,1.20
2015.02.18 10:47:45.300,1.46028,1.46046,1.00,1.39
2015.02.18 10:47:45.402,1.46028,1.46046,1.12,1.20
2015.02.18 10:47:45.504,1.4603,1.46048,1.00,1.69
2015.02.18 10:47:45.707,1.46032,1.4605,1.00,1.00
2015.02.18 10:47:45.808,1.4603,1.46048,1.00,1.19
2015.02.18 10:47:45.960,1.46028,1.46046,1.00,1.00
2015.02.18 10:47:46.469,1.46028,1.46046,1.00,1.19
2015.02.18 10:47:46.975,1.46028,1.46044,1.00,1.00
2015.02.18 10:47:47.027,1.46025,1.46041,1.00,1.00
2015.02.18 10:47:47.280,1.46019,1.46037,1.00,1.00
2015.02.18 10:47:49.590,1.46021,1.46039,1.00,1.00
2015.02.18 10:47:51.192,1.46021,1.46039,1.00,1.19
2015.02.18 10:47:51.497,1.46018,1.46034,1.00,1.00
2015.02.18 10:47:51.750,1.46015,1.46033,1.00,1.00
2015.02.18 10:47:52.634,1.46015,1.46033,1.00,1.30
2015.02.18 10:47:53.596,1.46015,1.46033,1.00,1.02
2015.02.18 10:47:57.602,1.46015,1.46033,1.00,1.30
2015.02.18 10:47:58.604,1.46015,1.46033,1.00,1.11
2015.02.18 10:48:02.738,1.46015,1.46033,1.50,1.25
2015.02.18 10:48:02.789,1.46021,1.46035,1.00,1.89
2015.02.18 10:48:02.992,1.46023,1.46039,1.00,1.00
2015.02.18 10:48:03.094,1.46023,1.46039,1.00,1.37
2015.02.18 10:48:03.712,1.46023,1.46039,1.00,1.72
2015.02.18 10:48:04.018,1.46021,1.46037,1.00,1.87
2015.02.18 10:48:04.069,1.46017,1.46035,1.00,1.19
2015.02.18 10:48:04.425,1.46014,1.4603,1.00,1.00
2015.02.18 10:48:07.931,1.46016,1.46034,1.00,1.00
2015.02.18 10:48:08.033,1.46018,1.46036,1.50,1.17
2015.02.18 10:48:08.340,1.46021,1.46037,1.00,1.00
2015.02.18 10:48:08.644,1.46025,1.46041,1.00,1.00
2015.02.18 10:48:09.838,1.46031,1.46041,1.00,1.00
2015.02.18 10:48:10.582,1.46027,1.46041,1.00,1.00
2015.02.18 10:48:11.788,1.46025,1.46041,1.00,1.00
2015.02.18 10:48:15.190,1.46025,1.46041,1.69,1.00
2015.02.18 10:48:15.291,1.46026,1.46044,1.25,1.00
2015.02.18 10:48:15.803,1.46026,1.46044,1.62,1.00
2015.02.18 10:48:18.639,1.46026,1.46044,1.00,1.25
2015.02.18 10:48:18.741,1.46026,1.46042,1.00,1.00
2015.02.18 10:48:20.869,1.46028,1.46042,1.00,1.00
2015.02.18 10:48:22.478,1.46028,1.46043,1.00,1.00
2015.02.18 10:48:23.978,1.46028,1.46046,1.50,1.00
2015.02.18 10:48:25.855,1.46027,1.46045,1.00,1.00
2015.02.18 10:48:26.109,1.46026,1.46042,1.50,1.00
2015.02.18 10:48:27.682,1.46026,1.46042,1.87,1.00
2015.02.18 10:48:27.733,1.46029,1.46046,1.00,1.25
2015.02.18 10:48:28.255,1.46028,1.46046,1.00,1.25
2015.02.18 10:48:28.306,1.46026,1.46044,2.62,1.00
2015.02.18 10:48:29.664,1.46026,1.46044,2.62,1.00
2015.02.18 10:48:29.816,1.46029,1.46047,1.00,1.00
2015.02.18 10:48:30.933,1.4603,1.46047,1.00,1.00
2015.02.18 10:48:33.250,1.46029,1.46047,1.00,1.00
2015.02.18 10:48:33.572,1.46028,1.46044,1.00,1.00
2015.02.18 10:48:34.762,1.46024,1.46042,1.00,1.31
2015.02.18 10:48:35.117,1.46026,1.46044,1.00,1.10
2015.02.18 10:48:36.083,1.46028,1.46046,1.00,1.00
2015.02.18 10:48:37.757,1.46028,1.46046,1.19,1.00
2015.02.18 10:48:38.562,1.46028,1.46046,1.00,1.00
2015.02.18 10:48:38.867,1.46026,1.46044,1.50,1.00
2015.02.18 10:48:39.793,1.46026,1.46044,1.50,1.19
2015.02.18 10:48:41.887,1.46026,1.46044,1.00,1.00
2015.02.18 10:48:42.719,1.46028,1.46046,1.00,1.00
2015.02.18 10:48:45.594,1.46028,1.46044,1.00,1.25
2015.02.18 10:48:46.104,1.46027,1.46043,1.00,1.00
2015.02.18 10:48:49.511,1.46029,1.46044,1.00,1.00
2015.02.18 10:48:49.612,1.46029,1.46047,1.00,1.00
2015.02.18 10:48:50.119,1.46029,1.46047,1.56,1.00
2015.02.18 10:48:50.423,1.46031,1.46049,1.00,1.00
2015.02.18 10:48:51.394,1.46032,1.46049,1.00,1.00
2015.02.18 10:48:51.445,1.46035,1.46049,1.37,1.00
2015.02.18 10:48:51.496,1.46037,1.46052,1.37,1.07
2015.02.18 10:48:51.598,1.46038,1.46054,1.12,1.00
2015.02.18 10:48:51.699,1.46036,1.46052,1.00,1.50
2015.02.18 10:48:52.003,1.46033,1.46042,1.50,1.00
2015.02.18 10:48:52.307,1.46035,1.46042,1.00,1.00
2015.02.18 10:48:52.358,1.4603,1.46042,1.50,1.00
2015.02.18 10:48:52.409,1.4603,1.46039,1.00,1.00
2015.02.18 10:48:52.612,1.46027,1.46038,1.00,1.00
2015.02.18 10:48:52.714,1.46023,1.46033,1.39,1.00
2015.02.18 10:48:53.050,1.46022,1.46038,1.00,1.75
2015.02.18 10:48:53.101,1.46022,1.4603,1.00,1.00
2015.02.18 10:48:53.152,1.46017,1.4603,1.65,1.00
2015.02.18 10:48:53.405,1.46017,1.46028,1.00,1.00
2015.02.18 10:48:53.456,1.46014,1.46028,1.00,1.00
2015.02.18 10:48:53.507,1.46014,1.4602,1.00,1.00
2015.02.18 10:48:53.711,1.46008,1.46016,1.07,1.00
2015.02.18 10:48:53.812,1.46007,1.46019,1.00,1.00
2015.02.18 10:48:54.118,1.46005,1.46015,1.00,1.00
2015.02.18 10:48:54.169,1.46,1.46015,1.25,1.00
2015.02.18 10:48:54.372,1.46003,1.46015,1.00,1.00
2015.02.18 10:48:54.473,1.46001,1.46015,1.00,1.00
2015.02.18 10:48:59.141,1.46001,1.46016,1.00,1.00
2015.02.18 10:48:59.653,1.46002,1.46016,1.00,1.00
2015.02.18 10:49:01.173,1.46011,1.46025,1.00,1.56
2015.02.18 10:49:01.224,1.46011,1.46025,1.12,1.00
2015.02.18 10:49:01.275,1.46016,1.46025,1.00,1.00
2015.02.18 10:49:01.478,1.46016,1.46032,1.56,1.50
2015.02.18 10:49:02.418,1.46017,1.46032,1.25,1.00
2015.02.18 10:49:03.789,1.46017,1.46032,1.00,1.19
2015.02.18 10:49:03.890,1.46016,1.46027,1.00,1.00
2015.02.18 10:49:03.941,1.46014,1.46027,1.00,1.00
2015.02.18 10:49:08.990,1.46014,1.46029,1.00,1.00
2015.02.18 10:49:10.087,1.46013,1.46029,1.12,1.00
2015.02.18 10:49:10.442,1.46015,1.46029,1.00,1.00
2015.02.18 10:49:15.084,1.46015,1.4603,1.00,1.00
2015.02.18 10:49:19.827,1.46014,1.4603,1.00,1.50
2015.02.18 10:49:20.131,1.46014,1.46028,1.00,1.00
2015.02.18 10:49:22.097,1.46014,1.4603,1.00,1.00
2015.02.18 10:49:22.502,1.46017,1.46032,1.12,1.00
2015.02.18 10:49:24.190,1.46019,1.46032,1.00,1.00
2015.02.18 10:49:26.244,1.46017,1.46032,1.31,1.00
2015.02.18 10:49:30.150,1.46017,1.46033,1.00,1.00
2015.02.18 10:49:33.172,1.46015,1.46033,1.00,1.87
2015.02.18 10:49:33.324,1.46014,1.46029,1.00,1.00
2015.02.18 10:49:33.428,1.46011,1.46029,1.19,1.50
2015.02.18 10:49:33.529,1.46011,1.4602,1.19,1.00
2015.02.18 10:49:33.631,1.46006,1.46018,1.00,1.00
2015.02.18 10:49:33.733,1.46001,1.46014,1.10,1.50
2015.02.18 10:49:33.835,1.45988,1.46009,1.01,1.00
2015.02.18 10:49:33.887,1.45987,1.46009,2.59,1.00
2015.02.18 10:49:34.292,1.45995,1.46009,1.00,1.00
2015.02.18 10:49:34.816,1.45994,1.46009,1.00,1.00
2015.02.18 10:49:37.472,1.45994,1.4601,1.00,1.00
2015.02.18 10:49:40.046,1.45994,1.46009,1.00,1.00
2015.02.18 10:49:40.568,1.45994,1.4601,1.00,1.00
2015.02.18 10:49:56.715,1.45992,1.46008,1.00,1.00
2015.02.18 10:50:02.473,1.45993,1.46009,1.00,1.00
2015.02.18 10:50:08.101,1.45993,1.46009,1.00,1.69
2015.02.18 10:50:08.152,1.45986,1.46002,1.50,1.00
2015.02.18 10:50:08.305,1.4599,1.46002,1.00,1.00
2015.02.18 10:50:08.406,1.45985,1.46001,1.00,1.00
2015.02.18 10:50:08.457,1.45985,1.46001,1.00,1.19
2015.02.18 10:50:08.508,1.45982,1.46,1.00,1.19
2015.02.18 10:50:09.166,1.45982,1.46,1.00,1.00
2015.02.18 10:50:09.267,1.45986,1.46002,1.00,1.00
2015.02.18 10:50:33.905,1.45986,1.46004,1.00,1.69
2015.02.18 10:50:34.259,1.45989,1.46005,1.12,1.00
2015.02.18 10:50:34.564,1.45991,1.46007,1.00,1.00
2015.02.18 10:50:34.927,1.45993,1.46011,1.00,1.19
2015.02.18 10:50:34.978,1.45993,1.46011,1.00,1.25
2015.02.18 10:50:35.232,1.45995,1.46013,1.00,1.50
2015.02.18 10:50:35.536,1.45995,1.46013,1.82,1.00
2015.02.18 10:50:35.844,1.46004,1.4602,1.00,1.00
2015.02.18 10:50:35.997,1.46005,1.46023,1.00,1.12
2015.02.18 10:50:36.453,1.46008,1.46024,1.00,1.25
2015.02.18 10:50:36.656,1.46009,1.46027,1.00,1.62
2015.02.18 10:50:42.829,1.46008,1.46024,1.00,1.00
2015.02.18 10:50:43.135,1.46006,1.46022,1.12,1.00
2015.02.18 10:50:43.186,1.46007,1.46025,1.00,1.00
2015.02.18 10:50:45.486,1.46007,1.46023,1.00,1.19
2015.02.18 10:50:45.587,1.46,1.46016,1.00,1.69
2015.02.18 10:50:45.738,1.45993,1.46011,1.10,1.00
2015.02.18 10:50:45.841,1.45993,1.46001,1.10,1.00
2015.02.18 10:50:45.892,1.45991,1.46001,1.10,1.00
2015.02.18 10:50:45.943,1.45991,1.46009,1.00,1.87
2015.02.18 10:50:45.994,1.45991,1.46008,1.00,1.56
2015.02.18 10:50:46.045,1.45982,1.46003,1.69,1.00
2015.02.18 10:50:46.147,1.4598,1.46003,1.00,1.00
2015.02.18 10:50:46.350,1.45987,1.46003,1.00,1.69
2015.02.18 10:50:46.876,1.45987,1.46003,1.00,1.50
2015.02.18 10:50:47.672,1.45989,1.46005,1.00,1.50
2015.02.18 10:50:47.773,1.45989,1.46007,1.00,1.25
2015.02.18 10:50:48.229,1.45991,1.46009,1.00,1.00
2015.02.18 10:50:48.533,1.45999,1.46015,1.00,1.25
2015.02.18 10:50:49.090,1.46001,1.46017,1.00,1.00
2015.02.18 10:51:15.583,1.46001,1.46017,1.19,1.00
2015.02.18 10:51:16.099,1.46002,1.46018,1.19,1.00
2015.02.18 10:51:17.911,1.46004,1.46022,1.00,1.00
2015.02.18 10:51:18.013,1.46007,1.46023,1.00,1.50
2015.02.18 10:51:19.986,1.46007,1.46023,1.19,1.00
2015.02.18 10:51:21.989,1.46007,1.46023,1.25,1.00
2015.02.18 10:51:22.519,1.46007,1.46023,1.62,1.00
2015.02.18 10:51:22.672,1.46012,1.46028,1.00,1.00
2015.02.18 10:51:22.875,1.46016,1.46032,1.00,1.87
2015.02.18 10:51:22.977,1.46013,1.46031,1.00,1.00
2015.02.18 10:51:23.946,1.46014,1.46032,1.00,1.00
2015.02.18 10:51:24.099,1.46017,1.46033,1.00,1.50
2015.02.18 10:51:36.738,1.46015,1.46028,1.00,1.00
2015.02.18 10:51:36.840,1.46009,1.46025,1.54,1.00
2015.02.18 10:51:36.891,1.46009,1.46025,1.04,1.37
2015.02.18 10:51:37.043,1.46007,1.46025,1.00,2.06
2015.02.18 10:51:37.550,1.46007,1.46025,1.00,2.22
2015.02.18 10:51:39.227,1.46007,1.46025,1.00,1.91
2015.02.18 10:51:44.212,1.46006,1.46022,1.00,1.00
2015.02.18 10:51:44.617,1.46006,1.46022,1.00,1.87
2015.02.18 10:51:44.770,1.45996,1.46014,1.00,1.62
2015.02.18 10:51:44.821,1.45996,1.46012,1.00,1.67
2015.02.18 10:51:44.872,1.45991,1.46007,1.00,1.00
2015.02.18 10:51:44.975,1.45989,1.46005,1.69,1.00
2015.02.18 10:51:45.531,1.45991,1.46007,1.00,1.37
2015.02.18 10:51:46.323,1.45988,1.46006,1.31,1.12
2015.02.18 10:51:46.526,1.4599,1.46008,1.25,1.12
2015.02.18 10:51:46.884,1.4599,1.46008,1.19,1.00
2015.02.18 10:51:47.728,1.45992,1.4601,1.25,1.50
2015.02.18 10:51:48.279,1.45992,1.4601,1.19,1.00
2015.02.18 10:51:49.040,1.45994,1.46012,1.50,1.00
2015.02.18 10:51:49.141,1.45996,1.46012,2.85,1.00
2015.02.18 10:51:50.625,1.45996,1.46011,1.00,1.00
2015.02.18 10:51:51.143,1.45996,1.46012,1.00,1.00
2015.02.18 10:51:52.551,1.45999,1.46014,1.00,1.00
2015.02.18 10:51:53.887,1.45997,1.46013,1.00,1.00
2015.02.18 10:51:54.091,1.45995,1.46011,1.00,1.00
2015.02.18 10:51:58.858,1.45997,1.46013,1.00,1.00
2015.02.18 10:51:59.069,1.45998,1.46016,1.00,1.00
2015.02.18 10:51:59.525,1.46001,1.46017,1.00,1.00
2015.02.18 10:51:59.627,1.46005,1.46023,1.25,1.00
2015.02.18 10:52:00.635,1.46005,1.46023,1.62,1.00
2015.02.18 10:52:00.685,1.46009,1.46025,1.25,1.00
2015.02.18 10:52:00.990,1.46014,1.4603,1.00,1.00
2015.02.18 10:52:03.225,1.46016,1.46032,1.00,1.50
2015.02.18 10:52:09.425,1.46016,1.46032,1.19,1.00
2015.02.18 10:52:10.850,1.46016,1.46034,1.19,1.00
2015.02.18 10:52:12.156,1.46018,1.46036,1.12,1.00
2015.02.18 10:52:13.896,1.46018,1.46036,1.31,1.00
2015.02.18 10:52:13.998,1.46025,1.46038,1.00,1.00
2015.02.18 10:52:14.049,1.46025,1.46041,1.00,1.10
2015.02.18 10:52:14.152,1.46025,1.46043,1.00,1.00
2015.02.18 10:52:14.203,1.46025,1.46043,1.19,1.00
2015.02.18 10:52:14.254,1.46027,1.46045,1.19,1.00
2015.02.18 10:52:14.356,1.4603,1.46046,1.00,1.50
2015.02.18 10:52:15.549,1.4603,1.46046,1.19,1.00
2015.02.18 10:52:15.854,1.46034,1.46052,1.00,1.00
2015.02.18 10:52:15.905,1.46034,1.4605,1.00,1.00
2015.02.18 10:52:16.779,1.46032,1.46048,1.25,1.00
2015.02.18 10:52:18.054,1.46032,1.46046,1.00,1.00
2015.02.18 10:52:18.661,1.4603,1.46046,1.00,1.50
2015.02.18 10:52:19.117,1.46031,1.46046,1.19,1.00
2015.02.18 10:52:19.270,1.46031,1.4605,1.19,1.50
2015.02.18 10:52:19.813,1.4603,1.4605,1.00,1.69
2015.02.18 10:52:19.864,1.46028,1.46046,1.00,1.00
2015.02.18 10:52:20.017,1.46025,1.46046,1.50,1.69
2015.02.18 10:52:20.068,1.46025,1.46044,1.50,1.00
2015.02.18 10:52:20.625,1.46023,1.46044,1.69,1.69
2015.02.18 10:52:20.676,1.46023,1.46044,1.00,2.06
2015.02.18 10:52:21.207,1.46022,1.46041,1.00,1.12
2015.02.18 10:52:21.776,1.46022,1.4604,1.00,1.00
2015.02.18 10:52:22.030,1.46022,1.46039,1.00,1.37
2015.02.18 10:52:22.334,1.46025,1.46039,1.00,1.00
2015.02.18 10:52:22.486,1.46025,1.46041,1.00,1.25
2015.02.18 10:52:32.916,1.46025,1.46041,1.00,1.37
2015.02.18 10:52:34.347,1.46025,1.46041,1.00,1.00
2015.02.18 10:52:34.880,1.46025,1.46041,1.00,1.19
2015.02.18 10:52:35.492,1.46025,1.46041,1.00,1.00
2015.02.18 10:52:36.802,1.46023,1.46039,1.00,1.00
2015.02.18 10:52:40.013,1.46023,1.46038,1.00,1.00
2015.02.18 10:52:40.216,1.4602,1.46038,1.00,2.06
2015.02.18 10:52:40.722,1.46019,1.46035,1.00,1.00
2015.02.18 10:52:44.511,1.46021,1.46037,1.00,1.00
2015.02.18 10:52:49.986,1.46022,1.46037,1.00,1.00
2015.02.18 10:52:50.391,1.46022,1.46036,1.00,1.19
2015.02.18 10:52:50.697,1.4602,1.46033,1.00,1.37
2015.02.18 10:52:50.848,1.46017,1.46033,1.50,1.37
2015.02.18 10:52:51.955,1.46016,1.46031,1.00,1.00
2015.02.18 10:52:52.473,1.46015,1.46031,1.25,1.00
2015.02.18 10:52:54.348,1.46015,1.46031,1.00,1.37
2015.02.18 10:52:54.601,1.46013,1.46029,1.00,1.12
2015.02.18 10:52:55.717,1.46012,1.46028,1.00,1.00
2015.02.18 10:52:56.445,1.46012,1.46028,1.00,1.37
2015.02.18 10:52:58.208,1.46012,1.46028,1.00,1.00
2015.02.18 10:52:58.756,1.46012,1.46028,1.00,1.37
2015.02.18 10:52:58.909,1.46009,1.46027,1.00,1.12
2015.02.18 10:53:00.460,1.46008,1.46024,1.00,1.00
2015.02.18 10:53:02.648,1.46009,1.46027,1.00,1.00
2015.02.18 10:53:04.473,1.46009,1.46027,1.25,1.37
2015.02.18 10:53:04.625,1.46008,1.46024,1.19,1.00
2015.02.18 10:53:05.456,1.46008,1.46024,1.25,1.00
2015.02.18 10:53:08.477,1.46006,1.46022,1.00,1.12
2015.02.18 10:53:08.781,1.46002,1.46018,1.00,1.00
2015.02.18 10:53:09.291,1.46002,1.46018,1.00,1.19
2015.02.18 10:53:09.833,1.46002,1.46018,1.00,1.25
2015.02.18 10:53:19.892,1.46008,1.46023,1.00,1.00
2015.02.18 10:53:20.095,1.4601,1.46026,1.25,1.00
2015.02.18 10:53:20.147,1.46011,1.46029,1.00,1.00
2015.02.18 10:53:20.451,1.46016,1.46031,1.00,1.19
2015.02.18 10:53:20.754,1.46015,1.46031,1.00,1.00
2015.02.18 10:53:31.228,1.46016,1.46034,1.00,1.00
2015.02.18 10:53:33.205,1.46016,1.46034,1.19,1.00
2015.02.18 10:53:35.237,1.46016,1.46034,1.25,1.00
2015.02.18 10:53:39.245,1.46016,1.46034,1.19,1.00
2015.02.18 10:53:43.209,1.46016,1.46034,1.19,1.00
2015.02.18 10:53:44.250,1.46016,1.46034,1.19,1.00
2015.02.18 10:53:44.454,1.46024,1.46042,1.00,1.00
2015.02.18 10:53:44.556,1.46024,1.4604,1.00,1.00
2015.02.18 10:53:44.869,1.46028,1.46043,1.00,1.00
2015.02.18 10:53:44.971,1.46025,1.46043,1.00,1.87
2015.02.18 10:53:45.124,1.46021,1.46039,1.25,1.00
2015.02.18 10:53:49.854,1.46021,1.46039,1.00,2.06
2015.02.18 10:53:49.905,1.46021,1.46037,1.00,1.75
2015.02.18 10:53:49.956,1.46017,1.46031,1.00,1.00
2015.02.18 10:53:50.058,1.46014,1.46029,1.00,1.00
2015.02.18 10:53:50.568,1.46013,1.46029,1.25,1.00
2015.02.18 10:53:51.459,1.46013,1.46029,1.00,1.37
2015.02.18 10:53:51.764,1.4601,1.46022,1.00,1.00
2015.02.18 10:53:51.916,1.46007,1.46022,1.00,1.12
2015.02.18 10:53:53.324,1.46006,1.46022,1.50,1.12
2015.02.18 10:53:56.161,1.46006,1.46024,1.50,2.06
2015.02.18 10:53:56.364,1.46006,1.46024,1.00,2.06
2015.02.18 10:53:56.667,1.46006,1.46024,1.00,2.06
2015.02.18 10:53:56.997,1.46006,1.46024,2.85,1.00
2015.02.18 10:53:57.199,1.46011,1.46027,1.00,1.00
2015.02.18 10:53:57.301,1.46014,1.46029,1.00,1.50
2015.02.18 10:54:00.672,1.46014,1.46028,1.00,1.16
2015.02.18 10:54:00.825,1.46012,1.46026,1.00,1.12
2015.02.18 10:54:01.332,1.46011,1.46026,1.00,1.00
2015.02.18 10:54:05.430,1.46011,1.46027,1.00,1.10
2015.02.18 10:54:05.583,1.46013,1.46029,1.00,1.69
2015.02.18 10:54:06.098,1.46014,1.46029,1.00,1.00
2015.02.18 10:54:06.880,1.46016,1.46029,1.00,1.00
2015.02.18 10:54:07.234,1.46017,1.46033,1.00,1.10
2015.02.18 10:54:07.336,1.46019,1.46033,1.00,1.00
2015.02.18 10:54:07.772,1.46021,1.46033,1.00,1.00
2015.02.18 10:54:13.953,1.46021,1.46035,1.00,1.00
2015.02.18 10:54:24.363,1.46023,1.46035,1.00,1.00
2015.02.18 10:54:30.693,1.46023,1.46036,1.00,1.75
2015.02.18 10:54:30.743,1.4602,1.46036,1.00,2.25
2015.02.18 10:54:30.794,1.4602,1.46034,1.00,1.31
2015.02.18 10:54:30.947,1.46014,1.46028,1.50,2.85
2015.02.18 10:54:31.048,1.46008,1.46024,1.00,1.25
2015.02.18 10:54:31.099,1.46008,1.46021,1.00,1.00
2015.02.18 10:54:31.302,1.46005,1.46021,1.00,1.69
2015.02.18 10:54:32.163,1.46003,1.46019,1.00,1.00
2015.02.18 10:54:32.213,1.46003,1.46019,1.00,1.37
2015.02.18 10:54:32.365,1.46,1.46018,1.00,1.37
2015.02.18 10:54:32.885,1.45999,1.46015,1.00,1.12
2015.02.18 10:54:40.640,1.45996,1.46014,1.19,1.00
2015.02.18 10:54:41.711,1.45996,1.46014,1.00,1.12
2015.02.18 10:54:42.489,1.45996,1.46014,1.00,1.37
2015.02.18 10:54:43.007,1.45996,1.46012,1.00,1.00
2015.02.18 10:54:49.091,1.45997,1.46013,1.00,1.00
2015.02.18 10:54:50.190,1.45998,1.46016,1.00,2.81
2015.02.18 10:54:50.393,1.45998,1.46016,1.00,2.81
2015.02.18 10:54:53.876,1.45998,1.46016,1.50,1.19
2015.02.18 10:54:54.282,1.45998,1.46014,1.00,1.37
2015.02.18 10:54:54.839,1.45998,1.46014,1.00,1.56
2015.02.18 10:54:55.381,1.45996,1.46012,1.00,1.25
2015.02.18 10:54:59.213,1.45997,1.46014,1.00,1.62
2015.02.18 10:54:59.264,1.45997,1.46014,1.00,1.56
2015.02.18 10:54:59.990,1.45998,1.46014,1.00,1.19
2015.02.18 10:55:00.192,1.45998,1.46014,1.00,1.19
2015.02.18 10:55:01.167,1.45998,1.46014,1.00,1.25
2015.02.18 10:55:02.172,1.45998,1.46014,1.00,1.19
2015.02.18 10:55:02.688,1.45999,1.46014,1.00,1.19
2015.02.18 10:55:03.371,1.45998,1.46014,1.50,1.00
2015.02.18 10:55:04.414,1.46,1.46014,1.00,1.00
2015.02.18 10:55:05.087,1.46,1.46016,1.00,1.62
2015.02.18 10:55:06.537,1.45998,1.46016,1.00,1.62
2015.02.18 10:55:09.230,1.45998,1.46016,1.00,1.56
2015.02.18 10:55:10.419,1.45998,1.46016,1.00,1.56
2015.02.18 10:55:12.400,1.45998,1.46016,1.00,1.56
2015.02.18 10:55:13.440,1.45998,1.46016,1.00,1.56
2015.02.18 10:55:13.542,1.45998,1.46016,1.50,1.56
2015.02.18 10:55:13.643,1.45998,1.46016,1.50,2.06
2015.02.18 10:55:16.199,1.45998,1.46016,1.50,2.06
2015.02.18 10:55:16.715,1.45999,1.46016,1.00,2.06
2015.02.18 10:55:17.233,1.45998,1.46016,1.00,2.21
2015.02.18 10:55:17.841,1.45998,1.46016,1.00,2.14
2015.02.18 10:55:18.348,1.45998,1.46016,1.00,2.14
2015.02.18 10:55:18.870,1.45998,1.46016,1.00,2.14
2015.02.18 10:55:19.430,1.45998,1.46016,1.00,2.14
2015.02.18 10:55:20.535,1.45998,1.46016,1.00,2.14
2015.02.18 10:55:22.138,1.45998,1.46014,1.50,1.00
2015.02.18 10:55:22.340,1.46001,1.46014,1.00,1.00
2015.02.18 10:55:24.771,1.46003,1.46014,1.00,1.00
2015.02.18 10:55:24.822,1.46003,1.46018,1.00,1.36
2015.02.18 10:55:25.278,1.46005,1.46018,1.00,1.29
2015.02.18 10:55:25.818,1.46005,1.46018,1.00,1.00
2015.02.18 10:55:26.756,1.46001,1.46018,1.50,1.00
2015.02.18 10:55:27.060,1.45999,1.46017,1.50,1.25
2015.02.18 10:55:27.162,1.46001,1.46018,1.50,1.00
2015.02.18 10:55:27.467,1.46001,1.46018,1.00,1.81
2015.02.18 10:55:27.973,1.46,1.46018,1.00,2.06
2015.02.18 10:55:28.750,1.46,1.46018,1.00,2.44
2015.02.18 10:55:29.351,1.46,1.46018,1.00,1.69
2015.02.18 10:55:29.876,1.46,1.46018,1.00,1.50
2015.02.18 10:55:30.382,1.46001,1.46019,1.50,1.37
2015.02.18 10:55:30.939,1.46002,1.46019,1.00,1.62
2015.02.18 10:55:32.879,1.46001,1.46019,1.00,1.25
2015.02.18 10:55:32.980,1.46,1.46016,1.00,1.00
2015.02.18 10:55:33.743,1.46003,1.46019,1.00,1.62
2015.02.18 10:55:34.374,1.46003,1.46019,1.00,1.56
2015.02.18 10:55:34.887,1.46003,1.46019,1.00,1.56
2015.02.18 10:55:35.839,1.46003,1.46019,1.00,1.19
2015.02.18 10:55:37.159,1.46,1.46016,1.00,1.19
2015.02.18 10:55:37.729,1.45999,1.46014,1.00,1.19
2015.02.18 10:55:38.245,1.45999,1.46015,1.00,1.69
2015.02.18 10:55:38.448,1.46002,1.46018,1.00,1.50
2015.02.18 10:55:38.550,1.46003,1.46021,1.37,1.31
2015.02.18 10:55:38.702,1.46005,1.46023,1.37,1.00
2015.02.18 10:55:38.854,1.46009,1.46027,1.00,1.19
2015.02.18 10:55:40.649,1.46009,1.46027,1.00,1.19
2015.02.18 10:55:43.654,1.46009,1.46027,1.00,1.19
2015.02.18 10:55:44.393,1.46009,1.46027,1.37,1.19
2015.02.18 10:55:44.697,1.46015,1.46031,1.00,2.29
2015.02.18 10:55:44.902,1.4601,1.46027,1.00,1.00
2015.02.18 10:55:44.953,1.4601,1.46026,1.00,1.19
2015.02.18 10:55:45.004,1.46008,1.46026,1.00,1.69
2015.02.18 10:55:45.108,1.46006,1.46024,1.00,1.25
2015.02.18 10:55:45.311,1.46009,1.46025,1.00,1.19
2015.02.18 10:55:45.614,1.46006,1.46024,1.00,1.34
2015.02.18 10:55:45.766,1.46003,1.46021,1.12,1.34
2015.02.18 10:55:45.868,1.46001,1.46019,1.50,1.55
2015.02.18 10:55:46.115,1.46006,1.46024,1.50,1.57
2015.02.18 10:55:46.521,1.46005,1.46021,1.00,1.47
2015.02.18 10:55:48.441,1.46005,1.46021,1.00,1.10
2015.02.18 10:55:48.745,1.46007,1.46023,1.00,1.00
2015.02.18 10:55:49.254,1.46008,1.46024,1.00,1.00
2015.02.18 10:55:53.453,1.4601,1.46026,1.00,1.00
2015.02.18 10:55:54.982,1.46012,1.46028,1.00,1.00
2015.02.18 10:55:55.286,1.46014,1.4603,1.50,1.25
2015.02.18 10:55:55.944,1.46014,1.4603,1.12,1.25
2015.02.18 10:55:58.279,1.46014,1.4603,1.00,1.19
2015.02.18 10:55:59.819,1.46011,1.46029,1.00,1.44
2015.02.18 10:55:59.972,1.46011,1.46029,1.00,1.50
2015.02.18 10:56:00.277,1.46008,1.46024,1.00,1.44
2015.02.18 10:56:00.854,1.46006,1.46022,1.12,1.00
2015.02.18 10:56:01.369,1.46008,1.46024,1.00,1.25
2015.02.18 10:56:03.530,1.46009,1.46024,1.00,1.00
2015.02.18 10:56:03.582,1.46009,1.46027,1.50,1.44
2015.02.18 10:56:03.683,1.46012,1.46028,1.00,1.37
2015.02.18 10:56:03.734,1.46012,1.46028,1.00,1.00
2015.02.18 10:56:04.291,1.46012,1.46028,1.87,1.00
2015.02.18 10:56:04.342,1.46014,1.4603,1.00,1.00
2015.02.18 10:56:04.444,1.46017,1.46033,1.00,1.25
2015.02.18 10:56:04.546,1.46019,1.46037,1.12,1.10
2015.02.18 10:56:05.056,1.46019,1.46037,2.25,1.00
2015.02.18 10:56:08.398,1.46026,1.46044,1.00,1.90
2015.02.18 10:56:08.657,1.46024,1.46042,1.37,1.00
2015.02.18 10:56:08.711,1.46024,1.46042,1.00,1.00
2015.02.18 10:56:08.762,1.46027,1.46043,1.00,1.00
2015.02.18 10:56:09.069,1.46025,1.46043,1.00,1.69
2015.02.18 10:56:09.596,1.46025,1.46043,1.12,1.00
2015.02.18 10:56:09.749,1.46027,1.46045,1.00,1.25
2015.02.18 10:56:10.265,1.46028,1.46046,1.00,1.19
2015.02.18 10:56:10.772,1.46028,1.46046,1.12,1.00
2015.02.18 10:56:12.530,1.46028,1.46046,1.19,1.00
2015.02.18 10:56:13.549,1.46028,1.46046,1.00,1.00
2015.02.18 10:56:14.424,1.4603,1.46046,1.00,1.00
2015.02.18 10:56:14.829,1.46032,1.46046,1.00,1.00
2015.02.18 10:56:15.351,1.46032,1.46048,1.50,1.00
2015.02.18 10:56:15.554,1.46031,1.46047,1.00,1.39
2015.02.18 10:56:15.605,1.46029,1.46047,1.00,1.39
2015.02.18 10:56:15.656,1.46029,1.46047,1.00,1.69
2015.02.18 10:56:15.808,1.46027,1.46043,1.00,1.39
2015.02.18 10:56:16.213,1.46025,1.46041,1.00,1.00
2015.02.18 10:56:18.413,1.46025,1.46039,1.00,1.00
2015.02.18 10:56:18.566,1.46029,1.46045,1.00,1.00
2015.02.18 10:56:18.667,1.46032,1.46048,1.00,1.12
2015.02.18 10:56:18.871,1.46033,1.46051,1.00,1.12
2015.02.18 10:56:19.179,1.46035,1.46053,1.12,1.69
2015.02.18 10:56:19.685,1.46036,1.46054,1.00,1.56
2015.02.18 10:56:20.004,1.46039,1.46055,1.00,2.14
2015.02.18 10:56:20.207,1.46037,1.46053,1.00,1.56
2015.02.18 10:56:23.569,1.46037,1.46053,1.00,1.56
2015.02.18 10:56:26.815,1.46037,1.46053,1.00,1.56
2015.02.18 10:56:27.330,1.46037,1.46053,1.00,1.56
2015.02.18 10:56:28.222,1.46037,1.46053,1.00,1.56
2015.02.18 10:56:29.543,1.46033,1.46051,1.00,1.19
2015.02.18 10:56:32.229,1.46033,1.46051,1.00,1.19
2015.02.18 10:56:34.264,1.46033,1.46051,1.00,1.00
2015.02.18 10:56:34.810,1.46032,1.4605,1.00,1.00
2015.02.18 10:56:36.166,1.46033,1.4605,1.00,1.00
2015.02.18 10:56:36.217,1.46033,1.4605,1.37,1.00
2015.02.18 10:56:36.370,1.4604,1.46056,1.12,1.00
2015.02.18 10:56:36.421,1.46042,1.46057,1.12,1.00
2015.02.18 10:56:36.573,1.46044,1.46062,1.00,1.25
2015.02.18 10:56:38.542,1.46044,1.46062,1.50,1.19
2015.02.18 10:56:39.125,1.46046,1.46062,1.00,1.19
2015.02.18 10:56:39.454,1.46046,1.46064,1.50,1.00
2015.02.18 10:56:40.071,1.46046,1.46064,1.50,1.31
2015.02.18 10:56:40.376,1.46045,1.46061,1.00,1.19
2015.02.18 10:56:42.272,1.46045,1.46061,1.00,1.19
2015.02.18 10:56:44.271,1.46045,1.46061,1.00,1.56
2015.02.18 10:56:44.490,1.46039,1.46056,1.00,1.19
2015.02.18 10:56:44.592,1.46038,1.46056,1.00,1.19
2015.02.18 10:56:45.768,1.46038,1.46056,1.00,1.56
2015.02.18 10:56:47.380,1.46038,1.46056,1.00,1.56
2015.02.18 10:56:47.684,1.46036,1.46054,1.00,1.19
2015.02.18 10:56:48.360,1.46036,1.46054,1.00,1.19
2015.02.18 10:56:50.363,1.46036,1.46054,1.00,1.25
2015.02.18 10:56:52.368,1.46036,1.46054,1.00,1.31
2015.02.18 10:56:54.372,1.46036,1.46054,1.00,1.19
2015.02.18 10:56:56.379,1.46036,1.46054,1.00,1.25
2015.02.18 10:56:56.796,1.46036,1.46052,1.00,1.00
2015.02.18 10:56:58.914,1.46036,1.46052,1.00,1.19
2015.02.18 10:56:59.066,1.46033,1.46051,1.00,1.34
2015.02.18 10:56:59.168,1.46033,1.46047,1.00,1.00
2015.02.18 10:56:59.371,1.46027,1.46045,1.00,1.34
2015.02.18 10:57:01.656,1.46027,1.46043,1.00,1.37
2015.02.18 10:57:01.758,1.46025,1.46041,1.00,1.00
2015.02.18 10:57:02.301,1.46024,1.4604,1.00,1.00
2015.02.18 10:57:02.629,1.46021,1.46039,1.00,1.00
2015.02.18 10:57:03.176,1.46021,1.46039,1.00,1.56
2015.02.18 10:57:06.522,1.46021,1.46039,1.00,1.00
2015.02.18 10:57:07.036,1.46023,1.46041,1.00,1.00
2015.02.18 10:57:07.606,1.46023,1.46041,1.00,1.31
2015.02.18 10:57:09.605,1.46023,1.46041,1.00,1.31
2015.02.18 10:57:10.607,1.46023,1.46041,1.12,1.31
2015.02.18 10:57:11.615,1.46023,1.46041,1.37,1.31
2015.02.18 10:57:17.118,1.46023,1.46041,1.87,1.31
2015.02.18 10:57:17.669,1.46023,1.46041,1.87,1.31
2015.02.18 10:57:18.620,1.46023,1.46041,1.87,1.31
2015.02.18 10:57:19.622,1.46023,1.46041,1.87,1.31
2015.02.18 10:57:20.375,1.46026,1.46042,1.00,1.56
2015.02.18 10:57:24.239,1.46026,1.46042,1.00,1.25
2015.02.18 10:57:27.635,1.46026,1.46042,1.00,1.19
2015.02.18 10:57:29.639,1.46026,1.46042,1.00,1.25
2015.02.18 10:57:30.662,1.46026,1.46042,1.12,1.31
2015.02.18 10:57:31.188,1.46026,1.46042,1.37,1.31
2015.02.18 10:57:32.645,1.46027,1.46043,1.00,1.31
2015.02.18 10:57:33.428,1.4603,1.46044,1.00,1.10
2015.02.18 10:57:33.581,1.4603,1.46048,1.25,1.07
2015.02.18 10:57:33.632,1.4603,1.46048,1.62,1.07
2015.02.18 10:57:33.682,1.46032,1.4605,1.12,1.00
2015.02.18 10:57:33.733,1.46032,1.4605,1.37,1.00
2015.02.18 10:57:33.785,1.46035,1.46053,1.37,1.65
2015.02.18 10:57:34.088,1.46037,1.46054,1.37,1.20
2015.02.18 10:57:36.071,1.46039,1.46055,1.37,1.00
2015.02.18 10:57:36.274,1.46042,1.46055,1.87,1.00
2015.02.18 10:57:36.578,1.46041,1.46056,1.37,1.00
2015.02.18 10:57:36.832,1.46041,1.46056,1.50,1.00
2015.02.18 10:57:36.984,1.46047,1.46059,1.37,1.00
2015.02.18 10:57:37.507,1.46046,1.4606,1.37,1.25
2015.02.18 10:57:39.698,1.46047,1.4606,1.37,1.00
2015.02.18 10:57:40.538,1.46044,1.4606,1.37,1.00
2015.02.18 10:57:41.254,1.46041,1.46057,1.37,1.00
2015.02.18 10:57:47.421,1.46045,1.46061,1.37,1.19
2015.02.18 10:57:48.081,1.46045,1.46061,1.37,1.25
2015.02.18 10:57:49.089,1.46045,1.46063,1.37,1.69
2015.02.18 10:57:49.911,1.46045,1.46063,1.00,2.81
2015.02.18 10:57:50.014,1.46042,1.46058,1.37,1.87
2015.02.18 10:57:50.116,1.4604,1.46056,1.25,1.37
2015.02.18 10:57:50.167,1.46037,1.46055,1.00,1.37
2015.02.18 10:57:50.370,1.46035,1.46053,1.00,1.37
2015.02.18 10:57:50.624,1.46033,1.46051,1.00,1.00
2015.02.18 10:57:50.726,1.46036,1.46052,1.00,1.00
2015.02.18 10:57:53.119,1.46036,1.46052,1.00,2.06
2015.02.18 10:57:53.271,1.46034,1.4605,1.00,1.12
2015.02.18 10:58:02.298,1.46034,1.46049,1.00,1.00
2015.02.18 10:58:03.543,1.46034,1.46049,1.00,1.19
2015.02.18 10:58:03.594,1.4603,1.46047,1.00,1.00
2015.02.18 10:58:04.111,1.4603,1.46048,1.00,1.25
2015.02.18 10:58:04.570,1.4603,1.46048,1.00,1.19
2015.02.18 10:58:05.579,1.4603,1.46048,1.00,1.25
2015.02.18 10:58:06.101,1.4603,1.46046,1.00,1.00
2015.02.18 10:58:09.227,1.4603,1.46048,1.00,1.25
2015.02.18 10:58:14.397,1.4603,1.46048,1.19,1.00
2015.02.18 10:58:16.358,1.4603,1.46048,1.19,1.00
2015.02.18 10:58:20.329,1.46031,1.46049,1.19,1.00
2015.02.18 10:58:23.842,1.46035,1.46051,1.00,1.00
2015.02.18 10:58:26.698,1.46035,1.46053,1.00,1.00
2015.02.18 10:58:27.256,1.46037,1.46055,1.00,1.19
2015.02.18 10:58:27.762,1.46042,1.46058,1.12,1.19
2015.02.18 10:58:28.017,1.46045,1.46063,1.00,1.00
2015.02.18 10:58:30.252,1.46046,1.46063,1.00,1.00
2015.02.18 10:58:31.445,1.46048,1.46064,1.37,1.00
2015.02.18 10:58:32.773,1.46049,1.46067,1.87,1.00
2015.02.18 10:58:33.282,1.4605,1.46068,1.50,1.00
2015.02.18 10:58:37.570,1.4605,1.46068,1.87,1.62
2015.02.18 10:58:37.874,1.46046,1.4606,1.00,1.00
2015.02.18 10:58:37.925,1.46044,1.4606,1.50,1.00
2015.02.18 10:58:38.382,1.46043,1.46058,1.00,1.00
2015.02.18 10:58:39.918,1.46045,1.46058,1.00,1.00
2015.02.18 10:58:40.224,1.46045,1.46063,1.00,1.00
2015.02.18 10:58:40.326,1.46048,1.46064,1.00,1.00
2015.02.18 10:58:40.854,1.46049,1.46064,1.00,1.00
2015.02.18 10:58:41.437,1.46049,1.46067,1.50,1.85
2015.02.18 10:58:44.529,1.46049,1.46065,1.00,1.00
2015.02.18 10:58:45.034,1.46048,1.46065,1.00,1.69
2015.02.18 10:58:45.554,1.46047,1.46065,1.00,1.69
2015.02.18 10:58:46.012,1.46047,1.46062,1.00,1.00
2015.02.18 10:58:50.278,1.46047,1.46062,1.37,1.00
2015.02.18 10:58:50.632,1.46047,1.46065,1.87,1.69
2015.02.18 10:58:50.735,1.46047,1.46065,1.87,1.50
2015.02.18 10:58:53.709,1.46047,1.46065,2.25,1.50
2015.02.18 10:58:55.811,1.46048,1.46065,1.37,1.69
2015.02.18 10:58:57.663,1.46047,1.46063,2.25,1.00
2015.02.18 10:58:59.188,1.46047,1.46063,1.87,1.00
2015.02.18 10:59:03.275,1.46047,1.46062,1.87,1.00
2015.02.18 10:59:04.254,1.46047,1.46062,1.87,1.31
2015.02.18 10:59:04.356,1.46042,1.4606,1.00,2.25
2015.02.18 10:59:04.458,1.4604,1.46058,1.00,1.25
2015.02.18 10:59:05.788,1.4604,1.46057,1.00,1.00
2015.02.18 10:59:06.093,1.46039,1.46055,1.00,1.25
2015.02.18 10:59:06.599,1.46038,1.46054,1.00,1.50
2015.02.18 10:59:07.820,1.46035,1.46053,1.12,1.00
2015.02.18 10:59:09.499,1.46029,1.46046,2.77,1.00
2015.02.18 10:59:09.549,1.46029,1.46046,2.77,1.00
2015.02.18 10:59:09.600,1.46029,1.46044,1.20,1.00
2015.02.18 10:59:09.652,1.46028,1.46044,1.00,1.25
2015.02.18 10:59:10.057,1.46026,1.46044,1.00,1.50
2015.02.18 10:59:10.260,1.46026,1.46041,1.00,1.00
2015.02.18 10:59:11.391,1.46027,1.46042,1.00,1.00
2015.02.18 10:59:11.924,1.46027,1.46043,1.00,1.69
2015.02.18 10:59:13.522,1.46027,1.46043,1.00,2.06
2015.02.18 10:59:14.299,1.46027,1.46043,1.00,2.06
2015.02.18 10:59:14.920,1.46026,1.46043,1.00,2.06
2015.02.18 10:59:15.235,1.46029,1.46043,1.00,2.06
2015.02.18 10:59:16.466,1.46028,1.46043,1.00,2.06
2015.02.18 10:59:16.770,1.46028,1.46037,1.00,1.00
2015.02.18 10:59:17.279,1.46027,1.46037,1.00,1.00
2015.02.18 10:59:17.795,1.46026,1.46037,1.00,1.00
2015.02.18 10:59:20.079,1.46027,1.46037,1.00,1.00
2015.02.18 10:59:20.180,1.46027,1.46041,1.00,1.87
2015.02.18 10:59:20.745,1.46026,1.46041,1.00,1.12
2015.02.18 10:59:25.238,1.46027,1.46041,1.00,1.00
2015.02.18 10:59:25.749,1.46027,1.46042,1.00,1.00
2015.02.18 10:59:26.007,1.46028,1.46044,1.00,1.00
2015.02.18 10:59:26.058,1.46028,1.46046,1.00,1.00
2015.02.18 10:59:26.109,1.46032,1.46047,1.00,1.00
2015.02.18 10:59:27.218,1.4603,1.46047,1.00,1.00
2015.02.18 10:59:27.320,1.46033,1.46045,1.00,1.00
2015.02.18 10:59:27.856,1.4603,1.46045,1.00,1.50
2015.02.18 10:59:28.249,1.4603,1.46042,1.00,1.00
2015.02.18 10:59:28.300,1.46026,1.46042,1.00,1.00
2015.02.18 10:59:28.452,1.46026,1.46039,1.00,1.00
2015.02.18 10:59:28.655,1.46023,1.46038,1.00,1.00
2015.02.18 10:59:29.161,1.46022,1.46038,1.00,1.00
2015.02.18 10:59:29.314,1.46021,1.46036,1.00,1.00
2015.02.18 10:59:29.855,1.46022,1.46036,1.00,1.50
2015.02.18 10:59:32.187,1.46022,1.46036,1.00,1.87
2015.02.18 10:59:32.491,1.46011,1.46025,1.37,1.00
2015.02.18 10:59:32.542,1.46008,1.46025,2.62,1.00
2015.02.18 10:59:32.643,1.46008,1.46025,1.37,1.00
2015.02.18 10:59:32.796,1.46011,1.46027,1.37,1.00
2015.02.18 10:59:33.316,1.46011,1.46029,1.37,1.31
2015.02.18 10:59:33.822,1.46009,1.46027,1.37,1.12
2015.02.18 10:59:34.329,1.46009,1.46027,1.37,1.12
2015.02.18 10:59:34.918,1.46009,1.46027,1.37,1.12
2015.02.18 10:59:35.838,1.46009,1.46027,1.12,1.00
2015.02.18 10:59:36.164,1.46009,1.46027,1.37,1.00
2015.02.18 10:59:36.265,1.46009,1.46027,1.37,1.00
2015.02.18 10:59:36.468,1.46012,1.46028,1.00,1.00
2015.02.18 10:59:36.772,1.46018,1.46034,1.37,1.00
2015.02.18 10:59:36.874,1.4602,1.46036,1.12,1.00
2015.02.18 10:59:39.582,1.4602,1.46034,1.00,1.00
2015.02.18 10:59:39.634,1.46015,1.46033,1.37,1.00
2015.02.18 10:59:40.301,1.46017,1.46033,1.00,1.00
2015.02.18 10:59:45.961,1.46017,1.46033,1.37,1.00
2015.02.18 10:59:46.114,1.4602,1.46038,1.00,1.31
2015.02.18 10:59:46.623,1.46018,1.46036,1.37,1.25
2015.02.18 10:59:47.541,1.46018,1.46036,1.37,1.62
2015.02.18 10:59:48.065,1.46015,1.46033,1.87,1.00
2015.02.18 10:59:49.015,1.46015,1.46033,1.37,1.00
2015.02.18 10:59:50.019,1.46015,1.46033,1.37,1.00
2015.02.18 10:59:51.693,1.46015,1.46033,1.37,1.37
2015.02.18 10:59:52.588,1.46013,1.46031,1.37,1.37
2015.02.18 10:59:53.101,1.46013,1.46031,1.37,1.00
2015.02.18 10:59:59.285,1.46013,1.46031,1.37,1.00
2015.02.18 10:59:59.846,1.46013,1.46031,1.00,1.00
