2010.04.23 16:00:00.632,1.44765,1.44795,1.60,8.50
2010.04.23 16:00:00.990,1.44765,1.44795,1.60,4.30
2010.04.23 16:00:01.337,1.44765,1.44795,1.60,2.70
2010.04.23 16:00:02.019,1.44765,1.44795,1.60,2.40
2010.04.23 16:00:02.373,1.44765,1.448,4.70,2.00
2010.04.23 16:00:02.717,1.44765,1.448,4.70,1.60
2010.04.23 16:00:03.244,1.44775,1.448,1.60,1.60
2010.04.23 16:00:04.989,1.44775,1.448,1.60,1.00
2010.04.23 16:00:05.255,1.44775,1.44805,1.60,1.60
2010.04.23 16:00:05.826,1.44775,1.44805,1.60,1.00
2010.04.23 16:00:06.083,1.4477,1.44805,4.80,1.00
2010.04.23 16:00:06.441,1.44775,1.4479,1.60,1.60
2010.04.23 16:00:07.179,1.4477,1.4479,1.50,1.60
2010.04.23 16:00:07.805,1.4477,1.448,1.50,1.60
2010.04.23 16:00:09.051,1.44765,1.448,7.20,1.60
2010.04.23 16:00:11.336,1.44765,1.448,6.40,1.60
2010.04.23 16:00:11.548,1.44775,1.44805,1.60,4.30
2010.04.23 16:00:11.766,1.44775,1.44805,1.60,1.60
2010.04.23 16:00:18.057,1.44775,1.44805,2.00,1.60
2010.04.23 16:00:18.157,1.4478,1.44815,1.60,1.70
2010.04.23 16:00:18.557,1.44775,1.44805,3.20,1.60
2010.04.23 16:00:21.531,1.4477,1.448,1.90,1.60
2010.04.23 16:00:21.773,1.44765,1.448,6.00,1.60
2010.04.23 16:00:22.009,1.44765,1.448,5.60,1.60
2010.04.23 16:00:27.474,1.44765,1.448,4.80,1.60
2010.04.23 16:00:27.988,1.44765,1.448,3.20,1.60
2010.04.23 16:00:30.817,1.44765,1.448,1.60,1.60
2010.04.23 16:00:31.169,1.4476,1.448,1.60,2.70
2010.04.23 16:00:32.384,1.44765,1.448,1.60,2.70
2010.04.23 16:00:32.638,1.44765,1.448,4.80,1.60
2010.04.23 16:00:42.454,1.44765,1.448,7.10,1.60
2010.04.23 16:00:42.716,1.44775,1.4481,3.20,3.60
2010.04.23 16:00:43.145,1.44775,1.4481,3.20,2.00
2010.04.23 16:00:43.409,1.4477,1.448,1.60,1.60
2010.04.23 16:00:44.500,1.44765,1.44795,3.20,2.60
2010.04.23 16:00:46.270,1.44765,1.44795,1.60,2.60
2010.04.23 16:00:52.498,1.44765,1.44795,1.60,2.70
2010.04.23 16:00:52.641,1.44765,1.44785,1.60,1.60
2010.04.23 16:00:52.781,1.44755,1.4478,3.80,1.60
2010.04.23 16:00:52.922,1.44765,1.44795,1.60,3.50
2010.04.23 16:00:53.199,1.44765,1.44795,1.60,2.70
2010.04.23 16:00:59.685,1.44765,1.44795,1.60,2.60
2010.04.23 16:01:00.036,1.4475,1.44775,1.60,1.60
2010.04.23 16:01:05.848,1.4475,1.44785,2.20,1.70
2010.04.23 16:01:06.030,1.44755,1.44785,1.60,1.60
2010.04.23 16:01:06.415,1.4476,1.4479,1.60,2.00
2010.04.23 16:01:06.593,1.4476,1.4479,1.60,2.70
2010.04.23 16:01:07.447,1.4475,1.4478,2.00,1.60
2010.04.23 16:01:07.912,1.4475,1.4478,1.60,2.70
2010.04.23 16:01:08.017,1.4475,1.4478,1.60,1.70
2010.04.23 16:01:09.203,1.4475,1.4478,1.60,1.60
2010.04.23 16:01:14.743,1.44745,1.44775,8.90,1.60
2010.04.23 16:01:14.814,1.44745,1.44775,2.50,1.60
2010.04.23 16:01:15.164,1.44745,1.44775,2.10,2.60
2010.04.23 16:01:15.239,1.44745,1.44775,1.60,4.20
2010.04.23 16:01:15.589,1.44745,1.44775,1.60,2.60
2010.04.23 16:01:15.937,1.44745,1.44775,1.60,4.20
2010.04.23 16:01:16.900,1.44745,1.44775,1.60,2.70
2010.04.23 16:01:17.227,1.44735,1.4477,2.00,1.60
2010.04.23 16:01:17.548,1.44735,1.4477,1.60,1.60
2010.04.23 16:01:19.483,1.4473,1.4476,8.30,1.60
2010.04.23 16:01:19.725,1.4473,1.4476,5.20,1.60
2010.04.23 16:01:19.821,1.4473,1.4476,4.80,1.60
2010.04.23 16:01:21.372,1.4473,1.4476,3.20,1.60
2010.04.23 16:01:21.639,1.4473,1.4476,1.60,1.60
2010.04.23 16:01:23.428,1.4472,1.4475,9.10,1.60
2010.04.23 16:01:23.612,1.4472,1.4475,3.60,1.60
2010.04.23 16:01:23.790,1.4472,1.4475,3.20,1.60
2010.04.23 16:01:27.430,1.44725,1.44755,1.60,1.00
2010.04.23 16:01:27.620,1.44725,1.4476,1.60,1.60
2010.04.23 16:01:29.500,1.4472,1.4475,10.40,1.60
2010.04.23 16:01:29.812,1.44725,1.4476,1.60,1.60
2010.04.23 16:01:30.989,1.4472,1.4475,5.20,1.60
2010.04.23 16:01:31.324,1.44715,1.44745,4.00,1.60
2010.04.23 16:01:31.662,1.44715,1.4475,3.20,1.60
2010.04.23 16:01:32.011,1.44715,1.4475,5.60,1.60
2010.04.23 16:01:33.031,1.44715,1.4475,7.20,1.60
2010.04.23 16:01:33.378,1.4472,1.4475,1.00,1.60
2010.04.23 16:01:33.443,1.44725,1.44755,1.60,3.30
2010.04.23 16:01:34.579,1.44725,1.44755,1.60,1.60
2010.04.23 16:01:36.119,1.44725,1.44755,1.60,1.80
2010.04.23 16:01:36.282,1.44725,1.4475,1.60,1.00
2010.04.23 16:01:36.852,1.4472,1.4475,1.60,2.60
2010.04.23 16:01:37.139,1.4472,1.4475,1.60,1.60
2010.04.23 16:01:38.161,1.44715,1.44745,12.00,1.60
2010.04.23 16:01:38.374,1.44715,1.44745,6.80,1.60
2010.04.23 16:01:38.577,1.44715,1.44745,6.40,1.60
2010.04.23 16:01:39.098,1.44715,1.44745,9.20,1.60
2010.04.23 16:01:39.298,1.4472,1.4475,1.60,1.60
2010.04.23 16:01:39.919,1.44715,1.44745,7.10,1.60
2010.04.23 16:01:40.127,1.44715,1.44745,6.40,1.60
2010.04.23 16:01:40.477,1.44715,1.44745,4.80,1.60
2010.04.23 16:01:40.818,1.44715,1.44745,3.20,1.60
2010.04.23 16:01:47.597,1.4471,1.44735,10.50,1.60
2010.04.23 16:01:47.831,1.44705,1.44735,11.60,1.60
2010.04.23 16:01:48.060,1.4471,1.44735,3.50,1.60
2010.04.23 16:01:48.219,1.44715,1.44745,3.20,1.60
2010.04.23 16:01:48.361,1.44715,1.4475,3.20,2.20
2010.04.23 16:01:48.743,1.44715,1.4475,3.20,1.60
2010.04.23 16:01:50.480,1.44715,1.44745,2.40,1.60
2010.04.23 16:01:50.718,1.4472,1.44755,1.60,4.70
2010.04.23 16:01:50.964,1.4472,1.44755,1.60,6.80
2010.04.23 16:01:51.196,1.4472,1.44755,3.20,1.60
2010.04.23 16:01:52.555,1.4473,1.44755,1.60,1.60
2010.04.23 16:01:52.803,1.44725,1.44755,4.70,1.60
2010.04.23 16:01:53.060,1.4473,1.44765,1.60,2.80
2010.04.23 16:01:53.409,1.4473,1.4476,1.60,1.60
2010.04.23 16:01:53.704,1.44725,1.4476,1.60,1.60
2010.04.23 16:01:54.006,1.4472,1.44745,1.60,1.00
2010.04.23 16:01:54.295,1.4472,1.4475,1.60,1.60
2010.04.23 16:01:54.870,1.44715,1.4474,4.70,1.60
2010.04.23 16:01:55.137,1.44715,1.4474,7.10,1.60
2010.04.23 16:01:55.406,1.44715,1.4474,4.70,1.60
2010.04.23 16:01:55.674,1.44715,1.4474,1.60,1.60
2010.04.23 16:01:56.613,1.44715,1.4475,3.20,1.60
2010.04.23 16:01:57.517,1.44725,1.4475,1.60,1.60
2010.04.23 16:01:58.421,1.4472,1.4475,1.00,1.60
2010.04.23 16:01:58.721,1.4472,1.44755,1.60,4.80
2010.04.23 16:01:59.024,1.4472,1.44755,1.60,3.00
2010.04.23 16:01:59.294,1.4472,1.4475,1.60,1.60
2010.04.23 16:01:59.570,1.4472,1.4475,1.60,3.10
2010.04.23 16:01:59.836,1.4472,1.44755,1.60,5.40
2010.04.23 16:02:00.385,1.4472,1.44755,1.60,5.60
2010.04.23 16:02:01.312,1.4472,1.44755,1.60,4.80
2010.04.23 16:02:03.450,1.4472,1.44755,1.60,5.40
2010.04.23 16:02:03.703,1.44715,1.4475,3.20,1.60
2010.04.23 16:02:04.945,1.4471,1.4474,9.30,1.60
2010.04.23 16:02:05.199,1.4471,1.4474,5.60,1.60
2010.04.23 16:02:06.184,1.44715,1.4474,1.60,1.60
2010.04.23 16:02:06.757,1.44715,1.4475,6.20,1.80
2010.04.23 16:02:07.024,1.44715,1.4475,3.20,1.80
2010.04.23 16:02:07.694,1.44715,1.4475,3.20,1.60
2010.04.23 16:02:09.322,1.4471,1.4474,8.00,1.60
2010.04.23 16:02:09.561,1.4471,1.4474,5.60,1.60
2010.04.23 16:02:12.452,1.44715,1.4474,1.60,1.60
2010.04.23 16:02:12.803,1.4472,1.4475,1.60,1.60
2010.04.23 16:02:13.182,1.44715,1.4474,3.90,1.60
2010.04.23 16:02:13.269,1.44715,1.4474,3.20,1.60
2010.04.23 16:02:16.014,1.4472,1.4475,1.60,1.60
2010.04.23 16:02:16.155,1.4473,1.44755,1.60,1.60
2010.04.23 16:02:16.711,1.4473,1.44755,1.60,3.20
2010.04.23 16:02:16.850,1.44725,1.44745,2.40,1.60
2010.04.23 16:02:17.512,1.44715,1.44745,6.20,1.60
2010.04.23 16:02:17.865,1.4472,1.4475,1.60,1.00
2010.04.23 16:02:18.215,1.4472,1.44755,4.00,1.80
2010.04.23 16:02:18.906,1.4473,1.4476,1.60,1.60
2010.04.23 16:02:19.256,1.44725,1.44755,1.60,3.20
2010.04.23 16:02:21.670,1.44725,1.44755,1.60,1.60
2010.04.23 16:02:21.801,1.44725,1.44755,1.80,1.60
2010.04.23 16:02:21.931,1.44735,1.4476,1.60,2.40
2010.04.23 16:02:22.059,1.44735,1.44765,1.60,4.50
2010.04.23 16:02:22.180,1.44735,1.44765,1.60,3.70
2010.04.23 16:02:22.611,1.44735,1.44765,1.60,3.30
2010.04.23 16:02:25.644,1.44735,1.44765,1.60,4.90
2010.04.23 16:02:25.820,1.44735,1.44765,1.60,5.70
2010.04.23 16:02:26.287,1.44735,1.44765,1.60,7.50
2010.04.23 16:02:26.805,1.4473,1.44765,1.60,10.60
2010.04.23 16:02:27.006,1.4473,1.44765,1.60,8.20
2010.04.23 16:02:30.578,1.4473,1.44765,1.60,8.00
2010.04.23 16:02:30.770,1.44735,1.44765,1.60,4.10
2010.04.23 16:02:30.963,1.44735,1.44765,1.60,5.70
2010.04.23 16:02:31.152,1.4473,1.44765,1.60,8.20
2010.04.23 16:02:31.587,1.4473,1.44765,1.60,10.60
2010.04.23 16:02:31.927,1.4473,1.44765,1.60,8.20
2010.04.23 16:02:32.605,1.4473,1.44765,1.60,8.00
2010.04.23 16:02:33.455,1.4473,1.44765,2.40,5.70
2010.04.23 16:02:33.595,1.44735,1.44765,1.60,5.70
2010.04.23 16:02:35.982,1.44735,1.4476,1.60,1.00
2010.04.23 16:02:36.236,1.44725,1.44755,7.30,3.20
2010.04.23 16:02:36.562,1.4473,1.4476,1.60,3.60
2010.04.23 16:02:36.813,1.4473,1.44765,1.60,8.80
2010.04.23 16:02:37.057,1.4473,1.44765,1.60,6.80
2010.04.23 16:02:37.306,1.4473,1.44765,1.60,6.40
2010.04.23 16:02:37.860,1.4473,1.44765,1.60,8.00
2010.04.23 16:02:38.352,1.4473,1.44765,1.60,6.40
2010.04.23 16:02:39.387,1.4473,1.44765,1.60,4.80
2010.04.23 16:02:40.023,1.4473,1.44765,1.60,6.40
2010.04.23 16:02:41.433,1.4473,1.44765,1.60,2.40
2010.04.23 16:02:42.902,1.4473,1.44765,1.60,2.40
2010.04.23 16:02:47.852,1.44725,1.44755,3.20,1.60
2010.04.23 16:02:48.271,1.4474,1.44765,1.60,1.00
2010.04.23 16:02:48.363,1.4474,1.44765,1.60,1.00
2010.04.23 16:02:48.824,1.4474,1.4477,1.60,2.00
2010.04.23 16:02:48.928,1.4474,1.44765,1.60,1.60
2010.04.23 16:02:49.112,1.4474,1.44765,4.00,1.60
2010.04.23 16:02:49.882,1.4474,1.44765,1.60,1.60
2010.04.23 16:02:50.561,1.4474,1.44775,1.60,1.80
2010.04.23 16:02:50.782,1.4474,1.44775,4.00,1.60
2010.04.23 16:03:01.222,1.4474,1.4476,4.00,1.00
2010.04.23 16:03:01.755,1.4474,1.4477,1.60,5.50
2010.04.23 16:03:01.999,1.4474,1.44755,1.00,1.60
2010.04.23 16:03:02.340,1.44745,1.4477,1.60,1.00
2010.04.23 16:03:03.173,1.44745,1.4478,1.60,8.50
2010.04.23 16:03:03.467,1.44745,1.4478,1.60,8.80
2010.04.23 16:03:03.759,1.44745,1.4478,1.60,8.90
2010.04.23 16:03:04.628,1.44745,1.4478,1.60,8.80
2010.04.23 16:03:06.589,1.44755,1.4478,1.60,6.40
2010.04.23 16:03:07.094,1.4474,1.44775,3.90,1.60
2010.04.23 16:03:07.337,1.4474,1.44775,1.60,1.60
2010.04.23 16:03:07.574,1.4474,1.44775,1.60,4.00
2010.04.23 16:03:07.918,1.4474,1.44775,1.60,5.60
2010.04.23 16:03:08.870,1.44735,1.44765,1.60,1.60
2010.04.23 16:03:10.472,1.4473,1.4476,1.50,1.60
2010.04.23 16:03:11.216,1.44725,1.4476,11.90,1.60
2010.04.23 16:03:14.689,1.4473,1.44765,1.60,1.00
2010.04.23 16:03:15.121,1.4473,1.4477,4.00,4.40
2010.04.23 16:03:15.437,1.4473,1.4477,4.60,1.60
2010.04.23 16:03:16.380,1.44735,1.4476,1.60,1.60
2010.04.23 16:03:17.153,1.44725,1.44755,2.40,1.60
2010.04.23 16:03:17.495,1.44725,1.44755,1.60,1.60
2010.04.23 16:03:19.763,1.44725,1.44755,1.60,1.80
2010.04.23 16:03:21.139,1.44735,1.44755,1.60,1.00
2010.04.23 16:03:21.344,1.44735,1.4476,1.60,3.30
2010.04.23 16:03:23.540,1.44725,1.44755,1.60,1.60
2010.04.23 16:03:24.138,1.44735,1.4476,1.60,3.30
2010.04.23 16:03:25.041,1.44735,1.4476,1.60,1.60
2010.04.23 16:03:25.558,1.44735,1.44765,1.60,5.60
2010.04.23 16:03:25.870,1.44735,1.44765,1.60,1.60
2010.04.23 16:03:27.590,1.44735,1.44765,4.00,1.60
2010.04.23 16:03:27.939,1.4474,1.44775,1.60,3.80
2010.04.23 16:03:28.188,1.4474,1.44765,1.60,1.60
2010.04.23 16:03:28.430,1.44735,1.4477,3.20,8.00
2010.04.23 16:03:28.747,1.44735,1.44765,3.20,1.00
2010.04.23 16:03:28.991,1.44735,1.4476,1.60,1.60
2010.04.23 16:03:29.334,1.4474,1.4477,1.60,4.60
2010.04.23 16:03:29.683,1.4474,1.4477,1.60,1.60
2010.04.23 16:03:30.927,1.4474,1.4477,1.60,4.00
2010.04.23 16:03:32.563,1.44735,1.4476,5.60,1.60
2010.04.23 16:03:33.256,1.44735,1.4476,3.20,1.60
2010.04.23 16:03:34.105,1.44735,1.4476,4.90,1.60
2010.04.23 16:03:34.171,1.44745,1.44765,1.60,1.00
2010.04.23 16:03:34.843,1.44735,1.44765,8.70,3.20
2010.04.23 16:03:35.111,1.44735,1.44765,1.60,1.60
2010.04.23 16:03:38.109,1.44745,1.44775,1.60,9.20
2010.04.23 16:03:38.410,1.44745,1.44775,1.60,9.50
2010.04.23 16:03:40.409,1.44745,1.4477,1.60,1.60
2010.04.23 16:03:41.241,1.44735,1.44765,1.60,1.60
2010.04.23 16:03:41.938,1.44735,1.44765,1.60,3.20
2010.04.23 16:03:42.168,1.44735,1.44765,1.60,1.60
2010.04.23 16:03:47.102,1.44735,1.44765,1.60,1.80
2010.04.23 16:03:47.238,1.44725,1.44755,3.60,1.60
2010.04.23 16:03:47.369,1.4474,1.4476,1.60,2.40
2010.04.23 16:03:47.498,1.4474,1.44765,1.60,1.00
2010.04.23 16:03:48.199,1.44735,1.4476,1.60,1.60
2010.04.23 16:03:49.536,1.4473,1.4476,1.60,1.60
2010.04.23 16:03:50.208,1.4473,1.4476,1.70,1.60
2010.04.23 16:03:50.616,1.4473,1.4476,4.00,1.60
2010.04.23 16:03:50.663,1.44735,1.4477,1.60,1.60
2010.04.23 16:03:51.587,1.44735,1.4477,1.60,1.70
2010.04.23 16:03:52.819,1.4473,1.4476,4.80,1.60
2010.04.23 16:03:53.037,1.4473,1.4476,1.60,1.60
2010.04.23 16:04:00.905,1.44725,1.4475,6.20,1.60
2010.04.23 16:04:01.449,1.4472,1.4475,5.10,1.60
2010.04.23 16:04:01.642,1.4473,1.44755,1.60,1.60
2010.04.23 16:04:01.836,1.44735,1.44765,1.60,4.40
2010.04.23 16:04:02.023,1.44735,1.44765,1.60,2.00
2010.04.23 16:04:02.509,1.44735,1.44765,1.60,1.60
2010.04.23 16:04:02.864,1.4473,1.4477,1.60,7.10
2010.04.23 16:04:03.206,1.4473,1.44765,1.60,2.40
2010.04.23 16:04:03.554,1.4473,1.44765,1.60,4.80
2010.04.23 16:04:03.843,1.4473,1.44765,1.60,5.60
2010.04.23 16:04:07.991,1.4473,1.44765,1.60,7.20
2010.04.23 16:04:08.607,1.4473,1.4476,1.60,6.40
2010.04.23 16:04:08.701,1.44725,1.44755,6.40,1.60
2010.04.23 16:04:08.787,1.44725,1.44755,7.10,1.60
2010.04.23 16:04:09.194,1.44735,1.4476,1.60,1.60
2010.04.23 16:04:09.539,1.4474,1.4477,1.60,4.80
2010.04.23 16:04:09.885,1.44745,1.4477,1.60,1.00
2010.04.23 16:04:10.528,1.44745,1.44775,1.60,1.60
2010.04.23 16:04:11.124,1.4474,1.4477,1.60,1.60
2010.04.23 16:04:19.656,1.4474,1.4477,1.80,1.60
2010.04.23 16:04:19.797,1.44755,1.4478,1.60,2.00
2010.04.23 16:04:19.932,1.44755,1.4478,1.60,1.60
2010.04.23 16:04:21.481,1.44755,1.44785,1.60,6.20
2010.04.23 16:04:21.572,1.44755,1.44785,1.60,5.90
2010.04.23 16:04:21.752,1.44755,1.4478,1.60,1.60
2010.04.23 16:04:25.160,1.44755,1.44785,1.60,1.60
2010.04.23 16:04:25.363,1.44755,1.44785,1.60,1.00
2010.04.23 16:04:34.737,1.44755,1.44785,1.60,2.40
2010.04.23 16:04:34.877,1.44755,1.4478,1.60,1.60
2010.04.23 16:04:46.763,1.44755,1.4478,3.20,1.60
2010.04.23 16:04:46.901,1.44755,1.4479,3.20,4.40
2010.04.23 16:04:47.032,1.44755,1.4479,3.20,3.60
2010.04.23 16:04:48.474,1.44755,1.4479,1.60,3.60
2010.04.23 16:04:48.813,1.44755,1.44785,1.60,2.00
2010.04.23 16:04:49.154,1.44755,1.44785,1.60,3.60
2010.04.23 16:04:50.480,1.44755,1.44785,4.00,3.20
2010.04.23 16:04:50.641,1.44765,1.4479,1.60,1.60
2010.04.23 16:04:50.923,1.44765,1.44795,1.60,3.60
2010.04.23 16:04:52.371,1.44765,1.44795,3.20,3.60
2010.04.23 16:04:52.717,1.44775,1.44795,1.60,1.60
2010.04.23 16:04:53.062,1.44765,1.44795,1.60,1.60
2010.04.23 16:04:53.402,1.44765,1.44795,1.60,5.20
2010.04.23 16:04:56.197,1.44765,1.44795,1.60,4.80
2010.04.23 16:04:56.369,1.44775,1.44795,1.60,1.60
2010.04.23 16:04:56.542,1.44775,1.448,1.60,3.20
2010.04.23 16:04:58.394,1.4478,1.4481,1.60,5.30
2010.04.23 16:04:58.698,1.44785,1.4481,1.60,3.20
2010.04.23 16:04:58.993,1.44785,1.4481,1.60,1.60
2010.04.23 16:04:59.322,1.44785,1.44815,1.60,6.90
2010.04.23 16:05:01.747,1.44785,1.44815,1.60,8.50
2010.04.23 16:05:04.531,1.4478,1.4481,1.60,2.10
2010.04.23 16:05:04.728,1.4478,1.4481,1.60,3.70
2010.04.23 16:05:04.920,1.4478,1.4481,1.60,5.30
2010.04.23 16:05:08.568,1.4478,1.4481,1.60,3.20
2010.04.23 16:05:08.911,1.4478,1.4481,1.60,2.40
2010.04.23 16:05:09.153,1.44775,1.448,1.60,1.60
2010.04.23 16:05:09.691,1.4478,1.4481,1.60,5.60
2010.04.23 16:05:09.932,1.4478,1.4481,1.60,3.20
2010.04.23 16:05:14.104,1.4478,1.44805,1.60,3.20
2010.04.23 16:05:14.397,1.4478,1.4481,2.30,4.00
2010.04.23 16:05:14.680,1.44785,1.44815,1.60,4.00
2010.04.23 16:05:15.030,1.44785,1.44815,1.60,1.60
2010.04.23 16:05:15.720,1.44785,1.44815,1.60,2.00
2010.04.23 16:05:15.939,1.44795,1.44815,1.60,2.20
2010.04.23 16:05:16.161,1.44795,1.4481,1.60,1.00
2010.04.23 16:05:16.701,1.44785,1.4481,1.60,1.00
2010.04.23 16:05:17.055,1.44795,1.44815,1.60,1.00
2010.04.23 16:05:17.406,1.44785,1.44815,3.20,2.00
2010.04.23 16:05:17.752,1.44785,1.44815,1.60,1.60
2010.04.23 16:05:18.220,1.44795,1.4482,1.60,4.80
2010.04.23 16:05:18.567,1.44795,1.44815,1.60,3.20
2010.04.23 16:05:18.908,1.44785,1.44815,1.60,2.00
2010.04.23 16:05:19.582,1.44775,1.44805,3.20,3.60
2010.04.23 16:05:19.925,1.44785,1.44805,1.60,1.60
2010.04.23 16:05:20.276,1.44785,1.4481,1.60,3.70
2010.04.23 16:05:21.635,1.44785,1.4481,1.60,3.60
2010.04.23 16:05:22.876,1.44785,1.4481,1.80,3.60
2010.04.23 16:05:23.006,1.44795,1.4481,1.60,1.60
2010.04.23 16:05:23.244,1.4479,1.4481,1.00,2.00
2010.04.23 16:05:23.639,1.4479,1.4481,1.00,1.00
2010.04.23 16:05:23.992,1.4478,1.4481,1.60,1.60
2010.04.23 16:05:25.310,1.44785,1.44815,1.60,3.20
2010.04.23 16:05:25.624,1.44785,1.44815,1.60,1.60
2010.04.23 16:05:28.396,1.44795,1.44815,1.60,1.60
2010.04.23 16:05:28.553,1.4479,1.44815,1.60,1.60
2010.04.23 16:05:29.534,1.4479,1.4482,1.60,3.20
2010.04.23 16:05:31.230,1.4479,1.4482,3.20,3.20
2010.04.23 16:05:32.628,1.44795,1.4482,1.00,3.20
2010.04.23 16:05:33.126,1.4479,1.4482,6.80,1.60
2010.04.23 16:05:33.317,1.4479,1.4482,6.40,1.60
2010.04.23 16:05:34.083,1.448,1.44825,1.60,1.60
2010.04.23 16:05:34.958,1.448,1.4483,1.60,2.20
2010.04.23 16:05:35.303,1.448,1.44835,1.60,6.80
2010.04.23 16:05:38.702,1.448,1.4483,1.60,1.00
2010.04.23 16:05:38.804,1.44795,1.44825,4.80,1.60
2010.04.23 16:05:39.233,1.44805,1.4483,1.60,2.40
2010.04.23 16:05:39.350,1.4481,1.44835,1.60,5.20
2010.04.23 16:05:39.451,1.44805,1.4483,2.40,1.60
2010.04.23 16:05:39.792,1.44805,1.4483,1.60,3.60
2010.04.23 16:05:41.014,1.44795,1.44815,3.10,2.00
2010.04.23 16:05:41.301,1.44785,1.44805,2.00,1.00
2010.04.23 16:05:41.584,1.4478,1.44805,1.60,3.20
2010.04.23 16:05:42.198,1.4478,1.44805,1.60,1.60
2010.04.23 16:05:54.500,1.4478,1.44805,1.80,1.60
2010.04.23 16:05:54.568,1.4478,1.44805,4.90,1.60
2010.04.23 16:05:54.646,1.4479,1.4481,1.60,2.80
2010.04.23 16:05:54.724,1.4479,1.44815,1.60,3.60
2010.04.23 16:05:54.799,1.4479,1.44815,1.60,2.00
2010.04.23 16:05:55.199,1.4479,1.44815,1.60,1.00
2010.04.23 16:05:55.563,1.4479,1.4482,1.60,2.00
2010.04.23 16:05:55.913,1.4479,1.4482,1.60,6.00
2010.04.23 16:05:56.226,1.4479,1.44815,1.60,1.60
2010.04.23 16:06:01.043,1.4479,1.4482,1.60,4.00
2010.04.23 16:06:03.814,1.4479,1.4482,1.60,4.10
2010.04.23 16:06:03.963,1.44785,1.4482,1.60,4.80
2010.04.23 16:06:04.034,1.44785,1.44815,1.60,2.40
2010.04.23 16:06:04.521,1.44785,1.4482,1.60,5.30
2010.04.23 16:06:05.274,1.44785,1.4482,1.60,5.20
2010.04.23 16:06:05.618,1.4479,1.4482,1.60,4.00
2010.04.23 16:06:05.965,1.4479,1.4482,1.60,2.40
2010.04.23 16:06:06.434,1.448,1.44825,1.60,3.60
2010.04.23 16:06:06.785,1.448,1.44825,1.60,2.00
2010.04.23 16:06:07.007,1.44805,1.4483,1.60,1.60
2010.04.23 16:06:07.667,1.44805,1.44815,1.60,1.00
2010.04.23 16:06:08.236,1.4479,1.4481,1.60,2.00
2010.04.23 16:06:08.570,1.44795,1.4481,1.60,2.00
2010.04.23 16:06:08.905,1.44795,1.44805,1.60,1.60
2010.04.23 16:06:09.605,1.44795,1.4481,1.60,2.00
2010.04.23 16:06:09.944,1.44795,1.44815,1.60,1.60
2010.04.23 16:06:10.288,1.4478,1.4481,5.50,2.70
2010.04.23 16:06:10.586,1.4479,1.4481,1.60,2.00
2010.04.23 16:06:10.905,1.4479,1.4481,1.60,1.00
2010.04.23 16:06:11.208,1.4479,1.4482,1.60,3.60
2010.04.23 16:06:11.794,1.4478,1.44815,9.30,1.60
2010.04.23 16:06:12.090,1.44775,1.448,1.00,2.40
2010.04.23 16:06:12.680,1.4477,1.448,4.00,3.10
2010.04.23 16:06:13.019,1.4477,1.448,1.60,3.20
2010.04.23 16:06:15.354,1.4477,1.448,3.20,3.20
2010.04.23 16:06:15.775,1.4477,1.448,1.60,3.20
2010.04.23 16:06:16.123,1.4477,1.448,1.60,3.60
2010.04.23 16:06:16.813,1.4477,1.448,2.40,1.60
2010.04.23 16:06:17.175,1.4477,1.4479,1.60,1.00
2010.04.23 16:06:17.530,1.4476,1.44795,1.60,1.00
2010.04.23 16:06:17.872,1.4476,1.44795,2.00,2.00
2010.04.23 16:06:18.326,1.4476,1.44795,1.60,4.10
2010.04.23 16:06:18.689,1.4477,1.44785,1.60,1.60
2010.04.23 16:06:19.034,1.4477,1.4479,1.60,1.60
2010.04.23 16:06:19.364,1.4476,1.44785,2.40,1.60
2010.04.23 16:06:19.691,1.4476,1.44785,1.60,2.00
2010.04.23 16:06:20.262,1.4476,1.44785,1.60,1.60
2010.04.23 16:06:20.514,1.4477,1.4479,1.60,1.00
2010.04.23 16:06:20.763,1.4477,1.44795,1.60,1.00
2010.04.23 16:06:21.642,1.4477,1.44795,1.60,2.00
2010.04.23 16:06:22.666,1.4476,1.4479,1.60,7.30
2010.04.23 16:06:23.012,1.4476,1.4479,1.60,7.50
2010.04.23 16:06:23.506,1.4476,1.4479,1.60,9.20
2010.04.23 16:06:23.659,1.4476,1.4479,1.60,8.60
2010.04.23 16:06:23.800,1.4476,1.4479,1.60,7.20
2010.04.23 16:06:24.025,1.4476,1.4479,1.60,7.10
2010.04.23 16:06:24.429,1.4476,1.4479,1.60,6.40
2010.04.23 16:06:24.689,1.4476,1.4479,1.60,1.60
2010.04.23 16:06:24.950,1.44755,1.4479,2.40,1.80
2010.04.23 16:06:25.351,1.44755,1.44785,1.60,1.00
2010.04.23 16:06:25.455,1.44755,1.4479,1.60,2.20
2010.04.23 16:06:25.739,1.44755,1.4479,1.60,3.00
2010.04.23 16:06:27.368,1.44755,1.4479,1.60,2.60
2010.04.23 16:06:27.594,1.4476,1.4479,1.60,1.60
2010.04.23 16:06:29.074,1.4476,1.4479,1.60,2.00
2010.04.23 16:06:29.740,1.44755,1.44785,1.60,1.00
2010.04.23 16:06:29.988,1.44755,1.4479,1.60,6.00
2010.04.23 16:06:30.229,1.44755,1.4479,1.60,7.60
2010.04.23 16:06:30.729,1.4475,1.4478,1.60,3.60
2010.04.23 16:06:31.199,1.4475,1.4478,1.60,4.40
2010.04.23 16:06:32.689,1.44755,1.44785,1.60,2.40
2010.04.23 16:06:33.252,1.44755,1.4479,1.60,10.50
2010.04.23 16:06:33.481,1.44755,1.44785,1.60,2.00
2010.04.23 16:06:33.712,1.44755,1.44785,1.60,1.00
2010.04.23 16:06:34.061,1.44755,1.44785,1.60,2.80
2010.04.23 16:06:35.155,1.4475,1.4478,2.40,1.60
2010.04.23 16:06:35.304,1.4475,1.4478,1.60,6.00
2010.04.23 16:06:35.437,1.4475,1.4478,1.60,4.40
2010.04.23 16:06:35.699,1.4475,1.4478,1.60,4.50
2010.04.23 16:06:36.092,1.4475,1.4478,1.60,6.10
2010.04.23 16:06:36.438,1.44755,1.4478,1.60,2.40
2010.04.23 16:06:36.910,1.44755,1.44785,1.60,4.40
2010.04.23 16:06:37.257,1.44755,1.44785,1.60,2.00
2010.04.23 16:06:37.862,1.44755,1.4477,1.60,2.40
2010.04.23 16:06:38.162,1.44755,1.4478,1.60,7.20
2010.04.23 16:06:38.559,1.44755,1.44775,1.60,4.80
2010.04.23 16:06:38.839,1.44755,1.44775,1.60,5.50
2010.04.23 16:06:39.110,1.44745,1.44775,1.60,7.10
2010.04.23 16:06:39.416,1.44745,1.44775,1.60,6.90
2010.04.23 16:06:39.715,1.44745,1.44775,1.60,6.40
2010.04.23 16:06:40.016,1.44745,1.44775,1.60,1.60
2010.04.23 16:06:40.766,1.44745,1.44775,1.60,3.20
2010.04.23 16:06:42.326,1.4475,1.44775,1.60,1.60
2010.04.23 16:06:42.445,1.4475,1.4478,1.60,10.30
2010.04.23 16:06:42.748,1.44755,1.4478,1.60,2.30
2010.04.23 16:06:43.134,1.44755,1.4478,1.60,1.00
2010.04.23 16:06:43.444,1.4475,1.4478,2.40,1.60
2010.04.23 16:06:43.706,1.44745,1.44775,2.40,2.00
2010.04.23 16:06:43.969,1.4476,1.44775,1.00,1.60
2010.04.23 16:06:44.317,1.4476,1.4478,1.00,2.40
2010.04.23 16:06:44.584,1.4475,1.44775,1.20,1.60
2010.04.23 16:06:44.930,1.44755,1.44775,1.00,1.60
2010.04.23 16:06:45.281,1.44755,1.4477,1.00,1.60
2010.04.23 16:06:45.629,1.44735,1.4477,7.20,1.60
2010.04.23 16:06:45.981,1.4475,1.4478,1.60,1.60
2010.04.23 16:06:46.625,1.44745,1.4477,1.00,1.60
2010.04.23 16:06:46.874,1.44735,1.4477,6.80,1.60
2010.04.23 16:06:47.116,1.44745,1.4478,1.60,9.50
2010.04.23 16:06:47.354,1.44735,1.4477,6.80,1.60
2010.04.23 16:06:47.594,1.4474,1.4477,1.00,1.60
2010.04.23 16:06:48.174,1.44745,1.4477,1.00,1.60
2010.04.23 16:06:48.856,1.44745,1.44765,1.00,1.00
2010.04.23 16:06:48.924,1.44745,1.4477,1.00,4.00
2010.04.23 16:06:48.994,1.44745,1.4477,1.00,1.60
2010.04.23 16:06:49.262,1.4474,1.4477,1.00,1.60
2010.04.23 16:06:50.151,1.44745,1.4477,1.00,1.60
2010.04.23 16:06:51.055,1.4475,1.44765,1.00,1.60
2010.04.23 16:06:51.581,1.4475,1.4477,1.00,4.80
2010.04.23 16:06:51.890,1.4474,1.44775,1.60,4.10
2010.04.23 16:06:52.182,1.4474,1.44775,1.60,4.50
2010.04.23 16:06:52.824,1.44745,1.44775,1.60,3.60
2010.04.23 16:06:53.173,1.4474,1.44765,1.60,1.60
2010.04.23 16:06:53.321,1.44735,1.44765,2.00,8.20
2010.04.23 16:06:53.466,1.44735,1.4476,1.00,4.90
2010.04.23 16:06:53.943,1.44725,1.44755,1.60,6.40
2010.04.23 16:06:54.563,1.44725,1.44755,1.60,7.20
2010.04.23 16:06:54.903,1.44725,1.44755,1.70,7.20
2010.04.23 16:06:55.257,1.4473,1.44755,1.60,1.00
2010.04.23 16:06:55.404,1.4473,1.44755,2.40,1.00
2010.04.23 16:06:55.650,1.44735,1.4476,1.60,1.00
2010.04.23 16:06:55.895,1.44735,1.44765,1.60,3.30
2010.04.23 16:06:56.279,1.44735,1.44765,1.60,3.20
2010.04.23 16:06:56.626,1.4474,1.4477,1.60,6.10
2010.04.23 16:06:56.976,1.44735,1.44765,3.90,1.60
2010.04.23 16:06:57.328,1.44735,1.44765,1.60,4.80
2010.04.23 16:06:57.748,1.44735,1.44765,1.60,4.90
2010.04.23 16:06:58.099,1.44735,1.44765,2.40,3.20
2010.04.23 16:06:58.444,1.44735,1.44765,1.60,3.30
2010.04.23 16:06:58.998,1.4473,1.44755,2.40,1.60
2010.04.23 16:06:59.227,1.4473,1.44755,1.60,1.60
2010.04.23 16:07:01.586,1.44725,1.4476,1.60,1.60
2010.04.23 16:07:01.635,1.44725,1.4476,1.60,2.40
2010.04.23 16:07:02.216,1.44715,1.4475,12.00,1.60
2010.04.23 16:07:02.264,1.44715,1.4475,6.00,1.60
2010.04.23 16:07:02.309,1.44715,1.4475,4.40,1.60
2010.04.23 16:07:02.417,1.44715,1.4475,4.00,1.60
2010.04.23 16:07:02.499,1.44715,1.4475,3.20,1.60
2010.04.23 16:07:03.183,1.44715,1.4475,7.30,1.60
2010.04.23 16:07:03.534,1.44715,1.4475,8.00,1.60
2010.04.23 16:07:03.701,1.44715,1.4475,5.60,1.60
2010.04.23 16:07:03.780,1.44715,1.4475,4.80,1.60
2010.04.23 16:07:04.540,1.44715,1.4475,5.60,1.60
2010.04.23 16:07:04.881,1.44715,1.4475,5.50,1.60
2010.04.23 16:07:05.237,1.4473,1.4476,1.60,3.00
2010.04.23 16:07:05.586,1.44715,1.4476,6.80,6.30
2010.04.23 16:07:06.167,1.4472,1.4476,1.00,8.00
2010.04.23 16:07:06.470,1.44725,1.4475,1.60,1.60
2010.04.23 16:07:07.991,1.44735,1.4476,1.60,1.60
2010.04.23 16:07:08.252,1.44725,1.4475,3.20,1.60
2010.04.23 16:07:10.641,1.4473,1.4475,1.00,1.60
2010.04.23 16:07:10.789,1.44735,1.4476,1.60,2.80
2010.04.23 16:07:11.238,1.44725,1.4476,7.20,3.20
2010.04.23 16:07:11.584,1.44725,1.4476,3.20,3.20
2010.04.23 16:07:12.614,1.44725,1.4475,3.20,1.60
2010.04.23 16:07:14.137,1.4473,1.4476,1.60,7.20
2010.04.23 16:07:14.268,1.4473,1.4476,1.60,1.60
2010.04.23 16:07:15.018,1.44725,1.4475,3.20,1.60
2010.04.23 16:07:16.971,1.44725,1.4475,4.00,1.60
2010.04.23 16:07:17.042,1.44725,1.4475,5.60,1.60
2010.04.23 16:07:17.402,1.44725,1.4475,7.20,1.60
2010.04.23 16:07:17.443,1.44725,1.4476,7.20,1.60
2010.04.23 16:07:19.159,1.44735,1.4476,1.60,1.60
2010.04.23 16:07:20.293,1.44735,1.4476,3.20,1.60
2010.04.23 16:07:20.637,1.44735,1.4476,1.60,1.60
2010.04.23 16:07:21.584,1.44735,1.44765,1.60,2.40
2010.04.23 16:07:21.806,1.44735,1.4477,3.20,2.40
2010.04.23 16:07:22.060,1.44735,1.4477,4.80,1.60
2010.04.23 16:07:22.305,1.44745,1.4477,1.60,1.60
2010.04.23 16:07:22.881,1.4473,1.44755,2.00,1.60
2010.04.23 16:07:23.233,1.4473,1.4476,4.90,2.40
2010.04.23 16:07:23.871,1.4474,1.4477,1.60,9.20
2010.04.23 16:07:23.947,1.4473,1.44755,1.60,1.60
2010.04.23 16:07:25.111,1.4474,1.44765,1.60,1.60
2010.04.23 16:07:25.848,1.44745,1.44775,1.60,1.60
2010.04.23 16:07:26.166,1.4475,1.4478,1.60,4.00
2010.04.23 16:07:26.743,1.4475,1.44775,1.60,2.40
2010.04.23 16:07:27.092,1.4475,1.4478,1.60,1.60
2010.04.23 16:07:27.779,1.4474,1.44775,1.60,1.60
2010.04.23 16:07:29.187,1.44735,1.44765,5.60,4.00
2010.04.23 16:07:29.438,1.44735,1.44765,7.20,4.00
2010.04.23 16:07:30.149,1.44735,1.44765,4.00,1.60
2010.04.23 16:07:30.354,1.44735,1.44765,4.00,4.00
2010.04.23 16:07:30.564,1.44735,1.44765,3.20,4.00
2010.04.23 16:07:31.511,1.44735,1.44765,3.20,1.60
2010.04.23 16:07:31.887,1.4474,1.44765,1.60,4.00
2010.04.23 16:07:32.101,1.44745,1.4477,1.60,2.20
2010.04.23 16:07:32.572,1.4474,1.44765,3.90,1.60
2010.04.23 16:07:32.809,1.4474,1.44775,3.10,1.60
2010.04.23 16:07:33.023,1.44735,1.44775,8.40,1.60
2010.04.23 16:07:33.653,1.44735,1.44775,7.90,1.60
2010.04.23 16:07:34.001,1.4474,1.44775,1.60,1.60
2010.04.23 16:07:34.293,1.4474,1.44765,8.00,1.60
2010.04.23 16:07:34.581,1.4474,1.44765,4.80,1.60
2010.04.23 16:07:35.447,1.44745,1.44775,1.60,6.80
2010.04.23 16:07:35.705,1.44745,1.44775,1.60,1.60
2010.04.23 16:07:40.307,1.44735,1.44775,10.00,2.00
2010.04.23 16:07:40.462,1.44735,1.44775,12.40,2.00
2010.04.23 16:07:40.617,1.44745,1.44775,1.60,2.00
2010.04.23 16:07:40.773,1.44745,1.44775,1.60,1.60
2010.04.23 16:07:41.073,1.44755,1.4478,1.60,1.60
2010.04.23 16:07:41.492,1.44755,1.4478,1.60,1.00
2010.04.23 16:07:41.837,1.44755,1.44785,1.60,7.30
2010.04.23 16:07:43.024,1.44755,1.44785,1.60,1.60
2010.04.23 16:07:43.276,1.4475,1.44775,1.50,1.60
2010.04.23 16:07:43.749,1.44745,1.44775,9.20,1.60
2010.04.23 16:07:43.902,1.44745,1.44775,3.80,1.60
2010.04.23 16:07:44.032,1.44745,1.44775,1.60,1.60
2010.04.23 16:07:45.880,1.4475,1.44785,1.60,6.50
2010.04.23 16:07:46.427,1.4475,1.44785,1.60,3.20
2010.04.23 16:07:46.686,1.44745,1.44775,4.00,1.60
2010.04.23 16:07:46.955,1.44745,1.44775,1.60,1.60
2010.04.23 16:07:48.613,1.4475,1.4478,1.60,2.30
2010.04.23 16:07:48.839,1.4475,1.4478,1.60,1.60
2010.04.23 16:07:48.948,1.44745,1.44775,1.60,1.60
2010.04.23 16:07:49.548,1.4475,1.44775,1.00,1.60
2010.04.23 16:07:50.113,1.4474,1.4477,8.40,1.60
2010.04.23 16:07:50.429,1.4474,1.4477,1.60,1.60
2010.04.23 16:07:50.750,1.4474,1.4477,4.80,1.60
2010.04.23 16:07:51.787,1.44745,1.4478,3.20,6.90
2010.04.23 16:07:52.011,1.44745,1.4478,3.20,1.60
2010.04.23 16:07:52.631,1.4474,1.4477,9.60,1.60
2010.04.23 16:07:52.984,1.4474,1.4477,6.40,1.60
2010.04.23 16:07:53.336,1.44745,1.4478,3.20,1.60
2010.04.23 16:07:55.913,1.4475,1.4478,1.00,1.60
2010.04.23 16:07:56.266,1.4475,1.4478,1.60,1.60
2010.04.23 16:07:56.612,1.44755,1.4478,1.60,1.60
2010.04.23 16:08:00.590,1.44745,1.4478,7.20,1.60
2010.04.23 16:08:00.857,1.44745,1.4478,4.80,1.60
2010.04.23 16:08:02.427,1.44755,1.44785,1.60,1.60
2010.04.23 16:08:05.737,1.44755,1.4478,1.60,4.80
2010.04.23 16:08:06.206,1.44745,1.4477,3.20,1.60
2010.04.23 16:08:06.536,1.44735,1.44765,1.60,2.40
2010.04.23 16:08:06.862,1.44745,1.4477,1.60,8.70
2010.04.23 16:08:07.192,1.44735,1.4477,1.60,7.20
2010.04.23 16:08:07.538,1.4475,1.44775,1.60,1.00
2010.04.23 16:08:07.887,1.44745,1.4477,2.40,1.00
2010.04.23 16:08:08.242,1.4474,1.4477,6.40,1.00
2010.04.23 16:08:08.590,1.4474,1.44775,6.40,1.60
2010.04.23 16:08:08.937,1.44745,1.4478,1.60,4.50
2010.04.23 16:08:09.288,1.44745,1.4478,1.60,3.30
2010.04.23 16:08:09.957,1.4474,1.4477,4.80,1.60
2010.04.23 16:08:10.305,1.4474,1.4477,2.40,1.60
2010.04.23 16:08:10.424,1.4474,1.4477,1.60,1.60
2010.04.23 16:08:13.684,1.4473,1.4476,6.00,1.60
2010.04.23 16:08:14.081,1.4473,1.4476,5.60,1.60
2010.04.23 16:08:14.509,1.44735,1.44765,1.60,6.80
2010.04.23 16:08:14.667,1.44735,1.44765,1.60,1.60
2010.04.23 16:08:15.158,1.44735,1.44765,1.60,4.00
2010.04.23 16:08:15.507,1.4473,1.44755,1.60,1.60
2010.04.23 16:08:15.859,1.44735,1.44765,1.60,7.60
2010.04.23 16:08:16.255,1.44735,1.44765,1.60,6.80
2010.04.23 16:08:16.607,1.44735,1.44765,1.60,4.70
2010.04.23 16:08:17.296,1.44735,1.44765,1.60,1.60
2010.04.23 16:08:17.477,1.44735,1.44775,1.60,7.20
2010.04.23 16:08:17.659,1.44745,1.4477,1.60,1.00
2010.04.23 16:08:18.162,1.44735,1.44765,2.40,1.60
2010.04.23 16:08:18.498,1.4473,1.44765,10.10,1.60
2010.04.23 16:08:19.163,1.4473,1.44765,7.20,1.60
2010.04.23 16:08:20.104,1.4473,1.44755,4.00,1.60
2010.04.23 16:08:20.434,1.4473,1.44755,1.60,1.60
2010.04.23 16:08:21.065,1.44725,1.44755,1.00,1.60
2010.04.23 16:08:21.243,1.4472,1.44755,8.40,1.60
2010.04.23 16:08:21.425,1.4472,1.44755,5.60,1.60
2010.04.23 16:08:23.066,1.44725,1.4476,1.60,1.00
2010.04.23 16:08:23.362,1.4472,1.44755,6.00,1.60
2010.04.23 16:08:23.663,1.44725,1.44765,1.60,12.50
2010.04.23 16:08:23.782,1.44725,1.44765,1.60,14.40
2010.04.23 16:08:23.890,1.4472,1.44755,8.80,1.60
2010.04.23 16:08:24.001,1.4472,1.44755,8.00,1.60
2010.04.23 16:08:24.221,1.4472,1.44755,5.60,1.60
2010.04.23 16:08:24.629,1.4473,1.44755,1.60,1.60
2010.04.23 16:08:24.973,1.44725,1.44745,7.10,1.60
2010.04.23 16:08:25.322,1.44725,1.44755,1.60,1.60
2010.04.23 16:08:25.663,1.44725,1.44745,1.60,1.60
2010.04.23 16:08:26.112,1.44725,1.44755,1.60,4.00
2010.04.23 16:08:26.429,1.44725,1.4476,3.20,5.70
2010.04.23 16:08:26.752,1.44725,1.4476,3.20,4.00
2010.04.23 16:08:27.090,1.44725,1.4476,3.20,1.60
2010.04.23 16:08:28.309,1.44725,1.4476,3.20,4.00
2010.04.23 16:08:28.511,1.44725,1.4475,3.20,1.60
2010.04.23 16:08:28.963,1.44725,1.4475,1.60,1.60
2010.04.23 16:08:29.295,1.4473,1.4476,1.60,1.60
2010.04.23 16:08:29.943,1.44735,1.44765,1.60,3.20
2010.04.23 16:08:30.273,1.44735,1.44765,1.60,1.60
2010.04.23 16:08:32.228,1.44735,1.44765,1.60,4.10
2010.04.23 16:08:32.476,1.44735,1.44765,1.60,5.70
2010.04.23 16:08:32.598,1.4473,1.4476,1.60,1.60
2010.04.23 16:08:33.070,1.44725,1.44755,4.80,1.60
2010.04.23 16:08:33.193,1.4473,1.4476,1.60,4.10
2010.04.23 16:08:33.544,1.4473,1.4476,4.00,3.30
2010.04.23 16:08:36.268,1.4473,1.4476,4.00,1.60
2010.04.23 16:08:37.939,1.4473,1.4476,1.60,1.60
2010.04.23 16:08:40.415,1.44725,1.44755,3.20,1.60
2010.04.23 16:08:41.073,1.44725,1.44755,1.60,1.60
2010.04.23 16:08:41.712,1.4472,1.4475,1.60,1.60
2010.04.23 16:08:43.040,1.44725,1.44755,1.60,1.60
2010.04.23 16:08:44.588,1.4473,1.4476,1.60,6.90
2010.04.23 16:08:44.806,1.4473,1.4476,1.60,1.60
2010.04.23 16:08:45.561,1.44725,1.44755,2.60,1.60
2010.04.23 16:08:45.870,1.44725,1.4476,3.20,4.00
2010.04.23 16:08:46.507,1.4473,1.4476,4.80,1.60
2010.04.23 16:08:46.865,1.44725,1.44755,3.60,1.60
2010.04.23 16:08:47.208,1.4473,1.4476,1.60,1.60
2010.04.23 16:08:48.379,1.44735,1.44765,1.60,6.80
2010.04.23 16:08:48.701,1.44735,1.44765,1.60,4.00
2010.04.23 16:08:49.016,1.44725,1.4475,6.00,1.60
2010.04.23 16:08:49.601,1.44725,1.4476,5.20,2.50
2010.04.23 16:08:49.932,1.44725,1.4476,4.80,1.70
2010.04.23 16:08:50.602,1.4472,1.44755,5.00,1.60
2010.04.23 16:08:51.215,1.4472,1.44755,1.60,1.60
2010.04.23 16:08:54.346,1.4473,1.4476,1.60,4.10
2010.04.23 16:08:54.565,1.4473,1.4476,1.60,6.50
2010.04.23 16:08:54.633,1.4473,1.4476,1.60,7.20
2010.04.23 16:08:54.774,1.4472,1.44755,1.60,1.60
2010.04.23 16:08:55.133,1.4472,1.44755,4.00,1.60
2010.04.23 16:08:56.315,1.4472,1.4475,2.40,1.60
2010.04.23 16:08:56.442,1.44725,1.44755,1.60,1.60
2010.04.23 16:08:57.399,1.4472,1.4475,2.60,1.60
2010.04.23 16:08:57.744,1.4472,1.4475,1.60,1.60
2010.04.23 16:09:01.327,1.44725,1.44755,1.60,1.60
2010.04.23 16:09:02.270,1.44735,1.4476,1.60,1.60
2010.04.23 16:09:02.870,1.4473,1.4476,1.60,3.20
2010.04.23 16:09:08.613,1.4473,1.4476,1.60,5.60
2010.04.23 16:09:10.669,1.4473,1.4476,1.60,4.00
2010.04.23 16:09:10.760,1.44735,1.4476,1.60,2.40
2010.04.23 16:09:11.089,1.44735,1.44765,1.60,6.90
2010.04.23 16:09:11.184,1.44735,1.44765,1.60,4.10
2010.04.23 16:09:12.781,1.4473,1.4476,1.60,1.60
2010.04.23 16:09:13.173,1.4473,1.4476,1.60,4.00
2010.04.23 16:09:13.706,1.44735,1.4476,1.60,2.40
2010.04.23 16:09:13.965,1.44735,1.44765,1.60,4.00
2010.04.23 16:09:14.676,1.44735,1.44765,1.60,1.60
2010.04.23 16:09:15.025,1.4473,1.4476,2.60,1.60
2010.04.23 16:09:15.365,1.4473,1.4476,1.60,1.60
2010.04.23 16:09:15.715,1.4473,1.44755,1.60,1.00
2010.04.23 16:09:16.032,1.4473,1.4476,1.60,4.00
2010.04.23 16:09:21.911,1.44725,1.44755,1.60,1.90
2010.04.23 16:09:22.117,1.44715,1.44745,2.00,1.60
2010.04.23 16:09:22.463,1.44725,1.44745,1.60,5.20
2010.04.23 16:09:22.816,1.44725,1.4475,1.60,5.30
2010.04.23 16:09:23.162,1.44725,1.44755,1.60,8.50
2010.04.23 16:09:23.508,1.44725,1.44755,1.60,7.10
2010.04.23 16:09:23.849,1.44725,1.44755,1.60,7.20
2010.04.23 16:09:24.200,1.4473,1.44755,1.60,4.80
2010.04.23 16:09:24.356,1.4473,1.4476,1.60,7.70
2010.04.23 16:09:24.756,1.4473,1.4476,1.60,7.30
2010.04.23 16:09:24.913,1.4473,1.4476,1.60,7.00
2010.04.23 16:09:26.209,1.4474,1.44765,1.60,4.00
2010.04.23 16:09:26.691,1.4474,1.44765,1.60,1.20
2010.04.23 16:09:26.945,1.44725,1.4475,1.00,1.60
2010.04.23 16:09:27.188,1.44725,1.4475,1.00,1.60
2010.04.23 16:09:27.732,1.4472,1.4475,1.60,1.60
2010.04.23 16:09:28.418,1.4472,1.4475,1.60,4.00
2010.04.23 16:09:28.694,1.4472,1.4475,1.60,4.40
2010.04.23 16:09:29.710,1.44725,1.44755,1.60,4.00
2010.04.23 16:09:29.896,1.4472,1.4475,4.10,1.60
2010.04.23 16:09:30.089,1.4472,1.4475,1.60,4.00
2010.04.23 16:09:30.466,1.4472,1.4475,1.60,1.60
2010.04.23 16:09:30.803,1.4472,1.4475,1.60,4.00
2010.04.23 16:09:32.056,1.4472,1.4474,1.60,5.60
2010.04.23 16:09:32.195,1.44715,1.4474,5.50,5.60
2010.04.23 16:09:32.335,1.44715,1.4474,1.60,5.60
2010.04.23 16:09:32.473,1.4472,1.4474,1.60,5.60
2010.04.23 16:09:32.615,1.4472,1.4474,1.60,1.00
2010.04.23 16:09:32.754,1.4472,1.44745,1.60,7.00
2010.04.23 16:09:33.339,1.4472,1.44745,1.60,7.10
2010.04.23 16:09:33.686,1.4472,1.44745,1.60,7.20
2010.04.23 16:09:33.855,1.4472,1.44745,1.60,7.10
2010.04.23 16:09:34.014,1.4472,1.44745,1.60,4.00
2010.04.23 16:09:34.173,1.4472,1.44745,1.60,1.60
2010.04.23 16:09:40.846,1.4472,1.44745,1.60,3.20
2010.04.23 16:09:40.981,1.4471,1.4474,1.60,1.60
2010.04.23 16:09:42.014,1.4471,1.4474,3.20,1.60
2010.04.23 16:09:42.625,1.4471,1.4474,4.10,1.60
2010.04.23 16:09:42.879,1.44715,1.44745,1.60,1.60
2010.04.23 16:09:45.129,1.44715,1.44745,2.60,1.60
2010.04.23 16:09:45.535,1.4472,1.4475,1.60,2.00
2010.04.23 16:09:45.671,1.4472,1.4475,1.60,1.60
2010.04.23 16:09:46.263,1.4473,1.4475,1.60,1.60
2010.04.23 16:09:46.404,1.4473,1.44755,1.60,2.00
2010.04.23 16:09:46.541,1.4473,1.44755,1.60,1.60
2010.04.23 16:09:50.417,1.4473,1.44755,1.60,3.20
2010.04.23 16:09:50.868,1.4473,1.44755,1.60,1.60
2010.04.23 16:09:56.700,1.4473,1.44755,1.60,3.20
2010.04.23 16:10:00.912,1.4473,1.4476,1.60,5.60
2010.04.23 16:10:01.119,1.4473,1.4476,1.60,4.80
2010.04.23 16:10:01.558,1.4473,1.44765,1.60,8.80
2010.04.23 16:10:01.907,1.4473,1.44765,1.60,11.10
2010.04.23 16:10:02.888,1.4473,1.44765,1.60,10.90
2010.04.23 16:10:04.195,1.4473,1.44755,1.60,3.20
2010.04.23 16:10:04.301,1.4473,1.44755,1.60,1.60
2010.04.23 16:10:05.590,1.44735,1.44765,1.60,4.00
2010.04.23 16:10:13.347,1.4473,1.44755,1.60,1.60
2010.04.23 16:10:13.571,1.4473,1.44755,2.60,1.60
2010.04.23 16:10:13.794,1.4473,1.44755,1.60,1.60
2010.04.23 16:10:15.106,1.4473,1.44755,1.60,3.20
2010.04.23 16:10:20.642,1.4473,1.4475,1.60,1.00
2010.04.23 16:10:21.164,1.4472,1.44745,1.60,3.40
2010.04.23 16:10:21.408,1.4471,1.4474,2.60,4.00
2010.04.23 16:10:22.488,1.4471,1.44735,2.60,1.60
2010.04.23 16:10:22.836,1.447,1.4473,1.60,4.00
2010.04.23 16:10:24.136,1.44705,1.4473,1.00,4.00
2010.04.23 16:10:24.458,1.4471,1.44735,1.60,3.20
2010.04.23 16:10:24.583,1.4471,1.44735,2.60,1.60
2010.04.23 16:10:24.826,1.4471,1.4474,2.60,4.00
2010.04.23 16:10:25.212,1.4472,1.4474,1.60,2.40
2010.04.23 16:10:25.557,1.4471,1.4474,2.60,4.00
2010.04.23 16:10:26.251,1.4472,1.44745,1.60,4.10
2010.04.23 16:10:26.631,1.4472,1.44745,1.60,3.20
2010.04.23 16:10:26.970,1.44725,1.4475,1.60,2.40
2010.04.23 16:10:27.602,1.4473,1.4475,1.00,2.40
2010.04.23 16:10:27.943,1.44735,1.44755,1.60,5.30
2010.04.23 16:10:28.292,1.44735,1.4476,1.60,7.10
2010.04.23 16:10:29.323,1.44725,1.4475,1.60,2.40
2010.04.23 16:10:29.613,1.44735,1.4475,1.60,2.40
2010.04.23 16:10:29.904,1.44725,1.4475,3.20,1.60
2010.04.23 16:10:30.242,1.4473,1.44755,1.60,1.00
2010.04.23 16:10:30.522,1.4473,1.4476,1.60,4.80
2010.04.23 16:10:31.345,1.44725,1.4475,1.60,1.60
2010.04.23 16:10:31.722,1.4472,1.44745,1.60,6.40
2010.04.23 16:10:32.025,1.4472,1.44745,1.60,1.60
2010.04.23 16:10:34.003,1.4473,1.4476,1.60,1.60
2010.04.23 16:10:36.451,1.44735,1.4476,1.60,1.60
2010.04.23 16:10:38.529,1.4474,1.44765,1.60,2.40
2010.04.23 16:10:38.719,1.4475,1.4477,1.60,2.40
2010.04.23 16:10:39.176,1.4475,1.4477,1.60,2.10
2010.04.23 16:10:39.374,1.4475,1.4477,1.60,1.60
2010.04.23 16:10:40.388,1.44735,1.4476,5.70,1.60
2010.04.23 16:10:40.421,1.44735,1.4476,1.60,1.60
2010.04.23 16:10:45.578,1.4474,1.44765,1.60,2.40
2010.04.23 16:10:45.981,1.4475,1.44775,1.60,8.90
2010.04.23 16:10:46.066,1.4475,1.44775,1.60,7.30
2010.04.23 16:10:46.146,1.4475,1.44775,1.60,4.40
2010.04.23 16:10:46.385,1.4475,1.44775,1.60,4.00
2010.04.23 16:10:46.729,1.4474,1.4477,1.60,5.20
2010.04.23 16:10:47.076,1.4474,1.4477,1.60,4.00
2010.04.23 16:10:50.427,1.44735,1.44755,3.20,3.00
2010.04.23 16:10:50.605,1.44735,1.44755,1.60,5.40
2010.04.23 16:10:50.786,1.44735,1.44755,1.60,5.30
2010.04.23 16:10:52.435,1.44735,1.44765,1.60,4.80
2010.04.23 16:10:55.315,1.44735,1.44765,1.60,5.00
2010.04.23 16:10:55.336,1.44735,1.44765,1.60,10.20
2010.04.23 16:10:55.977,1.4473,1.44755,3.20,1.60
2010.04.23 16:10:59.293,1.44735,1.4476,1.60,1.00
2010.04.23 16:10:59.433,1.44735,1.44765,1.60,6.00
2010.04.23 16:10:59.572,1.44735,1.44765,1.60,4.40
2010.04.23 16:10:59.711,1.44735,1.44765,1.60,6.00
2010.04.23 16:11:00.602,1.44735,1.44765,1.60,3.60
2010.04.23 16:11:00.973,1.44735,1.44765,1.60,6.00
2010.04.23 16:11:05.424,1.44735,1.44765,1.60,8.40
2010.04.23 16:11:05.521,1.44735,1.44765,1.60,9.20
2010.04.23 16:11:06.507,1.4472,1.4475,2.00,4.00
2010.04.23 16:11:06.856,1.4472,1.4475,2.00,6.90
2010.04.23 16:11:07.117,1.44715,1.4474,3.20,2.40
2010.04.23 16:11:07.373,1.44715,1.4474,1.60,3.10
2010.04.23 16:11:09.340,1.44715,1.4474,3.20,3.10
2010.04.23 16:11:09.431,1.44715,1.4474,4.80,2.40
2010.04.23 16:11:09.700,1.4472,1.4474,1.60,2.40
2010.04.23 16:11:09.791,1.4472,1.44745,1.60,4.00
2010.04.23 16:11:11.600,1.4472,1.44745,4.80,4.00
2010.04.23 16:11:11.743,1.44725,1.44745,3.20,2.40
2010.04.23 16:11:11.882,1.44725,1.4475,4.80,2.80
2010.04.23 16:11:12.020,1.44725,1.4475,1.60,2.40
2010.04.23 16:11:12.485,1.44725,1.4475,1.60,3.60
2010.04.23 16:11:12.632,1.4472,1.44745,1.60,1.60
2010.04.23 16:11:12.988,1.44715,1.44745,3.20,6.40
2010.04.23 16:11:13.334,1.44715,1.44745,3.20,7.00
2010.04.23 16:11:13.813,1.44715,1.44745,3.20,7.20
2010.04.23 16:11:14.238,1.4472,1.44745,1.60,2.40
2010.04.23 16:11:14.441,1.4472,1.44745,1.60,1.60
2010.04.23 16:11:17.231,1.44715,1.44745,1.60,2.40
2010.04.23 16:11:17.541,1.44715,1.44745,1.60,7.10
2010.04.23 16:11:18.329,1.44715,1.44745,1.60,4.00
2010.04.23 16:11:19.015,1.4472,1.4475,1.60,1.60
2010.04.23 16:11:19.366,1.4473,1.44755,1.60,4.10
2010.04.23 16:11:19.468,1.44725,1.44745,1.00,1.60
2010.04.23 16:11:19.567,1.4472,1.44745,1.60,1.60
2010.04.23 16:11:28.649,1.44715,1.44745,1.60,6.80
2010.04.23 16:11:30.984,1.44715,1.44745,1.60,7.00
2010.04.23 16:11:31.275,1.44715,1.44745,1.60,12.20
2010.04.23 16:11:31.569,1.44715,1.4474,3.20,2.40
2010.04.23 16:11:31.857,1.44715,1.44745,3.20,6.40
2010.04.23 16:11:32.206,1.44715,1.44745,3.20,7.10
2010.04.23 16:11:32.574,1.44715,1.44745,3.20,6.40
2010.04.23 16:11:32.924,1.4472,1.44745,1.60,1.60
2010.04.23 16:11:33.214,1.44715,1.44735,2.30,1.60
2010.04.23 16:11:33.499,1.44715,1.44735,1.60,1.60
2010.04.23 16:11:41.415,1.4471,1.44735,1.60,1.60
2010.04.23 16:11:44.393,1.44715,1.4474,1.60,5.50
2010.04.23 16:11:44.975,1.44715,1.44745,1.60,7.10
2010.04.23 16:11:45.365,1.44715,1.44745,2.40,7.10
2010.04.23 16:11:45.566,1.4472,1.44745,1.60,2.40
2010.04.23 16:11:45.763,1.4472,1.44745,1.60,1.60
2010.04.23 16:11:47.381,1.44715,1.44745,2.40,1.60
2010.04.23 16:11:47.441,1.44715,1.44745,1.60,1.60
2010.04.23 16:11:47.631,1.44715,1.44745,1.60,2.00
2010.04.23 16:11:47.801,1.44715,1.44745,1.60,4.40
2010.04.23 16:11:47.861,1.44715,1.44745,1.60,6.80
2010.04.23 16:11:48.080,1.44715,1.44745,1.60,6.40
2010.04.23 16:11:48.742,1.44715,1.44745,1.60,4.00
2010.04.23 16:11:50.402,1.4471,1.44735,2.40,1.60
2010.04.23 16:11:50.561,1.44705,1.44735,1.60,4.00
2010.04.23 16:11:50.892,1.44705,1.44735,1.60,1.60
2010.04.23 16:11:51.217,1.4471,1.4474,1.60,1.60
2010.04.23 16:11:52.883,1.4471,1.4474,2.40,1.60
2010.04.23 16:11:53.193,1.4471,1.4474,1.60,4.00
2010.04.23 16:11:55.829,1.4471,1.4474,1.60,5.60
2010.04.23 16:11:55.989,1.4471,1.4473,1.60,1.60
2010.04.23 16:11:56.685,1.4471,1.4474,1.60,6.80
2010.04.23 16:11:56.776,1.4471,1.4474,1.60,4.00
2010.04.23 16:11:58.416,1.447,1.4473,1.60,1.60
2010.04.23 16:12:00.308,1.447,1.4473,2.40,1.60
2010.04.23 16:12:00.803,1.447,1.4472,1.00,1.60
2010.04.23 16:12:00.997,1.44695,1.4472,4.40,1.60
2010.04.23 16:12:01.183,1.44695,1.4472,3.20,1.60
2010.04.23 16:12:01.875,1.4471,1.4473,1.60,1.60
2010.04.23 16:12:02.383,1.4471,1.4474,2.40,1.60
2010.04.23 16:12:02.519,1.4471,1.4474,1.60,4.80
2010.04.23 16:12:02.649,1.4471,1.4474,1.60,4.70
2010.04.23 16:12:03.387,1.4471,1.4474,1.60,4.00
2010.04.23 16:12:06.656,1.44715,1.4474,1.60,2.40
2010.04.23 16:12:06.797,1.44715,1.44745,1.60,1.70
2010.04.23 16:12:07.047,1.44715,1.44745,1.60,1.60
2010.04.23 16:12:08.930,1.44705,1.4473,9.50,1.60
2010.04.23 16:12:08.946,1.44705,1.4473,6.40,1.60
2010.04.23 16:12:09.037,1.447,1.4473,6.00,1.60
2010.04.23 16:12:09.107,1.447,1.4473,4.40,1.60
2010.04.23 16:12:09.130,1.447,1.4473,2.00,1.60
2010.04.23 16:12:09.450,1.447,1.4473,1.60,1.60
2010.04.23 16:12:09.776,1.447,1.4473,2.60,1.60
2010.04.23 16:12:09.807,1.44705,1.44735,1.60,8.70
2010.04.23 16:12:10.636,1.44705,1.44735,1.60,7.10
2010.04.23 16:12:11.506,1.44705,1.44735,1.60,8.70
2010.04.23 16:12:12.595,1.44705,1.44735,1.60,8.80
2010.04.23 16:12:13.833,1.44705,1.44735,1.60,8.90
2010.04.23 16:12:16.733,1.44705,1.44735,1.60,10.50
2010.04.23 16:12:18.872,1.44705,1.44735,1.60,10.40
2010.04.23 16:12:21.344,1.44705,1.44735,1.60,11.90
2010.04.23 16:12:22.224,1.44705,1.44735,1.60,12.30
2010.04.23 16:12:23.442,1.4471,1.44735,1.60,12.30
2010.04.23 16:12:23.638,1.4471,1.44735,1.60,5.70
2010.04.23 16:12:24.238,1.4471,1.44735,1.60,9.70
2010.04.23 16:12:24.399,1.44705,1.4473,1.60,1.60
2010.04.23 16:12:25.233,1.44705,1.4473,1.60,4.00
2010.04.23 16:12:27.222,1.44705,1.4473,1.60,2.40
2010.04.23 16:12:27.766,1.44705,1.44735,1.60,4.00
2010.04.23 16:12:29.220,1.4471,1.44735,1.00,4.00
2010.04.23 16:12:29.352,1.44705,1.44735,1.60,4.00
2010.04.23 16:12:29.879,1.44705,1.4473,4.80,1.60
2010.04.23 16:12:30.017,1.44705,1.4473,1.60,1.60
2010.04.23 16:12:30.145,1.44705,1.4473,1.60,4.00
2010.04.23 16:12:30.496,1.44705,1.4473,1.60,4.60
2010.04.23 16:12:30.851,1.44705,1.4473,1.60,2.40
2010.04.23 16:12:31.194,1.44705,1.44735,1.60,8.60
2010.04.23 16:12:31.512,1.44695,1.44725,3.20,1.60
2010.04.23 16:12:31.825,1.44705,1.4473,1.60,1.60
2010.04.23 16:12:36.361,1.44695,1.44715,2.50,1.60
2010.04.23 16:12:36.927,1.4469,1.44715,1.60,1.60
2010.04.23 16:12:37.641,1.4469,1.44715,3.20,1.60
2010.04.23 16:12:38.322,1.4469,1.44715,1.60,1.60
2010.04.23 16:12:38.612,1.4469,1.44715,1.80,1.60
2010.04.23 16:12:38.903,1.44705,1.4473,1.60,4.00
2010.04.23 16:12:39.189,1.44705,1.4473,1.60,1.60
2010.04.23 16:12:50.288,1.44705,1.4473,1.60,4.00
2010.04.23 16:12:50.530,1.44695,1.4472,1.60,1.60
2010.04.23 16:12:50.781,1.44695,1.4472,1.60,3.20
2010.04.23 16:12:51.030,1.44685,1.4471,1.60,1.60
2010.04.23 16:12:51.585,1.44685,1.4471,3.40,1.60
2010.04.23 16:12:51.915,1.44685,1.44715,2.40,1.00
2010.04.23 16:12:52.245,1.44685,1.44715,1.60,1.00
2010.04.23 16:12:52.566,1.44685,1.4472,1.60,1.60
2010.04.23 16:12:54.750,1.44685,1.4472,1.60,3.30
2010.04.23 16:12:54.862,1.44685,1.44715,1.60,5.50
2010.04.23 16:12:55.023,1.44685,1.4471,1.60,2.10
2010.04.23 16:12:55.190,1.44685,1.4471,1.60,2.20
2010.04.23 16:12:55.345,1.44685,1.4471,1.60,1.70
2010.04.23 16:12:56.376,1.4468,1.44705,1.00,1.60
2010.04.23 16:12:56.596,1.4467,1.44705,4.80,1.60
2010.04.23 16:12:57.036,1.44675,1.44705,1.60,1.60
2010.04.23 16:12:57.336,1.4468,1.4471,1.60,3.10
2010.04.23 16:12:58.012,1.44675,1.44705,3.60,1.60
2010.04.23 16:12:58.315,1.44675,1.44705,3.20,1.60
2010.04.23 16:12:58.634,1.44675,1.44705,1.60,1.60
2010.04.23 16:12:59.592,1.44675,1.44705,3.20,1.60
2010.04.23 16:12:59.997,1.44675,1.44705,1.60,1.60
2010.04.23 16:13:02.621,1.44675,1.44705,3.20,1.60
2010.04.23 16:13:02.753,1.4468,1.4471,1.60,3.10
2010.04.23 16:13:02.884,1.4468,1.44705,1.00,1.60
2010.04.23 16:13:03.436,1.44675,1.44705,2.40,1.60
2010.04.23 16:13:04.592,1.44675,1.44705,1.60,1.60
2010.04.23 16:13:05.002,1.4467,1.447,2.40,1.60
2010.04.23 16:13:05.091,1.4467,1.4469,1.00,1.60
2010.04.23 16:13:05.182,1.44665,1.4469,1.20,1.60
2010.04.23 16:13:05.271,1.44665,1.4469,2.00,1.60
2010.04.23 16:13:05.706,1.44665,1.44695,3.60,1.00
2010.04.23 16:13:05.915,1.44665,1.44705,6.30,1.60
2010.04.23 16:13:06.324,1.44675,1.44705,1.60,1.60
2010.04.23 16:13:07.691,1.44665,1.44705,12.20,1.60
2010.04.23 16:13:07.891,1.44665,1.44705,10.00,1.60
2010.04.23 16:13:08.410,1.44665,1.44705,9.60,1.60
2010.04.23 16:13:10.821,1.44675,1.44705,1.60,1.60
2010.04.23 16:13:11.460,1.44685,1.4471,1.60,4.00
2010.04.23 16:13:11.674,1.44685,1.4471,1.60,1.60
2010.04.23 16:13:12.873,1.4467,1.44705,7.20,1.60
2010.04.23 16:13:13.302,1.44685,1.4471,1.60,1.70
2010.04.23 16:13:13.604,1.44685,1.4471,1.60,1.60
2010.04.23 16:13:14.871,1.4468,1.44715,3.20,1.60
2010.04.23 16:13:15.031,1.4468,1.44715,1.60,2.40
2010.04.23 16:13:15.408,1.4468,1.4471,1.60,2.40
2010.04.23 16:13:19.981,1.44675,1.4471,1.60,7.20
2010.04.23 16:13:20.487,1.44675,1.4471,1.60,4.10
2010.04.23 16:13:21.577,1.44675,1.4471,1.60,4.00
2010.04.23 16:13:24.087,1.44675,1.4471,1.60,1.60
2010.04.23 16:13:26.367,1.44675,1.4471,3.20,1.60
2010.04.23 16:13:31.555,1.44675,1.4471,3.20,2.20
2010.04.23 16:13:31.837,1.44675,1.447,1.60,1.60
2010.04.23 16:13:32.026,1.4468,1.44705,1.60,4.00
2010.04.23 16:13:32.217,1.4468,1.44705,1.60,1.60
2010.04.23 16:13:39.588,1.44675,1.44705,1.60,6.90
2010.04.23 16:13:39.665,1.44675,1.44705,1.60,7.10
2010.04.23 16:13:41.392,1.44675,1.44705,1.60,7.00
2010.04.23 16:13:43.962,1.44675,1.44705,1.60,6.40
2010.04.23 16:13:44.842,1.44675,1.44705,1.60,4.00
2010.04.23 16:13:49.177,1.44675,1.447,1.60,1.60
2010.04.23 16:13:50.100,1.44675,1.447,1.60,4.00
2010.04.23 16:13:57.833,1.44675,1.447,1.60,7.00
2010.04.23 16:13:59.400,1.4468,1.447,1.60,5.30
2010.04.23 16:13:59.491,1.4468,1.447,1.60,2.40
2010.04.23 16:13:59.886,1.4468,1.44705,1.60,7.10
2010.04.23 16:14:00.082,1.4468,1.44705,1.60,4.00
2010.04.23 16:14:00.274,1.4468,1.44705,1.60,1.60
2010.04.23 16:14:00.469,1.4468,1.44705,1.60,1.70
2010.04.23 16:14:00.665,1.4468,1.4471,1.60,4.80
2010.04.23 16:14:01.070,1.4468,1.447,1.60,1.60
2010.04.23 16:14:01.421,1.4469,1.4471,2.60,1.60
2010.04.23 16:14:01.772,1.447,1.4471,1.00,1.60
2010.04.23 16:14:02.129,1.44705,1.4472,1.60,1.00
2010.04.23 16:14:02.473,1.447,1.4472,1.60,1.00
2010.04.23 16:14:02.819,1.447,1.44725,1.60,2.40
2010.04.23 16:14:08.618,1.447,1.4473,1.60,8.90
2010.04.23 16:14:09.085,1.447,1.4473,1.60,8.80
2010.04.23 16:14:11.565,1.447,1.44725,1.60,3.10
2010.04.23 16:14:13.767,1.447,1.44725,1.60,2.40
2010.04.23 16:14:18.333,1.447,1.4473,1.60,6.40
2010.04.23 16:14:18.681,1.447,1.44725,1.60,4.00
2010.04.23 16:14:19.032,1.447,1.44725,1.60,1.60
2010.04.23 16:14:19.231,1.447,1.44725,1.60,4.00
2010.04.23 16:14:19.431,1.447,1.4473,1.60,4.00
2010.04.23 16:14:19.624,1.447,1.4473,1.60,6.40
2010.04.23 16:14:19.814,1.447,1.4473,1.60,6.50
2010.04.23 16:14:20.283,1.447,1.44725,1.60,2.40
2010.04.23 16:14:20.622,1.44695,1.44725,1.00,8.00
2010.04.23 16:14:20.960,1.44695,1.4472,1.60,4.00
2010.04.23 16:14:21.595,1.44695,1.4472,1.60,1.60
2010.04.23 16:14:21.943,1.44695,1.44715,1.00,1.60
2010.04.23 16:14:22.292,1.44695,1.44725,1.60,6.40
2010.04.23 16:14:22.644,1.44685,1.4472,2.80,1.60
2010.04.23 16:14:22.938,1.44685,1.4472,1.60,1.60
2010.04.23 16:14:23.828,1.44695,1.44725,1.60,9.20
2010.04.23 16:14:24.176,1.44695,1.44725,1.60,6.10
2010.04.23 16:14:24.530,1.4469,1.44715,1.60,1.60
2010.04.23 16:14:24.879,1.44685,1.44715,1.60,6.40
2010.04.23 16:14:25.178,1.44685,1.44715,1.60,8.00
2010.04.23 16:14:25.721,1.44685,1.44715,1.60,8.60
2010.04.23 16:14:27.452,1.44685,1.44715,1.60,7.20
2010.04.23 16:14:28.025,1.4469,1.44715,1.60,2.20
2010.04.23 16:14:28.315,1.4469,1.44715,1.60,1.60
2010.04.23 16:14:29.219,1.4468,1.4471,1.60,1.60
2010.04.23 16:14:29.704,1.4469,1.44715,1.60,1.60
2010.04.23 16:14:30.778,1.4468,1.4471,1.60,1.60
2010.04.23 16:14:31.335,1.4468,1.4471,1.80,1.60
2010.04.23 16:14:31.618,1.4469,1.4472,1.60,1.60
2010.04.23 16:14:32.862,1.4469,1.4472,1.60,4.00
2010.04.23 16:14:34.063,1.44685,1.4472,1.60,4.00
2010.04.23 16:14:34.569,1.44685,1.4472,1.60,4.80
2010.04.23 16:14:34.875,1.44685,1.4472,1.60,4.70
2010.04.23 16:14:35.359,1.44685,1.44715,1.60,4.80
2010.04.23 16:14:35.605,1.44685,1.4472,1.60,4.70
2010.04.23 16:14:36.161,1.44685,1.4472,1.60,4.00
2010.04.23 16:14:36.411,1.44685,1.44715,1.60,2.90
2010.04.23 16:14:36.662,1.4469,1.44715,1.60,2.90
2010.04.23 16:14:36.922,1.4469,1.4472,1.60,1.60
2010.04.23 16:14:38.612,1.44705,1.4472,1.00,1.60
2010.04.23 16:14:38.772,1.44705,1.4472,1.00,3.20
2010.04.23 16:14:38.930,1.44705,1.4472,1.00,3.30
2010.04.23 16:14:39.080,1.4469,1.4471,1.00,1.60
2010.04.23 16:14:39.411,1.44685,1.4471,1.60,1.60
2010.04.23 16:14:49.937,1.44695,1.44715,1.60,5.90
2010.04.23 16:14:50.287,1.44695,1.44715,1.60,5.60
2010.04.23 16:14:50.325,1.44695,1.4472,1.60,7.30
2010.04.23 16:14:50.349,1.44695,1.4472,1.60,5.70
2010.04.23 16:14:50.446,1.44695,1.4472,1.60,3.30
2010.04.23 16:14:51.865,1.44695,1.4472,1.60,1.60
2010.04.23 16:14:52.206,1.44695,1.4472,1.60,3.20
2010.04.23 16:14:59.437,1.44695,1.4472,1.60,1.60
2010.04.23 16:15:00.463,1.44695,1.4472,1.60,2.40
2010.04.23 16:15:01.044,1.44685,1.4471,1.60,1.60
2010.04.23 16:15:01.392,1.44675,1.44705,3.20,1.60
2010.04.23 16:15:02.080,1.44685,1.4471,1.60,1.60
2010.04.23 16:15:03.334,1.44675,1.44705,1.60,1.60
2010.04.23 16:15:04.389,1.44685,1.4471,1.60,1.60
2010.04.23 16:15:06.814,1.44685,1.4471,2.60,1.60
2010.04.23 16:15:06.892,1.4469,1.44715,1.60,2.40
2010.04.23 16:15:07.308,1.4469,1.4472,1.60,6.10
2010.04.23 16:15:07.463,1.4469,1.4472,1.60,4.50
2010.04.23 16:15:07.548,1.4469,1.4472,1.60,4.40
2010.04.23 16:15:07.703,1.4469,1.4472,1.60,4.00
2010.04.23 16:15:08.045,1.44685,1.44715,1.00,1.60
2010.04.23 16:15:08.394,1.4469,1.4472,1.60,5.70
2010.04.23 16:15:09.363,1.4469,1.4472,1.60,5.80
2010.04.23 16:15:09.563,1.44675,1.44705,3.60,1.60
2010.04.23 16:15:09.762,1.44675,1.44705,1.60,1.60
2010.04.23 16:15:10.705,1.4468,1.44715,1.60,12.90
2010.04.23 16:15:11.038,1.44675,1.44705,1.60,1.60
2010.04.23 16:15:11.203,1.4468,1.4471,1.60,1.00
2010.04.23 16:15:11.373,1.4468,1.44715,1.60,4.50
2010.04.23 16:15:11.710,1.4468,1.44715,1.60,4.10
2010.04.23 16:15:13.053,1.4468,1.44715,1.60,1.70
2010.04.23 16:15:16.913,1.4468,1.44715,4.00,1.70
2010.04.23 16:15:17.226,1.44685,1.44715,1.60,1.00
2010.04.23 16:15:18.195,1.44685,1.44715,1.60,6.40
2010.04.23 16:15:18.382,1.44685,1.4471,1.60,1.60
2010.04.23 16:15:18.893,1.447,1.44715,1.60,1.00
2010.04.23 16:15:19.244,1.4469,1.44715,1.60,1.60
2010.04.23 16:15:19.918,1.4469,1.44715,1.60,2.40
2010.04.23 16:15:20.266,1.44685,1.44715,1.60,1.70
2010.04.23 16:15:20.614,1.4469,1.4472,1.60,2.40
2010.04.23 16:15:21.262,1.447,1.44725,1.60,5.60
2010.04.23 16:15:21.608,1.447,1.44725,1.60,3.20
2010.04.23 16:15:22.945,1.447,1.44725,1.60,1.60
2010.04.23 16:15:25.580,1.44705,1.4473,1.60,7.10
2010.04.23 16:15:25.628,1.44705,1.4473,1.60,5.50
2010.04.23 16:15:25.678,1.44705,1.4473,1.60,4.60
2010.04.23 16:15:26.125,1.4471,1.4473,1.60,2.40
2010.04.23 16:15:26.187,1.4471,1.44735,1.60,2.90
2010.04.23 16:15:26.552,1.44695,1.44715,1.00,1.60
2010.04.23 16:15:27.181,1.4469,1.44715,2.80,1.60
2010.04.23 16:15:27.536,1.44685,1.44715,5.20,1.60
2010.04.23 16:15:27.883,1.44695,1.4472,1.60,4.00
2010.04.23 16:15:28.534,1.44695,1.4472,4.20,1.60
2010.04.23 16:15:28.885,1.447,1.44725,1.60,1.60
2010.04.23 16:15:30.901,1.4471,1.44735,1.60,3.20
2010.04.23 16:15:31.247,1.4471,1.44735,1.60,1.60
2010.04.23 16:15:36.245,1.4471,1.44735,1.60,1.80
2010.04.23 16:15:36.317,1.4471,1.4473,1.60,4.80
2010.04.23 16:15:36.391,1.447,1.44725,1.60,1.60
2010.04.23 16:15:38.748,1.44705,1.4473,1.60,7.50
2010.04.23 16:15:38.910,1.447,1.44725,2.60,1.60
2010.04.23 16:15:39.067,1.447,1.4473,1.60,4.90
2010.04.23 16:15:39.229,1.447,1.4473,1.60,1.60
2010.04.23 16:15:41.116,1.447,1.44725,1.60,1.60
2010.04.23 16:15:44.559,1.447,1.44725,3.20,1.60
2010.04.23 16:15:44.859,1.4471,1.4473,1.60,4.80
2010.04.23 16:15:45.005,1.4471,1.44735,1.60,1.60
2010.04.23 16:15:45.534,1.4471,1.44735,1.60,3.20
2010.04.23 16:15:46.553,1.4471,1.44735,1.60,1.60
2010.04.23 16:15:46.978,1.4471,1.44735,1.60,1.80
2010.04.23 16:15:47.199,1.447,1.44725,1.60,1.60
2010.04.23 16:15:48.756,1.44695,1.4472,1.00,1.60
2010.04.23 16:15:49.105,1.4469,1.4472,1.60,1.60
2010.04.23 16:15:49.458,1.447,1.44725,1.60,7.20
2010.04.23 16:15:49.949,1.447,1.44725,1.60,6.40
2010.04.23 16:15:50.240,1.447,1.44725,1.60,1.60
2010.04.23 16:15:50.805,1.447,1.4473,1.60,7.50
2010.04.23 16:15:51.056,1.447,1.4473,1.60,1.60
2010.04.23 16:15:53.170,1.4471,1.44735,1.60,6.40
2010.04.23 16:15:53.325,1.4471,1.44735,1.60,1.60
2010.04.23 16:15:59.541,1.4472,1.4474,1.60,5.80
2010.04.23 16:15:59.671,1.4472,1.4473,1.60,1.00
2010.04.23 16:15:59.802,1.44705,1.44725,2.40,1.60
2010.04.23 16:16:00.231,1.44695,1.44725,1.60,1.60
2010.04.23 16:16:02.911,1.44705,1.4473,1.60,6.30
2010.04.23 16:16:03.039,1.44705,1.4473,1.60,2.30
2010.04.23 16:16:03.170,1.44705,1.4473,1.60,1.60
2010.04.23 16:16:03.669,1.44715,1.44735,1.60,13.80
2010.04.23 16:16:04.018,1.44705,1.4473,1.60,3.20
2010.04.23 16:16:04.361,1.447,1.4472,1.60,1.60
2010.04.23 16:16:06.712,1.4469,1.44715,1.60,1.00
2010.04.23 16:16:07.019,1.44685,1.4471,1.60,1.60
2010.04.23 16:16:08.661,1.44685,1.4471,2.60,1.60
2010.04.23 16:16:08.894,1.44685,1.4471,1.60,1.60
2010.04.23 16:16:10.001,1.44685,1.4471,3.20,1.60
2010.04.23 16:16:10.140,1.4469,1.44715,1.60,5.20
2010.04.23 16:16:10.279,1.4469,1.4472,1.60,6.90
2010.04.23 16:16:10.819,1.4469,1.44715,1.60,1.00
2010.04.23 16:16:10.958,1.4469,1.44715,1.60,2.40
2010.04.23 16:16:11.280,1.44685,1.4471,1.60,1.60
2010.04.23 16:16:14.948,1.447,1.44725,1.60,4.00
2010.04.23 16:16:15.061,1.447,1.44725,1.60,1.60
2010.04.23 16:16:15.389,1.4469,1.4472,1.60,1.60
2010.04.23 16:16:16.877,1.44695,1.4472,1.00,1.60
2010.04.23 16:16:17.056,1.447,1.44725,1.60,1.60
2010.04.23 16:16:20.481,1.44705,1.4473,1.60,2.40
2010.04.23 16:16:20.617,1.44705,1.44735,1.60,11.80
2010.04.23 16:16:21.232,1.44705,1.44735,1.60,12.00
2010.04.23 16:16:21.526,1.44705,1.44735,1.60,12.10
2010.04.23 16:16:22.785,1.447,1.44725,2.60,1.60
2010.04.23 16:16:23.290,1.44695,1.4472,1.60,1.60
2010.04.23 16:16:23.575,1.44695,1.4472,1.60,3.20
2010.04.23 16:16:23.715,1.44695,1.4472,1.60,1.60
2010.04.23 16:16:25.707,1.44695,1.4472,2.60,1.60
2010.04.23 16:16:25.937,1.44695,1.4472,1.60,1.60
2010.04.23 16:16:26.385,1.44695,1.44725,1.60,6.90
2010.04.23 16:16:26.908,1.44695,1.44725,1.60,7.20
2010.04.23 16:16:27.179,1.44695,1.44725,1.60,4.80
2010.04.23 16:16:27.824,1.447,1.44725,1.00,4.80
2010.04.23 16:16:28.016,1.44705,1.44725,1.60,3.10
2010.04.23 16:16:28.214,1.44705,1.4473,1.60,4.00
2010.04.23 16:16:29.768,1.44705,1.4473,1.60,6.40
2010.04.23 16:16:30.367,1.44705,1.44725,1.60,1.60
2010.04.23 16:16:30.530,1.447,1.4472,1.60,1.60
2010.04.23 16:16:30.686,1.447,1.4472,1.60,3.20
2010.04.23 16:16:32.038,1.447,1.44715,1.60,1.00
2010.04.23 16:16:32.325,1.4469,1.4472,1.60,1.60
2010.04.23 16:16:32.614,1.447,1.44725,1.60,2.00
2010.04.23 16:16:32.929,1.447,1.44725,1.60,1.60
2010.04.23 16:16:33.274,1.447,1.44725,1.60,2.00
2010.04.23 16:16:35.231,1.4469,1.4472,1.60,1.60
2010.04.23 16:16:35.593,1.447,1.44725,1.60,2.00
2010.04.23 16:16:36.268,1.44695,1.4472,1.00,1.60
2010.04.23 16:16:36.514,1.4469,1.4472,1.60,1.60
2010.04.23 16:16:36.765,1.447,1.4472,2.60,1.60
2010.04.23 16:16:37.275,1.4469,1.4472,4.60,3.60
2010.04.23 16:16:37.628,1.4469,1.4472,1.60,3.60
2010.04.23 16:16:38.313,1.4468,1.4471,5.20,4.40
2010.04.23 16:16:38.661,1.4468,1.4471,1.60,4.40
2010.04.23 16:16:40.251,1.4468,1.4471,1.60,2.00
2010.04.23 16:16:41.951,1.4469,1.44715,1.60,5.10
2010.04.23 16:16:42.159,1.4469,1.44715,1.60,4.40
2010.04.23 16:16:42.696,1.4469,1.44715,1.60,2.00
2010.04.23 16:16:44.093,1.4469,1.44715,1.60,2.20
2010.04.23 16:16:44.333,1.4469,1.44695,1.60,1.60
2010.04.23 16:16:44.503,1.4465,1.4469,1.60,4.00
2010.04.23 16:16:45.034,1.44645,1.4469,2.60,6.10
2010.04.23 16:16:45.202,1.44645,1.4469,1.60,6.10
2010.04.23 16:16:47.141,1.4465,1.4467,1.60,1.60
2010.04.23 16:16:47.592,1.4464,1.4467,1.60,3.60
2010.04.23 16:16:48.090,1.4464,1.4467,1.60,4.20
2010.04.23 16:16:48.338,1.4464,1.4467,1.60,3.60
2010.04.23 16:16:49.374,1.44645,1.4467,1.60,3.60
2010.04.23 16:16:49.421,1.4465,1.4467,1.60,3.60
2010.04.23 16:16:49.470,1.4465,1.4467,1.60,3.20
2010.04.23 16:16:49.523,1.44645,1.44665,1.60,1.60
2010.04.23 16:16:49.617,1.4464,1.44665,1.60,1.60
2010.04.23 16:16:50.042,1.4465,1.44675,1.60,2.20
2010.04.23 16:16:50.176,1.4465,1.44675,1.60,1.60
2010.04.23 16:16:53.439,1.44655,1.4468,1.60,3.60
2010.04.23 16:16:53.860,1.44655,1.4468,1.60,3.20
2010.04.23 16:16:54.190,1.44645,1.4467,3.90,1.60
2010.04.23 16:16:54.510,1.44645,1.4467,3.20,1.60
2010.04.23 16:16:56.408,1.44645,1.4467,1.60,1.60
2010.04.23 16:16:57.026,1.44645,1.4467,3.20,1.60
2010.04.23 16:16:57.359,1.44645,1.44675,3.80,2.40
2010.04.23 16:16:57.943,1.44645,1.44675,4.20,1.60
2010.04.23 16:16:58.558,1.44645,1.44675,6.60,1.60
2010.04.23 16:16:59.249,1.44655,1.44685,1.60,4.20
2010.04.23 16:16:59.519,1.44655,1.44685,3.20,3.70
2010.04.23 16:17:00.030,1.44645,1.44675,8.20,1.60
2010.04.23 16:17:01.137,1.44655,1.4468,1.60,1.60
2010.04.23 16:17:01.786,1.4466,1.44685,1.60,3.70
2010.04.23 16:17:04.953,1.4466,1.44685,1.60,5.30
2010.04.23 16:17:05.034,1.4465,1.44675,2.60,1.60
2010.04.23 16:17:05.114,1.4465,1.44675,1.60,2.00
2010.04.23 16:17:06.628,1.44665,1.4468,1.60,4.40
2010.04.23 16:17:06.854,1.44655,1.4468,1.60,4.50
2010.04.23 16:17:07.069,1.4465,1.44675,1.60,1.60
2010.04.23 16:17:07.593,1.44645,1.4467,2.60,1.60
2010.04.23 16:17:07.812,1.44645,1.4467,5.60,1.60
2010.04.23 16:17:09.399,1.4465,1.44675,1.60,1.60
2010.04.23 16:17:10.247,1.44655,1.44675,1.60,1.00
2010.04.23 16:17:10.345,1.4465,1.44675,1.00,1.60
2010.04.23 16:17:10.542,1.44645,1.44675,3.20,2.00
2010.04.23 16:17:10.976,1.44645,1.44675,3.20,1.60
2010.04.23 16:17:11.330,1.44665,1.44685,1.60,5.70
2010.04.23 16:17:11.676,1.44665,1.44685,1.60,1.60
2010.04.23 16:17:12.949,1.4467,1.4469,1.60,2.00
2010.04.23 16:17:13.237,1.44665,1.44685,1.60,1.60
2010.04.23 16:17:14.070,1.44665,1.44685,1.60,3.20
2010.04.23 16:17:14.612,1.4465,1.44675,1.60,1.60
2010.04.23 16:17:14.837,1.4466,1.4468,1.60,1.00
2010.04.23 16:17:15.065,1.4465,1.44675,1.60,1.60
2010.04.23 16:17:17.425,1.44655,1.44685,1.60,8.50
2010.04.23 16:17:17.574,1.4465,1.44675,1.00,1.60
2010.04.23 16:17:17.671,1.44645,1.44675,6.30,1.60
2010.04.23 16:17:18.117,1.44655,1.4468,1.60,4.80
2010.04.23 16:17:18.226,1.44655,1.44685,1.60,3.20
2010.04.23 16:17:18.350,1.44655,1.44685,1.60,1.60
2010.04.23 16:17:21.072,1.4465,1.44675,2.60,1.60
2010.04.23 16:17:21.263,1.4465,1.44675,1.60,1.60
2010.04.23 16:17:21.672,1.44645,1.4467,2.60,1.60
2010.04.23 16:17:21.872,1.44645,1.4467,1.60,1.60
2010.04.23 16:17:23.866,1.4465,1.44675,1.60,1.60
2010.04.23 16:17:34.423,1.44665,1.44685,1.60,8.90
2010.04.23 16:17:34.633,1.4465,1.44675,4.00,1.60
2010.04.23 16:17:34.758,1.4465,1.44675,1.60,1.60
2010.04.23 16:17:34.878,1.4465,1.44675,2.30,1.60
2010.04.23 16:17:35.332,1.4465,1.44675,1.60,1.60
2010.04.23 16:17:39.480,1.44655,1.44685,1.60,7.30
2010.04.23 16:17:39.771,1.44655,1.44685,1.60,1.60
2010.04.23 16:17:41.147,1.44665,1.44685,1.60,1.60
2010.04.23 16:17:46.829,1.44655,1.4468,1.60,1.60
2010.04.23 16:17:51.154,1.44655,1.4468,1.60,3.20
2010.04.23 16:17:52.469,1.44665,1.4468,1.60,1.60
2010.04.23 16:17:52.665,1.44645,1.4467,4.80,1.60
2010.04.23 16:17:52.840,1.4465,1.44675,1.60,1.00
2010.04.23 16:17:53.249,1.4465,1.4468,1.60,3.20
2010.04.23 16:17:53.593,1.4465,1.4468,1.60,1.60
2010.04.23 16:17:53.934,1.44645,1.4467,1.60,1.60
2010.04.23 16:17:58.703,1.44655,1.4468,1.60,3.20
2010.04.23 16:17:59.567,1.44645,1.4467,1.60,1.60
2010.04.23 16:18:05.464,1.44655,1.4468,1.60,3.20
2010.04.23 16:18:07.042,1.44645,1.44665,1.60,1.60
2010.04.23 16:18:08.976,1.4465,1.4467,1.60,1.60
2010.04.23 16:18:09.193,1.4466,1.4467,1.60,1.60
2010.04.23 16:18:09.828,1.4466,1.44675,1.60,3.00
2010.04.23 16:18:10.352,1.44665,1.44675,1.60,2.80
2010.04.23 16:18:10.617,1.44665,1.4468,1.60,1.60
2010.04.23 16:18:15.837,1.44665,1.44685,1.60,4.00
2010.04.23 16:18:16.037,1.44675,1.44685,1.60,4.00
2010.04.23 16:18:16.137,1.44675,1.44685,1.60,4.00
2010.04.23 16:18:16.238,1.44675,1.4468,1.60,1.60
2010.04.23 16:18:23.530,1.4468,1.44685,1.60,2.30
2010.04.23 16:18:23.839,1.4468,1.4469,1.60,1.60
2010.04.23 16:18:24.149,1.44665,1.4468,4.30,1.60
2010.04.23 16:18:24.754,1.44685,1.4469,1.60,1.00
2010.04.23 16:18:24.989,1.44685,1.44695,1.60,1.00
2010.04.23 16:18:25.227,1.44685,1.447,1.60,6.40
2010.04.23 16:18:25.687,1.44685,1.447,1.60,2.40
2010.04.23 16:18:26.293,1.44685,1.447,1.60,2.40
2010.04.23 16:18:26.977,1.44685,1.447,1.60,2.50
2010.04.23 16:18:29.369,1.44685,1.447,1.60,2.40
2010.04.23 16:18:29.629,1.44685,1.44705,1.60,3.20
2010.04.23 16:18:29.888,1.4469,1.44705,1.60,1.00
2010.04.23 16:18:30.356,1.4469,1.4471,1.60,7.00
2010.04.23 16:18:30.538,1.4469,1.4471,1.60,6.60
2010.04.23 16:18:30.715,1.4469,1.4471,1.60,4.90
2010.04.23 16:18:30.888,1.4469,1.4471,1.60,7.60
2010.04.23 16:18:31.176,1.44695,1.4471,1.60,5.40
2010.04.23 16:18:31.464,1.44695,1.44715,1.60,5.30
2010.04.23 16:18:32.013,1.447,1.4472,1.60,5.20
2010.04.23 16:18:32.287,1.447,1.4472,1.60,5.70
2010.04.23 16:18:33.106,1.447,1.4472,1.60,5.90
2010.04.23 16:18:33.367,1.44695,1.4471,1.60,2.40
2010.04.23 16:18:33.901,1.44685,1.44705,3.20,4.80
2010.04.23 16:18:34.166,1.44685,1.44705,3.20,5.60
2010.04.23 16:18:34.434,1.44685,1.44705,1.60,5.60
2010.04.23 16:18:35.810,1.44685,1.44705,1.60,5.70
2010.04.23 16:18:37.750,1.44685,1.44705,1.60,5.60
2010.04.23 16:18:38.710,1.44685,1.44705,1.60,7.20
2010.04.23 16:18:38.872,1.44685,1.44705,1.60,6.40
2010.04.23 16:18:39.101,1.44685,1.44705,1.60,6.80
2010.04.23 16:18:40.237,1.44685,1.44705,1.60,2.00
2010.04.23 16:18:40.661,1.44685,1.44705,1.60,4.90
2010.04.23 16:18:40.730,1.44685,1.44705,1.60,7.30
2010.04.23 16:18:41.810,1.44685,1.44705,1.60,9.00
2010.04.23 16:18:43.979,1.44685,1.44705,1.60,8.80
2010.04.23 16:18:44.180,1.4469,1.44705,1.60,8.40
2010.04.23 16:18:44.654,1.4469,1.44705,1.60,8.00
2010.04.23 16:18:44.864,1.4469,1.44705,1.60,3.20
2010.04.23 16:18:45.439,1.4469,1.44705,1.60,1.60
2010.04.23 16:18:45.685,1.44685,1.44705,1.60,2.00
2010.04.23 16:18:46.212,1.44685,1.44705,1.60,5.80
2010.04.23 16:18:48.997,1.44685,1.44705,1.60,7.40
2010.04.23 16:18:51.669,1.44685,1.44705,1.60,7.00
2010.04.23 16:18:51.777,1.4469,1.44705,1.60,4.60
2010.04.23 16:18:51.889,1.4469,1.44705,1.60,1.60
2010.04.23 16:18:52.098,1.4469,1.4471,1.60,6.80
2010.04.23 16:18:52.308,1.4469,1.44705,1.60,1.60
2010.04.23 16:18:53.061,1.4469,1.4471,1.60,6.80
2010.04.23 16:18:53.388,1.4469,1.44705,1.60,1.60
2010.04.23 16:19:01.620,1.4469,1.4471,1.60,3.60
2010.04.23 16:19:04.026,1.4469,1.4471,1.60,2.00
2010.04.23 16:19:08.395,1.4469,1.44705,1.60,1.60
2010.04.23 16:19:09.077,1.447,1.44715,1.60,4.80
2010.04.23 16:19:09.347,1.4469,1.44715,1.60,3.50
2010.04.23 16:19:09.614,1.4469,1.44715,1.60,2.80
2010.04.23 16:19:09.874,1.4469,1.44715,1.60,4.40
2010.04.23 16:19:10.065,1.4469,1.4471,1.60,2.00
2010.04.23 16:19:10.564,1.4469,1.4471,1.60,2.00
2010.04.23 16:19:10.753,1.4469,1.4471,1.60,1.00
2010.04.23 16:19:10.943,1.4469,1.4471,1.60,1.00
2010.04.23 16:19:11.222,1.4469,1.44715,1.60,11.10
2010.04.23 16:19:13.360,1.4469,1.44715,1.60,9.40
2010.04.23 16:19:15.325,1.4469,1.44715,1.60,9.00
2010.04.23 16:19:18.130,1.4469,1.44715,1.60,8.20
2010.04.23 16:19:18.201,1.4469,1.44715,1.60,5.80
2010.04.23 16:19:18.340,1.4469,1.44715,1.60,6.40
2010.04.23 16:19:19.554,1.4469,1.44715,1.60,4.00
2010.04.23 16:19:20.119,1.4469,1.44715,1.60,2.40
2010.04.23 16:19:21.066,1.4469,1.4471,1.60,1.60
2010.04.23 16:19:22.819,1.4469,1.44715,1.60,10.30
2010.04.23 16:19:23.000,1.4469,1.44715,1.60,8.70
2010.04.23 16:19:23.179,1.4469,1.44715,1.60,10.30
2010.04.23 16:19:23.610,1.4469,1.44715,1.60,10.40
2010.04.23 16:19:25.148,1.4469,1.44715,1.60,8.80
2010.04.23 16:19:26.453,1.4469,1.44715,1.60,6.40
2010.04.23 16:19:26.941,1.4469,1.4472,1.60,8.60
2010.04.23 16:19:27.220,1.447,1.4472,1.60,2.30
2010.04.23 16:19:27.491,1.447,1.44725,1.60,12.00
2010.04.23 16:19:29.868,1.447,1.4472,1.60,1.60
2010.04.23 16:19:31.069,1.44695,1.44715,1.00,1.60
2010.04.23 16:19:31.198,1.4469,1.44715,1.60,1.60
2010.04.23 16:19:31.268,1.4469,1.44715,1.60,1.70
2010.04.23 16:19:31.311,1.44695,1.44715,1.00,1.70
2010.04.23 16:19:31.643,1.447,1.44715,1.60,1.00
2010.04.23 16:19:31.910,1.44695,1.44715,1.00,3.30
2010.04.23 16:19:32.181,1.4469,1.44715,1.60,4.10
2010.04.23 16:19:33.329,1.447,1.44715,1.60,2.40
2010.04.23 16:19:33.500,1.447,1.44715,1.60,1.00
2010.04.23 16:19:35.592,1.4469,1.44715,1.60,1.00
2010.04.23 16:19:35.781,1.4469,1.44715,1.60,2.40
2010.04.23 16:19:40.195,1.4469,1.44715,1.60,3.20
2010.04.23 16:19:40.777,1.4469,1.44715,1.60,7.20
2010.04.23 16:19:40.899,1.4469,1.44715,1.60,7.00
2010.04.23 16:19:41.020,1.44695,1.44715,1.60,2.40
2010.04.23 16:19:41.361,1.44695,1.4472,1.60,4.20
2010.04.23 16:19:42.010,1.44695,1.4472,1.60,1.80
2010.04.23 16:19:42.785,1.44695,1.4472,1.60,1.60
2010.04.23 16:19:43.414,1.44705,1.44725,1.60,3.10
2010.04.23 16:19:43.928,1.44705,1.44725,1.60,2.40
2010.04.23 16:19:44.114,1.4471,1.4473,1.60,1.00
2010.04.23 16:19:44.460,1.447,1.4473,2.40,3.30
2010.04.23 16:19:44.808,1.447,1.4473,1.60,3.30
2010.04.23 16:19:45.397,1.447,1.4473,1.60,4.90
2010.04.23 16:19:45.589,1.447,1.44725,1.60,2.40
2010.04.23 16:19:46.168,1.447,1.4473,1.60,11.10
2010.04.23 16:19:46.835,1.447,1.4473,1.60,11.20
2010.04.23 16:19:47.478,1.44705,1.4473,1.60,11.20
2010.04.23 16:19:49.425,1.44705,1.44725,1.60,2.40
2010.04.23 16:19:52.872,1.44705,1.4473,1.60,10.70
2010.04.23 16:20:00.551,1.44705,1.4473,1.60,10.40
2010.04.23 16:20:01.731,1.447,1.4473,1.60,10.40
2010.04.23 16:20:01.930,1.447,1.4473,1.60,8.80
2010.04.23 16:20:04.931,1.447,1.4472,1.60,1.60
2010.04.23 16:20:08.001,1.4469,1.44715,1.60,1.00
2010.04.23 16:20:08.528,1.44705,1.44715,1.60,2.80
2010.04.23 16:20:08.767,1.44715,1.44725,1.60,1.00
2010.04.23 16:20:09.115,1.44715,1.4473,1.60,1.00
2010.04.23 16:20:09.878,1.44715,1.4474,1.60,4.80
2010.04.23 16:20:12.198,1.44715,1.4474,1.60,4.00
2010.04.23 16:20:12.467,1.44715,1.4474,1.60,1.60
2010.04.23 16:20:14.000,1.44715,1.4474,1.60,7.10
2010.04.23 16:20:14.799,1.44715,1.4474,1.60,1.70
2010.04.23 16:20:17.987,1.44715,1.4474,1.60,4.10
2010.04.23 16:20:19.099,1.44715,1.4474,3.20,4.00
2010.04.23 16:20:19.328,1.4472,1.44745,1.60,1.00
2010.04.23 16:20:19.557,1.4472,1.4475,1.60,8.00
2010.04.23 16:20:20.556,1.4472,1.44745,1.60,1.60
2010.04.23 16:20:21.877,1.44725,1.4475,1.60,8.00
2010.04.23 16:20:22.009,1.44725,1.4475,1.60,5.40
2010.04.23 16:20:22.144,1.44725,1.4475,1.60,4.90
2010.04.23 16:20:22.516,1.44725,1.4475,1.60,5.70
2010.04.23 16:20:22.915,1.44725,1.44745,1.60,1.00
2010.04.23 16:20:23.265,1.44715,1.4474,1.60,1.60
2010.04.23 16:20:24.824,1.4472,1.44745,1.60,6.40
2010.04.23 16:20:24.958,1.4472,1.44745,1.60,1.60
2010.04.23 16:20:25.536,1.44725,1.4475,1.60,10.40
2010.04.23 16:20:25.669,1.44725,1.4475,1.60,5.60
2010.04.23 16:20:25.967,1.44725,1.4475,1.60,4.90
2010.04.23 16:20:27.088,1.44725,1.4475,1.60,3.30
2010.04.23 16:20:27.645,1.44725,1.4475,1.60,3.20
2010.04.23 16:20:29.173,1.44725,1.4475,1.60,4.80
2010.04.23 16:20:29.238,1.44725,1.4475,1.60,4.90
2010.04.23 16:20:30.192,1.44725,1.44745,1.60,1.00
2010.04.23 16:20:30.248,1.44715,1.4474,1.60,1.60
2010.04.23 16:20:30.357,1.44725,1.44745,1.60,7.90
2010.04.23 16:20:30.417,1.44725,1.44745,1.60,5.40
2010.04.23 16:20:30.467,1.44725,1.44745,1.60,6.00
2010.04.23 16:20:30.880,1.44715,1.44735,1.60,1.60
2010.04.23 16:20:30.951,1.44715,1.44735,3.20,1.60
2010.04.23 16:20:31.009,1.44725,1.4474,1.60,1.00
2010.04.23 16:20:31.164,1.44725,1.4474,1.60,1.00
2010.04.23 16:20:31.901,1.4473,1.4475,1.60,2.00
2010.04.23 16:20:32.250,1.4473,1.4475,1.60,1.00
2010.04.23 16:20:32.549,1.4473,1.44755,1.60,5.30
2010.04.23 16:20:33.762,1.44725,1.44745,1.00,1.60
2010.04.23 16:20:33.978,1.4473,1.44745,1.60,1.00
2010.04.23 16:20:34.187,1.44725,1.44745,1.60,1.00
2010.04.23 16:20:34.604,1.44725,1.4475,1.60,2.00
2010.04.23 16:20:35.180,1.44725,1.4475,1.60,3.60
2010.04.23 16:20:35.501,1.44725,1.4475,1.60,3.80
2010.04.23 16:20:35.817,1.4472,1.4474,1.60,1.00
2010.04.23 16:20:38.101,1.4472,1.44745,1.60,6.00
2010.04.23 16:20:38.304,1.44715,1.44735,4.20,1.60
2010.04.23 16:20:38.504,1.44715,1.44735,3.20,1.60
2010.04.23 16:20:40.815,1.44705,1.44735,4.00,1.60
2010.04.23 16:20:40.875,1.44705,1.44735,4.00,2.00
2010.04.23 16:20:40.933,1.44705,1.44735,3.20,2.00
2010.04.23 16:20:41.251,1.4471,1.44735,1.60,1.00
2010.04.23 16:20:41.329,1.4471,1.4474,1.60,3.20
2010.04.23 16:20:41.392,1.44705,1.44735,5.60,1.60
2010.04.23 16:20:41.503,1.44705,1.44735,6.40,1.60
2010.04.23 16:20:41.848,1.44715,1.4474,1.60,1.60
2010.04.23 16:20:42.479,1.44715,1.44745,1.60,2.80
2010.04.23 16:20:42.698,1.44715,1.44745,1.60,2.90
2010.04.23 16:20:43.337,1.44705,1.44735,4.00,1.00
2010.04.23 16:20:43.553,1.44705,1.44735,3.20,1.00
2010.04.23 16:20:43.893,1.44705,1.44735,1.60,2.00
2010.04.23 16:20:44.522,1.44705,1.4473,1.60,1.00
2010.04.23 16:20:44.585,1.44705,1.44735,3.20,1.00
2010.04.23 16:20:46.396,1.4472,1.44735,1.60,1.00
2010.04.23 16:20:50.443,1.4472,1.44745,1.60,1.00
2010.04.23 16:20:50.892,1.4472,1.44745,1.60,1.00
2010.04.23 16:20:51.352,1.4472,1.4474,1.60,1.60
2010.04.23 16:20:51.905,1.4472,1.4474,1.60,2.00
2010.04.23 16:20:52.076,1.4472,1.4474,1.60,1.60
2010.04.23 16:20:52.242,1.4472,1.4474,1.60,2.00
2010.04.23 16:20:52.729,1.4472,1.4474,1.60,1.60
2010.04.23 16:20:54.070,1.4472,1.4474,1.60,2.00
2010.04.23 16:20:54.419,1.4472,1.44735,1.60,1.00
2010.04.23 16:20:56.917,1.44715,1.44735,1.60,1.00
2010.04.23 16:20:59.096,1.44705,1.4473,3.20,1.60
2010.04.23 16:21:02.315,1.44715,1.44735,1.60,1.00
2010.04.23 16:21:02.694,1.44715,1.4474,1.60,2.60
2010.04.23 16:21:02.880,1.44715,1.4474,1.60,2.80
2010.04.23 16:21:03.076,1.4471,1.4474,1.60,2.00
2010.04.23 16:21:03.556,1.44715,1.44745,1.60,4.10
2010.04.23 16:21:03.888,1.44715,1.44745,1.60,2.00
2010.04.23 16:21:04.210,1.44715,1.44745,3.20,2.00
2010.04.23 16:21:06.054,1.44715,1.44735,3.20,1.00
2010.04.23 16:21:06.185,1.44715,1.4474,1.60,2.40
2010.04.23 16:21:06.315,1.44715,1.4474,1.60,2.00
2010.04.23 16:21:06.827,1.44715,1.4474,1.60,1.00
2010.04.23 16:21:07.158,1.44715,1.44745,3.20,1.00
2010.04.23 16:21:07.873,1.44725,1.4475,1.60,2.00
2010.04.23 16:21:10.201,1.44725,1.44745,1.60,1.00
2010.04.23 16:21:10.312,1.44715,1.4474,3.20,1.60
2010.04.23 16:21:12.637,1.44715,1.44735,3.20,1.00
2010.04.23 16:21:14.602,1.44715,1.44735,1.60,1.00
2010.04.23 16:21:17.672,1.44715,1.44735,3.20,1.00
2010.04.23 16:21:18.282,1.44715,1.44735,1.60,1.00
2010.04.23 16:21:23.219,1.44725,1.44735,1.60,1.00
2010.04.23 16:21:23.596,1.44725,1.44745,1.60,1.00
2010.04.23 16:21:23.947,1.44725,1.44745,3.20,1.00
2010.04.23 16:21:24.256,1.44725,1.44745,1.60,1.00
2010.04.23 16:21:24.821,1.44725,1.4475,3.20,4.40
2010.04.23 16:21:25.137,1.44715,1.44745,3.20,1.00
2010.04.23 16:21:25.337,1.44725,1.44745,1.60,1.00
2010.04.23 16:21:26.273,1.44715,1.44745,3.20,1.00
2010.04.23 16:21:27.114,1.44715,1.4474,3.20,1.60
2010.04.23 16:21:27.285,1.44715,1.44735,3.20,1.00
2010.04.23 16:21:27.951,1.44715,1.4473,1.60,1.00
2010.04.23 16:21:28.270,1.44705,1.44735,3.20,2.00
2010.04.23 16:21:28.585,1.44705,1.44735,3.20,2.40
2010.04.23 16:21:30.426,1.44705,1.44725,3.20,1.00
2010.04.23 16:21:30.622,1.44705,1.4473,3.20,2.00
2010.04.23 16:21:31.098,1.44705,1.44725,3.20,1.00
2010.04.23 16:21:36.395,1.44715,1.4473,1.60,1.60
2010.04.23 16:21:36.503,1.44715,1.44735,1.60,3.60
2010.04.23 16:21:36.610,1.44715,1.44735,1.60,2.00
2010.04.23 16:21:37.296,1.44705,1.4473,1.60,2.00
2010.04.23 16:21:37.643,1.44705,1.44735,3.20,2.00
2010.04.23 16:21:38.407,1.44705,1.44735,3.20,1.60
2010.04.23 16:21:38.740,1.44715,1.4474,3.20,3.60
2010.04.23 16:21:38.929,1.44715,1.4474,3.20,2.00
2010.04.23 16:21:40.811,1.44715,1.4474,3.20,5.20
2010.04.23 16:21:49.883,1.44715,1.4474,3.20,6.00
2010.04.23 16:21:50.854,1.44715,1.4474,1.60,6.00
2010.04.23 16:21:50.963,1.44715,1.44735,1.60,1.60
2010.04.23 16:21:52.485,1.44715,1.44735,3.20,1.60
2010.04.23 16:21:54.894,1.44715,1.4474,3.20,5.70
2010.04.23 16:21:55.154,1.44715,1.4474,1.60,5.70
2010.04.23 16:21:55.474,1.44715,1.4474,1.60,5.20
2010.04.23 16:21:56.130,1.44715,1.4474,1.60,5.70
2010.04.23 16:21:56.438,1.44715,1.4474,1.60,5.90
2010.04.23 16:21:56.745,1.44715,1.4474,1.60,5.20
2010.04.23 16:21:57.673,1.44715,1.4474,1.60,5.80
2010.04.23 16:22:01.482,1.44715,1.44735,1.60,1.60
2010.04.23 16:22:02.075,1.44715,1.44735,1.60,2.00
2010.04.23 16:22:02.744,1.44715,1.44735,2.60,1.60
2010.04.23 16:22:02.871,1.44715,1.4474,1.60,1.00
2010.04.23 16:22:03.323,1.44725,1.44745,1.60,1.00
2010.04.23 16:22:04.466,1.44715,1.4474,1.60,1.00
2010.04.23 16:22:05.003,1.44715,1.44745,1.60,2.00
2010.04.23 16:22:06.190,1.44725,1.44745,1.60,2.00
2010.04.23 16:22:06.462,1.44725,1.44745,1.60,1.00
2010.04.23 16:22:12.009,1.44715,1.44745,3.20,2.00
2010.04.23 16:22:12.110,1.44715,1.44745,3.20,3.60
2010.04.23 16:22:14.441,1.4471,1.4474,1.60,2.00
2010.04.23 16:22:15.170,1.4471,1.4474,1.60,3.60
2010.04.23 16:22:15.631,1.44715,1.4474,1.60,3.60
2010.04.23 16:22:16.179,1.44715,1.4474,3.20,1.60
2010.04.23 16:22:17.029,1.44715,1.44745,3.20,3.60
2010.04.23 16:22:18.142,1.44725,1.44745,1.60,2.00
2010.04.23 16:22:18.362,1.44715,1.4474,3.20,1.00
2010.04.23 16:22:18.584,1.44715,1.44735,1.60,2.00
2010.04.23 16:22:21.433,1.4472,1.44735,1.60,1.00
2010.04.23 16:22:21.964,1.44715,1.4474,1.60,1.60
2010.04.23 16:22:22.134,1.4472,1.44745,1.60,2.30
2010.04.23 16:22:22.459,1.4472,1.44745,1.60,1.60
2010.04.23 16:22:23.589,1.44715,1.44745,1.60,4.40
2010.04.23 16:22:23.932,1.4471,1.44735,3.20,1.60
2010.04.23 16:22:24.280,1.44715,1.44735,1.60,1.60
2010.04.23 16:22:24.724,1.44715,1.4474,3.20,1.60
2010.04.23 16:22:25.070,1.44715,1.44745,3.20,1.60
2010.04.23 16:22:25.762,1.44715,1.44745,4.20,1.60
2010.04.23 16:22:25.880,1.44725,1.4475,1.60,2.00
2010.04.23 16:22:26.236,1.44725,1.4475,1.60,2.60
2010.04.23 16:22:27.397,1.44725,1.4475,3.20,2.60
2010.04.23 16:22:27.628,1.4473,1.4475,1.60,1.00
2010.04.23 16:22:29.199,1.44715,1.44745,10.40,2.00
2010.04.23 16:22:29.475,1.44715,1.4474,1.60,1.00
2010.04.23 16:22:31.768,1.4472,1.44745,1.60,1.00
2010.04.23 16:22:32.021,1.4472,1.44745,1.60,1.60
2010.04.23 16:22:32.558,1.44725,1.44745,1.60,1.60
2010.04.23 16:22:33.033,1.44725,1.44745,3.20,1.60
2010.04.23 16:22:33.279,1.44725,1.44755,1.60,4.90
2010.04.23 16:22:33.512,1.44715,1.4475,1.60,1.60
2010.04.23 16:22:34.491,1.44725,1.4475,1.60,1.60
2010.04.23 16:22:37.597,1.44715,1.4474,1.60,1.60
2010.04.23 16:22:39.450,1.44715,1.44745,3.20,7.40
2010.04.23 16:22:39.683,1.4471,1.44735,2.40,1.60
2010.04.23 16:22:39.902,1.44705,1.44735,3.60,1.60
2010.04.23 16:22:40.121,1.44705,1.4473,2.00,1.60
2010.04.23 16:22:40.428,1.44705,1.4473,2.00,2.00
2010.04.23 16:22:40.640,1.44705,1.44735,3.20,1.60
2010.04.23 16:22:41.324,1.44705,1.44745,3.20,8.70
2010.04.23 16:22:41.669,1.44705,1.4474,7.60,1.00
2010.04.23 16:22:41.876,1.44705,1.44735,5.60,1.60
2010.04.23 16:22:42.084,1.44705,1.44735,4.80,1.60
2010.04.23 16:22:42.559,1.44715,1.4474,1.60,1.00
2010.04.23 16:22:42.765,1.44705,1.44745,7.60,2.00
2010.04.23 16:22:46.360,1.44705,1.44745,7.70,2.00
2010.04.23 16:22:46.380,1.44705,1.44745,10.10,2.00
2010.04.23 16:22:47.306,1.44705,1.44735,10.10,1.60
2010.04.23 16:22:47.537,1.44705,1.44735,6.20,1.60
2010.04.23 16:22:47.657,1.44705,1.44735,3.20,1.60
2010.04.23 16:22:47.774,1.44715,1.4474,1.60,1.00
2010.04.23 16:22:48.325,1.44715,1.44745,1.60,4.90
2010.04.23 16:22:48.674,1.44715,1.44745,1.60,4.40
2010.04.23 16:22:49.611,1.44715,1.44745,1.60,4.50
2010.04.23 16:22:50.037,1.44715,1.44745,1.60,4.40
2010.04.23 16:22:53.881,1.44715,1.44745,3.20,4.40
2010.04.23 16:22:58.001,1.44715,1.44745,3.20,2.00
2010.04.23 16:23:00.858,1.44715,1.44745,3.20,2.20
2010.04.23 16:23:01.195,1.44715,1.44735,1.60,5.20
2010.04.23 16:23:01.269,1.4471,1.4473,1.00,1.60
2010.04.23 16:23:01.619,1.44705,1.4474,3.20,4.40
2010.04.23 16:23:03.209,1.44705,1.4474,5.60,2.00
2010.04.23 16:23:03.796,1.44705,1.4474,6.30,2.00
2010.04.23 16:23:12.717,1.44715,1.4474,1.60,2.00
2010.04.23 16:23:12.937,1.44715,1.4475,3.20,3.80
2010.04.23 16:23:13.155,1.44715,1.4474,1.60,1.60
2010.04.23 16:23:15.876,1.44715,1.44745,3.20,4.00
2010.04.23 16:23:16.337,1.44715,1.4475,3.20,3.80
2010.04.23 16:23:19.179,1.44715,1.4474,1.60,1.60
2010.04.23 16:23:19.402,1.4471,1.4474,8.90,1.60
2010.04.23 16:23:19.629,1.4471,1.4474,5.60,1.60
2010.04.23 16:23:20.287,1.4471,1.4474,1.60,1.60
2010.04.23 16:23:20.836,1.44715,1.4474,1.60,1.60
2010.04.23 16:23:21.066,1.4472,1.44745,1.60,4.00
2010.04.23 16:23:21.305,1.4472,1.4475,1.60,2.00
2010.04.23 16:23:21.543,1.4472,1.4475,1.60,1.60
2010.04.23 16:23:24.278,1.4472,1.4475,1.60,2.00
2010.04.23 16:23:29.990,1.4472,1.4475,1.60,2.40
2010.04.23 16:23:30.154,1.4472,1.4474,1.60,1.00
2010.04.23 16:23:30.735,1.44715,1.4474,1.60,1.00
2010.04.23 16:23:30.835,1.44715,1.44745,3.20,4.90
2010.04.23 16:23:31.244,1.44715,1.44745,3.20,3.30
2010.04.23 16:23:31.593,1.4473,1.44745,1.60,1.60
2010.04.23 16:23:31.932,1.4473,1.44755,1.60,1.00
2010.04.23 16:23:32.278,1.44725,1.44755,4.20,1.60
2010.04.23 16:23:32.364,1.44725,1.44755,3.20,2.40
2010.04.23 16:23:32.451,1.44725,1.44755,3.20,7.60
2010.04.23 16:23:39.047,1.44725,1.44755,1.60,7.60
2010.04.23 16:23:39.745,1.44725,1.44745,1.60,5.20
2010.04.23 16:23:40.098,1.44715,1.4474,1.60,1.60
2010.04.23 16:23:56.214,1.44705,1.4474,6.10,1.60
2010.04.23 16:23:56.404,1.44705,1.4474,6.40,1.60
2010.04.23 16:23:56.595,1.44705,1.4474,6.40,1.60
2010.04.23 16:24:00.888,1.44705,1.4474,5.60,1.60
2010.04.23 16:24:02.579,1.44705,1.44735,5.60,5.20
2010.04.23 16:24:02.707,1.44705,1.44735,5.60,7.20
2010.04.23 16:24:02.975,1.44705,1.4473,3.20,1.60
2010.04.23 16:24:03.592,1.44705,1.4473,1.60,1.60
2010.04.23 16:24:09.947,1.44705,1.44735,1.60,7.20
2010.04.23 16:24:10.102,1.44705,1.4474,1.60,7.60
2010.04.23 16:24:10.501,1.44705,1.4474,1.60,5.20
2010.04.23 16:24:10.662,1.44715,1.4474,1.60,1.60
2010.04.23 16:24:21.170,1.44715,1.44725,1.60,5.60
2010.04.23 16:24:21.351,1.44705,1.44725,1.00,7.10
2010.04.23 16:24:21.438,1.447,1.44725,2.00,7.10
2010.04.23 16:24:21.821,1.447,1.44725,2.00,7.00
2010.04.23 16:24:22.060,1.447,1.44725,1.60,7.00
2010.04.23 16:24:23.169,1.447,1.44725,1.60,6.40
2010.04.23 16:24:23.318,1.447,1.44725,1.60,4.00
2010.04.23 16:24:23.468,1.447,1.44725,1.60,1.60
2010.04.23 16:24:25.327,1.44695,1.44725,3.20,1.60
2010.04.23 16:24:25.376,1.44695,1.44725,3.20,2.40
2010.04.23 16:24:28.796,1.44695,1.4471,3.20,1.00
2010.04.23 16:24:29.198,1.44695,1.44705,1.60,2.40
2010.04.23 16:24:30.975,1.44695,1.44725,1.60,2.40
2010.04.23 16:24:31.995,1.44695,1.4471,1.60,1.00
2010.04.23 16:24:32.185,1.44695,1.4471,1.60,3.10
2010.04.23 16:24:32.549,1.44695,1.44705,1.60,2.40
2010.04.23 16:24:32.738,1.4468,1.447,1.60,2.40
2010.04.23 16:24:34.205,1.4468,1.44705,1.60,2.40
2010.04.23 16:24:34.415,1.4468,1.4471,1.60,2.40
2010.04.23 16:24:35.546,1.4468,1.4471,2.40,1.70
2010.04.23 16:24:35.940,1.4469,1.4471,1.60,1.00
2010.04.23 16:24:36.018,1.44685,1.4471,1.60,1.60
2010.04.23 16:24:36.067,1.44685,1.44715,3.20,2.90
2010.04.23 16:24:36.805,1.44685,1.44715,1.60,3.00
2010.04.23 16:24:37.152,1.44685,1.44715,1.60,2.40
2010.04.23 16:24:37.808,1.44685,1.4471,1.60,2.40
2010.04.23 16:24:38.157,1.44675,1.44705,3.20,2.40
2010.04.23 16:24:38.837,1.44675,1.44705,1.60,2.40
2010.04.23 16:24:39.179,1.44665,1.4469,4.40,1.60
2010.04.23 16:24:39.538,1.44665,1.4469,4.00,1.60
2010.04.23 16:24:39.852,1.44665,1.4469,3.20,1.60
2010.04.23 16:24:42.205,1.44665,1.4469,1.60,1.60
2010.04.23 16:24:42.333,1.44665,1.4469,3.20,1.60
2010.04.23 16:24:48.366,1.44675,1.447,1.60,1.60
2010.04.23 16:24:48.614,1.44675,1.44705,1.60,7.20
2010.04.23 16:24:48.853,1.44675,1.44705,3.20,7.20
2010.04.23 16:24:50.142,1.44675,1.44705,1.60,7.20
2010.04.23 16:24:50.487,1.44665,1.447,3.20,1.60
2010.04.23 16:24:51.805,1.44665,1.4469,3.20,1.60
2010.04.23 16:24:53.602,1.44665,1.4469,4.00,1.60
2010.04.23 16:24:53.949,1.44665,1.44675,1.60,2.40
2010.04.23 16:24:54.176,1.4466,1.44685,2.40,7.60
2010.04.23 16:24:54.521,1.4466,1.4468,1.60,2.40
2010.04.23 16:24:54.750,1.44655,1.4468,1.60,7.00
2010.04.23 16:24:55.659,1.44655,1.4468,1.60,8.50
2010.04.23 16:24:56.009,1.44645,1.44675,3.20,4.00
2010.04.23 16:24:56.810,1.44645,1.44675,4.00,4.00
2010.04.23 16:24:57.249,1.44645,1.44675,4.00,1.60
2010.04.23 16:24:59.321,1.4465,1.4468,2.40,1.60
2010.04.23 16:25:00.649,1.44655,1.4468,1.60,1.60
2010.04.23 16:25:01.392,1.44655,1.4468,2.40,1.60
2010.04.23 16:25:01.572,1.4466,1.44685,1.60,1.60
2010.04.23 16:25:02.048,1.44655,1.4468,1.60,1.60
2010.04.23 16:25:03.699,1.44645,1.4467,2.40,2.40
2010.04.23 16:25:04.053,1.4466,1.44685,1.00,2.10
2010.04.23 16:25:04.391,1.44665,1.4469,1.60,4.10
2010.04.23 16:25:05.092,1.44665,1.4469,1.60,1.70
2010.04.23 16:25:05.439,1.44665,1.4469,1.60,1.60
2010.04.23 16:25:06.208,1.44665,1.44685,1.60,1.00
2010.04.23 16:25:06.341,1.4466,1.44685,1.00,4.60
2010.04.23 16:25:06.469,1.44655,1.44685,5.60,4.60
2010.04.23 16:25:06.668,1.44655,1.44685,5.60,4.50
2010.04.23 16:25:07.997,1.44655,1.44685,4.00,4.50
2010.04.23 16:25:08.277,1.44655,1.44685,4.00,4.00
2010.04.23 16:25:08.421,1.44655,1.44685,3.20,1.60
2010.04.23 16:25:08.557,1.44655,1.44685,3.20,4.00
2010.04.23 16:25:10.452,1.44655,1.44675,1.60,1.60
2010.04.23 16:25:18.674,1.4465,1.44675,1.60,1.60
2010.04.23 16:25:21.986,1.44655,1.44675,1.60,1.60
2010.04.23 16:25:27.142,1.4465,1.44675,1.60,1.60
2010.04.23 16:25:30.127,1.44645,1.4467,1.60,1.00
2010.04.23 16:25:30.244,1.44645,1.44675,1.60,2.40
2010.04.23 16:25:30.572,1.44645,1.44675,1.60,4.80
2010.04.23 16:25:44.498,1.44645,1.44675,1.60,5.30
2010.04.23 16:25:44.678,1.44645,1.44675,1.60,7.70
2010.04.23 16:25:45.480,1.44645,1.44675,1.60,7.20
2010.04.23 16:25:45.657,1.44645,1.44675,1.60,4.80
2010.04.23 16:25:49.365,1.44645,1.44675,1.60,4.00
2010.04.23 16:25:52.191,1.44645,1.44675,2.40,4.00
2010.04.23 16:25:52.557,1.44655,1.44675,1.60,1.60
2010.04.23 16:25:55.437,1.44655,1.44675,1.60,4.00
2010.04.23 16:25:55.586,1.44655,1.44675,1.60,6.40
2010.04.23 16:25:55.736,1.44655,1.4467,1.60,1.60
2010.04.23 16:25:55.887,1.44645,1.4467,1.60,1.60
2010.04.23 16:25:57.481,1.44645,1.4467,1.60,7.10
2010.04.23 16:25:57.687,1.44645,1.4467,1.60,6.80
2010.04.23 16:25:57.886,1.44645,1.4467,1.60,6.90
2010.04.23 16:25:59.365,1.44645,1.4467,1.60,1.60
2010.04.23 16:26:05.020,1.4465,1.44675,1.60,7.70
2010.04.23 16:26:05.146,1.44645,1.4467,1.60,1.60
2010.04.23 16:26:14.155,1.44655,1.4467,1.60,1.60
2010.04.23 16:26:14.285,1.44655,1.44675,1.60,1.60
2010.04.23 16:26:15.832,1.44655,1.4468,3.20,1.60
2010.04.23 16:26:16.652,1.44665,1.4469,1.60,4.50
2010.04.23 16:26:17.128,1.4466,1.4469,4.80,4.50
2010.04.23 16:26:17.472,1.4466,1.4469,4.80,4.10
2010.04.23 16:26:17.812,1.4466,1.4469,2.40,4.10
2010.04.23 16:26:19.592,1.44655,1.4469,5.60,4.10
2010.04.23 16:26:19.813,1.44655,1.44685,3.20,7.00
2010.04.23 16:26:24.071,1.44655,1.4468,3.20,2.90
2010.04.23 16:26:24.396,1.44655,1.4468,3.20,2.40
2010.04.23 16:26:25.521,1.44655,1.44685,3.20,6.40
2010.04.23 16:26:28.040,1.44655,1.44685,1.60,6.40
2010.04.23 16:26:28.148,1.4465,1.4468,2.60,1.60
2010.04.23 16:26:28.567,1.44655,1.4468,1.60,2.80
2010.04.23 16:26:28.835,1.44655,1.44685,1.60,4.60
2010.04.23 16:26:29.098,1.44655,1.44685,1.60,4.80
2010.04.23 16:26:29.358,1.44655,1.44685,1.60,7.20
2010.04.23 16:26:33.597,1.44655,1.44685,1.60,7.90
2010.04.23 16:26:33.891,1.44655,1.44685,1.60,7.20
2010.04.23 16:26:34.781,1.44655,1.44685,1.60,7.10
2010.04.23 16:26:35.019,1.44645,1.44675,3.20,2.40
2010.04.23 16:26:37.126,1.44645,1.4468,3.20,8.40
2010.04.23 16:26:37.507,1.44645,1.4468,3.20,8.80
2010.04.23 16:26:37.737,1.44645,1.4468,3.20,8.90
2010.04.23 16:26:42.234,1.44645,1.4467,3.20,1.60
2010.04.23 16:26:42.354,1.44645,1.4467,3.20,3.20
2010.04.23 16:26:50.205,1.44635,1.44665,3.20,1.00
2010.04.23 16:26:50.726,1.4464,1.4467,1.00,6.40
2010.04.23 16:26:50.950,1.44635,1.4467,3.20,8.00
2010.04.23 16:26:51.253,1.44635,1.4467,3.20,5.60
2010.04.23 16:26:51.563,1.44635,1.4467,3.20,3.20
2010.04.23 16:26:52.741,1.44635,1.4467,3.20,3.40
2010.04.23 16:26:54.545,1.44635,1.4466,1.60,1.60
2010.04.23 16:26:55.448,1.4464,1.44665,1.60,1.00
2010.04.23 16:26:55.643,1.44635,1.4466,1.60,1.60
2010.04.23 16:27:03.357,1.44635,1.4466,1.60,3.20
2010.04.23 16:27:03.900,1.44635,1.4466,1.60,1.60
2010.04.23 16:27:04.453,1.4465,1.4467,1.60,6.40
2010.04.23 16:27:04.614,1.4465,1.44675,1.60,2.00
2010.04.23 16:27:04.931,1.44655,1.4468,1.60,1.00
2010.04.23 16:27:05.091,1.4465,1.44675,2.60,1.60
2010.04.23 16:27:05.253,1.4465,1.44675,1.60,1.60
2010.04.23 16:27:05.410,1.44655,1.4468,1.60,1.00
2010.04.23 16:27:05.571,1.44655,1.4468,3.20,1.00
2010.04.23 16:27:05.751,1.44655,1.44685,3.20,1.70
2010.04.23 16:27:06.225,1.44655,1.44685,3.20,1.60
2010.04.23 16:27:07.361,1.44655,1.44675,1.60,1.60
2010.04.23 16:27:07.609,1.4465,1.44675,1.60,1.60
2010.04.23 16:27:08.231,1.4466,1.4468,1.60,4.80
2010.04.23 16:27:08.725,1.4466,1.44685,1.60,4.40
2010.04.23 16:27:08.744,1.44655,1.44685,2.50,4.40
2010.04.23 16:27:08.923,1.4466,1.44685,1.60,4.80
2010.04.23 16:27:09.101,1.4466,1.44685,1.60,4.00
2010.04.23 16:27:09.272,1.4466,1.44685,1.60,1.60
2010.04.23 16:27:10.086,1.44655,1.44685,1.60,1.80
2010.04.23 16:27:10.434,1.4466,1.44685,1.60,1.60
2010.04.23 16:27:12.407,1.44655,1.44685,3.20,1.60
2010.04.23 16:27:14.046,1.44655,1.44685,3.20,3.20
2010.04.23 16:27:14.281,1.44655,1.44675,1.60,1.60
2010.04.23 16:27:14.707,1.4465,1.44675,1.60,1.60
2010.04.23 16:27:28.952,1.4465,1.4468,1.60,2.40
2010.04.23 16:27:29.091,1.4465,1.4468,1.60,1.60
2010.04.23 16:27:33.833,1.44645,1.44675,3.20,1.60
2010.04.23 16:27:34.163,1.4465,1.4468,1.60,1.60
2010.04.23 16:27:34.643,1.44645,1.44675,3.20,1.60
2010.04.23 16:27:34.762,1.44645,1.4467,1.60,1.60
2010.04.23 16:27:34.877,1.44645,1.4467,1.60,2.00
2010.04.23 16:27:36.188,1.4464,1.4467,1.60,2.00
2010.04.23 16:27:36.312,1.4464,1.4467,3.20,2.00
2010.04.23 16:27:36.443,1.4464,1.4467,1.60,2.00
2010.04.23 16:27:44.842,1.44645,1.4467,1.60,2.00
2010.04.23 16:27:51.577,1.44645,1.4467,3.20,1.00
2010.04.23 16:27:51.647,1.44645,1.44675,3.20,7.60
2010.04.23 16:27:51.779,1.44645,1.44675,3.20,2.40
2010.04.23 16:27:54.008,1.44645,1.4466,1.60,1.60
2010.04.23 16:27:54.476,1.44645,1.44665,1.60,1.00
2010.04.23 16:27:54.972,1.44645,1.44675,3.20,4.00
2010.04.23 16:27:55.310,1.44645,1.44675,3.20,1.70
2010.04.23 16:27:57.019,1.44645,1.44675,1.60,1.70
2010.04.23 16:27:59.126,1.44645,1.44675,3.20,1.70
2010.04.23 16:27:59.244,1.44645,1.44675,1.60,1.70
2010.04.23 16:28:16.093,1.44645,1.44675,1.60,4.10
2010.04.23 16:28:17.130,1.44645,1.44675,1.60,1.70
2010.04.23 16:28:18.412,1.44645,1.44665,1.60,2.40
2010.04.23 16:28:18.813,1.44635,1.44665,1.60,2.40
2010.04.23 16:28:19.066,1.4463,1.4466,1.60,1.60
2010.04.23 16:28:22.221,1.44635,1.44665,1.60,1.60
2010.04.23 16:28:25.725,1.44625,1.44655,7.10,6.80
2010.04.23 16:28:26.094,1.44625,1.44655,6.40,7.20
2010.04.23 16:28:26.308,1.44625,1.44655,1.60,7.20
2010.04.23 16:28:33.290,1.44625,1.44655,1.60,1.60
2010.04.23 16:28:33.506,1.4463,1.4466,1.60,1.60
2010.04.23 16:28:35.790,1.44635,1.44665,1.60,3.70
2010.04.23 16:28:35.988,1.44635,1.44665,1.60,3.20
2010.04.23 16:28:36.266,1.44635,1.44665,1.60,1.60
2010.04.23 16:28:36.907,1.4463,1.4466,1.60,1.60
2010.04.23 16:28:38.880,1.4463,1.4466,1.60,1.70
2010.04.23 16:28:39.607,1.44635,1.4466,1.60,1.00
2010.04.23 16:28:40.106,1.44635,1.4466,1.60,3.00
2010.04.23 16:28:40.294,1.4463,1.44665,3.20,2.40
2010.04.23 16:28:40.641,1.4464,1.44665,1.60,3.20
2010.04.23 16:28:40.987,1.4464,1.44665,1.60,2.40
2010.04.23 16:28:43.657,1.44635,1.44665,1.60,4.00
2010.04.23 16:28:43.938,1.44635,1.44665,1.60,6.10
2010.04.23 16:28:44.217,1.44635,1.44665,1.60,8.70
2010.04.23 16:28:44.696,1.44635,1.44665,1.60,8.00
2010.04.23 16:28:45.041,1.44635,1.44665,1.60,1.60
2010.04.23 16:28:45.730,1.44635,1.44665,1.60,3.20
2010.04.23 16:28:47.894,1.44635,1.44665,1.60,6.00
2010.04.23 16:28:48.115,1.44635,1.44665,1.60,8.40
2010.04.23 16:28:49.908,1.44635,1.44665,1.60,8.60
2010.04.23 16:28:52.124,1.4463,1.44655,2.60,1.60
2010.04.23 16:28:52.698,1.4463,1.44655,1.60,1.60
2010.04.23 16:29:02.582,1.44635,1.44665,1.60,8.80
2010.04.23 16:29:02.714,1.44635,1.44665,1.60,2.40
2010.04.23 16:29:02.841,1.44635,1.44665,2.40,1.60
2010.04.23 16:29:13.660,1.44635,1.44665,1.60,1.60
2010.04.23 16:29:15.117,1.44635,1.44665,2.40,1.60
2010.04.23 16:29:29.466,1.44635,1.44665,1.60,1.60
2010.04.23 16:29:29.631,1.44635,1.44665,2.40,2.20
2010.04.23 16:29:29.707,1.44635,1.44665,2.40,4.40
2010.04.23 16:29:30.082,1.44635,1.44665,2.40,3.20
2010.04.23 16:29:31.185,1.44635,1.44665,2.40,3.80
2010.04.23 16:29:31.354,1.44635,1.44665,1.60,3.80
2010.04.23 16:29:31.525,1.44635,1.44665,1.60,6.20
2010.04.23 16:29:33.154,1.4463,1.4466,2.60,1.60
2010.04.23 16:29:33.296,1.4463,1.4466,1.60,1.60
2010.04.23 16:29:40.353,1.4463,1.4466,2.40,1.60
2010.04.23 16:29:43.630,1.44635,1.44665,1.60,4.10
2010.04.23 16:29:44.845,1.4463,1.4466,1.60,4.00
2010.04.23 16:29:45.052,1.4463,1.4466,1.60,6.40
2010.04.23 16:29:51.875,1.4463,1.4466,1.60,6.20
2010.04.23 16:29:52.062,1.44635,1.44665,1.60,6.80
2010.04.23 16:29:52.250,1.44635,1.44665,1.60,1.00
2010.04.23 16:29:52.440,1.44645,1.4467,1.60,7.60
2010.04.23 16:29:52.973,1.44645,1.4467,1.60,4.50
2010.04.23 16:29:53.259,1.44645,1.4467,1.60,7.30
2010.04.23 16:29:53.539,1.44645,1.4467,1.60,7.40
2010.04.23 16:29:54.159,1.44645,1.4467,1.60,4.50
2010.04.23 16:29:54.794,1.44645,1.4467,1.60,6.90
2010.04.23 16:29:55.907,1.44645,1.4467,1.60,5.20
2010.04.23 16:29:56.107,1.44645,1.4467,1.60,4.50
2010.04.23 16:30:01.048,1.4463,1.44665,1.60,1.60
2010.04.23 16:30:03.693,1.4463,1.44665,1.60,3.20
2010.04.23 16:30:03.901,1.4463,1.44665,1.60,3.30
2010.04.23 16:30:04.110,1.4463,1.44665,1.60,5.70
2010.04.23 16:30:04.320,1.44645,1.44665,1.60,4.00
2010.04.23 16:30:04.530,1.44645,1.44665,1.60,1.00
2010.04.23 16:30:04.737,1.44645,1.4467,1.60,7.70
2010.04.23 16:30:05.361,1.44645,1.4467,1.60,6.90
2010.04.23 16:30:05.707,1.44645,1.4467,1.60,2.10
2010.04.23 16:30:10.737,1.4464,1.4467,1.60,1.00
2010.04.23 16:30:11.076,1.4464,1.4467,1.60,1.00
2010.04.23 16:30:25.754,1.4464,1.44675,1.60,11.10
2010.04.23 16:30:25.987,1.4464,1.44675,1.60,10.60
2010.04.23 16:30:26.440,1.4464,1.44675,1.60,11.00
2010.04.23 16:30:26.672,1.4464,1.44675,1.60,9.00
2010.04.23 16:30:27.190,1.4464,1.44675,1.60,10.60
2010.04.23 16:30:27.761,1.4464,1.44675,1.60,11.00
2010.04.23 16:30:28.100,1.4464,1.44675,1.60,10.60
2010.04.23 16:30:28.448,1.4463,1.44665,1.60,3.80
2010.04.23 16:30:28.975,1.44635,1.4466,1.60,2.40
2010.04.23 16:30:29.237,1.44635,1.44665,1.60,2.40
2010.04.23 16:30:29.494,1.44635,1.44665,1.60,2.90
2010.04.23 16:30:30.309,1.4464,1.4467,1.60,1.00
2010.04.23 16:30:30.876,1.4464,1.44675,1.60,6.40
2010.04.23 16:30:31.740,1.4464,1.44675,1.60,3.20
2010.04.23 16:30:33.014,1.4464,1.4467,1.60,1.60
2010.04.23 16:30:33.219,1.44635,1.4467,4.00,1.60
2010.04.23 16:30:33.414,1.44635,1.4467,1.60,1.60
2010.04.23 16:30:33.614,1.44635,1.4467,1.60,3.30
2010.04.23 16:30:34.831,1.4464,1.44675,1.60,5.20
2010.04.23 16:30:35.172,1.4464,1.44675,1.60,1.00
2010.04.23 16:30:35.899,1.4464,1.44675,1.60,1.00
2010.04.23 16:30:37.063,1.44655,1.44675,1.60,1.00
2010.04.23 16:30:37.284,1.44655,1.4468,1.60,2.80
2010.04.23 16:30:37.667,1.44645,1.4468,8.00,4.00
2010.04.23 16:30:37.893,1.4465,1.44675,1.00,9.20
2010.04.23 16:30:38.101,1.44645,1.44675,1.60,4.80
2010.04.23 16:30:38.309,1.44645,1.44675,1.60,5.20
2010.04.23 16:30:38.936,1.44645,1.44675,1.60,2.80
2010.04.23 16:30:39.282,1.4464,1.44675,1.60,15.60
2010.04.23 16:30:39.618,1.4464,1.44675,1.60,15.80
2010.04.23 16:30:40.536,1.4464,1.44675,1.60,15.90
2010.04.23 16:30:40.737,1.4464,1.44675,1.60,16.00
2010.04.23 16:30:41.865,1.4464,1.44675,1.60,15.80
2010.04.23 16:30:42.021,1.4464,1.44675,1.60,15.70
2010.04.23 16:30:42.318,1.4464,1.44675,1.60,15.90
2010.04.23 16:30:42.607,1.4464,1.44675,1.60,16.00
2010.04.23 16:30:43.446,1.4464,1.44675,1.60,2.40
2010.04.23 16:30:43.794,1.4464,1.44675,1.60,4.00
2010.04.23 16:30:44.889,1.4465,1.44675,1.60,2.40
2010.04.23 16:30:45.364,1.4465,1.4468,1.60,4.80
2010.04.23 16:30:47.357,1.4465,1.4468,1.60,4.80
2010.04.23 16:30:47.594,1.44635,1.4466,1.00,2.40
2010.04.23 16:30:47.817,1.4463,1.4466,1.00,2.40
2010.04.23 16:30:48.040,1.44625,1.4466,2.00,2.40
2010.04.23 16:30:48.396,1.4463,1.4466,4.70,2.40
2010.04.23 16:30:48.746,1.44645,1.4467,1.00,3.20
2010.04.23 16:30:49.093,1.4466,1.4467,1.60,1.00
2010.04.23 16:30:49.351,1.4466,1.44685,1.60,1.00
2010.04.23 16:30:49.864,1.4466,1.44685,1.60,2.00
2010.04.23 16:30:50.115,1.44665,1.44695,1.60,4.40
2010.04.23 16:30:50.366,1.44665,1.44695,1.60,4.00
2010.04.23 16:30:52.684,1.44665,1.44695,1.60,4.00
2010.04.23 16:30:52.735,1.44665,1.44695,1.60,5.60
2010.04.23 16:30:53.183,1.44665,1.44695,1.60,4.00
2010.04.23 16:30:53.366,1.44655,1.44685,1.60,1.60
2010.04.23 16:30:53.527,1.44655,1.4469,1.60,3.60
2010.04.23 16:30:54.037,1.4466,1.44695,1.60,8.80
2010.04.23 16:30:54.560,1.4465,1.44685,6.00,3.20
2010.04.23 16:30:54.908,1.4465,1.44685,1.60,5.20
2010.04.23 16:30:58.086,1.4466,1.44685,1.00,5.20
2010.04.23 16:30:58.250,1.4466,1.44685,1.20,5.20
2010.04.23 16:31:02.413,1.4466,1.44685,1.00,5.20
2010.04.23 16:31:04.642,1.44655,1.44685,1.00,5.20
2010.04.23 16:31:04.998,1.4465,1.44685,2.80,5.20
2010.04.23 16:31:11.661,1.4466,1.44685,1.00,5.20
2010.04.23 16:31:11.996,1.4467,1.44685,1.00,5.20
2010.04.23 16:31:12.052,1.4467,1.44685,1.00,4.80
2010.04.23 16:31:12.082,1.4467,1.44685,1.00,3.20
2010.04.23 16:31:12.405,1.4467,1.44685,1.00,1.60
2010.04.23 16:31:12.429,1.4467,1.4469,1.00,7.20
2010.04.23 16:31:12.470,1.4467,1.4469,1.00,7.20
2010.04.23 16:31:12.494,1.4467,1.4469,1.00,6.80
2010.04.23 16:31:12.531,1.4467,1.4469,1.00,6.80
2010.04.23 16:31:12.553,1.4467,1.4469,1.00,5.20
2010.04.23 16:31:12.642,1.44675,1.4469,1.00,5.20
2010.04.23 16:31:12.983,1.44675,1.44695,1.00,4.00
2010.04.23 16:31:14.371,1.44675,1.44695,1.00,4.00
2010.04.23 16:31:14.541,1.44675,1.44695,1.00,1.60
2010.04.23 16:31:16.219,1.44675,1.44695,1.00,4.00
2010.04.23 16:31:16.694,1.4467,1.44695,1.20,4.00
2010.04.23 16:31:16.822,1.44675,1.44695,1.00,2.40
2010.04.23 16:31:18.109,1.44675,1.447,1.00,7.20
2010.04.23 16:31:20.288,1.4467,1.44695,1.00,1.60
2010.04.23 16:31:20.418,1.4467,1.44695,1.00,4.00
2010.04.23 16:31:20.548,1.44665,1.44695,1.20,6.40
2010.04.23 16:31:20.680,1.44665,1.44695,1.00,7.10
2010.04.23 16:31:22.082,1.4467,1.44695,1.00,7.10
2010.04.23 16:31:23.288,1.4468,1.44695,1.00,5.50
2010.04.23 16:31:23.468,1.4468,1.44695,1.00,1.00
2010.04.23 16:31:23.559,1.4468,1.447,1.00,5.60
2010.04.23 16:31:23.648,1.4468,1.447,1.00,2.80
2010.04.23 16:31:23.737,1.4468,1.447,1.00,1.00
2010.04.23 16:31:23.920,1.4468,1.44705,1.00,6.80
2010.04.23 16:31:24.230,1.44675,1.447,2.00,4.80
2010.04.23 16:31:24.598,1.44675,1.44695,1.60,1.60
2010.04.23 16:31:24.904,1.4467,1.44695,1.00,1.60
2010.04.23 16:31:25.102,1.4467,1.447,1.00,8.10
2010.04.23 16:31:25.302,1.44665,1.44695,1.00,1.60
2010.04.23 16:31:25.499,1.4466,1.44695,2.40,1.60
2010.04.23 16:31:26.088,1.4467,1.44695,1.00,1.60
2010.04.23 16:31:26.787,1.44665,1.44695,1.00,3.20
2010.04.23 16:31:26.983,1.44665,1.44685,1.00,1.60
2010.04.23 16:31:27.230,1.44665,1.4469,1.00,1.60
2010.04.23 16:31:30.336,1.44665,1.44695,1.00,3.20
2010.04.23 16:31:30.795,1.44665,1.4469,1.00,1.60
2010.04.23 16:31:31.374,1.44665,1.44695,1.00,1.60
2010.04.23 16:31:31.644,1.44665,1.44695,1.00,3.20
2010.04.23 16:31:32.574,1.4466,1.44685,1.00,1.60
2010.04.23 16:31:32.636,1.4465,1.44685,8.70,3.60
2010.04.23 16:31:32.987,1.44645,1.44685,1.80,10.60
2010.04.23 16:31:33.277,1.44645,1.4468,1.80,2.40
2010.04.23 16:31:34.595,1.44645,1.4468,1.70,4.00
2010.04.23 16:31:35.713,1.44645,1.4468,1.80,4.00
2010.04.23 16:31:37.054,1.44645,1.4468,1.80,2.40
2010.04.23 16:31:37.483,1.44645,1.4468,1.60,2.40
2010.04.23 16:31:37.646,1.4465,1.4468,1.60,1.00
2010.04.23 16:31:38.282,1.4464,1.4468,4.60,1.00
2010.04.23 16:31:38.627,1.4464,1.4468,2.10,2.40
2010.04.23 16:31:38.975,1.4464,1.4468,1.70,2.40
2010.04.23 16:31:39.932,1.4464,1.4468,1.80,2.40
2010.04.23 16:31:40.717,1.4464,1.4468,1.80,2.90
2010.04.23 16:31:42.448,1.4464,1.4468,1.80,2.40
2010.04.23 16:31:42.955,1.4464,1.44685,1.80,18.90
2010.04.23 16:31:43.245,1.4464,1.44685,1.80,19.30
2010.04.23 16:31:49.292,1.4464,1.4468,1.80,2.40
2010.04.23 16:31:52.100,1.4464,1.44685,1.80,19.00
2010.04.23 16:31:54.231,1.4464,1.4468,1.80,2.40
2010.04.23 16:32:01.600,1.4464,1.44675,3.20,1.00
2010.04.23 16:32:01.777,1.44645,1.44675,1.60,5.60
2010.04.23 16:32:01.941,1.44645,1.4468,1.60,4.00
2010.04.23 16:32:02.390,1.44645,1.4468,1.60,1.60
2010.04.23 16:32:02.664,1.44645,1.4468,1.60,4.80
2010.04.23 16:32:03.625,1.4467,1.4468,1.60,1.00
2010.04.23 16:32:03.973,1.4467,1.44715,1.60,1.00
2010.04.23 16:32:04.279,1.4467,1.44725,1.60,12.50
2010.04.23 16:32:04.458,1.4467,1.44725,1.60,12.10
2010.04.23 16:32:06.078,1.4468,1.4471,1.60,1.60
2010.04.23 16:32:06.278,1.4467,1.4471,4.70,3.70
2010.04.23 16:32:06.679,1.4467,1.4471,4.20,3.70
2010.04.23 16:32:06.927,1.4467,1.4471,4.20,4.10
2010.04.23 16:32:07.115,1.4467,1.44705,4.20,1.60
2010.04.23 16:32:12.115,1.4467,1.44705,4.20,2.00
2010.04.23 16:32:12.268,1.4467,1.44705,2.50,3.60
2010.04.23 16:32:12.418,1.4467,1.44705,2.40,3.60
2010.04.23 16:32:12.836,1.44675,1.44705,1.60,2.00
2010.04.23 16:32:12.989,1.44675,1.4471,1.60,4.10
2010.04.23 16:32:13.136,1.44675,1.4471,1.60,3.70
2010.04.23 16:32:27.760,1.44685,1.4471,1.60,2.00
2010.04.23 16:32:28.113,1.44685,1.4471,1.60,1.60
2010.04.23 16:32:28.258,1.44685,1.4471,1.60,1.60
2010.04.23 16:32:28.842,1.4469,1.4471,1.70,1.60
2010.04.23 16:32:28.983,1.447,1.4472,1.60,2.00
2010.04.23 16:32:29.124,1.4469,1.4472,2.60,1.00
2010.04.23 16:32:29.475,1.4469,1.4472,1.60,4.80
2010.04.23 16:32:30.283,1.4469,1.4472,1.60,2.40
2010.04.23 16:32:31.311,1.4469,1.4472,1.60,3.00
2010.04.23 16:32:31.562,1.4469,1.4472,1.70,3.00
2010.04.23 16:32:31.632,1.4469,1.4472,1.60,3.00
2010.04.23 16:32:31.885,1.4469,1.4472,1.60,2.80
2010.04.23 16:32:31.910,1.4469,1.4472,2.40,2.80
2010.04.23 16:32:31.971,1.4469,1.4472,2.40,5.20
2010.04.23 16:32:32.309,1.4469,1.4472,2.40,4.80
2010.04.23 16:32:32.630,1.4469,1.4472,2.40,2.40
2010.04.23 16:32:39.247,1.4469,1.4472,2.40,3.20
2010.04.23 16:32:39.518,1.4469,1.4472,2.40,5.60
2010.04.23 16:32:39.658,1.4469,1.4472,2.40,5.50
2010.04.23 16:32:39.798,1.4469,1.4472,2.40,3.10
2010.04.23 16:32:49.432,1.4469,1.4472,2.40,2.40
2010.04.23 16:32:50.435,1.4469,1.4472,2.40,3.10
2010.04.23 16:32:50.626,1.4469,1.4472,2.40,5.50
2010.04.23 16:32:51.006,1.4469,1.4472,2.40,4.80
2010.04.23 16:32:51.324,1.4469,1.4472,2.40,1.00
2010.04.23 16:33:00.463,1.4469,1.4472,2.40,1.70
2010.04.23 16:33:01.694,1.4471,1.4472,2.40,1.00
2010.04.23 16:33:01.895,1.4471,1.44725,1.60,1.00
2010.04.23 16:33:02.015,1.4471,1.44735,1.60,4.00
2010.04.23 16:33:02.134,1.44695,1.4473,1.60,1.60
2010.04.23 16:33:02.512,1.44695,1.4472,1.00,1.60
2010.04.23 16:33:02.645,1.44695,1.44725,1.60,3.50
2010.04.23 16:33:02.767,1.4469,1.4472,3.40,1.60
2010.04.23 16:33:02.886,1.4469,1.4472,2.40,1.60
2010.04.23 16:33:08.339,1.44695,1.44725,1.60,2.40
2010.04.23 16:33:08.411,1.44695,1.4473,1.60,8.10
2010.04.23 16:33:08.493,1.44695,1.4473,1.60,7.30
2010.04.23 16:33:08.572,1.44695,1.44725,1.60,1.60
2010.04.23 16:33:10.583,1.44695,1.44725,1.70,1.60
2010.04.23 16:33:10.741,1.44695,1.44725,1.80,1.60
2010.04.23 16:33:11.275,1.44695,1.4473,1.80,4.10
2010.04.23 16:33:11.449,1.44705,1.4473,1.60,1.00
2010.04.23 16:33:12.201,1.44705,1.44735,1.60,10.50
2010.04.23 16:33:12.324,1.44705,1.44735,1.60,9.70
2010.04.23 16:33:15.107,1.44705,1.44735,1.60,8.10
2010.04.23 16:33:15.239,1.44705,1.44735,1.60,9.70
2010.04.23 16:33:15.940,1.44705,1.44735,1.60,8.10
2010.04.23 16:33:16.526,1.44705,1.4473,1.60,2.40
2010.04.23 16:33:18.999,1.44705,1.44735,1.60,9.70
2010.04.23 16:33:20.759,1.44705,1.4473,1.60,2.40
2010.04.23 16:33:21.378,1.44705,1.44735,1.60,10.10
2010.04.23 16:33:24.877,1.44705,1.44735,1.60,8.50
2010.04.23 16:33:24.969,1.4471,1.44735,2.40,6.40
2010.04.23 16:33:25.160,1.4471,1.44735,2.40,2.40
2010.04.23 16:33:25.250,1.4471,1.4474,1.60,3.20
2010.04.23 16:33:25.339,1.4471,1.44735,1.60,4.40
2010.04.23 16:33:25.429,1.447,1.4473,1.00,1.60
2010.04.23 16:33:25.519,1.44695,1.44725,2.00,1.60
2010.04.23 16:33:25.701,1.44695,1.44725,2.80,1.60
2010.04.23 16:33:26.345,1.44705,1.4473,1.60,2.40
2010.04.23 16:33:26.690,1.44705,1.44735,1.60,9.70
2010.04.23 16:33:27.238,1.447,1.4473,1.00,1.60
2010.04.23 16:33:27.288,1.447,1.44725,1.00,1.60
2010.04.23 16:33:27.390,1.44695,1.44725,1.60,1.60
2010.04.23 16:33:28.957,1.4471,1.44725,1.00,1.60
2010.04.23 16:33:29.149,1.4471,1.44735,2.40,2.40
2010.04.23 16:33:29.627,1.44705,1.4473,1.00,1.60
2010.04.23 16:33:29.822,1.44705,1.44735,1.60,4.10
2010.04.23 16:33:34.575,1.44705,1.44735,1.60,6.50
2010.04.23 16:33:38.769,1.44695,1.44735,3.00,11.50
2010.04.23 16:33:39.006,1.44695,1.44735,3.00,9.10
2010.04.23 16:33:39.354,1.44695,1.44735,3.00,8.50
2010.04.23 16:33:40.142,1.44695,1.44735,3.00,3.70
2010.04.23 16:33:40.398,1.44695,1.44735,4.50,3.60
2010.04.23 16:33:43.418,1.44705,1.4474,2.40,7.50
2010.04.23 16:33:43.615,1.44705,1.4474,2.40,1.60
2010.04.23 16:33:45.646,1.44705,1.4474,2.60,1.60
2010.04.23 16:33:47.792,1.4472,1.44745,2.40,10.50
2010.04.23 16:33:47.874,1.4472,1.44745,2.40,8.40
2010.04.23 16:33:47.953,1.4472,1.44745,2.40,6.80
2010.04.23 16:33:48.036,1.4472,1.44745,1.60,2.80
2010.04.23 16:33:48.411,1.4472,1.44745,1.60,1.00
2010.04.23 16:33:48.621,1.44705,1.4474,1.60,1.60
2010.04.23 16:33:50.772,1.44705,1.4474,1.80,1.60
2010.04.23 16:33:51.594,1.44705,1.4474,1.70,1.60
2010.04.23 16:33:54.073,1.44705,1.4474,1.80,1.60
2010.04.23 16:33:54.293,1.4472,1.44745,2.40,1.00
2010.04.23 16:33:54.524,1.4471,1.4475,2.40,9.00
2010.04.23 16:33:54.752,1.4471,1.4475,2.40,7.80
2010.04.23 16:33:54.973,1.4471,1.4475,2.40,8.10
2010.04.23 16:33:55.483,1.4471,1.4475,4.80,3.30
2010.04.23 16:33:55.720,1.4471,1.4475,5.00,3.30
2010.04.23 16:33:56.690,1.4471,1.4475,4.90,3.30
2010.04.23 16:34:07.845,1.4471,1.4475,6.40,3.20
2010.04.23 16:34:07.965,1.4471,1.4475,6.40,1.60
2010.04.23 16:34:08.327,1.4471,1.4475,7.20,1.60
2010.04.23 16:34:08.447,1.4471,1.4475,9.60,1.60
2010.04.23 16:34:11.617,1.4471,1.44745,8.70,7.20
2010.04.23 16:34:11.889,1.4471,1.4474,5.60,1.60
2010.04.23 16:34:12.390,1.44715,1.44745,1.60,1.60
2010.04.23 16:34:14.598,1.44715,1.44745,1.70,1.60
2010.04.23 16:34:14.808,1.44715,1.44745,1.80,1.60
2010.04.23 16:34:15.719,1.4472,1.44745,1.60,1.60
2010.04.23 16:34:15.938,1.4471,1.4474,8.00,1.60
2010.04.23 16:34:16.267,1.4471,1.4474,8.40,1.60
2010.04.23 16:34:16.375,1.4471,1.4474,8.00,1.60
2010.04.23 16:34:20.159,1.4473,1.44755,1.60,1.00
2010.04.23 16:34:20.450,1.4472,1.4475,4.80,1.60
2010.04.23 16:34:20.737,1.4472,1.4475,1.00,3.20
2010.04.23 16:34:21.026,1.44715,1.4475,5.40,3.20
2010.04.23 16:34:21.214,1.44715,1.4475,4.80,3.20
2010.04.23 16:34:22.329,1.44715,1.44745,2.60,1.60
2010.04.23 16:34:22.367,1.4471,1.4474,8.00,1.60
2010.04.23 16:34:24.068,1.44715,1.44745,2.40,7.20
2010.04.23 16:34:24.298,1.44715,1.4475,4.00,1.60
2010.04.23 16:34:26.265,1.44715,1.4475,3.20,1.60
2010.04.23 16:34:26.626,1.44715,1.4475,3.40,1.60
2010.04.23 16:34:35.124,1.44715,1.4475,4.90,1.60
2010.04.23 16:34:35.241,1.44715,1.4475,6.50,1.60
2010.04.23 16:34:49.049,1.44725,1.4475,1.00,1.60
2010.04.23 16:34:49.573,1.44725,1.44755,3.60,2.40
2010.04.23 16:34:49.811,1.4472,1.4475,1.60,1.60
2010.04.23 16:34:50.800,1.4472,1.4474,1.60,1.60
2010.04.23 16:34:51.841,1.4472,1.4474,1.60,5.30
2010.04.23 16:34:51.999,1.44715,1.4474,1.00,5.20
2010.04.23 16:34:52.165,1.4471,1.4474,1.80,5.20
2010.04.23 16:34:52.610,1.4471,1.4474,1.80,5.30
2010.04.23 16:34:54.578,1.4471,1.4474,1.70,5.30
2010.04.23 16:34:55.009,1.4471,1.4474,1.80,5.30
2010.04.23 16:35:02.764,1.4471,1.4474,1.80,5.40
2010.04.23 16:35:03.179,1.4471,1.4473,1.60,1.60
2010.04.23 16:35:03.304,1.44705,1.4473,1.60,2.40
2010.04.23 16:35:03.415,1.44705,1.44735,1.60,4.90
2010.04.23 16:35:04.426,1.44705,1.44735,1.60,1.60
2010.04.23 16:35:14.509,1.44705,1.44735,1.60,3.20
2010.04.23 16:35:15.341,1.44705,1.44735,1.60,8.00
2010.04.23 16:35:19.990,1.44705,1.44735,1.60,6.40
2010.04.23 16:35:20.059,1.44705,1.44735,1.60,4.00
2010.04.23 16:35:20.130,1.44705,1.44735,1.60,1.60
2010.04.23 16:35:21.792,1.44705,1.44735,1.60,3.20
2010.04.23 16:35:21.943,1.44705,1.44735,1.60,1.60
2010.04.23 16:35:22.099,1.44705,1.44735,1.60,3.20
2010.04.23 16:35:23.478,1.44705,1.44735,1.60,1.60
2010.04.23 16:35:24.128,1.44705,1.44735,1.60,3.20
2010.04.23 16:35:24.559,1.44705,1.44735,1.60,3.30
2010.04.23 16:35:24.819,1.44705,1.4474,1.60,5.60
2010.04.23 16:35:25.074,1.44705,1.4474,3.20,3.20
2010.04.23 16:35:25.328,1.4471,1.44745,1.60,5.30
2010.04.23 16:35:25.622,1.4471,1.44745,1.60,4.90
2010.04.23 16:35:26.498,1.4471,1.4474,1.60,1.60
2010.04.23 16:35:26.789,1.44705,1.4474,1.80,1.60
2010.04.23 16:35:26.969,1.44705,1.4474,2.60,1.60
2010.04.23 16:35:27.061,1.4471,1.44745,1.80,8.90
2010.04.23 16:35:27.160,1.4472,1.44745,1.00,4.90
2010.04.23 16:35:27.249,1.4472,1.44745,1.00,3.20
2010.04.23 16:35:27.339,1.44725,1.44745,2.60,2.00
2010.04.23 16:35:27.519,1.4471,1.4474,5.00,1.60
2010.04.23 16:35:27.885,1.4471,1.4474,2.60,1.60
2010.04.23 16:35:28.233,1.44715,1.44745,2.40,1.60
2010.04.23 16:35:30.560,1.44715,1.44745,2.50,1.60
2010.04.23 16:35:30.621,1.44715,1.44745,2.60,1.60
2010.04.23 16:35:30.891,1.44715,1.44745,2.40,1.60
2010.04.23 16:35:30.959,1.44715,1.44745,1.60,1.60
2010.04.23 16:35:30.979,1.4471,1.4474,4.10,1.60
2010.04.23 16:35:31.304,1.4471,1.4474,1.80,1.60
2010.04.23 16:35:32.528,1.4471,1.4474,1.80,3.20
2010.04.23 16:35:32.831,1.4471,1.4474,1.80,1.60
2010.04.23 16:35:36.485,1.4471,1.4474,1.80,3.20
2010.04.23 16:35:36.755,1.4471,1.4474,1.80,1.60
2010.04.23 16:35:40.634,1.4471,1.4474,1.80,3.20
2010.04.23 16:35:40.975,1.4471,1.4474,1.80,1.60
2010.04.23 16:35:45.406,1.4471,1.4474,1.80,1.70
2010.04.23 16:35:45.618,1.4471,1.4474,1.00,1.70
2010.04.23 16:35:46.577,1.4471,1.4474,1.00,1.60
2010.04.23 16:35:59.431,1.4471,1.4474,1.00,1.70
2010.04.23 16:35:59.854,1.4471,1.4474,1.00,1.60
2010.04.23 16:36:00.284,1.4471,1.44735,1.00,1.60
2010.04.23 16:36:00.983,1.44705,1.44735,1.00,1.60
2010.04.23 16:36:04.981,1.44705,1.44735,1.50,1.60
2010.04.23 16:36:05.191,1.44705,1.44745,3.20,5.70
2010.04.23 16:36:06.540,1.44705,1.44745,3.30,6.40
2010.04.23 16:36:06.778,1.44705,1.44745,3.30,8.80
2010.04.23 16:36:07.560,1.4471,1.44745,1.00,8.80
2010.04.23 16:36:07.614,1.4471,1.44745,1.00,8.10
2010.04.23 16:36:07.964,1.4471,1.44745,1.00,8.10
2010.04.23 16:36:08.020,1.4471,1.44745,1.00,5.70
2010.04.23 16:36:09.541,1.44705,1.44745,3.20,5.70
2010.04.23 16:36:09.658,1.447,1.44735,10.90,1.60
2010.04.23 16:36:09.777,1.447,1.44735,10.50,1.60
2010.04.23 16:36:09.898,1.447,1.44735,8.10,1.60
2010.04.23 16:36:10.640,1.447,1.44735,8.00,1.60
2010.04.23 16:36:11.681,1.44705,1.44735,1.00,1.60
2010.04.23 16:36:12.612,1.44705,1.44735,1.00,1.60
2010.04.23 16:36:15.156,1.44705,1.4473,1.00,1.60
2010.04.23 16:36:15.278,1.447,1.4473,5.50,1.60
2010.04.23 16:36:15.398,1.447,1.4473,2.40,1.60
2010.04.23 16:36:15.920,1.44695,1.4473,15.00,1.60
2010.04.23 16:36:18.788,1.44695,1.4473,8.80,1.80
2010.04.23 16:36:19.132,1.44695,1.44725,8.00,1.00
2010.04.23 16:36:19.408,1.447,1.44735,3.20,3.70
2010.04.23 16:36:19.670,1.447,1.44735,3.20,3.20
2010.04.23 16:36:19.940,1.4471,1.44735,1.60,1.60
2010.04.23 16:36:21.069,1.44705,1.44735,1.60,3.20
2010.04.23 16:36:21.636,1.44705,1.4473,1.60,1.60
2010.04.23 16:36:21.935,1.4471,1.4474,2.40,6.40
2010.04.23 16:36:22.381,1.4471,1.44735,2.40,1.60
2010.04.23 16:36:22.534,1.44715,1.4474,3.20,1.60
2010.04.23 16:36:22.816,1.44715,1.4475,3.20,1.60
2010.04.23 16:36:23.295,1.44715,1.4474,4.80,1.60
2010.04.23 16:36:23.977,1.44725,1.44755,1.60,7.20
2010.04.23 16:36:24.296,1.44725,1.44755,1.60,6.40
2010.04.23 16:36:24.516,1.44725,1.44755,1.60,4.50
2010.04.23 16:36:24.736,1.44725,1.44755,1.60,1.60
2010.04.23 16:36:24.954,1.4473,1.44755,1.00,1.60
2010.04.23 16:36:25.176,1.4473,1.4475,1.60,1.60
2010.04.23 16:36:25.325,1.4472,1.4475,1.60,1.60
2010.04.23 16:36:25.478,1.44725,1.4475,1.60,1.00
2010.04.23 16:36:25.625,1.44725,1.44755,1.60,4.80
2010.04.23 16:36:25.775,1.44725,1.44755,1.60,6.00
2010.04.23 16:36:26.365,1.44725,1.44755,1.60,3.60
2010.04.23 16:36:26.648,1.44715,1.4474,1.80,1.60
2010.04.23 16:36:26.947,1.44715,1.44745,1.60,6.00
2010.04.23 16:36:27.228,1.44715,1.44745,1.60,8.40
2010.04.23 16:36:27.664,1.44715,1.44745,1.70,8.40
2010.04.23 16:36:27.885,1.44715,1.44745,1.80,8.40
2010.04.23 16:36:29.313,1.44715,1.44745,1.80,6.00
2010.04.23 16:36:30.852,1.44715,1.44745,1.80,4.40
2010.04.23 16:36:31.044,1.4472,1.44745,1.00,2.80
2010.04.23 16:36:31.413,1.4472,1.4475,1.00,8.80
2010.04.23 16:36:31.606,1.4472,1.4475,1.00,2.00
2010.04.23 16:36:33.220,1.44725,1.4475,1.80,1.00
2010.04.23 16:36:33.376,1.44725,1.44755,1.80,4.40
2010.04.23 16:36:33.824,1.44725,1.44755,1.80,3.60
2010.04.23 16:36:34.653,1.44725,1.44755,1.80,3.20
2010.04.23 16:36:39.382,1.44725,1.4475,1.60,1.60
2010.04.23 16:36:39.525,1.4472,1.44755,1.00,8.10
2010.04.23 16:36:43.491,1.4472,1.44755,1.00,9.70
2010.04.23 16:36:45.719,1.4472,1.44755,1.00,12.10
2010.04.23 16:36:46.428,1.4472,1.44755,1.00,9.70
2010.04.23 16:36:51.831,1.4472,1.4475,1.00,1.60
2010.04.23 16:36:53.703,1.4472,1.4475,1.00,4.00
2010.04.23 16:37:00.065,1.44715,1.44745,1.60,1.60
2010.04.23 16:37:00.746,1.4471,1.44745,1.80,1.60
2010.04.23 16:37:01.945,1.4471,1.44745,1.70,1.60
2010.04.23 16:37:02.619,1.4471,1.44745,1.80,1.60
2010.04.23 16:37:03.866,1.44705,1.4474,14.20,1.60
2010.04.23 16:37:04.171,1.44705,1.4474,2.10,4.80
2010.04.23 16:37:04.480,1.44705,1.4474,1.70,4.10
2010.04.23 16:37:06.595,1.44705,1.4473,1.60,1.60
2010.04.23 16:37:07.264,1.44695,1.4473,8.60,1.60
2010.04.23 16:37:08.423,1.447,1.44735,1.60,2.40
2010.04.23 16:37:08.547,1.447,1.44735,4.80,1.60
2010.04.23 16:37:08.965,1.4471,1.44735,1.60,1.60
2010.04.23 16:37:09.098,1.4471,1.4474,6.40,1.00
2010.04.23 16:37:09.224,1.4471,1.44745,7.20,1.70
2010.04.23 16:37:09.555,1.4471,1.4474,6.40,1.60
2010.04.23 16:37:09.884,1.4471,1.4474,7.20,1.60
2010.04.23 16:37:10.215,1.4471,1.44735,4.60,1.00
2010.04.23 16:37:10.545,1.44695,1.4473,8.60,1.60
2010.04.23 16:37:10.814,1.44695,1.4473,9.00,1.60
2010.04.23 16:37:11.083,1.44695,1.4473,8.60,1.60
2010.04.23 16:37:11.963,1.44695,1.4473,6.90,1.60
2010.04.23 16:37:12.643,1.44695,1.4473,6.80,1.60
2010.04.23 16:37:12.762,1.44695,1.4473,7.10,1.60
2010.04.23 16:37:13.563,1.44695,1.4473,7.20,1.60
2010.04.23 16:37:13.684,1.44695,1.4473,7.20,1.60
2010.04.23 16:37:13.936,1.447,1.44735,4.80,1.60
2010.04.23 16:37:14.193,1.447,1.4474,4.80,5.70
2010.04.23 16:37:14.443,1.44705,1.4474,1.60,4.10
2010.04.23 16:37:15.672,1.44705,1.4474,1.70,4.10
2010.04.23 16:37:18.129,1.44705,1.4474,1.70,3.80
2010.04.23 16:37:18.222,1.44705,1.4474,1.70,8.60
2010.04.23 16:37:18.796,1.44695,1.4473,6.00,1.60
2010.04.23 16:37:19.023,1.44695,1.4473,8.00,1.60
2010.04.23 16:37:19.461,1.44695,1.4473,8.80,1.60
2010.04.23 16:37:20.121,1.44695,1.4473,8.00,1.60
2010.04.23 16:37:20.480,1.44695,1.4473,3.20,1.60
2010.04.23 16:37:25.211,1.44695,1.4473,3.10,1.60
2010.04.23 16:37:25.300,1.44695,1.44725,3.10,1.60
2010.04.23 16:37:25.390,1.44695,1.44725,1.60,1.60
2010.04.23 16:37:26.149,1.4469,1.44725,1.00,1.60
2010.04.23 16:37:26.760,1.4469,1.44725,1.00,1.60
2010.04.23 16:37:27.619,1.4469,1.44725,1.00,1.70
2010.04.23 16:37:32.947,1.4469,1.44725,2.60,1.00
2010.04.23 16:37:33.302,1.44695,1.4473,1.60,1.70
2010.04.23 16:37:33.646,1.44695,1.4473,2.00,1.70
2010.04.23 16:37:33.907,1.44695,1.4473,6.80,1.70
2010.04.23 16:37:35.312,1.44695,1.44725,6.80,1.60
2010.04.23 16:37:35.766,1.44695,1.44715,5.20,1.60
2010.04.23 16:37:35.880,1.447,1.44725,1.60,1.00
2010.04.23 16:37:36.595,1.447,1.4473,1.60,1.60
2010.04.23 16:37:37.620,1.447,1.4473,1.70,1.60
2010.04.23 16:37:37.970,1.447,1.4473,1.80,1.60
2010.04.23 16:37:39.028,1.4472,1.44735,1.60,3.20
2010.04.23 16:37:39.260,1.4472,1.4474,2.40,1.00
2010.04.23 16:37:39.729,1.4472,1.44755,2.40,3.60
2010.04.23 16:37:40.417,1.4472,1.44755,2.40,4.00
2010.04.23 16:37:40.955,1.4472,1.44755,2.40,3.60
2010.04.23 16:37:41.428,1.4472,1.44755,2.40,4.40
2010.04.23 16:37:41.569,1.4473,1.44755,1.60,2.80
2010.04.23 16:37:41.718,1.4473,1.44755,1.60,1.10
2010.04.23 16:37:41.856,1.4473,1.4476,1.60,4.00
2010.04.23 16:37:41.998,1.4473,1.4476,1.60,1.60
2010.04.23 16:37:42.138,1.44735,1.44765,2.40,3.20
2010.04.23 16:37:42.705,1.4473,1.44765,1.80,3.20
2010.04.23 16:37:42.930,1.4473,1.44765,1.80,7.10
2010.04.23 16:37:43.151,1.4473,1.44765,1.80,10.10
2010.04.23 16:37:43.370,1.4473,1.44765,1.80,4.80
2010.04.23 16:37:43.592,1.4473,1.44765,1.80,1.60
2010.04.23 16:37:44.540,1.44735,1.44765,1.70,1.60
2010.04.23 16:37:44.648,1.44735,1.4477,3.40,7.20
2010.04.23 16:37:44.847,1.44735,1.4477,3.40,7.60
2010.04.23 16:37:44.946,1.44735,1.4477,3.40,2.00
2010.04.23 16:37:45.046,1.44735,1.4477,3.40,1.60
2010.04.23 16:37:45.948,1.4473,1.44765,4.70,1.60
2010.04.23 16:37:46.291,1.44735,1.4477,4.00,1.00
2010.04.23 16:37:46.640,1.44735,1.44765,1.00,1.60
2010.04.23 16:37:46.837,1.4473,1.4476,4.80,1.60
2010.04.23 16:37:47.037,1.4473,1.4476,2.40,1.60
2010.04.23 16:37:47.238,1.4473,1.4476,2.50,1.60
2010.04.23 16:37:47.723,1.44735,1.44765,1.60,1.60
2010.04.23 16:37:47.861,1.44735,1.4477,6.80,1.00
2010.04.23 16:37:48.116,1.44735,1.4477,7.00,1.00
2010.04.23 16:37:48.246,1.44735,1.44775,6.30,2.40
2010.04.23 16:37:48.380,1.44735,1.44775,8.70,2.40
2010.04.23 16:37:48.504,1.44735,1.44775,8.80,2.40
2010.04.23 16:37:49.389,1.44735,1.44775,8.40,2.40
2010.04.23 16:37:49.741,1.44735,1.44775,6.50,2.40
2010.04.23 16:37:49.939,1.44735,1.44765,1.60,1.60
2010.04.23 16:37:51.218,1.4473,1.44765,4.20,1.60
2010.04.23 16:37:51.447,1.4473,1.44765,1.80,1.60
2010.04.23 16:37:51.908,1.44735,1.4477,3.20,2.40
2010.04.23 16:37:52.003,1.44735,1.44775,3.20,6.90
2010.04.23 16:37:52.107,1.44735,1.44775,3.20,4.50
2010.04.23 16:37:52.207,1.44735,1.44775,3.20,7.20
2010.04.23 16:37:52.573,1.44735,1.44775,4.00,7.20
2010.04.23 16:37:52.674,1.44735,1.44775,4.00,4.80
2010.04.23 16:37:52.772,1.44735,1.44775,6.40,2.40
2010.04.23 16:37:54.019,1.44735,1.44775,3.40,2.40
2010.04.23 16:37:55.815,1.44735,1.44775,1.60,4.00
2010.04.23 16:37:56.037,1.4473,1.44765,4.60,1.60
2010.04.23 16:37:56.552,1.4473,1.44765,4.20,1.60
2010.04.23 16:37:57.664,1.44735,1.44765,1.00,1.60
2010.04.23 16:38:02.570,1.4473,1.44765,4.20,1.60
2010.04.23 16:38:05.052,1.4473,1.44765,1.80,1.60
2010.04.23 16:38:05.191,1.4473,1.44765,4.20,1.60
2010.04.23 16:38:06.318,1.4473,1.44765,5.00,1.60
2010.04.23 16:38:06.534,1.44735,1.44775,1.60,9.60
2010.04.23 16:38:06.749,1.44735,1.44775,1.60,7.20
2010.04.23 16:38:06.973,1.44745,1.44775,1.60,1.60
2010.04.23 16:38:07.191,1.44745,1.44785,1.60,11.70
2010.04.23 16:38:07.414,1.44745,1.44785,1.60,9.20
2010.04.23 16:38:07.593,1.44745,1.44785,4.50,6.10
2010.04.23 16:38:08.258,1.44745,1.44785,4.50,6.80
2010.04.23 16:38:08.750,1.44745,1.44785,4.70,6.80
2010.04.23 16:38:09.648,1.44745,1.44785,4.70,6.40
2010.04.23 16:38:09.768,1.4475,1.44785,1.00,6.40
2010.04.23 16:38:13.252,1.4475,1.44785,1.80,2.40
2010.04.23 16:38:13.498,1.4475,1.44785,1.80,1.00
2010.04.23 16:38:14.320,1.4475,1.44785,2.50,1.00
2010.04.23 16:38:15.592,1.44755,1.44785,1.00,1.00
2010.04.23 16:38:21.739,1.4475,1.44785,1.00,2.40
2010.04.23 16:38:21.858,1.44745,1.44785,6.90,4.80
2010.04.23 16:38:21.917,1.44745,1.44785,5.30,4.80
2010.04.23 16:38:21.977,1.44745,1.44785,3.80,4.80
2010.04.23 16:38:22.257,1.44745,1.44785,3.40,4.80
2010.04.23 16:38:22.528,1.44745,1.44785,4.20,4.80
2010.04.23 16:38:22.736,1.4475,1.44785,1.00,4.80
2010.04.23 16:38:23.084,1.4475,1.44785,2.50,2.40
2010.04.23 16:38:23.401,1.4475,1.44785,1.00,2.40
2010.04.23 16:38:23.718,1.4475,1.44785,1.00,4.80
2010.04.23 16:38:25.515,1.4475,1.44785,1.00,4.80
2010.04.23 16:38:25.695,1.4475,1.44785,1.00,4.80
2010.04.23 16:38:27.875,1.4475,1.44785,1.00,2.40
2010.04.23 16:38:29.613,1.44745,1.44785,8.10,2.40
2010.04.23 16:38:32.464,1.44745,1.4478,8.10,1.60
2010.04.23 16:38:32.637,1.44745,1.44775,4.80,3.20
2010.04.23 16:38:32.815,1.4474,1.44775,2.50,3.20
2010.04.23 16:38:34.632,1.4474,1.44775,2.50,1.60
2010.04.23 16:38:35.112,1.4474,1.44775,5.60,1.60
2010.04.23 16:38:36.072,1.44745,1.44775,1.60,1.60
2010.04.23 16:38:37.276,1.44745,1.4478,3.20,1.00
2010.04.23 16:38:37.343,1.44745,1.44785,3.20,8.00
2010.04.23 16:38:37.413,1.44745,1.44785,3.40,8.20
2010.04.23 16:38:37.542,1.44745,1.44785,3.40,5.80
2010.04.23 16:38:37.614,1.44745,1.44785,3.40,5.20
2010.04.23 16:38:37.683,1.44745,1.44785,3.40,4.80
2010.04.23 16:38:41.920,1.44745,1.44785,5.80,2.40
2010.04.23 16:38:43.810,1.44745,1.44785,3.40,4.80
2010.04.23 16:38:44.039,1.44755,1.44785,1.60,4.80
2010.04.23 16:38:44.272,1.44755,1.44785,1.60,4.80
2010.04.23 16:38:44.542,1.44755,1.44785,1.60,1.60
2010.04.23 16:38:46.801,1.44745,1.4478,9.00,1.60
2010.04.23 16:38:46.951,1.44745,1.4478,9.20,1.60
2010.04.23 16:38:47.251,1.44745,1.4478,8.90,1.60
2010.04.23 16:38:47.800,1.44745,1.4478,7.30,1.60
2010.04.23 16:38:48.669,1.44745,1.4478,7.20,1.60
2010.04.23 16:38:49.421,1.44745,1.44775,5.50,1.60
2010.04.23 16:38:49.652,1.4474,1.44775,7.20,1.60
2010.04.23 16:38:49.720,1.4474,1.44775,7.20,6.80
2010.04.23 16:38:49.791,1.4474,1.4477,5.40,1.60
2010.04.23 16:38:49.930,1.4474,1.4477,4.80,1.60
2010.04.23 16:38:50.000,1.4474,1.4477,2.40,1.60
2010.04.23 16:38:50.069,1.44735,1.4477,8.80,1.60
2010.04.23 16:38:50.139,1.44735,1.4477,8.90,1.60
2010.04.23 16:38:51.919,1.44735,1.4477,10.50,1.60
2010.04.23 16:38:52.040,1.4474,1.44775,1.00,1.60
2010.04.23 16:38:52.158,1.4474,1.44775,2.90,1.60
2010.04.23 16:38:52.280,1.4474,1.44775,5.50,1.60
2010.04.23 16:38:53.050,1.44755,1.44775,1.00,1.60
2010.04.23 16:38:59.394,1.44755,1.44775,1.00,7.10
2010.04.23 16:38:59.721,1.44755,1.4477,1.00,1.60
2010.04.23 16:39:00.002,1.44755,1.4477,1.00,4.00
2010.04.23 16:39:00.283,1.44755,1.44775,1.00,8.90
2010.04.23 16:39:00.557,1.44755,1.44775,1.00,6.40
2010.04.23 16:39:00.838,1.44755,1.44775,1.00,7.30
2010.04.23 16:39:01.069,1.44755,1.44775,1.00,8.90
2010.04.23 16:39:01.541,1.44755,1.4477,1.00,1.00
2010.04.23 16:39:01.784,1.44755,1.44765,1.00,1.60
2010.04.23 16:39:03.683,1.44755,1.4477,1.00,6.40
2010.04.23 16:39:05.586,1.44755,1.4477,1.00,5.60
2010.04.23 16:39:05.645,1.44755,1.4477,1.00,4.00
2010.04.23 16:39:05.706,1.44755,1.4477,1.00,2.40
2010.04.23 16:39:05.765,1.44755,1.44775,1.00,8.00
2010.04.23 16:39:05.826,1.44755,1.44775,1.00,3.20
2010.04.23 16:39:05.884,1.44755,1.44775,1.00,1.00
2010.04.23 16:39:06.266,1.44755,1.4478,1.00,8.90
2010.04.23 16:39:10.809,1.44755,1.44775,1.00,1.60
2010.04.23 16:39:10.959,1.44755,1.4478,1.00,4.00
2010.04.23 16:39:11.105,1.44755,1.4478,1.00,8.80
2010.04.23 16:39:12.973,1.44755,1.4478,1.00,7.20
2010.04.23 16:39:13.398,1.44755,1.4478,1.00,2.40
2010.04.23 16:39:13.539,1.44755,1.4478,1.00,1.70
2010.04.23 16:39:16.423,1.44755,1.4478,1.00,4.10
2010.04.23 16:39:22.056,1.44755,1.44775,1.00,1.00
2010.04.23 16:39:22.122,1.44755,1.44775,1.00,2.30
2010.04.23 16:39:22.212,1.44755,1.4477,1.00,1.60
2010.04.23 16:39:22.622,1.44755,1.4477,1.00,3.20
2010.04.23 16:39:26.841,1.44755,1.4477,1.00,1.60
2010.04.23 16:39:27.463,1.44755,1.44765,1.00,1.60
2010.04.23 16:39:27.830,1.44755,1.4477,1.00,1.60
2010.04.23 16:39:27.874,1.44755,1.4477,1.00,3.20
2010.04.23 16:39:28.053,1.44755,1.4477,1.00,4.00
2010.04.23 16:39:28.170,1.44755,1.4477,1.00,4.60
2010.04.23 16:39:28.524,1.44755,1.4477,1.00,4.50
2010.04.23 16:39:29.845,1.44755,1.4477,1.00,5.50
2010.04.23 16:39:30.322,1.44755,1.4477,1.00,4.80
2010.04.23 16:39:34.173,1.44755,1.4477,1.00,2.40
2010.04.23 16:39:34.825,1.44755,1.4478,1.00,2.20
2010.04.23 16:39:35.148,1.44755,1.4478,1.00,1.70
2010.04.23 16:39:36.073,1.44755,1.4478,1.00,3.30
2010.04.23 16:39:36.727,1.44755,1.4477,1.00,7.30
2010.04.23 16:39:36.912,1.44755,1.4477,1.00,4.80
2010.04.23 16:39:40.083,1.44755,1.4476,1.00,1.60
2010.04.23 16:39:46.386,1.4472,1.4476,1.60,1.60
2010.04.23 16:39:46.585,1.4472,1.4476,1.60,3.20
2010.04.23 16:39:46.968,1.4472,1.4476,1.60,3.30
2010.04.23 16:39:47.185,1.44715,1.44765,11.20,2.50
2010.04.23 16:39:47.519,1.44735,1.4477,4.00,1.00
2010.04.23 16:39:48.151,1.4473,1.44765,2.40,1.60
2010.04.23 16:39:52.499,1.44735,1.4477,1.60,1.70
2010.04.23 16:39:55.582,1.44735,1.4477,1.60,1.60
2010.04.23 16:39:58.632,1.44735,1.4477,3.20,1.60
2010.04.23 16:40:01.487,1.44735,1.4477,3.20,1.70
2010.04.23 16:40:01.676,1.44735,1.4477,1.60,1.70
2010.04.23 16:40:01.953,1.44735,1.4477,3.20,1.70
2010.04.23 16:40:06.212,1.44735,1.4477,3.20,4.10
2010.04.23 16:40:10.658,1.44735,1.4477,3.20,2.50
2010.04.23 16:40:10.739,1.44735,1.4477,3.20,1.70
2010.04.23 16:40:11.253,1.44735,1.4477,3.20,3.30
2010.04.23 16:40:11.331,1.44735,1.4477,3.20,4.10
2010.04.23 16:40:12.522,1.44735,1.4477,1.60,4.10
2010.04.23 16:40:13.137,1.44735,1.4477,3.20,4.10
2010.04.23 16:40:15.602,1.44735,1.4477,3.20,6.50
2010.04.23 16:40:15.745,1.44735,1.4477,3.20,4.10
2010.04.23 16:40:18.708,1.44735,1.4477,3.20,7.20
2010.04.23 16:40:18.859,1.44735,1.4477,3.20,9.60
2010.04.23 16:40:19.748,1.44735,1.4477,3.20,1.70
2010.04.23 16:40:29.805,1.44735,1.4477,3.20,1.60
2010.04.23 16:40:35.619,1.44735,1.44765,1.60,4.80
2010.04.23 16:40:35.727,1.44735,1.44765,1.60,5.40
2010.04.23 16:40:36.035,1.44735,1.44765,1.60,5.30
2010.04.23 16:40:36.134,1.44735,1.44765,1.60,5.50
2010.04.23 16:40:36.416,1.44735,1.44765,1.60,5.30
2010.04.23 16:40:37.863,1.44735,1.44765,3.20,5.30
2010.04.23 16:40:37.934,1.44735,1.44765,3.20,4.80
2010.04.23 16:40:38.004,1.44735,1.44765,3.20,2.40
2010.04.23 16:40:40.042,1.44735,1.4477,4.90,6.40
2010.04.23 16:40:40.311,1.44735,1.44765,3.10,1.60
2010.04.23 16:40:40.580,1.44735,1.44765,1.60,1.60
2010.04.23 16:40:41.994,1.44735,1.4476,1.60,1.60
2010.04.23 16:40:42.337,1.44725,1.4476,3.50,1.60
2010.04.23 16:40:42.868,1.44725,1.4476,3.10,1.60
2010.04.23 16:40:45.411,1.44725,1.4476,3.20,1.60
2010.04.23 16:40:45.614,1.4473,1.44765,1.60,6.90
2010.04.23 16:40:46.003,1.44735,1.44765,1.60,5.20
2010.04.23 16:40:46.265,1.44735,1.44765,3.20,4.80
2010.04.23 16:40:46.393,1.44735,1.44765,3.20,2.40
2010.04.23 16:40:46.794,1.44735,1.44765,1.60,1.60
2010.04.23 16:40:47.138,1.4473,1.44765,1.60,1.60
2010.04.23 16:40:56.133,1.44735,1.44765,1.60,1.60
2010.04.23 16:41:01.858,1.44735,1.44765,3.10,1.60
2010.04.23 16:41:07.033,1.4473,1.44755,3.10,1.60
2010.04.23 16:41:07.369,1.44725,1.44755,5.50,1.60
2010.04.23 16:41:09.270,1.44735,1.44755,1.60,1.60
2010.04.23 16:41:09.369,1.44735,1.44765,1.60,2.00
2010.04.23 16:41:09.753,1.44735,1.44765,1.60,1.60
2010.04.23 16:41:10.088,1.4473,1.44765,4.00,1.60
2010.04.23 16:41:14.585,1.4473,1.44765,3.90,1.60
2010.04.23 16:41:24.722,1.4473,1.4476,1.60,1.00
2010.04.23 16:41:25.321,1.44725,1.44755,3.10,1.60
2010.04.23 16:41:32.093,1.44735,1.44765,1.60,2.40
2010.04.23 16:41:35.375,1.44735,1.44765,1.60,1.60
2010.04.23 16:41:39.239,1.4473,1.44765,1.60,1.60
2010.04.23 16:41:44.599,1.44735,1.4477,1.60,10.80
2010.04.23 16:41:44.800,1.44735,1.4477,2.40,3.20
2010.04.23 16:41:46.576,1.44735,1.4477,2.40,3.20
2010.04.23 16:41:46.826,1.44735,1.4477,2.50,3.20
2010.04.23 16:41:47.237,1.44735,1.4477,2.50,1.60
2010.04.23 16:41:47.887,1.44735,1.4477,2.50,3.20
2010.04.23 16:41:49.065,1.44735,1.4477,2.50,1.60
2010.04.23 16:41:50.520,1.44735,1.44765,2.40,1.80
2010.04.23 16:41:50.681,1.4473,1.44755,5.20,1.60
2010.04.23 16:41:51.127,1.4473,1.44755,1.00,1.00
2010.04.23 16:41:51.296,1.44725,1.44755,1.60,1.60
2010.04.23 16:41:52.145,1.44725,1.44765,2.40,7.70
2010.04.23 16:41:52.678,1.44725,1.44765,2.40,7.30
2010.04.23 16:41:53.756,1.44725,1.44765,2.50,7.30
2010.04.23 16:41:54.248,1.44735,1.44765,1.60,4.00
2010.04.23 16:41:54.466,1.44735,1.4477,1.60,3.70
2010.04.23 16:41:54.674,1.44735,1.4477,1.60,3.30
2010.04.23 16:41:56.667,1.44735,1.4477,1.60,3.70
2010.04.23 16:41:56.788,1.44735,1.4477,1.60,3.30
2010.04.23 16:41:58.427,1.44735,1.4477,1.60,3.70
2010.04.23 16:41:59.498,1.44735,1.4477,1.60,6.30
2010.04.23 16:41:59.609,1.44735,1.4476,1.60,1.00
2010.04.23 16:42:00.069,1.44725,1.44755,4.00,1.60
2010.04.23 16:42:00.423,1.44725,1.44765,4.90,5.30
2010.04.23 16:42:00.764,1.44725,1.44765,5.30,4.90
2010.04.23 16:42:01.772,1.4473,1.44765,1.00,4.90
2010.04.23 16:42:02.091,1.44735,1.4477,1.60,4.50
2010.04.23 16:42:03.850,1.44725,1.44765,3.10,8.70
2010.04.23 16:42:04.057,1.44725,1.44765,8.10,3.30
2010.04.23 16:42:04.264,1.44725,1.44765,2.50,3.30
2010.04.23 16:42:05.133,1.44725,1.44765,5.60,4.90
2010.04.23 16:42:05.665,1.44725,1.44765,5.60,3.30
2010.04.23 16:42:06.852,1.44725,1.44765,6.40,3.30
2010.04.23 16:42:07.024,1.4473,1.44765,1.60,3.30
2010.04.23 16:42:07.174,1.44735,1.4477,1.60,4.50
2010.04.23 16:42:07.526,1.44735,1.4477,1.60,4.40
2010.04.23 16:42:07.689,1.44735,1.4477,1.60,1.60
2010.04.23 16:42:07.849,1.4473,1.44765,6.10,1.60
2010.04.23 16:42:08.012,1.4473,1.44765,4.60,1.60
2010.04.23 16:42:08.352,1.4473,1.44765,4.00,1.60
2010.04.23 16:42:08.990,1.4474,1.4477,1.60,3.10
2010.04.23 16:42:09.339,1.44745,1.4478,1.60,5.60
2010.04.23 16:42:09.595,1.4474,1.44775,1.60,1.60
2010.04.23 16:42:11.760,1.4474,1.44775,1.60,2.40
2010.04.23 16:42:12.243,1.4474,1.44775,1.60,7.20
2010.04.23 16:42:17.098,1.4474,1.44775,1.60,6.40
2010.04.23 16:42:17.239,1.4474,1.44775,1.60,1.60
2010.04.23 16:42:17.938,1.4474,1.44775,1.60,4.00
2010.04.23 16:42:17.959,1.4474,1.44775,1.60,6.40
2010.04.23 16:42:25.316,1.4474,1.44775,1.60,6.50
2010.04.23 16:42:26.002,1.4474,1.44775,1.60,8.10
2010.04.23 16:42:26.897,1.4474,1.44775,1.60,8.90
2010.04.23 16:42:27.147,1.4474,1.4477,1.60,2.40
2010.04.23 16:42:50.903,1.4474,1.44775,1.60,8.80
2010.04.23 16:42:59.330,1.4474,1.44775,1.60,8.70
2010.04.23 16:42:59.408,1.4474,1.4477,1.60,2.40
2010.04.23 16:43:04.440,1.4474,1.44765,1.60,4.00
2010.04.23 16:43:04.550,1.44735,1.44765,2.40,10.40
2010.04.23 16:43:04.659,1.44735,1.44765,2.40,8.80
2010.04.23 16:43:05.081,1.44735,1.44765,1.60,8.80
2010.04.23 16:43:05.959,1.44725,1.4475,1.60,1.60
2010.04.23 16:43:06.163,1.44715,1.4475,4.00,1.60
2010.04.23 16:43:06.363,1.44725,1.44755,1.60,8.80
2010.04.23 16:43:06.560,1.44725,1.44755,1.60,8.80
2010.04.23 16:43:07.043,1.44725,1.44755,1.60,8.60
2010.04.23 16:43:08.747,1.44725,1.44755,1.80,8.60
2010.04.23 16:43:08.930,1.44735,1.44755,1.60,4.80
2010.04.23 16:43:09.021,1.4473,1.44755,2.40,4.00
2010.04.23 16:43:09.372,1.4473,1.44755,2.40,4.00
2010.04.23 16:43:09.665,1.4473,1.44755,1.60,1.60
2010.04.23 16:43:30.119,1.44725,1.44745,1.00,3.20
2010.04.23 16:43:30.399,1.4471,1.44745,2.00,4.80
2010.04.23 16:43:30.813,1.4471,1.44745,1.60,4.90
2010.04.23 16:43:38.891,1.4472,1.44745,1.60,1.60
2010.04.23 16:43:39.030,1.4472,1.44745,1.60,1.60
2010.04.23 16:43:42.471,1.44715,1.44745,1.00,3.30
2010.04.23 16:43:42.690,1.4472,1.44745,1.60,1.60
2010.04.23 16:43:44.199,1.4472,1.44745,1.60,3.20
2010.04.23 16:43:44.729,1.44705,1.4474,3.20,1.60
2010.04.23 16:43:44.939,1.44705,1.44735,1.60,4.90
2010.04.23 16:43:45.146,1.44705,1.44735,1.60,3.20
2010.04.23 16:43:45.351,1.44705,1.44735,1.60,1.60
2010.04.23 16:43:45.716,1.44715,1.4474,1.60,1.00
2010.04.23 16:43:46.066,1.44715,1.44745,1.60,4.00
2010.04.23 16:43:47.455,1.44705,1.4474,2.40,1.60
2010.04.23 16:43:47.621,1.44705,1.4474,2.40,3.20
2010.04.23 16:43:48.344,1.44705,1.44735,2.40,1.60
2010.04.23 16:43:48.548,1.447,1.44735,4.00,3.20
2010.04.23 16:43:48.748,1.447,1.44735,1.60,3.20
2010.04.23 16:43:49.223,1.44695,1.4473,8.10,1.60
2010.04.23 16:43:49.429,1.44695,1.4473,1.60,3.20
2010.04.23 16:43:49.633,1.44695,1.4473,1.60,1.70
2010.04.23 16:43:53.066,1.44695,1.4473,1.60,3.30
2010.04.23 16:43:53.431,1.4469,1.4472,1.60,1.60
2010.04.23 16:43:53.622,1.4469,1.4472,2.00,4.00
2010.04.23 16:43:53.808,1.4469,1.44715,1.00,4.00
2010.04.23 16:43:54.530,1.4469,1.4472,1.60,9.70
2010.04.23 16:43:54.852,1.4469,1.44715,1.60,2.40
2010.04.23 16:43:55.667,1.44695,1.44715,1.60,2.40
2010.04.23 16:43:55.859,1.44695,1.4472,1.60,1.00
2010.04.23 16:43:56.050,1.4469,1.4472,1.60,2.30
2010.04.23 16:43:56.237,1.4469,1.44715,1.60,2.40
2010.04.23 16:43:56.806,1.4469,1.4472,1.60,4.10
2010.04.23 16:43:56.995,1.4469,1.4472,1.60,1.70
2010.04.23 16:43:58.608,1.4469,1.4472,1.60,4.10
2010.04.23 16:44:01.950,1.4469,1.4472,1.60,4.00
2010.04.23 16:44:01.993,1.4469,1.4472,1.60,2.40
2010.04.23 16:44:02.244,1.4469,1.4472,1.60,1.60
2010.04.23 16:44:10.871,1.44685,1.4472,1.00,1.60
2010.04.23 16:44:11.018,1.4468,1.4472,4.40,4.00
2010.04.23 16:44:11.164,1.4468,1.4472,4.00,4.00
2010.04.23 16:44:11.485,1.4468,1.4472,1.60,4.00
2010.04.23 16:44:11.630,1.4468,1.4472,1.60,9.50
2010.04.23 16:44:13.462,1.4468,1.4472,1.60,4.00
2010.04.23 16:44:14.141,1.4468,1.4472,1.60,6.40
2010.04.23 16:44:14.991,1.4468,1.4472,1.60,9.60
2010.04.23 16:44:19.717,1.4468,1.44715,1.60,1.60
2010.04.23 16:44:19.837,1.4468,1.4471,1.60,1.60
2010.04.23 16:44:26.609,1.4468,1.4471,1.60,6.90
2010.04.23 16:44:26.948,1.4468,1.4471,1.60,1.60
2010.04.23 16:44:32.368,1.4468,1.4471,1.60,7.20
2010.04.23 16:44:32.647,1.4468,1.4471,1.60,6.80
2010.04.23 16:44:32.866,1.4468,1.44705,1.60,2.40
2010.04.23 16:44:37.467,1.4467,1.447,1.00,6.40
2010.04.23 16:44:38.019,1.4467,1.44705,1.60,6.90
2010.04.23 16:44:38.195,1.4468,1.44705,1.60,2.80
2010.04.23 16:44:38.372,1.4468,1.44705,1.60,2.40
2010.04.23 16:44:47.725,1.4468,1.44705,1.60,3.20
2010.04.23 16:44:47.873,1.4468,1.44705,1.60,6.40
2010.04.23 16:44:48.025,1.4467,1.447,1.60,7.10
2010.04.23 16:44:48.323,1.4467,1.447,1.60,7.20
2010.04.23 16:44:48.655,1.4467,1.447,1.60,6.40
2010.04.23 16:44:48.833,1.4467,1.447,1.60,1.60
2010.04.23 16:44:52.712,1.4467,1.44695,1.60,1.60
2010.04.23 16:44:53.083,1.4466,1.44695,5.60,3.20
2010.04.23 16:44:53.217,1.4466,1.44695,1.60,4.80
2010.04.23 16:44:53.345,1.4466,1.44695,1.60,5.60
2010.04.23 16:44:53.472,1.4466,1.44695,1.60,4.00
2010.04.23 16:44:54.092,1.4466,1.44695,1.60,6.50
2010.04.23 16:45:03.138,1.4466,1.44695,1.60,4.90
2010.04.23 16:45:03.220,1.4466,1.44695,1.60,4.10
2010.04.23 16:45:11.421,1.4466,1.44695,1.60,5.70
2010.04.23 16:45:11.448,1.4466,1.44695,1.60,6.50
2010.04.23 16:45:16.067,1.4466,1.4469,1.60,1.00
2010.04.23 16:45:16.277,1.4466,1.4469,1.60,2.90
2010.04.23 16:45:16.991,1.4466,1.44685,1.60,2.40
2010.04.23 16:45:17.347,1.44655,1.44685,1.60,10.50
2010.04.23 16:45:17.692,1.44655,1.44685,1.60,10.40
2010.04.23 16:45:18.044,1.44645,1.44675,1.60,2.40
2010.04.23 16:45:18.514,1.44645,1.44675,1.70,3.00
2010.04.23 16:45:18.711,1.4464,1.4467,4.70,1.60
2010.04.23 16:45:18.911,1.4464,1.4467,1.00,2.00
2010.04.23 16:45:19.107,1.44645,1.4467,1.60,5.20
2010.04.23 16:45:19.430,1.44645,1.44675,1.60,6.40
2010.04.23 16:45:19.747,1.44645,1.44675,1.60,4.80
2010.04.23 16:45:21.062,1.4464,1.4467,1.60,1.60
2010.04.23 16:45:21.255,1.44635,1.4467,2.90,1.60
2010.04.23 16:45:21.644,1.44635,1.4467,2.50,1.60
2010.04.23 16:45:23.644,1.44645,1.44675,1.60,9.50
2010.04.23 16:45:23.754,1.44645,1.44675,1.60,7.90
2010.04.23 16:45:23.824,1.44645,1.44675,1.60,7.20
2010.04.23 16:45:24.460,1.44645,1.44675,1.60,6.40
2010.04.23 16:45:24.763,1.44635,1.44675,2.40,8.10
2010.04.23 16:45:25.055,1.44635,1.44675,2.40,8.80
2010.04.23 16:45:25.686,1.44635,1.44675,3.20,8.80
2010.04.23 16:45:25.860,1.44645,1.44675,1.60,5.60
2010.04.23 16:45:26.039,1.44645,1.44675,1.60,1.00
2010.04.23 16:45:27.666,1.44635,1.4467,5.40,2.40
2010.04.23 16:45:27.855,1.44635,1.4467,4.10,2.40
2010.04.23 16:45:28.765,1.4464,1.4467,1.00,2.40
2010.04.23 16:45:28.917,1.44645,1.4467,1.60,2.40
2010.04.23 16:45:29.075,1.44645,1.44675,1.60,1.00
2010.04.23 16:45:31.607,1.44645,1.44675,1.80,1.00
2010.04.23 16:45:34.308,1.44655,1.4468,1.60,4.00
2010.04.23 16:45:34.514,1.44655,1.4468,1.60,1.00
2010.04.23 16:45:37.545,1.44645,1.44675,1.80,1.00
2010.04.23 16:45:42.312,1.44655,1.4468,1.60,1.60
2010.04.23 16:45:42.431,1.44655,1.44675,1.60,4.80
2010.04.23 16:45:42.552,1.44645,1.44675,1.60,4.80
2010.04.23 16:45:42.790,1.44645,1.44675,1.60,6.40
2010.04.23 16:45:44.327,1.44645,1.44675,1.80,4.80
2010.04.23 16:45:44.529,1.44645,1.4468,2.50,5.40
2010.04.23 16:45:44.738,1.44645,1.44675,1.60,5.20
2010.04.23 16:45:45.359,1.4463,1.4467,4.40,3.90
2010.04.23 16:45:45.706,1.4463,1.4467,3.20,6.50
2010.04.23 16:45:46.050,1.4463,1.4467,3.20,4.90
2010.04.23 16:45:46.329,1.4463,1.4467,3.20,4.10
2010.04.23 16:45:46.610,1.4463,1.4467,3.30,4.10
2010.04.23 16:45:47.731,1.4463,1.4467,3.20,4.10
2010.04.23 16:45:48.778,1.4463,1.4467,3.30,4.10
2010.04.23 16:45:49.907,1.44635,1.4467,1.00,4.10
2010.04.23 16:45:51.028,1.44635,1.4467,1.00,1.70
2010.04.23 16:45:51.509,1.44635,1.4467,1.00,1.60
2010.04.23 16:45:57.978,1.44635,1.4467,1.00,4.00
2010.04.23 16:46:01.947,1.44635,1.4467,1.00,1.60
2010.04.23 16:46:03.737,1.44635,1.4467,2.30,1.60
2010.04.23 16:46:09.084,1.44635,1.4467,3.90,1.60
2010.04.23 16:46:09.185,1.4464,1.4467,1.00,1.60
2010.04.23 16:46:09.285,1.4464,1.4467,2.30,1.60
2010.04.23 16:46:09.384,1.4464,1.4468,4.40,6.80
2010.04.23 16:46:14.623,1.4464,1.4468,9.90,1.60
2010.04.23 16:46:15.476,1.44645,1.4468,4.30,1.60
2010.04.23 16:46:15.613,1.44645,1.44685,8.40,7.20
2010.04.23 16:46:15.756,1.44655,1.44685,1.00,3.20
2010.04.23 16:46:15.896,1.44665,1.44685,1.00,3.20
2010.04.23 16:46:16.035,1.4466,1.44685,1.00,1.60
2010.04.23 16:46:16.721,1.4466,1.44695,2.40,3.20
2010.04.23 16:46:23.696,1.4466,1.44695,1.60,3.20
2010.04.23 16:46:23.711,1.44655,1.44685,11.00,1.60
2010.04.23 16:46:23.764,1.44655,1.44685,9.40,1.60
2010.04.23 16:46:23.805,1.44655,1.44685,8.70,1.60
2010.04.23 16:46:23.853,1.44655,1.44685,6.30,1.60
2010.04.23 16:46:24.097,1.44655,1.44695,4.40,5.60
2010.04.23 16:46:24.332,1.44655,1.44695,6.80,3.20
2010.04.23 16:46:25.119,1.44655,1.44695,4.40,5.60
2010.04.23 16:46:25.353,1.44655,1.44695,4.40,3.20
2010.04.23 16:46:26.061,1.44655,1.44695,4.40,3.70
2010.04.23 16:46:26.285,1.44655,1.44695,4.40,5.60
2010.04.23 16:46:26.500,1.44655,1.44695,4.40,3.20
2010.04.23 16:46:29.951,1.44655,1.4469,2.80,1.00
2010.04.23 16:46:30.462,1.4465,1.44685,2.40,5.60
2010.04.23 16:46:30.652,1.4465,1.44685,2.40,1.60
2010.04.23 16:46:31.005,1.4466,1.4468,1.00,1.00
2010.04.23 16:46:31.359,1.4466,1.4468,2.80,1.00
2010.04.23 16:46:31.705,1.4466,1.44695,2.80,7.00
2010.04.23 16:46:32.055,1.44655,1.44685,1.60,3.20
2010.04.23 16:46:32.686,1.44655,1.44685,1.00,4.00
2010.04.23 16:46:33.554,1.4466,1.44685,1.00,2.40
2010.04.23 16:46:33.753,1.4466,1.4469,2.40,2.90
2010.04.23 16:46:34.151,1.44655,1.4469,3.00,4.80
2010.04.23 16:46:34.458,1.4465,1.4468,4.00,1.00
2010.04.23 16:46:34.741,1.4465,1.4468,4.00,4.80
2010.04.23 16:46:35.773,1.44655,1.4468,1.00,4.80
2010.04.23 16:46:36.020,1.44655,1.44685,1.00,7.10
2010.04.23 16:46:36.258,1.44655,1.44685,1.00,4.70
2010.04.23 16:46:36.498,1.44655,1.44685,1.00,4.00
2010.04.23 16:46:39.031,1.44655,1.44685,1.00,6.40
2010.04.23 16:46:42.995,1.44655,1.44685,1.00,4.00
2010.04.23 16:46:44.716,1.44655,1.44685,1.00,2.40
2010.04.23 16:46:44.998,1.4466,1.44685,1.00,2.40
2010.04.23 16:46:45.460,1.44665,1.4469,1.00,3.20
2010.04.23 16:46:45.612,1.44665,1.44695,1.60,6.40
2010.04.23 16:46:45.758,1.4466,1.4469,3.20,2.40
2010.04.23 16:46:46.205,1.44655,1.44685,2.60,1.60
2010.04.23 16:46:46.350,1.44655,1.4469,1.50,6.40
2010.04.23 16:46:46.697,1.44655,1.44685,1.00,4.80
2010.04.23 16:46:47.036,1.44655,1.44685,1.00,2.80
2010.04.23 16:46:54.542,1.44655,1.44685,1.00,4.40
2010.04.23 16:46:54.979,1.44655,1.44685,1.00,6.00
2010.04.23 16:46:55.104,1.44655,1.44685,1.00,6.40
2010.04.23 16:46:55.564,1.44655,1.44685,1.00,5.60
2010.04.23 16:46:55.905,1.4465,1.4468,4.00,2.40
2010.04.23 16:46:56.254,1.4465,1.4468,4.00,3.00
2010.04.23 16:46:57.005,1.4465,1.4468,4.00,5.20
2010.04.23 16:46:58.034,1.4465,1.4468,4.00,2.40
2010.04.23 16:47:02.131,1.4465,1.4468,4.00,4.80
2010.04.23 16:47:07.620,1.4465,1.4468,2.40,4.80
2010.04.23 16:47:08.624,1.4465,1.4468,1.00,6.40
2010.04.23 16:47:08.898,1.44645,1.4468,1.00,2.20
2010.04.23 16:47:09.165,1.4465,1.44685,2.40,2.30
2010.04.23 16:47:09.663,1.4466,1.44685,1.00,1.60
2010.04.23 16:47:09.985,1.4466,1.44695,3.20,3.20
2010.04.23 16:47:10.293,1.4466,1.44695,3.70,3.20
2010.04.23 16:47:11.947,1.4466,1.4469,2.40,1.60
2010.04.23 16:47:13.480,1.44665,1.4469,1.00,1.60
2010.04.23 16:47:13.799,1.4466,1.4469,4.00,1.60
2010.04.23 16:47:17.647,1.4466,1.4469,2.40,1.60
2010.04.23 16:47:22.169,1.4465,1.4469,7.80,1.60
2010.04.23 16:47:22.513,1.4465,1.44685,4.70,1.60
2010.04.23 16:47:22.655,1.4465,1.44685,5.50,2.80
2010.04.23 16:47:22.789,1.4466,1.44685,1.00,2.80
2010.04.23 16:47:22.929,1.4466,1.44685,1.00,1.00
2010.04.23 16:47:23.208,1.4466,1.44695,3.20,4.90
2010.04.23 16:47:23.487,1.4466,1.44695,1.00,4.90
2010.04.23 16:47:24.676,1.4466,1.44695,2.40,4.90
2010.04.23 16:47:25.152,1.4466,1.44695,2.40,6.50
2010.04.23 16:47:25.276,1.44655,1.4469,5.90,2.10
2010.04.23 16:47:25.691,1.44655,1.4469,2.40,2.10
2010.04.23 16:47:25.829,1.4465,1.4469,12.50,2.40
2010.04.23 16:47:27.005,1.4465,1.4469,10.90,2.40
2010.04.23 16:47:27.269,1.4465,1.44685,6.00,1.60
2010.04.23 16:47:27.408,1.44645,1.4468,8.10,1.60
2010.04.23 16:47:27.536,1.44645,1.4468,7.70,1.60
2010.04.23 16:47:27.666,1.44645,1.4468,5.20,1.60
2010.04.23 16:47:31.454,1.44645,1.4468,4.80,1.60
2010.04.23 16:47:32.404,1.44645,1.4468,5.30,1.60
2010.04.23 16:47:37.763,1.4465,1.44685,2.40,2.30
2010.04.23 16:47:37.843,1.4465,1.4469,2.80,9.00
2010.04.23 16:47:38.262,1.4465,1.4469,8.00,4.50
2010.04.23 16:47:38.343,1.4465,1.4469,8.00,4.80
2010.04.23 16:47:38.883,1.4465,1.4469,8.00,3.20
2010.04.23 16:47:40.652,1.4465,1.4469,8.10,3.20
2010.04.23 16:47:40.872,1.4465,1.4469,8.20,3.20
2010.04.23 16:47:43.448,1.4465,1.4469,8.00,3.40
2010.04.23 16:47:43.533,1.4465,1.4469,7.60,3.80
2010.04.23 16:47:43.642,1.4465,1.4468,7.60,1.60
2010.04.23 16:47:43.757,1.4465,1.4469,3.00,5.60
2010.04.23 16:47:44.280,1.4465,1.4469,8.20,2.40
2010.04.23 16:47:45.013,1.4465,1.4469,6.20,2.40
2010.04.23 16:47:45.693,1.4465,1.44685,7.00,1.00
2010.04.23 16:47:45.948,1.44645,1.4468,6.00,4.00
2010.04.23 16:47:46.203,1.44645,1.4468,2.40,7.20
2010.04.23 16:47:46.551,1.44645,1.4468,2.00,7.20
2010.04.23 16:47:46.824,1.44645,1.4467,1.60,1.00
2010.04.23 16:47:47.079,1.44635,1.44665,4.40,1.60
2010.04.23 16:47:47.649,1.44645,1.4467,2.40,2.80
2010.04.23 16:47:47.897,1.44645,1.4468,2.40,3.30
2010.04.23 16:47:48.897,1.44635,1.4466,1.00,2.40
2010.04.23 16:47:49.503,1.44625,1.4465,1.00,1.60
2010.04.23 16:47:49.851,1.4462,1.44655,1.60,7.20
2010.04.23 16:47:50.146,1.44615,1.4465,5.90,1.60
2010.04.23 16:47:50.733,1.44615,1.4465,5.50,1.60
2010.04.23 16:47:53.551,1.4462,1.4465,1.00,1.60
2010.04.23 16:47:53.760,1.4462,1.44655,2.40,1.60
2010.04.23 16:47:55.269,1.4462,1.44655,2.40,6.80
2010.04.23 16:47:55.463,1.4462,1.44655,1.60,4.40
2010.04.23 16:47:55.662,1.44615,1.4465,7.10,1.60
2010.04.23 16:47:58.660,1.44615,1.4465,4.00,1.60
2010.04.23 16:47:59.111,1.4462,1.4465,1.00,1.60
2010.04.23 16:47:59.219,1.4462,1.44655,2.40,4.60
2010.04.23 16:47:59.330,1.44615,1.4465,7.60,1.60
2010.04.23 16:47:59.439,1.44615,1.4465,10.30,1.60
2010.04.23 16:47:59.548,1.44615,1.4465,6.80,1.60
2010.04.23 16:47:59.658,1.44615,1.4465,4.40,1.60
2010.04.23 16:48:00.059,1.44615,1.4465,3.60,1.60
2010.04.23 16:48:00.404,1.4461,1.4464,1.90,1.60
2010.04.23 16:48:00.751,1.4461,1.4464,1.50,1.60
2010.04.23 16:48:03.723,1.44615,1.4464,1.00,1.60
2010.04.23 16:48:03.837,1.44615,1.44645,1.00,6.00
2010.04.23 16:48:03.867,1.44615,1.44645,1.00,5.50
2010.04.23 16:48:04.241,1.44605,1.4464,8.30,1.60
2010.04.23 16:48:04.345,1.44605,1.4464,7.60,1.60
2010.04.23 16:48:04.686,1.44605,1.4464,7.20,1.60
2010.04.23 16:48:05.086,1.44605,1.4464,7.60,1.60
2010.04.23 16:48:06.886,1.44615,1.44645,1.00,6.40
2010.04.23 16:48:07.027,1.44615,1.44645,1.00,3.90
2010.04.23 16:48:07.167,1.44615,1.4465,1.00,8.10
2010.04.23 16:48:07.307,1.44615,1.4465,1.00,6.40
2010.04.23 16:48:07.446,1.44615,1.4465,1.00,5.60
2010.04.23 16:48:07.881,1.4462,1.4465,2.40,2.40
2010.04.23 16:48:08.083,1.4463,1.4466,1.00,5.50
2010.04.23 16:48:08.277,1.4463,1.4466,1.00,5.20
2010.04.23 16:48:08.478,1.4463,1.4466,1.00,4.80
2010.04.23 16:48:08.699,1.44625,1.44655,1.00,1.60
2010.04.23 16:48:08.919,1.4462,1.44655,4.00,1.60
2010.04.23 16:48:11.025,1.4462,1.44655,1.60,1.60
2010.04.23 16:48:11.390,1.44615,1.4464,1.60,1.60
2010.04.23 16:48:11.630,1.44605,1.4463,5.10,1.60
2010.04.23 16:48:11.948,1.44605,1.4464,4.70,7.90
2010.04.23 16:48:12.577,1.44605,1.4464,4.70,4.80
2010.04.23 16:48:12.837,1.44605,1.4464,4.70,2.40
2010.04.23 16:48:13.357,1.44605,1.4463,1.60,1.60
2010.04.23 16:48:14.134,1.44605,1.4464,3.10,2.40
2010.04.23 16:48:15.379,1.4461,1.4464,2.40,1.60
2010.04.23 16:48:16.276,1.44605,1.44635,1.00,1.60
2010.04.23 16:48:16.556,1.4461,1.4464,2.40,8.00
2010.04.23 16:48:16.838,1.4461,1.4464,2.40,1.60
2010.04.23 16:48:17.048,1.446,1.4463,1.00,1.60
2010.04.23 16:48:17.397,1.446,1.4463,1.00,4.00
2010.04.23 16:48:17.608,1.44595,1.4463,8.00,4.00
2010.04.23 16:48:18.236,1.446,1.4463,2.40,2.40
2010.04.23 16:48:18.377,1.446,1.4464,5.20,9.20
2010.04.23 16:48:18.525,1.446,1.4463,3.10,1.60
2010.04.23 16:48:18.665,1.446,1.4463,1.60,4.00
2010.04.23 16:48:18.803,1.44595,1.4463,8.40,4.00
2010.04.23 16:48:18.943,1.44595,1.4463,8.00,4.00
2010.04.23 16:48:19.226,1.446,1.4463,4.00,2.40
2010.04.23 16:48:19.769,1.446,1.4464,6.00,9.30
2010.04.23 16:48:20.095,1.446,1.4463,1.60,1.60
2010.04.23 16:48:21.705,1.446,1.4463,4.00,1.60
2010.04.23 16:48:22.424,1.446,1.4463,3.20,1.60
2010.04.23 16:48:22.912,1.446,1.4463,4.00,1.60
2010.04.23 16:48:23.173,1.446,1.4463,3.20,1.60
2010.04.23 16:48:24.253,1.446,1.4463,1.60,1.60
2010.04.23 16:48:24.964,1.446,1.44625,1.60,2.40
2010.04.23 16:48:25.213,1.446,1.4463,1.60,1.60
2010.04.23 16:48:25.464,1.446,1.4463,1.60,4.80
2010.04.23 16:48:25.711,1.446,1.4463,1.60,7.20
2010.04.23 16:48:27.224,1.446,1.4463,1.60,1.60
2010.04.23 16:48:27.915,1.446,1.4463,1.60,1.70
2010.04.23 16:48:30.092,1.44605,1.44635,1.60,4.80
2010.04.23 16:48:30.312,1.44605,1.4464,2.40,3.70
2010.04.23 16:48:30.533,1.4461,1.4464,1.00,1.60
2010.04.23 16:48:31.063,1.44615,1.44645,1.60,8.10
2010.04.23 16:48:31.353,1.446,1.4463,2.00,1.60
2010.04.23 16:48:31.645,1.446,1.4463,1.60,1.60
2010.04.23 16:48:35.301,1.4459,1.44625,11.40,3.20
2010.04.23 16:48:35.420,1.4459,1.44625,7.60,3.20
2010.04.23 16:48:35.851,1.44595,1.4463,1.60,4.40
2010.04.23 16:48:35.972,1.44595,1.4463,1.60,4.00
2010.04.23 16:48:36.593,1.4459,1.44625,6.80,1.60
2010.04.23 16:48:36.903,1.44595,1.4463,1.60,4.00
2010.04.23 16:48:37.605,1.44595,1.4463,1.60,4.70
2010.04.23 16:48:37.904,1.4459,1.44625,1.00,6.40
2010.04.23 16:48:38.203,1.44585,1.44625,6.00,7.70
2010.04.23 16:48:38.341,1.4459,1.44625,1.00,4.60
2010.04.23 16:48:38.480,1.44595,1.44625,1.60,1.00
2010.04.23 16:48:38.618,1.44595,1.4463,1.60,4.10
2010.04.23 16:48:39.859,1.44585,1.44625,10.80,4.80
2010.04.23 16:48:40.093,1.44585,1.44625,1.60,9.60
2010.04.23 16:48:40.581,1.44595,1.44625,1.60,5.60
2010.04.23 16:48:40.739,1.44595,1.44625,1.60,2.40
2010.04.23 16:48:40.899,1.44595,1.4463,1.60,6.10
2010.04.23 16:48:41.060,1.44595,1.44625,1.60,1.10
2010.04.23 16:48:41.220,1.44585,1.44625,5.20,6.80
2010.04.23 16:48:41.480,1.44585,1.44625,5.20,9.20
2010.04.23 16:48:41.830,1.4459,1.44625,1.00,6.90
2010.04.23 16:48:42.092,1.44595,1.44625,1.60,5.50
2010.04.23 16:48:42.281,1.44585,1.4462,9.20,2.40
2010.04.23 16:48:42.469,1.44595,1.4463,1.60,6.80
2010.04.23 16:48:42.657,1.44595,1.4463,1.60,6.40
2010.04.23 16:48:43.038,1.44595,1.4463,1.60,5.70
2010.04.23 16:48:45.193,1.44595,1.44625,1.60,1.00
2010.04.23 16:48:45.324,1.44585,1.4462,1.60,3.20
2010.04.23 16:48:45.438,1.44585,1.4462,1.60,5.60
2010.04.23 16:48:48.218,1.44585,1.44615,1.60,2.80
2010.04.23 16:48:49.265,1.44585,1.44615,1.60,2.40
2010.04.23 16:48:49.436,1.44585,1.4462,1.60,5.50
2010.04.23 16:48:49.626,1.44585,1.44615,1.60,2.40
2010.04.23 16:48:51.331,1.44575,1.44605,1.90,1.60
2010.04.23 16:48:51.458,1.44575,1.44605,1.00,1.60
2010.04.23 16:48:51.588,1.44575,1.4461,1.60,5.20
2010.04.23 16:48:51.828,1.44585,1.4461,1.60,4.80
2010.04.23 16:48:51.946,1.44585,1.4461,1.60,2.40
2010.04.23 16:48:52.066,1.44585,1.44615,1.60,2.80
2010.04.23 16:48:52.305,1.44585,1.44615,1.60,2.40
2010.04.23 16:48:55.546,1.44585,1.44615,1.70,2.40
2010.04.23 16:48:55.794,1.44585,1.44615,1.60,2.40
2010.04.23 16:49:01.454,1.44585,1.4462,1.60,4.80
2010.04.23 16:49:03.123,1.44585,1.4462,1.60,4.80
2010.04.23 16:49:03.195,1.44585,1.4462,1.60,2.40
2010.04.23 16:49:23.550,1.44585,1.4462,1.60,4.50
2010.04.23 16:49:23.597,1.44585,1.4462,1.60,6.90
2010.04.23 16:49:23.687,1.44585,1.4462,1.80,6.90
2010.04.23 16:49:23.783,1.44585,1.4462,1.60,6.90
2010.04.23 16:49:23.832,1.44595,1.4462,1.60,6.90
2010.04.23 16:49:23.880,1.44595,1.4462,1.60,4.50
2010.04.23 16:49:23.903,1.44595,1.4462,1.60,2.40
2010.04.23 16:49:24.347,1.44595,1.4462,1.60,1.00
2010.04.23 16:49:24.391,1.44595,1.44625,2.40,1.00
2010.04.23 16:49:24.433,1.44595,1.4463,2.40,8.70
2010.04.23 16:49:24.812,1.4459,1.44625,1.60,1.60
2010.04.23 16:49:26.065,1.44585,1.4462,4.80,1.60
2010.04.23 16:49:26.351,1.44585,1.4462,3.20,1.60
2010.04.23 16:49:26.641,1.4459,1.4462,1.00,1.60
2010.04.23 16:49:26.992,1.44595,1.44625,1.60,9.30
2010.04.23 16:49:27.340,1.44595,1.44625,1.60,8.70
2010.04.23 16:49:28.157,1.44595,1.44625,1.60,8.90
2010.04.23 16:49:28.289,1.44595,1.44625,1.60,4.10
2010.04.23 16:49:29.737,1.44595,1.4462,1.60,3.20
2010.04.23 16:49:29.960,1.4458,1.44605,1.00,1.60
2010.04.23 16:49:30.216,1.44575,1.44605,5.20,1.60
2010.04.23 16:49:30.472,1.44575,1.44605,4.80,1.60
2010.04.23 16:49:31.969,1.44585,1.44605,1.60,1.60
2010.04.23 16:49:32.322,1.44585,1.4462,3.20,3.30
2010.04.23 16:49:34.350,1.44585,1.4461,3.20,1.60
2010.04.23 16:49:34.478,1.4458,1.44605,3.70,1.60
2010.04.23 16:49:34.613,1.4458,1.44615,2.20,6.90
2010.04.23 16:49:34.743,1.44585,1.44615,1.60,1.00
2010.04.23 16:49:35.181,1.4458,1.44615,2.10,1.70
2010.04.23 16:49:35.305,1.4458,1.44615,1.60,1.70
2010.04.23 16:49:37.773,1.44575,1.44605,3.20,1.60
2010.04.23 16:49:38.040,1.44575,1.44605,1.60,1.60
2010.04.23 16:49:39.366,1.44575,1.446,1.60,1.00
2010.04.23 16:49:39.545,1.44575,1.446,1.60,5.20
2010.04.23 16:49:40.460,1.44575,1.44595,1.60,5.40
2010.04.23 16:49:40.625,1.4456,1.4459,6.00,1.60
2010.04.23 16:49:40.797,1.44565,1.44595,1.60,5.90
2010.04.23 16:49:41.077,1.4456,1.4459,3.60,1.60
2010.04.23 16:49:41.357,1.4456,1.4459,1.60,1.60
2010.04.23 16:49:41.639,1.44565,1.44595,1.60,1.00
2010.04.23 16:49:42.267,1.4456,1.44595,4.60,1.60
2010.04.23 16:49:42.707,1.44565,1.446,1.60,4.00
2010.04.23 16:49:42.929,1.4457,1.44605,1.60,2.80
2010.04.23 16:49:43.429,1.4457,1.4461,1.60,6.90
2010.04.23 16:49:43.719,1.4457,1.44605,1.70,1.60
2010.04.23 16:49:44.003,1.4457,1.4461,1.70,6.80
2010.04.23 16:49:44.566,1.4457,1.4461,3.20,6.80
2010.04.23 16:49:44.726,1.4458,1.4461,1.60,1.00
2010.04.23 16:49:44.883,1.44575,1.44605,4.40,1.60
2010.04.23 16:49:45.035,1.44575,1.44605,1.60,1.60
2010.04.23 16:49:51.969,1.44575,1.44605,3.20,1.60
2010.04.23 16:49:52.243,1.44585,1.4461,1.80,1.00
2010.04.23 16:49:52.382,1.44585,1.44615,1.60,3.20
2010.04.23 16:49:52.521,1.4458,1.44615,2.00,1.70
2010.04.23 16:49:53.207,1.4459,1.4462,1.00,2.80
2010.04.23 16:49:53.555,1.4459,1.44625,1.80,6.10
2010.04.23 16:49:53.693,1.4459,1.44625,1.80,5.70
2010.04.23 16:50:05.347,1.4459,1.44625,1.60,6.40
2010.04.23 16:50:05.447,1.4458,1.4462,7.60,3.30
2010.04.23 16:50:05.548,1.4458,1.4462,7.00,3.30
2010.04.23 16:50:05.892,1.4458,1.44615,2.20,1.60
2010.04.23 16:50:06.163,1.44575,1.4461,2.00,1.60
2010.04.23 16:50:06.428,1.44575,1.4461,1.60,1.60
2010.04.23 16:50:08.197,1.44575,1.4461,1.60,1.70
2010.04.23 16:50:13.898,1.4458,1.44615,1.60,7.00
2010.04.23 16:50:14.069,1.4458,1.44615,1.60,2.40
2010.04.23 16:50:14.287,1.4458,1.4462,1.60,4.10
2010.04.23 16:50:14.725,1.4458,1.4462,4.40,1.70
2010.04.23 16:50:15.360,1.44585,1.4462,1.60,4.10
2010.04.23 16:50:15.609,1.44585,1.4462,3.20,4.10
2010.04.23 16:50:15.859,1.44585,1.4462,1.60,4.80
2010.04.23 16:50:18.003,1.44585,1.4462,1.60,4.10
2010.04.23 16:50:20.034,1.44585,1.4462,1.60,4.80
2010.04.23 16:50:20.363,1.44585,1.4462,3.20,4.80
2010.04.23 16:50:20.454,1.44585,1.4462,3.20,4.10
2010.04.23 16:50:20.624,1.44585,1.4462,3.20,1.70
2010.04.23 16:50:22.497,1.44585,1.4462,1.60,1.60
2010.04.23 16:50:22.615,1.4459,1.44625,1.60,1.70
2010.04.23 16:50:22.973,1.4459,1.44625,1.60,1.60
2010.04.23 16:50:33.314,1.44585,1.4462,1.00,1.60
2010.04.23 16:50:33.492,1.4458,1.4462,5.30,4.00
2010.04.23 16:50:33.671,1.4458,1.4462,5.20,4.00
2010.04.23 16:50:33.763,1.4458,1.44615,3.20,2.30
2010.04.23 16:50:34.080,1.4458,1.44615,1.60,2.30
2010.04.23 16:50:34.170,1.4459,1.44615,1.60,3.20
2010.04.23 16:50:34.509,1.44585,1.4462,1.60,1.70
2010.04.23 16:50:34.836,1.4458,1.4462,1.60,4.10
2010.04.23 16:50:35.730,1.4458,1.4462,1.80,4.10
2010.04.23 16:50:36.993,1.4458,1.4462,1.70,4.10
2010.04.23 16:50:39.248,1.4458,1.4462,3.30,4.10
2010.04.23 16:50:39.409,1.44585,1.4462,1.60,4.10
2010.04.23 16:50:40.285,1.44585,1.4462,1.60,4.60
2010.04.23 16:50:40.753,1.44585,1.4462,1.60,6.50
2010.04.23 16:50:40.990,1.44585,1.4462,1.60,4.10
2010.04.23 16:50:41.219,1.4458,1.4462,3.30,4.10
2010.04.23 16:50:41.916,1.4458,1.44615,3.30,1.00
2010.04.23 16:50:44.384,1.4458,1.44615,1.70,1.00
2010.04.23 16:50:45.381,1.4458,1.4462,1.70,4.80
2010.04.23 16:50:46.958,1.4458,1.4462,1.70,4.60
2010.04.23 16:50:48.005,1.4458,1.4462,5.60,4.00
2010.04.23 16:50:49.264,1.44585,1.4462,1.60,4.00
2010.04.23 16:50:49.378,1.44585,1.4462,3.20,4.00
2010.04.23 16:50:54.314,1.44585,1.4462,1.60,4.00
2010.04.23 16:50:58.394,1.44585,1.4462,3.20,4.00
2010.04.23 16:50:58.625,1.44585,1.4462,1.00,4.00
2010.04.23 16:50:58.856,1.44585,1.4462,1.00,1.60
2010.04.23 16:50:59.228,1.4458,1.4462,3.30,4.00
2010.04.23 16:50:59.323,1.4458,1.4462,3.70,4.00
2010.04.23 16:50:59.652,1.4458,1.4462,3.30,4.00
2010.04.23 16:51:00.184,1.4458,1.4462,3.70,4.00
2010.04.23 16:51:00.637,1.4458,1.4462,3.30,4.00
2010.04.23 16:51:01.553,1.4458,1.4462,3.70,4.00
2010.04.23 16:51:02.242,1.4458,1.4462,3.60,4.00
2010.04.23 16:51:02.453,1.4458,1.4462,3.20,6.40
2010.04.23 16:51:03.197,1.4458,1.4462,3.60,6.40
2010.04.23 16:51:03.641,1.4458,1.4462,2.00,6.40
2010.04.23 16:51:03.726,1.4458,1.4462,5.20,6.40
2010.04.23 16:51:03.897,1.44585,1.4462,1.60,6.40
2010.04.23 16:51:04.125,1.44585,1.4462,3.20,6.40
2010.04.23 16:51:04.264,1.44585,1.4462,3.20,7.20
2010.04.23 16:51:04.975,1.44585,1.4462,3.20,4.80
2010.04.23 16:51:05.113,1.44585,1.4462,3.20,4.00
2010.04.23 16:51:08.733,1.44585,1.4462,5.60,1.60
2010.04.23 16:51:09.383,1.44585,1.4462,3.20,4.00
2010.04.23 16:51:13.472,1.44585,1.4462,1.60,4.00
2010.04.23 16:51:15.133,1.4459,1.4462,1.60,1.60
2010.04.23 16:51:15.383,1.44585,1.4462,3.30,1.60
2010.04.23 16:51:15.723,1.4459,1.4462,2.40,1.60
2010.04.23 16:51:15.978,1.44585,1.4462,3.20,4.00
2010.04.23 16:51:16.583,1.44585,1.4462,3.20,4.80
2010.04.23 16:51:16.881,1.44585,1.4462,1.60,4.80
2010.04.23 16:51:17.524,1.4459,1.4462,1.60,2.40
2010.04.23 16:51:18.002,1.4459,1.4462,3.20,1.60
2010.04.23 16:51:20.680,1.4459,1.4462,5.60,1.60
2010.04.23 16:51:21.139,1.4459,1.4462,3.20,1.60
2010.04.23 16:51:21.655,1.44585,1.4461,2.00,1.60
2010.04.23 16:51:21.827,1.4458,1.44615,1.00,1.60
2010.04.23 16:51:21.984,1.4458,1.44615,2.40,1.60
2010.04.23 16:51:23.069,1.4458,1.44615,3.90,1.60
2010.04.23 16:51:24.229,1.4458,1.44615,4.00,1.60
2010.04.23 16:51:24.498,1.4458,1.44615,3.90,1.60
2010.04.23 16:51:26.597,1.4458,1.44615,4.30,1.60
2010.04.23 16:51:28.030,1.44585,1.4462,1.80,2.40
2010.04.23 16:51:28.151,1.44585,1.4462,1.80,1.60
2010.04.23 16:51:29.349,1.44585,1.4462,1.60,1.60
2010.04.23 16:51:29.590,1.44585,1.4461,1.60,1.60
2010.04.23 16:51:30.887,1.44585,1.4461,3.20,1.60
2010.04.23 16:51:35.680,1.44585,1.4461,1.60,1.60
2010.04.23 16:51:35.811,1.4458,1.44605,2.40,1.60
2010.04.23 16:51:36.008,1.4458,1.44605,3.10,1.60
2010.04.23 16:51:36.386,1.4458,1.44605,2.40,1.60
2010.04.23 16:51:40.105,1.44585,1.4461,1.60,2.40
2010.04.23 16:51:40.473,1.44585,1.4461,1.60,1.60
2010.04.23 16:51:49.153,1.4458,1.4461,6.40,1.60
2010.04.23 16:51:50.088,1.44585,1.4461,1.60,1.60
2010.04.23 16:51:50.436,1.44585,1.4462,1.60,2.40
2010.04.23 16:51:51.284,1.44585,1.4462,1.60,4.80
2010.04.23 16:51:52.506,1.44585,1.4462,3.20,4.80
2010.04.23 16:51:52.832,1.44585,1.4462,6.30,4.80
2010.04.23 16:51:52.992,1.4459,1.4462,1.60,4.80
2010.04.23 16:51:53.203,1.44585,1.4462,6.30,2.40
2010.04.23 16:51:55.642,1.44585,1.4462,8.70,2.40
2010.04.23 16:51:56.743,1.44585,1.4462,7.10,2.40
2010.04.23 16:51:57.201,1.44585,1.4462,4.70,4.80
2010.04.23 16:52:02.062,1.44585,1.4461,3.10,1.60
2010.04.23 16:52:02.194,1.44575,1.4461,3.10,1.60
2010.04.23 16:52:13.348,1.4457,1.44605,6.00,1.00
2010.04.23 16:52:13.426,1.4457,1.446,2.80,1.60
2010.04.23 16:52:13.458,1.4457,1.446,1.00,1.60
2010.04.23 16:52:13.869,1.44565,1.446,4.40,1.60
2010.04.23 16:52:13.956,1.44565,1.446,6.00,1.60
2010.04.23 16:52:13.987,1.44565,1.446,5.60,1.60
2010.04.23 16:52:14.016,1.44565,1.446,4.80,1.60
2010.04.23 16:52:15.487,1.44565,1.446,12.00,1.60
2010.04.23 16:52:15.925,1.44565,1.44605,12.00,2.40
2010.04.23 16:52:16.145,1.44565,1.44605,12.40,2.40
2010.04.23 16:52:17.295,1.4457,1.44605,1.60,2.40
2010.04.23 16:52:17.486,1.44575,1.44605,1.60,2.40
2010.04.23 16:52:17.858,1.4457,1.44605,1.60,2.40
2010.04.23 16:52:18.566,1.4457,1.44605,1.60,4.80
2010.04.23 16:52:22.405,1.44565,1.44605,5.20,4.80
2010.04.23 16:52:23.305,1.44565,1.44605,4.80,4.80
2010.04.23 16:52:31.734,1.44565,1.44605,10.00,2.40
2010.04.23 16:52:31.942,1.44575,1.44605,1.60,1.60
2010.04.23 16:52:33.515,1.44575,1.44605,1.60,1.70
2010.04.23 16:52:42.229,1.44575,1.44605,1.60,1.00
2010.04.23 16:52:43.654,1.44575,1.4461,3.20,3.30
2010.04.23 16:52:44.023,1.44585,1.4461,1.60,1.60
2010.04.23 16:52:44.217,1.44575,1.4461,3.20,1.60
2010.04.23 16:52:45.440,1.4458,1.44615,1.60,9.20
2010.04.23 16:52:45.977,1.4458,1.44615,1.60,6.10
2010.04.23 16:52:46.243,1.4458,1.44615,1.60,3.30
2010.04.23 16:52:50.570,1.44575,1.4461,4.00,1.60
2010.04.23 16:52:50.818,1.44575,1.4461,1.60,1.60
2010.04.23 16:52:51.829,1.44575,1.4461,1.60,4.00
2010.04.23 16:52:52.128,1.44575,1.4461,1.60,6.40
2010.04.23 16:52:52.590,1.44575,1.4461,1.60,6.60
2010.04.23 16:52:54.441,1.44575,1.4461,1.60,1.80
2010.04.23 16:52:57.780,1.4458,1.4461,1.60,1.60
2010.04.23 16:52:58.481,1.4458,1.4461,1.60,4.00
2010.04.23 16:52:59.799,1.44585,1.44615,1.60,4.80
2010.04.23 16:53:00.131,1.44585,1.44615,1.60,2.40
2010.04.23 16:53:00.388,1.44585,1.4462,1.60,7.40
2010.04.23 16:53:00.637,1.44585,1.4462,1.60,7.20
2010.04.23 16:53:01.368,1.4458,1.4461,1.60,1.60
2010.04.23 16:53:01.699,1.4458,1.4461,1.60,4.00
2010.04.23 16:53:02.914,1.4458,1.4461,2.40,4.00
2010.04.23 16:53:03.575,1.4458,1.4461,2.40,1.60
2010.04.23 16:53:04.414,1.44585,1.4461,1.60,1.60
2010.04.23 16:53:04.692,1.4458,1.4461,2.40,1.60
2010.04.23 16:53:07.854,1.4458,1.44615,2.40,5.00
2010.04.23 16:53:08.045,1.4458,1.44615,2.40,4.60
2010.04.23 16:53:09.035,1.4458,1.44615,2.40,4.40
2010.04.23 16:53:09.125,1.44585,1.44615,2.60,2.80
2010.04.23 16:53:09.308,1.44585,1.44615,2.60,3.00
2010.04.23 16:53:09.709,1.4458,1.44615,2.40,4.70
2010.04.23 16:53:09.810,1.4458,1.44615,2.40,1.60
2010.04.23 16:53:11.637,1.4458,1.44615,2.40,1.80
2010.04.23 16:53:12.664,1.4458,1.44615,4.80,1.60
2010.04.23 16:53:12.862,1.4458,1.44615,7.20,1.60
2010.04.23 16:53:15.485,1.44585,1.4462,2.60,4.10
2010.04.23 16:53:16.228,1.44585,1.4462,4.20,4.10
2010.04.23 16:53:17.704,1.44585,1.4462,4.20,8.80
2010.04.23 16:53:23.922,1.4458,1.44615,2.40,1.60
2010.04.23 16:53:24.593,1.44585,1.4462,2.60,4.10
2010.04.23 16:53:24.732,1.44585,1.4462,2.60,3.80
2010.04.23 16:53:24.872,1.44585,1.4462,2.60,8.80
2010.04.23 16:53:25.230,1.44585,1.4462,4.20,6.40
2010.04.23 16:53:25.450,1.44585,1.4462,4.20,4.10
2010.04.23 16:53:31.767,1.44585,1.4462,4.20,2.50
2010.04.23 16:53:31.979,1.4458,1.44615,2.40,1.60
2010.04.23 16:53:32.087,1.4458,1.44615,4.80,1.60
2010.04.23 16:53:34.645,1.44585,1.4462,1.60,2.50
2010.04.23 16:53:34.698,1.44585,1.4462,3.20,2.50
2010.04.23 16:53:38.806,1.446,1.4462,1.00,2.40
2010.04.23 16:53:38.959,1.446,1.44625,2.60,5.20
2010.04.23 16:53:39.474,1.44595,1.4463,3.20,4.40
2010.04.23 16:53:39.631,1.44595,1.44625,4.20,2.40
2010.04.23 16:53:39.979,1.44595,1.4463,2.60,4.00
2010.04.23 16:53:40.338,1.44595,1.44625,1.60,1.70
2010.04.23 16:53:40.684,1.44595,1.44625,1.60,1.60
2010.04.23 16:53:44.196,1.44595,1.44625,3.20,1.60
2010.04.23 16:53:44.816,1.44595,1.44625,3.60,1.60
2010.04.23 16:53:46.465,1.44595,1.4463,3.60,3.60
2010.04.23 16:53:47.703,1.44595,1.4463,3.60,2.00
2010.04.23 16:53:48.680,1.44595,1.4463,3.60,3.60
2010.04.23 16:53:49.585,1.44595,1.4463,3.20,3.60
2010.04.23 16:53:50.055,1.44595,1.4463,3.20,2.00
2010.04.23 16:53:50.297,1.44605,1.44635,1.60,5.60
2010.04.23 16:53:50.640,1.44605,1.44635,1.60,1.00
2010.04.23 16:53:50.883,1.44605,1.4464,1.60,8.10
2010.04.23 16:53:51.123,1.44605,1.4464,1.60,7.30
2010.04.23 16:53:51.364,1.44605,1.4464,1.60,10.40
2010.04.23 16:53:52.677,1.44605,1.4464,3.20,10.40
2010.04.23 16:53:55.179,1.44605,1.4464,3.20,7.30
2010.04.23 16:53:55.485,1.44605,1.4464,3.20,7.90
2010.04.23 16:53:55.781,1.44605,1.4464,3.20,10.30
2010.04.23 16:53:56.121,1.44605,1.4464,3.60,10.30
2010.04.23 16:53:56.463,1.44605,1.4464,3.60,6.20
2010.04.23 16:53:57.107,1.44605,1.4464,3.20,6.20
2010.04.23 16:53:57.299,1.44605,1.4464,1.60,8.10
2010.04.23 16:53:57.488,1.44605,1.44635,1.00,6.40
2010.04.23 16:53:57.678,1.44605,1.44635,1.00,4.80
2010.04.23 16:53:57.862,1.446,1.44635,2.00,4.90
2010.04.23 16:53:58.205,1.446,1.44635,2.00,4.10
2010.04.23 16:53:58.847,1.446,1.44635,2.00,1.70
2010.04.23 16:53:59.382,1.446,1.44635,5.00,1.70
2010.04.23 16:53:59.453,1.44605,1.44635,1.60,1.70
2010.04.23 16:53:59.590,1.44605,1.4463,1.60,1.60
2010.04.23 16:53:59.803,1.44605,1.4463,1.60,1.00
2010.04.23 16:54:00.154,1.446,1.4463,2.00,2.80
2010.04.23 16:54:00.501,1.44595,1.4463,5.20,7.20
2010.04.23 16:54:00.840,1.446,1.4463,1.00,7.20
2010.04.23 16:54:02.280,1.44605,1.4463,1.60,4.80
2010.04.23 16:54:02.510,1.44605,1.4464,2.00,8.30
2010.04.23 16:54:02.734,1.44605,1.44635,1.00,1.60
2010.04.23 16:54:02.962,1.446,1.44635,2.00,1.60
2010.04.23 16:54:03.641,1.446,1.44635,6.80,1.60
2010.04.23 16:54:04.747,1.4461,1.44635,4.80,1.60
2010.04.23 16:54:05.060,1.4461,1.44635,2.40,1.60
2010.04.23 16:54:05.129,1.44605,1.44635,1.00,1.60
2010.04.23 16:54:06.402,1.44605,1.4464,2.40,3.70
2010.04.23 16:54:06.532,1.44605,1.4464,4.80,3.30
2010.04.23 16:54:06.661,1.44605,1.4464,4.40,3.30
2010.04.23 16:54:07.332,1.44605,1.4464,4.80,3.30
2010.04.23 16:54:08.882,1.44605,1.4464,6.40,3.20
2010.04.23 16:54:08.923,1.4461,1.4464,1.60,1.60
2010.04.23 16:54:09.336,1.44615,1.44645,1.60,3.20
2010.04.23 16:54:09.406,1.44615,1.44645,4.40,3.20
2010.04.23 16:54:09.583,1.44615,1.44645,4.80,4.00
2010.04.23 16:54:10.022,1.44615,1.44645,2.40,4.00
2010.04.23 16:54:10.374,1.44615,1.44645,1.60,4.00
2010.04.23 16:54:12.791,1.44615,1.44645,1.60,2.40
2010.04.23 16:54:13.142,1.44615,1.4465,1.60,6.60
2010.04.23 16:54:36.536,1.44615,1.44645,1.60,6.90
2010.04.23 16:54:36.659,1.4461,1.4464,2.60,1.60
2010.04.23 16:54:36.781,1.4461,1.44635,1.60,1.60
2010.04.23 16:54:37.034,1.4461,1.4464,1.60,1.60
2010.04.23 16:54:37.700,1.44615,1.44645,1.60,8.60
2010.04.23 16:54:38.045,1.44615,1.44645,1.60,3.20
2010.04.23 16:54:41.232,1.44615,1.44645,1.60,5.60
2010.04.23 16:54:45.961,1.4461,1.4464,1.60,1.00
2010.04.23 16:54:50.869,1.4461,1.4464,1.60,2.40
2010.04.23 16:54:51.371,1.44605,1.44635,1.60,1.60
2010.04.23 16:54:51.784,1.44605,1.4463,1.60,2.40
2010.04.23 16:54:51.965,1.44605,1.44635,1.60,3.00
2010.04.23 16:54:53.869,1.4461,1.44635,1.60,3.00
2010.04.23 16:54:54.059,1.4461,1.4464,1.60,7.20
2010.04.23 16:54:54.249,1.4461,1.4464,1.60,4.80
2010.04.23 16:54:55.189,1.4461,1.4464,1.60,2.40
2010.04.23 16:54:57.761,1.44605,1.4464,1.60,10.50
2010.04.23 16:54:57.985,1.44605,1.4464,1.60,10.30
2010.04.23 16:54:59.682,1.44605,1.4464,3.40,8.70
2010.04.23 16:55:00.063,1.4461,1.4464,1.00,7.00
2010.04.23 16:55:00.150,1.44615,1.44645,1.60,1.60
2010.04.23 16:55:00.219,1.44615,1.44645,1.60,6.40
2010.04.23 16:55:00.290,1.44615,1.44645,1.60,7.10
2010.04.23 16:55:00.641,1.44615,1.44645,1.60,7.20
2010.04.23 16:55:00.988,1.44615,1.44645,1.60,7.20
2010.04.23 16:55:02.058,1.44615,1.44645,1.60,6.90
2010.04.23 16:55:03.056,1.44615,1.44645,1.60,4.50
2010.04.23 16:55:03.396,1.44615,1.44645,1.60,4.80
2010.04.23 16:55:07.915,1.44615,1.44645,1.60,6.40
2010.04.23 16:55:08.026,1.4461,1.4464,2.60,1.60
2010.04.23 16:55:08.136,1.4461,1.4464,2.00,1.60
2010.04.23 16:55:08.615,1.4461,1.4464,1.60,1.60
2010.04.23 16:55:09.717,1.4461,1.44635,1.60,1.60
2010.04.23 16:55:09.878,1.44605,1.44635,1.00,3.20
2010.04.23 16:55:10.489,1.446,1.44635,2.00,4.80
2010.04.23 16:55:10.924,1.446,1.44635,1.60,4.80
2010.04.23 16:55:11.222,1.44605,1.4464,1.60,3.30
2010.04.23 16:55:11.520,1.4461,1.44645,1.60,5.70
2010.04.23 16:55:14.101,1.4461,1.44645,1.60,4.10
2010.04.23 16:55:14.300,1.4461,1.44645,3.20,4.10
2010.04.23 16:55:14.354,1.4461,1.44645,3.20,5.70
2010.04.23 16:55:14.694,1.4461,1.44645,3.20,2.40
2010.04.23 16:55:14.914,1.4462,1.4465,1.60,7.30
2010.04.23 16:55:19.135,1.4462,1.4465,1.60,5.70
2010.04.23 16:55:19.287,1.4462,1.44645,1.60,1.60
2010.04.23 16:55:21.290,1.4462,1.4465,1.60,7.30
2010.04.23 16:55:22.212,1.4462,1.4465,1.60,5.70
2010.04.23 16:55:26.101,1.44615,1.44645,1.00,3.20
2010.04.23 16:55:26.313,1.4462,1.44645,1.60,1.60
2010.04.23 16:55:27.177,1.44615,1.44645,1.00,3.20
2010.04.23 16:55:27.366,1.4461,1.44645,2.00,3.20
2010.04.23 16:55:29.599,1.4461,1.44645,2.00,3.30
2010.04.23 16:55:29.859,1.4461,1.44645,2.00,3.20
2010.04.23 16:55:30.001,1.4461,1.44645,2.00,9.40
2010.04.23 16:55:30.394,1.4461,1.4464,1.00,1.60
2010.04.23 16:55:30.539,1.4461,1.44645,1.60,12.90
2010.04.23 16:55:30.809,1.4461,1.44645,1.60,15.30
2010.04.23 16:55:32.549,1.4461,1.44645,1.60,14.70
2010.04.23 16:55:32.648,1.4461,1.44645,1.60,12.30
2010.04.23 16:55:34.141,1.4461,1.44645,1.60,9.90
2010.04.23 16:55:36.480,1.4461,1.44645,1.60,8.30
2010.04.23 16:55:36.882,1.4461,1.4464,1.60,1.00
2010.04.23 16:55:36.977,1.44605,1.44635,6.00,1.60
2010.04.23 16:55:37.009,1.44605,1.44635,3.60,1.60
2010.04.23 16:55:37.264,1.44605,1.44635,3.20,1.60
2010.04.23 16:55:37.994,1.44605,1.44635,3.60,1.60
2010.04.23 16:55:41.013,1.44605,1.44635,3.20,1.60
2010.04.23 16:55:41.306,1.44605,1.44635,1.60,3.20
2010.04.23 16:55:42.017,1.44605,1.44635,3.20,1.60
2010.04.23 16:55:43.207,1.44605,1.44635,3.60,1.60
2010.04.23 16:55:44.730,1.4461,1.4464,1.60,1.00
2010.04.23 16:55:44.888,1.4461,1.44645,1.60,11.90
2010.04.23 16:55:45.037,1.4461,1.44645,1.60,7.10
2010.04.23 16:55:47.626,1.4461,1.44645,1.60,7.00
2010.04.23 16:55:47.728,1.4461,1.44645,1.60,3.80
2010.04.23 16:55:48.095,1.4461,1.44645,2.00,4.60
2010.04.23 16:55:49.175,1.4461,1.44645,1.60,4.60
2010.04.23 16:55:49.545,1.4461,1.44645,1.60,3.00
2010.04.23 16:55:49.905,1.4461,1.44645,2.00,3.00
2010.04.23 16:55:50.144,1.4461,1.44645,1.60,3.00
2010.04.23 16:55:50.553,1.4461,1.4464,1.60,4.20
2010.04.23 16:55:50.698,1.44605,1.44635,1.60,1.60
2010.04.23 16:55:51.246,1.4461,1.4464,1.60,2.00
2010.04.23 16:55:51.527,1.4461,1.44645,1.60,3.90
2010.04.23 16:55:51.806,1.4461,1.44645,1.60,6.30
2010.04.23 16:55:52.604,1.4461,1.44645,1.60,3.90
2010.04.23 16:55:53.501,1.4461,1.44645,3.20,3.40
2010.04.23 16:55:53.637,1.44615,1.44645,1.60,1.60
2010.04.23 16:55:53.884,1.44615,1.44645,3.20,1.60
2010.04.23 16:55:54.247,1.4461,1.44645,1.00,1.80
2010.04.23 16:55:54.661,1.44605,1.44645,8.40,5.50
2010.04.23 16:55:54.912,1.44605,1.44645,4.40,6.30
2010.04.23 16:55:55.164,1.4461,1.44645,1.00,6.30
2010.04.23 16:55:55.418,1.44605,1.44645,8.90,7.10
2010.04.23 16:55:55.668,1.44605,1.44635,2.00,1.60
2010.04.23 16:55:56.150,1.44615,1.44645,1.60,2.40
2010.04.23 16:55:56.498,1.4461,1.44645,1.00,7.30
2010.04.23 16:55:56.848,1.44615,1.44645,3.20,1.70
2010.04.23 16:55:57.066,1.44615,1.44645,3.20,1.60
2010.04.23 16:55:58.443,1.4462,1.4465,1.60,5.20
2010.04.23 16:55:58.915,1.4462,1.4465,1.60,1.60
2010.04.23 16:56:00.329,1.4462,1.4465,1.60,3.20
2010.04.23 16:56:00.783,1.44625,1.4465,1.60,1.60
2010.04.23 16:56:05.640,1.44625,1.44655,1.60,14.10
2010.04.23 16:56:09.948,1.44625,1.4465,1.60,1.60
2010.04.23 16:56:26.014,1.44625,1.44655,1.60,9.00
2010.04.23 16:56:26.270,1.44625,1.44655,1.80,8.60
2010.04.23 16:56:26.679,1.44635,1.44655,1.60,1.60
2010.04.23 16:56:26.945,1.44625,1.44655,2.00,1.60
2010.04.23 16:56:27.196,1.44625,1.44655,1.60,1.60
2010.04.23 16:56:37.617,1.44625,1.44645,1.60,1.60
2010.04.23 16:56:41.794,1.44625,1.44655,1.60,1.60
2010.04.23 16:56:42.526,1.44625,1.44645,1.60,1.60
2010.04.23 16:56:42.794,1.44625,1.44655,1.60,1.60
2010.04.23 16:56:57.631,1.44625,1.44655,1.60,10.10
2010.04.23 16:56:57.961,1.44625,1.44655,1.60,10.70
2010.04.23 16:57:00.421,1.44625,1.44645,1.60,1.60
2010.04.23 16:57:00.483,1.44625,1.44645,2.60,1.60
2010.04.23 16:57:00.679,1.44625,1.44655,2.60,2.10
2010.04.23 16:57:01.053,1.44625,1.44655,1.60,4.80
2010.04.23 16:57:01.405,1.44635,1.44655,1.60,4.80
2010.04.23 16:57:02.049,1.4463,1.44655,1.60,1.60
2010.04.23 16:57:02.393,1.44625,1.44655,1.60,1.60
2010.04.23 16:57:04.271,1.4463,1.44655,1.60,1.60
2010.04.23 16:57:04.439,1.44625,1.44655,2.20,1.60
2010.04.23 16:57:04.601,1.44625,1.44655,1.60,1.60
2010.04.23 16:57:07.704,1.44625,1.44655,1.60,1.60
2010.04.23 16:57:10.279,1.4462,1.4465,2.60,1.60
2010.04.23 16:57:10.877,1.4462,1.4465,1.60,1.60
2010.04.23 16:57:15.638,1.4462,1.4465,2.20,1.60
2010.04.23 16:57:15.951,1.4462,1.4465,1.60,1.60
2010.04.23 16:57:16.262,1.4462,1.44645,1.60,1.60
2010.04.23 16:57:29.863,1.44625,1.44655,1.60,2.30
2010.04.23 16:57:30.003,1.44625,1.44655,1.60,1.60
2010.04.23 16:57:39.038,1.44625,1.44655,1.60,2.30
2010.04.23 16:57:39.174,1.44615,1.44655,9.20,4.00
2010.04.23 16:57:39.302,1.44615,1.44655,6.40,5.60
2010.04.23 16:57:39.562,1.44615,1.44655,4.80,5.60
2010.04.23 16:57:40.270,1.44615,1.44655,7.20,5.60
2010.04.23 16:57:40.956,1.44615,1.44655,4.00,5.60
2010.04.23 16:57:41.570,1.44615,1.44655,4.00,5.70
2010.04.23 16:57:42.608,1.44615,1.44645,4.00,1.60
2010.04.23 16:57:45.518,1.44625,1.44645,1.60,1.60
2010.04.23 16:57:45.765,1.44625,1.44655,1.60,1.60
2010.04.23 16:57:47.133,1.4462,1.4465,1.60,1.60
2010.04.23 16:57:50.157,1.44625,1.44655,1.60,4.00
2010.04.23 16:57:50.277,1.44625,1.44655,1.60,1.60
2010.04.23 16:57:54.582,1.44625,1.44645,1.60,1.60
2010.04.23 16:57:54.744,1.44625,1.44655,1.60,1.60
2010.04.23 16:58:04.507,1.44625,1.44655,1.60,2.20
2010.04.23 16:58:04.613,1.44625,1.44655,1.60,6.80
2010.04.23 16:58:06.343,1.44625,1.44655,1.60,1.60
2010.04.23 16:58:10.850,1.44625,1.44655,1.80,1.60
2010.04.23 16:58:10.956,1.4463,1.44655,1.60,1.60
2010.04.23 16:58:11.877,1.44625,1.44655,1.60,1.60
2010.04.23 16:58:13.142,1.44625,1.44655,1.60,2.10
2010.04.23 16:58:13.482,1.44625,1.44655,1.60,6.90
2010.04.23 16:58:14.525,1.44625,1.44655,1.60,4.50
2010.04.23 16:58:14.626,1.44625,1.44655,1.60,4.00
2010.04.23 16:58:15.274,1.44625,1.44655,1.60,4.50
2010.04.23 16:58:15.569,1.44625,1.44655,1.60,6.90
2010.04.23 16:58:15.750,1.44625,1.44655,1.60,1.60
2010.04.23 16:58:15.930,1.44625,1.44655,1.60,4.00
2010.04.23 16:58:16.111,1.44625,1.44655,1.60,1.60
2010.04.23 16:58:26.338,1.4462,1.44655,1.00,5.50
2010.04.23 16:58:26.538,1.44615,1.44655,4.00,7.80
2010.04.23 16:58:26.739,1.44615,1.44655,1.60,12.40
2010.04.23 16:58:27.856,1.44615,1.44655,1.80,12.40
2010.04.23 16:58:34.714,1.44615,1.44655,1.80,12.60
2010.04.23 16:58:34.835,1.4461,1.44645,4.70,1.60
2010.04.23 16:58:34.957,1.4461,1.44645,3.10,2.40
2010.04.23 16:58:35.395,1.4461,1.44645,1.00,4.80
2010.04.23 16:58:35.683,1.44615,1.44645,1.60,1.70
2010.04.23 16:58:35.973,1.4461,1.44645,1.00,3.30
2010.04.23 16:58:36.260,1.44605,1.4464,2.80,1.00
2010.04.23 16:58:36.859,1.44605,1.4464,3.20,1.00
2010.04.23 16:58:37.171,1.44615,1.4464,1.60,1.00
2010.04.23 16:58:37.483,1.44605,1.44625,1.20,1.60
2010.04.23 16:58:37.792,1.44605,1.4463,1.00,1.00
2010.04.23 16:58:38.425,1.44595,1.44625,1.00,3.20
2010.04.23 16:58:38.775,1.4459,1.44615,1.00,8.00
2010.04.23 16:58:39.122,1.44585,1.44615,1.60,1.60
2010.04.23 16:58:39.468,1.44585,1.44615,1.60,3.20
2010.04.23 16:58:40.127,1.4458,1.4461,2.40,5.60
2010.04.23 16:58:40.351,1.4458,1.4461,1.00,8.10
2010.04.23 16:58:40.579,1.4458,1.44605,1.00,3.20
2010.04.23 16:58:40.809,1.4458,1.44605,1.00,1.60
2010.04.23 16:58:41.169,1.4458,1.4461,2.60,4.80
2010.04.23 16:58:41.525,1.4458,1.44615,2.40,8.50
2010.04.23 16:58:41.866,1.4458,1.44615,2.40,8.70
2010.04.23 16:58:45.431,1.4458,1.44615,2.40,7.00
2010.04.23 16:58:45.613,1.4458,1.4461,1.00,1.60
2010.04.23 16:58:46.178,1.4458,1.4461,1.00,4.00
2010.04.23 16:58:46.675,1.4458,1.44605,1.00,4.00
2010.04.23 16:58:46.845,1.4458,1.44605,1.00,9.40
2010.04.23 16:58:47.014,1.4458,1.44605,1.00,6.90
2010.04.23 16:58:47.355,1.4458,1.44605,1.00,6.80
2010.04.23 16:58:47.705,1.4458,1.44605,1.00,2.40
2010.04.23 16:58:48.052,1.4458,1.4461,1.00,4.90
2010.04.23 16:58:48.370,1.4458,1.4461,1.00,1.70
2010.04.23 16:58:50.392,1.4458,1.446,1.00,1.00
2010.04.23 16:58:50.916,1.4458,1.44595,1.00,4.80
2010.04.23 16:58:51.497,1.4458,1.44595,1.00,5.20
2010.04.23 16:58:51.713,1.4458,1.44595,1.00,5.60
2010.04.23 16:58:52.153,1.4458,1.44595,1.00,1.00
2010.04.23 16:58:52.374,1.4458,1.44605,1.00,1.60
2010.04.23 16:58:53.291,1.4458,1.4461,1.00,1.60
2010.04.23 16:58:55.630,1.4458,1.44615,1.00,5.80
2010.04.23 16:58:56.135,1.4458,1.44615,1.00,5.10
2010.04.23 16:58:56.521,1.4458,1.44615,1.00,5.90
2010.04.23 16:58:56.715,1.4458,1.44605,1.00,3.20
2010.04.23 16:58:57.014,1.4458,1.44605,1.00,4.80
2010.04.23 16:58:57.911,1.4458,1.44605,1.00,10.00
2010.04.23 16:58:58.705,1.4458,1.44605,1.00,8.40
2010.04.23 16:58:58.892,1.44585,1.44615,1.60,3.70
2010.04.23 16:58:59.070,1.44585,1.44615,1.60,6.00
2010.04.23 16:58:59.250,1.44585,1.44615,1.60,5.60
2010.04.23 16:58:59.622,1.44585,1.44615,1.60,6.40
2010.04.23 16:59:00.131,1.44585,1.44615,1.60,8.80
2010.04.23 16:59:01.450,1.44585,1.44605,1.60,1.60
2010.04.23 16:59:01.620,1.4458,1.44605,1.00,5.60
2010.04.23 16:59:03.040,1.4458,1.44595,1.00,2.40
2010.04.23 16:59:03.620,1.4458,1.44595,1.00,4.00
2010.04.23 16:59:05.713,1.4458,1.44585,1.00,1.00
2010.04.23 16:59:05.874,1.4456,1.4458,1.30,3.20
2010.04.23 16:59:06.033,1.4454,1.44585,2.00,7.70
2010.04.23 16:59:06.494,1.44545,1.4458,2.60,1.00
2010.04.23 16:59:06.659,1.44545,1.44585,1.60,1.60
2010.04.23 16:59:06.812,1.44535,1.44585,8.80,3.20
2010.04.23 16:59:07.161,1.44545,1.4458,4.00,1.60
2010.04.23 16:59:07.509,1.44545,1.44585,4.00,1.60
2010.04.23 16:59:07.854,1.44555,1.44585,1.60,1.60
2010.04.23 16:59:08.424,1.44545,1.44585,2.40,4.00
2010.04.23 16:59:08.727,1.44545,1.44585,2.40,1.60
2010.04.23 16:59:09.030,1.44545,1.44585,4.80,1.60
2010.04.23 16:59:09.292,1.44545,1.44575,2.40,1.60
2010.04.23 16:59:09.560,1.44545,1.4458,2.40,2.40
2010.04.23 16:59:09.829,1.44545,1.44585,7.70,5.30
2010.04.23 16:59:10.363,1.44545,1.44585,7.70,4.90
2010.04.23 16:59:10.605,1.4454,1.44575,1.00,4.80
2010.04.23 16:59:10.847,1.44535,1.44575,1.60,15.60
2010.04.23 16:59:11.081,1.44535,1.4457,1.60,1.60
2010.04.23 16:59:11.769,1.44535,1.4457,1.60,4.00
2010.04.23 16:59:12.107,1.44535,1.4457,1.60,1.60
2010.04.23 16:59:13.806,1.44535,1.4457,1.60,1.70
2010.04.23 16:59:14.787,1.44535,1.4457,1.60,4.10
2010.04.23 16:59:16.507,1.44535,1.4457,1.60,1.70
2010.04.23 16:59:21.573,1.44535,1.4457,1.60,1.80
2010.04.23 16:59:26.853,1.44535,1.44565,1.60,1.60
2010.04.23 16:59:29.877,1.4454,1.4457,3.30,1.70
2010.04.23 16:59:30.117,1.4454,1.44575,5.00,5.20
2010.04.23 16:59:30.418,1.4454,1.44575,5.00,4.80
2010.04.23 16:59:31.004,1.4454,1.44575,7.40,4.80
2010.04.23 16:59:31.302,1.4454,1.44575,6.80,4.80
2010.04.23 16:59:31.613,1.4454,1.4457,5.20,1.60
2010.04.23 16:59:31.889,1.44535,1.4457,6.80,1.60
2010.04.23 16:59:32.165,1.4454,1.44575,4.00,1.60
2010.04.23 16:59:32.434,1.4454,1.44575,4.00,3.20
2010.04.23 16:59:33.096,1.4455,1.4458,1.60,4.90
2010.04.23 16:59:33.945,1.4455,1.44575,1.60,1.60
2010.04.23 16:59:34.251,1.4455,1.44575,1.60,3.20
2010.04.23 16:59:36.502,1.44545,1.44575,2.40,5.20
2010.04.23 16:59:36.995,1.4454,1.44575,6.40,5.20
2010.04.23 16:59:37.304,1.4455,1.4458,1.60,4.90
2010.04.23 16:59:37.911,1.4455,1.4458,1.60,7.30
2010.04.23 16:59:40.010,1.4455,1.4458,1.60,8.90
2010.04.23 16:59:40.937,1.4455,1.44575,1.60,1.60
2010.04.23 16:59:41.743,1.4455,1.4458,1.60,8.90
2010.04.23 16:59:44.147,1.4455,1.44575,1.60,1.60
2010.04.23 16:59:44.624,1.4455,1.4458,1.60,7.30
2010.04.23 16:59:44.846,1.4455,1.4458,1.60,7.20
2010.04.23 16:59:44.998,1.4455,1.4458,1.60,5.60
2010.04.23 16:59:45.684,1.4455,1.44575,1.60,5.20
2010.04.23 16:59:46.301,1.4454,1.4457,1.60,2.40
2010.04.23 16:59:46.619,1.4454,1.44575,1.60,5.60
2010.04.23 16:59:48.811,1.4454,1.44575,1.60,4.00
2010.04.23 16:59:49.159,1.4455,1.44575,1.60,5.60
2010.04.23 16:59:49.329,1.4454,1.44575,1.60,5.60
2010.04.23 16:59:49.669,1.4454,1.44575,1.60,7.20
2010.04.23 16:59:51.372,1.4454,1.44575,1.80,5.60
2010.04.23 16:59:51.604,1.44545,1.44575,1.60,1.60
2010.04.23 16:59:51.983,1.4454,1.44575,1.60,7.20
2010.04.23 16:59:52.599,1.4454,1.44575,1.60,4.80
2010.04.23 16:59:52.901,1.44555,1.44575,1.60,1.60
2010.04.23 16:59:53.200,1.44555,1.4458,1.60,1.00
2010.04.23 16:59:53.498,1.44555,1.4459,1.60,3.70
2010.04.23 16:59:54.130,1.44555,1.4459,1.60,3.30
2010.04.23 16:59:56.146,1.4456,1.4459,1.60,1.60
2010.04.23 16:59:56.568,1.4456,1.44595,1.60,9.60
2010.04.23 16:59:56.790,1.44555,1.44585,1.50,4.40
2010.04.23 16:59:57.001,1.4455,1.44585,1.60,4.90
2010.04.23 16:59:57.644,1.4455,1.44585,1.60,4.40
2010.04.23 16:59:58.329,1.4454,1.4458,6.70,1.60
2010.04.23 16:59:59.015,1.4454,1.4458,4.30,1.60
2010.04.23 16:59:59.366,1.44545,1.44575,1.60,1.60
2010.04.23 16:59:59.721,1.44545,1.44575,1.60,4.00
