2011.12.28 05:00:00.840,1.28624,1.28645,1.50,1.50
2011.12.28 05:00:01.058,1.28624,1.28645,2.25,2.25
2011.12.28 05:00:01.897,1.28625,1.28647,1.50,2.25
2011.12.28 05:00:02.583,1.28625,1.28647,2.25,2.25
2011.12.28 05:00:05.394,1.28623,1.28645,2.25,2.25
2011.12.28 05:00:07.840,1.28625,1.28646,2.25,2.25
2011.12.28 05:00:09.827,1.28626,1.28648,2.25,2.25
2011.12.28 05:00:11.280,1.28626,1.28648,2.25,2.25
2011.12.28 05:00:11.722,1.28626,1.28648,2.25,2.25
2011.12.28 05:00:12.091,1.28629,1.28648,2.48,2.25
2011.12.28 05:00:12.605,1.28629,1.28649,3.98,2.25
2011.12.28 05:00:13.142,1.28627,1.28647,3.98,2.25
2011.12.28 05:00:13.731,1.28628,1.2865,2.25,2.25
2011.12.28 05:00:14.250,1.28628,1.2865,3.98,2.25
2011.12.28 05:00:14.570,1.28628,1.2865,3.98,2.25
2011.12.28 05:00:14.638,1.28628,1.2865,3.98,2.25
2011.12.28 05:00:16.222,1.28628,1.2865,3.98,2.25
2011.12.28 05:00:17.102,1.28628,1.2865,3.98,2.25
2011.12.28 05:00:17.408,1.28632,1.28654,2.25,2.25
2011.12.28 05:00:17.859,1.28631,1.28651,2.25,2.25
2011.12.28 05:00:23.222,1.28634,1.28653,1.50,1.50
2011.12.28 05:00:23.295,1.28634,1.28652,2.48,1.50
2011.12.28 05:00:23.503,1.2863,1.28652,2.25,2.25
2011.12.28 05:00:23.759,1.2863,1.28652,2.25,2.25
2011.12.28 05:00:27.008,1.28632,1.28653,2.25,1.50
2011.12.28 05:00:30.949,1.2863,1.28651,2.40,1.50
2011.12.28 05:00:31.467,1.2863,1.28651,2.40,1.50
2011.12.28 05:00:33.130,1.28632,1.28654,2.25,3.00
2011.12.28 05:00:33.394,1.28632,1.28654,2.25,2.25
2011.12.28 05:00:34.259,1.28636,1.28656,1.50,2.25
2011.12.28 05:00:35.061,1.28632,1.28652,2.25,2.25
2011.12.28 05:00:38.087,1.28629,1.28649,2.40,1.50
2011.12.28 05:00:42.220,1.28629,1.28649,2.25,2.25
2011.12.28 05:00:46.191,1.28636,1.28656,1.50,2.25
2011.12.28 05:00:46.320,1.28636,1.28656,2.25,2.25
2011.12.28 05:00:47.129,1.28636,1.28656,2.25,1.50
2011.12.28 05:00:47.639,1.28636,1.28656,2.25,2.25
2011.12.28 05:00:48.185,1.28634,1.28654,2.25,1.50
2011.12.28 05:00:48.850,1.28634,1.28654,2.25,2.25
2011.12.28 05:00:50.241,1.28631,1.28651,2.25,1.50
2011.12.28 05:00:50.964,1.28631,1.28651,2.25,1.50
2011.12.28 05:00:51.519,1.28631,1.28651,2.25,1.50
2011.12.28 05:00:51.588,1.28632,1.28654,2.25,2.25
2011.12.28 05:00:52.091,1.28632,1.28654,2.25,2.25
2011.12.28 05:00:52.179,1.28632,1.28654,2.25,2.25
2011.12.28 05:00:52.681,1.28632,1.28654,2.25,2.25
2011.12.28 05:00:52.903,1.28632,1.28654,2.25,2.25
2011.12.28 05:00:53.510,1.28636,1.28654,2.25,1.50
2011.12.28 05:00:54.339,1.28636,1.28658,2.25,3.00
2011.12.28 05:00:55.150,1.28636,1.28658,2.25,3.00
2011.12.28 05:00:56.317,1.28636,1.28658,2.25,3.00
2011.12.28 05:00:57.385,1.28636,1.28658,2.25,3.00
2011.12.28 05:01:01.100,1.28635,1.28654,2.48,2.25
2011.12.28 05:01:01.482,1.28632,1.28655,2.25,1.50
2011.12.28 05:01:03.740,1.28633,1.28657,2.25,3.00
2011.12.28 05:01:10.774,1.28636,1.28658,2.25,3.00
2011.12.28 05:01:10.991,1.28636,1.28658,2.25,3.00
2011.12.28 05:01:13.080,1.28636,1.28657,2.25,1.50
2011.12.28 05:01:14.341,1.28636,1.28657,2.25,1.50
2011.12.28 05:01:14.729,1.28636,1.28657,2.25,1.50
2011.12.28 05:01:18.426,1.28636,1.28657,2.25,1.50
2011.12.28 05:01:18.847,1.28636,1.28657,2.25,1.50
2011.12.28 05:01:19.018,1.28636,1.28657,2.25,1.50
2011.12.28 05:01:19.228,1.28636,1.28657,2.25,1.50
2011.12.28 05:01:19.983,1.28636,1.28657,2.25,1.50
2011.12.28 05:01:21.009,1.28636,1.28657,2.25,1.50
2011.12.28 05:01:22.247,1.28636,1.28657,2.25,1.50
2011.12.28 05:01:31.497,1.28639,1.28657,2.25,1.50
2011.12.28 05:01:33.917,1.28635,1.28657,2.25,3.00
2011.12.28 05:01:34.247,1.28635,1.28657,2.25,3.00
2011.12.28 05:01:34.813,1.28635,1.28657,2.25,3.00
2011.12.28 05:01:46.913,1.28635,1.28657,2.25,2.25
2011.12.28 05:01:49.869,1.28636,1.28657,2.25,1.50
2011.12.28 05:01:50.138,1.28636,1.28657,2.25,1.50
2011.12.28 05:01:51.119,1.28636,1.28657,2.25,1.50
2011.12.28 05:01:51.438,1.28636,1.28657,2.25,1.50
2011.12.28 05:01:51.678,1.28636,1.28657,2.25,1.50
2011.12.28 05:01:51.957,1.28636,1.28657,2.25,1.50
2011.12.28 05:01:52.228,1.28636,1.28657,2.25,1.50
2011.12.28 05:01:53.048,1.28636,1.28657,2.25,1.50
2011.12.28 05:01:53.269,1.28636,1.28657,2.25,1.50
2011.12.28 05:01:53.859,1.28636,1.28657,2.25,1.50
2011.12.28 05:01:56.848,1.28636,1.28657,2.25,1.50
2011.12.28 05:01:58.607,1.28638,1.28658,2.25,1.50
2011.12.28 05:02:01.538,1.28638,1.2866,2.25,2.25
2011.12.28 05:02:01.731,1.28638,1.2866,2.25,1.50
2011.12.28 05:02:01.861,1.28641,1.28664,1.50,3.00
2011.12.28 05:02:02.413,1.28641,1.28664,2.25,3.00
2011.12.28 05:02:04.989,1.28641,1.28664,2.25,3.00
2011.12.28 05:02:06.242,1.28641,1.28663,2.25,1.50
2011.12.28 05:02:06.639,1.28644,1.28663,1.50,1.50
2011.12.28 05:02:07.090,1.2864,1.28663,2.25,1.50
2011.12.28 05:02:08.758,1.2864,1.28664,2.25,2.25
2011.12.28 05:02:11.589,1.2864,1.28664,2.25,2.25
2011.12.28 05:02:11.779,1.2864,1.28664,2.25,2.25
2011.12.28 05:02:11.969,1.2864,1.28664,2.25,2.25
2011.12.28 05:02:12.159,1.28642,1.28664,2.25,2.25
2011.12.28 05:02:12.678,1.28642,1.28664,1.50,2.25
2011.12.28 05:02:13.187,1.28642,1.28664,2.25,2.25
2011.12.28 05:02:13.901,1.2864,1.28662,2.25,2.25
2011.12.28 05:02:14.091,1.2864,1.28661,1.50,1.50
2011.12.28 05:02:14.340,1.2864,1.28661,1.50,1.50
2011.12.28 05:02:15.210,1.28638,1.28658,2.25,2.25
2011.12.28 05:02:16.261,1.28639,1.28658,1.50,1.50
2011.12.28 05:02:17.225,1.28637,1.28657,2.25,2.25
2011.12.28 05:02:17.299,1.28637,1.28657,2.25,2.25
2011.12.28 05:02:19.534,1.28639,1.28658,1.50,1.50
2011.12.28 05:02:21.283,1.28635,1.28657,2.25,2.25
2011.12.28 05:02:21.890,1.28638,1.28654,1.50,1.50
2011.12.28 05:02:23.031,1.28635,1.28655,2.25,2.25
2011.12.28 05:02:29.190,1.28635,1.28655,2.25,2.25
2011.12.28 05:02:29.409,1.28635,1.28655,2.25,2.25
2011.12.28 05:02:29.739,1.28635,1.28655,2.25,2.25
2011.12.28 05:02:30.067,1.28635,1.28655,2.25,2.25
2011.12.28 05:02:30.617,1.28635,1.28655,2.25,2.25
2011.12.28 05:02:30.839,1.28635,1.28655,2.25,2.25
2011.12.28 05:02:31.718,1.28635,1.28655,2.25,2.25
2011.12.28 05:02:32.707,1.28635,1.28655,2.25,2.25
2011.12.28 05:02:33.587,1.28635,1.28655,2.25,2.25
2011.12.28 05:02:34.247,1.28635,1.28655,2.25,2.25
2011.12.28 05:02:34.467,1.28635,1.28655,2.25,2.25
2011.12.28 05:02:34.687,1.28635,1.28655,2.25,2.25
2011.12.28 05:02:39.308,1.28635,1.28655,2.25,2.25
2011.12.28 05:02:41.381,1.28634,1.28653,1.73,2.25
2011.12.28 05:02:41.699,1.28635,1.28655,2.25,3.00
2011.12.28 05:02:42.239,1.28637,1.28655,1.50,1.50
2011.12.28 05:02:43.109,1.28634,1.28654,2.25,2.25
2011.12.28 05:02:43.622,1.28635,1.28655,2.25,1.50
2011.12.28 05:02:43.968,1.28635,1.28655,2.25,1.50
2011.12.28 05:02:44.148,1.28635,1.28655,2.25,1.50
2011.12.28 05:02:44.639,1.28635,1.28655,2.25,1.50
2011.12.28 05:02:45.287,1.28635,1.28655,2.25,1.50
2011.12.28 05:02:45.467,1.28635,1.28655,2.25,1.50
2011.12.28 05:02:46.017,1.28635,1.28655,2.25,1.50
2011.12.28 05:02:46.577,1.28635,1.28655,2.25,1.50
2011.12.28 05:02:47.557,1.28635,1.28655,2.25,1.50
2011.12.28 05:02:48.489,1.28635,1.28655,2.25,1.50
2011.12.28 05:02:49.210,1.28635,1.28655,2.25,1.50
2011.12.28 05:02:49.541,1.28635,1.28655,2.25,1.50
2011.12.28 05:02:56.653,1.28636,1.28655,2.25,1.50
2011.12.28 05:02:57.489,1.28636,1.28655,2.25,1.50
2011.12.28 05:02:58.008,1.28636,1.28655,2.25,1.50
2011.12.28 05:02:58.669,1.28633,1.28655,3.98,3.00
2011.12.28 05:02:59.729,1.28633,1.28655,3.98,3.00
2011.12.28 05:03:01.011,1.28633,1.28655,3.98,3.00
2011.12.28 05:03:01.400,1.28633,1.28654,2.25,1.50
2011.12.28 05:03:01.968,1.28634,1.28654,2.25,3.00
2011.12.28 05:03:02.279,1.28634,1.28654,2.25,3.00
2011.12.28 05:03:03.339,1.28634,1.28654,2.25,3.00
2011.12.28 05:03:10.745,1.28632,1.28652,2.25,2.25
2011.12.28 05:03:10.962,1.28635,1.28654,1.50,1.50
2011.12.28 05:03:11.302,1.28635,1.28655,2.25,2.25
2011.12.28 05:03:11.962,1.28637,1.28655,1.50,1.50
2011.12.28 05:03:27.997,1.28635,1.28655,2.25,3.00
2011.12.28 05:03:36.997,1.28637,1.28659,1.50,2.25
2011.12.28 05:03:46.048,1.28634,1.28656,2.25,2.25
2011.12.28 05:03:46.117,1.28638,1.28658,1.50,2.25
2011.12.28 05:03:54.528,1.28638,1.28658,1.50,2.25
2011.12.28 05:03:54.951,1.28635,1.28655,2.25,2.25
2011.12.28 05:04:00.143,1.28635,1.28655,2.25,1.50
2011.12.28 05:04:03.380,1.28635,1.28655,2.25,2.25
2011.12.28 05:04:03.971,1.28635,1.28655,2.25,2.25
2011.12.28 05:04:04.102,1.28638,1.28657,1.50,1.50
2011.12.28 05:04:12.964,1.28637,1.28657,1.50,3.00
2011.12.28 05:04:20.808,1.28637,1.28657,2.25,3.00
2011.12.28 05:04:22.147,1.28636,1.28656,2.25,2.25
2011.12.28 05:04:22.459,1.28636,1.28656,1.50,2.25
2011.12.28 05:04:22.673,1.28636,1.28656,2.25,1.50
2011.12.28 05:04:22.918,1.28634,1.28654,2.25,1.50
2011.12.28 05:04:23.229,1.28639,1.28657,1.50,1.50
2011.12.28 05:04:30.877,1.28636,1.28657,2.25,1.50
2011.12.28 05:04:30.987,1.28636,1.28657,2.25,1.50
2011.12.28 05:04:33.791,1.28636,1.28657,2.25,1.50
2011.12.28 05:04:34.039,1.28636,1.28657,2.25,1.50
2011.12.28 05:04:34.489,1.28636,1.28657,1.50,1.50
2011.12.28 05:04:35.031,1.28632,1.28654,2.25,2.25
2011.12.28 05:04:35.100,1.28636,1.28657,1.50,1.50
2011.12.28 05:04:37.234,1.28636,1.28657,2.25,1.50
2011.12.28 05:04:37.779,1.28636,1.28657,2.25,1.50
2011.12.28 05:04:38.545,1.28636,1.28657,2.25,1.50
2011.12.28 05:04:39.337,1.28636,1.28657,2.25,1.50
2011.12.28 05:04:40.085,1.28636,1.28657,2.25,1.50
2011.12.28 05:04:40.416,1.28636,1.28657,2.25,1.50
2011.12.28 05:04:42.846,1.2864,1.28657,1.50,1.50
2011.12.28 05:04:42.922,1.2864,1.2866,2.25,2.25
2011.12.28 05:04:43.610,1.2864,1.2866,2.25,2.25
2011.12.28 05:04:44.067,1.2864,1.2866,2.25,1.50
2011.12.28 05:04:59.399,1.2864,1.28659,1.37,1.50
2011.12.28 05:04:59.588,1.28639,1.28661,2.25,2.25
2011.12.28 05:05:14.550,1.2864,1.28659,1.37,3.23
2011.12.28 05:05:14.751,1.28637,1.28659,2.25,3.23
2011.12.28 05:05:15.155,1.28639,1.28661,2.25,1.50
2011.12.28 05:05:15.468,1.28641,1.28659,1.37,1.50
2011.12.28 05:05:15.659,1.28641,1.28659,1.37,1.50
2011.12.28 05:05:16.019,1.28639,1.28656,1.37,1.50
2011.12.28 05:05:19.140,1.28639,1.2866,1.37,2.25
2011.12.28 05:05:25.140,1.28638,1.28655,1.37,1.50
2011.12.28 05:05:25.300,1.28638,1.28658,1.37,2.25
2011.12.28 05:05:37.013,1.28638,1.28654,1.37,1.50
2011.12.28 05:05:37.259,1.28638,1.28649,1.37,1.50
2011.12.28 05:05:37.394,1.28633,1.28646,1.37,1.50
2011.12.28 05:05:37.640,1.28635,1.28649,1.37,1.50
2011.12.28 05:05:38.494,1.28633,1.28651,1.37,1.50
2011.12.28 05:05:38.560,1.28635,1.2865,1.37,1.73
2011.12.28 05:05:38.881,1.28634,1.28648,1.37,2.25
2011.12.28 05:05:39.009,1.28635,1.28648,1.37,2.25
2011.12.28 05:05:40.697,1.28626,1.28648,2.87,3.00
2011.12.28 05:05:41.249,1.28632,1.28646,1.37,1.50
2011.12.28 05:05:41.459,1.28626,1.28646,2.25,2.25
2011.12.28 05:05:45.645,1.28626,1.28646,2.25,1.50
2011.12.28 05:05:50.931,1.28626,1.28646,2.25,1.50
2011.12.28 05:05:52.019,1.28623,1.28645,2.87,1.50
2011.12.28 05:05:53.163,1.28626,1.28646,2.25,1.50
2011.12.28 05:05:54.162,1.28623,1.28645,2.87,1.50
2011.12.28 05:05:55.518,1.28626,1.28646,2.25,1.50
2011.12.28 05:06:01.088,1.28624,1.28644,2.25,1.50
2011.12.28 05:06:20.009,1.28624,1.28644,2.25,1.50
2011.12.28 05:06:21.115,1.28624,1.28644,2.25,1.50
2011.12.28 05:06:25.959,1.28624,1.28644,2.25,1.50
2011.12.28 05:06:38.768,1.28624,1.28644,2.87,1.50
2011.12.28 05:06:38.840,1.28626,1.28648,2.25,1.50
2011.12.28 05:06:39.708,1.28626,1.28648,2.25,2.25
2011.12.28 05:06:39.842,1.28624,1.28643,1.37,1.50
2011.12.28 05:06:46.247,1.28623,1.28643,2.25,1.50
2011.12.28 05:06:46.379,1.28626,1.28646,2.25,1.50
2011.12.28 05:06:46.450,1.28626,1.28646,2.25,1.50
2011.12.28 05:06:47.965,1.28624,1.28641,2.48,1.50
2011.12.28 05:06:48.309,1.28625,1.28647,3.00,2.25
2011.12.28 05:06:48.510,1.28625,1.28647,2.25,1.50
2011.12.28 05:06:48.819,1.28625,1.28647,2.25,1.50
2011.12.28 05:06:50.331,1.28623,1.28645,2.87,1.50
2011.12.28 05:06:50.653,1.28623,1.28636,1.37,1.50
2011.12.28 05:06:50.971,1.28623,1.28643,2.25,1.50
2011.12.28 05:06:51.100,1.28626,1.28646,2.25,1.50
2011.12.28 05:06:51.168,1.28626,1.28646,2.25,1.50
2011.12.28 05:06:51.947,1.28623,1.28645,2.87,1.50
2011.12.28 05:06:53.459,1.28623,1.28645,2.87,1.50
2011.12.28 05:06:55.664,1.28627,1.28647,2.25,1.50
2011.12.28 05:06:55.789,1.28625,1.28645,2.25,1.50
2011.12.28 05:07:04.147,1.28625,1.28645,2.25,1.50
2011.12.28 05:07:13.056,1.28625,1.28645,2.25,1.50
2011.12.28 05:07:15.474,1.28625,1.28645,2.25,1.50
2011.12.28 05:07:17.428,1.28621,1.28643,2.87,1.50
2011.12.28 05:07:17.622,1.28621,1.28643,2.87,1.50
2011.12.28 05:07:18.524,1.28621,1.28636,1.37,1.50
2011.12.28 05:07:19.078,1.28619,1.28641,2.87,1.50
2011.12.28 05:07:19.946,1.28622,1.28642,2.25,1.50
2011.12.28 05:07:20.049,1.2862,1.2864,2.25,1.50
2011.12.28 05:07:22.071,1.28621,1.28643,2.25,1.50
2011.12.28 05:07:23.227,1.2862,1.2864,2.25,1.50
2011.12.28 05:07:26.144,1.2862,1.2864,2.25,1.50
2011.12.28 05:07:30.089,1.28623,1.28643,2.25,1.50
2011.12.28 05:07:31.158,1.2862,1.28642,2.25,1.50
2011.12.28 05:07:40.033,1.28624,1.28644,2.25,2.25
2011.12.28 05:07:49.078,1.2862,1.28642,2.87,1.50
2011.12.28 05:07:50.028,1.28622,1.28644,2.25,1.50
2011.12.28 05:07:50.561,1.28622,1.28644,2.25,1.50
2011.12.28 05:07:54.447,1.2862,1.28642,2.87,1.50
2011.12.28 05:07:56.248,1.28622,1.28644,2.25,1.50
2011.12.28 05:07:57.008,1.28621,1.28641,2.25,1.50
2011.12.28 05:07:59.929,1.28621,1.28641,2.25,1.50
2011.12.28 05:08:01.157,1.28621,1.28641,2.25,1.50
2011.12.28 05:08:01.303,1.28621,1.28641,2.25,1.50
2011.12.28 05:08:01.529,1.28621,1.28641,2.25,1.50
2011.12.28 05:08:04.054,1.28621,1.28641,2.25,1.50
2011.12.28 05:08:05.923,1.28621,1.28641,2.25,1.50
2011.12.28 05:08:07.058,1.28623,1.28643,2.25,1.50
2011.12.28 05:08:07.960,1.28623,1.28643,2.25,1.50
2011.12.28 05:08:08.298,1.28623,1.28643,2.87,1.50
2011.12.28 05:08:08.608,1.28623,1.28643,2.25,1.50
2011.12.28 05:08:10.768,1.28625,1.28647,3.00,1.50
2011.12.28 05:08:16.100,1.28625,1.28647,3.00,2.25
2011.12.28 05:08:22.700,1.28625,1.28647,2.25,2.25
2011.12.28 05:08:22.889,1.28623,1.28643,1.50,1.50
2011.12.28 05:08:23.200,1.28619,1.28639,2.12,1.50
2011.12.28 05:08:23.566,1.2862,1.28642,2.25,1.50
2011.12.28 05:08:29.980,1.28623,1.28644,2.25,1.50
2011.12.28 05:08:30.050,1.2862,1.2864,2.25,1.50
2011.12.28 05:08:30.132,1.2862,1.2864,2.25,2.25
2011.12.28 05:08:30.711,1.28616,1.28633,2.12,1.50
2011.12.28 05:08:31.262,1.28614,1.28633,1.37,1.50
2011.12.28 05:08:31.892,1.28613,1.28633,4.59,2.25
2011.12.28 05:08:32.662,1.28613,1.28633,3.98,2.25
2011.12.28 05:08:33.845,1.2861,1.28632,1.50,2.25
2011.12.28 05:08:34.185,1.28608,1.28626,1.37,1.50
2011.12.28 05:08:34.321,1.28608,1.2863,2.87,1.50
2011.12.28 05:08:35.517,1.28609,1.2863,1.37,1.50
2011.12.28 05:08:38.189,1.28612,1.28632,2.25,1.50
2011.12.28 05:08:42.993,1.28613,1.28632,1.50,1.50
2011.12.28 05:08:43.819,1.28612,1.28636,2.87,1.50
2011.12.28 05:08:44.176,1.28613,1.28638,2.87,1.50
2011.12.28 05:08:45.488,1.28613,1.28637,1.37,1.50
2011.12.28 05:08:48.571,1.28613,1.28633,1.37,1.50
2011.12.28 05:08:48.885,1.28609,1.2863,2.87,1.50
2011.12.28 05:08:48.950,1.28609,1.2863,2.87,1.50
2011.12.28 05:08:56.583,1.28613,1.28635,2.25,2.25
2011.12.28 05:08:56.839,1.28613,1.28635,2.25,1.50
2011.12.28 05:08:57.099,1.28615,1.28637,2.25,3.23
2011.12.28 05:08:57.617,1.28614,1.28636,2.25,2.25
2011.12.28 05:08:58.032,1.28611,1.28633,1.37,1.50
2011.12.28 05:08:58.288,1.28612,1.28635,1.37,1.50
2011.12.28 05:09:01.758,1.28612,1.28633,1.37,1.50
2011.12.28 05:09:02.448,1.28615,1.28637,2.25,3.98
2011.12.28 05:09:03.057,1.28615,1.28637,2.25,2.25
2011.12.28 05:09:14.852,1.28616,1.28633,2.48,1.50
2011.12.28 05:09:15.050,1.28608,1.2863,4.73,1.50
2011.12.28 05:09:15.479,1.28611,1.28633,2.25,2.25
2011.12.28 05:09:16.008,1.28611,1.28633,2.25,1.50
2011.12.28 05:09:21.720,1.28616,1.28636,2.25,2.25
2011.12.28 05:09:22.357,1.28617,1.28636,2.48,2.25
2011.12.28 05:09:35.239,1.28617,1.28637,3.98,2.25
2011.12.28 05:09:35.514,1.28617,1.28637,3.98,2.25
2011.12.28 05:09:36.066,1.28617,1.28637,3.98,2.25
2011.12.28 05:09:36.603,1.28617,1.28637,2.25,2.25
2011.12.28 05:09:37.129,1.28613,1.28632,3.23,2.25
2011.12.28 05:09:37.603,1.28616,1.28636,2.25,2.25
2011.12.28 05:09:38.399,1.28616,1.28636,2.25,2.25
2011.12.28 05:09:38.718,1.28611,1.28633,1.37,1.50
2011.12.28 05:09:40.580,1.2861,1.28633,3.62,1.50
2011.12.28 05:09:43.210,1.28612,1.28634,2.25,1.50
2011.12.28 05:09:45.193,1.28612,1.28634,2.25,1.50
2011.12.28 05:09:45.699,1.2861,1.28633,2.12,1.50
2011.12.28 05:09:45.829,1.2861,1.28637,2.12,2.48
2011.12.28 05:09:45.960,1.2861,1.28639,2.12,2.25
2011.12.28 05:09:46.369,1.28612,1.28636,1.37,1.50
2011.12.28 05:09:46.562,1.28612,1.28638,1.37,2.25
2011.12.28 05:09:47.041,1.28617,1.28639,2.25,2.25
2011.12.28 05:09:47.351,1.28617,1.28639,2.25,2.25
2011.12.28 05:09:52.893,1.28617,1.28639,2.25,2.25
2011.12.28 05:09:53.224,1.28617,1.28639,2.25,2.25
2011.12.28 05:09:55.842,1.28625,1.28641,1.50,2.48
2011.12.28 05:09:55.973,1.28625,1.28641,1.50,2.48
2011.12.28 05:09:56.614,1.28625,1.28645,1.50,3.00
2011.12.28 05:09:56.690,1.28619,1.28639,1.50,2.25
2011.12.28 05:09:57.628,1.28619,1.28639,2.25,2.25
2011.12.28 05:09:59.801,1.28617,1.28638,2.48,2.25
2011.12.28 05:10:00.688,1.28616,1.28638,2.25,2.25
2011.12.28 05:10:03.399,1.28618,1.28639,3.98,1.50
2011.12.28 05:10:04.082,1.28618,1.28634,2.48,1.50
2011.12.28 05:10:04.786,1.28613,1.28633,2.25,1.50
2011.12.28 05:10:20.778,1.28613,1.28633,2.25,1.50
2011.12.28 05:10:41.109,1.28612,1.28632,2.25,1.50
2011.12.28 05:10:42.096,1.28609,1.28629,2.25,1.50
2011.12.28 05:10:48.749,1.28613,1.28633,2.25,1.50
2011.12.28 05:10:49.338,1.28611,1.28632,2.25,1.50
2011.12.28 05:11:02.524,1.28611,1.28632,2.25,1.50
2011.12.28 05:11:02.647,1.28611,1.28632,2.25,1.50
2011.12.28 05:11:11.339,1.28611,1.28632,2.25,1.50
2011.12.28 05:11:22.087,1.28611,1.28632,2.25,2.25
2011.12.28 05:11:22.170,1.28609,1.28627,1.37,3.23
2011.12.28 05:11:23.604,1.28605,1.28627,1.50,3.98
2011.12.28 05:11:25.804,1.28605,1.28627,2.25,3.98
2011.12.28 05:11:27.749,1.28605,1.28627,2.25,3.98
2011.12.28 05:11:28.010,1.28605,1.28627,2.25,3.98
2011.12.28 05:12:28.233,1.286,1.28627,2.48,1.73
2011.12.28 05:12:41.717,1.286,1.28627,2.48,1.73
2011.12.28 05:12:43.687,1.286,1.28627,2.48,1.73
2011.12.28 05:12:55.653,1.28605,1.28627,1.50,1.73
2011.12.28 05:12:55.899,1.28609,1.28629,2.25,2.25
2011.12.28 05:13:11.571,1.28609,1.28631,2.25,2.25
2011.12.28 05:13:12.070,1.28609,1.28631,2.25,2.25
2011.12.28 05:13:14.659,1.28609,1.28631,3.00,2.25
2011.12.28 05:13:22.579,1.28612,1.28632,2.25,2.25
2011.12.28 05:13:22.709,1.28612,1.28632,2.25,2.25
2011.12.28 05:13:26.980,1.28612,1.28632,2.25,2.25
2011.12.28 05:13:27.199,1.28612,1.28632,2.25,2.25
2011.12.28 05:13:27.749,1.28615,1.28635,1.50,2.25
2011.12.28 05:13:28.249,1.28615,1.28635,1.50,2.25
2011.12.28 05:13:29.311,1.28616,1.28635,1.73,2.25
2011.12.28 05:13:30.050,1.28615,1.28635,3.23,2.25
2011.12.28 05:13:34.232,1.28615,1.28635,3.00,2.25
2011.12.28 05:13:48.791,1.28612,1.28632,2.25,2.25
2011.12.28 05:13:56.138,1.28611,1.28634,2.25,2.25
2011.12.28 05:14:07.762,1.28617,1.28637,1.50,2.25
2011.12.28 05:14:08.301,1.28616,1.28638,1.50,2.25
2011.12.28 05:14:16.911,1.28616,1.28638,2.25,3.00
2011.12.28 05:14:23.361,1.28609,1.28629,2.25,1.50
2011.12.28 05:14:24.021,1.28612,1.28632,2.25,1.50
2011.12.28 05:14:43.208,1.28612,1.28632,2.25,1.50
2011.12.28 05:14:43.281,1.28616,1.28635,2.25,2.48
2011.12.28 05:14:43.839,1.28616,1.28638,2.25,2.25
2011.12.28 05:14:58.120,1.28613,1.28635,2.25,3.23
2011.12.28 05:14:58.431,1.28615,1.28638,2.25,3.00
2011.12.28 05:15:11.321,1.28615,1.28639,2.25,2.25
2011.12.28 05:15:11.651,1.28615,1.28639,2.25,2.25
2011.12.28 05:15:12.300,1.28615,1.28639,2.25,2.25
2011.12.28 05:15:12.971,1.28615,1.28639,2.25,2.25
2011.12.28 05:15:13.250,1.28615,1.28639,2.25,2.25
2011.12.28 05:15:14.180,1.28615,1.28639,2.25,2.25
2011.12.28 05:15:14.419,1.28615,1.28639,2.25,2.25
2011.12.28 05:15:14.733,1.28616,1.28637,2.25,2.25
2011.12.28 05:15:15.171,1.28616,1.28637,2.25,2.25
2011.12.28 05:15:15.391,1.28616,1.28637,2.25,2.25
2011.12.28 05:15:18.909,1.28616,1.28637,2.25,2.25
2011.12.28 05:15:20.120,1.28616,1.28637,2.25,2.25
2011.12.28 05:15:20.780,1.28616,1.28637,2.25,2.25
2011.12.28 05:15:21.110,1.28616,1.28637,2.25,2.25
2011.12.28 05:15:21.656,1.28616,1.28637,2.25,2.25
2011.12.28 05:15:25.070,1.28616,1.28637,2.25,2.25
2011.12.28 05:15:25.840,1.28616,1.28637,2.25,2.25
2011.12.28 05:15:26.060,1.28616,1.28637,2.25,2.25
2011.12.28 05:15:27.710,1.28616,1.28637,2.25,2.25
2011.12.28 05:15:28.261,1.28616,1.28637,2.25,2.25
2011.12.28 05:15:28.480,1.28616,1.28637,2.25,2.25
2011.12.28 05:15:28.811,1.28616,1.28637,2.25,2.25
2011.12.28 05:15:29.536,1.28616,1.28637,2.25,2.25
2011.12.28 05:15:29.800,1.28616,1.28637,2.25,2.25
2011.12.28 05:15:30.130,1.28616,1.28637,2.25,2.25
2011.12.28 05:15:30.845,1.28616,1.28637,2.25,2.25
2011.12.28 05:15:31.890,1.28616,1.28637,2.25,2.25
2011.12.28 05:15:32.660,1.28616,1.28637,2.25,2.25
2011.12.28 05:15:32.879,1.28616,1.28637,2.25,2.25
2011.12.28 05:15:38.520,1.28616,1.28637,2.25,2.25
2011.12.28 05:15:40.691,1.28616,1.28637,2.25,2.25
2011.12.28 05:15:54.105,1.28612,1.28634,2.25,2.25
2011.12.28 05:15:54.233,1.2861,1.28632,2.25,1.50
2011.12.28 05:15:54.808,1.2861,1.28632,2.25,1.50
2011.12.28 05:15:55.760,1.2861,1.28632,2.25,1.50
2011.12.28 05:16:02.850,1.2861,1.28632,2.25,1.50
2011.12.28 05:16:03.082,1.2861,1.28632,2.25,1.50
2011.12.28 05:16:03.378,1.2861,1.28632,2.25,1.50
2011.12.28 05:16:03.678,1.2861,1.28632,2.25,1.50
2011.12.28 05:16:03.899,1.2861,1.28632,2.25,1.50
2011.12.28 05:16:04.689,1.28613,1.28633,2.25,2.25
2011.12.28 05:16:05.889,1.28613,1.28633,2.25,1.50
2011.12.28 05:16:06.701,1.28613,1.28633,2.25,2.25
2011.12.28 05:16:06.891,1.28611,1.28631,2.25,2.25
2011.12.28 05:16:07.243,1.28614,1.28634,2.25,3.38
2011.12.28 05:16:07.430,1.28614,1.28633,2.25,1.50
2011.12.28 05:16:08.850,1.28611,1.28631,2.25,2.25
2011.12.28 05:16:12.470,1.28607,1.28627,2.25,1.50
2011.12.28 05:16:13.050,1.28609,1.28629,2.25,1.50
2011.12.28 05:16:15.629,1.28607,1.28628,1.37,1.50
2011.12.28 05:16:19.629,1.28607,1.28628,1.37,1.50
2011.12.28 05:16:20.147,1.28606,1.28628,2.87,1.50
2011.12.28 05:16:23.057,1.28606,1.28628,2.25,1.50
2011.12.28 05:16:23.250,1.28606,1.28628,2.87,1.50
2011.12.28 05:16:23.639,1.28606,1.28628,2.12,2.25
2011.12.28 05:16:26.359,1.28606,1.28628,1.50,2.25
2011.12.28 05:16:26.839,1.28606,1.28628,2.25,2.25
2011.12.28 05:16:27.441,1.28606,1.28628,2.25,2.25
2011.12.28 05:16:35.121,1.28609,1.28629,2.25,2.25
2011.12.28 05:16:38.860,1.28606,1.28628,2.25,2.25
2011.12.28 05:16:39.444,1.28606,1.28628,2.25,2.25
2011.12.28 05:16:56.399,1.28604,1.28624,2.25,1.50
2011.12.28 05:17:05.183,1.28607,1.28629,2.25,3.00
2011.12.28 05:17:05.914,1.28611,1.28631,2.25,2.25
2011.12.28 05:17:23.958,1.28611,1.28631,2.25,2.25
2011.12.28 05:17:24.032,1.28611,1.28631,2.25,2.25
2011.12.28 05:17:26.241,1.2861,1.28631,2.48,3.00
2011.12.28 05:17:26.313,1.2861,1.28625,2.48,1.50
2011.12.28 05:17:26.872,1.28606,1.28628,2.25,2.25
2011.12.28 05:17:27.462,1.28606,1.28628,2.25,2.25
2011.12.28 05:17:27.534,1.28605,1.28623,2.48,1.50
2011.12.28 05:17:32.485,1.28603,1.28623,2.25,1.50
2011.12.28 05:17:33.015,1.28603,1.28625,3.98,2.25
2011.12.28 05:17:33.651,1.28603,1.28625,3.98,2.25
2011.12.28 05:17:36.210,1.28603,1.28625,3.98,2.25
2011.12.28 05:17:36.590,1.28603,1.28625,3.98,2.25
2011.12.28 05:17:37.309,1.28603,1.28625,3.98,2.25
2011.12.28 05:17:37.528,1.28603,1.28625,3.98,2.25
2011.12.28 05:17:37.859,1.28603,1.28625,3.98,2.25
2011.12.28 05:17:38.388,1.28603,1.28625,3.98,2.25
2011.12.28 05:17:39.289,1.28603,1.28625,3.98,2.25
2011.12.28 05:17:40.219,1.28603,1.28625,3.98,2.25
2011.12.28 05:17:40.938,1.28603,1.28625,3.98,2.25
2011.12.28 05:17:41.777,1.28603,1.28625,3.98,2.25
2011.12.28 05:17:41.848,1.28603,1.28625,3.98,2.25
2011.12.28 05:17:42.309,1.28603,1.28625,3.98,2.25
2011.12.28 05:18:13.071,1.28606,1.28628,2.25,3.00
2011.12.28 05:18:25.176,1.28609,1.28627,1.88,2.25
2011.12.28 05:18:25.504,1.2862,1.2864,1.50,1.64
2011.12.28 05:18:25.575,1.28616,1.28638,2.25,2.25
2011.12.28 05:18:25.701,1.28616,1.28638,2.25,2.25
2011.12.28 05:18:26.640,1.28612,1.28634,2.25,2.25
2011.12.28 05:18:28.619,1.28612,1.28634,2.25,1.50
2011.12.28 05:18:37.112,1.28611,1.28631,2.25,1.50
2011.12.28 05:18:37.871,1.28613,1.28633,2.25,1.50
2011.12.28 05:19:04.061,1.28617,1.28637,2.25,2.25
2011.12.28 05:19:04.132,1.28617,1.28637,2.25,2.25
2011.12.28 05:19:04.512,1.28617,1.28634,2.25,1.73
2011.12.28 05:19:04.850,1.28611,1.28631,2.25,2.25
2011.12.28 05:19:20.738,1.28612,1.28634,2.25,3.98
2011.12.28 05:19:53.509,1.28612,1.28633,2.25,1.50
2011.12.28 05:19:54.083,1.28612,1.28634,3.00,1.50
2011.12.28 05:19:54.705,1.28619,1.28639,2.25,3.00
2011.12.28 05:19:55.523,1.28621,1.28639,3.98,1.50
2011.12.28 05:19:55.774,1.28621,1.28639,2.48,3.00
2011.12.28 05:19:55.963,1.28617,1.28637,2.25,2.25
2011.12.28 05:20:00.176,1.28617,1.28637,2.25,3.00
2011.12.28 05:20:02.242,1.28617,1.28636,2.25,1.50
2011.12.28 05:20:06.124,1.28614,1.28635,2.48,2.25
2011.12.28 05:20:06.616,1.28607,1.28627,3.98,1.50
2011.12.28 05:20:06.686,1.28607,1.28627,3.98,1.50
2011.12.28 05:20:07.210,1.28607,1.28627,2.25,1.50
2011.12.28 05:20:07.287,1.2861,1.28629,2.48,2.25
2011.12.28 05:20:07.364,1.28614,1.28634,2.25,1.50
2011.12.28 05:20:07.894,1.28618,1.28638,1.73,1.50
2011.12.28 05:20:08.213,1.28614,1.28634,1.50,2.25
2011.12.28 05:20:08.531,1.28619,1.28638,1.73,1.50
2011.12.28 05:20:09.145,1.28619,1.28638,1.73,2.25
2011.12.28 05:20:09.221,1.28616,1.28638,1.50,2.25
2011.12.28 05:20:09.482,1.28616,1.28638,1.50,2.25
2011.12.28 05:20:10.889,1.28616,1.28637,1.50,1.50
2011.12.28 05:20:10.964,1.28616,1.28635,1.50,1.50
2011.12.28 05:20:11.105,1.28609,1.28629,3.98,2.25
2011.12.28 05:20:11.375,1.28617,1.28637,1.50,2.25
2011.12.28 05:20:11.572,1.28613,1.28635,1.50,2.25
2011.12.28 05:20:11.643,1.28616,1.28636,1.50,2.25
2011.12.28 05:20:11.714,1.28616,1.28636,1.50,2.25
2011.12.28 05:20:11.783,1.28619,1.28639,1.50,3.00
2011.12.28 05:20:11.914,1.28619,1.28639,1.50,3.00
2011.12.28 05:20:12.400,1.28619,1.28639,1.50,2.25
2011.12.28 05:20:13.411,1.28618,1.28638,1.73,2.25
2011.12.28 05:20:14.583,1.28618,1.28633,1.73,2.25
2011.12.28 05:20:14.655,1.28613,1.28633,2.25,1.50
2011.12.28 05:20:15.172,1.28616,1.28638,2.25,3.89
2011.12.28 05:20:15.571,1.2861,1.28632,3.98,1.50
2011.12.28 05:20:22.800,1.28614,1.28634,2.25,3.00
2011.12.28 05:20:23.139,1.28613,1.28634,2.25,1.50
2011.12.28 05:20:23.473,1.28613,1.28635,2.25,1.50
2011.12.28 05:20:23.738,1.28616,1.28636,2.25,2.25
2011.12.28 05:20:25.384,1.28614,1.28634,2.25,1.50
2011.12.28 05:20:25.890,1.28616,1.28636,2.25,2.25
2011.12.28 05:20:26.194,1.28616,1.28636,2.25,2.25
2011.12.28 05:20:26.765,1.28612,1.28634,2.25,1.50
2011.12.28 05:20:27.083,1.28612,1.28634,2.25,2.25
2011.12.28 05:20:27.312,1.28612,1.28634,2.25,2.25
2011.12.28 05:20:27.631,1.28612,1.28634,2.25,2.25
2011.12.28 05:20:28.140,1.2861,1.28632,2.25,1.50
2011.12.28 05:20:32.783,1.2861,1.28632,2.25,4.73
2011.12.28 05:20:32.914,1.28608,1.28628,2.25,1.50
2011.12.28 05:20:46.352,1.28608,1.28628,2.25,1.50
2011.12.28 05:20:47.703,1.28608,1.28628,2.25,1.50
2011.12.28 05:20:59.122,1.28608,1.28628,2.25,1.50
2011.12.28 05:21:00.191,1.28608,1.28628,2.25,1.50
2011.12.28 05:21:10.619,1.28608,1.28628,2.25,2.25
2011.12.28 05:21:11.138,1.28608,1.28628,2.25,2.25
2011.12.28 05:21:12.088,1.28608,1.28628,2.25,2.25
2011.12.28 05:21:12.620,1.28608,1.28628,2.25,2.25
2011.12.28 05:21:13.801,1.28605,1.28626,1.37,1.50
2011.12.28 05:21:17.382,1.28604,1.28626,2.25,1.50
2011.12.28 05:21:17.453,1.28603,1.28623,3.62,1.50
2011.12.28 05:21:17.601,1.28609,1.28629,2.25,3.23
2011.12.28 05:21:18.261,1.28609,1.28628,2.25,1.73
2011.12.28 05:21:18.763,1.28606,1.28626,2.25,1.50
2011.12.28 05:21:25.882,1.28606,1.28626,2.25,1.50
2011.12.28 05:21:26.076,1.2861,1.28628,2.25,1.73
2011.12.28 05:21:26.204,1.28613,1.28633,2.25,2.25
2011.12.28 05:21:26.334,1.28615,1.28635,2.25,1.73
2011.12.28 05:21:28.238,1.28615,1.28637,2.25,2.63
2011.12.28 05:21:34.001,1.28615,1.28637,2.25,3.38
2011.12.28 05:21:34.311,1.28611,1.28631,2.87,1.50
2011.12.28 05:21:52.970,1.28613,1.28635,2.25,1.50
2011.12.28 05:21:54.294,1.28613,1.28635,2.87,1.50
2011.12.28 05:22:04.940,1.28612,1.28632,1.37,1.50
2011.12.28 05:22:06.000,1.28612,1.28634,2.87,1.50
2011.12.28 05:22:30.231,1.28612,1.28634,3.00,1.50
2011.12.28 05:22:30.431,1.28612,1.28634,3.00,1.50
2011.12.28 05:22:38.425,1.28612,1.28634,2.25,1.50
2011.12.28 05:22:38.801,1.28616,1.28636,2.25,2.25
2011.12.28 05:22:39.453,1.28616,1.28636,2.25,2.25
2011.12.28 05:22:40.080,1.28616,1.28636,2.25,2.25
2011.12.28 05:22:41.983,1.28616,1.28636,2.25,2.25
2011.12.28 05:22:42.585,1.28616,1.28636,2.25,2.25
2011.12.28 05:22:43.117,1.28613,1.28635,3.98,1.50
2011.12.28 05:22:44.134,1.28613,1.28635,3.98,1.50
2011.12.28 05:22:44.900,1.28613,1.28635,2.25,1.50
2011.12.28 05:22:45.012,1.28613,1.28635,2.25,1.50
2011.12.28 05:22:46.202,1.28616,1.28636,2.25,1.50
2011.12.28 05:22:49.703,1.28617,1.28636,2.48,2.25
2011.12.28 05:22:50.190,1.28617,1.28636,2.48,2.25
2011.12.28 05:22:50.707,1.28617,1.28636,2.48,2.25
2011.12.28 05:22:51.502,1.28617,1.28636,2.48,2.25
2011.12.28 05:22:51.723,1.28617,1.28636,2.48,2.25
2011.12.28 05:22:52.157,1.28617,1.28636,2.48,2.25
2011.12.28 05:22:52.760,1.28618,1.28636,2.48,2.25
2011.12.28 05:22:53.476,1.28618,1.28636,2.48,2.25
2011.12.28 05:22:54.081,1.28618,1.28636,2.48,2.25
2011.12.28 05:22:54.840,1.28618,1.28636,2.48,1.50
2011.12.28 05:22:55.404,1.28618,1.28636,2.48,2.25
2011.12.28 05:22:55.950,1.28619,1.28639,2.25,2.25
2011.12.28 05:22:57.684,1.28622,1.28642,2.25,2.25
2011.12.28 05:22:59.636,1.28622,1.28642,2.25,1.50
2011.12.28 05:22:59.956,1.28621,1.28641,2.48,1.50
2011.12.28 05:23:01.075,1.28621,1.28641,2.48,1.50
2011.12.28 05:23:01.784,1.28621,1.28641,2.48,1.50
2011.12.28 05:23:02.440,1.28621,1.28641,2.48,1.50
2011.12.28 05:23:29.534,1.28623,1.28643,2.25,1.50
2011.12.28 05:23:30.120,1.28623,1.28643,2.25,1.50
2011.12.28 05:23:32.691,1.28623,1.28643,2.25,1.50
2011.12.28 05:23:32.819,1.28621,1.28641,3.98,1.50
2011.12.28 05:23:37.570,1.28621,1.28641,3.98,1.50
2011.12.28 05:23:37.972,1.28621,1.28641,3.98,1.50
2011.12.28 05:23:47.630,1.28622,1.28644,2.25,1.50
2011.12.28 05:23:48.029,1.28621,1.28641,2.48,1.50
2011.12.28 05:24:01.897,1.28621,1.28643,3.98,1.50
2011.12.28 05:24:05.522,1.28621,1.28641,2.48,1.50
2011.12.28 05:24:05.596,1.28621,1.28641,2.48,1.50
2011.12.28 05:24:05.668,1.28621,1.28643,3.98,1.50
2011.12.28 05:24:05.744,1.28621,1.28641,2.48,1.50
2011.12.28 05:24:06.058,1.28617,1.28636,1.37,1.50
2011.12.28 05:24:06.570,1.28615,1.28636,1.37,1.50
2011.12.28 05:24:06.700,1.28615,1.28636,1.37,2.25
2011.12.28 05:24:08.350,1.28614,1.28636,2.25,2.25
2011.12.28 05:24:08.656,1.28617,1.28639,2.25,2.25
2011.12.28 05:24:08.914,1.28617,1.28639,1.50,2.25
2011.12.28 05:24:09.222,1.28615,1.28635,2.25,2.25
2011.12.28 05:24:09.451,1.28615,1.28635,2.25,2.25
2011.12.28 05:24:10.233,1.28615,1.28635,2.25,2.25
2011.12.28 05:24:10.390,1.28615,1.28635,2.25,2.25
2011.12.28 05:24:11.018,1.28615,1.28635,2.25,2.25
2011.12.28 05:24:13.908,1.28614,1.28636,2.25,1.50
2011.12.28 05:24:14.350,1.28614,1.28636,2.25,1.50
2011.12.28 05:24:15.067,1.28619,1.28639,2.25,2.25
2011.12.28 05:24:15.498,1.28623,1.28638,1.73,1.50
2011.12.28 05:24:15.717,1.28614,1.28633,2.48,1.50
2011.12.28 05:24:16.172,1.2861,1.28631,1.37,1.50
2011.12.28 05:24:16.452,1.28611,1.28633,2.25,1.50
2011.12.28 05:24:16.595,1.28611,1.28633,2.25,1.50
2011.12.28 05:24:18.916,1.28611,1.28633,2.87,1.50
2011.12.28 05:24:21.562,1.28614,1.28636,2.25,1.50
2011.12.28 05:24:22.159,1.28617,1.28639,2.25,2.25
2011.12.28 05:24:22.300,1.28615,1.28634,2.48,1.50
2011.12.28 05:24:22.373,1.28615,1.28634,2.48,1.50
2011.12.28 05:24:22.953,1.28615,1.28634,2.48,1.50
2011.12.28 05:24:23.595,1.28612,1.28631,2.48,1.50
2011.12.28 05:24:26.167,1.28609,1.28631,2.25,1.50
2011.12.28 05:24:28.944,1.28609,1.28628,1.37,1.50
2011.12.28 05:24:29.010,1.2861,1.2863,2.25,1.50
2011.12.28 05:24:29.484,1.28609,1.28628,1.37,1.50
2011.12.28 05:24:30.031,1.28609,1.28628,1.37,1.50
2011.12.28 05:24:30.592,1.28609,1.28629,2.87,1.50
2011.12.28 05:24:33.430,1.28609,1.28629,2.87,1.50
2011.12.28 05:24:34.008,1.28609,1.28629,2.87,1.50
2011.12.28 05:24:34.561,1.28609,1.28629,2.87,1.50
2011.12.28 05:24:36.184,1.28609,1.28629,2.87,1.50
2011.12.28 05:24:36.841,1.28611,1.28629,1.37,1.50
2011.12.28 05:24:37.005,1.28611,1.28629,1.37,1.50
2011.12.28 05:24:38.163,1.28611,1.28629,1.37,1.50
2011.12.28 05:24:39.431,1.28611,1.28629,1.37,1.50
2011.12.28 05:24:40.070,1.2861,1.28629,1.37,1.50
2011.12.28 05:24:41.361,1.28609,1.28629,2.87,1.50
2011.12.28 05:24:41.711,1.28608,1.28627,1.37,1.50
2011.12.28 05:24:42.847,1.28608,1.28627,1.37,1.50
2011.12.28 05:24:42.926,1.28608,1.28631,1.37,1.50
2011.12.28 05:24:43.446,1.28611,1.28631,1.37,2.25
2011.12.28 05:24:43.514,1.28611,1.28628,1.37,1.50
2011.12.28 05:24:43.586,1.28611,1.28631,2.25,1.50
2011.12.28 05:24:43.772,1.28612,1.28633,2.25,1.50
2011.12.28 05:24:44.327,1.28612,1.28634,2.25,1.50
2011.12.28 05:24:44.736,1.28618,1.2864,2.25,2.25
2011.12.28 05:24:48.227,1.28615,1.28635,3.98,1.50
2011.12.28 05:24:48.731,1.28615,1.28635,3.00,1.50
2011.12.28 05:24:49.638,1.28615,1.28635,3.00,1.50
2011.12.28 05:24:49.843,1.28617,1.28639,3.00,2.25
2011.12.28 05:24:53.295,1.28618,1.28639,1.50,2.25
2011.12.28 05:24:53.485,1.28619,1.28639,1.50,2.25
2011.12.28 05:24:55.314,1.28619,1.28635,1.50,1.50
2011.12.28 05:24:55.437,1.28619,1.28635,1.50,1.50
2011.12.28 05:24:55.575,1.28619,1.28639,1.50,2.25
2011.12.28 05:24:56.672,1.28616,1.28636,1.50,1.50
2011.12.28 05:24:58.550,1.28616,1.28633,1.50,1.50
2011.12.28 05:24:58.860,1.28612,1.2863,1.50,1.50
2011.12.28 05:24:59.299,1.28612,1.28632,3.00,1.50
2011.12.28 05:25:01.651,1.28612,1.28632,3.00,2.25
2011.12.28 05:25:02.096,1.2861,1.28627,2.48,1.50
2011.12.28 05:25:05.506,1.28604,1.28624,2.48,1.50
2011.12.28 05:25:05.834,1.28599,1.28617,2.34,2.25
2011.12.28 05:25:05.904,1.28597,1.28617,1.50,2.25
2011.12.28 05:25:05.978,1.28593,1.28615,3.00,2.25
2011.12.28 05:25:06.111,1.28593,1.28615,2.25,2.25
2011.12.28 05:25:06.301,1.28597,1.28617,1.50,2.25
2011.12.28 05:25:07.773,1.28597,1.28617,3.00,2.25
2011.12.28 05:25:07.903,1.28602,1.28624,1.50,2.25
2011.12.28 05:25:07.972,1.28598,1.2862,3.98,2.25
2011.12.28 05:25:08.232,1.28598,1.2862,3.00,2.25
2011.12.28 05:25:08.586,1.28598,1.2862,2.25,2.25
2011.12.28 05:25:08.652,1.28598,1.2862,2.25,1.50
2011.12.28 05:25:08.964,1.28597,1.28618,1.50,1.50
2011.12.28 05:25:10.339,1.28597,1.28618,1.50,1.50
2011.12.28 05:25:15.190,1.286,1.28618,1.13,1.50
2011.12.28 05:25:15.264,1.28604,1.28624,2.25,2.25
2011.12.28 05:25:15.812,1.28607,1.28627,1.50,2.25
2011.12.28 05:25:15.896,1.28607,1.28627,2.25,2.25
2011.12.28 05:25:16.172,1.28608,1.2863,2.25,2.25
2011.12.28 05:25:16.685,1.28611,1.28633,1.50,2.25
2011.12.28 05:25:17.213,1.28609,1.28629,2.25,2.25
2011.12.28 05:25:21.514,1.28609,1.28629,2.25,2.25
2011.12.28 05:25:22.023,1.28607,1.28627,2.25,2.25
2011.12.28 05:25:22.389,1.28609,1.28629,1.50,2.25
2011.12.28 05:25:23.001,1.28609,1.28629,1.50,2.25
2011.12.28 05:25:23.531,1.28607,1.28627,2.25,2.25
2011.12.28 05:25:23.783,1.28608,1.2863,3.00,2.25
2011.12.28 05:25:24.033,1.28612,1.28634,1.50,2.25
2011.12.28 05:25:24.222,1.28612,1.28634,2.25,2.25
2011.12.28 05:25:24.292,1.28612,1.28634,2.25,2.25
2011.12.28 05:25:24.482,1.28612,1.28634,2.25,2.25
2011.12.28 05:25:25.695,1.28612,1.28634,2.25,2.25
2011.12.28 05:25:26.511,1.28612,1.28634,2.25,2.25
2011.12.28 05:25:28.382,1.28612,1.28634,2.25,2.25
2011.12.28 05:25:29.558,1.28612,1.28634,1.50,2.25
2011.12.28 05:25:30.592,1.28611,1.28631,3.00,2.25
2011.12.28 05:25:31.917,1.28611,1.28631,2.25,2.25
2011.12.28 05:25:31.994,1.28611,1.28631,2.25,2.25
2011.12.28 05:25:33.191,1.28611,1.28631,3.00,2.25
2011.12.28 05:25:33.414,1.28611,1.28631,3.00,2.25
2011.12.28 05:25:33.679,1.28611,1.28631,3.00,2.25
2011.12.28 05:25:34.023,1.28613,1.28633,2.25,2.25
2011.12.28 05:25:36.381,1.28614,1.28633,1.50,2.25
2011.12.28 05:25:40.677,1.28613,1.28633,2.25,2.25
2011.12.28 05:25:49.609,1.28613,1.28633,2.25,2.25
2011.12.28 05:25:50.894,1.28612,1.28632,2.25,1.50
2011.12.28 05:25:51.450,1.28615,1.28637,2.25,2.25
2011.12.28 05:25:51.664,1.28615,1.28637,2.25,2.25
2011.12.28 05:25:52.694,1.28614,1.28634,2.25,1.50
2011.12.28 05:25:59.430,1.28614,1.28634,2.25,1.50
2011.12.28 05:26:00.633,1.28611,1.28631,2.25,1.50
2011.12.28 05:26:12.866,1.28612,1.28634,2.87,1.50
2011.12.28 05:26:13.700,1.28612,1.28634,2.87,1.50
2011.12.28 05:26:14.656,1.28612,1.28634,2.25,1.50
2011.12.28 05:26:14.795,1.28616,1.28637,2.48,2.25
2011.12.28 05:26:24.312,1.28619,1.28639,2.25,2.25
2011.12.28 05:26:25.381,1.28619,1.28639,2.25,2.25
2011.12.28 05:26:48.362,1.28632,1.28646,1.50,1.50
2011.12.28 05:26:48.433,1.28628,1.28647,1.50,1.50
2011.12.28 05:26:48.621,1.28628,1.2865,2.25,2.25
2011.12.28 05:26:48.872,1.28628,1.2865,2.25,2.25
2011.12.28 05:26:49.485,1.28628,1.2865,2.25,2.25
2011.12.28 05:26:50.856,1.28628,1.2865,2.25,1.50
2011.12.28 05:26:51.928,1.28626,1.28648,2.25,1.50
2011.12.28 05:27:01.100,1.28629,1.28649,2.25,1.50
2011.12.28 05:27:02.843,1.28626,1.28648,2.25,1.50
2011.12.28 05:27:10.040,1.28629,1.28651,2.25,2.25
2011.12.28 05:27:10.581,1.28627,1.28649,2.25,1.50
2011.12.28 05:27:11.167,1.28627,1.28649,2.25,2.25
2011.12.28 05:27:20.177,1.28627,1.28649,2.25,1.50
2011.12.28 05:27:20.770,1.28627,1.28649,2.25,2.25
2011.12.28 05:27:21.007,1.28627,1.28649,2.25,2.25
2011.12.28 05:27:23.009,1.28627,1.28649,2.25,1.50
2011.12.28 05:27:25.731,1.28627,1.28649,2.25,1.50
2011.12.28 05:27:30.490,1.28629,1.28651,2.25,3.00
2011.12.28 05:27:30.825,1.28629,1.28651,1.50,3.00
2011.12.28 05:27:31.843,1.28628,1.28648,2.25,2.25
2011.12.28 05:27:32.302,1.28632,1.28652,1.50,2.48
2011.12.28 05:27:32.627,1.28632,1.28654,2.25,2.25
2011.12.28 05:27:33.793,1.28632,1.28654,2.25,2.25
2011.12.28 05:27:41.018,1.28632,1.28654,2.25,2.25
2011.12.28 05:27:41.092,1.28631,1.28651,2.25,1.50
2011.12.28 05:27:41.420,1.28628,1.28648,3.00,1.50
2011.12.28 05:27:41.618,1.28634,1.28656,2.25,2.25
2011.12.28 05:27:42.155,1.28631,1.28653,2.25,1.50
2011.12.28 05:27:42.225,1.28635,1.28655,2.25,2.25
2011.12.28 05:27:42.614,1.28635,1.28655,2.25,1.50
2011.12.28 05:27:42.946,1.28637,1.28652,2.48,1.50
2011.12.28 05:27:43.133,1.28637,1.28657,2.25,1.50
2011.12.28 05:27:43.266,1.28634,1.28654,2.25,1.50
2011.12.28 05:27:44.853,1.28634,1.28654,2.25,1.50
2011.12.28 05:27:51.780,1.28634,1.28654,2.25,1.50
2011.12.28 05:27:52.032,1.28629,1.28651,2.87,1.50
2011.12.28 05:27:52.835,1.28632,1.28654,2.25,1.50
2011.12.28 05:27:54.994,1.2863,1.28651,1.50,1.50
2011.12.28 05:27:56.364,1.2863,1.28651,1.50,1.50
2011.12.28 05:28:04.050,1.28633,1.28653,2.25,1.50
2011.12.28 05:28:04.618,1.28631,1.28652,1.37,1.50
2011.12.28 05:28:10.825,1.28631,1.28652,1.37,2.25
2011.12.28 05:28:10.894,1.28631,1.28648,1.37,1.50
2011.12.28 05:28:11.212,1.28627,1.28645,1.37,1.50
2011.12.28 05:28:11.388,1.28627,1.28645,1.37,1.50
2011.12.28 05:28:14.483,1.2863,1.2865,2.25,1.50
2011.12.28 05:28:14.972,1.28627,1.28645,1.37,1.50
2011.12.28 05:28:18.891,1.28627,1.28649,2.87,1.50
2011.12.28 05:28:28.630,1.28628,1.28649,1.37,2.25
2011.12.28 05:28:29.151,1.2863,1.2865,2.25,1.50
2011.12.28 05:28:30.692,1.28631,1.2865,1.37,1.50
2011.12.28 05:28:31.261,1.28631,1.28649,1.37,1.50
2011.12.28 05:28:39.925,1.28631,1.28651,2.87,1.50
2011.12.28 05:28:49.079,1.28631,1.28649,1.37,1.50
2011.12.28 05:28:49.149,1.28631,1.28652,1.37,1.50
2011.12.28 05:28:58.069,1.28631,1.28649,1.37,1.50
2011.12.28 05:28:58.619,1.28631,1.28651,1.37,1.50
2011.12.28 05:29:01.563,1.28631,1.28651,1.37,2.25
2011.12.28 05:29:03.689,1.28629,1.28651,3.00,1.50
2011.12.28 05:29:07.681,1.28629,1.28651,2.25,1.50
2011.12.28 05:29:08.183,1.28633,1.28654,2.48,2.25
2011.12.28 05:29:08.383,1.28633,1.28654,2.48,2.25
2011.12.28 05:29:12.068,1.28633,1.28654,2.48,2.25
2011.12.28 05:29:14.448,1.28633,1.28654,2.48,2.25
2011.12.28 05:29:16.099,1.28633,1.28654,2.48,2.25
2011.12.28 05:29:16.191,1.28633,1.28654,2.48,2.25
2011.12.28 05:29:19.932,1.28633,1.28654,2.48,2.25
2011.12.28 05:29:20.559,1.28633,1.28654,2.48,2.25
2011.12.28 05:29:27.369,1.28633,1.28654,2.48,2.25
2011.12.28 05:29:27.611,1.28636,1.28654,2.48,1.50
2011.12.28 05:29:28.130,1.28636,1.28657,2.48,2.25
2011.12.28 05:29:29.396,1.28635,1.28655,2.48,2.25
2011.12.28 05:29:29.706,1.28632,1.28651,2.48,1.50
2011.12.28 05:29:31.953,1.28627,1.28647,2.87,1.50
2011.12.28 05:29:32.082,1.28627,1.28645,1.37,1.50
2011.12.28 05:29:32.621,1.28623,1.28645,4.59,1.50
2011.12.28 05:29:34.141,1.28626,1.28646,2.25,1.50
2011.12.28 05:29:37.049,1.28624,1.28644,2.25,1.50
2011.12.28 05:29:38.743,1.28626,1.28646,2.25,1.50
2011.12.28 05:29:40.991,1.28623,1.28648,4.59,1.50
2011.12.28 05:29:41.704,1.28625,1.28647,2.25,1.50
2011.12.28 05:29:41.772,1.28625,1.28647,2.25,1.50
2011.12.28 05:29:42.323,1.28625,1.28647,2.25,1.50
2011.12.28 05:29:44.450,1.28625,1.2865,2.25,3.00
2011.12.28 05:29:45.509,1.28625,1.2865,2.25,1.50
2011.12.28 05:29:46.057,1.28627,1.28652,2.87,3.00
2011.12.28 05:29:46.453,1.28629,1.28655,1.50,2.25
2011.12.28 05:29:52.024,1.28628,1.28653,1.50,2.25
2011.12.28 05:29:59.645,1.28628,1.28653,2.25,1.50
2011.12.28 05:30:05.693,1.28633,1.28655,2.87,1.50
2011.12.28 05:30:07.511,1.28634,1.28655,1.37,1.50
2011.12.28 05:30:15.400,1.28636,1.28656,2.25,1.50
2011.12.28 05:30:17.321,1.28636,1.28656,2.25,1.50
2011.12.28 05:30:17.551,1.28634,1.28654,2.25,1.50
2011.12.28 05:30:21.871,1.28634,1.28654,2.25,1.50
2011.12.28 05:30:31.315,1.28635,1.28657,3.00,1.50
2011.12.28 05:30:33.753,1.28635,1.28657,3.98,1.50
2011.12.28 05:30:51.765,1.28639,1.28661,2.25,2.25
2011.12.28 05:30:52.392,1.28639,1.28661,2.25,2.25
2011.12.28 05:30:54.812,1.28639,1.28661,2.25,2.25
2011.12.28 05:30:55.039,1.28638,1.28658,2.25,1.50
2011.12.28 05:31:09.666,1.28638,1.28658,2.25,2.25
2011.12.28 05:31:09.989,1.28629,1.28648,1.37,1.50
2011.12.28 05:31:10.415,1.28624,1.28645,1.37,1.50
2011.12.28 05:31:10.493,1.28624,1.28644,1.37,1.50
2011.12.28 05:31:11.336,1.28626,1.28644,1.37,1.50
2011.12.28 05:31:12.335,1.28627,1.28647,1.37,1.50
2011.12.28 05:31:12.741,1.28627,1.28647,1.37,1.50
2011.12.28 05:31:14.383,1.28628,1.28647,1.37,1.50
2011.12.28 05:31:14.513,1.28627,1.28643,1.37,1.50
2011.12.28 05:31:15.032,1.28626,1.28643,1.37,1.50
2011.12.28 05:31:16.201,1.28626,1.28643,1.37,1.50
2011.12.28 05:31:16.272,1.28627,1.28647,2.25,1.50
2011.12.28 05:31:16.346,1.28628,1.2865,2.25,1.50
2011.12.28 05:31:16.532,1.28628,1.2865,2.87,1.50
2011.12.28 05:31:21.324,1.28631,1.2865,1.37,2.25
2011.12.28 05:31:21.703,1.28632,1.2865,1.37,1.50
2011.12.28 05:31:22.082,1.28632,1.28652,1.37,1.50
2011.12.28 05:31:22.283,1.28632,1.28654,2.87,1.50
2011.12.28 05:31:22.351,1.28632,1.28654,2.87,1.50
2011.12.28 05:31:23.091,1.28631,1.28651,2.87,1.50
2011.12.28 05:31:23.683,1.28633,1.28653,2.25,1.50
2011.12.28 05:31:24.450,1.28641,1.28661,2.25,3.98
2011.12.28 05:31:24.965,1.28644,1.28663,1.73,2.25
2011.12.28 05:31:25.308,1.28637,1.28657,3.98,1.50
2011.12.28 05:31:25.816,1.28637,1.28655,2.48,1.50
2011.12.28 05:31:25.883,1.28637,1.28655,2.48,1.50
2011.12.28 05:31:26.539,1.28633,1.28655,3.00,1.50
2011.12.28 05:31:42.872,1.28636,1.28656,3.00,1.50
2011.12.28 05:31:43.194,1.2864,1.28656,1.50,1.50
2011.12.28 05:31:44.722,1.2864,1.28656,1.50,1.50
2011.12.28 05:31:44.911,1.2864,1.2866,1.50,1.50
2011.12.28 05:31:45.781,1.28638,1.2866,2.25,2.25
2011.12.28 05:31:48.894,1.2864,1.28663,1.50,2.25
2011.12.28 05:31:48.960,1.2864,1.28663,1.50,2.25
2011.12.28 05:31:49.092,1.28643,1.28663,1.50,2.25
2011.12.28 05:31:49.662,1.28643,1.28663,1.50,2.25
2011.12.28 05:31:50.032,1.2864,1.28662,1.50,2.25
2011.12.28 05:31:51.261,1.28644,1.28666,1.50,2.25
2011.12.28 05:31:51.606,1.28647,1.28668,1.50,1.50
2011.12.28 05:31:51.742,1.28644,1.28664,2.25,2.25
2011.12.28 05:31:52.144,1.28644,1.28664,2.25,2.25
2011.12.28 05:31:52.462,1.28644,1.28664,2.25,2.25
2011.12.28 05:31:53.060,1.28644,1.28664,2.25,1.50
2011.12.28 05:31:56.274,1.28654,1.28672,2.25,2.48
2011.12.28 05:31:56.487,1.28656,1.28678,2.25,2.39
2011.12.28 05:31:57.145,1.28655,1.28674,2.25,1.50
2011.12.28 05:31:57.347,1.28649,1.28671,2.25,2.25
2011.12.28 05:31:57.472,1.28647,1.28667,2.25,1.50
2011.12.28 05:31:58.052,1.28647,1.28667,2.25,1.50
2011.12.28 05:32:00.663,1.28651,1.28671,2.25,2.25
2011.12.28 05:32:01.222,1.28651,1.28671,2.25,3.00
2011.12.28 05:32:01.429,1.28651,1.28671,2.25,2.25
2011.12.28 05:32:01.505,1.28651,1.28671,2.25,2.25
2011.12.28 05:32:05.961,1.28651,1.28671,2.25,2.25
2011.12.28 05:32:06.703,1.28647,1.28669,2.25,1.50
2011.12.28 05:32:07.652,1.28646,1.28672,2.25,1.50
2011.12.28 05:32:14.745,1.28647,1.2867,2.25,1.13
2011.12.28 05:32:15.264,1.28642,1.28668,1.37,3.00
2011.12.28 05:32:19.492,1.28642,1.28668,1.37,3.00
2011.12.28 05:32:21.711,1.28651,1.28671,2.25,2.25
2011.12.28 05:32:23.223,1.2865,1.28672,2.25,3.00
2011.12.28 05:32:29.381,1.2865,1.28672,1.50,3.00
2011.12.28 05:32:30.146,1.28647,1.28669,2.25,2.25
2011.12.28 05:32:30.464,1.28649,1.28671,1.50,3.00
2011.12.28 05:32:30.834,1.28649,1.28671,2.25,1.50
2011.12.28 05:32:31.383,1.28651,1.28674,2.25,2.25
2011.12.28 05:32:32.558,1.28651,1.28674,2.25,2.25
2011.12.28 05:32:33.077,1.28652,1.28672,1.50,2.25
2011.12.28 05:32:33.145,1.28646,1.28674,2.25,1.50
2011.12.28 05:32:33.604,1.28646,1.28675,2.25,2.25
2011.12.28 05:32:37.943,1.28651,1.28676,1.37,1.88
2011.12.28 05:32:38.263,1.28652,1.28675,1.37,2.25
2011.12.28 05:32:38.515,1.28654,1.28675,1.37,1.50
2011.12.28 05:32:38.588,1.28662,1.28679,2.25,1.50
2011.12.28 05:32:38.726,1.28662,1.28677,2.25,1.13
2011.12.28 05:32:38.918,1.28654,1.2867,2.48,1.50
2011.12.28 05:32:39.450,1.28649,1.28671,2.87,1.50
2011.12.28 05:32:39.524,1.28649,1.28671,2.87,2.25
2011.12.28 05:32:39.852,1.28652,1.28671,1.37,1.50
2011.12.28 05:32:40.105,1.28651,1.28676,1.37,1.50
2011.12.28 05:33:01.222,1.28651,1.28676,1.37,3.00
2011.12.28 05:33:12.915,1.28651,1.28676,1.37,3.00
2011.12.28 05:33:13.222,1.28655,1.28678,2.25,2.25
2011.12.28 05:33:13.294,1.28655,1.28678,2.25,1.50
2011.12.28 05:33:14.150,1.28655,1.28678,2.87,1.50
2011.12.28 05:33:14.803,1.28655,1.28678,2.25,2.25
2011.12.28 05:33:15.622,1.28655,1.28678,2.25,1.50
2011.12.28 05:33:30.728,1.28655,1.28678,2.25,2.25
2011.12.28 05:33:34.443,1.28655,1.28678,2.25,2.25
2011.12.28 05:33:34.515,1.28655,1.28678,2.25,2.25
2011.12.28 05:33:34.821,1.28655,1.28678,2.25,2.25
2011.12.28 05:33:52.421,1.28653,1.28675,1.37,1.50
2011.12.28 05:33:52.734,1.28651,1.28672,1.37,1.50
2011.12.28 05:33:54.734,1.28652,1.28675,1.50,1.50
2011.12.28 05:33:54.811,1.28668,1.28678,1.50,2.69
2011.12.28 05:33:55.086,1.28668,1.28678,1.50,1.73
2011.12.28 05:33:55.217,1.28668,1.28682,1.50,1.50
2011.12.28 05:33:55.287,1.28668,1.28684,2.25,1.50
2011.12.28 05:33:55.671,1.28664,1.28686,2.25,2.25
2011.12.28 05:33:55.750,1.28664,1.28686,2.25,2.25
2011.12.28 05:33:56.810,1.28662,1.28682,2.25,1.50
2011.12.28 05:33:57.125,1.28661,1.2868,1.37,1.50
2011.12.28 05:33:59.474,1.28661,1.2868,1.37,1.50
2011.12.28 05:34:03.216,1.2866,1.2868,1.37,2.25
2011.12.28 05:34:03.870,1.28659,1.28679,1.37,2.25
2011.12.28 05:34:04.373,1.28659,1.28679,1.37,2.25
2011.12.28 05:34:22.465,1.28662,1.28679,1.50,1.50
2011.12.28 05:34:22.533,1.28662,1.28679,1.50,1.50
2011.12.28 05:34:22.785,1.28663,1.28679,1.37,1.50
2011.12.28 05:34:22.980,1.28664,1.28686,2.25,2.25
2011.12.28 05:34:23.109,1.28661,1.28681,2.87,1.50
2011.12.28 05:34:23.405,1.28662,1.28684,2.25,1.50
2011.12.28 05:34:23.475,1.28662,1.28684,2.25,1.50
2011.12.28 05:34:23.801,1.28661,1.28681,1.37,1.50
2011.12.28 05:34:28.102,1.28661,1.28681,1.37,1.50
2011.12.28 05:34:29.524,1.28661,1.28681,1.37,1.50
2011.12.28 05:34:30.133,1.28662,1.28683,2.25,1.50
2011.12.28 05:34:32.775,1.28662,1.28683,2.87,2.25
2011.12.28 05:34:33.245,1.28663,1.28685,2.25,2.25
2011.12.28 05:34:33.727,1.28663,1.28685,2.87,2.25
2011.12.28 05:34:57.684,1.28663,1.28683,1.37,2.25
2011.12.28 05:34:57.874,1.28663,1.28683,1.37,2.25
2011.12.28 05:34:58.676,1.28663,1.28683,1.37,2.25
2011.12.28 05:35:02.202,1.28663,1.28683,1.37,2.25
2011.12.28 05:35:05.983,1.28663,1.28683,1.37,2.25
2011.12.28 05:35:07.085,1.2866,1.28683,2.12,3.00
2011.12.28 05:35:07.190,1.2866,1.28683,1.50,3.00
2011.12.28 05:35:07.772,1.28657,1.28681,1.50,2.25
2011.12.28 05:35:07.904,1.28655,1.28679,2.25,1.50
2011.12.28 05:35:08.214,1.28655,1.28679,2.25,2.25
2011.12.28 05:35:11.389,1.28655,1.28679,2.25,2.25
2011.12.28 05:35:16.107,1.28657,1.2868,1.50,1.50
2011.12.28 05:35:16.313,1.28657,1.2868,1.50,1.50
2011.12.28 05:35:20.307,1.28657,1.2868,1.50,1.50
2011.12.28 05:35:20.682,1.28657,1.2868,1.50,1.50
2011.12.28 05:35:20.839,1.28657,1.2868,2.12,1.50
2011.12.28 05:35:21.165,1.28661,1.28679,1.37,1.50
2011.12.28 05:35:28.287,1.28661,1.28683,2.25,1.50
2011.12.28 05:35:28.356,1.28664,1.28686,2.25,2.25
2011.12.28 05:35:29.551,1.28664,1.28686,2.25,1.50
2011.12.28 05:35:39.268,1.28664,1.28686,2.25,1.50
2011.12.28 05:35:39.526,1.28661,1.28683,2.87,1.50
2011.12.28 05:35:57.144,1.28663,1.28683,1.37,1.50
2011.12.28 05:36:01.542,1.28661,1.28683,2.87,1.50
2011.12.28 05:36:11.774,1.28662,1.28683,1.50,2.25
2011.12.28 05:36:11.837,1.28661,1.28679,2.12,1.50
2011.12.28 05:36:12.166,1.28666,1.28685,2.25,1.13
2011.12.28 05:36:12.475,1.28666,1.28685,2.25,2.10
2011.12.28 05:36:13.645,1.28664,1.28684,2.25,1.50
2011.12.28 05:36:16.898,1.28665,1.28686,2.25,2.48
2011.12.28 05:36:17.863,1.28664,1.28684,2.25,1.50
2011.12.28 05:37:18.397,1.28664,1.28686,1.37,1.73
2011.12.28 05:37:18.522,1.28664,1.28691,1.37,1.50
2011.12.28 05:37:18.654,1.28664,1.28692,1.37,1.50
2011.12.28 05:37:18.964,1.28665,1.28685,1.37,1.50
2011.12.28 05:37:19.034,1.28665,1.28692,2.87,1.50
2011.12.28 05:37:19.694,1.28662,1.2869,2.87,2.25
2011.12.28 05:37:19.940,1.28662,1.2869,2.25,2.25
2011.12.28 05:37:22.942,1.28662,1.2869,2.25,1.50
2011.12.28 05:37:24.526,1.28666,1.28691,2.25,3.00
2011.12.28 05:37:25.924,1.28668,1.28692,2.25,2.25
2011.12.28 05:37:35.110,1.28672,1.28696,2.25,2.25
2011.12.28 05:37:35.485,1.2867,1.28694,2.25,1.50
2011.12.28 05:37:37.472,1.2867,1.28694,2.25,1.50
2011.12.28 05:37:38.683,1.2867,1.28694,2.25,2.25
2011.12.28 05:37:40.334,1.2867,1.28694,2.25,2.25
2011.12.28 05:37:43.085,1.2867,1.28694,2.25,1.50
2011.12.28 05:37:43.688,1.2867,1.28698,2.25,2.25
2011.12.28 05:37:44.020,1.28672,1.28692,2.25,1.50
2011.12.28 05:37:44.526,1.28672,1.28692,2.25,2.25
2011.12.28 05:37:45.336,1.28672,1.28692,2.25,2.25
2011.12.28 05:37:45.927,1.28672,1.28692,2.25,1.50
2011.12.28 05:37:46.666,1.28672,1.28692,2.25,2.25
2011.12.28 05:37:49.555,1.28672,1.28692,2.25,2.25
2011.12.28 05:37:58.856,1.28675,1.28696,2.25,3.00
2011.12.28 05:37:59.365,1.28675,1.28695,2.25,1.50
2011.12.28 05:38:00.026,1.28675,1.28695,2.25,1.50
2011.12.28 05:38:00.246,1.28675,1.28695,2.25,1.50
2011.12.28 05:38:00.493,1.28675,1.28695,2.25,1.50
2011.12.28 05:38:00.805,1.28675,1.28696,1.50,3.00
2011.12.28 05:38:02.110,1.28675,1.28698,1.50,2.48
2011.12.28 05:38:02.186,1.28677,1.28698,1.50,2.48
2011.12.28 05:38:02.655,1.28677,1.28698,1.50,2.48
2011.12.28 05:38:03.631,1.28677,1.28698,2.25,1.73
2011.12.28 05:38:07.064,1.28676,1.28697,2.25,1.50
2011.12.28 05:38:07.710,1.28679,1.28698,2.25,1.73
2011.12.28 05:38:09.695,1.28679,1.28698,2.25,2.48
2011.12.28 05:38:10.553,1.28676,1.28696,2.25,1.50
2011.12.28 05:38:11.101,1.28678,1.287,2.25,2.25
2011.12.28 05:38:11.635,1.28678,1.287,2.25,1.50
2011.12.28 05:38:12.180,1.28681,1.28703,2.25,3.00
2011.12.28 05:38:12.825,1.28681,1.28702,2.25,1.50
2011.12.28 05:38:13.365,1.28681,1.28702,2.25,1.50
2011.12.28 05:38:18.026,1.28678,1.287,2.25,1.50
2011.12.28 05:38:18.095,1.28678,1.287,2.25,2.25
2011.12.28 05:38:18.163,1.28678,1.287,2.25,3.00
2011.12.28 05:38:19.045,1.28678,1.287,2.25,3.00
2011.12.28 05:38:19.176,1.28678,1.287,2.25,3.00
2011.12.28 05:38:22.891,1.28678,1.287,2.25,2.25
2011.12.28 05:38:24.625,1.28681,1.28702,2.25,1.50
2011.12.28 05:38:30.091,1.28681,1.28702,2.25,1.50
2011.12.28 05:38:31.186,1.28678,1.287,2.25,3.00
2011.12.28 05:38:36.997,1.28678,1.28695,2.25,1.50
2011.12.28 05:38:37.249,1.28673,1.28695,2.25,3.98
2011.12.28 05:38:37.449,1.28671,1.28693,2.25,1.50
2011.12.28 05:38:37.518,1.28676,1.28696,2.25,3.00
2011.12.28 05:38:37.586,1.28676,1.28696,2.25,3.00
2011.12.28 05:38:37.906,1.28676,1.28696,2.25,3.00
2011.12.28 05:38:38.224,1.2868,1.287,2.25,2.25
2011.12.28 05:38:40.056,1.2868,1.28695,1.50,1.50
2011.12.28 05:38:40.259,1.28674,1.28695,2.87,1.50
2011.12.28 05:38:40.333,1.28674,1.28692,1.37,1.50
2011.12.28 05:38:40.409,1.28674,1.28695,1.37,2.25
2011.12.28 05:38:40.482,1.28674,1.28695,1.37,2.25
2011.12.28 05:38:40.806,1.28677,1.28697,2.25,3.98
2011.12.28 05:38:43.457,1.28672,1.28692,2.25,2.25
2011.12.28 05:38:43.807,1.28668,1.28687,1.37,1.50
2011.12.28 05:38:43.936,1.28668,1.2869,2.87,3.98
2011.12.28 05:38:45.774,1.28668,1.2869,2.87,3.98
2011.12.28 05:38:46.386,1.28668,1.2869,2.25,3.98
2011.12.28 05:38:46.924,1.28668,1.2869,2.25,3.98
2011.12.28 05:38:47.462,1.28667,1.28687,2.25,1.50
2011.12.28 05:38:48.056,1.28667,1.28687,2.25,1.50
2011.12.28 05:38:49.124,1.28667,1.28687,2.25,1.50
2011.12.28 05:38:49.259,1.28671,1.28691,2.25,2.25
2011.12.28 05:38:49.580,1.28671,1.28691,2.25,2.25
2011.12.28 05:38:49.668,1.28671,1.28691,2.25,1.50
2011.12.28 05:38:50.010,1.28671,1.28691,2.25,3.23
2011.12.28 05:38:50.152,1.28668,1.28683,2.25,1.13
2011.12.28 05:38:50.365,1.2866,1.2868,2.25,3.37
2011.12.28 05:38:50.441,1.2866,1.2867,1.50,1.50
2011.12.28 05:38:50.518,1.28655,1.28675,1.50,2.25
2011.12.28 05:38:50.716,1.28651,1.28673,2.25,2.25
2011.12.28 05:38:50.925,1.28651,1.28673,2.25,2.25
2011.12.28 05:38:52.086,1.28654,1.28676,2.25,2.25
2011.12.28 05:38:56.635,1.28654,1.28676,2.25,2.25
2011.12.28 05:38:57.456,1.28654,1.28676,2.25,1.50
2011.12.28 05:38:57.764,1.28652,1.28672,1.37,1.50
2011.12.28 05:39:02.149,1.28652,1.28674,1.37,1.50
2011.12.28 05:39:07.609,1.28652,1.28671,1.37,1.50
2011.12.28 05:39:12.739,1.28652,1.28673,1.37,1.50
2011.12.28 05:39:13.114,1.28655,1.28675,2.25,1.50
2011.12.28 05:39:13.365,1.28655,1.28675,2.25,1.50
2011.12.28 05:39:13.564,1.28656,1.28678,2.25,3.00
2011.12.28 05:39:14.035,1.28654,1.28673,1.37,1.50
2011.12.28 05:39:15.524,1.28656,1.28678,2.25,2.25
2011.12.28 05:39:16.139,1.28654,1.28676,2.87,1.50
2011.12.28 05:39:22.173,1.28654,1.28674,1.37,1.50
2011.12.28 05:39:22.367,1.28656,1.28681,2.25,3.98
2011.12.28 05:39:22.495,1.28657,1.28681,1.37,3.23
2011.12.28 05:39:22.934,1.28657,1.28679,1.37,1.50
2011.12.28 05:39:23.003,1.28657,1.28679,1.37,1.50
2011.12.28 05:39:30.599,1.28655,1.28679,1.37,2.25
2011.12.28 05:39:30.819,1.28653,1.28679,2.25,2.25
2011.12.28 05:39:31.340,1.28655,1.28679,1.50,2.25
2011.12.28 05:39:31.426,1.28656,1.28679,1.50,1.50
2011.12.28 05:39:31.556,1.28663,1.28681,2.25,2.48
2011.12.28 05:39:31.814,1.28663,1.28683,2.25,2.25
2011.12.28 05:39:31.944,1.28666,1.28685,1.50,1.50
2011.12.28 05:39:32.194,1.28666,1.28686,2.25,2.25
2011.12.28 05:39:34.714,1.28666,1.28688,2.87,2.25
2011.12.28 05:39:38.573,1.28666,1.28685,1.37,1.50
2011.12.28 05:39:38.824,1.28669,1.28691,2.25,3.00
2011.12.28 05:39:39.344,1.2867,1.28691,2.25,1.50
2011.12.28 05:39:42.005,1.2867,1.2869,2.25,1.50
2011.12.28 05:39:42.266,1.28666,1.28683,1.37,1.50
2011.12.28 05:39:42.774,1.28663,1.28686,1.37,2.25
2011.12.28 05:40:07.966,1.28663,1.28686,1.37,2.25
2011.12.28 05:40:13.035,1.28663,1.28687,1.37,2.25
2011.12.28 05:40:32.385,1.28663,1.28687,1.37,2.25
2011.12.28 05:40:43.024,1.28656,1.28684,1.50,2.25
2011.12.28 05:40:52.313,1.28653,1.28685,1.50,2.25
2011.12.28 05:40:56.461,1.28653,1.28685,2.25,2.25
2011.12.28 05:40:56.775,1.2866,1.28679,1.37,2.25
2011.12.28 05:40:57.100,1.28659,1.28672,1.37,1.50
2011.12.28 05:40:57.405,1.28656,1.28674,1.37,2.25
2011.12.28 05:40:58.524,1.28646,1.2867,1.50,1.50
2011.12.28 05:41:02.256,1.28646,1.2867,1.50,1.50
2011.12.28 05:41:03.009,1.28646,1.28675,1.50,3.00
2011.12.28 05:41:03.075,1.28646,1.28675,2.25,3.00
2011.12.28 05:41:21.804,1.28648,1.28676,1.37,3.38
2011.12.28 05:41:51.728,1.28649,1.28675,2.25,3.00
2011.12.28 05:41:53.917,1.28652,1.28675,1.37,3.75
2011.12.28 05:41:54.361,1.28655,1.28675,1.37,3.00
2011.12.28 05:41:55.828,1.28655,1.28673,1.37,1.50
2011.12.28 05:41:55.955,1.28655,1.28675,1.37,3.00
2011.12.28 05:42:17.446,1.28651,1.28675,1.37,1.50
2011.12.28 05:42:17.516,1.28651,1.28671,2.87,1.50
2011.12.28 05:42:18.273,1.28652,1.28671,1.37,1.50
2011.12.28 05:42:18.864,1.28652,1.28672,1.37,1.50
2011.12.28 05:42:19.118,1.28655,1.28675,2.25,2.10
2011.12.28 05:42:19.378,1.28658,1.2868,2.25,2.25
2011.12.28 05:42:19.448,1.28658,1.2868,2.25,1.50
2011.12.28 05:42:19.765,1.28658,1.2868,2.25,1.50
2011.12.28 05:42:21.096,1.28659,1.28681,2.25,1.50
2011.12.28 05:42:35.923,1.28659,1.28679,2.25,1.50
2011.12.28 05:42:38.097,1.28659,1.28679,2.25,2.25
2011.12.28 05:42:40.739,1.28659,1.28679,2.25,2.25
2011.12.28 05:42:40.960,1.28659,1.28679,2.25,2.25
2011.12.28 05:42:41.837,1.28659,1.28679,2.25,1.50
2011.12.28 05:42:44.035,1.28662,1.28683,2.25,2.25
2011.12.28 05:42:51.967,1.2866,1.28683,2.25,2.25
2011.12.28 05:42:52.795,1.2866,1.28683,2.25,2.25
2011.12.28 05:43:00.378,1.2866,1.28683,2.25,1.50
2011.12.28 05:43:00.562,1.2866,1.28683,2.25,2.25
2011.12.28 05:43:08.130,1.28662,1.28682,2.25,1.50
2011.12.28 05:43:08.676,1.28657,1.28679,2.25,1.50
2011.12.28 05:43:09.492,1.2866,1.2868,2.25,1.50
2011.12.28 05:43:10.596,1.28663,1.28683,2.25,2.25
2011.12.28 05:43:10.960,1.28663,1.28682,2.25,1.50
2011.12.28 05:43:11.277,1.28664,1.28686,2.25,2.25
2011.12.28 05:43:11.835,1.28664,1.28686,2.25,2.25
2011.12.28 05:43:12.170,1.28659,1.28683,2.87,2.25
2011.12.28 05:43:12.816,1.28664,1.28686,2.25,2.25
2011.12.28 05:43:14.439,1.28663,1.28683,2.25,2.25
2011.12.28 05:43:15.542,1.28661,1.28681,2.25,1.50
2011.12.28 05:43:17.109,1.28663,1.28683,2.25,2.25
2011.12.28 05:43:17.494,1.28658,1.28685,2.25,2.25
2011.12.28 05:43:20.045,1.28658,1.28684,2.25,1.50
2011.12.28 05:43:20.488,1.28658,1.28683,2.25,1.50
2011.12.28 05:43:21.255,1.28658,1.28683,2.25,1.50
2011.12.28 05:43:23.286,1.28658,1.28683,2.25,1.50
2011.12.28 05:43:25.692,1.28658,1.28683,1.50,1.50
2011.12.28 05:43:32.048,1.28658,1.28683,2.25,1.50
2011.12.28 05:43:43.060,1.2866,1.28684,2.25,2.25
2011.12.28 05:43:43.397,1.28676,1.28693,1.50,1.50
2011.12.28 05:43:43.658,1.2868,1.28693,1.50,1.50
2011.12.28 05:43:43.730,1.28677,1.28693,2.25,1.50
2011.12.28 05:43:44.096,1.28671,1.2869,2.25,1.50
2011.12.28 05:43:44.285,1.28669,1.28689,2.25,2.25
2011.12.28 05:43:44.415,1.28669,1.28688,2.25,1.50
2011.12.28 05:43:44.797,1.28669,1.28688,2.25,1.50
2011.12.28 05:43:51.667,1.28669,1.28688,2.25,1.50
2011.12.28 05:43:53.404,1.28669,1.28688,2.25,1.50
2011.12.28 05:43:53.932,1.28669,1.28688,2.25,1.50
2011.12.28 05:43:54.963,1.28669,1.28688,1.50,1.50
2011.12.28 05:43:55.610,1.28669,1.28688,2.25,1.50
2011.12.28 05:43:56.418,1.2866,1.28677,2.48,1.88
2011.12.28 05:43:56.487,1.2866,1.28677,2.48,2.63
2011.12.28 05:43:56.557,1.2866,1.28672,2.48,1.50
2011.12.28 05:43:56.949,1.28665,1.28685,1.50,3.00
2011.12.28 05:43:57.386,1.28658,1.2868,2.25,2.25
2011.12.28 05:43:57.459,1.28658,1.2868,2.25,1.50
2011.12.28 05:43:57.969,1.28661,1.28683,2.25,2.25
2011.12.28 05:44:02.845,1.28669,1.28689,1.50,3.00
2011.12.28 05:44:03.157,1.28669,1.28689,2.25,2.25
2011.12.28 05:44:03.859,1.28669,1.28689,2.25,2.25
2011.12.28 05:44:04.457,1.28669,1.28689,2.25,2.25
2011.12.28 05:44:05.398,1.28672,1.28689,1.50,2.25
2011.12.28 05:44:05.526,1.28669,1.28689,3.00,2.25
2011.12.28 05:44:05.655,1.28669,1.28689,3.00,2.25
2011.12.28 05:44:06.691,1.28672,1.28692,2.25,2.25
2011.12.28 05:44:07.035,1.28672,1.28692,2.25,2.25
2011.12.28 05:44:08.122,1.28673,1.28695,2.25,2.25
2011.12.28 05:44:08.568,1.28668,1.28689,2.25,1.50
2011.12.28 05:44:10.736,1.28668,1.2869,2.25,2.25
2011.12.28 05:44:11.697,1.28668,1.2869,3.00,2.25
2011.12.28 05:44:14.125,1.28668,1.2869,2.25,2.25
2011.12.28 05:44:16.624,1.28668,1.2869,3.00,2.25
2011.12.28 05:44:17.498,1.28668,1.2869,3.00,2.25
2011.12.28 05:44:21.543,1.28668,1.2869,3.00,2.25
2011.12.28 05:44:23.596,1.28668,1.2869,3.00,1.50
2011.12.28 05:44:49.414,1.28669,1.2869,1.50,1.50
2011.12.28 05:44:54.578,1.28665,1.28683,1.37,1.50
2011.12.28 05:44:54.642,1.28656,1.28675,1.50,1.50
2011.12.28 05:44:55.145,1.28654,1.28675,1.37,1.50
2011.12.28 05:44:55.796,1.28654,1.2867,1.37,1.50
2011.12.28 05:44:56.555,1.28654,1.2867,1.37,1.50
2011.12.28 05:44:56.865,1.28654,1.28668,1.37,1.50
2011.12.28 05:45:01.289,1.28648,1.28668,2.12,1.50
2011.12.28 05:45:01.895,1.28654,1.28668,1.37,1.50
2011.12.28 05:45:10.085,1.28653,1.28666,1.37,1.50
2011.12.28 05:45:10.583,1.28641,1.28663,2.25,2.25
2011.12.28 05:45:10.797,1.28644,1.28664,2.25,2.25
2011.12.28 05:45:11.385,1.28644,1.28664,2.25,2.25
2011.12.28 05:45:12.588,1.28644,1.28664,3.00,1.50
2011.12.28 05:45:14.238,1.28651,1.28668,1.50,2.25
2011.12.28 05:45:14.764,1.2865,1.2867,2.25,2.25
2011.12.28 05:45:15.275,1.28649,1.28668,1.50,1.50
2011.12.28 05:45:15.850,1.28652,1.28671,1.50,2.25
2011.12.28 05:45:16.109,1.28649,1.28671,2.25,2.25
2011.12.28 05:45:16.297,1.28649,1.28671,2.25,2.25
2011.12.28 05:45:17.735,1.28649,1.28671,2.25,2.25
2011.12.28 05:45:18.055,1.28644,1.28664,4.73,1.50
2011.12.28 05:45:18.590,1.28644,1.28664,2.25,1.50
2011.12.28 05:45:18.725,1.28646,1.28666,2.25,1.50
2011.12.28 05:45:22.503,1.28649,1.2867,1.50,2.25
2011.12.28 05:45:22.575,1.28649,1.2867,1.50,2.25
2011.12.28 05:45:23.776,1.28648,1.2867,2.25,2.25
2011.12.28 05:45:24.044,1.2865,1.2867,1.50,2.25
2011.12.28 05:45:34.810,1.28652,1.2867,1.50,2.25
2011.12.28 05:45:34.882,1.28654,1.28674,1.50,2.25
2011.12.28 05:45:35.394,1.28653,1.28673,3.00,2.25
2011.12.28 05:45:40.897,1.28655,1.28673,1.50,1.50
2011.12.28 05:45:43.294,1.28651,1.28675,2.25,1.50
2011.12.28 05:45:44.008,1.28651,1.28676,2.25,2.63
2011.12.28 05:45:44.257,1.28648,1.28673,1.37,1.50
2011.12.28 05:45:44.918,1.28648,1.2867,2.87,1.50
2011.12.28 05:45:45.238,1.28651,1.28671,1.37,1.50
2011.12.28 05:45:45.305,1.28651,1.28677,1.37,1.13
2011.12.28 05:45:45.375,1.28651,1.28673,1.37,1.50
2011.12.28 05:45:45.624,1.28651,1.28673,1.37,1.50
2011.12.28 05:45:46.455,1.28649,1.28673,1.37,1.50
2011.12.28 05:45:46.975,1.28649,1.28673,1.37,1.50
2011.12.28 05:45:47.112,1.28649,1.28671,1.37,1.50
2011.12.28 05:45:47.386,1.28651,1.28673,1.37,1.50
2011.12.28 05:45:47.458,1.28651,1.28673,1.37,1.50
2011.12.28 05:45:49.276,1.28649,1.28671,1.37,1.50
2011.12.28 05:45:50.126,1.2865,1.28675,1.37,1.50
2011.12.28 05:45:53.234,1.2865,1.28673,1.37,1.50
2011.12.28 05:45:59.716,1.28645,1.28673,1.37,2.25
2011.12.28 05:45:59.783,1.28644,1.28673,1.50,2.25
2011.12.28 05:46:00.693,1.28644,1.28673,1.50,1.50
2011.12.28 05:46:00.823,1.28651,1.28675,1.37,1.50
2011.12.28 05:46:03.410,1.28651,1.28675,1.37,2.25
2011.12.28 05:46:03.681,1.28642,1.28659,1.37,1.50
2011.12.28 05:46:03.755,1.28642,1.28661,1.37,1.50
2011.12.28 05:46:03.898,1.28643,1.28667,1.37,1.50
2011.12.28 05:46:03.967,1.28643,1.28667,1.37,1.50
2011.12.28 05:46:04.046,1.2865,1.28669,1.37,1.50
2011.12.28 05:46:04.372,1.2865,1.28673,1.37,1.88
2011.12.28 05:46:13.866,1.2865,1.28671,1.37,1.50
2011.12.28 05:46:15.755,1.28647,1.28671,1.37,1.50
2011.12.28 05:46:15.827,1.28647,1.28667,1.37,1.50
2011.12.28 05:46:21.936,1.28649,1.28669,1.37,1.50
2011.12.28 05:46:22.068,1.28649,1.28669,1.37,1.50
2011.12.28 05:46:22.138,1.2865,1.28671,1.37,1.50
2011.12.28 05:46:24.500,1.2865,1.28663,1.37,1.50
2011.12.28 05:46:24.829,1.28641,1.28659,1.37,1.50
2011.12.28 05:46:31.858,1.28641,1.2866,2.12,1.50
2011.12.28 05:46:31.927,1.28645,1.28666,1.37,1.50
2011.12.28 05:46:32.063,1.28645,1.28671,1.37,2.39
2011.12.28 05:46:32.409,1.28644,1.2866,1.37,1.50
2011.12.28 05:46:33.162,1.28643,1.28662,1.37,1.50
2011.12.28 05:46:39.413,1.28643,1.28661,1.37,1.50
2011.12.28 05:46:40.173,1.28643,1.28663,1.37,1.50
2011.12.28 05:46:41.156,1.28643,1.28662,1.37,1.50
2011.12.28 05:46:43.625,1.28642,1.28655,1.37,1.50
2011.12.28 05:46:43.695,1.28643,1.28655,1.37,1.50
2011.12.28 05:46:43.770,1.2864,1.28661,1.37,1.50
2011.12.28 05:46:43.902,1.2864,1.28659,1.37,1.50
2011.12.28 05:46:44.245,1.28643,1.28663,1.37,1.50
2011.12.28 05:46:44.822,1.28644,1.28663,1.37,1.50
2011.12.28 05:46:56.406,1.28645,1.28663,1.37,1.50
2011.12.28 05:46:56.654,1.28644,1.2866,1.37,1.50
2011.12.28 05:47:02.318,1.28644,1.2866,1.37,1.50
2011.12.28 05:47:04.269,1.28646,1.28663,1.37,1.50
2011.12.28 05:47:04.463,1.28646,1.28665,1.37,1.50
2011.12.28 05:47:04.597,1.28649,1.28667,1.37,1.50
2011.12.28 05:47:04.669,1.28649,1.28667,1.37,1.50
2011.12.28 05:47:05.178,1.28649,1.28668,1.37,1.50
2011.12.28 05:47:05.845,1.28647,1.28668,2.25,1.50
2011.12.28 05:47:07.147,1.28644,1.28669,2.25,1.50
2011.12.28 05:47:15.324,1.28644,1.28669,2.25,1.50
2011.12.28 05:47:16.034,1.28649,1.28672,1.37,1.50
2011.12.28 05:47:16.164,1.28649,1.28668,1.37,1.50
2011.12.28 05:47:25.027,1.28649,1.28671,1.37,1.50
2011.12.28 05:47:25.467,1.28649,1.28666,1.37,1.50
2011.12.28 05:47:25.778,1.28646,1.28663,1.37,1.50
2011.12.28 05:47:26.104,1.28645,1.28659,1.37,1.50
2011.12.28 05:47:26.295,1.28645,1.28663,1.37,1.50
2011.12.28 05:47:28.155,1.28645,1.28663,1.37,1.50
2011.12.28 05:47:29.995,1.28643,1.28661,1.37,1.50
2011.12.28 05:47:30.300,1.28645,1.28661,1.37,1.50
2011.12.28 05:47:36.939,1.28645,1.28663,1.37,1.50
2011.12.28 05:47:37.007,1.28645,1.28663,1.37,1.50
2011.12.28 05:47:37.199,1.28646,1.28668,2.87,1.50
2011.12.28 05:47:37.268,1.28646,1.28664,2.87,1.13
2011.12.28 05:47:37.335,1.28646,1.28659,2.87,1.73
2011.12.28 05:47:37.651,1.28646,1.28657,1.37,1.50
2011.12.28 05:47:38.112,1.28644,1.28662,1.37,1.50
2011.12.28 05:47:38.673,1.28644,1.28661,1.37,1.50
2011.12.28 05:47:39.246,1.28644,1.28661,1.37,1.50
2011.12.28 05:47:39.318,1.28647,1.28667,2.25,3.14
2011.12.28 05:47:39.458,1.28647,1.28667,2.25,2.63
2011.12.28 05:47:39.767,1.28646,1.28662,1.37,1.50
2011.12.28 05:47:40.115,1.28644,1.28662,1.37,1.50
2011.12.28 05:47:55.546,1.28644,1.28659,1.37,1.50
2011.12.28 05:48:02.647,1.28645,1.28664,1.37,1.88
2011.12.28 05:48:03.240,1.28645,1.28668,1.37,2.98
2011.12.28 05:48:03.317,1.28648,1.28667,1.37,1.50
2011.12.28 05:48:03.796,1.28648,1.2867,1.37,1.50
2011.12.28 05:48:04.481,1.28641,1.28669,1.50,1.50
2011.12.28 05:48:04.556,1.28641,1.28669,1.50,2.25
2011.12.28 05:48:05.465,1.28641,1.28669,1.50,2.25
2011.12.28 05:48:09.245,1.28637,1.2867,2.25,2.25
2011.12.28 05:48:14.314,1.28636,1.28668,2.25,1.50
2011.12.28 05:48:14.684,1.28636,1.28668,2.25,1.50
2011.12.28 05:48:16.714,1.28648,1.28671,1.37,1.50
2011.12.28 05:48:22.622,1.28648,1.28668,1.37,1.50
2011.12.28 05:48:30.369,1.28648,1.28671,1.37,1.50
2011.12.28 05:48:32.875,1.28648,1.28672,1.37,2.25
2011.12.28 05:48:33.476,1.28648,1.2867,1.37,1.50
2011.12.28 05:48:35.239,1.28648,1.28669,1.37,1.50
2011.12.28 05:48:35.793,1.28648,1.2867,1.37,1.50
2011.12.28 05:48:37.054,1.28648,1.28672,1.37,2.25
2011.12.28 05:48:37.824,1.28648,1.2867,1.37,1.50
2011.12.28 05:48:44.073,1.28648,1.28671,1.37,1.50
2011.12.28 05:48:45.044,1.28648,1.28669,1.37,1.50
2011.12.28 05:48:51.775,1.28648,1.28671,1.37,1.50
2011.12.28 05:48:51.907,1.28648,1.28673,1.37,1.50
2011.12.28 05:48:52.277,1.2865,1.28671,1.37,1.50
2011.12.28 05:48:52.348,1.28654,1.28676,2.25,2.25
2011.12.28 05:48:52.482,1.28654,1.28676,2.25,2.25
2011.12.28 05:48:52.839,1.28655,1.28675,2.25,1.50
2011.12.28 05:48:53.041,1.28655,1.28675,2.25,2.25
2011.12.28 05:48:53.253,1.28658,1.28678,2.25,1.50
2011.12.28 05:48:53.672,1.2866,1.2868,2.25,2.25
2011.12.28 05:48:54.458,1.28657,1.28679,2.25,1.50
2011.12.28 05:48:56.824,1.28657,1.28679,2.25,1.50
2011.12.28 05:48:57.704,1.28657,1.28679,2.25,1.50
2011.12.28 05:48:58.915,1.28657,1.28679,2.25,2.25
2011.12.28 05:48:59.226,1.28655,1.28675,2.25,1.50
2011.12.28 05:49:00.811,1.28656,1.28678,2.25,3.00
2011.12.28 05:49:01.019,1.28656,1.28678,2.25,2.25
2011.12.28 05:49:05.614,1.28658,1.28678,1.37,2.25
2011.12.28 05:49:06.555,1.28658,1.28678,1.37,2.25
2011.12.28 05:49:07.678,1.28659,1.28678,1.37,1.50
2011.12.28 05:49:07.987,1.2866,1.2868,2.25,1.50
2011.12.28 05:49:19.947,1.2866,1.2868,2.25,2.25
2011.12.28 05:49:20.474,1.28658,1.28678,2.25,2.25
2011.12.28 05:49:21.028,1.28658,1.28678,2.25,2.25
2011.12.28 05:49:22.039,1.28658,1.28678,2.25,2.25
2011.12.28 05:49:22.108,1.28656,1.28675,1.37,1.50
2011.12.28 05:49:22.471,1.28657,1.28676,1.37,2.25
2011.12.28 05:49:32.104,1.28658,1.28676,1.37,1.50
2011.12.28 05:49:40.663,1.28658,1.28676,1.37,1.50
2011.12.28 05:49:41.633,1.28656,1.28676,2.25,1.50
2011.12.28 05:50:02.707,1.28659,1.28674,1.37,1.50
2011.12.28 05:50:04.929,1.28658,1.28678,1.37,1.50
2011.12.28 05:50:07.643,1.28659,1.28681,2.25,1.50
2011.12.28 05:50:21.364,1.28659,1.28681,2.25,1.50
2011.12.28 05:50:22.353,1.28659,1.28681,2.25,1.50
2011.12.28 05:50:35.974,1.28663,1.28683,2.25,1.50
2011.12.28 05:50:36.477,1.28665,1.28687,2.25,3.00
2011.12.28 05:50:37.049,1.28663,1.28685,2.25,1.50
2011.12.28 05:50:37.758,1.28666,1.28686,2.25,1.50
2011.12.28 05:50:39.468,1.28663,1.28685,2.25,1.50
2011.12.28 05:50:41.978,1.28671,1.28691,2.25,2.25
2011.12.28 05:50:42.046,1.28671,1.28691,2.25,2.25
2011.12.28 05:50:42.415,1.28674,1.28693,1.50,1.50
2011.12.28 05:50:43.464,1.28674,1.28692,2.25,1.50
2011.12.28 05:50:44.106,1.28677,1.28693,2.25,1.50
2011.12.28 05:50:44.659,1.28671,1.28689,2.25,1.50
2011.12.28 05:50:46.819,1.28671,1.28691,2.25,1.50
2011.12.28 05:50:49.186,1.28671,1.28691,2.25,1.50
2011.12.28 05:50:50.389,1.28671,1.2869,2.25,1.50
2011.12.28 05:50:50.668,1.28671,1.2869,2.25,1.50
2011.12.28 05:50:51.378,1.28671,1.2869,2.25,1.50
2011.12.28 05:50:52.314,1.28671,1.28691,2.25,1.50
2011.12.28 05:50:57.176,1.28671,1.2869,2.25,1.50
2011.12.28 05:50:57.700,1.28671,1.28691,2.25,1.50
2011.12.28 05:51:00.736,1.28671,1.28691,2.25,1.50
2011.12.28 05:51:03.186,1.28671,1.28691,2.25,1.50
2011.12.28 05:51:03.687,1.28671,1.28692,2.25,1.50
2011.12.28 05:51:03.757,1.28671,1.28692,2.25,1.50
2011.12.28 05:51:05.104,1.28671,1.28692,2.25,1.50
2011.12.28 05:51:05.179,1.28671,1.28692,2.25,1.50
2011.12.28 05:51:05.440,1.28671,1.28693,2.25,2.25
2011.12.28 05:51:05.568,1.28673,1.28695,1.50,2.25
2011.12.28 05:51:05.901,1.28683,1.28698,1.50,1.50
2011.12.28 05:51:05.967,1.28681,1.28698,1.50,1.50
2011.12.28 05:51:06.190,1.28678,1.28698,2.25,3.00
2011.12.28 05:51:06.439,1.28678,1.28698,2.25,3.00
2011.12.28 05:51:06.889,1.28678,1.28698,2.25,2.25
2011.12.28 05:51:07.881,1.28679,1.287,2.25,1.50
2011.12.28 05:51:08.351,1.28675,1.28695,2.87,1.50
2011.12.28 05:51:09.073,1.28676,1.28698,2.25,2.25
2011.12.28 05:51:12.176,1.28676,1.28698,2.25,2.25
2011.12.28 05:51:12.726,1.28676,1.28698,2.87,2.25
2011.12.28 05:51:12.917,1.28676,1.28698,2.25,2.25
2011.12.28 05:51:13.417,1.28676,1.28698,2.25,2.25
2011.12.28 05:51:13.978,1.28676,1.28698,2.25,2.25
2011.12.28 05:51:15.738,1.28676,1.28698,2.25,2.25
2011.12.28 05:51:17.598,1.28676,1.28698,2.87,2.25
2011.12.28 05:51:17.927,1.28676,1.28698,2.87,2.25
2011.12.28 05:51:18.239,1.28676,1.28698,2.25,2.25
2011.12.28 05:51:18.828,1.28676,1.28698,2.25,2.25
2011.12.28 05:51:18.957,1.28676,1.28698,2.25,2.25
2011.12.28 05:51:20.430,1.28676,1.28698,2.25,2.25
2011.12.28 05:51:22.329,1.28676,1.28698,2.87,2.25
2011.12.28 05:51:26.359,1.28683,1.28702,2.25,1.50
2011.12.28 05:51:32.459,1.2868,1.28701,2.25,1.50
2011.12.28 05:51:32.722,1.28678,1.28698,2.25,2.25
2011.12.28 05:51:32.847,1.28674,1.28696,2.87,1.50
2011.12.28 05:51:33.773,1.28677,1.28697,2.25,1.50
2011.12.28 05:51:37.075,1.28677,1.28697,2.25,1.50
2011.12.28 05:51:49.916,1.2868,1.287,2.25,3.00
2011.12.28 05:51:50.404,1.2868,1.287,2.25,2.25
2011.12.28 05:51:50.703,1.2868,1.28699,2.25,1.50
2011.12.28 05:51:55.168,1.2868,1.28699,2.25,1.50
2011.12.28 05:51:55.244,1.2868,1.28699,2.25,1.50
2011.12.28 05:51:55.314,1.2868,1.287,2.25,2.25
2011.12.28 05:51:55.510,1.28678,1.28698,2.25,2.25
2011.12.28 05:51:55.577,1.28678,1.28697,2.25,1.50
2011.12.28 05:51:58.685,1.28678,1.28698,2.25,1.50
2011.12.28 05:51:59.202,1.2868,1.28702,2.25,3.00
2011.12.28 05:52:08.699,1.28677,1.28699,2.25,2.25
2011.12.28 05:52:08.888,1.28677,1.28699,2.25,2.25
2011.12.28 05:52:09.458,1.2868,1.28702,2.25,3.00
2011.12.28 05:52:09.529,1.28683,1.28703,2.25,3.00
2011.12.28 05:52:11.507,1.28677,1.28698,1.37,1.50
2011.12.28 05:52:11.697,1.28677,1.28698,1.37,1.50
2011.12.28 05:52:11.837,1.28677,1.28696,1.37,1.50
2011.12.28 05:52:12.099,1.28676,1.28698,2.25,1.50
2011.12.28 05:52:14.860,1.28675,1.28695,2.25,1.50
2011.12.28 05:52:15.050,1.28676,1.28698,2.25,2.25
2011.12.28 05:52:15.588,1.28674,1.28696,2.87,1.50
2011.12.28 05:52:15.790,1.28677,1.28699,2.25,2.25
2011.12.28 05:52:15.860,1.28675,1.28695,2.25,1.50
2011.12.28 05:52:15.932,1.28677,1.28697,2.25,1.50
2011.12.28 05:52:16.130,1.28683,1.28701,2.25,1.50
2011.12.28 05:52:16.318,1.28681,1.28701,2.25,3.00
2011.12.28 05:52:16.670,1.28677,1.28697,2.25,1.50
2011.12.28 05:52:27.574,1.28677,1.28697,2.25,1.50
2011.12.28 05:52:27.705,1.28677,1.28697,2.25,1.50
2011.12.28 05:52:36.365,1.28675,1.28695,2.25,1.50
2011.12.28 05:52:36.679,1.28677,1.28697,2.25,1.50
2011.12.28 05:52:37.311,1.28677,1.28697,2.25,1.50
2011.12.28 05:52:37.382,1.2868,1.287,2.25,2.25
2011.12.28 05:52:37.448,1.28676,1.28696,2.25,1.50
2011.12.28 05:52:37.587,1.2868,1.28701,2.25,1.50
2011.12.28 05:52:37.719,1.2868,1.28702,2.25,3.00
2011.12.28 05:52:37.966,1.2868,1.28702,2.25,3.00
2011.12.28 05:52:38.277,1.28677,1.28699,2.25,1.50
2011.12.28 05:52:38.681,1.28683,1.28703,2.25,1.50
2011.12.28 05:52:38.870,1.28683,1.28703,2.25,1.50
2011.12.28 05:52:38.940,1.28681,1.28701,2.25,1.50
2011.12.28 05:52:39.261,1.28677,1.28699,2.25,1.50
2011.12.28 05:52:39.803,1.2868,1.287,2.25,1.50
2011.12.28 05:52:39.989,1.2868,1.287,2.25,2.25
2011.12.28 05:52:40.262,1.2868,1.287,2.25,2.25
2011.12.28 05:52:40.586,1.28682,1.28703,1.50,1.50
2011.12.28 05:52:40.778,1.28682,1.28703,1.50,1.50
2011.12.28 05:52:41.610,1.28682,1.28704,2.25,2.25
2011.12.28 05:52:41.929,1.28681,1.28701,2.25,1.50
2011.12.28 05:52:42.554,1.28682,1.28701,1.37,1.50
2011.12.28 05:52:44.335,1.28681,1.28699,1.37,1.50
2011.12.28 05:52:44.417,1.28681,1.28698,1.37,1.50
2011.12.28 05:52:44.668,1.28681,1.287,1.37,1.50
2011.12.28 05:52:45.180,1.28681,1.287,1.37,1.50
2011.12.28 05:52:46.517,1.28682,1.28698,1.37,1.50
2011.12.28 05:52:46.591,1.28682,1.28698,1.37,1.50
2011.12.28 05:52:46.803,1.28681,1.28698,1.37,1.50
2011.12.28 05:52:47.647,1.2868,1.287,2.87,1.50
2011.12.28 05:52:48.510,1.2868,1.287,2.25,1.50
2011.12.28 05:52:49.069,1.2868,1.28701,1.37,1.50
2011.12.28 05:52:49.257,1.28682,1.28704,2.25,2.25
2011.12.28 05:52:49.329,1.28681,1.28702,1.37,1.50
2011.12.28 05:52:49.878,1.28681,1.28702,1.37,1.50
2011.12.28 05:52:50.068,1.28681,1.28702,1.37,1.50
2011.12.28 05:52:50.201,1.28682,1.28704,2.25,2.25
2011.12.28 05:52:50.572,1.28682,1.28704,2.25,2.25
2011.12.28 05:52:51.639,1.28682,1.28704,2.87,2.25
2011.12.28 05:52:51.947,1.28683,1.28701,1.37,1.50
2011.12.28 05:52:53.567,1.28682,1.28698,1.37,1.50
2011.12.28 05:52:53.759,1.2868,1.28702,2.87,2.25
2011.12.28 05:53:00.516,1.28682,1.28698,1.37,1.50
2011.12.28 05:53:00.710,1.28679,1.28698,1.37,2.25
2011.12.28 05:53:00.908,1.28679,1.28696,1.37,1.50
2011.12.28 05:53:01.098,1.28678,1.28697,1.37,1.50
2011.12.28 05:53:01.169,1.28679,1.28701,2.25,2.25
2011.12.28 05:53:01.238,1.28678,1.28697,1.37,1.50
2011.12.28 05:53:01.491,1.28679,1.28696,1.37,1.50
2011.12.28 05:53:02.184,1.2868,1.28697,1.37,1.50
2011.12.28 05:53:02.696,1.2868,1.28698,1.37,1.50
2011.12.28 05:53:08.717,1.2868,1.28698,1.37,2.25
2011.12.28 05:53:08.786,1.2868,1.28696,1.37,1.50
2011.12.28 05:53:09.308,1.28678,1.28696,1.37,1.50
2011.12.28 05:53:09.831,1.28678,1.28696,1.37,1.50
2011.12.28 05:53:10.019,1.28678,1.28698,1.37,2.25
2011.12.28 05:53:10.088,1.28678,1.28695,1.37,1.50
2011.12.28 05:53:10.349,1.28678,1.28698,1.37,2.25
2011.12.28 05:53:10.537,1.2868,1.28698,1.37,2.25
2011.12.28 05:53:14.192,1.2868,1.28698,1.37,2.25
2011.12.28 05:53:14.264,1.2868,1.28696,1.37,1.50
2011.12.28 05:53:14.587,1.28678,1.28697,1.37,1.50
2011.12.28 05:53:15.028,1.28679,1.28694,1.37,1.50
2011.12.28 05:53:15.220,1.2868,1.28698,1.37,2.25
2011.12.28 05:53:15.348,1.2868,1.28695,1.37,1.50
2011.12.28 05:53:15.657,1.28679,1.28698,1.37,2.25
2011.12.28 05:53:16.223,1.28681,1.28698,1.37,2.25
2011.12.28 05:53:19.342,1.28679,1.28695,1.37,1.50
2011.12.28 05:53:19.838,1.28679,1.28695,1.37,1.50
2011.12.28 05:53:20.328,1.28679,1.28698,1.37,2.25
2011.12.28 05:53:20.400,1.28679,1.28694,1.37,1.50
2011.12.28 05:53:20.590,1.28678,1.28698,2.87,2.25
2011.12.28 05:53:20.898,1.28681,1.28698,1.37,2.25
2011.12.28 05:53:23.966,1.2868,1.28698,1.37,2.25
2011.12.28 05:53:24.160,1.28678,1.28694,1.37,1.50
2011.12.28 05:53:24.671,1.28679,1.28694,1.37,1.50
2011.12.28 05:53:24.739,1.28679,1.28698,1.37,2.25
2011.12.28 05:53:25.118,1.28679,1.28695,1.37,1.50
2011.12.28 05:53:25.667,1.28679,1.28698,1.37,2.25
2011.12.28 05:53:39.050,1.28681,1.28695,1.37,1.50
2011.12.28 05:53:39.237,1.28679,1.28695,1.37,1.50
2011.12.28 05:53:39.611,1.28678,1.28693,1.37,1.50
2011.12.28 05:53:39.930,1.28679,1.28694,1.37,1.50
2011.12.28 05:53:40.239,1.28679,1.28699,1.37,1.10
2011.12.28 05:53:40.640,1.28679,1.28694,1.37,1.50
2011.12.28 05:53:40.707,1.28679,1.28694,1.37,1.50
2011.12.28 05:53:41.800,1.28674,1.28694,2.25,1.50
2011.12.28 05:53:42.586,1.28674,1.28694,2.25,1.50
2011.12.28 05:53:43.908,1.28675,1.28694,1.37,1.50
2011.12.28 05:53:44.427,1.28676,1.28694,1.50,1.50
2011.12.28 05:53:44.498,1.28676,1.28698,3.00,1.50
2011.12.28 05:53:44.569,1.28676,1.28696,1.50,1.50
2011.12.28 05:53:45.235,1.28676,1.28698,3.00,1.50
2011.12.28 05:53:45.498,1.28676,1.28698,3.00,1.50
2011.12.28 05:53:45.811,1.28677,1.28698,1.50,1.50
2011.12.28 05:53:49.221,1.28679,1.28694,1.50,1.50
2011.12.28 05:53:49.292,1.28679,1.28694,1.50,1.50
2011.12.28 05:53:49.359,1.28679,1.28697,1.50,1.50
2011.12.28 05:53:49.488,1.28679,1.28695,1.50,1.50
2011.12.28 05:53:49.740,1.28679,1.28698,1.50,1.50
2011.12.28 05:53:49.869,1.28679,1.28696,1.50,1.50
2011.12.28 05:53:50.399,1.28679,1.28697,1.50,1.50
2011.12.28 05:53:50.951,1.28678,1.28698,2.25,1.50
2011.12.28 05:53:51.126,1.28678,1.28698,2.25,1.50
2011.12.28 05:53:52.087,1.28679,1.28695,1.50,1.50
2011.12.28 05:53:53.009,1.28677,1.28695,1.50,1.50
2011.12.28 05:53:54.448,1.28679,1.28695,1.50,1.50
2011.12.28 05:53:54.949,1.28679,1.28695,1.50,1.50
2011.12.28 05:53:55.218,1.28677,1.28697,2.25,1.50
2011.12.28 05:53:55.422,1.28679,1.28694,1.50,1.50
2011.12.28 05:53:55.729,1.28677,1.28694,1.50,1.50
2011.12.28 05:53:59.007,1.28677,1.28693,1.50,1.50
2011.12.28 05:53:59.198,1.28676,1.28695,1.50,1.50
2011.12.28 05:54:01.049,1.28678,1.28698,2.25,1.50
2011.12.28 05:54:03.616,1.28676,1.28695,1.50,1.50
2011.12.28 05:54:10.000,1.28674,1.28692,1.37,1.50
2011.12.28 05:54:10.668,1.28674,1.28695,1.37,1.50
2011.12.28 05:54:13.130,1.28673,1.28695,2.25,1.50
2011.12.28 05:54:13.334,1.28679,1.28698,1.50,1.50
2011.12.28 05:54:13.715,1.2868,1.28702,2.25,2.25
2011.12.28 05:54:13.861,1.28677,1.28699,2.25,2.25
2011.12.28 05:54:14.378,1.28675,1.28696,1.50,1.50
2011.12.28 05:54:19.350,1.28677,1.28697,2.25,1.50
2011.12.28 05:54:19.419,1.2868,1.287,2.25,3.00
2011.12.28 05:54:19.714,1.2868,1.287,2.25,2.25
2011.12.28 05:54:20.347,1.28678,1.28698,2.25,1.50
2011.12.28 05:54:21.204,1.28678,1.28698,2.25,1.50
2011.12.28 05:54:21.423,1.28678,1.28698,2.25,1.50
2011.12.28 05:54:21.951,1.28678,1.28698,2.25,2.25
2011.12.28 05:54:22.527,1.28679,1.28701,2.25,1.50
2011.12.28 05:54:22.959,1.28682,1.28704,2.25,1.50
2011.12.28 05:54:23.088,1.28686,1.28706,2.25,2.25
2011.12.28 05:54:23.218,1.28686,1.28706,2.25,2.25
2011.12.28 05:54:23.840,1.28691,1.28711,2.25,2.25
2011.12.28 05:54:24.668,1.28689,1.2871,2.48,1.50
2011.12.28 05:54:24.835,1.28689,1.2871,2.48,2.25
2011.12.28 05:54:26.224,1.28689,1.28701,1.73,1.50
2011.12.28 05:54:26.349,1.28682,1.28693,1.50,1.50
2011.12.28 05:54:26.540,1.28674,1.28689,1.37,1.50
2011.12.28 05:54:26.731,1.28671,1.28689,3.09,1.50
2011.12.28 05:54:26.860,1.28671,1.28687,1.37,1.50
2011.12.28 05:54:27.178,1.28668,1.28685,1.37,1.50
2011.12.28 05:54:27.888,1.28668,1.28686,1.37,1.50
2011.12.28 05:54:29.904,1.28668,1.28684,1.37,1.50
2011.12.28 05:54:30.454,1.28669,1.28687,1.37,1.50
2011.12.28 05:54:31.357,1.28669,1.28687,1.37,1.50
2011.12.28 05:54:32.847,1.28669,1.28687,1.37,1.50
2011.12.28 05:54:33.763,1.28667,1.28685,1.37,1.50
2011.12.28 05:54:33.832,1.28667,1.28685,1.37,1.50
2011.12.28 05:54:34.337,1.28666,1.28685,1.37,1.50
2011.12.28 05:54:37.097,1.28667,1.28681,1.37,1.50
2011.12.28 05:54:37.646,1.28667,1.28683,1.37,1.50
2011.12.28 05:54:38.297,1.28667,1.28683,1.37,1.50
2011.12.28 05:54:40.666,1.28667,1.28683,1.37,1.50
2011.12.28 05:54:42.749,1.28662,1.28681,1.50,1.50
2011.12.28 05:54:42.894,1.28658,1.28679,1.50,2.25
2011.12.28 05:54:43.476,1.28659,1.28681,3.00,2.25
2011.12.28 05:54:44.008,1.28659,1.28681,3.00,2.25
2011.12.28 05:54:45.229,1.28663,1.28681,1.50,1.50
2011.12.28 05:54:45.358,1.28659,1.28681,3.00,2.25
2011.12.28 05:54:46.029,1.28663,1.28681,1.50,1.50
2011.12.28 05:54:46.348,1.2866,1.28681,1.50,2.25
2011.12.28 05:54:48.269,1.28667,1.28686,2.12,1.50
2011.12.28 05:54:48.341,1.28668,1.28689,2.25,1.73
2011.12.28 05:54:48.469,1.28674,1.2869,1.50,1.50
2011.12.28 05:54:48.789,1.28674,1.28693,1.37,1.71
2011.12.28 05:54:48.978,1.28674,1.28693,1.37,1.50
2011.12.28 05:54:49.051,1.28674,1.28689,1.37,1.50
2011.12.28 05:54:51.711,1.28674,1.28689,1.37,1.50
2011.12.28 05:54:51.843,1.28672,1.28686,1.37,1.50
2011.12.28 05:54:52.410,1.28671,1.28686,1.37,1.50
2011.12.28 05:54:55.409,1.2867,1.28686,1.37,1.50
2011.12.28 05:54:56.141,1.2867,1.28686,1.37,1.50
2011.12.28 05:54:56.207,1.2867,1.28686,1.37,2.25
2011.12.28 05:54:56.336,1.28667,1.28686,1.50,2.46
2011.12.28 05:54:56.406,1.28667,1.28686,1.50,1.50
2011.12.28 05:54:56.723,1.28671,1.28686,1.37,1.50
2011.12.28 05:54:58.208,1.28667,1.28686,1.50,1.50
2011.12.28 05:54:58.536,1.28669,1.2869,1.50,2.25
2011.12.28 05:54:58.847,1.28669,1.2869,1.50,2.25
2011.12.28 05:54:59.228,1.28672,1.28692,2.25,1.50
2011.12.28 05:54:59.551,1.28669,1.2869,1.50,1.50
2011.12.28 05:54:59.618,1.28672,1.28692,2.25,1.50
2011.12.28 05:55:00.762,1.28673,1.28695,2.25,2.25
2011.12.28 05:55:00.963,1.28673,1.28695,2.25,2.25
2011.12.28 05:55:01.089,1.2867,1.28688,1.37,1.50
2011.12.28 05:55:01.431,1.28668,1.28688,2.25,1.50
2011.12.28 05:55:01.968,1.28668,1.28688,2.25,1.50
2011.12.28 05:55:02.397,1.28668,1.28688,2.25,1.50
2011.12.28 05:55:03.958,1.28674,1.28696,2.25,2.25
2011.12.28 05:55:04.033,1.28674,1.28696,2.25,2.25
2011.12.28 05:55:05.398,1.28674,1.28696,2.25,1.50
2011.12.28 05:55:07.211,1.28674,1.28696,2.87,2.25
2011.12.28 05:55:07.340,1.28673,1.28688,1.37,1.50
2011.12.28 05:55:08.196,1.28668,1.28688,1.50,1.50
2011.12.28 05:55:08.977,1.28669,1.28691,2.25,1.50
2011.12.28 05:55:09.241,1.28667,1.28689,3.00,1.50
2011.12.28 05:55:09.573,1.28666,1.28688,2.87,1.50
2011.12.28 05:55:11.268,1.28667,1.28683,1.37,1.50
2011.12.28 05:55:11.341,1.28667,1.28681,1.37,1.50
2011.12.28 05:55:11.408,1.28662,1.28681,1.37,1.50
2011.12.28 05:55:11.784,1.28663,1.28684,1.37,1.50
2011.12.28 05:55:11.999,1.28666,1.28687,1.37,1.50
2011.12.28 05:55:12.890,1.28666,1.28683,2.12,1.50
2011.12.28 05:55:13.137,1.28666,1.28687,1.37,1.50
2011.12.28 05:55:19.851,1.28666,1.28687,1.37,1.50
2011.12.28 05:55:26.053,1.28668,1.28687,1.37,1.50
2011.12.28 05:55:27.812,1.28666,1.28687,1.50,1.50
2011.12.28 05:55:29.513,1.28668,1.2869,2.25,1.50
2011.12.28 05:55:29.759,1.28671,1.28693,2.25,1.50
2011.12.28 05:55:32.543,1.28671,1.28693,2.25,1.50
2011.12.28 05:55:33.075,1.28674,1.28694,2.25,1.50
2011.12.28 05:55:34.399,1.28678,1.28698,2.25,2.25
2011.12.28 05:55:34.468,1.2868,1.287,1.50,2.25
2011.12.28 05:55:34.538,1.2868,1.287,2.25,1.50
2011.12.28 05:55:35.459,1.2868,1.287,2.25,1.50
2011.12.28 05:55:35.878,1.2868,1.287,2.25,2.25
2011.12.28 05:55:36.190,1.28672,1.28692,2.25,1.50
2011.12.28 05:55:37.318,1.28674,1.28694,2.25,2.25
2011.12.28 05:55:37.510,1.28675,1.28694,1.50,1.50
2011.12.28 05:55:37.861,1.28676,1.28698,2.25,2.25
2011.12.28 05:55:38.520,1.28674,1.28696,3.00,1.50
2011.12.28 05:55:38.589,1.28679,1.28699,2.25,1.50
2011.12.28 05:55:38.727,1.28679,1.28699,3.00,1.50
2011.12.28 05:55:39.916,1.28679,1.28696,1.50,1.50
2011.12.28 05:55:40.242,1.28674,1.28689,1.50,1.50
2011.12.28 05:55:40.799,1.28671,1.28689,1.37,1.50
2011.12.28 05:55:53.768,1.28671,1.28693,4.73,1.50
2011.12.28 05:55:54.011,1.28674,1.28693,1.50,1.50
2011.12.28 05:55:54.547,1.28674,1.28694,2.25,1.50
2011.12.28 05:55:56.584,1.28674,1.28694,2.25,1.50
2011.12.28 05:56:20.217,1.28677,1.28694,1.37,1.50
2011.12.28 05:56:20.577,1.28679,1.28699,2.25,1.50
2011.12.28 05:56:21.754,1.28679,1.28699,2.25,1.50
2011.12.28 05:56:22.771,1.28679,1.28699,2.25,1.50
2011.12.28 05:56:34.528,1.28683,1.28696,1.37,1.50
2011.12.28 05:56:34.598,1.28685,1.28699,1.37,1.50
2011.12.28 05:56:34.739,1.28684,1.28704,1.37,2.25
2011.12.28 05:56:39.242,1.28687,1.28707,1.37,1.13
2011.12.28 05:56:39.572,1.28687,1.28699,1.37,1.50
2011.12.28 05:56:40.343,1.28687,1.28707,1.37,1.13
2011.12.28 05:56:40.927,1.28687,1.28707,1.37,1.13
2011.12.28 05:56:41.111,1.28687,1.28699,1.37,1.50
2011.12.28 05:56:41.332,1.28687,1.28707,1.37,1.13
2011.12.28 05:56:41.662,1.28687,1.28699,1.37,1.50
2011.12.28 05:56:41.882,1.28687,1.28707,1.37,1.13
2011.12.28 05:56:42.438,1.28687,1.28707,1.37,1.13
2011.12.28 05:56:43.247,1.28687,1.28699,1.37,1.50
2011.12.28 05:56:44.058,1.28687,1.28707,1.37,1.13
2011.12.28 05:56:44.580,1.28683,1.28697,1.37,1.50
2011.12.28 05:56:45.069,1.28683,1.287,1.37,2.25
2011.12.28 05:56:52.213,1.28683,1.287,1.37,2.25
2011.12.28 05:57:01.056,1.28682,1.28697,1.37,1.50
2011.12.28 05:57:05.901,1.28682,1.28697,1.37,1.50
2011.12.28 05:57:07.342,1.28681,1.28697,1.37,1.50
2011.12.28 05:57:09.189,1.2868,1.28699,1.37,1.50
2011.12.28 05:57:09.809,1.28681,1.28699,1.37,1.50
2011.12.28 05:57:10.199,1.28683,1.28699,1.37,1.50
2011.12.28 05:57:10.720,1.28681,1.28699,1.37,1.50
2011.12.28 05:57:11.839,1.28682,1.28699,1.37,1.50
2011.12.28 05:57:12.172,1.28679,1.28693,1.37,1.50
2011.12.28 05:57:12.302,1.28678,1.28693,1.37,1.50
2011.12.28 05:57:12.686,1.28677,1.28693,1.37,1.50
2011.12.28 05:57:12.763,1.28677,1.28695,1.37,1.50
2011.12.28 05:57:13.104,1.28677,1.28695,1.37,1.50
2011.12.28 05:57:13.582,1.28677,1.28695,1.37,1.50
2011.12.28 05:57:14.922,1.28677,1.28697,2.25,1.50
2011.12.28 05:57:15.132,1.2868,1.28702,2.25,2.25
2011.12.28 05:57:15.340,1.28677,1.28699,3.00,1.50
2011.12.28 05:57:15.863,1.28677,1.28699,2.25,1.50
2011.12.28 05:57:17.848,1.28677,1.28699,2.25,1.50
2011.12.28 05:57:18.278,1.28677,1.28698,2.25,1.50
2011.12.28 05:57:21.891,1.28671,1.28693,2.87,1.88
2011.12.28 05:57:22.319,1.28673,1.28695,2.25,1.50
2011.12.28 05:57:22.462,1.28676,1.28695,1.50,1.50
2011.12.28 05:57:22.968,1.2868,1.287,2.25,1.88
2011.12.28 05:57:23.199,1.2868,1.287,2.25,1.50
2011.12.28 05:57:23.517,1.28678,1.28698,2.25,1.50
2011.12.28 05:57:27.980,1.28679,1.28701,2.25,1.50
2011.12.28 05:57:28.108,1.28678,1.28698,2.25,1.50
2011.12.28 05:57:36.363,1.2868,1.287,2.25,1.50
2011.12.28 05:57:37.442,1.2868,1.287,2.25,2.25
2011.12.28 05:57:38.652,1.2868,1.287,2.25,1.50
2011.12.28 05:57:41.005,1.2868,1.287,2.87,1.50
2011.12.28 05:57:41.340,1.28675,1.28697,3.00,1.88
2011.12.28 05:57:42.899,1.28678,1.28697,1.50,1.88
2011.12.28 05:57:42.971,1.28672,1.28684,1.37,1.13
2011.12.28 05:57:43.102,1.2867,1.2868,1.50,1.50
2011.12.28 05:57:43.172,1.2867,1.28684,1.50,2.63
2011.12.28 05:57:43.241,1.28665,1.28682,1.50,1.13
2011.12.28 05:57:43.382,1.28665,1.28682,1.50,1.13
2011.12.28 05:57:43.455,1.28669,1.28684,1.50,1.13
2011.12.28 05:57:43.951,1.2867,1.28687,1.50,1.13
2011.12.28 05:57:45.328,1.28669,1.28687,1.50,1.13
2011.12.28 05:57:45.465,1.2867,1.28689,1.50,1.13
2011.12.28 05:57:45.802,1.28668,1.28686,1.50,2.25
2011.12.28 05:57:45.940,1.2867,1.28685,1.50,2.25
2011.12.28 05:57:46.070,1.2867,1.28685,1.50,1.50
2011.12.28 05:57:46.679,1.28669,1.28685,1.50,2.25
2011.12.28 05:57:47.241,1.28669,1.28688,1.50,2.63
2011.12.28 05:57:47.494,1.28671,1.28688,1.50,1.88
2011.12.28 05:57:48.438,1.2867,1.28688,1.50,2.63
2011.12.28 05:57:48.939,1.28671,1.28688,1.50,1.88
2011.12.28 05:57:56.667,1.28669,1.28688,1.50,1.50
2011.12.28 05:57:56.978,1.28669,1.28688,1.50,1.50
2011.12.28 05:57:57.230,1.28672,1.28692,2.25,2.46
2011.12.28 05:57:57.300,1.28669,1.28688,1.50,1.50
2011.12.28 05:57:58.269,1.28674,1.28688,1.50,1.50
2011.12.28 05:57:58.398,1.28674,1.28694,3.00,2.25
2011.12.28 05:57:58.858,1.2867,1.28689,1.50,1.50
2011.12.28 05:58:00.409,1.28669,1.28687,1.50,1.50
2011.12.28 05:58:00.482,1.28667,1.28687,1.50,2.25
2011.12.28 05:58:03.989,1.28664,1.28684,3.00,1.50
2011.12.28 05:58:05.507,1.28665,1.28687,2.25,1.50
2011.12.28 05:58:06.243,1.28669,1.28689,2.25,1.50
2011.12.28 05:58:06.314,1.28672,1.28692,2.25,2.46
2011.12.28 05:58:06.392,1.28672,1.28692,2.25,1.50
2011.12.28 05:58:06.638,1.28672,1.28692,2.25,1.50
2011.12.28 05:58:06.869,1.28672,1.28692,2.25,1.50
2011.12.28 05:58:07.454,1.28672,1.28692,2.25,1.50
2011.12.28 05:58:09.160,1.28674,1.28694,2.25,2.25
2011.12.28 05:58:09.350,1.28674,1.28694,2.25,2.25
2011.12.28 05:58:09.788,1.28674,1.28694,2.25,2.25
2011.12.28 05:58:10.302,1.28674,1.28694,2.25,1.50
2011.12.28 05:58:11.652,1.28674,1.28694,2.25,2.25
2011.12.28 05:58:14.588,1.28674,1.28694,2.25,2.25
2011.12.28 05:58:21.428,1.28674,1.28691,1.37,1.50
2011.12.28 05:58:33.437,1.28673,1.28691,1.37,1.88
2011.12.28 05:58:33.512,1.28673,1.28689,1.37,1.88
2011.12.28 05:58:33.579,1.28673,1.28686,1.37,1.50
2011.12.28 05:58:33.947,1.28669,1.28688,1.37,1.88
2011.12.28 05:58:34.461,1.28669,1.28688,1.37,1.88
2011.12.28 05:58:37.048,1.28669,1.28688,1.37,1.88
2011.12.28 05:58:38.826,1.28669,1.28688,1.37,1.88
2011.12.28 05:58:42.330,1.28669,1.28688,1.37,1.88
2011.12.28 05:58:43.153,1.28669,1.28688,1.37,1.88
2011.12.28 05:58:43.839,1.28669,1.28685,1.37,1.50
2011.12.28 05:58:43.907,1.28668,1.28685,1.37,1.50
2011.12.28 05:58:44.221,1.28667,1.28685,1.37,1.50
2011.12.28 05:58:44.531,1.28667,1.28681,1.37,1.50
2011.12.28 05:58:44.722,1.28667,1.28684,1.37,1.50
2011.12.28 05:58:44.792,1.28667,1.28681,1.37,1.50
2011.12.28 05:58:44.919,1.28667,1.28683,1.37,1.50
2011.12.28 05:58:44.994,1.28667,1.28683,1.37,1.50
2011.12.28 05:58:45.383,1.28665,1.28681,1.37,1.88
2011.12.28 05:58:46.642,1.28665,1.28681,1.37,1.13
2011.12.28 05:58:46.715,1.28662,1.28681,2.25,1.13
2011.12.28 05:58:47.522,1.28662,1.28681,2.25,1.13
2011.12.28 05:58:48.428,1.28662,1.28681,2.25,1.13
2011.12.28 05:58:48.680,1.28658,1.28678,2.25,1.88
2011.12.28 05:58:48.753,1.28658,1.28678,2.25,1.88
2011.12.28 05:58:49.069,1.28658,1.28677,2.25,1.13
2011.12.28 05:58:49.393,1.28658,1.28677,2.25,1.13
2011.12.28 05:58:49.531,1.28658,1.28677,2.25,1.13
2011.12.28 05:58:50.160,1.28658,1.28677,2.25,1.34
2011.12.28 05:58:50.503,1.28658,1.28677,2.25,1.34
2011.12.28 05:58:50.868,1.2866,1.28677,2.25,1.13
2011.12.28 05:58:51.832,1.2866,1.28677,2.25,1.13
2011.12.28 05:58:52.397,1.2866,1.28676,2.25,1.34
2011.12.28 05:58:54.305,1.28657,1.28676,2.25,1.34
2011.12.28 05:58:54.827,1.28657,1.28679,2.25,4.56
2011.12.28 05:58:56.348,1.28657,1.28679,2.25,2.84
2011.12.28 05:58:56.780,1.28657,1.28676,2.25,1.13
2011.12.28 05:58:57.298,1.28662,1.28679,2.25,1.34
2011.12.28 05:58:57.429,1.28662,1.28682,2.25,1.50
2011.12.28 05:58:58.256,1.28664,1.28684,2.25,2.63
2011.12.28 05:58:58.799,1.28665,1.28684,2.25,1.13
2011.12.28 05:58:59.344,1.28665,1.28687,2.25,2.25
2011.12.28 05:59:00.400,1.28665,1.28687,2.25,2.63
2011.12.28 05:59:00.708,1.28665,1.28687,2.25,2.63
2011.12.28 05:59:06.830,1.28665,1.28687,2.25,2.63
2011.12.28 05:59:08.308,1.28667,1.28687,2.48,1.50
2011.12.28 05:59:08.500,1.28667,1.28687,2.48,2.25
2011.12.28 05:59:08.810,1.28662,1.28682,3.75,1.50
2011.12.28 05:59:08.881,1.28662,1.28682,2.25,2.25
2011.12.28 05:59:09.434,1.28667,1.28687,1.50,2.25
2011.12.28 05:59:09.998,1.28665,1.28685,2.25,2.25
2011.12.28 05:59:10.819,1.2867,1.28687,2.25,2.25
2011.12.28 05:59:11.151,1.28667,1.28681,1.73,1.13
2011.12.28 05:59:11.223,1.28664,1.28681,1.37,1.13
2011.12.28 05:59:11.413,1.28662,1.28682,2.25,1.88
2011.12.28 05:59:15.807,1.28666,1.28681,2.25,1.13
2011.12.28 05:59:16.784,1.28663,1.28681,3.75,1.13
2011.12.28 05:59:17.988,1.28665,1.28687,2.25,2.25
2011.12.28 05:59:18.204,1.28668,1.2869,2.25,2.63
2011.12.28 05:59:19.439,1.28672,1.28691,1.50,2.25
2011.12.28 05:59:19.513,1.28672,1.28692,1.50,2.25
2011.12.28 05:59:19.579,1.28674,1.28694,1.50,3.96
2011.12.28 05:59:20.140,1.28672,1.28692,2.25,2.25
2011.12.28 05:59:20.972,1.28672,1.28692,1.50,2.25
2011.12.28 05:59:24.604,1.28672,1.28692,2.25,1.50
2011.12.28 05:59:33.233,1.28672,1.28692,2.25,1.50
2011.12.28 05:59:33.300,1.28675,1.28695,2.25,1.50
2011.12.28 05:59:33.369,1.28676,1.28698,2.25,2.25
2011.12.28 05:59:33.870,1.28675,1.28695,3.98,1.50
2011.12.28 05:59:34.042,1.28676,1.28698,2.25,2.25
2011.12.28 05:59:36.264,1.28676,1.28698,2.25,2.25
2011.12.28 05:59:36.642,1.28679,1.287,2.25,2.25
2011.12.28 05:59:36.923,1.28678,1.28698,2.25,1.50
2011.12.28 05:59:37.209,1.28678,1.28698,2.25,2.25
2011.12.28 05:59:37.411,1.28675,1.28695,2.25,1.50
2011.12.28 05:59:39.136,1.28677,1.28699,2.25,2.25
2011.12.28 05:59:40.612,1.28677,1.28699,2.25,1.50
2011.12.28 05:59:41.259,1.28677,1.28699,2.25,2.25
2011.12.28 05:59:42.188,1.2868,1.287,2.25,2.25
2011.12.28 05:59:44.258,1.28677,1.28697,2.25,1.50
2011.12.28 05:59:44.327,1.28677,1.28697,2.25,2.25
2011.12.28 05:59:49.457,1.28679,1.28697,1.50,1.50
2011.12.28 05:59:50.266,1.28677,1.28697,2.25,2.25
2011.12.28 05:59:50.471,1.2868,1.287,2.25,2.63
2011.12.28 05:59:50.801,1.28679,1.28698,1.50,1.13
2011.12.28 05:59:51.122,1.28684,1.28702,1.50,2.25
2011.12.28 05:59:51.195,1.28685,1.28702,1.50,2.25
2011.12.28 05:59:52.071,1.28683,1.28704,2.25,2.25
2011.12.28 05:59:52.391,1.28684,1.28708,2.25,2.25
2011.12.28 05:59:53.513,1.28692,1.2871,1.50,2.25
2011.12.28 05:59:53.839,1.28695,1.28715,1.50,2.25
2011.12.28 05:59:55.799,1.28695,1.28715,1.50,2.25
2011.12.28 05:59:56.089,1.28695,1.28715,1.50,2.25
2011.12.28 05:59:56.600,1.28695,1.28715,1.50,2.25
2011.12.28 05:59:56.670,1.28698,1.28718,1.50,3.75
2011.12.28 05:59:56.744,1.28695,1.28715,3.00,2.25
2011.12.28 05:59:56.812,1.28695,1.28715,1.50,2.25
2011.12.28 05:59:57.023,1.28695,1.28715,1.50,2.25
2011.12.28 05:59:57.741,1.28695,1.28715,2.25,2.25
