2011.02.25 14:00:00.005,1.35516,1.35538,2.40,1.13
2011.02.25 14:00:00.541,1.35516,1.35537,2.40,1.13
2011.02.25 14:00:00.876,1.35509,1.35536,1.50,1.20
2011.02.25 14:00:01.097,1.35509,1.35536,3.34,1.20
2011.02.25 14:00:01.317,1.35505,1.35532,1.50,1.20
2011.02.25 14:00:01.645,1.35502,1.35532,1.50,1.20
2011.02.25 14:00:01.976,1.35502,1.35529,1.50,1.95
2011.02.25 14:00:02.307,1.3551,1.35534,2.40,1.39
2011.02.25 14:00:02.635,1.35508,1.35532,1.50,1.20
2011.02.25 14:00:02.855,1.35508,1.35532,1.50,1.20
2011.02.25 14:00:03.075,1.35508,1.35532,1.50,1.20
2011.02.25 14:00:03.578,1.35506,1.35531,2.40,1.20
2011.02.25 14:00:04.016,1.35508,1.35532,1.50,1.20
2011.02.25 14:00:04.236,1.35507,1.35529,1.50,1.20
2011.02.25 14:00:04.936,1.35503,1.35529,1.69,1.20
2011.02.25 14:00:05.376,1.355,1.35526,1.50,1.20
2011.02.25 14:00:05.598,1.35501,1.35526,2.40,1.20
2011.02.25 14:00:05.927,1.355,1.35523,1.50,1.13
2011.02.25 14:00:06.480,1.35496,1.35524,3.15,1.13
2011.02.25 14:00:06.708,1.35496,1.35524,1.50,1.32
2011.02.25 14:00:07.189,1.35499,1.3552,1.65,1.20
2011.02.25 14:00:07.313,1.35493,1.35522,2.40,1.20
2011.02.25 14:00:07.537,1.35493,1.35518,3.90,1.20
2011.02.25 14:00:08.089,1.35492,1.35514,1.50,1.13
2011.02.25 14:00:08.416,1.35492,1.35517,1.50,3.23
2011.02.25 14:00:08.967,1.35491,1.35517,2.59,2.33
2011.02.25 14:00:09.515,1.35492,1.35516,1.50,1.58
2011.02.25 14:00:09.625,1.35492,1.35515,1.50,1.58
2011.02.25 14:00:09.845,1.35494,1.35518,2.40,1.58
2011.02.25 14:00:10.247,1.35492,1.35518,3.34,1.58
2011.02.25 14:00:10.798,1.35501,1.35522,1.50,1.50
2011.02.25 14:00:11.017,1.35501,1.35529,3.15,1.20
2011.02.25 14:00:11.131,1.35501,1.3553,3.15,2.33
2011.02.25 14:00:11.355,1.35501,1.3553,1.50,2.33
2011.02.25 14:00:11.575,1.35506,1.35529,1.50,1.20
2011.02.25 14:00:11.796,1.35507,1.3553,1.50,1.13
2011.02.25 14:00:12.455,1.35507,1.3553,1.50,1.13
2011.02.25 14:00:12.786,1.35507,1.35531,1.77,1.13
2011.02.25 14:00:13.337,1.3551,1.35531,1.50,1.13
2011.02.25 14:00:13.870,1.35509,1.35531,1.50,1.58
2011.02.25 14:00:14.196,1.35502,1.35526,1.50,2.40
2011.02.25 14:00:14.745,1.35499,1.35525,1.50,1.20
2011.02.25 14:00:14.856,1.35499,1.35523,1.50,1.69
2011.02.25 14:00:14.966,1.35495,1.35514,1.50,1.13
2011.02.25 14:00:15.076,1.35492,1.35515,1.50,2.78
2011.02.25 14:00:15.185,1.35492,1.35515,1.50,2.78
2011.02.25 14:00:15.515,1.35492,1.35515,1.50,2.78
2011.02.25 14:00:16.175,1.35492,1.35515,1.50,2.78
2011.02.25 14:00:16.395,1.35492,1.35515,1.50,2.78
2011.02.25 14:00:18.765,1.35492,1.35515,1.50,2.78
2011.02.25 14:00:19.176,1.35491,1.35515,1.50,2.78
2011.02.25 14:00:19.507,1.35492,1.35515,2.44,2.78
2011.02.25 14:00:19.618,1.35492,1.35515,1.50,1.13
2011.02.25 14:00:19.836,1.35488,1.35513,1.50,2.40
2011.02.25 14:00:20.166,1.35493,1.35515,1.50,1.13
2011.02.25 14:00:20.385,1.35494,1.35519,1.50,2.70
2011.02.25 14:00:20.935,1.35494,1.35518,1.50,3.23
2011.02.25 14:00:21.156,1.35494,1.35518,1.50,3.23
2011.02.25 14:00:22.315,1.35494,1.35518,1.50,2.48
2011.02.25 14:00:23.065,1.35495,1.35518,1.50,2.03
2011.02.25 14:00:23.628,1.35493,1.35515,1.69,1.13
2011.02.25 14:00:24.505,1.35493,1.35514,1.65,1.13
2011.02.25 14:00:24.835,1.35493,1.35515,1.50,1.13
2011.02.25 14:00:25.606,1.35495,1.35516,1.50,1.13
2011.02.25 14:00:25.938,1.35494,1.35514,1.50,1.13
2011.02.25 14:00:26.046,1.35493,1.35515,1.50,1.13
2011.02.25 14:00:26.595,1.35491,1.35515,1.50,1.13
2011.02.25 14:00:26.927,1.35494,1.3552,1.69,1.50
2011.02.25 14:00:27.434,1.35485,1.35511,1.69,1.20
2011.02.25 14:00:27.766,1.35485,1.35511,1.69,1.20
2011.02.25 14:00:27.985,1.35485,1.35512,1.69,1.20
2011.02.25 14:00:28.535,1.35485,1.35511,1.69,1.20
2011.02.25 14:00:28.865,1.35485,1.35513,1.69,1.95
2011.02.25 14:00:29.574,1.35485,1.35511,1.69,1.20
2011.02.25 14:00:30.226,1.35485,1.35511,1.69,1.20
2011.02.25 14:00:30.447,1.35483,1.35509,1.69,1.20
2011.02.25 14:00:30.667,1.35478,1.35508,1.50,1.39
2011.02.25 14:00:30.777,1.35478,1.35506,1.50,1.50
2011.02.25 14:00:31.107,1.35481,1.35503,1.50,2.03
2011.02.25 14:00:31.583,1.35478,1.35504,1.50,2.40
2011.02.25 14:00:31.698,1.35478,1.35497,1.50,1.65
2011.02.25 14:00:31.809,1.35476,1.35504,1.50,2.85
2011.02.25 14:00:32.039,1.35475,1.35501,3.00,1.13
2011.02.25 14:00:32.266,1.35475,1.355,1.50,4.35
2011.02.25 14:00:32.377,1.35475,1.35499,1.50,2.48
2011.02.25 14:00:32.597,1.35479,1.355,1.50,1.13
2011.02.25 14:00:32.705,1.35479,1.35505,1.50,1.20
2011.02.25 14:00:33.845,1.35483,1.35507,1.50,2.25
2011.02.25 14:00:34.525,1.35483,1.35506,1.50,2.25
2011.02.25 14:00:34.634,1.35483,1.35507,1.50,2.25
2011.02.25 14:00:34.966,1.35483,1.35509,1.69,1.20
2011.02.25 14:00:35.186,1.35483,1.35511,1.69,1.58
2011.02.25 14:00:35.795,1.35483,1.3551,1.69,3.23
2011.02.25 14:00:36.126,1.35474,1.35503,2.44,1.20
2011.02.25 14:00:36.235,1.35473,1.35503,2.44,1.20
2011.02.25 14:00:37.028,1.35472,1.35502,2.44,1.20
2011.02.25 14:00:37.136,1.35473,1.35501,1.50,1.20
2011.02.25 14:00:37.796,1.35473,1.35499,1.50,1.58
2011.02.25 14:00:38.127,1.35471,1.35497,1.50,1.58
2011.02.25 14:00:38.456,1.35472,1.35501,2.25,3.23
2011.02.25 14:00:38.899,1.35483,1.35502,1.50,2.25
2011.02.25 14:00:39.455,1.35479,1.35501,1.50,2.25
2011.02.25 14:00:39.952,1.35479,1.35502,1.50,2.25
2011.02.25 14:00:40.070,1.35479,1.35501,1.50,2.25
2011.02.25 14:00:40.190,1.35479,1.35501,1.50,1.88
2011.02.25 14:00:40.421,1.3547,1.35496,3.00,1.20
2011.02.25 14:00:40.538,1.35474,1.355,2.40,1.58
2011.02.25 14:00:40.869,1.35489,1.35507,1.50,2.25
2011.02.25 14:00:41.097,1.35478,1.35501,3.53,1.13
2011.02.25 14:00:41.317,1.35474,1.35505,1.50,3.23
2011.02.25 14:00:41.868,1.35479,1.35503,1.50,2.48
2011.02.25 14:00:41.976,1.35479,1.35503,1.50,2.48
2011.02.25 14:00:42.306,1.35479,1.35506,1.50,2.70
2011.02.25 14:00:43.009,1.35479,1.35501,1.50,1.13
2011.02.25 14:00:43.142,1.35475,1.35502,1.69,3.23
2011.02.25 14:00:43.475,1.35475,1.35502,1.69,3.23
2011.02.25 14:00:44.106,1.35475,1.35502,1.69,3.23
2011.02.25 14:00:44.739,1.35472,1.35498,1.50,2.85
2011.02.25 14:00:44.971,1.35478,1.35498,1.50,1.65
2011.02.25 14:00:45.087,1.35478,1.35506,1.50,1.58
2011.02.25 14:00:45.196,1.35478,1.35502,1.50,2.03
2011.02.25 14:00:45.420,1.35478,1.35497,1.50,1.65
2011.02.25 14:00:45.537,1.35478,1.35503,1.50,2.78
2011.02.25 14:00:46.084,1.35478,1.35502,1.50,1.13
2011.02.25 14:00:46.416,1.35478,1.355,1.50,1.50
2011.02.25 14:00:46.530,1.35472,1.35488,1.50,1.65
2011.02.25 14:00:47.166,1.35477,1.35501,1.50,1.88
2011.02.25 14:00:47.447,1.35477,1.35498,1.50,2.03
2011.02.25 14:00:47.555,1.35477,1.35498,1.50,2.78
2011.02.25 14:00:47.779,1.35473,1.35497,1.50,2.07
2011.02.25 14:00:48.006,1.35471,1.35491,1.50,1.65
2011.02.25 14:00:48.228,1.35471,1.35491,1.50,1.65
2011.02.25 14:00:48.448,1.35474,1.35497,1.50,2.03
2011.02.25 14:00:48.559,1.35482,1.35497,1.50,1.65
2011.02.25 14:00:48.669,1.35482,1.35508,1.50,1.20
2011.02.25 14:00:49.119,1.35482,1.35506,1.50,2.40
2011.02.25 14:00:49.345,1.35482,1.35508,1.50,1.20
2011.02.25 14:00:49.566,1.35482,1.35509,1.50,1.77
2011.02.25 14:00:49.955,1.35483,1.35508,1.50,1.69
2011.02.25 14:00:50.072,1.35482,1.35503,1.50,2.10
2011.02.25 14:00:50.706,1.35481,1.35502,1.50,1.65
2011.02.25 14:00:51.038,1.35477,1.35507,1.50,2.48
2011.02.25 14:00:51.367,1.35471,1.35502,2.40,2.33
2011.02.25 14:00:51.478,1.3547,1.35499,4.28,2.03
2011.02.25 14:00:51.696,1.3547,1.35501,1.50,2.33
2011.02.25 14:00:51.918,1.35476,1.355,1.50,1.20
2011.02.25 14:00:52.466,1.35476,1.355,1.50,2.33
2011.02.25 14:00:52.798,1.35476,1.355,1.50,2.33
2011.02.25 14:00:53.019,1.35475,1.35495,1.50,1.13
2011.02.25 14:00:53.346,1.35477,1.35497,1.50,1.13
2011.02.25 14:00:53.789,1.35477,1.35498,1.50,1.13
2011.02.25 14:00:54.128,1.35478,1.35494,1.69,1.65
2011.02.25 14:00:54.237,1.35489,1.35503,1.50,1.88
2011.02.25 14:00:54.567,1.35483,1.35503,1.50,1.13
2011.02.25 14:00:54.677,1.35479,1.355,1.50,1.13
2011.02.25 14:00:54.896,1.35475,1.35496,1.50,1.13
2011.02.25 14:00:55.007,1.35474,1.35495,1.50,1.20
2011.02.25 14:00:55.667,1.35475,1.35497,1.50,1.13
2011.02.25 14:00:55.996,1.3547,1.35496,1.69,1.58
2011.02.25 14:00:56.762,1.35467,1.35496,1.50,1.58
2011.02.25 14:00:56.884,1.35475,1.35496,1.69,1.88
2011.02.25 14:00:57.001,1.35475,1.35498,1.50,1.50
2011.02.25 14:00:57.121,1.35464,1.35487,3.53,1.58
2011.02.25 14:00:57.345,1.35466,1.3549,1.50,1.95
2011.02.25 14:00:57.677,1.35471,1.35494,1.50,1.50
2011.02.25 14:00:57.896,1.35471,1.35496,1.50,1.58
2011.02.25 14:00:58.445,1.35471,1.35494,1.50,1.13
2011.02.25 14:00:58.888,1.3546,1.35489,2.44,1.20
2011.02.25 14:00:59.108,1.35462,1.35486,1.50,1.65
2011.02.25 14:00:59.435,1.35462,1.3549,1.50,1.20
2011.02.25 14:00:59.545,1.35466,1.35491,1.50,2.25
2011.02.25 14:01:00.097,1.35468,1.35493,1.50,1.20
2011.02.25 14:01:00.710,1.35464,1.35491,1.50,1.13
2011.02.25 14:01:01.052,1.35454,1.35479,1.50,2.03
2011.02.25 14:01:01.169,1.35454,1.35482,1.50,1.20
2011.02.25 14:01:01.506,1.35454,1.35482,1.50,1.39
2011.02.25 14:01:01.728,1.35454,1.35481,1.50,1.95
2011.02.25 14:01:02.057,1.35454,1.35481,1.50,1.95
2011.02.25 14:01:02.276,1.35454,1.35481,1.50,1.95
2011.02.25 14:01:02.717,1.35454,1.35481,1.50,1.58
2011.02.25 14:01:02.937,1.35456,1.35477,1.50,2.67
2011.02.25 14:01:03.049,1.35456,1.35476,1.50,2.33
2011.02.25 14:01:03.169,1.35456,1.35476,2.25,1.50
2011.02.25 14:01:03.672,1.35458,1.35485,1.69,2.78
2011.02.25 14:01:03.781,1.35461,1.35486,1.69,3.23
2011.02.25 14:01:04.228,1.35461,1.35486,1.50,3.98
2011.02.25 14:01:04.447,1.35458,1.35486,1.50,3.98
2011.02.25 14:01:04.557,1.35458,1.3548,1.50,1.50
2011.02.25 14:01:04.668,1.35457,1.35474,1.50,2.03
2011.02.25 14:01:05.217,1.35457,1.35474,1.50,1.65
2011.02.25 14:01:05.548,1.3545,1.35474,1.50,3.23
2011.02.25 14:01:05.658,1.35446,1.35474,1.50,1.13
2011.02.25 14:01:05.990,1.35446,1.35474,1.50,1.13
2011.02.25 14:01:06.106,1.35446,1.35473,1.50,1.20
2011.02.25 14:01:06.435,1.35446,1.35472,1.50,1.20
2011.02.25 14:01:06.767,1.35441,1.35467,2.25,1.95
2011.02.25 14:01:06.892,1.35437,1.35462,1.50,1.13
2011.02.25 14:01:07.010,1.35437,1.35459,1.50,1.65
2011.02.25 14:01:07.568,1.35436,1.35461,1.50,1.58
2011.02.25 14:01:08.005,1.35436,1.35461,1.50,1.58
2011.02.25 14:01:08.668,1.35436,1.35464,1.50,1.58
2011.02.25 14:01:09.216,1.35436,1.35464,1.50,1.58
2011.02.25 14:01:09.550,1.3545,1.35474,1.50,1.58
2011.02.25 14:01:10.011,1.35441,1.35466,3.53,1.20
2011.02.25 14:01:10.346,1.35439,1.35466,1.50,2.10
2011.02.25 14:01:10.675,1.35439,1.35467,1.69,1.58
2011.02.25 14:01:10.899,1.35439,1.35465,1.69,1.58
2011.02.25 14:01:11.115,1.35439,1.35466,1.50,2.48
2011.02.25 14:01:11.447,1.35443,1.35465,1.50,2.03
2011.02.25 14:01:11.775,1.35443,1.35469,1.50,1.20
2011.02.25 14:01:11.884,1.35443,1.35469,1.50,1.20
2011.02.25 14:01:12.435,1.35443,1.35469,1.50,1.20
2011.02.25 14:01:13.209,1.35439,1.35466,1.50,1.58
2011.02.25 14:01:13.547,1.35439,1.35466,2.44,1.58
2011.02.25 14:01:13.655,1.35439,1.35466,4.09,1.58
2011.02.25 14:01:14.206,1.35439,1.35466,4.09,1.58
2011.02.25 14:01:14.757,1.35439,1.35466,4.09,1.58
2011.02.25 14:01:14.870,1.35447,1.35471,1.50,1.20
2011.02.25 14:01:14.990,1.35447,1.35471,1.50,1.39
2011.02.25 14:01:15.216,1.35438,1.3546,1.50,2.03
2011.02.25 14:01:15.327,1.3544,1.3546,1.69,2.03
2011.02.25 14:01:15.659,1.35456,1.35473,1.69,1.58
2011.02.25 14:01:15.778,1.35448,1.35472,2.59,1.13
2011.02.25 14:01:16.106,1.35442,1.35471,1.69,1.58
2011.02.25 14:01:16.325,1.35442,1.35472,1.69,3.83
2011.02.25 14:01:16.656,1.35442,1.35467,1.50,2.03
2011.02.25 14:01:17.205,1.35442,1.35467,1.69,1.13
2011.02.25 14:01:17.619,1.3545,1.35467,1.69,1.58
2011.02.25 14:01:17.738,1.35457,1.35472,1.69,1.88
2011.02.25 14:01:17.969,1.35461,1.35475,1.50,1.13
2011.02.25 14:01:18.308,1.35461,1.35476,1.50,2.78
2011.02.25 14:01:18.855,1.35461,1.35486,1.50,1.50
2011.02.25 14:01:19.299,1.35461,1.35481,1.50,1.13
2011.02.25 14:01:19.415,1.35461,1.35483,1.50,1.13
2011.02.25 14:01:19.746,1.35461,1.35483,1.50,1.13
2011.02.25 14:01:20.077,1.35461,1.35485,1.50,1.50
2011.02.25 14:01:20.405,1.35461,1.35485,1.50,1.50
2011.02.25 14:01:20.735,1.35461,1.35487,1.50,1.20
2011.02.25 14:01:21.066,1.35469,1.35491,2.59,1.20
2011.02.25 14:01:21.175,1.35469,1.35492,2.59,1.88
2011.02.25 14:01:21.287,1.35467,1.35492,1.50,1.88
2011.02.25 14:01:21.686,1.35473,1.35497,2.25,2.40
2011.02.25 14:01:21.798,1.35474,1.35497,1.50,2.40
2011.02.25 14:01:22.126,1.35475,1.35497,1.50,2.40
2011.02.25 14:01:22.565,1.35475,1.355,1.50,1.58
2011.02.25 14:01:22.896,1.35477,1.35501,1.50,1.58
2011.02.25 14:01:23.227,1.35477,1.35502,2.44,1.58
2011.02.25 14:01:23.776,1.35475,1.35501,1.50,1.13
2011.02.25 14:01:23.997,1.35472,1.35497,3.53,1.20
2011.02.25 14:01:24.325,1.35472,1.35497,3.53,1.20
2011.02.25 14:01:24.766,1.35471,1.35497,1.50,1.20
2011.02.25 14:01:24.876,1.35471,1.35497,1.50,1.20
2011.02.25 14:01:25.146,1.35471,1.35497,1.50,2.85
2011.02.25 14:01:25.585,1.35471,1.35497,1.50,1.20
2011.02.25 14:01:25.804,1.35471,1.35497,1.50,1.20
2011.02.25 14:01:26.135,1.35471,1.35499,1.50,1.20
2011.02.25 14:01:26.453,1.35471,1.35497,1.50,1.20
2011.02.25 14:01:26.788,1.35471,1.35497,1.50,1.20
2011.02.25 14:01:27.688,1.35473,1.355,1.50,2.70
2011.02.25 14:01:28.016,1.35473,1.355,1.50,1.58
2011.02.25 14:01:28.986,1.35473,1.355,1.50,1.77
2011.02.25 14:01:29.206,1.35473,1.35496,1.50,1.20
2011.02.25 14:01:29.976,1.3547,1.35495,1.50,1.20
2011.02.25 14:01:30.306,1.3547,1.35495,1.69,1.20
2011.02.25 14:01:30.636,1.35471,1.35492,1.50,1.20
2011.02.25 14:01:30.966,1.35471,1.35495,1.50,3.83
2011.02.25 14:01:31.076,1.3547,1.35495,1.50,2.63
2011.02.25 14:01:31.450,1.35479,1.35496,1.50,1.88
2011.02.25 14:01:32.007,1.35479,1.355,1.50,1.50
2011.02.25 14:01:32.778,1.35479,1.35501,1.50,2.40
2011.02.25 14:01:32.890,1.35479,1.35501,1.50,2.40
2011.02.25 14:01:33.115,1.35484,1.35508,1.50,1.13
2011.02.25 14:01:33.447,1.35484,1.35511,1.69,2.33
2011.02.25 14:01:33.886,1.35488,1.35511,1.50,1.13
2011.02.25 14:01:34.105,1.35488,1.35509,1.50,1.13
2011.02.25 14:01:34.546,1.35488,1.35512,1.50,1.20
2011.02.25 14:01:34.877,1.35488,1.35512,3.15,1.20
2011.02.25 14:01:35.205,1.35486,1.35513,1.50,1.20
2011.02.25 14:01:36.207,1.35486,1.35512,2.25,1.58
2011.02.25 14:01:36.543,1.35484,1.35508,1.50,2.85
2011.02.25 14:01:36.878,1.35484,1.35508,1.50,1.20
2011.02.25 14:01:37.207,1.35484,1.35508,1.50,1.20
2011.02.25 14:01:37.757,1.3549,1.35512,1.50,1.13
2011.02.25 14:01:38.087,1.3549,1.3551,1.50,1.13
2011.02.25 14:01:39.125,1.3549,1.3551,1.50,1.13
2011.02.25 14:01:39.487,1.3549,1.35511,1.50,1.13
2011.02.25 14:01:39.706,1.3549,1.35512,1.50,1.13
2011.02.25 14:01:39.924,1.3549,1.35513,1.50,1.13
2011.02.25 14:01:40.474,1.3549,1.35513,1.50,1.13
2011.02.25 14:01:40.991,1.3549,1.35512,1.50,1.13
2011.02.25 14:01:41.109,1.3549,1.35514,1.50,1.20
2011.02.25 14:01:41.634,1.3549,1.35514,1.65,1.20
2011.02.25 14:01:41.857,1.35491,1.35514,1.09,1.20
2011.02.25 14:01:42.184,1.35493,1.35517,1.50,1.13
2011.02.25 14:01:42.735,1.35493,1.35517,1.50,1.13
2011.02.25 14:01:43.281,1.35493,1.35517,1.50,1.13
2011.02.25 14:01:44.196,1.35493,1.35517,1.50,1.13
2011.02.25 14:01:44.746,1.35493,1.35518,1.50,1.13
2011.02.25 14:01:45.515,1.35497,1.35517,1.50,1.13
2011.02.25 14:01:46.065,1.35497,1.35516,1.50,1.13
2011.02.25 14:01:46.615,1.35497,1.35517,1.50,1.13
2011.02.25 14:01:46.724,1.35496,1.35517,1.50,1.13
2011.02.25 14:01:47.848,1.35497,1.35517,1.50,1.13
2011.02.25 14:01:48.177,1.35499,1.35518,2.25,1.13
2011.02.25 14:01:48.726,1.355,1.35522,1.50,2.25
2011.02.25 14:01:48.837,1.35499,1.35526,1.50,1.39
2011.02.25 14:01:49.387,1.35499,1.35523,2.25,2.40
2011.02.25 14:01:49.716,1.35502,1.35523,1.50,2.40
2011.02.25 14:01:50.265,1.35502,1.35523,1.50,2.40
2011.02.25 14:01:51.036,1.35502,1.35523,1.50,2.40
2011.02.25 14:01:51.366,1.35492,1.3551,1.50,1.13
2011.02.25 14:01:51.585,1.35494,1.3551,1.50,2.03
2011.02.25 14:01:52.195,1.35493,1.35513,1.50,1.13
2011.02.25 14:01:53.006,1.35492,1.35509,1.50,1.13
2011.02.25 14:01:53.226,1.3549,1.35509,1.50,1.13
2011.02.25 14:01:53.447,1.35491,1.3551,1.50,1.13
2011.02.25 14:01:54.027,1.35484,1.3551,2.40,1.13
2011.02.25 14:01:54.141,1.3548,1.35509,1.58,1.13
2011.02.25 14:01:54.255,1.3548,1.35509,1.58,1.13
2011.02.25 14:01:54.624,1.35481,1.35506,1.50,1.20
2011.02.25 14:01:56.506,1.35481,1.35506,1.77,1.20
2011.02.25 14:01:56.835,1.35481,1.35506,1.77,1.20
2011.02.25 14:01:57.425,1.35481,1.35506,1.69,1.20
2011.02.25 14:01:57.536,1.35479,1.35506,1.69,1.20
2011.02.25 14:01:57.756,1.35481,1.35506,1.69,1.20
2011.02.25 14:01:58.086,1.3548,1.35504,1.69,1.50
2011.02.25 14:01:58.416,1.35473,1.355,1.50,1.13
2011.02.25 14:01:58.745,1.35483,1.35507,1.50,1.20
2011.02.25 14:01:58.855,1.35482,1.35507,1.50,1.20
2011.02.25 14:01:59.295,1.3548,1.35507,1.50,5.48
2011.02.25 14:01:59.405,1.35479,1.35503,1.50,1.20
2011.02.25 14:01:59.516,1.35476,1.35503,1.50,1.39
2011.02.25 14:01:59.625,1.35472,1.35499,1.50,2.78
2011.02.25 14:01:59.845,1.35473,1.35499,1.50,2.40
2011.02.25 14:02:00.065,1.35472,1.35499,1.50,2.85
2011.02.25 14:02:00.457,1.35471,1.35496,1.50,2.40
2011.02.25 14:02:01.829,1.35471,1.35496,1.50,2.40
2011.02.25 14:02:02.156,1.3547,1.35496,1.50,2.40
2011.02.25 14:02:02.486,1.3547,1.35496,1.50,2.40
2011.02.25 14:02:02.705,1.35471,1.35496,1.50,2.40
2011.02.25 14:02:02.927,1.3547,1.35496,1.50,2.85
2011.02.25 14:02:03.256,1.3547,1.35493,1.50,1.13
2011.02.25 14:02:03.475,1.35467,1.3549,1.50,2.40
2011.02.25 14:02:04.027,1.35471,1.35493,1.50,2.40
2011.02.25 14:02:04.135,1.35471,1.35493,1.50,2.40
2011.02.25 14:02:04.467,1.35465,1.35493,1.50,2.40
2011.02.25 14:02:05.015,1.35466,1.35489,1.50,1.20
2011.02.25 14:02:05.237,1.35465,1.35488,1.50,1.20
2011.02.25 14:02:05.456,1.35466,1.35488,1.50,1.20
2011.02.25 14:02:05.959,1.35466,1.35489,1.50,1.20
2011.02.25 14:02:06.298,1.35468,1.35493,1.50,2.85
2011.02.25 14:02:06.406,1.35468,1.35493,1.50,2.85
2011.02.25 14:02:07.506,1.35468,1.35493,1.50,1.20
2011.02.25 14:02:07.835,1.35468,1.35494,1.50,1.20
2011.02.25 14:02:08.532,1.35468,1.35494,1.50,1.95
2011.02.25 14:02:08.805,1.35468,1.35493,1.50,1.20
2011.02.25 14:02:09.027,1.35468,1.35493,1.50,1.20
2011.02.25 14:02:09.577,1.35464,1.35484,1.50,1.20
2011.02.25 14:02:09.797,1.35456,1.35479,1.50,2.59
2011.02.25 14:02:09.904,1.35452,1.35478,5.03,1.50
2011.02.25 14:02:10.508,1.3545,1.35479,1.50,1.20
2011.02.25 14:02:11.055,1.3545,1.35479,1.50,1.20
2011.02.25 14:02:11.604,1.3545,1.35477,1.50,2.85
2011.02.25 14:02:11.715,1.3545,1.35477,1.50,2.85
2011.02.25 14:02:12.156,1.35449,1.35475,1.50,1.20
2011.02.25 14:02:12.266,1.35449,1.35476,1.50,1.20
2011.02.25 14:02:12.816,1.35449,1.35474,1.50,1.65
2011.02.25 14:02:12.925,1.35443,1.35473,1.69,1.20
2011.02.25 14:02:13.365,1.35443,1.35468,1.69,1.20
2011.02.25 14:02:14.057,1.35443,1.35468,1.69,1.20
2011.02.25 14:02:15.046,1.35442,1.35468,1.50,1.20
2011.02.25 14:02:15.375,1.35442,1.35467,1.50,2.10
2011.02.25 14:02:15.598,1.35442,1.35471,1.50,2.10
2011.02.25 14:02:16.257,1.35441,1.35469,1.69,1.20
2011.02.25 14:02:16.586,1.35441,1.35469,1.69,1.20
2011.02.25 14:02:17.135,1.35445,1.35471,1.50,1.20
2011.02.25 14:02:17.246,1.35445,1.35472,1.50,1.20
2011.02.25 14:02:18.175,1.35445,1.35472,1.65,1.20
2011.02.25 14:02:18.336,1.35445,1.35472,1.65,1.20
2011.02.25 14:02:21.616,1.35445,1.35472,1.65,1.20
2011.02.25 14:02:21.836,1.35445,1.35472,1.84,1.95
2011.02.25 14:02:22.165,1.35449,1.35475,1.50,1.20
2011.02.25 14:02:22.969,1.35449,1.35477,1.50,1.20
2011.02.25 14:02:23.197,1.35454,1.3548,1.50,1.20
2011.02.25 14:02:23.525,1.35449,1.35474,1.09,1.20
2011.02.25 14:02:23.747,1.35448,1.35474,1.50,1.20
2011.02.25 14:02:23.966,1.35448,1.35474,1.50,1.20
2011.02.25 14:02:24.187,1.35451,1.35477,1.58,2.10
2011.02.25 14:02:24.296,1.35451,1.35478,1.58,1.20
2011.02.25 14:02:24.975,1.35451,1.35478,1.58,1.20
2011.02.25 14:02:25.306,1.35451,1.35477,1.50,1.20
2011.02.25 14:02:25.855,1.35451,1.35476,1.50,1.65
2011.02.25 14:02:26.806,1.35451,1.35476,1.50,1.65
2011.02.25 14:02:27.516,1.35448,1.35475,1.58,1.20
2011.02.25 14:02:27.958,1.35444,1.35471,3.08,1.20
2011.02.25 14:02:28.525,1.35444,1.35471,1.58,1.20
2011.02.25 14:02:29.127,1.35444,1.35471,1.58,1.20
2011.02.25 14:02:29.676,1.35444,1.35471,4.43,1.20
2011.02.25 14:02:29.895,1.35447,1.35471,2.25,1.20
2011.02.25 14:02:30.115,1.35444,1.35471,3.15,1.20
2011.02.25 14:02:30.645,1.35444,1.35471,3.15,1.20
2011.02.25 14:02:31.026,1.35448,1.35471,1.69,1.20
2011.02.25 14:02:31.246,1.35448,1.35471,1.69,1.20
2011.02.25 14:02:31.749,1.35448,1.35471,1.69,1.20
2011.02.25 14:02:32.169,1.35451,1.35477,1.24,1.20
2011.02.25 14:02:32.865,1.35452,1.35477,2.48,1.20
2011.02.25 14:02:33.085,1.35455,1.35477,1.09,1.20
2011.02.25 14:02:33.676,1.35455,1.35477,1.09,1.20
2011.02.25 14:02:36.315,1.35455,1.35477,1.09,1.20
2011.02.25 14:02:36.784,1.35455,1.35477,1.09,1.20
2011.02.25 14:02:37.615,1.35455,1.35477,1.09,1.20
2011.02.25 14:02:38.215,1.35453,1.35476,1.99,1.20
2011.02.25 14:02:38.437,1.35444,1.35469,1.50,1.65
2011.02.25 14:02:38.546,1.35444,1.35474,1.50,1.20
2011.02.25 14:02:38.656,1.35439,1.35466,5.97,1.20
2011.02.25 14:02:39.207,1.35443,1.35466,2.25,1.20
2011.02.25 14:02:39.318,1.35444,1.35471,3.53,1.20
2011.02.25 14:02:39.428,1.35444,1.35471,3.53,1.20
2011.02.25 14:02:40.087,1.35443,1.35471,1.50,1.20
2011.02.25 14:02:40.477,1.35443,1.35468,1.50,1.50
2011.02.25 14:02:40.806,1.35438,1.35464,3.83,1.20
2011.02.25 14:02:42.248,1.35437,1.35464,1.05,1.20
2011.02.25 14:02:42.686,1.35441,1.35468,4.43,1.20
2011.02.25 14:02:43.305,1.35447,1.35472,1.02,1.20
2011.02.25 14:02:44.076,1.35451,1.35474,1.69,1.20
2011.02.25 14:02:44.186,1.35451,1.35474,1.69,1.20
2011.02.25 14:02:44.483,1.35448,1.35474,2.40,1.20
2011.02.25 14:02:44.611,1.35444,1.35469,2.44,1.13
2011.02.25 14:02:44.731,1.35442,1.35459,2.40,1.20
2011.02.25 14:02:44.957,1.35445,1.35462,1.02,1.20
2011.02.25 14:02:45.179,1.35448,1.35467,1.69,1.20
2011.02.25 14:02:45.508,1.35441,1.35467,2.25,1.20
2011.02.25 14:02:45.617,1.35439,1.35467,1.65,1.20
2011.02.25 14:02:45.727,1.35439,1.35465,1.50,1.20
2011.02.25 14:02:45.836,1.35439,1.35465,1.50,2.14
2011.02.25 14:02:45.946,1.35437,1.35463,3.08,1.20
2011.02.25 14:02:46.167,1.35434,1.35461,1.58,1.20
2011.02.25 14:02:46.278,1.35433,1.35459,1.58,1.20
2011.02.25 14:02:46.496,1.35435,1.35463,2.33,1.20
2011.02.25 14:02:46.881,1.35434,1.35461,1.24,1.20
2011.02.25 14:02:47.002,1.35429,1.35455,3.15,1.20
2011.02.25 14:02:47.115,1.35429,1.35455,3.15,1.20
2011.02.25 14:02:48.676,1.35433,1.3546,1.50,1.20
2011.02.25 14:02:49.007,1.35435,1.3546,2.25,1.20
2011.02.25 14:02:49.557,1.35435,1.35459,3.90,1.20
2011.02.25 14:02:49.667,1.35431,1.35457,3.00,2.85
2011.02.25 14:02:49.995,1.35431,1.35457,3.00,2.10
2011.02.25 14:02:50.326,1.35431,1.35458,3.00,1.20
2011.02.25 14:02:50.769,1.35434,1.3546,1.02,1.20
2011.02.25 14:02:50.886,1.35435,1.3546,2.59,1.20
2011.02.25 14:02:50.996,1.35435,1.3546,2.55,1.20
2011.02.25 14:02:51.325,1.35434,1.3546,2.40,1.20
2011.02.25 14:02:52.005,1.35434,1.3546,2.40,1.20
2011.02.25 14:02:52.777,1.35435,1.3546,2.25,1.20
2011.02.25 14:02:53.408,1.35438,1.3546,2.33,1.20
2011.02.25 14:02:54.287,1.35437,1.3546,2.25,1.20
2011.02.25 14:02:54.395,1.35439,1.3546,2.40,1.20
2011.02.25 14:02:54.946,1.35433,1.3546,1.65,1.20
2011.02.25 14:02:55.166,1.35429,1.35456,3.00,1.20
2011.02.25 14:02:55.386,1.35429,1.35456,1.50,1.20
2011.02.25 14:02:55.935,1.35429,1.35456,1.50,1.20
2011.02.25 14:02:56.377,1.35432,1.35458,1.58,1.20
2011.02.25 14:02:56.817,1.35432,1.35458,4.43,1.20
2011.02.25 14:02:57.037,1.35432,1.35458,3.00,1.95
2011.02.25 14:02:57.146,1.3543,1.35458,7.05,1.95
2011.02.25 14:02:57.587,1.35426,1.35444,5.03,1.20
2011.02.25 14:02:58.201,1.35426,1.3544,2.78,1.20
2011.02.25 14:02:58.319,1.35424,1.3544,3.53,1.20
2011.02.25 14:02:58.439,1.35418,1.3544,3.90,1.20
2011.02.25 14:02:58.656,1.35421,1.35446,3.53,1.20
2011.02.25 14:02:58.876,1.35419,1.35446,1.50,1.20
2011.02.25 14:02:58.987,1.35419,1.35443,1.50,1.20
2011.02.25 14:02:59.315,1.35414,1.35438,2.25,1.20
2011.02.25 14:02:59.754,1.35414,1.35438,2.25,1.20
2011.02.25 14:03:00.216,1.35416,1.35438,2.25,1.20
2011.02.25 14:03:01.205,1.35416,1.35438,2.25,1.95
2011.02.25 14:03:01.426,1.35413,1.35437,2.25,2.10
2011.02.25 14:03:01.755,1.35413,1.35438,2.25,1.20
2011.02.25 14:03:01.976,1.35413,1.3544,3.00,1.20
2011.02.25 14:03:02.684,1.35414,1.35437,2.25,1.20
2011.02.25 14:03:02.908,1.35414,1.35437,2.25,1.20
2011.02.25 14:03:03.126,1.35414,1.35437,2.25,1.20
2011.02.25 14:03:03.458,1.35421,1.35443,1.50,1.65
2011.02.25 14:03:03.677,1.35428,1.35448,1.50,1.69
2011.02.25 14:03:04.006,1.35426,1.35449,2.25,1.32
2011.02.25 14:03:04.445,1.35428,1.35443,1.50,1.65
2011.02.25 14:03:04.778,1.35428,1.35443,1.50,1.65
2011.02.25 14:03:04.997,1.35422,1.35443,1.50,1.84
2011.02.25 14:03:05.326,1.35422,1.3544,1.50,1.84
2011.02.25 14:03:05.684,1.35422,1.3544,1.50,1.84
2011.02.25 14:03:05.906,1.35422,1.35447,1.50,1.65
2011.02.25 14:03:06.017,1.35422,1.35447,1.50,1.65
2011.02.25 14:03:06.126,1.35428,1.35452,1.50,2.10
2011.02.25 14:03:06.345,1.35428,1.35452,1.50,2.10
2011.02.25 14:03:06.456,1.35428,1.35452,1.50,2.10
2011.02.25 14:03:06.897,1.35428,1.35447,1.50,1.65
2011.02.25 14:03:07.117,1.35428,1.35452,1.50,2.85
2011.02.25 14:03:07.669,1.35428,1.35452,1.50,1.20
2011.02.25 14:03:07.779,1.35428,1.35453,1.50,1.20
2011.02.25 14:03:08.115,1.35428,1.35452,1.50,1.20
2011.02.25 14:03:08.885,1.35428,1.35452,1.50,1.20
2011.02.25 14:03:09.325,1.35428,1.35452,1.50,1.20
2011.02.25 14:03:09.545,1.35428,1.35452,1.50,1.20
2011.02.25 14:03:09.766,1.35428,1.35452,1.50,1.20
2011.02.25 14:03:10.315,1.3543,1.35456,1.50,1.20
2011.02.25 14:03:11.235,1.3543,1.35456,1.50,1.20
2011.02.25 14:03:11.565,1.3543,1.35456,1.50,1.20
2011.02.25 14:03:12.672,1.3543,1.35454,1.50,5.18
2011.02.25 14:03:12.787,1.3543,1.35454,1.50,2.40
2011.02.25 14:03:13.117,1.35427,1.35451,1.65,1.20
2011.02.25 14:03:13.387,1.35427,1.35451,1.50,1.20
2011.02.25 14:03:13.606,1.35428,1.35446,2.25,2.40
2011.02.25 14:03:13.716,1.35425,1.35446,1.50,2.40
2011.02.25 14:03:13.826,1.35424,1.3544,1.50,1.65
2011.02.25 14:03:14.375,1.35421,1.3544,1.50,2.40
2011.02.25 14:03:14.596,1.35421,1.3544,1.50,2.40
2011.02.25 14:03:15.146,1.35422,1.3544,1.50,1.65
2011.02.25 14:03:15.475,1.35422,1.3544,1.50,1.65
2011.02.25 14:03:15.697,1.35422,1.3544,1.50,2.40
2011.02.25 14:03:16.026,1.35422,1.35445,1.50,3.98
2011.02.25 14:03:17.275,1.35422,1.35445,1.50,3.98
2011.02.25 14:03:17.635,1.3542,1.35445,1.50,3.98
2011.02.25 14:03:18.186,1.35419,1.3544,1.50,2.40
2011.02.25 14:03:18.627,1.35419,1.3544,1.50,1.65
2011.02.25 14:03:19.005,1.35419,1.35441,1.50,2.40
2011.02.25 14:03:21.217,1.35419,1.35443,1.50,2.40
2011.02.25 14:03:21.327,1.35421,1.35443,1.50,2.40
2011.02.25 14:03:25.346,1.35423,1.35439,1.50,1.65
2011.02.25 14:03:25.455,1.35423,1.35443,1.50,1.65
2011.02.25 14:03:25.564,1.35423,1.35443,1.50,2.40
2011.02.25 14:03:26.885,1.35423,1.35443,1.50,2.40
2011.02.25 14:03:29.505,1.35423,1.35443,1.50,2.40
2011.02.25 14:03:30.056,1.35422,1.35446,1.50,2.40
2011.02.25 14:03:30.551,1.35421,1.35442,1.50,1.69
2011.02.25 14:03:30.665,1.3542,1.35439,1.50,2.59
2011.02.25 14:03:30.780,1.3542,1.35439,1.50,1.65
2011.02.25 14:03:30.897,1.3542,1.35446,1.50,3.04
2011.02.25 14:03:31.116,1.3542,1.35446,1.50,3.04
2011.02.25 14:03:31.555,1.3542,1.35446,1.50,3.04
2011.02.25 14:03:31.887,1.35419,1.35446,1.50,3.04
2011.02.25 14:03:32.636,1.3542,1.35446,1.50,3.04
2011.02.25 14:03:33.079,1.3542,1.35446,1.50,3.04
2011.02.25 14:03:33.197,1.3542,1.35446,1.50,3.04
2011.02.25 14:03:33.556,1.3542,1.35446,1.88,3.04
2011.02.25 14:03:33.667,1.3542,1.35446,1.88,2.85
2011.02.25 14:03:33.890,1.35426,1.35452,2.25,4.54
2011.02.25 14:03:34.010,1.35432,1.35454,1.88,2.78
2011.02.25 14:03:34.236,1.35432,1.35454,1.50,3.53
2011.02.25 14:03:34.566,1.3543,1.35452,1.50,2.40
2011.02.25 14:03:35.006,1.35432,1.35452,1.50,2.40
2011.02.25 14:03:35.226,1.35432,1.35447,1.50,1.65
2011.02.25 14:03:35.337,1.35435,1.35453,1.50,2.40
2011.02.25 14:03:35.886,1.35435,1.35453,1.50,2.40
2011.02.25 14:03:36.435,1.35436,1.35457,1.50,2.40
2011.02.25 14:03:37.045,1.35435,1.35452,1.50,2.40
2011.02.25 14:03:37.376,1.35433,1.35455,1.50,2.25
2011.02.25 14:03:37.764,1.35437,1.35457,1.50,3.90
2011.02.25 14:03:37.998,1.35439,1.35461,1.50,1.13
2011.02.25 14:03:38.217,1.35441,1.35461,1.50,1.13
2011.02.25 14:03:39.215,1.35439,1.35462,1.50,4.28
2011.02.25 14:03:39.325,1.35438,1.35462,2.25,4.28
2011.02.25 14:03:41.365,1.35438,1.35462,1.50,4.28
2011.02.25 14:03:41.585,1.35438,1.35462,1.50,4.28
2011.02.25 14:03:41.807,1.35439,1.35462,1.50,2.40
2011.02.25 14:03:41.918,1.35443,1.35466,2.25,2.25
2011.02.25 14:03:42.596,1.35445,1.35467,1.50,2.40
2011.02.25 14:03:42.816,1.35447,1.3547,1.50,2.25
2011.02.25 14:03:43.290,1.35444,1.35466,1.50,2.40
2011.02.25 14:03:44.267,1.35445,1.35466,1.50,2.40
2011.02.25 14:03:44.595,1.3545,1.35473,1.50,2.59
2011.02.25 14:03:45.455,1.3545,1.35473,1.50,2.59
2011.02.25 14:03:46.366,1.35452,1.35473,1.50,2.59
2011.02.25 14:03:46.586,1.35452,1.35473,1.50,2.40
2011.02.25 14:03:47.465,1.35454,1.35478,2.25,2.78
2011.02.25 14:03:47.575,1.35454,1.35478,2.25,2.78
2011.02.25 14:03:48.155,1.35454,1.35478,1.50,2.40
2011.02.25 14:03:49.115,1.35454,1.35478,1.50,2.40
2011.02.25 14:03:49.666,1.35454,1.35478,1.50,2.40
2011.02.25 14:03:50.083,1.35453,1.3548,1.50,2.25
2011.02.25 14:03:50.196,1.35453,1.35479,2.25,2.40
2011.02.25 14:03:50.537,1.35455,1.35479,1.50,2.40
2011.02.25 14:03:50.756,1.35455,1.35479,2.25,2.40
2011.02.25 14:03:51.480,1.35455,1.35483,1.50,7.32
2011.02.25 14:03:52.635,1.35455,1.35483,1.50,7.32
2011.02.25 14:03:52.965,1.35444,1.3547,1.50,2.85
2011.02.25 14:03:53.185,1.35443,1.35468,1.50,3.53
2011.02.25 14:03:53.296,1.35443,1.35463,1.50,1.69
2011.02.25 14:03:53.626,1.35427,1.35453,1.50,1.20
2011.02.25 14:03:53.955,1.35427,1.35453,1.50,1.20
2011.02.25 14:03:54.285,1.35427,1.35453,1.50,1.20
2011.02.25 14:03:58.147,1.3543,1.35455,2.44,1.65
2011.02.25 14:03:58.366,1.3544,1.35466,1.50,1.50
2011.02.25 14:03:58.695,1.35441,1.35468,1.50,1.20
2011.02.25 14:03:59.135,1.35444,1.35468,1.50,1.20
2011.02.25 14:03:59.686,1.35445,1.35472,1.50,3.27
2011.02.25 14:04:00.235,1.35445,1.35468,2.25,2.40
2011.02.25 14:04:00.568,1.35448,1.35468,1.50,1.65
2011.02.25 14:04:00.896,1.35453,1.35477,1.50,1.20
2011.02.25 14:04:01.775,1.35452,1.35477,1.50,1.20
2011.02.25 14:04:02.107,1.35453,1.35477,1.50,1.20
2011.02.25 14:04:02.856,1.35453,1.35477,1.50,1.20
2011.02.25 14:04:02.965,1.35453,1.35477,1.50,1.20
2011.02.25 14:04:04.225,1.35453,1.3548,1.50,1.95
2011.02.25 14:04:04.775,1.35454,1.3548,2.25,1.20
2011.02.25 14:04:05.388,1.35455,1.3548,1.50,1.20
2011.02.25 14:04:06.238,1.35456,1.3548,1.50,1.20
2011.02.25 14:04:06.566,1.35456,1.3548,1.50,1.20
2011.02.25 14:04:07.116,1.35461,1.35484,1.50,1.20
2011.02.25 14:04:07.445,1.35462,1.35488,1.50,1.20
2011.02.25 14:04:08.335,1.35462,1.35488,2.59,1.20
2011.02.25 14:04:08.445,1.35462,1.3549,1.84,1.20
2011.02.25 14:04:08.556,1.35458,1.35485,1.65,1.32
2011.02.25 14:04:08.667,1.35448,1.35474,4.28,1.65
2011.02.25 14:04:08.778,1.35455,1.35474,2.25,2.40
2011.02.25 14:04:09.273,1.35457,1.35481,1.50,2.85
2011.02.25 14:04:09.389,1.35459,1.35486,1.50,1.20
2011.02.25 14:04:09.498,1.35459,1.35486,1.50,1.20
2011.02.25 14:04:10.047,1.35461,1.35486,1.50,1.20
2011.02.25 14:04:10.596,1.35461,1.35486,1.50,1.20
2011.02.25 14:04:10.705,1.35461,1.35486,1.50,1.20
2011.02.25 14:04:11.036,1.3546,1.3549,1.50,1.20
2011.02.25 14:04:11.256,1.35461,1.3549,1.50,1.20
2011.02.25 14:04:11.475,1.35461,1.3549,1.50,1.20
2011.02.25 14:04:11.696,1.35461,1.35487,1.50,2.40
2011.02.25 14:04:12.027,1.35464,1.35481,1.50,1.65
2011.02.25 14:04:12.611,1.35466,1.35491,1.50,2.40
2011.02.25 14:04:12.732,1.35468,1.35493,1.50,1.20
2011.02.25 14:04:12.849,1.35468,1.35493,1.50,1.20
2011.02.25 14:04:13.185,1.35463,1.3549,1.50,1.02
2011.02.25 14:04:13.848,1.35462,1.3549,2.25,1.20
2011.02.25 14:04:14.178,1.35462,1.35492,2.25,1.50
2011.02.25 14:04:14.397,1.35466,1.35494,1.50,1.20
2011.02.25 14:04:14.975,1.35466,1.35494,1.50,1.20
2011.02.25 14:04:16.297,1.35468,1.35494,1.50,1.20
2011.02.25 14:04:16.406,1.35468,1.35494,1.50,1.20
2011.02.25 14:04:16.517,1.35468,1.35496,1.50,1.50
2011.02.25 14:04:16.846,1.3547,1.35493,1.50,2.40
2011.02.25 14:04:17.066,1.35471,1.35493,1.50,2.40
2011.02.25 14:04:17.615,1.3547,1.35497,1.50,1.20
2011.02.25 14:04:17.728,1.3547,1.35497,1.50,1.20
2011.02.25 14:04:18.293,1.35473,1.35497,1.50,1.20
2011.02.25 14:04:19.706,1.3547,1.35495,1.50,3.53
2011.02.25 14:04:19.927,1.35464,1.35491,1.50,1.20
2011.02.25 14:04:20.466,1.35464,1.35491,1.50,3.98
2011.02.25 14:04:20.685,1.35458,1.35484,1.69,1.20
2011.02.25 14:04:20.905,1.35458,1.35484,1.69,1.20
2011.02.25 14:04:21.126,1.35457,1.35484,1.50,1.20
2011.02.25 14:04:21.236,1.35454,1.35479,1.50,1.20
2011.02.25 14:04:21.566,1.35454,1.35478,1.50,1.20
2011.02.25 14:04:22.005,1.35454,1.35478,1.50,1.20
2011.02.25 14:04:22.336,1.35454,1.35478,1.50,1.20
2011.02.25 14:04:22.446,1.35452,1.35476,1.50,1.20
2011.02.25 14:04:23.248,1.35448,1.35474,2.25,1.39
2011.02.25 14:04:23.686,1.35444,1.3547,1.65,2.85
2011.02.25 14:04:23.991,1.35444,1.3547,1.65,2.10
2011.02.25 14:04:24.112,1.35448,1.35474,1.50,2.14
2011.02.25 14:04:24.225,1.35448,1.35474,1.50,1.20
2011.02.25 14:04:24.336,1.35448,1.35475,1.50,1.20
2011.02.25 14:04:24.665,1.35448,1.35474,1.50,1.20
2011.02.25 14:04:24.776,1.35448,1.35474,1.50,1.20
2011.02.25 14:04:26.136,1.35448,1.35472,1.50,1.65
2011.02.25 14:04:26.465,1.35448,1.35471,1.50,3.53
2011.02.25 14:04:28.177,1.35448,1.35471,1.58,2.78
2011.02.25 14:04:28.286,1.35451,1.35474,1.58,2.78
2011.02.25 14:04:28.835,1.35451,1.35477,1.58,1.20
2011.02.25 14:04:29.319,1.35459,1.35477,2.59,1.20
2011.02.25 14:04:29.427,1.3546,1.35486,1.50,1.20
2011.02.25 14:04:29.812,1.35467,1.35492,1.50,3.53
2011.02.25 14:04:30.036,1.35467,1.35492,1.50,3.53
2011.02.25 14:04:30.587,1.3547,1.35493,1.65,1.20
2011.02.25 14:04:30.695,1.35472,1.35496,1.50,1.39
2011.02.25 14:04:31.025,1.35469,1.35496,2.25,1.39
2011.02.25 14:04:31.135,1.35472,1.35496,1.50,1.39
2011.02.25 14:04:31.356,1.3547,1.35496,1.50,1.39
2011.02.25 14:04:32.606,1.35472,1.35496,1.50,1.39
2011.02.25 14:04:32.935,1.35472,1.35496,1.50,1.20
2011.02.25 14:04:33.047,1.35473,1.35496,3.00,1.20
2011.02.25 14:04:33.267,1.35478,1.35501,2.40,1.20
2011.02.25 14:04:33.596,1.35484,1.35506,2.40,1.20
2011.02.25 14:04:33.925,1.3548,1.3551,2.25,3.04
2011.02.25 14:04:34.255,1.35483,1.3551,1.50,3.04
2011.02.25 14:04:34.475,1.35483,1.3551,2.25,3.04
2011.02.25 14:04:35.115,1.35484,1.3551,1.50,3.04
2011.02.25 14:04:36.145,1.35483,1.3551,2.25,3.04
2011.02.25 14:04:36.558,1.35483,1.3551,1.50,3.04
2011.02.25 14:04:37.456,1.35483,1.35505,1.50,1.69
2011.02.25 14:04:37.678,1.35483,1.35505,1.50,1.69
2011.02.25 14:04:37.785,1.35483,1.35504,1.50,2.40
2011.02.25 14:04:38.005,1.35481,1.35507,1.50,1.20
2011.02.25 14:04:41.090,1.3548,1.35502,1.50,1.69
2011.02.25 14:04:41.319,1.35475,1.35498,1.50,2.40
2011.02.25 14:04:42.436,1.35475,1.35498,1.50,2.40
2011.02.25 14:04:42.872,1.35473,1.35498,2.25,2.40
2011.02.25 14:04:43.425,1.35474,1.35498,1.50,2.40
2011.02.25 14:04:43.976,1.35473,1.35498,1.50,2.40
2011.02.25 14:04:44.196,1.35473,1.35498,1.50,2.40
2011.02.25 14:04:44.636,1.35473,1.35498,1.50,2.40
2011.02.25 14:04:46.225,1.35473,1.35498,1.50,2.40
2011.02.25 14:04:46.556,1.35473,1.35492,1.50,2.40
2011.02.25 14:04:46.886,1.35474,1.35499,1.50,2.59
2011.02.25 14:04:46.996,1.35473,1.35499,1.50,2.59
2011.02.25 14:04:47.107,1.35472,1.35497,1.50,1.20
2011.02.25 14:04:47.215,1.35469,1.35495,3.00,2.40
2011.02.25 14:04:47.664,1.35466,1.35489,1.50,1.65
2011.02.25 14:04:47.997,1.35466,1.35492,1.50,1.20
2011.02.25 14:04:48.546,1.35466,1.35492,1.50,1.20
2011.02.25 14:04:48.877,1.3546,1.35485,1.50,3.34
2011.02.25 14:04:48.986,1.3546,1.35485,1.50,3.34
2011.02.25 14:04:49.703,1.35463,1.35485,1.50,2.59
2011.02.25 14:04:49.822,1.35465,1.35493,2.40,1.20
2011.02.25 14:04:49.935,1.35465,1.35493,2.40,1.20
2011.02.25 14:04:51.166,1.35467,1.35493,2.25,1.20
2011.02.25 14:04:51.386,1.35469,1.35493,1.50,1.20
2011.02.25 14:04:52.045,1.35467,1.35493,1.50,1.20
2011.02.25 14:04:52.486,1.35465,1.35489,1.50,1.20
2011.02.25 14:04:53.037,1.35459,1.35485,1.50,2.40
2011.02.25 14:04:53.371,1.35469,1.35493,3.15,1.95
2011.02.25 14:04:53.761,1.35469,1.35498,2.40,1.20
2011.02.25 14:04:54.316,1.35471,1.35498,2.25,1.20
2011.02.25 14:04:55.098,1.35471,1.35498,1.50,1.20
2011.02.25 14:04:55.647,1.35472,1.35498,2.25,1.20
2011.02.25 14:04:55.977,1.35471,1.35493,1.50,2.40
2011.02.25 14:04:56.197,1.35472,1.35498,1.50,1.20
2011.02.25 14:05:00.236,1.35476,1.35499,1.50,1.50
2011.02.25 14:05:00.565,1.35476,1.35502,2.40,1.20
2011.02.25 14:05:01.116,1.35475,1.35502,2.25,2.85
2011.02.25 14:05:02.845,1.35475,1.35502,2.25,1.20
2011.02.25 14:05:03.285,1.35475,1.35502,2.25,1.20
2011.02.25 14:05:04.829,1.35475,1.35496,2.25,2.25
2011.02.25 14:05:05.159,1.35491,1.35504,2.40,1.50
2011.02.25 14:05:05.266,1.35491,1.35507,2.40,1.50
2011.02.25 14:05:05.377,1.35491,1.35509,2.40,1.50
2011.02.25 14:05:05.485,1.35491,1.35509,2.40,1.50
2011.02.25 14:05:06.177,1.35491,1.35513,2.40,1.20
2011.02.25 14:05:07.516,1.35492,1.35515,1.50,2.25
2011.02.25 14:05:07.846,1.35492,1.35515,1.50,2.25
2011.02.25 14:05:08.067,1.35492,1.35513,1.50,2.25
2011.02.25 14:05:08.395,1.35492,1.35513,1.50,2.25
2011.02.25 14:05:08.836,1.35492,1.35513,1.50,2.25
2011.02.25 14:05:10.798,1.35492,1.35513,1.50,2.25
2011.02.25 14:05:11.548,1.35491,1.35513,2.40,1.95
2011.02.25 14:05:11.877,1.35494,1.35513,1.50,1.50
2011.02.25 14:05:12.097,1.35494,1.3552,1.50,2.70
2011.02.25 14:05:12.425,1.35494,1.3552,1.50,1.20
2011.02.25 14:05:13.221,1.35494,1.35522,1.02,2.25
2011.02.25 14:05:13.335,1.35493,1.3552,1.58,1.20
2011.02.25 14:05:13.667,1.35493,1.35519,1.50,2.25
2011.02.25 14:05:13.995,1.35493,1.35519,1.50,2.25
2011.02.25 14:05:14.437,1.35498,1.35519,1.65,2.25
2011.02.25 14:05:14.767,1.35498,1.35521,2.40,2.25
2011.02.25 14:05:15.097,1.35498,1.3552,1.65,2.25
2011.02.25 14:05:15.426,1.35497,1.35523,1.50,2.70
2011.02.25 14:05:17.382,1.35498,1.35523,2.40,2.70
2011.02.25 14:05:17.975,1.35502,1.35523,1.50,2.25
2011.02.25 14:05:19.876,1.35499,1.35523,2.40,2.25
2011.02.25 14:05:20.616,1.35499,1.35521,1.50,2.25
2011.02.25 14:05:21.058,1.35498,1.35521,1.50,2.25
2011.02.25 14:05:21.496,1.35492,1.3552,1.50,2.25
2011.02.25 14:05:22.047,1.35494,1.35518,1.50,1.20
2011.02.25 14:05:22.487,1.35492,1.35518,1.50,1.20
2011.02.25 14:05:23.036,1.35493,1.35518,1.50,1.20
2011.02.25 14:05:24.159,1.35491,1.35518,2.25,1.20
2011.02.25 14:05:25.186,1.35494,1.35515,1.50,3.90
2011.02.25 14:05:25.735,1.35494,1.35518,1.50,2.70
2011.02.25 14:05:26.395,1.35491,1.35516,1.50,3.90
2011.02.25 14:05:26.928,1.35494,1.35516,1.50,4.09
2011.02.25 14:05:27.146,1.35491,1.35516,2.25,4.09
2011.02.25 14:05:27.367,1.35494,1.35516,1.50,4.09
2011.02.25 14:05:27.916,1.35494,1.35518,1.50,1.20
2011.02.25 14:05:28.135,1.35497,1.35519,1.50,2.25
2011.02.25 14:05:30.156,1.35498,1.35522,1.50,1.20
2011.02.25 14:05:30.377,1.35497,1.35522,1.50,2.70
2011.02.25 14:05:30.929,1.35498,1.35522,1.50,2.70
2011.02.25 14:05:32.028,1.35496,1.35522,1.50,3.64
2011.02.25 14:05:32.492,1.355,1.3552,1.50,1.20
2011.02.25 14:05:33.227,1.35496,1.35521,1.50,1.20
2011.02.25 14:05:33.338,1.35495,1.35521,1.50,1.20
2011.02.25 14:05:36.206,1.35495,1.35517,1.50,2.25
2011.02.25 14:05:36.546,1.35494,1.35517,1.50,2.25
2011.02.25 14:05:36.765,1.35495,1.35517,1.50,2.25
2011.02.25 14:05:37.319,1.3549,1.35513,1.50,2.25
2011.02.25 14:05:37.798,1.3549,1.35509,1.50,1.69
2011.02.25 14:05:37.912,1.3549,1.35512,1.50,1.50
2011.02.25 14:05:38.027,1.3549,1.35512,1.50,1.50
2011.02.25 14:05:38.356,1.35494,1.35512,1.50,1.50
2011.02.25 14:05:38.936,1.35493,1.35515,2.25,2.25
2011.02.25 14:05:39.047,1.35494,1.35515,1.50,1.50
2011.02.25 14:05:39.817,1.35495,1.35515,1.50,1.50
2011.02.25 14:05:39.926,1.35495,1.35517,1.50,1.95
2011.02.25 14:05:40.036,1.35495,1.35515,1.50,1.50
2011.02.25 14:05:40.587,1.35494,1.35515,2.40,2.25
2011.02.25 14:05:41.635,1.35492,1.35516,2.25,1.50
2011.02.25 14:05:42.010,1.35492,1.35513,2.25,1.50
2011.02.25 14:05:42.126,1.35492,1.35518,2.25,2.25
2011.02.25 14:05:42.873,1.35494,1.3552,1.50,2.25
2011.02.25 14:05:43.205,1.35499,1.3552,1.50,2.25
2011.02.25 14:05:44.085,1.35499,1.35519,1.50,1.69
2011.02.25 14:05:44.518,1.35492,1.35514,1.50,2.25
2011.02.25 14:05:44.738,1.35499,1.35517,1.50,1.50
2011.02.25 14:05:45.345,1.35499,1.35519,1.50,2.25
2011.02.25 14:05:46.276,1.355,1.35519,1.50,2.25
2011.02.25 14:05:46.856,1.35502,1.35518,2.40,1.50
2011.02.25 14:05:47.077,1.35502,1.35521,1.65,2.25
2011.02.25 14:05:47.436,1.35497,1.35521,2.59,2.25
2011.02.25 14:05:47.545,1.35497,1.3552,2.59,2.25
2011.02.25 14:05:48.105,1.35497,1.35517,1.65,2.25
2011.02.25 14:05:49.577,1.35497,1.35517,2.40,1.50
2011.02.25 14:05:49.795,1.35497,1.35517,2.40,2.25
2011.02.25 14:05:52.296,1.35497,1.35517,2.40,1.50
2011.02.25 14:05:52.798,1.35502,1.35519,1.65,2.25
2011.02.25 14:05:53.020,1.35507,1.35526,2.40,3.00
2011.02.25 14:05:53.140,1.35501,1.35526,4.28,2.25
2011.02.25 14:05:53.258,1.35501,1.35523,2.40,2.25
2011.02.25 14:05:53.590,1.35501,1.35522,1.65,1.20
2011.02.25 14:05:53.707,1.35501,1.35518,1.65,2.25
2011.02.25 14:05:53.926,1.35496,1.35514,2.40,1.50
2011.02.25 14:05:54.530,1.35496,1.35514,2.40,2.25
2011.02.25 14:05:56.187,1.35496,1.35514,2.40,1.50
2011.02.25 14:05:56.545,1.35496,1.35513,1.65,2.25
2011.02.25 14:05:56.662,1.35492,1.3551,3.15,1.50
2011.02.25 14:05:57.215,1.35492,1.3551,3.15,1.50
2011.02.25 14:05:57.436,1.35492,1.35516,3.15,2.70
2011.02.25 14:05:57.987,1.35492,1.35516,3.15,2.70
2011.02.25 14:05:58.097,1.35504,1.35516,1.65,1.20
2011.02.25 14:05:58.317,1.35504,1.35522,2.40,2.25
2011.02.25 14:05:58.866,1.35504,1.35524,1.65,2.25
2011.02.25 14:05:59.085,1.35504,1.35524,1.65,2.25
2011.02.25 14:05:59.307,1.35504,1.35523,2.40,2.25
2011.02.25 14:05:59.525,1.35504,1.35523,2.40,1.50
2011.02.25 14:05:59.807,1.35504,1.35523,1.65,2.25
2011.02.25 14:06:00.355,1.35504,1.35521,2.40,1.50
2011.02.25 14:06:00.917,1.35504,1.35521,1.65,2.25
2011.02.25 14:06:01.246,1.35501,1.35519,1.50,1.50
2011.02.25 14:06:01.846,1.35501,1.35523,1.50,2.25
2011.02.25 14:06:02.068,1.35501,1.35519,1.50,2.25
2011.02.25 14:06:02.715,1.355,1.35519,3.90,2.25
2011.02.25 14:06:04.065,1.355,1.35519,3.90,2.25
2011.02.25 14:06:04.477,1.35502,1.35519,1.50,1.50
2011.02.25 14:06:04.587,1.35503,1.35521,1.13,1.50
2011.02.25 14:06:05.136,1.355,1.35521,3.15,1.50
2011.02.25 14:06:05.355,1.35502,1.35521,1.50,2.25
2011.02.25 14:06:05.577,1.35506,1.35528,1.65,1.20
2011.02.25 14:06:05.797,1.35509,1.35535,1.50,1.20
2011.02.25 14:06:06.125,1.35508,1.35536,3.53,2.25
2011.02.25 14:06:06.236,1.35508,1.35536,3.53,2.25
2011.02.25 14:06:06.785,1.35507,1.35536,5.93,2.25
2011.02.25 14:06:07.666,1.35512,1.35537,2.40,1.20
2011.02.25 14:06:08.271,1.35513,1.35537,1.50,2.70
2011.02.25 14:06:08.381,1.35512,1.35537,1.50,2.70
2011.02.25 14:06:08.499,1.35512,1.35535,1.50,1.69
2011.02.25 14:06:08.717,1.35512,1.35531,1.50,2.44
2011.02.25 14:06:08.829,1.35505,1.35531,1.50,2.25
2011.02.25 14:06:09.376,1.35505,1.35529,1.50,2.25
2011.02.25 14:06:10.187,1.35506,1.35527,1.50,2.25
2011.02.25 14:06:10.515,1.35504,1.35527,2.25,2.25
2011.02.25 14:06:10.975,1.35506,1.3553,1.50,1.20
2011.02.25 14:06:12.695,1.35506,1.3553,1.50,1.20
2011.02.25 14:06:13.345,1.35506,1.3553,1.50,1.20
2011.02.25 14:06:13.760,1.35509,1.35533,1.50,1.20
2011.02.25 14:06:13.877,1.35509,1.35533,1.50,1.20
2011.02.25 14:06:14.098,1.35508,1.35533,1.50,1.39
2011.02.25 14:06:14.317,1.35509,1.35533,1.50,1.20
2011.02.25 14:06:14.538,1.35508,1.35533,1.50,1.20
2011.02.25 14:06:15.087,1.35514,1.35539,1.65,1.20
2011.02.25 14:06:15.636,1.35513,1.35539,1.50,2.70
2011.02.25 14:06:16.696,1.35513,1.35539,3.15,1.20
2011.02.25 14:06:17.196,1.35513,1.35539,3.15,1.20
2011.02.25 14:06:17.414,1.35513,1.35539,2.40,1.20
2011.02.25 14:06:18.579,1.35513,1.35539,2.40,1.20
2011.02.25 14:06:18.907,1.3553,1.35556,2.25,1.20
2011.02.25 14:06:19.016,1.35532,1.35556,1.50,1.20
2011.02.25 14:06:19.236,1.35532,1.35556,1.50,1.20
2011.02.25 14:06:19.565,1.35532,1.35556,1.13,1.20
2011.02.25 14:06:19.786,1.35532,1.35556,1.13,1.20
2011.02.25 14:06:20.377,1.35532,1.35556,3.90,1.20
2011.02.25 14:06:20.708,1.35531,1.35553,2.03,1.20
2011.02.25 14:06:20.929,1.35535,1.35553,2.78,1.20
2011.02.25 14:06:21.040,1.35535,1.35556,2.78,1.50
2011.02.25 14:06:21.156,1.35532,1.35557,3.53,1.20
2011.02.25 14:06:21.661,1.35532,1.35555,3.53,2.40
2011.02.25 14:06:21.775,1.35532,1.35555,3.53,2.40
2011.02.25 14:06:22.327,1.35531,1.35552,2.78,2.59
2011.02.25 14:06:22.548,1.35531,1.35549,2.78,1.69
2011.02.25 14:06:22.982,1.35525,1.35553,1.88,1.20
2011.02.25 14:06:23.205,1.3553,1.35552,2.78,2.40
2011.02.25 14:06:23.757,1.35529,1.35552,2.78,2.40
2011.02.25 14:06:24.086,1.35531,1.35552,2.78,2.40
2011.02.25 14:06:24.419,1.35527,1.35553,1.88,1.20
2011.02.25 14:06:24.525,1.35527,1.35553,4.65,1.20
2011.02.25 14:06:24.750,1.35528,1.35553,3.53,1.20
2011.02.25 14:06:25.309,1.35529,1.35556,1.50,1.20
2011.02.25 14:06:25.745,1.3553,1.35556,1.50,1.20
2011.02.25 14:06:25.965,1.3553,1.35556,1.50,1.20
2011.02.25 14:06:27.988,1.3553,1.35556,1.50,1.20
2011.02.25 14:06:28.440,1.3553,1.35552,1.50,2.40
2011.02.25 14:06:28.887,1.35533,1.35552,1.50,1.65
2011.02.25 14:06:28.995,1.35533,1.35559,1.50,2.85
2011.02.25 14:06:29.106,1.35533,1.35559,1.50,2.85
2011.02.25 14:06:29.655,1.3553,1.35555,1.50,1.20
2011.02.25 14:06:30.705,1.3553,1.35554,1.50,1.20
2011.02.25 14:06:31.036,1.3553,1.35554,1.50,1.20
2011.02.25 14:06:31.698,1.35533,1.35559,1.13,1.50
2011.02.25 14:06:32.306,1.35533,1.35557,1.13,1.20
2011.02.25 14:06:32.856,1.35533,1.35557,1.13,1.20
2011.02.25 14:06:33.746,1.35534,1.35559,1.88,2.70
2011.02.25 14:06:34.076,1.35534,1.35559,1.50,2.14
2011.02.25 14:06:34.479,1.35532,1.35556,1.88,3.04
2011.02.25 14:06:35.466,1.35532,1.35556,1.88,3.04
2011.02.25 14:06:36.016,1.35532,1.35556,1.88,3.04
2011.02.25 14:06:36.597,1.35532,1.35556,1.88,3.04
2011.02.25 14:06:37.146,1.35532,1.35555,1.88,2.40
2011.02.25 14:06:37.256,1.35533,1.35555,1.13,2.40
2011.02.25 14:06:37.807,1.35534,1.35555,2.25,2.40
2011.02.25 14:06:37.916,1.35535,1.35559,1.50,1.69
2011.02.25 14:06:38.860,1.35532,1.35555,1.88,2.40
2011.02.25 14:06:39.415,1.35533,1.35555,1.13,2.40
2011.02.25 14:06:40.186,1.35533,1.35555,1.13,2.40
2011.02.25 14:06:40.406,1.35533,1.35555,2.63,1.65
2011.02.25 14:06:40.737,1.35534,1.3556,1.13,1.95
2011.02.25 14:06:40.956,1.35534,1.35557,1.50,1.50
2011.02.25 14:06:41.176,1.35535,1.35555,1.50,1.65
2011.02.25 14:06:42.037,1.35536,1.35557,2.40,1.95
2011.02.25 14:06:42.367,1.3554,1.3556,2.44,1.50
2011.02.25 14:06:42.806,1.35539,1.35559,2.25,1.50
2011.02.25 14:06:43.246,1.3554,1.3556,2.25,1.50
2011.02.25 14:06:43.814,1.35541,1.35561,1.50,1.50
2011.02.25 14:06:44.146,1.35537,1.35558,1.50,1.50
2011.02.25 14:06:44.588,1.35533,1.35556,1.50,1.50
2011.02.25 14:06:44.696,1.35533,1.35556,1.50,1.50
2011.02.25 14:06:45.246,1.35533,1.35557,1.50,1.50
2011.02.25 14:06:46.136,1.35532,1.35557,1.50,1.50
2011.02.25 14:06:46.687,1.3553,1.35556,4.28,1.20
2011.02.25 14:06:46.797,1.3553,1.35556,1.50,1.20
2011.02.25 14:06:47.366,1.35533,1.35559,1.50,1.95
2011.02.25 14:06:47.479,1.35538,1.35559,1.50,1.50
2011.02.25 14:06:47.698,1.35538,1.35559,1.50,1.50
2011.02.25 14:06:47.809,1.35542,1.35559,1.65,1.50
2011.02.25 14:06:47.917,1.35538,1.35559,1.50,1.50
2011.02.25 14:06:48.497,1.35538,1.35557,1.50,1.50
2011.02.25 14:06:49.377,1.35538,1.35557,1.50,1.50
2011.02.25 14:06:50.125,1.35538,1.35558,1.50,1.50
2011.02.25 14:06:50.886,1.35538,1.35558,1.50,1.50
2011.02.25 14:06:52.326,1.35538,1.35558,1.50,1.50
2011.02.25 14:06:52.545,1.35537,1.35559,1.50,1.50
2011.02.25 14:06:55.355,1.35538,1.3556,1.50,1.50
2011.02.25 14:06:56.400,1.35538,1.3556,1.50,1.50
2011.02.25 14:06:57.728,1.35538,1.3556,1.50,1.50
2011.02.25 14:06:58.277,1.35538,1.3556,1.50,1.50
2011.02.25 14:06:59.027,1.35538,1.3556,1.50,1.50
2011.02.25 14:06:59.246,1.35538,1.3556,1.50,1.50
2011.02.25 14:06:59.795,1.35538,1.3556,1.50,1.50
2011.02.25 14:07:00.346,1.35538,1.3556,1.50,1.50
2011.02.25 14:07:00.458,1.35538,1.35558,1.50,1.50
2011.02.25 14:07:00.677,1.35532,1.35557,3.75,1.50
2011.02.25 14:07:01.006,1.35532,1.35557,1.50,1.50
2011.02.25 14:07:01.116,1.35531,1.35552,2.78,1.20
2011.02.25 14:07:01.227,1.35529,1.35552,2.25,1.20
2011.02.25 14:07:02.077,1.35528,1.35552,2.44,1.20
2011.02.25 14:07:02.929,1.35529,1.35555,1.50,1.20
2011.02.25 14:07:03.498,1.35529,1.35555,1.50,1.95
2011.02.25 14:07:03.716,1.35529,1.35555,1.50,1.95
2011.02.25 14:07:04.328,1.35529,1.35555,1.50,1.20
2011.02.25 14:07:04.992,1.35529,1.35555,1.50,1.95
2011.02.25 14:07:05.817,1.35529,1.35552,1.50,1.39
2011.02.25 14:07:05.929,1.35522,1.3555,1.50,3.60
2011.02.25 14:07:06.367,1.35525,1.35551,1.50,1.20
2011.02.25 14:07:06.477,1.35525,1.35551,1.50,1.20
2011.02.25 14:07:07.027,1.35522,1.35549,1.50,1.20
2011.02.25 14:07:07.437,1.35523,1.35547,2.25,1.20
2011.02.25 14:07:08.606,1.35522,1.35547,1.50,1.20
2011.02.25 14:07:08.717,1.35524,1.3555,1.50,2.85
2011.02.25 14:07:08.829,1.35524,1.35552,3.00,1.20
2011.02.25 14:07:09.436,1.35524,1.35552,3.00,1.20
2011.02.25 14:07:09.716,1.35524,1.35552,3.00,1.20
2011.02.25 14:07:10.156,1.35524,1.35552,3.00,1.20
2011.02.25 14:07:10.485,1.35524,1.35552,3.00,1.20
2011.02.25 14:07:11.335,1.35524,1.35552,3.00,1.20
2011.02.25 14:07:12.487,1.35531,1.35552,1.50,1.95
2011.02.25 14:07:12.816,1.35531,1.35552,2.25,1.20
2011.02.25 14:07:13.037,1.35535,1.35557,2.25,1.20
2011.02.25 14:07:13.367,1.35532,1.35556,2.25,1.20
2011.02.25 14:07:13.926,1.35532,1.35556,2.25,1.20
2011.02.25 14:07:14.257,1.35532,1.35556,2.25,1.20
2011.02.25 14:07:15.737,1.35532,1.35555,2.25,1.20
2011.02.25 14:07:16.329,1.35531,1.35556,1.50,1.95
2011.02.25 14:07:16.547,1.35531,1.35557,1.50,1.95
2011.02.25 14:07:16.986,1.35531,1.35557,1.50,2.70
2011.02.25 14:07:17.536,1.35531,1.35557,1.50,2.70
2011.02.25 14:07:18.086,1.35531,1.35555,1.50,1.20
2011.02.25 14:07:18.306,1.35531,1.35556,1.50,1.20
2011.02.25 14:07:18.746,1.35531,1.35556,1.50,1.95
2011.02.25 14:07:19.106,1.35531,1.35556,1.50,1.20
2011.02.25 14:07:19.325,1.35531,1.35556,1.50,1.20
2011.02.25 14:07:20.354,1.3553,1.35555,1.50,1.39
2011.02.25 14:07:20.746,1.3553,1.35555,1.50,3.04
2011.02.25 14:07:21.186,1.35532,1.35554,1.50,1.65
2011.02.25 14:07:21.297,1.35535,1.35557,2.59,1.20
2011.02.25 14:07:21.517,1.35541,1.3556,2.25,1.50
2011.02.25 14:07:21.626,1.35538,1.35559,1.50,1.20
2011.02.25 14:07:21.847,1.35535,1.35559,2.40,1.20
2011.02.25 14:07:21.956,1.35535,1.35556,1.65,1.50
2011.02.25 14:07:22.176,1.35531,1.35556,1.50,2.59
2011.02.25 14:07:22.507,1.3553,1.35556,1.50,3.34
2011.02.25 14:07:22.727,1.3553,1.35556,1.50,3.15
2011.02.25 14:07:24.186,1.3553,1.35556,1.50,1.50
2011.02.25 14:07:24.406,1.3553,1.35557,1.50,1.95
2011.02.25 14:07:24.956,1.35532,1.35556,2.59,1.50
2011.02.25 14:07:25.286,1.35535,1.35559,1.50,1.20
2011.02.25 14:07:25.786,1.35534,1.35556,3.34,1.50
2011.02.25 14:07:26.008,1.35534,1.35559,1.84,1.20
2011.02.25 14:07:27.046,1.35534,1.35558,2.59,1.20
2011.02.25 14:07:27.380,1.35534,1.35551,1.65,1.20
2011.02.25 14:07:27.498,1.35527,1.35552,1.69,1.20
2011.02.25 14:07:27.716,1.35527,1.35552,1.69,1.20
2011.02.25 14:07:28.045,1.35527,1.35552,1.69,1.20
2011.02.25 14:07:28.267,1.35527,1.35551,1.50,1.20
2011.02.25 14:07:28.486,1.35527,1.35551,1.50,1.20
2011.02.25 14:07:29.147,1.35527,1.35551,1.50,1.20
2011.02.25 14:07:29.662,1.35527,1.35552,3.00,1.20
2011.02.25 14:07:29.886,1.35531,1.35557,1.50,1.95
2011.02.25 14:07:30.217,1.35534,1.35557,1.50,1.50
2011.02.25 14:07:30.437,1.35535,1.35557,1.50,1.50
2011.02.25 14:07:30.876,1.35535,1.35557,1.50,1.50
2011.02.25 14:07:31.316,1.35533,1.35556,1.50,1.50
2011.02.25 14:07:31.428,1.35533,1.35555,2.25,1.20
2011.02.25 14:07:31.976,1.35531,1.35555,1.50,1.20
2011.02.25 14:07:32.307,1.3553,1.35555,1.50,1.39
2011.02.25 14:07:32.637,1.35529,1.35555,3.00,1.39
2011.02.25 14:07:33.185,1.35531,1.35554,1.50,2.59
2011.02.25 14:07:33.405,1.35529,1.35554,1.50,2.59
2011.02.25 14:07:34.953,1.35531,1.35554,1.50,2.40
2011.02.25 14:07:35.074,1.35531,1.35555,1.69,1.20
2011.02.25 14:07:35.297,1.35528,1.35555,1.50,1.20
2011.02.25 14:07:35.406,1.35533,1.35555,1.65,1.20
2011.02.25 14:07:35.518,1.35528,1.35546,1.50,2.40
2011.02.25 14:07:35.740,1.35526,1.35546,1.50,2.40
2011.02.25 14:07:35.966,1.35524,1.35552,1.50,1.20
2011.02.25 14:07:36.517,1.35525,1.35552,1.50,1.20
2011.02.25 14:07:36.966,1.35525,1.35547,1.50,1.69
2011.02.25 14:07:37.186,1.35521,1.35545,1.50,1.39
2011.02.25 14:07:37.296,1.35519,1.35545,2.25,1.39
2011.02.25 14:07:38.240,1.35517,1.35543,1.50,1.20
2011.02.25 14:07:38.358,1.35517,1.35543,1.50,2.85
2011.02.25 14:07:38.686,1.35517,1.35543,1.50,2.85
2011.02.25 14:07:39.162,1.3552,1.35543,1.50,2.40
2011.02.25 14:07:39.718,1.35517,1.35541,1.50,1.20
2011.02.25 14:07:39.941,1.35516,1.35541,1.50,1.20
2011.02.25 14:07:40.169,1.35516,1.35541,1.50,1.20
2011.02.25 14:07:40.278,1.35516,1.35539,1.50,1.69
2011.02.25 14:07:40.499,1.35512,1.35536,1.50,1.20
2011.02.25 14:07:41.048,1.35509,1.35536,1.50,1.20
2011.02.25 14:07:41.266,1.35504,1.3553,1.50,1.20
2011.02.25 14:07:42.036,1.35504,1.35531,1.50,1.20
2011.02.25 14:07:42.585,1.35507,1.3553,2.40,1.20
2011.02.25 14:07:43.580,1.35507,1.3553,1.65,1.20
2011.02.25 14:07:43.697,1.35507,1.35523,1.65,1.20
2011.02.25 14:07:44.099,1.35497,1.35521,3.34,1.20
2011.02.25 14:07:44.427,1.35502,1.35523,1.69,1.20
2011.02.25 14:07:44.540,1.35506,1.35526,1.50,1.50
2011.02.25 14:07:44.648,1.35505,1.35528,1.50,5.18
2011.02.25 14:07:44.977,1.355,1.35527,1.50,1.95
2011.02.25 14:07:45.525,1.355,1.35526,1.50,1.20
2011.02.25 14:07:45.707,1.355,1.35526,1.50,1.20
2011.02.25 14:07:46.796,1.35499,1.35526,1.50,1.20
2011.02.25 14:07:47.677,1.35495,1.35522,1.69,1.20
2011.02.25 14:07:47.786,1.35501,1.35527,1.50,1.20
2011.02.25 14:07:48.342,1.355,1.35521,1.50,2.40
2011.02.25 14:07:48.859,1.35501,1.35527,1.50,1.20
2011.02.25 14:07:49.747,1.35501,1.35525,1.50,5.18
2011.02.25 14:07:50.091,1.355,1.35525,1.50,5.18
2011.02.25 14:07:50.209,1.35496,1.3552,2.25,1.13
2011.02.25 14:07:50.427,1.35491,1.3552,1.50,2.78
2011.02.25 14:07:50.867,1.35491,1.35519,1.50,1.20
2011.02.25 14:07:51.088,1.35496,1.3552,4.28,2.78
2011.02.25 14:07:51.197,1.35497,1.35521,2.40,1.13
2011.02.25 14:07:51.749,1.35497,1.35521,5.18,1.13
2011.02.25 14:07:52.187,1.35497,1.35521,3.53,2.78
2011.02.25 14:07:52.406,1.35497,1.35521,3.53,1.13
2011.02.25 14:07:52.516,1.35496,1.35521,1.50,1.13
2011.02.25 14:07:53.044,1.35495,1.35517,3.53,1.20
2011.02.25 14:07:53.163,1.35495,1.35516,3.53,1.20
2011.02.25 14:07:53.390,1.35496,1.3552,1.50,1.13
2011.02.25 14:07:53.945,1.35496,1.3552,1.50,1.13
2011.02.25 14:07:54.625,1.35496,1.3552,1.50,1.13
2011.02.25 14:07:54.845,1.35496,1.3552,1.50,1.13
2011.02.25 14:07:56.127,1.35496,1.35521,1.50,1.58
2011.02.25 14:07:56.346,1.35498,1.35521,3.53,1.58
2011.02.25 14:07:56.677,1.35497,1.35522,2.40,1.58
2011.02.25 14:07:57.226,1.35501,1.35523,1.50,1.13
2011.02.25 14:07:57.740,1.35501,1.35523,1.50,1.13
2011.02.25 14:07:57.966,1.35501,1.35526,1.50,1.20
2011.02.25 14:07:58.516,1.35503,1.35525,1.50,1.13
2011.02.25 14:07:58.626,1.355,1.35525,3.53,1.13
2011.02.25 14:07:58.846,1.35498,1.35525,1.50,1.13
2011.02.25 14:07:59.396,1.35499,1.35528,1.50,2.33
2011.02.25 14:08:00.122,1.35498,1.35527,3.53,1.58
2011.02.25 14:08:00.565,1.35498,1.35527,1.50,1.58
2011.02.25 14:08:00.896,1.35501,1.35525,1.50,1.58
2011.02.25 14:08:01.116,1.35498,1.35525,2.25,1.58
2011.02.25 14:08:01.558,1.35498,1.35525,4.28,1.58
2011.02.25 14:08:02.148,1.35496,1.35522,3.72,1.50
2011.02.25 14:08:02.257,1.35497,1.3552,1.84,1.20
2011.02.25 14:08:02.367,1.35497,1.3552,2.59,1.20
2011.02.25 14:08:02.915,1.35499,1.35523,1.50,1.20
2011.02.25 14:08:03.135,1.35499,1.35523,1.50,1.20
2011.02.25 14:08:03.465,1.35499,1.35523,1.50,1.20
2011.02.25 14:08:03.967,1.35499,1.35523,1.50,1.20
2011.02.25 14:08:04.516,1.35499,1.35523,1.50,1.20
2011.02.25 14:08:04.856,1.35499,1.35523,1.50,1.20
2011.02.25 14:08:06.716,1.35499,1.35523,1.50,1.20
2011.02.25 14:08:07.427,1.35497,1.35521,3.34,1.20
2011.02.25 14:08:08.235,1.35497,1.3552,2.59,1.20
2011.02.25 14:08:08.638,1.35501,1.3552,1.69,1.20
2011.02.25 14:08:08.858,1.35516,1.35531,2.40,1.50
2011.02.25 14:08:08.968,1.35508,1.35531,1.69,2.25
2011.02.25 14:08:09.188,1.35509,1.3553,2.59,1.13
2011.02.25 14:08:09.406,1.35505,1.35531,1.69,1.13
2011.02.25 14:08:10.007,1.35511,1.35531,1.65,1.13
2011.02.25 14:08:10.226,1.35504,1.3553,2.40,1.13
2011.02.25 14:08:10.887,1.35505,1.35531,1.50,1.13
2011.02.25 14:08:11.326,1.35507,1.35531,1.50,1.13
2011.02.25 14:08:11.875,1.35507,1.35531,1.50,1.13
2011.02.25 14:08:12.378,1.35508,1.35531,1.50,1.13
2011.02.25 14:08:12.706,1.35509,1.3553,2.25,1.13
2011.02.25 14:08:13.476,1.35511,1.3553,1.50,1.13
2011.02.25 14:08:13.696,1.35511,1.3553,1.69,1.13
2011.02.25 14:08:14.028,1.35514,1.35536,1.50,2.25
2011.02.25 14:08:14.466,1.35514,1.35536,1.50,2.25
2011.02.25 14:08:14.686,1.35514,1.35536,1.50,2.25
2011.02.25 14:08:15.598,1.35516,1.35537,1.50,3.00
2011.02.25 14:08:16.165,1.35517,1.35536,1.50,2.25
2011.02.25 14:08:16.279,1.3552,1.35536,2.59,2.25
2011.02.25 14:08:16.386,1.3552,1.35543,2.59,2.70
2011.02.25 14:08:16.937,1.35522,1.35547,1.50,1.13
2011.02.25 14:08:17.047,1.35524,1.35547,3.15,1.13
2011.02.25 14:08:17.836,1.35528,1.35546,1.50,1.13
2011.02.25 14:08:18.280,1.3553,1.35546,1.50,1.13
2011.02.25 14:08:18.398,1.35525,1.35547,1.50,1.13
2011.02.25 14:08:18.726,1.35527,1.3555,2.40,1.13
2011.02.25 14:08:19.385,1.35527,1.3555,2.40,1.13
2011.02.25 14:08:20.156,1.35527,1.35551,3.15,1.58
2011.02.25 14:08:20.377,1.35532,1.35551,2.59,1.20
2011.02.25 14:08:20.488,1.35532,1.35555,1.65,1.20
2011.02.25 14:08:20.705,1.35528,1.35552,1.50,3.53
2011.02.25 14:08:21.365,1.35528,1.35552,1.50,3.53
2011.02.25 14:08:21.476,1.35528,1.35552,1.50,3.53
2011.02.25 14:08:21.916,1.35525,1.35548,1.69,1.13
2011.02.25 14:08:22.026,1.35528,1.35548,1.50,1.13
2011.02.25 14:08:22.465,1.35526,1.35549,3.15,1.13
2011.02.25 14:08:23.305,1.35529,1.35554,1.69,1.95
2011.02.25 14:08:23.416,1.35532,1.35554,2.40,1.20
2011.02.25 14:08:23.526,1.35532,1.35555,2.40,1.50
2011.02.25 14:08:23.746,1.35528,1.35554,1.50,3.53
2011.02.25 14:08:23.856,1.35526,1.35556,3.90,3.98
2011.02.25 14:08:24.515,1.35527,1.35554,1.50,3.53
2011.02.25 14:08:25.086,1.35528,1.35554,2.44,3.53
2011.02.25 14:08:25.306,1.35532,1.35554,2.59,3.53
2011.02.25 14:08:25.416,1.35532,1.35557,1.84,3.45
2011.02.25 14:08:25.975,1.35532,1.35556,2.59,3.00
2011.02.25 14:08:26.768,1.3554,1.35556,1.69,2.25
2011.02.25 14:08:27.207,1.35537,1.35557,3.15,1.50
2011.02.25 14:08:27.317,1.35534,1.35557,1.50,1.50
2011.02.25 14:08:27.426,1.35532,1.35557,2.40,1.50
2011.02.25 14:08:27.757,1.35531,1.35555,1.50,3.53
2011.02.25 14:08:27.975,1.35526,1.35549,1.50,1.13
2011.02.25 14:08:28.887,1.35526,1.35549,1.69,1.13
2011.02.25 14:08:28.997,1.3553,1.35548,1.50,1.13
2011.02.25 14:08:30.528,1.3553,1.35554,1.50,2.59
2011.02.25 14:08:30.747,1.3553,1.35554,1.50,2.97
2011.02.25 14:08:31.529,1.3553,1.35554,1.50,1.13
2011.02.25 14:08:31.858,1.35525,1.35553,1.50,5.63
2011.02.25 14:08:32.186,1.35524,1.3555,1.50,1.20
2011.02.25 14:08:32.410,1.35517,1.35547,4.28,3.72
2011.02.25 14:08:32.747,1.35519,1.3554,1.50,1.13
2011.02.25 14:08:33.299,1.3552,1.35545,1.69,1.20
2011.02.25 14:08:33.848,1.35524,1.3554,1.65,1.20
2011.02.25 14:08:34.176,1.35515,1.3554,1.50,1.20
2011.02.25 14:08:35.559,1.35515,1.3554,1.50,1.20
2011.02.25 14:08:35.671,1.35523,1.35548,1.50,2.40
2011.02.25 14:08:35.899,1.35527,1.35551,1.84,1.13
2011.02.25 14:08:36.118,1.35526,1.35551,1.50,1.13
2011.02.25 14:08:36.448,1.35526,1.35548,1.50,2.59
2011.02.25 14:08:36.888,1.35522,1.35548,1.50,2.59
2011.02.25 14:08:37.109,1.35523,1.35548,1.69,2.85
2011.02.25 14:08:37.560,1.35527,1.35547,1.65,3.53
2011.02.25 14:08:37.895,1.35517,1.35545,2.44,1.20
2011.02.25 14:08:38.008,1.35516,1.35544,3.34,1.20
2011.02.25 14:08:38.337,1.35516,1.35541,1.84,1.20
2011.02.25 14:08:39.009,1.35516,1.35541,1.84,1.20
2011.02.25 14:08:39.226,1.35517,1.35541,1.02,1.20
2011.02.25 14:08:39.746,1.35515,1.35539,2.40,1.20
2011.02.25 14:08:40.082,1.35517,1.35535,1.65,1.13
2011.02.25 14:08:40.196,1.35517,1.35535,1.65,1.13
2011.02.25 14:08:40.420,1.35511,1.35535,1.50,1.13
2011.02.25 14:08:40.647,1.35507,1.35533,1.50,1.13
2011.02.25 14:08:40.758,1.35505,1.35533,1.50,1.13
2011.02.25 14:08:40.977,1.35505,1.35533,1.50,1.13
2011.02.25 14:08:41.197,1.35505,1.35533,3.15,1.13
2011.02.25 14:08:41.526,1.35508,1.35533,2.78,1.13
2011.02.25 14:08:41.636,1.35505,1.35533,3.15,1.13
2011.02.25 14:08:42.188,1.35506,1.35533,1.69,1.13
2011.02.25 14:08:42.517,1.35511,1.35534,2.40,1.13
2011.02.25 14:08:43.286,1.3551,1.35533,1.50,1.13
2011.02.25 14:08:43.998,1.3551,1.35533,1.50,1.13
2011.02.25 14:08:44.109,1.35506,1.35533,1.50,1.20
2011.02.25 14:08:44.547,1.35503,1.35533,3.34,1.58
2011.02.25 14:08:44.768,1.35502,1.35528,1.50,1.20
2011.02.25 14:08:45.206,1.35503,1.35528,1.69,1.20
2011.02.25 14:08:45.318,1.35511,1.35529,2.59,1.20
2011.02.25 14:08:45.538,1.35517,1.35533,1.65,1.13
2011.02.25 14:08:45.887,1.35517,1.35533,1.65,1.13
2011.02.25 14:08:46.326,1.35517,1.35533,1.65,1.13
2011.02.25 14:08:46.976,1.35517,1.35533,1.65,1.13
2011.02.25 14:08:47.198,1.35514,1.35533,1.50,1.13
2011.02.25 14:08:47.637,1.35515,1.35534,1.50,1.13
2011.02.25 14:08:47.858,1.35515,1.35534,1.65,1.13
2011.02.25 14:08:48.297,1.35512,1.35534,2.78,1.32
2011.02.25 14:08:48.831,1.35502,1.35527,1.69,1.20
2011.02.25 14:08:48.949,1.35511,1.35527,1.65,1.20
2011.02.25 14:08:49.389,1.355,1.35527,5.03,3.04
2011.02.25 14:08:49.497,1.355,1.35521,1.69,2.78
2011.02.25 14:08:49.937,1.355,1.35522,3.34,1.13
2011.02.25 14:08:50.597,1.35498,1.35521,2.25,1.13
2011.02.25 14:08:51.149,1.35504,1.35524,2.40,1.13
2011.02.25 14:08:51.600,1.35501,1.35525,4.28,1.13
2011.02.25 14:08:52.155,1.355,1.35525,1.50,1.13
2011.02.25 14:08:52.707,1.355,1.35525,2.25,1.13
2011.02.25 14:08:52.927,1.355,1.35525,1.69,1.13
2011.02.25 14:08:53.476,1.35503,1.35525,1.50,1.13
2011.02.25 14:08:53.696,1.35503,1.35525,1.50,1.13
2011.02.25 14:08:53.916,1.35503,1.35524,3.15,1.13
2011.02.25 14:08:54.246,1.355,1.35525,1.69,1.13
2011.02.25 14:08:54.356,1.35505,1.35525,1.65,1.13
2011.02.25 14:08:54.695,1.35506,1.35525,1.50,1.13
2011.02.25 14:08:55.026,1.35505,1.35524,1.50,1.13
2011.02.25 14:08:55.360,1.35501,1.35525,2.25,1.13
2011.02.25 14:08:55.479,1.35497,1.35523,4.28,1.20
2011.02.25 14:08:55.697,1.35497,1.35522,2.78,1.20
2011.02.25 14:08:56.027,1.35497,1.35517,2.78,2.40
2011.02.25 14:08:56.336,1.35491,1.35518,1.50,3.53
2011.02.25 14:08:56.886,1.35493,1.3552,1.50,1.20
2011.02.25 14:08:56.996,1.35492,1.35519,1.50,1.20
2011.02.25 14:08:57.606,1.35491,1.35519,1.50,1.20
2011.02.25 14:08:58.116,1.3549,1.35515,1.50,1.20
2011.02.25 14:08:58.776,1.35489,1.35515,1.50,1.20
2011.02.25 14:08:59.436,1.35494,1.3552,1.50,1.20
2011.02.25 14:08:59.986,1.35493,1.3552,1.50,5.63
2011.02.25 14:09:00.595,1.35492,1.3552,2.25,5.63
2011.02.25 14:09:01.037,1.35494,1.35516,1.50,1.13
2011.02.25 14:09:01.257,1.35493,1.35517,2.40,1.13
2011.02.25 14:09:02.767,1.35492,1.35517,1.50,1.13
2011.02.25 14:09:02.986,1.35487,1.35514,1.50,1.20
2011.02.25 14:09:03.206,1.3549,1.35514,3.15,1.20
2011.02.25 14:09:03.756,1.3549,1.35515,3.15,1.20
2011.02.25 14:09:04.087,1.35488,1.35511,1.50,2.40
2011.02.25 14:09:04.636,1.35486,1.35506,1.50,1.13
2011.02.25 14:09:04.856,1.35491,1.35516,3.90,3.90
2011.02.25 14:09:04.966,1.35493,1.35516,1.50,1.13
2011.02.25 14:09:05.077,1.35493,1.35517,1.69,1.58
2011.02.25 14:09:05.407,1.355,1.35523,1.50,1.58
2011.02.25 14:09:05.735,1.35505,1.35518,2.40,1.13
2011.02.25 14:09:06.067,1.35505,1.35518,2.40,1.13
2011.02.25 14:09:06.774,1.35504,1.35518,1.50,1.13
2011.02.25 14:09:06.894,1.35496,1.35518,1.69,1.13
2011.02.25 14:09:07.226,1.35494,1.35516,2.40,1.13
2011.02.25 14:09:07.448,1.35491,1.35515,3.53,1.13
2011.02.25 14:09:07.887,1.35486,1.35508,3.15,1.20
2011.02.25 14:09:08.146,1.35487,1.35508,1.84,1.20
2011.02.25 14:09:08.699,1.35482,1.35504,1.50,1.13
2011.02.25 14:09:08.915,1.35482,1.35504,1.50,1.13
2011.02.25 14:09:09.506,1.35482,1.35504,1.50,1.13
2011.02.25 14:09:10.389,1.35485,1.35504,1.50,1.13
2011.02.25 14:09:10.716,1.35485,1.35504,1.50,1.13
2011.02.25 14:09:11.447,1.35481,1.355,2.25,1.13
2011.02.25 14:09:11.667,1.35479,1.355,1.50,1.13
2011.02.25 14:09:14.597,1.35479,1.35502,1.50,1.50
2011.02.25 14:09:15.286,1.35479,1.35502,1.50,1.50
2011.02.25 14:09:15.399,1.35479,1.35498,1.50,1.13
2011.02.25 14:09:15.509,1.3548,1.35498,1.69,1.13
2011.02.25 14:09:15.618,1.3548,1.35503,1.69,1.13
2011.02.25 14:09:15.837,1.35479,1.35499,3.15,1.13
2011.02.25 14:09:16.060,1.35469,1.35493,1.50,1.20
2011.02.25 14:09:16.617,1.35468,1.35493,1.50,1.20
2011.02.25 14:09:16.836,1.35465,1.35489,4.28,1.20
2011.02.25 14:09:17.618,1.35464,1.35489,1.50,1.20
2011.02.25 14:09:17.731,1.35461,1.35487,1.50,1.20
2011.02.25 14:09:18.536,1.35461,1.35483,1.50,1.13
2011.02.25 14:09:18.866,1.35461,1.35484,1.50,1.13
2011.02.25 14:09:20.356,1.3546,1.35482,2.25,1.13
2011.02.25 14:09:20.687,1.3547,1.35487,2.78,1.50
2011.02.25 14:09:20.797,1.35467,1.35488,1.50,2.40
2011.02.25 14:09:22.817,1.35467,1.35491,1.50,1.20
2011.02.25 14:09:23.036,1.35467,1.35491,1.50,1.20
2011.02.25 14:09:24.106,1.35467,1.35493,1.69,2.33
2011.02.25 14:09:24.656,1.35472,1.35493,1.50,1.13
2011.02.25 14:09:25.257,1.35465,1.35487,1.50,1.65
2011.02.25 14:09:25.967,1.35468,1.35487,1.50,1.65
2011.02.25 14:09:26.077,1.35468,1.35491,1.50,1.50
2011.02.25 14:09:26.186,1.35468,1.35492,1.50,1.95
2011.02.25 14:09:26.735,1.35473,1.35493,1.50,1.13
2011.02.25 14:09:27.287,1.35471,1.35493,1.50,1.13
2011.02.25 14:09:27.400,1.3547,1.35492,1.50,1.13
2011.02.25 14:09:27.627,1.35463,1.35484,2.73,2.78
2011.02.25 14:09:27.956,1.35463,1.3548,2.73,2.78
2011.02.25 14:09:28.178,1.35464,1.35489,2.40,1.95
2011.02.25 14:09:28.492,1.35463,1.35487,1.98,1.20
2011.02.25 14:09:28.722,1.35463,1.35486,2.73,1.69
2011.02.25 14:09:29.060,1.35463,1.3548,1.98,4.80
2011.02.25 14:09:29.397,1.35464,1.35481,1.98,3.98
2011.02.25 14:09:29.947,1.35464,1.3548,1.98,1.58
2011.02.25 14:09:30.396,1.35464,1.3548,1.23,1.58
2011.02.25 14:09:30.618,1.35464,1.35477,1.38,3.53
2011.02.25 14:09:30.839,1.35451,1.35473,1.50,1.20
2011.02.25 14:09:30.949,1.35451,1.35477,1.50,2.33
2011.02.25 14:09:31.166,1.35454,1.35477,1.50,2.33
2011.02.25 14:09:31.498,1.35464,1.35484,2.40,2.78
2011.02.25 14:09:31.606,1.35464,1.35492,2.40,5.70
2011.02.25 14:09:32.167,1.3546,1.35487,1.50,1.58
2011.02.25 14:09:32.281,1.3546,1.35487,1.50,1.58
2011.02.25 14:09:32.617,1.35456,1.35483,1.50,2.85
2011.02.25 14:09:32.728,1.35454,1.3548,5.18,1.58
2011.02.25 14:09:33.283,1.35455,1.35481,1.69,2.70
2011.02.25 14:09:33.836,1.35458,1.35481,1.50,2.25
2011.02.25 14:09:34.386,1.35457,1.35478,1.50,2.22
2011.02.25 14:09:34.716,1.35452,1.35476,1.50,1.13
2011.02.25 14:09:35.047,1.35448,1.35476,1.69,1.58
2011.02.25 14:09:35.157,1.35449,1.35476,1.69,1.58
2011.02.25 14:09:35.266,1.35451,1.35477,3.53,1.58
2011.02.25 14:09:35.816,1.35453,1.35478,1.50,1.13
2011.02.25 14:09:35.928,1.35456,1.35478,1.50,1.13
2011.02.25 14:09:36.501,1.35457,1.3548,2.44,1.13
2011.02.25 14:09:36.841,1.35462,1.35482,1.50,1.13
2011.02.25 14:09:37.177,1.35462,1.35487,1.50,2.85
2011.02.25 14:09:38.056,1.35462,1.35487,1.50,1.20
2011.02.25 14:09:38.607,1.35468,1.35487,2.40,1.20
2011.02.25 14:09:38.938,1.35459,1.35483,1.50,1.20
2011.02.25 14:09:39.486,1.35459,1.35484,1.50,2.14
2011.02.25 14:09:39.818,1.35462,1.35481,1.50,2.25
2011.02.25 14:09:40.149,1.3546,1.35481,1.50,2.63
2011.02.25 14:09:40.257,1.35459,1.35481,1.50,2.63
2011.02.25 14:09:41.230,1.35456,1.35481,1.50,2.33
2011.02.25 14:09:41.568,1.35457,1.35482,2.40,2.63
2011.02.25 14:09:41.678,1.35457,1.35482,2.40,1.88
2011.02.25 14:09:42.008,1.35466,1.35482,1.65,1.88
2011.02.25 14:09:42.340,1.35462,1.35488,2.40,1.20
2011.02.25 14:09:42.458,1.35461,1.35489,1.50,2.10
2011.02.25 14:09:42.568,1.35461,1.35488,1.50,1.39
2011.02.25 14:09:42.680,1.3546,1.35483,1.69,1.13
2011.02.25 14:09:43.016,1.35464,1.35486,2.40,1.20
2011.02.25 14:09:43.566,1.35464,1.35487,5.18,1.20
2011.02.25 14:09:44.118,1.35469,1.35487,1.69,1.20
2011.02.25 14:09:44.447,1.35477,1.35501,1.50,1.13
2011.02.25 14:09:44.556,1.35477,1.35503,1.50,3.08
2011.02.25 14:09:45.015,1.35477,1.35501,1.50,2.25
2011.02.25 14:09:45.470,1.35477,1.35501,1.50,1.50
2011.02.25 14:09:45.586,1.35481,1.35502,2.40,1.13
2011.02.25 14:09:46.136,1.35481,1.35502,2.40,1.13
2011.02.25 14:09:46.907,1.35481,1.35505,1.50,1.13
2011.02.25 14:09:47.239,1.35481,1.35503,1.50,1.13
2011.02.25 14:09:47.675,1.35481,1.35503,1.50,1.13
2011.02.25 14:09:48.007,1.35481,1.35505,3.15,1.13
2011.02.25 14:09:48.447,1.35482,1.35509,3.53,1.95
2011.02.25 14:09:48.556,1.35485,1.35509,1.50,1.95
2011.02.25 14:09:48.997,1.35484,1.35512,1.50,2.25
2011.02.25 14:09:49.216,1.3549,1.35512,1.50,1.50
2011.02.25 14:09:50.126,1.35491,1.35511,1.50,1.50
2011.02.25 14:09:50.457,1.35492,1.35518,1.50,2.70
2011.02.25 14:09:51.007,1.35498,1.35516,2.40,1.13
2011.02.25 14:09:51.226,1.35498,1.35519,1.65,1.20
2011.02.25 14:09:51.446,1.35498,1.3552,2.40,1.20
2011.02.25 14:09:51.996,1.35497,1.35521,2.40,1.58
2011.02.25 14:09:52.805,1.35499,1.35521,1.50,1.13
2011.02.25 14:09:53.574,1.35499,1.3552,1.50,1.13
2011.02.25 14:09:54.126,1.35499,1.3552,1.50,1.13
2011.02.25 14:09:54.709,1.35499,1.35521,1.69,1.13
2011.02.25 14:09:55.037,1.35504,1.35528,1.50,1.95
2011.02.25 14:09:55.257,1.35504,1.35528,1.50,1.20
2011.02.25 14:09:55.900,1.35502,1.35524,1.50,1.58
2011.02.25 14:09:56.010,1.35498,1.35521,3.53,1.13
2011.02.25 14:09:56.347,1.35503,1.3552,1.65,1.13
2011.02.25 14:09:56.679,1.35509,1.35527,2.40,1.50
2011.02.25 14:09:56.787,1.35509,1.35527,1.65,1.13
2011.02.25 14:09:57.007,1.35506,1.35529,2.78,2.33
2011.02.25 14:09:57.226,1.35504,1.35529,2.78,2.33
2011.02.25 14:09:57.775,1.35501,1.35527,2.44,1.58
2011.02.25 14:09:59.056,1.35502,1.35526,1.50,1.13
2011.02.25 14:09:59.387,1.35496,1.35524,3.19,1.95
2011.02.25 14:09:59.717,1.35498,1.35526,2.40,4.65
2011.02.25 14:09:59.936,1.355,1.35526,1.50,2.63
2011.02.25 14:10:00.428,1.355,1.35526,1.50,2.63
2011.02.25 14:10:01.735,1.355,1.35527,1.50,3.08
2011.02.25 14:10:02.936,1.35503,1.35527,1.65,2.70
2011.02.25 14:10:03.046,1.35503,1.35526,2.40,1.50
2011.02.25 14:10:03.267,1.35502,1.35527,3.53,2.70
2011.02.25 14:10:03.376,1.35502,1.35527,3.53,1.95
2011.02.25 14:10:03.705,1.35502,1.35526,3.53,1.50
2011.02.25 14:10:04.365,1.35503,1.35527,5.18,2.70
2011.02.25 14:10:04.627,1.35503,1.35526,4.43,2.25
2011.02.25 14:10:04.847,1.35503,1.35526,5.18,1.50
2011.02.25 14:10:05.416,1.35505,1.35527,1.50,2.25
2011.02.25 14:10:05.747,1.35503,1.35523,2.25,2.40
2011.02.25 14:10:05.968,1.35499,1.35523,2.25,2.40
2011.02.25 14:10:06.476,1.35496,1.35522,1.50,1.20
2011.02.25 14:10:07.767,1.35496,1.35522,1.69,1.20
2011.02.25 14:10:07.986,1.35497,1.35522,2.59,1.20
2011.02.25 14:10:08.227,1.35497,1.35522,2.59,1.20
2011.02.25 14:10:08.447,1.35497,1.35522,2.59,1.20
2011.02.25 14:10:09.326,1.35497,1.35522,2.59,1.20
2011.02.25 14:10:09.925,1.35497,1.35522,2.59,1.20
2011.02.25 14:10:10.246,1.35497,1.35522,2.59,1.20
2011.02.25 14:10:11.155,1.35497,1.35522,1.65,1.20
2011.02.25 14:10:11.705,1.35496,1.3552,1.50,1.13
2011.02.25 14:10:14.383,1.35501,1.35524,1.84,1.13
2011.02.25 14:10:14.497,1.35501,1.35526,2.59,1.20
2011.02.25 14:10:14.830,1.35505,1.35526,3.53,1.20
2011.02.25 14:10:15.388,1.35503,1.35526,3.53,1.20
2011.02.25 14:10:15.608,1.355,1.35525,3.53,1.13
2011.02.25 14:10:15.936,1.35498,1.35522,4.28,1.13
2011.02.25 14:10:16.159,1.355,1.35522,1.50,2.40
2011.02.25 14:10:16.376,1.35498,1.35525,1.50,1.13
2011.02.25 14:10:16.707,1.355,1.35523,1.50,1.13
2011.02.25 14:10:17.316,1.35503,1.35523,3.53,1.13
2011.02.25 14:10:19.096,1.35503,1.35523,2.78,1.13
2011.02.25 14:10:19.427,1.355,1.35525,2.40,1.13
2011.02.25 14:10:19.537,1.355,1.35526,5.93,1.58
2011.02.25 14:10:19.867,1.35498,1.35525,2.25,1.13
2011.02.25 14:10:20.387,1.35498,1.35522,1.50,1.13
2011.02.25 14:10:20.902,1.35498,1.35522,2.25,1.50
2011.02.25 14:10:21.022,1.35497,1.35521,1.50,1.20
2011.02.25 14:10:21.249,1.35497,1.35521,1.50,1.20
2011.02.25 14:10:21.577,1.35496,1.35519,2.40,1.95
2011.02.25 14:10:21.907,1.355,1.35522,1.50,1.95
2011.02.25 14:10:22.238,1.35497,1.35521,1.50,3.72
2011.02.25 14:10:22.457,1.35499,1.35517,1.50,1.84
2011.02.25 14:10:22.680,1.355,1.35522,1.50,1.58
2011.02.25 14:10:23.017,1.35502,1.35522,1.50,1.13
2011.02.25 14:10:23.406,1.35502,1.35522,1.50,1.13
2011.02.25 14:10:23.736,1.35502,1.35522,3.15,1.13
2011.02.25 14:10:24.066,1.35502,1.35521,3.15,1.13
2011.02.25 14:10:24.175,1.35502,1.35521,3.15,1.13
2011.02.25 14:10:24.733,1.35499,1.35521,1.50,1.13
2011.02.25 14:10:25.066,1.35499,1.35521,1.50,1.13
2011.02.25 14:10:25.291,1.35499,1.35521,4.28,1.13
2011.02.25 14:10:25.848,1.35499,1.35521,3.15,1.13
2011.02.25 14:10:26.066,1.35497,1.35521,2.25,1.13
2011.02.25 14:10:27.066,1.35499,1.35521,1.50,1.13
2011.02.25 14:10:27.626,1.35497,1.35521,2.25,1.13
2011.02.25 14:10:28.078,1.35497,1.35521,2.25,1.13
2011.02.25 14:10:28.297,1.35497,1.35521,2.25,1.13
2011.02.25 14:10:28.846,1.35498,1.35521,2.25,1.13
2011.02.25 14:10:29.624,1.35498,1.35521,5.03,1.13
2011.02.25 14:10:30.767,1.35499,1.35526,1.50,2.70
2011.02.25 14:10:30.876,1.35498,1.35525,2.25,1.13
2011.02.25 14:10:31.496,1.355,1.35525,1.50,1.13
2011.02.25 14:10:31.828,1.35502,1.35525,1.69,1.13
2011.02.25 14:10:32.365,1.35506,1.35525,2.40,1.13
2011.02.25 14:10:32.482,1.35501,1.35523,1.65,1.20
2011.02.25 14:10:32.817,1.35501,1.35523,2.40,1.20
2011.02.25 14:10:33.765,1.35501,1.35525,2.40,1.58
2011.02.25 14:10:34.206,1.35505,1.35527,2.40,1.58
2011.02.25 14:10:34.316,1.35505,1.35525,2.40,1.13
2011.02.25 14:10:34.865,1.35505,1.35524,2.40,1.13
2011.02.25 14:10:35.196,1.35501,1.35525,2.59,1.58
2011.02.25 14:10:35.780,1.35498,1.35525,1.88,1.58
2011.02.25 14:10:36.118,1.35506,1.35525,1.50,1.13
2011.02.25 14:10:36.560,1.35505,1.35523,1.50,2.59
2011.02.25 14:10:36.777,1.35505,1.35522,2.25,2.25
2011.02.25 14:10:36.886,1.35506,1.35521,1.50,1.50
2011.02.25 14:10:37.388,1.35511,1.35523,2.25,1.65
2011.02.25 14:10:37.501,1.35514,1.35531,1.50,1.13
2011.02.25 14:10:38.136,1.35514,1.35531,1.50,1.50
2011.02.25 14:10:38.466,1.35512,1.35529,1.50,1.13
2011.02.25 14:10:41.557,1.35511,1.35537,1.50,3.23
2011.02.25 14:10:41.668,1.35513,1.35539,1.50,1.58
2011.02.25 14:10:41.996,1.35517,1.35536,1.50,2.40
2011.02.25 14:10:42.216,1.35517,1.35539,1.50,1.13
2011.02.25 14:10:42.326,1.35519,1.35539,1.50,1.13
2011.02.25 14:10:43.437,1.35519,1.35542,1.50,4.65
2011.02.25 14:10:44.117,1.35523,1.35543,1.50,1.50
2011.02.25 14:10:44.447,1.35523,1.35541,1.50,1.13
2011.02.25 14:10:45.017,1.35523,1.35542,1.50,1.13
2011.02.25 14:10:45.908,1.35523,1.35541,1.50,1.13
2011.02.25 14:10:46.466,1.35523,1.35542,1.50,1.13
2011.02.25 14:10:47.136,1.35523,1.35542,1.50,1.13
2011.02.25 14:10:47.966,1.35523,1.35542,1.50,1.13
2011.02.25 14:10:48.625,1.35523,1.35542,1.50,1.13
2011.02.25 14:10:48.847,1.35527,1.35543,2.78,1.13
2011.02.25 14:10:49.176,1.35529,1.35543,1.50,1.13
2011.02.25 14:10:50.003,1.35529,1.35546,1.50,1.13
2011.02.25 14:10:53.366,1.35529,1.35548,4.28,1.50
2011.02.25 14:10:53.926,1.3553,1.35551,1.50,1.50
2011.02.25 14:10:54.278,1.35532,1.3555,1.50,1.50
2011.02.25 14:10:54.496,1.35532,1.35552,1.50,1.13
2011.02.25 14:10:55.076,1.35532,1.35555,1.50,1.13
2011.02.25 14:10:55.436,1.35534,1.35557,1.50,5.25
2011.02.25 14:10:55.767,1.35537,1.35556,4.28,1.88
2011.02.25 14:10:56.096,1.35542,1.35556,2.78,1.50
2011.02.25 14:10:56.734,1.35542,1.35556,1.50,1.13
2011.02.25 14:10:57.488,1.35542,1.35557,1.69,1.50
2011.02.25 14:10:57.818,1.3555,1.35564,1.50,1.50
2011.02.25 14:10:58.037,1.35548,1.35564,1.50,1.50
2011.02.25 14:10:59.026,1.35547,1.35566,1.50,1.50
2011.02.25 14:10:59.687,1.35551,1.35568,1.50,1.50
2011.02.25 14:11:00.419,1.35551,1.35568,1.50,1.50
2011.02.25 14:11:01.098,1.35545,1.35561,1.50,1.50
2011.02.25 14:11:01.206,1.35544,1.35561,1.50,1.50
2011.02.25 14:11:01.322,1.35545,1.35565,1.50,1.50
2011.02.25 14:11:01.549,1.35548,1.35571,3.15,1.13
2011.02.25 14:11:01.657,1.35548,1.35571,3.15,1.13
2011.02.25 14:11:01.987,1.35549,1.35572,1.69,2.63
2011.02.25 14:11:02.318,1.35555,1.35572,1.50,1.50
2011.02.25 14:11:02.540,1.35549,1.35573,1.50,1.13
2011.02.25 14:11:02.649,1.35548,1.35569,1.50,2.40
2011.02.25 14:11:02.868,1.35544,1.35569,3.53,2.40
2011.02.25 14:11:03.198,1.35541,1.35563,7.05,1.50
2011.02.25 14:11:03.421,1.35541,1.35559,3.53,2.40
2011.02.25 14:11:03.870,1.3554,1.35562,3.15,1.50
2011.02.25 14:11:04.168,1.3554,1.35562,3.15,1.50
2011.02.25 14:11:04.280,1.35545,1.35567,5.03,1.13
2011.02.25 14:11:04.716,1.35549,1.35567,1.50,1.13
2011.02.25 14:11:05.296,1.35549,1.35571,1.50,2.25
2011.02.25 14:11:05.626,1.35546,1.35571,3.53,3.08
2011.02.25 14:11:05.736,1.35545,1.35571,3.53,3.08
2011.02.25 14:11:05.956,1.35546,1.35571,1.50,1.13
2011.02.25 14:11:06.416,1.35546,1.35572,1.50,2.82
2011.02.25 14:11:06.778,1.35548,1.35571,3.53,1.02
2011.02.25 14:11:06.996,1.35545,1.35569,1.50,3.04
2011.02.25 14:11:07.106,1.35543,1.35569,1.50,3.04
2011.02.25 14:11:07.216,1.35547,1.35569,2.78,3.04
2011.02.25 14:11:08.766,1.35544,1.35569,3.53,3.04
2011.02.25 14:11:09.626,1.35544,1.35569,3.53,3.04
2011.02.25 14:11:09.846,1.35545,1.35569,1.50,3.04
2011.02.25 14:11:10.245,1.35546,1.35569,1.50,2.40
2011.02.25 14:11:11.818,1.35549,1.35571,1.50,1.69
2011.02.25 14:11:12.368,1.35549,1.35564,1.50,1.13
2011.02.25 14:11:12.807,1.35549,1.35564,1.50,1.13
2011.02.25 14:11:13.028,1.35549,1.35564,1.69,1.13
2011.02.25 14:11:13.357,1.35549,1.35564,1.69,1.13
2011.02.25 14:11:13.798,1.35554,1.35564,1.50,1.13
2011.02.25 14:11:14.017,1.35554,1.35564,1.50,1.13
2011.02.25 14:11:14.346,1.35554,1.35571,4.28,1.13
2011.02.25 14:11:14.566,1.35554,1.35572,1.50,2.63
2011.02.25 14:11:17.746,1.3555,1.35572,1.50,2.25
2011.02.25 14:11:18.188,1.35546,1.35565,4.28,1.13
2011.02.25 14:11:18.516,1.35546,1.35565,1.50,1.13
2011.02.25 14:11:18.958,1.35546,1.35565,1.50,1.13
2011.02.25 14:11:19.178,1.35546,1.35569,1.50,1.13
2011.02.25 14:11:19.289,1.3555,1.35577,1.69,1.20
2011.02.25 14:11:19.398,1.35554,1.35577,1.65,1.20
2011.02.25 14:11:19.979,1.35558,1.35579,1.65,3.90
2011.02.25 14:11:20.200,1.35553,1.35578,1.50,1.13
2011.02.25 14:11:20.318,1.35553,1.35578,1.50,1.13
2011.02.25 14:11:22.748,1.35553,1.35578,1.50,1.32
2011.02.25 14:11:23.076,1.35553,1.35577,1.50,2.25
2011.02.25 14:11:23.957,1.35554,1.35575,3.53,2.40
2011.02.25 14:11:24.507,1.3555,1.35575,3.53,2.59
2011.02.25 14:11:25.057,1.35553,1.35576,1.50,2.25
2011.02.25 14:11:25.166,1.35558,1.35576,1.65,2.25
2011.02.25 14:11:25.277,1.35558,1.35576,1.65,2.25
2011.02.25 14:11:25.498,1.35558,1.35576,1.65,2.25
2011.02.25 14:11:25.607,1.35552,1.35576,1.65,2.25
2011.02.25 14:11:25.718,1.3555,1.3557,2.78,1.20
2011.02.25 14:11:26.110,1.35548,1.35568,3.15,1.13
2011.02.25 14:11:26.657,1.35548,1.35569,1.69,1.13
2011.02.25 14:11:27.206,1.35549,1.35569,1.50,1.13
2011.02.25 14:11:27.446,1.35549,1.35569,1.50,1.13
2011.02.25 14:11:27.996,1.35549,1.35569,4.28,1.13
2011.02.25 14:11:28.656,1.35552,1.3557,2.78,1.13
2011.02.25 14:11:28.766,1.35552,1.35571,2.78,1.13
2011.02.25 14:11:29.307,1.3555,1.35569,3.53,1.13
2011.02.25 14:11:29.635,1.35549,1.3557,4.28,1.13
2011.02.25 14:11:29.856,1.35549,1.3557,1.50,1.13
2011.02.25 14:11:30.405,1.35549,1.35572,1.50,1.13
2011.02.25 14:11:30.699,1.35549,1.35569,1.50,1.13
2011.02.25 14:11:31.137,1.35549,1.3557,1.50,1.13
2011.02.25 14:11:31.577,1.35553,1.3557,2.40,1.13
2011.02.25 14:11:32.126,1.35553,1.3557,3.15,1.13
2011.02.25 14:11:32.787,1.35553,1.3557,3.15,1.13
2011.02.25 14:11:32.898,1.3555,1.3557,1.50,1.13
2011.02.25 14:11:33.008,1.3555,1.3557,1.50,1.13
2011.02.25 14:11:33.337,1.35555,1.3557,1.50,1.13
2011.02.25 14:11:33.776,1.35552,1.35569,3.53,1.13
2011.02.25 14:11:34.326,1.35552,1.3557,3.53,1.13
2011.02.25 14:11:34.546,1.35552,1.3557,3.53,1.13
2011.02.25 14:11:34.876,1.35551,1.35577,5.18,2.25
2011.02.25 14:11:35.537,1.35552,1.3558,1.50,1.20
2011.02.25 14:11:35.647,1.35552,1.35579,1.50,1.20
2011.02.25 14:11:36.019,1.35561,1.35587,2.40,1.58
2011.02.25 14:11:36.567,1.3556,1.35587,1.50,1.20
2011.02.25 14:11:36.787,1.3556,1.35587,1.50,1.20
2011.02.25 14:11:37.116,1.3556,1.35587,2.25,1.20
2011.02.25 14:11:37.336,1.35561,1.35587,2.40,1.20
2011.02.25 14:11:37.666,1.35563,1.35588,1.50,2.25
2011.02.25 14:11:38.576,1.35563,1.3559,1.50,1.20
2011.02.25 14:11:38.686,1.35562,1.35588,1.50,1.20
2011.02.25 14:11:38.919,1.35561,1.35588,3.15,1.20
2011.02.25 14:11:39.567,1.35561,1.35588,3.15,1.20
2011.02.25 14:11:40.008,1.35561,1.35588,1.50,2.70
2011.02.25 14:11:40.226,1.35561,1.35585,1.50,2.59
2011.02.25 14:11:40.557,1.35543,1.35572,1.69,1.20
2011.02.25 14:11:41.151,1.35551,1.35577,1.50,1.77
2011.02.25 14:11:41.270,1.35559,1.35577,1.65,1.20
2011.02.25 14:11:41.380,1.35559,1.35581,2.40,2.25
2011.02.25 14:11:41.708,1.35559,1.35582,1.50,3.53
2011.02.25 14:11:42.367,1.3556,1.35583,1.65,3.53
2011.02.25 14:11:42.807,1.3556,1.35585,1.50,3.53
2011.02.25 14:11:42.917,1.3556,1.35585,1.50,3.53
2011.02.25 14:11:44.160,1.3556,1.35587,2.44,1.20
2011.02.25 14:11:44.376,1.35564,1.35587,1.65,1.20
2011.02.25 14:11:44.747,1.35558,1.35583,3.72,1.20
2011.02.25 14:11:44.858,1.35565,1.35581,1.65,2.25
2011.02.25 14:11:44.967,1.35565,1.35581,1.65,5.03
2011.02.25 14:11:45.186,1.35565,1.35583,1.65,1.20
2011.02.25 14:11:45.407,1.35555,1.3558,2.59,1.20
2011.02.25 14:11:45.516,1.35555,1.3558,2.59,1.20
2011.02.25 14:11:45.626,1.35564,1.3558,1.65,1.20
2011.02.25 14:11:46.857,1.35559,1.3558,2.59,1.20
2011.02.25 14:11:47.187,1.35564,1.3558,1.65,1.20
2011.02.25 14:11:47.296,1.35557,1.3558,1.65,1.20
2011.02.25 14:11:47.847,1.35557,1.35583,2.40,1.20
2011.02.25 14:11:48.398,1.35556,1.35583,1.50,1.39
2011.02.25 14:11:48.958,1.35556,1.35583,1.50,1.39
2011.02.25 14:11:52.258,1.35556,1.35583,1.50,1.39
2011.02.25 14:11:52.477,1.35559,1.35583,1.50,1.20
2011.02.25 14:11:52.697,1.35558,1.35583,2.40,1.20
2011.02.25 14:11:54.546,1.35558,1.35583,2.40,1.20
2011.02.25 14:11:55.316,1.35558,1.35583,2.40,1.20
2011.02.25 14:11:55.536,1.35558,1.35583,3.15,1.20
2011.02.25 14:11:56.188,1.35559,1.35583,1.50,1.20
2011.02.25 14:11:56.936,1.35559,1.35583,1.50,1.20
2011.02.25 14:11:58.215,1.35558,1.35583,2.40,1.20
2011.02.25 14:11:58.936,1.35558,1.35583,3.15,1.20
2011.02.25 14:12:00.921,1.35558,1.35583,2.40,1.20
2011.02.25 14:12:01.256,1.35559,1.35583,1.50,1.20
2011.02.25 14:12:01.476,1.35559,1.35583,2.25,1.20
2011.02.25 14:12:01.806,1.35562,1.3559,2.25,1.20
2011.02.25 14:12:02.357,1.3557,1.3559,1.65,1.20
2011.02.25 14:12:02.908,1.35563,1.35589,3.53,1.69
2011.02.25 14:12:03.128,1.35557,1.35587,1.50,1.20
2011.02.25 14:12:03.239,1.35556,1.35579,1.69,1.20
2011.02.25 14:12:03.351,1.35555,1.35579,1.50,1.20
2011.02.25 14:12:03.468,1.35562,1.35579,1.65,1.20
2011.02.25 14:12:03.686,1.35557,1.35583,2.40,1.20
2011.02.25 14:12:03.798,1.35561,1.35582,1.65,1.20
2011.02.25 14:12:04.018,1.35561,1.35582,1.65,1.20
2011.02.25 14:12:04.823,1.35561,1.35582,1.65,1.20
2011.02.25 14:12:06.229,1.35559,1.35582,1.50,1.20
2011.02.25 14:12:06.448,1.35558,1.35584,1.50,1.69
2011.02.25 14:12:06.557,1.35562,1.35589,1.50,2.40
2011.02.25 14:12:06.666,1.35562,1.35589,1.50,2.40
2011.02.25 14:12:07.217,1.35562,1.35586,1.50,3.53
2011.02.25 14:12:09.027,1.35562,1.3559,1.50,2.70
2011.02.25 14:12:10.437,1.35563,1.3559,1.50,2.70
2011.02.25 14:12:10.547,1.35571,1.3559,2.78,1.20
2011.02.25 14:12:10.768,1.35573,1.35596,2.78,1.20
2011.02.25 14:12:11.317,1.35573,1.35591,2.78,1.20
2011.02.25 14:12:11.426,1.35571,1.35591,4.28,1.20
2011.02.25 14:12:11.536,1.35569,1.35591,1.50,1.20
2011.02.25 14:12:11.647,1.35566,1.35591,1.50,1.20
2011.02.25 14:12:12.039,1.35564,1.35591,2.40,1.20
2011.02.25 14:12:12.146,1.35564,1.35591,2.40,1.20
2011.02.25 14:12:12.376,1.35564,1.35591,2.40,1.20
2011.02.25 14:12:12.938,1.35565,1.35591,1.50,1.20
2011.02.25 14:12:13.157,1.35565,1.35591,1.50,1.20
2011.02.25 14:12:13.489,1.35564,1.35587,3.34,1.20
2011.02.25 14:12:13.708,1.35571,1.3559,1.65,1.50
2011.02.25 14:12:14.038,1.35572,1.35594,1.69,1.20
2011.02.25 14:12:14.258,1.35567,1.35585,3.15,3.72
2011.02.25 14:12:14.368,1.35567,1.35585,1.65,3.72
2011.02.25 14:12:14.478,1.35564,1.35583,2.78,2.25
2011.02.25 14:12:14.588,1.35558,1.35578,2.78,1.20
2011.02.25 14:12:14.697,1.35557,1.35578,1.65,1.20
2011.02.25 14:12:14.806,1.35552,1.35578,1.50,1.20
2011.02.25 14:12:14.918,1.35554,1.35578,1.69,1.20
2011.02.25 14:12:15.027,1.35562,1.35585,1.50,2.40
2011.02.25 14:12:15.137,1.35561,1.35588,1.50,1.20
2011.02.25 14:12:15.466,1.35566,1.35591,1.50,2.40
2011.02.25 14:12:16.236,1.35566,1.35591,1.50,2.25
2011.02.25 14:12:17.097,1.35576,1.35598,1.50,3.53
2011.02.25 14:12:17.207,1.35571,1.35599,2.25,3.53
2011.02.25 14:12:17.646,1.35571,1.35599,2.25,1.20
2011.02.25 14:12:18.705,1.35572,1.35599,1.50,1.20
2011.02.25 14:12:19.946,1.35571,1.35599,1.50,1.20
2011.02.25 14:12:20.388,1.35571,1.35596,4.28,1.69
2011.02.25 14:12:20.500,1.3557,1.35595,1.65,1.39
2011.02.25 14:12:20.608,1.35568,1.35594,1.50,1.02
2011.02.25 14:12:20.831,1.35561,1.35587,3.53,1.20
2011.02.25 14:12:20.948,1.35561,1.35587,2.44,1.20
2011.02.25 14:12:21.418,1.35567,1.3559,1.50,2.85
2011.02.25 14:12:21.956,1.35564,1.35587,2.59,1.20
2011.02.25 14:12:22.068,1.35564,1.35587,1.65,1.20
2011.02.25 14:12:22.288,1.35563,1.35587,2.44,1.20
2011.02.25 14:12:22.617,1.35575,1.35594,1.65,1.20
2011.02.25 14:12:22.946,1.3557,1.35594,3.53,1.20
2011.02.25 14:12:23.557,1.35569,1.35594,2.40,1.20
2011.02.25 14:12:23.778,1.3557,1.35594,1.69,1.20
2011.02.25 14:12:23.887,1.35575,1.35599,1.65,2.70
2011.02.25 14:12:23.997,1.35575,1.35599,1.65,1.20
2011.02.25 14:12:24.217,1.35575,1.35598,1.65,3.53
2011.02.25 14:12:24.812,1.35575,1.35599,1.65,1.20
2011.02.25 14:12:25.258,1.35572,1.35599,1.50,3.98
2011.02.25 14:12:25.698,1.35567,1.35597,3.15,4.28
2011.02.25 14:12:25.809,1.35567,1.35593,3.15,3.53
2011.02.25 14:12:25.917,1.35563,1.35591,1.50,2.25
2011.02.25 14:12:26.027,1.35563,1.35591,1.50,2.25
2011.02.25 14:12:26.647,1.35563,1.35587,1.50,3.53
2011.02.25 14:12:26.868,1.35563,1.35587,1.50,3.72
2011.02.25 14:12:27.200,1.35551,1.35578,1.65,1.20
2011.02.25 14:12:27.756,1.35548,1.35573,1.50,1.20
2011.02.25 14:12:28.466,1.35548,1.35573,1.50,1.20
2011.02.25 14:12:29.016,1.35548,1.35573,1.50,3.98
2011.02.25 14:12:29.766,1.35551,1.35573,1.65,1.20
2011.02.25 14:12:30.316,1.35551,1.35573,2.40,1.20
2011.02.25 14:12:30.647,1.35553,1.35578,1.50,1.20
2011.02.25 14:12:31.400,1.35552,1.35578,2.25,3.98
2011.02.25 14:12:31.956,1.35552,1.35578,2.25,1.20
2011.02.25 14:12:32.068,1.35552,1.3558,2.44,4.28
2011.02.25 14:12:32.397,1.35561,1.35586,1.65,3.53
2011.02.25 14:12:32.729,1.35561,1.35582,1.65,1.69
2011.02.25 14:12:32.947,1.35554,1.35582,1.50,1.69
2011.02.25 14:12:33.278,1.35552,1.35581,3.53,1.09
2011.02.25 14:12:33.496,1.3555,1.35581,1.50,1.09
2011.02.25 14:12:34.126,1.35549,1.35572,1.50,1.69
2011.02.25 14:12:34.244,1.3555,1.35572,1.50,1.69
2011.02.25 14:12:34.358,1.3555,1.35572,1.50,1.69
2011.02.25 14:12:34.471,1.35551,1.35574,1.69,3.53
2011.02.25 14:12:34.808,1.35561,1.35579,1.69,1.20
2011.02.25 14:12:35.139,1.35554,1.35579,1.50,1.39
2011.02.25 14:12:35.356,1.35553,1.35579,1.50,1.39
2011.02.25 14:12:35.578,1.35552,1.35576,1.50,1.20
2011.02.25 14:12:35.797,1.35552,1.35576,1.50,1.20
2011.02.25 14:12:36.203,1.35552,1.35578,3.00,1.20
2011.02.25 14:12:36.756,1.35552,1.35578,1.50,1.20
2011.02.25 14:12:37.604,1.35552,1.35578,1.50,1.20
2011.02.25 14:12:38.754,1.35552,1.35577,1.50,1.69
2011.02.25 14:12:39.098,1.35548,1.35574,1.50,1.39
2011.02.25 14:12:39.537,1.35545,1.35571,1.50,1.20
2011.02.25 14:12:39.868,1.35545,1.35571,1.50,1.20
2011.02.25 14:12:40.197,1.35544,1.35571,4.09,1.20
2011.02.25 14:12:40.306,1.35545,1.35571,1.69,1.20
2011.02.25 14:12:40.855,1.35544,1.35571,4.09,1.20
2011.02.25 14:12:41.406,1.35545,1.35571,1.69,1.20
2011.02.25 14:12:41.957,1.35548,1.35574,2.25,1.20
2011.02.25 14:12:42.066,1.35549,1.35574,1.50,1.20
2011.02.25 14:12:42.619,1.3555,1.35577,1.50,3.53
2011.02.25 14:12:43.178,1.35551,1.35578,2.25,5.63
2011.02.25 14:12:43.400,1.35554,1.35578,1.50,2.85
2011.02.25 14:12:43.508,1.35556,1.35578,1.69,1.20
2011.02.25 14:12:43.728,1.35568,1.35585,1.65,1.20
2011.02.25 14:12:44.168,1.3556,1.35585,2.40,1.20
2011.02.25 14:12:45.268,1.35556,1.35581,2.59,1.20
2011.02.25 14:12:45.597,1.35556,1.35581,2.59,1.20
2011.02.25 14:12:45.819,1.35556,1.35581,2.59,1.20
2011.02.25 14:12:46.146,1.3556,1.35585,2.78,1.20
2011.02.25 14:12:46.476,1.35562,1.35587,2.40,1.20
2011.02.25 14:12:48.877,1.35562,1.35587,2.40,1.20
2011.02.25 14:12:49.206,1.35558,1.35585,1.50,1.20
2011.02.25 14:12:49.315,1.35558,1.35585,1.50,1.20
2011.02.25 14:12:51.157,1.35558,1.35585,1.50,1.20
2011.02.25 14:12:51.377,1.35558,1.35585,1.50,1.20
2011.02.25 14:12:53.166,1.35558,1.35585,1.50,1.20
2011.02.25 14:12:53.718,1.35558,1.35584,1.69,2.40
2011.02.25 14:12:54.046,1.35565,1.35589,1.65,1.20
2011.02.25 14:12:54.155,1.35565,1.35589,1.65,1.20
2011.02.25 14:12:55.686,1.35565,1.35592,3.15,3.98
2011.02.25 14:12:57.846,1.35571,1.35592,1.65,1.20
2011.02.25 14:12:58.344,1.35571,1.35592,1.65,1.20
2011.02.25 14:12:59.308,1.35571,1.35592,1.65,1.20
2011.02.25 14:12:59.726,1.35571,1.35592,1.65,1.20
2011.02.25 14:13:00.287,1.35571,1.35592,1.65,1.20
2011.02.25 14:13:00.397,1.35565,1.35592,3.15,1.20
2011.02.25 14:13:00.616,1.35562,1.35588,2.40,1.20
2011.02.25 14:13:00.726,1.35567,1.35588,2.59,1.20
2011.02.25 14:13:00.838,1.35572,1.35593,1.65,3.98
2011.02.25 14:13:01.056,1.35572,1.35596,1.65,1.20
2011.02.25 14:13:01.634,1.3557,1.35596,2.97,1.20
2011.02.25 14:13:01.751,1.35568,1.35596,3.53,1.20
2011.02.25 14:13:02.091,1.3557,1.35596,2.78,1.20
2011.02.25 14:13:02.208,1.35568,1.35596,3.53,1.20
2011.02.25 14:13:02.893,1.35568,1.35596,3.53,1.20
2011.02.25 14:13:03.396,1.3558,1.35597,2.78,1.95
2011.02.25 14:13:03.506,1.35572,1.35596,2.78,1.20
2011.02.25 14:13:05.196,1.35572,1.35596,2.78,1.20
2011.02.25 14:13:06.548,1.35576,1.35593,2.78,1.20
2011.02.25 14:13:06.657,1.3558,1.35598,2.78,2.63
2011.02.25 14:13:07.447,1.3558,1.35599,2.78,1.20
2011.02.25 14:13:07.778,1.35591,1.356,2.78,1.20
2011.02.25 14:13:08.174,1.35594,1.35612,2.78,1.69
2011.02.25 14:13:08.292,1.35596,1.35617,2.78,2.25
2011.02.25 14:13:08.626,1.35596,1.35617,2.78,2.25
2011.02.25 14:13:08.846,1.35591,1.35612,2.78,1.20
2011.02.25 14:13:09.407,1.3559,1.35612,2.78,1.20
2011.02.25 14:13:10.345,1.35591,1.35612,2.78,1.20
2011.02.25 14:13:10.456,1.35591,1.35612,2.78,1.20
2011.02.25 14:13:10.895,1.35589,1.35612,2.78,1.20
2011.02.25 14:13:11.006,1.35586,1.35612,1.50,1.20
2011.02.25 14:13:11.225,1.35586,1.35612,1.50,1.20
2011.02.25 14:13:12.477,1.35586,1.35615,2.25,1.39
2011.02.25 14:13:13.818,1.35589,1.35615,1.50,1.20
2011.02.25 14:13:14.256,1.3559,1.35616,2.25,1.13
2011.02.25 14:13:14.807,1.35595,1.35621,1.65,1.39
2011.02.25 14:13:15.357,1.35595,1.35617,1.65,1.20
2011.02.25 14:13:15.578,1.35602,1.35617,1.65,2.25
2011.02.25 14:13:15.797,1.35595,1.35619,2.40,3.53
2011.02.25 14:13:16.127,1.35592,1.35616,1.50,1.20
2011.02.25 14:13:16.237,1.3559,1.35616,1.69,1.20
2011.02.25 14:13:16.566,1.35595,1.35616,1.65,1.20
2011.02.25 14:13:17.090,1.35595,1.35616,1.65,1.20
2011.02.25 14:13:17.648,1.35595,1.35616,1.65,1.20
2011.02.25 14:13:17.897,1.35591,1.35615,2.59,3.53
2011.02.25 14:13:18.667,1.35591,1.35618,2.40,1.69
2011.02.25 14:13:18.997,1.35591,1.35613,1.65,1.20
2011.02.25 14:13:19.326,1.35587,1.35613,2.40,1.20
2011.02.25 14:13:19.436,1.35587,1.35613,2.40,1.20
2011.02.25 14:13:20.123,1.35588,1.35613,2.78,1.20
2011.02.25 14:13:20.346,1.35592,1.35613,2.78,1.20
2011.02.25 14:13:20.960,1.35589,1.35615,1.50,1.20
2011.02.25 14:13:23.158,1.35589,1.35615,1.50,1.20
2011.02.25 14:13:23.381,1.35583,1.35609,1.50,1.20
2011.02.25 14:13:23.611,1.35577,1.35604,1.50,2.40
2011.02.25 14:13:23.948,1.35583,1.35607,1.65,1.20
2011.02.25 14:13:24.276,1.35581,1.35604,1.50,2.40
2011.02.25 14:13:24.498,1.35581,1.35604,1.50,2.40
2011.02.25 14:13:25.273,1.35585,1.35608,1.65,1.20
2011.02.25 14:13:25.497,1.35585,1.35608,1.65,1.20
2011.02.25 14:13:25.606,1.35585,1.3561,2.40,1.13
2011.02.25 14:13:26.007,1.3559,1.35618,1.50,3.90
2011.02.25 14:13:26.336,1.3559,1.35617,1.50,2.78
2011.02.25 14:13:26.556,1.3559,1.35616,1.50,3.53
2011.02.25 14:13:27.016,1.3559,1.35616,1.50,3.53
2011.02.25 14:13:28.038,1.3559,1.35616,1.50,3.53
2011.02.25 14:13:28.147,1.35588,1.35614,1.50,1.20
2011.02.25 14:13:28.256,1.35586,1.35614,1.50,1.20
2011.02.25 14:13:28.696,1.35588,1.35611,1.69,3.53
2011.02.25 14:13:29.028,1.35592,1.35618,3.34,4.35
2011.02.25 14:13:29.357,1.35592,1.35614,1.50,3.53
2011.02.25 14:13:29.781,1.35592,1.35606,1.50,1.13
2011.02.25 14:13:30.337,1.35587,1.35606,2.25,1.13
2011.02.25 14:13:30.556,1.35587,1.35606,3.15,1.13
2011.02.25 14:13:31.057,1.35591,1.35608,1.69,1.13
2011.02.25 14:13:31.167,1.35591,1.35618,1.69,5.63
2011.02.25 14:13:31.277,1.35597,1.35618,1.65,1.20
2011.02.25 14:13:32.047,1.35597,1.35618,1.65,1.20
2011.02.25 14:13:32.266,1.35592,1.35618,1.50,1.20
2011.02.25 14:13:32.376,1.35592,1.35618,1.50,3.98
2011.02.25 14:13:33.926,1.35592,1.35618,1.50,3.98
2011.02.25 14:13:34.475,1.3559,1.35614,2.59,1.20
2011.02.25 14:13:34.916,1.3559,1.35614,2.59,1.20
2011.02.25 14:13:36.018,1.3559,1.35614,2.40,1.20
2011.02.25 14:13:36.238,1.35582,1.35607,1.50,3.53
2011.02.25 14:13:36.348,1.35581,1.35607,1.50,3.53
2011.02.25 14:13:36.677,1.35581,1.35608,1.50,1.20
2011.02.25 14:13:37.226,1.35581,1.35608,1.50,3.53
2011.02.25 14:13:37.917,1.35581,1.35608,1.50,1.20
2011.02.25 14:13:38.838,1.35581,1.35602,1.50,3.72
2011.02.25 14:13:39.058,1.35581,1.35605,1.50,3.53
2011.02.25 14:13:39.277,1.35578,1.35605,3.15,3.53
2011.02.25 14:13:39.606,1.35581,1.35607,1.50,1.20
2011.02.25 14:13:40.051,1.35583,1.35605,2.44,2.40
2011.02.25 14:13:40.167,1.35592,1.35612,1.65,1.20
2011.02.25 14:13:40.496,1.35585,1.35612,3.15,1.20
2011.02.25 14:13:41.055,1.35585,1.35612,3.15,1.20
2011.02.25 14:13:41.167,1.35585,1.35607,1.65,1.20
2011.02.25 14:13:42.306,1.35587,1.35607,1.65,1.20
2011.02.25 14:13:43.018,1.35587,1.35607,1.65,1.20
2011.02.25 14:13:43.236,1.3558,1.35604,1.50,3.90
2011.02.25 14:13:44.056,1.3558,1.35603,1.50,1.13
2011.02.25 14:13:45.606,1.3558,1.35603,1.50,1.13
2011.02.25 14:13:46.051,1.35587,1.35606,1.65,3.53
2011.02.25 14:13:46.388,1.35582,1.35607,3.34,1.20
2011.02.25 14:13:46.719,1.35587,1.35599,1.65,1.50
2011.02.25 14:13:47.121,1.35567,1.35591,1.50,1.50
2011.02.25 14:13:47.348,1.35567,1.3559,2.40,1.20
2011.02.25 14:13:47.897,1.35572,1.35593,1.65,3.53
2011.02.25 14:13:48.447,1.35566,1.35589,4.43,1.20
2011.02.25 14:13:48.667,1.35566,1.3559,1.65,1.20
2011.02.25 14:13:48.778,1.35564,1.3559,1.50,1.20
2011.02.25 14:13:48.887,1.35566,1.3559,2.40,1.20
2011.02.25 14:13:49.436,1.35567,1.3559,1.50,1.20
2011.02.25 14:13:50.578,1.35567,1.35594,3.00,1.20
2011.02.25 14:13:51.487,1.35566,1.35594,3.15,1.20
2011.02.25 14:13:52.338,1.35567,1.35594,1.50,1.20
2011.02.25 14:13:52.667,1.35571,1.35594,1.65,1.20
2011.02.25 14:13:52.777,1.35571,1.35594,1.65,1.20
2011.02.25 14:13:53.326,1.35571,1.35594,1.50,1.20
2011.02.25 14:13:54.026,1.3557,1.35594,2.25,1.20
2011.02.25 14:13:54.248,1.35571,1.35594,1.69,1.13
2011.02.25 14:13:54.357,1.35577,1.35595,1.50,1.13
2011.02.25 14:13:54.796,1.35577,1.35601,2.44,2.25
2011.02.25 14:13:54.908,1.35578,1.35605,1.69,1.20
2011.02.25 14:13:55.237,1.35578,1.35603,1.50,2.44
2011.02.25 14:13:55.457,1.35574,1.35601,1.50,4.54
2011.02.25 14:13:56.136,1.35574,1.35601,1.50,3.04
2011.02.25 14:13:56.466,1.35574,1.35601,1.50,3.04
2011.02.25 14:13:56.941,1.35569,1.35594,1.50,1.69
2011.02.25 14:13:57.497,1.35569,1.35592,1.50,2.59
2011.02.25 14:13:57.986,1.35569,1.35592,1.50,5.37
2011.02.25 14:13:58.208,1.3556,1.35578,1.50,1.13
2011.02.25 14:13:58.317,1.35557,1.35577,1.50,1.13
2011.02.25 14:13:58.428,1.35555,1.35576,1.50,1.13
2011.02.25 14:13:58.537,1.35561,1.35581,2.40,2.25
2011.02.25 14:13:58.755,1.35563,1.35581,1.50,2.25
2011.02.25 14:13:59.526,1.35564,1.35588,1.50,1.13
2011.02.25 14:14:00.053,1.35562,1.35588,2.25,3.90
2011.02.25 14:14:00.615,1.35563,1.35588,1.50,1.13
2011.02.25 14:14:00.837,1.35562,1.35588,1.50,1.32
2011.02.25 14:14:01.057,1.35564,1.35588,1.50,1.13
2011.02.25 14:14:01.827,1.35564,1.35587,1.50,1.13
2011.02.25 14:14:02.161,1.35562,1.35587,1.50,1.13
2011.02.25 14:14:02.278,1.35563,1.35587,1.50,1.13
2011.02.25 14:14:03.266,1.35562,1.35587,1.50,1.13
2011.02.25 14:14:03.599,1.35564,1.35588,1.50,1.13
2011.02.25 14:14:03.819,1.35565,1.35588,2.40,1.13
2011.02.25 14:14:04.146,1.35562,1.35588,1.50,1.13
2011.02.25 14:14:04.477,1.35561,1.35585,1.50,1.20
2011.02.25 14:14:04.807,1.35561,1.35585,1.50,1.20
2011.02.25 14:14:05.028,1.35556,1.35582,4.28,1.20
2011.02.25 14:14:05.359,1.35557,1.35582,2.40,1.20
2011.02.25 14:14:05.799,1.35557,1.35582,2.40,1.20
2011.02.25 14:14:05.909,1.35557,1.35582,1.65,1.20
2011.02.25 14:14:06.236,1.35557,1.35582,2.40,1.20
2011.02.25 14:14:06.657,1.35557,1.35582,2.40,1.20
2011.02.25 14:14:07.205,1.35557,1.35583,3.15,1.50
2011.02.25 14:14:07.536,1.35562,1.35585,1.50,2.40
2011.02.25 14:14:07.866,1.35561,1.35586,1.50,1.58
2011.02.25 14:14:08.086,1.35559,1.35582,1.50,2.25
2011.02.25 14:14:08.198,1.35555,1.35581,1.50,2.85
2011.02.25 14:14:08.746,1.35559,1.35583,3.15,1.20
2011.02.25 14:14:09.305,1.35559,1.35583,3.15,1.20
2011.02.25 14:14:09.686,1.35559,1.35583,2.40,1.39
2011.02.25 14:14:10.019,1.35551,1.35574,1.69,1.13
2011.02.25 14:14:10.127,1.35555,1.35574,1.50,1.13
2011.02.25 14:14:10.456,1.35557,1.35579,2.40,1.50
2011.02.25 14:14:11.167,1.35558,1.35582,1.50,1.50
2011.02.25 14:14:11.631,1.35563,1.35585,2.40,3.53
2011.02.25 14:14:12.191,1.35563,1.35586,2.40,1.13
2011.02.25 14:14:12.527,1.35568,1.35587,3.15,1.13
2011.02.25 14:14:12.638,1.35568,1.35587,1.50,1.13
2011.02.25 14:14:12.968,1.35568,1.35587,1.50,1.13
2011.02.25 14:14:13.516,1.35568,1.35587,3.15,1.13
2011.02.25 14:14:13.846,1.35568,1.35586,2.40,1.13
2011.02.25 14:14:13.957,1.35568,1.35587,1.50,1.13
2011.02.25 14:14:14.734,1.35568,1.35587,3.15,1.13
2011.02.25 14:14:15.286,1.35568,1.35587,1.50,1.13
2011.02.25 14:14:15.396,1.35568,1.35588,3.15,1.13
2011.02.25 14:14:15.727,1.35568,1.35588,3.15,1.13
2011.02.25 14:14:16.168,1.35573,1.35592,1.50,1.50
2011.02.25 14:14:16.929,1.35571,1.35587,1.50,1.13
2011.02.25 14:14:17.147,1.35572,1.35596,3.15,5.40
2011.02.25 14:14:17.256,1.35572,1.35596,3.15,1.13
2011.02.25 14:14:17.726,1.35572,1.35596,2.40,1.13
2011.02.25 14:14:18.276,1.35571,1.35596,2.25,3.90
2011.02.25 14:14:18.385,1.35571,1.35596,2.25,1.13
2011.02.25 14:14:18.609,1.35572,1.35596,1.50,1.13
2011.02.25 14:14:18.938,1.35571,1.35584,1.65,1.13
2011.02.25 14:14:19.049,1.35571,1.35591,1.65,2.25
2011.02.25 14:14:19.160,1.35571,1.35594,1.65,1.58
2011.02.25 14:14:19.378,1.35565,1.35591,2.40,1.50
2011.02.25 14:14:19.927,1.35565,1.35589,2.40,1.20
2011.02.25 14:14:20.256,1.35565,1.35589,2.40,1.20
2011.02.25 14:14:20.846,1.35565,1.35589,2.40,1.20
2011.02.25 14:14:22.507,1.35569,1.3559,1.69,3.98
2011.02.25 14:14:22.884,1.35575,1.3559,1.65,1.20
2011.02.25 14:14:23.107,1.3557,1.35595,1.65,4.35
2011.02.25 14:14:24.066,1.35567,1.35595,2.25,4.35
2011.02.25 14:14:24.395,1.35566,1.3559,1.50,1.20
2011.02.25 14:14:24.835,1.35566,1.3559,1.50,1.20
2011.02.25 14:14:25.387,1.35566,1.3559,1.50,1.20
2011.02.25 14:14:25.646,1.35566,1.3559,1.50,1.20
2011.02.25 14:14:26.086,1.35566,1.3559,1.50,1.20
2011.02.25 14:14:28.106,1.35563,1.35585,1.50,1.13
2011.02.25 14:14:28.216,1.35565,1.35585,1.50,1.13
2011.02.25 14:14:28.981,1.35566,1.35585,1.50,1.13
2011.02.25 14:14:29.466,1.35558,1.35584,1.50,1.28
2011.02.25 14:14:29.576,1.35558,1.35584,1.50,1.28
2011.02.25 14:14:30.087,1.35558,1.35584,1.50,1.28
2011.02.25 14:14:32.016,1.35558,1.35584,1.50,1.28
2011.02.25 14:14:32.837,1.35558,1.35584,1.50,1.28
2011.02.25 14:14:33.058,1.3557,1.35584,1.65,1.20
2011.02.25 14:14:33.498,1.35575,1.35596,1.65,3.53
2011.02.25 14:14:34.417,1.35575,1.35594,1.65,3.53
2011.02.25 14:14:34.636,1.35571,1.35592,1.65,1.20
2011.02.25 14:14:34.746,1.35571,1.35585,1.65,1.13
2011.02.25 14:14:35.038,1.35566,1.35585,1.65,1.13
2011.02.25 14:14:36.212,1.35567,1.35585,1.50,1.13
2011.02.25 14:14:37.808,1.35566,1.35585,2.40,1.13
2011.02.25 14:14:38.028,1.35562,1.35585,1.50,1.13
2011.02.25 14:14:38.137,1.35562,1.35585,1.50,1.13
2011.02.25 14:14:38.466,1.35566,1.35585,3.15,1.13
2011.02.25 14:14:39.576,1.35568,1.35587,1.50,1.13
2011.02.25 14:14:40.305,1.35568,1.35586,1.50,1.13
2011.02.25 14:14:41.566,1.35571,1.35586,1.65,1.13
2011.02.25 14:14:42.115,1.35571,1.35587,1.65,1.13
2011.02.25 14:14:44.096,1.35571,1.3559,2.40,1.13
2011.02.25 14:14:44.590,1.35577,1.35596,1.65,1.20
2011.02.25 14:14:46.986,1.35577,1.35596,1.65,1.20
2011.02.25 14:14:47.977,1.35577,1.35596,1.65,1.58
2011.02.25 14:14:48.306,1.35571,1.35592,1.65,1.13
2011.02.25 14:14:48.527,1.35571,1.35592,2.59,1.13
2011.02.25 14:14:48.747,1.35578,1.35593,1.65,1.13
2011.02.25 14:14:48.859,1.35573,1.3559,1.65,1.20
2011.02.25 14:14:48.967,1.35568,1.35589,1.65,1.20
2011.02.25 14:14:49.407,1.35574,1.35592,1.65,1.13
2011.02.25 14:14:49.520,1.35568,1.35592,3.15,1.13
2011.02.25 14:14:49.627,1.35575,1.35592,1.65,1.13
2011.02.25 14:14:49.736,1.35575,1.35592,1.65,1.13
2011.02.25 14:14:50.286,1.3558,1.35592,1.65,1.13
2011.02.25 14:14:50.816,1.3558,1.35592,1.65,1.13
2011.02.25 14:14:51.865,1.3558,1.35592,1.65,1.13
2011.02.25 14:14:52.487,1.3558,1.35592,1.65,1.13
2011.02.25 14:14:52.926,1.35575,1.35593,1.84,1.13
2011.02.25 14:14:53.036,1.3558,1.35593,1.65,1.13
2011.02.25 14:14:53.598,1.3558,1.35593,1.65,1.13
2011.02.25 14:14:54.476,1.3558,1.35593,1.65,1.13
2011.02.25 14:14:55.396,1.3558,1.35593,1.65,1.13
2011.02.25 14:14:55.616,1.3558,1.35593,1.65,1.13
2011.02.25 14:14:55.837,1.35574,1.35593,2.40,1.13
2011.02.25 14:14:56.057,1.35574,1.35593,2.40,1.13
2011.02.25 14:14:56.596,1.35572,1.35592,1.50,1.13
2011.02.25 14:14:57.108,1.35572,1.35592,1.50,1.13
2011.02.25 14:14:57.217,1.35569,1.35592,1.50,1.13
2011.02.25 14:14:58.206,1.35569,1.35593,1.50,1.13
2011.02.25 14:14:58.877,1.35574,1.35593,1.65,1.13
2011.02.25 14:14:59.206,1.35574,1.35592,1.65,1.13
2011.02.25 14:14:59.318,1.35569,1.35592,1.50,1.13
2011.02.25 14:14:59.427,1.35571,1.35592,1.50,1.13
2011.02.25 14:14:59.542,1.35573,1.35592,1.65,1.13
2011.02.25 14:14:59.877,1.35571,1.35592,2.40,1.13
2011.02.25 14:15:00.317,1.3558,1.35592,1.65,1.13
2011.02.25 14:15:00.866,1.3558,1.35592,1.65,1.13
2011.02.25 14:15:01.307,1.3558,1.35592,1.65,1.13
2011.02.25 14:15:01.536,1.3558,1.35592,1.65,1.13
2011.02.25 14:15:02.152,1.3558,1.35592,1.65,1.13
2011.02.25 14:15:03.277,1.3558,1.35592,1.65,1.13
2011.02.25 14:15:03.762,1.3558,1.35592,1.65,1.13
2011.02.25 14:15:03.879,1.3558,1.35592,1.65,1.13
2011.02.25 14:15:04.097,1.3558,1.35591,1.65,1.13
2011.02.25 14:15:04.535,1.3558,1.35592,1.65,1.13
2011.02.25 14:15:04.653,1.3558,1.35592,1.65,1.13
2011.02.25 14:15:08.375,1.3558,1.35592,1.65,1.13
2011.02.25 14:15:08.821,1.35584,1.35597,1.69,1.13
2011.02.25 14:15:09.160,1.3559,1.35597,1.65,1.13
2011.02.25 14:15:09.269,1.3558,1.35597,1.69,1.13
2011.02.25 14:15:09.380,1.35582,1.35597,1.84,1.13
2011.02.25 14:15:09.952,1.35587,1.35597,1.65,1.13
2011.02.25 14:15:10.613,1.35583,1.35596,1.50,1.50
2011.02.25 14:15:10.731,1.35575,1.35594,3.53,1.58
2011.02.25 14:15:10.971,1.35568,1.35588,3.53,1.20
2011.02.25 14:15:11.090,1.35563,1.35586,3.15,3.53
2011.02.25 14:15:11.197,1.35564,1.35586,1.69,3.53
2011.02.25 14:15:11.307,1.35564,1.35587,1.69,3.53
2011.02.25 14:15:11.529,1.35569,1.35587,1.65,3.53
2011.02.25 14:15:11.857,1.35575,1.3559,1.65,1.13
2011.02.25 14:15:12.626,1.35575,1.3559,1.65,1.13
2011.02.25 14:15:12.847,1.3558,1.35597,1.65,1.20
2011.02.25 14:15:14.900,1.3558,1.35591,1.65,1.20
2011.02.25 14:15:15.347,1.3557,1.35594,1.65,1.20
2011.02.25 14:15:15.677,1.35575,1.35597,1.65,1.20
2011.02.25 14:15:16.226,1.35575,1.35596,1.65,3.53
2011.02.25 14:15:16.449,1.3557,1.35593,2.40,1.20
2011.02.25 14:15:16.887,1.3557,1.35593,2.40,1.20
2011.02.25 14:15:16.997,1.35575,1.35593,1.65,1.20
2011.02.25 14:15:17.886,1.35575,1.35597,1.65,1.20
2011.02.25 14:15:18.586,1.35575,1.35597,1.65,1.20
2011.02.25 14:15:18.990,1.35581,1.35597,1.65,1.20
2011.02.25 14:15:19.108,1.35576,1.35597,1.65,1.20
2011.02.25 14:15:19.687,1.35576,1.35597,1.65,1.20
2011.02.25 14:15:19.908,1.35576,1.35597,1.65,1.20
2011.02.25 14:15:20.126,1.3557,1.35594,2.40,1.20
2011.02.25 14:15:20.348,1.3557,1.35594,3.15,1.20
2011.02.25 14:15:20.459,1.35574,1.35596,1.50,3.53
2011.02.25 14:15:20.785,1.3558,1.35598,1.65,1.13
2011.02.25 14:15:21.377,1.3558,1.35598,1.65,1.13
2011.02.25 14:15:21.488,1.3558,1.35598,1.65,1.13
2011.02.25 14:15:21.597,1.35574,1.35595,1.65,1.20
2011.02.25 14:15:21.817,1.35568,1.35595,1.50,1.20
2011.02.25 14:15:22.146,1.3557,1.35595,1.65,1.20
2011.02.25 14:15:22.366,1.3557,1.35595,1.65,1.20
2011.02.25 14:15:23.288,1.35564,1.35586,1.50,1.13
2011.02.25 14:15:23.616,1.35564,1.35586,1.50,1.13
2011.02.25 14:15:26.068,1.35564,1.35586,1.50,1.13
2011.02.25 14:15:26.758,1.35564,1.35586,1.50,1.13
2011.02.25 14:15:27.956,1.35564,1.35586,1.50,1.13
2011.02.25 14:15:28.066,1.3556,1.35586,1.50,1.58
2011.02.25 14:15:29.076,1.3556,1.35586,1.50,4.35
2011.02.25 14:15:29.927,1.3556,1.35583,1.50,1.69
2011.02.25 14:15:30.256,1.35556,1.35576,2.25,1.13
2011.02.25 14:15:31.477,1.35556,1.35576,2.25,1.13
2011.02.25 14:15:32.819,1.35557,1.35575,1.50,1.13
2011.02.25 14:15:33.148,1.35555,1.35576,1.65,1.13
2011.02.25 14:15:34.027,1.35553,1.35575,1.50,1.13
2011.02.25 14:15:34.137,1.35553,1.35575,1.50,1.13
2011.02.25 14:15:34.685,1.35553,1.35575,1.50,1.13
2011.02.25 14:15:36.376,1.35553,1.35575,1.50,1.13
2011.02.25 14:15:36.967,1.35554,1.35575,1.50,1.13
2011.02.25 14:15:37.187,1.35556,1.35575,2.40,1.50
2011.02.25 14:15:37.517,1.35557,1.35575,1.50,1.50
2011.02.25 14:15:37.846,1.3556,1.35575,1.50,1.50
2011.02.25 14:15:38.175,1.35564,1.35575,1.65,1.13
2011.02.25 14:15:38.837,1.35564,1.35575,1.65,1.13
2011.02.25 14:15:39.250,1.3556,1.35575,1.50,1.13
2011.02.25 14:15:39.358,1.3556,1.35575,1.50,1.13
2011.02.25 14:15:39.602,1.35564,1.35575,1.65,1.13
2011.02.25 14:15:40.886,1.3556,1.35576,1.50,1.13
2011.02.25 14:15:40.997,1.3556,1.35576,1.50,1.13
2011.02.25 14:15:41.501,1.3556,1.35576,1.50,1.13
2011.02.25 14:15:43.261,1.35561,1.35578,1.50,1.13
2011.02.25 14:15:44.187,1.35559,1.35581,1.65,1.20
2011.02.25 14:15:44.406,1.35556,1.35581,1.50,1.20
2011.02.25 14:15:44.626,1.35554,1.35581,3.15,1.20
2011.02.25 14:15:45.207,1.35552,1.35579,1.50,1.20
2011.02.25 14:15:47.997,1.35552,1.35579,1.50,1.20
2011.02.25 14:15:48.546,1.35553,1.35579,1.50,1.20
2011.02.25 14:15:48.877,1.35555,1.35579,2.40,1.20
2011.02.25 14:15:49.507,1.35554,1.35581,1.50,1.39
2011.02.25 14:15:50.576,1.35552,1.35579,1.50,1.39
2011.02.25 14:15:51.126,1.35552,1.35579,2.25,1.39
2011.02.25 14:15:51.516,1.35552,1.35579,1.50,1.39
2011.02.25 14:15:56.147,1.35552,1.35577,2.25,1.13
2011.02.25 14:15:56.586,1.3555,1.35574,3.53,1.20
2011.02.25 14:15:56.697,1.3555,1.3557,2.78,1.13
2011.02.25 14:15:58.487,1.35553,1.3557,1.65,1.13
2011.02.25 14:15:58.818,1.35559,1.35573,1.65,1.13
2011.02.25 14:15:59.038,1.35554,1.35571,1.69,1.13
2011.02.25 14:15:59.148,1.35559,1.35571,1.65,1.13
2011.02.25 14:15:59.366,1.35555,1.35572,1.50,1.13
2011.02.25 14:16:00.560,1.35555,1.3557,1.50,1.13
2011.02.25 14:16:00.799,1.35555,1.35571,1.50,1.13
2011.02.25 14:16:01.021,1.35549,1.35571,1.69,1.13
2011.02.25 14:16:01.578,1.3555,1.35571,1.50,1.13
2011.02.25 14:16:02.126,1.35552,1.35571,1.50,1.13
2011.02.25 14:16:02.678,1.35548,1.35571,2.40,1.13
2011.02.25 14:16:03.009,1.35544,1.3557,1.50,1.13
2011.02.25 14:16:03.336,1.35545,1.35569,1.50,1.20
2011.02.25 14:16:03.669,1.35549,1.3557,1.50,1.13
2011.02.25 14:16:03.997,1.35551,1.3557,2.78,1.13
2011.02.25 14:16:04.797,1.35551,1.3557,1.65,1.13
2011.02.25 14:16:05.427,1.35551,1.3557,1.65,1.13
2011.02.25 14:16:05.757,1.35549,1.3557,1.50,1.13
2011.02.25 14:16:06.327,1.35551,1.3557,1.65,1.13
2011.02.25 14:16:07.758,1.35556,1.35571,1.65,1.13
2011.02.25 14:16:08.197,1.35556,1.35571,2.40,1.13
2011.02.25 14:16:08.746,1.35554,1.35571,1.50,1.13
2011.02.25 14:16:08.966,1.35554,1.35571,1.50,1.13
2011.02.25 14:16:09.187,1.35554,1.35571,1.50,1.13
2011.02.25 14:16:09.298,1.35549,1.35571,1.50,1.13
2011.02.25 14:16:09.407,1.35546,1.35571,1.50,1.13
2011.02.25 14:16:09.956,1.35547,1.35571,1.50,1.13
2011.02.25 14:16:10.626,1.35547,1.35571,1.50,1.13
2011.02.25 14:16:12.626,1.35547,1.35571,1.50,1.13
2011.02.25 14:16:12.847,1.35549,1.3557,1.65,3.53
2011.02.25 14:16:13.677,1.35549,1.35571,1.65,1.13
2011.02.25 14:16:14.337,1.35549,1.35571,1.65,1.13
2011.02.25 14:16:15.568,1.35549,1.35571,1.65,1.13
2011.02.25 14:16:16.235,1.35549,1.35571,1.65,1.13
2011.02.25 14:16:18.157,1.35549,1.35571,1.65,1.13
2011.02.25 14:16:18.851,1.35549,1.35571,1.65,1.13
2011.02.25 14:16:20.026,1.35549,1.35571,1.65,1.13
2011.02.25 14:16:20.578,1.35547,1.35572,1.50,1.50
2011.02.25 14:16:20.908,1.35546,1.35571,2.25,1.13
2011.02.25 14:16:21.937,1.35548,1.35571,1.50,1.13
2011.02.25 14:16:22.267,1.35548,1.35571,2.40,1.13
2011.02.25 14:16:22.487,1.35546,1.35571,1.50,1.13
2011.02.25 14:16:23.507,1.35548,1.35571,1.50,1.13
2011.02.25 14:16:23.726,1.35549,1.35571,1.65,1.13
2011.02.25 14:16:25.727,1.35549,1.35571,1.65,1.13
2011.02.25 14:16:30.365,1.35549,1.35571,1.65,1.13
2011.02.25 14:16:30.697,1.35544,1.35572,1.50,1.32
2011.02.25 14:16:30.806,1.35544,1.35572,2.40,1.32
2011.02.25 14:16:31.427,1.35544,1.35569,2.40,1.20
2011.02.25 14:16:31.957,1.35544,1.35568,2.40,3.53
2011.02.25 14:16:32.177,1.35542,1.35561,1.50,1.13
2011.02.25 14:16:34.016,1.35542,1.35561,2.25,1.13
2011.02.25 14:16:34.499,1.35543,1.35562,1.50,1.13
2011.02.25 14:16:34.722,1.35553,1.35566,1.50,1.50
2011.02.25 14:16:35.278,1.35548,1.35567,2.40,2.25
2011.02.25 14:16:36.205,1.35548,1.35574,3.15,1.13
2011.02.25 14:16:38.377,1.35548,1.35574,2.40,1.13
2011.02.25 14:16:43.339,1.35549,1.35573,1.50,1.13
2011.02.25 14:16:43.448,1.35552,1.35573,1.50,1.13
2011.02.25 14:16:43.954,1.35553,1.35574,2.40,1.13
2011.02.25 14:16:44.787,1.35553,1.35574,3.15,1.13
2011.02.25 14:16:45.136,1.35553,1.35577,2.40,1.50
2011.02.25 14:16:47.692,1.35553,1.35577,3.15,1.50
2011.02.25 14:16:48.086,1.35555,1.35577,1.50,1.50
2011.02.25 14:16:54.506,1.35557,1.35577,2.25,1.50
2011.02.25 14:16:54.838,1.35557,1.35577,2.25,1.50
2011.02.25 14:16:54.948,1.35559,1.35577,1.50,1.13
2011.02.25 14:16:55.669,1.35559,1.35577,1.50,1.13
2011.02.25 14:16:55.776,1.35557,1.35577,2.25,1.13
2011.02.25 14:16:57.861,1.35562,1.35578,1.50,1.13
2011.02.25 14:16:57.973,1.35567,1.35578,1.50,1.50
2011.02.25 14:16:58.308,1.35569,1.35577,1.50,1.13
2011.02.25 14:16:58.418,1.35567,1.35577,1.50,1.13
2011.02.25 14:16:58.747,1.35565,1.35577,1.50,1.13
2011.02.25 14:16:58.857,1.35565,1.35578,1.50,1.13
2011.02.25 14:16:59.187,1.35567,1.35578,1.50,1.13
2011.02.25 14:16:59.939,1.35565,1.35578,1.50,1.13
2011.02.25 14:17:00.486,1.35563,1.35578,2.25,1.13
2011.02.25 14:17:01.258,1.35562,1.35578,3.00,1.13
2011.02.25 14:17:01.808,1.35559,1.35577,1.50,1.13
2011.02.25 14:17:02.140,1.35559,1.35577,1.50,1.13
2011.02.25 14:17:02.908,1.35556,1.35578,2.44,1.50
2011.02.25 14:17:03.238,1.35564,1.35578,1.65,1.50
2011.02.25 14:17:03.567,1.35562,1.35577,1.50,1.13
2011.02.25 14:17:04.998,1.35564,1.35577,1.50,1.13
2011.02.25 14:17:05.218,1.35564,1.35577,1.50,1.13
2011.02.25 14:17:05.439,1.35556,1.35577,5.93,1.13
2011.02.25 14:17:05.548,1.35557,1.35577,1.50,1.13
2011.02.25 14:17:05.662,1.35554,1.35577,1.50,1.13
2011.02.25 14:17:05.778,1.35554,1.35577,1.50,1.13
2011.02.25 14:17:06.292,1.35553,1.35575,1.50,1.58
2011.02.25 14:17:07.176,1.35556,1.35574,1.50,1.13
2011.02.25 14:17:08.066,1.35554,1.35574,1.50,1.13
2011.02.25 14:17:08.887,1.35554,1.35574,2.25,1.13
2011.02.25 14:17:08.998,1.35558,1.35574,1.50,1.13
2011.02.25 14:17:09.106,1.35555,1.35574,1.50,1.13
2011.02.25 14:17:09.217,1.35559,1.35574,1.65,1.13
2011.02.25 14:17:09.327,1.35555,1.35574,1.50,1.13
2011.02.25 14:17:09.906,1.35556,1.35575,1.50,1.13
2011.02.25 14:17:10.636,1.35556,1.35575,1.50,1.13
2011.02.25 14:17:10.746,1.35559,1.35575,1.50,1.13
2011.02.25 14:17:11.187,1.35559,1.35574,1.65,1.13
2011.02.25 14:17:14.499,1.35559,1.35575,1.65,1.13
2011.02.25 14:17:14.719,1.35554,1.35575,1.69,1.13
2011.02.25 14:17:14.937,1.35559,1.35575,1.65,1.13
2011.02.25 14:17:15.331,1.35559,1.35575,1.65,1.13
2011.02.25 14:17:20.306,1.35559,1.35575,1.65,1.13
2011.02.25 14:17:20.525,1.35559,1.35575,1.65,1.13
2011.02.25 14:17:21.226,1.35559,1.35575,1.65,1.13
2011.02.25 14:17:21.666,1.35559,1.35575,1.65,1.13
2011.02.25 14:17:23.947,1.35559,1.35576,1.65,1.13
2011.02.25 14:17:24.170,1.35554,1.35576,2.25,1.58
2011.02.25 14:17:24.496,1.35556,1.35576,1.50,1.58
2011.02.25 14:17:24.717,1.35556,1.35577,1.50,1.13
2011.02.25 14:17:24.936,1.35557,1.35577,1.50,1.13
2011.02.25 14:17:25.538,1.3556,1.35576,1.65,1.13
2011.02.25 14:17:25.900,1.3556,1.35576,1.65,1.13
2011.02.25 14:17:28.176,1.3556,1.35577,1.84,1.13
2011.02.25 14:17:28.289,1.3556,1.3558,1.84,1.20
2011.02.25 14:17:28.508,1.35565,1.3558,1.65,1.20
2011.02.25 14:17:29.058,1.3556,1.35582,1.50,1.13
2011.02.25 14:17:29.167,1.35563,1.35582,1.65,1.13
2011.02.25 14:17:29.827,1.35563,1.35581,2.40,1.13
2011.02.25 14:17:30.877,1.35563,1.35581,2.40,1.13
2011.02.25 14:17:30.988,1.35569,1.35581,1.65,1.13
2011.02.25 14:17:31.536,1.35569,1.35581,1.65,1.13
2011.02.25 14:17:33.226,1.35569,1.35582,1.65,1.13
2011.02.25 14:17:34.306,1.35569,1.35583,2.59,1.13
2011.02.25 14:17:34.419,1.35569,1.35582,3.15,1.13
2011.02.25 14:17:34.531,1.35571,1.35582,1.50,1.13
2011.02.25 14:17:35.286,1.35573,1.35581,2.40,1.13
2011.02.25 14:17:35.667,1.35573,1.35586,2.40,1.13
2011.02.25 14:17:35.776,1.35573,1.35592,2.40,1.13
2011.02.25 14:17:35.996,1.35573,1.35592,2.40,1.13
2011.02.25 14:17:36.927,1.35573,1.35592,2.40,1.13
2011.02.25 14:17:37.255,1.35578,1.35592,1.65,1.13
2011.02.25 14:17:37.758,1.35578,1.35593,1.65,1.50
2011.02.25 14:17:38.086,1.35578,1.35593,2.40,1.50
2011.02.25 14:17:38.528,1.35578,1.35592,2.40,1.13
2011.02.25 14:17:38.857,1.35577,1.35592,2.25,1.50
2011.02.25 14:17:38.968,1.35582,1.35592,1.65,1.13
2011.02.25 14:17:39.545,1.35577,1.35592,2.40,1.13
2011.02.25 14:17:39.768,1.35576,1.35592,1.65,1.13
2011.02.25 14:17:40.208,1.35572,1.35593,3.00,1.13
2011.02.25 14:17:40.316,1.35572,1.35593,3.00,1.13
2011.02.25 14:17:40.947,1.35572,1.35593,3.00,1.13
2011.02.25 14:17:41.456,1.35575,1.35593,1.50,1.13
2011.02.25 14:17:41.997,1.35575,1.35593,1.50,1.13
2011.02.25 14:17:42.550,1.35575,1.35593,1.50,1.13
2011.02.25 14:17:42.880,1.35575,1.35593,1.50,1.13
2011.02.25 14:17:43.541,1.35575,1.35593,1.50,1.13
2011.02.25 14:17:44.096,1.35574,1.35593,2.25,1.13
2011.02.25 14:17:44.957,1.35574,1.35592,2.25,1.13
2011.02.25 14:17:45.073,1.35572,1.35592,1.50,1.13
2011.02.25 14:17:46.747,1.35572,1.35592,1.50,1.13
2011.02.25 14:17:46.860,1.35568,1.35591,2.25,1.13
2011.02.25 14:17:47.297,1.35573,1.35591,1.50,1.58
2011.02.25 14:17:47.518,1.35573,1.35591,1.50,1.20
2011.02.25 14:17:47.740,1.35573,1.35592,1.50,1.13
2011.02.25 14:17:47.849,1.35568,1.35592,2.25,1.13
2011.02.25 14:17:48.066,1.35571,1.35592,1.50,1.13
2011.02.25 14:17:49.318,1.35575,1.35591,1.50,1.13
2011.02.25 14:17:49.427,1.35571,1.35591,1.50,1.13
2011.02.25 14:17:49.536,1.35571,1.35591,1.50,1.13
2011.02.25 14:17:50.259,1.3557,1.35592,1.50,3.90
2011.02.25 14:17:51.339,1.35572,1.35592,1.65,3.90
2011.02.25 14:17:51.447,1.35574,1.35592,1.50,3.90
2011.02.25 14:17:52.254,1.35575,1.35592,1.50,1.13
2011.02.25 14:17:54.168,1.35572,1.35591,1.65,1.13
2011.02.25 14:17:55.877,1.35572,1.35589,1.65,1.20
2011.02.25 14:17:55.986,1.35563,1.35589,3.75,1.20
2011.02.25 14:17:56.696,1.35563,1.35589,3.75,1.20
2011.02.25 14:17:56.806,1.35563,1.35585,3.00,1.20
2011.02.25 14:17:57.417,1.3556,1.3558,2.25,1.13
2011.02.25 14:17:57.747,1.35559,1.35581,2.25,1.13
2011.02.25 14:17:58.576,1.35559,1.35581,3.00,1.13
2011.02.25 14:17:58.797,1.35559,1.35581,2.25,1.13
2011.02.25 14:17:59.128,1.35554,1.3558,2.25,1.13
2011.02.25 14:17:59.346,1.35554,1.3558,1.50,1.13
2011.02.25 14:17:59.567,1.35554,1.35581,1.50,1.95
2011.02.25 14:17:59.679,1.35557,1.35581,2.25,1.50
2011.02.25 14:17:59.897,1.35557,1.35581,3.00,1.50
2011.02.25 14:18:00.556,1.35557,1.3558,2.25,1.13
2011.02.25 14:18:01.357,1.35557,1.3558,1.50,1.13
2011.02.25 14:18:01.861,1.35558,1.3558,3.00,1.13
2011.02.25 14:18:02.197,1.35558,1.35581,1.50,1.50
2011.02.25 14:18:02.429,1.3556,1.3558,1.50,1.13
2011.02.25 14:18:02.650,1.35562,1.3558,1.50,1.13
2011.02.25 14:18:03.197,1.35562,1.3558,1.50,1.13
2011.02.25 14:18:04.821,1.3556,1.3558,2.25,1.13
2011.02.25 14:18:04.941,1.3556,1.3558,1.50,1.13
2011.02.25 14:18:05.048,1.3556,1.3558,1.50,1.13
2011.02.25 14:18:05.270,1.3556,1.3558,1.50,1.13
2011.02.25 14:18:05.378,1.35557,1.3558,2.25,1.13
2011.02.25 14:18:05.490,1.3556,1.3558,3.00,1.13
2011.02.25 14:18:09.886,1.3556,1.3558,3.00,1.13
2011.02.25 14:18:10.216,1.3556,1.3558,3.00,1.13
2011.02.25 14:18:10.439,1.3556,1.3558,5.78,1.13
2011.02.25 14:18:10.657,1.35561,1.35581,2.25,1.50
2011.02.25 14:18:10.768,1.3556,1.35575,2.78,1.13
2011.02.25 14:18:10.878,1.3556,1.35576,2.78,1.13
2011.02.25 14:18:10.987,1.35549,1.35575,3.00,1.13
2011.02.25 14:18:11.208,1.35554,1.35576,1.50,1.13
2011.02.25 14:18:11.647,1.35551,1.35576,3.00,1.13
2011.02.25 14:18:11.756,1.35552,1.35576,1.50,1.13
2011.02.25 14:18:12.909,1.35551,1.35575,2.25,1.50
2011.02.25 14:18:13.449,1.35549,1.35573,2.25,2.40
2011.02.25 14:18:13.888,1.35559,1.35576,3.90,1.20
2011.02.25 14:18:14.495,1.35559,1.35576,3.15,1.20
2011.02.25 14:18:14.936,1.35562,1.35576,1.50,1.20
2011.02.25 14:18:15.047,1.35559,1.35576,3.15,1.20
2011.02.25 14:18:15.717,1.35559,1.35576,3.15,1.20
2011.02.25 14:18:15.937,1.35557,1.35576,1.50,1.20
2011.02.25 14:18:17.367,1.35557,1.35576,1.50,1.20
2011.02.25 14:18:17.587,1.35554,1.35576,3.90,1.20
2011.02.25 14:18:17.806,1.35554,1.35576,3.15,1.20
2011.02.25 14:18:18.357,1.35553,1.35576,2.44,1.20
2011.02.25 14:18:20.207,1.35553,1.35574,2.44,1.50
2011.02.25 14:18:20.538,1.35555,1.35579,1.69,1.20
2011.02.25 14:18:20.651,1.35558,1.35581,2.44,2.63
2011.02.25 14:18:21.828,1.3556,1.35581,1.65,1.20
2011.02.25 14:18:22.757,1.35557,1.35581,3.19,1.20
2011.02.25 14:18:22.976,1.35557,1.35581,2.25,3.98
2011.02.25 14:18:23.308,1.3557,1.35584,1.50,1.58
2011.02.25 14:18:23.636,1.35569,1.35584,1.50,1.13
2011.02.25 14:18:24.188,1.35573,1.35584,1.50,1.13
2011.02.25 14:18:24.297,1.35567,1.35584,2.25,1.13
2011.02.25 14:18:24.410,1.35567,1.35582,2.25,1.13
2011.02.25 14:18:24.794,1.35567,1.35582,2.25,1.13
2011.02.25 14:18:25.348,1.35566,1.35582,1.50,1.13
2011.02.25 14:18:25.677,1.35564,1.35583,1.50,1.13
2011.02.25 14:18:26.009,1.35562,1.35583,1.50,1.13
2011.02.25 14:18:26.117,1.35562,1.35583,1.50,1.13
2011.02.25 14:18:26.336,1.3556,1.35582,3.00,1.13
2011.02.25 14:18:26.556,1.3556,1.35583,3.00,1.13
2011.02.25 14:18:26.937,1.3556,1.35582,3.00,1.13
2011.02.25 14:18:27.267,1.35556,1.35578,2.25,1.13
2011.02.25 14:18:28.757,1.35556,1.35578,3.00,1.13
2011.02.25 14:18:28.980,1.35556,1.35579,2.25,1.20
2011.02.25 14:18:29.090,1.35554,1.35575,2.25,1.20
2011.02.25 14:18:29.200,1.35554,1.35576,2.25,3.19
2011.02.25 14:18:29.960,1.35557,1.35578,1.50,1.13
2011.02.25 14:18:30.177,1.35554,1.35578,1.50,1.13
2011.02.25 14:18:30.751,1.35554,1.35578,2.25,1.13
2011.02.25 14:18:30.869,1.35554,1.35578,1.50,1.13
2011.02.25 14:18:31.420,1.35553,1.35578,2.25,1.13
2011.02.25 14:18:31.748,1.35558,1.35578,1.50,1.13
2011.02.25 14:18:32.078,1.35554,1.35578,1.50,2.78
2011.02.25 14:18:32.186,1.35554,1.35578,1.50,2.78
2011.02.25 14:18:32.629,1.35554,1.35578,1.50,2.78
2011.02.25 14:18:32.849,1.35554,1.35578,1.50,2.40
2011.02.25 14:18:33.069,1.35561,1.35578,1.50,1.13
2011.02.25 14:18:33.287,1.35559,1.35579,1.50,1.13
2011.02.25 14:18:33.507,1.35556,1.35578,3.75,1.13
2011.02.25 14:18:33.620,1.35557,1.35578,2.25,1.13
2011.02.25 14:18:34.836,1.35557,1.35578,1.50,1.13
2011.02.25 14:18:35.968,1.35555,1.35579,3.75,1.13
2011.02.25 14:18:36.077,1.35555,1.35579,3.00,1.13
2011.02.25 14:18:36.920,1.35555,1.35578,2.25,1.13
2011.02.25 14:18:40.157,1.35555,1.35578,3.00,1.13
2011.02.25 14:18:40.267,1.35555,1.35578,5.78,1.13
2011.02.25 14:18:40.597,1.35559,1.35577,1.50,1.13
2011.02.25 14:18:40.708,1.35559,1.35583,1.50,1.13
2011.02.25 14:18:41.777,1.3556,1.35583,2.25,1.13
2011.02.25 14:18:41.997,1.3556,1.35583,2.25,1.13
2011.02.25 14:18:42.878,1.35562,1.35583,1.50,1.13
2011.02.25 14:18:43.426,1.35562,1.35583,1.50,1.13
2011.02.25 14:18:43.757,1.35562,1.35588,1.50,1.58
2011.02.25 14:18:43.976,1.35562,1.35588,1.50,1.58
2011.02.25 14:18:45.069,1.35565,1.35588,2.25,1.58
2011.02.25 14:18:45.179,1.35567,1.35588,3.00,1.13
2011.02.25 14:18:45.618,1.3557,1.35588,1.65,1.50
2011.02.25 14:18:45.839,1.35564,1.35588,5.18,1.50
2011.02.25 14:18:46.279,1.35568,1.35588,1.50,1.13
2011.02.25 14:18:46.887,1.35568,1.35588,1.50,1.13
2011.02.25 14:18:47.217,1.35568,1.35589,1.50,1.13
2011.02.25 14:18:47.936,1.35568,1.35589,1.50,1.13
2011.02.25 14:18:49.228,1.35573,1.35593,1.69,1.50
2011.02.25 14:18:49.556,1.3558,1.35594,1.65,1.13
2011.02.25 14:18:49.886,1.35577,1.35589,1.50,1.13
2011.02.25 14:18:49.998,1.35577,1.35589,1.50,1.13
2011.02.25 14:18:51.429,1.35575,1.35589,2.25,1.13
2011.02.25 14:18:51.539,1.35575,1.35589,2.25,1.13
2011.02.25 14:18:51.646,1.35575,1.35589,2.25,1.13
2011.02.25 14:18:52.359,1.35574,1.35589,1.50,1.13
2011.02.25 14:18:53.457,1.35574,1.35589,1.69,1.13
2011.02.25 14:18:53.678,1.35579,1.35595,1.65,1.13
2011.02.25 14:18:53.787,1.3558,1.35595,2.40,1.13
2011.02.25 14:18:55.487,1.3558,1.35594,3.90,1.13
2011.02.25 14:18:56.036,1.35582,1.35596,1.50,1.13
2011.02.25 14:18:56.663,1.35582,1.35597,3.00,1.13
2011.02.25 14:18:56.997,1.35585,1.35597,1.50,1.13
2011.02.25 14:18:57.536,1.35586,1.35597,1.50,1.13
2011.02.25 14:18:57.977,1.35589,1.35599,1.50,1.13
2011.02.25 14:18:58.366,1.35586,1.35612,5.40,2.63
2011.02.25 14:18:59.227,1.35586,1.35611,4.65,1.13
2011.02.25 14:18:59.777,1.35588,1.35611,1.50,2.63
2011.02.25 14:19:00.296,1.35586,1.35611,3.15,2.63
2011.02.25 14:19:00.407,1.35587,1.35611,1.50,2.63
2011.02.25 14:19:00.736,1.35586,1.35611,3.90,2.63
2011.02.25 14:19:01.287,1.35586,1.35612,1.50,1.13
2011.02.25 14:19:02.166,1.35592,1.35612,1.50,1.13
2011.02.25 14:19:04.147,1.35595,1.35611,1.50,1.13
2011.02.25 14:19:04.258,1.35595,1.35612,1.50,1.13
2011.02.25 14:19:04.807,1.35594,1.35611,1.50,1.13
2011.02.25 14:19:05.489,1.35592,1.35611,2.25,1.13
2011.02.25 14:19:05.998,1.35592,1.35611,2.25,1.13
2011.02.25 14:19:06.110,1.3559,1.35612,1.50,1.58
2011.02.25 14:19:06.878,1.35593,1.35612,1.50,3.90
2011.02.25 14:19:07.208,1.35588,1.35609,2.25,1.20
2011.02.25 14:19:07.317,1.3559,1.35609,1.50,1.20
2011.02.25 14:19:07.988,1.35588,1.35609,1.50,1.20
2011.02.25 14:19:08.208,1.35589,1.35608,2.25,2.78
2011.02.25 14:19:08.428,1.35589,1.35609,1.65,1.20
2011.02.25 14:19:08.648,1.35585,1.35609,2.25,1.20
2011.02.25 14:19:08.757,1.35585,1.35609,3.19,1.20
2011.02.25 14:19:09.427,1.35585,1.35609,3.00,1.20
2011.02.25 14:19:09.977,1.35588,1.35609,2.25,1.20
2011.02.25 14:19:10.460,1.35589,1.3561,1.50,1.13
2011.02.25 14:19:10.680,1.35595,1.35615,1.65,1.13
2011.02.25 14:19:10.900,1.35588,1.35614,3.00,3.90
2011.02.25 14:19:11.120,1.35593,1.35613,1.50,1.13
2011.02.25 14:19:11.338,1.35585,1.35613,3.00,1.13
2011.02.25 14:19:11.448,1.35586,1.35613,2.25,1.13
2011.02.25 14:19:11.886,1.35584,1.3561,2.25,1.58
2011.02.25 14:19:12.217,1.3558,1.35602,1.50,1.20
2011.02.25 14:19:12.816,1.35579,1.35603,1.50,1.95
2011.02.25 14:19:13.793,1.35582,1.35603,1.50,1.95
2011.02.25 14:19:14.238,1.3558,1.35602,1.50,1.20
2011.02.25 14:19:14.569,1.3558,1.35602,1.50,3.23
2011.02.25 14:19:14.677,1.35577,1.35602,1.50,3.23
2011.02.25 14:19:14.789,1.35577,1.35598,2.25,1.13
2011.02.25 14:19:15.008,1.35577,1.356,2.25,1.58
2011.02.25 14:19:15.616,1.35576,1.35602,3.00,1.58
2011.02.25 14:19:15.727,1.35576,1.35598,3.00,1.13
2011.02.25 14:19:15.947,1.35576,1.356,1.50,1.58
2011.02.25 14:19:16.499,1.35577,1.35603,2.25,2.70
2011.02.25 14:19:16.717,1.35579,1.35602,2.40,1.58
2011.02.25 14:19:17.625,1.35579,1.35603,3.15,1.50
2011.02.25 14:19:17.966,1.35579,1.35602,3.15,1.13
2011.02.25 14:19:18.628,1.35579,1.35603,3.15,1.13
2011.02.25 14:19:19.127,1.35579,1.35602,3.15,1.13
2011.02.25 14:19:19.456,1.35579,1.35603,1.50,1.13
2011.02.25 14:19:20.606,1.35577,1.35602,2.25,1.13
2011.02.25 14:19:20.828,1.35572,1.35597,4.05,1.20
2011.02.25 14:19:20.938,1.35572,1.35597,3.90,1.20
2011.02.25 14:19:21.268,1.3557,1.35592,1.50,1.20
2011.02.25 14:19:21.488,1.35571,1.35594,2.25,1.20
2011.02.25 14:19:21.599,1.3557,1.35593,1.50,2.40
2011.02.25 14:19:21.818,1.3557,1.35589,1.50,1.13
2011.02.25 14:19:22.372,1.35564,1.35588,1.50,1.20
2011.02.25 14:19:22.494,1.35564,1.35589,4.47,1.58
2011.02.25 14:19:23.158,1.35569,1.35589,2.40,1.13
2011.02.25 14:19:23.426,1.35569,1.35591,2.40,1.13
2011.02.25 14:19:25.396,1.35569,1.35589,1.65,1.13
2011.02.25 14:19:25.726,1.35567,1.35589,1.50,1.13
2011.02.25 14:19:26.167,1.35567,1.3559,1.50,1.13
2011.02.25 14:19:26.496,1.35566,1.3559,2.25,1.58
2011.02.25 14:19:27.025,1.35566,1.3559,2.25,1.58
2011.02.25 14:19:27.409,1.35566,1.3559,2.25,1.58
2011.02.25 14:19:27.847,1.35563,1.35584,3.00,1.65
2011.02.25 14:19:27.956,1.35563,1.35584,3.00,1.65
2011.02.25 14:19:28.287,1.35563,1.35584,3.00,2.40
2011.02.25 14:19:28.857,1.35563,1.35584,1.50,2.40
2011.02.25 14:19:29.407,1.35563,1.35584,1.50,2.40
2011.02.25 14:19:29.627,1.35563,1.35584,1.50,1.65
2011.02.25 14:19:30.068,1.3557,1.35592,1.50,2.78
2011.02.25 14:19:30.179,1.3557,1.35591,1.50,1.50
2011.02.25 14:19:30.508,1.35565,1.35589,1.50,1.20
2011.02.25 14:19:31.057,1.35562,1.35587,1.50,1.20
2011.02.25 14:19:31.606,1.35562,1.35587,2.25,1.20
2011.02.25 14:19:32.286,1.35564,1.35587,1.50,1.20
2011.02.25 14:19:32.616,1.35564,1.35587,1.50,1.20
2011.02.25 14:19:32.947,1.35565,1.35587,2.25,1.20
2011.02.25 14:19:33.281,1.35563,1.35585,2.25,1.50
2011.02.25 14:19:33.831,1.35562,1.35586,2.25,1.50
2011.02.25 14:19:34.237,1.35562,1.35587,2.33,1.20
2011.02.25 14:19:34.348,1.35562,1.35589,2.52,1.20
2011.02.25 14:19:34.458,1.35566,1.35589,3.90,1.20
2011.02.25 14:19:34.566,1.35566,1.35592,3.90,3.45
2011.02.25 14:19:34.787,1.35566,1.35592,3.90,3.45
2011.02.25 14:19:35.007,1.35565,1.35591,3.00,2.70
2011.02.25 14:19:35.556,1.35565,1.35591,3.00,2.70
2011.02.25 14:19:36.392,1.35565,1.35591,3.00,1.20
2011.02.25 14:19:37.217,1.35565,1.35591,1.50,2.70
2011.02.25 14:19:38.286,1.35565,1.35589,1.50,2.40
2011.02.25 14:19:38.618,1.35564,1.35583,3.75,1.13
2011.02.25 14:19:39.059,1.35563,1.35583,2.25,2.78
2011.02.25 14:19:39.716,1.35563,1.35583,3.00,2.03
2011.02.25 14:19:41.867,1.3556,1.3558,1.50,1.13
2011.02.25 14:19:42.198,1.35563,1.35576,1.50,3.15
2011.02.25 14:19:42.419,1.35558,1.35583,1.50,2.97
2011.02.25 14:19:42.528,1.35558,1.35586,1.50,1.32
2011.02.25 14:19:42.746,1.35562,1.35583,1.50,2.59
2011.02.25 14:19:43.453,1.35561,1.35583,1.50,2.59
2011.02.25 14:19:43.957,1.35562,1.35583,1.50,2.59
2011.02.25 14:19:44.289,1.35562,1.35584,1.50,1.13
2011.02.25 14:19:44.617,1.35565,1.35587,1.50,1.13
2011.02.25 14:19:44.838,1.35563,1.35585,1.50,1.13
2011.02.25 14:19:44.950,1.35561,1.35585,1.50,1.32
2011.02.25 14:19:45.058,1.35561,1.35584,1.50,2.40
2011.02.25 14:19:45.387,1.3556,1.35584,1.50,3.23
2011.02.25 14:19:45.718,1.35561,1.35584,1.50,2.03
2011.02.25 14:19:45.827,1.35561,1.35586,1.50,1.02
2011.02.25 14:19:46.156,1.35563,1.35587,1.50,3.60
2011.02.25 14:19:46.377,1.35563,1.35588,1.50,1.58
2011.02.25 14:19:46.989,1.35563,1.35588,1.50,1.58
2011.02.25 14:19:47.499,1.35563,1.35588,1.50,1.58
2011.02.25 14:19:47.608,1.35563,1.35588,1.50,1.58
2011.02.25 14:19:48.051,1.35562,1.35585,1.65,1.88
2011.02.25 14:19:48.170,1.35559,1.35582,1.50,1.20
2011.02.25 14:19:48.507,1.35559,1.35583,1.50,3.23
2011.02.25 14:19:48.837,1.35559,1.35584,1.50,1.58
2011.02.25 14:19:49.606,1.35559,1.35584,3.00,1.58
2011.02.25 14:19:50.317,1.35559,1.35582,3.00,1.39
2011.02.25 14:19:50.427,1.35559,1.3558,3.00,1.65
2011.02.25 14:19:50.537,1.35559,1.35582,1.50,1.20
2011.02.25 14:19:50.757,1.35559,1.35584,1.50,1.20
2011.02.25 14:19:50.977,1.35559,1.35582,1.50,1.20
2011.02.25 14:19:51.526,1.35559,1.35582,1.50,1.20
2011.02.25 14:19:52.988,1.35559,1.35576,1.50,1.13
2011.02.25 14:19:53.604,1.35552,1.35579,1.50,5.10
2011.02.25 14:19:53.826,1.35556,1.35576,1.50,1.13
2011.02.25 14:19:55.017,1.35556,1.3558,1.50,2.97
2011.02.25 14:19:55.566,1.35556,1.35579,1.50,1.13
2011.02.25 14:19:56.336,1.35556,1.35579,1.50,1.13
2011.02.25 14:19:57.353,1.35556,1.35576,1.50,1.13
2011.02.25 14:19:59.628,1.35554,1.35576,1.50,1.13
2011.02.25 14:20:00.067,1.35554,1.35575,1.50,1.13
2011.02.25 14:20:02.340,1.3556,1.35575,1.65,1.13
2011.02.25 14:20:02.667,1.35555,1.35574,1.69,1.13
2011.02.25 14:20:02.779,1.35547,1.35574,3.00,1.13
2011.02.25 14:20:02.995,1.35547,1.35576,3.19,1.20
2011.02.25 14:20:03.111,1.35551,1.35575,1.50,1.20
2011.02.25 14:20:03.449,1.35557,1.35576,2.40,1.20
2011.02.25 14:20:03.776,1.35559,1.35579,1.50,1.50
2011.02.25 14:20:04.327,1.35559,1.35579,1.50,1.50
2011.02.25 14:20:04.659,1.35559,1.35579,1.50,1.50
2011.02.25 14:20:05.178,1.35559,1.35579,1.50,1.13
2011.02.25 14:20:05.298,1.35559,1.35577,1.50,1.13
2011.02.25 14:20:05.847,1.35556,1.35579,1.50,1.13
2011.02.25 14:20:06.398,1.35556,1.35579,1.50,1.13
2011.02.25 14:20:06.998,1.35556,1.3558,1.69,1.58
2011.02.25 14:20:07.329,1.35561,1.35584,1.50,1.13
2011.02.25 14:20:08.207,1.35561,1.35585,1.69,1.58
2011.02.25 14:20:09.778,1.35566,1.35584,1.50,1.13
2011.02.25 14:20:10.107,1.35567,1.35592,1.50,3.53
2011.02.25 14:20:10.766,1.35567,1.35593,1.50,1.95
2011.02.25 14:20:12.207,1.35567,1.35593,1.50,1.95
2011.02.25 14:20:15.748,1.35567,1.35592,1.50,1.13
2011.02.25 14:20:16.736,1.35567,1.35592,1.50,1.13
2011.02.25 14:20:17.396,1.35567,1.35592,1.50,1.13
2011.02.25 14:20:17.857,1.35571,1.35592,1.50,1.13
2011.02.25 14:20:18.159,1.35571,1.35593,1.50,1.50
2011.02.25 14:20:22.889,1.35571,1.35593,1.50,1.13
2011.02.25 14:20:25.767,1.35571,1.35594,1.50,3.90
2011.02.25 14:20:27.228,1.35571,1.35594,1.50,3.90
2011.02.25 14:20:27.886,1.35567,1.35593,1.50,1.58
2011.02.25 14:20:28.549,1.35581,1.35594,1.69,1.13
2011.02.25 14:20:28.769,1.35582,1.35601,1.50,2.63
2011.02.25 14:20:29.208,1.35582,1.35604,1.50,1.13
2011.02.25 14:20:29.766,1.35582,1.35604,1.50,1.13
2011.02.25 14:20:31.377,1.35582,1.35602,1.50,1.13
2011.02.25 14:20:31.817,1.35576,1.35601,1.50,1.13
2011.02.25 14:20:32.368,1.35576,1.35601,1.50,1.13
2011.02.25 14:20:32.917,1.35576,1.35601,1.50,1.13
2011.02.25 14:20:33.246,1.35576,1.35601,1.50,1.13
2011.02.25 14:20:34.369,1.35573,1.35596,1.50,3.53
2011.02.25 14:20:34.587,1.35573,1.35595,1.50,2.40
2011.02.25 14:20:35.133,1.35573,1.35594,1.50,1.13
2011.02.25 14:20:38.764,1.35565,1.35587,1.50,2.97
2011.02.25 14:20:38.878,1.35565,1.35584,1.50,1.65
2011.02.25 14:20:38.990,1.35565,1.35589,1.50,3.98
2011.02.25 14:20:40.637,1.35565,1.35589,1.50,1.20
2011.02.25 14:20:41.078,1.35566,1.35591,1.50,2.40
2011.02.25 14:20:41.297,1.35564,1.35592,3.00,3.53
2011.02.25 14:20:41.848,1.35564,1.35589,1.50,1.20
2011.02.25 14:20:42.178,1.35564,1.35589,1.50,1.20
2011.02.25 14:20:42.751,1.35569,1.35592,1.50,1.20
2011.02.25 14:20:42.858,1.35569,1.35591,1.50,1.20
2011.02.25 14:20:43.701,1.35569,1.35592,1.50,1.20
2011.02.25 14:20:44.426,1.35569,1.35593,1.50,1.13
2011.02.25 14:20:48.256,1.35569,1.35596,1.50,5.48
2011.02.25 14:20:48.476,1.35569,1.35596,1.50,1.20
2011.02.25 14:20:49.027,1.35569,1.35596,1.50,1.58
2011.02.25 14:20:49.136,1.35569,1.35598,3.00,5.10
2011.02.25 14:20:50.126,1.35574,1.35597,1.50,1.13
2011.02.25 14:20:51.186,1.35574,1.35597,1.50,1.13
2011.02.25 14:20:51.796,1.35574,1.35597,1.50,1.13
2011.02.25 14:20:52.152,1.35574,1.35597,1.50,1.13
2011.02.25 14:20:52.719,1.35574,1.35598,1.50,1.13
2011.02.25 14:20:53.377,1.35574,1.35597,1.50,1.13
2011.02.25 14:20:53.487,1.35574,1.35596,1.50,1.13
2011.02.25 14:20:54.147,1.35574,1.35596,1.50,1.13
2011.02.25 14:20:55.687,1.35574,1.35599,1.50,1.58
2011.02.25 14:20:56.018,1.35574,1.35599,1.50,1.58
2011.02.25 14:20:56.128,1.35574,1.35599,1.50,1.58
2011.02.25 14:20:56.347,1.35574,1.35599,1.50,1.58
2011.02.25 14:20:57.838,1.35574,1.35593,1.50,2.78
2011.02.25 14:20:58.621,1.35572,1.35589,1.50,1.13
2011.02.25 14:20:58.847,1.35569,1.35591,1.50,1.13
2011.02.25 14:20:59.289,1.35569,1.35595,1.50,3.98
2011.02.25 14:20:59.617,1.35574,1.35597,1.50,3.53
2011.02.25 14:20:59.727,1.35575,1.35599,1.50,2.78
2011.02.25 14:21:00.059,1.35577,1.35601,1.50,3.15
2011.02.25 14:21:00.168,1.35577,1.35602,1.50,5.40
2011.02.25 14:21:00.499,1.35572,1.35594,1.50,1.65
2011.02.25 14:21:00.829,1.35577,1.356,1.50,2.78
2011.02.25 14:21:01.376,1.35577,1.35601,1.50,1.88
2011.02.25 14:21:02.147,1.35577,1.35602,1.50,5.40
2011.02.25 14:21:02.621,1.35577,1.35603,1.69,1.58
2011.02.25 14:21:03.084,1.35585,1.35604,1.50,1.13
2011.02.25 14:21:03.418,1.35585,1.35606,1.50,1.13
2011.02.25 14:21:03.637,1.35585,1.3561,1.50,3.53
2011.02.25 14:21:04.188,1.35582,1.35608,1.50,1.20
2011.02.25 14:21:04.408,1.35582,1.35608,1.50,1.20
2011.02.25 14:21:05.066,1.35582,1.35608,1.50,1.20
2011.02.25 14:21:05.617,1.35584,1.35609,1.69,3.23
2011.02.25 14:21:06.166,1.35587,1.35611,1.50,3.98
2011.02.25 14:21:08.196,1.35587,1.35609,1.50,2.40
2011.02.25 14:21:10.279,1.35587,1.35609,1.50,2.40
2011.02.25 14:21:10.680,1.3559,1.35613,1.50,3.53
2011.02.25 14:21:10.800,1.3559,1.35613,1.50,3.53
2011.02.25 14:21:11.127,1.3559,1.35606,1.50,2.40
2011.02.25 14:21:11.348,1.35591,1.35612,1.50,3.72
2011.02.25 14:21:11.457,1.35589,1.35612,1.50,3.72
2011.02.25 14:21:11.568,1.35588,1.3561,1.65,3.53
2011.02.25 14:21:12.118,1.35589,1.3561,1.50,3.53
2011.02.25 14:21:12.339,1.35589,1.35613,1.50,2.48
2011.02.25 14:21:12.558,1.35591,1.35616,1.50,1.88
2011.02.25 14:21:12.888,1.35591,1.35617,1.50,2.33
2011.02.25 14:21:14.217,1.35591,1.35617,1.50,2.33
2011.02.25 14:21:14.677,1.35591,1.35617,1.69,3.08
2011.02.25 14:21:15.289,1.35596,1.35623,1.50,1.50
2011.02.25 14:21:15.739,1.35598,1.35625,1.50,1.95
2011.02.25 14:21:17.084,1.35597,1.35613,1.50,2.78
2011.02.25 14:21:17.199,1.35588,1.35613,1.50,5.18
2011.02.25 14:21:17.309,1.35588,1.35614,1.50,1.13
2011.02.25 14:21:17.641,1.35592,1.35615,1.50,3.60
2011.02.25 14:21:17.749,1.35593,1.35617,2.59,1.20
2011.02.25 14:21:17.860,1.35594,1.35623,1.50,3.98
2011.02.25 14:21:17.967,1.35593,1.3562,2.40,3.53
2011.02.25 14:21:18.187,1.35592,1.35617,1.50,2.40
2011.02.25 14:21:18.627,1.35591,1.35617,1.50,2.85
2011.02.25 14:21:18.958,1.35591,1.35609,2.25,1.13
2011.02.25 14:21:19.180,1.35594,1.35618,1.50,1.20
2011.02.25 14:21:19.506,1.35596,1.35622,4.28,3.23
2011.02.25 14:21:20.303,1.35596,1.35622,1.50,3.23
2011.02.25 14:21:20.827,1.35597,1.35622,3.53,3.23
2011.02.25 14:21:20.938,1.35597,1.35622,3.53,3.23
2011.02.25 14:21:21.157,1.356,1.35622,1.50,2.78
2011.02.25 14:21:21.708,1.35599,1.35621,1.50,1.13
2011.02.25 14:21:22.391,1.35601,1.35621,1.50,1.13
2011.02.25 14:21:22.949,1.35599,1.35621,2.25,1.13
2011.02.25 14:21:23.058,1.35599,1.35621,2.25,1.32
2011.02.25 14:21:23.617,1.35599,1.35615,1.50,1.65
2011.02.25 14:21:24.057,1.35597,1.35615,1.50,1.65
2011.02.25 14:21:29.328,1.35593,1.35615,1.50,2.78
2011.02.25 14:21:29.437,1.35593,1.35615,1.50,2.78
2011.02.25 14:21:39.238,1.35597,1.35616,1.50,1.13
2011.02.25 14:21:39.566,1.35599,1.35619,2.25,1.13
2011.02.25 14:21:40.088,1.35599,1.35618,2.25,1.13
2011.02.25 14:21:40.625,1.35599,1.35618,1.50,1.13
2011.02.25 14:21:40.849,1.35597,1.35619,1.50,1.13
2011.02.25 14:21:41.398,1.35597,1.35619,1.50,1.13
2011.02.25 14:21:41.507,1.35597,1.35619,1.50,1.13
2011.02.25 14:21:42.074,1.35597,1.35618,1.50,1.13
2011.02.25 14:21:42.408,1.35596,1.35618,2.25,1.13
2011.02.25 14:21:42.737,1.35591,1.35616,4.28,2.40
2011.02.25 14:21:43.292,1.35589,1.35613,1.50,1.65
2011.02.25 14:21:43.409,1.35589,1.35616,4.28,1.20
2011.02.25 14:21:43.737,1.35594,1.35619,3.53,3.23
2011.02.25 14:21:44.397,1.35594,1.35619,4.28,3.23
2011.02.25 14:21:48.867,1.35594,1.35618,3.53,1.13
2011.02.25 14:21:49.197,1.35594,1.35612,1.50,1.65
2011.02.25 14:21:49.416,1.35594,1.35612,1.50,1.65
2011.02.25 14:21:50.707,1.35594,1.35612,1.50,2.03
2011.02.25 14:21:52.937,1.35591,1.35612,1.50,2.03
2011.02.25 14:21:56.008,1.35591,1.35612,1.50,2.03
2011.02.25 14:21:56.556,1.35591,1.35612,1.50,2.78
2011.02.25 14:21:56.887,1.35591,1.35612,1.50,2.78
2011.02.25 14:21:58.947,1.35586,1.35612,1.50,3.23
2011.02.25 14:22:01.645,1.35584,1.35611,1.50,1.13
2011.02.25 14:22:01.762,1.35581,1.35605,4.28,2.40
2011.02.25 14:22:04.217,1.35579,1.35603,3.53,1.20
2011.02.25 14:22:04.666,1.35578,1.35604,3.72,1.20
2011.02.25 14:22:04.887,1.35581,1.35606,1.69,1.13
2011.02.25 14:22:05.217,1.35581,1.35605,1.50,2.78
2011.02.25 14:22:05.547,1.35581,1.35606,4.47,1.13
2011.02.25 14:22:05.657,1.35581,1.35606,1.69,1.13
2011.02.25 14:22:05.987,1.35582,1.35605,3.72,2.40
2011.02.25 14:22:06.316,1.35582,1.35605,3.53,2.40
2011.02.25 14:22:06.886,1.35582,1.35605,3.53,2.40
2011.02.25 14:22:07.607,1.35581,1.35605,1.50,2.40
2011.02.25 14:22:10.087,1.35581,1.35605,4.28,2.40
2011.02.25 14:22:12.838,1.35581,1.35605,4.28,2.40
2011.02.25 14:22:13.378,1.35586,1.35607,1.50,1.13
2011.02.25 14:22:13.598,1.35586,1.35609,1.50,1.13
2011.02.25 14:22:13.707,1.35586,1.3561,1.50,3.23
2011.02.25 14:22:13.938,1.35586,1.3561,1.50,3.23
2011.02.25 14:22:14.268,1.35586,1.3561,1.50,3.23
2011.02.25 14:22:14.488,1.35588,1.35612,3.53,3.08
2011.02.25 14:22:14.710,1.3559,1.35613,1.50,1.13
2011.02.25 14:22:15.259,1.3559,1.35613,1.50,1.13
2011.02.25 14:22:16.027,1.35587,1.3561,1.50,1.13
2011.02.25 14:22:17.567,1.35588,1.35611,3.53,2.03
2011.02.25 14:22:18.487,1.3559,1.35611,1.50,2.78
2011.02.25 14:22:19.674,1.3559,1.3561,1.50,1.13
2011.02.25 14:22:19.794,1.3559,1.35612,1.50,2.78
2011.02.25 14:22:20.348,1.3559,1.35611,1.50,1.13
2011.02.25 14:22:20.896,1.3559,1.35612,1.50,1.13
2011.02.25 14:22:21.969,1.35593,1.35616,1.50,1.50
2011.02.25 14:22:23.458,1.35592,1.35617,1.50,1.50
2011.02.25 14:22:24.834,1.35592,1.35618,1.50,1.13
2011.02.25 14:22:25.427,1.35593,1.35618,1.50,1.13
2011.02.25 14:22:26.726,1.35593,1.35618,1.50,1.13
2011.02.25 14:22:27.556,1.35593,1.35618,1.50,1.13
2011.02.25 14:22:27.999,1.35593,1.35616,1.50,2.40
2011.02.25 14:22:28.218,1.35593,1.35617,1.50,1.13
2011.02.25 14:22:28.437,1.35593,1.35616,1.50,2.40
2011.02.25 14:22:28.783,1.35593,1.35616,1.50,2.40
2011.02.25 14:22:29.118,1.35593,1.35618,1.50,1.13
2011.02.25 14:22:29.449,1.3559,1.35616,4.28,1.20
2011.02.25 14:22:30.168,1.3559,1.35616,4.28,1.20
2011.02.25 14:22:30.717,1.3559,1.35616,1.50,1.20
2011.02.25 14:22:31.276,1.3559,1.35616,4.28,1.20
2011.02.25 14:22:31.867,1.3559,1.35616,4.28,1.20
2011.02.25 14:22:32.748,1.35588,1.35611,1.50,1.20
2011.02.25 14:22:32.967,1.35586,1.35611,1.50,1.20
2011.02.25 14:22:33.296,1.35589,1.35611,2.78,1.20
2011.02.25 14:22:33.737,1.35589,1.35611,2.78,1.20
2011.02.25 14:22:33.848,1.35587,1.35611,1.50,1.20
2011.02.25 14:22:33.957,1.35586,1.35611,3.53,1.20
2011.02.25 14:22:34.066,1.35589,1.35611,2.78,1.20
2011.02.25 14:22:34.397,1.35587,1.35611,6.30,1.20
2011.02.25 14:22:35.057,1.35589,1.35609,2.78,1.13
2011.02.25 14:22:35.843,1.35588,1.35609,3.53,1.13
2011.02.25 14:22:35.959,1.35588,1.35609,2.78,1.13
2011.02.25 14:22:36.609,1.35588,1.35609,2.78,1.13
2011.02.25 14:22:37.182,1.35584,1.35608,1.50,2.40
2011.02.25 14:22:40.137,1.35584,1.35602,2.25,2.40
2011.02.25 14:22:40.468,1.35585,1.35606,2.59,2.25
2011.02.25 14:22:40.909,1.35584,1.35608,1.50,2.40
2011.02.25 14:22:41.017,1.35581,1.35608,1.50,2.85
2011.02.25 14:22:41.458,1.35578,1.35608,3.15,1.20
2011.02.25 14:22:41.678,1.35578,1.35601,1.50,1.20
2011.02.25 14:22:42.162,1.35577,1.35603,2.25,1.20
2011.02.25 14:22:42.939,1.35579,1.35603,3.53,1.20
2011.02.25 14:22:43.159,1.35579,1.35603,4.28,1.20
2011.02.25 14:22:44.898,1.35579,1.35603,4.28,1.20
2011.02.25 14:22:45.451,1.35579,1.35603,1.50,1.20
2011.02.25 14:22:45.788,1.35579,1.35603,1.50,1.20
2011.02.25 14:22:46.007,1.35577,1.35603,2.25,1.20
2011.02.25 14:22:46.338,1.35577,1.35603,2.25,1.20
2011.02.25 14:22:48.267,1.35577,1.35603,2.25,1.20
2011.02.25 14:22:49.077,1.35577,1.35603,1.50,1.20
2011.02.25 14:22:49.297,1.35577,1.35603,1.50,1.20
2011.02.25 14:22:51.008,1.35577,1.35603,1.50,1.20
2011.02.25 14:22:51.499,1.35573,1.35597,1.50,1.58
2011.02.25 14:22:52.159,1.35573,1.35597,1.50,1.20
2011.02.25 14:22:52.487,1.35573,1.35597,1.50,1.58
2011.02.25 14:22:52.927,1.35573,1.35597,1.50,1.58
2011.02.25 14:22:53.668,1.35571,1.35597,2.25,1.58
2011.02.25 14:22:54.147,1.35573,1.35595,1.50,2.40
2011.02.25 14:22:54.366,1.35573,1.35595,1.50,2.40
2011.02.25 14:22:54.916,1.35573,1.35595,3.00,2.40
2011.02.25 14:22:55.670,1.35575,1.35595,1.50,2.40
2011.02.25 14:22:55.781,1.35575,1.35597,3.00,1.13
2011.02.25 14:22:56.008,1.35574,1.35597,1.50,1.13
2011.02.25 14:22:56.118,1.35573,1.35597,1.50,1.13
2011.02.25 14:22:56.594,1.3557,1.35595,1.50,1.20
2011.02.25 14:22:56.711,1.35568,1.35595,3.75,1.20
2011.02.25 14:22:57.279,1.35566,1.35592,1.50,5.63
2011.02.25 14:22:57.939,1.35562,1.35586,1.50,1.20
2011.02.25 14:22:58.489,1.35566,1.35585,1.69,1.13
2011.02.25 14:22:58.818,1.35565,1.35587,2.25,1.65
2011.02.25 14:22:59.038,1.35564,1.35586,1.50,1.13
2011.02.25 14:22:59.477,1.35564,1.3559,1.50,1.95
2011.02.25 14:22:59.588,1.35564,1.35585,1.50,1.13
2011.02.25 14:22:59.917,1.35564,1.35585,1.50,1.13
2011.02.25 14:23:00.469,1.35563,1.35585,1.69,1.13
2011.02.25 14:23:00.912,1.35559,1.35584,1.69,1.20
2011.02.25 14:23:01.137,1.35559,1.35583,3.34,1.20
2011.02.25 14:23:01.839,1.35557,1.35584,1.69,1.95
2011.02.25 14:23:01.958,1.35557,1.35583,1.69,1.20
2011.02.25 14:23:02.177,1.35557,1.35584,1.69,1.95
2011.02.25 14:23:02.619,1.35561,1.35587,1.50,1.13
2011.02.25 14:23:02.732,1.35561,1.35586,1.69,1.13
2011.02.25 14:23:03.067,1.35575,1.3559,1.50,4.73
2011.02.25 14:23:03.178,1.35571,1.35589,1.50,1.20
2011.02.25 14:23:03.399,1.3557,1.3559,1.50,3.53
2011.02.25 14:23:03.508,1.35567,1.3559,2.25,3.53
2011.02.25 14:23:03.728,1.35569,1.35586,1.50,2.40
2011.02.25 14:23:04.058,1.35565,1.35586,2.25,2.40
2011.02.25 14:23:04.607,1.3556,1.35584,2.44,1.20
2011.02.25 14:23:05.208,1.3556,1.35584,2.44,1.20
2011.02.25 14:23:05.318,1.3556,1.35584,2.44,1.20
2011.02.25 14:23:05.428,1.3556,1.35584,1.50,1.20
2011.02.25 14:23:05.978,1.3556,1.35584,1.50,1.20
2011.02.25 14:23:06.530,1.35559,1.35584,1.69,1.20
2011.02.25 14:23:07.178,1.3556,1.35584,1.50,1.20
2011.02.25 14:23:07.726,1.3556,1.35584,1.50,1.20
2011.02.25 14:23:08.167,1.3556,1.35584,1.69,1.20
2011.02.25 14:23:08.277,1.3556,1.35584,1.69,1.20
2011.02.25 14:23:08.607,1.35561,1.35586,1.50,1.13
2011.02.25 14:23:09.157,1.35561,1.35586,2.44,1.13
2011.02.25 14:23:09.267,1.35562,1.35586,1.69,1.13
2011.02.25 14:23:09.597,1.35561,1.35586,1.69,1.13
2011.02.25 14:23:09.708,1.35562,1.35585,1.69,1.13
2011.02.25 14:23:09.927,1.35559,1.35583,1.69,1.20
2011.02.25 14:23:10.477,1.35559,1.35583,1.50,1.20
2011.02.25 14:23:11.029,1.35555,1.35582,4.47,1.20
2011.02.25 14:23:11.521,1.35558,1.35582,1.50,1.20
2011.02.25 14:23:12.078,1.35558,1.35583,1.50,1.95
2011.02.25 14:23:12.897,1.35559,1.35586,1.50,1.58
2011.02.25 14:23:14.268,1.35559,1.35585,1.50,1.13
2011.02.25 14:23:15.566,1.35559,1.35585,1.50,1.13
2011.02.25 14:23:16.117,1.35559,1.35586,1.50,1.20
2011.02.25 14:23:16.227,1.35559,1.35586,1.50,1.20
2011.02.25 14:23:16.428,1.35559,1.35586,1.50,1.20
2011.02.25 14:23:16.759,1.35564,1.35586,1.65,1.20
2011.02.25 14:23:17.846,1.35564,1.35586,1.65,1.20
2011.02.25 14:23:18.178,1.35557,1.35578,1.50,1.20
2011.02.25 14:23:18.287,1.35554,1.3558,2.48,1.95
2011.02.25 14:23:18.507,1.35557,1.35583,2.40,1.95
2011.02.25 14:23:18.819,1.35557,1.35582,1.65,1.20
2011.02.25 14:23:19.367,1.35557,1.35582,1.65,1.20
2011.02.25 14:23:19.647,1.35557,1.35582,2.40,1.20
2011.02.25 14:23:20.967,1.35553,1.35579,1.50,1.20
2011.02.25 14:23:21.187,1.35553,1.35579,1.50,1.20
2011.02.25 14:23:21.407,1.35553,1.35579,1.50,1.20
2011.02.25 14:23:22.254,1.35548,1.35572,1.50,1.20
2011.02.25 14:23:22.373,1.35548,1.35569,1.50,1.65
2011.02.25 14:23:22.488,1.35548,1.35569,1.50,2.40
2011.02.25 14:23:22.817,1.35548,1.35569,1.50,1.65
2011.02.25 14:23:23.259,1.35548,1.35569,1.50,1.65
2011.02.25 14:23:23.476,1.35548,1.35572,1.50,1.20
2011.02.25 14:23:24.247,1.35548,1.35572,1.50,1.20
2011.02.25 14:23:25.117,1.35545,1.35572,2.59,1.20
2011.02.25 14:23:25.711,1.35546,1.35569,1.50,2.40
2011.02.25 14:23:25.818,1.35548,1.35569,1.50,2.40
2011.02.25 14:23:26.037,1.35548,1.35569,1.50,2.40
2011.02.25 14:23:26.588,1.35543,1.35568,1.50,3.53
2011.02.25 14:23:26.700,1.35543,1.35566,1.50,1.69
2011.02.25 14:23:26.809,1.35539,1.35563,1.50,3.34
2011.02.25 14:23:27.027,1.35537,1.35559,1.50,2.10
2011.02.25 14:23:27.668,1.35535,1.35558,1.50,3.53
2011.02.25 14:23:28.012,1.35531,1.35559,3.19,3.23
2011.02.25 14:23:28.569,1.35537,1.35567,1.50,4.73
2011.02.25 14:23:29.008,1.35538,1.35561,1.50,1.13
2011.02.25 14:23:29.229,1.35538,1.3556,1.50,3.53
2011.02.25 14:23:29.338,1.35535,1.35559,1.50,3.53
2011.02.25 14:23:29.447,1.35532,1.35559,1.50,3.53
2011.02.25 14:23:29.886,1.35533,1.35557,1.50,1.20
2011.02.25 14:23:30.219,1.35524,1.35547,1.58,3.53
2011.02.25 14:23:30.611,1.35519,1.35543,1.50,3.90
2011.02.25 14:23:31.222,1.35519,1.35541,1.50,2.78
2011.02.25 14:23:31.339,1.35519,1.35543,1.50,3.60
2011.02.25 14:23:31.887,1.35519,1.35542,1.50,3.53
2011.02.25 14:23:32.437,1.35519,1.35541,1.50,2.78
2011.02.25 14:23:32.660,1.35519,1.35545,1.50,1.58
2011.02.25 14:23:32.771,1.35522,1.35545,1.69,2.78
2011.02.25 14:23:32.890,1.35528,1.35546,1.50,3.15
2011.02.25 14:23:32.998,1.35528,1.35552,3.15,2.70
2011.02.25 14:23:33.109,1.35528,1.35553,2.40,1.20
2011.02.25 14:23:33.327,1.35526,1.35553,1.50,1.20
2011.02.25 14:23:33.657,1.35527,1.35548,1.50,1.20
2011.02.25 14:23:33.878,1.35527,1.35548,1.50,1.20
2011.02.25 14:23:34.586,1.35521,1.35549,1.50,1.20
2011.02.25 14:23:34.920,1.35515,1.35542,1.50,1.20
2011.02.25 14:23:35.139,1.35519,1.35546,2.40,3.83
2011.02.25 14:23:35.687,1.3552,1.35545,1.69,1.58
2011.02.25 14:23:36.348,1.35516,1.35537,1.50,2.78
2011.02.25 14:23:36.659,1.35511,1.35537,3.15,4.73
2011.02.25 14:23:36.761,1.35511,1.35535,3.15,1.20
2011.02.25 14:23:36.990,1.35506,1.3553,2.40,1.20
2011.02.25 14:23:37.318,1.35512,1.35536,2.40,1.58
2011.02.25 14:23:37.537,1.35512,1.35532,1.65,1.13
2011.02.25 14:23:37.650,1.35504,1.3553,1.09,1.20
2011.02.25 14:23:38.048,1.35502,1.35529,1.69,1.50
2011.02.25 14:23:38.164,1.35509,1.35534,2.40,1.58
2011.02.25 14:23:38.662,1.355,1.35525,2.59,1.50
2011.02.25 14:23:38.999,1.355,1.35519,1.50,1.50
2011.02.25 14:23:39.327,1.355,1.35519,1.50,1.50
2011.02.25 14:23:40.259,1.355,1.35519,1.50,1.50
2011.02.25 14:23:40.369,1.355,1.35515,1.50,2.78
2011.02.25 14:23:40.698,1.355,1.35511,1.50,1.32
2011.02.25 14:23:41.029,1.35502,1.35522,1.50,3.00
2011.02.25 14:23:41.138,1.35503,1.35527,1.50,2.07
2011.02.25 14:23:41.584,1.3551,1.35532,1.69,5.25
2011.02.25 14:23:41.707,1.35524,1.35545,3.53,1.20
2011.02.25 14:23:42.042,1.35522,1.35547,2.40,1.95
2011.02.25 14:23:42.160,1.35522,1.35552,2.40,1.58
2011.02.25 14:23:42.382,1.35528,1.35547,2.40,1.50
2011.02.25 14:23:42.498,1.35526,1.35547,3.53,1.50
2011.02.25 14:23:42.830,1.35529,1.35554,1.50,2.33
2011.02.25 14:23:43.377,1.35531,1.35554,3.53,1.58
2011.02.25 14:23:43.710,1.35532,1.35554,3.53,1.58
2011.02.25 14:23:44.040,1.35535,1.35557,2.40,2.25
2011.02.25 14:23:44.259,1.35533,1.35559,1.50,1.20
2011.02.25 14:23:44.858,1.35533,1.35559,1.50,1.58
2011.02.25 14:23:45.101,1.35533,1.35551,1.50,1.88
2011.02.25 14:23:45.428,1.3553,1.35551,4.28,1.88
2011.02.25 14:23:45.871,1.35538,1.35551,5.93,1.88
2011.02.25 14:23:46.098,1.35539,1.35551,3.53,1.88
2011.02.25 14:23:46.319,1.35538,1.35562,3.15,1.20
2011.02.25 14:23:46.647,1.35538,1.35563,3.15,1.58
2011.02.25 14:23:46.760,1.35538,1.35562,3.15,1.39
2011.02.25 14:23:46.980,1.35538,1.35562,1.50,1.77
2011.02.25 14:23:47.309,1.35538,1.35557,3.53,1.02
2011.02.25 14:23:48.119,1.35534,1.35559,3.53,1.20
2011.02.25 14:23:48.338,1.35534,1.35559,3.53,2.33
2011.02.25 14:23:49.010,1.35537,1.35556,3.53,1.20
2011.02.25 14:23:49.340,1.3553,1.35551,2.40,2.70
2011.02.25 14:23:49.560,1.35526,1.35549,3.53,1.39
2011.02.25 14:23:49.668,1.3552,1.35547,2.40,1.39
2011.02.25 14:23:49.780,1.35525,1.35547,1.50,1.50
2011.02.25 14:23:50.108,1.35525,1.35549,4.28,1.20
2011.02.25 14:23:50.658,1.35525,1.35547,5.18,1.20
2011.02.25 14:23:50.877,1.35524,1.35548,2.40,1.20
2011.02.25 14:23:51.318,1.35524,1.35544,2.40,1.13
2011.02.25 14:23:51.537,1.35521,1.35546,1.50,1.39
2011.02.25 14:23:51.867,1.35519,1.35544,2.40,1.58
2011.02.25 14:23:52.470,1.35525,1.35547,2.40,1.20
2011.02.25 14:23:53.029,1.35525,1.35547,2.40,1.20
2011.02.25 14:23:53.798,1.35521,1.35547,1.50,1.20
2011.02.25 14:23:54.349,1.35527,1.35551,1.50,2.70
2011.02.25 14:23:54.459,1.35527,1.35551,1.50,1.20
2011.02.25 14:23:55.008,1.3553,1.35552,1.50,1.88
2011.02.25 14:23:55.230,1.35534,1.35555,1.69,1.88
2011.02.25 14:23:55.448,1.35547,1.35569,1.69,1.95
2011.02.25 14:23:55.668,1.35551,1.35569,2.40,1.20
2011.02.25 14:23:55.779,1.35543,1.35567,1.50,1.95
2011.02.25 14:23:56.175,1.35536,1.35555,3.53,2.59
2011.02.25 14:23:56.289,1.3553,1.35553,1.50,3.34
2011.02.25 14:23:57.168,1.35532,1.35553,1.50,3.15
2011.02.25 14:23:57.719,1.35531,1.35552,2.25,3.15
2011.02.25 14:23:57.938,1.35532,1.35552,1.50,3.15
2011.02.25 14:23:58.267,1.35532,1.35556,1.50,4.28
2011.02.25 14:23:58.486,1.35532,1.35556,1.50,4.28
2011.02.25 14:23:58.818,1.35532,1.35554,1.50,3.15
2011.02.25 14:23:58.927,1.35532,1.35554,1.50,3.15
2011.02.25 14:23:59.478,1.35528,1.35555,1.50,4.54
2011.02.25 14:23:59.809,1.35528,1.35556,1.50,3.08
2011.02.25 14:24:00.307,1.35535,1.35557,2.40,1.88
2011.02.25 14:24:00.870,1.35538,1.3556,2.40,1.20
2011.02.25 14:24:01.098,1.35535,1.35553,1.50,2.78
2011.02.25 14:24:01.319,1.35525,1.35555,1.50,3.79
2011.02.25 14:24:01.647,1.35525,1.35551,1.50,1.50
2011.02.25 14:24:02.197,1.35526,1.35551,1.50,1.95
2011.02.25 14:24:02.449,1.35526,1.35549,1.50,2.78
2011.02.25 14:24:02.558,1.35524,1.35546,2.40,1.20
2011.02.25 14:24:02.887,1.35522,1.35551,1.50,2.52
2011.02.25 14:24:03.438,1.35524,1.3555,1.50,1.39
2011.02.25 14:24:03.658,1.35519,1.35542,1.50,1.32
2011.02.25 14:24:03.768,1.35506,1.35534,1.50,1.95
2011.02.25 14:24:03.877,1.35506,1.35534,1.50,1.58
2011.02.25 14:24:04.208,1.35511,1.35536,1.50,2.70
2011.02.25 14:24:04.698,1.35511,1.35536,1.50,1.20
2011.02.25 14:24:05.032,1.35515,1.35537,1.50,1.88
2011.02.25 14:24:05.368,1.35515,1.35537,1.50,1.88
2011.02.25 14:24:05.478,1.35515,1.35537,1.50,2.25
2011.02.25 14:24:05.808,1.35515,1.35536,1.50,2.25
2011.02.25 14:24:06.138,1.35515,1.35537,1.50,1.88
2011.02.25 14:24:07.237,1.35515,1.35536,1.50,2.25
2011.02.25 14:24:07.459,1.35512,1.35537,1.50,2.25
2011.02.25 14:24:07.787,1.35512,1.35536,1.50,3.90
2011.02.25 14:24:08.007,1.35508,1.35534,2.40,1.95
2011.02.25 14:24:08.596,1.35512,1.35535,1.50,1.20
2011.02.25 14:24:09.039,1.35524,1.35537,1.50,1.50
2011.02.25 14:24:09.352,1.35524,1.35542,1.50,1.65
2011.02.25 14:24:09.464,1.3552,1.3555,1.50,2.59
2011.02.25 14:24:09.579,1.3552,1.35546,1.50,1.13
2011.02.25 14:24:10.019,1.35521,1.35545,1.50,3.23
2011.02.25 14:24:10.348,1.35521,1.35545,1.50,3.23
2011.02.25 14:24:10.566,1.35521,1.35546,1.50,1.58
2011.02.25 14:24:11.118,1.35521,1.35546,3.15,1.58
2011.02.25 14:24:12.218,1.35521,1.35545,3.15,1.77
2011.02.25 14:24:12.437,1.35521,1.35545,3.15,1.02
2011.02.25 14:24:12.768,1.35517,1.35543,1.50,1.20
2011.02.25 14:24:13.428,1.35517,1.35543,4.28,1.20
2011.02.25 14:24:13.647,1.35524,1.35545,3.53,2.48
2011.02.25 14:24:13.757,1.35524,1.35548,3.53,1.58
2011.02.25 14:24:13.979,1.35521,1.35548,1.50,1.58
2011.02.25 14:24:14.743,1.35521,1.35548,1.50,1.58
2011.02.25 14:24:15.557,1.35521,1.35548,1.50,1.58
2011.02.25 14:24:16.669,1.35521,1.35547,1.50,1.58
2011.02.25 14:24:16.889,1.35522,1.3555,3.15,1.58
2011.02.25 14:24:17.109,1.35523,1.3555,1.50,4.73
2011.02.25 14:24:17.437,1.35523,1.3555,1.50,2.33
2011.02.25 14:24:17.659,1.35523,1.3555,1.50,1.58
2011.02.25 14:24:18.226,1.35523,1.3555,1.50,1.95
2011.02.25 14:24:19.358,1.35523,1.35548,1.50,1.13
2011.02.25 14:24:19.577,1.35523,1.35548,1.50,4.28
2011.02.25 14:24:19.909,1.35518,1.35545,1.65,2.85
2011.02.25 14:24:20.465,1.35525,1.35551,1.50,2.70
2011.02.25 14:24:20.689,1.35528,1.35551,1.50,2.33
2011.02.25 14:24:20.909,1.35529,1.35552,1.50,2.25
2011.02.25 14:24:21.348,1.35522,1.35551,1.69,1.58
2011.02.25 14:24:21.461,1.35522,1.35549,1.69,1.20
2011.02.25 14:24:21.689,1.35522,1.35544,1.50,2.40
2011.02.25 14:24:21.909,1.35522,1.35546,1.50,1.20
2011.02.25 14:24:22.132,1.35527,1.35552,1.69,2.03
2011.02.25 14:24:22.359,1.35523,1.35548,1.50,1.20
2011.02.25 14:24:22.908,1.3552,1.35545,1.50,1.95
2011.02.25 14:24:23.237,1.3552,1.35545,1.50,1.20
2011.02.25 14:24:23.458,1.3552,1.35542,1.50,1.50
2011.02.25 14:24:23.696,1.3552,1.35545,1.50,1.20
2011.02.25 14:24:24.214,1.3552,1.35546,1.50,3.23
2011.02.25 14:24:24.550,1.3552,1.35547,1.50,1.20
2011.02.25 14:24:26.748,1.3552,1.35547,1.50,1.20
2011.02.25 14:24:27.190,1.3552,1.35547,1.50,1.20
2011.02.25 14:24:27.739,1.35521,1.3554,3.53,1.20
2011.02.25 14:24:27.850,1.35518,1.35545,4.28,1.95
2011.02.25 14:24:27.958,1.35518,1.35545,4.28,2.70
2011.02.25 14:24:28.648,1.35518,1.35543,4.28,1.65
2011.02.25 14:24:28.763,1.35518,1.35546,1.50,1.20
2011.02.25 14:24:28.877,1.35523,1.35547,1.50,2.10
2011.02.25 14:24:29.566,1.35523,1.35547,1.50,2.10
2011.02.25 14:24:30.138,1.35523,1.35547,1.50,2.48
2011.02.25 14:24:30.466,1.35523,1.35547,1.50,2.48
2011.02.25 14:24:32.319,1.35523,1.35547,1.50,3.23
2011.02.25 14:24:32.907,1.35523,1.35547,1.50,2.48
2011.02.25 14:24:33.018,1.35523,1.35547,1.50,2.48
2011.02.25 14:24:33.897,1.35523,1.35548,1.50,2.48
2011.02.25 14:24:34.655,1.35523,1.35548,1.50,2.48
2011.02.25 14:24:34.774,1.35523,1.35549,1.50,1.58
2011.02.25 14:24:35.437,1.35523,1.35549,1.50,1.20
2011.02.25 14:24:35.988,1.35523,1.35549,1.50,1.20
2011.02.25 14:24:36.319,1.35524,1.35547,2.40,1.20
2011.02.25 14:24:36.539,1.35518,1.35544,1.50,1.20
2011.02.25 14:24:36.759,1.35515,1.35541,3.00,1.32
2011.02.25 14:24:36.870,1.35515,1.3554,3.00,3.34
2011.02.25 14:24:37.420,1.35512,1.35535,1.50,1.84
2011.02.25 14:24:38.187,1.35512,1.35535,1.50,1.65
2011.02.25 14:24:38.407,1.35512,1.35539,1.50,1.20
2011.02.25 14:24:39.069,1.35516,1.3554,1.50,2.10
2011.02.25 14:24:39.178,1.35516,1.3554,1.50,2.10
2011.02.25 14:24:39.599,1.35516,1.35543,1.50,1.20
2011.02.25 14:24:40.148,1.35516,1.35543,1.50,1.20
2011.02.25 14:24:40.797,1.35516,1.35543,1.50,1.20
2011.02.25 14:24:41.497,1.35516,1.35543,1.50,1.20
2011.02.25 14:24:42.046,1.35516,1.35543,1.50,1.20
2011.02.25 14:24:42.617,1.35516,1.35543,1.50,1.20
2011.02.25 14:24:42.950,1.35518,1.35543,1.69,1.20
2011.02.25 14:24:43.059,1.3552,1.35545,1.69,1.65
2011.02.25 14:24:43.169,1.35522,1.35548,3.53,1.20
2011.02.25 14:24:43.388,1.3552,1.35548,3.34,1.20
2011.02.25 14:24:44.047,1.3552,1.35549,1.50,5.63
2011.02.25 14:24:44.210,1.3552,1.35548,1.50,1.20
2011.02.25 14:24:44.538,1.3552,1.35549,3.15,1.20
2011.02.25 14:24:45.014,1.3552,1.35548,1.50,1.20
2011.02.25 14:24:45.570,1.35519,1.35544,1.50,1.65
2011.02.25 14:24:46.118,1.35519,1.35544,1.50,1.65
2011.02.25 14:24:46.638,1.35519,1.35544,1.50,1.65
2011.02.25 14:24:47.077,1.35519,1.35545,1.50,2.10
2011.02.25 14:24:47.407,1.35519,1.35545,1.50,2.10
2011.02.25 14:24:47.738,1.35526,1.35549,1.69,1.20
2011.02.25 14:24:47.848,1.35531,1.35549,2.40,1.20
2011.02.25 14:24:47.959,1.35523,1.35553,1.50,2.14
2011.02.25 14:24:48.178,1.35526,1.35548,1.50,1.65
2011.02.25 14:24:48.289,1.35526,1.35552,1.50,2.29
2011.02.25 14:24:48.397,1.35526,1.35552,1.50,2.29
2011.02.25 14:24:49.240,1.35525,1.35548,1.50,2.10
2011.02.25 14:24:49.788,1.35521,1.35547,1.50,2.10
2011.02.25 14:24:50.338,1.35521,1.35547,1.50,2.10
2011.02.25 14:24:50.718,1.35521,1.35547,1.50,2.10
2011.02.25 14:24:51.707,1.35521,1.35546,1.50,1.20
2011.02.25 14:24:51.821,1.35521,1.35544,1.50,4.09
2011.02.25 14:24:52.157,1.35515,1.35539,1.50,1.65
2011.02.25 14:24:53.239,1.35515,1.35539,1.50,1.65
2011.02.25 14:24:53.348,1.35515,1.35535,1.50,1.09
2011.02.25 14:24:53.460,1.35515,1.35534,1.50,1.13
2011.02.25 14:24:53.568,1.35508,1.35533,2.25,1.20
2011.02.25 14:24:54.183,1.3551,1.35537,2.25,1.20
2011.02.25 14:24:54.313,1.35511,1.35537,2.25,1.20
2011.02.25 14:24:54.540,1.35514,1.35541,1.50,2.85
2011.02.25 14:24:54.871,1.35514,1.35541,1.50,1.20
2011.02.25 14:24:55.758,1.35514,1.3554,1.50,3.23
2011.02.25 14:24:55.869,1.35514,1.35538,1.50,3.23
2011.02.25 14:24:56.417,1.35514,1.35541,1.50,3.98
2011.02.25 14:24:56.529,1.35514,1.3554,1.50,4.88
2011.02.25 14:24:56.747,1.35514,1.35538,1.50,1.20
2011.02.25 14:24:56.858,1.35511,1.35537,1.50,3.23
2011.02.25 14:24:57.409,1.35511,1.35537,1.50,3.23
2011.02.25 14:24:57.628,1.35511,1.35537,1.50,6.75
2011.02.25 14:24:58.176,1.35511,1.35535,1.50,5.63
2011.02.25 14:24:58.777,1.35511,1.35535,1.50,4.88
2011.02.25 14:24:59.289,1.35511,1.35538,3.15,1.39
2011.02.25 14:24:59.729,1.35511,1.35534,3.15,1.69
2011.02.25 14:24:59.846,1.35511,1.35536,1.50,2.48
2011.02.25 14:24:59.959,1.35511,1.35536,1.50,2.48
2011.02.25 14:25:00.177,1.35511,1.35536,1.50,5.25
2011.02.25 14:25:00.508,1.35511,1.35535,1.50,1.95
2011.02.25 14:25:01.077,1.35508,1.35534,1.50,1.58
2011.02.25 14:25:02.198,1.35508,1.35532,1.50,1.58
2011.02.25 14:25:04.377,1.35508,1.35532,1.50,3.23
2011.02.25 14:25:05.386,1.35508,1.35532,1.50,3.23
2011.02.25 14:25:05.720,1.35508,1.35533,1.50,3.23
2011.02.25 14:25:06.148,1.35514,1.35535,1.50,1.50
2011.02.25 14:25:06.265,1.35514,1.35537,1.50,2.78
2011.02.25 14:25:06.487,1.35514,1.35537,1.50,2.78
2011.02.25 14:25:06.848,1.35514,1.35539,1.50,2.78
2011.02.25 14:25:07.179,1.35514,1.35536,1.50,2.78
2011.02.25 14:25:07.289,1.35514,1.3554,1.50,4.88
2011.02.25 14:25:07.398,1.35512,1.35539,1.50,3.98
2011.02.25 14:25:07.507,1.35512,1.35539,1.50,4.73
2011.02.25 14:25:08.087,1.35515,1.35539,1.50,3.23
2011.02.25 14:25:08.959,1.35515,1.35542,1.50,1.20
2011.02.25 14:25:09.287,1.35515,1.35542,1.50,2.70
2011.02.25 14:25:11.226,1.35515,1.35542,1.50,3.98
2011.02.25 14:25:11.437,1.35515,1.35542,1.50,3.98
2011.02.25 14:25:11.987,1.35515,1.35542,1.50,3.98
2011.02.25 14:25:12.227,1.35515,1.35542,1.50,3.98
2011.02.25 14:25:12.597,1.35515,1.35542,1.50,3.98
2011.02.25 14:25:12.857,1.35515,1.35542,1.50,1.20
2011.02.25 14:25:13.728,1.35515,1.35542,1.50,1.20
2011.02.25 14:25:14.277,1.35515,1.35542,1.50,1.20
2011.02.25 14:25:14.718,1.35514,1.35542,1.50,1.20
2011.02.25 14:25:14.828,1.35515,1.35538,1.50,2.40
2011.02.25 14:25:15.159,1.35515,1.35541,1.50,1.20
2011.02.25 14:25:15.488,1.35511,1.35538,1.50,1.20
2011.02.25 14:25:15.598,1.35511,1.35537,1.50,1.20
2011.02.25 14:25:16.148,1.35515,1.35542,1.50,6.23
2011.02.25 14:25:18.730,1.35514,1.35539,2.40,1.20
2011.02.25 14:25:18.959,1.35514,1.35539,2.40,1.20
2011.02.25 14:25:19.074,1.35512,1.35539,1.69,3.98
2011.02.25 14:25:19.410,1.35515,1.35542,3.15,1.20
2011.02.25 14:25:19.738,1.35515,1.35542,3.15,1.20
2011.02.25 14:25:20.068,1.35518,1.35542,1.50,1.20
2011.02.25 14:25:21.327,1.35521,1.35547,1.50,3.23
2011.02.25 14:25:22.297,1.35521,1.35546,1.50,1.13
2011.02.25 14:25:22.850,1.35524,1.35547,1.50,2.78
2011.02.25 14:25:23.497,1.35524,1.35547,1.50,2.03
2011.02.25 14:25:24.097,1.35524,1.35549,1.50,1.13
2011.02.25 14:25:24.208,1.35524,1.35551,1.50,1.20
2011.02.25 14:25:24.318,1.35524,1.35547,1.50,1.65
2011.02.25 14:25:25.967,1.35524,1.35551,1.50,1.20
2011.02.25 14:25:26.409,1.35527,1.35551,3.53,1.20
2011.02.25 14:25:26.628,1.35531,1.35555,1.50,1.20
2011.02.25 14:25:26.848,1.35531,1.35555,1.50,1.20
2011.02.25 14:25:27.397,1.35531,1.35555,1.50,1.20
2011.02.25 14:25:28.989,1.35531,1.35557,1.50,2.10
2011.02.25 14:25:29.421,1.35533,1.35561,1.50,1.13
2011.02.25 14:25:29.764,1.35533,1.35563,1.69,2.70
2011.02.25 14:25:30.098,1.35536,1.35561,1.50,3.53
2011.02.25 14:25:31.117,1.35536,1.35561,1.50,3.53
2011.02.25 14:25:32.259,1.35537,1.35563,1.50,4.35
2011.02.25 14:25:32.589,1.35537,1.35562,1.50,3.90
2011.02.25 14:25:33.028,1.35531,1.35557,1.50,1.20
2011.02.25 14:25:33.468,1.35532,1.3556,1.69,1.20
2011.02.25 14:25:33.580,1.35535,1.3556,1.50,1.20
2011.02.25 14:25:34.018,1.35535,1.35555,1.50,2.40
2011.02.25 14:25:34.239,1.35535,1.35561,1.50,2.52
2011.02.25 14:25:34.569,1.35535,1.35554,1.50,1.65
2011.02.25 14:25:34.677,1.35535,1.3556,1.50,1.39
2011.02.25 14:25:35.299,1.35535,1.35561,1.50,1.77
2011.02.25 14:25:35.519,1.35536,1.35562,3.53,2.33
2011.02.25 14:25:35.959,1.35535,1.35559,1.50,1.20
2011.02.25 14:25:36.507,1.35535,1.3556,1.50,1.58
2011.02.25 14:25:38.009,1.35535,1.35559,1.50,1.20
2011.02.25 14:25:38.997,1.35535,1.35559,1.50,1.20
2011.02.25 14:25:39.218,1.35535,1.35559,1.50,1.20
2011.02.25 14:25:39.720,1.35535,1.35559,1.50,3.98
2011.02.25 14:25:40.267,1.35534,1.35554,1.50,2.40
2011.02.25 14:25:40.839,1.35535,1.35554,1.50,2.40
2011.02.25 14:25:41.438,1.35525,1.35544,1.50,2.40
2011.02.25 14:25:41.553,1.35525,1.35547,1.50,1.20
2011.02.25 14:25:41.778,1.35525,1.35544,1.50,1.65
2011.02.25 14:25:42.326,1.35525,1.35544,1.50,1.65
2011.02.25 14:25:42.772,1.35525,1.35544,1.50,1.65
2011.02.25 14:25:43.998,1.35525,1.35544,1.50,1.65
2011.02.25 14:25:44.328,1.35525,1.35549,1.50,1.20
2011.02.25 14:25:44.438,1.35525,1.3555,1.50,2.85
2011.02.25 14:25:44.548,1.35525,1.3555,1.50,1.20
2011.02.25 14:25:45.767,1.35525,1.3555,1.50,1.20
2011.02.25 14:25:46.098,1.35525,1.35552,1.50,1.20
2011.02.25 14:25:46.207,1.35525,1.35552,1.50,1.20
2011.02.25 14:25:46.670,1.35525,1.35547,1.50,1.65
2011.02.25 14:25:46.779,1.35521,1.35547,1.50,2.85
2011.02.25 14:25:47.508,1.35521,1.35546,1.50,3.23
2011.02.25 14:25:47.840,1.35526,1.35547,1.50,1.65
2011.02.25 14:25:48.279,1.35518,1.35541,6.30,1.20
2011.02.25 14:25:48.389,1.35515,1.35541,2.25,1.20
2011.02.25 14:25:48.609,1.35515,1.35542,2.25,1.20
2011.02.25 14:25:48.829,1.35517,1.35543,3.00,1.20
2011.02.25 14:25:49.160,1.35517,1.35543,3.15,1.20
2011.02.25 14:25:49.487,1.35517,1.35543,1.50,1.20
2011.02.25 14:25:50.038,1.35517,1.35544,1.50,1.20
2011.02.25 14:25:50.259,1.35514,1.35543,1.50,3.23
2011.02.25 14:25:50.724,1.35514,1.35541,1.50,1.20
2011.02.25 14:25:51.079,1.35522,1.35547,1.50,4.28
2011.02.25 14:25:51.737,1.35522,1.35548,1.50,3.23
2011.02.25 14:25:51.847,1.35522,1.35548,1.50,3.98
2011.02.25 14:25:52.998,1.35522,1.3555,2.44,1.20
2011.02.25 14:25:53.363,1.35527,1.3555,2.40,1.20
2011.02.25 14:25:53.588,1.35527,1.35547,2.40,3.53
2011.02.25 14:25:53.809,1.35522,1.35547,1.50,4.28
2011.02.25 14:25:53.918,1.35518,1.35544,2.40,1.20
2011.02.25 14:25:55.676,1.35517,1.35544,2.40,1.20
2011.02.25 14:25:56.187,1.35521,1.35547,1.69,3.23
2011.02.25 14:25:56.909,1.35527,1.35553,1.50,3.23
2011.02.25 14:25:57.129,1.35527,1.35553,1.50,3.23
2011.02.25 14:25:57.348,1.35527,1.35553,1.50,1.20
2011.02.25 14:25:57.459,1.35526,1.35553,2.25,1.20
2011.02.25 14:25:57.977,1.35526,1.35552,2.25,1.13
2011.02.25 14:25:58.528,1.35527,1.35553,3.15,1.20
2011.02.25 14:25:58.749,1.35532,1.35555,1.50,2.78
2011.02.25 14:25:58.861,1.35531,1.35561,1.50,1.13
2011.02.25 14:25:58.970,1.35531,1.35558,1.50,3.53
2011.02.25 14:25:59.299,1.35529,1.35553,1.50,3.23
2011.02.25 14:25:59.519,1.35527,1.35553,1.50,1.58
2011.02.25 14:25:59.630,1.35525,1.3555,1.50,1.20
2011.02.25 14:26:00.081,1.35525,1.35552,2.40,1.95
2011.02.25 14:26:00.194,1.35525,1.35552,2.40,1.20
2011.02.25 14:26:00.530,1.35524,1.35553,3.15,1.20
2011.02.25 14:26:00.751,1.35526,1.35554,1.50,1.58
2011.02.25 14:26:00.980,1.35529,1.35556,2.40,3.98
2011.02.25 14:26:01.091,1.35529,1.35556,2.40,3.23
2011.02.25 14:26:01.637,1.35532,1.35556,1.50,1.20
2011.02.25 14:26:02.190,1.35532,1.35556,1.50,1.20
2011.02.25 14:26:02.519,1.35528,1.35554,1.50,1.13
2011.02.25 14:26:02.629,1.35529,1.35556,2.40,1.20
2011.02.25 14:26:02.739,1.35529,1.35556,2.40,1.20
2011.02.25 14:26:03.180,1.35532,1.35557,1.50,1.13
2011.02.25 14:26:03.628,1.35531,1.35558,3.53,1.13
2011.02.25 14:26:03.958,1.35532,1.35552,1.50,1.13
2011.02.25 14:26:04.607,1.35532,1.35556,1.50,1.20
2011.02.25 14:26:04.918,1.35532,1.35556,1.50,1.20
2011.02.25 14:26:05.475,1.35533,1.35558,1.50,3.15
2011.02.25 14:26:05.809,1.35533,1.35559,1.50,1.20
2011.02.25 14:26:07.157,1.35533,1.35559,1.50,1.20
2011.02.25 14:26:08.758,1.35533,1.35559,1.50,3.98
2011.02.25 14:26:09.201,1.35539,1.35556,1.50,1.88
2011.02.25 14:26:09.539,1.35527,1.35551,3.53,2.78
2011.02.25 14:26:09.869,1.35525,1.35553,2.40,1.13
2011.02.25 14:26:09.978,1.35525,1.35553,2.40,1.13
2011.02.25 14:26:10.198,1.35522,1.35548,1.69,1.13
2011.02.25 14:26:10.421,1.35519,1.35536,2.25,1.58
2011.02.25 14:26:10.783,1.35517,1.35536,3.53,1.58
2011.02.25 14:26:10.904,1.35518,1.35541,5.03,1.58
2011.02.25 14:26:11.021,1.35523,1.35541,1.65,1.58
2011.02.25 14:26:11.677,1.35523,1.35545,2.40,1.20
2011.02.25 14:26:11.899,1.35525,1.35551,1.50,3.60
2011.02.25 14:26:12.007,1.35527,1.35551,1.50,3.15
2011.02.25 14:26:12.227,1.35525,1.35553,1.50,3.98
2011.02.25 14:26:12.448,1.35524,1.35549,1.50,1.58
2011.02.25 14:26:14.319,1.35519,1.35549,1.50,2.33
2011.02.25 14:26:14.429,1.35519,1.35544,1.50,1.02
2011.02.25 14:26:14.758,1.35511,1.35535,2.25,1.20
2011.02.25 14:26:14.868,1.35517,1.35537,1.50,1.50
2011.02.25 14:26:14.978,1.35517,1.35541,1.50,3.60
2011.02.25 14:26:15.978,1.35514,1.35541,2.25,1.58
2011.02.25 14:26:16.310,1.35513,1.3554,4.65,1.13
2011.02.25 14:26:16.861,1.35516,1.35543,2.25,1.58
2011.02.25 14:26:16.980,1.35516,1.35541,2.25,1.20
2011.02.25 14:26:17.312,1.35516,1.35546,3.00,2.33
2011.02.25 14:26:17.867,1.35521,1.35546,4.28,2.33
2011.02.25 14:26:19.277,1.35522,1.35546,1.50,1.58
2011.02.25 14:26:19.808,1.35522,1.35545,1.50,1.20
2011.02.25 14:26:21.891,1.35518,1.35546,1.50,1.58
2011.02.25 14:26:22.220,1.35518,1.35542,1.50,1.13
2011.02.25 14:26:22.548,1.35514,1.3554,1.50,1.58
2011.02.25 14:26:22.987,1.35517,1.35541,1.50,3.90
2011.02.25 14:26:23.317,1.35517,1.35541,1.50,2.63
2011.02.25 14:26:23.757,1.35521,1.3554,1.50,1.13
2011.02.25 14:26:24.088,1.35513,1.35531,1.50,1.13
2011.02.25 14:26:24.198,1.35509,1.35531,1.50,1.13
2011.02.25 14:26:24.309,1.35509,1.35532,1.50,1.13
2011.02.25 14:26:24.529,1.35509,1.35537,1.50,1.13
2011.02.25 14:26:25.537,1.35513,1.35539,1.50,1.20
2011.02.25 14:26:25.757,1.35513,1.35537,1.50,1.13
2011.02.25 14:26:25.977,1.35513,1.35537,1.50,1.13
2011.02.25 14:26:26.742,1.35513,1.35534,1.50,1.13
2011.02.25 14:26:26.863,1.35513,1.35537,1.50,1.13
2011.02.25 14:26:26.977,1.35513,1.35537,1.50,1.13
2011.02.25 14:26:27.310,1.35513,1.35537,1.50,1.13
2011.02.25 14:26:27.668,1.35513,1.35537,1.50,1.13
2011.02.25 14:26:28.219,1.35517,1.35541,1.50,3.08
2011.02.25 14:26:28.878,1.35517,1.35541,1.50,3.08
2011.02.25 14:26:29.429,1.35516,1.3554,1.50,1.13
2011.02.25 14:26:29.648,1.35517,1.35541,1.50,3.08
2011.02.25 14:26:29.757,1.35514,1.3554,2.25,1.20
2011.02.25 14:26:30.399,1.35514,1.35539,1.50,1.20
2011.02.25 14:26:30.509,1.35514,1.35539,1.50,1.20
2011.02.25 14:26:30.838,1.35514,1.35539,1.50,1.20
2011.02.25 14:26:31.278,1.35514,1.35539,1.50,1.20
2011.02.25 14:26:32.907,1.35514,1.35538,1.50,1.20
2011.02.25 14:26:33.128,1.35514,1.3554,1.50,1.20
2011.02.25 14:26:35.329,1.35519,1.35543,2.40,1.20
2011.02.25 14:26:35.987,1.35519,1.35543,2.40,1.20
2011.02.25 14:26:36.538,1.35519,1.35544,2.40,1.20
2011.02.25 14:26:36.868,1.35521,1.35547,1.50,1.20
2011.02.25 14:26:37.637,1.35521,1.35547,1.50,1.20
2011.02.25 14:26:38.188,1.35521,1.35547,1.50,1.20
2011.02.25 14:26:38.804,1.35524,1.35549,1.50,3.53
2011.02.25 14:26:39.139,1.35524,1.3555,1.50,1.20
2011.02.25 14:26:39.580,1.35524,1.3555,1.50,1.20
2011.02.25 14:26:40.319,1.35524,1.35554,1.50,2.85
2011.02.25 14:26:40.432,1.35524,1.35552,1.50,3.53
2011.02.25 14:26:40.769,1.35524,1.35547,1.50,2.78
2011.02.25 14:26:40.877,1.35524,1.3555,1.50,3.53
2011.02.25 14:26:41.477,1.35525,1.35548,1.50,2.78
2011.02.25 14:26:41.587,1.35525,1.35548,1.50,2.78
2011.02.25 14:26:41.697,1.35525,1.3555,1.50,3.98
2011.02.25 14:26:45.342,1.3553,1.35551,1.50,2.40
2011.02.25 14:26:45.458,1.3553,1.35551,1.50,2.40
2011.02.25 14:26:45.679,1.3553,1.35554,1.50,1.39
2011.02.25 14:26:46.007,1.3553,1.35552,1.50,2.40
2011.02.25 14:26:46.218,1.3553,1.35552,1.50,2.40
2011.02.25 14:26:46.781,1.3553,1.35552,1.50,2.40
2011.02.25 14:26:47.048,1.3553,1.35552,1.50,2.40
2011.02.25 14:26:47.269,1.3553,1.35552,1.50,1.84
2011.02.25 14:26:47.601,1.35529,1.35554,1.50,1.39
2011.02.25 14:26:47.816,1.3553,1.35554,1.50,1.39
2011.02.25 14:26:47.929,1.3553,1.35554,1.50,1.20
2011.02.25 14:26:48.039,1.3553,1.35555,1.50,1.20
2011.02.25 14:26:48.587,1.35531,1.35556,1.50,1.20
2011.02.25 14:26:48.699,1.35534,1.35558,1.50,1.20
2011.02.25 14:26:49.717,1.35534,1.35558,1.50,1.20
2011.02.25 14:26:49.937,1.35532,1.35556,1.50,1.50
2011.02.25 14:26:50.046,1.3553,1.35554,1.50,1.20
2011.02.25 14:26:50.707,1.35529,1.35554,1.50,1.20
2011.02.25 14:26:51.397,1.35528,1.35554,2.25,1.20
2011.02.25 14:26:53.858,1.35529,1.35551,1.50,3.15
2011.02.25 14:26:54.189,1.35525,1.35551,1.50,2.40
2011.02.25 14:26:54.296,1.35527,1.35551,1.50,2.40
2011.02.25 14:26:55.009,1.35528,1.35551,1.50,1.65
2011.02.25 14:26:55.117,1.35528,1.35555,1.50,1.20
2011.02.25 14:26:55.228,1.35528,1.35554,1.50,1.20
2011.02.25 14:26:55.558,1.35528,1.35554,1.50,1.39
2011.02.25 14:26:56.107,1.35528,1.35551,1.50,2.40
2011.02.25 14:26:56.438,1.35528,1.35551,1.50,2.40
2011.02.25 14:26:56.987,1.35528,1.35551,1.50,1.65
2011.02.25 14:26:57.647,1.35528,1.35551,1.50,2.40
2011.02.25 14:26:58.089,1.35527,1.35551,1.50,3.34
2011.02.25 14:26:58.527,1.35528,1.35544,1.50,1.65
2011.02.25 14:26:58.638,1.35528,1.35552,1.50,1.65
2011.02.25 14:26:59.237,1.35528,1.35552,1.50,2.40
2011.02.25 14:26:59.349,1.35528,1.35552,1.50,2.40
2011.02.25 14:26:59.567,1.35528,1.35552,1.50,2.40
2011.02.25 14:26:59.786,1.35528,1.35552,1.50,2.40
2011.02.25 14:27:00.048,1.35528,1.35552,1.50,2.40
2011.02.25 14:27:01.679,1.35528,1.35552,1.50,2.40
2011.02.25 14:27:01.897,1.35528,1.35552,1.50,2.40
2011.02.25 14:27:02.117,1.35528,1.35552,1.50,2.40
2011.02.25 14:27:02.630,1.35528,1.35547,1.50,1.65
2011.02.25 14:27:04.178,1.35528,1.35551,1.50,4.47
2011.02.25 14:27:04.290,1.35528,1.35551,1.50,4.28
2011.02.25 14:27:04.400,1.35523,1.35549,1.50,1.39
2011.02.25 14:27:04.729,1.35523,1.35548,1.50,2.59
2011.02.25 14:27:04.949,1.35521,1.35545,3.53,1.20
2011.02.25 14:27:05.279,1.3552,1.35542,1.50,1.65
2011.02.25 14:27:05.388,1.3552,1.35547,1.50,3.04
2011.02.25 14:27:06.364,1.35524,1.35547,3.53,1.20
2011.02.25 14:27:06.768,1.35524,1.35539,2.78,1.69
2011.02.25 14:27:06.878,1.35518,1.35539,2.40,1.69
2011.02.25 14:27:06.988,1.35518,1.35539,2.40,1.39
2011.02.25 14:27:07.098,1.35514,1.35537,1.50,1.65
2011.02.25 14:27:07.318,1.35514,1.35542,1.50,3.23
2011.02.25 14:27:07.979,1.35518,1.35541,1.50,3.53
2011.02.25 14:27:09.061,1.35518,1.35541,1.50,2.78
2011.02.25 14:27:09.808,1.35518,1.35541,1.50,2.78
2011.02.25 14:27:11.958,1.35518,1.35541,1.50,2.78
2011.02.25 14:27:12.310,1.35513,1.3554,1.50,1.20
2011.02.25 14:27:14.048,1.35514,1.35539,1.69,3.23
2011.02.25 14:27:15.058,1.35514,1.35539,1.69,3.98
2011.02.25 14:27:15.167,1.35514,1.35536,1.69,2.78
2011.02.25 14:27:15.717,1.35514,1.35536,1.69,3.98
2011.02.25 14:27:16.247,1.35514,1.35536,1.69,3.23
2011.02.25 14:27:16.358,1.35511,1.35536,2.59,3.23
2011.02.25 14:27:17.258,1.35511,1.35536,2.59,3.98
2011.02.25 14:27:17.498,1.35511,1.35534,2.59,2.78
2011.02.25 14:27:17.607,1.35511,1.35534,2.59,3.23
2011.02.25 14:27:18.888,1.35505,1.35533,1.50,1.20
2011.02.25 14:27:19.437,1.35507,1.35533,2.40,3.98
2011.02.25 14:27:21.700,1.35507,1.35532,2.40,1.20
2011.02.25 14:27:23.408,1.35508,1.35531,1.69,1.20
2011.02.25 14:27:23.629,1.35512,1.35532,2.59,3.23
2011.02.25 14:27:23.847,1.35512,1.35532,1.84,3.98
2011.02.25 14:27:24.180,1.35505,1.35533,1.50,1.20
2011.02.25 14:27:24.728,1.35506,1.35532,2.40,1.20
2011.02.25 14:27:24.947,1.35506,1.35531,2.40,1.20
2011.02.25 14:27:25.057,1.35506,1.35531,2.40,1.20
2011.02.25 14:27:25.497,1.35506,1.35532,2.40,3.98
2011.02.25 14:27:25.717,1.35516,1.35531,1.50,1.20
2011.02.25 14:27:26.047,1.35516,1.35531,1.50,1.20
2011.02.25 14:27:26.377,1.35518,1.35533,1.50,1.20
2011.02.25 14:27:26.988,1.35517,1.35533,1.50,1.20
2011.02.25 14:27:27.879,1.35518,1.35533,1.50,1.20
2011.02.25 14:27:28.209,1.35523,1.35539,2.25,1.20
2011.02.25 14:27:28.319,1.35523,1.35539,1.50,3.98
2011.02.25 14:27:28.427,1.35521,1.35539,1.50,3.98
2011.02.25 14:27:28.977,1.35521,1.35539,1.50,1.20
2011.02.25 14:27:30.448,1.35522,1.35539,1.50,1.20
2011.02.25 14:27:30.558,1.3552,1.35539,1.50,1.20
2011.02.25 14:27:31.748,1.35523,1.35539,1.50,1.20
2011.02.25 14:27:32.078,1.35525,1.35542,1.50,1.20
2011.02.25 14:27:33.133,1.35525,1.35541,1.50,1.20
2011.02.25 14:27:33.249,1.35524,1.35542,1.50,3.15
2011.02.25 14:27:33.359,1.35526,1.35542,1.50,3.15
2011.02.25 14:27:33.469,1.35526,1.35542,1.50,2.40
2011.02.25 14:27:34.020,1.35529,1.35544,1.50,1.20
2011.02.25 14:27:34.559,1.35529,1.35545,1.50,1.20
2011.02.25 14:27:35.607,1.35529,1.35548,1.50,3.98
2011.02.25 14:27:35.720,1.35529,1.35548,2.25,3.98
2011.02.25 14:27:35.939,1.3553,1.35548,2.25,3.23
2011.02.25 14:27:36.380,1.35534,1.35551,1.50,1.20
2011.02.25 14:27:38.318,1.35537,1.35551,1.50,1.20
2011.02.25 14:27:38.867,1.35536,1.35551,1.50,3.60
2011.02.25 14:27:39.679,1.35536,1.35551,1.50,2.40
2011.02.25 14:27:40.012,1.3554,1.35556,1.50,1.20
2011.02.25 14:27:40.118,1.35538,1.35556,1.50,1.20
2011.02.25 14:27:40.997,1.35534,1.35556,1.50,1.20
2011.02.25 14:27:41.427,1.35534,1.35556,2.25,1.20
2011.02.25 14:27:41.758,1.35539,1.35556,1.50,1.20
2011.02.25 14:27:42.088,1.35539,1.35556,1.50,1.20
2011.02.25 14:27:42.308,1.35542,1.35561,1.50,2.40
2011.02.25 14:27:42.530,1.35543,1.35561,2.25,1.65
2011.02.25 14:27:42.640,1.35543,1.35567,2.25,2.40
2011.02.25 14:27:42.748,1.35549,1.35565,1.50,3.53
2011.02.25 14:27:43.080,1.35548,1.35562,1.50,3.53
2011.02.25 14:27:43.300,1.35542,1.35561,1.50,3.72
2011.02.25 14:27:43.716,1.35542,1.35556,1.50,1.20
2011.02.25 14:27:44.052,1.35541,1.35557,1.50,2.78
2011.02.25 14:27:44.168,1.35543,1.3556,1.50,3.23
2011.02.25 14:27:46.759,1.35543,1.35557,1.50,3.53
2011.02.25 14:27:47.307,1.35544,1.35558,1.50,1.20
2011.02.25 14:27:47.915,1.35544,1.3556,1.50,1.20
2011.02.25 14:27:48.137,1.35544,1.35562,1.50,2.40
2011.02.25 14:27:48.577,1.3555,1.35564,1.50,1.20
2011.02.25 14:27:48.687,1.35547,1.35564,1.50,1.20
2011.02.25 14:27:49.018,1.35545,1.35564,1.50,1.20
2011.02.25 14:27:49.128,1.35545,1.35564,1.50,1.20
2011.02.25 14:27:49.806,1.35545,1.35562,1.50,1.95
2011.02.25 14:27:50.046,1.35543,1.35562,1.50,1.95
2011.02.25 14:27:51.308,1.35547,1.35561,1.50,1.20
2011.02.25 14:27:51.528,1.35547,1.35563,1.50,1.20
2011.02.25 14:27:51.747,1.35544,1.35563,1.50,1.20
2011.02.25 14:27:52.659,1.35544,1.35562,1.50,2.40
2011.02.25 14:27:52.987,1.35548,1.35564,1.50,1.20
2011.02.25 14:27:54.448,1.35548,1.35567,1.50,3.53
2011.02.25 14:27:54.559,1.35546,1.35567,1.50,3.53
2011.02.25 14:27:55.218,1.35546,1.35567,1.50,3.53
2011.02.25 14:27:55.621,1.35549,1.35561,1.50,1.69
2011.02.25 14:27:55.735,1.35535,1.35559,1.50,1.20
2011.02.25 14:27:56.647,1.35535,1.35557,1.50,3.53
2011.02.25 14:27:57.200,1.35535,1.35558,1.50,2.78
2011.02.25 14:27:57.749,1.35535,1.35559,1.50,3.98
2011.02.25 14:27:58.078,1.35535,1.35559,1.50,3.98
2011.02.25 14:27:59.037,1.35535,1.35559,1.50,3.23
2011.02.25 14:28:00.278,1.35534,1.35559,1.50,1.20
2011.02.25 14:28:00.939,1.35537,1.35564,1.50,1.95
2011.02.25 14:28:01.478,1.35537,1.35562,1.50,2.40
2011.02.25 14:28:02.068,1.35536,1.35562,1.50,2.40
2011.02.25 14:28:02.657,1.35537,1.35562,1.50,2.40
2011.02.25 14:28:03.206,1.35536,1.35562,1.50,2.40
2011.02.25 14:28:03.748,1.35536,1.35562,1.50,2.40
2011.02.25 14:28:04.299,1.35535,1.35559,1.50,1.20
2011.02.25 14:28:04.627,1.35539,1.35566,1.50,1.20
2011.02.25 14:28:05.179,1.3554,1.35566,1.50,1.20
2011.02.25 14:28:05.508,1.35541,1.35566,2.40,1.20
2011.02.25 14:28:05.898,1.35541,1.35566,2.40,1.20
2011.02.25 14:28:06.230,1.35541,1.35564,2.40,1.20
2011.02.25 14:28:06.339,1.35543,1.35565,1.50,1.20
2011.02.25 14:28:06.559,1.35545,1.35569,2.40,1.20
2011.02.25 14:28:06.777,1.35545,1.35569,2.40,1.20
2011.02.25 14:28:07.280,1.35545,1.35569,2.40,1.20
2011.02.25 14:28:08.197,1.35545,1.35572,2.40,1.95
2011.02.25 14:28:08.778,1.35543,1.3557,1.50,6.00
2011.02.25 14:28:08.887,1.35543,1.35568,1.50,3.53
2011.02.25 14:28:09.559,1.35548,1.35569,1.50,1.20
2011.02.25 14:28:09.887,1.35548,1.35571,1.50,1.95
2011.02.25 14:28:10.107,1.35548,1.3557,1.50,1.20
2011.02.25 14:28:10.808,1.35544,1.35569,1.50,1.20
2011.02.25 14:28:10.919,1.35544,1.35569,1.50,1.39
2011.02.25 14:28:11.138,1.35544,1.35565,1.50,5.18
2011.02.25 14:28:11.467,1.35538,1.35568,2.44,3.53
2011.02.25 14:28:12.268,1.35542,1.35569,1.50,1.20
2011.02.25 14:28:12.748,1.35542,1.35567,1.50,3.53
2011.02.25 14:28:13.416,1.35542,1.35567,1.50,3.53
2011.02.25 14:28:13.838,1.35542,1.35565,1.50,3.53
2011.02.25 14:28:14.388,1.35537,1.35563,1.50,1.20
2011.02.25 14:28:14.717,1.35537,1.35563,1.50,1.20
2011.02.25 14:28:14.827,1.35537,1.35563,1.50,1.20
2011.02.25 14:28:14.941,1.35537,1.3556,1.50,1.65
2011.02.25 14:28:15.487,1.35531,1.35561,1.50,3.53
2011.02.25 14:28:16.147,1.35535,1.35562,1.50,5.82
2011.02.25 14:28:16.838,1.35535,1.35562,1.50,5.82
2011.02.25 14:28:17.170,1.35537,1.35562,1.69,2.10
2011.02.25 14:28:17.608,1.3554,1.35565,1.50,2.78
2011.02.25 14:28:18.121,1.35545,1.35567,1.50,3.53
2011.02.25 14:28:19.537,1.35545,1.35567,1.50,3.53
2011.02.25 14:28:19.871,1.3555,1.35571,1.50,3.53
2011.02.25 14:28:20.198,1.35545,1.3557,1.50,3.53
2011.02.25 14:28:20.637,1.35542,1.35569,1.50,2.40
2011.02.25 14:28:20.858,1.35545,1.3557,1.69,2.78
2011.02.25 14:28:21.078,1.35545,1.3557,3.34,2.78
2011.02.25 14:28:21.627,1.35548,1.35571,1.50,3.23
2011.02.25 14:28:21.739,1.35548,1.35571,1.50,1.20
2011.02.25 14:28:22.069,1.35548,1.35571,1.50,1.20
2011.02.25 14:28:22.288,1.35548,1.35571,1.50,1.20
2011.02.25 14:28:22.509,1.35548,1.35571,1.50,1.20
2011.02.25 14:28:22.728,1.35548,1.35571,1.50,1.20
2011.02.25 14:28:23.171,1.35548,1.35571,1.50,1.20
2011.02.25 14:28:23.728,1.35548,1.35571,1.50,1.20
2011.02.25 14:28:24.168,1.35548,1.35575,1.50,1.20
2011.02.25 14:28:24.278,1.35551,1.35578,1.50,1.39
2011.02.25 14:28:24.839,1.35553,1.35579,1.50,2.85
2011.02.25 14:28:25.059,1.35554,1.35579,1.50,2.10
2011.02.25 14:28:25.280,1.3555,1.35579,1.50,5.63
2011.02.25 14:28:25.501,1.3555,1.3558,1.50,1.20
2011.02.25 14:28:26.048,1.35555,1.35581,1.50,2.14
2011.02.25 14:28:26.818,1.35553,1.35578,1.50,1.20
2011.02.25 14:28:27.369,1.35556,1.35578,1.50,2.85
2011.02.25 14:28:27.850,1.35556,1.35578,1.50,2.85
2011.02.25 14:28:28.178,1.35556,1.35578,1.50,2.10
2011.02.25 14:28:28.617,1.3556,1.35586,1.50,1.20
2011.02.25 14:28:28.729,1.3556,1.35582,1.50,2.78
2011.02.25 14:28:29.057,1.3556,1.35582,1.50,2.78
2011.02.25 14:28:29.167,1.3556,1.35582,1.50,3.53
2011.02.25 14:28:29.389,1.3556,1.35582,1.50,2.78
2011.02.25 14:28:29.608,1.3556,1.35584,1.50,2.78
2011.02.25 14:28:29.718,1.3556,1.35584,1.50,3.72
2011.02.25 14:28:30.489,1.3556,1.35583,1.50,3.72
2011.02.25 14:28:30.709,1.3556,1.35582,1.50,1.65
2011.02.25 14:28:30.928,1.3556,1.35581,1.50,2.78
2011.02.25 14:28:31.038,1.3556,1.35583,1.50,2.78
2011.02.25 14:28:31.261,1.35559,1.35582,1.50,3.53
2011.02.25 14:28:31.481,1.35558,1.3558,1.69,3.23
2011.02.25 14:28:31.905,1.35555,1.35577,3.53,2.40
2011.02.25 14:28:32.019,1.35556,1.35583,1.50,1.69
2011.02.25 14:28:32.238,1.35555,1.35579,4.28,1.20
2011.02.25 14:28:33.248,1.35555,1.3558,1.50,3.23
2011.02.25 14:28:33.469,1.35559,1.3558,1.69,3.23
2011.02.25 14:28:33.688,1.3556,1.35588,2.59,3.98
2011.02.25 14:28:35.128,1.35564,1.35587,1.50,1.20
2011.02.25 14:28:36.506,1.35564,1.35589,1.50,1.20
2011.02.25 14:28:36.838,1.35564,1.35589,1.50,1.95
2011.02.25 14:28:37.669,1.35563,1.35587,1.50,1.20
2011.02.25 14:28:38.219,1.35558,1.35584,1.50,2.85
2011.02.25 14:28:38.438,1.35558,1.35584,1.50,2.85
2011.02.25 14:28:40.402,1.35563,1.35584,1.50,2.40
2011.02.25 14:28:40.739,1.35562,1.35584,1.50,2.40
2011.02.25 14:28:41.570,1.35564,1.35584,1.50,2.40
2011.02.25 14:28:41.687,1.35564,1.35588,1.50,1.20
2011.02.25 14:28:42.890,1.35564,1.35588,1.50,1.20
2011.02.25 14:28:43.438,1.35564,1.35588,1.50,1.20
2011.02.25 14:28:43.877,1.35565,1.35588,3.53,1.20
2011.02.25 14:28:44.237,1.35564,1.35588,4.28,1.20
2011.02.25 14:28:44.567,1.35564,1.35588,1.50,1.20
2011.02.25 14:28:45.008,1.35564,1.35588,1.50,1.20
2011.02.25 14:28:45.347,1.35564,1.35588,1.50,1.20
2011.02.25 14:28:46.198,1.35564,1.35588,1.50,1.39
2011.02.25 14:28:46.529,1.35564,1.35585,1.50,2.40
2011.02.25 14:28:46.638,1.35564,1.35588,1.50,1.20
2011.02.25 14:28:47.157,1.35564,1.35588,1.50,1.20
2011.02.25 14:28:47.969,1.35564,1.35588,1.50,1.20
2011.02.25 14:28:49.001,1.35564,1.35588,1.50,1.20
2011.02.25 14:28:49.327,1.35564,1.35588,1.50,1.20
2011.02.25 14:28:50.358,1.35562,1.35588,2.25,1.20
2011.02.25 14:28:50.959,1.35564,1.35588,1.50,1.20
2011.02.25 14:28:51.538,1.35563,1.35588,1.50,1.20
2011.02.25 14:28:51.907,1.35564,1.35588,1.50,1.20
2011.02.25 14:28:52.528,1.35564,1.35588,1.50,1.20
2011.02.25 14:28:53.077,1.35564,1.35585,1.50,2.40
2011.02.25 14:28:53.788,1.35564,1.35585,1.50,2.40
2011.02.25 14:28:54.278,1.35563,1.35585,1.50,2.40
2011.02.25 14:28:54.892,1.35558,1.35585,1.50,2.40
2011.02.25 14:28:55.449,1.35562,1.35585,1.50,2.40
2011.02.25 14:28:56.199,1.35563,1.35585,1.50,2.40
2011.02.25 14:28:56.748,1.35562,1.35585,1.50,2.40
2011.02.25 14:28:57.757,1.3556,1.35585,2.25,2.40
2011.02.25 14:28:58.087,1.35563,1.35585,1.50,2.40
2011.02.25 14:28:58.197,1.3556,1.35585,2.25,2.40
2011.02.25 14:28:58.778,1.35562,1.35585,1.50,2.40
2011.02.25 14:28:59.771,1.35563,1.35585,1.50,1.65
2011.02.25 14:29:00.209,1.35567,1.35591,1.50,1.20
2011.02.25 14:29:00.320,1.35567,1.35591,1.69,1.20
2011.02.25 14:29:00.428,1.35567,1.35592,1.69,1.20
2011.02.25 14:29:00.540,1.35569,1.35592,1.69,1.20
2011.02.25 14:29:00.648,1.35567,1.35591,1.32,1.20
2011.02.25 14:29:00.760,1.35569,1.35591,2.40,1.20
2011.02.25 14:29:00.981,1.35567,1.35591,1.69,1.20
2011.02.25 14:29:01.092,1.35575,1.35591,1.65,1.20
2011.02.25 14:29:01.617,1.35565,1.35588,2.97,1.95
2011.02.25 14:29:02.708,1.35565,1.35587,2.78,1.20
2011.02.25 14:29:04.139,1.35565,1.35586,2.78,1.20
2011.02.25 14:29:04.468,1.35562,1.35586,1.32,1.20
2011.02.25 14:29:04.948,1.35562,1.35586,2.07,1.20
2011.02.25 14:29:05.168,1.35562,1.35586,1.88,1.20
2011.02.25 14:29:05.277,1.35562,1.35586,1.88,1.20
2011.02.25 14:29:05.827,1.35562,1.35587,1.50,1.20
2011.02.25 14:29:06.684,1.35561,1.35586,1.13,1.20
2011.02.25 14:29:06.806,1.35556,1.3558,1.50,2.40
2011.02.25 14:29:07.251,1.35552,1.35574,1.13,2.40
2011.02.25 14:29:07.471,1.35552,1.35582,1.13,1.20
2011.02.25 14:29:08.132,1.35552,1.35581,1.13,2.40
2011.02.25 14:29:08.508,1.35552,1.35581,1.13,2.40
2011.02.25 14:29:08.618,1.35555,1.35581,1.50,2.85
2011.02.25 14:29:08.949,1.35557,1.35581,1.50,1.20
2011.02.25 14:29:09.167,1.35559,1.35581,2.03,1.20
2011.02.25 14:29:09.277,1.35559,1.35581,2.03,1.20
2011.02.25 14:29:10.169,1.35561,1.35583,1.13,1.50
2011.02.25 14:29:10.388,1.35565,1.35585,1.65,1.20
2011.02.25 14:29:10.497,1.35561,1.35585,1.13,1.20
2011.02.25 14:29:10.607,1.35559,1.35585,2.78,1.20
2011.02.25 14:29:11.425,1.35558,1.35585,1.50,1.20
2011.02.25 14:29:12.010,1.35558,1.35585,1.50,1.20
2011.02.25 14:29:16.604,1.35559,1.35582,1.50,3.53
2011.02.25 14:29:16.827,1.35559,1.35582,1.50,3.53
2011.02.25 14:29:17.488,1.35559,1.35583,1.50,6.30
2011.02.25 14:29:17.707,1.35551,1.3558,1.50,3.98
2011.02.25 14:29:22.957,1.3555,1.35572,1.13,1.69
2011.02.25 14:29:23.069,1.35547,1.35568,1.88,2.40
2011.02.25 14:29:23.178,1.35547,1.35568,1.50,2.40
2011.02.25 14:29:23.508,1.35547,1.35571,1.50,3.98
2011.02.25 14:29:24.058,1.35543,1.35568,1.50,1.20
2011.02.25 14:29:24.729,1.35548,1.35572,2.40,2.78
2011.02.25 14:29:25.640,1.35548,1.35575,2.40,1.20
2011.02.25 14:29:33.623,1.3555,1.35573,2.25,1.20
2011.02.25 14:29:34.170,1.3555,1.35575,2.25,3.98
2011.02.25 14:29:37.081,1.35553,1.35575,2.25,1.20
2011.02.25 14:29:37.301,1.35551,1.35573,2.25,3.23
2011.02.25 14:29:38.993,1.35551,1.35573,2.25,3.98
2011.02.25 14:29:39.329,1.35551,1.35573,2.25,3.98
2011.02.25 14:29:39.549,1.35551,1.35573,2.25,3.98
2011.02.25 14:29:42.940,1.35552,1.35573,2.25,3.98
2011.02.25 14:29:43.529,1.35553,1.35573,2.25,3.98
2011.02.25 14:29:43.749,1.35551,1.35573,2.25,3.98
2011.02.25 14:29:44.296,1.35551,1.35573,2.25,3.98
2011.02.25 14:29:45.042,1.35551,1.35573,2.25,1.20
2011.02.25 14:29:45.262,1.35555,1.35579,2.25,3.04
2011.02.25 14:29:45.479,1.35555,1.35579,2.25,3.04
2011.02.25 14:29:46.115,1.35555,1.35578,2.25,1.39
2011.02.25 14:29:46.232,1.35555,1.35578,2.25,1.20
2011.02.25 14:29:46.561,1.35552,1.35573,2.25,1.20
2011.02.25 14:29:46.892,1.35552,1.35576,2.25,1.20
2011.02.25 14:29:47.221,1.35562,1.35583,2.25,2.40
2011.02.25 14:29:47.442,1.3556,1.35586,2.40,1.39
2011.02.25 14:29:47.664,1.35555,1.35579,2.25,1.20
2011.02.25 14:29:47.781,1.35551,1.35579,1.50,1.20
2011.02.25 14:29:47.892,1.35551,1.35579,1.50,1.20
2011.02.25 14:29:48.440,1.35556,1.35582,1.50,1.20
2011.02.25 14:29:51.280,1.35556,1.3558,1.50,1.20
2011.02.25 14:29:51.499,1.35556,1.35582,1.50,1.20
2011.02.25 14:29:51.771,1.35556,1.35582,1.50,1.20
2011.02.25 14:29:51.879,1.35556,1.35582,1.50,1.20
2011.02.25 14:29:53.072,1.35561,1.35582,1.69,1.20
2011.02.25 14:29:53.183,1.35571,1.35589,1.50,3.15
2011.02.25 14:29:53.290,1.35571,1.35594,1.50,3.53
2011.02.25 14:29:53.401,1.3557,1.35591,1.65,1.20
2011.02.25 14:29:53.949,1.35563,1.35589,1.50,3.98
2011.02.25 14:29:54.282,1.35567,1.35593,1.50,1.39
2011.02.25 14:29:54.391,1.35567,1.35593,1.50,1.39
2011.02.25 14:29:54.966,1.35561,1.35593,1.50,2.89
2011.02.25 14:29:55.410,1.35561,1.35588,1.50,3.53
2011.02.25 14:29:55.744,1.35561,1.35588,1.50,3.53
2011.02.25 14:29:56.773,1.35566,1.35589,1.50,1.20
2011.02.25 14:29:57.100,1.35566,1.3559,1.50,2.78
2011.02.25 14:29:57.540,1.35563,1.35588,2.40,1.95
2011.02.25 14:29:57.763,1.35561,1.35587,1.50,2.85
2011.02.25 14:29:57.870,1.35561,1.35587,1.50,2.10
2011.02.25 14:29:58.311,1.35561,1.35587,1.69,2.10
2011.02.25 14:29:58.530,1.35561,1.35588,1.69,1.20
2011.02.25 14:29:58.749,1.35561,1.35588,1.69,1.20
2011.02.25 14:29:59.353,1.35561,1.35588,4.28,1.20
2011.02.25 14:29:59.901,1.35561,1.35588,1.50,1.20
2011.02.25 14:30:00.230,1.35562,1.35588,3.53,1.20
2011.02.25 14:30:00.562,1.35567,1.35592,1.69,1.20
2011.02.25 14:30:00.781,1.3557,1.35595,2.59,1.20
2011.02.25 14:30:01.000,1.3557,1.35595,2.40,1.20
2011.02.25 14:30:01.330,1.3557,1.35594,1.69,2.78
2011.02.25 14:30:01.661,1.35588,1.356,1.50,2.78
2011.02.25 14:30:01.881,1.35586,1.356,1.50,2.78
2011.02.25 14:30:01.991,1.35581,1.35601,1.50,2.78
2011.02.25 14:30:02.099,1.35581,1.35604,1.50,2.78
2011.02.25 14:30:02.320,1.35581,1.35607,1.50,3.23
2011.02.25 14:30:02.430,1.35586,1.3561,1.50,4.73
2011.02.25 14:30:03.052,1.35581,1.35608,1.50,3.53
2011.02.25 14:30:03.173,1.35582,1.35608,2.40,3.53
2011.02.25 14:30:03.515,1.35585,1.3561,1.69,1.95
2011.02.25 14:30:03.741,1.35591,1.3561,2.40,3.53
2011.02.25 14:30:04.182,1.35591,1.35614,3.15,2.78
2011.02.25 14:30:04.400,1.35591,1.35614,3.15,2.78
2011.02.25 14:30:04.510,1.35591,1.35616,3.15,3.53
2011.02.25 14:30:04.840,1.35591,1.35614,1.50,3.53
2011.02.25 14:30:05.963,1.35591,1.35612,1.50,1.69
2011.02.25 14:30:06.180,1.35586,1.35612,1.50,2.14
2011.02.25 14:30:06.861,1.35585,1.3561,1.50,2.59
2011.02.25 14:30:07.412,1.35586,1.3561,1.50,2.40
2011.02.25 14:30:07.520,1.35586,1.3561,1.50,2.40
2011.02.25 14:30:08.290,1.35586,1.35612,1.50,1.20
2011.02.25 14:30:08.510,1.35585,1.3561,1.50,2.40
2011.02.25 14:30:09.060,1.35586,1.3561,1.50,2.40
2011.02.25 14:30:09.281,1.35586,1.3561,1.50,2.40
2011.02.25 14:30:09.612,1.35591,1.35612,1.50,3.53
2011.02.25 14:30:09.831,1.35588,1.35615,1.50,3.72
2011.02.25 14:30:09.940,1.35585,1.3561,1.50,3.53
2011.02.25 14:30:10.051,1.35584,1.3561,2.40,3.53
2011.02.25 14:30:10.274,1.35582,1.35607,1.50,2.78
2011.02.25 14:30:10.610,1.35582,1.35609,1.50,5.18
2011.02.25 14:30:11.356,1.35582,1.35607,1.50,1.20
2011.02.25 14:30:11.710,1.35582,1.35607,1.50,1.20
2011.02.25 14:30:12.291,1.35586,1.35608,2.25,3.23
2011.02.25 14:30:12.510,1.35586,1.35608,2.44,1.20
2011.02.25 14:30:12.841,1.3559,1.35609,2.25,1.20
2011.02.25 14:30:13.060,1.35592,1.35612,2.25,1.95
2011.02.25 14:30:13.830,1.35593,1.35612,2.25,1.20
2011.02.25 14:30:14.050,1.35593,1.35611,1.50,1.20
2011.02.25 14:30:14.382,1.35592,1.35611,1.50,1.20
2011.02.25 14:30:14.490,1.35597,1.35611,1.50,1.20
2011.02.25 14:30:14.709,1.35601,1.35616,1.50,1.20
2011.02.25 14:30:15.260,1.35598,1.35616,1.50,1.20
2011.02.25 14:30:15.689,1.356,1.35616,1.50,1.20
2011.02.25 14:30:16.976,1.35595,1.35614,1.50,1.50
2011.02.25 14:30:17.094,1.35596,1.35612,1.50,1.20
2011.02.25 14:30:17.651,1.35597,1.35614,1.50,1.20
2011.02.25 14:30:17.762,1.35597,1.35616,1.50,1.95
2011.02.25 14:30:17.870,1.35597,1.35616,1.50,1.20
2011.02.25 14:30:18.199,1.35597,1.35616,1.50,1.20
2011.02.25 14:30:18.311,1.35593,1.35616,1.50,1.20
2011.02.25 14:30:18.863,1.35596,1.35616,1.50,1.20
2011.02.25 14:30:18.974,1.35596,1.35618,1.50,3.98
2011.02.25 14:30:19.091,1.35593,1.35618,2.25,3.98
2011.02.25 14:30:19.201,1.3559,1.35613,2.25,1.20
2011.02.25 14:30:19.420,1.3559,1.35613,2.25,1.20
2011.02.25 14:30:19.750,1.3559,1.35613,2.25,3.98
2011.02.25 14:30:20.300,1.3559,1.35613,2.25,1.20
2011.02.25 14:30:21.600,1.35591,1.35613,2.25,1.20
2011.02.25 14:30:21.709,1.35591,1.35613,2.25,1.20
2011.02.25 14:30:22.312,1.35589,1.35609,1.50,1.20
2011.02.25 14:30:22.771,1.35589,1.35612,2.25,1.20
2011.02.25 14:30:22.884,1.35593,1.35614,1.50,1.20
2011.02.25 14:30:22.990,1.35596,1.35614,1.50,1.20
2011.02.25 14:30:23.100,1.35596,1.35619,1.50,1.20
2011.02.25 14:30:23.321,1.35598,1.35619,1.50,1.20
2011.02.25 14:30:23.871,1.35598,1.35619,1.50,1.20
2011.02.25 14:30:24.090,1.35598,1.35619,1.50,1.20
2011.02.25 14:30:24.660,1.35598,1.35619,1.50,1.39
2011.02.25 14:30:24.773,1.35595,1.35619,1.50,1.39
2011.02.25 14:30:24.989,1.35595,1.35622,3.90,1.20
2011.02.25 14:30:25.650,1.35601,1.35622,1.50,1.20
2011.02.25 14:30:25.981,1.356,1.35618,1.50,1.20
2011.02.25 14:30:26.089,1.35599,1.35618,1.50,1.20
2011.02.25 14:30:26.563,1.35599,1.35621,2.25,1.95
2011.02.25 14:30:26.686,1.35601,1.35622,2.25,3.53
2011.02.25 14:30:28.233,1.35604,1.35623,2.25,1.20
2011.02.25 14:30:28.810,1.35602,1.35623,2.25,1.20
2011.02.25 14:30:29.140,1.35599,1.35623,3.00,1.20
2011.02.25 14:30:29.471,1.35605,1.35631,1.50,1.20
2011.02.25 14:30:29.800,1.35605,1.35631,1.50,1.20
2011.02.25 14:30:30.129,1.35605,1.35631,1.50,1.20
2011.02.25 14:30:30.690,1.35605,1.35631,1.50,1.20
2011.02.25 14:30:31.240,1.35605,1.35631,2.25,1.20
2011.02.25 14:30:31.570,1.35601,1.35627,5.03,1.20
2011.02.25 14:30:31.681,1.35601,1.35627,3.00,1.20
2011.02.25 14:30:32.080,1.35599,1.35621,1.50,1.20
2011.02.25 14:30:32.411,1.35601,1.35617,1.50,1.20
2011.02.25 14:30:32.849,1.35599,1.35619,2.25,1.20
2011.02.25 14:30:32.960,1.35599,1.35618,1.50,1.20
2011.02.25 14:30:33.290,1.35605,1.35621,1.50,1.20
2011.02.25 14:30:35.149,1.35603,1.35621,1.50,1.20
2011.02.25 14:30:35.679,1.35603,1.35621,1.50,1.20
2011.02.25 14:30:36.261,1.35604,1.35621,1.50,1.20
2011.02.25 14:30:36.589,1.35604,1.35621,1.50,1.20
2011.02.25 14:30:36.872,1.35603,1.35621,1.50,1.20
2011.02.25 14:30:37.091,1.35605,1.35623,1.50,1.20
2011.02.25 14:30:37.201,1.35605,1.35627,1.50,1.20
2011.02.25 14:30:37.750,1.35605,1.35627,1.50,1.20
2011.02.25 14:30:37.859,1.35605,1.35627,1.50,1.20
2011.02.25 14:30:37.970,1.35603,1.35626,2.25,2.40
2011.02.25 14:30:38.193,1.35605,1.35627,1.50,1.20
2011.02.25 14:30:38.520,1.35609,1.35627,1.50,1.20
2011.02.25 14:30:39.272,1.3561,1.35634,2.25,1.39
2011.02.25 14:30:39.386,1.35619,1.35637,1.50,2.78
2011.02.25 14:30:39.889,1.35624,1.35642,1.50,1.20
2011.02.25 14:30:40.003,1.35622,1.35642,1.50,1.20
2011.02.25 14:30:40.220,1.35622,1.35637,1.50,1.69
2011.02.25 14:30:40.550,1.35624,1.35636,1.50,2.59
2011.02.25 14:30:40.881,1.35624,1.35636,1.50,1.65
2011.02.25 14:30:40.991,1.35627,1.35636,1.50,1.65
2011.02.25 14:30:41.212,1.35624,1.35641,1.50,2.40
2011.02.25 14:30:41.323,1.3562,1.35636,1.50,2.40
2011.02.25 14:30:41.652,1.35626,1.35641,1.50,1.20
2011.02.25 14:30:41.760,1.35624,1.35641,1.50,1.20
2011.02.25 14:30:41.870,1.35624,1.35641,1.50,1.20
2011.02.25 14:30:41.982,1.35622,1.35637,1.50,1.69
2011.02.25 14:30:42.202,1.35622,1.35637,1.50,1.69
2011.02.25 14:30:42.641,1.35625,1.35635,1.50,1.39
2011.02.25 14:30:42.758,1.35625,1.35638,1.50,1.20
2011.02.25 14:30:43.143,1.35625,1.35639,1.50,1.20
2011.02.25 14:30:43.699,1.35625,1.35643,1.50,3.98
2011.02.25 14:30:44.441,1.35625,1.35643,1.50,3.98
2011.02.25 14:30:44.556,1.35625,1.35643,1.50,3.98
2011.02.25 14:30:44.781,1.35616,1.35642,2.25,1.50
2011.02.25 14:30:44.894,1.35616,1.3564,1.50,5.63
2011.02.25 14:30:45.014,1.35614,1.35637,1.50,3.53
2011.02.25 14:30:45.241,1.35611,1.35633,2.25,1.20
2011.02.25 14:30:45.461,1.35611,1.35635,3.90,1.69
2011.02.25 14:30:45.572,1.3561,1.35633,3.00,2.59
2011.02.25 14:30:46.341,1.35611,1.35633,2.25,2.59
2011.02.25 14:30:46.901,1.35611,1.35633,1.50,3.04
2011.02.25 14:30:47.413,1.35611,1.35633,1.50,3.04
2011.02.25 14:30:47.640,1.35608,1.35628,1.50,1.20
2011.02.25 14:30:48.190,1.35607,1.35628,1.50,1.20
2011.02.25 14:30:51.392,1.35607,1.35635,1.50,2.59
2011.02.25 14:30:51.610,1.35606,1.35635,3.00,2.59
2011.02.25 14:30:51.830,1.35606,1.35629,1.50,2.59
2011.02.25 14:30:52.355,1.35608,1.3563,1.50,1.69
2011.02.25 14:30:52.951,1.35607,1.35633,1.50,1.20
2011.02.25 14:30:57.051,1.35607,1.35633,2.25,1.39
2011.02.25 14:30:58.460,1.35608,1.3563,1.50,2.40
2011.02.25 14:30:59.119,1.35611,1.35638,1.50,1.20
2011.02.25 14:30:59.771,1.35612,1.35638,1.50,1.20
2011.02.25 14:31:00.770,1.35605,1.35633,6.68,1.39
2011.02.25 14:31:00.881,1.35602,1.35625,3.53,1.20
2011.02.25 14:31:01.103,1.35609,1.35632,2.40,1.50
2011.02.25 14:31:01.211,1.35609,1.35632,2.40,1.50
2011.02.25 14:31:01.431,1.35609,1.35635,1.65,1.20
2011.02.25 14:31:01.760,1.35603,1.3563,2.25,1.20
2011.02.25 14:31:01.870,1.35605,1.3563,1.50,1.20
2011.02.25 14:31:02.092,1.35605,1.3563,4.28,1.20
2011.02.25 14:31:02.533,1.35606,1.3563,2.25,1.20
2011.02.25 14:31:02.751,1.35606,1.3563,2.25,1.20
2011.02.25 14:31:03.081,1.35605,1.3563,3.53,1.20
2011.02.25 14:31:05.695,1.35605,1.3563,2.25,1.20
2011.02.25 14:31:06.141,1.35605,1.3563,2.25,1.35
2011.02.25 14:31:06.362,1.35605,1.35625,2.40,1.20
2011.02.25 14:31:06.909,1.35603,1.35625,2.25,1.20
2011.02.25 14:31:07.130,1.35601,1.35625,1.69,1.20
2011.02.25 14:31:07.570,1.35602,1.35625,1.50,1.20
2011.02.25 14:31:07.899,1.35602,1.35625,3.53,1.20
2011.02.25 14:31:08.231,1.35605,1.35625,1.65,1.20
2011.02.25 14:31:08.670,1.35605,1.35628,2.40,1.20
2011.02.25 14:31:09.412,1.35605,1.35628,1.65,1.20
2011.02.25 14:31:09.963,1.35605,1.35628,2.40,1.20
2011.02.25 14:31:10.510,1.35606,1.35628,1.65,1.20
2011.02.25 14:31:11.790,1.35612,1.35628,1.65,1.20
2011.02.25 14:31:11.901,1.35606,1.35628,1.65,1.20
2011.02.25 14:31:12.009,1.35606,1.35628,1.65,1.20
2011.02.25 14:31:12.449,1.35606,1.35628,1.65,1.20
2011.02.25 14:31:13.091,1.35606,1.35625,1.65,1.20
2011.02.25 14:31:13.200,1.35603,1.35625,1.50,1.20
2011.02.25 14:31:13.310,1.35599,1.35621,1.50,1.20
2011.02.25 14:31:13.860,1.35599,1.35621,1.50,1.20
2011.02.25 14:31:13.969,1.35597,1.35621,1.50,1.20
2011.02.25 14:31:14.366,1.35599,1.35623,2.40,1.20
2011.02.25 14:31:14.484,1.35599,1.35623,3.15,1.20
2011.02.25 14:31:15.259,1.35601,1.35623,1.50,1.20
2011.02.25 14:31:15.702,1.356,1.35623,5.03,1.20
2011.02.25 14:31:16.543,1.35622,1.3563,2.78,1.39
2011.02.25 14:31:16.650,1.35622,1.35632,2.78,1.69
2011.02.25 14:31:16.762,1.35632,1.35647,1.50,1.20
2011.02.25 14:31:16.873,1.3563,1.35648,1.50,1.50
2011.02.25 14:31:16.981,1.35626,1.35649,3.15,1.20
2011.02.25 14:31:17.311,1.35622,1.3565,1.50,1.20
2011.02.25 14:31:17.751,1.35619,1.35644,3.00,1.20
2011.02.25 14:31:18.081,1.35617,1.35642,2.25,2.40
2011.02.25 14:31:18.459,1.35619,1.3564,1.50,1.20
2011.02.25 14:31:18.575,1.35617,1.3564,2.25,1.20
2011.02.25 14:31:19.021,1.35617,1.3564,3.00,1.20
2011.02.25 14:31:19.833,1.35616,1.3564,3.00,1.20
2011.02.25 14:31:20.161,1.3562,1.35637,2.25,1.20
2011.02.25 14:31:20.710,1.35619,1.35641,1.65,1.20
2011.02.25 14:31:22.060,1.35619,1.35642,2.40,1.20
2011.02.25 14:31:22.392,1.35619,1.35641,2.40,1.20
2011.02.25 14:31:23.041,1.35619,1.35641,2.25,1.69
2011.02.25 14:31:23.151,1.35615,1.35637,5.03,1.20
2011.02.25 14:31:23.262,1.3561,1.35637,6.53,1.20
2011.02.25 14:31:23.482,1.35612,1.35636,2.25,2.40
2011.02.25 14:31:23.920,1.35612,1.35636,2.25,1.20
2011.02.25 14:31:24.031,1.35615,1.35636,1.50,1.20
2011.02.25 14:31:24.360,1.35616,1.35641,1.50,1.20
2011.02.25 14:31:24.581,1.3562,1.35642,1.50,2.78
2011.02.25 14:31:24.800,1.35622,1.35642,1.50,2.78
2011.02.25 14:31:25.020,1.35622,1.35647,1.50,1.20
2011.02.25 14:31:25.462,1.35622,1.35647,2.25,1.20
2011.02.25 14:31:25.792,1.35618,1.35643,2.25,1.20
2011.02.25 14:31:26.233,1.35619,1.3564,1.50,1.20
2011.02.25 14:31:26.713,1.35618,1.3564,1.65,1.20
2011.02.25 14:31:26.823,1.35617,1.3564,1.50,1.20
2011.02.25 14:31:26.931,1.35614,1.3564,1.50,1.20
2011.02.25 14:31:27.740,1.35614,1.3564,1.50,1.20
2011.02.25 14:31:27.960,1.35613,1.3564,3.00,1.20
2011.02.25 14:31:28.511,1.35613,1.35633,2.25,1.20
2011.02.25 14:31:29.064,1.35617,1.35641,2.40,3.53
2011.02.25 14:31:29.292,1.35622,1.35642,1.65,3.53
2011.02.25 14:31:29.512,1.35619,1.35642,1.50,3.53
2011.02.25 14:31:29.731,1.35616,1.35639,2.25,1.20
2011.02.25 14:31:30.233,1.35615,1.35639,1.50,1.20
2011.02.25 14:31:30.561,1.35613,1.35639,1.50,1.20
2011.02.25 14:31:30.780,1.35611,1.35634,2.25,1.20
2011.02.25 14:31:31.350,1.3561,1.35634,3.00,1.20
2011.02.25 14:31:32.276,1.35612,1.35634,1.50,1.20
2011.02.25 14:31:32.954,1.3561,1.35634,1.50,1.20
2011.02.25 14:31:35.021,1.3561,1.35634,1.50,1.39
2011.02.25 14:31:35.447,1.35607,1.35631,1.50,1.50
2011.02.25 14:31:35.566,1.35604,1.35628,3.00,1.20
2011.02.25 14:31:37.820,1.35604,1.35627,1.50,3.53
2011.02.25 14:31:38.369,1.35604,1.35625,1.50,3.53
2011.02.25 14:31:38.700,1.35601,1.35625,2.25,1.20
2011.02.25 14:31:38.931,1.35601,1.35625,2.25,1.20
2011.02.25 14:31:40.009,1.35601,1.35625,2.25,3.98
2011.02.25 14:31:40.721,1.35601,1.35625,2.25,3.98
2011.02.25 14:31:41.419,1.35604,1.35626,1.50,3.53
2011.02.25 14:31:42.187,1.35614,1.35632,1.65,1.20
2011.02.25 14:31:42.412,1.35606,1.35636,1.13,2.59
2011.02.25 14:31:42.524,1.35608,1.35636,1.69,1.65
2011.02.25 14:31:42.970,1.35608,1.35637,1.50,1.20
2011.02.25 14:31:43.080,1.35609,1.35637,2.25,1.20
2011.02.25 14:31:44.250,1.35609,1.35637,1.50,1.20
2011.02.25 14:31:44.469,1.35609,1.35635,1.50,2.40
2011.02.25 14:31:45.729,1.35608,1.35632,1.50,1.20
2011.02.25 14:31:46.439,1.35608,1.35632,1.50,1.20
2011.02.25 14:31:46.991,1.35608,1.35632,1.50,1.20
2011.02.25 14:31:47.478,1.35609,1.35632,2.40,1.20
2011.02.25 14:31:48.083,1.35609,1.35633,2.40,1.20
2011.02.25 14:31:48.789,1.35609,1.35632,2.40,1.20
2011.02.25 14:31:49.309,1.35611,1.35638,1.50,1.50
2011.02.25 14:31:49.421,1.35611,1.35639,1.50,1.20
2011.02.25 14:31:49.530,1.35618,1.35642,1.50,2.40
2011.02.25 14:31:49.641,1.35623,1.35644,1.65,3.98
2011.02.25 14:31:49.750,1.35618,1.35644,1.50,3.98
2011.02.25 14:31:49.970,1.35617,1.35644,1.50,1.20
2011.02.25 14:31:50.300,1.35623,1.35648,1.50,3.53
2011.02.25 14:31:50.849,1.35627,1.35648,1.50,2.40
2011.02.25 14:31:51.399,1.35627,1.35652,1.50,2.40
2011.02.25 14:31:51.729,1.35627,1.35652,1.50,2.40
2011.02.25 14:31:54.730,1.35627,1.35652,1.50,2.40
2011.02.25 14:31:55.171,1.35622,1.35648,1.50,1.20
2011.02.25 14:31:55.501,1.35619,1.35647,3.15,1.20
2011.02.25 14:31:55.830,1.35619,1.35642,3.15,1.20
2011.02.25 14:31:56.610,1.35619,1.35645,3.15,1.95
2011.02.25 14:31:57.160,1.35625,1.35651,1.50,1.20
2011.02.25 14:31:57.710,1.35625,1.35651,1.50,1.20
2011.02.25 14:31:58.306,1.35625,1.35651,1.50,1.20
2011.02.25 14:31:58.428,1.35624,1.35644,1.65,1.20
2011.02.25 14:31:58.542,1.35618,1.35644,2.25,1.20
2011.02.25 14:31:58.980,1.3562,1.35645,1.50,1.20
2011.02.25 14:31:59.312,1.35622,1.35644,2.40,1.20
2011.02.25 14:31:59.530,1.35622,1.35644,2.40,1.20
2011.02.25 14:31:59.999,1.3562,1.35644,1.50,1.20
2011.02.25 14:32:01.570,1.35618,1.35644,2.25,1.20
2011.02.25 14:32:02.120,1.35615,1.35641,1.50,1.39
2011.02.25 14:32:02.434,1.35617,1.35642,6.30,1.95
2011.02.25 14:32:02.839,1.35619,1.35645,4.28,1.20
2011.02.25 14:32:03.531,1.35622,1.35646,2.40,1.20
2011.02.25 14:32:03.639,1.35622,1.35645,5.18,1.20
2011.02.25 14:32:04.439,1.35622,1.35645,4.43,1.20
2011.02.25 14:32:04.830,1.35622,1.35645,5.18,1.20
2011.02.25 14:32:05.380,1.35622,1.35645,1.65,3.98
2011.02.25 14:32:05.490,1.35618,1.35645,4.13,3.98
2011.02.25 14:32:05.821,1.35617,1.35641,1.50,1.20
2011.02.25 14:32:06.482,1.35614,1.35635,1.65,1.20
2011.02.25 14:32:06.919,1.35612,1.35635,1.50,1.20
2011.02.25 14:32:07.527,1.35613,1.35636,1.50,3.53
2011.02.25 14:32:08.081,1.3561,1.35634,2.25,3.53
2011.02.25 14:32:08.410,1.35607,1.35636,1.13,2.85
2011.02.25 14:32:09.870,1.35606,1.35632,1.88,1.20
2011.02.25 14:32:10.091,1.3561,1.35633,1.50,1.95
2011.02.25 14:32:10.420,1.35608,1.35636,4.28,1.20
2011.02.25 14:32:11.082,1.35609,1.35635,1.50,3.53
2011.02.25 14:32:11.190,1.35612,1.35635,2.40,3.53
2011.02.25 14:32:11.300,1.35616,1.35638,1.50,3.53
2011.02.25 14:32:11.692,1.35615,1.35635,1.50,1.20
2011.02.25 14:32:11.931,1.35603,1.35633,1.50,3.98
2011.02.25 14:32:12.042,1.35605,1.35633,1.50,1.20
2011.02.25 14:32:12.151,1.35607,1.35633,3.15,1.20
2011.02.25 14:32:12.372,1.35608,1.35633,1.50,3.98
2011.02.25 14:32:16.320,1.35608,1.35633,1.50,1.20
2011.02.25 14:32:16.650,1.35604,1.35633,4.65,1.20
2011.02.25 14:32:16.981,1.35609,1.35632,1.50,1.20
2011.02.25 14:32:17.529,1.35609,1.35632,1.50,1.20
2011.02.25 14:32:18.400,1.35609,1.35634,1.50,1.95
2011.02.25 14:32:18.622,1.35612,1.35637,1.50,1.39
2011.02.25 14:32:18.840,1.35611,1.35635,1.50,2.40
2011.02.25 14:32:19.172,1.35617,1.35639,1.13,1.95
2011.02.25 14:32:19.284,1.35619,1.35641,1.65,3.72
2011.02.25 14:32:19.400,1.35616,1.3564,1.13,2.59
2011.02.25 14:32:19.949,1.35616,1.35641,1.13,3.53
2011.02.25 14:32:20.990,1.35616,1.35641,1.13,3.53
2011.02.25 14:32:22.873,1.35616,1.35641,1.13,3.53
2011.02.25 14:32:23.202,1.35614,1.35637,1.88,1.20
2011.02.25 14:32:23.817,1.35614,1.35637,1.88,1.20
2011.02.25 14:32:23.933,1.35615,1.35637,1.13,1.20
2011.02.25 14:32:24.932,1.35613,1.35637,2.25,1.20
2011.02.25 14:32:25.040,1.35613,1.35637,2.25,1.20
2011.02.25 14:32:26.289,1.35614,1.35637,2.78,1.20
2011.02.25 14:32:26.670,1.35612,1.35637,3.90,1.20
2011.02.25 14:32:26.999,1.35615,1.35642,2.25,1.20
2011.02.25 14:32:27.609,1.35615,1.35642,2.25,1.20
2011.02.25 14:32:28.839,1.35618,1.35642,1.50,1.20
2011.02.25 14:32:33.011,1.35618,1.35642,1.50,1.20
2011.02.25 14:32:33.451,1.35623,1.35643,1.13,1.20
2011.02.25 14:32:33.780,1.35622,1.35646,1.13,1.20
2011.02.25 14:32:34.330,1.35622,1.35646,1.13,1.20
2011.02.25 14:32:34.881,1.35622,1.35646,1.13,1.20
2011.02.25 14:32:35.264,1.3562,1.35646,2.63,1.20
2011.02.25 14:32:35.383,1.35622,1.35646,1.50,1.20
2011.02.25 14:32:35.602,1.35621,1.35646,2.78,1.20
2011.02.25 14:32:36.480,1.35621,1.35646,1.13,1.20
2011.02.25 14:32:38.219,1.35622,1.35646,5.18,1.20
2011.02.25 14:32:38.551,1.35622,1.35646,2.59,1.20
2011.02.25 14:32:38.904,1.35628,1.35646,1.65,1.20
2011.02.25 14:32:44.792,1.35628,1.35652,1.65,1.20
2011.02.25 14:32:45.341,1.35627,1.35656,6.30,1.20
2011.02.25 14:32:45.451,1.35627,1.35656,3.90,1.20
2011.02.25 14:32:45.931,1.35627,1.35656,3.15,3.98
2011.02.25 14:32:46.442,1.35627,1.35655,1.50,2.40
2011.02.25 14:32:46.557,1.35627,1.35656,1.50,1.39
2011.02.25 14:32:46.781,1.35627,1.35652,1.13,1.50
2011.02.25 14:32:47.003,1.35626,1.35651,2.03,1.20
2011.02.25 14:32:47.329,1.35625,1.35651,1.13,1.20
2011.02.25 14:32:47.550,1.35625,1.35651,1.13,1.20
2011.02.25 14:32:48.680,1.35621,1.35648,1.50,1.20
2011.02.25 14:32:49.341,1.35619,1.35643,3.15,1.20
2011.02.25 14:32:49.563,1.35621,1.35643,1.50,1.20
2011.02.25 14:32:50.001,1.35619,1.35643,3.90,1.20
2011.02.25 14:32:50.451,1.35617,1.35643,1.50,1.95
2011.02.25 14:32:50.562,1.35614,1.3564,2.25,1.20
2011.02.25 14:32:50.782,1.35613,1.35639,1.50,2.59
2011.02.25 14:32:51.079,1.35611,1.35636,1.13,1.20
2011.02.25 14:32:54.023,1.35613,1.35637,1.50,1.20
2011.02.25 14:32:54.133,1.35613,1.35634,1.50,1.02
2011.02.25 14:32:54.243,1.35613,1.35634,1.50,2.40
2011.02.25 14:32:54.353,1.35611,1.35628,1.13,1.65
2011.02.25 14:32:54.461,1.35611,1.35638,2.63,3.53
2011.02.25 14:32:54.573,1.35616,1.35638,1.50,3.53
2011.02.25 14:32:54.682,1.35616,1.35638,2.25,3.53
2011.02.25 14:32:55.012,1.35618,1.35638,2.25,3.53
2011.02.25 14:32:55.449,1.35618,1.35644,1.50,1.39
2011.02.25 14:32:55.927,1.35619,1.35644,3.53,1.20
2011.02.25 14:32:56.041,1.35619,1.35644,3.53,1.20
2011.02.25 14:32:56.372,1.35615,1.35638,1.13,2.40
2011.02.25 14:32:56.704,1.35608,1.35634,3.53,2.85
2011.02.25 14:32:56.814,1.35607,1.35634,2.25,1.20
2011.02.25 14:32:57.042,1.35609,1.35634,1.50,1.20
2011.02.25 14:32:58.550,1.35609,1.35634,1.50,1.20
2011.02.25 14:32:58.882,1.35606,1.35633,1.50,3.04
2011.02.25 14:32:59.100,1.35606,1.35633,4.28,1.20
2011.02.25 14:32:59.430,1.35607,1.35633,3.53,1.20
2011.02.25 14:32:59.980,1.35609,1.35633,1.50,1.20
2011.02.25 14:33:01.231,1.35607,1.35633,1.50,1.20
2011.02.25 14:33:01.776,1.35607,1.35633,1.50,1.20
2011.02.25 14:33:02.330,1.35606,1.35629,4.28,1.20
2011.02.25 14:33:02.550,1.35608,1.35635,2.25,1.20
2011.02.25 14:33:03.222,1.35606,1.35629,3.53,1.20
2011.02.25 14:33:03.590,1.35604,1.35629,1.88,1.20
2011.02.25 14:33:03.947,1.35604,1.35629,1.88,1.20
2011.02.25 14:33:04.389,1.35604,1.35629,4.65,1.20
2011.02.25 14:33:05.599,1.35606,1.35629,2.78,1.20
2011.02.25 14:33:07.699,1.35604,1.35629,4.28,1.20
2011.02.25 14:33:08.194,1.35606,1.35629,2.78,1.20
2011.02.25 14:33:08.700,1.35605,1.35629,3.53,1.20
2011.02.25 14:33:09.734,1.35605,1.35629,4.28,1.20
2011.02.25 14:33:09.960,1.35605,1.35629,3.53,1.20
2011.02.25 14:33:10.200,1.35605,1.35629,4.28,1.20
2011.02.25 14:33:11.589,1.35608,1.35632,1.50,1.20
2011.02.25 14:33:11.701,1.35605,1.35632,1.50,1.20
2011.02.25 14:33:12.033,1.35608,1.35632,1.50,1.20
2011.02.25 14:33:13.022,1.35607,1.35629,1.65,1.20
2011.02.25 14:33:13.130,1.35603,1.35629,2.25,2.85
2011.02.25 14:33:13.240,1.35602,1.35629,1.69,2.85
2011.02.25 14:33:15.031,1.35603,1.35627,1.50,3.53
2011.02.25 14:33:15.249,1.35601,1.35629,1.50,1.39
2011.02.25 14:33:15.582,1.35599,1.35623,1.50,2.85
2011.02.25 14:33:15.803,1.35599,1.35625,1.50,3.53
2011.02.25 14:33:16.241,1.35601,1.35628,2.25,1.28
2011.02.25 14:33:16.789,1.35602,1.35625,1.50,1.20
2011.02.25 14:33:17.230,1.35601,1.35625,1.50,1.20
2011.02.25 14:33:17.340,1.35599,1.35626,1.50,1.20
2011.02.25 14:33:17.817,1.35598,1.35626,1.50,1.20
2011.02.25 14:33:18.370,1.35595,1.35621,1.50,1.20
2011.02.25 14:33:18.812,1.35591,1.35619,4.28,1.20
2011.02.25 14:33:18.919,1.35591,1.35619,4.28,1.20
2011.02.25 14:33:21.260,1.35591,1.35616,1.50,1.20
2011.02.25 14:33:21.700,1.35593,1.35616,1.65,1.20
2011.02.25 14:33:22.280,1.35591,1.35616,1.50,1.20
2011.02.25 14:33:22.501,1.35595,1.35621,1.50,1.20
2011.02.25 14:33:23.049,1.35595,1.35621,1.50,1.20
2011.02.25 14:33:23.814,1.35595,1.35621,1.50,1.20
2011.02.25 14:33:24.149,1.35595,1.35621,1.50,1.20
2011.02.25 14:33:25.265,1.35597,1.35623,1.50,1.50
2011.02.25 14:33:26.180,1.35597,1.35625,2.25,1.20
2011.02.25 14:33:27.561,1.35599,1.35625,1.50,1.20
2011.02.25 14:33:27.782,1.35605,1.35632,1.50,1.39
2011.02.25 14:33:28.331,1.35608,1.35632,1.50,1.39
2011.02.25 14:33:29.630,1.35605,1.35632,1.50,1.39
2011.02.25 14:33:29.849,1.35605,1.35632,1.50,1.39
2011.02.25 14:33:31.371,1.35603,1.35627,1.50,1.20
2011.02.25 14:33:31.831,1.35603,1.35627,1.50,1.20
2011.02.25 14:33:32.383,1.35602,1.35625,2.40,1.20
2011.02.25 14:33:32.930,1.35601,1.35625,2.40,1.20
2011.02.25 14:33:33.701,1.35602,1.35625,1.50,1.20
2011.02.25 14:33:34.031,1.35605,1.3563,1.69,1.20
2011.02.25 14:33:34.580,1.35606,1.35633,2.40,1.20
2011.02.25 14:33:36.120,1.35606,1.35633,2.59,1.20
2011.02.25 14:33:36.644,1.35611,1.35633,2.40,1.20
2011.02.25 14:33:38.910,1.35611,1.35633,1.50,1.20
2011.02.25 14:33:39.463,1.35611,1.35632,1.50,1.20
2011.02.25 14:33:39.681,1.35605,1.35631,1.50,2.59
2011.02.25 14:33:39.792,1.35603,1.35626,1.13,1.20
2011.02.25 14:33:40.014,1.35605,1.35626,1.13,1.20
2011.02.25 14:33:40.231,1.35607,1.35631,1.50,1.65
2011.02.25 14:33:40.451,1.35607,1.35633,3.15,3.98
2011.02.25 14:33:40.671,1.35607,1.35633,3.15,1.20
2011.02.25 14:33:41.269,1.35604,1.35627,1.13,1.20
2011.02.25 14:33:41.385,1.35604,1.35627,1.13,1.20
2011.02.25 14:33:42.054,1.35603,1.35631,1.50,3.04
2011.02.25 14:33:42.282,1.35603,1.35631,1.50,2.85
2011.02.25 14:33:42.502,1.35608,1.35633,2.25,3.98
2011.02.25 14:33:43.050,1.35609,1.35633,1.50,1.95
2011.02.25 14:33:43.380,1.35609,1.35632,1.50,1.20
2011.02.25 14:33:43.492,1.35609,1.35632,1.50,1.95
2011.02.25 14:33:43.711,1.356,1.35626,1.50,1.20
2011.02.25 14:33:43.930,1.35599,1.35626,2.25,1.20
2011.02.25 14:33:44.151,1.35599,1.35622,1.50,1.20
2011.02.25 14:33:44.371,1.356,1.35622,3.53,1.20
2011.02.25 14:33:44.700,1.35603,1.35626,3.53,1.20
2011.02.25 14:33:45.651,1.356,1.35623,3.53,1.20
2011.02.25 14:33:46.199,1.356,1.35623,3.53,1.20
2011.02.25 14:33:47.610,1.35599,1.35624,4.65,1.20
2011.02.25 14:33:48.340,1.35599,1.35623,1.50,1.20
2011.02.25 14:33:49.131,1.35599,1.35623,1.50,1.20
2011.02.25 14:33:49.350,1.35596,1.35621,3.53,1.95
2011.02.25 14:33:49.680,1.35596,1.35621,3.53,1.95
2011.02.25 14:33:51.889,1.35601,1.35621,1.50,1.50
2011.02.25 14:33:52.007,1.35601,1.35628,4.28,1.20
2011.02.25 14:33:52.124,1.35606,1.35631,2.40,1.20
2011.02.25 14:33:52.575,1.35606,1.3563,1.65,1.20
2011.02.25 14:33:53.179,1.35606,1.35628,1.65,1.20
2011.02.25 14:33:53.511,1.35606,1.3562,1.65,1.20
2011.02.25 14:33:53.731,1.35596,1.35618,2.25,1.20
2011.02.25 14:33:53.840,1.35596,1.35618,1.50,1.20
2011.02.25 14:33:54.169,1.35596,1.35615,1.50,1.20
2011.02.25 14:33:54.390,1.35596,1.35615,1.50,1.20
2011.02.25 14:33:55.050,1.35596,1.35619,2.25,3.53
2011.02.25 14:33:55.380,1.35602,1.35616,1.50,1.20
2011.02.25 14:33:55.490,1.35597,1.35616,1.65,1.20
2011.02.25 14:33:55.712,1.35597,1.35616,1.65,1.20
2011.02.25 14:34:00.320,1.35597,1.3561,1.65,2.78
2011.02.25 14:34:00.429,1.3559,1.35612,2.40,3.98
2011.02.25 14:34:00.761,1.3559,1.35611,2.40,3.53
2011.02.25 14:34:01.310,1.3559,1.3561,2.40,2.78
2011.02.25 14:34:01.529,1.3559,1.35612,2.40,3.98
2011.02.25 14:34:01.640,1.3559,1.3561,2.40,2.78
2011.02.25 14:34:02.190,1.35584,1.35608,1.50,1.20
2011.02.25 14:34:02.520,1.35584,1.35608,1.50,3.98
2011.02.25 14:34:02.630,1.35589,1.35608,1.65,3.53
2011.02.25 14:34:03.290,1.35589,1.35608,2.40,2.78
2011.02.25 14:34:04.001,1.35589,1.35609,2.40,1.20
2011.02.25 14:34:04.610,1.35589,1.35609,2.40,1.20
2011.02.25 14:34:05.384,1.3559,1.35609,1.69,1.20
2011.02.25 14:34:05.710,1.356,1.35615,2.40,3.53
2011.02.25 14:34:05.822,1.356,1.35619,2.40,3.98
2011.02.25 14:34:06.406,1.356,1.35617,1.65,1.20
2011.02.25 14:34:06.650,1.356,1.35617,1.65,1.20
2011.02.25 14:34:06.982,1.35594,1.35616,2.59,1.20
2011.02.25 14:34:07.310,1.35599,1.35613,1.65,1.20
2011.02.25 14:34:07.422,1.35593,1.35606,1.65,1.20
2011.02.25 14:34:07.641,1.35586,1.35607,1.65,1.20
2011.02.25 14:34:08.201,1.35587,1.35604,1.65,1.20
2011.02.25 14:34:08.530,1.35587,1.35604,1.65,1.20
2011.02.25 14:34:08.640,1.35581,1.35604,2.40,1.20
2011.02.25 14:34:09.043,1.35581,1.35604,2.40,1.20
2011.02.25 14:34:09.261,1.35586,1.35604,1.65,1.20
2011.02.25 14:34:09.591,1.35593,1.35605,1.65,1.20
2011.02.25 14:34:10.580,1.35593,1.35605,1.65,1.20
2011.02.25 14:34:11.131,1.35593,1.3561,1.65,1.20
2011.02.25 14:34:11.350,1.35588,1.3561,2.40,1.95
2011.02.25 14:34:11.571,1.35594,1.35611,1.65,1.20
2011.02.25 14:34:12.120,1.35594,1.35612,1.65,3.98
2011.02.25 14:34:12.340,1.35587,1.35611,3.15,1.20
2011.02.25 14:34:12.671,1.35594,1.35611,1.65,1.20
2011.02.25 14:34:13.220,1.35594,1.35611,1.65,1.20
2011.02.25 14:34:13.331,1.35588,1.35611,2.40,1.20
2011.02.25 14:34:13.440,1.35593,1.35612,1.65,1.20
2011.02.25 14:34:13.662,1.35588,1.35612,2.40,1.20
2011.02.25 14:34:14.281,1.35592,1.35611,1.65,1.20
2011.02.25 14:34:14.395,1.35592,1.35611,1.65,1.20
2011.02.25 14:34:14.619,1.35587,1.35611,2.40,1.20
2011.02.25 14:34:14.731,1.35587,1.3561,3.15,3.53
2011.02.25 14:34:15.651,1.35587,1.35609,2.40,3.53
2011.02.25 14:34:16.247,1.35583,1.35607,3.15,3.98
2011.02.25 14:34:16.583,1.35583,1.35609,3.15,3.98
2011.02.25 14:34:17.260,1.3559,1.35608,1.65,3.23
2011.02.25 14:34:17.830,1.3559,1.35607,1.65,1.20
2011.02.25 14:34:18.820,1.3559,1.35607,1.65,1.20
2011.02.25 14:34:19.372,1.35589,1.35608,1.65,1.20
2011.02.25 14:34:20.220,1.35589,1.35606,1.65,1.20
2011.02.25 14:34:20.550,1.35585,1.35606,2.40,1.20
2011.02.25 14:34:21.109,1.35585,1.35606,1.65,1.20
2011.02.25 14:34:22.372,1.3559,1.35606,1.65,1.20
2011.02.25 14:34:22.701,1.3559,1.35608,1.65,1.20
2011.02.25 14:34:22.810,1.3559,1.35608,1.84,1.20
2011.02.25 14:34:23.140,1.356,1.35614,1.65,1.20
2011.02.25 14:34:23.470,1.35588,1.3561,1.65,1.50
2011.02.25 14:34:26.135,1.35588,1.35609,1.65,1.20
2011.02.25 14:34:26.251,1.35585,1.35609,1.65,1.20
2011.02.25 14:34:26.361,1.3558,1.35609,3.15,3.98
2011.02.25 14:34:26.911,1.3558,1.35603,1.65,3.53
2011.02.25 14:34:28.403,1.3558,1.35603,2.40,7.50
2011.02.25 14:34:28.511,1.3558,1.35602,2.40,2.78
2011.02.25 14:34:28.729,1.3558,1.35605,2.40,1.20
2011.02.25 14:34:28.839,1.35584,1.35605,1.65,1.20
2011.02.25 14:34:30.320,1.35584,1.35605,2.40,1.20
2011.02.25 14:34:30.651,1.35581,1.35605,1.50,1.20
2011.02.25 14:34:30.980,1.35582,1.35605,1.69,1.20
2011.02.25 14:34:31.091,1.35583,1.35608,1.69,1.20
2011.02.25 14:34:31.201,1.35591,1.35608,1.65,1.20
2011.02.25 14:34:31.421,1.35585,1.35608,2.40,1.20
2011.02.25 14:34:31.641,1.35585,1.3561,2.40,1.95
2011.02.25 14:34:31.860,1.3559,1.35611,2.40,1.20
2011.02.25 14:34:32.082,1.35593,1.35612,2.40,1.20
2011.02.25 14:34:32.627,1.35587,1.35614,1.69,1.20
2011.02.25 14:34:32.742,1.35591,1.35616,2.40,3.98
2011.02.25 14:34:33.290,1.35591,1.35616,2.40,1.20
2011.02.25 14:34:34.282,1.35591,1.35615,2.40,1.20
2011.02.25 14:34:34.500,1.35589,1.35615,1.50,1.20
2011.02.25 14:34:35.100,1.35589,1.35615,1.50,1.20
2011.02.25 14:34:35.990,1.35589,1.35615,1.50,1.20
2011.02.25 14:34:36.580,1.35589,1.35615,1.50,1.20
2011.02.25 14:34:36.691,1.35589,1.35616,1.50,1.20
2011.02.25 14:34:37.022,1.35591,1.35615,2.40,2.14
2011.02.25 14:34:37.242,1.3559,1.35611,2.78,2.40
2011.02.25 14:34:37.570,1.35589,1.35615,1.50,1.20
2011.02.25 14:34:37.790,1.35589,1.35612,2.25,2.40
2011.02.25 14:34:38.196,1.3559,1.35611,2.25,1.20
2011.02.25 14:34:42.059,1.35589,1.35613,3.00,2.59
2011.02.25 14:34:42.641,1.3559,1.35613,2.25,2.59
2011.02.25 14:34:42.860,1.3559,1.35613,2.25,2.59
2011.02.25 14:34:43.300,1.3559,1.35615,1.50,1.39
2011.02.25 14:34:43.632,1.35587,1.3561,2.25,1.20
2011.02.25 14:34:43.851,1.35588,1.35613,1.50,1.20
2011.02.25 14:34:44.312,1.35587,1.35608,2.40,2.78
2011.02.25 14:34:44.420,1.35589,1.3561,2.25,2.78
2011.02.25 14:34:44.532,1.35589,1.35613,2.25,1.20
2011.02.25 14:34:44.640,1.35589,1.35613,2.25,3.98
2011.02.25 14:34:44.970,1.35586,1.35608,2.25,1.20
2011.02.25 14:34:47.180,1.35586,1.35607,2.25,1.20
2011.02.25 14:34:47.973,1.35586,1.35608,2.25,4.28
2011.02.25 14:34:48.550,1.35586,1.35608,2.25,3.53
2011.02.25 14:34:49.032,1.35586,1.35609,2.25,1.20
2011.02.25 14:34:49.470,1.35583,1.35609,3.00,1.20
2011.02.25 14:34:49.581,1.35583,1.35608,2.25,1.20
2011.02.25 14:34:50.130,1.35583,1.35605,2.25,1.20
2011.02.25 14:34:52.200,1.35581,1.35605,2.25,1.20
2011.02.25 14:34:52.530,1.35581,1.35605,2.25,1.20
2011.02.25 14:34:53.103,1.35581,1.35605,2.25,1.20
2011.02.25 14:34:53.540,1.35581,1.35602,2.25,1.20
2011.02.25 14:34:54.039,1.35581,1.35601,2.25,1.20
2011.02.25 14:34:54.600,1.35581,1.35602,2.25,1.95
2011.02.25 14:34:56.110,1.35579,1.35602,2.25,1.95
2011.02.25 14:34:58.671,1.35576,1.356,3.00,1.20
2011.02.25 14:34:58.780,1.35576,1.356,3.00,1.20
2011.02.25 14:34:58.891,1.35574,1.35597,2.44,1.20
2011.02.25 14:34:59.461,1.35574,1.35597,3.94,1.20
2011.02.25 14:35:00.920,1.35574,1.35597,3.94,1.20
2011.02.25 14:35:01.470,1.35574,1.35597,2.44,1.20
2011.02.25 14:35:02.022,1.35576,1.35599,2.25,1.20
2011.02.25 14:35:02.350,1.35575,1.35598,3.90,1.20
2011.02.25 14:35:02.900,1.35576,1.35599,2.25,1.95
2011.02.25 14:35:03.463,1.35576,1.35597,2.25,1.20
2011.02.25 14:35:03.574,1.35575,1.35597,3.90,1.20
2011.02.25 14:35:03.691,1.35575,1.35597,3.90,1.20
2011.02.25 14:35:04.130,1.35574,1.35597,2.44,1.20
2011.02.25 14:35:04.351,1.35574,1.35597,2.44,1.20
2011.02.25 14:35:05.960,1.35574,1.35597,1.50,1.20
2011.02.25 14:35:06.292,1.35575,1.35598,2.25,1.20
2011.02.25 14:35:06.620,1.35577,1.35598,2.25,1.20
2011.02.25 14:35:07.390,1.35577,1.35597,2.25,1.20
2011.02.25 14:35:07.723,1.35577,1.35597,1.50,1.20
2011.02.25 14:35:07.830,1.35574,1.35597,3.15,1.20
2011.02.25 14:35:08.050,1.35574,1.35596,1.50,2.40
2011.02.25 14:35:08.382,1.35569,1.35593,3.00,1.20
2011.02.25 14:35:08.491,1.35569,1.35593,3.00,1.20
2011.02.25 14:35:08.820,1.35569,1.35593,3.38,1.20
2011.02.25 14:35:09.220,1.35569,1.35593,2.25,1.20
2011.02.25 14:35:09.550,1.35569,1.35589,3.00,2.40
2011.02.25 14:35:10.280,1.35569,1.35589,1.50,2.40
2011.02.25 14:35:10.800,1.35567,1.35589,3.00,2.40
2011.02.25 14:35:11.132,1.35573,1.35589,1.50,1.65
2011.02.25 14:35:11.460,1.35573,1.35593,2.25,1.20
2011.02.25 14:35:11.680,1.35573,1.35593,1.50,1.20
2011.02.25 14:35:12.010,1.35573,1.35589,1.50,2.40
2011.02.25 14:35:12.230,1.35573,1.35593,1.50,1.20
2011.02.25 14:35:13.360,1.35573,1.3559,1.50,2.40
2011.02.25 14:35:13.863,1.35574,1.3559,1.50,2.40
2011.02.25 14:35:14.410,1.35573,1.3559,1.50,2.85
2011.02.25 14:35:14.780,1.35573,1.35591,1.50,1.20
2011.02.25 14:35:15.489,1.35573,1.3559,1.50,1.39
2011.02.25 14:35:15.609,1.3557,1.35588,1.50,1.20
2011.02.25 14:35:15.831,1.35566,1.3559,1.13,3.98
2011.02.25 14:35:16.051,1.35569,1.35591,1.13,3.23
2011.02.25 14:35:16.600,1.35569,1.35591,1.13,1.20
2011.02.25 14:35:17.272,1.3557,1.35591,3.19,1.20
2011.02.25 14:35:17.601,1.35573,1.35595,2.25,3.53
2011.02.25 14:35:18.150,1.35571,1.35591,1.50,1.20
2011.02.25 14:35:18.481,1.3557,1.35591,3.15,1.20
2011.02.25 14:35:18.721,1.3557,1.35591,3.15,1.20
2011.02.25 14:35:18.830,1.3557,1.35591,2.40,1.20
2011.02.25 14:35:18.940,1.35568,1.35591,1.69,1.20
2011.02.25 14:35:19.381,1.3557,1.35592,1.65,1.20
2011.02.25 14:35:19.709,1.35566,1.35592,1.13,1.20
2011.02.25 14:35:20.603,1.35564,1.35588,2.63,1.20
2011.02.25 14:35:21.026,1.35557,1.35583,1.50,3.53
2011.02.25 14:35:21.255,1.35556,1.35581,1.50,1.39
2011.02.25 14:35:21.479,1.35556,1.35577,1.50,2.40
2011.02.25 14:35:21.590,1.35554,1.35577,1.50,2.40
2011.02.25 14:35:23.820,1.35554,1.35577,1.50,2.40
2011.02.25 14:35:24.416,1.35555,1.35581,2.40,3.53
2011.02.25 14:35:24.970,1.35554,1.3558,1.88,3.53
2011.02.25 14:35:26.459,1.35555,1.35581,1.13,3.53
2011.02.25 14:35:27.013,1.35555,1.35577,1.88,1.20
2011.02.25 14:35:27.241,1.35555,1.35577,1.88,1.20
2011.02.25 14:35:27.790,1.35555,1.35577,1.88,1.20
2011.02.25 14:35:28.231,1.35548,1.35572,1.50,1.20
2011.02.25 14:35:28.561,1.35548,1.35574,1.50,4.73
2011.02.25 14:35:28.674,1.3555,1.35572,2.40,1.20
2011.02.25 14:35:28.901,1.3555,1.35572,1.65,3.98
2011.02.25 14:35:29.011,1.35548,1.35572,1.50,3.98
2011.02.25 14:35:29.450,1.35548,1.35572,1.50,3.98
2011.02.25 14:35:29.560,1.35548,1.35572,1.50,3.98
2011.02.25 14:35:29.891,1.35544,1.35567,1.50,3.53
2011.02.25 14:35:30.600,1.35544,1.35567,1.50,3.53
2011.02.25 14:35:30.962,1.35544,1.35567,1.50,3.53
2011.02.25 14:35:31.290,1.35544,1.35567,1.50,2.78
2011.02.25 14:35:31.790,1.35544,1.35567,1.50,3.53
2011.02.25 14:35:31.900,1.35544,1.35565,1.50,2.78
2011.02.25 14:35:32.122,1.35546,1.35568,2.59,1.20
2011.02.25 14:35:32.451,1.35542,1.35572,3.19,3.98
2011.02.25 14:35:33.002,1.35538,1.35564,2.44,1.20
2011.02.25 14:35:33.331,1.35538,1.3556,1.50,1.65
2011.02.25 14:35:33.772,1.35535,1.35554,1.50,1.65
2011.02.25 14:35:33.880,1.35534,1.35554,1.50,2.40
2011.02.25 14:35:33.992,1.35535,1.35556,1.50,1.20
2011.02.25 14:35:35.153,1.35535,1.3556,1.50,1.20
2011.02.25 14:35:35.563,1.35538,1.35561,1.69,2.10
2011.02.25 14:35:35.780,1.35541,1.35567,1.69,1.20
2011.02.25 14:35:36.003,1.35544,1.35567,1.69,1.20
2011.02.25 14:35:36.880,1.35543,1.35564,1.69,3.53
2011.02.25 14:35:37.474,1.35542,1.35564,1.69,3.53
2011.02.25 14:35:37.591,1.35541,1.35564,1.50,3.53
2011.02.25 14:35:38.201,1.35541,1.35564,1.50,3.53
2011.02.25 14:35:38.529,1.35541,1.35564,1.50,3.53
2011.02.25 14:35:38.750,1.35541,1.35564,1.50,3.53
2011.02.25 14:35:38.991,1.35541,1.35564,1.50,3.53
2011.02.25 14:35:39.541,1.3554,1.35561,2.25,3.53
2011.02.25 14:35:40.312,1.35535,1.35556,1.50,1.65
2011.02.25 14:35:41.036,1.35534,1.35555,1.50,3.53
2011.02.25 14:35:41.262,1.35526,1.35549,3.56,1.20
2011.02.25 14:35:41.704,1.35525,1.35549,1.53,1.20
2011.02.25 14:35:42.259,1.35525,1.35549,1.53,1.20
2011.02.25 14:35:44.770,1.35525,1.35548,1.72,2.78
2011.02.25 14:35:45.100,1.35525,1.35551,1.72,1.95
2011.02.25 14:35:46.050,1.35525,1.35549,1.53,1.20
2011.02.25 14:35:46.271,1.35525,1.3555,1.53,2.85
2011.02.25 14:35:46.600,1.35525,1.35549,1.53,1.20
2011.02.25 14:35:47.150,1.35525,1.35549,1.53,1.20
2011.02.25 14:35:47.482,1.35529,1.35549,1.69,1.20
2011.02.25 14:35:47.812,1.35536,1.3556,1.50,1.20
2011.02.25 14:35:48.142,1.35536,1.3556,1.50,1.20
2011.02.25 14:35:48.532,1.35536,1.3556,1.50,1.20
2011.02.25 14:35:49.081,1.35536,1.3556,1.50,1.20
2011.02.25 14:35:49.610,1.35536,1.3556,1.50,1.20
2011.02.25 14:35:50.711,1.35536,1.3556,1.50,1.20
2011.02.25 14:35:51.041,1.35534,1.3556,1.50,2.14
2011.02.25 14:35:51.262,1.35531,1.35557,1.50,1.20
2011.02.25 14:35:51.371,1.35535,1.35557,2.25,1.20
2011.02.25 14:35:51.700,1.35537,1.35562,1.50,1.20
2011.02.25 14:35:51.811,1.35537,1.35562,1.50,1.20
2011.02.25 14:35:52.031,1.35538,1.35562,2.25,1.20
2011.02.25 14:35:53.574,1.35537,1.35562,3.15,1.20
2011.02.25 14:35:54.160,1.3554,1.35565,1.50,3.98
2011.02.25 14:35:54.270,1.3554,1.35565,1.50,3.98
2011.02.25 14:35:54.821,1.3554,1.35565,1.50,3.98
2011.02.25 14:35:55.371,1.35543,1.35565,1.50,3.53
2011.02.25 14:35:55.592,1.35545,1.35569,1.69,1.20
2011.02.25 14:35:56.032,1.35546,1.35573,1.84,3.53
2011.02.25 14:35:56.582,1.35544,1.35569,2.44,1.20
2011.02.25 14:35:57.130,1.35544,1.35569,2.44,3.98
2011.02.25 14:35:57.243,1.35544,1.35569,2.44,3.98
2011.02.25 14:35:58.072,1.35548,1.35572,1.50,1.20
2011.02.25 14:35:58.620,1.35548,1.35572,1.50,1.20
2011.02.25 14:35:59.170,1.35547,1.35572,3.34,1.20
2011.02.25 14:35:59.942,1.35548,1.35572,1.50,1.20
2011.02.25 14:36:00.490,1.35548,1.35572,1.50,1.39
2011.02.25 14:36:00.821,1.35546,1.35565,1.50,1.20
2011.02.25 14:36:01.150,1.35541,1.35565,1.50,1.20
2011.02.25 14:36:02.131,1.35539,1.35565,1.50,3.98
2011.02.25 14:36:02.461,1.35541,1.35564,1.50,2.40
2011.02.25 14:36:02.790,1.35541,1.35565,1.50,1.20
2011.02.25 14:36:03.991,1.35541,1.35565,1.50,1.20
2011.02.25 14:36:04.321,1.35541,1.35565,1.50,1.20
2011.02.25 14:36:04.761,1.35539,1.35565,1.50,1.20
2011.02.25 14:36:06.730,1.35543,1.35565,1.50,4.17
2011.02.25 14:36:06.951,1.3554,1.35564,2.25,2.40
2011.02.25 14:36:07.170,1.35543,1.35565,1.50,3.98
2011.02.25 14:36:07.279,1.35541,1.35565,2.25,3.98
2011.02.25 14:36:07.832,1.35543,1.35565,4.09,1.20
2011.02.25 14:36:08.162,1.35541,1.35563,1.50,2.40
2011.02.25 14:36:08.710,1.3554,1.35562,3.00,3.53
2011.02.25 14:36:09.590,1.35541,1.35564,1.50,3.53
2011.02.25 14:36:10.052,1.35541,1.35564,3.00,3.53
2011.02.25 14:36:11.230,1.35541,1.35563,3.00,3.53
2011.02.25 14:36:11.780,1.35541,1.35563,2.25,2.40
2011.02.25 14:36:12.000,1.3554,1.35563,3.00,5.18
2011.02.25 14:36:13.880,1.35541,1.35563,1.50,2.40
2011.02.25 14:36:15.065,1.3554,1.35563,3.00,2.40
2011.02.25 14:36:15.185,1.3554,1.35561,1.50,1.20
2011.02.25 14:36:16.900,1.35538,1.35561,1.50,1.20
2011.02.25 14:36:17.860,1.35537,1.35561,1.50,1.20
2011.02.25 14:36:18.080,1.35536,1.35561,1.50,1.20
2011.02.25 14:36:18.301,1.35533,1.35559,3.00,1.20
2011.02.25 14:36:18.850,1.35533,1.35559,1.50,3.98
2011.02.25 14:36:19.070,1.35531,1.35557,3.90,1.50
2011.02.25 14:36:19.406,1.35531,1.35555,1.65,3.98
2011.02.25 14:36:19.524,1.35529,1.35555,3.22,1.20
2011.02.25 14:36:19.962,1.35529,1.35555,3.19,1.20
2011.02.25 14:36:20.411,1.3553,1.35555,2.25,3.98
2011.02.25 14:36:20.631,1.3553,1.35555,2.25,3.98
2011.02.25 14:36:21.190,1.3553,1.35555,2.25,1.20
2011.02.25 14:36:21.520,1.3553,1.35555,2.25,1.20
2011.02.25 14:36:21.850,1.3553,1.35555,2.25,1.20
2011.02.25 14:36:22.200,1.3553,1.35555,2.25,1.20
2011.02.25 14:36:22.641,1.35532,1.35557,1.50,1.50
2011.02.25 14:36:22.861,1.35539,1.3556,2.25,1.50
2011.02.25 14:36:23.369,1.35535,1.35561,2.25,1.20
2011.02.25 14:36:24.112,1.35535,1.35561,2.25,1.20
2011.02.25 14:36:24.661,1.35536,1.35561,2.25,1.20
2011.02.25 14:36:25.222,1.35536,1.3556,2.25,3.53
2011.02.25 14:36:25.330,1.35536,1.3556,2.25,3.53
2011.02.25 14:36:26.082,1.35536,1.35561,2.25,1.20
2011.02.25 14:36:26.410,1.35536,1.35561,2.25,1.20
2011.02.25 14:36:27.691,1.35538,1.35561,1.50,3.98
2011.02.25 14:36:28.279,1.35536,1.35561,2.25,3.98
2011.02.25 14:36:29.860,1.35533,1.35558,2.25,1.20
2011.02.25 14:36:30.191,1.35533,1.35558,1.50,3.04
2011.02.25 14:36:30.411,1.35532,1.35558,1.50,3.04
2011.02.25 14:36:30.522,1.35535,1.35558,2.25,2.85
2011.02.25 14:36:31.182,1.35532,1.35558,3.00,1.20
2011.02.25 14:36:31.511,1.35531,1.35558,3.00,2.85
2011.02.25 14:36:32.060,1.35531,1.35555,2.25,1.20
2011.02.25 14:36:33.030,1.35531,1.35555,2.25,1.20
2011.02.25 14:36:33.649,1.35531,1.35555,1.50,1.20
2011.02.25 14:36:34.267,1.35531,1.35555,2.25,1.20
2011.02.25 14:36:35.021,1.35532,1.35555,1.50,1.20
2011.02.25 14:36:35.570,1.35532,1.35555,1.50,1.20
2011.02.25 14:36:36.081,1.35532,1.35555,1.50,1.20
2011.02.25 14:36:37.240,1.35531,1.35555,2.25,1.20
2011.02.25 14:36:37.570,1.35534,1.35555,1.50,1.20
2011.02.25 14:36:38.130,1.35534,1.35555,1.50,1.20
2011.02.25 14:36:38.461,1.35533,1.35551,1.50,3.53
2011.02.25 14:36:38.791,1.35538,1.35549,1.50,3.53
2011.02.25 14:36:39.011,1.35538,1.35551,1.50,3.53
2011.02.25 14:36:39.341,1.35542,1.35555,1.50,1.20
2011.02.25 14:36:39.453,1.35544,1.35555,1.50,1.20
2011.02.25 14:36:39.562,1.35547,1.35558,1.50,1.20
2011.02.25 14:36:39.782,1.35544,1.35555,1.50,2.40
2011.02.25 14:36:39.891,1.35541,1.35555,1.50,2.40
2011.02.25 14:36:40.112,1.35541,1.35555,1.50,1.50
2011.02.25 14:36:40.221,1.35543,1.35555,1.50,1.50
2011.02.25 14:36:40.831,1.35543,1.35558,1.50,1.20
2011.02.25 14:36:41.272,1.35545,1.35556,1.50,1.20
2011.02.25 14:36:41.613,1.35545,1.35558,1.50,1.20
2011.02.25 14:36:41.723,1.35542,1.35554,1.50,4.47
2011.02.25 14:36:41.832,1.35532,1.35554,1.50,4.47
2011.02.25 14:36:42.162,1.35534,1.3555,1.50,1.20
2011.02.25 14:36:44.861,1.35534,1.3555,1.50,1.20
2011.02.25 14:36:45.520,1.35534,1.3555,1.50,1.20
2011.02.25 14:36:47.380,1.35534,1.35551,1.50,4.73
2011.02.25 14:36:47.490,1.35537,1.35551,1.50,1.95
2011.02.25 14:36:48.371,1.35535,1.35551,1.50,1.20
2011.02.25 14:36:48.921,1.35535,1.3555,1.50,1.20
2011.02.25 14:36:49.840,1.35533,1.3555,1.50,1.20
2011.02.25 14:36:50.389,1.35533,1.3555,1.50,1.20
2011.02.25 14:36:50.720,1.35535,1.3555,1.50,1.20
2011.02.25 14:36:51.051,1.35533,1.3555,1.50,1.20
2011.02.25 14:36:51.599,1.35533,1.3555,1.50,1.20
2011.02.25 14:36:52.003,1.35531,1.3555,1.50,1.20
2011.02.25 14:36:52.493,1.35533,1.3555,1.50,1.20
2011.02.25 14:36:52.843,1.35533,1.3555,1.50,1.20
2011.02.25 14:36:53.621,1.35533,1.3555,1.50,1.20
2011.02.25 14:36:54.149,1.35533,1.3555,1.50,1.20
2011.02.25 14:36:54.590,1.35533,1.3555,1.50,1.20
2011.02.25 14:36:54.700,1.35531,1.3555,1.50,1.20
2011.02.25 14:36:55.141,1.35533,1.3555,1.50,1.20
2011.02.25 14:36:55.250,1.35533,1.35551,1.50,1.95
2011.02.25 14:36:57.541,1.35536,1.35555,1.50,1.20
2011.02.25 14:36:58.829,1.35536,1.35555,1.50,1.20
2011.02.25 14:36:59.410,1.35536,1.35555,1.50,1.20
2011.02.25 14:37:00.023,1.35535,1.35553,1.50,3.53
2011.02.25 14:37:00.244,1.35535,1.35558,1.50,3.53
2011.02.25 14:37:00.473,1.35535,1.35558,1.50,1.69
2011.02.25 14:37:00.804,1.35533,1.35553,1.50,2.59
2011.02.25 14:37:01.130,1.35533,1.35553,1.50,2.59
2011.02.25 14:37:01.242,1.35531,1.35552,1.50,1.50
2011.02.25 14:37:01.790,1.35531,1.3555,1.50,1.20
2011.02.25 14:37:03.421,1.35531,1.35552,2.25,1.95
2011.02.25 14:37:03.533,1.35531,1.35553,2.25,2.59
2011.02.25 14:37:03.862,1.35532,1.35555,1.50,4.17
2011.02.25 14:37:04.303,1.35535,1.35553,1.50,2.40
2011.02.25 14:37:05.381,1.35535,1.35559,1.50,1.65
2011.02.25 14:37:05.491,1.35538,1.3556,1.50,2.78
2011.02.25 14:37:05.821,1.3554,1.35561,2.25,1.20
2011.02.25 14:37:06.440,1.3554,1.35561,1.50,1.20
2011.02.25 14:37:06.772,1.35543,1.35564,1.50,1.95
2011.02.25 14:37:07.101,1.35543,1.35561,1.50,1.20
2011.02.25 14:37:07.211,1.35543,1.35562,1.50,1.20
2011.02.25 14:37:07.790,1.35542,1.35562,1.50,3.98
2011.02.25 14:37:08.232,1.35542,1.35561,1.50,3.98
2011.02.25 14:37:08.451,1.35538,1.3556,2.25,3.53
2011.02.25 14:37:08.672,1.35541,1.3556,1.50,3.53
2011.02.25 14:37:09.440,1.35541,1.35558,1.50,2.40
2011.02.25 14:37:09.881,1.35541,1.35553,1.50,1.65
2011.02.25 14:37:09.990,1.35539,1.35553,1.50,1.65
2011.02.25 14:37:11.970,1.35542,1.35555,1.50,1.20
2011.02.25 14:37:12.080,1.3554,1.35555,1.50,1.20
2011.02.25 14:37:12.190,1.3554,1.35555,1.50,1.20
2011.02.25 14:37:12.740,1.35539,1.35553,1.50,2.40
2011.02.25 14:37:13.110,1.35536,1.35553,1.50,2.40
2011.02.25 14:37:13.222,1.35536,1.35548,1.50,2.59
2011.02.25 14:37:13.552,1.35527,1.35548,1.53,1.20
2011.02.25 14:37:13.660,1.35523,1.35548,2.28,1.20
2011.02.25 14:37:13.879,1.35532,1.35548,1.50,1.20
2011.02.25 14:37:13.992,1.35529,1.35548,2.25,1.20
2011.02.25 14:37:14.101,1.35532,1.35553,1.50,3.98
2011.02.25 14:37:14.430,1.35529,1.35548,1.50,2.40
2011.02.25 14:37:14.760,1.35532,1.35548,1.50,2.40
2011.02.25 14:37:14.881,1.3553,1.35548,1.50,2.40
2011.02.25 14:37:15.100,1.35532,1.35548,1.50,2.40
2011.02.25 14:37:16.602,1.35532,1.35548,1.50,2.40
2011.02.25 14:37:16.712,1.35528,1.35548,1.53,2.40
2011.02.25 14:37:17.372,1.35528,1.35544,1.53,2.40
2011.02.25 14:37:17.991,1.35528,1.35544,1.53,2.40
2011.02.25 14:37:18.323,1.35528,1.35546,1.53,1.20
2011.02.25 14:37:18.430,1.35531,1.35549,1.50,1.20
2011.02.25 14:37:18.653,1.35528,1.3555,1.53,1.20
2011.02.25 14:37:18.763,1.35523,1.35543,2.28,3.23
2011.02.25 14:37:19.200,1.35525,1.35543,1.53,3.98
2011.02.25 14:37:19.311,1.35525,1.35543,1.53,3.23
2011.02.25 14:37:19.869,1.35525,1.35544,1.53,1.20
2011.02.25 14:37:19.981,1.35525,1.35543,1.53,1.20
2011.02.25 14:37:20.200,1.35522,1.35541,2.28,3.53
2011.02.25 14:37:20.808,1.35522,1.35541,2.28,3.53
2011.02.25 14:37:20.929,1.35524,1.35544,1.53,3.42
2011.02.25 14:37:21.262,1.35526,1.35542,1.53,1.95
2011.02.25 14:37:21.700,1.35526,1.35544,1.53,1.20
2011.02.25 14:37:22.361,1.35527,1.35543,1.53,1.20
2011.02.25 14:37:22.912,1.35527,1.35545,2.28,1.20
2011.02.25 14:37:23.023,1.3553,1.35545,1.50,1.20
2011.02.25 14:37:23.241,1.3553,1.35549,2.25,1.20
2011.02.25 14:37:23.962,1.35533,1.35549,1.50,1.20
2011.02.25 14:37:24.181,1.35533,1.35554,1.50,2.85
2011.02.25 14:37:24.730,1.35533,1.35554,1.50,2.85
2011.02.25 14:37:25.946,1.35534,1.35554,1.50,2.85
2011.02.25 14:37:26.285,1.35533,1.35549,1.50,1.20
2011.02.25 14:37:26.402,1.3553,1.35549,2.25,1.20
2011.02.25 14:37:26.622,1.3553,1.35549,1.50,1.20
2011.02.25 14:37:27.610,1.3553,1.35549,1.50,1.20
2011.02.25 14:37:27.941,1.35527,1.35549,1.53,1.20
2011.02.25 14:37:28.273,1.35538,1.35562,4.28,1.20
2011.02.25 14:37:28.491,1.35544,1.35562,1.50,1.20
2011.02.25 14:37:28.711,1.35539,1.35562,3.53,1.20
2011.02.25 14:37:29.352,1.3554,1.3556,1.50,2.40
2011.02.25 14:37:29.833,1.35543,1.35562,1.50,1.20
2011.02.25 14:37:30.061,1.35543,1.35562,1.50,1.20
2011.02.25 14:37:30.281,1.35545,1.35568,1.50,1.39
2011.02.25 14:37:30.829,1.35545,1.35568,1.50,1.20
2011.02.25 14:37:31.611,1.35545,1.35568,1.50,1.20
2011.02.25 14:37:31.832,1.35543,1.35568,1.50,1.20
2011.02.25 14:37:32.274,1.35536,1.35558,1.50,5.18
2011.02.25 14:37:32.381,1.35531,1.35556,1.50,3.53
2011.02.25 14:37:32.493,1.35531,1.35556,1.50,2.97
2011.02.25 14:37:32.603,1.3553,1.35553,1.50,1.20
2011.02.25 14:37:33.044,1.35532,1.35552,1.50,3.23
2011.02.25 14:37:33.271,1.35528,1.35552,1.53,3.23
2011.02.25 14:37:33.490,1.3553,1.35553,1.50,4.73
2011.02.25 14:37:34.085,1.35528,1.3555,1.53,2.78
2011.02.25 14:37:34.421,1.35529,1.35547,1.53,1.20
2011.02.25 14:37:34.790,1.35529,1.35547,1.53,1.20
2011.02.25 14:37:35.120,1.35528,1.35547,2.28,1.20
2011.02.25 14:37:35.231,1.3553,1.35547,1.50,1.20
2011.02.25 14:37:35.571,1.35533,1.35556,1.50,1.20
2011.02.25 14:37:35.681,1.35533,1.35552,1.50,2.78
2011.02.25 14:37:35.900,1.35533,1.35551,1.50,1.20
2011.02.25 14:37:36.120,1.35531,1.35551,1.50,1.20
2011.02.25 14:37:36.230,1.35533,1.35551,1.50,1.20
2011.02.25 14:37:36.940,1.35532,1.35551,1.50,1.20
2011.02.25 14:37:37.381,1.35532,1.35551,1.50,1.20
2011.02.25 14:37:37.600,1.35535,1.35551,1.50,1.20
2011.02.25 14:37:38.041,1.35535,1.35551,1.50,1.20
2011.02.25 14:37:38.553,1.35534,1.35551,1.50,1.20
2011.02.25 14:37:38.674,1.35532,1.35551,1.50,1.20
2011.02.25 14:37:39.021,1.35532,1.35551,1.50,1.20
2011.02.25 14:37:39.794,1.35531,1.35549,1.50,2.40
2011.02.25 14:37:40.340,1.35532,1.35549,1.50,2.85
2011.02.25 14:37:40.452,1.3553,1.35549,1.50,2.85
2011.02.25 14:37:40.672,1.3553,1.35549,1.50,2.85
2011.02.25 14:37:41.041,1.3553,1.35549,1.50,2.85
2011.02.25 14:37:42.430,1.35528,1.35549,1.53,2.85
2011.02.25 14:37:42.979,1.35528,1.35549,1.53,2.85
2011.02.25 14:37:43.309,1.35531,1.35549,1.50,2.85
2011.02.25 14:37:43.750,1.35528,1.35549,1.53,2.85
2011.02.25 14:37:44.366,1.35528,1.35544,1.53,2.40
2011.02.25 14:37:44.701,1.35525,1.35544,1.53,1.65
2011.02.25 14:37:45.800,1.35527,1.35544,1.53,2.40
2011.02.25 14:37:46.241,1.3553,1.35549,1.50,3.79
2011.02.25 14:37:46.352,1.35527,1.35549,1.53,3.79
2011.02.25 14:37:47.530,1.35527,1.35549,1.53,2.85
2011.02.25 14:37:47.970,1.35525,1.35549,1.53,2.85
2011.02.25 14:37:48.382,1.3553,1.35549,1.50,2.85
2011.02.25 14:37:48.829,1.35527,1.35549,1.53,2.85
2011.02.25 14:37:49.381,1.35526,1.35545,1.53,1.20
2011.02.25 14:37:50.190,1.35526,1.35545,1.53,1.20
2011.02.25 14:37:51.151,1.35526,1.35545,1.53,1.20
2011.02.25 14:37:53.400,1.35525,1.35545,1.53,1.20
2011.02.25 14:37:53.970,1.35525,1.35545,1.53,1.20
2011.02.25 14:37:54.520,1.35525,1.35545,1.53,1.20
2011.02.25 14:37:55.610,1.35525,1.35545,1.53,1.20
2011.02.25 14:37:56.153,1.35525,1.35545,1.53,1.20
2011.02.25 14:37:56.401,1.35525,1.35545,1.53,1.20
2011.02.25 14:37:57.390,1.35524,1.35545,1.53,1.20
2011.02.25 14:37:57.500,1.35524,1.35545,1.53,1.20
2011.02.25 14:37:58.194,1.35524,1.35545,1.53,1.20
2011.02.25 14:37:58.791,1.35524,1.35545,1.53,1.20
2011.02.25 14:37:59.418,1.35523,1.35542,1.53,2.40
2011.02.25 14:37:59.750,1.35524,1.35542,1.53,2.40
2011.02.25 14:38:00.300,1.35524,1.35545,1.53,1.20
2011.02.25 14:38:01.646,1.35524,1.35545,1.53,1.20
2011.02.25 14:38:01.760,1.35524,1.35545,1.53,1.20
2011.02.25 14:38:02.311,1.3552,1.35542,1.53,1.20
2011.02.25 14:38:02.530,1.3552,1.35541,1.53,1.20
2011.02.25 14:38:02.860,1.3552,1.35542,1.53,1.20
2011.02.25 14:38:04.352,1.35525,1.35546,1.53,1.20
2011.02.25 14:38:04.582,1.35525,1.35546,1.53,1.20
2011.02.25 14:38:04.940,1.35525,1.35547,1.53,3.98
2011.02.25 14:38:05.493,1.3553,1.35546,1.50,1.20
2011.02.25 14:38:05.601,1.35526,1.35546,1.53,1.20
2011.02.25 14:38:06.232,1.35526,1.35546,1.53,1.20
2011.02.25 14:38:06.570,1.35526,1.35546,1.53,1.20
2011.02.25 14:38:06.901,1.35526,1.35545,1.53,2.40
2011.02.25 14:38:07.231,1.35526,1.35545,1.53,2.40
2011.02.25 14:38:07.690,1.35523,1.35545,1.53,2.40
2011.02.25 14:38:08.240,1.35524,1.3554,1.53,2.40
2011.02.25 14:38:08.610,1.35522,1.3554,2.28,2.40
2011.02.25 14:38:08.726,1.35522,1.35546,3.03,2.85
2011.02.25 14:38:09.173,1.35523,1.35547,2.28,1.20
2011.02.25 14:38:09.502,1.35526,1.3555,2.28,1.20
2011.02.25 14:38:09.982,1.35528,1.3555,1.53,1.20
2011.02.25 14:38:10.310,1.35528,1.35551,1.53,1.20
2011.02.25 14:38:10.421,1.3553,1.35551,1.50,1.20
2011.02.25 14:38:10.750,1.3553,1.3555,1.50,1.20
2011.02.25 14:38:10.860,1.35528,1.3555,1.53,1.20
2011.02.25 14:38:11.411,1.35526,1.3555,1.53,1.20
2011.02.25 14:38:11.631,1.35528,1.3555,1.53,1.20
2011.02.25 14:38:11.741,1.35526,1.3555,1.53,1.20
2011.02.25 14:38:12.250,1.35525,1.3555,1.53,1.20
2011.02.25 14:38:12.861,1.35526,1.3555,1.53,1.20
2011.02.25 14:38:13.716,1.35526,1.3555,1.53,1.20
2011.02.25 14:38:14.525,1.35524,1.3555,3.78,1.20
2011.02.25 14:38:15.070,1.35525,1.3555,1.53,1.20
2011.02.25 14:38:15.180,1.35526,1.3555,1.53,1.20
2011.02.25 14:38:15.761,1.35528,1.3555,2.28,1.20
2011.02.25 14:38:16.609,1.35528,1.3555,2.28,1.20
2011.02.25 14:38:17.400,1.35526,1.3555,3.03,1.20
2011.02.25 14:38:19.740,1.35527,1.3555,2.43,1.20
2011.02.25 14:38:20.330,1.35527,1.3555,2.43,1.20
2011.02.25 14:38:21.281,1.35527,1.3555,2.43,1.20
2011.02.25 14:38:21.720,1.35527,1.3555,1.68,1.20
2011.02.25 14:38:22.530,1.35527,1.3555,2.43,3.98
2011.02.25 14:38:22.647,1.35524,1.35547,1.53,2.40
2011.02.25 14:38:22.981,1.35517,1.3554,1.16,2.40
2011.02.25 14:38:23.311,1.35519,1.3554,1.16,1.65
2011.02.25 14:38:23.423,1.3552,1.35546,3.03,1.20
2011.02.25 14:38:23.863,1.3552,1.35546,3.03,1.20
2011.02.25 14:38:24.830,1.35523,1.35546,1.53,1.20
2011.02.25 14:38:25.440,1.35523,1.35542,1.53,1.20
2011.02.25 14:38:26.011,1.35523,1.35546,1.53,1.20
2011.02.25 14:38:26.990,1.35523,1.35546,1.53,1.20
2011.02.25 14:38:27.462,1.35523,1.35546,1.53,1.20
2011.02.25 14:38:27.980,1.35523,1.35546,1.53,1.20
2011.02.25 14:38:28.231,1.35523,1.35546,1.53,1.20
2011.02.25 14:38:29.483,1.35525,1.35546,1.53,1.20
2011.02.25 14:38:29.701,1.35525,1.35546,1.53,1.20
2011.02.25 14:38:31.214,1.35525,1.35546,1.53,1.20
2011.02.25 14:38:31.320,1.35525,1.35546,1.53,1.20
2011.02.25 14:38:31.891,1.35524,1.35546,1.53,1.20
2011.02.25 14:38:32.440,1.35524,1.35546,1.53,1.20
2011.02.25 14:38:32.611,1.35524,1.35546,1.53,1.20
2011.02.25 14:38:33.370,1.35525,1.35546,1.53,1.20
2011.02.25 14:38:33.980,1.35525,1.35546,1.53,1.20
2011.02.25 14:38:34.532,1.35528,1.35548,1.53,1.20
2011.02.25 14:38:34.751,1.35532,1.35552,1.50,2.40
2011.02.25 14:38:35.081,1.3553,1.35552,1.50,2.40
2011.02.25 14:38:35.301,1.3553,1.35552,1.50,5.37
2011.02.25 14:38:35.742,1.3553,1.35552,1.50,5.37
2011.02.25 14:38:36.315,1.3553,1.35548,1.50,3.53
2011.02.25 14:38:36.432,1.3553,1.35551,1.50,3.53
2011.02.25 14:38:36.542,1.35532,1.35553,1.50,4.17
2011.02.25 14:38:37.092,1.35532,1.35552,1.50,3.53
2011.02.25 14:38:37.942,1.35532,1.35552,1.50,3.53
2011.02.25 14:38:38.500,1.35532,1.35553,1.50,1.20
2011.02.25 14:38:39.761,1.35532,1.35553,1.50,1.20
2011.02.25 14:38:39.981,1.3553,1.35547,1.50,1.65
2011.02.25 14:38:40.312,1.35526,1.35547,2.43,1.20
2011.02.25 14:38:40.640,1.35526,1.35547,1.68,1.20
2011.02.25 14:38:40.981,1.35528,1.35547,1.16,1.20
2011.02.25 14:38:41.200,1.35531,1.35547,1.65,1.20
2011.02.25 14:38:41.798,1.35532,1.35555,1.50,1.95
2011.02.25 14:38:42.243,1.35534,1.35557,2.40,3.53
2011.02.25 14:38:42.794,1.35534,1.35554,1.65,1.20
2011.02.25 14:38:43.133,1.35534,1.35556,1.65,3.53
2011.02.25 14:38:43.464,1.35529,1.35553,1.32,2.85
2011.02.25 14:38:43.792,1.3553,1.35553,2.78,1.20
2011.02.25 14:38:44.120,1.3553,1.35553,2.78,1.20
2011.02.25 14:38:44.771,1.3553,1.35553,2.78,1.20
2011.02.25 14:38:45.322,1.3553,1.35551,1.13,3.53
2011.02.25 14:38:46.520,1.3553,1.3555,1.13,2.78
2011.02.25 14:38:47.371,1.3553,1.3555,1.13,2.78
2011.02.25 14:38:48.430,1.3553,1.35549,1.13,2.78
2011.02.25 14:38:49.031,1.3553,1.3555,1.13,3.53
2011.02.25 14:38:50.632,1.3553,1.35553,2.78,1.20
2011.02.25 14:38:50.961,1.35532,1.35556,1.13,1.20
2011.02.25 14:38:51.071,1.35531,1.35554,1.13,2.40
2011.02.25 14:38:51.400,1.35532,1.35556,1.13,3.98
2011.02.25 14:38:51.731,1.35531,1.35556,1.13,1.20
2011.02.25 14:38:52.279,1.35526,1.35553,2.28,2.85
2011.02.25 14:38:52.612,1.35525,1.35548,1.53,3.53
2011.02.25 14:38:53.050,1.3552,1.35545,1.53,1.20
2011.02.25 14:38:53.270,1.3552,1.35542,1.53,2.40
2011.02.25 14:38:53.880,1.3552,1.35542,1.53,2.40
2011.02.25 14:38:54.426,1.3552,1.35542,1.53,1.65
2011.02.25 14:38:54.546,1.35521,1.35545,1.16,1.20
2011.02.25 14:38:54.663,1.35521,1.35548,1.91,2.85
2011.02.25 14:38:55.212,1.35524,1.3555,2.28,3.53
2011.02.25 14:38:55.430,1.35524,1.35551,2.25,3.53
2011.02.25 14:38:56.500,1.35526,1.35551,1.50,3.53
2011.02.25 14:38:57.386,1.35525,1.35553,1.50,3.04
2011.02.25 14:38:57.721,1.35526,1.35551,1.50,3.53
2011.02.25 14:38:58.031,1.35526,1.35551,1.50,3.53
2011.02.25 14:38:58.361,1.35526,1.35547,1.50,1.65
2011.02.25 14:38:58.921,1.35526,1.35547,1.50,1.65
2011.02.25 14:38:59.470,1.35526,1.35547,1.50,1.65
2011.02.25 14:39:00.337,1.35526,1.35553,1.50,5.63
2011.02.25 14:39:00.781,1.35526,1.35552,1.50,3.53
2011.02.25 14:39:01.111,1.35524,1.35549,2.25,3.53
2011.02.25 14:39:01.441,1.35526,1.35549,1.50,2.78
2011.02.25 14:39:01.993,1.35526,1.3555,1.50,3.53
2011.02.25 14:39:02.102,1.35526,1.3555,1.50,3.53
2011.02.25 14:39:03.681,1.35525,1.3555,1.50,3.53
2011.02.25 14:39:04.231,1.35526,1.3555,1.50,3.53
2011.02.25 14:39:04.561,1.35526,1.3555,1.50,2.78
2011.02.25 14:39:05.111,1.35526,1.35553,1.50,5.82
2011.02.25 14:39:05.221,1.35526,1.35547,1.50,1.65
2011.02.25 14:39:05.771,1.35526,1.35549,1.13,1.20
2011.02.25 14:39:06.100,1.35526,1.35549,1.13,3.53
2011.02.25 14:39:06.211,1.35526,1.3555,1.13,3.53
2011.02.25 14:39:06.687,1.35525,1.3555,2.63,3.53
2011.02.25 14:39:06.805,1.35526,1.35549,1.88,2.78
2011.02.25 14:39:07.981,1.35527,1.35551,1.50,3.53
2011.02.25 14:39:08.530,1.35525,1.35552,4.13,2.85
2011.02.25 14:39:09.332,1.35526,1.35552,1.50,2.85
2011.02.25 14:39:10.072,1.35528,1.35552,1.50,2.10
2011.02.25 14:39:10.292,1.35527,1.35552,3.15,1.20
2011.02.25 14:39:11.788,1.35526,1.35552,1.50,2.85
2011.02.25 14:39:13.703,1.35526,1.3555,1.50,2.78
2011.02.25 14:39:14.031,1.35526,1.35547,1.50,2.78
2011.02.25 14:39:14.452,1.35526,1.35549,1.88,2.78
2011.02.25 14:39:15.114,1.35526,1.3555,1.88,2.78
2011.02.25 14:39:15.681,1.35526,1.35549,1.50,2.78
2011.02.25 14:39:16.341,1.35526,1.3555,1.50,2.78
2011.02.25 14:39:16.880,1.35526,1.35549,1.50,2.78
2011.02.25 14:39:17.001,1.35528,1.35549,1.50,2.78
2011.02.25 14:39:17.222,1.35528,1.35552,1.50,2.85
2011.02.25 14:39:17.442,1.35524,1.35547,1.88,1.65
2011.02.25 14:39:17.774,1.35528,1.35547,1.69,1.65
2011.02.25 14:39:17.892,1.35531,1.35553,2.40,2.78
2011.02.25 14:39:18.003,1.35534,1.35555,1.65,1.20
2011.02.25 14:39:18.332,1.3553,1.35555,1.50,3.53
2011.02.25 14:39:18.550,1.35529,1.35553,1.50,1.20
2011.02.25 14:39:18.882,1.35531,1.35553,2.40,1.20
2011.02.25 14:39:19.211,1.35534,1.35558,2.22,6.75
2011.02.25 14:39:19.431,1.35535,1.35558,1.13,6.75
2011.02.25 14:39:19.870,1.35535,1.35558,2.78,3.98
2011.02.25 14:39:20.820,1.35535,1.35558,2.78,3.98
2011.02.25 14:39:21.723,1.35535,1.35558,2.78,1.20
2011.02.25 14:39:21.940,1.35534,1.35559,1.13,3.98
2011.02.25 14:39:22.382,1.35531,1.35554,1.50,2.40
2011.02.25 14:39:23.261,1.35534,1.35554,1.13,2.40
2011.02.25 14:39:23.700,1.3553,1.35554,2.25,2.40
2011.02.25 14:39:24.251,1.35532,1.35554,1.13,2.40
2011.02.25 14:39:24.581,1.3553,1.35554,1.50,2.40
2011.02.25 14:39:24.691,1.35531,1.35554,1.13,2.40
2011.02.25 14:39:25.241,1.3553,1.35554,1.50,2.40
2011.02.25 14:39:25.461,1.3553,1.35554,1.50,2.40
2011.02.25 14:39:25.793,1.35529,1.35547,2.25,1.65
2011.02.25 14:39:26.132,1.35526,1.35539,1.50,1.65
2011.02.25 14:39:26.243,1.35527,1.35553,3.15,2.40
2011.02.25 14:39:26.728,1.35525,1.35547,1.13,1.65
2011.02.25 14:39:26.844,1.35524,1.35547,1.13,2.40
2011.02.25 14:39:26.952,1.35525,1.35547,1.13,2.40
2011.02.25 14:39:27.280,1.35527,1.35548,2.40,1.20
2011.02.25 14:39:28.452,1.35527,1.35548,1.65,1.20
2011.02.25 14:39:28.782,1.35524,1.35547,1.13,2.40
2011.02.25 14:39:29.330,1.3552,1.35543,1.50,1.20
2011.02.25 14:39:30.100,1.35521,1.35543,1.13,1.20
2011.02.25 14:39:34.980,1.35523,1.35543,1.13,1.20
2011.02.25 14:39:35.530,1.35525,1.35547,1.13,2.40
2011.02.25 14:39:35.750,1.35523,1.35547,1.88,2.40
2011.02.25 14:39:36.501,1.35523,1.35547,1.13,2.40
2011.02.25 14:39:36.829,1.35522,1.35549,1.50,3.98
2011.02.25 14:39:39.500,1.35523,1.35549,1.50,3.98
2011.02.25 14:39:39.949,1.35523,1.35549,1.50,3.98
2011.02.25 14:39:40.311,1.35522,1.35549,1.50,3.98
2011.02.25 14:39:40.530,1.35522,1.35549,1.50,3.98
2011.02.25 14:39:40.750,1.35522,1.35549,1.50,3.98
2011.02.25 14:39:41.780,1.35523,1.35549,1.50,3.98
2011.02.25 14:39:42.000,1.35522,1.35549,1.50,3.98
2011.02.25 14:39:42.483,1.35522,1.35549,1.50,3.98
2011.02.25 14:39:42.712,1.35521,1.35549,3.90,1.20
2011.02.25 14:39:43.151,1.35522,1.35549,1.50,1.20
2011.02.25 14:39:44.551,1.35523,1.35549,3.00,1.20
2011.02.25 14:39:46.150,1.35527,1.35549,1.65,1.20
2011.02.25 14:39:46.371,1.35527,1.35549,2.40,1.20
2011.02.25 14:39:47.160,1.35527,1.35549,1.65,1.20
2011.02.25 14:39:48.081,1.35527,1.35549,1.65,1.20
2011.02.25 14:39:48.560,1.35527,1.35552,1.65,1.20
2011.02.25 14:39:48.741,1.35527,1.35552,1.65,1.20
2011.02.25 14:39:49.070,1.35527,1.35552,1.65,1.20
2011.02.25 14:39:49.620,1.35526,1.3555,2.25,3.53
2011.02.25 14:39:51.580,1.35526,1.3555,3.00,3.53
2011.02.25 14:39:52.207,1.35526,1.35551,2.25,3.53
2011.02.25 14:39:53.720,1.35526,1.35552,2.25,5.63
2011.02.25 14:39:54.052,1.35529,1.35552,1.50,3.98
2011.02.25 14:39:54.382,1.35531,1.35555,1.47,1.20
2011.02.25 14:39:54.491,1.35538,1.35559,2.40,3.23
2011.02.25 14:39:54.710,1.3554,1.35562,1.50,1.20
2011.02.25 14:39:54.821,1.35541,1.35565,1.50,3.53
2011.02.25 14:39:55.041,1.3554,1.35565,1.50,3.53
2011.02.25 14:39:55.371,1.35539,1.35562,1.50,1.20
2011.02.25 14:39:55.590,1.35536,1.35562,3.00,2.85
2011.02.25 14:39:55.701,1.35538,1.35562,1.65,1.20
2011.02.25 14:39:56.030,1.35538,1.35562,3.15,1.20
2011.02.25 14:39:56.602,1.35538,1.35562,1.65,1.20
2011.02.25 14:39:57.755,1.35538,1.35562,1.65,1.20
2011.02.25 14:39:58.121,1.35538,1.35562,1.65,1.20
2011.02.25 14:39:58.870,1.35538,1.35562,2.40,1.20
2011.02.25 14:40:00.130,1.35539,1.35562,2.25,1.20
2011.02.25 14:40:00.460,1.35541,1.35567,3.00,2.85
2011.02.25 14:40:00.901,1.35544,1.35567,3.00,2.40
2011.02.25 14:40:01.490,1.35543,1.35567,2.25,2.40
2011.02.25 14:40:01.820,1.35543,1.35567,2.25,2.40
2011.02.25 14:40:02.040,1.35542,1.35564,1.50,1.20
2011.02.25 14:40:02.152,1.3554,1.35564,2.25,1.20
2011.02.25 14:40:02.261,1.3554,1.35564,2.25,1.20
2011.02.25 14:40:02.591,1.3554,1.35564,3.34,1.20
2011.02.25 14:40:02.701,1.3554,1.35564,4.09,1.20
2011.02.25 14:40:04.304,1.3554,1.35554,1.50,1.65
2011.02.25 14:40:04.525,1.35537,1.35562,2.40,1.20
2011.02.25 14:40:04.643,1.35537,1.35562,2.40,1.20
2011.02.25 14:40:04.753,1.35537,1.35562,1.65,2.14
2011.02.25 14:40:05.082,1.35534,1.35557,2.25,2.40
2011.02.25 14:40:05.301,1.35537,1.35557,2.25,2.40
2011.02.25 14:40:05.632,1.35537,1.35562,3.90,1.20
2011.02.25 14:40:08.172,1.3554,1.35563,1.50,2.40
2011.02.25 14:40:08.391,1.35537,1.35559,1.50,2.85
2011.02.25 14:40:08.721,1.35539,1.35563,1.69,1.20
2011.02.25 14:40:09.118,1.3554,1.35567,3.15,2.85
2011.02.25 14:40:09.451,1.35544,1.35566,1.50,2.85
2011.02.25 14:40:09.780,1.35543,1.35563,2.25,2.78
2011.02.25 14:40:10.330,1.35543,1.35564,2.25,1.95
2011.02.25 14:40:10.930,1.35541,1.35562,2.25,1.20
2011.02.25 14:40:11.262,1.3554,1.35558,1.65,1.20
2011.02.25 14:40:11.812,1.35536,1.35558,2.25,1.20
2011.02.25 14:40:12.032,1.35538,1.35558,1.50,1.20
2011.02.25 14:40:12.361,1.35538,1.35558,1.50,1.20
2011.02.25 14:40:13.042,1.35537,1.35558,1.50,1.20
2011.02.25 14:40:13.910,1.35537,1.35558,1.50,1.20
2011.02.25 14:40:15.163,1.35537,1.35558,1.50,1.20
2011.02.25 14:40:15.400,1.35541,1.35558,1.50,1.20
2011.02.25 14:40:16.886,1.35538,1.35558,1.50,1.20
2011.02.25 14:40:19.361,1.35538,1.3556,2.25,1.95
2011.02.25 14:40:19.580,1.35538,1.35561,2.25,2.85
2011.02.25 14:40:19.832,1.35538,1.35561,2.44,2.85
2011.02.25 14:40:20.162,1.35543,1.35565,1.50,1.20
2011.02.25 14:40:20.490,1.35541,1.35565,1.50,1.20
2011.02.25 14:40:22.070,1.3554,1.35565,1.50,1.20
2011.02.25 14:40:23.232,1.35541,1.35565,1.50,1.20
2011.02.25 14:40:23.341,1.3554,1.35565,1.50,1.20
2011.02.25 14:40:23.891,1.35539,1.35565,2.25,1.20
2011.02.25 14:40:24.224,1.35541,1.35566,1.50,1.39
2011.02.25 14:40:24.550,1.35541,1.35559,1.50,1.65
2011.02.25 14:40:25.432,1.35541,1.35559,1.50,1.65
2011.02.25 14:40:25.761,1.35531,1.35558,4.65,2.40
2011.02.25 14:40:26.311,1.35532,1.35558,1.50,3.60
2011.02.25 14:40:26.530,1.35532,1.35556,1.50,1.20
2011.02.25 14:40:26.750,1.35532,1.35558,1.88,2.85
2011.02.25 14:40:26.861,1.35532,1.35556,1.88,1.20
2011.02.25 14:40:27.760,1.35535,1.35558,1.50,2.85
2011.02.25 14:40:27.980,1.35535,1.35558,1.50,2.85
2011.02.25 14:40:28.750,1.35535,1.35558,1.50,2.10
2011.02.25 14:40:29.364,1.35534,1.35558,1.50,1.65
2011.02.25 14:40:31.142,1.35537,1.35558,2.25,1.65
2011.02.25 14:40:31.365,1.3554,1.35564,3.53,2.40
2011.02.25 14:40:31.924,1.35541,1.3556,1.50,1.65
2011.02.25 14:40:32.252,1.35538,1.3556,1.50,2.40
2011.02.25 14:40:32.692,1.35531,1.35555,1.50,2.40
2011.02.25 14:40:33.023,1.35533,1.35555,1.50,1.65
2011.02.25 14:40:33.134,1.35535,1.3556,1.50,2.85
2011.02.25 14:40:33.352,1.35535,1.35559,1.50,1.20
2011.02.25 14:40:33.790,1.35532,1.35556,1.50,2.85
2011.02.25 14:40:33.901,1.35532,1.35556,1.50,2.85
2011.02.25 14:40:34.354,1.35534,1.35558,2.40,1.95
2011.02.25 14:40:34.901,1.35534,1.35556,2.40,1.20
2011.02.25 14:40:35.231,1.35534,1.35557,2.40,1.20
2011.02.25 14:40:35.451,1.35535,1.35559,1.50,2.40
2011.02.25 14:40:36.042,1.35535,1.35559,1.50,1.65
2011.02.25 14:40:36.811,1.35535,1.35559,1.50,1.65
2011.02.25 14:40:37.142,1.35539,1.35559,1.50,1.65
2011.02.25 14:40:37.251,1.35539,1.35559,1.50,1.65
2011.02.25 14:40:37.582,1.35539,1.35565,3.15,1.20
2011.02.25 14:40:37.691,1.35542,1.35566,1.50,1.20
2011.02.25 14:40:37.801,1.35542,1.35566,1.50,1.20
2011.02.25 14:40:38.350,1.35542,1.35566,1.50,1.20
2011.02.25 14:40:38.461,1.35542,1.35559,1.50,1.65
2011.02.25 14:40:39.981,1.35542,1.35559,1.50,1.65
2011.02.25 14:40:41.932,1.35542,1.35559,1.50,1.65
2011.02.25 14:40:42.042,1.35543,1.35565,2.25,2.40
2011.02.25 14:40:42.371,1.35539,1.35565,1.50,2.85
2011.02.25 14:40:42.646,1.35534,1.35552,1.50,1.65
2011.02.25 14:40:43.091,1.3553,1.35552,1.50,1.65
2011.02.25 14:40:43.421,1.3553,1.35552,1.50,1.65
2011.02.25 14:40:43.970,1.3553,1.35552,1.50,2.40
2011.02.25 14:40:44.190,1.3553,1.35552,1.50,1.65
2011.02.25 14:40:44.411,1.35537,1.35557,1.65,1.20
2011.02.25 14:40:44.631,1.35532,1.35557,1.50,1.20
2011.02.25 14:40:44.741,1.35533,1.35557,1.50,1.20
2011.02.25 14:40:45.070,1.35532,1.35557,2.25,1.20
2011.02.25 14:40:46.177,1.3553,1.35556,3.15,1.20
2011.02.25 14:40:46.697,1.35537,1.3556,1.50,2.85
2011.02.25 14:40:47.032,1.35539,1.3556,1.50,2.40
2011.02.25 14:40:49.072,1.35543,1.3556,1.50,1.65
2011.02.25 14:40:49.638,1.35539,1.3556,1.50,2.40
2011.02.25 14:40:49.973,1.35539,1.3556,1.50,2.40
2011.02.25 14:40:51.131,1.35539,1.3556,1.50,2.40
2011.02.25 14:40:51.790,1.35535,1.35559,1.50,1.20
2011.02.25 14:40:52.952,1.35537,1.35561,1.50,2.40
2011.02.25 14:40:53.291,1.35535,1.3556,1.50,2.40
2011.02.25 14:40:53.513,1.35535,1.3556,1.50,3.60
2011.02.25 14:40:54.061,1.35536,1.3556,2.40,1.95
2011.02.25 14:40:54.831,1.35535,1.35557,3.53,1.20
2011.02.25 14:40:55.380,1.35535,1.35559,1.50,1.20
2011.02.25 14:40:56.281,1.35535,1.3556,1.50,1.95
2011.02.25 14:40:56.831,1.35535,1.3556,1.50,1.95
2011.02.25 14:40:58.020,1.35535,1.35559,1.50,1.20
2011.02.25 14:40:59.280,1.35535,1.35559,1.50,1.20
2011.02.25 14:41:00.483,1.35535,1.3556,1.50,1.95
2011.02.25 14:41:00.615,1.35531,1.35557,2.40,1.20
2011.02.25 14:41:00.842,1.35531,1.35557,2.40,1.20
2011.02.25 14:41:00.953,1.3553,1.35556,1.50,2.40
2011.02.25 14:41:01.390,1.35534,1.35559,1.50,1.95
2011.02.25 14:41:01.861,1.35535,1.35561,1.50,1.39
2011.02.25 14:41:01.971,1.35535,1.35561,1.50,1.20
2011.02.25 14:41:02.302,1.35538,1.35562,3.15,1.20
2011.02.25 14:41:02.850,1.35538,1.35562,1.50,2.85
2011.02.25 14:41:02.962,1.35538,1.35562,1.50,2.85
2011.02.25 14:41:03.181,1.35538,1.35562,3.15,1.20
2011.02.25 14:41:04.351,1.35538,1.35562,3.15,1.20
2011.02.25 14:41:04.935,1.35538,1.35559,1.50,2.40
2011.02.25 14:41:05.894,1.35535,1.35559,1.50,2.40
2011.02.25 14:41:06.113,1.35535,1.35559,1.50,2.40
2011.02.25 14:41:06.331,1.35535,1.35555,1.50,2.78
2011.02.25 14:41:06.933,1.35525,1.3555,3.00,1.65
2011.02.25 14:41:07.041,1.35525,1.3555,2.25,2.85
2011.02.25 14:41:07.373,1.35531,1.35551,2.40,2.78
2011.02.25 14:41:07.702,1.35526,1.3555,1.50,2.78
2011.02.25 14:41:08.030,1.35528,1.35548,1.50,2.78
2011.02.25 14:41:08.580,1.3553,1.35548,1.50,2.78
2011.02.25 14:41:09.794,1.3553,1.35551,1.50,2.78
2011.02.25 14:41:10.523,1.35532,1.3555,1.50,2.78
2011.02.25 14:41:10.635,1.35527,1.35551,1.50,3.53
2011.02.25 14:41:11.111,1.35529,1.35547,1.50,2.78
2011.02.25 14:41:11.222,1.35532,1.35549,1.50,2.78
2011.02.25 14:41:11.441,1.35538,1.3555,1.65,2.78
2011.02.25 14:41:11.771,1.35538,1.35548,1.65,2.78
2011.02.25 14:41:11.992,1.35538,1.35551,2.40,2.78
2011.02.25 14:41:12.581,1.35538,1.35552,1.65,2.78
2011.02.25 14:41:13.131,1.35538,1.35553,2.40,2.78
2011.02.25 14:41:13.783,1.35538,1.35555,2.40,5.55
2011.02.25 14:41:15.091,1.35538,1.35562,1.65,3.98
2011.02.25 14:41:15.617,1.35538,1.35562,1.65,3.98
2011.02.25 14:41:16.374,1.35538,1.35562,1.65,1.20
2011.02.25 14:41:18.480,1.35538,1.35562,2.40,1.20
2011.02.25 14:41:18.729,1.35538,1.35563,2.40,1.95
2011.02.25 14:41:19.620,1.35536,1.3556,1.50,2.40
2011.02.25 14:41:20.170,1.35533,1.35557,1.50,1.20
2011.02.25 14:41:20.861,1.35533,1.35559,1.50,4.73
2011.02.25 14:41:21.632,1.35537,1.35561,1.50,1.20
2011.02.25 14:41:22.181,1.35537,1.35561,1.50,1.20
2011.02.25 14:41:23.153,1.35536,1.35557,2.40,3.53
2011.02.25 14:41:23.702,1.35529,1.35553,1.50,2.10
2011.02.25 14:41:23.925,1.35533,1.3556,3.15,2.70
2011.02.25 14:41:24.262,1.35528,1.35553,1.50,1.65
2011.02.25 14:41:24.632,1.35535,1.35555,2.40,2.78
2011.02.25 14:41:24.960,1.35535,1.3556,2.40,1.20
2011.02.25 14:41:25.750,1.35535,1.35561,2.40,1.20
2011.02.25 14:41:26.911,1.35535,1.3556,2.40,1.58
2011.02.25 14:41:27.212,1.35532,1.35549,1.50,1.65
2011.02.25 14:41:27.338,1.35531,1.35556,1.50,1.20
2011.02.25 14:41:27.451,1.35532,1.35558,1.50,1.65
2011.02.25 14:41:27.562,1.35536,1.35561,2.40,1.20
2011.02.25 14:41:28.110,1.35536,1.35561,2.40,1.20
2011.02.25 14:41:28.334,1.35536,1.3556,2.40,1.20
2011.02.25 14:41:28.441,1.35535,1.35558,1.50,1.65
2011.02.25 14:41:29.050,1.35535,1.35558,1.50,1.65
2011.02.25 14:41:29.830,1.35535,1.35558,1.50,1.65
2011.02.25 14:41:30.271,1.35535,1.35558,1.50,1.65
2011.02.25 14:41:30.491,1.35535,1.35562,1.50,1.20
2011.02.25 14:41:30.710,1.35535,1.35562,1.50,1.95
2011.02.25 14:41:33.701,1.35535,1.3556,1.50,1.20
2011.02.25 14:41:33.813,1.35535,1.35559,1.69,2.40
2011.02.25 14:41:34.230,1.35532,1.35561,2.40,1.39
2011.02.25 14:41:34.342,1.35531,1.35558,1.50,1.65
2011.02.25 14:41:34.562,1.35531,1.35557,1.50,1.20
2011.02.25 14:41:34.892,1.35534,1.3556,1.50,1.20
2011.02.25 14:41:35.220,1.35537,1.35563,2.40,2.78
2011.02.25 14:41:35.332,1.35537,1.35559,2.40,2.78
2011.02.25 14:41:35.881,1.35535,1.35559,1.50,1.65
2011.02.25 14:41:37.411,1.35535,1.35559,1.50,1.65
2011.02.25 14:41:37.741,1.35538,1.35559,2.40,2.78
2011.02.25 14:41:38.291,1.35538,1.3556,2.40,3.53
2011.02.25 14:41:38.510,1.35535,1.35559,1.50,1.65
2011.02.25 14:41:38.842,1.35535,1.35557,1.50,2.78
2011.02.25 14:41:39.171,1.35538,1.3556,2.40,2.78
2011.02.25 14:41:39.610,1.35538,1.35557,2.40,2.78
2011.02.25 14:41:40.811,1.35538,1.35558,2.40,2.78
2011.02.25 14:41:41.141,1.35541,1.35564,1.50,2.78
2011.02.25 14:41:41.252,1.35546,1.35561,1.65,2.78
2011.02.25 14:41:41.361,1.35541,1.35561,1.50,2.78
2011.02.25 14:41:41.881,1.35541,1.35561,1.50,2.78
2011.02.25 14:41:41.991,1.35541,1.3556,1.50,2.78
2011.02.25 14:41:42.212,1.35546,1.35565,2.40,3.23
2011.02.25 14:41:42.321,1.35541,1.35564,1.50,2.25
2011.02.25 14:41:42.431,1.35541,1.35561,1.50,2.78
2011.02.25 14:41:42.761,1.35537,1.35559,1.50,2.78
2011.02.25 14:41:43.371,1.35537,1.35559,1.50,2.78
2011.02.25 14:41:44.592,1.35537,1.35562,1.50,1.65
2011.02.25 14:41:44.811,1.35537,1.35563,1.50,4.88
2011.02.25 14:41:44.920,1.35537,1.35558,1.50,2.78
2011.02.25 14:41:45.032,1.35537,1.35558,1.50,2.78
2011.02.25 14:41:45.141,1.35537,1.3556,1.50,2.78
2011.02.25 14:41:45.360,1.35537,1.35557,1.50,2.78
2011.02.25 14:41:45.954,1.35533,1.35558,1.50,3.23
2011.02.25 14:41:46.064,1.35533,1.35557,1.50,1.20
2011.02.25 14:41:46.173,1.35533,1.35558,1.50,3.98
2011.02.25 14:41:46.281,1.35533,1.35555,1.50,2.78
2011.02.25 14:41:46.391,1.35533,1.35558,1.50,1.20
2011.02.25 14:41:46.501,1.35533,1.35557,1.50,1.20
2011.02.25 14:41:47.132,1.35533,1.35553,1.50,1.65
2011.02.25 14:41:47.244,1.35533,1.35557,3.15,1.20
2011.02.25 14:41:47.353,1.35533,1.35556,3.15,2.78
2011.02.25 14:41:47.462,1.35533,1.35558,1.50,3.98
2011.02.25 14:41:47.790,1.35533,1.35558,1.50,1.20
2011.02.25 14:41:48.183,1.35524,1.35551,1.50,1.20
2011.02.25 14:41:48.293,1.35523,1.3555,2.40,1.20
2011.02.25 14:41:48.841,1.35528,1.35552,2.40,1.20
2011.02.25 14:41:49.391,1.35528,1.35552,2.40,3.98
2011.02.25 14:41:49.501,1.35529,1.35552,1.50,2.78
2011.02.25 14:41:49.611,1.35529,1.35552,1.50,3.53
2011.02.25 14:41:49.862,1.35529,1.35552,1.50,2.78
2011.02.25 14:41:50.191,1.35526,1.35552,2.40,1.95
2011.02.25 14:41:50.412,1.35526,1.35554,2.40,2.25
2011.02.25 14:41:50.926,1.3553,1.35555,2.40,5.55
2011.02.25 14:41:51.682,1.3553,1.35552,2.40,1.50
2011.02.25 14:41:53.382,1.3553,1.35556,2.59,1.95
2011.02.25 14:41:53.932,1.35539,1.35558,2.40,2.70
2011.02.25 14:41:54.982,1.35539,1.35559,2.40,1.95
2011.02.25 14:41:55.091,1.35539,1.35559,2.40,1.95
2011.02.25 14:41:55.202,1.35544,1.35564,2.40,3.53
2011.02.25 14:41:55.752,1.35543,1.35565,2.40,2.70
2011.02.25 14:41:56.081,1.35544,1.35563,1.50,2.78
2011.02.25 14:41:56.192,1.35543,1.35567,2.40,2.25
2011.02.25 14:41:56.578,1.35539,1.35563,3.15,1.50
2011.02.25 14:41:56.911,1.35542,1.35566,2.40,3.98
2011.02.25 14:41:57.021,1.35542,1.35564,2.40,1.20
2011.02.25 14:41:57.244,1.3554,1.35566,1.50,1.95
2011.02.25 14:41:57.681,1.3554,1.35566,1.50,1.20
2011.02.25 14:41:58.674,1.35543,1.35565,2.40,1.20
2011.02.25 14:41:59.391,1.3554,1.35563,1.50,2.78
2011.02.25 14:41:59.824,1.3554,1.35566,1.50,1.20
2011.02.25 14:41:59.932,1.35547,1.35566,2.40,1.20
2011.02.25 14:42:00.261,1.35547,1.35566,2.40,1.20
2011.02.25 14:42:00.936,1.35547,1.35566,2.40,1.20
2011.02.25 14:42:03.982,1.35547,1.35566,2.40,1.20
2011.02.25 14:42:04.461,1.35547,1.35567,2.40,1.20
2011.02.25 14:42:04.791,1.35547,1.35567,2.40,1.20
2011.02.25 14:42:05.011,1.35547,1.35567,2.40,1.20
2011.02.25 14:42:05.121,1.35547,1.3557,2.40,1.20
2011.02.25 14:42:05.670,1.35552,1.3557,2.40,1.20
2011.02.25 14:42:08.061,1.35552,1.3557,2.40,1.20
2011.02.25 14:42:08.394,1.35543,1.35567,1.50,2.40
2011.02.25 14:42:09.043,1.35549,1.35569,2.40,3.23
2011.02.25 14:42:09.264,1.35549,1.35573,2.40,4.73
2011.02.25 14:42:10.512,1.35549,1.35571,2.40,3.23
2011.02.25 14:42:10.731,1.35549,1.35573,2.40,3.98
2011.02.25 14:42:11.280,1.35549,1.3557,2.40,2.78
2011.02.25 14:42:11.390,1.35549,1.35572,2.40,3.23
2011.02.25 14:42:12.081,1.35549,1.35573,2.40,3.98
2011.02.25 14:42:12.411,1.35549,1.35573,2.40,3.98
2011.02.25 14:42:12.523,1.35549,1.35573,2.40,3.98
2011.02.25 14:42:12.742,1.35552,1.35575,1.50,2.78
2011.02.25 14:42:13.362,1.35553,1.35576,2.40,1.20
2011.02.25 14:42:16.111,1.35553,1.35579,2.40,1.95
2011.02.25 14:42:17.720,1.35553,1.35577,2.40,3.98
2011.02.25 14:42:18.272,1.35558,1.35579,2.40,1.95
2011.02.25 14:42:18.601,1.35558,1.35581,2.40,2.78
2011.02.25 14:42:19.153,1.35558,1.3558,2.40,2.78
2011.02.25 14:42:19.261,1.35558,1.35582,2.40,2.78
2011.02.25 14:42:19.821,1.35558,1.35581,2.40,2.78
2011.02.25 14:42:20.151,1.35558,1.35581,2.40,2.78
2011.02.25 14:42:20.701,1.35558,1.35583,2.40,3.98
2011.02.25 14:42:22.172,1.35558,1.35583,2.40,3.23
2011.02.25 14:42:22.743,1.35558,1.35584,2.40,3.98
2011.02.25 14:42:23.481,1.35558,1.35583,2.40,3.98
2011.02.25 14:42:23.921,1.35558,1.35583,2.40,1.20
2011.02.25 14:42:25.534,1.35558,1.35583,2.40,1.20
2011.02.25 14:42:25.973,1.35558,1.35583,2.40,1.20
2011.02.25 14:42:26.193,1.35564,1.35586,2.40,1.20
2011.02.25 14:42:26.520,1.35569,1.35586,1.65,1.20
2011.02.25 14:42:27.323,1.35569,1.3559,1.65,1.39
2011.02.25 14:42:27.903,1.35566,1.3559,1.50,1.39
2011.02.25 14:42:30.923,1.35566,1.3559,1.50,1.20
2011.02.25 14:42:33.080,1.35572,1.35597,2.40,1.20
2011.02.25 14:42:33.412,1.35567,1.35586,1.65,1.20
2011.02.25 14:42:33.631,1.35563,1.35586,2.40,1.20
2011.02.25 14:42:33.741,1.35563,1.35587,2.59,1.20
2011.02.25 14:42:34.072,1.35563,1.35587,2.40,1.39
2011.02.25 14:42:34.559,1.35563,1.35586,1.65,1.20
2011.02.25 14:42:34.676,1.35564,1.35582,2.40,1.20
2011.02.25 14:42:34.795,1.35564,1.35588,2.40,2.78
2011.02.25 14:42:35.025,1.35569,1.35589,1.65,1.20
2011.02.25 14:42:35.144,1.35563,1.35588,3.15,3.53
2011.02.25 14:42:35.255,1.35567,1.35585,1.65,1.69
2011.02.25 14:42:35.641,1.35563,1.35583,1.65,4.17
2011.02.25 14:42:35.756,1.35556,1.35583,1.50,3.98
2011.02.25 14:42:36.093,1.35556,1.35583,1.50,1.20
2011.02.25 14:42:36.623,1.35559,1.35585,1.50,1.20
2011.02.25 14:42:36.733,1.35559,1.35583,1.50,1.39
2011.02.25 14:42:36.952,1.35556,1.35578,1.50,2.59
2011.02.25 14:42:37.065,1.35563,1.35579,1.65,1.20
2011.02.25 14:42:37.182,1.35563,1.35582,2.40,1.95
2011.02.25 14:42:37.731,1.35555,1.35579,1.50,1.20
2011.02.25 14:42:38.170,1.35555,1.35579,1.50,1.20
2011.02.25 14:42:38.671,1.35555,1.35579,1.50,1.20
2011.02.25 14:42:39.016,1.35555,1.35579,1.50,1.20
2011.02.25 14:42:39.608,1.35555,1.35581,1.50,1.20
2011.02.25 14:42:40.159,1.35555,1.35579,1.50,4.92
2011.02.25 14:42:40.275,1.35554,1.35577,1.65,1.39
2011.02.25 14:42:40.391,1.35551,1.35577,1.50,3.19
2011.02.25 14:42:40.615,1.35547,1.35574,1.50,1.50
2011.02.25 14:42:40.843,1.35551,1.35575,1.50,1.39
2011.02.25 14:42:41.392,1.35551,1.35575,1.50,1.39
2011.02.25 14:42:41.720,1.35546,1.35572,1.50,1.20
2011.02.25 14:42:41.940,1.35546,1.35573,1.50,1.20
2011.02.25 14:42:42.522,1.35546,1.35572,1.50,1.20
2011.02.25 14:42:42.741,1.35546,1.35573,1.50,1.95
2011.02.25 14:42:43.070,1.35546,1.35573,1.50,1.20
2011.02.25 14:42:44.501,1.35546,1.35573,3.00,1.20
2011.02.25 14:42:44.612,1.35546,1.35573,1.50,1.20
2011.02.25 14:42:45.170,1.35546,1.35573,1.50,1.20
2011.02.25 14:42:45.613,1.35553,1.35577,1.50,2.85
2011.02.25 14:42:45.727,1.35553,1.35577,1.50,2.10
2011.02.25 14:42:45.952,1.35554,1.35579,2.40,1.20
2011.02.25 14:42:46.503,1.35553,1.35577,1.50,1.20
2011.02.25 14:42:47.052,1.35553,1.35579,1.50,1.20
2011.02.25 14:42:47.529,1.35553,1.3558,1.50,1.95
2011.02.25 14:42:48.550,1.35553,1.3558,1.50,1.95
2011.02.25 14:42:49.250,1.35553,1.35579,1.50,1.20
2011.02.25 14:42:49.471,1.35558,1.35578,2.40,1.20
2011.02.25 14:42:53.120,1.35558,1.3558,2.40,1.20
2011.02.25 14:42:53.342,1.35558,1.35582,3.15,1.20
2011.02.25 14:42:53.671,1.35562,1.35582,2.40,1.20
2011.02.25 14:42:54.551,1.35562,1.35585,2.40,1.20
2011.02.25 14:42:56.132,1.35573,1.35587,1.65,2.78
2011.02.25 14:42:56.463,1.35573,1.35593,2.40,3.53
2011.02.25 14:42:56.573,1.35566,1.35596,1.50,4.17
2011.02.25 14:42:56.902,1.35567,1.3559,1.50,1.20
2011.02.25 14:42:57.341,1.35566,1.3559,1.50,1.20
2011.02.25 14:42:57.891,1.35567,1.35591,1.50,1.20
2011.02.25 14:42:58.111,1.35567,1.3559,1.50,1.20
2011.02.25 14:42:58.330,1.35567,1.35591,1.50,3.42
2011.02.25 14:42:58.801,1.35567,1.35591,1.50,4.17
2011.02.25 14:42:59.242,1.35568,1.3559,2.40,1.20
2011.02.25 14:42:59.570,1.35574,1.35593,1.65,1.20
2011.02.25 14:42:59.681,1.35574,1.35593,1.65,1.20
2011.02.25 14:43:00.235,1.35571,1.35588,1.50,2.78
2011.02.25 14:43:00.351,1.35571,1.3559,1.50,3.53
2011.02.25 14:43:00.463,1.35569,1.3559,1.65,3.53
2011.02.25 14:43:01.018,1.35569,1.35594,2.40,3.98
2011.02.25 14:43:01.571,1.35569,1.35594,2.40,1.20
2011.02.25 14:43:01.791,1.35569,1.35594,2.40,1.20
2011.02.25 14:43:02.342,1.35569,1.35594,1.65,1.20
2011.02.25 14:43:02.890,1.35569,1.35594,2.40,1.20
2011.02.25 14:43:03.574,1.35569,1.35591,1.65,3.53
2011.02.25 14:43:04.162,1.35569,1.35591,1.65,3.53
2011.02.25 14:43:04.720,1.35569,1.35592,1.65,3.53
2011.02.25 14:43:05.480,1.35569,1.35592,1.65,3.53
2011.02.25 14:43:06.802,1.35569,1.35592,2.40,3.53
2011.02.25 14:43:07.595,1.35569,1.35592,1.65,3.53
2011.02.25 14:43:07.930,1.35564,1.35587,1.50,3.53
2011.02.25 14:43:12.221,1.35566,1.35589,1.50,1.20
2011.02.25 14:43:12.441,1.35566,1.3559,1.50,1.20
2011.02.25 14:43:12.771,1.35566,1.35589,1.50,1.20
2011.02.25 14:43:12.992,1.35566,1.35589,1.50,1.20
2011.02.25 14:43:14.092,1.35564,1.35589,1.50,1.20
2011.02.25 14:43:14.606,1.3556,1.35586,1.50,1.20
2011.02.25 14:43:14.722,1.35564,1.35588,1.50,1.20
2011.02.25 14:43:15.831,1.35564,1.3559,1.50,1.20
2011.02.25 14:43:16.362,1.35566,1.35588,2.40,1.20
2011.02.25 14:43:16.791,1.35566,1.35588,2.40,1.20
2011.02.25 14:43:17.014,1.35566,1.35589,2.40,1.20
2011.02.25 14:43:17.562,1.35562,1.35588,2.40,1.20
2011.02.25 14:43:17.894,1.35565,1.35588,1.50,3.98
2011.02.25 14:43:18.113,1.35561,1.35586,2.78,1.20
2011.02.25 14:43:18.331,1.35557,1.35586,3.53,1.20
2011.02.25 14:43:18.722,1.35556,1.35583,4.28,1.50
2011.02.25 14:43:19.954,1.3556,1.35586,1.50,1.20
2011.02.25 14:43:20.075,1.35561,1.35587,1.50,1.20
2011.02.25 14:43:20.413,1.35562,1.35591,5.93,1.20
2011.02.25 14:43:20.521,1.35562,1.3559,1.50,1.20
2011.02.25 14:43:20.743,1.3556,1.35586,1.50,1.20
2011.02.25 14:43:20.965,1.35562,1.35586,2.40,1.20
2011.02.25 14:43:21.193,1.35558,1.35586,3.53,2.33
2011.02.25 14:43:21.304,1.35558,1.35577,2.78,1.50
2011.02.25 14:43:22.112,1.35554,1.35578,3.15,2.78
2011.02.25 14:43:22.221,1.35554,1.3558,3.15,3.23
2011.02.25 14:43:22.772,1.35554,1.3558,3.15,3.98
2011.02.25 14:43:23.212,1.35554,1.35579,3.15,2.25
2011.02.25 14:43:23.541,1.35551,1.35577,1.50,1.20
2011.02.25 14:43:24.052,1.35554,1.35577,2.40,1.20
2011.02.25 14:43:24.410,1.35554,1.35577,2.40,1.20
2011.02.25 14:43:24.741,1.35554,1.35581,2.40,3.98
2011.02.25 14:43:24.853,1.35555,1.35581,1.50,3.98
2011.02.25 14:43:24.965,1.35558,1.35582,1.50,1.20
2011.02.25 14:43:25.083,1.35562,1.35584,2.40,2.70
2011.02.25 14:43:25.908,1.35558,1.35584,1.50,1.20
2011.02.25 14:43:26.244,1.35558,1.35582,1.50,1.20
2011.02.25 14:43:26.357,1.35552,1.35578,2.40,1.20
2011.02.25 14:43:26.916,1.35558,1.3558,1.69,3.98
2011.02.25 14:43:27.372,1.35565,1.35584,1.50,1.50
2011.02.25 14:43:27.482,1.35563,1.35589,1.50,2.97
2011.02.25 14:43:27.816,1.35565,1.35589,1.50,2.97
2011.02.25 14:43:28.042,1.35568,1.35589,3.15,3.72
2011.02.25 14:43:28.375,1.35563,1.35589,1.50,2.78
2011.02.25 14:43:28.846,1.3557,1.35597,1.50,4.17
2011.02.25 14:43:29.074,1.3557,1.35596,1.50,1.39
2011.02.25 14:43:29.912,1.3557,1.35595,1.50,2.78
2011.02.25 14:43:30.242,1.35568,1.35596,3.90,3.23
2011.02.25 14:43:30.680,1.35568,1.35587,1.50,2.78
2011.02.25 14:43:31.502,1.35568,1.3559,3.15,2.78
2011.02.25 14:43:32.011,1.35568,1.3559,3.15,2.78
2011.02.25 14:43:32.122,1.35568,1.35592,3.15,3.23
2011.02.25 14:43:32.233,1.35572,1.35594,1.50,1.50
2011.02.25 14:43:32.720,1.35572,1.35599,1.50,6.00
2011.02.25 14:43:32.844,1.35568,1.35595,1.50,3.53
2011.02.25 14:43:33.170,1.35567,1.35593,1.50,1.20
2011.02.25 14:43:33.561,1.35567,1.35595,1.50,1.54
2011.02.25 14:43:33.781,1.35567,1.35595,1.50,2.14
2011.02.25 14:43:34.001,1.35567,1.35595,1.50,1.39
2011.02.25 14:43:34.244,1.35567,1.35595,1.50,1.39
2011.02.25 14:43:34.572,1.35567,1.35595,1.50,2.22
2011.02.25 14:43:34.790,1.35567,1.35593,1.50,1.28
2011.02.25 14:43:35.662,1.35572,1.35592,2.40,2.78
2011.02.25 14:43:35.991,1.35567,1.35593,3.34,6.75
2011.02.25 14:43:36.322,1.35567,1.35594,3.34,1.20
2011.02.25 14:43:36.938,1.35567,1.35595,3.34,1.95
2011.02.25 14:43:37.055,1.35567,1.35595,3.34,1.20
2011.02.25 14:43:38.291,1.35567,1.35595,3.15,1.95
2011.02.25 14:43:39.251,1.35567,1.35593,1.50,1.20
2011.02.25 14:43:39.472,1.35567,1.35593,1.50,1.20
2011.02.25 14:43:39.801,1.35569,1.35593,2.40,1.20
2011.02.25 14:43:40.572,1.35569,1.35595,2.40,3.98
2011.02.25 14:43:40.794,1.35569,1.35593,2.40,1.20
2011.02.25 14:43:41.551,1.35569,1.35594,2.40,1.20
2011.02.25 14:43:41.948,1.35574,1.35596,2.40,1.50
2011.02.25 14:43:42.067,1.35574,1.356,2.40,3.53
2011.02.25 14:43:42.405,1.35571,1.35596,1.50,1.95
2011.02.25 14:43:42.633,1.35572,1.35596,2.40,1.20
2011.02.25 14:43:42.742,1.35572,1.35594,2.40,1.20
2011.02.25 14:43:43.402,1.35567,1.35591,1.50,1.20
2011.02.25 14:43:43.513,1.35567,1.35591,1.50,1.20
2011.02.25 14:43:43.841,1.35564,1.3559,1.50,1.95
2011.02.25 14:43:43.951,1.35564,1.3559,1.50,1.95
2011.02.25 14:43:44.501,1.35564,1.35588,1.50,1.20
2011.02.25 14:43:45.032,1.35564,1.3559,1.50,1.95
2011.02.25 14:43:45.581,1.35564,1.3559,1.50,1.95
2011.02.25 14:43:46.292,1.35564,1.3559,1.50,1.20
2011.02.25 14:43:46.621,1.35564,1.3559,1.50,1.20
2011.02.25 14:43:47.258,1.35564,1.3559,1.50,1.20
2011.02.25 14:43:47.481,1.35564,1.35589,1.50,1.20
2011.02.25 14:43:48.032,1.35563,1.35588,1.50,1.20
2011.02.25 14:43:48.363,1.35557,1.35582,3.53,1.20
2011.02.25 14:43:48.691,1.3556,1.35582,2.25,2.78
2011.02.25 14:43:48.803,1.35563,1.35589,1.50,3.53
2011.02.25 14:43:49.021,1.35563,1.3559,1.50,1.20
2011.02.25 14:43:49.241,1.35564,1.35592,1.50,1.95
2011.02.25 14:43:49.761,1.35565,1.35592,1.50,1.95
2011.02.25 14:43:50.753,1.35565,1.35591,1.50,1.20
2011.02.25 14:43:53.341,1.35565,1.35591,1.50,1.20
2011.02.25 14:43:53.562,1.35565,1.35591,1.50,1.20
2011.02.25 14:43:54.171,1.35565,1.35591,1.50,1.20
2011.02.25 14:43:54.832,1.3557,1.3559,1.65,1.20
2011.02.25 14:43:55.163,1.3557,1.35596,2.40,4.92
2011.02.25 14:43:55.272,1.3557,1.35586,1.65,2.78
2011.02.25 14:43:55.382,1.35565,1.35586,1.50,2.78
2011.02.25 14:43:55.492,1.35563,1.35586,2.25,3.98
2011.02.25 14:43:55.800,1.35565,1.35586,1.50,3.23
2011.02.25 14:43:56.352,1.3556,1.35583,2.40,2.78
2011.02.25 14:43:56.685,1.3556,1.35583,2.40,2.78
2011.02.25 14:43:57.131,1.35563,1.35584,1.50,2.78
2011.02.25 14:43:57.351,1.35563,1.35586,1.50,2.78
2011.02.25 14:43:57.572,1.35563,1.35583,1.50,2.78
2011.02.25 14:43:57.902,1.35566,1.35586,1.50,2.78
2011.02.25 14:43:58.451,1.35566,1.35585,1.50,2.78
2011.02.25 14:43:58.562,1.35566,1.35585,1.50,2.78
2011.02.25 14:43:58.781,1.35563,1.35587,1.50,3.98
2011.02.25 14:43:59.112,1.35563,1.35582,1.50,2.78
2011.02.25 14:43:59.331,1.35561,1.35585,1.50,1.20
2011.02.25 14:43:59.734,1.35561,1.35586,1.50,1.95
2011.02.25 14:43:59.856,1.3556,1.35584,2.40,2.78
2011.02.25 14:44:00.196,1.35571,1.35586,1.65,3.23
2011.02.25 14:44:00.312,1.35562,1.35586,1.50,3.23
2011.02.25 14:44:00.423,1.35562,1.35585,3.15,3.53
2011.02.25 14:44:00.534,1.35562,1.35585,3.15,3.53
2011.02.25 14:44:00.753,1.35562,1.35585,1.50,3.53
2011.02.25 14:44:01.082,1.35563,1.35582,1.50,2.78
2011.02.25 14:44:01.192,1.35561,1.35582,1.50,2.78
2011.02.25 14:44:01.303,1.35563,1.35585,1.50,3.98
2011.02.25 14:44:01.631,1.35559,1.35585,1.50,3.98
2011.02.25 14:44:01.743,1.35559,1.35582,1.50,2.78
2011.02.25 14:44:02.404,1.35558,1.35582,1.50,1.20
2011.02.25 14:44:02.731,1.35552,1.35578,1.69,1.20
2011.02.25 14:44:03.128,1.35552,1.35578,1.69,1.20
2011.02.25 14:44:03.682,1.35552,1.35578,1.69,1.95
2011.02.25 14:44:03.902,1.35557,1.3558,2.40,1.20
2011.02.25 14:44:04.561,1.35557,1.35581,2.40,1.20
2011.02.25 14:44:05.111,1.35557,1.3558,2.40,1.20
2011.02.25 14:44:05.551,1.35557,1.35582,2.40,1.95
2011.02.25 14:44:05.881,1.35557,1.3558,2.40,1.20
2011.02.25 14:44:06.320,1.35554,1.3558,1.50,1.20
2011.02.25 14:44:06.544,1.35554,1.35582,1.65,1.20
2011.02.25 14:44:06.652,1.35564,1.35583,1.50,2.78
2011.02.25 14:44:06.763,1.35563,1.35583,1.50,2.78
2011.02.25 14:44:06.983,1.3556,1.35583,3.30,2.78
2011.02.25 14:44:07.573,1.3556,1.35581,1.50,2.78
2011.02.25 14:44:07.793,1.35557,1.35581,1.50,3.72
2011.02.25 14:44:08.121,1.35558,1.35581,1.50,1.95
2011.02.25 14:44:08.452,1.3556,1.35583,2.40,3.23
2011.02.25 14:44:09.001,1.3556,1.35585,2.40,1.20
2011.02.25 14:44:09.442,1.3556,1.35583,2.40,3.98
2011.02.25 14:44:09.551,1.35557,1.35581,1.50,1.20
2011.02.25 14:44:09.991,1.35557,1.35581,1.50,1.20
2011.02.25 14:44:10.762,1.35557,1.35581,1.69,1.20
2011.02.25 14:44:10.873,1.35561,1.35585,2.40,1.20
2011.02.25 14:44:12.912,1.35555,1.35581,3.15,1.20
2011.02.25 14:44:13.022,1.35555,1.35581,1.50,1.20
2011.02.25 14:44:13.572,1.35552,1.35579,1.50,1.20
2011.02.25 14:44:13.794,1.35551,1.35578,1.50,1.20
2011.02.25 14:44:14.125,1.35556,1.3558,1.50,3.98
2011.02.25 14:44:14.353,1.35556,1.3558,1.50,1.20
2011.02.25 14:44:14.682,1.35555,1.35582,2.40,3.98
2011.02.25 14:44:14.792,1.35553,1.3558,2.25,1.20
2011.02.25 14:44:15.231,1.35554,1.35581,2.40,1.20
2011.02.25 14:44:16.471,1.35554,1.35582,2.40,1.20
2011.02.25 14:44:17.483,1.35554,1.35583,1.50,2.14
2011.02.25 14:44:17.592,1.35554,1.35583,1.50,4.92
2011.02.25 14:44:17.812,1.35557,1.35583,1.69,1.20
2011.02.25 14:44:18.032,1.35561,1.35588,2.40,3.98
2011.02.25 14:44:18.733,1.35564,1.35588,1.69,4.73
2011.02.25 14:44:19.063,1.35567,1.35588,2.40,1.39
2011.02.25 14:44:19.173,1.3556,1.35587,1.50,1.39
2011.02.25 14:44:20.446,1.3556,1.35587,3.15,3.23
2011.02.25 14:44:21.001,1.35568,1.35589,2.40,1.95
2011.02.25 14:44:21.639,1.35568,1.35589,2.40,1.20
2011.02.25 14:44:22.032,1.35568,1.35589,2.40,1.20
2011.02.25 14:44:23.331,1.35563,1.35589,3.15,1.20
2011.02.25 14:44:23.661,1.35568,1.35595,2.40,3.98
2011.02.25 14:44:24.212,1.3557,1.35597,1.50,2.78
2011.02.25 14:44:24.431,1.3557,1.35595,1.50,2.78
2011.02.25 14:44:24.762,1.35571,1.35595,1.50,3.98
2011.02.25 14:44:24.874,1.35566,1.35593,1.50,1.20
2011.02.25 14:44:25.305,1.35564,1.3559,4.28,1.95
2011.02.25 14:44:25.642,1.35567,1.3559,3.53,1.95
2011.02.25 14:44:26.081,1.35567,1.3559,3.53,1.20
2011.02.25 14:44:26.301,1.35566,1.35593,1.50,4.73
2011.02.25 14:44:26.411,1.35566,1.35592,1.50,1.20
2011.02.25 14:44:26.741,1.35564,1.35591,1.50,3.98
2011.02.25 14:44:27.181,1.35563,1.35586,1.50,1.20
2011.02.25 14:44:27.841,1.35561,1.35585,1.50,1.20
2011.02.25 14:44:28.171,1.35561,1.35585,1.50,3.23
2011.02.25 14:44:28.281,1.35561,1.35585,1.50,3.98
2011.02.25 14:44:29.834,1.35561,1.35585,1.50,3.98
2011.02.25 14:44:30.633,1.35561,1.35587,1.50,3.98
2011.02.25 14:44:30.961,1.35561,1.35586,1.50,1.20
2011.02.25 14:44:32.582,1.35561,1.35585,1.50,1.20
2011.02.25 14:44:33.171,1.35561,1.35588,1.50,1.20
2011.02.25 14:44:33.512,1.35558,1.35585,4.65,1.20
2011.02.25 14:44:33.844,1.35556,1.35575,1.69,3.23
2011.02.25 14:44:33.953,1.35553,1.35575,3.19,2.78
2011.02.25 14:44:34.062,1.35554,1.35581,2.59,1.20
2011.02.25 14:44:34.552,1.35553,1.35581,1.69,1.95
2011.02.25 14:44:34.666,1.35553,1.35581,1.50,1.95
2011.02.25 14:44:34.893,1.35553,1.35581,1.50,1.20
2011.02.25 14:44:35.441,1.35553,1.35581,1.50,1.95
2011.02.25 14:44:35.994,1.35553,1.35579,1.50,1.39
2011.02.25 14:44:36.213,1.35553,1.3558,1.50,1.39
2011.02.25 14:44:36.544,1.35553,1.35578,1.50,2.59
2011.02.25 14:44:36.653,1.35553,1.35575,1.50,2.78
2011.02.25 14:44:36.980,1.35553,1.35578,1.50,2.97
2011.02.25 14:44:37.561,1.35553,1.35579,1.50,1.39
2011.02.25 14:44:38.281,1.35553,1.35579,1.50,1.39
2011.02.25 14:44:38.830,1.35553,1.35579,1.50,1.39
2011.02.25 14:44:39.441,1.35553,1.35581,1.50,1.39
2011.02.25 14:44:39.757,1.35553,1.35581,1.50,1.20
2011.02.25 14:44:39.874,1.35557,1.35581,1.50,3.98
2011.02.25 14:44:40.536,1.35557,1.35583,1.69,1.20
2011.02.25 14:44:40.766,1.35557,1.35576,3.15,2.78
2011.02.25 14:44:41.101,1.35551,1.3558,1.50,3.23
2011.02.25 14:44:41.212,1.35552,1.3558,2.40,3.23
2011.02.25 14:44:41.321,1.35556,1.35582,1.50,6.94
2011.02.25 14:44:42.004,1.35553,1.35579,1.50,1.20
2011.02.25 14:44:42.442,1.35556,1.35582,1.50,1.20
2011.02.25 14:44:43.042,1.35556,1.3558,1.50,1.20
2011.02.25 14:44:43.411,1.35558,1.35586,1.50,1.50
2011.02.25 14:44:43.529,1.35558,1.35581,2.40,1.20
2011.02.25 14:44:45.481,1.35556,1.35581,1.50,1.20
2011.02.25 14:44:45.812,1.35553,1.35581,1.50,1.20
2011.02.25 14:44:47.331,1.35558,1.35582,1.50,1.20
2011.02.25 14:44:47.551,1.35554,1.35582,1.50,1.20
2011.02.25 14:44:47.991,1.35557,1.3558,1.50,2.78
2011.02.25 14:44:48.477,1.35557,1.35581,1.50,3.53
2011.02.25 14:44:48.592,1.35552,1.35578,1.58,1.95
2011.02.25 14:44:48.921,1.35552,1.35582,1.50,3.98
2011.02.25 14:44:49.362,1.35557,1.35584,1.50,1.95
2011.02.25 14:44:50.070,1.35557,1.35584,1.50,1.20
2011.02.25 14:44:50.914,1.35561,1.35588,1.69,1.20
2011.02.25 14:44:51.023,1.35562,1.35588,1.69,1.20
2011.02.25 14:44:51.244,1.35559,1.35583,1.50,1.20
2011.02.25 14:44:51.462,1.35556,1.35582,1.50,1.20
2011.02.25 14:44:51.802,1.35556,1.35583,1.50,1.20
2011.02.25 14:44:52.985,1.35556,1.35583,2.44,1.20
2011.02.25 14:44:53.110,1.35561,1.35587,2.40,1.20
2011.02.25 14:44:53.332,1.35559,1.35585,1.50,1.20
2011.02.25 14:44:53.665,1.35559,1.35585,1.50,1.20
2011.02.25 14:44:53.893,1.35559,1.35587,1.69,1.20
2011.02.25 14:44:54.335,1.35559,1.35585,1.50,3.98
2011.02.25 14:44:54.890,1.35559,1.35586,1.50,1.20
2011.02.25 14:44:55.111,1.35559,1.35586,1.50,1.20
2011.02.25 14:44:55.631,1.35559,1.35585,1.50,1.20
2011.02.25 14:44:56.258,1.35559,1.35586,1.50,3.23
2011.02.25 14:44:57.254,1.35555,1.35583,1.50,1.20
2011.02.25 14:44:57.595,1.35565,1.35587,2.40,1.20
2011.02.25 14:44:57.712,1.35565,1.35587,2.40,1.20
2011.02.25 14:44:57.825,1.35565,1.35588,2.40,3.23
2011.02.25 14:44:57.941,1.35565,1.35588,2.40,3.23
2011.02.25 14:44:58.491,1.35565,1.35591,2.40,1.20
2011.02.25 14:44:59.023,1.35567,1.35592,1.69,4.28
2011.02.25 14:44:59.131,1.35567,1.35594,1.69,7.50
2011.02.25 14:44:59.351,1.35567,1.35593,1.50,1.20
2011.02.25 14:44:59.681,1.35567,1.35592,1.50,2.78
2011.02.25 14:44:59.791,1.35567,1.35592,1.50,3.53
2011.02.25 14:45:00.123,1.35564,1.35586,1.50,3.72
2011.02.25 14:45:00.342,1.35564,1.3559,1.50,3.23
2011.02.25 14:45:00.452,1.35564,1.35585,1.50,2.78
2011.02.25 14:45:00.781,1.35561,1.35585,1.50,3.98
2011.02.25 14:45:01.770,1.35561,1.35585,1.50,1.20
2011.02.25 14:45:02.131,1.35561,1.35586,1.50,1.20
2011.02.25 14:45:02.780,1.35561,1.35585,1.50,1.20
2011.02.25 14:45:03.001,1.35561,1.35585,1.50,1.20
2011.02.25 14:45:03.331,1.35561,1.35585,1.50,1.20
2011.02.25 14:45:03.692,1.35561,1.35587,1.50,3.98
2011.02.25 14:45:03.915,1.3557,1.35593,2.40,1.20
2011.02.25 14:45:04.033,1.3557,1.35594,2.40,3.23
2011.02.25 14:45:04.251,1.35574,1.35593,2.40,1.20
2011.02.25 14:45:04.801,1.3557,1.35593,2.40,3.23
2011.02.25 14:45:05.314,1.3557,1.35593,2.40,3.98
2011.02.25 14:45:05.861,1.35567,1.35593,1.50,3.23
2011.02.25 14:45:06.613,1.35564,1.35592,1.50,1.20
2011.02.25 14:45:07.522,1.35564,1.35591,1.50,1.20
2011.02.25 14:45:08.861,1.35564,1.35592,1.50,1.20
2011.02.25 14:45:11.181,1.35564,1.35592,1.50,1.20
2011.02.25 14:45:11.891,1.35568,1.35592,2.40,1.20
2011.02.25 14:45:12.773,1.35568,1.35592,2.40,1.20
2011.02.25 14:45:12.882,1.35569,1.35596,1.50,1.20
2011.02.25 14:45:13.101,1.35568,1.35597,3.15,3.23
2011.02.25 14:45:13.212,1.35568,1.35597,3.15,4.92
2011.02.25 14:45:13.834,1.35564,1.35593,1.69,1.20
2011.02.25 14:45:14.052,1.3557,1.35598,1.50,1.20
2011.02.25 14:45:14.491,1.35576,1.35603,1.50,2.14
2011.02.25 14:45:15.011,1.35576,1.35603,1.50,1.95
2011.02.25 14:45:15.232,1.35576,1.35584,1.50,1.50
2011.02.25 14:45:15.616,1.35573,1.35587,1.50,1.50
2011.02.25 14:45:15.848,1.35569,1.35587,3.53,1.50
2011.02.25 14:45:16.074,1.35567,1.35591,3.53,3.53
2011.02.25 14:45:16.184,1.35567,1.3558,5.18,1.50
2011.02.25 14:45:16.514,1.35567,1.35585,3.53,1.50
2011.02.25 14:45:16.841,1.35566,1.35582,3.15,1.50
2011.02.25 14:45:17.423,1.35566,1.35582,3.15,1.50
2011.02.25 14:45:18.031,1.35566,1.35582,3.15,1.50
2011.02.25 14:45:18.801,1.35566,1.35581,3.15,1.50
2011.02.25 14:45:19.351,1.35566,1.35579,3.15,1.50
2011.02.25 14:45:20.120,1.35566,1.35578,1.50,1.50
2011.02.25 14:45:20.571,1.35566,1.35593,1.50,3.23
2011.02.25 14:45:21.331,1.35566,1.35594,1.50,4.73
2011.02.25 14:45:21.551,1.35566,1.35593,1.50,1.20
2011.02.25 14:45:21.770,1.35566,1.35593,1.50,1.20
2011.02.25 14:45:22.101,1.35566,1.35593,1.50,2.14
2011.02.25 14:45:22.322,1.35566,1.35594,1.69,1.20
2011.02.25 14:45:22.431,1.35567,1.35579,2.59,1.50
2011.02.25 14:45:23.028,1.35567,1.35575,1.65,1.50
2011.02.25 14:45:23.147,1.35563,1.35574,2.59,1.50
2011.02.25 14:45:23.262,1.35563,1.35574,2.40,1.50
2011.02.25 14:45:23.371,1.35563,1.35572,2.40,1.50
2011.02.25 14:45:24.541,1.35558,1.35574,2.40,1.50
2011.02.25 14:45:24.762,1.35557,1.35571,1.50,1.50
2011.02.25 14:45:25.250,1.35557,1.3557,1.50,1.50
2011.02.25 14:45:25.801,1.35557,1.35571,1.50,1.50
2011.02.25 14:45:28.501,1.35557,1.35569,1.50,1.50
2011.02.25 14:45:29.781,1.35557,1.35567,1.50,1.50
2011.02.25 14:45:30.108,1.35558,1.3558,2.59,2.78
2011.02.25 14:45:30.235,1.35558,1.3557,2.40,1.50
2011.02.25 14:45:30.353,1.35558,1.35568,2.40,1.50
2011.02.25 14:45:31.861,1.35557,1.3557,1.50,1.50
2011.02.25 14:45:32.473,1.35557,1.3557,1.50,1.50
2011.02.25 14:45:33.133,1.35559,1.35579,1.69,2.78
2011.02.25 14:45:33.242,1.35561,1.3558,1.69,2.78
2011.02.25 14:45:33.352,1.35561,1.35586,1.69,3.23
2011.02.25 14:45:33.461,1.35561,1.35581,1.69,2.78
2011.02.25 14:45:34.152,1.35561,1.35583,1.50,5.55
2011.02.25 14:45:34.262,1.35561,1.35583,1.50,2.78
2011.02.25 14:45:34.608,1.35561,1.3558,1.50,2.78
2011.02.25 14:45:34.723,1.35561,1.3558,1.50,2.78
2011.02.25 14:45:35.039,1.35561,1.35583,1.50,6.30
2011.02.25 14:45:35.153,1.35561,1.35582,1.50,2.78
2011.02.25 14:45:35.702,1.35558,1.35584,1.50,3.23
2011.02.25 14:45:35.922,1.35558,1.35582,1.50,6.00
2011.02.25 14:45:36.033,1.35558,1.3558,1.50,2.78
2011.02.25 14:45:36.472,1.35558,1.35583,1.50,3.23
2011.02.25 14:45:36.583,1.35558,1.35581,1.50,3.72
2011.02.25 14:45:37.131,1.35553,1.35579,1.50,3.23
2011.02.25 14:45:37.572,1.35553,1.35579,1.50,3.23
2011.02.25 14:45:37.792,1.35553,1.35577,1.50,2.78
2011.02.25 14:45:38.122,1.35553,1.35577,1.50,2.78
2011.02.25 14:45:38.781,1.35553,1.35577,1.50,2.78
2011.02.25 14:45:39.392,1.35553,1.35579,1.50,3.23
2011.02.25 14:45:39.613,1.35553,1.35576,1.50,2.78
2011.02.25 14:45:40.342,1.35553,1.35576,1.50,2.78
2011.02.25 14:45:40.469,1.35558,1.35579,1.50,2.78
2011.02.25 14:45:40.585,1.35558,1.35585,1.50,1.20
2011.02.25 14:45:40.706,1.35558,1.35582,1.50,3.23
2011.02.25 14:45:40.933,1.35558,1.3558,1.50,2.78
2011.02.25 14:45:41.539,1.35558,1.35579,1.50,2.78
2011.02.25 14:45:41.872,1.35558,1.35579,1.50,2.78
2011.02.25 14:45:42.461,1.35558,1.35584,1.50,3.23
2011.02.25 14:45:43.544,1.35558,1.35576,1.50,2.97
2011.02.25 14:45:43.872,1.35545,1.35571,3.53,1.20
2011.02.25 14:45:44.382,1.35544,1.35571,4.28,1.20
2011.02.25 14:45:44.603,1.35544,1.35571,1.50,1.20
2011.02.25 14:45:44.932,1.35548,1.35574,1.50,1.20
2011.02.25 14:45:45.043,1.35548,1.35575,1.50,1.20
2011.02.25 14:45:45.481,1.35548,1.35575,1.50,1.20
2011.02.25 14:45:45.813,1.35553,1.3558,1.50,1.39
2011.02.25 14:45:46.363,1.35552,1.35576,1.50,2.78
2011.02.25 14:45:46.693,1.35556,1.35571,1.50,2.78
2011.02.25 14:45:46.805,1.35556,1.35573,1.50,2.78
2011.02.25 14:45:46.913,1.35546,1.35573,1.50,1.20
2011.02.25 14:45:47.672,1.35549,1.35573,3.53,1.20
2011.02.25 14:45:49.311,1.35548,1.35573,3.53,1.20
2011.02.25 14:45:51.342,1.35546,1.35573,4.28,1.20
2011.02.25 14:45:52.121,1.35548,1.35576,1.50,1.20
2011.02.25 14:45:53.832,1.35548,1.35576,1.50,1.39
2011.02.25 14:45:54.163,1.35544,1.35574,1.50,1.20
2011.02.25 14:45:54.272,1.35545,1.35574,2.40,1.20
2011.02.25 14:45:54.602,1.35558,1.35575,2.40,2.78
2011.02.25 14:45:54.714,1.35558,1.35573,1.65,1.20
2011.02.25 14:45:55.115,1.35547,1.35573,1.50,1.20
2011.02.25 14:45:55.682,1.35547,1.3557,1.50,2.78
2011.02.25 14:45:55.902,1.35547,1.3557,1.50,2.78
2011.02.25 14:45:56.012,1.35547,1.35568,1.50,2.78
2011.02.25 14:45:56.233,1.35547,1.3557,1.50,2.78
2011.02.25 14:45:56.671,1.35545,1.35568,1.50,2.78
2011.02.25 14:45:57.112,1.35541,1.35565,1.50,2.78
2011.02.25 14:45:57.443,1.35541,1.3556,1.50,2.78
2011.02.25 14:45:57.663,1.35537,1.35559,3.15,3.23
2011.02.25 14:45:57.882,1.35537,1.35561,1.50,1.20
2011.02.25 14:45:58.944,1.35537,1.35561,1.50,1.95
2011.02.25 14:45:59.631,1.35537,1.35561,1.50,1.20
2011.02.25 14:45:59.963,1.35528,1.35552,1.50,5.55
2011.02.25 14:46:00.292,1.35521,1.35547,3.15,1.20
2011.02.25 14:46:00.516,1.35521,1.35547,1.50,1.39
2011.02.25 14:46:00.633,1.35517,1.35544,3.15,1.20
2011.02.25 14:46:00.742,1.35521,1.35544,2.40,3.98
2011.02.25 14:46:00.961,1.35517,1.35544,2.40,3.98
2011.02.25 14:46:01.293,1.35517,1.35544,2.40,1.20
2011.02.25 14:46:01.514,1.3552,1.35547,1.65,3.53
2011.02.25 14:46:01.625,1.35522,1.35551,1.09,1.20
2011.02.25 14:46:01.744,1.35529,1.35556,1.50,3.23
2011.02.25 14:46:02.087,1.35527,1.35554,1.50,3.23
2011.02.25 14:46:02.534,1.35529,1.35553,1.50,3.53
2011.02.25 14:46:02.862,1.35524,1.3555,1.50,3.98
2011.02.25 14:46:03.082,1.35524,1.35549,1.50,1.39
2011.02.25 14:46:03.303,1.35524,1.35549,1.50,4.17
2011.02.25 14:46:03.412,1.35524,1.35549,1.50,5.82
2011.02.25 14:46:03.961,1.35517,1.35547,1.50,1.39
2011.02.25 14:46:04.292,1.35521,1.35547,1.50,1.20
2011.02.25 14:46:04.732,1.35521,1.35547,4.28,1.20
2011.02.25 14:46:04.951,1.35521,1.35547,1.50,1.20
2011.02.25 14:46:05.281,1.35526,1.35553,1.50,2.70
2011.02.25 14:46:05.611,1.35526,1.35552,1.50,1.35
2011.02.25 14:46:05.832,1.35523,1.35549,1.50,1.39
2011.02.25 14:46:06.211,1.35522,1.3555,1.50,1.69
2011.02.25 14:46:06.331,1.35521,1.35544,3.53,1.20
2011.02.25 14:46:06.773,1.35518,1.35548,4.28,1.95
2011.02.25 14:46:06.993,1.35518,1.35545,1.50,3.53
2011.02.25 14:46:07.543,1.35522,1.35545,1.50,2.78
2011.02.25 14:46:07.874,1.35524,1.35548,2.40,2.78
2011.02.25 14:46:08.312,1.35525,1.35549,1.50,1.20
2011.02.25 14:46:08.862,1.35525,1.35549,1.50,1.20
2011.02.25 14:46:08.974,1.35525,1.35549,1.50,1.20
2011.02.25 14:46:09.301,1.35525,1.35549,1.50,1.20
2011.02.25 14:46:10.044,1.35525,1.35549,1.50,3.98
2011.02.25 14:46:10.482,1.35528,1.35549,2.40,1.20
2011.02.25 14:46:11.044,1.35531,1.35558,1.50,1.20
2011.02.25 14:46:11.154,1.35532,1.35558,1.50,1.20
2011.02.25 14:46:11.373,1.35532,1.35558,3.15,3.98
2011.02.25 14:46:11.593,1.35532,1.35558,3.15,2.70
2011.02.25 14:46:11.922,1.35532,1.35555,2.40,1.20
2011.02.25 14:46:12.251,1.35532,1.35558,3.15,2.70
2011.02.25 14:46:12.921,1.35532,1.35558,3.15,2.70
2011.02.25 14:46:13.512,1.35532,1.35558,3.15,2.70
2011.02.25 14:46:13.844,1.35534,1.35563,1.50,5.48
2011.02.25 14:46:14.306,1.35534,1.35559,1.50,2.78
2011.02.25 14:46:14.992,1.35534,1.3556,1.50,3.23
2011.02.25 14:46:15.324,1.35534,1.35562,3.15,1.20
2011.02.25 14:46:15.654,1.35534,1.35562,3.15,1.20
2011.02.25 14:46:15.874,1.35534,1.35557,1.50,1.50
2011.02.25 14:46:16.093,1.35531,1.35557,1.50,1.20
2011.02.25 14:46:16.311,1.35535,1.35561,1.50,4.92
2011.02.25 14:46:16.743,1.35535,1.35561,1.50,1.39
2011.02.25 14:46:16.963,1.35535,1.35562,1.50,1.39
2011.02.25 14:46:17.512,1.35536,1.35562,2.40,1.20
2011.02.25 14:46:17.732,1.35539,1.35565,1.50,1.20
2011.02.25 14:46:18.362,1.35539,1.35565,1.50,1.20
2011.02.25 14:46:18.581,1.35539,1.35566,1.50,1.20
2011.02.25 14:46:18.692,1.35539,1.35565,1.50,1.20
2011.02.25 14:46:20.752,1.35539,1.35566,1.50,1.20
2011.02.25 14:46:21.083,1.35538,1.35564,1.50,3.53
2011.02.25 14:46:21.192,1.35538,1.35566,1.50,1.95
2011.02.25 14:46:21.741,1.35538,1.35565,1.50,1.20
2011.02.25 14:46:22.101,1.35538,1.35565,1.50,1.20
2011.02.25 14:46:23.881,1.35538,1.35565,1.50,1.20
2011.02.25 14:46:24.213,1.35534,1.35561,3.53,1.20
2011.02.25 14:46:24.743,1.35533,1.35561,1.69,1.20
2011.02.25 14:46:24.983,1.35538,1.35561,2.40,2.78
2011.02.25 14:46:25.313,1.35538,1.35564,2.40,1.20
2011.02.25 14:46:25.423,1.35538,1.35564,2.40,1.20
2011.02.25 14:46:26.303,1.35537,1.35564,3.34,1.20
2011.02.25 14:46:26.522,1.35537,1.35563,3.15,1.20
2011.02.25 14:46:26.852,1.35537,1.35562,1.50,3.53
2011.02.25 14:46:27.072,1.35537,1.35563,1.50,4.17
2011.02.25 14:46:27.401,1.35537,1.35563,1.50,4.17
2011.02.25 14:46:27.733,1.35537,1.35563,1.50,1.39
2011.02.25 14:46:28.500,1.35537,1.35563,1.50,1.20
2011.02.25 14:46:30.606,1.35537,1.35563,1.50,1.20
2011.02.25 14:46:30.724,1.35537,1.35564,1.50,1.20
2011.02.25 14:46:30.944,1.35544,1.35568,1.50,1.20
2011.02.25 14:46:31.495,1.3554,1.35565,1.50,1.20
2011.02.25 14:46:31.940,1.3554,1.35564,1.50,3.23
2011.02.25 14:46:32.971,1.3554,1.35564,1.50,3.98
2011.02.25 14:46:34.422,1.3554,1.35563,1.50,2.78
2011.02.25 14:46:34.754,1.35543,1.35566,1.50,3.53
2011.02.25 14:46:35.084,1.3554,1.35563,2.40,1.20
2011.02.25 14:46:35.503,1.35537,1.35561,1.50,2.78
2011.02.25 14:46:35.615,1.35534,1.35564,3.15,1.20
2011.02.25 14:46:35.730,1.35535,1.35561,1.50,1.95
2011.02.25 14:46:36.351,1.35548,1.35563,1.69,1.50
2011.02.25 14:46:36.461,1.35555,1.35575,2.40,1.20
2011.02.25 14:46:36.571,1.35555,1.35575,2.40,1.20
2011.02.25 14:46:36.680,1.35548,1.35576,1.50,1.20
2011.02.25 14:46:37.009,1.35548,1.35575,1.50,1.20
2011.02.25 14:46:38.130,1.35548,1.35576,1.50,1.20
2011.02.25 14:46:38.790,1.35548,1.35577,4.28,1.20
2011.02.25 14:46:39.120,1.35553,1.35578,1.50,1.50
2011.02.25 14:46:40.360,1.35563,1.35586,2.40,1.39
2011.02.25 14:46:40.690,1.35563,1.35589,2.40,3.98
2011.02.25 14:46:40.801,1.35563,1.35586,2.40,1.20
2011.02.25 14:46:41.022,1.35562,1.35587,1.50,1.20
2011.02.25 14:46:41.241,1.35559,1.35587,1.50,3.98
2011.02.25 14:46:41.571,1.35558,1.35585,1.50,1.95
2011.02.25 14:46:41.900,1.35558,1.35585,1.50,4.73
2011.02.25 14:46:42.120,1.35562,1.35585,1.50,3.53
2011.02.25 14:46:43.325,1.35562,1.35585,1.50,2.78
2011.02.25 14:46:43.830,1.35562,1.35586,1.50,1.20
2011.02.25 14:46:44.380,1.35563,1.35587,2.78,1.20
2011.02.25 14:46:44.961,1.35563,1.35588,2.78,1.95
2011.02.25 14:46:46.635,1.35563,1.35588,2.40,1.20
2011.02.25 14:46:46.754,1.35568,1.35592,1.50,1.20
2011.02.25 14:46:47.310,1.35573,1.35592,1.13,1.20
2011.02.25 14:46:48.160,1.35573,1.35593,1.13,1.20
2011.02.25 14:46:49.155,1.35573,1.35592,1.13,1.20
2011.02.25 14:46:51.521,1.35573,1.35593,1.13,1.20
2011.02.25 14:46:51.851,1.35573,1.35594,1.13,1.20
2011.02.25 14:46:52.181,1.35564,1.35587,1.50,3.53
2011.02.25 14:46:52.291,1.35562,1.35586,1.50,1.20
2011.02.25 14:46:52.960,1.35565,1.35589,1.50,1.20
2011.02.25 14:46:53.293,1.35565,1.35589,1.50,1.20
2011.02.25 14:46:53.403,1.35565,1.35589,1.50,1.20
2011.02.25 14:46:53.623,1.35565,1.35591,3.15,1.95
2011.02.25 14:46:53.731,1.35568,1.35594,1.50,1.20
2011.02.25 14:46:54.280,1.35568,1.35594,1.50,1.20
2011.02.25 14:46:54.391,1.35567,1.35594,1.50,1.20
2011.02.25 14:46:54.939,1.35564,1.35588,1.50,1.20
2011.02.25 14:46:55.272,1.35565,1.35592,3.53,1.20
2011.02.25 14:46:55.383,1.35566,1.35592,1.50,1.20
2011.02.25 14:46:56.160,1.35569,1.35595,1.50,1.20
2011.02.25 14:46:56.711,1.35571,1.35595,1.50,6.75
2011.02.25 14:46:57.494,1.3557,1.35593,1.50,3.53
2011.02.25 14:46:58.122,1.35568,1.35595,1.50,3.98
2011.02.25 14:46:58.340,1.35568,1.35592,1.50,2.78
2011.02.25 14:46:59.036,1.35568,1.35591,1.50,2.78
2011.02.25 14:46:59.370,1.35571,1.35594,1.50,2.78
2011.02.25 14:46:59.980,1.35571,1.35595,1.50,1.20
2011.02.25 14:47:00.602,1.35566,1.35592,1.69,1.20
2011.02.25 14:47:02.821,1.35566,1.35592,1.69,1.20
2011.02.25 14:47:04.971,1.35566,1.35592,1.69,1.20
2011.02.25 14:47:07.220,1.35566,1.35592,1.69,1.20
2011.02.25 14:47:07.881,1.35566,1.35592,1.88,1.20
2011.02.25 14:47:08.404,1.35566,1.35589,1.13,1.50
2011.02.25 14:47:08.920,1.35566,1.35588,1.13,1.20
2011.02.25 14:47:09.031,1.35566,1.3559,1.32,1.20
2011.02.25 14:47:09.250,1.35565,1.3559,2.97,1.95
2011.02.25 14:47:09.820,1.35566,1.3559,1.32,1.20
2011.02.25 14:47:10.951,1.35565,1.35589,2.97,1.20
2011.02.25 14:47:11.280,1.35565,1.35589,2.97,1.20
2011.02.25 14:47:11.871,1.35565,1.3559,2.97,1.95
2011.02.25 14:47:12.739,1.35565,1.35589,2.97,1.20
2011.02.25 14:47:13.071,1.35569,1.35595,1.65,1.20
2011.02.25 14:47:13.510,1.35569,1.35595,3.30,1.20
2011.02.25 14:47:14.231,1.35571,1.35595,1.69,1.20
2011.02.25 14:47:14.451,1.3557,1.35595,1.50,1.20
2011.02.25 14:47:14.867,1.3557,1.35595,2.44,1.20
2011.02.25 14:47:14.980,1.35573,1.35597,1.50,4.28
2011.02.25 14:47:15.640,1.35573,1.35599,1.50,1.20
2011.02.25 14:47:17.201,1.35573,1.35599,1.50,1.20
2011.02.25 14:47:17.531,1.35574,1.35599,1.13,1.20
2011.02.25 14:47:18.305,1.35574,1.35599,1.13,1.20
2011.02.25 14:47:19.101,1.35575,1.35599,1.13,1.20
2011.02.25 14:47:19.320,1.35575,1.356,1.13,4.73
2011.02.25 14:47:19.651,1.35579,1.35604,2.44,1.20
2011.02.25 14:47:19.761,1.3558,1.35606,1.69,2.85
2011.02.25 14:47:20.201,1.3558,1.35606,1.69,3.98
2011.02.25 14:47:20.655,1.35579,1.35601,2.59,1.20
2011.02.25 14:47:20.779,1.35575,1.356,1.13,3.98
2011.02.25 14:47:22.050,1.35576,1.35599,2.63,2.78
2011.02.25 14:47:22.311,1.35576,1.35599,2.63,2.78
2011.02.25 14:47:22.531,1.35576,1.35599,2.63,3.53
2011.02.25 14:47:23.079,1.35578,1.35599,2.25,3.53
2011.02.25 14:47:25.382,1.35579,1.35599,1.50,3.53
2011.02.25 14:47:25.931,1.35578,1.35602,2.25,3.53
2011.02.25 14:47:26.260,1.35578,1.35601,2.25,3.53
2011.02.25 14:47:27.081,1.35579,1.35601,1.50,3.53
2011.02.25 14:47:27.630,1.35579,1.35603,1.50,3.98
2011.02.25 14:47:29.749,1.35579,1.35603,1.50,3.98
2011.02.25 14:47:30.081,1.35576,1.356,2.63,1.20
2011.02.25 14:47:30.191,1.35577,1.356,1.13,1.20
2011.02.25 14:47:30.520,1.35576,1.356,2.63,1.20
2011.02.25 14:47:31.069,1.35577,1.356,1.13,1.20
2011.02.25 14:47:31.290,1.35577,1.356,1.13,1.20
2011.02.25 14:47:31.510,1.35577,1.356,1.13,1.20
2011.02.25 14:47:32.432,1.35579,1.35597,3.00,3.75
2011.02.25 14:47:32.760,1.35578,1.35597,2.44,4.50
2011.02.25 14:47:33.286,1.35578,1.35596,2.44,4.50
2011.02.25 14:47:33.409,1.35581,1.35596,1.50,4.50
2011.02.25 14:47:33.961,1.35581,1.35597,3.00,4.50
2011.02.25 14:47:35.652,1.35581,1.35597,1.50,4.50
2011.02.25 14:47:35.763,1.35574,1.35597,5.59,4.50
2011.02.25 14:47:36.641,1.35576,1.35597,1.32,4.50
2011.02.25 14:47:36.861,1.35578,1.35597,1.50,4.50
2011.02.25 14:47:37.970,1.35578,1.35597,1.50,4.50
2011.02.25 14:47:38.410,1.35575,1.35597,1.32,4.50
2011.02.25 14:47:38.962,1.35569,1.35594,3.90,3.53
2011.02.25 14:47:39.182,1.3557,1.35596,1.50,4.95
2011.02.25 14:47:39.510,1.3557,1.35596,3.15,4.95
2011.02.25 14:47:40.502,1.3557,1.35596,3.90,4.95
2011.02.25 14:47:41.053,1.35569,1.35596,1.50,4.95
2011.02.25 14:47:41.272,1.3557,1.35596,1.50,4.95
2011.02.25 14:47:41.822,1.35572,1.35596,2.25,4.50
2011.02.25 14:47:41.932,1.35572,1.35596,2.25,4.50
2011.02.25 14:47:42.485,1.3557,1.35591,1.84,1.20
2011.02.25 14:47:42.602,1.3557,1.35591,2.59,1.20
2011.02.25 14:47:44.141,1.3557,1.35592,2.40,1.20
2011.02.25 14:47:44.800,1.35566,1.35593,1.13,1.20
2011.02.25 14:47:45.630,1.35565,1.35589,2.78,1.20
2011.02.25 14:47:45.740,1.35566,1.35589,1.13,1.20
2011.02.25 14:47:46.230,1.35565,1.35589,2.78,1.20
2011.02.25 14:47:49.160,1.35565,1.35588,2.78,1.20
2011.02.25 14:47:51.130,1.35567,1.35591,1.65,1.20
2011.02.25 14:47:51.350,1.35569,1.35593,1.50,1.50
2011.02.25 14:47:52.063,1.3557,1.35595,1.50,1.20
2011.02.25 14:47:52.833,1.3557,1.35595,2.59,1.20
2011.02.25 14:47:53.270,1.35565,1.3559,1.32,1.20
2011.02.25 14:47:59.621,1.35569,1.3559,1.69,1.20
2011.02.25 14:47:59.951,1.35571,1.35596,1.69,4.50
2011.02.25 14:48:00.172,1.35569,1.35596,1.65,4.50
2011.02.25 14:48:00.283,1.35568,1.35596,1.50,4.50
2011.02.25 14:48:00.391,1.35574,1.35596,1.50,4.50
2011.02.25 14:48:00.501,1.35571,1.35594,1.50,1.20
2011.02.25 14:48:00.613,1.35568,1.35594,1.50,3.98
2011.02.25 14:48:01.160,1.35568,1.35593,1.50,1.50
2011.02.25 14:48:01.381,1.35566,1.3559,1.50,1.20
2011.02.25 14:48:01.494,1.35566,1.3559,1.50,1.20
2011.02.25 14:48:05.331,1.35568,1.35595,1.50,3.98
2011.02.25 14:48:05.888,1.35571,1.35595,1.50,3.98
2011.02.25 14:48:06.442,1.3557,1.35595,1.50,1.20
2011.02.25 14:48:06.771,1.3557,1.35595,2.44,1.20
2011.02.25 14:48:06.990,1.35572,1.35595,2.59,1.20
2011.02.25 14:48:07.211,1.3557,1.35595,1.50,1.20
2011.02.25 14:48:07.430,1.35565,1.35592,1.50,1.20
2011.02.25 14:48:07.725,1.35564,1.35586,1.13,1.20
2011.02.25 14:48:07.847,1.3556,1.35586,1.50,1.20
2011.02.25 14:48:07.960,1.35559,1.35586,1.50,1.20
2011.02.25 14:48:08.290,1.35556,1.35581,1.69,1.20
2011.02.25 14:48:08.400,1.35556,1.35582,1.69,1.95
2011.02.25 14:48:08.730,1.35556,1.35582,1.69,1.20
2011.02.25 14:48:10.280,1.35556,1.35582,1.69,1.95
2011.02.25 14:48:10.840,1.35556,1.35582,1.69,1.20
2011.02.25 14:48:13.193,1.35556,1.35581,1.50,1.20
2011.02.25 14:48:13.741,1.35556,1.35582,1.50,1.95
2011.02.25 14:48:14.291,1.35556,1.35582,1.50,1.20
2011.02.25 14:48:14.511,1.35556,1.35582,1.50,1.20
2011.02.25 14:48:15.648,1.35556,1.35581,1.50,1.20
2011.02.25 14:48:15.872,1.35553,1.3558,3.90,2.14
2011.02.25 14:48:16.201,1.35554,1.3558,1.13,1.20
2011.02.25 14:48:16.422,1.35558,1.35584,1.50,2.85
2011.02.25 14:48:16.533,1.35557,1.35587,1.69,1.20
2011.02.25 14:48:16.641,1.35558,1.35587,3.72,1.20
2011.02.25 14:48:16.971,1.35564,1.35586,1.50,1.20
2011.02.25 14:48:17.191,1.35564,1.35586,1.50,1.20
2011.02.25 14:48:18.531,1.35564,1.35586,1.50,1.39
2011.02.25 14:48:18.862,1.3556,1.35586,1.50,1.39
2011.02.25 14:48:19.368,1.3556,1.35585,1.50,1.39
2011.02.25 14:48:19.484,1.3556,1.35586,1.50,1.95
2011.02.25 14:48:21.069,1.35557,1.35586,1.50,1.20
2011.02.25 14:48:22.242,1.35557,1.35585,1.50,1.20
2011.02.25 14:48:22.351,1.35557,1.35586,4.28,1.95
2011.02.25 14:48:22.572,1.35557,1.35585,1.50,1.20
2011.02.25 14:48:22.682,1.35557,1.35582,1.50,1.20
2011.02.25 14:48:23.010,1.35557,1.35582,1.50,3.98
2011.02.25 14:48:23.121,1.35557,1.35582,1.50,3.98
2011.02.25 14:48:24.011,1.35557,1.35582,1.50,3.98
2011.02.25 14:48:25.066,1.35557,1.3558,1.50,1.20
2011.02.25 14:48:25.841,1.35552,1.35575,1.50,2.78
2011.02.25 14:48:26.290,1.35552,1.35577,1.50,3.23
2011.02.25 14:48:26.734,1.35552,1.35575,1.50,3.53
2011.02.25 14:48:27.152,1.35547,1.35572,1.50,4.17
2011.02.25 14:48:27.487,1.35548,1.35573,1.50,1.95
2011.02.25 14:48:28.200,1.35548,1.35573,1.50,1.20
2011.02.25 14:48:29.263,1.35548,1.35573,1.50,1.20
2011.02.25 14:48:29.371,1.35551,1.35575,1.50,4.73
2011.02.25 14:48:30.315,1.35552,1.35578,1.50,1.39
2011.02.25 14:48:30.894,1.35545,1.35574,1.50,1.20
2011.02.25 14:48:31.113,1.35545,1.35571,3.00,1.69
2011.02.25 14:48:31.662,1.35546,1.3557,1.50,5.82
2011.02.25 14:48:31.993,1.35546,1.3557,1.69,2.85
2011.02.25 14:48:32.103,1.35549,1.3557,1.50,2.40
2011.02.25 14:48:32.211,1.35549,1.35575,1.50,1.20
2011.02.25 14:48:32.323,1.35549,1.35574,1.50,1.20
2011.02.25 14:48:32.432,1.35549,1.35571,1.50,3.72
2011.02.25 14:48:32.542,1.35548,1.35569,1.50,3.23
2011.02.25 14:48:33.166,1.35535,1.35565,3.34,3.23
2011.02.25 14:48:33.278,1.35541,1.35565,3.34,1.20
2011.02.25 14:48:33.500,1.35541,1.35565,1.69,3.98
2011.02.25 14:48:34.021,1.35541,1.35564,1.69,1.20
2011.02.25 14:48:34.350,1.3554,1.35562,1.69,1.20
2011.02.25 14:48:34.462,1.35536,1.35561,1.50,3.98
2011.02.25 14:48:34.571,1.35529,1.35555,1.50,1.20
2011.02.25 14:48:35.012,1.35539,1.35558,1.50,2.78
2011.02.25 14:48:35.452,1.35546,1.3557,1.50,1.39
2011.02.25 14:48:35.671,1.35542,1.35565,1.50,1.65
2011.02.25 14:48:36.185,1.35543,1.35571,1.50,1.20
2011.02.25 14:48:36.522,1.35543,1.35573,1.50,1.39
2011.02.25 14:48:36.741,1.35543,1.3557,1.50,2.40
2011.02.25 14:48:37.070,1.35543,1.3557,1.50,1.65
2011.02.25 14:48:37.620,1.35543,1.35574,1.50,1.39
2011.02.25 14:48:37.840,1.35545,1.35573,1.50,3.64
2011.02.25 14:48:38.215,1.35545,1.35572,1.50,1.39
2011.02.25 14:48:38.550,1.35542,1.35567,1.50,1.20
2011.02.25 14:48:39.100,1.35542,1.35566,1.50,1.20
2011.02.25 14:48:39.430,1.35538,1.35565,1.50,1.20
2011.02.25 14:48:40.091,1.35538,1.35564,1.50,1.39
2011.02.25 14:48:40.581,1.35538,1.35565,1.50,2.85
2011.02.25 14:48:41.142,1.35538,1.35565,1.50,2.14
2011.02.25 14:48:41.583,1.35541,1.35569,1.50,1.95
2011.02.25 14:48:41.692,1.35543,1.35569,1.50,1.95
2011.02.25 14:48:42.241,1.35543,1.35567,1.50,1.20
2011.02.25 14:48:42.790,1.35547,1.3557,1.50,3.53
2011.02.25 14:48:43.121,1.35547,1.3557,1.50,2.78
2011.02.25 14:48:43.932,1.35548,1.35572,2.40,1.20
2011.02.25 14:48:44.439,1.3555,1.35576,1.50,1.20
2011.02.25 14:48:44.664,1.35547,1.35571,1.50,1.20
2011.02.25 14:48:44.892,1.35544,1.35564,3.53,1.20
2011.02.25 14:48:45.222,1.35542,1.35567,1.50,2.78
2011.02.25 14:48:46.786,1.35542,1.35569,1.50,1.20
2011.02.25 14:48:47.683,1.35546,1.35569,3.53,1.20
2011.02.25 14:48:48.372,1.35542,1.35569,4.28,1.20
2011.02.25 14:48:49.562,1.35546,1.35571,3.53,1.20
2011.02.25 14:48:49.780,1.35546,1.35572,4.28,1.20
2011.02.25 14:48:50.111,1.35546,1.35576,1.50,2.70
2011.02.25 14:48:50.222,1.3555,1.35576,1.50,1.20
2011.02.25 14:48:50.770,1.3555,1.35576,1.50,1.20
2011.02.25 14:48:51.101,1.3555,1.35576,1.50,1.20
2011.02.25 14:48:51.760,1.3555,1.35576,1.50,1.20
2011.02.25 14:48:52.530,1.3555,1.35576,1.50,2.70
2011.02.25 14:48:53.088,1.3555,1.35576,1.50,2.70
2011.02.25 14:48:53.201,1.3555,1.35576,1.50,2.70
2011.02.25 14:48:53.919,1.35549,1.35576,1.50,2.78
2011.02.25 14:48:54.034,1.35545,1.35571,1.50,1.20
2011.02.25 14:48:54.580,1.35542,1.35567,4.28,1.20
2011.02.25 14:48:55.190,1.35542,1.35568,1.50,1.20
2011.02.25 14:48:55.739,1.35543,1.35568,2.78,1.20
2011.02.25 14:48:57.951,1.35543,1.35567,3.53,1.20
2011.02.25 14:48:58.391,1.35543,1.35567,3.53,1.20
2011.02.25 14:48:58.721,1.35543,1.35569,3.53,1.95
2011.02.25 14:48:59.053,1.35546,1.3557,1.50,1.20
2011.02.25 14:48:59.774,1.35543,1.35572,1.50,1.20
2011.02.25 14:49:00.331,1.3555,1.35571,1.50,1.20
2011.02.25 14:49:00.664,1.35545,1.3557,1.50,1.69
2011.02.25 14:49:00.883,1.35542,1.35565,1.50,2.59
2011.02.25 14:49:01.210,1.35542,1.35566,1.50,1.39
2011.02.25 14:49:01.721,1.35542,1.35567,1.50,1.20
2011.02.25 14:49:02.052,1.35542,1.35564,1.50,1.65
2011.02.25 14:49:02.630,1.35542,1.35564,1.50,1.84
2011.02.25 14:49:03.332,1.35542,1.35567,1.50,1.20
2011.02.25 14:49:03.881,1.35542,1.35568,1.50,1.95
2011.02.25 14:49:04.761,1.35542,1.35567,1.50,1.20
2011.02.25 14:49:05.720,1.35542,1.35567,1.50,1.20
2011.02.25 14:49:07.161,1.35542,1.35568,1.50,1.20
2011.02.25 14:49:07.270,1.35546,1.3557,1.50,1.95
2011.02.25 14:49:07.381,1.35546,1.3557,1.50,1.20
2011.02.25 14:49:08.042,1.35546,1.3557,1.50,1.20
2011.02.25 14:49:08.591,1.35546,1.3557,1.50,1.20
2011.02.25 14:49:09.170,1.35546,1.3557,1.50,1.20
2011.02.25 14:49:09.504,1.35546,1.3557,1.50,1.20
2011.02.25 14:49:09.831,1.35546,1.3557,1.50,1.20
2011.02.25 14:49:10.162,1.35548,1.35573,1.50,1.65
2011.02.25 14:49:10.271,1.35548,1.35573,1.50,2.25
2011.02.25 14:49:10.495,1.35543,1.35566,1.50,2.59
2011.02.25 14:49:10.831,1.35543,1.35567,1.50,1.50
2011.02.25 14:49:11.271,1.35544,1.35568,1.50,1.20
2011.02.25 14:49:12.531,1.35544,1.35568,1.50,1.20
2011.02.25 14:49:13.310,1.35542,1.35568,1.50,1.20
2011.02.25 14:49:13.535,1.35541,1.35564,4.28,1.20
2011.02.25 14:49:13.765,1.3554,1.35566,1.69,1.20
2011.02.25 14:49:14.234,1.3554,1.35566,1.69,1.95
2011.02.25 14:49:14.354,1.3554,1.35565,1.69,1.20
2011.02.25 14:49:14.918,1.35543,1.35566,3.53,1.95
2011.02.25 14:49:16.042,1.3554,1.35566,1.69,1.20
2011.02.25 14:49:16.155,1.35546,1.35569,1.50,1.50
2011.02.25 14:49:16.274,1.35546,1.35572,1.50,1.20
2011.02.25 14:49:16.492,1.35546,1.35572,1.50,2.70
2011.02.25 14:49:17.522,1.3555,1.35574,1.69,2.25
2011.02.25 14:49:17.631,1.3555,1.35576,3.34,1.20
2011.02.25 14:49:17.742,1.3555,1.35576,3.15,1.39
2011.02.25 14:49:18.071,1.3555,1.35575,1.50,3.53
2011.02.25 14:49:18.291,1.3555,1.35576,1.50,3.98
2011.02.25 14:49:20.971,1.35549,1.35576,4.09,1.20
2011.02.25 14:49:21.740,1.35546,1.35572,1.50,3.98
2011.02.25 14:49:21.960,1.35546,1.35572,1.50,1.20
2011.02.25 14:49:23.203,1.35542,1.35562,1.50,1.20
2011.02.25 14:49:23.312,1.35536,1.35562,1.50,1.20
2011.02.25 14:49:23.737,1.35543,1.35567,1.50,1.20
2011.02.25 14:49:24.072,1.35543,1.35567,1.50,1.20
2011.02.25 14:49:24.180,1.35543,1.35567,1.50,1.20
2011.02.25 14:49:24.400,1.35543,1.35567,1.50,1.20
2011.02.25 14:49:24.731,1.35543,1.35566,1.50,1.69
2011.02.25 14:49:24.843,1.35542,1.35562,1.50,1.69
2011.02.25 14:49:24.950,1.35535,1.35561,4.28,1.39
2011.02.25 14:49:25.173,1.35535,1.35562,3.00,2.14
2011.02.25 14:49:25.281,1.35535,1.35563,1.50,3.42
2011.02.25 14:49:25.393,1.35537,1.35566,1.50,1.20
2011.02.25 14:49:25.612,1.35544,1.35565,1.50,3.53
2011.02.25 14:49:25.721,1.35544,1.35568,1.50,1.20
2011.02.25 14:49:25.941,1.35544,1.35569,1.50,1.20
2011.02.25 14:49:26.270,1.35545,1.35571,1.50,1.20
2011.02.25 14:49:26.710,1.35545,1.3557,1.50,3.98
2011.02.25 14:49:27.040,1.35545,1.35568,1.50,3.23
2011.02.25 14:49:27.551,1.35545,1.35568,1.50,3.23
2011.02.25 14:49:28.111,1.35545,1.3557,1.50,1.20
2011.02.25 14:49:28.700,1.35545,1.35571,1.50,1.95
2011.02.25 14:49:29.031,1.35545,1.35571,1.69,1.20
2011.02.25 14:49:29.580,1.35545,1.35571,1.69,1.20
2011.02.25 14:49:29.690,1.35545,1.35572,1.69,1.20
2011.02.25 14:49:31.471,1.35547,1.35572,1.50,1.20
2011.02.25 14:49:31.690,1.35547,1.35572,1.50,1.20
2011.02.25 14:49:33.461,1.35547,1.35572,1.50,1.20
2011.02.25 14:49:33.661,1.35547,1.35572,1.50,1.20
2011.02.25 14:49:34.229,1.35546,1.35562,1.50,2.78
2011.02.25 14:49:34.343,1.3554,1.35564,1.50,1.20
2011.02.25 14:49:36.520,1.3554,1.35564,1.50,3.23
2011.02.25 14:49:36.742,1.35543,1.35567,1.50,1.50
2011.02.25 14:49:36.961,1.35543,1.35564,2.25,2.78
2011.02.25 14:49:37.182,1.35543,1.3557,1.50,1.20
2011.02.25 14:49:37.401,1.35545,1.35569,1.50,1.20
2011.02.25 14:49:37.732,1.35545,1.35564,1.50,3.53
2011.02.25 14:49:38.062,1.35544,1.3557,1.50,3.23
2011.02.25 14:49:39.093,1.35544,1.35569,1.50,1.20
2011.02.25 14:49:39.531,1.35545,1.35568,1.50,2.78
2011.02.25 14:49:39.862,1.35552,1.35568,1.50,2.78
2011.02.25 14:49:40.191,1.35552,1.35571,1.50,2.78
2011.02.25 14:49:40.302,1.35548,1.35574,1.50,1.20
2011.02.25 14:49:40.521,1.35546,1.35574,4.28,1.39
2011.02.25 14:49:40.742,1.35546,1.35567,2.78,1.20
2011.02.25 14:49:40.851,1.35542,1.35567,3.53,1.20
2011.02.25 14:49:40.962,1.35539,1.35568,1.69,1.95
2011.02.25 14:49:41.776,1.3554,1.35567,1.69,1.20
2011.02.25 14:49:43.370,1.35546,1.35572,1.69,1.20
2011.02.25 14:49:43.592,1.35551,1.35575,1.69,5.48
2011.02.25 14:49:43.700,1.35554,1.35575,1.69,2.25
2011.02.25 14:49:44.143,1.35554,1.35578,1.50,1.20
2011.02.25 14:49:44.361,1.35554,1.35579,1.50,3.23
2011.02.25 14:49:44.475,1.3556,1.35583,1.50,2.25
2011.02.25 14:49:44.590,1.3556,1.35583,1.50,2.25
2011.02.25 14:49:44.921,1.3556,1.35583,1.50,2.25
2011.02.25 14:49:45.253,1.35559,1.35584,1.50,3.98
2011.02.25 14:49:45.801,1.35558,1.35581,1.50,2.40
2011.02.25 14:49:46.431,1.35558,1.35581,1.50,2.40
2011.02.25 14:49:47.152,1.35558,1.35581,2.25,2.40
2011.02.25 14:49:47.750,1.35559,1.35581,1.50,2.40
2011.02.25 14:49:48.924,1.35554,1.35578,1.50,1.69
2011.02.25 14:49:49.152,1.35552,1.35571,2.25,2.40
2011.02.25 14:49:49.262,1.35552,1.35571,1.50,2.40
2011.02.25 14:49:49.811,1.3555,1.35577,1.50,2.40
2011.02.25 14:49:50.030,1.3555,1.35576,1.50,2.25
2011.02.25 14:49:50.580,1.3555,1.35575,1.50,3.53
2011.02.25 14:49:51.284,1.3555,1.35573,1.50,2.25
2011.02.25 14:49:51.612,1.3555,1.35576,1.69,2.78
2011.02.25 14:49:51.832,1.35552,1.35578,1.50,1.20
2011.02.25 14:49:52.410,1.35553,1.35576,1.50,1.20
2011.02.25 14:49:52.961,1.3555,1.35575,2.25,3.53
2011.02.25 14:49:53.545,1.35552,1.35569,1.50,2.78
2011.02.25 14:49:53.665,1.35552,1.35571,1.50,2.78
2011.02.25 14:49:53.781,1.35551,1.35573,1.50,2.78
2011.02.25 14:49:54.560,1.35551,1.35576,1.50,1.20
2011.02.25 14:49:55.860,1.35551,1.35576,1.50,3.98
2011.02.25 14:49:56.192,1.35551,1.3557,1.50,3.53
2011.02.25 14:49:56.741,1.35548,1.3557,1.50,3.53
2011.02.25 14:49:57.280,1.35545,1.35569,2.44,3.53
2011.02.25 14:49:58.971,1.35542,1.35564,1.50,2.40
2011.02.25 14:49:59.520,1.35543,1.35569,1.50,5.48
2011.02.25 14:50:00.453,1.35547,1.35569,1.69,2.70
2011.02.25 14:50:00.782,1.35556,1.35576,1.50,3.53
2011.02.25 14:50:00.890,1.35556,1.35578,1.50,3.53
2011.02.25 14:50:01.732,1.35555,1.35577,1.50,3.53
2011.02.25 14:50:01.953,1.35554,1.35574,1.50,2.25
2011.02.25 14:50:02.531,1.35553,1.35575,1.50,3.53
2011.02.25 14:50:03.442,1.35552,1.35575,1.50,3.53
2011.02.25 14:50:03.773,1.35549,1.35572,1.50,5.03
2011.02.25 14:50:03.883,1.35549,1.35572,1.50,4.28
2011.02.25 14:50:04.973,1.35551,1.35574,1.50,2.25
2011.02.25 14:50:05.891,1.35551,1.35574,1.50,2.25
2011.02.25 14:50:06.113,1.35547,1.35571,1.50,2.78
2011.02.25 14:50:06.442,1.35546,1.3557,2.44,2.25
2011.02.25 14:50:06.771,1.35542,1.35568,1.50,5.67
2011.02.25 14:50:06.883,1.35541,1.35565,2.25,2.40
2011.02.25 14:50:07.100,1.35542,1.3557,1.50,6.68
2011.02.25 14:50:07.686,1.35539,1.35563,1.50,1.20
2011.02.25 14:50:07.911,1.35539,1.35563,1.50,1.20
2011.02.25 14:50:08.462,1.35539,1.35565,1.50,2.70
2011.02.25 14:50:08.794,1.35539,1.35565,1.50,1.95
2011.02.25 14:50:09.012,1.35539,1.35563,1.50,1.20
2011.02.25 14:50:09.340,1.35539,1.35563,1.50,1.20
2011.02.25 14:50:09.671,1.35539,1.35563,1.50,1.20
2011.02.25 14:50:10.490,1.35541,1.35567,1.50,1.95
2011.02.25 14:50:10.600,1.35541,1.35566,1.50,3.00
2011.02.25 14:50:11.151,1.35541,1.35567,1.50,1.20
2011.02.25 14:50:11.370,1.35541,1.35567,1.50,1.20
2011.02.25 14:50:11.841,1.35541,1.35567,1.50,1.20
2011.02.25 14:50:12.621,1.35541,1.35565,1.50,2.78
2011.02.25 14:50:12.731,1.35541,1.35568,1.50,3.98
2011.02.25 14:50:13.062,1.35545,1.35567,1.69,1.20
2011.02.25 14:50:13.391,1.35541,1.35569,1.69,2.70
2011.02.25 14:50:13.501,1.35541,1.35567,1.69,1.20
2011.02.25 14:50:13.937,1.35541,1.35567,2.07,1.20
2011.02.25 14:50:14.151,1.35546,1.35568,1.69,2.78
2011.02.25 14:50:14.371,1.35546,1.35568,1.50,3.53
2011.02.25 14:50:15.033,1.35543,1.35571,2.25,3.53
2011.02.25 14:50:15.141,1.35544,1.3557,1.50,2.40
2011.02.25 14:50:16.200,1.35544,1.35568,2.25,2.78
2011.02.25 14:50:16.421,1.35544,1.35568,1.50,3.53
2011.02.25 14:50:16.931,1.35544,1.35567,1.50,3.53
2011.02.25 14:50:17.261,1.35546,1.35567,1.50,2.78
2011.02.25 14:50:18.332,1.35548,1.35567,1.50,2.78
2011.02.25 14:50:18.441,1.35548,1.35573,1.50,2.78
2011.02.25 14:50:19.150,1.35548,1.35571,1.50,2.40
2011.02.25 14:50:19.267,1.35542,1.35569,2.25,3.53
2011.02.25 14:50:19.381,1.3554,1.35565,1.50,2.40
2011.02.25 14:50:19.822,1.35541,1.35566,1.50,1.20
2011.02.25 14:50:20.369,1.35541,1.35566,1.50,1.20
2011.02.25 14:50:21.830,1.35541,1.35568,1.50,1.95
2011.02.25 14:50:21.992,1.35541,1.35568,1.50,1.95
2011.02.25 14:50:22.431,1.35541,1.35568,1.50,1.95
2011.02.25 14:50:22.541,1.35541,1.35566,1.50,1.20
2011.02.25 14:50:22.763,1.35541,1.35566,1.50,1.39
2011.02.25 14:50:23.091,1.35541,1.35566,1.50,1.20
2011.02.25 14:50:23.314,1.35541,1.35566,1.50,1.20
2011.02.25 14:50:23.847,1.35541,1.35566,1.50,1.20
2011.02.25 14:50:25.970,1.35542,1.35564,1.50,2.40
2011.02.25 14:50:26.190,1.35539,1.35561,2.25,3.53
2011.02.25 14:50:26.411,1.35539,1.35563,2.25,6.30
2011.02.25 14:50:26.630,1.35539,1.35561,1.50,3.53
2011.02.25 14:50:27.071,1.35537,1.35561,1.50,3.53
2011.02.25 14:50:27.180,1.35536,1.35559,1.50,1.20
2011.02.25 14:50:27.290,1.35534,1.35559,1.50,1.20
2011.02.25 14:50:27.843,1.35532,1.35557,1.50,1.20
2011.02.25 14:50:27.951,1.35531,1.35557,1.50,1.20
2011.02.25 14:50:28.061,1.35532,1.35558,3.53,1.50
2011.02.25 14:50:28.170,1.35532,1.35559,3.53,1.20
2011.02.25 14:50:28.390,1.35534,1.3556,1.50,2.85
2011.02.25 14:50:28.990,1.35534,1.3556,1.50,2.85
2011.02.25 14:50:30.692,1.35533,1.3556,1.50,2.85
2011.02.25 14:50:31.025,1.35522,1.35547,1.50,1.20
2011.02.25 14:50:31.144,1.35528,1.35551,1.50,3.53
2011.02.25 14:50:31.472,1.35529,1.35558,1.50,3.53
2011.02.25 14:50:32.021,1.35534,1.35558,1.50,3.53
2011.02.25 14:50:32.571,1.35534,1.35557,1.50,1.50
2011.02.25 14:50:32.792,1.3553,1.35554,1.50,1.20
2011.02.25 14:50:33.120,1.3553,1.35551,1.50,2.40
2011.02.25 14:50:34.111,1.35525,1.35551,1.50,5.63
2011.02.25 14:50:34.502,1.35525,1.35551,1.50,5.63
2011.02.25 14:50:35.090,1.35525,1.35551,1.50,5.63
2011.02.25 14:50:35.532,1.35525,1.35551,2.44,3.23
2011.02.25 14:50:36.101,1.35531,1.35555,1.50,1.20
2011.02.25 14:50:36.540,1.35528,1.35552,1.69,1.20
2011.02.25 14:50:37.383,1.35528,1.35555,1.69,1.95
2011.02.25 14:50:39.751,1.35528,1.35555,1.69,1.95
2011.02.25 14:50:40.420,1.3553,1.35556,1.50,1.20
2011.02.25 14:50:40.532,1.35532,1.35556,1.69,1.20
2011.02.25 14:50:41.146,1.3553,1.35555,1.50,3.53
2011.02.25 14:50:41.480,1.3553,1.35556,1.50,3.98
2011.02.25 14:50:41.591,1.3553,1.35556,1.50,3.98
2011.02.25 14:50:42.182,1.35526,1.35552,1.69,1.20
2011.02.25 14:50:43.113,1.35526,1.35552,1.69,1.20
2011.02.25 14:50:43.370,1.35526,1.35552,1.69,1.20
2011.02.25 14:50:43.710,1.35526,1.35552,1.69,1.20
2011.02.25 14:50:44.341,1.35526,1.35545,1.69,1.50
2011.02.25 14:50:44.453,1.35526,1.35545,1.50,1.50
2011.02.25 14:50:44.562,1.35518,1.35544,4.28,1.20
2011.02.25 14:50:45.572,1.35518,1.35544,1.50,1.20
2011.02.25 14:50:45.791,1.35522,1.35547,1.50,1.20
2011.02.25 14:50:45.902,1.35525,1.35549,1.50,3.98
2011.02.25 14:50:46.011,1.35525,1.35549,1.50,3.98
2011.02.25 14:50:46.671,1.35524,1.35549,1.50,3.98
2011.02.25 14:50:46.890,1.35525,1.35549,1.50,3.98
2011.02.25 14:50:47.833,1.35525,1.35549,1.50,3.98
2011.02.25 14:50:49.192,1.3552,1.35547,2.59,1.20
2011.02.25 14:50:49.431,1.3552,1.35548,1.50,3.53
2011.02.25 14:50:50.023,1.3552,1.35544,1.50,1.20
2011.02.25 14:50:52.960,1.3552,1.35542,1.50,2.78
2011.02.25 14:50:53.293,1.35517,1.35542,1.50,2.78
2011.02.25 14:50:53.402,1.35517,1.3554,1.50,3.53
2011.02.25 14:50:53.952,1.35517,1.3554,1.50,2.78
2011.02.25 14:50:54.171,1.35517,1.35542,1.50,1.20
2011.02.25 14:50:54.501,1.3553,1.35544,1.69,3.98
2011.02.25 14:50:54.726,1.35527,1.35555,2.40,1.95
2011.02.25 14:50:55.246,1.35524,1.35549,2.25,1.20
2011.02.25 14:50:55.474,1.35524,1.35545,1.50,2.40
2011.02.25 14:50:56.020,1.35521,1.35545,1.50,2.40
2011.02.25 14:50:56.392,1.35527,1.35545,2.44,1.65
2011.02.25 14:50:56.503,1.35527,1.3555,2.44,1.20
2011.02.25 14:50:57.054,1.35526,1.35549,1.50,2.78
2011.02.25 14:50:57.163,1.35526,1.35547,1.50,2.78
2011.02.25 14:50:57.493,1.35526,1.35547,1.69,2.78
2011.02.25 14:50:57.712,1.35526,1.3555,1.69,2.78
2011.02.25 14:50:57.820,1.35526,1.35552,1.69,3.53
2011.02.25 14:50:58.040,1.35526,1.3555,1.69,2.78
2011.02.25 14:50:58.591,1.35526,1.35553,1.69,3.98
2011.02.25 14:50:59.030,1.35526,1.35554,1.69,1.20
2011.02.25 14:50:59.534,1.35528,1.35554,2.44,1.20
2011.02.25 14:50:59.642,1.35529,1.35554,1.50,1.95
2011.02.25 14:50:59.861,1.35529,1.35557,1.50,1.20
2011.02.25 14:51:00.231,1.35529,1.35557,1.50,1.20
2011.02.25 14:51:00.561,1.35529,1.35557,1.50,1.20
2011.02.25 14:51:01.120,1.35529,1.35557,1.50,1.20
2011.02.25 14:51:02.002,1.35537,1.35558,1.69,1.20
2011.02.25 14:51:02.222,1.35537,1.3556,1.69,1.20
2011.02.25 14:51:02.441,1.35537,1.3556,1.69,1.20
2011.02.25 14:51:02.771,1.35536,1.35558,1.50,3.53
2011.02.25 14:51:03.210,1.35536,1.35557,1.50,3.53
2011.02.25 14:51:03.541,1.35536,1.35558,1.50,3.53
2011.02.25 14:51:03.871,1.35536,1.35559,1.50,3.53
2011.02.25 14:51:05.092,1.35536,1.35556,1.50,3.53
2011.02.25 14:51:05.532,1.35532,1.35558,2.59,2.78
2011.02.25 14:51:05.752,1.35535,1.35559,1.69,1.20
2011.02.25 14:51:06.082,1.35535,1.35558,1.69,3.53
2011.02.25 14:51:06.726,1.35535,1.35556,1.69,3.53
2011.02.25 14:51:07.061,1.35532,1.35556,1.50,3.53
2011.02.25 14:51:07.171,1.35532,1.35551,1.50,2.78
2011.02.25 14:51:10.016,1.35535,1.35553,1.50,2.78
2011.02.25 14:51:10.132,1.35535,1.35556,1.50,3.53
2011.02.25 14:51:10.472,1.35535,1.35556,1.50,3.53
2011.02.25 14:51:10.802,1.3553,1.35556,1.69,1.20
2011.02.25 14:51:10.912,1.3553,1.35556,1.69,1.20
2011.02.25 14:51:11.132,1.35532,1.35558,1.50,3.53
2011.02.25 14:51:11.693,1.35534,1.35558,1.50,1.69
2011.02.25 14:51:11.913,1.35525,1.35548,1.50,2.78
2011.02.25 14:51:12.255,1.35524,1.35548,1.69,1.50
2011.02.25 14:51:12.592,1.3553,1.35556,1.50,3.53
2011.02.25 14:51:12.702,1.3553,1.35558,1.50,3.53
2011.02.25 14:51:13.254,1.35538,1.35559,1.50,3.53
2011.02.25 14:51:13.952,1.35538,1.35562,1.50,1.20
2011.02.25 14:51:14.062,1.35538,1.35562,1.50,1.20
2011.02.25 14:51:14.392,1.35542,1.35566,1.50,3.53
2011.02.25 14:51:14.613,1.35543,1.35569,1.50,5.18
2011.02.25 14:51:14.834,1.35539,1.35566,3.94,1.20
2011.02.25 14:51:15.383,1.3554,1.35562,1.50,3.53
2011.02.25 14:51:15.711,1.35537,1.35561,1.50,3.98
2011.02.25 14:51:15.821,1.35534,1.35561,1.50,1.20
2011.02.25 14:51:16.152,1.35535,1.35561,1.50,3.98
2011.02.25 14:51:16.371,1.35533,1.35557,1.50,1.20
2011.02.25 14:51:16.592,1.35533,1.35558,1.50,1.20
2011.02.25 14:51:16.813,1.35533,1.35557,1.50,1.20
2011.02.25 14:51:16.923,1.3553,1.35548,2.40,1.50
2011.02.25 14:51:17.034,1.3553,1.35548,2.59,1.20
2011.02.25 14:51:17.144,1.35535,1.35555,1.69,1.50
2011.02.25 14:51:17.471,1.35535,1.35559,1.69,1.20
2011.02.25 14:51:17.870,1.35531,1.35554,1.50,1.20
2011.02.25 14:51:17.983,1.35531,1.35559,1.50,1.20
2011.02.25 14:51:18.093,1.35538,1.35559,2.78,1.20
2011.02.25 14:51:18.205,1.35538,1.35563,3.53,1.20
2011.02.25 14:51:18.323,1.35543,1.35563,1.50,1.20
2011.02.25 14:51:18.651,1.35543,1.35569,1.50,3.53
2011.02.25 14:51:19.200,1.35543,1.35566,1.50,5.03
2011.02.25 14:51:19.533,1.35541,1.35566,4.28,4.35
2011.02.25 14:51:19.642,1.35541,1.35566,3.53,1.20
2011.02.25 14:51:19.974,1.35534,1.35559,2.78,1.20
2011.02.25 14:51:20.300,1.35531,1.35559,1.50,3.98
2011.02.25 14:51:20.744,1.35537,1.35561,1.50,2.40
2011.02.25 14:51:21.293,1.35538,1.35566,1.50,2.25
2011.02.25 14:51:21.814,1.35537,1.35564,1.50,5.03
2011.02.25 14:51:22.274,1.35542,1.35562,1.69,1.20
2011.02.25 14:51:22.494,1.35543,1.35566,1.65,1.20
2011.02.25 14:51:22.603,1.35543,1.35561,1.65,2.44
2011.02.25 14:51:22.712,1.35531,1.35556,1.50,1.50
2011.02.25 14:51:22.932,1.3553,1.35553,2.78,1.20
2011.02.25 14:51:23.264,1.35542,1.35559,1.69,1.50
2011.02.25 14:51:23.374,1.35542,1.35564,1.50,3.53
2011.02.25 14:51:23.485,1.35542,1.35564,2.40,3.53
2011.02.25 14:51:24.042,1.35538,1.35563,1.50,1.20
2011.02.25 14:51:24.153,1.35537,1.35563,1.50,1.20
2011.02.25 14:51:24.263,1.35533,1.35561,1.13,2.25
2011.02.25 14:51:24.701,1.3553,1.35557,1.50,2.25
2011.02.25 14:51:24.811,1.3553,1.35557,1.50,2.25
2011.02.25 14:51:25.140,1.35529,1.35555,1.50,1.20
2011.02.25 14:51:25.608,1.35529,1.35555,1.50,1.20
2011.02.25 14:51:25.728,1.35529,1.35555,1.50,1.20
2011.02.25 14:51:25.950,1.35529,1.35555,1.50,1.20
2011.02.25 14:51:26.502,1.35526,1.35551,1.50,1.20
2011.02.25 14:51:26.723,1.35526,1.3555,1.50,1.20
2011.02.25 14:51:27.270,1.35526,1.3555,1.50,1.20
2011.02.25 14:51:27.493,1.35538,1.35552,1.50,2.78
2011.02.25 14:51:27.603,1.35538,1.3556,1.50,3.53
2011.02.25 14:51:28.152,1.35537,1.35562,1.50,1.20
2011.02.25 14:51:28.262,1.35539,1.35563,1.69,1.20
2011.02.25 14:51:28.591,1.35545,1.35569,1.50,2.70
2011.02.25 14:51:29.111,1.35543,1.35568,1.50,2.40
2011.02.25 14:51:29.442,1.3554,1.35566,1.50,1.20
2011.02.25 14:51:29.992,1.35539,1.35565,2.25,1.69
2011.02.25 14:51:30.321,1.35536,1.35561,1.50,1.20
2011.02.25 14:51:30.541,1.35537,1.35561,1.50,1.20
2011.02.25 14:51:30.761,1.35537,1.35561,1.50,1.20
2011.02.25 14:51:31.641,1.35537,1.35561,1.50,1.20
2011.02.25 14:51:32.543,1.35532,1.35558,1.50,1.20
2011.02.25 14:51:33.053,1.35532,1.35558,1.50,1.20
2011.02.25 14:51:33.479,1.35532,1.35556,1.50,1.84
2011.02.25 14:51:33.589,1.35529,1.35558,1.50,1.20
2011.02.25 14:51:33.814,1.35532,1.35558,2.25,1.20
2011.02.25 14:51:34.690,1.35532,1.35553,2.25,1.50
2011.02.25 14:51:34.913,1.35533,1.35553,1.69,1.50
2011.02.25 14:51:35.021,1.35533,1.35556,1.69,2.25
2011.02.25 14:51:35.133,1.35534,1.35556,3.53,1.50
2011.02.25 14:51:35.904,1.35537,1.35556,1.50,2.25
2011.02.25 14:51:36.930,1.35534,1.35556,1.50,1.50
2011.02.25 14:51:37.546,1.35537,1.35563,1.50,1.20
2011.02.25 14:51:37.660,1.35538,1.35564,7.20,2.25
2011.02.25 14:51:37.997,1.35541,1.3557,1.50,2.44
2011.02.25 14:51:38.114,1.35539,1.35566,2.25,3.90
2011.02.25 14:51:38.342,1.35533,1.35558,3.53,1.20
2011.02.25 14:51:38.674,1.35533,1.35558,3.53,1.20
2011.02.25 14:51:39.004,1.35535,1.35557,1.50,1.20
2011.02.25 14:51:39.331,1.35534,1.35561,1.50,2.40
2011.02.25 14:51:39.664,1.35539,1.35562,1.50,1.20
2011.02.25 14:51:40.322,1.35538,1.35567,1.50,2.85
2011.02.25 14:51:40.924,1.35537,1.35561,3.53,1.20
2011.02.25 14:51:41.036,1.35534,1.35561,4.47,1.20
2011.02.25 14:51:41.152,1.35538,1.35564,1.50,1.20
2011.02.25 14:51:41.703,1.3554,1.35564,1.50,1.20
2011.02.25 14:51:41.812,1.35539,1.35564,1.50,1.20
2011.02.25 14:51:42.660,1.35539,1.35564,1.50,1.20
2011.02.25 14:51:43.253,1.3554,1.35567,1.50,1.95
2011.02.25 14:51:43.693,1.35539,1.35568,2.25,2.40
2011.02.25 14:51:43.914,1.3554,1.35568,1.50,2.40
2011.02.25 14:51:44.474,1.35539,1.3557,1.50,1.20
2011.02.25 14:51:44.805,1.35538,1.35554,2.78,1.20
2011.02.25 14:51:44.922,1.35531,1.35554,2.25,1.20
2011.02.25 14:51:45.322,1.3553,1.35554,4.28,1.20
2011.02.25 14:51:45.819,1.3553,1.35554,4.28,1.20
2011.02.25 14:51:46.152,1.3553,1.35554,1.50,1.20
2011.02.25 14:51:46.371,1.3553,1.35554,1.50,1.20
2011.02.25 14:51:47.362,1.3553,1.35554,1.50,1.20
2011.02.25 14:51:47.692,1.35539,1.35565,1.50,1.20
2011.02.25 14:51:47.802,1.35539,1.35565,1.50,1.20
2011.02.25 14:51:48.132,1.35535,1.35561,1.50,1.20
2011.02.25 14:51:48.352,1.35529,1.3556,4.28,1.20
2011.02.25 14:51:48.571,1.3553,1.35557,5.03,1.20
2011.02.25 14:51:48.901,1.3553,1.35555,4.28,2.40
2011.02.25 14:51:49.300,1.35529,1.35554,3.53,1.20
2011.02.25 14:51:49.415,1.35528,1.35554,4.28,1.20
2011.02.25 14:51:50.302,1.35528,1.35553,4.28,1.95
2011.02.25 14:51:50.632,1.35534,1.35559,3.53,1.20
2011.02.25 14:51:50.852,1.35536,1.35559,3.53,1.20
2011.02.25 14:51:52.501,1.35538,1.35559,2.78,1.20
2011.02.25 14:51:53.214,1.35533,1.35559,1.50,1.20
2011.02.25 14:51:56.581,1.35537,1.35559,3.53,1.20
2011.02.25 14:51:57.021,1.35537,1.35559,3.53,1.20
2011.02.25 14:51:58.131,1.35536,1.35555,2.78,1.20
2011.02.25 14:51:58.242,1.35532,1.35555,3.53,1.20
2011.02.25 14:51:58.783,1.35538,1.35558,1.50,1.69
2011.02.25 14:51:59.001,1.35533,1.35557,2.78,1.39
2011.02.25 14:51:59.221,1.35533,1.35557,3.53,1.39
2011.02.25 14:51:59.773,1.35531,1.35556,1.50,5.03
2011.02.25 14:52:01.582,1.35528,1.35552,1.50,1.20
2011.02.25 14:52:01.800,1.35528,1.35552,1.50,1.20
2011.02.25 14:52:02.242,1.35531,1.35552,1.32,1.20
2011.02.25 14:52:02.351,1.35531,1.35554,2.07,3.98
2011.02.25 14:52:02.572,1.35531,1.35557,1.50,1.20
2011.02.25 14:52:02.900,1.35531,1.35557,1.50,1.20
2011.02.25 14:52:03.348,1.35534,1.35559,1.69,1.20
2011.02.25 14:52:03.572,1.35536,1.35562,1.69,1.50
2011.02.25 14:52:03.682,1.35536,1.35564,1.69,1.20
2011.02.25 14:52:03.901,1.35535,1.35564,2.07,1.20
2011.02.25 14:52:04.122,1.35536,1.35564,1.69,1.20
2011.02.25 14:52:04.451,1.35535,1.35562,1.69,1.20
2011.02.25 14:52:04.561,1.35535,1.35562,1.69,1.20
2011.02.25 14:52:05.473,1.35535,1.35563,1.69,1.95
2011.02.25 14:52:05.583,1.35535,1.3556,1.50,2.78
2011.02.25 14:52:05.692,1.35535,1.35562,1.69,1.95
2011.02.25 14:52:05.803,1.35535,1.35561,1.69,2.40
2011.02.25 14:52:06.022,1.35531,1.35554,1.65,1.20
2011.02.25 14:52:06.351,1.35528,1.35554,1.50,1.20
2011.02.25 14:52:06.571,1.35528,1.35554,1.50,1.20
2011.02.25 14:52:07.014,1.35532,1.35554,1.69,1.20
2011.02.25 14:52:07.711,1.35533,1.35556,1.88,1.50
2011.02.25 14:52:07.822,1.35533,1.3556,3.53,1.20
2011.02.25 14:52:08.371,1.35533,1.35557,1.50,1.20
2011.02.25 14:52:08.931,1.35533,1.35558,1.50,1.20
2011.02.25 14:52:09.153,1.35533,1.35557,1.50,1.20
2011.02.25 14:52:09.593,1.35531,1.35557,1.13,3.98
2011.02.25 14:52:09.923,1.35536,1.35559,1.50,3.53
2011.02.25 14:52:10.151,1.35536,1.35563,1.50,3.98
2011.02.25 14:52:10.600,1.35536,1.35561,1.50,3.53
2011.02.25 14:52:11.510,1.35537,1.35563,1.50,1.20
2011.02.25 14:52:13.631,1.35536,1.35563,2.25,1.20
2011.02.25 14:52:14.022,1.35536,1.3556,1.50,2.40
2011.02.25 14:52:14.350,1.35536,1.3556,2.25,2.40
2011.02.25 14:52:15.062,1.35536,1.3556,1.50,2.40
2011.02.25 14:52:15.171,1.35531,1.35559,2.25,1.20
2011.02.25 14:52:15.281,1.35531,1.35556,1.50,3.53
2011.02.25 14:52:15.832,1.3553,1.35554,1.50,2.40
2011.02.25 14:52:16.381,1.35533,1.35554,2.25,2.40
2011.02.25 14:52:16.913,1.35534,1.35554,1.50,2.40
2011.02.25 14:52:17.352,1.35533,1.35548,1.50,1.65
2011.02.25 14:52:17.461,1.35529,1.35548,1.50,2.40
2011.02.25 14:52:18.121,1.35529,1.35548,1.50,2.40
2011.02.25 14:52:18.231,1.35521,1.35546,1.50,1.20
2011.02.25 14:52:18.563,1.35522,1.35546,1.50,1.20
2011.02.25 14:52:18.955,1.35526,1.3555,1.50,1.39
2011.02.25 14:52:19.295,1.35526,1.35539,1.50,1.65
2011.02.25 14:52:19.525,1.35527,1.35551,1.50,1.20
2011.02.25 14:52:19.861,1.35529,1.35554,1.50,3.72
2011.02.25 14:52:20.632,1.35525,1.35549,1.50,2.40
2011.02.25 14:52:20.851,1.35526,1.35554,1.50,1.20
2011.02.25 14:52:21.073,1.35526,1.35554,1.50,1.20
2011.02.25 14:52:21.403,1.3553,1.35555,1.50,3.53
2011.02.25 14:52:23.100,1.35529,1.35554,1.50,1.20
2011.02.25 14:52:23.211,1.35525,1.35554,2.25,1.20
2011.02.25 14:52:23.433,1.35525,1.35554,1.50,1.20
2011.02.25 14:52:23.974,1.35525,1.35551,2.25,2.40
2011.02.25 14:52:24.522,1.35525,1.35545,1.50,2.40
2011.02.25 14:52:24.741,1.35525,1.35545,2.25,2.40
2011.02.25 14:52:24.962,1.35527,1.35545,1.50,1.65
2011.02.25 14:52:25.071,1.35527,1.35548,1.50,2.78
2011.02.25 14:52:25.182,1.35527,1.35554,1.50,1.20
2011.02.25 14:52:25.291,1.35525,1.3555,1.50,2.40
2011.02.25 14:52:25.511,1.35527,1.3555,1.50,2.40
2011.02.25 14:52:25.732,1.35527,1.3555,1.50,2.10
2011.02.25 14:52:25.951,1.35526,1.3555,1.50,1.20
2011.02.25 14:52:26.280,1.35527,1.35549,1.50,2.40
2011.02.25 14:52:26.751,1.35527,1.35549,1.50,1.65
2011.02.25 14:52:27.165,1.35526,1.3555,1.50,1.20
2011.02.25 14:52:27.951,1.35523,1.35548,1.50,3.53
2011.02.25 14:52:29.221,1.35523,1.3555,1.50,3.98
2011.02.25 14:52:29.660,1.35523,1.3555,1.50,2.85
2011.02.25 14:52:31.262,1.35523,1.3555,1.50,5.63
2011.02.25 14:52:32.252,1.35523,1.35551,1.50,1.20
2011.02.25 14:52:32.471,1.35523,1.3555,1.50,1.20
2011.02.25 14:52:34.401,1.35522,1.3555,5.03,1.20
2011.02.25 14:52:34.731,1.35523,1.3555,1.50,2.85
2011.02.25 14:52:35.330,1.35521,1.35545,1.50,1.20
2011.02.25 14:52:35.661,1.35521,1.35545,1.50,1.20
2011.02.25 14:52:37.071,1.35517,1.35543,1.69,1.20
2011.02.25 14:52:37.402,1.35515,1.35539,1.50,1.20
2011.02.25 14:52:37.621,1.35513,1.35539,2.25,1.20
2011.02.25 14:52:38.887,1.35515,1.35539,1.50,1.20
2011.02.25 14:52:39.112,1.35514,1.35539,1.50,3.04
2011.02.25 14:52:39.661,1.35513,1.35539,2.25,3.04
2011.02.25 14:52:40.210,1.35515,1.35539,1.50,3.04
2011.02.25 14:52:40.770,1.35514,1.35539,1.50,3.04
2011.02.25 14:52:40.991,1.35513,1.35539,2.25,3.04
2011.02.25 14:52:41.213,1.35514,1.35539,3.53,2.85
2011.02.25 14:52:41.544,1.35503,1.35519,1.50,2.10
2011.02.25 14:52:41.652,1.35501,1.35519,1.50,1.65
2011.02.25 14:52:41.764,1.35501,1.35519,4.28,1.65
2011.02.25 14:52:41.873,1.35503,1.35525,3.53,1.20
2011.02.25 14:52:41.984,1.35505,1.35529,3.53,2.10
2011.02.25 14:52:42.314,1.35507,1.35533,1.69,1.20
2011.02.25 14:52:43.053,1.35512,1.35537,1.50,1.20
2011.02.25 14:52:43.382,1.35511,1.35535,1.50,3.72
2011.02.25 14:52:43.820,1.3551,1.35533,1.50,2.59
2011.02.25 14:52:43.931,1.35512,1.35533,1.50,2.59
2011.02.25 14:52:44.861,1.35512,1.35537,1.50,3.98
2011.02.25 14:52:45.193,1.35503,1.35528,1.69,3.53
2011.02.25 14:52:46.073,1.3551,1.35535,1.50,1.20
2011.02.25 14:52:46.292,1.3551,1.35534,1.50,1.20
2011.02.25 14:52:46.731,1.35507,1.35537,1.50,3.53
2011.02.25 14:52:46.952,1.35503,1.35532,3.53,1.20
2011.02.25 14:52:48.011,1.35499,1.35526,1.50,1.95
2011.02.25 14:52:48.891,1.35499,1.35524,1.50,1.20
2011.02.25 14:52:49.442,1.35499,1.35524,1.50,1.20
2011.02.25 14:52:49.772,1.35502,1.35526,1.69,1.20
2011.02.25 14:52:50.212,1.35499,1.35524,1.50,1.20
2011.02.25 14:52:50.433,1.35499,1.35526,1.50,1.39
2011.02.25 14:52:50.943,1.35503,1.3553,1.50,3.98
2011.02.25 14:52:51.513,1.35503,1.35527,1.50,1.20
2011.02.25 14:52:51.621,1.355,1.35526,1.50,2.85
2011.02.25 14:52:52.063,1.35498,1.35525,4.28,1.20
2011.02.25 14:52:52.171,1.35498,1.35525,1.50,1.20
2011.02.25 14:52:55.463,1.355,1.35528,1.50,1.95
2011.02.25 14:52:56.921,1.35502,1.35528,1.69,1.20
2011.02.25 14:52:57.250,1.35502,1.35528,1.69,1.20
2011.02.25 14:52:57.691,1.35506,1.3553,1.69,1.20
2011.02.25 14:52:59.213,1.35506,1.35532,1.69,1.20
2011.02.25 14:53:00.011,1.35505,1.3553,1.50,1.39
2011.02.25 14:53:00.233,1.35501,1.35525,1.50,2.40
2011.02.25 14:53:00.457,1.35495,1.35521,1.50,1.20
2011.02.25 14:53:00.797,1.35497,1.35528,1.50,2.85
2011.02.25 14:53:01.241,1.35497,1.35528,1.69,1.20
2011.02.25 14:53:01.792,1.35502,1.35528,1.50,3.23
2011.02.25 14:53:02.013,1.35502,1.35526,1.50,1.20
2011.02.25 14:53:02.839,1.35499,1.35524,1.50,1.20
2011.02.25 14:53:03.392,1.35497,1.35523,1.50,2.85
2011.02.25 14:53:05.540,1.35497,1.35523,1.50,1.20
2011.02.25 14:53:06.332,1.35497,1.35522,1.50,3.42
2011.02.25 14:53:06.552,1.35497,1.35518,1.50,1.65
2011.02.25 14:53:07.102,1.35493,1.35518,1.50,2.10
2011.02.25 14:53:07.541,1.35493,1.35519,1.50,1.20
2011.02.25 14:53:08.892,1.35493,1.35519,1.50,1.39
2011.02.25 14:53:09.004,1.35493,1.35519,1.50,1.20
2011.02.25 14:53:09.224,1.35493,1.35516,1.50,1.65
2011.02.25 14:53:09.552,1.35496,1.35522,1.50,1.20
2011.02.25 14:53:10.103,1.35491,1.35522,1.69,1.20
2011.02.25 14:53:10.321,1.35491,1.35521,1.69,1.20
2011.02.25 14:53:10.433,1.35491,1.35515,1.50,2.85
2011.02.25 14:53:10.762,1.35491,1.35515,1.50,1.20
2011.02.25 14:53:11.095,1.355,1.35524,1.69,2.78
2011.02.25 14:53:11.213,1.355,1.35526,1.69,1.20
2011.02.25 14:53:11.324,1.355,1.35526,1.50,1.20
2011.02.25 14:53:11.432,1.35495,1.35525,1.50,1.95
2011.02.25 14:53:11.970,1.35494,1.35519,1.50,1.20
2011.02.25 14:53:12.520,1.35494,1.35519,1.50,1.20
2011.02.25 14:53:13.742,1.35491,1.35519,1.50,1.20
2011.02.25 14:53:13.961,1.35491,1.35519,1.50,1.20
2011.02.25 14:53:14.634,1.35491,1.35516,1.50,1.20
2011.02.25 14:53:14.746,1.35486,1.35514,1.50,1.20
2011.02.25 14:53:17.442,1.3549,1.35514,1.50,1.20
2011.02.25 14:53:19.842,1.3549,1.35516,1.50,1.20
2011.02.25 14:53:22.292,1.35493,1.3552,1.50,1.20
2011.02.25 14:53:22.401,1.35493,1.35519,1.50,1.20
2011.02.25 14:53:22.734,1.35493,1.35519,1.50,2.10
2011.02.25 14:53:22.954,1.35493,1.3552,1.50,1.20
2011.02.25 14:53:23.503,1.35496,1.35523,1.50,1.20
2011.02.25 14:53:23.722,1.35493,1.3552,1.50,1.20
2011.02.25 14:53:23.831,1.35493,1.35515,1.50,1.20
2011.02.25 14:53:24.259,1.35481,1.35506,1.50,2.10
2011.02.25 14:53:24.592,1.35478,1.35505,1.50,2.10
2011.02.25 14:53:24.922,1.35476,1.35504,1.50,2.25
2011.02.25 14:53:25.032,1.35476,1.35503,1.50,1.20
2011.02.25 14:53:26.242,1.35479,1.35505,1.50,2.85
2011.02.25 14:53:28.671,1.35479,1.35505,1.50,2.85
2011.02.25 14:53:29.973,1.35483,1.35505,1.50,1.65
2011.02.25 14:53:30.084,1.35483,1.35511,1.50,1.20
2011.02.25 14:53:30.300,1.35484,1.35515,1.50,4.35
2011.02.25 14:53:30.410,1.35484,1.35515,1.50,5.10
2011.02.25 14:53:30.851,1.35484,1.35513,1.50,1.95
2011.02.25 14:53:31.182,1.35484,1.35511,1.50,1.20
2011.02.25 14:53:31.511,1.35484,1.35511,1.50,1.20
2011.02.25 14:53:31.844,1.35484,1.35511,1.50,2.85
2011.02.25 14:53:31.963,1.35484,1.35507,1.50,1.50
2011.02.25 14:53:32.294,1.35475,1.35503,1.50,1.20
2011.02.25 14:53:32.621,1.35476,1.35501,1.50,1.20
2011.02.25 14:53:33.129,1.35468,1.35501,1.50,1.39
2011.02.25 14:53:33.246,1.35477,1.35505,1.50,1.20
2011.02.25 14:53:33.474,1.35477,1.35504,1.50,1.95
2011.02.25 14:53:33.693,1.35473,1.35501,1.50,1.50
2011.02.25 14:53:34.022,1.35473,1.355,1.50,1.20
2011.02.25 14:53:34.794,1.35476,1.35504,1.50,1.20
2011.02.25 14:53:34.902,1.35476,1.35504,1.50,1.20
2011.02.25 14:53:35.013,1.35476,1.35504,1.69,1.20
2011.02.25 14:53:35.234,1.35477,1.35508,1.69,1.20
2011.02.25 14:53:35.455,1.35481,1.35508,1.50,1.20
2011.02.25 14:53:35.900,1.35481,1.35508,1.50,1.20
2011.02.25 14:53:36.472,1.35481,1.35505,1.50,1.20
2011.02.25 14:53:37.801,1.3548,1.35505,1.50,1.20
2011.02.25 14:53:38.241,1.35481,1.35506,1.50,1.20
2011.02.25 14:53:38.575,1.35485,1.3551,2.44,1.20
2011.02.25 14:53:38.693,1.35494,1.35518,1.50,2.85
2011.02.25 14:53:39.132,1.35492,1.35518,2.25,2.40
2011.02.25 14:53:39.462,1.35498,1.35522,1.50,1.20
2011.02.25 14:53:39.572,1.35498,1.35522,1.50,1.20
2011.02.25 14:53:40.121,1.35498,1.35522,1.50,1.20
2011.02.25 14:53:40.784,1.35494,1.35518,1.50,1.20
2011.02.25 14:53:40.892,1.35492,1.35518,1.50,1.20
2011.02.25 14:53:41.432,1.35491,1.35521,2.25,1.20
2011.02.25 14:53:42.201,1.35495,1.35521,1.50,1.20
2011.02.25 14:53:42.532,1.3549,1.35517,1.50,1.20
2011.02.25 14:53:42.972,1.35494,1.35521,1.50,1.20
2011.02.25 14:53:43.303,1.3549,1.35518,2.25,2.40
2011.02.25 14:53:43.411,1.35491,1.35518,1.50,2.40
2011.02.25 14:53:43.631,1.35491,1.35516,2.25,2.40
2011.02.25 14:53:44.730,1.35491,1.35516,2.25,2.40
2011.02.25 14:53:45.171,1.35491,1.35516,2.25,2.40
2011.02.25 14:53:46.301,1.35491,1.35516,2.25,2.40
2011.02.25 14:53:47.211,1.35491,1.35516,1.50,2.40
2011.02.25 14:53:48.212,1.35492,1.35516,1.50,2.40
2011.02.25 14:53:48.433,1.35492,1.35518,1.50,1.20
2011.02.25 14:53:48.652,1.35492,1.35515,1.50,1.65
2011.02.25 14:53:48.764,1.35491,1.35512,2.25,2.40
2011.02.25 14:53:48.983,1.35488,1.35512,1.50,2.40
2011.02.25 14:53:49.093,1.35486,1.35506,1.50,2.40
2011.02.25 14:53:49.202,1.35484,1.35506,1.50,2.40
2011.02.25 14:53:49.750,1.35485,1.35506,1.50,2.40
2011.02.25 14:53:50.944,1.35485,1.35506,1.50,2.40
2011.02.25 14:53:52.252,1.35485,1.35506,1.50,2.40
2011.02.25 14:53:55.893,1.35485,1.35506,1.50,2.40
2011.02.25 14:53:56.221,1.35481,1.35506,2.25,2.40
2011.02.25 14:53:56.527,1.35483,1.35506,1.50,2.40
2011.02.25 14:53:56.645,1.35485,1.3551,1.50,1.20
2011.02.25 14:53:56.981,1.35488,1.35513,1.50,1.20
2011.02.25 14:53:57.572,1.35485,1.3551,1.50,1.20
2011.02.25 14:53:58.122,1.35485,1.3551,1.50,1.20
2011.02.25 14:54:00.421,1.35485,1.35508,1.50,2.40
2011.02.25 14:54:00.864,1.35489,1.35509,1.50,2.59
2011.02.25 14:54:00.975,1.35489,1.35509,1.69,2.40
2011.02.25 14:54:01.195,1.35493,1.35521,1.50,1.20
2011.02.25 14:54:01.421,1.35493,1.35521,1.50,1.20
2011.02.25 14:54:01.641,1.3549,1.35515,2.25,1.20
2011.02.25 14:54:01.751,1.3549,1.35515,1.50,1.20
2011.02.25 14:54:05.807,1.3549,1.35515,1.50,1.20
2011.02.25 14:54:06.742,1.3549,1.35515,1.50,1.20
2011.02.25 14:54:06.851,1.35483,1.35509,1.50,1.20
2011.02.25 14:54:07.400,1.35483,1.35509,1.50,1.20
2011.02.25 14:54:08.171,1.35484,1.35509,1.50,1.20
2011.02.25 14:54:10.411,1.35485,1.35509,1.50,1.20
2011.02.25 14:54:10.854,1.35485,1.35509,1.50,1.20
2011.02.25 14:54:11.561,1.35485,1.35511,1.50,1.95
2011.02.25 14:54:13.487,1.35492,1.35514,1.69,1.20
2011.02.25 14:54:13.821,1.35494,1.35519,1.69,1.20
2011.02.25 14:54:14.372,1.35496,1.35522,1.69,1.20
2011.02.25 14:54:15.540,1.35497,1.35522,1.09,1.20
2011.02.25 14:54:15.871,1.35495,1.35522,1.69,1.20
2011.02.25 14:54:16.203,1.35484,1.35509,1.69,1.20
2011.02.25 14:54:16.420,1.35484,1.3551,2.44,1.20
2011.02.25 14:54:16.640,1.35484,1.35511,2.44,1.20
2011.02.25 14:54:17.551,1.35484,1.3551,1.50,1.20
2011.02.25 14:54:17.771,1.35484,1.3551,1.50,1.20
2011.02.25 14:54:18.101,1.35484,1.35511,1.50,1.20
2011.02.25 14:54:18.458,1.35482,1.35513,2.25,1.20
2011.02.25 14:54:18.579,1.35485,1.35509,1.50,1.20
2011.02.25 14:54:18.804,1.35485,1.35509,1.50,1.20
2011.02.25 14:54:19.133,1.35482,1.35509,1.50,1.20
2011.02.25 14:54:19.701,1.35482,1.35509,1.50,1.20
2011.02.25 14:54:20.254,1.35482,1.35509,1.50,1.20
2011.02.25 14:54:20.472,1.3548,1.35505,1.50,1.20
2011.02.25 14:54:20.586,1.35477,1.35504,2.25,1.20
2011.02.25 14:54:20.812,1.35477,1.35504,1.50,1.20
2011.02.25 14:54:21.253,1.35483,1.35506,1.50,1.20
2011.02.25 14:54:21.804,1.35482,1.35509,1.65,1.20
2011.02.25 14:54:22.022,1.35482,1.35509,1.65,1.20
2011.02.25 14:54:22.322,1.35482,1.35509,1.65,1.20
2011.02.25 14:54:22.542,1.35486,1.35509,1.50,1.20
2011.02.25 14:54:22.762,1.35486,1.35509,1.65,1.20
2011.02.25 14:54:23.276,1.35486,1.35513,1.65,1.20
2011.02.25 14:54:23.613,1.35486,1.35513,1.65,1.20
2011.02.25 14:54:23.832,1.35485,1.35513,2.40,1.20
2011.02.25 14:54:23.977,1.35485,1.35513,2.40,1.20
2011.02.25 14:54:24.530,1.35486,1.35513,1.65,1.20
2011.02.25 14:54:24.642,1.35486,1.35513,1.65,1.20
2011.02.25 14:54:24.752,1.35485,1.35514,2.40,1.95
2011.02.25 14:54:25.301,1.35485,1.35514,2.40,1.95
2011.02.25 14:54:25.693,1.35485,1.35513,1.65,1.20
2011.02.25 14:54:26.241,1.35485,1.35513,2.33,1.20
2011.02.25 14:54:26.681,1.35486,1.35513,1.65,1.20
2011.02.25 14:54:27.231,1.35486,1.35513,1.65,1.20
2011.02.25 14:54:27.691,1.35486,1.35513,1.65,1.20
2011.02.25 14:54:28.231,1.35486,1.35513,1.65,1.20
2011.02.25 14:54:28.841,1.35486,1.35514,1.65,1.95
2011.02.25 14:54:29.364,1.35486,1.35513,1.65,1.20
2011.02.25 14:54:29.611,1.35485,1.35513,2.40,1.20
2011.02.25 14:54:29.832,1.35486,1.35513,1.65,1.20
2011.02.25 14:54:30.382,1.35489,1.35514,1.65,1.95
2011.02.25 14:54:30.493,1.35489,1.35513,1.65,1.20
2011.02.25 14:54:30.712,1.35489,1.35513,1.65,1.20
2011.02.25 14:54:31.043,1.35489,1.35513,1.65,1.20
2011.02.25 14:54:31.613,1.355,1.35522,1.50,2.40
2011.02.25 14:54:32.173,1.35499,1.35524,1.50,1.20
2011.02.25 14:54:32.394,1.355,1.35524,1.50,1.20
2011.02.25 14:54:32.615,1.35499,1.35522,1.50,1.20
2011.02.25 14:54:32.723,1.35496,1.35522,1.50,1.20
2011.02.25 14:54:33.235,1.35499,1.35523,1.50,1.50
2011.02.25 14:54:34.211,1.35498,1.35525,1.50,1.20
2011.02.25 14:54:35.204,1.35491,1.35517,1.50,1.20
2011.02.25 14:54:35.980,1.35491,1.35517,2.25,1.20
2011.02.25 14:54:36.731,1.35491,1.35517,1.50,1.20
2011.02.25 14:54:38.161,1.35491,1.35517,2.25,1.20
2011.02.25 14:54:39.931,1.35491,1.35517,1.50,1.20
2011.02.25 14:54:40.042,1.35491,1.35515,1.50,2.40
2011.02.25 14:54:40.372,1.35492,1.35517,1.50,1.20
2011.02.25 14:54:40.922,1.35489,1.35513,1.50,1.20
2011.02.25 14:54:42.072,1.35487,1.35513,1.50,1.20
2011.02.25 14:54:42.620,1.35486,1.35513,2.25,1.20
2011.02.25 14:54:43.171,1.35486,1.35511,1.50,1.20
2011.02.25 14:54:43.795,1.35482,1.35505,1.50,1.20
2011.02.25 14:54:44.383,1.35479,1.35505,1.50,1.20
2011.02.25 14:54:44.718,1.35472,1.355,1.50,1.20
2011.02.25 14:54:45.054,1.35478,1.35504,2.40,1.20
2011.02.25 14:54:45.272,1.3548,1.35504,1.50,1.20
2011.02.25 14:54:45.494,1.35478,1.35497,1.50,1.20
2011.02.25 14:54:46.373,1.35476,1.35502,1.50,1.95
2011.02.25 14:54:46.482,1.35476,1.35503,1.50,1.20
2011.02.25 14:54:46.591,1.35475,1.35504,1.50,1.20
2011.02.25 14:54:47.142,1.35479,1.35505,1.50,1.20
2011.02.25 14:54:48.112,1.35479,1.35505,1.50,1.95
2011.02.25 14:54:48.591,1.35479,1.35504,1.50,1.20
2011.02.25 14:54:48.923,1.35482,1.35508,1.65,1.95
2011.02.25 14:54:49.032,1.35482,1.3551,1.65,1.20
2011.02.25 14:54:49.361,1.35483,1.35512,2.55,1.20
2011.02.25 14:54:49.581,1.35486,1.35511,1.50,1.95
2011.02.25 14:54:49.801,1.35483,1.3551,2.55,1.20
2011.02.25 14:54:50.350,1.35482,1.3551,1.65,1.20
2011.02.25 14:54:51.700,1.35482,1.35506,1.50,1.20
2011.02.25 14:54:52.140,1.35482,1.35506,1.65,1.20
2011.02.25 14:54:52.361,1.35482,1.35506,1.65,1.20
2011.02.25 14:54:52.581,1.35482,1.35506,1.65,1.20
2011.02.25 14:54:52.912,1.35477,1.35501,1.65,1.20
2011.02.25 14:54:53.321,1.35477,1.35505,1.65,1.20
2011.02.25 14:54:55.990,1.35481,1.35507,1.50,1.95
2011.02.25 14:54:56.211,1.35484,1.35507,1.50,1.50
2011.02.25 14:54:56.540,1.35484,1.35509,1.50,1.20
2011.02.25 14:54:58.332,1.35484,1.3551,1.50,1.20
2011.02.25 14:54:58.551,1.35478,1.35507,1.50,1.50
2011.02.25 14:54:58.661,1.35478,1.35502,1.50,1.50
2011.02.25 14:54:58.770,1.35472,1.35499,1.50,1.20
2011.02.25 14:54:59.356,1.35472,1.35499,1.65,1.20
2011.02.25 14:54:59.584,1.35478,1.35503,1.50,1.20
2011.02.25 14:54:59.805,1.35478,1.35504,1.50,1.20
2011.02.25 14:55:00.131,1.3547,1.35503,1.50,2.85
2011.02.25 14:55:00.241,1.35469,1.355,1.50,1.20
2011.02.25 14:55:00.573,1.35469,1.35497,1.50,1.20
2011.02.25 14:55:00.900,1.35468,1.35495,1.50,1.20
2011.02.25 14:55:02.503,1.35475,1.35502,1.65,1.20
2011.02.25 14:55:02.614,1.35484,1.35508,1.50,1.20
2011.02.25 14:55:02.831,1.35484,1.35505,1.50,2.40
2011.02.25 14:55:03.162,1.3547,1.35497,3.15,1.20
2011.02.25 14:55:03.590,1.3547,1.35501,1.50,1.20
2011.02.25 14:55:03.813,1.35472,1.35501,1.50,1.20
2011.02.25 14:55:03.924,1.35473,1.355,1.50,1.20
2011.02.25 14:55:04.251,1.3547,1.35496,1.50,1.20
2011.02.25 14:55:04.691,1.3547,1.35496,1.50,1.20
2011.02.25 14:55:04.801,1.3547,1.35494,1.50,1.20
2011.02.25 14:55:04.911,1.35464,1.35492,1.50,1.20
2011.02.25 14:55:05.461,1.35464,1.35491,1.50,1.20
2011.02.25 14:55:05.680,1.35464,1.35491,1.50,2.10
2011.02.25 14:55:06.920,1.35464,1.35491,1.50,1.20
2011.02.25 14:55:07.251,1.35464,1.3549,1.50,1.20
2011.02.25 14:55:07.581,1.35464,1.35491,1.50,2.85
2011.02.25 14:55:07.800,1.35464,1.35491,1.50,2.85
2011.02.25 14:55:08.351,1.35459,1.3549,1.65,1.20
2011.02.25 14:55:08.683,1.35466,1.35491,1.50,1.50
2011.02.25 14:55:09.115,1.35471,1.35495,1.50,1.20
2011.02.25 14:55:09.453,1.3547,1.35498,1.50,2.40
2011.02.25 14:55:09.782,1.35476,1.35499,1.50,1.20
2011.02.25 14:55:09.891,1.35476,1.35499,1.50,1.20
2011.02.25 14:55:10.221,1.35476,1.35499,1.50,1.20
2011.02.25 14:55:10.442,1.35476,1.35499,1.50,1.20
2011.02.25 14:55:10.866,1.35476,1.35499,1.50,1.20
2011.02.25 14:55:11.422,1.35476,1.35499,1.50,1.20
2011.02.25 14:55:11.643,1.35476,1.35495,1.50,1.65
2011.02.25 14:55:11.974,1.35467,1.35487,1.50,1.20
2011.02.25 14:55:12.082,1.35459,1.35482,1.50,1.65
2011.02.25 14:55:12.191,1.35458,1.35482,1.50,2.40
2011.02.25 14:55:12.740,1.35459,1.35482,1.50,2.40
2011.02.25 14:55:13.310,1.35458,1.35482,1.50,2.40
2011.02.25 14:55:13.850,1.35458,1.35482,1.50,1.65
2011.02.25 14:55:14.071,1.35458,1.35483,1.50,2.40
2011.02.25 14:55:14.671,1.35458,1.35483,1.50,2.40
2011.02.25 14:55:16.362,1.35455,1.35481,1.50,1.20
2011.02.25 14:55:16.471,1.35455,1.3548,1.50,1.20
2011.02.25 14:55:17.022,1.35455,1.35479,1.50,1.20
2011.02.25 14:55:17.792,1.35455,1.35481,1.50,1.20
2011.02.25 14:55:18.232,1.35467,1.35488,1.50,3.15
2011.02.25 14:55:18.342,1.35467,1.35488,1.50,2.40
2011.02.25 14:55:18.783,1.35461,1.35486,1.50,2.40
2011.02.25 14:55:18.892,1.35459,1.35486,1.50,2.40
2011.02.25 14:55:19.002,1.35459,1.35489,1.50,1.20
2011.02.25 14:55:19.221,1.35459,1.35489,1.50,1.20
2011.02.25 14:55:19.691,1.3546,1.35487,1.50,1.20
2011.02.25 14:55:20.202,1.35456,1.35486,1.50,1.20
2011.02.25 14:55:20.789,1.35458,1.35486,1.50,1.20
2011.02.25 14:55:21.345,1.35459,1.35486,1.05,1.20
2011.02.25 14:55:21.453,1.35466,1.3549,1.50,2.78
2011.02.25 14:55:21.564,1.35467,1.35495,1.65,2.78
2011.02.25 14:55:21.784,1.35471,1.35495,1.50,5.18
2011.02.25 14:55:22.453,1.35471,1.35494,1.50,1.50
2011.02.25 14:55:23.017,1.35471,1.35495,1.50,1.20
2011.02.25 14:55:23.915,1.35468,1.35494,1.50,1.20
2011.02.25 14:55:24.461,1.35466,1.35493,1.50,1.20
2011.02.25 14:55:25.010,1.35466,1.35493,1.50,1.20
2011.02.25 14:55:25.343,1.35468,1.35495,2.25,3.23
2011.02.25 14:55:25.452,1.35468,1.35495,1.50,1.20
2011.02.25 14:55:25.672,1.35467,1.3549,1.50,2.40
2011.02.25 14:55:26.221,1.35467,1.35492,1.50,1.20
2011.02.25 14:55:26.441,1.35467,1.35492,1.50,1.20
2011.02.25 14:55:26.661,1.35467,1.35492,1.50,1.20
2011.02.25 14:55:27.276,1.35461,1.35482,3.53,1.50
2011.02.25 14:55:27.396,1.35455,1.35481,1.50,1.20
2011.02.25 14:55:27.511,1.35455,1.35482,1.50,1.20
2011.02.25 14:55:28.283,1.35455,1.35481,1.50,1.20
2011.02.25 14:55:28.392,1.35455,1.35481,1.50,1.20
2011.02.25 14:55:28.723,1.35455,1.35478,1.50,1.65
2011.02.25 14:55:28.943,1.35452,1.35478,1.50,3.60
2011.02.25 14:55:29.274,1.35452,1.35474,1.50,2.40
2011.02.25 14:55:29.606,1.35441,1.35473,4.28,1.20
2011.02.25 14:55:30.162,1.3545,1.35473,1.50,3.23
2011.02.25 14:55:30.878,1.3545,1.3547,1.50,2.78
2011.02.25 14:55:31.202,1.3545,1.35475,1.50,1.95
2011.02.25 14:55:31.314,1.3545,1.35473,1.50,1.20
2011.02.25 14:55:31.422,1.3545,1.35472,1.50,1.20
2011.02.25 14:55:31.754,1.35436,1.35467,1.50,1.20
2011.02.25 14:55:31.976,1.35436,1.35462,1.50,1.20
2011.02.25 14:55:32.312,1.35436,1.35464,1.50,1.20
2011.02.25 14:55:32.423,1.35441,1.35467,1.50,1.20
2011.02.25 14:55:32.641,1.35441,1.35468,1.50,1.20
2011.02.25 14:55:32.862,1.35443,1.35468,1.50,1.65
2011.02.25 14:55:32.972,1.35443,1.35468,1.50,2.40
2011.02.25 14:55:33.191,1.35441,1.35468,1.50,3.60
2011.02.25 14:55:33.521,1.35441,1.35465,1.50,1.20
2011.02.25 14:55:33.915,1.35441,1.35465,1.50,1.20
2011.02.25 14:55:34.691,1.35438,1.35464,1.50,1.20
2011.02.25 14:55:35.242,1.35438,1.35464,1.50,1.20
2011.02.25 14:55:35.462,1.35438,1.35462,1.50,2.85
2011.02.25 14:55:35.681,1.35438,1.35462,1.50,2.10
2011.02.25 14:55:36.232,1.35438,1.35464,1.50,1.20
2011.02.25 14:55:36.672,1.35438,1.35462,1.50,1.20
2011.02.25 14:55:37.003,1.35434,1.3546,1.50,1.20
2011.02.25 14:55:37.341,1.35434,1.3546,1.50,1.20
2011.02.25 14:55:38.016,1.35434,1.3546,1.50,1.20
2011.02.25 14:55:38.605,1.35434,1.3546,1.50,1.20
2011.02.25 14:55:39.298,1.35434,1.3546,1.50,1.20
2011.02.25 14:55:39.522,1.35434,1.3546,1.50,1.20
2011.02.25 14:55:39.743,1.35434,1.3546,1.50,1.20
2011.02.25 14:55:40.291,1.35434,1.3546,1.50,1.20
2011.02.25 14:55:40.403,1.35437,1.35464,1.50,1.20
2011.02.25 14:55:40.512,1.35437,1.35464,1.50,1.20
2011.02.25 14:55:40.732,1.35437,1.35463,1.50,2.85
2011.02.25 14:55:40.841,1.35436,1.35463,1.50,2.85
2011.02.25 14:55:41.611,1.35432,1.35456,1.50,2.10
2011.02.25 14:55:41.831,1.35432,1.35456,1.50,2.10
2011.02.25 14:55:42.051,1.3543,1.35453,1.50,1.20
2011.02.25 14:55:42.622,1.35426,1.35456,2.25,3.60
2011.02.25 14:55:43.015,1.35426,1.35451,1.50,1.20
2011.02.25 14:55:43.561,1.35421,1.35451,1.50,1.20
2011.02.25 14:55:44.039,1.35421,1.35446,1.50,2.40
2011.02.25 14:55:44.484,1.35421,1.35445,1.50,1.20
2011.02.25 14:55:44.922,1.35418,1.35439,1.50,1.65
2011.02.25 14:55:45.142,1.35418,1.35449,1.69,2.03
2011.02.25 14:55:45.473,1.35425,1.35448,1.69,1.20
2011.02.25 14:55:45.692,1.35425,1.35448,1.50,1.20
2011.02.25 14:55:46.023,1.35418,1.35445,1.50,1.20
2011.02.25 14:55:46.324,1.35418,1.35445,1.50,1.20
2011.02.25 14:55:46.448,1.3542,1.3545,1.69,1.20
2011.02.25 14:55:46.894,1.3542,1.3545,1.50,2.85
2011.02.25 14:55:47.442,1.3542,1.3545,1.69,1.20
2011.02.25 14:55:47.665,1.3542,1.35448,1.69,1.20
2011.02.25 14:55:47.785,1.3542,1.35448,1.50,1.95
2011.02.25 14:55:48.112,1.35421,1.35444,1.50,1.20
2011.02.25 14:55:48.221,1.35421,1.35446,1.50,2.85
2011.02.25 14:55:48.442,1.35421,1.35446,1.69,1.20
2011.02.25 14:55:48.772,1.35421,1.35446,1.50,1.20
2011.02.25 14:55:48.991,1.35421,1.35446,1.50,1.20
2011.02.25 14:55:49.100,1.35421,1.35446,1.50,1.20
2011.02.25 14:55:49.432,1.35417,1.35443,1.50,1.20
2011.02.25 14:55:49.763,1.35417,1.35443,1.50,1.20
2011.02.25 14:55:50.269,1.35416,1.35441,1.50,1.20
2011.02.25 14:55:50.715,1.35416,1.35444,1.50,1.20
2011.02.25 14:55:50.822,1.35416,1.35442,1.50,1.65
2011.02.25 14:55:51.971,1.3542,1.35443,1.50,1.65
2011.02.25 14:55:52.521,1.35423,1.35448,1.50,2.40
2011.02.25 14:55:52.740,1.35423,1.35442,1.50,1.65
2011.02.25 14:55:52.853,1.35423,1.35448,1.50,1.65
2011.02.25 14:55:53.291,1.35423,1.35448,1.50,1.65
2011.02.25 14:55:53.512,1.35426,1.35453,1.69,2.85
2011.02.25 14:55:53.623,1.35428,1.35457,2.59,1.20
2011.02.25 14:55:54.127,1.35426,1.35448,1.50,1.65
2011.02.25 14:55:54.572,1.35426,1.35448,1.50,1.65
2011.02.25 14:55:55.123,1.35426,1.35448,1.50,2.40
2011.02.25 14:55:55.342,1.35426,1.35443,1.50,1.65
2011.02.25 14:55:55.452,1.35426,1.35447,1.50,1.65
2011.02.25 14:55:56.662,1.35426,1.35447,1.50,1.65
2011.02.25 14:55:56.886,1.35426,1.35442,1.50,1.65
2011.02.25 14:55:57.112,1.35426,1.35447,1.50,1.65
2011.02.25 14:55:57.332,1.35426,1.35447,1.50,1.65
2011.02.25 14:55:58.281,1.35426,1.35447,1.50,1.65
2011.02.25 14:55:58.872,1.35426,1.35447,1.50,1.65
2011.02.25 14:55:59.312,1.35426,1.35447,1.50,1.65
2011.02.25 14:55:59.872,1.35426,1.35447,1.50,1.65
2011.02.25 14:56:00.302,1.35426,1.35447,1.50,1.65
2011.02.25 14:56:00.532,1.35426,1.35447,1.50,2.40
2011.02.25 14:56:00.751,1.35426,1.35447,1.50,1.65
2011.02.25 14:56:01.433,1.35426,1.35447,1.50,1.65
2011.02.25 14:56:01.763,1.35426,1.35453,1.50,2.10
2011.02.25 14:56:02.422,1.35426,1.35448,1.50,1.65
2011.02.25 14:56:04.053,1.35426,1.35442,1.50,1.65
2011.02.25 14:56:04.161,1.35426,1.35442,1.50,1.65
2011.02.25 14:56:04.271,1.35426,1.35448,1.50,2.40
2011.02.25 14:56:04.380,1.35426,1.35448,1.50,1.65
2011.02.25 14:56:04.980,1.35426,1.35448,1.50,1.65
2011.02.25 14:56:05.312,1.35426,1.35448,1.50,2.40
2011.02.25 14:56:05.531,1.35421,1.35443,1.50,1.65
2011.02.25 14:56:05.922,1.35421,1.35443,1.50,1.65
2011.02.25 14:56:07.810,1.35417,1.35443,1.69,2.10
2011.02.25 14:56:08.361,1.35417,1.35443,1.50,2.10
2011.02.25 14:56:08.581,1.3542,1.35443,1.50,2.10
2011.02.25 14:56:09.493,1.35421,1.35448,1.69,1.20
2011.02.25 14:56:09.821,1.35421,1.35448,1.69,1.20
2011.02.25 14:56:09.933,1.35421,1.35448,1.69,1.20
2011.02.25 14:56:10.916,1.35421,1.35447,1.69,1.20
2011.02.25 14:56:11.142,1.35421,1.35447,1.69,1.20
2011.02.25 14:56:11.364,1.35421,1.35448,1.69,1.20
2011.02.25 14:56:12.023,1.35421,1.35448,1.69,1.20
2011.02.25 14:56:12.370,1.35421,1.35448,1.69,1.20
2011.02.25 14:56:12.703,1.35427,1.35448,2.40,1.20
2011.02.25 14:56:12.813,1.35427,1.35448,2.40,1.20
2011.02.25 14:56:13.152,1.35421,1.35448,1.69,1.20
2011.02.25 14:56:13.372,1.35421,1.35443,1.50,1.65
2011.02.25 14:56:13.481,1.35421,1.35443,1.50,1.65
2011.02.25 14:56:13.701,1.35421,1.35443,1.50,1.65
2011.02.25 14:56:13.812,1.35421,1.35448,1.69,1.95
2011.02.25 14:56:14.473,1.35421,1.35448,1.50,1.20
2011.02.25 14:56:14.581,1.35421,1.35443,1.50,1.65
2011.02.25 14:56:16.437,1.35421,1.35443,1.50,1.65
2011.02.25 14:56:16.547,1.35421,1.35443,1.50,1.65
2011.02.25 14:56:17.102,1.35421,1.35447,1.69,1.20
2011.02.25 14:56:17.212,1.35421,1.35448,1.69,1.20
2011.02.25 14:56:17.431,1.35421,1.35448,1.69,1.20
2011.02.25 14:56:17.654,1.35421,1.35448,1.69,1.20
2011.02.25 14:56:17.984,1.35418,1.35445,1.69,1.20
2011.02.25 14:56:18.201,1.35418,1.35445,1.50,2.85
2011.02.25 14:56:18.750,1.35418,1.35445,1.50,2.85
2011.02.25 14:56:19.192,1.35418,1.35444,1.50,1.20
2011.02.25 14:56:19.521,1.35414,1.35437,1.50,1.65
2011.02.25 14:56:20.142,1.35414,1.35437,1.50,1.65
2011.02.25 14:56:20.454,1.35414,1.35437,1.50,1.84
2011.02.25 14:56:20.682,1.35411,1.35436,1.50,2.10
2011.02.25 14:56:20.902,1.35411,1.35435,1.50,1.20
2011.02.25 14:56:21.012,1.35407,1.35434,1.69,1.20
2011.02.25 14:56:21.342,1.35407,1.35431,1.50,2.10
2011.02.25 14:56:21.782,1.35407,1.35431,1.50,2.10
2011.02.25 14:56:22.003,1.35409,1.35435,1.50,1.20
2011.02.25 14:56:22.223,1.35411,1.35435,2.40,1.20
2011.02.25 14:56:22.443,1.35409,1.3543,1.50,1.65
2011.02.25 14:56:22.774,1.35406,1.3543,1.50,1.84
2011.02.25 14:56:22.994,1.35406,1.3543,1.50,4.09
2011.02.25 14:56:23.102,1.35395,1.35421,1.50,1.65
2011.02.25 14:56:23.651,1.35396,1.35421,1.50,2.10
2011.02.25 14:56:24.180,1.35396,1.35421,1.69,2.10
2011.02.25 14:56:24.298,1.35396,1.35421,1.50,2.10
2011.02.25 14:56:24.966,1.35396,1.35418,1.50,1.65
2011.02.25 14:56:25.086,1.35396,1.3542,1.50,2.10
2011.02.25 14:56:25.202,1.35398,1.35422,2.59,1.20
2011.02.25 14:56:25.425,1.35401,1.35426,2.40,1.20
2011.02.25 14:56:25.533,1.354,1.35425,1.50,2.10
2011.02.25 14:56:25.975,1.354,1.35421,1.50,1.65
2011.02.25 14:56:26.531,1.35395,1.35421,1.50,2.10
2011.02.25 14:56:26.863,1.35402,1.3543,1.50,5.29
2011.02.25 14:56:26.972,1.35399,1.35421,1.50,1.65
2011.02.25 14:56:27.412,1.35399,1.35425,1.50,2.85
2011.02.25 14:56:27.631,1.35399,1.3542,1.50,1.65
2011.02.25 14:56:28.336,1.35399,1.35425,1.50,3.79
2011.02.25 14:56:28.445,1.35399,1.35425,1.50,2.85
2011.02.25 14:56:28.954,1.35399,1.35425,1.50,2.85
2011.02.25 14:56:29.503,1.35399,1.3542,1.50,1.65
2011.02.25 14:56:29.832,1.35399,1.35413,1.50,1.65
2011.02.25 14:56:30.211,1.35399,1.35413,1.50,1.65
2011.02.25 14:56:30.542,1.35399,1.35421,1.50,1.65
2011.02.25 14:56:31.861,1.35399,1.35413,1.50,1.65
2011.02.25 14:56:31.974,1.35399,1.35413,1.50,1.65
2011.02.25 14:56:32.083,1.35399,1.35424,1.69,2.10
2011.02.25 14:56:32.192,1.35399,1.35425,1.69,1.20
2011.02.25 14:56:32.302,1.35399,1.35425,1.50,1.20
2011.02.25 14:56:32.412,1.35399,1.35421,1.50,1.65
2011.02.25 14:56:32.962,1.35399,1.35421,1.50,1.65
2011.02.25 14:56:33.262,1.35399,1.35421,1.50,1.65
2011.02.25 14:56:33.776,1.35399,1.35421,1.50,2.59
2011.02.25 14:56:33.889,1.35391,1.35416,1.50,2.10
2011.02.25 14:56:34.112,1.35394,1.35416,2.25,2.10
2011.02.25 14:56:34.332,1.354,1.35416,1.50,1.65
2011.02.25 14:56:34.442,1.354,1.35422,1.50,1.65
2011.02.25 14:56:34.882,1.35402,1.35422,1.50,1.65
2011.02.25 14:56:35.101,1.35402,1.35416,1.50,1.65
2011.02.25 14:56:35.983,1.35402,1.35416,1.50,1.65
2011.02.25 14:56:36.201,1.35402,1.35425,1.50,1.65
2011.02.25 14:56:36.531,1.3541,1.35435,1.50,1.65
2011.02.25 14:56:36.751,1.3541,1.35435,1.50,1.65
2011.02.25 14:56:37.098,1.3541,1.35435,1.50,2.40
2011.02.25 14:56:37.433,1.35407,1.35431,1.50,1.20
2011.02.25 14:56:37.544,1.35407,1.35433,1.50,1.20
2011.02.25 14:56:37.763,1.35407,1.35433,1.50,1.20
2011.02.25 14:56:38.092,1.35407,1.35433,1.50,1.20
2011.02.25 14:56:38.422,1.35407,1.35427,1.50,1.65
2011.02.25 14:56:38.750,1.35407,1.35427,1.50,1.65
2011.02.25 14:56:39.301,1.3541,1.35427,1.50,1.65
2011.02.25 14:56:39.852,1.35415,1.35427,1.50,1.65
2011.02.25 14:56:40.402,1.35415,1.35427,1.50,1.65
2011.02.25 14:56:41.125,1.35412,1.35427,1.50,1.65
2011.02.25 14:56:41.258,1.35412,1.35432,1.50,1.65
2011.02.25 14:56:41.374,1.35412,1.35437,1.50,2.10
2011.02.25 14:56:41.817,1.35405,1.35431,1.50,1.20
2011.02.25 14:56:42.044,1.35405,1.35424,1.50,1.65
2011.02.25 14:56:42.265,1.35403,1.35424,1.69,1.65
2011.02.25 14:56:42.383,1.35404,1.35433,2.40,1.20
2011.02.25 14:56:42.493,1.35404,1.35433,2.40,1.20
2011.02.25 14:56:42.602,1.35401,1.35428,1.69,1.65
2011.02.25 14:56:42.712,1.35402,1.35428,1.69,2.40
2011.02.25 14:56:43.371,1.35405,1.35434,1.69,2.70
2011.02.25 14:56:43.482,1.35405,1.35434,1.69,2.70
2011.02.25 14:56:43.921,1.35405,1.35434,1.69,2.70
2011.02.25 14:56:44.144,1.35405,1.35429,1.50,1.65
2011.02.25 14:56:44.502,1.35405,1.35432,1.50,2.10
2011.02.25 14:56:44.618,1.35405,1.35427,1.50,1.65
2011.02.25 14:56:44.954,1.35409,1.35438,2.59,1.20
2011.02.25 14:56:45.503,1.35414,1.3544,1.50,2.85
2011.02.25 14:56:45.725,1.35414,1.35438,1.50,1.20
2011.02.25 14:56:45.951,1.35414,1.35433,1.50,1.65
2011.02.25 14:56:46.283,1.35414,1.35438,1.50,2.10
2011.02.25 14:56:46.502,1.35414,1.35438,1.50,2.10
2011.02.25 14:56:47.052,1.35414,1.35438,1.50,1.20
2011.02.25 14:56:47.602,1.35419,1.3544,1.69,1.65
2011.02.25 14:56:47.711,1.35419,1.35446,1.69,1.95
2011.02.25 14:56:48.307,1.35418,1.35443,3.15,2.14
2011.02.25 14:56:48.534,1.3541,1.35437,1.69,1.50
2011.02.25 14:56:48.765,1.35409,1.35436,3.15,1.20
2011.02.25 14:56:48.876,1.35409,1.35437,3.15,1.20
2011.02.25 14:56:49.214,1.35409,1.35436,1.50,2.10
2011.02.25 14:56:49.760,1.35409,1.35434,1.50,1.65
2011.02.25 14:56:50.093,1.35407,1.35428,1.50,1.65
2011.02.25 14:56:50.422,1.35407,1.35431,1.50,2.10
2011.02.25 14:56:51.301,1.35407,1.35428,1.50,1.65
2011.02.25 14:56:51.850,1.35407,1.35428,1.50,1.65
2011.02.25 14:56:52.900,1.35409,1.3543,1.50,1.65
2011.02.25 14:56:53.023,1.35409,1.35439,1.69,1.20
2011.02.25 14:56:53.143,1.35409,1.35435,1.69,2.40
2011.02.25 14:56:53.473,1.35408,1.35432,1.69,1.20
2011.02.25 14:56:53.804,1.35406,1.35434,1.50,1.95
2011.02.25 14:56:54.133,1.35406,1.35434,1.50,1.20
2011.02.25 14:56:54.461,1.35406,1.35428,1.50,1.65
2011.02.25 14:56:54.572,1.35406,1.35428,1.50,1.65
2011.02.25 14:56:55.121,1.35406,1.35428,1.50,1.65
2011.02.25 14:56:55.342,1.35406,1.35428,1.50,1.65
2011.02.25 14:56:55.563,1.35406,1.35423,1.50,1.65
2011.02.25 14:56:56.543,1.35401,1.35409,1.50,1.65
2011.02.25 14:56:56.761,1.35389,1.35409,1.50,1.65
2011.02.25 14:56:56.982,1.35389,1.35409,1.50,1.65
2011.02.25 14:56:57.312,1.35395,1.35409,1.50,1.65
2011.02.25 14:56:57.721,1.35395,1.35422,1.50,2.59
2011.02.25 14:56:57.942,1.35395,1.35422,1.50,2.59
2011.02.25 14:56:58.053,1.35396,1.35413,1.50,1.65
2011.02.25 14:56:58.381,1.35396,1.35413,1.50,1.65
2011.02.25 14:56:59.062,1.35396,1.35413,1.50,1.65
2011.02.25 14:57:00.711,1.354,1.35413,1.50,1.65
2011.02.25 14:57:00.932,1.354,1.35417,1.50,1.65
2011.02.25 14:57:01.151,1.354,1.35424,1.50,1.20
2011.02.25 14:57:01.262,1.354,1.35425,1.50,2.10
2011.02.25 14:57:01.702,1.35404,1.35425,1.50,2.10
2011.02.25 14:57:02.032,1.35408,1.35432,1.50,3.15
2011.02.25 14:57:02.361,1.35408,1.35426,1.50,1.65
2011.02.25 14:57:02.712,1.35408,1.35426,1.50,1.65
2011.02.25 14:57:03.052,1.35414,1.35434,1.50,1.65
2011.02.25 14:57:03.162,1.35414,1.35434,1.50,1.65
2011.02.25 14:57:03.713,1.35414,1.35434,1.50,1.65
2011.02.25 14:57:04.042,1.35414,1.35434,1.50,2.40
2011.02.25 14:57:04.374,1.35414,1.35438,1.50,2.70
2011.02.25 14:57:04.592,1.35409,1.35434,1.50,2.10
2011.02.25 14:57:04.922,1.35407,1.35431,2.40,1.20
2011.02.25 14:57:05.032,1.35407,1.35431,2.40,1.20
2011.02.25 14:57:05.362,1.3541,1.35434,1.50,2.10
2011.02.25 14:57:05.912,1.35413,1.35436,2.40,1.20
2011.02.25 14:57:07.502,1.35413,1.35436,2.40,1.95
2011.02.25 14:57:08.381,1.35406,1.35431,2.40,1.20
2011.02.25 14:57:08.950,1.35406,1.35432,2.40,1.20
2011.02.25 14:57:09.721,1.35406,1.35432,2.40,1.20
2011.02.25 14:57:10.052,1.35406,1.35432,2.40,1.20
2011.02.25 14:57:11.052,1.35404,1.35425,1.50,2.40
2011.02.25 14:57:11.616,1.35404,1.35428,2.40,1.20
2011.02.25 14:57:12.281,1.35404,1.35428,2.40,1.20
2011.02.25 14:57:13.212,1.35404,1.35431,3.15,1.95
2011.02.25 14:57:14.743,1.35404,1.3543,3.15,1.20
2011.02.25 14:57:15.622,1.35399,1.35425,1.50,1.20
2011.02.25 14:57:16.730,1.35399,1.35425,1.50,1.20
2011.02.25 14:57:17.054,1.35399,1.35426,1.50,1.95
2011.02.25 14:57:17.273,1.35399,1.35425,1.50,1.20
2011.02.25 14:57:17.822,1.35399,1.35425,1.50,1.20
2011.02.25 14:57:19.251,1.35399,1.35425,1.50,1.20
2011.02.25 14:57:19.471,1.35399,1.35425,1.50,1.20
2011.02.25 14:57:20.151,1.35399,1.35425,1.50,1.20
2011.02.25 14:57:20.761,1.35399,1.35425,1.50,1.20
2011.02.25 14:57:21.087,1.35405,1.35425,1.50,1.20
2011.02.25 14:57:21.823,1.35405,1.35425,2.25,1.20
2011.02.25 14:57:22.152,1.35407,1.35429,2.25,1.20
2011.02.25 14:57:22.482,1.35406,1.3543,2.25,1.20
2011.02.25 14:57:23.708,1.35405,1.3543,1.50,1.20
2011.02.25 14:57:24.042,1.35405,1.3543,1.50,1.20
2011.02.25 14:57:24.383,1.35405,1.3543,1.50,1.20
2011.02.25 14:57:24.712,1.35405,1.3543,1.50,1.20
2011.02.25 14:57:25.261,1.35405,1.35431,1.50,1.95
2011.02.25 14:57:25.591,1.35405,1.35425,1.50,1.65
2011.02.25 14:57:26.191,1.35405,1.35425,1.50,1.65
2011.02.25 14:57:26.761,1.35405,1.35425,1.50,1.65
2011.02.25 14:57:26.983,1.35405,1.35425,1.50,1.65
2011.02.25 14:57:27.202,1.35405,1.3543,1.50,1.65
2011.02.25 14:57:27.311,1.3541,1.35433,2.40,1.20
2011.02.25 14:57:27.642,1.3541,1.35433,2.40,1.20
2011.02.25 14:57:27.977,1.35402,1.35425,1.50,2.40
2011.02.25 14:57:28.711,1.35402,1.35425,1.50,2.40
2011.02.25 14:57:29.295,1.35402,1.35425,1.50,2.40
2011.02.25 14:57:29.633,1.35402,1.3542,1.50,1.65
2011.02.25 14:57:29.962,1.35402,1.3542,1.50,1.65
2011.02.25 14:57:30.294,1.35402,1.3542,1.50,1.65
2011.02.25 14:57:30.402,1.35407,1.35427,2.40,1.20
2011.02.25 14:57:30.621,1.35407,1.3543,2.40,1.20
2011.02.25 14:57:30.841,1.35407,1.35429,2.40,1.20
2011.02.25 14:57:31.961,1.35407,1.35429,2.40,1.20
2011.02.25 14:57:32.511,1.35402,1.35429,2.40,1.20
2011.02.25 14:57:32.903,1.35402,1.35429,2.40,1.20
2011.02.25 14:57:33.341,1.35402,1.35429,2.40,1.20
2011.02.25 14:57:33.890,1.35407,1.35429,1.50,1.20
2011.02.25 14:57:34.251,1.35407,1.35428,1.50,1.20
2011.02.25 14:57:34.583,1.35407,1.35429,1.65,1.39
2011.02.25 14:57:34.693,1.35396,1.35423,1.50,1.20
2011.02.25 14:57:35.353,1.35396,1.35423,1.69,1.20
2011.02.25 14:57:35.465,1.35404,1.35423,1.65,1.20
2011.02.25 14:57:35.804,1.35396,1.35421,1.50,1.65
2011.02.25 14:57:36.131,1.354,1.35421,1.50,1.65
2011.02.25 14:57:36.241,1.354,1.35421,1.50,1.65
2011.02.25 14:57:36.461,1.354,1.35421,1.50,1.65
2011.02.25 14:57:37.050,1.354,1.35421,1.50,1.65
2011.02.25 14:57:37.384,1.35397,1.35421,1.50,1.39
2011.02.25 14:57:37.715,1.35394,1.35421,2.40,2.14
2011.02.25 14:57:38.058,1.35394,1.35416,2.40,1.20
2011.02.25 14:57:39.052,1.35392,1.35415,1.50,1.65
2011.02.25 14:57:39.275,1.35386,1.35415,2.40,2.55
2011.02.25 14:57:39.613,1.35382,1.35408,2.40,1.20
2011.02.25 14:57:40.067,1.35387,1.3541,1.50,1.65
2011.02.25 14:57:40.844,1.3539,1.3541,1.50,1.65
2011.02.25 14:57:40.953,1.3539,1.35414,1.50,2.59
2011.02.25 14:57:41.063,1.3539,1.35414,1.50,1.65
2011.02.25 14:57:41.392,1.35395,1.3542,1.50,1.65
2011.02.25 14:57:42.382,1.35395,1.3542,1.50,1.65
2011.02.25 14:57:43.173,1.35395,1.3542,1.50,1.65
2011.02.25 14:57:43.721,1.35399,1.3542,1.50,2.40
2011.02.25 14:57:44.162,1.35397,1.3542,1.50,2.40
2011.02.25 14:57:44.502,1.35396,1.35415,1.50,1.69
2011.02.25 14:57:44.620,1.35388,1.35412,2.40,1.20
2011.02.25 14:57:45.222,1.35388,1.35412,2.40,1.20
2011.02.25 14:57:45.332,1.35388,1.35412,2.40,1.20
2011.02.25 14:57:45.661,1.35386,1.3541,1.50,2.40
2011.02.25 14:57:45.994,1.35388,1.35414,2.40,1.20
2011.02.25 14:57:46.542,1.3539,1.35415,1.50,2.40
2011.02.25 14:57:47.104,1.3539,1.35415,1.50,2.40
2011.02.25 14:57:47.545,1.35392,1.35417,2.40,1.39
2011.02.25 14:57:47.653,1.3539,1.35416,1.50,3.04
2011.02.25 14:57:47.763,1.3539,1.35409,1.50,1.65
2011.02.25 14:57:47.982,1.35387,1.35409,1.50,2.40
2011.02.25 14:57:48.570,1.35384,1.354,1.50,1.65
2011.02.25 14:57:48.795,1.35382,1.35408,1.50,1.20
2011.02.25 14:57:49.355,1.35386,1.35413,3.15,3.60
2011.02.25 14:57:50.283,1.35391,1.35417,1.50,2.29
2011.02.25 14:57:50.833,1.35388,1.35417,1.50,2.29
2011.02.25 14:57:51.055,1.35388,1.35417,1.50,2.10
2011.02.25 14:57:51.384,1.35392,1.3542,2.40,1.20
2011.02.25 14:57:51.823,1.35399,1.35421,2.40,1.20
2011.02.25 14:57:51.932,1.35399,1.35424,2.40,1.20
2011.02.25 14:57:52.419,1.35396,1.35425,3.15,1.20
2011.02.25 14:57:52.533,1.35396,1.35424,3.15,1.20
2011.02.25 14:57:52.862,1.35396,1.35425,3.15,1.95
2011.02.25 14:57:53.192,1.35396,1.35424,1.50,1.20
2011.02.25 14:57:53.741,1.35396,1.35424,1.50,1.20
2011.02.25 14:57:54.071,1.35396,1.3542,1.50,1.20
2011.02.25 14:57:54.732,1.35395,1.3542,3.15,1.20
2011.02.25 14:57:55.172,1.35397,1.35421,1.50,1.20
2011.02.25 14:57:55.392,1.35403,1.3542,3.90,1.20
2011.02.25 14:57:55.723,1.35401,1.35419,1.50,1.20
2011.02.25 14:57:56.772,1.35404,1.35421,3.90,1.20
2011.02.25 14:57:57.212,1.35405,1.3542,1.50,1.20
2011.02.25 14:57:57.572,1.35406,1.3542,1.50,1.20
2011.02.25 14:57:57.902,1.35404,1.3542,1.50,1.20
2011.02.25 14:57:58.613,1.35404,1.35421,2.25,1.95
2011.02.25 14:57:59.161,1.35405,1.35424,2.25,1.20
2011.02.25 14:57:59.274,1.35407,1.35424,1.50,1.20
2011.02.25 14:58:00.661,1.35407,1.35424,1.50,1.20
2011.02.25 14:58:00.992,1.35405,1.35424,1.50,1.20
2011.02.25 14:58:01.212,1.35405,1.35424,1.50,1.20
2011.02.25 14:58:01.872,1.354,1.35424,3.00,1.20
2011.02.25 14:58:02.312,1.35397,1.35421,2.25,1.20
2011.02.25 14:58:02.423,1.35397,1.35421,1.50,1.20
2011.02.25 14:58:02.972,1.35391,1.35414,3.00,2.40
2011.02.25 14:58:04.231,1.35391,1.35416,3.00,2.40
2011.02.25 14:58:04.563,1.35391,1.35416,3.00,2.40
2011.02.25 14:58:05.227,1.35396,1.35417,2.25,1.20
2011.02.25 14:58:05.784,1.35399,1.3542,1.50,2.85
2011.02.25 14:58:06.332,1.35397,1.3542,2.25,2.85
2011.02.25 14:58:07.901,1.35394,1.3542,1.50,2.85
2011.02.25 14:58:08.232,1.35394,1.3542,1.50,2.85
2011.02.25 14:58:08.457,1.35389,1.35412,1.50,1.69
2011.02.25 14:58:08.682,1.35387,1.35406,3.00,1.65
2011.02.25 14:58:09.014,1.35384,1.35406,1.50,2.40
2011.02.25 14:58:10.621,1.35384,1.35406,3.00,2.40
2011.02.25 14:58:11.282,1.35384,1.35406,1.50,1.65
2011.02.25 14:58:11.832,1.35385,1.35408,2.44,1.20
2011.02.25 14:58:12.052,1.35385,1.3541,2.44,1.20
2011.02.25 14:58:12.602,1.3539,1.35414,2.40,1.20
2011.02.25 14:58:13.152,1.35389,1.35415,2.40,1.95
2011.02.25 14:58:13.528,1.35389,1.35415,2.40,1.95
2011.02.25 14:58:13.648,1.35389,1.35409,2.40,1.20
2011.02.25 14:58:14.097,1.35383,1.35404,2.25,1.20
2011.02.25 14:58:14.651,1.35383,1.35404,2.25,1.20
2011.02.25 14:58:16.592,1.35379,1.35401,3.90,2.78
2011.02.25 14:58:16.947,1.35377,1.35401,2.25,3.98
2011.02.25 14:58:17.494,1.35377,1.35396,2.25,2.78
2011.02.25 14:58:18.330,1.35378,1.35397,2.25,2.78
2011.02.25 14:58:18.836,1.35378,1.35398,2.25,2.78
2011.02.25 14:58:19.061,1.35378,1.35398,2.25,2.78
2011.02.25 14:58:19.212,1.35378,1.35398,2.25,2.78
2011.02.25 14:58:19.751,1.35378,1.35397,2.25,2.78
2011.02.25 14:58:20.302,1.35374,1.35398,2.25,2.78
2011.02.25 14:58:20.851,1.35374,1.35401,2.25,1.20
2011.02.25 14:58:21.731,1.35376,1.35401,2.25,1.20
2011.02.25 14:58:21.841,1.35376,1.35401,2.25,1.20
2011.02.25 14:58:22.833,1.35376,1.35401,2.25,1.20
2011.02.25 14:58:23.711,1.35376,1.35401,3.90,1.20
2011.02.25 14:58:24.150,1.35376,1.35401,3.90,1.20
2011.02.25 14:58:24.542,1.3538,1.35404,1.50,1.20
2011.02.25 14:58:26.063,1.3538,1.35404,1.50,1.20
2011.02.25 14:58:27.051,1.35375,1.35401,1.50,2.10
2011.02.25 14:58:27.381,1.35372,1.35399,3.15,1.20
2011.02.25 14:58:27.713,1.35374,1.35393,2.25,1.65
2011.02.25 14:58:28.042,1.35374,1.35398,2.25,1.39
2011.02.25 14:58:28.155,1.35374,1.35392,2.25,1.65
2011.02.25 14:58:28.563,1.35374,1.35399,2.25,1.20
2011.02.25 14:58:29.982,1.35372,1.35399,4.65,1.20
2011.02.25 14:58:30.533,1.35375,1.35399,2.25,1.20
2011.02.25 14:58:30.752,1.35374,1.35399,2.25,1.20
2011.02.25 14:58:33.121,1.35375,1.35401,1.50,3.60
2011.02.25 14:58:33.231,1.35375,1.35401,1.50,2.85
2011.02.25 14:58:34.581,1.35375,1.35402,1.50,2.85
2011.02.25 14:58:34.912,1.3538,1.35406,1.50,2.85
2011.02.25 14:58:35.461,1.35386,1.35406,2.40,1.20
2011.02.25 14:58:35.902,1.35386,1.35411,2.40,1.20
2011.02.25 14:58:36.122,1.35386,1.35411,2.40,1.20
2011.02.25 14:58:36.655,1.35387,1.35412,2.25,1.20
2011.02.25 14:58:36.992,1.35387,1.35411,2.25,1.20
2011.02.25 14:58:37.323,1.3539,1.35411,2.40,1.20
2011.02.25 14:58:37.761,1.35387,1.35411,2.25,1.20
2011.02.25 14:58:38.853,1.35392,1.35415,1.65,1.20
2011.02.25 14:58:39.071,1.35389,1.35415,3.00,1.20
2011.02.25 14:58:39.952,1.35389,1.35409,1.50,1.20
2011.02.25 14:58:40.281,1.35387,1.35409,3.90,1.20
2011.02.25 14:58:40.763,1.35387,1.35407,1.65,1.20
2011.02.25 14:58:41.092,1.35385,1.35405,2.25,1.20
2011.02.25 14:58:41.312,1.35387,1.35406,1.65,1.20
2011.02.25 14:58:41.813,1.35385,1.35405,2.25,1.20
2011.02.25 14:58:43.332,1.35383,1.35406,2.40,1.20
2011.02.25 14:58:43.955,1.35383,1.35408,2.40,1.20
2011.02.25 14:58:44.294,1.35387,1.35405,1.65,1.20
2011.02.25 14:58:44.404,1.35384,1.35401,1.50,1.20
2011.02.25 14:58:44.843,1.3538,1.35404,2.25,1.20
2011.02.25 14:58:47.624,1.35382,1.35405,2.25,1.20
2011.02.25 14:58:49.733,1.35382,1.35406,2.25,1.20
2011.02.25 14:58:49.952,1.35386,1.35406,2.40,1.20
2011.02.25 14:58:50.174,1.35386,1.35409,2.40,1.20
2011.02.25 14:58:50.613,1.35395,1.35412,1.65,1.20
2011.02.25 14:58:50.723,1.35395,1.35413,2.40,1.20
2011.02.25 14:58:51.052,1.35395,1.35417,1.65,1.39
2011.02.25 14:58:52.382,1.3539,1.35411,1.65,1.20
2011.02.25 14:58:52.601,1.35386,1.35411,1.50,1.20
2011.02.25 14:58:52.821,1.35384,1.3541,3.15,1.95
2011.02.25 14:58:54.554,1.35384,1.35407,2.40,1.20
2011.02.25 14:58:55.106,1.35384,1.35407,3.15,1.20
2011.02.25 14:58:55.442,1.35384,1.35407,1.50,2.85
2011.02.25 14:58:57.421,1.35379,1.35405,1.50,1.20
2011.02.25 14:58:58.390,1.3539,1.35407,1.65,1.20
2011.02.25 14:58:58.616,1.35386,1.35412,2.25,1.20
2011.02.25 14:58:58.734,1.35386,1.35412,3.00,1.20
2011.02.25 14:58:59.071,1.35385,1.35408,2.25,1.39
2011.02.25 14:58:59.186,1.3538,1.35401,2.07,2.40
2011.02.25 14:58:59.307,1.35382,1.35409,2.40,1.20
2011.02.25 14:58:59.535,1.35386,1.35412,1.50,1.20
2011.02.25 14:58:59.751,1.35386,1.35412,1.50,1.20
2011.02.25 14:58:59.972,1.35386,1.35412,1.50,1.20
2011.02.25 14:59:00.852,1.35386,1.35412,1.50,1.20
2011.02.25 14:59:01.421,1.35386,1.35412,1.50,1.20
2011.02.25 14:59:02.253,1.35386,1.35412,1.50,1.20
2011.02.25 14:59:02.817,1.35395,1.35418,1.65,1.32
2011.02.25 14:59:03.372,1.35395,1.35418,1.65,1.32
2011.02.25 14:59:03.922,1.35394,1.35418,1.50,2.59
2011.02.25 14:59:04.253,1.3539,1.35414,1.50,1.20
2011.02.25 14:59:04.582,1.35388,1.35409,1.65,1.20
2011.02.25 14:59:05.026,1.35384,1.35409,1.50,2.85
2011.02.25 14:59:05.252,1.35384,1.3541,2.40,1.20
2011.02.25 14:59:05.473,1.35388,1.35413,1.50,1.20
2011.02.25 14:59:05.805,1.35388,1.35413,1.50,1.20
2011.02.25 14:59:06.232,1.35387,1.35408,1.65,1.20
2011.02.25 14:59:06.452,1.35382,1.35408,1.50,1.20
2011.02.25 14:59:06.563,1.35383,1.35408,2.40,1.20
2011.02.25 14:59:07.303,1.35383,1.35408,2.40,1.20
2011.02.25 14:59:07.413,1.35385,1.35408,2.40,1.20
2011.02.25 14:59:07.692,1.35385,1.35408,2.40,1.20
2011.02.25 14:59:08.023,1.35389,1.35408,1.65,1.20
2011.02.25 14:59:08.132,1.35389,1.35413,2.40,1.20
2011.02.25 14:59:08.462,1.35388,1.35415,1.50,1.20
2011.02.25 14:59:09.012,1.35388,1.35415,1.50,1.20
2011.02.25 14:59:09.342,1.35388,1.35415,1.50,1.20
2011.02.25 14:59:09.892,1.3539,1.35414,1.65,1.20
2011.02.25 14:59:10.320,1.35392,1.35418,1.50,1.77
2011.02.25 14:59:11.056,1.35391,1.35417,1.50,1.32
2011.02.25 14:59:11.281,1.35392,1.35417,1.50,1.32
2011.02.25 14:59:11.505,1.35393,1.35417,1.50,1.32
2011.02.25 14:59:11.612,1.35394,1.35419,1.50,2.59
2011.02.25 14:59:11.834,1.35396,1.35421,1.50,1.20
2011.02.25 14:59:12.055,1.35401,1.35425,1.50,1.20
2011.02.25 14:59:12.383,1.354,1.35426,1.65,2.14
2011.02.25 14:59:12.714,1.35403,1.35419,1.65,1.20
2011.02.25 14:59:12.995,1.35403,1.35419,1.65,1.20
2011.02.25 14:59:13.212,1.35408,1.35423,1.65,1.20
2011.02.25 14:59:14.049,1.35397,1.35418,1.65,1.20
2011.02.25 14:59:14.164,1.35392,1.35419,1.50,2.40
2011.02.25 14:59:14.274,1.35392,1.35419,1.50,1.65
2011.02.25 14:59:14.382,1.354,1.35426,1.50,1.20
2011.02.25 14:59:14.713,1.35394,1.35419,1.50,1.65
2011.02.25 14:59:14.823,1.35395,1.35417,1.50,1.20
2011.02.25 14:59:15.567,1.35391,1.35419,1.50,2.85
2011.02.25 14:59:15.685,1.35399,1.35423,2.40,1.95
2011.02.25 14:59:15.796,1.35399,1.35423,2.40,1.20
2011.02.25 14:59:16.356,1.35399,1.35423,2.40,1.20
2011.02.25 14:59:16.582,1.35399,1.35425,2.40,1.20
2011.02.25 14:59:16.915,1.35404,1.35428,2.40,1.95
2011.02.25 14:59:17.320,1.35405,1.3543,2.40,2.40
2011.02.25 14:59:17.655,1.35405,1.35429,3.15,1.20
2011.02.25 14:59:17.872,1.3541,1.35432,2.40,1.20
2011.02.25 14:59:19.074,1.3541,1.35428,1.65,1.20
2011.02.25 14:59:19.623,1.35402,1.35429,1.50,1.95
2011.02.25 14:59:19.732,1.35409,1.3543,1.50,2.40
2011.02.25 14:59:19.843,1.35417,1.35435,2.40,1.20
2011.02.25 14:59:20.284,1.35409,1.35432,1.50,2.44
2011.02.25 14:59:20.392,1.35407,1.35429,2.40,2.14
2011.02.25 14:59:20.844,1.35407,1.35429,1.50,2.40
2011.02.25 14:59:20.957,1.35412,1.35433,2.40,1.20
2011.02.25 14:59:21.294,1.35412,1.35433,1.65,1.20
2011.02.25 14:59:21.402,1.35406,1.35433,1.50,1.20
2011.02.25 14:59:21.512,1.35407,1.35434,1.50,1.95
2011.02.25 14:59:21.953,1.35407,1.35434,1.50,1.95
2011.02.25 14:59:22.283,1.35409,1.35434,2.40,1.20
2011.02.25 14:59:22.614,1.35409,1.35434,2.40,1.20
2011.02.25 14:59:23.165,1.35409,1.35434,2.40,1.20
2011.02.25 14:59:23.503,1.35409,1.35433,2.40,1.20
2011.02.25 14:59:25.076,1.35411,1.35436,1.50,1.50
2011.02.25 14:59:25.196,1.35411,1.35437,1.50,1.20
2011.02.25 14:59:25.881,1.35411,1.35437,1.50,1.20
2011.02.25 14:59:26.543,1.35411,1.35439,2.44,1.20
2011.02.25 14:59:26.653,1.35415,1.35439,1.50,2.29
2011.02.25 14:59:26.765,1.35415,1.35431,1.50,1.65
2011.02.25 14:59:26.984,1.35415,1.35431,1.50,1.65
2011.02.25 14:59:27.202,1.35415,1.35437,1.50,2.40
2011.02.25 14:59:27.314,1.35415,1.35437,1.50,2.40
2011.02.25 14:59:27.643,1.35415,1.35437,1.50,2.40
2011.02.25 14:59:27.971,1.35411,1.35431,1.50,1.65
2011.02.25 14:59:28.193,1.35411,1.35431,1.50,1.65
2011.02.25 14:59:28.414,1.35406,1.35431,1.50,2.10
2011.02.25 14:59:28.741,1.35406,1.35431,1.50,2.10
2011.02.25 14:59:29.075,1.35406,1.3543,1.50,3.72
2011.02.25 14:59:29.487,1.35402,1.35421,3.00,1.65
2011.02.25 14:59:29.601,1.35404,1.35432,3.90,3.42
2011.02.25 14:59:29.716,1.35404,1.35432,3.90,3.23
2011.02.25 14:59:30.054,1.35412,1.35433,2.40,1.20
2011.02.25 14:59:30.274,1.35412,1.35432,1.65,1.39
2011.02.25 14:59:30.385,1.35406,1.3543,4.28,2.59
2011.02.25 14:59:30.825,1.35405,1.35428,3.00,1.20
2011.02.25 14:59:31.482,1.35404,1.3543,2.40,1.20
2011.02.25 14:59:32.032,1.35404,1.3543,2.40,1.20
2011.02.25 14:59:32.582,1.35404,1.3543,2.40,1.39
2011.02.25 14:59:33.022,1.35403,1.3543,1.50,3.04
2011.02.25 14:59:33.846,1.35403,1.35429,1.50,2.10
2011.02.25 14:59:33.969,1.35401,1.35425,2.25,1.69
2011.02.25 14:59:34.089,1.35401,1.35419,1.50,2.10
2011.02.25 14:59:34.316,1.35398,1.35419,2.25,1.65
2011.02.25 14:59:34.434,1.35403,1.35426,2.40,1.20
2011.02.25 14:59:34.762,1.35403,1.35425,2.40,1.20
2011.02.25 14:59:35.313,1.35403,1.35431,2.40,2.33
2011.02.25 14:59:35.424,1.35403,1.35431,3.15,2.33
2011.02.25 14:59:35.534,1.35403,1.35431,3.15,1.58
2011.02.25 14:59:35.975,1.35409,1.35429,2.40,1.20
2011.02.25 14:59:36.535,1.35403,1.35426,3.15,1.50
2011.02.25 14:59:36.861,1.35403,1.35425,2.40,1.20
2011.02.25 14:59:36.972,1.35403,1.35425,2.40,1.20
2011.02.25 14:59:37.435,1.35403,1.35424,2.40,1.20
2011.02.25 14:59:38.522,1.35403,1.35425,2.40,1.20
2011.02.25 14:59:39.183,1.35403,1.35425,2.40,1.20
2011.02.25 14:59:39.513,1.35403,1.35428,2.40,1.20
2011.02.25 14:59:39.732,1.35403,1.35428,2.40,1.95
2011.02.25 14:59:40.282,1.35403,1.35427,2.40,1.20
2011.02.25 14:59:40.612,1.35401,1.35428,1.50,1.39
2011.02.25 14:59:41.252,1.35401,1.35427,1.50,1.39
2011.02.25 14:59:42.142,1.35401,1.35423,1.50,1.84
2011.02.25 14:59:42.474,1.35398,1.35423,2.25,2.29
2011.02.25 14:59:43.121,1.35397,1.35423,1.50,2.29
2011.02.25 14:59:43.454,1.35401,1.35424,2.40,1.20
2011.02.25 14:59:43.781,1.35401,1.35424,2.40,1.20
2011.02.25 14:59:44.334,1.35401,1.35422,2.40,1.20
2011.02.25 14:59:44.862,1.35401,1.3542,2.40,1.20
2011.02.25 14:59:44.972,1.35401,1.3542,2.40,1.20
2011.02.25 14:59:45.471,1.35396,1.35419,2.40,1.50
2011.02.25 14:59:45.801,1.35396,1.35417,2.40,1.20
2011.02.25 14:59:46.133,1.35394,1.35417,2.40,1.20
2011.02.25 14:59:46.645,1.3539,1.35415,3.15,1.65
2011.02.25 14:59:46.987,1.35393,1.35415,1.50,1.65
2011.02.25 14:59:47.104,1.35393,1.35423,3.15,1.20
2011.02.25 14:59:47.213,1.35393,1.35424,3.15,5.63
2011.02.25 14:59:47.433,1.35398,1.35424,1.50,6.38
2011.02.25 14:59:48.902,1.35398,1.35424,1.50,2.10
2011.02.25 14:59:49.124,1.35402,1.35427,2.40,1.20
2011.02.25 14:59:49.233,1.35402,1.35427,2.40,1.20
2011.02.25 14:59:49.562,1.35402,1.35426,2.40,1.39
2011.02.25 14:59:49.674,1.35398,1.35422,1.50,1.20
2011.02.25 14:59:49.892,1.35398,1.35424,1.50,2.10
2011.02.25 14:59:50.223,1.35395,1.35419,1.50,2.10
2011.02.25 14:59:51.023,1.35393,1.35419,1.50,2.29
2011.02.25 14:59:51.134,1.35392,1.35415,1.50,1.20
2011.02.25 14:59:51.462,1.35392,1.35415,2.40,1.20
2011.02.25 14:59:51.683,1.35392,1.35416,3.15,1.20
2011.02.25 14:59:51.903,1.35392,1.35416,3.15,1.20
2011.02.25 14:59:52.122,1.35388,1.35413,2.40,1.20
2011.02.25 14:59:52.451,1.35388,1.35413,2.40,1.20
2011.02.25 14:59:52.951,1.35388,1.35413,2.40,1.20
2011.02.25 14:59:53.501,1.35392,1.35413,2.40,1.20
2011.02.25 14:59:54.830,1.35392,1.35413,2.40,1.95
2011.02.25 14:59:55.164,1.35391,1.35415,1.50,2.10
2011.02.25 14:59:55.387,1.35392,1.3542,2.40,2.85
2011.02.25 14:59:55.506,1.35398,1.3542,2.40,1.20
2011.02.25 14:59:55.732,1.3539,1.35419,1.50,1.65
2011.02.25 14:59:56.172,1.35391,1.35419,1.50,2.10
2011.02.25 14:59:56.504,1.35391,1.35416,1.50,1.20
2011.02.25 14:59:56.611,1.35391,1.35414,1.50,2.78
2011.02.25 14:59:56.943,1.35391,1.35419,1.50,1.20
2011.02.25 14:59:57.493,1.35394,1.35419,2.40,1.20
2011.02.25 14:59:57.604,1.35394,1.35421,1.69,1.20
2011.02.25 14:59:57.714,1.35394,1.35422,1.69,1.20
2011.02.25 14:59:57.824,1.35394,1.35424,3.19,1.65
2011.02.25 14:59:58.409,1.35404,1.35433,1.50,1.20
2011.02.25 14:59:58.524,1.35406,1.35434,1.50,2.85
2011.02.25 14:59:58.743,1.35405,1.35429,1.50,1.65
2011.02.25 14:59:58.963,1.35404,1.35429,1.50,2.85
2011.02.25 14:59:59.292,1.35403,1.35426,1.50,1.20
2011.02.25 14:59:59.621,1.35404,1.35424,1.50,1.65
2011.02.25 14:59:59.953,1.35399,1.35424,1.50,1.65
