2016.08.05 20:00:00.094,1.45451,1.45477,3.00,1.50
2016.08.05 20:00:00.197,1.45451,1.45477,3.75,1.50
2016.08.05 20:00:00.249,1.45451,1.45477,2.62,1.00
2016.08.05 20:00:00.301,1.45452,1.45477,1.10,1.00
2016.08.05 20:00:00.353,1.45452,1.45477,1.87,1.00
2016.08.05 20:00:00.455,1.45452,1.45477,1.87,1.00
2016.08.05 20:00:00.678,1.45452,1.45477,2.62,1.00
2016.08.05 20:00:00.780,1.45452,1.45477,1.87,1.00
2016.08.05 20:00:00.933,1.45452,1.45477,1.50,1.00
2016.08.05 20:00:01.035,1.45452,1.45477,1.00,1.00
2016.08.05 20:00:03.899,1.45451,1.45477,1.65,1.00
2016.08.05 20:00:03.950,1.45451,1.45477,1.57,1.00
2016.08.05 20:00:04.001,1.45451,1.45477,1.50,1.00
2016.08.05 20:00:04.103,1.45451,1.45477,3.00,1.00
2016.08.05 20:00:04.154,1.45451,1.45477,3.37,1.00
2016.08.05 20:00:04.205,1.45451,1.45477,3.75,1.00
2016.08.05 20:00:04.294,1.45453,1.45477,1.20,1.00
2016.08.05 20:00:04.600,1.45452,1.45477,2.25,1.00
2016.08.05 20:00:04.970,1.45456,1.4548,1.00,1.00
2016.08.05 20:00:05.072,1.45454,1.4548,1.50,1.00
2016.08.05 20:00:05.123,1.45453,1.4548,3.94,1.00
2016.08.05 20:00:05.174,1.45453,1.4548,3.56,1.00
2016.08.05 20:00:05.532,1.45455,1.4548,1.87,1.00
2016.08.05 20:00:05.634,1.45455,1.4548,1.12,1.00
2016.08.05 20:00:05.931,1.45457,1.45482,1.50,1.50
2016.08.05 20:00:06.135,1.45457,1.45482,1.87,1.50
2016.08.05 20:00:06.186,1.45457,1.45482,2.62,1.00
2016.08.05 20:00:06.767,1.45457,1.45482,3.37,1.00
2016.08.05 20:00:06.818,1.45457,1.45482,2.62,1.00
2016.08.05 20:00:07.129,1.45457,1.45482,1.87,1.00
2016.08.05 20:00:07.181,1.45458,1.45482,1.85,1.00
2016.08.05 20:00:07.283,1.45457,1.45482,1.87,1.00
2016.08.05 20:00:07.335,1.45457,1.45482,2.62,1.00
2016.08.05 20:00:07.437,1.45457,1.45482,1.10,1.00
2016.08.05 20:00:08.186,1.45457,1.4548,1.10,1.00
2016.08.05 20:00:08.390,1.45457,1.4548,1.00,1.00
2016.08.05 20:00:08.645,1.45457,1.45481,1.00,1.12
2016.08.05 20:00:08.747,1.45457,1.45481,1.00,1.00
2016.08.05 20:00:09.441,1.45457,1.45479,1.00,1.00
2016.08.05 20:00:09.798,1.45457,1.45477,1.00,1.00
2016.08.05 20:00:10.047,1.45453,1.45478,1.00,1.00
2016.08.05 20:00:10.098,1.45452,1.45478,1.57,1.00
2016.08.05 20:00:10.201,1.45452,1.45478,1.10,1.00
2016.08.05 20:00:10.303,1.45453,1.45478,1.00,1.00
2016.08.05 20:00:10.356,1.45453,1.45478,1.00,1.00
2016.08.05 20:00:10.408,1.45453,1.45478,1.50,1.00
2016.08.05 20:00:10.511,1.45453,1.45478,1.00,1.00
2016.08.05 20:00:11.239,1.45453,1.45478,1.50,1.00
2016.08.05 20:00:11.842,1.45453,1.45478,1.00,1.00
2016.08.05 20:00:15.103,1.45453,1.45477,1.50,1.00
2016.08.05 20:00:15.155,1.45453,1.45477,1.00,1.00
2016.08.05 20:00:15.206,1.45452,1.45477,1.57,1.00
2016.08.05 20:00:15.728,1.45452,1.45477,1.10,1.00
2016.08.05 20:00:15.779,1.45452,1.45477,1.00,1.10
2016.08.05 20:00:16.136,1.45451,1.45475,1.00,1.00
2016.08.05 20:00:16.187,1.45449,1.45475,1.00,1.00
2016.08.05 20:00:17.623,1.45446,1.45471,1.20,1.00
2016.08.05 20:00:19.396,1.45445,1.45469,1.10,1.00
2016.08.05 20:00:19.601,1.45445,1.45468,1.00,1.00
2016.08.05 20:00:19.707,1.45445,1.45468,1.19,1.00
2016.08.05 20:00:20.222,1.45442,1.45466,1.69,1.00
2016.08.05 20:00:20.414,1.45442,1.45466,1.31,1.00
2016.08.05 20:00:20.466,1.45442,1.45466,1.19,1.00
2016.08.05 20:00:20.572,1.45442,1.45469,1.69,1.50
2016.08.05 20:00:20.624,1.45444,1.45469,1.19,1.50
2016.08.05 20:00:20.675,1.45444,1.45469,1.19,1.50
2016.08.05 20:00:20.727,1.45442,1.45469,2.44,1.50
2016.08.05 20:00:20.931,1.45444,1.45469,1.19,1.50
2016.08.05 20:00:20.983,1.45445,1.45469,1.19,1.00
2016.08.05 20:00:21.034,1.45445,1.45471,1.29,1.00
2016.08.05 20:00:21.429,1.45445,1.45471,1.01,1.00
2016.08.05 20:00:21.519,1.45445,1.45468,1.29,1.00
2016.08.05 20:00:21.928,1.45445,1.45468,1.00,1.00
2016.08.05 20:00:22.031,1.45445,1.45468,1.25,1.00
2016.08.05 20:00:24.092,1.45445,1.45468,1.00,1.00
2016.08.05 20:00:24.400,1.45445,1.45466,1.00,1.00
2016.08.05 20:00:24.609,1.45441,1.45466,1.76,1.00
2016.08.05 20:00:24.660,1.45441,1.45466,1.69,1.00
2016.08.05 20:00:25.118,1.45441,1.45464,1.19,1.00
2016.08.05 20:00:26.857,1.45439,1.45461,1.19,1.00
2016.08.05 20:00:26.953,1.45436,1.45461,2.89,1.00
2016.08.05 20:00:27.056,1.45436,1.45461,2.06,1.00
2016.08.05 20:00:27.107,1.45436,1.45461,1.69,1.00
2016.08.05 20:00:29.233,1.45436,1.45459,1.25,1.00
2016.08.05 20:00:29.284,1.45436,1.45459,1.00,1.00
2016.08.05 20:00:29.349,1.45435,1.45459,1.10,1.00
2016.08.05 20:00:29.400,1.45435,1.45459,1.19,1.00
2016.08.05 20:00:29.630,1.45436,1.4546,1.25,1.00
2016.08.05 20:00:30.140,1.45436,1.4546,1.25,1.50
2016.08.05 20:00:30.244,1.45436,1.4546,1.25,1.00
2016.08.05 20:00:31.025,1.45437,1.4546,1.00,1.00
2016.08.05 20:00:31.076,1.45437,1.4546,1.19,1.00
2016.08.05 20:00:31.229,1.45437,1.4546,1.69,1.00
2016.08.05 20:00:31.280,1.45437,1.4546,1.76,1.00
2016.08.05 20:00:31.433,1.45437,1.4546,1.29,1.00
2016.08.05 20:00:31.536,1.45437,1.4546,1.76,1.00
2016.08.05 20:00:31.638,1.45438,1.4546,1.19,1.00
2016.08.05 20:00:31.844,1.45438,1.4546,1.00,1.00
2016.08.05 20:00:34.102,1.45437,1.4546,1.50,1.00
2016.08.05 20:00:34.259,1.45437,1.4546,1.00,1.00
2016.08.05 20:00:34.915,1.45437,1.45463,1.50,1.57
2016.08.05 20:00:35.017,1.45437,1.45463,1.50,1.50
2016.08.05 20:00:35.170,1.45437,1.45462,1.50,1.00
2016.08.05 20:00:35.324,1.45437,1.45462,1.00,1.00
2016.08.05 20:00:35.499,1.45437,1.45462,1.00,1.00
2016.08.05 20:00:35.653,1.45437,1.45462,1.50,1.00
2016.08.05 20:00:35.756,1.45437,1.45462,1.50,1.00
2016.08.05 20:00:35.858,1.45437,1.45463,1.00,1.00
2016.08.05 20:00:36.176,1.45437,1.45461,1.00,1.00
2016.08.05 20:00:36.535,1.45436,1.45461,1.00,1.12
2016.08.05 20:00:36.738,1.45436,1.45461,1.00,1.00
2016.08.05 20:00:37.054,1.45436,1.4546,1.00,1.00
2016.08.05 20:00:37.156,1.45436,1.45461,1.00,1.00
2016.08.05 20:00:37.428,1.45436,1.45461,1.01,1.00
2016.08.05 20:00:37.479,1.45436,1.45461,1.76,1.00
2016.08.05 20:00:37.530,1.45437,1.45461,1.00,1.00
2016.08.05 20:00:37.582,1.45437,1.4546,1.00,1.00
2016.08.05 20:00:37.633,1.45436,1.4546,1.12,1.50
2016.08.05 20:00:40.167,1.45437,1.4546,1.10,1.50
2016.08.05 20:00:40.940,1.45437,1.4546,1.00,1.50
2016.08.05 20:00:41.833,1.45438,1.4546,1.00,1.00
2016.08.05 20:00:41.884,1.45441,1.4546,1.00,1.00
2016.08.05 20:00:41.935,1.45441,1.45465,1.00,1.00
2016.08.05 20:00:42.037,1.45442,1.45465,1.00,1.00
2016.08.05 20:00:42.089,1.45438,1.45465,1.31,1.00
2016.08.05 20:00:42.140,1.4544,1.45465,1.20,1.00
2016.08.05 20:00:42.191,1.45443,1.45467,1.00,1.00
2016.08.05 20:00:42.293,1.45443,1.45468,1.00,1.50
2016.08.05 20:00:42.344,1.45443,1.45468,1.37,1.50
2016.08.05 20:00:42.395,1.45443,1.45468,2.44,1.50
2016.08.05 20:00:42.596,1.45444,1.45468,1.69,1.00
2016.08.05 20:00:42.647,1.45444,1.45468,2.06,1.00
2016.08.05 20:00:42.902,1.45444,1.45468,2.81,1.00
2016.08.05 20:00:43.669,1.45444,1.45468,3.56,1.00
2016.08.05 20:00:44.000,1.45445,1.4547,1.39,1.00
2016.08.05 20:00:44.051,1.45445,1.4547,2.14,1.00
2016.08.05 20:00:44.995,1.45445,1.4547,2.89,1.00
2016.08.05 20:00:45.198,1.45445,1.4547,1.39,1.00
2016.08.05 20:00:45.250,1.45445,1.4547,1.20,1.00
2016.08.05 20:00:45.418,1.45445,1.4547,1.10,1.00
2016.08.05 20:00:45.469,1.45446,1.4547,1.00,1.00
2016.08.05 20:00:46.124,1.45445,1.4547,1.00,1.00
2016.08.05 20:00:47.272,1.45446,1.4547,1.00,1.00
2016.08.05 20:00:47.579,1.45445,1.4547,1.00,1.50
2016.08.05 20:00:47.681,1.45445,1.4547,1.25,1.50
2016.08.05 20:00:47.863,1.45447,1.4547,1.00,1.50
2016.08.05 20:00:48.456,1.45445,1.4547,1.25,1.50
2016.08.05 20:00:48.660,1.45444,1.4547,2.06,1.50
2016.08.05 20:00:48.712,1.45445,1.4547,1.25,1.00
2016.08.05 20:00:48.864,1.45444,1.4547,2.81,1.00
2016.08.05 20:00:49.593,1.45444,1.4547,2.44,1.00
2016.08.05 20:00:49.695,1.45444,1.45471,3.19,1.50
2016.08.05 20:00:49.746,1.45444,1.45471,3.94,1.50
2016.08.05 20:00:49.797,1.45446,1.45471,1.10,1.50
2016.08.05 20:00:49.899,1.45444,1.45471,3.94,1.50
2016.08.05 20:00:49.950,1.45445,1.45471,1.39,1.50
2016.08.05 20:00:51.184,1.45445,1.45471,1.39,2.25
2016.08.05 20:00:51.235,1.45444,1.45471,3.94,2.25
2016.08.05 20:00:52.121,1.45444,1.45471,3.19,1.50
2016.08.05 20:00:52.172,1.45444,1.45471,3.19,1.50
2016.08.05 20:00:53.365,1.45445,1.45471,1.39,1.50
2016.08.05 20:00:53.416,1.45445,1.45471,1.39,1.00
2016.08.05 20:00:53.519,1.45445,1.45471,2.14,1.00
2016.08.05 20:00:53.571,1.45447,1.45473,1.00,1.00
2016.08.05 20:00:53.673,1.45447,1.45473,1.10,1.00
2016.08.05 20:00:53.724,1.45447,1.45473,1.47,1.00
2016.08.05 20:00:53.775,1.45447,1.45473,1.95,1.00
2016.08.05 20:00:54.477,1.45448,1.45473,1.12,1.00
2016.08.05 20:00:54.528,1.4545,1.45477,1.00,1.10
2016.08.05 20:00:55.037,1.45451,1.45477,1.00,1.10
2016.08.05 20:00:55.139,1.4545,1.45477,1.50,1.10
2016.08.05 20:00:55.468,1.4545,1.45477,1.00,1.10
2016.08.05 20:00:55.982,1.45451,1.45477,1.00,1.10
2016.08.05 20:00:56.289,1.45453,1.45477,1.00,1.10
2016.08.05 20:00:57.442,1.45455,1.45477,1.00,1.10
2016.08.05 20:00:57.646,1.45455,1.45477,1.00,1.00
2016.08.05 20:00:58.558,1.45455,1.4548,1.00,1.65
2016.08.05 20:00:59.557,1.45456,1.4548,1.00,1.65
2016.08.05 20:01:00.166,1.45455,1.4548,1.00,2.77
2016.08.05 20:01:00.217,1.45455,1.45476,1.25,1.00
2016.08.05 20:01:00.268,1.45453,1.45476,1.69,1.10
2016.08.05 20:01:00.319,1.45453,1.45477,1.69,1.50
2016.08.05 20:01:00.473,1.45453,1.45477,1.69,1.12
2016.08.05 20:01:00.524,1.45453,1.45477,1.69,1.00
2016.08.05 20:01:00.626,1.45453,1.45477,1.69,1.47
2016.08.05 20:01:00.779,1.45453,1.45475,1.69,1.10
2016.08.05 20:01:00.882,1.45453,1.45477,1.69,1.47
2016.08.05 20:01:00.985,1.45453,1.45476,1.69,1.12
2016.08.05 20:01:01.189,1.45453,1.4548,1.69,4.12
2016.08.05 20:01:01.292,1.45453,1.4548,1.69,3.75
2016.08.05 20:01:03.698,1.45453,1.45478,1.69,1.50
2016.08.05 20:01:05.227,1.45453,1.45475,1.69,1.00
2016.08.05 20:01:05.278,1.45453,1.45475,1.25,1.00
2016.08.05 20:01:06.398,1.45453,1.45477,1.25,1.20
2016.08.05 20:01:06.709,1.45453,1.45478,1.25,1.12
2016.08.05 20:01:07.016,1.45452,1.45475,1.19,1.00
2016.08.05 20:01:08.291,1.45451,1.45474,1.19,1.00
2016.08.05 20:01:09.768,1.45451,1.45474,1.19,1.10
2016.08.05 20:01:10.384,1.45451,1.45472,1.00,1.00
2016.08.05 20:01:11.012,1.45451,1.45476,1.00,1.47
2016.08.05 20:01:16.503,1.45451,1.45478,1.00,1.75
2016.08.05 20:01:16.606,1.45451,1.45478,1.25,1.75
2016.08.05 20:01:16.979,1.45451,1.45478,1.25,1.47
2016.08.05 20:01:17.153,1.45451,1.45478,1.25,1.20
2016.08.05 20:01:20.064,1.45451,1.45478,1.69,1.20
2016.08.05 20:01:20.115,1.45452,1.45478,1.19,1.95
2016.08.05 20:01:20.218,1.45451,1.45478,1.19,1.57
2016.08.05 20:01:20.320,1.45451,1.45478,1.39,1.50
2016.08.05 20:01:21.066,1.45451,1.45478,1.25,1.50
2016.08.05 20:01:21.250,1.45451,1.45477,1.25,1.00
2016.08.05 20:01:21.533,1.45451,1.45478,1.25,1.00
2016.08.05 20:01:21.871,1.45451,1.45477,1.25,1.00
2016.08.05 20:01:21.922,1.45451,1.45477,1.69,1.50
2016.08.05 20:01:23.219,1.45451,1.45476,1.25,1.00
2016.08.05 20:01:23.423,1.45451,1.45477,1.69,1.57
2016.08.05 20:01:23.816,1.45451,1.45477,1.76,1.50
2016.08.05 20:01:24.656,1.45451,1.45477,1.29,1.00
2016.08.05 20:01:24.707,1.45452,1.45477,1.19,1.00
2016.08.05 20:01:24.758,1.45452,1.45474,1.00,1.00
2016.08.05 20:01:25.418,1.45452,1.45475,1.00,1.00
2016.08.05 20:01:27.449,1.45452,1.45477,1.00,1.20
2016.08.05 20:01:27.551,1.45452,1.45478,1.00,1.12
2016.08.05 20:01:27.603,1.45452,1.45478,1.00,1.00
2016.08.05 20:01:27.705,1.45453,1.45478,1.25,1.00
2016.08.05 20:01:27.756,1.45452,1.45481,2.44,3.75
2016.08.05 20:01:27.808,1.45455,1.45481,1.00,3.00
2016.08.05 20:01:27.859,1.45455,1.45479,1.00,1.00
2016.08.05 20:01:27.910,1.45453,1.45479,1.19,1.00
2016.08.05 20:01:27.961,1.45453,1.45481,1.69,2.62
2016.08.05 20:01:28.135,1.45453,1.45481,1.39,3.00
2016.08.05 20:01:28.351,1.45453,1.45481,1.39,2.62
2016.08.05 20:01:28.453,1.45453,1.45481,1.19,2.62
2016.08.05 20:01:28.657,1.45453,1.45481,1.19,2.25
2016.08.05 20:01:30.078,1.45453,1.45481,1.69,2.25
2016.08.05 20:01:30.231,1.45454,1.45481,1.25,2.25
2016.08.05 20:01:30.692,1.45454,1.45481,1.25,2.62
2016.08.05 20:01:30.868,1.45454,1.45481,1.25,2.25
2016.08.05 20:01:30.920,1.45454,1.45481,1.25,2.62
2016.08.05 20:01:30.971,1.45454,1.45481,1.25,2.25
2016.08.05 20:01:31.023,1.45456,1.45481,1.00,2.25
2016.08.05 20:01:31.075,1.45456,1.45477,1.00,1.00
2016.08.05 20:01:31.126,1.45454,1.45477,1.00,1.00
2016.08.05 20:01:31.384,1.45454,1.45479,1.00,1.10
2016.08.05 20:01:31.538,1.45454,1.4548,1.00,1.20
2016.08.05 20:01:32.053,1.45453,1.4548,1.00,1.20
2016.08.05 20:01:32.593,1.45454,1.4548,1.00,1.20
2016.08.05 20:01:32.763,1.45454,1.4548,1.50,1.20
2016.08.05 20:01:33.544,1.45454,1.4548,1.00,1.39
2016.08.05 20:01:33.664,1.45453,1.45479,1.00,1.29
2016.08.05 20:01:34.847,1.45452,1.45476,1.00,1.19
2016.08.05 20:01:37.323,1.45452,1.45476,1.50,1.19
2016.08.05 20:01:38.755,1.4545,1.45476,1.00,1.19
2016.08.05 20:01:41.056,1.4545,1.45477,1.00,1.76
2016.08.05 20:01:41.121,1.4545,1.45478,1.00,2.14
2016.08.05 20:01:41.224,1.4545,1.45478,1.10,1.76
2016.08.05 20:01:42.232,1.4545,1.45478,1.57,1.76
2016.08.05 20:01:42.385,1.45454,1.45478,1.00,2.51
2016.08.05 20:01:42.487,1.45455,1.45478,1.00,1.76
2016.08.05 20:01:42.538,1.45455,1.45478,1.00,1.19
2016.08.05 20:01:42.691,1.45457,1.45478,1.50,1.19
2016.08.05 20:01:43.402,1.45457,1.4548,1.00,1.19
2016.08.05 20:01:43.605,1.45456,1.4548,1.50,1.19
2016.08.05 20:01:43.962,1.45456,1.4548,1.00,1.19
2016.08.05 20:01:44.065,1.45458,1.45479,1.00,1.19
2016.08.05 20:01:45.294,1.45458,1.4548,1.00,1.19
2016.08.05 20:01:46.276,1.45456,1.4548,1.00,1.19
2016.08.05 20:01:46.785,1.45455,1.4548,1.10,1.19
2016.08.05 20:01:46.836,1.45455,1.4548,1.57,1.19
2016.08.05 20:01:46.989,1.45455,1.45479,2.32,1.19
2016.08.05 20:01:47.040,1.45455,1.45479,1.57,1.19
2016.08.05 20:01:47.142,1.45455,1.45479,1.50,1.19
2016.08.05 20:01:47.193,1.45453,1.45478,1.57,1.31
2016.08.05 20:01:47.397,1.45453,1.45478,1.57,1.19
2016.08.05 20:01:47.499,1.45453,1.45478,1.50,1.19
2016.08.05 20:01:47.777,1.45453,1.4548,1.00,2.51
2016.08.05 20:01:48.040,1.45453,1.45479,1.00,1.01
2016.08.05 20:01:49.514,1.45453,1.45479,1.00,1.29
2016.08.05 20:01:49.616,1.45453,1.45478,1.00,1.56
2016.08.05 20:01:50.105,1.45453,1.45478,1.00,1.19
2016.08.05 20:01:50.259,1.45453,1.45478,1.50,1.19
2016.08.05 20:01:55.265,1.45453,1.45478,1.00,1.19
2016.08.05 20:01:55.624,1.45453,1.45478,1.00,1.69
2016.08.05 20:01:55.840,1.45453,1.45478,1.00,2.06
2016.08.05 20:01:55.891,1.45451,1.45477,1.10,1.31
2016.08.05 20:01:56.122,1.45451,1.45477,1.10,1.19
2016.08.05 20:01:56.326,1.45451,1.45477,1.10,1.31
2016.08.05 20:01:56.546,1.45451,1.45477,1.10,2.06
2016.08.05 20:01:57.828,1.45451,1.45477,1.10,1.69
2016.08.05 20:02:00.229,1.4545,1.45477,1.95,1.69
2016.08.05 20:02:00.429,1.4545,1.45477,1.95,1.19
2016.08.05 20:02:01.565,1.4545,1.45477,1.95,1.00
2016.08.05 20:02:01.810,1.45451,1.45477,1.10,1.00
2016.08.05 20:02:02.063,1.45452,1.45477,1.75,1.00
2016.08.05 20:02:02.115,1.45453,1.45481,1.12,2.44
2016.08.05 20:02:02.336,1.45452,1.45481,2.25,2.44
2016.08.05 20:02:02.694,1.45452,1.45481,2.25,2.25
2016.08.05 20:02:03.801,1.45452,1.45481,2.25,1.50
2016.08.05 20:02:04.666,1.45454,1.45481,1.50,1.50
2016.08.05 20:02:05.289,1.45455,1.45481,1.20,1.50
2016.08.05 20:02:05.388,1.45455,1.45481,1.00,2.25
2016.08.05 20:02:06.216,1.45455,1.45481,1.00,1.50
2016.08.05 20:02:07.113,1.45455,1.4548,1.00,1.00
2016.08.05 20:02:07.165,1.45452,1.4548,2.25,1.12
2016.08.05 20:02:07.216,1.45452,1.45479,2.25,1.00
2016.08.05 20:02:07.267,1.45452,1.45478,1.00,1.00
2016.08.05 20:02:07.420,1.4545,1.45477,1.20,1.00
2016.08.05 20:02:07.471,1.4545,1.45475,1.20,1.00
2016.08.05 20:02:07.522,1.45447,1.45475,2.70,1.00
2016.08.05 20:02:07.573,1.45447,1.45475,1.95,1.00
2016.08.05 20:02:07.682,1.45447,1.45473,1.47,1.00
2016.08.05 20:02:07.845,1.45447,1.45473,1.10,1.00
2016.08.05 20:02:07.947,1.45447,1.45472,1.10,1.00
2016.08.05 20:02:08.151,1.45447,1.45472,1.57,1.00
2016.08.05 20:02:08.507,1.45447,1.45472,1.10,1.50
2016.08.05 20:02:08.771,1.45446,1.45471,1.20,1.00
2016.08.05 20:02:09.457,1.45447,1.45471,1.10,1.00
2016.08.05 20:02:10.062,1.45445,1.4547,1.50,1.00
2016.08.05 20:02:10.164,1.45445,1.4547,1.10,1.12
2016.08.05 20:02:10.267,1.45445,1.4547,1.00,1.00
2016.08.05 20:02:10.492,1.45445,1.45472,1.00,2.70
2016.08.05 20:02:10.595,1.45445,1.45472,1.00,3.07
2016.08.05 20:02:11.160,1.45445,1.4547,1.00,1.00
2016.08.05 20:02:13.778,1.45441,1.45469,1.95,1.87
2016.08.05 20:02:13.881,1.45441,1.45469,1.50,2.32
2016.08.05 20:02:14.036,1.45441,1.45469,1.50,2.51
2016.08.05 20:02:14.269,1.45441,1.45469,1.50,2.89
2016.08.05 20:02:14.372,1.45441,1.45469,1.50,2.70
2016.08.05 20:02:14.475,1.45441,1.45469,1.50,2.32
2016.08.05 20:02:14.754,1.45441,1.45467,1.00,1.00
2016.08.05 20:02:20.657,1.45441,1.45467,1.00,1.50
2016.08.05 20:02:20.809,1.45439,1.45466,1.50,1.00
2016.08.05 20:02:22.102,1.45439,1.45466,1.50,1.00
2016.08.05 20:02:22.154,1.45439,1.45466,1.50,1.12
2016.08.05 20:02:22.205,1.4544,1.45465,1.00,1.10
2016.08.05 20:02:22.256,1.4544,1.45465,1.10,1.00
2016.08.05 20:02:22.358,1.45439,1.45466,1.87,1.00
2016.08.05 20:02:22.889,1.45439,1.45466,1.87,1.00
2016.08.05 20:02:23.467,1.45441,1.45466,1.00,1.00
2016.08.05 20:02:23.761,1.45444,1.45467,1.00,1.12
2016.08.05 20:02:23.863,1.45441,1.45467,1.00,1.12
2016.08.05 20:02:25.296,1.4544,1.45467,1.10,1.12
2016.08.05 20:02:25.347,1.4544,1.45468,1.10,1.57
2016.08.05 20:02:25.449,1.4544,1.45467,1.10,1.12
2016.08.05 20:02:25.556,1.4544,1.45467,1.00,1.57
2016.08.05 20:02:26.032,1.4544,1.45467,1.00,1.07
2016.08.05 20:02:26.785,1.4544,1.45468,1.00,1.87
2016.08.05 20:02:27.398,1.4544,1.45468,1.12,1.12
2016.08.05 20:02:28.429,1.4544,1.45469,1.87,1.10
2016.08.05 20:02:28.480,1.45442,1.45469,1.00,1.10
2016.08.05 20:02:28.531,1.45442,1.45469,1.50,1.10
2016.08.05 20:02:28.582,1.45442,1.45469,1.00,1.10
2016.08.05 20:02:28.634,1.45445,1.45468,1.12,1.00
2016.08.05 20:02:28.736,1.45445,1.45473,1.12,1.00
2016.08.05 20:02:29.603,1.45446,1.45473,1.75,1.00
2016.08.05 20:02:38.171,1.45446,1.45472,1.75,1.00
2016.08.05 20:02:38.806,1.45446,1.45473,1.75,1.00
2016.08.05 20:02:40.315,1.45446,1.45473,1.10,1.00
2016.08.05 20:02:44.015,1.45447,1.45473,1.00,1.00
2016.08.05 20:02:44.117,1.45448,1.45475,1.00,1.20
2016.08.05 20:02:44.219,1.45448,1.45475,1.50,1.20
2016.08.05 20:02:44.424,1.45448,1.45475,1.00,1.20
2016.08.05 20:02:44.475,1.45448,1.45475,1.10,1.00
2016.08.05 20:02:45.084,1.45449,1.45475,1.00,1.00
2016.08.05 20:02:45.135,1.4545,1.45478,1.00,1.57
2016.08.05 20:02:45.289,1.45451,1.45478,1.00,1.47
2016.08.05 20:02:47.693,1.45453,1.45478,1.00,1.47
2016.08.05 20:02:50.131,1.45453,1.45479,1.00,1.50
2016.08.05 20:02:50.233,1.45453,1.45479,1.00,1.87
2016.08.05 20:02:50.335,1.45453,1.45479,1.00,2.25
2016.08.05 20:02:50.386,1.45453,1.45479,1.00,1.65
2016.08.05 20:02:50.488,1.45451,1.45479,1.00,1.65
2016.08.05 20:02:50.539,1.45451,1.45479,1.00,1.27
2016.08.05 20:02:50.590,1.4545,1.45479,1.50,1.27
2016.08.05 20:02:50.641,1.4545,1.45479,1.50,1.87
2016.08.05 20:02:50.743,1.4545,1.45479,1.50,1.50
2016.08.05 20:02:51.622,1.45453,1.45479,1.00,1.50
2016.08.05 20:02:53.537,1.45453,1.45479,1.00,1.87
2016.08.05 20:02:56.464,1.45453,1.45478,1.00,1.45
2016.08.05 20:02:56.570,1.45453,1.45478,1.00,1.20
2016.08.05 20:02:56.729,1.45451,1.45478,1.00,1.20
2016.08.05 20:02:56.832,1.4545,1.45478,1.50,1.20
2016.08.05 20:02:57.749,1.4545,1.45477,1.50,1.47
2016.08.05 20:02:58.469,1.4545,1.45477,1.50,1.10
2016.08.05 20:02:58.571,1.4545,1.45479,1.50,1.87
2016.08.05 20:02:59.721,1.45453,1.45479,1.00,1.87
2016.08.05 20:03:00.135,1.45453,1.45478,1.00,1.07
2016.08.05 20:03:00.186,1.45453,1.45478,1.00,1.20
2016.08.05 20:03:01.131,1.45453,1.45478,1.00,1.07
2016.08.05 20:03:01.307,1.45453,1.45479,1.00,2.25
2016.08.05 20:03:02.437,1.45453,1.45479,1.00,3.00
2016.08.05 20:03:02.640,1.45451,1.45479,1.00,3.00
2016.08.05 20:03:02.691,1.45451,1.45478,1.00,1.45
2016.08.05 20:03:02.742,1.45451,1.45478,1.00,1.20
2016.08.05 20:03:02.793,1.45451,1.45478,1.00,1.07
2016.08.05 20:03:04.361,1.45451,1.45479,1.00,3.00
2016.08.05 20:03:04.417,1.45451,1.45478,1.00,1.07
2016.08.05 20:03:04.536,1.45451,1.45478,1.00,1.20
2016.08.05 20:03:06.438,1.45451,1.45478,1.00,1.07
2016.08.05 20:03:06.591,1.45451,1.45478,1.00,1.12
2016.08.05 20:03:06.693,1.45451,1.45479,1.00,3.00
2016.08.05 20:03:08.241,1.45451,1.45479,1.00,2.62
2016.08.05 20:03:08.343,1.45451,1.45479,1.00,2.25
2016.08.05 20:03:09.845,1.45451,1.45479,1.00,2.62
2016.08.05 20:03:09.998,1.45452,1.45479,1.00,2.32
2016.08.05 20:03:10.304,1.45452,1.45478,1.00,1.07
2016.08.05 20:03:10.355,1.45452,1.45478,1.00,1.45
2016.08.05 20:03:13.079,1.45452,1.45478,1.00,1.50
2016.08.05 20:03:13.330,1.45452,1.45478,1.00,1.87
2016.08.05 20:03:13.898,1.45452,1.45478,1.00,1.82
2016.08.05 20:03:14.150,1.45452,1.45478,1.00,1.87
2016.08.05 20:03:14.202,1.45452,1.45477,1.00,1.20
2016.08.05 20:03:14.253,1.45452,1.45477,1.00,1.27
2016.08.05 20:03:14.354,1.45451,1.45476,1.00,1.00
2016.08.05 20:03:14.456,1.45449,1.45476,1.00,1.00
2016.08.05 20:03:17.108,1.45449,1.45476,1.00,1.12
2016.08.05 20:03:17.159,1.4545,1.45476,1.00,1.12
2016.08.05 20:03:17.211,1.4545,1.45476,1.00,1.50
2016.08.05 20:03:17.262,1.4545,1.45476,1.00,1.87
2016.08.05 20:03:17.415,1.4545,1.45476,1.00,1.37
2016.08.05 20:03:19.337,1.4545,1.45476,1.00,1.12
2016.08.05 20:03:19.388,1.4545,1.45476,1.00,1.50
2016.08.05 20:03:19.483,1.4545,1.45476,1.00,1.87
2016.08.05 20:03:19.901,1.4545,1.45476,1.00,1.12
2016.08.05 20:03:19.985,1.45449,1.45476,1.00,1.00
2016.08.05 20:03:20.198,1.45449,1.45476,1.00,1.00
2016.08.05 20:03:20.249,1.45449,1.45476,1.12,1.00
2016.08.05 20:03:20.428,1.45449,1.45476,1.20,1.00
2016.08.05 20:03:20.803,1.45449,1.45476,1.20,1.12
2016.08.05 20:03:22.039,1.45449,1.45476,1.20,1.00
2016.08.05 20:03:27.071,1.45451,1.45476,1.00,1.00
2016.08.05 20:03:29.186,1.4545,1.45476,1.00,1.00
2016.08.05 20:03:29.411,1.45451,1.45478,1.00,1.57
2016.08.05 20:03:30.675,1.45451,1.45478,1.00,1.20
2016.08.05 20:03:30.726,1.45451,1.45478,1.00,1.57
2016.08.05 20:03:30.777,1.45452,1.45478,1.00,1.20
2016.08.05 20:03:30.879,1.45452,1.45478,1.00,1.12
2016.08.05 20:03:32.865,1.4545,1.45478,1.50,1.50
2016.08.05 20:03:33.044,1.4545,1.45477,1.50,1.00
2016.08.05 20:03:33.095,1.4545,1.45477,1.50,1.12
2016.08.05 20:03:38.241,1.4545,1.45477,1.50,1.00
2016.08.05 20:03:38.347,1.4545,1.45478,1.50,1.37
2016.08.05 20:03:38.500,1.4545,1.45478,1.50,1.12
2016.08.05 20:03:39.760,1.4545,1.45478,1.50,1.50
2016.08.05 20:03:39.811,1.4545,1.45478,1.50,2.25
2016.08.05 20:03:39.913,1.4545,1.45477,1.50,1.12
2016.08.05 20:03:41.782,1.4545,1.45478,1.50,2.32
2016.08.05 20:03:41.833,1.4545,1.45478,1.50,1.95
2016.08.05 20:03:44.565,1.4545,1.45478,1.00,1.95
2016.08.05 20:03:45.065,1.4545,1.45478,1.00,1.57
2016.08.05 20:03:45.117,1.4545,1.45478,1.10,1.20
2016.08.05 20:03:45.168,1.4545,1.45478,1.10,1.10
2016.08.05 20:03:46.081,1.4545,1.45477,1.10,1.00
2016.08.05 20:03:46.311,1.4545,1.45478,1.10,1.85
2016.08.05 20:03:46.368,1.4545,1.45477,1.10,1.12
2016.08.05 20:03:46.907,1.4545,1.45478,1.10,1.57
2016.08.05 20:03:47.716,1.4545,1.45478,1.00,1.75
2016.08.05 20:03:47.818,1.4545,1.45477,1.00,1.45
2016.08.05 20:03:47.870,1.4545,1.45477,1.00,1.07
2016.08.05 20:03:47.922,1.4545,1.45478,1.00,1.57
2016.08.05 20:03:48.878,1.4545,1.45479,1.00,1.87
2016.08.05 20:03:48.980,1.45451,1.45479,1.00,1.50
2016.08.05 20:03:52.671,1.45451,1.45479,1.10,1.20
2016.08.05 20:03:52.722,1.45451,1.45479,1.10,1.57
2016.08.05 20:03:52.773,1.45451,1.45478,1.10,1.00
2016.08.05 20:03:52.824,1.45451,1.45478,1.00,1.10
2016.08.05 20:03:52.926,1.45451,1.45479,1.00,1.95
2016.08.05 20:03:53.724,1.45451,1.45478,1.00,1.10
2016.08.05 20:03:54.345,1.45451,1.45478,1.00,1.47
2016.08.05 20:03:54.505,1.4545,1.45479,1.50,1.95
2016.08.05 20:03:54.557,1.4545,1.45479,1.50,1.57
2016.08.05 20:03:54.608,1.4545,1.45479,1.00,1.57
2016.08.05 20:03:56.814,1.45451,1.45479,1.00,1.57
2016.08.05 20:04:00.248,1.45451,1.45479,1.00,1.95
2016.08.05 20:04:00.796,1.4545,1.45479,1.00,1.95
2016.08.05 20:04:01.021,1.4545,1.45474,1.00,1.00
2016.08.05 20:04:01.073,1.4545,1.45474,1.00,1.75
2016.08.05 20:04:01.125,1.4545,1.45473,1.00,1.12
2016.08.05 20:04:01.176,1.45449,1.45473,1.00,1.25
2016.08.05 20:04:01.228,1.45449,1.45473,1.00,1.25
2016.08.05 20:04:01.279,1.45449,1.45474,1.10,1.69
2016.08.05 20:04:01.330,1.45449,1.45473,1.10,1.25
2016.08.05 20:04:01.572,1.45449,1.45474,1.00,1.69
2016.08.05 20:04:02.164,1.45449,1.45474,1.00,2.06
2016.08.05 20:04:03.728,1.45449,1.45474,1.00,1.76
2016.08.05 20:04:03.780,1.45449,1.45474,1.00,1.76
2016.08.05 20:04:03.882,1.4545,1.45473,1.00,1.62
2016.08.05 20:04:04.394,1.45449,1.45473,1.00,1.62
2016.08.05 20:04:04.872,1.45449,1.45473,1.00,2.06
2016.08.05 20:04:05.253,1.45449,1.45472,1.00,1.37
2016.08.05 20:04:05.356,1.45449,1.45471,1.00,1.37
2016.08.05 20:04:05.407,1.45447,1.45471,1.00,1.47
2016.08.05 20:04:05.458,1.45447,1.45472,1.00,1.87
2016.08.05 20:04:05.509,1.45449,1.45472,1.00,1.87
2016.08.05 20:04:05.562,1.45449,1.45471,1.00,1.10
2016.08.05 20:04:05.613,1.45448,1.4547,1.00,1.00
2016.08.05 20:04:05.664,1.45448,1.45471,1.00,1.87
2016.08.05 20:04:05.716,1.45448,1.45471,1.00,1.37
2016.08.05 20:04:05.767,1.45448,1.45471,1.00,1.20
2016.08.05 20:04:05.818,1.45447,1.45472,1.50,2.25
2016.08.05 20:04:05.869,1.45447,1.45472,1.50,1.95
2016.08.05 20:04:05.921,1.45446,1.45472,1.00,1.95
2016.08.05 20:04:05.972,1.45446,1.4547,1.00,1.00
2016.08.05 20:04:06.023,1.45446,1.45472,1.00,2.32
2016.08.05 20:04:06.125,1.45448,1.45472,1.00,2.32
2016.08.05 20:04:06.177,1.45448,1.45472,1.00,1.57
2016.08.05 20:04:07.237,1.45448,1.45472,1.00,2.32
2016.08.05 20:04:07.289,1.45448,1.45472,1.00,2.70
2016.08.05 20:04:07.775,1.45448,1.45471,1.00,1.47
2016.08.05 20:04:07.827,1.45446,1.45469,1.00,1.00
2016.08.05 20:04:07.879,1.45446,1.45467,1.00,1.75
2016.08.05 20:04:08.040,1.45443,1.45464,1.00,1.12
2016.08.05 20:04:08.092,1.45442,1.45464,1.00,1.12
2016.08.05 20:04:08.295,1.45441,1.45464,1.50,1.12
2016.08.05 20:04:08.610,1.45443,1.45464,1.00,1.12
2016.08.05 20:04:11.169,1.45443,1.45465,1.00,1.75
2016.08.05 20:04:11.374,1.45445,1.45469,1.00,2.25
2016.08.05 20:04:11.425,1.45445,1.45469,1.00,1.50
2016.08.05 20:04:11.747,1.45449,1.45469,1.00,1.50
2016.08.05 20:04:14.241,1.45449,1.45469,1.00,1.12
2016.08.05 20:04:14.343,1.45449,1.45469,1.00,1.00
2016.08.05 20:04:16.019,1.45451,1.45469,1.00,1.00
2016.08.05 20:04:16.449,1.45444,1.45466,1.00,1.37
2016.08.05 20:04:16.501,1.45441,1.45463,1.00,1.12
2016.08.05 20:04:16.553,1.45441,1.45461,1.00,1.31
2016.08.05 20:04:16.604,1.4544,1.45461,1.00,2.06
2016.08.05 20:04:16.656,1.45436,1.45457,1.50,1.00
2016.08.05 20:04:16.707,1.45436,1.45457,1.00,1.37
2016.08.05 20:04:16.758,1.45435,1.45458,1.00,1.75
2016.08.05 20:04:16.987,1.45431,1.45457,1.69,1.50
2016.08.05 20:04:17.433,1.45431,1.45456,1.69,1.37
2016.08.05 20:04:17.484,1.45431,1.45453,1.69,1.37
2016.08.05 20:04:17.535,1.45431,1.45453,1.25,1.37
2016.08.05 20:04:17.637,1.45431,1.45453,1.25,1.37
2016.08.05 20:04:17.688,1.45431,1.45453,1.00,1.00
2016.08.05 20:04:17.841,1.4543,1.45453,1.00,1.00
2016.08.05 20:04:18.150,1.4543,1.45454,1.00,1.00
2016.08.05 20:04:18.209,1.4543,1.45456,1.00,2.62
2016.08.05 20:04:18.769,1.4543,1.45456,1.00,3.00
2016.08.05 20:04:18.820,1.4543,1.45456,1.00,3.75
2016.08.05 20:04:19.553,1.4543,1.45456,1.00,3.82
2016.08.05 20:04:20.559,1.4543,1.45455,1.00,1.37
2016.08.05 20:04:20.735,1.4543,1.45453,1.00,1.00
2016.08.05 20:04:20.836,1.45429,1.45453,1.50,1.00
2016.08.05 20:04:22.222,1.45428,1.45453,1.01,1.00
2016.08.05 20:04:22.274,1.45428,1.45452,1.00,1.00
2016.08.05 20:04:22.325,1.45426,1.45452,1.84,1.00
2016.08.05 20:04:22.376,1.45426,1.45452,1.50,1.20
2016.08.05 20:04:22.427,1.45426,1.45452,1.00,1.20
2016.08.05 20:04:22.478,1.45426,1.45452,1.00,1.20
2016.08.05 20:04:22.580,1.45426,1.45452,1.00,1.47
2016.08.05 20:04:22.735,1.45426,1.45452,1.00,1.47
2016.08.05 20:04:22.837,1.45426,1.45452,1.00,1.95
2016.08.05 20:04:24.992,1.45425,1.45447,1.25,1.75
2016.08.05 20:04:25.193,1.45424,1.45447,1.19,2.25
2016.08.05 20:04:25.244,1.45424,1.45446,1.19,1.20
2016.08.05 20:04:25.347,1.45422,1.45446,1.19,1.10
2016.08.05 20:04:25.449,1.45422,1.45446,1.19,1.00
2016.08.05 20:04:30.142,1.45423,1.45446,1.19,1.00
2016.08.05 20:04:30.308,1.45423,1.45446,1.19,1.12
2016.08.05 20:04:30.360,1.45423,1.45446,1.19,1.50
2016.08.05 20:04:32.929,1.45423,1.45444,1.19,1.00
2016.08.05 20:04:34.076,1.45416,1.45444,1.87,1.00
2016.08.05 20:04:34.127,1.45416,1.45444,1.12,1.00
2016.08.05 20:04:34.229,1.45416,1.45444,1.12,1.37
2016.08.05 20:04:35.781,1.45416,1.45444,1.12,1.00
2016.08.05 20:04:36.835,1.45416,1.45442,1.12,1.00
2016.08.05 20:04:40.380,1.45416,1.45442,1.00,1.00
2016.08.05 20:04:40.431,1.45416,1.45445,1.00,1.65
2016.08.05 20:04:40.533,1.45416,1.45445,1.00,1.20
2016.08.05 20:04:41.427,1.45416,1.45445,1.19,1.20
2016.08.05 20:04:41.478,1.45416,1.45443,1.19,1.00
2016.08.05 20:04:44.658,1.45416,1.45443,1.69,1.00
2016.08.05 20:04:44.710,1.45416,1.45442,1.87,1.12
2016.08.05 20:04:44.761,1.45416,1.4544,1.37,1.00
2016.08.05 20:04:44.851,1.45415,1.45439,1.37,1.50
2016.08.05 20:04:44.902,1.45411,1.45438,1.50,1.50
2016.08.05 20:04:44.954,1.45411,1.45437,1.95,1.37
2016.08.05 20:04:45.006,1.45411,1.45437,1.57,1.37
2016.08.05 20:04:45.057,1.45413,1.45437,1.00,1.37
2016.08.05 20:04:45.108,1.45413,1.45437,1.00,1.00
2016.08.05 20:04:45.160,1.45414,1.45433,1.00,1.00
2016.08.05 20:04:45.468,1.45414,1.45436,1.00,1.50
2016.08.05 20:04:45.570,1.45414,1.45436,1.00,1.00
2016.08.05 20:04:49.065,1.45414,1.45434,1.00,1.00
2016.08.05 20:04:54.240,1.45414,1.45434,1.00,1.37
2016.08.05 20:04:54.292,1.45405,1.45431,1.00,2.25
2016.08.05 20:04:54.344,1.45401,1.4543,1.75,1.42
2016.08.05 20:04:54.434,1.45401,1.4543,1.75,1.05
2016.08.05 20:04:54.486,1.45401,1.45431,2.32,1.50
2016.08.05 20:04:54.537,1.45401,1.45431,1.95,1.50
2016.08.05 20:04:54.588,1.45403,1.45431,1.00,1.50
2016.08.05 20:04:54.640,1.45403,1.4543,1.12,1.00
2016.08.05 20:04:54.691,1.45403,1.4543,1.50,1.00
2016.08.05 20:04:54.794,1.45403,1.4543,2.25,1.00
2016.08.05 20:04:54.863,1.45403,1.4543,2.25,1.50
2016.08.05 20:04:54.965,1.45403,1.4543,1.50,1.50
2016.08.05 20:04:55.091,1.45402,1.4543,1.37,1.34
2016.08.05 20:04:55.143,1.45401,1.4543,1.50,1.39
2016.08.05 20:04:55.194,1.45401,1.4543,1.50,1.87
2016.08.05 20:04:55.247,1.45401,1.4543,1.50,2.17
2016.08.05 20:04:55.349,1.45401,1.45427,1.50,1.05
2016.08.05 20:04:55.400,1.45401,1.45427,1.00,1.54
2016.08.05 20:04:55.502,1.45401,1.45427,1.00,1.87
2016.08.05 20:04:55.553,1.45401,1.45425,1.00,1.00
2016.08.05 20:04:55.706,1.45401,1.45425,1.00,1.12
2016.08.05 20:04:58.296,1.45402,1.45427,1.00,1.50
2016.08.05 20:04:59.572,1.45402,1.45427,1.00,1.50
2016.08.05 20:05:01.880,1.45403,1.45427,1.00,1.50
2016.08.05 20:05:01.983,1.45403,1.45427,1.00,1.20
2016.08.05 20:05:02.034,1.45403,1.45427,1.00,1.20
2016.08.05 20:05:02.086,1.45403,1.45427,1.19,1.10
2016.08.05 20:05:02.188,1.45403,1.45427,1.19,1.00
2016.08.05 20:05:02.292,1.45407,1.45432,1.19,2.25
2016.08.05 20:05:02.343,1.45409,1.45432,1.29,2.25
2016.08.05 20:05:02.394,1.45409,1.45432,1.39,1.87
2016.08.05 20:05:02.446,1.45416,1.45432,1.00,1.50
2016.08.05 20:05:02.600,1.45418,1.45438,1.00,1.45
2016.08.05 20:05:02.651,1.45418,1.45439,1.00,3.07
2016.08.05 20:05:02.829,1.45415,1.45439,1.25,1.57
2016.08.05 20:05:02.880,1.45415,1.45439,1.19,1.57
2016.08.05 20:05:03.033,1.45418,1.45439,1.00,1.57
2016.08.05 20:05:03.085,1.45418,1.45439,1.00,1.87
2016.08.05 20:05:03.136,1.45418,1.45437,1.00,1.00
2016.08.05 20:05:03.187,1.45418,1.45437,1.00,1.10
2016.08.05 20:05:03.289,1.45418,1.45437,1.00,1.20
2016.08.05 20:05:03.664,1.4542,1.45437,1.00,1.20
2016.08.05 20:05:04.434,1.45422,1.45437,1.00,1.10
2016.08.05 20:05:04.485,1.45422,1.45437,1.00,1.00
2016.08.05 20:05:04.791,1.45422,1.45439,1.00,1.20
2016.08.05 20:05:06.176,1.45419,1.45439,1.00,1.20
2016.08.05 20:05:06.278,1.45419,1.45442,1.00,1.75
2016.08.05 20:05:06.380,1.45419,1.45442,1.00,1.50
2016.08.05 20:05:06.431,1.45423,1.45442,1.00,1.50
2016.08.05 20:05:06.522,1.45423,1.45442,1.00,1.12
2016.08.05 20:05:06.573,1.45423,1.45442,1.00,1.00
2016.08.05 20:05:07.768,1.45421,1.45442,1.00,1.00
2016.08.05 20:05:08.290,1.45418,1.45442,1.00,1.00
2016.08.05 20:05:08.341,1.45416,1.45442,1.69,1.00
2016.08.05 20:05:08.443,1.45416,1.45442,1.25,1.00
2016.08.05 20:05:08.927,1.45417,1.45442,1.00,1.00
2016.08.05 20:05:09.029,1.45417,1.45442,1.29,1.00
2016.08.05 20:05:09.131,1.45419,1.45442,1.25,1.00
2016.08.05 20:05:09.864,1.45419,1.45445,1.25,1.00
2016.08.05 20:05:10.921,1.45419,1.45445,1.69,1.00
2016.08.05 20:05:13.337,1.45418,1.45445,1.00,1.00
2016.08.05 20:05:13.439,1.45418,1.45445,1.00,1.20
2016.08.05 20:05:13.643,1.45418,1.45445,1.50,1.20
2016.08.05 20:05:13.903,1.45419,1.45445,1.00,1.20
2016.08.05 20:05:14.180,1.4542,1.45445,1.00,1.10
2016.08.05 20:05:14.232,1.4542,1.45445,1.19,1.00
2016.08.05 20:05:14.283,1.4542,1.45445,1.29,1.00
2016.08.05 20:05:14.743,1.45422,1.45445,1.19,1.00
2016.08.05 20:05:14.794,1.45422,1.4545,1.19,3.00
2016.08.05 20:05:15.035,1.45422,1.4545,1.19,3.75
2016.08.05 20:05:15.086,1.45422,1.4545,1.25,4.12
2016.08.05 20:05:15.137,1.45421,1.4545,1.19,4.12
2016.08.05 20:05:15.310,1.45421,1.45447,1.00,1.75
2016.08.05 20:05:15.463,1.45419,1.45446,1.50,1.50
2016.08.05 20:05:16.100,1.45419,1.45446,1.00,1.50
2016.08.05 20:05:16.151,1.45419,1.45446,1.00,2.25
2016.08.05 20:05:17.114,1.45419,1.45445,1.00,1.75
2016.08.05 20:05:17.700,1.45419,1.45445,1.00,1.50
2016.08.05 20:05:18.223,1.45419,1.45446,1.00,1.50
2016.08.05 20:05:18.610,1.45419,1.45446,1.50,2.25
2016.08.05 20:05:18.924,1.45419,1.45446,1.00,2.25
2016.08.05 20:05:19.026,1.45419,1.45445,1.00,1.20
2016.08.05 20:05:20.455,1.45419,1.45444,1.00,1.10
2016.08.05 20:05:23.262,1.45419,1.45445,1.00,1.20
2016.08.05 20:05:26.244,1.45419,1.45445,1.19,1.00
2016.08.05 20:05:26.295,1.45419,1.45446,1.19,1.00
2016.08.05 20:05:26.499,1.45419,1.45446,1.19,1.00
2016.08.05 20:05:26.880,1.45419,1.45446,1.00,1.00
2016.08.05 20:05:41.370,1.45419,1.45446,2.44,1.00
2016.08.05 20:05:41.421,1.4542,1.45446,1.19,1.00
2016.08.05 20:05:41.542,1.45419,1.45446,3.19,1.00
2016.08.05 20:05:41.611,1.45423,1.45448,1.31,1.00
2016.08.05 20:05:41.713,1.45425,1.45449,1.19,1.00
2016.08.05 20:05:42.026,1.45425,1.45449,2.06,1.00
2016.08.05 20:05:42.077,1.45426,1.45449,1.25,1.50
2016.08.05 20:05:42.433,1.45426,1.45449,1.25,1.00
2016.08.05 20:05:43.226,1.45426,1.45449,1.69,1.00
2016.08.05 20:05:43.277,1.45426,1.45449,1.25,1.00
2016.08.05 20:05:44.670,1.4543,1.45449,1.12,1.00
2016.08.05 20:05:44.773,1.45433,1.45452,1.12,1.00
2016.08.05 20:05:44.986,1.45434,1.45454,1.12,1.00
2016.08.05 20:05:45.147,1.45434,1.45456,1.12,1.00
2016.08.05 20:05:45.453,1.45438,1.45458,1.12,1.00
2016.08.05 20:05:45.555,1.45438,1.4546,1.12,1.50
2016.08.05 20:05:45.657,1.45438,1.4546,1.12,1.00
2016.08.05 20:05:47.469,1.45438,1.45461,1.12,1.00
2016.08.05 20:05:47.785,1.4544,1.45461,1.12,1.00
2016.08.05 20:05:48.093,1.45442,1.45461,1.12,1.00
2016.08.05 20:05:48.637,1.45441,1.45461,1.12,1.00
2016.08.05 20:06:00.174,1.45441,1.45462,1.12,1.00
2016.08.05 20:06:04.148,1.45439,1.45462,1.75,1.00
2016.08.05 20:06:05.909,1.45437,1.45462,1.12,1.00
2016.08.05 20:06:07.213,1.45441,1.45462,1.12,1.00
2016.08.05 20:06:07.315,1.45438,1.45462,1.12,1.00
2016.08.05 20:06:25.688,1.45438,1.45462,1.87,1.00
2016.08.05 20:06:25.741,1.45438,1.45465,2.62,1.00
2016.08.05 20:06:25.843,1.45438,1.45466,2.62,1.12
2016.08.05 20:06:25.894,1.45438,1.45466,2.62,1.00
2016.08.05 20:06:32.965,1.45441,1.45466,1.69,1.00
2016.08.05 20:06:33.016,1.45441,1.45469,2.44,1.50
2016.08.05 20:06:33.387,1.45443,1.45469,1.94,1.50
2016.08.05 20:06:33.438,1.45444,1.45469,1.69,1.50
2016.08.05 20:06:33.744,1.45444,1.45469,1.94,1.50
2016.08.05 20:06:33.822,1.45443,1.45469,1.31,1.50
2016.08.05 20:06:34.015,1.45443,1.45468,1.31,1.00
2016.08.05 20:06:34.270,1.45444,1.45468,1.94,1.00
2016.08.05 20:06:35.370,1.45443,1.45468,1.31,1.00
2016.08.05 20:06:35.824,1.45445,1.45468,1.69,1.00
2016.08.05 20:06:36.925,1.45443,1.45468,2.06,1.00
2016.08.05 20:06:38.768,1.45443,1.45468,2.81,1.00
2016.08.05 20:06:38.819,1.45443,1.45469,2.81,1.50
2016.08.05 20:06:41.148,1.45443,1.45469,2.06,1.50
2016.08.05 20:06:43.850,1.45443,1.45469,2.06,1.50
2016.08.05 20:06:44.966,1.45443,1.45469,2.06,1.87
2016.08.05 20:06:45.017,1.45443,1.45468,2.06,1.00
2016.08.05 20:06:45.104,1.45441,1.45468,1.31,1.12
2016.08.05 20:06:45.155,1.4544,1.45468,1.94,1.12
2016.08.05 20:06:45.257,1.4544,1.45466,1.94,1.00
2016.08.05 20:06:46.699,1.4544,1.45466,1.69,1.00
2016.08.05 20:06:46.750,1.45442,1.45466,1.29,1.00
2016.08.05 20:06:49.867,1.45442,1.45464,1.29,1.00
2016.08.05 20:06:50.078,1.4544,1.45464,1.69,1.00
2016.08.05 20:06:51.279,1.4544,1.45464,2.44,1.00
2016.08.05 20:06:51.330,1.45441,1.45467,1.39,1.00
2016.08.05 20:06:51.381,1.45443,1.45467,1.19,1.00
2016.08.05 20:06:51.432,1.45443,1.45468,1.29,1.00
2016.08.05 20:06:51.857,1.45441,1.45468,3.19,1.00
2016.08.05 20:06:51.908,1.45441,1.45468,2.44,1.00
2016.08.05 20:06:52.462,1.45445,1.45468,1.19,1.00
2016.08.05 20:06:52.515,1.45445,1.45469,1.56,1.50
2016.08.05 20:06:52.566,1.45445,1.45469,1.94,1.50
2016.08.05 20:06:52.617,1.45445,1.45469,1.94,1.00
2016.08.05 20:06:52.669,1.45444,1.45468,2.81,1.00
2016.08.05 20:06:52.875,1.45447,1.45468,1.39,1.00
2016.08.05 20:06:52.942,1.45446,1.45468,1.69,1.00
2016.08.05 20:06:53.058,1.45447,1.45468,1.39,1.00
2016.08.05 20:06:54.164,1.45447,1.45471,1.39,1.50
2016.08.05 20:06:54.266,1.45447,1.45471,1.39,1.00
2016.08.05 20:06:58.553,1.45446,1.45471,1.69,1.00
2016.08.05 20:06:59.177,1.45444,1.45471,2.44,1.00
2016.08.05 20:06:59.279,1.45444,1.45471,1.94,1.00
2016.08.05 20:06:59.381,1.45444,1.45471,1.94,1.00
2016.08.05 20:06:59.607,1.45444,1.45471,1.94,1.50
2016.08.05 20:07:05.625,1.45444,1.45471,1.39,1.50
2016.08.05 20:07:07.582,1.45444,1.45469,1.39,1.37
2016.08.05 20:07:07.634,1.45444,1.45468,1.20,1.87
2016.08.05 20:07:07.686,1.45444,1.45467,1.20,1.50
2016.08.05 20:07:07.737,1.45443,1.45467,1.12,1.50
2016.08.05 20:07:07.788,1.45443,1.45467,1.12,2.25
2016.08.05 20:07:07.891,1.45443,1.45465,1.12,1.00
2016.08.05 20:07:08.147,1.45441,1.45465,1.87,1.00
2016.08.05 20:07:08.586,1.45441,1.45465,1.75,1.00
2016.08.05 20:07:08.688,1.45441,1.45468,1.75,1.50
2016.08.05 20:07:08.739,1.45441,1.45468,1.50,1.50
2016.08.05 20:07:08.790,1.45441,1.45468,1.50,1.00
2016.08.05 20:07:08.958,1.45444,1.45469,1.10,1.00
2016.08.05 20:07:13.664,1.45445,1.45469,1.00,1.00
2016.08.05 20:07:13.970,1.45447,1.45469,1.00,1.00
2016.08.05 20:07:20.209,1.45447,1.45471,1.00,1.00
2016.08.05 20:07:23.126,1.45447,1.45469,1.00,1.00
2016.08.05 20:07:23.229,1.45447,1.45471,1.00,1.00
2016.08.05 20:07:23.408,1.45444,1.45471,1.20,1.50
2016.08.05 20:07:23.460,1.45444,1.45471,1.00,1.95
2016.08.05 20:07:23.512,1.45444,1.45471,1.00,2.70
2016.08.05 20:07:23.667,1.45444,1.45471,1.00,3.45
2016.08.05 20:07:23.718,1.45444,1.4547,1.00,1.37
2016.08.05 20:07:23.858,1.45444,1.4547,1.00,1.37
2016.08.05 20:07:23.909,1.45444,1.45467,1.00,1.00
2016.08.05 20:07:24.165,1.45441,1.45467,1.95,1.00
2016.08.05 20:07:31.579,1.45441,1.45467,1.47,1.00
2016.08.05 20:07:32.037,1.45441,1.45467,1.10,1.00
2016.08.05 20:07:34.255,1.45442,1.45467,1.00,1.00
2016.08.05 20:07:34.509,1.45442,1.45469,1.50,1.57
2016.08.05 20:07:34.561,1.45442,1.45469,2.25,1.50
2016.08.05 20:07:34.612,1.45446,1.45469,1.00,1.00
2016.08.05 20:07:34.664,1.45446,1.45469,1.10,1.00
2016.08.05 20:07:34.715,1.45446,1.45471,1.10,1.50
2016.08.05 20:07:34.918,1.45446,1.45471,1.10,1.00
2016.08.05 20:07:56.622,1.45446,1.45469,1.10,1.00
2016.08.05 20:07:59.064,1.45444,1.45467,1.10,1.00
2016.08.05 20:07:59.115,1.45444,1.45467,1.00,1.00
2016.08.05 20:07:59.270,1.45441,1.45467,1.10,1.00
2016.08.05 20:07:59.585,1.45443,1.45467,1.00,1.00
2016.08.05 20:07:59.636,1.45443,1.45467,1.10,1.00
2016.08.05 20:08:12.300,1.45443,1.45469,1.10,1.00
2016.08.05 20:08:12.352,1.45443,1.45469,1.10,1.50
2016.08.05 20:08:12.454,1.45443,1.45469,1.10,1.00
2016.08.05 20:08:12.871,1.45443,1.45469,1.10,1.50
2016.08.05 20:08:14.251,1.45444,1.45469,1.00,1.50
2016.08.05 20:08:14.969,1.45444,1.45468,1.00,1.00
2016.08.05 20:08:17.648,1.45444,1.45468,1.50,1.00
2016.08.05 20:08:17.701,1.45447,1.45471,1.10,1.50
2016.08.05 20:08:17.753,1.45447,1.45471,1.10,1.00
2016.08.05 20:08:17.958,1.45444,1.45471,2.25,1.00
2016.08.05 20:08:18.009,1.45444,1.45471,1.95,1.50
2016.08.05 20:08:18.162,1.45444,1.45468,1.95,1.00
2016.08.05 20:08:18.213,1.45444,1.45468,1.57,1.00
2016.08.05 20:08:18.264,1.45444,1.45468,1.50,1.00
2016.08.05 20:08:22.603,1.45444,1.4547,1.50,1.00
2016.08.05 20:08:22.655,1.45444,1.45471,1.95,1.50
2016.08.05 20:08:22.706,1.45446,1.45471,1.10,1.50
2016.08.05 20:08:22.860,1.45446,1.45471,1.20,1.00
2016.08.05 20:08:23.125,1.45447,1.45471,1.10,1.00
2016.08.05 20:08:30.266,1.45447,1.45471,1.10,1.50
2016.08.05 20:08:39.505,1.45448,1.45471,1.00,1.00
2016.08.05 20:08:39.556,1.45448,1.45471,1.12,1.00
2016.08.05 20:08:39.608,1.45451,1.45471,1.00,1.00
2016.08.05 20:08:40.149,1.45451,1.45472,1.00,1.00
2016.08.05 20:08:41.971,1.45451,1.45472,1.00,1.12
2016.08.05 20:08:42.024,1.45451,1.45469,1.00,1.00
2016.08.05 20:08:45.779,1.45451,1.45469,1.00,1.00
2016.08.05 20:08:45.831,1.45451,1.45472,1.00,1.20
2016.08.05 20:08:48.788,1.45451,1.4547,1.00,1.00
2016.08.05 20:08:52.231,1.45451,1.45471,1.00,1.00
2016.08.05 20:08:52.333,1.45451,1.45472,1.00,1.20
2016.08.05 20:08:54.072,1.45451,1.45472,1.00,1.00
2016.08.05 20:08:54.124,1.45451,1.45472,1.00,1.00
2016.08.05 20:08:56.504,1.45451,1.4547,1.00,1.00
2016.08.05 20:08:56.643,1.45451,1.4547,1.00,1.10
2016.08.05 20:08:56.847,1.45449,1.4547,1.00,1.10
2016.08.05 20:08:57.542,1.45449,1.45469,1.00,1.00
2016.08.05 20:09:09.942,1.45449,1.45468,1.00,1.00
2016.08.05 20:09:10.045,1.45449,1.45468,1.00,1.00
2016.08.05 20:09:10.147,1.45449,1.45468,1.00,1.37
2016.08.05 20:09:10.198,1.45449,1.45468,1.00,1.75
2016.08.05 20:09:10.249,1.45449,1.45466,1.00,1.12
2016.08.05 20:09:10.589,1.45449,1.45463,1.00,1.12
2016.08.05 20:09:14.532,1.45449,1.45464,1.00,1.75
2016.08.05 20:09:14.634,1.45449,1.45465,1.00,1.12
2016.08.05 20:09:14.787,1.45449,1.45466,1.00,1.75
2016.08.05 20:09:15.041,1.45446,1.45466,1.00,1.75
2016.08.05 20:09:20.156,1.45446,1.45466,1.00,1.50
2016.08.05 20:09:20.207,1.45446,1.45466,1.00,1.12
2016.08.05 20:09:27.279,1.45446,1.45468,1.00,1.87
2016.08.05 20:09:27.482,1.45446,1.45466,1.00,1.12
2016.08.05 20:09:27.534,1.45446,1.45466,1.00,1.00
2016.08.05 20:09:28.441,1.45443,1.45466,1.00,1.00
2016.08.05 20:09:28.543,1.45443,1.45467,1.00,1.12
2016.08.05 20:09:28.594,1.45446,1.45467,1.00,1.87
2016.08.05 20:09:28.645,1.45446,1.45467,1.00,1.00
2016.08.05 20:09:28.697,1.45446,1.45468,1.00,1.20
2016.08.05 20:09:28.844,1.45446,1.45468,1.00,1.12
2016.08.05 20:09:28.896,1.45446,1.45469,1.00,1.37
2016.08.05 20:09:29.048,1.45446,1.45468,1.00,1.12
2016.08.05 20:09:30.131,1.45446,1.45468,1.00,1.00
2016.08.05 20:09:36.751,1.45446,1.45468,1.00,1.00
2016.08.05 20:09:39.299,1.45445,1.45468,1.00,1.00
2016.08.05 20:09:40.159,1.45445,1.45469,1.00,1.20
2016.08.05 20:09:40.261,1.45446,1.4547,1.00,2.62
2016.08.05 20:09:40.519,1.4545,1.4547,1.00,2.62
2016.08.05 20:09:40.680,1.4545,1.4547,1.00,2.32
2016.08.05 20:09:40.731,1.4545,1.4547,1.00,1.07
2016.08.05 20:09:49.165,1.45448,1.4547,1.00,1.07
2016.08.05 20:09:50.064,1.45448,1.45472,1.00,1.12
2016.08.05 20:09:52.166,1.45449,1.45473,1.25,3.00
2016.08.05 20:09:52.226,1.45449,1.45473,1.69,1.87
2016.08.05 20:09:52.277,1.45449,1.45474,1.69,1.37
2016.08.05 20:09:52.328,1.45449,1.45474,1.69,1.37
2016.08.05 20:09:52.379,1.45449,1.45474,1.69,1.00
2016.08.05 20:09:52.431,1.45453,1.45474,1.00,1.00
2016.08.05 20:09:52.584,1.45453,1.45476,1.00,1.50
2016.08.05 20:09:52.686,1.45453,1.45476,1.00,1.00
2016.08.05 20:09:52.788,1.45453,1.45477,1.00,1.10
2016.08.05 20:09:52.890,1.45453,1.45477,1.00,1.57
2016.08.05 20:09:53.384,1.45456,1.45477,1.00,1.00
2016.08.05 20:09:53.435,1.45456,1.45478,1.00,1.10
2016.08.05 20:09:53.487,1.45456,1.45478,1.00,1.00
2016.08.05 20:09:53.538,1.45456,1.45478,1.00,1.00
2016.08.05 20:09:54.098,1.45458,1.45478,1.00,1.00
2016.08.05 20:09:54.500,1.45458,1.45478,1.25,1.00
2016.08.05 20:09:55.010,1.45458,1.45479,1.25,1.00
2016.08.05 20:09:55.576,1.45459,1.45479,1.00,1.00
2016.08.05 20:09:55.732,1.45458,1.45479,1.25,1.00
2016.08.05 20:09:55.783,1.45458,1.45479,1.00,1.00
2016.08.05 20:09:56.343,1.45458,1.45479,1.25,1.00
2016.08.05 20:09:56.783,1.45461,1.45479,1.00,1.00
2016.08.05 20:09:57.044,1.45461,1.45482,1.00,1.00
2016.08.05 20:09:57.222,1.45458,1.45481,1.25,1.00
2016.08.05 20:09:57.738,1.45461,1.45481,1.00,1.00
2016.08.05 20:10:00.078,1.45459,1.45481,1.00,1.00
2016.08.05 20:10:00.357,1.45459,1.45484,1.00,1.20
2016.08.05 20:10:00.715,1.45459,1.45484,1.00,1.95
2016.08.05 20:10:01.174,1.45458,1.45484,1.25,1.95
2016.08.05 20:10:01.225,1.45458,1.45484,1.25,2.32
2016.08.05 20:10:01.327,1.45458,1.45484,1.25,1.57
2016.08.05 20:10:01.621,1.45458,1.45483,1.25,1.10
2016.08.05 20:10:01.875,1.45459,1.45483,1.00,1.10
2016.08.05 20:10:01.926,1.45459,1.45484,1.00,1.20
2016.08.05 20:10:02.130,1.45459,1.45485,1.00,3.00
2016.08.05 20:10:02.284,1.45459,1.45485,1.00,2.25
2016.08.05 20:10:02.836,1.45459,1.45485,1.19,2.25
2016.08.05 20:10:02.888,1.45459,1.45485,1.19,2.62
2016.08.05 20:10:02.940,1.45459,1.45485,1.19,2.25
2016.08.05 20:10:05.319,1.45459,1.45484,1.19,1.20
2016.08.05 20:10:07.780,1.45459,1.45483,1.00,1.10
2016.08.05 20:10:08.222,1.45459,1.45483,1.00,1.47
2016.08.05 20:10:08.274,1.45459,1.4548,1.00,1.00
2016.08.05 20:10:08.325,1.45456,1.4548,1.00,1.87
2016.08.05 20:10:08.417,1.45455,1.4548,1.00,1.57
2016.08.05 20:10:08.469,1.45455,1.4548,1.00,1.95
2016.08.05 20:10:08.520,1.45455,1.45479,1.00,1.10
2016.08.05 20:10:08.622,1.45455,1.45479,1.00,1.57
2016.08.05 20:10:08.674,1.45455,1.45479,1.00,1.95
2016.08.05 20:10:08.725,1.45455,1.45479,1.00,1.57
2016.08.05 20:10:08.776,1.45455,1.45479,1.00,1.95
2016.08.05 20:10:09.110,1.45455,1.45479,1.00,1.57
2016.08.05 20:10:09.560,1.45455,1.45479,1.00,2.25
2016.08.05 20:10:09.662,1.45455,1.45479,1.00,2.62
2016.08.05 20:10:09.866,1.45455,1.45478,1.00,1.07
2016.08.05 20:10:09.917,1.45455,1.45477,1.00,1.10
2016.08.05 20:10:11.766,1.45455,1.45477,1.00,1.00
2016.08.05 20:10:11.843,1.45453,1.45477,1.00,1.12
2016.08.05 20:10:11.895,1.45453,1.45476,1.00,1.57
2016.08.05 20:10:11.946,1.4545,1.45474,1.00,1.00
2016.08.05 20:10:11.998,1.4545,1.45474,1.00,1.50
2016.08.05 20:10:12.050,1.45447,1.45474,1.19,1.50
2016.08.05 20:10:12.128,1.45447,1.45475,1.50,1.95
2016.08.05 20:10:12.180,1.45447,1.45475,1.87,1.50
2016.08.05 20:10:12.345,1.45447,1.45475,2.25,1.50
2016.08.05 20:10:12.397,1.4545,1.45475,1.00,1.00
2016.08.05 20:10:13.161,1.4545,1.45473,1.00,1.00
2016.08.05 20:10:13.514,1.4545,1.45475,1.00,1.00
2016.08.05 20:10:14.015,1.4545,1.45475,1.00,1.50
2016.08.05 20:10:18.410,1.45452,1.45475,1.00,1.50
2016.08.05 20:10:18.461,1.45452,1.45475,1.00,1.00
2016.08.05 20:10:18.563,1.45452,1.45476,1.00,1.00
2016.08.05 20:10:19.281,1.4545,1.45476,1.50,1.00
2016.08.05 20:10:19.333,1.4545,1.45472,1.50,1.00
2016.08.05 20:10:19.384,1.4545,1.45472,1.00,1.00
2016.08.05 20:10:19.435,1.45446,1.45473,1.12,1.37
2016.08.05 20:10:19.486,1.45443,1.45469,1.00,1.10
2016.08.05 20:10:19.588,1.45442,1.45469,1.50,1.75
2016.08.05 20:10:19.639,1.45442,1.45469,1.00,2.25
2016.08.05 20:10:19.690,1.45442,1.45469,1.00,2.62
2016.08.05 20:10:19.977,1.45442,1.45469,1.00,1.87
2016.08.05 20:10:20.028,1.45442,1.45469,1.00,1.75
2016.08.05 20:10:20.589,1.45442,1.45469,1.00,1.87
2016.08.05 20:10:20.640,1.45442,1.45466,1.00,1.00
2016.08.05 20:10:20.742,1.45439,1.45466,1.00,1.00
2016.08.05 20:10:21.521,1.45439,1.45466,1.00,1.37
2016.08.05 20:10:21.573,1.45439,1.45466,1.00,1.50
2016.08.05 20:10:21.727,1.45439,1.45464,1.00,1.10
2016.08.05 20:10:22.187,1.45439,1.45464,1.00,1.00
2016.08.05 20:10:22.238,1.45439,1.45464,1.00,1.00
2016.08.05 20:10:24.669,1.45438,1.45464,1.50,1.00
2016.08.05 20:10:24.771,1.45441,1.45464,1.00,1.00
2016.08.05 20:10:25.102,1.45441,1.45467,1.00,1.65
2016.08.05 20:10:26.637,1.45441,1.45466,1.00,1.00
2016.08.05 20:10:26.847,1.45441,1.45465,1.00,1.00
2016.08.05 20:10:28.332,1.45441,1.45466,1.00,1.00
2016.08.05 20:10:28.434,1.45441,1.45463,1.00,1.50
2016.08.05 20:10:36.823,1.45441,1.45463,1.50,1.50
2016.08.05 20:10:37.078,1.45441,1.45465,1.00,1.00
2016.08.05 20:10:37.177,1.45441,1.45466,1.50,1.50
2016.08.05 20:10:37.280,1.45441,1.45466,1.50,1.00
2016.08.05 20:10:38.645,1.45441,1.45466,1.50,1.00
2016.08.05 20:10:38.875,1.45441,1.45466,1.00,1.00
2016.08.05 20:10:38.977,1.45441,1.45466,1.00,1.50
2016.08.05 20:10:39.794,1.45441,1.45465,1.00,1.00
2016.08.05 20:10:41.774,1.45441,1.45462,1.00,1.00
2016.08.05 20:10:42.270,1.45441,1.45466,1.00,1.00
2016.08.05 20:10:49.269,1.45442,1.45466,1.00,1.00
2016.08.05 20:10:59.257,1.45441,1.45466,1.00,1.00
2016.08.05 20:11:02.642,1.45444,1.45466,1.50,1.00
2016.08.05 20:11:02.694,1.45449,1.45466,1.19,1.00
2016.08.05 20:11:02.837,1.45456,1.45466,1.69,1.00
2016.08.05 20:11:02.889,1.45456,1.45478,1.69,1.50
2016.08.05 20:11:02.942,1.4546,1.45478,1.12,1.00
2016.08.05 20:11:02.994,1.4546,1.45481,1.31,1.00
2016.08.05 20:11:03.045,1.4546,1.45481,1.31,1.20
2016.08.05 20:11:03.096,1.4546,1.45483,1.31,1.75
2016.08.05 20:11:03.147,1.4546,1.45483,1.12,1.10
2016.08.05 20:11:03.272,1.4546,1.45483,1.87,1.10
2016.08.05 20:11:03.374,1.4546,1.45483,1.87,1.50
2016.08.05 20:11:05.374,1.45461,1.45483,1.00,1.50
2016.08.05 20:11:05.979,1.4546,1.45483,1.50,1.50
2016.08.05 20:11:10.069,1.4546,1.45486,1.50,1.12
2016.08.05 20:11:12.525,1.45461,1.45486,1.00,1.12
2016.08.05 20:11:12.576,1.45461,1.45486,1.00,1.12
2016.08.05 20:11:12.627,1.4546,1.45486,1.00,1.12
2016.08.05 20:11:16.796,1.45461,1.45486,1.00,1.12
2016.08.05 20:11:16.847,1.45461,1.45486,1.00,1.75
2016.08.05 20:11:16.898,1.4546,1.45486,1.00,1.75
2016.08.05 20:11:16.950,1.4546,1.45485,1.00,1.12
2016.08.05 20:11:17.103,1.45461,1.45485,1.00,1.12
2016.08.05 20:11:17.206,1.45459,1.45485,1.00,1.12
2016.08.05 20:11:17.412,1.45459,1.45484,1.00,2.25
2016.08.05 20:11:17.463,1.45458,1.45484,2.25,2.25
2016.08.05 20:11:18.350,1.45458,1.45484,2.25,1.87
2016.08.05 20:11:18.401,1.45458,1.45484,2.25,1.75
2016.08.05 20:11:18.590,1.45458,1.45485,2.25,1.87
2016.08.05 20:11:19.482,1.45458,1.45485,1.50,2.25
2016.08.05 20:11:19.534,1.45458,1.45484,1.00,1.75
2016.08.05 20:11:19.637,1.45458,1.45482,1.00,1.12
2016.08.05 20:11:19.790,1.45458,1.45482,1.00,1.12
2016.08.05 20:11:20.095,1.45456,1.45481,1.00,1.75
2016.08.05 20:11:20.744,1.45457,1.45481,1.00,1.75
2016.08.05 20:11:21.407,1.45455,1.45481,1.50,1.75
2016.08.05 20:11:23.207,1.45458,1.45481,1.00,1.75
2016.08.05 20:11:23.258,1.45458,1.45483,1.00,1.12
2016.08.05 20:11:23.411,1.45458,1.45483,1.50,1.12
2016.08.05 20:11:23.513,1.45458,1.45482,1.50,1.75
2016.08.05 20:11:23.564,1.45458,1.45482,1.69,1.75
2016.08.05 20:11:24.328,1.45459,1.45482,1.19,1.75
2016.08.05 20:11:25.277,1.45459,1.45483,1.19,1.12
2016.08.05 20:11:25.469,1.45459,1.45483,1.19,1.87
2016.08.05 20:11:25.572,1.45459,1.45481,1.19,1.75
2016.08.05 20:11:25.666,1.45458,1.45482,1.19,1.12
2016.08.05 20:11:25.818,1.4546,1.45482,1.25,1.12
2016.08.05 20:11:25.920,1.4546,1.45482,1.25,1.75
2016.08.05 20:11:26.053,1.45461,1.45482,1.00,1.75
2016.08.05 20:11:26.946,1.4546,1.45482,1.25,1.75
2016.08.05 20:11:27.338,1.45461,1.45482,1.00,1.75
2016.08.05 20:11:29.442,1.4546,1.45482,1.25,1.75
2016.08.05 20:11:29.848,1.45461,1.45482,1.00,1.75
2016.08.05 20:11:31.895,1.45461,1.45482,1.00,1.12
2016.08.05 20:11:34.110,1.45459,1.45482,1.19,1.12
2016.08.05 20:11:34.162,1.45459,1.45484,1.19,1.87
2016.08.05 20:11:34.213,1.45458,1.45482,1.19,1.75
2016.08.05 20:11:34.264,1.45458,1.45481,1.19,1.12
2016.08.05 20:11:34.558,1.45458,1.4548,1.69,1.75
2016.08.05 20:11:34.610,1.4546,1.45479,1.25,1.12
2016.08.05 20:11:34.713,1.4546,1.4548,1.25,1.75
2016.08.05 20:11:35.013,1.45458,1.4548,1.69,1.75
2016.08.05 20:11:35.687,1.45458,1.4548,1.69,1.47
2016.08.05 20:11:39.221,1.45459,1.4548,1.00,1.47
2016.08.05 20:11:39.476,1.4546,1.45483,1.00,1.12
2016.08.05 20:11:39.527,1.45461,1.45483,1.00,1.12
2016.08.05 20:11:41.835,1.4546,1.45483,1.00,1.12
2016.08.05 20:11:41.887,1.4546,1.45483,1.00,1.87
2016.08.05 20:11:42.142,1.45458,1.45483,1.50,1.87
2016.08.05 20:11:42.244,1.4546,1.45483,1.00,1.87
2016.08.05 20:11:43.230,1.4546,1.4548,1.00,1.85
2016.08.05 20:11:43.281,1.4546,1.45477,1.00,1.12
2016.08.05 20:11:43.333,1.45458,1.45477,1.00,1.00
2016.08.05 20:11:43.486,1.45458,1.45477,1.19,1.00
2016.08.05 20:11:43.538,1.45456,1.45477,1.19,1.00
2016.08.05 20:11:43.742,1.45458,1.45477,1.19,1.10
2016.08.05 20:11:43.793,1.45458,1.45479,1.19,1.50
2016.08.05 20:11:43.946,1.45459,1.45479,1.25,1.50
2016.08.05 20:11:44.238,1.45459,1.45479,1.69,1.50
2016.08.05 20:11:53.613,1.45459,1.45479,1.50,1.50
2016.08.05 20:11:53.665,1.45459,1.45479,1.50,1.12
2016.08.05 20:11:53.767,1.45461,1.45479,1.00,1.12
2016.08.05 20:11:54.582,1.45459,1.45479,1.50,1.12
2016.08.05 20:11:54.633,1.45461,1.45479,1.00,1.00
2016.08.05 20:11:54.837,1.45463,1.45482,1.00,1.10
2016.08.05 20:11:55.092,1.45463,1.45484,1.00,1.50
2016.08.05 20:11:59.238,1.45464,1.45484,1.00,1.10
2016.08.05 20:11:59.340,1.45464,1.45484,1.00,1.00
2016.08.05 20:11:59.442,1.45466,1.45484,1.00,1.00
2016.08.05 20:11:59.798,1.45466,1.45488,1.00,1.20
2016.08.05 20:12:03.728,1.45466,1.45488,1.00,1.20
2016.08.05 20:12:03.779,1.45465,1.45488,1.00,1.10
2016.08.05 20:12:04.005,1.45464,1.45487,1.00,1.12
2016.08.05 20:12:04.309,1.45464,1.45484,1.00,1.47
2016.08.05 20:12:04.745,1.45462,1.45484,1.00,1.47
2016.08.05 20:12:04.950,1.45462,1.45484,1.00,1.00
2016.08.05 20:12:06.187,1.4546,1.45484,2.25,1.00
2016.08.05 20:12:06.685,1.45461,1.45484,1.00,1.00
2016.08.05 20:12:08.789,1.45462,1.45484,1.00,1.00
2016.08.05 20:12:08.891,1.4546,1.45484,1.50,1.00
2016.08.05 20:12:08.943,1.4546,1.45484,1.69,1.00
2016.08.05 20:12:09.162,1.4546,1.45484,2.44,1.00
2016.08.05 20:12:10.064,1.4546,1.45484,1.69,1.00
2016.08.05 20:12:10.115,1.4546,1.45484,1.19,1.00
2016.08.05 20:12:10.472,1.45462,1.45484,1.00,1.00
2016.08.05 20:12:10.523,1.45462,1.45486,1.00,1.20
2016.08.05 20:12:10.727,1.45462,1.45486,1.00,1.00
2016.08.05 20:12:11.245,1.45462,1.45486,2.25,1.00
2016.08.05 20:12:11.788,1.45463,1.45486,1.00,1.00
2016.08.05 20:12:12.454,1.45462,1.45486,1.50,1.00
2016.08.05 20:12:12.556,1.45462,1.45486,1.00,1.00
2016.08.05 20:12:12.608,1.45461,1.45486,1.69,1.00
2016.08.05 20:12:12.659,1.45461,1.45486,1.25,1.00
2016.08.05 20:12:13.100,1.45461,1.45486,1.69,1.00
2016.08.05 20:12:13.151,1.45461,1.45486,1.25,1.00
2016.08.05 20:12:17.380,1.45461,1.45486,1.19,1.00
2016.08.05 20:12:17.597,1.45463,1.45486,1.00,1.00
2016.08.05 20:12:20.144,1.45463,1.45486,1.00,1.00
2016.08.05 20:12:22.065,1.45463,1.45484,1.00,1.00
2016.08.05 20:12:22.167,1.45464,1.45486,1.00,1.50
2016.08.05 20:12:22.218,1.45464,1.45486,1.19,1.50
2016.08.05 20:12:22.269,1.45469,1.45491,1.00,1.12
2016.08.05 20:12:22.321,1.45469,1.45491,1.00,1.00
2016.08.05 20:12:22.653,1.45472,1.45491,1.00,1.00
2016.08.05 20:12:22.909,1.45474,1.45497,1.00,1.87
2016.08.05 20:12:23.097,1.45474,1.45497,1.00,1.12
2016.08.05 20:12:26.407,1.45474,1.45497,1.00,1.00
2016.08.05 20:12:29.034,1.45474,1.45497,1.00,1.00
2016.08.05 20:12:34.289,1.45473,1.45497,1.00,1.00
2016.08.05 20:12:38.502,1.45474,1.45497,2.25,1.00
2016.08.05 20:12:38.553,1.45474,1.45497,2.25,1.00
2016.08.05 20:12:38.604,1.45474,1.45497,3.00,1.00
2016.08.05 20:12:38.655,1.45477,1.455,1.00,1.00
2016.08.05 20:12:38.809,1.45477,1.45501,1.50,1.00
2016.08.05 20:12:39.013,1.45477,1.45501,1.50,1.12
2016.08.05 20:12:39.064,1.45477,1.45501,1.50,1.87
2016.08.05 20:12:39.472,1.45477,1.45499,1.00,1.00
2016.08.05 20:12:39.574,1.45476,1.45499,1.00,1.00
2016.08.05 20:12:39.625,1.45476,1.45499,1.00,1.00
2016.08.05 20:12:41.671,1.45474,1.45499,1.00,1.00
2016.08.05 20:12:41.824,1.45473,1.45497,1.50,1.00
2016.08.05 20:12:41.926,1.45473,1.45497,1.00,1.00
2016.08.05 20:12:42.678,1.45474,1.45497,1.00,1.00
2016.08.05 20:12:42.823,1.45473,1.45497,1.50,1.00
2016.08.05 20:12:43.027,1.45474,1.45497,1.00,1.00
2016.08.05 20:12:44.431,1.45474,1.45497,1.00,1.00
2016.08.05 20:12:44.738,1.45472,1.45497,1.00,1.00
2016.08.05 20:12:44.789,1.45472,1.45495,1.00,1.00
2016.08.05 20:12:44.840,1.4547,1.45495,1.19,1.00
2016.08.05 20:12:45.193,1.4547,1.45495,1.19,1.00
2016.08.05 20:12:45.244,1.4547,1.45492,1.00,1.00
2016.08.05 20:12:45.448,1.45469,1.45492,1.25,1.00
2016.08.05 20:12:45.651,1.45471,1.45492,1.00,1.00
2016.08.05 20:12:45.753,1.4547,1.45492,1.00,1.00
2016.08.05 20:12:46.528,1.45471,1.45492,1.00,1.00
2016.08.05 20:12:48.429,1.45472,1.45492,1.00,1.00
2016.08.05 20:12:49.630,1.4547,1.45492,1.00,1.00
2016.08.05 20:12:49.732,1.45469,1.45492,1.25,1.00
2016.08.05 20:12:52.899,1.45469,1.45488,1.00,1.00
2016.08.05 20:12:53.052,1.45469,1.45488,1.19,1.00
2016.08.05 20:12:53.154,1.45471,1.45488,1.00,1.00
2016.08.05 20:12:53.257,1.45469,1.45493,1.19,1.00
2016.08.05 20:12:53.594,1.4547,1.45493,1.25,1.00
2016.08.05 20:12:58.263,1.45468,1.45493,1.19,1.00
2016.08.05 20:12:58.928,1.45468,1.45493,1.19,1.12
2016.08.05 20:12:58.980,1.45468,1.45493,1.25,1.12
2016.08.05 20:12:59.031,1.45466,1.45491,1.19,1.00
2016.08.05 20:12:59.082,1.45466,1.45489,1.19,1.00
2016.08.05 20:12:59.599,1.45465,1.45489,1.19,1.00
2016.08.05 20:13:00.469,1.45466,1.45489,1.19,1.00
2016.08.05 20:13:01.645,1.45468,1.45489,1.19,1.00
2016.08.05 20:13:01.918,1.45468,1.45492,1.19,1.00
2016.08.05 20:13:04.666,1.45469,1.45492,1.19,1.00
2016.08.05 20:13:04.768,1.45467,1.45492,1.19,1.00
2016.08.05 20:13:08.019,1.45467,1.45492,1.19,1.00
2016.08.05 20:13:08.479,1.45469,1.45492,1.19,1.00
2016.08.05 20:13:11.456,1.45467,1.45492,1.19,1.00
2016.08.05 20:13:11.660,1.45467,1.45492,1.00,1.00
2016.08.05 20:13:12.489,1.45467,1.45491,1.00,1.00
2016.08.05 20:13:13.495,1.45467,1.45492,1.00,1.00
2016.08.05 20:13:14.361,1.45467,1.45491,1.00,1.00
2016.08.05 20:13:14.870,1.45466,1.45492,1.00,1.00
2016.08.05 20:13:15.947,1.45465,1.45492,1.69,1.00
2016.08.05 20:13:16.049,1.45465,1.45492,1.69,1.20
2016.08.05 20:13:16.101,1.45465,1.45491,1.69,1.00
2016.08.05 20:13:16.152,1.45467,1.45491,1.19,1.00
2016.08.05 20:13:24.199,1.45467,1.45484,1.25,1.00
2016.08.05 20:13:24.302,1.45467,1.45484,1.00,1.00
2016.08.05 20:13:24.428,1.45467,1.4549,1.00,1.50
2016.08.05 20:13:24.480,1.45466,1.4549,1.00,1.87
2016.08.05 20:13:24.532,1.45466,1.45485,1.00,1.00
2016.08.05 20:13:25.063,1.45466,1.45486,1.00,1.00
2016.08.05 20:13:25.581,1.45465,1.45487,1.00,1.00
2016.08.05 20:13:27.939,1.45465,1.45486,1.00,1.00
2016.08.05 20:13:28.296,1.45465,1.45487,1.00,1.50
2016.08.05 20:13:28.398,1.45465,1.45487,1.00,1.00
2016.08.05 20:13:28.825,1.45466,1.45487,1.00,1.00
2016.08.05 20:13:28.877,1.45466,1.45489,1.00,1.00
2016.08.05 20:13:30.144,1.45466,1.45486,1.00,1.00
2016.08.05 20:13:30.246,1.45466,1.45489,1.19,1.12
2016.08.05 20:13:30.453,1.45465,1.45484,1.19,1.00
2016.08.05 20:13:32.152,1.45465,1.45486,1.19,1.00
2016.08.05 20:13:32.408,1.45466,1.45484,1.19,1.00
2016.08.05 20:13:32.832,1.45466,1.45486,1.19,1.50
2016.08.05 20:13:33.200,1.45466,1.45485,1.19,1.00
2016.08.05 20:13:33.900,1.45466,1.45481,1.19,1.00
2016.08.05 20:13:34.621,1.45466,1.45479,1.19,1.00
2016.08.05 20:13:35.243,1.45466,1.4548,1.25,1.00
2016.08.05 20:13:35.791,1.45465,1.4548,1.19,1.00
2016.08.05 20:13:37.345,1.45465,1.45479,1.19,1.00
2016.08.05 20:13:37.396,1.45465,1.45479,1.00,1.00
2016.08.05 20:13:37.971,1.45466,1.45479,1.00,1.00
2016.08.05 20:13:38.427,1.45465,1.45481,1.00,1.00
2016.08.05 20:13:38.478,1.45463,1.45481,1.69,1.00
2016.08.05 20:13:39.522,1.45463,1.45482,1.69,1.00
2016.08.05 20:13:40.235,1.45463,1.45486,1.69,1.00
2016.08.05 20:13:40.347,1.45463,1.45483,1.69,1.00
2016.08.05 20:13:40.569,1.45463,1.45482,1.19,1.00
2016.08.05 20:13:41.091,1.45463,1.45483,1.19,1.00
2016.08.05 20:13:41.501,1.45462,1.45484,2.14,1.00
2016.08.05 20:13:41.553,1.45462,1.45488,2.14,1.00
2016.08.05 20:13:41.755,1.45464,1.45488,1.29,1.00
2016.08.05 20:13:41.844,1.45464,1.45489,1.76,1.00
2016.08.05 20:13:41.997,1.45464,1.4549,1.39,1.00
2016.08.05 20:13:42.048,1.45465,1.45491,1.19,1.00
2016.08.05 20:13:42.150,1.45466,1.45487,1.19,1.00
2016.08.05 20:13:42.202,1.45466,1.45487,1.69,1.00
2016.08.05 20:13:43.624,1.45467,1.45491,1.19,1.00
2016.08.05 20:13:43.726,1.45466,1.45491,1.69,1.00
2016.08.05 20:13:44.031,1.45466,1.45487,1.69,1.00
2016.08.05 20:13:45.266,1.45466,1.45483,1.69,1.00
2016.08.05 20:13:45.369,1.45466,1.45487,1.69,1.00
2016.08.05 20:13:45.523,1.45467,1.4549,1.19,1.00
2016.08.05 20:13:46.001,1.45467,1.45491,1.69,1.00
2016.08.05 20:13:46.103,1.45468,1.45491,1.19,1.00
2016.08.05 20:13:46.154,1.45468,1.45491,1.29,1.00
2016.08.05 20:13:46.307,1.45471,1.4549,1.19,1.00
2016.08.05 20:13:46.829,1.45471,1.45491,1.19,1.00
2016.08.05 20:13:47.418,1.45472,1.45491,1.19,1.00
2016.08.05 20:13:48.532,1.45473,1.45491,1.19,1.00
2016.08.05 20:13:49.065,1.45473,1.4549,1.19,1.00
2016.08.05 20:13:49.218,1.45471,1.4549,1.19,1.00
2016.08.05 20:13:50.140,1.45471,1.45493,1.19,1.00
2016.08.05 20:13:51.088,1.4547,1.45493,2.44,1.00
2016.08.05 20:13:54.232,1.4547,1.45491,1.69,1.00
2016.08.05 20:13:55.046,1.4547,1.45493,1.69,1.00
2016.08.05 20:13:58.435,1.4547,1.45491,1.69,1.00
2016.08.05 20:13:58.486,1.4547,1.45491,1.50,1.00
2016.08.05 20:14:00.163,1.4547,1.4549,1.50,1.00
2016.08.05 20:14:05.641,1.4547,1.45492,1.50,1.00
2016.08.05 20:14:06.726,1.4547,1.45492,1.00,1.00
2016.08.05 20:14:08.461,1.4547,1.45489,1.00,1.00
2016.08.05 20:14:12.667,1.4547,1.45493,1.00,1.00
2016.08.05 20:14:15.392,1.4547,1.45491,1.00,1.00
2016.08.05 20:14:21.167,1.45471,1.45489,1.00,1.00
2016.08.05 20:14:21.881,1.45471,1.45491,1.00,1.00
2016.08.05 20:14:22.595,1.45471,1.4549,1.00,1.00
2016.08.05 20:14:24.532,1.4547,1.4549,1.00,1.00
2016.08.05 20:14:30.194,1.4547,1.45491,1.00,1.00
2016.08.05 20:14:32.755,1.4547,1.45491,1.00,1.50
2016.08.05 20:14:32.997,1.4547,1.45491,1.00,1.00
2016.08.05 20:14:33.099,1.4547,1.45491,1.00,1.00
2016.08.05 20:14:37.847,1.4547,1.45491,1.00,1.00
2016.08.05 20:14:42.817,1.4547,1.45491,1.00,1.00
2016.08.05 20:14:48.443,1.4547,1.45491,1.25,1.00
2016.08.05 20:14:50.807,1.45469,1.45491,1.19,1.00
2016.08.05 20:14:50.909,1.45467,1.45491,1.19,1.00
2016.08.05 20:14:51.011,1.45467,1.45491,1.19,1.50
2016.08.05 20:14:51.215,1.45467,1.45491,1.19,1.00
2016.08.05 20:14:51.907,1.45468,1.45491,1.19,1.00
2016.08.05 20:14:52.691,1.45468,1.45491,1.19,1.50
2016.08.05 20:14:53.191,1.45468,1.45491,1.19,1.00
2016.08.05 20:14:54.024,1.45468,1.45491,1.00,1.00
2016.08.05 20:14:57.695,1.45468,1.4549,1.00,1.00
2016.08.05 20:14:58.142,1.45468,1.45489,1.00,1.50
2016.08.05 20:14:58.193,1.45467,1.45486,1.00,1.00
2016.08.05 20:14:58.398,1.45465,1.45484,1.00,1.00
2016.08.05 20:14:58.552,1.45462,1.45482,1.00,1.00
2016.08.05 20:14:58.706,1.4546,1.45482,1.00,1.00
2016.08.05 20:14:58.757,1.4546,1.45479,1.00,1.00
2016.08.05 20:14:58.808,1.45457,1.45479,1.00,1.00
2016.08.05 20:14:59.358,1.45458,1.45479,1.00,1.00
2016.08.05 20:14:59.882,1.45459,1.45479,1.00,1.00
2016.08.05 20:15:00.392,1.45457,1.45479,1.00,1.00
2016.08.05 20:15:02.105,1.45457,1.45479,1.00,1.50
2016.08.05 20:15:02.208,1.45457,1.45479,1.00,1.00
2016.08.05 20:15:02.421,1.45457,1.45478,1.00,1.00
2016.08.05 20:15:02.602,1.45458,1.45479,1.00,1.00
2016.08.05 20:15:02.807,1.45458,1.45479,1.00,1.00
2016.08.05 20:15:03.341,1.45458,1.4548,1.00,1.00
2016.08.05 20:15:05.615,1.45458,1.45482,1.00,1.00
2016.08.05 20:15:05.855,1.45456,1.45482,1.00,1.00
2016.08.05 20:15:06.512,1.45456,1.4548,1.00,1.00
2016.08.05 20:15:11.564,1.45455,1.4548,1.00,1.00
2016.08.05 20:15:22.142,1.45455,1.45481,1.00,1.00
2016.08.05 20:15:22.244,1.45455,1.45483,1.50,1.00
2016.08.05 20:15:22.506,1.45455,1.45484,1.50,1.00
2016.08.05 20:15:22.558,1.45456,1.45484,1.00,1.00
2016.08.05 20:15:22.661,1.45456,1.45484,1.20,1.00
2016.08.05 20:15:22.759,1.45455,1.45484,1.50,1.00
2016.08.05 20:15:23.119,1.45455,1.45484,2.25,1.00
2016.08.05 20:15:23.324,1.45457,1.45484,1.10,1.00
2016.08.05 20:15:24.356,1.45459,1.45484,1.00,1.00
2016.08.05 20:15:24.408,1.45459,1.45484,1.00,1.00
2016.08.05 20:15:24.561,1.4546,1.45484,1.00,1.00
2016.08.05 20:15:24.612,1.4546,1.45486,1.00,1.00
2016.08.05 20:15:25.967,1.45459,1.45486,1.00,1.00
2016.08.05 20:15:26.018,1.45459,1.45486,1.00,1.00
2016.08.05 20:15:28.231,1.4546,1.45486,1.00,1.00
2016.08.05 20:15:28.748,1.45459,1.45486,1.50,1.00
2016.08.05 20:15:28.850,1.45459,1.45486,1.50,1.00
2016.08.05 20:15:28.972,1.45459,1.45485,1.50,1.00
2016.08.05 20:15:29.075,1.45459,1.45486,1.50,1.00
2016.08.05 20:15:31.465,1.45459,1.45485,1.50,1.00
2016.08.05 20:15:32.365,1.45459,1.45486,1.50,1.00
2016.08.05 20:15:32.893,1.45459,1.45485,1.50,1.00
2016.08.05 20:15:34.540,1.4546,1.45486,1.00,1.87
2016.08.05 20:15:34.592,1.4546,1.45486,1.00,1.50
2016.08.05 20:15:36.256,1.45459,1.45486,1.50,1.50
2016.08.05 20:15:36.358,1.45459,1.45485,1.00,1.00
2016.08.05 20:15:36.572,1.45461,1.45486,1.00,1.50
2016.08.05 20:15:36.792,1.45461,1.45485,1.00,1.00
2016.08.05 20:15:37.835,1.45462,1.45485,1.00,1.00
2016.08.05 20:15:39.479,1.45458,1.45485,1.00,1.00
2016.08.05 20:15:39.875,1.45459,1.45482,1.00,1.00
2016.08.05 20:15:40.421,1.45458,1.45482,1.00,1.00
2016.08.05 20:15:50.892,1.45459,1.45482,1.00,1.00
2016.08.05 20:16:21.309,1.45459,1.45482,1.00,1.50
2016.08.05 20:16:21.680,1.45459,1.4548,1.00,1.00
2016.08.05 20:16:22.309,1.45458,1.4548,1.00,1.00
2016.08.05 20:16:44.432,1.45458,1.45481,1.00,1.00
2016.08.05 20:16:45.455,1.45458,1.45483,1.00,1.12
2016.08.05 20:16:46.061,1.45459,1.45483,1.00,1.12
2016.08.05 20:16:50.263,1.45458,1.45483,1.00,1.12
2016.08.05 20:16:52.488,1.45458,1.45483,1.00,1.00
2016.08.05 20:16:55.272,1.45459,1.45483,1.00,1.00
2016.08.05 20:16:55.577,1.45459,1.45481,1.00,1.00
2016.08.05 20:16:56.609,1.45459,1.45483,1.00,1.00
2016.08.05 20:16:57.940,1.45462,1.45483,1.00,1.00
2016.08.05 20:17:07.167,1.45463,1.45483,1.00,1.00
2016.08.05 20:17:08.072,1.45464,1.45484,1.00,1.00
2016.08.05 20:17:19.938,1.45464,1.45484,1.00,1.00
2016.08.05 20:17:20.142,1.45463,1.45482,1.00,1.00
2016.08.05 20:17:20.918,1.45462,1.45482,1.00,1.00
2016.08.05 20:17:23.856,1.45462,1.45484,1.00,1.50
2016.08.05 20:17:24.379,1.45461,1.45484,1.00,1.50
2016.08.05 20:17:30.652,1.45461,1.45482,1.00,1.00
2016.08.05 20:17:32.427,1.45462,1.45482,1.00,1.00
2016.08.05 20:17:33.117,1.45461,1.45482,1.00,1.00
2016.08.05 20:17:41.269,1.45461,1.45484,1.00,1.50
2016.08.05 20:17:41.474,1.45461,1.45483,1.00,1.00
2016.08.05 20:17:42.700,1.45461,1.45484,1.00,1.50
2016.08.05 20:17:42.974,1.45461,1.45484,1.00,1.00
2016.08.05 20:17:44.498,1.45463,1.45484,1.00,1.00
2016.08.05 20:17:47.943,1.45462,1.45484,1.00,1.00
2016.08.05 20:17:48.383,1.45462,1.45491,1.50,1.50
2016.08.05 20:17:53.300,1.45462,1.45491,1.50,1.00
2016.08.05 20:17:59.841,1.45463,1.45491,1.00,1.00
2016.08.05 20:18:00.946,1.45462,1.45491,1.50,1.00
2016.08.05 20:18:01.230,1.45464,1.45491,1.00,1.00
2016.08.05 20:18:02.549,1.45464,1.45487,1.00,1.00
2016.08.05 20:18:02.601,1.45464,1.45486,1.00,1.87
2016.08.05 20:18:02.653,1.45462,1.45483,1.00,1.12
2016.08.05 20:18:02.704,1.45462,1.4548,1.00,1.00
2016.08.05 20:18:02.756,1.45455,1.45478,1.00,1.00
2016.08.05 20:18:02.978,1.45457,1.45478,1.00,1.00
2016.08.05 20:18:03.075,1.45456,1.4548,1.10,1.00
2016.08.05 20:18:03.177,1.45457,1.4548,1.00,1.00
2016.08.05 20:18:03.354,1.45457,1.4548,1.00,1.00
2016.08.05 20:18:03.405,1.45457,1.4548,1.00,1.12
2016.08.05 20:18:03.456,1.45455,1.4548,1.00,1.12
2016.08.05 20:18:03.508,1.45455,1.45473,1.00,1.00
2016.08.05 20:18:04.024,1.45454,1.45473,1.00,1.00
2016.08.05 20:18:05.011,1.45454,1.45471,1.00,1.00
2016.08.05 20:18:05.526,1.45454,1.45472,1.00,1.00
2016.08.05 20:18:11.879,1.45454,1.45474,1.00,1.00
2016.08.05 20:18:22.890,1.45454,1.45473,1.00,1.00
2016.08.05 20:18:23.414,1.45454,1.45472,1.00,1.00
2016.08.05 20:18:27.534,1.45454,1.4547,1.00,1.00
2016.08.05 20:18:28.085,1.45454,1.45475,1.00,1.00
2016.08.05 20:18:33.542,1.45451,1.45474,1.00,1.00
2016.08.05 20:18:33.823,1.45449,1.45474,1.00,1.50
2016.08.05 20:18:33.926,1.4545,1.45473,1.00,1.00
2016.08.05 20:18:35.039,1.45449,1.45473,1.00,1.00
2016.08.05 20:18:35.090,1.45449,1.45469,1.00,1.00
2016.08.05 20:18:35.141,1.45446,1.45469,1.00,1.00
2016.08.05 20:18:36.941,1.45446,1.45469,1.19,1.00
2016.08.05 20:18:37.356,1.45446,1.45469,1.00,1.00
2016.08.05 20:18:38.150,1.45446,1.45469,1.00,1.50
2016.08.05 20:18:45.646,1.45446,1.45469,1.00,1.00
2016.08.05 20:18:48.418,1.45446,1.45469,1.00,1.50
2016.08.05 20:19:01.123,1.45446,1.45467,1.00,1.00
2016.08.05 20:19:07.780,1.45446,1.45464,1.00,1.00
2016.08.05 20:19:07.934,1.45446,1.45467,1.00,1.00
2016.08.05 20:19:08.445,1.45445,1.45468,1.00,1.00
2016.08.05 20:19:09.082,1.45445,1.45469,1.00,1.00
2016.08.05 20:19:14.423,1.45445,1.45469,1.25,1.00
2016.08.05 20:19:15.212,1.45445,1.45468,1.25,1.00
2016.08.05 20:19:16.876,1.45445,1.45469,1.25,1.50
2016.08.05 20:19:19.286,1.45445,1.45467,1.25,1.00
2016.08.05 20:19:27.148,1.45445,1.45469,1.25,1.50
2016.08.05 20:19:27.251,1.45445,1.45466,1.25,1.00
2016.08.05 20:19:27.303,1.45446,1.45466,1.00,1.00
2016.08.05 20:19:29.053,1.45446,1.45469,1.00,1.00
2016.08.05 20:19:29.104,1.45447,1.45473,1.69,1.00
2016.08.05 20:19:29.208,1.45447,1.45473,2.06,1.00
2016.08.05 20:19:29.261,1.45447,1.4547,2.06,1.00
2016.08.05 20:19:29.312,1.45449,1.4547,1.19,1.00
2016.08.05 20:19:29.484,1.45449,1.45472,1.19,1.00
2016.08.05 20:19:29.689,1.45449,1.45474,1.19,1.00
2016.08.05 20:19:29.790,1.45451,1.45474,1.19,1.00
2016.08.05 20:19:30.300,1.45452,1.45475,1.19,1.00
2016.08.05 20:19:34.414,1.45451,1.45475,1.19,1.00
2016.08.05 20:19:34.755,1.45451,1.45475,1.56,1.00
2016.08.05 20:19:35.522,1.45454,1.45476,1.19,1.00
2016.08.05 20:19:36.172,1.45454,1.45477,1.19,1.00
2016.08.05 20:19:36.477,1.45455,1.45475,1.19,1.00
2016.08.05 20:19:37.756,1.45455,1.45477,1.19,1.00
2016.08.05 20:19:38.571,1.45455,1.45475,1.19,1.00
2016.08.05 20:19:43.236,1.45454,1.45475,1.19,1.00
2016.08.05 20:19:43.992,1.45456,1.45475,1.19,1.00
2016.08.05 20:19:45.309,1.45457,1.45475,1.25,1.00
2016.08.05 20:19:45.412,1.45457,1.45477,1.25,1.00
2016.08.05 20:19:45.463,1.45457,1.45477,1.00,1.00
2016.08.05 20:19:45.667,1.45457,1.45475,1.00,1.00
2016.08.05 20:19:46.201,1.45457,1.45474,1.00,1.00
2016.08.05 20:19:46.764,1.45456,1.45474,1.00,1.00
2016.08.05 20:19:47.287,1.45457,1.45473,1.00,1.00
2016.08.05 20:19:47.827,1.45456,1.45473,1.00,1.00
2016.08.05 20:19:48.368,1.45452,1.45473,1.69,1.00
2016.08.05 20:19:48.832,1.45454,1.45473,1.25,1.00
2016.08.05 20:19:49.346,1.45454,1.45474,1.25,1.00
2016.08.05 20:19:49.500,1.45453,1.45474,1.19,1.00
2016.08.05 20:19:49.603,1.45453,1.45476,1.19,1.00
2016.08.05 20:19:49.777,1.45453,1.45476,1.19,1.00
2016.08.05 20:19:49.829,1.45452,1.45476,1.69,1.00
2016.08.05 20:19:49.880,1.45452,1.45474,1.69,1.00
2016.08.05 20:19:50.033,1.45452,1.45474,1.19,1.00
2016.08.05 20:19:50.346,1.45452,1.45472,1.19,1.00
2016.08.05 20:19:50.449,1.45452,1.45472,1.69,1.00
2016.08.05 20:19:50.604,1.45454,1.45472,1.19,1.00
2016.08.05 20:19:50.756,1.45454,1.45473,1.25,1.00
2016.08.05 20:19:50.807,1.45453,1.45473,1.19,1.00
2016.08.05 20:19:51.232,1.45454,1.45473,1.25,1.00
2016.08.05 20:19:51.740,1.45456,1.45473,1.00,1.00
2016.08.05 20:19:55.646,1.45457,1.45473,1.00,1.00
2016.08.05 20:19:56.689,1.45457,1.45477,1.00,1.00
2016.08.05 20:19:58.482,1.45457,1.45473,1.00,1.00
2016.08.05 20:19:58.533,1.45456,1.45473,1.25,1.00
2016.08.05 20:19:59.743,1.45456,1.45473,1.00,1.00
2016.08.05 20:20:03.400,1.45457,1.45473,1.00,1.00
2016.08.05 20:20:03.705,1.45461,1.4548,1.00,1.00
2016.08.05 20:20:04.028,1.45462,1.4548,1.50,1.00
2016.08.05 20:20:04.232,1.45462,1.4548,1.00,1.00
2016.08.05 20:20:04.336,1.4546,1.45479,1.00,1.00
2016.08.05 20:20:04.643,1.45459,1.45479,1.50,1.00
2016.08.05 20:20:05.111,1.45459,1.45479,1.00,1.00
2016.08.05 20:20:05.638,1.4546,1.45479,1.00,1.00
2016.08.05 20:20:05.741,1.45459,1.45479,1.50,1.00
2016.08.05 20:20:05.792,1.4546,1.45479,1.00,1.00
2016.08.05 20:20:05.996,1.45464,1.45481,1.00,1.00
2016.08.05 20:20:06.048,1.45468,1.45485,1.00,1.00
2016.08.05 20:20:06.099,1.45468,1.45489,1.00,1.37
2016.08.05 20:20:06.226,1.45468,1.4549,1.00,1.87
2016.08.05 20:20:06.277,1.45468,1.4549,1.00,1.50
2016.08.05 20:20:06.360,1.45468,1.4549,1.00,1.00
2016.08.05 20:20:06.412,1.45468,1.45485,1.00,1.00
2016.08.05 20:20:06.463,1.45468,1.45485,1.50,1.00
2016.08.05 20:20:06.566,1.45468,1.45485,1.00,1.00
2016.08.05 20:20:06.770,1.45468,1.45485,1.50,1.00
2016.08.05 20:20:06.861,1.45468,1.45485,1.00,1.00
2016.08.05 20:20:08.653,1.45467,1.45485,1.50,1.00
2016.08.05 20:20:12.238,1.45469,1.45485,1.00,1.00
2016.08.05 20:20:12.752,1.45468,1.45485,1.00,1.00
2016.08.05 20:20:17.094,1.45468,1.45488,1.00,1.00
2016.08.05 20:20:17.331,1.45468,1.45487,1.00,1.00
2016.08.05 20:20:17.434,1.45468,1.45483,1.00,1.00
2016.08.05 20:20:17.486,1.45466,1.45483,1.00,1.00
2016.08.05 20:20:17.640,1.45465,1.45481,1.00,1.00
2016.08.05 20:20:21.019,1.45465,1.45483,1.00,1.00
2016.08.05 20:20:21.122,1.45465,1.45479,1.00,1.00
2016.08.05 20:20:22.053,1.45465,1.45482,1.00,1.00
2016.08.05 20:20:22.670,1.45463,1.45482,1.00,1.00
2016.08.05 20:20:28.405,1.45463,1.45482,1.00,1.00
2016.08.05 20:20:29.707,1.45463,1.45484,1.00,1.00
2016.08.05 20:20:29.962,1.45465,1.45484,1.00,1.00
2016.08.05 20:20:30.114,1.45465,1.45482,1.00,1.00
2016.08.05 20:20:30.165,1.45464,1.45482,1.00,1.00
2016.08.05 20:20:30.847,1.45464,1.45481,1.00,1.00
2016.08.05 20:20:32.066,1.45464,1.45481,1.50,1.00
2016.08.05 20:20:32.219,1.45468,1.45481,1.00,1.00
2016.08.05 20:20:32.271,1.45468,1.45484,1.50,1.00
2016.08.05 20:20:32.322,1.45472,1.4549,1.00,1.00
2016.08.05 20:20:32.424,1.45473,1.45493,1.00,1.00
2016.08.05 20:20:32.579,1.45472,1.45493,1.50,1.00
2016.08.05 20:20:32.630,1.45472,1.45489,1.50,1.00
2016.08.05 20:20:32.681,1.45474,1.45489,1.00,1.00
2016.08.05 20:20:32.732,1.45474,1.45489,1.50,1.00
2016.08.05 20:20:33.311,1.45476,1.4549,1.00,1.00
2016.08.05 20:20:33.363,1.45474,1.4549,1.50,1.00
2016.08.05 20:20:33.415,1.45474,1.45492,1.50,1.00
2016.08.05 20:20:33.518,1.45474,1.4549,1.50,1.00
2016.08.05 20:20:33.620,1.45474,1.45493,1.50,1.00
2016.08.05 20:20:33.722,1.45474,1.45491,1.50,1.00
2016.08.05 20:20:37.289,1.45476,1.45491,1.00,1.00
2016.08.05 20:20:37.340,1.45476,1.45494,1.00,1.00
2016.08.05 20:20:37.391,1.45475,1.45494,1.10,1.00
2016.08.05 20:20:37.493,1.45476,1.45494,1.00,1.00
2016.08.05 20:20:37.834,1.45476,1.45492,1.00,1.00
2016.08.05 20:20:39.274,1.45476,1.45493,1.00,1.00
2016.08.05 20:20:39.377,1.45474,1.45493,1.00,1.00
2016.08.05 20:20:39.603,1.45473,1.45493,2.25,1.00
2016.08.05 20:20:40.313,1.45474,1.45493,1.00,1.00
2016.08.05 20:20:42.977,1.45473,1.45493,1.50,1.00
2016.08.05 20:20:45.020,1.45473,1.45494,1.50,1.00
2016.08.05 20:20:45.072,1.45473,1.45494,1.69,1.00
2016.08.05 20:20:45.286,1.45475,1.45496,1.19,1.00
2016.08.05 20:20:45.389,1.45476,1.45496,1.25,1.00
2016.08.05 20:20:45.491,1.45474,1.45496,1.69,1.00
2016.08.05 20:20:45.593,1.45475,1.45496,1.19,1.00
2016.08.05 20:20:45.746,1.45477,1.45496,1.00,1.00
2016.08.05 20:20:45.797,1.45477,1.45496,1.50,1.00
2016.08.05 20:20:46.001,1.45477,1.45496,1.00,1.00
2016.08.05 20:20:46.530,1.45478,1.45496,1.00,1.00
2016.08.05 20:20:46.981,1.4548,1.45496,1.00,1.00
2016.08.05 20:20:47.032,1.4548,1.45504,1.00,1.00
2016.08.05 20:20:47.083,1.45486,1.45504,1.00,1.00
2016.08.05 20:20:47.287,1.45483,1.45503,1.00,1.00
2016.08.05 20:20:47.338,1.45483,1.45501,1.00,1.00
2016.08.05 20:20:47.389,1.45482,1.45501,1.25,1.00
2016.08.05 20:20:47.440,1.45482,1.45505,1.25,1.00
2016.08.05 20:20:47.491,1.45484,1.45505,1.00,1.00
2016.08.05 20:20:47.673,1.45484,1.45502,1.00,1.00
2016.08.05 20:20:48.249,1.45484,1.45503,1.00,1.00
2016.08.05 20:20:48.587,1.45484,1.45501,1.00,1.00
2016.08.05 20:20:49.637,1.45484,1.45502,1.00,1.00
2016.08.05 20:20:50.654,1.45484,1.45502,1.50,1.00
2016.08.05 20:20:50.909,1.45484,1.45502,1.00,1.00
2016.08.05 20:20:51.010,1.45484,1.45502,1.50,1.00
2016.08.05 20:20:51.427,1.45484,1.455,1.50,1.00
2016.08.05 20:20:52.143,1.45486,1.4551,1.00,1.00
2016.08.05 20:20:52.195,1.45486,1.45512,1.00,1.50
2016.08.05 20:20:52.247,1.45486,1.45512,1.00,1.12
2016.08.05 20:20:52.298,1.45489,1.45512,1.00,1.00
2016.08.05 20:20:52.401,1.45489,1.45512,1.50,1.00
2016.08.05 20:20:52.617,1.45491,1.45513,1.00,1.00
2016.08.05 20:20:53.119,1.45491,1.45514,1.00,1.00
2016.08.05 20:20:53.623,1.45491,1.45513,1.50,1.00
2016.08.05 20:20:53.776,1.45491,1.45515,1.50,1.00
2016.08.05 20:20:53.827,1.45492,1.45515,1.00,1.00
2016.08.05 20:20:54.671,1.45492,1.45516,1.00,1.00
2016.08.05 20:20:55.210,1.45492,1.45515,1.00,1.00
2016.08.05 20:20:58.735,1.45492,1.45514,1.00,1.00
2016.08.05 20:21:03.900,1.45491,1.45514,1.00,1.00
2016.08.05 20:21:03.951,1.45496,1.45516,1.00,1.00
2016.08.05 20:21:04.003,1.45496,1.45519,1.00,1.00
2016.08.05 20:21:04.208,1.45493,1.45519,1.00,1.00
2016.08.05 20:21:04.388,1.45493,1.45517,1.00,1.00
2016.08.05 20:21:04.439,1.45491,1.45517,1.00,1.00
2016.08.05 20:21:04.643,1.45491,1.45519,1.00,1.50
2016.08.05 20:21:04.745,1.45491,1.45518,1.00,1.00
2016.08.05 20:21:05.255,1.45491,1.45519,1.00,1.00
2016.08.05 20:21:07.751,1.45491,1.45517,1.00,1.00
2016.08.05 20:21:09.559,1.45492,1.45517,1.00,1.00
2016.08.05 20:21:10.111,1.45491,1.45518,1.00,1.00
2016.08.05 20:21:18.275,1.45491,1.45519,1.00,1.00
2016.08.05 20:21:18.326,1.45491,1.45519,1.00,1.50
2016.08.05 20:21:18.378,1.45491,1.45519,1.00,1.87
2016.08.05 20:21:18.453,1.4549,1.45516,1.00,1.00
2016.08.05 20:21:18.606,1.45489,1.45508,1.00,1.00
2016.08.05 20:21:21.169,1.45489,1.45511,1.00,1.00
2016.08.05 20:21:29.269,1.45488,1.45511,1.50,1.00
2016.08.05 20:21:30.073,1.45488,1.45511,1.69,1.00
2016.08.05 20:21:33.438,1.4549,1.45511,1.00,1.00
2016.08.05 20:21:39.041,1.4549,1.4551,1.00,1.00
2016.08.05 20:21:48.082,1.4549,1.45507,1.00,1.00
2016.08.05 20:21:49.801,1.4549,1.4551,1.00,1.00
2016.08.05 20:21:51.135,1.4549,1.45509,1.00,1.00
2016.08.05 20:21:51.186,1.45489,1.45509,1.50,1.00
2016.08.05 20:21:51.889,1.45489,1.4551,1.50,1.00
2016.08.05 20:21:51.940,1.45489,1.4551,1.69,1.00
2016.08.05 20:21:53.086,1.45491,1.4551,1.00,1.00
2016.08.05 20:21:55.452,1.45491,1.4551,1.00,1.00
2016.08.05 20:21:55.504,1.4549,1.4551,1.00,1.00
2016.08.05 20:21:57.559,1.4549,1.45511,1.00,1.00
2016.08.05 20:21:57.661,1.4549,1.45508,1.00,1.00
2016.08.05 20:21:58.869,1.4549,1.45507,1.00,1.00
2016.08.05 20:21:59.522,1.4549,1.45508,1.00,1.00
2016.08.05 20:22:01.968,1.4549,1.45508,1.00,1.00
2016.08.05 20:22:02.020,1.45488,1.45508,1.00,1.00
2016.08.05 20:22:02.173,1.45488,1.45506,1.00,1.00
2016.08.05 20:22:02.224,1.45487,1.45506,1.00,1.00
2016.08.05 20:22:02.275,1.45486,1.45508,1.00,1.00
2016.08.05 20:22:02.377,1.45486,1.45506,1.00,1.00
2016.08.05 20:22:11.710,1.45487,1.45506,1.00,1.00
2016.08.05 20:22:11.814,1.45485,1.45506,1.50,1.00
2016.08.05 20:22:14.244,1.45485,1.45506,1.00,1.00
2016.08.05 20:22:15.342,1.45485,1.45505,1.00,1.00
2016.08.05 20:22:15.863,1.45486,1.45505,1.00,1.00
2016.08.05 20:22:16.404,1.45485,1.45505,1.00,1.00
2016.08.05 20:22:17.571,1.45485,1.4551,1.00,1.00
2016.08.05 20:22:18.109,1.45486,1.4551,1.00,1.00
2016.08.05 20:22:18.924,1.45484,1.4551,1.50,1.00
2016.08.05 20:22:23.890,1.45485,1.4551,1.00,1.00
2016.08.05 20:22:23.942,1.45485,1.4551,1.50,1.00
2016.08.05 20:22:28.950,1.45485,1.4551,1.00,1.00
2016.08.05 20:22:30.042,1.45483,1.4551,1.00,1.00
2016.08.05 20:22:30.508,1.45483,1.4551,1.00,1.00
2016.08.05 20:22:35.090,1.45482,1.45508,1.00,1.00
2016.08.05 20:22:35.816,1.45482,1.45508,1.00,1.00
2016.08.05 20:22:47.829,1.45482,1.45508,1.50,1.00
2016.08.05 20:22:49.449,1.45483,1.45508,1.00,1.00
2016.08.05 20:22:59.794,1.45483,1.45508,1.00,1.50
2016.08.05 20:22:59.897,1.45481,1.45507,1.50,1.00
2016.08.05 20:23:00.101,1.45481,1.45508,1.50,1.00
2016.08.05 20:23:00.152,1.45481,1.45508,2.25,1.00
2016.08.05 20:23:00.203,1.45483,1.45508,1.37,1.00
2016.08.05 20:23:00.408,1.45482,1.45508,1.87,1.00
2016.08.05 20:23:00.510,1.45485,1.45508,1.12,1.00
2016.08.05 20:23:00.561,1.45485,1.4551,1.12,1.00
2016.08.05 20:23:01.282,1.45485,1.4551,1.00,1.00
2016.08.05 20:23:02.969,1.45485,1.4551,1.37,1.00
2016.08.05 20:23:03.292,1.45485,1.4551,1.87,1.00
2016.08.05 20:23:07.302,1.45485,1.45511,1.87,1.00
2016.08.05 20:23:10.279,1.45487,1.45511,1.00,1.00
2016.08.05 20:23:10.330,1.45487,1.45513,1.00,1.50
2016.08.05 20:23:14.572,1.45486,1.45513,1.12,1.50
2016.08.05 20:23:14.623,1.45486,1.45513,1.12,1.50
2016.08.05 20:23:14.674,1.45486,1.45513,1.00,1.50
2016.08.05 20:23:14.725,1.45486,1.45512,1.00,1.00
2016.08.05 20:23:14.980,1.45486,1.45512,1.00,1.00
2016.08.05 20:23:15.316,1.45489,1.45513,1.00,1.00
2016.08.05 20:23:19.768,1.45489,1.45513,1.12,1.00
2016.08.05 20:23:19.820,1.45489,1.45516,1.12,1.50
2016.08.05 20:23:19.922,1.4549,1.45515,1.00,1.00
2016.08.05 20:23:20.417,1.45491,1.45516,1.50,1.00
2016.08.05 20:23:20.519,1.4549,1.45516,2.25,1.00
2016.08.05 20:23:20.825,1.4549,1.45518,3.00,1.50
2016.08.05 20:23:20.876,1.4549,1.45518,3.00,1.00
2016.08.05 20:23:20.927,1.45491,1.45518,2.25,1.00
2016.08.05 20:23:21.148,1.45493,1.45518,1.37,1.00
2016.08.05 20:23:21.200,1.45493,1.45518,1.00,1.00
2016.08.05 20:23:23.223,1.45492,1.45516,1.12,1.00
2016.08.05 20:23:23.325,1.45491,1.45517,1.37,1.00
2016.08.05 20:23:25.486,1.45491,1.45517,1.00,1.00
2016.08.05 20:23:25.538,1.45491,1.45519,1.00,1.50
2016.08.05 20:23:25.589,1.4549,1.45519,1.00,1.50
2016.08.05 20:23:25.640,1.4549,1.45516,1.00,1.00
2016.08.05 20:23:33.212,1.4549,1.45513,1.00,1.00
2016.08.05 20:23:33.365,1.4549,1.45513,1.50,1.00
2016.08.05 20:23:33.417,1.4549,1.45513,2.25,1.00
2016.08.05 20:23:33.519,1.4549,1.45516,2.25,1.00
2016.08.05 20:23:33.724,1.4549,1.45514,2.25,1.00
2016.08.05 20:23:34.333,1.4549,1.45515,2.25,1.00
2016.08.05 20:23:34.876,1.4549,1.45514,2.25,1.00
2016.08.05 20:23:34.927,1.4549,1.45514,1.50,1.00
2016.08.05 20:23:46.542,1.4549,1.45513,1.00,1.00
2016.08.05 20:23:46.691,1.4549,1.45515,1.00,1.00
2016.08.05 20:23:46.743,1.45488,1.45515,1.00,1.00
2016.08.05 20:23:46.845,1.45488,1.45509,1.00,1.00
2016.08.05 20:23:47.380,1.45487,1.45509,1.00,1.00
2016.08.05 20:23:50.620,1.45486,1.45509,1.00,1.00
2016.08.05 20:23:50.723,1.45485,1.45509,1.50,1.00
2016.08.05 20:23:51.237,1.45485,1.45508,1.50,1.00
2016.08.05 20:23:51.968,1.45485,1.45508,1.00,1.00
2016.08.05 20:23:52.122,1.45485,1.45508,1.50,1.00
2016.08.05 20:23:52.478,1.45485,1.45508,1.00,1.00
2016.08.05 20:23:52.997,1.45485,1.45508,1.50,1.00
2016.08.05 20:23:53.142,1.45485,1.45508,1.87,1.00
2016.08.05 20:23:53.194,1.45487,1.45511,1.00,1.50
2016.08.05 20:23:53.245,1.45487,1.45511,1.50,1.00
2016.08.05 20:23:53.297,1.45487,1.45511,1.87,1.00
2016.08.05 20:23:53.400,1.45487,1.45514,1.87,1.00
2016.08.05 20:23:53.604,1.45487,1.45513,1.50,1.00
2016.08.05 20:23:53.808,1.45487,1.45513,1.87,1.00
2016.08.05 20:23:54.035,1.45487,1.45513,1.37,1.00
2016.08.05 20:23:54.574,1.45487,1.45513,1.87,1.00
2016.08.05 20:23:56.935,1.4549,1.45513,1.00,1.00
2016.08.05 20:23:56.986,1.4549,1.45516,1.50,1.00
2016.08.05 20:23:57.241,1.4549,1.45516,1.00,1.00
2016.08.05 20:23:57.546,1.4549,1.45514,1.00,1.00
2016.08.05 20:23:57.872,1.4549,1.45517,1.00,1.69
2016.08.05 20:23:57.975,1.4549,1.45512,1.00,1.00
2016.08.05 20:23:58.026,1.45488,1.45512,1.00,1.00
2016.08.05 20:23:58.077,1.45488,1.45512,1.00,1.00
2016.08.05 20:23:58.585,1.45489,1.45511,1.00,1.00
2016.08.05 20:24:00.046,1.4549,1.45511,1.00,1.00
2016.08.05 20:24:03.186,1.4549,1.45514,1.00,1.50
2016.08.05 20:24:03.690,1.4549,1.45512,1.00,1.00
2016.08.05 20:24:04.592,1.4549,1.45514,1.00,1.00
2016.08.05 20:24:04.847,1.45489,1.45506,1.00,1.00
2016.08.05 20:24:05.165,1.45489,1.45509,1.00,1.00
2016.08.05 20:24:05.372,1.45489,1.45513,1.00,1.00
2016.08.05 20:24:05.424,1.45489,1.45513,1.00,1.00
2016.08.05 20:24:05.475,1.4549,1.45503,1.00,1.00
2016.08.05 20:24:05.579,1.45488,1.4551,1.50,1.00
2016.08.05 20:24:05.783,1.4549,1.4551,1.00,1.00
2016.08.05 20:24:06.578,1.45489,1.4551,1.00,1.00
2016.08.05 20:24:07.951,1.45489,1.45512,1.00,1.00
2016.08.05 20:24:14.563,1.45492,1.45514,1.00,1.00
2016.08.05 20:24:15.069,1.45492,1.45515,1.00,1.00
2016.08.05 20:24:34.622,1.45491,1.45517,1.00,1.00
2016.08.05 20:24:34.673,1.45488,1.45513,1.00,1.00
2016.08.05 20:24:34.978,1.45489,1.45513,1.00,1.00
2016.08.05 20:24:38.377,1.45489,1.45512,1.00,1.00
2016.08.05 20:24:40.204,1.45489,1.4551,1.00,1.00
2016.08.05 20:24:43.799,1.45489,1.45512,1.00,1.00
2016.08.05 20:24:44.249,1.45489,1.45512,1.00,1.00
2016.08.05 20:24:47.350,1.45489,1.45512,1.50,1.00
2016.08.05 20:24:47.402,1.4549,1.45512,1.00,1.00
2016.08.05 20:24:47.504,1.4549,1.45516,1.00,1.50
2016.08.05 20:24:47.824,1.45492,1.45516,1.00,1.50
2016.08.05 20:24:55.436,1.45492,1.45513,1.00,1.00
2016.08.05 20:24:55.793,1.45492,1.45516,1.00,1.50
2016.08.05 20:24:56.531,1.45492,1.45513,1.00,1.00
2016.08.05 20:24:59.244,1.45491,1.45513,1.00,1.00
2016.08.05 20:25:00.128,1.45491,1.45513,1.50,1.00
2016.08.05 20:25:03.733,1.45494,1.45513,1.00,1.00
2016.08.05 20:25:10.907,1.45494,1.45515,1.00,1.00
2016.08.05 20:25:20.249,1.45494,1.45516,1.00,1.12
2016.08.05 20:25:20.351,1.45494,1.45516,1.00,1.00
2016.08.05 20:25:20.417,1.45494,1.45516,1.00,1.00
2016.08.05 20:25:20.469,1.45494,1.45519,1.00,1.50
2016.08.05 20:25:21.293,1.45494,1.45519,1.00,1.00
2016.08.05 20:25:21.824,1.45494,1.45518,1.00,1.00
2016.08.05 20:25:26.881,1.45494,1.45517,1.00,1.00
2016.08.05 20:25:27.240,1.45497,1.45517,1.00,1.00
2016.08.05 20:25:27.471,1.45497,1.45519,1.00,1.00
2016.08.05 20:25:27.522,1.45497,1.45519,1.00,1.50
2016.08.05 20:25:27.574,1.45497,1.45519,1.00,1.00
2016.08.05 20:25:28.101,1.45497,1.4552,1.00,1.00
2016.08.05 20:25:28.327,1.45497,1.45522,1.00,1.87
2016.08.05 20:25:28.379,1.45497,1.45522,1.50,1.87
2016.08.05 20:25:28.430,1.45497,1.45518,1.00,1.00
2016.08.05 20:25:28.481,1.45494,1.45518,1.00,1.00
2016.08.05 20:25:28.584,1.45493,1.45517,1.87,1.00
2016.08.05 20:25:28.635,1.45493,1.45517,1.12,1.00
2016.08.05 20:25:28.788,1.45494,1.45517,1.00,1.00
2016.08.05 20:25:29.299,1.45495,1.45517,1.00,1.00
2016.08.05 20:25:29.924,1.45495,1.45516,1.00,1.00
2016.08.05 20:25:30.529,1.45495,1.45518,1.00,1.00
2016.08.05 20:25:36.261,1.45494,1.45518,1.00,1.00
2016.08.05 20:25:36.720,1.45494,1.45517,1.00,1.00
2016.08.05 20:25:37.303,1.45493,1.45517,1.00,1.00
2016.08.05 20:25:41.952,1.45493,1.45517,1.00,1.00
2016.08.05 20:25:43.427,1.45494,1.45517,1.00,1.00
2016.08.05 20:25:43.733,1.45496,1.45517,1.00,1.00
2016.08.05 20:25:44.729,1.45495,1.45517,1.00,1.00
2016.08.05 20:25:45.527,1.45494,1.45517,1.00,1.00
2016.08.05 20:25:48.860,1.45494,1.45513,1.00,1.00
2016.08.05 20:25:48.911,1.45491,1.45513,1.00,1.00
2016.08.05 20:25:49.062,1.45491,1.45514,1.00,1.50
2016.08.05 20:25:49.113,1.45491,1.45514,1.00,1.00
2016.08.05 20:25:49.165,1.45491,1.45514,1.50,1.00
2016.08.05 20:25:49.642,1.45491,1.45513,1.00,1.00
2016.08.05 20:25:49.972,1.4549,1.45513,1.50,1.00
2016.08.05 20:25:50.217,1.45491,1.45513,1.00,1.00
2016.08.05 20:25:50.647,1.45491,1.45515,1.00,1.00
2016.08.05 20:25:51.862,1.45491,1.45512,1.00,1.00
2016.08.05 20:25:51.922,1.4549,1.45512,1.50,1.00
2016.08.05 20:25:52.651,1.4549,1.45514,1.50,1.00
2016.08.05 20:25:52.702,1.45493,1.45514,1.00,1.00
2016.08.05 20:25:52.754,1.45493,1.45515,1.00,1.00
2016.08.05 20:25:52.856,1.45493,1.45518,1.00,1.50
2016.08.05 20:25:52.959,1.45497,1.45518,1.00,1.00
2016.08.05 20:25:53.317,1.45497,1.45521,1.00,1.00
2016.08.05 20:25:56.574,1.455,1.45522,1.00,1.00
2016.08.05 20:25:56.677,1.455,1.45522,1.00,1.00
2016.08.05 20:25:57.602,1.455,1.45522,1.50,1.00
2016.08.05 20:25:59.139,1.45501,1.45522,1.00,1.00
2016.08.05 20:25:59.191,1.45501,1.45526,1.50,1.50
2016.08.05 20:25:59.293,1.45501,1.45523,1.50,1.00
2016.08.05 20:25:59.613,1.45501,1.45523,2.25,1.00
2016.08.05 20:26:01.292,1.45501,1.45527,2.25,1.00
2016.08.05 20:26:01.394,1.45501,1.45528,1.50,1.50
2016.08.05 20:26:01.446,1.45501,1.45528,1.50,1.50
2016.08.05 20:26:01.497,1.45501,1.45527,1.00,1.00
2016.08.05 20:26:01.701,1.45501,1.45524,1.00,1.00
2016.08.05 20:26:05.067,1.45501,1.45524,1.00,1.50
2016.08.05 20:26:06.280,1.45498,1.45524,1.12,1.00
2016.08.05 20:26:08.727,1.45498,1.45524,1.87,1.00
2016.08.05 20:26:10.614,1.45499,1.45524,1.00,1.00
2016.08.05 20:26:12.738,1.455,1.45524,1.00,1.00
2016.08.05 20:26:12.789,1.455,1.45527,1.00,1.50
2016.08.05 20:26:13.627,1.45501,1.45527,1.00,1.50
2016.08.05 20:26:13.836,1.45501,1.45527,1.12,1.50
2016.08.05 20:26:14.902,1.45501,1.45527,1.00,1.50
2016.08.05 20:26:15.106,1.45503,1.45527,1.00,1.50
2016.08.05 20:26:15.208,1.45503,1.45527,1.00,1.00
2016.08.05 20:26:15.259,1.45503,1.4553,1.00,1.50
2016.08.05 20:26:17.398,1.45503,1.4553,1.00,1.00
2016.08.05 20:26:19.018,1.45503,1.4553,1.00,1.50
2016.08.05 20:26:19.597,1.45503,1.4553,1.00,1.00
2016.08.05 20:26:20.120,1.45503,1.4553,1.00,1.00
2016.08.05 20:26:23.294,1.45504,1.4553,1.00,1.50
2016.08.05 20:26:23.503,1.45504,1.4553,1.00,1.00
2016.08.05 20:26:28.907,1.45504,1.4553,1.37,1.00
2016.08.05 20:26:33.726,1.45507,1.4553,1.00,1.00
2016.08.05 20:26:34.016,1.45507,1.45533,1.00,2.25
2016.08.05 20:26:37.539,1.45506,1.45533,1.00,2.25
2016.08.05 20:26:37.641,1.45505,1.45531,1.00,1.00
2016.08.05 20:26:37.901,1.45506,1.45533,1.00,2.25
2016.08.05 20:26:37.952,1.45507,1.45533,1.00,2.25
2016.08.05 20:26:38.892,1.45507,1.45533,1.00,1.50
2016.08.05 20:26:44.059,1.45505,1.45533,1.00,1.50
2016.08.05 20:26:44.662,1.45506,1.45533,1.00,2.62
2016.08.05 20:26:44.804,1.45504,1.4553,1.00,1.00
2016.08.05 20:26:44.857,1.45504,1.4553,1.00,1.00
2016.08.05 20:26:45.010,1.45504,1.4553,1.00,1.00
2016.08.05 20:26:48.405,1.45504,1.4553,1.00,1.00
2016.08.05 20:26:50.207,1.45504,1.4553,1.00,1.00
2016.08.05 20:27:00.272,1.45504,1.4553,1.50,1.00
2016.08.05 20:27:03.245,1.45507,1.4553,1.00,1.00
2016.08.05 20:27:04.457,1.45507,1.45532,1.50,1.00
2016.08.05 20:27:04.779,1.45507,1.45532,1.87,1.00
2016.08.05 20:27:08.300,1.45508,1.45532,1.00,1.00
2016.08.05 20:27:15.413,1.45508,1.45532,1.00,1.00
2016.08.05 20:27:34.866,1.45508,1.45532,1.00,1.12
2016.08.05 20:27:34.968,1.45508,1.45532,1.00,1.00
2016.08.05 20:27:37.306,1.45505,1.45532,1.00,1.00
2016.08.05 20:27:37.357,1.45505,1.45531,1.00,1.00
2016.08.05 20:27:37.510,1.45507,1.45531,1.00,1.00
2016.08.05 20:27:37.705,1.45505,1.45531,1.50,1.00
2016.08.05 20:27:38.763,1.45505,1.45527,1.50,1.00
2016.08.05 20:27:38.865,1.45505,1.45527,1.50,1.00
2016.08.05 20:27:44.178,1.45505,1.45525,1.50,1.00
2016.08.05 20:27:44.237,1.45506,1.45525,1.00,1.00
2016.08.05 20:27:44.342,1.45505,1.45526,1.50,1.00
2016.08.05 20:27:44.446,1.45506,1.45522,1.00,1.00
2016.08.05 20:27:44.984,1.45505,1.45523,1.00,1.00
2016.08.05 20:27:45.513,1.45505,1.45524,1.00,1.00
2016.08.05 20:27:48.987,1.45505,1.45522,1.00,1.00
2016.08.05 20:27:49.417,1.45502,1.45522,1.00,1.00
2016.08.05 20:27:52.801,1.45502,1.45526,1.00,1.00
2016.08.05 20:27:52.852,1.45505,1.45526,1.00,1.00
2016.08.05 20:27:52.903,1.45505,1.4553,1.00,1.00
2016.08.05 20:27:52.954,1.45505,1.45531,1.00,1.37
2016.08.05 20:27:53.005,1.45505,1.45532,1.00,1.87
2016.08.05 20:27:53.825,1.45505,1.45532,1.00,1.50
2016.08.05 20:27:57.986,1.45505,1.45532,1.00,1.50
2016.08.05 20:27:58.218,1.45506,1.45532,1.00,1.00
2016.08.05 20:28:04.987,1.45506,1.4553,1.00,1.00
2016.08.05 20:28:18.092,1.45506,1.45532,1.00,1.12
2016.08.05 20:28:18.143,1.45505,1.45532,1.00,1.12
2016.08.05 20:28:18.195,1.45505,1.45532,1.00,1.00
2016.08.05 20:28:18.399,1.45505,1.45532,1.00,1.12
2016.08.05 20:28:18.501,1.45505,1.45529,1.00,1.00
2016.08.05 20:28:18.980,1.45505,1.45529,1.00,1.00
2016.08.05 20:28:19.492,1.45505,1.45528,1.00,1.00
2016.08.05 20:28:26.995,1.45506,1.45528,1.00,1.00
2016.08.05 20:28:28.835,1.45506,1.4553,1.00,1.00
2016.08.05 20:28:44.220,1.45506,1.45529,1.00,1.00
2016.08.05 20:28:44.424,1.45505,1.45531,1.00,1.00
2016.08.05 20:28:44.782,1.45504,1.45531,1.50,1.00
2016.08.05 20:28:44.920,1.45504,1.45531,1.50,1.50
2016.08.05 20:28:44.971,1.45507,1.45527,1.00,1.00
2016.08.05 20:28:45.023,1.45507,1.45525,1.00,1.00
2016.08.05 20:28:45.074,1.45504,1.45525,1.50,1.00
2016.08.05 20:28:45.278,1.45504,1.45525,1.00,1.00
2016.08.05 20:28:48.562,1.45504,1.45526,1.00,1.00
2016.08.05 20:28:48.758,1.45506,1.4553,1.00,1.00
2016.08.05 20:28:49.270,1.45507,1.4553,1.00,1.00
2016.08.05 20:28:49.773,1.45506,1.4553,1.00,1.00
2016.08.05 20:28:52.779,1.45506,1.45531,1.00,1.00
2016.08.05 20:28:52.860,1.45507,1.45533,1.00,1.00
2016.08.05 20:28:52.962,1.45507,1.45533,1.00,1.00
2016.08.05 20:28:55.639,1.45507,1.45535,1.00,1.87
2016.08.05 20:28:56.217,1.45508,1.45535,1.00,1.87
2016.08.05 20:28:59.029,1.45508,1.45535,1.00,1.12
2016.08.05 20:29:01.188,1.45509,1.45535,1.00,1.12
2016.08.05 20:29:01.239,1.45509,1.45534,1.00,1.00
2016.08.05 20:29:01.574,1.45509,1.45532,1.00,1.00
2016.08.05 20:29:01.727,1.45508,1.45532,1.00,1.00
2016.08.05 20:29:01.779,1.45508,1.45535,1.00,1.87
2016.08.05 20:29:04.203,1.45507,1.45535,1.00,1.50
2016.08.05 20:29:06.239,1.45507,1.45533,1.00,1.00
2016.08.05 20:29:06.546,1.45507,1.45533,1.00,1.00
2016.08.05 20:29:15.222,1.45508,1.45533,1.00,1.00
2016.08.05 20:29:18.245,1.45508,1.45535,1.00,1.87
2016.08.05 20:29:21.977,1.45508,1.45535,1.00,1.12
2016.08.05 20:29:22.130,1.45508,1.45535,1.50,1.12
2016.08.05 20:29:22.913,1.45509,1.45535,1.00,1.12
2016.08.05 20:29:22.964,1.45509,1.45535,1.00,1.00
2016.08.05 20:29:23.168,1.45511,1.45537,1.50,1.00
2016.08.05 20:29:23.219,1.45513,1.45537,1.37,1.00
2016.08.05 20:29:23.270,1.45513,1.45539,1.37,1.00
2016.08.05 20:29:23.372,1.45514,1.45541,1.12,1.00
2016.08.05 20:29:23.628,1.45515,1.45541,1.00,1.00
2016.08.05 20:29:23.934,1.45515,1.45538,1.00,1.00
2016.08.05 20:29:25.123,1.45516,1.45538,1.00,1.00
2016.08.05 20:29:28.085,1.45516,1.45537,1.00,1.00
2016.08.05 20:29:28.726,1.45515,1.45537,1.00,1.00
2016.08.05 20:29:29.289,1.45515,1.45538,1.00,1.00
2016.08.05 20:29:30.758,1.45516,1.4554,1.00,1.00
2016.08.05 20:29:30.911,1.45516,1.4554,1.50,1.00
2016.08.05 20:29:31.686,1.45516,1.45541,1.50,1.00
2016.08.05 20:29:31.953,1.45517,1.4554,1.00,1.00
2016.08.05 20:29:32.143,1.45516,1.45538,1.50,1.00
2016.08.05 20:29:32.357,1.45516,1.45538,1.00,1.00
2016.08.05 20:29:32.410,1.45516,1.45543,1.00,1.00
2016.08.05 20:29:32.665,1.45516,1.45539,1.00,1.00
2016.08.05 20:29:32.767,1.45516,1.45541,1.00,1.00
2016.08.05 20:29:32.940,1.45516,1.45541,1.00,1.00
2016.08.05 20:29:33.042,1.45514,1.45541,1.00,1.50
2016.08.05 20:29:33.093,1.45514,1.45538,1.00,1.00
2016.08.05 20:29:33.195,1.45514,1.45541,1.00,1.00
2016.08.05 20:29:33.358,1.45514,1.45541,1.00,1.00
2016.08.05 20:29:33.409,1.45512,1.45542,1.50,1.00
2016.08.05 20:29:33.744,1.45512,1.45542,1.00,1.00
2016.08.05 20:29:34.150,1.4551,1.4554,1.00,1.00
2016.08.05 20:29:34.456,1.45512,1.45539,1.50,1.00
2016.08.05 20:29:35.121,1.45512,1.45539,1.00,1.00
2016.08.05 20:29:35.173,1.4551,1.4554,1.00,1.00
2016.08.05 20:29:39.054,1.4551,1.45539,1.00,1.00
2016.08.05 20:29:41.534,1.45509,1.45539,1.50,1.00
2016.08.05 20:29:41.738,1.4551,1.45539,1.00,1.00
2016.08.05 20:29:41.891,1.45512,1.4554,1.37,1.00
2016.08.05 20:29:41.942,1.45513,1.45544,1.87,1.37
2016.08.05 20:29:41.994,1.45518,1.45545,1.00,1.00
2016.08.05 20:29:42.045,1.45518,1.45547,1.00,1.00
2016.08.05 20:29:42.096,1.45518,1.45549,1.00,1.12
2016.08.05 20:29:42.147,1.45521,1.45551,1.00,1.87
2016.08.05 20:29:42.503,1.45521,1.4555,1.00,1.00
2016.08.05 20:29:42.873,1.45524,1.45551,1.87,1.37
2016.08.05 20:29:42.925,1.45524,1.45551,1.37,1.37
2016.08.05 20:29:42.976,1.45524,1.45554,1.00,1.00
2016.08.05 20:29:43.078,1.45524,1.45552,1.00,1.00
2016.08.05 20:29:43.384,1.45523,1.45549,1.00,1.00
2016.08.05 20:29:43.486,1.45521,1.45549,1.00,1.00
2016.08.05 20:29:43.912,1.45525,1.45553,1.50,1.00
2016.08.05 20:29:43.964,1.45525,1.45553,2.25,1.00
2016.08.05 20:29:44.015,1.45525,1.45553,1.50,1.00
2016.08.05 20:29:44.067,1.45524,1.45553,1.12,1.00
2016.08.05 20:29:44.118,1.45524,1.45548,1.12,1.00
2016.08.05 20:29:44.300,1.4552,1.45548,1.00,1.00
2016.08.05 20:29:47.375,1.4552,1.45549,1.00,1.00
2016.08.05 20:29:51.407,1.4552,1.45548,1.00,1.00
2016.08.05 20:29:51.458,1.4552,1.45548,1.50,1.00
2016.08.05 20:29:51.764,1.4552,1.45547,1.00,1.00
2016.08.05 20:29:54.255,1.45519,1.45547,1.00,1.00
2016.08.05 20:29:58.097,1.45519,1.45544,1.00,1.00
2016.08.05 20:30:00.324,1.45519,1.45548,1.00,1.00
2016.08.05 20:30:01.699,1.45519,1.45549,1.00,1.00
2016.08.05 20:30:01.903,1.45517,1.45548,1.00,1.00
2016.08.05 20:30:02.484,1.45517,1.45547,1.00,1.00
2016.08.05 20:30:02.586,1.45515,1.45547,1.00,1.00
2016.08.05 20:30:02.638,1.45515,1.45545,1.00,1.00
2016.08.05 20:30:05.872,1.45516,1.45545,1.00,1.00
2016.08.05 20:30:05.924,1.45519,1.45549,1.00,1.50
2016.08.05 20:30:06.140,1.45521,1.45548,1.00,1.00
2016.08.05 20:30:06.650,1.45521,1.45549,1.00,1.00
2016.08.05 20:30:07.042,1.45519,1.45548,1.00,1.00
2016.08.05 20:30:07.555,1.45519,1.45547,1.00,1.00
2016.08.05 20:30:10.965,1.45519,1.45547,1.00,1.50
2016.08.05 20:30:11.219,1.45519,1.45545,1.00,1.00
2016.08.05 20:30:13.236,1.45519,1.45546,1.00,1.00
2016.08.05 20:30:18.479,1.45517,1.45546,1.00,1.00
2016.08.05 20:30:20.195,1.45517,1.45546,1.00,1.50
2016.08.05 20:30:22.531,1.45517,1.45543,1.00,1.00
2016.08.05 20:30:24.446,1.45517,1.45541,1.00,1.00
2016.08.05 20:30:29.244,1.45516,1.45541,1.00,1.00
2016.08.05 20:30:29.809,1.45515,1.45541,1.00,1.00
2016.08.05 20:30:30.026,1.45515,1.45543,1.00,1.00
2016.08.05 20:30:44.248,1.45516,1.45543,1.00,1.00
2016.08.05 20:30:46.465,1.45513,1.45539,1.00,1.00
2016.08.05 20:30:46.568,1.45513,1.45543,1.00,1.00
2016.08.05 20:30:46.619,1.45509,1.45543,1.12,1.00
2016.08.05 20:30:46.776,1.45509,1.45543,1.00,1.00
2016.08.05 20:30:46.836,1.45509,1.45541,1.50,1.00
2016.08.05 20:30:47.040,1.45509,1.45541,1.00,1.00
2016.08.05 20:30:47.624,1.45509,1.45541,1.12,1.00
2016.08.05 20:30:47.726,1.45509,1.45542,1.87,1.00
2016.08.05 20:30:47.777,1.45512,1.45542,1.00,1.00
2016.08.05 20:30:48.412,1.4551,1.45542,1.00,1.00
2016.08.05 20:30:49.041,1.4551,1.45541,1.00,1.00
2016.08.05 20:30:53.679,1.45511,1.45541,1.00,1.00
2016.08.05 20:30:54.347,1.45511,1.45541,1.00,1.50
2016.08.05 20:30:54.577,1.45511,1.45543,1.00,1.50
2016.08.05 20:30:54.675,1.45511,1.45543,1.00,1.00
2016.08.05 20:30:54.777,1.45511,1.45543,1.00,1.50
2016.08.05 20:30:56.560,1.45511,1.45543,1.00,2.25
2016.08.05 20:31:03.459,1.45511,1.45541,1.00,1.00
2016.08.05 20:31:03.765,1.45511,1.45543,1.00,2.25
2016.08.05 20:31:06.977,1.45511,1.45543,1.00,1.50
2016.08.05 20:31:07.155,1.45514,1.45545,1.00,1.00
2016.08.05 20:31:07.359,1.45514,1.45545,1.00,1.50
2016.08.05 20:31:09.776,1.45514,1.45544,1.00,1.00
2016.08.05 20:31:14.753,1.45518,1.45544,1.00,1.00
2016.08.05 20:31:15.668,1.45518,1.45546,1.00,1.00
2016.08.05 20:31:16.290,1.45518,1.45547,1.00,1.00
2016.08.05 20:31:17.801,1.45518,1.45547,1.00,1.50
2016.08.05 20:31:20.302,1.45518,1.45547,1.00,1.00
2016.08.05 20:31:20.812,1.45518,1.45548,1.00,1.00
2016.08.05 20:31:25.809,1.45518,1.45548,1.00,1.50
2016.08.05 20:31:27.265,1.45518,1.45548,1.00,1.00
2016.08.05 20:31:28.366,1.45518,1.45549,1.00,1.00
2016.08.05 20:31:28.672,1.45518,1.45547,1.00,1.00
2016.08.05 20:31:29.679,1.45518,1.45545,1.00,1.00
2016.08.05 20:31:46.884,1.45515,1.45545,1.00,1.00
2016.08.05 20:31:47.073,1.45515,1.45545,1.37,1.00
2016.08.05 20:31:47.125,1.45515,1.45547,1.37,1.00
2016.08.05 20:31:47.650,1.45515,1.45548,1.37,1.00
2016.08.05 20:31:48.008,1.45515,1.45546,1.37,1.00
2016.08.05 20:31:48.815,1.45515,1.45545,1.37,1.00
2016.08.05 20:31:51.781,1.45515,1.45545,1.00,1.00
2016.08.05 20:31:51.832,1.45515,1.45548,1.00,1.00
2016.08.05 20:31:51.939,1.45515,1.4555,1.00,1.00
2016.08.05 20:31:52.092,1.45515,1.45549,1.00,1.00
2016.08.05 20:31:52.617,1.45519,1.45548,1.00,1.00
2016.08.05 20:31:52.720,1.45519,1.45551,1.00,1.00
2016.08.05 20:31:52.921,1.45519,1.45552,1.00,1.00
2016.08.05 20:31:52.973,1.45516,1.45552,1.37,1.00
2016.08.05 20:31:53.228,1.45514,1.45551,1.87,1.00
2016.08.05 20:31:53.279,1.45514,1.45551,1.37,1.00
2016.08.05 20:31:53.534,1.45518,1.45552,1.00,1.00
2016.08.05 20:31:53.942,1.45518,1.45551,1.00,1.00
2016.08.05 20:31:58.556,1.45518,1.4555,1.00,1.00
2016.08.05 20:32:00.409,1.45518,1.45552,1.00,1.00
2016.08.05 20:32:00.809,1.45518,1.45552,1.00,1.50
2016.08.05 20:32:04.268,1.45516,1.45552,1.00,1.50
2016.08.05 20:32:04.320,1.45516,1.45549,1.00,1.50
2016.08.05 20:32:04.653,1.45516,1.45548,1.00,1.00
2016.08.05 20:32:11.654,1.45516,1.45551,1.00,1.00
2016.08.05 20:32:17.371,1.45516,1.45552,1.00,1.00
2016.08.05 20:32:17.422,1.45516,1.45553,1.00,1.12
2016.08.05 20:32:17.473,1.45516,1.45553,1.00,1.00
2016.08.05 20:32:17.575,1.45516,1.45553,1.00,1.12
2016.08.05 20:32:17.714,1.45516,1.45553,1.00,1.87
2016.08.05 20:32:17.765,1.45516,1.45551,1.00,1.00
2016.08.05 20:32:17.919,1.45516,1.4555,1.00,1.00
2016.08.05 20:32:19.619,1.45516,1.45553,1.00,1.12
2016.08.05 20:32:19.670,1.45516,1.45553,1.00,1.00
2016.08.05 20:32:20.179,1.45516,1.45552,1.00,1.00
2016.08.05 20:32:20.434,1.45516,1.4555,1.00,1.00
2016.08.05 20:32:22.759,1.45516,1.45548,1.00,1.00
2016.08.05 20:32:26.440,1.45516,1.45552,1.00,1.50
2016.08.05 20:32:26.491,1.45516,1.45552,1.00,1.00
2016.08.05 20:32:27.053,1.45516,1.45551,1.00,1.00
2016.08.05 20:32:28.243,1.45516,1.4555,1.00,1.00
2016.08.05 20:32:28.864,1.45519,1.45549,1.00,1.00
2016.08.05 20:32:29.375,1.45519,1.45554,1.00,1.00
2016.08.05 20:32:29.528,1.45519,1.45546,1.00,1.00
2016.08.05 20:32:30.037,1.45519,1.45545,1.00,1.00
2016.08.05 20:32:31.021,1.45519,1.45545,1.37,1.00
2016.08.05 20:32:32.883,1.45519,1.45546,1.37,1.00
2016.08.05 20:32:34.617,1.45519,1.45546,1.87,1.00
2016.08.05 20:32:35.497,1.45519,1.45546,1.37,1.00
2016.08.05 20:32:36.897,1.45519,1.45546,1.87,1.00
2016.08.05 20:32:41.386,1.45519,1.45547,1.37,1.00
2016.08.05 20:32:41.585,1.45519,1.45549,1.37,1.00
2016.08.05 20:32:41.687,1.45519,1.45549,1.87,1.00
2016.08.05 20:32:42.075,1.45519,1.45547,1.87,1.00
2016.08.05 20:32:42.964,1.45521,1.45547,1.12,1.00
2016.08.05 20:32:43.015,1.45521,1.45547,1.87,1.00
2016.08.05 20:32:43.119,1.45521,1.45547,1.12,1.00
2016.08.05 20:32:43.385,1.45521,1.4555,1.12,1.00
2016.08.05 20:32:43.487,1.45521,1.45547,1.12,1.00
2016.08.05 20:32:43.538,1.4552,1.45547,1.37,1.00
2016.08.05 20:32:44.226,1.4552,1.45548,1.37,1.00
2016.08.05 20:32:46.936,1.4552,1.45548,1.00,1.00
2016.08.05 20:32:48.130,1.45521,1.45548,1.00,1.00
2016.08.05 20:32:48.285,1.45521,1.45551,1.00,1.00
2016.08.05 20:32:48.439,1.45519,1.45551,1.00,1.00
2016.08.05 20:32:48.491,1.45519,1.45548,1.00,1.00
2016.08.05 20:32:53.618,1.45521,1.45548,1.00,1.00
2016.08.05 20:32:54.143,1.45521,1.45547,1.00,1.00
2016.08.05 20:32:58.504,1.45521,1.45548,1.00,1.00
2016.08.05 20:33:08.008,1.45519,1.45548,1.37,1.00
2016.08.05 20:33:08.111,1.45519,1.4555,1.37,1.00
2016.08.05 20:33:08.163,1.45519,1.4555,1.75,1.00
2016.08.05 20:33:08.236,1.45524,1.45554,1.37,1.00
2016.08.05 20:33:08.389,1.45524,1.45551,1.37,1.00
2016.08.05 20:33:08.918,1.45524,1.4555,1.37,1.00
2016.08.05 20:33:10.765,1.45524,1.4555,1.12,1.00
2016.08.05 20:33:11.960,1.45525,1.4555,1.00,1.00
2016.08.05 20:33:12.141,1.45525,1.45553,1.00,1.00
2016.08.05 20:33:12.663,1.45525,1.45552,1.00,1.00
2016.08.05 20:33:18.064,1.45522,1.45552,1.37,1.00
2016.08.05 20:33:18.273,1.45522,1.45549,1.37,1.00
2016.08.05 20:33:18.426,1.45521,1.45549,1.87,1.00
2016.08.05 20:33:19.035,1.45521,1.45549,1.37,1.00
2016.08.05 20:33:19.087,1.45521,1.45551,1.37,1.00
2016.08.05 20:33:19.138,1.45523,1.45551,1.37,1.00
2016.08.05 20:33:19.677,1.45523,1.4555,1.37,1.00
2016.08.05 20:33:22.651,1.45523,1.4555,1.87,1.00
2016.08.05 20:33:23.295,1.45523,1.45552,1.87,1.00
2016.08.05 20:33:23.347,1.45523,1.45552,1.37,1.00
2016.08.05 20:33:23.449,1.45523,1.45553,1.87,1.00
2016.08.05 20:33:24.192,1.45523,1.4555,1.87,1.00
2016.08.05 20:33:24.771,1.45523,1.4555,1.37,1.00
2016.08.05 20:33:24.924,1.45523,1.45553,1.37,1.00
2016.08.05 20:33:25.128,1.45523,1.45553,1.87,1.00
2016.08.05 20:33:25.332,1.45523,1.45553,1.37,1.00
2016.08.05 20:33:26.004,1.45523,1.45552,1.37,1.00
2016.08.05 20:33:26.313,1.45523,1.4555,1.37,1.00
2016.08.05 20:33:26.365,1.45523,1.4555,1.50,1.00
2016.08.05 20:33:26.467,1.45523,1.4555,1.00,1.00
2016.08.05 20:33:26.518,1.45521,1.4555,1.37,1.00
2016.08.05 20:33:30.611,1.45521,1.45552,1.37,1.00
2016.08.05 20:33:41.762,1.45522,1.45552,1.12,1.00
2016.08.05 20:33:41.813,1.45524,1.45553,1.37,1.00
2016.08.05 20:33:42.928,1.45524,1.45552,1.37,1.00
2016.08.05 20:33:43.473,1.45524,1.45553,1.37,1.00
2016.08.05 20:33:48.956,1.45528,1.45553,1.00,1.00
2016.08.05 20:33:49.058,1.45528,1.45555,1.00,1.00
2016.08.05 20:33:49.161,1.45528,1.45559,1.00,1.37
2016.08.05 20:33:49.263,1.45526,1.4556,1.37,1.37
2016.08.05 20:33:49.314,1.45526,1.4556,1.87,1.37
2016.08.05 20:33:49.365,1.4553,1.45563,1.00,1.37
2016.08.05 20:33:49.516,1.4553,1.45563,1.37,1.12
2016.08.05 20:33:49.568,1.45529,1.45558,1.37,1.00
2016.08.05 20:33:49.669,1.45529,1.45558,1.37,1.00
2016.08.05 20:33:50.178,1.45529,1.45559,1.37,1.00
2016.08.05 20:33:50.697,1.45528,1.45558,1.37,1.00
2016.08.05 20:33:54.933,1.45528,1.45558,1.00,1.00
2016.08.05 20:34:07.943,1.45528,1.45557,1.00,1.00
2016.08.05 20:34:09.243,1.45529,1.45557,1.00,1.00
2016.08.05 20:34:19.254,1.45528,1.45557,1.00,1.00
2016.08.05 20:34:22.122,1.45528,1.45557,1.37,1.00
2016.08.05 20:34:34.250,1.45529,1.45557,1.37,1.00
2016.08.05 20:34:37.137,1.45529,1.45557,1.00,1.00
2016.08.05 20:34:40.943,1.4553,1.45557,1.00,1.00
2016.08.05 20:34:45.885,1.4553,1.45558,1.00,1.00
2016.08.05 20:34:47.551,1.4553,1.45558,1.37,1.00
2016.08.05 20:34:48.356,1.4553,1.45559,1.37,1.00
2016.08.05 20:34:49.116,1.4553,1.4556,1.37,1.00
2016.08.05 20:34:49.167,1.45532,1.4556,1.37,1.00
2016.08.05 20:34:49.219,1.45532,1.45567,1.37,1.12
2016.08.05 20:34:49.270,1.45532,1.45564,1.87,1.00
2016.08.05 20:34:49.424,1.45532,1.45564,1.00,1.00
2016.08.05 20:34:49.739,1.45531,1.45563,1.50,1.00
2016.08.05 20:34:50.046,1.45531,1.4556,1.50,1.00
2016.08.05 20:34:50.420,1.45531,1.4556,1.00,1.00
2016.08.05 20:34:53.550,1.45531,1.4556,1.00,1.37
2016.08.05 20:34:59.434,1.45531,1.4556,1.00,1.12
2016.08.05 20:35:00.610,1.45531,1.4556,1.00,1.37
2016.08.05 20:35:00.712,1.45531,1.4556,1.00,1.12
2016.08.05 20:35:03.209,1.45531,1.45561,1.00,1.37
2016.08.05 20:35:03.413,1.45531,1.45563,1.00,1.37
2016.08.05 20:35:03.489,1.4553,1.45558,1.50,1.00
2016.08.05 20:35:03.671,1.4553,1.45558,1.00,1.12
2016.08.05 20:35:03.722,1.45528,1.45558,1.00,1.12
2016.08.05 20:35:03.773,1.45528,1.45557,1.00,1.00
2016.08.05 20:35:08.881,1.45527,1.45557,1.12,1.00
2016.08.05 20:35:08.932,1.45526,1.45557,1.87,1.00
2016.08.05 20:35:08.983,1.45526,1.45557,1.37,1.00
2016.08.05 20:35:09.259,1.4553,1.45557,1.00,1.00
2016.08.05 20:35:09.670,1.45527,1.45557,1.00,1.00
2016.08.05 20:35:16.885,1.45527,1.45561,1.00,1.37
2016.08.05 20:35:16.937,1.4553,1.45561,1.00,1.37
2016.08.05 20:35:17.478,1.4553,1.4556,1.00,1.37
2016.08.05 20:35:17.936,1.4553,1.4556,1.00,1.12
2016.08.05 20:35:18.139,1.4553,1.4556,1.50,1.37
2016.08.05 20:35:23.340,1.4553,1.4556,1.50,1.00
2016.08.05 20:35:23.668,1.45533,1.4556,1.12,1.00
2016.08.05 20:35:23.719,1.45533,1.45565,1.12,1.37
2016.08.05 20:35:24.487,1.45533,1.45564,1.12,1.37
2016.08.05 20:35:26.443,1.45533,1.45562,1.12,1.37
2016.08.05 20:35:26.698,1.45533,1.45564,1.12,1.37
2016.08.05 20:35:28.605,1.45533,1.45562,1.12,1.37
2016.08.05 20:35:29.094,1.45533,1.45564,1.12,1.37
2016.08.05 20:35:29.693,1.45533,1.45563,1.12,1.37
2016.08.05 20:35:33.352,1.45533,1.45563,1.00,1.37
2016.08.05 20:35:35.932,1.45533,1.45565,1.00,1.37
2016.08.05 20:35:37.394,1.45531,1.45565,1.50,1.87
2016.08.05 20:35:37.445,1.45531,1.45562,1.50,1.12
2016.08.05 20:35:37.817,1.45531,1.45564,1.50,1.37
2016.08.05 20:35:38.633,1.45531,1.45562,1.50,1.12
2016.08.05 20:35:45.257,1.45531,1.45564,1.50,1.37
2016.08.05 20:35:49.605,1.45531,1.45563,1.00,1.37
2016.08.05 20:35:51.185,1.4553,1.45563,1.00,1.37
2016.08.05 20:35:51.461,1.4553,1.45563,1.50,1.37
2016.08.05 20:35:51.677,1.45532,1.45563,1.00,1.37
2016.08.05 20:35:51.983,1.45532,1.45565,1.50,1.37
2016.08.05 20:35:52.187,1.45532,1.45565,1.00,1.37
2016.08.05 20:35:53.433,1.45532,1.45565,1.00,1.00
2016.08.05 20:36:04.905,1.45532,1.45561,1.00,1.00
2016.08.05 20:36:05.617,1.45529,1.45561,1.37,1.00
2016.08.05 20:36:06.132,1.45529,1.4556,1.37,1.00
2016.08.05 20:36:06.892,1.45529,1.45558,1.37,1.00
2016.08.05 20:36:07.719,1.45526,1.45554,2.62,1.50
2016.08.05 20:36:07.770,1.45526,1.45551,1.12,1.00
2016.08.05 20:36:07.822,1.45523,1.4555,1.00,1.00
2016.08.05 20:36:07.873,1.45515,1.4555,1.00,1.00
2016.08.05 20:36:08.062,1.45511,1.45546,1.49,1.00
2016.08.05 20:36:08.794,1.45511,1.45546,1.49,1.50
2016.08.05 20:36:08.998,1.45511,1.45544,1.49,1.00
2016.08.05 20:36:09.049,1.45511,1.45544,1.24,1.00
2016.08.05 20:36:10.933,1.45511,1.45544,1.12,1.00
2016.08.05 20:36:20.104,1.45513,1.45547,1.12,1.00
2016.08.05 20:36:20.432,1.45511,1.45546,1.12,1.00
2016.08.05 20:36:20.638,1.45511,1.45546,1.16,1.00
2016.08.05 20:36:20.968,1.45511,1.45546,1.24,1.00
2016.08.05 20:36:21.019,1.45511,1.45544,1.24,1.00
2016.08.05 20:36:21.565,1.45511,1.45543,1.24,1.00
2016.08.05 20:36:26.725,1.45511,1.45543,1.12,1.00
2016.08.05 20:36:30.858,1.45511,1.45543,1.00,1.00
2016.08.05 20:36:34.251,1.45512,1.45543,1.00,1.00
2016.08.05 20:36:38.208,1.45512,1.45542,1.00,1.00
2016.08.05 20:36:38.310,1.45512,1.45544,1.00,1.00
2016.08.05 20:36:38.755,1.45512,1.45543,1.00,1.00
2016.08.05 20:36:39.823,1.45512,1.45544,1.00,1.00
2016.08.05 20:36:40.027,1.45512,1.45542,1.00,1.00
2016.08.05 20:36:40.711,1.45512,1.45543,1.00,1.00
2016.08.05 20:36:46.167,1.45512,1.45541,1.00,1.00
2016.08.05 20:36:49.247,1.45511,1.45541,1.00,1.00
2016.08.05 20:36:56.872,1.45511,1.45539,1.00,1.00
2016.08.05 20:37:00.893,1.45511,1.45539,1.12,1.00
2016.08.05 20:37:01.460,1.45511,1.45541,1.12,1.00
2016.08.05 20:37:01.681,1.45511,1.45543,1.12,1.00
2016.08.05 20:37:03.571,1.45511,1.45542,1.12,1.00
2016.08.05 20:37:07.306,1.45511,1.4554,1.12,1.00
2016.08.05 20:37:14.249,1.45512,1.4554,1.00,1.00
2016.08.05 20:37:20.384,1.45512,1.45539,1.00,1.00
2016.08.05 20:37:20.792,1.45512,1.45542,1.00,1.00
2016.08.05 20:37:21.076,1.45512,1.4554,1.00,1.00
2016.08.05 20:37:22.654,1.45511,1.4554,1.12,1.00
2016.08.05 20:37:29.530,1.45512,1.4554,1.00,1.00
2016.08.05 20:37:29.934,1.45511,1.4554,1.12,1.00
2016.08.05 20:37:30.874,1.45511,1.4554,1.37,1.00
2016.08.05 20:37:43.616,1.45512,1.4554,1.37,1.00
2016.08.05 20:37:53.323,1.4551,1.4554,1.37,1.00
2016.08.05 20:38:02.755,1.4551,1.45539,1.87,1.00
2016.08.05 20:38:03.401,1.4551,1.4554,1.87,1.00
2016.08.05 20:38:04.043,1.4551,1.45538,1.87,1.00
2016.08.05 20:38:06.914,1.4551,1.45538,1.37,1.00
2016.08.05 20:38:06.966,1.45507,1.45536,1.37,1.00
2016.08.05 20:38:07.100,1.45506,1.45536,1.87,1.00
2016.08.05 20:38:07.152,1.45506,1.45537,1.12,1.50
2016.08.05 20:38:07.254,1.45508,1.45537,1.00,1.50
2016.08.05 20:38:07.356,1.45508,1.45536,1.00,1.00
2016.08.05 20:38:07.458,1.45508,1.45537,1.00,1.50
2016.08.05 20:38:07.665,1.45508,1.45536,1.00,1.00
2016.08.05 20:38:07.971,1.45508,1.45534,1.00,1.00
2016.08.05 20:38:08.174,1.45509,1.45536,1.00,1.00
2016.08.05 20:38:08.327,1.45509,1.45534,1.00,1.00
2016.08.05 20:38:08.937,1.45509,1.45533,1.00,1.00
2016.08.05 20:38:09.567,1.45509,1.45534,1.00,1.00
2016.08.05 20:38:13.445,1.45507,1.45534,1.12,1.00
2016.08.05 20:38:14.245,1.45507,1.45532,1.12,1.00
2016.08.05 20:38:15.331,1.45507,1.45533,1.12,1.00
2016.08.05 20:38:15.881,1.45507,1.45532,1.12,1.00
2016.08.05 20:38:16.584,1.45506,1.45532,1.37,1.00
2016.08.05 20:38:18.443,1.45503,1.45532,1.50,1.00
2016.08.05 20:38:18.748,1.45503,1.45531,1.50,1.00
2016.08.05 20:38:19.733,1.45504,1.45531,1.00,1.00
2016.08.05 20:38:20.072,1.45504,1.45529,1.00,1.00
2016.08.05 20:38:22.572,1.45503,1.45531,1.50,1.00
2016.08.05 20:38:22.624,1.45503,1.45531,1.12,1.00
2016.08.05 20:38:22.676,1.45505,1.45533,1.00,1.00
2016.08.05 20:38:23.201,1.45505,1.45532,1.00,1.00
2016.08.05 20:38:26.079,1.45509,1.45532,1.00,1.00
2016.08.05 20:38:26.385,1.45516,1.45539,1.00,1.00
2016.08.05 20:38:26.538,1.45516,1.45541,1.00,1.00
2016.08.05 20:38:26.590,1.45518,1.45541,1.00,1.00
2016.08.05 20:38:30.441,1.45515,1.45541,1.00,1.00
2016.08.05 20:38:30.784,1.45517,1.45541,1.00,1.00
2016.08.05 20:38:33.204,1.45521,1.45541,1.00,1.00
2016.08.05 20:38:33.306,1.45521,1.45544,1.00,1.00
2016.08.05 20:38:33.820,1.45521,1.45543,1.00,1.00
2016.08.05 20:38:36.385,1.45519,1.45543,1.00,1.00
2016.08.05 20:38:36.836,1.45521,1.45543,1.00,1.00
2016.08.05 20:38:38.278,1.45518,1.45545,1.00,1.00
2016.08.05 20:38:38.463,1.45513,1.45541,1.00,1.00
2016.08.05 20:38:38.515,1.45508,1.45541,1.12,1.00
2016.08.05 20:38:38.567,1.45508,1.45541,1.00,1.50
2016.08.05 20:38:38.849,1.45505,1.4554,2.70,1.00
2016.08.05 20:38:39.092,1.45505,1.4554,1.95,1.00
2016.08.05 20:38:39.144,1.45505,1.4554,1.87,1.00
2016.08.05 20:38:39.262,1.45505,1.4554,1.37,1.50
2016.08.05 20:38:39.313,1.45505,1.45534,1.37,1.00
2016.08.05 20:38:40.289,1.45505,1.45532,1.37,1.00
2016.08.05 20:38:40.531,1.45505,1.45532,1.00,1.00
2016.08.05 20:38:41.482,1.45506,1.45535,1.00,1.50
2016.08.05 20:38:41.686,1.45506,1.45535,1.00,1.00
2016.08.05 20:38:43.480,1.45505,1.45537,1.00,1.00
2016.08.05 20:38:43.656,1.45505,1.45538,1.00,1.00
2016.08.05 20:38:43.809,1.45505,1.45537,1.00,1.00
2016.08.05 20:38:43.911,1.45507,1.45538,1.00,1.00
2016.08.05 20:38:44.013,1.45507,1.45539,1.00,1.00
2016.08.05 20:38:45.371,1.45507,1.45538,1.00,1.00
2016.08.05 20:38:45.474,1.45507,1.45538,1.37,1.00
2016.08.05 20:38:46.399,1.45507,1.45539,1.37,1.00
2016.08.05 20:38:49.351,1.45505,1.45538,1.37,1.50
2016.08.05 20:38:49.403,1.45505,1.45535,1.37,1.00
2016.08.05 20:38:49.454,1.45505,1.45535,1.00,1.00
2016.08.05 20:38:49.607,1.45503,1.45535,1.00,1.00
2016.08.05 20:38:50.468,1.45502,1.45535,1.20,1.50
2016.08.05 20:38:50.559,1.45502,1.45531,1.20,1.00
2016.08.05 20:38:50.611,1.45502,1.45533,1.20,1.00
2016.08.05 20:38:50.816,1.45502,1.45528,1.20,1.00
2016.08.05 20:38:51.617,1.45502,1.45529,1.20,1.00
2016.08.05 20:38:51.720,1.45502,1.45529,1.95,1.00
2016.08.05 20:38:52.063,1.45502,1.45527,1.95,1.00
2016.08.05 20:38:52.610,1.45502,1.45528,1.95,1.00
2016.08.05 20:38:53.010,1.45502,1.45528,1.20,1.00
2016.08.05 20:38:53.112,1.45502,1.45528,1.12,1.00
2016.08.05 20:38:54.383,1.45502,1.45528,1.87,1.00
2016.08.05 20:38:59.429,1.45502,1.45528,2.25,1.00
2016.08.05 20:39:00.855,1.45502,1.45528,2.40,1.00
2016.08.05 20:39:04.251,1.45503,1.45528,1.37,1.00
2016.08.05 20:39:09.451,1.45504,1.45528,1.00,1.00
2016.08.05 20:39:15.950,1.45504,1.45528,1.00,1.00
2016.08.05 20:39:16.001,1.45499,1.45528,1.12,1.00
2016.08.05 20:39:16.053,1.45499,1.4553,1.12,1.00
2016.08.05 20:39:16.105,1.45494,1.45526,1.12,1.37
2016.08.05 20:39:16.158,1.45493,1.45526,1.12,1.00
2016.08.05 20:39:16.330,1.45496,1.45532,1.50,1.00
2016.08.05 20:39:16.383,1.45496,1.45533,1.50,1.12
2016.08.05 20:39:16.485,1.45496,1.45533,1.50,1.00
2016.08.05 20:39:16.537,1.45499,1.45533,1.00,1.00
2016.08.05 20:39:17.066,1.455,1.45533,1.50,1.00
2016.08.05 20:39:17.219,1.45504,1.45535,1.00,1.00
2016.08.05 20:39:17.645,1.45504,1.45537,1.00,1.00
2016.08.05 20:39:17.960,1.45504,1.45537,1.00,1.37
2016.08.05 20:39:18.012,1.45501,1.45538,1.10,2.25
2016.08.05 20:39:18.114,1.45501,1.45537,1.00,2.62
2016.08.05 20:39:18.165,1.45498,1.45534,1.50,1.12
2016.08.05 20:39:18.217,1.45498,1.45534,1.00,1.12
2016.08.05 20:39:18.421,1.45498,1.45534,1.00,1.87
2016.08.05 20:39:18.909,1.45498,1.45533,1.00,1.00
2016.08.05 20:39:19.300,1.45498,1.45533,1.00,1.37
2016.08.05 20:39:19.910,1.45498,1.45527,1.00,1.00
2016.08.05 20:39:25.329,1.45496,1.45529,1.00,1.00
2016.08.05 20:39:26.077,1.45496,1.4553,1.00,1.00
2016.08.05 20:39:27.102,1.45496,1.4553,1.37,1.50
2016.08.05 20:39:27.153,1.45496,1.45528,1.37,1.00
2016.08.05 20:39:28.533,1.45493,1.45528,1.87,1.00
2016.08.05 20:39:28.635,1.45491,1.45528,1.87,1.00
2016.08.05 20:39:28.737,1.45492,1.45528,1.37,1.00
2016.08.05 20:39:28.788,1.45492,1.45528,1.37,1.12
2016.08.05 20:39:28.840,1.45495,1.45525,1.00,1.00
2016.08.05 20:39:29.044,1.45493,1.45525,1.12,1.00
2016.08.05 20:39:29.248,1.45495,1.45525,1.00,1.00
2016.08.05 20:39:29.425,1.45497,1.45525,1.00,1.00
2016.08.05 20:39:29.527,1.45494,1.45526,1.00,1.00
2016.08.05 20:39:29.629,1.45494,1.45528,1.00,1.50
2016.08.05 20:39:29.833,1.45493,1.45528,1.12,1.50
2016.08.05 20:39:30.036,1.45492,1.45528,1.37,1.50
2016.08.05 20:39:30.139,1.45492,1.45528,1.12,1.50
2016.08.05 20:39:30.342,1.45492,1.45527,1.12,1.00
2016.08.05 20:39:30.720,1.45492,1.45527,1.37,1.00
2016.08.05 20:39:31.247,1.45492,1.45526,1.37,1.00
2016.08.05 20:39:31.749,1.45491,1.45526,1.37,1.00
2016.08.05 20:39:32.353,1.45492,1.45526,1.37,1.00
2016.08.05 20:39:32.557,1.45492,1.45526,1.12,1.00
2016.08.05 20:39:32.710,1.45492,1.45526,1.37,1.00
2016.08.05 20:39:32.761,1.45492,1.45526,1.37,1.00
2016.08.05 20:39:33.323,1.45495,1.45526,1.00,1.00
2016.08.05 20:39:33.526,1.45497,1.45526,1.00,1.00
2016.08.05 20:39:33.578,1.45497,1.45528,1.00,1.00
2016.08.05 20:39:33.884,1.45497,1.45528,1.00,1.00
2016.08.05 20:39:34.243,1.45496,1.45528,1.00,1.00
2016.08.05 20:39:34.711,1.45496,1.4553,1.00,1.00
2016.08.05 20:39:34.864,1.45496,1.45532,1.00,1.50
2016.08.05 20:39:34.967,1.455,1.45531,1.00,1.00
2016.08.05 20:39:35.069,1.455,1.45533,1.00,1.00
2016.08.05 20:39:35.121,1.45502,1.45533,1.00,1.12
2016.08.05 20:39:35.173,1.45502,1.45533,1.00,1.00
2016.08.05 20:39:35.275,1.45506,1.45535,1.00,1.00
2016.08.05 20:39:35.478,1.45506,1.45537,1.00,1.00
2016.08.05 20:39:36.235,1.45506,1.45536,1.00,1.00
2016.08.05 20:39:36.456,1.45504,1.45536,1.00,1.00
2016.08.05 20:39:36.711,1.45502,1.45536,1.00,1.00
2016.08.05 20:39:36.763,1.45502,1.45534,1.00,1.00
2016.08.05 20:39:37.287,1.45502,1.45535,1.00,1.00
2016.08.05 20:39:37.835,1.45502,1.45534,1.00,1.00
2016.08.05 20:39:41.374,1.45506,1.45534,1.00,1.00
2016.08.05 20:39:42.276,1.45506,1.45533,1.00,1.00
2016.08.05 20:39:43.456,1.45506,1.45532,1.00,1.00
2016.08.05 20:39:43.576,1.45504,1.45532,1.00,1.00
2016.08.05 20:39:51.496,1.45504,1.45531,1.00,1.00
2016.08.05 20:39:57.123,1.45499,1.45531,1.50,1.00
2016.08.05 20:39:57.174,1.45499,1.4553,1.00,1.00
2016.08.05 20:39:57.226,1.45495,1.45528,1.00,1.00
2016.08.05 20:39:57.278,1.45493,1.45528,1.00,1.00
2016.08.05 20:39:57.329,1.45493,1.45525,1.00,1.37
2016.08.05 20:39:57.380,1.4549,1.45522,1.50,1.00
2016.08.05 20:39:57.432,1.45487,1.45522,1.10,1.00
2016.08.05 20:39:57.483,1.45487,1.45522,1.00,1.00
2016.08.05 20:39:57.861,1.45487,1.45522,1.00,1.50
2016.08.05 20:39:57.912,1.45487,1.45518,1.00,1.00
2016.08.05 20:39:58.575,1.45487,1.45519,1.00,1.00
2016.08.05 20:39:58.984,1.45487,1.4552,1.00,1.00
2016.08.05 20:40:00.692,1.45487,1.4552,1.00,1.00
2016.08.05 20:40:02.299,1.45487,1.45519,1.00,1.00
2016.08.05 20:40:02.869,1.45488,1.45519,1.00,1.00
2016.08.05 20:40:02.971,1.45488,1.45521,1.00,1.00
2016.08.05 20:40:03.125,1.45488,1.45521,1.50,1.00
2016.08.05 20:40:03.278,1.45492,1.4552,1.00,1.00
2016.08.05 20:40:03.815,1.45492,1.45521,1.00,1.00
2016.08.05 20:40:04.372,1.45488,1.45521,1.50,1.00
2016.08.05 20:40:04.423,1.45487,1.45522,1.50,1.00
2016.08.05 20:40:04.474,1.45487,1.45521,1.00,1.00
2016.08.05 20:40:04.627,1.45487,1.45522,1.00,1.00
2016.08.05 20:40:04.729,1.45486,1.45522,1.00,1.00
2016.08.05 20:40:04.780,1.45488,1.45521,1.00,1.00
2016.08.05 20:40:05.812,1.45488,1.45521,1.00,1.00
2016.08.05 20:40:05.914,1.45488,1.45522,1.00,1.00
2016.08.05 20:40:07.394,1.45489,1.45522,1.00,1.00
2016.08.05 20:40:10.522,1.45489,1.45522,1.12,1.00
2016.08.05 20:40:15.978,1.45487,1.45522,1.87,1.00
2016.08.05 20:40:16.082,1.45487,1.45522,1.37,1.00
2016.08.05 20:40:16.235,1.45487,1.45521,1.37,1.00
2016.08.05 20:40:16.458,1.45487,1.45522,1.37,1.00
2016.08.05 20:40:17.537,1.45487,1.4552,1.37,1.00
2016.08.05 20:40:18.089,1.45486,1.4552,1.37,1.00
2016.08.05 20:40:18.141,1.45486,1.4552,1.00,1.00
2016.08.05 20:40:19.258,1.45485,1.4552,1.50,1.00
2016.08.05 20:40:19.674,1.45485,1.4552,1.00,1.00
2016.08.05 20:40:19.860,1.45477,1.45515,1.37,1.00
2016.08.05 20:40:19.911,1.45484,1.45514,1.00,1.00
2016.08.05 20:40:19.963,1.45508,1.45514,1.37,1.00
2016.08.05 20:40:20.014,1.45508,1.45519,1.37,1.37
2016.08.05 20:40:20.065,1.45496,1.45519,1.37,1.37
2016.08.05 20:40:20.117,1.45498,1.45519,1.37,1.37
2016.08.05 20:40:20.168,1.45498,1.45519,1.00,1.37
2016.08.05 20:40:20.219,1.45491,1.45518,2.62,1.37
2016.08.05 20:40:20.270,1.45485,1.45518,3.37,1.37
2016.08.05 20:40:20.322,1.45485,1.45515,3.00,1.00
2016.08.05 20:40:20.373,1.4549,1.45518,1.00,1.00
2016.08.05 20:40:20.424,1.4549,1.45522,1.00,1.00
2016.08.05 20:40:20.475,1.4549,1.45524,1.00,1.50
2016.08.05 20:40:20.527,1.45493,1.45524,1.00,1.50
2016.08.05 20:40:20.578,1.45493,1.45528,1.00,1.00
2016.08.05 20:40:22.097,1.45493,1.45527,1.50,1.00
2016.08.05 20:40:22.148,1.45493,1.45527,1.50,1.00
2016.08.05 20:40:23.597,1.45494,1.45527,1.00,1.00
2016.08.05 20:40:24.498,1.45493,1.45528,1.00,1.00
2016.08.05 20:40:24.804,1.45493,1.45528,1.50,1.00
2016.08.05 20:40:27.391,1.45494,1.45528,1.00,1.00
2016.08.05 20:40:27.608,1.45495,1.45526,1.00,1.00
2016.08.05 20:40:28.130,1.45495,1.45527,1.00,1.00
2016.08.05 20:40:28.884,1.45495,1.45527,1.00,1.00
2016.08.05 20:40:31.854,1.45496,1.45529,1.00,1.00
2016.08.05 20:40:31.911,1.45496,1.45531,1.00,1.00
2016.08.05 20:40:31.963,1.45496,1.45531,1.00,1.00
2016.08.05 20:40:32.116,1.45497,1.45531,1.00,1.00
2016.08.05 20:40:46.628,1.45497,1.45532,1.00,1.00
2016.08.05 20:40:46.951,1.45497,1.4553,1.00,1.00
2016.08.05 20:40:47.279,1.45497,1.45528,1.00,1.00
2016.08.05 20:40:48.329,1.45497,1.45528,1.50,1.00
2016.08.05 20:40:48.381,1.45499,1.45528,1.00,1.00
2016.08.05 20:40:48.579,1.45503,1.45537,1.00,1.00
2016.08.05 20:40:48.630,1.45503,1.45537,1.50,1.00
2016.08.05 20:40:48.681,1.45503,1.4554,2.25,1.00
2016.08.05 20:40:48.733,1.45503,1.45541,2.25,1.50
2016.08.05 20:40:48.835,1.45505,1.45541,1.00,1.50
2016.08.05 20:40:52.864,1.45505,1.45541,1.00,1.87
2016.08.05 20:40:53.312,1.45505,1.45541,1.00,1.37
2016.08.05 20:40:53.415,1.45506,1.45541,1.00,1.87
2016.08.05 20:40:54.679,1.45506,1.45541,1.00,1.37
2016.08.05 20:40:59.119,1.45506,1.4554,1.00,1.12
2016.08.05 20:40:59.211,1.45506,1.4554,1.00,1.00
2016.08.05 20:41:00.128,1.45506,1.45541,1.00,1.00
2016.08.05 20:41:00.180,1.45508,1.45541,1.00,1.00
2016.08.05 20:41:00.231,1.45508,1.45543,1.00,1.37
2016.08.05 20:41:00.786,1.45508,1.45544,1.00,1.37
2016.08.05 20:41:00.837,1.45508,1.45542,1.00,1.12
2016.08.05 20:41:01.132,1.45508,1.45542,1.00,1.87
2016.08.05 20:41:01.320,1.45508,1.4554,1.00,1.00
2016.08.05 20:41:01.844,1.45508,1.4554,1.00,1.37
2016.08.05 20:41:03.083,1.45508,1.4554,1.00,1.12
2016.08.05 20:41:03.134,1.45508,1.4554,1.00,1.12
2016.08.05 20:41:03.448,1.45508,1.45542,1.00,1.37
2016.08.05 20:41:03.848,1.45508,1.45539,1.00,1.00
2016.08.05 20:41:05.769,1.45508,1.45539,1.00,1.12
2016.08.05 20:41:10.346,1.45508,1.45541,1.00,1.37
2016.08.05 20:41:10.777,1.45508,1.45541,1.00,1.00
2016.08.05 20:41:10.828,1.45508,1.45541,1.50,1.00
2016.08.05 20:41:10.880,1.45509,1.45541,1.00,1.00
2016.08.05 20:41:10.956,1.45509,1.45543,1.00,2.06
2016.08.05 20:41:11.319,1.45509,1.45542,1.00,1.12
2016.08.05 20:41:12.656,1.45511,1.45542,1.00,1.12
2016.08.05 20:41:14.728,1.45511,1.45543,1.00,1.37
2016.08.05 20:41:19.080,1.45513,1.45544,1.00,1.87
2016.08.05 20:41:19.132,1.45513,1.45543,1.00,1.37
2016.08.05 20:41:19.234,1.45513,1.45544,1.00,1.50
2016.08.05 20:41:19.285,1.45512,1.45544,1.00,1.37
2016.08.05 20:41:19.337,1.45512,1.45546,1.00,1.87
2016.08.05 20:41:19.439,1.45512,1.45546,1.00,1.37
2016.08.05 20:41:19.919,1.45512,1.45547,1.00,2.25
2016.08.05 20:41:20.139,1.45513,1.45546,1.00,1.37
2016.08.05 20:41:24.035,1.45514,1.45546,1.00,1.37
2016.08.05 20:41:25.358,1.45514,1.45546,1.50,1.37
2016.08.05 20:41:25.410,1.45514,1.45548,1.50,1.37
2016.08.05 20:41:25.461,1.45514,1.4555,1.50,1.37
2016.08.05 20:41:25.512,1.45514,1.4555,1.50,1.12
2016.08.05 20:41:25.587,1.45515,1.4555,1.00,1.12
2016.08.05 20:41:25.733,1.45515,1.4555,1.00,2.25
2016.08.05 20:41:25.784,1.45515,1.4555,1.00,1.87
2016.08.05 20:41:25.909,1.45515,1.4555,1.00,1.87
2016.08.05 20:41:26.457,1.45516,1.4555,1.00,1.87
2016.08.05 20:41:29.239,1.45516,1.45548,1.00,1.00
2016.08.05 20:41:29.545,1.45516,1.45548,1.00,1.37
2016.08.05 20:41:30.651,1.45516,1.4555,1.00,1.37
2016.08.05 20:41:30.702,1.45518,1.4555,1.00,1.37
2016.08.05 20:41:30.855,1.45519,1.45551,1.00,1.50
2016.08.05 20:41:30.906,1.45519,1.45554,1.00,1.75
2016.08.05 20:41:31.008,1.45519,1.45554,1.00,1.37
2016.08.05 20:41:31.253,1.45519,1.45555,1.00,1.87
2016.08.05 20:41:31.356,1.45518,1.45553,1.00,1.37
2016.08.05 20:41:32.718,1.45518,1.45553,1.00,1.87
2016.08.05 20:41:33.078,1.45517,1.45551,1.00,1.37
2016.08.05 20:41:33.283,1.45515,1.45551,1.00,1.37
2016.08.05 20:41:33.822,1.45515,1.4555,1.00,1.37
2016.08.05 20:41:34.796,1.45516,1.4555,1.00,1.37
2016.08.05 20:41:35.180,1.45516,1.45549,1.00,1.37
2016.08.05 20:41:39.832,1.45515,1.45549,1.00,1.37
2016.08.05 20:41:40.037,1.45515,1.45547,1.00,1.00
2016.08.05 20:41:40.089,1.45515,1.45547,1.00,1.37
2016.08.05 20:41:40.313,1.45515,1.45542,1.00,1.00
2016.08.05 20:41:41.087,1.45516,1.45542,1.00,1.00
2016.08.05 20:41:43.485,1.45516,1.45539,1.00,1.00
2016.08.05 20:41:43.713,1.45513,1.45539,1.00,1.00
2016.08.05 20:41:44.245,1.45513,1.4554,1.00,1.00
2016.08.05 20:41:47.657,1.45513,1.45538,1.00,1.00
2016.08.05 20:41:47.999,1.45513,1.45536,1.00,1.00
2016.08.05 20:41:48.845,1.45512,1.45536,1.00,1.00
2016.08.05 20:41:49.063,1.4551,1.45536,1.00,1.00
2016.08.05 20:41:50.637,1.45508,1.45536,1.00,1.00
2016.08.05 20:41:50.688,1.45508,1.45538,1.00,1.00
2016.08.05 20:41:50.791,1.45508,1.4554,1.00,1.00
2016.08.05 20:41:50.956,1.45511,1.45541,1.00,1.00
2016.08.05 20:41:51.048,1.45511,1.45545,3.37,1.00
2016.08.05 20:41:51.151,1.45512,1.45545,1.50,1.00
2016.08.05 20:41:51.254,1.45513,1.45545,1.00,1.00
2016.08.05 20:41:51.305,1.45517,1.45542,1.00,1.00
2016.08.05 20:41:52.444,1.45519,1.45542,1.00,1.00
2016.08.05 20:41:53.100,1.45519,1.45543,1.00,1.00
2016.08.05 20:41:54.001,1.45518,1.45543,1.00,1.00
2016.08.05 20:41:54.104,1.45516,1.45545,1.00,1.00
2016.08.05 20:41:54.614,1.45515,1.45544,1.00,1.00
2016.08.05 20:41:58.207,1.45513,1.45542,1.00,1.00
2016.08.05 20:42:04.285,1.45513,1.45542,1.00,1.00
2016.08.05 20:42:09.500,1.45513,1.45544,1.00,1.00
2016.08.05 20:42:09.552,1.45515,1.45544,1.00,1.00
2016.08.05 20:42:09.756,1.45511,1.45544,1.00,1.00
2016.08.05 20:42:09.859,1.4551,1.45544,1.50,1.00
2016.08.05 20:42:09.961,1.45513,1.45545,1.00,1.00
2016.08.05 20:42:10.107,1.45512,1.45548,1.00,1.50
2016.08.05 20:42:10.851,1.45514,1.45548,1.00,1.50
2016.08.05 20:42:15.004,1.45514,1.45548,1.00,1.00
2016.08.05 20:42:15.310,1.45515,1.45545,1.00,1.00
2016.08.05 20:42:15.628,1.45515,1.45544,1.00,1.00
2016.08.05 20:42:16.577,1.45517,1.45544,1.00,1.00
2016.08.05 20:42:17.111,1.45518,1.45544,1.00,1.00
2016.08.05 20:42:18.257,1.45519,1.45544,1.00,1.00
2016.08.05 20:42:30.110,1.45519,1.45546,1.00,1.00
2016.08.05 20:42:30.213,1.4552,1.45543,1.00,1.00
2016.08.05 20:42:34.032,1.4552,1.45544,1.00,1.00
2016.08.05 20:42:34.083,1.45516,1.45544,1.00,1.00
2016.08.05 20:42:34.486,1.4552,1.45544,1.00,1.00
2016.08.05 20:42:36.671,1.45522,1.45544,1.00,1.00
2016.08.05 20:42:36.723,1.45522,1.45548,1.00,1.00
2016.08.05 20:42:37.268,1.45523,1.45548,1.00,1.00
2016.08.05 20:42:38.387,1.45525,1.45548,1.00,1.00
2016.08.05 20:42:39.124,1.45525,1.45549,1.00,1.00
2016.08.05 20:42:39.829,1.45525,1.4555,1.00,1.00
2016.08.05 20:42:41.923,1.45525,1.45551,1.00,1.00
2016.08.05 20:42:42.458,1.45525,1.4555,1.00,1.00
2016.08.05 20:42:43.683,1.45526,1.4555,1.00,1.00
2016.08.05 20:42:49.846,1.45526,1.45548,1.00,1.00
2016.08.05 20:42:50.318,1.45523,1.45547,1.00,1.00
2016.08.05 20:42:50.421,1.45523,1.45552,1.19,1.00
2016.08.05 20:42:50.473,1.45524,1.45552,1.19,1.00
2016.08.05 20:42:50.524,1.45524,1.45552,2.44,1.00
2016.08.05 20:42:50.575,1.45524,1.45552,2.44,1.00
2016.08.05 20:42:50.677,1.45525,1.45552,1.19,1.00
2016.08.05 20:42:50.728,1.45533,1.45552,1.00,1.00
2016.08.05 20:42:51.422,1.45532,1.45552,1.00,1.00
2016.08.05 20:42:51.626,1.4553,1.45552,1.00,1.00
2016.08.05 20:42:51.830,1.4553,1.45561,1.00,1.19
2016.08.05 20:42:51.966,1.4553,1.45563,1.00,1.00
2016.08.05 20:42:52.143,1.45527,1.45561,1.50,1.19
2016.08.05 20:42:52.194,1.45528,1.45561,1.00,1.19
2016.08.05 20:42:52.245,1.45524,1.45559,1.50,1.19
2016.08.05 20:42:52.348,1.45524,1.45559,1.00,1.19
2016.08.05 20:42:52.450,1.45524,1.45553,1.00,1.00
2016.08.05 20:42:52.502,1.45526,1.45553,1.00,1.00
2016.08.05 20:42:52.553,1.45526,1.4555,1.00,1.00
2016.08.05 20:42:52.605,1.45524,1.4555,1.00,1.00
2016.08.05 20:42:53.723,1.45524,1.45557,1.00,1.25
2016.08.05 20:42:53.774,1.45524,1.45559,1.50,1.69
2016.08.05 20:42:53.826,1.45524,1.45559,1.50,1.00
2016.08.05 20:42:53.877,1.45524,1.45559,1.87,1.00
2016.08.05 20:42:53.928,1.45525,1.45559,2.25,1.19
2016.08.05 20:42:54.047,1.45525,1.45557,1.50,1.00
2016.08.05 20:42:54.149,1.45524,1.45549,1.25,1.00
2016.08.05 20:42:54.302,1.45523,1.45548,1.19,1.00
2016.08.05 20:42:56.031,1.45523,1.45548,1.19,1.00
2016.08.05 20:42:56.133,1.45523,1.45544,1.19,1.00
2016.08.05 20:42:56.235,1.45523,1.45546,1.19,1.00
2016.08.05 20:42:56.337,1.45524,1.45546,1.25,1.00
2016.08.05 20:42:57.025,1.45524,1.45545,1.25,1.00
2016.08.05 20:42:59.728,1.45524,1.45544,1.25,1.00
2016.08.05 20:43:00.530,1.45525,1.45544,1.00,1.00
2016.08.05 20:43:00.756,1.45524,1.45544,1.25,1.00
2016.08.05 20:43:00.808,1.45523,1.45544,1.19,1.00
2016.08.05 20:43:00.990,1.45523,1.45544,1.19,1.00
2016.08.05 20:43:01.046,1.45523,1.45547,1.19,1.00
2016.08.05 20:43:01.969,1.45523,1.45546,1.19,1.00
2016.08.05 20:43:02.122,1.45524,1.45546,1.25,1.00
2016.08.05 20:43:02.932,1.45524,1.45545,1.25,1.00
2016.08.05 20:43:04.933,1.45524,1.45546,1.25,1.00
2016.08.05 20:43:05.733,1.45524,1.45545,1.25,1.00
2016.08.05 20:43:06.651,1.45524,1.45544,1.25,1.00
2016.08.05 20:43:06.702,1.45523,1.45544,1.19,1.00
2016.08.05 20:43:06.804,1.45522,1.45544,1.19,1.00
2016.08.05 20:43:07.020,1.4552,1.45544,1.19,1.00
2016.08.05 20:43:07.603,1.4552,1.45545,1.19,1.00
2016.08.05 20:43:08.348,1.45521,1.45545,1.19,1.00
2016.08.05 20:43:09.520,1.45522,1.45545,1.19,1.00
2016.08.05 20:43:09.820,1.45521,1.45545,1.69,1.00
2016.08.05 20:43:09.871,1.45521,1.45549,1.69,1.00
2016.08.05 20:43:09.922,1.45522,1.45549,1.19,1.00
2016.08.05 20:43:10.126,1.45521,1.45549,1.69,1.00
2016.08.05 20:43:10.421,1.45522,1.45548,1.19,1.00
2016.08.05 20:43:10.726,1.45524,1.45548,1.19,1.00
2016.08.05 20:43:12.860,1.45522,1.45548,1.19,1.00
2016.08.05 20:43:13.064,1.4552,1.45547,1.69,1.00
2016.08.05 20:43:14.447,1.4552,1.45547,1.19,1.00
2016.08.05 20:43:17.658,1.4552,1.45548,1.19,1.00
2016.08.05 20:43:19.095,1.4552,1.4555,1.19,1.00
2016.08.05 20:43:19.638,1.45522,1.4555,1.19,1.00
2016.08.05 20:43:20.860,1.45522,1.4555,1.69,1.00
2016.08.05 20:43:22.253,1.45522,1.45544,1.69,1.00
2016.08.05 20:43:22.355,1.45522,1.45547,1.19,1.00
2016.08.05 20:43:27.841,1.4552,1.45547,1.19,1.00
2016.08.05 20:43:27.892,1.4552,1.45545,1.19,1.00
2016.08.05 20:43:28.271,1.4552,1.45545,1.69,1.00
2016.08.05 20:43:29.439,1.4552,1.45546,1.69,1.00
2016.08.05 20:43:30.345,1.4552,1.45547,1.19,1.00
2016.08.05 20:43:30.396,1.4552,1.45547,1.69,1.00
2016.08.05 20:43:30.448,1.45525,1.45549,1.19,1.00
2016.08.05 20:43:30.757,1.45525,1.45547,1.19,1.00
2016.08.05 20:43:32.328,1.45525,1.45545,1.19,1.00
2016.08.05 20:43:33.214,1.45525,1.45542,1.19,1.00
2016.08.05 20:43:34.116,1.45525,1.45544,1.19,1.00
2016.08.05 20:43:37.018,1.45525,1.45542,1.19,1.00
2016.08.05 20:43:38.174,1.45525,1.45544,1.19,1.00
2016.08.05 20:43:38.720,1.45524,1.45543,1.19,1.00
2016.08.05 20:43:39.140,1.45524,1.4554,1.19,1.00
2016.08.05 20:43:39.242,1.45526,1.45545,1.19,1.00
2016.08.05 20:43:39.446,1.45529,1.45549,1.00,1.00
2016.08.05 20:43:39.671,1.45534,1.45549,1.00,1.00
2016.08.05 20:43:39.824,1.45534,1.45551,1.00,1.00
2016.08.05 20:43:41.860,1.45534,1.45559,1.00,1.37
2016.08.05 20:43:42.990,1.45534,1.45559,1.00,1.00
2016.08.05 20:43:44.250,1.45535,1.45559,1.00,1.00
2016.08.05 20:43:44.352,1.45532,1.45559,1.00,1.00
2016.08.05 20:43:44.658,1.45533,1.45556,1.00,1.00
2016.08.05 20:43:45.572,1.45535,1.45556,1.00,1.00
2016.08.05 20:43:47.548,1.45535,1.4556,1.00,1.12
2016.08.05 20:43:47.599,1.45535,1.4556,1.00,1.31
2016.08.05 20:43:47.650,1.45535,1.45558,1.00,1.00
2016.08.05 20:43:47.956,1.45535,1.45556,1.00,1.00
2016.08.05 20:43:48.281,1.45533,1.45553,1.00,1.00
2016.08.05 20:43:50.434,1.45533,1.4556,1.00,1.31
2016.08.05 20:43:50.485,1.45533,1.4556,1.25,1.12
2016.08.05 20:43:50.536,1.45533,1.45564,1.25,1.37
2016.08.05 20:43:50.587,1.45534,1.45564,1.00,1.62
2016.08.05 20:43:50.639,1.45534,1.45564,1.00,1.25
2016.08.05 20:43:51.545,1.45534,1.45565,1.00,1.19
2016.08.05 20:43:53.443,1.45534,1.4556,1.00,1.00
2016.08.05 20:43:53.494,1.4553,1.4556,1.00,1.00
2016.08.05 20:43:53.586,1.45528,1.45559,1.00,1.00
2016.08.05 20:43:53.791,1.45527,1.45559,1.50,1.00
2016.08.05 20:43:54.097,1.45528,1.45559,1.00,1.00
2016.08.05 20:43:54.947,1.45528,1.45556,1.00,1.00
2016.08.05 20:43:59.626,1.45528,1.45556,1.00,1.37
2016.08.05 20:44:03.096,1.45529,1.45556,1.00,1.37
2016.08.05 20:44:08.283,1.45529,1.45554,1.00,1.00
2016.08.05 20:44:08.334,1.45525,1.45554,1.00,1.00
2016.08.05 20:44:08.385,1.45526,1.45554,1.00,1.00
2016.08.05 20:44:09.651,1.45526,1.45554,1.00,1.12
2016.08.05 20:44:14.892,1.45526,1.45556,1.50,1.37
2016.08.05 20:44:19.576,1.45526,1.45556,1.50,1.00
2016.08.05 20:44:20.833,1.45526,1.45555,1.50,1.00
2016.08.05 20:44:20.935,1.45526,1.45555,1.00,1.00
2016.08.05 20:44:20.987,1.45524,1.45554,1.50,1.00
2016.08.05 20:44:21.038,1.45525,1.45554,1.00,1.00
2016.08.05 20:44:21.677,1.45526,1.45555,1.00,1.00
2016.08.05 20:44:23.222,1.45525,1.45555,1.00,1.50
2016.08.05 20:44:23.376,1.45523,1.45555,1.50,1.50
2016.08.05 20:44:26.818,1.45525,1.45555,1.00,1.50
2016.08.05 20:44:27.052,1.45523,1.45555,1.00,1.50
2016.08.05 20:44:27.312,1.45523,1.45555,1.00,2.25
2016.08.05 20:44:27.712,1.45523,1.45555,1.50,2.25
2016.08.05 20:44:28.710,1.45523,1.45555,1.00,2.25
2016.08.05 20:44:29.882,1.45523,1.45555,1.00,3.00
2016.08.05 20:44:30.357,1.45523,1.45552,1.50,1.00
2016.08.05 20:44:35.859,1.45524,1.45552,1.00,1.00
2016.08.05 20:44:38.836,1.45525,1.45552,1.00,1.00
2016.08.05 20:44:39.503,1.45525,1.45552,1.50,1.00
2016.08.05 20:44:39.554,1.45525,1.45554,1.00,1.00
2016.08.05 20:44:39.955,1.45525,1.45554,1.50,1.00
2016.08.05 20:44:41.868,1.45525,1.45552,1.50,1.00
2016.08.05 20:44:43.081,1.45525,1.45552,1.00,1.00
2016.08.05 20:44:46.255,1.45524,1.45549,1.00,1.00
2016.08.05 20:44:46.604,1.45523,1.45547,1.00,1.00
2016.08.05 20:44:47.197,1.45523,1.45549,1.00,1.00
2016.08.05 20:44:49.411,1.45522,1.45549,1.25,1.00
2016.08.05 20:44:54.102,1.45526,1.45549,1.00,1.00
2016.08.05 20:44:54.792,1.45526,1.45551,1.00,1.00
2016.08.05 20:44:56.971,1.45526,1.45553,1.00,1.00
2016.08.05 20:44:57.131,1.45532,1.45556,1.00,1.12
2016.08.05 20:44:57.183,1.45532,1.45556,1.00,1.00
2016.08.05 20:44:57.234,1.45526,1.45562,1.50,1.87
2016.08.05 20:44:57.285,1.45526,1.45562,1.87,1.12
2016.08.05 20:44:57.337,1.45526,1.45562,2.62,1.00
2016.08.05 20:44:57.388,1.45531,1.45562,1.00,1.00
2016.08.05 20:44:57.926,1.45532,1.45562,1.00,1.00
2016.08.05 20:45:00.042,1.45529,1.45562,1.00,1.00
2016.08.05 20:45:00.304,1.45527,1.45562,1.00,1.00
2016.08.05 20:45:09.245,1.45527,1.45561,1.50,1.00
2016.08.05 20:45:13.450,1.45529,1.45563,1.00,1.00
2016.08.05 20:45:19.552,1.45528,1.45562,1.00,1.00
2016.08.05 20:45:19.909,1.45529,1.45565,1.00,1.00
2016.08.05 20:45:20.232,1.45531,1.45565,1.00,1.00
2016.08.05 20:45:21.590,1.45531,1.45567,1.00,1.00
2016.08.05 20:45:21.745,1.45536,1.45569,1.00,1.00
2016.08.05 20:45:21.950,1.45533,1.45567,1.00,1.00
2016.08.05 20:45:22.255,1.45534,1.45569,1.00,1.00
2016.08.05 20:45:22.615,1.45537,1.4557,1.00,1.50
2016.08.05 20:45:22.667,1.45532,1.45566,1.00,1.00
2016.08.05 20:45:22.973,1.45531,1.45564,1.00,1.00
2016.08.05 20:45:23.279,1.45532,1.45566,1.00,1.00
2016.08.05 20:45:23.586,1.45531,1.45564,1.00,1.00
2016.08.05 20:45:23.849,1.45531,1.45564,1.00,1.00
2016.08.05 20:45:23.900,1.45531,1.45567,1.50,1.00
2016.08.05 20:45:24.002,1.45531,1.45567,1.50,1.00
2016.08.05 20:45:25.857,1.45533,1.45568,1.00,1.00
2016.08.05 20:45:25.908,1.45535,1.45568,1.50,1.00
2016.08.05 20:45:25.960,1.45539,1.45573,1.00,1.00
2016.08.05 20:45:26.165,1.45537,1.45576,1.00,1.00
2016.08.05 20:45:26.368,1.45539,1.45577,1.00,1.00
2016.08.05 20:45:26.699,1.45541,1.45578,1.00,1.00
2016.08.05 20:45:26.903,1.45542,1.4558,1.00,1.00
2016.08.05 20:45:27.681,1.4554,1.45577,1.00,1.00
2016.08.05 20:45:27.843,1.45544,1.4558,1.00,1.00
2016.08.05 20:45:27.894,1.45544,1.45583,1.00,1.00
2016.08.05 20:45:28.149,1.45543,1.45582,1.00,1.00
2016.08.05 20:45:28.200,1.45543,1.45582,1.00,1.00
2016.08.05 20:45:28.732,1.45544,1.45583,1.00,1.00
2016.08.05 20:45:28.885,1.45543,1.45581,1.00,1.00
2016.08.05 20:45:29.197,1.45543,1.45581,1.50,1.00
2016.08.05 20:45:29.693,1.45544,1.45583,1.00,1.00
2016.08.05 20:45:31.736,1.45543,1.45581,1.50,1.00
2016.08.05 20:45:31.937,1.45543,1.45581,1.50,1.00
2016.08.05 20:45:32.295,1.45544,1.45583,1.00,1.00
2016.08.05 20:45:32.604,1.45543,1.45579,1.50,1.00
2016.08.05 20:45:32.757,1.45544,1.45583,1.00,1.00
2016.08.05 20:45:33.012,1.45543,1.45582,1.50,1.00
2016.08.05 20:45:33.063,1.45543,1.45582,1.00,1.00
2016.08.05 20:45:33.271,1.45542,1.45578,1.50,1.00
2016.08.05 20:45:33.477,1.45544,1.45583,1.00,1.50
2016.08.05 20:45:34.474,1.45544,1.45583,1.00,2.25
2016.08.05 20:45:35.219,1.45543,1.4558,1.00,1.00
2016.08.05 20:45:35.322,1.45543,1.4558,1.00,1.00
2016.08.05 20:45:35.373,1.45545,1.45583,1.00,1.50
2016.08.05 20:45:38.384,1.45544,1.4558,1.00,1.00
2016.08.05 20:45:38.638,1.45543,1.45583,1.00,1.00
2016.08.05 20:45:38.791,1.4554,1.45574,1.69,1.00
2016.08.05 20:45:38.842,1.4554,1.45574,1.50,1.00
2016.08.05 20:45:38.893,1.45538,1.45574,1.19,1.00
2016.08.05 20:45:39.301,1.45538,1.45577,1.19,1.00
2016.08.05 20:45:39.438,1.45538,1.45574,1.19,1.00
2016.08.05 20:45:39.489,1.45538,1.45574,1.00,1.00
2016.08.05 20:45:40.000,1.45542,1.4558,1.00,1.50
2016.08.05 20:45:40.482,1.45543,1.45578,1.00,1.00
2016.08.05 20:45:40.765,1.45543,1.4558,1.00,1.00
2016.08.05 20:45:41.425,1.45542,1.45579,1.00,1.00
2016.08.05 20:45:41.630,1.45544,1.4558,1.00,1.00
2016.08.05 20:45:41.886,1.4554,1.45579,1.00,1.00
2016.08.05 20:45:42.128,1.4554,1.45579,1.00,1.00
2016.08.05 20:45:42.180,1.45542,1.45578,1.00,1.00
2016.08.05 20:45:42.385,1.45539,1.45576,1.00,1.00
2016.08.05 20:45:42.488,1.45542,1.45578,1.00,1.00
2016.08.05 20:45:42.692,1.45539,1.45575,1.50,1.00
2016.08.05 20:45:42.794,1.45539,1.45575,1.00,1.00
2016.08.05 20:45:42.898,1.45539,1.45575,1.50,1.00
2016.08.05 20:45:42.952,1.4554,1.45578,1.00,1.00
2016.08.05 20:45:43.208,1.45545,1.45581,1.00,1.25
2016.08.05 20:45:43.259,1.45545,1.45581,1.00,1.25
2016.08.05 20:45:43.479,1.45542,1.45581,1.00,1.25
2016.08.05 20:45:43.785,1.45544,1.45582,1.00,1.19
2016.08.05 20:45:44.418,1.45544,1.45583,1.00,1.00
2016.08.05 20:45:44.674,1.45543,1.45579,1.00,1.00
2016.08.05 20:45:44.898,1.45537,1.45573,2.06,1.00
2016.08.05 20:45:45.000,1.45538,1.45577,1.19,1.00
2016.08.05 20:45:45.256,1.45543,1.45579,1.00,1.00
2016.08.05 20:45:46.166,1.4554,1.45578,1.19,1.00
2016.08.05 20:45:46.424,1.45537,1.45577,2.81,1.00
2016.08.05 20:45:46.508,1.45542,1.4558,1.25,1.00
2016.08.05 20:45:46.765,1.45538,1.45577,1.19,1.00
2016.08.05 20:45:46.919,1.45538,1.45577,1.69,1.00
2016.08.05 20:45:47.022,1.45541,1.45579,1.19,1.00
2016.08.05 20:45:47.126,1.45537,1.45573,2.81,1.00
2016.08.05 20:45:47.228,1.45538,1.45573,1.19,1.00
2016.08.05 20:45:47.280,1.45539,1.45576,1.19,1.00
2016.08.05 20:45:47.332,1.45539,1.45576,1.69,1.00
2016.08.05 20:45:47.444,1.45543,1.45579,1.00,1.00
2016.08.05 20:45:47.699,1.45539,1.45576,1.19,1.00
2016.08.05 20:45:47.874,1.45544,1.4558,1.00,1.00
2016.08.05 20:45:48.129,1.4554,1.45577,1.19,1.00
2016.08.05 20:45:48.487,1.45542,1.4558,1.25,1.00
2016.08.05 20:45:49.047,1.45542,1.4558,1.25,1.00
2016.08.05 20:45:50.448,1.45541,1.45576,1.69,1.00
2016.08.05 20:45:50.500,1.45541,1.45576,1.50,1.00
2016.08.05 20:45:50.653,1.45534,1.45569,1.29,1.00
2016.08.05 20:45:50.704,1.45534,1.45569,1.19,1.00
2016.08.05 20:45:51.247,1.45535,1.45571,1.19,1.00
2016.08.05 20:45:51.510,1.45533,1.45569,1.19,1.00
2016.08.05 20:45:51.714,1.45533,1.45569,1.00,1.00
2016.08.05 20:45:52.023,1.45535,1.45569,1.00,1.00
2016.08.05 20:45:52.239,1.4553,1.45567,4.31,1.00
2016.08.05 20:45:52.290,1.45531,1.45567,1.56,1.00
2016.08.05 20:45:52.342,1.45531,1.45567,1.19,1.00
2016.08.05 20:45:52.393,1.45533,1.4557,1.00,1.00
2016.08.05 20:45:52.852,1.45535,1.45573,1.00,1.00
2016.08.05 20:45:53.318,1.45533,1.45571,1.00,1.00
2016.08.05 20:45:53.419,1.45533,1.45571,1.37,1.00
2016.08.05 20:45:53.521,1.45533,1.45571,1.00,1.00
2016.08.05 20:45:53.860,1.45536,1.45572,1.00,1.00
2016.08.05 20:45:53.962,1.45536,1.45572,1.00,1.00
2016.08.05 20:45:54.166,1.45536,1.45572,1.00,1.00
2016.08.05 20:45:54.320,1.45537,1.45576,1.00,1.00
2016.08.05 20:45:55.228,1.45536,1.45574,1.00,1.00
2016.08.05 20:45:55.279,1.45536,1.45574,1.00,1.00
2016.08.05 20:45:55.671,1.45536,1.45572,1.00,1.00
2016.08.05 20:45:59.015,1.45534,1.4557,1.00,1.00
2016.08.05 20:45:59.322,1.45537,1.45571,1.00,1.00
2016.08.05 20:45:59.385,1.45532,1.45567,1.19,1.00
2016.08.05 20:45:59.538,1.45536,1.4557,1.00,1.00
2016.08.05 20:46:05.635,1.45534,1.45568,1.00,1.00
2016.08.05 20:46:05.686,1.45534,1.45568,1.00,1.00
2016.08.05 20:46:05.789,1.45529,1.45567,3.60,1.00
2016.08.05 20:46:05.918,1.45529,1.45567,3.37,1.00
2016.08.05 20:46:05.969,1.45534,1.4557,1.00,1.00
2016.08.05 20:46:06.225,1.45532,1.45567,1.19,1.00
2016.08.05 20:46:06.429,1.45536,1.4557,1.00,1.00
2016.08.05 20:46:06.734,1.45534,1.45568,1.00,1.00
2016.08.05 20:46:06.887,1.45535,1.45571,1.00,1.00
2016.08.05 20:46:08.442,1.45533,1.45569,1.25,1.00
2016.08.05 20:46:08.493,1.45533,1.45569,1.25,1.00
2016.08.05 20:46:08.646,1.45532,1.45567,1.19,1.00
2016.08.05 20:46:08.952,1.45534,1.45568,1.00,1.00
2016.08.05 20:46:09.164,1.45536,1.4557,1.00,1.00
2016.08.05 20:46:09.358,1.45539,1.4557,1.00,1.00
2016.08.05 20:46:09.410,1.45543,1.45582,1.00,2.25
2016.08.05 20:46:09.462,1.45543,1.45582,1.00,1.50
2016.08.05 20:46:09.515,1.45538,1.45578,1.19,1.37
2016.08.05 20:46:09.567,1.45538,1.45578,2.44,1.37
2016.08.05 20:46:09.670,1.45541,1.45581,1.25,1.37
2016.08.05 20:46:09.722,1.45541,1.45581,1.25,1.00
2016.08.05 20:46:09.801,1.45541,1.45581,1.25,1.00
2016.08.05 20:46:09.974,1.45544,1.45579,1.00,1.00
2016.08.05 20:46:10.725,1.45545,1.45581,1.00,1.00
2016.08.05 20:46:11.240,1.45545,1.4558,1.00,1.00
2016.08.05 20:46:13.512,1.45542,1.45576,1.19,1.00
2016.08.05 20:46:13.563,1.45542,1.45576,1.00,1.00
2016.08.05 20:46:13.717,1.45533,1.4557,3.00,1.10
2016.08.05 20:46:13.768,1.45524,1.45563,2.06,1.00
2016.08.05 20:46:13.819,1.45524,1.45563,1.69,1.37
2016.08.05 20:46:13.871,1.45522,1.45559,1.69,1.00
2016.08.05 20:46:14.020,1.45523,1.4556,1.19,1.12
2016.08.05 20:46:14.280,1.45521,1.45558,1.19,1.00
2016.08.05 20:46:14.484,1.45521,1.45558,1.50,1.00
2016.08.05 20:46:14.536,1.45521,1.45556,1.00,1.00
2016.08.05 20:46:14.587,1.45519,1.45556,1.25,1.00
2016.08.05 20:46:14.712,1.45519,1.45556,2.44,1.00
2016.08.05 20:46:14.763,1.45519,1.45556,3.19,1.00
2016.08.05 20:46:14.890,1.45522,1.45557,1.00,1.00
2016.08.05 20:46:15.197,1.45522,1.45557,1.00,1.00
2016.08.05 20:46:15.402,1.45523,1.45559,1.00,1.00
2016.08.05 20:46:15.504,1.45523,1.45559,1.00,1.00
2016.08.05 20:46:15.555,1.45521,1.45556,1.00,1.00
2016.08.05 20:46:15.606,1.45521,1.45556,1.00,1.00
2016.08.05 20:46:15.761,1.45517,1.45555,1.00,1.00
2016.08.05 20:46:15.933,1.45521,1.45557,1.00,1.00
2016.08.05 20:46:16.088,1.45516,1.45554,1.00,1.00
2016.08.05 20:46:16.190,1.45522,1.45556,1.00,1.00
2016.08.05 20:46:20.715,1.4552,1.45556,1.00,1.00
2016.08.05 20:46:20.817,1.4552,1.45556,1.00,1.00
2016.08.05 20:46:20.919,1.45517,1.45555,1.00,1.00
2016.08.05 20:46:20.970,1.45517,1.45555,1.50,1.00
2016.08.05 20:46:21.021,1.45517,1.45555,2.62,1.00
2016.08.05 20:46:21.073,1.45517,1.45555,3.00,1.00
2016.08.05 20:46:21.175,1.45517,1.45555,1.00,1.00
2016.08.05 20:46:21.481,1.45519,1.45556,1.00,1.00
2016.08.05 20:46:21.861,1.45523,1.45557,1.00,1.00
2016.08.05 20:46:26.523,1.45521,1.45555,1.00,1.00
2016.08.05 20:46:26.778,1.45521,1.45558,1.00,1.00
2016.08.05 20:46:26.829,1.45521,1.45558,1.00,1.00
2016.08.05 20:46:29.426,1.4552,1.45555,1.00,1.00
2016.08.05 20:46:37.588,1.45517,1.45552,1.00,1.00
2016.08.05 20:46:37.639,1.45517,1.45552,1.00,1.00
2016.08.05 20:46:37.742,1.45514,1.4555,1.87,1.00
2016.08.05 20:46:37.793,1.45512,1.4555,1.37,1.00
2016.08.05 20:46:37.844,1.45512,1.4555,1.12,1.00
2016.08.05 20:46:37.989,1.45512,1.4555,1.00,1.00
2016.08.05 20:46:38.147,1.4551,1.45547,1.00,1.00
2016.08.05 20:46:38.454,1.45513,1.45548,1.00,1.00
2016.08.05 20:46:42.259,1.45509,1.45546,2.25,1.00
2016.08.05 20:46:42.413,1.45509,1.45546,1.00,1.00
2016.08.05 20:46:42.721,1.45512,1.45547,1.00,1.00
2016.08.05 20:46:42.823,1.45512,1.45547,1.00,1.00
2016.08.05 20:46:42.925,1.45512,1.45547,1.00,1.00
2016.08.05 20:46:43.286,1.45515,1.4555,1.00,1.00
2016.08.05 20:46:43.620,1.45512,1.4555,1.00,1.00
2016.08.05 20:46:43.926,1.45512,1.4555,1.00,1.00
2016.08.05 20:46:44.769,1.45515,1.45551,1.00,1.00
2016.08.05 20:46:45.447,1.45513,1.4555,1.00,1.00
2016.08.05 20:46:45.549,1.45513,1.4555,1.00,1.00
2016.08.05 20:46:45.753,1.45513,1.4555,1.00,1.00
2016.08.05 20:46:46.356,1.45513,1.4555,1.00,1.00
2016.08.05 20:46:48.873,1.45512,1.45549,1.00,1.00
2016.08.05 20:46:48.924,1.45512,1.45549,1.00,1.00
2016.08.05 20:46:49.128,1.45509,1.45546,1.00,1.00
2016.08.05 20:46:49.434,1.45508,1.45543,1.00,1.00
2016.08.05 20:46:54.176,1.45507,1.45541,1.00,1.00
2016.08.05 20:46:54.685,1.45508,1.45543,1.00,1.00
2016.08.05 20:46:59.184,1.45505,1.45541,1.25,1.00
2016.08.05 20:46:59.235,1.45505,1.45541,1.00,1.00
2016.08.05 20:46:59.388,1.45508,1.45542,1.00,1.00
2016.08.05 20:46:59.541,1.45511,1.45548,1.00,1.50
2016.08.05 20:46:59.592,1.45511,1.45548,1.00,1.00
2016.08.05 20:46:59.848,1.45511,1.45548,1.00,1.00
2016.08.05 20:47:00.118,1.45511,1.45545,1.00,1.00
2016.08.05 20:47:14.249,1.4551,1.45546,1.00,1.00
2016.08.05 20:47:16.167,1.45508,1.45544,1.00,1.00
2016.08.05 20:47:16.502,1.45509,1.45542,1.00,1.00
2016.08.05 20:47:17.022,1.45508,1.45543,1.00,1.00
2016.08.05 20:47:18.308,1.45509,1.45544,1.00,1.00
2016.08.05 20:47:18.878,1.45508,1.45543,1.00,1.00
2016.08.05 20:47:20.831,1.45508,1.45545,1.00,1.00
2016.08.05 20:47:21.144,1.45508,1.45545,1.50,1.00
2016.08.05 20:47:21.246,1.45509,1.45546,1.00,1.00
2016.08.05 20:47:24.445,1.45511,1.45546,1.50,1.00
2016.08.05 20:47:24.497,1.45511,1.45546,1.50,1.00
2016.08.05 20:47:24.548,1.45511,1.45546,1.00,1.00
2016.08.05 20:47:29.573,1.45507,1.45546,1.00,1.00
2016.08.05 20:47:29.675,1.45504,1.45531,1.50,1.00
2016.08.05 20:47:29.865,1.45492,1.45527,3.00,1.00
2016.08.05 20:47:29.917,1.45492,1.45527,2.25,1.00
2016.08.05 20:47:29.991,1.45492,1.45527,1.00,1.00
2016.08.05 20:47:30.042,1.45492,1.45527,1.50,1.00
2016.08.05 20:47:30.145,1.45492,1.45527,1.00,1.00
2016.08.05 20:47:30.197,1.45492,1.45527,1.37,1.00
2016.08.05 20:47:30.249,1.45492,1.45527,1.56,1.00
2016.08.05 20:47:30.352,1.45493,1.45529,1.31,1.00
2016.08.05 20:47:30.433,1.45494,1.45529,1.19,1.00
2016.08.05 20:47:30.547,1.45493,1.45529,1.31,1.00
2016.08.05 20:47:30.750,1.45494,1.45529,1.19,1.00
2016.08.05 20:47:31.084,1.45494,1.45529,1.31,1.00
2016.08.05 20:47:31.135,1.45493,1.45529,1.56,1.00
2016.08.05 20:47:31.352,1.45494,1.45529,1.31,1.00
2016.08.05 20:47:31.454,1.45493,1.45529,2.06,1.00
2016.08.05 20:47:32.127,1.45499,1.45533,1.19,1.00
2016.08.05 20:47:32.229,1.45499,1.45533,1.31,1.00
2016.08.05 20:47:32.538,1.45502,1.45536,1.19,1.00
2016.08.05 20:47:32.743,1.45502,1.45536,2.06,1.00
2016.08.05 20:47:32.794,1.45503,1.45539,1.56,1.00
2016.08.05 20:47:32.896,1.4551,1.45545,1.00,1.47
2016.08.05 20:47:32.948,1.4551,1.45545,1.00,2.32
2016.08.05 20:47:32.999,1.4551,1.45545,1.00,2.25
2016.08.05 20:47:33.050,1.4551,1.45545,1.00,1.00
2016.08.05 20:47:33.153,1.4551,1.45545,1.00,1.10
2016.08.05 20:47:33.289,1.45508,1.45545,1.12,1.00
2016.08.05 20:47:33.812,1.45512,1.45548,1.00,1.10
2016.08.05 20:47:34.067,1.45508,1.45548,3.37,1.10
2016.08.05 20:47:34.461,1.4551,1.45549,1.12,1.12
2016.08.05 20:47:34.792,1.45509,1.45547,1.37,1.00
2016.08.05 20:47:35.049,1.45511,1.45548,1.00,1.10
2016.08.05 20:47:35.101,1.45511,1.45548,1.19,1.10
2016.08.05 20:47:35.362,1.45512,1.4555,1.19,1.47
2016.08.05 20:47:38.267,1.45512,1.4555,1.00,1.47
2016.08.05 20:47:38.369,1.45509,1.45546,2.44,1.00
2016.08.05 20:47:38.538,1.45509,1.45546,1.00,1.00
2016.08.05 20:47:38.640,1.45506,1.45544,1.69,1.00
2016.08.05 20:47:38.743,1.45506,1.45538,1.00,1.00
2016.08.05 20:47:39.049,1.45501,1.45538,1.37,1.00
2016.08.05 20:47:39.151,1.45501,1.45538,1.00,1.00
2016.08.05 20:47:39.358,1.45502,1.4554,1.00,1.10
2016.08.05 20:47:40.086,1.45506,1.45541,1.00,1.20
2016.08.05 20:47:40.138,1.45506,1.45541,1.69,1.20
2016.08.05 20:47:40.189,1.45513,1.45547,1.00,1.12
2016.08.05 20:47:40.240,1.45508,1.45538,1.00,1.00
2016.08.05 20:47:40.343,1.45505,1.45538,1.69,1.00
2016.08.05 20:47:40.445,1.45503,1.45538,2.44,1.00
2016.08.05 20:47:40.547,1.45505,1.45539,1.25,1.00
2016.08.05 20:47:40.598,1.45505,1.45539,1.19,1.00
2016.08.05 20:47:40.740,1.45505,1.45539,1.31,1.00
2016.08.05 20:47:41.646,1.45505,1.45539,1.19,1.00
2016.08.05 20:47:41.918,1.45505,1.45539,1.31,1.00
2016.08.05 20:47:45.728,1.45505,1.45539,1.31,1.00
2016.08.05 20:47:46.182,1.45507,1.45543,1.25,1.00
2016.08.05 20:47:47.068,1.45506,1.45541,1.31,1.00
2016.08.05 20:47:47.684,1.45508,1.45543,1.00,1.00
2016.08.05 20:47:47.736,1.45508,1.45543,1.62,1.00
2016.08.05 20:47:47.788,1.45512,1.45548,1.00,1.00
2016.08.05 20:47:47.839,1.45512,1.45548,1.37,1.00
2016.08.05 20:47:47.942,1.45515,1.45552,1.00,1.00
2016.08.05 20:47:48.197,1.45515,1.45551,1.25,1.50
2016.08.05 20:47:48.300,1.45516,1.45551,1.00,1.50
2016.08.05 20:47:48.535,1.45516,1.45555,1.00,1.10
2016.08.05 20:47:48.637,1.45515,1.45554,1.62,1.00
2016.08.05 20:47:48.740,1.45515,1.45554,1.25,1.00
2016.08.05 20:47:49.250,1.45517,1.45555,1.00,1.10
2016.08.05 20:47:49.454,1.45517,1.45555,1.00,1.00
2016.08.05 20:47:51.927,1.45516,1.45553,1.00,1.00
2016.08.05 20:47:51.989,1.45516,1.45553,2.25,1.00
2016.08.05 20:47:52.245,1.45517,1.45555,1.00,1.00
2016.08.05 20:47:56.514,1.45515,1.45554,1.50,1.00
2016.08.05 20:47:56.770,1.45517,1.45557,1.00,1.00
2016.08.05 20:47:57.639,1.45516,1.45556,1.50,1.00
2016.08.05 20:47:58.425,1.45517,1.45556,1.50,1.00
2016.08.05 20:47:59.403,1.45517,1.45553,1.50,1.00
2016.08.05 20:47:59.651,1.45515,1.45553,2.25,1.00
2016.08.05 20:48:00.042,1.45515,1.45553,1.50,1.00
2016.08.05 20:48:00.481,1.45514,1.45553,1.50,1.00
2016.08.05 20:48:00.532,1.45514,1.45553,1.00,1.00
2016.08.05 20:48:01.916,1.45518,1.45553,1.00,1.00
2016.08.05 20:48:02.071,1.45513,1.45552,1.00,1.00
2016.08.05 20:48:02.391,1.45516,1.45554,1.00,1.00
2016.08.05 20:48:02.697,1.45514,1.45552,1.00,1.00
2016.08.05 20:48:03.006,1.45516,1.45553,1.00,1.00
2016.08.05 20:48:05.521,1.45517,1.45555,1.00,1.20
2016.08.05 20:48:09.281,1.45523,1.45557,1.00,2.25
2016.08.05 20:48:09.383,1.45523,1.45557,1.00,1.87
2016.08.05 20:48:09.435,1.45523,1.45557,1.00,1.50
2016.08.05 20:48:09.537,1.45521,1.45557,1.00,1.50
2016.08.05 20:48:09.588,1.45521,1.45558,1.00,1.00
2016.08.05 20:48:11.193,1.45521,1.45559,1.00,1.20
2016.08.05 20:48:11.904,1.45521,1.45559,1.00,1.10
2016.08.05 20:48:11.955,1.45521,1.45559,1.00,1.00
2016.08.05 20:48:12.982,1.45524,1.45561,1.19,1.00
2016.08.05 20:48:13.034,1.45524,1.45561,1.00,1.00
2016.08.05 20:48:13.085,1.45522,1.45562,1.00,1.00
2016.08.05 20:48:13.291,1.45519,1.4556,1.00,1.00
2016.08.05 20:48:13.444,1.45519,1.4556,2.25,1.00
2016.08.05 20:48:13.546,1.45519,1.4556,1.00,1.00
2016.08.05 20:48:13.653,1.45521,1.45561,1.00,1.00
2016.08.05 20:48:16.159,1.45525,1.45563,1.00,1.72
2016.08.05 20:48:16.210,1.45525,1.45564,1.00,1.00
2016.08.05 20:48:16.261,1.45525,1.45564,1.19,1.00
2016.08.05 20:48:16.364,1.45521,1.4556,1.00,1.00
2016.08.05 20:48:16.510,1.45519,1.4556,1.00,1.00
2016.08.05 20:48:16.561,1.45523,1.4556,1.00,1.00
2016.08.05 20:48:18.890,1.4552,1.45559,1.00,1.00
2016.08.05 20:48:19.164,1.45524,1.45563,1.00,1.00
2016.08.05 20:48:21.171,1.45523,1.45564,1.00,1.00
2016.08.05 20:48:21.612,1.45523,1.4556,1.00,1.00
2016.08.05 20:48:24.216,1.45519,1.4556,1.00,1.00
2016.08.05 20:48:24.532,1.45522,1.4556,1.00,1.00
2016.08.05 20:48:28.144,1.45524,1.45558,1.00,1.00
2016.08.05 20:48:28.195,1.45519,1.45558,1.00,1.00
2016.08.05 20:48:28.453,1.45518,1.45555,1.00,1.00
2016.08.05 20:48:29.462,1.45516,1.45552,1.12,1.00
2016.08.05 20:48:29.615,1.45519,1.45555,1.00,1.00
2016.08.05 20:48:37.705,1.45519,1.45555,1.00,1.00
2016.08.05 20:48:37.807,1.45519,1.45555,1.00,1.00
2016.08.05 20:48:41.273,1.45518,1.45554,1.00,1.00
2016.08.05 20:48:41.583,1.45515,1.45554,1.00,1.00
2016.08.05 20:48:41.787,1.45519,1.45554,1.00,1.00
2016.08.05 20:48:54.246,1.45518,1.45555,1.00,1.00
2016.08.05 20:48:54.934,1.45519,1.45557,1.00,1.00
2016.08.05 20:48:59.043,1.45518,1.45555,1.00,1.00
2016.08.05 20:48:59.402,1.4552,1.45556,1.00,1.00
2016.08.05 20:49:03.701,1.45518,1.45554,1.00,1.00
2016.08.05 20:49:04.058,1.4552,1.45555,1.00,1.00
2016.08.05 20:49:04.906,1.45518,1.45555,1.00,1.00
2016.08.05 20:49:05.131,1.45521,1.45556,1.00,1.00
2016.08.05 20:49:07.755,1.45518,1.45555,1.00,1.00
2016.08.05 20:49:08.766,1.45518,1.45555,1.00,1.00
2016.08.05 20:49:12.441,1.45518,1.45555,1.00,1.00
2016.08.05 20:49:12.492,1.45521,1.45555,1.00,1.00
2016.08.05 20:49:13.403,1.45522,1.45558,1.00,1.00
2016.08.05 20:49:13.506,1.45522,1.45558,1.12,1.00
2016.08.05 20:49:13.811,1.45522,1.45558,1.00,1.00
2016.08.05 20:49:13.863,1.45522,1.45561,1.00,1.00
2016.08.05 20:49:19.960,1.45522,1.45561,1.37,1.00
2016.08.05 20:49:20.011,1.45523,1.45561,1.12,1.00
2016.08.05 20:49:20.114,1.45523,1.45561,1.50,1.00
2016.08.05 20:49:20.205,1.45523,1.45561,1.87,1.00
2016.08.05 20:49:20.258,1.45523,1.45563,1.12,1.00
2016.08.05 20:49:20.514,1.45523,1.45563,1.87,1.00
2016.08.05 20:49:24.691,1.45524,1.45562,1.57,1.00
2016.08.05 20:49:26.253,1.45523,1.45562,1.12,1.00
2016.08.05 20:49:26.355,1.45521,1.45562,2.25,1.00
2016.08.05 20:49:26.407,1.45521,1.45559,1.12,1.00
2016.08.05 20:49:26.661,1.45519,1.45559,1.87,1.00
2016.08.05 20:49:26.820,1.45519,1.45559,2.62,1.00
2016.08.05 20:49:27.052,1.45525,1.45562,1.00,1.00
2016.08.05 20:49:27.155,1.45525,1.45562,1.95,1.00
2016.08.05 20:49:27.257,1.45525,1.45562,1.00,1.00
2016.08.05 20:49:27.446,1.45521,1.45562,3.37,1.00
2016.08.05 20:49:27.548,1.45521,1.45562,2.62,1.00
2016.08.05 20:49:27.752,1.45523,1.45563,1.20,1.00
2016.08.05 20:49:31.119,1.45523,1.45563,1.47,1.00
2016.08.05 20:49:34.333,1.45523,1.45563,1.10,1.00
2016.08.05 20:49:34.384,1.45523,1.45561,1.10,1.00
2016.08.05 20:49:34.435,1.45523,1.45561,1.20,1.00
2016.08.05 20:49:34.538,1.45523,1.45561,1.47,1.00
2016.08.05 20:49:35.053,1.45525,1.45561,1.37,1.00
2016.08.05 20:49:35.155,1.45525,1.45561,1.75,1.00
2016.08.05 20:49:35.372,1.45523,1.45563,1.37,1.00
2016.08.05 20:49:35.475,1.45522,1.45563,1.50,1.00
2016.08.05 20:49:35.774,1.45524,1.45564,1.37,1.00
2016.08.05 20:49:37.823,1.45524,1.45564,1.50,1.00
2016.08.05 20:49:37.976,1.45526,1.45566,1.37,1.00
2016.08.05 20:49:38.027,1.45526,1.45566,1.00,1.00
2016.08.05 20:49:38.080,1.45523,1.45562,1.47,1.00
2016.08.05 20:49:38.131,1.45523,1.45562,1.10,1.00
2016.08.05 20:49:38.184,1.45523,1.45562,1.00,1.00
2016.08.05 20:49:38.236,1.45521,1.45561,1.37,1.00
2016.08.05 20:49:38.340,1.4552,1.45561,1.95,1.00
2016.08.05 20:49:38.442,1.45523,1.45562,1.12,1.00
2016.08.05 20:49:38.749,1.45523,1.4556,1.12,1.00
2016.08.05 20:49:39.021,1.45525,1.45561,1.00,1.00
2016.08.05 20:49:43.289,1.45527,1.45566,1.00,1.00
2016.08.05 20:49:43.341,1.45527,1.45566,1.37,1.00
2016.08.05 20:49:43.545,1.45525,1.45561,1.00,1.00
2016.08.05 20:49:44.001,1.45524,1.45562,1.12,1.00
2016.08.05 20:49:44.455,1.45524,1.45562,1.31,1.00
2016.08.05 20:49:44.609,1.45526,1.45564,1.25,1.00
2016.08.05 20:49:45.136,1.45526,1.45564,1.00,1.00
2016.08.05 20:49:48.059,1.45527,1.45564,1.00,1.00
2016.08.05 20:49:48.575,1.45526,1.45564,1.00,1.00
2016.08.05 20:49:51.867,1.45526,1.45564,1.12,1.00
2016.08.05 20:49:59.842,1.45526,1.45564,1.00,1.00
2016.08.05 20:50:04.415,1.45524,1.45563,1.87,1.00
2016.08.05 20:50:04.466,1.45524,1.45563,1.12,1.00
2016.08.05 20:50:04.749,1.45526,1.45563,1.00,1.00
2016.08.05 20:50:07.973,1.45524,1.45563,1.87,1.00
2016.08.05 20:50:08.075,1.45524,1.45563,1.12,1.00
2016.08.05 20:50:08.513,1.45526,1.45563,1.00,1.00
2016.08.05 20:50:12.141,1.45524,1.45563,1.50,1.00
2016.08.05 20:50:12.192,1.45524,1.45563,1.00,1.00
2016.08.05 20:50:12.566,1.45526,1.45562,1.00,1.00
2016.08.05 20:50:21.645,1.45528,1.45562,1.00,1.00
2016.08.05 20:50:21.696,1.45526,1.45562,1.00,1.00
2016.08.05 20:50:21.851,1.45527,1.45565,1.50,1.00
2016.08.05 20:50:22.809,1.45529,1.45565,1.00,1.00
2016.08.05 20:50:23.115,1.45527,1.45565,1.00,1.00
2016.08.05 20:50:29.321,1.45528,1.45567,1.00,1.00
2016.08.05 20:50:29.567,1.45531,1.45569,1.00,1.00
2016.08.05 20:50:30.943,1.4553,1.45567,1.00,1.00
2016.08.05 20:50:31.100,1.45524,1.45563,1.00,1.00
2016.08.05 20:50:31.356,1.45527,1.45564,1.00,1.00
2016.08.05 20:50:31.888,1.45527,1.45567,1.00,1.00
2016.08.05 20:50:33.337,1.45524,1.45562,1.37,1.00
2016.08.05 20:50:33.546,1.45524,1.45562,1.00,1.00
2016.08.05 20:50:33.751,1.45526,1.45563,1.00,1.00
2016.08.05 20:50:39.114,1.45531,1.45569,1.00,1.00
2016.08.05 20:50:39.166,1.45529,1.45566,1.00,1.00
2016.08.05 20:50:39.876,1.45527,1.45565,1.00,1.00
2016.08.05 20:50:52.006,1.45524,1.45565,1.25,1.00
2016.08.05 20:50:55.710,1.45527,1.45566,1.00,1.00
2016.08.05 20:50:56.939,1.45524,1.45564,1.25,1.00
2016.08.05 20:50:56.991,1.45521,1.45562,1.31,1.00
2016.08.05 20:50:57.093,1.4552,1.45564,2.06,1.00
2016.08.05 20:50:57.144,1.45525,1.45564,1.00,1.00
2016.08.05 20:51:00.080,1.45523,1.45564,1.00,1.00
2016.08.05 20:51:00.285,1.45528,1.45566,1.00,1.00
2016.08.05 20:51:03.376,1.45531,1.45567,1.00,1.00
2016.08.05 20:51:03.663,1.45534,1.45571,1.00,1.37
2016.08.05 20:51:03.715,1.45534,1.45571,1.00,1.12
2016.08.05 20:51:03.869,1.45542,1.45577,1.00,1.47
2016.08.05 20:51:03.922,1.45542,1.45577,1.00,1.12
2016.08.05 20:51:04.024,1.45536,1.45576,1.25,1.00
2016.08.05 20:51:04.076,1.45536,1.45576,1.00,1.37
2016.08.05 20:51:04.334,1.45535,1.45572,1.00,1.00
2016.08.05 20:51:04.538,1.45535,1.45572,1.00,1.12
2016.08.05 20:51:04.716,1.45535,1.45572,1.00,1.50
2016.08.05 20:51:06.025,1.45527,1.45575,1.19,1.12
2016.08.05 20:51:06.337,1.45527,1.45577,1.56,1.87
2016.08.05 20:51:06.389,1.45535,1.45575,1.00,1.75
2016.08.05 20:51:06.441,1.45535,1.45575,1.00,1.47
2016.08.05 20:51:06.493,1.45535,1.45575,1.00,1.20
2016.08.05 20:51:09.504,1.45535,1.45575,1.00,1.57
2016.08.05 20:51:11.657,1.45536,1.45574,1.00,1.10
2016.08.05 20:51:16.623,1.45536,1.45574,1.00,1.47
2016.08.05 20:51:18.190,1.45534,1.45572,1.00,1.12
2016.08.05 20:51:18.241,1.45534,1.45572,1.00,1.37
2016.08.05 20:51:19.719,1.45534,1.45572,1.00,1.12
2016.08.05 20:51:21.656,1.45534,1.45572,1.00,1.12
2016.08.05 20:51:21.810,1.45536,1.45573,1.37,1.37
2016.08.05 20:51:21.862,1.45536,1.45573,1.75,1.37
2016.08.05 20:51:25.253,1.45536,1.45573,1.75,1.50
2016.08.05 20:51:25.536,1.45532,1.45572,1.75,1.00
2016.08.05 20:51:25.753,1.45532,1.45574,1.75,1.00
2016.08.05 20:51:26.164,1.45533,1.45576,1.50,1.00
2016.08.05 20:51:33.868,1.45533,1.45576,1.50,1.37
2016.08.05 20:51:33.970,1.45533,1.45576,1.50,1.00
2016.08.05 20:51:34.565,1.45533,1.45576,1.37,1.00
2016.08.05 20:51:34.616,1.45533,1.45576,1.00,1.00
2016.08.05 20:51:36.872,1.45533,1.45576,1.00,1.37
2016.08.05 20:51:37.865,1.45533,1.45576,1.00,1.00
2016.08.05 20:51:38.263,1.45535,1.45576,1.00,1.00
2016.08.05 20:51:38.690,1.4553,1.45574,1.19,1.00
2016.08.05 20:51:38.741,1.4553,1.45574,1.25,1.00
2016.08.05 20:51:38.946,1.45532,1.45575,1.00,1.00
2016.08.05 20:51:39.252,1.45534,1.45575,1.00,1.00
2016.08.05 20:51:41.758,1.45534,1.45577,1.00,1.00
2016.08.05 20:51:43.479,1.45532,1.45578,1.00,1.00
2016.08.05 20:51:43.858,1.45534,1.45576,1.00,1.00
2016.08.05 20:51:47.382,1.45535,1.45577,1.00,1.00
2016.08.05 20:51:47.586,1.45535,1.45577,1.00,1.50
2016.08.05 20:51:47.638,1.45531,1.45575,1.00,1.00
2016.08.05 20:51:47.742,1.45531,1.45575,1.00,1.12
2016.08.05 20:51:47.896,1.45527,1.45573,1.00,1.00
2016.08.05 20:51:48.050,1.45531,1.45575,1.00,1.12
2016.08.05 20:51:48.323,1.45531,1.45575,1.00,1.87
2016.08.05 20:51:48.375,1.45524,1.45569,1.19,1.00
2016.08.05 20:51:48.529,1.45524,1.45569,1.00,1.00
2016.08.05 20:51:48.580,1.45529,1.45575,1.00,1.12
2016.08.05 20:51:48.683,1.45529,1.45574,1.00,1.47
2016.08.05 20:51:48.788,1.45529,1.45575,1.00,1.87
2016.08.05 20:51:48.839,1.45529,1.45572,1.00,1.37
2016.08.05 20:51:48.892,1.45529,1.45572,1.00,1.95
2016.08.05 20:51:48.943,1.45529,1.45572,1.00,2.32
2016.08.05 20:51:49.198,1.45527,1.45568,1.00,1.12
2016.08.05 20:51:50.164,1.45528,1.45569,1.00,1.37
2016.08.05 20:51:50.498,1.45528,1.45569,1.00,1.00
2016.08.05 20:51:51.017,1.45527,1.45568,1.00,1.00
2016.08.05 20:51:53.893,1.45527,1.45566,1.00,1.00
2016.08.05 20:51:54.661,1.45527,1.45567,1.00,1.20
2016.08.05 20:51:58.821,1.45526,1.45562,1.00,1.00
2016.08.05 20:51:58.974,1.4552,1.45561,1.00,1.00
2016.08.05 20:51:59.178,1.45526,1.45564,1.00,1.37
2016.08.05 20:51:59.581,1.45525,1.45561,1.00,1.00
2016.08.05 20:52:02.102,1.45527,1.45564,1.00,1.00
2016.08.05 20:52:02.460,1.45527,1.45564,1.00,1.37
2016.08.05 20:52:10.658,1.45526,1.45563,1.00,1.12
2016.08.05 20:52:12.840,1.45526,1.45563,1.00,1.00
2016.08.05 20:52:13.498,1.45523,1.45563,1.00,1.00
2016.08.05 20:52:13.702,1.45521,1.45563,1.25,1.00
2016.08.05 20:52:14.007,1.45523,1.45562,1.00,1.00
2016.08.05 20:52:14.509,1.45527,1.45566,1.00,1.37
2016.08.05 20:52:14.662,1.45527,1.45566,1.00,1.00
2016.08.05 20:52:14.764,1.45527,1.45566,1.00,1.37
2016.08.05 20:52:14.815,1.45526,1.45563,1.00,1.00
2016.08.05 20:52:22.557,1.45522,1.45563,1.00,1.00
2016.08.05 20:52:22.659,1.45522,1.45563,1.00,1.12
2016.08.05 20:52:23.767,1.45525,1.45562,1.00,1.00
2016.08.05 20:52:25.334,1.45525,1.45562,1.00,1.12
2016.08.05 20:52:26.116,1.45524,1.45563,1.00,1.37
2016.08.05 20:52:26.473,1.45526,1.45563,1.00,1.37
2016.08.05 20:52:26.576,1.45518,1.45563,1.00,1.00
2016.08.05 20:52:26.627,1.45518,1.45563,1.00,1.10
2016.08.05 20:52:26.678,1.45513,1.45553,1.00,1.50
2016.08.05 20:52:26.729,1.45509,1.45553,1.10,1.57
2016.08.05 20:52:26.781,1.45505,1.45547,1.69,1.00
2016.08.05 20:52:26.832,1.45502,1.45547,1.19,1.00
2016.08.05 20:52:26.999,1.45501,1.45547,1.31,1.00
2016.08.05 20:52:27.072,1.45504,1.45546,1.19,1.00
2016.08.05 20:52:27.279,1.455,1.45544,1.56,1.00
2016.08.05 20:52:27.381,1.45501,1.45544,1.31,1.00
2016.08.05 20:52:27.541,1.45506,1.45546,1.25,1.00
2016.08.05 20:52:27.745,1.45506,1.45546,1.69,1.00
2016.08.05 20:52:27.847,1.45506,1.45546,1.25,1.00
2016.08.05 20:52:29.038,1.45504,1.45543,1.19,1.00
2016.08.05 20:52:29.243,1.45507,1.45544,1.12,1.00
2016.08.05 20:52:29.294,1.45507,1.45544,1.87,1.00
2016.08.05 20:52:29.345,1.45506,1.45545,2.00,1.00
2016.08.05 20:52:29.397,1.45508,1.45545,1.12,1.00
2016.08.05 20:52:29.448,1.45509,1.45545,1.94,1.00
2016.08.05 20:52:29.499,1.45511,1.45545,1.31,1.00
2016.08.05 20:52:29.694,1.45511,1.45547,1.31,1.00
2016.08.05 20:52:30.205,1.45511,1.45548,1.31,1.00
2016.08.05 20:52:30.881,1.45511,1.45545,1.31,1.00
2016.08.05 20:52:30.932,1.45508,1.45545,1.31,1.00
2016.08.05 20:52:31.134,1.45509,1.45548,1.94,1.00
2016.08.05 20:52:31.390,1.45508,1.45545,2.06,1.00
2016.08.05 20:52:32.359,1.45508,1.45545,1.31,1.00
2016.08.05 20:52:32.513,1.45504,1.45545,1.94,1.00
2016.08.05 20:52:32.746,1.45506,1.45545,1.75,1.00
2016.08.05 20:52:32.810,1.45503,1.45542,1.94,1.00
2016.08.05 20:52:32.913,1.45503,1.45542,1.31,1.00
2016.08.05 20:52:32.964,1.45506,1.45546,1.75,1.00
2016.08.05 20:52:33.066,1.45506,1.45546,1.94,1.00
2016.08.05 20:52:33.270,1.45504,1.45545,1.94,1.00
2016.08.05 20:52:33.678,1.45503,1.45542,1.94,1.00
2016.08.05 20:52:34.033,1.45505,1.45547,1.94,1.00
2016.08.05 20:52:36.843,1.45505,1.45547,1.69,1.00
2016.08.05 20:52:37.205,1.45505,1.45545,1.31,1.00
2016.08.05 20:52:40.102,1.45506,1.45545,1.39,1.00
2016.08.05 20:52:40.255,1.45506,1.45545,1.69,1.00
2016.08.05 20:52:40.306,1.45506,1.45545,1.94,1.00
2016.08.05 20:52:41.375,1.45506,1.45545,1.31,1.00
2016.08.05 20:52:41.426,1.45508,1.45547,1.19,1.00
2016.08.05 20:52:41.579,1.45508,1.45547,1.56,1.00
2016.08.05 20:52:41.631,1.45508,1.45547,1.94,1.00
2016.08.05 20:52:41.733,1.45508,1.45547,1.19,1.00
2016.08.05 20:52:41.784,1.45508,1.45547,1.19,1.00
2016.08.05 20:52:41.836,1.45508,1.45547,1.69,1.00
2016.08.05 20:52:42.084,1.45508,1.45547,1.29,1.00
2016.08.05 20:52:42.135,1.45508,1.45547,1.66,1.00
2016.08.05 20:52:42.204,1.45508,1.45547,1.94,1.00
2016.08.05 20:52:45.696,1.4551,1.45549,1.39,1.00
2016.08.05 20:52:45.850,1.4551,1.45549,1.39,1.12
2016.08.05 20:52:46.520,1.4551,1.45549,1.39,1.00
2016.08.05 20:52:46.622,1.45508,1.45547,1.94,1.00
2016.08.05 20:52:46.829,1.45512,1.45553,1.19,1.75
2016.08.05 20:52:46.928,1.45512,1.45554,1.19,2.25
2016.08.05 20:52:47.136,1.45515,1.45554,1.19,2.25
2016.08.05 20:52:47.703,1.45515,1.45554,1.19,1.75
2016.08.05 20:52:47.907,1.45515,1.45554,1.19,1.75
2016.08.05 20:52:48.112,1.45515,1.45554,1.19,1.75
2016.08.05 20:52:48.163,1.45515,1.45554,1.19,1.37
2016.08.05 20:52:48.215,1.45518,1.45556,1.00,1.37
2016.08.05 20:52:48.266,1.45518,1.45556,1.00,1.50
2016.08.05 20:52:49.223,1.45518,1.45556,1.19,1.50
2016.08.05 20:52:49.646,1.45515,1.45556,1.29,1.50
2016.08.05 20:52:49.698,1.45515,1.45556,1.29,1.37
2016.08.05 20:52:49.800,1.45522,1.45559,1.00,2.25
2016.08.05 20:52:49.902,1.45522,1.45559,1.00,1.37
2016.08.05 20:52:50.005,1.45522,1.45559,1.00,1.75
2016.08.05 20:52:50.057,1.45524,1.45562,1.00,1.00
2016.08.05 20:52:50.205,1.45524,1.45564,1.00,1.00
2016.08.05 20:52:50.257,1.45522,1.45566,1.00,1.00
2016.08.05 20:52:50.360,1.45517,1.45563,1.00,1.00
2016.08.05 20:52:50.616,1.45517,1.45563,1.00,1.50
2016.08.05 20:52:50.718,1.45517,1.45563,1.00,1.00
2016.08.05 20:52:51.245,1.45517,1.45562,1.00,1.00
2016.08.05 20:52:51.501,1.45515,1.45559,1.20,1.00
2016.08.05 20:52:51.706,1.45518,1.45564,1.00,1.00
2016.08.05 20:52:51.859,1.45515,1.45562,1.20,1.00
2016.08.05 20:52:52.135,1.45519,1.45561,1.00,1.00
2016.08.05 20:52:52.331,1.4552,1.45566,1.00,1.00
2016.08.05 20:52:52.690,1.4552,1.45564,1.00,1.00
2016.08.05 20:52:52.997,1.45517,1.45563,1.00,1.50
2016.08.05 20:52:53.201,1.45517,1.45562,1.00,1.00
2016.08.05 20:52:53.526,1.45517,1.45559,1.00,1.00
2016.08.05 20:52:53.579,1.45514,1.45559,1.00,1.00
2016.08.05 20:52:53.682,1.45514,1.45561,1.00,1.00
2016.08.05 20:52:53.785,1.45516,1.45562,1.00,1.00
2016.08.05 20:52:53.887,1.45516,1.45562,1.00,1.50
2016.08.05 20:52:54.193,1.45516,1.45562,1.00,1.00
2016.08.05 20:52:54.505,1.45516,1.45562,1.00,1.50
2016.08.05 20:52:54.708,1.45516,1.45562,1.00,1.00
2016.08.05 20:52:55.678,1.45516,1.45561,1.00,1.00
2016.08.05 20:52:56.197,1.45516,1.45562,1.00,1.00
2016.08.05 20:52:56.809,1.45516,1.45562,1.00,1.50
2016.08.05 20:53:00.080,1.45514,1.4556,1.00,1.00
2016.08.05 20:53:00.245,1.45515,1.4556,1.20,1.00
2016.08.05 20:53:00.399,1.45517,1.45561,1.00,1.00
2016.08.05 20:53:00.582,1.45517,1.45562,1.00,1.50
2016.08.05 20:53:00.882,1.45517,1.45562,1.00,1.00
2016.08.05 20:53:01.035,1.45519,1.45566,1.00,1.00
2016.08.05 20:53:01.086,1.45519,1.45566,1.00,1.50
2016.08.05 20:53:01.188,1.45519,1.45566,1.00,1.57
2016.08.05 20:53:01.468,1.45517,1.45565,1.00,1.00
2016.08.05 20:53:01.887,1.45517,1.45565,1.00,1.50
2016.08.05 20:53:01.989,1.45517,1.45565,1.00,1.00
2016.08.05 20:53:02.585,1.45517,1.45565,1.00,1.50
2016.08.05 20:53:02.687,1.45517,1.45565,1.00,1.00
2016.08.05 20:53:03.452,1.45521,1.45566,1.00,1.10
2016.08.05 20:53:03.504,1.45523,1.45566,1.00,1.10
2016.08.05 20:53:03.555,1.45523,1.45566,1.62,1.10
2016.08.05 20:53:03.606,1.45522,1.45566,1.56,1.00
2016.08.05 20:53:03.657,1.45526,1.45567,1.00,1.00
2016.08.05 20:53:23.623,1.45526,1.45564,1.00,1.00
2016.08.05 20:53:24.261,1.45526,1.45566,1.00,1.00
2016.08.05 20:53:27.015,1.45526,1.45567,1.00,1.12
2016.08.05 20:53:27.499,1.45526,1.45571,1.00,2.62
2016.08.05 20:53:28.061,1.45526,1.4557,1.00,1.75
2016.08.05 20:53:28.425,1.45526,1.45571,1.00,1.87
2016.08.05 20:53:28.527,1.45526,1.45571,1.00,2.25
2016.08.05 20:53:28.732,1.45526,1.45571,1.00,1.75
2016.08.05 20:53:29.263,1.45526,1.45571,1.00,2.25
2016.08.05 20:53:32.240,1.45526,1.45571,1.00,1.75
2016.08.05 20:53:33.043,1.45526,1.45571,1.00,2.25
2016.08.05 20:53:37.955,1.45522,1.45568,1.94,1.12
2016.08.05 20:53:38.006,1.45522,1.45568,1.94,1.37
2016.08.05 20:53:38.109,1.45522,1.45569,1.75,1.37
2016.08.05 20:53:38.160,1.45518,1.45566,1.69,1.37
2016.08.05 20:53:38.211,1.45518,1.45566,1.50,1.37
2016.08.05 20:53:38.262,1.45518,1.45566,1.37,2.62
2016.08.05 20:53:38.313,1.45518,1.45566,1.00,2.25
2016.08.05 20:53:38.365,1.45518,1.45566,1.00,3.00
2016.08.05 20:53:38.517,1.45515,1.45564,1.39,1.00
2016.08.05 20:53:38.755,1.45515,1.45564,1.39,1.50
2016.08.05 20:53:38.959,1.45515,1.45564,1.39,1.00
2016.08.05 20:53:39.028,1.45515,1.45564,1.39,1.50
2016.08.05 20:53:40.260,1.45515,1.45564,1.39,1.00
2016.08.05 20:53:40.561,1.45515,1.45564,1.39,1.50
2016.08.05 20:53:40.668,1.45515,1.45564,1.39,1.00
2016.08.05 20:53:40.723,1.45515,1.45564,1.66,1.00
2016.08.05 20:53:40.775,1.45515,1.45564,1.66,1.50
2016.08.05 20:53:40.877,1.45515,1.45564,1.66,1.00
2016.08.05 20:53:41.262,1.45515,1.45561,1.66,1.00
2016.08.05 20:53:41.568,1.45515,1.45564,1.66,1.50
2016.08.05 20:53:45.679,1.45515,1.45564,1.66,1.00
2016.08.05 20:53:47.325,1.45518,1.45565,1.19,1.00
2016.08.05 20:53:47.905,1.45518,1.45563,1.19,1.00
2016.08.05 20:53:51.492,1.45518,1.45563,1.19,1.50
2016.08.05 20:53:51.543,1.45518,1.45563,1.19,1.00
2016.08.05 20:53:56.034,1.45515,1.45557,1.47,1.00
2016.08.05 20:53:56.087,1.45515,1.45559,1.47,1.50
2016.08.05 20:53:56.138,1.45515,1.45559,1.20,1.50
2016.08.05 20:53:56.189,1.45515,1.45557,1.20,1.00
2016.08.05 20:53:56.240,1.45518,1.45557,1.00,1.00
2016.08.05 20:53:56.393,1.45518,1.45561,1.00,1.00
2016.08.05 20:53:56.765,1.45516,1.45558,1.10,1.00
2016.08.05 20:53:57.172,1.45516,1.45562,1.10,1.00
2016.08.05 20:53:57.376,1.45516,1.45559,1.10,1.00
2016.08.05 20:53:57.765,1.45515,1.45559,1.20,1.50
2016.08.05 20:53:57.867,1.45515,1.45559,1.20,1.00
2016.08.05 20:53:58.071,1.45518,1.45562,1.00,1.00
2016.08.05 20:53:58.324,1.45516,1.45558,1.10,1.00
2016.08.05 20:53:58.665,1.45517,1.45563,1.00,1.00
2016.08.05 20:53:59.233,1.45517,1.4556,1.00,1.00
2016.08.05 20:53:59.539,1.45519,1.45561,1.00,1.00
2016.08.05 20:53:59.744,1.45516,1.45561,1.10,1.50
2016.08.05 20:54:00.025,1.45518,1.45563,1.00,1.50
2016.08.05 20:54:00.150,1.45518,1.45562,1.00,1.00
2016.08.05 20:54:00.253,1.45515,1.45559,1.20,1.00
2016.08.05 20:54:00.407,1.45518,1.45562,1.00,1.00
2016.08.05 20:54:00.923,1.45518,1.45563,1.00,1.00
2016.08.05 20:54:01.455,1.45518,1.45562,1.00,1.50
2016.08.05 20:54:02.026,1.45518,1.45562,1.00,1.00
2016.08.05 20:54:02.560,1.45518,1.45563,1.00,1.00
2016.08.05 20:54:03.259,1.45518,1.45564,1.00,1.00
2016.08.05 20:54:03.654,1.45518,1.45562,1.00,1.00
2016.08.05 20:54:03.808,1.45518,1.45561,1.50,1.00
2016.08.05 20:54:05.563,1.45518,1.45559,1.50,1.00
2016.08.05 20:54:05.666,1.45518,1.45562,1.50,1.00
2016.08.05 20:54:08.968,1.45517,1.45562,1.75,1.50
2016.08.05 20:54:09.211,1.45517,1.45559,1.75,1.00
2016.08.05 20:54:09.262,1.45517,1.45561,1.75,1.00
2016.08.05 20:54:13.583,1.45517,1.45557,1.75,1.00
2016.08.05 20:54:13.787,1.45517,1.45559,1.75,1.00
2016.08.05 20:54:14.258,1.45519,1.45561,1.20,1.00
2016.08.05 20:54:14.310,1.45519,1.45558,1.20,1.00
2016.08.05 20:54:14.412,1.45519,1.4556,1.20,1.00
2016.08.05 20:54:14.515,1.45517,1.4556,1.75,1.00
2016.08.05 20:54:14.567,1.45517,1.45561,1.37,1.50
2016.08.05 20:54:14.619,1.45517,1.45561,1.10,1.50
2016.08.05 20:54:14.671,1.45517,1.45557,1.10,1.00
2016.08.05 20:54:15.049,1.45515,1.45557,1.69,1.00
2016.08.05 20:54:15.487,1.45517,1.4556,1.10,1.00
2016.08.05 20:54:15.589,1.45517,1.45558,1.10,1.00
2016.08.05 20:54:16.113,1.45517,1.45557,1.10,1.00
2016.08.05 20:54:16.168,1.45517,1.45559,1.10,1.00
2016.08.05 20:54:17.186,1.45517,1.45558,1.10,1.00
2016.08.05 20:54:17.290,1.45517,1.45562,1.10,1.00
2016.08.05 20:54:17.469,1.45517,1.45557,1.10,1.00
2016.08.05 20:54:17.776,1.45517,1.45559,1.10,1.00
2016.08.05 20:54:18.124,1.45514,1.45559,1.94,1.50
2016.08.05 20:54:18.400,1.45515,1.45559,1.69,1.00
2016.08.05 20:54:18.502,1.45515,1.45557,1.69,1.00
2016.08.05 20:54:18.725,1.45517,1.45557,1.10,1.00
2016.08.05 20:54:18.776,1.45517,1.45559,1.00,1.00
2016.08.05 20:54:19.218,1.45517,1.45561,1.00,1.00
2016.08.05 20:54:19.549,1.45517,1.45557,1.00,1.00
2016.08.05 20:54:19.602,1.45514,1.45559,1.19,2.25
2016.08.05 20:54:19.654,1.45514,1.45559,1.00,2.25
2016.08.05 20:54:19.706,1.45514,1.45556,1.00,1.00
2016.08.05 20:54:19.808,1.45514,1.45559,1.00,2.25
2016.08.05 20:54:19.910,1.45514,1.45557,1.00,1.00
2016.08.05 20:54:20.216,1.45514,1.45555,1.00,1.00
2016.08.05 20:54:20.318,1.45514,1.45558,1.00,1.00
2016.08.05 20:54:20.780,1.45512,1.45555,1.00,1.00
2016.08.05 20:54:20.987,1.45512,1.45557,1.00,1.00
2016.08.05 20:54:21.222,1.45512,1.45555,1.00,1.00
2016.08.05 20:54:21.376,1.45512,1.45557,1.00,1.50
2016.08.05 20:54:21.478,1.45512,1.45556,1.00,1.00
2016.08.05 20:54:21.922,1.45512,1.45557,1.00,1.50
2016.08.05 20:54:22.840,1.4551,1.45555,1.00,1.00
2016.08.05 20:54:23.521,1.45512,1.45556,1.00,1.00
2016.08.05 20:54:24.227,1.45512,1.45557,1.00,1.00
2016.08.05 20:54:29.500,1.45521,1.45563,1.00,3.37
2016.08.05 20:54:29.552,1.45521,1.45563,1.00,2.62
2016.08.05 20:54:29.707,1.45517,1.45562,1.69,1.12
2016.08.05 20:54:29.758,1.45517,1.45562,1.69,1.00
2016.08.05 20:54:29.861,1.45519,1.45562,1.00,1.00
2016.08.05 20:54:29.964,1.45519,1.45562,1.00,1.37
2016.08.05 20:54:30.066,1.45519,1.45562,1.00,1.00
2016.08.05 20:54:30.118,1.4552,1.45563,1.00,3.37
2016.08.05 20:54:30.170,1.4552,1.45563,1.00,3.75
2016.08.05 20:54:30.272,1.4552,1.45563,1.00,3.37
2016.08.05 20:54:30.374,1.4552,1.45563,1.00,3.75
2016.08.05 20:54:30.426,1.4552,1.45561,1.00,1.37
2016.08.05 20:54:30.528,1.45517,1.45561,1.00,1.37
2016.08.05 20:54:30.579,1.45517,1.45561,1.00,1.00
2016.08.05 20:54:30.630,1.45517,1.45563,1.00,2.25
2016.08.05 20:54:30.881,1.45517,1.45563,1.00,3.00
2016.08.05 20:54:30.933,1.45516,1.4556,1.00,1.87
2016.08.05 20:54:31.036,1.45516,1.45562,1.00,1.37
2016.08.05 20:54:31.139,1.45519,1.45563,1.00,1.37
2016.08.05 20:54:31.242,1.45519,1.45562,1.00,1.12
2016.08.05 20:54:31.294,1.45519,1.45562,1.00,1.00
2016.08.05 20:54:31.447,1.45519,1.45562,1.00,1.50
2016.08.05 20:54:32.436,1.45519,1.45563,1.00,2.25
2016.08.05 20:54:32.528,1.45517,1.45563,1.00,2.25
2016.08.05 20:54:32.579,1.45517,1.45563,1.00,1.50
2016.08.05 20:54:32.630,1.45517,1.45563,1.00,1.00
2016.08.05 20:54:32.682,1.45517,1.45563,1.00,1.50
2016.08.05 20:54:32.733,1.45521,1.45561,1.00,1.37
2016.08.05 20:54:32.835,1.45521,1.45563,1.00,1.37
2016.08.05 20:54:32.988,1.45521,1.45563,1.00,1.50
2016.08.05 20:54:33.091,1.45521,1.45563,1.00,1.12
2016.08.05 20:54:33.477,1.45521,1.45563,1.00,1.37
2016.08.05 20:54:33.682,1.45519,1.45562,1.00,1.37
2016.08.05 20:54:34.069,1.4552,1.45563,1.00,1.12
2016.08.05 20:54:34.172,1.4552,1.45563,1.00,1.37
2016.08.05 20:54:34.275,1.4552,1.45563,1.00,1.00
2016.08.05 20:54:37.003,1.45518,1.45562,1.00,1.00
2016.08.05 20:54:37.273,1.45516,1.45559,1.00,1.00
2016.08.05 20:54:37.427,1.45516,1.45559,1.50,1.00
2016.08.05 20:54:38.218,1.45519,1.45562,1.00,1.00
2016.08.05 20:54:40.905,1.45518,1.45561,1.00,1.00
2016.08.05 20:54:41.695,1.45519,1.45562,1.00,1.00
2016.08.05 20:54:41.951,1.45519,1.45563,1.00,1.50
2016.08.05 20:54:42.104,1.45517,1.45562,1.00,1.00
2016.08.05 20:54:42.630,1.45518,1.45563,1.00,1.00
2016.08.05 20:54:42.982,1.45518,1.45563,1.00,1.50
2016.08.05 20:54:43.034,1.45518,1.45563,1.00,1.00
2016.08.05 20:54:43.244,1.45518,1.45563,1.00,1.50
2016.08.05 20:54:43.565,1.45518,1.45563,1.00,1.00
2016.08.05 20:54:44.163,1.45518,1.45563,1.00,1.50
2016.08.05 20:54:44.844,1.45518,1.45563,1.00,1.00
2016.08.05 20:54:44.946,1.45518,1.45563,1.00,1.50
2016.08.05 20:54:45.049,1.45518,1.45563,1.00,1.00
2016.08.05 20:54:46.941,1.45518,1.45563,1.00,1.50
2016.08.05 20:54:47.046,1.45518,1.45563,1.00,1.00
2016.08.05 20:54:48.465,1.45515,1.45562,1.00,2.25
2016.08.05 20:54:48.567,1.45519,1.45562,1.00,1.00
2016.08.05 20:54:49.106,1.45518,1.45562,1.00,1.00
2016.08.05 20:54:49.384,1.45515,1.45562,1.19,1.00
2016.08.05 20:54:49.443,1.45514,1.45562,1.69,1.00
2016.08.05 20:54:49.546,1.45519,1.45563,1.00,1.00
2016.08.05 20:54:51.513,1.45518,1.45562,1.00,1.00
2016.08.05 20:54:52.017,1.4552,1.45564,1.00,1.00
2016.08.05 20:54:54.258,1.45519,1.45565,1.00,1.00
2016.08.05 20:54:54.751,1.45523,1.45566,1.00,1.50
2016.08.05 20:54:54.853,1.45521,1.45566,1.00,1.00
2016.08.05 20:54:55.109,1.45519,1.45566,1.00,1.00
2016.08.05 20:54:55.211,1.45517,1.45567,1.00,1.50
2016.08.05 20:54:55.386,1.45517,1.45566,1.00,1.00
2016.08.05 20:54:55.591,1.45517,1.45564,1.00,1.00
2016.08.05 20:54:56.053,1.45517,1.45567,1.00,1.50
2016.08.05 20:54:56.600,1.45517,1.45566,1.00,1.50
2016.08.05 20:54:56.979,1.45517,1.45567,1.00,1.00
2016.08.05 20:54:57.188,1.45517,1.45567,1.19,1.00
2016.08.05 20:54:57.570,1.45519,1.45567,1.19,1.00
2016.08.05 20:54:57.673,1.45517,1.45567,1.19,1.00
2016.08.05 20:54:57.775,1.45519,1.45567,1.19,1.00
2016.08.05 20:54:58.341,1.45518,1.45567,1.19,1.00
2016.08.05 20:55:00.196,1.45517,1.45567,1.69,1.00
2016.08.05 20:55:00.298,1.45517,1.45567,1.19,1.00
2016.08.05 20:55:00.967,1.45517,1.45564,1.19,1.00
2016.08.05 20:55:01.073,1.45517,1.45566,1.19,1.00
2016.08.05 20:55:01.175,1.45517,1.45561,1.19,1.00
2016.08.05 20:55:01.278,1.45517,1.45565,1.19,1.00
2016.08.05 20:55:03.021,1.45517,1.45564,1.19,1.00
2016.08.05 20:55:03.457,1.45517,1.45566,1.19,1.00
2016.08.05 20:55:03.684,1.45515,1.45563,1.19,1.00
2016.08.05 20:55:03.786,1.45515,1.45563,1.19,3.00
2016.08.05 20:55:04.208,1.4552,1.45563,1.19,1.50
2016.08.05 20:55:04.259,1.4552,1.45563,1.19,1.00
2016.08.05 20:55:04.412,1.45523,1.45568,1.19,1.00
2016.08.05 20:55:05.319,1.45523,1.45565,1.19,1.00
2016.08.05 20:55:05.677,1.45521,1.45563,1.19,1.00
2016.08.05 20:55:06.727,1.45523,1.45564,1.19,1.00
2016.08.05 20:55:07.250,1.45523,1.45563,1.19,1.00
2016.08.05 20:55:07.839,1.45523,1.45564,1.19,1.00
2016.08.05 20:55:12.695,1.45522,1.45565,1.19,1.00
2016.08.05 20:55:13.000,1.45524,1.45567,1.19,1.00
2016.08.05 20:55:14.176,1.45527,1.45568,1.19,1.00
2016.08.05 20:55:15.111,1.45526,1.4557,1.19,1.00
2016.08.05 20:55:15.656,1.45527,1.45569,1.19,1.00
2016.08.05 20:55:20.117,1.45524,1.45566,1.19,1.00
2016.08.05 20:55:21.860,1.45525,1.45567,1.19,1.00
2016.08.05 20:55:22.182,1.45526,1.45569,1.69,1.00
2016.08.05 20:55:24.419,1.45527,1.45571,1.19,1.00
2016.08.05 20:55:24.470,1.45527,1.45571,1.69,1.00
2016.08.05 20:55:24.901,1.45527,1.45571,1.19,1.00
2016.08.05 20:55:30.810,1.45527,1.45569,1.19,1.00
2016.08.05 20:55:31.313,1.45526,1.45572,1.19,1.00
2016.08.05 20:55:33.601,1.45526,1.4557,1.19,1.00
2016.08.05 20:55:35.707,1.45524,1.45568,1.19,1.00
2016.08.05 20:55:37.590,1.45525,1.45569,1.19,1.00
2016.08.05 20:55:40.127,1.45524,1.45568,1.19,1.00
2016.08.05 20:55:41.577,1.45525,1.45569,1.19,1.00
2016.08.05 20:55:42.488,1.45525,1.4557,1.19,1.00
2016.08.05 20:55:43.338,1.45526,1.45571,1.19,1.00
2016.08.05 20:55:49.158,1.45524,1.45569,1.19,1.00
2016.08.05 20:55:56.597,1.45523,1.45567,1.19,1.00
2016.08.05 20:56:00.316,1.45524,1.45572,2.44,1.00
2016.08.05 20:56:01.118,1.45524,1.45572,1.19,1.00
2016.08.05 20:56:01.296,1.45524,1.45572,2.44,1.00
2016.08.05 20:56:06.437,1.45528,1.45575,1.19,1.00
2016.08.05 20:56:09.806,1.45526,1.45572,1.19,1.00
2016.08.05 20:56:10.654,1.45526,1.45572,1.00,1.00
2016.08.05 20:56:11.887,1.45523,1.45575,1.50,1.00
2016.08.05 20:56:11.938,1.45521,1.45575,1.00,1.00
2016.08.05 20:56:15.104,1.45524,1.45574,1.00,1.00
2016.08.05 20:56:15.506,1.45522,1.45573,1.00,1.00
2016.08.05 20:56:15.658,1.45522,1.45574,1.00,1.50
2016.08.05 20:56:17.845,1.45517,1.45572,3.00,1.00
2016.08.05 20:56:18.973,1.45518,1.45571,1.50,1.00
2016.08.05 20:56:19.126,1.45517,1.45572,3.00,1.00
2016.08.05 20:56:19.228,1.45518,1.45572,1.50,1.00
2016.08.05 20:56:19.944,1.45518,1.45572,1.00,1.50
2016.08.05 20:56:20.158,1.45518,1.45572,2.25,1.00
2016.08.05 20:56:20.210,1.45518,1.4557,2.25,1.00
2016.08.05 20:56:21.141,1.4552,1.4557,1.00,1.00
2016.08.05 20:56:24.275,1.4552,1.45571,1.50,1.50
2016.08.05 20:56:24.654,1.45522,1.45571,1.50,1.50
2016.08.05 20:56:25.070,1.45522,1.45571,1.50,1.00
2016.08.05 20:56:25.911,1.45522,1.45572,1.50,1.00
2016.08.05 20:56:26.633,1.45527,1.45572,1.50,1.00
2016.08.05 20:56:26.685,1.45527,1.45576,1.50,1.00
2016.08.05 20:56:26.736,1.45521,1.45576,6.00,1.00
2016.08.05 20:56:26.839,1.45522,1.45576,3.00,1.00
2016.08.05 20:56:26.940,1.45523,1.45576,1.00,1.50
2016.08.05 20:56:27.463,1.45523,1.45576,1.00,1.00
2016.08.05 20:56:27.711,1.45521,1.45576,1.50,1.00
2016.08.05 20:56:28.458,1.45521,1.45576,1.50,1.50
2016.08.05 20:56:28.661,1.45521,1.45576,1.50,1.00
2016.08.05 20:56:29.135,1.4552,1.45576,1.00,1.00
2016.08.05 20:56:30.303,1.45521,1.45575,1.00,1.00
2016.08.05 20:56:38.373,1.4552,1.45573,1.00,1.00
2016.08.05 20:56:41.631,1.45518,1.45576,1.00,1.00
2016.08.05 20:56:42.792,1.45521,1.45578,1.00,1.00
2016.08.05 20:56:42.945,1.45524,1.45578,1.00,1.00
2016.08.05 20:56:42.996,1.45523,1.45578,1.50,1.00
2016.08.05 20:56:43.047,1.45525,1.45582,1.00,1.00
2016.08.05 20:56:48.418,1.4552,1.45581,1.00,1.00
2016.08.05 20:56:50.991,1.4552,1.45578,1.00,1.00
2016.08.05 20:56:51.726,1.45522,1.45582,1.00,1.00
2016.08.05 20:57:03.063,1.45517,1.45581,1.00,1.00
2016.08.05 20:57:03.438,1.45519,1.45583,1.00,1.00
2016.08.05 20:57:05.147,1.45517,1.45581,1.00,1.00
2016.08.05 20:57:05.198,1.45517,1.45581,1.00,1.50
2016.08.05 20:57:05.475,1.45517,1.4558,1.00,1.00
2016.08.05 20:57:05.855,1.45515,1.4558,1.00,1.50
2016.08.05 20:57:06.014,1.45515,1.4558,1.00,1.00
2016.08.05 20:57:06.320,1.4552,1.45581,1.00,1.00
2016.08.05 20:57:06.690,1.45524,1.45583,1.00,1.00
2016.08.05 20:57:09.798,1.45524,1.4558,1.00,1.00
2016.08.05 20:57:10.004,1.45524,1.45583,1.00,1.00
2016.08.05 20:57:11.448,1.45532,1.45584,1.00,1.00
2016.08.05 20:57:11.746,1.45534,1.45588,1.00,1.00
2016.08.05 20:57:11.904,1.45522,1.45586,1.00,1.00
2016.08.05 20:57:12.057,1.45515,1.45581,1.00,1.00
2016.08.05 20:57:12.363,1.4551,1.45579,1.19,1.00
2016.08.05 20:57:12.516,1.4551,1.45579,1.00,1.00
2016.08.05 20:57:12.733,1.45506,1.45578,1.19,1.00
2016.08.05 20:57:12.898,1.45506,1.45578,1.44,1.00
2016.08.05 20:57:13.415,1.45506,1.45578,1.19,1.00
2016.08.05 20:57:16.743,1.45508,1.4558,1.19,1.00
2016.08.05 20:57:16.794,1.45508,1.4558,1.25,1.00
2016.08.05 20:57:16.896,1.45508,1.4558,1.19,1.00
2016.08.05 20:57:18.033,1.45508,1.4558,1.00,1.00
2016.08.05 20:57:18.134,1.45508,1.4558,1.19,1.00
2016.08.05 20:57:19.450,1.45506,1.45578,1.19,1.00
2016.08.05 20:57:21.589,1.45506,1.45578,1.25,1.00
2016.08.05 20:57:27.294,1.45506,1.45578,1.69,1.00
2016.08.05 20:57:27.345,1.45506,1.45578,2.06,1.00
2016.08.05 20:57:27.513,1.45506,1.45578,1.62,1.00
2016.08.05 20:57:29.808,1.45507,1.45578,1.62,1.00
2016.08.05 20:57:34.603,1.45506,1.45578,2.06,1.00
2016.08.05 20:57:34.705,1.45506,1.45578,1.37,1.00
2016.08.05 20:57:34.757,1.45506,1.45578,1.00,1.00
2016.08.05 20:57:35.266,1.45505,1.45579,1.00,1.00
2016.08.05 20:57:36.955,1.45502,1.45578,1.00,1.00
2016.08.05 20:57:37.006,1.45508,1.45581,1.00,1.00
2016.08.05 20:57:37.357,1.45519,1.45587,1.00,1.00
2016.08.05 20:57:39.661,1.45515,1.45587,1.00,1.00
2016.08.05 20:57:42.176,1.45515,1.45587,1.37,1.00
2016.08.05 20:57:46.332,1.45515,1.45587,1.12,1.00
2016.08.05 20:57:46.434,1.45516,1.45586,1.00,1.00
2016.08.05 20:57:47.022,1.45516,1.45579,1.00,1.00
2016.08.05 20:57:47.074,1.45527,1.45579,1.00,1.37
2016.08.05 20:57:47.226,1.45527,1.4558,1.00,1.50
2016.08.05 20:57:47.641,1.45527,1.4558,1.00,1.50
2016.08.05 20:57:47.743,1.45527,1.45584,1.00,1.75
2016.08.05 20:57:47.978,1.45527,1.45587,1.00,1.87
2016.08.05 20:57:50.317,1.45527,1.45587,1.00,1.37
2016.08.05 20:57:50.616,1.45527,1.45587,1.00,1.87
2016.08.05 20:57:51.319,1.45527,1.45587,1.00,1.37
2016.08.05 20:57:51.370,1.45529,1.45588,1.00,1.50
2016.08.05 20:57:51.422,1.45529,1.45587,1.00,1.37
2016.08.05 20:57:51.524,1.45529,1.45588,1.00,1.50
2016.08.05 20:57:52.147,1.4553,1.45588,1.00,1.50
2016.08.05 20:57:52.567,1.45527,1.45581,1.00,1.00
2016.08.05 20:57:52.663,1.45527,1.45579,1.00,1.37
2016.08.05 20:57:52.766,1.45527,1.45576,1.00,1.37
2016.08.05 20:57:52.825,1.45527,1.45577,1.00,1.50
2016.08.05 20:57:52.876,1.45523,1.45577,1.00,1.50
2016.08.05 20:57:53.738,1.45527,1.45577,1.00,1.50
2016.08.05 20:57:53.840,1.45527,1.4558,1.00,1.37
2016.08.05 20:57:53.942,1.45528,1.45588,1.00,1.50
2016.08.05 20:57:54.658,1.4553,1.45588,1.00,1.50
2016.08.05 20:57:59.070,1.4553,1.45587,1.00,1.37
2016.08.05 20:58:00.358,1.4553,1.45587,1.00,1.12
2016.08.05 20:58:00.819,1.45525,1.45587,1.00,1.12
2016.08.05 20:58:00.921,1.45525,1.45588,1.00,1.37
2016.08.05 20:58:01.074,1.45526,1.4559,1.00,1.50
2016.08.05 20:58:01.124,1.45526,1.45589,1.00,1.37
2016.08.05 20:58:01.657,1.45521,1.4559,1.00,2.25
2016.08.05 20:58:01.758,1.45521,1.45585,1.00,1.37
2016.08.05 20:58:01.809,1.45521,1.45585,1.00,1.37
2016.08.05 20:58:02.268,1.45516,1.45585,1.12,1.37
2016.08.05 20:58:02.422,1.45524,1.45578,1.00,1.37
2016.08.05 20:58:02.656,1.45515,1.45578,1.00,1.37
2016.08.05 20:58:02.923,1.45515,1.45584,1.00,1.50
2016.08.05 20:58:03.773,1.4552,1.45584,1.00,1.50
2016.08.05 20:58:04.218,1.4552,1.45572,1.00,1.37
2016.08.05 20:58:05.620,1.4552,1.45573,1.00,1.50
2016.08.05 20:58:05.926,1.4552,1.45574,1.00,1.37
2016.08.05 20:58:06.367,1.45512,1.45574,1.00,1.37
2016.08.05 20:58:09.862,1.45521,1.45574,1.00,1.37
2016.08.05 20:58:10.176,1.45515,1.45574,1.00,1.37
2016.08.05 20:58:10.425,1.4552,1.45578,1.00,1.37
2016.08.05 20:58:10.741,1.45522,1.45578,1.00,1.37
2016.08.05 20:58:15.197,1.45521,1.45578,1.00,1.37
2016.08.05 20:58:16.649,1.45521,1.45579,1.00,1.37
2016.08.05 20:58:16.700,1.45519,1.45579,1.00,1.37
2016.08.05 20:58:17.304,1.4552,1.45578,1.00,1.37
2016.08.05 20:58:17.875,1.4552,1.4558,1.00,1.37
2016.08.05 20:58:18.401,1.45509,1.4558,1.37,1.37
2016.08.05 20:58:19.625,1.4551,1.4558,1.37,1.37
2016.08.05 20:58:19.840,1.45511,1.45583,1.37,1.37
2016.08.05 20:58:20.161,1.45512,1.45585,1.50,1.37
2016.08.05 20:58:21.162,1.45532,1.45589,1.00,1.37
2016.08.05 20:58:21.213,1.45532,1.45589,1.00,1.37
2016.08.05 20:58:21.279,1.45512,1.45585,1.37,1.37
2016.08.05 20:58:23.222,1.45524,1.45585,1.00,1.37
2016.08.05 20:58:23.569,1.45524,1.45582,1.00,1.12
2016.08.05 20:58:23.620,1.45526,1.45582,1.00,1.37
2016.08.05 20:58:24.085,1.45526,1.45584,1.00,1.37
2016.08.05 20:58:24.136,1.45529,1.45584,1.00,1.37
2016.08.05 20:58:24.288,1.45529,1.45585,1.00,1.50
2016.08.05 20:58:24.440,1.45526,1.45593,1.00,1.37
2016.08.05 20:58:24.542,1.45526,1.45593,1.00,1.87
2016.08.05 20:58:24.643,1.45526,1.45585,1.00,1.37
2016.08.05 20:58:25.191,1.45525,1.45586,1.00,1.37
2016.08.05 20:58:25.456,1.45518,1.45582,1.00,1.50
2016.08.05 20:58:25.814,1.4551,1.45582,1.25,1.50
2016.08.05 20:58:25.865,1.4551,1.45578,1.19,1.37
2016.08.05 20:58:25.967,1.45521,1.45581,1.00,1.37
2016.08.05 20:58:26.790,1.45521,1.45582,1.00,1.50
2016.08.05 20:58:26.842,1.45521,1.45581,1.00,1.37
2016.08.05 20:58:27.661,1.4552,1.45582,1.00,1.50
2016.08.05 20:58:27.763,1.4552,1.45581,1.00,1.37
2016.08.05 20:58:28.091,1.4552,1.45583,1.00,1.37
2016.08.05 20:58:28.143,1.4552,1.45584,1.00,1.50
2016.08.05 20:58:28.272,1.4552,1.45583,1.00,1.37
2016.08.05 20:58:28.373,1.4552,1.45584,1.00,1.50
2016.08.05 20:58:28.475,1.45518,1.45584,1.00,1.50
2016.08.05 20:58:28.784,1.45518,1.45587,1.00,1.37
2016.08.05 20:58:29.489,1.45524,1.45587,1.00,1.37
2016.08.05 20:58:30.081,1.45524,1.45588,1.00,1.37
2016.08.05 20:58:30.384,1.45524,1.45592,1.00,1.50
2016.08.05 20:58:30.842,1.45524,1.45592,1.00,1.00
2016.08.05 20:58:30.893,1.45524,1.45597,1.00,1.00
2016.08.05 20:58:30.946,1.45524,1.45598,1.00,1.50
2016.08.05 20:58:31.939,1.45524,1.45598,1.00,1.00
2016.08.05 20:58:32.040,1.45524,1.45597,1.00,1.00
2016.08.05 20:58:32.091,1.45524,1.45602,1.00,2.25
2016.08.05 20:58:32.476,1.45524,1.45602,1.00,1.50
2016.08.05 20:58:33.581,1.45529,1.45602,1.00,1.00
2016.08.05 20:58:34.086,1.45529,1.45601,1.00,1.00
2016.08.05 20:58:34.692,1.45529,1.45594,1.00,1.00
2016.08.05 20:58:34.743,1.45527,1.45594,1.00,1.00
2016.08.05 20:58:35.002,1.45524,1.45594,1.00,1.00
2016.08.05 20:58:35.053,1.45524,1.45594,1.00,1.50
2016.08.05 20:58:35.156,1.45512,1.45592,1.00,1.00
2016.08.05 20:58:35.207,1.45514,1.45588,1.00,1.00
2016.08.05 20:58:35.461,1.45507,1.45584,1.00,1.00
2016.08.05 20:58:35.881,1.45517,1.45587,1.00,1.00
2016.08.05 20:58:36.432,1.45511,1.45588,1.00,1.00
2016.08.05 20:58:36.485,1.45512,1.4559,1.00,1.00
2016.08.05 20:58:37.888,1.4552,1.45591,1.00,1.00
2016.08.05 20:58:38.161,1.45521,1.45594,1.00,1.00
2016.08.05 20:58:38.370,1.45519,1.45594,1.00,1.00
2016.08.05 20:58:38.978,1.45521,1.45593,1.00,1.00
2016.08.05 20:58:39.545,1.45522,1.45594,1.00,1.00
2016.08.05 20:58:40.053,1.45523,1.45594,1.00,1.00
2016.08.05 20:58:40.758,1.45523,1.4559,1.00,1.00
2016.08.05 20:58:41.085,1.45519,1.45586,1.00,1.00
2016.08.05 20:58:43.206,1.45519,1.45577,1.00,1.00
2016.08.05 20:58:44.130,1.45517,1.45577,1.00,1.00
2016.08.05 20:58:44.660,1.45515,1.45577,1.00,1.00
2016.08.05 20:58:45.705,1.45515,1.45584,1.00,1.00
2016.08.05 20:58:45.770,1.45515,1.45587,1.00,1.00
2016.08.05 20:58:46.266,1.45511,1.45588,1.50,1.00
2016.08.05 20:58:46.379,1.45514,1.45588,1.00,1.00
2016.08.05 20:58:51.184,1.45515,1.45592,1.00,1.00
2016.08.05 20:58:51.562,1.45514,1.45588,1.00,1.00
2016.08.05 20:58:52.274,1.45514,1.45589,1.00,1.00
2016.08.05 20:58:52.582,1.4552,1.45591,1.00,1.00
2016.08.05 20:58:52.909,1.45524,1.45591,1.00,1.00
2016.08.05 20:58:53.675,1.45524,1.45593,1.00,1.00
2016.08.05 20:58:55.535,1.45524,1.45591,1.00,1.00
2016.08.05 20:58:55.586,1.45513,1.45591,1.12,1.00
2016.08.05 20:58:55.706,1.45517,1.45591,1.00,1.00
2016.08.05 20:58:55.757,1.45517,1.45591,1.00,1.00
2016.08.05 20:58:55.859,1.45515,1.45588,1.00,1.00
2016.08.05 20:58:56.446,1.45516,1.45589,1.00,1.00
2016.08.05 20:58:56.850,1.45514,1.45589,1.00,1.00
2016.08.05 20:58:59.961,1.45514,1.45589,1.00,1.50
2016.08.05 20:59:00.150,1.45514,1.45589,1.00,1.00
2016.08.05 20:59:00.302,1.45511,1.45589,1.50,1.00
2016.08.05 20:59:00.353,1.45511,1.45584,1.50,1.00
2016.08.05 20:59:00.403,1.45509,1.45582,1.00,1.00
2016.08.05 20:59:00.505,1.45509,1.45594,1.00,1.00
2016.08.05 20:59:00.657,1.45509,1.45594,1.00,1.00
2016.08.05 20:59:00.983,1.45514,1.45594,1.00,1.00
2016.08.05 20:59:01.185,1.45514,1.45594,1.00,1.00
2016.08.05 20:59:02.456,1.45514,1.45594,0.75,0.75
2016.08.05 20:59:02.905,1.45519,1.45593,0.75,0.75
2016.08.05 20:59:03.016,1.45519,1.45593,0.75,0.75
2016.08.05 20:59:03.681,1.45521,1.45593,0.75,0.75
2016.08.05 20:59:05.322,1.45509,1.45594,0.75,0.75
2016.08.05 20:59:05.373,1.45509,1.45591,0.75,0.75
2016.08.05 20:59:06.875,1.45509,1.45575,0.75,0.75
2016.08.05 20:59:07.976,1.45509,1.45582,0.75,0.75
2016.08.05 20:59:08.128,1.4551,1.45593,0.75,0.75
2016.08.05 20:59:08.630,1.4551,1.45593,1.50,0.75
2016.08.05 20:59:08.732,1.45509,1.45594,0.75,0.75
2016.08.05 20:59:09.324,1.4551,1.45593,0.75,0.75
2016.08.05 20:59:10.332,1.45509,1.45594,0.75,0.75
2016.08.05 20:59:11.032,1.4551,1.45593,0.75,0.75
2016.08.05 20:59:12.935,1.45509,1.45594,0.75,0.75
2016.08.05 20:59:13.636,1.4551,1.45593,0.75,0.75
2016.08.05 20:59:16.440,1.45509,1.45594,0.75,0.75
2016.08.05 20:59:17.719,1.4551,1.45593,0.75,0.75
2016.08.05 20:59:19.030,1.45509,1.45594,0.75,0.75
2016.08.05 20:59:21.446,1.4551,1.45593,0.75,0.75
2016.08.05 20:59:22.040,1.45509,1.45594,0.75,0.75
2016.08.05 20:59:25.153,1.4551,1.45593,0.75,0.75
2016.08.05 20:59:25.712,1.45509,1.45594,0.75,0.75
2016.08.05 20:59:28.922,1.4551,1.45593,0.75,0.75
2016.08.05 20:59:31.065,1.45509,1.45594,0.75,0.75
2016.08.05 20:59:31.648,1.4551,1.45593,0.75,0.75
2016.08.05 20:59:32.356,1.45509,1.45594,0.75,0.75
2016.08.05 20:59:33.157,1.4551,1.45593,0.75,0.75
2016.08.05 20:59:34.835,1.45509,1.45594,0.75,0.75
2016.08.05 20:59:36.373,1.4551,1.45593,0.75,0.75
2016.08.05 20:59:36.888,1.45509,1.45594,0.75,0.75
2016.08.05 20:59:38.292,1.4551,1.45593,0.75,0.75
2016.08.05 20:59:39.232,1.45509,1.45594,0.75,0.75
