2010.12.01 13:00:00.801,1.35879,1.35905,1.50,1.10
2010.12.01 13:00:01.033,1.35876,1.35893,1.50,1.70
2010.12.01 13:00:01.343,1.35876,1.35902,1.50,2.80
2010.12.01 13:00:01.470,1.35881,1.35907,1.50,1.80
2010.12.01 13:00:01.583,1.35879,1.35901,1.50,1.70
2010.12.01 13:00:01.896,1.35879,1.35901,1.50,1.70
2010.12.01 13:00:02.041,1.35879,1.35907,1.50,1.90
2010.12.01 13:00:02.267,1.35882,1.359,1.50,1.70
2010.12.01 13:00:02.667,1.35882,1.35908,1.50,1.90
2010.12.01 13:00:02.784,1.35882,1.35908,1.50,1.70
2010.12.01 13:00:03.356,1.35883,1.35911,1.50,2.50
2010.12.01 13:00:03.474,1.35882,1.3591,1.50,2.20
2010.12.01 13:00:03.934,1.35879,1.3591,1.50,1.20
2010.12.01 13:00:04.052,1.35881,1.35905,1.50,1.70
2010.12.01 13:00:04.439,1.35881,1.35913,1.50,1.40
2010.12.01 13:00:04.557,1.35885,1.35913,1.50,1.30
2010.12.01 13:00:04.672,1.35885,1.35913,1.50,1.30
2010.12.01 13:00:05.696,1.35886,1.35917,1.50,2.00
2010.12.01 13:00:05.812,1.35887,1.35917,1.50,1.80
2010.12.01 13:00:06.157,1.35887,1.35923,1.50,3.20
2010.12.01 13:00:06.334,1.35891,1.35918,1.50,1.90
2010.12.01 13:00:06.781,1.35888,1.35918,1.50,2.60
2010.12.01 13:00:07.511,1.35888,1.35918,1.50,5.30
2010.12.01 13:00:08.446,1.35888,1.35911,1.50,1.80
2010.12.01 13:00:09.260,1.35888,1.35908,1.50,1.70
2010.12.01 13:00:09.373,1.35888,1.35918,1.50,2.70
2010.12.01 13:00:09.887,1.35884,1.35912,1.50,1.90
2010.12.01 13:00:10.512,1.35884,1.35916,1.50,2.60
2010.12.01 13:00:10.660,1.3589,1.3592,1.50,2.80
2010.12.01 13:00:15.087,1.35886,1.35918,1.50,1.90
2010.12.01 13:00:15.206,1.35894,1.35924,1.50,1.30
2010.12.01 13:00:15.827,1.35898,1.35928,1.50,1.20
2010.12.01 13:00:17.354,1.35898,1.35925,1.50,1.70
2010.12.01 13:00:17.883,1.35894,1.35924,1.50,2.40
2010.12.01 13:00:18.007,1.35889,1.35924,1.50,2.80
2010.12.01 13:00:18.340,1.35889,1.35922,1.60,1.10
2010.12.01 13:00:18.858,1.35889,1.35927,1.50,1.90
2010.12.01 13:00:19.777,1.35893,1.35922,1.50,2.20
2010.12.01 13:00:19.897,1.35893,1.35924,1.50,1.20
2010.12.01 13:00:20.701,1.35893,1.35922,1.50,2.80
2010.12.01 13:00:21.016,1.35888,1.35918,3.20,1.80
2010.12.01 13:00:21.139,1.35885,1.3592,1.50,1.90
2010.12.01 13:00:21.362,1.35888,1.3592,1.50,1.30
2010.12.01 13:00:22.920,1.35888,1.35918,1.50,2.20
2010.12.01 13:00:23.032,1.35888,1.35919,1.50,1.20
2010.12.01 13:00:24.736,1.35888,1.3592,1.50,1.40
2010.12.01 13:00:27.086,1.35893,1.35926,1.50,6.10
2010.12.01 13:00:27.837,1.35888,1.35923,1.50,1.60
2010.12.01 13:00:36.118,1.35883,1.35912,1.50,1.70
2010.12.01 13:00:36.236,1.35883,1.35912,1.50,1.80
2010.12.01 13:00:37.979,1.35886,1.35912,1.50,1.70
2010.12.01 13:00:38.093,1.35882,1.35912,1.80,1.70
2010.12.01 13:00:38.210,1.35882,1.35919,1.80,1.90
2010.12.01 13:00:38.323,1.35882,1.35919,1.90,1.30
2010.12.01 13:00:38.833,1.35882,1.35919,1.80,1.30
2010.12.01 13:00:39.831,1.35888,1.35919,1.50,1.30
2010.12.01 13:00:40.515,1.35884,1.3592,1.50,1.90
2010.12.01 13:00:40.633,1.3588,1.35912,4.00,2.40
2010.12.01 13:00:41.140,1.3588,1.35912,1.70,4.70
2010.12.01 13:00:41.749,1.3588,1.35912,1.70,4.70
2010.12.01 13:00:42.080,1.35876,1.35905,2.40,2.60
2010.12.01 13:00:42.304,1.3588,1.35909,1.70,2.00
2010.12.01 13:00:43.149,1.3588,1.35909,1.70,1.30
2010.12.01 13:00:43.480,1.3588,1.35909,2.60,1.30
2010.12.01 13:00:43.857,1.35884,1.35913,1.50,3.30
2010.12.01 13:00:44.201,1.35884,1.35914,1.50,5.40
2010.12.01 13:00:44.423,1.35868,1.35898,1.50,1.30
2010.12.01 13:00:44.833,1.35861,1.35885,1.50,1.70
2010.12.01 13:00:45.065,1.35861,1.35896,1.50,1.30
2010.12.01 13:00:45.537,1.35875,1.35898,1.50,2.10
2010.12.01 13:00:45.872,1.35868,1.35898,1.20,2.90
2010.12.01 13:00:46.859,1.35867,1.35889,1.50,1.70
2010.12.01 13:00:47.476,1.35868,1.35894,1.70,4.90
2010.12.01 13:00:47.597,1.35859,1.35887,1.50,1.20
2010.12.01 13:00:48.410,1.3586,1.35888,1.70,1.30
2010.12.01 13:00:48.914,1.35869,1.35899,3.20,5.20
2010.12.01 13:00:49.384,1.35862,1.35889,1.50,1.70
2010.12.01 13:00:49.514,1.35861,1.35889,1.50,1.80
2010.12.01 13:00:49.742,1.3586,1.35884,1.50,1.70
2010.12.01 13:00:50.096,1.35857,1.35876,1.50,1.70
2010.12.01 13:00:50.258,1.35856,1.35886,1.50,2.20
2010.12.01 13:00:50.376,1.35859,1.35887,1.90,1.60
2010.12.01 13:00:50.725,1.35859,1.35895,2.60,1.60
2010.12.01 13:00:50.917,1.35851,1.35884,1.50,1.10
2010.12.01 13:00:51.327,1.35854,1.35882,1.90,1.90
2010.12.01 13:00:51.847,1.35865,1.35895,1.50,2.70
2010.12.01 13:00:51.986,1.3586,1.35895,1.70,15.70
2010.12.01 13:00:52.105,1.35861,1.35895,1.70,2.40
2010.12.01 13:00:52.466,1.35863,1.35899,1.20,2.40
2010.12.01 13:00:52.691,1.35881,1.35909,1.50,1.20
2010.12.01 13:00:52.805,1.35881,1.35909,1.50,2.20
2010.12.01 13:00:53.229,1.35875,1.35901,1.50,1.90
2010.12.01 13:00:53.460,1.35875,1.35901,1.50,1.80
2010.12.01 13:00:53.896,1.35884,1.35911,1.20,5.50
2010.12.01 13:00:54.124,1.35886,1.3591,1.50,1.10
2010.12.01 13:00:54.539,1.35881,1.35908,1.50,1.10
2010.12.01 13:00:54.876,1.35882,1.35901,1.50,1.70
2010.12.01 13:00:55.314,1.35891,1.35919,1.50,1.90
2010.12.01 13:00:55.695,1.35885,1.35911,1.50,2.20
2010.12.01 13:00:55.816,1.35882,1.35911,1.20,2.20
2010.12.01 13:00:55.933,1.35881,1.35911,1.50,2.20
2010.12.01 13:00:56.410,1.35881,1.35908,1.50,1.70
2010.12.01 13:00:56.556,1.35881,1.3591,1.50,1.30
2010.12.01 13:00:57.418,1.35885,1.3591,1.50,1.80
2010.12.01 13:00:57.652,1.3588,1.35911,1.50,2.30
2010.12.01 13:00:58.144,1.3588,1.3591,1.50,1.30
2010.12.01 13:00:58.288,1.35882,1.3591,1.20,2.50
2010.12.01 13:00:59.179,1.35883,1.3591,1.70,2.20
2010.12.01 13:00:59.412,1.3589,1.3592,3.20,1.20
2010.12.01 13:00:59.899,1.3589,1.3592,1.50,2.80
2010.12.01 13:01:00.351,1.3589,1.35921,1.50,5.30
2010.12.01 13:01:00.764,1.3589,1.3591,1.50,1.70
2010.12.01 13:01:01.527,1.35892,1.35912,1.50,1.70
2010.12.01 13:01:01.645,1.3589,1.3592,2.40,1.20
2010.12.01 13:01:02.659,1.3589,1.35917,1.50,2.50
2010.12.01 13:01:03.283,1.35882,1.3591,1.50,2.50
2010.12.01 13:01:04.336,1.3589,1.35921,2.40,1.90
2010.12.01 13:01:04.452,1.35894,1.35921,1.50,1.90
2010.12.01 13:01:04.561,1.35894,1.35921,1.50,1.90
2010.12.01 13:01:04.936,1.35897,1.35921,1.50,1.80
2010.12.01 13:01:05.473,1.35897,1.35921,1.50,1.80
2010.12.01 13:01:06.443,1.35897,1.35921,1.50,1.80
2010.12.01 13:01:06.683,1.35901,1.35926,1.70,3.20
2010.12.01 13:01:07.133,1.35897,1.35925,1.50,2.50
2010.12.01 13:01:07.787,1.35897,1.35925,1.50,1.30
2010.12.01 13:01:08.014,1.35897,1.35912,1.50,1.70
2010.12.01 13:01:08.436,1.35886,1.35917,1.90,4.20
2010.12.01 13:01:08.573,1.35884,1.3592,1.50,6.10
2010.12.01 13:01:08.691,1.35885,1.35911,1.50,1.70
2010.12.01 13:01:09.068,1.35889,1.35911,1.50,1.70
2010.12.01 13:01:10.059,1.35892,1.35917,1.70,2.80
2010.12.01 13:01:10.183,1.35892,1.35921,2.50,2.50
2010.12.01 13:01:10.305,1.35903,1.35921,1.50,1.70
2010.12.01 13:01:10.626,1.35903,1.35931,1.50,1.80
2010.12.01 13:01:10.750,1.35895,1.35922,1.50,1.20
2010.12.01 13:01:11.330,1.35891,1.3592,1.50,2.50
2010.12.01 13:01:11.444,1.35891,1.35916,1.50,2.90
2010.12.01 13:01:11.920,1.35885,1.35912,1.50,1.30
2010.12.01 13:01:13.302,1.35884,1.35918,1.50,1.60
2010.12.01 13:01:13.642,1.3589,1.35917,1.50,2.80
2010.12.01 13:01:14.118,1.35892,1.35922,1.50,2.00
2010.12.01 13:01:15.325,1.35892,1.35922,1.50,2.20
2010.12.01 13:01:15.440,1.35892,1.35922,1.50,2.20
2010.12.01 13:01:16.056,1.35887,1.35921,1.50,4.00
2010.12.01 13:01:16.204,1.35897,1.35925,1.50,2.50
2010.12.01 13:01:20.632,1.35897,1.35925,1.50,1.30
2010.12.01 13:01:22.626,1.35904,1.35932,1.50,1.60
2010.12.01 13:01:22.743,1.35904,1.35925,1.50,1.70
2010.12.01 13:01:23.363,1.35904,1.35932,1.50,2.80
2010.12.01 13:01:23.473,1.35899,1.35931,1.50,1.60
2010.12.01 13:01:24.215,1.35903,1.35931,1.50,1.60
2010.12.01 13:01:24.332,1.35903,1.35932,1.50,1.10
2010.12.01 13:01:27.961,1.35904,1.35937,1.50,6.60
2010.12.01 13:01:28.318,1.35907,1.35937,1.50,2.50
2010.12.01 13:01:28.436,1.35907,1.35938,1.50,2.50
2010.12.01 13:01:28.776,1.35914,1.35943,1.70,2.50
2010.12.01 13:01:29.088,1.35914,1.35943,2.40,2.60
2010.12.01 13:01:29.208,1.35914,1.35943,2.40,2.70
2010.12.01 13:01:29.322,1.35921,1.35947,1.70,2.30
2010.12.01 13:01:29.431,1.35921,1.35952,1.70,5.10
2010.12.01 13:01:29.660,1.35932,1.35955,1.70,1.90
2010.12.01 13:01:30.114,1.35921,1.35952,1.70,5.20
2010.12.01 13:01:31.373,1.35919,1.35951,1.50,1.50
2010.12.01 13:01:32.087,1.35919,1.35951,1.50,1.40
2010.12.01 13:01:32.225,1.35919,1.35949,1.50,1.20
2010.12.01 13:01:32.585,1.35919,1.35951,1.50,1.60
2010.12.01 13:01:32.920,1.35914,1.35951,1.50,1.60
2010.12.01 13:01:34.056,1.35914,1.35938,1.50,1.70
2010.12.01 13:01:34.283,1.35907,1.35937,2.40,2.40
2010.12.01 13:01:34.701,1.35907,1.35937,1.70,2.40
2010.12.01 13:01:34.832,1.35902,1.35937,1.50,1.20
2010.12.01 13:01:36.135,1.35906,1.35937,1.50,2.50
2010.12.01 13:01:38.783,1.35897,1.35928,2.30,5.10
2010.12.01 13:01:39.014,1.35896,1.35928,2.40,2.50
2010.12.01 13:01:39.446,1.35899,1.35928,1.50,2.60
2010.12.01 13:01:40.525,1.35899,1.35927,1.50,1.90
2010.12.01 13:01:41.412,1.35899,1.35927,1.50,1.90
2010.12.01 13:01:41.632,1.35899,1.35927,1.50,1.80
2010.12.01 13:01:42.187,1.35903,1.35927,1.50,1.70
2010.12.01 13:01:42.816,1.35903,1.35936,1.50,2.00
2010.12.01 13:01:44.431,1.35902,1.35934,1.50,1.90
2010.12.01 13:01:45.318,1.359,1.35927,1.50,1.90
2010.12.01 13:01:45.449,1.35895,1.35927,1.50,2.60
2010.12.01 13:01:48.691,1.35891,1.35926,1.50,4.20
2010.12.01 13:01:48.813,1.35891,1.35913,1.50,1.70
2010.12.01 13:01:48.926,1.35887,1.35913,1.50,1.70
2010.12.01 13:01:50.291,1.35887,1.35923,1.50,4.70
2010.12.01 13:01:50.750,1.3589,1.35922,1.50,1.40
2010.12.01 13:01:51.370,1.3589,1.3592,1.50,2.50
2010.12.01 13:01:51.900,1.35886,1.35914,1.50,1.90
2010.12.01 13:01:52.648,1.35881,1.35916,1.50,1.30
2010.12.01 13:01:53.092,1.35889,1.35918,1.50,1.30
2010.12.01 13:01:53.666,1.35878,1.3591,1.50,1.10
2010.12.01 13:01:53.789,1.35883,1.35912,1.70,1.60
2010.12.01 13:01:53.907,1.35873,1.35903,1.50,1.70
2010.12.01 13:01:54.346,1.35874,1.35903,2.30,1.80
2010.12.01 13:01:55.098,1.35873,1.35903,1.50,2.50
2010.12.01 13:01:55.321,1.35872,1.35903,3.20,5.10
2010.12.01 13:01:55.434,1.35872,1.35901,2.40,1.20
2010.12.01 13:01:55.552,1.35868,1.35901,1.50,1.60
2010.12.01 13:01:56.825,1.35866,1.35901,2.30,1.20
2010.12.01 13:01:56.943,1.35869,1.35901,1.50,1.20
2010.12.01 13:01:57.855,1.35869,1.35901,3.00,1.60
2010.12.01 13:01:58.950,1.35869,1.35901,1.50,1.20
2010.12.01 13:02:00.115,1.35866,1.35899,2.30,1.20
2010.12.01 13:02:00.251,1.35866,1.35893,1.50,2.60
2010.12.01 13:02:00.914,1.35867,1.35893,1.50,1.80
2010.12.01 13:02:01.326,1.35867,1.35899,1.50,1.40
2010.12.01 13:02:02.342,1.35867,1.35898,3.00,1.20
2010.12.01 13:02:02.673,1.35867,1.359,1.50,2.00
2010.12.01 13:02:02.902,1.35875,1.35903,1.50,3.00
2010.12.01 13:02:03.622,1.35875,1.35903,1.50,2.70
2010.12.01 13:02:05.786,1.35878,1.35908,1.50,2.20
2010.12.01 13:02:06.453,1.35878,1.35904,1.50,1.80
2010.12.01 13:02:06.938,1.35868,1.35896,1.50,1.80
2010.12.01 13:02:07.054,1.35868,1.35899,1.50,2.90
2010.12.01 13:02:09.413,1.35868,1.35899,1.50,2.90
2010.12.01 13:02:09.533,1.35875,1.35909,1.70,3.20
2010.12.01 13:02:09.654,1.35871,1.35909,1.50,3.00
2010.12.01 13:02:09.771,1.35873,1.35909,1.50,5.70
2010.12.01 13:02:10.205,1.35876,1.35909,1.50,5.20
2010.12.01 13:02:10.322,1.35876,1.35908,1.50,2.30
2010.12.01 13:02:10.910,1.35877,1.35908,1.50,2.70
2010.12.01 13:02:11.022,1.35875,1.35908,1.50,2.70
2010.12.01 13:02:11.132,1.35875,1.35908,1.50,2.70
2010.12.01 13:02:11.241,1.35875,1.35908,1.50,1.40
2010.12.01 13:02:11.822,1.35875,1.35908,1.50,1.20
2010.12.01 13:02:13.277,1.35875,1.35908,1.50,1.20
2010.12.01 13:02:14.423,1.35875,1.35908,1.50,1.20
2010.12.01 13:02:15.037,1.35875,1.35908,1.50,1.20
2010.12.01 13:02:15.599,1.35876,1.35909,2.30,2.40
2010.12.01 13:02:17.352,1.35875,1.3591,2.50,5.50
2010.12.01 13:02:17.890,1.35878,1.35915,1.50,4.90
2010.12.01 13:02:24.935,1.35872,1.3591,1.50,2.50
2010.12.01 13:02:27.023,1.35875,1.35906,1.50,1.30
2010.12.01 13:02:27.530,1.35875,1.35907,1.50,1.20
2010.12.01 13:02:29.196,1.35875,1.35905,1.50,1.40
2010.12.01 13:02:29.551,1.35868,1.359,2.50,2.50
2010.12.01 13:02:29.903,1.35868,1.35903,2.50,1.30
2010.12.01 13:02:30.123,1.35869,1.35903,1.50,1.30
2010.12.01 13:02:31.216,1.35872,1.35902,1.50,3.20
2010.12.01 13:02:31.700,1.35865,1.35899,2.30,1.20
2010.12.01 13:02:31.933,1.35869,1.35902,1.50,2.50
2010.12.01 13:02:33.701,1.35869,1.35903,1.90,1.30
2010.12.01 13:02:33.819,1.35875,1.35905,1.50,1.30
2010.12.01 13:02:34.248,1.35882,1.3591,1.50,1.80
2010.12.01 13:02:34.771,1.35873,1.35903,1.50,1.40
2010.12.01 13:02:35.108,1.35873,1.35903,1.50,1.50
2010.12.01 13:02:35.775,1.35873,1.35903,1.50,7.30
2010.12.01 13:02:36.236,1.3587,1.35897,1.50,2.80
2010.12.01 13:02:36.354,1.35867,1.3589,1.50,1.70
2010.12.01 13:02:36.574,1.35865,1.35897,1.50,2.50
2010.12.01 13:02:37.605,1.35866,1.35892,1.50,1.30
2010.12.01 13:02:38.041,1.35863,1.3589,1.50,1.70
2010.12.01 13:02:38.720,1.35863,1.3589,1.50,1.80
2010.12.01 13:02:39.093,1.35859,1.35889,1.50,2.40
2010.12.01 13:02:39.244,1.35859,1.35887,1.50,1.20
2010.12.01 13:02:39.573,1.35856,1.35886,1.50,3.30
2010.12.01 13:02:39.962,1.35854,1.35885,1.50,2.80
2010.12.01 13:02:40.404,1.35854,1.35886,1.50,1.10
2010.12.01 13:02:40.935,1.35859,1.35888,1.50,1.80
2010.12.01 13:02:41.162,1.35854,1.3589,1.70,1.30
2010.12.01 13:02:42.252,1.35861,1.35891,1.50,1.30
2010.12.01 13:02:42.806,1.35866,1.35894,1.50,1.30
2010.12.01 13:02:43.654,1.35857,1.35891,1.50,1.90
2010.12.01 13:02:44.316,1.35857,1.35891,1.50,1.30
2010.12.01 13:02:44.435,1.35861,1.3589,1.50,1.30
2010.12.01 13:02:48.848,1.35861,1.3589,1.50,5.10
2010.12.01 13:02:49.359,1.35857,1.35878,1.50,1.70
2010.12.01 13:02:49.493,1.35848,1.35878,1.50,6.10
2010.12.01 13:02:49.602,1.35845,1.35878,2.30,6.10
2010.12.01 13:02:52.598,1.35848,1.35878,1.50,1.30
2010.12.01 13:02:52.941,1.35854,1.35882,1.40,2.50
2010.12.01 13:02:53.305,1.35862,1.35889,1.50,1.70
2010.12.01 13:02:53.865,1.35862,1.3589,1.50,2.40
2010.12.01 13:02:54.000,1.35859,1.35892,1.50,1.30
2010.12.01 13:02:54.114,1.35859,1.35892,1.50,1.30
2010.12.01 13:02:54.334,1.35863,1.35896,1.50,1.30
2010.12.01 13:02:54.815,1.3587,1.35899,1.50,2.50
2010.12.01 13:02:55.154,1.35867,1.35899,1.50,1.90
2010.12.01 13:02:55.536,1.35866,1.35897,2.30,3.10
2010.12.01 13:02:55.764,1.35856,1.3589,3.00,2.50
2010.12.01 13:02:57.363,1.35862,1.35894,1.70,2.50
2010.12.01 13:02:58.947,1.35867,1.35902,1.70,2.80
2010.12.01 13:02:59.067,1.35869,1.35902,1.50,1.10
2010.12.01 13:02:59.384,1.35874,1.35899,1.50,1.70
2010.12.01 13:02:59.559,1.3587,1.35901,1.50,1.80
2010.12.01 13:03:00.103,1.35857,1.35889,2.30,1.30
2010.12.01 13:03:00.549,1.35864,1.35893,1.50,1.40
2010.12.01 13:03:00.674,1.35864,1.35898,1.70,2.80
2010.12.01 13:03:00.783,1.3587,1.35898,1.50,1.70
2010.12.01 13:03:02.318,1.35871,1.35901,1.50,1.20
2010.12.01 13:03:02.436,1.35872,1.35905,1.50,2.50
2010.12.01 13:03:02.662,1.35877,1.3591,1.50,2.90
2010.12.01 13:03:03.149,1.35877,1.35909,1.50,1.80
2010.12.01 13:03:04.704,1.35877,1.35909,1.50,1.80
2010.12.01 13:03:04.855,1.35881,1.35909,1.50,1.70
2010.12.01 13:03:05.083,1.35881,1.35909,1.50,1.80
2010.12.01 13:03:05.695,1.35881,1.35909,1.50,1.80
2010.12.01 13:03:05.922,1.35881,1.35909,1.50,1.80
2010.12.01 13:03:06.881,1.35881,1.35909,1.50,1.80
2010.12.01 13:03:07.832,1.35881,1.35909,1.50,1.80
2010.12.01 13:03:08.895,1.35881,1.35915,1.70,1.30
2010.12.01 13:03:09.003,1.35883,1.35913,1.50,1.10
2010.12.01 13:03:10.220,1.35887,1.35916,1.50,1.30
2010.12.01 13:03:11.082,1.35888,1.35914,1.50,1.40
2010.12.01 13:03:12.516,1.35888,1.35914,1.50,1.30
2010.12.01 13:03:17.517,1.35888,1.35916,1.50,1.20
2010.12.01 13:03:18.007,1.35888,1.35917,1.50,1.20
2010.12.01 13:03:19.543,1.35888,1.3592,1.50,5.20
2010.12.01 13:03:19.656,1.35888,1.35918,1.50,1.20
2010.12.01 13:03:19.774,1.35888,1.35909,1.50,1.70
2010.12.01 13:03:21.515,1.35888,1.35915,1.50,2.00
2010.12.01 13:03:23.348,1.35889,1.35918,1.20,2.80
2010.12.01 13:03:23.796,1.35893,1.3592,1.50,5.40
2010.12.01 13:03:24.025,1.35894,1.35923,2.40,1.20
2010.12.01 13:03:25.385,1.35893,1.3592,1.50,1.90
2010.12.01 13:03:25.804,1.35893,1.3592,1.50,1.90
2010.12.01 13:03:26.447,1.3589,1.3592,1.50,2.50
2010.12.01 13:03:26.563,1.3589,1.3592,1.50,2.50
2010.12.01 13:03:32.023,1.35893,1.35921,1.50,1.90
2010.12.01 13:03:32.595,1.35893,1.35921,1.50,1.80
2010.12.01 13:03:32.815,1.359,1.35928,1.50,2.40
2010.12.01 13:03:33.043,1.35901,1.35931,1.50,1.60
2010.12.01 13:03:33.640,1.35903,1.35934,1.50,4.00
2010.12.01 13:03:34.487,1.35897,1.3592,1.50,1.70
2010.12.01 13:03:38.239,1.35894,1.3592,1.50,1.90
2010.12.01 13:03:39.038,1.35896,1.3592,1.50,1.80
2010.12.01 13:03:44.960,1.35894,1.3592,1.50,1.90
2010.12.01 13:03:45.655,1.35894,1.3592,1.50,1.90
2010.12.01 13:03:46.291,1.3589,1.35925,1.50,1.90
2010.12.01 13:03:46.624,1.3589,1.35926,1.50,2.80
2010.12.01 13:03:46.937,1.35892,1.35926,1.50,2.80
2010.12.01 13:03:47.914,1.35894,1.35931,1.50,2.10
2010.12.01 13:03:48.344,1.35899,1.35931,1.50,1.40
2010.12.01 13:03:51.340,1.359,1.35936,2.40,1.60
2010.12.01 13:03:51.457,1.35903,1.35942,1.50,1.20
2010.12.01 13:03:51.574,1.35909,1.35942,1.50,1.20
2010.12.01 13:03:52.979,1.35909,1.35944,1.50,1.40
2010.12.01 13:03:54.861,1.35909,1.3594,1.50,1.20
2010.12.01 13:03:55.083,1.35904,1.35938,1.90,2.60
2010.12.01 13:03:55.646,1.35904,1.35938,1.50,2.80
2010.12.01 13:03:55.767,1.35905,1.35938,1.50,5.50
2010.12.01 13:03:56.324,1.35901,1.35934,1.50,1.90
2010.12.01 13:04:03.894,1.35901,1.3593,1.50,1.10
2010.12.01 13:04:05.243,1.35901,1.35928,1.50,1.70
2010.12.01 13:04:06.026,1.35901,1.35928,1.50,1.90
2010.12.01 13:04:08.664,1.359,1.35928,1.50,1.70
2010.12.01 13:04:09.101,1.35894,1.35928,2.30,2.90
2010.12.01 13:04:09.929,1.35896,1.35928,3.00,2.20
2010.12.01 13:04:10.072,1.35899,1.35935,2.30,1.30
2010.12.01 13:04:10.191,1.35907,1.35941,1.50,2.60
2010.12.01 13:04:10.740,1.35909,1.35941,1.50,2.50
2010.12.01 13:04:10.872,1.3591,1.35941,1.50,2.50
2010.12.01 13:04:11.427,1.35905,1.3594,1.50,4.70
2010.12.01 13:04:12.021,1.35904,1.35936,1.50,1.50
2010.12.01 13:04:15.524,1.35901,1.35932,1.50,1.20
2010.12.01 13:04:16.521,1.35901,1.35931,1.50,2.20
2010.12.01 13:04:18.004,1.35901,1.35935,1.50,1.40
2010.12.01 13:04:18.863,1.35904,1.35939,1.50,1.30
2010.12.01 13:04:19.225,1.35908,1.35939,1.50,1.30
2010.12.01 13:04:21.693,1.35908,1.35937,1.50,1.70
2010.12.01 13:04:22.085,1.35906,1.35937,1.70,2.50
2010.12.01 13:04:23.484,1.35909,1.35939,1.50,1.10
2010.12.01 13:04:23.920,1.3591,1.35938,1.50,1.70
2010.12.01 13:04:24.914,1.35904,1.3594,1.50,4.70
2010.12.01 13:04:28.254,1.35904,1.35931,1.50,2.70
2010.12.01 13:04:28.474,1.35896,1.35928,1.60,3.10
2010.12.01 13:04:28.965,1.35896,1.35924,1.50,1.80
2010.12.01 13:04:29.391,1.35892,1.35922,1.50,1.50
2010.12.01 13:04:31.719,1.35903,1.35935,1.50,8.50
2010.12.01 13:04:31.945,1.35903,1.35935,3.20,1.10
2010.12.01 13:04:32.421,1.35903,1.35926,1.50,1.70
2010.12.01 13:04:33.177,1.35903,1.35931,1.50,1.10
2010.12.01 13:04:33.516,1.35893,1.35922,1.50,1.30
2010.12.01 13:04:34.436,1.35896,1.35927,1.20,2.50
2010.12.01 13:04:35.085,1.35903,1.35938,1.50,2.90
2010.12.01 13:04:35.793,1.35906,1.35938,1.50,2.50
2010.12.01 13:04:38.334,1.35906,1.35928,1.50,1.70
2010.12.01 13:04:40.052,1.35905,1.35928,1.50,1.70
2010.12.01 13:04:41.695,1.35906,1.35938,1.50,5.10
2010.12.01 13:04:43.205,1.35915,1.35938,1.50,1.80
2010.12.01 13:04:44.562,1.35915,1.35938,1.50,1.80
2010.12.01 13:04:45.337,1.35915,1.35938,1.50,1.80
2010.12.01 13:04:45.458,1.35908,1.35938,1.50,2.50
2010.12.01 13:04:46.114,1.35914,1.35939,1.50,1.70
2010.12.01 13:04:46.455,1.35917,1.35947,1.50,1.60
2010.12.01 13:04:47.272,1.35917,1.35947,1.50,1.90
2010.12.01 13:04:48.081,1.35917,1.35947,1.50,1.60
2010.12.01 13:04:48.962,1.35917,1.35947,1.50,1.50
2010.12.01 13:04:49.073,1.35912,1.35947,1.50,1.50
2010.12.01 13:04:50.024,1.35912,1.35938,1.50,1.70
2010.12.01 13:04:52.460,1.35912,1.35938,1.50,1.80
2010.12.01 13:04:52.602,1.35909,1.35938,1.70,1.70
2010.12.01 13:04:52.716,1.35913,1.35938,1.50,1.70
2010.12.01 13:04:54.093,1.35914,1.35944,1.50,3.30
2010.12.01 13:04:54.686,1.35914,1.35944,1.50,3.20
2010.12.01 13:04:55.519,1.35914,1.35944,1.50,3.20
2010.12.01 13:04:56.234,1.35914,1.35944,1.50,3.30
2010.12.01 13:04:57.079,1.35914,1.35944,1.50,3.30
2010.12.01 13:04:58.807,1.35914,1.35944,1.50,3.30
2010.12.01 13:05:00.221,1.35914,1.35944,1.50,7.50
2010.12.01 13:05:00.773,1.35914,1.35944,1.50,2.90
2010.12.01 13:05:00.893,1.35914,1.35944,1.50,2.90
2010.12.01 13:05:01.136,1.35914,1.35944,1.50,2.90
2010.12.01 13:05:01.808,1.35914,1.35944,1.50,2.90
2010.12.01 13:05:03.013,1.35914,1.35944,1.50,3.00
2010.12.01 13:05:03.592,1.35914,1.35944,1.50,3.00
2010.12.01 13:05:04.533,1.35914,1.35944,1.50,2.50
2010.12.01 13:05:07.172,1.35914,1.35946,1.50,1.20
2010.12.01 13:05:08.388,1.35914,1.35947,1.50,3.00
2010.12.01 13:05:09.384,1.3592,1.35947,1.70,2.00
2010.12.01 13:05:09.494,1.35913,1.35949,1.50,5.30
2010.12.01 13:05:13.147,1.35911,1.35944,1.50,1.70
2010.12.01 13:05:16.736,1.35913,1.35945,1.50,2.40
2010.12.01 13:05:16.868,1.35924,1.3596,1.90,1.10
2010.12.01 13:05:16.990,1.35931,1.35962,1.50,2.60
2010.12.01 13:05:17.501,1.35938,1.35967,2.40,4.40
2010.12.01 13:05:21.057,1.35938,1.35971,2.40,2.40
2010.12.01 13:05:21.200,1.3594,1.35974,1.50,2.40
2010.12.01 13:05:21.946,1.35936,1.35967,1.50,1.10
2010.12.01 13:05:24.662,1.35943,1.35975,1.50,4.70
2010.12.01 13:05:28.892,1.35943,1.3597,1.50,1.90
2010.12.01 13:05:29.253,1.3594,1.3597,1.50,2.60
2010.12.01 13:05:30.308,1.3594,1.3597,1.50,2.70
2010.12.01 13:05:30.533,1.3594,1.3597,1.50,2.60
2010.12.01 13:05:31.399,1.3594,1.3597,1.50,4.80
2010.12.01 13:05:36.891,1.35942,1.35968,3.20,2.00
2010.12.01 13:05:37.018,1.35944,1.35975,1.50,2.20
2010.12.01 13:05:37.133,1.35949,1.35977,1.50,3.40
2010.12.01 13:05:37.798,1.35949,1.35974,1.50,9.50
2010.12.01 13:05:37.922,1.35935,1.35964,1.50,1.30
2010.12.01 13:05:38.428,1.35938,1.35967,2.40,1.50
2010.12.01 13:05:39.447,1.35928,1.35958,1.50,1.70
2010.12.01 13:05:39.984,1.35929,1.35961,2.10,1.30
2010.12.01 13:05:40.556,1.35943,1.35976,2.40,2.50
2010.12.01 13:05:40.678,1.35945,1.35975,1.50,2.60
2010.12.01 13:05:40.907,1.35938,1.35967,1.50,1.30
2010.12.01 13:05:41.787,1.3594,1.35967,5.30,1.30
2010.12.01 13:05:42.358,1.35952,1.35975,1.70,1.50
2010.12.01 13:05:45.915,1.35951,1.35978,1.50,5.30
2010.12.01 13:05:46.025,1.35947,1.35978,1.50,5.20
2010.12.01 13:05:46.140,1.35947,1.35977,1.50,2.20
2010.12.01 13:05:46.472,1.35943,1.35977,1.50,2.20
2010.12.01 13:05:46.626,1.35938,1.35968,1.50,2.20
2010.12.01 13:05:47.152,1.35951,1.35968,1.50,2.10
2010.12.01 13:05:47.291,1.35953,1.3597,1.70,1.30
2010.12.01 13:05:47.409,1.35941,1.35967,1.50,1.70
2010.12.01 13:05:47.872,1.35951,1.35982,1.50,2.50
2010.12.01 13:05:48.096,1.35952,1.35982,3.50,2.40
2010.12.01 13:05:48.426,1.35952,1.35982,3.50,2.30
2010.12.01 13:05:48.538,1.35958,1.35989,1.50,2.40
2010.12.01 13:05:49.329,1.35955,1.35985,1.50,1.30
2010.12.01 13:05:50.303,1.35951,1.35984,1.50,1.90
2010.12.01 13:05:52.373,1.35951,1.35977,1.50,1.70
2010.12.01 13:05:53.445,1.35951,1.35977,1.50,1.70
2010.12.01 13:05:55.533,1.35955,1.35983,1.50,1.90
2010.12.01 13:05:55.706,1.35963,1.35988,1.50,2.10
2010.12.01 13:05:58.322,1.35963,1.35991,1.50,1.30
2010.12.01 13:05:58.746,1.35963,1.35991,1.50,1.40
2010.12.01 13:05:59.274,1.35963,1.35987,1.50,1.80
2010.12.01 13:05:59.615,1.35954,1.35978,1.90,1.70
2010.12.01 13:06:01.213,1.35954,1.35982,1.50,1.30
2010.12.01 13:06:01.323,1.35958,1.35986,1.50,1.70
2010.12.01 13:06:03.245,1.35958,1.35986,1.80,1.60
2010.12.01 13:06:03.795,1.35962,1.35992,1.50,1.10
2010.12.01 13:06:09.575,1.35964,1.35996,1.60,2.80
2010.12.01 13:06:10.211,1.35974,1.36002,2.40,1.10
2010.12.01 13:06:10.328,1.35974,1.35994,1.50,2.40
2010.12.01 13:06:10.447,1.3596,1.35993,1.50,3.30
2010.12.01 13:06:10.916,1.3596,1.35988,1.50,1.30
2010.12.01 13:06:13.772,1.3596,1.35988,1.50,1.30
2010.12.01 13:06:14.992,1.35957,1.35988,1.50,1.30
2010.12.01 13:06:20.313,1.35958,1.35985,1.50,2.20
2010.12.01 13:06:20.423,1.35954,1.35985,1.50,6.10
2010.12.01 13:06:20.767,1.35954,1.35985,1.50,6.10
2010.12.01 13:06:20.994,1.3595,1.35982,1.50,1.20
2010.12.01 13:06:27.355,1.35952,1.35986,5.30,2.00
2010.12.01 13:06:27.852,1.35964,1.35997,1.50,2.50
2010.12.01 13:06:29.485,1.35964,1.35992,1.50,1.10
2010.12.01 13:06:29.597,1.35959,1.3599,1.50,3.60
2010.12.01 13:06:30.015,1.35958,1.35988,1.50,2.20
2010.12.01 13:06:30.344,1.35958,1.35978,1.50,1.70
2010.12.01 13:06:30.458,1.35957,1.35984,1.50,1.30
2010.12.01 13:06:31.066,1.35958,1.35993,2.90,2.40
2010.12.01 13:06:31.297,1.35958,1.35997,1.60,3.20
2010.12.01 13:06:31.738,1.35959,1.35995,1.10,4.00
2010.12.01 13:06:31.857,1.35964,1.35995,1.60,4.00
2010.12.01 13:06:32.083,1.35963,1.35997,1.60,2.40
2010.12.01 13:06:32.633,1.35967,1.35997,1.70,2.40
2010.12.01 13:06:34.367,1.35971,1.35999,1.50,3.00
2010.12.01 13:06:37.533,1.35973,1.35999,1.10,1.30
2010.12.01 13:06:37.648,1.35977,1.36005,1.10,2.40
2010.12.01 13:06:37.772,1.35977,1.36008,2.70,2.50
2010.12.01 13:06:38.227,1.35974,1.36008,1.50,2.50
2010.12.01 13:06:40.086,1.35977,1.36012,1.50,4.90
2010.12.01 13:06:40.755,1.35977,1.36011,1.60,1.30
2010.12.01 13:06:49.983,1.35976,1.36008,1.60,1.10
2010.12.01 13:06:50.111,1.35974,1.36008,1.60,1.20
2010.12.01 13:06:53.390,1.35976,1.36008,1.60,2.50
2010.12.01 13:06:53.723,1.35976,1.36008,1.70,2.50
2010.12.01 13:06:54.237,1.3598,1.36008,1.50,1.80
2010.12.01 13:06:56.255,1.35984,1.36014,1.80,1.30
2010.12.01 13:06:56.644,1.35984,1.36016,2.50,1.30
2010.12.01 13:06:56.797,1.35988,1.36016,1.50,1.30
2010.12.01 13:06:57.817,1.35986,1.36016,1.50,1.30
2010.12.01 13:06:57.936,1.35984,1.36014,1.50,1.30
2010.12.01 13:06:58.056,1.35983,1.36016,1.70,1.30
2010.12.01 13:06:58.914,1.35983,1.36016,1.70,1.30
2010.12.01 13:07:00.488,1.35984,1.36007,1.60,1.70
2010.12.01 13:07:01.939,1.35984,1.36007,1.60,1.70
2010.12.01 13:07:02.661,1.35982,1.36007,1.70,1.70
2010.12.01 13:07:02.793,1.35982,1.36007,1.60,1.70
2010.12.01 13:07:05.299,1.35982,1.36013,1.60,2.50
2010.12.01 13:07:10.137,1.35987,1.36023,1.50,8.80
2010.12.01 13:07:11.201,1.35996,1.36022,1.40,2.40
2010.12.01 13:07:11.318,1.35998,1.36019,1.50,1.70
2010.12.01 13:07:11.440,1.35993,1.36019,1.70,1.70
2010.12.01 13:07:11.865,1.35993,1.36024,1.50,2.40
2010.12.01 13:07:12.752,1.35995,1.36026,1.70,1.20
2010.12.01 13:07:12.867,1.35988,1.36018,1.50,4.00
2010.12.01 13:07:12.984,1.35987,1.36018,1.50,4.00
2010.12.01 13:07:13.510,1.35987,1.36024,1.60,2.40
2010.12.01 13:07:14.545,1.35988,1.3602,1.50,2.50
2010.12.01 13:07:14.656,1.35987,1.3602,1.50,2.50
2010.12.01 13:07:15.025,1.35987,1.3602,2.00,2.40
2010.12.01 13:07:15.382,1.35993,1.3602,1.50,1.70
2010.12.01 13:07:16.532,1.35994,1.36022,1.70,2.40
2010.12.01 13:07:16.645,1.35994,1.36025,1.70,2.80
2010.12.01 13:07:16.866,1.35995,1.36025,1.50,2.80
2010.12.01 13:07:18.255,1.36002,1.36025,4.50,1.30
2010.12.01 13:07:18.890,1.36009,1.36027,1.50,1.70
2010.12.01 13:07:19.008,1.35999,1.36027,2.40,1.80
2010.12.01 13:07:19.570,1.35998,1.36021,1.50,1.70
2010.12.01 13:07:19.793,1.35994,1.36021,1.50,1.80
2010.12.01 13:07:20.014,1.35991,1.36021,1.60,1.70
2010.12.01 13:07:20.361,1.35987,1.36019,3.30,2.30
2010.12.01 13:07:20.486,1.3599,1.36019,1.80,2.40
2010.12.01 13:07:20.727,1.3599,1.36015,1.70,2.40
2010.12.01 13:07:20.848,1.35981,1.36015,2.50,2.40
2010.12.01 13:07:21.468,1.35982,1.36012,1.70,2.50
2010.12.01 13:07:21.859,1.35989,1.36016,1.70,4.00
2010.12.01 13:07:21.979,1.35989,1.36015,1.70,2.40
2010.12.01 13:07:22.318,1.3599,1.36016,1.50,1.80
2010.12.01 13:07:23.808,1.35992,1.36016,1.60,1.70
2010.12.01 13:07:24.473,1.35998,1.36016,1.50,1.70
2010.12.01 13:07:24.800,1.35998,1.36026,1.50,2.60
2010.12.01 13:07:25.678,1.35993,1.36025,1.50,2.50
2010.12.01 13:07:26.075,1.35993,1.36021,1.50,1.80
2010.12.01 13:07:26.407,1.36001,1.36022,1.70,1.60
2010.12.01 13:07:27.221,1.35993,1.36025,1.70,2.40
2010.12.01 13:07:27.357,1.35993,1.36018,1.50,1.70
2010.12.01 13:07:27.694,1.35986,1.36016,1.50,1.10
2010.12.01 13:07:29.264,1.35992,1.36021,1.70,2.40
2010.12.01 13:07:29.380,1.35992,1.36024,1.70,2.40
2010.12.01 13:07:30.367,1.3599,1.36021,1.70,2.40
2010.12.01 13:07:32.499,1.3599,1.36014,1.70,2.50
2010.12.01 13:07:33.383,1.35985,1.36016,1.10,2.40
2010.12.01 13:07:33.493,1.35991,1.36016,1.70,2.40
2010.12.01 13:07:34.235,1.35991,1.36015,1.70,1.30
2010.12.01 13:07:34.349,1.35981,1.36015,1.70,2.80
2010.12.01 13:07:34.577,1.35989,1.36018,1.70,5.90
2010.12.01 13:07:34.697,1.35989,1.36018,1.70,1.90
2010.12.01 13:07:35.114,1.35982,1.36019,1.50,2.10
2010.12.01 13:07:35.909,1.35989,1.3602,1.70,4.80
2010.12.01 13:07:36.208,1.35989,1.36022,1.70,5.80
2010.12.01 13:07:36.339,1.35991,1.36017,1.70,1.60
2010.12.01 13:07:36.566,1.35982,1.36017,1.60,1.60
2010.12.01 13:07:37.039,1.35982,1.36017,1.60,1.60
2010.12.01 13:07:38.430,1.3599,1.36015,1.70,2.40
2010.12.01 13:07:39.307,1.3599,1.36018,1.80,2.40
2010.12.01 13:07:40.668,1.35998,1.36022,1.70,2.80
2010.12.01 13:07:40.785,1.35992,1.36022,1.50,2.50
2010.12.01 13:07:41.627,1.3599,1.36021,1.70,2.40
2010.12.01 13:07:42.920,1.35992,1.36023,2.60,2.50
2010.12.01 13:07:43.048,1.35992,1.36025,1.70,2.50
2010.12.01 13:07:44.015,1.35991,1.36022,2.50,2.50
2010.12.01 13:07:44.694,1.35991,1.36025,2.50,2.40
2010.12.01 13:07:44.803,1.35991,1.36027,2.50,7.60
2010.12.01 13:07:45.142,1.35991,1.36025,2.40,2.40
2010.12.01 13:07:45.885,1.35991,1.36027,2.50,11.50
2010.12.01 13:07:47.639,1.35995,1.36027,1.10,1.30
2010.12.01 13:07:47.757,1.35999,1.3603,1.50,2.40
2010.12.01 13:07:51.343,1.35994,1.36032,2.10,2.40
2010.12.01 13:07:51.465,1.36,1.36032,2.40,2.40
2010.12.01 13:07:52.022,1.35999,1.36028,1.50,1.10
2010.12.01 13:07:54.124,1.35991,1.36027,1.40,2.40
2010.12.01 13:07:54.358,1.3599,1.3603,3.40,4.90
2010.12.01 13:07:54.584,1.35997,1.36026,1.50,1.30
2010.12.01 13:07:55.077,1.35992,1.36026,1.50,2.80
2010.12.01 13:07:58.255,1.35992,1.3603,1.50,4.90
2010.12.01 13:08:00.124,1.35994,1.3603,1.50,4.90
2010.12.01 13:08:00.920,1.35996,1.36029,1.50,2.40
2010.12.01 13:08:01.161,1.35991,1.36025,3.20,2.50
2010.12.01 13:08:01.276,1.35991,1.36025,2.60,2.50
2010.12.01 13:08:01.889,1.35993,1.36027,1.60,1.30
2010.12.01 13:08:06.813,1.35993,1.3603,1.80,4.90
2010.12.01 13:08:08.174,1.35992,1.36024,1.60,2.40
2010.12.01 13:08:08.614,1.35994,1.36031,1.70,5.70
2010.12.01 13:08:08.907,1.35997,1.36031,1.50,5.70
2010.12.01 13:08:17.758,1.36002,1.36026,1.50,2.50
2010.12.01 13:08:17.984,1.36003,1.36038,1.50,4.80
2010.12.01 13:08:18.477,1.36002,1.36038,1.50,2.50
2010.12.01 13:08:19.094,1.36002,1.36038,1.50,2.40
2010.12.01 13:08:19.556,1.36005,1.36043,4.50,2.40
2010.12.01 13:08:19.992,1.36019,1.36047,1.50,1.80
2010.12.01 13:08:20.104,1.36014,1.36047,1.50,2.50
2010.12.01 13:08:20.214,1.36014,1.36047,1.50,2.50
2010.12.01 13:08:21.284,1.36016,1.36051,1.50,1.30
2010.12.01 13:08:22.417,1.36019,1.36053,1.10,2.40
2010.12.01 13:08:22.831,1.36023,1.36059,1.70,4.10
2010.12.01 13:08:23.165,1.36023,1.36058,1.50,2.50
2010.12.01 13:08:25.619,1.36028,1.36057,1.50,2.60
2010.12.01 13:08:26.314,1.36028,1.36057,1.50,5.10
2010.12.01 13:08:26.540,1.36019,1.36025,1.50,1.70
2010.12.01 13:08:27.002,1.3601,1.36025,1.50,1.70
2010.12.01 13:08:27.120,1.36018,1.36049,1.50,2.50
2010.12.01 13:08:27.756,1.36024,1.36058,2.60,2.40
2010.12.01 13:08:27.880,1.36024,1.36058,2.60,2.40
2010.12.01 13:08:28.287,1.36025,1.36058,1.50,1.90
2010.12.01 13:08:28.409,1.36025,1.36056,1.50,2.50
2010.12.01 13:08:28.637,1.36021,1.36053,1.50,1.10
2010.12.01 13:08:28.756,1.36021,1.36046,1.50,1.70
2010.12.01 13:08:30.054,1.36021,1.36045,1.50,1.70
2010.12.01 13:08:30.518,1.36014,1.36047,1.50,1.70
2010.12.01 13:08:30.637,1.3601,1.36047,1.50,1.70
2010.12.01 13:08:31.216,1.36012,1.36048,1.60,2.70
2010.12.01 13:08:32.148,1.36006,1.36043,1.10,4.10
2010.12.01 13:08:32.264,1.36006,1.36043,1.10,2.50
2010.12.01 13:08:32.376,1.36011,1.36045,1.10,1.30
2010.12.01 13:08:32.497,1.3602,1.36047,1.50,1.60
2010.12.01 13:08:33.033,1.36014,1.36046,1.50,2.50
2010.12.01 13:08:35.252,1.36018,1.36045,1.50,1.90
2010.12.01 13:08:35.367,1.36014,1.36053,1.70,8.50
2010.12.01 13:08:35.485,1.36013,1.3605,1.50,1.30
2010.12.01 13:08:36.448,1.3602,1.36052,1.50,2.40
2010.12.01 13:08:36.861,1.3602,1.36055,1.50,2.40
2010.12.01 13:08:37.087,1.36025,1.36056,1.50,1.10
2010.12.01 13:08:37.755,1.36016,1.36054,1.70,1.30
2010.12.01 13:08:37.871,1.36013,1.36046,1.10,2.50
2010.12.01 13:08:37.987,1.36012,1.36039,1.50,1.10
2010.12.01 13:08:38.106,1.36005,1.36033,1.50,1.80
2010.12.01 13:08:38.467,1.36004,1.36033,2.40,1.80
2010.12.01 13:08:38.695,1.35995,1.3603,1.60,1.10
2010.12.01 13:08:39.134,1.3599,1.36025,2.80,2.40
2010.12.01 13:08:39.716,1.35992,1.36027,2.40,4.80
2010.12.01 13:08:40.695,1.35995,1.36027,1.50,2.90
2010.12.01 13:08:41.140,1.36002,1.36032,2.40,2.90
2010.12.01 13:08:41.591,1.36005,1.36042,1.90,5.10
2010.12.01 13:08:41.818,1.36006,1.36042,1.70,8.80
2010.12.01 13:08:42.538,1.36009,1.36042,1.50,5.10
2010.12.01 13:08:42.693,1.36017,1.36049,1.90,2.50
2010.12.01 13:08:42.808,1.36019,1.36049,2.50,2.40
2010.12.01 13:08:43.386,1.36019,1.36054,1.50,5.10
2010.12.01 13:08:45.604,1.36019,1.36054,1.70,4.00
2010.12.01 13:08:45.734,1.36024,1.36054,1.70,2.40
2010.12.01 13:08:46.338,1.36024,1.36054,1.50,2.40
2010.12.01 13:08:46.788,1.36028,1.36059,1.70,4.80
2010.12.01 13:08:47.504,1.36024,1.36059,1.50,4.90
2010.12.01 13:08:48.303,1.3602,1.3605,1.50,1.50
2010.12.01 13:08:48.416,1.3602,1.36044,1.50,1.70
2010.12.01 13:08:48.643,1.36015,1.36044,1.50,2.50
2010.12.01 13:08:49.845,1.36012,1.36043,2.40,2.50
2010.12.01 13:08:50.426,1.36006,1.36042,1.70,4.10
2010.12.01 13:08:51.159,1.36012,1.36044,1.10,2.40
2010.12.01 13:08:51.305,1.36017,1.36047,1.70,1.30
2010.12.01 13:08:51.525,1.36009,1.36045,1.90,2.40
2010.12.01 13:08:55.694,1.36005,1.36038,1.70,1.60
2010.12.01 13:08:55.809,1.36005,1.36029,1.50,1.70
2010.12.01 13:08:56.035,1.36005,1.36039,2.50,1.30
2010.12.01 13:08:56.793,1.36005,1.36028,1.50,1.70
2010.12.01 13:08:57.292,1.36002,1.36032,2.40,2.90
2010.12.01 13:08:57.733,1.36001,1.36029,1.50,1.80
2010.12.01 13:08:58.310,1.35996,1.36032,2.50,1.90
2010.12.01 13:08:58.945,1.36004,1.36034,1.70,1.90
2010.12.01 13:08:59.081,1.36003,1.36036,1.70,1.60
2010.12.01 13:08:59.305,1.36004,1.36036,1.70,1.60
2010.12.01 13:09:00.214,1.35999,1.36028,1.60,2.00
2010.12.01 13:09:00.327,1.35997,1.36027,1.50,1.50
2010.12.01 13:09:00.449,1.35997,1.36024,1.50,2.90
2010.12.01 13:09:00.897,1.35986,1.36024,1.50,1.30
2010.12.01 13:09:02.400,1.3599,1.36024,1.50,1.30
2010.12.01 13:09:02.735,1.35991,1.36027,3.00,2.00
2010.12.01 13:09:03.146,1.35987,1.36022,2.30,2.00
2010.12.01 13:09:03.265,1.35987,1.36022,2.30,2.00
2010.12.01 13:09:03.851,1.35992,1.3603,1.50,5.80
2010.12.01 13:09:06.146,1.35992,1.3603,1.80,1.30
2010.12.01 13:09:06.380,1.35998,1.36028,1.60,1.10
2010.12.01 13:09:06.916,1.35997,1.36024,2.30,1.70
2010.12.01 13:09:07.042,1.35995,1.3603,1.50,2.00
2010.12.01 13:09:08.242,1.3599,1.36024,1.50,3.00
2010.12.01 13:09:09.025,1.35996,1.36024,1.70,2.50
2010.12.01 13:09:09.485,1.36006,1.36037,1.70,1.30
2010.12.01 13:09:09.596,1.36009,1.36038,2.40,2.60
2010.12.01 13:09:09.827,1.36009,1.36039,2.40,8.90
2010.12.01 13:09:10.200,1.36005,1.36029,1.50,1.80
2010.12.01 13:09:10.349,1.36002,1.36029,1.50,1.80
2010.12.01 13:09:10.954,1.36005,1.36038,1.50,2.50
2010.12.01 13:09:13.395,1.36013,1.36039,1.50,1.60
2010.12.01 13:09:13.614,1.3601,1.36039,1.50,1.80
2010.12.01 13:09:13.999,1.36009,1.36039,1.50,2.60
2010.12.01 13:09:14.116,1.36009,1.36038,1.50,2.50
2010.12.01 13:09:15.219,1.36009,1.36038,1.50,4.70
2010.12.01 13:09:15.834,1.36009,1.36043,1.70,4.80
2010.12.01 13:09:15.948,1.36013,1.36043,2.40,6.10
2010.12.01 13:09:16.282,1.36009,1.3604,1.50,1.90
2010.12.01 13:09:16.785,1.36008,1.3604,1.50,8.90
2010.12.01 13:09:18.631,1.36008,1.3603,1.50,1.70
2010.12.01 13:09:18.965,1.36006,1.3603,1.50,1.70
2010.12.01 13:09:19.538,1.35995,1.36031,1.50,1.50
2010.12.01 13:09:22.957,1.35992,1.36024,1.60,2.50
2010.12.01 13:09:23.192,1.35999,1.36024,1.50,1.70
2010.12.01 13:09:23.413,1.35999,1.36033,1.50,1.30
2010.12.01 13:09:25.627,1.36003,1.36037,1.50,2.50
2010.12.01 13:09:26.241,1.36004,1.36034,1.50,2.70
2010.12.01 13:09:27.286,1.36004,1.36024,1.50,1.70
2010.12.01 13:09:27.786,1.36004,1.36033,1.50,1.60
2010.12.01 13:09:32.300,1.35999,1.36034,1.50,4.70
2010.12.01 13:09:32.416,1.35999,1.36034,1.50,4.80
2010.12.01 13:09:33.295,1.35999,1.36025,1.50,1.70
2010.12.01 13:09:34.666,1.35999,1.36025,1.50,1.80
2010.12.01 13:09:35.000,1.35994,1.36023,1.50,1.20
2010.12.01 13:09:36.074,1.35994,1.36023,1.50,1.20
2010.12.01 13:09:36.294,1.35994,1.36014,1.50,1.70
2010.12.01 13:09:36.625,1.35988,1.36014,1.50,1.80
2010.12.01 13:09:37.587,1.35992,1.36023,1.50,1.10
2010.12.01 13:09:40.499,1.35992,1.36022,1.50,1.60
2010.12.01 13:09:43.354,1.35992,1.36016,1.50,1.20
2010.12.01 13:09:43.930,1.36001,1.36016,1.70,1.20
2010.12.01 13:09:44.061,1.36001,1.36022,1.70,1.60
2010.12.01 13:09:44.176,1.3599,1.36017,1.50,1.70
2010.12.01 13:09:44.285,1.36001,1.36023,1.70,1.30
2010.12.01 13:09:44.683,1.35998,1.36016,1.50,1.70
2010.12.01 13:09:44.823,1.35995,1.36016,4.00,1.70
2010.12.01 13:09:44.938,1.36002,1.36029,2.40,1.10
2010.12.01 13:09:45.056,1.36003,1.36026,1.50,3.40
2010.12.01 13:09:45.275,1.35996,1.36023,1.50,1.20
2010.12.01 13:09:45.694,1.35997,1.36025,1.50,2.50
2010.12.01 13:09:47.259,1.35997,1.36025,1.70,2.50
2010.12.01 13:09:47.593,1.35997,1.36025,1.70,2.50
2010.12.01 13:09:48.770,1.35997,1.36025,1.70,2.50
2010.12.01 13:09:49.228,1.35997,1.36025,1.70,2.50
2010.12.01 13:09:49.360,1.35997,1.36025,1.70,2.50
2010.12.01 13:09:49.946,1.35999,1.36025,1.10,2.50
2010.12.01 13:09:52.606,1.36002,1.36027,1.70,1.60
2010.12.01 13:09:52.981,1.35992,1.3602,3.30,1.80
2010.12.01 13:09:53.168,1.36006,1.36033,1.70,1.30
2010.12.01 13:09:53.571,1.36006,1.36034,1.70,2.50
2010.12.01 13:09:53.706,1.36009,1.36039,1.50,1.30
2010.12.01 13:09:55.607,1.36004,1.3604,1.70,1.30
2010.12.01 13:09:59.226,1.36001,1.36033,1.50,2.50
2010.12.01 13:09:59.632,1.36001,1.36033,1.50,2.50
2010.12.01 13:10:00.151,1.36,1.36032,1.50,1.80
2010.12.01 13:10:00.282,1.36001,1.36032,1.70,2.50
2010.12.01 13:10:01.429,1.36002,1.36032,1.80,1.80
2010.12.01 13:10:01.860,1.36008,1.36035,3.20,1.60
2010.12.01 13:10:01.980,1.36008,1.36039,2.40,1.60
2010.12.01 13:10:02.095,1.36008,1.36041,2.40,2.50
2010.12.01 13:10:02.688,1.36005,1.36038,1.50,4.70
2010.12.01 13:10:04.226,1.36005,1.36035,1.50,1.10
2010.12.01 13:10:04.737,1.35997,1.36019,2.80,1.70
2010.12.01 13:10:04.860,1.35995,1.36029,1.50,1.10
2010.12.01 13:10:05.354,1.35991,1.36028,1.50,2.70
2010.12.01 13:10:05.685,1.35994,1.36025,1.60,2.90
2010.12.01 13:10:06.157,1.36014,1.36032,1.50,1.50
2010.12.01 13:10:06.277,1.36011,1.36032,1.50,1.50
2010.12.01 13:10:06.729,1.36011,1.36038,1.50,1.10
2010.12.01 13:10:07.559,1.36011,1.36035,1.50,1.70
2010.12.01 13:10:08.108,1.36011,1.36036,1.50,1.70
2010.12.01 13:10:09.067,1.36007,1.36034,1.50,1.70
2010.12.01 13:10:09.636,1.36006,1.36034,1.50,1.80
2010.12.01 13:10:10.066,1.36014,1.36034,1.50,1.80
2010.12.01 13:10:10.191,1.36008,1.36044,3.90,1.10
2010.12.01 13:10:12.229,1.36011,1.36042,2.60,1.80
2010.12.01 13:10:12.354,1.3602,1.36049,1.50,1.80
2010.12.01 13:10:12.463,1.36021,1.36049,1.50,1.80
2010.12.01 13:10:13.894,1.36017,1.36042,1.50,1.70
2010.12.01 13:10:14.003,1.36017,1.36042,1.50,1.70
2010.12.01 13:10:14.746,1.36015,1.36044,1.50,2.50
2010.12.01 13:10:18.231,1.36015,1.36044,3.00,2.50
2010.12.01 13:10:18.346,1.36019,1.36054,1.10,2.50
2010.12.01 13:10:18.735,1.36022,1.36054,1.70,2.50
2010.12.01 13:10:18.846,1.36023,1.36051,3.20,1.80
2010.12.01 13:10:21.430,1.36028,1.36061,1.50,2.70
2010.12.01 13:10:22.537,1.36032,1.36061,1.70,4.80
2010.12.01 13:10:22.920,1.36028,1.36061,1.50,5.20
2010.12.01 13:10:23.075,1.36028,1.36051,1.50,1.70
2010.12.01 13:10:24.474,1.36023,1.36051,2.40,2.50
2010.12.01 13:10:24.785,1.36023,1.36046,1.70,1.30
2010.12.01 13:10:24.924,1.36017,1.36045,1.50,2.50
2010.12.01 13:10:27.734,1.36013,1.36042,1.50,1.70
2010.12.01 13:10:27.845,1.36013,1.36042,1.50,1.80
2010.12.01 13:10:28.441,1.36009,1.36042,3.30,2.50
2010.12.01 13:10:30.027,1.36009,1.36031,1.50,1.70
2010.12.01 13:10:30.363,1.36004,1.36031,1.70,1.70
2010.12.01 13:10:30.542,1.36004,1.36024,1.50,1.70
2010.12.01 13:10:31.113,1.36,1.36024,1.50,1.70
2010.12.01 13:10:34.525,1.35996,1.36024,1.50,1.80
2010.12.01 13:10:35.844,1.35995,1.36025,2.40,4.00
2010.12.01 13:10:35.954,1.35995,1.36025,2.40,4.00
2010.12.01 13:10:37.788,1.35995,1.36023,1.70,1.10
2010.12.01 13:10:38.361,1.35994,1.36025,1.70,4.70
2010.12.01 13:10:38.971,1.35991,1.36015,1.50,1.70
2010.12.01 13:10:39.417,1.35991,1.36021,1.50,4.80
2010.12.01 13:10:39.875,1.35987,1.36015,1.50,2.70
2010.12.01 13:10:39.985,1.35986,1.36015,1.20,1.90
2010.12.01 13:10:40.099,1.35984,1.36015,2.10,1.90
2010.12.01 13:10:40.481,1.35984,1.36015,1.90,1.90
2010.12.01 13:10:42.806,1.3598,1.36013,1.70,2.50
2010.12.01 13:10:46.355,1.3598,1.36013,1.60,2.50
2010.12.01 13:10:46.737,1.3598,1.36013,1.70,2.50
2010.12.01 13:10:47.296,1.35977,1.36013,3.30,2.50
2010.12.01 13:10:47.898,1.35977,1.36013,3.30,2.50
2010.12.01 13:10:48.049,1.35978,1.36013,1.10,4.00
2010.12.01 13:10:48.493,1.35977,1.36013,4.30,8.90
2010.12.01 13:10:49.123,1.35977,1.36012,1.70,4.90
2010.12.01 13:10:49.344,1.35978,1.36012,1.80,2.50
2010.12.01 13:10:49.776,1.35977,1.36012,1.10,2.50
2010.12.01 13:10:51.251,1.35978,1.36009,1.70,1.30
2010.12.01 13:10:51.366,1.35976,1.36009,1.10,1.30
2010.12.01 13:10:56.200,1.35978,1.36009,1.80,1.30
2010.12.01 13:10:56.424,1.35977,1.36009,1.70,1.30
2010.12.01 13:10:57.086,1.35972,1.36009,1.90,1.30
2010.12.01 13:10:57.637,1.35972,1.36009,1.80,2.80
2010.12.01 13:11:03.425,1.35976,1.36011,1.50,2.50
2010.12.01 13:11:11.929,1.35973,1.36008,1.50,5.50
2010.12.01 13:11:12.547,1.35969,1.36007,1.50,4.70
2010.12.01 13:11:15.647,1.35966,1.35999,1.50,2.50
2010.12.01 13:11:16.124,1.35966,1.35988,1.60,1.70
2010.12.01 13:11:16.618,1.35966,1.35999,1.50,2.60
2010.12.01 13:11:19.188,1.35968,1.35999,1.50,2.60
2010.12.01 13:11:19.331,1.35966,1.35997,1.60,1.70
2010.12.01 13:11:19.445,1.35966,1.35997,1.50,1.70
2010.12.01 13:11:19.555,1.35966,1.35997,1.50,2.40
2010.12.01 13:11:19.936,1.35966,1.35998,1.50,1.30
2010.12.01 13:11:21.329,1.35963,1.35993,1.50,1.80
2010.12.01 13:11:21.446,1.35963,1.35987,1.50,2.10
2010.12.01 13:11:21.565,1.35966,1.35997,2.40,2.40
2010.12.01 13:11:22.110,1.35957,1.35986,1.50,1.70
2010.12.01 13:11:22.773,1.35952,1.35985,3.90,2.50
2010.12.01 13:11:23.545,1.35956,1.35984,1.50,1.10
2010.12.01 13:11:24.050,1.35952,1.35983,1.50,1.30
2010.12.01 13:11:25.316,1.35952,1.35984,1.50,1.30
2010.12.01 13:11:25.718,1.35952,1.35984,1.50,1.30
2010.12.01 13:11:25.840,1.35956,1.35988,1.50,1.10
2010.12.01 13:11:25.953,1.35955,1.35988,1.50,1.10
2010.12.01 13:11:27.706,1.35952,1.35988,1.50,1.90
2010.12.01 13:11:29.768,1.35947,1.35979,1.50,2.50
2010.12.01 13:11:34.735,1.35947,1.35976,1.50,8.50
2010.12.01 13:11:35.245,1.35943,1.35975,1.50,2.40
2010.12.01 13:11:35.993,1.3594,1.3597,1.50,2.40
2010.12.01 13:11:36.720,1.35934,1.3597,1.50,2.40
2010.12.01 13:11:36.864,1.35934,1.35968,1.50,2.50
2010.12.01 13:11:39.846,1.35949,1.35976,1.70,2.40
2010.12.01 13:11:41.046,1.35952,1.35983,1.50,2.50
2010.12.01 13:11:41.704,1.35954,1.35983,1.50,2.70
2010.12.01 13:11:41.815,1.35955,1.35983,1.50,2.70
2010.12.01 13:11:41.926,1.35955,1.35985,1.50,2.40
2010.12.01 13:11:42.399,1.35955,1.35987,1.50,1.10
2010.12.01 13:11:43.846,1.35955,1.35984,1.50,1.80
2010.12.01 13:11:45.850,1.35959,1.35989,1.50,2.60
2010.12.01 13:11:46.076,1.35959,1.35987,1.50,1.10
2010.12.01 13:11:47.084,1.35958,1.35993,1.60,2.40
2010.12.01 13:11:47.556,1.35971,1.35989,2.40,1.50
2010.12.01 13:11:47.722,1.35971,1.35999,2.40,1.50
2010.12.01 13:11:47.836,1.35974,1.35987,1.50,1.70
2010.12.01 13:11:48.415,1.35982,1.36011,1.50,2.00
2010.12.01 13:11:49.050,1.35982,1.36013,1.50,1.70
2010.12.01 13:11:49.223,1.35988,1.36016,1.50,1.10
2010.12.01 13:11:49.448,1.35988,1.36007,1.50,1.70
2010.12.01 13:11:49.869,1.35985,1.36007,1.50,1.70
2010.12.01 13:11:51.051,1.35985,1.36007,1.70,1.70
2010.12.01 13:11:51.168,1.35988,1.36019,2.40,2.50
2010.12.01 13:11:51.286,1.35989,1.36019,1.50,2.00
2010.12.01 13:11:51.395,1.35988,1.3602,1.50,1.90
2010.12.01 13:11:52.069,1.35988,1.36017,1.50,1.10
2010.12.01 13:11:52.298,1.35988,1.36014,1.50,1.70
2010.12.01 13:11:52.416,1.3598,1.36007,1.60,1.70
2010.12.01 13:11:52.537,1.3598,1.36007,1.50,1.90
2010.12.01 13:11:53.508,1.35971,1.36003,1.50,1.80
2010.12.01 13:11:53.894,1.35971,1.36004,1.50,1.10
2010.12.01 13:11:54.369,1.35977,1.36002,1.50,1.40
2010.12.01 13:11:54.846,1.35969,1.35999,2.40,1.60
2010.12.01 13:11:55.008,1.3597,1.36004,1.50,1.30
2010.12.01 13:11:55.127,1.3597,1.36003,1.50,1.30
2010.12.01 13:11:55.630,1.35971,1.36007,2.30,2.70
2010.12.01 13:11:55.745,1.35974,1.36007,1.50,2.70
2010.12.01 13:11:57.789,1.35972,1.36007,1.50,2.70
2010.12.01 13:11:59.504,1.35973,1.36007,1.50,2.00
2010.12.01 13:11:59.616,1.35982,1.36012,1.50,2.50
2010.12.01 13:12:00.568,1.35982,1.36007,1.50,1.70
2010.12.01 13:12:02.819,1.35984,1.36007,1.50,1.70
2010.12.01 13:12:03.163,1.35972,1.36006,2.30,1.10
2010.12.01 13:12:03.635,1.35971,1.36006,1.50,1.50
2010.12.01 13:12:04.927,1.35973,1.36007,1.70,2.50
2010.12.01 13:12:05.577,1.35994,1.36015,1.70,1.20
2010.12.01 13:12:05.698,1.35994,1.36027,1.70,5.50
2010.12.01 13:12:06.597,1.36001,1.36035,1.70,8.80
2010.12.01 13:12:06.829,1.36001,1.36035,2.40,9.10
2010.12.01 13:12:07.480,1.35989,1.36011,1.50,1.70
2010.12.01 13:12:07.706,1.3599,1.36019,2.40,2.40
2010.12.01 13:12:08.048,1.35995,1.36019,1.50,1.50
2010.12.01 13:12:08.195,1.35989,1.36024,1.50,2.90
2010.12.01 13:12:08.315,1.35986,1.36024,1.50,2.90
2010.12.01 13:12:11.225,1.35986,1.36012,1.50,1.70
2010.12.01 13:12:11.870,1.35984,1.36012,1.50,1.80
2010.12.01 13:12:11.995,1.35983,1.36012,1.50,2.50
2010.12.01 13:12:17.994,1.35983,1.36017,2.50,2.50
2010.12.01 13:12:18.806,1.35986,1.36019,1.50,2.40
2010.12.01 13:12:19.645,1.35986,1.36002,1.50,1.70
2010.12.01 13:12:19.757,1.3599,1.36012,1.70,1.60
2010.12.01 13:12:20.105,1.35989,1.36019,1.50,1.60
2010.12.01 13:12:22.266,1.3599,1.36022,2.60,2.40
2010.12.01 13:12:22.373,1.35992,1.36026,1.70,4.00
2010.12.01 13:12:22.688,1.35995,1.36026,1.50,4.00
2010.12.01 13:12:23.515,1.35992,1.36023,3.20,1.80
2010.12.01 13:12:23.654,1.35987,1.36022,1.50,2.40
2010.12.01 13:12:23.765,1.35987,1.36015,1.50,1.70
2010.12.01 13:12:24.296,1.35987,1.3602,1.50,2.40
2010.12.01 13:12:25.817,1.35987,1.36025,1.60,8.80
2010.12.01 13:12:27.711,1.35987,1.36023,1.50,2.40
2010.12.01 13:12:28.305,1.35985,1.36018,1.50,2.40
2010.12.01 13:12:28.842,1.35982,1.36012,1.50,3.10
2010.12.01 13:12:28.958,1.35981,1.3601,1.50,2.50
2010.12.01 13:12:29.423,1.35972,1.3601,3.00,2.50
2010.12.01 13:12:30.085,1.35976,1.36012,1.70,2.50
2010.12.01 13:12:30.539,1.35977,1.36012,1.50,2.50
2010.12.01 13:12:31.458,1.35972,1.36002,1.60,2.50
2010.12.01 13:12:31.905,1.35972,1.36001,1.50,1.80
2010.12.01 13:12:32.603,1.35976,1.36001,1.70,1.80
2010.12.01 13:12:32.718,1.35984,1.36016,1.70,2.50
2010.12.01 13:12:33.119,1.35979,1.36012,1.50,2.80
2010.12.01 13:12:33.253,1.35982,1.36011,1.50,2.60
2010.12.01 13:12:35.235,1.35985,1.36015,1.50,1.60
2010.12.01 13:12:36.957,1.35984,1.36011,1.50,1.80
2010.12.01 13:12:37.105,1.3598,1.36009,1.50,2.40
2010.12.01 13:12:37.535,1.3598,1.36016,1.50,2.40
2010.12.01 13:12:37.651,1.35987,1.3602,1.50,2.80
2010.12.01 13:12:37.876,1.35986,1.36015,1.50,1.80
2010.12.01 13:12:41.623,1.35987,1.36011,1.50,1.80
2010.12.01 13:12:41.735,1.35981,1.36011,1.50,1.80
2010.12.01 13:12:41.955,1.35976,1.3601,1.50,2.50
2010.12.01 13:12:44.560,1.3598,1.36009,1.50,1.80
2010.12.01 13:12:44.788,1.3598,1.36009,1.50,1.90
2010.12.01 13:12:45.015,1.35977,1.36009,3.20,1.80
2010.12.01 13:12:47.109,1.35979,1.36015,1.70,1.30
2010.12.01 13:12:47.653,1.35977,1.36009,3.30,2.50
2010.12.01 13:12:47.986,1.35981,1.36009,1.50,1.80
2010.12.01 13:12:48.608,1.35978,1.36019,1.60,1.50
2010.12.01 13:12:48.836,1.35977,1.36015,2.50,2.40
2010.12.01 13:12:54.717,1.35974,1.36002,1.50,1.80
2010.12.01 13:12:55.276,1.35974,1.36009,1.50,2.80
2010.12.01 13:12:55.713,1.35977,1.36011,1.50,2.40
2010.12.01 13:12:56.368,1.35973,1.36008,1.50,1.60
2010.12.01 13:12:56.865,1.35971,1.36008,1.50,1.60
2010.12.01 13:12:57.892,1.35967,1.35997,1.60,2.50
2010.12.01 13:12:58.645,1.35967,1.36005,3.00,3.00
2010.12.01 13:12:58.979,1.35979,1.36011,2.30,4.70
2010.12.01 13:13:00.800,1.35978,1.36011,1.50,2.40
2010.12.01 13:13:00.914,1.35974,1.36011,2.50,2.40
2010.12.01 13:13:01.027,1.35986,1.36013,1.70,2.40
2010.12.01 13:13:01.146,1.35986,1.36013,1.70,2.40
2010.12.01 13:13:01.656,1.35986,1.36013,1.70,2.40
2010.12.01 13:13:02.431,1.35986,1.36015,1.70,2.40
2010.12.01 13:13:02.594,1.35977,1.36009,1.90,2.40
2010.12.01 13:13:02.816,1.35977,1.36009,1.90,2.40
2010.12.01 13:13:03.807,1.35974,1.36005,3.20,2.30
2010.12.01 13:13:03.954,1.35978,1.36006,1.50,1.80
2010.12.01 13:13:04.289,1.3598,1.36006,3.20,1.80
2010.12.01 13:13:04.846,1.35984,1.36016,2.60,4.00
2010.12.01 13:13:06.873,1.35984,1.36016,4.10,2.50
2010.12.01 13:13:06.984,1.35987,1.36016,1.70,1.80
2010.12.01 13:13:07.415,1.35991,1.36021,1.50,2.40
2010.12.01 13:13:07.745,1.35983,1.36014,1.50,1.10
2010.12.01 13:13:08.227,1.35978,1.36014,1.50,1.50
2010.12.01 13:13:08.456,1.35974,1.36005,1.50,2.00
2010.12.01 13:13:08.795,1.3597,1.36005,3.00,2.20
2010.12.01 13:13:09.821,1.35974,1.36013,1.50,2.80
2010.12.01 13:13:12.308,1.35978,1.36014,1.50,1.30
2010.12.01 13:13:12.431,1.35979,1.36014,1.50,1.30
2010.12.01 13:13:13.494,1.35976,1.36007,2.30,2.50
2010.12.01 13:13:15.872,1.35979,1.36007,1.50,2.50
2010.12.01 13:13:15.991,1.35979,1.36007,1.50,1.70
2010.12.01 13:13:17.066,1.35977,1.36012,1.70,2.40
2010.12.01 13:13:17.739,1.35981,1.36012,1.50,2.40
2010.12.01 13:13:18.710,1.35983,1.36011,1.70,2.40
2010.12.01 13:13:18.834,1.35984,1.36017,1.50,4.00
2010.12.01 13:13:21.448,1.35978,1.36015,1.50,2.40
2010.12.01 13:13:22.035,1.35978,1.3601,2.50,2.40
2010.12.01 13:13:22.380,1.35984,1.3601,1.50,1.50
2010.12.01 13:13:22.533,1.35982,1.36014,1.50,1.60
2010.12.01 13:13:22.645,1.35987,1.36014,1.50,1.60
2010.12.01 13:13:24.271,1.35982,1.36015,1.50,2.40
2010.12.01 13:13:26.804,1.35985,1.36017,1.50,2.80
2010.12.01 13:13:26.917,1.35988,1.36017,1.50,1.30
2010.12.01 13:13:27.480,1.35985,1.36017,1.50,1.30
2010.12.01 13:13:33.186,1.35986,1.36019,1.50,2.90
2010.12.01 13:13:33.319,1.35987,1.36019,1.50,2.90
2010.12.01 13:13:36.211,1.35983,1.36016,1.50,1.10
2010.12.01 13:13:36.708,1.35987,1.36019,1.50,1.30
2010.12.01 13:13:37.383,1.35987,1.36024,1.50,2.40
2010.12.01 13:13:37.495,1.35994,1.36029,1.50,2.50
2010.12.01 13:13:41.882,1.35986,1.36022,2.40,2.50
2010.12.01 13:13:42.592,1.35988,1.36022,1.50,2.40
2010.12.01 13:13:42.716,1.35993,1.36023,1.50,2.40
2010.12.01 13:13:42.834,1.35992,1.36023,1.50,1.60
2010.12.01 13:13:46.639,1.35997,1.3603,1.80,1.30
2010.12.01 13:13:46.760,1.36,1.36033,1.50,2.90
2010.12.01 13:13:47.147,1.35995,1.36025,1.50,1.10
2010.12.01 13:13:47.484,1.35995,1.36026,1.50,1.10
2010.12.01 13:13:48.187,1.35993,1.36028,1.50,2.40
2010.12.01 13:13:49.155,1.35997,1.36029,1.50,2.40
2010.12.01 13:13:49.503,1.36003,1.36029,1.50,1.60
2010.12.01 13:13:50.828,1.36007,1.36038,1.50,2.40
2010.12.01 13:13:53.235,1.3601,1.36042,1.50,4.00
2010.12.01 13:13:53.344,1.36011,1.36042,1.50,2.40
2010.12.01 13:13:55.189,1.36005,1.36033,1.50,1.80
2010.12.01 13:13:55.311,1.35996,1.36033,3.20,2.50
2010.12.01 13:13:55.436,1.35996,1.36033,3.20,2.50
2010.12.01 13:13:56.734,1.35997,1.36033,1.70,4.00
2010.12.01 13:13:57.082,1.35999,1.36033,1.70,3.30
2010.12.01 13:13:57.253,1.36007,1.36036,1.50,2.40
2010.12.01 13:13:57.367,1.36006,1.36032,1.50,1.80
2010.12.01 13:13:57.851,1.35995,1.36029,1.50,1.10
2010.12.01 13:13:57.963,1.35995,1.36029,1.50,1.10
2010.12.01 13:13:58.929,1.35997,1.36032,1.50,2.40
2010.12.01 13:13:59.799,1.36004,1.36031,1.50,1.70
2010.12.01 13:14:03.765,1.36001,1.36036,1.50,2.40
2010.12.01 13:14:06.739,1.35997,1.36035,3.20,2.40
2010.12.01 13:14:06.896,1.35997,1.36035,3.20,2.80
2010.12.01 13:14:07.339,1.36,1.36033,1.70,2.40
2010.12.01 13:14:07.848,1.36,1.36029,1.50,1.70
2010.12.01 13:14:08.187,1.36007,1.36036,1.70,2.40
2010.12.01 13:14:08.305,1.36001,1.36029,1.50,2.50
2010.12.01 13:14:09.117,1.35994,1.36029,1.50,2.70
2010.12.01 13:14:09.683,1.35996,1.36029,1.50,2.50
2010.12.01 13:14:10.099,1.35997,1.36028,1.50,1.70
2010.12.01 13:14:10.228,1.35994,1.36027,1.50,2.40
2010.12.01 13:14:10.778,1.35987,1.36014,1.50,1.80
2010.12.01 13:14:11.116,1.35982,1.36013,1.50,2.70
2010.12.01 13:14:11.687,1.35981,1.36014,1.50,2.50
2010.12.01 13:14:12.333,1.35983,1.36012,1.50,1.10
2010.12.01 13:14:13.454,1.3597,1.36006,2.50,2.00
2010.12.01 13:14:13.687,1.35978,1.36013,2.50,2.50
2010.12.01 13:14:14.193,1.35976,1.36013,3.00,2.90
2010.12.01 13:14:14.314,1.35977,1.36013,1.50,2.90
2010.12.01 13:14:14.763,1.35972,1.36006,1.50,1.10
2010.12.01 13:14:15.245,1.3597,1.36006,1.50,1.10
2010.12.01 13:14:16.092,1.3597,1.36008,1.50,2.90
2010.12.01 13:14:16.425,1.35973,1.36013,1.50,1.30
2010.12.01 13:14:17.146,1.35977,1.36009,1.50,2.40
2010.12.01 13:14:18.360,1.35982,1.36015,1.50,2.40
2010.12.01 13:14:19.004,1.35976,1.36009,1.50,1.10
2010.12.01 13:14:19.116,1.35974,1.36008,1.50,2.50
2010.12.01 13:14:19.771,1.35982,1.36014,1.50,1.60
2010.12.01 13:14:20.219,1.35982,1.36008,1.50,1.70
2010.12.01 13:14:20.566,1.35978,1.36009,1.50,1.60
2010.12.01 13:14:21.431,1.35981,1.36008,1.50,1.70
2010.12.01 13:14:21.583,1.3598,1.36007,1.50,1.70
2010.12.01 13:14:21.701,1.35978,1.36007,1.50,1.80
2010.12.01 13:14:28.866,1.35979,1.36007,1.50,3.30
2010.12.01 13:14:29.118,1.35966,1.36,1.50,2.50
2010.12.01 13:14:29.547,1.35965,1.36003,2.40,2.40
2010.12.01 13:14:29.670,1.35965,1.36003,2.40,2.40
2010.12.01 13:14:29.788,1.35978,1.36003,1.50,1.50
2010.12.01 13:14:30.091,1.35978,1.36001,1.50,1.50
2010.12.01 13:14:30.279,1.35977,1.36012,1.50,2.40
2010.12.01 13:14:30.399,1.35974,1.36013,1.50,1.30
2010.12.01 13:14:30.777,1.35974,1.36013,1.50,1.30
2010.12.01 13:14:31.642,1.35981,1.3601,4.50,2.40
2010.12.01 13:14:31.761,1.35978,1.3601,1.50,2.40
2010.12.01 13:14:31.877,1.35979,1.3601,1.50,1.60
2010.12.01 13:14:32.293,1.35991,1.3601,1.70,1.50
2010.12.01 13:14:32.429,1.35984,1.3601,1.50,1.50
2010.12.01 13:14:32.656,1.35981,1.3601,1.50,2.40
2010.12.01 13:14:33.104,1.35981,1.36011,1.50,1.60
2010.12.01 13:14:33.547,1.35988,1.36018,1.50,2.40
2010.12.01 13:14:33.977,1.36002,1.36036,1.50,3.10
2010.12.01 13:14:34.103,1.36002,1.36033,1.50,2.40
2010.12.01 13:14:35.007,1.36002,1.36024,1.50,1.70
2010.12.01 13:14:35.126,1.36002,1.36026,1.50,1.50
2010.12.01 13:14:35.246,1.35998,1.36026,1.50,2.40
2010.12.01 13:14:35.962,1.36001,1.36029,1.50,3.10
2010.12.01 13:14:36.077,1.35994,1.36023,1.50,1.60
2010.12.01 13:14:36.195,1.3599,1.36026,1.50,2.40
2010.12.01 13:14:36.564,1.3599,1.36015,1.50,1.60
2010.12.01 13:14:37.558,1.35986,1.36015,1.50,2.40
2010.12.01 13:14:38.030,1.35985,1.36014,1.50,1.50
2010.12.01 13:14:38.768,1.35992,1.36014,1.20,1.50
2010.12.01 13:14:38.921,1.36001,1.36028,1.50,1.50
2010.12.01 13:14:39.145,1.36001,1.36026,1.50,1.50
2010.12.01 13:14:39.639,1.35993,1.36023,1.50,2.40
2010.12.01 13:14:40.035,1.35984,1.36017,1.50,1.60
2010.12.01 13:14:40.187,1.35982,1.36017,1.50,3.10
2010.12.01 13:14:40.306,1.35977,1.36011,1.50,1.50
2010.12.01 13:14:40.655,1.35976,1.36011,1.50,1.60
2010.12.01 13:14:40.790,1.35971,1.36007,1.20,1.60
2010.12.01 13:14:40.904,1.35971,1.36005,1.20,1.30
2010.12.01 13:14:41.796,1.36002,1.36007,1.70,2.30
2010.12.01 13:14:42.465,1.35993,1.36026,2.10,2.30
2010.12.01 13:14:42.581,1.3599,1.3602,1.90,1.30
2010.12.01 13:14:43.349,1.35984,1.36021,1.90,2.40
2010.12.01 13:14:43.984,1.35984,1.36019,1.30,1.60
2010.12.01 13:14:44.939,1.35985,1.36015,1.60,1.30
2010.12.01 13:14:45.571,1.35988,1.3602,1.20,1.30
2010.12.01 13:14:45.691,1.35988,1.36023,2.40,1.30
2010.12.01 13:14:46.415,1.35987,1.36019,2.30,1.30
2010.12.01 13:14:46.817,1.35983,1.36019,1.50,1.30
2010.12.01 13:14:47.547,1.35975,1.36019,1.50,1.30
2010.12.01 13:14:47.701,1.35975,1.36013,1.50,1.30
2010.12.01 13:14:48.370,1.3597,1.36006,1.50,2.40
2010.12.01 13:14:48.596,1.35971,1.36006,1.70,2.40
2010.12.01 13:14:48.706,1.35981,1.36019,1.50,1.30
2010.12.01 13:14:49.807,1.35978,1.36017,1.50,1.30
2010.12.01 13:14:50.160,1.35978,1.36017,1.50,1.30
2010.12.01 13:14:50.496,1.35977,1.36018,1.50,2.80
2010.12.01 13:14:50.605,1.3598,1.36018,1.50,2.80
2010.12.01 13:14:51.033,1.35953,1.36002,1.50,2.80
2010.12.01 13:14:51.149,1.35957,1.36003,1.20,1.30
2010.12.01 13:14:51.687,1.35963,1.36003,1.50,1.30
2010.12.01 13:14:51.828,1.35958,1.35999,1.50,1.30
2010.12.01 13:14:52.503,1.35958,1.35996,1.50,1.30
2010.12.01 13:14:52.613,1.35954,1.35996,1.50,1.30
2010.12.01 13:14:53.182,1.35954,1.35995,1.50,1.30
2010.12.01 13:14:54.629,1.35949,1.35991,1.50,1.30
2010.12.01 13:14:54.772,1.3595,1.35987,1.50,1.30
2010.12.01 13:14:54.883,1.3595,1.35996,1.90,1.30
2010.12.01 13:14:54.993,1.35958,1.35996,1.50,1.30
2010.12.01 13:14:55.883,1.35962,1.36,1.50,1.30
2010.12.01 13:14:56.102,1.35962,1.36005,1.50,1.30
2010.12.01 13:14:56.702,1.35965,1.36004,1.50,1.30
2010.12.01 13:14:57.321,1.35981,1.36073,1.60,2.80
2010.12.01 13:14:57.446,1.35985,1.36088,2.40,2.40
2010.12.01 13:14:57.565,1.36008,1.3609,1.50,1.30
2010.12.01 13:14:58.055,1.36003,1.36084,1.50,1.30
2010.12.01 13:14:58.808,1.35994,1.36074,2.00,1.30
2010.12.01 13:14:59.032,1.36002,1.36079,2.40,2.40
2010.12.01 13:14:59.499,1.36011,1.36077,1.50,1.30
2010.12.01 13:15:00.208,1.36004,1.36086,1.70,1.60
2010.12.01 13:15:00.595,1.36037,1.36097,1.50,1.30
2010.12.01 13:15:00.812,1.36013,1.36061,1.50,1.30
2010.12.01 13:15:01.284,1.36019,1.36061,1.50,1.30
2010.12.01 13:15:01.619,1.36024,1.36061,1.50,1.30
2010.12.01 13:15:02.051,1.3602,1.36057,1.50,1.60
2010.12.01 13:15:02.163,1.36036,1.36064,1.50,2.40
2010.12.01 13:15:02.558,1.36036,1.36076,1.50,1.60
2010.12.01 13:15:02.718,1.36042,1.36077,1.50,1.60
2010.12.01 13:15:02.837,1.36042,1.36057,1.50,1.50
2010.12.01 13:15:03.370,1.36048,1.36086,1.50,1.60
2010.12.01 13:15:03.487,1.36032,1.3608,1.50,1.60
2010.12.01 13:15:03.902,1.3603,1.36058,1.50,1.60
2010.12.01 13:15:04.084,1.36024,1.36045,1.50,1.30
2010.12.01 13:15:04.463,1.3601,1.36047,1.50,2.80
2010.12.01 13:15:04.650,1.36009,1.36049,1.50,1.30
2010.12.01 13:15:04.874,1.36002,1.3604,1.50,1.30
2010.12.01 13:15:05.224,1.36002,1.3604,1.50,1.30
2010.12.01 13:15:05.366,1.36009,1.36051,1.50,1.30
2010.12.01 13:15:05.475,1.36001,1.36037,1.50,1.60
2010.12.01 13:15:05.939,1.36011,1.36052,1.50,1.30
2010.12.01 13:15:06.058,1.36017,1.36059,1.50,2.40
2010.12.01 13:15:06.487,1.36007,1.36052,1.50,1.30
2010.12.01 13:15:06.714,1.36014,1.36054,1.50,1.30
2010.12.01 13:15:06.826,1.36015,1.36059,1.20,2.40
2010.12.01 13:15:07.175,1.36027,1.36041,1.50,1.50
2010.12.01 13:15:07.295,1.36022,1.36057,1.50,1.60
2010.12.01 13:15:07.403,1.36022,1.36056,1.50,1.60
2010.12.01 13:15:07.772,1.36018,1.36058,1.50,1.30
2010.12.01 13:15:07.945,1.36014,1.36046,1.50,1.30
2010.12.01 13:15:08.054,1.36005,1.36046,1.50,1.30
2010.12.01 13:15:08.471,1.36005,1.36037,1.50,1.60
2010.12.01 13:15:08.607,1.35984,1.36022,1.50,1.30
2010.12.01 13:15:08.723,1.35978,1.36022,1.50,1.30
2010.12.01 13:15:09.153,1.35987,1.36022,1.50,1.30
2010.12.01 13:15:09.289,1.35991,1.36029,1.50,1.30
2010.12.01 13:15:09.899,1.35983,1.36026,1.50,1.30
2010.12.01 13:15:10.060,1.35983,1.36016,1.50,1.60
2010.12.01 13:15:10.295,1.35982,1.36026,1.50,1.60
2010.12.01 13:15:10.805,1.35981,1.36018,1.50,1.30
2010.12.01 13:15:11.559,1.35987,1.36019,1.50,1.60
2010.12.01 13:15:12.570,1.35979,1.36016,1.50,1.60
2010.12.01 13:15:13.048,1.35984,1.36023,1.50,1.60
2010.12.01 13:15:13.837,1.35979,1.36018,1.50,1.30
2010.12.01 13:15:13.953,1.35979,1.36018,1.50,1.30
2010.12.01 13:15:14.588,1.35975,1.36012,1.50,1.30
2010.12.01 13:15:15.376,1.35981,1.3601,1.20,1.60
2010.12.01 13:15:15.705,1.35992,1.36035,2.70,2.40
2010.12.01 13:15:16.114,1.35997,1.36034,1.50,1.30
2010.12.01 13:15:16.228,1.35997,1.36034,1.50,1.30
2010.12.01 13:15:16.756,1.35999,1.36038,2.30,1.30
2010.12.01 13:15:16.875,1.35999,1.36043,2.30,1.30
2010.12.01 13:15:17.205,1.35999,1.36035,2.30,2.40
2010.12.01 13:15:17.569,1.35999,1.36032,1.50,1.30
2010.12.01 13:15:17.906,1.35987,1.36027,1.50,3.10
2010.12.01 13:15:18.225,1.35987,1.36027,1.50,3.10
2010.12.01 13:15:18.422,1.35991,1.36027,1.50,1.60
2010.12.01 13:15:18.999,1.35978,1.36016,1.50,3.50
2010.12.01 13:15:19.633,1.3597,1.36007,1.50,2.40
2010.12.01 13:15:19.748,1.3597,1.36007,1.50,2.40
2010.12.01 13:15:20.250,1.35973,1.36011,1.50,1.30
2010.12.01 13:15:20.840,1.35977,1.36011,1.50,2.40
2010.12.01 13:15:20.965,1.35974,1.36007,1.50,1.60
2010.12.01 13:15:21.483,1.35979,1.3601,2.30,1.50
2010.12.01 13:15:21.614,1.35987,1.36018,1.50,2.50
2010.12.01 13:15:22.128,1.35987,1.36021,1.50,4.80
2010.12.01 13:15:22.255,1.35979,1.3601,1.70,2.40
2010.12.01 13:15:22.366,1.35978,1.36017,1.70,1.60
2010.12.01 13:15:22.849,1.35979,1.36007,1.70,1.60
2010.12.01 13:15:23.361,1.35982,1.36008,1.50,1.50
2010.12.01 13:15:23.534,1.3598,1.36008,2.10,2.40
2010.12.01 13:15:24.123,1.35979,1.36006,1.60,1.50
2010.12.01 13:15:24.236,1.35977,1.36012,1.60,2.40
2010.12.01 13:15:24.718,1.35978,1.36012,1.60,2.40
2010.12.01 13:15:25.058,1.35976,1.36006,1.10,2.40
2010.12.01 13:15:25.468,1.35966,1.35994,2.70,5.40
2010.12.01 13:15:25.696,1.35962,1.35989,2.10,1.60
2010.12.01 13:15:26.122,1.35975,1.3601,1.50,2.40
2010.12.01 13:15:26.357,1.35975,1.3601,1.50,2.40
2010.12.01 13:15:27.583,1.35983,1.36006,1.50,1.60
2010.12.01 13:15:28.018,1.35986,1.3601,1.50,1.60
2010.12.01 13:15:28.145,1.35972,1.36009,2.30,4.00
2010.12.01 13:15:28.682,1.35976,1.36009,1.50,2.40
2010.12.01 13:15:29.235,1.3596,1.35977,1.50,1.60
2010.12.01 13:15:29.390,1.35954,1.35987,1.50,1.30
2010.12.01 13:15:29.903,1.35947,1.3598,1.50,2.40
2010.12.01 13:15:30.431,1.35959,1.35983,1.50,1.50
2010.12.01 13:15:30.581,1.35959,1.35983,1.50,1.50
2010.12.01 13:15:31.009,1.35966,1.35979,1.50,1.50
2010.12.01 13:15:31.844,1.35954,1.35986,1.50,2.30
2010.12.01 13:15:31.959,1.35948,1.35982,1.50,2.40
2010.12.01 13:15:32.614,1.35949,1.35984,3.00,2.40
2010.12.01 13:15:33.080,1.35955,1.35979,3.00,1.50
2010.12.01 13:15:33.615,1.35976,1.36008,1.50,1.60
2010.12.01 13:15:34.245,1.3596,1.35989,1.50,1.50
2010.12.01 13:15:34.358,1.3596,1.35989,1.50,1.50
2010.12.01 13:15:34.750,1.35957,1.35989,1.50,1.60
2010.12.01 13:15:35.364,1.35953,1.3598,1.50,1.50
2010.12.01 13:15:35.891,1.35956,1.3598,1.50,1.50
2010.12.01 13:15:36.829,1.35962,1.35986,1.60,1.50
2010.12.01 13:15:37.540,1.35968,1.35995,1.60,1.60
2010.12.01 13:15:37.655,1.35968,1.35995,1.60,1.50
2010.12.01 13:15:37.985,1.35968,1.35995,1.60,1.50
2010.12.01 13:15:39.235,1.35968,1.36,1.20,2.30
2010.12.01 13:15:39.347,1.35968,1.36,1.20,2.40
2010.12.01 13:15:40.024,1.35966,1.35996,1.50,1.50
2010.12.01 13:15:40.244,1.35966,1.35994,1.50,1.50
2010.12.01 13:15:41.074,1.35966,1.35994,1.50,1.50
2010.12.01 13:15:41.296,1.35971,1.35998,1.50,1.50
2010.12.01 13:15:41.702,1.35978,1.36008,1.50,1.60
2010.12.01 13:15:42.315,1.35958,1.35994,1.50,2.40
2010.12.01 13:15:42.426,1.35958,1.35999,1.50,4.90
2010.12.01 13:15:42.821,1.3596,1.36003,1.50,9.50
2010.12.01 13:15:42.936,1.35965,1.35993,1.50,1.60
2010.12.01 13:15:43.731,1.3596,1.35995,1.50,2.40
2010.12.01 13:15:43.847,1.3596,1.3599,1.50,2.40
2010.12.01 13:15:45.432,1.3596,1.35989,1.50,1.60
2010.12.01 13:15:46.292,1.35963,1.35989,1.20,1.60
2010.12.01 13:15:46.408,1.35971,1.35989,1.20,1.50
2010.12.01 13:15:46.979,1.3598,1.36012,1.50,2.50
2010.12.01 13:15:47.379,1.35988,1.36016,1.20,2.30
2010.12.01 13:15:47.507,1.3599,1.36016,1.50,1.60
2010.12.01 13:15:47.627,1.35988,1.36016,1.50,2.40
2010.12.01 13:15:47.954,1.35984,1.3602,1.50,2.40
2010.12.01 13:15:48.071,1.35984,1.3602,1.50,2.40
2010.12.01 13:15:48.731,1.35984,1.36018,1.50,2.40
2010.12.01 13:15:49.987,1.35987,1.36016,1.60,2.40
2010.12.01 13:15:50.645,1.35989,1.36022,2.40,2.40
2010.12.01 13:15:50.761,1.35985,1.3602,1.70,2.40
2010.12.01 13:15:51.094,1.3599,1.36018,1.70,2.40
2010.12.01 13:15:51.760,1.35989,1.36018,4.50,2.40
2010.12.01 13:15:51.881,1.35993,1.36018,1.70,2.40
2010.12.01 13:15:52.007,1.35996,1.36024,1.50,1.50
2010.12.01 13:15:52.512,1.3599,1.36021,1.50,1.80
2010.12.01 13:15:52.627,1.3599,1.36021,1.50,2.50
2010.12.01 13:15:53.161,1.3598,1.36018,1.50,2.80
2010.12.01 13:15:53.278,1.3598,1.36011,1.60,2.50
2010.12.01 13:15:53.395,1.35985,1.36011,1.50,1.70
2010.12.01 13:15:53.768,1.35985,1.36016,1.50,2.40
2010.12.01 13:15:53.914,1.35984,1.36016,1.50,3.10
2010.12.01 13:15:54.036,1.35983,1.36013,1.50,1.60
2010.12.01 13:15:54.706,1.35983,1.36004,1.50,1.70
2010.12.01 13:15:55.403,1.3598,1.36003,1.50,4.50
2010.12.01 13:15:55.887,1.35969,1.35993,1.50,1.70
2010.12.01 13:15:56.055,1.35969,1.35995,1.70,1.50
2010.12.01 13:15:56.622,1.35965,1.35994,1.60,1.80
2010.12.01 13:15:57.160,1.35967,1.35994,1.20,1.50
2010.12.01 13:15:57.282,1.3597,1.36001,1.60,2.40
2010.12.01 13:15:58.684,1.35964,1.35999,1.70,2.50
2010.12.01 13:15:58.800,1.35964,1.36004,3.30,2.50
2010.12.01 13:15:59.412,1.35963,1.35997,2.80,2.50
2010.12.01 13:16:00.274,1.35972,1.35997,2.10,1.60
2010.12.01 13:16:00.396,1.35969,1.36001,1.50,2.40
2010.12.01 13:16:00.938,1.35966,1.36003,1.60,1.30
2010.12.01 13:16:01.057,1.35966,1.36003,1.60,1.30
2010.12.01 13:16:01.379,1.35962,1.35992,1.60,1.80
2010.12.01 13:16:01.503,1.3596,1.35997,1.50,2.90
2010.12.01 13:16:02.267,1.35954,1.35986,1.60,2.50
2010.12.01 13:16:02.425,1.35967,1.35988,3.20,1.50
2010.12.01 13:16:02.943,1.35965,1.36,1.60,2.50
2010.12.01 13:16:03.497,1.35953,1.35992,2.60,2.40
2010.12.01 13:16:03.618,1.35953,1.35992,1.70,2.40
2010.12.01 13:16:04.200,1.35954,1.35989,1.60,2.90
2010.12.01 13:16:05.038,1.35938,1.35976,1.70,2.40
2010.12.01 13:16:05.375,1.35937,1.35973,1.60,2.40
2010.12.01 13:16:05.690,1.35938,1.35973,1.60,2.40
2010.12.01 13:16:05.887,1.35933,1.35971,1.80,1.30
2010.12.01 13:16:06.391,1.35933,1.35971,2.40,1.30
2010.12.01 13:16:06.727,1.35945,1.35979,1.50,2.40
2010.12.01 13:16:07.255,1.35942,1.35979,1.50,2.40
2010.12.01 13:16:07.369,1.35938,1.35964,1.50,1.70
2010.12.01 13:16:07.597,1.35933,1.35964,1.70,1.80
2010.12.01 13:16:08.042,1.3594,1.35973,1.70,2.40
2010.12.01 13:16:08.622,1.35937,1.35972,1.50,2.50
2010.12.01 13:16:08.804,1.35933,1.35972,1.70,2.50
2010.12.01 13:16:09.876,1.35933,1.35965,2.50,1.60
2010.12.01 13:16:10.321,1.35924,1.35958,2.10,1.30
2010.12.01 13:16:11.036,1.35933,1.35964,1.70,1.30
2010.12.01 13:16:11.205,1.35934,1.35969,6.90,2.40
2010.12.01 13:16:11.314,1.35934,1.35969,6.90,2.40
2010.12.01 13:16:11.425,1.35934,1.35969,6.90,2.40
2010.12.01 13:16:11.533,1.35934,1.35974,3.50,2.50
2010.12.01 13:16:12.056,1.35935,1.35969,1.50,2.80
2010.12.01 13:16:12.277,1.35927,1.35965,1.60,1.30
2010.12.01 13:16:12.395,1.35927,1.35965,1.60,1.30
2010.12.01 13:16:12.918,1.35919,1.35959,1.60,3.10
2010.12.01 13:16:13.637,1.35918,1.35951,1.70,2.50
2010.12.01 13:16:13.976,1.35919,1.35955,1.20,1.30
2010.12.01 13:16:14.466,1.35928,1.35955,1.70,1.50
2010.12.01 13:16:14.590,1.35928,1.35955,1.60,1.50
2010.12.01 13:16:15.159,1.35923,1.35957,1.70,4.90
2010.12.01 13:16:15.729,1.35923,1.35958,2.50,2.50
2010.12.01 13:16:15.883,1.35925,1.35959,1.60,2.40
2010.12.01 13:16:16.106,1.35925,1.35959,2.80,2.40
2010.12.01 13:16:16.902,1.35925,1.35959,1.80,2.40
2010.12.01 13:16:17.237,1.35927,1.35954,2.40,2.50
2010.12.01 13:16:17.362,1.35925,1.35956,1.60,2.50
2010.12.01 13:16:17.878,1.35921,1.35954,1.50,2.50
2010.12.01 13:16:18.644,1.35921,1.3595,1.50,1.70
2010.12.01 13:16:18.897,1.35925,1.3596,1.50,4.00
2010.12.01 13:16:22.419,1.35919,1.35956,2.50,2.40
2010.12.01 13:16:23.190,1.35921,1.35957,1.50,3.30
2010.12.01 13:16:24.896,1.35919,1.35952,2.50,1.30
2010.12.01 13:16:25.117,1.35919,1.35956,2.70,1.30
2010.12.01 13:16:25.241,1.3592,1.35956,2.30,2.80
2010.12.01 13:16:25.356,1.35922,1.35956,1.10,1.30
2010.12.01 13:16:25.973,1.35918,1.35954,3.30,2.50
2010.12.01 13:16:27.031,1.35918,1.35952,3.30,2.40
2010.12.01 13:16:27.526,1.35918,1.35952,3.30,2.40
2010.12.01 13:16:28.192,1.35918,1.35947,3.30,4.60
2010.12.01 13:16:28.416,1.3591,1.35933,1.50,2.30
2010.12.01 13:16:28.804,1.35904,1.35931,1.50,2.60
2010.12.01 13:16:28.944,1.359,1.35928,1.50,1.70
2010.12.01 13:16:29.076,1.35894,1.35927,1.50,1.10
2010.12.01 13:16:30.198,1.35894,1.35923,1.50,1.80
2010.12.01 13:16:30.879,1.35895,1.35922,1.50,1.90
2010.12.01 13:16:30.998,1.35897,1.35925,2.40,1.50
2010.12.01 13:16:31.224,1.35897,1.35925,3.20,1.50
2010.12.01 13:16:31.568,1.35899,1.35924,1.50,1.50
2010.12.01 13:16:31.799,1.35901,1.35927,1.50,1.50
2010.12.01 13:16:31.922,1.35908,1.35927,2.40,1.50
2010.12.01 13:16:32.042,1.35908,1.35929,2.40,1.50
2010.12.01 13:16:32.549,1.35911,1.3593,1.50,1.50
2010.12.01 13:16:32.669,1.35904,1.3593,1.50,1.50
2010.12.01 13:16:33.003,1.35904,1.35929,1.50,1.50
2010.12.01 13:16:34.221,1.35908,1.35929,1.70,1.50
2010.12.01 13:16:34.350,1.35908,1.35933,1.70,1.60
2010.12.01 13:16:35.074,1.35904,1.35933,1.70,1.60
2010.12.01 13:16:35.382,1.35899,1.35927,1.80,2.40
2010.12.01 13:16:35.714,1.35894,1.35927,1.60,2.60
2010.12.01 13:16:35.826,1.35894,1.35925,1.50,2.40
2010.12.01 13:16:37.249,1.359,1.35931,1.50,1.50
2010.12.01 13:16:37.364,1.359,1.35929,1.50,1.50
2010.12.01 13:16:37.867,1.35904,1.35929,1.50,1.50
2010.12.01 13:16:38.209,1.35904,1.35929,1.50,1.70
2010.12.01 13:16:38.444,1.35906,1.35935,1.50,1.60
2010.12.01 13:16:38.905,1.35906,1.35935,1.50,1.10
2010.12.01 13:16:39.019,1.35902,1.35934,1.50,1.20
2010.12.01 13:16:39.679,1.35896,1.35925,1.50,1.80
2010.12.01 13:16:41.501,1.35899,1.35925,1.50,1.90
2010.12.01 13:16:41.627,1.35899,1.35925,3.10,1.70
2010.12.01 13:16:43.623,1.35905,1.35935,1.60,4.70
2010.12.01 13:16:45.136,1.35903,1.35937,3.10,4.70
2010.12.01 13:16:47.284,1.35903,1.3593,1.50,1.10
2010.12.01 13:16:47.399,1.35899,1.35927,1.60,1.10
2010.12.01 13:16:47.517,1.35899,1.35927,1.50,1.20
2010.12.01 13:16:47.980,1.35905,1.3593,1.50,2.70
2010.12.01 13:16:48.098,1.35905,1.35935,1.50,1.10
2010.12.01 13:16:48.610,1.35903,1.35929,1.50,1.90
2010.12.01 13:16:49.262,1.35895,1.35927,1.50,1.20
2010.12.01 13:16:49.770,1.35896,1.35919,1.50,1.70
2010.12.01 13:16:49.995,1.35896,1.35925,1.50,3.90
2010.12.01 13:16:50.836,1.35892,1.35928,1.50,2.40
2010.12.01 13:16:51.370,1.35889,1.35923,1.50,2.40
2010.12.01 13:16:52.317,1.35886,1.3592,1.10,2.40
2010.12.01 13:16:52.459,1.3588,1.35916,1.50,2.40
2010.12.01 13:16:52.576,1.35882,1.35916,1.50,2.40
2010.12.01 13:16:52.797,1.35886,1.35916,3.50,2.40
2010.12.01 13:16:53.189,1.35895,1.35923,1.50,1.60
2010.12.01 13:16:56.026,1.35889,1.35921,1.50,2.40
2010.12.01 13:16:56.138,1.3589,1.35923,1.60,2.40
2010.12.01 13:16:56.253,1.35892,1.35923,1.50,2.40
2010.12.01 13:16:56.888,1.35895,1.35926,3.20,2.40
2010.12.01 13:16:57.040,1.35887,1.35917,2.50,2.40
2010.12.01 13:16:57.264,1.35885,1.35917,1.60,2.40
2010.12.01 13:16:58.518,1.35885,1.35921,1.50,1.10
2010.12.01 13:16:58.657,1.35888,1.35921,1.50,1.70
2010.12.01 13:16:59.274,1.35892,1.35925,1.50,2.40
2010.12.01 13:17:00.088,1.35892,1.35924,1.50,2.40
2010.12.01 13:17:00.903,1.35887,1.35916,1.70,2.40
2010.12.01 13:17:01.022,1.35883,1.35917,1.50,1.60
2010.12.01 13:17:01.989,1.35885,1.3592,3.20,4.00
2010.12.01 13:17:02.754,1.35885,1.35918,2.40,5.20
2010.12.01 13:17:04.375,1.35885,1.35917,2.50,2.40
2010.12.01 13:17:04.762,1.35887,1.35919,1.50,2.40
2010.12.01 13:17:05.097,1.35888,1.35919,1.50,1.60
2010.12.01 13:17:05.214,1.3589,1.35919,1.50,1.60
2010.12.01 13:17:05.548,1.3589,1.35919,1.50,2.60
2010.12.01 13:17:05.939,1.35885,1.35916,1.50,1.70
2010.12.01 13:17:06.058,1.35885,1.35916,1.50,1.10
2010.12.01 13:17:07.304,1.35889,1.35921,1.50,1.10
2010.12.01 13:17:11.899,1.35886,1.35922,2.40,2.60
2010.12.01 13:17:12.607,1.35887,1.35918,1.50,1.60
2010.12.01 13:17:12.739,1.35887,1.35918,1.50,1.50
2010.12.01 13:17:13.353,1.35895,1.35923,1.50,1.60
2010.12.01 13:17:14.818,1.35888,1.35924,1.50,3.30
2010.12.01 13:17:16.606,1.35883,1.35918,1.50,1.60
2010.12.01 13:17:17.387,1.35884,1.35919,1.50,1.30
2010.12.01 13:17:18.058,1.35888,1.35921,1.60,2.40
2010.12.01 13:17:18.285,1.35891,1.35921,1.50,2.40
2010.12.01 13:17:19.747,1.35887,1.35919,2.40,1.70
2010.12.01 13:17:20.159,1.35889,1.35915,1.70,2.50
2010.12.01 13:17:20.387,1.35884,1.35921,1.50,1.20
2010.12.01 13:17:20.968,1.3588,1.35918,1.50,2.80
2010.12.01 13:17:21.090,1.3588,1.35918,1.50,2.80
2010.12.01 13:17:21.601,1.35877,1.35911,1.50,2.50
2010.12.01 13:17:21.716,1.35877,1.35911,1.50,5.20
2010.12.01 13:17:21.826,1.35874,1.35911,2.40,2.70
2010.12.01 13:17:22.356,1.35873,1.35907,3.10,2.40
2010.12.01 13:17:22.877,1.35877,1.35907,1.50,2.40
2010.12.01 13:17:23.215,1.35877,1.3591,1.50,2.50
2010.12.01 13:17:24.593,1.35885,1.35917,1.50,1.10
2010.12.01 13:17:25.673,1.35885,1.3591,1.50,3.30
2010.12.01 13:17:25.786,1.35874,1.3591,1.70,4.10
2010.12.01 13:17:26.004,1.35874,1.3591,1.50,9.10
2010.12.01 13:17:26.397,1.35875,1.35909,1.50,1.20
2010.12.01 13:17:26.549,1.35882,1.3591,1.50,2.50
2010.12.01 13:17:27.186,1.35884,1.35911,1.50,1.70
2010.12.01 13:17:27.295,1.35881,1.35911,1.50,2.50
2010.12.01 13:17:27.406,1.35881,1.3591,1.50,2.60
2010.12.01 13:17:28.009,1.35879,1.35901,1.50,1.70
2010.12.01 13:17:28.464,1.35879,1.35894,1.50,1.70
2010.12.01 13:17:28.583,1.35877,1.35909,1.70,4.10
2010.12.01 13:17:28.696,1.35877,1.35909,3.20,4.10
2010.12.01 13:17:29.424,1.35877,1.35909,2.40,4.50
2010.12.01 13:17:30.051,1.35872,1.35905,1.50,2.80
2010.12.01 13:17:30.721,1.35875,1.35897,1.50,1.60
2010.12.01 13:17:30.845,1.3587,1.35897,1.70,2.50
2010.12.01 13:17:30.954,1.35862,1.35897,1.50,2.50
2010.12.01 13:17:32.374,1.35859,1.3589,1.50,1.10
2010.12.01 13:17:32.844,1.35859,1.35891,3.30,1.70
2010.12.01 13:17:33.544,1.3586,1.35892,1.50,2.50
2010.12.01 13:17:34.627,1.35854,1.35891,1.70,1.30
2010.12.01 13:17:35.072,1.35874,1.35902,1.50,1.30
2010.12.01 13:17:35.602,1.35864,1.35897,1.60,2.60
2010.12.01 13:17:35.719,1.35864,1.35898,1.50,2.50
2010.12.01 13:17:36.086,1.35881,1.35898,1.70,2.50
2010.12.01 13:17:36.265,1.35881,1.35902,1.70,1.60
2010.12.01 13:17:36.376,1.35873,1.35901,1.50,1.60
2010.12.01 13:17:36.683,1.35873,1.35901,1.50,1.60
2010.12.01 13:17:36.907,1.35876,1.35902,1.50,1.80
2010.12.01 13:17:37.134,1.35872,1.35902,1.50,1.70
2010.12.01 13:17:37.655,1.35874,1.35902,1.50,1.70
2010.12.01 13:17:38.287,1.35875,1.35902,1.70,1.90
2010.12.01 13:17:38.425,1.35877,1.35907,1.70,2.50
2010.12.01 13:17:38.929,1.35874,1.35904,2.40,1.50
2010.12.01 13:17:39.048,1.35867,1.35901,1.60,1.10
2010.12.01 13:17:39.458,1.35876,1.35904,2.40,1.10
2010.12.01 13:17:39.604,1.35875,1.35905,1.50,1.10
2010.12.01 13:17:40.168,1.35869,1.35903,1.50,1.10
2010.12.01 13:17:40.305,1.35866,1.35899,1.20,2.50
2010.12.01 13:17:40.637,1.35864,1.35899,1.50,2.50
2010.12.01 13:17:42.049,1.35865,1.35899,1.60,2.50
2010.12.01 13:17:42.541,1.3587,1.359,1.50,2.40
2010.12.01 13:17:43.089,1.35862,1.35892,7.20,1.70
2010.12.01 13:17:43.213,1.3586,1.3589,1.50,2.40
2010.12.01 13:17:43.436,1.3586,1.35892,2.60,2.40
2010.12.01 13:17:43.909,1.35859,1.35891,1.60,2.40
2010.12.01 13:17:44.771,1.35858,1.35887,1.50,1.10
2010.12.01 13:17:44.939,1.3585,1.35884,1.50,1.60
2010.12.01 13:17:45.429,1.35851,1.35884,1.70,2.50
2010.12.01 13:17:45.558,1.35855,1.35885,1.70,1.10
2010.12.01 13:17:45.789,1.35847,1.35882,1.70,1.30
2010.12.01 13:17:46.151,1.35855,1.35882,1.70,1.30
2010.12.01 13:17:46.495,1.35843,1.35872,1.50,1.30
2010.12.01 13:17:47.097,1.35845,1.35879,1.50,2.40
2010.12.01 13:17:47.337,1.35855,1.35885,1.70,2.40
2010.12.01 13:17:47.460,1.35862,1.35885,2.40,1.50
2010.12.01 13:17:47.845,1.35862,1.35893,2.40,1.60
2010.12.01 13:17:47.980,1.35865,1.35893,1.50,3.50
2010.12.01 13:17:48.528,1.35865,1.35892,1.50,1.70
2010.12.01 13:17:49.509,1.35857,1.35889,1.50,4.00
2010.12.01 13:17:50.046,1.35863,1.35891,1.70,2.30
2010.12.01 13:17:50.266,1.35881,1.35902,1.70,2.50
2010.12.01 13:17:50.628,1.35878,1.35902,1.70,2.40
2010.12.01 13:17:50.769,1.35877,1.35898,1.50,1.50
2010.12.01 13:17:50.886,1.35877,1.35903,1.50,1.50
2010.12.01 13:17:51.632,1.35874,1.35903,1.60,1.60
2010.12.01 13:17:51.771,1.35868,1.35901,1.60,2.40
2010.12.01 13:17:52.389,1.3587,1.35901,2.40,2.40
2010.12.01 13:17:52.504,1.35873,1.35901,1.50,1.60
2010.12.01 13:17:52.841,1.35866,1.35901,1.60,3.30
2010.12.01 13:17:53.151,1.35866,1.35888,1.50,1.70
2010.12.01 13:17:53.378,1.35875,1.35901,3.40,2.40
2010.12.01 13:17:53.496,1.35875,1.35901,2.60,1.60
2010.12.01 13:17:53.613,1.35871,1.35901,4.70,1.60
2010.12.01 13:17:54.020,1.35876,1.35901,1.50,1.60
2010.12.01 13:17:54.355,1.35885,1.35903,1.10,1.50
2010.12.01 13:17:54.940,1.35884,1.35918,1.70,2.40
2010.12.01 13:17:56.241,1.35884,1.35912,1.50,1.30
2010.12.01 13:17:56.561,1.35884,1.35898,1.50,1.70
2010.12.01 13:17:56.680,1.35871,1.35895,1.80,1.70
2010.12.01 13:17:56.905,1.35871,1.35909,3.20,2.60
2010.12.01 13:17:57.344,1.35877,1.35898,1.50,1.70
2010.12.01 13:17:57.789,1.35866,1.3589,2.10,1.80
2010.12.01 13:17:58.301,1.35856,1.35883,1.50,1.60
2010.12.01 13:17:58.418,1.35856,1.35876,1.50,1.50
2010.12.01 13:17:58.968,1.3585,1.35878,1.50,2.40
2010.12.01 13:17:59.090,1.35848,1.35878,1.60,1.10
2010.12.01 13:17:59.478,1.35848,1.35878,2.40,1.10
2010.12.01 13:17:59.633,1.35844,1.35875,1.50,1.80
2010.12.01 13:18:00.016,1.35844,1.35875,1.50,1.70
2010.12.01 13:18:00.194,1.3585,1.3588,1.50,2.50
2010.12.01 13:18:00.525,1.35852,1.35889,1.70,2.90
2010.12.01 13:18:00.992,1.35856,1.35888,1.50,2.40
2010.12.01 13:18:01.104,1.35862,1.35892,1.50,1.30
2010.12.01 13:18:01.774,1.35867,1.35902,1.50,2.40
2010.12.01 13:18:02.286,1.35867,1.35901,1.50,1.60
2010.12.01 13:18:02.617,1.35872,1.35887,1.50,1.70
2010.12.01 13:18:02.846,1.3586,1.35887,1.50,1.80
2010.12.01 13:18:03.333,1.35856,1.35879,1.50,1.70
2010.12.01 13:18:03.444,1.35856,1.35888,1.50,2.50
2010.12.01 13:18:03.950,1.35856,1.35879,1.50,1.70
2010.12.01 13:18:04.288,1.35851,1.35879,1.50,2.50
2010.12.01 13:18:05.110,1.35852,1.35879,1.10,2.50
2010.12.01 13:18:05.345,1.35857,1.35888,1.60,2.50
2010.12.01 13:18:06.265,1.35857,1.35888,1.60,2.50
2010.12.01 13:18:07.039,1.35857,1.35878,1.10,1.70
2010.12.01 13:18:07.211,1.3586,1.35892,1.50,1.80
2010.12.01 13:18:07.327,1.35861,1.35892,3.10,1.70
2010.12.01 13:18:07.701,1.35867,1.359,1.50,2.80
2010.12.01 13:18:07.826,1.35867,1.359,1.50,1.10
2010.12.01 13:18:08.044,1.35864,1.35898,3.10,2.40
2010.12.01 13:18:08.550,1.35865,1.35898,1.50,2.40
2010.12.01 13:18:08.750,1.35882,1.35897,1.50,1.50
2010.12.01 13:18:08.866,1.3588,1.35897,1.50,1.50
2010.12.01 13:18:09.281,1.3588,1.35909,1.80,2.40
2010.12.01 13:18:09.397,1.3588,1.35909,1.70,2.40
2010.12.01 13:18:09.513,1.3588,1.35909,2.40,2.40
2010.12.01 13:18:09.967,1.35873,1.35909,3.30,2.40
2010.12.01 13:18:10.193,1.35874,1.35909,1.70,2.40
2010.12.01 13:18:10.304,1.35874,1.35909,1.70,2.40
2010.12.01 13:18:10.757,1.35872,1.35902,1.50,1.90
2010.12.01 13:18:10.876,1.3587,1.35902,1.90,2.50
2010.12.01 13:18:11.458,1.3587,1.35898,1.90,4.60
2010.12.01 13:18:11.799,1.35862,1.35879,1.70,1.70
2010.12.01 13:18:11.915,1.35869,1.35894,1.90,1.60
2010.12.01 13:18:12.420,1.35876,1.35897,2.40,1.50
2010.12.01 13:18:12.547,1.35883,1.35901,1.70,1.50
2010.12.01 13:18:13.002,1.35888,1.35908,1.60,2.50
2010.12.01 13:18:13.114,1.35877,1.35908,1.60,2.40
2010.12.01 13:18:13.490,1.35877,1.35902,1.60,1.60
2010.12.01 13:18:13.623,1.35858,1.35894,1.50,1.50
2010.12.01 13:18:13.735,1.35855,1.35891,1.50,1.10
2010.12.01 13:18:13.847,1.35855,1.35877,1.50,1.70
2010.12.01 13:18:14.326,1.35869,1.35891,1.70,2.80
2010.12.01 13:18:14.438,1.35869,1.35893,1.90,4.70
2010.12.01 13:18:14.556,1.35867,1.35893,1.90,1.50
2010.12.01 13:18:15.023,1.35876,1.35908,1.70,1.60
2010.12.01 13:18:15.135,1.35883,1.3591,1.50,2.40
2010.12.01 13:18:15.623,1.35883,1.35912,1.50,3.30
2010.12.01 13:18:16.409,1.35875,1.35889,1.50,1.70
2010.12.01 13:18:16.528,1.35875,1.35889,2.50,1.70
2010.12.01 13:18:16.653,1.3588,1.35898,1.70,1.50
2010.12.01 13:18:17.110,1.35875,1.35901,1.50,1.50
2010.12.01 13:18:17.223,1.35884,1.35893,1.50,1.70
2010.12.01 13:18:17.337,1.35875,1.35893,1.50,1.70
2010.12.01 13:18:17.884,1.35877,1.35902,2.40,1.60
2010.12.01 13:18:18.016,1.35875,1.35906,1.50,2.40
2010.12.01 13:18:18.474,1.35871,1.35905,1.50,1.60
2010.12.01 13:18:18.592,1.35862,1.35879,1.50,1.70
2010.12.01 13:18:18.705,1.35861,1.35879,1.50,1.70
2010.12.01 13:18:18.816,1.35869,1.35896,3.20,1.70
2010.12.01 13:18:18.933,1.3588,1.35904,1.90,2.40
2010.12.01 13:18:19.343,1.3587,1.35904,1.70,2.40
2010.12.01 13:18:19.485,1.35872,1.35905,1.70,4.00
2010.12.01 13:18:20.134,1.35873,1.35907,1.50,2.50
2010.12.01 13:18:22.009,1.3587,1.35908,1.50,1.90
2010.12.01 13:18:22.449,1.35869,1.35906,1.60,2.90
2010.12.01 13:18:22.598,1.35865,1.35904,1.50,2.40
2010.12.01 13:18:23.100,1.35863,1.35893,2.40,2.50
2010.12.01 13:18:23.547,1.35862,1.35893,1.70,2.90
2010.12.01 13:18:24.122,1.35862,1.35893,1.60,2.90
2010.12.01 13:18:24.565,1.35862,1.35893,3.20,2.50
2010.12.01 13:18:24.788,1.35862,1.35893,1.60,2.50
2010.12.01 13:18:25.116,1.3586,1.35891,2.30,5.50
2010.12.01 13:18:25.337,1.35842,1.35871,2.40,1.80
2010.12.01 13:18:25.455,1.35842,1.35871,2.40,1.70
2010.12.01 13:18:25.883,1.35854,1.35875,1.50,1.70
2010.12.01 13:18:26.214,1.35849,1.35875,1.50,1.70
2010.12.01 13:18:26.747,1.3585,1.35875,1.50,1.80
2010.12.01 13:18:27.748,1.35849,1.35885,1.70,4.40
2010.12.01 13:18:28.088,1.35849,1.35882,1.50,2.80
2010.12.01 13:18:28.316,1.35847,1.35882,1.60,1.30
2010.12.01 13:18:29.106,1.35842,1.35866,2.70,1.80
2010.12.01 13:18:29.328,1.35833,1.35866,2.90,2.50
2010.12.01 13:18:29.846,1.35842,1.35874,1.60,2.90
2010.12.01 13:18:29.962,1.35838,1.35863,2.40,1.80
2010.12.01 13:18:30.484,1.35835,1.35863,1.50,1.70
2010.12.01 13:18:30.595,1.35836,1.35871,2.60,1.30
2010.12.01 13:18:30.707,1.35837,1.35876,1.70,2.00
2010.12.01 13:18:31.298,1.35844,1.35877,1.50,2.50
2010.12.01 13:18:31.418,1.35855,1.35879,1.70,1.50
2010.12.01 13:18:31.841,1.35863,1.3588,1.50,1.60
2010.12.01 13:18:31.966,1.35863,1.35883,1.50,1.50
2010.12.01 13:18:32.544,1.35868,1.35896,1.50,1.20
2010.12.01 13:18:32.909,1.35868,1.35899,1.50,2.70
2010.12.01 13:18:33.319,1.35868,1.3589,1.50,1.50
2010.12.01 13:18:33.466,1.35862,1.35892,1.50,1.90
2010.12.01 13:18:33.933,1.35858,1.35892,1.50,1.60
2010.12.01 13:18:34.063,1.35851,1.35887,1.50,1.20
2010.12.01 13:18:34.285,1.35851,1.35886,3.90,1.30
2010.12.01 13:18:34.396,1.35851,1.35886,3.20,1.30
2010.12.01 13:18:34.916,1.35852,1.35886,2.90,1.30
2010.12.01 13:18:35.789,1.35851,1.35885,1.20,2.50
2010.12.01 13:18:36.954,1.35849,1.35874,2.10,1.80
2010.12.01 13:18:37.310,1.35849,1.35874,1.70,1.80
2010.12.01 13:18:37.442,1.35837,1.35867,1.50,1.30
2010.12.01 13:18:37.555,1.35829,1.35867,3.20,1.30
2010.12.01 13:18:38.165,1.35835,1.35867,1.70,1.30
2010.12.01 13:18:38.514,1.35835,1.35868,1.80,1.30
2010.12.01 13:18:38.934,1.35826,1.35861,1.70,2.50
2010.12.01 13:18:39.044,1.35826,1.35861,1.60,2.50
2010.12.01 13:18:39.664,1.3583,1.35861,1.10,2.50
2010.12.01 13:18:39.785,1.35832,1.35861,1.10,2.50
2010.12.01 13:18:39.895,1.35831,1.35865,1.80,1.30
2010.12.01 13:18:40.005,1.35832,1.35865,1.10,1.30
2010.12.01 13:18:41.670,1.35831,1.35865,1.80,1.30
2010.12.01 13:18:42.555,1.35831,1.35865,1.60,1.30
2010.12.01 13:18:42.775,1.35831,1.35865,1.60,1.30
2010.12.01 13:18:43.371,1.35826,1.35861,1.70,2.50
2010.12.01 13:18:43.707,1.35829,1.35863,4.70,1.20
2010.12.01 13:18:44.015,1.35835,1.35868,1.50,1.40
2010.12.01 13:18:44.200,1.35832,1.35873,4.10,1.30
2010.12.01 13:18:44.596,1.35832,1.35871,1.50,2.50
2010.12.01 13:18:44.739,1.35831,1.35872,5.20,1.30
2010.12.01 13:18:45.244,1.35842,1.35872,1.50,1.30
2010.12.01 13:18:45.377,1.35843,1.35878,1.50,1.90
2010.12.01 13:18:47.021,1.35845,1.35878,2.40,1.90
2010.12.01 13:18:48.957,1.35845,1.35879,3.20,6.10
2010.12.01 13:18:49.076,1.35845,1.35879,2.40,6.10
2010.12.01 13:18:50.330,1.35854,1.35885,1.90,4.90
2010.12.01 13:18:50.448,1.35851,1.35881,3.10,1.60
2010.12.01 13:18:50.992,1.35849,1.35875,2.30,2.40
2010.12.01 13:18:51.643,1.35847,1.35876,1.20,2.00
2010.12.01 13:18:51.864,1.35846,1.35876,1.50,2.70
2010.12.01 13:18:53.006,1.35853,1.35879,1.70,1.50
2010.12.01 13:18:53.706,1.35853,1.35882,1.70,1.90
2010.12.01 13:18:53.849,1.35849,1.3588,1.50,2.70
2010.12.01 13:18:54.295,1.35851,1.35886,2.60,1.30
2010.12.01 13:18:54.802,1.35851,1.35886,3.30,1.30
2010.12.01 13:18:54.918,1.35852,1.35889,1.50,1.30
2010.12.01 13:18:55.635,1.35851,1.35891,3.30,1.60
2010.12.01 13:18:55.747,1.35857,1.3589,1.90,4.70
2010.12.01 13:18:57.376,1.35857,1.35892,2.60,8.90
2010.12.01 13:18:57.595,1.35867,1.35892,1.70,2.80
2010.12.01 13:18:57.816,1.35863,1.35892,1.60,1.30
2010.12.01 13:18:57.929,1.35858,1.35892,1.90,1.30
2010.12.01 13:18:58.468,1.35852,1.35885,1.50,1.10
2010.12.01 13:18:58.584,1.35851,1.35885,1.50,1.10
2010.12.01 13:18:59.043,1.3586,1.35888,1.60,1.30
2010.12.01 13:18:59.374,1.35862,1.35893,1.60,2.50
2010.12.01 13:18:59.485,1.35862,1.35893,1.60,2.50
2010.12.01 13:19:00.537,1.35868,1.3589,1.60,1.30
2010.12.01 13:19:01.035,1.35871,1.35894,1.70,1.30
2010.12.01 13:19:01.161,1.35861,1.35893,3.50,1.20
2010.12.01 13:19:01.278,1.35861,1.35891,1.70,1.70
2010.12.01 13:19:01.401,1.35858,1.35886,2.40,1.20
2010.12.01 13:19:01.884,1.35852,1.35883,1.70,2.50
2010.12.01 13:19:02.586,1.35852,1.35883,1.80,2.50
2010.12.01 13:19:03.176,1.3585,1.35884,1.70,2.50
2010.12.01 13:19:03.618,1.3585,1.35884,1.60,2.50
2010.12.01 13:19:03.845,1.3585,1.35884,1.70,2.50
2010.12.01 13:19:04.256,1.35854,1.35884,1.50,2.50
2010.12.01 13:19:06.978,1.35856,1.35886,3.30,2.40
2010.12.01 13:19:07.552,1.35863,1.3589,1.70,1.60
2010.12.01 13:19:07.886,1.35863,1.35892,1.70,2.00
2010.12.01 13:19:08.389,1.35857,1.35892,1.60,1.90
2010.12.01 13:19:09.350,1.35853,1.35885,3.40,1.60
2010.12.01 13:19:10.169,1.35861,1.35889,1.70,2.40
2010.12.01 13:19:10.776,1.35862,1.35895,1.70,2.40
2010.12.01 13:19:11.108,1.3586,1.35892,1.70,13.60
2010.12.01 13:19:11.601,1.35853,1.35887,1.50,2.70
2010.12.01 13:19:12.226,1.35852,1.35885,1.50,2.30
2010.12.01 13:19:13.419,1.3585,1.35878,1.50,1.90
2010.12.01 13:19:14.268,1.3585,1.35878,1.50,1.80
2010.12.01 13:19:15.333,1.35857,1.35888,1.70,2.60
2010.12.01 13:19:15.448,1.35857,1.35888,1.70,2.60
2010.12.01 13:19:15.678,1.35858,1.35888,1.50,2.60
2010.12.01 13:19:17.203,1.35858,1.35888,1.50,2.70
2010.12.01 13:19:17.423,1.35857,1.35886,1.70,1.20
2010.12.01 13:19:18.117,1.35858,1.35883,1.50,1.70
2010.12.01 13:19:18.236,1.35852,1.35883,1.50,2.10
2010.12.01 13:19:18.347,1.35852,1.3588,1.50,1.40
2010.12.01 13:19:18.757,1.3585,1.35879,1.50,1.10
2010.12.01 13:19:18.915,1.35853,1.35882,1.50,2.50
2010.12.01 13:19:19.405,1.35849,1.35882,3.20,2.50
2010.12.01 13:19:20.417,1.35857,1.35882,1.50,1.70
2010.12.01 13:19:20.544,1.3586,1.35887,1.70,1.60
2010.12.01 13:19:21.079,1.3586,1.35892,1.70,5.20
2010.12.01 13:19:21.974,1.3586,1.35892,2.60,5.10
2010.12.01 13:19:22.422,1.3587,1.35899,1.70,1.30
2010.12.01 13:19:22.535,1.3587,1.359,2.60,1.20
2010.12.01 13:19:22.756,1.35869,1.35901,1.70,1.30
2010.12.01 13:19:23.174,1.35869,1.35897,1.70,1.10
2010.12.01 13:19:23.286,1.35863,1.35884,1.70,1.70
2010.12.01 13:19:23.687,1.35866,1.35892,1.70,1.10
2010.12.01 13:19:24.025,1.35858,1.35888,1.50,1.80
2010.12.01 13:19:24.924,1.35855,1.35885,1.50,1.10
2010.12.01 13:19:25.034,1.35855,1.35885,1.50,1.10
2010.12.01 13:19:26.114,1.3585,1.35882,2.00,2.50
2010.12.01 13:19:26.925,1.35856,1.35888,1.90,5.70
2010.12.01 13:19:27.046,1.35858,1.35888,1.70,2.50
2010.12.01 13:19:27.157,1.35859,1.35888,1.10,1.50
2010.12.01 13:19:27.541,1.35866,1.35888,1.70,1.50
2010.12.01 13:19:27.663,1.35866,1.35893,2.40,2.40
2010.12.01 13:19:28.928,1.35867,1.35899,1.70,2.50
2010.12.01 13:19:29.373,1.35869,1.359,1.50,9.10
2010.12.01 13:19:29.598,1.35869,1.35901,1.50,1.10
2010.12.01 13:19:30.008,1.35866,1.35899,1.50,2.60
2010.12.01 13:19:30.156,1.35864,1.35895,1.50,2.50
2010.12.01 13:19:30.878,1.35861,1.35895,1.60,2.50
2010.12.01 13:19:32.356,1.35856,1.35888,2.80,2.50
2010.12.01 13:19:33.004,1.35859,1.35895,1.50,2.50
2010.12.01 13:19:33.116,1.35866,1.35898,1.70,4.70
2010.12.01 13:19:33.443,1.35866,1.359,2.60,4.10
2010.12.01 13:19:33.703,1.35868,1.359,1.50,4.20
2010.12.01 13:19:34.249,1.35866,1.359,3.20,10.00
2010.12.01 13:19:34.364,1.35866,1.359,2.40,10.00
2010.12.01 13:19:36.073,1.35866,1.359,2.40,11.80
2010.12.01 13:19:36.553,1.35858,1.35894,1.60,1.90
2010.12.01 13:19:37.287,1.35858,1.35894,1.60,1.30
2010.12.01 13:19:37.800,1.35867,1.35899,1.70,5.20
2010.12.01 13:19:38.134,1.35865,1.35899,2.40,5.20
2010.12.01 13:19:38.637,1.35865,1.35888,1.70,1.30
2010.12.01 13:19:38.761,1.35859,1.35888,1.50,2.60
2010.12.01 13:19:42.644,1.35859,1.35888,1.50,5.10
2010.12.01 13:19:42.762,1.35859,1.35887,1.50,2.40
2010.12.01 13:19:43.224,1.35855,1.35881,1.70,1.80
2010.12.01 13:19:43.340,1.35857,1.35884,1.70,1.30
2010.12.01 13:19:43.778,1.35859,1.35891,1.50,2.50
2010.12.01 13:19:44.522,1.35857,1.35888,1.70,1.10
2010.12.01 13:19:44.655,1.35852,1.35884,2.40,1.10
2010.12.01 13:19:44.875,1.35851,1.35884,1.50,1.50
2010.12.01 13:19:46.199,1.35852,1.35888,2.40,1.30
2010.12.01 13:19:46.321,1.35852,1.35888,2.40,1.30
2010.12.01 13:19:47.618,1.3585,1.35885,1.50,1.90
2010.12.01 13:19:48.547,1.35847,1.35871,1.50,1.80
2010.12.01 13:19:48.668,1.35841,1.35879,3.10,1.90
2010.12.01 13:19:49.098,1.35844,1.35872,1.70,1.80
2010.12.01 13:19:49.234,1.35855,1.35884,1.50,2.80
2010.12.01 13:19:51.056,1.35858,1.35891,1.70,1.30
2010.12.01 13:19:51.285,1.35862,1.35896,1.60,3.00
2010.12.01 13:19:51.729,1.35856,1.35891,1.50,2.50
2010.12.01 13:19:56.213,1.35858,1.3589,1.70,4.70
2010.12.01 13:19:56.770,1.35858,1.35889,2.40,3.40
2010.12.01 13:19:56.891,1.35858,1.35883,1.70,1.10
2010.12.01 13:19:57.117,1.35849,1.35882,2.50,1.20
2010.12.01 13:19:57.582,1.35851,1.35888,1.50,2.00
2010.12.01 13:19:58.400,1.3585,1.35883,1.50,5.10
2010.12.01 13:19:58.517,1.35847,1.35878,2.40,1.30
2010.12.01 13:19:58.636,1.35847,1.35878,1.70,2.80
2010.12.01 13:19:58.757,1.35843,1.35878,1.20,2.80
2010.12.01 13:19:59.198,1.35848,1.35878,1.70,1.30
2010.12.01 13:20:00.096,1.35848,1.35878,2.40,1.30
2010.12.01 13:20:00.252,1.35848,1.35883,1.70,2.80
2010.12.01 13:20:00.369,1.3587,1.35887,1.70,2.40
2010.12.01 13:20:00.855,1.35865,1.35894,1.90,9.90
2010.12.01 13:20:01.284,1.35869,1.35892,1.70,1.70
2010.12.01 13:20:01.433,1.35877,1.35901,1.50,1.70
2010.12.01 13:20:01.804,1.35869,1.35902,1.70,4.00
2010.12.01 13:20:01.984,1.3587,1.35899,1.50,2.60
2010.12.01 13:20:02.371,1.35857,1.35881,2.40,1.70
2010.12.01 13:20:02.519,1.35855,1.35886,1.50,1.60
2010.12.01 13:20:02.642,1.35852,1.35882,1.50,1.80
2010.12.01 13:20:03.140,1.35847,1.35874,1.50,2.90
2010.12.01 13:20:03.552,1.35846,1.35863,1.60,2.50
2010.12.01 13:20:04.084,1.35846,1.35862,1.60,1.30
2010.12.01 13:20:04.241,1.35847,1.35873,1.70,1.80
2010.12.01 13:20:05.003,1.35854,1.35874,1.90,1.70
2010.12.01 13:20:05.419,1.3586,1.35884,1.70,4.00
2010.12.01 13:20:06.017,1.3586,1.3589,1.70,2.10
2010.12.01 13:20:06.359,1.3586,1.35886,1.70,1.50
2010.12.01 13:20:06.781,1.3585,1.3588,1.90,1.30
2010.12.01 13:20:06.896,1.3585,1.3588,1.70,1.30
2010.12.01 13:20:07.252,1.35851,1.35878,1.90,2.40
2010.12.01 13:20:07.463,1.35839,1.3587,1.50,1.30
2010.12.01 13:20:07.577,1.35844,1.35871,1.70,2.90
2010.12.01 13:20:08.127,1.35844,1.35871,1.70,2.90
2010.12.01 13:20:08.692,1.35836,1.35868,1.60,1.30
2010.12.01 13:20:09.149,1.35843,1.35867,1.70,1.30
2010.12.01 13:20:09.742,1.35836,1.35867,1.70,2.50
2010.12.01 13:20:10.316,1.35831,1.35864,2.40,1.10
2010.12.01 13:20:13.310,1.35835,1.35868,1.70,1.30
2010.12.01 13:20:13.429,1.35836,1.35871,1.70,2.50
2010.12.01 13:20:13.812,1.35836,1.35872,2.40,5.70
2010.12.01 13:20:14.481,1.35847,1.35876,1.70,5.80
2010.12.01 13:20:14.612,1.35835,1.3587,2.40,1.20
2010.12.01 13:20:14.731,1.35835,1.35872,2.40,7.60
2010.12.01 13:20:15.251,1.35835,1.35871,2.60,2.50
2010.12.01 13:20:15.477,1.35835,1.35871,2.50,2.50
2010.12.01 13:20:15.705,1.35837,1.35871,3.40,2.50
2010.12.01 13:20:16.524,1.35847,1.35872,1.70,2.50
2010.12.01 13:20:17.090,1.35838,1.35875,2.40,1.90
2010.12.01 13:20:17.431,1.35847,1.35875,1.70,1.30
2010.12.01 13:20:17.833,1.3584,1.35872,2.40,2.60
2010.12.01 13:20:17.954,1.3584,1.35871,1.70,4.70
2010.12.01 13:20:18.394,1.3584,1.35872,1.70,5.10
2010.12.01 13:20:18.893,1.3584,1.35872,2.40,5.20
2010.12.01 13:20:20.092,1.3584,1.35868,2.40,2.50
2010.12.01 13:20:20.315,1.3584,1.35868,2.40,1.70
2010.12.01 13:20:20.424,1.35843,1.35868,1.50,1.70
2010.12.01 13:20:21.604,1.35843,1.35868,1.50,1.80
2010.12.01 13:20:22.117,1.35847,1.35875,3.20,2.50
2010.12.01 13:20:22.604,1.35848,1.35877,3.20,1.90
2010.12.01 13:20:22.750,1.35849,1.35884,1.50,4.70
2010.12.01 13:20:24.906,1.35849,1.35882,1.50,7.80
2010.12.01 13:20:25.025,1.35845,1.3588,1.50,4.70
2010.12.01 13:20:25.452,1.35842,1.3588,1.50,1.90
2010.12.01 13:20:28.102,1.35836,1.3587,1.50,2.60
2010.12.01 13:20:28.436,1.35836,1.35856,1.50,4.50
2010.12.01 13:20:28.950,1.35824,1.35835,4.30,1.60
2010.12.01 13:20:29.518,1.35807,1.35843,1.50,5.30
2010.12.01 13:20:30.182,1.35807,1.35842,1.50,1.10
2010.12.01 13:20:30.858,1.35807,1.35835,1.50,1.80
2010.12.01 13:20:31.792,1.35806,1.35835,2.70,2.50
2010.12.01 13:20:32.018,1.35811,1.3584,1.70,1.30
2010.12.01 13:20:32.384,1.35808,1.35841,1.70,8.70
2010.12.01 13:20:32.528,1.35802,1.35839,1.70,4.90
2010.12.01 13:20:32.950,1.3582,1.35839,1.70,2.60
2010.12.01 13:20:33.069,1.3581,1.35839,1.70,4.90
2010.12.01 13:20:33.698,1.35819,1.35843,1.70,1.30
2010.12.01 13:20:34.176,1.35819,1.35849,3.40,2.50
2010.12.01 13:20:35.897,1.35816,1.35836,7.10,1.50
2010.12.01 13:20:36.018,1.3583,1.35836,1.70,1.20
2010.12.01 13:20:36.410,1.35821,1.35833,2.40,1.20
2010.12.01 13:20:36.543,1.35793,1.35817,1.70,1.10
2010.12.01 13:20:36.662,1.35784,1.35816,3.80,1.30
2010.12.01 13:20:36.984,1.35785,1.35816,1.50,1.30
2010.12.01 13:20:38.186,1.35791,1.35822,3.30,2.50
2010.12.01 13:20:38.627,1.35801,1.35831,2.40,2.90
2010.12.01 13:20:38.854,1.35801,1.35829,2.40,1.20
2010.12.01 13:20:39.312,1.35793,1.35821,1.60,2.50
2010.12.01 13:20:39.811,1.3579,1.35821,3.30,2.50
2010.12.01 13:20:39.950,1.3579,1.35821,1.80,2.50
2010.12.01 13:20:40.575,1.35782,1.35818,1.70,2.50
2010.12.01 13:20:40.692,1.35782,1.35818,1.70,2.50
2010.12.01 13:20:40.805,1.35787,1.35818,1.90,2.50
2010.12.01 13:20:41.255,1.35788,1.35821,1.70,2.50
2010.12.01 13:20:41.380,1.35795,1.35821,1.50,1.70
2010.12.01 13:20:42.433,1.35797,1.35827,1.70,1.80
2010.12.01 13:20:42.610,1.358,1.35831,1.50,1.90
2010.12.01 13:20:44.017,1.35804,1.35833,1.50,2.50
2010.12.01 13:20:45.009,1.35804,1.35832,1.50,1.20
2010.12.01 13:20:45.135,1.35802,1.35832,1.50,2.60
2010.12.01 13:20:45.246,1.35799,1.35832,1.50,5.00
2010.12.01 13:20:45.771,1.358,1.35828,1.70,1.70
2010.12.01 13:20:45.888,1.35806,1.35833,1.70,1.70
2010.12.01 13:20:46.006,1.35806,1.35839,1.70,2.60
2010.12.01 13:20:46.418,1.35799,1.35829,3.20,2.50
2010.12.01 13:20:46.945,1.35797,1.35829,1.50,2.50
2010.12.01 13:20:47.075,1.358,1.35826,1.70,1.90
2010.12.01 13:20:47.563,1.35814,1.35828,1.50,1.60
2010.12.01 13:20:47.685,1.35806,1.35832,1.50,3.30
2010.12.01 13:20:48.492,1.3582,1.35838,1.70,1.80
2010.12.01 13:20:48.605,1.3582,1.35842,1.70,1.80
2010.12.01 13:20:49.134,1.3582,1.35846,1.70,1.20
2010.12.01 13:20:49.482,1.35813,1.35842,2.40,1.20
2010.12.01 13:20:49.938,1.35812,1.35842,1.70,1.20
2010.12.01 13:20:51.312,1.35803,1.35832,1.80,2.50
2010.12.01 13:20:51.941,1.35803,1.35832,2.00,2.50
2010.12.01 13:20:52.064,1.35812,1.35839,1.70,1.20
2010.12.01 13:20:52.178,1.35804,1.35837,1.50,5.10
2010.12.01 13:20:52.759,1.35813,1.35837,1.70,5.00
2010.12.01 13:20:53.648,1.35813,1.3584,1.70,2.30
2010.12.01 13:20:53.765,1.35807,1.3584,2.30,2.80
2010.12.01 13:20:54.219,1.35808,1.3584,1.70,1.30
2010.12.01 13:20:54.335,1.35805,1.3584,2.60,1.30
2010.12.01 13:20:54.892,1.35806,1.35837,3.20,2.50
2010.12.01 13:20:55.020,1.35808,1.35836,1.60,2.50
2010.12.01 13:20:55.506,1.35808,1.35836,2.50,2.50
2010.12.01 13:20:55.656,1.35815,1.35842,2.60,1.50
2010.12.01 13:20:55.778,1.35823,1.35842,1.70,1.50
2010.12.01 13:20:56.187,1.35823,1.35851,2.40,2.50
2010.12.01 13:20:56.858,1.35822,1.35841,1.50,1.70
2010.12.01 13:20:57.378,1.35826,1.35851,1.50,1.70
2010.12.01 13:20:57.827,1.35826,1.35847,1.50,2.40
2010.12.01 13:20:58.271,1.35815,1.35845,2.40,1.10
2010.12.01 13:20:58.887,1.35811,1.35844,1.70,2.60
2010.12.01 13:20:59.050,1.3582,1.35849,1.50,1.60
2010.12.01 13:21:00.144,1.35824,1.35847,1.50,1.70
2010.12.01 13:21:00.657,1.35825,1.35855,1.50,1.60
2010.12.01 13:21:00.776,1.35829,1.35855,1.50,2.00
2010.12.01 13:21:01.116,1.35826,1.35848,1.50,1.70
2010.12.01 13:21:02.008,1.35826,1.35852,1.50,1.70
2010.12.01 13:21:02.634,1.35826,1.35852,1.50,1.80
2010.12.01 13:21:04.224,1.35826,1.35852,1.50,1.80
2010.12.01 13:21:06.815,1.35826,1.35852,1.50,1.80
2010.12.01 13:21:07.720,1.35826,1.35852,1.50,1.80
2010.12.01 13:21:07.834,1.35826,1.35852,1.50,1.70
2010.12.01 13:21:08.569,1.35827,1.35851,1.20,1.70
2010.12.01 13:21:08.687,1.35828,1.3586,1.20,1.20
2010.12.01 13:21:08.806,1.3583,1.35862,1.50,2.60
2010.12.01 13:21:09.357,1.35836,1.35867,1.70,1.20
2010.12.01 13:21:09.585,1.3583,1.35865,1.50,1.50
2010.12.01 13:21:10.209,1.35837,1.35864,1.70,4.90
2010.12.01 13:21:10.748,1.35837,1.35868,1.70,1.90
2010.12.01 13:21:10.878,1.35837,1.35869,1.70,2.50
2010.12.01 13:21:11.778,1.35834,1.35869,1.50,5.00
2010.12.01 13:21:12.125,1.35823,1.35852,3.20,2.50
2010.12.01 13:21:12.874,1.35824,1.35857,2.50,1.30
2010.12.01 13:21:13.535,1.35825,1.35852,1.50,2.50
2010.12.01 13:21:13.774,1.35827,1.35852,1.60,2.50
2010.12.01 13:21:13.887,1.35832,1.35861,1.70,2.50
2010.12.01 13:21:14.377,1.35824,1.35854,3.90,1.70
2010.12.01 13:21:14.497,1.35824,1.35854,2.40,2.50
2010.12.01 13:21:14.957,1.3582,1.35854,1.50,2.50
2010.12.01 13:21:15.423,1.35828,1.35858,1.70,2.60
2010.12.01 13:21:15.538,1.35828,1.35858,1.70,2.60
2010.12.01 13:21:15.956,1.35819,1.35844,1.50,1.80
2010.12.01 13:21:16.174,1.35818,1.35851,1.70,2.50
2010.12.01 13:21:16.583,1.35818,1.35851,1.70,2.50
2010.12.01 13:21:17.586,1.35818,1.35852,1.80,1.30
2010.12.01 13:21:18.590,1.35818,1.3585,1.80,2.40
2010.12.01 13:21:19.617,1.35818,1.35851,1.80,2.50
2010.12.01 13:21:20.147,1.35818,1.35851,1.80,2.50
2010.12.01 13:21:20.485,1.35819,1.35845,1.10,1.70
2010.12.01 13:21:20.597,1.35817,1.35845,3.00,1.70
2010.12.01 13:21:21.081,1.35818,1.35854,2.60,2.50
2010.12.01 13:21:21.197,1.3582,1.35854,1.50,2.50
2010.12.01 13:21:21.612,1.35829,1.35859,1.70,1.80
2010.12.01 13:21:22.061,1.35838,1.3586,1.70,2.40
2010.12.01 13:21:22.489,1.35827,1.35854,1.20,1.80
2010.12.01 13:21:22.605,1.3583,1.35855,1.70,1.70
2010.12.01 13:21:22.715,1.3583,1.35855,1.70,1.70
2010.12.01 13:21:23.362,1.35824,1.35855,1.60,4.30
2010.12.01 13:21:24.298,1.35822,1.35851,1.50,2.00
2010.12.01 13:21:25.636,1.35822,1.35846,1.50,1.80
2010.12.01 13:21:25.745,1.35817,1.35846,1.50,1.80
2010.12.01 13:21:26.318,1.35817,1.35846,1.50,1.90
2010.12.01 13:21:26.845,1.35817,1.35849,1.50,2.70
2010.12.01 13:21:27.396,1.35817,1.35848,1.50,2.60
2010.12.01 13:21:28.044,1.35825,1.35848,1.50,1.70
2010.12.01 13:21:28.517,1.35826,1.35858,1.20,1.80
2010.12.01 13:21:28.645,1.35824,1.3585,3.00,3.40
2010.12.01 13:21:29.076,1.35824,1.3585,1.50,2.50
2010.12.01 13:21:29.202,1.35816,1.35845,2.80,4.00
2010.12.01 13:21:29.318,1.35812,1.3584,1.90,2.70
2010.12.01 13:21:29.885,1.35812,1.35844,1.50,2.40
2010.12.01 13:21:31.066,1.35812,1.35845,1.50,1.40
2010.12.01 13:21:31.285,1.35818,1.35849,1.20,4.90
2010.12.01 13:21:32.235,1.35818,1.35852,1.20,2.00
2010.12.01 13:21:32.344,1.35821,1.35852,1.50,2.00
2010.12.01 13:21:32.799,1.35818,1.35845,1.50,1.70
2010.12.01 13:21:33.136,1.3582,1.35849,2.40,1.70
2010.12.01 13:21:33.540,1.35822,1.35852,3.00,2.50
2010.12.01 13:21:33.768,1.3582,1.35852,4.10,2.50
2010.12.01 13:21:33.996,1.35822,1.35852,1.50,2.50
2010.12.01 13:21:34.451,1.35821,1.35852,2.40,2.50
2010.12.01 13:21:34.602,1.35824,1.35849,1.50,1.60
2010.12.01 13:21:34.716,1.35824,1.35853,1.50,2.50
2010.12.01 13:21:35.763,1.35821,1.3585,1.50,1.10
2010.12.01 13:21:35.987,1.35818,1.35845,2.50,1.70
2010.12.01 13:21:36.286,1.35822,1.35851,1.70,2.50
2010.12.01 13:21:39.123,1.35821,1.35854,1.70,2.90
2010.12.01 13:21:40.118,1.35816,1.3585,2.30,2.50
2010.12.01 13:21:41.187,1.35819,1.35841,1.70,2.10
2010.12.01 13:21:41.337,1.35808,1.35838,1.70,5.10
2010.12.01 13:21:43.745,1.35811,1.35838,1.50,5.10
2010.12.01 13:21:44.073,1.35811,1.35838,1.50,2.60
2010.12.01 13:21:44.672,1.35812,1.35838,1.50,2.50
2010.12.01 13:21:44.802,1.3583,1.35841,1.70,2.50
2010.12.01 13:21:45.029,1.3583,1.35849,1.70,1.60
2010.12.01 13:21:45.467,1.3583,1.35862,2.40,1.30
2010.12.01 13:21:45.587,1.35836,1.35862,1.70,1.30
2010.12.01 13:21:45.705,1.35836,1.35866,1.70,4.70
2010.12.01 13:21:47.505,1.35829,1.35865,3.20,1.20
2010.12.01 13:21:47.724,1.35831,1.35865,1.20,2.60
2010.12.01 13:21:48.476,1.35828,1.35853,1.50,2.40
2010.12.01 13:21:48.961,1.35823,1.35853,1.50,2.40
2010.12.01 13:21:49.082,1.35828,1.3586,1.50,2.50
2010.12.01 13:21:49.417,1.35825,1.35853,1.50,2.40
2010.12.01 13:21:50.914,1.35828,1.35857,1.50,1.60
2010.12.01 13:21:51.137,1.35823,1.35854,2.30,1.10
2010.12.01 13:21:51.750,1.35824,1.35855,1.70,4.00
2010.12.01 13:21:51.985,1.35822,1.35844,1.60,1.70
2010.12.01 13:21:52.392,1.35822,1.35858,3.00,1.30
2010.12.01 13:21:52.506,1.35822,1.35858,4.60,1.30
2010.12.01 13:21:53.135,1.35822,1.35852,1.50,1.30
2010.12.01 13:21:53.464,1.35824,1.35852,1.50,1.30
2010.12.01 13:21:53.793,1.35821,1.35852,2.50,1.30
2010.12.01 13:21:53.960,1.35825,1.3586,1.50,1.60
2010.12.01 13:21:54.831,1.35829,1.35862,1.70,1.90
2010.12.01 13:21:55.533,1.3583,1.35866,1.50,1.90
2010.12.01 13:21:56.114,1.35831,1.35867,2.40,2.70
2010.12.01 13:21:56.537,1.35835,1.35869,1.50,1.30
2010.12.01 13:21:58.356,1.35835,1.35864,1.50,5.10
2010.12.01 13:21:58.718,1.35835,1.35864,1.50,5.20
2010.12.01 13:21:58.947,1.35835,1.35859,1.50,1.70
2010.12.01 13:21:59.064,1.3583,1.35859,1.50,2.20
2010.12.01 13:21:59.469,1.35828,1.3586,1.50,1.20
2010.12.01 13:22:00.688,1.35834,1.35865,1.50,2.60
2010.12.01 13:22:02.330,1.35834,1.35861,1.50,1.10
2010.12.01 13:22:02.854,1.35829,1.35861,3.00,1.20
2010.12.01 13:22:07.528,1.35829,1.35845,1.50,1.70
2010.12.01 13:22:08.100,1.35821,1.35845,1.50,1.70
2010.12.01 13:22:08.247,1.35826,1.3586,1.50,5.40
2010.12.01 13:22:08.889,1.35827,1.35865,2.40,8.70
2010.12.01 13:22:09.009,1.35829,1.35865,1.50,4.90
2010.12.01 13:22:10.154,1.35829,1.35854,1.50,1.70
2010.12.01 13:22:10.380,1.35829,1.35863,1.50,2.70
2010.12.01 13:22:10.603,1.35831,1.35864,1.50,1.10
2010.12.01 13:22:11.026,1.35834,1.35864,1.50,1.10
2010.12.01 13:22:11.688,1.35836,1.35866,1.50,1.70
2010.12.01 13:22:11.873,1.35841,1.35875,1.50,6.40
2010.12.01 13:22:12.399,1.35841,1.35875,1.50,5.40
2010.12.01 13:22:13.696,1.35845,1.35865,2.30,1.70
2010.12.01 13:22:14.272,1.3584,1.35873,1.50,2.50
2010.12.01 13:22:14.497,1.35844,1.35876,1.50,4.00
2010.12.01 13:22:15.436,1.35844,1.3587,1.50,1.70
2010.12.01 13:22:15.870,1.35843,1.35874,1.70,1.10
2010.12.01 13:22:16.477,1.35843,1.35879,1.60,2.50
2010.12.01 13:22:18.494,1.35854,1.35885,1.50,1.20
2010.12.01 13:22:18.930,1.3585,1.35878,2.30,2.50
2010.12.01 13:22:19.156,1.35845,1.35879,1.50,4.90
2010.12.01 13:22:19.732,1.35845,1.35881,3.00,2.50
2010.12.01 13:22:20.365,1.35851,1.35883,2.80,2.40
2010.12.01 13:22:20.947,1.35846,1.3586,1.60,1.80
2010.12.01 13:22:21.119,1.35831,1.35868,1.50,1.50
2010.12.01 13:22:21.669,1.35835,1.35868,1.70,1.10
2010.12.01 13:22:21.796,1.35836,1.35872,1.50,2.90
2010.12.01 13:22:22.658,1.35831,1.35868,1.50,2.20
2010.12.01 13:22:22.783,1.35831,1.35868,1.50,2.00
2010.12.01 13:22:23.162,1.35837,1.3587,1.50,2.60
2010.12.01 13:22:23.323,1.35837,1.3587,1.50,2.60
2010.12.01 13:22:24.062,1.35838,1.35865,1.50,2.90
2010.12.01 13:22:24.177,1.35835,1.35865,1.50,2.90
2010.12.01 13:22:24.302,1.35829,1.35865,2.40,2.90
2010.12.01 13:22:24.525,1.35829,1.35865,2.40,2.90
2010.12.01 13:22:24.895,1.35829,1.35864,2.40,2.40
2010.12.01 13:22:25.136,1.35829,1.35864,2.40,2.40
2010.12.01 13:22:26.183,1.3583,1.35865,1.70,2.90
2010.12.01 13:22:26.404,1.35833,1.35866,3.30,2.50
2010.12.01 13:22:26.516,1.35839,1.3587,1.70,6.10
2010.12.01 13:22:26.991,1.35839,1.35873,4.40,2.50
2010.12.01 13:22:27.104,1.3584,1.35873,2.10,2.50
2010.12.01 13:22:27.805,1.35841,1.35873,2.30,2.50
2010.12.01 13:22:28.138,1.35837,1.35861,2.40,1.70
2010.12.01 13:22:28.259,1.35834,1.35861,1.50,1.70
2010.12.01 13:22:31.480,1.35837,1.3587,1.20,2.50
2010.12.01 13:22:32.684,1.35837,1.35861,1.20,1.70
2010.12.01 13:22:33.346,1.35839,1.35861,1.90,1.70
2010.12.01 13:22:33.850,1.3584,1.35866,1.20,1.10
2010.12.01 13:22:33.969,1.35843,1.35871,1.50,1.80
2010.12.01 13:22:35.015,1.35849,1.35876,1.70,1.10
2010.12.01 13:22:35.632,1.3585,1.3588,1.20,4.90
2010.12.01 13:22:35.780,1.35851,1.35879,1.20,2.50
2010.12.01 13:22:35.897,1.35851,1.35871,1.20,1.70
2010.12.01 13:22:36.520,1.35846,1.35871,1.50,1.80
2010.12.01 13:22:40.539,1.3585,1.35875,1.20,1.60
2010.12.01 13:22:40.655,1.3585,1.35872,1.20,1.70
2010.12.01 13:22:41.634,1.35853,1.35882,1.70,2.80
2010.12.01 13:22:41.965,1.35853,1.35878,1.70,2.00
2010.12.01 13:22:42.530,1.35845,1.35865,1.70,1.10
2010.12.01 13:22:42.647,1.35833,1.35864,1.20,2.70
2010.12.01 13:22:42.765,1.35834,1.35861,1.20,1.10
2010.12.01 13:22:44.298,1.3583,1.35861,3.20,2.70
2010.12.01 13:22:46.062,1.35834,1.35859,1.20,1.10
2010.12.01 13:22:46.181,1.35825,1.35855,1.50,2.50
2010.12.01 13:22:46.566,1.35832,1.35855,1.50,1.70
2010.12.01 13:22:46.725,1.35834,1.35866,1.20,5.00
2010.12.01 13:22:47.542,1.35834,1.35862,1.20,1.20
2010.12.01 13:22:47.671,1.35834,1.35863,1.20,2.50
2010.12.01 13:22:48.335,1.35833,1.35865,1.20,5.00
2010.12.01 13:22:48.815,1.35831,1.35863,2.80,5.20
2010.12.01 13:22:49.638,1.35834,1.35864,1.20,1.20
2010.12.01 13:22:49.781,1.35832,1.35863,1.90,5.20
2010.12.01 13:22:50.836,1.3583,1.35858,1.50,2.40
2010.12.01 13:22:52.168,1.35833,1.35863,1.70,4.70
2010.12.01 13:22:53.483,1.35833,1.35865,2.00,2.40
2010.12.01 13:22:55.303,1.35833,1.35863,1.50,1.20
2010.12.01 13:22:55.817,1.35833,1.35865,1.50,9.10
2010.12.01 13:22:56.035,1.35833,1.35857,1.50,1.60
2010.12.01 13:22:56.152,1.35829,1.35857,1.50,2.50
2010.12.01 13:22:56.837,1.35829,1.35854,1.50,1.70
2010.12.01 13:22:57.287,1.35829,1.35856,1.50,1.20
2010.12.01 13:22:58.033,1.35826,1.35854,1.50,2.10
2010.12.01 13:22:58.143,1.35825,1.35853,1.50,1.20
2010.12.01 13:22:59.007,1.35822,1.35852,1.50,1.50
2010.12.01 13:22:59.574,1.35822,1.35852,1.50,1.60
2010.12.01 13:23:00.166,1.35819,1.35848,1.50,2.80
2010.12.01 13:23:00.398,1.35816,1.35843,1.50,2.10
2010.12.01 13:23:01.033,1.35815,1.35845,1.50,1.10
2010.12.01 13:23:01.365,1.35813,1.35843,1.50,2.10
2010.12.01 13:23:01.717,1.35814,1.35843,1.50,4.50
2010.12.01 13:23:01.859,1.3581,1.35841,3.00,1.20
2010.12.01 13:23:06.112,1.35816,1.35843,1.70,2.40
2010.12.01 13:23:06.224,1.35818,1.35846,1.50,1.70
2010.12.01 13:23:09.323,1.35821,1.35846,3.20,1.70
2010.12.01 13:23:09.444,1.35823,1.35852,1.70,3.40
2010.12.01 13:23:10.072,1.35828,1.35854,1.50,1.60
2010.12.01 13:23:10.406,1.35833,1.35863,1.50,2.50
2010.12.01 13:23:13.349,1.35833,1.35858,1.50,1.50
2010.12.01 13:23:14.356,1.35833,1.35851,1.50,4.50
2010.12.01 13:23:16.683,1.3582,1.35846,1.40,9.40
2010.12.01 13:23:17.071,1.35833,1.3586,2.40,1.10
2010.12.01 13:23:17.619,1.35826,1.35857,1.60,2.50
2010.12.01 13:23:18.258,1.35822,1.35853,3.20,1.10
2010.12.01 13:23:19.090,1.35833,1.35857,1.50,1.70
2010.12.01 13:23:19.949,1.35833,1.35865,1.50,1.10
2010.12.01 13:23:20.495,1.35835,1.35866,1.50,2.50
2010.12.01 13:23:21.090,1.35833,1.35867,1.50,2.70
2010.12.01 13:23:22.531,1.35828,1.35866,2.30,1.30
2010.12.01 13:23:24.476,1.35825,1.3586,3.00,1.10
2010.12.01 13:23:24.585,1.35825,1.3586,2.30,1.10
2010.12.01 13:23:25.230,1.35827,1.3586,1.50,1.10
2010.12.01 13:23:27.648,1.3583,1.35863,1.50,2.50
2010.12.01 13:23:28.085,1.35838,1.35866,1.50,2.70
2010.12.01 13:23:28.224,1.35827,1.35853,1.50,2.80
2010.12.01 13:23:28.446,1.35816,1.35834,2.30,1.70
2010.12.01 13:23:28.853,1.35806,1.35833,1.50,1.70
2010.12.01 13:23:29.074,1.35808,1.35835,1.50,1.60
2010.12.01 13:23:29.713,1.35816,1.35848,1.50,2.50
2010.12.01 13:23:31.043,1.35821,1.35854,1.70,4.10
2010.12.01 13:23:31.265,1.35826,1.35858,1.70,2.90
2010.12.01 13:23:37.742,1.35828,1.35857,1.50,1.70
2010.12.01 13:23:37.855,1.35829,1.35863,1.50,3.00
2010.12.01 13:23:38.409,1.35835,1.35863,1.50,1.60
2010.12.01 13:23:38.745,1.35835,1.35854,1.50,1.80
2010.12.01 13:23:38.973,1.35823,1.35854,1.50,5.60
2010.12.01 13:23:39.390,1.35818,1.35853,1.50,4.90
2010.12.01 13:23:39.616,1.35817,1.35853,1.50,2.50
2010.12.01 13:23:40.008,1.35822,1.35853,1.50,2.50
2010.12.01 13:23:40.676,1.35817,1.3585,1.50,3.40
2010.12.01 13:23:41.166,1.35816,1.35844,1.50,2.50
2010.12.01 13:23:41.605,1.35822,1.35847,1.70,2.50
2010.12.01 13:23:41.997,1.35822,1.35847,3.20,1.60
2010.12.01 13:23:42.118,1.35822,1.35855,3.20,5.20
2010.12.01 13:23:42.570,1.35822,1.3584,1.50,1.70
2010.12.01 13:23:42.692,1.35816,1.3584,1.50,1.70
2010.12.01 13:23:43.181,1.35813,1.35845,1.50,1.70
2010.12.01 13:23:43.514,1.35817,1.35848,1.50,1.60
2010.12.01 13:23:52.369,1.35815,1.3584,2.50,1.70
2010.12.01 13:23:52.803,1.35823,1.35852,1.70,1.40
2010.12.01 13:23:53.027,1.35819,1.35854,1.50,5.10
2010.12.01 13:23:54.703,1.35816,1.35848,1.20,1.40
2010.12.01 13:23:55.038,1.35824,1.35857,1.70,8.70
2010.12.01 13:23:56.386,1.35822,1.3585,1.50,2.70
2010.12.01 13:23:57.045,1.3582,1.3585,1.50,3.30
2010.12.01 13:23:57.513,1.35819,1.35839,1.50,1.70
2010.12.01 13:23:57.735,1.35817,1.35843,1.50,1.20
2010.12.01 13:23:57.956,1.35817,1.35846,1.50,1.20
2010.12.01 13:23:58.331,1.35814,1.35846,1.50,1.20
2010.12.01 13:23:59.674,1.35815,1.35844,2.30,1.20
2010.12.01 13:24:00.234,1.35815,1.35846,2.30,1.20
2010.12.01 13:24:00.348,1.35815,1.35846,1.50,1.40
2010.12.01 13:24:03.035,1.35815,1.35848,3.00,1.50
2010.12.01 13:24:04.850,1.35817,1.3584,2.30,1.70
2010.12.01 13:24:06.059,1.3583,1.35854,1.50,1.90
2010.12.01 13:24:06.465,1.35829,1.35854,2.30,2.90
2010.12.01 13:24:06.584,1.35829,1.35862,2.30,1.60
2010.12.01 13:24:06.924,1.35829,1.35857,2.30,1.20
2010.12.01 13:24:08.268,1.35828,1.35856,3.20,2.20
2010.12.01 13:24:08.946,1.35828,1.35857,3.20,1.20
2010.12.01 13:24:09.396,1.3583,1.35864,2.40,2.60
2010.12.01 13:24:10.383,1.35832,1.35861,1.50,2.50
2010.12.01 13:24:10.511,1.35832,1.35866,2.30,4.90
2010.12.01 13:24:11.252,1.35832,1.35863,1.50,2.50
2010.12.01 13:24:11.368,1.35829,1.35862,1.50,2.50
2010.12.01 13:24:12.035,1.35831,1.35864,1.50,5.60
2010.12.01 13:24:12.520,1.35824,1.35856,1.50,1.10
2010.12.01 13:24:13.576,1.35827,1.35856,1.50,1.10
2010.12.01 13:24:14.927,1.35832,1.3586,1.50,2.50
2010.12.01 13:24:15.250,1.35832,1.3586,1.50,2.50
2010.12.01 13:24:15.374,1.3585,1.35877,1.70,1.40
2010.12.01 13:24:15.597,1.35839,1.35868,1.80,2.50
2010.12.01 13:24:15.718,1.35837,1.35868,3.20,2.50
2010.12.01 13:24:15.845,1.35844,1.35873,1.50,1.60
2010.12.01 13:24:16.356,1.35846,1.35877,1.70,2.50
2010.12.01 13:24:16.468,1.35841,1.35872,1.50,1.20
2010.12.01 13:24:16.916,1.35842,1.35876,1.50,9.40
2010.12.01 13:24:18.547,1.35847,1.35877,1.70,1.20
2010.12.01 13:24:18.668,1.35841,1.35871,2.40,1.70
2010.12.01 13:24:18.787,1.35842,1.35871,1.50,1.70
2010.12.01 13:24:19.126,1.35841,1.35871,3.20,5.20
2010.12.01 13:24:19.838,1.35845,1.35871,1.50,1.70
2010.12.01 13:24:21.060,1.35846,1.35879,2.40,5.30
2010.12.01 13:24:21.995,1.35846,1.35879,2.40,1.60
2010.12.01 13:24:23.315,1.35857,1.35884,1.70,1.40
2010.12.01 13:24:23.424,1.3585,1.35886,1.50,5.20
2010.12.01 13:24:26.217,1.3585,1.35876,1.50,1.10
2010.12.01 13:24:26.709,1.35847,1.35872,1.70,2.70
2010.12.01 13:24:26.869,1.35841,1.35875,1.10,2.40
2010.12.01 13:24:26.987,1.3585,1.3588,1.50,2.70
2010.12.01 13:24:27.657,1.35846,1.35879,2.40,1.20
2010.12.01 13:24:28.162,1.35846,1.35879,1.70,1.50
2010.12.01 13:24:28.298,1.35846,1.35878,1.70,1.90
2010.12.01 13:24:30.292,1.35842,1.35874,1.50,1.50
2010.12.01 13:24:30.628,1.35838,1.35871,2.40,1.10
2010.12.01 13:24:30.747,1.35838,1.35874,2.40,1.90
2010.12.01 13:24:31.150,1.35847,1.35871,1.70,1.10
2010.12.01 13:24:31.597,1.35847,1.35876,1.70,2.50
2010.12.01 13:24:32.636,1.35847,1.35872,1.70,1.10
2010.12.01 13:24:33.141,1.35839,1.3587,1.50,1.90
2010.12.01 13:24:33.260,1.35836,1.3587,2.80,2.70
2010.12.01 13:24:35.535,1.35837,1.3587,1.10,2.70
2010.12.01 13:24:36.084,1.35839,1.3587,1.70,1.10
2010.12.01 13:24:36.755,1.35835,1.35869,3.00,4.00
2010.12.01 13:24:36.878,1.3583,1.35861,1.50,2.80
2010.12.01 13:24:37.105,1.35829,1.35859,1.50,1.10
2010.12.01 13:24:37.925,1.35831,1.35861,1.50,2.70
2010.12.01 13:24:38.034,1.35833,1.35861,1.50,4.10
2010.12.01 13:24:38.571,1.35835,1.35865,1.80,2.50
2010.12.01 13:24:38.686,1.35836,1.35868,1.70,2.50
2010.12.01 13:24:39.234,1.35836,1.35868,1.60,2.50
2010.12.01 13:24:39.465,1.3584,1.35868,1.60,1.80
2010.12.01 13:24:41.625,1.3584,1.35868,1.70,1.80
2010.12.01 13:24:42.131,1.3584,1.35868,1.50,1.80
2010.12.01 13:24:42.562,1.35858,1.35869,1.70,2.10
2010.12.01 13:24:42.791,1.35846,1.35872,2.40,1.80
2010.12.01 13:24:43.017,1.35848,1.35872,1.70,1.80
2010.12.01 13:24:43.408,1.35852,1.35879,1.70,1.60
2010.12.01 13:24:43.796,1.35861,1.35885,1.70,1.80
2010.12.01 13:24:44.198,1.35855,1.35881,1.50,1.90
2010.12.01 13:24:44.330,1.35853,1.35881,1.50,2.70
2010.12.01 13:24:45.339,1.35851,1.3588,1.70,2.50
2010.12.01 13:24:45.865,1.35846,1.35883,2.50,2.50
2010.12.01 13:24:46.019,1.35854,1.35885,1.50,2.50
2010.12.01 13:24:48.841,1.35854,1.35884,1.50,2.50
2010.12.01 13:24:50.777,1.35868,1.35899,1.70,5.70
2010.12.01 13:24:50.898,1.35862,1.35896,2.30,9.10
2010.12.01 13:24:51.414,1.35868,1.35897,1.70,4.70
2010.12.01 13:24:52.105,1.35869,1.35898,1.50,2.50
2010.12.01 13:24:52.447,1.3586,1.35881,1.50,1.70
2010.12.01 13:24:53.119,1.35857,1.35882,1.50,1.70
2010.12.01 13:24:55.839,1.35857,1.35882,1.50,2.40
2010.12.01 13:24:56.196,1.35857,1.3588,1.50,1.70
2010.12.01 13:24:56.332,1.3585,1.3588,1.50,2.80
2010.12.01 13:24:56.445,1.3585,1.35871,1.50,1.70
2010.12.01 13:24:56.555,1.35846,1.35871,1.50,1.70
2010.12.01 13:24:57.231,1.35846,1.35871,1.50,1.70
2010.12.01 13:24:57.704,1.35851,1.3587,1.50,1.80
2010.12.01 13:24:57.832,1.35839,1.35869,2.30,1.60
2010.12.01 13:24:58.215,1.35838,1.3586,1.50,1.70
2010.12.01 13:24:58.368,1.3584,1.35872,2.40,1.30
2010.12.01 13:24:59.076,1.3584,1.35874,2.50,2.50
2010.12.01 13:24:59.294,1.35841,1.35874,1.60,2.50
2010.12.01 13:24:59.517,1.35841,1.35874,1.70,2.50
2010.12.01 13:24:59.947,1.35841,1.35874,1.60,2.50
2010.12.01 13:25:00.067,1.35842,1.35874,2.80,2.50
2010.12.01 13:25:00.303,1.35851,1.35884,1.70,2.40
2010.12.01 13:25:00.766,1.35849,1.35885,3.30,2.50
2010.12.01 13:25:00.877,1.35849,1.35884,3.30,1.30
2010.12.01 13:25:01.489,1.35849,1.35884,3.30,1.30
2010.12.01 13:25:01.725,1.3585,1.35885,1.20,2.50
2010.12.01 13:25:02.059,1.35853,1.35885,1.60,2.50
2010.12.01 13:25:04.044,1.3585,1.3588,1.50,2.50
2010.12.01 13:25:04.154,1.35849,1.3588,2.70,2.50
2010.12.01 13:25:04.758,1.35854,1.3588,1.70,2.50
2010.12.01 13:25:06.033,1.35844,1.35874,5.00,2.50
2010.12.01 13:25:06.145,1.35844,1.35874,2.40,2.50
2010.12.01 13:25:06.559,1.35844,1.35874,5.10,2.50
2010.12.01 13:25:08.167,1.3585,1.35882,1.50,1.20
2010.12.01 13:25:08.410,1.35857,1.35885,1.20,1.80
2010.12.01 13:25:08.526,1.35856,1.35885,1.20,1.80
2010.12.01 13:25:09.080,1.35853,1.35882,2.10,1.30
2010.12.01 13:25:10.983,1.35854,1.35886,1.20,2.50
2010.12.01 13:25:11.315,1.35854,1.35872,1.20,1.90
2010.12.01 13:25:13.227,1.35848,1.35872,1.60,1.90
2010.12.01 13:25:14.173,1.35844,1.35872,1.60,2.00
2010.12.01 13:25:14.396,1.35843,1.35872,2.90,1.90
2010.12.01 13:25:14.881,1.35847,1.35872,1.60,1.90
2010.12.01 13:25:15.105,1.35847,1.35872,1.50,1.90
2010.12.01 13:25:15.438,1.35854,1.35872,1.70,1.90
2010.12.01 13:25:16.224,1.3585,1.35872,1.60,1.90
2010.12.01 13:25:16.885,1.3585,1.35872,1.60,1.90
2010.12.01 13:25:17.524,1.3585,1.35872,1.60,1.90
2010.12.01 13:25:18.904,1.3585,1.35872,2.00,1.90
2010.12.01 13:25:19.614,1.3585,1.35872,2.10,1.90
2010.12.01 13:25:19.737,1.3585,1.35872,2.00,1.90
2010.12.01 13:25:19.855,1.3585,1.35872,2.00,1.90
2010.12.01 13:25:20.794,1.35846,1.35872,1.50,2.00
2010.12.01 13:25:21.465,1.35851,1.35871,3.70,1.90
2010.12.01 13:25:22.102,1.35851,1.35871,3.60,1.90
2010.12.01 13:25:22.228,1.35851,1.35871,3.70,1.90
2010.12.01 13:25:22.462,1.35858,1.35871,1.70,1.90
2010.12.01 13:25:22.874,1.35859,1.35871,1.70,1.90
2010.12.01 13:25:24.794,1.35868,1.359,1.20,2.60
2010.12.01 13:25:27.638,1.35868,1.35899,1.20,2.50
2010.12.01 13:25:27.979,1.35868,1.35886,1.20,1.70
2010.12.01 13:25:28.361,1.35856,1.35881,2.30,1.10
2010.12.01 13:25:28.495,1.35863,1.35885,2.40,1.60
2010.12.01 13:25:28.718,1.35858,1.35884,1.20,1.70
2010.12.01 13:25:31.824,1.35863,1.35886,7.00,2.70
2010.12.01 13:25:32.880,1.35864,1.35886,1.70,1.90
2010.12.01 13:25:33.011,1.35853,1.35882,1.20,2.50
2010.12.01 13:25:33.246,1.35853,1.35882,1.20,2.50
2010.12.01 13:25:33.768,1.35854,1.35886,1.90,1.10
2010.12.01 13:25:33.885,1.35854,1.35886,1.20,1.10
2010.12.01 13:25:34.925,1.35855,1.35887,1.50,4.30
2010.12.01 13:25:35.040,1.35859,1.35887,1.50,2.80
2010.12.01 13:25:36.633,1.35857,1.35881,1.50,1.70
2010.12.01 13:25:36.855,1.3586,1.35881,1.50,1.70
2010.12.01 13:25:36.969,1.35864,1.35887,2.40,2.00
2010.12.01 13:25:37.695,1.35867,1.35887,1.50,1.90
2010.12.01 13:25:39.997,1.35869,1.35887,1.20,1.90
2010.12.01 13:25:40.117,1.35863,1.35887,1.50,1.90
2010.12.01 13:25:40.478,1.3586,1.35887,1.20,1.90
2010.12.01 13:25:40.607,1.3586,1.35887,1.20,2.80
2010.12.01 13:25:41.395,1.35857,1.35884,1.20,1.70
2010.12.01 13:25:41.733,1.35853,1.3588,1.50,2.50
2010.12.01 13:25:42.327,1.35848,1.35873,1.50,1.70
2010.12.01 13:25:42.725,1.35846,1.35873,1.20,1.70
2010.12.01 13:25:42.855,1.35845,1.35873,1.20,2.50
2010.12.01 13:25:43.647,1.35853,1.35875,1.70,2.40
2010.12.01 13:25:43.768,1.35853,1.35878,2.40,1.60
2010.12.01 13:25:44.259,1.35854,1.35878,2.60,1.60
2010.12.01 13:25:44.379,1.35868,1.35886,1.20,1.50
2010.12.01 13:25:46.334,1.35861,1.35887,2.40,2.80
2010.12.01 13:25:47.068,1.35861,1.35887,2.40,2.90
2010.12.01 13:25:47.784,1.35861,1.35887,2.10,2.90
2010.12.01 13:25:48.284,1.35861,1.35887,2.10,2.90
2010.12.01 13:25:48.394,1.35861,1.35887,2.10,2.80
2010.12.01 13:25:49.008,1.35861,1.35887,2.10,2.90
2010.12.01 13:25:49.127,1.35861,1.35881,2.10,1.20
2010.12.01 13:25:50.016,1.35857,1.35881,1.50,1.20
2010.12.01 13:25:50.127,1.35858,1.35881,1.10,1.20
2010.12.01 13:25:50.641,1.35863,1.35881,3.20,1.20
2010.12.01 13:25:50.767,1.35866,1.35881,1.50,1.20
2010.12.01 13:25:51.727,1.35866,1.35881,1.70,1.20
2010.12.01 13:25:52.619,1.35871,1.35881,1.50,1.20
2010.12.01 13:25:53.435,1.35871,1.35887,1.50,1.20
2010.12.01 13:25:53.931,1.35874,1.35887,1.50,1.20
2010.12.01 13:25:54.711,1.3587,1.35896,2.40,4.30
2010.12.01 13:25:57.316,1.35868,1.35895,1.50,2.10
2010.12.01 13:25:58.168,1.35882,1.35905,1.70,2.50
2010.12.01 13:25:58.699,1.35876,1.359,1.50,1.80
2010.12.01 13:25:58.830,1.3588,1.35905,1.70,2.30
2010.12.01 13:25:59.369,1.35864,1.3589,4.00,1.70
2010.12.01 13:25:59.488,1.35863,1.35893,1.50,2.50
2010.12.01 13:26:00.306,1.35867,1.35891,1.70,2.50
2010.12.01 13:26:00.529,1.35873,1.35895,1.50,2.50
2010.12.01 13:26:00.916,1.35867,1.35895,1.70,2.50
2010.12.01 13:26:01.097,1.35875,1.35906,2.40,2.70
2010.12.01 13:26:01.218,1.35874,1.35904,2.10,1.30
2010.12.01 13:26:01.337,1.35874,1.35903,2.10,2.40
2010.12.01 13:26:01.745,1.35866,1.359,2.50,1.10
2010.12.01 13:26:02.074,1.35866,1.359,3.30,1.10
2010.12.01 13:26:02.186,1.35869,1.35898,1.50,1.30
2010.12.01 13:26:02.722,1.35865,1.35895,2.10,8.80
2010.12.01 13:26:04.353,1.35865,1.35895,2.40,2.50
2010.12.01 13:26:05.349,1.35864,1.35896,3.60,4.10
2010.12.01 13:26:05.577,1.35864,1.35896,2.80,5.10
2010.12.01 13:26:06.015,1.35864,1.35895,2.10,4.80
2010.12.01 13:26:07.334,1.3587,1.35896,1.70,2.40
2010.12.01 13:26:08.167,1.3587,1.35897,1.70,1.30
2010.12.01 13:26:08.696,1.35864,1.35896,1.80,2.50
2010.12.01 13:26:09.546,1.35864,1.35896,1.80,2.50
2010.12.01 13:26:11.707,1.35862,1.3589,1.20,1.10
2010.12.01 13:26:12.184,1.35854,1.35885,3.30,1.70
2010.12.01 13:26:12.294,1.35854,1.35885,3.30,1.70
2010.12.01 13:26:12.794,1.35854,1.35885,2.50,2.50
2010.12.01 13:26:13.400,1.35859,1.35888,1.70,2.50
2010.12.01 13:26:15.042,1.35866,1.35884,1.50,1.60
2010.12.01 13:26:15.214,1.35866,1.3589,1.50,1.60
2010.12.01 13:26:16.172,1.35866,1.35889,1.50,1.60
2010.12.01 13:26:16.400,1.35865,1.35888,1.50,1.60
2010.12.01 13:26:16.896,1.3586,1.35888,2.40,1.60
2010.12.01 13:26:17.030,1.35858,1.35882,1.20,1.70
2010.12.01 13:26:17.837,1.35855,1.35879,1.50,1.60
2010.12.01 13:26:18.911,1.35859,1.3589,2.40,4.90
2010.12.01 13:26:19.031,1.35869,1.3589,1.70,2.50
2010.12.01 13:26:19.147,1.3587,1.35893,2.40,2.40
2010.12.01 13:26:19.754,1.3587,1.35897,1.80,4.00
2010.12.01 13:26:19.888,1.35863,1.3589,1.90,1.70
2010.12.01 13:26:20.289,1.35858,1.3589,1.50,2.50
2010.12.01 13:26:20.425,1.35855,1.35886,1.50,4.00
2010.12.01 13:26:21.580,1.35855,1.35881,1.70,1.60
2010.12.01 13:26:22.380,1.35855,1.35889,1.50,2.50
2010.12.01 13:26:24.250,1.35859,1.35893,1.50,4.00
2010.12.01 13:26:24.997,1.35858,1.35893,1.50,2.40
2010.12.01 13:26:26.294,1.3586,1.3589,1.50,2.50
2010.12.01 13:26:29.047,1.35862,1.35887,1.50,1.20
2010.12.01 13:26:29.502,1.35859,1.35885,1.50,1.60
2010.12.01 13:26:29.616,1.35859,1.3589,1.50,2.50
2010.12.01 13:26:30.268,1.35867,1.3589,1.70,2.50
2010.12.01 13:26:31.419,1.35864,1.35889,1.50,2.50
2010.12.01 13:26:32.793,1.35859,1.35893,3.20,2.50
2010.12.01 13:26:33.421,1.35866,1.35893,1.50,1.70
2010.12.01 13:26:35.674,1.35868,1.35901,3.20,8.80
2010.12.01 13:26:36.839,1.35868,1.35899,3.40,1.20
2010.12.01 13:26:37.226,1.35875,1.35902,1.50,1.90
2010.12.01 13:26:37.344,1.35882,1.35911,1.70,4.90
2010.12.01 13:26:37.569,1.35877,1.35907,1.50,1.10
2010.12.01 13:26:38.099,1.3587,1.35909,1.50,2.50
2010.12.01 13:26:38.218,1.35878,1.35905,1.50,1.70
2010.12.01 13:26:38.803,1.35878,1.35903,1.50,1.60
2010.12.01 13:26:39.849,1.35889,1.3591,1.50,1.60
2010.12.01 13:26:40.614,1.35892,1.35922,1.50,1.60
2010.12.01 13:26:40.726,1.35892,1.35928,1.50,5.20
2010.12.01 13:26:41.114,1.35892,1.35922,1.50,1.70
2010.12.01 13:26:41.447,1.35892,1.35922,1.50,2.50
2010.12.01 13:26:45.127,1.35894,1.35928,1.70,4.00
2010.12.01 13:26:45.558,1.35898,1.3593,2.40,1.30
2010.12.01 13:26:46.885,1.35898,1.35932,2.40,2.50
2010.12.01 13:26:47.582,1.35899,1.35933,1.70,2.40
2010.12.01 13:26:48.136,1.35896,1.35932,1.50,1.30
2010.12.01 13:26:48.584,1.35891,1.35927,1.50,4.70
2010.12.01 13:26:48.916,1.35889,1.35925,1.50,2.00
2010.12.01 13:26:49.024,1.35889,1.35925,1.50,2.00
2010.12.01 13:26:51.884,1.35893,1.35926,1.50,5.00
2010.12.01 13:26:52.739,1.35893,1.35926,1.50,4.90
2010.12.01 13:26:52.856,1.35897,1.35926,3.20,1.80
2010.12.01 13:26:53.445,1.35899,1.3593,1.50,2.20
2010.12.01 13:26:53.556,1.35899,1.35931,1.50,5.40
2010.12.01 13:26:54.993,1.35899,1.35931,1.50,5.10
2010.12.01 13:26:56.434,1.35897,1.35931,2.40,5.50
2010.12.01 13:26:56.815,1.35897,1.35929,2.40,1.40
2010.12.01 13:26:56.926,1.35897,1.35927,1.70,1.20
2010.12.01 13:26:57.686,1.35891,1.35922,1.50,4.10
2010.12.01 13:26:58.566,1.35892,1.35922,2.40,4.20
2010.12.01 13:26:58.714,1.35895,1.35922,1.50,1.80
2010.12.01 13:26:59.110,1.35892,1.35922,2.40,2.50
2010.12.01 13:27:01.006,1.35892,1.35922,1.70,2.50
2010.12.01 13:27:01.657,1.35892,1.35922,1.70,5.20
2010.12.01 13:27:01.777,1.35892,1.35922,1.70,2.70
2010.12.01 13:27:02.453,1.3589,1.3592,1.50,2.30
2010.12.01 13:27:02.566,1.35884,1.35919,1.50,1.60
2010.12.01 13:27:03.286,1.35889,1.35918,1.50,1.80
2010.12.01 13:27:07.205,1.35886,1.35915,2.40,2.30
2010.12.01 13:27:07.551,1.35886,1.35914,1.70,4.70
2010.12.01 13:27:07.708,1.35877,1.35902,1.70,1.70
2010.12.01 13:27:07.830,1.35871,1.35906,1.10,4.00
2010.12.01 13:27:08.247,1.35871,1.35906,1.10,4.00
2010.12.01 13:27:09.160,1.3588,1.35908,1.70,1.30
2010.12.01 13:27:09.347,1.35877,1.35908,1.70,1.30
2010.12.01 13:27:09.577,1.35877,1.35907,3.20,2.40
2010.12.01 13:27:10.195,1.35879,1.3591,1.70,2.40
2010.12.01 13:27:10.892,1.35888,1.35913,3.40,1.50
2010.12.01 13:27:11.334,1.35888,1.35919,3.40,2.40
2010.12.01 13:27:12.311,1.35897,1.35919,1.70,2.40
2010.12.01 13:27:12.447,1.35888,1.3592,1.50,2.40
2010.12.01 13:27:13.367,1.35889,1.3592,1.50,2.40
2010.12.01 13:27:13.965,1.35898,1.35921,1.70,1.50
2010.12.01 13:27:14.558,1.35898,1.35924,2.40,1.70
2010.12.01 13:27:14.702,1.35898,1.35924,2.40,1.70
2010.12.01 13:27:15.036,1.35898,1.35927,3.40,2.40
2010.12.01 13:27:15.466,1.35907,1.35927,1.70,2.40
2010.12.01 13:27:15.585,1.35907,1.35928,1.70,1.60
2010.12.01 13:27:16.153,1.35907,1.35928,1.70,1.60
2010.12.01 13:27:16.297,1.35902,1.35925,1.20,1.50
2010.12.01 13:27:17.067,1.35907,1.35927,1.70,1.60
2010.12.01 13:27:17.792,1.35908,1.35932,1.70,2.40
2010.12.01 13:27:20.065,1.35903,1.35934,1.50,4.70
2010.12.01 13:27:20.174,1.35899,1.35934,1.20,4.70
2010.12.01 13:27:21.073,1.35899,1.35935,1.20,2.40
2010.12.01 13:27:21.449,1.35907,1.35935,1.70,2.40
2010.12.01 13:27:21.610,1.359,1.35933,1.20,1.20
2010.12.01 13:27:21.728,1.35907,1.35931,1.70,1.20
2010.12.01 13:27:22.140,1.35897,1.35932,4.50,2.40
2010.12.01 13:27:22.902,1.35891,1.3592,1.50,1.30
2010.12.01 13:27:23.018,1.35886,1.3592,2.50,1.30
2010.12.01 13:27:23.458,1.35886,1.3592,2.50,1.30
2010.12.01 13:27:23.609,1.3589,1.35922,1.70,8.80
2010.12.01 13:27:23.839,1.35891,1.35921,1.50,1.80
2010.12.01 13:27:24.278,1.35882,1.35916,1.30,1.30
2010.12.01 13:27:24.945,1.35886,1.35917,1.70,2.40
2010.12.01 13:27:25.093,1.35891,1.35916,1.60,1.50
2010.12.01 13:27:25.210,1.35897,1.35916,1.70,1.50
2010.12.01 13:27:25.657,1.35897,1.35914,1.70,1.20
2010.12.01 13:27:25.780,1.35886,1.35913,1.60,1.90
2010.12.01 13:27:26.381,1.35897,1.35914,1.50,1.50
2010.12.01 13:27:26.941,1.35912,1.35936,1.70,1.60
2010.12.01 13:27:27.404,1.35905,1.35914,2.40,1.50
2010.12.01 13:27:27.551,1.35901,1.35928,1.60,2.00
2010.12.01 13:27:27.672,1.35896,1.35928,1.50,2.50
2010.12.01 13:27:28.206,1.35896,1.35931,1.60,2.40
2010.12.01 13:27:28.330,1.35899,1.35929,1.50,1.10
2010.12.01 13:27:28.752,1.35904,1.35931,1.50,1.50
2010.12.01 13:27:29.087,1.35904,1.35933,1.50,2.80
2010.12.01 13:27:29.473,1.35897,1.35933,1.90,6.30
2010.12.01 13:27:29.631,1.35897,1.3593,1.20,2.00
2010.12.01 13:27:29.748,1.3592,1.3593,1.50,1.60
2010.12.01 13:27:30.279,1.35933,1.35942,1.50,8.00
2010.12.01 13:27:30.403,1.3593,1.35956,1.50,1.80
2010.12.01 13:27:30.858,1.3593,1.35955,1.50,4.50
2010.12.01 13:27:31.322,1.35918,1.35946,1.60,1.30
2010.12.01 13:27:31.978,1.35911,1.35941,2.40,2.50
2010.12.01 13:27:32.690,1.35907,1.35941,2.60,1.70
2010.12.01 13:27:33.344,1.35899,1.35931,1.70,1.30
2010.12.01 13:27:33.783,1.35906,1.35941,1.50,1.30
2010.12.01 13:27:33.902,1.35912,1.3594,1.50,1.50
2010.12.01 13:27:34.303,1.35914,1.3594,1.50,1.50
2010.12.01 13:27:34.428,1.35916,1.35952,1.50,1.30
2010.12.01 13:27:35.219,1.35933,1.35956,1.60,2.00
2010.12.01 13:27:35.407,1.35933,1.35958,1.60,2.50
2010.12.01 13:27:35.638,1.35926,1.35957,1.60,4.80
2010.12.01 13:27:36.160,1.35914,1.35952,1.50,2.90
2010.12.01 13:27:36.607,1.3591,1.35948,1.50,1.30
2010.12.01 13:27:36.751,1.35905,1.3594,1.50,2.50
2010.12.01 13:27:37.193,1.35908,1.3594,1.50,2.70
2010.12.01 13:27:37.887,1.35905,1.35943,1.50,1.30
2010.12.01 13:27:40.143,1.35908,1.35936,1.50,2.60
2010.12.01 13:27:40.366,1.35906,1.35936,1.50,5.20
2010.12.01 13:27:40.805,1.35906,1.35936,1.50,5.30
2010.12.01 13:27:41.364,1.35906,1.35935,1.50,2.20
2010.12.01 13:27:42.929,1.35911,1.35942,3.20,1.40
2010.12.01 13:27:45.270,1.35918,1.35947,1.50,1.40
2010.12.01 13:27:45.920,1.35918,1.35951,1.50,1.50
2010.12.01 13:27:50.036,1.35922,1.35951,1.70,2.80
2010.12.01 13:27:50.154,1.35916,1.35943,1.50,1.70
2010.12.01 13:27:50.273,1.35913,1.35943,1.50,1.80
2010.12.01 13:27:51.115,1.35907,1.35942,1.70,2.70
2010.12.01 13:27:52.426,1.35912,1.3594,1.50,1.30
2010.12.01 13:27:54.107,1.35912,1.3594,1.50,1.60
2010.12.01 13:27:54.219,1.35912,1.3594,1.50,2.50
2010.12.01 13:27:54.641,1.35911,1.35944,1.90,1.90
2010.12.01 13:27:54.869,1.35912,1.35944,3.20,1.10
2010.12.01 13:27:55.426,1.35908,1.35946,1.50,5.60
2010.12.01 13:27:55.537,1.35908,1.35944,1.50,1.90
2010.12.01 13:27:56.093,1.3591,1.35943,1.50,1.60
2010.12.01 13:27:56.207,1.35914,1.35943,1.50,1.60
2010.12.01 13:27:56.719,1.35909,1.35941,1.50,1.10
2010.12.01 13:27:56.880,1.35909,1.3594,1.50,1.10
2010.12.01 13:27:56.997,1.35909,1.3594,1.50,1.10
2010.12.01 13:27:57.685,1.35913,1.3595,1.50,2.80
2010.12.01 13:28:00.240,1.35909,1.35942,1.50,2.50
2010.12.01 13:28:00.633,1.35908,1.35937,1.50,1.60
2010.12.01 13:28:01.000,1.35903,1.35932,1.50,1.80
2010.12.01 13:28:01.115,1.35902,1.35932,1.50,2.50
2010.12.01 13:28:02.906,1.35906,1.35931,1.50,1.70
2010.12.01 13:28:04.516,1.35906,1.35931,1.50,1.70
2010.12.01 13:28:05.067,1.35906,1.35938,1.50,2.70
2010.12.01 13:28:05.175,1.3591,1.35938,1.50,1.10
2010.12.01 13:28:06.000,1.35904,1.35943,1.50,7.30
2010.12.01 13:28:06.961,1.3591,1.35931,1.50,1.70
2010.12.01 13:28:07.517,1.35907,1.35931,1.50,1.70
2010.12.01 13:28:07.930,1.35903,1.35932,1.50,2.50
2010.12.01 13:28:08.376,1.35899,1.35935,1.70,1.30
2010.12.01 13:28:08.877,1.35906,1.35937,1.50,1.10
2010.12.01 13:28:10.479,1.35906,1.35936,3.10,2.20
2010.12.01 13:28:10.599,1.35907,1.35939,2.40,2.10
2010.12.01 13:28:10.832,1.35909,1.35941,1.50,5.20
2010.12.01 13:28:10.957,1.35911,1.35941,1.50,1.50
2010.12.01 13:28:11.297,1.35911,1.35939,1.50,4.20
2010.12.01 13:28:11.412,1.35903,1.35932,1.50,1.80
2010.12.01 13:28:11.527,1.35903,1.35932,1.50,1.90
2010.12.01 13:28:11.925,1.35904,1.35932,1.50,1.80
2010.12.01 13:28:12.045,1.35905,1.35929,1.50,1.80
2010.12.01 13:28:12.267,1.35901,1.35929,1.50,1.80
2010.12.01 13:28:12.760,1.35904,1.3594,1.70,5.70
2010.12.01 13:28:13.347,1.35905,1.35937,1.50,1.60
2010.12.01 13:28:13.575,1.359,1.35937,1.50,3.60
2010.12.01 13:28:14.073,1.35896,1.3593,1.50,2.10
2010.12.01 13:28:14.189,1.35892,1.35923,1.50,1.10
2010.12.01 13:28:14.308,1.35888,1.3592,1.50,1.60
2010.12.01 13:28:14.835,1.35887,1.35912,2.40,1.10
2010.12.01 13:28:14.953,1.35881,1.35911,1.50,1.10
2010.12.01 13:28:17.108,1.35884,1.35913,1.50,2.00
2010.12.01 13:28:17.226,1.35879,1.35915,2.40,2.70
2010.12.01 13:28:17.733,1.35882,1.35919,1.50,2.00
2010.12.01 13:28:18.499,1.35884,1.35921,3.40,2.90
2010.12.01 13:28:19.403,1.35884,1.35914,1.50,1.80
2010.12.01 13:28:19.890,1.35876,1.35909,1.50,1.10
2010.12.01 13:28:20.483,1.35875,1.35909,2.40,1.10
2010.12.01 13:28:20.603,1.35877,1.35913,1.50,1.30
2010.12.01 13:28:20.937,1.35884,1.35914,1.70,1.30
2010.12.01 13:28:21.240,1.35884,1.35914,1.70,1.30
2010.12.01 13:28:21.392,1.35886,1.35916,1.60,1.30
2010.12.01 13:28:22.115,1.35885,1.35921,2.40,2.00
2010.12.01 13:28:24.365,1.35883,1.35921,2.40,1.30
2010.12.01 13:28:26.304,1.35895,1.35926,1.50,1.30
2010.12.01 13:28:28.915,1.35895,1.35932,3.30,1.30
2010.12.01 13:28:29.321,1.35906,1.35932,1.70,1.30
2010.12.01 13:28:29.438,1.35906,1.35939,1.70,5.10
2010.12.01 13:28:32.114,1.35901,1.35937,2.40,2.50
2010.12.01 13:28:32.666,1.35907,1.35937,1.70,1.30
2010.12.01 13:28:32.995,1.35901,1.35936,1.10,1.60
2010.12.01 13:28:34.112,1.35897,1.35927,2.40,2.60
2010.12.01 13:28:34.226,1.35894,1.35927,1.50,2.70
2010.12.01 13:28:34.772,1.35897,1.35927,1.20,2.50
2010.12.01 13:28:35.412,1.35897,1.35938,1.50,5.20
2010.12.01 13:28:35.524,1.35901,1.35938,1.50,5.20
2010.12.01 13:28:37.768,1.35901,1.35933,1.50,1.20
2010.12.01 13:28:38.107,1.35898,1.35931,1.60,1.70
2010.12.01 13:28:38.543,1.35895,1.35928,2.40,2.70
2010.12.01 13:28:38.676,1.35892,1.35928,1.50,5.10
2010.12.01 13:28:39.310,1.35892,1.35917,1.50,1.70
2010.12.01 13:28:39.450,1.35892,1.35928,1.70,6.10
2010.12.01 13:28:39.566,1.35893,1.35927,1.50,2.60
2010.12.01 13:28:40.243,1.35899,1.35927,1.60,1.80
2010.12.01 13:28:41.891,1.35897,1.35927,2.40,2.10
2010.12.01 13:28:42.007,1.35897,1.35927,1.70,5.60
2010.12.01 13:28:42.118,1.35893,1.35927,1.50,5.70
2010.12.01 13:28:44.427,1.35893,1.35918,1.50,1.70
2010.12.01 13:28:45.525,1.35891,1.35918,1.50,1.80
2010.12.01 13:28:45.638,1.35889,1.35918,1.50,1.80
2010.12.01 13:28:46.608,1.35886,1.35918,2.00,2.50
2010.12.01 13:28:47.332,1.3589,1.35926,1.50,2.60
2010.12.01 13:28:48.176,1.35888,1.35922,1.50,6.90
2010.12.01 13:28:48.286,1.35881,1.35916,1.50,2.50
2010.12.01 13:28:48.921,1.35888,1.35924,1.50,1.30
2010.12.01 13:28:49.259,1.35893,1.35924,1.70,1.30
2010.12.01 13:28:49.858,1.35888,1.35925,2.40,1.30
2010.12.01 13:28:50.811,1.35893,1.35927,1.70,2.50
2010.12.01 13:28:52.035,1.35889,1.35926,1.50,2.50
2010.12.01 13:28:53.760,1.35897,1.35925,1.70,1.30
2010.12.01 13:28:53.875,1.359,1.35935,1.50,3.00
2010.12.01 13:28:55.236,1.35906,1.35935,1.70,1.40
2010.12.01 13:28:55.778,1.359,1.35936,1.50,2.80
2010.12.01 13:28:56.449,1.35906,1.3594,1.70,5.00
2010.12.01 13:28:56.854,1.35902,1.3594,2.40,5.00
2010.12.01 13:28:57.526,1.35903,1.35932,3.20,1.20
2010.12.01 13:28:57.967,1.35903,1.3594,3.20,2.90
2010.12.01 13:28:58.770,1.35899,1.35933,1.50,1.50
2010.12.01 13:29:02.846,1.35902,1.35935,1.70,5.10
2010.12.01 13:29:03.291,1.35902,1.35933,3.20,1.20
2010.12.01 13:29:03.409,1.35897,1.3593,1.50,1.90
2010.12.01 13:29:03.526,1.35896,1.3593,1.50,5.20
2010.12.01 13:29:04.229,1.359,1.3593,1.50,5.20
2010.12.01 13:29:04.596,1.35902,1.35934,1.70,2.50
2010.12.01 13:29:04.712,1.35911,1.35934,1.20,2.50
2010.12.01 13:29:04.838,1.35902,1.35934,3.10,2.50
2010.12.01 13:29:05.262,1.35907,1.35944,3.20,2.50
2010.12.01 13:29:05.833,1.35908,1.35944,1.50,4.90
2010.12.01 13:29:09.696,1.35917,1.35941,1.70,2.60
2010.12.01 13:29:09.808,1.35917,1.35945,1.70,5.00
2010.12.01 13:29:09.927,1.35917,1.35941,1.70,1.20
2010.12.01 13:29:10.510,1.35906,1.35936,2.40,2.50
2010.12.01 13:29:11.606,1.35901,1.35929,2.40,2.40
2010.12.01 13:29:12.773,1.35901,1.35931,3.30,2.50
2010.12.01 13:29:12.998,1.35901,1.35931,3.30,2.50
2010.12.01 13:29:13.992,1.35901,1.35931,3.20,5.60
2010.12.01 13:29:14.217,1.35901,1.35931,1.70,7.00
2010.12.01 13:29:14.633,1.35892,1.35927,1.60,1.50
2010.12.01 13:29:16.749,1.35891,1.3592,2.60,2.50
2010.12.01 13:29:18.746,1.35891,1.3592,2.50,2.50
2010.12.01 13:29:19.344,1.35891,1.3592,2.40,2.50
2010.12.01 13:29:20.675,1.35891,1.3592,2.50,2.50
2010.12.01 13:29:21.425,1.35901,1.35925,1.70,1.10
2010.12.01 13:29:21.552,1.35901,1.35928,1.70,2.50
2010.12.01 13:29:21.962,1.35901,1.35928,2.40,1.70
2010.12.01 13:29:24.738,1.35902,1.35931,2.60,2.50
2010.12.01 13:29:24.862,1.35911,1.35941,1.70,1.20
2010.12.01 13:29:25.459,1.35911,1.35941,1.70,1.30
2010.12.01 13:29:25.686,1.35911,1.35942,1.70,5.30
2010.12.01 13:29:25.799,1.35911,1.35942,1.90,5.30
2010.12.01 13:29:26.367,1.35914,1.35942,2.40,1.90
2010.12.01 13:29:26.482,1.35906,1.35936,1.50,1.10
2010.12.01 13:29:26.938,1.35904,1.35936,2.40,1.10
2010.12.01 13:29:27.061,1.35904,1.35936,1.70,1.10
2010.12.01 13:29:30.049,1.35914,1.35937,1.70,2.50
2010.12.01 13:29:30.167,1.35914,1.35944,1.70,2.50
2010.12.01 13:29:30.397,1.3591,1.35937,1.50,2.60
2010.12.01 13:29:30.759,1.35905,1.35937,1.50,5.10
2010.12.01 13:29:31.205,1.35905,1.3594,1.70,2.50
2010.12.01 13:29:31.735,1.35913,1.35945,2.40,4.90
2010.12.01 13:29:32.785,1.35913,1.35942,1.70,1.10
2010.12.01 13:29:32.899,1.35907,1.3594,1.50,4.90
2010.12.01 13:29:33.127,1.35914,1.35944,1.70,4.90
2010.12.01 13:29:33.454,1.35907,1.35942,1.50,1.20
2010.12.01 13:29:33.952,1.35895,1.35927,1.70,2.50
2010.12.01 13:29:34.065,1.35895,1.35931,1.70,1.30
2010.12.01 13:29:35.238,1.35897,1.35932,2.80,2.70
2010.12.01 13:29:35.464,1.35904,1.35934,2.50,1.30
2010.12.01 13:29:36.674,1.35904,1.35934,2.50,1.30
2010.12.01 13:29:39.295,1.35904,1.35937,2.50,4.70
2010.12.01 13:29:39.630,1.35909,1.35939,1.60,2.50
2010.12.01 13:29:40.225,1.35909,1.35939,1.70,2.50
2010.12.01 13:29:42.016,1.35911,1.35939,1.50,1.70
2010.12.01 13:29:46.405,1.35911,1.35939,1.50,1.10
2010.12.01 13:29:46.631,1.35907,1.35935,1.50,1.10
2010.12.01 13:29:50.462,1.35903,1.35938,3.30,5.60
2010.12.01 13:29:50.575,1.35903,1.35938,2.50,5.60
2010.12.01 13:29:51.568,1.35903,1.35928,2.50,1.50
2010.12.01 13:29:51.713,1.35897,1.35927,2.80,1.10
2010.12.01 13:29:52.226,1.35894,1.35924,2.80,1.10
2010.12.01 13:29:52.561,1.35894,1.35926,1.60,2.50
2010.12.01 13:29:52.784,1.35898,1.3593,1.60,1.10
2010.12.01 13:29:56.117,1.35894,1.35926,1.70,2.50
2010.12.01 13:29:56.654,1.35894,1.35926,1.70,2.50
2010.12.01 13:29:57.315,1.35904,1.35927,1.70,2.50
2010.12.01 13:29:57.789,1.35904,1.35935,2.40,1.10
2010.12.01 13:29:58.129,1.35934,1.35941,1.70,3.40
2010.12.01 13:29:58.524,1.3593,1.35952,1.20,1.70
2010.12.01 13:29:58.672,1.35925,1.35954,1.50,1.90
2010.12.01 13:29:59.072,1.35925,1.35948,1.50,1.70
2010.12.01 13:29:59.214,1.3592,1.35948,1.50,1.80
2010.12.01 13:30:01.113,1.3592,1.35949,1.60,1.80
2010.12.01 13:30:01.260,1.35924,1.35958,1.50,5.10
2010.12.01 13:30:01.596,1.35922,1.35948,1.60,1.70
2010.12.01 13:30:02.656,1.35917,1.35951,3.60,1.50
2010.12.01 13:30:03.244,1.35925,1.35957,2.60,2.60
2010.12.01 13:30:03.359,1.35931,1.35963,1.70,1.40
2010.12.01 13:30:03.731,1.35931,1.35964,1.90,1.30
2010.12.01 13:30:03.869,1.35932,1.35967,1.70,5.20
2010.12.01 13:30:03.987,1.35942,1.35961,1.70,1.60
2010.12.01 13:30:04.876,1.35934,1.3597,1.50,1.50
2010.12.01 13:30:05.501,1.35929,1.35965,1.60,2.40
2010.12.01 13:30:05.929,1.3593,1.35968,1.20,2.50
2010.12.01 13:30:06.063,1.35942,1.3598,1.50,1.20
2010.12.01 13:30:06.178,1.35943,1.3598,1.50,1.20
2010.12.01 13:30:06.297,1.35943,1.35983,1.50,5.30
2010.12.01 13:30:06.743,1.35955,1.3599,1.50,2.50
2010.12.01 13:30:06.966,1.35955,1.3599,1.50,4.80
2010.12.01 13:30:07.410,1.35955,1.35991,1.50,1.60
2010.12.01 13:30:07.559,1.35944,1.35974,1.50,1.80
2010.12.01 13:30:09.105,1.35945,1.35974,1.50,5.10
2010.12.01 13:30:10.377,1.35945,1.35973,1.50,1.10
2010.12.01 13:30:10.547,1.35948,1.35977,1.50,1.90
2010.12.01 13:30:11.988,1.35956,1.35983,1.50,1.80
2010.12.01 13:30:12.138,1.35944,1.35974,1.50,1.80
2010.12.01 13:30:12.561,1.35949,1.35974,1.50,1.70
2010.12.01 13:30:12.787,1.35951,1.35984,1.20,2.50
2010.12.01 13:30:12.899,1.35951,1.35984,1.30,2.50
2010.12.01 13:30:13.305,1.35958,1.35984,1.50,1.70
2010.12.01 13:30:13.426,1.35955,1.35987,1.50,1.50
2010.12.01 13:30:13.646,1.35951,1.35987,1.50,1.20
2010.12.01 13:30:14.035,1.35951,1.35985,1.50,1.20
2010.12.01 13:30:14.480,1.3595,1.35987,1.50,1.70
2010.12.01 13:30:14.596,1.35946,1.35987,1.50,1.70
2010.12.01 13:30:14.901,1.35946,1.35987,1.50,1.70
2010.12.01 13:30:15.060,1.35946,1.35985,1.50,2.00
2010.12.01 13:30:17.443,1.35947,1.35989,1.70,2.50
2010.12.01 13:30:17.562,1.35952,1.35986,2.40,1.60
2010.12.01 13:30:17.703,1.35955,1.35986,1.70,1.60
2010.12.01 13:30:18.166,1.35954,1.35986,2.80,1.70
2010.12.01 13:30:18.720,1.3595,1.35988,1.50,1.30
2010.12.01 13:30:19.308,1.3597,1.35992,1.70,2.10
2010.12.01 13:30:19.902,1.35983,1.36005,1.50,4.90
2010.12.01 13:30:20.024,1.35973,1.36,1.50,1.70
2010.12.01 13:30:20.468,1.35973,1.36,1.50,1.70
2010.12.01 13:30:21.058,1.35975,1.3601,1.50,2.50
2010.12.01 13:30:21.298,1.3598,1.36,1.50,1.70
2010.12.01 13:30:21.726,1.35977,1.36,1.50,1.70
2010.12.01 13:30:21.884,1.35977,1.36003,1.50,1.60
2010.12.01 13:30:22.506,1.35975,1.36004,1.50,1.60
2010.12.01 13:30:22.621,1.35975,1.35999,1.50,1.70
2010.12.01 13:30:23.159,1.35972,1.35999,1.50,1.80
2010.12.01 13:30:23.281,1.35972,1.36,1.50,2.60
2010.12.01 13:30:23.965,1.35971,1.35999,1.50,1.70
2010.12.01 13:30:24.524,1.35969,1.3599,1.50,2.40
2010.12.01 13:30:24.870,1.35955,1.3598,1.20,1.70
2010.12.01 13:30:25.009,1.35964,1.35993,1.50,2.00
2010.12.01 13:30:25.131,1.35966,1.36007,1.50,1.20
2010.12.01 13:30:25.559,1.35972,1.36007,2.40,1.20
2010.12.01 13:30:25.716,1.35976,1.36006,1.50,2.80
2010.12.01 13:30:25.828,1.35972,1.36006,1.50,2.80
2010.12.01 13:30:26.288,1.35972,1.36005,1.50,1.60
2010.12.01 13:30:26.928,1.35972,1.35993,1.50,1.70
2010.12.01 13:30:27.067,1.35969,1.35993,1.50,1.70
2010.12.01 13:30:28.346,1.35965,1.35993,1.50,1.70
2010.12.01 13:30:29.389,1.35965,1.35999,1.50,2.70
2010.12.01 13:30:29.509,1.35969,1.36,1.50,3.00
2010.12.01 13:30:30.028,1.35972,1.36001,1.50,1.40
2010.12.01 13:30:30.369,1.35972,1.35999,1.50,2.70
2010.12.01 13:30:30.907,1.35972,1.35999,1.50,2.10
2010.12.01 13:30:31.236,1.35972,1.35999,1.50,1.90
2010.12.01 13:30:31.764,1.35972,1.35999,1.50,1.90
2010.12.01 13:30:31.875,1.35972,1.35999,1.50,1.90
2010.12.01 13:30:32.252,1.35972,1.35999,1.50,1.90
2010.12.01 13:30:32.748,1.35967,1.3599,1.50,1.70
2010.12.01 13:30:32.868,1.35967,1.35999,1.50,4.30
2010.12.01 13:30:33.381,1.35967,1.35999,1.50,2.70
2010.12.01 13:30:33.717,1.35969,1.35999,1.50,2.40
2010.12.01 13:30:34.171,1.35969,1.36,1.50,5.30
2010.12.01 13:30:35.200,1.35969,1.35997,2.40,3.00
2010.12.01 13:30:35.327,1.35967,1.35993,1.50,1.80
2010.12.01 13:30:35.751,1.35967,1.35993,1.50,1.80
2010.12.01 13:30:36.316,1.35967,1.35993,1.50,1.80
2010.12.01 13:30:36.829,1.35967,1.35993,1.50,1.80
2010.12.01 13:30:37.056,1.35967,1.35993,1.50,1.80
2010.12.01 13:30:37.386,1.35963,1.35993,1.50,2.70
2010.12.01 13:30:38.149,1.35968,1.35993,1.50,1.80
2010.12.01 13:30:38.814,1.35968,1.35999,1.50,1.20
2010.12.01 13:30:39.792,1.35968,1.35998,1.50,3.10
2010.12.01 13:30:40.886,1.35968,1.3599,1.50,1.70
2010.12.01 13:30:41.217,1.35965,1.3599,1.50,1.80
2010.12.01 13:30:42.755,1.35965,1.35993,1.50,2.60
2010.12.01 13:30:43.557,1.35965,1.35993,1.50,2.60
2010.12.01 13:30:43.775,1.35965,1.35993,1.50,2.70
2010.12.01 13:30:44.329,1.35977,1.36002,1.70,2.20
2010.12.01 13:30:44.451,1.35967,1.35997,2.40,5.30
2010.12.01 13:30:44.936,1.35967,1.35997,1.70,2.70
2010.12.01 13:30:46.055,1.35967,1.35995,2.40,1.50
2010.12.01 13:30:46.259,1.35968,1.35994,1.50,1.80
2010.12.01 13:30:46.379,1.35968,1.36008,1.20,2.50
2010.12.01 13:30:46.790,1.35976,1.36008,1.50,1.70
2010.12.01 13:30:47.677,1.35986,1.36019,1.50,1.30
2010.12.01 13:30:47.792,1.35988,1.36022,1.50,1.90
2010.12.01 13:30:48.200,1.35986,1.36018,1.20,1.70
2010.12.01 13:30:48.357,1.35982,1.36016,1.50,2.80
2010.12.01 13:30:48.485,1.35978,1.36015,1.50,1.20
2010.12.01 13:30:50.385,1.35981,1.36016,1.50,5.20
2010.12.01 13:30:52.271,1.35985,1.36016,1.50,2.50
2010.12.01 13:30:52.515,1.35986,1.36025,2.50,1.90
2010.12.01 13:30:52.627,1.35986,1.36018,1.50,2.60
2010.12.01 13:30:53.076,1.35986,1.36022,3.90,4.70
2010.12.01 13:30:53.297,1.35996,1.36023,1.70,1.30
2010.12.01 13:30:53.695,1.35989,1.36023,1.70,1.90
2010.12.01 13:30:53.836,1.35986,1.36026,2.60,6.80
2010.12.01 13:30:53.950,1.35986,1.36024,2.60,1.90
2010.12.01 13:30:54.485,1.35985,1.36018,2.40,2.50
2010.12.01 13:30:54.967,1.35986,1.36008,3.20,1.70
2010.12.01 13:30:55.091,1.35992,1.36026,3.20,1.60
2010.12.01 13:30:55.648,1.35989,1.36014,1.50,1.80
2010.12.01 13:30:55.777,1.35982,1.36014,1.70,5.60
2010.12.01 13:30:56.325,1.35977,1.36003,1.50,1.80
2010.12.01 13:30:56.438,1.35973,1.3601,1.50,1.20
2010.12.01 13:30:56.925,1.35972,1.36004,1.50,2.50
2010.12.01 13:30:58.378,1.35972,1.36003,1.50,1.20
2010.12.01 13:30:59.235,1.35972,1.36004,1.50,2.60
2010.12.01 13:30:59.840,1.35977,1.36004,4.70,1.80
2010.12.01 13:31:00.019,1.35979,1.3601,2.40,5.20
2010.12.01 13:31:01.279,1.35979,1.36007,1.70,1.60
2010.12.01 13:31:01.423,1.35976,1.36007,1.50,5.20
2010.12.01 13:31:01.921,1.35971,1.36003,1.50,1.20
2010.12.01 13:31:02.038,1.35971,1.36003,1.50,1.10
2010.12.01 13:31:02.534,1.35975,1.36005,1.50,2.00
2010.12.01 13:31:03.107,1.3598,1.36005,1.50,1.90
2010.12.01 13:31:03.612,1.35974,1.36005,1.50,5.10
2010.12.01 13:31:03.946,1.35974,1.36005,1.50,5.20
2010.12.01 13:31:04.166,1.35969,1.35999,1.50,2.20
2010.12.01 13:31:04.677,1.35969,1.35999,1.50,2.20
2010.12.01 13:31:04.795,1.35969,1.35999,1.50,1.20
2010.12.01 13:31:04.909,1.35969,1.36001,1.50,1.20
2010.12.01 13:31:05.028,1.35969,1.36,1.50,1.40
2010.12.01 13:31:05.488,1.35974,1.36006,1.50,5.20
2010.12.01 13:31:05.945,1.35974,1.35995,1.50,1.70
2010.12.01 13:31:06.164,1.35968,1.35995,1.50,1.80
2010.12.01 13:31:06.802,1.35963,1.35996,1.50,5.10
2010.12.01 13:31:06.918,1.35971,1.35995,1.50,1.70
2010.12.01 13:31:07.616,1.35968,1.35995,1.50,1.80
2010.12.01 13:31:08.718,1.35971,1.35995,1.50,1.70
2010.12.01 13:31:09.345,1.35971,1.35995,1.50,1.80
2010.12.01 13:31:09.804,1.35971,1.35993,1.50,1.10
2010.12.01 13:31:09.993,1.35963,1.35985,1.50,1.70
2010.12.01 13:31:10.112,1.35964,1.35999,1.50,2.50
2010.12.01 13:31:10.467,1.35975,1.36001,1.50,1.10
2010.12.01 13:31:10.698,1.35968,1.36007,1.50,2.00
2010.12.01 13:31:11.812,1.35969,1.36006,1.50,1.90
2010.12.01 13:31:12.341,1.35973,1.36006,1.50,1.80
2010.12.01 13:31:13.004,1.35973,1.36005,1.50,1.20
2010.12.01 13:31:13.226,1.35971,1.36005,1.50,1.20
2010.12.01 13:31:13.792,1.3597,1.36004,1.50,1.20
2010.12.01 13:31:13.908,1.35967,1.36002,1.50,2.80
2010.12.01 13:31:14.139,1.35967,1.36,1.50,2.50
2010.12.01 13:31:14.617,1.35967,1.35999,1.50,5.10
2010.12.01 13:31:14.732,1.35969,1.36007,1.50,1.60
2010.12.01 13:31:14.846,1.35969,1.36006,1.50,4.80
2010.12.01 13:31:15.353,1.35976,1.36007,1.50,1.60
2010.12.01 13:31:15.927,1.35979,1.36017,1.20,1.20
2010.12.01 13:31:16.039,1.35987,1.36018,1.50,1.20
2010.12.01 13:31:17.294,1.35987,1.36019,1.50,1.20
2010.12.01 13:31:17.816,1.35982,1.36012,1.50,1.20
2010.12.01 13:31:18.848,1.35985,1.36014,1.50,5.10
2010.12.01 13:31:19.817,1.35985,1.36014,1.50,2.60
2010.12.01 13:31:20.262,1.35985,1.36014,1.50,5.30
2010.12.01 13:31:20.834,1.35985,1.36013,1.50,1.20
2010.12.01 13:31:21.364,1.35985,1.36013,1.50,1.20
2010.12.01 13:31:21.924,1.35991,1.36014,1.50,1.80
2010.12.01 13:31:22.381,1.35991,1.36012,1.50,1.10
2010.12.01 13:31:22.502,1.35984,1.36003,1.50,1.70
2010.12.01 13:31:22.620,1.35984,1.36003,2.50,1.70
2010.12.01 13:31:23.197,1.3599,1.36029,1.50,1.50
2010.12.01 13:31:23.627,1.35994,1.3603,1.90,2.70
2010.12.01 13:31:23.757,1.35994,1.36029,1.50,5.60
2010.12.01 13:31:24.568,1.35994,1.36018,1.50,1.70
2010.12.01 13:31:25.182,1.35994,1.36019,1.50,1.70
2010.12.01 13:31:26.061,1.35994,1.36018,1.50,1.90
2010.12.01 13:31:27.127,1.35994,1.36019,1.50,1.70
2010.12.01 13:31:27.694,1.35989,1.36019,1.50,2.50
2010.12.01 13:31:27.916,1.35993,1.36019,1.50,1.70
2010.12.01 13:31:29.143,1.35992,1.36019,1.50,1.80
2010.12.01 13:31:29.261,1.3599,1.36028,2.50,1.90
2010.12.01 13:31:29.380,1.35991,1.36031,1.70,1.60
2010.12.01 13:31:29.797,1.35997,1.36031,1.50,1.60
2010.12.01 13:31:29.917,1.35995,1.36031,1.50,1.50
2010.12.01 13:31:30.355,1.35995,1.36031,1.50,2.00
2010.12.01 13:31:30.956,1.35991,1.36022,1.50,1.80
2010.12.01 13:31:31.357,1.3599,1.36023,1.50,2.50
2010.12.01 13:31:31.498,1.35996,1.36023,1.50,1.80
2010.12.01 13:31:35.550,1.35996,1.36022,1.50,1.90
2010.12.01 13:31:35.777,1.35991,1.36022,1.50,2.50
2010.12.01 13:31:46.627,1.35991,1.3601,1.50,1.70
2010.12.01 13:31:48.548,1.35986,1.3601,1.50,2.00
2010.12.01 13:31:48.777,1.35977,1.36008,1.50,2.80
2010.12.01 13:31:49.243,1.35969,1.36007,1.70,1.60
2010.12.01 13:31:52.853,1.35969,1.35996,1.50,1.70
2010.12.01 13:31:55.966,1.35969,1.35997,1.50,2.10
2010.12.01 13:31:56.185,1.35969,1.35997,1.50,2.10
2010.12.01 13:31:57.805,1.35966,1.35996,1.50,2.80
2010.12.01 13:32:00.295,1.35966,1.35996,1.50,2.60
2010.12.01 13:32:01.685,1.35966,1.35996,2.80,2.50
2010.12.01 13:32:01.806,1.3597,1.35996,1.60,1.70
2010.12.01 13:32:01.929,1.35978,1.36006,1.50,2.70
2010.12.01 13:32:05.285,1.35971,1.36007,2.50,2.50
2010.12.01 13:32:05.404,1.35971,1.36007,1.80,2.50
2010.12.01 13:32:05.811,1.35977,1.36007,2.40,2.50
2010.12.01 13:32:05.939,1.35983,1.36022,1.70,2.40
2010.12.01 13:32:06.325,1.35983,1.36022,1.50,2.50
2010.12.01 13:32:06.441,1.35985,1.36022,4.10,2.50
2010.12.01 13:32:07.107,1.35986,1.36015,1.50,1.70
2010.12.01 13:32:07.533,1.35986,1.36008,1.50,1.70
2010.12.01 13:32:07.678,1.35974,1.35997,1.50,1.70
2010.12.01 13:32:08.096,1.35967,1.35997,1.50,2.50
2010.12.01 13:32:08.208,1.35971,1.35999,1.50,2.50
2010.12.01 13:32:08.932,1.35978,1.35998,1.50,1.70
2010.12.01 13:32:09.156,1.35978,1.36007,1.50,1.80
2010.12.01 13:32:09.985,1.35978,1.36007,1.50,2.10
2010.12.01 13:32:10.936,1.3597,1.35997,1.50,1.80
2010.12.01 13:32:11.710,1.3597,1.35996,1.50,1.20
2010.12.01 13:32:12.232,1.35952,1.3599,1.60,2.50
2010.12.01 13:32:12.358,1.3596,1.35995,1.50,5.10
2010.12.01 13:32:12.785,1.3596,1.35989,1.50,1.70
2010.12.01 13:32:13.006,1.3596,1.35995,1.50,2.60
2010.12.01 13:32:13.610,1.35964,1.35999,1.50,2.50
2010.12.01 13:32:13.737,1.35969,1.3601,1.50,3.50
2010.12.01 13:32:13.859,1.35969,1.36003,2.30,2.50
2010.12.01 13:32:14.309,1.35969,1.36003,1.50,2.50
2010.12.01 13:32:14.954,1.35966,1.36002,3.20,2.50
2010.12.01 13:32:15.886,1.35969,1.36002,1.70,2.50
2010.12.01 13:32:16.371,1.35976,1.36003,3.20,1.60
2010.12.01 13:32:16.525,1.35976,1.36012,1.50,2.60
2010.12.01 13:32:17.676,1.35976,1.36012,1.50,3.00
2010.12.01 13:32:18.087,1.35979,1.36016,1.70,1.90
2010.12.01 13:32:18.256,1.35979,1.36016,1.70,2.50
2010.12.01 13:32:18.617,1.35979,1.36013,1.50,2.50
2010.12.01 13:32:18.763,1.35975,1.36012,1.50,5.10
2010.12.01 13:32:18.875,1.35974,1.3601,1.50,2.00
2010.12.01 13:32:19.012,1.35973,1.3601,1.50,2.00
2010.12.01 13:32:19.605,1.35973,1.3601,1.50,1.90
2010.12.01 13:32:19.761,1.35978,1.36012,1.70,2.50
2010.12.01 13:32:20.407,1.35974,1.36008,1.50,2.50
2010.12.01 13:32:21.103,1.35961,1.35998,1.70,2.50
2010.12.01 13:32:21.664,1.35969,1.36007,1.50,1.30
2010.12.01 13:32:22.906,1.35973,1.35999,1.50,1.70
2010.12.01 13:32:24.659,1.35973,1.35999,1.50,1.80
2010.12.01 13:32:25.335,1.35971,1.35999,1.50,2.60
2010.12.01 13:32:26.858,1.35973,1.36,1.50,1.80
2010.12.01 13:32:26.978,1.35973,1.36,1.50,1.80
2010.12.01 13:32:27.845,1.35973,1.36,1.50,1.80
2010.12.01 13:32:28.534,1.3597,1.36003,1.50,1.30
2010.12.01 13:32:29.248,1.35971,1.36007,1.70,3.00
2010.12.01 13:32:29.483,1.35986,1.36007,1.50,1.80
2010.12.01 13:32:30.086,1.35981,1.36006,1.50,1.70
2010.12.01 13:32:30.637,1.35984,1.36006,1.50,1.70
2010.12.01 13:32:30.746,1.35984,1.36017,1.50,1.10
2010.12.01 13:32:30.856,1.35989,1.36017,1.50,1.10
2010.12.01 13:32:31.804,1.35986,1.36017,1.50,1.10
2010.12.01 13:32:32.997,1.35983,1.36018,1.50,5.20
2010.12.01 13:32:33.216,1.35983,1.36018,1.50,5.10
2010.12.01 13:32:34.437,1.35989,1.36019,1.50,1.90
2010.12.01 13:32:34.895,1.35986,1.36019,1.50,1.90
2010.12.01 13:32:35.126,1.35976,1.36008,1.50,2.50
2010.12.01 13:32:36.207,1.35978,1.36008,1.50,2.70
2010.12.01 13:32:37.050,1.35978,1.36008,1.50,2.70
2010.12.01 13:32:37.568,1.35975,1.36008,1.50,2.50
2010.12.01 13:32:38.738,1.3597,1.36006,1.50,2.90
2010.12.01 13:32:39.725,1.35969,1.36006,1.50,2.90
2010.12.01 13:32:40.905,1.35967,1.35997,1.50,1.60
2010.12.01 13:32:41.065,1.35956,1.35988,1.50,2.70
2010.12.01 13:32:41.691,1.35952,1.35977,1.60,1.70
2010.12.01 13:32:43.208,1.35952,1.35987,1.50,2.50
2010.12.01 13:32:43.719,1.35953,1.35987,1.50,5.10
2010.12.01 13:32:45.858,1.35953,1.35987,2.70,2.50
2010.12.01 13:32:49.884,1.35953,1.35987,2.50,2.50
2010.12.01 13:32:51.466,1.35953,1.35987,1.60,3.10
2010.12.01 13:32:51.647,1.35951,1.35984,2.40,2.60
2010.12.01 13:32:51.756,1.35951,1.35984,2.40,2.50
2010.12.01 13:32:52.108,1.35958,1.3599,1.50,4.80
2010.12.01 13:32:52.243,1.35958,1.35993,1.50,2.60
2010.12.01 13:32:52.359,1.3596,1.35996,1.50,1.10
2010.12.01 13:32:52.716,1.35964,1.35996,1.50,1.10
2010.12.01 13:32:53.600,1.35965,1.35992,1.50,1.70
2010.12.01 13:32:54.047,1.35965,1.36001,1.50,2.50
2010.12.01 13:32:54.565,1.35967,1.36005,1.50,2.60
2010.12.01 13:32:54.898,1.35972,1.36005,1.50,1.80
2010.12.01 13:32:55.363,1.35975,1.36013,1.50,1.10
2010.12.01 13:32:56.688,1.35976,1.36004,1.50,2.50
2010.12.01 13:32:57.184,1.35976,1.36015,1.50,6.20
2010.12.01 13:32:57.522,1.35982,1.36004,1.50,1.70
2010.12.01 13:32:58.356,1.35976,1.36004,1.50,1.80
2010.12.01 13:32:58.468,1.35975,1.36004,1.50,2.50
2010.12.01 13:32:59.840,1.35969,1.36003,1.50,2.50
2010.12.01 13:33:03.119,1.35966,1.36001,1.50,1.60
2010.12.01 13:33:05.517,1.35966,1.35994,1.50,1.10
2010.12.01 13:33:06.132,1.35958,1.35993,1.50,2.70
2010.12.01 13:33:07.499,1.35958,1.35981,1.50,1.70
2010.12.01 13:33:07.727,1.35954,1.3597,1.70,1.70
2010.12.01 13:33:07.839,1.35957,1.35986,1.70,1.30
2010.12.01 13:33:08.371,1.35958,1.3599,1.50,1.20
2010.12.01 13:33:08.707,1.35953,1.35992,1.70,6.10
2010.12.01 13:33:09.113,1.35953,1.35992,1.50,1.30
2010.12.01 13:33:09.239,1.35953,1.35992,1.50,6.10
2010.12.01 13:33:09.574,1.3596,1.35992,1.50,2.50
2010.12.01 13:33:10.196,1.3596,1.35977,1.50,1.50
2010.12.01 13:33:10.543,1.35925,1.35941,1.60,1.70
2010.12.01 13:33:10.996,1.35925,1.35959,3.10,1.10
2010.12.01 13:33:11.837,1.35928,1.35958,3.20,2.40
2010.12.01 13:33:11.951,1.35932,1.35966,1.90,2.60
2010.12.01 13:33:12.072,1.35935,1.35966,1.50,2.50
2010.12.01 13:33:12.460,1.35943,1.35978,1.50,2.50
2010.12.01 13:33:13.283,1.35938,1.35975,1.50,1.30
2010.12.01 13:33:15.826,1.35938,1.35975,1.60,1.30
2010.12.01 13:33:16.223,1.35938,1.35978,1.60,1.60
2010.12.01 13:33:16.371,1.35945,1.3598,2.40,2.70
2010.12.01 13:33:16.893,1.35944,1.35978,1.50,2.50
2010.12.01 13:33:18.715,1.35945,1.35979,1.50,2.50
2010.12.01 13:33:19.118,1.35955,1.35981,1.70,1.30
2010.12.01 13:33:19.271,1.35943,1.3597,1.50,1.90
2010.12.01 13:33:19.389,1.3594,1.35967,1.50,1.70
2010.12.01 13:33:19.788,1.3594,1.35968,1.50,1.80
2010.12.01 13:33:20.015,1.35941,1.35968,1.50,1.80
2010.12.01 13:33:20.676,1.35946,1.35968,1.50,1.70
2010.12.01 13:33:21.098,1.35942,1.35968,1.50,1.70
2010.12.01 13:33:22.767,1.35942,1.35968,1.70,1.70
2010.12.01 13:33:23.329,1.35939,1.35968,1.50,1.80
2010.12.01 13:33:23.467,1.35936,1.35975,1.70,1.30
2010.12.01 13:33:23.581,1.35938,1.35978,1.10,1.10
2010.12.01 13:33:23.701,1.35942,1.35978,1.50,1.10
2010.12.01 13:33:24.290,1.35945,1.35982,1.50,2.50
2010.12.01 13:33:24.410,1.35946,1.35982,1.50,2.50
2010.12.01 13:33:25.365,1.35948,1.35982,1.50,2.50
2010.12.01 13:33:25.475,1.3595,1.35982,1.50,2.50
2010.12.01 13:33:26.390,1.35951,1.35982,1.50,2.50
2010.12.01 13:33:26.506,1.35954,1.35982,1.50,2.50
2010.12.01 13:33:28.196,1.35955,1.35982,1.50,1.80
2010.12.01 13:33:28.325,1.35956,1.35983,1.50,1.80
2010.12.01 13:33:29.119,1.35956,1.35982,1.50,1.70
2010.12.01 13:33:30.527,1.35954,1.35973,1.50,1.70
2010.12.01 13:33:30.640,1.35952,1.35979,1.60,1.70
2010.12.01 13:33:30.866,1.35952,1.35979,1.70,1.70
2010.12.01 13:33:31.202,1.35952,1.35979,1.70,1.70
2010.12.01 13:33:31.536,1.35957,1.35986,1.50,2.50
2010.12.01 13:33:31.762,1.3596,1.35993,1.70,2.50
2010.12.01 13:33:32.383,1.35957,1.35981,1.50,1.10
2010.12.01 13:33:32.890,1.35951,1.35977,1.50,1.10
2010.12.01 13:33:33.010,1.3595,1.35984,1.50,1.60
2010.12.01 13:33:33.128,1.3595,1.35972,1.50,1.70
2010.12.01 13:33:33.751,1.3595,1.35972,1.70,1.70
2010.12.01 13:33:33.873,1.3595,1.35982,2.60,2.50
2010.12.01 13:33:36.577,1.35957,1.35983,1.50,1.80
2010.12.01 13:33:37.123,1.35965,1.35994,1.50,2.50
2010.12.01 13:33:38.112,1.35961,1.35993,1.50,2.90
2010.12.01 13:33:38.725,1.35962,1.35998,1.70,2.50
2010.12.01 13:33:38.836,1.35962,1.36003,1.70,1.90
2010.12.01 13:33:39.054,1.35964,1.36004,1.50,2.40
2010.12.01 13:33:39.627,1.35973,1.36006,1.50,5.10
2010.12.01 13:33:39.736,1.35972,1.36006,1.50,5.10
2010.12.01 13:33:40.247,1.35973,1.36007,1.50,5.50
2010.12.01 13:33:41.188,1.35968,1.35997,1.50,1.80
2010.12.01 13:33:42.265,1.35968,1.35997,1.50,5.10
2010.12.01 13:33:42.965,1.35962,1.35992,1.50,1.70
2010.12.01 13:33:43.435,1.35956,1.35991,1.50,1.10
2010.12.01 13:33:44.058,1.35958,1.35999,1.70,2.60
2010.12.01 13:33:44.181,1.35966,1.35999,1.50,2.50
2010.12.01 13:33:46.328,1.35966,1.35989,1.50,1.70
2010.12.01 13:33:47.340,1.35961,1.35989,1.50,1.80
2010.12.01 13:33:47.476,1.35964,1.35991,1.50,1.80
2010.12.01 13:33:48.006,1.35967,1.36001,1.50,2.40
2010.12.01 13:33:48.124,1.35968,1.35999,1.50,2.80
2010.12.01 13:33:48.668,1.35963,1.35993,1.50,4.20
2010.12.01 13:33:51.940,1.3596,1.35993,1.50,4.00
2010.12.01 13:33:52.067,1.35957,1.35993,1.60,2.60
2010.12.01 13:33:52.284,1.35957,1.35991,1.50,4.70
2010.12.01 13:33:54.115,1.35956,1.35986,1.60,2.40
2010.12.01 13:33:54.567,1.35956,1.35986,2.80,2.40
2010.12.01 13:33:55.078,1.35965,1.35989,1.50,1.50
2010.12.01 13:33:55.199,1.35965,1.35987,1.50,1.50
2010.12.01 13:33:55.584,1.35954,1.35984,1.60,1.50
2010.12.01 13:33:56.026,1.35957,1.35986,2.70,1.60
2010.12.01 13:33:56.135,1.35957,1.35983,2.70,1.50
2010.12.01 13:33:56.644,1.35963,1.35986,1.70,1.50
2010.12.01 13:33:56.756,1.35963,1.3599,1.70,1.70
2010.12.01 13:33:57.146,1.35963,1.35992,2.40,1.80
2010.12.01 13:33:57.289,1.35953,1.35979,1.50,1.70
2010.12.01 13:33:57.758,1.3595,1.35972,1.50,1.70
2010.12.01 13:33:57.915,1.35944,1.35977,1.50,2.60
2010.12.01 13:33:58.594,1.35934,1.35973,1.70,1.30
2010.12.01 13:33:58.705,1.35934,1.35973,1.70,1.30
2010.12.01 13:33:59.859,1.35941,1.35973,1.50,2.40
2010.12.01 13:34:00.201,1.35943,1.35976,2.60,2.50
2010.12.01 13:34:00.713,1.35946,1.35975,1.50,2.40
2010.12.01 13:34:01.686,1.35946,1.35976,1.50,2.50
2010.12.01 13:34:01.796,1.35948,1.35976,1.50,1.80
2010.12.01 13:34:02.552,1.35948,1.35975,1.50,1.50
2010.12.01 13:34:03.398,1.3595,1.35975,1.50,1.50
2010.12.01 13:34:03.851,1.3595,1.35975,1.50,1.50
2010.12.01 13:34:04.017,1.35952,1.35981,1.20,2.50
2010.12.01 13:34:04.133,1.35957,1.35988,1.70,1.30
2010.12.01 13:34:04.637,1.35962,1.35992,1.70,2.40
2010.12.01 13:34:04.779,1.35966,1.35992,1.70,1.50
2010.12.01 13:34:05.008,1.35964,1.35994,1.50,1.80
2010.12.01 13:34:05.126,1.3596,1.35992,1.20,2.40
2010.12.01 13:34:05.516,1.35958,1.35992,1.50,2.40
2010.12.01 13:34:05.638,1.35958,1.3599,1.50,2.40
2010.12.01 13:34:06.294,1.35965,1.35993,1.50,3.20
2010.12.01 13:34:06.516,1.35965,1.35991,1.50,1.50
2010.12.01 13:34:07.043,1.35961,1.3599,1.50,1.50
2010.12.01 13:34:08.770,1.35963,1.35989,1.10,1.50
2010.12.01 13:34:09.170,1.35965,1.35994,1.50,2.40
2010.12.01 13:34:10.157,1.35968,1.35997,3.20,2.40
2010.12.01 13:34:11.936,1.35968,1.35995,3.20,1.50
2010.12.01 13:34:12.046,1.35969,1.35998,1.50,1.70
2010.12.01 13:34:12.661,1.35968,1.35996,1.50,2.50
2010.12.01 13:34:13.610,1.35968,1.35994,1.50,1.70
2010.12.01 13:34:13.752,1.35959,1.35994,2.50,4.90
2010.12.01 13:34:14.406,1.35958,1.35989,1.60,1.60
2010.12.01 13:34:14.522,1.35961,1.35991,1.70,2.40
2010.12.01 13:34:14.995,1.35961,1.35994,1.70,2.40
2010.12.01 13:34:15.773,1.35966,1.35992,1.50,1.50
2010.12.01 13:34:16.106,1.3597,1.35992,1.50,1.50
2010.12.01 13:34:16.216,1.3597,1.35994,1.50,1.60
2010.12.01 13:34:16.674,1.35962,1.35993,1.70,2.40
2010.12.01 13:34:17.438,1.35965,1.35998,1.50,2.40
2010.12.01 13:34:17.557,1.35969,1.35998,1.50,1.60
2010.12.01 13:34:18.183,1.35969,1.36001,1.70,2.40
2010.12.01 13:34:18.406,1.35975,1.36001,1.50,1.50
2010.12.01 13:34:19.064,1.35972,1.35997,1.50,1.50
2010.12.01 13:34:19.394,1.35972,1.36001,1.50,1.60
2010.12.01 13:34:20.053,1.35976,1.36001,1.50,1.50
2010.12.01 13:34:20.285,1.35978,1.36009,1.50,1.30
2010.12.01 13:34:20.403,1.35981,1.36009,1.50,2.30
2010.12.01 13:34:22.530,1.35981,1.36005,1.50,1.70
2010.12.01 13:34:22.954,1.35976,1.36004,1.50,1.60
2010.12.01 13:34:23.088,1.3597,1.36003,1.60,2.50
2010.12.01 13:34:23.206,1.35967,1.36003,1.60,2.50
2010.12.01 13:34:23.662,1.35968,1.36004,2.60,2.40
2010.12.01 13:34:23.781,1.35966,1.35993,1.60,1.80
2010.12.01 13:34:23.896,1.35963,1.35993,1.50,2.50
2010.12.01 13:34:24.287,1.35968,1.3599,1.70,2.40
2010.12.01 13:34:24.420,1.35968,1.3599,2.40,1.50
2010.12.01 13:34:24.538,1.35966,1.35997,1.70,2.40
2010.12.01 13:34:27.582,1.35967,1.35999,1.70,2.40
2010.12.01 13:34:27.929,1.35966,1.35999,1.50,2.40
2010.12.01 13:34:28.071,1.3596,1.35995,1.50,2.40
2010.12.01 13:34:30.883,1.35968,1.35998,1.50,2.40
2010.12.01 13:34:33.114,1.35971,1.36001,1.50,2.40
2010.12.01 13:34:33.229,1.35971,1.36001,1.20,2.40
2010.12.01 13:34:33.364,1.35972,1.36001,1.50,1.60
2010.12.01 13:34:37.109,1.35968,1.35993,1.50,1.90
2010.12.01 13:34:37.258,1.35954,1.35982,1.90,1.60
2010.12.01 13:34:37.379,1.35943,1.35967,2.70,2.40
2010.12.01 13:34:37.807,1.35937,1.35967,1.10,2.50
2010.12.01 13:34:37.960,1.35936,1.35971,1.20,2.50
2010.12.01 13:34:38.711,1.35937,1.35968,1.50,2.40
2010.12.01 13:34:39.458,1.35936,1.35968,1.50,2.40
2010.12.01 13:34:40.810,1.35939,1.3597,1.70,2.50
2010.12.01 13:34:41.825,1.35939,1.3597,1.70,2.50
2010.12.01 13:34:41.940,1.35939,1.3597,1.70,2.50
2010.12.01 13:34:42.729,1.35939,1.3597,1.70,2.50
2010.12.01 13:34:43.222,1.35948,1.35972,1.50,1.50
2010.12.01 13:34:43.629,1.35951,1.3597,1.10,1.50
2010.12.01 13:34:44.059,1.35951,1.35977,1.60,1.70
2010.12.01 13:34:44.204,1.35956,1.35988,3.20,4.00
2010.12.01 13:34:45.026,1.35958,1.35988,1.40,2.40
2010.12.01 13:34:45.361,1.35961,1.3599,1.50,1.60
2010.12.01 13:34:45.881,1.35957,1.35983,1.50,1.70
2010.12.01 13:34:45.997,1.35953,1.35983,3.20,1.70
2010.12.01 13:34:46.109,1.35953,1.35977,1.50,1.70
2010.12.01 13:34:46.229,1.35957,1.35986,1.70,3.30
2010.12.01 13:34:46.952,1.35948,1.35981,1.40,2.50
2010.12.01 13:34:47.068,1.35955,1.35985,1.70,2.40
2010.12.01 13:34:47.509,1.35952,1.35982,1.50,2.50
2010.12.01 13:34:49.148,1.35952,1.35978,1.50,1.80
2010.12.01 13:34:49.647,1.35945,1.35971,1.50,1.70
2010.12.01 13:34:49.978,1.35949,1.35971,1.60,1.70
2010.12.01 13:34:50.322,1.35949,1.35981,1.60,1.30
2010.12.01 13:34:50.447,1.35957,1.35982,1.50,2.10
2010.12.01 13:34:51.370,1.35957,1.3599,1.50,5.30
2010.12.01 13:34:51.818,1.35951,1.35984,1.50,2.40
2010.12.01 13:34:53.247,1.35944,1.35978,1.50,1.80
2010.12.01 13:34:53.356,1.35944,1.35977,1.50,2.50
2010.12.01 13:34:54.052,1.35944,1.35968,1.50,1.70
2010.12.01 13:34:54.613,1.35944,1.35975,1.50,1.10
2010.12.01 13:34:55.492,1.35944,1.35968,1.50,1.40
2010.12.01 13:34:55.718,1.35937,1.3596,1.50,1.70
2010.12.01 13:34:56.150,1.35937,1.35968,1.50,1.70
2010.12.01 13:34:56.595,1.35942,1.35968,1.50,1.80
2010.12.01 13:35:00.448,1.35945,1.35976,1.50,2.40
2010.12.01 13:35:01.570,1.35953,1.3598,1.70,2.40
2010.12.01 13:35:04.654,1.35953,1.3598,1.70,2.40
2010.12.01 13:35:04.764,1.35953,1.3598,1.70,2.40
2010.12.01 13:35:08.359,1.3595,1.35977,1.20,2.50
2010.12.01 13:35:08.965,1.35953,1.35977,1.10,2.50
2010.12.01 13:35:09.377,1.35959,1.35983,2.10,2.40
2010.12.01 13:35:09.512,1.35951,1.3598,2.80,1.50
2010.12.01 13:35:10.020,1.35954,1.35984,1.50,1.70
2010.12.01 13:35:10.570,1.35952,1.35984,1.50,1.80
2010.12.01 13:35:10.907,1.35954,1.35984,1.50,2.50
2010.12.01 13:35:11.391,1.35963,1.35998,2.40,2.80
2010.12.01 13:35:12.396,1.35963,1.35976,1.20,1.90
2010.12.01 13:35:12.507,1.35956,1.35976,1.50,1.70
2010.12.01 13:35:12.618,1.35956,1.35984,1.50,2.00
2010.12.01 13:35:13.064,1.35957,1.35985,1.50,2.70
2010.12.01 13:35:13.396,1.35961,1.35991,1.50,1.10
2010.12.01 13:35:13.991,1.35961,1.35985,1.50,1.70
2010.12.01 13:35:14.440,1.35961,1.35993,1.50,2.60
2010.12.01 13:35:17.220,1.35965,1.35995,1.50,2.50
2010.12.01 13:35:17.830,1.35969,1.35995,1.50,1.70
2010.12.01 13:35:19.006,1.35969,1.35995,1.50,1.70
2010.12.01 13:35:19.608,1.35969,1.36001,1.50,1.20
2010.12.01 13:35:21.239,1.35969,1.35998,1.50,1.20
2010.12.01 13:35:21.355,1.35969,1.36,1.50,1.20
2010.12.01 13:35:21.863,1.35969,1.36001,1.50,1.70
2010.12.01 13:35:21.992,1.35973,1.36004,1.50,1.20
2010.12.01 13:35:22.107,1.35973,1.36006,1.50,2.60
2010.12.01 13:35:22.216,1.35973,1.36004,1.50,1.20
2010.12.01 13:35:22.843,1.35973,1.36005,1.50,5.20
2010.12.01 13:35:24.355,1.35973,1.36003,1.50,2.30
2010.12.01 13:35:25.333,1.35973,1.35998,1.50,1.80
2010.12.01 13:35:25.887,1.35969,1.35998,1.50,1.90
2010.12.01 13:35:26.416,1.35969,1.35997,1.50,1.90
2010.12.01 13:35:27.394,1.35967,1.35977,1.20,1.70
2010.12.01 13:35:27.618,1.35958,1.35977,1.50,1.70
2010.12.01 13:35:29.594,1.35958,1.35987,1.50,2.60
2010.12.01 13:35:29.818,1.35958,1.35977,1.50,1.70
2010.12.01 13:35:30.341,1.35949,1.35977,1.50,1.80
2010.12.01 13:35:30.920,1.35949,1.35977,1.50,1.80
2010.12.01 13:35:31.476,1.35957,1.35985,1.70,2.40
2010.12.01 13:35:31.923,1.35955,1.3599,1.50,1.20
2010.12.01 13:35:34.803,1.35955,1.35982,1.50,1.70
2010.12.01 13:35:34.915,1.35955,1.35979,1.50,1.50
2010.12.01 13:35:35.026,1.35951,1.35979,1.20,1.60
2010.12.01 13:35:35.525,1.35953,1.35979,1.90,1.60
2010.12.01 13:35:35.860,1.3594,1.35971,1.50,2.50
2010.12.01 13:35:36.244,1.35952,1.35971,1.50,1.70
2010.12.01 13:35:36.426,1.35953,1.35992,1.40,2.40
2010.12.01 13:35:36.865,1.35959,1.35981,1.50,1.70
2010.12.01 13:35:39.001,1.35955,1.35981,1.50,1.80
2010.12.01 13:35:39.501,1.35955,1.35981,1.50,1.70
2010.12.01 13:35:41.031,1.35965,1.35991,1.50,1.90
2010.12.01 13:35:41.366,1.35957,1.35981,1.50,1.70
2010.12.01 13:35:42.579,1.35957,1.35991,1.50,5.10
2010.12.01 13:35:42.700,1.35963,1.35991,1.50,2.70
2010.12.01 13:35:43.121,1.35963,1.35991,1.50,2.60
2010.12.01 13:35:44.868,1.35963,1.35981,1.50,1.70
2010.12.01 13:35:45.643,1.35955,1.35981,1.50,1.80
2010.12.01 13:35:46.855,1.35963,1.35978,1.70,1.70
2010.12.01 13:35:47.080,1.35959,1.35978,1.50,1.70
2010.12.01 13:35:47.493,1.35954,1.35978,1.50,1.70
2010.12.01 13:35:47.717,1.35954,1.35976,1.50,1.70
2010.12.01 13:35:48.345,1.35954,1.35984,1.50,1.80
2010.12.01 13:35:48.456,1.35954,1.35987,1.50,1.20
2010.12.01 13:35:49.316,1.35957,1.3599,1.50,1.10
2010.12.01 13:35:49.542,1.35957,1.35988,1.50,2.40
2010.12.01 13:35:49.765,1.35959,1.35988,1.50,2.40
2010.12.01 13:35:50.220,1.35956,1.35989,1.50,1.10
2010.12.01 13:35:50.667,1.35956,1.35991,1.50,2.50
2010.12.01 13:35:51.105,1.35961,1.35992,1.50,2.50
2010.12.01 13:35:51.330,1.35962,1.35996,1.50,1.30
2010.12.01 13:35:51.447,1.35967,1.35996,1.50,1.30
2010.12.01 13:35:55.495,1.35967,1.35984,1.50,1.70
2010.12.01 13:35:56.211,1.35944,1.35976,1.50,2.50
2010.12.01 13:35:56.325,1.35944,1.35976,1.50,2.50
2010.12.01 13:35:56.791,1.35944,1.35976,1.60,2.50
2010.12.01 13:35:57.766,1.35954,1.35977,1.50,1.70
2010.12.01 13:35:57.946,1.35951,1.35979,1.50,1.70
2010.12.01 13:35:59.666,1.35958,1.35979,1.50,1.70
2010.12.01 13:36:00.527,1.35962,1.3599,1.50,2.70
2010.12.01 13:36:00.636,1.35962,1.3599,1.50,2.50
2010.12.01 13:36:01.524,1.35962,1.3599,1.50,2.60
2010.12.01 13:36:02.297,1.35962,1.35988,1.50,1.10
2010.12.01 13:36:02.786,1.3596,1.35985,1.50,1.80
2010.12.01 13:36:02.900,1.35969,1.35995,1.50,1.70
2010.12.01 13:36:04.717,1.35969,1.35999,1.50,2.50
2010.12.01 13:36:05.316,1.35972,1.36004,1.50,1.80
2010.12.01 13:36:05.552,1.35994,1.36015,1.20,1.10
2010.12.01 13:36:06.055,1.35986,1.36017,1.50,1.10
2010.12.01 13:36:06.680,1.35991,1.36019,1.50,2.10
2010.12.01 13:36:07.311,1.35986,1.36018,1.50,2.70
2010.12.01 13:36:07.470,1.35986,1.36016,1.50,1.10
2010.12.01 13:36:07.587,1.35986,1.36008,1.50,1.70
2010.12.01 13:36:08.088,1.35986,1.36019,1.50,3.00
2010.12.01 13:36:09.161,1.35986,1.36026,2.50,1.20
2010.12.01 13:36:09.574,1.35999,1.36028,1.20,2.20
2010.12.01 13:36:09.704,1.36,1.36033,2.40,1.20
2010.12.01 13:36:09.818,1.36002,1.36034,1.50,4.70
2010.12.01 13:36:09.937,1.36002,1.36034,1.50,2.40
2010.12.01 13:36:10.377,1.36008,1.36037,1.20,2.90
2010.12.01 13:36:11.026,1.36009,1.36037,1.20,1.90
2010.12.01 13:36:11.678,1.36005,1.36032,1.50,2.50
2010.12.01 13:36:12.255,1.36003,1.36031,1.50,1.20
2010.12.01 13:36:12.373,1.36004,1.36038,1.50,1.30
2010.12.01 13:36:12.950,1.35998,1.36022,1.20,1.70
2010.12.01 13:36:13.067,1.35995,1.36024,2.50,1.70
2010.12.01 13:36:13.453,1.36008,1.36031,1.70,2.50
2010.12.01 13:36:13.577,1.35999,1.36031,2.10,8.50
2010.12.01 13:36:14.020,1.35999,1.36031,2.10,2.40
2010.12.01 13:36:14.473,1.35997,1.36023,1.50,2.50
2010.12.01 13:36:14.587,1.36002,1.36031,1.20,2.40
2010.12.01 13:36:15.039,1.35999,1.36014,1.20,1.80
2010.12.01 13:36:15.160,1.35986,1.36014,1.60,2.50
2010.12.01 13:36:15.728,1.35984,1.36003,1.20,1.70
2010.12.01 13:36:16.259,1.35977,1.36004,1.50,1.70
2010.12.01 13:36:16.377,1.35973,1.36004,1.60,2.50
2010.12.01 13:36:16.598,1.35971,1.35998,2.30,1.70
2010.12.01 13:36:17.002,1.35973,1.36003,1.70,2.50
2010.12.01 13:36:17.225,1.35975,1.36003,1.50,2.50
2010.12.01 13:36:17.776,1.35976,1.36008,2.40,1.10
2010.12.01 13:36:17.890,1.35973,1.36001,1.50,1.70
2010.12.01 13:36:18.530,1.35978,1.36008,4.70,2.50
2010.12.01 13:36:18.863,1.35978,1.36008,1.50,2.60
2010.12.01 13:36:19.256,1.3598,1.36008,2.30,1.80
2010.12.01 13:36:19.374,1.35975,1.36001,1.20,1.80
2010.12.01 13:36:19.488,1.35973,1.36001,3.00,1.80
2010.12.01 13:36:19.919,1.35973,1.36011,1.50,6.70
2010.12.01 13:36:20.037,1.35974,1.36011,1.50,10.60
2010.12.01 13:36:20.741,1.35975,1.36009,1.50,4.70
2010.12.01 13:36:21.566,1.35978,1.36011,1.50,2.70
2010.12.01 13:36:22.525,1.35981,1.36015,3.60,5.10
2010.12.01 13:36:24.135,1.35981,1.36011,3.20,10.60
2010.12.01 13:36:24.616,1.3598,1.36001,1.90,1.70
2010.12.01 13:36:24.732,1.3598,1.36013,1.20,2.40
2010.12.01 13:36:26.818,1.35972,1.36007,1.50,1.70
2010.12.01 13:36:27.556,1.35977,1.3601,1.50,2.40
2010.12.01 13:36:27.682,1.35993,1.36022,1.90,1.70
2010.12.01 13:36:28.096,1.35995,1.36018,1.50,3.20
2010.12.01 13:36:28.214,1.35988,1.36017,1.50,2.50
2010.12.01 13:36:28.724,1.35981,1.36018,1.70,2.50
2010.12.01 13:36:28.872,1.35981,1.36016,1.50,2.60
2010.12.01 13:36:29.967,1.3598,1.36013,1.50,1.10
2010.12.01 13:36:31.195,1.35987,1.36015,1.70,1.30
2010.12.01 13:36:31.347,1.35979,1.36015,1.20,1.30
2010.12.01 13:36:33.008,1.3598,1.36016,1.50,2.80
2010.12.01 13:36:33.130,1.35981,1.36015,1.50,2.40
2010.12.01 13:36:33.978,1.35977,1.36008,1.70,1.80
2010.12.01 13:36:34.199,1.35986,1.36017,1.50,4.10
2010.12.01 13:36:34.625,1.35987,1.36017,2.40,1.60
2010.12.01 13:36:34.739,1.3599,1.36018,1.50,2.50
2010.12.01 13:36:36.366,1.35982,1.36007,1.50,1.70
2010.12.01 13:36:37.527,1.35978,1.36007,1.50,1.80
2010.12.01 13:36:39.168,1.35978,1.36006,1.50,1.20
2010.12.01 13:36:39.560,1.35975,1.35998,1.50,1.70
2010.12.01 13:36:42.316,1.35976,1.36003,2.40,1.10
2010.12.01 13:36:42.683,1.35979,1.36008,1.50,1.80
2010.12.01 13:36:44.271,1.35979,1.36007,1.50,1.90
2010.12.01 13:36:45.150,1.35979,1.36007,1.50,1.90
2010.12.01 13:36:45.868,1.35979,1.36007,1.50,1.90
2010.12.01 13:36:46.875,1.35979,1.36007,1.50,1.90
2010.12.01 13:36:47.807,1.35979,1.35997,1.50,1.70
2010.12.01 13:36:47.918,1.35979,1.36008,1.50,1.90
2010.12.01 13:36:48.941,1.35986,1.36013,1.70,2.50
2010.12.01 13:36:51.489,1.35983,1.36008,1.50,2.40
2010.12.01 13:36:52.104,1.35981,1.36004,1.50,1.70
2010.12.01 13:36:52.239,1.35998,1.36027,1.50,2.50
2010.12.01 13:36:52.466,1.35998,1.36027,1.50,1.70
2010.12.01 13:36:53.001,1.36004,1.36036,1.50,5.70
2010.12.01 13:36:54.415,1.35999,1.36031,1.50,1.30
2010.12.01 13:36:54.535,1.35998,1.36025,1.50,2.00
2010.12.01 13:36:56.152,1.35998,1.36024,1.50,1.70
2010.12.01 13:36:56.942,1.35998,1.36022,1.50,1.70
2010.12.01 13:37:00.477,1.35998,1.36022,1.50,1.80
2010.12.01 13:37:00.589,1.35998,1.36022,1.50,1.80
2010.12.01 13:37:00.708,1.35996,1.36022,1.50,1.90
2010.12.01 13:37:00.827,1.35994,1.36022,1.50,2.80
2010.12.01 13:37:01.331,1.35994,1.36012,1.50,1.70
2010.12.01 13:37:02.081,1.35994,1.36022,1.50,2.60
2010.12.01 13:37:02.309,1.35995,1.3602,2.40,1.10
2010.12.01 13:37:02.870,1.35997,1.36031,1.70,2.50
2010.12.01 13:37:02.990,1.35999,1.36031,2.60,2.40
2010.12.01 13:37:03.490,1.36003,1.36038,1.50,2.80
2010.12.01 13:37:03.607,1.36009,1.3604,1.50,1.30
2010.12.01 13:37:04.449,1.36009,1.36039,1.50,1.90
2010.12.01 13:37:05.167,1.36006,1.36031,1.50,1.70
2010.12.01 13:37:05.277,1.36001,1.36031,1.50,2.50
2010.12.01 13:37:05.497,1.36001,1.36021,1.50,1.70
2010.12.01 13:37:05.972,1.36001,1.36021,1.50,2.40
2010.12.01 13:37:06.307,1.35992,1.36015,1.50,1.70
2010.12.01 13:37:09.207,1.35988,1.36015,1.50,1.70
2010.12.01 13:37:09.828,1.35991,1.36015,1.50,1.70
2010.12.01 13:37:10.637,1.35988,1.36015,1.50,1.80
2010.12.01 13:37:11.275,1.35987,1.36015,1.50,1.80
2010.12.01 13:37:12.757,1.35987,1.36015,1.50,1.70
2010.12.01 13:37:14.787,1.35994,1.36023,3.20,2.30
2010.12.01 13:37:15.229,1.35995,1.36025,2.40,5.10
2010.12.01 13:37:15.675,1.35995,1.36024,2.40,2.20
2010.12.01 13:37:15.915,1.35995,1.36025,2.40,2.60
2010.12.01 13:37:20.785,1.35994,1.36016,1.50,1.70
2010.12.01 13:37:20.894,1.35994,1.36025,1.50,5.20
2010.12.01 13:37:21.467,1.35994,1.36024,1.50,1.20
2010.12.01 13:37:22.283,1.35985,1.36016,1.50,5.10
2010.12.01 13:37:22.401,1.35995,1.36021,1.70,1.70
2010.12.01 13:37:22.824,1.35995,1.36023,3.20,1.50
2010.12.01 13:37:22.946,1.35995,1.36025,3.20,1.80
2010.12.01 13:37:23.671,1.35995,1.36026,1.50,5.10
2010.12.01 13:37:24.300,1.35995,1.36025,1.50,2.70
2010.12.01 13:37:24.446,1.36004,1.36028,1.70,1.30
2010.12.01 13:37:24.558,1.36004,1.36031,1.70,2.10
2010.12.01 13:37:24.934,1.36004,1.36031,1.70,1.80
2010.12.01 13:37:25.053,1.35994,1.36024,1.50,2.50
2010.12.01 13:37:25.275,1.35994,1.36023,3.20,2.60
2010.12.01 13:37:25.612,1.35992,1.36011,1.50,1.70
2010.12.01 13:37:25.772,1.35991,1.36024,1.50,2.60
2010.12.01 13:37:26.535,1.35994,1.36025,1.50,2.50
2010.12.01 13:37:27.178,1.35994,1.36026,1.50,1.20
2010.12.01 13:37:27.691,1.36,1.36028,1.50,2.30
2010.12.01 13:37:27.806,1.35995,1.36026,1.50,1.40
2010.12.01 13:37:28.473,1.35995,1.36025,3.20,2.50
2010.12.01 13:37:28.697,1.36005,1.36034,1.50,2.30
2010.12.01 13:37:29.029,1.36005,1.36026,1.50,1.70
2010.12.01 13:37:29.275,1.35987,1.36015,1.50,1.90
2010.12.01 13:37:29.861,1.35987,1.36015,3.50,1.80
2010.12.01 13:37:29.984,1.35995,1.36025,3.20,2.50
2010.12.01 13:37:30.385,1.35995,1.36025,3.30,1.70
2010.12.01 13:37:30.571,1.36,1.36025,1.50,1.70
2010.12.01 13:37:30.797,1.36,1.36034,1.50,1.40
2010.12.01 13:37:31.243,1.36005,1.36035,1.50,2.70
2010.12.01 13:37:31.578,1.36005,1.36035,1.50,6.40
2010.12.01 13:37:31.990,1.36002,1.36032,1.50,1.20
2010.12.01 13:37:32.169,1.35995,1.36022,1.50,1.70
2010.12.01 13:37:33.399,1.35989,1.36011,1.50,1.70
2010.12.01 13:37:33.863,1.35989,1.36021,1.50,1.80
2010.12.01 13:37:34.000,1.35987,1.36014,1.50,1.80
2010.12.01 13:37:36.079,1.35982,1.36014,1.50,2.50
2010.12.01 13:37:36.542,1.36016,1.36039,1.50,4.00
2010.12.01 13:37:36.962,1.36001,1.36029,1.70,1.80
2010.12.01 13:37:37.107,1.36006,1.36038,1.50,1.10
2010.12.01 13:37:37.817,1.3601,1.3604,1.50,2.50
2010.12.01 13:37:38.399,1.36002,1.36036,1.50,2.50
2010.12.01 13:37:38.522,1.36002,1.36033,1.50,1.10
2010.12.01 13:37:38.914,1.35998,1.36028,1.50,1.40
2010.12.01 13:37:39.614,1.35986,1.3602,1.50,1.90
2010.12.01 13:37:39.726,1.35986,1.3602,1.50,1.30
2010.12.01 13:37:40.829,1.35982,1.36017,1.50,2.40
2010.12.01 13:37:40.956,1.35981,1.36021,2.60,4.80
2010.12.01 13:37:41.068,1.35986,1.36021,1.50,4.70
2010.12.01 13:37:42.008,1.35991,1.36016,1.70,2.40
2010.12.01 13:37:42.365,1.35996,1.36022,1.50,1.50
2010.12.01 13:37:43.460,1.36,1.36024,1.50,1.50
2010.12.01 13:37:43.998,1.35998,1.36024,1.50,1.70
2010.12.01 13:37:44.345,1.35998,1.36024,1.50,1.80
2010.12.01 13:37:44.486,1.35993,1.36024,1.50,4.20
2010.12.01 13:37:45.005,1.35988,1.36019,1.90,2.40
2010.12.01 13:37:45.132,1.35989,1.36021,1.50,4.70
2010.12.01 13:37:45.356,1.35989,1.3602,1.50,2.40
2010.12.01 13:37:46.196,1.35992,1.3602,1.50,2.40
2010.12.01 13:37:48.027,1.35992,1.36019,1.50,2.30
2010.12.01 13:37:48.415,1.35992,1.36013,1.50,1.50
2010.12.01 13:37:48.759,1.36003,1.36026,1.70,2.40
2010.12.01 13:37:48.878,1.35999,1.36025,1.50,1.70
2010.12.01 13:37:49.392,1.36,1.3603,1.90,1.60
2010.12.01 13:37:49.729,1.36006,1.36031,1.50,1.50
2010.12.01 13:37:50.186,1.36004,1.36032,1.50,2.40
2010.12.01 13:37:50.628,1.35997,1.36029,1.50,1.80
2010.12.01 13:37:51.952,1.35999,1.36024,1.50,1.50
2010.12.01 13:37:52.751,1.36,1.36025,1.20,1.80
2010.12.01 13:37:53.263,1.36001,1.36032,1.50,4.40
2010.12.01 13:37:53.403,1.36001,1.36029,1.50,1.50
2010.12.01 13:37:53.518,1.36003,1.36029,1.50,1.50
2010.12.01 13:37:53.765,1.36008,1.36032,1.50,1.50
2010.12.01 13:37:54.223,1.36002,1.36032,1.50,1.70
2010.12.01 13:37:54.341,1.35999,1.36029,1.50,1.80
2010.12.01 13:37:54.941,1.35997,1.36024,1.70,2.40
2010.12.01 13:37:55.166,1.35997,1.36024,2.40,2.40
2010.12.01 13:37:55.559,1.36005,1.3603,1.50,3.30
2010.12.01 13:38:00.168,1.36011,1.36039,2.40,1.90
2010.12.01 13:38:00.279,1.36006,1.36024,1.50,1.70
2010.12.01 13:38:00.508,1.36003,1.36024,1.50,1.70
2010.12.01 13:38:00.867,1.36003,1.36032,1.50,1.70
2010.12.01 13:38:01.011,1.36003,1.36033,1.50,1.70
2010.12.01 13:38:01.135,1.36003,1.3603,1.50,1.80
2010.12.01 13:38:01.553,1.36004,1.3603,1.40,2.50
2010.12.01 13:38:02.186,1.36015,1.36028,2.40,1.50
2010.12.01 13:38:02.325,1.36015,1.36039,2.40,2.30
2010.12.01 13:38:02.435,1.36009,1.36035,1.50,1.70
2010.12.01 13:38:02.548,1.36009,1.36034,1.50,1.50
2010.12.01 13:38:03.091,1.36004,1.36034,1.50,2.40
2010.12.01 13:38:04.647,1.36004,1.36029,1.50,1.50
2010.12.01 13:38:05.020,1.35999,1.36029,1.50,2.40
2010.12.01 13:38:05.622,1.35992,1.36026,2.60,1.10
2010.12.01 13:38:05.955,1.35995,1.36027,1.50,2.40
2010.12.01 13:38:06.575,1.35991,1.36024,1.50,4.00
2010.12.01 13:38:07.477,1.35995,1.36023,1.70,2.40
2010.12.01 13:38:07.697,1.35991,1.36023,1.50,2.40
2010.12.01 13:38:09.614,1.35991,1.36019,1.50,1.10
2010.12.01 13:38:09.977,1.35991,1.36022,1.50,1.50
2010.12.01 13:38:10.141,1.35985,1.36016,1.50,2.40
2010.12.01 13:38:11.290,1.35983,1.36015,3.20,1.60
2010.12.01 13:38:11.418,1.35983,1.36012,3.20,1.70
2010.12.01 13:38:11.850,1.35987,1.36019,3.20,2.50
2010.12.01 13:38:12.267,1.35987,1.36019,3.20,2.50
2010.12.01 13:38:12.379,1.35992,1.36019,1.50,1.80
2010.12.01 13:38:15.169,1.35992,1.36019,1.50,1.70
2010.12.01 13:38:15.297,1.35994,1.36019,1.50,1.70
2010.12.01 13:38:15.515,1.35994,1.36019,1.50,1.80
2010.12.01 13:38:16.341,1.35998,1.36022,1.70,2.40
2010.12.01 13:38:17.380,1.35985,1.36019,1.60,2.50
2010.12.01 13:38:17.715,1.35988,1.36018,1.70,4.00
2010.12.01 13:38:18.625,1.3599,1.36025,1.90,2.40
2010.12.01 13:38:19.334,1.35995,1.36025,1.50,2.40
2010.12.01 13:38:23.438,1.35999,1.36025,1.70,2.40
2010.12.01 13:38:23.566,1.35999,1.36032,2.40,1.20
2010.12.01 13:38:23.676,1.35999,1.36034,2.40,2.50
2010.12.01 13:38:24.499,1.36002,1.36035,1.50,3.20
2010.12.01 13:38:24.847,1.36001,1.36032,1.70,2.40
2010.12.01 13:38:25.385,1.36002,1.36033,1.50,2.40
2010.12.01 13:38:26.152,1.36002,1.36038,1.50,2.60
2010.12.01 13:38:26.869,1.36006,1.36043,1.50,4.90
2010.12.01 13:38:27.937,1.36012,1.36043,1.50,2.40
2010.12.01 13:38:28.652,1.36012,1.36038,1.50,1.70
2010.12.01 13:38:28.803,1.36004,1.36034,1.30,2.40
2010.12.01 13:38:28.916,1.36004,1.3603,1.20,2.40
2010.12.01 13:38:29.817,1.35998,1.36028,1.50,2.40
2010.12.01 13:38:30.526,1.35998,1.36027,1.50,1.70
2010.12.01 13:38:31.175,1.35998,1.36023,1.50,1.50
2010.12.01 13:38:31.286,1.35993,1.36022,1.50,1.90
2010.12.01 13:38:31.835,1.35996,1.36022,1.50,1.80
2010.12.01 13:38:35.455,1.35996,1.36022,1.50,2.00
2010.12.01 13:38:35.597,1.35992,1.36022,1.20,5.70
2010.12.01 13:38:39.528,1.36,1.36022,1.70,2.50
2010.12.01 13:38:39.956,1.36006,1.36022,2.10,1.70
2010.12.01 13:38:40.074,1.36001,1.36029,1.50,3.30
2010.12.01 13:38:40.562,1.35999,1.36027,1.50,2.40
2010.12.01 13:38:43.757,1.36004,1.36029,1.50,1.70
2010.12.01 13:38:44.085,1.36004,1.36029,1.50,1.80
2010.12.01 13:38:44.745,1.36,1.36034,1.70,2.30
2010.12.01 13:38:45.080,1.36007,1.36035,1.50,1.60
2010.12.01 13:38:45.868,1.36007,1.36036,1.50,1.90
2010.12.01 13:38:46.436,1.36007,1.3603,1.50,1.70
2010.12.01 13:38:46.925,1.36014,1.36036,1.50,1.50
2010.12.01 13:38:47.392,1.36014,1.3604,1.50,1.90
2010.12.01 13:38:47.616,1.36014,1.36045,1.50,3.00
2010.12.01 13:38:48.472,1.36014,1.3604,1.50,1.70
2010.12.01 13:38:48.919,1.36018,1.36044,1.50,1.50
2010.12.01 13:38:50.002,1.36021,1.36047,1.50,1.90
2010.12.01 13:38:50.359,1.36014,1.36036,2.70,1.70
2010.12.01 13:38:50.854,1.36011,1.36036,1.50,1.70
2010.12.01 13:38:51.769,1.36008,1.36035,1.50,1.50
2010.12.01 13:38:52.743,1.36012,1.36043,2.40,1.60
2010.12.01 13:38:52.859,1.36019,1.36043,1.50,1.50
2010.12.01 13:38:52.979,1.36018,1.36046,1.50,1.50
2010.12.01 13:38:53.437,1.36016,1.36042,1.50,1.70
2010.12.01 13:38:53.552,1.36016,1.36042,1.50,1.70
2010.12.01 13:38:54.017,1.36009,1.36036,1.50,1.60
2010.12.01 13:38:54.449,1.36015,1.36034,1.50,1.50
2010.12.01 13:38:54.573,1.36013,1.36039,1.50,1.50
2010.12.01 13:38:54.927,1.36013,1.36039,1.50,1.60
2010.12.01 13:38:55.536,1.36023,1.36045,1.70,2.40
2010.12.01 13:38:56.081,1.36029,1.36053,1.50,1.50
2010.12.01 13:38:56.599,1.36025,1.36057,1.50,1.10
2010.12.01 13:38:56.827,1.36034,1.36059,1.70,4.70
2010.12.01 13:38:57.240,1.36034,1.36059,1.70,4.70
2010.12.01 13:38:57.381,1.3603,1.36059,1.50,1.70
2010.12.01 13:38:57.496,1.36029,1.36059,1.50,2.40
2010.12.01 13:38:58.075,1.36024,1.36053,2.40,2.80
2010.12.01 13:38:58.305,1.36022,1.36039,1.50,1.70
2010.12.01 13:38:58.744,1.36019,1.3605,2.60,2.40
2010.12.01 13:38:59.281,1.3602,1.3605,2.50,2.40
2010.12.01 13:38:59.426,1.36023,1.3605,1.50,1.50
2010.12.01 13:38:59.982,1.36014,1.36041,1.60,1.60
2010.12.01 13:39:00.107,1.36011,1.36042,1.50,5.10
2010.12.01 13:39:00.535,1.36018,1.36046,1.70,1.30
2010.12.01 13:39:00.677,1.36032,1.36061,1.70,4.80
2010.12.01 13:39:00.788,1.36027,1.36058,1.50,1.60
2010.12.01 13:39:01.176,1.36023,1.36058,1.50,1.20
2010.12.01 13:39:01.798,1.36026,1.36061,1.50,1.40
2010.12.01 13:39:01.979,1.36025,1.36054,1.50,1.70
2010.12.01 13:39:02.098,1.36021,1.36054,1.20,5.10
2010.12.01 13:39:02.539,1.36021,1.36054,1.20,5.10
2010.12.01 13:39:02.716,1.36029,1.36058,1.70,4.70
2010.12.01 13:39:03.218,1.36024,1.36053,1.50,2.50
2010.12.01 13:39:03.327,1.36029,1.36058,1.70,4.70
2010.12.01 13:39:03.743,1.36024,1.36062,1.70,5.80
2010.12.01 13:39:04.185,1.36028,1.36058,1.50,2.40
2010.12.01 13:39:06.138,1.36025,1.36055,1.50,2.50
2010.12.01 13:39:06.845,1.36029,1.36059,1.70,1.20
2010.12.01 13:39:07.803,1.36029,1.36062,1.90,2.40
2010.12.01 13:39:07.942,1.36033,1.36067,1.50,4.70
2010.12.01 13:39:08.802,1.36029,1.36064,1.50,1.50
2010.12.01 13:39:09.746,1.36029,1.36056,1.50,1.70
2010.12.01 13:39:09.890,1.36028,1.36056,1.20,5.30
2010.12.01 13:39:10.620,1.36026,1.36055,1.50,1.80
2010.12.01 13:39:10.743,1.36024,1.36057,1.50,2.50
2010.12.01 13:39:11.215,1.36027,1.36057,1.50,1.80
2010.12.01 13:39:11.330,1.36029,1.36063,1.50,1.20
2010.12.01 13:39:11.840,1.36031,1.36065,1.40,2.40
2010.12.01 13:39:11.976,1.36041,1.36063,1.50,1.80
2010.12.01 13:39:12.475,1.36035,1.36052,1.50,1.70
2010.12.01 13:39:12.597,1.36033,1.36063,1.50,2.20
2010.12.01 13:39:13.184,1.36033,1.36063,1.50,1.20
2010.12.01 13:39:13.298,1.36035,1.36063,3.40,1.20
2010.12.01 13:39:13.846,1.36043,1.3607,1.50,1.60
2010.12.01 13:39:13.957,1.36041,1.36069,1.20,1.10
2010.12.01 13:39:14.392,1.36039,1.36062,1.20,1.70
2010.12.01 13:39:14.885,1.36046,1.36076,1.50,4.40
2010.12.01 13:39:15.002,1.36046,1.36077,1.50,1.30
2010.12.01 13:39:15.727,1.36046,1.3607,1.50,1.70
2010.12.01 13:39:15.849,1.36043,1.36077,1.50,4.80
2010.12.01 13:39:16.390,1.36043,1.36076,1.50,1.30
2010.12.01 13:39:17.011,1.36046,1.36078,1.50,5.70
2010.12.01 13:39:17.166,1.36046,1.3607,1.50,1.70
2010.12.01 13:39:17.556,1.36046,1.36081,1.50,2.90
2010.12.01 13:39:18.906,1.36046,1.36087,3.30,4.70
2010.12.01 13:39:19.238,1.36053,1.36086,1.50,1.30
2010.12.01 13:39:19.369,1.36044,1.36076,1.20,4.70
2010.12.01 13:39:19.488,1.36044,1.36074,1.20,2.00
2010.12.01 13:39:19.917,1.36038,1.3607,1.50,1.10
2010.12.01 13:39:20.036,1.36033,1.36056,1.20,1.70
2010.12.01 13:39:20.258,1.36027,1.36051,3.00,1.70
2010.12.01 13:39:20.713,1.36025,1.36051,1.50,1.80
2010.12.01 13:39:20.859,1.36023,1.36051,1.50,1.80
2010.12.01 13:39:20.978,1.36021,1.36051,2.80,2.50
2010.12.01 13:39:21.908,1.36021,1.36046,1.20,2.70
2010.12.01 13:39:22.027,1.3602,1.36046,1.50,1.80
2010.12.01 13:39:22.424,1.36013,1.36049,1.60,1.10
2010.12.01 13:39:23.467,1.36017,1.36049,1.60,2.50
2010.12.01 13:39:23.576,1.36017,1.36049,1.50,2.50
2010.12.01 13:39:23.930,1.36022,1.36055,1.50,1.40
2010.12.01 13:39:24.268,1.36015,1.36052,1.70,7.00
2010.12.01 13:39:24.712,1.36031,1.36058,1.50,1.60
2010.12.01 13:39:25.262,1.36025,1.3606,1.20,1.10
2010.12.01 13:39:25.376,1.36024,1.3606,1.20,1.10
2010.12.01 13:39:25.485,1.36024,1.3606,1.20,1.10
2010.12.01 13:39:26.824,1.36031,1.36058,1.50,1.50
2010.12.01 13:39:27.048,1.36032,1.36064,1.50,2.70
2010.12.01 13:39:27.485,1.36033,1.36064,1.50,5.20
2010.12.01 13:39:27.819,1.36037,1.36063,1.50,1.70
2010.12.01 13:39:28.047,1.36037,1.36063,1.50,1.80
2010.12.01 13:39:28.511,1.36031,1.36063,1.50,1.90
2010.12.01 13:39:28.627,1.36038,1.36068,1.50,2.70
2010.12.01 13:39:29.487,1.36038,1.36069,1.50,5.20
2010.12.01 13:39:30.309,1.3604,1.36069,1.20,1.50
2010.12.01 13:39:30.947,1.36034,1.36068,1.50,1.90
2010.12.01 13:39:31.166,1.36032,1.36064,1.50,1.10
2010.12.01 13:39:31.738,1.36028,1.36062,1.20,4.30
2010.12.01 13:39:32.328,1.36023,1.3605,1.50,1.80
2010.12.01 13:39:32.447,1.36025,1.36058,1.70,1.10
2010.12.01 13:39:32.558,1.36022,1.36058,1.60,1.10
2010.12.01 13:39:34.118,1.3603,1.3606,1.50,1.80
2010.12.01 13:39:34.253,1.36032,1.3606,1.50,1.80
2010.12.01 13:39:35.282,1.36043,1.3606,1.50,1.80
2010.12.01 13:39:35.406,1.36043,1.36071,1.50,2.50
2010.12.01 13:39:37.895,1.36043,1.36071,1.50,2.60
2010.12.01 13:39:38.749,1.36044,1.36071,1.20,1.70
2010.12.01 13:39:41.003,1.36047,1.36075,1.50,4.20
2010.12.01 13:39:41.537,1.36047,1.36077,1.50,1.30
2010.12.01 13:39:41.648,1.36045,1.36078,1.20,5.40
2010.12.01 13:39:42.235,1.36055,1.36079,2.10,8.50
2010.12.01 13:39:42.758,1.36037,1.36066,1.50,1.60
2010.12.01 13:39:43.664,1.36036,1.36071,1.50,8.80
2010.12.01 13:39:44.428,1.36034,1.36061,1.50,3.30
2010.12.01 13:39:44.599,1.36034,1.36057,1.50,1.90
2010.12.01 13:39:44.721,1.36032,1.36057,1.20,2.00
2010.12.01 13:39:45.114,1.3602,1.36045,3.00,1.70
2010.12.01 13:39:45.298,1.3602,1.36045,1.50,1.70
2010.12.01 13:39:46.041,1.3602,1.36045,1.50,1.80
2010.12.01 13:39:47.894,1.36021,1.3605,1.50,1.50
2010.12.01 13:39:48.652,1.3602,1.3605,1.50,1.20
2010.12.01 13:39:49.622,1.3602,1.36053,1.50,1.20
2010.12.01 13:39:53.455,1.36018,1.36046,1.50,2.60
2010.12.01 13:39:54.219,1.36018,1.36046,1.50,2.70
2010.12.01 13:39:54.445,1.36018,1.36046,1.50,2.60
2010.12.01 13:39:54.776,1.36018,1.36046,1.50,2.50
2010.12.01 13:39:55.279,1.36024,1.36056,1.50,5.00
2010.12.01 13:39:57.793,1.36024,1.36057,1.60,2.60
2010.12.01 13:39:58.246,1.36027,1.36057,1.50,5.50
2010.12.01 13:39:58.957,1.36028,1.36057,1.50,1.80
2010.12.01 13:39:59.883,1.36037,1.36059,1.50,10.80
2010.12.01 13:40:00.006,1.36018,1.36042,1.50,1.70
2010.12.01 13:40:00.121,1.36033,1.36053,1.50,1.50
2010.12.01 13:40:00.519,1.36033,1.36058,1.50,1.60
2010.12.01 13:40:00.751,1.36034,1.36058,1.50,1.70
2010.12.01 13:40:01.184,1.36029,1.36062,1.50,2.50
2010.12.01 13:40:01.299,1.36029,1.36059,1.50,1.90
2010.12.01 13:40:01.899,1.36033,1.36059,1.50,1.70
2010.12.01 13:40:02.238,1.36038,1.36059,1.50,1.70
2010.12.01 13:40:02.759,1.36045,1.36069,1.50,1.80
2010.12.01 13:40:02.881,1.36042,1.36069,1.50,1.80
2010.12.01 13:40:03.393,1.36055,1.36077,1.50,1.60
2010.12.01 13:40:03.817,1.36059,1.36085,1.70,2.20
2010.12.01 13:40:03.976,1.36046,1.36077,1.60,2.60
2010.12.01 13:40:04.318,1.36046,1.36068,1.50,1.70
2010.12.01 13:40:05.102,1.36055,1.36077,1.70,2.50
2010.12.01 13:40:05.506,1.36044,1.36076,3.20,1.70
2010.12.01 13:40:05.621,1.36044,1.36076,3.20,1.90
2010.12.01 13:40:06.111,1.36042,1.36076,1.50,2.10
2010.12.01 13:40:06.263,1.3604,1.36072,1.50,1.50
2010.12.01 13:40:06.378,1.36034,1.36065,3.20,1.70
2010.12.01 13:40:06.486,1.36034,1.36065,3.20,1.70
2010.12.01 13:40:06.923,1.36035,1.36065,1.50,1.70
2010.12.01 13:40:07.149,1.36041,1.36073,1.50,1.20
2010.12.01 13:40:07.543,1.36036,1.36073,1.50,1.90
2010.12.01 13:40:07.768,1.36032,1.36069,2.10,5.10
2010.12.01 13:40:08.153,1.36038,1.36069,1.70,5.10
2010.12.01 13:40:08.878,1.36038,1.36073,1.90,1.20
2010.12.01 13:40:08.988,1.36035,1.36074,1.20,1.60
2010.12.01 13:40:09.801,1.3604,1.36068,1.50,2.50
2010.12.01 13:40:10.442,1.3604,1.36065,1.50,1.70
2010.12.01 13:40:12.478,1.36034,1.36062,1.70,2.40
2010.12.01 13:40:12.635,1.3603,1.36057,2.40,2.50
2010.12.01 13:40:15.190,1.36029,1.36059,1.50,1.20
2010.12.01 13:40:15.310,1.36029,1.36057,1.50,2.20
2010.12.01 13:40:15.803,1.36025,1.36057,1.90,5.30
2010.12.01 13:40:16.526,1.36028,1.36064,1.50,5.30
2010.12.01 13:40:17.536,1.36028,1.36064,1.70,1.40
2010.12.01 13:40:18.616,1.36033,1.36065,1.70,1.20
2010.12.01 13:40:20.399,1.3603,1.36064,1.20,1.20
2010.12.01 13:40:20.628,1.36026,1.36057,1.20,1.90
2010.12.01 13:40:21.149,1.36026,1.36056,1.50,1.80
2010.12.01 13:40:21.380,1.36029,1.36057,1.20,2.50
2010.12.01 13:40:22.250,1.36032,1.36066,1.50,4.20
2010.12.01 13:40:22.701,1.36033,1.36067,3.20,2.70
2010.12.01 13:40:22.820,1.36033,1.36067,3.20,2.50
2010.12.01 13:40:23.962,1.36033,1.36066,1.50,5.10
2010.12.01 13:40:24.076,1.36034,1.36066,2.40,2.60
2010.12.01 13:40:24.576,1.36034,1.36066,2.40,5.20
2010.12.01 13:40:24.691,1.36034,1.36065,2.40,1.20
2010.12.01 13:40:25.462,1.36032,1.36065,1.50,1.10
2010.12.01 13:40:25.594,1.36032,1.36067,1.60,2.50
2010.12.01 13:40:26.253,1.36033,1.36067,2.60,2.50
2010.12.01 13:40:26.476,1.36036,1.36067,1.50,2.60
2010.12.01 13:40:27.145,1.36036,1.36057,1.50,1.70
2010.12.01 13:40:27.260,1.36031,1.36064,1.20,1.50
2010.12.01 13:40:27.687,1.36035,1.36057,1.60,1.70
2010.12.01 13:40:27.870,1.36037,1.36067,3.10,2.50
2010.12.01 13:40:28.582,1.36037,1.36066,1.50,2.70
2010.12.01 13:40:28.695,1.36037,1.36066,1.50,2.70
2010.12.01 13:40:29.670,1.36037,1.36066,1.50,8.30
2010.12.01 13:40:30.156,1.36034,1.36056,1.50,1.70
2010.12.01 13:40:30.288,1.36034,1.36066,1.20,2.50
2010.12.01 13:40:30.400,1.36034,1.36057,1.20,1.70
2010.12.01 13:40:30.808,1.36034,1.36066,1.20,5.10
2010.12.01 13:40:30.961,1.36031,1.36056,1.50,1.70
2010.12.01 13:40:31.076,1.36031,1.36066,1.50,5.10
2010.12.01 13:40:31.563,1.36035,1.36056,1.20,1.70
2010.12.01 13:40:32.195,1.36025,1.36047,1.50,1.80
2010.12.01 13:40:32.329,1.36035,1.36057,1.70,1.30
2010.12.01 13:40:32.950,1.36031,1.36061,1.50,2.50
2010.12.01 13:40:33.623,1.36035,1.36068,1.20,1.10
2010.12.01 13:40:34.711,1.36029,1.36061,1.50,2.70
2010.12.01 13:40:34.830,1.36028,1.36058,1.60,1.60
2010.12.01 13:40:35.355,1.36027,1.36056,2.40,1.10
2010.12.01 13:40:35.512,1.36023,1.36059,2.40,2.50
2010.12.01 13:40:35.628,1.36023,1.36059,2.40,2.50
2010.12.01 13:40:35.882,1.36023,1.36059,2.40,2.50
2010.12.01 13:40:36.343,1.36026,1.3605,1.50,1.70
2010.12.01 13:40:36.458,1.36026,1.36059,1.50,4.10
2010.12.01 13:40:36.576,1.36028,1.3606,2.50,1.80
2010.12.01 13:40:36.954,1.36031,1.3606,1.50,1.80
2010.12.01 13:40:37.076,1.36029,1.3606,1.70,1.80
2010.12.01 13:40:37.187,1.36028,1.3606,2.40,2.50
2010.12.01 13:40:37.300,1.36027,1.36049,1.50,1.70
2010.12.01 13:40:37.417,1.36027,1.36053,1.50,1.70
2010.12.01 13:40:37.877,1.36027,1.36062,3.20,1.20
2010.12.01 13:40:37.988,1.36028,1.36065,1.30,2.70
2010.12.01 13:40:38.658,1.36038,1.36065,1.50,2.10
2010.12.01 13:40:38.885,1.36034,1.36065,1.50,5.70
2010.12.01 13:40:39.730,1.36037,1.36068,1.50,1.50
2010.12.01 13:40:40.558,1.36032,1.36064,1.50,5.10
2010.12.01 13:40:43.657,1.36032,1.36059,1.50,1.80
2010.12.01 13:40:44.140,1.36037,1.36053,2.50,2.40
2010.12.01 13:40:44.259,1.36043,1.36058,1.70,1.60
2010.12.01 13:40:44.662,1.36043,1.36069,1.70,1.50
2010.12.01 13:40:44.788,1.36032,1.36062,1.50,1.10
2010.12.01 13:40:45.391,1.36035,1.36068,3.90,2.50
2010.12.01 13:40:45.509,1.36036,1.36066,1.50,2.50
2010.12.01 13:40:45.981,1.36034,1.36063,2.40,1.60
2010.12.01 13:40:46.112,1.36028,1.36065,1.50,2.60
2010.12.01 13:40:46.338,1.36028,1.36049,1.50,1.70
2010.12.01 13:40:46.809,1.36032,1.3605,1.50,1.70
2010.12.01 13:40:46.946,1.36031,1.3605,1.50,1.70
2010.12.01 13:40:47.059,1.36029,1.36057,1.50,1.70
2010.12.01 13:40:47.470,1.36029,1.36057,1.50,1.70
2010.12.01 13:40:47.597,1.36034,1.36065,1.50,1.20
2010.12.01 13:40:47.903,1.36044,1.36075,2.60,1.30
2010.12.01 13:40:48.018,1.36054,1.36076,1.50,1.50
2010.12.01 13:40:48.411,1.36037,1.36067,1.20,2.40
2010.12.01 13:40:48.866,1.36031,1.36045,1.50,1.70
2010.12.01 13:40:49.393,1.36009,1.36037,1.50,2.50
2010.12.01 13:40:49.565,1.36016,1.36048,2.80,2.50
2010.12.01 13:40:49.685,1.36017,1.36054,2.40,2.50
2010.12.01 13:40:49.990,1.36024,1.36054,1.50,2.50
2010.12.01 13:40:50.137,1.36024,1.36049,1.50,1.70
2010.12.01 13:40:50.248,1.36024,1.36054,1.50,2.50
2010.12.01 13:40:50.904,1.36028,1.36064,1.50,1.90
2010.12.01 13:40:51.597,1.36031,1.36064,1.50,1.30
2010.12.01 13:40:51.708,1.36034,1.36065,1.50,1.30
2010.12.01 13:40:52.274,1.36036,1.36069,1.40,2.40
2010.12.01 13:40:52.507,1.36048,1.36075,1.50,1.60
2010.12.01 13:40:53.361,1.36051,1.36076,1.50,1.50
2010.12.01 13:40:53.510,1.3605,1.36084,1.70,2.50
2010.12.01 13:40:53.991,1.3606,1.36088,2.50,1.30
2010.12.01 13:40:56.446,1.3606,1.3608,2.40,1.10
2010.12.01 13:40:56.675,1.36049,1.36074,1.20,1.90
2010.12.01 13:40:56.993,1.36049,1.3607,1.20,1.50
2010.12.01 13:40:57.193,1.36045,1.3607,1.50,1.90
2010.12.01 13:40:57.310,1.36042,1.36063,1.50,1.90
2010.12.01 13:40:57.772,1.36031,1.36062,3.00,1.10
2010.12.01 13:40:58.482,1.36036,1.36069,1.50,2.70
2010.12.01 13:40:58.604,1.36042,1.36077,1.50,1.20
2010.12.01 13:40:59.424,1.36048,1.36083,3.20,2.70
2010.12.01 13:41:00.080,1.36058,1.36085,1.70,5.70
2010.12.01 13:41:00.206,1.36055,1.36089,1.50,1.90
2010.12.01 13:41:00.694,1.36054,1.36089,1.70,2.00
2010.12.01 13:41:00.817,1.3605,1.36083,1.50,2.70
2010.12.01 13:41:00.934,1.36048,1.36083,2.40,2.80
2010.12.01 13:41:01.448,1.36048,1.36081,2.40,1.60
2010.12.01 13:41:01.575,1.36047,1.36082,2.40,1.30
2010.12.01 13:41:01.689,1.36053,1.36084,1.50,2.60
2010.12.01 13:41:02.318,1.36057,1.36088,1.50,1.30
2010.12.01 13:41:03.227,1.36052,1.36089,1.50,1.60
2010.12.01 13:41:03.786,1.36052,1.36083,1.50,2.40
2010.12.01 13:41:05.184,1.36058,1.36077,1.50,1.70
2010.12.01 13:41:05.299,1.36058,1.36083,1.50,1.70
2010.12.01 13:41:05.772,1.36054,1.36083,1.50,1.80
2010.12.01 13:41:06.417,1.36056,1.36083,1.50,1.80
2010.12.01 13:41:06.605,1.36054,1.36085,2.40,1.60
2010.12.01 13:41:06.997,1.36053,1.36076,1.50,1.70
2010.12.01 13:41:07.110,1.36047,1.36076,1.50,1.80
2010.12.01 13:41:07.336,1.36047,1.36076,1.50,2.50
2010.12.01 13:41:07.992,1.3605,1.36078,1.50,1.10
2010.12.01 13:41:08.519,1.36044,1.3607,1.50,1.70
2010.12.01 13:41:08.640,1.36044,1.3607,1.50,1.70
2010.12.01 13:41:09.143,1.36045,1.3607,1.70,1.70
2010.12.01 13:41:09.300,1.36057,1.36091,3.20,2.20
2010.12.01 13:41:09.418,1.36058,1.36091,1.50,2.90
2010.12.01 13:41:09.892,1.3605,1.3608,1.50,1.10
2010.12.01 13:41:10.805,1.36046,1.36077,1.50,2.70
2010.12.01 13:41:10.940,1.36048,1.36078,1.50,6.90
2010.12.01 13:41:11.478,1.36048,1.36075,1.50,1.70
2010.12.01 13:41:12.090,1.3605,1.36076,1.50,1.80
2010.12.01 13:41:12.843,1.36048,1.36073,1.50,1.70
2010.12.01 13:41:12.958,1.3605,1.36083,1.50,5.10
2010.12.01 13:41:13.422,1.36056,1.36088,1.50,2.00
2010.12.01 13:41:13.647,1.36056,1.36086,1.50,1.20
2010.12.01 13:41:14.133,1.36056,1.36087,1.50,1.40
2010.12.01 13:41:15.195,1.36058,1.3609,3.20,2.60
2010.12.01 13:41:15.305,1.36061,1.3609,1.50,2.60
2010.12.01 13:41:15.877,1.36067,1.36095,1.50,4.60
2010.12.01 13:41:15.990,1.36068,1.361,2.40,2.80
2010.12.01 13:41:16.408,1.36072,1.361,1.50,5.50
2010.12.01 13:41:16.629,1.36072,1.361,1.50,2.70
2010.12.01 13:41:16.746,1.36072,1.36099,1.50,1.20
2010.12.01 13:41:17.290,1.36066,1.36097,1.50,1.20
2010.12.01 13:41:17.736,1.36069,1.361,1.50,2.10
2010.12.01 13:41:18.558,1.36072,1.36101,1.50,2.30
2010.12.01 13:41:18.949,1.36061,1.3609,1.50,1.70
2010.12.01 13:41:19.286,1.36066,1.3609,1.50,1.70
2010.12.01 13:41:19.976,1.36066,1.3609,1.50,1.80
2010.12.01 13:41:20.120,1.36069,1.361,1.50,5.10
2010.12.01 13:41:20.240,1.3607,1.361,1.50,1.90
2010.12.01 13:41:20.641,1.36074,1.361,1.50,1.80
2010.12.01 13:41:21.457,1.36074,1.361,1.50,1.80
2010.12.01 13:41:21.690,1.36074,1.361,1.50,1.70
2010.12.01 13:41:22.376,1.36075,1.36103,1.50,2.60
2010.12.01 13:41:22.487,1.36069,1.36094,1.50,1.70
2010.12.01 13:41:22.977,1.36062,1.36094,3.40,2.50
2010.12.01 13:41:23.092,1.36062,1.36087,1.50,1.70
2010.12.01 13:41:24.348,1.36065,1.36096,2.40,2.60
2010.12.01 13:41:24.469,1.36068,1.36096,1.50,1.80
2010.12.01 13:41:24.881,1.36068,1.36096,1.50,2.10
2010.12.01 13:41:25.219,1.36072,1.36097,1.50,2.10
2010.12.01 13:41:25.730,1.36072,1.36097,1.50,1.70
2010.12.01 13:41:26.380,1.36077,1.36107,1.50,2.60
2010.12.01 13:41:26.499,1.36077,1.36107,1.50,1.70
2010.12.01 13:41:27.121,1.36077,1.36107,1.50,1.80
2010.12.01 13:41:27.459,1.36076,1.36107,1.50,2.60
2010.12.01 13:41:27.894,1.3608,1.36107,1.50,1.80
2010.12.01 13:41:28.504,1.3608,1.36107,1.70,1.70
2010.12.01 13:41:28.648,1.36084,1.3611,1.50,1.90
2010.12.01 13:41:29.082,1.36084,1.36104,1.50,1.70
2010.12.01 13:41:29.248,1.36081,1.36109,2.30,1.70
2010.12.01 13:41:29.673,1.36081,1.36104,2.30,1.70
2010.12.01 13:41:30.837,1.36084,1.36103,1.50,1.70
2010.12.01 13:41:31.332,1.36074,1.36094,1.50,1.70
2010.12.01 13:41:31.450,1.36073,1.36106,1.50,1.20
2010.12.01 13:41:31.828,1.36075,1.36111,2.90,2.50
2010.12.01 13:41:32.049,1.36081,1.36111,1.50,3.20
2010.12.01 13:41:32.286,1.36081,1.36111,1.50,3.60
2010.12.01 13:41:32.708,1.36077,1.36103,1.50,1.70
2010.12.01 13:41:33.233,1.36069,1.36093,1.50,1.70
2010.12.01 13:41:33.382,1.36066,1.36095,1.50,2.30
2010.12.01 13:41:33.498,1.36064,1.36098,1.50,3.10
2010.12.01 13:41:34.561,1.36066,1.36097,1.50,1.70
2010.12.01 13:41:34.691,1.36067,1.36093,1.50,1.50
2010.12.01 13:41:36.405,1.3606,1.36087,1.50,1.70
2010.12.01 13:41:36.521,1.3606,1.36087,1.50,1.80
2010.12.01 13:41:37.016,1.3606,1.36087,1.70,1.70
2010.12.01 13:41:37.150,1.36068,1.36101,1.50,6.10
2010.12.01 13:41:40.211,1.36071,1.36101,1.50,2.50
2010.12.01 13:41:40.329,1.36072,1.36101,1.50,2.50
2010.12.01 13:41:41.145,1.36072,1.36097,1.50,1.70
2010.12.01 13:41:41.858,1.36064,1.36097,2.40,1.80
2010.12.01 13:41:41.979,1.36064,1.36097,2.40,2.00
2010.12.01 13:41:42.097,1.36062,1.36094,1.50,2.00
2010.12.01 13:41:42.710,1.3606,1.36094,1.50,3.50
2010.12.01 13:41:42.861,1.36058,1.36093,1.70,1.80
2010.12.01 13:41:43.405,1.36064,1.36097,1.70,5.30
2010.12.01 13:41:43.516,1.36064,1.36095,1.70,1.50
2010.12.01 13:41:44.090,1.36064,1.36097,2.60,1.20
2010.12.01 13:41:44.209,1.36071,1.36104,1.50,2.80
2010.12.01 13:41:44.863,1.36068,1.361,1.50,2.70
2010.12.01 13:41:45.308,1.36072,1.36105,2.40,2.20
2010.12.01 13:41:47.007,1.36071,1.361,1.50,2.80
2010.12.01 13:41:47.979,1.36071,1.36104,2.40,2.00
2010.12.01 13:41:49.002,1.36072,1.36104,3.20,3.10
2010.12.01 13:41:49.468,1.36072,1.36102,3.20,1.20
2010.12.01 13:41:49.585,1.36072,1.36104,3.20,3.00
2010.12.01 13:41:51.188,1.36066,1.36102,1.50,1.50
2010.12.01 13:41:51.860,1.36061,1.36093,2.40,2.50
2010.12.01 13:41:52.307,1.36061,1.36093,2.50,2.50
2010.12.01 13:41:53.091,1.36066,1.36097,2.00,1.30
2010.12.01 13:41:53.438,1.36071,1.361,1.70,2.50
2010.12.01 13:41:53.557,1.36071,1.361,1.70,2.50
2010.12.01 13:41:54.953,1.36071,1.36103,2.40,1.60
2010.12.01 13:41:55.295,1.36071,1.36103,1.70,1.20
2010.12.01 13:41:55.419,1.36066,1.36094,1.50,1.80
2010.12.01 13:41:56.724,1.36067,1.36101,3.20,2.50
2010.12.01 13:41:59.006,1.36067,1.36101,3.20,5.10
2010.12.01 13:41:59.227,1.3607,1.36103,1.80,2.40
2010.12.01 13:42:02.133,1.36073,1.361,1.50,1.80
2010.12.01 13:42:02.270,1.36076,1.36106,1.50,1.10
2010.12.01 13:42:02.747,1.36076,1.361,1.50,1.70
2010.12.01 13:42:03.080,1.36072,1.361,1.50,2.50
2010.12.01 13:42:04.886,1.36074,1.361,1.50,1.70
2010.12.01 13:42:05.025,1.36074,1.36101,1.50,1.80
2010.12.01 13:42:05.685,1.36075,1.36101,1.50,1.90
2010.12.01 13:42:06.403,1.36075,1.36101,3.00,1.80
2010.12.01 13:42:07.003,1.36079,1.36108,1.50,2.50
2010.12.01 13:42:07.446,1.36081,1.36112,1.50,1.50
2010.12.01 13:42:07.557,1.36081,1.36107,1.50,1.80
2010.12.01 13:42:08.196,1.36081,1.36107,1.50,1.80
2010.12.01 13:42:08.415,1.36077,1.36107,1.50,2.70
2010.12.01 13:42:09.181,1.36077,1.36107,1.50,2.70
2010.12.01 13:42:09.836,1.36077,1.36107,1.50,2.80
2010.12.01 13:42:10.240,1.36076,1.36107,1.70,5.10
2010.12.01 13:42:10.378,1.3607,1.36098,1.50,1.80
2010.12.01 13:42:10.902,1.36069,1.36094,1.50,1.80
2010.12.01 13:42:11.128,1.36072,1.36102,1.50,1.80
2010.12.01 13:42:11.247,1.36073,1.36102,1.50,1.70
2010.12.01 13:42:12.177,1.36078,1.36102,1.50,1.80
2010.12.01 13:42:12.835,1.36078,1.36102,1.50,1.90
2010.12.01 13:42:14.845,1.36077,1.36102,1.50,1.70
2010.12.01 13:42:15.247,1.36081,1.36111,1.70,2.40
2010.12.01 13:42:15.578,1.36081,1.36109,1.50,2.40
2010.12.01 13:42:17.892,1.36083,1.36112,1.50,1.60
2010.12.01 13:42:18.313,1.36088,1.36115,1.70,1.80
2010.12.01 13:42:18.446,1.36094,1.36122,1.50,2.40
2010.12.01 13:42:19.289,1.36093,1.36125,1.70,1.60
2010.12.01 13:42:19.411,1.36095,1.36125,1.50,1.60
2010.12.01 13:42:20.552,1.36096,1.36125,1.50,2.40
2010.12.01 13:42:21.198,1.36095,1.36127,2.50,1.80
2010.12.01 13:42:21.338,1.36103,1.36125,1.50,1.70
2010.12.01 13:42:21.566,1.36101,1.36125,1.50,1.70
2010.12.01 13:42:22.021,1.36103,1.36134,2.50,2.40
2010.12.01 13:42:22.143,1.36104,1.36134,1.50,1.50
2010.12.01 13:42:22.260,1.36104,1.36125,1.50,1.70
2010.12.01 13:42:22.721,1.3611,1.3614,1.50,5.70
2010.12.01 13:42:23.231,1.36104,1.36136,1.50,4.70
2010.12.01 13:42:24.685,1.36102,1.36132,1.50,1.30
2010.12.01 13:42:24.799,1.36095,1.36127,1.50,1.80
2010.12.01 13:42:24.915,1.36095,1.36127,1.50,1.80
2010.12.01 13:42:25.393,1.361,1.36132,1.50,2.40
2010.12.01 13:42:26.332,1.361,1.36125,1.50,1.70
2010.12.01 13:42:26.494,1.36088,1.36114,1.50,1.70
2010.12.01 13:42:26.609,1.36086,1.36114,1.50,2.50
2010.12.01 13:42:26.732,1.36076,1.36111,1.50,1.70
2010.12.01 13:42:27.150,1.36075,1.36105,1.50,2.50
2010.12.01 13:42:27.585,1.36075,1.36102,1.50,1.70
2010.12.01 13:42:27.920,1.36071,1.36102,1.50,2.50
2010.12.01 13:42:28.257,1.36068,1.36102,1.50,2.50
2010.12.01 13:42:28.788,1.36068,1.36102,1.50,2.50
2010.12.01 13:42:28.905,1.36072,1.36102,1.50,2.50
2010.12.01 13:42:29.565,1.36075,1.36105,1.50,2.40
2010.12.01 13:42:29.679,1.36082,1.36108,1.50,1.80
2010.12.01 13:42:32.524,1.36082,1.36108,1.50,1.80
2010.12.01 13:42:32.635,1.36082,1.36108,1.50,1.80
2010.12.01 13:42:33.465,1.36082,1.36108,1.50,1.80
2010.12.01 13:42:34.346,1.36082,1.36117,1.50,4.70
2010.12.01 13:42:35.074,1.36086,1.36118,1.90,4.80
2010.12.01 13:42:39.124,1.36082,1.36116,3.10,2.50
2010.12.01 13:42:40.039,1.36086,1.36117,1.90,4.80
2010.12.01 13:42:40.490,1.36088,1.36121,2.50,2.40
2010.12.01 13:42:40.993,1.36092,1.36127,4.10,2.40
2010.12.01 13:42:41.135,1.36094,1.36127,1.50,4.70
2010.12.01 13:42:41.471,1.36095,1.36128,2.40,4.70
2010.12.01 13:42:41.895,1.36096,1.36128,2.40,5.70
2010.12.01 13:42:42.422,1.36085,1.36116,3.00,1.80
2010.12.01 13:42:42.598,1.36096,1.36125,1.50,1.80
2010.12.01 13:42:43.210,1.36084,1.36116,1.50,1.90
2010.12.01 13:42:43.327,1.36084,1.36116,1.50,1.80
2010.12.01 13:42:43.755,1.36085,1.36123,2.60,6.10
2010.12.01 13:42:44.198,1.36084,1.36115,1.60,2.50
2010.12.01 13:42:44.735,1.36087,1.36122,1.80,2.50
2010.12.01 13:42:46.096,1.36087,1.36122,1.80,2.50
2010.12.01 13:42:46.434,1.36094,1.36122,1.10,2.50
2010.12.01 13:42:46.547,1.36096,1.36127,1.70,1.30
2010.12.01 13:42:46.657,1.36092,1.36127,1.70,2.00
2010.12.01 13:42:47.059,1.3609,1.36126,1.10,4.70
2010.12.01 13:42:47.223,1.36085,1.3612,1.70,1.90
2010.12.01 13:42:47.446,1.36085,1.3612,1.90,1.90
2010.12.01 13:42:47.861,1.36085,1.36117,2.60,1.30
2010.12.01 13:42:47.990,1.36085,1.36122,2.70,5.70
2010.12.01 13:42:48.821,1.36085,1.36118,2.00,2.40
2010.12.01 13:42:49.048,1.36086,1.36117,1.90,1.90
2010.12.01 13:42:49.777,1.36086,1.36117,1.70,1.30
2010.12.01 13:42:49.894,1.36081,1.36118,1.80,1.90
2010.12.01 13:42:50.766,1.36082,1.36118,1.10,1.30
2010.12.01 13:42:50.988,1.36081,1.36111,1.60,2.50
2010.12.01 13:42:51.719,1.36076,1.36111,2.50,2.90
2010.12.01 13:42:51.836,1.36076,1.36111,2.50,2.90
2010.12.01 13:42:52.144,1.36076,1.36111,2.50,2.90
2010.12.01 13:42:52.337,1.36076,1.36111,2.50,3.00
2010.12.01 13:42:52.796,1.36076,1.36111,2.70,2.90
2010.12.01 13:42:53.237,1.36076,1.36111,2.50,2.90
2010.12.01 13:42:54.123,1.36078,1.36111,1.60,2.50
2010.12.01 13:42:54.910,1.36075,1.36101,1.90,1.70
2010.12.01 13:42:57.126,1.36088,1.36119,1.50,1.50
2010.12.01 13:42:59.169,1.36093,1.36122,1.70,2.40
2010.12.01 13:42:59.579,1.36093,1.36125,2.40,2.50
2010.12.01 13:43:01.971,1.36093,1.36121,1.70,4.80
2010.12.01 13:43:02.104,1.36085,1.36121,1.70,4.70
2010.12.01 13:43:02.658,1.36085,1.36122,2.80,2.40
2010.12.01 13:43:03.150,1.36104,1.36127,1.70,2.40
2010.12.01 13:43:03.268,1.36104,1.3613,1.70,4.70
2010.12.01 13:43:03.924,1.36097,1.36131,1.50,4.80
2010.12.01 13:43:05.612,1.36094,1.36121,1.70,1.30
2010.12.01 13:43:05.734,1.36093,1.36126,1.70,1.30
2010.12.01 13:43:06.429,1.36095,1.36129,1.80,4.70
2010.12.01 13:43:09.264,1.36087,1.36122,1.10,1.30
2010.12.01 13:43:09.395,1.3609,1.36126,1.50,2.00
2010.12.01 13:43:09.789,1.3609,1.36115,1.50,1.70
2010.12.01 13:43:09.954,1.36098,1.36125,1.80,2.40
2010.12.01 13:43:10.069,1.36104,1.36128,1.50,1.50
2010.12.01 13:43:10.450,1.36099,1.36128,5.10,2.30
2010.12.01 13:43:10.576,1.36096,1.36128,1.50,1.60
2010.12.01 13:43:11.110,1.36095,1.3613,1.70,2.40
2010.12.01 13:43:11.945,1.36095,1.36119,1.70,1.20
2010.12.01 13:43:12.066,1.36084,1.36119,1.70,6.20
2010.12.01 13:43:12.686,1.36085,1.36115,1.70,2.40
2010.12.01 13:43:13.458,1.36094,1.36118,1.70,1.30
2010.12.01 13:43:13.569,1.36087,1.36117,1.70,2.40
2010.12.01 13:43:14.188,1.36087,1.36119,2.40,1.20
2010.12.01 13:43:14.518,1.36087,1.36117,1.70,1.40
2010.12.01 13:43:15.293,1.36087,1.36117,2.40,4.70
2010.12.01 13:43:17.441,1.36085,1.36113,1.50,3.00
2010.12.01 13:43:17.870,1.36085,1.36102,1.50,1.70
2010.12.01 13:43:18.268,1.36078,1.36103,1.70,1.30
2010.12.01 13:43:18.416,1.3608,1.36109,1.70,2.40
2010.12.01 13:43:18.992,1.36086,1.36117,1.90,2.80
2010.12.01 13:43:20.490,1.36086,1.36111,1.50,1.60
2010.12.01 13:43:21.110,1.36091,1.36119,1.50,2.40
2010.12.01 13:43:21.781,1.36095,1.36119,1.50,1.50
2010.12.01 13:43:22.257,1.36095,1.36121,1.50,1.60
2010.12.01 13:43:24.268,1.36098,1.36124,1.70,2.40
2010.12.01 13:43:24.384,1.36098,1.36126,3.20,1.60
2010.12.01 13:43:24.901,1.36103,1.36129,1.70,1.60
2010.12.01 13:43:25.540,1.36099,1.36128,1.50,2.40
2010.12.01 13:43:25.658,1.36096,1.36125,1.50,1.70
2010.12.01 13:43:25.781,1.36095,1.36125,2.40,4.70
2010.12.01 13:43:28.996,1.36091,1.36124,1.50,2.40
2010.12.01 13:43:29.109,1.36091,1.36117,1.50,1.40
2010.12.01 13:43:29.473,1.3608,1.36113,1.50,1.30
2010.12.01 13:43:30.215,1.36075,1.36106,1.50,2.40
2010.12.01 13:43:30.439,1.36072,1.36104,1.50,2.40
2010.12.01 13:43:31.126,1.36075,1.36108,1.50,2.40
2010.12.01 13:43:31.240,1.36078,1.36108,1.50,2.40
2010.12.01 13:43:31.613,1.36078,1.36103,1.50,1.20
2010.12.01 13:43:32.134,1.36063,1.36098,1.70,2.90
2010.12.01 13:43:32.254,1.36059,1.36091,1.50,2.50
2010.12.01 13:43:33.198,1.36059,1.36085,1.50,1.10
2010.12.01 13:43:33.587,1.36049,1.3608,1.60,1.80
2010.12.01 13:43:33.710,1.36049,1.3608,1.50,2.50
2010.12.01 13:43:34.847,1.36049,1.3608,1.70,2.50
2010.12.01 13:43:35.197,1.36059,1.36086,1.70,2.80
2010.12.01 13:43:35.418,1.36059,1.36088,1.70,2.50
2010.12.01 13:43:35.539,1.3606,1.36095,1.70,2.50
2010.12.01 13:43:35.978,1.3606,1.36096,3.40,2.40
2010.12.01 13:43:37.062,1.36074,1.36101,1.70,5.70
2010.12.01 13:43:39.727,1.36069,1.36103,1.50,1.10
2010.12.01 13:43:40.309,1.36073,1.36106,1.50,2.40
2010.12.01 13:43:42.160,1.36069,1.36101,1.50,2.40
2010.12.01 13:43:44.143,1.36074,1.36106,1.50,2.40
2010.12.01 13:43:46.913,1.3607,1.36105,3.20,2.40
2010.12.01 13:43:47.059,1.3607,1.36105,3.20,2.50
2010.12.01 13:43:47.184,1.36071,1.36106,1.70,4.70
2010.12.01 13:43:47.297,1.36074,1.36106,1.70,4.70
2010.12.01 13:43:48.003,1.36075,1.36102,1.70,2.40
2010.12.01 13:43:48.664,1.3607,1.36103,2.40,1.10
2010.12.01 13:43:48.781,1.36075,1.36107,1.70,4.70
2010.12.01 13:43:48.898,1.36069,1.361,1.50,2.40
2010.12.01 13:43:49.392,1.36069,1.36102,1.70,2.40
2010.12.01 13:43:49.513,1.36077,1.36102,1.50,1.50
2010.12.01 13:43:49.627,1.36077,1.36105,1.50,2.40
2010.12.01 13:43:50.228,1.36077,1.36105,1.50,2.80
2010.12.01 13:43:50.344,1.36068,1.36101,1.50,2.40
2010.12.01 13:43:51.872,1.36074,1.36102,2.40,1.30
2010.12.01 13:43:52.316,1.36074,1.36102,2.40,1.30
2010.12.01 13:43:54.429,1.36071,1.36104,1.50,2.40
2010.12.01 13:43:55.828,1.36076,1.36104,1.50,1.70
2010.12.01 13:43:56.923,1.36076,1.3611,1.70,2.40
2010.12.01 13:43:57.039,1.36077,1.3611,1.20,2.40
2010.12.01 13:43:57.414,1.36077,1.36115,1.20,2.70
2010.12.01 13:43:57.530,1.36073,1.3611,1.50,1.20
2010.12.01 13:43:57.976,1.36075,1.36105,1.50,1.60
2010.12.01 13:43:58.302,1.36078,1.36106,1.50,2.40
2010.12.01 13:44:01.347,1.36078,1.36112,1.70,2.40
2010.12.01 13:44:01.872,1.3609,1.36112,1.50,1.50
2010.12.01 13:44:01.994,1.3608,1.36112,1.50,1.70
2010.12.01 13:44:02.108,1.3608,1.36112,1.50,1.80
2010.12.01 13:44:02.411,1.36081,1.36112,1.50,4.80
2010.12.01 13:44:02.545,1.36081,1.36116,3.20,4.70
2010.12.01 13:44:02.659,1.36084,1.36108,1.50,1.20
2010.12.01 13:44:03.190,1.36081,1.36112,2.40,1.20
2010.12.01 13:44:03.325,1.36079,1.36108,1.50,2.40
2010.12.01 13:44:03.840,1.36073,1.3611,1.50,2.50
2010.12.01 13:44:03.961,1.36073,1.3611,3.00,2.50
2010.12.01 13:44:04.454,1.36083,1.3611,1.90,2.40
2010.12.01 13:44:04.677,1.36098,1.36116,1.50,1.60
2010.12.01 13:44:05.162,1.36098,1.3612,1.50,1.60
2010.12.01 13:44:05.311,1.36097,1.36122,1.50,1.50
2010.12.01 13:44:06.138,1.36093,1.36126,3.20,2.40
2010.12.01 13:44:06.276,1.36082,1.36105,1.50,1.70
2010.12.01 13:44:06.896,1.36079,1.36105,1.50,1.90
2010.12.01 13:44:09.193,1.36079,1.36091,1.50,1.70
2010.12.01 13:44:09.345,1.36063,1.36091,1.10,2.40
2010.12.01 13:44:09.458,1.36064,1.36103,1.10,2.60
2010.12.01 13:44:09.580,1.36072,1.36103,1.50,2.60
2010.12.01 13:44:10.391,1.36068,1.36103,3.20,4.70
2010.12.01 13:44:11.043,1.36068,1.36098,3.20,1.20
2010.12.01 13:44:11.715,1.36064,1.36101,2.40,2.40
2010.12.01 13:44:12.342,1.36058,1.3609,3.30,2.40
2010.12.01 13:44:13.047,1.36059,1.36086,1.10,3.10
2010.12.01 13:44:13.159,1.36059,1.36092,1.10,4.00
2010.12.01 13:44:13.802,1.36059,1.36089,1.10,2.50
2010.12.01 13:44:14.356,1.36059,1.36089,1.10,2.50
2010.12.01 13:44:14.611,1.36058,1.36089,3.50,2.50
2010.12.01 13:44:15.100,1.36063,1.36094,1.70,4.00
2010.12.01 13:44:15.691,1.36069,1.36097,1.50,1.60
2010.12.01 13:44:16.780,1.36075,1.36104,1.70,2.40
2010.12.01 13:44:17.009,1.3608,1.36104,1.70,1.60
2010.12.01 13:44:17.372,1.36073,1.36104,1.50,1.60
2010.12.01 13:44:17.499,1.36073,1.36097,1.50,1.80
2010.12.01 13:44:17.618,1.3607,1.36097,1.50,1.80
2010.12.01 13:44:18.187,1.3607,1.36104,1.50,4.80
2010.12.01 13:44:19.628,1.3607,1.36096,1.50,1.60
2010.12.01 13:44:21.702,1.36076,1.36103,1.70,2.40
2010.12.01 13:44:22.373,1.36073,1.36103,1.50,2.50
2010.12.01 13:44:22.503,1.3607,1.36101,1.50,2.70
2010.12.01 13:44:24.096,1.36076,1.36103,1.70,2.50
2010.12.01 13:44:24.208,1.3607,1.36103,1.70,2.40
2010.12.01 13:44:24.595,1.36074,1.36103,1.50,2.50
2010.12.01 13:44:26.071,1.36068,1.36095,1.50,1.90
2010.12.01 13:44:26.521,1.36068,1.36103,1.50,4.00
2010.12.01 13:44:26.643,1.36065,1.36088,2.40,1.70
2010.12.01 13:44:26.866,1.36068,1.36102,1.70,5.20
2010.12.01 13:44:27.329,1.36064,1.36095,1.50,2.50
2010.12.01 13:44:29.744,1.36068,1.36099,1.50,1.50
2010.12.01 13:44:30.621,1.36065,1.36098,2.40,2.50
2010.12.01 13:44:30.959,1.36065,1.36094,2.40,1.10
2010.12.01 13:44:31.575,1.36045,1.3607,1.50,1.70
2010.12.01 13:44:32.481,1.36045,1.36079,1.50,1.10
2010.12.01 13:44:33.560,1.36055,1.36084,1.70,1.30
2010.12.01 13:44:33.680,1.36055,1.36087,1.70,1.30
2010.12.01 13:44:33.797,1.3605,1.36086,1.70,2.50
2010.12.01 13:44:34.187,1.36049,1.36083,1.50,1.10
2010.12.01 13:44:34.323,1.3605,1.36079,1.50,1.70
2010.12.01 13:44:34.822,1.3605,1.36087,1.50,2.80
2010.12.01 13:44:35.047,1.36051,1.36089,1.70,2.40
2010.12.01 13:44:35.161,1.36057,1.36089,1.70,2.40
2010.12.01 13:44:35.814,1.36046,1.36079,1.50,2.50
2010.12.01 13:44:36.257,1.36051,1.36082,1.50,1.30
2010.12.01 13:44:37.708,1.36052,1.36087,3.20,2.40
2010.12.01 13:44:37.937,1.36057,1.36091,2.40,2.40
2010.12.01 13:44:39.098,1.36054,1.36091,1.60,2.40
2010.12.01 13:44:39.779,1.36054,1.36091,2.80,2.40
2010.12.01 13:44:40.396,1.3605,1.36084,1.60,2.50
2010.12.01 13:44:40.616,1.3605,1.36084,1.60,4.00
2010.12.01 13:44:40.837,1.36047,1.36084,2.50,4.00
2010.12.01 13:44:41.611,1.36043,1.36073,1.80,1.80
2010.12.01 13:44:42.140,1.36037,1.36067,1.70,1.70
2010.12.01 13:44:42.367,1.36035,1.36067,2.80,1.70
2010.12.01 13:44:42.988,1.3604,1.36074,1.50,2.50
2010.12.01 13:44:43.111,1.36048,1.3608,3.00,2.50
2010.12.01 13:44:43.339,1.36051,1.36083,2.60,4.90
2010.12.01 13:44:43.800,1.36051,1.36087,2.70,2.50
2010.12.01 13:44:43.920,1.36055,1.36087,1.50,2.50
2010.12.01 13:44:44.670,1.36062,1.36095,1.50,3.30
2010.12.01 13:44:44.788,1.36066,1.36095,1.50,2.80
2010.12.01 13:44:45.126,1.36065,1.36095,1.50,1.70
2010.12.01 13:44:45.771,1.3607,1.361,1.50,1.10
2010.12.01 13:44:45.914,1.36074,1.36102,1.50,1.80
2010.12.01 13:44:46.137,1.36071,1.36102,1.50,1.90
2010.12.01 13:44:46.819,1.36071,1.36102,1.50,2.60
2010.12.01 13:44:47.061,1.36073,1.36102,1.70,2.60
2010.12.01 13:44:47.187,1.36071,1.36102,1.50,2.50
2010.12.01 13:44:47.297,1.36076,1.36105,1.70,1.10
2010.12.01 13:44:47.408,1.36071,1.36106,1.70,1.30
2010.12.01 13:44:50.909,1.36071,1.36099,1.50,2.00
2010.12.01 13:44:51.040,1.36061,1.36094,1.50,1.10
2010.12.01 13:44:51.464,1.36058,1.36093,2.40,1.20
2010.12.01 13:44:52.207,1.36057,1.36084,1.50,1.10
2010.12.01 13:44:52.809,1.36059,1.36095,2.90,4.70
2010.12.01 13:44:52.940,1.36069,1.36096,1.50,1.20
2010.12.01 13:44:53.058,1.36066,1.36096,1.50,1.20
2010.12.01 13:44:53.508,1.36061,1.36098,1.50,1.20
2010.12.01 13:44:54.128,1.36066,1.36099,1.50,2.50
2010.12.01 13:44:55.606,1.36068,1.36095,1.50,2.40
2010.12.01 13:44:55.744,1.36065,1.36096,1.50,1.90
2010.12.01 13:44:55.858,1.36062,1.36095,1.50,1.10
2010.12.01 13:44:56.484,1.36059,1.3609,1.70,1.70
2010.12.01 13:44:56.951,1.36055,1.36088,1.70,1.10
2010.12.01 13:44:57.070,1.36061,1.36092,1.50,2.00
2010.12.01 13:44:57.562,1.36068,1.36092,1.50,1.70
2010.12.01 13:44:57.704,1.36068,1.36096,1.50,1.30
2010.12.01 13:44:57.929,1.36068,1.36096,1.50,4.50
2010.12.01 13:44:58.393,1.36064,1.36099,1.50,1.50
2010.12.01 13:44:58.506,1.36063,1.36099,1.50,1.50
2010.12.01 13:44:58.616,1.36065,1.36099,1.50,1.50
2010.12.01 13:45:00.254,1.36067,1.36096,1.50,1.60
2010.12.01 13:45:00.482,1.36067,1.36098,1.50,5.20
2010.12.01 13:45:06.107,1.36063,1.36095,1.50,1.20
2010.12.01 13:45:06.493,1.36063,1.36095,1.50,1.20
2010.12.01 13:45:07.267,1.36064,1.36096,1.50,4.20
2010.12.01 13:45:07.379,1.36067,1.36096,1.50,1.90
2010.12.01 13:45:07.996,1.36067,1.36096,1.50,3.50
2010.12.01 13:45:08.644,1.36063,1.36094,1.50,1.20
2010.12.01 13:45:08.759,1.36063,1.36094,1.50,1.50
2010.12.01 13:45:09.378,1.36068,1.36096,1.50,8.50
2010.12.01 13:45:09.487,1.36065,1.36096,1.50,8.50
2010.12.01 13:45:09.918,1.36064,1.36094,1.50,1.40
2010.12.01 13:45:10.027,1.36064,1.36094,1.50,1.20
2010.12.01 13:45:10.371,1.36064,1.36097,3.20,2.50
2010.12.01 13:45:10.489,1.36064,1.36092,3.20,1.10
2010.12.01 13:45:11.005,1.3606,1.36089,1.50,1.80
2010.12.01 13:45:11.136,1.36063,1.36095,1.50,1.20
2010.12.01 13:45:11.246,1.36065,1.36094,1.50,1.40
2010.12.01 13:45:11.960,1.36065,1.36095,1.50,1.60
2010.12.01 13:45:12.699,1.36062,1.36096,1.70,4.80
2010.12.01 13:45:12.850,1.36064,1.36094,1.70,1.20
2010.12.01 13:45:12.966,1.3606,1.36094,1.50,1.20
2010.12.01 13:45:13.480,1.36054,1.36085,1.50,1.10
2010.12.01 13:45:13.601,1.36049,1.36085,1.50,1.10
2010.12.01 13:45:14.026,1.36049,1.36085,1.50,5.20
2010.12.01 13:45:14.901,1.36047,1.36085,2.40,1.20
2010.12.01 13:45:15.019,1.36048,1.36084,1.70,2.50
2010.12.01 13:45:15.630,1.36054,1.36086,1.70,2.50
2010.12.01 13:45:15.752,1.36045,1.36079,1.50,2.40
2010.12.01 13:45:15.984,1.36047,1.36082,1.70,2.50
2010.12.01 13:45:16.367,1.36045,1.36083,2.50,2.40
2010.12.01 13:45:16.508,1.36051,1.36084,1.50,4.70
2010.12.01 13:45:17.360,1.36045,1.36082,2.40,9.40
2010.12.01 13:45:17.738,1.36045,1.36082,2.40,9.40
2010.12.01 13:45:17.910,1.3605,1.36079,1.70,2.40
2010.12.01 13:45:18.027,1.3605,1.36086,3.20,1.90
2010.12.01 13:45:18.415,1.36051,1.36086,1.50,1.90
2010.12.01 13:45:18.639,1.36051,1.36086,1.50,1.90
2010.12.01 13:45:19.020,1.36054,1.36083,1.50,1.50
2010.12.01 13:45:19.249,1.36054,1.3608,1.50,1.70
2010.12.01 13:45:19.661,1.36054,1.3608,1.50,2.70
2010.12.01 13:45:20.003,1.36065,1.36089,1.70,2.40
2010.12.01 13:45:21.295,1.36065,1.36092,2.40,2.40
2010.12.01 13:45:21.427,1.36064,1.36094,1.50,2.60
2010.12.01 13:45:21.648,1.36057,1.36088,1.50,1.10
2010.12.01 13:45:23.072,1.36061,1.36088,1.70,1.10
2010.12.01 13:45:23.668,1.36065,1.36092,2.50,1.30
2010.12.01 13:45:23.809,1.36061,1.36096,1.20,1.10
2010.12.01 13:45:24.265,1.36067,1.36097,1.50,4.00
2010.12.01 13:45:26.306,1.36073,1.361,1.70,2.80
2010.12.01 13:45:26.416,1.36073,1.361,2.40,2.80
2010.12.01 13:45:27.078,1.36074,1.36107,1.50,2.40
2010.12.01 13:45:28.733,1.36072,1.36105,1.50,2.40
2010.12.01 13:45:29.030,1.3607,1.36105,1.60,2.40
2010.12.01 13:45:29.972,1.36073,1.3611,1.50,1.60
2010.12.01 13:45:30.086,1.36074,1.3611,1.50,2.60
2010.12.01 13:45:30.197,1.36076,1.3611,1.50,1.80
2010.12.01 13:45:30.308,1.36084,1.3611,1.50,1.50
2010.12.01 13:45:31.209,1.36086,1.36118,1.70,2.00
2010.12.01 13:45:31.439,1.36089,1.36122,1.50,1.60
2010.12.01 13:45:31.992,1.36092,1.36123,1.50,2.70
2010.12.01 13:45:38.028,1.36089,1.36123,1.50,1.60
2010.12.01 13:45:40.863,1.36095,1.36123,1.50,1.20
2010.12.01 13:45:41.421,1.36086,1.36113,2.40,1.10
2010.12.01 13:45:41.819,1.36086,1.36112,1.70,1.20
2010.12.01 13:45:41.948,1.36084,1.36119,1.50,1.20
2010.12.01 13:45:42.068,1.3609,1.36117,1.50,2.00
2010.12.01 13:45:42.601,1.3609,1.36116,1.50,4.80
2010.12.01 13:45:42.826,1.3609,1.36116,1.50,4.50
2010.12.01 13:45:42.938,1.36087,1.36116,1.50,2.10
2010.12.01 13:45:43.053,1.36081,1.36113,1.50,1.20
2010.12.01 13:45:43.348,1.3608,1.36113,1.50,1.20
2010.12.01 13:45:45.781,1.36083,1.36113,1.70,4.80
2010.12.01 13:45:45.905,1.36083,1.36113,1.50,1.20
2010.12.01 13:45:48.367,1.36088,1.36119,1.50,1.50
2010.12.01 13:45:49.093,1.36088,1.36118,1.50,1.40
2010.12.01 13:45:49.645,1.36088,1.36119,1.50,1.80
2010.12.01 13:45:50.292,1.36083,1.36113,1.50,1.20
2010.12.01 13:45:51.095,1.36088,1.36116,1.50,2.60
2010.12.01 13:45:51.734,1.36083,1.36111,1.50,1.20
2010.12.01 13:45:51.845,1.36083,1.36111,1.50,1.20
2010.12.01 13:45:53.550,1.36088,1.36114,1.50,2.00
2010.12.01 13:45:53.956,1.36088,1.36116,1.50,5.50
2010.12.01 13:45:54.066,1.36088,1.36113,1.50,1.90
2010.12.01 13:45:56.272,1.36088,1.36119,1.50,2.00
2010.12.01 13:45:56.390,1.36093,1.36121,1.50,2.80
2010.12.01 13:45:56.772,1.36093,1.36121,1.50,1.60
2010.12.01 13:45:56.892,1.36096,1.36125,1.50,1.70
2010.12.01 13:45:57.013,1.36096,1.36125,1.50,1.80
2010.12.01 13:45:57.567,1.36096,1.36125,1.50,1.70
2010.12.01 13:45:58.891,1.36102,1.36128,1.50,1.70
2010.12.01 13:45:59.017,1.36102,1.36128,1.50,1.60
2010.12.01 13:45:59.416,1.36102,1.36128,1.50,1.50
2010.12.01 13:45:59.932,1.36106,1.36127,1.70,2.50
2010.12.01 13:46:00.067,1.36102,1.36127,1.50,2.30
2010.12.01 13:46:00.182,1.36102,1.36127,1.50,1.70
2010.12.01 13:46:00.886,1.36102,1.3613,1.50,1.20
2010.12.01 13:46:01.974,1.36102,1.3613,1.50,2.70
2010.12.01 13:46:02.528,1.36102,1.3613,1.50,2.90
2010.12.01 13:46:02.952,1.36102,1.3613,1.50,2.70
2010.12.01 13:46:03.921,1.36102,1.3613,1.50,1.40
2010.12.01 13:46:04.145,1.36102,1.3613,1.50,2.40
2010.12.01 13:46:04.456,1.36102,1.3613,1.50,1.20
2010.12.01 13:46:04.676,1.36098,1.36129,3.20,1.20
2010.12.01 13:46:05.505,1.36098,1.36126,3.20,1.20
2010.12.01 13:46:05.727,1.36098,1.36126,1.50,2.30
2010.12.01 13:46:06.170,1.36098,1.36126,1.50,1.20
2010.12.01 13:46:06.286,1.36098,1.36126,1.50,2.30
2010.12.01 13:46:07.211,1.36099,1.36131,2.40,1.60
2010.12.01 13:46:08.919,1.36101,1.36127,1.50,1.60
2010.12.01 13:46:09.774,1.36101,1.3613,1.50,1.10
2010.12.01 13:46:10.409,1.36101,1.3613,1.50,1.60
2010.12.01 13:46:10.903,1.36096,1.36126,1.50,2.20
2010.12.01 13:46:11.127,1.36096,1.36127,1.50,1.40
2010.12.01 13:46:11.237,1.36096,1.36126,1.50,2.20
2010.12.01 13:46:11.788,1.36096,1.36127,1.50,4.70
2010.12.01 13:46:11.902,1.36102,1.36127,1.50,1.60
2010.12.01 13:46:12.456,1.36102,1.36129,1.50,1.80
2010.12.01 13:46:13.027,1.36102,1.36129,1.50,1.60
2010.12.01 13:46:14.106,1.36105,1.36134,1.50,1.80
2010.12.01 13:46:14.866,1.36105,1.36139,3.20,5.30
2010.12.01 13:46:15.086,1.36105,1.36136,3.20,1.20
2010.12.01 13:46:16.406,1.36105,1.36137,3.20,4.80
2010.12.01 13:46:16.738,1.36111,1.36137,1.50,1.70
2010.12.01 13:46:17.296,1.36109,1.36133,1.50,2.60
2010.12.01 13:46:17.810,1.36096,1.36125,1.20,2.40
2010.12.01 13:46:17.941,1.36089,1.36121,1.50,1.10
2010.12.01 13:46:18.327,1.3609,1.36121,1.70,1.10
2010.12.01 13:46:18.822,1.3609,1.36121,1.70,1.50
2010.12.01 13:46:19.346,1.36081,1.36113,2.40,1.10
2010.12.01 13:46:25.889,1.36083,1.36117,1.50,2.40
2010.12.01 13:46:26.058,1.36081,1.3611,1.50,1.70
2010.12.01 13:46:26.820,1.36082,1.36118,1.50,4.80
2010.12.01 13:46:27.047,1.36083,1.36117,1.50,4.70
2010.12.01 13:46:28.007,1.3608,1.36111,1.50,2.50
2010.12.01 13:46:28.187,1.36078,1.36107,2.40,1.60
2010.12.01 13:46:28.595,1.36073,1.36107,1.70,1.30
2010.12.01 13:46:28.819,1.36071,1.36104,2.30,1.10
2010.12.01 13:46:29.276,1.3607,1.36102,1.50,1.10
2010.12.01 13:46:30.282,1.36072,1.36109,1.50,2.40
2010.12.01 13:46:30.506,1.36072,1.36109,1.50,2.40
2010.12.01 13:46:31.175,1.36075,1.36109,1.50,2.40
2010.12.01 13:46:31.309,1.36078,1.3611,1.50,2.40
2010.12.01 13:46:32.640,1.36085,1.36113,1.70,2.40
2010.12.01 13:46:34.463,1.36078,1.36113,1.50,2.40
2010.12.01 13:46:34.578,1.36077,1.36109,1.50,2.40
2010.12.01 13:46:35.635,1.36074,1.36108,1.50,2.40
2010.12.01 13:46:39.450,1.36075,1.36111,1.20,2.50
2010.12.01 13:46:42.662,1.36075,1.36111,1.20,2.50
2010.12.01 13:46:43.130,1.36078,1.36107,3.30,2.50
2010.12.01 13:46:43.940,1.36078,1.36106,2.40,1.10
2010.12.01 13:46:44.427,1.36074,1.36102,1.20,3.30
2010.12.01 13:46:44.543,1.36063,1.36088,1.50,1.70
2010.12.01 13:46:44.663,1.36063,1.36098,1.50,1.10
2010.12.01 13:46:46.246,1.36063,1.36098,1.50,1.10
2010.12.01 13:46:47.562,1.36066,1.36102,1.50,2.50
2010.12.01 13:46:47.679,1.36068,1.36102,1.50,2.40
2010.12.01 13:46:48.076,1.36069,1.36104,1.50,2.50
2010.12.01 13:46:48.302,1.36075,1.36106,1.20,1.60
2010.12.01 13:46:48.661,1.36075,1.36109,1.20,2.60
2010.12.01 13:46:49.620,1.36068,1.361,1.30,2.40
2010.12.01 13:46:49.959,1.36067,1.36093,1.20,2.50
2010.12.01 13:46:50.296,1.36064,1.36093,1.20,2.50
2010.12.01 13:46:50.880,1.36066,1.36101,2.90,2.40
2010.12.01 13:46:53.335,1.36066,1.361,2.80,1.40
2010.12.01 13:46:53.451,1.36072,1.36101,1.50,1.50
2010.12.01 13:46:54.283,1.36072,1.36101,1.50,1.20
2010.12.01 13:46:55.485,1.36072,1.36097,1.50,1.70
2010.12.01 13:46:57.817,1.36077,1.36107,2.40,1.10
2010.12.01 13:46:58.225,1.36077,1.36108,2.80,2.50
2010.12.01 13:46:58.935,1.36077,1.36106,2.10,1.30
2010.12.01 13:47:00.466,1.36077,1.36102,2.10,2.10
2010.12.01 13:47:01.541,1.36071,1.36098,3.20,1.20
2010.12.01 13:47:02.618,1.36066,1.36096,1.50,1.10
2010.12.01 13:47:03.023,1.36067,1.36093,1.50,1.10
2010.12.01 13:47:03.148,1.36062,1.36086,1.20,1.70
2010.12.01 13:47:03.800,1.36062,1.36092,1.20,1.80
2010.12.01 13:47:03.925,1.36062,1.36092,1.20,1.10
2010.12.01 13:47:04.735,1.36062,1.36099,1.20,1.30
2010.12.01 13:47:07.321,1.36069,1.36102,1.50,1.30
2010.12.01 13:47:09.289,1.36067,1.36097,1.50,1.30
2010.12.01 13:47:10.060,1.36073,1.36097,1.20,1.80
2010.12.01 13:47:10.940,1.36076,1.36106,2.40,2.50
2010.12.01 13:47:11.551,1.36075,1.36097,1.90,1.70
2010.12.01 13:47:12.511,1.36072,1.36097,1.20,1.70
2010.12.01 13:47:18.347,1.36068,1.36097,1.20,2.60
2010.12.01 13:47:18.802,1.36067,1.36097,1.20,1.80
2010.12.01 13:47:19.995,1.36074,1.36103,1.70,2.50
2010.12.01 13:47:20.600,1.36074,1.36103,1.80,2.50
2010.12.01 13:47:20.998,1.36074,1.36103,2.50,2.50
2010.12.01 13:47:21.218,1.36074,1.36103,2.60,2.50
2010.12.01 13:47:21.438,1.36074,1.36103,2.50,2.50
2010.12.01 13:47:22.296,1.36074,1.36103,2.50,2.50
2010.12.01 13:47:23.225,1.36074,1.36103,2.60,2.50
2010.12.01 13:47:23.650,1.36074,1.36103,2.50,2.50
2010.12.01 13:47:23.889,1.36074,1.36103,2.60,2.50
2010.12.01 13:47:24.785,1.36074,1.36103,2.40,2.60
2010.12.01 13:47:24.952,1.36075,1.36102,1.70,2.50
2010.12.01 13:47:25.460,1.36071,1.36106,1.20,2.50
2010.12.01 13:47:25.616,1.36075,1.36106,1.50,2.50
2010.12.01 13:47:25.726,1.36075,1.36105,1.50,1.10
2010.12.01 13:47:28.578,1.36074,1.36097,1.20,1.70
2010.12.01 13:47:30.134,1.36074,1.36097,1.20,1.70
2010.12.01 13:47:30.356,1.36075,1.36102,1.80,2.50
2010.12.01 13:47:30.736,1.36075,1.36102,2.50,2.40
2010.12.01 13:47:33.166,1.36077,1.36102,1.50,1.70
2010.12.01 13:47:33.505,1.36089,1.36116,1.20,1.10
2010.12.01 13:47:33.839,1.36091,1.36123,1.20,1.10
2010.12.01 13:47:34.779,1.36089,1.36114,1.20,1.80
2010.12.01 13:47:35.773,1.36084,1.36116,1.50,1.30
2010.12.01 13:47:38.109,1.36082,1.36106,1.50,1.70
2010.12.01 13:47:38.228,1.36078,1.36106,1.60,1.80
2010.12.01 13:47:40.617,1.36077,1.36105,1.20,2.50
2010.12.01 13:47:41.185,1.36074,1.36105,1.20,5.10
2010.12.01 13:47:41.858,1.36071,1.36099,1.20,2.00
2010.12.01 13:47:42.303,1.36071,1.361,1.20,2.50
2010.12.01 13:47:42.535,1.36081,1.36101,1.50,1.70
2010.12.01 13:47:42.960,1.36079,1.36108,1.20,2.50
2010.12.01 13:47:45.497,1.36079,1.361,1.20,1.70
2010.12.01 13:47:46.551,1.36076,1.361,1.20,1.80
2010.12.01 13:47:49.108,1.36073,1.36102,1.90,1.10
2010.12.01 13:47:49.737,1.36077,1.36104,1.20,2.60
2010.12.01 13:47:51.108,1.36077,1.36104,1.20,2.60
2010.12.01 13:47:51.218,1.36076,1.36104,1.20,2.70
2010.12.01 13:47:51.610,1.36074,1.36104,1.10,4.50
2010.12.01 13:47:51.755,1.36073,1.36094,2.20,1.70
2010.12.01 13:47:51.869,1.36073,1.36105,1.10,1.10
2010.12.01 13:47:53.584,1.36073,1.36103,2.00,2.50
2010.12.01 13:47:53.809,1.36073,1.36103,2.00,2.50
2010.12.01 13:47:54.302,1.36073,1.36097,2.40,1.30
2010.12.01 13:47:55.896,1.36073,1.3611,1.50,1.90
2010.12.01 13:47:56.516,1.36073,1.36104,1.10,2.50
2010.12.01 13:47:57.572,1.36072,1.36104,1.50,2.40
2010.12.01 13:47:57.688,1.36072,1.36107,1.50,2.80
2010.12.01 13:47:58.926,1.36072,1.36107,1.60,1.30
2010.12.01 13:48:00.168,1.36072,1.36107,1.50,1.30
2010.12.01 13:48:00.631,1.36072,1.36107,1.50,1.30
2010.12.01 13:48:00.747,1.36072,1.36107,1.50,1.30
2010.12.01 13:48:01.251,1.36072,1.3611,1.80,2.40
2010.12.01 13:48:01.583,1.36073,1.3611,1.80,2.40
2010.12.01 13:48:01.701,1.36076,1.36111,1.60,1.30
2010.12.01 13:48:02.043,1.36073,1.36104,1.10,3.10
2010.12.01 13:48:02.433,1.36072,1.36098,2.00,1.30
2010.12.01 13:48:02.559,1.3607,1.36104,1.50,1.30
2010.12.01 13:48:04.022,1.36073,1.36107,1.10,1.30
2010.12.01 13:48:08.188,1.36076,1.36107,1.50,1.80
2010.12.01 13:48:08.357,1.36078,1.36114,1.50,4.00
2010.12.01 13:48:08.989,1.36082,1.36112,1.20,2.40
2010.12.01 13:48:09.328,1.36074,1.36107,1.50,2.40
2010.12.01 13:48:10.859,1.36074,1.36106,1.50,1.90
2010.12.01 13:48:11.441,1.36076,1.361,2.40,1.30
2010.12.01 13:48:11.567,1.36069,1.36097,1.50,1.70
2010.12.01 13:48:12.598,1.3608,1.36105,1.70,2.40
2010.12.01 13:48:13.040,1.3608,1.3611,1.70,2.40
2010.12.01 13:48:13.441,1.3608,1.36111,1.70,2.50
2010.12.01 13:48:13.565,1.36081,1.36111,1.70,2.50
2010.12.01 13:48:13.677,1.36082,1.36121,1.50,2.40
2010.12.01 13:48:14.308,1.36087,1.36114,1.20,1.10
2010.12.01 13:48:15.270,1.36077,1.36109,1.50,1.10
2010.12.01 13:48:15.496,1.36076,1.36101,1.90,1.70
2010.12.01 13:48:15.936,1.36075,1.36101,1.20,2.50
2010.12.01 13:48:16.499,1.36075,1.36101,1.20,1.10
2010.12.01 13:48:17.224,1.36074,1.36106,1.50,5.20
2010.12.01 13:48:17.340,1.36074,1.36106,1.50,5.20
2010.12.01 13:48:18.867,1.36073,1.36091,1.50,1.80
2010.12.01 13:48:19.638,1.36072,1.36102,1.10,2.60
2010.12.01 13:48:19.747,1.36072,1.36102,1.80,2.60
2010.12.01 13:48:22.093,1.36072,1.36097,1.80,1.20
2010.12.01 13:48:22.212,1.36069,1.36091,1.10,1.80
2010.12.01 13:48:22.834,1.36071,1.36098,1.10,2.40
2010.12.01 13:48:22.951,1.36071,1.36098,1.10,1.60
2010.12.01 13:48:23.356,1.36072,1.36101,1.10,3.30
2010.12.01 13:48:23.470,1.36073,1.36101,1.10,3.30
2010.12.01 13:48:25.365,1.36094,1.3611,1.70,1.30
2010.12.01 13:48:25.806,1.3608,1.36107,1.40,1.70
2010.12.01 13:48:25.920,1.36084,1.36112,1.70,2.40
2010.12.01 13:48:26.654,1.36081,1.3611,1.20,2.40
2010.12.01 13:48:27.456,1.36073,1.36104,1.10,1.10
2010.12.01 13:48:28.449,1.36069,1.36099,1.50,1.10
2010.12.01 13:48:28.810,1.36066,1.361,1.50,2.80
2010.12.01 13:48:28.931,1.36071,1.36102,1.10,2.40
2010.12.01 13:48:31.910,1.36074,1.36103,1.10,2.40
2010.12.01 13:48:34.873,1.3608,1.36106,1.70,8.80
2010.12.01 13:48:34.986,1.36074,1.36106,1.10,4.70
2010.12.01 13:48:36.268,1.36074,1.36098,1.10,1.60
2010.12.01 13:48:36.816,1.36066,1.36096,1.10,1.60
2010.12.01 13:48:36.927,1.36067,1.36096,1.10,4.70
2010.12.01 13:48:37.550,1.36063,1.36092,1.50,2.40
2010.12.01 13:48:38.739,1.36062,1.36091,1.50,2.40
2010.12.01 13:48:39.277,1.3607,1.36096,1.10,1.80
2010.12.01 13:48:40.650,1.3607,1.36096,1.10,3.40
2010.12.01 13:48:42.707,1.36066,1.36096,2.00,2.50
2010.12.01 13:48:43.429,1.36069,1.36094,1.10,1.50
2010.12.01 13:48:43.962,1.36069,1.36097,1.10,2.50
2010.12.01 13:48:44.781,1.36073,1.36097,1.10,3.90
2010.12.01 13:48:45.335,1.36073,1.361,1.10,1.50
2010.12.01 13:48:45.448,1.36077,1.36103,1.50,1.50
2010.12.01 13:48:46.243,1.36077,1.36104,1.50,1.60
2010.12.01 13:48:46.357,1.36073,1.36102,1.80,1.60
2010.12.01 13:48:46.468,1.36073,1.36102,1.10,2.50
2010.12.01 13:48:47.439,1.36068,1.36096,1.10,3.30
2010.12.01 13:48:48.054,1.36068,1.36095,1.10,2.40
2010.12.01 13:48:50.621,1.36068,1.36095,1.10,2.40
2010.12.01 13:48:50.754,1.36073,1.36099,1.10,2.40
2010.12.01 13:48:50.872,1.36074,1.36101,1.50,2.50
2010.12.01 13:48:51.242,1.3607,1.36094,1.10,1.80
2010.12.01 13:48:52.199,1.36068,1.361,1.10,2.40
2010.12.01 13:48:52.857,1.36076,1.36099,1.90,2.40
2010.12.01 13:48:53.080,1.36072,1.36099,2.70,1.70
2010.12.01 13:48:53.657,1.36072,1.36102,1.10,2.40
2010.12.01 13:48:54.427,1.36086,1.36109,1.70,2.50
2010.12.01 13:48:54.544,1.36074,1.361,1.20,1.70
2010.12.01 13:48:54.766,1.36071,1.361,2.70,2.50
2010.12.01 13:48:56.357,1.36077,1.36103,1.70,2.40
2010.12.01 13:48:57.423,1.36071,1.36103,1.30,2.40
2010.12.01 13:48:58.299,1.36076,1.36098,3.40,1.50
2010.12.01 13:48:58.638,1.36073,1.36103,2.20,2.50
2010.12.01 13:48:59.190,1.36069,1.36097,1.10,1.10
2010.12.01 13:49:00.525,1.36064,1.36093,1.10,4.00
2010.12.01 13:49:01.370,1.36063,1.36092,3.60,2.40
2010.12.01 13:49:04.862,1.36063,1.36093,2.70,2.60
2010.12.01 13:49:06.312,1.36063,1.36091,3.40,2.40
2010.12.01 13:49:06.683,1.36064,1.36094,1.20,2.40
2010.12.01 13:49:06.912,1.36068,1.36096,1.20,2.40
2010.12.01 13:49:07.337,1.36068,1.36096,1.50,2.40
2010.12.01 13:49:07.966,1.36083,1.36109,1.70,4.70
2010.12.01 13:49:08.084,1.36083,1.36112,1.70,2.40
2010.12.01 13:49:08.307,1.36083,1.36112,2.40,4.80
2010.12.01 13:49:08.803,1.36082,1.36112,1.70,2.50
2010.12.01 13:49:09.139,1.36093,1.36114,1.70,2.40
2010.12.01 13:49:09.621,1.36081,1.36106,1.70,1.80
2010.12.01 13:49:09.755,1.36082,1.36112,3.20,2.40
2010.12.01 13:49:10.381,1.36082,1.36112,1.70,2.40
2010.12.01 13:49:12.361,1.36082,1.36109,1.90,2.40
2010.12.01 13:49:12.725,1.36084,1.36113,2.60,1.30
2010.12.01 13:49:12.883,1.3609,1.36121,2.40,2.40
2010.12.01 13:49:13.307,1.36086,1.36115,1.50,1.80
2010.12.01 13:49:13.640,1.36077,1.36109,1.50,1.10
2010.12.01 13:49:13.991,1.36076,1.36109,1.50,1.10
2010.12.01 13:49:14.140,1.36072,1.36106,3.10,2.40
2010.12.01 13:49:14.370,1.36073,1.36108,2.40,2.40
2010.12.01 13:49:14.974,1.36078,1.36097,1.50,1.70
2010.12.01 13:49:15.091,1.36072,1.36093,1.50,1.40
2010.12.01 13:49:15.211,1.36063,1.36089,1.50,1.70
2010.12.01 13:49:15.600,1.36061,1.36089,2.30,3.40
2010.12.01 13:49:15.776,1.36076,1.36099,1.70,2.40
2010.12.01 13:49:16.261,1.36082,1.36108,1.50,2.40
2010.12.01 13:49:16.384,1.36082,1.36112,1.50,1.40
2010.12.01 13:49:16.761,1.36082,1.36114,1.50,5.20
2010.12.01 13:49:16.878,1.36082,1.36118,1.50,2.50
2010.12.01 13:49:18.068,1.36082,1.3612,1.50,5.70
2010.12.01 13:49:18.618,1.36085,1.36122,1.50,5.70
2010.12.01 13:49:19.977,1.36085,1.36114,1.50,2.70
2010.12.01 13:49:20.748,1.36082,1.3611,2.40,2.50
2010.12.01 13:49:20.861,1.36082,1.3611,2.40,2.50
2010.12.01 13:49:20.978,1.36083,1.3611,1.50,1.80
2010.12.01 13:49:21.607,1.36083,1.3611,1.50,1.90
2010.12.01 13:49:22.161,1.36083,1.3611,1.50,1.90
2010.12.01 13:49:22.773,1.36083,1.3611,1.50,1.90
2010.12.01 13:49:23.944,1.36083,1.3611,1.50,1.90
2010.12.01 13:49:24.403,1.36082,1.3611,1.70,2.60
2010.12.01 13:49:25.333,1.36076,1.36103,1.20,2.50
2010.12.01 13:49:25.668,1.36075,1.36096,1.50,1.70
2010.12.01 13:49:26.064,1.3607,1.36096,1.50,1.70
2010.12.01 13:49:26.186,1.36073,1.36104,1.50,5.20
2010.12.01 13:49:26.516,1.36073,1.36104,1.50,2.50
2010.12.01 13:49:27.779,1.36075,1.36104,1.60,2.50
2010.12.01 13:49:32.890,1.36075,1.36104,1.50,2.70
2010.12.01 13:49:33.012,1.36071,1.36104,1.50,2.70
2010.12.01 13:49:35.438,1.36065,1.36098,1.70,1.10
2010.12.01 13:49:36.145,1.3606,1.36094,1.30,2.50
2010.12.01 13:49:36.280,1.3606,1.36094,1.20,2.50
2010.12.01 13:49:37.427,1.36063,1.36094,2.00,2.50
2010.12.01 13:49:37.538,1.36064,1.36094,1.20,2.50
2010.12.01 13:49:38.150,1.36064,1.36094,1.20,2.50
2010.12.01 13:49:38.315,1.36058,1.36092,1.60,2.50
2010.12.01 13:49:38.538,1.36056,1.3609,1.70,1.10
2010.12.01 13:49:38.646,1.36056,1.3609,1.70,2.60
2010.12.01 13:49:40.646,1.36056,1.36093,1.70,8.80
2010.12.01 13:49:40.871,1.36061,1.36094,1.70,2.50
2010.12.01 13:49:41.392,1.36068,1.36098,2.50,4.00
2010.12.01 13:49:41.553,1.36073,1.36107,1.20,2.60
2010.12.01 13:49:41.672,1.36072,1.36107,1.20,2.40
2010.12.01 13:49:42.105,1.36074,1.36107,1.20,2.60
2010.12.01 13:49:42.222,1.36073,1.36107,1.20,2.80
2010.12.01 13:49:42.337,1.36073,1.36107,1.20,2.80
2010.12.01 13:49:43.016,1.36069,1.36104,1.20,2.40
2010.12.01 13:49:44.656,1.36073,1.36109,1.20,2.40
2010.12.01 13:49:44.769,1.36076,1.36109,1.50,2.40
2010.12.01 13:49:44.897,1.36076,1.36087,1.50,1.20
2010.12.01 13:49:45.431,1.36066,1.36094,1.70,1.50
2010.12.01 13:49:45.849,1.36066,1.36094,2.60,1.50
2010.12.01 13:49:46.559,1.36066,1.361,2.40,8.90
2010.12.01 13:49:47.739,1.36066,1.361,3.20,5.10
2010.12.01 13:49:48.628,1.36069,1.36102,2.60,5.20
2010.12.01 13:49:49.272,1.3607,1.36102,2.40,4.80
2010.12.01 13:49:50.509,1.36069,1.36099,1.70,1.90
2010.12.01 13:49:50.920,1.36063,1.36099,1.40,1.90
2010.12.01 13:49:51.039,1.3607,1.36099,1.70,1.90
2010.12.01 13:49:52.017,1.36063,1.36097,1.20,1.50
2010.12.01 13:49:52.146,1.36059,1.36091,1.70,2.60
2010.12.01 13:49:52.756,1.36061,1.36091,1.80,2.50
2010.12.01 13:49:55.320,1.36066,1.36096,1.70,4.80
2010.12.01 13:49:55.736,1.36061,1.36094,1.50,2.40
2010.12.01 13:49:58.007,1.36065,1.36093,1.90,2.40
2010.12.01 13:49:58.121,1.36061,1.36093,1.70,2.40
2010.12.01 13:49:58.515,1.36065,1.36093,1.90,2.40
2010.12.01 13:49:58.631,1.36061,1.3609,1.70,2.40
2010.12.01 13:50:01.158,1.36057,1.36089,1.70,2.40
2010.12.01 13:50:01.682,1.36065,1.3609,1.70,4.80
2010.12.01 13:50:01.791,1.36054,1.36085,1.70,2.40
2010.12.01 13:50:02.199,1.36054,1.36085,1.70,2.40
2010.12.01 13:50:03.098,1.36049,1.36081,1.10,2.40
2010.12.01 13:50:03.319,1.36049,1.36081,1.10,2.40
2010.12.01 13:50:04.048,1.36051,1.36081,1.60,2.40
2010.12.01 13:50:04.165,1.36052,1.36081,1.10,2.40
2010.12.01 13:50:05.023,1.36047,1.36081,1.50,5.10
2010.12.01 13:50:06.689,1.36056,1.36084,1.70,2.40
2010.12.01 13:50:07.147,1.36056,1.36082,1.50,1.50
2010.12.01 13:50:07.321,1.36051,1.36085,1.70,4.70
2010.12.01 13:50:10.267,1.36047,1.3608,1.50,2.50
2010.12.01 13:50:10.662,1.36049,1.3608,1.10,2.50
2010.12.01 13:50:10.891,1.36054,1.36081,1.10,1.60
2010.12.01 13:50:12.609,1.3605,1.36083,2.60,2.40
2010.12.01 13:50:12.733,1.36051,1.36083,1.70,2.40
2010.12.01 13:50:12.850,1.36055,1.36083,2.60,2.40
2010.12.01 13:50:16.515,1.36055,1.36087,2.70,2.40
2010.12.01 13:50:16.885,1.36055,1.36087,2.60,2.40
2010.12.01 13:50:17.015,1.36055,1.36089,2.60,2.40
2010.12.01 13:50:17.130,1.36053,1.36089,1.50,2.50
2010.12.01 13:50:17.944,1.36055,1.36089,1.80,2.40
2010.12.01 13:50:28.510,1.36053,1.36086,1.60,2.40
2010.12.01 13:50:28.629,1.36053,1.36084,1.50,2.40
2010.12.01 13:50:29.424,1.36049,1.36081,1.60,2.50
2010.12.01 13:50:30.627,1.36049,1.36081,1.60,4.00
2010.12.01 13:50:31.267,1.36049,1.36081,1.70,4.00
2010.12.01 13:50:31.492,1.36056,1.36081,1.80,2.40
2010.12.01 13:50:32.207,1.36053,1.36087,2.10,2.40
2010.12.01 13:50:33.067,1.36055,1.36086,2.50,2.40
2010.12.01 13:50:34.418,1.36055,1.36086,2.60,2.40
2010.12.01 13:50:34.962,1.36055,1.36086,2.70,2.40
2010.12.01 13:50:35.076,1.36055,1.36086,3.50,2.40
2010.12.01 13:50:36.021,1.36055,1.36085,3.30,1.10
2010.12.01 13:50:36.395,1.36051,1.36079,1.60,1.80
2010.12.01 13:50:36.514,1.36058,1.36087,1.90,2.50
2010.12.01 13:50:36.741,1.36058,1.36093,2.80,2.50
2010.12.01 13:50:37.313,1.36064,1.36093,1.60,2.50
2010.12.01 13:50:37.540,1.36064,1.36093,1.60,1.70
2010.12.01 13:50:38.070,1.36067,1.36093,1.50,1.70
2010.12.01 13:50:41.525,1.36065,1.36092,1.50,1.90
2010.12.01 13:50:41.638,1.36065,1.36092,1.50,3.60
2010.12.01 13:50:42.218,1.36065,1.36082,2.50,1.70
2010.12.01 13:50:42.653,1.36077,1.36101,1.50,1.70
2010.12.01 13:50:42.785,1.36077,1.36101,1.50,2.00
2010.12.01 13:50:43.184,1.3607,1.36091,1.90,1.70
2010.12.01 13:50:43.369,1.3608,1.36105,1.50,1.70
2010.12.01 13:50:43.851,1.3609,1.36111,1.70,2.40
2010.12.01 13:50:43.970,1.3609,1.36111,2.10,1.60
2010.12.01 13:50:44.436,1.3608,1.36096,1.50,1.70
2010.12.01 13:50:44.595,1.36074,1.36104,1.50,2.50
2010.12.01 13:50:45.226,1.36065,1.36094,1.20,2.50
2010.12.01 13:50:45.851,1.3606,1.36092,1.70,1.10
2010.12.01 13:50:46.211,1.3606,1.36093,1.70,1.10
2010.12.01 13:50:46.329,1.36061,1.36089,1.50,1.70
2010.12.01 13:50:46.869,1.36065,1.36095,1.50,2.50
2010.12.01 13:50:47.739,1.36065,1.3609,1.50,1.70
2010.12.01 13:50:48.500,1.36067,1.36098,1.20,2.50
2010.12.01 13:50:48.621,1.36071,1.361,1.20,2.40
2010.12.01 13:50:48.738,1.36071,1.36102,1.20,1.10
2010.12.01 13:50:49.133,1.36071,1.36096,1.20,1.70
2010.12.01 13:50:49.359,1.36072,1.36105,1.70,2.50
2010.12.01 13:50:49.474,1.36073,1.36105,1.60,2.50
2010.12.01 13:50:51.503,1.3609,1.36114,1.70,1.10
2010.12.01 13:50:51.619,1.36083,1.36105,1.20,1.70
2010.12.01 13:50:52.272,1.36083,1.36106,1.20,1.70
2010.12.01 13:50:52.390,1.36083,1.36108,1.20,1.50
2010.12.01 13:50:53.006,1.36081,1.36108,1.20,2.40
2010.12.01 13:50:53.630,1.36083,1.36114,1.20,4.00
2010.12.01 13:50:54.718,1.36082,1.36105,1.50,1.50
2010.12.01 13:50:54.831,1.36074,1.361,1.50,1.70
2010.12.01 13:50:55.658,1.3607,1.361,1.50,1.70
2010.12.01 13:50:56.308,1.36072,1.361,1.40,1.70
2010.12.01 13:50:56.416,1.36077,1.36105,1.70,2.50
2010.12.01 13:50:57.282,1.36077,1.36102,1.70,1.70
2010.12.01 13:50:57.514,1.36067,1.36091,1.80,1.70
2010.12.01 13:50:57.740,1.36067,1.36099,3.50,2.50
2010.12.01 13:50:58.219,1.36071,1.36099,1.50,1.80
2010.12.01 13:51:02.173,1.36071,1.36099,1.80,1.80
2010.12.01 13:51:02.757,1.36082,1.36109,1.50,1.50
2010.12.01 13:51:04.346,1.36087,1.36112,1.50,1.70
2010.12.01 13:51:04.677,1.36083,1.36112,3.20,1.70
2010.12.01 13:51:05.073,1.36083,1.36112,3.20,1.80
2010.12.01 13:51:05.205,1.36068,1.36099,3.20,2.50
2010.12.01 13:51:06.348,1.36068,1.36099,3.30,2.50
2010.12.01 13:51:07.039,1.36068,1.36099,3.30,2.50
2010.12.01 13:51:08.149,1.36066,1.36092,1.50,1.80
2010.12.01 13:51:08.390,1.36063,1.36092,1.50,2.50
2010.12.01 13:51:08.866,1.3606,1.36092,1.50,2.50
2010.12.01 13:51:09.862,1.36066,1.36093,1.20,1.60
2010.12.01 13:51:10.007,1.36066,1.36095,1.50,5.10
2010.12.01 13:51:10.768,1.36061,1.36095,1.20,5.10
2010.12.01 13:51:12.009,1.36063,1.36093,2.30,4.70
2010.12.01 13:51:12.130,1.36068,1.36098,1.10,2.40
2010.12.01 13:51:12.643,1.36056,1.36091,1.50,2.50
2010.12.01 13:51:13.750,1.36056,1.36081,1.50,1.70
2010.12.01 13:51:14.490,1.36057,1.36089,1.20,2.40
2010.12.01 13:51:14.607,1.36057,1.36089,1.20,2.40
2010.12.01 13:51:15.408,1.36057,1.3609,1.20,2.50
2010.12.01 13:51:15.927,1.36066,1.36095,1.80,2.40
2010.12.01 13:51:16.052,1.36076,1.361,1.70,2.40
2010.12.01 13:51:16.168,1.36069,1.36099,1.60,1.10
2010.12.01 13:51:17.084,1.3606,1.36089,1.50,1.70
2010.12.01 13:51:17.199,1.36054,1.36083,2.40,2.50
2010.12.01 13:51:17.609,1.36049,1.36083,1.70,2.50
2010.12.01 13:51:18.047,1.36058,1.36083,1.50,1.70
2010.12.01 13:51:18.645,1.36061,1.36083,1.50,2.40
2010.12.01 13:51:18.873,1.36055,1.36083,1.50,2.70
2010.12.01 13:51:19.376,1.36053,1.36088,1.50,2.40
2010.12.01 13:51:19.602,1.3606,1.36089,1.50,2.70
2010.12.01 13:51:20.676,1.36055,1.36089,1.70,2.50
2010.12.01 13:51:20.909,1.36062,1.36086,1.50,1.70
2010.12.01 13:51:21.451,1.36061,1.36089,1.60,1.70
2010.12.01 13:51:21.869,1.36057,1.36089,3.30,2.40
2010.12.01 13:51:22.002,1.36057,1.36088,1.50,1.80
2010.12.01 13:51:22.116,1.36056,1.36088,1.50,2.50
2010.12.01 13:51:23.229,1.36056,1.36079,1.50,1.70
2010.12.01 13:51:23.675,1.36056,1.36082,1.50,1.60
2010.12.01 13:51:26.081,1.36056,1.36084,1.50,1.20
2010.12.01 13:51:26.522,1.36056,1.36077,1.50,1.70
2010.12.01 13:51:26.690,1.3605,1.36077,1.50,1.80
2010.12.01 13:51:29.466,1.3605,1.36077,1.50,1.90
2010.12.01 13:51:29.576,1.3605,1.36077,1.50,1.90
2010.12.01 13:51:30.067,1.36044,1.36077,1.50,2.50
2010.12.01 13:51:30.456,1.36049,1.36076,1.50,1.80
2010.12.01 13:51:30.706,1.36043,1.36076,1.70,2.50
2010.12.01 13:51:30.817,1.36043,1.36076,1.70,2.50
2010.12.01 13:51:32.217,1.36047,1.36076,1.50,1.80
2010.12.01 13:51:32.845,1.36047,1.36076,1.50,2.10
2010.12.01 13:51:33.292,1.36044,1.36067,1.50,1.70
2010.12.01 13:51:33.611,1.36042,1.36067,1.50,1.70
2010.12.01 13:51:33.801,1.36049,1.36069,1.50,1.70
2010.12.01 13:51:34.215,1.36049,1.3608,1.50,5.80
2010.12.01 13:51:34.839,1.36052,1.36086,1.50,3.40
2010.12.01 13:51:35.069,1.36072,1.36104,1.50,4.90
2010.12.01 13:51:35.505,1.36072,1.36104,1.50,1.50
2010.12.01 13:51:35.619,1.36078,1.36108,1.50,2.90
2010.12.01 13:51:36.240,1.36078,1.36101,1.50,4.50
2010.12.01 13:51:36.481,1.3606,1.36067,2.30,1.60
2010.12.01 13:51:36.898,1.3606,1.36073,2.30,1.80
2010.12.01 13:51:37.076,1.36044,1.36068,2.40,2.90
2010.12.01 13:51:37.438,1.36044,1.36061,2.40,1.70
2010.12.01 13:51:37.621,1.36036,1.36069,1.70,2.70
2010.12.01 13:51:39.042,1.36027,1.36054,1.50,1.80
2010.12.01 13:51:39.719,1.36029,1.36059,1.70,1.60
2010.12.01 13:51:39.866,1.36031,1.36062,1.50,1.50
2010.12.01 13:51:40.086,1.36038,1.36063,1.50,1.80
2010.12.01 13:51:40.854,1.36038,1.36065,3.40,2.30
2010.12.01 13:51:41.484,1.36042,1.36065,1.50,1.50
2010.12.01 13:51:42.057,1.36035,1.36064,1.50,1.80
2010.12.01 13:51:42.168,1.36034,1.36061,1.70,1.50
2010.12.01 13:51:42.653,1.36024,1.36057,1.50,4.10
2010.12.01 13:51:42.769,1.36024,1.36055,1.50,2.40
2010.12.01 13:51:45.383,1.36013,1.36049,1.90,2.50
2010.12.01 13:51:45.502,1.36021,1.36049,1.50,2.50
2010.12.01 13:51:45.920,1.36017,1.36049,1.50,2.50
2010.12.01 13:51:46.071,1.36024,1.36047,1.50,1.50
2010.12.01 13:51:46.298,1.36021,1.36054,1.50,1.10
2010.12.01 13:51:51.790,1.3602,1.36049,1.60,1.70
2010.12.01 13:51:57.127,1.36021,1.36049,1.50,2.50
2010.12.01 13:52:05.476,1.36011,1.36034,1.50,1.10
2010.12.01 13:52:05.914,1.36012,1.36034,1.70,1.10
2010.12.01 13:52:06.035,1.36011,1.3604,1.50,1.80
2010.12.01 13:52:06.149,1.36012,1.3604,1.50,1.70
2010.12.01 13:52:06.669,1.36014,1.3604,1.50,1.70
2010.12.01 13:52:08.956,1.36012,1.3604,1.60,2.50
2010.12.01 13:52:09.599,1.36009,1.3604,1.50,2.50
2010.12.01 13:52:12.308,1.36015,1.36045,2.10,2.50
2010.12.01 13:52:12.447,1.36024,1.3605,1.50,1.70
2010.12.01 13:52:13.051,1.36024,1.36049,1.50,1.80
2010.12.01 13:52:13.167,1.3602,1.36049,1.50,2.50
2010.12.01 13:52:15.705,1.36016,1.3604,1.50,1.70
2010.12.01 13:52:15.820,1.3601,1.3604,1.50,1.70
2010.12.01 13:52:16.282,1.36012,1.36045,1.50,2.50
2010.12.01 13:52:17.542,1.36012,1.36045,1.50,4.70
2010.12.01 13:52:18.726,1.36009,1.36045,1.50,2.50
2010.12.01 13:52:18.841,1.36006,1.36045,1.50,8.70
2010.12.01 13:52:18.958,1.36006,1.36039,1.50,2.50
2010.12.01 13:52:19.622,1.36013,1.36043,1.70,2.50
2010.12.01 13:52:19.959,1.36013,1.36043,2.40,1.80
2010.12.01 13:52:20.511,1.36015,1.36051,1.60,2.50
2010.12.01 13:52:21.945,1.36015,1.36051,1.70,2.40
2010.12.01 13:52:22.668,1.36015,1.36053,1.70,8.80
2010.12.01 13:52:24.281,1.36015,1.36053,1.70,8.90
2010.12.01 13:52:25.695,1.36012,1.36044,2.40,2.50
2010.12.01 13:52:25.920,1.36017,1.36044,1.50,1.80
2010.12.01 13:52:28.852,1.36023,1.36054,1.50,4.70
2010.12.01 13:52:29.740,1.36024,1.36054,1.50,2.40
2010.12.01 13:52:30.978,1.36024,1.36054,3.60,2.40
2010.12.01 13:52:31.310,1.36033,1.36057,1.70,1.50
2010.12.01 13:52:31.647,1.36026,1.36057,1.50,2.60
2010.12.01 13:52:31.762,1.36025,1.36057,1.70,4.70
2010.12.01 13:52:32.274,1.36025,1.36056,1.70,2.40
2010.12.01 13:52:34.289,1.36022,1.36056,1.50,4.70
2010.12.01 13:52:35.057,1.36026,1.36056,1.50,2.40
2010.12.01 13:52:35.947,1.36026,1.36057,1.50,2.40
2010.12.01 13:52:40.647,1.36026,1.36055,1.60,1.10
2010.12.01 13:52:40.763,1.36026,1.3605,1.60,1.70
2010.12.01 13:52:41.508,1.3603,1.36059,1.50,1.50
2010.12.01 13:52:41.625,1.3603,1.36063,1.50,3.30
2010.12.01 13:52:42.077,1.36035,1.36063,1.50,2.50
2010.12.01 13:52:46.856,1.36034,1.36063,1.60,1.70
2010.12.01 13:52:49.138,1.36034,1.36063,1.50,1.90
2010.12.01 13:52:49.679,1.36033,1.36061,1.70,1.20
2010.12.01 13:52:49.790,1.36034,1.36062,1.50,2.20
2010.12.01 13:52:50.143,1.36034,1.36067,1.50,8.90
2010.12.01 13:52:51.900,1.36036,1.36067,1.50,2.50
2010.12.01 13:52:54.422,1.36036,1.36066,1.50,6.10
2010.12.01 13:52:54.557,1.36034,1.36057,1.50,1.70
2010.12.01 13:52:55.192,1.36038,1.36069,1.50,5.20
2010.12.01 13:52:55.539,1.36038,1.36069,1.50,4.80
2010.12.01 13:52:55.833,1.36041,1.36069,1.50,1.70
2010.12.01 13:52:56.170,1.36044,1.3607,1.50,3.40
2010.12.01 13:52:56.673,1.36046,1.36067,1.50,1.80
2010.12.01 13:52:56.789,1.36046,1.36071,1.50,1.50
2010.12.01 13:52:56.898,1.36045,1.36071,1.70,2.40
2010.12.01 13:52:57.336,1.36047,1.36078,1.50,2.40
2010.12.01 13:52:57.561,1.36046,1.36082,1.50,2.50
2010.12.01 13:52:59.688,1.36051,1.36081,1.50,1.20
2010.12.01 13:53:01.400,1.36051,1.36082,1.50,5.50
2010.12.01 13:53:02.335,1.36051,1.3608,1.50,1.20
2010.12.01 13:53:02.446,1.36051,1.36082,1.50,5.30
2010.12.01 13:53:03.142,1.36051,1.36079,1.50,1.20
2010.12.01 13:53:03.263,1.36051,1.36071,1.50,1.70
2010.12.01 13:53:03.501,1.36051,1.36084,1.50,1.50
2010.12.01 13:53:04.100,1.36051,1.36072,1.50,1.70
2010.12.01 13:53:05.208,1.36048,1.36072,1.50,1.70
2010.12.01 13:53:05.868,1.36048,1.36072,1.50,1.80
2010.12.01 13:53:06.721,1.36048,1.36072,1.50,1.80
2010.12.01 13:53:06.947,1.36048,1.36072,1.50,1.80
2010.12.01 13:53:07.582,1.36045,1.36068,1.50,1.10
2010.12.01 13:53:08.150,1.36048,1.36085,1.50,8.80
2010.12.01 13:53:11.557,1.36048,1.36085,1.60,2.50
2010.12.01 13:53:11.962,1.36053,1.36085,1.50,5.20
2010.12.01 13:53:13.455,1.3605,1.36074,1.50,1.70
2010.12.01 13:53:14.572,1.3605,1.36066,1.50,1.70
2010.12.01 13:53:14.798,1.36048,1.36077,1.50,2.30
2010.12.01 13:53:15.301,1.36052,1.36083,1.20,3.10
2010.12.01 13:53:15.419,1.3606,1.36087,1.50,1.60
2010.12.01 13:53:15.934,1.36061,1.3609,1.50,1.80
2010.12.01 13:53:16.052,1.36063,1.3609,1.50,1.90
2010.12.01 13:53:16.612,1.36063,1.3609,1.50,1.90
2010.12.01 13:53:17.344,1.36063,1.3609,1.50,1.80
2010.12.01 13:53:18.293,1.36067,1.3609,1.50,1.80
2010.12.01 13:53:18.850,1.36067,1.3609,1.50,1.80
2010.12.01 13:53:19.338,1.36059,1.36086,1.50,1.20
2010.12.01 13:53:19.466,1.36059,1.36088,1.50,2.10
2010.12.01 13:53:20.808,1.36059,1.36088,1.50,4.60
2010.12.01 13:53:20.920,1.36056,1.36079,1.50,1.80
2010.12.01 13:53:21.410,1.36054,1.3609,1.50,4.90
2010.12.01 13:53:21.531,1.36056,1.3609,1.50,2.50
2010.12.01 13:53:22.154,1.3606,1.36091,1.50,1.50
2010.12.01 13:53:23.378,1.3606,1.36082,1.50,1.70
2010.12.01 13:53:23.820,1.36056,1.36082,1.50,1.70
2010.12.01 13:53:25.388,1.36056,1.36082,1.70,1.70
2010.12.01 13:53:25.610,1.36061,1.36092,1.50,5.20
2010.12.01 13:53:26.017,1.3606,1.36092,1.50,2.70
2010.12.01 13:53:26.130,1.36056,1.36078,1.50,1.70
2010.12.01 13:53:27.044,1.36056,1.36078,1.50,1.70
2010.12.01 13:53:28.164,1.36056,1.36089,1.50,1.90
2010.12.01 13:53:28.278,1.36056,1.36089,1.50,1.60
2010.12.01 13:53:28.391,1.36056,1.36091,1.60,2.40
2010.12.01 13:53:28.714,1.36057,1.36093,1.60,5.70
2010.12.01 13:53:29.776,1.36061,1.36079,1.50,1.70
2010.12.01 13:53:32.228,1.36059,1.36079,1.50,1.70
2010.12.01 13:53:33.337,1.36059,1.36088,1.50,1.40
2010.12.01 13:53:34.050,1.36059,1.36088,1.50,1.20
2010.12.01 13:53:34.747,1.36059,1.36088,1.50,1.20
2010.12.01 13:53:36.289,1.36059,1.36088,1.50,7.00
2010.12.01 13:53:37.065,1.36059,1.36088,1.50,3.00
2010.12.01 13:53:38.741,1.36059,1.36078,1.50,1.70
2010.12.01 13:53:43.481,1.36058,1.36078,1.50,1.70
2010.12.01 13:53:47.269,1.36058,1.3607,1.50,1.70
2010.12.01 13:53:47.499,1.36058,1.36074,1.50,1.70
2010.12.01 13:53:48.052,1.36058,1.36084,1.50,2.30
2010.12.01 13:53:48.280,1.36058,1.36084,1.50,2.10
2010.12.01 13:53:48.396,1.36058,1.36089,1.50,1.10
2010.12.01 13:53:50.273,1.36058,1.36087,1.50,1.10
2010.12.01 13:53:50.800,1.36052,1.36087,1.50,1.10
2010.12.01 13:53:51.721,1.3605,1.36082,1.50,1.10
2010.12.01 13:53:51.838,1.36048,1.3608,1.50,1.10
2010.12.01 13:54:00.837,1.36052,1.36081,1.50,2.40
2010.12.01 13:54:02.270,1.36047,1.36078,2.40,1.10
2010.12.01 13:54:02.390,1.36046,1.36077,1.60,1.10
2010.12.01 13:54:03.858,1.36046,1.36077,1.70,2.40
2010.12.01 13:54:03.970,1.36046,1.36077,2.50,1.60
2010.12.01 13:54:04.389,1.36051,1.36077,1.50,1.50
2010.12.01 13:54:04.617,1.36051,1.36079,1.50,2.50
2010.12.01 13:54:04.727,1.36045,1.36079,1.50,4.80
2010.12.01 13:54:06.295,1.36042,1.36075,2.40,2.40
2010.12.01 13:54:06.441,1.36041,1.36072,1.50,1.10
2010.12.01 13:54:06.777,1.36036,1.3607,1.50,1.20
2010.12.01 13:54:07.322,1.36036,1.36063,1.50,1.50
2010.12.01 13:54:08.325,1.36036,1.36067,1.50,2.10
2010.12.01 13:54:09.850,1.36034,1.36065,1.50,1.20
2010.12.01 13:54:09.987,1.36033,1.36065,1.50,1.20
2010.12.01 13:54:11.588,1.36033,1.3606,1.50,1.70
2010.12.01 13:54:12.847,1.36028,1.3606,1.50,2.50
2010.12.01 13:54:15.201,1.36029,1.36059,1.70,4.70
2010.12.01 13:54:15.317,1.36022,1.36058,1.70,4.70
2010.12.01 13:54:16.776,1.36026,1.36058,1.50,2.40
2010.12.01 13:54:18.987,1.36033,1.3606,2.40,1.20
2010.12.01 13:54:19.105,1.36035,1.36063,1.50,2.40
2010.12.01 13:54:20.818,1.36039,1.36064,1.50,1.70
2010.12.01 13:54:21.259,1.36039,1.36069,1.50,1.10
2010.12.01 13:54:21.377,1.36039,1.36064,1.50,1.70
2010.12.01 13:54:21.487,1.36039,1.36066,1.50,1.60
2010.12.01 13:54:22.330,1.36039,1.36064,1.50,1.70
2010.12.01 13:54:22.996,1.36039,1.36069,1.50,2.50
2010.12.01 13:54:24.928,1.36036,1.36064,1.70,2.50
2010.12.01 13:54:25.532,1.36041,1.36065,1.50,1.80
2010.12.01 13:54:27.465,1.36038,1.36065,1.60,1.80
2010.12.01 13:54:29.332,1.36038,1.36065,2.60,2.40
2010.12.01 13:54:29.450,1.36047,1.36073,1.70,1.50
2010.12.01 13:54:29.848,1.36048,1.36079,1.50,2.60
2010.12.01 13:54:30.180,1.36048,1.36079,1.50,2.50
2010.12.01 13:54:31.072,1.36053,1.36082,1.50,4.70
2010.12.01 13:54:31.707,1.36057,1.36086,1.70,4.70
2010.12.01 13:54:31.835,1.36056,1.36083,1.50,1.50
2010.12.01 13:54:31.951,1.36053,1.36083,1.50,1.90
2010.12.01 13:54:32.068,1.36052,1.3608,1.50,1.20
2010.12.01 13:54:34.678,1.36047,1.36074,1.60,1.80
2010.12.01 13:54:35.177,1.36044,1.36074,1.60,1.80
2010.12.01 13:54:35.314,1.36045,1.36076,1.60,1.70
2010.12.01 13:54:35.431,1.36055,1.36078,1.70,1.50
2010.12.01 13:54:35.894,1.36051,1.36076,1.50,6.20
2010.12.01 13:54:36.052,1.36034,1.36062,4.00,1.70
2010.12.01 13:54:36.170,1.36039,1.36069,1.70,1.10
2010.12.01 13:54:37.295,1.36031,1.36062,1.50,1.10
2010.12.01 13:54:37.420,1.36031,1.36057,1.50,1.70
2010.12.01 13:54:37.650,1.36031,1.36069,1.50,4.80
2010.12.01 13:54:39.301,1.36031,1.36068,1.50,1.20
2010.12.01 13:54:39.640,1.3604,1.3607,1.50,2.50
2010.12.01 13:54:39.760,1.36049,1.3607,1.70,2.40
2010.12.01 13:54:39.894,1.3604,1.36061,1.50,1.70
2010.12.01 13:54:40.313,1.3604,1.36071,1.50,2.50
2010.12.01 13:54:46.287,1.3604,1.3607,1.50,4.90
2010.12.01 13:54:46.616,1.36036,1.3607,1.50,4.90
2010.12.01 13:54:47.638,1.36036,1.36067,1.50,1.20
2010.12.01 13:54:48.280,1.36036,1.3607,1.50,4.80
2010.12.01 13:54:50.517,1.36036,1.36064,1.50,2.20
2010.12.01 13:54:51.076,1.36028,1.3606,1.50,1.10
2010.12.01 13:54:51.200,1.36022,1.3605,2.10,1.70
2010.12.01 13:54:51.602,1.36032,1.3605,1.50,1.70
2010.12.01 13:54:51.730,1.36038,1.36067,1.50,1.60
2010.12.01 13:54:51.849,1.36039,1.36067,1.50,1.50
2010.12.01 13:54:52.243,1.36045,1.36072,1.50,1.50
2010.12.01 13:54:54.766,1.36045,1.36077,1.50,2.40
2010.12.01 13:54:56.640,1.36042,1.36075,1.50,2.50
2010.12.01 13:54:57.205,1.36047,1.36081,2.30,2.40
2010.12.01 13:54:57.429,1.36054,1.36085,3.20,2.40
2010.12.01 13:55:00.997,1.36057,1.36086,1.50,2.40
2010.12.01 13:55:02.826,1.36057,1.3608,1.50,1.70
2010.12.01 13:55:02.937,1.36051,1.3608,1.50,2.50
2010.12.01 13:55:03.815,1.36051,1.36072,1.50,1.70
2010.12.01 13:55:04.147,1.36051,1.3608,1.50,2.50
2010.12.01 13:55:04.828,1.36048,1.3608,1.10,2.40
2010.12.01 13:55:05.214,1.3605,1.36086,2.00,2.70
2010.12.01 13:55:05.338,1.36048,1.36076,1.70,1.80
2010.12.01 13:55:05.447,1.36046,1.36076,1.50,2.50
2010.12.01 13:55:06.171,1.36045,1.36076,1.50,2.50
2010.12.01 13:55:06.911,1.36047,1.36078,1.50,2.40
2010.12.01 13:55:07.027,1.36045,1.36078,1.20,2.40
2010.12.01 13:55:07.247,1.36045,1.36078,1.20,2.40
2010.12.01 13:55:07.854,1.36045,1.36078,2.10,2.40
2010.12.01 13:55:07.973,1.36049,1.36082,1.50,2.40
2010.12.01 13:55:08.448,1.36055,1.36082,1.70,2.40
2010.12.01 13:55:08.958,1.36047,1.36075,1.50,2.50
2010.12.01 13:55:09.106,1.36047,1.36079,1.70,2.40
2010.12.01 13:55:09.218,1.3605,1.36079,1.50,2.40
2010.12.01 13:55:09.769,1.36045,1.36077,1.50,1.10
2010.12.01 13:55:09.891,1.36042,1.36072,1.70,2.50
2010.12.01 13:55:10.369,1.36044,1.36071,1.20,1.70
2010.12.01 13:55:13.403,1.36041,1.3607,2.40,1.60
2010.12.01 13:55:13.923,1.36034,1.36053,1.50,1.70
2010.12.01 13:55:14.469,1.36022,1.36053,1.90,1.70
2010.12.01 13:55:14.588,1.36022,1.36053,1.90,2.50
2010.12.01 13:55:15.862,1.36023,1.36053,1.20,2.40
2010.12.01 13:55:16.309,1.36025,1.36053,1.50,1.90
2010.12.01 13:55:16.719,1.36023,1.36053,1.90,5.10
2010.12.01 13:55:18.136,1.36027,1.36057,1.70,2.50
2010.12.01 13:55:20.319,1.36026,1.36054,1.50,2.50
2010.12.01 13:55:21.054,1.36029,1.36063,1.70,2.40
2010.12.01 13:55:21.400,1.36033,1.36065,2.40,2.50
2010.12.01 13:55:22.548,1.36035,1.36063,1.50,1.10
2010.12.01 13:55:22.659,1.36035,1.36063,1.50,1.80
2010.12.01 13:55:24.741,1.36035,1.36063,1.50,1.90
2010.12.01 13:55:26.290,1.36035,1.36066,1.50,1.40
2010.12.01 13:55:26.902,1.36035,1.36067,1.50,2.50
2010.12.01 13:55:27.697,1.36037,1.36067,3.20,1.70
2010.12.01 13:55:28.220,1.36034,1.36067,1.50,4.40
2010.12.01 13:55:28.376,1.36035,1.36073,1.50,4.90
2010.12.01 13:55:30.560,1.36035,1.36071,1.60,2.40
2010.12.01 13:55:31.449,1.36035,1.36072,1.70,2.50
2010.12.01 13:55:31.736,1.36035,1.36072,1.70,2.40
2010.12.01 13:55:32.040,1.36035,1.36074,1.70,4.80
2010.12.01 13:55:32.506,1.36035,1.36074,1.70,4.80
2010.12.01 13:55:33.041,1.36035,1.36072,1.90,2.50
2010.12.01 13:55:33.597,1.36035,1.36068,1.50,4.00
2010.12.01 13:55:34.209,1.36035,1.36068,1.60,4.00
2010.12.01 13:55:35.325,1.36035,1.36068,1.50,2.60
2010.12.01 13:55:37.909,1.3603,1.36065,1.70,2.50
2010.12.01 13:55:38.558,1.36037,1.36065,1.70,2.50
2010.12.01 13:55:39.066,1.36029,1.36063,4.10,2.50
2010.12.01 13:55:39.187,1.36027,1.36063,1.10,2.50
2010.12.01 13:55:39.708,1.36031,1.36065,1.60,2.40
2010.12.01 13:55:39.817,1.36031,1.36065,1.60,2.40
2010.12.01 13:55:41.651,1.36035,1.36067,1.10,2.40
2010.12.01 13:55:41.786,1.36037,1.36069,1.50,1.60
2010.12.01 13:55:42.211,1.36033,1.36069,2.80,2.50
2010.12.01 13:55:42.339,1.36033,1.36069,1.50,2.50
2010.12.01 13:55:42.871,1.36033,1.36068,1.50,2.50
2010.12.01 13:55:42.989,1.36027,1.36067,1.50,1.60
2010.12.01 13:55:44.870,1.36029,1.36068,2.60,2.50
2010.12.01 13:55:44.988,1.36032,1.36068,1.50,4.70
2010.12.01 13:55:45.627,1.36039,1.36071,1.80,2.50
2010.12.01 13:55:45.739,1.36039,1.36071,1.80,2.50
2010.12.01 13:55:46.137,1.3604,1.36074,1.80,2.40
2010.12.01 13:55:46.302,1.36035,1.36075,1.60,2.40
2010.12.01 13:55:46.938,1.36031,1.36068,1.60,1.20
2010.12.01 13:55:47.159,1.36029,1.3606,1.70,2.60
2010.12.01 13:55:47.658,1.3603,1.3606,1.50,2.50
2010.12.01 13:55:48.266,1.36038,1.36071,1.50,1.60
2010.12.01 13:55:48.407,1.36038,1.36071,1.50,1.60
2010.12.01 13:55:50.597,1.36046,1.36077,1.50,1.30
2010.12.01 13:55:51.437,1.36043,1.36076,1.50,1.90
2010.12.01 13:55:54.842,1.3604,1.36076,1.70,5.70
2010.12.01 13:55:55.398,1.36035,1.36067,1.50,1.10
2010.12.01 13:55:55.843,1.36038,1.36072,1.50,1.80
2010.12.01 13:55:58.501,1.36038,1.36056,1.50,1.70
2010.12.01 13:55:58.619,1.36034,1.36058,1.50,1.70
2010.12.01 13:55:59.140,1.36033,1.36058,1.50,1.70
2010.12.01 13:55:59.480,1.36029,1.36056,1.50,1.70
2010.12.01 13:55:59.973,1.36035,1.36056,1.50,1.70
2010.12.01 13:56:00.119,1.36035,1.36058,1.50,1.70
2010.12.01 13:56:01.898,1.36033,1.36058,1.50,1.70
2010.12.01 13:56:02.013,1.36031,1.36058,1.50,1.70
2010.12.01 13:56:02.358,1.36038,1.36058,1.50,1.70
2010.12.01 13:56:02.469,1.36044,1.36071,1.70,2.50
2010.12.01 13:56:02.579,1.3605,1.3608,1.70,6.10
2010.12.01 13:56:02.796,1.3605,1.3608,1.70,6.10
2010.12.01 13:56:03.304,1.36042,1.3607,1.70,2.50
2010.12.01 13:56:04.937,1.36047,1.36076,1.70,5.10
2010.12.01 13:56:05.066,1.36028,1.36064,3.00,2.90
2010.12.01 13:56:05.920,1.36036,1.36065,1.70,2.50
2010.12.01 13:56:06.040,1.36032,1.36061,1.50,1.70
2010.12.01 13:56:06.494,1.36037,1.3606,1.50,1.70
2010.12.01 13:56:07.510,1.36037,1.36069,1.50,1.10
2010.12.01 13:56:08.437,1.36037,1.36069,1.50,1.10
2010.12.01 13:56:09.079,1.36035,1.36065,1.50,1.20
2010.12.01 13:56:09.372,1.36035,1.3606,1.50,1.70
2010.12.01 13:56:10.593,1.36037,1.36064,2.40,1.90
2010.12.01 13:56:11.423,1.36042,1.36071,1.70,4.70
2010.12.01 13:56:11.868,1.36042,1.36072,2.40,1.30
2010.12.01 13:56:13.726,1.3604,1.36064,1.50,1.70
2010.12.01 13:56:14.595,1.36036,1.36064,1.50,1.80
2010.12.01 13:56:14.713,1.3604,1.36069,1.80,2.50
2010.12.01 13:56:14.835,1.36048,1.36076,1.70,2.40
2010.12.01 13:56:15.314,1.36049,1.3608,1.50,2.40
2010.12.01 13:56:15.704,1.36047,1.36078,2.40,1.90
2010.12.01 13:56:16.756,1.36044,1.36069,1.70,1.70
2010.12.01 13:56:17.093,1.36046,1.36069,1.50,1.70
2010.12.01 13:56:17.327,1.36055,1.36082,1.70,2.50
2010.12.01 13:56:17.798,1.36046,1.36079,3.30,2.50
2010.12.01 13:56:17.911,1.36046,1.36079,3.30,2.50
2010.12.01 13:56:19.089,1.36046,1.36079,2.40,2.50
2010.12.01 13:56:20.213,1.36038,1.36067,3.20,2.40
2010.12.01 13:56:20.329,1.36037,1.36074,3.40,1.20
2010.12.01 13:56:20.772,1.36043,1.3608,1.50,2.10
2010.12.01 13:56:23.751,1.36044,1.3608,1.50,6.10
2010.12.01 13:56:23.981,1.36044,1.36077,1.50,2.00
2010.12.01 13:56:24.596,1.36044,1.36074,1.50,1.20
2010.12.01 13:56:25.799,1.3604,1.36068,1.70,1.80
2010.12.01 13:56:26.030,1.3604,1.3608,2.70,4.70
2010.12.01 13:56:26.532,1.36045,1.3608,1.50,4.70
2010.12.01 13:56:27.088,1.36039,1.36068,1.60,1.80
2010.12.01 13:56:27.597,1.36039,1.36068,1.50,1.70
2010.12.01 13:56:27.714,1.36044,1.36068,1.50,1.90
2010.12.01 13:56:28.254,1.36043,1.36074,1.50,1.30
2010.12.01 13:56:32.656,1.36043,1.36071,1.50,1.20
2010.12.01 13:56:34.312,1.3604,1.36068,1.50,4.40
2010.12.01 13:56:34.430,1.3604,1.36069,1.50,1.20
2010.12.01 13:56:34.882,1.36039,1.36077,1.50,1.20
2010.12.01 13:56:37.096,1.36046,1.36081,2.40,4.80
2010.12.01 13:56:37.207,1.36047,1.36082,1.50,4.00
2010.12.01 13:56:37.430,1.36048,1.36082,1.90,4.00
2010.12.01 13:56:37.815,1.36055,1.36082,1.50,1.60
2010.12.01 13:56:39.559,1.3605,1.36081,1.50,2.50
2010.12.01 13:56:39.937,1.3605,1.36081,1.50,5.10
2010.12.01 13:56:41.300,1.36051,1.36082,1.70,4.80
2010.12.01 13:56:41.418,1.36051,1.36082,1.70,4.70
2010.12.01 13:56:41.819,1.36051,1.36084,3.20,2.40
2010.12.01 13:56:42.260,1.36056,1.36085,1.50,2.50
2010.12.01 13:56:44.755,1.36053,1.36075,1.50,1.70
2010.12.01 13:56:44.906,1.36052,1.36085,2.80,1.80
2010.12.01 13:56:45.020,1.36055,1.3609,1.60,1.30
2010.12.01 13:56:45.140,1.36057,1.36091,1.50,2.40
2010.12.01 13:56:48.730,1.36061,1.36093,2.40,2.50
2010.12.01 13:56:49.181,1.36062,1.36094,1.50,4.70
2010.12.01 13:56:50.091,1.36069,1.36099,1.70,2.40
2010.12.01 13:56:50.264,1.36062,1.36095,1.50,2.60
2010.12.01 13:56:52.937,1.36062,1.3609,1.50,1.60
2010.12.01 13:56:53.272,1.36057,1.36081,1.50,1.50
2010.12.01 13:56:53.704,1.36049,1.36081,1.50,2.50
2010.12.01 13:56:54.954,1.36046,1.36077,1.50,1.10
2010.12.01 13:56:58.041,1.36049,1.36082,1.60,2.50
2010.12.01 13:56:58.164,1.36051,1.36081,1.50,2.50
2010.12.01 13:56:58.938,1.36046,1.36081,1.50,4.00
2010.12.01 13:56:59.048,1.36046,1.36081,1.60,4.00
2010.12.01 13:57:01.523,1.36046,1.36071,1.50,1.70
2010.12.01 13:57:02.561,1.36046,1.36081,1.50,2.70
2010.12.01 13:57:03.359,1.36051,1.36082,2.40,4.00
2010.12.01 13:57:03.877,1.36053,1.36082,1.50,4.10
2010.12.01 13:57:05.388,1.36058,1.36087,1.50,2.50
2010.12.01 13:57:06.017,1.36054,1.36085,1.70,1.60
2010.12.01 13:57:06.133,1.36054,1.36078,1.50,1.70
2010.12.01 13:57:07.594,1.36054,1.36078,1.50,1.90
2010.12.01 13:57:07.712,1.36048,1.36069,1.50,1.70
2010.12.01 13:57:08.230,1.36043,1.36073,1.50,1.10
2010.12.01 13:57:08.750,1.36049,1.36084,1.50,1.60
2010.12.01 13:57:12.750,1.36049,1.36067,1.50,1.70
2010.12.01 13:57:13.088,1.36045,1.36067,1.50,1.70
2010.12.01 13:57:13.562,1.36041,1.36067,1.50,1.70
2010.12.01 13:57:15.126,1.36041,1.36067,1.50,1.90
2010.12.01 13:57:21.818,1.36041,1.36073,1.50,2.50
2010.12.01 13:57:22.051,1.36051,1.36073,1.70,1.60
2010.12.01 13:57:22.562,1.3605,1.36077,1.50,1.70
2010.12.01 13:57:23.086,1.36051,1.36077,1.50,1.80
2010.12.01 13:57:23.320,1.36053,1.36077,1.50,1.70
2010.12.01 13:57:23.759,1.36046,1.36085,1.60,2.50
2010.12.01 13:57:24.282,1.3605,1.36086,1.50,5.20
2010.12.01 13:57:25.917,1.36046,1.36077,1.50,2.50
2010.12.01 13:57:26.034,1.36045,1.36077,1.70,1.90
2010.12.01 13:57:26.148,1.3605,1.36077,1.50,1.80
2010.12.01 13:57:27.261,1.3605,1.36077,1.50,1.90
2010.12.01 13:57:28.219,1.36052,1.36077,1.50,1.80
2010.12.01 13:57:29.015,1.36053,1.36077,1.50,1.70
2010.12.01 13:57:29.144,1.36051,1.36078,1.50,1.90
2010.12.01 13:57:32.368,1.36051,1.36078,1.50,1.90
2010.12.01 13:57:33.193,1.36047,1.36078,1.50,4.40
2010.12.01 13:57:33.323,1.36046,1.36076,1.50,1.20
2010.12.01 13:57:34.265,1.36044,1.36077,1.50,2.30
2010.12.01 13:57:34.385,1.36044,1.36081,1.50,2.70
2010.12.01 13:57:35.527,1.36048,1.36072,1.50,1.70
2010.12.01 13:57:36.035,1.36042,1.36072,1.50,1.70
2010.12.01 13:57:36.589,1.36042,1.36072,3.00,1.80
2010.12.01 13:57:37.068,1.36052,1.36078,1.50,2.00
2010.12.01 13:57:37.180,1.36053,1.36084,2.40,5.20
2010.12.01 13:57:37.696,1.36051,1.36079,1.50,1.10
2010.12.01 13:57:39.338,1.36049,1.36082,1.50,2.50
2010.12.01 13:57:39.892,1.36046,1.36079,1.50,1.20
2010.12.01 13:57:40.263,1.36044,1.36079,1.50,1.20
2010.12.01 13:57:40.402,1.36044,1.36075,1.50,1.70
2010.12.01 13:57:41.355,1.36047,1.36073,1.50,1.70
2010.12.01 13:57:47.697,1.36053,1.36086,3.20,4.20
2010.12.01 13:57:47.808,1.36053,1.36087,1.50,3.60
2010.12.01 13:57:47.916,1.36053,1.36085,1.50,1.20
2010.12.01 13:57:54.724,1.36055,1.3609,1.70,1.50
2010.12.01 13:57:54.845,1.36059,1.36091,1.50,4.80
2010.12.01 13:57:55.929,1.36055,1.36087,1.50,1.10
2010.12.01 13:57:56.040,1.36053,1.36087,1.50,1.10
2010.12.01 13:57:56.158,1.36052,1.36087,1.50,1.10
2010.12.01 13:57:56.777,1.36052,1.36087,1.50,1.10
2010.12.01 13:57:57.786,1.3605,1.3608,1.50,1.10
2010.12.01 13:57:57.907,1.36049,1.3608,1.50,1.10
2010.12.01 13:58:00.410,1.36049,1.36077,1.50,1.20
2010.12.01 13:58:00.554,1.36049,1.36073,1.50,1.70
2010.12.01 13:58:02.527,1.36049,1.3608,1.50,1.60
2010.12.01 13:58:03.191,1.36049,1.3608,1.50,1.60
2010.12.01 13:58:03.528,1.36049,1.36077,1.50,2.30
2010.12.01 13:58:07.211,1.36049,1.36073,1.50,1.80
2010.12.01 13:58:08.036,1.36049,1.36073,1.50,1.70
2010.12.01 13:58:08.934,1.36049,1.3608,1.50,1.60
2010.12.01 13:58:12.803,1.36046,1.3608,2.40,1.40
2010.12.01 13:58:13.032,1.36046,1.36082,2.60,2.90
2010.12.01 13:58:13.431,1.36045,1.3608,2.40,1.20
2010.12.01 13:58:13.550,1.36054,1.36082,1.70,5.70
2010.12.01 13:58:13.778,1.36044,1.36073,1.50,1.80
2010.12.01 13:58:16.013,1.36047,1.36081,1.10,1.30
2010.12.01 13:58:20.827,1.36048,1.36074,1.50,1.90
2010.12.01 13:58:21.502,1.36062,1.36074,1.40,1.70
2010.12.01 13:58:22.160,1.36067,1.36098,2.40,1.80
2010.12.01 13:58:22.278,1.3606,1.36081,1.50,1.70
2010.12.01 13:58:22.800,1.36053,1.36081,1.50,2.60
2010.12.01 13:58:22.920,1.36049,1.36071,1.50,1.70
2010.12.01 13:58:23.039,1.36049,1.36081,3.20,2.50
2010.12.01 13:58:23.533,1.36049,1.36071,1.50,1.70
2010.12.01 13:58:25.170,1.36042,1.36079,1.50,2.00
2010.12.01 13:58:28.749,1.36049,1.36072,1.50,1.70
2010.12.01 13:58:29.209,1.36049,1.36081,1.50,5.10
2010.12.01 13:58:29.321,1.36052,1.36082,1.50,2.70
2010.12.01 13:58:29.452,1.36054,1.36081,1.50,1.90
2010.12.01 13:58:29.572,1.36044,1.36081,1.50,5.20
2010.12.01 13:58:30.459,1.36039,1.36068,1.70,1.20
2010.12.01 13:58:30.779,1.36031,1.3606,1.60,2.50
2010.12.01 13:58:30.933,1.36036,1.3607,2.30,2.50
2010.12.01 13:58:31.050,1.36036,1.36077,1.40,2.00
2010.12.01 13:58:31.496,1.36038,1.3607,1.50,2.50
2010.12.01 13:58:32.083,1.3604,1.36077,1.50,2.00
2010.12.01 13:58:34.379,1.36042,1.3607,1.40,2.70
2010.12.01 13:58:34.488,1.36049,1.36082,3.20,5.20
2010.12.01 13:58:35.051,1.36045,1.36067,1.50,1.70
2010.12.01 13:58:35.284,1.36037,1.36067,1.50,2.60
2010.12.01 13:58:37.021,1.36047,1.36078,1.50,1.20
2010.12.01 13:58:38.093,1.36047,1.36068,1.50,1.70
2010.12.01 13:58:38.209,1.36047,1.36077,1.50,1.50
2010.12.01 13:58:38.329,1.36044,1.36081,2.40,5.00
2010.12.01 13:58:38.791,1.36044,1.36079,2.40,1.20
2010.12.01 13:58:39.164,1.36057,1.36084,1.70,4.70
2010.12.01 13:58:39.664,1.36057,1.36087,2.40,2.50
2010.12.01 13:58:40.931,1.36054,1.36077,1.50,1.70
2010.12.01 13:58:41.046,1.36054,1.36077,1.50,1.70
2010.12.01 13:58:41.272,1.36051,1.36077,2.40,1.80
2010.12.01 13:58:41.738,1.36048,1.36077,2.40,2.50
2010.12.01 13:58:42.582,1.36049,1.36081,1.50,1.10
2010.12.01 13:58:42.699,1.3606,1.36084,1.50,1.70
2010.12.01 13:58:43.197,1.3606,1.36088,1.50,1.20
2010.12.01 13:58:43.375,1.3606,1.3608,1.50,1.70
2010.12.01 13:58:43.501,1.36056,1.3608,1.50,1.70
2010.12.01 13:58:43.956,1.36061,1.36088,1.50,2.30
2010.12.01 13:58:44.179,1.36061,1.36088,1.50,1.10
2010.12.01 13:58:44.822,1.36061,1.36089,1.50,5.20
2010.12.01 13:58:44.980,1.36061,1.36089,1.50,5.50
2010.12.01 13:58:45.480,1.36061,1.36089,2.40,2.30
2010.12.01 13:58:46.006,1.36061,1.36089,1.50,1.20
2010.12.01 13:58:46.532,1.36061,1.36087,1.50,2.20
2010.12.01 13:58:46.760,1.36062,1.36087,2.40,1.20
2010.12.01 13:58:46.993,1.36062,1.36087,2.40,2.80
2010.12.01 13:58:47.445,1.36061,1.36087,1.50,2.30
2010.12.01 13:58:47.560,1.36061,1.36087,1.50,1.20
2010.12.01 13:58:47.926,1.36063,1.3609,1.50,1.80
2010.12.01 13:58:48.110,1.36058,1.36081,3.10,1.70
2010.12.01 13:58:48.667,1.36059,1.36089,2.40,5.60
2010.12.01 13:58:48.778,1.36059,1.3608,2.40,1.70
2010.12.01 13:58:49.006,1.36058,1.36084,3.10,1.90
2010.12.01 13:58:49.229,1.36058,1.36084,1.60,2.50
2010.12.01 13:58:49.655,1.36063,1.36094,1.70,5.20
2010.12.01 13:58:49.988,1.36063,1.36094,4.00,2.50
2010.12.01 13:58:50.860,1.36082,1.36094,1.60,2.50
2010.12.01 13:58:50.992,1.36082,1.3611,1.60,1.30
2010.12.01 13:58:51.125,1.36085,1.36113,1.60,5.10
2010.12.01 13:58:51.919,1.36081,1.36108,1.70,1.50
2010.12.01 13:58:52.029,1.36081,1.36108,1.70,2.40
2010.12.01 13:58:52.147,1.36078,1.36103,1.60,2.50
2010.12.01 13:58:52.734,1.36072,1.36088,1.60,1.70
2010.12.01 13:58:52.851,1.36074,1.36102,1.70,2.40
2010.12.01 13:58:53.375,1.36069,1.36088,1.60,1.80
2010.12.01 13:58:53.492,1.36061,1.36088,2.40,1.80
2010.12.01 13:58:56.109,1.36059,1.36088,1.50,1.90
2010.12.01 13:58:56.227,1.36058,1.36087,1.70,1.60
2010.12.01 13:58:56.340,1.36055,1.36083,1.50,1.10
2010.12.01 13:58:56.458,1.36055,1.36075,1.50,1.70
2010.12.01 13:58:56.838,1.36055,1.36083,1.50,2.70
2010.12.01 13:58:58.132,1.36058,1.36083,1.70,1.70
2010.12.01 13:58:58.250,1.36058,1.36094,1.90,2.50
2010.12.01 13:58:58.385,1.36067,1.36095,1.50,2.50
2010.12.01 13:58:59.024,1.36063,1.36092,2.40,1.10
2010.12.01 13:58:59.470,1.36061,1.36083,1.70,1.70
2010.12.01 13:58:59.894,1.36066,1.36102,3.40,1.90
2010.12.01 13:59:01.604,1.3606,1.36088,1.50,1.40
2010.12.01 13:59:01.832,1.36061,1.36088,1.70,2.10
2010.12.01 13:59:02.347,1.36062,1.36083,1.50,1.70
2010.12.01 13:59:02.460,1.36062,1.36096,1.50,1.60
2010.12.01 13:59:04.836,1.36066,1.36098,1.70,2.90
2010.12.01 13:59:07.278,1.36066,1.36098,2.40,2.90
2010.12.01 13:59:07.499,1.36066,1.36098,2.50,2.50
2010.12.01 13:59:07.902,1.36066,1.36098,2.50,2.50
2010.12.01 13:59:08.021,1.36066,1.36098,2.70,2.50
2010.12.01 13:59:08.147,1.36066,1.36098,2.40,2.50
2010.12.01 13:59:08.265,1.36066,1.36096,1.80,1.10
2010.12.01 13:59:08.860,1.3607,1.36102,1.70,8.90
2010.12.01 13:59:08.985,1.3607,1.36102,1.70,5.10
2010.12.01 13:59:10.198,1.36066,1.36103,1.50,4.80
2010.12.01 13:59:10.717,1.36066,1.361,1.50,5.10
2010.12.01 13:59:12.557,1.36066,1.36099,1.50,4.70
2010.12.01 13:59:13.857,1.36066,1.36094,1.50,2.60
2010.12.01 13:59:13.992,1.36063,1.36097,1.50,1.90
2010.12.01 13:59:14.437,1.36068,1.36097,1.50,1.90
2010.12.01 13:59:16.457,1.36068,1.36096,1.50,1.20
2010.12.01 13:59:16.827,1.36064,1.36074,1.50,1.70
2010.12.01 13:59:16.967,1.36054,1.36074,1.50,1.70
2010.12.01 13:59:17.078,1.36054,1.36083,1.50,2.00
2010.12.01 13:59:17.299,1.36054,1.36074,1.50,1.70
2010.12.01 13:59:17.409,1.36051,1.36074,1.50,1.70
2010.12.01 13:59:17.884,1.36051,1.36082,1.50,1.60
2010.12.01 13:59:18.023,1.36054,1.36083,1.50,3.00
2010.12.01 13:59:18.138,1.36054,1.36083,1.50,4.70
2010.12.01 13:59:19.525,1.36049,1.36073,1.50,1.70
2010.12.01 13:59:24.358,1.36051,1.36073,1.50,1.70
2010.12.01 13:59:24.712,1.36053,1.36073,1.50,1.70
2010.12.01 13:59:24.837,1.3606,1.36092,1.50,1.70
2010.12.01 13:59:24.948,1.3606,1.3609,1.50,1.40
2010.12.01 13:59:26.055,1.3606,1.36088,1.50,1.20
2010.12.01 13:59:26.301,1.3606,1.36088,1.50,2.20
2010.12.01 13:59:26.658,1.3606,1.36089,1.50,1.20
2010.12.01 13:59:27.025,1.3606,1.36088,1.50,2.20
2010.12.01 13:59:27.938,1.3606,1.36088,1.50,2.40
2010.12.01 13:59:28.481,1.36052,1.36083,2.40,1.40
2010.12.01 13:59:28.599,1.36052,1.36084,2.40,2.90
2010.12.01 13:59:28.714,1.36051,1.3608,1.50,1.20
2010.12.01 13:59:29.059,1.36051,1.36073,1.50,1.70
2010.12.01 13:59:29.390,1.36056,1.36084,1.50,1.70
2010.12.01 13:59:29.866,1.36056,1.3609,1.50,2.40
2010.12.01 13:59:29.982,1.36057,1.36083,1.50,1.70
2010.12.01 13:59:31.045,1.3605,1.36081,1.50,2.50
2010.12.01 13:59:31.715,1.36042,1.36079,1.50,1.30
2010.12.01 13:59:31.940,1.36049,1.36081,1.50,3.00
2010.12.01 13:59:32.733,1.36043,1.36069,1.50,1.70
2010.12.01 13:59:32.849,1.36043,1.36069,1.50,1.70
2010.12.01 13:59:33.179,1.36051,1.36083,1.50,2.80
2010.12.01 13:59:34.242,1.36046,1.36069,1.50,1.70
2010.12.01 13:59:34.808,1.36037,1.36069,1.50,2.50
2010.12.01 13:59:34.958,1.3603,1.36056,3.00,1.70
2010.12.01 13:59:35.623,1.3603,1.36056,1.50,1.80
2010.12.01 13:59:35.748,1.36025,1.36056,1.50,2.60
2010.12.01 13:59:36.418,1.36029,1.36056,1.70,4.00
2010.12.01 13:59:36.749,1.36025,1.36056,3.20,2.60
2010.12.01 13:59:37.376,1.36027,1.36055,1.50,1.80
2010.12.01 13:59:37.785,1.3603,1.36056,1.50,1.70
2010.12.01 13:59:37.915,1.3603,1.36055,1.50,1.80
2010.12.01 13:59:38.257,1.3603,1.36042,1.50,1.70
2010.12.01 13:59:38.765,1.36017,1.36048,1.50,2.40
2010.12.01 13:59:39.546,1.36018,1.36048,1.50,4.80
2010.12.01 13:59:40.447,1.3602,1.36052,1.50,2.40
2010.12.01 13:59:40.787,1.3602,1.36041,1.50,1.70
2010.12.01 13:59:41.292,1.3602,1.36051,1.50,2.60
2010.12.01 13:59:43.123,1.36023,1.36051,1.50,1.90
2010.12.01 13:59:43.237,1.36025,1.36051,1.50,1.80
2010.12.01 13:59:43.832,1.36025,1.36051,1.50,1.80
2010.12.01 13:59:44.285,1.36025,1.36051,1.50,1.70
2010.12.01 13:59:44.837,1.36026,1.36057,1.50,6.40
2010.12.01 13:59:45.056,1.36027,1.36057,1.50,6.40
2010.12.01 13:59:47.537,1.36027,1.36057,1.50,6.50
2010.12.01 13:59:48.429,1.36027,1.36056,1.50,2.10
2010.12.01 13:59:49.232,1.36027,1.36056,1.50,1.90
2010.12.01 13:59:49.904,1.36027,1.36056,1.50,4.50
2010.12.01 13:59:51.328,1.36022,1.36056,1.50,2.60
2010.12.01 13:59:51.441,1.36022,1.36053,1.50,1.10
2010.12.01 13:59:51.814,1.36022,1.36053,1.50,1.60
2010.12.01 13:59:51.974,1.36019,1.36054,1.50,1.60
2010.12.01 13:59:52.090,1.36024,1.36054,1.50,1.50
2010.12.01 13:59:52.990,1.36024,1.36053,1.50,2.30
2010.12.01 13:59:55.879,1.36024,1.36045,1.50,1.70
2010.12.01 13:59:55.987,1.36019,1.36045,1.50,1.70
2010.12.01 13:59:57.088,1.36019,1.36053,1.50,1.40
2010.12.01 13:59:58.017,1.36019,1.36045,1.50,1.80
2010.12.01 13:59:58.237,1.36016,1.36045,1.50,2.70
2010.12.01 13:59:59.102,1.36016,1.36045,1.50,5.10
2010.12.01 13:59:59.329,1.36006,1.3604,1.20,1.80
2010.12.01 13:59:59.443,1.36003,1.3604,1.50,1.90
2010.12.01 13:59:59.557,1.36003,1.3604,1.50,4.20
