2010.11.30 12:00:00.498,1.35581,1.35611,1.50,1.20
2010.11.30 12:00:03.125,1.35578,1.35604,1.50,1.70
2010.11.30 12:00:03.246,1.35581,1.35613,1.50,2.50
2010.11.30 12:00:05.078,1.35581,1.35613,1.70,1.10
2010.11.30 12:00:05.196,1.35587,1.35618,1.50,2.50
2010.11.30 12:00:06.067,1.35593,1.35619,1.70,2.50
2010.11.30 12:00:06.186,1.35583,1.35618,1.50,8.90
2010.11.30 12:00:07.064,1.35574,1.35606,1.70,1.10
2010.11.30 12:00:07.182,1.3557,1.35604,1.50,1.20
2010.11.30 12:00:07.403,1.35571,1.35606,1.70,2.60
2010.11.30 12:00:07.820,1.35576,1.35613,1.50,2.50
2010.11.30 12:00:08.378,1.35584,1.35614,2.40,2.60
2010.11.30 12:00:08.659,1.35583,1.35617,2.40,2.40
2010.11.30 12:00:09.033,1.35579,1.35604,1.50,1.50
2010.11.30 12:00:09.148,1.35574,1.35603,1.60,1.90
2010.11.30 12:00:09.519,1.35571,1.35606,1.80,2.50
2010.11.30 12:00:09.641,1.35567,1.35601,1.50,2.50
2010.11.30 12:00:09.756,1.35567,1.35598,1.50,1.20
2010.11.30 12:00:10.836,1.35574,1.35602,2.40,2.50
2010.11.30 12:00:12.586,1.3557,1.356,1.50,4.20
2010.11.30 12:00:13.223,1.3557,1.35599,1.50,1.90
2010.11.30 12:00:14.354,1.35574,1.35599,1.50,1.90
2010.11.30 12:00:15.244,1.35574,1.35605,1.50,1.50
2010.11.30 12:00:15.573,1.35574,1.35599,1.50,1.70
2010.11.30 12:00:16.099,1.35566,1.35597,1.50,2.40
2010.11.30 12:00:16.215,1.35563,1.35589,2.30,1.70
2010.11.30 12:00:16.324,1.35563,1.35589,2.30,1.70
2010.11.30 12:00:16.434,1.35564,1.35598,2.30,1.30
2010.11.30 12:00:16.544,1.35568,1.356,1.70,2.80
2010.11.30 12:00:16.930,1.35567,1.356,1.50,2.60
2010.11.30 12:00:18.171,1.35578,1.35603,2.40,1.50
2010.11.30 12:00:18.290,1.35584,1.35606,1.50,2.60
2010.11.30 12:00:18.584,1.35578,1.35611,3.20,2.70
2010.11.30 12:00:18.729,1.35577,1.356,1.50,1.70
2010.11.30 12:00:20.194,1.35575,1.356,1.50,1.70
2010.11.30 12:00:20.696,1.35584,1.35611,1.70,2.10
2010.11.30 12:00:21.249,1.35589,1.356,1.70,1.50
2010.11.30 12:00:21.402,1.35584,1.35616,1.50,2.70
2010.11.30 12:00:21.732,1.35587,1.35616,1.50,2.70
2010.11.30 12:00:23.821,1.3559,1.35616,3.20,1.50
2010.11.30 12:00:24.492,1.35585,1.3561,1.50,1.70
2010.11.30 12:00:25.013,1.35587,1.35619,1.50,1.10
2010.11.30 12:00:25.122,1.35589,1.35619,1.50,1.10
2010.11.30 12:00:26.653,1.35589,1.35625,1.50,4.80
2010.11.30 12:00:26.763,1.35591,1.35625,1.50,4.80
2010.11.30 12:00:32.096,1.35591,1.35621,1.50,10.30
2010.11.30 12:00:32.563,1.35591,1.35621,1.50,4.40
2010.11.30 12:00:32.673,1.35591,1.35621,1.50,4.40
2010.11.30 12:00:33.335,1.35591,1.35621,1.50,10.30
2010.11.30 12:00:33.562,1.35591,1.35621,1.50,10.30
2010.11.30 12:00:33.992,1.35591,1.35624,1.50,2.50
2010.11.30 12:00:34.664,1.35593,1.35623,1.50,1.10
2010.11.30 12:00:34.896,1.35595,1.35623,1.50,1.10
2010.11.30 12:00:35.233,1.35595,1.35623,1.50,1.80
2010.11.30 12:00:35.734,1.35592,1.35611,1.50,1.70
2010.11.30 12:00:35.872,1.35594,1.35625,1.50,1.10
2010.11.30 12:00:43.265,1.35594,1.35629,1.50,1.30
2010.11.30 12:00:43.487,1.35597,1.35629,1.50,1.30
2010.11.30 12:00:43.818,1.35598,1.3563,1.50,1.70
2010.11.30 12:00:44.049,1.356,1.3563,1.50,1.70
2010.11.30 12:00:44.164,1.35607,1.35633,1.50,1.50
2010.11.30 12:00:44.709,1.35609,1.35636,1.50,1.70
2010.11.30 12:00:45.154,1.35617,1.35643,1.50,6.10
2010.11.30 12:00:45.445,1.35617,1.35645,1.50,2.60
2010.11.30 12:00:45.577,1.35609,1.35637,1.50,1.10
2010.11.30 12:00:45.804,1.35606,1.35637,1.50,1.10
2010.11.30 12:00:46.551,1.3561,1.35638,1.50,2.50
2010.11.30 12:00:47.008,1.35617,1.35644,1.50,1.50
2010.11.30 12:00:47.618,1.35623,1.35645,1.50,1.70
2010.11.30 12:00:47.739,1.35616,1.35645,1.50,2.60
2010.11.30 12:00:48.302,1.35606,1.35625,1.50,1.70
2010.11.30 12:00:48.421,1.35602,1.35626,1.50,1.70
2010.11.30 12:00:48.917,1.35604,1.35628,1.50,1.50
2010.11.30 12:00:49.146,1.35604,1.35631,1.50,1.50
2010.11.30 12:00:49.564,1.35604,1.35635,1.50,2.50
2010.11.30 12:00:53.273,1.35607,1.35639,1.50,2.50
2010.11.30 12:00:54.384,1.35608,1.35642,1.50,2.50
2010.11.30 12:00:58.155,1.35608,1.35647,1.50,2.50
2010.11.30 12:00:58.777,1.3561,1.35646,1.50,2.50
2010.11.30 12:00:58.905,1.35609,1.35646,1.50,2.50
2010.11.30 12:00:59.997,1.35613,1.35643,1.50,1.10
2010.11.30 12:01:00.223,1.35621,1.3565,1.50,1.30
2010.11.30 12:01:00.753,1.3562,1.35653,1.50,2.40
2010.11.30 12:01:00.878,1.35623,1.3566,1.50,2.00
2010.11.30 12:01:01.542,1.35621,1.35652,1.50,2.80
2010.11.30 12:01:02.136,1.35621,1.35652,1.50,5.30
2010.11.30 12:01:02.474,1.3562,1.35642,1.50,1.70
2010.11.30 12:01:03.396,1.35624,1.35651,1.50,1.90
2010.11.30 12:01:05.368,1.35623,1.35651,2.30,2.60
2010.11.30 12:01:05.851,1.35617,1.35658,1.50,7.30
2010.11.30 12:01:06.074,1.35618,1.35658,1.50,7.30
2010.11.30 12:01:09.464,1.35617,1.35648,2.40,2.60
2010.11.30 12:01:09.904,1.35611,1.35646,1.50,1.20
2010.11.30 12:01:10.513,1.35615,1.35646,1.50,1.20
2010.11.30 12:01:11.404,1.35617,1.35648,5.60,2.60
2010.11.30 12:01:11.518,1.3562,1.35657,1.70,5.20
2010.11.30 12:01:11.636,1.35625,1.35657,1.50,3.00
2010.11.30 12:01:15.453,1.35622,1.35658,1.50,1.70
2010.11.30 12:01:18.319,1.35627,1.35653,1.70,1.10
2010.11.30 12:01:18.667,1.35618,1.35652,1.50,1.10
2010.11.30 12:01:19.188,1.35625,1.3566,1.50,1.10
2010.11.30 12:01:19.417,1.3562,1.35654,1.50,1.10
2010.11.30 12:01:21.201,1.35618,1.35638,1.50,1.70
2010.11.30 12:01:21.316,1.35618,1.3565,1.50,1.60
2010.11.30 12:01:24.775,1.35618,1.35651,1.50,2.60
2010.11.30 12:01:25.060,1.35618,1.35651,1.50,2.10
2010.11.30 12:01:25.196,1.35618,1.35649,1.50,2.50
2010.11.30 12:01:25.666,1.35615,1.35647,1.50,2.60
2010.11.30 12:01:25.927,1.3561,1.35647,1.50,2.60
2010.11.30 12:01:26.058,1.3561,1.35647,1.50,2.60
2010.11.30 12:01:34.355,1.35617,1.35649,1.50,2.50
2010.11.30 12:01:34.598,1.35616,1.35653,1.50,2.80
2010.11.30 12:01:34.926,1.35617,1.35647,1.50,1.10
2010.11.30 12:01:36.134,1.35617,1.35643,1.50,1.10
2010.11.30 12:01:36.544,1.35612,1.35641,1.50,1.10
2010.11.30 12:01:38.678,1.35617,1.35643,1.70,1.10
2010.11.30 12:01:39.508,1.35617,1.35644,1.70,1.10
2010.11.30 12:01:40.729,1.35617,1.35645,1.70,1.30
2010.11.30 12:01:40.847,1.35617,1.35644,1.70,1.10
2010.11.30 12:01:41.359,1.35617,1.35644,1.70,1.10
2010.11.30 12:01:41.614,1.35617,1.35644,1.70,1.10
2010.11.30 12:01:42.643,1.35617,1.35644,1.70,1.10
2010.11.30 12:01:45.111,1.35617,1.35644,1.70,1.10
2010.11.30 12:01:45.653,1.35617,1.35644,1.70,1.10
2010.11.30 12:01:46.114,1.35612,1.35637,1.50,1.80
2010.11.30 12:01:46.385,1.35608,1.35636,1.50,1.10
2010.11.30 12:01:46.765,1.35601,1.3563,1.50,1.10
2010.11.30 12:01:47.093,1.35601,1.35634,1.50,1.10
2010.11.30 12:01:47.202,1.35605,1.35635,1.50,1.10
2010.11.30 12:01:47.855,1.35607,1.35638,1.50,7.00
2010.11.30 12:01:48.187,1.3561,1.35641,1.50,1.10
2010.11.30 12:01:48.424,1.35611,1.35642,1.50,1.10
2010.11.30 12:01:48.759,1.3561,1.35637,1.70,1.70
2010.11.30 12:01:49.032,1.35617,1.35645,1.70,1.30
2010.11.30 12:01:49.153,1.3561,1.35644,1.70,1.10
2010.11.30 12:01:50.286,1.35633,1.35657,1.50,2.00
2010.11.30 12:01:50.764,1.35638,1.3566,1.70,5.70
2010.11.30 12:01:50.889,1.35638,1.3566,1.70,1.40
2010.11.30 12:01:51.388,1.35632,1.3566,1.70,1.80
2010.11.30 12:01:51.515,1.35637,1.35667,1.70,1.10
2010.11.30 12:01:51.914,1.35641,1.35667,1.70,1.10
2010.11.30 12:01:52.430,1.35641,1.35671,1.50,1.20
2010.11.30 12:01:52.589,1.35645,1.35675,1.70,1.10
2010.11.30 12:01:53.516,1.35642,1.35671,3.20,1.10
2010.11.30 12:01:55.047,1.35642,1.3567,3.20,1.10
2010.11.30 12:01:56.243,1.35642,1.3567,3.20,1.10
2010.11.30 12:01:57.275,1.35642,1.3567,3.20,1.30
2010.11.30 12:01:57.846,1.35642,1.3567,3.20,1.10
2010.11.30 12:01:58.079,1.35642,1.3567,1.50,2.20
2010.11.30 12:01:58.196,1.35642,1.3567,1.50,1.10
2010.11.30 12:01:58.533,1.35642,1.35671,1.50,1.20
2010.11.30 12:01:59.401,1.35642,1.35679,3.40,1.10
2010.11.30 12:01:59.521,1.35642,1.35684,3.40,2.20
2010.11.30 12:01:59.638,1.35646,1.35683,1.50,1.30
2010.11.30 12:02:00.942,1.35645,1.35673,1.50,2.10
2010.11.30 12:02:01.170,1.35654,1.35676,1.70,1.30
2010.11.30 12:02:01.475,1.35653,1.35676,1.70,1.20
2010.11.30 12:02:01.604,1.3564,1.35667,2.40,1.90
2010.11.30 12:02:01.826,1.3564,1.35667,1.70,2.10
2010.11.30 12:02:02.144,1.35635,1.35663,1.50,1.70
2010.11.30 12:02:03.034,1.35636,1.35663,1.50,1.90
2010.11.30 12:02:03.477,1.35639,1.35668,1.70,2.70
2010.11.30 12:02:03.594,1.35639,1.35667,3.20,1.10
2010.11.30 12:02:05.012,1.35639,1.35668,3.20,5.20
2010.11.30 12:02:05.263,1.35639,1.35667,3.20,1.10
2010.11.30 12:02:05.649,1.35636,1.35664,1.50,1.10
2010.11.30 12:02:06.008,1.35638,1.35669,1.50,1.10
2010.11.30 12:02:06.434,1.35645,1.3567,1.50,1.80
2010.11.30 12:02:06.557,1.35642,1.35669,1.70,1.30
2010.11.30 12:02:06.678,1.35637,1.35669,2.50,1.10
2010.11.30 12:02:07.356,1.35634,1.35672,1.50,1.60
2010.11.30 12:02:07.595,1.35634,1.35675,2.10,1.10
2010.11.30 12:02:07.736,1.35643,1.35676,1.50,4.80
2010.11.30 12:02:07.858,1.35643,1.35678,1.50,1.10
2010.11.30 12:02:08.109,1.35643,1.35678,1.50,1.10
2010.11.30 12:02:08.229,1.35646,1.35678,1.50,1.10
2010.11.30 12:02:08.459,1.35644,1.35674,1.50,1.10
2010.11.30 12:02:10.103,1.35629,1.3566,1.50,1.70
2010.11.30 12:02:10.879,1.35629,1.3566,3.20,2.00
2010.11.30 12:02:12.244,1.35637,1.35664,1.70,2.60
2010.11.30 12:02:12.745,1.35632,1.35661,1.50,1.70
2010.11.30 12:02:12.866,1.35632,1.35661,1.50,2.60
2010.11.30 12:02:13.375,1.35633,1.35661,1.50,1.90
2010.11.30 12:02:15.980,1.35637,1.35661,1.50,1.90
2010.11.30 12:02:16.423,1.35636,1.3567,3.10,1.20
2010.11.30 12:02:17.754,1.35646,1.35671,1.60,1.10
2010.11.30 12:02:18.278,1.35651,1.35678,1.70,2.60
2010.11.30 12:02:18.394,1.35645,1.35674,1.60,2.60
2010.11.30 12:02:19.060,1.35651,1.35678,1.90,2.60
2010.11.30 12:02:19.506,1.35651,1.35678,1.90,2.60
2010.11.30 12:02:20.407,1.35651,1.35678,2.60,2.60
2010.11.30 12:02:20.635,1.35666,1.35692,1.70,4.20
2010.11.30 12:02:21.096,1.35666,1.35692,1.90,2.60
2010.11.30 12:02:21.231,1.35671,1.35702,2.40,2.60
2010.11.30 12:02:23.374,1.35671,1.35702,2.50,2.60
2010.11.30 12:02:24.465,1.35671,1.35702,2.60,2.60
2010.11.30 12:02:24.587,1.35669,1.35693,1.50,1.70
2010.11.30 12:02:25.296,1.35677,1.35704,1.70,1.90
2010.11.30 12:02:25.526,1.35685,1.35709,1.70,1.90
2010.11.30 12:02:25.893,1.35678,1.3571,1.50,2.60
2010.11.30 12:02:26.007,1.35682,1.3571,1.70,2.60
2010.11.30 12:02:26.321,1.35682,1.35709,1.70,1.70
2010.11.30 12:02:26.439,1.35672,1.35703,2.30,1.20
2010.11.30 12:02:26.558,1.35666,1.357,1.50,1.20
2010.11.30 12:02:27.111,1.35666,1.357,1.50,1.20
2010.11.30 12:02:27.229,1.35662,1.357,1.50,1.50
2010.11.30 12:02:27.345,1.35662,1.357,1.50,1.50
2010.11.30 12:02:28.749,1.35663,1.35682,1.50,1.70
2010.11.30 12:02:29.177,1.35661,1.35691,1.50,1.30
2010.11.30 12:02:29.295,1.3566,1.35691,1.50,2.80
2010.11.30 12:02:29.688,1.3566,1.35691,1.50,2.80
2010.11.30 12:02:30.910,1.3566,1.35691,1.50,2.80
2010.11.30 12:02:31.244,1.35664,1.35703,3.20,1.10
2010.11.30 12:02:31.353,1.35667,1.35703,1.50,1.10
2010.11.30 12:02:32.404,1.35674,1.35705,1.70,6.10
2010.11.30 12:02:32.777,1.35674,1.35705,1.70,5.20
2010.11.30 12:02:32.894,1.35674,1.35705,1.70,5.20
2010.11.30 12:02:35.375,1.35674,1.35705,1.80,2.60
2010.11.30 12:02:35.952,1.35671,1.35695,1.70,1.70
2010.11.30 12:02:36.373,1.35671,1.35695,1.50,1.70
2010.11.30 12:02:37.111,1.35679,1.35704,1.70,1.30
2010.11.30 12:02:37.230,1.35676,1.35701,1.50,1.70
2010.11.30 12:02:39.325,1.35676,1.35701,1.50,1.80
2010.11.30 12:02:39.970,1.35676,1.35702,1.50,2.00
2010.11.30 12:02:40.116,1.35663,1.3569,3.10,1.90
2010.11.30 12:02:40.238,1.35663,1.3569,1.50,2.10
2010.11.30 12:02:40.682,1.3566,1.3569,1.50,2.10
2010.11.30 12:02:40.796,1.35658,1.3569,1.50,2.80
2010.11.30 12:02:42.815,1.35655,1.35689,1.50,1.10
2010.11.30 12:02:43.101,1.35653,1.35689,1.50,1.10
2010.11.30 12:02:45.592,1.35659,1.3569,1.70,2.00
2010.11.30 12:02:47.010,1.35659,1.35687,2.40,1.30
2010.11.30 12:02:47.459,1.35655,1.35684,1.50,1.10
2010.11.30 12:02:48.021,1.35655,1.35681,1.50,2.00
2010.11.30 12:02:48.382,1.3565,1.3568,1.50,1.10
2010.11.30 12:02:48.884,1.35649,1.35681,2.40,5.20
2010.11.30 12:02:49.324,1.3565,1.35685,3.20,1.70
2010.11.30 12:02:49.569,1.35654,1.35685,1.50,1.70
2010.11.30 12:02:50.927,1.35656,1.35686,1.50,1.30
2010.11.30 12:02:51.091,1.35658,1.35686,1.50,1.30
2010.11.30 12:02:51.315,1.35652,1.35687,1.70,1.50
2010.11.30 12:02:54.604,1.35652,1.3568,1.70,1.70
2010.11.30 12:02:55.943,1.35654,1.35685,1.70,1.30
2010.11.30 12:02:57.464,1.35654,1.3568,1.50,1.90
2010.11.30 12:02:57.927,1.35666,1.35699,1.50,5.20
2010.11.30 12:02:58.046,1.35666,1.35699,1.50,2.60
2010.11.30 12:02:58.165,1.35672,1.35702,1.50,2.50
2010.11.30 12:02:58.507,1.35672,1.35702,1.50,1.50
2010.11.30 12:02:58.648,1.35672,1.35708,1.50,2.50
2010.11.30 12:02:58.766,1.35672,1.35708,1.50,4.10
2010.11.30 12:02:59.393,1.35674,1.35706,1.50,1.10
2010.11.30 12:02:59.614,1.35672,1.35707,1.50,1.10
2010.11.30 12:02:59.948,1.35665,1.35697,1.50,1.20
2010.11.30 12:03:00.068,1.35665,1.35694,1.50,2.60
2010.11.30 12:03:00.371,1.35665,1.35685,1.50,1.70
2010.11.30 12:03:00.506,1.3566,1.35685,1.50,1.70
2010.11.30 12:03:01.484,1.3566,1.35694,1.50,2.60
2010.11.30 12:03:01.802,1.3566,1.35684,1.50,1.70
2010.11.30 12:03:02.398,1.35664,1.35689,1.50,1.70
2010.11.30 12:03:02.514,1.35664,1.35689,1.50,1.90
2010.11.30 12:03:02.734,1.35654,1.35685,1.70,2.60
2010.11.30 12:03:03.220,1.35662,1.35691,1.70,2.50
2010.11.30 12:03:03.345,1.35655,1.35691,1.50,2.50
2010.11.30 12:03:03.454,1.35662,1.35692,1.70,1.30
2010.11.30 12:03:03.566,1.35662,1.35693,1.70,1.10
2010.11.30 12:03:04.107,1.35672,1.35695,1.70,2.80
2010.11.30 12:03:04.229,1.35663,1.35696,1.70,2.80
2010.11.30 12:03:04.347,1.3566,1.35695,1.50,2.60
2010.11.30 12:03:04.664,1.35658,1.35691,1.50,1.20
2010.11.30 12:03:04.805,1.35657,1.35683,1.60,1.90
2010.11.30 12:03:04.920,1.35648,1.35683,1.50,1.70
2010.11.30 12:03:05.041,1.35647,1.35681,1.50,1.70
2010.11.30 12:03:05.155,1.35653,1.35683,1.70,2.50
2010.11.30 12:03:05.536,1.35652,1.35683,1.50,2.60
2010.11.30 12:03:13.153,1.35654,1.35687,1.50,1.40
2010.11.30 12:03:13.564,1.35665,1.35694,2.10,1.90
2010.11.30 12:03:13.703,1.35677,1.35707,1.50,3.60
2010.11.30 12:03:13.922,1.35677,1.35707,1.50,1.50
2010.11.30 12:03:14.269,1.35677,1.35699,1.50,1.70
2010.11.30 12:03:14.643,1.35682,1.35704,1.50,1.70
2010.11.30 12:03:14.755,1.35682,1.35712,1.50,1.50
2010.11.30 12:03:15.269,1.35682,1.35714,1.50,1.80
2010.11.30 12:03:15.387,1.35682,1.35714,1.50,1.60
2010.11.30 12:03:15.505,1.35682,1.35713,1.50,4.80
2010.11.30 12:03:15.904,1.3568,1.35702,1.50,1.70
2010.11.30 12:03:16.123,1.3568,1.35702,1.50,1.70
2010.11.30 12:03:17.422,1.35674,1.35702,1.50,2.60
2010.11.30 12:03:17.938,1.35674,1.35702,1.50,4.20
2010.11.30 12:03:18.163,1.35674,1.35702,1.50,2.60
2010.11.30 12:03:18.958,1.35671,1.35692,1.50,1.70
2010.11.30 12:03:19.088,1.35671,1.35695,1.50,1.50
2010.11.30 12:03:19.366,1.35671,1.357,1.50,1.70
2010.11.30 12:03:19.502,1.35669,1.35693,1.50,2.10
2010.11.30 12:03:19.622,1.35667,1.35699,1.50,1.10
2010.11.30 12:03:19.738,1.35668,1.35699,1.70,1.10
2010.11.30 12:03:20.063,1.35675,1.35707,2.40,1.70
2010.11.30 12:03:20.210,1.35678,1.35707,1.50,2.00
2010.11.30 12:03:21.516,1.35676,1.35706,1.50,2.60
2010.11.30 12:03:21.896,1.35671,1.35703,1.50,2.10
2010.11.30 12:03:22.132,1.35667,1.35696,1.60,1.70
2010.11.30 12:03:22.245,1.35675,1.35702,1.70,2.50
2010.11.30 12:03:22.608,1.35686,1.3571,1.70,2.50
2010.11.30 12:03:22.725,1.35686,1.35715,1.70,2.60
2010.11.30 12:03:22.864,1.35686,1.35715,1.70,2.50
2010.11.30 12:03:23.121,1.35686,1.35708,1.70,1.50
2010.11.30 12:03:23.240,1.35684,1.35714,1.50,1.20
2010.11.30 12:03:23.574,1.35681,1.35714,1.50,1.60
2010.11.30 12:03:25.160,1.35686,1.35712,1.70,1.10
2010.11.30 12:03:25.385,1.35681,1.35711,1.50,1.10
2010.11.30 12:03:25.493,1.35679,1.35711,1.50,1.10
2010.11.30 12:03:25.692,1.35677,1.35711,1.50,1.10
2010.11.30 12:03:28.574,1.35679,1.35712,1.50,4.80
2010.11.30 12:03:28.697,1.35683,1.35714,1.70,2.50
2010.11.30 12:03:30.467,1.35683,1.35713,1.90,2.50
2010.11.30 12:03:30.790,1.35693,1.35713,1.70,2.00
2010.11.30 12:03:30.925,1.35682,1.35711,1.70,2.70
2010.11.30 12:03:32.435,1.35672,1.35701,2.60,2.40
2010.11.30 12:03:32.654,1.35673,1.35706,2.60,2.50
2010.11.30 12:03:33.417,1.35673,1.35706,2.60,2.50
2010.11.30 12:03:34.423,1.35674,1.35707,1.10,2.50
2010.11.30 12:03:34.537,1.35676,1.3571,1.30,2.50
2010.11.30 12:03:34.654,1.35677,1.35714,2.90,2.50
2010.11.30 12:03:34.765,1.35683,1.35717,1.50,2.50
2010.11.30 12:03:35.437,1.35683,1.35719,1.50,2.60
2010.11.30 12:03:35.777,1.35686,1.35716,1.50,2.40
2010.11.30 12:03:36.023,1.35681,1.35716,1.50,2.40
2010.11.30 12:03:36.160,1.3569,1.35716,1.50,2.50
2010.11.30 12:03:36.753,1.35698,1.35724,1.50,1.70
2010.11.30 12:03:36.867,1.35687,1.35716,1.50,1.50
2010.11.30 12:03:37.446,1.35688,1.35716,1.50,2.50
2010.11.30 12:03:37.570,1.35687,1.35718,1.50,1.70
2010.11.30 12:03:40.051,1.35687,1.35719,3.30,2.60
2010.11.30 12:03:40.385,1.35685,1.35709,1.50,1.70
2010.11.30 12:03:40.495,1.35687,1.35718,2.40,2.50
2010.11.30 12:03:40.802,1.35695,1.35709,1.50,1.70
2010.11.30 12:03:40.920,1.35695,1.35724,1.50,1.20
2010.11.30 12:03:41.696,1.35693,1.35723,1.50,1.10
2010.11.30 12:03:41.927,1.3569,1.35727,1.90,5.90
2010.11.30 12:03:43.552,1.35694,1.35724,1.50,2.50
2010.11.30 12:03:44.146,1.35691,1.35722,1.90,1.10
2010.11.30 12:03:44.263,1.35691,1.35719,1.50,1.10
2010.11.30 12:03:45.217,1.35687,1.35719,1.50,2.50
2010.11.30 12:03:45.826,1.35692,1.3572,2.40,1.50
2010.11.30 12:03:45.946,1.35692,1.35723,3.30,1.50
2010.11.30 12:03:46.064,1.35701,1.35729,1.70,2.50
2010.11.30 12:03:47.067,1.35699,1.35729,1.50,2.50
2010.11.30 12:03:48.056,1.35693,1.35722,1.50,2.50
2010.11.30 12:03:48.563,1.35697,1.35725,1.50,2.50
2010.11.30 12:03:49.103,1.35697,1.35726,1.50,2.50
2010.11.30 12:03:54.167,1.35697,1.35726,1.50,2.30
2010.11.30 12:03:54.667,1.35701,1.3572,2.40,1.70
2010.11.30 12:03:54.835,1.35691,1.35718,1.70,2.60
2010.11.30 12:03:54.944,1.35691,1.35718,1.70,1.90
2010.11.30 12:03:55.923,1.35691,1.35718,1.70,2.60
2010.11.30 12:03:57.066,1.35691,1.35718,2.60,2.60
2010.11.30 12:03:57.533,1.35687,1.3572,1.70,2.60
2010.11.30 12:03:57.649,1.35687,1.35716,1.50,1.50
2010.11.30 12:03:59.473,1.3569,1.35718,2.70,2.50
2010.11.30 12:03:59.692,1.3569,1.35718,2.60,2.50
2010.11.30 12:03:59.803,1.35693,1.35718,1.50,1.50
2010.11.30 12:03:59.914,1.35693,1.35724,1.50,1.30
2010.11.30 12:04:00.695,1.35693,1.35728,1.60,5.30
2010.11.30 12:04:01.132,1.35697,1.35733,1.50,2.50
2010.11.30 12:04:01.353,1.35701,1.35733,1.50,2.50
2010.11.30 12:04:09.976,1.35705,1.35732,1.70,2.50
2010.11.30 12:04:10.099,1.35705,1.35734,2.40,2.50
2010.11.30 12:04:10.762,1.35702,1.35732,1.50,2.60
2010.11.30 12:04:11.898,1.35706,1.35736,2.40,1.90
2010.11.30 12:04:12.239,1.35696,1.35726,1.50,1.90
2010.11.30 12:04:12.579,1.35705,1.3573,1.70,1.20
2010.11.30 12:04:12.706,1.35695,1.35722,1.60,1.90
2010.11.30 12:04:15.103,1.35695,1.35726,3.30,2.60
2010.11.30 12:04:16.034,1.35698,1.3573,1.50,2.50
2010.11.30 12:04:16.270,1.35698,1.35735,1.70,2.50
2010.11.30 12:04:16.389,1.35706,1.35737,2.60,2.50
2010.11.30 12:04:17.520,1.3571,1.3574,1.70,1.30
2010.11.30 12:04:18.144,1.35719,1.3574,1.70,1.30
2010.11.30 12:04:18.254,1.35719,1.35743,1.70,2.50
2010.11.30 12:04:21.256,1.35715,1.35743,1.10,1.30
2010.11.30 12:04:21.381,1.3572,1.35744,1.70,2.50
2010.11.30 12:04:21.604,1.3572,1.35743,1.70,2.50
2010.11.30 12:04:21.713,1.35713,1.35743,1.60,2.50
2010.11.30 12:04:22.029,1.35711,1.35743,1.10,2.50
2010.11.30 12:04:22.145,1.35711,1.35743,1.10,2.50
2010.11.30 12:04:23.878,1.3571,1.35741,1.70,1.30
2010.11.30 12:04:23.995,1.35709,1.3574,2.60,2.60
2010.11.30 12:04:24.356,1.3572,1.35742,1.70,1.70
2010.11.30 12:04:24.477,1.3571,1.35742,1.70,1.70
2010.11.30 12:04:24.706,1.35711,1.35742,1.50,2.50
2010.11.30 12:04:25.093,1.35713,1.35741,2.80,2.50
2010.11.30 12:04:25.211,1.35713,1.35743,3.40,2.50
2010.11.30 12:04:25.799,1.35714,1.35746,1.10,2.50
2010.11.30 12:04:26.117,1.35714,1.35746,1.10,2.50
2010.11.30 12:04:26.784,1.35715,1.35746,1.10,2.50
2010.11.30 12:04:27.274,1.35715,1.35746,1.30,2.50
2010.11.30 12:04:27.385,1.35715,1.35746,1.10,2.50
2010.11.30 12:04:28.046,1.35718,1.35746,1.10,2.50
2010.11.30 12:04:28.712,1.35717,1.3575,2.80,2.50
2010.11.30 12:04:28.825,1.35717,1.35749,2.80,2.60
2010.11.30 12:04:29.154,1.35717,1.35749,1.70,4.10
2010.11.30 12:04:29.520,1.35718,1.35749,1.10,4.10
2010.11.30 12:04:29.857,1.35721,1.35751,1.70,2.50
2010.11.30 12:04:30.416,1.35721,1.35751,1.70,2.50
2010.11.30 12:04:31.194,1.35717,1.3574,1.70,1.70
2010.11.30 12:04:31.515,1.35719,1.35747,2.60,1.70
2010.11.30 12:04:32.427,1.3572,1.35751,1.10,2.50
2010.11.30 12:04:33.013,1.3572,1.35751,1.10,2.50
2010.11.30 12:04:34.451,1.35719,1.35751,1.10,2.50
2010.11.30 12:04:35.556,1.35719,1.35751,1.10,2.50
2010.11.30 12:04:37.124,1.35719,1.35751,1.10,2.50
2010.11.30 12:04:37.458,1.35714,1.35748,2.70,2.60
2010.11.30 12:04:38.004,1.35714,1.35747,2.00,2.50
2010.11.30 12:04:38.974,1.35709,1.35737,1.10,2.60
2010.11.30 12:04:39.200,1.35707,1.3574,2.80,2.50
2010.11.30 12:04:39.777,1.35707,1.35738,1.70,2.60
2010.11.30 12:04:41.211,1.35705,1.35738,1.10,2.60
2010.11.30 12:04:41.450,1.35699,1.35728,1.70,1.70
2010.11.30 12:04:41.563,1.35698,1.35728,1.80,2.60
2010.11.30 12:04:42.173,1.35698,1.35728,1.70,2.60
2010.11.30 12:04:42.285,1.35699,1.35728,1.10,2.60
2010.11.30 12:04:42.734,1.35698,1.35728,1.70,2.60
2010.11.30 12:04:43.385,1.35698,1.35728,1.70,2.60
2010.11.30 12:04:43.707,1.35698,1.35728,1.50,6.50
2010.11.30 12:04:44.065,1.35693,1.35722,1.70,5.20
2010.11.30 12:04:44.192,1.35686,1.35717,1.70,2.60
2010.11.30 12:04:44.415,1.35686,1.35717,1.60,2.60
2010.11.30 12:04:46.050,1.35683,1.35706,1.50,1.70
2010.11.30 12:04:46.172,1.35681,1.35706,1.50,1.70
2010.11.30 12:04:46.505,1.35682,1.35716,1.70,2.60
2010.11.30 12:04:46.805,1.35686,1.35716,1.50,2.60
2010.11.30 12:04:46.938,1.35685,1.35717,1.70,1.90
2010.11.30 12:04:47.277,1.35687,1.35723,1.70,2.50
2010.11.30 12:04:47.674,1.35694,1.35723,1.50,1.70
2010.11.30 12:04:47.790,1.35696,1.35723,1.50,1.80
2010.11.30 12:04:48.024,1.3569,1.35717,1.50,1.90
2010.11.30 12:04:48.895,1.35691,1.35723,1.50,2.60
2010.11.30 12:04:49.438,1.35694,1.35728,1.90,1.30
2010.11.30 12:04:49.667,1.35694,1.3573,2.20,2.60
2010.11.30 12:04:49.973,1.35696,1.35731,1.90,2.60
2010.11.30 12:04:50.178,1.35699,1.35727,1.50,1.70
2010.11.30 12:04:50.404,1.35699,1.35723,1.50,1.70
2010.11.30 12:04:51.965,1.35699,1.35723,1.70,1.70
2010.11.30 12:04:52.124,1.35699,1.35732,1.80,4.10
2010.11.30 12:04:52.674,1.357,1.35732,1.10,2.60
2010.11.30 12:04:52.786,1.35703,1.35733,1.80,2.60
2010.11.30 12:04:55.778,1.35708,1.35734,1.70,2.50
2010.11.30 12:04:55.903,1.35702,1.35735,1.60,4.10
2010.11.30 12:04:56.015,1.35702,1.35735,1.80,4.10
2010.11.30 12:04:57.713,1.35703,1.35732,1.50,2.50
2010.11.30 12:04:58.373,1.35687,1.35715,1.70,1.10
2010.11.30 12:04:58.675,1.35687,1.35719,1.70,2.50
2010.11.30 12:04:58.825,1.35678,1.35713,1.60,5.20
2010.11.30 12:04:59.164,1.35677,1.35713,2.80,2.60
2010.11.30 12:04:59.520,1.35678,1.35713,1.70,4.10
2010.11.30 12:05:00.639,1.35679,1.35712,1.60,2.50
2010.11.30 12:05:00.777,1.35685,1.35713,1.50,2.60
2010.11.30 12:05:01.340,1.35688,1.35711,1.90,2.50
2010.11.30 12:05:01.567,1.35687,1.35713,2.30,2.50
2010.11.30 12:05:02.133,1.35687,1.35717,2.40,2.50
2010.11.30 12:05:02.253,1.35681,1.3571,1.20,2.50
2010.11.30 12:05:03.060,1.35678,1.35707,2.40,2.50
2010.11.30 12:05:03.176,1.35678,1.35707,2.40,2.50
2010.11.30 12:05:03.716,1.35678,1.35711,3.20,1.10
2010.11.30 12:05:03.843,1.35681,1.35715,1.50,1.60
2010.11.30 12:05:06.410,1.35688,1.35716,1.50,2.60
2010.11.30 12:05:06.865,1.35688,1.35712,1.50,1.50
2010.11.30 12:05:07.284,1.35688,1.35718,3.30,2.60
2010.11.30 12:05:07.726,1.35691,1.35722,2.70,2.50
2010.11.30 12:05:08.202,1.35702,1.3573,1.70,1.50
2010.11.30 12:05:08.326,1.35693,1.35727,1.20,2.60
2010.11.30 12:05:08.446,1.35693,1.35725,2.00,2.50
2010.11.30 12:05:09.073,1.35694,1.35727,1.50,4.50
2010.11.30 12:05:09.835,1.35694,1.35727,1.70,2.60
2010.11.30 12:05:10.298,1.35697,1.35733,3.40,2.50
2010.11.30 12:05:10.421,1.35703,1.35735,1.70,1.10
2010.11.30 12:05:10.544,1.35704,1.35735,1.50,1.10
2010.11.30 12:05:11.357,1.35697,1.35734,1.50,1.20
2010.11.30 12:05:12.233,1.35697,1.35728,1.50,2.50
2010.11.30 12:05:12.674,1.35693,1.35728,1.50,2.50
2010.11.30 12:05:12.885,1.35694,1.35728,1.50,2.50
2010.11.30 12:05:13.335,1.35694,1.3573,1.10,2.50
2010.11.30 12:05:13.555,1.35697,1.35724,1.50,1.90
2010.11.30 12:05:14.337,1.35695,1.35718,1.60,1.70
2010.11.30 12:05:14.855,1.35701,1.35719,1.70,1.30
2010.11.30 12:05:14.979,1.35692,1.35724,1.70,1.50
2010.11.30 12:05:15.412,1.35691,1.35723,3.20,2.50
2010.11.30 12:05:15.635,1.35697,1.35723,1.70,2.50
2010.11.30 12:05:16.186,1.35694,1.35724,1.60,2.50
2010.11.30 12:05:17.565,1.35694,1.35719,1.60,1.50
2010.11.30 12:05:17.783,1.3569,1.35719,1.70,1.50
2010.11.30 12:05:18.923,1.3569,1.35713,1.50,1.70
2010.11.30 12:05:19.895,1.35687,1.35713,1.50,1.70
2010.11.30 12:05:20.359,1.35687,1.35721,1.60,1.20
2010.11.30 12:05:20.889,1.35687,1.3572,1.50,4.50
2010.11.30 12:05:21.017,1.35687,1.35712,1.50,2.10
2010.11.30 12:05:21.245,1.35677,1.35711,1.50,1.10
2010.11.30 12:05:21.761,1.3568,1.35713,1.50,2.60
2010.11.30 12:05:21.881,1.35684,1.35713,1.50,2.60
2010.11.30 12:05:24.554,1.35684,1.35712,1.50,7.50
2010.11.30 12:05:24.667,1.35677,1.35703,1.50,1.70
2010.11.30 12:05:24.962,1.35673,1.35703,1.20,1.70
2010.11.30 12:05:25.598,1.35677,1.35703,1.50,1.70
2010.11.30 12:05:25.935,1.35677,1.35701,1.50,1.90
2010.11.30 12:05:26.045,1.35673,1.35701,1.50,2.80
2010.11.30 12:05:26.264,1.35667,1.35701,1.50,2.20
2010.11.30 12:05:26.375,1.35667,1.357,1.50,1.10
2010.11.30 12:05:27.297,1.35663,1.35692,1.50,2.30
2010.11.30 12:05:27.437,1.35664,1.35691,1.50,1.70
2010.11.30 12:05:27.803,1.35663,1.35698,2.80,2.50
2010.11.30 12:05:28.394,1.35668,1.357,1.60,2.50
2010.11.30 12:05:28.834,1.35668,1.35701,1.70,2.50
2010.11.30 12:05:29.791,1.35668,1.35699,1.50,1.90
2010.11.30 12:05:30.125,1.35661,1.35691,1.70,2.60
2010.11.30 12:05:30.793,1.35661,1.35691,1.70,2.60
2010.11.30 12:05:30.903,1.35661,1.35691,1.70,2.60
2010.11.30 12:05:31.013,1.35661,1.35691,1.60,2.60
2010.11.30 12:05:31.360,1.35658,1.35691,1.50,5.20
2010.11.30 12:05:31.579,1.35658,1.35691,1.70,2.60
2010.11.30 12:05:31.823,1.35663,1.35697,1.70,2.50
2010.11.30 12:05:32.260,1.35663,1.35701,1.60,5.70
2010.11.30 12:05:32.378,1.35659,1.35691,1.60,2.60
2010.11.30 12:05:32.845,1.35659,1.35691,1.50,2.60
2010.11.30 12:05:33.405,1.35658,1.35681,1.50,1.70
2010.11.30 12:05:33.638,1.35655,1.35681,1.50,1.90
2010.11.30 12:05:33.788,1.35653,1.3569,1.70,1.50
2010.11.30 12:05:33.904,1.35657,1.3569,1.50,1.50
2010.11.30 12:05:34.509,1.35657,1.35681,1.50,1.70
2010.11.30 12:05:34.954,1.35651,1.35679,1.70,1.90
2010.11.30 12:05:35.450,1.35641,1.35675,1.70,2.50
2010.11.30 12:05:35.988,1.35644,1.3568,3.40,2.80
2010.11.30 12:05:36.113,1.35649,1.3568,1.50,2.50
2010.11.30 12:05:36.845,1.35647,1.3568,1.50,2.50
2010.11.30 12:05:36.954,1.35644,1.3568,1.50,2.50
2010.11.30 12:05:38.238,1.35644,1.3568,4.00,1.30
2010.11.30 12:05:38.782,1.35647,1.35683,1.70,2.80
2010.11.30 12:05:38.925,1.3565,1.35675,1.50,1.70
2010.11.30 12:05:39.265,1.3565,1.35675,1.50,2.10
2010.11.30 12:05:39.624,1.35639,1.35666,1.60,1.90
2010.11.30 12:05:39.954,1.35639,1.35666,1.50,1.90
2010.11.30 12:05:40.508,1.3564,1.35675,1.10,2.80
2010.11.30 12:05:40.628,1.35639,1.35675,1.80,1.30
2010.11.30 12:05:40.751,1.35643,1.35674,1.50,2.50
2010.11.30 12:05:40.974,1.35639,1.35674,1.90,2.50
2010.11.30 12:05:41.575,1.35644,1.35677,1.50,2.50
2010.11.30 12:05:42.125,1.35646,1.35679,2.60,2.80
2010.11.30 12:05:42.437,1.35647,1.35679,1.70,2.50
2010.11.30 12:05:42.583,1.35656,1.35683,1.70,2.50
2010.11.30 12:05:42.705,1.35656,1.35684,1.70,2.50
2010.11.30 12:05:43.723,1.35657,1.35686,1.10,2.50
2010.11.30 12:05:44.460,1.35657,1.35688,1.10,2.80
2010.11.30 12:05:45.294,1.35657,1.35688,1.10,2.80
2010.11.30 12:05:45.925,1.35649,1.35683,1.20,1.30
2010.11.30 12:05:46.034,1.35649,1.35683,1.50,1.30
2010.11.30 12:05:46.690,1.35652,1.35683,1.10,1.30
2010.11.30 12:05:46.930,1.35656,1.35687,1.70,2.50
2010.11.30 12:05:47.091,1.35653,1.35681,2.40,1.90
2010.11.30 12:05:47.463,1.35652,1.35679,1.50,1.20
2010.11.30 12:05:47.801,1.35652,1.35679,1.50,2.50
2010.11.30 12:05:48.110,1.35651,1.35682,3.40,2.50
2010.11.30 12:05:48.228,1.35661,1.35684,1.70,2.50
2010.11.30 12:05:48.565,1.35651,1.35681,3.30,2.50
2010.11.30 12:05:49.447,1.3565,1.3568,3.20,2.50
2010.11.30 12:05:49.569,1.3565,1.3568,3.90,1.70
2010.11.30 12:05:49.687,1.3566,1.35684,1.70,1.70
2010.11.30 12:05:50.396,1.3566,1.35686,1.70,2.50
2010.11.30 12:05:51.935,1.3566,1.35684,1.70,2.50
2010.11.30 12:05:52.266,1.35656,1.35683,1.50,1.70
2010.11.30 12:05:52.606,1.3565,1.35678,2.30,2.50
2010.11.30 12:05:53.241,1.35651,1.35684,2.00,1.30
2010.11.30 12:05:54.055,1.35652,1.35684,1.10,1.30
2010.11.30 12:05:54.493,1.35661,1.35687,1.70,1.30
2010.11.30 12:05:58.108,1.35661,1.3569,1.70,1.30
2010.11.30 12:05:58.743,1.35661,1.35685,1.70,1.30
2010.11.30 12:05:58.966,1.35661,1.35691,1.70,1.50
2010.11.30 12:06:00.759,1.35657,1.35684,1.70,1.70
2010.11.30 12:06:00.873,1.35667,1.3569,1.70,2.50
2010.11.30 12:06:01.393,1.35657,1.35691,2.40,1.50
2010.11.30 12:06:01.573,1.35657,1.35681,1.50,1.90
2010.11.30 12:06:01.860,1.35647,1.35664,1.60,2.40
2010.11.30 12:06:02.011,1.35632,1.35662,3.20,1.30
2010.11.30 12:06:02.125,1.35632,1.35661,1.70,1.30
2010.11.30 12:06:02.705,1.35632,1.35661,2.60,1.30
2010.11.30 12:06:03.038,1.35632,1.35667,2.80,2.50
2010.11.30 12:06:03.417,1.35643,1.35671,1.70,2.50
2010.11.30 12:06:03.536,1.35635,1.35671,3.00,2.50
2010.11.30 12:06:03.762,1.35634,1.35671,1.70,2.50
2010.11.30 12:06:05.136,1.35643,1.3567,1.70,1.40
2010.11.30 12:06:05.365,1.35634,1.3567,2.50,1.50
2010.11.30 12:06:06.785,1.35634,1.3567,1.60,1.40
2010.11.30 12:06:07.333,1.35634,1.35669,1.60,4.80
2010.11.30 12:06:11.439,1.35634,1.35666,1.60,2.50
2010.11.30 12:06:11.626,1.35634,1.35666,1.60,2.50
2010.11.30 12:06:12.029,1.35632,1.35666,2.60,2.50
2010.11.30 12:06:12.800,1.35633,1.35664,2.40,2.50
2010.11.30 12:06:13.134,1.35636,1.35665,1.50,1.70
2010.11.30 12:06:15.291,1.35642,1.3567,1.70,2.60
2010.11.30 12:06:15.719,1.35636,1.35665,1.70,1.70
2010.11.30 12:06:15.837,1.35634,1.35664,1.70,2.60
2010.11.30 12:06:16.624,1.35633,1.35664,1.70,2.60
2010.11.30 12:06:17.072,1.35634,1.3567,1.70,2.50
2010.11.30 12:06:17.184,1.35634,1.3567,1.70,2.50
2010.11.30 12:06:19.494,1.35635,1.35669,1.10,2.50
2010.11.30 12:06:19.880,1.35633,1.35668,1.70,2.50
2010.11.30 12:06:19.995,1.35635,1.35668,3.30,2.50
2010.11.30 12:06:21.091,1.35637,1.35668,1.10,2.50
2010.11.30 12:06:21.230,1.35647,1.35674,1.50,1.90
2010.11.30 12:06:21.357,1.35653,1.35675,1.70,2.50
2010.11.30 12:06:21.982,1.35653,1.35675,1.70,3.00
2010.11.30 12:06:22.098,1.35643,1.35668,1.80,2.50
2010.11.30 12:06:22.324,1.35643,1.35669,1.70,2.50
2010.11.30 12:06:23.454,1.35643,1.35672,1.90,2.50
2010.11.30 12:06:23.675,1.35653,1.35676,1.70,2.50
2010.11.30 12:06:24.112,1.35635,1.35665,1.50,1.70
2010.11.30 12:06:24.338,1.35633,1.35665,2.70,2.50
2010.11.30 12:06:24.693,1.35633,1.35668,2.80,2.50
2010.11.30 12:06:24.818,1.35642,1.35673,1.70,1.30
2010.11.30 12:06:24.933,1.35642,1.35674,1.70,2.80
2010.11.30 12:06:25.153,1.35642,1.35673,2.40,2.50
2010.11.30 12:06:26.842,1.35636,1.3567,2.60,2.50
2010.11.30 12:06:27.179,1.35647,1.35676,1.70,2.50
2010.11.30 12:06:27.300,1.35647,1.35676,1.70,2.50
2010.11.30 12:06:27.847,1.35639,1.35672,1.60,2.50
2010.11.30 12:06:28.558,1.3564,1.35674,1.50,2.50
2010.11.30 12:06:28.680,1.35641,1.35675,1.50,2.50
2010.11.30 12:06:29.019,1.35657,1.3568,1.70,2.80
2010.11.30 12:06:29.763,1.35649,1.3568,1.50,2.50
2010.11.30 12:06:29.887,1.35644,1.35675,1.50,2.50
2010.11.30 12:06:30.230,1.3564,1.35673,1.50,2.50
2010.11.30 12:06:30.455,1.3564,1.35673,1.50,2.50
2010.11.30 12:06:31.106,1.35639,1.35673,1.50,2.50
2010.11.30 12:06:31.444,1.35637,1.35671,3.20,1.10
2010.11.30 12:06:32.664,1.35646,1.35672,1.70,2.50
2010.11.30 12:06:32.885,1.35638,1.35672,1.10,2.50
2010.11.30 12:06:33.736,1.35638,1.3567,1.10,2.50
2010.11.30 12:06:37.293,1.35636,1.35665,2.40,1.70
2010.11.30 12:06:37.958,1.35633,1.35661,1.50,1.90
2010.11.30 12:06:38.400,1.35626,1.3566,2.60,2.50
2010.11.30 12:06:38.624,1.3563,1.35658,1.70,2.50
2010.11.30 12:06:40.474,1.35631,1.3566,1.10,2.50
2010.11.30 12:06:42.727,1.3563,1.3566,1.50,2.50
2010.11.30 12:06:42.848,1.3563,1.3566,1.90,2.50
2010.11.30 12:06:43.188,1.35637,1.35665,1.70,2.50
2010.11.30 12:06:43.305,1.35637,1.35663,1.80,2.50
2010.11.30 12:06:43.651,1.35638,1.35666,1.70,1.70
2010.11.30 12:06:44.243,1.35638,1.35664,1.50,1.50
2010.11.30 12:06:44.574,1.35637,1.35664,2.60,2.30
2010.11.30 12:06:44.685,1.35637,1.35664,1.80,2.50
2010.11.30 12:06:45.231,1.35634,1.35661,1.60,1.70
2010.11.30 12:06:45.978,1.35638,1.35665,1.80,2.50
2010.11.30 12:06:47.032,1.35638,1.35664,1.80,2.50
2010.11.30 12:06:48.776,1.35638,1.35658,1.70,1.70
2010.11.30 12:06:48.895,1.35627,1.35661,2.70,1.20
2010.11.30 12:06:49.004,1.35632,1.35661,1.10,1.20
2010.11.30 12:06:49.115,1.35631,1.35661,1.70,1.20
2010.11.30 12:06:49.638,1.35631,1.35661,1.70,1.20
2010.11.30 12:06:50.363,1.35631,1.35662,1.70,2.60
2010.11.30 12:06:51.022,1.35634,1.35666,1.50,1.20
2010.11.30 12:06:51.575,1.35634,1.35667,1.60,2.50
2010.11.30 12:06:51.687,1.35639,1.35669,1.50,2.50
2010.11.30 12:06:53.460,1.35642,1.35671,1.50,2.50
2010.11.30 12:06:54.055,1.35662,1.3568,1.70,2.50
2010.11.30 12:06:54.186,1.35648,1.35676,3.20,2.50
2010.11.30 12:06:54.305,1.35648,1.35677,2.40,2.60
2010.11.30 12:06:54.844,1.35644,1.35671,1.50,1.90
2010.11.30 12:06:55.173,1.35643,1.35671,1.50,3.40
2010.11.30 12:06:57.900,1.35647,1.35676,1.70,2.60
2010.11.30 12:06:58.161,1.35647,1.35676,1.70,2.50
2010.11.30 12:06:59.624,1.35647,1.35678,3.20,4.10
2010.11.30 12:07:00.317,1.35653,1.35678,1.70,2.50
2010.11.30 12:07:00.546,1.35663,1.35684,1.70,1.20
2010.11.30 12:07:00.668,1.35663,1.35682,1.70,2.50
2010.11.30 12:07:01.129,1.35651,1.35677,1.50,1.90
2010.11.30 12:07:02.743,1.35651,1.35678,1.50,2.80
2010.11.30 12:07:02.856,1.35647,1.35672,1.50,1.70
2010.11.30 12:07:03.718,1.35646,1.35672,1.50,1.90
2010.11.30 12:07:04.278,1.35643,1.35674,1.50,2.50
2010.11.30 12:07:04.402,1.35643,1.35672,1.50,2.50
2010.11.30 12:07:05.037,1.35643,1.35671,1.50,2.20
2010.11.30 12:07:05.488,1.35636,1.35666,3.20,1.10
2010.11.30 12:07:05.828,1.35636,1.35663,1.70,1.10
2010.11.30 12:07:07.648,1.35636,1.35661,1.70,1.10
2010.11.30 12:07:07.766,1.35633,1.35661,1.50,1.10
2010.11.30 12:07:07.888,1.35627,1.35657,1.50,1.10
2010.11.30 12:07:10.976,1.35625,1.35655,1.50,1.10
2010.11.30 12:07:11.128,1.35622,1.35653,1.50,1.10
2010.11.30 12:07:11.464,1.35616,1.35651,1.60,2.60
2010.11.30 12:07:11.576,1.35616,1.35651,1.70,2.60
2010.11.30 12:07:12.901,1.35616,1.35651,1.80,2.60
2010.11.30 12:07:13.352,1.35625,1.35654,2.40,1.80
2010.11.30 12:07:13.477,1.35623,1.3565,1.50,1.50
2010.11.30 12:07:13.791,1.35617,1.35651,1.50,2.70
2010.11.30 12:07:14.612,1.35624,1.35654,1.50,2.50
2010.11.30 12:07:14.726,1.3562,1.35654,1.50,2.50
2010.11.30 12:07:15.001,1.35618,1.35654,1.50,2.50
2010.11.30 12:07:15.354,1.35618,1.35651,1.60,2.50
2010.11.30 12:07:15.464,1.35617,1.35651,1.70,2.50
2010.11.30 12:07:15.686,1.3562,1.35651,1.50,2.50
2010.11.30 12:07:19.605,1.35623,1.35656,1.10,2.50
2010.11.30 12:07:19.890,1.35632,1.35656,1.50,1.50
2010.11.30 12:07:20.207,1.35637,1.35665,2.40,2.50
2010.11.30 12:07:22.191,1.35637,1.35666,1.50,1.70
2010.11.30 12:07:24.083,1.35637,1.35665,1.50,1.80
2010.11.30 12:07:24.606,1.35637,1.35664,1.50,1.10
2010.11.30 12:07:24.785,1.35621,1.35657,1.70,5.20
2010.11.30 12:07:24.902,1.35623,1.35657,1.90,2.60
2010.11.30 12:07:25.306,1.35626,1.35661,1.70,2.70
2010.11.30 12:07:25.428,1.35632,1.35658,1.80,1.50
2010.11.30 12:07:25.759,1.35626,1.35661,1.70,1.10
2010.11.30 12:07:25.889,1.35626,1.35661,1.70,1.10
2010.11.30 12:07:26.255,1.35631,1.35664,1.50,1.10
2010.11.30 12:07:27.933,1.35633,1.35666,1.50,1.30
2010.11.30 12:07:28.495,1.35635,1.35666,1.50,1.30
2010.11.30 12:07:29.254,1.35635,1.35658,1.50,1.70
2010.11.30 12:07:29.369,1.3563,1.35658,1.50,1.90
2010.11.30 12:07:29.841,1.35637,1.35667,1.50,2.50
2010.11.30 12:07:32.585,1.35637,1.35656,1.50,1.70
2010.11.30 12:07:33.576,1.35637,1.35662,1.70,1.70
2010.11.30 12:07:34.274,1.35643,1.3567,1.50,1.90
2010.11.30 12:07:34.387,1.35643,1.35662,1.50,1.70
2010.11.30 12:07:34.510,1.35643,1.35671,1.50,2.80
2010.11.30 12:07:34.626,1.35643,1.35671,1.50,2.60
2010.11.30 12:07:35.263,1.35647,1.35678,1.70,2.50
2010.11.30 12:07:35.779,1.3565,1.35676,1.50,1.50
2010.11.30 12:07:35.948,1.3565,1.35672,1.50,1.50
2010.11.30 12:07:36.064,1.3565,1.35676,1.50,1.50
2010.11.30 12:07:36.178,1.35652,1.35677,2.50,1.80
2010.11.30 12:07:36.296,1.35661,1.35674,1.40,1.50
2010.11.30 12:07:36.763,1.35663,1.35682,1.40,1.10
2010.11.30 12:07:36.888,1.35671,1.3569,1.50,1.50
2010.11.30 12:07:37.388,1.3567,1.35696,1.50,1.70
2010.11.30 12:07:37.724,1.3567,1.35691,1.50,1.70
2010.11.30 12:07:38.021,1.3567,1.35697,1.50,1.90
2010.11.30 12:07:38.254,1.3567,1.35692,1.50,1.70
2010.11.30 12:07:38.364,1.3567,1.35696,1.50,1.70
2010.11.30 12:07:38.474,1.35669,1.35692,1.50,1.70
2010.11.30 12:07:40.521,1.35668,1.35692,1.50,2.00
2010.11.30 12:07:40.663,1.35662,1.35691,1.50,1.70
2010.11.30 12:07:41.102,1.35662,1.35691,1.50,2.00
2010.11.30 12:07:41.250,1.35662,1.35691,1.50,2.00
2010.11.30 12:07:41.376,1.35662,1.35691,1.50,2.20
2010.11.30 12:07:41.607,1.35662,1.3569,1.50,1.80
2010.11.30 12:07:41.964,1.35665,1.35691,1.50,1.90
2010.11.30 12:07:42.584,1.35665,1.35689,1.50,1.50
2010.11.30 12:07:43.204,1.35665,1.35691,1.50,1.90
2010.11.30 12:07:44.487,1.3567,1.35692,1.50,1.50
2010.11.30 12:07:45.790,1.35688,1.35692,1.70,1.50
2010.11.30 12:07:46.016,1.35684,1.35692,1.50,1.50
2010.11.30 12:07:46.357,1.3568,1.35692,1.90,1.50
2010.11.30 12:07:46.476,1.35679,1.35692,1.50,1.50
2010.11.30 12:07:48.222,1.35676,1.35692,1.50,1.50
2010.11.30 12:07:48.864,1.35683,1.35692,1.50,1.50
2010.11.30 12:07:50.646,1.35685,1.35692,1.50,1.50
2010.11.30 12:07:51.100,1.35689,1.35714,1.50,1.70
2010.11.30 12:07:53.019,1.35689,1.35699,1.50,1.50
2010.11.30 12:07:53.279,1.35689,1.35713,1.50,1.70
2010.11.30 12:07:53.729,1.35689,1.35713,1.50,1.80
2010.11.30 12:07:54.345,1.35689,1.35713,1.50,1.80
2010.11.30 12:07:54.455,1.35685,1.35713,1.50,1.80
2010.11.30 12:07:54.789,1.35685,1.35714,1.50,1.10
2010.11.30 12:07:55.089,1.35691,1.35725,1.50,2.90
2010.11.30 12:07:55.209,1.35687,1.35719,1.50,2.50
2010.11.30 12:07:55.654,1.35687,1.35722,1.50,2.60
2010.11.30 12:08:02.779,1.3569,1.35713,1.50,1.70
2010.11.30 12:08:04.858,1.3569,1.35713,1.50,1.80
2010.11.30 12:08:05.090,1.35686,1.35713,1.50,1.70
2010.11.30 12:08:05.359,1.35686,1.35716,1.50,1.20
2010.11.30 12:08:05.541,1.35692,1.35723,1.70,6.10
2010.11.30 12:08:05.660,1.35692,1.35723,1.70,2.60
2010.11.30 12:08:05.935,1.35692,1.35723,1.90,2.60
2010.11.30 12:08:08.483,1.35695,1.35727,1.50,2.50
2010.11.30 12:08:08.594,1.35697,1.35728,1.50,4.10
2010.11.30 12:08:08.924,1.35691,1.35717,1.50,1.70
2010.11.30 12:08:09.039,1.35691,1.35717,1.50,1.70
2010.11.30 12:08:10.474,1.35694,1.35717,1.50,1.70
2010.11.30 12:08:10.695,1.35696,1.35724,1.50,2.60
2010.11.30 12:08:11.404,1.35696,1.35724,1.50,2.40
2010.11.30 12:08:11.545,1.35698,1.35727,1.50,1.90
2010.11.30 12:08:12.617,1.35703,1.35731,1.70,1.10
2010.11.30 12:08:13.830,1.35703,1.35724,1.70,1.50
2010.11.30 12:08:14.054,1.35703,1.35731,1.70,2.60
2010.11.30 12:08:14.777,1.35698,1.3573,1.50,2.50
2010.11.30 12:08:15.968,1.35702,1.3573,1.70,2.50
2010.11.30 12:08:16.773,1.35702,1.35731,2.40,1.10
2010.11.30 12:08:17.925,1.35701,1.35723,1.50,1.70
2010.11.30 12:08:18.037,1.35702,1.35731,2.40,1.10
2010.11.30 12:08:20.400,1.35703,1.3573,3.20,1.70
2010.11.30 12:08:20.624,1.35705,1.35733,1.50,4.10
2010.11.30 12:08:21.284,1.35705,1.35733,1.50,3.60
2010.11.30 12:08:21.688,1.35705,1.35723,1.50,1.70
2010.11.30 12:08:21.807,1.35695,1.35723,1.50,2.60
2010.11.30 12:08:23.787,1.35695,1.35723,1.50,2.80
2010.11.30 12:08:23.904,1.35695,1.35723,1.50,2.70
2010.11.30 12:08:24.221,1.35704,1.35723,1.70,1.80
2010.11.30 12:08:24.371,1.35714,1.35747,1.70,2.50
2010.11.30 12:08:24.513,1.35713,1.35743,1.50,1.20
2010.11.30 12:08:24.625,1.3571,1.35735,1.50,1.70
2010.11.30 12:08:24.916,1.3571,1.35745,1.50,2.60
2010.11.30 12:08:25.572,1.3571,1.35735,1.50,1.50
2010.11.30 12:08:25.717,1.35701,1.35724,3.00,3.20
2010.11.30 12:08:26.332,1.35694,1.35722,1.50,3.40
2010.11.30 12:08:26.554,1.35694,1.35719,1.50,1.50
2010.11.30 12:08:27.251,1.35694,1.35721,1.50,1.70
2010.11.30 12:08:27.962,1.35694,1.35719,1.50,1.50
2010.11.30 12:08:29.183,1.3569,1.3572,1.60,2.60
2010.11.30 12:08:30.547,1.35691,1.3572,1.10,2.60
2010.11.30 12:08:30.664,1.35697,1.35726,1.50,2.50
2010.11.30 12:08:32.041,1.35697,1.35725,3.20,3.00
2010.11.30 12:08:32.374,1.35703,1.3573,1.50,1.90
2010.11.30 12:08:33.056,1.35703,1.35731,1.50,1.10
2010.11.30 12:08:34.066,1.35703,1.35731,1.50,2.50
2010.11.30 12:08:38.489,1.35703,1.35731,1.50,1.10
2010.11.30 12:08:38.825,1.35692,1.35728,3.30,2.50
2010.11.30 12:08:39.046,1.35692,1.35729,3.50,1.10
2010.11.30 12:08:42.113,1.35701,1.35733,1.50,2.50
2010.11.30 12:08:42.672,1.35705,1.35738,1.50,2.50
2010.11.30 12:08:42.899,1.357,1.35737,1.50,4.80
2010.11.30 12:08:43.776,1.35701,1.35731,1.50,1.30
2010.11.30 12:08:44.119,1.35705,1.35734,1.50,2.60
2010.11.30 12:08:44.350,1.35702,1.35733,1.50,3.40
2010.11.30 12:08:44.576,1.35702,1.35732,1.50,1.20
2010.11.30 12:08:44.742,1.35698,1.35728,1.50,2.80
2010.11.30 12:08:46.133,1.35698,1.35724,1.50,1.50
2010.11.30 12:08:46.244,1.35694,1.35724,1.50,2.50
2010.11.30 12:08:48.264,1.35694,1.3572,1.50,1.50
2010.11.30 12:08:48.573,1.35688,1.35717,1.50,1.90
2010.11.30 12:08:48.798,1.35684,1.35716,3.20,2.50
2010.11.30 12:08:48.926,1.35684,1.35713,1.50,1.20
2010.11.30 12:08:49.288,1.3569,1.35712,1.70,1.30
2010.11.30 12:08:49.410,1.3569,1.35718,2.60,1.10
2010.11.30 12:08:49.531,1.35696,1.35722,1.50,2.60
2010.11.30 12:08:50.044,1.3568,1.35713,1.50,2.50
2010.11.30 12:08:50.374,1.35679,1.3571,1.50,2.50
2010.11.30 12:08:50.773,1.35683,1.35714,1.50,2.60
2010.11.30 12:08:51.223,1.3568,1.35708,1.50,1.20
2010.11.30 12:08:51.527,1.35676,1.35701,1.50,1.70
2010.11.30 12:08:53.200,1.35679,1.35701,1.50,1.70
2010.11.30 12:08:53.553,1.35682,1.3571,1.50,3.30
2010.11.30 12:08:53.781,1.35681,1.3571,1.50,4.10
2010.11.30 12:08:54.163,1.35686,1.3571,1.50,1.70
2010.11.30 12:08:55.830,1.35686,1.35712,1.50,2.10
2010.11.30 12:08:56.053,1.3569,1.35716,1.50,2.20
2010.11.30 12:08:56.604,1.35686,1.35711,1.50,1.70
2010.11.30 12:08:56.718,1.35683,1.35711,1.50,1.70
2010.11.30 12:08:57.496,1.35683,1.35711,1.50,2.40
2010.11.30 12:08:57.896,1.35678,1.35701,1.50,2.10
2010.11.30 12:08:58.597,1.3568,1.35711,1.50,2.50
2010.11.30 12:08:58.746,1.35682,1.35712,1.50,2.60
2010.11.30 12:09:03.017,1.35678,1.3571,1.50,2.50
2010.11.30 12:09:03.135,1.35678,1.35708,1.50,2.50
2010.11.30 12:09:03.244,1.35678,1.357,1.50,1.70
2010.11.30 12:09:03.685,1.35675,1.35698,1.50,1.70
2010.11.30 12:09:05.578,1.35671,1.35698,1.50,1.90
2010.11.30 12:09:06.216,1.35677,1.35701,1.70,2.50
2010.11.30 12:09:07.216,1.35671,1.35699,1.50,4.10
2010.11.30 12:09:08.314,1.35671,1.35697,1.50,1.20
2010.11.30 12:09:08.839,1.35664,1.35687,1.50,1.70
2010.11.30 12:09:09.286,1.35664,1.35696,1.50,1.30
2010.11.30 12:09:09.615,1.35668,1.35695,1.50,2.10
2010.11.30 12:09:09.730,1.35668,1.35688,1.50,1.70
2010.11.30 12:09:10.056,1.35668,1.35696,1.50,1.30
2010.11.30 12:09:10.957,1.35673,1.35699,1.50,2.10
2010.11.30 12:09:13.565,1.35673,1.357,1.70,2.20
2010.11.30 12:09:13.864,1.35673,1.357,1.70,2.20
2010.11.30 12:09:13.978,1.35679,1.35705,1.50,2.50
2010.11.30 12:09:18.455,1.35679,1.35705,3.20,1.70
2010.11.30 12:09:19.005,1.35679,1.35702,1.50,1.50
2010.11.30 12:09:19.333,1.35679,1.35705,3.20,1.70
2010.11.30 12:09:19.640,1.35679,1.35702,3.20,1.60
2010.11.30 12:09:20.347,1.35679,1.35703,3.20,1.50
2010.11.30 12:09:20.474,1.35679,1.35707,1.50,2.50
2010.11.30 12:09:20.594,1.35679,1.35702,3.20,1.50
2010.11.30 12:09:21.315,1.35688,1.35702,1.70,1.50
2010.11.30 12:09:21.443,1.35679,1.35703,1.50,1.50
2010.11.30 12:09:21.563,1.35679,1.357,1.50,1.70
2010.11.30 12:09:22.103,1.35669,1.357,2.60,2.40
2010.11.30 12:09:22.228,1.35668,1.35696,1.50,1.30
2010.11.30 12:09:22.346,1.35668,1.35686,1.50,1.70
2010.11.30 12:09:22.686,1.35663,1.35686,1.50,1.70
2010.11.30 12:09:24.911,1.35664,1.35692,2.40,2.50
2010.11.30 12:09:25.039,1.35665,1.35692,1.10,2.50
2010.11.30 12:09:25.267,1.35664,1.35691,2.40,2.50
2010.11.30 12:09:25.684,1.35666,1.35691,1.50,1.50
2010.11.30 12:09:26.025,1.35666,1.35693,1.50,1.70
2010.11.30 12:09:26.995,1.35668,1.35693,1.70,1.70
2010.11.30 12:09:27.195,1.35667,1.35693,1.50,1.70
2010.11.30 12:09:27.312,1.35669,1.35697,1.50,1.90
2010.11.30 12:09:28.137,1.35669,1.35696,1.50,1.10
2010.11.30 12:09:28.267,1.35662,1.35684,1.50,1.70
2010.11.30 12:09:28.388,1.3566,1.35684,1.50,1.50
2010.11.30 12:09:28.701,1.35658,1.35683,2.40,1.50
2010.11.30 12:09:28.839,1.35657,1.35674,1.50,1.70
2010.11.30 12:09:29.063,1.35654,1.35674,1.50,1.70
2010.11.30 12:09:30.528,1.35656,1.35683,2.40,1.50
2010.11.30 12:09:30.910,1.3566,1.35683,1.50,1.50
2010.11.30 12:09:31.275,1.3566,1.35685,1.50,1.70
2010.11.30 12:09:31.603,1.35661,1.35684,2.40,1.50
2010.11.30 12:09:31.716,1.35661,1.35687,2.40,1.70
2010.11.30 12:09:32.019,1.35661,1.35684,2.40,2.30
2010.11.30 12:09:32.250,1.35656,1.35682,1.50,1.90
2010.11.30 12:09:32.588,1.35661,1.3569,1.50,2.50
2010.11.30 12:09:32.945,1.35661,1.35687,1.50,1.70
2010.11.30 12:09:33.090,1.35653,1.35683,1.50,3.40
2010.11.30 12:09:33.205,1.35653,1.35683,1.50,3.20
2010.11.30 12:09:33.315,1.35653,1.35687,1.70,2.50
2010.11.30 12:09:34.063,1.35656,1.35686,1.50,1.70
2010.11.30 12:09:34.286,1.35662,1.35692,1.50,2.50
2010.11.30 12:09:34.721,1.35658,1.35692,1.50,2.60
2010.11.30 12:09:34.955,1.35665,1.35689,2.40,1.50
2010.11.30 12:09:35.680,1.35664,1.35687,1.50,1.50
2010.11.30 12:09:35.808,1.35663,1.35687,1.50,3.40
2010.11.30 12:09:36.266,1.35664,1.35688,1.50,1.70
2010.11.30 12:09:36.752,1.35656,1.35685,1.50,1.60
2010.11.30 12:09:36.883,1.35649,1.35681,1.50,2.60
2010.11.30 12:09:37.446,1.35649,1.35681,1.50,2.60
2010.11.30 12:09:37.913,1.35658,1.35682,1.50,1.70
2010.11.30 12:09:40.928,1.35658,1.35682,1.50,1.80
2010.11.30 12:09:41.370,1.3566,1.35687,3.40,1.10
2010.11.30 12:09:41.488,1.35666,1.35688,1.50,1.50
2010.11.30 12:09:41.761,1.35671,1.35692,1.70,1.70
2010.11.30 12:09:41.893,1.35666,1.35693,1.50,1.90
2010.11.30 12:09:43.235,1.35666,1.35693,1.50,1.80
2010.11.30 12:09:43.924,1.35666,1.35693,1.50,1.50
2010.11.30 12:09:44.035,1.3567,1.35696,1.50,1.70
2010.11.30 12:09:45.294,1.35676,1.35702,1.70,2.50
2010.11.30 12:09:45.404,1.35676,1.35702,1.70,2.50
2010.11.30 12:09:45.626,1.35674,1.35699,1.50,3.20
2010.11.30 12:09:46.238,1.35674,1.35698,1.50,1.70
2010.11.30 12:09:47.208,1.35674,1.35698,1.50,3.30
2010.11.30 12:09:47.690,1.35674,1.35693,1.50,1.70
2010.11.30 12:09:47.810,1.35674,1.35698,1.50,1.50
2010.11.30 12:09:47.925,1.35669,1.35698,1.50,1.70
2010.11.30 12:09:48.238,1.35666,1.35692,1.50,3.20
2010.11.30 12:09:48.373,1.35662,1.35691,1.70,1.70
2010.11.30 12:09:48.925,1.35657,1.35683,1.50,1.90
2010.11.30 12:09:50.980,1.35654,1.35683,1.50,2.60
2010.11.30 12:09:52.923,1.35654,1.35683,1.70,4.10
2010.11.30 12:09:53.280,1.35662,1.35686,1.70,2.50
2010.11.30 12:09:53.511,1.35657,1.35686,1.50,2.50
2010.11.30 12:09:54.090,1.35657,1.35678,1.50,1.70
2010.11.30 12:09:54.317,1.35653,1.35678,1.50,1.70
2010.11.30 12:09:56.223,1.35653,1.35678,1.50,2.10
2010.11.30 12:09:56.914,1.35652,1.35678,1.50,2.40
2010.11.30 12:09:57.629,1.35655,1.35682,1.50,2.50
2010.11.30 12:09:58.187,1.35658,1.35681,1.50,2.10
2010.11.30 12:09:58.542,1.35661,1.35689,2.60,4.30
2010.11.30 12:09:58.662,1.3566,1.35689,1.50,1.70
2010.11.30 12:09:58.781,1.3566,1.35688,1.50,5.10
2010.11.30 12:09:59.117,1.35657,1.35682,1.50,2.30
2010.11.30 12:09:59.420,1.35657,1.35682,1.50,1.90
2010.11.30 12:10:00.529,1.35658,1.35683,2.40,1.50
2010.11.30 12:10:00.647,1.35658,1.35683,2.40,1.70
2010.11.30 12:10:01.122,1.35658,1.35683,2.40,1.70
2010.11.30 12:10:01.814,1.35658,1.35684,2.40,1.70
2010.11.30 12:10:01.955,1.35668,1.35694,1.70,2.50
2010.11.30 12:10:02.484,1.35668,1.3569,2.40,1.70
2010.11.30 12:10:02.608,1.35664,1.3569,3.20,1.50
2010.11.30 12:10:02.734,1.35664,1.35691,3.20,3.40
2010.11.30 12:10:02.856,1.35664,1.35689,1.50,1.70
2010.11.30 12:10:03.295,1.35664,1.35687,1.50,1.60
2010.11.30 12:10:03.514,1.35664,1.3569,1.50,1.90
2010.11.30 12:10:04.029,1.35664,1.3569,1.50,2.00
2010.11.30 12:10:04.150,1.35664,1.3569,1.50,1.90
2010.11.30 12:10:04.601,1.35664,1.3569,1.50,1.80
2010.11.30 12:10:04.937,1.35664,1.35688,1.50,2.60
2010.11.30 12:10:05.311,1.3566,1.35686,1.50,1.90
2010.11.30 12:10:05.424,1.3566,1.35686,1.50,1.90
2010.11.30 12:10:05.760,1.3566,1.35686,1.50,1.70
2010.11.30 12:10:06.954,1.3566,1.35686,1.50,1.80
2010.11.30 12:10:08.026,1.3566,1.35686,1.50,1.90
2010.11.30 12:10:08.643,1.3566,1.35686,1.50,1.70
2010.11.30 12:10:09.059,1.3566,1.35686,1.50,1.80
2010.11.30 12:10:09.289,1.35658,1.35684,3.20,1.90
2010.11.30 12:10:09.405,1.35658,1.35684,2.40,1.80
2010.11.30 12:10:09.625,1.35658,1.35684,2.40,1.20
2010.11.30 12:10:10.009,1.35647,1.35674,2.40,1.50
2010.11.30 12:10:10.127,1.35644,1.35669,1.50,1.70
2010.11.30 12:10:10.528,1.35641,1.35669,1.50,2.60
2010.11.30 12:10:10.756,1.35646,1.35672,1.50,1.90
2010.11.30 12:10:11.175,1.35647,1.35672,2.40,2.10
2010.11.30 12:10:11.785,1.3565,1.35672,1.50,1.40
2010.11.30 12:10:12.121,1.35633,1.35658,1.50,1.50
2010.11.30 12:10:12.569,1.35632,1.35658,1.90,1.70
2010.11.30 12:10:12.688,1.35639,1.3566,1.50,1.50
2010.11.30 12:10:12.968,1.35639,1.35665,1.50,1.70
2010.11.30 12:10:13.195,1.3564,1.3567,1.50,1.70
2010.11.30 12:10:13.304,1.35644,1.3567,1.50,1.70
2010.11.30 12:10:14.255,1.35644,1.3567,1.50,1.90
2010.11.30 12:10:14.684,1.35647,1.35673,1.70,2.00
2010.11.30 12:10:14.797,1.35648,1.35673,2.40,1.50
2010.11.30 12:10:14.914,1.35647,1.35669,3.20,1.50
2010.11.30 12:10:15.026,1.35647,1.35671,3.20,1.50
2010.11.30 12:10:15.635,1.35647,1.35656,1.50,1.70
2010.11.30 12:10:15.750,1.35639,1.35656,1.50,1.70
2010.11.30 12:10:15.865,1.35643,1.35662,1.70,1.50
2010.11.30 12:10:16.586,1.35639,1.35665,1.50,1.70
2010.11.30 12:10:16.815,1.35639,1.35669,1.50,1.50
2010.11.30 12:10:17.265,1.35639,1.35668,1.50,2.90
2010.11.30 12:10:17.484,1.35631,1.35657,1.50,1.70
2010.11.30 12:10:19.034,1.35628,1.35657,3.20,3.40
2010.11.30 12:10:19.364,1.35628,1.35657,3.30,3.20
2010.11.30 12:10:19.787,1.35628,1.35657,3.40,1.70
2010.11.30 12:10:19.919,1.35637,1.35664,1.50,1.70
2010.11.30 12:10:20.034,1.35643,1.35664,1.50,1.70
2010.11.30 12:10:21.293,1.35639,1.35664,1.50,1.80
2010.11.30 12:10:21.410,1.35637,1.35664,1.50,4.70
2010.11.30 12:10:21.634,1.35635,1.35661,1.50,1.10
2010.11.30 12:10:22.017,1.3563,1.35661,2.40,2.20
2010.11.30 12:10:22.630,1.35632,1.35656,1.50,1.70
2010.11.30 12:10:23.076,1.35633,1.35657,1.50,1.70
2010.11.30 12:10:23.532,1.35629,1.35657,1.50,1.90
2010.11.30 12:10:23.652,1.35635,1.3566,1.70,1.50
2010.11.30 12:10:23.985,1.35635,1.35662,2.40,2.20
2010.11.30 12:10:25.029,1.35635,1.3566,2.40,1.90
2010.11.30 12:10:25.146,1.35631,1.35657,1.50,1.70
2010.11.30 12:10:25.705,1.35627,1.35656,1.50,2.50
2010.11.30 12:10:27.821,1.35631,1.35654,1.50,1.70
2010.11.30 12:10:28.655,1.35631,1.35661,1.50,1.30
2010.11.30 12:10:29.448,1.35631,1.35656,1.50,1.70
2010.11.30 12:10:33.437,1.35637,1.35663,1.50,2.90
2010.11.30 12:10:38.245,1.3564,1.35666,1.50,2.40
2010.11.30 12:10:38.356,1.3564,1.35666,1.50,2.10
2010.11.30 12:10:38.860,1.35647,1.35674,1.50,3.20
2010.11.30 12:10:39.529,1.35646,1.35676,1.50,4.70
2010.11.30 12:10:39.645,1.35646,1.35676,1.50,2.20
2010.11.30 12:10:40.517,1.35649,1.35678,1.50,3.00
2010.11.30 12:10:40.874,1.35645,1.35675,1.50,3.00
2010.11.30 12:10:40.985,1.35645,1.35675,1.50,3.70
2010.11.30 12:10:42.275,1.35643,1.35664,1.50,1.70
2010.11.30 12:10:43.044,1.35643,1.35664,1.50,1.70
2010.11.30 12:10:45.403,1.35638,1.35665,1.50,2.10
2010.11.30 12:10:45.515,1.35638,1.35665,1.50,2.20
2010.11.30 12:10:45.870,1.35636,1.35665,1.50,2.10
2010.11.30 12:10:46.041,1.35634,1.35655,1.50,1.70
2010.11.30 12:10:46.154,1.35634,1.35662,1.50,1.10
2010.11.30 12:10:46.878,1.35634,1.35665,1.50,3.00
2010.11.30 12:10:47.103,1.35637,1.35665,1.50,3.00
2010.11.30 12:10:48.663,1.35638,1.35665,1.50,2.10
2010.11.30 12:10:49.137,1.35641,1.35665,1.50,2.10
2010.11.30 12:10:51.343,1.35644,1.35674,1.50,1.10
2010.11.30 12:10:51.501,1.35647,1.35675,1.50,1.90
2010.11.30 12:10:54.339,1.3565,1.35679,1.50,4.50
2010.11.30 12:10:54.458,1.35651,1.3568,1.50,4.50
2010.11.30 12:10:55.866,1.35651,1.35676,1.50,1.70
2010.11.30 12:10:57.634,1.35651,1.35676,1.50,2.40
2010.11.30 12:10:57.966,1.35639,1.35665,1.10,3.00
2010.11.30 12:10:58.090,1.35637,1.35665,1.50,3.00
2010.11.30 12:10:58.448,1.35633,1.35654,1.50,1.70
2010.11.30 12:10:58.570,1.35633,1.3566,3.20,1.90
2010.11.30 12:10:59.024,1.35639,1.3566,1.50,1.70
2010.11.30 12:10:59.135,1.35639,1.35669,1.50,1.70
2010.11.30 12:11:00.273,1.35639,1.35669,1.60,1.70
2010.11.30 12:11:00.604,1.35639,1.35669,1.70,2.80
2010.11.30 12:11:01.169,1.35625,1.35655,1.50,2.60
2010.11.30 12:11:01.396,1.3563,1.35658,1.50,1.30
2010.11.30 12:11:02.019,1.3563,1.35658,1.70,1.30
2010.11.30 12:11:02.273,1.35634,1.35665,1.50,2.80
2010.11.30 12:11:06.600,1.35634,1.35665,1.60,2.60
2010.11.30 12:11:07.247,1.35639,1.35665,1.10,1.90
2010.11.30 12:11:07.386,1.35643,1.35672,3.20,1.70
2010.11.30 12:11:07.614,1.35641,1.35671,1.50,2.50
2010.11.30 12:11:12.494,1.35641,1.35663,1.50,1.70
2010.11.30 12:11:16.003,1.35641,1.35664,1.50,1.80
2010.11.30 12:11:16.239,1.35636,1.35664,1.50,2.60
2010.11.30 12:11:18.364,1.35639,1.35664,1.50,1.70
2010.11.30 12:11:27.869,1.35642,1.35674,1.70,4.60
2010.11.30 12:11:27.989,1.35646,1.35674,1.50,3.00
2010.11.30 12:11:28.397,1.35651,1.35668,1.50,1.70
2010.11.30 12:11:28.613,1.35643,1.35668,1.50,1.70
2010.11.30 12:11:28.637,1.35644,1.35671,2.40,2.10
2010.11.30 12:11:28.987,1.35635,1.35654,1.50,1.70
2010.11.30 12:11:29.218,1.35635,1.35665,1.50,4.10
2010.11.30 12:11:30.803,1.35638,1.35665,1.50,3.40
2010.11.30 12:11:31.052,1.35635,1.35654,1.50,1.70
2010.11.30 12:11:31.385,1.35635,1.35664,1.50,1.70
2010.11.30 12:11:31.652,1.35635,1.35655,1.50,1.70
2010.11.30 12:11:31.993,1.35634,1.35665,1.60,2.60
2010.11.30 12:11:33.330,1.35643,1.35665,1.50,2.60
2010.11.30 12:11:33.805,1.35642,1.35665,1.50,1.70
2010.11.30 12:11:37.323,1.35637,1.35655,1.50,1.70
2010.11.30 12:11:38.055,1.35637,1.35664,1.50,1.90
2010.11.30 12:11:38.934,1.35637,1.35655,1.50,1.70
2010.11.30 12:11:39.155,1.35628,1.35653,1.50,1.70
2010.11.30 12:11:39.964,1.35628,1.35648,1.50,1.70
2010.11.30 12:11:42.837,1.35623,1.35638,1.50,1.70
2010.11.30 12:11:49.474,1.35624,1.35651,1.50,1.70
2010.11.30 12:11:50.505,1.35624,1.35638,1.50,1.70
2010.11.30 12:11:51.582,1.35613,1.3563,1.70,1.70
2010.11.30 12:11:51.915,1.35613,1.35637,1.50,1.70
2010.11.30 12:11:52.144,1.35613,1.35631,1.50,1.70
2010.11.30 12:11:52.483,1.3561,1.35624,1.50,1.70
2010.11.30 12:11:52.603,1.3561,1.35637,1.50,1.90
2010.11.30 12:11:53.028,1.35609,1.3562,1.20,1.70
2010.11.30 12:11:57.747,1.35609,1.35622,1.20,1.70
2010.11.30 12:11:58.094,1.35604,1.35624,1.20,1.70
2010.11.30 12:11:58.573,1.35604,1.35614,1.40,1.70
2010.11.30 12:11:58.689,1.35602,1.35632,2.10,1.30
2010.11.30 12:11:58.807,1.35604,1.35627,1.20,1.70
2010.11.30 12:12:00.489,1.35601,1.35626,1.20,1.70
2010.11.30 12:12:00.609,1.356,1.35627,1.20,1.90
2010.11.30 12:12:01.171,1.35615,1.3563,1.70,1.30
2010.11.30 12:12:01.778,1.35609,1.35627,1.20,1.70
2010.11.30 12:12:01.897,1.35609,1.35624,1.20,1.70
2010.11.30 12:12:02.366,1.35613,1.35633,1.50,2.10
2010.11.30 12:12:02.522,1.35609,1.35633,1.20,2.10
2010.11.30 12:12:02.745,1.35608,1.3563,1.20,1.70
2010.11.30 12:12:03.986,1.35608,1.35632,1.20,1.30
2010.11.30 12:12:07.352,1.3561,1.35641,1.50,2.70
2010.11.30 12:12:08.392,1.3561,1.35641,1.60,2.60
2010.11.30 12:12:08.730,1.35605,1.35639,1.70,2.60
2010.11.30 12:12:09.488,1.35606,1.3564,4.90,2.60
2010.11.30 12:12:10.292,1.35606,1.3564,2.20,2.60
2010.11.30 12:12:10.415,1.35606,1.3564,4.90,2.60
2010.11.30 12:12:10.854,1.35609,1.3564,1.40,2.60
2010.11.30 12:12:12.525,1.35609,1.3564,1.40,2.60
2010.11.30 12:12:13.461,1.35609,1.35639,1.40,4.10
2010.11.30 12:12:13.595,1.35609,1.35639,1.20,4.10
2010.11.30 12:12:13.981,1.35609,1.35639,1.50,2.60
2010.11.30 12:12:14.755,1.35609,1.35641,1.40,2.60
2010.11.30 12:12:15.715,1.3561,1.35641,1.40,2.60
2010.11.30 12:12:16.047,1.35614,1.35641,1.10,2.60
2010.11.30 12:12:16.513,1.35617,1.35649,3.50,2.50
2010.11.30 12:12:17.035,1.35616,1.35649,2.90,2.50
2010.11.30 12:12:17.857,1.35615,1.35644,1.50,2.50
2010.11.30 12:12:18.365,1.35618,1.35644,1.40,2.30
2010.11.30 12:12:18.508,1.35627,1.35653,1.50,1.90
2010.11.30 12:12:18.846,1.35616,1.35645,1.70,2.60
2010.11.30 12:12:19.177,1.35616,1.35653,1.30,2.50
2010.11.30 12:12:19.497,1.35622,1.35654,1.50,2.50
2010.11.30 12:12:21.205,1.35622,1.35645,1.50,1.70
2010.11.30 12:12:21.427,1.35618,1.35645,1.50,2.60
2010.11.30 12:12:21.646,1.35612,1.35646,1.70,2.60
2010.11.30 12:12:21.871,1.35612,1.35637,1.50,1.70
2010.11.30 12:12:22.140,1.35609,1.35637,1.30,1.70
2010.11.30 12:12:22.278,1.35609,1.35649,2.70,2.50
2010.11.30 12:12:22.664,1.35613,1.35649,1.50,2.60
2010.11.30 12:12:22.996,1.35615,1.35649,1.10,2.60
2010.11.30 12:12:23.118,1.35618,1.3565,1.80,2.60
2010.11.30 12:12:23.487,1.35618,1.35654,1.80,2.50
2010.11.30 12:12:24.188,1.35623,1.35654,1.90,2.50
2010.11.30 12:12:24.573,1.3562,1.35649,1.60,1.90
2010.11.30 12:12:25.327,1.35623,1.35655,1.10,2.50
2010.11.30 12:12:25.743,1.3562,1.35655,1.80,2.50
2010.11.30 12:12:25.895,1.35623,1.35656,1.10,2.50
2010.11.30 12:12:26.578,1.3562,1.35648,1.60,1.90
2010.11.30 12:12:26.805,1.35618,1.35648,1.10,2.60
2010.11.30 12:12:27.361,1.35621,1.35653,1.70,2.50
2010.11.30 12:12:27.656,1.35622,1.35653,1.10,2.50
2010.11.30 12:12:27.874,1.35621,1.35653,1.70,2.50
2010.11.30 12:12:29.009,1.35621,1.35649,1.50,1.90
2010.11.30 12:12:29.157,1.35623,1.35649,1.70,1.90
2010.11.30 12:12:29.496,1.35631,1.35658,1.10,2.60
2010.11.30 12:12:29.968,1.3563,1.35658,2.80,2.60
2010.11.30 12:12:30.669,1.35631,1.35658,1.10,2.60
2010.11.30 12:12:32.019,1.3563,1.35658,2.80,2.60
2010.11.30 12:12:33.567,1.3563,1.35658,1.70,2.60
2010.11.30 12:12:33.920,1.35631,1.35658,1.10,2.60
2010.11.30 12:12:35.080,1.3563,1.35658,2.80,2.60
2010.11.30 12:12:37.349,1.35631,1.35658,1.10,2.60
2010.11.30 12:12:40.502,1.3563,1.35658,1.70,2.60
2010.11.30 12:12:42.375,1.3563,1.35658,1.70,2.60
2010.11.30 12:12:42.815,1.3563,1.35658,1.70,2.40
2010.11.30 12:12:43.920,1.35632,1.35658,1.70,1.70
2010.11.30 12:12:44.664,1.35632,1.35658,1.80,1.70
2010.11.30 12:12:44.893,1.35632,1.35658,1.70,1.70
2010.11.30 12:12:45.273,1.35632,1.35658,1.60,1.70
2010.11.30 12:12:45.687,1.35632,1.35658,1.70,1.70
2010.11.30 12:12:46.174,1.35632,1.35658,1.70,2.40
2010.11.30 12:12:46.507,1.35619,1.35637,1.50,1.70
2010.11.30 12:12:46.824,1.35619,1.35645,1.50,1.70
2010.11.30 12:12:47.046,1.35622,1.35645,1.50,1.70
2010.11.30 12:12:47.596,1.35622,1.35646,1.70,1.70
2010.11.30 12:12:47.705,1.35627,1.35659,1.50,2.50
2010.11.30 12:12:50.658,1.35619,1.35648,1.50,1.70
2010.11.30 12:12:50.785,1.35616,1.35649,1.60,1.70
2010.11.30 12:12:50.896,1.35616,1.35649,1.60,1.70
2010.11.30 12:12:51.331,1.35617,1.3565,2.60,2.60
2010.11.30 12:12:51.446,1.35622,1.3565,1.60,2.60
2010.11.30 12:12:52.112,1.35635,1.3565,1.50,1.70
2010.11.30 12:12:52.241,1.35634,1.3566,1.50,1.70
2010.11.30 12:12:52.790,1.35629,1.35658,1.70,1.70
2010.11.30 12:12:52.911,1.35629,1.3566,1.10,2.60
2010.11.30 12:12:53.686,1.35631,1.3566,1.50,2.60
2010.11.30 12:12:54.622,1.35627,1.35659,1.50,2.50
2010.11.30 12:12:55.140,1.35636,1.35666,1.70,2.50
2010.11.30 12:12:55.265,1.35629,1.3566,1.50,2.50
2010.11.30 12:12:55.485,1.35625,1.3566,1.50,2.50
2010.11.30 12:12:55.594,1.35625,1.3566,1.50,2.50
2010.11.30 12:12:59.662,1.35625,1.35661,1.70,4.10
2010.11.30 12:13:01.784,1.35625,1.35661,1.70,4.10
2010.11.30 12:13:05.663,1.35625,1.35661,1.60,4.10
2010.11.30 12:13:06.223,1.35628,1.35656,1.60,1.20
2010.11.30 12:13:06.546,1.35625,1.35646,1.50,1.70
2010.11.30 12:13:06.657,1.35624,1.35646,1.50,1.70
2010.11.30 12:13:08.786,1.35624,1.35639,1.50,1.70
2010.11.30 12:13:09.008,1.35622,1.35639,1.10,1.70
2010.11.30 12:13:09.126,1.35622,1.35653,2.70,2.20
2010.11.30 12:13:09.236,1.35621,1.35647,1.60,1.70
2010.11.30 12:13:09.715,1.35625,1.35647,1.50,1.70
2010.11.30 12:13:10.531,1.35625,1.35647,1.70,1.70
2010.11.30 12:13:12.273,1.35625,1.35647,1.70,1.70
2010.11.30 12:13:13.286,1.35625,1.35647,1.80,1.70
2010.11.30 12:13:14.184,1.35625,1.35647,1.50,1.70
2010.11.30 12:13:15.974,1.35625,1.35657,1.60,2.60
2010.11.30 12:13:16.197,1.35629,1.35657,1.70,2.60
2010.11.30 12:13:16.315,1.35629,1.35657,1.60,2.60
2010.11.30 12:13:16.758,1.35629,1.35657,1.60,2.60
2010.11.30 12:13:19.086,1.3563,1.35657,1.70,2.40
2010.11.30 12:13:19.579,1.35638,1.35667,1.10,2.40
2010.11.30 12:13:19.695,1.35638,1.35673,1.10,2.50
2010.11.30 12:13:19.998,1.3564,1.35673,1.10,2.50
2010.11.30 12:13:21.525,1.35643,1.35673,1.70,2.50
2010.11.30 12:13:21.856,1.35643,1.35675,1.70,2.50
2010.11.30 12:13:21.970,1.35643,1.35667,1.70,1.90
2010.11.30 12:13:22.087,1.35642,1.35667,1.50,1.70
2010.11.30 12:13:23.348,1.35642,1.35667,1.70,1.70
2010.11.30 12:13:23.469,1.35642,1.35676,1.70,2.50
2010.11.30 12:13:24.733,1.35647,1.35667,1.50,1.70
2010.11.30 12:13:26.056,1.35643,1.35667,1.50,1.70
2010.11.30 12:13:27.855,1.35643,1.35673,1.70,1.30
2010.11.30 12:13:27.975,1.35648,1.35676,1.50,1.70
2010.11.30 12:13:30.114,1.35649,1.35676,1.10,1.70
2010.11.30 12:13:30.224,1.35648,1.35676,1.70,1.70
2010.11.30 12:13:31.548,1.35648,1.35676,1.50,2.80
2010.11.30 12:13:31.777,1.3565,1.35679,1.50,5.10
2010.11.30 12:13:33.196,1.35647,1.35675,1.60,5.10
2010.11.30 12:13:34.201,1.35651,1.35675,1.90,1.70
2010.11.30 12:13:34.316,1.35651,1.35679,1.80,2.50
2010.11.30 12:13:34.709,1.35651,1.35679,1.90,2.50
2010.11.30 12:13:42.065,1.35652,1.35681,1.90,1.30
2010.11.30 12:13:42.398,1.35661,1.35695,1.50,1.70
2010.11.30 12:13:42.709,1.35661,1.35682,1.50,1.70
2010.11.30 12:13:44.142,1.35661,1.35689,1.50,1.50
2010.11.30 12:13:44.886,1.35661,1.35685,1.50,1.70
2010.11.30 12:13:50.267,1.35661,1.35685,1.50,2.00
2010.11.30 12:13:50.693,1.35651,1.35684,1.50,2.80
2010.11.30 12:13:50.804,1.35651,1.35684,1.50,2.90
2010.11.30 12:13:51.744,1.35656,1.35684,1.60,2.80
2010.11.30 12:13:51.861,1.35661,1.35689,1.70,1.30
2010.11.30 12:13:51.977,1.35661,1.35689,1.80,1.30
2010.11.30 12:13:52.378,1.35669,1.35692,1.50,2.10
2010.11.30 12:13:52.557,1.35664,1.35692,1.50,2.20
2010.11.30 12:13:52.672,1.35663,1.35691,1.50,1.30
2010.11.30 12:13:54.397,1.35664,1.35691,1.70,2.20
2010.11.30 12:13:54.736,1.35671,1.35691,1.50,2.10
2010.11.30 12:13:57.886,1.35671,1.35692,1.70,1.70
2010.11.30 12:13:58.030,1.35672,1.35703,1.10,2.80
2010.11.30 12:13:58.604,1.35678,1.35703,1.50,2.10
2010.11.30 12:13:59.528,1.35678,1.35703,1.50,1.80
2010.11.30 12:13:59.644,1.35678,1.35703,1.50,1.80
2010.11.30 12:13:59.913,1.35678,1.35703,1.50,1.80
2010.11.30 12:14:00.041,1.35678,1.35706,1.50,2.30
2010.11.30 12:14:00.555,1.35678,1.35706,1.50,2.40
2010.11.30 12:14:01.152,1.35678,1.35706,1.50,5.10
2010.11.30 12:14:01.379,1.35668,1.35696,1.60,1.90
2010.11.30 12:14:01.851,1.35669,1.35704,1.70,1.30
2010.11.30 12:14:02.413,1.35673,1.35704,2.80,1.30
2010.11.30 12:14:02.769,1.35673,1.35704,3.30,1.30
2010.11.30 12:14:02.895,1.35673,1.35696,1.50,1.70
2010.11.30 12:14:04.231,1.35674,1.35704,1.50,1.30
2010.11.30 12:14:07.411,1.35673,1.35706,1.60,1.30
2010.11.30 12:14:07.964,1.35683,1.3571,1.50,1.10
2010.11.30 12:14:09.411,1.35683,1.35713,1.50,2.60
2010.11.30 12:14:09.959,1.35683,1.35713,1.50,2.60
2010.11.30 12:14:10.084,1.35683,1.35706,1.50,1.70
2010.11.30 12:14:11.064,1.35683,1.35713,1.50,1.50
2010.11.30 12:14:11.449,1.35683,1.35706,1.50,1.70
2010.11.30 12:14:11.684,1.35683,1.35713,1.50,1.50
2010.11.30 12:14:12.973,1.35683,1.35707,1.50,1.70
2010.11.30 12:14:13.307,1.35677,1.35706,1.50,1.10
2010.11.30 12:14:14.246,1.35677,1.35705,1.50,1.10
2010.11.30 12:14:14.467,1.35673,1.35706,1.50,1.10
2010.11.30 12:14:14.585,1.35673,1.35702,1.50,1.10
2010.11.30 12:14:17.158,1.35676,1.35706,1.50,1.10
2010.11.30 12:14:18.217,1.35678,1.35707,1.50,1.90
2010.11.30 12:14:18.818,1.35681,1.35707,1.50,1.70
2010.11.30 12:14:20.245,1.35681,1.35711,1.50,1.30
2010.11.30 12:14:20.904,1.35677,1.35706,1.50,2.40
2010.11.30 12:14:21.235,1.35677,1.35706,1.60,2.60
2010.11.30 12:14:21.784,1.35677,1.35696,1.50,1.70
2010.11.30 12:14:22.295,1.35674,1.35696,1.50,1.70
2010.11.30 12:14:22.735,1.35674,1.35705,1.70,2.80
2010.11.30 12:14:24.353,1.35682,1.35706,1.50,2.40
2010.11.30 12:14:24.793,1.35679,1.35706,1.50,2.50
2010.11.30 12:14:25.834,1.35678,1.35706,1.70,2.50
2010.11.30 12:14:25.953,1.35683,1.35711,1.70,2.80
2010.11.30 12:14:26.068,1.35683,1.35711,1.70,1.30
2010.11.30 12:14:28.649,1.35683,1.35711,1.90,1.30
2010.11.30 12:14:28.768,1.35686,1.35714,1.50,2.80
2010.11.30 12:14:29.001,1.35686,1.3572,1.10,1.50
2010.11.30 12:14:29.304,1.35687,1.35718,1.50,1.90
2010.11.30 12:14:30.488,1.35694,1.35719,1.50,1.40
2010.11.30 12:14:30.922,1.35694,1.35719,1.50,1.30
2010.11.30 12:14:31.374,1.35693,1.35724,1.70,1.10
2010.11.30 12:14:31.484,1.35693,1.35724,1.70,1.10
2010.11.30 12:14:33.066,1.35696,1.35724,1.70,1.10
2010.11.30 12:14:33.388,1.35696,1.3572,1.50,1.90
2010.11.30 12:14:33.630,1.35696,1.35725,1.50,1.30
2010.11.30 12:14:34.047,1.35696,1.35726,1.50,1.30
2010.11.30 12:14:34.946,1.35696,1.35726,1.70,1.30
2010.11.30 12:14:35.167,1.35701,1.35731,1.50,1.90
2010.11.30 12:14:35.647,1.35699,1.35727,1.50,3.10
2010.11.30 12:14:35.766,1.35699,1.35727,1.50,6.70
2010.11.30 12:14:36.313,1.35695,1.35723,1.50,1.10
2010.11.30 12:14:38.378,1.357,1.35727,1.50,2.30
2010.11.30 12:14:40.897,1.35695,1.35719,1.50,1.70
2010.11.30 12:14:41.019,1.35693,1.35726,1.70,1.50
2010.11.30 12:14:41.500,1.35693,1.35724,1.70,1.30
2010.11.30 12:14:41.837,1.35698,1.35728,1.50,4.00
2010.11.30 12:14:43.744,1.35702,1.3573,1.50,1.40
2010.11.30 12:14:45.595,1.35702,1.35727,1.50,2.20
2010.11.30 12:14:45.704,1.35696,1.35724,1.50,1.50
2010.11.30 12:14:46.712,1.35696,1.35719,1.50,1.70
2010.11.30 12:14:48.074,1.35692,1.35719,1.50,1.90
2010.11.30 12:14:49.333,1.35694,1.3572,1.50,1.80
2010.11.30 12:14:49.555,1.35691,1.3572,1.50,1.80
2010.11.30 12:14:49.775,1.35691,1.3572,1.50,5.20
2010.11.30 12:14:50.601,1.35691,1.3572,1.50,5.20
2010.11.30 12:14:51.564,1.35691,1.35719,1.50,1.10
2010.11.30 12:14:57.635,1.35691,1.35716,1.50,2.40
2010.11.30 12:14:57.972,1.35677,1.35683,1.50,1.70
2010.11.30 12:14:58.308,1.35669,1.35698,2.50,2.20
2010.11.30 12:14:58.817,1.35673,1.357,1.50,2.80
2010.11.30 12:15:00.081,1.35666,1.35691,1.50,1.70
2010.11.30 12:15:02.668,1.35665,1.35691,1.50,2.10
2010.11.30 12:15:02.851,1.3565,1.35676,1.50,2.60
2010.11.30 12:15:03.273,1.35651,1.35676,2.50,2.40
2010.11.30 12:15:03.414,1.3566,1.35694,1.70,1.30
2010.11.30 12:15:03.530,1.3566,1.35691,2.30,2.50
2010.11.30 12:15:03.999,1.35666,1.35696,1.50,1.30
2010.11.30 12:15:05.015,1.35662,1.35693,1.50,1.30
2010.11.30 12:15:05.348,1.35658,1.35689,1.50,1.90
2010.11.30 12:15:05.465,1.35656,1.35689,2.30,2.60
2010.11.30 12:15:05.890,1.35664,1.35694,1.50,1.30
2010.11.30 12:15:09.247,1.35664,1.35689,1.50,1.70
2010.11.30 12:15:09.361,1.35656,1.35692,1.50,2.70
2010.11.30 12:15:11.376,1.35654,1.35684,1.50,1.30
2010.11.30 12:15:11.487,1.35652,1.35682,1.50,1.30
2010.11.30 12:15:12.073,1.35648,1.35682,1.70,1.30
2010.11.30 12:15:12.296,1.35648,1.35682,1.70,1.30
2010.11.30 12:15:12.405,1.35648,1.35682,1.70,1.30
2010.11.30 12:15:12.802,1.35652,1.3568,1.50,1.30
2010.11.30 12:15:15.126,1.35647,1.35677,1.50,1.30
2010.11.30 12:15:17.989,1.35647,1.35668,1.50,1.70
2010.11.30 12:15:18.116,1.35641,1.35668,1.50,1.70
2010.11.30 12:15:22.706,1.35641,1.35668,1.60,1.70
2010.11.30 12:15:23.049,1.35639,1.35668,1.70,2.60
2010.11.30 12:15:23.189,1.35639,1.35667,1.50,2.00
2010.11.30 12:15:23.307,1.35631,1.35664,1.50,1.10
2010.11.30 12:15:23.818,1.35643,1.35671,1.50,1.30
2010.11.30 12:15:24.455,1.35642,1.35664,1.70,1.70
2010.11.30 12:15:25.094,1.35645,1.35664,1.50,1.70
2010.11.30 12:15:25.402,1.35642,1.35664,1.50,1.70
2010.11.30 12:15:25.963,1.35642,1.35672,1.50,1.30
2010.11.30 12:15:26.426,1.35646,1.35676,1.50,1.70
2010.11.30 12:15:27.086,1.35643,1.35671,1.50,1.30
2010.11.30 12:15:29.381,1.35643,1.3568,1.70,4.50
2010.11.30 12:15:29.613,1.35643,1.35666,1.50,1.70
2010.11.30 12:15:30.084,1.35643,1.35664,1.50,1.70
2010.11.30 12:15:30.195,1.35643,1.35671,1.50,1.30
2010.11.30 12:15:31.859,1.35643,1.35667,1.50,1.70
2010.11.30 12:15:33.244,1.35643,1.3567,1.50,1.90
2010.11.30 12:15:33.366,1.35643,1.35656,1.50,1.70
2010.11.30 12:15:33.757,1.35643,1.35671,1.50,2.80
2010.11.30 12:15:34.644,1.35643,1.35671,1.50,1.70
2010.11.30 12:15:38.195,1.35643,1.35664,1.50,1.70
2010.11.30 12:15:40.966,1.35637,1.35664,1.50,1.90
2010.11.30 12:15:41.850,1.35637,1.35663,1.50,1.70
2010.11.30 12:15:42.565,1.35628,1.35663,1.70,7.00
2010.11.30 12:15:43.005,1.35633,1.35664,1.70,2.60
2010.11.30 12:15:43.263,1.35636,1.35664,1.50,1.90
2010.11.30 12:15:43.711,1.3564,1.35664,1.50,1.70
2010.11.30 12:15:54.123,1.3564,1.35664,1.50,2.10
2010.11.30 12:15:56.606,1.35634,1.35664,1.10,2.20
2010.11.30 12:15:56.727,1.35632,1.35664,1.80,2.20
2010.11.30 12:15:56.845,1.35633,1.35663,1.50,1.30
2010.11.30 12:15:59.228,1.35637,1.35667,1.50,1.70
2010.11.30 12:16:00.432,1.35637,1.35667,1.50,1.70
2010.11.30 12:16:01.385,1.35637,1.35667,1.50,1.30
2010.11.30 12:16:01.494,1.35641,1.35669,1.50,2.80
2010.11.30 12:16:05.388,1.35636,1.35664,1.50,2.30
2010.11.30 12:16:05.505,1.35634,1.35662,1.50,1.30
2010.11.30 12:16:06.210,1.3563,1.35653,1.50,1.70
2010.11.30 12:16:06.327,1.3563,1.35663,1.70,3.00
2010.11.30 12:16:06.654,1.35634,1.35663,1.70,2.20
2010.11.30 12:16:07.185,1.35637,1.35663,1.50,2.10
2010.11.30 12:16:07.804,1.35639,1.35654,1.50,1.70
2010.11.30 12:16:09.439,1.35639,1.35663,1.50,2.10
2010.11.30 12:16:11.341,1.35635,1.35664,1.50,2.10
2010.11.30 12:16:11.722,1.35635,1.35657,1.50,1.70
2010.11.30 12:16:12.748,1.35631,1.35657,1.50,1.70
2010.11.30 12:16:13.817,1.35634,1.35657,1.50,1.70
2010.11.30 12:16:14.139,1.35634,1.35667,1.50,2.70
2010.11.30 12:16:14.254,1.35638,1.35667,1.50,5.80
2010.11.30 12:16:14.788,1.35638,1.35657,1.50,1.70
2010.11.30 12:16:15.014,1.35635,1.35657,1.50,1.70
2010.11.30 12:16:17.747,1.35633,1.35657,1.70,1.70
2010.11.30 12:16:17.880,1.35639,1.35657,2.40,1.70
2010.11.30 12:16:18.001,1.35643,1.3567,1.70,1.20
2010.11.30 12:16:18.291,1.3564,1.35661,1.50,1.70
2010.11.30 12:16:22.253,1.3564,1.35668,1.70,1.70
2010.11.30 12:16:22.372,1.3564,1.3566,1.50,1.70
2010.11.30 12:16:23.535,1.35644,1.35675,1.50,2.80
2010.11.30 12:16:23.646,1.35644,1.35675,1.50,1.30
2010.11.30 12:16:23.754,1.35647,1.35675,1.50,1.30
2010.11.30 12:16:24.852,1.35647,1.35675,1.60,1.30
2010.11.30 12:16:25.467,1.35649,1.35679,2.60,1.30
2010.11.30 12:16:25.577,1.35651,1.35687,1.70,2.00
2010.11.30 12:16:25.930,1.35657,1.35684,1.50,2.60
2010.11.30 12:16:26.161,1.35657,1.35684,1.50,1.70
2010.11.30 12:16:33.288,1.35657,1.35685,3.00,2.60
2010.11.30 12:16:34.205,1.3566,1.35684,1.50,2.10
2010.11.30 12:16:36.527,1.3566,1.3569,1.50,1.50
2010.11.30 12:16:37.189,1.35654,1.35674,1.50,1.70
2010.11.30 12:16:37.519,1.35654,1.35674,1.50,1.70
2010.11.30 12:16:37.666,1.35654,1.35684,1.50,1.30
2010.11.30 12:16:39.183,1.35657,1.35692,1.50,2.80
2010.11.30 12:16:39.776,1.35664,1.35692,1.50,2.80
2010.11.30 12:16:42.094,1.35664,1.35697,1.50,1.30
2010.11.30 12:16:42.316,1.35669,1.35698,1.50,1.30
2010.11.30 12:16:43.616,1.35669,1.35692,1.50,1.70
2010.11.30 12:16:48.919,1.3567,1.35692,1.70,1.70
2010.11.30 12:16:49.420,1.35674,1.35701,1.50,2.80
2010.11.30 12:16:49.539,1.35665,1.35687,1.50,1.70
2010.11.30 12:16:50.087,1.35657,1.35688,2.30,2.60
2010.11.30 12:16:50.216,1.35663,1.35694,1.50,1.20
2010.11.30 12:16:51.264,1.35658,1.35685,1.50,1.90
2010.11.30 12:16:53.006,1.35658,1.35685,1.70,1.90
2010.11.30 12:16:53.338,1.35666,1.35695,1.50,1.90
2010.11.30 12:16:54.894,1.35666,1.35696,1.50,2.80
2010.11.30 12:16:55.023,1.35656,1.35684,1.50,1.70
2010.11.30 12:16:55.247,1.35656,1.35692,1.90,1.50
2010.11.30 12:16:56.805,1.35656,1.35685,1.50,1.80
2010.11.30 12:16:57.182,1.3565,1.35675,1.50,1.70
2010.11.30 12:16:57.738,1.3565,1.3568,1.70,1.10
2010.11.30 12:16:57.977,1.35651,1.35686,1.70,2.60
2010.11.30 12:16:58.104,1.35655,1.35686,1.50,2.60
2010.11.30 12:17:00.853,1.35652,1.35685,1.50,1.10
2010.11.30 12:17:01.193,1.35652,1.35684,1.70,2.60
2010.11.30 12:17:01.425,1.35655,1.35685,1.70,2.60
2010.11.30 12:17:02.976,1.35655,1.35685,1.70,2.60
2010.11.30 12:17:03.381,1.35664,1.35692,1.50,1.30
2010.11.30 12:17:07.629,1.35666,1.35696,2.40,2.20
2010.11.30 12:17:07.877,1.35666,1.35694,2.30,1.30
2010.11.30 12:17:08.520,1.35662,1.35692,2.30,1.10
2010.11.30 12:17:09.315,1.35666,1.35695,1.50,2.20
2010.11.30 12:17:10.364,1.35669,1.35695,1.50,2.10
2010.11.30 12:17:12.454,1.35669,1.35695,1.50,2.10
2010.11.30 12:17:12.564,1.35666,1.35695,1.50,2.40
2010.11.30 12:17:12.895,1.35666,1.35695,1.50,4.90
2010.11.30 12:17:13.224,1.35664,1.35688,1.50,1.80
2010.11.30 12:17:14.414,1.35664,1.35688,1.50,1.80
2010.11.30 12:17:14.660,1.35664,1.35688,1.50,1.80
2010.11.30 12:17:15.179,1.35664,1.35688,1.50,1.80
2010.11.30 12:17:15.831,1.35664,1.35688,1.50,1.80
2010.11.30 12:17:16.214,1.35664,1.35688,1.50,1.70
2010.11.30 12:17:16.435,1.35664,1.35688,1.50,1.80
2010.11.30 12:17:16.660,1.35659,1.35687,1.50,2.40
2010.11.30 12:17:17.098,1.35655,1.35676,1.50,1.70
2010.11.30 12:17:17.232,1.35656,1.35685,1.50,1.50
2010.11.30 12:17:17.786,1.35656,1.35685,1.50,2.50
2010.11.30 12:17:19.580,1.35656,1.35676,1.50,1.70
2010.11.30 12:17:20.527,1.35656,1.35685,1.70,1.50
2010.11.30 12:17:21.157,1.35657,1.35685,1.10,1.30
2010.11.30 12:17:21.541,1.35658,1.35676,1.50,1.70
2010.11.30 12:17:21.656,1.35658,1.35692,1.70,5.10
2010.11.30 12:17:22.175,1.35659,1.35688,1.90,1.30
2010.11.30 12:17:22.834,1.35662,1.35689,1.70,1.70
2010.11.30 12:17:23.643,1.35662,1.35681,1.70,1.40
2010.11.30 12:17:24.307,1.35659,1.35681,1.90,1.40
2010.11.30 12:17:25.171,1.35661,1.35681,1.80,1.40
2010.11.30 12:17:25.292,1.35664,1.35692,1.80,2.40
2010.11.30 12:17:25.447,1.35665,1.35692,1.10,2.40
2010.11.30 12:17:25.579,1.35664,1.35697,1.50,2.80
2010.11.30 12:17:26.095,1.35659,1.35687,1.50,2.20
2010.11.30 12:17:26.207,1.35658,1.35684,1.50,1.20
2010.11.30 12:17:26.437,1.35649,1.35677,3.00,3.20
2010.11.30 12:17:26.745,1.35649,1.35677,1.50,3.40
2010.11.30 12:17:27.184,1.35653,1.35677,1.50,2.40
2010.11.30 12:17:27.295,1.35653,1.35677,1.70,2.10
2010.11.30 12:17:27.808,1.35652,1.35682,1.50,2.90
2010.11.30 12:17:27.937,1.35652,1.35682,1.10,1.70
2010.11.30 12:17:28.346,1.35655,1.35683,1.50,2.60
2010.11.30 12:17:28.676,1.35658,1.3569,2.30,1.30
2010.11.30 12:17:28.786,1.35659,1.3569,1.90,1.30
2010.11.30 12:17:31.286,1.35664,1.35689,1.50,1.30
2010.11.30 12:17:31.691,1.35659,1.35688,1.50,1.30
2010.11.30 12:17:31.805,1.35659,1.35688,1.50,1.30
2010.11.30 12:17:32.715,1.35663,1.35691,1.50,3.00
2010.11.30 12:17:33.528,1.35665,1.35691,1.50,2.10
2010.11.30 12:17:37.313,1.35666,1.35695,2.30,1.50
2010.11.30 12:17:37.537,1.3567,1.35698,1.50,1.30
2010.11.30 12:17:43.740,1.3567,1.35692,1.50,1.70
2010.11.30 12:17:44.226,1.35665,1.35692,1.50,1.70
2010.11.30 12:17:44.726,1.35665,1.35692,1.50,1.80
2010.11.30 12:17:45.054,1.35665,1.35692,1.50,1.80
2010.11.30 12:17:45.476,1.35659,1.35681,1.50,2.10
2010.11.30 12:17:47.568,1.35659,1.35687,1.50,1.30
2010.11.30 12:17:48.075,1.35661,1.35692,1.50,7.00
2010.11.30 12:17:48.934,1.35661,1.35689,1.50,1.70
2010.11.30 12:17:53.156,1.35663,1.35689,1.20,1.50
2010.11.30 12:17:57.813,1.35665,1.35692,1.50,2.20
2010.11.30 12:17:57.927,1.35663,1.35692,1.50,2.20
2010.11.30 12:18:03.190,1.35663,1.35692,1.50,2.20
2010.11.30 12:18:03.463,1.35659,1.35689,3.00,1.30
2010.11.30 12:18:05.434,1.35668,1.35698,1.70,4.20
2010.11.30 12:18:05.550,1.3566,1.35692,2.30,1.90
2010.11.30 12:18:05.665,1.35662,1.35692,1.50,1.90
2010.11.30 12:18:06.000,1.35662,1.35691,1.50,2.10
2010.11.30 12:18:06.380,1.35654,1.3568,1.50,1.70
2010.11.30 12:18:06.498,1.35654,1.35687,1.50,1.30
2010.11.30 12:18:07.033,1.35654,1.35687,1.50,1.30
2010.11.30 12:18:07.809,1.35658,1.35687,1.50,1.30
2010.11.30 12:18:08.254,1.35665,1.35693,1.50,2.80
2010.11.30 12:18:08.589,1.3566,1.3569,1.50,2.80
2010.11.30 12:18:09.058,1.35668,1.35696,1.50,2.80
2010.11.30 12:18:11.709,1.35668,1.35696,1.50,1.30
2010.11.30 12:18:12.280,1.35679,1.35709,1.50,2.40
2010.11.30 12:18:12.950,1.35676,1.35699,1.50,3.50
2010.11.30 12:18:13.074,1.35669,1.35698,1.50,2.40
2010.11.30 12:18:13.189,1.35666,1.35697,1.50,2.40
2010.11.30 12:18:13.442,1.35664,1.35694,1.50,1.30
2010.11.30 12:18:14.650,1.35664,1.35696,1.50,1.30
2010.11.30 12:18:15.537,1.35666,1.35695,1.50,1.30
2010.11.30 12:18:16.352,1.35661,1.35695,1.20,1.30
2010.11.30 12:18:16.496,1.3566,1.35688,1.50,3.40
2010.11.30 12:18:17.264,1.35661,1.35688,1.50,2.60
2010.11.30 12:18:17.474,1.35662,1.35688,1.50,2.40
2010.11.30 12:18:17.918,1.35668,1.35702,1.60,3.60
2010.11.30 12:18:18.495,1.35683,1.35711,1.50,1.80
2010.11.30 12:18:20.997,1.35683,1.35711,1.50,1.40
2010.11.30 12:18:21.106,1.35688,1.35712,1.50,2.50
2010.11.30 12:18:27.157,1.3568,1.3571,1.50,1.50
2010.11.30 12:18:27.389,1.35678,1.35709,1.50,1.50
2010.11.30 12:18:27.680,1.35675,1.35701,1.50,2.40
2010.11.30 12:18:28.236,1.35675,1.35703,1.50,1.30
2010.11.30 12:18:29.676,1.35668,1.35699,1.50,1.30
2010.11.30 12:18:30.659,1.35675,1.35705,1.50,1.70
2010.11.30 12:18:31.347,1.35671,1.35699,1.50,1.20
2010.11.30 12:18:31.685,1.35671,1.35699,1.50,1.30
2010.11.30 12:18:38.976,1.35675,1.35705,1.50,1.70
2010.11.30 12:18:39.508,1.35679,1.3571,1.50,3.20
2010.11.30 12:18:41.226,1.35679,1.3571,1.50,2.80
2010.11.30 12:18:41.527,1.35675,1.35705,1.50,1.30
2010.11.30 12:18:41.686,1.35668,1.357,1.70,1.30
2010.11.30 12:18:41.908,1.35668,1.357,1.50,1.30
2010.11.30 12:18:42.397,1.35667,1.35694,1.50,1.70
2010.11.30 12:18:49.053,1.35664,1.35692,1.50,2.20
2010.11.30 12:18:49.175,1.35657,1.35688,1.50,1.30
2010.11.30 12:18:49.286,1.35657,1.35688,1.50,1.30
2010.11.30 12:18:50.299,1.35657,1.35688,1.50,1.30
2010.11.30 12:18:50.670,1.35659,1.35698,1.50,1.10
2010.11.30 12:18:51.004,1.35665,1.35701,1.50,2.50
2010.11.30 12:18:52.087,1.35665,1.35696,1.50,1.10
2010.11.30 12:18:52.225,1.35665,1.35687,1.50,1.70
2010.11.30 12:18:53.547,1.35665,1.35688,1.50,1.70
2010.11.30 12:18:54.321,1.35659,1.35688,1.50,1.90
2010.11.30 12:18:54.773,1.35659,1.35688,1.50,1.90
2010.11.30 12:18:55.502,1.35662,1.35687,1.50,1.70
2010.11.30 12:18:55.619,1.35662,1.35699,1.50,1.60
2010.11.30 12:18:57.809,1.35664,1.35698,1.50,1.10
2010.11.30 12:18:57.927,1.35668,1.357,1.50,1.10
2010.11.30 12:18:58.256,1.35673,1.357,1.50,1.10
2010.11.30 12:18:59.621,1.35673,1.35701,1.50,1.60
2010.11.30 12:18:59.957,1.35668,1.35692,1.50,1.70
2010.11.30 12:19:02.057,1.35673,1.35692,1.50,1.70
2010.11.30 12:19:02.176,1.35673,1.35703,1.50,2.90
2010.11.30 12:19:02.978,1.35677,1.35703,1.50,1.70
2010.11.30 12:19:03.410,1.35673,1.35702,1.50,1.90
2010.11.30 12:19:03.638,1.35668,1.35701,1.50,2.10
2010.11.30 12:19:03.762,1.35667,1.357,1.50,1.20
2010.11.30 12:19:05.915,1.3567,1.35702,1.50,2.60
2010.11.30 12:19:06.530,1.35671,1.35699,1.50,1.70
2010.11.30 12:19:06.647,1.35672,1.35699,1.50,1.70
2010.11.30 12:19:11.586,1.35671,1.35702,1.50,2.60
2010.11.30 12:19:19.350,1.35678,1.35711,1.50,1.30
2010.11.30 12:19:22.619,1.35684,1.35712,1.50,2.60
2010.11.30 12:19:22.863,1.3569,1.35718,1.50,2.50
2010.11.30 12:19:23.095,1.3569,1.3571,1.50,1.70
2010.11.30 12:19:23.274,1.35684,1.35708,1.50,1.70
2010.11.30 12:19:23.387,1.35684,1.35714,1.50,1.20
2010.11.30 12:19:24.227,1.35684,1.35712,1.50,1.80
2010.11.30 12:19:24.341,1.35678,1.35709,1.50,1.60
2010.11.30 12:19:24.846,1.35673,1.35708,1.50,2.60
2010.11.30 12:19:25.771,1.35673,1.35708,1.90,2.40
2010.11.30 12:19:25.895,1.35681,1.35716,1.50,1.10
2010.11.30 12:19:28.171,1.35681,1.35709,1.50,1.20
2010.11.30 12:19:28.406,1.3567,1.35699,1.50,1.90
2010.11.30 12:19:30.597,1.3567,1.35697,1.50,1.70
2010.11.30 12:19:32.217,1.3567,1.35699,1.50,1.90
2010.11.30 12:19:32.945,1.35674,1.35699,1.50,1.70
2010.11.30 12:19:33.388,1.35671,1.35697,1.50,1.70
2010.11.30 12:19:33.983,1.35672,1.35709,1.70,2.60
2010.11.30 12:19:34.095,1.35673,1.35709,1.60,2.60
2010.11.30 12:19:34.642,1.35681,1.35711,1.50,1.10
2010.11.30 12:19:39.616,1.35673,1.35707,1.50,2.80
2010.11.30 12:19:39.738,1.35673,1.35707,1.50,1.70
2010.11.30 12:19:40.076,1.35676,1.35708,1.50,2.60
2010.11.30 12:19:40.838,1.35677,1.35708,1.50,5.80
2010.11.30 12:19:42.179,1.35677,1.35705,1.50,1.10
2010.11.30 12:19:42.461,1.35677,1.35705,1.50,1.90
2010.11.30 12:19:42.940,1.35672,1.35697,1.50,1.80
2010.11.30 12:19:43.088,1.35668,1.35698,1.50,2.70
2010.11.30 12:19:43.206,1.35665,1.35698,1.50,2.70
2010.11.30 12:19:43.316,1.35665,1.35698,1.50,2.70
2010.11.30 12:19:43.613,1.35671,1.35698,1.50,1.90
2010.11.30 12:19:43.735,1.35675,1.35712,1.20,2.50
2010.11.30 12:19:43.851,1.35683,1.35712,1.50,2.50
2010.11.30 12:19:48.346,1.3568,1.3571,1.50,1.20
2010.11.30 12:19:48.589,1.35678,1.3571,1.50,1.20
2010.11.30 12:19:48.707,1.35676,1.35712,1.50,2.80
2010.11.30 12:19:48.926,1.35675,1.35712,1.50,2.80
2010.11.30 12:19:50.453,1.35669,1.35702,1.70,2.60
2010.11.30 12:19:50.568,1.35667,1.35701,1.70,2.60
2010.11.30 12:19:51.142,1.35668,1.35701,1.50,2.60
2010.11.30 12:20:02.442,1.35668,1.35694,1.50,1.20
2010.11.30 12:20:02.678,1.35663,1.35694,1.60,1.90
2010.11.30 12:20:03.016,1.35667,1.35689,1.50,1.70
2010.11.30 12:20:03.131,1.35667,1.35702,1.50,2.60
2010.11.30 12:20:06.094,1.3567,1.35699,1.50,1.20
2010.11.30 12:20:06.650,1.3567,1.35701,1.50,2.50
2010.11.30 12:20:08.524,1.35667,1.35702,1.50,5.20
2010.11.30 12:20:11.266,1.35668,1.35701,1.50,2.80
2010.11.30 12:20:11.596,1.3567,1.35701,1.50,2.60
2010.11.30 12:20:17.281,1.3567,1.35701,1.50,3.00
2010.11.30 12:20:17.512,1.3567,1.35699,1.50,1.10
2010.11.30 12:20:22.349,1.3567,1.357,1.50,2.60
2010.11.30 12:20:22.474,1.35665,1.3569,1.50,1.70
2010.11.30 12:20:22.594,1.35665,1.3569,1.50,1.80
2010.11.30 12:20:22.915,1.35666,1.3569,1.50,2.00
2010.11.30 12:20:25.987,1.35662,1.35686,1.50,1.70
2010.11.30 12:20:26.848,1.35666,1.35686,1.50,1.70
2010.11.30 12:20:26.979,1.35666,1.3569,1.50,1.70
2010.11.30 12:20:27.564,1.35671,1.35689,1.50,1.70
2010.11.30 12:20:29.535,1.35671,1.35698,1.50,1.10
2010.11.30 12:20:30.020,1.35674,1.35703,1.50,2.40
2010.11.30 12:20:30.245,1.35674,1.35705,1.50,2.60
2010.11.30 12:20:32.869,1.3568,1.35705,1.50,1.80
2010.11.30 12:20:33.320,1.3568,1.35693,1.50,1.70
2010.11.30 12:20:34.078,1.35679,1.357,1.50,1.70
2010.11.30 12:20:39.898,1.35679,1.357,1.70,1.70
2010.11.30 12:20:40.025,1.35676,1.35693,1.50,1.70
2010.11.30 12:20:40.137,1.35676,1.35704,1.60,2.60
2010.11.30 12:20:40.420,1.35676,1.35704,1.60,2.40
2010.11.30 12:20:40.650,1.35676,1.35704,1.70,1.70
2010.11.30 12:20:41.798,1.35679,1.35698,1.50,1.70
2010.11.30 12:20:42.189,1.35679,1.35698,1.50,1.90
2010.11.30 12:20:42.799,1.35665,1.35684,1.50,1.70
2010.11.30 12:20:42.920,1.35662,1.35681,1.50,1.70
2010.11.30 12:20:43.189,1.35659,1.35681,1.50,1.70
2010.11.30 12:20:43.332,1.35662,1.35687,2.50,1.70
2010.11.30 12:20:43.812,1.35667,1.35682,1.50,1.70
2010.11.30 12:20:43.933,1.35667,1.35695,1.50,1.10
2010.11.30 12:20:44.051,1.35667,1.35698,1.50,2.60
2010.11.30 12:20:44.460,1.35671,1.35698,1.50,1.90
2010.11.30 12:20:44.579,1.35673,1.35698,1.50,1.70
2010.11.30 12:20:45.958,1.35675,1.35683,1.50,1.70
2010.11.30 12:20:47.201,1.35675,1.35683,1.50,1.70
2010.11.30 12:20:48.775,1.35675,1.35683,1.50,1.70
2010.11.30 12:20:49.095,1.35675,1.35689,1.50,1.70
2010.11.30 12:20:49.319,1.35675,1.35698,1.50,1.70
2010.11.30 12:20:49.439,1.35684,1.35698,1.50,1.70
2010.11.30 12:20:50.119,1.35689,1.35712,1.50,1.70
2010.11.30 12:20:50.242,1.35686,1.35701,1.50,1.70
2010.11.30 12:20:50.580,1.3568,1.35701,1.50,1.70
2010.11.30 12:20:50.936,1.3568,1.35701,1.50,1.70
2010.11.30 12:20:51.757,1.35684,1.35711,1.50,1.90
2010.11.30 12:20:51.867,1.35687,1.35711,1.50,1.90
2010.11.30 12:20:52.199,1.35689,1.35711,1.50,1.70
2010.11.30 12:20:52.688,1.35689,1.35705,1.50,1.70
2010.11.30 12:20:53.090,1.35679,1.3569,2.30,1.70
2010.11.30 12:20:53.242,1.35672,1.35696,1.50,1.70
2010.11.30 12:20:53.357,1.35679,1.35696,1.50,1.70
2010.11.30 12:20:53.912,1.35684,1.35704,1.50,1.70
2010.11.30 12:20:54.808,1.35685,1.35715,1.50,1.90
2010.11.30 12:20:54.928,1.35686,1.35715,1.50,1.90
2010.11.30 12:20:55.534,1.35692,1.3572,1.50,1.20
2010.11.30 12:20:55.945,1.357,1.35728,1.50,1.70
2010.11.30 12:20:57.446,1.35709,1.35728,1.50,1.70
2010.11.30 12:20:57.561,1.35709,1.35739,1.50,1.30
2010.11.30 12:20:57.898,1.35709,1.3574,1.50,1.70
2010.11.30 12:20:58.309,1.35705,1.35728,1.50,1.70
2010.11.30 12:20:58.430,1.35703,1.35728,1.50,1.70
2010.11.30 12:21:00.386,1.35703,1.3573,1.50,1.70
2010.11.30 12:21:00.499,1.35703,1.35728,1.50,1.70
2010.11.30 12:21:02.057,1.35703,1.35728,1.50,1.80
2010.11.30 12:21:02.380,1.357,1.35728,1.50,2.80
2010.11.30 12:21:02.499,1.357,1.35719,1.50,1.70
2010.11.30 12:21:02.949,1.35704,1.35719,1.50,1.70
2010.11.30 12:21:03.067,1.35704,1.35732,3.00,2.60
2010.11.30 12:21:03.401,1.35711,1.35732,1.50,1.70
2010.11.30 12:21:03.527,1.35719,1.35747,1.50,3.60
2010.11.30 12:21:03.639,1.35719,1.35732,1.50,1.70
2010.11.30 12:21:04.215,1.3571,1.35746,1.50,2.80
2010.11.30 12:21:04.842,1.3571,1.35733,1.50,1.70
2010.11.30 12:21:05.102,1.3571,1.35746,1.50,5.20
2010.11.30 12:21:05.789,1.3571,1.35732,1.50,1.70
2010.11.30 12:21:05.906,1.35706,1.35732,1.50,1.70
2010.11.30 12:21:06.250,1.35706,1.35726,1.50,1.70
2010.11.30 12:21:06.701,1.35683,1.35709,2.40,1.70
2010.11.30 12:21:06.855,1.3569,1.35718,3.20,2.40
2010.11.30 12:21:07.430,1.35704,1.35718,1.50,1.70
2010.11.30 12:21:08.086,1.35699,1.35718,1.50,1.70
2010.11.30 12:21:08.642,1.35696,1.35718,1.50,1.70
2010.11.30 12:21:09.335,1.35693,1.35719,1.80,1.70
2010.11.30 12:21:09.512,1.357,1.35729,1.50,1.70
2010.11.30 12:21:10.052,1.357,1.35718,1.50,1.70
2010.11.30 12:21:10.175,1.35699,1.35718,1.50,1.70
2010.11.30 12:21:10.398,1.35696,1.35718,1.50,1.70
2010.11.30 12:21:10.769,1.35698,1.35711,3.20,1.70
2010.11.30 12:21:10.891,1.35692,1.35711,1.50,1.70
2010.11.30 12:21:11.188,1.35692,1.35709,1.50,1.70
2010.11.30 12:21:11.306,1.35694,1.35718,1.50,1.90
2010.11.30 12:21:11.716,1.35691,1.35718,1.50,1.90
2010.11.30 12:21:12.156,1.35694,1.35727,1.50,2.50
2010.11.30 12:21:12.487,1.35694,1.35727,1.50,2.50
2010.11.30 12:21:12.709,1.35696,1.35729,1.50,2.80
2010.11.30 12:21:12.829,1.35696,1.35715,1.50,1.70
2010.11.30 12:21:12.949,1.35696,1.35726,1.50,2.60
2010.11.30 12:21:13.369,1.35703,1.35726,1.50,1.70
2010.11.30 12:21:13.791,1.357,1.35726,1.50,1.70
2010.11.30 12:21:16.659,1.35699,1.35726,1.50,1.70
2010.11.30 12:21:18.335,1.35699,1.35731,1.50,2.70
2010.11.30 12:21:18.920,1.35697,1.35732,1.50,2.50
2010.11.30 12:21:19.788,1.35699,1.35734,2.60,2.50
2010.11.30 12:21:19.898,1.35697,1.35733,1.50,2.60
2010.11.30 12:21:20.222,1.357,1.35733,1.50,2.60
2010.11.30 12:21:20.809,1.35702,1.35731,2.40,2.50
2010.11.30 12:21:22.939,1.35701,1.35735,1.50,4.80
2010.11.30 12:21:23.167,1.357,1.35731,1.50,2.60
2010.11.30 12:21:25.497,1.35697,1.3573,1.60,2.50
2010.11.30 12:21:26.186,1.35697,1.3573,1.60,2.50
2010.11.30 12:21:27.348,1.35699,1.35732,2.60,4.00
2010.11.30 12:21:27.699,1.35699,1.35732,2.50,4.00
2010.11.30 12:21:28.369,1.35699,1.35732,2.60,4.00
2010.11.30 12:21:35.785,1.357,1.3573,2.50,2.50
2010.11.30 12:21:36.585,1.357,1.3573,2.50,2.50
2010.11.30 12:21:39.722,1.3569,1.35723,2.10,2.40
2010.11.30 12:21:39.866,1.3569,1.35723,2.10,2.80
2010.11.30 12:21:41.152,1.35693,1.35721,2.60,2.50
2010.11.30 12:21:41.266,1.35693,1.35721,2.60,2.50
2010.11.30 12:21:41.663,1.35693,1.35724,2.60,2.60
2010.11.30 12:21:45.958,1.35697,1.35724,1.80,2.60
2010.11.30 12:21:55.612,1.35695,1.35729,1.50,2.50
2010.11.30 12:21:58.941,1.35703,1.35734,1.50,4.80
2010.11.30 12:22:00.462,1.35703,1.3573,1.50,1.70
2010.11.30 12:22:00.917,1.3571,1.3573,1.50,1.70
2010.11.30 12:22:01.218,1.35709,1.35739,1.50,1.10
2010.11.30 12:22:01.556,1.35706,1.35739,1.50,1.10
2010.11.30 12:22:02.374,1.35707,1.35735,1.50,1.10
2010.11.30 12:22:02.705,1.35707,1.35735,1.50,1.10
2010.11.30 12:22:03.567,1.35707,1.35738,1.50,1.30
2010.11.30 12:22:04.137,1.35707,1.35735,1.50,1.10
2010.11.30 12:22:04.749,1.35701,1.35739,1.50,2.20
2010.11.30 12:22:05.447,1.35702,1.35739,1.70,5.80
2010.11.30 12:22:05.564,1.35701,1.35738,1.50,1.10
2010.11.30 12:22:10.390,1.35697,1.35732,1.50,2.50
2010.11.30 12:22:11.588,1.35697,1.35713,1.50,1.70
2010.11.30 12:22:11.709,1.3569,1.35713,1.50,1.70
2010.11.30 12:22:12.085,1.35688,1.35707,1.50,1.70
2010.11.30 12:22:12.203,1.35685,1.35707,1.50,1.70
2010.11.30 12:22:12.316,1.35682,1.35707,1.50,1.70
2010.11.30 12:22:13.372,1.35682,1.35717,1.50,2.60
2010.11.30 12:22:13.967,1.35678,1.35717,2.40,2.60
2010.11.30 12:22:14.187,1.35678,1.35717,1.60,2.70
2010.11.30 12:22:14.652,1.35685,1.35714,1.70,1.30
2010.11.30 12:22:15.256,1.35685,1.35717,1.90,4.10
2010.11.30 12:22:15.373,1.35681,1.35708,3.20,1.70
2010.11.30 12:22:15.493,1.35676,1.35708,1.70,2.60
2010.11.30 12:22:15.835,1.35675,1.35715,3.40,4.80
2010.11.30 12:22:15.956,1.35682,1.35712,1.50,1.10
2010.11.30 12:22:19.725,1.35683,1.35712,1.50,2.60
2010.11.30 12:22:22.427,1.35689,1.35716,4.50,2.60
2010.11.30 12:22:23.094,1.35702,1.35735,1.50,1.70
2010.11.30 12:22:23.431,1.35703,1.35729,1.50,1.70
2010.11.30 12:22:24.006,1.35702,1.35729,3.20,2.60
2010.11.30 12:22:24.147,1.357,1.35729,1.50,2.80
2010.11.30 12:22:24.762,1.35686,1.35716,1.90,1.70
2010.11.30 12:22:26.289,1.35688,1.35725,2.60,1.10
2010.11.30 12:22:30.755,1.35689,1.35721,1.50,2.50
2010.11.30 12:22:30.866,1.35689,1.35721,1.50,2.50
2010.11.30 12:22:37.859,1.357,1.35727,1.50,2.10
2010.11.30 12:22:39.112,1.35695,1.35727,1.50,1.90
2010.11.30 12:22:39.443,1.35694,1.35729,1.50,2.50
2010.11.30 12:22:39.775,1.35694,1.35729,1.50,2.50
2010.11.30 12:22:40.688,1.35699,1.35722,1.50,1.70
2010.11.30 12:22:40.811,1.35692,1.35718,1.50,1.50
2010.11.30 12:22:41.035,1.35689,1.35718,1.50,1.50
2010.11.30 12:22:41.145,1.35689,1.35716,1.50,1.70
2010.11.30 12:22:42.136,1.35685,1.35716,2.40,2.60
2010.11.30 12:22:42.247,1.35691,1.35719,1.70,1.20
2010.11.30 12:22:42.638,1.35691,1.35729,3.20,2.70
2010.11.30 12:22:42.762,1.35691,1.35729,2.40,2.80
2010.11.30 12:22:42.875,1.35691,1.35729,2.40,2.80
2010.11.30 12:22:43.542,1.357,1.35731,1.50,2.50
2010.11.30 12:22:44.320,1.35692,1.35723,1.50,2.50
2010.11.30 12:22:44.439,1.3569,1.35723,1.50,2.50
2010.11.30 12:22:45.436,1.35694,1.35726,1.70,6.20
2010.11.30 12:22:46.044,1.35718,1.35728,1.70,1.20
2010.11.30 12:22:46.160,1.35713,1.35738,1.50,1.70
2010.11.30 12:22:46.588,1.3571,1.35733,2.40,1.50
2010.11.30 12:22:46.766,1.35699,1.35726,2.40,1.70
2010.11.30 12:22:46.882,1.35698,1.35724,1.50,1.20
2010.11.30 12:22:47.181,1.35693,1.3572,2.40,1.20
2010.11.30 12:22:47.297,1.35688,1.3572,1.50,1.20
2010.11.30 12:22:48.048,1.35685,1.35721,2.40,2.00
2010.11.30 12:22:48.698,1.35689,1.35723,2.40,2.50
2010.11.30 12:22:49.318,1.35692,1.35725,1.50,1.30
2010.11.30 12:22:50.136,1.35694,1.35728,1.50,2.50
2010.11.30 12:22:52.027,1.35704,1.35728,1.70,2.50
2010.11.30 12:22:52.709,1.35704,1.35734,1.70,4.80
2010.11.30 12:23:00.053,1.35703,1.35728,1.70,1.30
2010.11.30 12:23:00.389,1.35692,1.35723,2.40,1.10
2010.11.30 12:23:00.710,1.35707,1.35723,1.70,1.20
2010.11.30 12:23:00.873,1.35706,1.35731,1.70,1.60
2010.11.30 12:23:01.103,1.35706,1.35731,1.70,1.60
2010.11.30 12:23:01.444,1.35718,1.35735,1.70,3.10
2010.11.30 12:23:01.557,1.35718,1.3574,1.70,2.70
2010.11.30 12:23:01.954,1.35718,1.35739,1.70,1.10
2010.11.30 12:23:02.182,1.35717,1.35742,1.70,1.10
2010.11.30 12:23:02.435,1.35717,1.35742,1.70,2.40
2010.11.30 12:23:03.898,1.35716,1.35737,1.70,1.10
2010.11.30 12:23:08.729,1.35716,1.35742,2.40,1.10
2010.11.30 12:23:09.136,1.35716,1.35748,1.70,2.80
2010.11.30 12:23:09.256,1.35717,1.35747,1.70,2.80
2010.11.30 12:23:09.785,1.35724,1.35749,1.50,1.80
2010.11.30 12:23:09.950,1.35737,1.35756,1.70,1.80
2010.11.30 12:23:10.174,1.35722,1.35755,2.40,1.20
2010.11.30 12:23:10.403,1.35722,1.35755,2.40,1.20
2010.11.30 12:23:10.534,1.35724,1.35755,1.70,2.50
2010.11.30 12:23:11.081,1.35724,1.35755,1.70,2.50
2010.11.30 12:23:11.966,1.35724,1.35759,3.20,1.30
2010.11.30 12:23:13.136,1.35723,1.35753,1.70,1.20
2010.11.30 12:23:13.359,1.35736,1.35757,1.70,1.10
2010.11.30 12:23:13.586,1.35736,1.35758,1.70,1.30
2010.11.30 12:23:14.096,1.35737,1.35758,1.70,1.30
2010.11.30 12:23:14.206,1.35737,1.35764,1.70,1.10
2010.11.30 12:23:16.468,1.35737,1.35764,1.70,1.10
2010.11.30 12:23:19.896,1.35737,1.35762,1.70,1.10
2010.11.30 12:23:20.326,1.35731,1.35762,1.50,1.30
2010.11.30 12:23:20.693,1.35728,1.35762,1.50,1.20
2010.11.30 12:23:22.553,1.35736,1.3576,1.70,1.10
2010.11.30 12:23:24.816,1.35736,1.35764,1.70,1.10
2010.11.30 12:23:25.343,1.35736,1.35765,1.50,2.40
2010.11.30 12:23:25.463,1.35734,1.35764,1.50,2.10
2010.11.30 12:23:25.576,1.35733,1.35764,1.50,2.80
2010.11.30 12:23:26.019,1.35734,1.35765,1.50,1.10
2010.11.30 12:23:26.258,1.35736,1.35772,1.50,2.70
2010.11.30 12:23:26.378,1.35738,1.3577,2.40,2.50
2010.11.30 12:23:26.717,1.35738,1.35772,3.20,1.10
2010.11.30 12:23:28.526,1.35736,1.35769,3.20,1.30
2010.11.30 12:23:29.657,1.35738,1.35772,2.40,1.20
2010.11.30 12:23:30.095,1.35738,1.35772,1.70,1.40
2010.11.30 12:23:30.884,1.35736,1.35768,1.50,2.50
2010.11.30 12:23:31.002,1.35741,1.35768,1.70,2.50
2010.11.30 12:23:32.295,1.35741,1.35774,1.70,1.30
2010.11.30 12:23:32.516,1.35742,1.35775,1.50,1.30
2010.11.30 12:23:33.540,1.35746,1.35775,1.50,1.30
2010.11.30 12:23:33.767,1.35746,1.35784,1.50,2.60
2010.11.30 12:23:33.986,1.35749,1.35784,1.50,2.60
2010.11.30 12:23:36.438,1.35749,1.35786,1.50,2.50
2010.11.30 12:23:36.663,1.35755,1.35787,1.50,4.80
2010.11.30 12:23:37.211,1.35762,1.3579,1.70,4.00
2010.11.30 12:23:37.336,1.35753,1.35785,3.00,3.00
2010.11.30 12:23:37.453,1.35761,1.35787,1.70,1.30
2010.11.30 12:23:38.059,1.35758,1.35786,1.50,1.30
2010.11.30 12:23:39.220,1.35758,1.35786,1.50,1.50
2010.11.30 12:23:39.335,1.35758,1.35786,1.50,1.50
2010.11.30 12:23:39.507,1.35758,1.35786,1.50,1.50
2010.11.30 12:23:40.044,1.35753,1.35783,1.50,1.50
2010.11.30 12:23:41.688,1.35757,1.35785,1.50,1.10
2010.11.30 12:23:43.938,1.35759,1.35786,1.70,1.10
2010.11.30 12:23:44.305,1.35762,1.3579,1.50,2.60
2010.11.30 12:23:44.418,1.35759,1.35791,2.40,2.50
2010.11.30 12:23:44.587,1.35759,1.35789,2.40,1.30
2010.11.30 12:23:46.791,1.35761,1.35792,1.70,1.20
2010.11.30 12:23:49.871,1.3575,1.35781,2.40,1.20
2010.11.30 12:23:50.003,1.35752,1.35781,1.70,1.30
2010.11.30 12:23:50.363,1.35752,1.35778,1.70,2.40
2010.11.30 12:23:50.487,1.35742,1.35772,1.50,1.10
2010.11.30 12:23:50.889,1.35749,1.35773,1.70,1.30
2010.11.30 12:23:51.047,1.35745,1.35773,1.50,2.80
2010.11.30 12:23:52.972,1.35747,1.35777,1.50,1.20
2010.11.30 12:23:53.090,1.35749,1.3578,1.50,4.20
2010.11.30 12:23:53.807,1.3575,1.35781,1.50,1.10
2010.11.30 12:23:53.955,1.35751,1.35781,1.70,1.10
2010.11.30 12:23:54.069,1.3575,1.35784,1.60,1.20
2010.11.30 12:23:55.249,1.35751,1.35784,1.70,1.30
2010.11.30 12:23:55.608,1.3575,1.3578,1.50,2.50
2010.11.30 12:23:55.949,1.35759,1.3578,1.70,1.10
2010.11.30 12:23:56.382,1.35754,1.35785,1.50,2.50
2010.11.30 12:23:57.542,1.35756,1.35786,1.50,1.10
2010.11.30 12:23:57.768,1.35756,1.35786,1.50,1.10
2010.11.30 12:23:58.899,1.35756,1.35786,1.50,1.30
2010.11.30 12:23:59.735,1.35752,1.35784,1.50,1.10
2010.11.30 12:24:01.581,1.35755,1.35791,1.50,2.80
2010.11.30 12:24:01.698,1.35756,1.35791,1.50,4.80
2010.11.30 12:24:02.670,1.35753,1.35787,1.50,8.80
2010.11.30 12:24:02.790,1.35747,1.35788,1.50,8.80
2010.11.30 12:24:03.126,1.35747,1.35784,1.50,4.80
2010.11.30 12:24:04.577,1.3575,1.35784,1.50,2.50
2010.11.30 12:24:04.691,1.35752,1.35784,1.50,2.50
2010.11.30 12:24:05.187,1.35748,1.35784,1.50,4.00
2010.11.30 12:24:05.299,1.35747,1.35784,1.50,4.00
2010.11.30 12:24:05.674,1.35753,1.35787,1.50,4.00
2010.11.30 12:24:06.296,1.35751,1.35784,1.50,2.80
2010.11.30 12:24:06.595,1.3575,1.35784,1.50,2.70
2010.11.30 12:24:06.930,1.3575,1.35784,1.50,2.80
2010.11.30 12:24:08.681,1.35745,1.35778,1.50,1.10
2010.11.30 12:24:09.528,1.35745,1.35778,1.50,2.60
2010.11.30 12:24:09.647,1.35741,1.35778,1.50,3.00
2010.11.30 12:24:13.526,1.35736,1.35774,1.50,1.10
2010.11.30 12:24:16.152,1.35738,1.35778,1.10,1.30
2010.11.30 12:24:16.379,1.35741,1.35778,1.50,1.10
2010.11.30 12:24:17.006,1.35741,1.35778,1.50,3.00
2010.11.30 12:24:19.637,1.35737,1.35772,1.50,1.10
2010.11.30 12:24:20.548,1.35737,1.3577,1.50,1.10
2010.11.30 12:24:20.839,1.35741,1.3577,1.50,1.10
2010.11.30 12:24:22.718,1.35743,1.35776,1.50,2.50
2010.11.30 12:24:22.845,1.35744,1.35778,1.50,2.50
2010.11.30 12:24:25.205,1.35736,1.35772,1.50,1.20
2010.11.30 12:24:25.323,1.35726,1.35763,1.90,1.10
2010.11.30 12:24:25.440,1.35726,1.35764,1.90,1.50
2010.11.30 12:24:26.060,1.35729,1.35764,1.70,1.50
2010.11.30 12:24:26.555,1.35729,1.35767,2.40,2.90
2010.11.30 12:24:27.388,1.35732,1.35767,1.50,2.90
2010.11.30 12:24:27.810,1.35738,1.35769,2.40,3.00
2010.11.30 12:24:27.939,1.35729,1.35762,1.20,1.20
2010.11.30 12:24:28.061,1.35728,1.35761,2.40,1.30
2010.11.30 12:24:28.323,1.35724,1.35762,1.50,1.20
2010.11.30 12:24:28.440,1.35731,1.35763,1.50,2.70
2010.11.30 12:24:28.559,1.35731,1.35763,1.70,2.60
2010.11.30 12:24:28.959,1.35731,1.3577,1.70,1.30
2010.11.30 12:24:29.083,1.35731,1.3577,1.70,1.30
2010.11.30 12:24:30.895,1.35736,1.3577,1.70,1.30
2010.11.30 12:24:31.260,1.35736,1.35764,1.50,1.80
2010.11.30 12:24:32.249,1.35736,1.35764,1.50,1.80
2010.11.30 12:24:32.606,1.35736,1.35764,1.50,1.80
2010.11.30 12:24:35.127,1.35739,1.35767,1.50,1.10
2010.11.30 12:24:35.657,1.35739,1.35767,1.50,1.30
2010.11.30 12:24:36.588,1.35743,1.35773,1.50,1.10
2010.11.30 12:24:36.890,1.35743,1.35769,1.50,1.70
2010.11.30 12:24:40.598,1.35744,1.35776,2.30,2.60
2010.11.30 12:24:40.970,1.35748,1.35776,1.50,2.80
2010.11.30 12:24:41.322,1.35743,1.35773,1.50,2.90
2010.11.30 12:24:41.776,1.35747,1.35777,1.50,1.10
2010.11.30 12:24:42.156,1.35747,1.35776,1.50,1.70
2010.11.30 12:24:42.397,1.35744,1.35776,1.50,2.40
2010.11.30 12:24:42.793,1.35741,1.35766,1.50,1.70
2010.11.30 12:24:42.911,1.35741,1.35776,1.50,2.60
2010.11.30 12:24:44.669,1.35741,1.35767,1.50,2.40
2010.11.30 12:24:45.230,1.35747,1.35773,1.50,1.50
2010.11.30 12:24:45.708,1.35759,1.3579,1.70,5.20
2010.11.30 12:24:46.261,1.35759,1.3579,4.10,2.60
2010.11.30 12:24:46.897,1.35763,1.35794,2.60,2.50
2010.11.30 12:24:47.017,1.35767,1.35794,1.50,1.70
2010.11.30 12:24:47.557,1.35767,1.35801,1.70,5.20
2010.11.30 12:24:47.946,1.35775,1.358,1.50,1.80
2010.11.30 12:24:48.197,1.35769,1.35799,1.50,1.10
2010.11.30 12:24:48.909,1.35769,1.35801,1.50,4.30
2010.11.30 12:24:49.247,1.35765,1.35801,1.50,2.80
2010.11.30 12:24:49.408,1.35776,1.358,1.50,1.70
2010.11.30 12:24:49.993,1.35776,1.35798,1.50,1.70
2010.11.30 12:24:50.112,1.3577,1.35807,1.60,1.30
2010.11.30 12:24:50.485,1.35778,1.3581,1.50,4.80
2010.11.30 12:24:51.090,1.35782,1.35814,1.70,1.30
2010.11.30 12:24:52.331,1.35774,1.35808,1.70,2.60
2010.11.30 12:24:52.962,1.35776,1.35807,1.50,1.10
2010.11.30 12:24:53.199,1.35782,1.35812,1.50,5.20
2010.11.30 12:24:53.746,1.35782,1.35811,1.50,1.10
2010.11.30 12:24:54.523,1.35782,1.3581,1.50,1.10
2010.11.30 12:24:54.747,1.35775,1.35806,1.50,2.50
2010.11.30 12:24:55.272,1.35776,1.35808,1.50,2.50
2010.11.30 12:24:55.942,1.3578,1.35812,1.50,2.00
2010.11.30 12:24:56.066,1.3578,1.35811,1.50,8.50
2010.11.30 12:24:56.289,1.35777,1.35809,1.50,2.60
2010.11.30 12:24:56.410,1.35776,1.35807,1.50,1.10
2010.11.30 12:24:57.891,1.35776,1.35795,1.50,4.50
2010.11.30 12:24:58.121,1.35753,1.35776,1.10,2.60
2010.11.30 12:24:58.241,1.35749,1.35776,2.30,2.60
2010.11.30 12:24:58.707,1.35755,1.35788,1.70,2.50
2010.11.30 12:24:58.821,1.35761,1.3579,1.50,2.50
2010.11.30 12:24:59.423,1.35757,1.35791,1.50,2.50
2010.11.30 12:24:59.546,1.35757,1.35787,1.50,2.50
2010.11.30 12:24:59.983,1.3576,1.35792,2.60,2.60
2010.11.30 12:25:00.712,1.35758,1.35781,1.50,2.60
2010.11.30 12:25:01.097,1.35759,1.35788,1.50,1.30
2010.11.30 12:25:01.438,1.35754,1.35785,1.50,4.10
2010.11.30 12:25:01.851,1.35756,1.35787,1.70,1.10
2010.11.30 12:25:02.207,1.35756,1.35792,1.70,2.50
2010.11.30 12:25:03.000,1.35757,1.35789,1.50,2.50
2010.11.30 12:25:03.330,1.35756,1.35793,1.50,2.50
2010.11.30 12:25:03.561,1.35756,1.35791,1.70,1.30
2010.11.30 12:25:04.202,1.35746,1.35783,1.70,1.30
2010.11.30 12:25:04.316,1.35746,1.35781,1.70,2.50
2010.11.30 12:25:04.649,1.35749,1.35784,1.70,2.50
2010.11.30 12:25:04.903,1.35751,1.35782,1.50,1.20
2010.11.30 12:25:05.239,1.3575,1.35782,1.50,2.80
2010.11.30 12:25:11.868,1.35753,1.35782,1.50,1.70
2010.11.30 12:25:13.156,1.35751,1.35783,1.50,1.10
2010.11.30 12:25:13.435,1.35749,1.35781,1.50,1.10
2010.11.30 12:25:13.659,1.35746,1.3578,1.50,1.10
2010.11.30 12:25:19.439,1.35746,1.35781,1.50,1.30
2010.11.30 12:25:19.571,1.35743,1.35771,1.50,2.60
2010.11.30 12:25:19.691,1.35741,1.35771,1.60,2.60
2010.11.30 12:25:19.806,1.3574,1.35771,1.60,2.60
2010.11.30 12:25:20.337,1.35743,1.35778,1.50,1.30
2010.11.30 12:25:20.961,1.35738,1.35767,1.50,1.90
2010.11.30 12:25:21.083,1.35733,1.35772,1.70,3.00
2010.11.30 12:25:21.195,1.35733,1.35772,1.70,3.00
2010.11.30 12:25:22.604,1.35742,1.35763,1.50,1.70
2010.11.30 12:25:22.734,1.35738,1.35763,1.50,1.70
2010.11.30 12:25:23.289,1.35738,1.35757,1.50,1.70
2010.11.30 12:25:23.687,1.35738,1.35763,1.70,1.70
2010.11.30 12:25:23.800,1.35742,1.35774,1.10,2.60
2010.11.30 12:25:23.922,1.35745,1.35774,1.50,2.60
2010.11.30 12:25:24.318,1.35746,1.35765,1.50,1.70
2010.11.30 12:25:24.538,1.35746,1.35775,1.50,2.80
2010.11.30 12:25:26.967,1.35746,1.35765,1.50,1.70
2010.11.30 12:25:28.246,1.35746,1.3577,1.50,2.20
2010.11.30 12:25:30.659,1.35746,1.35768,1.50,1.20
2010.11.30 12:25:30.781,1.35734,1.35762,1.10,2.60
2010.11.30 12:25:31.009,1.3573,1.35752,2.40,1.70
2010.11.30 12:25:31.331,1.35726,1.35751,1.50,1.90
2010.11.30 12:25:32.071,1.35727,1.35757,2.40,1.90
2010.11.30 12:25:32.303,1.3573,1.35757,1.70,1.70
2010.11.30 12:25:32.840,1.35734,1.35766,1.10,2.60
2010.11.30 12:25:32.958,1.35737,1.35766,1.50,2.60
2010.11.30 12:25:33.725,1.35732,1.35765,1.60,2.60
2010.11.30 12:25:34.623,1.35736,1.35766,1.50,2.60
2010.11.30 12:25:34.765,1.35732,1.35766,1.50,2.60
2010.11.30 12:25:35.740,1.35729,1.35756,1.70,1.70
2010.11.30 12:25:35.972,1.3573,1.35756,1.10,1.70
2010.11.30 12:25:36.196,1.35726,1.35756,1.70,2.60
2010.11.30 12:25:36.632,1.35726,1.35756,1.50,2.00
2010.11.30 12:25:36.751,1.35726,1.35746,1.50,1.70
2010.11.30 12:25:37.460,1.35729,1.35755,1.50,1.70
2010.11.30 12:25:37.836,1.35732,1.35755,2.50,1.70
2010.11.30 12:25:37.964,1.35737,1.35769,1.10,2.60
2010.11.30 12:25:38.300,1.35742,1.35769,1.50,2.60
2010.11.30 12:25:38.948,1.35734,1.35761,1.50,2.60
2010.11.30 12:25:40.661,1.35733,1.35761,1.30,2.60
2010.11.30 12:25:40.923,1.35734,1.35767,2.60,2.60
2010.11.30 12:25:41.052,1.35733,1.35753,1.70,1.70
2010.11.30 12:25:41.276,1.35733,1.35762,1.50,1.90
2010.11.30 12:25:41.591,1.35732,1.35762,1.70,2.60
2010.11.30 12:25:41.719,1.35733,1.35768,2.60,2.60
2010.11.30 12:25:41.840,1.35733,1.35764,3.20,1.20
2010.11.30 12:25:41.956,1.35733,1.35755,1.50,1.70
2010.11.30 12:25:42.066,1.35733,1.35764,1.50,2.60
2010.11.30 12:25:43.007,1.35736,1.35764,1.70,1.90
2010.11.30 12:25:43.448,1.35737,1.35768,1.90,2.60
2010.11.30 12:25:43.560,1.35737,1.35768,1.50,3.60
2010.11.30 12:25:43.788,1.35737,1.35767,1.70,1.90
2010.11.30 12:25:44.219,1.35737,1.35762,1.70,1.70
2010.11.30 12:25:44.670,1.35738,1.35763,1.70,1.70
2010.11.30 12:25:44.790,1.35738,1.35774,1.90,2.60
2010.11.30 12:25:45.378,1.35731,1.35768,1.10,1.40
2010.11.30 12:25:45.499,1.3573,1.35753,3.20,1.70
2010.11.30 12:25:45.619,1.35732,1.35763,1.10,2.60
2010.11.30 12:25:45.980,1.35735,1.35763,1.10,2.60
2010.11.30 12:25:46.100,1.35734,1.3577,1.60,1.30
2010.11.30 12:25:46.413,1.35736,1.35763,1.50,1.70
2010.11.30 12:25:47.710,1.35734,1.35764,1.70,2.60
2010.11.30 12:25:47.938,1.35743,1.35776,1.50,2.80
2010.11.30 12:25:48.331,1.3574,1.35777,1.70,2.60
2010.11.30 12:25:48.572,1.3574,1.35766,1.50,1.70
2010.11.30 12:25:48.906,1.3574,1.35766,1.50,2.60
2010.11.30 12:25:49.155,1.35735,1.35766,1.50,2.60
2010.11.30 12:25:49.487,1.35735,1.35761,1.50,1.70
2010.11.30 12:25:49.926,1.35735,1.35763,3.00,1.90
2010.11.30 12:25:50.276,1.35739,1.35763,1.50,1.70
2010.11.30 12:25:51.350,1.35742,1.35763,1.50,1.70
2010.11.30 12:25:51.692,1.35742,1.35771,1.50,3.10
2010.11.30 12:25:54.061,1.35742,1.35771,1.50,2.80
2010.11.30 12:25:54.287,1.35742,1.35773,1.50,2.40
2010.11.30 12:25:54.857,1.35742,1.35773,1.50,4.90
2010.11.30 12:25:55.618,1.35742,1.35771,1.50,1.70
2010.11.30 12:25:55.742,1.35743,1.35774,1.70,2.60
2010.11.30 12:25:56.125,1.35746,1.35774,1.70,1.70
2010.11.30 12:25:56.260,1.35746,1.35778,1.70,2.50
2010.11.30 12:25:56.596,1.35747,1.35782,1.90,3.00
2010.11.30 12:25:57.516,1.35751,1.35781,1.10,1.30
2010.11.30 12:25:58.222,1.3575,1.35775,1.50,1.70
2010.11.30 12:25:58.673,1.35749,1.35782,1.70,1.30
2010.11.30 12:25:59.020,1.35752,1.35787,3.00,2.60
2010.11.30 12:25:59.169,1.35759,1.35787,1.50,2.80
2010.11.30 12:25:59.401,1.35759,1.35778,1.50,1.70
2010.11.30 12:25:59.784,1.35754,1.3577,1.50,1.70
2010.11.30 12:25:59.899,1.35754,1.35778,1.50,1.90
2010.11.30 12:26:02.665,1.35754,1.35777,1.50,1.70
2010.11.30 12:26:03.807,1.35754,1.35778,1.70,1.90
2010.11.30 12:26:04.030,1.35757,1.35778,1.50,1.70
2010.11.30 12:26:05.977,1.35761,1.35778,1.50,1.70
2010.11.30 12:26:06.086,1.35761,1.35788,1.50,1.90
2010.11.30 12:26:06.587,1.35766,1.35789,1.50,1.80
2010.11.30 12:26:06.701,1.35766,1.35789,1.50,1.70
2010.11.30 12:26:09.507,1.35762,1.35789,1.50,1.90
2010.11.30 12:26:10.447,1.35762,1.35789,1.50,2.00
2010.11.30 12:26:10.742,1.35759,1.35778,1.50,1.70
2010.11.30 12:26:10.887,1.35759,1.35778,1.50,1.70
2010.11.30 12:26:11.000,1.35759,1.35788,1.50,1.90
2010.11.30 12:26:11.959,1.35759,1.35788,1.50,1.90
2010.11.30 12:26:12.295,1.35759,1.35788,1.50,2.00
2010.11.30 12:26:13.507,1.35763,1.35788,1.50,1.70
2010.11.30 12:26:14.425,1.35766,1.35788,1.50,1.70
2010.11.30 12:26:15.418,1.35763,1.3578,1.50,1.70
2010.11.30 12:26:17.088,1.35767,1.3578,1.50,1.70
2010.11.30 12:26:17.270,1.35776,1.35801,1.50,1.70
2010.11.30 12:26:17.613,1.35777,1.3581,1.70,2.80
2010.11.30 12:26:17.749,1.3578,1.35797,1.50,1.70
2010.11.30 12:26:17.871,1.35777,1.35797,1.50,1.70
2010.11.30 12:26:17.989,1.35775,1.35797,1.50,1.70
2010.11.30 12:26:18.284,1.35774,1.35797,1.50,1.70
2010.11.30 12:26:18.400,1.35774,1.35805,1.50,2.60
2010.11.30 12:26:18.626,1.35773,1.35798,1.50,1.90
2010.11.30 12:26:20.829,1.35773,1.35805,1.50,1.10
2010.11.30 12:26:22.166,1.35774,1.35803,1.50,2.50
2010.11.30 12:26:22.630,1.35766,1.35795,1.50,2.60
2010.11.30 12:26:22.858,1.35762,1.35795,1.70,2.60
2010.11.30 12:26:23.388,1.35768,1.35795,1.10,2.60
2010.11.30 12:26:23.618,1.35778,1.35804,1.50,1.50
2010.11.30 12:26:23.730,1.35778,1.35799,1.50,1.70
2010.11.30 12:26:24.113,1.35766,1.35783,1.50,1.70
2010.11.30 12:26:24.230,1.35764,1.35783,1.50,1.70
2010.11.30 12:26:24.804,1.35763,1.35792,1.50,1.90
2010.11.30 12:26:27.001,1.35764,1.35792,1.70,1.90
2010.11.30 12:26:27.150,1.35764,1.35792,1.50,1.70
2010.11.30 12:26:27.280,1.35754,1.35782,1.50,1.70
2010.11.30 12:26:27.567,1.35752,1.35782,1.70,2.40
2010.11.30 12:26:27.684,1.35752,1.35782,1.70,2.60
2010.11.30 12:26:27.802,1.35752,1.3579,1.70,1.10
2010.11.30 12:26:28.129,1.35756,1.3579,1.50,1.10
2010.11.30 12:26:29.352,1.35756,1.35791,1.50,1.10
2010.11.30 12:26:29.471,1.3576,1.35792,1.50,2.50
2010.11.30 12:26:29.587,1.35759,1.35781,1.50,1.70
2010.11.30 12:26:30.673,1.35761,1.35781,1.50,1.70
2010.11.30 12:26:31.376,1.35761,1.35781,1.50,1.70
2010.11.30 12:26:31.712,1.35763,1.35791,1.50,2.60
2010.11.30 12:26:32.155,1.35761,1.35791,1.50,2.80
2010.11.30 12:26:32.379,1.35761,1.35791,1.50,5.20
2010.11.30 12:26:32.757,1.35754,1.35788,1.70,1.20
2010.11.30 12:26:32.985,1.35755,1.35783,1.50,1.20
2010.11.30 12:26:34.550,1.35755,1.35779,1.50,1.20
2010.11.30 12:26:34.874,1.35751,1.35769,1.50,1.70
2010.11.30 12:26:35.005,1.35752,1.35783,1.50,1.90
2010.11.30 12:26:35.118,1.35752,1.3577,1.50,1.70
2010.11.30 12:26:35.445,1.35752,1.35768,1.50,1.70
2010.11.30 12:26:35.555,1.35749,1.35768,1.50,1.70
2010.11.30 12:26:35.795,1.35748,1.35768,1.50,1.90
2010.11.30 12:26:35.909,1.35747,1.35758,1.50,1.70
2010.11.30 12:26:36.028,1.35744,1.35758,1.50,1.70
2010.11.30 12:26:36.136,1.35744,1.35769,1.50,1.70
2010.11.30 12:26:36.667,1.35748,1.35769,1.50,1.70
2010.11.30 12:26:37.679,1.35752,1.35769,1.50,1.70
2010.11.30 12:26:38.403,1.35756,1.35778,1.50,1.70
2010.11.30 12:26:41.565,1.35748,1.35778,1.50,2.60
2010.11.30 12:26:44.248,1.35753,1.35778,1.50,1.70
2010.11.30 12:26:45.137,1.35754,1.35778,1.50,1.70
2010.11.30 12:26:45.686,1.35754,1.35778,1.50,1.70
2010.11.30 12:26:52.955,1.35754,1.35778,1.50,1.90
2010.11.30 12:26:53.926,1.35754,1.35778,1.70,1.90
2010.11.30 12:26:57.846,1.35754,1.35787,1.50,1.10
2010.11.30 12:26:57.957,1.35755,1.35787,1.70,1.10
2010.11.30 12:26:58.393,1.35758,1.35791,2.60,2.60
2010.11.30 12:26:58.508,1.35757,1.35784,1.50,1.70
2010.11.30 12:26:58.840,1.35757,1.35784,1.50,1.90
2010.11.30 12:26:59.223,1.35753,1.35777,1.50,1.70
2010.11.30 12:26:59.797,1.35753,1.35784,3.40,1.90
2010.11.30 12:27:00.063,1.35769,1.3579,1.50,1.50
2010.11.30 12:27:00.186,1.35771,1.35795,1.70,1.90
2010.11.30 12:27:00.303,1.35771,1.35801,1.90,1.70
2010.11.30 12:27:00.649,1.35767,1.35789,2.40,1.70
2010.11.30 12:27:00.774,1.35759,1.35789,1.50,1.70
2010.11.30 12:27:01.305,1.35762,1.35789,1.50,1.70
2010.11.30 12:27:03.039,1.35767,1.35795,1.50,1.10
2010.11.30 12:27:03.155,1.35764,1.35795,1.50,1.10
2010.11.30 12:27:03.269,1.35763,1.35796,1.50,1.20
2010.11.30 12:27:03.387,1.35758,1.35796,1.50,1.20
2010.11.30 12:27:03.609,1.35764,1.3579,1.50,2.60
2010.11.30 12:27:04.366,1.35751,1.35784,1.50,4.10
2010.11.30 12:27:04.476,1.35748,1.35784,1.70,4.10
2010.11.30 12:27:04.696,1.35747,1.35782,1.70,2.50
2010.11.30 12:27:05.297,1.35743,1.3578,1.50,1.10
2010.11.30 12:27:05.630,1.35743,1.35779,2.50,2.80
2010.11.30 12:27:05.748,1.35743,1.35774,1.50,2.60
2010.11.30 12:27:06.091,1.35739,1.35774,1.50,2.60
2010.11.30 12:27:06.843,1.35743,1.35777,1.50,2.50
2010.11.30 12:27:09.694,1.35736,1.35769,1.90,1.10
2010.11.30 12:27:10.121,1.35737,1.35769,1.20,1.10
2010.11.30 12:27:11.829,1.35732,1.35762,1.50,1.10
2010.11.30 12:27:12.232,1.35732,1.35756,1.50,1.70
2010.11.30 12:27:12.379,1.35735,1.35766,1.70,2.60
2010.11.30 12:27:12.503,1.35737,1.35766,3.40,2.60
2010.11.30 12:27:12.897,1.35742,1.35774,1.70,4.10
2010.11.30 12:27:13.035,1.35742,1.35775,2.40,2.60
2010.11.30 12:27:13.637,1.3574,1.35775,1.80,2.60
2010.11.30 12:27:14.345,1.35739,1.35775,2.00,4.20
2010.11.30 12:27:14.850,1.35736,1.35765,3.20,2.70
2010.11.30 12:27:15.626,1.35734,1.35766,1.90,2.80
2010.11.30 12:27:17.712,1.35734,1.35763,2.10,1.90
2010.11.30 12:27:18.121,1.35739,1.35773,1.10,4.10
2010.11.30 12:27:18.252,1.3574,1.35771,1.70,1.20
2010.11.30 12:27:18.388,1.35739,1.3576,1.50,1.70
2010.11.30 12:27:18.499,1.35739,1.35769,1.50,1.70
2010.11.30 12:27:18.843,1.35744,1.35773,1.50,1.70
2010.11.30 12:27:19.067,1.3573,1.35763,3.50,2.60
2010.11.30 12:27:19.455,1.3573,1.35754,1.50,1.70
2010.11.30 12:27:19.567,1.35722,1.35754,1.50,2.60
2010.11.30 12:27:20.071,1.35722,1.35754,1.70,2.60
2010.11.30 12:27:20.303,1.35726,1.35757,1.10,2.50
2010.11.30 12:27:20.556,1.35728,1.35759,1.50,2.50
2010.11.30 12:27:20.886,1.35728,1.35759,1.60,2.50
2010.11.30 12:27:21.420,1.3573,1.35759,1.80,2.50
2010.11.30 12:27:21.554,1.35731,1.35763,1.70,1.90
2010.11.30 12:27:21.780,1.35733,1.35763,1.70,1.90
2010.11.30 12:27:22.112,1.35739,1.35767,2.40,2.50
2010.11.30 12:27:23.075,1.35741,1.35769,1.50,1.90
2010.11.30 12:27:24.290,1.35745,1.35776,1.50,2.50
2010.11.30 12:27:25.548,1.3575,1.35776,1.60,2.50
2010.11.30 12:27:25.779,1.35752,1.35776,1.70,2.50
2010.11.30 12:27:25.903,1.35758,1.35778,1.50,1.50
2010.11.30 12:27:26.237,1.3575,1.35778,1.70,1.70
2010.11.30 12:27:26.352,1.35747,1.35777,1.70,1.50
2010.11.30 12:27:26.737,1.35747,1.35777,1.70,2.50
2010.11.30 12:27:29.068,1.35747,1.35777,1.50,4.30
2010.11.30 12:27:29.768,1.35744,1.35775,1.50,2.60
2010.11.30 12:27:30.079,1.35742,1.35775,1.70,2.60
2010.11.30 12:27:31.196,1.35739,1.35773,1.50,2.80
2010.11.30 12:27:33.856,1.35739,1.35765,1.50,1.70
2010.11.30 12:27:34.085,1.35734,1.35765,1.50,2.60
2010.11.30 12:27:39.322,1.35739,1.35766,1.50,1.90
2010.11.30 12:27:39.557,1.35739,1.3577,1.80,1.70
2010.11.30 12:27:39.676,1.35745,1.35772,1.50,2.70
2010.11.30 12:27:39.881,1.35742,1.35772,1.50,2.70
2010.11.30 12:27:40.015,1.35742,1.35761,1.50,1.70
2010.11.30 12:27:40.127,1.35737,1.35763,3.10,1.50
2010.11.30 12:27:41.287,1.3574,1.35773,1.50,2.60
2010.11.30 12:27:41.691,1.35742,1.35766,1.50,1.70
2010.11.30 12:27:41.811,1.35742,1.35774,1.50,2.60
2010.11.30 12:27:41.926,1.35747,1.35774,1.50,1.90
2010.11.30 12:27:42.662,1.35745,1.35763,1.50,1.70
2010.11.30 12:27:42.790,1.35741,1.35763,1.50,1.70
2010.11.30 12:27:43.194,1.35739,1.35763,1.50,1.70
2010.11.30 12:27:43.643,1.35743,1.35763,1.50,1.70
2010.11.30 12:27:43.995,1.35743,1.35773,1.50,2.50
2010.11.30 12:27:44.330,1.35747,1.35774,1.50,2.00
2010.11.30 12:27:44.557,1.35744,1.35764,1.50,1.70
2010.11.30 12:27:45.559,1.35745,1.35774,1.80,2.60
2010.11.30 12:27:45.687,1.35748,1.35779,1.70,2.50
2010.11.30 12:27:45.934,1.35746,1.35779,1.70,1.70
2010.11.30 12:27:46.786,1.35752,1.35785,3.20,1.10
2010.11.30 12:27:48.776,1.35757,1.35774,1.50,1.70
2010.11.30 12:27:48.905,1.35757,1.35787,1.50,2.60
2010.11.30 12:27:52.617,1.35757,1.35773,1.50,1.70
2010.11.30 12:27:53.032,1.35757,1.35787,1.50,4.10
2010.11.30 12:27:56.943,1.35757,1.35784,1.50,1.70
2010.11.30 12:27:57.167,1.35763,1.35785,1.50,1.70
2010.11.30 12:27:57.277,1.35763,1.35792,1.50,1.10
2010.11.30 12:27:57.531,1.35762,1.35794,1.50,3.50
2010.11.30 12:27:59.115,1.35765,1.35794,1.50,8.20
2010.11.30 12:27:59.452,1.35763,1.35784,1.50,1.80
2010.11.30 12:27:59.813,1.3576,1.35784,1.50,1.70
2010.11.30 12:28:00.036,1.35756,1.35788,1.50,2.70
2010.11.30 12:28:00.469,1.35751,1.35786,1.50,2.50
2010.11.30 12:28:00.703,1.3575,1.35785,1.70,1.10
2010.11.30 12:28:01.346,1.35751,1.35783,1.50,2.50
2010.11.30 12:28:04.589,1.35751,1.35785,1.50,2.60
2010.11.30 12:28:05.850,1.35754,1.35777,1.50,1.70
2010.11.30 12:28:06.196,1.35754,1.35781,1.50,1.70
2010.11.30 12:28:07.527,1.35754,1.35786,1.50,2.50
2010.11.30 12:28:07.647,1.35756,1.35786,2.40,1.70
2010.11.30 12:28:07.989,1.35761,1.3579,1.10,2.50
2010.11.30 12:28:16.646,1.3576,1.35789,1.50,2.00
2010.11.30 12:28:16.756,1.35755,1.35786,1.70,1.10
2010.11.30 12:28:17.082,1.35754,1.35783,1.50,1.70
2010.11.30 12:28:17.200,1.35754,1.35777,1.50,1.70
2010.11.30 12:28:17.636,1.35757,1.35777,1.50,1.70
2010.11.30 12:28:21.229,1.35757,1.35787,1.50,2.90
2010.11.30 12:28:21.680,1.35757,1.35777,1.50,1.70
2010.11.30 12:28:22.288,1.35748,1.35777,1.50,1.10
2010.11.30 12:28:22.796,1.35742,1.35773,1.50,3.90
2010.11.30 12:28:22.921,1.35739,1.3577,1.50,2.50
2010.11.30 12:28:23.155,1.35738,1.3577,1.50,2.50
2010.11.30 12:28:23.382,1.35737,1.3577,1.50,2.50
2010.11.30 12:28:25.708,1.35737,1.35772,1.50,1.30
2010.11.30 12:28:26.088,1.35738,1.3577,1.50,1.10
2010.11.30 12:28:27.066,1.35738,1.35773,1.50,5.20
2010.11.30 12:28:27.600,1.35749,1.35785,1.50,2.50
2010.11.30 12:28:27.720,1.35756,1.35787,1.50,2.50
2010.11.30 12:28:28.134,1.35755,1.35788,1.50,5.20
2010.11.30 12:28:28.358,1.35753,1.35784,1.50,1.10
2010.11.30 12:28:29.512,1.35746,1.3578,1.50,2.50
2010.11.30 12:28:32.919,1.3575,1.35783,1.50,1.30
2010.11.30 12:28:36.067,1.3575,1.35787,1.60,4.80
2010.11.30 12:28:37.048,1.3575,1.35786,1.70,1.10
2010.11.30 12:28:39.480,1.3575,1.35784,1.70,2.50
2010.11.30 12:28:41.748,1.3575,1.35784,2.80,2.50
2010.11.30 12:28:41.970,1.35761,1.35788,1.10,2.60
2010.11.30 12:28:42.195,1.35761,1.35788,1.10,2.60
2010.11.30 12:28:42.334,1.3577,1.35796,2.10,2.50
2010.11.30 12:28:42.453,1.35776,1.35801,1.50,1.70
2010.11.30 12:28:42.734,1.35776,1.35801,1.50,2.60
2010.11.30 12:28:43.081,1.35769,1.35791,1.50,1.70
2010.11.30 12:28:43.288,1.35767,1.35791,1.50,1.70
2010.11.30 12:28:43.728,1.35764,1.35791,1.50,1.90
2010.11.30 12:28:44.792,1.35764,1.35785,1.50,1.50
2010.11.30 12:28:45.356,1.35755,1.35781,1.50,1.70
2010.11.30 12:28:45.689,1.35758,1.35794,1.50,2.60
2010.11.30 12:28:46.017,1.3576,1.35794,1.50,2.60
2010.11.30 12:28:46.988,1.35762,1.35794,1.50,2.60
2010.11.30 12:28:48.664,1.35764,1.35794,1.50,2.60
2010.11.30 12:28:48.797,1.35758,1.35784,1.50,1.70
2010.11.30 12:28:48.913,1.35758,1.35784,1.50,1.70
2010.11.30 12:28:49.034,1.35758,1.35793,1.50,5.20
2010.11.30 12:28:49.470,1.35755,1.35788,1.50,1.10
2010.11.30 12:28:51.265,1.35757,1.35791,1.70,1.30
2010.11.30 12:28:51.400,1.35758,1.35791,1.60,2.50
2010.11.30 12:28:58.842,1.35758,1.35784,1.50,1.70
2010.11.30 12:28:59.382,1.35753,1.35784,1.50,2.40
2010.11.30 12:28:59.497,1.35753,1.35784,1.50,2.60
2010.11.30 12:29:01.622,1.35747,1.3578,1.50,1.10
2010.11.30 12:29:01.853,1.35751,1.35784,1.70,2.60
2010.11.30 12:29:02.518,1.35751,1.35792,2.60,1.30
2010.11.30 12:29:02.631,1.35755,1.35794,1.70,4.30
2010.11.30 12:29:02.748,1.35755,1.35793,1.70,1.10
2010.11.30 12:29:03.118,1.35757,1.35794,1.10,4.10
2010.11.30 12:29:06.021,1.35762,1.35794,1.90,2.60
2010.11.30 12:29:06.561,1.35762,1.35794,1.10,2.60
2010.11.30 12:29:06.799,1.35762,1.35794,1.10,2.60
2010.11.30 12:29:07.246,1.35766,1.35794,1.70,1.90
2010.11.30 12:29:08.945,1.35768,1.35804,1.10,2.50
2010.11.30 12:29:09.523,1.35773,1.35806,1.10,4.10
2010.11.30 12:29:09.969,1.35773,1.35806,1.10,4.10
2010.11.30 12:29:10.077,1.35775,1.35806,1.60,4.10
2010.11.30 12:29:11.955,1.35784,1.35812,1.50,1.10
2010.11.30 12:29:12.069,1.35784,1.35816,1.70,2.60
2010.11.30 12:29:12.737,1.35785,1.35816,1.70,2.60
2010.11.30 12:29:13.088,1.35792,1.35821,1.90,2.50
2010.11.30 12:29:13.223,1.35796,1.35821,1.70,1.70
2010.11.30 12:29:13.690,1.35796,1.35822,1.50,1.80
2010.11.30 12:29:14.462,1.35796,1.35821,1.50,1.80
2010.11.30 12:29:14.606,1.35793,1.35812,1.50,1.70
2010.11.30 12:29:15.119,1.35793,1.35818,1.50,1.50
2010.11.30 12:29:15.240,1.35793,1.35822,1.50,1.70
2010.11.30 12:29:15.767,1.35793,1.3582,1.50,1.50
2010.11.30 12:29:16.239,1.35797,1.35823,1.50,1.50
2010.11.30 12:29:16.696,1.35799,1.35829,2.40,2.50
2010.11.30 12:29:18.566,1.35799,1.35834,1.50,4.80
2010.11.30 12:29:19.415,1.35799,1.35827,1.70,2.60
2010.11.30 12:29:19.543,1.35798,1.35827,1.50,2.60
2010.11.30 12:29:19.663,1.35798,1.35827,1.70,2.60
2010.11.30 12:29:20.323,1.35798,1.35832,1.70,2.50
2010.11.30 12:29:20.657,1.35796,1.35826,2.30,1.70
2010.11.30 12:29:21.120,1.35802,1.35831,1.50,2.50
2010.11.30 12:29:22.012,1.35802,1.35827,1.50,2.00
2010.11.30 12:29:22.734,1.358,1.35818,1.50,1.70
2010.11.30 12:29:22.868,1.35798,1.35818,1.50,1.70
2010.11.30 12:29:23.418,1.35798,1.35811,1.50,1.70
2010.11.30 12:29:23.806,1.35793,1.35818,1.50,1.70
2010.11.30 12:29:24.028,1.35793,1.35818,1.50,1.80
2010.11.30 12:29:24.577,1.35793,1.35818,1.50,1.80
2010.11.30 12:29:25.081,1.35793,1.35818,1.50,1.70
2010.11.30 12:29:25.200,1.35793,1.35812,1.50,1.70
2010.11.30 12:29:25.883,1.3579,1.35812,1.50,1.70
2010.11.30 12:29:26.440,1.3579,1.35818,1.50,2.80
2010.11.30 12:29:27.389,1.3579,1.35803,1.50,1.70
2010.11.30 12:29:27.508,1.35785,1.35803,2.50,1.70
2010.11.30 12:29:27.619,1.35785,1.35817,2.50,2.70
2010.11.30 12:29:27.742,1.35785,1.35817,1.50,2.80
2010.11.30 12:29:28.054,1.35785,1.35804,1.50,1.70
2010.11.30 12:29:28.179,1.35783,1.35804,1.50,1.70
2010.11.30 12:29:28.813,1.35783,1.35812,1.50,1.90
2010.11.30 12:29:30.002,1.35783,1.35801,1.50,1.70
2010.11.30 12:29:30.193,1.35779,1.35808,1.50,1.10
2010.11.30 12:29:30.310,1.35779,1.35811,1.50,2.60
2010.11.30 12:29:30.611,1.35771,1.3579,1.70,1.70
2010.11.30 12:29:30.734,1.35769,1.3579,1.50,1.70
2010.11.30 12:29:30.853,1.35776,1.35799,3.20,1.50
2010.11.30 12:29:30.975,1.35776,1.35803,1.50,1.90
2010.11.30 12:29:31.269,1.35772,1.35803,3.10,1.90
2010.11.30 12:29:31.391,1.35772,1.35798,1.50,1.70
2010.11.30 12:29:31.732,1.35766,1.35787,1.50,1.70
2010.11.30 12:29:32.539,1.3576,1.35787,1.50,1.70
2010.11.30 12:29:33.376,1.3576,1.35779,1.50,1.70
2010.11.30 12:29:33.742,1.3576,1.35788,1.50,1.90
2010.11.30 12:29:34.733,1.35764,1.35788,1.50,1.70
2010.11.30 12:29:36.176,1.35758,1.35788,1.50,1.90
2010.11.30 12:29:36.293,1.35756,1.35782,1.50,1.70
2010.11.30 12:29:37.032,1.35759,1.35785,1.70,1.90
2010.11.30 12:29:38.959,1.35759,1.35785,2.60,1.90
2010.11.30 12:29:39.183,1.35762,1.35785,1.10,1.70
2010.11.30 12:29:39.520,1.35768,1.35797,1.70,2.60
2010.11.30 12:29:39.649,1.35768,1.35797,1.70,2.60
2010.11.30 12:29:39.763,1.35768,1.35797,2.00,2.60
2010.11.30 12:29:40.196,1.35772,1.35804,1.60,1.30
2010.11.30 12:29:40.314,1.35768,1.35801,1.50,2.20
2010.11.30 12:29:40.541,1.35769,1.35796,1.50,1.10
2010.11.30 12:29:40.926,1.35764,1.3579,1.50,1.70
2010.11.30 12:29:41.149,1.35764,1.358,1.50,5.40
2010.11.30 12:29:41.759,1.35765,1.358,1.50,5.40
2010.11.30 12:29:41.915,1.3576,1.3579,1.50,1.90
2010.11.30 12:29:42.250,1.35759,1.3579,3.20,2.60
2010.11.30 12:29:44.110,1.3576,1.35799,4.20,1.30
2010.11.30 12:29:44.233,1.35764,1.35799,1.70,1.40
2010.11.30 12:29:44.353,1.35769,1.35803,1.70,1.40
2010.11.30 12:29:44.728,1.35777,1.35802,1.50,1.20
2010.11.30 12:29:45.168,1.35772,1.35795,1.50,1.80
2010.11.30 12:29:45.618,1.35776,1.35795,1.50,1.70
2010.11.30 12:29:45.730,1.35776,1.35804,1.50,2.00
2010.11.30 12:29:45.851,1.35776,1.35804,1.50,2.00
2010.11.30 12:29:47.019,1.35776,1.35804,1.50,2.00
2010.11.30 12:29:48.003,1.35776,1.35804,1.50,2.00
2010.11.30 12:29:48.549,1.35776,1.35804,1.50,2.00
2010.11.30 12:29:48.657,1.35776,1.35804,1.50,2.00
2010.11.30 12:29:48.878,1.35776,1.35804,1.50,2.00
2010.11.30 12:29:49.379,1.35776,1.35804,1.50,1.90
2010.11.30 12:29:51.132,1.35783,1.35804,1.50,1.70
2010.11.30 12:29:51.279,1.35787,1.35816,1.50,2.10
2010.11.30 12:29:52.300,1.35787,1.35816,1.50,1.80
2010.11.30 12:29:52.529,1.35792,1.35816,1.50,1.80
2010.11.30 12:29:53.094,1.35792,1.35816,1.50,1.80
2010.11.30 12:29:53.650,1.35792,1.35816,1.50,1.80
2010.11.30 12:29:53.938,1.35792,1.35816,1.50,1.80
2010.11.30 12:29:56.085,1.35792,1.35816,1.50,1.80
2010.11.30 12:29:57.000,1.35793,1.35819,2.40,2.40
2010.11.30 12:29:57.117,1.35793,1.3582,2.40,1.30
2010.11.30 12:29:57.364,1.35793,1.35819,2.40,1.30
2010.11.30 12:29:57.732,1.35793,1.35819,2.40,2.80
2010.11.30 12:29:57.885,1.35783,1.3581,2.40,1.80
2010.11.30 12:29:58.005,1.35783,1.3581,2.40,2.00
2010.11.30 12:29:58.413,1.35783,1.35808,2.40,1.10
2010.11.30 12:29:58.941,1.35783,1.35808,1.70,1.30
2010.11.30 12:29:59.905,1.35783,1.35809,1.70,1.10
2010.11.30 12:30:00.333,1.35783,1.3581,2.60,1.90
2010.11.30 12:30:00.456,1.35784,1.35813,2.60,1.10
2010.11.30 12:30:00.570,1.35783,1.35813,2.60,1.10
2010.11.30 12:30:01.033,1.35787,1.35816,1.50,1.30
2010.11.30 12:30:01.582,1.35787,1.3581,1.50,1.80
2010.11.30 12:30:01.867,1.35783,1.3581,2.40,2.80
2010.11.30 12:30:02.091,1.35782,1.35804,1.50,1.70
2010.11.30 12:30:02.403,1.35782,1.35812,1.50,1.20
2010.11.30 12:30:02.527,1.35778,1.35806,1.50,2.60
2010.11.30 12:30:02.753,1.35776,1.35806,1.50,5.10
2010.11.30 12:30:02.869,1.3577,1.35801,1.50,2.60
2010.11.30 12:30:03.738,1.3577,1.35791,1.50,1.70
2010.11.30 12:30:04.948,1.35767,1.35791,1.50,1.70
2010.11.30 12:30:06.046,1.35767,1.3579,1.50,1.70
2010.11.30 12:30:06.491,1.35767,1.35797,1.50,1.10
2010.11.30 12:30:08.900,1.35772,1.358,1.50,2.60
2010.11.30 12:30:09.445,1.35772,1.35793,1.70,1.70
2010.11.30 12:30:09.571,1.35772,1.358,1.70,2.60
2010.11.30 12:30:10.627,1.35776,1.358,1.50,1.70
2010.11.30 12:30:12.128,1.35783,1.35811,1.50,2.60
2010.11.30 12:30:12.568,1.35783,1.35811,1.50,2.90
2010.11.30 12:30:12.865,1.35779,1.35809,1.50,1.10
2010.11.30 12:30:13.418,1.35779,1.35809,3.20,1.10
2010.11.30 12:30:14.818,1.35783,1.35811,1.50,1.10
2010.11.30 12:30:15.734,1.35785,1.35812,1.50,1.90
2010.11.30 12:30:15.966,1.35787,1.35822,1.50,3.30
2010.11.30 12:30:16.412,1.35793,1.35822,1.50,5.20
2010.11.30 12:30:16.639,1.35793,1.35822,1.50,1.80
2010.11.30 12:30:16.859,1.35797,1.35822,1.50,1.80
2010.11.30 12:30:17.423,1.35797,1.35822,1.50,1.80
2010.11.30 12:30:17.649,1.35791,1.35821,1.50,1.30
2010.11.30 12:30:17.952,1.35791,1.3582,1.50,1.10
2010.11.30 12:30:18.141,1.35784,1.3581,1.50,1.80
2010.11.30 12:30:18.370,1.35784,1.3581,1.50,1.80
2010.11.30 12:30:19.364,1.35784,1.35816,1.50,2.70
2010.11.30 12:30:19.703,1.35787,1.35818,1.50,1.10
2010.11.30 12:30:19.932,1.35787,1.35818,1.50,2.20
2010.11.30 12:30:20.199,1.35787,1.35818,1.50,1.10
2010.11.30 12:30:21.199,1.3579,1.35819,1.50,1.10
2010.11.30 12:30:22.210,1.35787,1.35814,1.50,2.50
2010.11.30 12:30:22.367,1.35772,1.35803,3.20,2.60
2010.11.30 12:30:22.672,1.35769,1.35798,1.50,1.90
2010.11.30 12:30:22.794,1.35768,1.35798,1.50,2.60
2010.11.30 12:30:23.920,1.35769,1.35803,1.70,1.30
2010.11.30 12:30:24.424,1.35776,1.35807,1.50,1.70
2010.11.30 12:30:24.541,1.35774,1.358,2.40,1.70
2010.11.30 12:30:24.897,1.35772,1.35807,1.70,2.50
2010.11.30 12:30:25.125,1.35772,1.358,1.50,1.70
2010.11.30 12:30:25.425,1.35771,1.35808,1.50,2.50
2010.11.30 12:30:25.569,1.35771,1.35808,1.50,2.50
2010.11.30 12:30:26.377,1.35788,1.35806,2.40,1.50
2010.11.30 12:30:27.043,1.35783,1.35806,1.50,1.50
2010.11.30 12:30:27.165,1.35783,1.35815,1.50,3.00
2010.11.30 12:30:28.901,1.35782,1.35812,1.50,1.70
2010.11.30 12:30:29.296,1.35776,1.35804,1.50,1.90
2010.11.30 12:30:29.705,1.35778,1.35812,1.70,1.20
2010.11.30 12:30:29.821,1.35781,1.35815,1.50,1.20
2010.11.30 12:30:30.163,1.35783,1.35821,1.50,1.10
2010.11.30 12:30:31.394,1.35787,1.35804,1.50,1.70
2010.11.30 12:30:31.517,1.35778,1.35804,1.50,1.70
2010.11.30 12:30:32.043,1.35777,1.35804,1.50,1.90
2010.11.30 12:30:32.272,1.35777,1.35811,1.50,1.30
2010.11.30 12:30:33.335,1.35777,1.35803,1.50,1.90
2010.11.30 12:30:33.669,1.35777,1.35795,1.50,1.70
2010.11.30 12:30:33.890,1.35772,1.35795,1.50,1.70
2010.11.30 12:30:34.010,1.3577,1.35795,1.50,1.70
2010.11.30 12:30:34.330,1.35766,1.35795,1.50,1.70
2010.11.30 12:30:34.458,1.35765,1.35799,3.30,1.20
2010.11.30 12:30:34.688,1.35765,1.35798,2.40,1.20
2010.11.30 12:30:35.232,1.35765,1.35796,2.60,1.20
2010.11.30 12:30:35.488,1.35781,1.35804,1.70,1.50
2010.11.30 12:30:35.601,1.35781,1.35811,1.70,1.10
2010.11.30 12:30:35.945,1.35786,1.35805,2.60,1.50
2010.11.30 12:30:36.415,1.35782,1.35817,1.50,1.70
2010.11.30 12:30:36.529,1.35782,1.35816,1.50,1.10
2010.11.30 12:30:36.897,1.35785,1.35812,1.50,1.70
2010.11.30 12:30:37.011,1.35785,1.35814,1.50,2.50
2010.11.30 12:30:37.596,1.3578,1.35809,1.50,1.70
2010.11.30 12:30:38.138,1.35783,1.35809,1.50,1.10
2010.11.30 12:30:38.360,1.35783,1.3581,1.50,1.80
2010.11.30 12:30:38.899,1.35783,1.3581,1.50,1.90
2010.11.30 12:30:39.506,1.35782,1.35815,1.50,1.30
2010.11.30 12:30:39.734,1.35783,1.35815,3.00,1.20
2010.11.30 12:30:40.170,1.35791,1.35821,1.50,1.70
2010.11.30 12:30:40.412,1.35787,1.35808,1.50,1.70
2010.11.30 12:30:40.805,1.35787,1.35816,1.50,1.70
2010.11.30 12:30:40.926,1.35771,1.3579,2.60,2.20
2010.11.30 12:30:41.370,1.35779,1.35805,1.70,2.50
2010.11.30 12:30:41.650,1.35777,1.35801,1.50,1.90
2010.11.30 12:30:41.999,1.35784,1.35798,1.70,1.40
2010.11.30 12:30:42.320,1.3577,1.3579,1.50,1.70
2010.11.30 12:30:42.452,1.3577,1.35803,3.20,3.00
2010.11.30 12:30:43.330,1.3577,1.35796,1.50,1.70
2010.11.30 12:30:43.788,1.35762,1.35798,2.50,3.00
2010.11.30 12:30:43.899,1.35768,1.35797,1.50,1.90
2010.11.30 12:30:44.473,1.3577,1.35795,1.70,1.50
2010.11.30 12:30:44.592,1.35776,1.35803,1.50,1.90
2010.11.30 12:30:44.881,1.35776,1.35802,1.50,2.50
2010.11.30 12:30:45.129,1.35771,1.35802,1.50,2.70
2010.11.30 12:30:45.238,1.35771,1.35793,1.50,1.70
2010.11.30 12:30:45.566,1.35771,1.35783,1.50,1.70
2010.11.30 12:30:45.801,1.35765,1.35789,1.50,1.20
2010.11.30 12:30:45.921,1.35765,1.35798,1.50,1.20
2010.11.30 12:30:46.302,1.35762,1.3579,1.50,1.20
2010.11.30 12:30:46.422,1.35762,1.35784,1.50,1.70
2010.11.30 12:30:46.541,1.35759,1.35784,1.50,1.70
2010.11.30 12:30:46.662,1.35757,1.35783,2.30,1.70
2010.11.30 12:30:46.983,1.35772,1.35804,1.50,2.60
2010.11.30 12:30:47.212,1.35773,1.35804,1.50,1.90
2010.11.30 12:30:47.614,1.35777,1.35804,1.50,2.00
2010.11.30 12:30:48.375,1.35777,1.35804,1.50,3.50
2010.11.30 12:30:48.603,1.35777,1.35807,3.20,2.80
2010.11.30 12:30:48.721,1.35777,1.358,1.50,1.70
2010.11.30 12:30:49.196,1.35777,1.35807,1.50,1.10
2010.11.30 12:30:49.419,1.35777,1.35807,1.50,1.10
2010.11.30 12:30:50.471,1.35777,1.35805,1.70,1.90
2010.11.30 12:30:50.632,1.35781,1.35807,1.50,1.70
2010.11.30 12:30:51.604,1.35784,1.3581,1.50,1.90
2010.11.30 12:30:52.630,1.35784,1.3581,1.50,2.80
2010.11.30 12:30:53.333,1.35779,1.35804,1.50,1.80
2010.11.30 12:30:53.454,1.35777,1.3581,1.70,2.50
2010.11.30 12:30:53.942,1.35782,1.35813,3.20,4.20
2010.11.30 12:30:54.171,1.35788,1.35811,1.50,2.30
2010.11.30 12:30:54.754,1.35788,1.35812,1.50,1.50
2010.11.30 12:30:54.980,1.35788,1.35816,1.50,3.40
2010.11.30 12:30:55.531,1.35788,1.35816,1.50,3.30
2010.11.30 12:30:56.076,1.35803,1.35816,1.70,1.70
2010.11.30 12:30:56.220,1.35788,1.35816,1.50,2.60
2010.11.30 12:30:56.620,1.35788,1.35816,1.50,1.50
2010.11.30 12:30:56.858,1.35793,1.3582,1.70,2.00
2010.11.30 12:30:57.203,1.35784,1.35814,1.50,1.90
2010.11.30 12:30:57.935,1.35792,1.35819,2.40,2.30
2010.11.30 12:30:58.053,1.35793,1.35821,1.50,1.90
2010.11.30 12:30:58.284,1.35793,1.35823,1.50,2.80
2010.11.30 12:30:58.633,1.35796,1.3582,1.70,2.00
2010.11.30 12:30:59.171,1.358,1.35812,1.50,1.70
2010.11.30 12:30:59.297,1.35791,1.3582,1.50,1.90
2010.11.30 12:30:59.411,1.35792,1.35825,1.50,2.50
2010.11.30 12:30:59.912,1.35793,1.3582,1.50,1.70
2010.11.30 12:31:00.552,1.35793,1.3582,1.50,3.40
2010.11.30 12:31:00.662,1.35793,1.35812,1.50,1.70
2010.11.30 12:31:00.782,1.35793,1.35819,1.50,1.50
2010.11.30 12:31:01.118,1.35797,1.35821,1.50,1.70
2010.11.30 12:31:01.706,1.35794,1.35821,1.50,2.00
2010.11.30 12:31:02.892,1.35795,1.35821,2.30,1.70
2010.11.30 12:31:03.301,1.358,1.35813,1.50,1.70
2010.11.30 12:31:03.635,1.35798,1.35823,1.50,2.10
2010.11.30 12:31:03.755,1.35798,1.35828,1.50,3.30
2010.11.30 12:31:05.831,1.35798,1.3583,1.50,2.50
2010.11.30 12:31:09.420,1.35798,1.35832,1.10,2.80
2010.11.30 12:31:09.580,1.35795,1.35822,1.50,1.70
2010.11.30 12:31:10.849,1.35795,1.35822,1.50,2.60
2010.11.30 12:31:11.298,1.35789,1.35808,1.70,1.90
2010.11.30 12:31:11.479,1.35773,1.35808,1.50,2.60
2010.11.30 12:31:15.129,1.35773,1.358,1.50,1.70
2010.11.30 12:31:15.271,1.35777,1.35809,1.70,1.10
2010.11.30 12:31:16.895,1.35773,1.35807,3.10,2.50
2010.11.30 12:31:18.234,1.35774,1.35805,1.10,2.60
2010.11.30 12:31:19.306,1.3578,1.35805,2.50,1.70
2010.11.30 12:31:19.642,1.35783,1.35814,8.30,2.50
2010.11.30 12:31:19.761,1.35787,1.35814,1.10,2.50
2010.11.30 12:31:20.096,1.35789,1.35819,1.10,2.50
2010.11.30 12:31:20.428,1.35783,1.35817,2.60,4.20
2010.11.30 12:31:20.538,1.35783,1.35817,2.60,4.10
2010.11.30 12:31:21.292,1.35782,1.35816,3.20,1.10
2010.11.30 12:31:27.384,1.35782,1.3581,1.50,1.90
2010.11.30 12:31:27.543,1.35777,1.3581,1.70,2.80
2010.11.30 12:31:32.791,1.35781,1.3581,1.50,1.90
2010.11.30 12:31:33.439,1.35782,1.35811,1.50,1.70
2010.11.30 12:31:35.037,1.35787,1.35817,1.50,1.10
2010.11.30 12:31:35.370,1.35787,1.3581,1.50,1.70
2010.11.30 12:31:35.799,1.35784,1.3581,1.50,1.90
2010.11.30 12:31:36.128,1.35786,1.35821,1.70,2.90
2010.11.30 12:31:36.242,1.35789,1.35821,2.50,2.50
2010.11.30 12:31:36.632,1.35794,1.35826,1.70,2.50
2010.11.30 12:31:36.750,1.35796,1.35826,1.70,2.50
2010.11.30 12:31:37.195,1.35806,1.35834,1.50,1.70
2010.11.30 12:31:37.779,1.35808,1.35839,1.70,2.80
2010.11.30 12:31:38.215,1.35816,1.35848,1.50,2.50
2010.11.30 12:31:39.502,1.35822,1.35848,2.40,1.80
2010.11.30 12:31:39.636,1.35818,1.35848,1.90,1.10
2010.11.30 12:31:40.305,1.35821,1.3585,1.70,2.60
2010.11.30 12:31:40.461,1.35824,1.35852,1.50,1.10
2010.11.30 12:31:40.688,1.35824,1.3585,1.50,1.80
2010.11.30 12:31:41.104,1.3582,1.35848,1.50,1.10
2010.11.30 12:31:41.444,1.35824,1.35852,1.50,1.10
2010.11.30 12:31:42.050,1.35819,1.35852,1.70,1.10
2010.11.30 12:31:42.182,1.35818,1.35849,1.20,2.70
2010.11.30 12:31:42.957,1.35818,1.35849,1.30,2.60
2010.11.30 12:31:48.827,1.35816,1.35849,1.10,2.80
2010.11.30 12:31:52.987,1.3581,1.3584,1.50,4.10
2010.11.30 12:31:53.209,1.35804,1.35839,1.70,1.10
2010.11.30 12:31:53.516,1.35804,1.35839,1.70,1.10
2010.11.30 12:31:55.936,1.35804,1.35829,1.50,1.70
2010.11.30 12:31:56.183,1.35799,1.35829,1.50,2.60
2010.11.30 12:32:00.177,1.35799,1.35823,1.50,1.70
2010.11.30 12:32:00.507,1.35796,1.35823,1.50,1.90
2010.11.30 12:32:01.287,1.35796,1.35823,1.50,1.90
2010.11.30 12:32:01.844,1.35792,1.35823,1.50,2.80
2010.11.30 12:32:02.260,1.35792,1.35814,1.50,1.70
2010.11.30 12:32:02.708,1.35785,1.35815,1.50,2.60
2010.11.30 12:32:02.834,1.35785,1.35815,1.70,2.60
2010.11.30 12:32:03.172,1.35792,1.35822,1.70,2.60
2010.11.30 12:32:03.670,1.35788,1.35823,1.70,4.10
2010.11.30 12:32:03.841,1.35794,1.35823,1.10,4.10
2010.11.30 12:32:04.461,1.35802,1.35828,1.70,2.50
2010.11.30 12:32:04.582,1.35796,1.35825,1.50,1.70
2010.11.30 12:32:04.699,1.35792,1.3582,1.50,1.90
2010.11.30 12:32:05.167,1.3579,1.35819,2.40,1.70
2010.11.30 12:32:05.280,1.3579,1.35817,1.50,1.20
2010.11.30 12:32:05.880,1.3579,1.35819,1.50,2.60
2010.11.30 12:32:08.010,1.35785,1.35817,1.50,2.00
2010.11.30 12:32:08.371,1.35783,1.35812,1.50,2.70
2010.11.30 12:32:09.424,1.35787,1.35815,1.50,1.10
2010.11.30 12:32:11.524,1.35786,1.35808,1.50,1.70
2010.11.30 12:32:11.862,1.35792,1.35817,1.70,2.30
2010.11.30 12:32:11.991,1.35787,1.35823,1.50,2.80
2010.11.30 12:32:12.501,1.3579,1.35825,1.50,1.20
2010.11.30 12:32:14.942,1.35795,1.35828,1.50,2.50
2010.11.30 12:32:15.167,1.35795,1.3583,1.50,4.30
2010.11.30 12:32:16.658,1.35801,1.35834,1.50,1.10
2010.11.30 12:32:16.880,1.35797,1.3583,1.50,1.90
2010.11.30 12:32:17.000,1.35793,1.3583,1.50,2.70
2010.11.30 12:32:17.251,1.35793,1.3583,1.50,5.20
2010.11.30 12:32:19.241,1.35798,1.35829,1.70,2.60
2010.11.30 12:32:19.468,1.35806,1.35835,1.70,5.20
2010.11.30 12:32:21.158,1.35805,1.35836,2.40,2.60
2010.11.30 12:32:21.749,1.35805,1.35836,2.40,2.60
2010.11.30 12:32:22.191,1.35799,1.35832,1.70,1.10
2010.11.30 12:32:23.890,1.35795,1.35827,3.20,1.10
2010.11.30 12:32:24.313,1.35795,1.35827,2.60,2.00
2010.11.30 12:32:24.538,1.358,1.35831,1.50,1.10
2010.11.30 12:32:26.176,1.35801,1.35832,1.50,1.10
2010.11.30 12:32:27.235,1.35801,1.3583,1.50,1.10
2010.11.30 12:32:28.038,1.35801,1.3583,1.50,1.10
2010.11.30 12:32:29.630,1.35801,1.3583,1.50,1.10
2010.11.30 12:32:30.081,1.3581,1.35841,1.50,1.10
2010.11.30 12:32:35.029,1.3581,1.35842,1.50,1.30
2010.11.30 12:32:35.571,1.3581,1.35832,1.50,1.70
2010.11.30 12:32:35.805,1.3581,1.35844,1.70,1.40
2010.11.30 12:32:35.925,1.35814,1.35844,1.50,1.10
2010.11.30 12:32:36.260,1.35814,1.35833,1.50,1.70
2010.11.30 12:32:36.377,1.35814,1.35845,1.50,1.10
2010.11.30 12:32:37.771,1.35814,1.35848,1.50,2.60
2010.11.30 12:32:39.330,1.35817,1.3585,2.50,2.50
2010.11.30 12:32:39.452,1.35821,1.35852,1.70,2.50
2010.11.30 12:32:42.433,1.35821,1.35857,1.70,1.10
2010.11.30 12:32:42.551,1.35821,1.35855,1.50,1.20
2010.11.30 12:32:49.813,1.35821,1.35849,1.70,2.60
2010.11.30 12:32:50.475,1.35817,1.35842,1.50,1.70
2010.11.30 12:32:50.703,1.3581,1.35841,1.50,2.60
2010.11.30 12:32:58.181,1.35808,1.35842,1.50,1.10
2010.11.30 12:32:58.530,1.35795,1.35832,3.50,2.80
2010.11.30 12:33:00.732,1.35797,1.35832,1.10,1.30
2010.11.30 12:33:00.957,1.35797,1.35832,1.10,1.30
2010.11.30 12:33:01.287,1.35797,1.35832,1.10,2.90
2010.11.30 12:33:01.516,1.35797,1.35832,1.10,2.80
2010.11.30 12:33:01.919,1.35795,1.35832,2.80,2.90
2010.11.30 12:33:02.029,1.35795,1.35824,1.60,1.90
2010.11.30 12:33:02.880,1.35794,1.35827,1.70,2.60
2010.11.30 12:33:03.220,1.35794,1.35831,1.10,1.30
2010.11.30 12:33:05.403,1.35798,1.35831,1.10,1.30
2010.11.30 12:33:06.251,1.35798,1.35831,1.10,1.30
2010.11.30 12:33:08.236,1.35798,1.35832,1.10,2.50
2010.11.30 12:33:10.298,1.35793,1.35823,1.70,2.60
2010.11.30 12:33:10.410,1.35792,1.35823,1.70,1.90
2010.11.30 12:33:10.646,1.35796,1.35823,1.70,1.90
2010.11.30 12:33:11.445,1.35799,1.35834,5.20,2.60
2010.11.30 12:33:11.571,1.35799,1.35835,2.10,2.60
2010.11.30 12:33:12.382,1.35802,1.35826,1.70,1.70
2010.11.30 12:33:12.626,1.35799,1.35836,1.80,2.60
2010.11.30 12:33:12.741,1.35805,1.35836,2.50,1.90
2010.11.30 12:33:13.306,1.3581,1.35841,1.50,1.10
2010.11.30 12:33:15.861,1.3581,1.35835,1.70,1.70
2010.11.30 12:33:15.993,1.35805,1.35834,1.50,2.60
2010.11.30 12:33:16.439,1.35805,1.35835,1.50,2.40
2010.11.30 12:33:16.548,1.35809,1.35835,1.50,1.70
2010.11.30 12:33:19.680,1.35809,1.35835,1.60,1.70
2010.11.30 12:33:21.270,1.35805,1.35835,1.70,2.60
2010.11.30 12:33:21.827,1.35805,1.35835,1.70,2.60
2010.11.30 12:33:23.359,1.35805,1.35835,1.70,2.60
2010.11.30 12:33:23.853,1.35799,1.35826,1.50,1.70
2010.11.30 12:33:24.323,1.35799,1.35835,1.60,5.20
2010.11.30 12:33:25.142,1.35799,1.35833,1.50,1.10
2010.11.30 12:33:25.430,1.35799,1.35825,1.50,1.70
2010.11.30 12:33:25.883,1.35793,1.35824,1.70,2.40
2010.11.30 12:33:25.999,1.35793,1.35824,1.70,2.60
2010.11.30 12:33:26.850,1.35795,1.35824,1.30,2.60
2010.11.30 12:33:27.078,1.35805,1.3583,1.70,1.70
2010.11.30 12:33:27.307,1.35805,1.35836,1.70,2.60
2010.11.30 12:33:27.437,1.35805,1.35836,1.70,1.90
2010.11.30 12:33:27.768,1.35805,1.35836,1.70,2.60
2010.11.30 12:33:28.602,1.358,1.35835,1.90,1.10
2010.11.30 12:33:29.431,1.35797,1.35824,1.70,1.20
2010.11.30 12:33:29.662,1.35794,1.35827,3.40,1.90
2010.11.30 12:33:29.890,1.35798,1.35834,1.50,5.20
2010.11.30 12:33:30.988,1.35798,1.35829,1.50,2.50
2010.11.30 12:33:31.349,1.35798,1.35829,1.50,2.50
2010.11.30 12:33:31.844,1.35798,1.35832,3.20,2.50
2010.11.30 12:33:32.211,1.35792,1.35824,1.50,2.50
2010.11.30 12:33:32.443,1.35793,1.35826,1.70,2.50
2010.11.30 12:33:32.778,1.35795,1.3583,1.50,2.50
2010.11.30 12:33:41.338,1.35792,1.35817,1.50,1.70
2010.11.30 12:33:41.731,1.35797,1.35825,3.20,1.10
2010.11.30 12:33:43.449,1.35792,1.35825,1.70,2.60
2010.11.30 12:33:43.563,1.35792,1.35825,1.70,2.60
2010.11.30 12:33:43.680,1.35793,1.35825,1.10,2.60
2010.11.30 12:33:43.802,1.35792,1.35823,1.70,2.50
2010.11.30 12:33:44.484,1.35788,1.35819,3.30,2.30
2010.11.30 12:33:44.607,1.35788,1.35817,1.60,1.90
2010.11.30 12:33:48.058,1.35789,1.35822,1.70,2.50
2010.11.30 12:33:49.733,1.35788,1.35822,1.70,2.50
2010.11.30 12:33:50.204,1.35786,1.35815,1.50,1.90
2010.11.30 12:33:50.322,1.35784,1.35815,1.70,2.60
2010.11.30 12:33:50.828,1.35784,1.35815,1.70,2.60
2010.11.30 12:33:52.363,1.35786,1.35815,1.10,4.10
2010.11.30 12:33:52.528,1.35788,1.35819,1.70,2.50
2010.11.30 12:33:53.299,1.35791,1.35819,1.10,2.50
2010.11.30 12:33:53.414,1.35792,1.35821,1.50,1.70
2010.11.30 12:33:54.050,1.35792,1.35821,1.70,2.40
2010.11.30 12:33:55.242,1.35787,1.35823,1.70,2.50
2010.11.30 12:33:55.479,1.358,1.3583,1.70,2.50
2010.11.30 12:33:55.926,1.35805,1.35834,1.50,1.30
2010.11.30 12:33:56.868,1.35799,1.35831,3.40,1.10
2010.11.30 12:33:56.977,1.35799,1.35829,3.40,1.10
2010.11.30 12:34:00.762,1.35806,1.35834,1.50,2.60
2010.11.30 12:34:01.517,1.35807,1.35834,1.70,1.90
2010.11.30 12:34:01.674,1.35812,1.3584,1.50,2.50
2010.11.30 12:34:01.902,1.35804,1.35834,1.20,2.40
2010.11.30 12:34:02.020,1.358,1.35834,1.60,2.80
2010.11.30 12:34:02.131,1.35797,1.3583,4.70,1.20
2010.11.30 12:34:02.415,1.35797,1.35823,1.50,1.20
2010.11.30 12:34:02.949,1.35797,1.35832,1.70,1.30
2010.11.30 12:34:03.064,1.35806,1.35839,1.50,2.60
2010.11.30 12:34:04.279,1.35806,1.35834,3.10,1.10
2010.11.30 12:34:04.687,1.35818,1.35848,1.50,1.10
2010.11.30 12:34:04.806,1.35814,1.35846,1.50,1.30
2010.11.30 12:34:04.922,1.35814,1.35837,1.50,1.70
2010.11.30 12:34:05.148,1.3581,1.35837,1.50,1.70
2010.11.30 12:34:05.368,1.35809,1.35837,1.50,2.60
2010.11.30 12:34:05.855,1.35804,1.35835,1.50,1.90
2010.11.30 12:34:06.627,1.35804,1.35835,1.50,2.80
2010.11.30 12:34:07.149,1.35804,1.35826,1.50,1.70
2010.11.30 12:34:07.288,1.35804,1.35841,1.70,8.90
2010.11.30 12:34:07.508,1.35804,1.3584,2.40,1.10
2010.11.30 12:34:07.814,1.35807,1.35841,1.50,2.60
2010.11.30 12:34:07.953,1.35807,1.35846,1.70,4.80
2010.11.30 12:34:08.179,1.35809,1.35843,1.50,2.70
2010.11.30 12:34:08.817,1.35808,1.35841,1.50,4.80
2010.11.30 12:34:08.943,1.35809,1.35844,1.50,1.10
2010.11.30 12:34:10.238,1.35809,1.35842,1.50,2.60
2010.11.30 12:34:11.428,1.35803,1.35838,1.50,2.50
2010.11.30 12:34:11.724,1.35803,1.35838,1.50,2.50
2010.11.30 12:34:13.058,1.35803,1.35833,1.50,1.90
2010.11.30 12:34:13.448,1.35796,1.35829,1.70,1.20
2010.11.30 12:34:13.570,1.35807,1.35833,1.70,2.50
2010.11.30 12:34:13.680,1.35798,1.35836,2.40,2.50
2010.11.30 12:34:14.377,1.35789,1.35828,3.20,1.10
2010.11.30 12:34:14.602,1.35788,1.35826,2.60,2.50
2010.11.30 12:34:14.881,1.35795,1.35826,1.50,1.70
2010.11.30 12:34:15.131,1.35831,1.35838,2.20,1.70
2010.11.30 12:34:15.467,1.35838,1.35857,2.40,1.50
2010.11.30 12:34:15.606,1.35851,1.35874,1.70,1.30
2010.11.30 12:34:15.724,1.35852,1.35882,1.50,1.10
2010.11.30 12:34:16.023,1.35859,1.35889,1.50,1.30
2010.11.30 12:34:16.363,1.35866,1.35896,2.40,1.30
2010.11.30 12:34:16.720,1.35866,1.35895,1.50,2.10
2010.11.30 12:34:16.844,1.35862,1.35891,1.70,1.30
2010.11.30 12:34:17.419,1.3586,1.35889,2.30,1.10
2010.11.30 12:34:18.047,1.35855,1.35881,1.70,1.90
2010.11.30 12:34:18.161,1.35851,1.35875,1.50,2.60
2010.11.30 12:34:18.279,1.35837,1.35867,1.50,2.60
2010.11.30 12:34:18.660,1.35833,1.35867,2.40,2.70
2010.11.30 12:34:23.368,1.35835,1.35869,1.50,2.00
2010.11.30 12:34:23.478,1.35842,1.35872,1.70,1.10
2010.11.30 12:34:23.842,1.35842,1.3587,3.20,1.10
2010.11.30 12:34:24.069,1.35842,1.35872,3.20,1.30
2010.11.30 12:34:25.280,1.35842,1.3587,3.20,1.10
2010.11.30 12:34:25.441,1.35842,1.3587,3.20,1.10
2010.11.30 12:34:25.650,1.35842,1.35872,3.20,1.30
2010.11.30 12:34:26.021,1.35842,1.35874,3.20,1.10
2010.11.30 12:34:26.374,1.35842,1.35875,4.10,2.80
2010.11.30 12:34:26.495,1.35847,1.35875,1.50,1.10
2010.11.30 12:34:26.607,1.35852,1.35875,1.70,1.10
2010.11.30 12:34:27.352,1.35847,1.35877,1.70,1.30
2010.11.30 12:34:27.507,1.35852,1.35883,1.50,2.20
2010.11.30 12:34:28.016,1.35852,1.35882,1.50,1.30
2010.11.30 12:34:28.919,1.35852,1.35881,1.50,1.30
2010.11.30 12:34:29.569,1.35852,1.3588,1.50,1.10
2010.11.30 12:34:31.411,1.35843,1.35874,3.40,2.80
2010.11.30 12:34:31.583,1.35837,1.35874,2.60,3.00
2010.11.30 12:34:31.697,1.35837,1.35874,2.60,3.00
2010.11.30 12:34:32.028,1.35839,1.35874,1.50,1.10
2010.11.30 12:34:32.412,1.3584,1.35879,1.50,1.10
2010.11.30 12:34:32.637,1.35843,1.35879,1.50,1.10
2010.11.30 12:34:35.778,1.35841,1.35871,1.50,1.10
2010.11.30 12:34:36.008,1.35841,1.35876,1.50,1.90
2010.11.30 12:34:36.319,1.35838,1.35865,1.50,1.50
2010.11.30 12:34:36.442,1.35836,1.3586,1.50,1.90
2010.11.30 12:34:36.560,1.35834,1.35865,3.40,2.10
2010.11.30 12:34:36.671,1.35835,1.35873,2.40,2.50
2010.11.30 12:34:37.094,1.35837,1.35868,2.40,1.10
2010.11.30 12:34:37.228,1.35837,1.35873,1.70,1.60
2010.11.30 12:34:37.341,1.35845,1.35868,1.70,1.10
2010.11.30 12:34:37.458,1.35845,1.35874,1.70,1.10
2010.11.30 12:34:37.568,1.35845,1.35874,1.70,1.10
2010.11.30 12:34:37.680,1.35845,1.35876,2.60,1.40
2010.11.30 12:34:37.981,1.35851,1.3588,1.50,2.30
2010.11.30 12:34:38.327,1.35852,1.35881,2.40,1.30
2010.11.30 12:34:38.451,1.35854,1.35884,1.50,1.10
2010.11.30 12:34:39.018,1.35854,1.35885,1.50,1.30
2010.11.30 12:34:39.241,1.35851,1.35885,2.40,1.30
2010.11.30 12:34:39.784,1.35851,1.35881,1.70,2.50
2010.11.30 12:34:40.263,1.35852,1.35887,2.40,2.50
2010.11.30 12:34:40.379,1.35852,1.35887,3.30,2.50
2010.11.30 12:34:40.672,1.35852,1.35889,3.20,2.50
2010.11.30 12:34:40.797,1.35856,1.35889,1.50,4.80
2010.11.30 12:34:42.236,1.35856,1.35884,1.50,1.10
2010.11.30 12:34:42.353,1.35856,1.35884,1.50,1.10
2010.11.30 12:34:42.879,1.35859,1.35894,3.30,1.30
2010.11.30 12:34:43.005,1.3586,1.35894,1.50,2.00
2010.11.30 12:34:43.121,1.35867,1.35894,1.50,2.00
2010.11.30 12:34:43.354,1.35867,1.35904,1.50,5.80
2010.11.30 12:34:44.087,1.35866,1.35904,1.50,4.60
2010.11.30 12:34:44.202,1.3587,1.35903,1.70,2.50
2010.11.30 12:34:44.579,1.3587,1.35903,3.20,4.60
2010.11.30 12:34:44.919,1.35875,1.35903,1.50,6.50
2010.11.30 12:34:45.142,1.3587,1.35904,1.50,6.50
2010.11.30 12:34:45.266,1.3587,1.35904,1.50,6.50
2010.11.30 12:34:45.378,1.3587,1.35904,1.50,6.90
2010.11.30 12:34:46.348,1.3587,1.35904,1.50,6.90
2010.11.30 12:34:47.428,1.35871,1.35899,1.50,2.40
2010.11.30 12:34:47.777,1.35871,1.35899,1.50,2.40
2010.11.30 12:34:48.547,1.35871,1.35899,1.50,2.40
2010.11.30 12:34:48.657,1.35871,1.359,1.50,1.20
2010.11.30 12:34:48.878,1.35871,1.35899,1.50,2.40
2010.11.30 12:34:49.849,1.35871,1.35899,1.50,2.10
2010.11.30 12:34:50.177,1.35871,1.35899,1.50,2.60
2010.11.30 12:34:50.478,1.35871,1.35899,1.50,2.40
2010.11.30 12:34:50.604,1.35871,1.35903,1.50,2.60
2010.11.30 12:34:50.721,1.35871,1.35902,1.50,5.00
2010.11.30 12:34:51.058,1.35871,1.35897,1.50,2.70
2010.11.30 12:34:51.799,1.35871,1.35897,1.50,3.10
2010.11.30 12:34:52.127,1.3587,1.35898,1.70,2.60
2010.11.30 12:34:52.237,1.3587,1.35897,1.70,1.20
2010.11.30 12:34:52.347,1.3587,1.35895,1.70,1.20
2010.11.30 12:34:52.679,1.3587,1.35894,1.70,1.40
2010.11.30 12:34:52.789,1.35869,1.35893,2.40,1.20
2010.11.30 12:34:53.211,1.3586,1.35888,1.50,2.70
2010.11.30 12:34:55.311,1.3586,1.35888,1.50,2.40
2010.11.30 12:34:56.915,1.3586,1.35888,1.50,2.70
2010.11.30 12:34:57.625,1.3586,1.35888,1.50,2.60
2010.11.30 12:34:59.087,1.3586,1.35886,1.50,1.20
2010.11.30 12:34:59.197,1.3586,1.35888,1.50,2.70
2010.11.30 12:34:59.311,1.3586,1.35888,1.50,2.70
2010.11.30 12:34:59.623,1.35859,1.35884,1.70,2.70
2010.11.30 12:34:59.748,1.35859,1.35893,1.70,2.40
2010.11.30 12:35:00.479,1.35859,1.35894,3.40,4.10
2010.11.30 12:35:00.698,1.3587,1.35898,1.70,2.40
2010.11.30 12:35:01.119,1.3587,1.35898,1.70,2.30
2010.11.30 12:35:02.148,1.35862,1.35894,1.50,1.20
2010.11.30 12:35:02.445,1.35856,1.35888,1.50,1.10
2010.11.30 12:35:02.672,1.35851,1.35888,4.50,1.10
2010.11.30 12:35:02.789,1.35851,1.35888,4.50,1.10
2010.11.30 12:35:02.900,1.35851,1.35881,4.50,1.70
2010.11.30 12:35:03.281,1.35851,1.3588,1.50,1.10
2010.11.30 12:35:03.405,1.35849,1.35879,1.50,1.10
2010.11.30 12:35:03.629,1.35844,1.35879,2.30,1.10
2010.11.30 12:35:04.039,1.35847,1.35882,1.50,1.10
2010.11.30 12:35:10.887,1.35847,1.35882,1.50,1.50
2010.11.30 12:35:11.437,1.35851,1.35883,1.70,1.10
2010.11.30 12:35:12.192,1.35842,1.35878,1.50,2.60
2010.11.30 12:35:12.332,1.35842,1.35878,1.50,2.60
2010.11.30 12:35:12.840,1.35845,1.35882,1.50,4.70
2010.11.30 12:35:12.961,1.35846,1.35882,1.50,4.70
2010.11.30 12:35:13.298,1.35846,1.3588,1.50,1.10
2010.11.30 12:35:13.521,1.3585,1.3588,1.70,1.10
2010.11.30 12:35:13.948,1.3585,1.35886,2.40,2.40
2010.11.30 12:35:14.903,1.3585,1.35878,2.50,1.70
2010.11.30 12:35:15.027,1.35849,1.35881,1.50,1.40
2010.11.30 12:35:15.140,1.35849,1.35879,1.50,1.70
2010.11.30 12:35:15.575,1.35842,1.35878,1.20,2.70
2010.11.30 12:35:15.700,1.35831,1.35872,1.50,3.90
2010.11.30 12:35:16.230,1.35837,1.35872,1.50,2.40
2010.11.30 12:35:16.557,1.35838,1.35872,1.50,2.40
2010.11.30 12:35:17.798,1.35838,1.35871,1.50,1.10
2010.11.30 12:35:18.416,1.35841,1.35877,2.60,1.90
2010.11.30 12:35:20.089,1.35844,1.35881,1.50,1.10
2010.11.30 12:35:20.199,1.35846,1.35881,1.50,1.10
2010.11.30 12:35:22.157,1.35848,1.35881,2.30,1.20
2010.11.30 12:35:22.284,1.35851,1.35881,1.50,1.20
2010.11.30 12:35:22.783,1.35845,1.3588,1.70,2.60
2010.11.30 12:35:23.643,1.35848,1.35881,1.70,1.20
2010.11.30 12:35:24.240,1.35831,1.3586,1.50,2.60
2010.11.30 12:35:24.757,1.35826,1.3586,3.00,2.60
2010.11.30 12:35:25.311,1.35826,1.3586,1.50,3.20
2010.11.30 12:35:25.741,1.35826,1.35865,1.70,1.40
2010.11.30 12:35:25.857,1.35826,1.35863,1.60,1.10
2010.11.30 12:35:25.967,1.35827,1.35863,1.50,1.10
2010.11.30 12:35:27.449,1.3583,1.35859,1.50,1.10
2010.11.30 12:35:27.778,1.35826,1.35859,1.50,1.10
2010.11.30 12:35:28.397,1.35824,1.35859,2.30,1.10
2010.11.30 12:35:34.015,1.35824,1.35859,2.30,1.50
2010.11.30 12:35:34.353,1.35824,1.3585,2.30,1.10
2010.11.30 12:35:34.469,1.35822,1.3585,1.50,1.10
2010.11.30 12:35:35.042,1.35823,1.35857,1.50,1.70
2010.11.30 12:35:36.269,1.35823,1.35856,1.50,1.30
2010.11.30 12:35:36.941,1.35821,1.35856,2.30,1.90
2010.11.30 12:35:38.008,1.35822,1.35856,1.70,1.30
2010.11.30 12:35:38.880,1.35819,1.35855,2.40,1.90
2010.11.30 12:35:42.411,1.35818,1.35851,1.50,1.10
2010.11.30 12:35:42.821,1.35818,1.35854,1.50,1.50
2010.11.30 12:35:43.200,1.35823,1.35856,1.70,1.30
2010.11.30 12:35:43.964,1.35823,1.35859,2.40,1.90
2010.11.30 12:35:56.879,1.35823,1.35852,2.40,1.90
2010.11.30 12:35:57.542,1.35824,1.35852,1.70,1.30
2010.11.30 12:35:57.951,1.35824,1.35862,3.20,2.30
2010.11.30 12:35:58.111,1.35828,1.35859,1.50,1.10
2010.11.30 12:35:58.670,1.35829,1.35859,2.30,1.10
2010.11.30 12:35:59.388,1.35829,1.35859,2.30,1.10
2010.11.30 12:35:59.938,1.35829,1.35863,2.30,1.10
2010.11.30 12:36:02.520,1.35831,1.35863,1.50,1.10
2010.11.30 12:36:02.631,1.35831,1.35862,1.50,1.10
2010.11.30 12:36:03.032,1.35816,1.3585,1.20,2.60
2010.11.30 12:36:03.264,1.35813,1.35846,2.50,1.70
2010.11.30 12:36:03.495,1.35812,1.35846,2.30,1.70
2010.11.30 12:36:04.696,1.35807,1.35847,1.70,1.20
2010.11.30 12:36:04.818,1.35811,1.35847,1.50,1.20
2010.11.30 12:36:10.308,1.35823,1.35847,1.70,1.10
2010.11.30 12:36:10.451,1.35823,1.35854,2.40,2.10
2010.11.30 12:36:10.682,1.35821,1.35849,1.70,1.70
2010.11.30 12:36:11.084,1.35817,1.35846,1.70,1.70
2010.11.30 12:36:11.201,1.35817,1.35847,1.50,1.70
2010.11.30 12:36:11.540,1.35817,1.35851,1.50,1.10
2010.11.30 12:36:11.985,1.35823,1.35854,1.70,1.80
2010.11.30 12:36:13.057,1.35817,1.35853,1.50,1.10
2010.11.30 12:36:14.127,1.35823,1.35856,1.70,1.30
2010.11.30 12:36:14.454,1.35819,1.35856,2.40,3.00
2010.11.30 12:36:14.859,1.35817,1.3584,1.50,1.70
2010.11.30 12:36:18.838,1.35817,1.35845,1.50,1.80
2010.11.30 12:36:19.107,1.35817,1.35845,1.50,1.80
2010.11.30 12:36:19.230,1.35817,1.35845,1.50,1.70
2010.11.30 12:36:19.344,1.35818,1.35845,1.70,1.70
2010.11.30 12:36:19.873,1.35826,1.35855,1.50,2.40
2010.11.30 12:36:19.995,1.35823,1.35849,1.50,1.70
2010.11.30 12:36:20.218,1.35809,1.35837,1.50,1.70
2010.11.30 12:36:20.437,1.35804,1.35837,1.70,1.70
2010.11.30 12:36:20.549,1.35804,1.35837,1.70,2.40
2010.11.30 12:36:21.739,1.35805,1.35837,1.10,2.40
2010.11.30 12:36:22.072,1.35804,1.35838,1.50,2.40
2010.11.30 12:36:24.822,1.35801,1.35838,3.40,2.60
2010.11.30 12:36:24.940,1.35801,1.35838,2.60,2.60
2010.11.30 12:36:25.280,1.35803,1.35838,1.70,2.40
2010.11.30 12:36:25.499,1.3581,1.35839,1.70,1.20
2010.11.30 12:36:26.079,1.3581,1.35841,1.70,1.20
2010.11.30 12:36:28.853,1.3581,1.35841,1.70,1.20
2010.11.30 12:36:29.300,1.3581,1.35841,1.70,1.20
2010.11.30 12:36:35.997,1.3581,1.35842,2.60,2.40
2010.11.30 12:36:38.928,1.35824,1.35842,1.70,1.10
2010.11.30 12:36:39.154,1.35824,1.35844,1.70,1.50
2010.11.30 12:36:39.268,1.35824,1.35856,1.70,2.60
2010.11.30 12:36:39.678,1.35824,1.35856,1.70,5.10
2010.11.30 12:36:39.792,1.35824,1.35856,1.70,2.60
2010.11.30 12:36:40.459,1.35817,1.35852,1.50,2.50
2010.11.30 12:36:49.849,1.35825,1.35855,1.70,2.80
2010.11.30 12:36:49.958,1.35825,1.35855,1.70,2.50
2010.11.30 12:36:56.927,1.35825,1.35855,3.20,2.50
2010.11.30 12:36:57.987,1.35825,1.35853,1.50,1.10
2010.11.30 12:36:58.213,1.3582,1.35852,1.50,1.10
2010.11.30 12:36:58.332,1.35816,1.35854,2.50,1.30
2010.11.30 12:36:58.841,1.3582,1.35854,3.40,1.20
2010.11.30 12:37:02.126,1.35824,1.35855,1.50,2.50
2010.11.30 12:37:06.898,1.35824,1.35854,3.20,1.60
2010.11.30 12:37:07.119,1.35816,1.35842,1.20,1.70
2010.11.30 12:37:07.230,1.35813,1.35842,1.50,2.60
2010.11.30 12:37:07.449,1.35808,1.35839,1.50,1.70
2010.11.30 12:37:07.724,1.35805,1.35831,1.50,1.70
2010.11.30 12:37:08.060,1.35807,1.35835,2.50,1.50
2010.11.30 12:37:08.882,1.3581,1.35848,1.90,1.10
2010.11.30 12:37:09.521,1.35807,1.35846,1.50,1.90
2010.11.30 12:37:10.613,1.35807,1.35846,1.50,2.90
2010.11.30 12:37:11.143,1.35807,1.35836,1.50,2.40
2010.11.30 12:37:11.469,1.35801,1.35836,1.50,2.40
2010.11.30 12:37:18.621,1.35803,1.35842,1.50,1.30
2010.11.30 12:37:19.181,1.35804,1.35834,1.50,2.60
2010.11.30 12:37:19.850,1.35799,1.35834,1.50,2.60
2010.11.30 12:37:19.958,1.35796,1.35834,1.50,2.60
2010.11.30 12:37:20.868,1.35796,1.35824,1.50,1.70
2010.11.30 12:37:20.979,1.35796,1.35831,1.50,2.40
2010.11.30 12:37:21.607,1.35796,1.35833,1.50,1.50
2010.11.30 12:37:22.578,1.35801,1.35834,1.70,3.30
2010.11.30 12:37:24.508,1.35801,1.3583,1.70,1.10
2010.11.30 12:37:24.995,1.35802,1.35833,1.50,1.70
2010.11.30 12:37:25.559,1.35798,1.35828,1.50,2.60
2010.11.30 12:37:26.433,1.35803,1.35834,1.70,1.10
2010.11.30 12:37:28.098,1.35798,1.3583,1.50,1.10
2010.11.30 12:37:29.190,1.35802,1.35835,1.70,1.30
2010.11.30 12:37:31.954,1.35803,1.35836,1.70,1.50
2010.11.30 12:37:34.982,1.35803,1.35836,1.90,1.30
2010.11.30 12:37:35.212,1.35806,1.35836,1.50,1.50
2010.11.30 12:37:35.331,1.35806,1.35835,1.50,1.10
2010.11.30 12:37:35.741,1.358,1.35835,1.50,1.10
2010.11.30 12:37:35.869,1.35801,1.35836,1.50,2.50
2010.11.30 12:37:36.639,1.35806,1.35837,1.70,1.20
2010.11.30 12:37:38.321,1.35806,1.35832,1.80,1.70
2010.11.30 12:37:38.553,1.35796,1.35833,1.50,1.10
2010.11.30 12:37:39.092,1.35797,1.35829,1.50,2.50
2010.11.30 12:37:39.663,1.35796,1.35824,1.50,1.70
2010.11.30 12:37:39.779,1.35793,1.35824,1.50,1.70
2010.11.30 12:37:40.108,1.35793,1.35829,1.50,4.10
2010.11.30 12:37:41.665,1.35795,1.3583,1.70,2.40
2010.11.30 12:37:42.534,1.35796,1.35833,3.20,2.70
2010.11.30 12:37:43.083,1.35797,1.35833,1.50,1.30
2010.11.30 12:37:47.738,1.35806,1.35833,1.70,1.20
2010.11.30 12:37:48.819,1.35797,1.35833,1.70,1.30
2010.11.30 12:37:51.036,1.35795,1.35829,2.40,1.30
2010.11.30 12:37:51.339,1.35795,1.35829,1.70,1.30
2010.11.30 12:37:53.494,1.35796,1.3583,1.10,2.40
2010.11.30 12:37:53.833,1.35805,1.35838,1.50,2.40
2010.11.30 12:37:54.451,1.35805,1.35838,3.30,1.70
2010.11.30 12:37:54.608,1.35797,1.35826,1.50,2.60
2010.11.30 12:37:54.719,1.35793,1.35826,1.50,2.60
2010.11.30 12:37:55.025,1.35791,1.35825,1.50,1.70
2010.11.30 12:37:57.899,1.35796,1.35832,1.50,2.60
2010.11.30 12:38:01.957,1.35798,1.35836,1.50,1.10
2010.11.30 12:38:02.189,1.35799,1.35836,1.50,1.10
2010.11.30 12:38:02.420,1.35804,1.35836,1.50,1.10
2010.11.30 12:38:03.770,1.35806,1.35837,1.70,1.20
2010.11.30 12:38:03.881,1.35806,1.35837,2.40,1.30
2010.11.30 12:38:04.459,1.35804,1.35837,1.50,1.20
2010.11.30 12:38:04.572,1.35804,1.35837,1.50,1.20
2010.11.30 12:38:06.073,1.35805,1.35837,1.70,3.00
2010.11.30 12:38:06.208,1.358,1.35834,1.50,2.50
2010.11.30 12:38:06.323,1.358,1.3583,2.40,2.40
2010.11.30 12:38:06.656,1.35794,1.35823,1.70,2.40
2010.11.30 12:38:07.008,1.35785,1.35811,1.30,1.70
2010.11.30 12:38:07.342,1.35783,1.35811,1.70,1.70
2010.11.30 12:38:07.473,1.35785,1.35823,1.60,1.40
2010.11.30 12:38:08.122,1.35792,1.35823,2.60,1.30
2010.11.30 12:38:08.351,1.35794,1.35831,1.60,2.50
2010.11.30 12:38:08.470,1.35794,1.35834,1.50,2.80
2010.11.30 12:38:08.579,1.35793,1.35834,1.50,2.80
2010.11.30 12:38:08.689,1.35795,1.35834,1.50,2.80
2010.11.30 12:38:10.640,1.35799,1.35834,1.50,2.30
2010.11.30 12:38:10.759,1.35801,1.35834,1.50,2.30
2010.11.30 12:38:11.628,1.35796,1.35833,1.50,1.70
2010.11.30 12:38:16.210,1.35796,1.35828,1.50,1.10
2010.11.30 12:38:16.541,1.35788,1.35826,1.50,2.60
2010.11.30 12:38:17.889,1.35788,1.35825,1.50,2.60
2010.11.30 12:38:18.967,1.35789,1.35825,1.50,2.50
2010.11.30 12:38:19.172,1.3579,1.35825,1.50,2.50
2010.11.30 12:38:19.404,1.35789,1.35825,1.50,2.50
2010.11.30 12:38:19.738,1.35788,1.35825,1.50,2.80
2010.11.30 12:38:22.015,1.35788,1.35815,1.50,1.70
2010.11.30 12:38:22.134,1.35783,1.35815,3.00,2.40
2010.11.30 12:38:22.672,1.35787,1.35824,1.50,1.30
2010.11.30 12:38:24.028,1.35787,1.35816,1.50,2.40
2010.11.30 12:38:24.155,1.35782,1.35812,1.50,2.40
2010.11.30 12:38:24.488,1.35779,1.35812,1.50,2.40
2010.11.30 12:38:24.711,1.35778,1.35812,1.50,2.40
2010.11.30 12:38:26.191,1.3578,1.35812,2.40,2.40
2010.11.30 12:38:26.498,1.35782,1.35812,1.50,2.40
2010.11.30 12:38:29.611,1.35782,1.35803,1.50,1.70
2010.11.30 12:38:29.936,1.35777,1.35803,1.50,1.70
2010.11.30 12:38:30.068,1.35781,1.35811,1.70,2.40
2010.11.30 12:38:31.430,1.35781,1.3581,2.40,1.70
2010.11.30 12:38:31.588,1.35775,1.35802,1.50,1.70
2010.11.30 12:38:31.917,1.35774,1.35802,2.30,1.70
2010.11.30 12:38:32.300,1.35774,1.35802,2.30,2.40
2010.11.30 12:38:34.419,1.35772,1.35801,1.50,1.70
2010.11.30 12:38:34.530,1.35772,1.35802,1.50,2.40
2010.11.30 12:38:35.049,1.35775,1.35808,1.50,1.10
2010.11.30 12:38:37.655,1.35775,1.35802,1.50,1.70
2010.11.30 12:38:38.339,1.35775,1.35811,1.50,2.60
2010.11.30 12:38:38.694,1.3578,1.35812,2.60,1.70
2010.11.30 12:38:38.810,1.35783,1.35812,1.60,1.70
2010.11.30 12:38:39.739,1.35783,1.35813,1.50,1.20
2010.11.30 12:38:40.637,1.35783,1.35812,1.50,1.80
2010.11.30 12:38:42.679,1.35783,1.35812,1.70,1.70
2010.11.30 12:38:43.106,1.35785,1.3582,1.70,1.10
2010.11.30 12:38:46.525,1.35788,1.35812,1.50,1.70
2010.11.30 12:38:50.641,1.35788,1.35815,1.50,1.80
2010.11.30 12:38:51.117,1.35788,1.35815,1.50,1.80
2010.11.30 12:38:51.227,1.35788,1.35815,1.50,2.00
2010.11.30 12:38:51.661,1.35783,1.35815,1.50,2.60
2010.11.30 12:38:51.781,1.35783,1.35815,1.50,2.60
2010.11.30 12:38:52.007,1.35783,1.35815,1.50,2.70
2010.11.30 12:38:53.073,1.35783,1.35806,1.50,1.70
2010.11.30 12:38:55.489,1.35783,1.35815,1.50,2.80
2010.11.30 12:39:00.921,1.35787,1.35815,1.50,1.90
2010.11.30 12:39:03.899,1.35787,1.35812,1.50,1.70
2010.11.30 12:39:10.328,1.35783,1.35812,1.50,2.40
2010.11.30 12:39:10.776,1.3578,1.35805,2.40,1.70
2010.11.30 12:39:10.929,1.35778,1.35805,1.70,2.00
2010.11.30 12:39:11.043,1.35778,1.35805,1.70,1.70
2010.11.30 12:39:11.353,1.35783,1.35795,1.70,1.70
2010.11.30 12:39:11.479,1.35788,1.35826,3.40,1.40
2010.11.30 12:39:11.590,1.35788,1.35825,3.40,2.30
2010.11.30 12:39:12.080,1.35792,1.35825,1.50,2.30
2010.11.30 12:39:14.224,1.35785,1.35821,1.60,1.20
2010.11.30 12:39:17.818,1.35791,1.35827,1.50,1.10
2010.11.30 12:39:19.971,1.35794,1.35828,1.50,1.30
2010.11.30 12:39:20.198,1.35791,1.35828,1.50,1.30
2010.11.30 12:39:20.308,1.35791,1.35828,1.50,1.30
2010.11.30 12:39:26.778,1.35788,1.35826,1.50,1.30
2010.11.30 12:39:27.000,1.35785,1.35821,1.50,1.70
2010.11.30 12:39:27.374,1.35781,1.35818,1.50,2.40
2010.11.30 12:39:27.491,1.35781,1.35818,1.50,2.40
2010.11.30 12:39:27.718,1.35777,1.35814,2.80,1.40
2010.11.30 12:39:28.042,1.35777,1.35814,2.80,1.40
2010.11.30 12:39:31.220,1.35783,1.35819,1.50,2.60
2010.11.30 12:39:31.677,1.35786,1.35819,1.50,2.40
2010.11.30 12:39:33.090,1.3578,1.35818,1.50,3.40
2010.11.30 12:39:33.315,1.35779,1.35816,1.50,1.50
2010.11.30 12:39:33.541,1.35777,1.35814,1.50,1.40
2010.11.30 12:39:34.545,1.35777,1.35819,2.80,1.20
2010.11.30 12:39:34.828,1.35783,1.35821,1.50,2.50
2010.11.30 12:39:35.491,1.35786,1.35822,1.50,1.70
2010.11.30 12:39:44.038,1.35786,1.35821,1.50,1.30
2010.11.30 12:39:46.866,1.35786,1.35821,1.50,1.10
2010.11.30 12:39:48.870,1.3578,1.35815,1.50,1.70
2010.11.30 12:39:49.099,1.35776,1.35812,1.50,1.10
2010.11.30 12:39:50.100,1.35777,1.3581,2.40,2.60
2010.11.30 12:40:01.872,1.35777,1.35809,2.40,1.50
2010.11.30 12:40:02.320,1.35776,1.35805,1.50,1.90
2010.11.30 12:40:02.939,1.35776,1.35805,1.50,1.80
2010.11.30 12:40:04.775,1.35776,1.35805,1.50,1.90
2010.11.30 12:40:06.520,1.35776,1.35805,1.50,1.10
2010.11.30 12:40:07.892,1.35776,1.35805,1.50,1.10
2010.11.30 12:40:09.497,1.35776,1.35805,1.50,1.10
2010.11.30 12:40:10.262,1.35777,1.3581,2.40,4.10
2010.11.30 12:40:10.801,1.35788,1.35815,1.70,2.40
2010.11.30 12:40:10.919,1.35788,1.35815,1.70,2.40
2010.11.30 12:40:11.139,1.3578,1.35813,1.50,2.30
2010.11.30 12:40:12.998,1.35782,1.35815,1.50,1.30
2010.11.30 12:40:13.112,1.35782,1.35815,1.50,1.30
2010.11.30 12:40:14.751,1.35782,1.3581,1.50,2.00
2010.11.30 12:40:17.175,1.35782,1.3581,1.50,2.00
2010.11.30 12:40:17.621,1.35782,1.3581,1.50,5.60
2010.11.30 12:40:17.860,1.35774,1.35807,1.50,4.30
2010.11.30 12:40:18.243,1.35774,1.35807,1.50,2.30
2010.11.30 12:40:26.020,1.35769,1.35806,2.80,1.40
2010.11.30 12:40:26.243,1.35785,1.35811,1.70,2.60
2010.11.30 12:40:26.472,1.35779,1.35813,1.50,1.70
2010.11.30 12:40:27.887,1.35782,1.35809,1.70,2.40
2010.11.30 12:40:29.278,1.35779,1.3581,1.70,2.40
2010.11.30 12:40:29.388,1.35779,1.3581,1.60,2.40
2010.11.30 12:40:29.497,1.35779,1.3581,1.50,2.40
2010.11.30 12:40:30.354,1.35779,1.358,1.50,1.70
2010.11.30 12:40:30.476,1.35779,1.35816,1.70,2.10
2010.11.30 12:40:30.589,1.3578,1.35816,1.50,1.20
2010.11.30 12:40:30.953,1.35783,1.35818,1.50,1.10
2010.11.30 12:40:31.290,1.35788,1.35821,1.70,1.20
2010.11.30 12:40:31.721,1.35788,1.35827,2.60,1.20
2010.11.30 12:40:31.951,1.35788,1.35827,2.60,1.20
2010.11.30 12:40:32.073,1.35797,1.35828,1.50,3.40
2010.11.30 12:40:32.187,1.35797,1.35824,1.50,1.70
2010.11.30 12:40:32.593,1.35795,1.35824,1.50,1.70
2010.11.30 12:40:32.713,1.35793,1.35824,1.50,2.40
2010.11.30 12:40:33.050,1.35789,1.35823,1.50,2.50
2010.11.30 12:40:34.048,1.35798,1.35826,1.70,2.30
2010.11.30 12:40:34.605,1.35798,1.3583,2.40,2.60
2010.11.30 12:40:35.581,1.35798,1.3583,2.40,2.40
2010.11.30 12:40:37.364,1.35798,1.3583,1.70,2.40
2010.11.30 12:40:39.149,1.35791,1.35822,1.50,1.10
2010.11.30 12:40:39.261,1.35788,1.35822,3.20,1.10
2010.11.30 12:40:40.981,1.35789,1.35823,2.40,5.10
2010.11.30 12:40:41.115,1.35789,1.35819,2.40,1.10
2010.11.30 12:40:41.345,1.35785,1.35821,1.50,1.10
2010.11.30 12:40:41.670,1.35786,1.35825,1.50,1.10
2010.11.30 12:40:41.889,1.35786,1.35825,1.50,1.10
2010.11.30 12:40:44.394,1.35792,1.35824,1.50,2.40
2010.11.30 12:40:44.519,1.35793,1.35824,1.50,2.50
2010.11.30 12:40:44.742,1.3579,1.35824,1.50,2.40
2010.11.30 12:40:45.208,1.3579,1.35824,1.50,2.60
2010.11.30 12:40:47.011,1.35788,1.35823,1.70,1.30
2010.11.30 12:40:48.092,1.35788,1.35823,2.40,1.10
2010.11.30 12:40:48.334,1.3579,1.35824,1.70,1.70
2010.11.30 12:40:48.450,1.35797,1.35831,1.50,1.10
2010.11.30 12:40:53.868,1.35797,1.35823,1.50,1.70
2010.11.30 12:40:55.518,1.35794,1.35823,1.50,2.60
2010.11.30 12:40:55.807,1.35794,1.35823,1.50,2.60
2010.11.30 12:40:55.930,1.35794,1.35823,1.50,2.80
2010.11.30 12:40:56.769,1.35794,1.35822,1.50,1.10
2010.11.30 12:40:57.403,1.35794,1.35823,1.50,5.60
2010.11.30 12:40:57.949,1.35794,1.35823,1.50,2.70
2010.11.30 12:40:58.784,1.35794,1.35823,1.50,2.80
2010.11.30 12:40:59.178,1.35794,1.35823,1.50,2.80
2010.11.30 12:40:59.946,1.35794,1.35823,1.50,2.80
2010.11.30 12:41:01.033,1.35794,1.35823,1.50,2.90
2010.11.30 12:41:01.379,1.35794,1.35823,1.50,2.80
2010.11.30 12:41:01.492,1.35794,1.35819,1.50,1.70
2010.11.30 12:41:03.243,1.35794,1.35819,1.70,1.70
2010.11.30 12:41:03.944,1.35798,1.35829,1.50,1.10
2010.11.30 12:41:04.170,1.35798,1.35829,1.50,1.10
2010.11.30 12:41:04.718,1.35798,1.35832,1.50,1.50
2010.11.30 12:41:05.156,1.35792,1.35824,1.70,2.60
2010.11.30 12:41:07.251,1.35797,1.35819,1.50,1.70
2010.11.30 12:41:08.384,1.35797,1.35824,1.50,1.90
2010.11.30 12:41:08.854,1.35792,1.35824,1.50,2.60
2010.11.30 12:41:10.699,1.35792,1.35819,1.50,1.70
2010.11.30 12:41:11.227,1.35781,1.3581,2.30,1.80
2010.11.30 12:41:11.357,1.35777,1.35806,3.20,1.10
2010.11.30 12:41:11.471,1.35774,1.35799,1.70,1.70
2010.11.30 12:41:11.597,1.35775,1.35807,3.20,2.30
2010.11.30 12:41:11.849,1.35777,1.35807,1.50,2.30
2010.11.30 12:41:12.683,1.35779,1.35815,1.50,2.40
2010.11.30 12:41:12.819,1.35789,1.35817,1.50,1.10
2010.11.30 12:41:13.345,1.35787,1.35809,1.50,1.70
2010.11.30 12:41:14.011,1.35787,1.35818,1.50,2.40
2010.11.30 12:41:15.279,1.35787,1.35816,1.50,2.40
2010.11.30 12:41:15.498,1.35781,1.35815,1.50,2.40
2010.11.30 12:41:17.271,1.35778,1.35813,3.20,1.10
2010.11.30 12:41:17.389,1.35778,1.3581,1.50,2.60
2010.11.30 12:41:24.534,1.35778,1.3581,1.50,5.10
2010.11.30 12:41:25.302,1.35778,1.35806,1.50,1.10
2010.11.30 12:41:27.552,1.35778,1.35808,1.50,1.10
2010.11.30 12:41:30.408,1.35778,1.3581,1.50,2.70
2010.11.30 12:41:30.629,1.35782,1.35809,1.70,2.70
2010.11.30 12:41:31.890,1.35782,1.35806,1.70,1.10
2010.11.30 12:41:32.727,1.35772,1.35799,3.20,1.70
2010.11.30 12:41:34.172,1.35777,1.3581,1.70,5.10
2010.11.30 12:41:41.483,1.35777,1.3581,1.70,5.30
2010.11.30 12:41:41.820,1.35772,1.35799,1.50,1.70
2010.11.30 12:41:42.499,1.35772,1.35799,1.50,1.80
2010.11.30 12:41:46.862,1.35766,1.35799,2.40,1.80
2010.11.30 12:41:47.329,1.35766,1.35799,2.60,1.70
2010.11.30 12:41:47.440,1.35768,1.35805,1.80,1.10
2010.11.30 12:41:47.930,1.35768,1.35804,1.70,1.10
2010.11.30 12:41:48.370,1.35767,1.35804,1.70,2.30
2010.11.30 12:41:48.923,1.35768,1.35805,1.70,2.40
2010.11.30 12:41:49.261,1.35768,1.35805,1.70,2.40
2010.11.30 12:41:51.578,1.35768,1.35806,1.70,1.10
2010.11.30 12:41:53.718,1.35768,1.35807,1.70,1.70
2010.11.30 12:41:54.567,1.35768,1.35807,1.70,2.80
2010.11.30 12:41:55.219,1.35777,1.35809,1.70,2.40
2010.11.30 12:41:55.550,1.35786,1.35813,1.70,3.00
2010.11.30 12:41:57.210,1.35786,1.35813,1.70,1.80
2010.11.30 12:41:57.828,1.35791,1.35824,1.70,1.80
2010.11.30 12:41:58.769,1.35791,1.35824,1.70,2.00
2010.11.30 12:42:00.408,1.35791,1.35824,1.70,2.00
2010.11.30 12:42:01.350,1.35791,1.35824,1.70,2.00
2010.11.30 12:42:01.684,1.35791,1.35823,1.70,1.10
2010.11.30 12:42:02.140,1.35787,1.35823,1.50,2.90
2010.11.30 12:42:02.858,1.35787,1.35822,1.50,2.00
2010.11.30 12:42:03.108,1.35787,1.35822,1.50,4.10
2010.11.30 12:42:03.690,1.35787,1.35822,1.50,1.90
2010.11.30 12:42:03.925,1.35792,1.35823,1.70,1.80
2010.11.30 12:42:04.149,1.35792,1.35823,1.70,3.20
2010.11.30 12:42:04.488,1.35792,1.35823,1.70,3.30
2010.11.30 12:42:04.820,1.35785,1.35814,1.70,1.70
2010.11.30 12:42:05.136,1.35777,1.3581,3.20,1.70
2010.11.30 12:42:05.254,1.35777,1.3581,1.80,1.70
2010.11.30 12:42:06.763,1.35777,1.3581,1.70,1.70
2010.11.30 12:42:08.702,1.35777,1.3581,1.70,1.80
2010.11.30 12:42:08.914,1.35777,1.3581,1.70,1.80
2010.11.30 12:42:09.848,1.35777,1.3581,1.70,1.80
2010.11.30 12:42:10.288,1.35777,1.3581,1.70,1.80
2010.11.30 12:42:10.793,1.35777,1.3581,1.70,1.80
2010.11.30 12:42:12.031,1.35777,1.3581,1.70,2.00
2010.11.30 12:42:12.722,1.35768,1.35807,2.60,1.30
2010.11.30 12:42:12.839,1.35768,1.35807,1.90,1.30
2010.11.30 12:42:13.736,1.35768,1.35807,1.90,1.10
2010.11.30 12:42:14.791,1.35768,1.35807,1.70,1.10
2010.11.30 12:42:20.277,1.35768,1.35808,1.80,4.50
2010.11.30 12:42:21.192,1.35768,1.35805,1.80,1.20
2010.11.30 12:42:21.746,1.35768,1.35805,1.80,1.30
2010.11.30 12:42:21.990,1.35768,1.35805,2.20,1.20
2010.11.30 12:42:22.369,1.35771,1.358,1.80,1.70
2010.11.30 12:42:22.485,1.35771,1.358,1.70,1.70
2010.11.30 12:42:22.601,1.35765,1.35795,1.70,1.70
2010.11.30 12:42:22.721,1.35763,1.35795,2.20,1.70
2010.11.30 12:42:23.122,1.35758,1.35785,1.70,1.70
2010.11.30 12:42:23.569,1.35757,1.35793,1.70,1.50
2010.11.30 12:42:23.900,1.35757,1.35792,1.70,1.50
2010.11.30 12:42:25.262,1.35757,1.35793,1.70,1.70
2010.11.30 12:42:26.084,1.35757,1.35793,1.70,1.70
2010.11.30 12:42:27.518,1.35757,1.35786,1.70,1.80
2010.11.30 12:42:29.778,1.35757,1.35786,1.80,1.70
2010.11.30 12:42:31.067,1.35757,1.35786,1.70,1.80
2010.11.30 12:42:31.468,1.35757,1.35786,1.70,2.00
2010.11.30 12:42:31.579,1.35748,1.35784,1.80,1.70
2010.11.30 12:42:32.178,1.35748,1.35784,1.80,2.60
2010.11.30 12:42:32.849,1.35748,1.35784,1.80,2.50
2010.11.30 12:42:33.477,1.35748,1.35784,1.80,2.40
2010.11.30 12:42:33.919,1.35748,1.35784,2.20,2.40
2010.11.30 12:42:35.041,1.35757,1.35786,1.70,1.80
2010.11.30 12:42:35.599,1.35748,1.35784,1.70,1.80
2010.11.30 12:42:35.928,1.35748,1.35784,1.80,1.70
2010.11.30 12:42:36.340,1.35748,1.35784,1.80,1.80
2010.11.30 12:42:36.795,1.35758,1.35785,1.70,1.80
2010.11.30 12:42:37.452,1.3575,1.3578,1.70,1.70
2010.11.30 12:42:38.888,1.3575,1.3578,1.70,2.10
2010.11.30 12:42:39.222,1.3574,1.35778,1.80,1.50
2010.11.30 12:42:39.808,1.3574,1.35778,1.80,1.50
2010.11.30 12:42:40.290,1.3574,1.35778,1.80,1.50
2010.11.30 12:42:42.977,1.3574,1.35778,1.80,1.50
2010.11.30 12:42:43.848,1.3574,1.35778,1.80,1.50
2010.11.30 12:42:45.748,1.3574,1.3578,1.80,4.30
2010.11.30 12:42:46.236,1.3574,1.3578,1.80,4.30
2010.11.30 12:42:47.006,1.35745,1.35779,1.50,1.10
2010.11.30 12:42:50.388,1.35748,1.35779,1.50,1.10
2010.11.30 12:42:52.364,1.35748,1.35778,1.50,1.10
2010.11.30 12:42:54.381,1.35748,1.3578,1.50,2.40
2010.11.30 12:42:54.505,1.35752,1.35781,1.50,2.40
2010.11.30 12:42:54.839,1.35752,1.35781,1.50,5.10
2010.11.30 12:42:55.060,1.35752,1.3578,1.50,1.10
2010.11.30 12:42:55.302,1.35749,1.35778,2.40,1.10
2010.11.30 12:42:55.450,1.35747,1.35778,1.50,1.10
2010.11.30 12:42:59.995,1.35747,1.3578,1.60,2.60
2010.11.30 12:43:00.112,1.35749,1.3578,1.50,2.60
2010.11.30 12:43:00.619,1.35753,1.3579,2.40,2.40
2010.11.30 12:43:02.158,1.35755,1.35789,1.50,2.40
2010.11.30 12:43:05.561,1.35759,1.35792,1.50,2.40
2010.11.30 12:43:05.903,1.35757,1.35787,1.50,1.10
2010.11.30 12:43:06.193,1.35754,1.35786,1.50,2.30
2010.11.30 12:43:06.420,1.35752,1.35785,1.70,2.40
2010.11.30 12:43:06.530,1.35752,1.35785,2.40,3.90
2010.11.30 12:43:06.639,1.35753,1.35785,1.50,3.90
2010.11.30 12:43:07.046,1.35754,1.35789,3.20,2.30
2010.11.30 12:43:07.158,1.35754,1.35789,3.20,2.30
2010.11.30 12:43:09.749,1.35757,1.35792,1.50,2.30
2010.11.30 12:43:10.078,1.35762,1.35794,1.50,2.50
2010.11.30 12:43:12.371,1.35762,1.35794,1.50,2.60
2010.11.30 12:43:15.390,1.35766,1.35801,1.50,2.40
2010.11.30 12:43:16.282,1.35766,1.35798,1.50,2.40
2010.11.30 12:43:17.711,1.35766,1.35798,1.50,1.10
2010.11.30 12:43:18.484,1.35766,1.35798,1.50,2.40
2010.11.30 12:43:19.194,1.35766,1.35798,1.50,2.60
2010.11.30 12:43:20.433,1.35766,1.35796,1.50,1.10
2010.11.30 12:43:20.871,1.35766,1.35798,1.50,2.40
2010.11.30 12:43:21.147,1.35766,1.35795,1.50,1.80
2010.11.30 12:43:21.272,1.35762,1.35795,1.20,2.40
2010.11.30 12:43:22.243,1.35766,1.35795,1.50,2.40
2010.11.30 12:43:22.912,1.35762,1.35798,1.90,2.40
2010.11.30 12:43:24.908,1.35764,1.35798,1.20,2.40
2010.11.30 12:43:37.258,1.35767,1.35799,1.20,2.40
2010.11.30 12:43:38.422,1.35768,1.35793,1.20,1.90
2010.11.30 12:43:38.550,1.35757,1.35791,1.20,2.50
2010.11.30 12:43:38.942,1.35756,1.35795,1.20,1.10
2010.11.30 12:43:39.063,1.3576,1.35791,1.50,1.50
2010.11.30 12:43:39.461,1.35758,1.35796,1.50,3.90
2010.11.30 12:43:39.582,1.3577,1.35795,2.10,2.30
2010.11.30 12:43:39.703,1.3577,1.35795,2.10,2.30
2010.11.30 12:43:41.787,1.3577,1.35799,1.20,2.30
2010.11.30 12:43:41.899,1.3577,1.35799,1.20,2.30
2010.11.30 12:43:42.835,1.35769,1.35802,1.20,1.70
2010.11.30 12:43:43.628,1.35769,1.35802,1.20,1.70
2010.11.30 12:43:44.775,1.35765,1.35799,1.50,1.10
2010.11.30 12:43:45.439,1.35765,1.35794,1.20,2.30
2010.11.30 12:43:46.025,1.35762,1.35794,1.20,2.30
2010.11.30 12:43:47.514,1.35768,1.35797,1.50,1.50
2010.11.30 12:43:47.864,1.35768,1.35798,1.50,2.70
2010.11.30 12:43:48.634,1.35768,1.35801,1.50,2.40
2010.11.30 12:43:49.526,1.35768,1.358,1.50,1.90
2010.11.30 12:43:50.839,1.35768,1.35798,1.50,1.30
2010.11.30 12:43:51.171,1.35767,1.35788,1.50,1.70
2010.11.30 12:43:51.290,1.35767,1.35788,1.50,1.70
2010.11.30 12:43:51.879,1.35762,1.35788,1.90,2.00
2010.11.30 12:43:52.911,1.35762,1.35788,1.90,2.00
2010.11.30 12:43:53.537,1.35762,1.35788,1.90,2.00
2010.11.30 12:43:53.760,1.35762,1.35784,1.20,1.10
2010.11.30 12:43:53.871,1.35762,1.35786,1.20,1.10
2010.11.30 12:43:54.978,1.35757,1.35786,1.20,1.10
2010.11.30 12:43:55.430,1.35752,1.35787,1.50,2.40
2010.11.30 12:43:56.234,1.35754,1.35787,1.20,2.40
2010.11.30 12:43:56.870,1.35754,1.35786,1.20,1.10
2010.11.30 12:43:56.982,1.35754,1.35786,1.20,1.90
2010.11.30 12:43:57.213,1.3575,1.35785,1.20,1.10
2010.11.30 12:43:57.807,1.35753,1.35784,2.10,2.40
2010.11.30 12:44:00.078,1.35753,1.35782,2.10,2.50
2010.11.30 12:44:00.470,1.35754,1.35786,1.90,2.40
2010.11.30 12:44:00.690,1.3575,1.35782,1.20,1.70
2010.11.30 12:44:02.000,1.3575,1.35781,1.20,4.70
2010.11.30 12:44:03.812,1.3575,1.35777,1.20,2.60
2010.11.30 12:44:04.633,1.3575,1.35778,1.20,2.40
2010.11.30 12:44:07.087,1.3575,1.35779,1.20,2.40
2010.11.30 12:44:08.180,1.3575,1.35776,1.20,1.10
2010.11.30 12:44:08.728,1.35744,1.35774,1.50,1.70
2010.11.30 12:44:09.340,1.3575,1.35778,1.20,2.30
2010.11.30 12:44:09.460,1.3575,1.35776,1.20,1.80
2010.11.30 12:44:09.899,1.3575,1.35776,1.20,1.60
2010.11.30 12:44:10.929,1.3575,1.35776,1.20,1.70
2010.11.30 12:44:11.883,1.3575,1.35774,1.20,1.70
2010.11.30 12:44:12.777,1.35745,1.35774,1.50,2.40
2010.11.30 12:44:13.108,1.35745,1.35773,1.50,1.70
2010.11.30 12:44:13.607,1.35742,1.35774,1.70,4.10
2010.11.30 12:44:13.834,1.35738,1.35769,1.60,1.50
2010.11.30 12:44:14.818,1.3574,1.35772,1.90,2.50
2010.11.30 12:44:19.161,1.3574,1.35772,1.90,2.40
2010.11.30 12:44:19.378,1.35743,1.35773,2.80,2.60
2010.11.30 12:44:19.709,1.35743,1.35769,2.80,1.70
2010.11.30 12:44:20.098,1.35743,1.35776,1.20,2.40
2010.11.30 12:44:20.321,1.35742,1.35777,1.20,2.50
2010.11.30 12:44:20.438,1.35744,1.35777,1.20,2.50
2010.11.30 12:44:21.525,1.35745,1.35777,1.50,2.50
2010.11.30 12:44:22.087,1.35745,1.35777,1.50,2.40
2010.11.30 12:44:22.312,1.3575,1.35779,1.70,2.60
2010.11.30 12:44:22.867,1.3575,1.35779,1.70,2.60
2010.11.30 12:44:23.205,1.35748,1.35778,1.50,2.40
2010.11.30 12:44:23.520,1.35749,1.35786,1.70,2.60
2010.11.30 12:44:23.669,1.35753,1.35785,1.20,1.10
2010.11.30 12:44:28.385,1.35753,1.35777,1.20,1.70
2010.11.30 12:44:29.378,1.35753,1.35777,1.20,1.80
2010.11.30 12:44:29.851,1.3575,1.35777,1.20,1.70
2010.11.30 12:44:31.370,1.3575,1.35776,1.20,1.70
2010.11.30 12:44:32.045,1.35745,1.35781,1.70,2.40
2010.11.30 12:44:32.160,1.35751,1.35782,1.20,2.40
2010.11.30 12:44:32.488,1.35751,1.35782,1.90,2.40
2010.11.30 12:44:35.809,1.35751,1.35782,1.90,2.70
2010.11.30 12:44:35.931,1.35751,1.35782,1.90,2.60
2010.11.30 12:44:36.398,1.35748,1.35777,1.20,1.10
2010.11.30 12:44:37.562,1.35746,1.3578,1.20,5.60
2010.11.30 12:44:37.936,1.35741,1.35771,1.50,2.40
2010.11.30 12:44:38.379,1.35741,1.35771,1.50,2.50
2010.11.30 12:44:38.852,1.35746,1.35771,1.50,2.40
2010.11.30 12:44:38.999,1.35749,1.35779,1.20,2.40
2010.11.30 12:44:39.997,1.35749,1.35778,1.20,2.40
2010.11.30 12:44:40.334,1.35744,1.35773,1.90,1.70
2010.11.30 12:44:40.451,1.35744,1.35771,1.20,2.40
2010.11.30 12:44:41.043,1.35744,1.35771,1.20,2.70
2010.11.30 12:44:43.269,1.35744,1.35774,1.20,2.40
2010.11.30 12:44:44.883,1.35744,1.35775,1.20,2.40
2010.11.30 12:44:45.324,1.35744,1.35765,1.20,1.70
2010.11.30 12:44:47.260,1.35744,1.35774,1.20,2.40
2010.11.30 12:44:47.372,1.35744,1.35774,1.90,2.40
2010.11.30 12:44:49.608,1.35743,1.35775,1.20,2.40
2010.11.30 12:44:49.828,1.35745,1.35775,1.60,2.40
2010.11.30 12:44:50.398,1.35743,1.35775,1.20,2.40
2010.11.30 12:44:50.517,1.35744,1.35773,1.20,1.90
2010.11.30 12:44:53.199,1.35741,1.3576,2.00,1.70
2010.11.30 12:44:53.310,1.35736,1.3576,1.20,1.70
2010.11.30 12:44:54.803,1.35736,1.3576,1.20,2.60
2010.11.30 12:44:55.358,1.35734,1.3576,1.60,1.70
2010.11.30 12:44:57.669,1.35734,1.3576,1.60,1.80
2010.11.30 12:44:59.008,1.35734,1.3576,1.60,1.70
2010.11.30 12:44:59.559,1.35734,1.3576,1.60,2.00
2010.11.30 12:45:00.619,1.35733,1.35764,1.60,1.10
2010.11.30 12:45:04.072,1.35732,1.3576,1.10,2.60
2010.11.30 12:45:04.190,1.35732,1.3576,1.10,2.40
2010.11.30 12:45:04.736,1.35732,1.3576,1.20,2.50
2010.11.30 12:45:05.418,1.35732,1.35757,1.50,3.90
2010.11.30 12:45:06.971,1.35732,1.35746,1.50,1.70
2010.11.30 12:45:07.118,1.35721,1.35746,1.50,1.70
2010.11.30 12:45:07.341,1.35723,1.35756,1.50,1.50
2010.11.30 12:45:07.451,1.35728,1.35759,1.20,2.60
2010.11.30 12:45:07.769,1.35728,1.35759,1.20,2.60
2010.11.30 12:45:08.102,1.35728,1.3576,1.20,2.40
2010.11.30 12:45:08.851,1.3573,1.3576,1.50,3.40
2010.11.30 12:45:09.083,1.35728,1.35759,1.20,2.80
2010.11.30 12:45:10.753,1.35728,1.3575,1.20,1.70
2010.11.30 12:45:11.355,1.35728,1.3575,1.20,1.90
2010.11.30 12:45:11.471,1.35725,1.35754,1.20,1.70
2010.11.30 12:45:11.867,1.35718,1.35752,2.40,1.10
2010.11.30 12:45:11.982,1.35716,1.35743,3.40,1.70
2010.11.30 12:45:12.262,1.35716,1.35743,1.20,1.70
2010.11.30 12:45:12.710,1.35717,1.3575,1.50,1.10
2010.11.30 12:45:15.431,1.3572,1.35754,1.50,4.10
2010.11.30 12:45:15.809,1.35718,1.35754,2.40,4.10
2010.11.30 12:45:15.970,1.35718,1.35753,1.70,1.10
2010.11.30 12:45:17.311,1.35718,1.35745,2.40,1.10
2010.11.30 12:45:17.703,1.35712,1.35744,1.20,2.60
2010.11.30 12:45:18.475,1.35714,1.3575,1.20,2.30
2010.11.30 12:45:18.723,1.35714,1.35751,2.20,2.30
2010.11.30 12:45:20.489,1.35717,1.35747,2.40,2.40
2010.11.30 12:45:22.520,1.35721,1.35737,1.20,1.70
2010.11.30 12:45:22.637,1.35711,1.35737,2.60,1.70
2010.11.30 12:45:22.759,1.35711,1.35737,1.20,1.70
2010.11.30 12:45:23.131,1.35713,1.35746,1.20,2.50
2010.11.30 12:45:23.354,1.35725,1.35751,1.90,1.60
2010.11.30 12:45:23.735,1.35721,1.35748,3.00,1.70
2010.11.30 12:45:24.238,1.35731,1.35763,1.20,2.60
2010.11.30 12:45:24.460,1.35731,1.35763,1.20,2.60
2010.11.30 12:45:25.066,1.35734,1.35763,1.90,2.50
2010.11.30 12:45:26.041,1.35734,1.35761,1.90,1.70
2010.11.30 12:45:26.173,1.35734,1.35762,1.90,2.80
2010.11.30 12:45:26.508,1.35734,1.35762,1.90,2.80
2010.11.30 12:45:27.289,1.35734,1.35753,1.90,1.70
2010.11.30 12:45:27.510,1.35734,1.35763,1.90,2.60
2010.11.30 12:45:27.620,1.35734,1.35763,1.90,2.40
2010.11.30 12:45:28.248,1.35734,1.35763,1.20,1.80
2010.11.30 12:45:28.363,1.35734,1.35763,1.20,1.80
2010.11.30 12:45:28.480,1.35734,1.35763,1.20,1.70
2010.11.30 12:45:28.957,1.35734,1.35763,1.20,1.70
2010.11.30 12:45:29.075,1.3574,1.35773,2.40,2.70
2010.11.30 12:45:29.191,1.3574,1.35773,1.50,2.80
2010.11.30 12:45:29.588,1.35739,1.35772,1.50,2.50
2010.11.30 12:45:29.703,1.35739,1.35772,2.80,2.40
2010.11.30 12:45:29.940,1.35744,1.35773,1.20,2.40
2010.11.30 12:45:30.472,1.35744,1.35772,1.20,1.70
2010.11.30 12:45:30.597,1.35742,1.35765,1.20,2.50
2010.11.30 12:45:30.712,1.3573,1.3575,1.50,1.70
2010.11.30 12:45:31.040,1.35729,1.35759,1.70,1.70
2010.11.30 12:45:31.152,1.35728,1.35759,1.70,2.40
2010.11.30 12:45:34.527,1.35728,1.35758,1.50,2.50
2010.11.30 12:45:34.759,1.35724,1.35758,2.70,3.30
2010.11.30 12:45:34.981,1.35724,1.35748,1.90,1.70
2010.11.30 12:45:35.501,1.35725,1.35748,1.20,1.70
2010.11.30 12:45:36.060,1.35728,1.35748,1.50,1.70
2010.11.30 12:45:36.962,1.35728,1.35748,1.50,1.70
2010.11.30 12:45:37.388,1.35726,1.35748,3.00,1.70
2010.11.30 12:45:37.839,1.35726,1.35756,1.50,1.10
2010.11.30 12:45:37.950,1.35726,1.35758,1.50,2.60
2010.11.30 12:45:38.428,1.35735,1.3576,1.90,1.70
2010.11.30 12:45:38.649,1.35735,1.3576,1.20,1.70
2010.11.30 12:45:39.016,1.35732,1.3576,1.20,2.40
2010.11.30 12:45:45.082,1.35736,1.35757,1.20,1.70
2010.11.30 12:45:45.862,1.35731,1.35766,1.50,1.10
2010.11.30 12:45:47.436,1.35729,1.3576,1.50,2.80
2010.11.30 12:45:47.886,1.35732,1.35751,1.50,1.70
2010.11.30 12:45:48.682,1.35732,1.35761,1.50,2.40
2010.11.30 12:45:49.124,1.35733,1.35762,1.50,2.60
2010.11.30 12:45:49.638,1.35729,1.35752,1.50,1.70
2010.11.30 12:45:49.969,1.35729,1.35761,1.70,2.40
2010.11.30 12:45:51.034,1.35732,1.35762,1.70,2.40
2010.11.30 12:45:51.151,1.3574,1.3577,1.70,1.20
2010.11.30 12:45:51.261,1.3574,1.35775,2.10,1.50
2010.11.30 12:45:51.859,1.35741,1.35775,1.20,1.10
2010.11.30 12:45:53.088,1.35749,1.35782,2.40,2.90
2010.11.30 12:45:53.625,1.35743,1.35776,1.50,1.10
2010.11.30 12:45:53.807,1.35748,1.35778,1.70,1.20
2010.11.30 12:45:53.922,1.35743,1.35767,2.90,1.70
2010.11.30 12:45:54.450,1.35743,1.35774,1.20,2.60
2010.11.30 12:45:54.570,1.35744,1.35781,1.50,1.10
2010.11.30 12:45:55.984,1.35748,1.35775,1.70,1.50
2010.11.30 12:45:56.110,1.35744,1.35767,1.90,1.70
2010.11.30 12:45:56.222,1.35739,1.35767,1.50,2.40
2010.11.30 12:45:56.441,1.3574,1.35777,2.10,2.90
2010.11.30 12:45:56.754,1.3574,1.35769,2.10,1.70
2010.11.30 12:45:57.004,1.3573,1.3576,2.30,1.50
2010.11.30 12:45:57.619,1.35736,1.35768,1.50,1.20
2010.11.30 12:46:01.399,1.35736,1.35773,1.90,1.20
2010.11.30 12:46:01.740,1.35738,1.35773,1.50,1.20
2010.11.30 12:46:01.861,1.3574,1.35777,1.90,1.30
2010.11.30 12:46:02.089,1.35743,1.35766,1.20,1.70
2010.11.30 12:46:02.550,1.35739,1.35777,2.40,1.20
2010.11.30 12:46:02.850,1.35742,1.35768,1.20,1.70
2010.11.30 12:46:03.152,1.35736,1.35763,1.90,1.90
2010.11.30 12:46:03.337,1.35736,1.35756,1.20,2.30
2010.11.30 12:46:03.721,1.35728,1.35763,1.50,1.80
2010.11.30 12:46:04.410,1.35735,1.35772,1.20,2.60
2010.11.30 12:46:05.148,1.35738,1.35763,1.50,1.70
2010.11.30 12:46:06.856,1.35738,1.3576,1.50,1.70
2010.11.30 12:46:07.187,1.35728,1.35755,2.30,1.70
2010.11.30 12:46:07.304,1.35728,1.35753,2.30,1.50
2010.11.30 12:46:07.721,1.35728,1.35757,2.30,2.50
2010.11.30 12:46:07.835,1.35732,1.35757,1.90,1.60
2010.11.30 12:46:07.950,1.35732,1.35759,1.90,3.90
2010.11.30 12:46:08.666,1.35733,1.35766,1.50,2.50
2010.11.30 12:46:08.784,1.35733,1.35766,1.50,4.10
2010.11.30 12:46:09.296,1.35734,1.35766,1.50,4.10
2010.11.30 12:46:10.555,1.35731,1.35768,3.00,1.20
2010.11.30 12:46:12.611,1.35731,1.35764,1.50,1.50
2010.11.30 12:46:13.046,1.35728,1.35757,1.50,3.40
2010.11.30 12:46:13.493,1.35722,1.35755,1.80,1.70
2010.11.30 12:46:14.470,1.35725,1.35761,1.20,1.20
2010.11.30 12:46:15.650,1.35729,1.35765,1.20,1.20
2010.11.30 12:46:17.953,1.35729,1.35757,1.20,1.70
2010.11.30 12:46:18.297,1.35728,1.35761,1.70,1.20
2010.11.30 12:46:18.742,1.35733,1.35767,1.40,2.40
2010.11.30 12:46:18.864,1.35742,1.3577,1.20,2.40
2010.11.30 12:46:19.195,1.35742,1.35768,1.90,1.90
2010.11.30 12:46:19.749,1.35742,1.35768,1.90,2.20
2010.11.30 12:46:20.163,1.35742,1.35756,1.50,1.70
2010.11.30 12:46:20.297,1.35731,1.35764,2.30,1.10
2010.11.30 12:46:20.520,1.35735,1.35764,1.50,1.10
2010.11.30 12:46:20.740,1.35735,1.35766,1.50,6.50
2010.11.30 12:46:21.051,1.35737,1.35766,1.50,2.60
2010.11.30 12:46:21.161,1.35742,1.35766,1.50,2.60
2010.11.30 12:46:21.782,1.35743,1.35766,1.50,2.60
2010.11.30 12:46:22.285,1.35745,1.35771,1.50,2.60
2010.11.30 12:46:22.512,1.35749,1.35778,1.90,2.40
2010.11.30 12:46:23.294,1.35753,1.3578,1.70,1.10
2010.11.30 12:46:24.440,1.3575,1.35782,1.90,2.60
2010.11.30 12:46:27.005,1.3575,1.35777,1.90,1.70
2010.11.30 12:46:27.122,1.35751,1.3578,1.90,2.50
2010.11.30 12:46:27.343,1.35749,1.35777,1.90,1.10
2010.11.30 12:46:27.896,1.3575,1.35781,1.90,2.60
2010.11.30 12:46:28.017,1.35748,1.35777,2.70,1.10
2010.11.30 12:46:28.241,1.35751,1.3578,1.50,2.40
2010.11.30 12:46:28.350,1.35751,1.3578,1.50,1.10
2010.11.30 12:46:28.764,1.3575,1.35777,1.50,1.10
2010.11.30 12:46:29.192,1.3575,1.35772,1.50,1.90
2010.11.30 12:46:29.317,1.35747,1.35772,3.00,1.90
2010.11.30 12:46:29.870,1.35747,1.35772,2.30,2.40
2010.11.30 12:46:30.326,1.35749,1.35777,1.50,1.10
2010.11.30 12:46:32.080,1.35748,1.3578,2.70,2.60
2010.11.30 12:46:32.829,1.3575,1.35781,1.50,2.60
2010.11.30 12:46:33.151,1.35748,1.35781,1.20,2.60
2010.11.30 12:46:34.220,1.35746,1.35778,2.30,1.30
2010.11.30 12:46:34.656,1.35743,1.3577,1.90,1.70
2010.11.30 12:46:34.777,1.35746,1.35771,2.30,2.60
2010.11.30 12:46:35.210,1.35743,1.3577,3.40,1.10
2010.11.30 12:46:35.977,1.35747,1.35777,1.90,1.10
2010.11.30 12:46:36.311,1.35751,1.35778,1.70,1.20
2010.11.30 12:46:36.789,1.35751,1.35782,1.70,1.90
2010.11.30 12:46:38.485,1.35751,1.35779,2.10,1.10
2010.11.30 12:46:38.714,1.35752,1.35783,2.10,1.20
2010.11.30 12:46:38.832,1.35748,1.35771,1.50,1.90
2010.11.30 12:46:39.182,1.35746,1.35777,1.50,1.10
2010.11.30 12:46:39.293,1.3574,1.35773,1.90,1.40
2010.11.30 12:46:39.636,1.35743,1.35773,1.70,1.20
2010.11.30 12:46:42.085,1.35737,1.3577,3.00,3.50
2010.11.30 12:46:43.642,1.35737,1.35767,1.50,1.10
2010.11.30 12:46:44.751,1.35737,1.3577,1.30,1.90
2010.11.30 12:46:48.130,1.3574,1.35771,2.00,1.20
2010.11.30 12:46:48.240,1.3574,1.35771,2.70,1.20
2010.11.30 12:46:48.350,1.35742,1.35777,3.70,1.20
2010.11.30 12:46:50.271,1.35742,1.35777,3.70,1.20
2010.11.30 12:46:50.507,1.35745,1.35781,2.10,2.40
2010.11.30 12:46:50.723,1.35745,1.35783,2.10,1.50
2010.11.30 12:46:51.033,1.35745,1.35783,2.10,1.50
2010.11.30 12:46:51.160,1.35745,1.35781,3.40,2.60
2010.11.30 12:46:51.664,1.35746,1.35771,1.20,1.70
2010.11.30 12:46:51.823,1.35738,1.35772,1.50,1.20
2010.11.30 12:46:52.784,1.35741,1.35772,1.90,1.20
2010.11.30 12:46:54.656,1.35745,1.35776,2.10,2.50
2010.11.30 12:46:54.771,1.35745,1.35776,2.10,2.40
2010.11.30 12:46:58.042,1.35745,1.35771,2.10,1.10
2010.11.30 12:46:58.556,1.35741,1.35762,1.20,1.70
2010.11.30 12:46:58.781,1.35741,1.35775,2.70,1.70
2010.11.30 12:47:01.846,1.35749,1.35779,1.50,1.50
2010.11.30 12:47:02.069,1.35751,1.35778,1.50,1.10
2010.11.30 12:47:02.179,1.35744,1.35778,3.00,1.10
2010.11.30 12:47:02.730,1.35748,1.3578,1.50,1.70
2010.11.30 12:47:03.749,1.35753,1.35773,1.90,1.70
2010.11.30 12:47:06.824,1.35753,1.35771,1.90,1.10
2010.11.30 12:47:07.171,1.35755,1.35785,3.20,2.50
2010.11.30 12:47:07.281,1.35755,1.35783,3.20,1.10
2010.11.30 12:47:07.392,1.35755,1.35785,3.20,2.60
2010.11.30 12:47:07.793,1.35755,1.35785,3.90,2.60
2010.11.30 12:47:07.900,1.35755,1.35785,3.90,2.60
2010.11.30 12:47:08.728,1.35758,1.35785,2.30,2.50
2010.11.30 12:47:09.140,1.35756,1.35784,1.50,1.70
2010.11.30 12:47:09.473,1.35756,1.35777,1.50,1.70
2010.11.30 12:47:09.746,1.35762,1.35789,2.10,3.00
2010.11.30 12:47:09.868,1.35761,1.35785,1.20,1.70
2010.11.30 12:47:12.313,1.35757,1.35785,1.50,2.80
2010.11.30 12:47:12.755,1.35753,1.35775,1.50,1.70
2010.11.30 12:47:12.981,1.35753,1.35786,1.50,2.60
2010.11.30 12:47:13.447,1.35753,1.35785,1.50,1.10
2010.11.30 12:47:13.601,1.35757,1.35785,1.50,2.40
2010.11.30 12:47:14.942,1.35757,1.35785,1.50,2.80
2010.11.30 12:47:15.424,1.35757,1.35785,1.50,2.40
2010.11.30 12:47:15.764,1.35757,1.35786,1.50,2.60
2010.11.30 12:47:17.640,1.35757,1.35785,1.50,2.50
2010.11.30 12:47:17.752,1.35757,1.35784,1.50,1.70
2010.11.30 12:47:25.215,1.35764,1.35795,1.90,1.10
2010.11.30 12:47:25.553,1.35763,1.35776,1.50,1.70
2010.11.30 12:47:25.678,1.35754,1.35786,2.30,2.60
2010.11.30 12:47:25.928,1.35757,1.35786,1.50,2.40
2010.11.30 12:47:28.544,1.35759,1.35792,1.50,1.10
2010.11.30 12:47:28.828,1.35757,1.35792,1.50,1.10
2010.11.30 12:47:29.481,1.35758,1.35793,1.50,2.30
2010.11.30 12:47:31.372,1.35756,1.35793,1.50,1.40
2010.11.30 12:47:32.043,1.35759,1.35791,1.50,1.50
2010.11.30 12:47:32.272,1.35755,1.35783,2.30,2.40
2010.11.30 12:47:32.664,1.35752,1.3578,1.20,1.70
2010.11.30 12:47:33.182,1.35754,1.35785,1.50,2.40
2010.11.30 12:47:33.308,1.35756,1.35786,1.50,2.60
2010.11.30 12:47:33.956,1.35754,1.35791,1.90,2.40
2010.11.30 12:47:34.073,1.35756,1.35792,1.70,1.20
2010.11.30 12:47:34.379,1.35756,1.35791,2.40,1.20
2010.11.30 12:47:34.548,1.35754,1.35782,1.90,2.40
2010.11.30 12:47:34.663,1.35758,1.35791,2.50,1.20
2010.11.30 12:47:34.781,1.3576,1.35791,1.50,1.20
2010.11.30 12:47:35.045,1.3576,1.35782,1.50,1.70
2010.11.30 12:47:35.191,1.35754,1.35779,1.50,1.70
2010.11.30 12:47:35.410,1.35754,1.35779,1.50,1.90
2010.11.30 12:47:35.752,1.35751,1.35778,1.20,2.60
2010.11.30 12:47:36.084,1.35751,1.35784,1.20,1.10
2010.11.30 12:47:36.201,1.35753,1.35782,1.20,1.10
2010.11.30 12:47:38.741,1.35755,1.35791,1.50,2.60
2010.11.30 12:47:41.090,1.35755,1.35783,1.50,1.60
2010.11.30 12:47:41.526,1.35755,1.35783,1.50,1.60
2010.11.30 12:47:41.753,1.35755,1.35778,1.50,1.70
2010.11.30 12:47:41.864,1.35752,1.35778,2.30,1.70
2010.11.30 12:47:42.459,1.35752,1.35777,2.70,2.40
2010.11.30 12:47:43.003,1.35752,1.35777,1.90,3.40
2010.11.30 12:47:45.786,1.35752,1.35774,1.90,1.70
2010.11.30 12:47:48.815,1.35749,1.35776,1.20,1.10
2010.11.30 12:47:49.121,1.35751,1.35779,1.90,1.10
2010.11.30 12:47:49.592,1.35749,1.3578,2.70,1.70
2010.11.30 12:47:49.719,1.35745,1.35772,2.30,1.10
2010.11.30 12:47:50.124,1.35744,1.35771,1.50,1.70
2010.11.30 12:47:50.242,1.35744,1.35779,1.50,1.10
2010.11.30 12:47:51.163,1.35751,1.35782,2.10,2.60
2010.11.30 12:47:51.920,1.3575,1.3578,1.20,1.10
2010.11.30 12:47:52.547,1.3575,1.35782,2.10,1.10
2010.11.30 12:47:53.770,1.35747,1.35771,1.50,1.70
2010.11.30 12:47:54.664,1.3575,1.35781,1.20,2.80
2010.11.30 12:47:56.330,1.3575,1.35777,1.20,1.10
2010.11.30 12:47:58.340,1.3575,1.35771,1.20,1.70
2010.11.30 12:47:58.695,1.35747,1.35779,1.50,1.30
2010.11.30 12:47:58.841,1.35752,1.35783,1.20,2.60
2010.11.30 12:47:59.931,1.35752,1.35771,1.20,1.70
2010.11.30 12:48:02.230,1.35752,1.3578,1.20,1.10
2010.11.30 12:48:03.984,1.35752,1.3578,1.20,1.10
2010.11.30 12:48:04.320,1.3575,1.35772,1.50,1.70
2010.11.30 12:48:05.493,1.3575,1.35772,1.50,1.70
2010.11.30 12:48:06.052,1.35749,1.35772,1.50,1.80
2010.11.30 12:48:06.162,1.35748,1.35772,1.20,2.40
2010.11.30 12:48:06.447,1.35748,1.35772,1.20,2.40
2010.11.30 12:48:07.173,1.35748,1.35768,1.20,1.10
2010.11.30 12:48:07.292,1.35741,1.3577,1.50,1.10
2010.11.30 12:48:07.577,1.35738,1.35771,2.30,2.60
2010.11.30 12:48:07.717,1.35738,1.35774,2.40,1.70
2010.11.30 12:48:09.792,1.35737,1.35774,1.50,1.30
2010.11.30 12:48:11.631,1.35738,1.35775,1.50,4.10
2010.11.30 12:48:11.740,1.35739,1.35775,1.50,4.10
2010.11.30 12:48:13.748,1.35741,1.35775,1.50,4.10
2010.11.30 12:48:13.875,1.35752,1.3578,2.10,2.40
2010.11.30 12:48:14.613,1.35744,1.35774,1.20,2.60
2010.11.30 12:48:15.621,1.35752,1.35776,1.70,1.70
2010.11.30 12:48:16.464,1.35752,1.3578,3.90,2.40
2010.11.30 12:48:16.579,1.35754,1.3578,1.50,2.40
2010.11.30 12:48:16.909,1.35754,1.3578,3.00,1.70
2010.11.30 12:48:19.148,1.35767,1.35792,1.70,1.20
2010.11.30 12:48:19.267,1.35767,1.35792,2.10,1.10
2010.11.30 12:48:19.648,1.35759,1.35783,2.30,1.90
2010.11.30 12:48:19.836,1.35755,1.35779,2.30,1.70
2010.11.30 12:48:19.953,1.35753,1.35779,1.20,1.70
2010.11.30 12:48:20.316,1.35758,1.35783,1.50,1.70
2010.11.30 12:48:20.432,1.35761,1.35794,3.20,2.60
2010.11.30 12:48:20.553,1.35764,1.35794,1.50,2.40
2010.11.30 12:48:22.120,1.3577,1.35804,3.00,2.60
2010.11.30 12:48:22.504,1.35769,1.35799,1.50,1.70
2010.11.30 12:48:22.937,1.35763,1.35795,1.20,1.70
2010.11.30 12:48:23.083,1.35763,1.35793,1.20,1.70
2010.11.30 12:48:23.200,1.35763,1.3579,1.20,1.70
2010.11.30 12:48:23.420,1.35761,1.35794,1.50,1.10
2010.11.30 12:48:25.003,1.35761,1.35797,1.20,1.20
2010.11.30 12:48:25.501,1.35764,1.35799,1.50,1.10
2010.11.30 12:48:25.721,1.35771,1.35801,2.40,1.20
2010.11.30 12:48:26.256,1.35764,1.35789,1.20,2.40
2010.11.30 12:48:26.375,1.35764,1.35789,1.40,2.40
2010.11.30 12:48:26.658,1.35764,1.358,2.60,3.20
2010.11.30 12:48:26.807,1.35773,1.35802,3.20,2.40
2010.11.30 12:48:27.251,1.35773,1.35803,2.40,2.80
2010.11.30 12:48:27.361,1.35771,1.35801,1.50,1.10
2010.11.30 12:48:27.791,1.35765,1.358,1.20,1.20
2010.11.30 12:48:28.656,1.35761,1.35796,1.20,1.10
2010.11.30 12:48:34.508,1.35765,1.358,1.20,3.40
2010.11.30 12:48:34.624,1.35765,1.35798,1.20,1.40
2010.11.30 12:48:34.770,1.35765,1.3579,1.20,1.70
2010.11.30 12:48:35.197,1.35761,1.3579,1.20,2.40
2010.11.30 12:48:36.950,1.35761,1.3579,1.20,2.40
2010.11.30 12:48:37.391,1.35753,1.35787,1.70,1.50
2010.11.30 12:48:39.650,1.35758,1.3579,2.10,2.60
2010.11.30 12:48:40.318,1.3576,1.35795,1.30,1.20
2010.11.30 12:48:43.946,1.35768,1.35801,1.70,4.50
2010.11.30 12:48:44.063,1.35768,1.35801,1.70,3.10
2010.11.30 12:48:45.091,1.35768,1.35801,2.10,2.90
2010.11.30 12:48:51.280,1.35768,1.35801,2.10,6.20
2010.11.30 12:48:51.893,1.35762,1.35789,1.50,2.70
2010.11.30 12:48:52.061,1.35761,1.35789,1.50,2.40
2010.11.30 12:48:52.175,1.35761,1.35798,1.50,1.30
2010.11.30 12:48:53.533,1.35765,1.35795,1.20,1.10
2010.11.30 12:48:53.763,1.35765,1.35789,1.20,1.70
2010.11.30 12:48:55.083,1.35763,1.35789,1.20,1.70
2010.11.30 12:48:56.659,1.35762,1.35789,1.40,1.70
2010.11.30 12:48:56.773,1.35768,1.35797,1.70,1.10
2010.11.30 12:48:57.301,1.35768,1.35801,2.40,2.40
2010.11.30 12:49:01.340,1.35768,1.35801,1.70,2.80
2010.11.30 12:49:04.841,1.35768,1.35801,1.80,2.60
2010.11.30 12:49:05.893,1.35768,1.35801,2.20,2.60
2010.11.30 12:49:08.257,1.35773,1.35801,1.70,2.60
2010.11.30 12:49:08.998,1.35763,1.35795,1.50,2.60
2010.11.30 12:49:09.552,1.35762,1.35782,1.50,1.70
2010.11.30 12:49:09.906,1.35756,1.35782,1.50,1.70
2010.11.30 12:49:11.377,1.35756,1.35781,1.50,1.90
2010.11.30 12:49:14.839,1.35742,1.35761,1.20,1.90
2010.11.30 12:49:14.955,1.35753,1.35769,1.70,1.10
2010.11.30 12:49:15.350,1.35743,1.35772,2.40,2.60
2010.11.30 12:49:15.731,1.35755,1.35782,1.70,1.70
2010.11.30 12:49:15.878,1.35755,1.35784,1.70,2.60
2010.11.30 12:49:16.110,1.35761,1.35794,2.10,2.40
2010.11.30 12:49:16.424,1.35761,1.35794,2.80,2.40
2010.11.30 12:49:16.650,1.35765,1.35794,1.50,2.40
2010.11.30 12:49:18.363,1.35761,1.35794,2.80,2.40
2010.11.30 12:49:18.977,1.35758,1.35783,1.50,1.70
2010.11.30 12:49:20.052,1.35759,1.35793,1.50,2.80
2010.11.30 12:49:22.554,1.35761,1.35798,1.20,1.20
2010.11.30 12:49:24.874,1.35763,1.35801,2.20,1.20
2010.11.30 12:49:24.997,1.35764,1.35804,1.20,1.10
2010.11.30 12:49:25.289,1.35765,1.35794,1.20,2.40
2010.11.30 12:49:25.512,1.35763,1.35793,1.20,2.40
2010.11.30 12:49:26.091,1.35763,1.35793,1.20,2.50
2010.11.30 12:49:26.811,1.35763,1.35793,1.20,2.60
2010.11.30 12:49:27.402,1.35759,1.35792,1.50,2.50
2010.11.30 12:49:30.190,1.35759,1.35792,1.50,3.00
2010.11.30 12:49:30.833,1.35752,1.35787,1.20,1.40
2010.11.30 12:49:30.953,1.35752,1.35787,1.20,1.40
2010.11.30 12:49:31.349,1.35755,1.35795,1.50,2.60
2010.11.30 12:49:31.462,1.35756,1.35795,1.50,1.10
2010.11.30 12:49:31.899,1.3576,1.35795,1.50,1.10
2010.11.30 12:49:33.589,1.35755,1.35792,1.50,1.20
2010.11.30 12:49:33.701,1.35752,1.35792,1.20,1.20
2010.11.30 12:49:34.139,1.35752,1.35792,1.20,1.20
2010.11.30 12:49:35.913,1.35751,1.35789,1.90,1.20
2010.11.30 12:49:39.409,1.35751,1.35789,2.00,1.20
2010.11.30 12:49:39.636,1.35755,1.35789,1.50,1.20
2010.11.30 12:49:44.942,1.35753,1.35789,1.50,1.20
2010.11.30 12:49:45.801,1.35751,1.35783,1.50,2.50
2010.11.30 12:49:46.802,1.35752,1.35782,1.70,2.40
2010.11.30 12:49:48.402,1.35752,1.35785,2.30,1.20
2010.11.30 12:49:48.512,1.35749,1.35785,3.00,2.10
2010.11.30 12:49:49.114,1.35756,1.35786,2.40,2.40
2010.11.30 12:49:49.535,1.35755,1.35788,2.80,1.80
2010.11.30 12:49:49.883,1.35756,1.35787,1.20,1.10
2010.11.30 12:49:50.975,1.35755,1.35787,2.10,2.40
2010.11.30 12:49:51.423,1.35752,1.35786,1.20,2.60
2010.11.30 12:49:53.912,1.35756,1.35784,2.10,1.20
2010.11.30 12:49:55.330,1.35755,1.35787,2.20,2.40
2010.11.30 12:49:56.252,1.35755,1.35787,2.40,2.60
2010.11.30 12:49:57.542,1.35755,1.35785,2.60,1.70
2010.11.30 12:49:58.693,1.35747,1.35776,1.50,2.40
2010.11.30 12:49:58.963,1.35745,1.35776,3.20,2.40
2010.11.30 12:50:00.079,1.35742,1.35775,2.10,2.40
2010.11.30 12:50:00.404,1.35742,1.35775,2.10,2.40
2010.11.30 12:50:00.807,1.35746,1.35777,1.60,2.40
2010.11.30 12:50:01.034,1.35746,1.35777,1.70,2.40
2010.11.30 12:50:01.686,1.35746,1.35777,1.60,2.40
2010.11.30 12:50:02.087,1.35746,1.35777,1.70,2.40
2010.11.30 12:50:02.362,1.35746,1.35777,1.70,2.40
2010.11.30 12:50:02.871,1.35746,1.35777,1.70,2.40
2010.11.30 12:50:03.734,1.35746,1.35777,1.80,2.40
2010.11.30 12:50:04.310,1.35746,1.35777,1.70,2.40
2010.11.30 12:50:04.425,1.35746,1.35776,1.70,2.60
2010.11.30 12:50:04.564,1.35743,1.35776,2.40,2.60
2010.11.30 12:50:05.120,1.35743,1.35776,1.10,2.60
2010.11.30 12:50:05.963,1.35743,1.35776,1.70,2.60
2010.11.30 12:50:06.081,1.35744,1.35776,1.10,2.40
2010.11.30 12:50:06.410,1.35748,1.35783,5.00,1.20
2010.11.30 12:50:06.834,1.35758,1.35786,1.70,1.20
2010.11.30 12:50:07.284,1.35752,1.35784,1.30,1.20
2010.11.30 12:50:07.821,1.35749,1.35776,2.80,1.20
2010.11.30 12:50:08.464,1.35738,1.35769,2.60,2.40
2010.11.30 12:50:09.837,1.35747,1.35771,1.70,1.20
2010.11.30 12:50:10.093,1.35747,1.35774,1.70,2.40
2010.11.30 12:50:10.321,1.35747,1.35774,1.70,2.40
2010.11.30 12:50:10.544,1.35748,1.35774,1.70,1.70
2010.11.30 12:50:10.665,1.35761,1.35788,2.10,2.40
2010.11.30 12:50:11.064,1.35758,1.35786,1.20,1.70
2010.11.30 12:50:11.213,1.3575,1.35784,1.20,1.40
2010.11.30 12:50:11.734,1.35756,1.35784,1.70,1.20
2010.11.30 12:50:11.857,1.3575,1.35784,1.20,1.20
2010.11.30 12:50:12.081,1.35752,1.35784,2.10,1.20
2010.11.30 12:50:12.693,1.35752,1.3579,1.60,1.20
2010.11.30 12:50:13.540,1.35752,1.3579,1.80,1.20
2010.11.30 12:50:13.650,1.35752,1.3579,1.70,1.20
2010.11.30 12:50:13.872,1.35752,1.3579,1.80,1.20
2010.11.30 12:50:14.091,1.35752,1.3579,3.30,1.20
2010.11.30 12:50:14.597,1.35748,1.35773,1.30,1.70
2010.11.30 12:50:14.721,1.35752,1.35784,1.70,2.50
2010.11.30 12:50:15.090,1.35748,1.35784,1.20,2.70
2010.11.30 12:50:15.200,1.35748,1.35783,1.20,2.50
2010.11.30 12:50:15.717,1.35745,1.35774,3.00,2.40
2010.11.30 12:50:15.954,1.35749,1.35774,1.20,1.70
2010.11.30 12:50:16.982,1.35749,1.35783,1.30,1.20
2010.11.30 12:50:17.781,1.35749,1.35783,1.20,1.20
2010.11.30 12:50:18.582,1.35749,1.35783,1.50,1.20
2010.11.30 12:50:18.915,1.35749,1.35783,1.20,1.30
2010.11.30 12:50:19.147,1.35748,1.35783,1.30,2.10
2010.11.30 12:50:19.774,1.35752,1.35784,2.40,2.40
2010.11.30 12:50:19.899,1.35752,1.35784,2.60,2.40
2010.11.30 12:50:20.446,1.35752,1.35784,2.60,2.40
2010.11.30 12:50:21.447,1.35747,1.35781,1.90,1.40
2010.11.30 12:50:21.572,1.35745,1.35781,1.40,1.20
2010.11.30 12:50:21.685,1.35745,1.35782,1.50,3.20
2010.11.30 12:50:23.213,1.35749,1.35785,1.50,1.40
2010.11.30 12:50:23.334,1.35752,1.35789,1.50,2.40
2010.11.30 12:50:24.043,1.3575,1.35787,2.40,5.00
2010.11.30 12:50:24.150,1.35749,1.35783,1.20,2.60
2010.11.30 12:50:25.080,1.3576,1.35787,1.70,1.20
2010.11.30 12:50:25.810,1.35757,1.35788,5.10,3.00
2010.11.30 12:50:26.492,1.35752,1.35789,7.00,1.20
2010.11.30 12:50:27.543,1.35752,1.35783,2.40,1.20
2010.11.30 12:50:29.583,1.35752,1.35782,5.10,1.20
2010.11.30 12:50:31.652,1.35757,1.35782,1.40,1.20
2010.11.30 12:50:31.982,1.35763,1.35794,1.70,1.20
2010.11.30 12:50:34.951,1.35758,1.35789,1.20,2.60
2010.11.30 12:50:35.838,1.35758,1.35789,1.20,2.60
2010.11.30 12:50:36.065,1.35758,1.35785,1.20,1.10
2010.11.30 12:50:36.507,1.35752,1.35763,1.50,1.70
2010.11.30 12:50:36.637,1.35746,1.35781,7.20,2.30
2010.11.30 12:50:36.753,1.35754,1.35783,1.20,2.40
2010.11.30 12:50:37.321,1.35751,1.35784,1.50,2.80
2010.11.30 12:50:39.065,1.35748,1.35783,1.50,1.10
2010.11.30 12:50:39.614,1.35748,1.35783,1.50,2.80
2010.11.30 12:50:39.735,1.35748,1.35783,1.80,2.60
2010.11.30 12:50:39.961,1.35755,1.35788,1.20,1.20
2010.11.30 12:50:43.490,1.35755,1.35783,1.20,2.40
2010.11.30 12:50:43.603,1.35757,1.35783,1.50,1.70
2010.11.30 12:50:43.724,1.35753,1.35783,1.20,1.70
2010.11.30 12:50:43.841,1.35753,1.35783,1.20,2.40
2010.11.30 12:50:45.960,1.35757,1.35791,1.20,1.30
2010.11.30 12:50:46.949,1.35752,1.35783,1.20,2.40
2010.11.30 12:50:47.982,1.35757,1.35783,1.30,1.70
2010.11.30 12:50:48.101,1.35756,1.35792,1.30,1.40
2010.11.30 12:50:48.685,1.35759,1.35792,1.70,1.50
2010.11.30 12:50:48.807,1.35754,1.35792,1.20,1.50
2010.11.30 12:50:49.470,1.35754,1.35782,1.20,1.70
2010.11.30 12:50:49.870,1.35754,1.35783,1.20,1.50
2010.11.30 12:50:52.986,1.35748,1.35783,1.50,2.40
2010.11.30 12:50:53.945,1.35754,1.3579,1.20,1.20
2010.11.30 12:50:54.063,1.35754,1.3579,1.20,1.40
2010.11.30 12:50:54.505,1.35753,1.35783,2.10,2.40
2010.11.30 12:50:56.801,1.3575,1.35784,2.40,2.40
2010.11.30 12:50:57.337,1.35757,1.3579,1.70,1.80
2010.11.30 12:50:57.457,1.35757,1.35791,1.70,2.40
2010.11.30 12:50:57.574,1.35764,1.35792,2.10,2.50
2010.11.30 12:50:59.664,1.35765,1.35791,2.10,2.40
2010.11.30 12:50:59.788,1.35765,1.35791,2.10,2.40
2010.11.30 12:51:01.298,1.35767,1.35801,1.70,2.60
2010.11.30 12:51:01.603,1.35767,1.35791,1.70,1.70
2010.11.30 12:51:02.505,1.35771,1.35791,1.30,1.70
2010.11.30 12:51:02.632,1.35774,1.35803,1.70,2.40
2010.11.30 12:51:03.185,1.35771,1.35802,1.20,2.80
2010.11.30 12:51:03.611,1.35767,1.35799,1.50,1.10
2010.11.30 12:51:04.054,1.35763,1.35788,1.70,1.70
2010.11.30 12:51:04.509,1.35762,1.35788,1.30,1.70
2010.11.30 12:51:04.897,1.35762,1.35788,1.30,1.70
2010.11.30 12:51:10.124,1.35762,1.35791,1.20,1.10
2010.11.30 12:51:10.683,1.35765,1.35796,1.50,1.10
2010.11.30 12:51:11.111,1.35765,1.35795,1.70,1.70
2010.11.30 12:51:11.448,1.35765,1.35794,1.50,1.10
2010.11.30 12:51:11.694,1.35773,1.35796,1.50,1.70
2010.11.30 12:51:11.838,1.35764,1.3579,3.00,1.20
2010.11.30 12:51:12.368,1.35777,1.35803,1.70,1.20
2010.11.30 12:51:13.324,1.35768,1.35803,1.20,1.50
2010.11.30 12:51:14.994,1.35764,1.358,3.30,1.40
2010.11.30 12:51:15.223,1.35764,1.35803,5.10,1.40
2010.11.30 12:51:15.627,1.3577,1.35806,1.20,2.70
2010.11.30 12:51:16.834,1.35771,1.35806,1.20,1.20
2010.11.30 12:51:16.951,1.35772,1.35809,1.50,2.70
2010.11.30 12:51:17.320,1.35778,1.35809,1.70,2.70
2010.11.30 12:51:17.972,1.35776,1.35809,1.70,1.20
2010.11.30 12:51:19.603,1.35785,1.35812,2.10,2.30
2010.11.30 12:51:19.885,1.35785,1.35813,2.10,1.20
2010.11.30 12:51:20.011,1.35785,1.35816,2.10,2.40
2010.11.30 12:51:20.122,1.3579,1.35821,1.70,2.80
2010.11.30 12:51:21.387,1.35799,1.35822,1.70,1.90
2010.11.30 12:51:21.802,1.35782,1.35804,1.50,1.90
2010.11.30 12:51:21.915,1.35774,1.35804,3.10,2.60
2010.11.30 12:51:22.221,1.35774,1.35804,3.10,2.60
2010.11.30 12:51:22.966,1.35781,1.35808,1.70,1.90
2010.11.30 12:51:23.085,1.35774,1.35805,1.50,4.10
2010.11.30 12:51:24.165,1.35771,1.35803,2.40,2.90
2010.11.30 12:51:24.392,1.35778,1.35804,2.10,1.30
2010.11.30 12:51:24.842,1.35778,1.35796,1.70,2.50
2010.11.30 12:51:24.968,1.35762,1.35793,1.50,2.40
2010.11.30 12:51:25.805,1.35765,1.35793,1.20,2.40
2010.11.30 12:51:27.786,1.35766,1.35803,2.20,1.20
2010.11.30 12:51:28.104,1.3577,1.35805,2.50,2.60
2010.11.30 12:51:28.240,1.3577,1.35805,2.60,2.60
2010.11.30 12:51:28.353,1.35771,1.35805,1.70,2.60
2010.11.30 12:51:28.903,1.35772,1.3581,1.10,2.40
2010.11.30 12:51:29.026,1.35781,1.35813,2.10,1.10
2010.11.30 12:51:29.140,1.35781,1.35813,2.10,1.10
2010.11.30 12:51:29.551,1.35782,1.35817,1.20,1.10
2010.11.30 12:51:29.994,1.35782,1.3581,1.20,1.90
2010.11.30 12:51:30.432,1.3578,1.35813,2.10,1.50
2010.11.30 12:51:30.559,1.3578,1.35813,2.10,1.10
2010.11.30 12:51:30.670,1.3578,1.35813,2.10,1.10
2010.11.30 12:51:31.792,1.35775,1.35811,1.20,1.40
2010.11.30 12:51:32.114,1.35775,1.35804,2.80,2.40
2010.11.30 12:51:32.674,1.35775,1.35802,2.10,1.70
2010.11.30 12:51:33.061,1.35772,1.35801,1.20,1.70
2010.11.30 12:51:33.391,1.35775,1.35806,1.90,1.10
2010.11.30 12:51:33.509,1.35775,1.358,1.90,1.90
2010.11.30 12:51:34.226,1.35775,1.358,1.20,2.00
2010.11.30 12:51:36.555,1.35773,1.35801,1.20,2.30
2010.11.30 12:51:36.672,1.35773,1.35801,1.20,3.20
2010.11.30 12:51:36.781,1.35773,1.35807,1.20,1.80
2010.11.30 12:51:36.897,1.35777,1.35808,2.40,3.00
2010.11.30 12:51:37.148,1.35777,1.35808,2.40,2.60
2010.11.30 12:51:40.032,1.35776,1.35808,1.50,1.50
2010.11.30 12:51:40.922,1.35776,1.35805,1.50,1.10
2010.11.30 12:51:41.032,1.35773,1.35805,1.20,1.10
2010.11.30 12:51:41.473,1.35773,1.35803,1.20,1.10
2010.11.30 12:51:45.150,1.35773,1.35806,1.20,1.10
2010.11.30 12:51:46.190,1.35771,1.358,1.20,1.70
2010.11.30 12:51:46.326,1.35769,1.358,1.20,2.60
2010.11.30 12:51:47.282,1.35772,1.35801,1.20,2.50
2010.11.30 12:51:47.651,1.35775,1.35803,1.70,1.70
2010.11.30 12:51:48.090,1.35767,1.35803,1.50,1.90
2010.11.30 12:51:49.251,1.35767,1.35799,1.50,1.10
2010.11.30 12:51:49.720,1.35768,1.35795,1.50,2.40
2010.11.30 12:51:49.960,1.35767,1.35804,1.50,1.30
2010.11.30 12:51:50.681,1.3577,1.35802,2.90,1.70
2010.11.30 12:51:52.552,1.35771,1.35804,2.10,2.60
2010.11.30 12:51:52.660,1.35773,1.35804,1.20,2.50
2010.11.30 12:51:53.205,1.35775,1.35804,1.70,2.40
2010.11.30 12:51:53.321,1.35775,1.35804,3.20,1.70
2010.11.30 12:51:54.513,1.35774,1.35805,2.90,2.60
2010.11.30 12:51:54.630,1.35774,1.35805,2.10,2.70
2010.11.30 12:51:55.220,1.35774,1.35805,2.10,2.60
2010.11.30 12:51:55.441,1.35775,1.35805,1.20,2.40
2010.11.30 12:51:56.601,1.35775,1.35805,1.70,2.40
2010.11.30 12:51:57.860,1.3578,1.35812,1.70,1.30
2010.11.30 12:51:58.459,1.35778,1.35813,2.80,1.10
2010.11.30 12:51:58.680,1.35778,1.35813,2.80,1.50
2010.11.30 12:52:01.176,1.35786,1.35818,2.10,1.20
2010.11.30 12:52:02.570,1.35782,1.3581,1.50,1.20
2010.11.30 12:52:02.737,1.35777,1.3581,2.40,1.20
2010.11.30 12:52:03.093,1.3578,1.35814,1.50,2.60
2010.11.30 12:52:03.440,1.35781,1.35815,1.60,1.20
2010.11.30 12:52:04.067,1.35787,1.35817,2.10,1.30
2010.11.30 12:52:06.166,1.3578,1.35814,1.40,1.20
2010.11.30 12:52:06.285,1.35786,1.35819,2.10,1.20
2010.11.30 12:52:07.161,1.35799,1.35819,1.70,1.30
2010.11.30 12:52:11.262,1.35813,1.35821,1.70,1.50
2010.11.30 12:52:11.490,1.35804,1.35826,1.70,3.60
2010.11.30 12:52:11.829,1.35797,1.35825,1.70,2.40
2010.11.30 12:52:11.941,1.35788,1.35826,1.40,2.70
2010.11.30 12:52:12.761,1.3579,1.35817,1.50,2.40
2010.11.30 12:52:12.872,1.35787,1.35818,2.10,2.40
2010.11.30 12:52:13.375,1.35786,1.35822,2.80,2.40
2010.11.30 12:52:13.492,1.3579,1.35825,1.50,1.20
2010.11.30 12:52:16.148,1.35785,1.35816,1.20,2.30
2010.11.30 12:52:16.295,1.35781,1.35816,3.80,2.40
2010.11.30 12:52:16.526,1.3579,1.35817,1.70,1.30
2010.11.30 12:52:17.180,1.3579,1.35817,1.70,1.20
2010.11.30 12:52:17.781,1.358,1.35821,1.70,1.20
2010.11.30 12:52:18.290,1.35799,1.35824,1.70,1.20
2010.11.30 12:52:18.513,1.35789,1.35824,1.80,1.40
2010.11.30 12:52:18.640,1.35789,1.35823,1.70,1.10
2010.11.30 12:52:19.103,1.3579,1.35819,1.70,2.60
2010.11.30 12:52:19.887,1.35817,1.35834,1.70,1.10
2010.11.30 12:52:20.004,1.35817,1.35839,1.70,1.30
2010.11.30 12:52:21.276,1.35811,1.35839,1.70,1.40
2010.11.30 12:52:21.392,1.35811,1.35831,1.70,1.70
2010.11.30 12:52:21.518,1.35804,1.35831,1.20,1.80
2010.11.30 12:52:21.965,1.35804,1.35835,2.10,1.70
2010.11.30 12:52:22.416,1.35805,1.35831,1.70,1.70
2010.11.30 12:52:22.834,1.35798,1.35833,2.30,1.50
2010.11.30 12:52:23.219,1.35807,1.35831,1.70,1.70
2010.11.30 12:52:23.370,1.35794,1.3583,1.50,1.40
2010.11.30 12:52:24.754,1.35794,1.35822,1.50,1.90
2010.11.30 12:52:24.983,1.35794,1.35822,1.50,2.30
2010.11.30 12:52:25.105,1.35808,1.35824,1.70,2.40
2010.11.30 12:52:25.472,1.35808,1.35833,1.70,1.30
2010.11.30 12:52:25.801,1.35808,1.35835,1.70,1.10
2010.11.30 12:52:26.956,1.35808,1.35838,1.70,1.20
2010.11.30 12:52:27.087,1.35806,1.35842,1.50,1.70
2010.11.30 12:52:27.893,1.35807,1.35841,1.50,1.40
2010.11.30 12:52:28.130,1.35805,1.35841,1.20,1.40
2010.11.30 12:52:28.633,1.35805,1.3584,1.20,1.10
2010.11.30 12:52:30.366,1.35807,1.3584,1.70,1.20
2010.11.30 12:52:33.111,1.35818,1.35846,1.70,1.30
2010.11.30 12:52:34.814,1.35815,1.35841,1.70,1.30
2010.11.30 12:52:35.271,1.35809,1.35841,1.70,2.30
2010.11.30 12:52:35.390,1.35815,1.35841,1.70,1.20
2010.11.30 12:52:39.080,1.35815,1.35845,1.70,1.40
2010.11.30 12:52:40.590,1.35815,1.35842,1.70,1.30
2010.11.30 12:52:41.567,1.35816,1.35849,1.70,1.30
2010.11.30 12:52:43.599,1.35814,1.35849,2.40,2.80
2010.11.30 12:52:44.321,1.35814,1.35845,1.70,1.30
2010.11.30 12:52:44.760,1.35814,1.35845,1.70,1.30
2010.11.30 12:52:48.640,1.35814,1.35842,1.70,1.20
2010.11.30 12:52:48.970,1.35806,1.35836,3.00,1.70
2010.11.30 12:52:49.354,1.35806,1.35837,1.50,1.70
2010.11.30 12:52:49.474,1.35806,1.35838,1.50,1.70
2010.11.30 12:52:49.591,1.35806,1.35843,1.50,1.70
2010.11.30 12:52:49.809,1.35808,1.35843,1.20,1.70
2010.11.30 12:52:51.304,1.3581,1.35845,1.50,1.30
2010.11.30 12:52:53.251,1.35811,1.35847,2.40,1.30
2010.11.30 12:52:55.030,1.35812,1.35852,1.50,2.10
2010.11.30 12:52:55.991,1.35812,1.35842,1.50,1.30
2010.11.30 12:52:56.276,1.35811,1.35842,2.40,1.30
2010.11.30 12:52:56.426,1.35808,1.35842,1.20,1.10
2010.11.30 12:52:57.554,1.35814,1.35845,1.70,1.40
2010.11.30 12:52:58.000,1.35814,1.35845,1.70,1.10
2010.11.30 12:53:00.342,1.35814,1.35843,1.70,1.10
2010.11.30 12:53:03.630,1.35814,1.35839,1.70,1.70
2010.11.30 12:53:04.028,1.35807,1.35837,1.50,1.10
2010.11.30 12:53:04.361,1.35809,1.35841,1.20,1.10
2010.11.30 12:53:04.724,1.35816,1.35849,2.60,1.90
2010.11.30 12:53:04.958,1.35818,1.35853,2.40,1.10
2010.11.30 12:53:05.415,1.35818,1.35849,1.70,1.10
2010.11.30 12:53:05.532,1.35813,1.35849,1.50,1.10
2010.11.30 12:53:06.866,1.35818,1.35854,1.50,2.40
2010.11.30 12:53:07.091,1.3582,1.35856,2.40,2.30
2010.11.30 12:53:08.995,1.35818,1.35846,2.40,1.10
2010.11.30 12:53:09.928,1.35818,1.35825,1.70,1.50
2010.11.30 12:53:10.071,1.35812,1.35829,1.70,1.50
2010.11.30 12:53:10.630,1.35806,1.3584,2.10,1.70
2010.11.30 12:53:10.964,1.35806,1.35832,2.10,1.80
2010.11.30 12:53:11.210,1.35806,1.35833,2.10,1.10
2010.11.30 12:53:12.391,1.35806,1.35839,1.70,1.10
2010.11.30 12:53:12.614,1.35817,1.35843,1.70,2.90
2010.11.30 12:53:13.100,1.35809,1.35836,1.70,1.10
2010.11.30 12:53:14.102,1.35822,1.35844,1.70,1.30
2010.11.30 12:53:14.741,1.35808,1.35843,1.90,1.20
2010.11.30 12:53:14.852,1.35808,1.35843,2.40,1.50
2010.11.30 12:53:16.742,1.35822,1.35843,1.70,1.30
2010.11.30 12:53:16.960,1.35822,1.35843,1.70,1.30
2010.11.30 12:53:17.443,1.35812,1.35843,1.50,1.40
2010.11.30 12:53:17.676,1.35831,1.35857,1.70,1.10
2010.11.30 12:53:18.105,1.35825,1.35853,1.50,1.10
2010.11.30 12:53:18.239,1.3583,1.35854,1.70,2.30
2010.11.30 12:53:18.462,1.35838,1.35862,1.70,1.20
2010.11.30 12:53:18.683,1.35837,1.35858,1.70,1.70
2010.11.30 12:53:19.183,1.35821,1.35847,2.40,1.10
2010.11.30 12:53:19.304,1.35817,1.35844,1.70,1.10
2010.11.30 12:53:19.730,1.35814,1.35844,1.50,1.10
2010.11.30 12:53:19.846,1.35813,1.35844,1.50,1.10
2010.11.30 12:53:19.963,1.35813,1.35844,1.50,1.10
2010.11.30 12:53:20.303,1.3581,1.35839,2.40,1.30
2010.11.30 12:53:20.641,1.3581,1.3584,2.40,1.10
2010.11.30 12:53:21.526,1.35821,1.35841,1.70,1.10
2010.11.30 12:53:21.760,1.35811,1.35842,2.40,1.20
2010.11.30 12:53:22.298,1.35811,1.35839,2.40,1.10
2010.11.30 12:53:22.864,1.35813,1.35849,3.20,2.70
2010.11.30 12:53:22.993,1.35813,1.35846,1.70,1.10
2010.11.30 12:53:23.435,1.35813,1.35846,1.70,1.10
2010.11.30 12:53:24.471,1.35829,1.35853,1.70,1.20
2010.11.30 12:53:24.637,1.35841,1.35862,1.70,1.30
2010.11.30 12:53:24.758,1.35841,1.3586,1.70,1.10
2010.11.30 12:53:24.872,1.3583,1.35862,1.70,2.50
2010.11.30 12:53:25.233,1.35828,1.35854,1.50,1.40
2010.11.30 12:53:25.352,1.3583,1.35856,1.70,1.20
2010.11.30 12:53:25.463,1.35825,1.35853,1.50,1.40
2010.11.30 12:53:25.582,1.35825,1.35853,1.50,1.20
2010.11.30 12:53:25.894,1.35822,1.35856,1.50,1.20
2010.11.30 12:53:26.121,1.35827,1.35855,1.50,1.40
2010.11.30 12:53:26.491,1.35827,1.35855,1.50,1.50
2010.11.30 12:53:27.054,1.35832,1.35861,1.50,1.70
2010.11.30 12:53:28.357,1.35832,1.3586,1.50,1.10
2010.11.30 12:53:29.225,1.3584,1.35863,2.40,1.70
2010.11.30 12:53:29.666,1.3584,1.35865,1.70,1.20
2010.11.30 12:53:30.110,1.3584,1.35865,1.70,1.20
2010.11.30 12:53:30.692,1.35863,1.3587,1.70,2.30
2010.11.30 12:53:30.913,1.35848,1.3587,1.70,1.50
2010.11.30 12:53:31.141,1.35841,1.3587,2.40,1.50
2010.11.30 12:53:31.499,1.35841,1.35876,2.40,1.10
2010.11.30 12:53:32.272,1.35842,1.35876,1.50,2.50
2010.11.30 12:53:32.380,1.35843,1.35876,1.50,2.50
2010.11.30 12:53:33.632,1.35852,1.35877,1.70,1.20
2010.11.30 12:53:34.822,1.35851,1.35884,2.40,2.40
2010.11.30 12:53:35.790,1.35851,1.35884,2.40,2.40
2010.11.30 12:53:36.851,1.35851,1.35884,2.40,2.60
2010.11.30 12:53:36.964,1.35851,1.35884,2.40,6.60
2010.11.30 12:53:37.389,1.35842,1.35876,1.50,1.10
2010.11.30 12:53:37.503,1.35842,1.35876,1.50,1.10
2010.11.30 12:53:37.621,1.3584,1.35876,2.40,1.10
2010.11.30 12:53:37.917,1.3584,1.35876,2.40,1.10
2010.11.30 12:53:39.337,1.35855,1.35877,1.70,1.20
2010.11.30 12:53:40.675,1.35851,1.35877,1.70,1.20
2010.11.30 12:53:40.793,1.35851,1.35881,1.70,2.80
2010.11.30 12:53:41.028,1.35851,1.35874,1.70,1.10
2010.11.30 12:53:41.486,1.35852,1.35874,4.50,1.10
2010.11.30 12:53:41.624,1.35873,1.35886,1.70,1.60
2010.11.30 12:53:41.982,1.35873,1.35889,1.70,2.40
2010.11.30 12:53:42.096,1.35848,1.35885,1.50,1.70
2010.11.30 12:53:42.213,1.35854,1.35885,1.70,2.30
2010.11.30 12:53:42.569,1.35853,1.3588,1.50,1.50
2010.11.30 12:53:42.901,1.35851,1.35881,1.50,1.10
2010.11.30 12:53:43.309,1.35851,1.35882,1.50,2.60
2010.11.30 12:53:43.422,1.35851,1.35881,1.50,1.10
2010.11.30 12:53:43.531,1.35851,1.35882,1.50,2.30
2010.11.30 12:53:44.871,1.35853,1.35881,2.40,1.10
2010.11.30 12:53:45.320,1.35853,1.35882,2.40,2.40
2010.11.30 12:53:45.961,1.35853,1.35882,2.40,2.40
2010.11.30 12:53:46.084,1.35853,1.35881,2.40,1.20
2010.11.30 12:53:46.421,1.35862,1.35881,1.70,1.20
2010.11.30 12:53:47.811,1.35859,1.35884,1.90,1.50
2010.11.30 12:53:48.080,1.35864,1.3589,1.50,2.30
2010.11.30 12:53:48.236,1.35861,1.35891,1.50,4.70
2010.11.30 12:53:49.781,1.35863,1.35887,2.40,1.50
2010.11.30 12:53:49.906,1.35857,1.35879,1.50,1.90
2010.11.30 12:53:50.027,1.35867,1.35882,1.20,1.50
2010.11.30 12:53:50.348,1.35882,1.35888,1.50,1.70
2010.11.30 12:53:50.479,1.35888,1.35907,1.70,1.10
2010.11.30 12:53:50.593,1.3588,1.35908,1.50,1.80
2010.11.30 12:53:51.164,1.35879,1.35908,1.50,1.50
2010.11.30 12:53:51.403,1.35879,1.35908,1.50,1.50
2010.11.30 12:53:54.782,1.35883,1.35907,1.50,1.50
2010.11.30 12:53:56.588,1.3588,1.35907,2.40,1.70
2010.11.30 12:53:56.710,1.3588,1.35907,2.40,3.60
2010.11.30 12:53:56.823,1.3588,1.35907,2.40,1.70
2010.11.30 12:53:57.408,1.3588,1.35907,2.40,3.60
2010.11.30 12:53:58.099,1.35881,1.35907,1.70,3.60
2010.11.30 12:53:58.284,1.35881,1.35907,1.70,3.60
2010.11.30 12:53:58.404,1.35881,1.35903,1.70,1.30
2010.11.30 12:53:58.688,1.35881,1.35903,1.70,1.50
2010.11.30 12:53:58.807,1.35873,1.35903,1.50,3.20
2010.11.30 12:53:59.033,1.35873,1.35903,1.50,1.50
2010.11.30 12:53:59.360,1.35873,1.35903,1.50,1.50
2010.11.30 12:54:00.203,1.35877,1.35907,1.50,1.20
2010.11.30 12:54:01.627,1.35878,1.35908,2.40,2.40
2010.11.30 12:54:02.402,1.35887,1.35909,1.70,1.20
2010.11.30 12:54:04.624,1.35885,1.35909,1.70,2.70
2010.11.30 12:54:04.748,1.35885,1.35909,1.70,2.70
2010.11.30 12:54:04.972,1.35874,1.35908,3.20,2.70
2010.11.30 12:54:08.445,1.35874,1.35901,1.50,2.30
2010.11.30 12:54:08.672,1.35884,1.35906,1.70,2.30
2010.11.30 12:54:08.786,1.35884,1.35908,1.70,2.40
2010.11.30 12:54:08.905,1.35874,1.35905,3.40,1.50
2010.11.30 12:54:09.295,1.35886,1.35915,1.50,1.90
2010.11.30 12:54:09.924,1.3589,1.35918,1.50,1.50
2010.11.30 12:54:11.562,1.3589,1.35922,1.70,2.30
2010.11.30 12:54:11.932,1.3589,1.35918,1.70,2.30
2010.11.30 12:54:12.050,1.35892,1.35919,1.70,1.50
2010.11.30 12:54:12.161,1.35892,1.35919,1.70,1.70
2010.11.30 12:54:12.677,1.35885,1.35917,1.50,2.40
2010.11.30 12:54:13.520,1.35885,1.35917,1.50,2.40
2010.11.30 12:54:14.345,1.35885,1.35914,1.50,1.30
2010.11.30 12:54:14.466,1.35882,1.35912,1.50,1.20
2010.11.30 12:54:14.806,1.35882,1.35908,1.50,1.10
2010.11.30 12:54:15.034,1.35876,1.35905,1.50,3.00
2010.11.30 12:54:15.478,1.35877,1.35906,2.40,1.50
2010.11.30 12:54:15.923,1.35881,1.3591,1.50,1.30
2010.11.30 12:54:16.083,1.35881,1.3591,1.50,1.20
2010.11.30 12:54:17.518,1.35881,1.3591,1.50,1.20
2010.11.30 12:54:20.448,1.35881,1.3591,1.50,1.30
2010.11.30 12:54:20.671,1.35881,1.3591,1.50,1.30
2010.11.30 12:54:20.782,1.35877,1.35907,1.50,1.10
2010.11.30 12:54:20.898,1.35877,1.35904,1.50,1.70
2010.11.30 12:54:21.493,1.35874,1.35907,1.50,2.70
2010.11.30 12:54:21.823,1.35878,1.35906,1.50,1.50
2010.11.30 12:54:22.234,1.35878,1.3591,1.50,1.30
2010.11.30 12:54:22.835,1.35871,1.35908,1.50,1.10
2010.11.30 12:54:23.067,1.35871,1.35908,1.50,1.10
2010.11.30 12:54:23.215,1.35872,1.3591,1.50,2.00
2010.11.30 12:54:23.650,1.35875,1.35909,1.50,1.10
2010.11.30 12:54:24.523,1.35875,1.35911,1.50,2.80
2010.11.30 12:54:26.290,1.35878,1.35911,1.50,1.30
2010.11.30 12:54:27.990,1.35881,1.35911,1.50,1.30
2010.11.30 12:54:28.324,1.35895,1.35911,1.70,1.20
2010.11.30 12:54:28.445,1.35895,1.35923,1.70,1.70
2010.11.30 12:54:28.755,1.35895,1.35922,1.70,1.20
2010.11.30 12:54:28.914,1.35887,1.35922,2.40,1.50
2010.11.30 12:54:29.035,1.35887,1.35913,2.40,1.10
2010.11.30 12:54:29.154,1.35881,1.35912,1.50,1.40
2010.11.30 12:54:29.551,1.35877,1.35895,1.70,1.70
2010.11.30 12:54:29.668,1.3587,1.35897,2.40,2.60
2010.11.30 12:54:29.789,1.3587,1.35897,2.30,2.40
2010.11.30 12:54:30.170,1.35878,1.35917,1.70,2.30
2010.11.30 12:54:30.477,1.35887,1.35919,1.50,1.50
2010.11.30 12:54:30.595,1.35887,1.35919,1.50,1.30
2010.11.30 12:54:31.045,1.35887,1.35919,1.50,1.30
2010.11.30 12:54:31.711,1.35887,1.35919,1.50,1.20
2010.11.30 12:54:31.825,1.35882,1.35918,1.50,1.20
2010.11.30 12:54:32.055,1.35881,1.35919,1.50,1.30
2010.11.30 12:54:32.172,1.35884,1.35919,1.70,1.30
2010.11.30 12:54:32.753,1.35886,1.35919,1.50,1.10
2010.11.30 12:54:33.310,1.35886,1.35923,1.50,1.90
2010.11.30 12:54:34.044,1.35885,1.35918,1.50,1.30
2010.11.30 12:54:34.381,1.35885,1.35918,1.50,1.50
2010.11.30 12:54:34.614,1.35885,1.3592,3.20,1.10
2010.11.30 12:54:35.134,1.35885,1.35922,3.20,1.10
2010.11.30 12:54:35.366,1.35885,1.35918,3.20,1.10
2010.11.30 12:54:35.482,1.35885,1.3592,3.20,1.10
2010.11.30 12:54:36.010,1.35885,1.35922,3.20,1.50
2010.11.30 12:54:36.120,1.35885,1.35922,3.20,1.50
2010.11.30 12:54:37.003,1.35888,1.35921,1.50,1.20
2010.11.30 12:54:37.112,1.35885,1.35917,2.40,1.10
2010.11.30 12:54:38.627,1.35885,1.35912,2.40,1.10
2010.11.30 12:54:38.854,1.35885,1.35917,2.40,1.10
2010.11.30 12:54:39.316,1.35884,1.35921,1.50,3.80
2010.11.30 12:54:39.909,1.35889,1.35919,1.70,4.70
2010.11.30 12:54:40.241,1.35889,1.35922,2.40,2.10
2010.11.30 12:54:40.570,1.35889,1.35916,2.40,1.10
2010.11.30 12:54:40.683,1.35889,1.35919,2.40,2.60
2010.11.30 12:54:41.220,1.35888,1.35916,1.50,1.10
2010.11.30 12:54:41.331,1.35885,1.35916,1.50,1.30
2010.11.30 12:54:41.660,1.35884,1.35916,1.50,1.30
2010.11.30 12:54:41.991,1.35881,1.35916,2.40,1.30
2010.11.30 12:54:42.615,1.35881,1.35916,2.40,1.10
2010.11.30 12:54:42.863,1.35883,1.35919,1.50,1.30
2010.11.30 12:54:42.981,1.35883,1.35917,1.50,1.10
2010.11.30 12:54:43.647,1.35883,1.35919,1.50,1.30
2010.11.30 12:54:44.754,1.35883,1.35917,1.50,1.10
2010.11.30 12:54:45.355,1.35883,1.35913,1.50,1.90
2010.11.30 12:54:45.948,1.35879,1.35909,1.50,1.10
2010.11.30 12:54:46.611,1.35888,1.35913,1.70,1.10
2010.11.30 12:54:46.832,1.35888,1.35915,1.70,4.10
2010.11.30 12:54:46.941,1.35882,1.35912,1.50,1.10
2010.11.30 12:54:47.409,1.35882,1.35918,1.50,1.50
2010.11.30 12:54:48.182,1.35885,1.35901,1.50,2.60
2010.11.30 12:54:48.302,1.35861,1.35893,1.50,1.70
2010.11.30 12:54:48.413,1.3586,1.35891,2.40,1.20
2010.11.30 12:54:48.544,1.3586,1.3589,1.70,1.70
2010.11.30 12:54:48.858,1.35853,1.3589,2.40,1.70
2010.11.30 12:54:49.007,1.35854,1.3589,1.80,3.20
2010.11.30 12:54:49.123,1.35854,1.3589,1.80,2.30
2010.11.30 12:54:49.451,1.35854,1.35891,1.70,1.70
2010.11.30 12:54:49.849,1.3585,1.35886,1.50,1.20
2010.11.30 12:54:51.815,1.3585,1.3588,1.50,3.40
2010.11.30 12:54:53.374,1.35851,1.35877,1.50,1.10
2010.11.30 12:54:53.801,1.35847,1.35876,1.50,1.10
2010.11.30 12:54:55.120,1.35847,1.35876,1.50,2.30
2010.11.30 12:54:55.345,1.35842,1.35872,1.50,1.10
2010.11.30 12:54:55.572,1.35842,1.35872,1.50,1.30
2010.11.30 12:54:56.006,1.35841,1.35871,1.50,1.10
2010.11.30 12:54:58.669,1.35837,1.35865,1.50,1.10
2010.11.30 12:54:58.788,1.35834,1.35867,1.50,3.00
2010.11.30 12:54:58.902,1.35842,1.35873,1.50,1.70
2010.11.30 12:54:59.122,1.35837,1.35871,1.50,1.10
2010.11.30 12:54:59.538,1.35846,1.35875,1.50,1.70
2010.11.30 12:54:59.656,1.35853,1.35886,1.50,2.30
2010.11.30 12:55:00.067,1.35854,1.35886,1.50,2.50
2010.11.30 12:55:00.259,1.35859,1.35891,3.20,2.60
2010.11.30 12:55:00.976,1.35855,1.35886,1.50,1.10
2010.11.30 12:55:01.093,1.35855,1.35886,1.50,1.10
2010.11.30 12:55:01.517,1.35849,1.3588,1.50,1.10
2010.11.30 12:55:01.646,1.35844,1.3588,1.70,1.70
2010.11.30 12:55:02.148,1.3585,1.35886,1.50,1.30
2010.11.30 12:55:02.282,1.3585,1.35886,3.20,1.10
2010.11.30 12:55:02.722,1.35855,1.35886,1.50,1.10
2010.11.30 12:55:03.602,1.35855,1.35884,1.50,1.10
2010.11.30 12:55:03.712,1.35855,1.35886,1.50,1.10
2010.11.30 12:55:04.277,1.35855,1.35885,1.50,2.60
2010.11.30 12:55:05.144,1.35855,1.35885,1.50,2.60
2010.11.30 12:55:05.548,1.35855,1.35884,1.50,1.10
2010.11.30 12:55:06.100,1.35852,1.35881,1.50,1.10
2010.11.30 12:55:06.670,1.35852,1.35881,1.50,1.10
2010.11.30 12:55:12.100,1.35852,1.35881,1.50,1.10
2010.11.30 12:55:12.430,1.35848,1.35881,2.30,1.10
2010.11.30 12:55:14.958,1.35846,1.35871,1.50,1.50
2010.11.30 12:55:15.293,1.35827,1.3586,1.10,1.50
2010.11.30 12:55:15.872,1.35829,1.35859,1.50,1.70
2010.11.30 12:55:15.984,1.3582,1.35859,6.60,1.70
2010.11.30 12:55:16.544,1.35827,1.35865,1.70,1.30
2010.11.30 12:55:16.862,1.35837,1.35866,1.50,1.30
2010.11.30 12:55:16.984,1.35846,1.35877,1.70,1.60
2010.11.30 12:55:22.670,1.35841,1.35876,1.50,1.30
2010.11.30 12:55:24.130,1.35841,1.35873,1.50,1.10
2010.11.30 12:55:24.240,1.35841,1.35876,1.50,1.10
2010.11.30 12:55:25.282,1.35838,1.35872,3.20,1.30
2010.11.30 12:55:25.883,1.35838,1.35865,1.70,1.70
2010.11.30 12:55:26.001,1.35829,1.35863,1.50,2.60
2010.11.30 12:55:26.224,1.35831,1.35867,2.40,1.50
2010.11.30 12:55:28.338,1.35831,1.35865,2.70,1.20
2010.11.30 12:55:28.743,1.35842,1.35877,2.60,1.10
2010.11.30 12:55:28.909,1.35853,1.35874,1.70,1.70
2010.11.30 12:55:29.302,1.35848,1.35871,1.50,1.90
2010.11.30 12:55:29.461,1.35847,1.35881,1.50,1.40
2010.11.30 12:55:30.025,1.35847,1.35877,1.50,2.50
2010.11.30 12:55:30.582,1.3583,1.35867,2.40,1.10
2010.11.30 12:55:30.710,1.3583,1.35868,1.80,2.60
2010.11.30 12:55:30.821,1.35828,1.35868,2.50,2.60
2010.11.30 12:55:36.133,1.35836,1.35874,1.50,1.20
2010.11.30 12:55:36.657,1.35847,1.35877,1.50,1.50
2010.11.30 12:55:36.772,1.35847,1.35877,1.50,1.30
2010.11.30 12:55:36.881,1.35847,1.35877,1.50,1.30
2010.11.30 12:55:36.991,1.35847,1.35877,1.50,1.20
2010.11.30 12:55:37.515,1.35853,1.35881,1.50,1.30
2010.11.30 12:55:37.632,1.35848,1.35881,1.50,3.60
2010.11.30 12:55:37.745,1.35848,1.35877,1.50,2.20
2010.11.30 12:55:38.364,1.35845,1.35876,1.50,1.90
2010.11.30 12:55:38.812,1.35845,1.35876,1.50,1.50
2010.11.30 12:55:39.290,1.35845,1.35876,1.50,1.90
2010.11.30 12:55:40.142,1.35845,1.35872,1.50,1.10
2010.11.30 12:55:41.741,1.35845,1.35875,1.50,1.10
2010.11.30 12:55:41.850,1.35845,1.35874,1.50,1.10
2010.11.30 12:55:42.681,1.35845,1.35875,1.50,1.30
2010.11.30 12:55:45.220,1.35842,1.35877,1.50,1.40
2010.11.30 12:55:45.902,1.35842,1.35871,1.50,2.20
2010.11.30 12:55:46.013,1.35836,1.35868,3.00,2.60
2010.11.30 12:55:46.317,1.35833,1.35865,2.40,1.20
2010.11.30 12:55:46.455,1.3583,1.35865,1.60,1.70
2010.11.30 12:55:46.792,1.35824,1.3586,1.50,1.10
2010.11.30 12:55:46.901,1.35825,1.3586,1.50,1.10
2010.11.30 12:55:47.220,1.35823,1.35853,3.00,1.70
2010.11.30 12:55:47.335,1.35818,1.35849,3.20,1.70
2010.11.30 12:55:47.456,1.35818,1.35849,1.50,1.70
2010.11.30 12:55:47.797,1.35818,1.35846,1.50,2.10
2010.11.30 12:55:48.340,1.35809,1.35846,2.30,1.20
2010.11.30 12:55:48.450,1.35809,1.35846,2.30,1.20
2010.11.30 12:55:49.515,1.3581,1.35845,3.20,1.20
2010.11.30 12:55:53.727,1.35817,1.35846,1.70,3.60
2010.11.30 12:55:53.891,1.35804,1.35843,6.60,2.60
2010.11.30 12:55:54.005,1.35805,1.35843,1.30,2.40
2010.11.30 12:55:54.232,1.35811,1.35846,1.50,1.20
2010.11.30 12:55:54.611,1.35811,1.35847,1.50,1.20
2010.11.30 12:55:56.378,1.35815,1.35851,1.50,1.20
2010.11.30 12:55:56.493,1.35817,1.35851,2.40,1.20
2010.11.30 12:55:56.633,1.35823,1.35853,1.50,1.20
2010.11.30 12:55:56.758,1.35823,1.35857,1.50,2.50
2010.11.30 12:55:57.139,1.35823,1.35849,1.50,1.70
2010.11.30 12:55:57.363,1.35818,1.35849,1.50,2.40
2010.11.30 12:55:59.000,1.3582,1.35849,1.50,1.80
2010.11.30 12:55:59.119,1.35812,1.35849,2.50,4.80
2010.11.30 12:55:59.239,1.35809,1.35843,3.10,1.10
2010.11.30 12:55:59.462,1.35809,1.35837,1.60,1.20
2010.11.30 12:55:59.769,1.35805,1.35837,2.30,1.40
2010.11.30 12:56:00.581,1.35798,1.35828,1.60,2.40
2010.11.30 12:56:01.689,1.35796,1.35828,2.40,2.40
2010.11.30 12:56:02.245,1.35799,1.35833,1.50,2.30
2010.11.30 12:56:02.795,1.35796,1.35826,1.60,2.50
2010.11.30 12:56:02.918,1.35789,1.35827,1.50,2.30
2010.11.30 12:56:04.290,1.3579,1.35824,1.60,1.20
2010.11.30 12:56:04.446,1.3579,1.35824,1.60,1.20
2010.11.30 12:56:05.214,1.35787,1.35824,2.40,1.20
2010.11.30 12:56:05.671,1.35787,1.35824,5.40,1.20
2010.11.30 12:56:06.207,1.3579,1.35825,1.50,2.40
2010.11.30 12:56:06.324,1.3579,1.35825,1.50,2.40
2010.11.30 12:56:06.881,1.35786,1.35825,1.50,1.30
2010.11.30 12:56:07.171,1.35786,1.35822,1.50,1.50
2010.11.30 12:56:07.514,1.3578,1.35817,2.10,1.20
2010.11.30 12:56:07.750,1.35782,1.35822,1.70,1.20
2010.11.30 12:56:08.200,1.35788,1.35822,1.50,1.20
2010.11.30 12:56:11.574,1.35788,1.35826,2.40,1.20
2010.11.30 12:56:11.881,1.35788,1.35826,1.70,1.20
2010.11.30 12:56:11.999,1.35787,1.35825,1.70,2.30
2010.11.30 12:56:12.221,1.35787,1.35825,2.80,2.30
2010.11.30 12:56:12.441,1.35787,1.35825,1.60,2.30
2010.11.30 12:56:14.377,1.35787,1.35821,1.80,2.40
2010.11.30 12:56:14.823,1.35788,1.35821,3.10,2.40
2010.11.30 12:56:15.111,1.35795,1.35821,3.00,2.40
2010.11.30 12:56:15.252,1.35801,1.3583,2.40,2.40
2010.11.30 12:56:16.596,1.35801,1.35829,2.40,1.70
2010.11.30 12:56:16.722,1.35793,1.35826,2.40,2.60
2010.11.30 12:56:17.137,1.35793,1.35826,1.50,2.60
2010.11.30 12:56:17.362,1.35794,1.35825,1.50,1.10
2010.11.30 12:56:18.597,1.35794,1.35825,1.50,1.10
2010.11.30 12:56:19.051,1.35797,1.35831,2.50,1.20
2010.11.30 12:56:19.161,1.35804,1.35831,1.70,1.20
2010.11.30 12:56:19.711,1.35804,1.35837,1.80,1.20
2010.11.30 12:56:19.828,1.35804,1.35839,3.40,2.40
2010.11.30 12:56:19.944,1.35811,1.35843,2.40,1.40
2010.11.30 12:56:21.354,1.35811,1.35846,1.70,1.70
2010.11.30 12:56:21.661,1.35814,1.3584,1.60,1.70
2010.11.30 12:56:22.001,1.35816,1.3584,1.50,1.70
2010.11.30 12:56:22.113,1.35814,1.3584,1.50,1.70
2010.11.30 12:56:22.356,1.35812,1.35846,1.50,1.10
2010.11.30 12:56:22.484,1.35813,1.35845,1.50,1.10
2010.11.30 12:56:23.982,1.35814,1.35843,1.50,1.20
2010.11.30 12:56:24.092,1.35818,1.3585,3.20,1.10
2010.11.30 12:56:24.315,1.35818,1.35852,3.20,9.00
2010.11.30 12:56:24.466,1.35818,1.35847,2.40,2.80
2010.11.30 12:56:24.585,1.35818,1.35847,2.30,2.80
2010.11.30 12:56:25.315,1.35819,1.35851,1.70,1.20
2010.11.30 12:56:25.438,1.35815,1.35847,1.70,1.20
2010.11.30 12:56:25.762,1.35812,1.35847,2.30,1.40
2010.11.30 12:56:25.984,1.3581,1.35844,1.70,2.40
2010.11.30 12:56:26.217,1.35817,1.35844,1.50,1.70
2010.11.30 12:56:27.840,1.35817,1.35851,1.60,1.20
2010.11.30 12:56:27.951,1.35817,1.35851,1.70,1.20
2010.11.30 12:56:28.568,1.35817,1.35851,1.70,1.20
2010.11.30 12:56:29.734,1.35817,1.35851,1.70,1.20
2010.11.30 12:56:29.963,1.35818,1.35852,1.70,1.20
2010.11.30 12:56:30.089,1.35819,1.35852,2.70,1.20
2010.11.30 12:56:30.742,1.3582,1.35852,3.20,1.20
2010.11.30 12:56:30.856,1.3582,1.35852,3.20,1.20
2010.11.30 12:56:32.587,1.35824,1.35853,2.40,1.20
2010.11.30 12:56:32.713,1.35824,1.35858,2.40,1.70
2010.11.30 12:56:32.830,1.35824,1.35857,2.30,1.10
2010.11.30 12:56:33.149,1.3582,1.35857,1.70,1.10
2010.11.30 12:56:33.605,1.35823,1.35854,1.70,2.60
2010.11.30 12:56:33.721,1.35822,1.35854,2.40,2.60
2010.11.30 12:56:34.050,1.35822,1.35854,2.40,2.60
2010.11.30 12:56:35.524,1.3582,1.35854,2.80,2.60
2010.11.30 12:56:36.110,1.3582,1.35854,1.60,2.60
2010.11.30 12:56:36.662,1.35819,1.35853,1.70,1.10
2010.11.30 12:56:37.093,1.35821,1.35853,1.70,2.40
2010.11.30 12:56:37.703,1.35815,1.35853,1.70,2.80
2010.11.30 12:56:38.174,1.35815,1.35851,1.60,1.10
2010.11.30 12:56:39.265,1.35815,1.35843,1.70,2.40
2010.11.30 12:56:39.382,1.35819,1.3585,1.70,1.30
2010.11.30 12:56:40.101,1.35819,1.35848,1.80,1.20
2010.11.30 12:56:40.216,1.35812,1.35844,2.40,2.40
2010.11.30 12:56:40.441,1.35812,1.35844,1.10,2.40
2010.11.30 12:56:40.875,1.35816,1.35844,1.10,1.70
2010.11.30 12:56:40.998,1.35817,1.35851,1.10,1.20
2010.11.30 12:56:41.558,1.35826,1.3586,1.70,2.70
2010.11.30 12:56:41.917,1.35823,1.35853,2.50,1.10
2010.11.30 12:56:42.038,1.35829,1.35865,2.60,1.70
2010.11.30 12:56:42.262,1.35829,1.35865,1.50,3.40
2010.11.30 12:56:42.707,1.35822,1.35854,3.20,1.70
2010.11.30 12:56:43.608,1.35819,1.35854,1.50,2.90
2010.11.30 12:56:43.782,1.35819,1.3585,1.50,1.90
2010.11.30 12:56:44.007,1.35813,1.3585,1.50,3.20
2010.11.30 12:56:44.191,1.35821,1.35844,1.70,1.70
2010.11.30 12:56:44.497,1.35829,1.35862,1.70,1.20
2010.11.30 12:56:44.611,1.35829,1.35862,1.70,1.20
2010.11.30 12:56:45.270,1.35829,1.35863,1.70,1.10
2010.11.30 12:56:48.935,1.35829,1.35863,1.80,2.30
2010.11.30 12:56:49.160,1.35829,1.35865,3.30,5.60
2010.11.30 12:56:49.271,1.3583,1.35865,1.70,5.60
2010.11.30 12:56:49.603,1.35829,1.35865,3.20,5.70
2010.11.30 12:56:49.931,1.35823,1.3586,1.50,2.40
2010.11.30 12:56:50.041,1.35823,1.35857,1.50,2.40
2010.11.30 12:56:52.014,1.35823,1.35853,1.50,1.70
2010.11.30 12:56:52.247,1.35818,1.35849,1.70,2.40
2010.11.30 12:56:52.582,1.35815,1.3585,3.00,2.80
2010.11.30 12:56:52.945,1.35813,1.35848,1.80,2.30
2010.11.30 12:56:53.062,1.3581,1.35842,1.50,2.60
2010.11.30 12:56:53.175,1.3581,1.35842,1.50,2.60
2010.11.30 12:56:53.907,1.35811,1.35852,1.20,1.10
2010.11.30 12:56:54.675,1.35811,1.35847,1.50,2.30
2010.11.30 12:56:54.831,1.35814,1.35851,1.50,3.90
2010.11.30 12:56:54.945,1.35818,1.35851,1.70,1.50
2010.11.30 12:56:55.509,1.35823,1.35854,1.50,1.20
2010.11.30 12:56:55.847,1.35835,1.35867,1.70,3.80
2010.11.30 12:56:55.965,1.35835,1.35861,2.40,1.10
2010.11.30 12:56:56.326,1.35827,1.35858,1.50,2.40
2010.11.30 12:56:56.451,1.35824,1.3586,1.50,2.60
2010.11.30 12:56:56.563,1.35824,1.35856,1.50,4.00
2010.11.30 12:56:56.674,1.3582,1.35849,1.50,2.40
2010.11.30 12:56:59.380,1.35823,1.35849,1.50,1.70
2010.11.30 12:57:02.584,1.35823,1.35849,1.50,1.80
2010.11.30 12:57:02.931,1.3582,1.35849,1.50,2.40
2010.11.30 12:57:03.347,1.35824,1.35855,1.70,1.10
2010.11.30 12:57:03.466,1.3583,1.35866,1.50,1.10
2010.11.30 12:57:03.582,1.35829,1.35866,1.50,1.10
2010.11.30 12:57:03.912,1.35836,1.35865,1.50,1.10
2010.11.30 12:57:04.672,1.35836,1.35867,1.50,1.50
2010.11.30 12:57:05.156,1.35836,1.3586,1.50,2.00
2010.11.30 12:57:05.278,1.35836,1.3586,1.50,1.80
2010.11.30 12:57:05.391,1.35831,1.3586,1.50,1.80
2010.11.30 12:57:06.390,1.35831,1.3586,1.50,1.80
2010.11.30 12:57:07.135,1.35831,1.3586,1.50,1.80
2010.11.30 12:57:07.251,1.35831,1.3586,1.50,1.70
2010.11.30 12:57:07.664,1.35831,1.3586,1.70,1.70
2010.11.30 12:57:07.831,1.35837,1.35869,1.50,1.10
2010.11.30 12:57:08.165,1.35837,1.35867,1.50,1.10
2010.11.30 12:57:08.583,1.35837,1.35867,1.50,1.30
2010.11.30 12:57:09.360,1.35837,1.35867,1.50,1.30
2010.11.30 12:57:09.692,1.35837,1.3587,1.50,2.60
2010.11.30 12:57:09.810,1.35841,1.3587,1.50,2.00
2010.11.30 12:57:10.144,1.35841,1.3587,1.50,1.80
2010.11.30 12:57:10.767,1.35841,1.3587,1.50,1.80
2010.11.30 12:57:11.392,1.35841,1.3587,1.50,1.80
2010.11.30 12:57:12.177,1.35841,1.3587,1.50,1.80
2010.11.30 12:57:13.636,1.35835,1.35857,1.50,1.70
2010.11.30 12:57:13.774,1.35834,1.35857,1.50,1.70
2010.11.30 12:57:18.853,1.35832,1.35857,1.50,1.70
2010.11.30 12:57:18.965,1.3583,1.35857,1.50,1.80
2010.11.30 12:57:19.775,1.3583,1.35857,1.50,2.00
2010.11.30 12:57:20.033,1.35823,1.35855,1.50,2.40
2010.11.30 12:57:20.141,1.35823,1.35855,1.50,2.50
2010.11.30 12:57:20.413,1.3582,1.35855,1.50,2.80
2010.11.30 12:57:20.537,1.35818,1.35853,1.50,1.10
2010.11.30 12:57:20.766,1.35818,1.35851,1.90,2.30
2010.11.30 12:57:20.994,1.35823,1.35852,1.50,1.10
2010.11.30 12:57:28.113,1.35823,1.3586,1.60,2.40
2010.11.30 12:57:28.223,1.35828,1.3586,1.50,2.60
2010.11.30 12:57:28.737,1.35824,1.35856,1.50,1.50
2010.11.30 12:57:28.852,1.35824,1.35856,1.50,2.50
2010.11.30 12:57:31.597,1.35821,1.35853,1.50,1.10
2010.11.30 12:57:33.372,1.35821,1.35852,1.50,2.40
2010.11.30 12:57:34.142,1.35821,1.35852,1.50,2.60
2010.11.30 12:57:34.990,1.35821,1.35852,1.50,2.60
2010.11.30 12:57:35.527,1.35817,1.35852,2.40,1.10
2010.11.30 12:57:35.753,1.3581,1.35846,1.70,2.30
2010.11.30 12:57:36.067,1.35813,1.35847,1.70,4.10
2010.11.30 12:57:38.231,1.35816,1.35842,1.10,1.50
2010.11.30 12:57:38.378,1.35809,1.35842,2.40,1.50
2010.11.30 12:57:38.494,1.35804,1.35844,1.50,2.40
2010.11.30 12:57:40.482,1.35809,1.35844,1.70,2.80
2010.11.30 12:57:41.973,1.35809,1.35843,1.80,2.30
2010.11.30 12:57:42.546,1.35809,1.35843,1.80,2.60
2010.11.30 12:57:42.770,1.35804,1.35842,1.70,1.10
2010.11.30 12:57:43.389,1.35807,1.35843,1.10,2.40
2010.11.30 12:57:44.704,1.35809,1.35843,1.80,2.30
2010.11.30 12:57:47.133,1.35809,1.35843,1.80,2.30
2010.11.30 12:57:47.940,1.35809,1.35843,2.60,2.30
2010.11.30 12:57:48.160,1.35809,1.35843,2.60,1.20
2010.11.30 12:57:48.491,1.35809,1.35841,2.60,1.70
2010.11.30 12:57:48.608,1.35809,1.35841,2.40,1.70
2010.11.30 12:57:49.038,1.35808,1.35841,1.50,3.40
2010.11.30 12:57:50.379,1.35814,1.35845,1.70,2.40
2010.11.30 12:57:50.493,1.35814,1.35849,2.40,1.70
2010.11.30 12:57:51.140,1.35815,1.35849,1.50,1.50
2010.11.30 12:57:51.470,1.35815,1.35849,1.50,1.10
2010.11.30 12:57:52.195,1.35815,1.35844,1.50,2.70
2010.11.30 12:57:52.316,1.35815,1.35844,1.50,2.70
2010.11.30 12:57:52.542,1.35815,1.35844,1.50,2.40
2010.11.30 12:57:53.345,1.35822,1.3585,2.40,1.20
2010.11.30 12:57:53.794,1.35837,1.35861,1.50,2.40
2010.11.30 12:57:53.919,1.35844,1.3587,1.50,1.50
2010.11.30 12:57:54.331,1.35844,1.35876,1.50,1.50
2010.11.30 12:57:54.444,1.35844,1.35876,1.50,2.30
2010.11.30 12:57:54.673,1.35844,1.35876,1.50,2.50
2010.11.30 12:57:54.782,1.35846,1.35878,1.50,2.50
2010.11.30 12:57:55.155,1.35848,1.35878,1.50,1.10
2010.11.30 12:57:55.956,1.35848,1.35869,1.50,1.50
2010.11.30 12:57:56.074,1.35842,1.35865,1.50,1.70
2010.11.30 12:57:56.191,1.35842,1.35872,1.50,1.40
2010.11.30 12:57:58.413,1.35842,1.35872,1.50,2.60
2010.11.30 12:57:58.933,1.35845,1.35872,1.50,1.70
2010.11.30 12:57:59.051,1.35845,1.35874,1.50,1.10
2010.11.30 12:57:59.605,1.35845,1.35873,1.50,1.10
2010.11.30 12:58:00.238,1.35845,1.35872,1.50,1.10
2010.11.30 12:58:00.686,1.35845,1.35875,1.50,1.10
2010.11.30 12:58:03.311,1.35845,1.35876,1.50,2.60
2010.11.30 12:58:03.788,1.3584,1.35879,1.50,4.70
2010.11.30 12:58:03.904,1.3584,1.3588,1.60,2.40
2010.11.30 12:58:04.651,1.3584,1.3587,1.70,1.40
2010.11.30 12:58:04.762,1.35833,1.35869,1.70,4.10
2010.11.30 12:58:05.425,1.35833,1.35864,1.50,1.50
2010.11.30 12:58:05.544,1.35833,1.3587,1.50,2.10
2010.11.30 12:58:07.258,1.35837,1.35871,1.50,2.80
2010.11.30 12:58:07.377,1.35837,1.35871,1.50,1.30
2010.11.30 12:58:07.602,1.35841,1.3587,1.50,1.30
2010.11.30 12:58:08.184,1.35841,1.3588,2.60,2.40
2010.11.30 12:58:08.306,1.35846,1.35883,1.50,5.70
2010.11.30 12:58:09.309,1.35846,1.35883,1.50,2.80
2010.11.30 12:58:09.531,1.35845,1.35883,1.50,2.40
2010.11.30 12:58:10.194,1.35845,1.35877,1.50,1.10
2010.11.30 12:58:10.674,1.35839,1.35876,1.50,1.50
2010.11.30 12:58:11.228,1.35839,1.35868,1.50,1.10
2010.11.30 12:58:11.461,1.35839,1.35871,1.50,1.20
2010.11.30 12:58:12.004,1.35845,1.35875,1.50,1.10
2010.11.30 12:58:12.231,1.35848,1.35885,1.50,4.80
2010.11.30 12:58:13.763,1.35845,1.35881,3.20,1.10
2010.11.30 12:58:13.887,1.35845,1.35882,2.40,2.10
2010.11.30 12:58:14.513,1.35839,1.35872,1.50,1.10
2010.11.30 12:58:16.641,1.35839,1.35872,1.50,1.90
2010.11.30 12:58:17.086,1.35832,1.35868,1.70,1.10
2010.11.30 12:58:17.221,1.35834,1.35876,3.20,2.80
2010.11.30 12:58:17.343,1.35844,1.35876,1.70,1.50
2010.11.30 12:58:17.630,1.3584,1.35876,1.50,1.50
2010.11.30 12:58:20.173,1.35838,1.35874,1.50,2.40
2010.11.30 12:58:20.283,1.35838,1.35874,1.50,2.40
2010.11.30 12:58:20.788,1.35827,1.35866,1.50,3.20
2010.11.30 12:58:20.904,1.35827,1.35866,1.50,2.40
2010.11.30 12:58:21.345,1.3583,1.35868,1.50,2.40
2010.11.30 12:58:24.651,1.35837,1.35877,1.70,2.30
2010.11.30 12:58:24.947,1.3584,1.35877,1.50,2.40
2010.11.30 12:58:25.100,1.35843,1.35872,1.50,1.70
2010.11.30 12:58:25.542,1.35845,1.35873,1.50,1.10
2010.11.30 12:58:26.246,1.35841,1.35871,1.50,1.10
2010.11.30 12:58:26.480,1.35836,1.35873,1.50,1.20
2010.11.30 12:58:26.895,1.35835,1.35873,1.50,1.20
2010.11.30 12:58:28.539,1.35842,1.35875,1.50,1.10
2010.11.30 12:58:29.123,1.35842,1.35876,1.50,1.10
2010.11.30 12:58:29.557,1.35842,1.35877,1.50,2.40
2010.11.30 12:58:30.103,1.35845,1.35879,1.70,1.20
2010.11.30 12:58:30.754,1.35851,1.35876,1.70,1.10
2010.11.30 12:58:30.875,1.35851,1.35881,1.70,1.10
2010.11.30 12:58:30.992,1.35845,1.35883,1.50,2.40
2010.11.30 12:58:31.324,1.35845,1.35884,1.50,1.10
2010.11.30 12:58:31.440,1.35849,1.35884,1.50,1.10
2010.11.30 12:58:32.257,1.35857,1.35887,1.20,2.60
2010.11.30 12:58:32.486,1.35866,1.35891,1.70,1.10
2010.11.30 12:58:32.799,1.35859,1.35891,1.50,1.10
2010.11.30 12:58:32.926,1.35868,1.35898,1.50,1.10
2010.11.30 12:58:33.044,1.35866,1.35898,1.70,1.10
2010.11.30 12:58:33.163,1.35863,1.35898,1.50,1.10
2010.11.30 12:58:34.015,1.35866,1.35898,1.70,1.30
2010.11.30 12:58:34.352,1.35866,1.35905,2.40,2.40
2010.11.30 12:58:34.697,1.35867,1.35904,1.50,1.30
2010.11.30 12:58:35.822,1.35869,1.35896,1.50,1.10
2010.11.30 12:58:37.288,1.35869,1.359,1.50,1.20
2010.11.30 12:58:37.512,1.35869,1.35904,1.50,2.10
2010.11.30 12:58:38.911,1.35869,1.35899,1.50,1.10
2010.11.30 12:58:40.291,1.35869,1.35896,1.50,1.10
2010.11.30 12:58:40.960,1.35861,1.35897,1.50,2.40
2010.11.30 12:58:41.423,1.35863,1.35897,1.70,2.30
2010.11.30 12:58:41.928,1.35864,1.35898,1.70,1.30
2010.11.30 12:58:42.043,1.35865,1.359,1.50,1.30
2010.11.30 12:58:42.628,1.35863,1.35896,2.40,1.10
2010.11.30 12:58:43.207,1.35861,1.35895,3.00,1.10
2010.11.30 12:58:43.381,1.35868,1.35901,1.50,1.10
2010.11.30 12:58:43.492,1.35869,1.35902,1.50,2.40
2010.11.30 12:58:43.735,1.3587,1.35901,1.50,3.40
2010.11.30 12:58:43.882,1.35863,1.35893,1.50,1.10
2010.11.30 12:58:43.994,1.35863,1.35896,1.50,1.30
2010.11.30 12:58:45.324,1.35863,1.35893,1.50,1.10
2010.11.30 12:58:45.774,1.3586,1.3589,1.50,1.10
2010.11.30 12:58:46.059,1.3586,1.35888,1.50,1.10
2010.11.30 12:58:46.290,1.3586,1.35894,1.70,2.50
2010.11.30 12:58:46.407,1.35866,1.35898,1.70,2.40
2010.11.30 12:58:46.830,1.35868,1.35901,1.50,1.10
2010.11.30 12:58:47.630,1.35868,1.35897,3.00,1.10
2010.11.30 12:58:48.060,1.35868,1.35904,1.50,1.30
2010.11.30 12:58:48.282,1.35865,1.35902,3.80,1.10
2010.11.30 12:58:49.365,1.35867,1.35903,1.50,1.90
2010.11.30 12:58:49.972,1.35867,1.35903,2.30,1.50
2010.11.30 12:58:50.081,1.35862,1.35902,3.20,1.10
2010.11.30 12:58:50.410,1.35863,1.359,1.70,1.30
2010.11.30 12:58:51.580,1.3586,1.359,1.70,1.30
2010.11.30 12:58:52.448,1.35866,1.35899,1.70,1.10
2010.11.30 12:58:53.493,1.3586,1.35897,3.20,2.80
2010.11.30 12:58:54.391,1.3586,1.35893,3.20,1.10
2010.11.30 12:58:54.772,1.3586,1.35896,3.20,1.20
2010.11.30 12:58:55.001,1.3586,1.35894,3.20,1.10
2010.11.30 12:58:55.111,1.3586,1.35897,3.20,5.70
2010.11.30 12:58:55.531,1.35869,1.359,1.50,1.10
2010.11.30 12:58:55.978,1.35869,1.35901,1.50,1.10
2010.11.30 12:58:56.093,1.35869,1.35899,1.50,1.30
2010.11.30 12:58:56.524,1.35873,1.35904,1.70,1.10
2010.11.30 12:58:57.288,1.3587,1.35906,2.60,1.10
2010.11.30 12:58:58.384,1.35872,1.35909,2.50,2.60
2010.11.30 12:58:59.998,1.3588,1.3591,1.50,1.10
2010.11.30 12:59:00.115,1.35884,1.35916,1.50,2.60
2010.11.30 12:59:00.664,1.3588,1.35915,1.50,2.60
2010.11.30 12:59:01.006,1.3588,1.35912,1.50,1.50
2010.11.30 12:59:01.441,1.35874,1.35905,1.50,1.70
2010.11.30 12:59:01.561,1.35869,1.359,1.50,1.70
2010.11.30 12:59:01.781,1.35868,1.35904,1.50,1.20
2010.11.30 12:59:02.282,1.35869,1.35907,1.50,1.10
2010.11.30 12:59:03.055,1.35871,1.3591,1.70,2.60
2010.11.30 12:59:03.183,1.35872,1.35911,2.50,2.50
2010.11.30 12:59:03.293,1.35877,1.35911,1.50,2.50
2010.11.30 12:59:03.937,1.35872,1.3591,1.50,6.00
2010.11.30 12:59:04.082,1.35871,1.35906,1.50,1.10
2010.11.30 12:59:04.194,1.35871,1.35901,1.50,1.10
2010.11.30 12:59:04.539,1.35863,1.35894,1.50,2.40
2010.11.30 12:59:04.651,1.35863,1.35892,1.50,2.40
2010.11.30 12:59:04.817,1.35855,1.35892,1.50,2.40
2010.11.30 12:59:04.934,1.35859,1.35893,1.90,1.30
2010.11.30 12:59:05.665,1.35863,1.35895,1.70,2.40
2010.11.30 12:59:05.781,1.35863,1.35895,1.70,2.40
2010.11.30 12:59:07.353,1.35863,1.35891,1.70,1.10
2010.11.30 12:59:07.466,1.35856,1.35893,2.40,3.00
2010.11.30 12:59:07.582,1.35857,1.35893,1.70,3.00
2010.11.30 12:59:09.821,1.35863,1.35894,1.70,2.40
2010.11.30 12:59:10.055,1.35863,1.35896,1.70,1.30
2010.11.30 12:59:10.282,1.35863,1.35898,3.20,1.10
2010.11.30 12:59:10.503,1.35863,1.359,3.20,2.70
2010.11.30 12:59:10.952,1.35867,1.359,1.50,2.60
2010.11.30 12:59:12.354,1.35867,1.359,1.50,2.70
2010.11.30 12:59:12.838,1.35867,1.359,1.50,2.50
2010.11.30 12:59:15.273,1.35869,1.35902,2.40,1.10
2010.11.30 12:59:15.383,1.35867,1.35902,1.50,1.30
2010.11.30 12:59:17.282,1.35867,1.35901,1.50,1.10
2010.11.30 12:59:17.500,1.35867,1.35902,1.50,1.10
2010.11.30 12:59:17.611,1.35871,1.35902,1.50,1.10
2010.11.30 12:59:18.806,1.35871,1.35903,1.50,2.40
2010.11.30 12:59:19.834,1.35871,1.35906,1.50,1.60
2010.11.30 12:59:21.321,1.35871,1.35903,1.50,1.10
2010.11.30 12:59:21.431,1.35871,1.359,1.50,1.10
2010.11.30 12:59:22.033,1.35872,1.35905,2.40,1.20
2010.11.30 12:59:22.873,1.35873,1.35907,1.50,1.10
2010.11.30 12:59:23.325,1.35877,1.3591,1.50,1.80
2010.11.30 12:59:23.443,1.35879,1.35911,1.50,1.50
2010.11.30 12:59:24.437,1.35881,1.35911,1.50,1.30
2010.11.30 12:59:24.944,1.35881,1.35911,1.50,1.30
2010.11.30 12:59:25.759,1.35881,1.35911,1.50,1.30
2010.11.30 12:59:26.686,1.35881,1.35911,1.50,1.50
2010.11.30 12:59:27.619,1.35881,1.35911,1.50,1.50
2010.11.30 12:59:28.614,1.35881,1.35911,1.50,1.20
2010.11.30 12:59:28.946,1.35881,1.35909,1.50,1.30
2010.11.30 12:59:29.068,1.35873,1.35902,2.40,1.30
2010.11.30 12:59:29.392,1.35872,1.35902,2.40,1.30
2010.11.30 12:59:29.549,1.3587,1.35906,1.70,1.10
2010.11.30 12:59:29.663,1.35876,1.35914,1.70,2.40
2010.11.30 12:59:29.775,1.35879,1.35912,1.50,1.10
2010.11.30 12:59:30.176,1.3588,1.35912,1.50,1.10
2010.11.30 12:59:31.124,1.3588,1.35912,1.50,1.30
2010.11.30 12:59:31.368,1.3588,1.35908,1.50,1.10
2010.11.30 12:59:32.358,1.3588,1.35912,1.50,1.10
2010.11.30 12:59:32.584,1.35879,1.35914,1.50,2.40
2010.11.30 12:59:33.014,1.35876,1.35911,1.50,1.10
2010.11.30 12:59:33.779,1.3588,1.35916,1.50,1.10
2010.11.30 12:59:34.001,1.3588,1.35912,1.50,1.10
2010.11.30 12:59:34.330,1.35879,1.35912,1.50,1.10
2010.11.30 12:59:34.440,1.35876,1.35912,1.50,1.10
2010.11.30 12:59:37.028,1.3588,1.35912,1.70,1.10
2010.11.30 12:59:37.255,1.35881,1.35913,1.50,1.30
2010.11.30 12:59:38.218,1.35881,1.35916,1.50,1.50
2010.11.30 12:59:38.662,1.35881,1.35913,1.50,1.10
2010.11.30 12:59:39.212,1.35877,1.35913,1.50,1.10
2010.11.30 12:59:39.348,1.35877,1.35915,1.50,2.60
2010.11.30 12:59:39.903,1.35877,1.35912,1.50,1.10
2010.11.30 12:59:44.303,1.35875,1.3591,1.50,1.50
2010.11.30 12:59:44.561,1.35873,1.3591,1.50,1.50
2010.11.30 12:59:45.529,1.35876,1.35908,1.70,1.40
2010.11.30 12:59:45.644,1.3587,1.35908,1.50,6.10
2010.11.30 12:59:46.172,1.3587,1.35898,1.50,1.10
2010.11.30 12:59:46.282,1.35867,1.35899,2.40,1.10
2010.11.30 12:59:46.644,1.35863,1.35897,1.50,1.10
2010.11.30 12:59:48.553,1.35855,1.35893,3.30,1.50
2010.11.30 12:59:48.662,1.35855,1.35893,3.20,2.40
2010.11.30 12:59:49.060,1.35851,1.35884,2.30,1.10
2010.11.30 12:59:51.205,1.35849,1.35884,1.50,1.50
2010.11.30 12:59:51.544,1.35849,1.35878,1.50,1.70
2010.11.30 12:59:51.663,1.35849,1.35879,1.50,1.10
2010.11.30 12:59:51.929,1.35849,1.35878,1.50,1.10
2010.11.30 12:59:52.045,1.35844,1.35883,1.50,1.30
2010.11.30 12:59:52.822,1.35855,1.35883,1.70,1.10
2010.11.30 12:59:53.156,1.35855,1.35886,1.70,1.30
2010.11.30 12:59:53.836,1.35855,1.35886,1.70,2.10
2010.11.30 12:59:54.064,1.35848,1.3588,1.50,1.10
2010.11.30 12:59:54.612,1.35845,1.35881,1.50,1.30
2010.11.30 12:59:55.397,1.35846,1.35882,2.60,1.20
2010.11.30 12:59:55.740,1.35859,1.35897,1.50,3.20
2010.11.30 12:59:56.078,1.35859,1.35897,1.50,6.20
2010.11.30 12:59:56.195,1.35864,1.35898,3.20,2.40
2010.11.30 12:59:56.946,1.35864,1.35892,1.50,1.10
2010.11.30 12:59:57.291,1.35854,1.35889,1.50,1.10
2010.11.30 12:59:57.630,1.35854,1.35888,1.50,1.10
2010.11.30 12:59:58.955,1.35853,1.35885,1.50,1.10
2010.11.30 12:59:59.466,1.35853,1.35887,1.70,1.10
2010.11.30 12:59:59.904,1.35853,1.35884,1.50,1.10
