2013.11.07 21:00:00.226,1.4204,1.4206,0.38,0.75
2013.11.07 21:00:00.466,1.4204,1.42057,0.38,0.75
2013.11.07 21:00:00.586,1.42035,1.42057,0.38,0.75
2013.11.07 21:00:01.146,1.42036,1.42057,0.38,0.75
2013.11.07 21:00:01.206,1.42036,1.42059,0.38,0.75
2013.11.07 21:00:01.386,1.42036,1.42061,0.38,0.75
2013.11.07 21:00:02.450,1.42036,1.42059,0.38,0.75
2013.11.07 21:00:02.770,1.42035,1.42049,0.38,0.75
2013.11.07 21:00:02.888,1.42033,1.42049,0.38,0.75
2013.11.07 21:00:03.007,1.42033,1.42045,0.38,0.75
2013.11.07 21:00:03.127,1.42031,1.42045,0.90,0.75
2013.11.07 21:00:03.437,1.4203,1.4204,0.68,0.75
2013.11.07 21:00:03.498,1.4203,1.42042,0.68,0.75
2013.11.07 21:00:04.038,1.4203,1.42041,0.30,0.75
2013.11.07 21:00:04.099,1.4203,1.42043,0.30,0.75
2013.11.07 21:00:04.607,1.42029,1.42043,0.30,0.75
2013.11.07 21:00:05.156,1.4203,1.42043,0.30,0.75
2013.11.07 21:00:06.325,1.4203,1.42044,0.30,0.75
2013.11.07 21:00:07.163,1.4203,1.42043,0.30,0.75
2013.11.07 21:00:07.226,1.4203,1.42045,0.30,0.75
2013.11.07 21:00:07.426,1.4203,1.42053,0.30,0.38
2013.11.07 21:00:08.147,1.4203,1.42054,0.30,0.75
2013.11.07 21:00:08.430,1.42034,1.42055,0.75,0.75
2013.11.07 21:00:08.736,1.42037,1.42055,0.75,0.75
2013.11.07 21:00:09.276,1.42038,1.42055,0.38,0.75
2013.11.07 21:00:09.813,1.42038,1.42054,0.38,0.75
2013.11.07 21:00:12.050,1.42038,1.42055,0.38,0.75
2013.11.07 21:00:13.377,1.42038,1.42057,0.38,0.75
2013.11.07 21:00:14.076,1.42042,1.42057,0.75,0.75
2013.11.07 21:00:15.137,1.42042,1.42064,1.50,0.75
2013.11.07 21:00:15.316,1.42041,1.42061,2.25,0.19
2013.11.07 21:00:15.676,1.4204,1.42059,1.13,0.75
2013.11.07 21:00:17.240,1.42041,1.42059,0.38,0.75
2013.11.07 21:00:18.284,1.42041,1.42061,1.88,0.75
2013.11.07 21:00:19.738,1.4204,1.42061,2.25,0.75
2013.11.07 21:00:19.976,1.4204,1.42059,2.25,0.75
2013.11.07 21:00:20.531,1.42039,1.42059,1.50,0.75
2013.11.07 21:00:21.075,1.4204,1.42059,0.75,0.75
2013.11.07 21:00:21.136,1.42038,1.42059,0.75,0.75
2013.11.07 21:00:21.682,1.42037,1.42059,1.88,0.75
2013.11.07 21:00:23.690,1.42038,1.42059,0.75,0.75
2013.11.07 21:00:24.616,1.42037,1.42059,1.88,0.75
2013.11.07 21:00:30.416,1.42037,1.42051,0.38,0.75
2013.11.07 21:00:30.476,1.42033,1.42053,1.50,0.75
2013.11.07 21:00:30.657,1.42033,1.42051,0.75,0.75
2013.11.07 21:00:30.717,1.4203,1.42051,0.30,0.75
2013.11.07 21:00:35.136,1.4203,1.4205,0.30,0.75
2013.11.07 21:00:38.976,1.42029,1.4205,0.30,0.38
2013.11.07 21:00:39.228,1.42029,1.42048,0.30,0.75
2013.11.07 21:00:39.586,1.4203,1.42041,0.30,0.75
2013.11.07 21:00:39.646,1.4203,1.42045,0.30,0.75
2013.11.07 21:00:39.706,1.4203,1.42048,0.30,0.75
2013.11.07 21:00:39.947,1.42029,1.42043,0.30,0.75
2013.11.07 21:00:40.666,1.4203,1.4204,0.30,0.75
2013.11.07 21:00:41.236,1.42029,1.4204,0.30,0.75
2013.11.07 21:00:41.776,1.4203,1.4204,0.30,0.94
2013.11.07 21:00:42.105,1.4203,1.42038,0.30,0.75
2013.11.07 21:00:42.646,1.42017,1.42038,0.75,0.75
2013.11.07 21:00:43.297,1.42014,1.42038,0.75,0.75
2013.11.07 21:00:43.566,1.42014,1.4204,0.75,0.19
2013.11.07 21:00:44.036,1.42014,1.42037,0.75,0.75
2013.11.07 21:00:46.144,1.42014,1.4204,0.75,0.19
2013.11.07 21:00:46.385,1.42014,1.42042,0.38,0.75
2013.11.07 21:00:46.968,1.42014,1.42038,0.38,0.75
2013.11.07 21:00:47.457,1.42012,1.42037,0.75,0.19
2013.11.07 21:00:47.995,1.42011,1.42037,1.13,0.19
2013.11.07 21:00:49.777,1.4201,1.42037,1.88,0.19
2013.11.07 21:00:50.776,1.4201,1.42036,0.38,0.75
2013.11.07 21:00:51.442,1.4201,1.42037,0.38,0.94
2013.11.07 21:00:52.167,1.4201,1.42034,0.38,0.75
2013.11.07 21:00:56.782,1.4201,1.42036,1.13,2.25
2013.11.07 21:00:57.206,1.42006,1.42036,1.50,0.75
2013.11.07 21:00:57.609,1.42012,1.42036,0.75,0.75
2013.11.07 21:00:57.847,1.42015,1.42042,0.75,1.05
2013.11.07 21:00:58.326,1.42017,1.42042,0.38,0.75
2013.11.07 21:00:59.735,1.42019,1.42042,0.38,0.75
2013.11.07 21:01:00.116,1.4202,1.42045,0.75,1.32
2013.11.07 21:01:00.627,1.42021,1.42045,0.38,0.94
2013.11.07 21:01:00.686,1.42023,1.42047,1.13,0.38
2013.11.07 21:01:01.245,1.42024,1.42048,0.38,0.75
2013.11.07 21:01:01.686,1.42028,1.42048,0.75,0.75
2013.11.07 21:01:02.046,1.42033,1.42047,0.75,0.75
2013.11.07 21:01:03.226,1.42033,1.42045,0.75,0.75
2013.11.07 21:01:04.756,1.42032,1.42045,0.75,0.75
2013.11.07 21:01:05.116,1.42026,1.42034,0.75,0.75
2013.11.07 21:01:05.421,1.42031,1.42045,0.75,1.32
2013.11.07 21:01:05.976,1.42021,1.42036,1.35,0.75
2013.11.07 21:01:08.976,1.42028,1.42033,0.75,0.75
2013.11.07 21:01:09.096,1.42022,1.42033,0.75,0.75
2013.11.07 21:01:09.160,1.42022,1.42029,0.75,0.75
2013.11.07 21:01:09.468,1.42017,1.42029,0.75,0.75
2013.11.07 21:01:09.528,1.42015,1.42029,0.75,0.75
2013.11.07 21:01:09.948,1.42015,1.42026,0.75,0.75
2013.11.07 21:01:10.600,1.42014,1.42026,0.75,0.75
2013.11.07 21:01:11.273,1.42014,1.42027,0.75,0.75
2013.11.07 21:01:11.776,1.42014,1.42028,0.75,0.75
2013.11.07 21:01:13.676,1.42016,1.42029,0.75,0.75
2013.11.07 21:01:14.278,1.42016,1.4203,0.75,1.50
2013.11.07 21:01:18.966,1.42018,1.4203,0.75,0.75
2013.11.07 21:01:19.206,1.42018,1.42032,0.75,1.50
2013.11.07 21:01:30.776,1.42017,1.42033,0.75,0.75
2013.11.07 21:01:31.584,1.42015,1.42029,0.75,0.75
2013.11.07 21:01:32.407,1.42016,1.42032,0.75,1.50
2013.11.07 21:01:32.976,1.42015,1.42029,0.75,0.75
2013.11.07 21:01:33.036,1.42016,1.42032,0.75,1.50
2013.11.07 21:01:33.585,1.42016,1.42031,0.75,0.75
2013.11.07 21:01:35.006,1.42015,1.42029,0.75,0.75
2013.11.07 21:01:35.396,1.42016,1.42032,0.75,0.75
2013.11.07 21:01:35.916,1.42017,1.42033,0.75,0.75
2013.11.07 21:01:37.426,1.4202,1.42034,0.75,1.50
2013.11.07 21:01:38.976,1.4202,1.42031,0.75,0.75
2013.11.07 21:01:39.336,1.4202,1.42028,0.75,0.75
2013.11.07 21:01:39.487,1.4202,1.42031,0.75,0.75
2013.11.07 21:01:44.896,1.42022,1.42031,0.75,0.75
2013.11.07 21:01:46.579,1.42022,1.42033,0.75,0.75
2013.11.07 21:01:55.226,1.42022,1.42036,0.75,1.50
2013.11.07 21:01:55.586,1.42024,1.42038,0.75,0.75
2013.11.07 21:01:55.955,1.42026,1.4204,0.75,0.75
2013.11.07 21:01:56.076,1.42024,1.42039,0.38,0.75
2013.11.07 21:01:56.516,1.42024,1.42036,0.38,0.75
2013.11.07 21:01:58.466,1.42022,1.42036,0.75,0.75
2013.11.07 21:01:58.766,1.42024,1.42035,0.38,0.75
2013.11.07 21:01:58.946,1.42024,1.42038,0.38,0.75
2013.11.07 21:02:04.936,1.42024,1.42039,0.38,0.75
2013.11.07 21:02:05.116,1.42027,1.42039,0.38,0.75
2013.11.07 21:02:09.577,1.42028,1.42039,1.50,0.75
2013.11.07 21:02:09.940,1.42036,1.42044,0.38,0.75
2013.11.07 21:02:09.996,1.42031,1.42044,0.38,0.75
2013.11.07 21:02:10.176,1.42028,1.4204,0.38,0.75
2013.11.07 21:02:10.766,1.4203,1.4204,0.38,0.75
2013.11.07 21:02:12.397,1.42029,1.4204,0.38,0.75
2013.11.07 21:02:15.436,1.42029,1.42043,1.13,0.75
2013.11.07 21:02:15.496,1.42031,1.42043,0.38,0.75
2013.11.07 21:02:15.556,1.42032,1.42046,0.75,0.75
2013.11.07 21:02:30.226,1.42034,1.42048,0.75,0.75
2013.11.07 21:02:34.926,1.42034,1.42044,0.75,0.75
2013.11.07 21:02:35.477,1.42034,1.42043,0.75,0.75
2013.11.07 21:02:36.516,1.42031,1.42043,0.75,0.75
2013.11.07 21:02:38.157,1.42031,1.42039,0.75,0.75
2013.11.07 21:02:38.287,1.42029,1.42039,0.75,0.75
2013.11.07 21:02:39.436,1.42029,1.42042,0.75,0.75
2013.11.07 21:02:44.996,1.42031,1.42042,0.75,0.75
2013.11.07 21:02:45.297,1.42034,1.42044,0.75,0.75
2013.11.07 21:02:45.476,1.4203,1.42044,1.13,0.75
2013.11.07 21:02:45.536,1.42033,1.42044,0.75,0.75
2013.11.07 21:02:46.076,1.42032,1.42044,0.75,0.75
2013.11.07 21:02:46.196,1.4203,1.42044,1.13,0.75
2013.11.07 21:02:46.376,1.42035,1.42044,0.75,0.75
2013.11.07 21:02:46.501,1.42032,1.42044,0.75,0.75
2013.11.07 21:02:47.908,1.4203,1.42041,0.75,0.75
2013.11.07 21:02:47.968,1.4203,1.42045,0.75,0.75
2013.11.07 21:02:51.186,1.42029,1.42043,0.75,0.75
2013.11.07 21:02:51.560,1.42031,1.42045,0.75,1.50
2013.11.07 21:02:52.646,1.42029,1.42043,0.75,0.75
2013.11.07 21:02:53.687,1.42029,1.42042,0.75,0.75
2013.11.07 21:02:57.047,1.42027,1.42041,0.75,0.75
2013.11.07 21:02:57.496,1.4203,1.42042,0.75,0.75
2013.11.07 21:02:57.556,1.42028,1.42042,0.75,1.50
2013.11.07 21:03:00.376,1.42031,1.42042,0.75,0.75
2013.11.07 21:03:00.516,1.42028,1.42042,0.75,1.50
2013.11.07 21:03:01.457,1.42027,1.42042,0.75,0.75
2013.11.07 21:03:02.089,1.42026,1.42042,0.75,1.50
2013.11.07 21:03:02.163,1.42029,1.42045,0.75,1.88
2013.11.07 21:03:02.476,1.42028,1.42042,0.38,0.75
2013.11.07 21:03:02.937,1.42034,1.42045,0.75,0.75
2013.11.07 21:03:03.426,1.42034,1.42048,0.75,0.75
2013.11.07 21:03:03.487,1.42036,1.42052,0.75,1.50
2013.11.07 21:03:03.847,1.42037,1.4205,0.75,0.75
2013.11.07 21:03:04.367,1.42036,1.4205,0.75,1.50
2013.11.07 21:03:05.956,1.42037,1.4205,0.38,0.75
2013.11.07 21:03:06.076,1.42037,1.42052,0.75,0.75
2013.11.07 21:03:06.617,1.42038,1.42051,0.75,0.75
2013.11.07 21:03:19.717,1.42038,1.42054,0.75,1.50
2013.11.07 21:03:21.531,1.42042,1.42054,0.75,0.75
2013.11.07 21:03:22.316,1.42041,1.42054,0.75,0.75
2013.11.07 21:03:24.357,1.4204,1.42054,0.75,1.50
2013.11.07 21:03:27.856,1.42041,1.42054,0.75,0.75
2013.11.07 21:03:30.596,1.42039,1.42054,0.75,0.75
2013.11.07 21:03:30.764,1.42042,1.42054,0.75,0.75
2013.11.07 21:03:31.897,1.42042,1.42053,0.75,0.75
2013.11.07 21:03:36.467,1.42039,1.42053,0.75,0.75
2013.11.07 21:03:37.756,1.42041,1.42053,0.75,0.75
2013.11.07 21:03:38.116,1.42041,1.4205,0.75,0.75
2013.11.07 21:03:41.547,1.42038,1.4205,0.75,0.75
2013.11.07 21:03:41.726,1.42041,1.4205,0.75,0.75
2013.11.07 21:03:41.907,1.42041,1.42053,0.75,0.75
2013.11.07 21:03:42.568,1.42041,1.4205,0.75,0.75
2013.11.07 21:03:43.136,1.42038,1.4205,0.75,0.75
2013.11.07 21:03:43.498,1.42036,1.4205,0.75,0.75
2013.11.07 21:03:44.769,1.42036,1.42049,0.75,0.75
2013.11.07 21:03:46.046,1.42035,1.42049,1.13,1.50
2013.11.07 21:03:46.976,1.42037,1.42049,0.75,0.75
2013.11.07 21:03:47.216,1.42037,1.42053,0.75,0.75
2013.11.07 21:03:50.676,1.42036,1.4205,0.75,0.75
2013.11.07 21:03:51.446,1.42038,1.42052,0.75,0.75
2013.11.07 21:03:51.567,1.42035,1.42051,0.75,0.75
2013.11.07 21:03:53.626,1.42035,1.4205,0.75,0.75
2013.11.07 21:03:53.686,1.42038,1.4205,0.75,0.75
2013.11.07 21:03:55.497,1.42038,1.42047,0.75,0.75
2013.11.07 21:03:55.738,1.42035,1.42047,0.75,0.75
2013.11.07 21:03:58.936,1.42035,1.42046,0.75,0.75
2013.11.07 21:03:59.237,1.42035,1.42049,0.75,0.75
2013.11.07 21:03:59.567,1.42032,1.42048,0.75,0.75
2013.11.07 21:03:59.631,1.42031,1.42045,0.75,0.75
2013.11.07 21:04:00.446,1.42033,1.42047,0.75,0.75
2013.11.07 21:04:01.986,1.42033,1.42045,0.75,0.75
2013.11.07 21:04:02.318,1.42033,1.42043,0.75,0.75
2013.11.07 21:04:02.786,1.42027,1.42047,1.13,1.50
2013.11.07 21:04:04.907,1.42027,1.42046,1.13,2.25
2013.11.07 21:04:06.533,1.42027,1.42046,1.13,2.25
2013.11.07 21:04:06.776,1.42031,1.4205,1.13,1.50
2013.11.07 21:04:06.836,1.42031,1.4205,1.13,1.50
2013.11.07 21:04:08.026,1.42027,1.4205,1.50,1.50
2013.11.07 21:04:08.086,1.42027,1.42048,1.50,1.50
2013.11.07 21:04:14.938,1.42026,1.42046,1.13,1.50
2013.11.07 21:04:19.886,1.42026,1.42045,1.13,1.50
2013.11.07 21:04:20.846,1.42026,1.42044,1.13,1.50
2013.11.07 21:04:24.774,1.42026,1.42044,1.13,1.50
2013.11.07 21:04:26.204,1.42025,1.42044,1.13,1.50
2013.11.07 21:04:26.476,1.42025,1.42044,1.13,1.50
2013.11.07 21:04:30.736,1.42025,1.42044,1.13,1.50
2013.11.07 21:04:31.156,1.42024,1.42043,1.50,1.50
2013.11.07 21:04:32.707,1.42025,1.42049,1.13,1.88
2013.11.07 21:04:35.946,1.42025,1.42049,1.13,2.25
2013.11.07 21:04:36.356,1.42025,1.42049,1.13,2.25
2013.11.07 21:04:51.316,1.42028,1.42049,1.13,1.50
2013.11.07 21:04:51.937,1.42025,1.42044,1.13,1.50
2013.11.07 21:04:54.447,1.42025,1.42049,1.13,1.50
2013.11.07 21:04:54.806,1.42025,1.42049,1.13,1.50
2013.11.07 21:04:55.378,1.42024,1.42045,1.50,1.50
2013.11.07 21:04:58.146,1.42024,1.42043,1.50,1.50
2013.11.07 21:05:00.989,1.42027,1.42043,1.13,1.50
2013.11.07 21:05:01.326,1.42024,1.42043,1.50,1.50
2013.11.07 21:05:02.306,1.42027,1.42043,1.13,1.50
2013.11.07 21:05:02.892,1.42024,1.42043,1.50,1.50
2013.11.07 21:05:04.227,1.42024,1.42043,1.13,1.50
2013.11.07 21:05:04.587,1.42016,1.42038,2.63,1.50
2013.11.07 21:05:05.222,1.42017,1.42037,1.13,1.50
2013.11.07 21:05:05.737,1.42017,1.42041,1.13,1.50
2013.11.07 21:05:08.247,1.42022,1.42043,1.13,1.50
2013.11.07 21:05:09.006,1.42021,1.42043,1.13,1.50
2013.11.07 21:05:10.306,1.42021,1.42042,1.13,1.50
2013.11.07 21:05:12.636,1.42022,1.42041,1.13,1.50
2013.11.07 21:05:13.097,1.42018,1.42039,1.13,1.50
2013.11.07 21:05:32.686,1.42019,1.42043,1.50,1.50
2013.11.07 21:05:32.869,1.42023,1.42044,1.50,1.13
2013.11.07 21:05:32.927,1.42023,1.42044,1.50,1.13
2013.11.07 21:05:34.857,1.42022,1.42044,1.13,1.13
2013.11.07 21:05:35.216,1.42019,1.42044,1.50,1.50
2013.11.07 21:05:35.276,1.42019,1.42044,1.50,1.50
2013.11.07 21:05:36.226,1.42019,1.42044,1.50,1.13
2013.11.07 21:05:37.213,1.42019,1.42044,1.50,1.13
2013.11.07 21:05:37.653,1.42019,1.42044,1.50,1.13
2013.11.07 21:05:39.236,1.42017,1.42039,1.88,1.13
2013.11.07 21:05:39.357,1.42016,1.42039,1.13,1.13
2013.11.07 21:05:39.536,1.42018,1.42043,1.88,1.13
2013.11.07 21:05:39.896,1.42018,1.42039,1.13,1.50
2013.11.07 21:05:40.016,1.42016,1.42038,1.13,1.50
2013.11.07 21:05:40.789,1.42016,1.42037,1.13,1.50
2013.11.07 21:05:41.098,1.42016,1.42035,1.13,1.13
2013.11.07 21:05:41.158,1.42016,1.42035,1.13,1.88
2013.11.07 21:05:41.277,1.42009,1.42032,1.13,1.50
2013.11.07 21:05:41.337,1.42008,1.42031,1.13,1.50
2013.11.07 21:05:41.457,1.42005,1.42029,1.13,1.13
2013.11.07 21:05:41.517,1.42005,1.42029,1.13,1.88
2013.11.07 21:05:41.698,1.4201,1.42031,1.13,1.50
2013.11.07 21:05:42.236,1.42011,1.42027,1.13,1.50
2013.11.07 21:05:42.781,1.4201,1.42029,1.50,1.50
2013.11.07 21:05:43.077,1.42011,1.42035,1.13,1.13
2013.11.07 21:05:43.257,1.42009,1.42029,1.13,1.50
2013.11.07 21:05:43.676,1.42005,1.42028,1.50,1.13
2013.11.07 21:05:44.167,1.42009,1.42027,1.13,1.50
2013.11.07 21:05:44.646,1.42006,1.42027,1.13,1.50
2013.11.07 21:05:51.017,1.42005,1.42028,1.50,1.50
2013.11.07 21:05:52.586,1.42004,1.42025,1.13,1.50
2013.11.07 21:05:53.079,1.42004,1.42025,1.13,1.50
2013.11.07 21:05:53.439,1.42009,1.4203,1.13,1.50
2013.11.07 21:05:53.497,1.42011,1.4203,1.13,1.50
2013.11.07 21:05:54.327,1.42011,1.42033,1.13,1.50
2013.11.07 21:05:54.686,1.42015,1.42033,1.13,1.50
2013.11.07 21:05:55.059,1.42012,1.4203,1.13,1.50
2013.11.07 21:05:57.737,1.4201,1.4203,1.13,1.50
2013.11.07 21:05:59.207,1.42008,1.4203,1.88,1.50
2013.11.07 21:05:59.689,1.42012,1.42033,1.13,1.50
2013.11.07 21:05:59.806,1.42012,1.42033,1.13,1.50
2013.11.07 21:06:00.426,1.42017,1.42035,1.13,1.88
2013.11.07 21:06:00.748,1.42017,1.42035,1.13,1.88
2013.11.07 21:06:00.807,1.42017,1.42035,1.13,1.88
2013.11.07 21:06:01.556,1.42015,1.42035,1.13,1.13
2013.11.07 21:06:01.867,1.42015,1.42032,1.13,1.50
2013.11.07 21:06:02.228,1.42014,1.42032,1.88,1.50
2013.11.07 21:06:02.588,1.42014,1.42032,1.88,1.50
2013.11.07 21:06:03.069,1.42011,1.42032,1.50,1.13
2013.11.07 21:06:03.127,1.42011,1.42032,1.50,1.13
2013.11.07 21:06:03.746,1.4201,1.42032,1.50,1.13
2013.11.07 21:06:04.886,1.4201,1.4203,1.50,1.50
2013.11.07 21:06:05.276,1.42009,1.4203,1.13,1.50
2013.11.07 21:06:05.456,1.4201,1.4203,1.13,1.50
2013.11.07 21:06:06.041,1.4201,1.4203,1.13,1.50
2013.11.07 21:06:06.508,1.4201,1.42028,1.13,1.50
2013.11.07 21:06:06.687,1.4201,1.42029,1.13,1.50
2013.11.07 21:06:07.206,1.4201,1.42028,1.13,1.50
2013.11.07 21:06:07.267,1.42009,1.42029,1.13,1.50
2013.11.07 21:06:07.806,1.42011,1.42028,1.50,1.50
2013.11.07 21:06:08.666,1.42008,1.42028,1.13,1.50
2013.11.07 21:06:11.440,1.42008,1.4203,1.13,1.50
2013.11.07 21:06:14.388,1.42002,1.42027,2.07,1.88
2013.11.07 21:06:14.447,1.42009,1.42029,1.50,1.50
2013.11.07 21:06:14.807,1.42006,1.42026,1.13,1.50
2013.11.07 21:06:15.126,1.42007,1.42029,1.50,1.88
2013.11.07 21:06:15.186,1.42007,1.42029,1.13,1.88
2013.11.07 21:06:16.352,1.42002,1.42024,1.13,1.88
2013.11.07 21:06:16.418,1.42002,1.42024,1.13,1.88
2013.11.07 21:06:16.596,1.41998,1.42023,2.25,1.50
2013.11.07 21:06:16.916,1.41998,1.42023,1.88,1.50
2013.11.07 21:06:35.974,1.42001,1.42025,1.50,1.50
2013.11.07 21:06:39.257,1.42003,1.42028,1.50,1.13
2013.11.07 21:06:40.016,1.42001,1.42025,1.50,1.88
2013.11.07 21:06:43.040,1.42,1.42021,1.13,1.50
2013.11.07 21:06:43.217,1.42,1.42024,1.13,1.50
2013.11.07 21:06:44.577,1.41999,1.42018,1.13,1.50
2013.11.07 21:06:44.879,1.41992,1.42007,2.10,1.50
2013.11.07 21:06:45.188,1.41991,1.42005,1.35,1.50
2013.11.07 21:06:45.249,1.41991,1.42005,1.35,1.50
2013.11.07 21:06:45.787,1.41988,1.42006,1.13,1.50
2013.11.07 21:06:46.027,1.41992,1.42008,1.13,1.50
2013.11.07 21:06:46.207,1.41993,1.4201,1.13,1.50
2013.11.07 21:06:46.712,1.41994,1.42014,1.13,1.50
2013.11.07 21:06:47.037,1.41993,1.4201,1.13,1.50
2013.11.07 21:06:47.555,1.41993,1.4201,1.13,1.50
2013.11.07 21:06:48.096,1.41993,1.42014,1.13,1.50
2013.11.07 21:06:49.116,1.41993,1.4201,1.13,1.50
2013.11.07 21:06:49.178,1.41993,1.4201,1.13,1.50
2013.11.07 21:06:49.476,1.41992,1.42009,1.13,1.50
2013.11.07 21:06:49.536,1.41992,1.42009,1.13,1.50
2013.11.07 21:06:52.568,1.41992,1.42008,1.13,1.50
2013.11.07 21:06:52.808,1.41993,1.42009,1.13,1.50
2013.11.07 21:06:53.106,1.41989,1.42013,1.28,1.88
2013.11.07 21:06:53.557,1.41989,1.42013,1.28,1.88
2013.11.07 21:06:53.677,1.41989,1.42009,1.28,1.50
2013.11.07 21:06:53.856,1.41986,1.42011,1.88,1.50
2013.11.07 21:06:53.976,1.41987,1.42011,1.50,1.50
2013.11.07 21:06:54.516,1.41987,1.42012,3.60,1.50
2013.11.07 21:06:55.019,1.41987,1.4201,1.35,1.50
2013.11.07 21:06:55.377,1.41989,1.42011,1.13,1.50
2013.11.07 21:06:56.036,1.41989,1.42009,1.13,1.50
2013.11.07 21:06:56.276,1.41987,1.42008,1.13,1.50
2013.11.07 21:06:56.336,1.41987,1.42008,1.13,1.50
2013.11.07 21:06:56.967,1.41987,1.42008,1.13,1.50
2013.11.07 21:06:57.087,1.41986,1.42008,1.13,1.50
2013.11.07 21:06:57.857,1.41988,1.42008,1.13,1.50
2013.11.07 21:06:58.638,1.41993,1.4201,1.13,1.50
2013.11.07 21:06:58.699,1.41993,1.42014,1.50,1.13
2013.11.07 21:06:59.081,1.41993,1.42014,1.50,1.13
2013.11.07 21:06:59.155,1.4199,1.42012,1.13,1.13
2013.11.07 21:07:00.967,1.41989,1.42015,1.88,1.13
2013.11.07 21:07:01.148,1.41988,1.42013,1.13,2.25
2013.11.07 21:07:01.207,1.41988,1.42013,1.13,2.25
2013.11.07 21:07:02.747,1.41988,1.42013,1.13,1.50
2013.11.07 21:07:05.317,1.41994,1.42014,1.13,1.50
2013.11.07 21:07:05.748,1.41995,1.42013,1.13,1.50
2013.11.07 21:07:06.297,1.41998,1.42015,1.13,1.50
2013.11.07 21:07:06.657,1.42,1.4202,1.13,1.50
2013.11.07 21:07:07.088,1.42,1.4202,1.13,1.50
2013.11.07 21:07:07.566,1.42,1.4202,1.88,1.50
2013.11.07 21:07:08.937,1.41999,1.42018,1.13,1.50
2013.11.07 21:07:08.997,1.41999,1.42017,1.13,1.88
2013.11.07 21:07:09.356,1.41999,1.42015,1.13,1.50
2013.11.07 21:07:11.217,1.41999,1.42016,1.13,1.50
2013.11.07 21:07:11.771,1.42,1.42016,1.13,1.50
2013.11.07 21:07:14.038,1.42,1.42016,1.13,1.50
2013.11.07 21:07:16.577,1.42,1.42016,1.13,1.50
2013.11.07 21:07:18.738,1.42,1.42016,1.13,1.50
2013.11.07 21:07:19.359,1.41999,1.42014,1.13,1.50
2013.11.07 21:07:21.397,1.41999,1.42014,1.13,1.50
2013.11.07 21:07:23.167,1.41999,1.42013,1.13,1.13
2013.11.07 21:07:23.347,1.41993,1.42011,1.13,1.13
2013.11.07 21:07:24.008,1.41995,1.42012,1.13,1.50
2013.11.07 21:07:27.639,1.41996,1.42016,1.13,1.50
2013.11.07 21:07:27.698,1.41996,1.42016,1.13,1.50
2013.11.07 21:07:28.787,1.41999,1.42016,1.13,1.50
2013.11.07 21:07:32.230,1.41999,1.42019,1.13,1.13
2013.11.07 21:07:38.087,1.42001,1.42019,1.13,1.50
2013.11.07 21:07:40.987,1.42001,1.42019,1.13,1.50
2013.11.07 21:07:41.616,1.42001,1.42019,1.13,1.50
2013.11.07 21:07:42.057,1.42003,1.42019,1.13,1.50
2013.11.07 21:07:42.177,1.42006,1.42022,1.13,1.50
2013.11.07 21:07:42.297,1.42006,1.42022,1.13,1.50
2013.11.07 21:07:42.357,1.42006,1.42022,1.13,1.50
2013.11.07 21:07:42.417,1.42003,1.42022,1.13,1.50
2013.11.07 21:07:44.043,1.42003,1.42024,1.13,1.88
2013.11.07 21:07:44.367,1.42002,1.42023,1.13,1.50
2013.11.07 21:07:45.247,1.42006,1.42031,1.13,1.88
2013.11.07 21:07:45.654,1.42006,1.42031,1.13,1.13
2013.11.07 21:07:46.013,1.42006,1.42031,1.13,1.13
2013.11.07 21:07:47.997,1.42006,1.42031,1.13,2.25
2013.11.07 21:08:04.498,1.42004,1.42027,1.13,1.13
2013.11.07 21:08:05.607,1.42006,1.42027,1.13,1.13
2013.11.07 21:08:05.787,1.42008,1.42028,1.13,1.13
2013.11.07 21:08:07.216,1.42008,1.42029,1.13,1.13
2013.11.07 21:08:14.627,1.42002,1.42021,1.50,1.69
2013.11.07 21:08:14.807,1.41996,1.42013,1.50,1.88
2013.11.07 21:08:15.046,1.41992,1.42012,1.50,1.13
2013.11.07 21:08:22.725,1.41986,1.42004,1.13,1.50
2013.11.07 21:08:22.788,1.41979,1.42003,1.50,1.13
2013.11.07 21:08:22.967,1.41976,1.41999,1.50,1.13
2013.11.07 21:08:23.028,1.41976,1.41996,1.13,1.50
2013.11.07 21:08:23.097,1.41974,1.41999,1.13,1.13
2013.11.07 21:08:23.157,1.41973,1.41999,1.20,1.13
2013.11.07 21:08:23.217,1.41972,1.41995,1.50,1.13
2013.11.07 21:08:23.397,1.41972,1.41999,1.50,1.50
2013.11.07 21:08:23.757,1.41972,1.41996,1.50,1.50
2013.11.07 21:08:24.297,1.41972,1.41997,1.50,2.25
2013.11.07 21:08:24.636,1.41981,1.41996,1.50,1.50
2013.11.07 21:08:24.937,1.41979,1.41995,1.13,1.88
2013.11.07 21:08:25.057,1.4197,1.41992,1.13,1.13
2013.11.07 21:08:25.357,1.41968,1.41992,1.50,1.13
2013.11.07 21:08:25.908,1.4197,1.41997,1.13,1.13
2013.11.07 21:08:27.206,1.41973,1.41997,1.50,1.13
2013.11.07 21:08:27.507,1.41973,1.41996,1.50,1.13
2013.11.07 21:08:33.358,1.41974,1.41996,1.32,1.13
2013.11.07 21:08:33.537,1.41987,1.42003,1.50,1.13
2013.11.07 21:08:33.719,1.41978,1.41999,1.50,2.25
2013.11.07 21:08:33.777,1.41974,1.41997,1.13,1.50
2013.11.07 21:08:33.957,1.41973,1.41998,1.50,1.50
2013.11.07 21:08:34.967,1.41972,1.41997,1.13,1.50
2013.11.07 21:08:35.027,1.41972,1.41997,1.13,1.50
2013.11.07 21:08:35.656,1.41971,1.41997,1.13,1.50
2013.11.07 21:08:35.897,1.41971,1.41993,1.13,2.25
2013.11.07 21:08:35.956,1.4197,1.41991,1.13,1.50
2013.11.07 21:08:36.258,1.41968,1.41995,1.50,2.63
2013.11.07 21:08:36.317,1.41968,1.41995,1.50,1.88
2013.11.07 21:08:36.497,1.41968,1.41995,1.50,2.63
2013.11.07 21:08:36.887,1.41975,1.41994,1.50,1.50
2013.11.07 21:08:37.067,1.4198,1.41996,1.50,1.50
2013.11.07 21:08:37.127,1.4198,1.41994,1.50,1.13
2013.11.07 21:08:45.307,1.41977,1.41996,1.13,1.50
2013.11.07 21:08:45.368,1.41977,1.41996,1.13,1.50
2013.11.07 21:08:52.330,1.41976,1.41998,1.50,1.50
2013.11.07 21:09:00.417,1.4198,1.42,1.13,1.88
2013.11.07 21:09:00.537,1.4198,1.42,1.13,1.13
2013.11.07 21:09:09.489,1.4198,1.41999,1.13,1.50
2013.11.07 21:09:12.537,1.41984,1.42003,1.13,1.50
2013.11.07 21:09:17.427,1.41986,1.42004,1.13,1.88
2013.11.07 21:09:20.807,1.41983,1.42001,1.13,1.13
2013.11.07 21:09:20.867,1.41983,1.42002,1.13,1.88
2013.11.07 21:09:21.347,1.41983,1.42002,1.13,1.50
2013.11.07 21:09:21.526,1.41986,1.42002,1.13,1.50
2013.11.07 21:09:25.567,1.41986,1.42002,1.13,1.50
2013.11.07 21:09:26.028,1.41986,1.42005,1.13,2.25
2013.11.07 21:09:26.406,1.41986,1.42005,1.13,2.25
2013.11.07 21:09:26.777,1.41986,1.42002,1.13,1.50
2013.11.07 21:09:26.836,1.41981,1.42002,1.13,1.50
2013.11.07 21:09:27.402,1.41984,1.42002,1.13,1.50
2013.11.07 21:09:27.846,1.4198,1.42003,1.13,1.88
2013.11.07 21:09:28.567,1.41979,1.41999,1.13,1.50
2013.11.07 21:09:28.747,1.41981,1.42,1.13,1.50
2013.11.07 21:09:28.807,1.41983,1.42001,1.13,1.88
2013.11.07 21:09:29.167,1.41981,1.41997,1.13,1.13
2013.11.07 21:09:29.407,1.41982,1.41997,1.13,1.13
2013.11.07 21:09:29.647,1.41982,1.41997,1.13,1.88
2013.11.07 21:09:30.007,1.41967,1.41989,1.88,1.13
2013.11.07 21:09:30.067,1.41967,1.41983,2.63,1.13
2013.11.07 21:09:34.226,1.41969,1.41984,1.13,1.13
2013.11.07 21:09:34.597,1.41969,1.41986,1.13,1.32
2013.11.07 21:09:35.120,1.41971,1.41989,1.13,1.13
2013.11.07 21:09:42.997,1.41968,1.41987,1.13,1.50
2013.11.07 21:09:43.308,1.41966,1.41985,1.13,1.50
2013.11.07 21:09:47.121,1.41964,1.41984,1.13,1.50
2013.11.07 21:09:48.228,1.41964,1.41986,1.13,1.50
2013.11.07 21:10:00.638,1.41966,1.41988,1.88,1.50
2013.11.07 21:10:04.317,1.41968,1.41988,1.50,1.50
2013.11.07 21:10:11.197,1.41967,1.41988,1.50,1.13
2013.11.07 21:10:11.317,1.41968,1.41987,1.50,1.50
2013.11.07 21:10:11.377,1.41966,1.41987,1.88,1.50
2013.11.07 21:10:12.069,1.41968,1.41987,1.13,1.50
2013.11.07 21:10:13.276,1.41969,1.41989,1.13,1.13
2013.11.07 21:10:14.547,1.41969,1.41987,1.13,1.13
2013.11.07 21:10:14.907,1.41969,1.41986,1.13,1.13
2013.11.07 21:10:19.888,1.4197,1.41986,1.50,1.13
2013.11.07 21:10:20.068,1.41972,1.41989,1.13,1.13
2013.11.07 21:10:20.427,1.4197,1.41989,1.88,1.13
2013.11.07 21:10:20.918,1.41972,1.41989,1.13,1.13
2013.11.07 21:10:28.282,1.41972,1.41989,1.13,1.13
2013.11.07 21:10:33.797,1.41972,1.41989,1.13,1.13
2013.11.07 21:10:34.247,1.41963,1.41979,1.13,1.13
2013.11.07 21:10:34.307,1.41961,1.41979,1.13,1.13
2013.11.07 21:10:34.428,1.41961,1.41983,1.13,1.13
2013.11.07 21:10:34.788,1.41963,1.41983,1.88,1.13
2013.11.07 21:10:34.907,1.41955,1.41977,1.50,1.13
2013.11.07 21:10:35.456,1.41955,1.41977,1.13,1.13
2013.11.07 21:10:35.517,1.41954,1.41977,1.13,1.13
2013.11.07 21:10:36.051,1.41954,1.41976,1.13,1.13
2013.11.07 21:10:36.397,1.41954,1.41976,1.13,1.13
2013.11.07 21:10:36.787,1.41955,1.41977,1.13,1.50
2013.11.07 21:10:37.317,1.41955,1.41977,1.13,1.13
2013.11.07 21:10:37.629,1.41956,1.41977,1.13,1.13
2013.11.07 21:10:37.987,1.41956,1.41977,1.13,1.13
2013.11.07 21:10:38.374,1.41955,1.41977,1.13,1.13
2013.11.07 21:10:38.617,1.41955,1.41977,1.13,1.50
2013.11.07 21:10:38.677,1.41955,1.41977,1.13,1.50
2013.11.07 21:10:39.037,1.41956,1.41977,1.13,1.50
2013.11.07 21:10:39.277,1.41956,1.41977,1.13,1.13
2013.11.07 21:10:39.337,1.41956,1.41977,1.13,1.13
2013.11.07 21:10:40.647,1.41956,1.41978,1.13,1.13
2013.11.07 21:10:44.146,1.41956,1.41977,1.13,1.13
2013.11.07 21:10:44.267,1.41956,1.41977,1.13,1.13
2013.11.07 21:10:44.627,1.41956,1.41977,1.13,1.13
2013.11.07 21:10:44.987,1.41963,1.41984,1.13,1.13
2013.11.07 21:10:45.347,1.41959,1.41978,1.13,1.13
2013.11.07 21:10:45.467,1.41959,1.41978,1.13,1.13
2013.11.07 21:10:46.067,1.4196,1.41978,1.13,1.13
2013.11.07 21:10:46.127,1.41961,1.41978,1.13,1.13
2013.11.07 21:10:46.638,1.41961,1.41978,1.13,1.13
2013.11.07 21:10:48.418,1.41959,1.41977,1.13,1.13
2013.11.07 21:10:48.597,1.41958,1.41977,1.13,1.13
2013.11.07 21:10:48.837,1.41959,1.41977,1.13,1.13
2013.11.07 21:10:48.896,1.41959,1.41978,1.13,1.13
2013.11.07 21:10:50.077,1.4196,1.41977,1.13,1.13
2013.11.07 21:10:50.291,1.4196,1.41977,1.13,1.13
2013.11.07 21:10:50.687,1.4196,1.41977,1.13,1.13
2013.11.07 21:10:50.867,1.41959,1.41973,1.13,1.13
2013.11.07 21:10:52.117,1.41956,1.4197,1.13,1.13
2013.11.07 21:10:52.704,1.41956,1.4197,1.13,1.13
2013.11.07 21:10:53.457,1.41957,1.41974,1.13,1.50
2013.11.07 21:10:53.827,1.41958,1.41974,1.13,1.13
2013.11.07 21:10:54.452,1.41958,1.41976,1.13,1.13
2013.11.07 21:10:55.159,1.41965,1.41976,2.25,1.13
2013.11.07 21:10:55.217,1.41965,1.4198,2.25,1.13
2013.11.07 21:10:55.278,1.41965,1.41984,1.50,1.13
2013.11.07 21:10:55.338,1.41967,1.41984,1.13,1.13
2013.11.07 21:10:55.637,1.41972,1.41991,1.13,1.13
2013.11.07 21:10:56.577,1.41972,1.41991,1.13,1.13
2013.11.07 21:10:56.697,1.41974,1.41991,1.13,1.13
2013.11.07 21:10:56.758,1.41974,1.41991,1.13,1.13
2013.11.07 21:10:57.547,1.41974,1.4199,1.13,1.13
2013.11.07 21:10:57.727,1.41972,1.41989,1.13,1.50
2013.11.07 21:10:57.906,1.4197,1.41986,1.13,1.13
2013.11.07 21:10:58.147,1.4197,1.41981,1.13,1.13
2013.11.07 21:10:58.327,1.41966,1.4198,1.13,1.13
2013.11.07 21:10:58.507,1.41961,1.41977,1.13,1.13
2013.11.07 21:10:58.601,1.41961,1.41977,1.13,1.13
2013.11.07 21:10:58.720,1.41961,1.41977,1.13,1.13
2013.11.07 21:10:58.837,1.41961,1.41977,1.13,1.13
2013.11.07 21:11:00.537,1.41961,1.41977,1.13,1.13
2013.11.07 21:11:01.019,1.4196,1.41977,1.13,1.13
2013.11.07 21:11:07.448,1.4196,1.41977,1.13,1.13
2013.11.07 21:11:17.486,1.41962,1.41978,1.13,1.13
2013.11.07 21:11:18.027,1.41962,1.41978,1.13,1.13
2013.11.07 21:11:25.561,1.41962,1.41978,1.13,1.13
2013.11.07 21:11:27.017,1.41962,1.41978,1.13,1.13
2013.11.07 21:11:27.209,1.41962,1.41978,1.13,1.13
2013.11.07 21:11:31.057,1.4196,1.41977,1.13,1.13
2013.11.07 21:11:31.117,1.4196,1.41974,1.13,1.50
2013.11.07 21:11:31.237,1.41959,1.41973,1.13,1.50
2013.11.07 21:11:31.478,1.41955,1.41973,1.88,1.50
2013.11.07 21:11:31.598,1.41957,1.41973,1.13,1.88
2013.11.07 21:11:32.137,1.4195,1.41968,1.13,1.13
2013.11.07 21:11:32.268,1.4195,1.41968,1.13,1.88
2013.11.07 21:11:32.328,1.4195,1.41966,1.13,1.50
2013.11.07 21:11:32.687,1.41946,1.41966,1.13,1.50
2013.11.07 21:11:32.747,1.41946,1.41965,1.13,3.00
2013.11.07 21:11:32.929,1.41946,1.41966,1.13,3.75
2013.11.07 21:11:32.987,1.41945,1.41966,1.13,3.75
2013.11.07 21:11:33.533,1.41945,1.41965,1.13,1.88
2013.11.07 21:11:34.557,1.41942,1.41961,1.13,1.13
2013.11.07 21:11:34.917,1.41936,1.41957,1.13,1.13
2013.11.07 21:11:35.008,1.41936,1.41957,1.13,1.13
2013.11.07 21:11:35.208,1.41936,1.41954,1.13,1.13
2013.11.07 21:11:35.850,1.41934,1.41957,1.13,1.88
2013.11.07 21:11:36.347,1.41934,1.41953,1.13,1.13
2013.11.07 21:11:36.407,1.41934,1.41952,1.13,1.73
2013.11.07 21:11:36.708,1.41922,1.41942,1.50,1.13
2013.11.07 21:11:36.767,1.41922,1.41942,1.50,1.13
2013.11.07 21:11:36.947,1.41923,1.41942,1.50,1.13
2013.11.07 21:11:37.596,1.41918,1.41941,1.88,1.13
2013.11.07 21:11:40.197,1.41916,1.41938,1.35,1.13
2013.11.07 21:11:41.347,1.41916,1.41938,1.35,1.13
2013.11.07 21:11:41.647,1.41916,1.41938,1.13,1.13
2013.11.07 21:11:42.007,1.41921,1.41938,1.50,2.25
2013.11.07 21:11:42.378,1.41921,1.41942,1.50,2.25
2013.11.07 21:11:42.925,1.41922,1.41942,1.50,1.50
2013.11.07 21:11:43.448,1.41922,1.41945,1.50,1.13
2013.11.07 21:11:43.627,1.41924,1.41945,1.50,1.13
2013.11.07 21:11:43.747,1.41928,1.41945,1.13,1.13
2013.11.07 21:11:43.988,1.41935,1.41953,1.13,1.50
2013.11.07 21:11:44.047,1.41937,1.41953,1.13,1.13
2013.11.07 21:11:44.357,1.41941,1.41957,1.50,1.13
2013.11.07 21:11:44.417,1.41941,1.4196,1.50,1.13
2013.11.07 21:11:44.477,1.41939,1.4196,1.50,1.13
2013.11.07 21:11:44.537,1.41939,1.4196,1.50,1.13
2013.11.07 21:11:44.718,1.41947,1.41962,2.63,1.13
2013.11.07 21:11:44.777,1.41947,1.41968,3.00,2.25
2013.11.07 21:11:45.077,1.4195,1.4197,1.13,1.13
2013.11.07 21:11:46.868,1.41946,1.41965,1.50,1.73
2013.11.07 21:11:47.107,1.41933,1.41955,2.25,1.13
2013.11.07 21:11:47.227,1.41931,1.41954,1.50,1.13
2013.11.07 21:11:47.448,1.41931,1.4195,1.50,1.13
2013.11.07 21:11:47.572,1.4193,1.41948,1.13,1.88
2013.11.07 21:11:49.917,1.41929,1.41951,1.50,1.50
2013.11.07 21:11:51.847,1.41928,1.41951,1.50,1.13
2013.11.07 21:11:52.267,1.41935,1.41953,1.88,1.13
2013.11.07 21:11:52.627,1.41936,1.4196,1.13,1.13
2013.11.07 21:11:56.187,1.41934,1.41959,1.13,1.50
2013.11.07 21:11:57.057,1.41935,1.41954,1.13,1.13
2013.11.07 21:11:57.117,1.41935,1.4195,1.13,1.13
2013.11.07 21:11:57.239,1.41929,1.41947,1.58,1.13
2013.11.07 21:11:57.417,1.41929,1.41941,1.13,1.73
2013.11.07 21:11:57.778,1.41912,1.41926,1.13,1.50
2013.11.07 21:11:57.899,1.41908,1.41922,1.13,1.88
2013.11.07 21:11:57.958,1.419,1.41918,1.50,1.13
2013.11.07 21:11:58.446,1.41884,1.41905,3.00,1.88
2013.11.07 21:11:58.512,1.41883,1.41899,1.50,1.50
2013.11.07 21:11:58.568,1.41882,1.41898,1.13,1.50
2013.11.07 21:11:58.628,1.41882,1.41898,1.13,1.69
2013.11.07 21:11:58.928,1.4188,1.41894,1.50,1.05
2013.11.07 21:11:58.988,1.41875,1.41897,1.50,1.88
2013.11.07 21:11:59.407,1.4188,1.41901,1.13,1.50
2013.11.07 21:11:59.647,1.41881,1.41902,1.50,1.13
2013.11.07 21:11:59.707,1.4188,1.41902,1.13,1.13
2013.11.07 21:11:59.768,1.41879,1.41902,1.13,1.13
2013.11.07 21:11:59.828,1.41879,1.41902,1.13,1.13
2013.11.07 21:12:00.187,1.41884,1.41905,1.13,1.13
2013.11.07 21:12:00.247,1.41884,1.41905,1.13,1.13
2013.11.07 21:12:00.607,1.41881,1.419,2.25,1.50
2013.11.07 21:12:00.847,1.41873,1.41893,1.50,2.48
2013.11.07 21:12:01.027,1.41868,1.4189,1.50,1.13
2013.11.07 21:12:01.087,1.41868,1.41891,1.50,1.13
2013.11.07 21:12:01.329,1.41867,1.4189,1.50,1.50
2013.11.07 21:12:01.398,1.41866,1.4189,1.50,1.50
2013.11.07 21:12:01.517,1.41866,1.4189,1.50,1.13
2013.11.07 21:12:01.577,1.41864,1.41892,1.50,1.88
2013.11.07 21:12:01.937,1.4187,1.4189,1.50,1.13
2013.11.07 21:12:01.997,1.4187,1.41892,1.50,1.13
2013.11.07 21:12:02.058,1.4187,1.41897,2.25,1.50
2013.11.07 21:12:02.237,1.41869,1.41895,1.50,1.13
2013.11.07 21:12:02.297,1.4187,1.41895,1.50,1.13
2013.11.07 21:12:02.477,1.4187,1.41895,1.50,1.13
2013.11.07 21:12:03.168,1.4187,1.41895,2.25,1.13
2013.11.07 21:12:03.290,1.41871,1.41898,1.50,1.88
2013.11.07 21:12:03.348,1.41871,1.41897,1.50,1.50
2013.11.07 21:12:03.868,1.41871,1.41897,1.50,1.50
2013.11.07 21:12:03.987,1.41871,1.41896,2.25,1.50
2013.11.07 21:12:04.714,1.41872,1.41897,1.50,1.50
2013.11.07 21:12:05.458,1.41876,1.41897,1.13,1.50
2013.11.07 21:12:05.759,1.41882,1.41905,1.13,1.50
2013.11.07 21:12:05.817,1.41882,1.41906,1.88,1.50
2013.11.07 21:12:06.019,1.41883,1.41906,1.13,1.50
2013.11.07 21:12:06.308,1.41884,1.41912,1.88,2.63
2013.11.07 21:12:06.368,1.41884,1.41911,1.88,1.50
2013.11.07 21:12:06.997,1.41885,1.41911,4.13,1.50
2013.11.07 21:12:07.058,1.41887,1.41913,1.50,2.63
2013.11.07 21:12:07.238,1.41889,1.41915,1.13,1.50
2013.11.07 21:12:08.269,1.41886,1.41913,1.88,1.50
2013.11.07 21:12:08.629,1.41881,1.41907,1.13,1.50
2013.11.07 21:12:08.988,1.41877,1.41903,1.13,1.13
2013.11.07 21:12:09.048,1.41877,1.41903,1.13,1.13
2013.11.07 21:12:10.378,1.41876,1.41902,1.50,1.50
2013.11.07 21:12:10.498,1.41875,1.41902,4.13,1.13
2013.11.07 21:12:10.828,1.41878,1.41904,1.13,1.50
2013.11.07 21:12:11.248,1.4188,1.41907,1.88,1.50
2013.11.07 21:12:11.308,1.41881,1.41909,1.13,1.88
2013.11.07 21:12:11.548,1.41886,1.41912,2.63,1.13
2013.11.07 21:12:11.608,1.41889,1.41913,1.50,1.13
2013.11.07 21:12:12.217,1.41892,1.41911,1.13,1.50
2013.11.07 21:12:12.709,1.41893,1.41914,1.50,1.50
2013.11.07 21:12:12.771,1.41893,1.41914,3.00,1.50
2013.11.07 21:12:13.128,1.41894,1.41918,1.88,1.50
2013.11.07 21:12:13.189,1.41897,1.41919,1.13,1.50
2013.11.07 21:12:13.428,1.41894,1.4192,1.13,1.50
2013.11.07 21:12:13.728,1.41892,1.41915,1.13,1.13
2013.11.07 21:12:13.848,1.4189,1.41915,1.13,1.13
2013.11.07 21:12:14.207,1.41886,1.41909,1.88,1.13
2013.11.07 21:12:14.688,1.41889,1.41914,1.13,1.13
2013.11.07 21:12:17.959,1.4189,1.41915,1.88,1.50
2013.11.07 21:12:18.138,1.41889,1.41915,1.88,1.50
2013.11.07 21:12:18.448,1.41889,1.41915,1.13,1.50
2013.11.07 21:12:18.850,1.41893,1.41916,1.13,1.13
2013.11.07 21:12:18.968,1.41904,1.41918,1.50,2.25
2013.11.07 21:12:19.089,1.41906,1.41928,1.13,1.50
2013.11.07 21:12:19.208,1.41905,1.4193,3.00,1.50
2013.11.07 21:12:19.329,1.41905,1.4193,3.00,1.50
2013.11.07 21:12:19.929,1.41909,1.41933,1.50,1.50
2013.11.07 21:12:19.988,1.41911,1.41933,1.13,1.50
2013.11.07 21:12:20.298,1.41912,1.41933,2.63,1.50
2013.11.07 21:12:20.599,1.41915,1.41936,2.63,1.50
2013.11.07 21:12:21.146,1.41915,1.41936,1.13,1.50
2013.11.07 21:12:22.338,1.41911,1.41936,3.00,1.50
2013.11.07 21:12:23.500,1.41911,1.41937,4.50,1.13
2013.11.07 21:12:28.408,1.41911,1.41934,1.13,1.13
2013.11.07 21:12:29.105,1.4191,1.41933,1.50,1.13
2013.11.07 21:12:29.568,1.41908,1.41932,1.50,1.50
2013.11.07 21:12:30.348,1.41908,1.41933,2.63,1.88
2013.11.07 21:12:34.648,1.41911,1.41937,1.50,2.25
2013.11.07 21:12:35.008,1.41912,1.41937,1.13,1.13
2013.11.07 21:12:41.282,1.41914,1.41937,1.50,1.13
2013.11.07 21:12:41.350,1.41914,1.41937,1.50,1.13
2013.11.07 21:12:41.530,1.41911,1.41935,1.50,1.13
2013.11.07 21:12:41.650,1.41911,1.41935,1.50,1.13
2013.11.07 21:12:41.951,1.41909,1.41929,1.13,1.05
2013.11.07 21:12:42.308,1.41904,1.41929,1.50,1.05
2013.11.07 21:12:43.638,1.41909,1.41928,1.50,1.13
2013.11.07 21:12:44.520,1.41909,1.41928,1.50,1.13
2013.11.07 21:12:45.168,1.41906,1.41928,1.50,1.13
2013.11.07 21:12:45.738,1.41906,1.4193,1.50,1.13
2013.11.07 21:12:46.447,1.41906,1.4193,1.50,1.13
2013.11.07 21:12:46.778,1.41904,1.41928,1.50,1.13
2013.11.07 21:12:46.898,1.41904,1.41924,1.50,1.13
2013.11.07 21:12:46.958,1.41904,1.41923,1.50,1.13
2013.11.07 21:12:50.488,1.4191,1.4193,1.50,1.13
2013.11.07 21:12:50.924,1.4191,1.4193,1.88,1.13
2013.11.07 21:12:59.488,1.41911,1.4193,1.13,1.13
2013.11.07 21:13:02.958,1.41909,1.4193,1.13,1.13
2013.11.07 21:13:03.378,1.41909,1.4193,1.50,1.13
2013.11.07 21:13:04.738,1.41903,1.41928,1.50,1.50
2013.11.07 21:13:05.178,1.41901,1.41928,1.50,1.50
2013.11.07 21:13:11.278,1.41902,1.4192,1.50,1.50
2013.11.07 21:13:11.398,1.41902,1.41918,1.50,1.50
2013.11.07 21:13:11.758,1.41898,1.41916,1.88,3.00
2013.11.07 21:13:12.298,1.41899,1.41916,1.88,2.25
2013.11.07 21:13:12.717,1.41898,1.41916,2.63,1.50
2013.11.07 21:13:13.138,1.41899,1.41915,1.50,1.50
2013.11.07 21:13:13.258,1.41898,1.41915,1.13,2.25
2013.11.07 21:13:13.318,1.41895,1.41913,1.13,2.25
2013.11.07 21:13:13.378,1.41895,1.41913,1.13,2.25
2013.11.07 21:13:13.558,1.41894,1.41913,1.88,3.00
2013.11.07 21:13:14.152,1.41895,1.41914,1.13,1.50
2013.11.07 21:13:14.458,1.41894,1.41907,1.13,2.25
2013.11.07 21:13:14.518,1.41893,1.41907,1.13,2.25
2013.11.07 21:13:14.698,1.4189,1.41907,2.25,3.00
2013.11.07 21:13:15.117,1.41888,1.41905,2.63,1.13
2013.11.07 21:13:15.418,1.41876,1.4189,1.50,1.50
2013.11.07 21:13:15.478,1.41876,1.4189,1.50,1.50
2013.11.07 21:13:15.538,1.41876,1.41892,1.13,1.50
2013.11.07 21:13:15.658,1.41874,1.41892,1.13,1.88
2013.11.07 21:13:15.719,1.41872,1.41889,3.38,1.13
2013.11.07 21:13:15.838,1.41864,1.41882,3.38,1.50
2013.11.07 21:13:15.958,1.41864,1.4188,1.88,1.50
2013.11.07 21:13:16.019,1.41865,1.41882,1.50,1.50
2013.11.07 21:13:16.378,1.41865,1.41885,1.13,2.25
2013.11.07 21:13:16.738,1.41863,1.41882,1.13,1.50
2013.11.07 21:13:16.863,1.41863,1.41878,1.13,1.50
2013.11.07 21:13:17.048,1.41863,1.41877,1.13,1.50
2013.11.07 21:13:17.408,1.41871,1.41881,1.13,1.50
2013.11.07 21:13:17.468,1.41871,1.41884,1.88,2.25
2013.11.07 21:13:17.768,1.41871,1.41888,1.50,2.25
2013.11.07 21:13:17.948,1.41875,1.41888,1.13,1.50
2013.11.07 21:13:18.008,1.41879,1.41898,1.13,2.63
2013.11.07 21:13:18.139,1.41879,1.419,1.13,1.88
2013.11.07 21:13:18.202,1.41882,1.41899,1.13,1.88
2013.11.07 21:13:22.738,1.41884,1.41903,1.13,2.25
2013.11.07 21:13:23.401,1.41883,1.41905,1.13,2.25
2013.11.07 21:13:24.930,1.41881,1.41901,1.13,1.50
2013.11.07 21:13:25.107,1.41878,1.419,1.13,1.50
2013.11.07 21:13:25.610,1.41876,1.41899,1.88,1.50
2013.11.07 21:13:32.811,1.41875,1.41899,1.88,1.50
2013.11.07 21:13:33.119,1.41875,1.41898,1.50,2.63
2013.11.07 21:13:34.138,1.41872,1.41891,1.50,1.13
2013.11.07 21:13:35.638,1.41872,1.41891,1.50,1.13
2013.11.07 21:13:35.998,1.41861,1.41883,1.13,2.25
2013.11.07 21:13:36.118,1.41858,1.41882,1.88,2.25
2013.11.07 21:13:36.178,1.41858,1.41879,1.88,1.13
2013.11.07 21:13:37.277,1.41856,1.41879,1.50,1.13
2013.11.07 21:13:37.649,1.41859,1.41879,1.50,1.13
2013.11.07 21:13:37.828,1.41871,1.41886,1.88,1.50
2013.11.07 21:13:37.888,1.41871,1.41885,1.50,1.88
2013.11.07 21:13:38.069,1.41859,1.41879,1.50,1.88
2013.11.07 21:13:38.190,1.41857,1.41879,1.50,3.00
2013.11.07 21:13:38.248,1.41856,1.41875,1.13,1.13
2013.11.07 21:13:42.790,1.41855,1.41881,1.88,2.25
2013.11.07 21:13:43.092,1.41857,1.41881,1.13,1.13
2013.11.07 21:13:50.198,1.41858,1.41878,1.50,1.50
2013.11.07 21:13:55.099,1.41856,1.41876,1.50,1.13
2013.11.07 21:13:56.808,1.41857,1.41876,1.50,1.13
2013.11.07 21:13:57.048,1.41855,1.41879,3.00,1.32
2013.11.07 21:13:57.479,1.41865,1.41886,1.88,1.13
2013.11.07 21:13:57.718,1.41865,1.41891,2.25,1.65
2013.11.07 21:14:01.268,1.41867,1.41893,1.13,2.44
2013.11.07 21:14:01.573,1.41867,1.41893,1.13,2.44
2013.11.07 21:14:01.928,1.41867,1.41893,1.13,2.44
2013.11.07 21:14:12.088,1.41866,1.41888,1.13,1.50
2013.11.07 21:14:12.328,1.41868,1.41888,1.88,1.50
2013.11.07 21:14:28.258,1.41867,1.41889,1.13,1.69
2013.11.07 21:14:33.999,1.41867,1.41887,1.13,1.50
2013.11.07 21:14:41.520,1.41873,1.4189,1.13,1.88
2013.11.07 21:14:42.010,1.41873,1.41891,1.13,1.88
2013.11.07 21:14:42.068,1.41873,1.41891,1.13,1.88
2013.11.07 21:14:42.609,1.41875,1.41891,1.50,1.50
2013.11.07 21:14:42.669,1.41879,1.41893,1.13,1.50
2013.11.07 21:14:42.971,1.4188,1.419,2.25,1.50
2013.11.07 21:14:43.099,1.4188,1.41901,2.25,1.50
2013.11.07 21:14:43.458,1.4188,1.41901,1.50,1.88
2013.11.07 21:14:43.518,1.41877,1.41899,2.25,1.50
2013.11.07 21:14:43.878,1.41876,1.41897,1.50,1.50
2013.11.07 21:14:45.112,1.41874,1.41898,2.25,1.13
2013.11.07 21:14:46.344,1.41874,1.41897,1.50,1.50
2013.11.07 21:14:48.088,1.41874,1.41897,2.25,1.50
2013.11.07 21:14:51.631,1.41872,1.41897,2.25,1.50
2013.11.07 21:14:51.689,1.41872,1.41893,1.50,1.50
2013.11.07 21:14:51.928,1.41872,1.41892,1.13,1.50
2013.11.07 21:14:51.988,1.41872,1.41892,1.13,1.50
2013.11.07 21:14:52.558,1.41872,1.41893,1.73,1.13
2013.11.07 21:14:52.618,1.41872,1.41893,1.13,1.13
2013.11.07 21:14:57.562,1.41872,1.41894,1.13,1.13
2013.11.07 21:14:59.409,1.41869,1.41893,1.88,1.13
2013.11.07 21:14:59.468,1.41869,1.41891,1.88,1.50
2013.11.07 21:14:59.959,1.41869,1.41891,1.88,1.50
2013.11.07 21:15:01.069,1.41869,1.4189,1.13,1.50
2013.11.07 21:15:01.368,1.41869,1.41893,1.13,1.13
2013.11.07 21:15:04.638,1.41873,1.41894,2.25,1.13
2013.11.07 21:15:04.818,1.41875,1.41897,1.50,1.13
2013.11.07 21:15:05.510,1.41877,1.41899,1.50,1.13
2013.11.07 21:15:11.718,1.41878,1.41903,1.50,2.07
2013.11.07 21:15:13.518,1.41878,1.41902,1.50,1.32
2013.11.07 21:15:15.379,1.41878,1.41901,1.50,1.13
2013.11.07 21:15:15.494,1.41878,1.41901,1.50,1.13
2013.11.07 21:15:17.248,1.41878,1.41901,1.50,1.13
2013.11.07 21:15:18.288,1.41878,1.41901,1.50,1.13
2013.11.07 21:15:18.349,1.41878,1.41901,1.50,1.13
2013.11.07 21:15:18.664,1.41878,1.41901,1.50,1.13
2013.11.07 21:15:19.068,1.4188,1.41901,2.25,1.13
2013.11.07 21:15:22.618,1.41881,1.41901,1.58,1.88
2013.11.07 21:15:32.461,1.4188,1.41901,1.50,1.13
2013.11.07 21:15:32.818,1.4188,1.41901,1.50,1.13
2013.11.07 21:15:36.200,1.4188,1.41901,1.50,1.13
2013.11.07 21:15:37.399,1.4188,1.41901,1.50,1.88
2013.11.07 21:15:38.078,1.41879,1.41903,3.38,1.13
2013.11.07 21:15:40.600,1.4188,1.41903,1.50,1.13
2013.11.07 21:15:46.748,1.41879,1.41899,1.50,1.13
2013.11.07 21:15:52.980,1.41879,1.41901,1.50,1.13
2013.11.07 21:15:53.374,1.41879,1.41899,1.50,1.13
2013.11.07 21:16:00.798,1.41883,1.41902,2.25,1.13
2013.11.07 21:16:01.102,1.41877,1.41901,1.50,1.13
2013.11.07 21:16:01.218,1.41878,1.41902,1.50,1.13
2013.11.07 21:16:01.758,1.41877,1.419,1.13,2.63
2013.11.07 21:16:05.588,1.41876,1.41894,1.13,2.63
2013.11.07 21:16:06.901,1.41878,1.41894,1.88,1.13
2013.11.07 21:16:07.379,1.41882,1.41899,1.13,1.13
2013.11.07 21:16:07.561,1.41878,1.41895,1.88,1.13
2013.11.07 21:16:07.798,1.4188,1.41896,1.13,1.13
2013.11.07 21:16:09.479,1.41878,1.41896,1.88,1.13
2013.11.07 21:16:09.719,1.41878,1.41899,1.88,1.13
2013.11.07 21:16:10.078,1.41876,1.41894,1.13,1.13
2013.11.07 21:16:10.478,1.41876,1.41899,1.13,1.13
2013.11.07 21:16:10.658,1.41878,1.41902,1.50,1.13
2013.11.07 21:16:10.718,1.41879,1.41904,1.13,1.50
2013.11.07 21:16:11.018,1.41879,1.41904,1.88,1.50
2013.11.07 21:16:11.078,1.41879,1.41904,1.88,1.50
2013.11.07 21:16:11.458,1.41879,1.41904,1.13,1.50
2013.11.07 21:16:12.148,1.41879,1.41904,1.13,1.50
2013.11.07 21:16:18.808,1.41885,1.41908,1.13,1.50
2013.11.07 21:16:19.168,1.41887,1.41909,1.88,1.50
2013.11.07 21:16:21.286,1.41887,1.41909,1.13,1.50
2013.11.07 21:16:32.351,1.41883,1.41905,1.50,1.13
2013.11.07 21:16:32.469,1.41888,1.4191,1.13,1.13
2013.11.07 21:16:37.309,1.41882,1.41908,1.13,1.50
2013.11.07 21:16:37.588,1.41882,1.41908,1.13,1.50
2013.11.07 21:16:38.088,1.41879,1.41904,1.13,1.13
2013.11.07 21:16:38.460,1.41876,1.41904,1.50,1.13
2013.11.07 21:16:38.878,1.41875,1.41904,1.50,1.50
2013.11.07 21:16:38.941,1.41875,1.41904,1.50,1.13
2013.11.07 21:16:39.118,1.41874,1.41903,1.50,1.58
2013.11.07 21:16:40.418,1.41874,1.41904,1.50,1.13
2013.11.07 21:16:54.548,1.41878,1.41903,1.88,1.28
2013.11.07 21:16:55.269,1.41878,1.41904,1.88,1.50
2013.11.07 21:16:55.328,1.41878,1.41904,1.88,1.50
2013.11.07 21:16:58.289,1.41878,1.41897,1.13,1.50
2013.11.07 21:16:58.588,1.41878,1.41894,1.13,2.25
2013.11.07 21:16:58.729,1.41875,1.41889,1.13,1.50
2013.11.07 21:16:58.849,1.41875,1.41894,1.13,1.50
2013.11.07 21:16:58.969,1.41875,1.419,1.13,2.25
2013.11.07 21:16:59.030,1.41875,1.419,1.13,1.50
2013.11.07 21:17:01.579,1.41875,1.41896,1.13,1.50
2013.11.07 21:17:01.698,1.41875,1.41894,1.13,2.25
2013.11.07 21:17:02.454,1.41875,1.41894,1.13,1.50
2013.11.07 21:17:05.198,1.41875,1.41894,1.13,1.50
2013.11.07 21:17:05.814,1.41875,1.41894,1.13,1.50
2013.11.07 21:17:06.514,1.41875,1.41894,1.13,1.50
2013.11.07 21:17:07.188,1.41875,1.41894,1.13,1.50
2013.11.07 21:17:07.815,1.41875,1.41894,1.13,1.50
2013.11.07 21:17:10.780,1.41876,1.41898,1.13,2.25
2013.11.07 21:17:20.809,1.41879,1.41894,1.13,1.50
2013.11.07 21:17:20.988,1.41875,1.41896,1.88,1.50
2013.11.07 21:17:23.635,1.41881,1.419,1.88,1.13
2013.11.07 21:17:23.698,1.41882,1.419,1.13,1.13
2013.11.07 21:17:24.058,1.41882,1.41905,1.13,1.13
2013.11.07 21:17:30.449,1.41888,1.41905,1.50,1.50
2013.11.07 21:17:30.808,1.4189,1.41907,1.50,1.13
2013.11.07 21:17:32.049,1.4189,1.41908,1.50,1.13
2013.11.07 21:17:32.108,1.41883,1.41907,1.28,1.50
2013.11.07 21:17:32.228,1.41881,1.41902,2.25,1.50
2013.11.07 21:17:33.769,1.41876,1.419,1.88,1.50
2013.11.07 21:17:34.113,1.41875,1.41898,1.13,2.63
2013.11.07 21:17:34.518,1.41874,1.41896,3.38,1.13
2013.11.07 21:17:38.948,1.41875,1.41899,1.13,1.50
2013.11.07 21:17:43.369,1.41875,1.41898,1.13,1.13
2013.11.07 21:17:43.548,1.41876,1.41899,1.13,1.13
2013.11.07 21:17:43.866,1.41876,1.41899,1.88,1.13
2013.11.07 21:17:47.948,1.41877,1.41901,1.50,3.00
2013.11.07 21:17:48.822,1.41883,1.41904,4.50,2.63
2013.11.07 21:17:49.129,1.41886,1.41908,1.50,1.13
2013.11.07 21:17:49.189,1.41887,1.41908,1.35,1.13
2013.11.07 21:17:50.968,1.41884,1.41908,2.10,1.50
2013.11.07 21:17:51.468,1.41884,1.41903,1.35,1.13
2013.11.07 21:18:05.899,1.41889,1.41903,1.88,1.13
2013.11.07 21:18:05.959,1.4189,1.41904,1.13,1.13
2013.11.07 21:18:06.278,1.41892,1.41911,1.50,1.13
2013.11.07 21:18:08.638,1.41892,1.41905,1.50,1.13
2013.11.07 21:18:08.939,1.4188,1.41901,1.65,1.50
2013.11.07 21:18:09.058,1.4188,1.41901,1.65,1.50
2013.11.07 21:18:11.878,1.41884,1.41903,1.50,1.50
2013.11.07 21:18:12.129,1.41884,1.41904,1.50,1.13
2013.11.07 21:18:16.439,1.4189,1.41906,1.50,2.25
2013.11.07 21:18:16.499,1.4189,1.41906,1.50,1.88
2013.11.07 21:18:16.620,1.4189,1.4191,1.50,1.13
2013.11.07 21:18:16.978,1.4189,1.41911,1.50,1.13
2013.11.07 21:18:18.369,1.41889,1.4191,2.25,1.13
2013.11.07 21:18:18.429,1.41889,1.41908,1.50,1.13
2013.11.07 21:18:19.118,1.41885,1.4191,1.13,1.88
2013.11.07 21:18:19.418,1.41888,1.41908,1.13,1.13
2013.11.07 21:18:22.629,1.41885,1.41905,1.50,1.13
2013.11.07 21:18:22.829,1.41885,1.41906,2.25,1.13
2013.11.07 21:18:25.309,1.41886,1.41908,1.50,1.13
2013.11.07 21:18:25.669,1.41887,1.41912,1.28,3.94
2013.11.07 21:18:26.778,1.41887,1.41909,1.28,1.13
2013.11.07 21:18:29.909,1.41886,1.4191,1.50,1.69
2013.11.07 21:18:35.389,1.41886,1.41908,1.50,1.13
2013.11.07 21:18:35.629,1.41884,1.41906,1.13,1.50
2013.11.07 21:18:35.938,1.41884,1.41904,1.13,1.50
2013.11.07 21:18:36.298,1.41878,1.41896,1.88,1.50
2013.11.07 21:18:36.778,1.41875,1.41896,1.13,1.88
2013.11.07 21:18:41.072,1.41871,1.41896,1.13,1.50
2013.11.07 21:18:41.679,1.41872,1.41894,1.13,1.13
2013.11.07 21:18:41.860,1.41877,1.41895,1.50,1.13
2013.11.07 21:18:42.228,1.41872,1.41895,1.13,1.13
2013.11.07 21:18:42.349,1.41872,1.41895,1.13,1.13
2013.11.07 21:18:43.119,1.41872,1.41895,1.13,1.13
2013.11.07 21:18:51.108,1.41873,1.41896,1.13,2.63
2013.11.07 21:18:51.419,1.41873,1.41896,1.13,1.13
2013.11.07 21:18:52.449,1.41873,1.41896,1.13,1.13
2013.11.07 21:18:52.808,1.41873,1.41896,1.13,1.13
2013.11.07 21:18:56.269,1.41878,1.41901,1.88,1.13
2013.11.07 21:19:03.899,1.41877,1.419,1.88,1.13
2013.11.07 21:19:04.444,1.41876,1.41899,1.50,1.13
2013.11.07 21:19:05.870,1.41875,1.41899,1.13,1.13
2013.11.07 21:19:16.679,1.41875,1.41898,1.13,1.20
2013.11.07 21:19:16.918,1.41876,1.41899,1.50,1.13
2013.11.07 21:19:17.158,1.41873,1.41899,1.50,1.88
2013.11.07 21:19:23.138,1.41876,1.41898,1.13,1.13
2013.11.07 21:19:23.679,1.41876,1.41899,1.50,1.50
2013.11.07 21:19:23.740,1.41876,1.41899,1.50,1.50
2013.11.07 21:19:23.811,1.41875,1.41898,1.50,1.50
2013.11.07 21:19:27.019,1.41875,1.41897,1.50,1.13
2013.11.07 21:19:41.959,1.41875,1.419,1.88,2.40
2013.11.07 21:19:42.328,1.41875,1.41896,1.13,1.35
2013.11.07 21:19:46.589,1.41875,1.41896,1.13,2.85
2013.11.07 21:19:49.549,1.41875,1.41896,1.13,2.10
2013.11.07 21:19:56.419,1.41875,1.41896,1.13,2.10
2013.11.07 21:19:58.388,1.41874,1.41893,1.13,1.28
2013.11.07 21:20:00.239,1.41874,1.41893,1.13,1.28
2013.11.07 21:20:00.539,1.41874,1.41894,1.13,1.50
2013.11.07 21:20:04.289,1.41874,1.41894,1.13,1.50
2013.11.07 21:20:04.530,1.41876,1.41895,1.13,1.28
2013.11.07 21:20:04.590,1.41876,1.41897,1.13,1.50
2013.11.07 21:20:05.529,1.41876,1.41899,1.13,1.58
2013.11.07 21:20:05.889,1.41871,1.41895,1.13,1.13
2013.11.07 21:20:06.440,1.41871,1.41895,1.13,1.13
2013.11.07 21:20:06.799,1.41866,1.41892,1.50,1.95
2013.11.07 21:20:07.119,1.41878,1.41893,1.13,1.50
2013.11.07 21:20:07.671,1.41875,1.41896,1.13,1.20
2013.11.07 21:20:07.849,1.41875,1.41894,1.13,1.35
2013.11.07 21:20:07.969,1.41873,1.41894,1.50,1.35
2013.11.07 21:20:10.620,1.41873,1.41891,1.13,1.50
2013.11.07 21:20:11.309,1.41873,1.41891,1.13,1.50
2013.11.07 21:20:11.679,1.41875,1.41891,1.13,1.50
2013.11.07 21:20:18.140,1.41876,1.41892,1.13,1.95
2013.11.07 21:20:21.899,1.41876,1.41893,1.13,1.95
2013.11.07 21:20:23.139,1.41876,1.41893,1.13,1.50
2013.11.07 21:20:26.501,1.41877,1.41896,1.13,2.10
2013.11.07 21:20:27.140,1.41876,1.41896,1.13,2.10
2013.11.07 21:20:27.319,1.41876,1.41896,1.13,2.10
2013.11.07 21:20:29.189,1.41876,1.41886,1.13,1.13
2013.11.07 21:20:29.309,1.4187,1.41885,1.88,1.13
2013.11.07 21:20:29.429,1.4187,1.41887,1.88,1.50
2013.11.07 21:20:30.979,1.41872,1.41892,1.50,1.13
2013.11.07 21:20:34.719,1.41872,1.41892,1.50,1.13
2013.11.07 21:20:41.641,1.41871,1.41892,1.50,1.13
2013.11.07 21:20:48.982,1.41872,1.41892,1.50,1.13
2013.11.07 21:20:49.654,1.41871,1.41892,1.50,1.13
2013.11.07 21:20:52.841,1.41872,1.41892,1.50,1.13
2013.11.07 21:20:53.439,1.41872,1.41892,1.50,1.13
2013.11.07 21:20:53.954,1.41869,1.41891,1.50,1.13
2013.11.07 21:20:55.630,1.41867,1.41891,2.25,1.13
2013.11.07 21:21:05.543,1.41868,1.41891,1.13,1.13
2013.11.07 21:21:14.630,1.41869,1.41891,1.50,1.13
2013.11.07 21:21:18.363,1.41867,1.41891,2.25,1.13
2013.11.07 21:21:19.960,1.41867,1.41891,2.25,1.13
2013.11.07 21:21:32.519,1.41867,1.41891,2.25,1.13
2013.11.07 21:21:32.880,1.41867,1.4189,2.25,1.35
2013.11.07 21:21:40.570,1.41867,1.41892,1.88,1.13
2013.11.07 21:21:42.548,1.41869,1.41893,1.13,1.88
2013.11.07 21:21:43.359,1.4187,1.41893,1.88,1.13
2013.11.07 21:21:43.660,1.41873,1.41898,3.00,1.95
2013.11.07 21:21:43.721,1.41876,1.41898,1.50,1.95
2013.11.07 21:21:43.841,1.41876,1.41899,1.13,1.50
2013.11.07 21:21:44.355,1.41875,1.41901,1.88,1.13
2013.11.07 21:21:47.041,1.41875,1.41899,1.13,2.78
2013.11.07 21:21:47.368,1.41876,1.41898,1.13,1.50
2013.11.07 21:21:50.869,1.41876,1.419,1.50,1.88
2013.11.07 21:21:51.169,1.41876,1.419,1.50,1.13
2013.11.07 21:21:52.249,1.41879,1.41902,1.50,1.50
2013.11.07 21:21:52.309,1.41878,1.419,1.50,1.13
2013.11.07 21:21:52.430,1.41877,1.41899,1.88,1.35
2013.11.07 21:21:52.669,1.41874,1.41899,1.50,1.88
2013.11.07 21:21:57.899,1.41874,1.41899,1.50,1.65
2013.11.07 21:21:59.174,1.41873,1.41897,1.13,1.20
2013.11.07 21:21:59.559,1.41873,1.41896,1.13,1.50
2013.11.07 21:22:07.390,1.41875,1.4189,1.13,1.13
2013.11.07 21:22:07.449,1.41875,1.4189,1.13,1.88
2013.11.07 21:22:07.939,1.41868,1.41883,1.50,1.13
2013.11.07 21:22:09.271,1.41869,1.41883,1.50,1.13
2013.11.07 21:22:09.550,1.41867,1.41883,1.50,1.13
2013.11.07 21:22:09.610,1.41866,1.41883,1.13,1.13
2013.11.07 21:22:09.970,1.41866,1.41883,1.88,1.13
2013.11.07 21:22:10.030,1.41869,1.41888,1.88,1.50
2013.11.07 21:22:10.793,1.4187,1.41888,1.50,1.13
2013.11.07 21:22:11.347,1.4187,1.41888,1.50,1.13
2013.11.07 21:22:11.989,1.4187,1.41888,1.50,1.13
2013.11.07 21:22:12.549,1.4187,1.41888,1.50,1.13
2013.11.07 21:22:12.819,1.41869,1.41888,1.88,1.13
2013.11.07 21:22:13.003,1.41869,1.41888,1.88,1.13
2013.11.07 21:22:14.499,1.41871,1.41888,1.13,1.13
2013.11.07 21:22:15.669,1.41869,1.41888,1.13,1.13
2013.11.07 21:22:16.363,1.41868,1.41888,1.50,1.13
2013.11.07 21:22:17.141,1.41869,1.4189,1.50,1.13
2013.11.07 21:22:25.717,1.41868,1.4189,2.25,1.13
2013.11.07 21:22:31.650,1.41869,1.41892,1.50,1.13
2013.11.07 21:22:31.770,1.41868,1.41892,2.63,1.13
2013.11.07 21:22:32.070,1.41867,1.41885,1.13,1.50
2013.11.07 21:22:32.371,1.41862,1.41879,1.13,1.50
2013.11.07 21:22:33.170,1.41862,1.4188,1.13,1.50
2013.11.07 21:22:33.410,1.41859,1.41874,1.13,1.13
2013.11.07 21:22:33.709,1.41857,1.41874,1.50,1.50
2013.11.07 21:22:33.890,1.41859,1.41874,1.50,1.50
2013.11.07 21:22:34.599,1.41856,1.41874,1.50,1.50
2013.11.07 21:22:35.720,1.41856,1.41874,1.50,1.13
2013.11.07 21:22:36.509,1.41856,1.41874,1.50,1.13
2013.11.07 21:22:37.000,1.41856,1.41874,1.50,1.13
2013.11.07 21:22:37.510,1.41856,1.41874,1.50,1.13
2013.11.07 21:22:39.090,1.41854,1.41874,1.88,1.13
2013.11.07 21:22:40.140,1.41854,1.41874,1.13,1.13
2013.11.07 21:22:40.909,1.41854,1.41869,1.13,1.50
2013.11.07 21:22:41.626,1.41854,1.41871,1.13,3.00
2013.11.07 21:22:41.979,1.41854,1.41869,1.13,1.50
2013.11.07 21:22:42.923,1.41854,1.4187,1.13,1.88
2013.11.07 21:22:43.229,1.41857,1.41871,1.50,1.88
2013.11.07 21:22:43.789,1.41857,1.41872,1.50,2.25
2013.11.07 21:22:45.049,1.41857,1.41871,1.50,1.50
2013.11.07 21:22:45.230,1.41854,1.41869,1.13,1.50
2013.11.07 21:22:45.289,1.41853,1.41869,1.88,1.50
2013.11.07 21:22:53.932,1.41853,1.41871,1.88,1.13
2013.11.07 21:22:54.111,1.41854,1.41873,1.50,1.50
2013.11.07 21:22:54.171,1.41855,1.41873,1.50,1.50
2013.11.07 21:22:54.231,1.41858,1.41873,1.50,1.50
2013.11.07 21:22:55.239,1.41858,1.41875,1.50,1.13
2013.11.07 21:22:55.950,1.41857,1.41875,1.50,1.13
2013.11.07 21:22:57.149,1.41863,1.4188,1.50,1.05
2013.11.07 21:22:57.330,1.41861,1.41881,1.13,1.13
2013.11.07 21:22:57.752,1.4186,1.41877,1.50,1.50
2013.11.07 21:22:58.334,1.41857,1.41879,1.50,2.25
2013.11.07 21:22:58.881,1.41857,1.41881,1.50,3.45
2013.11.07 21:22:58.940,1.41857,1.41881,1.50,3.45
2013.11.07 21:22:59.121,1.41863,1.4188,1.13,1.50
2013.11.07 21:22:59.659,1.41864,1.41881,1.13,2.33
2013.11.07 21:23:00.019,1.41857,1.41874,1.88,1.13
2013.11.07 21:23:00.889,1.41857,1.41875,1.50,1.13
2013.11.07 21:23:01.604,1.41856,1.41879,1.50,2.25
2013.11.07 21:23:02.429,1.41859,1.41881,1.50,1.13
2013.11.07 21:23:03.100,1.41859,1.41879,1.50,1.13
2013.11.07 21:23:03.720,1.41859,1.41881,1.50,1.13
2013.11.07 21:23:05.150,1.41857,1.41881,2.63,1.13
2013.11.07 21:23:05.590,1.41859,1.41881,1.13,1.13
2013.11.07 21:23:06.672,1.41859,1.41881,1.88,1.13
2013.11.07 21:23:08.721,1.41859,1.41881,1.13,1.88
2013.11.07 21:23:09.474,1.41861,1.41881,1.13,1.13
2013.11.07 21:23:21.281,1.41862,1.41884,1.50,1.13
2013.11.07 21:23:21.829,1.41864,1.41884,1.13,1.13
2013.11.07 21:23:22.130,1.41864,1.41884,1.13,1.13
2013.11.07 21:23:25.969,1.41864,1.4189,1.13,3.00
2013.11.07 21:23:26.475,1.41865,1.4189,1.13,2.25
2013.11.07 21:23:32.005,1.41865,1.4189,1.88,2.63
2013.11.07 21:23:32.555,1.41868,1.4189,1.13,1.88
2013.11.07 21:23:32.859,1.4187,1.41893,1.13,2.25
2013.11.07 21:23:34.009,1.41868,1.41888,1.13,1.50
2013.11.07 21:23:34.189,1.41868,1.41888,1.13,1.50
2013.11.07 21:23:34.925,1.41868,1.41888,1.13,1.50
2013.11.07 21:23:35.749,1.41864,1.41884,1.13,1.13
2013.11.07 21:23:38.399,1.41866,1.41885,1.50,1.50
2013.11.07 21:23:38.714,1.41867,1.4189,1.13,1.88
2013.11.07 21:23:39.351,1.41868,1.4189,1.13,1.13
2013.11.07 21:23:39.411,1.4187,1.4189,1.13,1.13
2013.11.07 21:23:39.769,1.41869,1.4189,1.13,1.13
2013.11.07 21:23:40.280,1.41867,1.4189,1.88,1.13
2013.11.07 21:23:47.350,1.41867,1.41888,1.13,1.50
2013.11.07 21:23:47.409,1.41866,1.41887,1.13,1.50
2013.11.07 21:23:47.532,1.41866,1.41887,1.13,1.50
2013.11.07 21:23:48.089,1.41866,1.41887,1.13,1.50
2013.11.07 21:23:49.110,1.41867,1.41886,1.13,1.13
2013.11.07 21:23:49.529,1.41867,1.41888,1.13,2.25
2013.11.07 21:23:52.991,1.41862,1.41881,1.13,1.13
2013.11.07 21:23:53.550,1.41862,1.4188,1.13,1.13
2013.11.07 21:23:56.949,1.41862,1.41879,1.13,1.13
2013.11.07 21:23:57.069,1.41862,1.41881,1.13,1.13
2013.11.07 21:24:01.559,1.41862,1.41878,1.13,1.13
2013.11.07 21:24:01.900,1.41862,1.41869,1.13,1.13
2013.11.07 21:24:02.260,1.4186,1.41875,1.13,1.13
2013.11.07 21:24:02.739,1.41862,1.41878,1.13,1.50
2013.11.07 21:24:02.800,1.41862,1.41878,1.13,1.50
2013.11.07 21:24:02.860,1.41861,1.41878,1.13,1.50
2013.11.07 21:24:03.402,1.41858,1.41878,1.13,1.50
2013.11.07 21:24:09.489,1.41858,1.41877,1.13,1.50
2013.11.07 21:24:28.395,1.41858,1.41876,1.13,1.13
2013.11.07 21:24:28.699,1.4186,1.41879,1.13,1.88
2013.11.07 21:24:29.210,1.4186,1.41876,1.13,1.13
2013.11.07 21:24:35.702,1.41857,1.41876,1.13,1.13
2013.11.07 21:24:35.902,1.41857,1.41876,1.13,1.88
2013.11.07 21:24:36.260,1.41857,1.41868,1.13,1.13
2013.11.07 21:24:40.410,1.41858,1.41872,1.13,1.50
2013.11.07 21:24:40.470,1.41858,1.41874,1.13,1.50
2013.11.07 21:24:40.530,1.41858,1.41874,1.13,1.50
2013.11.07 21:24:46.259,1.41858,1.4188,2.63,1.88
2013.11.07 21:24:46.619,1.41863,1.41879,1.13,1.13
2013.11.07 21:24:46.799,1.41861,1.41876,1.13,1.50
2013.11.07 21:24:47.160,1.41853,1.41873,1.50,2.25
2013.11.07 21:24:47.470,1.41853,1.41873,1.50,2.25
2013.11.07 21:24:47.661,1.41853,1.41873,1.50,2.25
2013.11.07 21:24:49.453,1.4185,1.41872,3.38,1.50
2013.11.07 21:25:08.649,1.41853,1.41872,1.50,1.13
2013.11.07 21:25:08.889,1.41856,1.41875,1.13,2.63
2013.11.07 21:25:08.950,1.41856,1.41875,1.13,2.63
2013.11.07 21:25:09.309,1.41857,1.41875,1.13,1.50
2013.11.07 21:25:09.495,1.41857,1.41877,1.13,1.88
2013.11.07 21:25:10.100,1.41858,1.41883,1.35,1.50
2013.11.07 21:25:10.161,1.41866,1.41886,1.50,1.13
2013.11.07 21:25:10.760,1.41863,1.41881,1.50,1.50
2013.11.07 21:25:11.186,1.41863,1.41881,1.50,1.50
2013.11.07 21:25:11.489,1.41862,1.41882,1.50,2.25
2013.11.07 21:25:12.241,1.41862,1.41883,1.50,1.20
2013.11.07 21:25:12.782,1.41862,1.41883,1.50,1.20
2013.11.07 21:25:12.959,1.41863,1.41883,1.50,1.13
2013.11.07 21:25:13.020,1.41863,1.41885,1.50,1.50
2013.11.07 21:25:13.494,1.41863,1.41886,1.50,1.50
2013.11.07 21:25:15.390,1.41865,1.41886,1.50,1.50
2013.11.07 21:25:15.511,1.41866,1.41889,1.50,1.88
2013.11.07 21:25:15.570,1.41867,1.41889,1.50,1.88
2013.11.07 21:25:15.873,1.41869,1.4189,1.50,1.88
2013.11.07 21:25:16.000,1.4187,1.41893,1.50,1.50
2013.11.07 21:25:16.820,1.41871,1.41893,1.88,1.13
2013.11.07 21:25:17.000,1.41873,1.41894,1.13,1.88
2013.11.07 21:25:17.360,1.41874,1.41896,1.50,1.13
2013.11.07 21:25:21.043,1.41876,1.41897,1.50,1.88
2013.11.07 21:25:21.351,1.41877,1.41899,2.25,1.50
2013.11.07 21:25:22.360,1.41877,1.41898,1.50,1.13
2013.11.07 21:25:25.969,1.41873,1.41895,1.13,1.13
2013.11.07 21:25:26.270,1.41873,1.41893,1.13,1.13
2013.11.07 21:25:27.819,1.41873,1.41893,1.13,1.13
2013.11.07 21:25:28.315,1.41873,1.41893,1.13,1.13
2013.11.07 21:25:48.991,1.41878,1.41898,1.50,1.13
2013.11.07 21:26:00.733,1.41884,1.41904,2.25,1.13
2013.11.07 21:26:00.861,1.41886,1.41907,1.50,1.50
2013.11.07 21:26:01.221,1.41885,1.41906,1.50,1.50
2013.11.07 21:26:01.779,1.41885,1.41906,1.13,1.50
2013.11.07 21:26:02.021,1.41883,1.41906,1.88,1.50
2013.11.07 21:26:02.080,1.41883,1.41906,1.88,1.50
2013.11.07 21:26:02.260,1.41883,1.41907,2.63,1.88
2013.11.07 21:26:02.320,1.41884,1.41907,1.13,1.88
2013.11.07 21:26:02.621,1.41883,1.41903,2.63,1.13
2013.11.07 21:26:02.740,1.41883,1.41903,1.13,1.13
2013.11.07 21:26:03.160,1.41883,1.41903,1.88,1.13
2013.11.07 21:26:03.225,1.41885,1.41906,1.13,1.88
2013.11.07 21:26:03.709,1.41884,1.41902,1.13,1.13
2013.11.07 21:26:03.889,1.41884,1.41906,1.88,1.50
2013.11.07 21:26:04.190,1.41887,1.41906,1.13,1.50
2013.11.07 21:26:04.429,1.41887,1.41906,1.13,1.50
2013.11.07 21:26:05.149,1.41887,1.41906,1.13,1.50
2013.11.07 21:26:05.829,1.41883,1.41903,1.13,1.13
2013.11.07 21:26:06.069,1.41886,1.41907,1.13,1.50
2013.11.07 21:26:06.580,1.41886,1.41907,1.13,1.50
2013.11.07 21:26:06.821,1.41883,1.41903,1.13,1.13
2013.11.07 21:26:07.244,1.41886,1.41906,1.13,1.50
2013.11.07 21:26:07.490,1.41886,1.41906,1.13,1.50
2013.11.07 21:26:07.550,1.41885,1.41905,1.13,1.50
2013.11.07 21:26:07.731,1.41884,1.41903,1.13,1.13
2013.11.07 21:26:07.790,1.41882,1.41903,1.13,1.13
2013.11.07 21:26:07.910,1.41885,1.41904,1.13,1.50
2013.11.07 21:26:08.271,1.41888,1.41907,1.13,1.28
2013.11.07 21:26:08.510,1.41891,1.41907,1.13,1.28
2013.11.07 21:26:08.750,1.41885,1.41905,1.88,1.13
2013.11.07 21:26:08.809,1.41885,1.41909,1.88,1.13
2013.11.07 21:26:08.990,1.41889,1.41911,1.13,3.60
2013.11.07 21:26:09.350,1.41889,1.41911,1.13,3.60
2013.11.07 21:26:09.541,1.41889,1.41911,1.13,3.60
2013.11.07 21:26:09.780,1.41887,1.41904,1.13,1.13
2013.11.07 21:26:10.029,1.41888,1.41909,1.13,1.13
2013.11.07 21:26:10.350,1.41888,1.4191,1.13,1.50
2013.11.07 21:26:10.470,1.41888,1.4191,1.13,1.50
2013.11.07 21:26:10.671,1.41888,1.41905,1.13,1.13
2013.11.07 21:26:10.871,1.4189,1.41905,1.13,1.13
2013.11.07 21:26:11.291,1.41888,1.41908,1.13,1.50
2013.11.07 21:26:11.650,1.41902,1.41917,2.25,1.50
2013.11.07 21:26:11.770,1.4189,1.41913,1.13,2.63
2013.11.07 21:26:11.830,1.41896,1.41913,1.13,3.38
2013.11.07 21:26:11.891,1.41896,1.41913,1.50,3.00
2013.11.07 21:26:12.011,1.419,1.41914,1.13,1.50
2013.11.07 21:26:12.070,1.41899,1.41912,1.88,1.50
2013.11.07 21:26:12.310,1.41887,1.41912,1.13,1.50
2013.11.07 21:26:12.371,1.41887,1.4191,1.13,1.13
2013.11.07 21:26:12.729,1.41887,1.41912,1.88,2.25
2013.11.07 21:26:13.164,1.41887,1.41912,1.13,2.25
2013.11.07 21:26:13.236,1.41887,1.41911,1.13,2.03
2013.11.07 21:26:13.565,1.41887,1.4191,1.13,1.50
2013.11.07 21:26:13.690,1.41891,1.41911,1.13,2.03
2013.11.07 21:26:14.050,1.41887,1.41904,1.13,1.13
2013.11.07 21:26:14.110,1.41887,1.41909,1.13,1.13
2013.11.07 21:26:14.291,1.41887,1.41912,1.88,3.75
2013.11.07 21:26:14.739,1.41888,1.41912,1.13,1.50
2013.11.07 21:26:15.280,1.41886,1.41904,1.13,1.13
2013.11.07 21:26:15.521,1.41886,1.4191,1.13,1.13
2013.11.07 21:26:15.880,1.4189,1.4191,1.13,1.50
2013.11.07 21:26:15.940,1.41889,1.4191,1.50,1.50
2013.11.07 21:26:16.301,1.41887,1.41911,1.13,1.50
2013.11.07 21:26:16.421,1.41885,1.41904,1.50,1.13
2013.11.07 21:26:16.720,1.41884,1.41906,1.88,1.50
2013.11.07 21:26:16.780,1.41884,1.41906,1.88,1.50
2013.11.07 21:26:17.140,1.41885,1.41907,1.50,1.13
2013.11.07 21:26:17.259,1.41889,1.4191,1.13,1.50
2013.11.07 21:26:18.052,1.41886,1.41905,1.88,1.13
2013.11.07 21:26:18.111,1.41886,1.41905,1.13,1.13
2013.11.07 21:26:18.410,1.41886,1.41911,1.88,1.50
2013.11.07 21:26:18.670,1.41886,1.41905,1.13,1.13
2013.11.07 21:26:19.222,1.41886,1.41905,1.13,1.13
2013.11.07 21:26:19.580,1.41888,1.4191,1.13,2.48
2013.11.07 21:26:19.900,1.41889,1.4191,1.13,2.48
2013.11.07 21:26:19.991,1.41889,1.4191,1.13,2.48
2013.11.07 21:26:20.230,1.41886,1.41905,1.88,1.13
2013.11.07 21:26:20.590,1.41886,1.41911,1.13,1.50
2013.11.07 21:26:20.894,1.41886,1.41911,1.13,1.50
2013.11.07 21:26:21.260,1.41886,1.41905,1.13,1.13
2013.11.07 21:26:21.560,1.41886,1.41912,1.13,4.65
2013.11.07 21:26:21.919,1.41886,1.41912,1.13,6.15
2013.11.07 21:26:21.979,1.41886,1.41912,1.13,6.15
2013.11.07 21:26:22.339,1.41886,1.41904,1.13,1.13
2013.11.07 21:26:22.580,1.41886,1.41909,1.13,1.88
2013.11.07 21:26:22.924,1.41886,1.41912,1.13,2.25
2013.11.07 21:26:22.989,1.41886,1.4191,1.13,1.50
2013.11.07 21:26:23.330,1.41886,1.41905,1.13,1.13
2013.11.07 21:26:23.749,1.41886,1.41911,1.13,2.25
2013.11.07 21:26:23.970,1.41886,1.41911,1.13,2.25
2013.11.07 21:26:24.240,1.41886,1.41905,1.13,1.13
2013.11.07 21:26:24.539,1.41886,1.4191,1.13,1.50
2013.11.07 21:26:24.944,1.41886,1.41911,1.13,1.50
2013.11.07 21:26:25.069,1.41886,1.4191,1.13,1.50
2013.11.07 21:26:25.309,1.41886,1.41904,1.13,1.13
2013.11.07 21:26:25.729,1.41886,1.41911,1.13,1.50
2013.11.07 21:26:26.070,1.41886,1.41911,1.13,1.50
2013.11.07 21:26:26.310,1.41885,1.4191,1.88,2.25
2013.11.07 21:26:26.985,1.41886,1.41911,1.13,1.50
2013.11.07 21:26:27.050,1.41886,1.41911,1.13,1.50
2013.11.07 21:26:27.290,1.41886,1.41905,1.13,1.13
2013.11.07 21:26:27.830,1.41886,1.41911,1.13,1.35
2013.11.07 21:26:28.080,1.41886,1.41905,1.13,1.13
2013.11.07 21:26:28.261,1.41886,1.41905,1.13,1.13
2013.11.07 21:26:28.809,1.41886,1.41911,1.13,1.50
2013.11.07 21:26:29.021,1.41886,1.41911,1.13,1.50
2013.11.07 21:26:29.179,1.41885,1.41904,1.88,1.13
2013.11.07 21:26:29.720,1.41886,1.41911,1.13,1.88
2013.11.07 21:26:29.779,1.41886,1.41911,1.13,1.50
2013.11.07 21:26:30.229,1.41886,1.41904,1.13,1.13
2013.11.07 21:26:30.589,1.41886,1.41911,1.13,2.25
2013.11.07 21:26:30.940,1.41886,1.41911,1.13,2.25
2013.11.07 21:26:31.240,1.41886,1.41904,1.13,1.13
2013.11.07 21:26:31.539,1.41886,1.4191,1.13,1.13
2013.11.07 21:26:32.079,1.41886,1.41904,1.13,1.13
2013.11.07 21:26:32.199,1.41886,1.41904,1.13,1.13
2013.11.07 21:26:32.559,1.41886,1.41912,1.13,4.88
2013.11.07 21:26:32.889,1.41886,1.41912,1.13,4.13
2013.11.07 21:26:32.950,1.4189,1.41912,1.13,4.13
2013.11.07 21:26:33.370,1.41886,1.41905,1.13,1.13
2013.11.07 21:26:33.730,1.41893,1.41907,1.13,1.50
2013.11.07 21:26:34.270,1.41887,1.41903,1.13,1.13
2013.11.07 21:26:34.330,1.41886,1.41902,1.13,1.13
2013.11.07 21:26:34.750,1.41887,1.41906,1.13,1.50
2013.11.07 21:26:35.291,1.41884,1.41902,1.88,1.13
2013.11.07 21:26:35.350,1.41884,1.41906,1.88,1.50
2013.11.07 21:26:35.411,1.41887,1.41906,1.13,1.50
2013.11.07 21:26:35.770,1.41887,1.41908,1.13,1.50
2013.11.07 21:26:36.070,1.41887,1.41907,1.13,1.50
2013.11.07 21:26:38.570,1.41886,1.41905,1.13,1.50
2013.11.07 21:26:38.809,1.41886,1.4191,2.63,1.88
2013.11.07 21:26:38.929,1.41885,1.41906,2.63,1.50
2013.11.07 21:26:39.289,1.41885,1.41903,2.63,1.13
2013.11.07 21:26:39.410,1.41885,1.41903,1.13,1.13
2013.11.07 21:26:39.710,1.41884,1.41908,1.88,1.50
2013.11.07 21:26:40.011,1.41886,1.4191,1.13,3.15
2013.11.07 21:26:40.070,1.41886,1.4191,1.13,3.90
2013.11.07 21:26:40.468,1.41886,1.41903,1.13,1.88
2013.11.07 21:26:40.594,1.41883,1.41903,1.13,1.88
2013.11.07 21:26:41.050,1.41885,1.41909,2.63,1.13
2013.11.07 21:26:41.169,1.41885,1.41908,2.63,1.50
2013.11.07 21:26:41.460,1.41883,1.41902,1.13,1.13
2013.11.07 21:26:41.640,1.41885,1.41907,1.13,2.70
2013.11.07 21:26:41.820,1.41885,1.41909,1.13,1.88
2013.11.07 21:26:42.154,1.41885,1.41906,1.13,1.13
2013.11.07 21:26:42.281,1.41884,1.41904,1.88,1.50
2013.11.07 21:26:42.462,1.4188,1.419,1.13,1.50
2013.11.07 21:26:42.521,1.41876,1.419,1.13,1.50
2013.11.07 21:26:42.701,1.41877,1.419,1.88,1.28
2013.11.07 21:26:43.060,1.41877,1.41901,1.88,1.28
2013.11.07 21:26:43.201,1.41879,1.41901,1.88,1.28
2013.11.07 21:26:43.560,1.41876,1.419,1.13,1.13
2013.11.07 21:26:43.800,1.41877,1.41901,1.50,2.70
2013.11.07 21:26:44.160,1.4188,1.41901,1.88,2.70
2013.11.07 21:26:44.341,1.41877,1.41901,1.50,2.70
2013.11.07 21:26:44.520,1.41877,1.41899,1.13,1.13
2013.11.07 21:26:44.771,1.41877,1.41901,3.00,1.20
2013.11.07 21:26:45.129,1.4188,1.41901,1.88,1.20
2013.11.07 21:26:45.559,1.41877,1.41899,1.13,1.13
2013.11.07 21:26:45.739,1.41877,1.41901,3.00,1.20
2013.11.07 21:26:45.979,1.41877,1.41901,3.00,1.20
2013.11.07 21:26:46.279,1.41875,1.419,1.13,1.88
2013.11.07 21:26:46.339,1.41875,1.419,1.50,1.50
2013.11.07 21:26:46.520,1.41877,1.41901,2.25,3.08
2013.11.07 21:26:46.775,1.41877,1.41901,2.25,1.20
2013.11.07 21:26:47.050,1.41877,1.41901,2.25,1.20
2013.11.07 21:26:47.289,1.41876,1.41899,1.13,1.13
2013.11.07 21:26:47.409,1.41875,1.41901,1.50,1.95
2013.11.07 21:26:47.470,1.41876,1.41901,3.00,1.20
2013.11.07 21:26:47.660,1.41876,1.41901,3.00,2.70
2013.11.07 21:26:47.842,1.41876,1.41898,1.50,1.50
2013.11.07 21:26:47.960,1.41876,1.41898,1.50,1.50
2013.11.07 21:26:48.300,1.41874,1.41897,1.13,1.13
2013.11.07 21:26:48.360,1.41874,1.41897,1.13,1.13
2013.11.07 21:26:48.720,1.41876,1.41898,1.50,1.50
2013.11.07 21:26:49.070,1.41876,1.41897,1.13,1.13
2013.11.07 21:26:49.250,1.41873,1.41897,1.88,1.13
2013.11.07 21:26:49.310,1.41873,1.41897,1.88,1.13
2013.11.07 21:26:49.490,1.41874,1.41898,2.25,2.70
2013.11.07 21:26:49.850,1.41876,1.41898,1.13,1.50
2013.11.07 21:26:50.032,1.41876,1.41898,1.13,1.50
2013.11.07 21:26:50.170,1.41875,1.41897,1.13,1.13
2013.11.07 21:26:50.289,1.41874,1.41897,1.13,1.13
2013.11.07 21:26:50.349,1.41875,1.41897,1.13,1.13
2013.11.07 21:26:50.830,1.41877,1.41898,1.13,1.50
2013.11.07 21:26:51.280,1.41874,1.41896,1.13,1.13
2013.11.07 21:26:51.465,1.41874,1.41897,3.00,1.28
2013.11.07 21:26:51.533,1.41877,1.41898,1.13,1.50
2013.11.07 21:26:51.779,1.41877,1.41898,1.13,1.50
2013.11.07 21:26:52.029,1.41877,1.41898,1.13,1.50
2013.11.07 21:26:52.389,1.41876,1.41898,1.13,3.08
2013.11.07 21:26:52.570,1.41877,1.41898,1.88,1.50
2013.11.07 21:26:54.940,1.41878,1.41899,1.13,1.50
2013.11.07 21:26:57.524,1.41878,1.41899,1.13,1.50
2013.11.07 21:27:01.457,1.41878,1.41899,1.13,1.50
2013.11.07 21:27:02.631,1.41876,1.41899,1.28,1.50
2013.11.07 21:27:12.340,1.41878,1.41897,2.63,1.50
2013.11.07 21:27:14.882,1.41878,1.41897,1.13,1.50
2013.11.07 21:27:15.270,1.4188,1.419,1.13,1.50
2013.11.07 21:27:15.333,1.41884,1.419,2.25,1.50
2013.11.07 21:27:15.403,1.41884,1.41898,1.50,1.50
2013.11.07 21:27:15.641,1.41884,1.419,1.50,1.50
2013.11.07 21:27:15.821,1.41884,1.41902,1.88,1.50
2013.11.07 21:27:16.000,1.41884,1.41902,1.50,1.50
2013.11.07 21:27:16.120,1.41884,1.41904,2.25,2.70
2013.11.07 21:27:16.180,1.41884,1.41903,1.50,1.50
2013.11.07 21:27:16.780,1.41882,1.41904,1.13,1.50
2013.11.07 21:27:23.730,1.41882,1.41904,1.05,1.50
2013.11.07 21:27:24.060,1.41885,1.41904,1.05,1.50
2013.11.07 21:27:24.580,1.41885,1.41904,1.13,1.50
2013.11.07 21:27:34.500,1.41885,1.41904,1.13,1.50
2013.11.07 21:27:35.360,1.41885,1.41904,1.13,1.50
2013.11.07 21:27:37.710,1.41885,1.41904,1.13,1.50
2013.11.07 21:27:39.981,1.41885,1.41905,1.13,2.10
2013.11.07 21:27:40.602,1.41883,1.41905,1.13,2.10
2013.11.07 21:27:48.299,1.41884,1.41904,1.13,1.13
2013.11.07 21:27:48.939,1.41891,1.41906,1.13,1.88
2013.11.07 21:27:49.242,1.41891,1.4191,1.50,1.13
2013.11.07 21:27:49.600,1.41891,1.41913,2.25,2.78
2013.11.07 21:27:50.523,1.41891,1.41911,2.25,1.95
2013.11.07 21:27:51.390,1.41892,1.41914,1.88,1.20
2013.11.07 21:27:51.570,1.41889,1.41913,1.50,1.20
2013.11.07 21:27:51.630,1.41894,1.41913,1.50,1.58
2013.11.07 21:27:52.180,1.41899,1.41913,1.13,1.20
2013.11.07 21:27:52.360,1.419,1.41912,1.50,1.28
2013.11.07 21:27:52.420,1.41904,1.41912,1.13,1.28
2013.11.07 21:27:52.540,1.41907,1.41926,1.50,1.65
2013.11.07 21:27:52.600,1.41912,1.4193,1.13,3.81
2013.11.07 21:27:52.660,1.41912,1.4193,1.13,1.42
2013.11.07 21:27:52.781,1.41917,1.41932,1.13,1.50
2013.11.07 21:27:52.904,1.41917,1.41932,1.13,1.50
2013.11.07 21:27:53.030,1.4191,1.4193,1.13,1.50
2013.11.07 21:27:53.219,1.4191,1.41924,1.88,1.50
2013.11.07 21:27:53.343,1.4191,1.41922,1.50,1.50
2013.11.07 21:27:53.410,1.41901,1.41919,1.50,1.13
2013.11.07 21:27:53.470,1.41898,1.41919,1.13,1.58
2013.11.07 21:27:53.650,1.419,1.4192,1.13,2.25
2013.11.07 21:27:54.009,1.41903,1.41926,1.50,1.13
2013.11.07 21:27:54.069,1.41903,1.41926,1.88,1.13
2013.11.07 21:27:54.310,1.41904,1.41924,1.50,1.50
2013.11.07 21:27:54.562,1.41904,1.41924,1.50,1.50
2013.11.07 21:27:55.082,1.41905,1.41926,1.88,1.58
2013.11.07 21:27:55.840,1.41905,1.41926,1.50,2.63
2013.11.07 21:27:56.140,1.41906,1.41925,1.88,1.50
2013.11.07 21:27:56.260,1.41906,1.41924,1.50,1.50
2013.11.07 21:27:57.713,1.41904,1.41925,1.50,3.00
2013.11.07 21:27:57.781,1.41904,1.41924,1.50,1.50
2013.11.07 21:27:58.500,1.41904,1.41925,1.88,1.50
2013.11.07 21:27:59.780,1.41903,1.41925,1.50,2.03
2013.11.07 21:28:00.971,1.419,1.41924,1.13,1.50
2013.11.07 21:28:01.204,1.41902,1.41924,1.13,2.25
2013.11.07 21:28:02.320,1.419,1.41924,1.13,2.25
2013.11.07 21:28:04.462,1.41902,1.4192,1.13,1.50
2013.11.07 21:28:04.522,1.41901,1.41918,1.13,1.50
2013.11.07 21:28:05.490,1.41899,1.41919,1.13,2.25
2013.11.07 21:28:05.670,1.41899,1.41917,1.13,1.50
2013.11.07 21:28:05.731,1.41899,1.41917,1.13,1.50
2013.11.07 21:28:06.271,1.419,1.41916,1.13,1.50
2013.11.07 21:28:06.601,1.419,1.41917,1.13,3.00
2013.11.07 21:28:07.070,1.419,1.41914,1.13,1.50
2013.11.07 21:28:07.191,1.41897,1.41913,1.13,1.50
2013.11.07 21:28:07.310,1.41897,1.41912,1.13,1.50
2013.11.07 21:28:10.410,1.41888,1.41911,1.50,1.50
2013.11.07 21:28:10.650,1.41887,1.41906,1.50,3.00
2013.11.07 21:28:11.249,1.41886,1.41905,1.13,1.50
2013.11.07 21:28:11.320,1.41884,1.41906,1.88,1.50
2013.11.07 21:28:11.450,1.41887,1.41902,1.13,1.50
2013.11.07 21:28:11.690,1.41882,1.41901,1.50,2.25
2013.11.07 21:28:12.230,1.41882,1.41903,1.13,3.00
2013.11.07 21:28:12.290,1.41879,1.41905,1.50,3.75
2013.11.07 21:28:14.512,1.41886,1.41908,1.13,1.88
2013.11.07 21:28:14.870,1.41887,1.41907,1.13,1.13
2013.11.07 21:28:14.931,1.41887,1.41907,1.13,1.13
2013.11.07 21:28:15.290,1.41885,1.41907,1.13,1.88
2013.11.07 21:28:18.470,1.41889,1.41907,1.13,1.13
2013.11.07 21:28:30.981,1.41881,1.41901,2.03,1.50
2013.11.07 21:28:31.102,1.41881,1.419,1.50,1.13
2013.11.07 21:28:31.160,1.41878,1.41896,1.50,1.50
2013.11.07 21:28:31.700,1.41878,1.41896,1.50,1.50
2013.11.07 21:28:33.020,1.41878,1.41899,1.50,1.50
2013.11.07 21:28:42.141,1.41877,1.41901,1.88,2.63
2013.11.07 21:28:44.693,1.41878,1.419,1.50,1.13
2013.11.07 21:28:46.680,1.41878,1.41898,1.50,1.50
2013.11.07 21:28:47.400,1.41878,1.41898,1.50,1.50
2013.11.07 21:28:51.102,1.41877,1.41897,1.50,1.13
2013.11.07 21:28:51.160,1.41873,1.41898,1.50,2.25
2013.11.07 21:28:51.280,1.41875,1.41898,2.03,2.25
2013.11.07 21:28:51.640,1.41876,1.41897,1.50,2.25
2013.11.07 21:28:52.231,1.41876,1.41897,1.50,2.25
2013.11.07 21:28:59.656,1.41876,1.41892,1.50,1.50
2013.11.07 21:28:59.840,1.41868,1.41893,1.13,2.25
2013.11.07 21:29:00.080,1.41867,1.41893,2.25,2.25
2013.11.07 21:29:00.850,1.41867,1.41893,2.25,2.63
2013.11.07 21:29:00.911,1.41867,1.41893,2.25,2.63
2013.11.07 21:29:08.220,1.41867,1.41892,1.50,2.63
2013.11.07 21:29:08.281,1.41867,1.41892,1.50,2.63
2013.11.07 21:29:08.520,1.41867,1.41892,1.50,1.13
2013.11.07 21:29:08.821,1.41863,1.41888,1.88,1.13
2013.11.07 21:29:09.550,1.41863,1.41888,1.50,1.13
2013.11.07 21:29:09.930,1.41863,1.41888,1.50,1.13
2013.11.07 21:29:10.710,1.41863,1.41888,1.50,1.13
2013.11.07 21:29:11.523,1.41863,1.41888,1.50,1.13
2013.11.07 21:29:12.001,1.41863,1.41876,1.50,1.50
2013.11.07 21:29:12.120,1.41863,1.41877,1.50,1.50
2013.11.07 21:29:12.241,1.41858,1.41884,1.13,1.28
2013.11.07 21:29:12.541,1.41865,1.41886,1.50,1.20
2013.11.07 21:29:12.660,1.41862,1.41882,1.88,1.13
2013.11.07 21:29:12.780,1.41864,1.41883,1.50,1.13
2013.11.07 21:29:12.840,1.41864,1.41881,1.50,1.50
2013.11.07 21:29:13.080,1.41862,1.41883,1.13,1.13
2013.11.07 21:29:13.140,1.41863,1.41883,1.50,1.13
2013.11.07 21:29:13.390,1.41862,1.41883,1.13,1.50
2013.11.07 21:29:13.450,1.41863,1.41883,1.50,1.50
2013.11.07 21:29:14.429,1.41865,1.41883,1.50,1.50
2013.11.07 21:29:15.230,1.41865,1.41883,1.50,1.50
2013.11.07 21:29:16.694,1.41863,1.41883,1.88,1.13
2013.11.07 21:29:17.953,1.41864,1.41883,1.13,1.13
2013.11.07 21:29:18.455,1.41865,1.41883,1.13,1.13
2013.11.07 21:29:20.091,1.41864,1.41883,1.13,1.13
2013.11.07 21:29:20.760,1.41864,1.41883,1.13,1.13
2013.11.07 21:29:20.880,1.41864,1.41883,1.88,1.13
2013.11.07 21:29:20.940,1.41864,1.41883,1.13,1.13
2013.11.07 21:29:21.485,1.41864,1.41883,1.13,1.13
2013.11.07 21:29:21.910,1.41864,1.41883,1.13,1.13
2013.11.07 21:29:22.410,1.41866,1.41883,1.13,1.13
2013.11.07 21:29:29.320,1.41863,1.41882,1.13,1.13
2013.11.07 21:29:30.660,1.41862,1.41882,1.50,1.13
2013.11.07 21:29:30.783,1.41861,1.41882,1.88,1.13
2013.11.07 21:29:31.280,1.41861,1.41882,1.13,1.13
2013.11.07 21:29:31.771,1.4186,1.41882,1.88,1.13
2013.11.07 21:29:32.302,1.41861,1.41882,1.13,1.13
2013.11.07 21:29:34.480,1.41863,1.41882,1.50,1.13
2013.11.07 21:29:43.020,1.41863,1.41882,1.50,1.13
2013.11.07 21:29:47.211,1.41861,1.41882,1.13,1.13
2013.11.07 21:29:48.640,1.41861,1.41877,1.13,1.13
2013.11.07 21:29:50.310,1.41861,1.41877,1.13,1.13
2013.11.07 21:29:54.793,1.41861,1.41877,1.13,1.13
2013.11.07 21:30:00.011,1.41858,1.41876,1.13,1.13
2013.11.07 21:30:00.310,1.41858,1.41876,1.13,1.13
2013.11.07 21:30:00.812,1.41854,1.41876,1.50,1.13
2013.11.07 21:30:00.931,1.41854,1.41875,1.50,1.13
2013.11.07 21:30:02.450,1.41855,1.41879,1.88,1.13
2013.11.07 21:30:03.080,1.41855,1.41879,1.88,1.13
2013.11.07 21:30:05.720,1.41856,1.41879,1.88,1.13
2013.11.07 21:30:06.260,1.41856,1.41879,1.88,1.13
2013.11.07 21:30:07.040,1.41856,1.41879,2.25,1.13
2013.11.07 21:30:08.170,1.41856,1.41879,1.13,1.13
2013.11.07 21:30:08.332,1.41857,1.41879,1.13,1.13
2013.11.07 21:30:08.866,1.41857,1.41879,1.50,1.13
2013.11.07 21:30:10.840,1.41857,1.41883,1.50,2.25
2013.11.07 21:30:11.612,1.4186,1.41884,1.13,2.25
2013.11.07 21:30:12.680,1.4186,1.41884,1.13,1.13
2013.11.07 21:30:12.740,1.4186,1.41884,1.13,1.13
2013.11.07 21:30:17.621,1.4186,1.41884,1.88,1.13
2013.11.07 21:30:20.224,1.4186,1.41887,1.50,3.00
2013.11.07 21:30:20.353,1.41861,1.41887,1.13,1.88
2013.11.07 21:30:27.011,1.41862,1.41887,1.13,2.63
2013.11.07 21:30:27.550,1.41862,1.41887,1.13,1.13
2013.11.07 21:30:31.240,1.41862,1.41888,1.13,1.13
2013.11.07 21:30:31.571,1.41863,1.4189,1.13,1.50
2013.11.07 21:30:32.113,1.41865,1.41891,1.13,1.13
2013.11.07 21:30:35.513,1.41866,1.4189,1.50,2.25
2013.11.07 21:30:36.416,1.41865,1.41891,1.88,2.63
2013.11.07 21:30:37.106,1.41865,1.41891,1.88,2.63
2013.11.07 21:30:37.971,1.41865,1.41893,1.88,2.25
2013.11.07 21:30:38.034,1.41865,1.41893,1.88,2.25
2013.11.07 21:30:39.582,1.41868,1.41893,1.13,1.88
2013.11.07 21:30:40.182,1.41868,1.41895,1.13,1.88
2013.11.07 21:30:42.640,1.41868,1.41896,1.50,2.63
2013.11.07 21:30:43.141,1.41872,1.41897,1.13,1.50
2013.11.07 21:30:47.611,1.41872,1.41898,1.13,1.50
2013.11.07 21:30:53.160,1.41875,1.41903,1.13,1.50
2013.11.07 21:30:59.275,1.4188,1.41907,1.88,1.50
2013.11.07 21:30:59.342,1.4188,1.41907,1.88,1.50
2013.11.07 21:30:59.522,1.41875,1.41905,1.13,1.13
2013.11.07 21:31:00.740,1.41875,1.41905,1.13,1.13
2013.11.07 21:31:03.250,1.41876,1.41905,1.13,1.13
2013.11.07 21:31:03.700,1.41876,1.41909,1.88,1.50
2013.11.07 21:31:04.010,1.41882,1.4191,1.13,1.50
2013.11.07 21:31:05.981,1.41879,1.41906,1.13,1.13
2013.11.07 21:31:08.520,1.41877,1.41903,1.13,1.13
2013.11.07 21:31:08.672,1.41876,1.41903,1.88,1.13
2013.11.07 21:31:08.732,1.41876,1.41899,1.50,1.13
2013.11.07 21:31:09.270,1.41874,1.41899,1.13,1.13
2013.11.07 21:31:20.942,1.41868,1.41894,3.00,1.13
2013.11.07 21:31:24.583,1.4187,1.41894,1.13,1.13
2013.11.07 21:31:36.890,1.41874,1.419,1.13,1.50
2013.11.07 21:31:51.942,1.41876,1.41902,1.13,1.13
2013.11.07 21:32:00.741,1.41876,1.41899,1.13,1.13
2013.11.07 21:32:00.860,1.41872,1.41898,1.13,1.13
2013.11.07 21:32:03.511,1.41872,1.41898,1.13,1.13
2013.11.07 21:32:07.561,1.41876,1.41902,1.13,1.13
2013.11.07 21:32:11.913,1.41872,1.419,1.88,1.13
2013.11.07 21:32:19.701,1.41876,1.41898,1.13,1.13
2013.11.07 21:32:19.821,1.41874,1.41898,1.13,1.13
2013.11.07 21:32:19.881,1.41886,1.41898,2.41,1.13
2013.11.07 21:32:19.941,1.41893,1.41911,2.79,2.25
2013.11.07 21:32:20.001,1.41903,1.41911,1.50,1.50
2013.11.07 21:32:20.061,1.41903,1.41914,1.50,1.13
2013.11.07 21:32:20.300,1.41903,1.41921,1.50,1.88
2013.11.07 21:32:20.650,1.41903,1.41921,1.50,1.13
2013.11.07 21:32:20.832,1.41883,1.41909,1.13,1.13
2013.11.07 21:32:21.010,1.41878,1.41909,1.13,1.13
2013.11.07 21:32:23.900,1.4188,1.4191,1.13,1.13
2013.11.07 21:32:24.080,1.41894,1.41923,1.50,1.88
2013.11.07 21:32:24.452,1.41899,1.41923,1.50,1.13
2013.11.07 21:32:26.281,1.41902,1.41923,1.50,1.13
2013.11.07 21:32:27.883,1.41902,1.41926,1.88,1.88
2013.11.07 21:32:27.941,1.41905,1.4193,1.13,1.13
2013.11.07 21:32:28.002,1.41917,1.4193,1.50,1.13
2013.11.07 21:32:28.180,1.41918,1.41932,1.50,1.13
2013.11.07 21:32:28.244,1.41906,1.41932,1.13,1.13
2013.11.07 21:32:28.311,1.41906,1.41932,1.13,1.13
2013.11.07 21:32:28.370,1.41903,1.41925,1.13,1.13
2013.11.07 21:32:34.621,1.41901,1.41923,1.88,1.13
2013.11.07 21:32:34.980,1.41894,1.41916,2.63,1.13
2013.11.07 21:32:35.401,1.41888,1.41916,1.50,1.13
2013.11.07 21:32:37.381,1.41895,1.41922,1.13,1.50
2013.11.07 21:32:37.500,1.41898,1.41922,1.88,1.13
2013.11.07 21:32:41.922,1.41899,1.41922,2.63,1.13
2013.11.07 21:32:45.270,1.41899,1.41922,1.13,1.13
2013.11.07 21:32:49.400,1.41906,1.41927,1.13,1.13
2013.11.07 21:32:49.580,1.41906,1.4193,1.13,1.13
2013.11.07 21:32:50.180,1.41904,1.4193,1.13,1.13
2013.11.07 21:32:57.011,1.41913,1.41938,2.25,2.25
2013.11.07 21:32:58.100,1.41911,1.41938,2.25,2.33
2013.11.07 21:32:58.483,1.41911,1.41938,1.50,2.33
2013.11.07 21:32:59.340,1.4191,1.41938,2.25,2.33
2013.11.07 21:32:59.980,1.41909,1.41935,1.13,1.13
2013.11.07 21:33:00.591,1.4191,1.41935,2.25,1.13
2013.11.07 21:33:01.320,1.41913,1.41935,1.50,1.13
2013.11.07 21:33:01.822,1.41913,1.41936,1.50,1.13
2013.11.07 21:33:06.972,1.41914,1.41934,1.50,1.13
2013.11.07 21:33:08.740,1.41914,1.41932,1.50,1.13
2013.11.07 21:33:08.800,1.41909,1.41932,1.13,1.13
2013.11.07 21:33:10.562,1.41908,1.41932,1.88,1.13
2013.11.07 21:33:10.680,1.41907,1.41932,1.50,1.50
2013.11.07 21:33:10.741,1.41906,1.41927,1.13,1.13
2013.11.07 21:33:11.280,1.41902,1.41927,1.50,1.13
2013.11.07 21:33:12.360,1.41907,1.41927,1.50,1.13
2013.11.07 21:33:12.480,1.41908,1.41933,2.25,2.33
2013.11.07 21:33:12.540,1.41908,1.41938,3.00,1.13
2013.11.07 21:33:12.662,1.41909,1.41936,1.88,1.50
2013.11.07 21:33:13.020,1.41906,1.41926,1.13,1.13
2013.11.07 21:33:16.360,1.41902,1.41927,1.13,1.13
2013.11.07 21:33:17.403,1.41896,1.41918,1.50,2.25
2013.11.07 21:33:18.992,1.41893,1.41918,3.00,1.50
2013.11.07 21:33:20.171,1.41899,1.41918,1.13,1.13
2013.11.07 21:33:20.470,1.41906,1.41931,1.88,1.50
2013.11.07 21:33:20.792,1.41906,1.4193,1.50,1.13
2013.11.07 21:33:23.161,1.41906,1.41924,1.50,1.50
2013.11.07 21:33:23.280,1.41885,1.41911,1.13,1.13
2013.11.07 21:33:23.520,1.41883,1.41908,1.13,1.13
2013.11.07 21:33:25.669,1.41879,1.41908,1.13,1.13
2013.11.07 21:33:25.852,1.41879,1.41911,1.13,1.50
2013.11.07 21:33:26.362,1.41879,1.41908,1.13,1.50
2013.11.07 21:33:26.720,1.41881,1.419,1.13,1.13
2013.11.07 21:33:26.842,1.41881,1.41909,1.13,1.50
2013.11.07 21:33:27.021,1.41881,1.41909,1.13,1.13
2013.11.07 21:33:27.081,1.41877,1.41907,2.25,1.13
2013.11.07 21:33:27.441,1.41879,1.41898,1.13,1.13
2013.11.07 21:33:27.620,1.41882,1.41904,1.13,1.88
2013.11.07 21:33:27.680,1.41882,1.41904,1.13,1.88
2013.11.07 21:33:28.101,1.41882,1.41909,1.13,1.13
2013.11.07 21:33:29.160,1.41882,1.41909,1.13,1.50
2013.11.07 21:33:30.879,1.41876,1.41909,1.50,1.50
2013.11.07 21:33:33.102,1.41878,1.41909,1.50,1.50
2013.11.07 21:33:34.680,1.4187,1.41898,1.50,1.13
2013.11.07 21:33:35.282,1.41869,1.41897,1.13,2.63
2013.11.07 21:33:35.640,1.4187,1.41898,1.13,1.50
2013.11.07 21:33:35.820,1.41878,1.41906,1.50,1.50
2013.11.07 21:33:36.000,1.41878,1.41906,1.50,1.13
2013.11.07 21:33:38.681,1.41876,1.41908,1.13,1.50
2013.11.07 21:33:45.148,1.41883,1.41908,1.13,1.50
2013.11.07 21:33:45.450,1.4189,1.41909,3.75,1.13
2013.11.07 21:33:47.460,1.4189,1.41909,3.75,1.13
2013.11.07 21:33:47.981,1.4189,1.41909,3.75,1.13
2013.11.07 21:33:48.571,1.4189,1.41909,3.75,1.88
2013.11.07 21:33:51.391,1.41891,1.41905,2.94,1.13
2013.11.07 21:33:51.451,1.41891,1.41905,2.94,1.13
2013.11.07 21:33:51.930,1.4189,1.41906,1.36,1.88
2013.11.07 21:33:52.470,1.41891,1.41905,1.36,1.13
2013.11.07 21:33:53.058,1.41891,1.41903,1.36,1.50
2013.11.07 21:33:53.611,1.4189,1.41903,1.36,1.50
2013.11.07 21:33:54.420,1.4189,1.41903,1.36,1.50
2013.11.07 21:33:56.841,1.4189,1.41903,1.36,1.50
2013.11.07 21:33:57.201,1.4189,1.41897,1.36,2.25
2013.11.07 21:33:57.441,1.41867,1.41897,2.25,3.38
2013.11.07 21:33:58.841,1.41869,1.41897,1.13,3.00
2013.11.07 21:34:00.960,1.41865,1.41887,1.50,1.13
2013.11.07 21:34:01.260,1.41859,1.41886,1.13,1.50
2013.11.07 21:34:01.380,1.41853,1.41879,1.88,1.13
2013.11.07 21:34:01.740,1.41856,1.41876,1.50,1.43
2013.11.07 21:34:02.090,1.41852,1.41876,1.28,1.43
2013.11.07 21:34:04.771,1.41853,1.41875,1.50,1.50
2013.11.07 21:34:06.111,1.41855,1.41873,1.50,1.13
2013.11.07 21:34:06.471,1.41853,1.4187,1.50,1.13
2013.11.07 21:34:06.651,1.41853,1.41871,1.50,1.13
2013.11.07 21:34:07.172,1.41851,1.41873,5.70,1.13
2013.11.07 21:34:10.091,1.41851,1.41872,5.03,1.13
2013.11.07 21:34:10.284,1.41851,1.41875,5.03,1.50
2013.11.07 21:34:12.681,1.41856,1.41871,1.13,1.13
2013.11.07 21:34:14.781,1.41856,1.41879,1.50,1.13
2013.11.07 21:34:14.900,1.41856,1.41882,1.50,1.13
2013.11.07 21:34:15.433,1.41856,1.41882,1.50,1.13
2013.11.07 21:34:16.692,1.41862,1.41888,1.88,1.50
2013.11.07 21:34:17.057,1.41865,1.4189,1.50,1.88
2013.11.07 21:34:17.123,1.41865,1.4189,1.50,2.25
2013.11.07 21:34:17.661,1.41862,1.41888,2.25,1.50
2013.11.07 21:34:17.991,1.41858,1.41881,1.50,1.13
2013.11.07 21:34:18.293,1.41859,1.41873,1.50,1.13
2013.11.07 21:34:18.651,1.4185,1.41867,3.75,1.13
2013.11.07 21:34:20.681,1.4185,1.41866,3.75,1.13
2013.11.07 21:34:25.790,1.4185,1.41873,3.75,1.13
2013.11.07 21:34:28.100,1.41859,1.41875,1.13,1.50
2013.11.07 21:34:28.341,1.41867,1.41884,1.88,1.13
2013.11.07 21:34:28.401,1.41867,1.41884,1.88,1.13
2013.11.07 21:34:28.641,1.41852,1.41875,1.50,1.13
2013.11.07 21:34:28.701,1.41851,1.4187,3.38,1.50
2013.11.07 21:34:28.943,1.41852,1.41866,1.13,1.13
2013.11.07 21:34:29.062,1.41852,1.4188,1.13,1.13
2013.11.07 21:34:36.391,1.41857,1.41885,1.50,1.50
2013.11.07 21:34:36.510,1.41857,1.41885,1.50,1.50
2013.11.07 21:34:37.140,1.41857,1.4188,1.13,1.13
2013.11.07 21:34:37.443,1.41857,1.41873,1.13,1.13
2013.11.07 21:34:42.120,1.41851,1.4188,3.75,1.50
2013.11.07 21:34:42.181,1.41852,1.41881,1.50,2.25
2013.11.07 21:34:42.721,1.41859,1.41884,1.13,1.50
2013.11.07 21:34:44.181,1.41857,1.41882,1.13,1.50
2013.11.07 21:34:44.481,1.41859,1.41885,1.13,1.50
2013.11.07 21:34:46.272,1.4186,1.41886,1.88,1.50
2013.11.07 21:34:52.390,1.4186,1.41886,1.88,1.50
2013.11.07 21:34:52.811,1.4186,1.41886,1.88,1.13
2013.11.07 21:34:53.730,1.4186,1.4189,2.25,2.25
2013.11.07 21:34:55.421,1.41869,1.4189,1.88,1.13
2013.11.07 21:34:55.600,1.41869,1.4189,1.88,1.13
2013.11.07 21:34:56.440,1.41867,1.4189,1.13,1.88
2013.11.07 21:34:56.561,1.41868,1.4189,1.13,1.88
2013.11.07 21:35:02.091,1.41864,1.4189,1.50,1.88
2013.11.07 21:35:03.090,1.41868,1.4189,1.13,1.88
2013.11.07 21:35:03.692,1.41868,1.4189,1.13,1.88
2013.11.07 21:35:03.752,1.41868,1.4189,1.13,1.88
2013.11.07 21:35:03.866,1.41868,1.4189,1.13,1.88
2013.11.07 21:35:03.931,1.41868,1.4189,1.13,1.88
2013.11.07 21:35:04.711,1.41868,1.4189,1.13,1.88
2013.11.07 21:35:05.811,1.41868,1.4189,1.13,1.88
2013.11.07 21:35:05.871,1.41868,1.4189,1.13,1.88
2013.11.07 21:35:09.951,1.41868,1.41888,1.13,1.13
2013.11.07 21:35:18.021,1.41867,1.41887,1.13,1.13
2013.11.07 21:35:24.177,1.41865,1.41887,1.88,1.13
2013.11.07 21:35:26.356,1.41865,1.41889,1.88,1.13
2013.11.07 21:35:36.463,1.41867,1.41883,1.13,1.13
2013.11.07 21:35:50.825,1.41865,1.41883,1.13,1.13
2013.11.07 21:35:53.773,1.41865,1.4189,2.63,1.13
2013.11.07 21:35:55.711,1.41865,1.41886,2.63,1.13
2013.11.07 21:35:56.620,1.41865,1.41886,1.13,1.13
2013.11.07 21:36:31.034,1.41864,1.41886,1.88,1.13
2013.11.07 21:36:57.151,1.41864,1.41886,2.25,1.13
2013.11.07 21:36:59.910,1.41865,1.41892,1.13,2.25
2013.11.07 21:37:00.401,1.41865,1.41892,2.63,1.50
2013.11.07 21:37:00.975,1.41865,1.41892,2.63,1.50
2013.11.07 21:37:01.655,1.41865,1.41892,2.63,2.25
2013.11.07 21:37:02.110,1.41865,1.4189,1.13,1.50
2013.11.07 21:37:02.292,1.41864,1.41889,2.25,1.50
2013.11.07 21:37:02.501,1.41864,1.4189,2.25,2.25
2013.11.07 21:37:02.621,1.41864,1.4189,2.25,1.50
2013.11.07 21:37:04.581,1.41865,1.41891,1.88,1.50
2013.11.07 21:37:04.951,1.41865,1.4189,1.88,1.50
2013.11.07 21:37:07.873,1.41866,1.41892,1.13,1.50
2013.11.07 21:37:08.231,1.41868,1.41891,1.88,1.13
2013.11.07 21:37:08.471,1.41868,1.41889,1.88,1.50
2013.11.07 21:37:08.831,1.41864,1.41889,1.50,1.50
2013.11.07 21:37:10.462,1.41864,1.4189,2.25,3.00
2013.11.07 21:37:12.321,1.41866,1.41889,1.13,1.50
2013.11.07 21:37:12.442,1.41866,1.41891,1.13,1.13
2013.11.07 21:37:12.501,1.41866,1.41891,1.13,1.13
2013.11.07 21:37:13.433,1.41866,1.41891,1.13,1.13
2013.11.07 21:37:14.397,1.41866,1.41891,1.13,1.13
2013.11.07 21:37:16.892,1.41866,1.4189,1.13,1.13
2013.11.07 21:37:20.461,1.41865,1.41889,1.88,1.13
2013.11.07 21:37:45.455,1.41865,1.41889,1.13,1.13
2013.11.07 21:37:45.522,1.41865,1.41888,1.13,1.50
2013.11.07 21:37:47.143,1.41865,1.41889,1.13,1.13
2013.11.07 21:37:53.524,1.41877,1.4189,1.13,1.50
2013.11.07 21:37:53.594,1.41866,1.41888,1.13,1.13
2013.11.07 21:37:58.120,1.41866,1.4189,1.13,2.25
2013.11.07 21:37:58.181,1.41873,1.41891,1.13,1.50
2013.11.07 21:37:58.241,1.41873,1.4189,1.13,1.13
2013.11.07 21:37:58.792,1.41865,1.41889,1.13,1.13
2013.11.07 21:38:06.641,1.41865,1.41887,1.13,1.13
2013.11.07 21:38:07.191,1.41865,1.41889,1.13,1.88
2013.11.07 21:38:14.421,1.41868,1.41887,1.13,1.13
2013.11.07 21:38:18.181,1.41864,1.41889,1.13,1.88
2013.11.07 21:38:20.721,1.4187,1.41891,1.88,1.50
2013.11.07 21:38:20.841,1.4187,1.41893,1.88,1.13
2013.11.07 21:38:28.019,1.41871,1.41895,1.13,1.50
2013.11.07 21:38:49.772,1.41869,1.41895,2.25,1.50
2013.11.07 21:38:49.831,1.41875,1.41897,1.13,1.13
2013.11.07 21:38:50.012,1.41876,1.41902,1.88,1.88
2013.11.07 21:38:51.410,1.41877,1.41902,1.88,1.88
2013.11.07 21:38:52.493,1.41877,1.41902,2.25,1.88
2013.11.07 21:38:53.973,1.41869,1.41903,2.63,1.13
2013.11.07 21:38:54.091,1.41869,1.41903,1.88,1.13
2013.11.07 21:38:54.831,1.41869,1.41903,1.88,1.13
2013.11.07 21:38:54.891,1.41869,1.419,1.88,1.13
2013.11.07 21:38:55.191,1.41867,1.41898,1.13,1.50
2013.11.07 21:38:55.321,1.41869,1.41898,1.13,1.50
2013.11.07 21:38:59.664,1.41869,1.41896,1.13,1.13
2013.11.07 21:39:00.141,1.4187,1.41895,1.88,1.13
2013.11.07 21:39:00.501,1.41869,1.41896,2.25,1.13
2013.11.07 21:39:03.151,1.41869,1.41898,2.25,1.50
2013.11.07 21:39:03.331,1.41866,1.41892,2.63,1.13
2013.11.07 21:39:04.313,1.41866,1.41892,2.63,1.13
2013.11.07 21:39:05.712,1.41866,1.41892,2.25,1.13
2013.11.07 21:39:06.658,1.41867,1.41892,1.50,1.13
2013.11.07 21:39:09.394,1.41866,1.41892,2.25,1.13
2013.11.07 21:39:10.128,1.41866,1.41892,2.25,1.13
2013.11.07 21:39:13.401,1.41866,1.41892,2.25,1.13
2013.11.07 21:39:14.162,1.41866,1.41887,1.88,1.13
2013.11.07 21:39:14.341,1.41863,1.41886,1.50,1.13
2013.11.07 21:39:23.252,1.41862,1.41886,1.50,1.13
2013.11.07 21:39:24.201,1.41863,1.41884,1.50,1.50
2013.11.07 21:39:24.261,1.41858,1.41881,1.50,1.13
2013.11.07 21:39:24.381,1.41857,1.41881,1.88,1.13
2013.11.07 21:39:26.820,1.41857,1.41881,1.88,1.13
2013.11.07 21:39:27.461,1.41857,1.41881,1.88,1.13
2013.11.07 21:39:30.683,1.41855,1.41881,1.13,2.63
2013.11.07 21:39:32.493,1.41855,1.41877,1.13,1.13
2013.11.07 21:39:32.821,1.41859,1.41883,1.13,1.88
2013.11.07 21:39:32.942,1.41855,1.4188,1.13,1.13
2013.11.07 21:39:33.622,1.41855,1.41883,1.13,1.13
2013.11.07 21:39:34.171,1.41855,1.41884,1.13,2.25
2013.11.07 21:39:36.031,1.41856,1.41883,1.50,1.13
2013.11.07 21:39:44.291,1.41858,1.41883,1.50,2.63
2013.11.07 21:39:55.652,1.41858,1.41881,1.50,1.13
2013.11.07 21:39:56.690,1.41856,1.41878,1.50,1.50
2013.11.07 21:39:57.731,1.41854,1.41878,1.50,1.88
2013.11.07 21:39:58.091,1.41851,1.41878,3.75,1.13
2013.11.07 21:39:59.121,1.4185,1.41877,3.75,2.25
2013.11.07 21:40:00.501,1.41851,1.41873,3.75,1.13
2013.11.07 21:40:01.101,1.4185,1.41874,3.75,1.50
2013.11.07 21:40:02.584,1.41851,1.4187,3.75,1.13
2013.11.07 21:40:04.322,1.41851,1.4187,3.00,1.13
2013.11.07 21:40:05.742,1.41851,1.41868,3.00,1.13
2013.11.07 21:40:06.162,1.4185,1.41866,2.25,1.13
2013.11.07 21:40:06.222,1.4185,1.41868,3.00,1.13
2013.11.07 21:40:07.041,1.4185,1.41866,2.25,1.13
2013.11.07 21:40:08.642,1.4185,1.41866,3.00,1.13
2013.11.07 21:40:08.720,1.4185,1.41866,2.25,1.13
2013.11.07 21:40:09.351,1.4185,1.41866,3.00,1.13
2013.11.07 21:40:09.471,1.41851,1.41866,2.25,1.13
2013.11.07 21:40:09.591,1.41851,1.41866,3.00,1.13
2013.11.07 21:40:12.491,1.4185,1.41867,3.00,1.13
2013.11.07 21:40:13.211,1.4185,1.41866,3.00,1.13
2013.11.07 21:40:13.331,1.4185,1.41866,3.00,1.13
2013.11.07 21:40:13.632,1.41847,1.41866,1.50,1.13
2013.11.07 21:40:13.691,1.41846,1.41866,1.50,1.13
2013.11.07 21:40:14.202,1.41841,1.41866,3.77,1.13
2013.11.07 21:40:14.761,1.4184,1.41866,3.77,1.13
2013.11.07 21:40:14.975,1.4184,1.41866,3.77,1.13
2013.11.07 21:40:23.818,1.41842,1.41866,1.13,1.13
2013.11.07 21:40:24.371,1.41842,1.41866,1.14,1.13
2013.11.07 21:40:30.356,1.41842,1.41866,1.14,1.13
2013.11.07 21:40:38.802,1.41842,1.41866,1.14,1.13
2013.11.07 21:40:40.753,1.41841,1.41865,3.77,1.13
2013.11.07 21:40:44.022,1.41841,1.4187,3.77,1.50
2013.11.07 21:40:49.781,1.4184,1.41871,4.14,1.13
2013.11.07 21:40:52.114,1.41841,1.41871,3.77,1.13
2013.11.07 21:41:09.331,1.41843,1.41868,1.50,1.50
2013.11.07 21:41:11.852,1.41843,1.41867,1.50,1.50
2013.11.07 21:41:11.913,1.41853,1.41867,1.13,1.13
2013.11.07 21:41:12.092,1.41853,1.41877,1.50,1.50
2013.11.07 21:41:12.211,1.41853,1.41878,1.50,1.50
2013.11.07 21:41:12.910,1.41853,1.41879,1.50,1.13
2013.11.07 21:41:13.531,1.4185,1.4188,2.25,1.13
2013.11.07 21:41:17.640,1.41853,1.4188,1.13,1.13
2013.11.07 21:41:19.943,1.41849,1.41877,1.88,1.50
2013.11.07 21:41:20.061,1.41849,1.41874,1.50,1.13
2013.11.07 21:41:20.121,1.41848,1.41873,1.88,1.13
2013.11.07 21:41:20.481,1.41843,1.41871,1.13,1.50
2013.11.07 21:41:23.251,1.41843,1.41871,1.13,1.50
2013.11.07 21:41:23.932,1.41843,1.41873,1.13,1.50
2013.11.07 21:41:24.162,1.41845,1.41875,1.50,2.25
2013.11.07 21:41:29.512,1.41844,1.41873,1.50,1.50
2013.11.07 21:41:31.982,1.41843,1.41872,1.13,1.50
2013.11.07 21:41:33.642,1.41844,1.41873,1.50,1.50
2013.11.07 21:41:36.621,1.41848,1.41873,1.13,1.13
2013.11.07 21:41:36.811,1.4185,1.41879,1.13,1.50
2013.11.07 21:41:37.408,1.41848,1.41877,1.50,1.50
2013.11.07 21:41:37.931,1.41847,1.41878,2.25,1.50
2013.11.07 21:41:45.391,1.41847,1.41877,1.88,1.13
2013.11.07 21:41:45.692,1.41849,1.41877,1.13,1.13
2013.11.07 21:41:45.751,1.41849,1.4188,1.13,1.13
2013.11.07 21:41:55.997,1.41848,1.41884,1.50,1.50
2013.11.07 21:42:07.061,1.41847,1.41884,1.88,1.50
2013.11.07 21:42:07.563,1.41847,1.41884,1.13,1.50
2013.11.07 21:42:13.952,1.41849,1.41887,1.13,1.13
2013.11.07 21:42:15.778,1.41851,1.41883,1.13,1.13
2013.11.07 21:42:20.850,1.4185,1.41885,1.13,1.13
2013.11.07 21:42:27.769,1.4185,1.41885,1.13,1.50
2013.11.07 21:42:29.899,1.4185,1.41881,1.13,1.13
2013.11.07 21:42:32.145,1.41849,1.41881,1.13,1.13
2013.11.07 21:42:34.170,1.41848,1.41881,1.50,1.50
2013.11.07 21:42:34.709,1.41845,1.41877,1.50,1.88
2013.11.07 21:42:35.024,1.41844,1.41873,1.13,1.13
2013.11.07 21:42:41.550,1.41842,1.4187,1.52,1.13
2013.11.07 21:42:41.912,1.41842,1.41869,1.52,1.13
2013.11.07 21:42:42.269,1.41841,1.41866,3.77,3.38
2013.11.07 21:42:43.080,1.4184,1.41866,3.77,1.88
2013.11.07 21:42:47.411,1.4184,1.41867,3.77,1.50
2013.11.07 21:42:47.770,1.4184,1.41871,4.52,1.50
2013.11.07 21:42:51.079,1.4184,1.4187,4.52,1.32
2013.11.07 21:42:51.381,1.4184,1.41849,3.75,1.88
2013.11.07 21:42:51.683,1.41822,1.41844,1.52,2.25
2013.11.07 21:42:51.753,1.41836,1.41844,3.75,2.25
2013.11.07 21:42:51.880,1.41836,1.41847,3.75,1.13
2013.11.07 21:42:52.000,1.41834,1.41851,3.75,1.88
2013.11.07 21:42:52.181,1.41827,1.4185,1.50,1.13
2013.11.07 21:42:52.240,1.41827,1.4185,1.50,1.13
2013.11.07 21:42:53.810,1.41826,1.41852,1.50,2.25
2013.11.07 21:42:55.690,1.41826,1.41852,1.50,2.25
2013.11.07 21:42:56.238,1.41827,1.41852,1.50,2.25
2013.11.07 21:42:56.786,1.41827,1.41851,1.50,1.50
2013.11.07 21:42:59.020,1.41827,1.41851,1.88,1.50
2013.11.07 21:42:59.139,1.41827,1.41853,1.50,1.50
2013.11.07 21:42:59.259,1.4183,1.41857,1.13,1.50
2013.11.07 21:43:00.221,1.41832,1.41862,1.13,1.13
2013.11.07 21:43:00.429,1.4183,1.41851,1.13,1.50
2013.11.07 21:43:00.549,1.41827,1.41851,1.50,1.50
2013.11.07 21:43:00.790,1.4183,1.41862,1.13,3.00
2013.11.07 21:43:01.209,1.41836,1.41863,1.13,3.38
2013.11.07 21:43:02.338,1.41836,1.41863,1.13,2.63
2013.11.07 21:43:02.970,1.4184,1.41866,1.13,2.25
2013.11.07 21:43:04.070,1.4184,1.41866,1.13,2.25
2013.11.07 21:43:05.510,1.41839,1.41865,1.13,2.25
2013.11.07 21:43:05.750,1.41839,1.41865,1.13,1.50
2013.11.07 21:43:06.489,1.41839,1.41866,1.50,2.25
2013.11.07 21:43:06.550,1.41836,1.41865,1.50,2.25
2013.11.07 21:43:06.730,1.41836,1.41865,1.50,1.50
2013.11.07 21:43:06.991,1.41836,1.41865,1.50,1.50
2013.11.07 21:43:07.338,1.41836,1.41865,1.50,2.25
2013.11.07 21:43:07.724,1.41836,1.41865,1.50,1.50
2013.11.07 21:43:11.141,1.41836,1.41865,1.50,1.50
2013.11.07 21:43:11.679,1.41836,1.41865,1.50,1.50
2013.11.07 21:43:11.799,1.41836,1.41865,1.50,1.50
2013.11.07 21:43:12.361,1.41836,1.41864,1.50,1.50
2013.11.07 21:43:12.540,1.41836,1.41866,2.25,1.50
2013.11.07 21:43:12.780,1.41843,1.41868,2.25,1.50
2013.11.07 21:43:13.341,1.41844,1.41869,1.50,1.50
2013.11.07 21:43:13.939,1.41844,1.4187,2.25,1.50
2013.11.07 21:43:15.750,1.41846,1.41871,1.13,1.88
2013.11.07 21:43:18.521,1.41846,1.41873,2.63,1.88
2013.11.07 21:43:18.640,1.4185,1.41873,1.13,1.88
2013.11.07 21:43:19.180,1.41847,1.41873,1.13,1.88
2013.11.07 21:43:20.730,1.41844,1.41871,1.13,1.50
2013.11.07 21:43:21.519,1.41844,1.41869,1.88,1.13
2013.11.07 21:43:22.109,1.41843,1.41869,1.88,1.13
2013.11.07 21:43:24.010,1.41845,1.41869,1.88,1.13
2013.11.07 21:43:24.070,1.41845,1.41871,1.88,2.63
2013.11.07 21:43:31.379,1.41845,1.4187,1.13,1.13
2013.11.07 21:43:38.231,1.41844,1.41869,1.88,1.13
2013.11.07 21:43:38.920,1.41846,1.4187,1.13,1.13
2013.11.07 21:43:41.947,1.41839,1.41864,1.13,1.13
2013.11.07 21:43:42.070,1.41839,1.41864,1.13,1.13
2013.11.07 21:43:53.759,1.41841,1.41868,1.13,1.13
2013.11.07 21:43:53.819,1.41841,1.41868,1.13,1.13
2013.11.07 21:43:54.179,1.41843,1.4187,1.13,1.13
2013.11.07 21:43:58.309,1.4184,1.41867,1.50,1.13
2013.11.07 21:43:59.749,1.41836,1.41867,1.13,3.00
2013.11.07 21:44:00.050,1.41829,1.41859,1.88,1.13
2013.11.07 21:44:02.523,1.41829,1.41863,1.50,2.25
2013.11.07 21:44:03.249,1.4183,1.41861,1.13,1.13
2013.11.07 21:44:04.411,1.41831,1.41861,1.13,1.13
2013.11.07 21:44:05.679,1.41826,1.41861,1.50,1.13
2013.11.07 21:44:05.802,1.4183,1.41861,1.13,1.13
2013.11.07 21:44:05.980,1.41831,1.41861,1.13,1.13
2013.11.07 21:44:06.519,1.41831,1.41861,1.13,1.13
2013.11.07 21:44:06.820,1.41831,1.41861,1.50,1.13
2013.11.07 21:44:08.411,1.41831,1.41862,1.50,1.13
2013.11.07 21:44:08.930,1.41831,1.41861,1.50,1.13
2013.11.07 21:44:10.281,1.41831,1.41866,1.50,1.50
2013.11.07 21:44:10.601,1.41831,1.41866,1.50,1.50
2013.11.07 21:44:11.190,1.41832,1.41861,1.13,1.13
2013.11.07 21:44:11.739,1.41832,1.41862,1.13,1.13
2013.11.07 21:44:14.819,1.41831,1.41865,1.13,1.13
2013.11.07 21:44:16.810,1.41831,1.41865,1.13,1.13
2013.11.07 21:44:17.374,1.41831,1.41864,1.13,1.13
2013.11.07 21:44:20.090,1.41831,1.41863,1.88,1.13
2013.11.07 21:44:20.606,1.41831,1.41864,1.88,1.13
2013.11.07 21:44:23.362,1.41831,1.41861,1.88,1.13
2013.11.07 21:44:24.440,1.41831,1.41867,1.13,1.13
2013.11.07 21:44:24.860,1.41834,1.4187,1.13,1.50
2013.11.07 21:44:25.220,1.41831,1.41877,1.13,1.50
2013.11.07 21:44:25.759,1.41831,1.41875,1.13,1.50
2013.11.07 21:44:29.499,1.4183,1.41871,1.88,1.50
2013.11.07 21:44:31.169,1.41829,1.41873,1.50,1.50
2013.11.07 21:44:33.760,1.4183,1.41875,1.13,1.50
2013.11.07 21:44:33.880,1.41835,1.41876,1.88,1.88
2013.11.07 21:44:34.000,1.41843,1.41877,1.50,1.88
2013.11.07 21:44:34.539,1.41844,1.41877,1.13,1.13
2013.11.07 21:44:35.110,1.41843,1.4188,1.13,1.13
2013.11.07 21:44:38.460,1.41842,1.4188,1.13,1.13
2013.11.07 21:44:38.519,1.41837,1.4188,1.50,2.25
2013.11.07 21:44:38.760,1.41834,1.41878,1.50,2.25
2013.11.07 21:44:38.879,1.41832,1.41878,3.08,2.25
2013.11.07 21:44:39.459,1.41832,1.41875,1.50,3.00
2013.11.07 21:44:41.270,1.41832,1.41876,2.33,1.50
2013.11.07 21:44:42.331,1.41832,1.41876,1.95,1.50
2013.11.07 21:44:44.841,1.41832,1.41876,2.25,1.50
2013.11.07 21:44:45.220,1.4184,1.41875,1.13,1.50
2013.11.07 21:44:47.200,1.41837,1.41875,1.13,1.50
2013.11.07 21:44:49.230,1.41838,1.41878,1.50,1.50
2013.11.07 21:44:49.560,1.4184,1.41878,1.13,1.50
2013.11.07 21:44:52.720,1.41843,1.41878,1.13,1.50
2013.11.07 21:44:55.930,1.4184,1.41876,1.13,1.13
2013.11.07 21:44:56.170,1.41839,1.41866,1.13,1.13
2013.11.07 21:44:56.231,1.41836,1.41861,1.50,1.13
2013.11.07 21:44:56.470,1.41832,1.41861,1.13,1.13
2013.11.07 21:44:57.901,1.41835,1.41864,1.13,1.50
2013.11.07 21:44:59.702,1.4184,1.41865,1.50,1.50
2013.11.07 21:44:59.763,1.4184,1.41871,1.50,1.88
2013.11.07 21:45:00.430,1.41849,1.41877,1.13,1.50
2013.11.07 21:45:00.490,1.41849,1.41878,1.13,2.25
2013.11.07 21:45:00.550,1.41849,1.41878,1.58,1.50
2013.11.07 21:45:00.610,1.4185,1.41881,1.20,1.50
2013.11.07 21:45:01.090,1.41849,1.4188,1.95,1.13
2013.11.07 21:45:01.271,1.41847,1.41879,1.58,1.88
2013.11.07 21:45:01.481,1.41847,1.41876,1.58,1.50
2013.11.07 21:45:01.840,1.41847,1.4188,1.58,2.63
2013.11.07 21:45:04.379,1.41844,1.4188,1.58,3.75
2013.11.07 21:45:07.010,1.41844,1.41877,1.95,1.88
2013.11.07 21:45:09.779,1.41843,1.41878,1.20,1.88
2013.11.07 21:45:10.348,1.41845,1.41879,1.58,1.50
2013.11.07 21:45:10.448,1.41845,1.41877,1.58,1.13
2013.11.07 21:45:10.760,1.41841,1.41866,2.10,1.13
2013.11.07 21:45:11.061,1.41843,1.41874,1.11,2.25
2013.11.07 21:45:11.570,1.41843,1.41874,1.11,1.13
2013.11.07 21:45:13.420,1.41843,1.41873,1.11,1.13
2013.11.07 21:45:14.570,1.41843,1.41874,1.49,1.58
2013.11.07 21:45:15.299,1.41843,1.41876,1.49,1.20
2013.11.07 21:45:15.361,1.41843,1.41876,1.49,1.95
2013.11.07 21:45:15.911,1.41842,1.41872,1.49,1.50
2013.11.07 21:45:16.329,1.41842,1.41875,1.49,1.50
2013.11.07 21:45:17.200,1.41842,1.41875,1.49,2.33
2013.11.07 21:45:17.350,1.41842,1.41875,1.49,2.33
2013.11.07 21:45:17.651,1.41841,1.41869,1.08,1.50
2013.11.07 21:45:17.710,1.41837,1.41869,1.13,1.50
2013.11.07 21:45:17.950,1.41838,1.41871,1.13,1.50
2013.11.07 21:45:18.431,1.41838,1.41871,1.13,1.50
2013.11.07 21:45:18.969,1.41838,1.41871,1.13,1.50
2013.11.07 21:45:20.139,1.41838,1.41874,1.13,1.50
2013.11.07 21:45:27.890,1.41835,1.41868,1.50,1.50
2013.11.07 21:45:27.950,1.41832,1.41867,1.50,1.50
2013.11.07 21:45:28.922,1.41838,1.41855,1.13,1.13
2013.11.07 21:45:29.280,1.41839,1.41866,1.13,1.50
2013.11.07 21:45:32.854,1.4184,1.41869,1.50,1.50
2013.11.07 21:45:32.921,1.41845,1.4187,1.13,1.13
2013.11.07 21:45:32.981,1.4184,1.4187,1.50,1.13
2013.11.07 21:45:33.162,1.4184,1.41875,1.50,1.88
2013.11.07 21:45:33.222,1.41842,1.41875,1.50,1.13
2013.11.07 21:45:33.284,1.41838,1.41875,1.13,1.13
2013.11.07 21:45:33.590,1.41837,1.41869,1.50,1.13
2013.11.07 21:45:33.650,1.41838,1.41872,1.13,1.13
2013.11.07 21:45:33.831,1.41836,1.41876,1.50,1.50
2013.11.07 21:45:34.401,1.41836,1.41878,1.50,2.25
2013.11.07 21:45:40.714,1.41851,1.41886,1.50,1.50
2013.11.07 21:45:41.519,1.41851,1.41888,1.50,1.95
2013.11.07 21:45:42.030,1.41851,1.41889,1.50,1.95
2013.11.07 21:45:44.990,1.41854,1.4189,1.13,2.70
2013.11.07 21:45:58.106,1.41856,1.41886,1.13,1.13
2013.11.07 21:46:00.150,1.41856,1.41887,1.13,1.13
2013.11.07 21:46:09.289,1.41851,1.41889,1.50,1.50
2013.11.07 21:46:18.262,1.41851,1.41885,1.13,1.50
2013.11.07 21:46:18.621,1.4185,1.41879,1.13,1.13
2013.11.07 21:46:21.341,1.4185,1.41879,1.50,1.13
2013.11.07 21:46:21.460,1.4185,1.41886,1.50,1.50
2013.11.07 21:46:22.570,1.4185,1.41885,2.25,1.13
2013.11.07 21:46:30.900,1.41851,1.41886,1.50,1.50
2013.11.07 21:46:36.200,1.41851,1.41885,1.50,1.50
2013.11.07 21:46:36.381,1.41851,1.41882,1.50,1.13
2013.11.07 21:46:39.451,1.41851,1.41882,1.13,1.13
2013.11.07 21:46:51.670,1.41861,1.41885,1.13,1.50
2013.11.07 21:46:51.790,1.41865,1.41888,1.13,1.13
2013.11.07 21:46:51.851,1.41863,1.41892,1.13,1.50
2013.11.07 21:46:51.970,1.41858,1.41888,1.50,1.13
2013.11.07 21:46:53.100,1.41857,1.41892,1.50,1.13
2013.11.07 21:46:53.645,1.41859,1.41892,1.50,1.13
2013.11.07 21:46:54.720,1.41855,1.41888,1.50,1.50
2013.11.07 21:46:57.441,1.41858,1.41888,1.50,1.50
2013.11.07 21:47:00.131,1.41858,1.41888,1.50,1.50
2013.11.07 21:47:00.191,1.41865,1.41892,1.13,1.58
2013.11.07 21:47:00.251,1.41865,1.41893,1.50,1.50
2013.11.07 21:47:00.371,1.41865,1.41892,1.13,1.13
2013.11.07 21:47:00.432,1.41864,1.41891,1.88,1.13
2013.11.07 21:47:00.495,1.41861,1.41891,1.13,1.13
2013.11.07 21:47:00.626,1.41858,1.41891,1.13,1.13
2013.11.07 21:47:01.161,1.41857,1.41885,1.13,1.13
2013.11.07 21:47:08.491,1.41857,1.41889,1.13,1.88
2013.11.07 21:47:10.880,1.41856,1.41886,1.13,1.13
2013.11.07 21:47:12.281,1.41855,1.41885,1.13,1.13
2013.11.07 21:47:18.593,1.41852,1.41885,1.13,1.50
2013.11.07 21:47:27.721,1.41848,1.41885,1.50,1.50
2013.11.07 21:47:36.370,1.41848,1.41885,1.50,1.50
2013.11.07 21:47:39.151,1.41853,1.41885,1.13,2.25
2013.11.07 21:47:39.210,1.41853,1.41885,1.13,1.88
2013.11.07 21:47:41.714,1.41854,1.41887,1.50,1.50
2013.11.07 21:47:45.610,1.41852,1.41887,1.50,1.50
2013.11.07 21:47:49.401,1.41852,1.41887,1.50,1.50
2013.11.07 21:47:49.911,1.41852,1.41887,1.50,1.50
2013.11.07 21:47:50.030,1.41854,1.41887,1.13,1.50
2013.11.07 21:47:50.820,1.41853,1.41887,1.50,1.50
2013.11.07 21:47:53.440,1.41853,1.41887,1.50,1.50
2013.11.07 21:47:57.220,1.4185,1.41885,1.50,1.13
2013.11.07 21:47:58.780,1.41853,1.41885,1.50,1.88
2013.11.07 21:47:59.509,1.41853,1.4188,1.50,1.50
2013.11.07 21:48:04.571,1.41853,1.41883,1.88,1.13
2013.11.07 21:48:04.970,1.4185,1.41882,1.13,3.75
2013.11.07 21:48:08.350,1.4185,1.4188,1.13,1.50
2013.11.07 21:48:10.110,1.41853,1.4188,1.13,1.50
2013.11.07 21:48:10.170,1.41854,1.4188,1.13,1.50
2013.11.07 21:48:10.741,1.41853,1.41885,3.00,1.50
2013.11.07 21:48:11.973,1.41853,1.4188,1.88,1.50
2013.11.07 21:48:12.031,1.41851,1.41878,2.63,1.50
2013.11.07 21:48:13.402,1.41852,1.41876,1.88,1.50
2013.11.07 21:48:14.020,1.41851,1.41875,1.88,1.50
2013.11.07 21:48:15.390,1.4185,1.41874,2.25,1.50
2013.11.07 21:48:16.691,1.4185,1.41874,2.25,1.50
2013.11.07 21:48:18.710,1.4185,1.41874,1.88,1.88
2013.11.07 21:48:20.890,1.4185,1.41874,1.50,1.88
2013.11.07 21:48:21.070,1.41844,1.41871,1.13,1.50
2013.11.07 21:48:21.190,1.41846,1.41872,1.50,2.25
2013.11.07 21:48:21.604,1.41844,1.41872,2.63,1.50
2013.11.07 21:48:22.471,1.41844,1.41872,1.13,1.50
2013.11.07 21:48:23.319,1.41844,1.41872,1.13,1.50
2013.11.07 21:48:31.330,1.41844,1.41873,1.13,2.25
2013.11.07 21:48:37.240,1.41845,1.41873,1.13,1.50
2013.11.07 21:48:41.780,1.41844,1.41874,1.13,1.50
2013.11.07 21:48:43.962,1.41841,1.41871,1.50,1.13
2013.11.07 21:48:44.081,1.4184,1.41865,1.13,1.50
2013.11.07 21:48:44.142,1.4184,1.41865,1.13,1.50
2013.11.07 21:48:44.320,1.4184,1.41865,1.13,1.13
2013.11.07 21:48:44.572,1.4184,1.41865,1.13,1.13
2013.11.07 21:48:48.257,1.41836,1.41871,1.50,1.13
2013.11.07 21:48:48.326,1.41841,1.41871,1.13,1.13
2013.11.07 21:48:54.215,1.41842,1.41872,1.13,1.13
2013.11.07 21:49:00.700,1.41838,1.41872,1.13,1.50
2013.11.07 21:49:02.171,1.41838,1.41872,1.13,1.50
2013.11.07 21:49:05.863,1.41835,1.41869,1.50,1.50
2013.11.07 21:49:10.320,1.41834,1.4187,1.50,1.13
2013.11.07 21:49:17.791,1.41833,1.4187,2.25,1.13
2013.11.07 21:49:22.629,1.41836,1.41871,1.50,1.13
2013.11.07 21:49:24.288,1.41835,1.41868,1.50,1.88
2013.11.07 21:49:30.771,1.41835,1.41868,1.13,1.88
2013.11.07 21:49:35.421,1.41835,1.41868,1.13,1.13
2013.11.07 21:49:37.371,1.41835,1.41868,1.13,1.13
2013.11.07 21:49:37.980,1.41835,1.41868,1.13,1.13
2013.11.07 21:49:38.340,1.41835,1.41868,1.13,1.13
2013.11.07 21:49:39.070,1.41835,1.4187,1.13,1.13
2013.11.07 21:49:39.131,1.41837,1.4187,1.13,1.13
2013.11.07 21:49:40.974,1.41839,1.41876,1.50,1.13
2013.11.07 21:49:42.322,1.41839,1.41876,1.50,1.13
2013.11.07 21:49:42.531,1.41838,1.41876,1.50,1.13
2013.11.07 21:49:45.391,1.41842,1.41876,1.13,1.13
2013.11.07 21:49:46.920,1.41842,1.41876,1.13,1.13
2013.11.07 21:49:47.160,1.41838,1.41868,2.63,1.13
2013.11.07 21:49:48.213,1.41837,1.41872,4.88,1.13
2013.11.07 21:49:49.901,1.41837,1.41872,3.00,1.13
2013.11.07 21:49:53.632,1.41837,1.41872,1.50,1.13
2013.11.07 21:50:00.690,1.41838,1.41872,1.50,1.13
2013.11.07 21:50:02.130,1.41838,1.41872,1.50,1.13
2013.11.07 21:50:02.700,1.41838,1.41872,1.50,1.13
2013.11.07 21:50:03.680,1.41838,1.41872,1.50,1.13
2013.11.07 21:50:06.943,1.41838,1.41872,1.50,1.13
2013.11.07 21:50:07.781,1.41838,1.41872,1.50,1.13
2013.11.07 21:50:08.431,1.41838,1.41872,1.50,1.13
2013.11.07 21:50:08.921,1.41838,1.41867,1.50,1.13
2013.11.07 21:50:09.471,1.41837,1.41867,1.13,1.88
2013.11.07 21:50:10.011,1.41837,1.41867,1.13,1.88
2013.11.07 21:50:12.111,1.41837,1.41867,1.13,1.88
2013.11.07 21:50:18.933,1.41838,1.41867,1.13,1.88
2013.11.07 21:50:19.270,1.41838,1.41867,1.13,1.88
2013.11.07 21:50:26.141,1.41838,1.41867,1.13,1.88
2013.11.07 21:50:27.352,1.41837,1.41867,1.13,1.13
2013.11.07 21:50:41.611,1.41839,1.41867,1.13,1.13
2013.11.07 21:50:41.671,1.41846,1.41868,1.13,1.50
2013.11.07 21:50:41.731,1.41846,1.41868,1.13,1.50
2013.11.07 21:50:41.970,1.41842,1.41869,1.13,1.50
2013.11.07 21:50:42.152,1.41839,1.41868,1.50,1.50
2013.11.07 21:50:46.378,1.41839,1.41868,1.50,1.50
2013.11.07 21:50:53.460,1.41839,1.41868,1.50,1.50
2013.11.07 21:50:57.295,1.41838,1.41868,1.50,2.25
2013.11.07 21:51:10.501,1.41837,1.41868,1.50,1.50
2013.11.07 21:51:10.801,1.41837,1.41868,1.50,1.50
2013.11.07 21:51:14.652,1.41837,1.4187,1.50,2.25
2013.11.07 21:51:22.172,1.41836,1.41869,1.50,1.50
2013.11.07 21:51:25.102,1.41836,1.41869,1.50,1.50
2013.11.07 21:51:34.521,1.41842,1.41869,1.13,1.50
2013.11.07 21:51:34.842,1.41847,1.41869,1.88,1.50
2013.11.07 21:51:35.448,1.41838,1.41869,1.50,2.25
2013.11.07 21:51:37.490,1.41847,1.41869,1.13,1.50
2013.11.07 21:51:39.360,1.41838,1.41869,1.50,2.25
2013.11.07 21:51:41.671,1.41838,1.41869,1.13,2.25
2013.11.07 21:51:43.450,1.41838,1.41869,1.13,2.25
2013.11.07 21:51:51.230,1.41838,1.41869,1.88,2.25
2013.11.07 21:51:55.830,1.41839,1.41869,1.13,2.25
2013.11.07 21:52:03.591,1.41838,1.41868,1.13,1.50
2013.11.07 21:52:04.140,1.41836,1.41863,3.00,1.50
2013.11.07 21:52:04.201,1.41836,1.41861,3.00,1.50
2013.11.07 21:52:04.560,1.41838,1.41865,1.13,1.50
2013.11.07 21:52:11.371,1.4184,1.41867,1.13,1.50
2013.11.07 21:52:11.431,1.41844,1.41869,1.50,2.25
2013.11.07 21:52:11.671,1.41849,1.41872,1.13,1.50
2013.11.07 21:52:11.851,1.41849,1.41876,1.88,1.50
2013.11.07 21:52:12.211,1.41841,1.41867,1.88,1.50
2013.11.07 21:52:16.812,1.41844,1.41867,1.50,1.50
2013.11.07 21:52:16.872,1.41847,1.41867,1.13,1.50
2013.11.07 21:52:17.051,1.41844,1.4187,1.13,1.50
2013.11.07 21:52:17.920,1.41843,1.41872,1.13,1.50
2013.11.07 21:52:18.110,1.41843,1.41875,1.13,1.13
2013.11.07 21:52:18.769,1.41843,1.41875,1.13,1.13
2013.11.07 21:52:20.381,1.41841,1.41876,1.58,1.50
2013.11.07 21:52:20.440,1.41846,1.41877,1.13,3.00
2013.11.07 21:52:22.622,1.41849,1.41877,1.13,1.50
2013.11.07 21:52:23.231,1.4185,1.41877,1.13,1.50
2013.11.07 21:52:24.702,1.41851,1.41878,1.13,1.50
2013.11.07 21:52:32.660,1.41849,1.41877,1.13,1.50
2013.11.07 21:52:35.933,1.41849,1.41877,1.50,1.50
2013.11.07 21:52:36.750,1.41849,1.41877,1.50,1.50
2013.11.07 21:52:47.110,1.41849,1.41877,1.50,1.50
2013.11.07 21:52:51.231,1.41849,1.41879,1.50,1.50
2013.11.07 21:52:59.301,1.41849,1.4188,1.13,1.50
2013.11.07 21:53:01.334,1.4185,1.4188,1.13,1.50
2013.11.07 21:53:03.967,1.41849,1.4188,1.13,1.50
2013.11.07 21:53:06.170,1.41849,1.4188,1.13,1.50
2013.11.07 21:53:10.261,1.4185,1.41883,1.50,1.88
2013.11.07 21:53:12.950,1.4185,1.41883,2.25,1.88
2013.11.07 21:53:14.171,1.4185,1.41883,1.50,1.88
2013.11.07 21:53:24.670,1.41852,1.41882,1.13,1.50
2013.11.07 21:53:24.790,1.41851,1.41882,1.13,1.50
2013.11.07 21:53:24.971,1.41853,1.41883,1.13,1.50
2013.11.07 21:53:25.091,1.41853,1.41881,1.13,1.13
2013.11.07 21:53:25.480,1.41852,1.41881,1.13,1.13
2013.11.07 21:53:25.840,1.41853,1.41883,1.13,1.13
2013.11.07 21:53:26.200,1.41853,1.41883,1.13,1.13
2013.11.07 21:53:26.580,1.41851,1.41883,1.13,1.13
2013.11.07 21:53:26.701,1.41855,1.41883,1.13,1.13
2013.11.07 21:53:26.761,1.41853,1.41883,1.13,1.13
2013.11.07 21:53:27.192,1.4185,1.41883,1.13,1.13
2013.11.07 21:53:28.741,1.4185,1.41883,1.13,1.13
2013.11.07 21:53:30.161,1.4185,1.41883,1.50,1.13
2013.11.07 21:53:30.797,1.4185,1.41883,1.50,1.13
2013.11.07 21:53:36.191,1.41851,1.41882,1.13,1.13
2013.11.07 21:53:37.682,1.41855,1.41882,1.50,1.13
2013.11.07 21:53:38.241,1.4185,1.41882,1.50,1.13
2013.11.07 21:53:42.330,1.4185,1.41885,1.13,1.50
2013.11.07 21:53:42.390,1.41855,1.41886,1.13,1.50
2013.11.07 21:53:42.931,1.41857,1.41887,1.13,1.13
2013.11.07 21:53:42.990,1.41855,1.41885,1.13,1.50
2013.11.07 21:53:43.050,1.41851,1.41886,1.13,1.50
2013.11.07 21:53:46.302,1.41849,1.41886,2.25,1.50
2013.11.07 21:53:46.541,1.41851,1.41886,1.13,1.50
2013.11.07 21:53:46.601,1.41861,1.41886,1.13,1.50
2013.11.07 21:53:47.148,1.41863,1.41893,1.13,1.13
2013.11.07 21:53:47.450,1.41863,1.41893,1.13,1.13
2013.11.07 21:53:47.930,1.41863,1.41893,1.13,1.13
2013.11.07 21:53:48.147,1.41863,1.41893,1.13,1.13
2013.11.07 21:53:48.510,1.41863,1.41893,1.13,1.13
2013.11.07 21:53:48.991,1.41864,1.41893,1.50,1.13
2013.11.07 21:53:49.358,1.41863,1.41893,1.13,1.13
2013.11.07 21:53:49.481,1.41863,1.41893,1.13,1.13
2013.11.07 21:53:50.353,1.41864,1.41897,1.13,1.50
2013.11.07 21:53:50.471,1.41864,1.41897,1.13,1.50
2013.11.07 21:53:53.331,1.41864,1.41897,1.50,1.50
2013.11.07 21:53:53.903,1.41864,1.41897,1.50,1.50
2013.11.07 21:53:54.671,1.41867,1.41898,1.13,1.50
2013.11.07 21:53:55.111,1.41867,1.41898,1.13,1.50
2013.11.07 21:53:55.442,1.41867,1.41898,1.13,1.50
2013.11.07 21:54:00.161,1.41874,1.41902,1.13,2.25
2013.11.07 21:54:00.542,1.4188,1.41903,1.50,1.50
2013.11.07 21:54:00.810,1.41879,1.41908,1.50,1.50
2013.11.07 21:54:01.410,1.41879,1.41911,1.13,1.13
2013.11.07 21:54:01.651,1.41877,1.419,1.13,1.50
2013.11.07 21:54:01.710,1.41868,1.41899,1.13,1.50
2013.11.07 21:54:03.081,1.41867,1.41899,1.13,1.50
2013.11.07 21:54:05.451,1.41868,1.41899,1.13,1.50
2013.11.07 21:54:06.832,1.41871,1.41899,1.13,1.50
2013.11.07 21:54:06.890,1.41871,1.41899,1.50,1.50
2013.11.07 21:54:07.251,1.41879,1.419,1.13,1.50
2013.11.07 21:54:08.371,1.41879,1.419,1.13,1.50
2013.11.07 21:54:08.490,1.41878,1.419,1.13,1.50
2013.11.07 21:54:14.291,1.41872,1.41898,1.50,1.50
2013.11.07 21:54:15.291,1.41872,1.41898,1.13,1.50
2013.11.07 21:54:20.640,1.41872,1.41902,1.50,2.25
2013.11.07 21:54:20.941,1.41881,1.41896,1.13,1.13
2013.11.07 21:54:21.120,1.41871,1.41896,1.13,1.50
2013.11.07 21:54:25.150,1.41877,1.41894,1.13,1.13
2013.11.07 21:54:25.210,1.41869,1.41894,1.13,1.13
2013.11.07 21:54:25.825,1.41869,1.41898,1.50,1.88
2013.11.07 21:54:25.950,1.41879,1.41899,1.13,1.13
2013.11.07 21:54:26.534,1.41881,1.41903,1.13,3.00
2013.11.07 21:54:30.421,1.41879,1.41899,1.13,1.50
2013.11.07 21:54:30.481,1.41874,1.41898,2.25,1.50
2013.11.07 21:54:30.720,1.41866,1.4189,1.50,1.13
2013.11.07 21:54:32.731,1.41868,1.41893,1.13,1.13
2013.11.07 21:54:33.233,1.41868,1.41893,1.13,1.13
2013.11.07 21:54:33.901,1.41866,1.41898,1.50,2.25
2013.11.07 21:54:34.141,1.41858,1.41893,1.13,1.50
2013.11.07 21:54:34.201,1.41848,1.41893,1.50,1.50
2013.11.07 21:54:35.432,1.41853,1.41892,1.13,1.50
2013.11.07 21:54:38.311,1.41843,1.41894,1.50,1.50
2013.11.07 21:54:45.952,1.41842,1.41887,2.25,1.50
2013.11.07 21:54:46.310,1.41843,1.41892,1.50,2.25
2013.11.07 21:54:46.611,1.41853,1.41892,1.50,1.13
2013.11.07 21:54:46.670,1.41853,1.41892,1.50,1.13
2013.11.07 21:54:49.430,1.41844,1.41892,1.13,2.25
2013.11.07 21:54:52.292,1.41842,1.41892,1.50,2.25
2013.11.07 21:54:53.810,1.41842,1.41892,1.88,1.50
2013.11.07 21:54:56.433,1.41842,1.41892,1.50,1.50
2013.11.07 21:54:57.502,1.41842,1.41892,1.50,1.50
2013.11.07 21:55:00.972,1.41841,1.41885,1.50,1.50
2013.11.07 21:55:01.211,1.41837,1.41882,1.50,1.50
2013.11.07 21:55:02.101,1.41837,1.41882,1.50,2.25
2013.11.07 21:55:02.890,1.41837,1.41883,2.25,1.50
2013.11.07 21:55:03.499,1.41841,1.41883,1.13,1.50
2013.11.07 21:55:04.770,1.41843,1.41881,1.13,1.50
2013.11.07 21:55:05.470,1.41843,1.41881,1.13,2.25
2013.11.07 21:55:15.392,1.41842,1.41881,1.13,2.25
2013.11.07 21:55:19.240,1.41842,1.41881,1.13,2.25
2013.11.07 21:55:33.090,1.41841,1.41877,1.13,1.13
2013.11.07 21:56:00.617,1.41835,1.41872,1.13,1.13
2013.11.07 21:56:00.741,1.41835,1.4187,1.13,1.13
2013.11.07 21:56:07.541,1.41837,1.41872,1.50,1.13
2013.11.07 21:56:08.080,1.41836,1.41874,1.50,1.13
2013.11.07 21:56:11.702,1.41835,1.41873,1.50,1.13
2013.11.07 21:56:12.421,1.41866,1.41883,1.13,1.50
2013.11.07 21:56:12.481,1.41869,1.41885,1.13,1.13
2013.11.07 21:56:12.943,1.41869,1.41887,1.13,1.13
2013.11.07 21:56:13.014,1.41869,1.41898,1.50,1.50
2013.11.07 21:56:14.472,1.41869,1.41898,1.50,1.50
2013.11.07 21:56:15.001,1.4187,1.41898,1.50,1.50
2013.11.07 21:56:15.651,1.41865,1.41898,1.50,1.50
2013.11.07 21:56:15.711,1.4186,1.41896,1.88,3.00
2013.11.07 21:56:15.771,1.41859,1.4189,1.13,1.50
2013.11.07 21:56:15.951,1.41845,1.4189,1.28,1.50
2013.11.07 21:56:16.011,1.41841,1.41896,1.50,3.00
2013.11.07 21:56:19.871,1.4185,1.41892,1.58,1.13
2013.11.07 21:56:19.931,1.41888,1.41902,1.50,2.18
2013.11.07 21:56:19.991,1.41889,1.41908,1.50,1.95
2013.11.07 21:56:20.051,1.41889,1.41912,1.50,1.50
2013.11.07 21:56:20.171,1.41894,1.41914,1.13,1.13
2013.11.07 21:56:20.352,1.41894,1.4191,1.13,1.13
2013.11.07 21:56:20.471,1.41892,1.41912,1.13,2.24
2013.11.07 21:56:20.542,1.41892,1.41914,1.13,1.50
2013.11.07 21:56:20.842,1.41889,1.41914,1.50,1.50
2013.11.07 21:56:21.200,1.41873,1.41906,1.50,1.13
2013.11.07 21:56:22.041,1.41868,1.41914,1.50,1.88
2013.11.07 21:56:22.101,1.41875,1.41914,2.00,1.88
2013.11.07 21:56:22.161,1.41887,1.41914,1.50,1.13
2013.11.07 21:56:22.282,1.41894,1.41921,1.50,1.50
2013.11.07 21:56:22.342,1.41899,1.41924,2.25,2.10
2013.11.07 21:56:22.401,1.41899,1.41943,3.00,2.25
2013.11.07 21:56:22.461,1.41924,1.41943,0.75,1.50
2013.11.07 21:56:22.641,1.41926,1.41943,0.75,1.13
2013.11.07 21:56:22.761,1.41927,1.41943,0.75,1.13
2013.11.07 21:56:22.821,1.41899,1.41941,1.50,1.58
2013.11.07 21:56:23.230,1.41917,1.41942,1.13,1.80
2013.11.07 21:56:23.290,1.41927,1.41955,1.50,1.13
2013.11.07 21:56:23.351,1.41938,1.41963,1.50,1.50
2013.11.07 21:56:23.410,1.41938,1.41976,1.50,1.13
2013.11.07 21:56:23.470,1.4194,1.41978,1.50,1.13
2013.11.07 21:56:23.530,1.41937,1.41978,1.13,1.13
2013.11.07 21:56:23.651,1.41936,1.41979,1.13,1.50
2013.11.07 21:56:24.011,1.41945,1.41978,1.50,1.50
2013.11.07 21:56:26.061,1.41942,1.41978,1.50,1.50
2013.11.07 21:56:26.447,1.41942,1.41978,1.50,3.75
2013.11.07 21:56:26.871,1.41934,1.41978,2.33,3.75
2013.11.07 21:56:28.542,1.41935,1.41969,1.20,1.50
2013.11.07 21:56:28.601,1.41937,1.41969,1.13,1.50
2013.11.07 21:56:28.662,1.41941,1.41968,1.13,1.50
2013.11.07 21:56:29.141,1.41937,1.41977,1.13,1.50
2013.11.07 21:56:29.261,1.4194,1.41976,1.13,1.50
2013.11.07 21:56:29.801,1.41941,1.41976,1.13,1.50
2013.11.07 21:56:29.921,1.41941,1.41976,1.50,1.50
2013.11.07 21:56:30.281,1.41935,1.41975,1.20,1.50
2013.11.07 21:56:30.400,1.41943,1.41975,1.50,1.50
2013.11.07 21:56:31.162,1.41936,1.41977,1.20,1.50
2013.11.07 21:56:31.682,1.41934,1.41973,1.13,3.00
2013.11.07 21:56:32.221,1.41932,1.4197,1.13,1.88
2013.11.07 21:56:32.767,1.41922,1.4197,1.50,1.20
2013.11.07 21:56:33.334,1.41922,1.4197,1.50,1.20
2013.11.07 21:56:33.511,1.41921,1.41968,1.50,1.50
2013.11.07 21:56:33.872,1.41921,1.41962,2.03,1.50
2013.11.07 21:56:34.176,1.41921,1.41967,1.50,1.50
2013.11.07 21:56:36.641,1.41922,1.41971,1.50,2.25
2013.11.07 21:56:37.641,1.4193,1.41966,1.50,1.50
2013.11.07 21:56:37.701,1.41929,1.41966,1.50,1.50
2013.11.07 21:56:38.433,1.41927,1.41968,1.13,3.00
2013.11.07 21:56:39.772,1.41919,1.41963,1.50,1.50
2013.11.07 21:56:39.831,1.41918,1.41962,1.50,1.88
2013.11.07 21:56:40.972,1.41912,1.41957,1.13,1.13
2013.11.07 21:56:41.490,1.41908,1.41957,2.25,1.88
2013.11.07 21:56:43.632,1.41908,1.41957,3.75,1.88
2013.11.07 21:56:43.692,1.41908,1.41955,3.75,1.13
2013.11.07 21:56:44.051,1.41902,1.41941,1.50,1.13
2013.11.07 21:56:44.110,1.41893,1.41941,1.88,1.50
2013.11.07 21:56:44.170,1.41893,1.41932,1.88,1.13
2013.11.07 21:56:44.752,1.41891,1.41932,1.58,1.13
2013.11.07 21:56:45.081,1.41891,1.41932,1.58,1.13
2013.11.07 21:56:48.181,1.41883,1.41932,1.20,1.13
2013.11.07 21:56:49.711,1.41891,1.41934,1.95,1.13
2013.11.07 21:56:50.301,1.41891,1.41934,1.20,1.13
2013.11.07 21:56:54.332,1.41886,1.41936,1.50,1.13
2013.11.07 21:56:55.831,1.41882,1.41936,2.25,1.50
2013.11.07 21:56:56.372,1.41905,1.41948,1.13,2.33
2013.11.07 21:56:57.585,1.41906,1.41947,1.13,1.50
2013.11.07 21:56:58.271,1.41906,1.41947,1.13,1.50
2013.11.07 21:56:58.522,1.41906,1.41947,1.13,1.50
2013.11.07 21:57:03.500,1.41906,1.41947,1.13,1.50
2013.11.07 21:57:04.502,1.41903,1.41947,1.13,1.50
2013.11.07 21:57:04.563,1.41902,1.41944,3.00,1.50
2013.11.07 21:57:05.421,1.41899,1.41943,1.50,2.25
2013.11.07 21:57:06.701,1.41899,1.41943,1.50,1.50
2013.11.07 21:57:07.241,1.41899,1.41943,1.88,2.25
2013.11.07 21:57:07.301,1.41898,1.41943,1.50,2.25
2013.11.07 21:57:07.362,1.41898,1.41945,1.50,2.55
2013.11.07 21:57:07.541,1.41897,1.41947,2.25,1.13
2013.11.07 21:57:09.203,1.41904,1.41949,1.50,2.25
2013.11.07 21:57:10.684,1.41906,1.41949,2.25,1.88
2013.11.07 21:57:12.427,1.41907,1.4195,1.13,1.88
2013.11.07 21:57:12.496,1.41909,1.41955,1.13,2.63
2013.11.07 21:57:12.561,1.4191,1.41955,1.13,2.25
2013.11.07 21:57:12.921,1.41923,1.41956,1.13,1.50
2013.11.07 21:57:13.341,1.4192,1.41956,1.13,1.50
2013.11.07 21:57:13.401,1.41922,1.41956,1.13,1.50
2013.11.07 21:57:13.751,1.4192,1.41957,1.88,1.50
2013.11.07 21:57:13.812,1.4192,1.41955,1.88,1.13
2013.11.07 21:57:14.050,1.41911,1.41956,1.13,1.13
2013.11.07 21:57:14.232,1.41911,1.41957,1.13,1.88
2013.11.07 21:57:14.471,1.41921,1.41967,1.88,1.13
2013.11.07 21:57:14.591,1.41928,1.41967,1.13,1.13
2013.11.07 21:57:14.951,1.4192,1.41966,1.50,1.69
2013.11.07 21:57:15.132,1.41925,1.41971,1.13,1.13
2013.11.07 21:57:15.371,1.41923,1.41975,1.50,1.32
2013.11.07 21:57:15.732,1.41928,1.41971,1.13,2.55
2013.11.07 21:57:15.851,1.41928,1.41977,1.13,2.25
2013.11.07 21:57:15.970,1.41927,1.41964,1.50,1.13
2013.11.07 21:57:16.511,1.41927,1.41964,1.50,1.13
2013.11.07 21:57:16.631,1.41926,1.41964,1.50,1.13
2013.11.07 21:57:17.051,1.41923,1.41964,1.50,1.13
2013.11.07 21:57:17.170,1.41919,1.41964,1.13,1.13
2013.11.07 21:57:17.291,1.41925,1.41971,1.50,1.13
2013.11.07 21:57:17.422,1.41926,1.41971,1.50,1.50
2013.11.07 21:57:17.782,1.41926,1.41972,1.88,1.50
2013.11.07 21:57:18.201,1.41923,1.41968,1.13,1.13
2013.11.07 21:57:18.680,1.41922,1.41968,1.50,1.13
2013.11.07 21:57:19.051,1.41925,1.41968,1.13,1.13
2013.11.07 21:57:19.232,1.41933,1.41973,1.50,1.13
2013.11.07 21:57:19.291,1.41933,1.41973,1.88,1.13
2013.11.07 21:57:19.621,1.41937,1.41975,1.13,1.13
2013.11.07 21:57:20.131,1.41937,1.41975,1.13,1.13
2013.11.07 21:57:20.941,1.41937,1.41975,1.13,1.13
2013.11.07 21:57:21.060,1.41937,1.41975,1.13,1.13
2013.11.07 21:57:21.311,1.41939,1.41975,1.50,1.13
2013.11.07 21:57:21.880,1.41939,1.41975,1.50,1.13
2013.11.07 21:57:22.422,1.41938,1.41975,1.50,1.13
2013.11.07 21:57:23.010,1.41938,1.41975,1.50,1.13
2013.11.07 21:57:23.904,1.41938,1.41979,1.69,1.88
2013.11.07 21:57:24.046,1.41938,1.41979,1.69,1.50
2013.11.07 21:57:25.051,1.4194,1.41981,1.32,1.50
2013.11.07 21:57:25.411,1.41945,1.41987,1.69,1.13
2013.11.07 21:57:25.833,1.41944,1.41987,1.69,1.13
2013.11.07 21:57:27.061,1.41947,1.41987,1.13,1.13
2013.11.07 21:57:27.391,1.41945,1.41978,1.13,1.13
2013.11.07 21:57:27.510,1.41937,1.41978,1.50,1.50
2013.11.07 21:57:27.570,1.41932,1.41978,1.50,1.50
2013.11.07 21:57:27.631,1.41932,1.41981,1.50,1.13
2013.11.07 21:57:27.691,1.41932,1.41981,1.50,1.13
2013.11.07 21:57:27.811,1.41932,1.41984,1.50,1.13
2013.11.07 21:57:27.991,1.41932,1.41981,1.50,1.88
2013.11.07 21:57:28.523,1.41932,1.41981,1.50,2.25
2013.11.07 21:57:29.091,1.41932,1.41981,1.50,1.50
2013.11.07 21:57:29.151,1.41932,1.41981,1.50,1.50
2013.11.07 21:57:29.275,1.41936,1.41985,1.50,1.50
2013.11.07 21:57:29.341,1.41935,1.41985,1.50,1.50
2013.11.07 21:57:29.463,1.41933,1.41985,1.50,1.50
2013.11.07 21:57:30.022,1.41933,1.41985,1.50,1.50
2013.11.07 21:57:31.900,1.41933,1.41986,1.50,1.50
2013.11.07 21:57:32.670,1.41933,1.41986,1.50,1.50
2013.11.07 21:57:33.101,1.41926,1.41983,2.25,2.25
2013.11.07 21:57:33.162,1.41926,1.41983,3.00,3.00
2013.11.07 21:57:33.341,1.41926,1.41983,2.25,3.00
2013.11.07 21:57:33.530,1.41926,1.41983,2.25,2.63
2013.11.07 21:57:34.351,1.41924,1.41981,2.25,1.88
2013.11.07 21:57:34.862,1.41925,1.4198,1.50,1.13
2013.11.07 21:57:35.151,1.41921,1.41983,1.50,1.88
2013.11.07 21:57:35.332,1.41918,1.41983,2.25,2.63
2013.11.07 21:57:35.571,1.41919,1.41982,1.50,1.50
2013.11.07 21:57:35.631,1.41918,1.41982,1.50,1.50
2013.11.07 21:57:36.082,1.41924,1.41982,1.50,1.50
2013.11.07 21:57:36.791,1.41924,1.41982,2.25,1.88
2013.11.07 21:57:36.911,1.41924,1.41983,1.50,1.13
2013.11.07 21:57:37.236,1.41924,1.41983,1.50,1.50
2013.11.07 21:57:38.041,1.41925,1.4198,1.50,1.50
2013.11.07 21:57:38.351,1.41923,1.41977,1.50,1.50
2013.11.07 21:57:39.092,1.41923,1.41977,1.50,2.25
2013.11.07 21:57:39.211,1.41915,1.41975,1.50,1.50
2013.11.07 21:57:39.272,1.41914,1.41969,1.50,1.50
2013.11.07 21:57:39.511,1.41914,1.41971,2.25,1.50
2013.11.07 21:57:39.571,1.41914,1.41974,2.25,1.50
2013.11.07 21:57:39.632,1.41914,1.41976,2.25,2.25
2013.11.07 21:57:39.751,1.41915,1.41974,1.50,1.50
2013.11.07 21:57:40.112,1.41914,1.41972,2.25,2.25
2013.11.07 21:57:40.231,1.41914,1.4197,2.25,1.50
2013.11.07 21:57:40.531,1.41914,1.41971,1.50,1.50
2013.11.07 21:57:40.592,1.41919,1.41973,1.50,1.50
2013.11.07 21:57:42.219,1.4192,1.41973,1.50,1.50
2013.11.07 21:57:42.402,1.41921,1.41976,1.50,1.50
2013.11.07 21:57:45.921,1.41915,1.41976,1.50,1.50
2013.11.07 21:57:45.981,1.41915,1.41976,1.50,1.50
2013.11.07 21:57:46.461,1.41917,1.41977,1.50,2.25
2013.11.07 21:57:47.603,1.41919,1.41974,1.50,1.50
2013.11.07 21:57:47.791,1.41915,1.41975,1.50,1.50
2013.11.07 21:57:47.851,1.41915,1.41975,1.50,1.50
2013.11.07 21:57:51.751,1.41914,1.41975,1.50,1.50
2013.11.07 21:57:51.811,1.41914,1.41976,2.25,2.25
2013.11.07 21:57:52.232,1.41914,1.41979,2.25,2.25
2013.11.07 21:57:52.413,1.41914,1.41976,1.50,1.50
2013.11.07 21:57:52.781,1.41917,1.41976,1.50,1.50
2013.11.07 21:57:53.461,1.41917,1.41975,1.50,1.50
2013.11.07 21:57:54.011,1.41917,1.41971,1.50,1.50
2013.11.07 21:57:54.191,1.41916,1.41977,1.50,1.13
2013.11.07 21:57:54.311,1.41916,1.41979,1.50,1.13
2013.11.07 21:57:54.821,1.41916,1.41979,1.50,1.50
2013.11.07 21:57:55.290,1.41914,1.41977,2.25,2.25
2013.11.07 21:57:55.641,1.41915,1.41973,1.50,1.50
2013.11.07 21:57:58.052,1.41916,1.41974,1.50,1.50
2013.11.07 21:57:58.112,1.41919,1.41974,1.50,1.50
2013.11.07 21:57:58.173,1.41919,1.41975,1.50,2.25
2013.11.07 21:57:58.712,1.41922,1.41976,1.50,1.50
2013.11.07 21:57:59.291,1.41922,1.41975,1.50,1.50
2013.11.07 21:57:59.412,1.41914,1.41969,1.50,1.50
2013.11.07 21:57:59.471,1.41914,1.41968,1.50,1.50
2013.11.07 21:58:00.041,1.41917,1.41972,1.50,1.50
2013.11.07 21:58:00.161,1.41913,1.41969,2.25,2.25
2013.11.07 21:58:00.813,1.41913,1.41968,1.58,1.50
2013.11.07 21:58:01.411,1.41913,1.41969,1.58,1.50
2013.11.07 21:58:01.531,1.41917,1.4197,1.50,1.50
2013.11.07 21:58:04.371,1.41916,1.4197,1.50,1.50
2013.11.07 21:58:04.550,1.41895,1.41959,1.13,2.25
2013.11.07 21:58:05.050,1.41898,1.41958,1.50,1.50
2013.11.07 21:58:05.171,1.41903,1.41959,1.50,2.25
2013.11.07 21:58:05.350,1.41894,1.41959,1.13,2.25
2013.11.07 21:58:05.700,1.41902,1.41957,1.50,1.50
2013.11.07 21:58:05.820,1.41899,1.41958,1.13,2.25
2013.11.07 21:58:06.360,1.41891,1.41957,1.88,2.25
2013.11.07 21:58:06.420,1.41898,1.41957,1.13,2.25
2013.11.07 21:58:06.780,1.41893,1.41949,3.00,2.25
2013.11.07 21:58:06.960,1.41894,1.41948,1.50,1.50
2013.11.07 21:58:07.080,1.4189,1.41945,2.25,2.25
2013.11.07 21:58:07.260,1.4189,1.41946,1.88,2.25
2013.11.07 21:58:07.440,1.4189,1.41946,1.88,1.50
2013.11.07 21:58:07.560,1.41895,1.41946,1.13,1.50
2013.11.07 21:58:08.090,1.41894,1.41948,1.50,2.25
2013.11.07 21:58:08.150,1.41894,1.41948,2.25,2.25
2013.11.07 21:58:10.503,1.41898,1.41958,1.50,1.88
2013.11.07 21:58:10.571,1.41899,1.41962,1.50,1.50
2013.11.07 21:58:11.252,1.41899,1.41962,2.25,1.50
2013.11.07 21:58:11.311,1.41904,1.41968,2.25,2.25
2013.11.07 21:58:11.551,1.41902,1.41966,1.50,1.50
2013.11.07 21:58:11.611,1.41902,1.41965,1.50,1.50
2013.11.07 21:58:13.484,1.41901,1.41965,1.50,1.50
2013.11.07 21:58:13.551,1.41899,1.41962,2.25,2.25
2013.11.07 21:58:13.872,1.41899,1.41962,2.25,2.25
2013.11.07 21:58:15.282,1.41896,1.4195,1.88,1.50
2013.11.07 21:58:15.641,1.41892,1.41946,1.50,1.88
2013.11.07 21:58:18.361,1.41898,1.41945,1.50,1.88
2013.11.07 21:58:18.481,1.41891,1.41943,1.50,1.50
2013.11.07 21:58:20.641,1.41898,1.4195,1.50,1.50
2013.11.07 21:58:20.701,1.41898,1.41949,1.50,1.13
2013.11.07 21:58:21.475,1.41907,1.4196,1.20,1.50
2013.11.07 21:58:21.671,1.41906,1.41961,1.58,1.13
2013.11.07 21:58:21.791,1.41906,1.41964,1.58,1.50
2013.11.07 21:58:22.048,1.41909,1.41964,1.58,1.50
2013.11.07 21:58:22.231,1.41914,1.41969,1.58,1.50
2013.11.07 21:58:23.171,1.41914,1.41938,1.58,0.38
2013.11.07 21:58:23.721,1.41919,1.41954,1.58,1.13
2013.11.07 21:58:25.402,1.41906,1.41954,1.13,1.13
2013.11.07 21:58:25.861,1.41899,1.41954,1.50,1.13
2013.11.07 21:58:26.972,1.41896,1.41954,1.50,1.13
2013.11.07 21:58:33.502,1.41899,1.41949,1.13,1.13
2013.11.07 21:58:34.690,1.41893,1.41954,1.88,2.25
2013.11.07 21:58:34.811,1.41893,1.41954,2.63,2.63
2013.11.07 21:58:35.416,1.41893,1.41957,2.25,1.13
2013.11.07 21:58:36.590,1.41894,1.41952,1.50,1.13
2013.11.07 21:58:37.099,1.41893,1.41956,2.25,2.25
2013.11.07 21:58:37.740,1.41893,1.41956,1.50,1.50
2013.11.07 21:58:38.094,1.41892,1.4195,1.50,1.13
2013.11.07 21:58:38.452,1.41891,1.41956,2.25,2.25
2013.11.07 21:58:40.340,1.41891,1.41956,2.25,2.25
2013.11.07 21:58:43.600,1.41887,1.41946,1.88,1.50
2013.11.07 21:58:45.582,1.41887,1.41946,2.25,2.25
2013.11.07 21:58:45.702,1.41887,1.41946,2.25,2.25
2013.11.07 21:58:46.060,1.41887,1.41946,1.50,1.50
2013.11.07 21:58:48.971,1.41887,1.41946,1.88,1.50
2013.11.07 21:58:50.261,1.41888,1.41947,1.50,1.50
2013.11.07 21:58:50.685,1.41888,1.41935,1.50,1.13
2013.11.07 21:58:50.990,1.41887,1.41939,1.50,1.13
2013.11.07 21:58:53.803,1.41888,1.41937,1.50,1.13
2013.11.07 21:58:53.923,1.4188,1.41931,1.50,1.13
2013.11.07 21:58:54.871,1.41884,1.41937,1.50,1.50
2013.11.07 21:58:56.742,1.41883,1.41933,1.50,1.13
2013.11.07 21:58:58.410,1.41891,1.41939,1.50,1.50
2013.11.07 21:58:58.531,1.41892,1.41942,1.50,1.13
2013.11.07 21:58:59.860,1.4189,1.41938,1.50,1.13
2013.11.07 21:59:03.803,1.41913,1.4194,0.38,1.50
2013.11.07 21:59:04.694,1.41913,1.41941,0.38,1.13
2013.11.07 21:59:05.280,1.41913,1.4194,0.38,0.75
2013.11.07 21:59:05.801,1.41913,1.41941,0.38,1.13
2013.11.07 21:59:11.080,1.41913,1.41939,0.38,0.75
2013.11.07 21:59:11.200,1.41913,1.41941,0.38,1.13
2013.11.07 21:59:11.380,1.41913,1.41938,0.38,0.75
2013.11.07 21:59:11.500,1.41913,1.41941,0.38,1.13
2013.11.07 21:59:16.482,1.41889,1.41941,0.75,0.75
2013.11.07 21:59:22.600,1.4189,1.41941,0.75,0.75
2013.11.07 21:59:22.660,1.41889,1.41938,0.75,0.75
2013.11.07 21:59:22.720,1.41884,1.41937,0.75,0.75
2013.11.07 21:59:24.591,1.41883,1.41934,0.75,0.75
2013.11.07 21:59:24.711,1.41879,1.41934,1.50,1.50
2013.11.07 21:59:29.030,1.41879,1.41932,0.75,0.75
2013.11.07 21:59:29.091,1.41875,1.41931,0.75,1.50
2013.11.07 21:59:29.330,1.41867,1.4193,0.75,0.75
2013.11.07 21:59:29.991,1.4188,1.4193,0.75,0.75
2013.11.07 21:59:30.050,1.41882,1.41935,0.75,0.75
2013.11.07 21:59:31.471,1.41879,1.41932,0.75,0.75
2013.11.07 21:59:31.591,1.41883,1.41938,0.75,0.75
2013.11.07 21:59:35.312,1.41881,1.41933,0.75,0.75
2013.11.07 21:59:43.402,1.41881,1.41919,0.75,0.38
2013.11.07 21:59:43.846,1.41876,1.41919,0.75,0.38
2013.11.07 21:59:44.031,1.41876,1.41926,0.75,0.38
2013.11.07 21:59:45.610,1.41878,1.41926,0.75,0.38
2013.11.07 21:59:45.791,1.41883,1.41935,0.75,0.75
2013.11.07 21:59:49.950,1.41896,1.41945,0.75,0.45
2013.11.07 21:59:50.251,1.41907,1.41949,0.38,0.83
2013.11.07 21:59:55.230,1.41907,1.41949,0.38,0.75
2013.11.07 21:59:56.153,1.41907,1.41948,0.57,0.75
2013.11.07 21:59:56.430,1.41907,1.41951,1.32,1.50
2013.11.07 21:59:57.390,1.41907,1.41954,1.32,1.50
2013.11.07 21:59:59.240,1.41907,1.41951,1.32,0.75
2013.11.07 21:59:59.616,1.41907,1.41929,0.57,0.75
