2008.03.07 09:00:00.222,1.6528,1.65325,4.50,0.40
2008.03.07 09:00:00.495,1.6529,1.6533,0.60,4.00
2008.03.07 09:00:00.768,1.6529,1.65335,0.60,4.30
2008.03.07 09:00:01.061,1.65285,1.6533,4.20,0.40
2008.03.07 09:00:01.353,1.65285,1.6533,0.20,4.30
2008.03.07 09:00:01.646,1.65285,1.6533,0.20,4.30
2008.03.07 09:00:01.941,1.65285,1.6533,0.20,4.30
2008.03.07 09:00:02.199,1.6528,1.6532,0.60,4.00
2008.03.07 09:00:02.457,1.6528,1.6532,0.40,4.30
2008.03.07 09:00:02.715,1.6528,1.65315,0.40,4.00
2008.03.07 09:00:02.973,1.65275,1.65315,0.20,4.00
2008.03.07 09:00:03.276,1.65275,1.65315,0.20,4.00
2008.03.07 09:00:03.579,1.65275,1.65315,0.20,4.00
2008.03.07 09:00:03.882,1.6527,1.65315,0.20,4.30
2008.03.07 09:00:04.146,1.65265,1.6531,0.20,4.30
2008.03.07 09:00:04.412,1.65265,1.65305,0.20,4.00
2008.03.07 09:00:04.706,1.65265,1.65305,0.20,4.00
2008.03.07 09:00:04.997,1.65265,1.65305,0.20,4.00
2008.03.07 09:00:05.306,1.65265,1.65295,4.00,0.40
2008.03.07 09:00:05.615,1.65255,1.65295,4.20,0.40
2008.03.07 09:00:05.925,1.6526,1.65295,0.20,4.00
2008.03.07 09:00:06.184,1.6527,1.653,0.60,4.00
2008.03.07 09:00:06.442,1.6527,1.653,0.60,4.00
2008.03.07 09:00:06.701,1.6527,1.6531,0.60,4.00
2008.03.07 09:00:06.958,1.6527,1.6531,0.60,4.00
2008.03.07 09:00:07.251,1.6527,1.6531,0.60,4.00
2008.03.07 09:00:07.544,1.6527,1.65295,0.40,0.40
2008.03.07 09:00:07.839,1.6527,1.65295,0.40,4.30
2008.03.07 09:00:08.103,1.6527,1.65295,0.40,4.30
2008.03.07 09:00:08.366,1.6527,1.65295,0.40,4.00
2008.03.07 09:00:08.631,1.6527,1.65295,0.40,0.40
2008.03.07 09:00:08.894,1.6527,1.65295,0.40,4.30
2008.03.07 09:00:09.247,1.6527,1.6531,0.60,4.00
2008.03.07 09:00:09.601,1.6527,1.6531,0.60,4.00
2008.03.07 09:00:09.950,1.6527,1.6531,0.60,4.00
2008.03.07 09:00:10.244,1.6527,1.6531,0.60,4.00
2008.03.07 09:00:10.407,1.6527,1.6531,0.60,4.00
2008.03.07 09:00:10.636,1.6527,1.6531,0.60,4.00
2008.03.07 09:00:10.864,1.6527,1.6531,0.60,4.00
2008.03.07 09:00:11.092,1.6527,1.65305,0.40,0.40
2008.03.07 09:00:11.437,1.6527,1.65305,0.40,4.30
2008.03.07 09:00:11.762,1.6527,1.65305,0.40,4.30
2008.03.07 09:00:12.079,1.6527,1.65305,0.40,4.30
2008.03.07 09:00:12.361,1.6527,1.65305,0.40,4.30
2008.03.07 09:00:12.618,1.6527,1.65305,0.40,4.30
2008.03.07 09:00:12.877,1.6527,1.65305,0.40,4.30
2008.03.07 09:00:13.134,1.6527,1.65305,0.40,4.30
2008.03.07 09:00:13.418,1.6527,1.65305,0.40,4.30
2008.03.07 09:00:13.700,1.6527,1.65305,0.40,4.30
2008.03.07 09:00:13.983,1.6527,1.65305,0.40,4.30
2008.03.07 09:00:14.268,1.6527,1.65305,0.40,4.30
2008.03.07 09:00:14.576,1.6527,1.65305,0.40,4.30
2008.03.07 09:00:14.883,1.6527,1.65305,0.40,4.30
2008.03.07 09:00:15.191,1.6527,1.65305,0.40,4.30
2008.03.07 09:00:15.428,1.6527,1.65305,0.40,4.30
2008.03.07 09:00:15.666,1.6527,1.65305,0.40,4.30
2008.03.07 09:00:15.904,1.6527,1.65305,0.40,4.30
2008.03.07 09:00:16.142,1.6527,1.65305,0.40,4.30
2008.03.07 09:00:16.441,1.6527,1.65305,0.40,4.30
2008.03.07 09:00:16.740,1.6527,1.65305,0.40,4.30
2008.03.07 09:00:17.039,1.6527,1.65305,0.40,4.30
2008.03.07 09:00:17.359,1.6527,1.65305,0.40,4.30
2008.03.07 09:00:17.683,1.6527,1.65305,0.40,4.30
2008.03.07 09:00:18.004,1.6527,1.65305,0.40,4.30
2008.03.07 09:00:18.326,1.6527,1.65305,0.40,4.30
2008.03.07 09:00:18.595,1.6527,1.65305,0.40,4.30
2008.03.07 09:00:18.809,1.6527,1.65305,0.40,4.30
2008.03.07 09:00:19.052,1.6527,1.65305,0.40,4.30
2008.03.07 09:00:19.294,1.6527,1.65305,0.60,4.00
2008.03.07 09:00:19.628,1.6527,1.6531,0.60,4.30
2008.03.07 09:00:19.962,1.6528,1.65315,0.40,4.30
2008.03.07 09:00:20.294,1.65285,1.65315,0.20,4.00
2008.03.07 09:00:20.538,1.65285,1.65325,0.20,4.00
2008.03.07 09:00:20.784,1.6529,1.65325,0.40,4.00
2008.03.07 09:00:21.032,1.6529,1.65325,0.60,4.00
2008.03.07 09:00:21.305,1.6529,1.6533,0.60,4.00
2008.03.07 09:00:21.612,1.6529,1.6533,0.60,4.00
2008.03.07 09:00:21.893,1.6529,1.65335,0.60,4.30
2008.03.07 09:00:22.142,1.6529,1.6533,0.40,4.30
2008.03.07 09:00:22.419,1.6529,1.6533,0.40,4.30
2008.03.07 09:00:22.703,1.6529,1.6533,0.40,4.30
2008.03.07 09:00:22.987,1.6529,1.65325,0.40,4.00
2008.03.07 09:00:23.271,1.653,1.65325,0.40,4.00
2008.03.07 09:00:23.554,1.653,1.65325,0.40,4.00
2008.03.07 09:00:23.802,1.653,1.65335,0.40,4.30
2008.03.07 09:00:24.050,1.653,1.65335,0.40,4.30
2008.03.07 09:00:24.299,1.6529,1.65335,1.00,4.30
2008.03.07 09:00:24.546,1.6529,1.65335,1.00,4.30
2008.03.07 09:00:24.870,1.6529,1.65335,1.00,4.30
2008.03.07 09:00:25.195,1.6529,1.65335,1.00,4.30
2008.03.07 09:00:25.550,1.6529,1.65335,1.00,4.30
2008.03.07 09:00:25.810,1.6529,1.65335,1.00,4.30
2008.03.07 09:00:26.071,1.6529,1.65335,1.00,4.30
2008.03.07 09:00:26.320,1.6529,1.6533,0.80,4.30
2008.03.07 09:00:26.583,1.6528,1.65325,1.00,4.30
2008.03.07 09:00:26.908,1.6528,1.65325,1.00,4.30
2008.03.07 09:00:27.267,1.6528,1.65325,1.00,4.30
2008.03.07 09:00:27.618,1.6528,1.65325,1.00,4.30
2008.03.07 09:00:27.808,1.6528,1.65325,1.00,4.30
2008.03.07 09:00:28.025,1.6528,1.65325,1.00,4.30
2008.03.07 09:00:28.243,1.6528,1.65325,1.00,4.30
2008.03.07 09:00:28.462,1.6528,1.65315,0.80,0.40
2008.03.07 09:00:28.680,1.6528,1.65315,0.80,0.40
2008.03.07 09:00:29.015,1.65275,1.65315,0.20,4.30
2008.03.07 09:00:29.376,1.65275,1.65315,0.20,4.30
2008.03.07 09:00:29.739,1.6528,1.65315,0.20,4.00
2008.03.07 09:00:30.012,1.6528,1.6532,1.00,0.40
2008.03.07 09:00:30.254,1.6528,1.65315,0.80,4.00
2008.03.07 09:00:30.504,1.6528,1.65315,0.80,4.00
2008.03.07 09:00:30.740,1.6528,1.65315,1.00,4.00
2008.03.07 09:00:30.983,1.6528,1.65315,1.00,4.00
2008.03.07 09:00:31.291,1.6528,1.65315,0.80,4.00
2008.03.07 09:00:31.600,1.65275,1.65315,1.00,4.00
2008.03.07 09:00:31.909,1.65275,1.65315,1.00,4.00
2008.03.07 09:00:32.146,1.65275,1.6531,0.80,4.00
2008.03.07 09:00:32.384,1.65275,1.6531,0.80,4.00
2008.03.07 09:00:32.623,1.65275,1.6531,1.00,4.00
2008.03.07 09:00:32.861,1.65275,1.6531,1.00,4.00
2008.03.07 09:00:33.179,1.65275,1.6531,1.00,4.00
2008.03.07 09:00:33.502,1.65275,1.6531,1.00,4.00
2008.03.07 09:00:33.853,1.65275,1.6531,0.20,4.00
2008.03.07 09:00:34.090,1.65275,1.6531,0.20,4.00
2008.03.07 09:00:34.330,1.65275,1.6531,0.20,4.00
2008.03.07 09:00:34.567,1.65275,1.6531,0.20,4.00
2008.03.07 09:00:34.806,1.65275,1.6531,0.20,4.00
2008.03.07 09:00:35.043,1.6528,1.6531,0.20,4.00
2008.03.07 09:00:35.377,1.65275,1.65315,1.00,4.00
2008.03.07 09:00:35.710,1.6528,1.65315,0.20,4.00
2008.03.07 09:00:36.045,1.65305,1.65315,0.20,4.00
2008.03.07 09:00:36.268,1.6531,1.65315,0.20,4.00
2008.03.07 09:00:36.492,1.6531,1.6535,0.20,8.30
2008.03.07 09:00:36.715,1.6531,1.6535,0.20,4.30
2008.03.07 09:00:36.938,1.6531,1.6535,0.20,4.30
2008.03.07 09:00:37.236,1.6531,1.6535,0.20,8.30
2008.03.07 09:00:37.534,1.6531,1.6535,0.20,8.30
2008.03.07 09:00:37.853,1.6531,1.6535,0.20,8.30
2008.03.07 09:00:38.179,1.6531,1.6535,0.20,8.30
2008.03.07 09:00:38.502,1.65305,1.65345,0.80,0.40
2008.03.07 09:00:38.824,1.653,1.6534,0.20,4.00
2008.03.07 09:00:39.088,1.65295,1.65335,0.80,0.40
2008.03.07 09:00:39.357,1.6529,1.6533,1.00,4.00
2008.03.07 09:00:39.625,1.6529,1.6533,1.00,4.00
2008.03.07 09:00:39.893,1.6529,1.6533,1.00,4.00
2008.03.07 09:00:40.162,1.6529,1.6533,1.00,4.00
2008.03.07 09:00:40.420,1.6529,1.6533,1.00,4.00
2008.03.07 09:00:40.677,1.6529,1.6533,1.00,4.00
2008.03.07 09:00:40.935,1.6529,1.6533,1.00,4.00
2008.03.07 09:00:41.193,1.6529,1.6533,1.00,4.00
2008.03.07 09:00:41.477,1.6529,1.65325,0.80,0.40
2008.03.07 09:00:41.759,1.6528,1.65325,1.00,4.30
2008.03.07 09:00:42.042,1.6529,1.65325,0.20,4.00
2008.03.07 09:00:42.331,1.6529,1.6533,0.60,4.00
2008.03.07 09:00:42.620,1.6529,1.6533,0.60,4.00
2008.03.07 09:00:42.909,1.6529,1.6533,0.60,4.00
2008.03.07 09:00:43.196,1.6529,1.6533,0.60,4.00
2008.03.07 09:00:43.449,1.6529,1.6533,0.60,4.00
2008.03.07 09:00:43.703,1.6529,1.6533,0.60,4.00
2008.03.07 09:00:43.955,1.6529,1.6533,1.30,4.00
2008.03.07 09:00:44.230,1.6529,1.6533,1.30,4.00
2008.03.07 09:00:44.586,1.6529,1.6533,1.30,4.00
2008.03.07 09:00:44.919,1.6529,1.6533,1.30,4.00
2008.03.07 09:00:45.282,1.6529,1.6533,1.30,4.00
2008.03.07 09:00:45.520,1.6529,1.6533,1.30,4.00
2008.03.07 09:00:45.759,1.6529,1.6533,1.30,4.00
2008.03.07 09:00:45.997,1.6529,1.6533,1.30,4.00
2008.03.07 09:00:46.235,1.6529,1.6533,1.30,4.00
2008.03.07 09:00:46.563,1.6529,1.6533,1.30,4.00
2008.03.07 09:00:46.891,1.6529,1.6533,1.30,4.00
2008.03.07 09:00:47.220,1.6529,1.6533,0.80,4.30
2008.03.07 09:00:47.453,1.65295,1.6533,0.20,4.00
2008.03.07 09:00:47.714,1.6529,1.6533,0.20,4.00
2008.03.07 09:00:47.920,1.6529,1.6532,0.20,4.00
2008.03.07 09:00:48.152,1.6529,1.6533,0.20,4.00
2008.03.07 09:00:48.384,1.6529,1.6533,0.20,4.00
2008.03.07 09:00:48.717,1.6529,1.6533,0.20,4.00
2008.03.07 09:00:49.048,1.6529,1.6533,0.20,4.00
2008.03.07 09:00:49.381,1.6529,1.6533,0.20,4.00
2008.03.07 09:00:49.639,1.6529,1.6533,0.20,4.00
2008.03.07 09:00:49.898,1.6529,1.6533,1.00,8.00
2008.03.07 09:00:50.157,1.6529,1.6532,0.80,0.40
2008.03.07 09:00:50.415,1.6528,1.6532,1.00,4.30
2008.03.07 09:00:50.729,1.65285,1.65315,0.20,4.00
2008.03.07 09:00:51.041,1.6528,1.65315,0.80,4.00
2008.03.07 09:00:51.384,1.6528,1.6532,0.80,4.30
2008.03.07 09:00:51.632,1.6528,1.6532,0.80,4.30
2008.03.07 09:00:51.880,1.6528,1.6532,0.80,4.30
2008.03.07 09:00:52.128,1.6528,1.6532,0.80,4.30
2008.03.07 09:00:52.376,1.65275,1.65315,1.00,4.00
2008.03.07 09:00:52.680,1.6528,1.65315,0.20,4.00
2008.03.07 09:00:52.983,1.6528,1.6532,0.20,4.00
2008.03.07 09:00:53.293,1.65275,1.65315,0.80,0.40
2008.03.07 09:00:53.563,1.65275,1.6531,0.20,4.00
2008.03.07 09:00:53.830,1.65275,1.65315,0.20,4.00
2008.03.07 09:00:54.069,1.65285,1.6532,0.80,4.30
2008.03.07 09:00:54.307,1.65285,1.6532,0.80,4.30
2008.03.07 09:00:54.545,1.65275,1.65315,0.80,4.30
2008.03.07 09:00:54.879,1.65275,1.6531,0.80,4.00
2008.03.07 09:00:55.213,1.6528,1.6531,0.20,4.00
2008.03.07 09:00:55.546,1.6528,1.6532,0.80,4.30
2008.03.07 09:00:55.775,1.6528,1.65315,0.80,4.30
2008.03.07 09:00:56.003,1.6528,1.65315,0.80,4.30
2008.03.07 09:00:56.245,1.6528,1.65315,0.80,4.30
2008.03.07 09:00:56.471,1.6528,1.65315,0.80,4.30
2008.03.07 09:00:56.800,1.65275,1.65315,1.00,4.30
2008.03.07 09:00:57.130,1.65275,1.65315,1.00,4.30
2008.03.07 09:00:57.458,1.6528,1.6532,1.00,4.30
2008.03.07 09:00:57.697,1.6528,1.6532,1.00,4.30
2008.03.07 09:00:57.935,1.6528,1.6532,1.00,4.30
2008.03.07 09:00:58.175,1.6528,1.6532,1.00,4.30
2008.03.07 09:00:58.414,1.6528,1.6532,1.00,4.30
2008.03.07 09:00:58.701,1.6528,1.6532,1.00,4.30
2008.03.07 09:00:58.989,1.6528,1.6532,1.00,4.30
2008.03.07 09:00:59.277,1.6528,1.6532,1.00,4.30
2008.03.07 09:00:59.565,1.6528,1.6532,1.00,4.30
2008.03.07 09:00:59.863,1.6528,1.6532,1.00,4.30
2008.03.07 09:01:00.162,1.65285,1.6532,0.20,4.00
2008.03.07 09:01:00.497,1.6529,1.65325,0.80,4.00
2008.03.07 09:01:00.718,1.6529,1.65325,0.80,4.00
2008.03.07 09:01:00.976,1.6529,1.65325,0.80,4.00
2008.03.07 09:01:01.234,1.6529,1.65325,0.80,4.00
2008.03.07 09:01:01.491,1.6529,1.65325,0.80,4.00
2008.03.07 09:01:01.787,1.6529,1.65325,0.80,4.00
2008.03.07 09:01:02.028,1.6529,1.65325,0.80,4.00
2008.03.07 09:01:02.296,1.6529,1.65325,0.80,4.00
2008.03.07 09:01:02.564,1.6529,1.65325,0.80,4.00
2008.03.07 09:01:02.837,1.6529,1.65325,0.80,4.00
2008.03.07 09:01:03.128,1.6529,1.65325,0.80,4.00
2008.03.07 09:01:03.402,1.6529,1.65325,0.80,4.00
2008.03.07 09:01:03.675,1.6529,1.6532,0.80,0.40
2008.03.07 09:01:03.964,1.6528,1.65315,1.00,4.00
2008.03.07 09:01:04.252,1.6528,1.65315,1.00,4.00
2008.03.07 09:01:04.541,1.6528,1.65315,1.00,4.00
2008.03.07 09:01:04.815,1.6528,1.65315,1.00,4.00
2008.03.07 09:01:05.088,1.6528,1.65315,1.00,4.00
2008.03.07 09:01:05.368,1.6528,1.65315,1.00,4.00
2008.03.07 09:01:05.669,1.6528,1.6531,0.80,4.30
2008.03.07 09:01:05.976,1.65265,1.653,0.20,4.00
2008.03.07 09:01:06.291,1.65275,1.653,0.20,4.00
2008.03.07 09:01:06.600,1.65275,1.6531,0.20,4.00
2008.03.07 09:01:06.890,1.65275,1.6531,0.20,4.00
2008.03.07 09:01:07.152,1.65275,1.6531,0.20,4.00
2008.03.07 09:01:07.415,1.65275,1.6531,0.20,4.00
2008.03.07 09:01:07.678,1.65275,1.6531,0.20,4.00
2008.03.07 09:01:07.980,1.65275,1.6531,0.20,4.00
2008.03.07 09:01:08.284,1.65275,1.6531,0.20,4.00
2008.03.07 09:01:08.588,1.6527,1.6531,0.80,8.30
2008.03.07 09:01:08.837,1.65265,1.653,0.20,4.00
2008.03.07 09:01:09.084,1.65265,1.653,0.20,4.00
2008.03.07 09:01:09.344,1.65265,1.653,0.20,4.00
2008.03.07 09:01:09.624,1.65275,1.653,0.20,4.00
2008.03.07 09:01:09.907,1.65275,1.6531,0.20,4.00
2008.03.07 09:01:10.220,1.65275,1.6531,0.20,4.00
2008.03.07 09:01:10.533,1.65275,1.6531,0.20,4.00
2008.03.07 09:01:10.846,1.65275,1.6531,0.20,4.00
2008.03.07 09:01:11.104,1.65275,1.6531,0.20,4.00
2008.03.07 09:01:11.362,1.65275,1.6531,0.20,4.00
2008.03.07 09:01:11.620,1.65275,1.6531,0.20,4.00
2008.03.07 09:01:11.878,1.6527,1.6531,1.00,4.00
2008.03.07 09:01:12.162,1.6527,1.6531,1.00,4.00
2008.03.07 09:01:12.445,1.6527,1.6531,1.00,4.00
2008.03.07 09:01:12.729,1.65285,1.6531,0.20,4.00
2008.03.07 09:01:13.013,1.65285,1.6532,0.20,4.00
2008.03.07 09:01:13.296,1.65285,1.6532,0.20,4.00
2008.03.07 09:01:13.579,1.65285,1.6532,0.20,4.00
2008.03.07 09:01:13.891,1.65285,1.6532,0.20,4.00
2008.03.07 09:01:14.133,1.65285,1.6532,0.20,4.00
2008.03.07 09:01:14.376,1.65285,1.6532,0.20,4.00
2008.03.07 09:01:14.619,1.65285,1.6532,0.20,4.00
2008.03.07 09:01:14.861,1.6528,1.6532,1.00,8.30
2008.03.07 09:01:15.195,1.6528,1.6531,0.20,4.00
2008.03.07 09:01:15.528,1.6528,1.6531,0.20,4.00
2008.03.07 09:01:15.862,1.6528,1.65315,0.20,4.00
2008.03.07 09:01:16.112,1.6528,1.65315,0.20,4.00
2008.03.07 09:01:16.366,1.6528,1.65315,0.20,4.00
2008.03.07 09:01:16.595,1.6528,1.65315,0.20,4.00
2008.03.07 09:01:16.822,1.65275,1.65315,0.80,4.30
2008.03.07 09:01:17.150,1.65275,1.6531,0.80,4.00
2008.03.07 09:01:17.479,1.65275,1.6531,0.80,4.00
2008.03.07 09:01:17.806,1.65275,1.6531,0.80,4.00
2008.03.07 09:01:18.060,1.65275,1.6531,0.80,4.00
2008.03.07 09:01:18.309,1.65275,1.6531,0.80,4.00
2008.03.07 09:01:18.557,1.65275,1.6531,0.80,4.00
2008.03.07 09:01:18.806,1.6527,1.65305,0.80,4.30
2008.03.07 09:01:19.089,1.6527,1.65305,0.80,4.30
2008.03.07 09:01:19.372,1.6527,1.65305,0.80,4.30
2008.03.07 09:01:19.655,1.6527,1.65305,0.80,4.30
2008.03.07 09:01:19.937,1.6527,1.65305,0.80,4.30
2008.03.07 09:01:20.267,1.6527,1.6531,1.00,4.00
2008.03.07 09:01:20.575,1.6527,1.6531,1.00,4.00
2008.03.07 09:01:20.883,1.6527,1.6531,1.00,4.00
2008.03.07 09:01:21.122,1.6527,1.6531,1.00,4.00
2008.03.07 09:01:21.359,1.6527,1.6531,1.00,4.00
2008.03.07 09:01:21.598,1.6527,1.6531,1.00,4.00
2008.03.07 09:01:21.835,1.6527,1.6531,1.00,4.00
2008.03.07 09:01:22.073,1.6527,1.6531,1.00,4.00
2008.03.07 09:01:22.371,1.6527,1.6531,1.00,4.00
2008.03.07 09:01:22.670,1.6527,1.6531,1.00,4.00
2008.03.07 09:01:22.967,1.6527,1.6531,1.00,4.00
2008.03.07 09:01:23.220,1.6527,1.6531,1.00,4.00
2008.03.07 09:01:23.474,1.6527,1.6531,1.00,4.00
2008.03.07 09:01:23.726,1.6527,1.6531,1.00,4.00
2008.03.07 09:01:23.979,1.6527,1.6531,1.00,4.00
2008.03.07 09:01:24.258,1.6527,1.6531,1.00,4.00
2008.03.07 09:01:24.536,1.6527,1.6531,1.00,4.00
2008.03.07 09:01:24.814,1.6527,1.6531,1.00,4.00
2008.03.07 09:01:25.093,1.6527,1.6531,1.00,4.00
2008.03.07 09:01:25.414,1.6527,1.6531,1.00,4.00
2008.03.07 09:01:25.726,1.6527,1.6531,1.00,4.00
2008.03.07 09:01:26.040,1.6527,1.6531,1.00,4.00
2008.03.07 09:01:26.270,1.6527,1.6531,1.00,4.00
2008.03.07 09:01:26.497,1.6527,1.6531,1.00,4.00
2008.03.07 09:01:26.725,1.6527,1.6531,1.00,4.00
2008.03.07 09:01:26.954,1.6527,1.6531,1.00,4.00
2008.03.07 09:01:27.181,1.6527,1.6531,1.00,4.00
2008.03.07 09:01:27.510,1.6527,1.6531,1.00,4.00
2008.03.07 09:01:27.838,1.6527,1.6531,1.00,4.00
2008.03.07 09:01:28.165,1.6527,1.6531,1.00,4.00
2008.03.07 09:01:28.389,1.6527,1.6531,1.00,4.00
2008.03.07 09:01:28.611,1.6527,1.6531,1.00,4.00
2008.03.07 09:01:28.835,1.6527,1.6531,1.00,4.00
2008.03.07 09:01:29.057,1.6527,1.6531,1.00,4.00
2008.03.07 09:01:29.419,1.6527,1.6531,1.00,4.00
2008.03.07 09:01:29.724,1.6527,1.6531,1.00,4.00
2008.03.07 09:01:30.057,1.6527,1.6531,1.00,4.00
2008.03.07 09:01:30.285,1.6527,1.6531,1.00,4.00
2008.03.07 09:01:30.513,1.6527,1.6531,1.00,4.00
2008.03.07 09:01:30.740,1.6527,1.6531,1.00,4.00
2008.03.07 09:01:30.968,1.6527,1.6531,1.00,4.00
2008.03.07 09:01:31.197,1.6528,1.6531,0.20,4.00
2008.03.07 09:01:31.524,1.6528,1.6532,0.80,12.30
2008.03.07 09:01:31.874,1.6528,1.65315,0.80,4.00
2008.03.07 09:01:32.222,1.65275,1.65315,1.00,4.00
2008.03.07 09:01:32.425,1.65275,1.65315,1.00,4.00
2008.03.07 09:01:32.658,1.65275,1.65315,1.00,4.00
2008.03.07 09:01:32.892,1.65275,1.6531,0.80,0.40
2008.03.07 09:01:33.126,1.65275,1.6531,0.80,4.00
2008.03.07 09:01:33.449,1.6528,1.6531,0.20,4.00
2008.03.07 09:01:33.742,1.6527,1.6531,1.30,4.00
2008.03.07 09:01:34.035,1.6527,1.65315,5.00,0.40
2008.03.07 09:01:34.334,1.6527,1.6531,1.00,4.00
2008.03.07 09:01:34.631,1.6527,1.6531,1.00,4.00
2008.03.07 09:01:34.929,1.6527,1.6531,1.00,4.00
2008.03.07 09:01:35.227,1.6527,1.6531,1.00,4.00
2008.03.07 09:01:35.470,1.6527,1.6531,1.00,4.00
2008.03.07 09:01:35.742,1.6527,1.6531,1.00,4.00
2008.03.07 09:01:35.984,1.6527,1.6531,1.00,4.00
2008.03.07 09:01:36.226,1.6527,1.6531,1.00,4.00
2008.03.07 09:01:36.523,1.6527,1.6531,1.00,4.00
2008.03.07 09:01:36.821,1.6527,1.6531,1.00,4.00
2008.03.07 09:01:37.120,1.6527,1.6531,1.00,4.00
2008.03.07 09:01:37.417,1.6527,1.6531,1.00,4.00
2008.03.07 09:01:37.681,1.6527,1.6531,1.00,4.00
2008.03.07 09:01:37.943,1.6527,1.6531,1.00,4.00
2008.03.07 09:01:38.205,1.6527,1.6531,1.00,4.00
2008.03.07 09:01:38.494,1.6527,1.6531,1.00,4.00
2008.03.07 09:01:38.782,1.6527,1.6531,1.00,4.00
2008.03.07 09:01:39.069,1.6527,1.6531,1.00,4.00
2008.03.07 09:01:39.358,1.6527,1.6531,1.00,4.00
2008.03.07 09:01:39.663,1.6528,1.6531,0.20,4.00
2008.03.07 09:01:39.966,1.6528,1.65315,0.80,0.40
2008.03.07 09:01:40.270,1.6528,1.65315,0.80,4.30
2008.03.07 09:01:40.513,1.6527,1.6531,1.00,4.00
2008.03.07 09:01:40.756,1.6527,1.6531,1.00,4.00
2008.03.07 09:01:40.998,1.6527,1.6531,1.00,4.00
2008.03.07 09:01:41.241,1.6527,1.6531,1.00,4.00
2008.03.07 09:01:41.558,1.6527,1.6531,1.00,4.00
2008.03.07 09:01:41.852,1.6528,1.6531,0.20,4.00
2008.03.07 09:01:42.145,1.6528,1.6532,0.20,4.00
2008.03.07 09:01:42.438,1.6528,1.6532,1.00,4.00
2008.03.07 09:01:42.692,1.6528,1.6532,1.00,4.00
2008.03.07 09:01:42.945,1.6528,1.6532,1.00,4.00
2008.03.07 09:01:43.198,1.6528,1.6532,1.00,4.00
2008.03.07 09:01:43.457,1.6528,1.6532,1.00,4.00
2008.03.07 09:01:43.754,1.6528,1.6532,1.00,4.00
2008.03.07 09:01:44.052,1.6528,1.6532,1.00,4.00
2008.03.07 09:01:44.350,1.65285,1.6532,0.20,4.00
2008.03.07 09:01:44.638,1.65285,1.6532,0.20,4.00
2008.03.07 09:01:44.927,1.65285,1.6532,0.20,4.00
2008.03.07 09:01:45.216,1.65285,1.6532,0.20,4.00
2008.03.07 09:01:45.469,1.65285,1.6532,0.20,4.00
2008.03.07 09:01:45.721,1.65285,1.6532,0.20,4.00
2008.03.07 09:01:45.975,1.65285,1.6532,0.20,4.00
2008.03.07 09:01:46.229,1.65285,1.6532,0.20,4.00
2008.03.07 09:01:46.517,1.65285,1.6532,0.20,4.00
2008.03.07 09:01:46.804,1.65285,1.6532,0.20,4.00
2008.03.07 09:01:47.093,1.65285,1.6532,0.20,4.00
2008.03.07 09:01:47.380,1.65285,1.6532,0.20,4.00
2008.03.07 09:01:47.679,1.6528,1.6531,0.80,0.40
2008.03.07 09:01:47.947,1.65265,1.65305,0.20,4.00
2008.03.07 09:01:48.217,1.65265,1.65305,0.20,4.00
2008.03.07 09:01:48.484,1.65265,1.65305,0.20,4.00
2008.03.07 09:01:48.751,1.65265,1.65305,0.20,4.30
2008.03.07 09:01:49.021,1.65265,1.65305,0.20,4.30
2008.03.07 09:01:49.289,1.6527,1.6531,0.20,4.00
2008.03.07 09:01:49.631,1.6527,1.6531,1.00,4.00
2008.03.07 09:01:49.916,1.6527,1.6531,1.00,4.00
2008.03.07 09:01:50.230,1.6527,1.6531,1.00,4.00
2008.03.07 09:01:50.542,1.6527,1.6531,1.00,4.00
2008.03.07 09:01:50.775,1.6527,1.6531,1.00,4.00
2008.03.07 09:01:51.008,1.6527,1.6531,1.00,4.00
2008.03.07 09:01:51.241,1.6527,1.6531,1.00,4.00
2008.03.07 09:01:51.474,1.6527,1.6531,1.00,4.00
2008.03.07 09:01:51.777,1.6527,1.6531,1.00,4.00
2008.03.07 09:01:52.080,1.6527,1.6531,1.00,4.00
2008.03.07 09:01:52.382,1.6527,1.6531,1.00,4.00
2008.03.07 09:01:52.656,1.6527,1.6531,1.00,4.00
2008.03.07 09:01:52.929,1.6527,1.6531,1.00,4.00
2008.03.07 09:01:53.202,1.6527,1.6531,1.00,4.00
2008.03.07 09:01:53.475,1.6527,1.6531,1.00,4.00
2008.03.07 09:01:53.718,1.6527,1.6531,1.00,4.00
2008.03.07 09:01:53.988,1.6527,1.6531,1.00,4.00
2008.03.07 09:01:54.231,1.6527,1.6531,1.00,4.00
2008.03.07 09:01:54.474,1.6527,1.6531,1.00,4.00
2008.03.07 09:01:54.797,1.6527,1.6531,1.00,4.00
2008.03.07 09:01:55.120,1.6527,1.65305,0.80,0.40
2008.03.07 09:01:55.443,1.65265,1.65305,0.20,4.30
2008.03.07 09:01:55.676,1.65265,1.65305,0.20,4.30
2008.03.07 09:01:55.909,1.65265,1.65305,0.20,4.30
2008.03.07 09:01:56.143,1.65265,1.65305,0.20,4.30
2008.03.07 09:01:56.386,1.65265,1.65305,0.20,4.30
2008.03.07 09:01:56.713,1.65265,1.65305,0.20,4.30
2008.03.07 09:01:57.040,1.65265,1.65305,0.20,4.30
2008.03.07 09:01:57.310,1.65265,1.65305,0.20,4.30
2008.03.07 09:01:57.609,1.65265,1.65305,0.20,4.30
2008.03.07 09:01:57.881,1.65265,1.65305,0.20,4.30
2008.03.07 09:01:58.154,1.65265,1.65305,0.20,4.30
2008.03.07 09:01:58.427,1.65265,1.65305,0.20,4.30
2008.03.07 09:01:58.684,1.65265,1.65305,0.20,4.30
2008.03.07 09:01:58.943,1.65265,1.65305,0.20,4.30
2008.03.07 09:01:59.203,1.6526,1.65305,1.30,4.30
2008.03.07 09:01:59.461,1.6526,1.65305,1.30,4.30
2008.03.07 09:01:59.776,1.6526,1.65305,1.30,4.30
2008.03.07 09:02:00.089,1.6526,1.65305,1.30,4.30
2008.03.07 09:02:00.402,1.6526,1.65305,1.30,4.30
2008.03.07 09:02:00.743,1.6526,1.65305,1.30,4.30
2008.03.07 09:02:00.978,1.6526,1.65305,1.30,4.30
2008.03.07 09:02:01.241,1.6526,1.65305,1.30,4.30
2008.03.07 09:02:01.503,1.6526,1.65305,1.30,4.30
2008.03.07 09:02:01.766,1.6526,1.65305,1.30,4.30
2008.03.07 09:02:02.045,1.6526,1.65305,1.30,4.30
2008.03.07 09:02:02.323,1.6526,1.65305,1.30,4.30
2008.03.07 09:02:02.629,1.6526,1.65305,1.30,4.30
2008.03.07 09:02:02.907,1.6526,1.65305,1.30,4.30
2008.03.07 09:02:03.185,1.6526,1.65305,1.30,4.30
2008.03.07 09:02:03.463,1.6526,1.65305,1.30,4.30
2008.03.07 09:02:03.741,1.6526,1.65305,1.30,4.30
2008.03.07 09:02:04.009,1.6526,1.65305,1.30,4.30
2008.03.07 09:02:04.277,1.6526,1.65305,1.30,4.30
2008.03.07 09:02:04.545,1.6526,1.653,1.10,0.40
2008.03.07 09:02:04.874,1.6526,1.65295,1.10,4.00
2008.03.07 09:02:05.203,1.6526,1.65295,0.40,4.00
2008.03.07 09:02:05.531,1.6526,1.6529,0.40,4.00
2008.03.07 09:02:05.859,1.6525,1.6529,1.30,4.00
2008.03.07 09:02:06.127,1.6525,1.6529,1.30,4.00
2008.03.07 09:02:06.398,1.6525,1.6529,1.30,4.00
2008.03.07 09:02:06.641,1.6525,1.6529,1.30,4.00
2008.03.07 09:02:06.915,1.6526,1.6529,0.40,4.00
2008.03.07 09:02:07.189,1.6526,1.6529,0.40,4.00
2008.03.07 09:02:07.460,1.6526,1.6529,0.40,4.00
2008.03.07 09:02:07.734,1.6526,1.6529,1.30,4.00
2008.03.07 09:02:08.011,1.6526,1.653,1.30,4.00
2008.03.07 09:02:08.290,1.6526,1.653,1.30,4.00
2008.03.07 09:02:08.568,1.6526,1.653,1.30,4.00
2008.03.07 09:02:08.846,1.6526,1.653,1.30,4.00
2008.03.07 09:02:09.109,1.6526,1.653,1.30,4.00
2008.03.07 09:02:09.372,1.6526,1.653,1.30,4.00
2008.03.07 09:02:09.634,1.6526,1.653,1.30,4.00
2008.03.07 09:02:09.938,1.6526,1.653,1.30,4.00
2008.03.07 09:02:10.241,1.6526,1.653,1.30,4.00
2008.03.07 09:02:10.544,1.6526,1.653,1.30,4.00
2008.03.07 09:02:10.847,1.6526,1.653,1.30,4.00
2008.03.07 09:02:11.116,1.6526,1.653,1.30,4.00
2008.03.07 09:02:11.384,1.6526,1.653,1.30,4.00
2008.03.07 09:02:11.652,1.6526,1.653,1.30,4.00
2008.03.07 09:02:11.919,1.6526,1.653,1.30,4.00
2008.03.07 09:02:12.197,1.6526,1.653,1.30,4.00
2008.03.07 09:02:12.475,1.6526,1.653,1.30,4.00
2008.03.07 09:02:12.752,1.6526,1.653,1.30,4.00
2008.03.07 09:02:13.035,1.6526,1.653,1.30,4.00
2008.03.07 09:02:13.318,1.6526,1.653,1.30,4.00
2008.03.07 09:02:13.601,1.6526,1.653,1.30,4.00
2008.03.07 09:02:13.884,1.6526,1.653,1.30,4.00
2008.03.07 09:02:14.142,1.6526,1.653,1.30,4.00
2008.03.07 09:02:14.399,1.6526,1.653,1.30,4.00
2008.03.07 09:02:14.657,1.6526,1.653,1.30,4.00
2008.03.07 09:02:14.916,1.6526,1.653,1.30,4.00
2008.03.07 09:02:15.238,1.6526,1.653,1.30,4.00
2008.03.07 09:02:15.560,1.6526,1.653,1.30,4.00
2008.03.07 09:02:15.883,1.6526,1.653,1.30,4.00
2008.03.07 09:02:16.116,1.6526,1.653,1.30,4.00
2008.03.07 09:02:16.349,1.6526,1.653,1.30,4.00
2008.03.07 09:02:16.583,1.6526,1.653,1.30,4.00
2008.03.07 09:02:16.816,1.6526,1.653,1.30,4.00
2008.03.07 09:02:17.109,1.6526,1.653,1.30,4.00
2008.03.07 09:02:17.401,1.6526,1.653,1.30,4.00
2008.03.07 09:02:17.695,1.6526,1.653,1.30,4.00
2008.03.07 09:02:17.987,1.6526,1.653,1.30,4.00
2008.03.07 09:02:18.265,1.6526,1.653,1.30,4.00
2008.03.07 09:02:18.544,1.6526,1.653,1.30,4.00
2008.03.07 09:02:18.841,1.6526,1.653,1.30,4.00
2008.03.07 09:02:19.106,1.6526,1.653,1.30,4.00
2008.03.07 09:02:19.344,1.6526,1.653,1.30,4.00
2008.03.07 09:02:19.582,1.6526,1.653,1.30,4.00
2008.03.07 09:02:19.820,1.6526,1.653,0.80,4.30
2008.03.07 09:02:20.154,1.6526,1.65295,0.20,4.00
2008.03.07 09:02:20.488,1.6526,1.65295,0.20,4.00
2008.03.07 09:02:20.822,1.65255,1.65295,0.80,0.40
2008.03.07 09:02:21.154,1.6525,1.6529,1.30,4.00
2008.03.07 09:02:21.387,1.6525,1.6529,1.30,4.00
2008.03.07 09:02:21.620,1.6525,1.6529,1.30,4.00
2008.03.07 09:02:21.853,1.6525,1.6529,1.30,4.00
2008.03.07 09:02:22.186,1.6525,1.6529,1.30,4.00
2008.03.07 09:02:22.519,1.6525,1.6529,1.30,4.00
2008.03.07 09:02:22.853,1.6525,1.6529,1.30,4.00
2008.03.07 09:02:23.118,1.6525,1.6529,1.30,4.00
2008.03.07 09:02:23.361,1.6525,1.6529,1.30,4.00
2008.03.07 09:02:23.604,1.6525,1.6529,1.30,4.00
2008.03.07 09:02:23.847,1.6525,1.6529,1.30,4.00
2008.03.07 09:02:24.090,1.6525,1.6529,1.30,4.00
2008.03.07 09:02:24.383,1.6525,1.6529,1.30,4.00
2008.03.07 09:02:24.676,1.6525,1.6529,1.30,4.00
2008.03.07 09:02:24.970,1.6525,1.6529,1.30,4.00
2008.03.07 09:02:25.280,1.6525,1.6529,1.30,4.00
2008.03.07 09:02:25.595,1.6525,1.6529,1.30,4.00
2008.03.07 09:02:25.913,1.6525,1.6529,1.30,4.00
2008.03.07 09:02:26.175,1.6525,1.6529,1.00,4.00
2008.03.07 09:02:26.444,1.6525,1.6529,1.00,4.00
2008.03.07 09:02:26.713,1.65245,1.65285,0.80,4.30
2008.03.07 09:02:26.981,1.6525,1.65285,0.20,4.00
2008.03.07 09:02:27.258,1.6525,1.6528,0.20,4.00
2008.03.07 09:02:27.537,1.6525,1.6528,0.60,4.00
2008.03.07 09:02:27.816,1.6525,1.6529,0.60,4.00
2008.03.07 09:02:28.093,1.6525,1.6529,0.60,4.00
2008.03.07 09:02:28.371,1.6525,1.6529,0.60,4.00
2008.03.07 09:02:28.649,1.6525,1.6529,0.60,4.00
2008.03.07 09:02:28.927,1.6526,1.6529,0.20,4.00
2008.03.07 09:02:29.205,1.6525,1.6529,0.20,9.60
2008.03.07 09:02:29.503,1.65255,1.6529,0.20,8.00
2008.03.07 09:02:29.802,1.6526,1.653,0.20,8.00
2008.03.07 09:02:30.100,1.6526,1.653,0.60,9.60
2008.03.07 09:02:30.383,1.6526,1.653,0.60,5.60
2008.03.07 09:02:30.666,1.6526,1.653,0.60,5.60
2008.03.07 09:02:30.949,1.6526,1.653,0.60,5.60
2008.03.07 09:02:31.231,1.6526,1.653,0.60,5.60
2008.03.07 09:02:31.519,1.6526,1.653,0.60,5.60
2008.03.07 09:02:31.830,1.6526,1.653,0.60,5.60
2008.03.07 09:02:32.149,1.6526,1.653,0.60,5.60
2008.03.07 09:02:32.434,1.6526,1.653,0.60,5.60
2008.03.07 09:02:32.659,1.6526,1.653,0.60,5.60
2008.03.07 09:02:32.912,1.6526,1.653,0.60,5.60
2008.03.07 09:02:33.166,1.6526,1.653,0.60,5.60
2008.03.07 09:02:33.463,1.6526,1.653,0.60,5.60
2008.03.07 09:02:33.762,1.6526,1.653,0.60,5.60
2008.03.07 09:02:34.061,1.6526,1.653,0.60,5.60
2008.03.07 09:02:34.358,1.6526,1.65295,0.60,4.00
2008.03.07 09:02:34.661,1.6526,1.65295,0.60,4.00
2008.03.07 09:02:34.963,1.6526,1.65295,0.60,4.00
2008.03.07 09:02:35.266,1.6526,1.65295,0.60,4.00
2008.03.07 09:02:35.518,1.6526,1.65295,0.60,4.00
2008.03.07 09:02:35.771,1.6526,1.65295,0.60,4.00
2008.03.07 09:02:36.025,1.6526,1.65295,0.60,4.00
2008.03.07 09:02:36.277,1.6526,1.65295,0.40,4.30
2008.03.07 09:02:36.576,1.6525,1.6529,1.30,4.00
2008.03.07 09:02:36.873,1.6525,1.6529,1.30,4.00
2008.03.07 09:02:37.173,1.6525,1.6529,1.30,4.00
2008.03.07 09:02:37.429,1.6525,1.6529,1.30,4.00
2008.03.07 09:02:37.661,1.6525,1.6529,1.30,4.00
2008.03.07 09:02:37.894,1.6525,1.6529,1.30,4.00
2008.03.07 09:02:38.127,1.6525,1.6529,1.30,4.00
2008.03.07 09:02:38.361,1.6525,1.6529,1.30,4.00
2008.03.07 09:02:38.695,1.6525,1.65285,0.20,4.00
2008.03.07 09:02:39.028,1.6525,1.65285,0.60,4.00
2008.03.07 09:02:39.360,1.6525,1.65285,0.60,4.00
2008.03.07 09:02:39.628,1.6525,1.65285,0.60,4.00
2008.03.07 09:02:39.896,1.6525,1.65285,0.60,4.00
2008.03.07 09:02:40.165,1.6525,1.65285,0.60,4.00
2008.03.07 09:02:40.433,1.6525,1.65285,0.60,4.00
2008.03.07 09:02:40.727,1.6525,1.65285,0.60,4.00
2008.03.07 09:02:41.020,1.6525,1.65285,0.60,4.00
2008.03.07 09:02:41.314,1.6525,1.65285,0.60,4.00
2008.03.07 09:02:41.592,1.6525,1.65285,0.60,4.00
2008.03.07 09:02:41.871,1.65245,1.6528,0.80,0.40
2008.03.07 09:02:42.147,1.6524,1.65275,0.60,4.00
2008.03.07 09:02:42.425,1.6524,1.65275,0.60,4.00
2008.03.07 09:02:42.689,1.6524,1.65275,0.60,4.00
2008.03.07 09:02:42.952,1.6524,1.65275,0.60,4.00
2008.03.07 09:02:43.215,1.6524,1.65275,0.60,4.00
2008.03.07 09:02:43.503,1.6524,1.65275,0.60,4.00
2008.03.07 09:02:43.811,1.6524,1.65275,0.60,4.00
2008.03.07 09:02:44.119,1.6524,1.65275,0.60,4.00
2008.03.07 09:02:44.428,1.65245,1.65275,0.20,4.00
2008.03.07 09:02:44.707,1.65245,1.65275,0.20,4.00
2008.03.07 09:02:44.985,1.65245,1.6528,0.20,4.00
2008.03.07 09:02:45.263,1.6525,1.6528,0.40,4.00
2008.03.07 09:02:45.542,1.6525,1.6528,0.40,4.00
2008.03.07 09:02:45.826,1.6525,1.6528,0.40,4.00
2008.03.07 09:02:46.109,1.6525,1.6528,0.40,4.00
2008.03.07 09:02:46.393,1.6525,1.6528,0.40,4.00
2008.03.07 09:02:46.637,1.6525,1.65285,0.60,4.00
2008.03.07 09:02:46.879,1.6526,1.65285,0.40,4.00
2008.03.07 09:02:47.123,1.6526,1.65285,0.40,4.00
2008.03.07 09:02:47.365,1.6526,1.65285,0.40,4.00
2008.03.07 09:02:47.672,1.6526,1.65285,0.60,4.00
2008.03.07 09:02:48.008,1.6526,1.65295,0.60,4.00
2008.03.07 09:02:48.311,1.6526,1.65295,0.60,4.00
2008.03.07 09:02:48.614,1.6526,1.65295,0.60,4.00
2008.03.07 09:02:48.881,1.6526,1.65295,0.60,4.00
2008.03.07 09:02:49.150,1.6526,1.65295,0.60,4.00
2008.03.07 09:02:49.418,1.65265,1.65295,0.20,4.00
2008.03.07 09:02:49.710,1.65265,1.653,0.20,4.00
2008.03.07 09:02:50.024,1.65265,1.653,0.20,4.00
2008.03.07 09:02:50.277,1.65265,1.653,0.20,4.00
2008.03.07 09:02:50.561,1.65265,1.653,0.20,4.00
2008.03.07 09:02:50.845,1.65265,1.653,0.20,4.00
2008.03.07 09:02:51.129,1.65265,1.653,0.20,4.00
2008.03.07 09:02:51.412,1.65265,1.653,0.20,4.00
2008.03.07 09:02:51.664,1.65265,1.653,0.20,4.00
2008.03.07 09:02:51.917,1.65265,1.653,0.20,4.00
2008.03.07 09:02:52.170,1.65265,1.653,0.20,4.00
2008.03.07 09:02:52.423,1.65265,1.653,0.20,4.00
2008.03.07 09:02:52.717,1.65265,1.653,0.20,4.00
2008.03.07 09:02:53.011,1.65265,1.653,0.20,4.00
2008.03.07 09:02:53.305,1.6527,1.65305,0.20,4.00
2008.03.07 09:02:53.599,1.6527,1.65305,0.60,4.00
2008.03.07 09:02:53.888,1.65275,1.65305,0.20,4.00
2008.03.07 09:02:54.176,1.65275,1.65315,1.00,4.00
2008.03.07 09:02:54.464,1.6528,1.65315,0.40,4.00
2008.03.07 09:02:54.751,1.6528,1.65315,0.40,4.00
2008.03.07 09:02:55.041,1.65275,1.6531,0.80,0.40
2008.03.07 09:02:55.329,1.6527,1.65305,0.40,4.00
2008.03.07 09:02:55.617,1.6527,1.65305,0.40,4.00
2008.03.07 09:02:55.905,1.6527,1.65305,0.40,4.00
2008.03.07 09:02:56.192,1.6527,1.65305,0.40,4.00
2008.03.07 09:02:56.480,1.6527,1.65305,0.40,4.00
2008.03.07 09:02:56.769,1.6527,1.65305,0.40,4.00
2008.03.07 09:02:57.027,1.6527,1.65305,0.40,4.00
2008.03.07 09:02:57.285,1.6527,1.6531,1.10,4.30
2008.03.07 09:02:57.544,1.6527,1.6531,1.10,4.30
2008.03.07 09:02:57.826,1.6527,1.6531,1.10,4.30
2008.03.07 09:02:58.109,1.6527,1.65305,1.10,4.00
2008.03.07 09:02:58.392,1.6527,1.65305,1.10,4.00
2008.03.07 09:02:58.675,1.6527,1.65305,1.10,4.00
2008.03.07 09:02:58.943,1.6527,1.65305,0.40,4.00
2008.03.07 09:02:59.229,1.6527,1.65305,0.40,4.00
2008.03.07 09:02:59.498,1.6527,1.65305,0.40,4.00
2008.03.07 09:02:59.766,1.6527,1.65305,0.40,4.00
2008.03.07 09:03:00.085,1.6527,1.65305,0.40,4.00
2008.03.07 09:03:00.403,1.6527,1.65305,0.40,4.00
2008.03.07 09:03:00.722,1.6527,1.65305,0.40,4.00
2008.03.07 09:03:00.949,1.6527,1.65305,0.40,4.00
2008.03.07 09:03:01.178,1.6527,1.65305,0.40,4.00
2008.03.07 09:03:01.407,1.6527,1.65305,0.40,4.00
2008.03.07 09:03:01.636,1.6527,1.65305,0.40,4.00
2008.03.07 09:03:01.982,1.6527,1.65305,0.40,4.00
2008.03.07 09:03:02.300,1.6527,1.65305,0.40,4.00
2008.03.07 09:03:02.621,1.6527,1.65305,0.40,4.00
2008.03.07 09:03:02.863,1.6527,1.65305,0.40,4.00
2008.03.07 09:03:03.106,1.6527,1.65305,0.40,4.00
2008.03.07 09:03:03.349,1.6527,1.65305,0.40,4.00
2008.03.07 09:03:03.592,1.6527,1.65305,0.40,4.00
2008.03.07 09:03:03.835,1.6528,1.65305,0.40,4.00
2008.03.07 09:03:04.148,1.6528,1.65315,0.40,4.00
2008.03.07 09:03:04.461,1.6528,1.65315,0.40,4.00
2008.03.07 09:03:04.774,1.6528,1.65315,0.40,4.00
2008.03.07 09:03:05.051,1.6528,1.65315,0.40,4.00
2008.03.07 09:03:05.330,1.6528,1.65315,0.40,4.00
2008.03.07 09:03:05.608,1.6528,1.65315,0.40,4.00
2008.03.07 09:03:05.886,1.6528,1.65315,0.40,4.00
2008.03.07 09:03:06.162,1.6528,1.65315,0.40,4.00
2008.03.07 09:03:06.431,1.6528,1.65315,0.40,4.00
2008.03.07 09:03:06.699,1.6528,1.65315,0.40,4.00
2008.03.07 09:03:06.970,1.6528,1.6531,0.40,0.40
2008.03.07 09:03:07.239,1.6528,1.65305,0.40,4.00
2008.03.07 09:03:07.507,1.6527,1.65305,0.40,4.00
2008.03.07 09:03:07.776,1.6527,1.65305,0.40,4.00
2008.03.07 09:03:08.073,1.6527,1.65305,0.40,4.00
2008.03.07 09:03:08.339,1.6527,1.65305,0.40,4.00
2008.03.07 09:03:08.607,1.6527,1.65305,0.40,4.00
2008.03.07 09:03:08.875,1.6527,1.65305,0.40,4.00
2008.03.07 09:03:09.167,1.6527,1.65305,0.40,4.00
2008.03.07 09:03:09.468,1.6527,1.653,0.40,0.40
2008.03.07 09:03:09.790,1.65265,1.65305,1.00,4.00
2008.03.07 09:03:10.071,1.65265,1.65295,0.20,4.00
2008.03.07 09:03:10.374,1.6527,1.65305,0.20,4.00
2008.03.07 09:03:10.646,1.6527,1.65305,0.60,4.00
2008.03.07 09:03:10.919,1.6527,1.6531,0.60,4.00
2008.03.07 09:03:11.201,1.6527,1.6531,0.60,4.00
2008.03.07 09:03:11.484,1.6527,1.6531,0.60,4.00
2008.03.07 09:03:11.768,1.6527,1.6531,0.60,4.00
2008.03.07 09:03:12.051,1.6527,1.6531,1.30,4.00
2008.03.07 09:03:12.325,1.6527,1.6531,1.30,4.00
2008.03.07 09:03:12.582,1.6527,1.6531,1.30,4.00
2008.03.07 09:03:12.840,1.6527,1.6531,1.30,4.00
2008.03.07 09:03:13.123,1.6527,1.6531,1.30,4.00
2008.03.07 09:03:13.405,1.6527,1.6531,1.30,4.00
2008.03.07 09:03:13.688,1.6527,1.6531,1.30,4.00
2008.03.07 09:03:13.971,1.6527,1.6531,1.30,4.00
2008.03.07 09:03:14.234,1.6527,1.6531,1.30,4.00
2008.03.07 09:03:14.497,1.65275,1.65315,0.80,4.30
2008.03.07 09:03:14.760,1.65275,1.65315,1.00,4.00
2008.03.07 09:03:15.024,1.6528,1.65315,0.40,4.00
2008.03.07 09:03:15.337,1.6528,1.65315,0.40,4.00
2008.03.07 09:03:15.677,1.6528,1.65315,0.40,4.00
2008.03.07 09:03:15.991,1.6528,1.65315,0.40,4.00
2008.03.07 09:03:16.234,1.6528,1.65315,0.40,4.00
2008.03.07 09:03:16.476,1.6528,1.65315,0.40,4.00
2008.03.07 09:03:16.720,1.6528,1.65315,0.40,4.00
2008.03.07 09:03:16.963,1.6528,1.65315,0.40,4.00
2008.03.07 09:03:17.256,1.6528,1.65315,0.40,4.00
2008.03.07 09:03:17.554,1.6528,1.65315,0.40,4.00
2008.03.07 09:03:17.875,1.6528,1.65315,0.40,4.00
2008.03.07 09:03:18.128,1.6528,1.65315,0.40,4.00
2008.03.07 09:03:18.381,1.6529,1.65315,0.60,4.00
2008.03.07 09:03:18.635,1.6529,1.6533,0.60,4.30
2008.03.07 09:03:18.888,1.6529,1.6533,0.60,4.30
2008.03.07 09:03:19.140,1.6529,1.6533,0.60,4.30
2008.03.07 09:03:19.443,1.6529,1.6533,0.60,8.30
2008.03.07 09:03:19.746,1.6529,1.6533,0.60,8.30
2008.03.07 09:03:20.050,1.6529,1.6533,0.60,8.30
2008.03.07 09:03:20.342,1.6529,1.6533,0.60,8.30
2008.03.07 09:03:20.635,1.6529,1.6533,0.60,8.30
2008.03.07 09:03:20.928,1.6529,1.6533,0.60,8.30
2008.03.07 09:03:21.222,1.6529,1.6533,0.60,8.30
2008.03.07 09:03:21.485,1.6529,1.6533,0.60,8.30
2008.03.07 09:03:21.748,1.6529,1.65325,0.40,0.40
2008.03.07 09:03:22.041,1.65285,1.65325,1.00,0.40
2008.03.07 09:03:22.283,1.65285,1.65325,0.20,0.40
2008.03.07 09:03:22.557,1.65285,1.6532,0.20,4.00
2008.03.07 09:03:22.831,1.6528,1.6532,0.40,4.30
2008.03.07 09:03:23.104,1.6528,1.65315,0.40,4.00
2008.03.07 09:03:23.367,1.653,1.65315,0.40,4.00
2008.03.07 09:03:23.629,1.653,1.65335,0.40,4.00
2008.03.07 09:03:23.922,1.65295,1.6533,0.80,0.40
2008.03.07 09:03:24.185,1.65295,1.65325,0.80,4.00
2008.03.07 09:03:24.473,1.65295,1.65325,0.80,4.00
2008.03.07 09:03:24.763,1.65295,1.65325,0.80,4.00
2008.03.07 09:03:25.051,1.65295,1.65325,0.80,4.00
2008.03.07 09:03:25.345,1.65295,1.65325,0.80,4.00
2008.03.07 09:03:25.639,1.65295,1.65325,0.80,4.00
2008.03.07 09:03:25.932,1.65295,1.65325,0.80,4.00
2008.03.07 09:03:26.226,1.6529,1.65325,0.40,4.00
2008.03.07 09:03:26.474,1.6529,1.65325,0.40,4.00
2008.03.07 09:03:26.723,1.6529,1.65325,0.40,4.00
2008.03.07 09:03:26.970,1.6529,1.65325,0.40,4.00
2008.03.07 09:03:27.218,1.6529,1.65325,0.40,4.00
2008.03.07 09:03:27.511,1.6529,1.65325,0.40,4.00
2008.03.07 09:03:27.804,1.6529,1.65325,0.40,4.00
2008.03.07 09:03:28.099,1.65285,1.6532,0.80,0.40
2008.03.07 09:03:28.336,1.6528,1.65315,0.40,4.00
2008.03.07 09:03:28.575,1.6528,1.65315,0.40,4.00
2008.03.07 09:03:28.813,1.6528,1.65315,0.40,4.00
2008.03.07 09:03:29.070,1.6528,1.65315,0.40,4.00
2008.03.07 09:03:29.400,1.6528,1.65315,0.40,4.00
2008.03.07 09:03:29.673,1.6528,1.65315,0.40,4.00
2008.03.07 09:03:29.976,1.6528,1.65315,0.40,4.00
2008.03.07 09:03:30.279,1.6528,1.65315,0.40,4.00
2008.03.07 09:03:30.572,1.6528,1.65315,0.40,4.00
2008.03.07 09:03:30.865,1.6528,1.65315,0.40,4.00
2008.03.07 09:03:31.158,1.6528,1.65315,0.40,4.00
2008.03.07 09:03:31.436,1.6528,1.65315,0.40,4.00
2008.03.07 09:03:31.714,1.6528,1.65315,0.40,4.00
2008.03.07 09:03:31.993,1.65285,1.6532,0.20,1.60
2008.03.07 09:03:32.271,1.65285,1.6532,0.20,1.60
2008.03.07 09:03:32.524,1.65285,1.6532,0.20,1.60
2008.03.07 09:03:32.778,1.65285,1.6532,0.20,1.60
2008.03.07 09:03:33.030,1.65285,1.6532,0.20,1.60
2008.03.07 09:03:33.284,1.6528,1.6532,1.10,1.90
2008.03.07 09:03:33.583,1.65275,1.65315,0.20,4.00
2008.03.07 09:03:33.882,1.65275,1.65315,0.20,4.00
2008.03.07 09:03:34.179,1.65275,1.65315,0.20,4.00
2008.03.07 09:03:34.437,1.65275,1.65315,0.20,4.00
2008.03.07 09:03:34.697,1.65275,1.65315,0.20,4.00
2008.03.07 09:03:34.987,1.65275,1.65315,0.20,4.00
2008.03.07 09:03:35.246,1.65275,1.65315,0.20,4.00
2008.03.07 09:03:35.560,1.65275,1.65315,0.20,4.00
2008.03.07 09:03:35.873,1.65275,1.65315,0.20,4.00
2008.03.07 09:03:36.187,1.65275,1.65315,0.20,4.00
2008.03.07 09:03:36.429,1.65275,1.65315,0.20,4.00
2008.03.07 09:03:36.673,1.65275,1.65315,0.20,4.00
2008.03.07 09:03:36.918,1.65275,1.65315,0.20,4.00
2008.03.07 09:03:37.192,1.65275,1.65315,0.20,4.00
2008.03.07 09:03:37.491,1.65275,1.65315,0.20,4.00
2008.03.07 09:03:37.817,1.65275,1.65315,0.20,4.00
2008.03.07 09:03:38.144,1.65275,1.65315,0.20,4.00
2008.03.07 09:03:38.473,1.65275,1.65315,0.20,4.00
2008.03.07 09:03:38.791,1.65275,1.6531,0.20,1.60
2008.03.07 09:03:39.049,1.65275,1.6531,0.20,1.60
2008.03.07 09:03:39.338,1.65275,1.6531,0.20,1.60
2008.03.07 09:03:39.618,1.65275,1.65315,0.20,4.00
2008.03.07 09:03:39.896,1.65275,1.65315,0.20,4.00
2008.03.07 09:03:40.174,1.65275,1.65315,0.20,4.00
2008.03.07 09:03:40.452,1.65275,1.65315,0.20,4.00
2008.03.07 09:03:40.735,1.65275,1.65315,0.20,4.00
2008.03.07 09:03:41.018,1.65275,1.65315,0.20,4.00
2008.03.07 09:03:41.301,1.65275,1.65315,0.20,4.00
2008.03.07 09:03:41.592,1.65275,1.65315,0.20,4.00
2008.03.07 09:03:41.862,1.6528,1.65315,0.20,4.00
2008.03.07 09:03:42.130,1.6528,1.6532,1.30,5.60
2008.03.07 09:03:42.400,1.6528,1.6532,0.80,5.90
2008.03.07 09:03:42.673,1.6528,1.65315,0.80,4.00
2008.03.07 09:03:42.947,1.6528,1.65315,0.80,4.00
2008.03.07 09:03:43.249,1.6528,1.65315,0.80,4.00
2008.03.07 09:03:43.523,1.6528,1.65315,0.80,4.00
2008.03.07 09:03:43.807,1.6529,1.65315,0.20,4.00
2008.03.07 09:03:44.090,1.6529,1.6533,0.20,5.60
2008.03.07 09:03:44.373,1.6529,1.6533,0.20,5.60
2008.03.07 09:03:44.656,1.6529,1.6533,0.60,9.60
2008.03.07 09:03:44.940,1.6528,1.6532,4.00,0.40
2008.03.07 09:03:45.224,1.65275,1.65315,0.20,4.00
2008.03.07 09:03:45.507,1.65275,1.65315,0.20,4.00
2008.03.07 09:03:45.775,1.65275,1.65315,0.20,4.00
2008.03.07 09:03:46.043,1.65275,1.65315,0.20,4.00
2008.03.07 09:03:46.311,1.65275,1.65315,0.20,4.00
2008.03.07 09:03:46.604,1.65275,1.65315,0.20,4.00
2008.03.07 09:03:46.900,1.65275,1.65315,0.20,4.00
2008.03.07 09:03:47.221,1.65275,1.65315,0.20,4.00
2008.03.07 09:03:47.514,1.65275,1.65315,0.20,4.00
2008.03.07 09:03:47.776,1.65275,1.65315,0.20,4.00
2008.03.07 09:03:48.038,1.65275,1.65315,0.20,4.00
2008.03.07 09:03:48.301,1.65275,1.65315,0.20,4.00
2008.03.07 09:03:48.564,1.65275,1.65315,0.20,4.00
2008.03.07 09:03:48.857,1.65275,1.65315,0.20,4.00
2008.03.07 09:03:49.150,1.65275,1.65315,0.20,4.00
2008.03.07 09:03:49.443,1.65275,1.65315,0.20,4.00
2008.03.07 09:03:49.731,1.65275,1.65315,0.20,4.00
2008.03.07 09:03:50.019,1.65275,1.65315,0.20,4.00
2008.03.07 09:03:50.307,1.65275,1.65315,0.20,4.00
2008.03.07 09:03:50.624,1.65275,1.65315,0.20,4.00
2008.03.07 09:03:50.927,1.65275,1.65315,0.20,4.00
2008.03.07 09:03:51.168,1.65275,1.65315,0.20,4.00
2008.03.07 09:03:51.441,1.65275,1.65315,0.20,4.00
2008.03.07 09:03:51.713,1.65275,1.65315,0.20,4.00
2008.03.07 09:03:51.987,1.65275,1.65315,0.20,4.00
2008.03.07 09:03:52.261,1.65275,1.65315,0.20,4.00
2008.03.07 09:03:52.533,1.65275,1.65315,0.20,4.00
2008.03.07 09:03:52.820,1.65275,1.65315,0.20,4.00
2008.03.07 09:03:53.110,1.65275,1.65315,0.20,4.00
2008.03.07 09:03:53.398,1.65275,1.6531,0.20,4.00
2008.03.07 09:03:53.686,1.65275,1.6531,0.20,4.00
2008.03.07 09:03:53.949,1.65275,1.6531,0.20,4.00
2008.03.07 09:03:54.212,1.65275,1.6531,0.20,4.00
2008.03.07 09:03:54.475,1.65275,1.65315,0.20,4.00
2008.03.07 09:03:54.777,1.65275,1.65315,0.20,4.00
2008.03.07 09:03:55.081,1.65275,1.65315,0.20,4.00
2008.03.07 09:03:55.384,1.65275,1.65315,0.20,4.00
2008.03.07 09:03:55.687,1.65275,1.65315,0.20,4.00
2008.03.07 09:03:55.940,1.65275,1.65315,0.20,4.00
2008.03.07 09:03:56.193,1.65275,1.65315,0.20,4.00
2008.03.07 09:03:56.445,1.65275,1.65315,0.20,4.00
2008.03.07 09:03:56.700,1.65275,1.65315,0.20,4.00
2008.03.07 09:03:56.982,1.65275,1.65315,0.20,4.00
2008.03.07 09:03:57.265,1.65275,1.65315,0.20,4.00
2008.03.07 09:03:57.548,1.65275,1.65315,0.20,4.00
2008.03.07 09:03:57.842,1.65275,1.65315,0.20,4.00
2008.03.07 09:03:58.150,1.65275,1.65315,0.20,4.00
2008.03.07 09:03:58.429,1.6528,1.65315,0.20,4.00
2008.03.07 09:03:58.709,1.65285,1.65315,0.20,4.00
2008.03.07 09:03:58.991,1.65285,1.6532,0.20,4.00
2008.03.07 09:03:59.275,1.65285,1.65325,0.20,4.00
2008.03.07 09:03:59.558,1.65285,1.65325,0.20,4.00
2008.03.07 09:03:59.855,1.6528,1.6532,0.40,0.40
2008.03.07 09:04:00.154,1.6528,1.65315,1.10,4.00
2008.03.07 09:04:00.473,1.6528,1.65315,1.10,4.00
2008.03.07 09:04:00.753,1.6528,1.65315,1.10,4.00
2008.03.07 09:04:01.033,1.6528,1.65315,1.10,4.00
2008.03.07 09:04:01.309,1.6528,1.65315,1.10,4.00
2008.03.07 09:04:01.587,1.6528,1.65315,1.10,4.00
2008.03.07 09:04:01.854,1.6528,1.65315,1.10,4.00
2008.03.07 09:04:02.123,1.6528,1.65315,0.40,4.00
2008.03.07 09:04:02.400,1.6528,1.65315,0.40,4.00
2008.03.07 09:04:02.697,1.6528,1.65315,0.40,4.00
2008.03.07 09:04:02.998,1.6528,1.65315,0.40,4.00
2008.03.07 09:04:03.273,1.6528,1.65315,0.40,4.00
2008.03.07 09:04:03.576,1.6528,1.65315,0.40,4.00
2008.03.07 09:04:03.879,1.6528,1.65315,0.40,4.00
2008.03.07 09:04:04.122,1.6528,1.65315,0.60,4.00
2008.03.07 09:04:04.366,1.6529,1.65315,0.40,4.00
2008.03.07 09:04:04.609,1.6529,1.65325,0.40,4.30
2008.03.07 09:04:04.853,1.6529,1.65325,0.40,4.00
2008.03.07 09:04:05.187,1.6529,1.65325,0.40,4.00
2008.03.07 09:04:05.521,1.6529,1.65325,0.40,4.00
2008.03.07 09:04:05.855,1.6529,1.65325,0.40,4.00
2008.03.07 09:04:06.098,1.6529,1.65325,0.40,4.00
2008.03.07 09:04:06.340,1.6529,1.65325,0.40,4.00
2008.03.07 09:04:06.585,1.6529,1.65325,0.60,4.00
2008.03.07 09:04:06.828,1.6529,1.65325,0.60,4.00
2008.03.07 09:04:07.147,1.6529,1.65325,0.40,4.00
2008.03.07 09:04:07.465,1.6529,1.65325,0.60,4.00
2008.03.07 09:04:07.783,1.6529,1.6533,0.60,4.00
2008.03.07 09:04:08.041,1.6529,1.6533,0.60,4.80
2008.03.07 09:04:08.300,1.6529,1.6533,0.60,4.80
2008.03.07 09:04:08.557,1.6529,1.65325,0.60,4.00
2008.03.07 09:04:08.816,1.6529,1.65325,0.60,4.00
2008.03.07 09:04:09.120,1.6529,1.65325,0.60,4.80
2008.03.07 09:04:09.427,1.6529,1.65325,0.60,0.80
2008.03.07 09:04:09.759,1.6529,1.65325,0.60,0.80
2008.03.07 09:04:10.063,1.6529,1.65325,0.60,0.80
2008.03.07 09:04:10.364,1.6529,1.65325,0.60,0.80
2008.03.07 09:04:10.665,1.6529,1.65325,0.60,0.80
2008.03.07 09:04:10.962,1.6529,1.65325,0.60,0.80
2008.03.07 09:04:11.294,1.6529,1.65325,0.60,0.80
2008.03.07 09:04:11.598,1.6529,1.65325,0.60,0.80
2008.03.07 09:04:11.898,1.6529,1.65325,0.60,0.80
2008.03.07 09:04:12.147,1.6529,1.65325,0.60,0.80
2008.03.07 09:04:12.411,1.6529,1.65325,0.60,0.80
2008.03.07 09:04:12.687,1.6529,1.65325,0.60,0.80
2008.03.07 09:04:12.905,1.6529,1.65325,0.60,0.80
2008.03.07 09:04:13.223,1.6529,1.65325,0.60,0.80
2008.03.07 09:04:13.540,1.6529,1.65325,0.60,0.80
2008.03.07 09:04:13.859,1.6529,1.65325,0.60,0.80
2008.03.07 09:04:14.112,1.6529,1.65325,0.60,0.80
2008.03.07 09:04:14.365,1.6529,1.65325,0.40,1.10
2008.03.07 09:04:14.619,1.6528,1.65325,4.20,1.10
2008.03.07 09:04:14.873,1.6527,1.65315,4.50,1.10
2008.03.07 09:04:15.156,1.6527,1.65315,4.20,1.10
2008.03.07 09:04:15.469,1.6527,1.65315,0.20,5.10
2008.03.07 09:04:15.751,1.65265,1.6531,0.20,5.10
2008.03.07 09:04:16.034,1.65265,1.6531,0.20,6.70
2008.03.07 09:04:16.323,1.6526,1.653,4.20,0.40
2008.03.07 09:04:16.610,1.6526,1.653,0.20,5.10
2008.03.07 09:04:16.899,1.6526,1.653,0.20,5.10
2008.03.07 09:04:17.207,1.6526,1.653,0.20,5.10
2008.03.07 09:04:17.515,1.6526,1.653,0.20,5.10
2008.03.07 09:04:17.823,1.6526,1.653,0.20,5.90
2008.03.07 09:04:18.132,1.6526,1.6529,0.20,0.80
2008.03.07 09:04:18.360,1.6526,1.6529,0.20,0.80
2008.03.07 09:04:18.588,1.6526,1.6529,0.20,0.80
2008.03.07 09:04:18.816,1.6526,1.6529,0.20,0.80
2008.03.07 09:04:19.072,1.6525,1.6529,4.50,0.80
2008.03.07 09:04:19.432,1.6525,1.65285,4.50,0.80
2008.03.07 09:04:19.782,1.6525,1.65285,0.60,0.80
2008.03.07 09:04:20.133,1.6525,1.65285,0.60,0.80
2008.03.07 09:04:20.432,1.6525,1.65285,0.60,0.80
2008.03.07 09:04:20.729,1.6525,1.65285,0.60,0.80
2008.03.07 09:04:20.997,1.6525,1.65285,0.60,0.80
2008.03.07 09:04:21.265,1.6525,1.65285,0.60,0.80
2008.03.07 09:04:21.523,1.6525,1.65285,0.60,0.80
2008.03.07 09:04:21.781,1.6525,1.65285,0.60,0.80
2008.03.07 09:04:22.039,1.6525,1.65285,0.60,0.80
2008.03.07 09:04:22.338,1.6525,1.65285,0.60,0.80
2008.03.07 09:04:22.637,1.6525,1.65285,0.60,0.80
2008.03.07 09:04:22.950,1.6525,1.65285,0.60,0.80
2008.03.07 09:04:23.276,1.6525,1.65285,0.60,0.80
2008.03.07 09:04:23.544,1.6525,1.65285,0.60,0.80
2008.03.07 09:04:23.842,1.6525,1.65285,0.60,0.80
2008.03.07 09:04:24.140,1.6525,1.65285,0.60,0.80
2008.03.07 09:04:24.389,1.6525,1.65285,0.60,0.80
2008.03.07 09:04:24.636,1.6525,1.65285,0.60,0.80
2008.03.07 09:04:24.884,1.6525,1.65285,0.60,0.80
2008.03.07 09:04:25.133,1.6525,1.65285,0.60,0.80
2008.03.07 09:04:25.438,1.6525,1.65285,0.60,0.80
2008.03.07 09:04:25.770,1.6525,1.65285,0.60,0.80
2008.03.07 09:04:26.086,1.6525,1.65285,0.60,0.80
2008.03.07 09:04:26.422,1.6525,1.65285,0.60,0.80
2008.03.07 09:04:26.706,1.6525,1.65285,0.60,0.80
2008.03.07 09:04:26.996,1.6525,1.65285,0.40,1.10
2008.03.07 09:04:27.278,1.6525,1.6528,0.40,0.80
2008.03.07 09:04:27.552,1.6525,1.6528,0.40,0.80
2008.03.07 09:04:27.825,1.6525,1.6529,0.60,4.00
2008.03.07 09:04:28.109,1.6525,1.65285,0.60,0.80
2008.03.07 09:04:28.405,1.6525,1.65285,0.60,0.80
2008.03.07 09:04:28.687,1.6525,1.65285,0.60,0.80
2008.03.07 09:04:28.969,1.6525,1.65285,0.60,0.80
2008.03.07 09:04:29.251,1.6525,1.65285,0.60,0.80
2008.03.07 09:04:29.539,1.6525,1.65285,0.60,0.80
2008.03.07 09:04:29.857,1.6525,1.65285,0.60,0.80
2008.03.07 09:04:30.175,1.6525,1.65285,0.60,0.80
2008.03.07 09:04:30.447,1.6525,1.65285,0.60,0.80
2008.03.07 09:04:30.721,1.6525,1.6528,0.40,0.40
2008.03.07 09:04:30.994,1.6524,1.6528,4.50,0.40
2008.03.07 09:04:31.267,1.6524,1.6528,4.50,1.10
2008.03.07 09:04:31.571,1.6524,1.6528,0.60,5.10
2008.03.07 09:04:31.873,1.6524,1.6528,0.60,5.10
2008.03.07 09:04:32.176,1.6524,1.6528,0.60,5.10
2008.03.07 09:04:32.430,1.6524,1.6528,0.60,5.10
2008.03.07 09:04:32.684,1.6524,1.6528,0.60,5.10
2008.03.07 09:04:32.937,1.6524,1.6528,0.60,5.10
2008.03.07 09:04:33.190,1.6524,1.6527,0.60,0.80
2008.03.07 09:04:33.497,1.6524,1.6527,0.60,0.80
2008.03.07 09:04:33.805,1.6524,1.6527,0.60,0.80
2008.03.07 09:04:34.126,1.6524,1.6527,0.60,0.80
2008.03.07 09:04:34.465,1.6524,1.6527,0.60,0.80
2008.03.07 09:04:34.695,1.6524,1.6527,0.60,0.80
2008.03.07 09:04:34.958,1.6524,1.6527,0.60,0.80
2008.03.07 09:04:35.222,1.6525,1.65265,0.20,0.80
2008.03.07 09:04:35.486,1.6525,1.65265,0.20,0.80
2008.03.07 09:04:35.774,1.6525,1.65265,0.60,0.80
2008.03.07 09:04:36.062,1.6525,1.65285,0.60,0.80
2008.03.07 09:04:36.350,1.6525,1.65285,0.60,0.80
2008.03.07 09:04:36.614,1.6525,1.65285,0.60,0.80
2008.03.07 09:04:36.877,1.6525,1.65285,0.60,0.80
2008.03.07 09:04:37.139,1.6525,1.65285,0.60,0.80
2008.03.07 09:04:37.402,1.6525,1.65285,0.60,0.80
2008.03.07 09:04:37.706,1.6525,1.65285,0.60,0.80
2008.03.07 09:04:38.028,1.6525,1.65285,0.40,1.10
2008.03.07 09:04:38.332,1.6524,1.65275,0.40,1.10
2008.03.07 09:04:38.590,1.6524,1.6527,0.40,0.40
2008.03.07 09:04:38.870,1.6524,1.65265,0.40,0.80
2008.03.07 09:04:39.151,1.6523,1.65265,0.40,1.10
2008.03.07 09:04:39.375,1.6523,1.6526,0.40,0.80
2008.03.07 09:04:39.693,1.6523,1.6526,0.40,0.80
2008.03.07 09:04:40.011,1.6523,1.6526,0.40,0.80
2008.03.07 09:04:40.358,1.6523,1.6526,0.40,0.80
2008.03.07 09:04:40.573,1.6523,1.6526,0.40,0.80
2008.03.07 09:04:40.815,1.6523,1.6526,0.40,0.80
2008.03.07 09:04:41.059,1.6523,1.65265,0.40,0.80
2008.03.07 09:04:41.302,1.6523,1.65265,0.60,0.80
2008.03.07 09:04:41.545,1.6524,1.65265,0.40,0.80
2008.03.07 09:04:41.874,1.6524,1.65265,0.40,0.80
2008.03.07 09:04:42.202,1.6524,1.65265,0.40,0.80
2008.03.07 09:04:42.530,1.6523,1.65265,0.20,0.80
2008.03.07 09:04:42.769,1.65225,1.65265,0.20,0.80
2008.03.07 09:04:43.029,1.65225,1.65265,0.20,0.80
2008.03.07 09:04:43.296,1.65225,1.65265,0.20,0.80
2008.03.07 09:04:43.504,1.65225,1.65265,0.20,0.80
2008.03.07 09:04:43.808,1.6524,1.65265,0.40,0.80
2008.03.07 09:04:44.111,1.6524,1.65265,0.40,0.80
2008.03.07 09:04:44.415,1.6524,1.65265,0.40,0.80
2008.03.07 09:04:44.702,1.6523,1.6526,0.40,0.40
2008.03.07 09:04:45.005,1.6523,1.6526,0.40,1.10
2008.03.07 09:04:45.294,1.6523,1.6526,0.40,5.10
2008.03.07 09:04:45.583,1.6523,1.6526,0.40,5.10
2008.03.07 09:04:45.870,1.6523,1.6526,0.40,5.10
2008.03.07 09:04:46.178,1.6523,1.6526,0.40,5.10
2008.03.07 09:04:46.473,1.6523,1.65255,0.40,0.80
2008.03.07 09:04:46.754,1.6523,1.65255,0.40,0.80
2008.03.07 09:04:47.041,1.6523,1.65255,0.40,0.80
2008.03.07 09:04:47.270,1.6523,1.65255,0.40,0.80
2008.03.07 09:04:47.528,1.6523,1.65255,0.40,0.80
2008.03.07 09:04:47.836,1.6523,1.65255,0.40,0.80
2008.03.07 09:04:48.144,1.6523,1.65255,0.40,0.80
2008.03.07 09:04:48.453,1.6523,1.65255,0.40,0.80
2008.03.07 09:04:48.726,1.6523,1.65255,0.40,0.80
2008.03.07 09:04:48.999,1.6523,1.65255,0.40,0.80
2008.03.07 09:04:49.272,1.6523,1.65255,0.40,0.80
2008.03.07 09:04:49.550,1.6524,1.65255,0.40,0.80
2008.03.07 09:04:49.823,1.6524,1.65265,0.40,0.50
2008.03.07 09:04:50.098,1.6524,1.65265,0.40,0.50
2008.03.07 09:04:50.372,1.6524,1.65265,0.40,0.50
2008.03.07 09:04:50.647,1.6524,1.65265,0.40,0.50
2008.03.07 09:04:50.940,1.6524,1.65265,0.40,0.50
2008.03.07 09:04:51.258,1.6524,1.65265,0.40,0.50
2008.03.07 09:04:51.576,1.6524,1.65265,0.40,0.50
2008.03.07 09:04:51.859,1.6524,1.65265,0.40,0.50
2008.03.07 09:04:52.081,1.6524,1.65265,0.40,0.50
2008.03.07 09:04:52.333,1.6524,1.65265,0.40,0.50
2008.03.07 09:04:52.585,1.6524,1.65265,0.40,0.50
2008.03.07 09:04:52.883,1.6524,1.65265,0.40,0.50
2008.03.07 09:04:53.181,1.6524,1.65265,0.40,0.80
2008.03.07 09:04:53.479,1.6523,1.65255,0.40,0.50
2008.03.07 09:04:53.777,1.6523,1.65255,0.40,0.50
2008.03.07 09:04:54.060,1.6523,1.65255,0.40,0.50
2008.03.07 09:04:54.343,1.6523,1.65255,0.40,0.50
2008.03.07 09:04:54.626,1.6523,1.65255,0.40,0.50
2008.03.07 09:04:54.909,1.6523,1.65255,0.40,0.50
2008.03.07 09:04:55.192,1.6523,1.65255,0.40,0.50
2008.03.07 09:04:55.475,1.6523,1.65255,0.40,0.80
2008.03.07 09:04:55.787,1.6523,1.6525,0.40,0.50
2008.03.07 09:04:56.063,1.6522,1.6525,0.40,0.50
2008.03.07 09:04:56.341,1.6522,1.6525,0.40,0.50
2008.03.07 09:04:56.619,1.6522,1.6525,0.40,0.80
2008.03.07 09:04:56.897,1.6522,1.6525,0.40,0.50
2008.03.07 09:04:57.155,1.6522,1.6525,0.40,0.50
2008.03.07 09:04:57.413,1.6522,1.6525,0.40,0.50
2008.03.07 09:04:57.671,1.6522,1.6525,0.40,1.10
2008.03.07 09:04:57.929,1.6523,1.6524,0.40,0.50
2008.03.07 09:04:58.228,1.6523,1.6524,0.40,0.50
2008.03.07 09:04:58.525,1.6523,1.6524,0.40,0.50
2008.03.07 09:04:58.828,1.6523,1.65255,0.40,0.50
2008.03.07 09:04:59.087,1.6523,1.65255,0.40,0.50
2008.03.07 09:04:59.374,1.6523,1.6526,0.40,0.50
2008.03.07 09:04:59.665,1.6523,1.6526,0.40,0.50
2008.03.07 09:04:59.890,1.6523,1.6526,0.40,0.50
2008.03.07 09:05:00.213,1.6523,1.65265,0.60,0.50
2008.03.07 09:05:00.564,1.6524,1.65265,0.40,0.50
2008.03.07 09:05:00.886,1.6524,1.65265,0.40,0.50
2008.03.07 09:05:01.119,1.6524,1.65265,0.40,0.50
2008.03.07 09:05:01.352,1.6523,1.65265,0.40,0.80
2008.03.07 09:05:01.585,1.6523,1.6525,0.40,0.40
2008.03.07 09:05:01.818,1.65215,1.6525,4.00,0.40
2008.03.07 09:05:02.112,1.6521,1.65245,0.40,4.30
2008.03.07 09:05:02.406,1.6521,1.65245,0.40,4.30
2008.03.07 09:05:02.699,1.6521,1.65235,0.40,0.50
2008.03.07 09:05:02.992,1.652,1.65235,0.60,0.50
2008.03.07 09:05:03.290,1.652,1.65235,0.60,0.50
2008.03.07 09:05:03.587,1.652,1.65235,0.60,0.50
2008.03.07 09:05:03.887,1.652,1.65235,0.60,0.50
2008.03.07 09:05:04.145,1.652,1.65235,0.60,0.50
2008.03.07 09:05:04.404,1.652,1.65235,0.60,0.50
2008.03.07 09:05:04.672,1.652,1.65235,0.60,0.50
2008.03.07 09:05:04.957,1.652,1.65235,0.60,0.50
2008.03.07 09:05:05.313,1.652,1.65235,0.60,0.50
2008.03.07 09:05:05.612,1.6521,1.65235,0.60,0.50
2008.03.07 09:05:05.941,1.6521,1.65245,0.60,0.50
2008.03.07 09:05:06.183,1.6521,1.65245,0.60,0.50
2008.03.07 09:05:06.427,1.6521,1.65245,0.60,0.50
2008.03.07 09:05:06.669,1.6521,1.65245,0.60,0.50
2008.03.07 09:05:06.912,1.6521,1.65245,0.60,0.50
2008.03.07 09:05:07.180,1.6521,1.65245,0.60,0.50
2008.03.07 09:05:07.448,1.6521,1.65245,0.60,0.50
2008.03.07 09:05:07.715,1.6521,1.65245,0.60,0.50
2008.03.07 09:05:07.983,1.6521,1.65245,0.60,0.50
2008.03.07 09:05:08.252,1.6521,1.65245,0.40,0.50
2008.03.07 09:05:08.520,1.6521,1.65245,0.40,0.50
2008.03.07 09:05:08.788,1.6521,1.65245,0.60,0.50
2008.03.07 09:05:09.059,1.6521,1.65245,0.60,0.50
2008.03.07 09:05:09.399,1.6521,1.65245,0.60,0.50
2008.03.07 09:05:09.743,1.6521,1.65245,0.60,0.50
2008.03.07 09:05:10.085,1.6522,1.65245,0.20,0.50
2008.03.07 09:05:10.382,1.6522,1.6525,0.20,4.00
2008.03.07 09:05:10.676,1.6522,1.65255,0.60,0.50
2008.03.07 09:05:10.970,1.6522,1.65255,0.60,0.50
2008.03.07 09:05:11.272,1.6522,1.65255,0.60,0.50
2008.03.07 09:05:11.545,1.6522,1.65255,0.60,0.50
2008.03.07 09:05:11.817,1.6522,1.65255,0.60,0.50
2008.03.07 09:05:12.091,1.6522,1.65255,0.60,0.50
2008.03.07 09:05:12.380,1.6522,1.65255,0.60,0.50
2008.03.07 09:05:12.667,1.6522,1.65255,0.60,0.50
2008.03.07 09:05:12.956,1.6522,1.65255,0.60,0.50
2008.03.07 09:05:13.244,1.6522,1.65255,0.40,0.50
2008.03.07 09:05:13.519,1.6522,1.65255,0.40,0.50
2008.03.07 09:05:13.821,1.6522,1.65255,0.40,0.50
2008.03.07 09:05:14.125,1.6522,1.65255,0.60,0.50
2008.03.07 09:05:14.375,1.6522,1.65255,0.60,0.50
2008.03.07 09:05:14.664,1.6521,1.65245,4.00,0.40
2008.03.07 09:05:14.952,1.652,1.65235,0.60,0.50
2008.03.07 09:05:15.240,1.652,1.65235,0.60,0.50
2008.03.07 09:05:15.522,1.652,1.65235,0.60,0.50
2008.03.07 09:05:15.806,1.652,1.65235,0.60,0.50
2008.03.07 09:05:16.089,1.652,1.65235,0.60,0.50
2008.03.07 09:05:16.372,1.652,1.65235,0.60,0.50
2008.03.07 09:05:16.667,1.652,1.65235,0.60,0.50
2008.03.07 09:05:16.954,1.652,1.65235,0.60,0.50
2008.03.07 09:05:17.265,1.652,1.65235,0.60,0.50
2008.03.07 09:05:17.542,1.652,1.65235,0.60,0.50
2008.03.07 09:05:17.819,1.652,1.65235,0.60,0.50
2008.03.07 09:05:18.098,1.652,1.65235,0.60,0.50
2008.03.07 09:05:18.375,1.652,1.65235,0.60,0.50
2008.03.07 09:05:18.650,1.652,1.65235,0.60,0.50
2008.03.07 09:05:18.940,1.652,1.65235,0.60,0.50
2008.03.07 09:05:19.212,1.652,1.65235,0.60,0.50
2008.03.07 09:05:19.475,1.652,1.65235,0.60,0.50
2008.03.07 09:05:19.738,1.652,1.65235,0.60,0.50
2008.03.07 09:05:20.000,1.652,1.65235,0.60,0.50
2008.03.07 09:05:20.264,1.652,1.65235,0.60,0.50
2008.03.07 09:05:20.599,1.652,1.65235,0.60,0.50
2008.03.07 09:05:20.950,1.652,1.65235,0.60,0.50
2008.03.07 09:05:21.302,1.652,1.65235,0.60,0.50
2008.03.07 09:05:21.541,1.652,1.65235,0.60,0.50
2008.03.07 09:05:21.778,1.652,1.65235,0.40,0.80
2008.03.07 09:05:22.017,1.6519,1.65225,2.10,0.50
2008.03.07 09:05:22.255,1.6519,1.65225,0.60,0.50
2008.03.07 09:05:22.584,1.6519,1.65225,0.60,0.50
2008.03.07 09:05:22.912,1.6519,1.65225,0.60,0.50
2008.03.07 09:05:23.241,1.6519,1.65225,0.60,0.50
2008.03.07 09:05:23.484,1.6519,1.65225,0.60,0.50
2008.03.07 09:05:23.727,1.6519,1.65225,0.60,0.50
2008.03.07 09:05:23.971,1.6519,1.65225,0.60,0.50
2008.03.07 09:05:24.214,1.6519,1.65225,0.60,0.50
2008.03.07 09:05:24.457,1.6519,1.65225,0.60,0.50
2008.03.07 09:05:24.795,1.652,1.6523,0.40,0.50
2008.03.07 09:05:25.104,1.65205,1.6523,0.20,0.50
2008.03.07 09:05:25.415,1.6521,1.65235,0.20,0.50
2008.03.07 09:05:25.699,1.6521,1.65235,0.60,0.50
2008.03.07 09:05:25.983,1.6521,1.65235,0.60,0.50
2008.03.07 09:05:26.291,1.6521,1.65235,0.60,0.50
2008.03.07 09:05:26.605,1.6521,1.65235,0.60,0.50
2008.03.07 09:05:26.893,1.6521,1.65235,0.60,0.50
2008.03.07 09:05:27.236,1.65205,1.65235,0.20,0.50
2008.03.07 09:05:27.548,1.65205,1.6524,0.20,0.50
2008.03.07 09:05:27.807,1.6521,1.6524,0.20,0.50
2008.03.07 09:05:28.066,1.6521,1.6525,0.20,0.50
2008.03.07 09:05:28.325,1.6521,1.6525,0.20,4.40
2008.03.07 09:05:28.583,1.6521,1.65245,0.60,0.50
2008.03.07 09:05:28.894,1.6521,1.65245,0.60,0.50
2008.03.07 09:05:29.202,1.6521,1.65245,0.60,0.50
2008.03.07 09:05:29.509,1.6521,1.65245,0.60,0.50
2008.03.07 09:05:29.772,1.6521,1.65245,0.60,0.50
2008.03.07 09:05:30.035,1.6521,1.6525,0.60,4.00
2008.03.07 09:05:30.299,1.6522,1.6525,0.40,4.00
2008.03.07 09:05:30.562,1.6522,1.6525,0.40,4.00
2008.03.07 09:05:30.871,1.6522,1.6525,0.40,4.00
2008.03.07 09:05:31.180,1.6522,1.6525,0.40,4.00
2008.03.07 09:05:31.488,1.6522,1.6525,0.40,4.00
2008.03.07 09:05:31.797,1.6523,1.6526,0.40,4.30
2008.03.07 09:05:32.076,1.6522,1.6526,0.40,4.30
2008.03.07 09:05:32.354,1.6522,1.65255,0.40,4.00
2008.03.07 09:05:32.633,1.6522,1.65255,0.40,4.30
2008.03.07 09:05:32.905,1.6522,1.65255,0.40,4.30
2008.03.07 09:05:33.179,1.6522,1.6525,0.40,4.30
2008.03.07 09:05:33.451,1.6521,1.6525,0.40,4.30
2008.03.07 09:05:33.724,1.6521,1.6524,0.40,8.00
2008.03.07 09:05:34.038,1.6521,1.6524,0.40,8.00
2008.03.07 09:05:34.350,1.652,1.6524,0.60,4.00
2008.03.07 09:05:34.664,1.6521,1.6524,0.40,4.00
2008.03.07 09:05:34.933,1.6521,1.6525,0.40,12.30
2008.03.07 09:05:35.202,1.652,1.65245,0.60,4.30
2008.03.07 09:05:35.478,1.652,1.65245,0.60,4.30
2008.03.07 09:05:35.747,1.6521,1.6524,0.20,4.00
2008.03.07 09:05:36.035,1.652,1.65235,0.40,0.40
2008.03.07 09:05:36.323,1.652,1.65235,4.00,0.40
2008.03.07 09:05:36.612,1.65195,1.6523,0.20,4.00
2008.03.07 09:05:36.874,1.65195,1.6523,0.20,4.00
2008.03.07 09:05:37.160,1.65195,1.6523,0.20,4.00
2008.03.07 09:05:37.423,1.65195,1.6523,0.20,4.00
2008.03.07 09:05:37.685,1.65195,1.6523,0.20,4.00
2008.03.07 09:05:37.977,1.65195,1.6523,0.20,4.00
2008.03.07 09:05:38.241,1.65195,1.6523,0.20,4.00
2008.03.07 09:05:38.534,1.65195,1.6523,0.20,4.00
2008.03.07 09:05:38.827,1.65195,1.6523,0.20,4.00
2008.03.07 09:05:39.125,1.65195,1.6523,0.20,4.00
2008.03.07 09:05:39.423,1.65195,1.6523,0.20,4.00
2008.03.07 09:05:39.721,1.65195,1.6523,0.20,4.00
2008.03.07 09:05:40.019,1.65195,1.6523,0.20,4.00
2008.03.07 09:05:40.297,1.65195,1.6523,0.20,4.00
2008.03.07 09:05:40.576,1.65195,1.6523,0.20,4.00
2008.03.07 09:05:40.881,1.65195,1.6523,0.20,4.00
2008.03.07 09:05:41.160,1.65195,1.6523,0.20,4.00
2008.03.07 09:05:41.439,1.65195,1.6523,0.20,4.00
2008.03.07 09:05:41.717,1.65195,1.6523,0.20,4.00
2008.03.07 09:05:41.995,1.65195,1.6523,0.20,4.00
2008.03.07 09:05:42.307,1.65195,1.6523,0.20,4.00
2008.03.07 09:05:42.620,1.65195,1.6523,0.20,4.00
2008.03.07 09:05:42.933,1.6518,1.65225,4.50,0.40
2008.03.07 09:05:43.192,1.6518,1.6522,0.60,4.00
2008.03.07 09:05:43.450,1.6518,1.6522,0.60,4.00
2008.03.07 09:05:43.709,1.6518,1.6522,0.60,4.00
2008.03.07 09:05:43.967,1.6518,1.6522,0.60,4.00
2008.03.07 09:05:44.260,1.65185,1.6522,0.20,4.00
2008.03.07 09:05:44.553,1.65185,1.6522,0.20,4.00
2008.03.07 09:05:44.847,1.65185,1.6522,0.20,4.00
2008.03.07 09:05:45.121,1.65185,1.6522,0.20,4.00
2008.03.07 09:05:45.426,1.65185,1.6522,0.20,4.00
2008.03.07 09:05:45.666,1.6519,1.6522,0.60,4.00
2008.03.07 09:05:45.939,1.6519,1.65225,0.60,4.00
2008.03.07 09:05:46.248,1.6519,1.6522,0.60,4.00
2008.03.07 09:05:46.556,1.6519,1.65225,0.20,4.00
2008.03.07 09:05:46.865,1.65185,1.6522,0.20,4.00
2008.03.07 09:05:47.103,1.65185,1.6522,0.20,4.00
2008.03.07 09:05:47.342,1.65185,1.65215,0.20,4.00
2008.03.07 09:05:47.609,1.6519,1.65215,0.20,4.00
2008.03.07 09:05:47.859,1.6519,1.65215,0.60,4.00
2008.03.07 09:05:48.096,1.6519,1.6523,0.60,4.00
2008.03.07 09:05:48.405,1.65195,1.6523,0.20,4.00
2008.03.07 09:05:48.714,1.6519,1.6523,0.60,4.00
2008.03.07 09:05:49.021,1.6519,1.6523,0.60,4.00
2008.03.07 09:05:49.279,1.6519,1.6523,0.60,4.00
2008.03.07 09:05:49.536,1.6519,1.6523,0.60,4.00
2008.03.07 09:05:49.794,1.6519,1.6523,0.60,4.00
2008.03.07 09:05:50.052,1.6519,1.6523,0.60,4.00
2008.03.07 09:05:50.360,1.65195,1.6523,0.20,4.00
2008.03.07 09:05:50.668,1.65195,1.6523,0.20,4.00
2008.03.07 09:05:50.976,1.65195,1.6523,0.20,4.00
2008.03.07 09:05:51.244,1.65195,1.6523,0.20,4.00
2008.03.07 09:05:51.512,1.65195,1.6523,0.20,4.00
2008.03.07 09:05:51.797,1.65195,1.6523,0.20,4.00
2008.03.07 09:05:52.096,1.65195,1.6523,0.20,4.00
2008.03.07 09:05:52.392,1.65195,1.6523,0.20,4.00
2008.03.07 09:05:52.659,1.65195,1.6523,0.20,4.00
2008.03.07 09:05:52.927,1.65195,1.6523,0.20,4.00
2008.03.07 09:05:53.194,1.65195,1.6523,0.20,4.00
2008.03.07 09:05:53.482,1.65195,1.6523,0.20,4.00
2008.03.07 09:05:53.770,1.65195,1.6523,0.20,4.00
2008.03.07 09:05:54.057,1.65195,1.6523,0.20,4.00
2008.03.07 09:05:54.311,1.65195,1.6523,0.20,4.00
2008.03.07 09:05:54.564,1.65195,1.6523,0.20,4.00
2008.03.07 09:05:54.816,1.65195,1.6523,0.20,4.00
2008.03.07 09:05:55.099,1.65195,1.6523,0.20,4.00
2008.03.07 09:05:55.412,1.65195,1.6523,0.20,4.00
2008.03.07 09:05:55.725,1.65195,1.6523,0.20,4.00
2008.03.07 09:05:56.038,1.65195,1.6523,0.20,4.00
2008.03.07 09:05:56.351,1.65195,1.6523,0.20,4.00
2008.03.07 09:05:56.619,1.65195,1.6523,0.20,4.00
2008.03.07 09:05:56.883,1.65195,1.6523,0.20,4.00
2008.03.07 09:05:57.146,1.65195,1.6523,0.20,4.00
2008.03.07 09:05:57.410,1.65195,1.6523,0.20,4.00
2008.03.07 09:05:57.673,1.65195,1.6523,0.20,4.00
2008.03.07 09:05:57.936,1.65195,1.6523,0.20,4.00
2008.03.07 09:05:58.200,1.65195,1.6523,0.20,4.00
2008.03.07 09:05:58.507,1.65195,1.6523,0.20,4.00
2008.03.07 09:05:58.843,1.65195,1.6523,0.20,4.00
2008.03.07 09:05:59.154,1.65195,1.6523,0.20,4.00
2008.03.07 09:05:59.434,1.65195,1.6523,0.20,4.00
2008.03.07 09:05:59.650,1.65195,1.6523,0.20,4.00
2008.03.07 09:05:59.898,1.65195,1.6523,0.20,4.00
2008.03.07 09:06:00.146,1.65195,1.6523,0.20,4.00
2008.03.07 09:06:00.486,1.65195,1.6523,0.20,4.00
2008.03.07 09:06:00.812,1.65195,1.6523,0.20,4.00
2008.03.07 09:06:01.146,1.65195,1.6523,0.20,4.00
2008.03.07 09:06:01.391,1.65195,1.6523,0.20,4.00
2008.03.07 09:06:01.619,1.65195,1.6523,0.20,4.00
2008.03.07 09:06:01.848,1.65195,1.6523,0.20,4.00
2008.03.07 09:06:02.075,1.65195,1.6523,0.20,4.00
2008.03.07 09:06:02.302,1.65195,1.6523,0.20,4.00
2008.03.07 09:06:02.616,1.65195,1.6523,0.20,4.00
2008.03.07 09:06:02.929,1.65195,1.6523,0.20,4.00
2008.03.07 09:06:03.241,1.65195,1.6523,0.20,4.00
2008.03.07 09:06:03.490,1.65195,1.6523,0.20,4.00
2008.03.07 09:06:03.761,1.65195,1.6523,0.20,4.00
2008.03.07 09:06:04.008,1.65195,1.6523,0.20,4.00
2008.03.07 09:06:04.256,1.65195,1.6523,0.20,4.00
2008.03.07 09:06:04.549,1.65195,1.6523,0.20,4.00
2008.03.07 09:06:04.842,1.65195,1.6523,0.20,4.00
2008.03.07 09:06:05.137,1.65195,1.6523,0.20,4.00
2008.03.07 09:06:05.433,1.65195,1.6523,0.20,4.00
2008.03.07 09:06:05.737,1.65195,1.6523,0.20,4.00
2008.03.07 09:06:06.040,1.6519,1.6523,0.60,4.00
2008.03.07 09:06:06.344,1.6519,1.65225,0.60,4.00
2008.03.07 09:06:06.590,1.6519,1.65225,0.60,4.00
2008.03.07 09:06:06.808,1.6519,1.65225,0.60,4.00
2008.03.07 09:06:07.026,1.6519,1.65225,0.60,4.00
2008.03.07 09:06:07.244,1.6519,1.65225,0.60,4.00
2008.03.07 09:06:07.463,1.6519,1.65225,0.60,4.00
2008.03.07 09:06:07.817,1.6519,1.65225,0.60,4.00
2008.03.07 09:06:08.182,1.6519,1.65225,0.60,4.00
2008.03.07 09:06:08.484,1.6519,1.65225,0.60,4.00
2008.03.07 09:06:08.723,1.65195,1.65225,0.20,4.00
2008.03.07 09:06:08.961,1.6519,1.6523,0.60,4.00
2008.03.07 09:06:09.200,1.6519,1.65225,0.60,4.00
2008.03.07 09:06:09.438,1.6519,1.65225,0.60,4.00
2008.03.07 09:06:09.726,1.6519,1.65225,0.60,4.00
2008.03.07 09:06:10.014,1.6519,1.65225,0.60,4.00
2008.03.07 09:06:10.328,1.6519,1.65225,0.60,4.00
2008.03.07 09:06:10.659,1.65195,1.65225,0.20,4.00
2008.03.07 09:06:10.935,1.65195,1.6523,0.20,4.00
2008.03.07 09:06:11.238,1.65195,1.6523,0.20,4.00
2008.03.07 09:06:11.541,1.65195,1.6523,0.20,4.00
2008.03.07 09:06:11.804,1.65195,1.6523,0.20,4.00
2008.03.07 09:06:12.069,1.65195,1.6523,0.20,4.00
2008.03.07 09:06:12.360,1.65195,1.6523,0.20,4.00
2008.03.07 09:06:12.594,1.65195,1.6523,0.20,4.00
2008.03.07 09:06:12.882,1.65195,1.6523,0.20,4.00
2008.03.07 09:06:13.170,1.65195,1.6523,0.20,4.00
2008.03.07 09:06:13.459,1.65195,1.6523,0.20,4.00
2008.03.07 09:06:13.726,1.65195,1.6523,0.20,4.00
2008.03.07 09:06:13.995,1.65195,1.6523,0.20,4.00
2008.03.07 09:06:14.263,1.65195,1.6523,0.20,4.00
2008.03.07 09:06:14.533,1.65195,1.6523,0.20,4.00
2008.03.07 09:06:14.821,1.65195,1.6523,0.20,4.00
2008.03.07 09:06:15.109,1.65195,1.6523,0.20,4.00
2008.03.07 09:06:15.426,1.65195,1.6523,0.20,4.00
2008.03.07 09:06:15.693,1.65195,1.6523,0.20,4.00
2008.03.07 09:06:15.961,1.65195,1.6523,0.20,4.00
2008.03.07 09:06:16.230,1.65195,1.6523,0.20,4.00
2008.03.07 09:06:16.498,1.65195,1.6523,0.20,4.00
2008.03.07 09:06:16.814,1.65195,1.6523,0.20,4.00
2008.03.07 09:06:17.102,1.65195,1.6523,0.20,4.00
2008.03.07 09:06:17.390,1.65195,1.6523,0.20,4.00
2008.03.07 09:06:17.678,1.65195,1.6523,0.20,4.00
2008.03.07 09:06:17.965,1.65195,1.6523,0.20,4.00
2008.03.07 09:06:18.253,1.65195,1.6523,0.20,4.00
2008.03.07 09:06:18.569,1.65195,1.6523,0.20,4.00
2008.03.07 09:06:18.819,1.65195,1.6523,0.20,4.00
2008.03.07 09:06:19.072,1.65195,1.6523,0.20,4.00
2008.03.07 09:06:19.326,1.65195,1.6523,0.20,4.00
2008.03.07 09:06:19.581,1.6519,1.652,0.40,0.40
2008.03.07 09:06:19.893,1.65185,1.652,0.50,1.90
2008.03.07 09:06:20.221,1.6517,1.65195,0.40,4.00
2008.03.07 09:06:20.519,1.6517,1.65195,0.40,4.30
2008.03.07 09:06:20.787,1.6515,1.65185,0.60,4.00
2008.03.07 09:06:21.055,1.6515,1.65185,0.60,4.00
2008.03.07 09:06:21.324,1.6515,1.65185,0.60,4.00
2008.03.07 09:06:21.591,1.6515,1.65185,0.60,4.00
2008.03.07 09:06:21.885,1.6515,1.65185,0.60,4.00
2008.03.07 09:06:22.178,1.6515,1.65185,0.60,4.00
2008.03.07 09:06:22.499,1.6515,1.65185,0.60,4.00
2008.03.07 09:06:22.729,1.6515,1.65185,0.60,4.00
2008.03.07 09:06:22.987,1.6515,1.65185,0.60,4.00
2008.03.07 09:06:23.245,1.6517,1.65185,0.20,4.00
2008.03.07 09:06:23.510,1.6517,1.65205,0.20,4.00
2008.03.07 09:06:23.825,1.6517,1.65205,0.60,4.00
2008.03.07 09:06:24.143,1.6516,1.652,0.20,4.00
2008.03.07 09:06:24.459,1.6516,1.6519,0.20,4.00
2008.03.07 09:06:24.741,1.6515,1.65185,0.20,4.00
2008.03.07 09:06:25.048,1.6515,1.65185,0.20,4.00
2008.03.07 09:06:25.357,1.6515,1.65185,0.20,4.00
2008.03.07 09:06:25.664,1.6515,1.65185,0.20,4.00
2008.03.07 09:06:25.933,1.6515,1.65185,0.20,4.00
2008.03.07 09:06:26.201,1.6515,1.65185,0.20,4.00
2008.03.07 09:06:26.470,1.6515,1.65185,0.20,4.00
2008.03.07 09:06:26.738,1.6515,1.65185,0.20,4.00
2008.03.07 09:06:27.026,1.6515,1.65185,0.20,4.00
2008.03.07 09:06:27.318,1.6516,1.65195,0.20,4.00
2008.03.07 09:06:27.612,1.6516,1.65195,0.20,4.00
2008.03.07 09:06:27.919,1.6517,1.65195,0.40,4.00
2008.03.07 09:06:28.169,1.6516,1.65195,0.40,4.00
2008.03.07 09:06:28.448,1.6516,1.6519,0.40,4.00
2008.03.07 09:06:28.725,1.6516,1.6519,0.40,4.00
2008.03.07 09:06:29.018,1.6516,1.6519,0.40,4.00
2008.03.07 09:06:29.312,1.6516,1.6519,0.40,4.00
2008.03.07 09:06:29.604,1.6516,1.6519,0.40,4.00
2008.03.07 09:06:29.898,1.6516,1.6519,0.40,4.00
2008.03.07 09:06:30.181,1.6516,1.6519,0.40,4.00
2008.03.07 09:06:30.499,1.6516,1.6519,0.40,4.00
2008.03.07 09:06:30.764,1.6516,1.6519,0.40,4.00
2008.03.07 09:06:31.034,1.6516,1.6519,0.40,4.00
2008.03.07 09:06:31.277,1.6514,1.6518,4.00,0.40
2008.03.07 09:06:31.520,1.65135,1.65175,0.20,4.00
2008.03.07 09:06:31.763,1.65135,1.65175,0.20,4.00
2008.03.07 09:06:32.081,1.65135,1.65175,0.20,4.00
2008.03.07 09:06:32.400,1.65135,1.65175,0.20,4.00
2008.03.07 09:06:32.720,1.65135,1.65175,0.20,4.00
2008.03.07 09:06:32.982,1.65135,1.65175,0.20,4.00
2008.03.07 09:06:33.214,1.65155,1.65175,0.20,4.00
2008.03.07 09:06:33.447,1.65155,1.6519,0.20,5.60
2008.03.07 09:06:33.681,1.65155,1.6519,0.20,5.60
2008.03.07 09:06:33.914,1.65155,1.6519,0.20,5.60
2008.03.07 09:06:34.247,1.65155,1.65175,0.20,4.00
2008.03.07 09:06:34.581,1.65155,1.6519,0.20,5.60
2008.03.07 09:06:34.935,1.65145,1.6518,0.20,4.00
2008.03.07 09:06:35.194,1.65155,1.6518,0.20,4.00
2008.03.07 09:06:35.452,1.65155,1.6519,0.20,5.60
2008.03.07 09:06:35.711,1.6514,1.6518,4.00,0.40
2008.03.07 09:06:35.968,1.65135,1.65175,0.20,4.00
2008.03.07 09:06:36.261,1.65135,1.65175,0.20,4.00
2008.03.07 09:06:36.548,1.65135,1.65175,0.20,4.00
2008.03.07 09:06:36.837,1.65135,1.65175,0.20,4.00
2008.03.07 09:06:37.086,1.65135,1.65175,0.20,4.00
2008.03.07 09:06:37.334,1.65135,1.65175,0.20,4.00
2008.03.07 09:06:37.583,1.65135,1.65175,0.20,4.00
2008.03.07 09:06:37.831,1.65135,1.65175,0.20,4.00
2008.03.07 09:06:38.129,1.65135,1.65175,0.20,4.00
2008.03.07 09:06:38.428,1.65135,1.65175,0.20,4.00
2008.03.07 09:06:38.728,1.6514,1.65175,0.20,4.00
2008.03.07 09:06:40.619,1.65135,1.6518,0.20,4.30
2008.03.07 09:06:42.039,1.65135,1.65175,0.20,4.00
2008.03.07 09:06:42.120,1.65135,1.65175,0.20,4.00
2008.03.07 09:06:42.197,1.65135,1.65175,0.20,4.00
2008.03.07 09:06:42.299,1.65135,1.65175,0.20,4.00
2008.03.07 09:06:42.374,1.65135,1.65175,0.20,4.00
2008.03.07 09:06:42.453,1.65135,1.65175,0.20,4.00
2008.03.07 09:06:42.533,1.65135,1.65175,0.20,4.00
2008.03.07 09:06:42.610,1.65135,1.65175,0.20,4.00
2008.03.07 09:06:42.689,1.65135,1.65175,0.20,4.00
2008.03.07 09:06:42.779,1.65135,1.65175,0.20,4.00
2008.03.07 09:06:42.884,1.65135,1.65175,0.20,4.00
2008.03.07 09:06:42.962,1.65135,1.65175,0.20,4.00
2008.03.07 09:06:43.040,1.65135,1.65175,0.20,4.00
2008.03.07 09:06:43.374,1.65135,1.65175,0.20,4.00
2008.03.07 09:06:43.708,1.6514,1.65175,0.20,4.00
2008.03.07 09:06:44.041,1.6514,1.6518,0.20,4.00
2008.03.07 09:06:44.373,1.6514,1.6518,0.20,4.00
2008.03.07 09:06:44.616,1.6514,1.6518,0.20,4.00
2008.03.07 09:06:45.943,1.6514,1.6518,0.20,4.00
2008.03.07 09:06:46.120,1.6514,1.6518,0.20,4.00
2008.03.07 09:06:46.297,1.65135,1.65175,0.20,0.40
2008.03.07 09:06:46.445,1.65135,1.65175,0.20,0.40
2008.03.07 09:06:46.595,1.65135,1.6517,0.20,4.00
2008.03.07 09:06:46.743,1.65135,1.6517,0.20,4.00
2008.03.07 09:06:46.892,1.65135,1.6517,0.20,4.00
2008.03.07 09:06:47.039,1.65135,1.6517,0.20,4.00
2008.03.07 09:06:47.372,1.65135,1.6517,0.20,4.00
2008.03.07 09:06:47.705,1.65135,1.6517,0.20,4.00
2008.03.07 09:06:48.038,1.65135,1.6517,0.20,4.00
2008.03.07 09:06:48.281,1.65135,1.6517,0.20,4.00
2008.03.07 09:06:48.537,1.65135,1.6517,0.20,4.00
2008.03.07 09:06:48.777,1.65135,1.6517,0.20,4.00
2008.03.07 09:06:49.020,1.65135,1.6517,0.20,4.00
2008.03.07 09:06:49.323,1.65135,1.6517,0.20,4.00
2008.03.07 09:06:49.626,1.65135,1.6517,0.20,4.00
2008.03.07 09:06:49.928,1.65135,1.6517,0.20,4.00
2008.03.07 09:06:50.232,1.65135,1.6517,0.20,4.00
2008.03.07 09:06:50.515,1.65135,1.6517,0.20,4.00
2008.03.07 09:06:50.798,1.65135,1.6517,0.20,4.00
2008.03.07 09:06:51.082,1.65135,1.6517,0.20,4.00
2008.03.07 09:06:51.342,1.6512,1.65135,4.00,0.40
2008.03.07 09:06:51.623,1.651,1.65125,0.40,4.00
2008.03.07 09:06:51.910,1.651,1.65125,0.40,4.00
2008.03.07 09:06:52.139,1.651,1.65125,0.40,4.30
2008.03.07 09:06:52.453,1.6508,1.6512,0.60,1.60
2008.03.07 09:06:52.767,1.6509,1.65115,0.20,4.00
2008.03.07 09:06:53.081,1.65095,1.65125,0.20,4.00
2008.03.07 09:06:53.327,1.65095,1.65125,0.20,4.00
2008.03.07 09:06:53.570,1.65095,1.65135,0.20,4.00
2008.03.07 09:06:53.815,1.6509,1.65135,0.20,4.30
2008.03.07 09:06:54.093,1.6509,1.6513,0.20,4.00
2008.03.07 09:06:54.408,1.6509,1.6513,0.20,4.00
2008.03.07 09:06:54.719,1.6509,1.6513,0.20,4.00
2008.03.07 09:06:55.032,1.6509,1.6513,0.20,4.00
2008.03.07 09:06:55.346,1.65095,1.65135,0.20,4.00
2008.03.07 09:06:55.614,1.65095,1.65135,0.20,4.00
2008.03.07 09:06:55.882,1.65095,1.65135,0.20,4.00
2008.03.07 09:06:56.158,1.65095,1.65135,0.20,4.00
2008.03.07 09:06:56.430,1.65095,1.65135,0.20,4.00
2008.03.07 09:06:56.703,1.65095,1.65135,0.20,4.00
2008.03.07 09:06:56.976,1.65095,1.65135,0.20,4.00
2008.03.07 09:06:57.249,1.65095,1.65135,0.20,4.00
2008.03.07 09:06:57.531,1.65095,1.65135,0.20,4.00
2008.03.07 09:06:57.815,1.65095,1.65135,0.20,4.00
2008.03.07 09:06:58.098,1.65095,1.65135,0.20,4.00
2008.03.07 09:06:58.381,1.65095,1.65135,0.20,4.00
2008.03.07 09:06:58.638,1.65095,1.65135,0.20,4.00
2008.03.07 09:06:58.897,1.6509,1.65135,0.20,4.30
2008.03.07 09:06:59.169,1.6509,1.65125,0.20,4.00
2008.03.07 09:06:59.427,1.6508,1.6512,0.60,0.40
2008.03.07 09:06:59.715,1.6509,1.65125,0.20,4.00
2008.03.07 09:07:00.003,1.6509,1.65115,0.20,4.00
2008.03.07 09:07:00.292,1.65085,1.65125,0.20,4.30
2008.03.07 09:07:00.605,1.6507,1.65115,4.50,0.40
2008.03.07 09:07:00.920,1.65085,1.6512,0.20,4.00
2008.03.07 09:07:01.232,1.65085,1.6512,0.20,4.00
2008.03.07 09:07:01.545,1.65085,1.6512,0.20,4.00
2008.03.07 09:07:01.819,1.65085,1.6512,0.20,4.00
2008.03.07 09:07:02.070,1.65085,1.6512,0.20,4.00
2008.03.07 09:07:02.323,1.65085,1.6512,0.20,4.00
2008.03.07 09:07:02.626,1.65085,1.6511,0.20,4.00
2008.03.07 09:07:03.862,1.65085,1.6511,0.20,4.00
2008.03.07 09:07:03.961,1.65085,1.6511,0.20,4.00
2008.03.07 09:07:04.066,1.65085,1.6511,0.20,4.00
2008.03.07 09:07:04.145,1.65085,1.6511,0.20,4.00
2008.03.07 09:07:04.224,1.651,1.6511,0.20,4.00
2008.03.07 09:07:04.315,1.651,1.6511,0.20,4.00
2008.03.07 09:07:04.396,1.651,1.6511,0.20,4.00
2008.03.07 09:07:04.472,1.651,1.6513,0.20,5.60
2008.03.07 09:07:04.549,1.651,1.6513,0.20,5.60
2008.03.07 09:07:04.628,1.651,1.6513,0.20,5.60
2008.03.07 09:07:04.704,1.651,1.6513,0.20,5.60
2008.03.07 09:07:04.783,1.651,1.6513,0.20,5.60
2008.03.07 09:07:04.861,1.651,1.6513,0.20,5.60
2008.03.07 09:07:05.194,1.651,1.6513,0.20,4.00
2008.03.07 09:07:05.527,1.651,1.65135,0.60,4.00
2008.03.07 09:07:05.860,1.651,1.65135,0.60,4.00
2008.03.07 09:07:06.113,1.651,1.65135,0.60,4.00
2008.03.07 09:07:06.366,1.651,1.65135,0.60,4.00
2008.03.07 09:07:06.619,1.651,1.65135,0.60,4.00
2008.03.07 09:07:06.872,1.65085,1.65125,4.20,0.40
2008.03.07 09:07:07.166,1.65085,1.6512,0.20,4.00
2008.03.07 09:07:07.459,1.65085,1.6512,0.20,4.00
2008.03.07 09:07:07.752,1.65085,1.6512,0.20,4.00
2008.03.07 09:07:08.045,1.65085,1.6512,0.20,4.00
2008.03.07 09:07:08.323,1.65085,1.6512,0.20,4.00
2008.03.07 09:07:08.600,1.65085,1.6512,0.20,4.00
2008.03.07 09:07:08.878,1.65085,1.6512,0.20,4.00
2008.03.07 09:07:09.167,1.65085,1.6512,0.20,4.00
2008.03.07 09:07:09.425,1.65085,1.6512,0.20,4.00
2008.03.07 09:07:09.684,1.65085,1.6512,0.20,4.00
2008.03.07 09:07:09.942,1.65085,1.6512,0.20,4.00
2008.03.07 09:07:10.200,1.6509,1.6512,0.20,4.00
2008.03.07 09:07:10.503,1.6509,1.6513,0.20,4.00
2008.03.07 09:07:10.806,1.6509,1.65125,0.40,0.40
2008.03.07 09:07:11.113,1.6509,1.6512,0.40,4.00
2008.03.07 09:07:11.365,1.6509,1.6512,0.40,4.00
2008.03.07 09:07:11.619,1.6509,1.6512,0.40,4.00
2008.03.07 09:07:11.871,1.6509,1.6512,0.40,4.00
2008.03.07 09:07:12.125,1.6509,1.6512,0.40,4.00
2008.03.07 09:07:12.402,1.6509,1.6512,0.40,4.00
2008.03.07 09:07:12.681,1.6509,1.6512,0.40,4.00
2008.03.07 09:07:12.959,1.6509,1.6512,0.40,4.00
2008.03.07 09:07:13.237,1.6509,1.6512,0.40,4.30
2008.03.07 09:07:13.519,1.6508,1.65115,0.60,4.00
2008.03.07 09:07:13.803,1.6508,1.65115,0.60,4.00
2008.03.07 09:07:14.088,1.6508,1.65115,0.60,4.00
2008.03.07 09:07:14.380,1.6508,1.65115,0.60,4.00
2008.03.07 09:07:14.654,1.65085,1.65115,0.20,4.00
2008.03.07 09:07:14.917,1.65085,1.65115,0.20,4.00
2008.03.07 09:07:15.199,1.65085,1.65125,0.20,4.00
2008.03.07 09:07:15.535,1.65085,1.65125,0.20,4.00
2008.03.07 09:07:15.890,1.65085,1.65125,0.20,4.00
2008.03.07 09:07:16.190,1.65085,1.65125,0.20,4.00
2008.03.07 09:07:16.437,1.65085,1.65125,0.20,4.00
2008.03.07 09:07:16.685,1.65085,1.65125,0.20,4.00
2008.03.07 09:07:16.933,1.65085,1.65125,0.20,4.00
2008.03.07 09:07:17.181,1.65085,1.65125,0.20,4.00
2008.03.07 09:07:17.460,1.65085,1.65125,0.20,4.00
2008.03.07 09:07:17.722,1.65085,1.65125,0.20,4.00
2008.03.07 09:07:17.986,1.6509,1.65125,0.40,4.00
2008.03.07 09:07:18.248,1.6509,1.65125,0.40,4.00
2008.03.07 09:07:18.537,1.6509,1.65125,0.40,4.00
2008.03.07 09:07:18.825,1.6509,1.65125,0.40,4.00
2008.03.07 09:07:19.113,1.6509,1.65125,0.40,4.00
2008.03.07 09:07:19.390,1.6509,1.65125,0.40,4.00
2008.03.07 09:07:19.668,1.6509,1.65125,0.40,4.00
2008.03.07 09:07:19.948,1.6509,1.65125,0.40,4.00
2008.03.07 09:07:20.225,1.6509,1.65125,0.40,4.00
2008.03.07 09:07:20.513,1.6509,1.65125,0.40,4.00
2008.03.07 09:07:20.801,1.6509,1.65125,0.40,4.00
2008.03.07 09:07:21.110,1.6509,1.65125,0.40,4.00
2008.03.07 09:07:21.362,1.6509,1.65125,0.40,4.00
2008.03.07 09:07:21.615,1.6509,1.65125,0.40,4.00
2008.03.07 09:07:21.869,1.6509,1.65125,0.40,4.00
2008.03.07 09:07:22.121,1.6509,1.65125,0.40,4.00
2008.03.07 09:07:22.433,1.6509,1.65125,0.40,4.00
2008.03.07 09:07:22.735,1.6509,1.65125,0.40,4.00
2008.03.07 09:07:23.040,1.65085,1.65125,0.20,4.00
2008.03.07 09:07:23.343,1.65085,1.65125,0.20,4.00
2008.03.07 09:07:23.616,1.65085,1.65125,0.20,4.00
2008.03.07 09:07:23.888,1.65085,1.65125,0.20,4.00
2008.03.07 09:07:24.173,1.65085,1.65125,0.20,4.00
2008.03.07 09:07:24.428,1.65085,1.65125,0.20,4.00
2008.03.07 09:07:24.679,1.65085,1.65125,0.20,4.00
2008.03.07 09:07:24.932,1.65085,1.65125,0.20,4.00
2008.03.07 09:07:25.186,1.65085,1.65125,0.20,4.00
2008.03.07 09:07:25.538,1.65085,1.65125,0.20,4.00
2008.03.07 09:07:25.821,1.65085,1.65125,0.20,4.00
2008.03.07 09:07:26.139,1.65085,1.65125,0.20,4.00
2008.03.07 09:07:26.459,1.65085,1.65125,0.20,4.00
2008.03.07 09:07:26.696,1.6508,1.6512,0.60,0.40
2008.03.07 09:07:26.933,1.6508,1.6512,0.60,0.40
2008.03.07 09:07:27.199,1.6508,1.65115,0.60,4.00
2008.03.07 09:07:27.437,1.6508,1.65115,0.20,4.00
2008.03.07 09:07:27.739,1.6508,1.65115,0.20,4.00
2008.03.07 09:07:28.043,1.6508,1.65115,0.20,4.00
2008.03.07 09:07:28.345,1.6508,1.65115,0.20,4.00
2008.03.07 09:07:28.608,1.6508,1.65115,0.20,4.00
2008.03.07 09:07:28.877,1.6508,1.65115,0.20,4.00
2008.03.07 09:07:29.140,1.6508,1.65115,0.20,4.00
2008.03.07 09:07:29.403,1.6508,1.65115,0.20,4.00
2008.03.07 09:07:29.681,1.65095,1.65115,0.20,4.00
2008.03.07 09:07:29.959,1.65095,1.6513,0.20,4.00
2008.03.07 09:07:30.237,1.6509,1.6513,0.40,4.30
2008.03.07 09:07:30.520,1.65085,1.65125,0.20,4.00
2008.03.07 09:07:30.839,1.65085,1.65125,0.20,4.00
2008.03.07 09:07:31.161,1.65085,1.65125,0.20,4.00
2008.03.07 09:07:31.485,1.65075,1.65105,4.00,0.40
2008.03.07 09:07:31.730,1.6506,1.65095,0.60,4.00
2008.03.07 09:07:31.993,1.6506,1.65095,0.60,4.00
2008.03.07 09:07:32.196,1.6506,1.65095,0.60,4.00
2008.03.07 09:07:32.430,1.6506,1.65095,0.60,4.00
2008.03.07 09:07:32.748,1.6506,1.65095,0.60,4.00
2008.03.07 09:07:33.066,1.65065,1.65095,0.20,4.00
2008.03.07 09:07:33.385,1.65065,1.651,0.20,4.00
2008.03.07 09:07:33.633,1.65065,1.651,0.20,4.00
2008.03.07 09:07:33.881,1.6506,1.6507,0.40,0.40
2008.03.07 09:07:34.139,1.6506,1.6507,0.40,4.30
2008.03.07 09:07:34.416,1.6503,1.6506,0.40,4.00
2008.03.07 09:07:34.749,1.6503,1.6506,0.40,4.00
2008.03.07 09:07:35.030,1.6503,1.6506,0.40,4.00
2008.03.07 09:07:35.339,1.6504,1.6506,0.20,4.00
2008.03.07 09:07:35.648,1.6504,1.65065,0.20,4.00
2008.03.07 09:07:35.917,1.6504,1.65075,0.20,4.00
2008.03.07 09:07:36.185,1.6504,1.65075,0.20,4.00
2008.03.07 09:07:36.452,1.6504,1.65075,0.20,4.00
2008.03.07 09:07:36.720,1.6504,1.65075,0.20,4.00
2008.03.07 09:07:37.018,1.6504,1.65075,0.20,4.00
2008.03.07 09:07:37.317,1.6505,1.65075,0.20,4.00
2008.03.07 09:07:37.615,1.6505,1.65085,0.20,4.00
2008.03.07 09:07:37.862,1.6505,1.65085,0.20,4.00
2008.03.07 09:07:38.110,1.6505,1.65085,0.20,4.00
2008.03.07 09:07:38.388,1.6505,1.65085,0.20,4.00
2008.03.07 09:07:38.634,1.6505,1.65085,0.20,4.00
2008.03.07 09:07:38.946,1.6505,1.65085,0.20,4.00
2008.03.07 09:07:39.259,1.65035,1.65075,4.00,0.40
2008.03.07 09:07:39.572,1.6503,1.65065,0.60,4.00
2008.03.07 09:07:39.820,1.6503,1.65065,0.60,4.00
2008.03.07 09:07:40.069,1.6503,1.65065,0.60,4.00
2008.03.07 09:07:40.319,1.6503,1.65065,0.60,4.00
2008.03.07 09:07:40.594,1.6503,1.65065,0.60,4.00
2008.03.07 09:07:40.956,1.6503,1.65065,0.60,4.00
2008.03.07 09:07:41.319,1.6503,1.65065,0.60,4.00
2008.03.07 09:07:41.674,1.6503,1.65065,0.60,4.00
2008.03.07 09:07:41.906,1.6503,1.65065,0.60,4.00
2008.03.07 09:07:42.139,1.6503,1.65065,0.60,4.00
2008.03.07 09:07:42.371,1.6503,1.65065,0.60,4.00
2008.03.07 09:07:42.604,1.6503,1.65065,0.60,4.00
2008.03.07 09:07:42.837,1.6503,1.65065,0.60,4.00
2008.03.07 09:07:43.165,1.6503,1.6506,0.40,4.00
2008.03.07 09:07:43.493,1.65025,1.6506,0.20,4.00
2008.03.07 09:07:43.821,1.65025,1.6506,0.20,4.00
2008.03.07 09:07:44.087,1.65025,1.6506,0.20,4.00
2008.03.07 09:07:44.365,1.65025,1.6506,0.20,4.00
2008.03.07 09:07:44.614,1.65025,1.6506,0.20,4.00
2008.03.07 09:07:44.861,1.65025,1.6506,0.20,4.00
2008.03.07 09:07:45.179,1.65025,1.6506,0.20,4.00
2008.03.07 09:07:45.497,1.65025,1.6506,0.20,4.00
2008.03.07 09:07:45.815,1.65025,1.6506,0.20,4.00
2008.03.07 09:07:46.082,1.65025,1.6506,0.20,4.00
2008.03.07 09:07:46.340,1.65025,1.6506,0.20,4.00
2008.03.07 09:07:46.598,1.65025,1.6506,0.20,4.00
2008.03.07 09:07:46.856,1.65025,1.6506,0.20,4.00
2008.03.07 09:07:47.129,1.65025,1.6506,0.20,4.00
2008.03.07 09:07:47.402,1.65025,1.6506,0.20,4.00
2008.03.07 09:07:47.675,1.65025,1.6506,0.20,4.00
2008.03.07 09:07:47.979,1.65025,1.6506,0.20,4.00
2008.03.07 09:07:48.232,1.65025,1.6506,0.20,4.00
2008.03.07 09:07:48.515,1.65025,1.6506,0.20,4.00
2008.03.07 09:07:48.799,1.6503,1.6506,0.20,4.00
2008.03.07 09:07:49.042,1.6503,1.65065,0.20,4.00
2008.03.07 09:07:49.286,1.6503,1.65065,0.60,4.00
2008.03.07 09:07:49.560,1.6503,1.65065,0.60,4.00
2008.03.07 09:07:49.801,1.6503,1.65065,0.60,4.00
2008.03.07 09:07:50.133,1.6503,1.65065,0.60,4.00
2008.03.07 09:07:50.467,1.6503,1.65065,0.60,4.00
2008.03.07 09:07:50.801,1.6503,1.65065,0.40,4.00
2008.03.07 09:07:51.039,1.65025,1.6506,0.20,4.00
2008.03.07 09:07:51.277,1.65025,1.6506,0.20,4.00
2008.03.07 09:07:51.530,1.65025,1.6506,0.20,4.00
2008.03.07 09:07:51.766,1.65025,1.6506,0.20,4.00
2008.03.07 09:07:52.065,1.65025,1.6506,0.20,4.00
2008.03.07 09:07:52.366,1.65035,1.6506,0.20,4.00
2008.03.07 09:07:52.664,1.65035,1.6507,0.20,4.00
2008.03.07 09:07:52.963,1.65035,1.6507,0.20,4.00
2008.03.07 09:07:53.245,1.65035,1.6507,0.20,4.00
2008.03.07 09:07:53.497,1.65035,1.6507,0.20,4.00
2008.03.07 09:07:53.750,1.65035,1.6507,0.20,4.00
2008.03.07 09:07:54.003,1.65035,1.6507,0.20,4.00
2008.03.07 09:07:54.306,1.65035,1.6507,0.20,4.00
2008.03.07 09:07:54.609,1.65035,1.6507,0.20,4.00
2008.03.07 09:07:54.912,1.65035,1.6507,0.20,4.00
2008.03.07 09:07:55.201,1.65035,1.6507,0.20,4.00
2008.03.07 09:07:55.489,1.65035,1.6507,0.20,4.00
2008.03.07 09:07:55.778,1.65035,1.6507,0.20,4.00
2008.03.07 09:07:56.066,1.65035,1.6507,0.20,4.00
2008.03.07 09:07:56.339,1.65035,1.6507,0.20,4.00
2008.03.07 09:07:56.613,1.65035,1.6507,0.20,5.60
2008.03.07 09:07:56.887,1.6504,1.6507,0.20,5.60
2008.03.07 09:07:57.164,1.6504,1.6507,0.20,5.60
2008.03.07 09:07:57.443,1.6504,1.6508,0.20,9.60
2008.03.07 09:07:57.721,1.65045,1.6508,0.20,8.00
2008.03.07 09:07:57.999,1.65045,1.65085,0.20,4.00
2008.03.07 09:07:58.282,1.65045,1.65085,0.20,4.00
2008.03.07 09:07:58.589,1.65045,1.65085,0.20,4.00
2008.03.07 09:07:58.837,1.65045,1.65085,0.20,4.00
2008.03.07 09:07:59.116,1.65045,1.6509,0.20,9.90
2008.03.07 09:07:59.410,1.65045,1.6509,0.20,9.90
2008.03.07 09:07:59.703,1.6504,1.65085,0.20,4.30
2008.03.07 09:07:59.996,1.6504,1.6508,0.20,8.00
2008.03.07 09:08:00.278,1.6504,1.6508,0.20,8.00
2008.03.07 09:08:00.560,1.6504,1.6508,0.20,8.00
2008.03.07 09:08:00.848,1.6504,1.6508,0.20,8.00
2008.03.07 09:08:01.131,1.6504,1.6508,0.20,8.00
2008.03.07 09:08:01.384,1.6503,1.65075,4.50,0.40
2008.03.07 09:08:01.638,1.6503,1.6507,0.60,4.00
2008.03.07 09:08:01.891,1.6503,1.6507,0.60,4.00
2008.03.07 09:08:02.145,1.6503,1.6507,0.60,4.00
2008.03.07 09:08:02.446,1.6504,1.6508,0.20,5.60
2008.03.07 09:08:02.744,1.6504,1.6508,0.20,5.60
2008.03.07 09:08:03.074,1.6504,1.6508,0.60,5.60
2008.03.07 09:08:03.325,1.6504,1.6508,0.60,5.60
2008.03.07 09:08:03.577,1.6504,1.6508,0.60,5.60
2008.03.07 09:08:03.831,1.6504,1.6508,0.60,5.60
2008.03.07 09:08:04.085,1.6504,1.6508,0.60,4.00
2008.03.07 09:08:04.378,1.6504,1.6508,0.60,4.00
2008.03.07 09:08:04.671,1.6504,1.6508,0.60,4.00
2008.03.07 09:08:04.964,1.6504,1.6508,0.60,4.00
2008.03.07 09:08:05.257,1.6504,1.6508,0.60,4.00
2008.03.07 09:08:05.555,1.6504,1.6508,0.60,4.00
2008.03.07 09:08:05.852,1.6504,1.6508,0.60,4.00
2008.03.07 09:08:06.150,1.6504,1.6508,0.60,4.00
2008.03.07 09:08:06.399,1.6504,1.6508,0.60,4.00
2008.03.07 09:08:06.646,1.6504,1.6508,0.60,4.00
2008.03.07 09:08:06.895,1.6504,1.6508,0.60,4.00
2008.03.07 09:08:07.142,1.6504,1.6508,0.60,4.00
2008.03.07 09:08:07.430,1.6504,1.6508,0.60,4.00
2008.03.07 09:08:07.718,1.6504,1.6508,0.60,4.00
2008.03.07 09:08:08.006,1.6504,1.6508,0.60,4.00
2008.03.07 09:08:08.294,1.6504,1.6508,0.60,4.00
2008.03.07 09:08:08.569,1.6504,1.6508,0.60,4.00
2008.03.07 09:08:08.843,1.6504,1.6508,0.60,4.00
2008.03.07 09:08:09.146,1.6504,1.65075,0.40,0.40
2008.03.07 09:08:09.419,1.6503,1.6507,0.60,4.00
2008.03.07 09:08:09.692,1.6503,1.6507,0.60,4.00
2008.03.07 09:08:09.965,1.6503,1.6507,0.60,8.00
2008.03.07 09:08:10.238,1.6503,1.6507,0.60,8.00
2008.03.07 09:08:10.562,1.6504,1.65075,0.60,4.00
2008.03.07 09:08:10.884,1.6504,1.65075,0.60,4.00
2008.03.07 09:08:11.206,1.65045,1.65075,0.20,4.00
2008.03.07 09:08:11.440,1.65045,1.6508,0.20,8.00
2008.03.07 09:08:11.673,1.65045,1.6508,0.20,8.00
2008.03.07 09:08:11.906,1.65045,1.6508,0.20,8.00
2008.03.07 09:08:12.138,1.65045,1.6508,0.20,8.00
2008.03.07 09:08:12.371,1.65045,1.6508,0.20,8.00
2008.03.07 09:08:12.709,1.65045,1.6508,0.20,8.00
2008.03.07 09:08:13.039,1.65045,1.6508,0.20,8.00
2008.03.07 09:08:13.347,1.6504,1.65075,0.60,4.00
2008.03.07 09:08:13.630,1.6504,1.65075,0.60,4.00
2008.03.07 09:08:13.913,1.6504,1.65075,0.60,4.00
2008.03.07 09:08:14.196,1.6504,1.65075,0.60,4.00
2008.03.07 09:08:14.478,1.6504,1.65075,0.60,4.00
2008.03.07 09:08:14.732,1.6504,1.65075,0.60,4.00
2008.03.07 09:08:14.985,1.6504,1.65075,0.60,4.00
2008.03.07 09:08:15.238,1.6504,1.65075,0.60,4.00
2008.03.07 09:08:15.556,1.6504,1.65075,0.60,4.00
2008.03.07 09:08:15.873,1.6504,1.65075,0.60,4.00
2008.03.07 09:08:16.191,1.6504,1.65075,0.60,4.00
2008.03.07 09:08:16.509,1.6504,1.65075,0.60,4.00
2008.03.07 09:08:16.758,1.6504,1.65075,0.60,4.00
2008.03.07 09:08:17.006,1.6504,1.65075,0.60,4.00
2008.03.07 09:08:17.253,1.6504,1.65075,0.60,4.00
2008.03.07 09:08:17.501,1.6504,1.65075,0.60,4.00
2008.03.07 09:08:17.841,1.6504,1.65075,0.60,4.00
2008.03.07 09:08:18.154,1.6504,1.65075,0.60,4.00
2008.03.07 09:08:18.467,1.6504,1.65075,0.60,4.00
2008.03.07 09:08:18.704,1.6504,1.65075,0.60,4.00
2008.03.07 09:08:18.943,1.6504,1.65075,0.60,4.00
2008.03.07 09:08:19.181,1.6504,1.65075,0.60,4.00
2008.03.07 09:08:19.422,1.65045,1.65075,0.20,4.00
2008.03.07 09:08:19.724,1.65045,1.6508,0.20,4.00
2008.03.07 09:08:20.028,1.65045,1.6508,0.20,4.00
2008.03.07 09:08:20.332,1.65045,1.6508,0.20,4.00
2008.03.07 09:08:20.637,1.65045,1.6508,0.20,4.00
2008.03.07 09:08:20.942,1.65045,1.6508,0.20,4.00
2008.03.07 09:08:21.268,1.65045,1.6508,0.20,4.00
2008.03.07 09:08:21.569,1.65045,1.6508,0.20,4.00
2008.03.07 09:08:21.822,1.65045,1.6508,0.20,4.00
2008.03.07 09:08:22.074,1.65045,1.6508,0.20,4.00
2008.03.07 09:08:22.327,1.65045,1.6508,0.20,4.00
2008.03.07 09:08:22.579,1.65045,1.6508,0.20,4.00
2008.03.07 09:08:22.858,1.65045,1.6508,0.20,4.00
2008.03.07 09:08:23.136,1.6504,1.6508,0.60,4.30
2008.03.07 09:08:23.414,1.6504,1.65075,0.60,4.00
2008.03.07 09:08:23.673,1.6504,1.65075,0.60,4.00
2008.03.07 09:08:23.930,1.6504,1.65075,0.60,4.00
2008.03.07 09:08:24.216,1.6504,1.65075,0.60,4.00
2008.03.07 09:08:24.474,1.6504,1.65075,0.60,4.00
2008.03.07 09:08:24.772,1.6504,1.65075,0.60,4.00
2008.03.07 09:08:25.071,1.6504,1.65075,0.60,4.00
2008.03.07 09:08:25.369,1.6504,1.65075,0.60,4.00
2008.03.07 09:08:25.666,1.6504,1.65075,0.60,4.00
2008.03.07 09:08:25.949,1.6504,1.65075,0.60,4.00
2008.03.07 09:08:26.232,1.6504,1.65075,0.60,4.00
2008.03.07 09:08:26.515,1.6504,1.65075,0.60,4.00
2008.03.07 09:08:26.788,1.6504,1.65075,0.60,4.00
2008.03.07 09:08:27.062,1.6504,1.65075,0.60,4.00
2008.03.07 09:08:27.334,1.6504,1.65075,0.60,4.00
2008.03.07 09:08:27.608,1.6504,1.65075,0.60,4.00
2008.03.07 09:08:27.890,1.6504,1.65075,0.60,4.00
2008.03.07 09:08:28.173,1.6504,1.65075,0.60,4.00
2008.03.07 09:08:28.456,1.6504,1.65075,0.60,4.00
2008.03.07 09:08:28.738,1.6504,1.65075,0.60,4.00
2008.03.07 09:08:28.991,1.6504,1.65075,0.60,4.00
2008.03.07 09:08:29.244,1.6504,1.65075,0.60,4.00
2008.03.07 09:08:29.497,1.6504,1.65075,0.60,4.00
2008.03.07 09:08:29.750,1.6504,1.65075,0.60,4.00
2008.03.07 09:08:30.039,1.6504,1.65075,0.60,4.00
2008.03.07 09:08:30.327,1.6504,1.65075,0.60,4.00
2008.03.07 09:08:30.614,1.6504,1.65075,0.60,4.00
2008.03.07 09:08:30.918,1.6504,1.65075,0.60,4.00
2008.03.07 09:08:31.220,1.6504,1.65075,0.60,4.00
2008.03.07 09:08:31.552,1.6504,1.65075,0.60,4.00
2008.03.07 09:08:31.827,1.6504,1.65075,0.60,4.00
2008.03.07 09:08:32.066,1.6504,1.65075,0.60,4.00
2008.03.07 09:08:32.303,1.6504,1.65075,0.60,4.00
2008.03.07 09:08:32.542,1.6504,1.65075,0.60,4.00
2008.03.07 09:08:32.779,1.6504,1.65075,0.60,4.00
2008.03.07 09:08:33.111,1.6504,1.65075,0.60,4.00
2008.03.07 09:08:33.414,1.6504,1.65075,0.60,4.00
2008.03.07 09:08:33.718,1.6504,1.65075,0.60,4.00
2008.03.07 09:08:33.961,1.6504,1.65075,0.60,4.00
2008.03.07 09:08:34.203,1.6504,1.65075,0.60,4.00
2008.03.07 09:08:34.470,1.6504,1.65075,0.60,4.00
2008.03.07 09:08:34.719,1.6504,1.65075,0.60,4.00
2008.03.07 09:08:35.085,1.6504,1.65075,0.60,4.00
2008.03.07 09:08:35.413,1.65055,1.65075,0.20,4.00
2008.03.07 09:08:35.746,1.6506,1.65095,0.40,4.00
2008.03.07 09:08:35.984,1.6506,1.65095,0.40,4.00
2008.03.07 09:08:36.222,1.6506,1.65095,0.40,4.00
2008.03.07 09:08:36.460,1.6506,1.65095,0.40,4.00
2008.03.07 09:08:36.698,1.6506,1.65095,0.40,4.00
2008.03.07 09:08:36.937,1.65065,1.65095,0.20,4.00
2008.03.07 09:08:37.250,1.65065,1.65105,0.20,4.00
2008.03.07 09:08:37.563,1.65065,1.65105,0.20,4.00
2008.03.07 09:08:37.877,1.65065,1.65105,0.20,4.00
2008.03.07 09:08:38.139,1.65065,1.65105,0.20,4.00
2008.03.07 09:08:38.403,1.65055,1.6509,4.00,0.40
2008.03.07 09:08:38.667,1.65045,1.65085,0.20,4.00
2008.03.07 09:08:38.935,1.65045,1.65085,0.20,4.00
2008.03.07 09:08:39.193,1.65045,1.65085,0.20,4.00
2008.03.07 09:08:39.451,1.6504,1.65075,0.60,4.00
2008.03.07 09:08:39.709,1.6504,1.65075,0.60,4.00
2008.03.07 09:08:39.967,1.6504,1.65075,0.60,4.00
2008.03.07 09:08:40.275,1.6504,1.65075,0.60,4.00
2008.03.07 09:08:40.605,1.6504,1.65075,0.60,4.00
2008.03.07 09:08:40.914,1.65045,1.65075,0.20,4.00
2008.03.07 09:08:41.200,1.65045,1.6508,0.20,4.40
2008.03.07 09:08:41.488,1.6505,1.6508,0.20,4.40
2008.03.07 09:08:41.775,1.65055,1.6509,0.20,0.50
2008.03.07 09:08:42.003,1.65055,1.6509,0.20,0.50
2008.03.07 09:08:42.291,1.6506,1.6509,0.40,0.50
2008.03.07 09:08:42.579,1.6507,1.6509,0.40,0.50
2008.03.07 09:08:42.867,1.6507,1.6509,0.40,0.50
2008.03.07 09:08:43.156,1.6507,1.6509,0.40,0.50
2008.03.07 09:08:43.425,1.6507,1.6509,0.40,0.50
2008.03.07 09:08:43.693,1.6507,1.6509,0.40,0.50
2008.03.07 09:08:43.961,1.6507,1.6509,0.40,0.50
2008.03.07 09:08:44.229,1.6507,1.6509,0.40,0.50
2008.03.07 09:08:44.497,1.6507,1.6509,0.40,0.50
2008.03.07 09:08:44.765,1.6507,1.6509,0.40,0.50
2008.03.07 09:08:45.033,1.6507,1.6509,0.40,0.50
2008.03.07 09:08:45.351,1.6507,1.6509,0.40,0.50
2008.03.07 09:08:45.669,1.6507,1.6509,0.40,0.50
2008.03.07 09:08:45.987,1.6507,1.6509,0.40,0.50
2008.03.07 09:08:46.214,1.6507,1.6509,0.40,0.50
2008.03.07 09:08:46.443,1.6507,1.6509,0.40,0.50
2008.03.07 09:08:46.672,1.6507,1.6509,0.40,0.50
2008.03.07 09:08:46.900,1.6507,1.6509,0.40,0.50
2008.03.07 09:08:47.127,1.6507,1.6509,0.40,0.50
2008.03.07 09:08:47.456,1.6507,1.65095,0.40,4.00
2008.03.07 09:08:47.785,1.6506,1.65095,0.40,4.00
2008.03.07 09:08:48.113,1.6506,1.65095,0.40,4.00
2008.03.07 09:08:48.358,1.6506,1.65095,0.40,4.00
2008.03.07 09:08:48.591,1.6506,1.65095,0.40,4.00
2008.03.07 09:08:48.825,1.6506,1.65095,0.60,4.00
2008.03.07 09:08:49.059,1.6506,1.65095,0.60,4.00
2008.03.07 09:08:49.371,1.6507,1.651,0.60,4.00
2008.03.07 09:08:49.685,1.6507,1.651,0.60,4.00
2008.03.07 09:08:49.998,1.6507,1.65105,0.60,4.40
2008.03.07 09:08:50.312,1.6507,1.65105,0.60,4.40
2008.03.07 09:08:50.600,1.6507,1.65105,0.60,4.40
2008.03.07 09:08:50.873,1.6507,1.65105,0.60,4.40
2008.03.07 09:08:51.145,1.6507,1.65105,0.60,4.40
2008.03.07 09:08:51.423,1.6507,1.651,0.40,0.40
2008.03.07 09:08:51.701,1.6506,1.651,0.60,1.90
2008.03.07 09:08:51.980,1.6506,1.65095,0.60,4.00
2008.03.07 09:08:52.257,1.6506,1.65095,0.60,4.00
2008.03.07 09:08:52.536,1.6506,1.65095,0.60,4.00
2008.03.07 09:08:52.814,1.6506,1.65095,0.60,4.00
2008.03.07 09:08:53.099,1.6506,1.65095,0.60,4.00
2008.03.07 09:08:53.367,1.6506,1.65095,0.60,4.00
2008.03.07 09:08:53.636,1.6507,1.65095,0.40,4.00
2008.03.07 09:08:53.904,1.6507,1.651,0.40,0.50
2008.03.07 09:08:54.173,1.6507,1.651,0.40,0.50
2008.03.07 09:08:54.451,1.6507,1.651,0.40,0.50
2008.03.07 09:08:54.732,1.6507,1.651,0.40,0.50
2008.03.07 09:08:55.011,1.6507,1.651,0.40,0.50
2008.03.07 09:08:55.288,1.6507,1.651,0.40,0.50
2008.03.07 09:08:55.586,1.6507,1.651,0.40,0.50
2008.03.07 09:08:55.885,1.6507,1.65105,0.40,4.00
2008.03.07 09:08:56.212,1.6507,1.65105,0.40,4.00
2008.03.07 09:08:56.455,1.6507,1.65105,0.40,4.00
2008.03.07 09:08:56.698,1.6507,1.65105,0.40,4.00
2008.03.07 09:08:56.942,1.6507,1.65105,0.40,4.00
2008.03.07 09:08:57.196,1.6507,1.65105,0.40,4.00
2008.03.07 09:08:57.513,1.6507,1.65105,0.40,4.00
2008.03.07 09:08:57.801,1.6507,1.65105,0.40,4.00
2008.03.07 09:08:58.089,1.6507,1.65105,0.40,4.00
2008.03.07 09:08:58.376,1.6507,1.65105,0.40,4.00
2008.03.07 09:08:58.659,1.6507,1.65105,0.40,4.00
2008.03.07 09:08:58.942,1.6507,1.65105,0.40,4.00
2008.03.07 09:08:59.237,1.6507,1.65105,0.40,4.00
2008.03.07 09:08:59.481,1.6507,1.65105,0.40,4.00
2008.03.07 09:08:59.724,1.6507,1.65105,0.40,4.00
2008.03.07 09:08:59.966,1.6507,1.65105,0.40,4.00
2008.03.07 09:09:00.210,1.6507,1.65105,0.40,4.00
2008.03.07 09:09:00.532,1.6507,1.65105,0.40,4.00
2008.03.07 09:09:00.855,1.6507,1.65105,0.40,4.00
2008.03.07 09:09:01.179,1.65075,1.6511,0.20,0.50
2008.03.07 09:09:01.501,1.65075,1.65115,0.20,4.40
2008.03.07 09:09:01.749,1.6508,1.65115,0.40,4.40
2008.03.07 09:09:01.997,1.6508,1.65115,0.40,4.40
2008.03.07 09:09:02.252,1.6508,1.65115,0.40,4.40
2008.03.07 09:09:02.549,1.6508,1.65115,0.40,4.40
2008.03.07 09:09:02.847,1.6508,1.65115,0.40,4.40
2008.03.07 09:09:03.145,1.65075,1.65115,0.20,4.40
2008.03.07 09:09:03.443,1.65075,1.65115,0.20,4.40
2008.03.07 09:09:03.716,1.65075,1.65115,0.20,4.40
2008.03.07 09:09:03.989,1.65075,1.65115,0.20,4.40
2008.03.07 09:09:04.262,1.65075,1.65115,0.20,4.40
2008.03.07 09:09:04.544,1.65075,1.65115,0.20,4.40
2008.03.07 09:09:04.839,1.65075,1.65115,0.20,4.40
2008.03.07 09:09:05.104,1.65075,1.65115,0.20,4.40
2008.03.07 09:09:05.373,1.65075,1.65115,0.20,4.40
2008.03.07 09:09:05.706,1.65075,1.65115,0.20,4.40
2008.03.07 09:09:06.039,1.65075,1.65115,0.20,4.40
2008.03.07 09:09:06.372,1.65075,1.65115,0.20,4.40
2008.03.07 09:09:06.605,1.65065,1.6511,4.20,5.90
2008.03.07 09:09:06.839,1.65065,1.65105,0.20,4.40
2008.03.07 09:09:07.072,1.6506,1.65105,0.60,4.70
2008.03.07 09:09:07.305,1.6506,1.651,4.50,0.50
2008.03.07 09:09:07.539,1.6506,1.651,4.50,0.50
2008.03.07 09:09:07.862,1.6506,1.651,0.60,4.40
2008.03.07 09:09:08.185,1.65065,1.651,0.20,4.40
2008.03.07 09:09:08.508,1.65065,1.651,0.20,4.40
2008.03.07 09:09:08.754,1.65065,1.65105,0.20,4.40
2008.03.07 09:09:08.997,1.6507,1.65105,0.40,4.40
2008.03.07 09:09:09.241,1.6507,1.65105,0.40,4.40
2008.03.07 09:09:09.483,1.6507,1.65105,0.40,4.40
2008.03.07 09:09:09.791,1.6507,1.65105,0.40,4.40
2008.03.07 09:09:10.098,1.6507,1.65105,0.40,4.40
2008.03.07 09:09:10.406,1.6507,1.65105,0.40,4.40
2008.03.07 09:09:10.704,1.6507,1.65105,0.40,4.40
2008.03.07 09:09:11.022,1.6507,1.65105,0.40,4.40
2008.03.07 09:09:11.320,1.6507,1.65105,0.40,4.40
2008.03.07 09:09:11.619,1.6507,1.65105,0.40,4.40
2008.03.07 09:09:11.865,1.6507,1.651,0.40,0.40
2008.03.07 09:09:12.111,1.6507,1.651,0.40,4.30
2008.03.07 09:09:12.381,1.6507,1.65095,0.40,4.40
2008.03.07 09:09:12.631,1.6506,1.65095,0.60,4.40
2008.03.07 09:09:12.923,1.6506,1.65095,0.60,4.40
2008.03.07 09:09:13.216,1.6506,1.65095,0.60,4.40
2008.03.07 09:09:15.397,1.6506,1.65095,0.60,4.40
2008.03.07 09:09:15.509,1.6506,1.65095,0.60,4.40
2008.03.07 09:09:15.622,1.6506,1.65095,0.60,4.40
2008.03.07 09:09:15.708,1.6506,1.65095,0.60,4.40
2008.03.07 09:09:15.791,1.6506,1.65095,0.60,4.40
2008.03.07 09:09:15.886,1.6506,1.65095,0.60,4.40
2008.03.07 09:09:16.000,1.6506,1.65095,0.60,4.40
2008.03.07 09:09:16.051,1.6506,1.65095,0.60,4.40
2008.03.07 09:09:17.276,1.6506,1.65095,0.60,4.40
2008.03.07 09:09:17.600,1.6506,1.65095,0.60,4.40
2008.03.07 09:09:17.928,1.6506,1.65095,0.40,4.70
2008.03.07 09:09:18.257,1.65055,1.65085,0.20,4.40
2008.03.07 09:09:18.585,1.65055,1.65085,0.20,4.40
2008.03.07 09:09:18.855,1.6506,1.65085,0.60,0.50
2008.03.07 09:09:19.143,1.6506,1.65085,0.60,0.50
2008.03.07 09:09:19.442,1.6506,1.65085,0.60,0.50
2008.03.07 09:09:19.741,1.6506,1.65085,0.60,0.50
2008.03.07 09:09:20.039,1.6506,1.65085,0.60,0.50
2008.03.07 09:09:20.278,1.6506,1.65085,0.40,0.50
2008.03.07 09:09:20.545,1.6505,1.65085,0.60,4.40
2008.03.07 09:09:20.867,1.6505,1.65085,0.60,4.40
2008.03.07 09:09:21.191,1.6505,1.65085,0.60,4.40
2008.03.07 09:09:21.514,1.6505,1.65085,0.60,4.40
2008.03.07 09:09:21.742,1.6505,1.65085,0.60,4.40
2008.03.07 09:09:21.969,1.6505,1.65085,0.60,4.40
2008.03.07 09:09:22.199,1.6506,1.6509,0.60,0.50
2008.03.07 09:09:22.428,1.6506,1.6509,0.60,0.50
2008.03.07 09:09:22.743,1.6506,1.6509,0.60,0.50
2008.03.07 09:09:23.057,1.6506,1.6509,0.60,0.50
2008.03.07 09:09:23.369,1.6506,1.6509,0.60,0.50
2008.03.07 09:09:23.681,1.6506,1.6509,0.60,0.50
2008.03.07 09:09:23.949,1.6506,1.65095,0.60,4.40
2008.03.07 09:09:24.218,1.6506,1.65095,0.60,4.40
2008.03.07 09:09:24.486,1.6506,1.65095,0.60,4.40
2008.03.07 09:09:24.763,1.6506,1.65095,0.60,4.40
2008.03.07 09:09:25.069,1.6506,1.65095,0.60,4.40
2008.03.07 09:09:25.346,1.6506,1.65095,0.60,4.40
2008.03.07 09:09:25.624,1.6506,1.65095,0.60,4.40
2008.03.07 09:09:25.941,1.6506,1.65095,0.60,4.40
2008.03.07 09:09:26.260,1.6506,1.65095,0.60,4.40
2008.03.07 09:09:26.577,1.6506,1.65095,0.60,4.40
2008.03.07 09:09:26.832,1.6506,1.65095,0.60,4.40
2008.03.07 09:09:27.085,1.6505,1.6509,0.20,2.00
2008.03.07 09:09:27.339,1.6505,1.65075,0.20,0.50
2008.03.07 09:09:27.619,1.6505,1.65075,0.60,0.50
2008.03.07 09:09:27.938,1.6505,1.65085,0.60,0.50
2008.03.07 09:09:28.255,1.6505,1.6508,0.60,5.60
2008.03.07 09:09:28.544,1.6505,1.6508,0.20,4.00
2008.03.07 09:09:28.831,1.6505,1.65085,0.20,0.50
2008.03.07 09:09:29.090,1.6505,1.6508,0.20,1.60
2008.03.07 09:09:29.349,1.6505,1.6508,0.60,1.60
2008.03.07 09:09:29.608,1.6505,1.6508,0.20,5.60
2008.03.07 09:09:29.905,1.6505,1.6508,0.20,5.60
2008.03.07 09:09:30.954,1.6505,1.65075,0.60,0.50
2008.03.07 09:09:31.059,1.6505,1.65075,0.60,0.50
2008.03.07 09:09:31.177,1.6505,1.65075,0.60,0.50
2008.03.07 09:09:31.295,1.6505,1.65075,0.60,0.50
2008.03.07 09:09:31.422,1.6505,1.65075,0.60,0.50
2008.03.07 09:09:31.537,1.6505,1.65075,0.40,0.50
2008.03.07 09:09:31.656,1.6504,1.65075,0.60,0.50
2008.03.07 09:09:31.775,1.6504,1.65075,0.60,0.50
2008.03.07 09:09:31.893,1.6504,1.65075,0.60,0.50
2008.03.07 09:09:32.012,1.6504,1.65075,0.60,0.50
2008.03.07 09:09:32.346,1.6504,1.65075,0.60,0.50
2008.03.07 09:09:32.679,1.6504,1.65075,0.60,0.50
2008.03.07 09:09:33.039,1.6504,1.6507,0.60,0.50
2008.03.07 09:09:33.298,1.6504,1.6507,0.60,0.50
2008.03.07 09:09:33.559,1.6504,1.6507,0.40,0.50
2008.03.07 09:09:33.818,1.65035,1.65065,0.20,0.50
2008.03.07 09:09:34.017,1.65035,1.65065,0.20,0.50
2008.03.07 09:09:34.345,1.65035,1.65065,0.20,0.50
2008.03.07 09:09:34.674,1.65035,1.65065,0.20,0.50
2008.03.07 09:09:35.002,1.65035,1.65065,0.20,0.50
2008.03.07 09:09:35.330,1.65035,1.65065,0.20,0.50
2008.03.07 09:09:35.599,1.65035,1.65065,0.20,0.50
2008.03.07 09:09:35.866,1.65035,1.65065,0.20,0.50
2008.03.07 09:09:36.134,1.65035,1.65065,0.20,0.50
2008.03.07 09:09:36.412,1.65035,1.65065,0.20,0.50
2008.03.07 09:09:36.690,1.65035,1.65065,0.20,0.50
2008.03.07 09:09:36.968,1.65035,1.65065,0.20,0.50
2008.03.07 09:09:37.246,1.65035,1.65065,0.20,0.50
2008.03.07 09:09:37.519,1.65035,1.65065,0.20,0.50
2008.03.07 09:09:37.823,1.65035,1.65065,0.20,0.50
2008.03.07 09:09:38.066,1.65035,1.65065,0.20,0.50
2008.03.07 09:09:38.338,1.65035,1.65065,0.20,0.50
2008.03.07 09:09:38.611,1.65035,1.65065,0.20,0.50
2008.03.07 09:09:38.884,1.65035,1.65065,0.20,0.50
2008.03.07 09:09:39.157,1.65035,1.65065,0.20,0.50
2008.03.07 09:09:39.453,1.65035,1.65065,0.20,0.50
2008.03.07 09:09:39.730,1.65035,1.65065,0.20,0.50
2008.03.07 09:09:40.010,1.65035,1.65065,0.20,0.50
2008.03.07 09:09:40.288,1.65035,1.65065,0.20,0.50
2008.03.07 09:09:40.596,1.65035,1.65065,0.20,0.50
2008.03.07 09:09:40.903,1.65035,1.65065,0.20,0.50
2008.03.07 09:09:41.211,1.65035,1.65065,0.20,0.50
2008.03.07 09:09:41.477,1.65035,1.65065,0.20,0.50
2008.03.07 09:09:41.730,1.65035,1.65065,0.20,0.50
2008.03.07 09:09:41.983,1.6504,1.65065,0.20,0.50
2008.03.07 09:09:42.237,1.6504,1.6507,0.20,0.50
2008.03.07 09:09:42.531,1.6504,1.6507,0.20,0.50
2008.03.07 09:09:42.824,1.65045,1.6507,0.20,0.50
2008.03.07 09:09:43.119,1.65045,1.6507,0.20,0.50
2008.03.07 09:09:43.432,1.65045,1.6507,0.20,0.50
2008.03.07 09:09:43.733,1.65045,1.6507,0.20,0.50
2008.03.07 09:09:44.034,1.6504,1.65075,0.20,0.50
2008.03.07 09:09:44.300,1.6504,1.65075,0.20,4.40
2008.03.07 09:09:44.574,1.6504,1.65075,0.20,4.40
2008.03.07 09:09:44.846,1.6504,1.65075,0.20,4.40
2008.03.07 09:09:45.119,1.65035,1.65065,0.20,0.50
2008.03.07 09:09:45.393,1.65035,1.65065,0.20,0.50
2008.03.07 09:09:45.707,1.65035,1.65065,0.20,0.50
2008.03.07 09:09:46.047,1.65035,1.65065,0.20,0.50
2008.03.07 09:09:46.379,1.65035,1.65065,0.20,0.50
2008.03.07 09:09:46.626,1.65035,1.65065,0.20,0.50
2008.03.07 09:09:46.874,1.65035,1.65065,0.20,0.50
2008.03.07 09:09:47.122,1.65035,1.65065,0.20,0.50
2008.03.07 09:09:47.369,1.65035,1.65065,0.20,0.50
2008.03.07 09:09:47.647,1.65035,1.65065,0.20,0.50
2008.03.07 09:09:47.925,1.65035,1.65065,0.20,0.50
2008.03.07 09:09:48.203,1.65045,1.65065,0.20,0.50
2008.03.07 09:09:48.476,1.65045,1.65075,0.20,0.50
2008.03.07 09:09:48.786,1.65045,1.65075,0.20,0.50
2008.03.07 09:09:49.080,1.65045,1.65075,0.20,0.50
2008.03.07 09:09:49.384,1.65045,1.65075,0.20,0.50
2008.03.07 09:09:49.688,1.65045,1.65075,0.20,0.50
2008.03.07 09:09:49.999,1.65055,1.65075,0.20,0.50
2008.03.07 09:09:50.303,1.65055,1.65085,0.20,0.50
2008.03.07 09:09:50.560,1.65055,1.65085,0.20,0.50
2008.03.07 09:09:50.849,1.6506,1.65085,0.40,0.50
2008.03.07 09:09:51.137,1.6506,1.65085,0.40,0.50
2008.03.07 09:09:51.425,1.6506,1.65085,0.40,0.50
2008.03.07 09:09:51.718,1.6506,1.65085,0.40,0.50
2008.03.07 09:09:52.011,1.6506,1.65085,0.40,0.50
2008.03.07 09:09:52.304,1.6506,1.65085,0.40,0.50
2008.03.07 09:09:52.597,1.6506,1.65085,0.40,0.50
2008.03.07 09:09:52.831,1.6506,1.65085,0.40,0.50
2008.03.07 09:09:53.095,1.6504,1.6508,4.00,0.40
2008.03.07 09:09:53.358,1.65035,1.6507,0.20,4.00
2008.03.07 09:09:53.631,1.65035,1.6507,0.20,4.00
2008.03.07 09:09:53.926,1.65035,1.6507,0.20,4.00
2008.03.07 09:09:54.199,1.65045,1.6507,0.20,4.00
2008.03.07 09:09:54.472,1.65055,1.65085,0.20,4.00
2008.03.07 09:09:54.745,1.65055,1.65085,0.20,4.00
2008.03.07 09:09:55.019,1.6506,1.6509,0.20,4.00
2008.03.07 09:09:55.291,1.6507,1.65085,0.40,4.00
2008.03.07 09:09:55.564,1.6507,1.65095,0.40,4.00
2008.03.07 09:09:55.900,1.6506,1.65095,0.40,0.40
2008.03.07 09:09:56.241,1.6506,1.6509,0.40,4.00
2008.03.07 09:09:56.556,1.6506,1.6509,0.40,4.00
2008.03.07 09:09:56.819,1.6506,1.6509,0.40,4.00
2008.03.07 09:09:57.082,1.6506,1.6509,0.40,4.00
2008.03.07 09:09:57.345,1.6506,1.6509,0.40,4.00
2008.03.07 09:09:57.608,1.6506,1.6509,0.40,4.00
2008.03.07 09:09:57.891,1.6506,1.6509,0.40,4.00
2008.03.07 09:09:58.174,1.6506,1.6509,0.40,4.00
2008.03.07 09:09:58.457,1.6506,1.6509,0.40,4.00
2008.03.07 09:09:58.725,1.6506,1.6509,0.40,4.00
2008.03.07 09:09:58.993,1.6506,1.6509,0.40,4.00
2008.03.07 09:09:59.260,1.6506,1.6509,0.40,4.00
2008.03.07 09:09:59.529,1.6506,1.65085,0.40,4.00
2008.03.07 09:09:59.790,1.6506,1.65085,0.40,4.00
2008.03.07 09:10:00.055,1.6506,1.65085,0.40,4.00
2008.03.07 09:10:00.341,1.6506,1.65085,0.40,4.00
2008.03.07 09:10:00.571,1.6506,1.6509,0.60,4.00
2008.03.07 09:10:00.918,1.6506,1.6509,0.60,4.00
2008.03.07 09:10:01.241,1.6506,1.651,0.60,4.00
2008.03.07 09:10:01.564,1.6506,1.651,0.60,4.00
2008.03.07 09:10:01.817,1.6506,1.651,0.60,4.00
2008.03.07 09:10:02.070,1.6506,1.651,0.60,4.00
2008.03.07 09:10:02.323,1.6506,1.651,0.60,4.00
2008.03.07 09:10:02.576,1.6506,1.651,0.60,4.00
2008.03.07 09:10:02.863,1.6506,1.651,0.60,4.00
2008.03.07 09:10:03.180,1.6506,1.651,0.60,4.00
2008.03.07 09:10:03.468,1.6506,1.651,0.60,4.00
2008.03.07 09:10:03.756,1.6506,1.651,0.60,4.00
2008.03.07 09:10:04.044,1.6506,1.651,0.60,4.00
2008.03.07 09:10:04.332,1.6506,1.651,0.60,4.00
2008.03.07 09:10:04.620,1.6506,1.651,0.60,4.00
2008.03.07 09:10:04.869,1.6506,1.651,0.60,4.00
2008.03.07 09:10:05.119,1.6506,1.651,0.60,4.00
2008.03.07 09:10:05.395,1.6506,1.651,0.60,4.00
2008.03.07 09:10:05.614,1.6506,1.651,0.60,4.00
2008.03.07 09:10:05.947,1.6506,1.651,0.60,4.00
2008.03.07 09:10:06.281,1.6506,1.651,0.60,4.00
2008.03.07 09:10:06.614,1.6506,1.651,0.60,4.00
2008.03.07 09:10:06.871,1.6506,1.651,0.60,4.00
2008.03.07 09:10:07.099,1.6506,1.65095,0.40,0.40
2008.03.07 09:10:07.328,1.6506,1.6509,0.40,4.00
2008.03.07 09:10:07.556,1.6506,1.6509,0.40,4.00
2008.03.07 09:10:07.785,1.65055,1.6509,0.20,4.00
2008.03.07 09:10:08.112,1.65055,1.6509,0.20,4.00
2008.03.07 09:10:08.469,1.65055,1.6509,0.20,4.00
2008.03.07 09:10:08.768,1.65055,1.6509,0.20,4.00
2008.03.07 09:10:09.006,1.65055,1.6509,0.20,4.00
2008.03.07 09:10:09.244,1.65055,1.6509,0.20,4.00
2008.03.07 09:10:09.482,1.65055,1.6509,0.20,4.00
2008.03.07 09:10:09.720,1.65055,1.6509,0.20,4.00
2008.03.07 09:10:10.018,1.65055,1.6509,0.20,4.00
2008.03.07 09:10:10.316,1.65055,1.6509,0.20,4.00
2008.03.07 09:10:10.616,1.65055,1.6509,0.20,4.00
2008.03.07 09:10:10.914,1.65055,1.6509,0.20,4.00
2008.03.07 09:10:11.208,1.65055,1.6509,0.20,4.00
2008.03.07 09:10:11.489,1.65055,1.6509,0.20,4.00
2008.03.07 09:10:11.767,1.65055,1.6509,0.20,4.00
2008.03.07 09:10:12.030,1.65055,1.6509,0.20,4.00
2008.03.07 09:10:12.293,1.65055,1.6509,0.20,4.00
2008.03.07 09:10:12.556,1.6506,1.6509,0.20,4.00
2008.03.07 09:10:12.831,1.6506,1.65095,0.60,4.00
2008.03.07 09:10:13.150,1.6506,1.65095,0.60,4.00
2008.03.07 09:10:13.467,1.6506,1.6509,0.40,4.00
2008.03.07 09:10:13.785,1.65055,1.6509,0.20,4.00
2008.03.07 09:10:14.007,1.65055,1.6509,0.20,4.00
2008.03.07 09:10:14.239,1.65055,1.6509,0.20,4.00
2008.03.07 09:10:14.463,1.65055,1.6509,0.20,4.00
2008.03.07 09:10:14.685,1.65055,1.6509,0.20,4.00
2008.03.07 09:10:14.908,1.65055,1.6509,0.20,4.00
2008.03.07 09:10:15.231,1.65055,1.6509,0.20,4.00
2008.03.07 09:10:15.583,1.65055,1.6509,0.20,4.00
2008.03.07 09:10:15.905,1.65055,1.6509,0.20,4.00
2008.03.07 09:10:16.173,1.65055,1.6509,0.20,4.00
2008.03.07 09:10:16.441,1.65055,1.6509,0.20,4.00
2008.03.07 09:10:16.709,1.65055,1.6509,0.20,4.00
2008.03.07 09:10:16.977,1.65055,1.6509,0.20,4.00
2008.03.07 09:10:17.270,1.65055,1.6509,0.20,4.00
2008.03.07 09:10:17.564,1.65055,1.6509,0.20,4.00
2008.03.07 09:10:17.857,1.65055,1.6509,0.20,4.00
2008.03.07 09:10:18.138,1.65055,1.6509,0.20,4.00
2008.03.07 09:10:18.400,1.65055,1.6509,0.20,4.00
2008.03.07 09:10:18.663,1.65055,1.6509,0.20,4.00
2008.03.07 09:10:18.925,1.65055,1.6509,0.20,4.00
2008.03.07 09:10:19.194,1.65055,1.6509,0.20,4.00
2008.03.07 09:10:19.462,1.65055,1.6509,0.20,4.00
2008.03.07 09:10:19.729,1.65055,1.6509,0.20,4.00
2008.03.07 09:10:19.997,1.65055,1.6509,0.20,4.00
2008.03.07 09:10:20.310,1.65055,1.6509,0.20,4.00
2008.03.07 09:10:20.623,1.65055,1.6509,0.20,4.00
2008.03.07 09:10:20.936,1.65055,1.6509,0.20,4.00
2008.03.07 09:10:21.204,1.65045,1.6509,0.20,5.90
2008.03.07 09:10:21.484,1.65045,1.6508,0.20,4.00
2008.03.07 09:10:21.736,1.65045,1.6508,0.20,4.00
2008.03.07 09:10:21.989,1.65045,1.6508,0.20,4.00
2008.03.07 09:10:22.289,1.65045,1.6508,0.20,4.00
2008.03.07 09:10:22.587,1.65045,1.6508,0.20,4.00
2008.03.07 09:10:22.885,1.65045,1.6508,0.20,4.00
2008.03.07 09:10:23.182,1.65045,1.6508,0.20,4.00
2008.03.07 09:10:23.465,1.65045,1.6508,0.20,4.00
2008.03.07 09:10:23.748,1.6504,1.6508,0.40,5.90
2008.03.07 09:10:24.040,1.65035,1.6507,0.20,4.00
2008.03.07 09:10:24.301,1.65035,1.6507,0.20,4.00
2008.03.07 09:10:24.565,1.65035,1.6507,0.20,4.00
2008.03.07 09:10:24.826,1.65035,1.6507,0.20,4.00
2008.03.07 09:10:25.089,1.65035,1.6507,0.20,4.00
2008.03.07 09:10:25.412,1.65035,1.6507,0.20,4.00
2008.03.07 09:10:25.736,1.65035,1.6507,0.20,4.00
2008.03.07 09:10:26.066,1.65035,1.6507,0.20,4.00
2008.03.07 09:10:26.333,1.65035,1.6507,0.20,4.00
2008.03.07 09:10:26.544,1.6504,1.6507,0.40,4.00
2008.03.07 09:10:26.784,1.6504,1.6508,0.40,0.40
2008.03.07 09:10:27.024,1.6504,1.65075,0.40,4.00
2008.03.07 09:10:27.342,1.65035,1.65075,0.20,4.00
2008.03.07 09:10:27.659,1.65035,1.65075,0.20,4.00
2008.03.07 09:10:27.977,1.65035,1.65075,0.20,4.00
2008.03.07 09:10:28.296,1.65045,1.65085,0.20,4.00
2008.03.07 09:10:28.538,1.65055,1.65085,0.20,4.00
2008.03.07 09:10:28.782,1.65055,1.65085,0.20,4.00
2008.03.07 09:10:29.025,1.65055,1.6509,0.20,4.00
2008.03.07 09:10:29.339,1.65055,1.6509,0.20,4.00
2008.03.07 09:10:29.653,1.65055,1.6509,0.20,4.00
2008.03.07 09:10:29.966,1.65065,1.6509,0.20,4.00
2008.03.07 09:10:30.279,1.65065,1.651,0.20,4.00
2008.03.07 09:10:30.563,1.65065,1.651,0.20,4.00
2008.03.07 09:10:30.846,1.6507,1.651,0.20,4.00
2008.03.07 09:10:31.131,1.6507,1.6511,0.20,5.60
2008.03.07 09:10:31.394,1.6507,1.6511,0.20,5.60
2008.03.07 09:10:31.657,1.6507,1.6511,0.20,5.60
2008.03.07 09:10:31.951,1.6507,1.6511,0.20,5.60
2008.03.07 09:10:32.183,1.6507,1.6511,0.20,5.60
2008.03.07 09:10:32.475,1.6507,1.6511,0.20,5.60
2008.03.07 09:10:32.768,1.6507,1.6511,0.20,5.60
2008.03.07 09:10:33.062,1.6507,1.6511,0.20,4.00
2008.03.07 09:10:33.356,1.65075,1.65115,0.20,4.00
2008.03.07 09:10:33.605,1.65075,1.65115,0.20,4.00
2008.03.07 09:10:33.876,1.65075,1.65115,0.20,4.00
2008.03.07 09:10:34.157,1.65075,1.65115,0.20,4.00
2008.03.07 09:10:34.458,1.65075,1.65115,0.20,4.00
2008.03.07 09:10:34.701,1.65075,1.65115,0.20,4.00
2008.03.07 09:10:34.975,1.65075,1.65115,0.20,4.00
2008.03.07 09:10:35.249,1.65075,1.65115,0.20,4.00
2008.03.07 09:10:35.556,1.6507,1.6511,0.60,0.40
2008.03.07 09:10:35.865,1.6507,1.65105,0.60,4.00
2008.03.07 09:10:36.171,1.6507,1.65105,0.60,4.00
2008.03.07 09:10:36.482,1.6507,1.65105,0.60,4.00
2008.03.07 09:10:36.777,1.6507,1.65105,0.60,4.00
2008.03.07 09:10:37.073,1.6507,1.65105,0.60,4.00
2008.03.07 09:10:37.361,1.6507,1.65105,0.60,4.00
2008.03.07 09:10:37.672,1.6507,1.65105,0.60,4.00
2008.03.07 09:10:37.925,1.6507,1.65105,0.60,4.00
2008.03.07 09:10:38.208,1.6507,1.65105,0.60,4.00
2008.03.07 09:10:38.492,1.6507,1.65105,0.60,4.00
2008.03.07 09:10:38.760,1.6507,1.65105,0.60,4.00
2008.03.07 09:10:39.028,1.6507,1.65105,0.60,4.00
2008.03.07 09:10:39.296,1.6507,1.65105,0.60,4.00
2008.03.07 09:10:39.585,1.6507,1.65105,0.60,4.00
2008.03.07 09:10:39.902,1.6507,1.65105,0.60,4.00
2008.03.07 09:10:40.160,1.6507,1.65105,0.60,4.00
2008.03.07 09:10:40.448,1.6507,1.65105,0.60,4.00
2008.03.07 09:10:40.756,1.6507,1.65105,0.60,4.00
2008.03.07 09:10:41.063,1.6507,1.65105,0.20,4.00
2008.03.07 09:10:41.372,1.6506,1.651,0.60,4.00
2008.03.07 09:10:41.626,1.6506,1.651,0.40,4.30
2008.03.07 09:10:41.878,1.6506,1.651,0.40,4.30
2008.03.07 09:10:42.144,1.6506,1.651,0.40,4.30
2008.03.07 09:10:42.426,1.6506,1.651,0.40,4.30
2008.03.07 09:10:42.689,1.6506,1.65095,0.40,4.00
2008.03.07 09:10:42.951,1.6506,1.65095,0.40,4.00
2008.03.07 09:10:43.214,1.6506,1.65095,0.40,4.00
2008.03.07 09:10:43.477,1.6506,1.65095,0.40,4.00
2008.03.07 09:10:43.765,1.6506,1.65095,0.40,4.00
2008.03.07 09:10:44.069,1.6506,1.65095,0.40,4.00
2008.03.07 09:10:44.357,1.6506,1.65095,0.40,4.00
2008.03.07 09:10:44.619,1.6506,1.65095,0.40,4.00
2008.03.07 09:10:44.883,1.6506,1.65095,0.40,4.00
2008.03.07 09:10:45.145,1.6506,1.65095,0.40,4.00
2008.03.07 09:10:45.408,1.6506,1.65095,0.40,4.00
2008.03.07 09:10:45.712,1.6505,1.65095,0.60,4.30
2008.03.07 09:10:46.015,1.6505,1.6509,0.60,4.00
2008.03.07 09:10:46.319,1.6505,1.6509,0.60,4.00
2008.03.07 09:10:46.621,1.6505,1.6509,0.60,4.00
2008.03.07 09:10:46.914,1.6505,1.6509,0.60,4.00
2008.03.07 09:10:47.207,1.6505,1.6509,0.60,4.00
2008.03.07 09:10:47.500,1.6505,1.6509,0.60,4.00
2008.03.07 09:10:47.753,1.6505,1.6509,0.60,4.00
2008.03.07 09:10:48.006,1.6505,1.6509,0.60,4.00
2008.03.07 09:10:48.261,1.6505,1.6509,0.40,4.30
2008.03.07 09:10:48.513,1.6505,1.65085,0.40,4.00
2008.03.07 09:10:48.826,1.6505,1.65085,0.40,4.00
2008.03.07 09:10:49.169,1.6505,1.65085,0.40,4.00
2008.03.07 09:10:49.458,1.6505,1.65085,0.40,4.00
2008.03.07 09:10:49.720,1.6505,1.65085,0.40,4.00
2008.03.07 09:10:49.969,1.6505,1.65085,0.40,4.00
2008.03.07 09:10:50.216,1.6505,1.65085,0.40,4.00
2008.03.07 09:10:50.465,1.6505,1.65085,0.40,4.00
2008.03.07 09:10:50.798,1.6505,1.65085,0.40,4.00
2008.03.07 09:10:51.131,1.6505,1.65085,0.40,4.00
2008.03.07 09:10:51.464,1.6505,1.65085,0.40,4.00
2008.03.07 09:10:51.702,1.6505,1.65085,0.40,4.00
2008.03.07 09:10:51.951,1.6505,1.65085,0.40,4.00
2008.03.07 09:10:52.189,1.6505,1.65085,0.40,4.00
2008.03.07 09:10:52.427,1.6505,1.65085,0.40,4.00
2008.03.07 09:10:52.665,1.6505,1.65085,0.40,4.00
2008.03.07 09:10:52.978,1.6505,1.65085,0.40,4.00
2008.03.07 09:10:53.291,1.6505,1.65085,0.40,4.00
2008.03.07 09:10:53.606,1.6505,1.65085,0.40,4.00
2008.03.07 09:10:53.887,1.6505,1.65085,0.40,4.00
2008.03.07 09:10:54.139,1.6505,1.65085,0.40,4.00
2008.03.07 09:10:54.393,1.6505,1.65085,0.40,4.00
2008.03.07 09:10:54.645,1.6505,1.65085,0.40,4.00
2008.03.07 09:10:54.928,1.6505,1.65085,0.40,4.00
2008.03.07 09:10:55.211,1.65055,1.6509,0.20,4.00
2008.03.07 09:10:55.506,1.65055,1.6509,0.20,4.00
2008.03.07 09:10:55.828,1.65055,1.6509,0.20,4.00
2008.03.07 09:10:56.120,1.65055,1.6509,0.20,4.00
2008.03.07 09:10:56.413,1.65055,1.6509,0.20,4.00
2008.03.07 09:10:56.706,1.65055,1.6509,0.20,4.00
2008.03.07 09:10:56.968,1.65055,1.6509,0.20,4.00
2008.03.07 09:10:57.232,1.6505,1.6509,0.40,5.90
2008.03.07 09:10:57.495,1.6505,1.65085,0.40,4.00
2008.03.07 09:10:57.758,1.6505,1.65085,0.40,4.00
2008.03.07 09:10:58.056,1.6505,1.65085,0.40,4.00
2008.03.07 09:10:58.354,1.6505,1.65085,0.40,4.00
2008.03.07 09:10:58.652,1.6505,1.65085,0.40,4.00
2008.03.07 09:10:58.894,1.6505,1.65085,0.40,4.00
2008.03.07 09:10:59.137,1.6505,1.65085,0.40,4.00
2008.03.07 09:10:59.380,1.6505,1.65085,0.40,4.00
2008.03.07 09:10:59.632,1.6505,1.65085,0.40,4.00
2008.03.07 09:10:59.987,1.6505,1.65085,0.40,4.00
2008.03.07 09:11:00.345,1.6505,1.65085,0.40,4.00
2008.03.07 09:11:00.673,1.6505,1.65085,0.40,4.00
2008.03.07 09:11:00.946,1.6505,1.65085,0.40,4.00
2008.03.07 09:11:01.219,1.6505,1.65085,0.40,4.00
2008.03.07 09:11:01.492,1.6505,1.65085,0.40,4.00
2008.03.07 09:11:01.764,1.6505,1.65085,0.40,4.00
2008.03.07 09:11:02.037,1.6505,1.65085,0.40,4.00
2008.03.07 09:11:02.310,1.6505,1.65085,0.40,4.00
2008.03.07 09:11:02.584,1.6505,1.65085,0.40,4.00
2008.03.07 09:11:02.861,1.6505,1.65085,0.40,4.00
2008.03.07 09:11:03.140,1.6505,1.65085,0.40,4.00
2008.03.07 09:11:03.418,1.6505,1.65085,0.40,4.00
2008.03.07 09:11:03.696,1.6505,1.65085,0.40,4.00
2008.03.07 09:11:03.959,1.6505,1.65085,0.40,4.00
2008.03.07 09:11:04.222,1.65055,1.65085,0.20,4.00
2008.03.07 09:11:04.485,1.65055,1.65085,0.20,4.00
2008.03.07 09:11:04.761,1.6505,1.65085,0.40,4.00
2008.03.07 09:11:05.073,1.6505,1.65085,0.40,4.00
2008.03.07 09:11:05.380,1.65045,1.65085,0.20,4.00
2008.03.07 09:11:05.693,1.65045,1.65085,0.20,4.00
2008.03.07 09:11:05.970,1.65045,1.65085,0.20,4.00
2008.03.07 09:11:06.272,1.6505,1.65095,0.60,4.30
2008.03.07 09:11:06.573,1.6505,1.6509,0.60,4.00
2008.03.07 09:11:06.879,1.65055,1.6509,0.20,4.00
2008.03.07 09:11:07.178,1.65055,1.65095,0.20,4.00
2008.03.07 09:11:07.477,1.65055,1.65095,0.20,4.00
2008.03.07 09:11:07.803,1.65055,1.65095,0.20,4.00
2008.03.07 09:11:08.028,1.65055,1.65095,0.20,4.00
2008.03.07 09:11:08.282,1.6505,1.65085,0.40,4.00
2008.03.07 09:11:08.536,1.6505,1.65085,0.40,4.00
2008.03.07 09:11:08.788,1.6505,1.65085,0.40,4.00
2008.03.07 09:11:09.062,1.6505,1.65085,0.40,4.00
2008.03.07 09:11:09.334,1.6505,1.65085,0.40,4.00
2008.03.07 09:11:09.606,1.6505,1.65085,0.40,4.00
2008.03.07 09:11:09.897,1.6505,1.65085,0.40,4.00
2008.03.07 09:11:10.216,1.6505,1.65085,0.40,4.00
2008.03.07 09:11:10.538,1.6505,1.65085,0.40,4.00
2008.03.07 09:11:10.830,1.6505,1.65085,0.40,4.00
2008.03.07 09:11:11.123,1.6505,1.65085,0.40,4.00
2008.03.07 09:11:11.417,1.6505,1.65085,0.40,4.00
2008.03.07 09:11:11.710,1.6505,1.65085,0.40,4.00
2008.03.07 09:11:11.967,1.6505,1.65085,0.40,4.00
2008.03.07 09:11:12.225,1.6505,1.65085,0.40,4.00
2008.03.07 09:11:12.484,1.6505,1.65085,0.40,4.00
2008.03.07 09:11:12.741,1.6505,1.65085,0.40,4.00
2008.03.07 09:11:13.037,1.6505,1.65085,0.40,4.00
2008.03.07 09:11:13.315,1.6505,1.65085,0.40,4.00
2008.03.07 09:11:13.593,1.6505,1.65085,0.40,4.00
2008.03.07 09:11:13.871,1.6505,1.65085,0.40,4.00
2008.03.07 09:11:14.149,1.6505,1.6508,0.40,0.40
2008.03.07 09:11:14.429,1.65035,1.65075,0.20,4.00
2008.03.07 09:11:14.710,1.65035,1.65075,0.20,4.00
2008.03.07 09:11:14.975,1.65035,1.65075,0.20,4.00
2008.03.07 09:11:15.244,1.65035,1.65075,0.20,4.00
2008.03.07 09:11:15.512,1.65045,1.65075,0.20,4.00
2008.03.07 09:11:15.780,1.65045,1.6508,0.20,4.00
2008.03.07 09:11:16.101,1.65045,1.65085,0.20,4.30
2008.03.07 09:11:16.419,1.6504,1.65085,0.60,4.30
2008.03.07 09:11:16.738,1.6504,1.6508,0.60,4.00
2008.03.07 09:11:16.981,1.6504,1.6508,0.60,4.00
2008.03.07 09:11:17.224,1.6504,1.6508,0.60,4.00
2008.03.07 09:11:17.467,1.6504,1.6508,0.60,4.00
2008.03.07 09:11:17.710,1.6504,1.6508,0.60,4.00
2008.03.07 09:11:18.009,1.6504,1.6508,0.60,4.00
2008.03.07 09:11:18.307,1.6504,1.6508,0.60,4.00
2008.03.07 09:11:18.605,1.6504,1.6508,0.60,4.00
2008.03.07 09:11:18.933,1.6505,1.6508,0.20,4.00
2008.03.07 09:11:19.222,1.6505,1.65085,0.20,4.00
2008.03.07 09:11:19.448,1.6505,1.65085,0.60,4.00
2008.03.07 09:11:19.706,1.6505,1.65085,0.60,4.00
2008.03.07 09:11:19.963,1.6505,1.65085,0.60,4.00
2008.03.07 09:11:20.272,1.65035,1.65075,4.00,0.40
2008.03.07 09:11:20.581,1.6503,1.6507,0.60,4.00
2008.03.07 09:11:20.890,1.65035,1.6507,0.20,4.00
2008.03.07 09:11:21.173,1.6504,1.6507,0.20,4.00
2008.03.07 09:11:21.457,1.6504,1.6507,0.20,4.00
2008.03.07 09:11:21.740,1.6504,1.6507,0.60,4.00
2008.03.07 09:11:22.023,1.6504,1.6507,0.60,4.00
2008.03.07 09:11:22.311,1.6504,1.6507,0.60,4.00
2008.03.07 09:11:22.600,1.6504,1.6507,0.60,4.00
2008.03.07 09:11:22.890,1.6504,1.6507,0.60,4.00
2008.03.07 09:11:23.173,1.6504,1.6507,0.60,4.00
2008.03.07 09:11:23.450,1.6504,1.6507,0.60,4.00
2008.03.07 09:11:23.727,1.6504,1.6507,0.60,4.00
2008.03.07 09:11:24.010,1.6504,1.6507,0.60,4.00
2008.03.07 09:11:24.323,1.6502,1.6503,4.00,0.40
2008.03.07 09:11:24.636,1.6499,1.65015,0.60,4.00
2008.03.07 09:11:24.950,1.6497,1.65015,0.20,4.30
2008.03.07 09:11:25.198,1.6496,1.65,4.50,4.00
2008.03.07 09:11:25.446,1.6496,1.65,0.60,4.00
2008.03.07 09:11:25.695,1.6496,1.6499,0.60,4.00
2008.03.07 09:11:25.943,1.6496,1.6499,0.60,4.00
2008.03.07 09:11:26.256,1.6496,1.6499,0.60,4.00
2008.03.07 09:11:26.569,1.6496,1.6499,0.60,4.00
2008.03.07 09:11:26.912,1.6496,1.6499,0.60,4.00
2008.03.07 09:11:27.165,1.6496,1.6499,0.60,4.00
2008.03.07 09:11:27.417,1.6496,1.6499,0.60,4.00
2008.03.07 09:11:27.671,1.6496,1.6497,0.40,0.40
2008.03.07 09:11:27.925,1.6494,1.6497,4.00,1.90
2008.03.07 09:11:28.214,1.6492,1.64955,0.20,4.00
2008.03.07 09:11:28.503,1.6492,1.64945,0.20,4.00
2008.03.07 09:11:28.790,1.6492,1.64945,0.20,4.00
2008.03.07 09:11:29.078,1.6492,1.64945,0.20,4.00
2008.03.07 09:11:29.351,1.6492,1.64945,0.20,4.00
2008.03.07 09:11:29.624,1.6492,1.64945,0.20,4.00
2008.03.07 09:11:29.897,1.6492,1.64945,0.20,4.00
2008.03.07 09:11:30.171,1.64905,1.64945,0.20,4.00
2008.03.07 09:11:30.497,1.64915,1.64945,0.20,4.00
2008.03.07 09:11:30.789,1.64905,1.6495,4.20,0.40
2008.03.07 09:11:31.099,1.64905,1.64945,0.20,4.00
2008.03.07 09:11:31.357,1.64905,1.64945,0.20,4.00
2008.03.07 09:11:31.617,1.64905,1.64945,0.20,4.00
2008.03.07 09:11:31.876,1.649,1.64935,0.40,0.40
2008.03.07 09:11:32.135,1.649,1.64925,0.40,4.00
2008.03.07 09:11:32.438,1.6489,1.64925,0.60,4.00
2008.03.07 09:11:32.742,1.64905,1.64925,0.20,4.00
2008.03.07 09:11:33.046,1.64905,1.64945,0.20,4.00
2008.03.07 09:11:33.340,1.64905,1.64945,0.20,4.00
2008.03.07 09:11:33.635,1.64905,1.64945,0.20,4.00
2008.03.07 09:11:33.928,1.64915,1.64945,0.20,4.00
2008.03.07 09:11:34.218,1.64915,1.64955,0.20,4.00
2008.03.07 09:11:34.515,1.64915,1.64955,0.20,4.00
2008.03.07 09:11:34.816,1.64915,1.64955,0.20,4.00
2008.03.07 09:11:35.112,1.6491,1.6495,0.40,1.90
2008.03.07 09:11:35.411,1.64905,1.6495,4.20,5.90
2008.03.07 09:11:35.739,1.64905,1.6495,4.20,5.90
2008.03.07 09:11:36.061,1.64905,1.6495,4.20,5.90
2008.03.07 09:11:36.352,1.64905,1.6495,4.20,5.90
2008.03.07 09:11:36.644,1.64905,1.6495,4.20,5.90
2008.03.07 09:11:36.937,1.64905,1.6495,4.20,5.90
2008.03.07 09:11:37.231,1.64915,1.6495,0.20,5.60
2008.03.07 09:11:37.464,1.6491,1.6495,0.40,1.90
2008.03.07 09:11:37.708,1.6491,1.6495,0.40,5.90
2008.03.07 09:11:37.942,1.64905,1.6495,4.20,5.90
2008.03.07 09:11:38.175,1.6491,1.6495,0.20,5.90
2008.03.07 09:11:38.409,1.6491,1.6495,0.20,5.90
2008.03.07 09:11:38.707,1.6491,1.6495,0.20,5.90
2008.03.07 09:11:39.005,1.6491,1.6495,0.20,5.90
2008.03.07 09:11:39.303,1.6491,1.6495,0.20,4.30
2008.03.07 09:11:39.586,1.6491,1.6495,0.20,4.30
2008.03.07 09:11:39.870,1.6491,1.6495,0.20,0.40
2008.03.07 09:11:40.153,1.6491,1.6495,0.20,0.40
2008.03.07 09:11:40.437,1.64905,1.64925,4.00,0.40
2008.03.07 09:11:40.714,1.64905,1.6493,4.00,0.40
2008.03.07 09:11:40.992,1.64905,1.6493,4.00,0.40
2008.03.07 09:11:41.299,1.64905,1.6493,4.00,0.40
2008.03.07 09:11:41.553,1.64905,1.6493,4.00,0.40
2008.03.07 09:11:41.837,1.64905,1.6493,4.00,0.40
2008.03.07 09:11:42.119,1.64905,1.6493,4.00,0.40
2008.03.07 09:11:42.403,1.64925,1.64955,0.20,4.00
2008.03.07 09:11:42.672,1.64925,1.64955,0.20,4.00
2008.03.07 09:11:42.941,1.64925,1.64955,0.20,4.00
2008.03.07 09:11:43.209,1.64925,1.64955,0.20,4.00
2008.03.07 09:11:43.477,1.64925,1.64955,0.20,4.00
2008.03.07 09:11:43.755,1.64925,1.64955,0.20,4.00
2008.03.07 09:11:44.034,1.64925,1.64965,0.20,4.30
2008.03.07 09:11:44.312,1.64915,1.6496,4.20,5.90
2008.03.07 09:11:44.583,1.64915,1.64955,0.20,4.00
2008.03.07 09:11:44.835,1.64915,1.64955,0.20,4.00
2008.03.07 09:11:45.088,1.64915,1.64955,0.20,4.00
2008.03.07 09:11:45.341,1.64915,1.64955,0.20,4.00
2008.03.07 09:11:45.664,1.64915,1.64955,0.20,4.00
2008.03.07 09:11:45.987,1.64915,1.64955,0.20,4.00
2008.03.07 09:11:46.319,1.64915,1.64955,0.20,4.00
2008.03.07 09:11:46.597,1.64915,1.64955,0.20,4.00
2008.03.07 09:11:46.877,1.64915,1.64955,0.20,4.00
2008.03.07 09:11:47.125,1.64915,1.64955,0.20,4.00
2008.03.07 09:11:47.373,1.64915,1.64955,0.20,4.00
2008.03.07 09:11:47.696,1.64915,1.64955,0.20,4.00
2008.03.07 09:11:48.019,1.64915,1.64955,0.20,4.00
2008.03.07 09:11:48.342,1.64915,1.64955,0.20,4.00
2008.03.07 09:11:48.570,1.64915,1.64955,0.20,4.00
2008.03.07 09:11:48.798,1.64915,1.64955,0.20,4.00
2008.03.07 09:11:49.025,1.64915,1.64955,0.20,4.00
2008.03.07 09:11:49.252,1.64915,1.64955,0.20,4.00
2008.03.07 09:11:49.480,1.64915,1.64955,0.20,4.00
2008.03.07 09:11:49.803,1.64915,1.64955,0.20,4.00
2008.03.07 09:11:50.135,1.64915,1.64955,0.20,4.00
2008.03.07 09:11:50.489,1.64915,1.64955,0.20,4.00
2008.03.07 09:11:50.716,1.64915,1.64955,0.20,4.00
2008.03.07 09:11:50.975,1.64915,1.64955,0.20,4.00
2008.03.07 09:11:51.232,1.64915,1.64955,0.20,4.00
2008.03.07 09:11:51.513,1.64915,1.64955,0.20,4.30
2008.03.07 09:11:51.791,1.64915,1.64955,0.20,4.30
2008.03.07 09:11:52.069,1.64915,1.64955,0.20,4.30
2008.03.07 09:11:52.346,1.64915,1.64955,0.20,4.30
2008.03.07 09:11:52.624,1.64915,1.64955,0.20,4.30
2008.03.07 09:11:52.913,1.64915,1.64955,0.20,4.30
2008.03.07 09:11:53.201,1.6492,1.64955,0.20,4.00
2008.03.07 09:11:53.489,1.6492,1.64955,0.20,4.00
2008.03.07 09:11:53.778,1.6492,1.64965,0.60,4.30
2008.03.07 09:11:54.057,1.6492,1.64965,0.60,4.30
2008.03.07 09:11:54.336,1.6492,1.64965,0.60,4.30
2008.03.07 09:11:54.613,1.6492,1.64965,0.60,4.30
2008.03.07 09:11:54.872,1.6492,1.64955,0.40,0.40
2008.03.07 09:11:55.130,1.6492,1.64955,0.40,4.30
2008.03.07 09:11:55.388,1.64915,1.64955,0.20,4.30
2008.03.07 09:11:55.647,1.64915,1.64955,0.20,4.30
2008.03.07 09:11:55.975,1.64915,1.64955,0.20,4.30
2008.03.07 09:11:56.303,1.64915,1.64955,0.20,4.30
2008.03.07 09:11:56.631,1.64915,1.64955,0.20,4.30
2008.03.07 09:11:56.959,1.64915,1.64955,0.20,4.30
2008.03.07 09:11:57.202,1.6491,1.6495,0.60,0.40
2008.03.07 09:11:57.446,1.6491,1.6495,0.60,0.40
2008.03.07 09:11:57.690,1.6491,1.6495,0.20,0.40
2008.03.07 09:11:58.008,1.6491,1.6495,0.20,0.40
2008.03.07 09:11:58.326,1.6491,1.6495,0.60,0.40
2008.03.07 09:11:58.644,1.6491,1.6495,0.60,0.40
2008.03.07 09:11:58.902,1.6491,1.6495,0.60,0.40
2008.03.07 09:11:59.160,1.6491,1.6495,0.60,0.40
2008.03.07 09:11:59.418,1.6491,1.6495,0.60,0.40
2008.03.07 09:11:59.676,1.6491,1.6495,0.60,0.40
2008.03.07 09:11:59.951,1.6491,1.6495,0.60,0.40
2008.03.07 09:12:00.234,1.6492,1.6495,0.40,0.40
2008.03.07 09:12:00.524,1.6492,1.6495,0.40,0.40
2008.03.07 09:12:00.806,1.6492,1.6495,0.40,0.40
2008.03.07 09:12:01.103,1.6492,1.6495,0.40,0.40
2008.03.07 09:12:01.401,1.6492,1.6495,0.40,0.40
2008.03.07 09:12:01.699,1.6492,1.6495,0.40,0.40
2008.03.07 09:12:01.996,1.6492,1.6495,0.40,0.40
2008.03.07 09:12:02.244,1.6492,1.6495,0.40,0.40
2008.03.07 09:12:02.492,1.6492,1.6495,0.40,0.40
2008.03.07 09:12:02.749,1.64935,1.6495,0.20,4.00
2008.03.07 09:12:03.047,1.6494,1.6497,0.40,1.60
2008.03.07 09:12:03.348,1.6494,1.64955,0.40,0.40
2008.03.07 09:12:03.647,1.6494,1.6496,0.40,0.40
2008.03.07 09:12:03.946,1.64935,1.64965,0.20,4.00
2008.03.07 09:12:04.234,1.6493,1.6497,4.00,0.40
2008.03.07 09:12:04.521,1.6493,1.6497,4.00,0.40
2008.03.07 09:12:04.810,1.64925,1.6497,0.20,4.30
2008.03.07 09:12:05.088,1.64925,1.6497,0.20,4.30
2008.03.07 09:12:05.347,1.6492,1.6496,4.30,0.40
2008.03.07 09:12:05.605,1.6492,1.64965,0.60,4.30
2008.03.07 09:12:05.864,1.6492,1.64965,0.60,4.30
2008.03.07 09:12:06.181,1.6493,1.64955,0.40,4.00
2008.03.07 09:12:06.499,1.6492,1.64955,0.40,4.30
2008.03.07 09:12:06.845,1.6492,1.64955,0.40,4.30
2008.03.07 09:12:07.163,1.6492,1.64955,0.40,4.30
2008.03.07 09:12:07.433,1.6492,1.64955,0.40,4.30
2008.03.07 09:12:07.716,1.6492,1.64955,0.40,4.30
2008.03.07 09:12:07.975,1.64915,1.64955,0.20,4.30
2008.03.07 09:12:08.233,1.64905,1.6494,4.00,0.40
2008.03.07 09:12:08.516,1.649,1.64935,0.40,4.00
2008.03.07 09:12:08.799,1.64905,1.64935,0.20,4.00
2008.03.07 09:12:09.084,1.6491,1.64945,0.40,4.00
2008.03.07 09:12:09.367,1.6491,1.64945,0.40,4.00
2008.03.07 09:12:09.645,1.6491,1.64945,0.40,4.00
2008.03.07 09:12:09.923,1.64915,1.64945,0.20,4.00
2008.03.07 09:12:10.202,1.6491,1.6495,0.40,0.40
2008.03.07 09:12:10.486,1.64905,1.64945,0.20,4.00
2008.03.07 09:12:10.769,1.6491,1.64945,0.40,4.00
2008.03.07 09:12:11.052,1.6491,1.64945,0.40,4.00
2008.03.07 09:12:11.335,1.649,1.64945,0.60,4.30
2008.03.07 09:12:11.634,1.649,1.6494,0.60,4.00
2008.03.07 09:12:11.932,1.6492,1.6494,0.40,4.00
2008.03.07 09:12:12.230,1.6492,1.64955,0.40,4.30
2008.03.07 09:12:12.483,1.6491,1.64955,0.60,4.30
2008.03.07 09:12:12.736,1.6491,1.6495,0.60,4.00
2008.03.07 09:12:13.005,1.6492,1.64965,0.60,4.30
2008.03.07 09:12:13.263,1.6492,1.64965,0.60,4.30
2008.03.07 09:12:13.576,1.6492,1.64965,0.60,4.30
2008.03.07 09:12:13.888,1.6492,1.64965,0.60,4.30
2008.03.07 09:12:14.202,1.6493,1.64965,0.40,4.00
2008.03.07 09:12:14.506,1.6493,1.6497,0.40,4.30
2008.03.07 09:12:14.779,1.6493,1.6496,0.40,0.40
2008.03.07 09:12:15.053,1.64925,1.6496,4.00,0.40
2008.03.07 09:12:15.326,1.6492,1.64965,0.60,4.30
2008.03.07 09:12:15.636,1.6492,1.64965,0.60,4.30
2008.03.07 09:12:15.969,1.6492,1.64965,0.60,4.30
2008.03.07 09:12:16.278,1.6492,1.64965,0.60,4.30
2008.03.07 09:12:16.512,1.6492,1.64965,0.60,4.30
2008.03.07 09:12:16.773,1.6492,1.64965,0.60,4.30
2008.03.07 09:12:16.978,1.6494,1.6498,0.60,4.00
2008.03.07 09:12:17.210,1.6494,1.6498,0.60,4.00
2008.03.07 09:12:17.444,1.6494,1.6498,0.60,4.00
2008.03.07 09:12:17.762,1.6494,1.6498,0.60,4.00
2008.03.07 09:12:18.079,1.6494,1.6498,0.60,4.00
2008.03.07 09:12:18.397,1.6494,1.6498,0.60,4.00
2008.03.07 09:12:18.700,1.6494,1.6498,0.60,4.00
2008.03.07 09:12:19.003,1.6494,1.6498,0.60,4.00
2008.03.07 09:12:19.307,1.6494,1.6498,0.60,4.00
2008.03.07 09:12:19.611,1.6494,1.6498,0.60,4.00
2008.03.07 09:12:19.863,1.6494,1.6498,0.60,4.00
2008.03.07 09:12:20.117,1.6494,1.6498,0.60,4.00
2008.03.07 09:12:20.369,1.6494,1.6498,0.60,4.00
2008.03.07 09:12:20.653,1.6494,1.6498,0.60,4.00
2008.03.07 09:12:20.936,1.6495,1.64995,4.20,0.40
2008.03.07 09:12:21.220,1.64955,1.65,0.20,5.90
2008.03.07 09:12:21.503,1.6497,1.65,0.40,1.90
2008.03.07 09:12:21.791,1.64955,1.65,4.20,0.40
2008.03.07 09:12:22.080,1.64965,1.65005,0.20,4.00
2008.03.07 09:12:22.373,1.6497,1.65,0.40,4.00
2008.03.07 09:12:22.661,1.6497,1.65,0.40,4.30
2008.03.07 09:12:22.952,1.6497,1.6498,0.40,0.40
2008.03.07 09:12:23.241,1.6496,1.64985,0.40,0.40
2008.03.07 09:12:23.529,1.6496,1.64985,0.40,0.40
2008.03.07 09:12:23.778,1.6496,1.64995,0.40,0.40
2008.03.07 09:12:24.033,1.64955,1.6498,4.00,0.40
2008.03.07 09:12:24.281,1.6495,1.6498,0.40,0.40
2008.03.07 09:12:24.530,1.6494,1.6498,4.50,0.40
2008.03.07 09:12:24.853,1.64945,1.6498,4.00,0.40
2008.03.07 09:12:25.178,1.64945,1.6498,4.00,0.40
2008.03.07 09:12:25.501,1.6494,1.64975,0.60,4.00
2008.03.07 09:12:25.825,1.6494,1.64975,0.60,4.00
2008.03.07 09:12:26.139,1.6494,1.64975,0.60,4.00
2008.03.07 09:12:26.454,1.6494,1.64975,0.60,4.00
2008.03.07 09:12:26.766,1.6494,1.64975,0.60,4.00
2008.03.07 09:12:26.993,1.6494,1.6498,0.60,0.40
2008.03.07 09:12:27.222,1.6494,1.6498,0.60,0.40
2008.03.07 09:12:27.481,1.6494,1.6498,0.60,1.90
2008.03.07 09:12:27.679,1.6494,1.64975,0.60,4.00
2008.03.07 09:12:27.997,1.6494,1.64975,0.60,4.00
2008.03.07 09:12:28.316,1.6494,1.64975,0.60,4.00
2008.03.07 09:12:28.634,1.6494,1.64975,0.60,4.00
2008.03.07 09:12:28.951,1.6494,1.64975,0.60,4.00
2008.03.07 09:12:29.216,1.6494,1.64975,0.60,4.00
2008.03.07 09:12:29.478,1.6494,1.64975,0.60,4.00
2008.03.07 09:12:29.742,1.6495,1.64975,0.20,4.00
2008.03.07 09:12:30.026,1.6495,1.64985,0.20,4.00
2008.03.07 09:12:30.309,1.6495,1.64985,0.20,4.00
2008.03.07 09:12:30.592,1.6495,1.64985,0.60,4.00
2008.03.07 09:12:30.875,1.6495,1.64975,0.40,0.40
2008.03.07 09:12:31.173,1.6493,1.64975,0.60,4.30
2008.03.07 09:12:31.472,1.6494,1.64975,0.60,4.00
2008.03.07 09:12:31.769,1.6494,1.64975,0.60,4.00
2008.03.07 09:12:32.067,1.6494,1.64975,0.60,4.00
2008.03.07 09:12:32.349,1.6494,1.64975,0.60,4.00
2008.03.07 09:12:32.633,1.6494,1.64985,0.60,4.30
2008.03.07 09:12:32.917,1.6494,1.6498,0.40,1.90
2008.03.07 09:12:33.176,1.64935,1.6498,0.20,5.90
2008.03.07 09:12:33.451,1.6493,1.6497,4.30,0.40
2008.03.07 09:12:33.737,1.6493,1.6496,0.40,4.00
2008.03.07 09:12:34.027,1.64935,1.6496,0.20,4.00
2008.03.07 09:12:34.355,1.6494,1.64975,0.20,4.00
2008.03.07 09:12:34.677,1.6494,1.64975,0.60,4.00
2008.03.07 09:12:34.941,1.6494,1.64975,0.60,4.00
2008.03.07 09:12:35.236,1.6494,1.64975,0.60,4.00
2008.03.07 09:12:35.463,1.6494,1.64975,0.60,4.00
2008.03.07 09:12:35.691,1.6494,1.64975,0.60,4.00
2008.03.07 09:12:35.918,1.6494,1.64975,0.60,4.00
2008.03.07 09:12:36.147,1.6494,1.64975,0.60,4.00
2008.03.07 09:12:36.479,1.6494,1.64975,0.60,4.00
2008.03.07 09:12:36.812,1.6494,1.64975,0.60,4.00
2008.03.07 09:12:37.145,1.6494,1.64975,0.60,4.00
2008.03.07 09:12:37.364,1.6494,1.64975,0.60,4.00
2008.03.07 09:12:37.581,1.6494,1.64975,0.60,4.00
2008.03.07 09:12:37.799,1.6494,1.64975,0.60,4.00
2008.03.07 09:12:38.031,1.6494,1.64975,0.60,4.00
2008.03.07 09:12:38.387,1.6494,1.64975,0.60,4.00
2008.03.07 09:12:38.745,1.6495,1.64975,0.20,4.00
2008.03.07 09:12:39.047,1.6495,1.6498,0.40,4.30
2008.03.07 09:12:39.376,1.6494,1.64975,0.40,4.00
2008.03.07 09:12:39.633,1.6494,1.64975,0.40,4.00
2008.03.07 09:12:39.907,1.6494,1.6498,0.60,4.00
2008.03.07 09:12:40.180,1.6494,1.6498,0.60,4.00
2008.03.07 09:12:40.482,1.6494,1.6498,0.60,4.00
2008.03.07 09:12:40.789,1.6494,1.6498,0.60,4.00
2008.03.07 09:12:41.092,1.6494,1.6498,0.60,4.00
2008.03.07 09:12:41.398,1.64955,1.6498,0.20,4.00
2008.03.07 09:12:41.695,1.64955,1.6499,0.20,4.00
2008.03.07 09:12:41.986,1.64955,1.6499,0.20,4.00
2008.03.07 09:12:42.278,1.6497,1.6499,0.20,4.00
2008.03.07 09:12:42.548,1.6497,1.65005,0.60,4.00
2008.03.07 09:12:42.754,1.6497,1.65005,0.60,4.00
2008.03.07 09:12:42.992,1.6497,1.65005,0.60,4.00
2008.03.07 09:12:43.230,1.6497,1.65005,0.60,4.00
2008.03.07 09:12:43.469,1.6498,1.64995,0.40,4.00
2008.03.07 09:12:43.787,1.6498,1.64995,0.40,4.00
2008.03.07 09:12:44.106,1.6497,1.64995,0.40,4.00
2008.03.07 09:12:44.425,1.6497,1.64995,0.40,4.00
2008.03.07 09:12:44.713,1.6497,1.64995,0.40,4.00
2008.03.07 09:12:44.970,1.6497,1.64995,0.40,4.00
2008.03.07 09:12:45.258,1.6497,1.64995,0.40,4.00
2008.03.07 09:12:45.487,1.6497,1.64995,0.40,4.00
2008.03.07 09:12:45.806,1.6497,1.64995,0.40,4.00
2008.03.07 09:12:46.123,1.6497,1.64995,0.40,4.00
2008.03.07 09:12:46.441,1.6497,1.64995,0.40,4.00
2008.03.07 09:12:46.709,1.6497,1.64995,0.40,4.00
2008.03.07 09:12:46.977,1.6497,1.64995,0.40,4.00
2008.03.07 09:12:47.246,1.6497,1.64995,0.40,4.00
2008.03.07 09:12:47.517,1.6497,1.65,0.40,4.00
2008.03.07 09:12:47.769,1.6497,1.65,0.40,4.00
2008.03.07 09:12:48.051,1.64975,1.65,0.20,4.00
2008.03.07 09:12:48.302,1.6498,1.65015,0.20,4.00
2008.03.07 09:12:48.578,1.6498,1.65015,0.60,4.00
2008.03.07 09:12:48.909,1.6498,1.65015,0.60,4.00
2008.03.07 09:12:49.223,1.6498,1.65015,0.60,4.00
2008.03.07 09:12:49.565,1.6498,1.65015,0.60,4.00
2008.03.07 09:12:49.813,1.6498,1.65015,0.40,4.30
2008.03.07 09:12:50.061,1.6498,1.65005,0.40,4.00
2008.03.07 09:12:50.309,1.6498,1.65005,0.40,4.00
2008.03.07 09:12:50.557,1.6497,1.65005,0.60,4.00
2008.03.07 09:12:50.874,1.6498,1.65005,0.20,4.00
2008.03.07 09:12:51.194,1.6498,1.65015,0.60,4.00
2008.03.07 09:12:51.511,1.6498,1.65015,0.60,4.00
2008.03.07 09:12:51.761,1.6498,1.65015,0.60,4.00
2008.03.07 09:12:51.994,1.6498,1.65015,0.60,4.00
2008.03.07 09:12:52.226,1.6498,1.65015,0.60,4.00
2008.03.07 09:12:52.460,1.6498,1.65015,0.60,4.00
2008.03.07 09:12:52.693,1.6498,1.65015,0.60,4.00
2008.03.07 09:12:53.026,1.6498,1.65015,0.60,4.00
2008.03.07 09:12:53.359,1.6498,1.65015,0.60,4.00
2008.03.07 09:12:53.692,1.6498,1.65015,0.60,4.00
2008.03.07 09:12:53.944,1.6498,1.65015,0.60,4.00
2008.03.07 09:12:54.216,1.6498,1.65015,0.60,4.00
2008.03.07 09:12:54.430,1.6498,1.65015,0.60,4.00
2008.03.07 09:12:54.673,1.6498,1.65015,0.60,4.00
2008.03.07 09:12:54.982,1.6498,1.65015,0.60,4.00
2008.03.07 09:12:55.288,1.6498,1.65015,0.60,4.00
2008.03.07 09:12:55.596,1.6498,1.65015,0.60,4.00
2008.03.07 09:12:55.884,1.6498,1.65015,0.60,4.00
2008.03.07 09:12:56.157,1.6498,1.65015,0.60,4.00
2008.03.07 09:12:56.429,1.6498,1.65015,0.60,4.00
2008.03.07 09:12:56.702,1.6498,1.65015,0.60,4.00
2008.03.07 09:12:56.990,1.6498,1.65015,0.60,4.00
2008.03.07 09:12:57.278,1.6498,1.65015,0.60,4.00
2008.03.07 09:12:57.568,1.6499,1.65025,0.20,4.00
2008.03.07 09:12:57.837,1.6499,1.65035,0.60,4.30
2008.03.07 09:12:58.106,1.65,1.65035,0.40,4.30
2008.03.07 09:12:58.402,1.65,1.65035,0.40,4.30
2008.03.07 09:12:58.669,1.65,1.65035,0.40,4.30
2008.03.07 09:12:58.947,1.65,1.65035,0.40,4.30
2008.03.07 09:12:59.225,1.65,1.65035,0.40,4.30
2008.03.07 09:12:59.503,1.65,1.65035,0.40,4.30
2008.03.07 09:12:59.787,1.65,1.65035,0.40,4.30
2008.03.07 09:13:00.048,1.65,1.65035,0.40,4.30
2008.03.07 09:13:00.305,1.65,1.65035,0.40,4.30
2008.03.07 09:13:00.563,1.65,1.65035,0.40,4.30
2008.03.07 09:13:00.872,1.65025,1.65035,0.20,4.00
2008.03.07 09:13:01.179,1.65025,1.6506,0.20,8.00
2008.03.07 09:13:01.487,1.6501,1.65045,0.40,4.00
2008.03.07 09:13:01.796,1.6501,1.65045,0.40,4.00
2008.03.07 09:13:02.049,1.6501,1.6505,0.40,0.40
2008.03.07 09:13:02.333,1.6501,1.6505,0.40,0.40
2008.03.07 09:13:02.556,1.6501,1.6505,0.40,0.40
2008.03.07 09:13:02.808,1.6501,1.6505,0.40,0.40
2008.03.07 09:13:03.086,1.6501,1.6505,4.30,0.40
2008.03.07 09:13:03.364,1.6501,1.65045,4.30,0.40
2008.03.07 09:13:03.642,1.6501,1.65045,0.40,4.30
2008.03.07 09:13:03.940,1.6501,1.6504,0.40,0.40
2008.03.07 09:13:04.238,1.6501,1.65045,0.40,4.30
2008.03.07 09:13:04.536,1.6501,1.65045,0.40,4.30
2008.03.07 09:13:04.833,1.6501,1.65045,0.40,4.30
2008.03.07 09:13:05.092,1.6501,1.65045,0.40,4.30
2008.03.07 09:13:05.350,1.6501,1.65045,0.40,4.30
2008.03.07 09:13:05.609,1.6501,1.65045,0.40,4.30
2008.03.07 09:13:05.923,1.65015,1.6505,0.20,4.00
2008.03.07 09:13:06.236,1.65015,1.65055,0.20,4.00
2008.03.07 09:13:06.551,1.65005,1.65045,4.00,0.40
2008.03.07 09:13:06.864,1.65,1.65035,0.60,4.00
2008.03.07 09:13:07.112,1.6501,1.65045,0.40,4.30
2008.03.07 09:13:07.360,1.6501,1.65045,0.40,4.30
2008.03.07 09:13:07.608,1.6501,1.6504,0.40,4.00
2008.03.07 09:13:07.856,1.6501,1.6504,0.40,4.00
2008.03.07 09:13:08.147,1.6501,1.6504,0.40,4.00
2008.03.07 09:13:08.441,1.6501,1.6504,0.40,4.00
2008.03.07 09:13:08.734,1.6501,1.6504,0.40,4.00
2008.03.07 09:13:08.997,1.6501,1.6504,0.40,4.00
2008.03.07 09:13:09.261,1.6501,1.6504,0.40,4.00
2008.03.07 09:13:09.524,1.6501,1.6504,0.40,4.00
2008.03.07 09:13:09.820,1.6501,1.6504,0.40,4.00
2008.03.07 09:13:10.110,1.65,1.65035,0.20,4.00
2008.03.07 09:13:10.398,1.65,1.65035,0.20,4.00
2008.03.07 09:13:10.686,1.65,1.65035,0.20,4.00
2008.03.07 09:13:10.974,1.65,1.65035,0.20,4.00
2008.03.07 09:13:11.267,1.65,1.65035,0.20,4.00
2008.03.07 09:13:11.560,1.65,1.6503,0.20,4.00
2008.03.07 09:13:11.855,1.6502,1.65035,0.40,0.40
2008.03.07 09:13:12.128,1.65,1.65035,4.00,0.40
2008.03.07 09:13:12.402,1.65005,1.65025,0.20,4.00
2008.03.07 09:13:12.676,1.65005,1.6502,0.20,4.00
2008.03.07 09:13:12.957,1.6498,1.6502,2.90,4.00
2008.03.07 09:13:13.261,1.6498,1.6502,0.60,4.00
2008.03.07 09:13:13.547,1.6498,1.6502,0.60,4.00
2008.03.07 09:13:13.853,1.6498,1.6502,0.60,4.00
2008.03.07 09:13:14.106,1.6498,1.6502,0.60,4.00
2008.03.07 09:13:14.358,1.6498,1.6502,0.60,4.00
2008.03.07 09:13:14.611,1.6498,1.6502,0.60,4.00
2008.03.07 09:13:14.864,1.6498,1.6502,0.60,4.00
2008.03.07 09:13:15.117,1.6498,1.6502,0.60,4.00
2008.03.07 09:13:15.420,1.6499,1.6502,0.20,4.00
2008.03.07 09:13:15.723,1.6499,1.65025,0.20,4.00
2008.03.07 09:13:16.025,1.6499,1.65025,0.20,4.00
2008.03.07 09:13:16.314,1.6499,1.65025,0.20,4.00
2008.03.07 09:13:16.603,1.6498,1.6502,0.60,4.00
2008.03.07 09:13:16.891,1.6498,1.6502,0.60,4.00
2008.03.07 09:13:17.179,1.6498,1.6502,0.60,4.00
2008.03.07 09:13:17.452,1.6499,1.6502,0.20,4.00
2008.03.07 09:13:17.719,1.6499,1.65025,0.20,4.00
2008.03.07 09:13:17.989,1.6499,1.65025,0.60,4.00
2008.03.07 09:13:18.253,1.6499,1.65025,0.60,4.00
2008.03.07 09:13:18.545,1.65,1.65025,0.40,4.00
2008.03.07 09:13:18.806,1.65,1.65025,0.40,4.00
2008.03.07 09:13:19.070,1.65,1.65025,0.40,4.00
2008.03.07 09:13:19.334,1.65,1.65025,0.40,4.00
2008.03.07 09:13:19.626,1.65,1.65025,0.40,4.00
2008.03.07 09:13:19.920,1.65,1.65025,0.40,4.00
2008.03.07 09:13:20.213,1.65,1.65025,0.40,4.00
2008.03.07 09:13:20.472,1.6501,1.65025,0.40,4.00
2008.03.07 09:13:20.730,1.6501,1.65035,0.40,4.00
2008.03.07 09:13:20.989,1.6501,1.65035,0.40,4.00
2008.03.07 09:13:21.247,1.6501,1.65035,0.40,4.00
2008.03.07 09:13:21.560,1.6501,1.65035,0.40,4.00
2008.03.07 09:13:21.872,1.6501,1.65045,0.40,4.00
2008.03.07 09:13:22.185,1.6501,1.65045,0.40,4.00
2008.03.07 09:13:22.447,1.6501,1.6504,0.40,0.40
2008.03.07 09:13:22.738,1.6501,1.6504,0.40,4.30
2008.03.07 09:13:22.968,1.6501,1.65035,0.40,4.00
2008.03.07 09:13:23.225,1.6501,1.65035,0.40,4.00
2008.03.07 09:13:23.502,1.6501,1.65035,0.40,4.00
2008.03.07 09:13:23.781,1.6501,1.65035,0.40,4.00
2008.03.07 09:13:24.079,1.6501,1.65035,0.40,4.00
2008.03.07 09:13:24.389,1.6501,1.65035,0.40,4.00
2008.03.07 09:13:24.637,1.6501,1.65035,0.40,4.00
2008.03.07 09:13:24.915,1.6501,1.65035,0.40,4.00
2008.03.07 09:13:25.192,1.6501,1.65035,0.40,4.00
2008.03.07 09:13:25.470,1.6501,1.65035,0.40,4.00
2008.03.07 09:13:25.786,1.6501,1.65035,0.40,4.00
2008.03.07 09:13:26.103,1.6501,1.65035,0.40,4.00
2008.03.07 09:13:26.391,1.65,1.65035,0.40,4.00
2008.03.07 09:13:26.669,1.65,1.65035,0.40,4.00
2008.03.07 09:13:26.947,1.65,1.65035,0.40,4.00
2008.03.07 09:13:27.225,1.65,1.65035,0.40,4.30
2008.03.07 09:13:27.503,1.6499,1.6503,0.60,4.00
2008.03.07 09:13:27.765,1.6499,1.6503,0.60,4.00
2008.03.07 09:13:28.028,1.65,1.6504,0.20,8.00
2008.03.07 09:13:28.292,1.65,1.6504,0.20,8.00
2008.03.07 09:13:28.575,1.6499,1.65035,4.50,0.40
2008.03.07 09:13:28.858,1.6499,1.6503,0.60,4.00
2008.03.07 09:13:29.172,1.6499,1.6503,0.60,4.00
2008.03.07 09:13:29.424,1.6499,1.6503,0.60,4.00
2008.03.07 09:13:29.687,1.6499,1.6503,0.60,4.00
2008.03.07 09:13:29.950,1.6499,1.6503,0.60,4.00
2008.03.07 09:13:30.213,1.6499,1.6503,0.60,4.00
2008.03.07 09:13:30.486,1.6499,1.6503,0.60,4.00
2008.03.07 09:13:30.788,1.6499,1.6503,0.60,4.00
2008.03.07 09:13:31.102,1.6499,1.6503,0.60,4.00
2008.03.07 09:13:31.416,1.6499,1.6503,0.60,4.00
2008.03.07 09:13:31.679,1.6499,1.6503,0.60,4.00
2008.03.07 09:13:31.950,1.6499,1.6503,0.60,4.00
2008.03.07 09:13:32.202,1.64995,1.65035,0.20,4.00
2008.03.07 09:13:32.476,1.65,1.65035,0.40,4.00
2008.03.07 09:13:32.814,1.65,1.65035,0.40,4.00
2008.03.07 09:13:33.131,1.65,1.65035,0.40,4.00
2008.03.07 09:13:33.449,1.65,1.65035,0.40,4.00
2008.03.07 09:13:33.682,1.65,1.65035,0.40,4.00
2008.03.07 09:13:33.916,1.65,1.65035,0.40,4.00
2008.03.07 09:13:34.149,1.65,1.65035,0.40,4.00
2008.03.07 09:13:34.382,1.65,1.65035,0.40,4.00
2008.03.07 09:13:34.690,1.65,1.65035,0.40,4.00
2008.03.07 09:13:34.998,1.65,1.6504,0.60,4.00
2008.03.07 09:13:35.305,1.65,1.6504,0.60,4.00
2008.03.07 09:13:35.613,1.65005,1.6504,0.20,4.00
2008.03.07 09:13:35.892,1.65,1.65045,0.60,4.30
2008.03.07 09:13:36.171,1.6501,1.6504,0.40,0.40
2008.03.07 09:13:36.450,1.6501,1.6504,0.40,4.00
2008.03.07 09:13:36.738,1.65,1.6504,0.60,4.00
2008.03.07 09:13:37.026,1.65,1.6504,0.60,4.00
2008.03.07 09:13:37.315,1.65,1.6504,0.60,4.00
2008.03.07 09:13:37.603,1.65,1.65035,0.60,4.00
2008.03.07 09:13:37.880,1.65,1.65035,0.60,4.00
2008.03.07 09:13:38.167,1.65,1.6504,0.40,4.30
2008.03.07 09:13:38.444,1.65,1.6504,0.60,4.00
2008.03.07 09:13:38.693,1.65,1.65035,0.60,4.00
2008.03.07 09:13:38.942,1.65,1.6504,0.60,4.00
2008.03.07 09:13:39.189,1.65,1.6504,0.40,4.30
2008.03.07 09:13:39.439,1.65,1.65035,0.40,4.00
2008.03.07 09:13:39.752,1.65,1.65035,0.40,4.00
2008.03.07 09:13:40.066,1.65,1.65035,0.40,4.00
2008.03.07 09:13:40.379,1.65,1.65035,0.40,4.00
2008.03.07 09:13:40.692,1.65,1.65035,0.40,4.00
2008.03.07 09:13:40.960,1.65,1.65035,0.40,4.00
2008.03.07 09:13:41.228,1.65,1.65035,0.60,4.00
2008.03.07 09:13:41.512,1.65,1.6504,0.60,4.00
2008.03.07 09:13:41.798,1.65,1.6504,0.60,4.00
2008.03.07 09:13:42.079,1.65,1.6504,0.60,4.00
2008.03.07 09:13:42.361,1.65,1.6504,0.60,4.00
2008.03.07 09:13:42.644,1.65,1.6504,0.60,4.00
2008.03.07 09:13:42.927,1.65,1.6504,0.60,4.00
2008.03.07 09:13:43.240,1.65,1.6504,0.60,4.00
2008.03.07 09:13:43.553,1.65,1.65045,0.60,4.30
2008.03.07 09:13:43.791,1.65005,1.65045,0.20,4.00
2008.03.07 09:13:44.029,1.65015,1.65045,0.20,4.00
2008.03.07 09:13:44.267,1.65015,1.65055,0.20,4.00
2008.03.07 09:13:44.522,1.6502,1.65055,0.40,4.00
2008.03.07 09:13:44.787,1.6502,1.65055,0.40,4.00
2008.03.07 09:13:45.131,1.6502,1.65055,0.40,4.00
2008.03.07 09:13:45.454,1.6502,1.6505,0.40,0.40
2008.03.07 09:13:45.771,1.6502,1.65045,0.40,4.00
2008.03.07 09:13:46.020,1.6502,1.65045,0.40,4.00
2008.03.07 09:13:46.299,1.6501,1.65045,0.40,4.00
2008.03.07 09:13:46.547,1.6501,1.65045,0.40,4.00
2008.03.07 09:13:46.795,1.6501,1.65045,0.40,4.00
2008.03.07 09:13:47.098,1.6501,1.65045,0.40,4.00
2008.03.07 09:13:47.401,1.6501,1.65045,0.40,4.00
2008.03.07 09:13:47.704,1.6501,1.65045,0.40,4.00
2008.03.07 09:13:47.986,1.6501,1.65045,0.40,4.00
2008.03.07 09:13:48.239,1.6501,1.65045,0.40,4.00
2008.03.07 09:13:48.492,1.6501,1.65045,0.40,4.00
2008.03.07 09:13:48.745,1.6501,1.65045,0.40,4.00
2008.03.07 09:13:49.018,1.6501,1.65045,0.40,4.00
2008.03.07 09:13:49.292,1.6501,1.65045,0.40,4.00
2008.03.07 09:13:49.564,1.6501,1.65045,0.40,4.00
2008.03.07 09:13:49.837,1.6501,1.65045,0.40,4.00
2008.03.07 09:13:50.129,1.6501,1.65045,0.40,4.00
2008.03.07 09:13:50.423,1.6501,1.65045,0.40,4.00
2008.03.07 09:13:50.716,1.6501,1.65045,0.40,4.00
2008.03.07 09:13:50.989,1.6501,1.65045,0.40,4.00
2008.03.07 09:13:51.262,1.6501,1.65045,0.40,4.00
2008.03.07 09:13:51.563,1.6501,1.65045,0.40,4.00
2008.03.07 09:13:51.851,1.6501,1.65045,0.40,4.00
2008.03.07 09:13:52.134,1.6501,1.65045,0.40,4.00
2008.03.07 09:13:52.417,1.6501,1.65045,0.40,4.00
2008.03.07 09:13:52.701,1.6501,1.65045,0.40,4.00
2008.03.07 09:13:52.986,1.6501,1.65045,0.40,4.00
2008.03.07 09:13:53.254,1.6501,1.65045,0.40,4.00
2008.03.07 09:13:53.522,1.6501,1.65045,0.40,4.00
2008.03.07 09:13:53.790,1.6501,1.65045,0.40,4.00
2008.03.07 09:13:54.058,1.6501,1.65045,0.40,4.00
2008.03.07 09:13:54.361,1.6501,1.65045,0.40,4.00
2008.03.07 09:13:54.664,1.6501,1.65045,0.40,4.00
2008.03.07 09:13:54.968,1.6501,1.65045,0.40,4.00
2008.03.07 09:13:55.210,1.6501,1.65045,0.40,4.00
2008.03.07 09:13:55.454,1.6501,1.65045,0.40,4.00
2008.03.07 09:13:55.697,1.6501,1.65045,0.40,4.00
2008.03.07 09:13:55.972,1.65015,1.65045,0.20,4.00
2008.03.07 09:13:56.328,1.6502,1.65055,0.40,4.00
2008.03.07 09:13:56.686,1.6502,1.65055,0.40,4.00
2008.03.07 09:13:57.043,1.6502,1.65055,0.40,4.00
2008.03.07 09:13:57.295,1.6502,1.65055,0.40,4.00
2008.03.07 09:13:57.548,1.6502,1.65055,0.40,4.00
2008.03.07 09:13:57.800,1.6502,1.65055,0.40,4.00
2008.03.07 09:13:58.053,1.6502,1.65055,0.40,4.00
2008.03.07 09:13:58.331,1.6502,1.65055,0.40,4.00
2008.03.07 09:13:58.610,1.6501,1.6505,0.60,0.40
2008.03.07 09:13:58.888,1.6501,1.65045,0.60,4.00
2008.03.07 09:13:59.166,1.6502,1.65045,0.40,4.00
2008.03.07 09:13:59.474,1.6502,1.65055,0.40,4.00
2008.03.07 09:13:59.782,1.6502,1.65055,0.40,4.00
2008.03.07 09:14:00.092,1.6502,1.65055,0.40,4.00
2008.03.07 09:14:00.367,1.6502,1.65055,0.40,4.00
2008.03.07 09:14:00.618,1.65025,1.65055,0.20,4.00
2008.03.07 09:14:00.868,1.6503,1.65055,0.40,4.00
2008.03.07 09:14:01.116,1.65035,1.6506,0.20,4.00
2008.03.07 09:14:01.449,1.65035,1.6507,0.20,4.00
2008.03.07 09:14:01.784,1.6504,1.6507,0.40,4.00
2008.03.07 09:14:02.118,1.6504,1.6507,0.40,4.00
2008.03.07 09:14:02.346,1.6504,1.6507,0.40,4.00
2008.03.07 09:14:02.604,1.6504,1.6507,0.40,4.00
2008.03.07 09:14:02.833,1.6504,1.6507,0.40,4.00
2008.03.07 09:14:03.061,1.6504,1.6507,0.40,4.00
2008.03.07 09:14:03.288,1.6504,1.6507,0.40,4.00
2008.03.07 09:14:03.611,1.6504,1.6507,0.40,4.00
2008.03.07 09:14:03.935,1.6505,1.6507,0.40,4.00
2008.03.07 09:14:04.258,1.6505,1.65085,0.40,4.00
2008.03.07 09:14:04.511,1.6505,1.65085,0.60,4.00
2008.03.07 09:14:04.764,1.6505,1.6509,0.60,4.00
2008.03.07 09:14:05.027,1.6505,1.6509,0.60,4.00
2008.03.07 09:14:05.309,1.65055,1.65095,0.20,4.00
2008.03.07 09:14:05.630,1.6506,1.65095,0.40,4.00
2008.03.07 09:14:05.952,1.6506,1.65095,0.40,4.00
2008.03.07 09:14:06.215,1.6506,1.65095,0.40,4.00
2008.03.07 09:14:06.503,1.65065,1.65095,0.20,4.00
2008.03.07 09:14:06.792,1.6507,1.65105,0.40,4.00
2008.03.07 09:14:07.079,1.6507,1.65105,0.40,4.30
2008.03.07 09:14:07.406,1.6506,1.65105,0.20,4.30
2008.03.07 09:14:07.632,1.6507,1.65095,0.20,4.00
2008.03.07 09:14:07.910,1.6507,1.65095,0.60,4.00
2008.03.07 09:14:08.188,1.6507,1.6511,0.60,4.00
2008.03.07 09:14:08.405,1.6507,1.6511,0.60,4.00
2008.03.07 09:14:08.708,1.6507,1.65105,0.40,4.00
2008.03.07 09:14:09.011,1.6507,1.65105,0.60,4.00
2008.03.07 09:14:09.314,1.6507,1.6511,0.60,4.00
2008.03.07 09:14:09.607,1.6507,1.6511,0.60,4.00
2008.03.07 09:14:09.901,1.6507,1.6511,0.60,4.00
2008.03.07 09:14:10.194,1.6507,1.65105,0.40,4.00
2008.03.07 09:14:10.457,1.6507,1.65105,0.40,4.00
2008.03.07 09:14:10.721,1.6507,1.65105,0.40,4.00
2008.03.07 09:14:10.988,1.6508,1.65115,0.40,4.00
2008.03.07 09:14:11.251,1.6508,1.6511,0.40,0.40
2008.03.07 09:14:11.518,1.6507,1.65115,0.60,4.30
2008.03.07 09:14:11.804,1.6507,1.6511,0.60,4.00
2008.03.07 09:14:12.093,1.6508,1.6511,0.40,4.00
2008.03.07 09:14:12.360,1.6508,1.65115,0.60,4.00
2008.03.07 09:14:12.663,1.6509,1.65115,0.20,4.00
2008.03.07 09:14:12.970,1.6509,1.65115,0.20,4.00
2008.03.07 09:14:13.276,1.6509,1.65125,0.40,4.30
2008.03.07 09:14:13.521,1.6509,1.65115,0.40,4.00
2008.03.07 09:14:13.765,1.6509,1.6511,0.40,8.00
2008.03.07 09:14:14.008,1.6508,1.6511,0.40,4.00
2008.03.07 09:14:14.251,1.65075,1.6511,0.20,4.00
2008.03.07 09:14:14.495,1.6508,1.6511,0.20,4.00
2008.03.07 09:14:14.830,1.65075,1.6511,0.20,4.00
2008.03.07 09:14:15.163,1.65075,1.65115,0.20,4.00
2008.03.07 09:14:15.527,1.6507,1.6511,0.60,4.30
2008.03.07 09:14:15.768,1.6507,1.651,0.60,4.00
2008.03.07 09:14:16.037,1.6508,1.651,0.20,4.00
2008.03.07 09:14:16.307,1.6508,1.6511,0.20,8.00
2008.03.07 09:14:16.573,1.6508,1.6511,0.20,4.00
2008.03.07 09:14:16.861,1.65075,1.6511,0.20,4.00
2008.03.07 09:14:17.149,1.65065,1.6511,0.20,4.30
2008.03.07 09:14:17.460,1.65065,1.6511,0.20,4.30
2008.03.07 09:14:17.738,1.65065,1.65105,0.20,4.00
2008.03.07 09:14:18.018,1.6507,1.65105,0.20,4.00
2008.03.07 09:14:18.297,1.6507,1.65105,0.20,4.00
2008.03.07 09:14:18.575,1.6506,1.651,0.40,0.40
2008.03.07 09:14:18.863,1.6506,1.65095,0.40,4.00
2008.03.07 09:14:19.151,1.65045,1.65085,0.50,0.40
2008.03.07 09:14:19.439,1.65045,1.65085,0.50,0.40
2008.03.07 09:14:19.697,1.65045,1.6508,0.50,4.00
2008.03.07 09:14:19.955,1.65045,1.6508,0.50,4.00
2008.03.07 09:14:20.214,1.65045,1.65075,0.50,0.40
2008.03.07 09:14:20.471,1.6504,1.65075,0.40,4.30
2008.03.07 09:14:20.730,1.6503,1.65075,2.10,4.30
2008.03.07 09:14:21.049,1.6505,1.65075,0.20,4.00
2008.03.07 09:14:21.368,1.6505,1.6509,0.60,4.30
2008.03.07 09:14:21.686,1.6506,1.65095,0.40,4.00
2008.03.07 09:14:21.936,1.6506,1.65095,0.40,4.00
2008.03.07 09:14:22.173,1.6506,1.65095,0.40,4.00
2008.03.07 09:14:22.411,1.6506,1.65095,0.40,4.00
2008.03.07 09:14:22.649,1.6506,1.65095,0.40,4.00
2008.03.07 09:14:22.947,1.6506,1.65095,0.40,4.00
2008.03.07 09:14:23.245,1.6506,1.65095,0.40,4.00
2008.03.07 09:14:23.543,1.6506,1.65095,0.40,4.00
2008.03.07 09:14:23.800,1.6506,1.65095,0.40,4.00
2008.03.07 09:14:24.060,1.6506,1.65095,0.40,4.00
2008.03.07 09:14:24.318,1.6506,1.65095,0.40,4.00
2008.03.07 09:14:24.574,1.6506,1.65095,0.40,4.00
2008.03.07 09:14:24.866,1.6506,1.65095,0.40,4.00
2008.03.07 09:14:25.159,1.6506,1.65095,0.40,4.00
2008.03.07 09:14:25.453,1.6506,1.65095,0.40,4.00
2008.03.07 09:14:25.746,1.6506,1.65095,0.40,4.00
2008.03.07 09:14:26.068,1.6506,1.65095,0.40,4.00
2008.03.07 09:14:26.401,1.6506,1.65095,0.40,4.00
2008.03.07 09:14:26.729,1.65045,1.6509,4.60,0.40
2008.03.07 09:14:27.007,1.65045,1.65085,0.20,4.00
2008.03.07 09:14:27.283,1.65045,1.65085,0.20,4.00
2008.03.07 09:14:27.502,1.65045,1.65085,0.20,4.00
2008.03.07 09:14:27.750,1.6504,1.6508,0.60,4.00
2008.03.07 09:14:28.073,1.6504,1.6508,0.60,4.00
2008.03.07 09:14:28.395,1.6504,1.6508,0.60,4.00
2008.03.07 09:14:28.719,1.6504,1.6508,0.60,4.00
2008.03.07 09:14:28.962,1.6505,1.6508,0.20,4.00
2008.03.07 09:14:29.207,1.6505,1.6508,0.20,4.00
2008.03.07 09:14:29.475,1.6505,1.6509,0.20,4.00
2008.03.07 09:14:29.748,1.6505,1.6509,0.60,4.00
2008.03.07 09:14:30.031,1.6505,1.6509,0.60,4.00
2008.03.07 09:14:30.326,1.6505,1.6509,0.60,4.30
2008.03.07 09:14:30.595,1.6505,1.6509,0.60,4.30
2008.03.07 09:14:30.864,1.6505,1.6509,0.60,4.30
2008.03.07 09:14:31.193,1.6505,1.6509,0.40,4.30
2008.03.07 09:14:31.522,1.6505,1.6509,0.40,4.30
2008.03.07 09:14:31.880,1.6505,1.6509,0.40,4.30
2008.03.07 09:14:32.142,1.6505,1.6509,0.40,4.30
2008.03.07 09:14:32.374,1.6505,1.6509,0.40,4.30
2008.03.07 09:14:32.607,1.6505,1.6509,0.40,4.30
2008.03.07 09:14:32.840,1.6505,1.6509,0.40,4.30
2008.03.07 09:14:33.149,1.6505,1.6509,0.40,4.30
2008.03.07 09:14:33.457,1.6505,1.6509,0.40,4.30
2008.03.07 09:14:33.765,1.65065,1.65095,0.20,4.00
2008.03.07 09:14:34.072,1.6506,1.65105,0.60,4.30
2008.03.07 09:14:34.321,1.6506,1.651,4.30,4.30
2008.03.07 09:14:34.570,1.6506,1.651,0.40,8.30
2008.03.07 09:14:34.818,1.6507,1.651,0.60,4.00
2008.03.07 09:14:35.066,1.6507,1.651,0.40,4.00
2008.03.07 09:14:35.365,1.6507,1.65105,0.40,0.40
2008.03.07 09:14:35.663,1.6506,1.65095,0.40,0.40
2008.03.07 09:14:35.960,1.6505,1.65095,2.10,4.30
2008.03.07 09:14:36.239,1.6505,1.65095,0.60,4.30
2008.03.07 09:14:36.518,1.6505,1.65095,0.60,4.30
2008.03.07 09:14:36.827,1.6506,1.651,0.60,4.00
2008.03.07 09:14:37.107,1.6507,1.651,0.20,4.00
2008.03.07 09:14:37.385,1.6507,1.65105,0.60,4.00
2008.03.07 09:14:37.662,1.6507,1.65115,0.60,4.30
2008.03.07 09:14:37.941,1.6507,1.65115,0.60,4.30
2008.03.07 09:14:38.204,1.65075,1.6512,0.20,4.30
2008.03.07 09:14:38.467,1.6507,1.65115,7.30,0.40
2008.03.07 09:14:38.729,1.6507,1.65115,2.90,4.30
2008.03.07 09:14:38.992,1.6507,1.65115,0.60,4.30
2008.03.07 09:14:39.305,1.6507,1.65115,0.60,4.30
2008.03.07 09:14:39.619,1.6507,1.65105,0.60,4.00
2008.03.07 09:14:39.931,1.6507,1.65105,0.60,4.00
2008.03.07 09:14:40.246,1.6507,1.65105,0.60,4.00
2008.03.07 09:14:40.500,1.6507,1.65105,0.60,4.00
2008.03.07 09:14:40.779,1.6507,1.6511,0.40,0.40
2008.03.07 09:14:41.056,1.6507,1.6511,0.40,4.30
2008.03.07 09:14:41.390,1.6507,1.651,0.40,4.00
2008.03.07 09:14:41.712,1.6506,1.651,0.60,4.30
2008.03.07 09:14:42.031,1.6506,1.65095,0.60,4.00
2008.03.07 09:14:42.298,1.6507,1.651,0.40,0.40
2008.03.07 09:14:42.567,1.6507,1.651,0.40,0.40
2008.03.07 09:14:42.834,1.6506,1.651,0.60,0.40
2008.03.07 09:14:43.098,1.6506,1.651,0.60,0.40
2008.03.07 09:14:43.419,1.6506,1.651,0.60,0.40
2008.03.07 09:14:43.735,1.6506,1.651,0.60,0.40
2008.03.07 09:14:44.052,1.6506,1.651,0.60,0.40
2008.03.07 09:14:44.291,1.6506,1.651,0.60,0.40
2008.03.07 09:14:44.557,1.6506,1.651,0.60,0.40
2008.03.07 09:14:44.766,1.6506,1.651,0.60,0.40
2008.03.07 09:14:45.004,1.6506,1.651,0.60,0.40
2008.03.07 09:14:45.242,1.6506,1.651,0.60,0.40
2008.03.07 09:14:45.565,1.6506,1.651,0.60,0.40
2008.03.07 09:14:45.888,1.6506,1.651,0.60,0.40
2008.03.07 09:14:46.211,1.6506,1.651,0.60,0.40
2008.03.07 09:14:46.489,1.6506,1.651,0.60,0.40
2008.03.07 09:14:46.767,1.6506,1.651,0.60,0.40
2008.03.07 09:14:47.045,1.6506,1.651,0.60,0.40
2008.03.07 09:14:47.323,1.6506,1.651,0.60,0.40
2008.03.07 09:14:47.611,1.6506,1.651,0.40,0.40
2008.03.07 09:14:47.899,1.6506,1.651,0.40,0.40
2008.03.07 09:14:48.188,1.6506,1.651,0.40,0.40
2008.03.07 09:14:48.480,1.6506,1.651,0.40,0.40
2008.03.07 09:14:48.769,1.6506,1.651,0.40,0.40
2008.03.07 09:14:49.061,1.6506,1.651,0.40,0.40
2008.03.07 09:14:49.358,1.6506,1.651,0.40,0.40
2008.03.07 09:14:49.653,1.6506,1.651,0.40,0.40
2008.03.07 09:14:49.951,1.6506,1.651,0.40,0.40
2008.03.07 09:14:50.249,1.6506,1.651,0.40,0.40
2008.03.07 09:14:50.497,1.6506,1.651,0.40,0.40
2008.03.07 09:14:50.745,1.6506,1.651,0.40,0.40
2008.03.07 09:14:50.994,1.6506,1.651,0.40,0.40
2008.03.07 09:14:51.243,1.6506,1.651,0.60,0.40
2008.03.07 09:14:51.577,1.6507,1.65105,0.60,4.00
2008.03.07 09:14:51.909,1.6507,1.65115,0.60,4.30
2008.03.07 09:14:52.242,1.6507,1.65115,0.60,4.30
2008.03.07 09:14:52.575,1.6507,1.65115,0.60,4.30
2008.03.07 09:14:52.812,1.6507,1.65115,0.60,4.30
2008.03.07 09:14:53.050,1.6507,1.65115,0.60,4.30
2008.03.07 09:14:53.288,1.6507,1.65115,0.60,4.30
2008.03.07 09:14:53.526,1.6507,1.65115,0.60,4.30
2008.03.07 09:14:53.844,1.6507,1.65115,0.60,4.30
2008.03.07 09:14:54.171,1.6507,1.65115,0.60,4.30
2008.03.07 09:14:54.519,1.6507,1.65115,0.60,4.30
2008.03.07 09:14:54.721,1.6507,1.65115,0.60,4.30
2008.03.07 09:14:54.954,1.6507,1.65115,0.60,4.30
2008.03.07 09:14:55.188,1.6507,1.65115,0.60,4.30
2008.03.07 09:14:55.430,1.6507,1.65115,0.60,4.30
2008.03.07 09:14:55.784,1.6507,1.65115,0.60,4.30
2008.03.07 09:14:56.108,1.6508,1.65115,0.40,4.00
2008.03.07 09:14:56.400,1.6508,1.6512,0.60,4.00
2008.03.07 09:14:56.643,1.6508,1.6512,0.60,4.00
2008.03.07 09:14:56.887,1.6509,1.65125,0.40,4.30
2008.03.07 09:14:57.131,1.6509,1.65125,0.40,4.30
2008.03.07 09:14:57.376,1.6509,1.65125,0.40,4.30
2008.03.07 09:14:57.672,1.6509,1.65125,0.40,4.30
2008.03.07 09:14:57.953,1.6509,1.65125,0.40,4.30
2008.03.07 09:14:58.234,1.6509,1.65125,0.40,4.30
2008.03.07 09:14:58.517,1.6509,1.65125,0.40,4.30
2008.03.07 09:14:58.810,1.6509,1.65125,0.40,4.30
2008.03.07 09:14:59.103,1.6509,1.65125,0.40,4.30
2008.03.07 09:14:59.396,1.6509,1.65125,0.40,4.30
2008.03.07 09:14:59.690,1.6509,1.65125,0.40,4.30
2008.03.07 09:14:59.939,1.6509,1.65125,0.40,4.30
2008.03.07 09:15:00.186,1.65095,1.65125,0.20,4.00
2008.03.07 09:15:00.434,1.651,1.65125,0.40,4.00
2008.03.07 09:15:00.769,1.651,1.65135,0.40,4.30
2008.03.07 09:15:01.102,1.651,1.65135,0.40,4.30
2008.03.07 09:15:01.435,1.651,1.65135,0.40,4.30
2008.03.07 09:15:01.673,1.651,1.65135,0.40,4.30
2008.03.07 09:15:01.911,1.651,1.65135,0.40,4.30
2008.03.07 09:15:02.149,1.651,1.65135,0.40,4.30
2008.03.07 09:15:02.387,1.651,1.65135,0.40,4.30
2008.03.07 09:15:02.625,1.651,1.6513,0.40,0.40
2008.03.07 09:15:02.938,1.651,1.6513,0.40,0.40
2008.03.07 09:15:03.251,1.651,1.6513,0.40,0.40
2008.03.07 09:15:03.565,1.651,1.6513,0.40,0.40
2008.03.07 09:15:03.829,1.651,1.6513,0.40,0.40
2008.03.07 09:15:04.080,1.651,1.6513,0.40,0.40
2008.03.07 09:15:04.334,1.651,1.6513,0.40,0.40
2008.03.07 09:15:04.587,1.651,1.6513,0.40,0.40
2008.03.07 09:15:04.891,1.651,1.6513,0.40,0.40
2008.03.07 09:15:05.194,1.651,1.6513,0.40,0.40
2008.03.07 09:15:05.496,1.651,1.6513,0.40,0.40
2008.03.07 09:15:05.799,1.651,1.6513,0.40,0.40
2008.03.07 09:15:06.104,1.651,1.6513,0.40,0.40
2008.03.07 09:15:06.437,1.651,1.6513,0.40,0.40
2008.03.07 09:15:06.738,1.651,1.6513,0.40,0.40
2008.03.07 09:15:06.999,1.651,1.6513,0.40,0.40
2008.03.07 09:15:07.263,1.651,1.6513,0.40,0.40
2008.03.07 09:15:07.526,1.651,1.6513,0.40,0.40
2008.03.07 09:15:07.789,1.651,1.6513,0.40,0.40
2008.03.07 09:15:08.062,1.651,1.6513,0.40,0.40
2008.03.07 09:15:08.336,1.651,1.6513,0.40,0.40
2008.03.07 09:15:08.609,1.651,1.6513,0.40,0.40
2008.03.07 09:15:08.884,1.651,1.6513,0.40,0.40
2008.03.07 09:15:09.180,1.6509,1.65125,0.40,0.40
2008.03.07 09:15:09.448,1.6509,1.65125,0.40,0.40
2008.03.07 09:15:09.716,1.6509,1.6512,0.40,0.40
2008.03.07 09:15:10.003,1.6509,1.6512,0.40,0.40
2008.03.07 09:15:10.291,1.6509,1.6512,0.40,0.40
2008.03.07 09:15:10.578,1.6509,1.6512,0.40,0.40
2008.03.07 09:15:10.865,1.6509,1.6512,0.40,0.40
2008.03.07 09:15:11.168,1.6509,1.6512,0.40,0.40
2008.03.07 09:15:11.472,1.6509,1.6511,0.40,0.40
2008.03.07 09:15:11.776,1.6507,1.6511,0.40,0.40
2008.03.07 09:15:12.036,1.6507,1.6511,0.40,0.40
2008.03.07 09:15:12.294,1.6507,1.65115,0.60,4.30
2008.03.07 09:15:12.553,1.6508,1.65115,0.40,4.30
2008.03.07 09:15:12.810,1.6508,1.65115,0.40,0.40
2008.03.07 09:15:13.093,1.6508,1.6511,0.40,0.40
2008.03.07 09:15:13.376,1.6509,1.65115,0.40,4.00
2008.03.07 09:15:13.660,1.6509,1.65115,0.40,4.00
2008.03.07 09:15:13.942,1.6509,1.6512,0.40,0.40
2008.03.07 09:15:14.236,1.6509,1.6512,0.40,0.40
2008.03.07 09:15:14.529,1.6509,1.6512,0.40,0.40
2008.03.07 09:15:14.841,1.6509,1.6512,0.40,0.40
2008.03.07 09:15:15.126,1.6509,1.6512,0.40,0.40
2008.03.07 09:15:15.378,1.6509,1.6512,0.40,0.40
2008.03.07 09:15:15.631,1.6509,1.6512,0.40,0.40
2008.03.07 09:15:15.883,1.6509,1.6512,0.40,0.40
2008.03.07 09:15:16.207,1.6509,1.6512,0.40,0.40
2008.03.07 09:15:16.530,1.6509,1.6512,0.40,0.40
2008.03.07 09:15:16.867,1.6509,1.6512,0.40,0.40
2008.03.07 09:15:17.109,1.6509,1.6512,0.40,0.40
2008.03.07 09:15:17.351,1.6509,1.6512,0.40,0.40
2008.03.07 09:15:17.594,1.6509,1.6512,0.40,0.40
2008.03.07 09:15:17.854,1.6509,1.6512,0.40,0.40
2008.03.07 09:15:18.179,1.6509,1.6512,0.40,0.40
2008.03.07 09:15:18.500,1.6509,1.6512,0.40,0.40
2008.03.07 09:15:18.792,1.6509,1.6512,0.40,0.40
2008.03.07 09:15:19.085,1.6509,1.6512,0.40,0.40
2008.03.07 09:15:19.373,1.65075,1.65115,4.00,0.40
2008.03.07 09:15:19.662,1.6507,1.6511,4.30,0.40
2008.03.07 09:15:19.951,1.6507,1.6511,0.40,0.40
2008.03.07 09:15:20.203,1.6507,1.6511,0.40,0.40
2008.03.07 09:15:20.467,1.6507,1.6511,0.40,0.40
2008.03.07 09:15:20.749,1.6507,1.6511,0.40,0.40
2008.03.07 09:15:21.002,1.6507,1.6511,0.40,0.40
2008.03.07 09:15:21.319,1.6507,1.6511,0.40,0.40
2008.03.07 09:15:21.637,1.6507,1.6511,0.60,0.40
2008.03.07 09:15:21.956,1.6507,1.6511,0.60,0.40
2008.03.07 09:15:22.209,1.6507,1.6511,0.60,0.40
2008.03.07 09:15:22.462,1.6507,1.6511,0.60,0.40
2008.03.07 09:15:22.725,1.6507,1.6511,0.60,0.40
2008.03.07 09:15:23.014,1.6507,1.6511,0.60,0.40
2008.03.07 09:15:23.271,1.6507,1.6511,0.60,0.40
2008.03.07 09:15:23.564,1.6507,1.6511,0.60,0.40
2008.03.07 09:15:23.857,1.6507,1.6511,0.60,0.40
2008.03.07 09:15:24.150,1.65075,1.65115,0.20,4.00
2008.03.07 09:15:24.394,1.6509,1.6512,0.40,4.30
2008.03.07 09:15:24.637,1.6509,1.6512,0.40,4.30
2008.03.07 09:15:24.881,1.6509,1.6512,0.40,4.00
2008.03.07 09:15:25.124,1.6509,1.65125,0.40,4.30
2008.03.07 09:15:25.432,1.6509,1.65125,0.40,4.30
2008.03.07 09:15:25.739,1.6509,1.65125,0.40,4.30
2008.03.07 09:15:26.048,1.65095,1.65125,0.20,4.00
2008.03.07 09:15:26.336,1.65095,1.6513,0.20,4.00
2008.03.07 09:15:26.625,1.6509,1.6513,4.30,0.40
2008.03.07 09:15:26.913,1.6509,1.6513,4.30,0.40
2008.03.07 09:15:27.202,1.6509,1.6513,0.40,4.30
2008.03.07 09:15:27.490,1.6509,1.6513,0.40,4.30
2008.03.07 09:15:27.779,1.6509,1.65125,0.60,4.00
2008.03.07 09:15:28.068,1.651,1.65135,0.40,4.30
2008.03.07 09:15:28.311,1.651,1.65135,0.40,4.30
2008.03.07 09:15:28.555,1.651,1.65135,0.40,4.30
2008.03.07 09:15:28.813,1.651,1.65135,0.40,4.30
2008.03.07 09:15:29.089,1.651,1.65135,0.40,4.30
2008.03.07 09:15:29.435,1.651,1.65135,0.40,4.30
2008.03.07 09:15:29.782,1.651,1.65135,0.40,4.30
2008.03.07 09:15:30.128,1.651,1.65135,0.40,4.30
2008.03.07 09:15:30.375,1.651,1.65135,0.40,4.30
2008.03.07 09:15:30.623,1.651,1.65135,0.40,4.30
2008.03.07 09:15:30.882,1.651,1.6513,0.40,0.40
2008.03.07 09:15:31.151,1.651,1.65125,0.40,0.40
2008.03.07 09:15:31.473,1.651,1.65125,0.40,0.40
2008.03.07 09:15:31.796,1.6509,1.65125,0.40,4.30
2008.03.07 09:15:32.119,1.6509,1.65125,0.40,4.30
2008.03.07 09:15:32.443,1.6509,1.65125,0.40,4.30
2008.03.07 09:15:32.666,1.6509,1.65125,0.40,4.30
2008.03.07 09:15:32.889,1.6509,1.65125,0.40,4.30
2008.03.07 09:15:33.112,1.6509,1.65125,0.40,4.30
2008.03.07 09:15:33.336,1.6508,1.6512,0.40,0.40
2008.03.07 09:15:33.668,1.6508,1.6512,0.40,4.30
2008.03.07 09:15:34.001,1.6508,1.6512,0.40,4.30
2008.03.07 09:15:34.334,1.6508,1.6512,0.40,4.30
2008.03.07 09:15:34.579,1.6508,1.6511,0.40,0.40
2008.03.07 09:15:34.849,1.651,1.65115,0.40,4.00
2008.03.07 09:15:35.058,1.651,1.65135,0.40,4.00
2008.03.07 09:15:35.327,1.651,1.65115,0.40,0.40
2008.03.07 09:15:35.640,1.65095,1.65115,4.00,0.40
2008.03.07 09:15:35.982,1.6509,1.65125,0.40,4.00
2008.03.07 09:15:36.323,1.6509,1.65115,0.40,0.40
2008.03.07 09:15:36.578,1.6508,1.65115,4.30,0.40
2008.03.07 09:15:36.861,1.6508,1.65115,0.40,0.40
2008.03.07 09:15:37.144,1.6508,1.65115,0.40,0.40
2008.03.07 09:15:37.427,1.6508,1.65115,0.40,0.40
2008.03.07 09:15:37.669,1.6508,1.65115,0.40,0.40
2008.03.07 09:15:37.912,1.6508,1.65115,0.40,0.40
2008.03.07 09:15:38.156,1.6508,1.65115,0.40,0.40
2008.03.07 09:15:38.400,1.6508,1.6511,0.40,0.40
2008.03.07 09:15:38.719,1.6508,1.65115,0.40,4.00
2008.03.07 09:15:39.042,1.6508,1.65115,0.40,0.40
2008.03.07 09:15:39.401,1.6508,1.65115,0.40,0.40
2008.03.07 09:15:39.672,1.65075,1.6511,4.00,0.40
2008.03.07 09:15:39.941,1.6507,1.65115,8.50,0.40
2008.03.07 09:15:40.216,1.6508,1.65115,0.40,0.40
2008.03.07 09:15:40.478,1.6508,1.65115,0.40,4.30
2008.03.07 09:15:40.790,1.6508,1.65115,0.40,0.40
2008.03.07 09:15:41.129,1.6508,1.65115,0.40,0.40
2008.03.07 09:15:41.472,1.6508,1.65115,0.40,0.40
2008.03.07 09:15:41.690,1.6508,1.65115,0.40,0.40
2008.03.07 09:15:41.938,1.6508,1.65115,0.40,0.40
2008.03.07 09:15:42.185,1.6508,1.6512,0.40,4.30
2008.03.07 09:15:42.433,1.6508,1.6512,0.40,4.30
2008.03.07 09:15:42.747,1.6508,1.6512,0.40,0.40
2008.03.07 09:15:43.061,1.6509,1.6512,0.40,0.40
2008.03.07 09:15:43.374,1.6508,1.6512,0.40,0.40
2008.03.07 09:15:43.632,1.6508,1.6512,0.40,0.40
2008.03.07 09:15:43.908,1.6508,1.6512,0.40,0.40
2008.03.07 09:15:44.128,1.6509,1.65125,0.40,4.00
2008.03.07 09:15:44.375,1.6509,1.6513,0.40,0.40
2008.03.07 09:15:44.623,1.6509,1.6513,0.40,0.40
2008.03.07 09:15:44.916,1.6509,1.6513,0.40,0.40
2008.03.07 09:15:45.208,1.6509,1.6513,0.40,0.40
2008.03.07 09:15:45.501,1.6509,1.6513,0.40,0.40
2008.03.07 09:15:45.786,1.6509,1.6513,0.40,0.40
2008.03.07 09:15:46.066,1.6509,1.6513,0.40,0.40
2008.03.07 09:15:46.344,1.6509,1.6513,0.40,0.40
2008.03.07 09:15:46.622,1.6509,1.6513,0.40,0.40
2008.03.07 09:15:46.904,1.6509,1.6513,0.40,0.40
2008.03.07 09:15:47.188,1.6509,1.6513,0.40,0.40
2008.03.07 09:15:47.470,1.6509,1.65135,0.60,4.30
2008.03.07 09:15:47.733,1.651,1.65135,0.60,4.00
2008.03.07 09:15:47.997,1.651,1.65145,4.50,0.40
2008.03.07 09:15:48.261,1.6511,1.6515,0.20,4.00
2008.03.07 09:15:48.525,1.6511,1.65155,4.20,0.40
2008.03.07 09:15:48.833,1.6512,1.65155,0.40,0.40
2008.03.07 09:15:49.141,1.6512,1.65155,0.40,0.40
2008.03.07 09:15:49.481,1.6512,1.65155,0.40,0.40
2008.03.07 09:15:49.760,1.6512,1.65155,0.40,0.40
2008.03.07 09:15:50.045,1.6512,1.65155,0.40,0.40
2008.03.07 09:15:50.312,1.6512,1.65155,0.40,0.40
2008.03.07 09:15:50.605,1.6512,1.65155,0.40,0.40
2008.03.07 09:15:50.961,1.6512,1.6515,0.40,0.40
2008.03.07 09:15:51.313,1.6511,1.6515,0.40,4.30
2008.03.07 09:15:51.640,1.6511,1.6515,0.40,4.30
2008.03.07 09:15:51.899,1.6511,1.6515,0.40,4.30
2008.03.07 09:15:52.156,1.6511,1.6515,0.40,4.30
2008.03.07 09:15:52.414,1.6511,1.6515,0.40,4.30
2008.03.07 09:15:52.672,1.6511,1.6515,0.40,4.30
2008.03.07 09:15:52.940,1.6511,1.6515,0.40,4.30
2008.03.07 09:15:53.207,1.6511,1.6515,0.40,4.30
2008.03.07 09:15:53.503,1.6511,1.6515,0.40,4.30
2008.03.07 09:15:53.770,1.6511,1.6515,0.40,4.30
2008.03.07 09:15:54.052,1.6511,1.6515,0.40,4.30
2008.03.07 09:15:54.336,1.6513,1.6515,0.40,4.00
2008.03.07 09:15:54.620,1.6513,1.6515,0.40,4.00
2008.03.07 09:15:54.909,1.6513,1.6515,0.40,4.00
2008.03.07 09:15:55.197,1.6513,1.65165,0.40,0.40
2008.03.07 09:15:55.485,1.6513,1.65165,0.40,0.40
2008.03.07 09:15:55.773,1.6513,1.65165,0.40,0.40
2008.03.07 09:15:56.061,1.6513,1.65165,0.40,0.40
2008.03.07 09:15:56.349,1.6513,1.65165,0.40,0.40
2008.03.07 09:15:56.637,1.6513,1.65165,0.40,0.40
2008.03.07 09:15:56.910,1.6513,1.65165,0.40,0.40
2008.03.07 09:15:57.186,1.6513,1.65165,0.40,0.40
2008.03.07 09:15:57.457,1.6513,1.65165,0.40,0.40
2008.03.07 09:15:57.727,1.6513,1.65165,0.40,0.40
2008.03.07 09:15:58.034,1.6513,1.65165,0.40,0.40
2008.03.07 09:15:58.354,1.6512,1.65165,4.50,0.40
2008.03.07 09:15:58.678,1.6512,1.6516,4.30,0.40
2008.03.07 09:15:58.951,1.6512,1.6516,0.40,0.40
2008.03.07 09:15:59.225,1.6512,1.65155,0.40,0.40
2008.03.07 09:15:59.498,1.6512,1.65155,0.40,0.40
2008.03.07 09:15:59.770,1.6512,1.65155,0.40,0.40
2008.03.07 09:16:00.069,1.6512,1.65155,0.40,0.40
2008.03.07 09:16:00.378,1.6512,1.65155,0.40,0.40
2008.03.07 09:16:00.625,1.6512,1.65155,0.40,0.40
2008.03.07 09:16:00.903,1.6512,1.65155,0.40,0.40
2008.03.07 09:16:01.201,1.6512,1.65155,0.40,0.40
2008.03.07 09:16:01.527,1.6512,1.65155,0.40,0.40
2008.03.07 09:16:01.852,1.6512,1.65155,0.40,0.40
2008.03.07 09:16:02.107,1.6512,1.65155,0.40,0.40
2008.03.07 09:16:02.390,1.6512,1.65155,0.40,0.40
2008.03.07 09:16:02.674,1.6512,1.65155,0.40,0.40
2008.03.07 09:16:02.956,1.6512,1.65155,0.40,0.40
2008.03.07 09:16:03.209,1.6512,1.65155,0.40,0.40
2008.03.07 09:16:03.461,1.6512,1.65155,0.40,0.40
2008.03.07 09:16:03.716,1.6512,1.65155,0.40,0.40
2008.03.07 09:16:04.014,1.6512,1.65155,0.40,0.40
2008.03.07 09:16:04.312,1.6512,1.65155,0.40,0.40
2008.03.07 09:16:04.610,1.6512,1.65155,0.40,0.40
2008.03.07 09:16:04.908,1.6512,1.65155,0.40,0.40
2008.03.07 09:16:05.161,1.6512,1.65155,0.40,0.40
2008.03.07 09:16:05.416,1.6512,1.65155,0.40,0.40
2008.03.07 09:16:05.669,1.6512,1.65155,0.40,0.40
2008.03.07 09:16:05.923,1.6511,1.65145,4.30,0.40
2008.03.07 09:16:06.256,1.6511,1.65145,0.40,0.40
2008.03.07 09:16:06.589,1.6511,1.65145,0.40,4.30
2008.03.07 09:16:06.923,1.6511,1.65145,0.40,4.30
2008.03.07 09:16:07.190,1.6511,1.65145,0.40,4.30
2008.03.07 09:16:07.427,1.6511,1.65145,0.40,4.30
2008.03.07 09:16:07.666,1.6511,1.65145,0.40,4.30
2008.03.07 09:16:07.903,1.6511,1.65145,0.40,4.30
2008.03.07 09:16:08.190,1.6511,1.65145,0.60,4.00
2008.03.07 09:16:08.480,1.6512,1.65155,0.40,4.30
2008.03.07 09:16:08.775,1.6512,1.65155,0.40,4.30
2008.03.07 09:16:09.091,1.6512,1.65155,0.40,4.30
2008.03.07 09:16:09.358,1.6512,1.65155,0.40,4.30
2008.03.07 09:16:09.626,1.6512,1.65155,0.40,4.30
2008.03.07 09:16:09.893,1.6512,1.65155,0.40,4.30
2008.03.07 09:16:10.151,1.6512,1.65155,0.40,4.30
2008.03.07 09:16:10.410,1.6512,1.65155,0.40,4.30
2008.03.07 09:16:10.668,1.6512,1.65155,0.40,4.00
2008.03.07 09:16:10.927,1.6512,1.65155,0.40,4.00
2008.03.07 09:16:11.251,1.6512,1.6516,0.40,4.30
2008.03.07 09:16:11.574,1.6512,1.6516,0.40,8.30
2008.03.07 09:16:11.898,1.6512,1.65155,0.60,4.00
2008.03.07 09:16:12.164,1.6512,1.65155,0.60,4.00
2008.03.07 09:16:12.436,1.65125,1.65165,0.20,4.00
2008.03.07 09:16:12.680,1.6513,1.6517,0.40,1.90
2008.03.07 09:16:12.923,1.6513,1.6517,0.40,0.40
2008.03.07 09:16:13.226,1.6513,1.6517,0.40,0.40
2008.03.07 09:16:13.530,1.65125,1.6517,4.20,5.90
2008.03.07 09:16:13.832,1.6512,1.65165,4.50,0.40
2008.03.07 09:16:14.135,1.6512,1.65165,4.50,0.40
2008.03.07 09:16:14.391,1.6512,1.65165,4.50,0.40
2008.03.07 09:16:14.639,1.6512,1.65165,4.50,0.40
2008.03.07 09:16:14.888,1.6512,1.65165,4.50,0.40
2008.03.07 09:16:15.172,1.6512,1.65165,4.50,0.40
2008.03.07 09:16:15.456,1.6512,1.6516,4.30,0.40
2008.03.07 09:16:15.738,1.6512,1.6516,0.40,0.40
2008.03.07 09:16:16.020,1.6512,1.6516,0.40,0.40
2008.03.07 09:16:16.340,1.6512,1.6516,0.40,0.40
2008.03.07 09:16:16.685,1.6512,1.6516,0.40,0.40
2008.03.07 09:16:17.032,1.6512,1.6516,0.40,0.40
2008.03.07 09:16:17.254,1.6512,1.6516,0.40,0.40
2008.03.07 09:16:17.477,1.6512,1.6516,0.40,0.40
2008.03.07 09:16:17.700,1.6512,1.6516,0.40,0.40
2008.03.07 09:16:17.923,1.6512,1.6516,0.40,0.40
2008.03.07 09:16:18.256,1.6512,1.6516,0.40,0.40
2008.03.07 09:16:18.599,1.6512,1.6516,0.40,0.40
2008.03.07 09:16:18.932,1.6512,1.6516,0.40,0.40
2008.03.07 09:16:19.149,1.6512,1.6516,0.40,0.40
2008.03.07 09:16:19.367,1.6512,1.6516,0.40,0.40
2008.03.07 09:16:19.584,1.6512,1.6516,0.40,0.40
2008.03.07 09:16:19.832,1.6512,1.6516,0.40,0.40
2008.03.07 09:16:20.084,1.6512,1.6516,0.40,0.40
2008.03.07 09:16:20.386,1.6512,1.6516,0.40,0.40
2008.03.07 09:16:20.719,1.6512,1.6516,0.40,0.40
2008.03.07 09:16:21.052,1.6512,1.6516,0.40,0.40
2008.03.07 09:16:21.314,1.6512,1.6516,0.40,0.40
2008.03.07 09:16:21.577,1.6512,1.6516,0.40,0.40
2008.03.07 09:16:21.840,1.6512,1.6516,0.40,0.40
2008.03.07 09:16:22.103,1.6512,1.6516,0.40,0.40
2008.03.07 09:16:22.413,1.6512,1.6516,0.40,0.40
2008.03.07 09:16:22.706,1.6512,1.6516,0.40,0.40
2008.03.07 09:16:22.999,1.6512,1.6516,0.40,0.40
2008.03.07 09:16:23.291,1.6512,1.6516,0.40,0.40
2008.03.07 09:16:23.548,1.6512,1.6516,0.40,0.40
2008.03.07 09:16:23.808,1.6512,1.6516,0.40,0.40
2008.03.07 09:16:24.066,1.6512,1.6516,0.40,0.40
2008.03.07 09:16:24.340,1.6512,1.6516,0.40,0.40
2008.03.07 09:16:24.612,1.6512,1.6516,0.40,0.40
2008.03.07 09:16:24.885,1.6512,1.6516,0.40,0.40
2008.03.07 09:16:25.158,1.6512,1.6516,0.40,0.40
2008.03.07 09:16:25.435,1.6512,1.6516,0.40,0.40
2008.03.07 09:16:25.723,1.6512,1.6516,0.40,0.40
2008.03.07 09:16:26.009,1.6512,1.6516,0.40,0.40
2008.03.07 09:16:26.286,1.6512,1.6516,0.40,0.40
2008.03.07 09:16:26.609,1.6512,1.6516,0.40,0.40
2008.03.07 09:16:26.934,1.6512,1.6516,0.40,0.40
2008.03.07 09:16:27.256,1.6512,1.6516,0.40,0.40
2008.03.07 09:16:27.494,1.6512,1.6516,0.40,0.40
2008.03.07 09:16:27.731,1.6512,1.6516,0.40,0.40
2008.03.07 09:16:27.969,1.6512,1.6516,0.40,0.40
2008.03.07 09:16:28.207,1.6512,1.6516,0.40,0.40
2008.03.07 09:16:28.522,1.6512,1.6516,0.40,0.40
2008.03.07 09:16:28.835,1.6512,1.6516,0.40,0.40
2008.03.07 09:16:29.147,1.6512,1.6516,0.40,0.40
2008.03.07 09:16:29.459,1.6512,1.6516,0.40,0.40
2008.03.07 09:16:29.718,1.6512,1.6516,0.40,0.40
2008.03.07 09:16:29.977,1.6512,1.6516,0.40,0.40
2008.03.07 09:16:30.234,1.6512,1.6516,0.40,0.40
2008.03.07 09:16:30.531,1.6512,1.6516,0.40,0.40
2008.03.07 09:16:30.829,1.6512,1.6516,0.40,0.40
2008.03.07 09:16:31.128,1.6512,1.6516,0.40,0.40
2008.03.07 09:16:31.426,1.6512,1.6516,0.40,0.40
2008.03.07 09:16:31.722,1.6512,1.6516,0.40,0.40
2008.03.07 09:16:32.012,1.6512,1.65155,0.40,0.40
2008.03.07 09:16:32.300,1.6512,1.65155,0.40,0.40
2008.03.07 09:16:32.547,1.6512,1.65155,0.40,0.40
2008.03.07 09:16:32.796,1.6512,1.6516,0.40,4.30
2008.03.07 09:16:33.043,1.6512,1.65155,0.40,0.40
2008.03.07 09:16:33.323,1.6512,1.65155,0.40,0.40
2008.03.07 09:16:33.570,1.6512,1.65155,0.40,0.40
2008.03.07 09:16:33.864,1.6511,1.6515,0.40,0.40
2008.03.07 09:16:34.156,1.6511,1.6515,0.40,0.40
2008.03.07 09:16:34.450,1.6514,1.65175,0.40,0.40
2008.03.07 09:16:34.734,1.6514,1.65175,0.40,0.40
2008.03.07 09:16:35.017,1.65135,1.65175,0.20,0.40
2008.03.07 09:16:35.299,1.65135,1.65175,0.20,0.40
2008.03.07 09:16:35.592,1.65135,1.65175,0.20,0.40
2008.03.07 09:16:35.836,1.65135,1.65175,0.20,0.40
2008.03.07 09:16:36.079,1.65135,1.65175,0.20,0.40
2008.03.07 09:16:36.322,1.6513,1.6517,4.30,0.40
2008.03.07 09:16:36.565,1.6513,1.6517,0.40,4.30
2008.03.07 09:16:36.894,1.65135,1.6517,0.20,4.00
2008.03.07 09:16:37.222,1.65135,1.65175,0.20,0.40
2008.03.07 09:16:37.550,1.65135,1.65175,0.20,0.40
2008.03.07 09:16:37.773,1.65135,1.65175,0.20,0.40
2008.03.07 09:16:37.995,1.65135,1.65175,0.20,0.40
2008.03.07 09:16:38.218,1.65135,1.65175,0.20,0.40
2008.03.07 09:16:38.464,1.65135,1.65175,0.20,0.40
2008.03.07 09:16:38.686,1.65135,1.65175,0.20,0.40
2008.03.07 09:16:39.009,1.65135,1.65175,0.20,0.40
2008.03.07 09:16:39.332,1.65135,1.65175,0.20,0.40
2008.03.07 09:16:39.655,1.65135,1.65175,0.20,0.40
2008.03.07 09:16:39.901,1.65135,1.65175,0.20,0.40
2008.03.07 09:16:40.139,1.65135,1.65175,0.20,0.40
2008.03.07 09:16:40.376,1.65135,1.65175,0.20,0.40
2008.03.07 09:16:40.615,1.65135,1.6517,0.20,4.00
2008.03.07 09:16:40.944,1.65125,1.6517,0.20,4.30
2008.03.07 09:16:41.272,1.6512,1.6516,0.60,0.40
2008.03.07 09:16:41.601,1.6512,1.6516,0.20,0.40
2008.03.07 09:16:41.838,1.6512,1.6516,0.20,0.40
2008.03.07 09:16:42.076,1.6512,1.6516,0.20,0.40
2008.03.07 09:16:42.318,1.65145,1.65165,0.20,4.00
2008.03.07 09:16:42.557,1.65145,1.6519,0.20,4.30
2008.03.07 09:16:42.825,1.65145,1.6519,0.20,4.30
2008.03.07 09:16:43.156,1.65145,1.6519,0.20,4.30
2008.03.07 09:16:43.488,1.65145,1.6519,0.20,4.30
2008.03.07 09:16:43.810,1.6514,1.65185,6.90,0.40
2008.03.07 09:16:44.088,1.6514,1.65185,2.90,4.30
2008.03.07 09:16:44.366,1.6514,1.65185,2.90,4.30
2008.03.07 09:16:44.644,1.6514,1.65185,2.90,4.30
2008.03.07 09:16:44.902,1.6514,1.65185,2.90,4.30
2008.03.07 09:16:45.160,1.6515,1.65185,0.40,4.30
2008.03.07 09:16:45.420,1.65155,1.65185,0.20,4.00
2008.03.07 09:16:45.683,1.6516,1.65195,0.40,0.40
2008.03.07 09:16:45.972,1.6515,1.65185,4.30,0.40
2008.03.07 09:16:46.284,1.6515,1.6518,0.40,0.40
2008.03.07 09:16:46.602,1.6515,1.6518,0.40,4.30
2008.03.07 09:16:46.924,1.6514,1.6518,2.70,4.30
2008.03.07 09:16:47.198,1.6514,1.65185,2.90,4.30
2008.03.07 09:16:47.473,1.6514,1.65185,2.90,4.30
2008.03.07 09:16:47.746,1.6515,1.65185,0.40,4.30
2008.03.07 09:16:48.033,1.6515,1.65185,0.40,4.30
2008.03.07 09:16:48.321,1.6515,1.65185,0.40,4.30
2008.03.07 09:16:48.610,1.6515,1.65185,0.40,4.30
2008.03.07 09:16:48.897,1.6515,1.65185,0.40,4.30
2008.03.07 09:16:49.146,1.6515,1.65185,0.40,4.30
2008.03.07 09:16:49.394,1.6515,1.65185,0.40,4.30
2008.03.07 09:16:49.642,1.6515,1.65185,0.40,4.30
2008.03.07 09:16:49.920,1.6515,1.65185,0.40,4.30
2008.03.07 09:16:50.259,1.6515,1.65185,0.40,4.30
2008.03.07 09:16:50.585,1.6515,1.65185,0.40,4.30
2008.03.07 09:16:50.895,1.6515,1.65185,0.40,4.30
2008.03.07 09:16:51.182,1.6515,1.65185,0.40,4.30
2008.03.07 09:16:51.470,1.6515,1.6519,0.40,4.30
2008.03.07 09:16:51.760,1.6515,1.65185,0.40,0.40
2008.03.07 09:16:52.007,1.6515,1.65185,0.40,4.30
2008.03.07 09:16:52.255,1.6515,1.65185,0.40,4.30
2008.03.07 09:16:52.504,1.6515,1.65175,0.40,0.40
2008.03.07 09:16:52.752,1.65155,1.65185,0.20,4.00
2008.03.07 09:16:53.046,1.6516,1.652,0.40,0.40
2008.03.07 09:16:53.339,1.65155,1.65195,4.00,0.40
2008.03.07 09:16:53.661,1.6515,1.65195,0.20,4.30
2008.03.07 09:16:53.982,1.6515,1.65195,0.20,4.30
2008.03.07 09:16:54.231,1.65155,1.65195,0.20,4.00
2008.03.07 09:16:54.510,1.65155,1.652,0.20,4.30
2008.03.07 09:16:54.787,1.65155,1.652,0.20,4.30
2008.03.07 09:16:55.065,1.65155,1.652,0.20,4.30
2008.03.07 09:16:55.323,1.65155,1.652,0.20,4.30
2008.03.07 09:16:55.582,1.6515,1.65195,4.20,0.40
2008.03.07 09:16:55.840,1.65155,1.652,0.20,4.30
2008.03.07 09:16:56.173,1.65155,1.652,0.20,4.30
2008.03.07 09:16:56.507,1.65165,1.65195,0.20,4.00
2008.03.07 09:16:56.865,1.65165,1.65195,0.20,4.00
2008.03.07 09:16:57.107,1.65165,1.65205,0.20,0.40
2008.03.07 09:16:57.350,1.6517,1.6521,0.20,5.90
2008.03.07 09:16:57.593,1.6517,1.6521,0.60,1.90
2008.03.07 09:16:57.837,1.6517,1.6521,0.60,1.90
2008.03.07 09:16:58.080,1.6517,1.6521,0.60,0.40
2008.03.07 09:16:58.399,1.6517,1.6521,0.60,0.40
2008.03.07 09:16:58.716,1.6517,1.6521,0.60,0.40
2008.03.07 09:16:59.039,1.6517,1.6521,0.60,0.40
2008.03.07 09:16:59.306,1.6517,1.6521,0.60,0.40
2008.03.07 09:16:59.539,1.6517,1.6521,0.60,0.40
2008.03.07 09:16:59.771,1.6517,1.6521,0.60,0.40
2008.03.07 09:17:00.005,1.6517,1.6521,0.60,0.40
2008.03.07 09:17:00.292,1.6517,1.6521,0.60,0.40
2008.03.07 09:17:00.580,1.6517,1.6521,0.60,0.40
2008.03.07 09:17:00.869,1.6517,1.65205,0.40,0.40
2008.03.07 09:17:01.183,1.6517,1.65205,0.40,4.30
2008.03.07 09:17:01.486,1.6517,1.65205,0.40,4.30
2008.03.07 09:17:01.796,1.6517,1.65205,0.40,4.30
2008.03.07 09:17:02.121,1.6517,1.65205,0.40,4.30
2008.03.07 09:17:02.387,1.6517,1.65205,0.40,4.30
2008.03.07 09:17:02.655,1.6517,1.65205,0.40,4.30
2008.03.07 09:17:02.923,1.6517,1.65205,0.40,4.30
2008.03.07 09:17:03.196,1.6517,1.65205,0.60,4.00
2008.03.07 09:17:03.469,1.6518,1.65205,0.40,4.00
2008.03.07 09:17:03.743,1.6518,1.65215,0.40,0.40
2008.03.07 09:17:04.017,1.6518,1.6522,0.60,5.60
2008.03.07 09:17:04.285,1.6518,1.6522,4.50,1.60
2008.03.07 09:17:04.555,1.6519,1.6522,0.40,1.60
2008.03.07 09:17:04.841,1.6519,1.6523,0.40,5.90
2008.03.07 09:17:05.112,1.6519,1.6523,0.60,5.60
2008.03.07 09:17:05.406,1.6519,1.6523,0.60,1.60
2008.03.07 09:17:05.700,1.6519,1.6523,4.50,1.60
2008.03.07 09:17:05.994,1.6519,1.6523,4.30,1.90
2008.03.07 09:17:06.258,1.6519,1.6523,0.40,1.90
2008.03.07 09:17:06.524,1.6519,1.6522,0.40,0.40
2008.03.07 09:17:06.824,1.6519,1.65215,0.40,0.40
2008.03.07 09:17:07.116,1.6518,1.65215,0.40,0.40
2008.03.07 09:17:07.394,1.6518,1.65215,0.40,0.40
2008.03.07 09:17:07.702,1.6518,1.65215,0.40,0.40
2008.03.07 09:17:08.010,1.6518,1.65215,0.40,0.40
2008.03.07 09:17:08.254,1.6518,1.65215,0.40,0.40
2008.03.07 09:17:08.498,1.6518,1.6521,0.40,0.40
2008.03.07 09:17:08.742,1.6517,1.6521,0.40,0.40
2008.03.07 09:17:08.984,1.6517,1.6521,0.40,0.40
2008.03.07 09:17:09.228,1.6517,1.6521,0.40,0.40
2008.03.07 09:17:09.556,1.6517,1.6521,2.70,0.40
2008.03.07 09:17:09.886,1.65175,1.65215,0.20,4.30
2008.03.07 09:17:10.215,1.6518,1.65215,0.40,0.40
2008.03.07 09:17:10.487,1.6518,1.65215,0.40,0.40
2008.03.07 09:17:10.728,1.6518,1.65215,0.40,0.40
2008.03.07 09:17:10.973,1.6518,1.65215,0.40,0.40
2008.03.07 09:17:11.214,1.6518,1.65215,0.40,0.40
2008.03.07 09:17:11.527,1.6518,1.65215,0.40,0.40
2008.03.07 09:17:11.839,1.6518,1.65215,0.40,0.40
2008.03.07 09:17:12.153,1.6518,1.65215,0.40,0.40
2008.03.07 09:17:12.394,1.6518,1.65215,0.40,0.40
2008.03.07 09:17:12.632,1.6518,1.65215,0.40,0.40
2008.03.07 09:17:12.869,1.6518,1.65215,0.40,0.40
2008.03.07 09:17:13.107,1.6518,1.65215,0.40,0.40
2008.03.07 09:17:13.410,1.6518,1.65215,0.40,0.40
2008.03.07 09:17:13.713,1.6518,1.65215,0.40,0.40
2008.03.07 09:17:14.028,1.6518,1.65215,0.40,0.40
2008.03.07 09:17:14.293,1.6518,1.65215,0.40,0.40
2008.03.07 09:17:14.557,1.6518,1.65215,0.40,0.40
2008.03.07 09:17:14.820,1.6518,1.65215,0.40,0.40
2008.03.07 09:17:15.082,1.6518,1.65215,0.40,0.40
2008.03.07 09:17:15.354,1.6518,1.65215,0.40,0.40
2008.03.07 09:17:15.628,1.6518,1.65215,0.40,0.40
2008.03.07 09:17:15.931,1.6518,1.65215,0.40,0.40
2008.03.07 09:17:16.233,1.6518,1.65215,0.40,0.40
2008.03.07 09:17:16.510,1.6518,1.65215,0.40,0.40
2008.03.07 09:17:16.817,1.6518,1.65215,0.40,0.40
2008.03.07 09:17:17.125,1.6518,1.65215,0.40,0.40
2008.03.07 09:17:17.433,1.6518,1.65215,0.40,0.40
2008.03.07 09:17:17.686,1.6518,1.65215,0.40,0.40
2008.03.07 09:17:17.965,1.6518,1.65215,0.40,0.40
2008.03.07 09:17:18.219,1.6518,1.65215,0.40,0.40
2008.03.07 09:17:18.472,1.6518,1.65215,0.40,0.40
2008.03.07 09:17:18.755,1.6518,1.65215,0.40,0.40
2008.03.07 09:17:19.038,1.6518,1.65215,0.40,0.40
2008.03.07 09:17:19.321,1.6518,1.65215,0.40,0.40
2008.03.07 09:17:19.604,1.6518,1.6522,0.60,4.30
2008.03.07 09:17:19.888,1.6518,1.6522,0.60,0.40
2008.03.07 09:17:20.197,1.6518,1.6522,0.60,0.40
2008.03.07 09:17:20.479,1.6518,1.6522,0.60,0.40
2008.03.07 09:17:20.742,1.6518,1.6522,0.60,0.40
2008.03.07 09:17:21.005,1.6517,1.65215,0.60,4.30
2008.03.07 09:17:21.269,1.6517,1.65215,0.60,4.30
2008.03.07 09:17:21.533,1.6517,1.65215,0.60,4.30
2008.03.07 09:17:21.851,1.6517,1.6521,0.40,0.40
2008.03.07 09:17:22.168,1.6517,1.6521,0.40,0.40
2008.03.07 09:17:22.487,1.6517,1.6521,0.40,4.30
2008.03.07 09:17:22.757,1.6517,1.6521,0.40,4.30
2008.03.07 09:17:23.036,1.6517,1.6521,0.40,4.30
2008.03.07 09:17:23.284,1.6517,1.6521,0.40,4.30
2008.03.07 09:17:23.532,1.6517,1.6521,0.40,4.30
2008.03.07 09:17:23.826,1.6517,1.6521,0.40,4.30
2008.03.07 09:17:24.119,1.6517,1.6521,0.40,4.30
2008.03.07 09:17:24.412,1.6516,1.652,4.00,0.40
2008.03.07 09:17:24.671,1.65155,1.652,0.20,4.30
2008.03.07 09:17:24.930,1.6515,1.6519,4.00,0.40
2008.03.07 09:17:25.188,1.65145,1.6519,4.20,0.40
2008.03.07 09:17:25.446,1.65145,1.6519,4.20,0.40
2008.03.07 09:17:25.714,1.65145,1.6519,4.20,0.40
2008.03.07 09:17:26.004,1.65165,1.652,0.20,1.60
2008.03.07 09:17:26.273,1.65165,1.6521,0.20,5.90
2008.03.07 09:17:26.541,1.6517,1.6521,0.40,5.90
2008.03.07 09:17:26.850,1.6517,1.6521,0.40,5.90
2008.03.07 09:17:27.157,1.6517,1.6521,0.40,5.90
2008.03.07 09:17:27.467,1.6517,1.6521,0.40,5.90
2008.03.07 09:17:27.730,1.6517,1.6521,0.40,5.90
2008.03.07 09:17:28.006,1.6517,1.6521,0.40,5.90
2008.03.07 09:17:28.269,1.6517,1.6521,0.40,5.90
2008.03.07 09:17:28.531,1.6517,1.6521,0.40,5.90
2008.03.07 09:17:28.820,1.6517,1.6521,0.60,4.00
2008.03.07 09:17:29.109,1.6517,1.65215,0.60,4.30
2008.03.07 09:17:29.398,1.6517,1.65215,0.60,4.30
2008.03.07 09:17:29.686,1.6517,1.65215,0.60,4.30
2008.03.07 09:17:29.955,1.6517,1.65215,0.60,4.30
2008.03.07 09:17:30.222,1.6517,1.65215,0.60,4.30
2008.03.07 09:17:30.499,1.6517,1.65215,0.60,4.30
2008.03.07 09:17:30.759,1.6517,1.65215,0.60,4.30
2008.03.07 09:17:31.017,1.6517,1.65215,0.60,4.30
2008.03.07 09:17:31.274,1.6517,1.65215,0.60,4.30
2008.03.07 09:17:31.532,1.6517,1.65215,0.60,4.30
2008.03.07 09:17:31.866,1.6517,1.65215,0.60,4.30
2008.03.07 09:17:32.229,1.6517,1.65215,0.60,4.30
2008.03.07 09:17:32.562,1.6517,1.65215,0.60,4.30
2008.03.07 09:17:32.790,1.6517,1.65215,0.60,4.30
2008.03.07 09:17:33.018,1.6517,1.65215,0.60,4.30
2008.03.07 09:17:33.246,1.6518,1.6522,0.40,9.90
2008.03.07 09:17:33.474,1.6518,1.6522,0.40,9.90
2008.03.07 09:17:33.702,1.6518,1.6522,0.40,9.90
2008.03.07 09:17:34.044,1.65165,1.6521,0.20,5.90
2008.03.07 09:17:34.408,1.6516,1.652,4.30,0.40
2008.03.07 09:17:34.742,1.6516,1.6519,4.00,0.40
2008.03.07 09:17:35.006,1.6516,1.6519,4.00,0.40
2008.03.07 09:17:35.264,1.65145,1.6519,4.20,0.40
2008.03.07 09:17:35.496,1.65145,1.6519,4.20,0.40
2008.03.07 09:17:35.729,1.65145,1.6519,4.20,0.40
2008.03.07 09:17:36.032,1.65145,1.6519,4.20,0.40
2008.03.07 09:17:36.336,1.65145,1.6519,4.20,0.40
2008.03.07 09:17:36.639,1.65145,1.6519,4.20,0.40
2008.03.07 09:17:36.932,1.65145,1.6519,4.20,0.40
2008.03.07 09:17:37.225,1.65145,1.6519,4.20,0.40
2008.03.07 09:17:37.517,1.65145,1.6519,4.20,0.40
2008.03.07 09:17:37.810,1.65145,1.6519,4.20,0.40
2008.03.07 09:17:38.058,1.65145,1.6519,4.20,0.40
2008.03.07 09:17:38.306,1.65145,1.6519,4.20,0.40
2008.03.07 09:17:38.583,1.65145,1.6519,4.20,0.40
2008.03.07 09:17:38.831,1.65145,1.6519,4.20,0.40
2008.03.07 09:17:39.123,1.65145,1.6519,4.20,0.40
2008.03.07 09:17:39.417,1.65145,1.6518,4.00,0.40
2008.03.07 09:17:39.710,1.6514,1.6518,0.40,0.40
2008.03.07 09:17:39.973,1.6514,1.6518,0.40,0.40
2008.03.07 09:17:40.230,1.6514,1.6518,0.40,0.40
2008.03.07 09:17:40.489,1.6514,1.6518,0.40,0.40
2008.03.07 09:17:40.747,1.6514,1.6518,0.40,0.40
2008.03.07 09:17:41.045,1.6514,1.6518,0.40,0.40
2008.03.07 09:17:41.352,1.6514,1.6518,0.40,0.40
2008.03.07 09:17:41.681,1.6514,1.6518,0.40,0.40
2008.03.07 09:17:41.960,1.6514,1.6518,0.40,0.40
2008.03.07 09:17:42.237,1.6514,1.6518,0.40,0.40
2008.03.07 09:17:42.516,1.6514,1.65175,0.40,4.30
2008.03.07 09:17:42.794,1.6514,1.65175,0.40,4.30
2008.03.07 09:17:43.058,1.65135,1.6518,4.20,0.40
2008.03.07 09:17:43.344,1.65135,1.6518,4.20,0.40
2008.03.07 09:17:43.606,1.6514,1.6518,0.40,0.40
2008.03.07 09:17:43.868,1.6514,1.6518,0.40,0.40
2008.03.07 09:17:44.166,1.6514,1.6518,0.40,0.40
2008.03.07 09:17:44.463,1.6514,1.6518,0.40,0.40
2008.03.07 09:17:44.761,1.6514,1.6518,0.40,0.40
2008.03.07 09:17:45.059,1.6514,1.6518,0.40,0.40
2008.03.07 09:17:45.343,1.6514,1.6518,0.40,0.40
2008.03.07 09:17:45.639,1.6514,1.6518,0.40,0.40
2008.03.07 09:17:45.907,1.6514,1.6518,0.40,0.40
2008.03.07 09:17:46.205,1.6514,1.6518,0.40,0.40
2008.03.07 09:17:46.503,1.6514,1.6518,0.40,0.40
2008.03.07 09:17:46.800,1.6514,1.6518,0.40,0.40
2008.03.07 09:17:47.098,1.6514,1.6518,0.40,0.40
2008.03.07 09:17:47.382,1.6514,1.6518,0.40,0.40
2008.03.07 09:17:47.696,1.6514,1.6518,0.40,0.40
2008.03.07 09:17:48.003,1.6516,1.652,0.40,4.30
2008.03.07 09:17:48.297,1.6516,1.652,0.40,4.30
2008.03.07 09:17:48.588,1.6516,1.652,0.40,4.30
2008.03.07 09:17:48.821,1.6516,1.652,0.40,4.30
2008.03.07 09:17:49.083,1.6516,1.652,0.40,4.30
2008.03.07 09:17:49.377,1.6516,1.652,0.40,4.30
2008.03.07 09:17:49.670,1.6516,1.652,0.40,4.30
2008.03.07 09:17:49.964,1.6516,1.652,0.40,4.30
2008.03.07 09:17:50.235,1.6516,1.652,0.40,4.30
2008.03.07 09:17:50.508,1.6516,1.652,0.40,4.30
2008.03.07 09:17:50.780,1.6516,1.652,0.40,4.30
2008.03.07 09:17:51.054,1.6515,1.6519,0.40,0.40
2008.03.07 09:17:51.363,1.6515,1.6518,0.40,0.40
2008.03.07 09:17:51.672,1.65145,1.6518,4.00,0.40
2008.03.07 09:17:51.981,1.6514,1.6518,0.40,0.40
2008.03.07 09:17:52.253,1.6514,1.6518,0.40,0.40
2008.03.07 09:17:52.526,1.6514,1.6518,0.40,0.40
2008.03.07 09:17:52.800,1.65145,1.65185,0.20,4.00
2008.03.07 09:17:53.088,1.65145,1.6519,4.20,0.40
2008.03.07 09:17:53.379,1.65145,1.6519,4.20,0.40
2008.03.07 09:17:53.611,1.6515,1.6519,0.40,0.40
2008.03.07 09:17:53.874,1.6515,1.6519,0.40,0.40
2008.03.07 09:17:54.137,1.6515,1.6519,0.40,0.40
2008.03.07 09:17:54.447,1.6515,1.6519,0.40,0.40
2008.03.07 09:17:54.755,1.6515,1.6519,0.40,0.40
2008.03.07 09:17:55.063,1.6515,1.6519,0.40,0.40
2008.03.07 09:17:55.311,1.6515,1.6519,0.40,0.40
2008.03.07 09:17:55.587,1.6515,1.6519,0.40,0.40
2008.03.07 09:17:55.835,1.6515,1.6519,0.40,0.40
2008.03.07 09:17:56.083,1.6515,1.6519,0.40,0.40
2008.03.07 09:17:56.410,1.6515,1.6519,0.40,0.40
2008.03.07 09:17:56.738,1.6515,1.6519,0.40,0.40
2008.03.07 09:17:57.066,1.6515,1.6519,0.40,0.40
2008.03.07 09:17:57.306,1.6515,1.6519,0.40,0.40
2008.03.07 09:17:57.575,1.65155,1.65195,0.20,4.00
2008.03.07 09:17:57.814,1.6516,1.652,0.20,4.00
2008.03.07 09:17:58.053,1.6516,1.652,0.20,4.00
2008.03.07 09:17:58.370,1.65165,1.6521,0.20,5.90
2008.03.07 09:17:58.688,1.65165,1.6521,0.20,5.90
2008.03.07 09:17:59.006,1.6516,1.652,0.40,4.30
2008.03.07 09:17:59.337,1.6516,1.65195,0.40,0.40
2008.03.07 09:17:59.640,1.6515,1.65195,0.60,4.30
2008.03.07 09:17:59.937,1.6515,1.65195,0.60,4.30
2008.03.07 09:18:00.175,1.6515,1.65195,0.60,4.30
2008.03.07 09:18:00.432,1.6515,1.65195,0.60,4.30
2008.03.07 09:18:00.690,1.6515,1.65195,0.60,4.30
2008.03.07 09:18:00.949,1.6515,1.6519,0.60,4.00
2008.03.07 09:18:01.207,1.6515,1.6519,0.60,4.00
2008.03.07 09:18:01.506,1.6515,1.6518,0.40,0.40
2008.03.07 09:18:01.803,1.6514,1.6518,0.40,0.40
2008.03.07 09:18:02.101,1.6514,1.6518,0.40,0.40
2008.03.07 09:18:02.384,1.6514,1.6518,0.40,0.40
2008.03.07 09:18:02.668,1.6516,1.65185,0.20,4.00
2008.03.07 09:18:02.952,1.6516,1.65195,2.40,0.40
2008.03.07 09:18:03.236,1.6516,1.652,0.40,0.40
2008.03.07 09:18:03.504,1.6516,1.652,0.40,4.30
2008.03.07 09:18:03.772,1.6516,1.652,0.40,4.30
2008.03.07 09:18:04.040,1.6516,1.652,0.60,4.00
2008.03.07 09:18:04.308,1.6516,1.65205,4.50,0.40
2008.03.07 09:18:04.606,1.6516,1.65205,4.50,0.40
2008.03.07 09:18:04.929,1.6516,1.65205,4.50,0.40
2008.03.07 09:18:05.259,1.6516,1.65205,4.50,0.40
2008.03.07 09:18:05.547,1.6517,1.65215,0.20,4.30
2008.03.07 09:18:05.828,1.6517,1.65215,0.20,4.30
2008.03.07 09:18:06.052,1.6518,1.6521,0.40,4.00
2008.03.07 09:18:06.305,1.6518,1.6521,0.40,4.30
2008.03.07 09:18:06.627,1.6517,1.6521,0.40,4.30
2008.03.07 09:18:06.949,1.6517,1.6521,0.40,4.30
2008.03.07 09:18:07.272,1.6517,1.6521,0.40,4.30
2008.03.07 09:18:07.521,1.6519,1.6523,0.40,5.90
2008.03.07 09:18:07.773,1.6519,1.6523,0.40,5.90
2008.03.07 09:18:08.020,1.6518,1.6522,4.30,0.40
2008.03.07 09:18:08.269,1.6518,1.6522,4.30,0.40
2008.03.07 09:18:08.567,1.6518,1.6522,0.40,4.30
2008.03.07 09:18:08.864,1.6518,1.6522,0.40,4.30
2008.03.07 09:18:09.163,1.6518,1.6522,0.40,4.30
2008.03.07 09:18:09.478,1.6518,1.6522,0.40,4.30
2008.03.07 09:18:09.789,1.6518,1.6522,0.40,4.30
2008.03.07 09:18:10.104,1.6518,1.6522,0.40,4.30
2008.03.07 09:18:10.355,1.6518,1.6522,0.40,4.30
2008.03.07 09:18:10.613,1.6518,1.6522,0.40,4.30
2008.03.07 09:18:10.871,1.6518,1.6522,0.40,4.30
2008.03.07 09:18:11.130,1.6518,1.6521,0.40,0.40
2008.03.07 09:18:11.389,1.6517,1.6521,0.40,4.30
2008.03.07 09:18:11.692,1.6517,1.6521,0.40,4.30
2008.03.07 09:18:11.995,1.6517,1.6521,0.40,4.30
2008.03.07 09:18:12.301,1.6517,1.6521,0.60,4.00
2008.03.07 09:18:12.592,1.6518,1.65215,0.40,4.30
2008.03.07 09:18:12.857,1.6517,1.6521,0.40,0.40
2008.03.07 09:18:13.108,1.6517,1.6521,0.40,4.30
2008.03.07 09:18:13.387,1.6517,1.6521,0.40,4.30
2008.03.07 09:18:13.691,1.6517,1.6521,0.40,4.30
2008.03.07 09:18:13.994,1.6517,1.6521,0.40,4.30
2008.03.07 09:18:14.297,1.6517,1.6521,0.40,4.30
2008.03.07 09:18:14.600,1.6517,1.6521,0.40,4.30
2008.03.07 09:18:14.853,1.6517,1.6521,0.40,4.30
2008.03.07 09:18:15.106,1.6517,1.6521,0.40,4.30
2008.03.07 09:18:15.359,1.6518,1.6521,0.40,4.00
2008.03.07 09:18:15.662,1.6518,1.6522,0.40,4.30
2008.03.07 09:18:15.966,1.6518,1.6522,0.40,4.30
2008.03.07 09:18:16.268,1.6518,1.6522,0.40,4.30
2008.03.07 09:18:16.571,1.6518,1.6522,0.40,4.30
2008.03.07 09:18:16.865,1.6517,1.65215,4.50,0.40
2008.03.07 09:18:17.158,1.6517,1.6521,0.40,0.40
2008.03.07 09:18:17.459,1.6517,1.6521,0.40,0.40
2008.03.07 09:18:17.775,1.6517,1.6521,0.40,4.30
2008.03.07 09:18:18.063,1.6517,1.6521,0.40,4.30
2008.03.07 09:18:18.290,1.6517,1.6521,0.60,4.00
2008.03.07 09:18:18.548,1.6517,1.65215,0.60,4.30
2008.03.07 09:18:18.852,1.6517,1.65215,0.60,4.30
2008.03.07 09:18:19.156,1.6518,1.6522,0.20,4.30
2008.03.07 09:18:19.460,1.6518,1.6522,0.20,4.30
2008.03.07 09:18:19.723,1.6518,1.6522,0.60,4.30
2008.03.07 09:18:19.985,1.6518,1.6522,0.60,4.30
2008.03.07 09:18:20.248,1.6518,1.6522,0.60,4.30
2008.03.07 09:18:20.511,1.6518,1.6522,0.60,4.30
2008.03.07 09:18:20.817,1.6518,1.6522,0.60,4.30
2008.03.07 09:18:21.103,1.6518,1.6522,0.60,4.30
2008.03.07 09:18:21.390,1.6518,1.6522,0.60,4.30
2008.03.07 09:18:21.677,1.6518,1.6522,0.60,4.30
2008.03.07 09:18:23.194,1.6518,1.6522,0.60,4.30
2008.03.07 09:18:23.257,1.6518,1.6522,0.60,4.30
2008.03.07 09:18:23.300,1.6518,1.6522,0.60,4.30
2008.03.07 09:18:23.343,1.6518,1.6522,0.60,4.30
2008.03.07 09:18:23.411,1.6518,1.6522,0.60,4.30
2008.03.07 09:18:23.454,1.6518,1.6522,0.60,4.30
2008.03.07 09:18:23.527,1.6518,1.6522,0.60,4.30
2008.03.07 09:18:23.570,1.6518,1.6522,0.60,4.30
2008.03.07 09:18:23.635,1.6518,1.6522,0.60,4.30
2008.03.07 09:18:23.677,1.6518,1.6522,0.60,4.30
2008.03.07 09:18:23.749,1.6518,1.6522,0.60,4.30
2008.03.07 09:18:23.791,1.6518,1.6522,0.60,4.30
2008.03.07 09:18:23.859,1.6518,1.6522,0.60,4.30
2008.03.07 09:18:23.900,1.6518,1.6522,0.60,4.30
2008.03.07 09:18:23.967,1.6518,1.6522,0.60,4.30
2008.03.07 09:18:24.010,1.6518,1.6522,0.60,4.30
2008.03.07 09:18:24.081,1.6518,1.6522,0.60,4.30
2008.03.07 09:18:24.124,1.6518,1.6522,0.60,4.30
2008.03.07 09:18:24.192,1.6518,1.6522,0.60,4.30
2008.03.07 09:18:24.234,1.6518,1.6522,0.60,4.30
2008.03.07 09:18:24.568,1.6518,1.6522,0.60,4.30
2008.03.07 09:18:24.931,1.6518,1.6522,0.60,4.30
2008.03.07 09:18:25.292,1.6518,1.6522,0.60,4.30
2008.03.07 09:18:25.528,1.6518,1.6522,0.60,4.30
2008.03.07 09:18:25.765,1.6518,1.6522,0.60,4.30
2008.03.07 09:18:26.004,1.6518,1.6522,0.60,4.30
2008.03.07 09:18:26.241,1.6518,1.6522,0.60,4.30
2008.03.07 09:18:26.479,1.6518,1.6522,0.60,4.30
2008.03.07 09:18:26.812,1.6518,1.6522,0.60,4.30
2008.03.07 09:18:27.146,1.65185,1.6522,0.20,4.00
2008.03.07 09:18:27.481,1.6518,1.65215,4.30,0.40
2008.03.07 09:18:27.724,1.6518,1.6521,0.40,4.00
2008.03.07 09:18:27.968,1.6517,1.6521,0.60,4.00
2008.03.07 09:18:28.214,1.6517,1.6521,0.60,4.00
2008.03.07 09:18:28.458,1.6517,1.6521,0.60,4.00
2008.03.07 09:18:28.785,1.6517,1.6521,0.60,4.00
2008.03.07 09:18:29.113,1.6518,1.6521,0.60,4.00
2008.03.07 09:18:29.442,1.6518,1.6522,0.40,4.30
2008.03.07 09:18:29.680,1.6518,1.65215,0.40,4.00
2008.03.07 09:18:29.917,1.6518,1.65215,0.40,4.00
2008.03.07 09:18:30.156,1.6518,1.65215,0.40,4.00
2008.03.07 09:18:30.394,1.6518,1.65215,0.40,4.00
2008.03.07 09:18:30.697,1.6518,1.6521,0.40,4.00
2008.03.07 09:18:31.000,1.6517,1.6521,2.10,4.00
2008.03.07 09:18:31.304,1.6517,1.6521,2.10,4.00
2008.03.07 09:18:31.607,1.65185,1.6521,0.20,4.00
2008.03.07 09:18:31.916,1.65185,1.6523,0.20,4.30
2008.03.07 09:18:32.225,1.65195,1.6523,0.20,4.00
2008.03.07 09:18:32.533,1.6519,1.6523,4.00,0.40
2008.03.07 09:18:32.793,1.652,1.6523,0.40,0.40
2008.03.07 09:18:33.047,1.6519,1.6523,0.40,4.30
2008.03.07 09:18:33.300,1.6519,1.6523,0.40,4.30
2008.03.07 09:18:33.546,1.6519,1.6523,0.40,4.30
2008.03.07 09:18:33.898,1.6519,1.6523,0.40,4.30
2008.03.07 09:18:34.249,1.6519,1.6523,0.40,4.30
2008.03.07 09:18:34.542,1.6519,1.6523,0.40,4.30
2008.03.07 09:18:34.781,1.6519,1.6523,0.60,4.00
2008.03.07 09:18:35.020,1.6519,1.65235,0.60,4.30
2008.03.07 09:18:35.259,1.6519,1.65235,0.60,4.30
2008.03.07 09:18:35.497,1.6519,1.65235,0.60,4.30
2008.03.07 09:18:35.735,1.6519,1.65235,0.60,4.30
2008.03.07 09:18:36.070,1.6519,1.65235,0.60,4.30
2008.03.07 09:18:36.403,1.6519,1.65235,0.60,4.30
2008.03.07 09:18:36.762,1.6519,1.65235,0.60,4.30
2008.03.07 09:18:37.059,1.6519,1.65235,0.60,4.30
2008.03.07 09:18:37.297,1.6519,1.65235,0.60,4.30
2008.03.07 09:18:37.564,1.6519,1.65235,0.60,4.30
2008.03.07 09:18:37.833,1.6519,1.65235,0.60,4.30
2008.03.07 09:18:38.081,1.6519,1.65235,0.60,4.30
2008.03.07 09:18:38.328,1.6519,1.65235,0.60,4.30
2008.03.07 09:18:38.578,1.65205,1.65235,0.20,4.00
2008.03.07 09:18:38.825,1.65205,1.6525,0.20,4.30
2008.03.07 09:18:39.145,1.6521,1.6525,0.20,4.00
2008.03.07 09:18:39.489,1.6521,1.6525,0.20,4.00
2008.03.07 09:18:39.807,1.65205,1.65245,0.20,4.00
2008.03.07 09:18:40.071,1.652,1.6524,0.40,0.40
2008.03.07 09:18:40.360,1.652,1.6524,0.40,4.30
2008.03.07 09:18:40.654,1.652,1.6524,0.40,4.30
2008.03.07 09:18:40.886,1.652,1.6524,0.40,4.30
2008.03.07 09:18:41.198,1.652,1.6524,0.40,4.30
2008.03.07 09:18:41.511,1.652,1.6524,0.40,4.30
2008.03.07 09:18:41.824,1.652,1.6524,0.40,4.30
2008.03.07 09:18:42.096,1.652,1.6524,0.40,4.30
2008.03.07 09:18:42.368,1.652,1.6524,0.40,4.30
2008.03.07 09:18:42.641,1.652,1.6524,0.40,4.30
2008.03.07 09:18:42.914,1.652,1.6524,0.40,4.30
2008.03.07 09:18:43.178,1.652,1.6524,0.40,4.30
2008.03.07 09:18:43.440,1.652,1.6524,0.40,4.30
2008.03.07 09:18:43.703,1.652,1.6524,0.40,4.30
2008.03.07 09:18:43.990,1.652,1.6524,0.40,4.30
2008.03.07 09:18:44.299,1.652,1.6524,0.40,4.30
2008.03.07 09:18:44.577,1.65205,1.6524,0.20,4.00
2008.03.07 09:18:44.856,1.65205,1.65245,0.20,4.00
2008.03.07 09:18:45.144,1.6521,1.65245,0.40,4.00
2008.03.07 09:18:45.431,1.6521,1.65245,0.40,4.00
2008.03.07 09:18:45.719,1.6521,1.65245,0.40,4.00
2008.03.07 09:18:46.007,1.6521,1.65245,0.40,4.00
2008.03.07 09:18:46.327,1.6521,1.65245,0.40,4.00
2008.03.07 09:18:46.630,1.6521,1.65245,0.40,4.00
2008.03.07 09:18:46.930,1.6521,1.65245,0.40,4.00
2008.03.07 09:18:47.173,1.6521,1.65245,0.40,4.00
2008.03.07 09:18:47.416,1.6521,1.65245,0.40,4.00
2008.03.07 09:18:47.658,1.6521,1.65245,0.40,4.00
2008.03.07 09:18:47.902,1.6521,1.65245,0.40,4.00
2008.03.07 09:18:48.189,1.6521,1.65245,0.40,4.00
2008.03.07 09:18:48.477,1.6521,1.65245,0.40,4.00
2008.03.07 09:18:48.765,1.6521,1.65245,0.40,4.00
2008.03.07 09:18:49.052,1.6521,1.65245,0.40,4.00
2008.03.07 09:18:49.335,1.6521,1.65245,0.40,4.00
2008.03.07 09:18:49.619,1.6521,1.65245,0.40,4.00
2008.03.07 09:18:49.901,1.6521,1.65245,0.40,4.00
2008.03.07 09:18:50.169,1.6521,1.65245,0.40,4.00
2008.03.07 09:18:50.436,1.6521,1.65245,0.40,4.00
2008.03.07 09:18:50.703,1.6521,1.65245,0.40,4.00
2008.03.07 09:18:51.002,1.6521,1.65245,0.40,4.00
2008.03.07 09:18:51.315,1.6521,1.65245,0.40,4.00
2008.03.07 09:18:51.627,1.6521,1.65245,0.40,4.00
2008.03.07 09:18:51.939,1.6521,1.65245,0.40,4.00
2008.03.07 09:18:52.177,1.6521,1.65245,0.40,4.00
2008.03.07 09:18:52.416,1.6521,1.65245,0.40,4.00
2008.03.07 09:18:52.655,1.6521,1.65245,0.40,4.00
2008.03.07 09:18:52.894,1.6521,1.65245,0.40,4.00
2008.03.07 09:18:53.187,1.6521,1.65245,0.40,4.00
2008.03.07 09:18:53.479,1.6521,1.65245,0.40,4.00
2008.03.07 09:18:53.773,1.6523,1.65265,0.40,4.30
2008.03.07 09:18:54.067,1.6523,1.65265,0.40,4.30
2008.03.07 09:18:54.340,1.65215,1.65255,4.00,0.40
2008.03.07 09:18:54.612,1.6521,1.65255,2.10,4.30
2008.03.07 09:18:54.885,1.65215,1.65255,0.20,4.00
2008.03.07 09:18:55.159,1.65215,1.65255,0.20,4.00
2008.03.07 09:18:55.453,1.6523,1.6526,0.40,4.30
2008.03.07 09:18:55.747,1.6523,1.6526,0.40,4.00
2008.03.07 09:18:56.040,1.6523,1.6526,0.40,4.00
2008.03.07 09:18:56.323,1.6523,1.65265,0.40,4.30
2008.03.07 09:18:56.627,1.6523,1.65265,0.40,4.30
2008.03.07 09:18:56.942,1.6523,1.65265,0.40,4.30
2008.03.07 09:18:57.254,1.6523,1.65265,0.40,4.30
2008.03.07 09:18:57.513,1.6523,1.65265,0.40,4.30
2008.03.07 09:18:57.802,1.6523,1.65265,0.40,4.30
2008.03.07 09:18:58.091,1.6523,1.65265,0.40,4.30
2008.03.07 09:18:58.343,1.6523,1.65265,0.40,4.30
2008.03.07 09:18:58.599,1.6523,1.65265,0.40,4.30
2008.03.07 09:18:58.855,1.6523,1.65265,0.40,4.00
2008.03.07 09:18:59.107,1.6523,1.6527,0.40,4.30
2008.03.07 09:18:59.389,1.6523,1.6527,0.40,4.30
2008.03.07 09:18:59.672,1.6523,1.6527,0.40,4.30
2008.03.07 09:18:59.955,1.6523,1.6527,0.40,4.30
2008.03.07 09:19:00.239,1.65255,1.6527,0.20,4.00
2008.03.07 09:19:00.514,1.6525,1.6529,0.40,0.40
2008.03.07 09:19:00.776,1.65245,1.6529,4.20,0.40
2008.03.07 09:19:01.040,1.65245,1.6529,0.20,4.30
2008.03.07 09:19:01.356,1.65245,1.6529,0.20,4.30
2008.03.07 09:19:01.683,1.6525,1.6529,0.20,4.00
2008.03.07 09:19:02.029,1.6525,1.6529,0.60,4.00
2008.03.07 09:19:02.350,1.6525,1.65295,0.60,4.30
2008.03.07 09:19:02.603,1.6525,1.65285,0.40,0.40
2008.03.07 09:19:02.857,1.6525,1.65285,0.40,0.40
2008.03.07 09:19:03.109,1.6525,1.65285,0.40,4.30
2008.03.07 09:19:03.392,1.6524,1.65285,0.60,4.30
2008.03.07 09:19:03.675,1.6524,1.65285,0.60,4.30
2008.03.07 09:19:05.553,1.6524,1.65285,0.20,4.30
2008.03.07 09:19:05.636,1.65225,1.6527,4.20,0.40
2008.03.07 09:19:05.754,1.65225,1.6527,4.20,1.90
2008.03.07 09:19:05.842,1.65225,1.65265,0.20,4.00
2008.03.07 09:19:05.930,1.65225,1.65265,0.20,4.00
2008.03.07 09:19:06.018,1.65215,1.6526,4.20,0.40
2008.03.07 09:19:06.106,1.65215,1.6526,4.20,0.40
2008.03.07 09:19:06.195,1.65215,1.65255,0.20,4.00
2008.03.07 09:19:06.285,1.65215,1.65255,0.20,4.00
2008.03.07 09:19:06.372,1.65215,1.65255,0.20,4.00
2008.03.07 09:19:06.460,1.65215,1.65255,0.20,4.00
2008.03.07 09:19:06.550,1.65215,1.65255,0.20,4.00
2008.03.07 09:19:06.912,1.65215,1.65255,0.20,4.00
2008.03.07 09:19:07.244,1.65215,1.65255,0.20,4.00
2008.03.07 09:19:07.577,1.6521,1.6525,0.40,0.40
2008.03.07 09:19:07.805,1.65205,1.65245,0.20,4.00
2008.03.07 09:19:08.035,1.65205,1.65245,0.20,4.00
2008.03.07 09:19:08.263,1.65205,1.65245,0.20,4.00
2008.03.07 09:19:08.491,1.65205,1.65245,0.20,4.00
2008.03.07 09:19:08.723,1.65205,1.65245,0.20,4.00
2008.03.07 09:19:09.034,1.65205,1.65245,0.20,4.00
2008.03.07 09:19:09.347,1.65205,1.65245,0.20,4.00
2008.03.07 09:19:09.660,1.65205,1.65245,0.20,4.00
2008.03.07 09:19:09.908,1.65205,1.65245,0.20,4.00
2008.03.07 09:19:10.175,1.65205,1.65245,0.20,4.00
2008.03.07 09:19:10.422,1.65205,1.65245,0.20,4.00
2008.03.07 09:19:10.670,1.65205,1.65245,0.20,4.00
2008.03.07 09:19:10.948,1.6522,1.65245,0.20,4.00
2008.03.07 09:19:11.226,1.6522,1.65245,0.20,4.00
2008.03.07 09:19:11.535,1.6522,1.65265,0.20,4.30
2008.03.07 09:19:11.813,1.6523,1.65265,0.40,4.30
2008.03.07 09:19:12.142,1.65235,1.65265,0.20,4.00
2008.03.07 09:19:12.469,1.65235,1.65275,0.20,4.30
2008.03.07 09:19:12.798,1.6524,1.65275,0.40,4.30
2008.03.07 09:19:13.011,1.6524,1.65275,0.40,4.30
2008.03.07 09:19:13.231,1.6524,1.65275,0.40,4.30
2008.03.07 09:19:13.443,1.6524,1.65275,0.40,4.30
2008.03.07 09:19:13.656,1.6524,1.65275,0.40,4.30
2008.03.07 09:19:13.868,1.6524,1.65275,0.40,4.30
2008.03.07 09:19:14.203,1.6524,1.65275,0.40,4.30
2008.03.07 09:19:14.536,1.6524,1.65275,0.40,4.30
2008.03.07 09:19:14.869,1.6524,1.65275,0.40,4.30
2008.03.07 09:19:15.098,1.6524,1.65275,0.40,4.30
2008.03.07 09:19:15.326,1.6524,1.65275,0.40,4.30
2008.03.07 09:19:15.584,1.6524,1.65275,0.40,4.30
2008.03.07 09:19:15.782,1.6524,1.65275,0.40,4.30
2008.03.07 09:19:16.090,1.6524,1.65275,0.40,4.30
2008.03.07 09:19:16.399,1.6524,1.65275,0.40,4.30
2008.03.07 09:19:16.708,1.6521,1.65255,6.90,4.30
2008.03.07 09:19:17.004,1.6521,1.65255,4.50,4.30
2008.03.07 09:19:17.293,1.6521,1.65255,4.50,4.30
2008.03.07 09:19:17.582,1.6521,1.65255,4.50,4.30
2008.03.07 09:19:17.869,1.6521,1.65255,4.50,4.30
2008.03.07 09:19:18.132,1.6521,1.65255,4.50,4.30
2008.03.07 09:19:18.395,1.6521,1.65255,4.50,4.30
2008.03.07 09:19:18.660,1.6521,1.65255,4.50,4.30
2008.03.07 09:19:18.923,1.6521,1.65255,4.50,4.30
2008.03.07 09:19:19.211,1.6521,1.65255,4.50,4.30
2008.03.07 09:19:19.499,1.6521,1.65255,0.60,4.30
2008.03.07 09:19:19.788,1.6521,1.65255,0.60,4.30
2008.03.07 09:19:20.067,1.6521,1.65255,0.60,4.30
2008.03.07 09:19:20.344,1.6521,1.65255,0.60,4.30
2008.03.07 09:19:22.035,1.6521,1.65245,0.40,0.40
2008.03.07 09:19:22.134,1.6521,1.65245,0.40,0.40
2008.03.07 09:19:22.261,1.6521,1.65245,0.40,0.40
2008.03.07 09:19:22.358,1.6521,1.65245,0.40,0.40
2008.03.07 09:19:22.456,1.6521,1.65245,0.40,0.40
2008.03.07 09:19:22.554,1.6521,1.65245,0.40,0.40
2008.03.07 09:19:22.653,1.6521,1.65245,0.40,0.40
2008.03.07 09:19:22.751,1.6521,1.65245,0.40,0.40
2008.03.07 09:19:22.849,1.6521,1.65245,0.40,0.40
2008.03.07 09:19:22.947,1.6521,1.65245,0.40,0.40
2008.03.07 09:19:23.045,1.6521,1.65245,0.40,0.40
2008.03.07 09:19:23.378,1.652,1.6524,4.50,0.40
2008.03.07 09:19:23.711,1.652,1.6524,0.60,0.40
2008.03.07 09:19:24.904,1.652,1.6524,0.60,4.30
2008.03.07 09:19:25.022,1.652,1.6524,0.60,4.30
2008.03.07 09:19:25.170,1.652,1.6524,0.60,4.30
2008.03.07 09:19:25.322,1.652,1.6524,0.60,4.30
2008.03.07 09:19:25.464,1.652,1.6524,0.60,4.30
2008.03.07 09:19:25.583,1.652,1.6524,0.60,0.40
2008.03.07 09:19:25.700,1.652,1.6524,0.60,0.40
2008.03.07 09:19:25.818,1.652,1.6524,0.60,0.40
2008.03.07 09:19:25.941,1.652,1.65225,0.40,0.40
2008.03.07 09:19:26.289,1.6519,1.65225,0.40,4.30
2008.03.07 09:19:26.625,1.6519,1.65225,0.40,4.30
2008.03.07 09:19:26.958,1.6519,1.65225,0.40,4.00
2008.03.07 09:19:27.227,1.6519,1.65225,0.40,4.00
2008.03.07 09:19:27.501,1.65205,1.65235,0.20,4.00
2008.03.07 09:19:27.773,1.6521,1.65235,0.40,4.00
2008.03.07 09:19:28.015,1.6521,1.65235,0.40,4.00
2008.03.07 09:19:28.327,1.6521,1.65235,0.40,4.00
2008.03.07 09:19:28.640,1.6521,1.65235,0.40,4.00
2008.03.07 09:19:28.952,1.6521,1.65235,0.40,4.00
2008.03.07 09:19:29.266,1.6521,1.65235,0.40,4.00
2008.03.07 09:19:29.499,1.6521,1.65235,0.40,4.30
2008.03.07 09:19:29.733,1.652,1.65235,0.40,4.30
2008.03.07 09:19:29.966,1.652,1.6523,0.40,0.40
2008.03.07 09:19:30.289,1.652,1.6523,0.40,0.40
2008.03.07 09:19:30.612,1.652,1.6523,0.40,0.40
2008.03.07 09:19:30.935,1.6519,1.6523,0.40,0.40
2008.03.07 09:19:31.257,1.6519,1.6523,0.40,0.40
2008.03.07 09:19:31.525,1.6519,1.6523,0.40,0.40
2008.03.07 09:19:31.793,1.6519,1.6523,0.40,0.40
2008.03.07 09:19:32.085,1.6519,1.6523,0.40,0.40
2008.03.07 09:19:32.368,1.6519,1.6523,0.40,0.40
2008.03.07 09:19:32.653,1.6519,1.6523,0.40,0.40
2008.03.07 09:19:32.936,1.6519,1.6523,0.40,0.40
2008.03.07 09:19:33.219,1.6522,1.6525,0.40,2.40
2008.03.07 09:19:33.498,1.6522,1.6526,0.40,4.30
2008.03.07 09:19:33.776,1.6522,1.6525,0.40,0.40
2008.03.07 09:19:34.055,1.6521,1.6525,0.60,0.40
2008.03.07 09:19:34.333,1.6521,1.6525,0.60,0.40
2008.03.07 09:19:34.615,1.6521,1.6525,0.60,0.40
2008.03.07 09:19:34.899,1.6522,1.65255,0.40,4.00
2008.03.07 09:19:35.182,1.6522,1.6526,0.40,4.30
2008.03.07 09:19:35.456,1.6522,1.6526,0.40,4.30
2008.03.07 09:19:35.762,1.6522,1.65255,0.40,4.00
2008.03.07 09:19:36.073,1.65215,1.65255,0.20,4.00
2008.03.07 09:19:36.313,1.65215,1.65255,0.20,4.00
2008.03.07 09:19:36.627,1.65215,1.65255,0.20,4.00
2008.03.07 09:19:36.940,1.65215,1.6526,0.20,4.30
2008.03.07 09:19:37.253,1.6522,1.6526,0.20,4.00
2008.03.07 09:19:37.486,1.6522,1.6526,0.20,4.00
2008.03.07 09:19:37.721,1.6523,1.6526,0.40,4.00
2008.03.07 09:19:37.986,1.6523,1.6526,0.40,4.00
2008.03.07 09:19:38.249,1.6523,1.65265,0.40,4.30
2008.03.07 09:19:38.575,1.6523,1.65265,0.40,4.30
2008.03.07 09:19:38.903,1.6523,1.65265,0.40,4.30
2008.03.07 09:19:39.230,1.6523,1.65265,0.40,4.00
2008.03.07 09:19:39.475,1.6523,1.6527,0.40,4.30
2008.03.07 09:19:39.718,1.6523,1.6527,0.40,4.30
2008.03.07 09:19:39.962,1.6523,1.6527,0.40,4.30
2008.03.07 09:19:40.205,1.6523,1.65265,0.40,0.40
2008.03.07 09:19:40.518,1.6523,1.65265,0.40,0.40
2008.03.07 09:19:40.831,1.6523,1.65265,0.40,4.30
2008.03.07 09:19:41.145,1.6523,1.65265,0.40,4.00
2008.03.07 09:19:41.414,1.6523,1.6527,0.40,4.30
2008.03.07 09:19:41.682,1.6523,1.6527,0.40,4.30
2008.03.07 09:19:41.949,1.6523,1.6527,0.40,4.30
2008.03.07 09:19:42.217,1.6523,1.6527,0.40,4.30
2008.03.07 09:19:42.500,1.6523,1.6527,0.40,4.30
2008.03.07 09:19:42.783,1.6523,1.6527,0.40,4.30
2008.03.07 09:19:43.094,1.6523,1.6527,0.40,4.30
2008.03.07 09:19:43.378,1.6523,1.6527,0.40,4.30
2008.03.07 09:19:43.680,1.6523,1.6527,0.40,4.30
2008.03.07 09:19:43.983,1.6523,1.6527,0.40,4.30
2008.03.07 09:19:44.287,1.6523,1.6527,0.40,4.30
2008.03.07 09:19:44.524,1.6523,1.6527,0.40,4.30
2008.03.07 09:19:44.762,1.6523,1.6527,0.40,4.30
2008.03.07 09:19:45.000,1.6523,1.6527,0.40,4.30
2008.03.07 09:19:45.269,1.6523,1.6527,0.40,4.30
2008.03.07 09:19:45.526,1.6523,1.6527,0.40,4.30
2008.03.07 09:19:45.814,1.6523,1.6527,0.40,4.30
2008.03.07 09:19:46.102,1.6525,1.6527,0.20,4.00
2008.03.07 09:19:46.391,1.6525,1.65295,0.60,4.30
2008.03.07 09:19:46.666,1.6525,1.65295,0.60,4.30
2008.03.07 09:19:46.938,1.6525,1.65295,0.60,4.30
2008.03.07 09:19:47.228,1.65255,1.653,0.20,9.90
2008.03.07 09:19:47.532,1.6526,1.653,0.40,9.90
2008.03.07 09:19:47.820,1.6526,1.653,0.40,9.90
2008.03.07 09:19:48.107,1.6526,1.653,0.40,9.90
2008.03.07 09:19:48.395,1.6526,1.653,0.40,5.90
2008.03.07 09:19:48.668,1.6526,1.653,0.40,5.90
2008.03.07 09:19:48.941,1.6526,1.653,0.40,9.90
2008.03.07 09:19:49.214,1.6526,1.653,0.40,9.90
2008.03.07 09:19:49.487,1.6526,1.65295,0.40,0.40
2008.03.07 09:19:49.788,1.6525,1.65295,0.60,4.30
2008.03.07 09:19:50.091,1.6525,1.65295,0.60,4.30
2008.03.07 09:19:50.335,1.6525,1.65295,0.60,4.30
2008.03.07 09:19:50.614,1.6525,1.65295,0.60,4.30
2008.03.07 09:19:50.893,1.6525,1.65295,0.60,4.30
2008.03.07 09:19:51.170,1.6525,1.65295,0.60,4.30
2008.03.07 09:19:51.474,1.6525,1.65295,0.60,4.30
2008.03.07 09:19:51.768,1.6525,1.65295,0.60,4.30
2008.03.07 09:19:52.061,1.6525,1.65295,0.60,4.30
2008.03.07 09:19:52.354,1.6525,1.65295,0.60,4.30
2008.03.07 09:19:52.646,1.6525,1.65295,0.60,4.30
2008.03.07 09:19:52.904,1.6525,1.65295,0.60,4.30
2008.03.07 09:19:53.161,1.6525,1.65295,0.60,4.30
2008.03.07 09:19:53.428,1.6525,1.65295,0.60,4.30
2008.03.07 09:19:53.705,1.6525,1.65295,0.60,4.30
2008.03.07 09:19:53.983,1.6525,1.65295,0.60,4.30
2008.03.07 09:19:54.262,1.6525,1.65295,0.60,4.30
2008.03.07 09:19:54.541,1.6525,1.65295,0.60,4.30
2008.03.07 09:19:54.815,1.6525,1.65295,0.60,4.30
2008.03.07 09:19:55.088,1.6525,1.65295,0.60,4.30
2008.03.07 09:19:55.392,1.6525,1.65295,0.60,4.30
2008.03.07 09:19:55.636,1.6525,1.65295,0.60,4.30
2008.03.07 09:19:55.909,1.6525,1.65295,0.60,4.30
2008.03.07 09:19:56.182,1.6525,1.65295,0.60,4.30
2008.03.07 09:19:56.457,1.6525,1.65295,0.60,4.30
2008.03.07 09:19:56.776,1.6525,1.65295,0.60,4.30
2008.03.07 09:19:57.069,1.6525,1.65295,0.60,4.30
2008.03.07 09:19:57.364,1.6525,1.65295,0.60,4.30
2008.03.07 09:19:57.658,1.6525,1.6529,0.40,0.40
2008.03.07 09:19:57.912,1.6525,1.6529,0.40,4.30
2008.03.07 09:19:58.167,1.6525,1.6529,0.40,4.30
2008.03.07 09:19:58.420,1.6525,1.6529,0.40,4.30
2008.03.07 09:19:58.672,1.6525,1.6529,0.40,4.30
2008.03.07 09:19:58.950,1.6525,1.6529,0.40,4.30
2008.03.07 09:19:59.228,1.6525,1.6529,0.40,4.30
2008.03.07 09:19:59.506,1.6525,1.6529,0.40,4.30
2008.03.07 09:19:59.788,1.6525,1.6529,0.40,4.30
2008.03.07 09:20:00.071,1.6525,1.6529,0.40,4.30
2008.03.07 09:20:00.354,1.6525,1.6529,0.60,4.00
2008.03.07 09:20:00.667,1.6525,1.6529,0.60,4.00
2008.03.07 09:20:00.925,1.6525,1.6529,0.60,4.00
2008.03.07 09:20:01.183,1.6525,1.65295,0.60,4.30
2008.03.07 09:20:01.441,1.6525,1.65295,0.60,4.30
2008.03.07 09:20:01.700,1.6526,1.65295,0.20,4.00
2008.03.07 09:20:02.024,1.6527,1.65295,0.20,4.00
2008.03.07 09:20:02.347,1.6527,1.65295,0.60,4.00
2008.03.07 09:20:02.671,1.6528,1.65295,0.20,4.00
2008.03.07 09:20:04.422,1.6528,1.65305,0.20,4.00
2008.03.07 09:20:04.515,1.6527,1.6531,4.50,0.80
2008.03.07 09:20:04.578,1.6527,1.6531,4.50,0.80
2008.03.07 09:20:04.642,1.6527,1.6531,4.50,0.80
2008.03.07 09:20:04.725,1.6527,1.6531,4.50,0.80
2008.03.07 09:20:04.788,1.6527,1.6531,4.50,0.80
2008.03.07 09:20:04.851,1.6527,1.6531,4.50,0.80
2008.03.07 09:20:04.944,1.6527,1.6531,4.50,0.80
2008.03.07 09:20:04.978,1.6527,1.6531,4.50,0.80
2008.03.07 09:20:05.068,1.6527,1.6531,4.50,0.80
2008.03.07 09:20:05.131,1.6527,1.6531,4.50,0.80
2008.03.07 09:20:05.193,1.6527,1.6531,4.50,0.80
2008.03.07 09:20:05.256,1.6527,1.6531,4.50,0.80
2008.03.07 09:20:05.321,1.6527,1.6531,4.50,0.80
2008.03.07 09:20:05.407,1.6527,1.6531,4.50,0.80
2008.03.07 09:20:05.469,1.6528,1.6531,0.20,0.80
2008.03.07 09:20:05.805,1.6528,1.65315,0.20,0.80
2008.03.07 09:20:06.139,1.6528,1.65315,0.20,0.80
2008.03.07 09:20:06.473,1.6528,1.65315,0.20,0.80
2008.03.07 09:20:06.751,1.6528,1.65315,0.20,0.80
2008.03.07 09:20:06.971,1.6528,1.65315,0.20,0.80
2008.03.07 09:20:07.220,1.6528,1.65315,0.20,0.80
2008.03.07 09:20:07.468,1.6528,1.65315,0.20,0.80
2008.03.07 09:20:07.762,1.6528,1.65315,0.20,0.80
2008.03.07 09:20:08.082,1.6528,1.65315,0.20,0.80
2008.03.07 09:20:08.375,1.6528,1.65315,0.20,0.80
2008.03.07 09:20:08.668,1.65285,1.65325,0.20,1.10
2008.03.07 09:20:08.932,1.65285,1.65325,0.20,1.10
2008.03.07 09:20:09.196,1.65285,1.65325,0.20,1.10
2008.03.07 09:20:09.460,1.65285,1.65325,0.20,1.10
2008.03.07 09:20:09.724,1.6529,1.65325,0.20,0.80
2008.03.07 09:20:10.003,1.6529,1.65325,0.20,0.80
2008.03.07 09:20:10.282,1.653,1.65335,0.40,5.10
2008.03.07 09:20:10.559,1.653,1.65335,0.40,5.10
2008.03.07 09:20:10.839,1.653,1.65335,0.40,5.10
2008.03.07 09:20:11.142,1.653,1.65335,0.40,5.10
2008.03.07 09:20:11.456,1.653,1.65335,0.40,5.10
2008.03.07 09:20:11.710,1.653,1.65335,0.40,5.10
2008.03.07 09:20:11.982,1.653,1.65335,0.40,5.10
2008.03.07 09:20:12.255,1.653,1.65325,0.40,0.40
2008.03.07 09:20:12.528,1.6529,1.65325,0.40,1.10
2008.03.07 09:20:12.800,1.6529,1.65325,0.40,1.10
2008.03.07 09:20:13.093,1.6529,1.65325,0.40,1.10
2008.03.07 09:20:13.416,1.6529,1.65325,0.40,1.10
2008.03.07 09:20:13.680,1.6529,1.65325,0.60,0.80
2008.03.07 09:20:13.972,1.653,1.6533,0.40,1.10
2008.03.07 09:20:14.215,1.653,1.6533,0.40,0.80
2008.03.07 09:20:14.457,1.653,1.6533,0.40,0.80
2008.03.07 09:20:14.700,1.653,1.6533,0.40,0.80
2008.03.07 09:20:14.943,1.653,1.6533,0.40,0.80
2008.03.07 09:20:15.246,1.653,1.6533,0.40,0.80
2008.03.07 09:20:15.549,1.653,1.6533,0.40,0.80
2008.03.07 09:20:15.851,1.653,1.6533,0.40,0.80
2008.03.07 09:20:16.139,1.653,1.6533,0.40,0.80
2008.03.07 09:20:16.427,1.653,1.65335,0.40,0.80
2008.03.07 09:20:16.716,1.653,1.65335,0.40,0.80
2008.03.07 09:20:17.005,1.653,1.65335,0.40,0.80
2008.03.07 09:20:17.300,1.653,1.65335,0.40,0.80
2008.03.07 09:20:17.599,1.65305,1.65335,0.20,0.80
2008.03.07 09:20:17.898,1.6531,1.65335,0.40,0.80
2008.03.07 09:20:18.140,1.6531,1.6534,0.40,4.00
2008.03.07 09:20:18.414,1.65315,1.6534,0.20,4.00
2008.03.07 09:20:18.688,1.6532,1.65345,0.40,0.80
2008.03.07 09:20:18.961,1.6531,1.6535,0.60,5.90
2008.03.07 09:20:19.259,1.6531,1.65345,0.40,0.40
2008.03.07 09:20:19.527,1.6531,1.65345,0.40,1.10
2008.03.07 09:20:19.796,1.6531,1.65345,4.30,1.10
2008.03.07 09:20:20.094,1.6531,1.65345,4.30,1.10
2008.03.07 09:20:20.371,1.6531,1.65345,4.30,1.10
2008.03.07 09:20:20.649,1.6531,1.6534,0.40,0.40
2008.03.07 09:20:20.928,1.6531,1.6534,0.40,1.90
2008.03.07 09:20:21.237,1.6531,1.6534,0.40,1.90
2008.03.07 09:20:21.532,1.653,1.6534,0.60,4.00
2008.03.07 09:20:21.855,1.6531,1.6534,0.40,4.80
2008.03.07 09:20:22.179,1.6531,1.6534,0.40,0.80
2008.03.07 09:20:22.417,1.65295,1.65335,4.00,0.40
2008.03.07 09:20:22.656,1.6529,1.65335,0.60,5.10
2008.03.07 09:20:22.893,1.6529,1.65335,0.60,5.10
2008.03.07 09:20:23.130,1.6529,1.65335,0.60,5.10
2008.03.07 09:20:23.464,1.653,1.65335,0.40,0.80
2008.03.07 09:20:23.797,1.653,1.65335,0.40,0.80
2008.03.07 09:20:24.129,1.653,1.65335,0.40,0.80
2008.03.07 09:20:24.373,1.653,1.6534,0.40,5.10
2008.03.07 09:20:24.616,1.653,1.6534,0.40,5.10
2008.03.07 09:20:24.860,1.6529,1.65335,4.50,0.40
2008.03.07 09:20:25.102,1.6529,1.6533,0.60,4.80
2008.03.07 09:20:25.396,1.6529,1.6533,0.40,5.10
2008.03.07 09:20:25.692,1.6529,1.6532,0.40,0.40
2008.03.07 09:20:26.016,1.6529,1.6532,0.40,0.40
2008.03.07 09:20:26.308,1.6528,1.6532,4.30,5.10
2008.03.07 09:20:26.600,1.6528,1.6532,4.30,5.10
2008.03.07 09:20:26.894,1.6528,1.6532,4.30,5.10
2008.03.07 09:20:27.188,1.6528,1.6532,4.30,5.10
2008.03.07 09:20:27.460,1.6528,1.6532,4.30,5.10
2008.03.07 09:20:27.733,1.6528,1.6532,4.30,5.10
2008.03.07 09:20:28.006,1.6528,1.6532,4.30,5.10
2008.03.07 09:20:28.279,1.6528,1.6532,4.30,5.10
2008.03.07 09:20:28.563,1.6529,1.6532,0.40,4.80
2008.03.07 09:20:28.877,1.6529,1.65325,0.40,5.10
2008.03.07 09:20:29.188,1.6529,1.65325,0.40,5.10
2008.03.07 09:20:29.492,1.6529,1.65325,0.40,5.10
2008.03.07 09:20:29.765,1.6529,1.65325,0.40,4.00
2008.03.07 09:20:30.040,1.6529,1.6533,0.40,4.30
2008.03.07 09:20:30.311,1.6529,1.6533,0.40,4.30
2008.03.07 09:20:30.570,1.6529,1.6533,0.40,4.30
2008.03.07 09:20:30.836,1.6529,1.6533,0.40,5.10
2008.03.07 09:20:31.094,1.6529,1.6533,0.40,5.10
2008.03.07 09:20:31.383,1.6529,1.6533,0.40,5.10
2008.03.07 09:20:31.717,1.6529,1.6533,0.40,4.30
2008.03.07 09:20:32.052,1.6529,1.6533,0.40,4.30
2008.03.07 09:20:32.385,1.6529,1.6533,0.40,4.30
2008.03.07 09:20:32.617,1.6529,1.6533,0.40,4.30
2008.03.07 09:20:32.850,1.6529,1.6533,0.40,4.30
2008.03.07 09:20:33.084,1.6529,1.6533,0.40,4.30
2008.03.07 09:20:33.317,1.6529,1.6533,0.40,4.30
2008.03.07 09:20:33.645,1.6529,1.6533,0.40,4.30
2008.03.07 09:20:33.972,1.6529,1.6533,0.40,4.30
2008.03.07 09:20:34.300,1.6529,1.6533,0.40,4.30
2008.03.07 09:20:34.544,1.6529,1.65325,0.40,0.40
2008.03.07 09:20:34.787,1.6529,1.65325,0.40,4.30
2008.03.07 09:20:35.030,1.6529,1.65325,0.40,4.30
2008.03.07 09:20:35.273,1.6529,1.65325,0.40,4.30
2008.03.07 09:20:35.582,1.6529,1.6532,0.40,4.80
2008.03.07 09:20:35.890,1.6529,1.6532,0.40,4.80
2008.03.07 09:20:36.197,1.6529,1.6532,0.40,4.80
2008.03.07 09:20:36.506,1.6529,1.6532,0.40,0.80
2008.03.07 09:20:36.798,1.6529,1.6532,0.40,0.80
2008.03.07 09:20:37.091,1.6529,1.6532,0.40,0.80
2008.03.07 09:20:37.383,1.6529,1.65325,0.40,4.30
2008.03.07 09:20:37.637,1.6529,1.65325,0.40,4.30
2008.03.07 09:20:37.891,1.6529,1.65325,0.40,4.30
2008.03.07 09:20:38.169,1.6529,1.65325,0.40,4.30
2008.03.07 09:20:38.451,1.6529,1.65325,0.40,4.30
2008.03.07 09:20:38.751,1.6529,1.65325,0.40,4.30
2008.03.07 09:20:39.047,1.6529,1.65325,0.40,4.30
2008.03.07 09:20:39.375,1.6529,1.65325,0.40,4.30
2008.03.07 09:20:39.627,1.6528,1.6532,0.60,4.80
2008.03.07 09:20:39.880,1.6528,1.6532,0.40,5.10
2008.03.07 09:20:40.132,1.6528,1.6532,0.40,5.10
2008.03.07 09:20:40.385,1.6528,1.6532,0.40,5.10
2008.03.07 09:20:40.638,1.6528,1.6532,0.40,5.10
2008.03.07 09:20:40.956,1.6528,1.6532,0.40,5.10
2008.03.07 09:20:41.275,1.6528,1.6532,0.40,5.10
2008.03.07 09:20:41.593,1.6528,1.6532,0.40,5.10
2008.03.07 09:20:41.853,1.6528,1.6532,0.40,5.10
2008.03.07 09:20:42.141,1.6528,1.6532,0.40,5.10
2008.03.07 09:20:42.421,1.6528,1.6532,0.40,5.10
2008.03.07 09:20:42.677,1.6528,1.6532,0.40,5.10
2008.03.07 09:20:42.970,1.6528,1.6532,0.40,5.10
2008.03.07 09:20:43.263,1.6528,1.6532,0.40,5.10
2008.03.07 09:20:43.557,1.6528,1.6532,0.40,5.10
2008.03.07 09:20:43.851,1.6529,1.6532,0.40,4.80
2008.03.07 09:20:44.094,1.6529,1.6533,0.40,5.10
2008.03.07 09:20:44.365,1.6529,1.6533,0.40,5.10
2008.03.07 09:20:44.635,1.6529,1.6533,0.40,5.10
2008.03.07 09:20:44.971,1.6529,1.6533,0.40,5.10
2008.03.07 09:20:45.308,1.6529,1.6533,0.40,5.10
2008.03.07 09:20:45.585,1.6529,1.6533,0.40,5.10
2008.03.07 09:20:45.893,1.6529,1.6533,0.40,5.10
2008.03.07 09:20:46.141,1.6529,1.6533,0.40,5.10
2008.03.07 09:20:46.389,1.6529,1.6533,0.40,5.10
2008.03.07 09:20:46.637,1.6529,1.6533,0.40,5.10
2008.03.07 09:20:46.956,1.6529,1.6533,0.40,5.10
2008.03.07 09:20:47.273,1.6529,1.6533,0.40,5.10
2008.03.07 09:20:47.591,1.6529,1.6533,0.40,5.10
2008.03.07 09:20:47.909,1.6529,1.6533,0.40,5.10
2008.03.07 09:20:48.178,1.6529,1.6533,0.40,5.10
2008.03.07 09:20:48.446,1.6529,1.6533,0.40,5.10
2008.03.07 09:20:48.713,1.6529,1.6533,0.40,5.10
2008.03.07 09:20:48.976,1.6529,1.6533,0.40,5.10
2008.03.07 09:20:49.239,1.6529,1.6533,0.40,5.10
2008.03.07 09:20:49.503,1.6529,1.6533,0.40,5.10
2008.03.07 09:20:49.766,1.6529,1.6533,0.40,5.10
2008.03.07 09:20:50.069,1.6529,1.6533,0.40,5.10
2008.03.07 09:20:50.370,1.6529,1.6533,0.40,5.10
2008.03.07 09:20:50.702,1.6529,1.6533,0.40,5.10
2008.03.07 09:20:50.975,1.6529,1.6533,0.40,5.10
2008.03.07 09:20:51.237,1.6529,1.6533,0.40,5.10
2008.03.07 09:20:51.500,1.6529,1.6533,0.40,5.10
2008.03.07 09:20:51.763,1.6529,1.6533,0.40,5.10
2008.03.07 09:20:52.086,1.6529,1.6533,0.40,5.10
2008.03.07 09:20:52.408,1.6529,1.6533,0.40,5.10
2008.03.07 09:20:52.731,1.6529,1.6533,0.40,5.10
2008.03.07 09:20:53.056,1.6529,1.6533,0.40,5.10
2008.03.07 09:20:53.319,1.6529,1.6533,0.40,5.10
2008.03.07 09:20:53.569,1.6529,1.6533,0.40,5.10
2008.03.07 09:20:53.818,1.6529,1.6533,0.40,5.10
2008.03.07 09:20:54.121,1.6529,1.6533,0.40,5.10
2008.03.07 09:20:54.425,1.653,1.6533,0.40,4.80
2008.03.07 09:20:54.727,1.653,1.6534,0.40,5.10
2008.03.07 09:20:55.030,1.653,1.6534,0.40,5.10
2008.03.07 09:20:55.302,1.653,1.6534,0.40,5.10
2008.03.07 09:20:55.575,1.653,1.6534,0.40,5.10
2008.03.07 09:20:55.848,1.653,1.6534,0.40,5.10
2008.03.07 09:20:56.116,1.653,1.6534,0.40,5.10
2008.03.07 09:20:56.397,1.653,1.6534,0.40,5.10
2008.03.07 09:20:56.665,1.653,1.6534,0.40,5.10
2008.03.07 09:20:56.932,1.653,1.6534,0.40,5.10
2008.03.07 09:20:57.255,1.653,1.6534,0.40,5.10
2008.03.07 09:20:57.578,1.653,1.6534,0.40,5.10
2008.03.07 09:20:57.902,1.6529,1.65335,4.50,0.40
2008.03.07 09:20:58.150,1.6529,1.65335,0.60,5.10
2008.03.07 09:20:58.398,1.6529,1.6533,0.40,4.30
2008.03.07 09:20:58.646,1.6529,1.6533,0.40,4.30
2008.03.07 09:20:58.894,1.6529,1.6533,0.40,4.30
2008.03.07 09:20:59.142,1.6529,1.6533,0.40,4.30
2008.03.07 09:20:59.446,1.6529,1.6533,0.40,4.30
2008.03.07 09:20:59.750,1.6529,1.6533,0.40,4.30
2008.03.07 09:21:00.083,1.6529,1.6533,0.40,4.30
2008.03.07 09:21:00.323,1.6528,1.65315,4.30,0.40
2008.03.07 09:21:00.592,1.6528,1.65315,0.40,0.40
2008.03.07 09:21:02.576,1.6528,1.65315,0.40,0.40
2008.03.07 09:21:02.678,1.6528,1.6532,0.60,0.40
2008.03.07 09:21:02.805,1.6528,1.6532,0.60,0.40
2008.03.07 09:21:02.932,1.6528,1.6532,0.60,0.40
2008.03.07 09:21:03.032,1.6528,1.6532,4.50,0.40
2008.03.07 09:21:03.128,1.65285,1.6533,0.20,5.10
2008.03.07 09:21:03.228,1.6528,1.6532,4.50,0.40
2008.03.07 09:21:03.326,1.6529,1.6532,0.40,0.40
2008.03.07 09:21:03.424,1.6529,1.6532,0.40,0.40
2008.03.07 09:21:03.525,1.6529,1.6532,0.40,0.40
2008.03.07 09:21:03.653,1.6529,1.6532,0.40,0.40
2008.03.07 09:21:03.986,1.6528,1.6532,0.60,0.40
2008.03.07 09:21:04.319,1.6528,1.6532,0.60,0.40
2008.03.07 09:21:04.652,1.6528,1.65315,0.40,0.40
2008.03.07 09:21:04.885,1.6528,1.6532,4.50,0.40
2008.03.07 09:21:05.118,1.6529,1.6533,0.40,6.70
2008.03.07 09:21:05.352,1.6529,1.6533,0.40,6.70
2008.03.07 09:21:05.585,1.6528,1.6532,4.50,0.40
2008.03.07 09:21:05.818,1.6528,1.6532,0.60,0.40
2008.03.07 09:21:06.150,1.6528,1.6532,0.60,0.40
2008.03.07 09:21:06.485,1.6528,1.6532,0.60,0.40
2008.03.07 09:21:06.818,1.6528,1.6532,4.50,0.40
2008.03.07 09:21:07.082,1.6528,1.6532,0.60,4.30
2008.03.07 09:21:07.345,1.6528,1.65315,0.40,0.40
2008.03.07 09:21:07.608,1.6528,1.65315,0.40,0.40
2008.03.07 09:21:07.872,1.6528,1.65315,0.40,0.40
2008.03.07 09:21:08.184,1.6528,1.65315,0.40,0.40
2008.03.07 09:21:08.497,1.6528,1.65315,0.40,0.40
2008.03.07 09:21:08.810,1.6528,1.65315,0.40,0.40
2008.03.07 09:21:09.033,1.6528,1.65315,0.40,0.40
2008.03.07 09:21:09.283,1.6528,1.65315,0.40,0.40
2008.03.07 09:21:09.536,1.6528,1.65315,0.40,0.40
2008.03.07 09:21:09.789,1.6528,1.65315,0.40,0.40
2008.03.07 09:21:10.151,1.6528,1.65315,0.40,0.40
2008.03.07 09:21:10.454,1.6528,1.65315,0.40,0.40
2008.03.07 09:21:10.787,1.6528,1.65315,0.40,0.40
2008.03.07 09:21:11.025,1.6528,1.65315,0.40,0.40
2008.03.07 09:21:11.263,1.6528,1.65315,0.40,0.40
2008.03.07 09:21:11.501,1.6528,1.65315,0.40,0.40
2008.03.07 09:21:11.739,1.6528,1.65315,0.40,0.40
2008.03.07 09:21:11.978,1.6528,1.65315,0.40,0.40
2008.03.07 09:21:12.338,1.6528,1.65315,0.40,0.40
2008.03.07 09:21:12.708,1.6528,1.65315,0.40,0.40
2008.03.07 09:21:14.608,1.6528,1.6532,0.60,5.10
2008.03.07 09:21:14.690,1.6528,1.6532,0.60,5.10
2008.03.07 09:21:14.747,1.6529,1.6532,0.40,4.80
2008.03.07 09:21:14.833,1.6529,1.65325,0.40,0.80
2008.03.07 09:21:14.908,1.6529,1.65325,0.40,0.80
2008.03.07 09:21:14.981,1.6529,1.65325,0.40,0.80
2008.03.07 09:21:15.097,1.6529,1.65325,0.40,0.80
2008.03.07 09:21:15.173,1.6529,1.65325,0.40,0.80
2008.03.07 09:21:15.190,1.6529,1.65325,0.40,0.80
2008.03.07 09:21:15.247,1.6529,1.65325,0.40,0.80
2008.03.07 09:21:15.267,1.6529,1.65325,0.40,0.80
2008.03.07 09:21:15.316,1.6529,1.65325,0.40,0.80
2008.03.07 09:21:15.340,1.6529,1.65325,0.40,0.80
2008.03.07 09:21:15.385,1.6529,1.65325,0.40,0.80
2008.03.07 09:21:15.412,1.6529,1.65325,0.40,0.80
2008.03.07 09:21:15.455,1.6529,1.65325,0.40,0.80
2008.03.07 09:21:15.475,1.6529,1.65325,0.40,0.80
2008.03.07 09:21:15.503,1.6529,1.65325,0.40,0.80
2008.03.07 09:21:15.555,1.6529,1.65325,0.40,0.80
2008.03.07 09:21:15.572,1.6529,1.65325,0.40,0.80
2008.03.07 09:21:15.626,1.6529,1.65325,0.40,0.80
2008.03.07 09:21:15.645,1.6529,1.65325,0.40,0.80
2008.03.07 09:21:16.005,1.6529,1.65325,0.40,0.80
2008.03.07 09:21:16.360,1.6529,1.6533,0.40,5.10
2008.03.07 09:21:16.720,1.6529,1.6533,0.40,5.10
2008.03.07 09:21:16.989,1.6529,1.6533,0.40,5.10
2008.03.07 09:21:17.256,1.6529,1.6533,0.40,5.10
2008.03.07 09:21:17.523,1.6529,1.6533,0.40,5.10
2008.03.07 09:21:17.791,1.6529,1.6533,0.40,5.10
2008.03.07 09:21:18.094,1.6529,1.6533,0.40,6.70
2008.03.07 09:21:18.397,1.6529,1.6533,0.40,6.70
2008.03.07 09:21:18.700,1.6529,1.6533,0.40,6.70
2008.03.07 09:21:18.957,1.6529,1.6533,0.40,6.70
2008.03.07 09:21:19.274,1.6529,1.6533,0.40,6.70
2008.03.07 09:21:19.555,1.6529,1.6533,0.40,6.70
2008.03.07 09:21:19.844,1.6529,1.6533,0.40,6.70
2008.03.07 09:21:20.141,1.6529,1.6533,0.40,6.70
2008.03.07 09:21:20.445,1.6529,1.6533,0.40,6.70
2008.03.07 09:21:20.741,1.6529,1.6533,0.60,6.40
2008.03.07 09:21:21.034,1.6529,1.6533,0.60,4.00
2008.03.07 09:21:21.351,1.6529,1.6533,0.60,4.00
2008.03.07 09:21:21.654,1.6529,1.65335,0.60,5.10
2008.03.07 09:21:21.927,1.6529,1.65335,0.60,5.10
2008.03.07 09:21:22.235,1.6529,1.65335,0.60,5.10
2008.03.07 09:21:22.543,1.6529,1.65335,0.60,5.10
2008.03.07 09:21:22.850,1.6529,1.65335,0.60,5.10
2008.03.07 09:21:23.088,1.6529,1.65335,0.60,5.10
2008.03.07 09:21:23.343,1.6529,1.65335,0.60,5.10
2008.03.07 09:21:23.609,1.6529,1.65335,0.60,5.10
2008.03.07 09:21:23.818,1.6529,1.65335,0.60,5.10
2008.03.07 09:21:24.127,1.65285,1.6533,4.20,0.40
2008.03.07 09:21:24.435,1.65285,1.6533,0.20,5.10
2008.03.07 09:21:24.744,1.65285,1.6533,0.20,6.70
2008.03.07 09:21:25.054,1.65285,1.65325,0.20,4.80
2008.03.07 09:21:25.307,1.65285,1.65325,0.20,4.80
2008.03.07 09:21:25.560,1.65285,1.65325,0.20,4.00
2008.03.07 09:21:25.813,1.6528,1.65315,0.40,0.40
2008.03.07 09:21:26.066,1.6528,1.65315,0.40,1.10
2008.03.07 09:21:26.376,1.6528,1.65315,0.60,0.80
2008.03.07 09:21:26.688,1.6528,1.65315,0.60,0.80
2008.03.07 09:21:26.997,1.6528,1.65315,0.60,0.80
2008.03.07 09:21:27.275,1.6528,1.65315,0.60,0.80
2008.03.07 09:21:27.553,1.6528,1.65315,0.60,0.80
2008.03.07 09:21:27.831,1.6528,1.65315,0.60,0.80
2008.03.07 09:21:28.109,1.6528,1.65315,0.60,0.80
2008.03.07 09:21:28.368,1.6528,1.6532,0.60,1.10
2008.03.07 09:21:28.628,1.6528,1.6532,0.60,1.10
2008.03.07 09:21:28.887,1.6528,1.6532,0.60,1.10
2008.03.07 09:21:29.151,1.6528,1.6532,0.60,1.10
2008.03.07 09:21:29.439,1.6528,1.6532,0.60,1.10
2008.03.07 09:21:29.727,1.6528,1.6532,0.60,1.10
2008.03.07 09:21:30.015,1.6528,1.6532,0.60,1.10
2008.03.07 09:21:30.323,1.6528,1.6532,0.60,1.10
2008.03.07 09:21:30.586,1.6528,1.6532,0.60,1.10
2008.03.07 09:21:30.849,1.6528,1.6532,0.60,1.10
2008.03.07 09:21:31.113,1.6528,1.6532,0.60,1.10
2008.03.07 09:21:31.414,1.6528,1.6532,0.60,1.10
2008.03.07 09:21:31.712,1.6528,1.6532,0.60,1.10
2008.03.07 09:21:32.012,1.65285,1.6532,0.20,0.80
2008.03.07 09:21:32.311,1.65285,1.65325,0.20,0.80
2008.03.07 09:21:32.599,1.6528,1.6532,4.50,0.40
2008.03.07 09:21:32.906,1.6528,1.6532,0.60,0.40
2008.03.07 09:21:33.146,1.6528,1.6532,0.60,0.40
2008.03.07 09:21:33.393,1.6528,1.6532,0.60,0.40
2008.03.07 09:21:33.642,1.6528,1.6532,0.60,0.40
2008.03.07 09:21:33.889,1.6528,1.6532,0.60,0.40
2008.03.07 09:21:34.137,1.6528,1.6532,0.60,0.40
2008.03.07 09:21:34.441,1.6528,1.6532,0.60,1.10
2008.03.07 09:21:34.734,1.6528,1.6532,0.60,1.10
2008.03.07 09:21:35.027,1.6528,1.6532,0.60,1.10
2008.03.07 09:21:35.320,1.6528,1.6532,0.60,1.10
2008.03.07 09:21:35.588,1.6528,1.6532,0.60,1.10
2008.03.07 09:21:35.856,1.6528,1.65315,0.40,0.40
2008.03.07 09:21:36.124,1.6528,1.65315,0.40,1.10
2008.03.07 09:21:36.393,1.6528,1.65315,0.60,0.80
2008.03.07 09:21:36.702,1.6528,1.65315,0.60,4.00
2008.03.07 09:21:37.041,1.6528,1.6532,0.60,1.10
2008.03.07 09:21:37.348,1.6528,1.6532,0.60,1.10
2008.03.07 09:21:37.599,1.6528,1.6532,0.60,1.10
2008.03.07 09:21:37.846,1.6528,1.6532,0.60,1.10
2008.03.07 09:21:38.094,1.6528,1.6532,0.60,1.10
2008.03.07 09:21:38.342,1.6528,1.6532,0.60,1.10
2008.03.07 09:21:38.640,1.6528,1.6532,0.60,1.10
2008.03.07 09:21:38.937,1.6528,1.6532,0.60,1.10
2008.03.07 09:21:39.235,1.6528,1.6532,0.60,1.10
2008.03.07 09:21:39.510,1.6528,1.6532,0.60,1.10
2008.03.07 09:21:39.804,1.6528,1.6532,0.60,1.10
2008.03.07 09:21:40.036,1.6528,1.6532,0.60,1.10
2008.03.07 09:21:40.299,1.6528,1.6532,0.60,1.10
2008.03.07 09:21:40.587,1.6528,1.6532,0.60,1.10
2008.03.07 09:21:40.875,1.6528,1.6532,0.60,1.10
2008.03.07 09:21:41.163,1.6528,1.6532,0.60,1.10
2008.03.07 09:21:41.451,1.6528,1.6532,0.60,1.10
2008.03.07 09:21:41.760,1.6528,1.6532,0.60,1.10
2008.03.07 09:21:42.069,1.6528,1.6532,0.60,1.10
2008.03.07 09:21:42.406,1.6528,1.6532,0.60,1.10
2008.03.07 09:21:42.648,1.6528,1.6532,0.60,1.10
2008.03.07 09:21:42.891,1.6528,1.6532,0.60,1.10
2008.03.07 09:21:43.134,1.6528,1.6532,0.60,1.10
2008.03.07 09:21:43.377,1.6528,1.6532,0.60,1.10
2008.03.07 09:21:43.673,1.6528,1.6532,0.60,1.10
2008.03.07 09:21:43.996,1.6528,1.6532,0.60,1.10
2008.03.07 09:21:44.319,1.6528,1.6532,0.60,1.10
2008.03.07 09:21:44.612,1.6528,1.6532,0.60,1.10
2008.03.07 09:21:44.873,1.6528,1.6532,0.60,1.10
2008.03.07 09:21:45.136,1.6528,1.6532,0.60,1.10
2008.03.07 09:21:45.399,1.6528,1.6532,0.60,1.10
2008.03.07 09:21:45.692,1.6528,1.6532,0.60,1.10
2008.03.07 09:21:45.985,1.6528,1.6532,0.60,1.10
2008.03.07 09:21:46.278,1.6528,1.6532,0.60,1.10
2008.03.07 09:21:46.571,1.6528,1.6532,0.60,1.10
2008.03.07 09:21:46.874,1.6528,1.6532,0.60,1.10
2008.03.07 09:21:47.176,1.6528,1.6532,0.60,1.10
2008.03.07 09:21:47.479,1.6528,1.6532,0.60,1.10
2008.03.07 09:21:47.758,1.6528,1.6532,0.60,1.10
2008.03.07 09:21:48.039,1.6528,1.6532,0.60,1.10
2008.03.07 09:21:48.320,1.6528,1.6532,0.60,1.10
2008.03.07 09:21:48.545,1.6528,1.6532,0.60,1.10
2008.03.07 09:21:48.838,1.6528,1.6532,0.60,1.10
2008.03.07 09:21:49.131,1.6528,1.6532,0.60,1.10
2008.03.07 09:21:49.424,1.6528,1.6532,0.60,1.10
2008.03.07 09:21:49.697,1.6528,1.6532,0.60,1.10
2008.03.07 09:21:49.993,1.6528,1.6532,0.60,1.10
2008.03.07 09:21:50.296,1.6528,1.6532,0.60,1.10
2008.03.07 09:21:50.538,1.6528,1.6532,0.60,1.10
2008.03.07 09:21:50.821,1.6528,1.6532,0.60,1.10
2008.03.07 09:21:51.104,1.6528,1.6532,0.60,1.10
2008.03.07 09:21:51.388,1.6528,1.6532,0.60,1.10
2008.03.07 09:21:51.671,1.6528,1.6532,0.60,1.10
2008.03.07 09:21:51.964,1.6528,1.6532,0.60,1.10
2008.03.07 09:21:52.257,1.6528,1.6532,0.60,1.10
2008.03.07 09:21:52.570,1.6528,1.6532,0.60,1.10
2008.03.07 09:21:52.850,1.6528,1.6532,0.60,1.10
2008.03.07 09:21:53.113,1.6528,1.6532,0.60,1.10
2008.03.07 09:21:53.376,1.6528,1.6532,0.60,1.10
2008.03.07 09:21:53.639,1.6528,1.6532,0.60,1.10
2008.03.07 09:21:53.921,1.6528,1.6532,0.60,1.10
2008.03.07 09:21:54.204,1.6528,1.6532,0.60,1.10
2008.03.07 09:21:54.487,1.6528,1.6532,0.60,1.10
2008.03.07 09:21:54.770,1.6528,1.6532,0.60,1.10
2008.03.07 09:21:55.059,1.6528,1.6532,0.60,1.10
2008.03.07 09:21:55.346,1.6528,1.6532,0.60,1.10
2008.03.07 09:21:55.660,1.6528,1.6532,0.60,1.10
2008.03.07 09:21:55.951,1.6528,1.6532,0.60,1.10
2008.03.07 09:21:56.243,1.6528,1.6532,0.60,1.10
2008.03.07 09:21:56.475,1.6528,1.6532,0.60,1.10
2008.03.07 09:21:56.738,1.6528,1.6532,0.60,1.10
2008.03.07 09:21:57.052,1.6528,1.6532,0.60,1.10
2008.03.07 09:21:57.364,1.6528,1.6532,0.60,1.10
2008.03.07 09:21:57.677,1.6528,1.6532,0.60,1.10
2008.03.07 09:21:57.920,1.6528,1.6532,0.60,1.10
2008.03.07 09:21:58.163,1.6528,1.6532,4.50,0.40
2008.03.07 09:21:58.406,1.6528,1.6532,0.60,0.40
2008.03.07 09:21:58.651,1.6528,1.6532,0.60,0.40
2008.03.07 09:21:58.990,1.6528,1.6532,0.60,0.40
2008.03.07 09:21:59.327,1.6528,1.6532,0.60,0.40
2008.03.07 09:21:59.665,1.6528,1.6532,0.60,1.10
2008.03.07 09:21:59.942,1.6528,1.6532,0.60,1.10
2008.03.07 09:22:00.159,1.6528,1.6532,0.60,1.10
2008.03.07 09:22:00.407,1.6528,1.6532,0.60,1.10
2008.03.07 09:22:00.655,1.6528,1.6532,0.60,1.10
2008.03.07 09:22:00.935,1.6528,1.6532,0.60,1.10
2008.03.07 09:22:01.249,1.65285,1.6532,0.20,0.80
2008.03.07 09:22:01.563,1.6529,1.65325,0.40,4.80
2008.03.07 09:22:01.877,1.6529,1.65325,0.60,4.80
2008.03.07 09:22:02.176,1.6529,1.65325,0.60,0.80
2008.03.07 09:22:02.474,1.6529,1.6533,0.60,0.80
2008.03.07 09:22:02.773,1.65295,1.6533,0.20,0.80
2008.03.07 09:22:03.039,1.653,1.6533,0.40,0.80
2008.03.07 09:22:03.301,1.653,1.6533,0.40,0.80
2008.03.07 09:22:03.596,1.653,1.6533,0.40,0.80
2008.03.07 09:22:03.859,1.653,1.6533,0.40,0.80
2008.03.07 09:22:04.146,1.653,1.6533,0.40,0.80
2008.03.07 09:22:04.435,1.653,1.65335,0.40,0.80
2008.03.07 09:22:04.723,1.653,1.65335,0.40,0.80
2008.03.07 09:22:05.011,1.6529,1.6533,4.30,0.40
2008.03.07 09:22:05.275,1.6529,1.65325,0.40,0.80
2008.03.07 09:22:05.538,1.6529,1.65325,0.40,0.80
2008.03.07 09:22:05.801,1.6529,1.65325,0.40,0.80
2008.03.07 09:22:06.067,1.6529,1.65325,0.40,0.80
2008.03.07 09:22:06.392,1.6529,1.65325,0.40,0.80
2008.03.07 09:22:06.689,1.6529,1.65325,0.40,0.80
2008.03.07 09:22:06.985,1.6529,1.65325,0.40,0.80
2008.03.07 09:22:07.253,1.6529,1.65325,0.40,0.80
2008.03.07 09:22:07.521,1.6529,1.65325,0.40,0.80
2008.03.07 09:22:07.789,1.6529,1.65325,0.40,0.80
2008.03.07 09:22:08.059,1.6529,1.65325,0.40,0.80
2008.03.07 09:22:08.336,1.6529,1.65325,0.40,0.80
2008.03.07 09:22:08.613,1.6529,1.65325,0.40,0.80
2008.03.07 09:22:08.893,1.6528,1.65315,4.30,0.40
2008.03.07 09:22:09.172,1.6528,1.65315,0.40,1.10
2008.03.07 09:22:09.449,1.6528,1.65315,0.40,1.10
2008.03.07 09:22:09.729,1.6528,1.65315,0.40,1.10
2008.03.07 09:22:10.008,1.6528,1.6531,0.40,4.30
2008.03.07 09:22:10.291,1.6528,1.65305,0.40,0.80
2008.03.07 09:22:10.574,1.6528,1.65305,0.40,0.80
2008.03.07 09:22:10.857,1.6528,1.65305,0.40,0.80
2008.03.07 09:22:11.140,1.6528,1.65305,0.40,0.80
2008.03.07 09:22:11.413,1.6528,1.65305,0.40,0.80
2008.03.07 09:22:11.686,1.6528,1.65305,0.40,0.80
2008.03.07 09:22:11.984,1.6528,1.65305,0.40,0.80
2008.03.07 09:22:12.291,1.6528,1.65305,0.40,0.80
2008.03.07 09:22:12.620,1.6528,1.65315,0.40,1.10
2008.03.07 09:22:12.887,1.6528,1.65315,0.40,1.10
2008.03.07 09:22:13.186,1.6528,1.65315,0.40,1.10
2008.03.07 09:22:13.459,1.6528,1.65315,0.40,1.10
2008.03.07 09:22:13.733,1.6529,1.65315,0.40,0.80
2008.03.07 09:22:14.005,1.6529,1.6532,0.40,0.80
2008.03.07 09:22:14.279,1.6529,1.6532,0.40,0.80
2008.03.07 09:22:14.542,1.6529,1.6532,0.40,0.80
2008.03.07 09:22:14.806,1.6529,1.6532,0.40,0.80
2008.03.07 09:22:15.069,1.6529,1.6532,0.60,0.80
2008.03.07 09:22:15.351,1.6529,1.6533,0.60,0.80
2008.03.07 09:22:15.636,1.6529,1.6533,0.60,0.80
2008.03.07 09:22:15.947,1.65295,1.6533,0.20,0.80
2008.03.07 09:22:16.259,1.653,1.6533,0.40,0.80
2008.03.07 09:22:16.608,1.653,1.6533,0.40,1.10
2008.03.07 09:22:16.896,1.653,1.65325,0.40,0.80
2008.03.07 09:22:17.215,1.6529,1.65325,0.40,0.80
2008.03.07 09:22:17.443,1.6529,1.65325,0.40,0.80
2008.03.07 09:22:17.670,1.6529,1.65325,0.40,0.80
2008.03.07 09:22:17.898,1.6529,1.65325,0.40,0.80
2008.03.07 09:22:18.126,1.6529,1.65325,0.40,0.80
2008.03.07 09:22:18.419,1.6529,1.65325,0.40,0.80
2008.03.07 09:22:18.712,1.6529,1.65325,0.40,0.80
2008.03.07 09:22:19.005,1.6529,1.65325,0.40,0.80
2008.03.07 09:22:19.298,1.6529,1.65325,0.40,0.80
2008.03.07 09:22:19.547,1.65285,1.6532,4.00,0.40
2008.03.07 09:22:19.795,1.6528,1.65315,0.40,0.80
2008.03.07 09:22:20.074,1.6528,1.65315,0.40,0.80
2008.03.07 09:22:20.292,1.6528,1.65315,0.40,0.80
2008.03.07 09:22:20.595,1.6528,1.65315,0.40,0.80
2008.03.07 09:22:20.898,1.6528,1.65315,0.40,0.80
2008.03.07 09:22:21.201,1.6528,1.65315,0.40,0.80
2008.03.07 09:22:21.499,1.6528,1.65315,0.40,0.80
2008.03.07 09:22:21.797,1.6528,1.65315,0.40,0.80
2008.03.07 09:22:22.095,1.6528,1.65315,0.40,0.80
2008.03.07 09:22:22.393,1.6528,1.65315,0.40,0.80
2008.03.07 09:22:22.655,1.6528,1.65315,0.40,0.80
2008.03.07 09:22:22.928,1.6528,1.65315,0.40,0.80
2008.03.07 09:22:23.141,1.6528,1.65315,0.40,0.80
2008.03.07 09:22:23.383,1.6528,1.65315,0.40,0.80
2008.03.07 09:22:23.691,1.6528,1.65315,0.40,0.80
2008.03.07 09:22:23.999,1.6528,1.65315,0.40,0.80
2008.03.07 09:22:24.308,1.6528,1.65315,0.40,0.80
2008.03.07 09:22:24.557,1.6528,1.65315,0.60,0.80
2008.03.07 09:22:24.805,1.6529,1.6532,0.40,0.80
2008.03.07 09:22:25.053,1.6529,1.6532,0.40,1.10
2008.03.07 09:22:25.301,1.6529,1.6532,0.40,1.10
2008.03.07 09:22:25.616,1.6529,1.6532,0.40,0.80
2008.03.07 09:22:25.942,1.6529,1.6532,0.40,0.80
2008.03.07 09:22:26.248,1.6529,1.65315,0.40,0.80
2008.03.07 09:22:26.523,1.6528,1.65315,0.40,0.80
2008.03.07 09:22:26.827,1.6528,1.65315,0.40,0.80
2008.03.07 09:22:27.127,1.6528,1.65315,0.40,0.80
2008.03.07 09:22:27.400,1.6528,1.65315,0.40,0.80
2008.03.07 09:22:27.724,1.6528,1.65315,0.40,0.80
2008.03.07 09:22:28.046,1.6528,1.65315,0.60,0.80
2008.03.07 09:22:28.341,1.6528,1.6532,4.50,0.80
2008.03.07 09:22:28.603,1.6529,1.6532,0.40,0.80
2008.03.07 09:22:28.870,1.6529,1.65325,0.40,0.80
2008.03.07 09:22:29.121,1.6529,1.65325,0.40,0.80
2008.03.07 09:22:29.374,1.6529,1.65325,0.40,0.80
2008.03.07 09:22:29.690,1.6529,1.65325,0.40,0.80
2008.03.07 09:22:30.003,1.653,1.65325,0.40,0.80
2008.03.07 09:22:30.317,1.6529,1.65325,0.40,1.10
2008.03.07 09:22:30.571,1.6529,1.6532,0.40,0.80
2008.03.07 09:22:30.824,1.6529,1.6532,0.40,0.80
2008.03.07 09:22:31.077,1.6529,1.6532,0.40,0.80
2008.03.07 09:22:31.330,1.6529,1.6532,0.40,0.80
2008.03.07 09:22:31.653,1.6529,1.6532,0.40,0.80
2008.03.07 09:22:32.008,1.6529,1.6532,0.40,0.80
2008.03.07 09:22:32.299,1.6529,1.6532,0.40,0.80
2008.03.07 09:22:32.657,1.6531,1.6532,0.40,0.80
2008.03.07 09:22:32.928,1.6531,1.6534,0.40,1.10
2008.03.07 09:22:33.201,1.653,1.6534,0.20,2.40
2008.03.07 09:22:33.416,1.6531,1.6534,0.20,2.40
2008.03.07 09:22:33.724,1.6531,1.65345,0.20,4.00
2008.03.07 09:22:34.031,1.653,1.6534,0.60,4.00
2008.03.07 09:22:34.339,1.653,1.6534,0.60,4.80
2008.03.07 09:22:34.649,1.65305,1.6534,0.20,4.80
2008.03.07 09:22:34.897,1.6531,1.65345,0.40,0.80
2008.03.07 09:22:35.146,1.6531,1.65345,0.40,0.80
2008.03.07 09:22:35.396,1.6531,1.65345,0.60,0.80
2008.03.07 09:22:35.645,1.6531,1.6535,0.60,4.80
2008.03.07 09:22:35.953,1.6531,1.6535,0.60,0.80
2008.03.07 09:22:36.262,1.6531,1.6535,0.60,0.80
2008.03.07 09:22:36.593,1.6531,1.6535,4.50,0.80
2008.03.07 09:22:36.896,1.6532,1.6535,0.20,0.80
2008.03.07 09:22:37.194,1.6532,1.6535,0.20,0.80
2008.03.07 09:22:37.462,1.6532,1.6536,4.20,2.40
2008.03.07 09:22:37.730,1.6532,1.6536,4.20,0.80
2008.03.07 09:22:38.044,1.6532,1.65355,4.00,0.40
2008.03.07 09:22:38.358,1.65325,1.6536,4.00,1.90
2008.03.07 09:22:38.672,1.65325,1.65355,4.00,0.80
2008.03.07 09:22:38.905,1.6532,1.65355,0.40,0.80
2008.03.07 09:22:39.139,1.6532,1.65355,0.40,0.80
2008.03.07 09:22:39.372,1.6532,1.65355,0.40,0.80
2008.03.07 09:22:39.625,1.65325,1.65355,0.20,0.80
2008.03.07 09:22:39.963,1.6534,1.65355,0.40,0.80
2008.03.07 09:22:40.240,1.6534,1.65355,0.40,0.80
2008.03.07 09:22:40.549,1.6535,1.65355,0.40,0.80
2008.03.07 09:22:40.857,1.6535,1.65355,0.40,0.80
2008.03.07 09:22:41.115,1.6535,1.65355,0.40,0.80
2008.03.07 09:22:41.372,1.6535,1.65355,0.40,0.80
2008.03.07 09:22:41.630,1.6535,1.65355,0.40,0.80
2008.03.07 09:22:41.889,1.6535,1.65355,0.40,0.80
2008.03.07 09:22:42.198,1.6535,1.65355,0.40,0.80
2008.03.07 09:22:42.539,1.6535,1.65355,0.40,0.80
2008.03.07 09:22:42.815,1.6536,1.6539,0.40,0.40
2008.03.07 09:22:43.077,1.6536,1.65385,0.40,0.80
2008.03.07 09:22:43.341,1.6536,1.6538,0.40,0.40
2008.03.07 09:22:43.604,1.6535,1.65375,0.40,0.80
2008.03.07 09:22:43.867,1.6535,1.65375,0.40,0.80
2008.03.07 09:22:44.130,1.6535,1.65375,0.40,0.80
2008.03.07 09:22:44.392,1.6535,1.65375,0.40,0.80
2008.03.07 09:22:44.677,1.6537,1.65385,0.40,0.80
2008.03.07 09:22:44.968,1.6537,1.65385,0.40,0.80
2008.03.07 09:22:45.282,1.6537,1.65385,0.40,0.80
2008.03.07 09:22:45.564,1.6537,1.6539,0.40,0.80
2008.03.07 09:22:45.846,1.6537,1.6539,0.40,0.80
2008.03.07 09:22:46.110,1.6537,1.6539,0.40,0.80
2008.03.07 09:22:46.372,1.6537,1.6539,0.40,0.80
2008.03.07 09:22:46.636,1.6537,1.65395,0.40,1.10
2008.03.07 09:22:46.900,1.6538,1.65395,0.40,0.80
2008.03.07 09:22:47.229,1.6538,1.65395,0.40,0.80
2008.03.07 09:22:47.558,1.6537,1.65395,0.40,0.80
2008.03.07 09:22:47.887,1.6537,1.65395,0.40,1.10
2008.03.07 09:22:48.125,1.6537,1.6539,0.40,0.80
2008.03.07 09:22:48.384,1.6535,1.6539,0.60,0.80
2008.03.07 09:22:48.653,1.6535,1.6539,0.60,0.80
2008.03.07 09:22:48.918,1.6535,1.6539,0.60,0.80
2008.03.07 09:22:49.226,1.6535,1.6539,0.60,0.80
2008.03.07 09:22:49.503,1.6535,1.6539,0.60,0.80
2008.03.07 09:22:49.799,1.6535,1.65385,0.40,0.80
2008.03.07 09:22:50.111,1.6535,1.65385,0.40,0.80
2008.03.07 09:22:50.438,1.6535,1.65385,0.40,0.80
2008.03.07 09:22:50.768,1.6535,1.65385,0.40,0.80
2008.03.07 09:22:52.625,1.6537,1.65385,0.20,0.80
2008.03.07 09:22:52.885,1.6539,1.6542,0.40,0.80
2008.03.07 09:22:52.942,1.6539,1.6542,0.40,0.80
2008.03.07 09:22:52.970,1.6539,1.6542,0.40,0.80
2008.03.07 09:22:52.997,1.6539,1.6542,0.40,0.80
2008.03.07 09:22:53.037,1.6539,1.6542,0.40,0.80
2008.03.07 09:22:53.067,1.6539,1.6542,0.40,0.80
2008.03.07 09:22:53.121,1.6539,1.6542,0.40,0.80
2008.03.07 09:22:53.149,1.6539,1.6542,0.40,0.80
2008.03.07 09:22:53.184,1.6539,1.6542,0.40,0.80
2008.03.07 09:22:53.229,1.6539,1.6542,0.40,0.80
2008.03.07 09:22:53.257,1.6539,1.6542,0.40,0.80
2008.03.07 09:22:53.316,1.6539,1.6542,0.40,0.80
2008.03.07 09:22:53.345,1.6539,1.6542,0.40,0.80
2008.03.07 09:22:53.373,1.6539,1.6542,0.40,0.80
2008.03.07 09:22:53.436,1.6539,1.6542,0.40,0.80
2008.03.07 09:22:53.467,1.6539,1.6542,0.40,0.80
2008.03.07 09:22:53.546,1.6539,1.6542,0.40,0.80
2008.03.07 09:22:53.620,1.6539,1.6542,0.40,0.80
2008.03.07 09:22:53.672,1.6539,1.6542,0.40,0.80
2008.03.07 09:22:54.038,1.654,1.65435,4.00,0.80
2008.03.07 09:22:54.371,1.654,1.65435,0.40,0.80
2008.03.07 09:22:54.706,1.654,1.65435,0.60,0.80
2008.03.07 09:22:54.973,1.6541,1.65435,0.40,0.80
2008.03.07 09:22:55.182,1.6541,1.65435,0.40,0.80
2008.03.07 09:22:55.421,1.6541,1.65435,0.40,0.80
2008.03.07 09:22:55.659,1.6542,1.65445,0.40,0.80
2008.03.07 09:22:55.898,1.6542,1.65445,0.40,4.80
2008.03.07 09:22:56.222,1.6542,1.65445,0.40,0.80
2008.03.07 09:22:56.545,1.6542,1.65445,0.40,0.80
2008.03.07 09:22:56.868,1.6542,1.65445,0.40,0.80
2008.03.07 09:22:57.136,1.6542,1.65445,0.40,0.80
2008.03.07 09:22:57.404,1.6542,1.65455,0.40,0.40
2008.03.07 09:22:57.673,1.6545,1.6546,0.40,0.80
2008.03.07 09:22:57.941,1.65445,1.6545,0.40,4.00
2008.03.07 09:22:58.244,1.6545,1.65485,0.40,4.30
2008.03.07 09:22:58.548,1.6546,1.65475,0.40,0.40
2008.03.07 09:22:58.882,1.6544,1.65465,4.00,0.40
2008.03.07 09:22:59.127,1.6544,1.65465,4.00,0.40
2008.03.07 09:22:59.394,1.6542,1.65465,0.20,4.30
2008.03.07 09:22:59.632,1.65415,1.6546,4.20,0.40
2008.03.07 09:22:59.871,1.65415,1.6545,0.20,4.00
2008.03.07 09:23:00.231,1.65415,1.6545,0.20,4.00
2008.03.07 09:23:00.566,1.65405,1.6545,0.20,4.30
2008.03.07 09:23:00.899,1.65405,1.6545,0.20,4.30
2008.03.07 09:23:01.142,1.654,1.6544,5.90,0.40
2008.03.07 09:23:01.386,1.654,1.6544,0.40,0.40
2008.03.07 09:23:01.630,1.654,1.6544,0.40,0.40
2008.03.07 09:23:01.874,1.654,1.6544,0.40,0.40
2008.03.07 09:23:02.208,1.654,1.65435,0.60,4.00
2008.03.07 09:23:02.541,1.6541,1.65435,0.20,4.00
2008.03.07 09:23:02.874,1.6541,1.65445,0.20,4.00
2008.03.07 09:23:03.108,1.6541,1.65445,0.20,4.00
2008.03.07 09:23:03.362,1.6541,1.6545,0.20,0.40
2008.03.07 09:23:03.594,1.65405,1.65445,4.00,0.40
2008.03.07 09:23:03.828,1.654,1.65445,0.60,4.30
2008.03.07 09:23:04.142,1.654,1.65445,0.60,4.30
2008.03.07 09:23:04.454,1.654,1.65445,0.60,4.30
2008.03.07 09:23:04.767,1.654,1.65445,0.60,4.30
2008.03.07 09:23:05.080,1.654,1.65445,0.60,4.30
2008.03.07 09:23:05.334,1.654,1.65435,0.40,0.40
2008.03.07 09:23:05.588,1.6539,1.65435,0.60,4.30
2008.03.07 09:23:05.842,1.65395,1.65435,0.20,4.00
2008.03.07 09:23:06.095,1.65395,1.6544,0.20,4.30
2008.03.07 09:23:06.383,1.65395,1.6544,0.20,4.30
2008.03.07 09:23:06.702,1.654,1.6544,0.40,4.30
2008.03.07 09:23:07.023,1.654,1.65445,0.60,4.30
2008.03.07 09:23:07.279,1.654,1.65445,0.60,4.30
2008.03.07 09:23:07.567,1.654,1.65435,0.40,0.40
2008.03.07 09:23:07.855,1.654,1.65435,0.40,4.30
2008.03.07 09:23:08.142,1.654,1.65435,0.40,4.30
2008.03.07 09:23:08.440,1.654,1.65435,0.40,4.30
2008.03.07 09:23:08.738,1.654,1.65435,0.40,4.30
2008.03.07 09:23:09.036,1.654,1.65435,0.40,4.30
2008.03.07 09:23:09.334,1.654,1.65435,0.40,4.30
2008.03.07 09:23:09.582,1.654,1.65435,0.40,4.30
2008.03.07 09:23:09.830,1.654,1.65435,0.40,4.30
2008.03.07 09:23:10.078,1.654,1.65435,0.40,4.30
2008.03.07 09:23:10.383,1.654,1.65435,0.40,4.30
2008.03.07 09:23:10.674,1.654,1.65435,0.40,4.30
2008.03.07 09:23:10.976,1.654,1.6543,0.40,0.40
2008.03.07 09:23:11.281,1.6539,1.6543,0.40,4.30
2008.03.07 09:23:11.640,1.6542,1.6543,0.40,4.00
2008.03.07 09:23:12.002,1.6542,1.65455,0.40,0.40
2008.03.07 09:23:12.366,1.6542,1.65455,0.40,0.40
2008.03.07 09:23:12.569,1.6542,1.65455,0.40,4.30
2008.03.07 09:23:12.803,1.6542,1.6545,0.40,0.40
2008.03.07 09:23:13.037,1.6541,1.6545,0.40,0.40
2008.03.07 09:23:13.270,1.6541,1.6545,0.40,0.40
2008.03.07 09:23:13.534,1.654,1.65415,4.30,0.40
2008.03.07 09:23:13.797,1.654,1.65415,0.40,0.40
2008.03.07 09:23:14.060,1.6539,1.6542,4.00,0.40
2008.03.07 09:23:14.323,1.6538,1.6542,0.40,0.40
2008.03.07 09:23:14.653,1.6538,1.6542,0.40,0.40
2008.03.07 09:23:14.995,1.6538,1.6542,0.40,0.40
2008.03.07 09:23:15.338,1.6538,1.6542,0.40,0.40
2008.03.07 09:23:15.605,1.6538,1.6542,0.40,0.40
2008.03.07 09:23:15.814,1.6538,1.6542,0.40,0.40
2008.03.07 09:23:16.052,1.6538,1.6542,0.40,0.40
2008.03.07 09:23:16.290,1.6538,1.6542,0.40,0.40
2008.03.07 09:23:16.624,1.6539,1.6542,0.40,0.40
2008.03.07 09:23:16.989,1.6539,1.6542,0.40,0.40
2008.03.07 09:23:17.322,1.6538,1.6542,0.40,0.40
2008.03.07 09:23:17.599,1.65385,1.6542,4.00,0.40
2008.03.07 09:23:17.842,1.65385,1.65415,4.00,0.40
2008.03.07 09:23:18.114,1.6539,1.65415,0.40,0.40
2008.03.07 09:23:18.327,1.6539,1.6542,0.40,0.40
2008.03.07 09:23:18.645,1.65385,1.65415,4.00,0.40
2008.03.07 09:23:18.964,1.6538,1.65415,0.40,0.40
2008.03.07 09:23:19.282,1.6537,1.65415,4.50,0.40
2008.03.07 09:23:19.602,1.6539,1.65415,0.40,0.40
2008.03.07 09:23:19.829,1.6539,1.65415,0.40,0.40
2008.03.07 09:23:20.057,1.6539,1.65415,0.40,0.40
2008.03.07 09:23:20.285,1.6537,1.65415,4.50,0.40
2008.03.07 09:23:20.532,1.6537,1.65415,4.50,0.40
2008.03.07 09:23:20.845,1.6537,1.65415,4.50,0.40
2008.03.07 09:23:21.159,1.6537,1.65415,4.50,0.40
2008.03.07 09:23:21.472,1.6538,1.6542,0.20,4.00
2008.03.07 09:23:21.745,1.6538,1.65425,4.20,0.40
2008.03.07 09:23:22.017,1.6538,1.65425,4.20,0.40
2008.03.07 09:23:22.291,1.6539,1.65425,0.40,0.40
2008.03.07 09:23:22.564,1.6539,1.65415,0.40,0.40
2008.03.07 09:23:22.851,1.6539,1.65415,0.40,0.40
2008.03.07 09:23:23.165,1.654,1.6542,0.40,4.00
2008.03.07 09:23:23.479,1.654,1.6543,0.40,0.40
2008.03.07 09:23:23.697,1.654,1.6543,0.40,0.40
2008.03.07 09:23:23.945,1.654,1.6543,0.40,0.40
2008.03.07 09:23:24.193,1.6539,1.65425,0.40,0.40
2008.03.07 09:23:24.442,1.6539,1.65425,0.40,0.40
2008.03.07 09:23:24.754,1.6539,1.65425,0.40,0.40
2008.03.07 09:23:25.067,1.6539,1.65425,0.40,0.40
2008.03.07 09:23:25.380,1.6539,1.65425,0.40,0.40
2008.03.07 09:23:25.625,1.6539,1.65425,0.40,0.40
2008.03.07 09:23:25.898,1.6539,1.65425,0.40,0.40
2008.03.07 09:23:26.111,1.6539,1.6541,0.40,0.40
2008.03.07 09:23:26.354,1.6537,1.6541,0.40,0.40
2008.03.07 09:23:26.597,1.6538,1.65415,0.40,4.30
2008.03.07 09:23:26.931,1.6538,1.6541,0.40,0.40
2008.03.07 09:23:27.264,1.6537,1.6541,0.60,0.40
2008.03.07 09:23:27.598,1.6537,1.6541,0.60,0.40
2008.03.07 09:23:27.833,1.6537,1.6541,0.60,0.40
2008.03.07 09:23:28.065,1.6537,1.6541,0.60,0.40
2008.03.07 09:23:28.329,1.6537,1.6541,0.60,0.40
2008.03.07 09:23:28.592,1.6537,1.65405,0.40,0.40
2008.03.07 09:23:28.875,1.6537,1.65405,0.40,0.40
2008.03.07 09:23:29.189,1.65375,1.65415,0.20,4.30
2008.03.07 09:23:29.503,1.65375,1.65415,4.20,0.40
2008.03.07 09:23:29.751,1.65375,1.65415,4.20,0.40
2008.03.07 09:23:30.000,1.6538,1.65415,0.40,0.40
2008.03.07 09:23:30.248,1.6538,1.65415,0.40,0.40
2008.03.07 09:23:30.495,1.6538,1.65415,0.40,0.40
2008.03.07 09:23:30.800,1.6538,1.65415,0.40,0.40
2008.03.07 09:23:31.104,1.6538,1.6541,0.40,0.40
2008.03.07 09:23:31.406,1.6538,1.6541,0.40,0.40
2008.03.07 09:23:31.711,1.6539,1.65415,0.40,4.30
2008.03.07 09:23:31.980,1.6539,1.65415,0.40,0.40
2008.03.07 09:23:32.253,1.6538,1.65415,4.30,0.40
2008.03.07 09:23:32.548,1.6538,1.65415,0.40,0.40
2008.03.07 09:23:32.834,1.6538,1.65415,0.40,0.40
2008.03.07 09:23:33.122,1.6538,1.65415,0.40,0.40
2008.03.07 09:23:33.414,1.6538,1.65415,0.40,0.40
2008.03.07 09:23:33.687,1.65375,1.6541,4.00,0.40
2008.03.07 09:23:34.002,1.65395,1.65415,0.20,4.00
2008.03.07 09:23:34.315,1.654,1.6541,0.40,4.00
2008.03.07 09:23:34.628,1.6539,1.65405,4.00,0.40
2008.03.07 09:23:34.872,1.65385,1.65405,4.00,0.40
2008.03.07 09:23:35.115,1.6538,1.65395,4.00,0.40
2008.03.07 09:23:35.358,1.6536,1.65395,4.30,0.40
2008.03.07 09:23:35.602,1.6536,1.65395,0.40,0.40
2008.03.07 09:23:35.916,1.6536,1.6539,4.00,0.40
2008.03.07 09:23:36.229,1.65355,1.654,4.20,0.40
2008.03.07 09:23:36.543,1.65355,1.654,4.20,0.40
2008.03.07 09:23:36.856,1.6535,1.65395,4.50,0.40
2008.03.07 09:23:37.171,1.6535,1.65385,4.30,0.40
2008.03.07 09:23:37.484,1.6534,1.65385,4.50,0.40
2008.03.07 09:23:37.800,1.6534,1.65385,6.90,0.40
2008.03.07 09:23:38.061,1.6536,1.65385,0.40,0.40
2008.03.07 09:23:38.323,1.6536,1.65385,0.40,0.40
2008.03.07 09:23:38.587,1.6534,1.65385,4.50,0.40
2008.03.07 09:23:38.850,1.6535,1.65385,4.00,0.40
2008.03.07 09:23:39.082,1.6535,1.65385,4.00,0.40
2008.03.07 09:23:39.315,1.6535,1.65385,4.00,0.40
2008.03.07 09:23:39.549,1.6534,1.65385,4.50,0.40
2008.03.07 09:23:39.782,1.6534,1.6538,4.30,0.40
2008.03.07 09:23:40.115,1.6534,1.6538,4.00,0.40
2008.03.07 09:23:40.434,1.6533,1.65375,4.50,0.40
2008.03.07 09:23:40.750,1.6535,1.6539,0.20,1.10
2008.03.07 09:23:41.010,1.6535,1.6539,0.20,1.10
2008.03.07 09:23:41.279,1.6537,1.6539,0.40,0.80
2008.03.07 09:23:41.549,1.6537,1.65405,0.40,0.40
2008.03.07 09:23:41.787,1.6537,1.65405,0.40,0.40
2008.03.07 09:23:42.120,1.6537,1.65405,0.40,0.40
2008.03.07 09:23:42.483,1.6537,1.65405,0.40,0.40
2008.03.07 09:23:42.815,1.65385,1.65415,4.00,0.80
2008.03.07 09:23:43.024,1.65385,1.65415,4.00,0.80
2008.03.07 09:23:43.262,1.6539,1.65415,0.40,0.80
2008.03.07 09:23:43.500,1.65395,1.6543,4.00,0.40
2008.03.07 09:23:43.740,1.65415,1.65445,0.20,4.00
2008.03.07 09:23:43.978,1.65425,1.6545,4.00,0.80
2008.03.07 09:23:44.291,1.65435,1.6546,4.00,0.40
2008.03.07 09:23:44.605,1.65435,1.65465,4.00,0.40
2008.03.07 09:23:44.918,1.6543,1.65465,4.00,0.40
2008.03.07 09:23:45.167,1.6544,1.6547,0.20,0.80
2008.03.07 09:23:45.418,1.6545,1.6548,0.40,4.00
2008.03.07 09:23:45.671,1.6545,1.65465,4.30,0.40
2008.03.07 09:23:45.919,1.6545,1.65465,4.00,0.40
2008.03.07 09:23:46.228,1.6543,1.6546,4.00,0.40
2008.03.07 09:23:46.518,1.65425,1.6546,4.00,0.40
2008.03.07 09:23:46.805,1.65415,1.6545,4.00,0.40
2008.03.07 09:23:47.094,1.65415,1.6545,4.00,0.40
2008.03.07 09:23:47.398,1.65415,1.6545,4.00,0.40
2008.03.07 09:23:47.703,1.65415,1.65455,4.00,0.40
2008.03.07 09:23:48.010,1.6542,1.65435,4.00,0.40
2008.03.07 09:23:48.316,1.6542,1.6544,4.00,0.40
2008.03.07 09:23:48.591,1.65425,1.6544,4.00,0.40
2008.03.07 09:23:48.865,1.65405,1.6544,4.00,0.40
2008.03.07 09:23:49.139,1.65405,1.6544,4.00,0.40
2008.03.07 09:23:49.417,1.65405,1.6544,4.00,0.40
2008.03.07 09:23:49.713,1.65405,1.6544,4.00,0.40
2008.03.07 09:23:50.003,1.65405,1.6544,4.00,0.40
2008.03.07 09:23:50.237,1.65405,1.6544,4.00,0.40
2008.03.07 09:23:50.541,1.65405,1.6545,4.20,1.90
2008.03.07 09:23:50.846,1.65415,1.6545,4.00,0.40
2008.03.07 09:23:51.149,1.65415,1.65435,4.00,0.40
2008.03.07 09:23:51.388,1.65405,1.65435,4.00,0.40
2008.03.07 09:23:51.627,1.6541,1.65445,0.40,0.40
2008.03.07 09:23:51.864,1.6541,1.65445,0.40,0.40
2008.03.07 09:23:52.104,1.6541,1.65445,4.30,0.40
2008.03.07 09:23:52.370,1.6541,1.65445,4.30,0.40
2008.03.07 09:23:52.725,1.6541,1.6544,0.40,0.40
2008.03.07 09:23:53.058,1.65405,1.6544,4.00,0.40
2008.03.07 09:23:53.393,1.65405,1.6544,4.00,0.40
2008.03.07 09:23:53.636,1.65405,1.6544,4.00,0.40
2008.03.07 09:23:53.879,1.65405,1.6544,4.00,0.40
2008.03.07 09:23:54.123,1.65405,1.6544,4.00,0.40
2008.03.07 09:23:54.366,1.65405,1.6543,4.00,0.40
2008.03.07 09:23:54.675,1.65395,1.6543,4.00,0.40
2008.03.07 09:23:54.984,1.65395,1.6543,4.00,0.40
2008.03.07 09:23:55.293,1.65395,1.6543,4.00,0.40
2008.03.07 09:23:55.551,1.65395,1.6543,4.00,0.40
2008.03.07 09:23:55.825,1.65395,1.65435,4.00,0.40
2008.03.07 09:23:56.083,1.654,1.65435,0.40,0.40
2008.03.07 09:23:56.342,1.6542,1.6545,0.20,4.00
2008.03.07 09:23:56.686,1.6543,1.65465,0.40,1.10
2008.03.07 09:23:57.048,1.6543,1.65465,4.30,1.10
2008.03.07 09:23:57.410,1.6543,1.65465,4.30,1.10
2008.03.07 09:23:57.603,1.6543,1.65465,4.30,1.10
2008.03.07 09:23:57.827,1.6543,1.65465,4.30,1.10
2008.03.07 09:23:58.051,1.6544,1.65465,0.40,0.80
2008.03.07 09:23:58.275,1.6544,1.65465,0.40,0.40
2008.03.07 09:23:58.609,1.6544,1.65455,0.40,0.40
2008.03.07 09:23:58.943,1.6543,1.65455,0.40,0.40
2008.03.07 09:23:59.276,1.6543,1.65455,0.40,0.40
2008.03.07 09:23:59.609,1.6543,1.65455,0.40,0.40
2008.03.07 09:23:59.847,1.6543,1.65455,0.40,0.40
2008.03.07 09:24:00.086,1.6543,1.65455,0.40,0.40
2008.03.07 09:24:00.323,1.6543,1.65455,0.40,0.40
2008.03.07 09:24:00.626,1.6543,1.65455,0.40,0.40
2008.03.07 09:24:00.929,1.6543,1.65455,0.40,0.40
2008.03.07 09:24:01.233,1.6543,1.65455,0.40,0.40
2008.03.07 09:24:01.535,1.6543,1.65455,0.40,0.40
2008.03.07 09:24:01.819,1.6543,1.65465,4.30,0.40
2008.03.07 09:24:02.103,1.6543,1.65465,4.30,0.70
2008.03.07 09:24:02.385,1.6543,1.65465,4.30,0.70
2008.03.07 09:24:02.658,1.6543,1.65465,4.30,0.70
2008.03.07 09:24:02.931,1.6543,1.65465,4.30,0.70
2008.03.07 09:24:03.205,1.65435,1.65465,0.20,0.50
2008.03.07 09:24:03.501,1.65435,1.65465,0.20,0.50
2008.03.07 09:24:03.769,1.6544,1.65465,0.40,0.50
2008.03.07 09:24:04.038,1.6544,1.65465,0.40,0.50
2008.03.07 09:24:04.305,1.6544,1.65465,0.40,0.50
2008.03.07 09:24:04.576,1.6544,1.65465,0.40,0.50
2008.03.07 09:24:04.864,1.6544,1.65465,0.40,0.50
2008.03.07 09:24:05.152,1.6544,1.65465,0.40,0.50
2008.03.07 09:24:05.440,1.6544,1.65465,0.40,0.50
2008.03.07 09:24:05.737,1.6544,1.65465,0.40,0.50
2008.03.07 09:24:06.007,1.6544,1.65465,0.40,0.50
2008.03.07 09:24:06.273,1.6547,1.65495,0.40,0.40
2008.03.07 09:24:06.541,1.6547,1.65495,0.40,0.40
2008.03.07 09:24:06.845,1.6547,1.6549,0.40,0.40
2008.03.07 09:24:07.149,1.6547,1.6549,0.40,0.40
2008.03.07 09:24:07.451,1.6546,1.6549,0.40,0.40
2008.03.07 09:24:07.728,1.6546,1.6549,0.40,0.40
2008.03.07 09:24:08.006,1.6546,1.6549,0.40,0.40
2008.03.07 09:24:08.284,1.6546,1.6549,0.40,0.40
2008.03.07 09:24:08.574,1.6546,1.6549,0.40,0.40
2008.03.07 09:24:08.831,1.6546,1.6549,0.40,0.70
2008.03.07 09:24:09.091,1.6546,1.6549,0.40,0.70
2008.03.07 09:24:09.349,1.6546,1.6549,0.40,0.70
2008.03.07 09:24:09.608,1.6546,1.6549,0.40,0.70
2008.03.07 09:24:09.897,1.6546,1.6549,0.40,0.70
2008.03.07 09:24:10.185,1.6546,1.6549,0.40,0.70
2008.03.07 09:24:10.473,1.6546,1.6549,0.40,0.70
2008.03.07 09:24:10.760,1.6546,1.6549,0.40,0.70
2008.03.07 09:24:11.085,1.6546,1.6549,0.40,0.70
2008.03.07 09:24:11.408,1.6546,1.6549,0.40,0.70
2008.03.07 09:24:11.747,1.6546,1.6549,0.40,0.70
2008.03.07 09:24:12.038,1.6546,1.6549,0.40,0.70
2008.03.07 09:24:12.335,1.6546,1.6549,0.40,0.70
2008.03.07 09:24:12.625,1.6546,1.6549,0.40,0.70
2008.03.07 09:24:12.923,1.6546,1.6549,0.40,0.70
2008.03.07 09:24:13.161,1.6546,1.6549,0.40,0.70
2008.03.07 09:24:13.428,1.6546,1.6549,0.40,0.70
2008.03.07 09:24:13.698,1.6546,1.6549,0.40,0.70
2008.03.07 09:24:13.991,1.6546,1.6549,0.40,0.70
2008.03.07 09:24:14.283,1.6546,1.6549,0.40,0.70
2008.03.07 09:24:14.576,1.6546,1.6549,0.40,0.70
2008.03.07 09:24:14.871,1.6546,1.6549,0.40,0.70
2008.03.07 09:24:15.124,1.6546,1.6549,0.40,0.70
2008.03.07 09:24:15.376,1.6546,1.6549,0.40,0.70
2008.03.07 09:24:15.629,1.6546,1.6549,0.40,0.70
2008.03.07 09:24:15.883,1.6546,1.6549,0.40,0.70
2008.03.07 09:24:16.181,1.6546,1.6549,0.40,0.70
2008.03.07 09:24:16.479,1.6546,1.6549,0.40,0.70
2008.03.07 09:24:16.776,1.6546,1.6549,0.40,0.70
2008.03.07 09:24:17.075,1.6546,1.6549,0.40,0.70
2008.03.07 09:24:17.373,1.6546,1.6549,0.40,0.70
2008.03.07 09:24:17.671,1.6546,1.6549,0.40,0.70
2008.03.07 09:24:17.969,1.6546,1.6549,0.40,0.70
2008.03.07 09:24:18.223,1.6546,1.6549,0.40,0.70
2008.03.07 09:24:18.475,1.6546,1.6549,0.40,0.70
2008.03.07 09:24:18.728,1.6546,1.6549,0.40,0.70
2008.03.07 09:24:18.981,1.6546,1.6549,0.40,0.70
2008.03.07 09:24:19.310,1.6546,1.6549,0.40,0.70
2008.03.07 09:24:19.607,1.6546,1.6549,0.40,0.70
2008.03.07 09:24:19.921,1.6546,1.6549,0.40,0.70
2008.03.07 09:24:20.173,1.6546,1.6549,0.40,0.70
2008.03.07 09:24:20.426,1.6546,1.6549,0.40,0.70
2008.03.07 09:24:20.678,1.6546,1.6549,0.40,0.70
2008.03.07 09:24:20.932,1.6546,1.6549,0.40,0.70
2008.03.07 09:24:21.239,1.6546,1.6549,0.40,0.70
2008.03.07 09:24:21.548,1.6546,1.6549,0.40,0.70
2008.03.07 09:24:21.865,1.6546,1.6549,0.40,0.70
2008.03.07 09:24:22.172,1.6546,1.6549,0.40,0.70
2008.03.07 09:24:22.445,1.6546,1.6549,0.40,0.70
2008.03.07 09:24:22.718,1.6546,1.6549,0.40,0.70
2008.03.07 09:24:22.991,1.6546,1.6549,0.40,0.70
2008.03.07 09:24:23.279,1.6546,1.6549,0.40,0.70
2008.03.07 09:24:23.587,1.6546,1.6549,0.40,0.70
2008.03.07 09:24:23.906,1.6546,1.6549,0.40,0.70
2008.03.07 09:24:24.182,1.6546,1.6549,0.40,0.70
2008.03.07 09:24:24.430,1.6546,1.6549,0.40,0.70
2008.03.07 09:24:24.677,1.6546,1.6549,0.40,0.70
2008.03.07 09:24:24.925,1.6546,1.6549,0.40,0.70
2008.03.07 09:24:25.173,1.6546,1.6549,0.40,0.70
2008.03.07 09:24:25.486,1.6546,1.6549,0.40,0.70
2008.03.07 09:24:25.798,1.6546,1.6549,0.40,0.70
2008.03.07 09:24:26.112,1.6546,1.6549,0.40,0.50
2008.03.07 09:24:26.363,1.65465,1.6549,4.00,0.50
2008.03.07 09:24:26.606,1.65465,1.655,4.20,0.50
2008.03.07 09:24:26.850,1.65465,1.655,4.20,0.50
2008.03.07 09:24:27.093,1.65475,1.655,4.00,0.50
2008.03.07 09:24:27.416,1.65475,1.655,4.00,0.50
2008.03.07 09:24:27.742,1.65475,1.655,4.00,0.50
2008.03.07 09:24:28.094,1.6547,1.655,0.40,0.50
2008.03.07 09:24:28.330,1.6547,1.655,0.40,0.50
2008.03.07 09:24:28.563,1.6547,1.6551,0.40,4.70
2008.03.07 09:24:28.796,1.6547,1.6551,0.40,4.70
2008.03.07 09:24:29.031,1.6547,1.6551,0.40,4.70
2008.03.07 09:24:29.348,1.6547,1.6551,0.40,4.70
2008.03.07 09:24:29.667,1.6547,1.6551,0.40,4.70
2008.03.07 09:24:30.017,1.6547,1.6551,0.40,4.70
2008.03.07 09:24:30.334,1.6547,1.6551,0.40,4.70
2008.03.07 09:24:30.587,1.6547,1.6551,0.40,4.70
2008.03.07 09:24:30.850,1.6547,1.6551,0.40,4.70
2008.03.07 09:24:31.133,1.6547,1.6551,0.40,4.70
2008.03.07 09:24:31.458,1.6547,1.6551,0.40,4.70
2008.03.07 09:24:31.756,1.6547,1.6551,0.40,4.70
2008.03.07 09:24:32.057,1.6547,1.6551,0.40,4.70
2008.03.07 09:24:32.350,1.6547,1.6551,0.40,4.70
2008.03.07 09:24:32.658,1.65485,1.6551,0.20,4.40
2008.03.07 09:24:32.997,1.6549,1.6551,0.40,4.40
2008.03.07 09:24:33.303,1.6547,1.6551,0.40,4.30
2008.03.07 09:24:33.590,1.6547,1.6551,4.30,0.40
2008.03.07 09:24:33.848,1.6547,1.6551,0.40,4.30
2008.03.07 09:24:35.022,1.6547,1.6551,0.40,0.40
2008.03.07 09:24:35.134,1.6547,1.6551,0.40,4.30
2008.03.07 09:24:35.238,1.6547,1.6551,0.40,4.30
2008.03.07 09:24:35.342,1.6547,1.6551,0.40,4.30
2008.03.07 09:24:35.475,1.6547,1.6551,0.40,4.30
2008.03.07 09:24:35.619,1.6547,1.6551,0.40,4.30
2008.03.07 09:24:35.682,1.65475,1.6551,0.20,4.00
2008.03.07 09:24:35.787,1.65475,1.6551,0.20,4.40
2008.03.07 09:24:35.917,1.65475,1.6551,0.20,4.40
2008.03.07 09:24:36.022,1.6548,1.6551,0.40,4.40
2008.03.07 09:24:36.354,1.6548,1.6551,0.40,0.50
2008.03.07 09:24:36.688,1.6548,1.6551,0.40,0.50
2008.03.07 09:24:37.019,1.6548,1.6551,0.40,0.50
2008.03.07 09:24:37.351,1.6548,1.6551,0.40,0.50
2008.03.07 09:24:37.626,1.6548,1.6551,0.40,0.50
2008.03.07 09:24:37.900,1.6548,1.6552,0.40,4.30
2008.03.07 09:24:38.173,1.6548,1.65515,0.40,0.40
2008.03.07 09:24:38.441,1.6547,1.65515,0.60,4.30
2008.03.07 09:24:38.708,1.6547,1.65515,0.60,4.30
2008.03.07 09:24:38.977,1.6547,1.65515,0.60,4.30
2008.03.07 09:24:39.276,1.6547,1.65515,0.60,4.30
2008.03.07 09:24:39.608,1.6547,1.65515,0.60,4.30
2008.03.07 09:24:39.915,1.6547,1.65515,0.60,4.30
2008.03.07 09:24:40.223,1.6547,1.65515,0.60,4.30
2008.03.07 09:24:40.456,1.6547,1.65515,0.60,4.30
2008.03.07 09:24:40.688,1.6547,1.65515,0.60,4.30
2008.03.07 09:24:40.921,1.6547,1.65515,0.60,4.30
2008.03.07 09:24:41.154,1.6547,1.65515,0.60,4.30
2008.03.07 09:24:41.457,1.6547,1.65515,0.60,4.30
2008.03.07 09:24:41.761,1.65485,1.6552,0.20,4.00
2008.03.07 09:24:42.074,1.6549,1.6552,0.20,4.00
2008.03.07 09:24:42.375,1.65485,1.65515,4.00,0.40
2008.03.07 09:24:42.664,1.65485,1.6551,4.00,0.40
2008.03.07 09:24:42.953,1.6548,1.6551,0.40,4.30
2008.03.07 09:24:43.240,1.6548,1.6551,0.40,4.30
2008.03.07 09:24:43.523,1.6547,1.6551,0.40,4.30
2008.03.07 09:24:43.806,1.6547,1.6551,0.40,4.30
2008.03.07 09:24:44.089,1.6547,1.6551,0.40,4.30
2008.03.07 09:24:44.386,1.6547,1.6551,0.40,4.30
2008.03.07 09:24:44.656,1.6547,1.6551,0.40,4.30
2008.03.07 09:24:44.862,1.6547,1.6551,0.40,4.30
2008.03.07 09:24:45.100,1.6547,1.6551,0.40,4.30
2008.03.07 09:24:45.338,1.6547,1.6551,0.40,4.30
2008.03.07 09:24:45.645,1.6547,1.6551,0.40,4.30
2008.03.07 09:24:45.963,1.6547,1.6551,0.40,4.30
2008.03.07 09:24:46.270,1.6547,1.6551,0.40,4.30
2008.03.07 09:24:46.560,1.6547,1.6551,0.40,4.30
2008.03.07 09:24:46.849,1.6547,1.6551,0.40,4.30
2008.03.07 09:24:47.136,1.6547,1.6551,0.40,4.30
2008.03.07 09:24:47.424,1.6547,1.6551,0.40,4.30
2008.03.07 09:24:47.700,1.6547,1.6551,0.40,4.30
2008.03.07 09:24:47.985,1.6547,1.65505,0.40,0.40
2008.03.07 09:24:48.267,1.6547,1.65505,0.40,4.30
2008.03.07 09:24:48.490,1.6547,1.65505,0.40,4.30
2008.03.07 09:24:48.793,1.6547,1.65505,0.40,4.30
2008.03.07 09:24:49.096,1.6547,1.65505,0.40,4.30
2008.03.07 09:24:49.400,1.6547,1.65505,0.40,4.30
2008.03.07 09:24:49.653,1.6547,1.65505,0.40,4.30
2008.03.07 09:24:49.906,1.6547,1.65505,0.40,4.30
2008.03.07 09:24:50.183,1.6547,1.65505,0.40,4.30
2008.03.07 09:24:50.434,1.6547,1.65505,0.40,4.30
2008.03.07 09:24:50.723,1.6547,1.65505,0.40,4.30
2008.03.07 09:24:51.013,1.6547,1.65505,0.40,4.30
2008.03.07 09:24:51.300,1.6547,1.65505,0.40,4.30
2008.03.07 09:24:51.590,1.6547,1.65505,0.40,4.30
2008.03.07 09:24:51.910,1.6547,1.65505,0.40,4.30
2008.03.07 09:24:52.219,1.6547,1.65505,0.40,4.30
2008.03.07 09:24:52.526,1.6547,1.655,0.40,4.00
2008.03.07 09:24:52.764,1.6547,1.655,0.40,4.30
2008.03.07 09:24:53.003,1.6546,1.655,0.40,4.30
2008.03.07 09:24:53.242,1.65465,1.655,0.20,4.00
2008.03.07 09:24:53.480,1.6545,1.6549,4.30,0.40
2008.03.07 09:24:53.793,1.6545,1.65485,0.40,0.40
2008.03.07 09:24:54.107,1.6545,1.65485,0.40,0.40
2008.03.07 09:24:54.421,1.6545,1.65485,0.40,0.40
2008.03.07 09:24:54.734,1.6545,1.65485,0.40,0.40
2008.03.07 09:24:54.993,1.6545,1.65485,0.40,0.40
2008.03.07 09:24:55.251,1.6545,1.6548,0.40,0.40
2008.03.07 09:24:55.509,1.6544,1.6548,0.40,0.40
2008.03.07 09:24:55.767,1.6544,1.6548,0.40,0.40
2008.03.07 09:24:56.045,1.6544,1.6548,0.40,0.40
2008.03.07 09:24:56.324,1.6544,1.65465,0.40,0.40
2008.03.07 09:24:56.601,1.6544,1.65465,0.40,0.40
2008.03.07 09:24:56.910,1.6544,1.6547,0.40,0.40
2008.03.07 09:24:57.218,1.6543,1.6547,0.40,4.30
2008.03.07 09:24:57.526,1.6543,1.6547,0.40,4.30
2008.03.07 09:24:57.834,1.6543,1.6547,0.40,4.30
2008.03.07 09:24:58.103,1.6543,1.6547,4.30,0.40
2008.03.07 09:24:58.372,1.6543,1.65465,4.30,0.40
2008.03.07 09:24:58.640,1.6543,1.65465,0.40,4.30
2008.03.07 09:24:58.920,1.6543,1.65465,0.60,4.00
2008.03.07 09:24:59.198,1.6543,1.65475,0.60,4.30
2008.03.07 09:24:59.477,1.6544,1.65475,0.40,4.30
2008.03.07 09:24:59.754,1.6544,1.65475,0.40,4.30
2008.03.07 09:25:00.047,1.6544,1.65475,0.40,4.30
2008.03.07 09:25:00.340,1.6544,1.65475,0.40,4.30
2008.03.07 09:25:00.662,1.6544,1.65475,0.40,4.00
2008.03.07 09:25:00.931,1.6544,1.6548,0.40,5.90
2008.03.07 09:25:01.203,1.6543,1.65455,4.30,0.40
2008.03.07 09:25:01.472,1.6543,1.65455,0.40,0.40
2008.03.07 09:25:01.740,1.6542,1.65455,0.40,0.40
2008.03.07 09:25:02.068,1.6542,1.65455,0.40,4.30
2008.03.07 09:25:02.415,1.6542,1.65455,0.40,4.30
2008.03.07 09:25:02.745,1.6542,1.6543,0.40,0.40
2008.03.07 09:25:03.073,1.654,1.6543,0.40,0.40
2008.03.07 09:25:03.285,1.654,1.65425,0.40,0.40
2008.03.07 09:25:03.498,1.654,1.65425,0.40,0.40
2008.03.07 09:25:03.710,1.654,1.65425,0.40,4.30
2008.03.07 09:25:03.924,1.654,1.65425,0.40,4.00
2008.03.07 09:25:04.257,1.654,1.6543,0.40,4.30
2008.03.07 09:25:04.591,1.6539,1.65425,0.40,0.40
2008.03.07 09:25:04.924,1.6539,1.65425,0.40,0.40
2008.03.07 09:25:05.163,1.6539,1.65425,0.40,4.30
2008.03.07 09:25:05.400,1.6539,1.65425,0.40,4.30
2008.03.07 09:25:05.638,1.6539,1.65425,0.40,4.30
2008.03.07 09:25:05.877,1.6538,1.65415,0.40,0.40
2008.03.07 09:25:06.115,1.6538,1.65415,0.40,0.40
2008.03.07 09:25:06.450,1.6538,1.6541,0.40,0.40
2008.03.07 09:25:06.784,1.65375,1.6541,4.00,0.40
2008.03.07 09:25:07.117,1.6537,1.6541,0.60,0.40
2008.03.07 09:25:07.379,1.6537,1.6541,0.60,0.40
2008.03.07 09:25:07.642,1.6537,1.6541,0.60,0.40
2008.03.07 09:25:07.906,1.6537,1.6541,0.60,0.40
2008.03.07 09:25:08.168,1.6537,1.6541,0.60,0.40
2008.03.07 09:25:08.441,1.6537,1.6541,0.60,0.40
2008.03.07 09:25:08.714,1.6537,1.6541,0.60,0.40
2008.03.07 09:25:08.987,1.6537,1.6541,2.10,0.40
2008.03.07 09:25:09.261,1.6539,1.65415,0.40,4.00
2008.03.07 09:25:09.544,1.6539,1.65425,0.60,4.00
2008.03.07 09:25:09.858,1.654,1.65435,0.60,4.00
2008.03.07 09:25:10.111,1.654,1.65435,0.60,4.00
2008.03.07 09:25:10.405,1.6541,1.65435,0.40,4.00
2008.03.07 09:25:10.699,1.65395,1.65435,4.00,0.40
2008.03.07 09:25:10.993,1.65395,1.65435,4.00,0.40
2008.03.07 09:25:11.287,1.654,1.6543,4.00,0.40
2008.03.07 09:25:11.550,1.654,1.6543,4.00,0.40
2008.03.07 09:25:11.813,1.6539,1.6543,0.40,0.40
2008.03.07 09:25:12.092,1.6539,1.6543,0.40,0.40
2008.03.07 09:25:12.426,1.6541,1.65435,0.40,4.00
2008.03.07 09:25:12.728,1.6541,1.65445,0.40,0.40
2008.03.07 09:25:13.031,1.6541,1.65445,0.40,0.40
2008.03.07 09:25:13.359,1.6541,1.65445,0.40,0.40
2008.03.07 09:25:13.618,1.6541,1.65445,0.40,0.40
2008.03.07 09:25:13.894,1.6541,1.65445,0.40,0.40
2008.03.07 09:25:14.137,1.6541,1.65445,0.40,0.40
2008.03.07 09:25:14.454,1.6541,1.65445,0.40,0.40
2008.03.07 09:25:14.772,1.65415,1.65445,0.20,0.50
2008.03.07 09:25:15.090,1.65415,1.65445,0.20,0.50
2008.03.07 09:25:15.425,1.6542,1.6545,0.20,4.00
2008.03.07 09:25:15.660,1.6542,1.65465,4.20,0.40
2008.03.07 09:25:15.896,1.6542,1.65465,8.20,0.40
2008.03.07 09:25:16.135,1.6542,1.65465,4.20,4.30
2008.03.07 09:25:16.448,1.6544,1.65465,2.60,4.00
2008.03.07 09:25:16.761,1.6544,1.6547,2.60,4.40
2008.03.07 09:25:17.074,1.6545,1.6548,0.40,0.40
2008.03.07 09:25:17.388,1.6546,1.6549,0.40,4.70
2008.03.07 09:25:17.712,1.6546,1.65495,0.40,4.70
2008.03.07 09:25:18.035,1.6546,1.65495,0.40,4.70
2008.03.07 09:25:18.359,1.6546,1.65495,0.40,4.40
2008.03.07 09:25:18.612,1.6546,1.655,0.40,6.70
2008.03.07 09:25:18.865,1.6544,1.6548,0.40,0.40
2008.03.07 09:25:19.118,1.6544,1.6548,4.30,0.40
2008.03.07 09:25:19.371,1.6544,1.6548,0.40,0.40
2008.03.07 09:25:19.644,1.6544,1.65475,0.40,0.40
2008.03.07 09:25:19.918,1.6544,1.65475,0.40,0.40
2008.03.07 09:25:20.193,1.6544,1.6548,0.60,4.40
2008.03.07 09:25:20.476,1.6544,1.65485,4.50,0.70
2008.03.07 09:25:20.761,1.65445,1.65485,0.20,0.50
2008.03.07 09:25:21.045,1.65445,1.65485,4.20,0.50
2008.03.07 09:25:21.328,1.6546,1.65485,0.40,0.50
2008.03.07 09:25:21.604,1.6546,1.65485,0.40,0.50
2008.03.07 09:25:21.900,1.6545,1.65485,0.40,0.70
2008.03.07 09:25:22.195,1.6545,1.65485,0.40,0.70
2008.03.07 09:25:22.495,1.6543,1.65465,0.40,0.40
2008.03.07 09:25:22.775,1.6543,1.6547,0.60,4.40
2008.03.07 09:25:23.093,1.6544,1.6547,0.40,0.50
2008.03.07 09:25:23.411,1.6544,1.6547,0.40,0.50
2008.03.07 09:25:23.649,1.6544,1.6547,0.40,0.50
2008.03.07 09:25:23.887,1.6544,1.6547,0.40,0.50
2008.03.07 09:25:24.125,1.6544,1.6547,0.40,0.50
2008.03.07 09:25:24.364,1.6544,1.6547,0.60,0.50
2008.03.07 09:25:24.602,1.6544,1.6548,0.40,4.30
2008.03.07 09:25:24.935,1.65435,1.6548,4.20,0.40
2008.03.07 09:25:25.269,1.6543,1.65475,4.50,0.40
2008.03.07 09:25:25.602,1.6544,1.65475,0.40,0.40
2008.03.07 09:25:25.846,1.6544,1.65475,0.40,0.40
2008.03.07 09:25:26.089,1.6544,1.65475,0.40,0.40
2008.03.07 09:25:26.332,1.6544,1.65475,0.40,0.40
2008.03.07 09:25:26.577,1.6544,1.65475,0.40,0.40
2008.03.07 09:25:26.943,1.6544,1.65475,0.40,0.70
2008.03.07 09:25:27.274,1.6544,1.65475,0.40,0.70
2008.03.07 09:25:27.614,1.6544,1.6547,0.40,0.40
2008.03.07 09:25:27.851,1.6544,1.6547,0.40,0.40
2008.03.07 09:25:28.116,1.6543,1.6547,0.40,8.70
2008.03.07 09:25:28.387,1.65435,1.6547,0.20,6.00
2008.03.07 09:25:28.692,1.6544,1.65465,0.40,0.50
2008.03.07 09:25:29.030,1.6544,1.65465,0.40,0.50
2008.03.07 09:25:29.350,1.6544,1.6547,0.40,0.70
2008.03.07 09:25:29.668,1.6544,1.6547,0.40,0.70
2008.03.07 09:25:29.940,1.6544,1.65465,0.40,4.40
2008.03.07 09:25:30.222,1.6544,1.65465,0.40,4.40
2008.03.07 09:25:30.521,1.6544,1.65465,0.40,4.40
2008.03.07 09:25:30.774,1.6544,1.65465,0.40,0.50
2008.03.07 09:25:31.044,1.6544,1.6546,0.40,0.50
2008.03.07 09:25:31.315,1.6544,1.6546,0.40,0.50
2008.03.07 09:25:31.582,1.6544,1.6547,0.40,0.70
2008.03.07 09:25:31.906,1.6544,1.6547,0.40,1.10
2008.03.07 09:25:32.255,1.6544,1.6546,0.40,0.40
2008.03.07 09:25:32.609,1.6543,1.6546,0.40,0.40
2008.03.07 09:25:32.877,1.6543,1.6545,0.40,0.40
2008.03.07 09:25:33.112,1.6542,1.6545,0.40,0.40
2008.03.07 09:25:33.376,1.6542,1.65445,0.40,0.40
2008.03.07 09:25:33.640,1.6541,1.65445,4.30,0.40
2008.03.07 09:25:33.944,1.6541,1.65445,0.40,0.70
2008.03.07 09:25:34.248,1.6541,1.65445,0.40,0.70
2008.03.07 09:25:34.555,1.6541,1.65445,0.40,0.70
2008.03.07 09:25:34.887,1.6541,1.65445,0.40,0.70
2008.03.07 09:25:35.200,1.6542,1.65445,0.40,0.50
2008.03.07 09:25:35.513,1.6542,1.65455,0.40,4.30
2008.03.07 09:25:35.796,1.6542,1.6545,0.40,0.50
2008.03.07 09:25:36.059,1.6542,1.6545,0.40,0.50
2008.03.07 09:25:36.323,1.6542,1.6545,0.40,0.50
2008.03.07 09:25:36.585,1.6542,1.6545,0.40,0.50
2008.03.07 09:25:36.848,1.6542,1.6545,0.40,0.50
2008.03.07 09:25:37.130,1.6542,1.6545,0.40,0.50
2008.03.07 09:25:37.412,1.6542,1.6545,0.40,0.50
2008.03.07 09:25:37.696,1.6542,1.6545,0.40,0.50
2008.03.07 09:25:37.976,1.6542,1.6545,0.40,0.50
2008.03.07 09:25:38.287,1.6542,1.6545,0.40,0.50
2008.03.07 09:25:38.562,1.6542,1.6545,0.40,0.50
2008.03.07 09:25:38.840,1.6542,1.6545,0.40,0.50
2008.03.07 09:25:39.123,1.6542,1.6545,0.40,0.50
2008.03.07 09:25:39.405,1.6542,1.6545,0.40,0.50
2008.03.07 09:25:39.688,1.6542,1.6545,0.40,0.50
2008.03.07 09:25:39.971,1.6542,1.6545,0.40,0.50
2008.03.07 09:25:40.229,1.6542,1.6544,0.40,0.40
2008.03.07 09:25:40.500,1.6541,1.6544,0.40,0.40
2008.03.07 09:25:40.759,1.6541,1.6544,0.60,0.50
2008.03.07 09:25:41.053,1.6542,1.6544,0.40,0.50
2008.03.07 09:25:41.347,1.6542,1.6544,0.40,0.50
2008.03.07 09:25:41.640,1.6542,1.6544,0.40,0.50
2008.03.07 09:25:41.933,1.6542,1.6544,0.40,0.50
2008.03.07 09:25:42.217,1.6542,1.65445,0.40,0.50
2008.03.07 09:25:42.502,1.6542,1.65445,0.40,0.50
2008.03.07 09:25:42.786,1.6541,1.6544,0.40,0.40
2008.03.07 09:25:43.074,1.6541,1.6544,0.40,0.40
2008.03.07 09:25:43.362,1.6541,1.6544,0.40,0.70
2008.03.07 09:25:43.652,1.6541,1.6544,0.40,0.70
2008.03.07 09:25:43.947,1.6541,1.6544,0.40,0.70
2008.03.07 09:25:44.229,1.6541,1.6544,0.40,0.70
2008.03.07 09:25:44.508,1.6541,1.6544,0.40,0.70
2008.03.07 09:25:44.772,1.6541,1.6544,0.40,0.80
2008.03.07 09:25:45.018,1.6541,1.6544,0.40,0.80
2008.03.07 09:25:45.324,1.6541,1.6544,0.40,0.80
2008.03.07 09:25:45.632,1.6541,1.6544,0.40,0.80
2008.03.07 09:25:45.940,1.6541,1.6544,0.40,0.80
2008.03.07 09:25:46.174,1.6541,1.6544,0.40,0.80
2008.03.07 09:25:46.422,1.6541,1.6544,0.40,0.80
2008.03.07 09:25:46.655,1.6541,1.6544,0.40,0.80
2008.03.07 09:25:46.888,1.6541,1.6544,0.40,0.80
2008.03.07 09:25:47.121,1.6541,1.65445,0.40,0.80
2008.03.07 09:25:47.453,1.6541,1.65445,0.40,0.80
2008.03.07 09:25:47.788,1.6541,1.65445,0.60,0.80
2008.03.07 09:25:48.121,1.6541,1.6545,0.60,0.80
2008.03.07 09:25:48.359,1.6542,1.6545,0.40,0.80
2008.03.07 09:25:48.597,1.6542,1.6545,0.40,0.80
2008.03.07 09:25:48.835,1.6542,1.6545,0.40,0.80
2008.03.07 09:25:49.073,1.6542,1.6545,0.40,0.80
2008.03.07 09:25:49.392,1.6542,1.65455,0.40,0.80
2008.03.07 09:25:49.712,1.6542,1.65455,0.40,0.80
2008.03.07 09:25:50.036,1.6542,1.65455,0.40,0.80
2008.03.07 09:25:50.323,1.6542,1.65455,0.40,0.80
2008.03.07 09:25:50.542,1.6542,1.65455,0.40,0.80
2008.03.07 09:25:50.795,1.6542,1.6545,0.40,0.80
2008.03.07 09:25:51.048,1.6542,1.6545,0.40,0.80
2008.03.07 09:25:51.357,1.6542,1.6545,0.40,0.80
2008.03.07 09:25:51.665,1.6542,1.6545,0.40,0.80
2008.03.07 09:25:51.974,1.65405,1.6543,4.00,0.40
2008.03.07 09:25:52.282,1.65405,1.6544,4.20,4.00
2008.03.07 09:25:52.575,1.65405,1.6543,0.20,4.00
2008.03.07 09:25:52.868,1.654,1.6543,0.60,0.80
2008.03.07 09:25:54.791,1.65405,1.6543,4.00,0.80
2008.03.07 09:25:54.884,1.654,1.6543,0.40,0.40
2008.03.07 09:25:54.976,1.654,1.6543,0.40,0.40
2008.03.07 09:25:55.101,1.6539,1.6543,0.40,5.10
2008.03.07 09:25:55.194,1.6539,1.6543,0.40,5.10
2008.03.07 09:25:55.287,1.6539,1.6543,0.40,5.10
2008.03.07 09:25:55.383,1.6539,1.6543,0.40,5.10
2008.03.07 09:25:55.505,1.6539,1.6543,0.40,5.10
2008.03.07 09:25:55.626,1.6539,1.6543,0.40,5.10
2008.03.07 09:25:55.718,1.65395,1.6543,0.20,4.80
2008.03.07 09:25:55.811,1.65405,1.6543,0.20,4.80
2008.03.07 09:25:56.144,1.654,1.6544,0.40,1.10
2008.03.07 09:25:56.478,1.6541,1.6543,0.40,0.40
2008.03.07 09:25:56.811,1.6539,1.6543,0.40,4.30
2008.03.07 09:25:57.176,1.65395,1.6543,0.20,4.00
2008.03.07 09:25:57.446,1.6541,1.6544,0.40,1.90
2008.03.07 09:25:57.684,1.6541,1.6544,0.40,1.90
2008.03.07 09:25:57.952,1.6541,1.6544,0.40,1.90
2008.03.07 09:25:58.245,1.65395,1.65435,4.00,0.40
2008.03.07 09:25:58.537,1.6539,1.65435,4.50,1.10
2008.03.07 09:25:58.831,1.6539,1.65425,4.30,0.40
2008.03.07 09:25:59.125,1.65395,1.65425,4.00,0.40
2008.03.07 09:25:59.389,1.65405,1.65425,0.20,4.00
2008.03.07 09:25:59.653,1.65405,1.65425,0.20,4.00
2008.03.07 09:25:59.916,1.6541,1.6543,0.40,0.80
2008.03.07 09:26:00.220,1.6541,1.65415,0.40,0.40
2008.03.07 09:26:00.552,1.65395,1.65415,4.00,0.40
2008.03.07 09:26:00.856,1.6539,1.65415,0.20,4.00
2008.03.07 09:26:01.159,1.6539,1.6543,0.20,1.10
2008.03.07 09:26:01.412,1.6539,1.65425,0.40,0.40
2008.03.07 09:26:01.687,1.6539,1.65425,0.40,4.30
2008.03.07 09:26:01.939,1.6539,1.65425,0.40,4.30
2008.03.07 09:26:02.192,1.6539,1.65425,0.40,4.30
2008.03.07 09:26:02.527,1.654,1.6543,0.40,0.80
2008.03.07 09:26:02.860,1.654,1.6543,0.40,0.80
2008.03.07 09:26:03.193,1.654,1.6543,0.40,0.80
2008.03.07 09:26:03.432,1.654,1.6543,0.40,0.80
2008.03.07 09:26:03.671,1.654,1.6543,0.40,0.80
2008.03.07 09:26:03.910,1.654,1.6543,0.40,0.80
2008.03.07 09:26:04.178,1.654,1.6543,0.40,0.80
2008.03.07 09:26:04.510,1.654,1.6543,0.40,0.80
2008.03.07 09:26:04.850,1.654,1.6543,0.40,0.80
2008.03.07 09:26:05.175,1.654,1.6543,0.40,0.80
2008.03.07 09:26:05.418,1.654,1.6543,0.40,0.80
2008.03.07 09:26:05.662,1.654,1.6543,0.40,0.80
2008.03.07 09:26:05.905,1.6539,1.654,4.00,0.40
2008.03.07 09:26:06.148,1.6536,1.654,0.40,0.40
2008.03.07 09:26:06.481,1.6536,1.654,0.40,0.40
2008.03.07 09:26:06.815,1.6536,1.6539,0.40,0.40
2008.03.07 09:26:07.149,1.6535,1.6539,0.40,0.40
2008.03.07 09:26:07.408,1.65355,1.65385,0.20,0.80
2008.03.07 09:26:07.666,1.65355,1.65385,0.20,0.80
2008.03.07 09:26:07.925,1.65365,1.65395,0.20,0.80
2008.03.07 09:26:08.183,1.65365,1.65395,0.20,0.80
2008.03.07 09:26:08.496,1.6535,1.6538,0.40,0.40
2008.03.07 09:26:08.810,1.65365,1.65375,0.20,0.80
2008.03.07 09:26:09.122,1.65365,1.65375,0.20,0.80
2008.03.07 09:26:09.452,1.6536,1.65375,4.00,0.80
2008.03.07 09:26:09.731,1.65355,1.65385,4.20,0.80
2008.03.07 09:26:09.980,1.65355,1.65385,4.20,0.80
2008.03.07 09:26:10.227,1.65355,1.65385,4.20,0.80
2008.03.07 09:26:10.535,1.65355,1.65385,0.20,0.80
2008.03.07 09:26:10.843,1.6535,1.6538,4.30,0.40
2008.03.07 09:26:11.151,1.6534,1.6538,0.40,0.40
2008.03.07 09:26:11.459,1.6534,1.6538,0.40,0.40
2008.03.07 09:26:11.708,1.6534,1.6538,0.40,0.40
2008.03.07 09:26:11.956,1.6534,1.6538,0.40,0.40
2008.03.07 09:26:12.203,1.6534,1.6538,0.40,0.40
2008.03.07 09:26:12.536,1.6534,1.6538,0.40,0.40
2008.03.07 09:26:12.869,1.6534,1.6538,0.40,0.40
2008.03.07 09:26:13.202,1.6534,1.65375,0.40,0.80
2008.03.07 09:26:13.476,1.6534,1.65375,0.40,0.80
2008.03.07 09:26:13.746,1.6534,1.65375,0.40,0.80
2008.03.07 09:26:13.987,1.6534,1.65375,0.40,0.80
2008.03.07 09:26:14.229,1.6534,1.65375,0.40,0.80
2008.03.07 09:26:14.512,1.65335,1.65375,4.20,0.80
2008.03.07 09:26:14.795,1.65335,1.6537,4.20,0.80
2008.03.07 09:26:15.079,1.65335,1.65345,4.00,0.40
2008.03.07 09:26:15.363,1.6531,1.65345,8.50,0.80
2008.03.07 09:26:15.646,1.6531,1.65345,0.20,0.80
2008.03.07 09:26:15.929,1.6531,1.65345,0.20,0.80
2008.03.07 09:26:16.212,1.6531,1.6535,0.20,4.00
2008.03.07 09:26:16.525,1.6531,1.65345,0.40,0.40
2008.03.07 09:26:16.792,1.65305,1.65345,4.00,1.10
2008.03.07 09:26:17.081,1.6532,1.65345,0.20,4.00
2008.03.07 09:26:17.376,1.6532,1.6536,0.20,0.40
2008.03.07 09:26:17.704,1.6533,1.6536,0.40,0.40
2008.03.07 09:26:18.020,1.65315,1.65345,4.00,0.40
2008.03.07 09:26:18.324,1.653,1.65345,0.20,4.30
2008.03.07 09:26:18.601,1.653,1.65345,0.20,4.30
2008.03.07 09:26:18.880,1.6531,1.65345,0.20,4.00
2008.03.07 09:26:19.097,1.6531,1.65355,0.20,4.30
2008.03.07 09:26:19.344,1.6531,1.65345,4.00,0.40
2008.03.07 09:26:19.593,1.6531,1.6534,4.00,0.40
2008.03.07 09:26:19.907,1.65305,1.65345,4.00,0.40
2008.03.07 09:26:20.220,1.65295,1.6534,4.20,0.40
2008.03.07 09:26:20.534,1.65295,1.6534,0.20,4.30
2008.03.07 09:26:20.795,1.65315,1.6534,0.20,4.00
2008.03.07 09:26:21.087,1.65315,1.65355,0.20,0.40
2008.03.07 09:26:21.377,1.6531,1.6536,4.00,5.60
2008.03.07 09:26:21.634,1.6531,1.6536,4.00,5.60
2008.03.07 09:26:21.959,1.65305,1.65355,4.00,4.00
2008.03.07 09:26:22.251,1.65305,1.65355,4.00,4.00
2008.03.07 09:26:22.561,1.6528,1.6532,0.40,4.30
2008.03.07 09:26:22.865,1.65295,1.6532,0.20,4.00
2008.03.07 09:26:23.138,1.65295,1.6533,0.20,0.80
2008.03.07 09:26:23.410,1.65305,1.65335,0.20,4.00
2008.03.07 09:26:23.682,1.65305,1.65345,0.20,4.30
2008.03.07 09:26:23.954,1.65305,1.65345,0.20,4.30
2008.03.07 09:26:24.227,1.65305,1.65345,0.20,4.30
2008.03.07 09:26:24.531,1.65305,1.65345,0.20,4.30
2008.03.07 09:26:24.819,1.65295,1.6534,4.20,0.40
2008.03.07 09:26:25.107,1.65295,1.6534,4.20,0.40
2008.03.07 09:26:25.395,1.65295,1.6534,4.20,0.40
2008.03.07 09:26:25.683,1.65295,1.65335,0.20,4.00
2008.03.07 09:26:25.962,1.65295,1.65335,0.20,4.00
2008.03.07 09:26:26.240,1.65295,1.65335,0.20,4.00
2008.03.07 09:26:26.518,1.65285,1.65325,4.20,0.40
2008.03.07 09:26:26.795,1.65285,1.65325,0.20,4.30
2008.03.07 09:26:27.104,1.65285,1.65325,0.20,4.30
2008.03.07 09:26:27.412,1.65285,1.65325,0.20,4.30
2008.03.07 09:26:27.725,1.65285,1.65325,0.20,4.30
2008.03.07 09:26:27.976,1.65285,1.65325,0.20,4.30
2008.03.07 09:26:28.227,1.65285,1.65325,0.20,4.30
2008.03.07 09:26:28.451,1.65285,1.65325,0.20,4.30
2008.03.07 09:26:28.675,1.65285,1.65325,0.20,4.30
2008.03.07 09:26:29.010,1.6529,1.65335,0.20,4.30
2008.03.07 09:26:29.343,1.6529,1.65335,0.20,4.30
2008.03.07 09:26:29.677,1.6529,1.65335,0.60,4.30
2008.03.07 09:26:29.935,1.6529,1.65335,0.60,4.30
2008.03.07 09:26:30.167,1.6529,1.65335,0.60,4.30
2008.03.07 09:26:30.399,1.6529,1.65335,0.60,4.30
2008.03.07 09:26:30.633,1.6529,1.65335,0.60,4.30
2008.03.07 09:26:30.866,1.6529,1.65335,0.60,4.30
2008.03.07 09:26:31.184,1.6529,1.65335,0.60,4.30
2008.03.07 09:26:31.503,1.6529,1.65335,0.60,4.30
2008.03.07 09:26:31.821,1.6529,1.65335,0.60,4.30
2008.03.07 09:26:32.100,1.6529,1.65335,0.60,4.30
2008.03.07 09:26:32.377,1.6529,1.65335,0.60,4.30
2008.03.07 09:26:32.655,1.6529,1.65335,0.60,4.30
2008.03.07 09:26:32.934,1.6529,1.65335,0.60,4.30
2008.03.07 09:26:33.219,1.6529,1.65335,0.60,4.30
2008.03.07 09:26:33.529,1.6529,1.65335,0.60,4.30
2008.03.07 09:26:33.811,1.6529,1.65335,0.60,4.30
2008.03.07 09:26:34.070,1.6529,1.65335,0.60,4.30
2008.03.07 09:26:34.327,1.6529,1.65335,0.60,4.30
2008.03.07 09:26:34.585,1.6529,1.65335,0.60,4.30
2008.03.07 09:26:34.843,1.6529,1.65335,0.60,4.30
2008.03.07 09:26:35.137,1.6529,1.65335,0.60,4.30
2008.03.07 09:26:35.431,1.6532,1.65335,0.20,4.00
2008.03.07 09:26:35.724,1.6532,1.6536,0.20,10.40
2008.03.07 09:26:36.017,1.6533,1.6536,0.20,0.80
2008.03.07 09:26:36.297,1.6533,1.6537,0.20,5.90
2008.03.07 09:26:36.589,1.6533,1.6537,0.20,5.90
2008.03.07 09:26:36.900,1.6533,1.6537,0.20,5.90
2008.03.07 09:26:37.224,1.6533,1.6537,0.20,5.90
2008.03.07 09:26:37.546,1.6533,1.6537,0.20,5.90
2008.03.07 09:26:37.867,1.6533,1.6537,0.20,5.90
2008.03.07 09:26:38.090,1.6533,1.6537,0.20,5.90
2008.03.07 09:26:38.344,1.6533,1.6537,0.20,5.90
2008.03.07 09:26:38.596,1.6533,1.6537,0.20,5.90
2008.03.07 09:26:38.849,1.6533,1.6537,0.20,5.90
2008.03.07 09:26:39.152,1.6533,1.6537,0.20,5.90
2008.03.07 09:26:39.455,1.6533,1.6537,0.20,5.90
2008.03.07 09:26:39.759,1.6533,1.6537,0.20,5.90
2008.03.07 09:26:40.061,1.6533,1.6537,0.20,5.90
2008.03.07 09:26:40.344,1.6533,1.6537,0.20,5.90
2008.03.07 09:26:40.665,1.6533,1.6537,0.20,5.90
2008.03.07 09:26:40.947,1.6533,1.6537,0.20,5.90
2008.03.07 09:26:41.220,1.6533,1.6537,0.20,5.90
2008.03.07 09:26:41.513,1.6533,1.6537,0.20,5.90
2008.03.07 09:26:41.775,1.6533,1.6537,0.20,5.90
2008.03.07 09:26:42.038,1.65345,1.6537,0.20,4.00
2008.03.07 09:26:42.366,1.6533,1.6537,0.20,4.30
2008.03.07 09:26:42.694,1.6533,1.6537,0.20,4.30
2008.03.07 09:26:43.022,1.6534,1.6537,4.00,0.40
2008.03.07 09:26:43.265,1.6534,1.6537,4.00,0.40
2008.03.07 09:26:43.508,1.65325,1.6537,0.20,4.30
2008.03.07 09:26:43.750,1.65325,1.6537,0.20,4.30
2008.03.07 09:26:43.994,1.65325,1.6537,0.20,4.30
2008.03.07 09:26:44.288,1.65325,1.6537,0.20,4.30
2008.03.07 09:26:44.589,1.65325,1.6537,0.20,4.30
2008.03.07 09:26:44.902,1.65335,1.6537,0.20,4.00
2008.03.07 09:26:45.182,1.65335,1.6538,0.20,5.90
2008.03.07 09:26:45.461,1.65335,1.6538,0.20,4.30
2008.03.07 09:26:45.676,1.6534,1.6538,0.40,4.30
2008.03.07 09:26:45.924,1.6534,1.6538,0.40,4.30
2008.03.07 09:26:46.171,1.6534,1.6538,0.40,4.30
2008.03.07 09:26:46.489,1.65345,1.6539,0.20,5.90
2008.03.07 09:26:46.807,1.65345,1.6539,0.20,5.90
2008.03.07 09:26:47.125,1.6535,1.6539,0.40,5.90
2008.03.07 09:26:47.398,1.6535,1.6539,0.40,5.90
2008.03.07 09:26:47.706,1.6535,1.6539,0.40,5.90
2008.03.07 09:26:47.945,1.6535,1.6539,0.40,5.90
2008.03.07 09:26:48.218,1.6535,1.6539,0.40,5.90
2008.03.07 09:26:48.501,1.6535,1.6539,0.40,5.90
2008.03.07 09:26:48.785,1.6536,1.65395,0.40,4.00
2008.03.07 09:26:49.068,1.6536,1.65395,0.40,4.00
2008.03.07 09:26:49.355,1.6536,1.654,0.40,5.90
2008.03.07 09:26:49.645,1.6536,1.654,0.40,9.90
2008.03.07 09:26:49.946,1.6536,1.654,0.40,9.90
2008.03.07 09:26:50.263,1.6536,1.654,0.40,9.90
2008.03.07 09:26:50.557,1.6536,1.654,0.40,9.90
2008.03.07 09:26:50.820,1.6536,1.654,0.40,9.90
2008.03.07 09:26:51.083,1.65375,1.65415,0.20,5.10
2008.03.07 09:26:51.367,1.65375,1.65415,0.20,5.10
2008.03.07 09:26:51.649,1.65375,1.65415,0.20,5.10
2008.03.07 09:26:51.933,1.65375,1.65415,0.20,5.10
2008.03.07 09:26:52.216,1.6539,1.65415,0.40,5.10
2008.03.07 09:26:52.514,1.6539,1.65415,0.40,5.10
2008.03.07 09:26:52.812,1.6539,1.65415,0.40,5.10
2008.03.07 09:26:53.126,1.6537,1.65405,0.40,4.00
2008.03.07 09:26:53.428,1.6537,1.65405,0.40,4.00
2008.03.07 09:26:53.701,1.6537,1.65405,0.40,4.00
2008.03.07 09:26:53.975,1.6537,1.65405,0.40,4.00
2008.03.07 09:26:54.249,1.6537,1.65405,0.40,4.00
2008.03.07 09:26:54.522,1.6537,1.65405,0.40,4.00
2008.03.07 09:26:54.794,1.6537,1.65405,0.40,4.00
2008.03.07 09:26:55.068,1.6537,1.65405,0.40,4.00
2008.03.07 09:26:55.359,1.6537,1.65405,0.40,4.00
2008.03.07 09:26:55.694,1.6537,1.65405,0.40,4.00
2008.03.07 09:26:55.996,1.6537,1.65405,0.40,4.00
2008.03.07 09:26:56.299,1.6537,1.65405,0.40,4.00
2008.03.07 09:26:56.547,1.6537,1.654,0.40,0.40
2008.03.07 09:26:56.794,1.6537,1.654,0.40,0.40
2008.03.07 09:26:57.043,1.6537,1.654,0.40,0.40
2008.03.07 09:26:57.309,1.6537,1.654,0.40,0.40
2008.03.07 09:26:57.643,1.65375,1.65405,0.20,4.00
2008.03.07 09:26:57.975,1.65375,1.6541,0.20,1.60
2008.03.07 09:26:58.310,1.6538,1.6541,0.40,1.60
2008.03.07 09:26:58.541,1.6538,1.6541,0.40,1.60
2008.03.07 09:26:58.775,1.6538,1.6541,0.40,1.60
2008.03.07 09:26:59.007,1.6538,1.6541,0.40,1.60
2008.03.07 09:26:59.269,1.6538,1.6541,0.40,1.60
2008.03.07 09:26:59.598,1.6538,1.6541,0.40,1.60
2008.03.07 09:26:59.864,1.6538,1.654,0.40,0.40
2008.03.07 09:27:00.162,1.6537,1.654,0.40,0.40
2008.03.07 09:27:00.460,1.6537,1.654,0.40,0.40
2008.03.07 09:27:00.742,1.6537,1.654,0.40,0.40
2008.03.07 09:27:01.000,1.6537,1.654,0.40,0.40
2008.03.07 09:27:01.257,1.6537,1.654,0.40,0.40
2008.03.07 09:27:01.515,1.6537,1.654,0.40,0.40
2008.03.07 09:27:01.818,1.6537,1.654,0.40,0.40
2008.03.07 09:27:03.276,1.6537,1.654,0.40,0.40
2008.03.07 09:27:03.416,1.6537,1.654,0.40,0.40
2008.03.07 09:27:03.561,1.6537,1.654,0.40,0.40
2008.03.07 09:27:03.671,1.6537,1.654,0.40,0.40
2008.03.07 09:27:03.782,1.6537,1.654,0.40,0.40
2008.03.07 09:27:03.899,1.6537,1.654,0.40,0.40
2008.03.07 09:27:04.042,1.6537,1.654,0.40,0.40
2008.03.07 09:27:04.156,1.6537,1.654,0.40,0.40
2008.03.07 09:27:04.268,1.6537,1.654,0.40,0.40
2008.03.07 09:27:04.381,1.6537,1.654,0.40,0.40
2008.03.07 09:27:04.714,1.6537,1.654,0.40,0.40
2008.03.07 09:27:05.048,1.6537,1.654,0.40,0.40
2008.03.07 09:27:05.382,1.6537,1.654,0.40,0.40
2008.03.07 09:27:05.624,1.6537,1.654,0.40,0.40
2008.03.07 09:27:05.868,1.6537,1.65395,0.40,0.40
2008.03.07 09:27:06.111,1.6537,1.65395,0.40,0.40
2008.03.07 09:27:06.354,1.6537,1.65395,0.40,0.40
2008.03.07 09:27:06.676,1.6537,1.65395,0.40,0.40
2008.03.07 09:27:06.999,1.6537,1.65405,0.60,4.00
2008.03.07 09:27:07.322,1.6537,1.6541,0.60,1.60
2008.03.07 09:27:07.646,1.6539,1.6541,0.40,1.60
2008.03.07 09:27:07.924,1.6539,1.6541,0.40,1.60
2008.03.07 09:27:08.201,1.6539,1.6541,0.40,1.60
2008.03.07 09:27:08.479,1.6539,1.6541,0.40,1.60
2008.03.07 09:27:08.757,1.6539,1.6541,0.40,1.60
2008.03.07 09:27:09.067,1.6539,1.6541,0.40,1.60
2008.03.07 09:27:09.344,1.6539,1.6541,0.40,1.60
2008.03.07 09:27:09.621,1.6539,1.6541,0.40,1.60
2008.03.07 09:27:09.894,1.6539,1.6541,0.40,1.60
2008.03.07 09:27:10.167,1.6539,1.6541,0.40,1.60
2008.03.07 09:27:10.441,1.6539,1.6541,0.40,1.60
2008.03.07 09:27:10.735,1.6539,1.65415,0.40,4.30
2008.03.07 09:27:11.029,1.6539,1.65415,0.40,4.30
2008.03.07 09:27:11.322,1.6539,1.65415,0.40,4.30
2008.03.07 09:27:11.616,1.6539,1.65415,0.40,4.30
2008.03.07 09:27:11.909,1.6539,1.65415,0.40,4.30
2008.03.07 09:27:12.171,1.6539,1.65415,0.40,4.30
2008.03.07 09:27:12.434,1.6539,1.65415,0.40,4.30
2008.03.07 09:27:12.738,1.6539,1.65415,0.40,4.30
2008.03.07 09:27:13.072,1.6539,1.65405,0.40,0.40
2008.03.07 09:27:13.375,1.65375,1.65415,0.20,4.00
2008.03.07 09:27:13.679,1.6538,1.65415,0.40,4.00
2008.03.07 09:27:13.941,1.6538,1.65415,0.40,4.00
2008.03.07 09:27:14.203,1.6538,1.6542,0.40,0.70
2008.03.07 09:27:14.467,1.6538,1.6542,0.40,0.70
2008.03.07 09:27:14.756,1.6538,1.65415,0.40,0.40
2008.03.07 09:27:15.045,1.6538,1.6542,0.60,4.00
2008.03.07 09:27:15.334,1.6538,1.6542,0.60,4.00
2008.03.07 09:27:15.623,1.6538,1.65415,0.60,4.00
2008.03.07 09:27:15.916,1.6538,1.65415,0.60,4.00
2008.03.07 09:27:16.210,1.65375,1.65405,4.00,0.40
2008.03.07 09:27:16.504,1.6538,1.6541,0.60,4.00
2008.03.07 09:27:16.787,1.6538,1.65425,0.60,4.30
2008.03.07 09:27:17.071,1.6538,1.65425,0.60,4.30
2008.03.07 09:27:17.354,1.6539,1.65425,0.40,4.30
2008.03.07 09:27:17.637,1.6539,1.65425,0.40,4.00
2008.03.07 09:27:17.909,1.6539,1.6543,0.40,4.30
2008.03.07 09:27:18.184,1.6539,1.6543,0.40,4.30
2008.03.07 09:27:18.458,1.6539,1.6543,0.40,4.30
2008.03.07 09:27:18.732,1.6539,1.6543,0.40,4.30
2008.03.07 09:27:19.025,1.6539,1.6543,0.40,4.30
2008.03.07 09:27:19.317,1.6539,1.6543,0.40,4.30
2008.03.07 09:27:19.611,1.6539,1.6542,0.40,0.40
2008.03.07 09:27:19.903,1.6539,1.6542,0.40,4.30
2008.03.07 09:27:20.177,1.6539,1.6542,0.40,4.00
2008.03.07 09:27:20.451,1.6539,1.6543,0.40,4.30
2008.03.07 09:27:20.725,1.6539,1.6543,0.40,4.30
2008.03.07 09:27:20.997,1.6539,1.6543,0.40,4.30
2008.03.07 09:27:21.306,1.6539,1.6543,0.60,4.00
2008.03.07 09:27:21.614,1.6539,1.65435,0.60,4.30
2008.03.07 09:27:21.923,1.6539,1.65435,0.60,4.30
2008.03.07 09:27:22.185,1.65395,1.6544,0.20,4.30
2008.03.07 09:27:22.448,1.65395,1.6544,0.20,4.30
2008.03.07 09:27:22.711,1.65395,1.6544,0.20,4.30
2008.03.07 09:27:22.974,1.65395,1.6544,0.20,4.30
2008.03.07 09:27:23.267,1.65395,1.6544,0.20,4.30
2008.03.07 09:27:23.560,1.65395,1.6544,0.20,4.30
2008.03.07 09:27:23.853,1.65395,1.6544,0.20,4.30
2008.03.07 09:27:24.146,1.65395,1.6544,0.20,4.30
2008.03.07 09:27:24.429,1.65395,1.6544,0.20,4.30
2008.03.07 09:27:24.712,1.65395,1.6544,0.20,4.30
2008.03.07 09:27:24.994,1.65395,1.6544,0.20,4.30
2008.03.07 09:27:25.268,1.65395,1.6544,0.20,4.30
2008.03.07 09:27:25.550,1.6539,1.6543,4.50,0.40
2008.03.07 09:27:25.838,1.6539,1.6543,0.60,0.40
2008.03.07 09:27:26.120,1.6539,1.6543,0.60,0.40
2008.03.07 09:27:26.462,1.6539,1.6543,0.60,0.40
2008.03.07 09:27:26.786,1.6539,1.6543,0.60,0.40
2008.03.07 09:27:27.100,1.6539,1.6543,0.60,0.40
2008.03.07 09:27:27.389,1.6539,1.6543,0.60,0.40
2008.03.07 09:27:27.657,1.654,1.65435,0.40,4.30
2008.03.07 09:27:27.919,1.654,1.6544,0.60,4.30
2008.03.07 09:27:28.183,1.654,1.6544,0.60,4.30
2008.03.07 09:27:28.489,1.65415,1.65445,0.20,4.00
2008.03.07 09:27:28.795,1.6542,1.65455,0.40,0.80
2008.03.07 09:27:29.099,1.6542,1.6545,0.40,0.40
2008.03.07 09:27:29.344,1.65415,1.65455,0.20,4.30
2008.03.07 09:27:29.587,1.65415,1.65455,0.20,0.40
2008.03.07 09:27:29.831,1.6541,1.6545,4.30,0.40
2008.03.07 09:27:30.075,1.6542,1.65455,0.20,4.00
2008.03.07 09:27:30.403,1.6542,1.6546,0.20,0.40
2008.03.07 09:27:30.730,1.6542,1.6546,0.20,0.40
2008.03.07 09:27:31.060,1.65415,1.65455,4.00,0.40
2008.03.07 09:27:31.388,1.6541,1.65455,0.20,4.30
2008.03.07 09:27:31.641,1.6541,1.65455,0.20,4.30
2008.03.07 09:27:31.894,1.6541,1.65455,0.20,4.30
2008.03.07 09:27:32.148,1.6541,1.65455,0.20,4.30
2008.03.07 09:27:32.463,1.6542,1.65455,0.20,4.00
2008.03.07 09:27:32.777,1.6542,1.65465,0.20,4.30
2008.03.07 09:27:33.089,1.6542,1.65465,0.20,4.30
2008.03.07 09:27:33.403,1.6542,1.65465,0.20,4.30
2008.03.07 09:27:33.691,1.6542,1.65465,0.20,4.30
2008.03.07 09:27:33.980,1.6542,1.65465,0.20,4.30
2008.03.07 09:27:34.268,1.6542,1.65465,0.20,4.30
2008.03.07 09:27:34.526,1.6542,1.65465,0.20,4.30
2008.03.07 09:27:34.784,1.6542,1.65465,0.20,4.30
2008.03.07 09:27:35.042,1.6542,1.65465,0.20,4.30
2008.03.07 09:27:35.302,1.6542,1.65465,0.20,4.30
2008.03.07 09:27:35.584,1.6543,1.65465,0.20,4.00
2008.03.07 09:27:35.862,1.6543,1.65475,0.20,4.30
2008.03.07 09:27:36.142,1.65425,1.65465,4.20,0.40
2008.03.07 09:27:36.420,1.65425,1.65465,0.20,4.30
2008.03.07 09:27:36.753,1.65425,1.65465,0.20,4.30
2008.03.07 09:27:37.086,1.65425,1.65465,0.20,4.30
2008.03.07 09:27:37.421,1.65425,1.65465,0.20,4.00
2008.03.07 09:27:37.702,1.6546,1.6548,0.20,4.00
2008.03.07 09:27:37.982,1.6545,1.6548,4.00,4.00
2008.03.07 09:27:38.260,1.6546,1.65485,0.40,0.40
2008.03.07 09:27:38.537,1.6544,1.65485,0.20,4.30
2008.03.07 09:27:38.819,1.6544,1.65485,0.20,4.30
2008.03.07 09:27:39.103,1.65445,1.65485,0.20,4.00
2008.03.07 09:27:39.386,1.65445,1.65485,0.20,4.00
2008.03.07 09:27:39.668,1.65445,1.6549,0.20,4.30
2008.03.07 09:27:39.951,1.65445,1.6549,0.20,4.30
2008.03.07 09:27:40.235,1.6545,1.6549,0.20,4.00
2008.03.07 09:27:40.518,1.65445,1.65485,4.20,0.40
2008.03.07 09:27:40.797,1.65445,1.65485,4.20,0.40
2008.03.07 09:27:41.075,1.65445,1.65485,0.20,0.40
2008.03.07 09:27:41.353,1.65445,1.65485,0.20,0.40
2008.03.07 09:27:41.630,1.6544,1.65485,4.20,0.40
2008.03.07 09:27:41.908,1.6544,1.65485,4.20,0.40
2008.03.07 09:27:42.187,1.65445,1.65485,0.20,0.40
2008.03.07 09:27:42.464,1.65445,1.65485,0.20,0.40
2008.03.07 09:27:42.777,1.65445,1.65485,0.20,0.40
2008.03.07 09:27:43.090,1.65445,1.65485,0.20,0.40
2008.03.07 09:27:43.435,1.65445,1.65485,0.20,0.40
2008.03.07 09:27:43.722,1.65445,1.65485,0.20,0.40
2008.03.07 09:27:44.010,1.65445,1.65485,0.20,0.40
2008.03.07 09:27:44.237,1.65445,1.65485,0.20,0.40
2008.03.07 09:27:44.494,1.65445,1.65485,0.20,0.40
2008.03.07 09:27:44.797,1.65445,1.65485,0.20,0.40
2008.03.07 09:27:45.101,1.65445,1.65485,0.20,0.40
2008.03.07 09:27:45.403,1.65445,1.65485,0.20,0.40
2008.03.07 09:27:45.707,1.6544,1.65485,4.20,0.40
2008.03.07 09:27:45.985,1.6545,1.6549,0.20,4.00
2008.03.07 09:27:46.264,1.6545,1.65495,0.60,4.30
2008.03.07 09:27:46.542,1.6545,1.65495,0.60,4.30
2008.03.07 09:27:46.806,1.6545,1.65495,0.60,4.30
2008.03.07 09:27:47.090,1.6545,1.65495,0.60,4.30
2008.03.07 09:27:47.383,1.6545,1.65495,0.60,4.30
2008.03.07 09:27:47.677,1.65455,1.655,4.20,1.90
2008.03.07 09:27:48.012,1.65455,1.655,4.20,1.90
2008.03.07 09:27:48.344,1.65455,1.655,0.20,5.90
2008.03.07 09:27:48.678,1.65455,1.65495,0.20,0.40
2008.03.07 09:27:48.907,1.6546,1.655,0.20,4.00
2008.03.07 09:27:49.135,1.6546,1.65505,0.20,4.30
2008.03.07 09:27:49.363,1.6546,1.65505,0.20,4.30
2008.03.07 09:27:49.592,1.6546,1.65505,0.60,4.30
2008.03.07 09:27:49.911,1.6546,1.655,0.60,4.00
2008.03.07 09:27:50.229,1.6546,1.65505,0.60,4.30
2008.03.07 09:27:50.547,1.6546,1.65505,0.60,4.30
2008.03.07 09:27:50.798,1.6546,1.65505,0.60,4.30
2008.03.07 09:27:51.046,1.6546,1.65495,0.40,0.40
2008.03.07 09:27:51.294,1.6546,1.6549,0.40,0.40
2008.03.07 09:27:51.543,1.6545,1.6549,0.40,0.40
2008.03.07 09:27:51.799,1.6545,1.6549,0.40,4.30
2008.03.07 09:27:52.134,1.6545,1.6549,0.40,6.70
2008.03.07 09:27:52.497,1.6545,1.6548,0.40,0.40
2008.03.07 09:27:52.835,1.65435,1.6547,4.00,0.40
2008.03.07 09:27:53.083,1.65435,1.6548,4.20,0.40
2008.03.07 09:27:53.363,1.65435,1.65475,0.20,4.00
2008.03.07 09:27:53.638,1.65435,1.6548,0.20,4.30
2008.03.07 09:27:53.949,1.65435,1.6548,0.20,5.90
2008.03.07 09:27:54.238,1.65435,1.65475,0.20,0.40
2008.03.07 09:27:54.570,1.6543,1.65475,4.20,0.40
2008.03.07 09:27:54.891,1.65425,1.6547,0.20,4.30
2008.03.07 09:27:55.181,1.65425,1.6547,0.20,4.30
2008.03.07 09:27:55.502,1.65425,1.6547,0.20,4.30
2008.03.07 09:27:55.804,1.65425,1.6547,0.20,4.30
2008.03.07 09:27:56.077,1.6542,1.6546,4.30,0.40
2008.03.07 09:27:56.352,1.6542,1.6546,0.40,4.30
2008.03.07 09:27:56.615,1.6542,1.6546,0.40,4.30
2008.03.07 09:27:58.304,1.6542,1.6546,0.40,4.30
2008.03.07 09:27:58.668,1.6542,1.65465,4.50,0.40
2008.03.07 09:27:58.732,1.6542,1.65465,4.50,0.40
2008.03.07 09:27:58.791,1.6542,1.65465,4.50,0.40
2008.03.07 09:27:58.861,1.6542,1.65465,4.50,0.40
2008.03.07 09:27:58.888,1.6542,1.65465,4.50,0.40
2008.03.07 09:27:58.941,1.6542,1.65465,4.50,0.40
2008.03.07 09:27:58.971,1.6542,1.65465,4.50,0.40
2008.03.07 09:27:59.053,1.6543,1.6546,0.20,4.00
2008.03.07 09:27:59.118,1.6543,1.6546,0.20,4.00
2008.03.07 09:27:59.182,1.65425,1.6546,0.20,4.00
2008.03.07 09:27:59.214,1.65425,1.6546,0.20,4.00
2008.03.07 09:27:59.271,1.65425,1.6546,0.20,4.00
2008.03.07 09:27:59.296,1.65425,1.6546,0.20,4.00
2008.03.07 09:27:59.351,1.65425,1.6546,0.20,4.00
2008.03.07 09:27:59.722,1.6542,1.6546,0.60,4.00
2008.03.07 09:28:00.054,1.6542,1.65465,4.50,0.40
2008.03.07 09:28:00.389,1.6542,1.65465,4.50,0.40
2008.03.07 09:28:00.624,1.6542,1.65465,4.50,0.40
2008.03.07 09:28:00.862,1.6542,1.65465,4.50,0.40
2008.03.07 09:28:01.094,1.6542,1.65465,4.50,0.40
2008.03.07 09:28:01.329,1.65425,1.6547,0.20,5.10
2008.03.07 09:28:01.563,1.65425,1.6547,4.20,0.40
2008.03.07 09:28:01.896,1.6543,1.6547,0.40,0.40
2008.03.07 09:28:02.229,1.6543,1.6547,0.40,0.40
2008.03.07 09:28:02.593,1.6543,1.6547,0.40,0.40
2008.03.07 09:28:02.832,1.6543,1.65475,0.60,5.10
2008.03.07 09:28:03.099,1.6543,1.65475,4.50,0.40
2008.03.07 09:28:03.368,1.6543,1.65475,4.50,0.40
2008.03.07 09:28:03.636,1.65435,1.65475,4.00,0.40
2008.03.07 09:28:03.894,1.6543,1.65475,4.50,0.40
2008.03.07 09:28:04.153,1.6543,1.65475,4.50,0.40
2008.03.07 09:28:04.411,1.6543,1.65475,4.50,0.40
2008.03.07 09:28:04.669,1.65435,1.6547,4.00,0.40
2008.03.07 09:28:04.983,1.65435,1.6547,4.00,0.40
2008.03.07 09:28:05.296,1.6543,1.6547,0.40,0.40
2008.03.07 09:28:05.613,1.6543,1.6547,0.40,0.40
2008.03.07 09:28:05.887,1.6543,1.6547,0.40,0.40
2008.03.07 09:28:06.133,1.6543,1.6547,0.40,0.40
2008.03.07 09:28:06.376,1.6543,1.6547,0.40,0.40
2008.03.07 09:28:06.619,1.6543,1.6547,0.40,0.40
2008.03.07 09:28:06.932,1.6543,1.6547,0.40,0.40
2008.03.07 09:28:07.245,1.6543,1.6547,0.40,0.40
2008.03.07 09:28:07.558,1.6543,1.6547,0.40,0.40
2008.03.07 09:28:07.821,1.6543,1.6547,0.40,0.40
2008.03.07 09:28:08.084,1.6543,1.6547,0.40,0.40
2008.03.07 09:28:08.347,1.6543,1.6547,0.40,0.40
2008.03.07 09:28:08.611,1.6543,1.6547,0.40,0.40
2008.03.07 09:28:08.895,1.6543,1.6547,0.40,0.40
2008.03.07 09:28:09.177,1.6543,1.6547,0.40,0.40
2008.03.07 09:28:09.461,1.6543,1.6547,0.40,0.40
2008.03.07 09:28:09.743,1.6543,1.6547,0.40,0.40
2008.03.07 09:28:10.006,1.6543,1.6547,0.40,0.40
2008.03.07 09:28:10.270,1.6543,1.6547,0.40,0.40
2008.03.07 09:28:10.532,1.6543,1.6547,0.40,0.40
2008.03.07 09:28:10.797,1.6543,1.65475,0.60,4.30
2008.03.07 09:28:11.104,1.6543,1.65475,4.50,0.40
2008.03.07 09:28:11.435,1.6543,1.65475,4.50,0.40
2008.03.07 09:28:11.770,1.6543,1.65475,4.50,0.40
2008.03.07 09:28:12.038,1.6543,1.65475,4.50,0.40
2008.03.07 09:28:12.305,1.6543,1.65475,4.50,0.40
2008.03.07 09:28:12.573,1.6543,1.65475,4.50,0.40
2008.03.07 09:28:12.841,1.6543,1.65475,4.50,0.40
2008.03.07 09:28:13.129,1.6543,1.6547,4.30,0.40
2008.03.07 09:28:13.417,1.6543,1.6547,0.40,0.40
2008.03.07 09:28:13.706,1.6543,1.6547,0.40,0.40
2008.03.07 09:28:13.994,1.6543,1.6547,0.40,0.40
2008.03.07 09:28:14.278,1.65435,1.65475,0.20,4.00
2008.03.07 09:28:14.561,1.65435,1.6548,4.20,1.90
2008.03.07 09:28:14.844,1.6544,1.6548,0.40,1.90
2008.03.07 09:28:15.087,1.6544,1.6548,0.40,1.90
2008.03.07 09:28:15.376,1.6544,1.6548,0.40,1.90
2008.03.07 09:28:15.649,1.6544,1.6548,0.40,1.90
2008.03.07 09:28:15.924,1.6544,1.6548,0.40,0.40
2008.03.07 09:28:16.278,1.6544,1.6548,0.40,0.40
2008.03.07 09:28:16.630,1.6544,1.6548,0.40,0.40
2008.03.07 09:28:16.923,1.6544,1.6548,0.40,0.40
2008.03.07 09:28:17.186,1.6544,1.6548,0.40,0.40
2008.03.07 09:28:17.449,1.6544,1.6548,0.40,0.40
2008.03.07 09:28:17.712,1.6542,1.6546,0.20,0.40
2008.03.07 09:28:17.977,1.65415,1.65455,4.00,0.40
2008.03.07 09:28:18.281,1.6541,1.65455,0.20,4.30
2008.03.07 09:28:18.584,1.6541,1.65455,0.20,4.30
2008.03.07 09:28:18.887,1.6541,1.65455,0.20,4.30
2008.03.07 09:28:19.191,1.6541,1.65455,0.20,4.30
2008.03.07 09:28:19.439,1.6541,1.65455,0.20,4.30
2008.03.07 09:28:19.698,1.65405,1.65445,4.00,0.40
2008.03.07 09:28:19.978,1.654,1.65445,4.20,0.40
2008.03.07 09:28:20.194,1.654,1.65435,4.00,0.40
2008.03.07 09:28:20.497,1.6539,1.65435,0.20,4.30
2008.03.07 09:28:20.833,1.6539,1.65435,4.20,0.40
2008.03.07 09:28:21.104,1.6539,1.65435,4.20,0.40
2008.03.07 09:28:21.387,1.6539,1.6543,4.00,0.40
2008.03.07 09:28:21.684,1.65385,1.65425,4.20,0.40
2008.03.07 09:28:21.987,1.6539,1.6542,4.00,0.40
2008.03.07 09:28:22.302,1.6538,1.6542,4.00,0.40
2008.03.07 09:28:22.563,1.65375,1.6542,4.20,0.40
2008.03.07 09:28:22.856,1.65375,1.6542,4.20,0.40
2008.03.07 09:28:23.149,1.65375,1.6542,4.20,0.40
2008.03.07 09:28:23.431,1.65375,1.6542,4.20,0.40
2008.03.07 09:28:23.716,1.6537,1.65415,0.20,4.30
2008.03.07 09:28:23.998,1.6537,1.65415,0.20,4.30
2008.03.07 09:28:24.293,1.6537,1.65415,0.20,4.30
2008.03.07 09:28:24.575,1.65365,1.65375,4.00,0.40
2008.03.07 09:28:24.874,1.6535,1.65375,0.40,0.40
2008.03.07 09:28:25.169,1.65355,1.6538,0.20,4.00
2008.03.07 09:28:25.406,1.65355,1.65385,0.20,4.00
2008.03.07 09:28:25.674,1.65355,1.654,4.20,0.40
2008.03.07 09:28:25.942,1.65355,1.654,4.20,0.40
2008.03.07 09:28:26.210,1.65365,1.65405,0.20,4.30
2008.03.07 09:28:26.508,1.6537,1.6541,0.40,7.50
2008.03.07 09:28:26.807,1.65375,1.6541,0.20,4.80
2008.03.07 09:28:27.105,1.6537,1.6541,4.20,0.80
2008.03.07 09:28:27.392,1.6537,1.6541,4.20,0.80
2008.03.07 09:28:27.682,1.65375,1.6541,0.20,0.80
2008.03.07 09:28:27.969,1.65375,1.6541,0.20,0.80
2008.03.07 09:28:28.257,1.65365,1.6541,0.20,4.30
2008.03.07 09:28:28.520,1.65365,1.6541,0.20,4.30
2008.03.07 09:28:28.798,1.65365,1.6541,0.20,4.30
2008.03.07 09:28:29.088,1.65365,1.6541,0.20,4.30
2008.03.07 09:28:29.396,1.65365,1.6541,0.20,4.30
2008.03.07 09:28:29.644,1.65365,1.6541,0.20,4.30
2008.03.07 09:28:29.922,1.65365,1.6541,0.20,4.30
2008.03.07 09:28:30.201,1.65365,1.6541,0.20,5.10
2008.03.07 09:28:30.468,1.65365,1.65395,0.20,0.80
2008.03.07 09:28:30.736,1.65355,1.65395,0.20,0.80
2008.03.07 09:28:31.005,1.65355,1.65395,0.20,0.80
2008.03.07 09:28:31.273,1.65345,1.65385,4.20,0.80
2008.03.07 09:28:31.579,1.65345,1.65385,4.20,0.80
2008.03.07 09:28:31.892,1.65345,1.65385,4.20,0.80
2008.03.07 09:28:32.175,1.65345,1.65385,4.20,0.80
2008.03.07 09:28:32.463,1.65345,1.65385,4.20,0.80
2008.03.07 09:28:32.750,1.65345,1.65385,4.20,0.80
2008.03.07 09:28:33.039,1.65345,1.65385,4.20,0.80
2008.03.07 09:28:33.328,1.65345,1.65385,4.20,0.80
2008.03.07 09:28:33.627,1.65345,1.65385,4.20,0.80
2008.03.07 09:28:33.865,1.65345,1.65385,4.20,0.80
2008.03.07 09:28:34.133,1.65345,1.65385,4.20,0.80
2008.03.07 09:28:34.401,1.65345,1.65385,4.20,0.80
2008.03.07 09:28:34.679,1.65345,1.65385,4.20,0.80
2008.03.07 09:28:34.956,1.65345,1.65385,4.20,0.80
2008.03.07 09:28:35.235,1.65345,1.6538,4.00,0.40
2008.03.07 09:28:35.528,1.6534,1.6538,1.80,0.40
2008.03.07 09:28:35.821,1.65335,1.65375,4.00,0.40
2008.03.07 09:28:36.136,1.6534,1.6538,0.20,0.40
2008.03.07 09:28:36.429,1.6534,1.6538,0.20,0.40
2008.03.07 09:28:36.686,1.6534,1.6538,0.20,0.40
2008.03.07 09:28:36.945,1.6534,1.6538,0.20,0.40
2008.03.07 09:28:37.203,1.65335,1.6538,4.20,0.40
2008.03.07 09:28:37.460,1.65335,1.6538,4.20,0.40
2008.03.07 09:28:37.768,1.65335,1.6538,4.20,0.40
2008.03.07 09:28:38.076,1.65335,1.6538,4.20,0.40
2008.03.07 09:28:38.413,1.65335,1.6538,4.20,0.40
2008.03.07 09:28:38.636,1.65335,1.6538,4.20,0.40
2008.03.07 09:28:38.890,1.65335,1.6538,4.20,0.40
2008.03.07 09:28:39.143,1.65335,1.6538,4.20,0.40
2008.03.07 09:28:39.396,1.65335,1.6538,4.20,0.40
2008.03.07 09:28:39.682,1.6534,1.65385,0.20,5.10
2008.03.07 09:28:39.976,1.65345,1.6539,0.20,5.10
2008.03.07 09:28:40.296,1.65345,1.6539,0.20,4.30
2008.03.07 09:28:40.609,1.65345,1.6539,0.20,4.30
2008.03.07 09:28:40.942,1.65345,1.6539,0.20,4.30
2008.03.07 09:28:41.281,1.65345,1.6539,0.20,4.30
2008.03.07 09:28:41.553,1.65345,1.6539,0.20,4.30
2008.03.07 09:28:41.786,1.65345,1.6539,0.20,4.30
2008.03.07 09:28:42.020,1.65345,1.6539,0.20,4.30
2008.03.07 09:28:42.253,1.65345,1.6539,0.20,4.30
2008.03.07 09:28:42.519,1.65345,1.6539,0.20,4.30
2008.03.07 09:28:42.882,1.6534,1.65385,4.50,0.40
2008.03.07 09:28:43.246,1.6538,1.6539,0.20,4.00
2008.03.07 09:28:43.604,1.65375,1.6539,4.00,0.40
2008.03.07 09:28:43.845,1.6538,1.6539,4.00,0.40
2008.03.07 09:28:44.121,1.6538,1.6539,4.00,0.40
2008.03.07 09:28:44.332,1.6535,1.65395,0.60,5.10
2008.03.07 09:28:44.575,1.6535,1.65395,0.60,5.10
2008.03.07 09:28:44.858,1.6535,1.65395,0.60,5.10
2008.03.07 09:28:45.140,1.6535,1.65395,0.60,5.10
2008.03.07 09:28:45.424,1.6537,1.6541,0.20,5.90
2008.03.07 09:28:45.717,1.6536,1.65395,4.00,1.10
2008.03.07 09:28:46.012,1.65355,1.65395,0.20,4.80
2008.03.07 09:28:46.330,1.65355,1.65395,0.20,4.80
2008.03.07 09:28:46.653,1.6537,1.65395,0.20,4.80
2008.03.07 09:28:46.923,1.6537,1.65395,0.20,4.00
2008.03.07 09:28:47.191,1.65355,1.654,0.20,4.30
2008.03.07 09:28:47.400,1.65355,1.654,0.20,4.30
2008.03.07 09:28:47.638,1.65355,1.654,0.20,4.30
2008.03.07 09:28:47.955,1.65365,1.654,4.00,0.40
2008.03.07 09:28:48.274,1.6536,1.65395,0.60,4.00
2008.03.07 09:28:48.593,1.6536,1.65395,0.40,4.30
2008.03.07 09:28:48.840,1.6536,1.654,0.60,0.80
2008.03.07 09:28:49.089,1.6536,1.654,0.60,0.80
2008.03.07 09:28:49.357,1.6536,1.654,0.60,0.80
2008.03.07 09:28:49.637,1.6538,1.654,0.20,0.80
2008.03.07 09:28:49.890,1.6538,1.6542,0.20,5.90
2008.03.07 09:28:50.174,1.6537,1.65405,4.00,0.40
2008.03.07 09:28:50.459,1.6537,1.65405,4.00,0.40
2008.03.07 09:28:50.742,1.6536,1.65405,0.60,4.30
2008.03.07 09:28:51.031,1.6536,1.65405,0.60,4.30
2008.03.07 09:28:51.324,1.6536,1.65395,0.40,4.30
2008.03.07 09:28:51.611,1.6536,1.65395,0.40,4.30
2008.03.07 09:28:51.849,1.6536,1.65395,4.50,4.00
2008.03.07 09:28:52.088,1.6536,1.654,0.40,4.30
2008.03.07 09:28:52.325,1.6536,1.654,0.40,4.30
2008.03.07 09:28:52.564,1.6536,1.654,0.40,4.30
2008.03.07 09:28:52.803,1.6536,1.654,0.40,4.30
2008.03.07 09:28:53.143,1.6536,1.65395,0.40,0.40
2008.03.07 09:28:53.479,1.6537,1.65395,0.40,0.40
2008.03.07 09:28:53.811,1.6537,1.65395,0.40,0.40
2008.03.07 09:28:54.069,1.6537,1.65395,0.40,0.40
2008.03.07 09:28:54.341,1.6537,1.65385,0.40,0.40
2008.03.07 09:28:54.613,1.6537,1.6539,0.40,0.40
2008.03.07 09:28:54.898,1.6537,1.6539,0.40,0.40
2008.03.07 09:28:55.212,1.6537,1.6539,0.40,0.40
2008.03.07 09:28:55.494,1.6537,1.6539,0.40,0.40
2008.03.07 09:28:55.778,1.6537,1.6539,0.40,0.40
2008.03.07 09:28:56.067,1.6537,1.65385,0.40,0.40
2008.03.07 09:28:56.355,1.6537,1.65385,0.40,0.40
2008.03.07 09:28:56.643,1.6537,1.65385,0.40,0.40
2008.03.07 09:28:56.931,1.6537,1.65385,0.40,0.40
2008.03.07 09:28:57.224,1.6537,1.65385,0.40,0.40
2008.03.07 09:28:57.517,1.6537,1.65385,0.40,0.40
2008.03.07 09:28:57.838,1.6537,1.65385,0.40,0.40
2008.03.07 09:28:58.106,1.6537,1.65385,0.40,0.40
2008.03.07 09:28:58.375,1.6537,1.65385,0.40,0.40
2008.03.07 09:28:58.642,1.6537,1.65385,0.40,0.40
2008.03.07 09:28:58.910,1.6537,1.65385,0.40,0.40
2008.03.07 09:28:59.187,1.6537,1.65385,0.40,0.40
2008.03.07 09:28:59.466,1.6536,1.65385,0.40,0.40
2008.03.07 09:28:59.744,1.6536,1.65385,0.40,0.40
2008.03.07 09:29:00.029,1.6536,1.65385,0.40,0.40
2008.03.07 09:29:00.299,1.65345,1.6536,4.00,0.40
2008.03.07 09:29:00.569,1.65345,1.6536,4.00,0.40
2008.03.07 09:29:00.840,1.6532,1.6536,0.40,4.30
2008.03.07 09:29:01.138,1.6532,1.6536,0.40,4.30
2008.03.07 09:29:01.438,1.6532,1.6536,0.40,4.30
2008.03.07 09:29:01.735,1.6532,1.6535,0.40,0.40
2008.03.07 09:29:02.035,1.6531,1.6535,0.40,4.30
2008.03.07 09:29:02.327,1.6531,1.6535,0.40,4.30
2008.03.07 09:29:02.621,1.6531,1.6535,0.40,4.30
2008.03.07 09:29:02.915,1.6531,1.6534,0.40,0.40
2008.03.07 09:29:03.202,1.6531,1.6533,0.40,0.40
2008.03.07 09:29:03.495,1.653,1.6533,4.00,0.40
2008.03.07 09:29:03.791,1.6529,1.6533,0.60,4.30
2008.03.07 09:29:04.021,1.6529,1.6533,0.60,4.30
2008.03.07 09:29:04.325,1.6529,1.6533,0.60,4.30
2008.03.07 09:29:04.627,1.6529,1.6533,0.60,4.30
2008.03.07 09:29:04.931,1.6529,1.6533,0.40,4.30
2008.03.07 09:29:05.180,1.65285,1.6533,0.20,4.30
2008.03.07 09:29:05.429,1.65285,1.65325,0.20,4.00
2008.03.07 09:29:05.689,1.6529,1.65315,0.40,0.40
2008.03.07 09:29:05.963,1.6529,1.65315,0.40,0.40
2008.03.07 09:29:06.289,1.6527,1.65315,0.60,4.30
2008.03.07 09:29:06.614,1.6527,1.65315,0.60,4.30
2008.03.07 09:29:06.916,1.65265,1.65305,4.00,0.40
2008.03.07 09:29:07.220,1.65255,1.65295,4.20,0.40
2008.03.07 09:29:07.505,1.65255,1.65295,0.20,4.30
2008.03.07 09:29:07.817,1.65255,1.65295,0.20,4.30
2008.03.07 09:29:08.100,1.65255,1.65295,0.20,4.30
2008.03.07 09:29:08.373,1.65255,1.65295,0.20,4.30
2008.03.07 09:29:08.645,1.65255,1.65295,0.20,4.30
2008.03.07 09:29:08.919,1.6526,1.65295,0.20,4.00
2008.03.07 09:29:09.193,1.6527,1.653,0.20,5.60
2008.03.07 09:29:09.477,1.6527,1.65295,0.20,4.00
2008.03.07 09:29:09.761,1.6527,1.6531,0.20,1.60
2008.03.07 09:29:10.044,1.6527,1.6531,0.20,1.60
2008.03.07 09:29:10.335,1.6527,1.6531,0.60,1.60
2008.03.07 09:29:10.602,1.6527,1.6531,0.60,1.60
2008.03.07 09:29:10.871,1.6527,1.6531,0.60,1.60
2008.03.07 09:29:11.141,1.6527,1.6531,0.60,1.60
2008.03.07 09:29:11.425,1.6527,1.6531,0.60,1.60
2008.03.07 09:29:11.708,1.6527,1.6531,0.60,1.60
2008.03.07 09:29:11.994,1.6527,1.6531,0.60,1.60
2008.03.07 09:29:12.308,1.6527,1.6531,0.60,1.60
2008.03.07 09:29:12.655,1.6528,1.6531,0.20,1.60
2008.03.07 09:29:12.997,1.6528,1.6532,0.20,4.00
2008.03.07 09:29:13.341,1.6529,1.6532,0.40,8.00
2008.03.07 09:29:13.585,1.6529,1.6532,0.40,8.00
2008.03.07 09:29:13.825,1.6529,1.6532,0.40,8.00
2008.03.07 09:29:14.068,1.6529,1.6532,0.40,8.00
2008.03.07 09:29:14.311,1.6529,1.6532,0.40,8.00
2008.03.07 09:29:14.609,1.6529,1.6532,0.40,8.00
2008.03.07 09:29:14.907,1.6529,1.6532,0.40,8.00
2008.03.07 09:29:15.206,1.6529,1.6532,0.40,8.00
2008.03.07 09:29:15.470,1.6529,1.6532,0.40,4.00
2008.03.07 09:29:15.734,1.6529,1.6532,0.40,4.00
2008.03.07 09:29:15.997,1.6529,1.6532,0.40,4.00
2008.03.07 09:29:16.259,1.6529,1.6532,0.40,4.00
2008.03.07 09:29:16.542,1.6529,1.6532,0.40,4.00
2008.03.07 09:29:16.845,1.6529,1.6532,0.40,8.00
2008.03.07 09:29:17.160,1.6529,1.6532,0.40,4.00
2008.03.07 09:29:17.412,1.6528,1.6532,0.40,4.30
2008.03.07 09:29:17.727,1.6528,1.65315,0.60,4.00
2008.03.07 09:29:18.040,1.6528,1.6532,0.40,4.30
2008.03.07 09:29:18.353,1.6528,1.6532,0.40,9.90
2008.03.07 09:29:18.597,1.6528,1.65315,0.40,4.00
2008.03.07 09:29:18.840,1.6528,1.65315,0.40,4.00
2008.03.07 09:29:19.084,1.6528,1.65315,0.40,4.00
2008.03.07 09:29:19.326,1.6528,1.65315,0.40,4.00
2008.03.07 09:29:19.641,1.6528,1.65315,0.40,4.00
2008.03.07 09:29:19.931,1.6528,1.65315,0.40,4.00
2008.03.07 09:29:20.219,1.6528,1.65315,0.40,4.00
2008.03.07 09:29:20.508,1.6528,1.65315,0.40,4.00
2008.03.07 09:29:20.776,1.6528,1.65315,0.40,4.00
2008.03.07 09:29:21.051,1.6528,1.6531,0.40,4.00
2008.03.07 09:29:21.320,1.6528,1.6531,0.40,4.00
2008.03.07 09:29:21.587,1.6528,1.6531,0.40,4.00
2008.03.07 09:29:21.864,1.6528,1.6531,0.40,4.00
2008.03.07 09:29:22.143,1.6528,1.6531,0.40,4.00
2008.03.07 09:29:22.421,1.6528,1.6531,0.40,4.00
2008.03.07 09:29:22.720,1.6528,1.6531,0.40,4.00
2008.03.07 09:29:23.039,1.6528,1.6531,0.40,8.00
2008.03.07 09:29:23.295,1.6528,1.6531,0.40,8.00
2008.03.07 09:29:23.583,1.6528,1.6531,0.40,8.00
2008.03.07 09:29:23.860,1.6528,1.6531,0.40,8.00
2008.03.07 09:29:24.138,1.6528,1.6531,0.40,8.00
2008.03.07 09:29:24.416,1.6528,1.6531,0.40,8.00
2008.03.07 09:29:24.694,1.6528,1.6531,0.40,8.00
2008.03.07 09:29:25.009,1.6528,1.6531,0.40,8.00
2008.03.07 09:29:25.260,1.6528,1.6531,0.40,8.00
2008.03.07 09:29:25.542,1.6528,1.6531,0.40,8.00
2008.03.07 09:29:25.831,1.6528,1.6531,0.40,8.00
2008.03.07 09:29:26.119,1.6528,1.6531,0.40,8.00
2008.03.07 09:29:26.407,1.6528,1.6531,0.40,8.00
2008.03.07 09:29:26.694,1.6528,1.6531,0.40,8.00
2008.03.07 09:29:26.947,1.6528,1.6531,0.40,8.00
2008.03.07 09:29:27.202,1.6528,1.6531,0.40,8.00
2008.03.07 09:29:27.485,1.6528,1.6531,0.40,8.00
2008.03.07 09:29:27.707,1.6528,1.6531,0.40,8.00
2008.03.07 09:29:28.035,1.6528,1.6531,0.40,8.00
2008.03.07 09:29:28.362,1.6528,1.6531,0.40,8.00
2008.03.07 09:29:28.690,1.6528,1.6531,0.40,8.00
2008.03.07 09:29:28.933,1.6528,1.6531,0.40,8.00
2008.03.07 09:29:29.195,1.6528,1.6531,0.40,4.00
2008.03.07 09:29:29.472,1.6528,1.6531,0.40,4.00
2008.03.07 09:29:29.772,1.6528,1.6531,0.40,4.00
2008.03.07 09:29:30.075,1.6528,1.6531,0.40,4.00
2008.03.07 09:29:30.379,1.6528,1.6531,0.40,4.00
2008.03.07 09:29:30.683,1.6528,1.6531,0.60,4.00
2008.03.07 09:29:30.947,1.6528,1.6531,0.60,4.00
2008.03.07 09:29:31.210,1.6528,1.6532,0.60,4.30
2008.03.07 09:29:31.474,1.6529,1.6532,0.40,4.30
2008.03.07 09:29:31.736,1.6529,1.6532,0.40,4.30
2008.03.07 09:29:32.025,1.6529,1.6532,0.40,4.30
2008.03.07 09:29:32.313,1.6529,1.6532,0.40,4.30
2008.03.07 09:29:32.600,1.6529,1.6532,0.40,4.30
2008.03.07 09:29:32.904,1.6529,1.6532,0.40,4.30
2008.03.07 09:29:33.208,1.6529,1.6532,0.40,4.30
2008.03.07 09:29:33.510,1.6529,1.6532,0.40,4.30
2008.03.07 09:29:33.814,1.6529,1.6532,0.40,4.30
2008.03.07 09:29:34.076,1.6529,1.6532,0.40,4.30
2008.03.07 09:29:34.339,1.6529,1.6532,0.40,4.30
2008.03.07 09:29:34.602,1.6529,1.6532,0.40,4.30
2008.03.07 09:29:34.876,1.6529,1.6532,0.40,4.30
2008.03.07 09:29:35.148,1.6529,1.6532,0.40,4.30
2008.03.07 09:29:35.421,1.6529,1.6532,0.40,4.30
2008.03.07 09:29:35.694,1.6529,1.6532,0.40,4.30
2008.03.07 09:29:35.962,1.6529,1.6532,0.40,4.30
2008.03.07 09:29:36.231,1.65295,1.6532,0.20,4.00
2008.03.07 09:29:36.500,1.653,1.6533,0.40,4.00
2008.03.07 09:29:36.768,1.653,1.6532,0.40,0.40
2008.03.07 09:29:37.036,1.6528,1.6532,0.60,8.30
2008.03.07 09:29:37.334,1.65295,1.6532,0.20,4.00
2008.03.07 09:29:37.633,1.65295,1.6533,0.20,0.80
2008.03.07 09:29:37.941,1.6528,1.6532,0.60,8.30
2008.03.07 09:29:38.256,1.6528,1.6532,0.60,8.30
2008.03.07 09:29:38.564,1.6528,1.6532,0.60,8.30
2008.03.07 09:29:38.871,1.6528,1.6532,0.60,8.00
2008.03.07 09:29:39.140,1.6528,1.6532,0.60,8.00
2008.03.07 09:29:39.407,1.6528,1.65315,0.40,0.40
2008.03.07 09:29:39.677,1.65295,1.6531,0.20,4.00
2008.03.07 09:29:41.226,1.653,1.6532,0.40,8.00
2008.03.07 09:29:41.300,1.6528,1.6532,0.60,8.30
2008.03.07 09:29:41.364,1.6528,1.6532,0.60,8.30
2008.03.07 09:29:41.419,1.6528,1.6532,0.60,8.30
2008.03.07 09:29:41.449,1.6528,1.6532,0.60,8.30
2008.03.07 09:29:41.514,1.6528,1.6532,0.60,8.30
2008.03.07 09:29:41.576,1.6528,1.6532,0.60,8.30
2008.03.07 09:29:41.639,1.6528,1.6532,0.60,8.00
2008.03.07 09:29:41.660,1.6528,1.6532,0.60,8.00
2008.03.07 09:29:41.689,1.6528,1.6532,0.60,8.00
2008.03.07 09:29:41.750,1.6528,1.6532,0.60,8.00
2008.03.07 09:29:41.811,1.6528,1.6532,0.60,8.00
2008.03.07 09:29:41.871,1.6528,1.6532,0.60,8.00
2008.03.07 09:29:41.889,1.6528,1.6532,0.60,8.00
2008.03.07 09:29:41.918,1.6528,1.6532,0.60,8.00
2008.03.07 09:29:41.974,1.6528,1.6532,0.60,8.00
2008.03.07 09:29:42.002,1.6528,1.6532,0.60,8.00
2008.03.07 09:29:42.054,1.6528,1.6532,0.60,8.00
2008.03.07 09:29:42.081,1.6528,1.6532,0.60,8.00
2008.03.07 09:29:42.133,1.6528,1.6532,0.60,8.00
2008.03.07 09:29:42.199,1.6528,1.6532,0.60,8.00
2008.03.07 09:29:42.210,1.6528,1.6532,0.60,8.00
2008.03.07 09:29:42.579,1.6528,1.6532,0.60,8.00
2008.03.07 09:29:42.918,1.6529,1.6532,0.40,4.00
2008.03.07 09:29:43.251,1.6529,1.6532,0.60,4.00
2008.03.07 09:29:43.482,1.6529,1.6532,0.60,4.00
2008.03.07 09:29:43.742,1.6529,1.65335,0.60,4.30
2008.03.07 09:29:43.994,1.6529,1.65335,0.60,4.30
2008.03.07 09:29:44.255,1.653,1.65335,0.40,4.30
2008.03.07 09:29:44.567,1.6529,1.65325,0.40,4.00
2008.03.07 09:29:44.881,1.6529,1.6531,0.40,0.40
2008.03.07 09:29:45.196,1.65275,1.65305,4.00,0.40
2008.03.07 09:29:45.509,1.65265,1.65305,0.20,0.40
2008.03.07 09:29:45.777,1.65265,1.65305,4.20,0.40
2008.03.07 09:29:46.042,1.65265,1.65305,4.20,0.40
2008.03.07 09:29:46.307,1.65265,1.65305,0.20,4.30
2008.03.07 09:29:46.585,1.6526,1.65305,0.20,4.30
2008.03.07 09:29:46.864,1.65255,1.653,0.20,4.30
2008.03.07 09:29:47.143,1.65255,1.65295,0.20,0.40
2008.03.07 09:29:47.424,1.6526,1.65295,0.20,4.00
2008.03.07 09:29:47.761,1.6527,1.6531,0.20,4.00
2008.03.07 09:29:48.110,1.6527,1.6531,0.20,4.00
2008.03.07 09:29:48.463,1.6526,1.65305,5.80,0.40
2008.03.07 09:29:48.713,1.6526,1.65305,0.20,4.30
2008.03.07 09:29:48.958,1.6526,1.65305,0.60,4.30
2008.03.07 09:29:49.203,1.6526,1.653,4.30,0.40
2008.03.07 09:29:49.385,1.65265,1.653,4.00,0.40
2008.03.07 09:29:49.716,1.6526,1.653,4.30,0.40
2008.03.07 09:29:50.050,1.6526,1.653,4.50,0.40
2008.03.07 09:29:50.383,1.65265,1.6531,0.20,4.30
2008.03.07 09:29:50.716,1.6526,1.65305,6.10,0.40
2008.03.07 09:29:50.960,1.6527,1.65305,4.00,0.40
2008.03.07 09:29:51.204,1.6526,1.653,0.60,4.00
2008.03.07 09:29:51.446,1.6526,1.653,0.60,4.00
2008.03.07 09:29:51.759,1.6526,1.653,0.60,4.00
2008.03.07 09:29:52.072,1.6526,1.653,0.60,4.00
2008.03.07 09:29:52.386,1.65265,1.653,0.20,4.00
2008.03.07 09:29:52.699,1.65265,1.6531,0.20,4.30
2008.03.07 09:29:53.006,1.65265,1.6531,0.20,4.30
2008.03.07 09:29:53.315,1.6527,1.65315,0.60,4.30
2008.03.07 09:29:53.624,1.6527,1.65315,0.60,4.30
2008.03.07 09:29:53.887,1.6527,1.65315,0.60,4.30
2008.03.07 09:29:54.149,1.6527,1.65315,0.60,4.30
2008.03.07 09:29:54.430,1.6527,1.65315,0.60,4.30
2008.03.07 09:29:54.727,1.6527,1.65305,0.40,0.40
2008.03.07 09:29:55.036,1.6527,1.65305,0.40,0.40
2008.03.07 09:29:55.272,1.6527,1.6531,0.60,0.40
2008.03.07 09:29:55.545,1.6527,1.6531,0.60,0.40
2008.03.07 09:29:55.838,1.6527,1.6531,0.60,0.40
2008.03.07 09:29:56.131,1.6527,1.6531,0.60,0.40
2008.03.07 09:29:56.424,1.6527,1.6531,0.60,0.40
2008.03.07 09:29:56.718,1.6528,1.65315,0.40,4.00
2008.03.07 09:29:56.972,1.6528,1.6532,0.40,0.40
2008.03.07 09:29:57.233,1.6528,1.6532,0.40,0.40
2008.03.07 09:29:57.511,1.6528,1.6532,0.60,0.40
2008.03.07 09:29:57.809,1.6528,1.6532,0.60,0.40
2008.03.07 09:29:58.141,1.6528,1.6532,2.10,0.40
2008.03.07 09:29:58.471,1.6528,1.6532,2.10,0.40
2008.03.07 09:29:58.826,1.6528,1.6532,0.60,0.40
2008.03.07 09:29:59.098,1.6528,1.6532,0.60,0.40
2008.03.07 09:29:59.366,1.6528,1.6532,0.60,0.40
2008.03.07 09:29:59.634,1.6528,1.6532,0.60,0.40
2008.03.07 09:29:59.907,1.65285,1.65325,0.20,4.00
2008.03.07 09:30:00.209,1.65285,1.65325,0.20,4.00
2008.03.07 09:30:00.505,1.65285,1.65325,0.20,4.00
2008.03.07 09:30:00.778,1.6529,1.65325,0.20,4.00
2008.03.07 09:30:01.070,1.65285,1.65325,0.20,4.00
2008.03.07 09:30:01.363,1.65285,1.6533,0.20,4.30
2008.03.07 09:30:01.656,1.65285,1.6533,0.20,4.30
2008.03.07 09:30:01.954,1.65285,1.6533,0.20,4.30
2008.03.07 09:30:02.221,1.65285,1.6533,0.20,4.30
2008.03.07 09:30:02.490,1.65285,1.6533,0.20,4.30
2008.03.07 09:30:02.784,1.65285,1.6533,0.20,4.30
2008.03.07 09:30:03.132,1.65285,1.6533,0.20,4.30
2008.03.07 09:30:03.481,1.65285,1.6533,0.20,4.30
2008.03.07 09:30:03.830,1.65285,1.6533,0.20,4.30
2008.03.07 09:30:04.106,1.65285,1.6533,0.20,4.30
2008.03.07 09:30:04.380,1.65285,1.6533,0.20,4.30
2008.03.07 09:30:04.655,1.65285,1.6533,0.20,4.30
2008.03.07 09:30:04.899,1.65285,1.6533,0.20,4.30
2008.03.07 09:30:05.216,1.65285,1.6533,0.20,4.30
2008.03.07 09:30:05.535,1.65285,1.6533,0.20,4.30
2008.03.07 09:30:05.853,1.65285,1.6533,0.20,4.30
2008.03.07 09:30:06.090,1.65285,1.6533,0.20,4.30
2008.03.07 09:30:06.328,1.65285,1.6533,0.20,4.30
2008.03.07 09:30:06.567,1.65285,1.6533,0.20,4.30
2008.03.07 09:30:06.823,1.65285,1.6533,0.20,4.30
2008.03.07 09:30:07.126,1.65285,1.6533,0.20,4.30
2008.03.07 09:30:07.430,1.65285,1.6533,0.20,4.30
2008.03.07 09:30:07.733,1.65285,1.6533,0.20,4.30
2008.03.07 09:30:08.036,1.65285,1.6533,0.20,4.30
2008.03.07 09:30:08.324,1.65285,1.6533,0.20,4.30
2008.03.07 09:30:08.626,1.65285,1.6533,0.20,4.30
2008.03.07 09:30:08.950,1.65295,1.6533,0.20,4.00
2008.03.07 09:30:09.228,1.65295,1.65335,0.20,4.30
2008.03.07 09:30:09.446,1.65295,1.65335,0.20,4.30
2008.03.07 09:30:09.694,1.65295,1.65335,0.20,4.30
2008.03.07 09:30:09.943,1.65295,1.65335,0.20,4.30
2008.03.07 09:30:10.242,1.6528,1.65315,0.40,0.40
2008.03.07 09:30:10.540,1.6528,1.65315,0.40,0.40
2008.03.07 09:30:10.839,1.65275,1.65315,0.20,4.30
2008.03.07 09:30:11.138,1.65275,1.65315,0.20,0.40
2008.03.07 09:30:11.412,1.65275,1.65315,0.20,0.40
2008.03.07 09:30:11.686,1.6528,1.65315,0.40,0.40
2008.03.07 09:30:11.959,1.6528,1.65315,0.40,0.40
2008.03.07 09:30:12.252,1.6528,1.65315,0.40,0.40
2008.03.07 09:30:12.546,1.6528,1.6532,0.60,4.00
2008.03.07 09:30:12.841,1.6528,1.6532,0.60,4.00
2008.03.07 09:30:13.134,1.6528,1.6532,0.60,4.00
2008.03.07 09:30:13.420,1.6528,1.6532,0.20,4.00
2008.03.07 09:30:13.720,1.65275,1.6532,0.20,4.30
2008.03.07 09:30:14.004,1.6527,1.6531,0.60,0.40
2008.03.07 09:30:14.287,1.6527,1.65305,0.40,0.40
2008.03.07 09:30:14.571,1.6527,1.65305,0.40,0.40
2008.03.07 09:30:14.794,1.6527,1.65305,0.40,4.30
2008.03.07 09:30:15.047,1.6527,1.653,0.40,4.00
2008.03.07 09:30:15.345,1.6527,1.653,0.40,4.00
2008.03.07 09:30:15.643,1.6527,1.65305,0.40,4.30
2008.03.07 09:30:15.941,1.6527,1.65305,0.40,4.30
2008.03.07 09:30:16.239,1.6527,1.65305,0.40,4.30
2008.03.07 09:30:16.493,1.6527,1.65305,0.40,4.30
2008.03.07 09:30:16.745,1.6527,1.65305,0.40,4.30
2008.03.07 09:30:16.998,1.6527,1.65305,0.40,4.30
2008.03.07 09:30:17.251,1.6527,1.65305,0.60,4.00
2008.03.07 09:30:17.565,1.6527,1.6531,0.60,4.30
2008.03.07 09:30:17.879,1.6527,1.6531,0.60,4.30
2008.03.07 09:30:18.193,1.6527,1.65305,0.60,4.00
2008.03.07 09:30:18.464,1.6527,1.65305,2.90,4.00
2008.03.07 09:30:18.745,1.6527,1.65315,2.90,4.30
2008.03.07 09:30:19.030,1.653,1.65325,0.40,1.10
2008.03.07 09:30:19.285,1.653,1.65325,0.40,1.10
2008.03.07 09:30:19.578,1.6529,1.65325,0.40,5.10
2008.03.07 09:30:19.872,1.6529,1.65325,0.40,5.10
2008.03.07 09:30:20.164,1.6529,1.65325,0.40,1.10
2008.03.07 09:30:20.433,1.653,1.6533,0.40,5.10
2008.03.07 09:30:20.701,1.653,1.6533,0.40,1.10
2008.03.07 09:30:20.969,1.653,1.6533,0.40,1.10
2008.03.07 09:30:21.237,1.653,1.65335,0.40,4.00
2008.03.07 09:30:21.521,1.653,1.65335,0.40,4.00
2008.03.07 09:30:21.802,1.653,1.65335,0.40,4.00
2008.03.07 09:30:22.086,1.653,1.65335,0.40,4.00
2008.03.07 09:30:22.370,1.653,1.65335,0.40,4.00
2008.03.07 09:30:22.695,1.653,1.65335,0.40,4.00
2008.03.07 09:30:23.053,1.6531,1.65345,0.40,4.30
2008.03.07 09:30:23.381,1.6531,1.6535,0.60,4.00
2008.03.07 09:30:23.620,1.6531,1.6535,0.20,4.00
2008.03.07 09:30:23.858,1.6531,1.6535,0.20,4.00
2008.03.07 09:30:24.102,1.6532,1.6535,0.40,4.00
2008.03.07 09:30:24.276,1.6532,1.6534,0.40,0.40
2008.03.07 09:30:24.485,1.653,1.65335,4.30,0.40
2008.03.07 09:30:24.819,1.653,1.65335,0.40,0.40
2008.03.07 09:30:25.152,1.653,1.65335,0.40,4.30
2008.03.07 09:30:25.485,1.653,1.65335,0.40,4.30
2008.03.07 09:30:25.732,1.653,1.65335,0.40,4.30
2008.03.07 09:30:25.980,1.653,1.65335,0.40,4.30
2008.03.07 09:30:26.229,1.653,1.65335,0.40,4.30
2008.03.07 09:30:26.478,1.653,1.65335,0.40,4.30
2008.03.07 09:30:26.791,1.653,1.65335,0.40,4.30
2008.03.07 09:30:27.103,1.653,1.65335,0.40,4.30
2008.03.07 09:30:27.417,1.653,1.65335,0.40,4.30
2008.03.07 09:30:27.735,1.653,1.65335,0.40,4.30
2008.03.07 09:30:28.018,1.653,1.65335,0.40,4.30
2008.03.07 09:30:28.301,1.653,1.65335,0.40,4.30
2008.03.07 09:30:28.585,1.653,1.65335,0.40,4.30
2008.03.07 09:30:28.853,1.653,1.6534,0.60,4.30
2008.03.07 09:30:29.121,1.653,1.6534,0.60,4.30
2008.03.07 09:30:29.389,1.653,1.6534,0.60,4.30
2008.03.07 09:30:29.658,1.653,1.6534,0.60,4.30
2008.03.07 09:30:29.951,1.653,1.6534,0.60,4.30
2008.03.07 09:30:30.240,1.653,1.6534,0.60,4.30
2008.03.07 09:30:30.529,1.653,1.6534,0.60,4.30
2008.03.07 09:30:30.783,1.653,1.6534,0.60,4.30
2008.03.07 09:30:31.037,1.653,1.6534,0.60,4.30
2008.03.07 09:30:31.290,1.653,1.6534,0.60,4.30
2008.03.07 09:30:31.560,1.653,1.6534,0.60,4.30
2008.03.07 09:30:31.848,1.653,1.6534,0.60,4.30
2008.03.07 09:30:32.136,1.653,1.6534,0.60,4.30
2008.03.07 09:30:32.424,1.653,1.6533,0.40,0.40
2008.03.07 09:30:32.713,1.653,1.6533,0.40,4.30
2008.03.07 09:30:33.037,1.6529,1.6533,0.40,4.30
2008.03.07 09:30:33.360,1.6529,1.6532,0.40,0.40
2008.03.07 09:30:33.686,1.6529,1.6532,0.40,4.30
2008.03.07 09:30:33.937,1.6529,1.6532,0.40,4.30
2008.03.07 09:30:34.125,1.6529,1.6532,0.40,4.30
2008.03.07 09:30:34.343,1.6529,1.6532,0.40,4.30
2008.03.07 09:30:34.561,1.6529,1.6532,0.40,4.30
2008.03.07 09:30:34.780,1.6529,1.6532,0.40,4.30
2008.03.07 09:30:35.112,1.6529,1.6532,0.40,4.30
2008.03.07 09:30:35.476,1.6529,1.6532,0.40,4.30
2008.03.07 09:30:35.841,1.6529,1.6532,0.40,4.30
2008.03.07 09:30:36.051,1.6529,1.6532,0.40,4.30
2008.03.07 09:30:36.293,1.6529,1.6532,0.40,4.30
2008.03.07 09:30:36.536,1.6529,1.6532,0.40,4.30
2008.03.07 09:30:36.780,1.6529,1.6532,0.40,4.30
2008.03.07 09:30:37.099,1.6529,1.6532,0.40,4.30
2008.03.07 09:30:37.417,1.6529,1.6532,0.40,4.30
2008.03.07 09:30:37.735,1.6529,1.6532,0.40,4.30
2008.03.07 09:30:38.052,1.6529,1.6532,0.40,4.30
2008.03.07 09:30:38.325,1.6529,1.6532,0.40,4.30
2008.03.07 09:30:38.620,1.6529,1.6532,0.40,4.30
2008.03.07 09:30:38.923,1.6529,1.6532,0.40,4.30
2008.03.07 09:30:39.145,1.6529,1.6532,0.40,4.30
2008.03.07 09:30:39.399,1.6529,1.6532,0.40,4.30
2008.03.07 09:30:39.652,1.6529,1.6532,0.40,4.30
2008.03.07 09:30:39.904,1.6529,1.6532,0.40,4.30
2008.03.07 09:30:40.202,1.6529,1.6532,0.40,4.30
2008.03.07 09:30:40.499,1.6529,1.6532,0.40,4.30
2008.03.07 09:30:40.798,1.6529,1.65315,0.40,0.40
2008.03.07 09:30:41.113,1.6528,1.6531,0.40,4.00
2008.03.07 09:30:41.424,1.6528,1.6531,0.40,4.00
2008.03.07 09:30:41.701,1.6528,1.6531,0.40,4.00
2008.03.07 09:30:41.980,1.6528,1.65315,0.60,0.80
2008.03.07 09:30:42.263,1.6528,1.65315,0.60,0.80
2008.03.07 09:30:42.547,1.6528,1.6532,4.50,1.10
2008.03.07 09:30:42.832,1.6529,1.6532,0.40,0.80
2008.03.07 09:30:43.116,1.6529,1.6532,0.40,0.80
2008.03.07 09:30:43.395,1.6529,1.6532,0.40,0.80
2008.03.07 09:30:43.674,1.6529,1.6532,0.40,0.80
2008.03.07 09:30:43.953,1.6529,1.6532,0.40,0.80
2008.03.07 09:30:44.225,1.6529,1.6532,0.40,0.80
2008.03.07 09:30:44.498,1.65295,1.6533,0.20,4.80
2008.03.07 09:30:44.771,1.65295,1.6533,0.20,4.80
2008.03.07 09:30:45.045,1.653,1.6533,0.40,4.80
2008.03.07 09:30:45.338,1.653,1.6533,0.40,4.80
2008.03.07 09:30:45.631,1.653,1.6533,0.40,0.80
2008.03.07 09:30:45.926,1.65315,1.6533,0.20,0.80
2008.03.07 09:30:46.221,1.65315,1.6534,0.20,4.00
2008.03.07 09:30:46.527,1.65315,1.6534,0.20,4.00
2008.03.07 09:30:46.861,1.6531,1.6534,0.40,4.00
2008.03.07 09:30:47.175,1.65305,1.6535,4.20,0.40
2008.03.07 09:30:47.471,1.65325,1.65345,0.20,0.80
2008.03.07 09:30:47.737,1.65325,1.65365,0.20,5.10
2008.03.07 09:30:48.007,1.6533,1.65365,0.40,5.10
2008.03.07 09:30:48.275,1.6533,1.65365,0.40,5.10
2008.03.07 09:30:48.580,1.6533,1.65365,0.60,0.80
2008.03.07 09:30:48.886,1.6533,1.65365,0.60,0.80
2008.03.07 09:30:49.188,1.6533,1.65375,0.60,5.10
2008.03.07 09:30:49.425,1.6533,1.65375,0.60,5.10
2008.03.07 09:30:49.665,1.6533,1.65375,0.60,5.10
2008.03.07 09:30:49.902,1.6533,1.65375,0.60,5.10
2008.03.07 09:30:50.168,1.6533,1.65375,0.60,5.10
2008.03.07 09:30:50.485,1.65325,1.65365,0.20,5.10
2008.03.07 09:30:50.804,1.65325,1.65365,0.20,5.10
2008.03.07 09:30:51.121,1.65325,1.65365,0.20,5.10
2008.03.07 09:30:51.469,1.65325,1.65365,0.20,5.10
2008.03.07 09:30:51.756,1.65325,1.65365,0.20,5.10
2008.03.07 09:30:52.044,1.65325,1.65365,0.20,5.10
2008.03.07 09:30:52.332,1.65325,1.65365,0.20,5.10
2008.03.07 09:30:52.600,1.65325,1.65365,0.20,5.10
2008.03.07 09:30:52.868,1.65325,1.65365,0.20,5.10
2008.03.07 09:30:53.136,1.65325,1.65365,0.20,5.10
2008.03.07 09:30:53.434,1.65325,1.65365,0.20,5.10
2008.03.07 09:30:53.711,1.65325,1.65365,0.20,5.10
2008.03.07 09:30:53.989,1.65325,1.65365,0.20,5.10
2008.03.07 09:30:54.267,1.65325,1.65365,0.20,5.10
2008.03.07 09:30:54.545,1.65325,1.65365,0.20,5.10
2008.03.07 09:30:54.829,1.65325,1.65365,0.20,5.10
2008.03.07 09:30:55.112,1.65325,1.65365,0.20,5.10
2008.03.07 09:30:55.397,1.65325,1.65365,0.20,5.10
2008.03.07 09:30:55.660,1.65325,1.65365,0.20,5.10
2008.03.07 09:30:55.953,1.6534,1.65365,2.60,4.80
2008.03.07 09:30:56.249,1.6534,1.6538,0.20,0.80
2008.03.07 09:30:56.511,1.6535,1.6538,0.40,0.80
2008.03.07 09:30:56.808,1.6535,1.6538,0.40,0.80
2008.03.07 09:30:57.107,1.6535,1.65375,0.40,0.40
2008.03.07 09:30:57.405,1.6534,1.65375,0.40,5.10
2008.03.07 09:30:57.702,1.6534,1.65375,0.40,5.10
2008.03.07 09:30:57.986,1.6534,1.65375,0.40,5.10
2008.03.07 09:30:58.269,1.6534,1.65375,0.40,5.10
2008.03.07 09:30:58.552,1.6534,1.65375,0.40,5.10
2008.03.07 09:30:58.820,1.6533,1.6537,0.40,0.40
2008.03.07 09:30:59.091,1.6533,1.6537,0.40,4.30
2008.03.07 09:30:59.376,1.6533,1.6537,0.40,4.30
2008.03.07 09:30:59.674,1.6533,1.6537,0.40,4.30
2008.03.07 09:30:59.998,1.6533,1.6537,0.40,4.30
2008.03.07 09:31:00.260,1.6533,1.6537,0.40,4.30
2008.03.07 09:31:00.553,1.6533,1.6537,0.40,4.30
2008.03.07 09:31:00.806,1.65335,1.6537,0.20,4.80
2008.03.07 09:31:01.058,1.6534,1.6537,0.40,0.80
2008.03.07 09:31:01.312,1.6534,1.65375,0.40,0.80
2008.03.07 09:31:02.587,1.6534,1.65375,0.40,0.80
2008.03.07 09:31:02.730,1.6534,1.65375,0.60,0.80
2008.03.07 09:31:02.901,1.6534,1.6538,0.60,0.80
2008.03.07 09:31:03.067,1.6534,1.6538,0.40,1.10
2008.03.07 09:31:03.205,1.6534,1.65375,0.40,0.80
2008.03.07 09:31:03.342,1.6534,1.65375,0.40,0.80
2008.03.07 09:31:03.480,1.6534,1.65375,0.40,0.80
2008.03.07 09:31:03.618,1.6534,1.65375,0.40,0.80
2008.03.07 09:31:03.953,1.6534,1.65375,0.40,0.80
2008.03.07 09:31:04.284,1.6534,1.65375,0.40,0.80
2008.03.07 09:31:04.617,1.6534,1.65375,0.40,0.80
2008.03.07 09:31:04.951,1.6534,1.65375,0.40,0.80
2008.03.07 09:31:05.195,1.6534,1.65375,0.40,0.80
2008.03.07 09:31:05.439,1.6534,1.65375,0.40,0.80
2008.03.07 09:31:05.684,1.6534,1.65375,0.60,0.80
2008.03.07 09:31:06.015,1.6534,1.6538,0.40,1.10
2008.03.07 09:31:06.343,1.6534,1.65375,0.40,0.80
2008.03.07 09:31:06.672,1.6534,1.65375,0.40,0.80
2008.03.07 09:31:06.936,1.6534,1.65375,0.40,0.80
2008.03.07 09:31:07.201,1.6534,1.65375,0.40,0.80
2008.03.07 09:31:07.470,1.6534,1.65375,0.40,0.80
2008.03.07 09:31:07.676,1.6534,1.65375,0.40,0.80
2008.03.07 09:31:08.009,1.6534,1.65375,0.40,0.80
2008.03.07 09:31:08.342,1.6534,1.65375,0.40,0.80
2008.03.07 09:31:08.676,1.6534,1.65375,0.40,1.10
2008.03.07 09:31:08.913,1.6534,1.6537,0.40,0.80
2008.03.07 09:31:09.152,1.6534,1.6537,0.40,0.80
2008.03.07 09:31:09.399,1.6534,1.6537,0.40,0.80
2008.03.07 09:31:09.670,1.6534,1.6537,0.40,0.80
2008.03.07 09:31:09.877,1.6534,1.6537,0.40,0.80
2008.03.07 09:31:10.185,1.6534,1.6537,0.40,0.80
2008.03.07 09:31:10.493,1.6534,1.6537,0.40,0.80
2008.03.07 09:31:10.801,1.6534,1.65365,0.40,0.40
2008.03.07 09:31:11.069,1.6534,1.65365,0.40,0.40
2008.03.07 09:31:11.338,1.6533,1.65355,0.40,0.40
2008.03.07 09:31:11.606,1.6533,1.65355,0.40,0.40
2008.03.07 09:31:11.875,1.65325,1.65335,4.00,0.40
2008.03.07 09:31:12.164,1.6532,1.65335,0.40,0.40
2008.03.07 09:31:12.453,1.65315,1.65335,4.00,0.40
2008.03.07 09:31:12.741,1.65305,1.65335,4.00,0.40
2008.03.07 09:31:13.060,1.6531,1.65345,0.40,0.40
2008.03.07 09:31:13.379,1.6531,1.65335,0.40,4.00
2008.03.07 09:31:13.698,1.6531,1.6534,0.40,0.80
2008.03.07 09:31:14.016,1.6531,1.6534,0.40,0.80
2008.03.07 09:31:14.259,1.6531,1.6534,0.40,0.80
2008.03.07 09:31:14.502,1.6531,1.6534,0.40,0.80
2008.03.07 09:31:14.745,1.6531,1.6534,0.40,0.80
2008.03.07 09:31:15.063,1.6531,1.6534,0.40,0.80
2008.03.07 09:31:15.381,1.653,1.6534,0.40,1.10
2008.03.07 09:31:15.700,1.653,1.65335,0.40,0.80
2008.03.07 09:31:16.019,1.653,1.6533,0.40,0.40
2008.03.07 09:31:16.263,1.653,1.65315,0.40,0.40
2008.03.07 09:31:16.506,1.653,1.6532,0.40,0.80
2008.03.07 09:31:16.749,1.653,1.6532,0.40,0.80
2008.03.07 09:31:16.993,1.6529,1.6532,0.40,0.80
2008.03.07 09:31:17.305,1.6529,1.6532,0.40,0.80
2008.03.07 09:31:17.618,1.6529,1.6532,0.40,0.80
2008.03.07 09:31:17.931,1.6529,1.6532,0.40,0.80
2008.03.07 09:31:18.209,1.6529,1.6532,0.40,0.80
2008.03.07 09:31:18.487,1.6529,1.6532,0.40,0.80
2008.03.07 09:31:18.765,1.6529,1.6532,0.40,0.80
2008.03.07 09:31:19.043,1.653,1.6532,0.40,0.80
2008.03.07 09:31:19.317,1.653,1.6533,0.40,0.80
2008.03.07 09:31:19.590,1.653,1.6533,0.40,0.80
2008.03.07 09:31:19.869,1.653,1.65325,0.40,4.00
2008.03.07 09:31:20.185,1.653,1.6533,0.40,0.80
2008.03.07 09:31:20.515,1.653,1.65335,0.40,4.30
2008.03.07 09:31:20.817,1.653,1.6533,0.40,0.50
2008.03.07 09:31:21.136,1.653,1.65335,0.40,4.30
2008.03.07 09:31:21.400,1.653,1.65335,0.60,4.00
2008.03.07 09:31:21.653,1.653,1.6534,0.40,0.40
2008.03.07 09:31:21.886,1.653,1.6534,1.00,4.00
2008.03.07 09:31:22.133,1.653,1.65335,1.00,4.00
2008.03.07 09:31:22.503,1.65305,1.65345,0.50,4.30
2008.03.07 09:31:22.835,1.6531,1.6534,0.40,0.40
2008.03.07 09:31:23.167,1.6531,1.6534,0.40,0.40
2008.03.07 09:31:23.411,1.6531,1.6534,0.40,0.40
2008.03.07 09:31:23.669,1.653,1.6534,0.40,0.40
2008.03.07 09:31:23.945,1.65305,1.6534,0.80,4.30
2008.03.07 09:31:24.218,1.65305,1.65335,0.80,0.40
2008.03.07 09:31:24.489,1.653,1.65335,0.40,4.30
2008.03.07 09:31:24.792,1.653,1.65335,0.40,4.30
2008.03.07 09:31:25.098,1.6531,1.65335,0.40,4.00
2008.03.07 09:31:25.426,1.6531,1.6534,0.40,0.40
2008.03.07 09:31:25.686,1.65305,1.6534,0.80,0.40
2008.03.07 09:31:25.965,1.653,1.6534,1.10,4.30
2008.03.07 09:31:26.246,1.653,1.65335,1.10,0.40
2008.03.07 09:31:26.527,1.653,1.65335,1.10,4.30
2008.03.07 09:31:26.843,1.653,1.65335,1.10,4.30
2008.03.07 09:31:27.152,1.653,1.65335,1.10,4.30
2008.03.07 09:31:27.466,1.653,1.65325,0.80,0.40
2008.03.07 09:31:27.729,1.65295,1.65325,0.80,4.00
2008.03.07 09:31:27.993,1.65295,1.65325,0.80,4.00
2008.03.07 09:31:28.256,1.6529,1.6533,1.10,4.30
2008.03.07 09:31:28.537,1.6529,1.6533,1.10,4.30
2008.03.07 09:31:28.814,1.6529,1.6533,1.10,4.30
2008.03.07 09:31:29.092,1.6529,1.6533,1.10,4.30
2008.03.07 09:31:29.370,1.6529,1.6533,1.10,4.30
2008.03.07 09:31:29.666,1.6529,1.6533,1.10,4.30
2008.03.07 09:31:29.989,1.6529,1.6533,1.30,4.00
2008.03.07 09:31:30.279,1.65295,1.6533,0.80,0.40
2008.03.07 09:31:30.554,1.65285,1.6533,4.20,0.40
2008.03.07 09:31:30.826,1.6529,1.65325,0.40,0.40
2008.03.07 09:31:31.101,1.6529,1.6532,0.40,4.00
2008.03.07 09:31:31.375,1.6529,1.6532,0.40,4.00
2008.03.07 09:31:31.674,1.6529,1.6532,1.10,4.00
2008.03.07 09:31:31.972,1.6529,1.65315,1.10,4.00
2008.03.07 09:31:32.271,1.6529,1.6532,0.40,0.40
2008.03.07 09:31:32.549,1.6529,1.6532,0.40,0.40
2008.03.07 09:31:32.827,1.6529,1.6532,0.40,4.00
2008.03.07 09:31:33.106,1.6529,1.65325,0.40,4.30
2008.03.07 09:31:33.384,1.6529,1.65325,0.40,4.30
2008.03.07 09:31:33.677,1.6529,1.65325,0.40,4.30
2008.03.07 09:31:33.971,1.65285,1.65315,0.80,0.40
2008.03.07 09:31:34.264,1.65285,1.65315,0.80,4.30
2008.03.07 09:31:34.557,1.65285,1.65315,0.80,4.00
2008.03.07 09:31:34.815,1.65285,1.6532,0.20,4.00
2008.03.07 09:31:35.074,1.65285,1.65325,0.20,4.30
2008.03.07 09:31:35.365,1.6528,1.6532,1.30,4.00
2008.03.07 09:31:35.590,1.6528,1.6532,1.30,4.00
2008.03.07 09:31:35.882,1.6528,1.6532,1.30,4.00
2008.03.07 09:31:36.208,1.6528,1.6532,1.30,4.00
2008.03.07 09:31:36.468,1.6528,1.6532,1.30,4.00
2008.03.07 09:31:36.792,1.6528,1.65315,0.60,4.00
2008.03.07 09:31:37.080,1.65275,1.6531,0.80,0.40
2008.03.07 09:31:37.388,1.6527,1.6531,1.30,4.30
2008.03.07 09:31:37.705,1.6527,1.6531,1.30,4.30
2008.03.07 09:31:37.962,1.6527,1.6531,1.30,4.30
2008.03.07 09:31:38.251,1.6527,1.6531,1.10,4.30
2008.03.07 09:31:38.540,1.6527,1.6531,1.10,4.30
2008.03.07 09:31:38.818,1.6527,1.6531,1.10,4.30
2008.03.07 09:31:39.097,1.6527,1.653,1.10,0.40
2008.03.07 09:31:39.375,1.6527,1.653,0.40,4.30
2008.03.07 09:31:39.653,1.6527,1.653,0.40,4.00
2008.03.07 09:31:39.943,1.65295,1.6531,0.20,4.00
2008.03.07 09:31:40.246,1.65305,1.6531,0.20,4.00
2008.03.07 09:31:40.549,1.653,1.6531,0.40,4.00
2008.03.07 09:31:40.820,1.653,1.6531,0.40,4.00
2008.03.07 09:31:41.097,1.65275,1.6531,0.20,4.00
2008.03.07 09:31:41.302,1.6528,1.6531,2.40,4.00
2008.03.07 09:31:41.541,1.65305,1.6531,0.20,4.00
2008.03.07 09:31:41.874,1.65305,1.6531,0.20,4.00
2008.03.07 09:31:42.207,1.653,1.6531,0.40,4.00
2008.03.07 09:31:42.540,1.653,1.6531,0.40,4.00
2008.03.07 09:31:42.873,1.653,1.6531,0.40,4.00
2008.03.07 09:31:43.147,1.653,1.6534,1.10,4.30
2008.03.07 09:31:43.419,1.653,1.6534,1.10,4.30
2008.03.07 09:31:43.693,1.653,1.6534,1.10,4.30
2008.03.07 09:31:43.965,1.653,1.6534,1.10,4.30
2008.03.07 09:31:44.238,1.653,1.6534,1.10,4.30
2008.03.07 09:31:44.516,1.653,1.6533,0.80,0.40
2008.03.07 09:31:44.819,1.6529,1.6533,0.80,4.30
2008.03.07 09:31:45.139,1.6529,1.6533,0.80,4.30
2008.03.07 09:31:45.395,1.6529,1.6533,0.80,4.30
2008.03.07 09:31:45.685,1.6529,1.6531,0.80,0.40
2008.03.07 09:31:45.953,1.6528,1.6531,0.40,4.30
2008.03.07 09:31:46.223,1.6527,1.6531,1.30,4.30
2008.03.07 09:31:46.491,1.6527,1.6531,1.30,4.30
2008.03.07 09:31:46.760,1.6527,1.6531,1.30,4.30
2008.03.07 09:31:47.034,1.6527,1.6531,1.30,4.30
2008.03.07 09:31:47.306,1.6527,1.6531,1.30,4.30
2008.03.07 09:31:47.598,1.6527,1.6531,1.30,4.30
2008.03.07 09:31:47.902,1.6527,1.6531,1.30,4.30
2008.03.07 09:31:48.222,1.65275,1.6531,0.20,4.00
2008.03.07 09:31:48.540,1.65295,1.6532,0.20,4.00
2008.03.07 09:31:48.859,1.653,1.6534,0.80,5.90
2008.03.07 09:31:49.129,1.653,1.6534,0.80,5.90
2008.03.07 09:31:49.367,1.653,1.6534,1.10,5.90
2008.03.07 09:31:49.605,1.653,1.6534,1.10,5.90
2008.03.07 09:31:49.843,1.653,1.6534,1.10,5.90
2008.03.07 09:31:50.161,1.653,1.6534,1.10,5.90
2008.03.07 09:31:50.478,1.653,1.6533,1.10,0.40
2008.03.07 09:31:50.797,1.6529,1.6533,0.80,4.30
2008.03.07 09:31:51.116,1.6529,1.6532,0.80,0.40
2008.03.07 09:31:51.365,1.6529,1.6532,0.80,4.30
2008.03.07 09:31:51.612,1.6529,1.6532,0.80,4.30
2008.03.07 09:31:51.863,1.6529,1.6532,0.80,4.30
2008.03.07 09:31:52.147,1.6529,1.6532,0.80,4.30
2008.03.07 09:31:52.429,1.6529,1.6532,0.80,4.30
2008.03.07 09:31:52.712,1.6529,1.6532,0.80,4.30
2008.03.07 09:31:52.994,1.6528,1.6532,0.80,4.30
2008.03.07 09:31:53.302,1.6528,1.6532,0.80,4.30
2008.03.07 09:31:53.610,1.6528,1.6532,0.80,4.30
2008.03.07 09:31:53.918,1.6528,1.65315,0.80,0.40
2008.03.07 09:31:54.177,1.65275,1.65315,0.80,4.30
2008.03.07 09:31:54.459,1.65275,1.65315,0.80,4.30
2008.03.07 09:31:54.752,1.65275,1.6531,0.80,0.40
2008.03.07 09:31:55.042,1.6527,1.6531,0.80,4.30
2008.03.07 09:31:55.284,1.6527,1.6531,0.80,4.30
2008.03.07 09:31:55.556,1.6527,1.6531,0.80,4.30
2008.03.07 09:31:55.831,1.6527,1.6531,0.80,4.30
2008.03.07 09:31:56.104,1.6527,1.6531,0.80,4.30
2008.03.07 09:31:56.383,1.6527,1.65285,0.80,0.40
2008.03.07 09:31:56.662,1.6527,1.65285,0.80,0.40
2008.03.07 09:31:56.940,1.65265,1.65285,0.20,4.00
2008.03.07 09:31:57.229,1.65265,1.6531,0.20,4.30
2008.03.07 09:31:57.517,1.65265,1.6531,0.20,4.30
2008.03.07 09:31:57.804,1.65265,1.6531,0.20,4.30
2008.03.07 09:31:58.092,1.65265,1.6531,0.20,4.30
2008.03.07 09:31:58.395,1.65265,1.6531,0.20,4.30
2008.03.07 09:31:58.681,1.65265,1.6531,0.20,4.30
2008.03.07 09:31:59.003,1.6527,1.65305,0.80,0.40
2008.03.07 09:31:59.277,1.6527,1.65305,0.80,4.30
2008.03.07 09:31:59.578,1.6527,1.65295,0.80,0.40
2008.03.07 09:31:59.813,1.65255,1.65295,0.80,4.30
2008.03.07 09:32:00.082,1.65255,1.65295,0.80,0.40
2008.03.07 09:32:00.377,1.6526,1.653,0.40,4.30
2008.03.07 09:32:00.701,1.6526,1.653,0.40,4.30
2008.03.07 09:32:00.993,1.6526,1.653,0.40,4.30
2008.03.07 09:32:01.287,1.6526,1.653,0.40,4.30
2008.03.07 09:32:01.536,1.65265,1.653,0.20,4.00
2008.03.07 09:32:01.784,1.6527,1.6531,0.60,4.30
2008.03.07 09:32:02.032,1.6527,1.6531,0.60,4.30
2008.03.07 09:32:02.355,1.6527,1.6531,0.60,4.30
2008.03.07 09:32:02.678,1.6527,1.6531,0.60,4.30
2008.03.07 09:32:03.001,1.6527,1.65305,0.40,0.40
2008.03.07 09:32:03.325,1.65265,1.65305,1.00,4.30
2008.03.07 09:32:03.563,1.65265,1.6529,0.80,0.40
2008.03.07 09:32:03.831,1.6526,1.6529,0.40,0.40
2008.03.07 09:32:04.092,1.65255,1.6529,4.00,0.40
2008.03.07 09:32:04.421,1.6525,1.6529,0.40,4.30
2008.03.07 09:32:04.715,1.6525,1.6529,0.40,4.30
2008.03.07 09:32:05.008,1.6525,1.6529,0.40,4.30
2008.03.07 09:32:05.302,1.6525,1.6529,3.70,0.40
2008.03.07 09:32:05.586,1.6526,1.6529,0.40,0.40
2008.03.07 09:32:05.868,1.6526,1.6529,0.40,0.40
2008.03.07 09:32:06.152,1.6525,1.6529,2.70,4.30
2008.03.07 09:32:06.435,1.6525,1.6529,2.70,4.30
2008.03.07 09:32:06.699,1.6526,1.65295,0.40,4.30
2008.03.07 09:32:06.962,1.6526,1.65295,0.40,4.30
2008.03.07 09:32:07.225,1.6526,1.65295,0.40,4.30
2008.03.07 09:32:07.550,1.6527,1.65295,0.20,4.00
2008.03.07 09:32:07.872,1.6527,1.6531,0.60,4.30
2008.03.07 09:32:08.196,1.6527,1.6531,0.60,4.00
2008.03.07 09:32:08.520,1.6527,1.65315,1.30,4.30
2008.03.07 09:32:08.769,1.6527,1.65315,1.30,4.30
2008.03.07 09:32:09.017,1.6527,1.65315,1.30,4.30
2008.03.07 09:32:09.265,1.6527,1.65315,1.00,4.30
2008.03.07 09:32:09.569,1.6527,1.65315,1.00,4.30
2008.03.07 09:32:09.872,1.6528,1.65315,0.20,4.00
2008.03.07 09:32:10.174,1.6528,1.65315,0.20,4.00
2008.03.07 09:32:10.477,1.6528,1.6532,0.20,4.00
2008.03.07 09:32:10.730,1.6528,1.6532,0.20,4.00
2008.03.07 09:32:10.983,1.6528,1.6532,0.20,4.00
2008.03.07 09:32:11.237,1.6528,1.6532,0.20,4.00
2008.03.07 09:32:11.489,1.6528,1.6532,0.20,4.00
2008.03.07 09:32:11.821,1.6528,1.6532,0.20,4.00
2008.03.07 09:32:12.164,1.6528,1.6532,0.20,4.00
2008.03.07 09:32:12.500,1.6529,1.65335,1.00,4.30
2008.03.07 09:32:12.778,1.6529,1.6533,1.00,0.40
2008.03.07 09:32:13.074,1.6529,1.65315,0.40,0.40
2008.03.07 09:32:13.354,1.65285,1.65315,0.80,0.40
2008.03.07 09:32:13.631,1.65285,1.65315,4.80,0.40
2008.03.07 09:32:13.889,1.65285,1.65315,0.80,4.30
2008.03.07 09:32:14.149,1.65285,1.65315,0.80,4.30
2008.03.07 09:32:14.426,1.65285,1.65315,0.80,4.30
2008.03.07 09:32:14.753,1.6528,1.65315,0.40,4.30
2008.03.07 09:32:15.079,1.6528,1.6531,0.40,0.40
2008.03.07 09:32:15.375,1.6527,1.6531,3.50,0.40
2008.03.07 09:32:15.669,1.6528,1.6531,0.40,4.00
2008.03.07 09:32:15.976,1.6528,1.6531,0.40,4.00
2008.03.07 09:32:16.317,1.6528,1.6531,0.40,4.00
2008.03.07 09:32:16.658,1.6528,1.65315,0.40,4.00
2008.03.07 09:32:16.859,1.6528,1.6532,0.40,4.30
2008.03.07 09:32:17.091,1.6528,1.6532,0.40,4.30
2008.03.07 09:32:17.324,1.6528,1.6532,0.40,4.30
2008.03.07 09:32:17.557,1.6528,1.6532,0.40,4.30
2008.03.07 09:32:17.890,1.6528,1.6532,2.90,4.00
2008.03.07 09:32:18.224,1.6528,1.6532,2.90,4.00
2008.03.07 09:32:18.558,1.6529,1.6532,0.40,4.00
2008.03.07 09:32:18.832,1.6529,1.6532,0.40,4.00
2008.03.07 09:32:19.102,1.6529,1.6532,0.40,4.30
2008.03.07 09:32:19.370,1.6528,1.6532,4.30,4.30
2008.03.07 09:32:19.577,1.6528,1.6532,4.30,4.30
2008.03.07 09:32:19.856,1.6528,1.6531,0.40,0.40
2008.03.07 09:32:20.135,1.6528,1.6531,0.40,0.40
2008.03.07 09:32:20.414,1.65275,1.6531,0.80,0.40
2008.03.07 09:32:20.692,1.65275,1.6531,0.80,0.40
2008.03.07 09:32:20.971,1.65275,1.6531,0.80,0.40
2008.03.07 09:32:21.250,1.6528,1.65285,0.80,0.40
2008.03.07 09:32:21.530,1.6527,1.6529,0.80,0.40
2008.03.07 09:32:21.808,1.6526,1.65285,0.40,4.00
2008.03.07 09:32:22.101,1.6526,1.6529,0.40,4.00
2008.03.07 09:32:22.393,1.6526,1.653,0.40,4.30
2008.03.07 09:32:22.687,1.6526,1.653,0.40,4.30
2008.03.07 09:32:22.969,1.6526,1.653,0.40,4.30
2008.03.07 09:32:23.243,1.6526,1.653,0.40,4.30
2008.03.07 09:32:23.514,1.65265,1.653,0.20,4.00
2008.03.07 09:32:23.789,1.6527,1.6531,0.80,4.30
2008.03.07 09:32:24.067,1.6527,1.6531,1.00,4.30
2008.03.07 09:32:24.345,1.6527,1.6531,1.00,4.30
2008.03.07 09:32:24.622,1.6527,1.6531,1.00,4.30
2008.03.07 09:32:24.934,1.6527,1.6531,1.00,4.30
2008.03.07 09:32:25.239,1.65275,1.65315,1.00,4.00
2008.03.07 09:32:25.481,1.65275,1.65315,1.00,4.00
2008.03.07 09:32:25.754,1.6528,1.65315,0.40,4.00
2008.03.07 09:32:26.022,1.6528,1.65315,0.60,4.00
2008.03.07 09:32:26.290,1.65285,1.65315,0.20,4.00
2008.03.07 09:32:26.558,1.6529,1.65325,0.40,4.00
2008.03.07 09:32:26.826,1.6529,1.6533,6.90,4.00
2008.03.07 09:32:27.111,1.653,1.6532,0.40,0.40
2008.03.07 09:32:27.394,1.653,1.6532,0.40,0.40
2008.03.07 09:32:27.678,1.65285,1.65315,4.00,0.40
2008.03.07 09:32:27.960,1.6528,1.6532,0.60,0.40
2008.03.07 09:32:28.283,1.6528,1.6532,1.10,4.30
2008.03.07 09:32:28.606,1.6528,1.6532,1.30,4.00
2008.03.07 09:32:28.932,1.6528,1.6532,1.30,4.00
2008.03.07 09:32:29.169,1.65285,1.65325,0.80,4.30
2008.03.07 09:32:29.407,1.6529,1.65325,0.40,4.30
2008.03.07 09:32:29.645,1.6529,1.65325,0.40,4.30
2008.03.07 09:32:29.883,1.6529,1.65325,0.40,4.30
2008.03.07 09:32:30.201,1.6529,1.65325,0.40,4.30
2008.03.07 09:32:30.519,1.65285,1.6532,0.80,0.40
2008.03.07 09:32:30.837,1.6528,1.65315,1.10,0.40
2008.03.07 09:32:31.071,1.6528,1.65315,1.10,0.40
2008.03.07 09:32:31.304,1.6528,1.6531,1.10,4.30
2008.03.07 09:32:31.538,1.6528,1.6531,0.40,4.30
2008.03.07 09:32:31.771,1.6527,1.6531,1.10,4.30
2008.03.07 09:32:32.005,1.6527,1.653,1.10,0.40
2008.03.07 09:32:32.339,1.6527,1.653,0.40,4.00
2008.03.07 09:32:32.673,1.6527,1.653,0.40,4.00
2008.03.07 09:32:33.006,1.6527,1.6531,0.40,4.30
2008.03.07 09:32:33.274,1.6527,1.6531,0.40,4.30
2008.03.07 09:32:33.542,1.65275,1.6531,0.20,4.00
2008.03.07 09:32:33.812,1.6528,1.65315,0.40,4.30
2008.03.07 09:32:34.111,1.6528,1.65315,0.40,4.30
2008.03.07 09:32:34.382,1.65285,1.65315,0.20,4.00
2008.03.07 09:32:34.686,1.6529,1.65325,0.40,4.30
2008.03.07 09:32:34.990,1.6529,1.65325,0.40,4.30
2008.03.07 09:32:35.228,1.6529,1.65325,0.40,4.30
2008.03.07 09:32:35.467,1.6529,1.65325,0.40,4.30
2008.03.07 09:32:35.706,1.65285,1.6532,0.80,0.40
2008.03.07 09:32:35.945,1.65285,1.6532,0.80,0.40
2008.03.07 09:32:36.269,1.6528,1.6532,1.30,4.30
2008.03.07 09:32:36.610,1.6529,1.6532,0.60,4.00
2008.03.07 09:32:36.919,1.65295,1.6533,0.80,0.40
2008.03.07 09:32:37.219,1.65295,1.65325,0.80,4.30
2008.03.07 09:32:37.518,1.6529,1.65325,0.40,4.30
2008.03.07 09:32:37.755,1.6529,1.65325,0.40,4.30
2008.03.07 09:32:38.024,1.6529,1.65325,1.10,0.40
2008.03.07 09:32:38.333,1.6529,1.6533,1.30,4.00
2008.03.07 09:32:38.640,1.65295,1.65335,0.80,4.30
2008.03.07 09:32:38.956,1.653,1.65335,0.40,4.30
2008.03.07 09:32:39.264,1.653,1.6534,1.10,4.30
2008.03.07 09:32:39.527,1.653,1.6534,1.10,4.30
2008.03.07 09:32:39.790,1.653,1.65335,1.10,0.40
2008.03.07 09:32:40.053,1.653,1.65335,0.40,0.40
2008.03.07 09:32:40.346,1.653,1.6533,0.40,4.30
2008.03.07 09:32:40.639,1.653,1.6533,0.40,4.00
2008.03.07 09:32:40.933,1.653,1.65335,0.40,0.40
2008.03.07 09:32:41.226,1.653,1.6534,0.40,4.30
2008.03.07 09:32:41.501,1.653,1.6534,0.40,4.30
2008.03.07 09:32:41.769,1.653,1.6534,0.40,4.30
2008.03.07 09:32:42.036,1.653,1.6534,0.40,4.30
2008.03.07 09:32:42.319,1.653,1.6534,0.40,4.30
2008.03.07 09:32:42.602,1.653,1.6534,0.40,4.30
2008.03.07 09:32:42.886,1.653,1.6534,1.10,4.30
2008.03.07 09:32:43.169,1.653,1.6534,1.10,4.30
2008.03.07 09:32:43.467,1.653,1.6534,1.10,4.30
2008.03.07 09:32:43.766,1.6531,1.6534,0.40,4.00
2008.03.07 09:32:44.065,1.6531,1.65345,0.40,4.30
2008.03.07 09:32:44.313,1.6531,1.65345,0.40,4.00
2008.03.07 09:32:44.562,1.6531,1.6535,1.10,4.30
2008.03.07 09:32:44.813,1.6531,1.6535,1.10,4.30
2008.03.07 09:32:45.092,1.6531,1.6535,1.10,4.30
2008.03.07 09:32:45.434,1.6531,1.6535,1.10,4.30
2008.03.07 09:32:45.747,1.6531,1.6535,1.10,4.30
2008.03.07 09:32:46.061,1.6532,1.6535,0.40,4.30
2008.03.07 09:32:46.299,1.6532,1.65355,0.40,4.30
2008.03.07 09:32:46.537,1.6532,1.65355,0.40,4.00
2008.03.07 09:32:46.775,1.6532,1.6536,0.40,4.30
2008.03.07 09:32:47.014,1.6532,1.6536,0.40,4.30
2008.03.07 09:32:47.262,1.6532,1.6536,0.40,4.30
2008.03.07 09:32:47.638,1.6532,1.65335,0.40,0.40
2008.03.07 09:32:47.964,1.6532,1.65335,0.80,4.30
2008.03.07 09:32:48.323,1.6532,1.65325,0.80,0.40
2008.03.07 09:32:48.587,1.6532,1.65325,0.80,4.30
2008.03.07 09:32:48.810,1.6532,1.65325,0.80,4.30
2008.03.07 09:32:49.039,1.6529,1.6532,1.10,0.40
2008.03.07 09:32:49.265,1.6529,1.65315,0.40,4.00
2008.03.07 09:32:49.554,1.65285,1.65315,0.80,4.00
2008.03.07 09:32:49.843,1.65285,1.65315,0.80,4.00
2008.03.07 09:32:50.130,1.65285,1.65315,0.80,4.00
2008.03.07 09:32:50.423,1.65285,1.65315,0.80,4.00
2008.03.07 09:32:50.715,1.65285,1.65315,0.80,4.00
2008.03.07 09:32:51.030,1.65285,1.65315,0.80,4.00
2008.03.07 09:32:51.324,1.65285,1.65315,0.80,4.00
2008.03.07 09:32:51.578,1.65285,1.65305,0.80,0.40
2008.03.07 09:32:51.832,1.65285,1.653,0.80,0.40
2008.03.07 09:32:52.086,1.65285,1.653,0.80,4.30
2008.03.07 09:32:52.405,1.6527,1.65295,0.80,4.00
2008.03.07 09:32:52.723,1.6527,1.65305,0.80,4.30
2008.03.07 09:32:53.041,1.65285,1.65305,0.80,4.30
2008.03.07 09:32:53.359,1.65285,1.65305,0.80,4.30
2008.03.07 09:32:53.608,1.65285,1.65305,0.80,4.00
2008.03.07 09:32:53.854,1.6527,1.65315,0.20,4.30
2008.03.07 09:32:54.103,1.6527,1.65315,0.20,4.30
2008.03.07 09:32:54.363,1.6528,1.6531,0.40,4.00
2008.03.07 09:32:54.708,1.6528,1.6531,0.40,5.90
2008.03.07 09:32:55.021,1.6527,1.653,0.40,4.00
2008.03.07 09:32:55.333,1.6527,1.6531,0.40,5.90
2008.03.07 09:32:55.576,1.65285,1.6531,0.20,4.00
2008.03.07 09:32:55.819,1.65285,1.6533,0.20,4.30
2008.03.07 09:32:56.063,1.65295,1.6533,0.20,4.00
2008.03.07 09:32:56.306,1.653,1.65335,1.10,4.00
2008.03.07 09:32:56.594,1.653,1.65335,1.30,4.00
2008.03.07 09:32:56.883,1.653,1.6534,0.60,4.00
2008.03.07 09:32:57.172,1.65305,1.6534,0.80,4.00
2008.03.07 09:32:57.480,1.65305,1.6534,0.80,4.00
2008.03.07 09:32:57.788,1.65305,1.6534,0.80,4.00
2008.03.07 09:32:58.096,1.65315,1.6534,0.20,4.00
2008.03.07 09:32:58.405,1.65315,1.6535,0.20,4.00
2008.03.07 09:32:58.663,1.65315,1.65355,4.00,0.40
2008.03.07 09:32:58.950,1.65315,1.65355,0.80,4.30
2008.03.07 09:32:59.209,1.65315,1.65355,0.80,4.30
2008.03.07 09:32:59.482,1.65315,1.65355,0.80,4.30
2008.03.07 09:32:59.756,1.653,1.6533,0.40,4.30
2008.03.07 09:33:00.028,1.653,1.6533,0.40,4.30
2008.03.07 09:33:00.303,1.65315,1.65355,0.80,4.30
2008.03.07 09:33:00.580,1.65315,1.65355,0.80,4.30
2008.03.07 09:33:00.858,1.65315,1.65355,0.80,4.30
2008.03.07 09:33:01.137,1.65315,1.65355,0.80,4.30
2008.03.07 09:33:01.418,1.65325,1.65355,0.80,4.30
2008.03.07 09:33:01.700,1.65325,1.65355,0.80,4.30
2008.03.07 09:33:02.016,1.65325,1.65355,0.80,4.30
2008.03.07 09:33:02.268,1.65325,1.65365,0.80,4.30
2008.03.07 09:33:02.556,1.65325,1.65365,0.80,4.30
2008.03.07 09:33:02.845,1.65325,1.65365,0.80,4.30
2008.03.07 09:33:03.132,1.65325,1.65365,0.80,4.30
2008.03.07 09:33:03.420,1.65325,1.65365,0.80,4.30
2008.03.07 09:33:03.690,1.65325,1.65355,0.80,0.40
2008.03.07 09:33:03.959,1.65325,1.65355,0.80,4.30
2008.03.07 09:33:04.227,1.65325,1.65355,0.80,4.30
2008.03.07 09:33:04.494,1.65325,1.65355,0.80,4.30
2008.03.07 09:33:04.795,1.65325,1.65355,0.80,4.30
2008.03.07 09:33:05.121,1.65325,1.65355,0.80,4.30
2008.03.07 09:33:05.454,1.65325,1.65355,0.80,4.30
2008.03.07 09:33:05.742,1.65325,1.65355,0.80,4.30
2008.03.07 09:33:05.996,1.65325,1.65355,0.80,4.30
2008.03.07 09:33:06.250,1.65325,1.65355,0.80,4.30
2008.03.07 09:33:06.502,1.65325,1.65355,0.80,4.30
2008.03.07 09:33:06.797,1.65315,1.65345,0.80,4.30
2008.03.07 09:33:07.095,1.65315,1.65345,0.80,4.30
2008.03.07 09:33:07.424,1.65315,1.65345,0.80,4.30
2008.03.07 09:33:07.738,1.6531,1.6534,0.80,4.30
2008.03.07 09:33:08.034,1.65315,1.6534,0.80,4.00
2008.03.07 09:33:08.341,1.65315,1.65345,0.80,4.30
2008.03.07 09:33:08.593,1.65315,1.65345,0.80,4.30
2008.03.07 09:33:08.845,1.65315,1.65345,0.80,4.30
2008.03.07 09:33:09.099,1.65315,1.65345,0.80,4.30
2008.03.07 09:33:09.351,1.65315,1.65345,0.80,4.30
2008.03.07 09:33:09.604,1.65315,1.65345,0.80,4.30
2008.03.07 09:33:09.917,1.65315,1.65345,0.80,4.30
2008.03.07 09:33:10.231,1.65315,1.65345,0.80,4.30
2008.03.07 09:33:10.556,1.65315,1.65345,0.80,4.30
2008.03.07 09:33:10.814,1.65315,1.65345,0.80,4.30
2008.03.07 09:33:11.071,1.65315,1.65345,0.80,4.30
2008.03.07 09:33:11.329,1.65315,1.65345,0.80,4.30
2008.03.07 09:33:11.587,1.65315,1.65345,0.80,4.30
2008.03.07 09:33:11.879,1.65315,1.65345,0.80,4.30
2008.03.07 09:33:12.195,1.65315,1.65345,0.80,4.30
2008.03.07 09:33:12.515,1.65315,1.65345,0.80,4.30
2008.03.07 09:33:12.781,1.65315,1.65345,0.80,4.30
2008.03.07 09:33:13.078,1.65315,1.65345,0.80,4.30
2008.03.07 09:33:13.376,1.65315,1.65345,0.80,4.30
2008.03.07 09:33:13.674,1.65315,1.65345,0.80,4.30
2008.03.07 09:33:13.937,1.65315,1.65345,0.80,4.30
2008.03.07 09:33:14.200,1.65315,1.6534,0.80,0.40
2008.03.07 09:33:14.463,1.6531,1.6534,0.50,4.30
2008.03.07 09:33:14.741,1.6531,1.6534,0.50,4.30
2008.03.07 09:33:15.052,1.6531,1.6534,0.50,4.30
2008.03.07 09:33:15.329,1.6531,1.6534,0.50,4.30
2008.03.07 09:33:15.607,1.6531,1.6534,0.50,4.30
2008.03.07 09:33:15.885,1.6531,1.6534,0.50,4.30
2008.03.07 09:33:16.164,1.6531,1.65335,0.50,0.40
2008.03.07 09:33:16.441,1.6531,1.6533,0.50,0.40
2008.03.07 09:33:16.720,1.65305,1.6533,0.50,0.40
2008.03.07 09:33:17.009,1.653,1.6533,0.50,0.40
2008.03.07 09:33:17.300,1.653,1.6533,0.80,0.40
2008.03.07 09:33:17.616,1.653,1.6533,0.80,0.40
2008.03.07 09:33:17.901,1.653,1.6533,0.80,0.40
2008.03.07 09:33:18.153,1.653,1.6533,0.80,0.40
2008.03.07 09:33:18.406,1.653,1.6533,0.80,0.40
2008.03.07 09:33:18.659,1.653,1.6533,0.80,0.40
2008.03.07 09:33:18.972,1.653,1.6533,0.80,0.40
2008.03.07 09:33:19.286,1.653,1.6533,0.80,0.40
2008.03.07 09:33:19.600,1.653,1.6533,0.80,0.40
2008.03.07 09:33:19.914,1.653,1.65325,0.40,0.40
2008.03.07 09:33:20.172,1.653,1.65325,0.40,0.40
2008.03.07 09:33:20.430,1.653,1.6532,0.40,0.40
2008.03.07 09:33:20.688,1.65295,1.6532,0.50,0.40
2008.03.07 09:33:20.952,1.6529,1.65315,0.80,0.40
2008.03.07 09:33:21.235,1.6529,1.65315,0.80,0.40
2008.03.07 09:33:21.530,1.6529,1.65315,0.80,0.40
2008.03.07 09:33:21.828,1.6529,1.65315,0.80,0.40
2008.03.07 09:33:22.148,1.6529,1.65315,0.80,0.40
2008.03.07 09:33:22.466,1.6529,1.65315,0.80,0.40
2008.03.07 09:33:22.721,1.6529,1.65315,0.80,0.40
2008.03.07 09:33:23.009,1.6529,1.65315,0.40,0.40
2008.03.07 09:33:23.283,1.6529,1.65315,0.40,0.40
2008.03.07 09:33:23.556,1.6529,1.65315,0.40,0.40
2008.03.07 09:33:23.831,1.6529,1.65315,0.40,0.40
2008.03.07 09:33:24.109,1.6529,1.65315,0.40,0.40
2008.03.07 09:33:24.387,1.6529,1.65315,0.40,0.40
2008.03.07 09:33:24.665,1.6529,1.65315,0.40,0.40
2008.03.07 09:33:24.943,1.6529,1.65315,0.40,0.40
2008.03.07 09:33:25.236,1.6529,1.65315,0.40,0.40
2008.03.07 09:33:25.531,1.6529,1.65315,0.40,0.40
2008.03.07 09:33:25.824,1.6529,1.65325,0.40,4.30
2008.03.07 09:33:26.083,1.653,1.65325,0.40,0.40
2008.03.07 09:33:26.341,1.653,1.65335,0.40,4.30
2008.03.07 09:33:26.599,1.653,1.65335,0.40,4.30
2008.03.07 09:33:26.857,1.653,1.65335,0.40,4.30
2008.03.07 09:33:27.114,1.653,1.65335,0.40,4.30
2008.03.07 09:33:27.423,1.653,1.65335,0.40,4.30
2008.03.07 09:33:27.732,1.653,1.65335,0.40,4.30
2008.03.07 09:33:28.039,1.653,1.65335,0.40,4.30
2008.03.07 09:33:28.345,1.653,1.65335,0.40,4.30
2008.03.07 09:33:28.658,1.653,1.65335,0.40,4.30
2008.03.07 09:33:28.970,1.653,1.65335,0.40,4.30
2008.03.07 09:33:29.265,1.653,1.65335,0.40,4.30
2008.03.07 09:33:29.528,1.653,1.65335,0.40,4.30
2008.03.07 09:33:29.792,1.653,1.65335,0.40,4.00
2008.03.07 09:33:30.054,1.653,1.65335,0.80,4.00
2008.03.07 09:33:30.363,1.653,1.6534,0.80,4.30
2008.03.07 09:33:30.693,1.653,1.6534,0.80,4.30
2008.03.07 09:33:31.030,1.6531,1.6534,0.40,4.30
2008.03.07 09:33:31.277,1.6531,1.65345,0.40,4.30
2008.03.07 09:33:31.526,1.6531,1.65345,0.40,4.00
2008.03.07 09:33:31.775,1.6531,1.6534,0.40,0.40
2008.03.07 09:33:32.023,1.6531,1.6534,0.40,0.40
2008.03.07 09:33:32.321,1.65305,1.65345,0.70,4.30
2008.03.07 09:33:32.621,1.65305,1.65345,0.70,4.30
2008.03.07 09:33:32.919,1.6531,1.65345,0.40,0.40
2008.03.07 09:33:33.217,1.6531,1.65345,0.40,0.40
2008.03.07 09:33:33.495,1.6531,1.65345,0.40,0.40
2008.03.07 09:33:33.773,1.6531,1.65345,0.40,0.40
2008.03.07 09:33:34.061,1.6531,1.65345,0.40,0.40
2008.03.07 09:33:34.339,1.6531,1.65345,0.40,0.40
2008.03.07 09:33:34.548,1.6531,1.65345,0.40,0.40
2008.03.07 09:33:34.790,1.6531,1.65345,0.40,0.40
2008.03.07 09:33:35.034,1.6531,1.65345,0.40,0.40
2008.03.07 09:33:35.349,1.6532,1.6535,0.40,4.00
2008.03.07 09:33:35.664,1.6532,1.6535,0.40,4.00
2008.03.07 09:33:35.977,1.6532,1.65355,0.40,4.30
2008.03.07 09:33:36.290,1.6532,1.65355,0.40,4.30
2008.03.07 09:33:36.553,1.6532,1.65355,0.40,4.30
2008.03.07 09:33:36.815,1.6532,1.65355,0.40,4.30
2008.03.07 09:33:37.082,1.6532,1.65355,0.40,4.30
2008.03.07 09:33:37.360,1.6532,1.6535,0.40,0.40
2008.03.07 09:33:37.637,1.6531,1.6535,0.80,0.40
2008.03.07 09:33:37.915,1.6531,1.6535,0.80,0.40
2008.03.07 09:33:38.193,1.65315,1.6535,0.20,4.00
2008.03.07 09:33:38.526,1.6532,1.6536,0.50,9.90
2008.03.07 09:33:38.859,1.6532,1.65355,1.00,4.00
2008.03.07 09:33:39.192,1.6532,1.65345,0.80,0.40
2008.03.07 09:33:39.412,1.65325,1.65345,0.50,0.40
2008.03.07 09:33:39.660,1.65325,1.65345,0.50,0.40
2008.03.07 09:33:39.855,1.65325,1.6535,0.50,4.00
2008.03.07 09:33:40.074,1.6532,1.6535,0.50,4.00
2008.03.07 09:33:40.293,1.6532,1.6535,0.50,4.30
2008.03.07 09:33:40.628,1.6532,1.65345,0.50,0.40
2008.03.07 09:33:40.961,1.65315,1.65345,0.50,0.40
2008.03.07 09:33:41.295,1.6532,1.6536,0.20,4.00
2008.03.07 09:33:41.538,1.65335,1.6535,0.20,4.00
2008.03.07 09:33:41.782,1.6533,1.6535,0.20,4.00
2008.03.07 09:33:42.025,1.6533,1.65345,0.60,4.00
2008.03.07 09:33:42.269,1.65335,1.65345,0.50,4.00
2008.03.07 09:33:42.602,1.65335,1.65365,0.50,4.00
2008.03.07 09:33:42.936,1.65335,1.65375,0.50,0.40
2008.03.07 09:33:43.269,1.65335,1.65375,0.50,4.30
2008.03.07 09:33:43.512,1.65335,1.65375,0.50,4.30
2008.03.07 09:33:43.757,1.65335,1.65365,0.50,0.40
2008.03.07 09:33:44.001,1.65335,1.65365,0.50,0.40
2008.03.07 09:33:44.248,1.6533,1.65355,0.40,0.40
2008.03.07 09:33:44.536,1.65325,1.65355,0.50,0.40
2008.03.07 09:33:44.823,1.6532,1.6535,0.50,0.40
2008.03.07 09:33:45.111,1.6532,1.6535,0.50,4.30
2008.03.07 09:33:45.398,1.6532,1.6535,0.50,4.30
2008.03.07 09:33:45.701,1.6532,1.6535,0.50,4.30
2008.03.07 09:33:46.004,1.6532,1.6535,0.50,4.30
2008.03.07 09:33:46.337,1.6532,1.6535,0.50,4.30
2008.03.07 09:33:46.612,1.6532,1.6534,0.50,0.40
2008.03.07 09:33:46.855,1.6531,1.6534,0.50,4.30
2008.03.07 09:33:47.090,1.6531,1.6534,0.50,4.30
2008.03.07 09:33:47.333,1.6531,1.6534,0.50,4.00
2008.03.07 09:33:47.657,1.6531,1.6535,0.50,4.30
2008.03.07 09:33:47.980,1.6531,1.6534,0.80,4.00
2008.03.07 09:33:48.303,1.6531,1.6534,0.40,4.30
2008.03.07 09:33:48.626,1.6531,1.6534,0.40,4.30
2008.03.07 09:33:48.878,1.6531,1.6534,0.40,4.30
2008.03.07 09:33:49.131,1.6531,1.6534,0.40,4.30
2008.03.07 09:33:49.385,1.6531,1.6534,0.40,4.00
2008.03.07 09:33:49.689,1.65315,1.6534,0.20,4.00
2008.03.07 09:33:49.992,1.6532,1.6535,0.40,4.00
2008.03.07 09:33:50.296,1.6532,1.6534,0.40,4.00
2008.03.07 09:33:50.600,1.6532,1.65355,0.40,4.30
2008.03.07 09:33:50.903,1.6532,1.65355,0.40,4.30
2008.03.07 09:33:51.206,1.6532,1.65355,0.40,4.30
2008.03.07 09:33:51.509,1.6532,1.65355,0.40,4.30
2008.03.07 09:33:51.752,1.6532,1.65355,0.40,4.30
2008.03.07 09:33:51.995,1.6532,1.65355,0.40,4.30
2008.03.07 09:33:52.239,1.6532,1.65355,0.80,4.30
2008.03.07 09:33:52.511,1.6532,1.65355,0.80,4.30
2008.03.07 09:33:52.858,1.6532,1.65355,0.80,4.30
2008.03.07 09:33:53.189,1.6532,1.65355,0.80,4.30
2008.03.07 09:33:53.507,1.6532,1.65355,0.80,4.30
2008.03.07 09:33:53.755,1.6532,1.65355,0.80,4.30
2008.03.07 09:33:54.002,1.6532,1.65355,0.80,4.30
2008.03.07 09:33:54.249,1.6532,1.65355,0.80,4.30
2008.03.07 09:33:54.498,1.6532,1.65355,0.80,4.30
2008.03.07 09:33:54.746,1.6532,1.65355,0.80,4.30
2008.03.07 09:33:55.048,1.6532,1.65355,0.80,4.30
2008.03.07 09:33:55.351,1.6532,1.65355,0.80,4.30
2008.03.07 09:33:55.673,1.6532,1.65355,0.80,4.30
2008.03.07 09:33:55.974,1.6532,1.65355,0.80,4.30
2008.03.07 09:33:56.278,1.6532,1.65355,0.80,4.30
2008.03.07 09:33:56.575,1.6532,1.65355,0.80,4.30
2008.03.07 09:33:56.876,1.6532,1.6535,0.40,4.30
2008.03.07 09:33:57.144,1.6532,1.6535,0.40,4.00
2008.03.07 09:33:57.413,1.6532,1.65355,0.40,4.30
2008.03.07 09:33:57.680,1.6532,1.65355,0.40,4.30
2008.03.07 09:33:57.998,1.6532,1.65355,0.40,4.30
2008.03.07 09:33:58.316,1.6532,1.65355,0.40,4.30
2008.03.07 09:33:58.634,1.6532,1.65355,0.40,4.30
2008.03.07 09:33:58.888,1.6532,1.65355,0.40,4.30
2008.03.07 09:33:59.142,1.6532,1.65355,0.80,4.30
2008.03.07 09:33:59.416,1.6532,1.65355,0.80,4.30
2008.03.07 09:33:59.669,1.6532,1.65355,0.80,4.30
2008.03.07 09:33:59.941,1.6532,1.65355,0.80,4.30
2008.03.07 09:34:00.214,1.6532,1.65355,0.80,4.30
2008.03.07 09:34:00.487,1.6532,1.65355,0.80,4.30
2008.03.07 09:34:00.761,1.6532,1.6535,0.40,4.00
2008.03.07 09:34:01.048,1.6532,1.6535,0.40,4.00
2008.03.07 09:34:01.336,1.6532,1.6535,0.40,4.30
2008.03.07 09:34:01.625,1.6532,1.6535,0.40,4.30
2008.03.07 09:34:01.913,1.65315,1.6535,0.50,4.30
2008.03.07 09:34:02.200,1.65315,1.6535,0.50,4.30
2008.03.07 09:34:02.512,1.6532,1.6535,0.40,4.30
2008.03.07 09:34:02.814,1.6532,1.6534,0.40,0.40
2008.03.07 09:34:03.115,1.6531,1.6534,0.40,4.30
2008.03.07 09:34:03.413,1.6531,1.6534,0.40,4.30
2008.03.07 09:34:03.712,1.653,1.65335,0.80,0.40
2008.03.07 09:34:03.961,1.653,1.65335,0.40,4.30
2008.03.07 09:34:04.208,1.653,1.65335,0.40,4.30
2008.03.07 09:34:04.456,1.653,1.65335,0.40,4.30
2008.03.07 09:34:04.735,1.653,1.65335,0.40,4.30
2008.03.07 09:34:05.043,1.653,1.65335,0.40,4.30
2008.03.07 09:34:05.351,1.653,1.6533,0.40,4.30
2008.03.07 09:34:05.688,1.653,1.6533,0.40,4.30
2008.03.07 09:34:06.021,1.653,1.6533,0.40,4.30
2008.03.07 09:34:06.322,1.653,1.6533,0.40,4.30
2008.03.07 09:34:06.656,1.653,1.6533,0.40,4.30
2008.03.07 09:34:06.930,1.653,1.6533,0.40,4.30
2008.03.07 09:34:07.224,1.653,1.6533,0.40,4.30
2008.03.07 09:34:07.450,1.653,1.6533,0.40,4.00
2008.03.07 09:34:07.709,1.6531,1.65335,0.40,4.00
2008.03.07 09:34:07.967,1.6531,1.65335,0.40,4.00
2008.03.07 09:34:08.298,1.6531,1.65335,0.40,4.00
2008.03.07 09:34:08.623,1.6531,1.6534,0.40,4.30
2008.03.07 09:34:08.950,1.6531,1.6534,0.40,4.30
2008.03.07 09:34:09.193,1.6531,1.6534,0.40,4.30
2008.03.07 09:34:09.438,1.6531,1.6534,0.40,4.30
2008.03.07 09:34:09.680,1.6531,1.6534,0.40,4.30
2008.03.07 09:34:09.936,1.6531,1.6534,0.40,4.30
2008.03.07 09:34:10.243,1.6531,1.6534,0.40,4.30
2008.03.07 09:34:10.520,1.6531,1.6534,0.40,4.30
2008.03.07 09:34:10.797,1.6531,1.6534,0.40,4.30
2008.03.07 09:34:11.076,1.6531,1.6534,0.40,4.30
2008.03.07 09:34:11.378,1.6531,1.6534,0.40,4.30
2008.03.07 09:34:11.682,1.6532,1.6534,0.40,4.00
2008.03.07 09:34:11.986,1.6532,1.6535,0.40,4.30
2008.03.07 09:34:12.235,1.6532,1.6535,0.40,4.00
2008.03.07 09:34:12.483,1.6532,1.6535,0.40,4.00
2008.03.07 09:34:12.733,1.6532,1.6535,0.40,4.00
2008.03.07 09:34:12.981,1.6532,1.6535,0.40,4.00
2008.03.07 09:34:13.314,1.6532,1.6535,0.40,4.30
2008.03.07 09:34:13.648,1.6532,1.6535,0.40,4.00
2008.03.07 09:34:14.013,1.6532,1.6535,0.60,4.00
2008.03.07 09:34:14.258,1.6533,1.6535,0.40,4.00
2008.03.07 09:34:14.501,1.6533,1.65355,0.40,0.40
2008.03.07 09:34:14.766,1.6533,1.6536,0.40,4.30
2008.03.07 09:34:15.040,1.6533,1.65355,0.40,0.40
2008.03.07 09:34:15.363,1.6532,1.65355,0.80,4.30
2008.03.07 09:34:15.686,1.6532,1.65355,0.80,4.30
2008.03.07 09:34:16.010,1.6532,1.65355,0.80,4.30
2008.03.07 09:34:16.332,1.65325,1.6536,0.50,4.30
2008.03.07 09:34:16.566,1.6533,1.6536,0.40,4.30
2008.03.07 09:34:16.800,1.6533,1.6536,0.40,4.30
2008.03.07 09:34:17.035,1.6533,1.6536,0.40,4.30
2008.03.07 09:34:17.359,1.6533,1.6536,0.40,4.30
2008.03.07 09:34:17.685,1.65325,1.65355,0.50,0.40
2008.03.07 09:34:18.013,1.6532,1.65355,0.80,4.30
2008.03.07 09:34:18.338,1.6532,1.6535,0.40,4.30
2008.03.07 09:34:18.688,1.65315,1.65345,0.50,0.40
2008.03.07 09:34:19.002,1.65315,1.65345,0.50,4.30
2008.03.07 09:34:19.318,1.6531,1.6534,0.40,0.40
2008.03.07 09:34:19.567,1.6531,1.6534,0.40,4.30
2008.03.07 09:34:19.849,1.6531,1.6534,0.40,4.30
2008.03.07 09:34:20.130,1.6531,1.6534,0.40,4.30
2008.03.07 09:34:20.414,1.6531,1.6534,0.40,4.30
2008.03.07 09:34:20.699,1.6531,1.6534,0.40,4.30
2008.03.07 09:34:20.988,1.6531,1.6534,0.40,4.30
2008.03.07 09:34:21.240,1.6531,1.6534,0.40,4.30
2008.03.07 09:34:21.557,1.6531,1.6534,0.40,4.30
2008.03.07 09:34:21.875,1.6531,1.6534,0.40,4.30
2008.03.07 09:34:22.192,1.6531,1.6534,0.40,4.30
2008.03.07 09:34:22.436,1.6531,1.6534,0.40,4.30
2008.03.07 09:34:22.679,1.6531,1.6534,0.40,4.30
2008.03.07 09:34:22.922,1.6531,1.6534,0.40,4.30
2008.03.07 09:34:23.164,1.6531,1.6534,0.40,4.30
2008.03.07 09:34:23.488,1.6531,1.6534,0.40,4.30
2008.03.07 09:34:23.811,1.6531,1.6534,0.40,4.30
2008.03.07 09:34:24.134,1.6531,1.6534,0.40,4.30
2008.03.07 09:34:24.458,1.6531,1.6534,0.40,4.30
2008.03.07 09:34:24.721,1.6531,1.6534,0.40,4.30
2008.03.07 09:34:25.012,1.6531,1.6534,0.40,4.30
2008.03.07 09:34:25.276,1.6531,1.6534,0.40,4.30
2008.03.07 09:34:25.535,1.6531,1.6534,0.40,4.30
2008.03.07 09:34:25.824,1.6531,1.6534,0.40,4.00
2008.03.07 09:34:26.114,1.6531,1.6535,0.70,5.90
2008.03.07 09:34:26.409,1.6532,1.6534,0.40,0.40
2008.03.07 09:34:26.742,1.6532,1.6534,0.40,4.30
2008.03.07 09:34:27.076,1.6531,1.6534,0.40,4.30
2008.03.07 09:34:27.387,1.6531,1.6534,0.40,4.30
2008.03.07 09:34:27.637,1.6531,1.6534,0.40,4.30
2008.03.07 09:34:27.883,1.6531,1.6534,0.40,4.30
2008.03.07 09:34:28.161,1.6531,1.6534,0.40,4.30
2008.03.07 09:34:28.408,1.6531,1.6534,0.40,4.30
2008.03.07 09:34:28.731,1.6531,1.6534,0.40,4.30
2008.03.07 09:34:29.053,1.6531,1.6534,0.40,4.30
2008.03.07 09:34:29.377,1.6531,1.6534,0.40,4.00
2008.03.07 09:34:29.700,1.6531,1.6535,0.70,5.90
2008.03.07 09:34:29.944,1.6532,1.6535,0.40,5.60
2008.03.07 09:34:30.187,1.6532,1.6535,0.40,1.60
2008.03.07 09:34:30.430,1.6532,1.65355,0.40,4.30
2008.03.07 09:34:30.733,1.6532,1.6536,0.60,1.60
2008.03.07 09:34:31.037,1.6532,1.65355,1.10,0.40
2008.03.07 09:34:31.372,1.6532,1.6535,1.10,1.90
2008.03.07 09:34:31.675,1.6532,1.6535,1.10,5.90
2008.03.07 09:34:31.918,1.6532,1.6535,1.10,5.90
2008.03.07 09:34:32.161,1.6532,1.6535,1.10,5.90
2008.03.07 09:34:32.405,1.6532,1.6535,1.10,5.90
2008.03.07 09:34:32.647,1.6532,1.6535,1.10,5.90
2008.03.07 09:34:32.981,1.6532,1.6535,1.10,5.90
2008.03.07 09:34:33.340,1.6532,1.6535,0.40,5.90
2008.03.07 09:34:33.669,1.6532,1.6535,0.40,5.90
2008.03.07 09:34:33.922,1.6532,1.6535,0.40,5.90
2008.03.07 09:34:34.174,1.6532,1.6535,0.40,5.90
2008.03.07 09:34:34.459,1.6532,1.6535,0.40,5.90
2008.03.07 09:34:34.682,1.6532,1.6535,0.40,5.90
2008.03.07 09:34:34.990,1.6532,1.6535,0.40,5.90
2008.03.07 09:34:35.300,1.6532,1.6535,0.40,5.90
2008.03.07 09:34:35.606,1.6532,1.6535,0.40,5.90
2008.03.07 09:34:35.856,1.6532,1.65325,0.40,0.40
2008.03.07 09:34:36.105,1.6529,1.6532,0.40,0.40
2008.03.07 09:34:36.356,1.65295,1.6532,0.20,4.00
2008.03.07 09:34:36.634,1.65295,1.6532,0.20,4.00
2008.03.07 09:34:36.962,1.653,1.65335,0.50,4.00
2008.03.07 09:34:37.273,1.653,1.65335,0.50,4.00
2008.03.07 09:34:37.574,1.653,1.65335,0.50,4.00
2008.03.07 09:34:37.881,1.653,1.65335,0.50,4.00
2008.03.07 09:34:38.203,1.653,1.65335,0.50,4.30
2008.03.07 09:34:38.525,1.65295,1.6533,0.50,4.00
2008.03.07 09:34:38.848,1.6529,1.65295,0.40,0.40
2008.03.07 09:34:39.092,1.6528,1.65295,4.00,0.40
2008.03.07 09:34:39.335,1.6527,1.65295,0.60,4.00
2008.03.07 09:34:39.579,1.65285,1.65315,0.50,4.30
2008.03.07 09:34:39.822,1.65285,1.65315,0.50,4.00
2008.03.07 09:34:40.136,1.65285,1.65315,0.50,4.00
2008.03.07 09:34:40.449,1.65285,1.65315,0.50,0.40
2008.03.07 09:34:40.762,1.65275,1.65305,0.50,0.40
2008.03.07 09:34:41.000,1.65275,1.65305,0.50,0.40
2008.03.07 09:34:41.238,1.65275,1.65305,0.50,0.40
2008.03.07 09:34:41.476,1.65275,1.65305,0.50,0.40
2008.03.07 09:34:41.713,1.65275,1.65305,0.50,0.40
2008.03.07 09:34:41.954,1.65275,1.65305,0.50,0.40
2008.03.07 09:34:42.313,1.65275,1.65305,0.50,0.40
2008.03.07 09:34:42.641,1.65275,1.65305,0.50,0.40
2008.03.07 09:34:42.969,1.65275,1.65315,0.50,4.30
2008.03.07 09:34:43.248,1.65275,1.65315,4.40,0.40
2008.03.07 09:34:43.526,1.6528,1.65315,0.40,0.40
2008.03.07 09:34:43.804,1.6528,1.65315,0.40,0.40
2008.03.07 09:34:44.081,1.6528,1.65315,0.40,0.40
2008.03.07 09:34:44.360,1.65275,1.6531,4.40,0.40
2008.03.07 09:34:44.638,1.65275,1.6531,4.00,1.90
2008.03.07 09:34:44.917,1.65275,1.6531,4.00,1.90
2008.03.07 09:34:45.201,1.65275,1.6531,4.00,0.40
2008.03.07 09:34:45.497,1.65275,1.6531,4.40,0.40
2008.03.07 09:34:45.791,1.65275,1.6531,4.20,1.60
2008.03.07 09:34:46.090,1.65275,1.6532,4.20,1.90
2008.03.07 09:34:46.408,1.6528,1.65315,4.00,0.40
2008.03.07 09:34:46.722,1.6528,1.65315,4.00,0.40
2008.03.07 09:34:47.039,1.6528,1.65315,4.00,0.40
2008.03.07 09:34:47.353,1.6528,1.65315,4.00,0.40
2008.03.07 09:34:47.670,1.6528,1.6532,4.40,1.90
2008.03.07 09:34:47.921,1.6528,1.6532,4.40,1.90
2008.03.07 09:34:48.206,1.6528,1.6532,4.70,1.90
2008.03.07 09:34:48.489,1.6528,1.6532,4.70,1.90
2008.03.07 09:34:48.772,1.6528,1.6532,4.70,1.90
2008.03.07 09:34:49.055,1.6528,1.6532,4.70,1.90
2008.03.07 09:34:49.312,1.6528,1.6532,4.70,1.90
2008.03.07 09:34:49.570,1.6528,1.6532,4.70,1.90
2008.03.07 09:34:49.829,1.6528,1.6532,4.70,1.90
2008.03.07 09:34:50.089,1.6528,1.6532,5.10,1.90
2008.03.07 09:34:50.398,1.6528,1.6532,5.10,1.90
2008.03.07 09:34:50.732,1.6528,1.6532,5.10,0.40
2008.03.07 09:34:51.004,1.6528,1.6532,5.10,0.40
2008.03.07 09:34:51.273,1.6528,1.6532,5.10,0.40
2008.03.07 09:34:51.540,1.6528,1.6532,5.10,0.40
2008.03.07 09:34:51.808,1.6528,1.6532,5.10,0.40
2008.03.07 09:34:52.076,1.6528,1.6532,5.10,0.40
2008.03.07 09:34:52.350,1.6528,1.6532,5.10,0.40
2008.03.07 09:34:52.628,1.6528,1.6531,4.80,0.40
2008.03.07 09:34:52.904,1.6528,1.6531,4.00,0.40
2008.03.07 09:34:53.180,1.6528,1.6531,4.00,0.40
2008.03.07 09:34:53.520,1.6528,1.6531,4.00,0.40
2008.03.07 09:34:53.850,1.6528,1.6531,4.00,0.40
2008.03.07 09:34:54.183,1.6528,1.6531,4.00,0.40
2008.03.07 09:34:54.420,1.6528,1.65315,4.00,0.40
2008.03.07 09:34:54.683,1.6528,1.65315,4.00,0.40
2008.03.07 09:34:54.954,1.6528,1.65315,4.00,0.40
2008.03.07 09:34:55.192,1.6528,1.6532,4.00,0.40
2008.03.07 09:34:55.506,1.6528,1.6532,4.80,0.40
2008.03.07 09:34:55.817,1.6528,1.6532,5.10,0.40
2008.03.07 09:34:56.130,1.6528,1.6532,5.10,0.40
2008.03.07 09:34:56.373,1.6528,1.6532,5.10,0.40
2008.03.07 09:34:56.640,1.6528,1.6532,5.10,0.40
2008.03.07 09:34:56.883,1.6528,1.6532,5.10,0.40
2008.03.07 09:34:57.126,1.6528,1.6532,5.10,0.40
2008.03.07 09:34:57.408,1.6528,1.6532,5.10,0.40
2008.03.07 09:34:57.690,1.6528,1.6532,5.10,0.40
2008.03.07 09:34:57.972,1.6528,1.6532,5.10,0.40
2008.03.07 09:34:58.254,1.6528,1.6532,5.10,0.40
2008.03.07 09:34:58.567,1.6528,1.6532,5.10,0.40
2008.03.07 09:34:58.880,1.6528,1.6532,5.10,0.40
2008.03.07 09:34:59.192,1.6528,1.6532,5.10,0.40
2008.03.07 09:34:59.425,1.6528,1.6532,5.10,0.40
2008.03.07 09:34:59.657,1.6528,1.6532,5.10,0.40
2008.03.07 09:34:59.891,1.6528,1.65315,4.80,0.40
2008.03.07 09:35:00.136,1.6528,1.65315,4.00,0.40
2008.03.07 09:35:00.371,1.6528,1.65315,4.00,0.40
2008.03.07 09:35:00.704,1.6528,1.6531,4.00,0.40
2008.03.07 09:35:01.040,1.6528,1.6532,4.20,0.40
2008.03.07 09:35:01.374,1.65285,1.6533,0.20,4.30
2008.03.07 09:35:01.617,1.6529,1.6533,4.00,0.40
2008.03.07 09:35:01.861,1.6529,1.6533,4.00,1.90
2008.03.07 09:35:02.106,1.6529,1.6533,4.00,1.90
2008.03.07 09:35:02.350,1.6529,1.6533,4.00,1.90
2008.03.07 09:35:02.659,1.6529,1.6533,5.10,1.90
2008.03.07 09:35:02.996,1.6529,1.6533,5.10,1.90
2008.03.07 09:35:03.336,1.6529,1.6533,5.10,1.90
2008.03.07 09:35:03.635,1.6529,1.6533,5.10,1.90
2008.03.07 09:35:03.862,1.6529,1.6533,5.10,1.90
2008.03.07 09:35:04.125,1.6529,1.6533,5.10,1.90
2008.03.07 09:35:04.387,1.6529,1.6533,5.10,1.90
2008.03.07 09:35:04.671,1.6529,1.6533,5.10,1.90
2008.03.07 09:35:04.955,1.6529,1.6533,5.10,1.90
2008.03.07 09:35:05.238,1.6529,1.6533,5.10,1.90
2008.03.07 09:35:05.522,1.6529,1.6533,5.10,1.90
2008.03.07 09:35:05.792,1.65285,1.6529,0.40,0.40
2008.03.07 09:35:06.062,1.6526,1.6529,0.40,0.40
2008.03.07 09:35:06.330,1.6526,1.6529,0.40,0.40
2008.03.07 09:35:06.588,1.6526,1.6529,0.40,0.40
2008.03.07 09:35:06.846,1.6526,1.65285,0.40,0.40
2008.03.07 09:35:07.105,1.6526,1.6528,0.40,0.40
2008.03.07 09:35:07.364,1.6525,1.6528,0.40,0.70
2008.03.07 09:35:07.698,1.6525,1.6527,0.40,0.50
2008.03.07 09:35:08.030,1.6525,1.6527,0.40,0.50
2008.03.07 09:35:08.363,1.6525,1.6527,0.40,0.50
2008.03.07 09:35:08.597,1.6525,1.6527,0.40,0.50
2008.03.07 09:35:08.830,1.6525,1.6527,0.40,0.50
2008.03.07 09:35:09.071,1.6525,1.6527,0.40,0.50
2008.03.07 09:35:09.338,1.6525,1.6527,0.40,0.50
2008.03.07 09:35:09.572,1.6525,1.6527,0.40,0.50
2008.03.07 09:35:09.905,1.6525,1.6527,0.40,0.50
2008.03.07 09:35:10.247,1.6525,1.6527,0.40,0.50
2008.03.07 09:35:10.579,1.6525,1.6527,0.40,0.50
2008.03.07 09:35:10.851,1.6525,1.6527,0.40,0.50
2008.03.07 09:35:11.055,1.6525,1.6527,0.40,0.50
2008.03.07 09:35:11.293,1.6525,1.6527,0.40,0.50
2008.03.07 09:35:11.531,1.6525,1.6527,0.40,0.50
2008.03.07 09:35:11.814,1.6525,1.6527,0.40,0.50
2008.03.07 09:35:12.097,1.6525,1.6527,0.40,0.50
2008.03.07 09:35:12.381,1.6525,1.6527,0.40,0.50
2008.03.07 09:35:12.664,1.6525,1.6527,0.40,0.50
2008.03.07 09:35:12.992,1.6525,1.6527,0.40,0.50
2008.03.07 09:35:13.321,1.6526,1.6527,0.40,0.50
2008.03.07 09:35:13.650,1.6526,1.6528,0.40,0.50
2008.03.07 09:35:13.883,1.6526,1.6528,0.40,0.50
2008.03.07 09:35:14.116,1.6526,1.6528,0.40,0.50
2008.03.07 09:35:14.350,1.6526,1.6528,0.40,0.50
2008.03.07 09:35:14.593,1.6526,1.6528,0.40,0.50
2008.03.07 09:35:14.918,1.6526,1.6528,0.60,0.50
2008.03.07 09:35:15.243,1.6526,1.6528,0.60,0.50
2008.03.07 09:35:15.567,1.6527,1.65295,0.20,4.00
2008.03.07 09:35:15.835,1.6527,1.65295,0.20,4.00
2008.03.07 09:35:16.115,1.6527,1.65295,0.20,4.00
2008.03.07 09:35:16.387,1.6527,1.65295,0.20,4.00
2008.03.07 09:35:16.663,1.6527,1.65295,0.20,4.00
2008.03.07 09:35:16.999,1.6527,1.65295,0.20,4.00
2008.03.07 09:35:17.307,1.6527,1.65295,0.20,4.00
2008.03.07 09:35:17.615,1.6527,1.65295,0.20,4.00
2008.03.07 09:35:17.893,1.6527,1.65295,0.20,4.00
2008.03.07 09:35:18.172,1.6527,1.65295,0.20,4.00
2008.03.07 09:35:18.450,1.6527,1.65295,0.20,4.00
2008.03.07 09:35:18.727,1.6527,1.65295,0.20,4.00
2008.03.07 09:35:19.011,1.65275,1.65295,0.20,4.00
2008.03.07 09:35:19.295,1.65275,1.65295,0.20,4.00
2008.03.07 09:35:19.578,1.65285,1.65305,0.20,0.50
2008.03.07 09:35:19.861,1.65285,1.65305,0.20,0.50
2008.03.07 09:35:20.144,1.65285,1.6531,0.20,4.40
2008.03.07 09:35:20.428,1.6528,1.6531,0.40,0.50
2008.03.07 09:35:20.711,1.6528,1.6531,0.40,0.50
2008.03.07 09:35:20.970,1.6528,1.653,0.20,0.50
2008.03.07 09:35:21.228,1.6528,1.653,0.20,0.50
2008.03.07 09:35:21.488,1.65275,1.653,0.20,0.50
2008.03.07 09:35:21.780,1.65275,1.65305,4.00,0.50
2008.03.07 09:35:22.078,1.6527,1.65305,4.20,0.50
2008.03.07 09:35:22.371,1.6527,1.653,0.20,0.50
2008.03.07 09:35:22.667,1.6527,1.653,0.20,0.50
2008.03.07 09:35:22.963,1.6527,1.653,0.20,0.50
2008.03.07 09:35:23.297,1.6527,1.653,0.20,0.50
2008.03.07 09:35:23.630,1.6527,1.653,0.20,0.50
2008.03.07 09:35:23.963,1.6527,1.653,0.20,0.50
2008.03.07 09:35:24.176,1.6527,1.653,0.20,0.50
2008.03.07 09:35:24.424,1.6527,1.653,0.20,0.50
2008.03.07 09:35:24.635,1.6527,1.653,0.20,0.50
2008.03.07 09:35:24.848,1.6527,1.653,0.20,0.50
2008.03.07 09:35:25.061,1.6527,1.653,0.20,0.50
2008.03.07 09:35:25.394,1.6527,1.653,0.20,0.50
2008.03.07 09:35:25.727,1.65265,1.653,4.20,0.50
2008.03.07 09:35:26.060,1.65265,1.65295,0.20,0.50
2008.03.07 09:35:26.303,1.65265,1.65295,0.20,0.50
2008.03.07 09:35:26.547,1.65285,1.6531,0.20,0.80
2008.03.07 09:35:26.790,1.65285,1.6531,0.20,0.50
2008.03.07 09:35:27.048,1.65285,1.6531,0.20,0.50
2008.03.07 09:35:27.350,1.65285,1.6531,0.20,0.50
2008.03.07 09:35:27.653,1.65285,1.6531,0.20,0.50
2008.03.07 09:35:27.963,1.65285,1.6531,0.20,0.50
2008.03.07 09:35:28.299,1.65285,1.6531,0.20,0.80
2008.03.07 09:35:28.617,1.65285,1.6531,0.20,0.80
2008.03.07 09:35:28.934,1.65285,1.6531,0.20,0.80
2008.03.07 09:35:29.252,1.6528,1.65315,0.60,0.50
2008.03.07 09:35:29.593,1.6528,1.65315,0.60,0.50
2008.03.07 09:35:29.836,1.6528,1.65315,0.60,0.50
2008.03.07 09:35:30.078,1.6528,1.65315,0.60,0.50
2008.03.07 09:35:30.292,1.6528,1.65315,0.60,0.50
2008.03.07 09:35:30.637,1.6528,1.65315,0.60,0.50
2008.03.07 09:35:30.970,1.6528,1.65315,0.60,0.50
2008.03.07 09:35:31.303,1.6528,1.6532,0.60,5.90
2008.03.07 09:35:31.546,1.6528,1.6532,0.60,5.90
2008.03.07 09:35:31.789,1.6528,1.6532,0.60,5.90
2008.03.07 09:35:32.032,1.6528,1.6532,0.60,5.90
2008.03.07 09:35:32.275,1.6528,1.6532,0.60,5.90
2008.03.07 09:35:32.588,1.6528,1.6532,0.60,5.90
2008.03.07 09:35:32.900,1.6528,1.6532,0.60,5.90
2008.03.07 09:35:33.213,1.6528,1.6532,0.60,5.90
2008.03.07 09:35:33.526,1.6528,1.6532,0.60,5.90
2008.03.07 09:35:33.810,1.6528,1.6532,0.60,5.90
2008.03.07 09:35:34.119,1.6528,1.6532,0.60,5.90
2008.03.07 09:35:34.395,1.6528,1.6532,0.60,5.90
2008.03.07 09:35:34.673,1.6528,1.6532,0.60,5.90
2008.03.07 09:35:34.951,1.6528,1.6532,0.60,5.90
2008.03.07 09:35:35.228,1.6528,1.6532,0.60,5.90
2008.03.07 09:35:35.507,1.6528,1.6532,0.60,5.90
2008.03.07 09:35:35.765,1.6528,1.6532,0.60,5.90
2008.03.07 09:35:36.023,1.6528,1.6532,0.60,5.90
2008.03.07 09:35:36.281,1.6528,1.6532,0.60,5.90
2008.03.07 09:35:36.539,1.6528,1.6532,0.60,5.90
2008.03.07 09:35:36.853,1.6528,1.6532,0.60,5.90
2008.03.07 09:35:37.882,1.6528,1.65315,0.40,0.40
2008.03.07 09:35:38.044,1.6529,1.6532,0.40,4.00
2008.03.07 09:35:38.204,1.6529,1.6532,0.40,4.00
2008.03.07 09:35:38.347,1.6528,1.6532,0.60,4.00
2008.03.07 09:35:38.489,1.6528,1.6532,0.60,4.00
2008.03.07 09:35:38.632,1.6528,1.6532,0.60,4.00
2008.03.07 09:35:38.774,1.6528,1.6532,0.60,4.00
2008.03.07 09:35:38.945,1.6528,1.6532,0.60,4.00
2008.03.07 09:35:39.314,1.6528,1.6532,0.60,4.00
2008.03.07 09:35:39.617,1.6528,1.6532,0.60,4.00
2008.03.07 09:35:39.952,1.6528,1.6532,0.60,4.00
2008.03.07 09:35:40.189,1.6528,1.6532,0.60,4.00
2008.03.07 09:35:40.428,1.6528,1.6532,0.60,4.00
2008.03.07 09:35:40.667,1.6528,1.6532,0.60,5.60
2008.03.07 09:35:40.906,1.6528,1.6532,0.60,5.60
2008.03.07 09:35:41.229,1.6528,1.6532,0.40,5.90
2008.03.07 09:35:41.552,1.6528,1.6532,0.40,9.90
2008.03.07 09:35:41.875,1.6528,1.6532,0.40,9.90
2008.03.07 09:35:42.198,1.6528,1.6532,0.40,5.90
2008.03.07 09:35:42.462,1.65285,1.6532,0.20,4.00
2008.03.07 09:35:42.726,1.65285,1.6532,0.20,4.00
2008.03.07 09:35:43.023,1.65285,1.6532,0.20,4.00
2008.03.07 09:35:43.358,1.65285,1.6532,0.20,4.00
2008.03.07 09:35:43.661,1.65285,1.6532,0.20,4.00
2008.03.07 09:35:43.965,1.65285,1.6532,0.20,4.00
2008.03.07 09:35:44.268,1.6529,1.6532,0.20,4.00
2008.03.07 09:35:44.511,1.6529,1.6532,0.20,4.00
2008.03.07 09:35:44.753,1.6529,1.6532,0.60,4.00
2008.03.07 09:35:44.997,1.6529,1.6532,0.40,4.30
2008.03.07 09:35:45.325,1.6528,1.6532,0.60,4.30
2008.03.07 09:35:45.654,1.6528,1.6532,0.60,4.30
2008.03.07 09:35:45.983,1.6529,1.6532,0.40,4.30
2008.03.07 09:35:46.311,1.6529,1.65315,0.40,0.40
2008.03.07 09:35:46.549,1.6527,1.6531,4.30,0.40
2008.03.07 09:35:46.786,1.6527,1.6531,4.30,4.30
2008.03.07 09:35:47.025,1.6527,1.6531,0.40,5.90
2008.03.07 09:35:47.262,1.6527,1.6531,0.40,5.90
2008.03.07 09:35:47.588,1.6527,1.6531,0.40,5.90
2008.03.07 09:35:47.921,1.6527,1.6531,0.40,5.90
2008.03.07 09:35:48.226,1.6527,1.6531,0.40,8.30
2008.03.07 09:35:48.541,1.6527,1.6531,0.40,1.90
2008.03.07 09:35:48.835,1.6527,1.6531,0.60,1.60
2008.03.07 09:35:49.150,1.6527,1.6531,0.60,1.60
2008.03.07 09:35:49.402,1.6527,1.6531,0.60,1.60
2008.03.07 09:35:49.655,1.6527,1.65315,0.60,0.40
2008.03.07 09:35:49.909,1.6528,1.6532,0.20,9.90
2008.03.07 09:35:50.162,1.6527,1.65315,0.60,0.40
2008.03.07 09:35:50.455,1.6527,1.65315,0.60,0.40
2008.03.07 09:35:51.977,1.6527,1.65315,0.60,0.40
2008.03.07 09:35:52.052,1.6528,1.6532,0.60,4.00
2008.03.07 09:35:52.157,1.6528,1.6532,0.60,4.00
2008.03.07 09:35:52.197,1.6528,1.6532,0.60,4.00
2008.03.07 09:35:52.282,1.6528,1.6532,0.60,4.00
2008.03.07 09:35:52.356,1.6528,1.6532,0.60,4.00
2008.03.07 09:35:52.428,1.6528,1.65305,0.40,0.40
2008.03.07 09:35:52.521,1.65265,1.65305,0.20,0.40
2008.03.07 09:35:52.594,1.65265,1.65305,0.20,0.40
2008.03.07 09:35:52.675,1.65265,1.65305,0.20,0.40
2008.03.07 09:35:52.743,1.65265,1.65305,0.20,0.40
2008.03.07 09:35:52.816,1.65265,1.65305,0.20,0.40
2008.03.07 09:35:52.919,1.65265,1.65305,0.20,0.40
2008.03.07 09:35:52.991,1.65265,1.65305,0.20,0.40
2008.03.07 09:35:53.326,1.65265,1.65305,0.20,0.40
2008.03.07 09:35:53.657,1.65265,1.65305,0.20,0.40
2008.03.07 09:35:53.989,1.65265,1.65305,0.20,0.40
2008.03.07 09:35:54.321,1.65265,1.65305,0.20,0.40
2008.03.07 09:35:54.564,1.65265,1.65305,0.20,0.40
2008.03.07 09:35:54.808,1.65265,1.65305,0.20,0.40
2008.03.07 09:35:55.051,1.6527,1.6531,0.60,1.60
2008.03.07 09:35:55.384,1.65285,1.6532,0.20,5.60
2008.03.07 09:35:55.718,1.65285,1.6532,0.20,5.60
2008.03.07 09:35:56.052,1.65285,1.6532,0.20,5.60
2008.03.07 09:35:56.295,1.6528,1.65315,0.40,0.40
2008.03.07 09:35:56.538,1.6527,1.65315,0.60,0.40
2008.03.07 09:35:56.780,1.6527,1.65315,0.60,0.40
2008.03.07 09:35:57.024,1.6527,1.65315,0.60,0.40
2008.03.07 09:35:57.267,1.6527,1.65315,0.60,0.40
2008.03.07 09:35:57.606,1.6527,1.65315,0.60,0.40
2008.03.07 09:35:57.961,1.6527,1.65315,0.60,0.40
2008.03.07 09:35:58.319,1.6527,1.65315,0.60,0.40
2008.03.07 09:35:58.625,1.6527,1.65315,0.60,0.40
2008.03.07 09:35:58.897,1.6527,1.65315,0.60,0.40
2008.03.07 09:35:59.170,1.6527,1.65315,0.60,0.40
2008.03.07 09:35:59.442,1.6527,1.65315,0.60,0.40
2008.03.07 09:35:59.715,1.6527,1.65315,0.60,0.40
2008.03.07 09:35:59.988,1.6527,1.65315,0.60,0.40
2008.03.07 09:36:00.261,1.6527,1.65315,0.60,0.40
2008.03.07 09:36:00.544,1.6527,1.65315,0.60,0.40
2008.03.07 09:36:00.828,1.65285,1.6532,0.20,1.60
2008.03.07 09:36:01.112,1.65285,1.65315,0.20,0.50
2008.03.07 09:36:01.384,1.65285,1.65315,0.20,0.50
2008.03.07 09:36:01.658,1.65285,1.65315,0.20,0.50
2008.03.07 09:36:01.930,1.65285,1.65315,0.20,0.50
2008.03.07 09:36:02.225,1.65285,1.65315,0.20,0.50
2008.03.07 09:36:02.536,1.65285,1.65315,0.20,0.50
2008.03.07 09:36:02.851,1.65285,1.65315,0.20,0.50
2008.03.07 09:36:03.166,1.6529,1.65315,0.20,0.50
2008.03.07 09:36:03.474,1.6529,1.6532,0.20,0.50
2008.03.07 09:36:03.715,1.65295,1.6532,0.20,0.50
2008.03.07 09:36:03.987,1.65295,1.6532,0.20,0.50
2008.03.07 09:36:04.261,1.65295,1.6532,0.20,0.50
2008.03.07 09:36:04.558,1.65295,1.6532,0.20,0.50
2008.03.07 09:36:04.856,1.65295,1.6532,0.20,0.50
2008.03.07 09:36:05.153,1.653,1.6532,0.40,0.50
2008.03.07 09:36:05.451,1.653,1.6533,0.40,1.90
2008.03.07 09:36:05.685,1.65285,1.6533,0.20,1.90
2008.03.07 09:36:05.917,1.65285,1.6533,0.20,1.90
2008.03.07 09:36:06.150,1.65285,1.6533,0.20,1.90
2008.03.07 09:36:06.384,1.65285,1.6533,0.20,2.30
2008.03.07 09:36:06.707,1.6528,1.65315,0.60,0.50
2008.03.07 09:36:07.051,1.65275,1.65315,0.20,0.50
2008.03.07 09:36:07.377,1.65275,1.65315,0.20,0.50
2008.03.07 09:36:07.638,1.65275,1.65315,0.20,0.50
2008.03.07 09:36:07.901,1.65275,1.65315,0.20,0.50
2008.03.07 09:36:08.165,1.65275,1.65315,0.20,0.50
2008.03.07 09:36:08.428,1.6527,1.6531,0.60,0.70
2008.03.07 09:36:08.727,1.6527,1.6531,0.60,2.30
2008.03.07 09:36:09.025,1.6527,1.6531,0.60,2.30
2008.03.07 09:36:09.323,1.6527,1.6531,0.60,2.30
2008.03.07 09:36:09.621,1.6527,1.6531,0.60,2.30
2008.03.07 09:36:09.883,1.6527,1.6531,0.60,2.30
2008.03.07 09:36:10.146,1.6527,1.6531,0.60,2.30
2008.03.07 09:36:10.410,1.6527,1.653,0.40,0.50
2008.03.07 09:36:10.673,1.6526,1.65295,0.40,0.40
2008.03.07 09:36:10.970,1.6526,1.653,0.60,0.50
2008.03.07 09:36:11.268,1.6526,1.65285,0.60,0.50
2008.03.07 09:36:11.566,1.6526,1.65285,0.60,0.50
2008.03.07 09:36:11.824,1.6526,1.65285,0.60,0.50
2008.03.07 09:36:12.083,1.6526,1.65285,0.60,0.50
2008.03.07 09:36:12.360,1.6526,1.65295,0.60,0.50
2008.03.07 09:36:14.265,1.6527,1.65305,0.20,0.50
2008.03.07 09:36:14.619,1.6527,1.65305,0.60,0.50
2008.03.07 09:36:14.636,1.6527,1.65305,0.60,0.50
2008.03.07 09:36:14.707,1.6527,1.65305,0.60,0.50
2008.03.07 09:36:14.720,1.6527,1.65305,0.60,0.50
2008.03.07 09:36:14.738,1.6527,1.65305,0.60,0.50
2008.03.07 09:36:14.789,1.6527,1.65305,0.60,0.50
2008.03.07 09:36:14.810,1.6527,1.65305,0.60,0.50
2008.03.07 09:36:14.827,1.6527,1.65305,0.60,0.50
2008.03.07 09:36:14.868,1.6527,1.65305,0.60,0.50
2008.03.07 09:36:14.890,1.6527,1.65305,0.60,0.50
2008.03.07 09:36:14.904,1.6527,1.65305,0.60,0.50
2008.03.07 09:36:14.948,1.6527,1.65305,0.60,0.50
2008.03.07 09:36:14.966,1.6527,1.65305,0.60,0.50
2008.03.07 09:36:14.982,1.6527,1.65305,0.60,0.50
2008.03.07 09:36:15.035,1.6527,1.65305,0.60,0.50
2008.03.07 09:36:15.055,1.6527,1.65305,0.60,0.50
2008.03.07 09:36:15.073,1.6527,1.65305,0.60,0.50
2008.03.07 09:36:15.121,1.6527,1.65305,0.60,0.50
2008.03.07 09:36:15.151,1.6527,1.65305,0.60,0.50
2008.03.07 09:36:15.202,1.6527,1.65305,0.60,0.50
2008.03.07 09:36:15.220,1.6527,1.65305,0.60,0.50
2008.03.07 09:36:15.237,1.6527,1.65305,0.60,0.50
2008.03.07 09:36:15.288,1.6527,1.65305,0.60,0.50
2008.03.07 09:36:15.309,1.6527,1.65305,0.60,0.50
2008.03.07 09:36:15.671,1.6527,1.65305,0.60,0.50
2008.03.07 09:36:16.034,1.6528,1.65305,0.20,0.50
2008.03.07 09:36:16.365,1.6528,1.65315,0.20,0.50
2008.03.07 09:36:16.604,1.6528,1.65315,0.60,0.50
2008.03.07 09:36:16.841,1.6528,1.65315,0.60,0.50
2008.03.07 09:36:17.081,1.6528,1.65315,0.60,0.50
2008.03.07 09:36:17.318,1.6528,1.65315,0.60,0.50
2008.03.07 09:36:17.557,1.6528,1.65315,0.60,0.50
2008.03.07 09:36:17.897,1.6528,1.65315,0.60,0.50
2008.03.07 09:36:18.224,1.6528,1.65315,0.60,0.50
2008.03.07 09:36:18.552,1.6528,1.65315,0.60,0.50
2008.03.07 09:36:18.820,1.6528,1.65315,0.60,0.50
2008.03.07 09:36:19.088,1.6528,1.65315,0.60,0.50
2008.03.07 09:36:19.356,1.6528,1.65315,0.60,0.50
2008.03.07 09:36:19.625,1.6528,1.65315,0.60,0.50
2008.03.07 09:36:19.923,1.6528,1.65315,0.40,0.70
2008.03.07 09:36:20.221,1.6527,1.65315,0.60,0.70
2008.03.07 09:36:20.519,1.6527,1.65305,0.60,0.50
2008.03.07 09:36:20.772,1.6527,1.65305,0.60,0.50
2008.03.07 09:36:21.024,1.6527,1.65305,0.60,0.50
2008.03.07 09:36:21.277,1.6527,1.65305,0.60,0.50
2008.03.07 09:36:21.529,1.6527,1.65305,0.60,0.50
2008.03.07 09:36:21.827,1.6527,1.65305,0.60,0.50
2008.03.07 09:36:22.125,1.6527,1.65305,0.60,0.50
2008.03.07 09:36:22.423,1.6527,1.65305,0.60,0.50
2008.03.07 09:36:22.738,1.6528,1.65305,0.20,0.50
2008.03.07 09:36:23.063,1.6528,1.65315,0.20,0.50
2008.03.07 09:36:23.355,1.6528,1.65315,0.60,0.50
2008.03.07 09:36:23.648,1.6528,1.65315,0.60,0.50
2008.03.07 09:36:23.915,1.6528,1.65315,0.60,0.50
2008.03.07 09:36:24.182,1.6528,1.65315,0.60,0.50
2008.03.07 09:36:24.451,1.6528,1.65315,0.60,0.50
2008.03.07 09:36:24.719,1.6528,1.65315,0.60,0.50
2008.03.07 09:36:25.001,1.6528,1.65315,0.60,0.50
2008.03.07 09:36:25.288,1.6528,1.65315,0.60,0.50
2008.03.07 09:36:25.600,1.6528,1.65315,0.60,0.50
2008.03.07 09:36:25.868,1.6528,1.65315,0.60,0.50
2008.03.07 09:36:26.074,1.6528,1.65315,0.60,0.50
2008.03.07 09:36:26.312,1.6528,1.65315,0.60,0.50
2008.03.07 09:36:26.550,1.6528,1.65315,0.60,0.50
2008.03.07 09:36:26.858,1.6528,1.65315,0.60,0.50
2008.03.07 09:36:27.187,1.6526,1.65305,0.60,0.40
2008.03.07 09:36:27.494,1.6527,1.65295,0.60,0.50
2008.03.07 09:36:27.813,1.6527,1.65295,0.60,0.50
2008.03.07 09:36:28.123,1.6527,1.65295,0.60,0.50
2008.03.07 09:36:28.433,1.6527,1.65295,0.60,0.50
2008.03.07 09:36:28.677,1.6527,1.65295,0.60,0.50
2008.03.07 09:36:28.960,1.6527,1.65295,0.60,0.50
2008.03.07 09:36:29.244,1.6528,1.65295,0.40,0.50
2008.03.07 09:36:29.527,1.6528,1.65305,0.40,0.50
2008.03.07 09:36:29.810,1.6528,1.65305,0.60,0.50
2008.03.07 09:36:30.079,1.6528,1.65305,0.60,0.50
2008.03.07 09:36:30.357,1.6528,1.65305,0.60,0.50
2008.03.07 09:36:30.629,1.6528,1.65305,0.60,0.50
2008.03.07 09:36:30.893,1.6528,1.65305,0.60,0.50
2008.03.07 09:36:31.161,1.6528,1.65305,0.60,0.50
2008.03.07 09:36:31.429,1.6528,1.65315,0.60,0.50
2008.03.07 09:36:31.696,1.6528,1.65315,0.60,0.80
2008.03.07 09:36:31.990,1.6528,1.65315,0.60,0.80
2008.03.07 09:36:32.283,1.6528,1.65315,0.60,0.80
2008.03.07 09:36:32.576,1.6528,1.65315,0.60,0.80
2008.03.07 09:36:32.869,1.6528,1.65315,0.60,0.80
2008.03.07 09:36:33.147,1.6528,1.65315,0.60,0.80
2008.03.07 09:36:33.427,1.6528,1.65315,0.60,0.80
2008.03.07 09:36:33.703,1.6528,1.65315,0.60,0.80
2008.03.07 09:36:33.971,1.6528,1.65315,0.60,0.80
2008.03.07 09:36:34.239,1.6528,1.65315,0.60,0.80
2008.03.07 09:36:34.524,1.6528,1.65315,0.60,0.80
2008.03.07 09:36:34.821,1.6528,1.65315,0.60,0.80
2008.03.07 09:36:35.088,1.6528,1.65315,0.60,0.80
2008.03.07 09:36:35.387,1.6528,1.65315,0.60,0.80
2008.03.07 09:36:35.685,1.6528,1.65315,0.60,0.80
2008.03.07 09:36:35.937,1.6528,1.65315,0.60,0.80
2008.03.07 09:36:36.189,1.6528,1.65315,0.60,0.80
2008.03.07 09:36:36.442,1.6528,1.65315,0.60,0.80
2008.03.07 09:36:36.696,1.6528,1.65315,0.60,0.80
2008.03.07 09:36:36.995,1.6528,1.65315,0.60,0.80
2008.03.07 09:36:37.292,1.6528,1.65315,0.60,0.80
2008.03.07 09:36:37.590,1.6528,1.65315,0.60,0.80
2008.03.07 09:36:37.888,1.6528,1.65315,0.60,0.80
2008.03.07 09:36:38.180,1.6528,1.65315,0.60,0.80
2008.03.07 09:36:38.505,1.6528,1.65315,0.60,0.80
2008.03.07 09:36:38.797,1.6528,1.65315,0.60,0.80
2008.03.07 09:36:39.074,1.6528,1.65315,0.60,0.80
2008.03.07 09:36:39.352,1.6528,1.65315,0.60,0.80
2008.03.07 09:36:39.631,1.6528,1.65315,0.60,0.80
2008.03.07 09:36:39.909,1.6528,1.65315,0.60,0.80
2008.03.07 09:36:40.167,1.6528,1.65315,0.60,0.80
2008.03.07 09:36:40.425,1.6528,1.65315,0.60,0.80
2008.03.07 09:36:40.683,1.6528,1.65315,0.60,0.80
2008.03.07 09:36:40.941,1.6528,1.65315,0.60,0.80
2008.03.07 09:36:41.229,1.6528,1.65315,0.60,0.80
2008.03.07 09:36:41.517,1.6528,1.65315,0.60,0.80
2008.03.07 09:36:41.804,1.6528,1.65315,0.60,0.80
2008.03.07 09:36:42.062,1.6528,1.65315,0.60,0.80
2008.03.07 09:36:42.338,1.6528,1.65315,0.60,0.80
2008.03.07 09:36:42.630,1.6528,1.65315,0.60,0.80
2008.03.07 09:36:42.921,1.6528,1.65315,0.60,0.80
2008.03.07 09:36:43.252,1.6528,1.65315,0.60,0.80
2008.03.07 09:36:43.584,1.6528,1.65315,0.60,0.80
2008.03.07 09:36:43.917,1.6528,1.65315,0.60,0.80
2008.03.07 09:36:44.151,1.6528,1.65315,0.60,0.80
2008.03.07 09:36:44.384,1.6528,1.65315,0.60,0.80
2008.03.07 09:36:44.651,1.65305,1.65315,0.20,0.80
2008.03.07 09:36:44.884,1.65305,1.65315,0.20,0.80
2008.03.07 09:36:45.197,1.653,1.6533,0.40,0.80
2008.03.07 09:36:45.543,1.653,1.6533,0.40,0.80
2008.03.07 09:36:45.822,1.653,1.6533,0.40,0.80
2008.03.07 09:36:46.071,1.653,1.65335,0.40,0.80
2008.03.07 09:36:46.320,1.65285,1.6533,0.20,0.40
2008.03.07 09:36:46.567,1.65285,1.6533,0.20,1.10
2008.03.07 09:36:46.816,1.65285,1.6533,0.20,1.10
2008.03.07 09:36:47.064,1.65285,1.6533,0.20,1.10
2008.03.07 09:36:47.366,1.65285,1.6533,0.20,1.10
2008.03.07 09:36:47.671,1.65285,1.6533,0.20,1.10
2008.03.07 09:36:47.972,1.65285,1.6533,0.20,1.10
2008.03.07 09:36:48.245,1.65285,1.6533,0.20,1.90
2008.03.07 09:36:48.519,1.65285,1.65315,0.20,0.80
2008.03.07 09:36:48.791,1.65285,1.65315,0.20,0.80
2008.03.07 09:36:49.065,1.65295,1.65315,0.20,0.80
2008.03.07 09:36:49.351,1.65305,1.65325,0.20,0.80
2008.03.07 09:36:49.625,1.65305,1.65325,0.20,0.80
2008.03.07 09:36:49.898,1.65305,1.65325,0.20,0.80
2008.03.07 09:36:50.151,1.65305,1.65325,0.20,0.80
2008.03.07 09:36:50.403,1.65305,1.65325,0.20,0.80
2008.03.07 09:36:50.656,1.65305,1.65325,0.20,0.80
2008.03.07 09:36:50.935,1.65305,1.65325,0.20,0.80
2008.03.07 09:36:51.223,1.65305,1.65325,0.20,0.80
2008.03.07 09:36:51.510,1.65305,1.65335,0.20,0.80
2008.03.07 09:36:51.798,1.65305,1.65335,0.20,0.80
2008.03.07 09:36:52.086,1.65305,1.65335,0.20,0.80
2008.03.07 09:36:52.344,1.65305,1.65335,0.20,0.80
2008.03.07 09:36:52.602,1.65305,1.65335,0.20,0.80
2008.03.07 09:36:52.860,1.65305,1.65335,0.20,0.80
2008.03.07 09:36:53.118,1.65305,1.65335,0.20,0.80
2008.03.07 09:36:53.414,1.65305,1.65335,0.20,0.80
2008.03.07 09:36:53.712,1.65305,1.65335,0.20,0.80
2008.03.07 09:36:54.031,1.65305,1.65335,0.20,0.80
2008.03.07 09:36:54.288,1.65305,1.65335,0.20,0.80
2008.03.07 09:36:54.546,1.65305,1.65335,0.20,0.80
2008.03.07 09:36:54.803,1.65305,1.65335,0.20,0.80
2008.03.07 09:36:55.061,1.65305,1.65335,0.20,0.80
2008.03.07 09:36:55.318,1.65305,1.65335,0.20,0.80
2008.03.07 09:36:55.576,1.65305,1.65335,0.20,0.80
2008.03.07 09:36:55.834,1.65305,1.65335,0.20,0.80
2008.03.07 09:36:56.091,1.65305,1.65335,0.20,0.80
2008.03.07 09:36:56.380,1.65305,1.65335,0.20,0.80
2008.03.07 09:36:56.668,1.65305,1.65335,0.20,0.80
2008.03.07 09:36:56.955,1.65305,1.65335,0.20,0.80
2008.03.07 09:36:57.243,1.65305,1.65335,0.20,0.80
2008.03.07 09:36:57.526,1.65305,1.65335,0.20,0.80
2008.03.07 09:36:57.811,1.65305,1.65335,0.20,0.80
2008.03.07 09:36:58.119,1.65305,1.65335,0.20,0.80
2008.03.07 09:36:58.419,1.65305,1.65335,0.20,0.80
2008.03.07 09:36:58.736,1.65305,1.65335,0.20,0.80
2008.03.07 09:36:58.986,1.65305,1.65335,0.20,0.80
2008.03.07 09:36:59.264,1.65305,1.65335,0.20,0.80
2008.03.07 09:36:59.541,1.65305,1.65335,0.20,0.80
2008.03.07 09:36:59.819,1.65305,1.65335,0.20,0.80
2008.03.07 09:37:00.097,1.65305,1.65335,0.20,0.80
2008.03.07 09:37:00.388,1.65305,1.65335,0.20,0.80
2008.03.07 09:37:00.654,1.65305,1.65335,0.20,0.80
2008.03.07 09:37:00.930,1.65305,1.65335,0.20,0.80
2008.03.07 09:37:01.232,1.65305,1.65335,0.20,0.80
2008.03.07 09:37:01.481,1.65305,1.65335,0.20,0.80
2008.03.07 09:37:01.764,1.65305,1.65335,0.20,0.80
2008.03.07 09:37:02.047,1.65305,1.65335,0.20,0.80
2008.03.07 09:37:02.330,1.65305,1.65335,0.20,0.80
2008.03.07 09:37:02.622,1.65305,1.65335,0.20,0.80
2008.03.07 09:37:02.915,1.65305,1.65335,0.20,0.80
2008.03.07 09:37:03.209,1.65305,1.65335,0.20,0.80
2008.03.07 09:37:03.487,1.65305,1.65335,0.20,0.80
2008.03.07 09:37:03.764,1.65305,1.65335,0.20,0.80
2008.03.07 09:37:04.043,1.653,1.65335,0.40,1.10
2008.03.07 09:37:04.320,1.65295,1.65335,0.20,1.10
2008.03.07 09:37:04.606,1.65295,1.65335,0.20,1.10
2008.03.07 09:37:04.880,1.65295,1.65335,0.20,1.10
2008.03.07 09:37:05.153,1.65295,1.65335,0.20,1.10
2008.03.07 09:37:05.411,1.65295,1.65335,0.20,1.10
2008.03.07 09:37:05.668,1.65295,1.65335,0.20,1.10
2008.03.07 09:37:05.927,1.65295,1.65335,0.20,1.10
2008.03.07 09:37:06.186,1.653,1.65335,0.60,0.80
2008.03.07 09:37:06.469,1.653,1.65335,0.60,0.80
2008.03.07 09:37:06.752,1.653,1.65335,0.60,0.80
2008.03.07 09:37:07.036,1.653,1.65335,0.60,0.80
2008.03.07 09:37:07.320,1.65295,1.65325,0.20,0.80
2008.03.07 09:37:07.603,1.65295,1.65325,0.20,0.80
2008.03.07 09:37:07.918,1.65295,1.65325,0.20,0.80
2008.03.07 09:37:08.200,1.65295,1.65325,0.20,0.80
2008.03.07 09:37:08.473,1.65295,1.65325,0.20,0.80
2008.03.07 09:37:08.746,1.65295,1.65325,0.20,0.80
2008.03.07 09:37:09.019,1.65295,1.65325,0.20,0.80
2008.03.07 09:37:09.292,1.65295,1.65325,0.20,0.80
2008.03.07 09:37:09.565,1.65295,1.65325,0.20,0.80
2008.03.07 09:37:09.838,1.65295,1.65325,0.20,0.80
2008.03.07 09:37:10.112,1.65295,1.65325,0.20,0.80
2008.03.07 09:37:10.384,1.65295,1.65325,0.20,0.80
2008.03.07 09:37:10.688,1.65295,1.65325,0.20,0.80
2008.03.07 09:37:11.023,1.65295,1.65325,0.20,0.80
2008.03.07 09:37:11.327,1.65295,1.65325,0.20,0.80
2008.03.07 09:37:11.583,1.65295,1.65325,0.20,0.80
2008.03.07 09:37:11.841,1.65295,1.65325,0.20,0.80
2008.03.07 09:37:12.098,1.65295,1.65325,0.20,0.80
2008.03.07 09:37:12.355,1.65295,1.65325,0.20,0.80
2008.03.07 09:37:12.648,1.65295,1.65325,0.20,0.80
2008.03.07 09:37:12.941,1.65295,1.65325,0.20,0.80
2008.03.07 09:37:13.234,1.65295,1.65325,0.20,0.80
2008.03.07 09:37:13.527,1.65295,1.65325,0.20,0.80
2008.03.07 09:37:13.820,1.65295,1.65325,0.20,0.80
2008.03.07 09:37:14.113,1.65295,1.65325,0.20,0.80
2008.03.07 09:37:14.430,1.653,1.65325,0.20,0.80
2008.03.07 09:37:14.688,1.653,1.65325,0.60,0.80
2008.03.07 09:37:14.946,1.653,1.6533,0.60,0.80
2008.03.07 09:37:15.204,1.65305,1.6533,0.20,0.80
2008.03.07 09:37:15.462,1.65305,1.65335,0.20,0.80
2008.03.07 09:37:15.735,1.65305,1.65335,0.20,0.80
2008.03.07 09:37:16.009,1.65305,1.65335,0.20,0.80
2008.03.07 09:37:16.296,1.65305,1.65335,0.20,0.80
2008.03.07 09:37:16.602,1.65305,1.65335,0.20,0.80
2008.03.07 09:37:16.885,1.65305,1.65335,0.20,0.80
2008.03.07 09:37:17.169,1.65305,1.65335,0.20,0.80
2008.03.07 09:37:17.452,1.65305,1.65335,0.20,0.80
2008.03.07 09:37:17.731,1.65305,1.65335,0.20,0.80
2008.03.07 09:37:18.008,1.65305,1.65335,0.20,0.80
2008.03.07 09:37:18.287,1.6528,1.6532,0.60,1.10
2008.03.07 09:37:18.565,1.6528,1.65315,0.40,0.40
2008.03.07 09:37:18.848,1.6527,1.65315,0.60,0.40
2008.03.07 09:37:19.131,1.6527,1.65315,0.60,0.40
2008.03.07 09:37:19.426,1.6527,1.65315,0.60,0.40
2008.03.07 09:37:19.694,1.6528,1.6532,0.20,5.90
2008.03.07 09:37:19.962,1.6528,1.65305,0.20,0.80
2008.03.07 09:37:20.230,1.6528,1.65305,0.60,0.80
2008.03.07 09:37:20.498,1.6528,1.65305,0.40,0.80
2008.03.07 09:37:20.776,1.6527,1.65305,0.40,0.80
2008.03.07 09:37:21.054,1.6527,1.653,0.40,0.80
2008.03.07 09:37:21.348,1.6527,1.653,0.40,0.80
2008.03.07 09:37:21.625,1.6527,1.653,0.40,0.80
2008.03.07 09:37:21.908,1.6527,1.653,0.40,0.80
2008.03.07 09:37:22.191,1.6527,1.653,0.40,0.80
2008.03.07 09:37:22.474,1.6527,1.653,0.40,0.80
2008.03.07 09:37:22.756,1.6527,1.653,0.40,0.80
2008.03.07 09:37:23.045,1.6527,1.653,0.40,0.80
2008.03.07 09:37:23.334,1.6527,1.653,0.60,0.80
2008.03.07 09:37:23.623,1.6528,1.6531,0.40,0.80
2008.03.07 09:37:23.882,1.6528,1.6531,0.40,0.80
2008.03.07 09:37:24.143,1.6528,1.6531,0.40,0.80
2008.03.07 09:37:24.401,1.6528,1.6531,0.40,0.80
2008.03.07 09:37:24.659,1.6528,1.6531,0.40,0.80
2008.03.07 09:37:24.927,1.6528,1.6531,0.40,0.80
2008.03.07 09:37:25.196,1.6527,1.6531,0.60,0.80
2008.03.07 09:37:25.463,1.6527,1.65305,0.60,0.80
2008.03.07 09:37:25.731,1.6527,1.65305,0.60,0.80
2008.03.07 09:37:26.019,1.6527,1.65305,0.60,0.80
2008.03.07 09:37:26.307,1.6527,1.65305,0.60,0.80
2008.03.07 09:37:26.595,1.6527,1.65305,0.60,0.80
2008.03.07 09:37:26.872,1.6527,1.65305,0.60,0.80
2008.03.07 09:37:27.161,1.6527,1.65305,0.60,0.80
2008.03.07 09:37:27.418,1.6527,1.65305,2.90,0.80
2008.03.07 09:37:27.677,1.6528,1.6531,0.40,0.80
2008.03.07 09:37:28.004,1.6528,1.6531,0.40,0.80
2008.03.07 09:37:28.334,1.6528,1.6531,0.40,0.80
2008.03.07 09:37:28.662,1.6528,1.6531,0.40,0.80
2008.03.07 09:37:28.894,1.6528,1.6531,0.40,0.80
2008.03.07 09:37:29.138,1.6528,1.6531,0.40,0.80
2008.03.07 09:37:29.371,1.6528,1.6531,0.40,0.80
2008.03.07 09:37:29.603,1.6528,1.6531,0.40,0.80
2008.03.07 09:37:29.836,1.6528,1.6531,0.40,0.80
2008.03.07 09:37:30.153,1.6528,1.6531,0.40,0.80
2008.03.07 09:37:30.497,1.6528,1.6531,0.40,0.80
2008.03.07 09:37:30.815,1.6529,1.6531,0.40,0.80
2008.03.07 09:37:31.052,1.6529,1.6532,0.40,0.80
2008.03.07 09:37:31.315,1.6529,1.6532,0.40,0.80
2008.03.07 09:37:31.589,1.6529,1.6532,0.40,0.80
2008.03.07 09:37:31.862,1.6529,1.6532,0.40,0.80
2008.03.07 09:37:32.141,1.6529,1.6532,0.40,0.80
2008.03.07 09:37:32.455,1.6529,1.6532,0.40,0.80
2008.03.07 09:37:32.768,1.6529,1.6532,0.40,0.80
2008.03.07 09:37:33.042,1.6529,1.6532,0.40,0.80
2008.03.07 09:37:33.316,1.6529,1.6532,0.40,0.80
2008.03.07 09:37:33.590,1.6529,1.6532,0.40,0.80
2008.03.07 09:37:33.864,1.6529,1.6532,0.40,0.80
2008.03.07 09:37:34.133,1.6529,1.6532,0.40,0.80
2008.03.07 09:37:34.401,1.6529,1.6532,0.40,0.80
2008.03.07 09:37:34.689,1.6529,1.6532,0.40,0.80
2008.03.07 09:37:34.993,1.6529,1.6532,0.40,0.80
2008.03.07 09:37:35.326,1.6529,1.6532,0.40,0.80
2008.03.07 09:37:35.653,1.6529,1.6532,0.40,0.80
2008.03.07 09:37:35.956,1.6529,1.6532,0.40,0.80
2008.03.07 09:37:36.246,1.6529,1.6532,0.40,0.80
2008.03.07 09:37:36.470,1.6529,1.6532,0.40,0.80
2008.03.07 09:37:36.728,1.6529,1.6532,0.40,0.80
2008.03.07 09:37:36.987,1.653,1.6533,0.60,0.80
2008.03.07 09:37:37.307,1.653,1.6533,0.40,0.80
2008.03.07 09:37:37.595,1.65295,1.6533,0.20,0.80
2008.03.07 09:37:37.882,1.65295,1.6533,0.20,0.80
2008.03.07 09:37:38.171,1.65295,1.6533,0.20,0.80
2008.03.07 09:37:38.464,1.65295,1.6533,0.20,0.80
2008.03.07 09:37:38.756,1.65295,1.65325,0.20,0.80
2008.03.07 09:37:39.049,1.65295,1.65325,0.20,0.80
2008.03.07 09:37:39.298,1.65295,1.65325,0.20,0.80
2008.03.07 09:37:39.546,1.65295,1.65325,0.20,0.80
2008.03.07 09:37:39.798,1.65295,1.65325,0.20,0.80
2008.03.07 09:37:40.046,1.65295,1.65325,0.20,0.80
2008.03.07 09:37:40.369,1.65295,1.65325,0.20,0.80
2008.03.07 09:37:40.692,1.65295,1.65325,0.20,0.80
2008.03.07 09:37:41.016,1.65295,1.65325,0.20,0.80
2008.03.07 09:37:41.253,1.65295,1.65325,0.20,0.80
2008.03.07 09:37:41.491,1.65295,1.65325,0.20,0.80
2008.03.07 09:37:41.756,1.65295,1.65325,0.20,0.80
2008.03.07 09:37:42.005,1.65295,1.65325,0.20,0.80
2008.03.07 09:37:42.337,1.65295,1.65325,0.20,0.80
2008.03.07 09:37:42.670,1.65295,1.65325,0.20,0.80
2008.03.07 09:37:43.020,1.65295,1.65325,0.20,0.80
2008.03.07 09:37:43.321,1.65295,1.65325,0.20,0.80
2008.03.07 09:37:43.587,1.65295,1.65325,0.20,0.80
2008.03.07 09:37:43.856,1.65295,1.65325,0.20,0.80
2008.03.07 09:37:44.124,1.65295,1.65325,0.20,0.80
2008.03.07 09:37:44.402,1.65295,1.65325,0.20,0.80
2008.03.07 09:37:44.680,1.65295,1.65325,0.20,0.80
2008.03.07 09:37:44.957,1.65295,1.65325,0.20,0.80
2008.03.07 09:37:45.225,1.65295,1.65325,0.20,0.80
2008.03.07 09:37:45.493,1.65295,1.65325,0.20,0.80
2008.03.07 09:37:45.761,1.65285,1.65325,0.20,0.80
2008.03.07 09:37:46.030,1.65285,1.65315,0.20,0.80
2008.03.07 09:37:46.334,1.65285,1.65315,0.20,0.80
2008.03.07 09:37:46.618,1.65285,1.65315,0.20,0.80
2008.03.07 09:37:46.900,1.65285,1.65315,0.20,0.80
2008.03.07 09:37:47.182,1.65285,1.65315,0.20,0.80
2008.03.07 09:37:47.440,1.65285,1.65315,0.20,0.80
2008.03.07 09:37:49.056,1.6529,1.65325,0.40,1.10
2008.03.07 09:37:49.158,1.6528,1.6532,0.60,0.80
2008.03.07 09:37:49.263,1.6528,1.6531,0.60,0.80
2008.03.07 09:37:49.365,1.6528,1.6531,0.60,0.80
2008.03.07 09:37:49.468,1.6528,1.6531,0.60,0.80
2008.03.07 09:37:49.572,1.6528,1.6531,0.60,0.80
2008.03.07 09:37:49.699,1.6528,1.6531,0.60,0.80
2008.03.07 09:37:49.800,1.6528,1.6531,0.60,0.80
2008.03.07 09:37:49.904,1.6528,1.6531,0.60,0.80
2008.03.07 09:37:50.007,1.6528,1.6531,0.60,0.80
2008.03.07 09:37:50.138,1.6528,1.6531,0.60,0.80
2008.03.07 09:37:50.496,1.65285,1.65315,0.20,0.80
2008.03.07 09:37:50.829,1.6529,1.65315,0.20,0.80
2008.03.07 09:37:51.162,1.65285,1.65325,0.20,0.80
2008.03.07 09:37:51.401,1.65285,1.65325,0.20,0.80
2008.03.07 09:37:51.639,1.65285,1.6532,0.20,0.80
2008.03.07 09:37:51.877,1.6528,1.6531,0.60,0.80
2008.03.07 09:37:52.115,1.6528,1.6531,0.60,0.80
2008.03.07 09:37:52.432,1.6529,1.6532,0.20,0.80
2008.03.07 09:37:52.751,1.6529,1.6532,0.20,0.80
2008.03.07 09:37:53.068,1.6529,1.6532,0.60,0.80
2008.03.07 09:37:53.347,1.6529,1.6532,0.60,0.80
2008.03.07 09:37:53.626,1.65295,1.65325,0.20,0.80
2008.03.07 09:37:53.905,1.65295,1.65325,0.20,0.80
2008.03.07 09:37:54.213,1.653,1.65325,0.20,0.80
2008.03.07 09:37:54.497,1.653,1.65335,0.20,0.80
2008.03.07 09:37:54.806,1.653,1.65335,0.60,0.80
2008.03.07 09:37:55.079,1.653,1.65335,0.60,0.80
2008.03.07 09:37:55.353,1.653,1.65335,0.40,1.10
2008.03.07 09:37:55.627,1.6529,1.65325,0.60,0.80
2008.03.07 09:37:55.901,1.6529,1.65325,0.60,0.80
2008.03.07 09:37:56.174,1.6529,1.65325,0.60,0.80
2008.03.07 09:37:56.441,1.6529,1.65325,0.60,0.80
2008.03.07 09:37:56.720,1.6529,1.65325,0.60,0.80
2008.03.07 09:37:56.987,1.6529,1.65325,0.40,1.10
2008.03.07 09:37:57.255,1.6528,1.6531,0.60,0.80
2008.03.07 09:37:57.533,1.6528,1.6531,0.60,0.80
2008.03.07 09:37:57.812,1.6528,1.6531,0.60,0.80
2008.03.07 09:37:58.090,1.65285,1.6531,0.20,0.80
2008.03.07 09:37:58.369,1.65285,1.6531,0.20,0.80
2008.03.07 09:37:58.653,1.65295,1.6532,0.20,0.80
2008.03.07 09:37:58.937,1.65295,1.6532,0.20,0.80
2008.03.07 09:37:59.221,1.65295,1.6532,0.20,0.80
2008.03.07 09:37:59.509,1.65295,1.6532,0.20,0.80
2008.03.07 09:37:59.797,1.65295,1.6532,0.20,0.80
2008.03.07 09:38:00.085,1.65295,1.6532,0.20,0.80
2008.03.07 09:38:00.375,1.65295,1.6532,0.20,0.80
2008.03.07 09:38:00.640,1.65295,1.6533,0.20,0.80
2008.03.07 09:38:00.926,1.65295,1.6533,0.20,0.80
2008.03.07 09:38:01.221,1.65295,1.6533,0.20,0.80
2008.03.07 09:38:01.478,1.653,1.6533,0.20,0.80
2008.03.07 09:38:01.736,1.65295,1.6533,0.20,0.80
2008.03.07 09:38:01.995,1.65295,1.65335,0.20,1.10
2008.03.07 09:38:02.253,1.653,1.65335,0.20,0.80
2008.03.07 09:38:02.556,1.65295,1.65325,0.20,0.80
2008.03.07 09:38:02.859,1.65295,1.65325,0.20,0.80
2008.03.07 09:38:03.162,1.65295,1.65325,0.20,0.80
2008.03.07 09:38:03.466,1.65295,1.6532,0.20,0.80
2008.03.07 09:38:03.740,1.65285,1.6532,0.20,0.80
2008.03.07 09:38:04.015,1.65285,1.6532,0.20,0.80
2008.03.07 09:38:04.319,1.65285,1.6532,0.20,0.80
2008.03.07 09:38:04.594,1.65285,1.6532,0.20,0.80
2008.03.07 09:38:04.835,1.6528,1.6532,0.60,1.60
2008.03.07 09:38:05.077,1.65285,1.6531,0.20,0.80
2008.03.07 09:38:05.321,1.65285,1.6531,0.20,0.80
2008.03.07 09:38:05.563,1.65285,1.6531,0.20,0.80
2008.03.07 09:38:05.896,1.65285,1.6531,0.20,0.80
2008.03.07 09:38:06.230,1.6529,1.6531,0.20,0.80
2008.03.07 09:38:06.563,1.6529,1.65325,0.60,0.80
2008.03.07 09:38:06.781,1.6529,1.65325,0.60,0.80
2008.03.07 09:38:07.002,1.6529,1.65325,0.40,1.10
2008.03.07 09:38:07.248,1.6529,1.6531,0.40,0.80
2008.03.07 09:38:07.465,1.6528,1.6531,0.60,0.80
2008.03.07 09:38:07.683,1.6528,1.6531,0.60,0.80
2008.03.07 09:38:08.011,1.6528,1.6531,0.60,0.80
2008.03.07 09:38:08.339,1.6528,1.6531,0.60,0.80
2008.03.07 09:38:08.666,1.6528,1.6531,0.60,0.80
2008.03.07 09:38:08.934,1.6528,1.6531,0.60,0.80
2008.03.07 09:38:09.206,1.6528,1.6531,0.60,0.80
2008.03.07 09:38:09.505,1.6528,1.6531,0.60,0.80
2008.03.07 09:38:09.803,1.6528,1.6531,0.60,0.80
2008.03.07 09:38:10.100,1.6528,1.6531,0.40,1.10
2008.03.07 09:38:10.364,1.6527,1.653,0.40,0.80
2008.03.07 09:38:10.627,1.6527,1.653,0.40,0.80
2008.03.07 09:38:10.968,1.6527,1.653,0.40,0.80
2008.03.07 09:38:11.275,1.6527,1.653,0.40,0.80
2008.03.07 09:38:11.584,1.6527,1.653,0.40,0.80
2008.03.07 09:38:11.827,1.6527,1.653,0.40,0.80
2008.03.07 09:38:12.070,1.6527,1.653,0.40,0.80
2008.03.07 09:38:12.313,1.6527,1.653,0.40,0.80
2008.03.07 09:38:12.570,1.6527,1.653,0.40,0.80
2008.03.07 09:38:12.813,1.6527,1.653,0.40,0.80
2008.03.07 09:38:13.145,1.6527,1.653,0.40,0.80
2008.03.07 09:38:13.479,1.6527,1.653,0.40,0.80
2008.03.07 09:38:13.811,1.6527,1.653,0.40,0.80
2008.03.07 09:38:14.039,1.6527,1.653,0.40,0.80
2008.03.07 09:38:14.267,1.6527,1.653,0.40,0.80
2008.03.07 09:38:14.529,1.6527,1.653,0.40,0.80
2008.03.07 09:38:14.757,1.6527,1.653,0.40,0.80
2008.03.07 09:38:15.090,1.6527,1.653,0.40,0.80
2008.03.07 09:38:15.423,1.6527,1.653,0.40,0.80
2008.03.07 09:38:15.756,1.6527,1.653,0.40,0.80
2008.03.07 09:38:15.999,1.6527,1.653,0.40,0.80
2008.03.07 09:38:16.242,1.6527,1.653,0.40,0.80
2008.03.07 09:38:16.485,1.6527,1.653,0.40,0.80
2008.03.07 09:38:16.728,1.6527,1.653,0.40,0.80
2008.03.07 09:38:17.027,1.6527,1.653,0.40,0.80
2008.03.07 09:38:17.325,1.6526,1.65295,0.60,0.80
2008.03.07 09:38:17.623,1.6526,1.65295,0.60,0.80
2008.03.07 09:38:17.921,1.6526,1.65295,0.60,0.80
2008.03.07 09:38:18.216,1.6526,1.65295,0.60,0.80
2008.03.07 09:38:18.513,1.6526,1.65295,0.60,0.80
2008.03.07 09:38:18.838,1.6526,1.6529,0.40,0.80
2008.03.07 09:38:19.110,1.6526,1.6529,0.40,0.80
2008.03.07 09:38:19.380,1.6526,1.6529,0.40,0.80
2008.03.07 09:38:19.617,1.6526,1.6529,0.40,0.80
2008.03.07 09:38:19.855,1.6526,1.6529,0.40,0.80
2008.03.07 09:38:20.093,1.6526,1.6529,0.40,0.80
2008.03.07 09:38:20.406,1.6526,1.6529,0.40,0.80
2008.03.07 09:38:20.719,1.6526,1.6529,0.40,0.80
2008.03.07 09:38:21.032,1.6526,1.6529,0.40,0.80
2008.03.07 09:38:21.305,1.6526,1.6529,0.40,0.80
2008.03.07 09:38:21.579,1.6526,1.6529,0.40,0.80
2008.03.07 09:38:21.852,1.6526,1.6529,0.40,0.80
2008.03.07 09:38:22.127,1.6526,1.6529,0.40,1.10
2008.03.07 09:38:22.382,1.6526,1.6529,0.40,1.90
2008.03.07 09:38:22.655,1.6526,1.6528,0.40,0.80
2008.03.07 09:38:22.942,1.6525,1.6528,0.40,0.80
2008.03.07 09:38:23.228,1.6525,1.6528,0.40,0.80
2008.03.07 09:38:23.526,1.6525,1.6528,0.40,0.80
2008.03.07 09:38:23.858,1.6525,1.6528,0.40,0.80
2008.03.07 09:38:24.191,1.6525,1.6528,0.40,0.80
2008.03.07 09:38:24.432,1.6525,1.6528,0.40,0.80
2008.03.07 09:38:24.676,1.6525,1.6528,0.40,1.10
2008.03.07 09:38:24.919,1.6525,1.6528,0.40,1.10
2008.03.07 09:38:25.172,1.6525,1.6528,0.40,1.10
2008.03.07 09:38:25.480,1.6524,1.65275,0.40,0.80
2008.03.07 09:38:25.788,1.65245,1.65275,0.20,0.80
2008.03.07 09:38:26.096,1.65245,1.65275,0.20,0.80
2008.03.07 09:38:26.335,1.6523,1.65275,0.20,1.10
2008.03.07 09:38:26.573,1.6523,1.65275,0.20,1.10
2008.03.07 09:38:26.810,1.6523,1.65275,0.20,1.10
2008.03.07 09:38:27.053,1.6523,1.65275,0.20,1.10
2008.03.07 09:38:27.349,1.6522,1.6526,0.20,0.40
2008.03.07 09:38:27.644,1.6522,1.6526,0.20,1.10
2008.03.07 09:38:27.949,1.6522,1.6526,0.20,1.10
2008.03.07 09:38:28.276,1.6521,1.65255,0.60,1.10
2008.03.07 09:38:28.624,1.6521,1.65255,0.60,1.10
2008.03.07 09:38:28.967,1.6521,1.65255,0.60,1.10
2008.03.07 09:38:29.312,1.6521,1.65255,0.60,1.10
2008.03.07 09:38:29.523,1.6521,1.65245,0.60,0.80
2008.03.07 09:38:29.766,1.6521,1.65245,0.60,0.80
2008.03.07 09:38:30.009,1.6521,1.65245,0.60,0.80
2008.03.07 09:38:30.251,1.6521,1.65245,0.60,0.80
2008.03.07 09:38:30.530,1.6521,1.65245,0.60,0.80
2008.03.07 09:38:30.808,1.6521,1.65245,0.60,0.80
2008.03.07 09:38:31.084,1.6521,1.65245,0.60,0.80
2008.03.07 09:38:31.363,1.6521,1.65245,0.60,0.80
2008.03.07 09:38:31.662,1.65205,1.65245,0.20,0.80
2008.03.07 09:38:31.959,1.65205,1.6525,0.20,0.90
2008.03.07 09:38:32.259,1.6521,1.6524,0.60,0.50
2008.03.07 09:38:32.522,1.6521,1.6524,0.60,0.50
2008.03.07 09:38:32.785,1.6521,1.65225,0.40,0.40
2008.03.07 09:38:33.048,1.6519,1.6522,0.40,0.50
2008.03.07 09:38:33.329,1.6519,1.6521,0.40,0.40
2008.03.07 09:38:33.649,1.6518,1.6521,0.40,0.40
2008.03.07 09:38:33.967,1.6517,1.6521,0.60,0.40
2008.03.07 09:38:34.284,1.6517,1.6521,0.60,0.40
2008.03.07 09:38:34.522,1.6517,1.6521,0.60,0.40
2008.03.07 09:38:34.760,1.6517,1.6521,0.60,0.40
2008.03.07 09:38:34.997,1.6517,1.6521,0.60,0.40
2008.03.07 09:38:35.243,1.6517,1.6521,0.60,0.40
2008.03.07 09:38:35.479,1.6517,1.6521,0.60,0.40
2008.03.07 09:38:35.777,1.6517,1.6521,0.60,0.40
2008.03.07 09:38:36.077,1.6517,1.6521,0.60,0.40
2008.03.07 09:38:36.374,1.6517,1.6521,0.60,0.40
2008.03.07 09:38:36.641,1.6517,1.6521,0.60,0.40
2008.03.07 09:38:36.910,1.6517,1.6521,0.60,0.40
2008.03.07 09:38:37.177,1.6517,1.6521,0.60,0.40
2008.03.07 09:38:37.444,1.6517,1.6521,0.60,0.40
2008.03.07 09:38:37.706,1.6517,1.6521,0.60,0.40
2008.03.07 09:38:37.969,1.6517,1.6521,0.60,0.40
2008.03.07 09:38:38.259,1.6517,1.6521,0.60,0.40
2008.03.07 09:38:38.521,1.6517,1.6521,0.60,0.40
2008.03.07 09:38:38.839,1.6517,1.6521,0.60,0.40
2008.03.07 09:38:39.157,1.6517,1.6521,0.60,0.40
2008.03.07 09:38:39.475,1.6517,1.6521,0.60,0.40
2008.03.07 09:38:39.708,1.6517,1.6521,0.60,0.40
2008.03.07 09:38:39.965,1.6517,1.6521,0.60,0.40
2008.03.07 09:38:40.228,1.6517,1.6521,0.60,0.40
2008.03.07 09:38:40.460,1.6517,1.6521,0.60,0.40
2008.03.07 09:38:40.784,1.65175,1.6522,0.20,2.40
2008.03.07 09:38:41.107,1.6518,1.6522,0.40,2.40
2008.03.07 09:38:41.431,1.6518,1.6522,0.40,2.40
2008.03.07 09:38:41.684,1.6518,1.6522,0.40,2.40
2008.03.07 09:38:41.937,1.6518,1.6522,0.40,2.40
2008.03.07 09:38:42.190,1.6518,1.6522,0.40,2.40
2008.03.07 09:38:42.464,1.6518,1.6522,0.40,2.40
2008.03.07 09:38:42.792,1.6518,1.6522,0.40,2.40
2008.03.07 09:38:43.120,1.6518,1.6522,0.40,2.40
2008.03.07 09:38:43.387,1.6518,1.6522,0.40,2.40
2008.03.07 09:38:43.685,1.6518,1.6522,0.40,2.40
2008.03.07 09:38:43.957,1.6518,1.6522,0.40,2.40
2008.03.07 09:38:44.230,1.6518,1.6522,0.40,2.40
2008.03.07 09:38:44.503,1.65185,1.6522,0.20,2.10
2008.03.07 09:38:44.777,1.6519,1.6523,0.40,2.40
2008.03.07 09:38:45.051,1.6519,1.6523,0.40,2.40
2008.03.07 09:38:45.324,1.6519,1.6523,0.40,2.40
2008.03.07 09:38:45.631,1.6519,1.6523,0.60,0.50
2008.03.07 09:38:45.945,1.6519,1.65235,0.60,0.40
2008.03.07 09:38:46.251,1.65195,1.6524,0.20,2.40
2008.03.07 09:38:46.564,1.652,1.6524,0.40,2.40
2008.03.07 09:38:46.811,1.652,1.6524,0.40,2.40
2008.03.07 09:38:47.059,1.652,1.6524,0.40,2.40
2008.03.07 09:38:47.314,1.652,1.6524,0.40,2.40
2008.03.07 09:38:47.559,1.652,1.6524,0.40,1.90
2008.03.07 09:38:47.857,1.652,1.6524,0.40,1.90
2008.03.07 09:38:48.157,1.6519,1.65235,0.60,0.40
2008.03.07 09:38:48.456,1.6519,1.6523,0.60,0.50
2008.03.07 09:38:48.754,1.6519,1.65225,0.40,0.40
2008.03.07 09:38:49.057,1.65185,1.65225,0.20,0.70
2008.03.07 09:38:49.360,1.6518,1.6522,0.60,0.40
2008.03.07 09:38:49.664,1.6518,1.6522,0.60,0.40
2008.03.07 09:38:49.927,1.6518,1.6522,0.60,0.40
2008.03.07 09:38:50.189,1.6518,1.6522,0.60,0.40
2008.03.07 09:38:50.453,1.6519,1.65225,0.20,0.50
2008.03.07 09:38:50.716,1.6519,1.65225,0.60,0.50
2008.03.07 09:38:51.015,1.6519,1.6523,0.60,1.60
2008.03.07 09:38:51.313,1.6519,1.6523,0.60,1.60
2008.03.07 09:38:51.612,1.6519,1.6523,0.60,1.60
2008.03.07 09:38:51.871,1.6519,1.6523,0.20,1.60
2008.03.07 09:38:52.130,1.6519,1.6523,0.20,2.00
2008.03.07 09:38:52.414,1.65185,1.65225,0.20,0.40
2008.03.07 09:38:52.703,1.65185,1.65225,0.20,0.40
2008.03.07 09:38:53.048,1.65185,1.65225,0.20,0.40
2008.03.07 09:38:53.321,1.65185,1.65225,0.20,0.40
2008.03.07 09:38:53.632,1.65175,1.65215,0.20,0.40
2008.03.07 09:38:53.900,1.65175,1.65215,0.20,0.40
2008.03.07 09:38:54.170,1.65175,1.65215,0.20,0.40
2008.03.07 09:38:54.439,1.65175,1.65215,0.20,0.40
2008.03.07 09:38:54.707,1.65175,1.65215,0.20,0.40
2008.03.07 09:38:55.019,1.65175,1.6522,0.20,1.90
2008.03.07 09:38:55.299,1.65175,1.6522,0.20,1.90
2008.03.07 09:38:55.576,1.65175,1.6522,0.20,1.90
2008.03.07 09:38:55.855,1.65175,1.6522,0.20,2.30
2008.03.07 09:38:56.127,1.65175,1.6522,0.20,2.30
2008.03.07 09:38:56.400,1.65175,1.6522,0.20,2.30
2008.03.07 09:38:56.675,1.65175,1.6522,0.20,2.30
2008.03.07 09:38:56.948,1.65175,1.6522,0.20,2.30
2008.03.07 09:38:57.221,1.65175,1.6522,0.20,0.70
2008.03.07 09:38:57.518,1.65175,1.6522,0.20,0.70
2008.03.07 09:38:57.825,1.65175,1.6522,0.20,0.70
2008.03.07 09:38:58.113,1.65175,1.6522,0.20,0.70
2008.03.07 09:38:58.431,1.65175,1.6522,0.20,0.70
2008.03.07 09:38:58.750,1.65175,1.6522,0.20,0.70
2008.03.07 09:38:58.978,1.65175,1.6522,0.20,0.70
2008.03.07 09:38:59.206,1.65175,1.6522,0.20,0.70
2008.03.07 09:38:59.437,1.6518,1.6522,0.40,0.70
2008.03.07 09:38:59.670,1.65185,1.6522,0.20,0.50
2008.03.07 09:38:59.981,1.6519,1.6523,0.40,2.30
2008.03.07 09:39:00.294,1.6519,1.6523,0.40,2.30
2008.03.07 09:39:00.626,1.6519,1.6523,0.40,2.30
2008.03.07 09:39:00.939,1.6519,1.6523,0.40,2.30
2008.03.07 09:39:01.182,1.6519,1.6523,0.40,2.30
2008.03.07 09:39:01.425,1.6519,1.6523,0.40,2.30
2008.03.07 09:39:01.669,1.6519,1.6523,0.40,2.30
2008.03.07 09:39:01.913,1.6519,1.6523,0.40,2.30
2008.03.07 09:39:02.222,1.6519,1.6523,0.40,2.30
2008.03.07 09:39:02.531,1.6519,1.6523,0.40,2.30
2008.03.07 09:39:02.861,1.6519,1.6523,0.40,2.30
2008.03.07 09:39:03.177,1.6519,1.6523,0.40,2.30
2008.03.07 09:39:03.463,1.6519,1.6523,0.40,2.30
2008.03.07 09:39:03.746,1.6519,1.6523,0.40,2.30
2008.03.07 09:39:04.029,1.6519,1.6523,0.40,2.30
2008.03.07 09:39:04.297,1.6519,1.6523,0.40,2.30
2008.03.07 09:39:04.565,1.6519,1.6523,0.40,2.30
2008.03.07 09:39:04.833,1.6519,1.6523,0.40,2.30
2008.03.07 09:39:05.130,1.6519,1.6523,0.40,2.30
2008.03.07 09:39:05.429,1.6519,1.6523,0.40,2.30
2008.03.07 09:39:05.726,1.6518,1.6522,0.40,0.40
2008.03.07 09:39:06.025,1.6518,1.6522,0.40,0.70
2008.03.07 09:39:06.293,1.6518,1.6522,0.40,0.70
2008.03.07 09:39:06.576,1.6518,1.6522,0.40,0.70
2008.03.07 09:39:06.842,1.6518,1.6522,0.40,0.70
2008.03.07 09:39:07.125,1.6518,1.6522,0.40,0.70
2008.03.07 09:39:07.408,1.6518,1.6522,0.40,0.70
2008.03.07 09:39:07.690,1.6518,1.6522,0.40,0.70
2008.03.07 09:39:07.974,1.6518,1.6522,0.40,0.70
2008.03.07 09:39:08.252,1.6518,1.6522,0.40,0.70
2008.03.07 09:39:08.530,1.6518,1.6522,0.40,0.70
2008.03.07 09:39:08.807,1.6518,1.6522,0.40,0.70
2008.03.07 09:39:09.085,1.6518,1.6522,0.40,0.70
2008.03.07 09:39:09.368,1.6518,1.6522,0.40,0.70
2008.03.07 09:39:09.651,1.6518,1.6522,0.40,0.70
2008.03.07 09:39:09.935,1.6518,1.6522,0.40,0.70
2008.03.07 09:39:10.194,1.6518,1.6522,0.40,0.70
2008.03.07 09:39:10.451,1.6518,1.6522,0.40,0.70
2008.03.07 09:39:10.734,1.6518,1.6522,0.40,0.70
2008.03.07 09:39:10.990,1.6518,1.6522,0.40,0.70
2008.03.07 09:39:11.267,1.6518,1.6522,0.40,0.70
2008.03.07 09:39:11.546,1.6518,1.6522,0.40,0.70
2008.03.07 09:39:11.824,1.6518,1.6522,0.40,0.70
2008.03.07 09:39:12.102,1.6518,1.6522,0.40,0.70
2008.03.07 09:39:12.379,1.6518,1.6522,0.40,0.70
2008.03.07 09:39:12.657,1.6518,1.6522,0.40,0.70
2008.03.07 09:39:12.935,1.6518,1.6522,0.40,0.70
2008.03.07 09:39:13.213,1.6518,1.6522,0.40,0.70
2008.03.07 09:39:13.506,1.6518,1.6522,0.40,0.70
2008.03.07 09:39:13.800,1.6518,1.6522,0.40,0.70
2008.03.07 09:39:14.094,1.6518,1.6522,0.40,0.70
2008.03.07 09:39:14.367,1.6518,1.6522,0.40,0.70
2008.03.07 09:39:14.640,1.6518,1.6522,0.40,0.70
2008.03.07 09:39:14.931,1.6518,1.6522,0.40,0.70
2008.03.07 09:39:15.201,1.6518,1.6522,0.40,0.70
2008.03.07 09:39:15.504,1.6518,1.6522,0.40,0.70
2008.03.07 09:39:15.808,1.6518,1.6522,0.40,0.70
2008.03.07 09:39:16.110,1.6518,1.6522,0.40,0.70
2008.03.07 09:39:16.363,1.6518,1.6522,0.40,0.70
2008.03.07 09:39:16.616,1.6518,1.6522,0.40,0.70
2008.03.07 09:39:16.869,1.6518,1.6522,0.40,0.70
2008.03.07 09:39:17.146,1.6518,1.6522,0.40,0.70
2008.03.07 09:39:17.417,1.6518,1.6522,0.40,0.70
2008.03.07 09:39:17.691,1.6518,1.65215,0.40,0.40
2008.03.07 09:39:17.965,1.6517,1.65215,0.60,0.40
2008.03.07 09:39:18.238,1.6517,1.65215,0.60,0.70
2008.03.07 09:39:18.556,1.6517,1.65215,0.60,0.70
2008.03.07 09:39:18.874,1.6517,1.65215,0.60,0.70
2008.03.07 09:39:19.192,1.65175,1.65215,0.20,0.50
2008.03.07 09:39:19.445,1.6518,1.6522,0.40,2.30
2008.03.07 09:39:19.698,1.6518,1.65215,0.40,0.40
2008.03.07 09:39:19.974,1.6517,1.65215,0.60,0.40
2008.03.07 09:39:20.258,1.6517,1.65215,0.60,0.40
2008.03.07 09:39:20.568,1.6517,1.65215,0.60,0.70
2008.03.07 09:39:20.877,1.6517,1.65215,0.20,0.70
2008.03.07 09:39:21.154,1.6517,1.65215,0.20,0.70
2008.03.07 09:39:21.432,1.6517,1.65215,0.20,0.70
2008.03.07 09:39:21.690,1.6517,1.65215,0.20,0.70
2008.03.07 09:39:21.947,1.6517,1.65215,0.20,0.70
2008.03.07 09:39:22.206,1.6517,1.65215,0.20,0.70
2008.03.07 09:39:22.499,1.6517,1.65215,0.20,0.70
2008.03.07 09:39:22.791,1.6517,1.65215,0.20,0.70
2008.03.07 09:39:23.084,1.6517,1.65215,0.20,0.70
2008.03.07 09:39:23.377,1.6517,1.65215,0.20,0.70
2008.03.07 09:39:23.680,1.6517,1.65215,0.20,0.70
2008.03.07 09:39:23.982,1.6517,1.65215,0.20,0.70
2008.03.07 09:39:24.285,1.6517,1.65215,0.20,0.70
2008.03.07 09:39:24.553,1.6517,1.65215,0.60,0.70
2008.03.07 09:39:24.837,1.6517,1.65215,0.60,0.70
2008.03.07 09:39:25.126,1.6517,1.65215,0.60,0.70
2008.03.07 09:39:25.377,1.6517,1.65215,0.60,0.70
2008.03.07 09:39:25.629,1.6517,1.65215,0.60,0.70
2008.03.07 09:39:25.887,1.6517,1.65215,0.60,0.70
2008.03.07 09:39:26.145,1.65175,1.65215,0.20,0.50
2008.03.07 09:39:26.403,1.6518,1.65215,0.40,0.50
2008.03.07 09:39:26.661,1.6518,1.6522,0.40,2.30
2008.03.07 09:39:26.964,1.6518,1.6522,0.40,2.30
2008.03.07 09:39:27.276,1.6518,1.6522,0.40,2.30
2008.03.07 09:39:27.578,1.6518,1.6522,0.40,2.30
2008.03.07 09:39:27.861,1.6518,1.6522,0.40,2.30
2008.03.07 09:39:28.143,1.6518,1.6522,0.40,2.30
2008.03.07 09:39:28.426,1.6518,1.6522,0.40,2.30
2008.03.07 09:39:28.709,1.6518,1.6522,0.40,2.30
2008.03.07 09:39:28.987,1.6518,1.6522,0.40,2.30
2008.03.07 09:39:29.265,1.6518,1.6522,0.40,2.30
2008.03.07 09:39:29.543,1.65175,1.6522,0.20,2.30
2008.03.07 09:39:29.811,1.6517,1.65215,0.60,0.40
2008.03.07 09:39:30.080,1.6517,1.65215,0.60,0.70
2008.03.07 09:39:30.348,1.65175,1.65215,0.20,0.50
2008.03.07 09:39:30.634,1.6518,1.65215,0.40,0.50
2008.03.07 09:39:30.880,1.6518,1.65215,0.40,0.50
2008.03.07 09:39:31.167,1.6518,1.65215,0.40,0.50
2008.03.07 09:39:31.421,1.6518,1.65215,0.40,0.50
2008.03.07 09:39:31.674,1.6518,1.65215,0.40,0.50
2008.03.07 09:39:31.967,1.6518,1.6522,0.40,2.30
2008.03.07 09:39:32.261,1.6518,1.6522,0.40,2.30
2008.03.07 09:39:32.557,1.6518,1.6522,0.40,2.30
2008.03.07 09:39:32.814,1.6518,1.6522,0.40,2.30
2008.03.07 09:39:33.071,1.6518,1.6522,0.40,2.30
2008.03.07 09:39:33.330,1.6518,1.6522,0.40,2.30
2008.03.07 09:39:33.587,1.6518,1.6522,0.40,2.30
2008.03.07 09:39:33.910,1.6518,1.6522,0.40,2.30
2008.03.07 09:39:34.233,1.6518,1.6522,0.40,2.30
2008.03.07 09:39:34.556,1.6518,1.6522,0.40,2.30
2008.03.07 09:39:34.811,1.6518,1.6522,0.40,2.30
2008.03.07 09:39:35.090,1.6518,1.6522,0.40,2.30
2008.03.07 09:39:35.343,1.6518,1.6522,0.40,2.30
2008.03.07 09:39:35.596,1.6518,1.6522,0.40,2.30
2008.03.07 09:39:35.899,1.6518,1.6522,0.40,2.30
2008.03.07 09:39:36.201,1.6518,1.6522,0.40,2.30
2008.03.07 09:39:36.503,1.6518,1.6522,0.40,2.30
2008.03.07 09:39:36.807,1.6518,1.6522,0.40,2.30
2008.03.07 09:39:37.054,1.6518,1.6522,0.40,2.30
2008.03.07 09:39:37.303,1.6518,1.6522,0.40,2.30
2008.03.07 09:39:37.551,1.6518,1.6522,0.40,2.30
2008.03.07 09:39:37.844,1.6518,1.6522,0.40,2.30
2008.03.07 09:39:38.137,1.6518,1.6522,0.40,2.30
2008.03.07 09:39:38.431,1.6518,1.6522,0.40,2.30
2008.03.07 09:39:38.724,1.6518,1.6522,0.40,2.30
2008.03.07 09:39:39.002,1.6518,1.6522,0.40,2.30
2008.03.07 09:39:39.280,1.6518,1.6522,0.40,2.30
2008.03.07 09:39:39.559,1.6518,1.6522,0.40,2.30
2008.03.07 09:39:39.836,1.6518,1.6522,0.40,2.30
2008.03.07 09:39:40.105,1.6518,1.6522,0.40,2.30
2008.03.07 09:39:40.372,1.6518,1.6522,0.40,2.30
2008.03.07 09:39:40.640,1.6518,1.6522,0.40,2.30
2008.03.07 09:39:40.928,1.6518,1.6522,0.40,2.30
2008.03.07 09:39:41.216,1.6518,1.6522,0.40,2.30
2008.03.07 09:39:41.530,1.6518,1.6522,0.40,2.30
2008.03.07 09:39:41.817,1.6518,1.6522,0.40,2.30
2008.03.07 09:39:42.090,1.6518,1.6522,0.40,2.30
2008.03.07 09:39:42.362,1.6518,1.6522,0.40,2.30
2008.03.07 09:39:42.635,1.6518,1.6522,0.40,2.30
2008.03.07 09:39:42.918,1.6518,1.6522,0.40,2.30
2008.03.07 09:39:43.201,1.6518,1.6522,0.40,2.30
2008.03.07 09:39:43.484,1.6518,1.6522,0.40,2.30
2008.03.07 09:39:43.799,1.6518,1.6522,0.40,2.30
2008.03.07 09:39:44.040,1.6518,1.6522,0.40,2.30
2008.03.07 09:39:44.312,1.6518,1.6522,0.40,2.30
2008.03.07 09:39:44.585,1.6518,1.6522,0.40,2.30
2008.03.07 09:39:44.858,1.6518,1.6522,0.40,2.30
2008.03.07 09:39:45.131,1.6518,1.6522,0.40,2.30
2008.03.07 09:39:45.403,1.6518,1.6522,0.40,2.30
2008.03.07 09:39:45.677,1.6518,1.6522,0.40,2.30
2008.03.07 09:39:45.949,1.6518,1.6522,0.40,2.30
2008.03.07 09:39:46.258,1.6518,1.6522,0.40,2.30
2008.03.07 09:39:46.536,1.6518,1.6522,0.40,2.30
2008.03.07 09:39:46.813,1.6518,1.6522,0.40,2.30
2008.03.07 09:39:47.065,1.6518,1.6522,0.40,2.30
2008.03.07 09:39:47.319,1.6518,1.6522,0.40,2.30
2008.03.07 09:39:47.572,1.6518,1.6522,0.40,2.30
2008.03.07 09:39:47.824,1.6518,1.6522,0.40,2.30
2008.03.07 09:39:48.117,1.6518,1.6522,0.40,2.30
2008.03.07 09:39:48.410,1.6518,1.6522,0.40,2.30
2008.03.07 09:39:48.703,1.6518,1.6522,0.40,2.30
2008.03.07 09:39:48.995,1.6518,1.6522,0.40,2.30
2008.03.07 09:39:49.289,1.6518,1.6522,0.40,0.70
2008.03.07 09:39:49.581,1.6518,1.6522,0.40,0.70
2008.03.07 09:39:49.875,1.6518,1.6522,0.40,0.70
2008.03.07 09:39:50.138,1.6518,1.6522,0.40,0.70
2008.03.07 09:39:50.400,1.6518,1.6522,0.40,0.70
2008.03.07 09:39:50.695,1.6518,1.6522,0.40,0.70
2008.03.07 09:39:50.956,1.6518,1.6522,0.40,0.70
2008.03.07 09:39:51.229,1.6518,1.6522,0.40,0.70
2008.03.07 09:39:51.502,1.6518,1.6522,0.40,0.70
2008.03.07 09:39:51.778,1.6518,1.6522,0.40,0.70
2008.03.07 09:39:52.045,1.6518,1.6522,0.40,0.70
2008.03.07 09:39:52.313,1.6518,1.6522,0.40,0.70
2008.03.07 09:39:52.581,1.6518,1.6522,0.40,0.70
2008.03.07 09:39:52.848,1.6518,1.6522,0.40,0.70
2008.03.07 09:39:53.167,1.6518,1.6522,0.40,0.70
2008.03.07 09:39:53.485,1.6515,1.65195,0.60,0.40
2008.03.07 09:39:53.803,1.6515,1.65195,0.60,0.40
2008.03.07 09:39:54.025,1.6515,1.65195,0.60,0.40
2008.03.07 09:39:54.248,1.6515,1.65195,0.60,0.40
2008.03.07 09:39:54.472,1.6514,1.65185,0.60,0.40
2008.03.07 09:39:54.695,1.6514,1.65185,0.60,0.40
2008.03.07 09:39:54.944,1.6514,1.65185,0.60,0.40
2008.03.07 09:39:55.278,1.6514,1.65185,0.60,0.40
2008.03.07 09:39:55.610,1.6514,1.65185,0.60,0.40
2008.03.07 09:39:55.943,1.6514,1.65185,0.60,0.70
2008.03.07 09:39:56.161,1.6514,1.65185,0.60,0.70
2008.03.07 09:39:56.379,1.6514,1.65185,0.60,0.70
2008.03.07 09:39:56.597,1.6514,1.65185,0.60,0.70
2008.03.07 09:39:56.815,1.6515,1.6519,0.20,1.60
2008.03.07 09:39:57.032,1.6515,1.6519,0.20,1.60
2008.03.07 09:39:57.360,1.6515,1.6519,0.20,1.60
2008.03.07 09:39:57.689,1.6515,1.6519,0.60,5.60
2008.03.07 09:39:58.018,1.6515,1.6519,0.60,4.00
2008.03.07 09:39:58.324,1.6515,1.6519,0.60,4.00
2008.03.07 09:39:58.564,1.6515,1.6519,0.60,4.00
2008.03.07 09:39:58.837,1.6515,1.6519,0.60,4.00
2008.03.07 09:39:59.111,1.6515,1.6519,0.60,4.00
2008.03.07 09:39:59.372,1.6515,1.6519,0.60,4.00
2008.03.07 09:39:59.668,1.6515,1.6519,0.60,4.00
2008.03.07 09:39:59.964,1.6515,1.6519,0.60,4.00
2008.03.07 09:40:00.194,1.6515,1.6519,0.60,4.00
2008.03.07 09:40:00.482,1.6515,1.6519,0.60,4.00
2008.03.07 09:40:00.769,1.6515,1.6519,0.60,4.00
2008.03.07 09:40:01.057,1.6515,1.6519,0.60,4.00
2008.03.07 09:40:01.346,1.6515,1.6519,0.60,4.00
2008.03.07 09:40:01.629,1.6515,1.6519,0.60,4.00
2008.03.07 09:40:01.916,1.6515,1.6519,0.60,4.00
2008.03.07 09:40:02.198,1.6515,1.6519,0.60,4.00
2008.03.07 09:40:02.446,1.6515,1.6519,0.60,4.00
2008.03.07 09:40:02.694,1.6515,1.6519,0.60,4.00
2008.03.07 09:40:02.942,1.6515,1.65195,0.60,0.40
2008.03.07 09:40:03.218,1.6515,1.65195,0.60,0.40
2008.03.07 09:40:03.559,1.6515,1.65195,0.60,0.40
2008.03.07 09:40:03.880,1.6515,1.65195,0.60,0.40
2008.03.07 09:40:04.210,1.6515,1.65195,0.60,0.40
2008.03.07 09:40:04.463,1.6515,1.65195,0.60,0.40
2008.03.07 09:40:04.721,1.6515,1.65195,0.60,0.40
2008.03.07 09:40:04.979,1.6515,1.65195,0.60,0.40
2008.03.07 09:40:05.237,1.6515,1.65195,0.60,0.40
2008.03.07 09:40:05.505,1.6515,1.65195,0.60,0.40
2008.03.07 09:40:05.780,1.6515,1.65195,0.60,0.40
2008.03.07 09:40:06.086,1.6515,1.65195,0.60,0.40
2008.03.07 09:40:06.317,1.6515,1.65175,0.40,0.40
2008.03.07 09:40:06.616,1.6513,1.65175,2.10,0.40
2008.03.07 09:40:06.916,1.6515,1.6519,0.20,1.60
2008.03.07 09:40:07.214,1.6515,1.6519,0.60,1.60
2008.03.07 09:40:07.456,1.6515,1.6519,0.60,1.60
2008.03.07 09:40:07.698,1.6515,1.6519,0.60,1.60
2008.03.07 09:40:07.942,1.65175,1.652,0.20,2.40
2008.03.07 09:40:08.207,1.65175,1.6522,0.20,5.90
2008.03.07 09:40:08.450,1.65175,1.6522,0.20,1.90
2008.03.07 09:40:08.783,1.65175,1.6522,0.20,1.90
2008.03.07 09:40:09.117,1.65185,1.6523,0.20,1.90
2008.03.07 09:40:09.449,1.65185,1.6523,0.20,1.90
2008.03.07 09:40:09.677,1.65185,1.6523,0.20,1.90
2008.03.07 09:40:09.905,1.65185,1.6523,0.20,1.90
2008.03.07 09:40:10.132,1.65185,1.6523,0.20,1.90
2008.03.07 09:40:10.360,1.65185,1.6523,0.20,1.90
2008.03.07 09:40:10.683,1.65185,1.6523,0.20,1.90
2008.03.07 09:40:11.006,1.65185,1.6523,0.20,1.90
2008.03.07 09:40:11.329,1.65185,1.6523,0.20,1.90
2008.03.07 09:40:11.556,1.65185,1.6523,0.20,1.90
2008.03.07 09:40:11.785,1.65185,1.6523,0.20,1.90
2008.03.07 09:40:12.013,1.65185,1.6523,0.20,1.90
2008.03.07 09:40:12.242,1.65185,1.6523,0.20,1.90
2008.03.07 09:40:12.470,1.65185,1.6523,0.20,1.90
2008.03.07 09:40:12.797,1.65185,1.6523,0.20,1.90
2008.03.07 09:40:13.127,1.65185,1.6523,0.20,1.90
2008.03.07 09:40:13.452,1.65185,1.6523,0.20,1.90
2008.03.07 09:40:13.710,1.65185,1.6523,0.20,1.90
2008.03.07 09:40:13.968,1.65185,1.6523,0.20,1.90
2008.03.07 09:40:14.227,1.65185,1.6523,0.20,1.90
2008.03.07 09:40:14.485,1.6518,1.6521,0.40,1.90
2008.03.07 09:40:14.779,1.6518,1.6521,0.40,1.90
2008.03.07 09:40:15.072,1.6517,1.6521,0.60,1.90
2008.03.07 09:40:15.365,1.6517,1.6521,0.60,1.90
2008.03.07 09:40:15.654,1.6517,1.6521,0.60,1.90
2008.03.07 09:40:15.968,1.6517,1.6521,0.60,1.90
2008.03.07 09:40:16.276,1.6517,1.6521,0.60,1.90
2008.03.07 09:40:16.580,1.6517,1.6521,0.60,1.90
2008.03.07 09:40:16.853,1.6517,1.65205,0.40,0.40
2008.03.07 09:40:17.124,1.6516,1.652,0.60,1.60
2008.03.07 09:40:17.395,1.65165,1.652,0.20,1.60
2008.03.07 09:40:17.694,1.65165,1.6521,0.20,1.90
2008.03.07 09:40:17.992,1.65165,1.6521,0.20,1.90
2008.03.07 09:40:18.289,1.65165,1.6521,0.20,1.90
2008.03.07 09:40:18.587,1.65165,1.6521,0.20,1.90
2008.03.07 09:40:18.870,1.65165,1.6521,0.20,1.90
2008.03.07 09:40:19.153,1.65165,1.6521,0.20,1.90
2008.03.07 09:40:19.437,1.6516,1.652,0.20,1.60
2008.03.07 09:40:19.720,1.6516,1.652,0.20,1.60
2008.03.07 09:40:19.988,1.6516,1.652,0.20,1.60
2008.03.07 09:40:20.256,1.6516,1.652,0.20,1.60
2008.03.07 09:40:20.524,1.6516,1.652,0.20,1.60
2008.03.07 09:40:20.792,1.6516,1.652,0.20,1.60
2008.03.07 09:40:21.085,1.6516,1.652,0.20,1.60
2008.03.07 09:40:21.378,1.6516,1.652,0.20,1.60
2008.03.07 09:40:21.672,1.6516,1.652,0.20,1.60
2008.03.07 09:40:21.914,1.6516,1.652,0.20,1.60
2008.03.07 09:40:22.158,1.6516,1.652,0.20,1.60
2008.03.07 09:40:22.400,1.6516,1.652,0.20,1.60
2008.03.07 09:40:22.652,1.6516,1.652,0.20,1.60
2008.03.07 09:40:22.933,1.6516,1.65205,0.20,0.40
2008.03.07 09:40:23.277,1.65165,1.6521,0.20,1.90
2008.03.07 09:40:23.624,1.6516,1.652,0.60,1.60
2008.03.07 09:40:23.904,1.65165,1.652,0.20,1.60
2008.03.07 09:40:24.256,1.6516,1.65205,0.20,0.40
2008.03.07 09:40:24.542,1.6516,1.65205,0.20,0.40
2008.03.07 09:40:24.878,1.6516,1.652,0.60,1.60
2008.03.07 09:40:25.080,1.6516,1.65205,0.20,0.40
2008.03.07 09:40:25.313,1.6516,1.65205,0.20,0.40
2008.03.07 09:40:25.546,1.6516,1.652,0.20,1.60
2008.03.07 09:40:25.781,1.6516,1.652,0.20,1.60
2008.03.07 09:40:26.113,1.6516,1.652,0.60,1.60
2008.03.07 09:40:26.446,1.6516,1.652,0.60,1.60
2008.03.07 09:40:26.778,1.6516,1.65205,0.60,0.40
2008.03.07 09:40:27.112,1.6516,1.65205,0.60,0.40
2008.03.07 09:40:27.350,1.6516,1.65205,0.60,0.40
2008.03.07 09:40:27.598,1.6516,1.65205,0.60,0.40
2008.03.07 09:40:27.836,1.6516,1.65205,0.60,0.40
2008.03.07 09:40:28.139,1.6516,1.65205,0.60,0.40
2008.03.07 09:40:28.441,1.6516,1.65205,0.60,0.40
2008.03.07 09:40:28.743,1.6516,1.65205,0.60,0.40
2008.03.07 09:40:29.045,1.6516,1.65205,0.60,0.40
2008.03.07 09:40:29.340,1.6516,1.65205,0.60,0.40
2008.03.07 09:40:29.603,1.6516,1.65205,0.60,0.40
2008.03.07 09:40:29.865,1.6516,1.65205,0.60,0.40
2008.03.07 09:40:30.143,1.6516,1.65205,0.60,0.40
2008.03.07 09:40:30.421,1.6516,1.65205,0.60,0.40
2008.03.07 09:40:30.699,1.6516,1.65205,0.60,0.40
2008.03.07 09:40:30.977,1.6516,1.65205,0.60,0.40
2008.03.07 09:40:31.260,1.6516,1.65205,0.60,0.40
2008.03.07 09:40:31.543,1.6516,1.65205,0.60,0.40
2008.03.07 09:40:31.826,1.6516,1.65205,0.60,0.40
2008.03.07 09:40:32.108,1.6516,1.65205,0.60,0.40
2008.03.07 09:40:32.371,1.6516,1.65205,0.60,0.40
2008.03.07 09:40:32.634,1.6516,1.65205,0.60,0.40
2008.03.07 09:40:32.897,1.6516,1.65205,0.60,0.40
2008.03.07 09:40:33.160,1.6516,1.65205,0.60,0.40
2008.03.07 09:40:33.489,1.6516,1.65205,0.60,0.40
2008.03.07 09:40:33.852,1.6517,1.6521,0.20,1.90
2008.03.07 09:40:34.210,1.6517,1.6521,0.60,1.90
2008.03.07 09:40:34.427,1.6517,1.6521,0.60,1.90
2008.03.07 09:40:34.645,1.6517,1.6521,0.60,1.90
2008.03.07 09:40:34.862,1.6517,1.6521,0.60,1.90
2008.03.07 09:40:35.080,1.6517,1.6521,0.60,1.90
2008.03.07 09:40:35.402,1.6517,1.6521,0.60,1.90
2008.03.07 09:40:35.748,1.6517,1.6521,0.60,1.90
2008.03.07 09:40:36.071,1.6517,1.6521,0.60,1.90
2008.03.07 09:40:36.324,1.6517,1.6521,0.60,1.90
2008.03.07 09:40:36.577,1.6517,1.6521,0.60,1.90
2008.03.07 09:40:36.830,1.6517,1.6521,0.60,1.90
2008.03.07 09:40:37.082,1.6517,1.6521,0.60,1.90
2008.03.07 09:40:37.351,1.6517,1.6521,0.60,1.90
2008.03.07 09:40:37.619,1.6517,1.6521,0.60,1.90
2008.03.07 09:40:37.888,1.6517,1.6521,0.60,1.90
2008.03.07 09:40:38.159,1.6517,1.6521,0.60,1.90
2008.03.07 09:40:38.471,1.6517,1.6521,0.60,1.90
2008.03.07 09:40:38.784,1.6517,1.6521,0.60,1.90
2008.03.07 09:40:39.098,1.6517,1.6521,0.60,1.90
2008.03.07 09:40:39.336,1.6517,1.6521,0.60,1.90
2008.03.07 09:40:39.574,1.6517,1.6521,0.60,1.90
2008.03.07 09:40:39.844,1.6517,1.6521,0.60,1.90
2008.03.07 09:40:40.081,1.6517,1.6521,0.60,1.90
2008.03.07 09:40:40.319,1.6517,1.6521,0.60,1.90
2008.03.07 09:40:40.631,1.6517,1.6521,0.60,1.90
2008.03.07 09:40:40.944,1.6517,1.6521,0.60,1.90
2008.03.07 09:40:41.257,1.6517,1.6521,0.60,1.90
2008.03.07 09:40:41.510,1.6517,1.6521,0.60,1.90
2008.03.07 09:40:41.762,1.6517,1.6521,0.60,1.90
2008.03.07 09:40:42.014,1.6517,1.6521,0.60,1.90
2008.03.07 09:40:42.267,1.6517,1.6521,0.60,1.90
2008.03.07 09:40:42.531,1.6517,1.65205,0.40,0.40
2008.03.07 09:40:42.794,1.6516,1.65205,0.60,0.40
2008.03.07 09:40:43.058,1.6516,1.65205,0.60,0.40
2008.03.07 09:40:43.320,1.6516,1.65205,0.60,0.40
2008.03.07 09:40:43.633,1.6516,1.65205,0.60,0.40
2008.03.07 09:40:43.947,1.6516,1.65205,0.60,0.40
2008.03.07 09:40:44.290,1.6516,1.65205,0.60,0.40
2008.03.07 09:40:44.540,1.6516,1.65205,0.60,0.40
2008.03.07 09:40:44.788,1.6516,1.652,0.40,0.40
2008.03.07 09:40:45.036,1.6516,1.652,0.40,0.40
2008.03.07 09:40:45.285,1.6516,1.652,0.40,0.40
2008.03.07 09:40:45.600,1.6516,1.652,0.40,0.40
2008.03.07 09:40:45.881,1.6516,1.652,0.40,0.40
2008.03.07 09:40:46.165,1.6516,1.652,0.40,0.40
2008.03.07 09:40:46.447,1.6516,1.652,0.40,0.40
2008.03.07 09:40:46.715,1.6516,1.652,0.40,0.40
2008.03.07 09:40:47.016,1.6516,1.652,0.40,0.40
2008.03.07 09:40:47.253,1.6516,1.652,0.40,0.40
2008.03.07 09:40:47.522,1.6516,1.652,0.40,0.40
2008.03.07 09:40:47.811,1.6516,1.652,0.40,0.40
2008.03.07 09:40:48.099,1.6516,1.652,0.40,0.40
2008.03.07 09:40:48.419,1.6516,1.652,0.40,0.40
2008.03.07 09:40:48.736,1.6516,1.65205,0.60,0.40
2008.03.07 09:40:49.049,1.6516,1.65205,0.60,0.40
2008.03.07 09:40:49.299,1.6516,1.65205,0.60,0.40
2008.03.07 09:40:49.582,1.6516,1.65205,0.60,0.40
2008.03.07 09:40:49.840,1.6516,1.65205,0.60,0.40
2008.03.07 09:40:50.098,1.6516,1.65205,0.60,0.40
2008.03.07 09:40:50.355,1.6516,1.65205,0.60,0.40
2008.03.07 09:40:50.613,1.6516,1.65205,0.60,0.40
2008.03.07 09:40:50.896,1.6516,1.65205,0.60,0.40
2008.03.07 09:40:51.180,1.6517,1.65215,0.20,0.40
2008.03.07 09:40:51.463,1.6517,1.65215,0.60,0.40
2008.03.07 09:40:51.736,1.6517,1.65215,0.60,0.40
2008.03.07 09:40:52.009,1.6517,1.65215,0.60,0.40
2008.03.07 09:40:52.281,1.6517,1.65215,0.60,0.40
2008.03.07 09:40:52.554,1.6517,1.65215,0.60,0.40
2008.03.07 09:40:52.827,1.6517,1.65215,0.60,0.40
2008.03.07 09:40:53.099,1.6517,1.65215,0.60,0.40
2008.03.07 09:40:53.373,1.6517,1.65215,2.90,0.40
2008.03.07 09:40:53.691,1.65175,1.6522,0.20,5.90
2008.03.07 09:40:54.009,1.6518,1.6522,0.40,5.90
2008.03.07 09:40:54.328,1.6518,1.6522,0.40,5.90
2008.03.07 09:40:54.648,1.6518,1.6522,0.40,5.90
2008.03.07 09:40:54.923,1.6518,1.6522,0.40,5.90
2008.03.07 09:40:55.167,1.6518,1.6522,0.40,1.90
2008.03.07 09:40:55.410,1.6518,1.6522,0.40,1.90
2008.03.07 09:40:55.653,1.6518,1.6522,0.40,1.90
2008.03.07 09:40:55.946,1.6518,1.6522,0.40,1.90
2008.03.07 09:40:56.238,1.6518,1.6522,0.40,1.90
2008.03.07 09:40:56.531,1.6518,1.6522,0.40,1.90
2008.03.07 09:40:56.799,1.6518,1.6522,0.40,1.90
2008.03.07 09:40:57.066,1.6518,1.6522,0.40,1.90
2008.03.07 09:40:57.334,1.6518,1.6522,0.40,1.90
2008.03.07 09:40:57.602,1.6518,1.6522,0.40,1.90
2008.03.07 09:40:57.884,1.6518,1.6522,0.40,1.90
2008.03.07 09:40:58.168,1.6518,1.6522,0.40,1.90
2008.03.07 09:40:58.451,1.6518,1.6522,0.40,1.90
2008.03.07 09:40:58.742,1.6518,1.6522,0.40,1.90
2008.03.07 09:40:59.077,1.6518,1.6522,0.40,1.90
2008.03.07 09:40:59.412,1.6518,1.6522,0.40,1.90
2008.03.07 09:40:59.683,1.6518,1.65215,0.40,0.40
2008.03.07 09:40:59.947,1.6517,1.65215,0.60,0.40
2008.03.07 09:41:00.211,1.6517,1.65215,0.60,0.40
2008.03.07 09:41:00.473,1.65175,1.6522,0.20,8.30
2008.03.07 09:41:00.749,1.6518,1.6522,0.20,5.60
2008.03.07 09:41:01.057,1.6518,1.6522,0.60,5.60
2008.03.07 09:41:01.330,1.6518,1.65225,0.60,0.40
2008.03.07 09:41:01.602,1.6518,1.65225,0.60,0.40
2008.03.07 09:41:01.885,1.6518,1.65225,0.60,0.40
2008.03.07 09:41:02.167,1.6518,1.65225,0.60,0.40
2008.03.07 09:41:02.451,1.6518,1.65225,0.60,0.40
2008.03.07 09:41:02.733,1.6518,1.65225,0.60,0.40
2008.03.07 09:41:02.991,1.6518,1.65225,0.60,0.40
2008.03.07 09:41:03.249,1.6518,1.65225,0.60,0.40
2008.03.07 09:41:03.507,1.6518,1.65225,0.60,0.40
2008.03.07 09:41:03.826,1.6518,1.65225,0.60,0.40
2008.03.07 09:41:04.144,1.6518,1.65225,0.60,0.40
2008.03.07 09:41:04.464,1.6518,1.65225,0.60,0.40
2008.03.07 09:41:04.782,1.6518,1.65225,0.60,0.40
2008.03.07 09:41:05.029,1.6518,1.65225,0.60,0.40
2008.03.07 09:41:05.277,1.6518,1.65225,0.60,0.40
2008.03.07 09:41:05.526,1.6518,1.65225,0.60,0.40
2008.03.07 09:41:05.800,1.6518,1.6522,0.60,4.00
2008.03.07 09:41:06.073,1.6518,1.6522,0.60,4.00
2008.03.07 09:41:06.346,1.6518,1.6522,0.40,4.30
2008.03.07 09:41:06.619,1.6518,1.6522,0.60,4.00
2008.03.07 09:41:06.926,1.6518,1.65225,0.60,0.40
2008.03.07 09:41:07.234,1.6518,1.65225,0.60,0.40
2008.03.07 09:41:07.541,1.6518,1.65225,0.60,0.40
2008.03.07 09:41:07.849,1.6518,1.65225,0.60,0.40
2008.03.07 09:41:08.112,1.6518,1.65225,0.60,0.40
2008.03.07 09:41:08.393,1.6518,1.65225,0.60,0.40
2008.03.07 09:41:08.689,1.6518,1.65225,0.60,0.40
2008.03.07 09:41:08.988,1.6518,1.65225,0.60,0.40
2008.03.07 09:41:09.275,1.65185,1.6523,0.20,8.30
2008.03.07 09:41:09.563,1.6519,1.6523,0.40,5.90
2008.03.07 09:41:09.851,1.652,1.6523,0.20,5.60
2008.03.07 09:41:10.145,1.6519,1.6523,0.60,1.60
2008.03.07 09:41:10.454,1.652,1.6523,0.20,1.60
2008.03.07 09:41:10.746,1.652,1.6524,0.60,4.00
2008.03.07 09:41:11.011,1.652,1.65245,0.60,0.40
2008.03.07 09:41:11.274,1.65195,1.6524,0.20,1.90
2008.03.07 09:41:11.538,1.65195,1.6524,0.20,1.90
2008.03.07 09:41:11.803,1.652,1.6524,0.20,1.60
2008.03.07 09:41:12.112,1.65195,1.6524,0.20,1.90
2008.03.07 09:41:12.439,1.65195,1.6524,0.20,1.90
2008.03.07 09:41:12.732,1.65195,1.6524,0.20,5.90
2008.03.07 09:41:12.984,1.6519,1.6522,0.40,0.40
2008.03.07 09:41:13.238,1.65175,1.6522,0.20,0.40
2008.03.07 09:41:13.491,1.65175,1.6522,0.20,0.40
2008.03.07 09:41:13.745,1.65175,1.6522,0.20,1.90
2008.03.07 09:41:14.043,1.65175,1.6522,0.20,1.90
2008.03.07 09:41:14.341,1.65175,1.6522,0.20,1.90
2008.03.07 09:41:14.641,1.65175,1.6522,0.20,1.90
2008.03.07 09:41:14.947,1.6518,1.6522,0.20,1.90
2008.03.07 09:41:15.205,1.65185,1.6522,0.20,1.60
2008.03.07 09:41:15.474,1.65185,1.6522,0.20,1.60
2008.03.07 09:41:15.730,1.65195,1.6523,0.20,1.60
2008.03.07 09:41:16.022,1.6518,1.6522,0.20,1.90
2008.03.07 09:41:16.307,1.65175,1.6522,0.20,4.30
2008.03.07 09:41:16.623,1.65175,1.6522,0.20,1.90
2008.03.07 09:41:16.906,1.65175,1.6522,0.20,5.90
2008.03.07 09:41:17.180,1.65175,1.6521,0.20,1.60
2008.03.07 09:41:17.453,1.65175,1.6521,0.20,1.60
2008.03.07 09:41:17.726,1.65175,1.6522,0.20,5.90
2008.03.07 09:41:17.999,1.65175,1.6522,0.20,5.90
2008.03.07 09:41:18.292,1.65175,1.6522,0.20,5.90
2008.03.07 09:41:18.585,1.65175,1.6522,0.20,5.90
2008.03.07 09:41:18.878,1.65175,1.6522,0.20,5.90
2008.03.07 09:41:19.152,1.65185,1.6522,0.20,1.60
2008.03.07 09:41:19.426,1.65185,1.6522,0.20,1.60
2008.03.07 09:41:19.699,1.65185,1.6522,0.20,1.60
2008.03.07 09:41:19.974,1.65185,1.6522,0.20,1.60
2008.03.07 09:41:20.274,1.65185,1.6522,0.20,1.60
2008.03.07 09:41:20.592,1.6519,1.6523,0.20,5.60
2008.03.07 09:41:20.875,1.6519,1.6523,0.20,1.60
2008.03.07 09:41:21.158,1.6519,1.6523,0.20,1.60
2008.03.07 09:41:21.406,1.6519,1.6523,0.60,1.60
2008.03.07 09:41:21.654,1.6519,1.6523,0.60,1.60
2008.03.07 09:41:21.902,1.6519,1.6523,0.60,1.60
2008.03.07 09:41:22.150,1.6518,1.6522,0.60,1.60
2008.03.07 09:41:22.443,1.6518,1.6522,0.60,1.60
2008.03.07 09:41:22.768,1.6518,1.6522,0.60,1.60
2008.03.07 09:41:23.060,1.6518,1.6522,0.60,1.60
2008.03.07 09:41:23.343,1.6518,1.6522,0.60,1.60
2008.03.07 09:41:23.626,1.6518,1.6522,0.60,1.60
2008.03.07 09:41:23.908,1.6518,1.6522,0.60,1.60
2008.03.07 09:41:24.190,1.6518,1.6522,0.60,1.60
2008.03.07 09:41:24.467,1.6518,1.6522,0.60,1.60
2008.03.07 09:41:24.740,1.6518,1.6522,0.40,1.90
2008.03.07 09:41:25.016,1.6518,1.6521,0.40,1.60
2008.03.07 09:41:25.289,1.65175,1.6521,0.20,1.60
2008.03.07 09:41:25.562,1.65175,1.6521,0.20,1.60
2008.03.07 09:41:25.835,1.6518,1.65225,0.60,0.40
2008.03.07 09:41:26.118,1.6518,1.65225,0.60,0.40
2008.03.07 09:41:26.392,1.6518,1.65225,0.60,0.40
2008.03.07 09:41:26.678,1.6518,1.65225,0.60,0.40
2008.03.07 09:41:26.962,1.6518,1.65225,0.60,0.40
2008.03.07 09:41:27.251,1.6518,1.65225,0.60,0.40
2008.03.07 09:41:27.544,1.6518,1.65225,0.60,0.40
2008.03.07 09:41:27.766,1.6518,1.65225,0.60,0.40
2008.03.07 09:41:28.024,1.6518,1.6522,0.40,0.40
2008.03.07 09:41:28.349,1.6518,1.6521,0.20,1.60
2008.03.07 09:41:28.672,1.65175,1.6521,0.20,1.60
2008.03.07 09:41:29.027,1.65175,1.6522,0.20,1.90
2008.03.07 09:41:29.319,1.6518,1.6522,0.60,1.60
2008.03.07 09:41:29.547,1.6518,1.6522,0.60,1.60
2008.03.07 09:41:29.775,1.6519,1.6523,0.20,1.60
2008.03.07 09:41:30.003,1.6519,1.6523,0.60,1.60
2008.03.07 09:41:30.231,1.6519,1.6523,0.60,1.60
2008.03.07 09:41:30.552,1.6519,1.6523,0.60,1.60
2008.03.07 09:41:30.865,1.6519,1.6523,0.60,1.60
2008.03.07 09:41:31.178,1.6519,1.6523,0.60,1.60
2008.03.07 09:41:31.491,1.65195,1.6523,0.20,1.60
2008.03.07 09:41:31.759,1.65195,1.6524,0.20,1.90
2008.03.07 09:41:32.027,1.65195,1.6524,0.20,1.90
2008.03.07 09:41:32.295,1.65205,1.6524,0.20,1.60
2008.03.07 09:41:32.549,1.65205,1.6524,0.20,1.60
2008.03.07 09:41:32.802,1.65205,1.6524,0.20,1.60
2008.03.07 09:41:33.066,1.65205,1.6524,0.20,1.60
2008.03.07 09:41:33.353,1.65205,1.6524,0.20,1.60
2008.03.07 09:41:33.675,1.65205,1.6524,0.20,1.60
2008.03.07 09:41:33.998,1.65205,1.6524,0.20,1.60
2008.03.07 09:41:34.321,1.65205,1.6524,0.20,1.60
2008.03.07 09:41:34.554,1.65205,1.6524,0.20,1.60
2008.03.07 09:41:34.813,1.652,1.6523,0.40,1.60
2008.03.07 09:41:35.076,1.6519,1.6523,0.60,1.60
2008.03.07 09:41:35.345,1.6519,1.6523,0.60,1.60
2008.03.07 09:41:35.688,1.65195,1.6523,0.20,1.60
2008.03.07 09:41:36.014,1.65195,1.6523,0.20,1.60
2008.03.07 09:41:36.357,1.65195,1.6523,0.20,1.60
2008.03.07 09:41:36.571,1.65195,1.6523,0.20,1.60
2008.03.07 09:41:36.820,1.65195,1.6523,0.20,1.60
2008.03.07 09:41:37.067,1.65195,1.6523,0.20,1.60
2008.03.07 09:41:37.315,1.65195,1.6523,0.20,1.60
2008.03.07 09:41:37.613,1.65195,1.6523,0.20,1.60
2008.03.07 09:41:37.911,1.65195,1.6523,0.20,1.60
2008.03.07 09:41:38.209,1.6519,1.6523,0.60,1.60
2008.03.07 09:41:38.507,1.65205,1.6524,0.20,1.60
2008.03.07 09:41:38.796,1.65205,1.6524,0.20,1.60
2008.03.07 09:41:39.084,1.652,1.6524,0.40,1.90
2008.03.07 09:41:39.373,1.6519,1.6523,0.40,1.90
2008.03.07 09:41:39.662,1.6523,1.6524,0.20,1.60
2008.03.07 09:41:39.954,1.65235,1.6527,0.20,5.60
2008.03.07 09:41:40.212,1.6523,1.6525,0.40,1.90
2008.03.07 09:41:40.471,1.6521,1.6525,0.20,1.90
2008.03.07 09:41:40.764,1.65195,1.6524,0.20,1.90
2008.03.07 09:41:41.056,1.65195,1.6524,0.20,1.90
2008.03.07 09:41:41.349,1.65195,1.6524,0.20,1.90
2008.03.07 09:41:41.642,1.65195,1.6524,0.20,1.90
2008.03.07 09:41:41.900,1.65195,1.6524,0.20,1.90
2008.03.07 09:41:42.157,1.65195,1.6524,0.20,1.90
2008.03.07 09:41:42.415,1.65195,1.6524,0.20,1.90
2008.03.07 09:41:42.673,1.6522,1.6526,0.20,5.60
2008.03.07 09:41:42.971,1.6522,1.6526,0.20,5.60
2008.03.07 09:41:43.303,1.6522,1.6524,0.40,1.90
2008.03.07 09:41:43.636,1.6522,1.6524,0.40,1.90
2008.03.07 09:41:43.945,1.65195,1.6524,0.20,1.90
2008.03.07 09:41:44.252,1.6521,1.6525,0.20,1.90
2008.03.07 09:41:44.524,1.6521,1.6525,0.20,1.90
2008.03.07 09:41:44.801,1.6521,1.6525,0.20,1.90
2008.03.07 09:41:45.079,1.65225,1.6525,0.20,1.60
2008.03.07 09:41:45.356,1.65225,1.6526,0.20,5.60
2008.03.07 09:41:45.635,1.6521,1.6525,0.20,0.40
2008.03.07 09:41:45.907,1.6521,1.6525,0.20,5.90
2008.03.07 09:41:46.181,1.6521,1.6525,0.20,5.90
2008.03.07 09:41:46.454,1.6521,1.6525,0.20,5.90
2008.03.07 09:41:46.758,1.65215,1.6525,0.20,1.60
2008.03.07 09:41:47.077,1.65215,1.6525,0.20,1.60
2008.03.07 09:41:47.331,1.65215,1.6525,0.20,1.60
2008.03.07 09:41:47.619,1.6523,1.6526,0.20,4.00
2008.03.07 09:41:47.877,1.6523,1.6527,0.20,1.60
2008.03.07 09:41:48.135,1.65215,1.65255,0.20,0.40
2008.03.07 09:41:48.394,1.65215,1.65255,0.20,0.40
2008.03.07 09:41:48.659,1.65215,1.65255,0.20,0.40
2008.03.07 09:41:48.962,1.65215,1.6525,0.20,1.60
2008.03.07 09:41:49.267,1.6521,1.6525,0.20,1.60
2008.03.07 09:41:49.570,1.6521,1.6525,0.20,1.60
2008.03.07 09:41:49.848,1.6521,1.6525,0.20,1.60
2008.03.07 09:41:50.126,1.6521,1.6525,0.20,1.60
2008.03.07 09:41:50.404,1.6521,1.6525,0.60,5.60
2008.03.07 09:41:50.694,1.652,1.65235,0.40,0.40
2008.03.07 09:41:50.960,1.652,1.65235,0.40,0.40
2008.03.07 09:41:51.237,1.65195,1.65235,0.20,0.40
2008.03.07 09:41:51.480,1.65195,1.65235,0.20,0.40
2008.03.07 09:41:51.725,1.65195,1.65235,0.20,0.40
2008.03.07 09:41:52.044,1.65195,1.65235,0.20,0.40
2008.03.07 09:41:52.360,1.65195,1.65235,0.20,0.40
2008.03.07 09:41:52.678,1.65195,1.65235,0.20,0.40
2008.03.07 09:41:52.913,1.65195,1.65235,0.20,0.40
2008.03.07 09:41:53.131,1.65195,1.65235,0.20,0.40
2008.03.07 09:41:53.349,1.65195,1.65235,0.20,0.40
2008.03.07 09:41:53.567,1.65195,1.65235,0.20,0.40
2008.03.07 09:41:53.785,1.65195,1.65235,0.20,0.40
2008.03.07 09:41:54.140,1.652,1.6524,0.60,5.60
2008.03.07 09:41:54.474,1.652,1.6524,0.60,1.60
2008.03.07 09:41:54.807,1.6521,1.6525,0.20,5.60
2008.03.07 09:41:55.044,1.6521,1.6525,0.20,5.60
2008.03.07 09:41:55.283,1.652,1.65235,0.40,0.40
2008.03.07 09:41:55.522,1.652,1.65235,0.40,0.40
2008.03.07 09:41:55.760,1.65195,1.65235,0.20,0.40
2008.03.07 09:41:56.060,1.65195,1.65235,0.20,0.40
2008.03.07 09:41:56.358,1.65195,1.65235,0.20,0.40
2008.03.07 09:41:56.656,1.65195,1.65235,0.20,0.40
2008.03.07 09:41:56.967,1.65195,1.65235,0.20,0.40
2008.03.07 09:41:57.240,1.6521,1.6525,0.20,5.60
2008.03.07 09:41:57.513,1.6521,1.6525,0.20,5.60
2008.03.07 09:41:57.786,1.6521,1.6525,0.20,5.60
2008.03.07 09:41:58.065,1.6521,1.6525,0.20,1.60
2008.03.07 09:41:58.343,1.6521,1.6525,0.20,5.60
2008.03.07 09:41:58.622,1.6521,1.6525,0.20,5.60
2008.03.07 09:41:58.899,1.6521,1.6525,0.20,5.60
2008.03.07 09:41:59.203,1.6521,1.6525,0.20,1.60
2008.03.07 09:41:59.507,1.6521,1.6525,0.20,1.60
2008.03.07 09:41:59.811,1.6521,1.6525,0.20,1.60
2008.03.07 09:42:00.091,1.6521,1.6525,0.20,1.60
2008.03.07 09:42:00.377,1.6521,1.6525,0.20,1.60
2008.03.07 09:42:00.638,1.6521,1.6525,0.20,1.60
2008.03.07 09:42:00.882,1.6521,1.6525,0.20,1.60
2008.03.07 09:42:01.219,1.6521,1.6525,0.20,1.60
2008.03.07 09:42:01.489,1.6521,1.6525,0.20,1.60
2008.03.07 09:42:01.792,1.6521,1.6525,0.20,1.60
2008.03.07 09:42:02.029,1.6521,1.6525,0.20,1.60
2008.03.07 09:42:02.267,1.6521,1.6525,0.20,1.60
2008.03.07 09:42:02.525,1.6521,1.6525,0.20,1.60
2008.03.07 09:42:02.763,1.6521,1.6525,0.20,1.60
2008.03.07 09:42:03.000,1.6521,1.6525,0.20,1.60
2008.03.07 09:42:03.293,1.6521,1.6525,0.20,1.60
2008.03.07 09:42:03.587,1.65215,1.6525,0.20,5.60
2008.03.07 09:42:03.879,1.65215,1.6525,0.20,5.60
2008.03.07 09:42:04.157,1.65215,1.6525,0.20,5.60
2008.03.07 09:42:04.448,1.65215,1.6525,0.20,5.60
2008.03.07 09:42:04.763,1.65215,1.6525,0.20,1.60
2008.03.07 09:42:05.075,1.65215,1.6525,0.20,5.60
2008.03.07 09:42:05.396,1.65215,1.6525,0.20,5.60
2008.03.07 09:42:05.651,1.65215,1.6525,0.20,5.60
2008.03.07 09:42:05.939,1.65215,1.6525,0.20,5.60
2008.03.07 09:42:06.202,1.65215,1.6525,0.20,4.00
2008.03.07 09:42:06.464,1.65215,1.6526,0.20,1.90
2008.03.07 09:42:06.728,1.6522,1.6526,0.20,1.60
2008.03.07 09:42:06.992,1.6522,1.6526,0.20,1.60
2008.03.07 09:42:07.262,1.6522,1.6526,0.20,1.60
2008.03.07 09:42:07.525,1.6522,1.6526,0.20,1.60
2008.03.07 09:42:07.789,1.6522,1.6526,0.20,1.60
2008.03.07 09:42:08.052,1.6522,1.6526,0.20,1.60
2008.03.07 09:42:08.340,1.6522,1.6526,0.20,1.60
2008.03.07 09:42:08.630,1.6521,1.6525,0.20,1.60
2008.03.07 09:42:08.918,1.65215,1.6525,0.20,5.60
2008.03.07 09:42:09.206,1.65215,1.6525,0.20,5.60
2008.03.07 09:42:09.499,1.65215,1.6525,0.20,5.60
2008.03.07 09:42:09.797,1.65215,1.6526,0.20,1.90
2008.03.07 09:42:10.097,1.65215,1.6526,0.20,1.90
2008.03.07 09:42:10.357,1.6522,1.6526,0.20,5.60
2008.03.07 09:42:10.650,1.6522,1.6526,0.20,5.60
2008.03.07 09:42:10.944,1.6522,1.6526,0.20,1.60
2008.03.07 09:42:11.181,1.6522,1.6526,0.20,1.60
2008.03.07 09:42:11.419,1.6522,1.6526,0.20,5.60
2008.03.07 09:42:11.656,1.6522,1.6526,0.20,1.60
2008.03.07 09:42:11.894,1.6522,1.6526,0.20,1.60
2008.03.07 09:42:12.132,1.6522,1.6526,0.20,1.60
2008.03.07 09:42:12.436,1.6522,1.6526,0.20,1.60
2008.03.07 09:42:12.738,1.6522,1.6526,0.20,1.60
2008.03.07 09:42:13.040,1.6522,1.6526,0.20,1.60
2008.03.07 09:42:13.341,1.6522,1.6526,0.20,1.60
2008.03.07 09:42:13.614,1.6522,1.6526,0.20,1.60
2008.03.07 09:42:13.886,1.6522,1.6526,0.20,1.60
2008.03.07 09:42:14.159,1.6522,1.6526,0.20,1.60
2008.03.07 09:42:14.422,1.6522,1.6526,0.20,1.60
2008.03.07 09:42:14.685,1.6522,1.6526,0.20,1.60
2008.03.07 09:42:14.973,1.6522,1.6526,0.20,1.60
2008.03.07 09:42:15.270,1.6523,1.6526,0.20,5.60
2008.03.07 09:42:15.582,1.6523,1.6527,0.60,1.60
2008.03.07 09:42:15.897,1.65235,1.6527,0.20,4.00
2008.03.07 09:42:16.212,1.6524,1.6527,0.40,4.00
2008.03.07 09:42:16.449,1.6524,1.6527,0.40,4.00
2008.03.07 09:42:16.687,1.65235,1.6528,0.20,8.30
2008.03.07 09:42:16.925,1.6523,1.65275,0.60,0.40
2008.03.07 09:42:17.163,1.6523,1.65275,0.60,0.40
2008.03.07 09:42:17.481,1.6523,1.65275,0.60,0.40
2008.03.07 09:42:17.799,1.6523,1.65275,0.60,0.40
2008.03.07 09:42:18.117,1.6523,1.65275,0.60,0.40
2008.03.07 09:42:18.435,1.6523,1.65275,0.60,0.40
2008.03.07 09:42:18.711,1.6523,1.65275,0.60,0.40
2008.03.07 09:42:18.989,1.6523,1.65275,0.60,0.40
2008.03.07 09:42:19.267,1.6523,1.65275,0.60,0.40
2008.03.07 09:42:19.547,1.6523,1.65275,0.60,0.40
2008.03.07 09:42:19.799,1.6523,1.65275,0.60,0.40
2008.03.07 09:42:20.051,1.6523,1.65275,0.60,0.40
2008.03.07 09:42:20.305,1.6523,1.65275,0.60,0.40
2008.03.07 09:42:20.593,1.65225,1.6527,0.20,1.90
2008.03.07 09:42:20.894,1.65225,1.6527,0.20,1.90
2008.03.07 09:42:21.220,1.6522,1.6526,0.20,0.40
2008.03.07 09:42:21.509,1.6522,1.6526,0.20,0.40
2008.03.07 09:42:21.761,1.6522,1.6526,0.20,0.40
2008.03.07 09:42:22.014,1.6522,1.6526,0.20,0.40
2008.03.07 09:42:22.266,1.6522,1.6526,0.20,1.90
2008.03.07 09:42:22.570,1.6521,1.6525,0.60,0.40
2008.03.07 09:42:22.874,1.6521,1.6525,0.20,0.40
2008.03.07 09:42:23.176,1.6521,1.6525,0.20,0.40
2008.03.07 09:42:23.479,1.6521,1.6525,0.20,0.40
2008.03.07 09:42:23.773,1.6521,1.6525,0.20,0.40
2008.03.07 09:42:24.083,1.6521,1.6525,0.20,0.40
2008.03.07 09:42:24.406,1.6521,1.6525,0.20,0.40
2008.03.07 09:42:24.672,1.6521,1.6525,0.20,0.40
2008.03.07 09:42:24.872,1.6521,1.6525,0.20,0.40
2008.03.07 09:42:25.106,1.65215,1.65255,0.20,0.40
2008.03.07 09:42:25.339,1.65215,1.65255,0.20,0.40
2008.03.07 09:42:25.657,1.65215,1.65255,0.20,0.40
2008.03.07 09:42:25.974,1.65215,1.65255,0.20,0.40
2008.03.07 09:42:26.293,1.65215,1.65255,0.20,0.40
2008.03.07 09:42:26.540,1.65215,1.6526,0.20,1.90
2008.03.07 09:42:26.788,1.65215,1.6526,0.20,1.90
2008.03.07 09:42:27.035,1.65215,1.6526,0.20,1.90
2008.03.07 09:42:27.285,1.6521,1.65255,0.20,0.40
2008.03.07 09:42:27.533,1.6521,1.65255,0.20,0.40
2008.03.07 09:42:27.851,1.6521,1.65255,0.20,0.40
2008.03.07 09:42:28.169,1.6521,1.65255,0.20,0.40
2008.03.07 09:42:28.487,1.6521,1.65255,0.20,0.40
2008.03.07 09:42:28.740,1.6521,1.65255,0.20,0.40
2008.03.07 09:42:29.022,1.6521,1.65255,0.20,0.40
2008.03.07 09:42:29.309,1.6521,1.65255,0.20,0.40
2008.03.07 09:42:29.589,1.6521,1.65255,0.20,0.40
2008.03.07 09:42:29.939,1.6521,1.65255,0.20,0.40
2008.03.07 09:42:30.283,1.6521,1.65255,0.20,0.40
2008.03.07 09:42:30.632,1.6521,1.65255,0.20,0.40
2008.03.07 09:42:30.865,1.6521,1.65255,0.20,0.40
2008.03.07 09:42:31.138,1.6521,1.65255,0.20,0.40
2008.03.07 09:42:31.372,1.6521,1.65255,0.20,0.40
2008.03.07 09:42:31.609,1.6521,1.65255,0.20,0.40
2008.03.07 09:42:31.937,1.6521,1.65255,0.20,0.40
2008.03.07 09:42:32.265,1.6521,1.65255,0.20,0.40
2008.03.07 09:42:32.592,1.6521,1.65255,0.20,0.40
2008.03.07 09:42:32.811,1.6521,1.65255,0.20,0.40
2008.03.07 09:42:33.029,1.6521,1.65255,0.20,0.40
2008.03.07 09:42:33.249,1.6521,1.65255,0.20,0.40
2008.03.07 09:42:33.467,1.6521,1.65255,0.20,0.40
2008.03.07 09:42:33.799,1.6521,1.65255,0.20,0.40
2008.03.07 09:42:34.132,1.6521,1.65255,0.20,0.40
2008.03.07 09:42:34.464,1.6521,1.65255,0.20,0.40
2008.03.07 09:42:34.797,1.6521,1.65255,0.20,0.40
2008.03.07 09:42:35.025,1.6521,1.65255,0.20,0.40
2008.03.07 09:42:35.253,1.652,1.65245,0.20,0.40
2008.03.07 09:42:35.482,1.652,1.65245,0.20,0.40
2008.03.07 09:42:35.814,1.652,1.65245,0.20,0.40
2008.03.07 09:42:36.147,1.652,1.65245,0.20,0.40
2008.03.07 09:42:36.509,1.652,1.65245,0.20,0.40
2008.03.07 09:42:36.751,1.6519,1.65235,0.60,0.40
2008.03.07 09:42:36.994,1.6519,1.65235,0.60,0.40
2008.03.07 09:42:37.237,1.6519,1.65235,0.60,0.40
2008.03.07 09:42:37.480,1.6519,1.65235,0.60,0.40
2008.03.07 09:42:37.723,1.6519,1.65235,0.60,0.40
2008.03.07 09:42:38.045,1.6519,1.65235,0.60,0.40
2008.03.07 09:42:38.369,1.6519,1.65235,0.60,0.40
2008.03.07 09:42:38.714,1.65195,1.6524,0.20,1.90
2008.03.07 09:42:39.017,1.65195,1.6524,0.20,1.90
2008.03.07 09:42:39.314,1.65195,1.6524,0.20,1.90
2008.03.07 09:42:39.615,1.65195,1.6524,0.20,1.90
2008.03.07 09:42:39.855,1.65195,1.6524,0.20,1.90
2008.03.07 09:42:40.128,1.65195,1.6524,0.20,1.90
2008.03.07 09:42:40.401,1.65195,1.6524,0.20,1.90
2008.03.07 09:42:40.674,1.65195,1.6524,0.20,1.90
2008.03.07 09:42:40.952,1.65195,1.6524,0.20,1.90
2008.03.07 09:42:41.230,1.65195,1.6524,0.20,1.90
2008.03.07 09:42:41.508,1.65195,1.6524,0.20,1.90
2008.03.07 09:42:41.785,1.65195,1.6524,0.20,1.90
2008.03.07 09:42:42.053,1.65195,1.6524,0.20,1.90
2008.03.07 09:42:42.321,1.65195,1.6524,0.20,1.90
2008.03.07 09:42:42.596,1.65195,1.6524,0.20,1.90
2008.03.07 09:42:42.865,1.65195,1.6524,0.20,1.90
2008.03.07 09:42:43.155,1.65195,1.6524,0.20,1.90
2008.03.07 09:42:43.441,1.65195,1.6524,0.20,1.90
2008.03.07 09:42:43.729,1.65195,1.6524,0.20,1.90
2008.03.07 09:42:44.022,1.65195,1.6524,0.20,1.90
2008.03.07 09:42:44.347,1.65195,1.6524,0.20,1.90
2008.03.07 09:42:44.639,1.6519,1.6523,0.40,0.40
2008.03.07 09:42:44.932,1.65185,1.6523,0.20,0.40
2008.03.07 09:42:45.190,1.65195,1.65235,0.20,0.40
2008.03.07 09:42:45.448,1.65195,1.65235,0.20,0.40
2008.03.07 09:42:45.705,1.65195,1.65235,0.20,0.40
2008.03.07 09:42:45.963,1.65195,1.65235,0.20,0.40
2008.03.07 09:42:46.256,1.65195,1.65235,0.20,0.40
2008.03.07 09:42:46.550,1.65195,1.65235,0.20,0.40
2008.03.07 09:42:46.844,1.6518,1.6522,0.40,0.40
2008.03.07 09:42:47.123,1.6518,1.6522,0.40,0.40
2008.03.07 09:42:47.401,1.6518,1.6522,0.40,0.40
2008.03.07 09:42:47.679,1.6518,1.6522,0.40,0.40
2008.03.07 09:42:47.957,1.6518,1.6522,0.40,1.90
2008.03.07 09:42:48.220,1.6518,1.6522,0.40,1.90
2008.03.07 09:42:48.482,1.6518,1.6522,0.40,1.90
2008.03.07 09:42:48.746,1.6518,1.6522,0.40,1.90
2008.03.07 09:42:49.048,1.6518,1.6522,0.40,1.90
2008.03.07 09:42:49.351,1.6518,1.6522,0.40,1.90
2008.03.07 09:42:49.654,1.6518,1.6522,0.40,1.90
2008.03.07 09:42:49.957,1.6518,1.6522,0.40,1.90
2008.03.07 09:42:50.242,1.6518,1.6522,0.40,1.90
2008.03.07 09:42:50.500,1.6518,1.6522,0.40,1.90
2008.03.07 09:42:50.758,1.6518,1.6522,0.40,1.90
2008.03.07 09:42:51.041,1.6518,1.6522,0.40,1.90
2008.03.07 09:42:51.322,1.6518,1.6522,0.40,1.90
2008.03.07 09:42:51.606,1.6518,1.6522,0.40,1.90
2008.03.07 09:42:51.888,1.6518,1.6522,0.40,1.90
2008.03.07 09:42:52.167,1.65185,1.6522,0.20,1.60
2008.03.07 09:42:52.448,1.65185,1.65225,0.20,0.40
2008.03.07 09:42:52.723,1.65185,1.65225,0.20,0.40
2008.03.07 09:42:53.000,1.6519,1.65225,0.40,0.40
2008.03.07 09:42:53.279,1.6519,1.65225,0.40,0.40
2008.03.07 09:42:53.557,1.6519,1.65225,0.40,0.40
2008.03.07 09:42:53.835,1.6519,1.65225,0.40,0.40
2008.03.07 09:42:54.112,1.6519,1.65225,0.40,0.40
2008.03.07 09:42:54.411,1.652,1.65225,0.40,0.40
2008.03.07 09:42:54.709,1.652,1.65225,0.40,0.40
2008.03.07 09:42:55.007,1.6518,1.6522,0.40,0.40
2008.03.07 09:42:55.260,1.6518,1.6522,0.40,0.40
2008.03.07 09:42:55.513,1.6518,1.6522,0.40,0.40
2008.03.07 09:42:55.800,1.65185,1.65225,0.20,0.40
2008.03.07 09:42:56.081,1.65185,1.65225,0.20,0.40
2008.03.07 09:42:56.432,1.6518,1.6522,0.40,1.90
2008.03.07 09:42:56.763,1.65185,1.65225,0.20,0.40
2008.03.07 09:42:57.082,1.65195,1.6523,0.20,1.60
2008.03.07 09:42:57.351,1.65195,1.6523,0.20,1.60
2008.03.07 09:42:57.547,1.65195,1.6523,0.20,1.60
2008.03.07 09:42:57.781,1.65195,1.6523,0.20,1.60
2008.03.07 09:42:58.013,1.65195,1.6524,0.20,1.90
2008.03.07 09:42:58.342,1.652,1.6523,0.40,1.90
2008.03.07 09:42:58.669,1.6519,1.6523,0.40,1.90
2008.03.07 09:42:58.997,1.6519,1.6523,0.40,1.90
2008.03.07 09:42:59.324,1.6519,1.6523,0.40,1.90
2008.03.07 09:42:59.608,1.6519,1.6523,0.40,1.90
2008.03.07 09:42:59.901,1.65195,1.6523,0.20,1.60
2008.03.07 09:43:00.159,1.65195,1.6523,0.20,1.60
2008.03.07 09:43:00.437,1.6519,1.6523,0.40,1.90
2008.03.07 09:43:00.715,1.65195,1.6523,0.20,1.60
2008.03.07 09:43:00.993,1.65195,1.6523,0.20,1.60
2008.03.07 09:43:01.270,1.65195,1.6523,0.20,1.60
2008.03.07 09:43:01.575,1.652,1.6523,0.40,1.60
2008.03.07 09:43:01.878,1.652,1.6523,0.40,1.60
2008.03.07 09:43:02.181,1.652,1.6523,0.40,1.90
2008.03.07 09:43:02.424,1.6519,1.6523,0.40,1.90
2008.03.07 09:43:02.682,1.65195,1.6523,0.20,1.60
2008.03.07 09:43:02.956,1.65195,1.6524,0.20,1.90
2008.03.07 09:43:03.198,1.65195,1.6524,0.20,1.90
2008.03.07 09:43:03.566,1.652,1.6524,0.40,1.90
2008.03.07 09:43:03.879,1.65175,1.6522,0.20,1.90
2008.03.07 09:43:04.212,1.65175,1.6522,0.20,1.90
2008.03.07 09:43:04.454,1.65175,1.6522,0.20,1.90
2008.03.07 09:43:04.697,1.65175,1.6522,0.20,1.90
2008.03.07 09:43:04.940,1.65175,1.6522,0.20,1.90
2008.03.07 09:43:05.182,1.65175,1.6522,0.20,1.90
2008.03.07 09:43:05.495,1.65175,1.6522,0.20,1.90
2008.03.07 09:43:05.808,1.65175,1.6522,0.20,1.90
2008.03.07 09:43:06.120,1.65175,1.6522,0.20,1.90
2008.03.07 09:43:06.383,1.65175,1.6522,0.20,1.90
2008.03.07 09:43:06.678,1.65175,1.6522,0.20,1.90
2008.03.07 09:43:06.942,1.65175,1.6522,0.20,1.90
2008.03.07 09:43:07.204,1.65185,1.6522,0.20,1.60
2008.03.07 09:43:07.482,1.65185,1.6522,0.20,1.60
2008.03.07 09:43:07.760,1.65185,1.6522,0.20,1.60
2008.03.07 09:43:08.038,1.6519,1.6522,0.40,1.60
2008.03.07 09:43:08.316,1.6519,1.6522,0.40,1.60
2008.03.07 09:43:08.643,1.6519,1.6522,0.40,1.60
2008.03.07 09:43:08.977,1.6519,1.6522,0.40,1.60
2008.03.07 09:43:09.305,1.6519,1.6523,0.40,1.90
2008.03.07 09:43:09.538,1.6519,1.6523,0.40,1.90
2008.03.07 09:43:09.771,1.6519,1.6523,0.40,1.90
2008.03.07 09:43:10.003,1.6519,1.6523,0.40,1.90
2008.03.07 09:43:10.258,1.6519,1.6523,0.40,1.90
2008.03.07 09:43:10.565,1.6519,1.6523,0.40,1.90
2008.03.07 09:43:10.873,1.6519,1.6523,0.40,1.90
2008.03.07 09:43:11.181,1.6519,1.6523,0.40,1.90
2008.03.07 09:43:11.489,1.6519,1.6523,0.40,1.90
2008.03.07 09:43:11.748,1.65195,1.6523,0.20,1.60
2008.03.07 09:43:12.006,1.65195,1.6524,0.20,1.90
2008.03.07 09:43:12.264,1.6519,1.6523,2.70,1.90
2008.03.07 09:43:12.522,1.6519,1.6523,0.60,1.60
2008.03.07 09:43:12.794,1.6519,1.65225,0.40,0.40
2008.03.07 09:43:13.069,1.6519,1.65225,0.40,0.40
2008.03.07 09:43:13.341,1.65185,1.65225,0.20,0.40
2008.03.07 09:43:13.654,1.65185,1.65225,0.20,0.40
2008.03.07 09:43:13.967,1.65185,1.65225,0.20,0.40
2008.03.07 09:43:14.280,1.6518,1.6522,0.60,0.40
2008.03.07 09:43:14.593,1.6518,1.6522,0.60,0.40
2008.03.07 09:43:14.827,1.6519,1.6523,0.20,1.60
2008.03.07 09:43:15.060,1.65185,1.65225,0.20,0.40
2008.03.07 09:43:15.293,1.65185,1.65225,0.20,0.40
2008.03.07 09:43:15.526,1.65185,1.65225,0.20,0.40
2008.03.07 09:43:15.843,1.65185,1.65225,0.20,0.40
2008.03.07 09:43:16.188,1.65185,1.6523,0.20,1.90
2008.03.07 09:43:16.542,1.6519,1.6523,0.40,1.90
2008.03.07 09:43:16.821,1.6519,1.6523,0.40,1.90
2008.03.07 09:43:17.025,1.6519,1.6523,0.40,1.90
2008.03.07 09:43:17.268,1.6519,1.6523,0.40,1.90
2008.03.07 09:43:17.511,1.6519,1.6523,0.40,1.90
2008.03.07 09:43:17.806,1.6519,1.6523,0.40,1.90
2008.03.07 09:43:18.099,1.6519,1.6523,0.40,1.90
2008.03.07 09:43:18.393,1.652,1.6523,0.40,1.60
2008.03.07 09:43:18.696,1.652,1.6523,0.40,1.60
2008.03.07 09:43:18.998,1.652,1.6523,0.40,1.60
2008.03.07 09:43:19.323,1.652,1.6523,0.40,1.60
2008.03.07 09:43:19.662,1.652,1.6523,0.40,1.60
2008.03.07 09:43:19.912,1.652,1.6523,0.40,1.60
2008.03.07 09:43:20.164,1.652,1.6523,0.40,1.60
2008.03.07 09:43:20.416,1.652,1.6523,0.40,1.60
2008.03.07 09:43:20.670,1.652,1.6523,0.40,1.60
2008.03.07 09:43:20.954,1.652,1.6523,0.40,1.60
2008.03.07 09:43:21.237,1.652,1.6523,0.40,1.60
2008.03.07 09:43:21.520,1.652,1.6523,0.40,1.60
2008.03.07 09:43:21.783,1.652,1.6523,0.40,1.60
2008.03.07 09:43:22.046,1.652,1.6523,0.40,1.60
2008.03.07 09:43:22.310,1.65205,1.6524,0.20,1.60
2008.03.07 09:43:22.597,1.65205,1.6524,0.20,1.60
2008.03.07 09:43:22.884,1.65205,1.6524,0.20,1.60
2008.03.07 09:43:23.172,1.65205,1.6524,0.20,1.60
2008.03.07 09:43:23.460,1.65205,1.6524,0.20,1.60
2008.03.07 09:43:23.749,1.65195,1.6524,0.20,1.90
2008.03.07 09:43:24.047,1.65195,1.6524,0.20,1.90
2008.03.07 09:43:24.346,1.65195,1.6524,0.20,1.90
2008.03.07 09:43:24.646,1.65205,1.6524,0.20,1.60
2008.03.07 09:43:24.888,1.652,1.65235,0.40,0.40
2008.03.07 09:43:25.131,1.6519,1.65235,0.20,0.40
2008.03.07 09:43:25.374,1.6519,1.65235,0.20,0.40
2008.03.07 09:43:25.617,1.6519,1.65235,0.20,0.40
2008.03.07 09:43:25.860,1.652,1.6524,0.20,1.60
2008.03.07 09:43:26.175,1.652,1.6524,0.20,1.60
2008.03.07 09:43:26.498,1.652,1.6524,0.20,1.60
2008.03.07 09:43:26.829,1.652,1.6524,0.20,1.60
2008.03.07 09:43:27.106,1.652,1.6524,0.20,1.60
2008.03.07 09:43:27.383,1.652,1.6524,0.40,1.90
2008.03.07 09:43:27.660,1.652,1.6524,0.40,1.90
2008.03.07 09:43:27.938,1.652,1.6524,0.40,1.90
2008.03.07 09:43:28.191,1.652,1.65235,0.40,0.40
2008.03.07 09:43:28.444,1.6519,1.65235,0.60,0.40
2008.03.07 09:43:28.720,1.6519,1.65235,0.60,0.40
2008.03.07 09:43:29.077,1.6519,1.65235,0.60,0.40
2008.03.07 09:43:29.366,1.6519,1.65235,0.60,0.40
2008.03.07 09:43:29.689,1.6519,1.65235,0.60,0.40
2008.03.07 09:43:29.931,1.6519,1.65235,0.60,0.40
2008.03.07 09:43:30.175,1.65195,1.6524,0.20,1.90
2008.03.07 09:43:30.419,1.65195,1.6524,0.20,1.90
2008.03.07 09:43:30.663,1.652,1.6524,0.40,1.90
2008.03.07 09:43:30.905,1.652,1.6524,0.40,1.90
2008.03.07 09:43:31.213,1.652,1.6524,0.40,1.90
2008.03.07 09:43:31.522,1.652,1.6524,0.40,1.90
2008.03.07 09:43:31.851,1.652,1.6524,0.40,1.90
2008.03.07 09:43:32.129,1.652,1.6524,0.40,1.90
2008.03.07 09:43:32.373,1.652,1.6524,0.40,1.90
2008.03.07 09:43:32.615,1.652,1.6524,0.40,1.90
2008.03.07 09:43:32.857,1.652,1.6524,0.40,1.90
2008.03.07 09:43:33.159,1.652,1.6524,0.40,1.90
2008.03.07 09:43:33.439,1.652,1.6524,0.40,1.90
2008.03.07 09:43:33.724,1.652,1.6523,0.40,1.60
2008.03.07 09:43:34.007,1.6519,1.6523,0.60,1.60
2008.03.07 09:43:34.320,1.6519,1.6523,0.60,1.60
2008.03.07 09:43:34.634,1.6519,1.6523,0.60,1.60
2008.03.07 09:43:34.947,1.6519,1.6523,0.60,1.60
2008.03.07 09:43:35.180,1.6519,1.6523,0.60,1.60
2008.03.07 09:43:35.413,1.6519,1.6522,0.40,1.60
2008.03.07 09:43:35.646,1.6519,1.6522,0.40,1.60
2008.03.07 09:43:35.879,1.6518,1.6522,0.60,1.60
2008.03.07 09:43:36.182,1.6518,1.6522,0.60,1.60
2008.03.07 09:43:36.485,1.6518,1.6522,0.60,1.60
2008.03.07 09:43:36.806,1.6518,1.6522,0.40,1.90
2008.03.07 09:43:37.047,1.6518,1.6522,0.40,1.90
2008.03.07 09:43:37.289,1.6518,1.6522,0.40,1.90
2008.03.07 09:43:37.533,1.6518,1.6522,0.40,1.90
2008.03.07 09:43:37.776,1.6518,1.6522,0.40,1.90
2008.03.07 09:43:38.018,1.6518,1.6522,0.40,1.90
2008.03.07 09:43:38.341,1.6518,1.6522,0.40,1.90
2008.03.07 09:43:38.699,1.6518,1.6522,0.40,1.90
2008.03.07 09:43:39.022,1.6517,1.6521,0.40,0.40
2008.03.07 09:43:39.285,1.6517,1.6521,0.40,1.90
2008.03.07 09:43:39.547,1.6517,1.6521,0.40,1.90
2008.03.07 09:43:39.810,1.6517,1.6521,0.40,1.90
2008.03.07 09:43:40.072,1.6517,1.6521,0.40,1.90
2008.03.07 09:43:40.349,1.6517,1.6521,0.40,1.90
2008.03.07 09:43:40.627,1.6517,1.6521,0.40,1.90
2008.03.07 09:43:40.905,1.6517,1.6521,0.40,1.90
2008.03.07 09:43:41.178,1.6518,1.6522,0.20,1.90
2008.03.07 09:43:41.452,1.6518,1.6522,0.60,1.90
2008.03.07 09:43:41.726,1.6518,1.6522,0.60,1.90
2008.03.07 09:43:42.017,1.65175,1.6521,0.20,1.60
2008.03.07 09:43:42.325,1.6517,1.65215,0.20,0.40
2008.03.07 09:43:42.594,1.6517,1.65215,0.20,0.40
2008.03.07 09:43:42.863,1.6517,1.65215,0.20,0.40
2008.03.07 09:43:43.131,1.6517,1.65215,0.20,0.40
2008.03.07 09:43:43.450,1.6517,1.65215,0.20,0.40
2008.03.07 09:43:43.781,1.6517,1.65215,0.20,0.40
2008.03.07 09:43:44.036,1.6517,1.65215,0.20,0.40
2008.03.07 09:43:44.328,1.6517,1.65215,0.20,0.40
2008.03.07 09:43:44.608,1.6517,1.65215,0.20,0.40
2008.03.07 09:43:44.885,1.6517,1.65215,0.20,0.40
2008.03.07 09:43:45.162,1.6517,1.65215,0.20,0.40
2008.03.07 09:43:45.430,1.6517,1.65215,0.20,0.40
2008.03.07 09:43:45.699,1.6517,1.65215,0.20,0.40
2008.03.07 09:43:45.967,1.65175,1.6522,0.20,1.90
2008.03.07 09:43:46.234,1.65175,1.6522,0.20,0.40
2008.03.07 09:43:46.498,1.65175,1.6522,0.20,0.40
2008.03.07 09:43:46.761,1.6518,1.65225,0.20,0.40
2008.03.07 09:43:47.052,1.65185,1.6523,0.20,1.90
2008.03.07 09:43:47.349,1.65185,1.6523,0.20,1.90
2008.03.07 09:43:47.679,1.65185,1.6523,0.20,1.90
2008.03.07 09:43:47.969,1.65185,1.6523,0.20,1.90
2008.03.07 09:43:48.261,1.65185,1.6523,0.20,1.90
2008.03.07 09:43:48.535,1.65185,1.6523,0.20,1.90
2008.03.07 09:43:48.808,1.65185,1.6523,0.20,1.90
2008.03.07 09:43:49.081,1.6519,1.6523,0.20,1.60
2008.03.07 09:43:49.354,1.65185,1.6523,0.20,0.40
2008.03.07 09:43:49.623,1.6518,1.65225,0.20,0.40
2008.03.07 09:43:49.892,1.6518,1.65225,0.20,0.40
2008.03.07 09:43:50.161,1.6518,1.65225,0.20,0.40
2008.03.07 09:43:50.436,1.6518,1.65225,0.20,0.40
2008.03.07 09:43:50.712,1.6518,1.65225,0.20,0.40
2008.03.07 09:43:50.991,1.6518,1.65225,0.20,0.40
2008.03.07 09:43:51.268,1.6518,1.65225,0.20,0.40
2008.03.07 09:43:51.545,1.6518,1.65225,0.20,0.40
2008.03.07 09:43:51.808,1.6518,1.65225,0.20,0.40
2008.03.07 09:43:52.071,1.6518,1.65225,0.20,0.40
2008.03.07 09:43:52.333,1.6518,1.65225,0.20,0.40
2008.03.07 09:43:52.629,1.6518,1.65225,0.20,0.40
2008.03.07 09:43:52.900,1.6518,1.65225,0.20,0.40
2008.03.07 09:43:53.173,1.6518,1.65225,0.20,0.40
2008.03.07 09:43:53.446,1.6518,1.65225,0.20,0.40
2008.03.07 09:43:53.748,1.6518,1.65225,0.20,0.40
2008.03.07 09:43:54.051,1.6518,1.65225,0.20,0.40
2008.03.07 09:43:54.356,1.65175,1.6522,0.20,1.90
2008.03.07 09:43:54.659,1.65165,1.6521,0.20,0.40
2008.03.07 09:43:54.912,1.65165,1.6521,0.20,0.40
2008.03.07 09:43:55.184,1.65155,1.652,0.20,0.40
2008.03.07 09:43:55.468,1.65155,1.652,0.20,0.40
2008.03.07 09:43:55.733,1.65155,1.652,0.20,0.40
2008.03.07 09:43:55.994,1.6516,1.65205,0.20,0.40
2008.03.07 09:43:56.286,1.65165,1.6521,0.20,1.90
2008.03.07 09:43:56.574,1.65165,1.652,0.20,1.60
2008.03.07 09:43:56.866,1.6516,1.652,0.20,1.60
2008.03.07 09:43:57.158,1.6516,1.65205,0.20,0.40
2008.03.07 09:43:57.453,1.6517,1.6521,0.20,1.60
2008.03.07 09:43:57.746,1.65165,1.6521,0.20,1.90
2008.03.07 09:43:57.993,1.65165,1.6521,0.20,1.90
2008.03.07 09:43:58.242,1.65165,1.6521,0.20,1.90
2008.03.07 09:43:58.489,1.65165,1.6521,0.20,1.90
2008.03.07 09:43:58.738,1.65165,1.6521,0.20,1.90
2008.03.07 09:43:59.064,1.65165,1.6521,0.20,1.90
2008.03.07 09:43:59.418,1.65165,1.6521,0.20,1.90
2008.03.07 09:43:59.736,1.6517,1.65215,0.20,0.40
2008.03.07 09:43:59.973,1.6517,1.65215,0.20,0.40
2008.03.07 09:44:00.212,1.6517,1.65215,0.20,0.40
2008.03.07 09:44:00.449,1.6517,1.65215,0.20,0.40
2008.03.07 09:44:00.687,1.6517,1.65215,0.20,0.40
2008.03.07 09:44:00.995,1.6517,1.65215,0.20,0.40
2008.03.07 09:44:01.303,1.6517,1.65215,0.20,0.40
2008.03.07 09:44:01.611,1.65175,1.6522,0.20,1.90
2008.03.07 09:44:01.861,1.6517,1.65215,0.20,0.40
2008.03.07 09:44:02.108,1.6517,1.65215,0.20,0.40
2008.03.07 09:44:02.357,1.6516,1.65205,0.60,0.40
2008.03.07 09:44:02.606,1.6516,1.65205,0.60,0.40
2008.03.07 09:44:02.888,1.6516,1.65205,0.60,0.40
2008.03.07 09:44:03.172,1.6516,1.65205,0.60,0.40
2008.03.07 09:44:03.456,1.6516,1.65205,0.60,0.40
2008.03.07 09:44:03.739,1.6516,1.65205,0.60,0.40
2008.03.07 09:44:04.061,1.6516,1.65205,0.60,0.40
2008.03.07 09:44:04.384,1.6516,1.65205,0.60,0.40
2008.03.07 09:44:04.708,1.6516,1.65205,0.60,0.40
2008.03.07 09:44:04.946,1.6516,1.65205,0.60,0.40
2008.03.07 09:44:05.184,1.6516,1.65205,0.60,0.40
2008.03.07 09:44:05.421,1.6516,1.65205,0.60,0.40
2008.03.07 09:44:05.659,1.6516,1.65205,0.60,0.40
2008.03.07 09:44:05.896,1.6516,1.65205,0.60,0.40
2008.03.07 09:44:06.215,1.6516,1.65205,0.60,0.40
2008.03.07 09:44:06.533,1.6516,1.65205,0.60,0.40
2008.03.07 09:44:06.852,1.6516,1.65205,0.60,0.40
2008.03.07 09:44:07.142,1.6516,1.65205,0.60,0.40
2008.03.07 09:44:07.399,1.6516,1.65205,0.60,0.40
2008.03.07 09:44:07.656,1.6516,1.65205,0.60,0.40
2008.03.07 09:44:07.914,1.6516,1.65205,0.60,0.40
2008.03.07 09:44:08.198,1.6516,1.652,0.40,0.40
2008.03.07 09:44:08.482,1.65155,1.652,0.20,0.40
2008.03.07 09:44:08.764,1.6516,1.65205,0.20,0.40
2008.03.07 09:44:09.057,1.6516,1.65205,0.20,0.40
2008.03.07 09:44:09.350,1.6516,1.6521,0.40,5.60
2008.03.07 09:44:09.643,1.6516,1.6521,0.40,5.60
2008.03.07 09:44:09.936,1.6516,1.6521,0.40,5.60
2008.03.07 09:44:10.214,1.6516,1.6521,0.40,5.60
2008.03.07 09:44:10.494,1.6516,1.6521,0.40,5.60
2008.03.07 09:44:10.803,1.6516,1.6521,0.40,5.60
2008.03.07 09:44:11.091,1.6516,1.6521,0.40,5.60
2008.03.07 09:44:11.349,1.6516,1.6521,0.40,5.60
2008.03.07 09:44:11.607,1.6516,1.6521,0.40,5.60
2008.03.07 09:44:11.865,1.6516,1.6521,0.40,5.60
2008.03.07 09:44:12.167,1.6516,1.6521,0.40,5.60
2008.03.07 09:44:12.470,1.6516,1.6521,0.40,5.60
2008.03.07 09:44:12.773,1.6516,1.6521,0.40,5.60
2008.03.07 09:44:13.076,1.6516,1.6521,0.40,5.60
2008.03.07 09:44:13.323,1.6516,1.6521,0.40,5.60
2008.03.07 09:44:13.579,1.6516,1.6521,0.40,5.60
2008.03.07 09:44:13.861,1.6516,1.6521,0.40,5.60
2008.03.07 09:44:14.076,1.6516,1.6521,0.40,5.60
2008.03.07 09:44:14.400,1.6516,1.6521,0.40,5.60
2008.03.07 09:44:14.723,1.6516,1.6521,0.40,5.60
2008.03.07 09:44:15.079,1.6516,1.652,0.40,5.60
2008.03.07 09:44:15.339,1.6515,1.652,0.40,1.60
2008.03.07 09:44:15.630,1.6515,1.652,0.40,1.60
2008.03.07 09:44:15.888,1.6515,1.652,0.40,1.60
2008.03.07 09:44:16.147,1.6515,1.652,0.40,1.60
2008.03.07 09:44:16.434,1.6515,1.652,0.40,1.60
2008.03.07 09:44:16.721,1.6515,1.652,0.40,5.60
2008.03.07 09:44:17.010,1.6515,1.652,0.40,5.60
2008.03.07 09:44:17.312,1.6515,1.652,0.40,1.60
2008.03.07 09:44:17.615,1.6515,1.652,0.40,1.60
2008.03.07 09:44:17.918,1.6515,1.652,0.40,1.60
2008.03.07 09:44:18.221,1.6515,1.652,0.40,1.60
2008.03.07 09:44:18.469,1.6515,1.652,0.40,1.60
2008.03.07 09:44:18.717,1.6515,1.652,0.40,1.60
2008.03.07 09:44:18.965,1.6515,1.652,0.40,5.90
2008.03.07 09:44:19.274,1.6514,1.652,0.40,8.30
2008.03.07 09:44:19.583,1.6514,1.652,0.40,8.30
2008.03.07 09:44:19.891,1.6514,1.652,0.40,8.30
2008.03.07 09:44:20.199,1.6514,1.6519,0.40,1.60
2008.03.07 09:44:20.488,1.6514,1.6519,0.40,1.60
2008.03.07 09:44:20.785,1.6514,1.6519,0.40,1.60
2008.03.07 09:44:21.048,1.6514,1.6519,0.40,5.60
2008.03.07 09:44:21.341,1.6514,1.6519,0.40,5.60
2008.03.07 09:44:21.634,1.6514,1.6519,0.40,5.60
2008.03.07 09:44:21.927,1.6514,1.6519,0.40,5.60
2008.03.07 09:44:22.220,1.6514,1.6519,0.40,5.60
2008.03.07 09:44:22.473,1.6514,1.6519,0.40,5.60
2008.03.07 09:44:22.725,1.6514,1.6519,0.40,5.60
2008.03.07 09:44:22.979,1.6514,1.6519,0.60,5.60
2008.03.07 09:44:23.231,1.6514,1.652,0.60,8.30
2008.03.07 09:44:23.567,1.6515,1.652,0.40,8.30
2008.03.07 09:44:23.904,1.6515,1.652,0.40,8.30
2008.03.07 09:44:24.207,1.6515,1.652,0.60,4.00
2008.03.07 09:44:24.495,1.6516,1.6521,0.60,1.60
2008.03.07 09:44:24.784,1.6517,1.6521,0.40,1.60
2008.03.07 09:44:25.072,1.6517,1.6521,0.40,1.60
2008.03.07 09:44:25.346,1.6517,1.6522,0.40,1.60
2008.03.07 09:44:25.620,1.6517,1.6522,0.40,1.60
2008.03.07 09:44:25.892,1.6517,1.6522,0.40,1.60
2008.03.07 09:44:26.166,1.6516,1.6522,0.60,1.60
2008.03.07 09:44:26.449,1.6516,1.6522,0.60,1.60
2008.03.07 09:44:26.732,1.6516,1.6522,0.60,1.60
2008.03.07 09:44:27.015,1.6516,1.6522,0.60,1.60
2008.03.07 09:44:27.300,1.6516,1.6522,0.60,1.60
2008.03.07 09:44:27.600,1.6516,1.6522,0.60,1.60
2008.03.07 09:44:27.868,1.6516,1.6522,0.60,1.60
2008.03.07 09:44:28.135,1.65165,1.6522,0.20,1.60
2008.03.07 09:44:28.404,1.65165,1.6522,0.20,1.60
2008.03.07 09:44:28.666,1.65165,1.6522,0.20,1.60
2008.03.07 09:44:28.929,1.6517,1.6522,0.40,1.60
2008.03.07 09:44:29.193,1.6517,1.6522,0.40,1.60
2008.03.07 09:44:29.501,1.6517,1.6522,0.40,1.60
2008.03.07 09:44:29.835,1.6517,1.6522,0.40,1.60
2008.03.07 09:44:30.178,1.6517,1.6522,0.40,1.60
2008.03.07 09:44:30.486,1.6517,1.6522,0.40,1.60
2008.03.07 09:44:30.744,1.6516,1.6522,0.60,1.60
2008.03.07 09:44:31.002,1.6516,1.6521,0.60,1.60
2008.03.07 09:44:31.262,1.6516,1.6521,0.40,1.60
2008.03.07 09:44:31.590,1.6516,1.6521,0.40,1.60
2008.03.07 09:44:31.924,1.6516,1.6522,0.60,1.60
2008.03.07 09:44:32.180,1.65165,1.6522,0.20,1.60
2008.03.07 09:44:32.473,1.6517,1.6522,0.40,1.60
2008.03.07 09:44:32.735,1.6517,1.6522,0.40,1.60
2008.03.07 09:44:32.998,1.6517,1.6522,0.40,1.60
2008.03.07 09:44:33.260,1.6517,1.6522,0.40,1.60
2008.03.07 09:44:33.563,1.6517,1.6523,0.60,1.60
2008.03.07 09:44:33.866,1.6517,1.6523,0.60,1.60
2008.03.07 09:44:34.174,1.6517,1.6523,0.60,1.60
2008.03.07 09:44:34.476,1.6517,1.6523,0.60,1.60
2008.03.07 09:44:34.759,1.6517,1.6523,0.60,1.60
2008.03.07 09:44:35.041,1.6517,1.6523,0.60,1.60
2008.03.07 09:44:35.325,1.6517,1.6523,0.60,1.60
2008.03.07 09:44:35.572,1.6517,1.6523,0.60,1.60
2008.03.07 09:44:35.832,1.6518,1.6523,0.20,1.60
2008.03.07 09:44:36.080,1.6518,1.6523,0.20,1.60
2008.03.07 09:44:36.329,1.6518,1.6523,0.60,1.60
2008.03.07 09:44:36.622,1.6518,1.6523,0.60,1.60
2008.03.07 09:44:36.916,1.6518,1.6523,0.40,1.60
2008.03.07 09:44:37.209,1.6517,1.6523,0.60,1.60
2008.03.07 09:44:37.503,1.6517,1.65225,0.40,0.40
2008.03.07 09:44:37.780,1.6517,1.65225,0.40,0.40
2008.03.07 09:44:38.073,1.6517,1.65225,0.40,0.40
2008.03.07 09:44:38.351,1.6517,1.65225,0.40,0.40
2008.03.07 09:44:38.644,1.6517,1.65225,0.40,0.40
2008.03.07 09:44:38.937,1.6517,1.65225,0.40,0.40
2008.03.07 09:44:39.230,1.6517,1.65225,0.40,0.40
2008.03.07 09:44:39.523,1.6517,1.6522,0.40,4.00
2008.03.07 09:44:39.796,1.6517,1.6522,0.40,5.90
2008.03.07 09:44:40.069,1.6517,1.6522,0.40,5.90
2008.03.07 09:44:40.347,1.6517,1.6522,0.40,5.90
2008.03.07 09:44:40.618,1.6517,1.6522,0.40,5.90
2008.03.07 09:44:40.881,1.6517,1.6522,0.40,5.90
2008.03.07 09:44:41.146,1.6517,1.65225,0.40,0.40
2008.03.07 09:44:41.409,1.6517,1.65225,0.40,0.40
2008.03.07 09:44:41.684,1.6517,1.65225,0.40,0.40
2008.03.07 09:44:41.956,1.6517,1.65225,0.40,0.40
2008.03.07 09:44:42.229,1.6517,1.6523,0.60,5.60
2008.03.07 09:44:42.501,1.6517,1.6523,0.60,5.60
2008.03.07 09:44:42.773,1.6518,1.6523,0.40,5.60
2008.03.07 09:44:43.047,1.6518,1.6523,0.40,5.60
2008.03.07 09:44:43.319,1.6518,1.6523,0.40,5.60
2008.03.07 09:44:43.592,1.6518,1.6523,0.40,5.60
2008.03.07 09:44:43.938,1.6518,1.6523,0.40,5.60
2008.03.07 09:44:44.217,1.6518,1.6523,0.40,5.60
2008.03.07 09:44:44.531,1.6521,1.6523,0.40,1.60
2008.03.07 09:44:44.769,1.6521,1.6525,0.40,5.60
2008.03.07 09:44:45.008,1.6521,1.6525,0.40,5.60
2008.03.07 09:44:45.277,1.6521,1.6525,0.40,5.60
2008.03.07 09:44:45.514,1.6521,1.6525,0.40,5.60
2008.03.07 09:44:45.823,1.6521,1.6525,0.40,5.60
2008.03.07 09:44:46.131,1.6521,1.6525,0.40,5.60
2008.03.07 09:44:46.440,1.6521,1.6525,0.40,1.60
2008.03.07 09:44:46.748,1.6521,1.6525,0.40,1.60
2008.03.07 09:44:47.013,1.652,1.6525,0.40,5.90
2008.03.07 09:44:47.274,1.652,1.6525,0.40,5.90
2008.03.07 09:44:47.538,1.652,1.6525,0.40,5.90
2008.03.07 09:44:47.816,1.652,1.6525,0.40,5.90
2008.03.07 09:44:48.093,1.652,1.6525,0.40,5.90
2008.03.07 09:44:48.372,1.652,1.6525,0.40,5.90
2008.03.07 09:44:48.649,1.652,1.6525,0.40,5.90
2008.03.07 09:44:48.953,1.652,1.6525,0.40,5.90
2008.03.07 09:44:49.273,1.652,1.6525,0.40,5.90
2008.03.07 09:44:49.612,1.652,1.6525,0.40,5.90
2008.03.07 09:44:49.828,1.6519,1.6524,0.40,1.60
2008.03.07 09:44:50.081,1.6519,1.6524,0.40,1.60
2008.03.07 09:44:50.334,1.6519,1.6524,0.40,1.60
2008.03.07 09:44:50.586,1.6519,1.6524,0.40,1.60
2008.03.07 09:44:50.841,1.6519,1.6524,0.40,1.60
2008.03.07 09:44:51.139,1.6519,1.65245,0.40,0.40
2008.03.07 09:44:51.437,1.6519,1.65245,0.40,0.40
2008.03.07 09:44:51.736,1.6519,1.65245,0.40,0.40
2008.03.07 09:44:51.979,1.6519,1.65245,0.40,0.40
2008.03.07 09:44:52.222,1.6519,1.65245,0.40,0.40
2008.03.07 09:44:52.466,1.6519,1.65245,0.40,0.40
2008.03.07 09:44:52.740,1.6519,1.65245,0.40,0.40
2008.03.07 09:44:53.076,1.6519,1.65245,0.40,0.40
2008.03.07 09:44:53.425,1.6519,1.65245,0.40,0.40
2008.03.07 09:44:53.738,1.6519,1.6524,0.40,5.60
2008.03.07 09:44:54.010,1.6519,1.6524,0.40,5.60
2008.03.07 09:44:54.283,1.6519,1.6524,0.40,5.90
2008.03.07 09:44:54.557,1.6519,1.6524,0.40,5.90
2008.03.07 09:44:54.830,1.6519,1.6524,0.40,5.90
2008.03.07 09:44:55.088,1.6519,1.6524,0.40,5.90
2008.03.07 09:44:55.346,1.6519,1.6524,0.40,5.90
2008.03.07 09:44:55.604,1.6519,1.6524,0.40,5.90
2008.03.07 09:44:55.862,1.6519,1.6524,0.40,5.90
2008.03.07 09:44:56.149,1.6519,1.6524,0.40,5.90
2008.03.07 09:44:56.438,1.6519,1.6524,0.40,5.90
2008.03.07 09:44:56.725,1.6519,1.6524,0.40,5.90
2008.03.07 09:44:57.038,1.6519,1.65245,0.40,0.40
2008.03.07 09:44:57.282,1.6519,1.65245,0.40,0.40
2008.03.07 09:44:57.559,1.6519,1.65245,0.40,0.40
2008.03.07 09:44:57.838,1.6519,1.6524,0.40,5.90
2008.03.07 09:44:58.086,1.6519,1.6524,0.40,5.90
2008.03.07 09:44:58.334,1.6519,1.6524,0.40,5.90
2008.03.07 09:44:58.583,1.6519,1.6524,0.40,5.90
2008.03.07 09:44:58.831,1.6519,1.6524,0.40,5.90
2008.03.07 09:44:59.153,1.6519,1.6524,0.40,5.90
2008.03.07 09:44:59.475,1.6519,1.6524,0.40,5.90
2008.03.07 09:44:59.798,1.6519,1.6524,0.40,5.90
2008.03.07 09:45:00.041,1.6519,1.6524,0.40,5.90
2008.03.07 09:45:00.308,1.6519,1.6524,0.40,5.90
2008.03.07 09:45:00.541,1.6519,1.6524,0.40,5.90
2008.03.07 09:45:00.773,1.6519,1.6524,0.40,5.90
2008.03.07 09:45:01.032,1.6519,1.6524,0.40,5.90
2008.03.07 09:45:01.390,1.6519,1.6524,0.40,5.90
2008.03.07 09:45:01.739,1.6519,1.6524,0.40,5.90
2008.03.07 09:45:02.072,1.6519,1.6524,0.40,5.90
2008.03.07 09:45:02.355,1.6519,1.6524,0.40,5.90
2008.03.07 09:45:02.601,1.6519,1.6524,0.40,5.90
2008.03.07 09:45:02.850,1.6519,1.6524,0.40,5.90
2008.03.07 09:45:03.124,1.6519,1.6525,0.40,5.90
2008.03.07 09:45:03.397,1.6519,1.6525,0.40,5.90
2008.03.07 09:45:03.670,1.6519,1.6525,0.40,5.90
2008.03.07 09:45:03.944,1.6519,1.6525,0.40,5.90
2008.03.07 09:45:04.266,1.6519,1.6525,0.40,5.90
2008.03.07 09:45:04.602,1.6521,1.65255,0.40,0.40
2008.03.07 09:45:04.926,1.6521,1.65255,0.40,0.40
2008.03.07 09:45:05.191,1.65195,1.65255,0.20,0.40
2008.03.07 09:45:05.424,1.65195,1.65255,0.20,0.40
2008.03.07 09:45:05.657,1.6519,1.6525,1.80,0.40
2008.03.07 09:45:05.889,1.6519,1.6525,1.80,0.40
2008.03.07 09:45:06.198,1.6519,1.6525,0.20,1.90
2008.03.07 09:45:06.507,1.6519,1.6525,1.80,0.40
2008.03.07 09:45:06.814,1.6519,1.6525,1.80,0.40
2008.03.07 09:45:07.123,1.652,1.6525,0.40,1.90
2008.03.07 09:45:07.380,1.6519,1.6525,0.20,1.90
2008.03.07 09:45:07.639,1.65185,1.65245,0.20,0.40
2008.03.07 09:45:07.898,1.6518,1.6524,5.60,0.40
2008.03.07 09:45:08.183,1.65185,1.65245,0.20,0.40
2008.03.07 09:45:08.470,1.6519,1.65245,0.40,0.40
2008.03.07 09:45:08.755,1.652,1.65245,0.40,0.40
2008.03.07 09:45:09.008,1.652,1.6525,0.40,1.60
2008.03.07 09:45:09.332,1.6519,1.6525,0.20,1.60
2008.03.07 09:45:09.653,1.6519,1.6525,0.20,1.60
2008.03.07 09:45:09.976,1.6519,1.6525,0.20,1.60
2008.03.07 09:45:10.230,1.6519,1.65255,1.80,0.40
2008.03.07 09:45:10.490,1.6518,1.6524,1.90,6.70
2008.03.07 09:45:10.782,1.6518,1.6524,1.90,6.70
2008.03.07 09:45:11.035,1.6518,1.6524,1.90,6.70
2008.03.07 09:45:11.339,1.6518,1.6524,1.90,6.70
2008.03.07 09:45:11.642,1.6518,1.6524,1.90,6.70
2008.03.07 09:45:11.945,1.6518,1.6524,1.90,6.70
2008.03.07 09:45:12.226,1.6518,1.6524,1.90,6.70
2008.03.07 09:45:12.440,1.65185,1.6524,0.20,6.40
2008.03.07 09:45:12.688,1.65185,1.65245,0.20,0.40
2008.03.07 09:45:12.937,1.6519,1.6525,0.20,1.60
2008.03.07 09:45:13.186,1.6519,1.6525,0.20,1.60
2008.03.07 09:45:13.479,1.652,1.6526,0.20,5.60
2008.03.07 09:45:13.772,1.652,1.6526,0.20,5.60
2008.03.07 09:45:14.064,1.652,1.6526,0.20,1.60
2008.03.07 09:45:14.352,1.652,1.65265,1.80,0.40
2008.03.07 09:45:14.658,1.652,1.65265,1.80,0.40
2008.03.07 09:45:14.978,1.652,1.65255,1.60,0.40
2008.03.07 09:45:15.266,1.65195,1.65255,0.20,0.40
2008.03.07 09:45:15.543,1.65195,1.65255,0.20,0.40
2008.03.07 09:45:15.821,1.652,1.65265,1.80,0.40
2008.03.07 09:45:16.100,1.652,1.65265,1.80,0.40
2008.03.07 09:45:16.384,1.6521,1.65265,0.50,0.40
2008.03.07 09:45:16.666,1.6521,1.6527,0.50,1.90
2008.03.07 09:45:16.949,1.6521,1.6527,0.50,1.90
2008.03.07 09:45:17.233,1.65215,1.6527,0.20,1.60
2008.03.07 09:45:17.525,1.65215,1.65265,0.50,0.40
2008.03.07 09:45:17.819,1.65215,1.6526,0.50,1.60
2008.03.07 09:45:18.123,1.65215,1.6526,0.50,1.90
2008.03.07 09:45:18.399,1.65205,1.6526,0.50,1.90
2008.03.07 09:45:18.662,1.65205,1.6526,0.50,1.90
2008.03.07 09:45:18.927,1.65205,1.6526,0.50,1.90
2008.03.07 09:45:19.191,1.65205,1.6526,0.50,1.90
2008.03.07 09:45:19.515,1.65205,1.6526,0.50,1.90
2008.03.07 09:45:19.839,1.6521,1.6526,0.50,1.60
2008.03.07 09:45:20.163,1.6521,1.65245,0.50,0.40
2008.03.07 09:45:20.411,1.6521,1.6524,0.50,1.60
2008.03.07 09:45:20.659,1.6521,1.6524,0.50,1.60
2008.03.07 09:45:20.907,1.6519,1.6524,0.70,1.60
2008.03.07 09:45:21.188,1.6519,1.6524,0.70,1.60
2008.03.07 09:45:21.436,1.6519,1.6524,0.50,1.90
2008.03.07 09:45:21.729,1.65185,1.6523,0.50,1.60
2008.03.07 09:45:22.023,1.65185,1.6523,0.50,1.60
2008.03.07 09:45:22.315,1.65185,1.6523,0.50,1.60
2008.03.07 09:45:22.588,1.6519,1.6523,0.50,1.60
2008.03.07 09:45:22.861,1.6519,1.6523,0.50,1.60
2008.03.07 09:45:23.137,1.6519,1.6523,0.70,1.60
2008.03.07 09:45:23.442,1.6519,1.6523,0.70,1.60
2008.03.07 09:45:23.752,1.6519,1.6523,0.70,1.60
2008.03.07 09:45:24.069,1.6519,1.6523,0.70,1.60
2008.03.07 09:45:24.309,1.6519,1.6523,0.50,1.60
2008.03.07 09:45:24.598,1.65185,1.6523,0.50,1.60
2008.03.07 09:45:24.887,1.65185,1.6523,0.50,1.60
2008.03.07 09:45:25.174,1.65185,1.6523,0.50,1.60
2008.03.07 09:45:25.463,1.65185,1.6523,0.50,1.60
2008.03.07 09:45:25.721,1.652,1.6523,0.50,1.60
2008.03.07 09:45:25.979,1.6521,1.6523,0.50,1.60
2008.03.07 09:45:26.237,1.6521,1.6523,0.50,1.60
2008.03.07 09:45:26.521,1.6521,1.6524,0.50,1.60
2008.03.07 09:45:26.827,1.6521,1.6524,0.50,1.60
2008.03.07 09:45:27.164,1.6521,1.6524,0.50,1.60
2008.03.07 09:45:27.499,1.6521,1.6524,0.50,1.60
2008.03.07 09:45:27.794,1.6521,1.6524,0.50,1.60
2008.03.07 09:45:28.025,1.6521,1.6524,0.50,1.60
2008.03.07 09:45:28.288,1.6521,1.6524,0.50,1.60
2008.03.07 09:45:28.550,1.6521,1.6524,0.50,1.60
2008.03.07 09:45:28.849,1.6521,1.6524,0.50,1.60
2008.03.07 09:45:29.147,1.6521,1.6524,0.50,1.60
2008.03.07 09:45:29.445,1.6521,1.6524,0.50,1.60
2008.03.07 09:45:29.721,1.6521,1.6524,0.50,1.60
2008.03.07 09:45:29.999,1.6521,1.6524,0.50,1.60
2008.03.07 09:45:30.310,1.65215,1.6525,0.50,1.60
2008.03.07 09:45:30.587,1.65215,1.6525,0.50,1.60
2008.03.07 09:45:30.856,1.6522,1.6525,0.50,1.60
2008.03.07 09:45:31.125,1.6522,1.6526,0.50,1.60
2008.03.07 09:45:31.394,1.6523,1.6526,0.50,1.60
2008.03.07 09:45:31.662,1.6523,1.6526,0.50,1.60
2008.03.07 09:45:31.956,1.6523,1.6526,0.50,1.60
2008.03.07 09:45:32.250,1.6522,1.6526,0.50,1.90
2008.03.07 09:45:32.543,1.6522,1.6526,0.50,1.90
2008.03.07 09:45:32.816,1.6522,1.6526,0.50,1.90
2008.03.07 09:45:33.089,1.6522,1.6526,0.50,1.90
2008.03.07 09:45:33.363,1.6522,1.6526,0.50,1.90
2008.03.07 09:45:33.708,1.65215,1.6526,0.50,1.90
2008.03.07 09:45:34.034,1.65215,1.6527,0.50,1.90
2008.03.07 09:45:34.343,1.6522,1.6527,0.50,1.60
2008.03.07 09:45:34.661,1.65235,1.6527,0.50,1.60
2008.03.07 09:45:34.948,1.65235,1.6527,0.50,1.60
2008.03.07 09:45:35.166,1.65235,1.6527,0.50,1.60
2008.03.07 09:45:35.420,1.65235,1.6527,0.50,1.60
2008.03.07 09:45:35.672,1.65235,1.6527,0.50,1.60
2008.03.07 09:45:35.940,1.65235,1.6527,0.50,1.60
2008.03.07 09:45:36.208,1.65235,1.6527,0.50,1.90
2008.03.07 09:45:36.476,1.6523,1.6527,0.50,1.90
2008.03.07 09:45:36.786,1.6523,1.6527,0.50,1.90
2008.03.07 09:45:37.092,1.6523,1.6527,0.50,1.90
2008.03.07 09:45:37.398,1.6523,1.6527,0.50,1.90
2008.03.07 09:45:37.707,1.6523,1.6526,0.50,1.60
2008.03.07 09:45:38.007,1.6522,1.6526,0.50,1.60
2008.03.07 09:45:38.318,1.6522,1.6526,0.50,1.60
2008.03.07 09:45:38.631,1.6522,1.65255,0.50,0.40
2008.03.07 09:45:38.889,1.65215,1.65255,0.50,0.40
2008.03.07 09:45:39.182,1.65215,1.65255,0.50,0.40
2008.03.07 09:45:39.475,1.65215,1.65255,0.50,0.40
2008.03.07 09:45:39.768,1.6521,1.6525,0.50,1.90
2008.03.07 09:45:39.997,1.6521,1.65225,0.50,0.40
2008.03.07 09:45:40.226,1.6521,1.65225,0.50,0.40
2008.03.07 09:45:40.454,1.652,1.65225,0.40,0.40
2008.03.07 09:45:40.698,1.6519,1.65225,0.70,0.40
2008.03.07 09:45:41.056,1.6519,1.65225,0.70,0.40
2008.03.07 09:45:41.422,1.6519,1.6522,0.40,1.60
2008.03.07 09:45:41.756,1.6519,1.6522,0.40,5.60
2008.03.07 09:45:41.989,1.6519,1.6522,0.40,5.60
2008.03.07 09:45:42.223,1.6519,1.6523,0.40,0.40
2008.03.07 09:45:42.456,1.6519,1.6524,0.40,4.00
2008.03.07 09:45:42.688,1.6519,1.6524,0.40,4.00
2008.03.07 09:45:43.022,1.6519,1.6524,0.40,1.60
2008.03.07 09:45:43.355,1.65195,1.6524,0.50,1.60
2008.03.07 09:45:43.689,1.65195,1.6524,0.50,1.60
2008.03.07 09:45:44.022,1.65195,1.6524,0.50,1.60
2008.03.07 09:45:44.290,1.65195,1.6524,0.50,1.60
2008.03.07 09:45:44.582,1.65195,1.6524,0.50,1.60
2008.03.07 09:45:44.885,1.65195,1.6524,0.50,1.60
2008.03.07 09:45:45.182,1.65195,1.6524,0.50,1.60
2008.03.07 09:45:45.482,1.65195,1.6524,0.50,1.60
2008.03.07 09:45:45.746,1.65195,1.6523,0.50,8.30
2008.03.07 09:45:46.008,1.6519,1.6523,0.40,8.30
2008.03.07 09:45:46.306,1.6518,1.6523,0.70,5.90
2008.03.07 09:45:46.605,1.6518,1.6523,0.70,8.30
2008.03.07 09:45:46.902,1.6518,1.6523,0.70,8.30
2008.03.07 09:45:47.160,1.6518,1.6523,0.70,8.30
2008.03.07 09:45:47.430,1.6518,1.6523,0.70,8.30
2008.03.07 09:45:47.688,1.6518,1.6523,0.70,5.90
2008.03.07 09:45:47.948,1.6518,1.6523,0.70,5.90
2008.03.07 09:45:48.237,1.6518,1.6523,0.70,5.90
2008.03.07 09:45:48.525,1.6518,1.6523,0.40,5.90
2008.03.07 09:45:48.812,1.6519,1.6523,0.40,5.60
2008.03.07 09:45:49.126,1.6519,1.6523,0.40,5.60
2008.03.07 09:45:49.468,1.6519,1.6523,0.40,1.60
2008.03.07 09:45:49.817,1.6519,1.6523,0.40,1.60
2008.03.07 09:45:50.031,1.6519,1.6523,0.40,1.60
2008.03.07 09:45:50.245,1.6519,1.6523,0.40,1.60
2008.03.07 09:45:50.461,1.6519,1.65225,0.40,0.40
2008.03.07 09:45:50.675,1.65185,1.6522,0.50,1.60
2008.03.07 09:45:50.889,1.65185,1.6522,0.50,1.60
2008.03.07 09:45:51.248,1.65185,1.6522,0.50,1.60
2008.03.07 09:45:51.581,1.65185,1.6522,0.50,1.60
2008.03.07 09:45:51.915,1.65185,1.6522,0.50,1.60
2008.03.07 09:45:52.248,1.65185,1.6522,0.50,1.60
2008.03.07 09:45:52.505,1.65185,1.6522,0.50,1.60
2008.03.07 09:45:52.760,1.6518,1.65225,0.40,0.40
2008.03.07 09:45:52.986,1.6518,1.65225,0.40,0.40
2008.03.07 09:45:53.319,1.6518,1.65225,0.40,0.40
2008.03.07 09:45:53.652,1.6518,1.65225,0.40,0.40
2008.03.07 09:45:53.985,1.6518,1.6523,0.40,5.60
2008.03.07 09:45:54.248,1.6518,1.6523,0.40,1.90
2008.03.07 09:45:54.511,1.65185,1.6522,0.50,1.60
2008.03.07 09:45:54.775,1.65185,1.6523,0.50,1.60
2008.03.07 09:45:55.054,1.6519,1.65225,0.40,0.40
2008.03.07 09:45:55.371,1.6519,1.6522,0.40,1.60
2008.03.07 09:45:55.691,1.6518,1.6523,0.40,1.60
2008.03.07 09:45:55.976,1.6518,1.6523,0.40,1.60
2008.03.07 09:45:56.272,1.6518,1.6523,0.50,1.90
2008.03.07 09:45:56.575,1.6518,1.6523,0.50,1.90
2008.03.07 09:45:56.878,1.6518,1.6523,0.50,1.90
2008.03.07 09:45:57.180,1.6518,1.6523,0.50,1.90
2008.03.07 09:45:57.428,1.6518,1.6523,0.50,1.90
2008.03.07 09:45:57.676,1.6518,1.6523,0.50,8.30
2008.03.07 09:45:57.924,1.65175,1.65225,0.50,0.40
2008.03.07 09:45:58.171,1.65175,1.65225,0.50,0.40
2008.03.07 09:45:58.461,1.65175,1.6523,0.50,1.60
2008.03.07 09:45:58.750,1.65185,1.6523,0.50,1.60
2008.03.07 09:45:59.037,1.65185,1.6523,0.50,1.60
2008.03.07 09:45:59.325,1.65185,1.6523,0.50,1.60
2008.03.07 09:45:59.639,1.65185,1.6523,0.50,1.60
2008.03.07 09:45:59.983,1.65185,1.6523,0.50,1.60
2008.03.07 09:46:00.329,1.65185,1.6523,0.50,1.60
2008.03.07 09:46:00.602,1.65185,1.6523,0.50,1.60
2008.03.07 09:46:00.827,1.65185,1.6523,0.50,1.60
2008.03.07 09:46:01.069,1.65185,1.6523,0.50,1.60
2008.03.07 09:46:01.312,1.65185,1.6523,0.50,1.60
2008.03.07 09:46:01.574,1.65185,1.6523,0.50,1.60
2008.03.07 09:46:01.837,1.65185,1.6523,0.50,1.60
2008.03.07 09:46:02.100,1.65185,1.6523,0.50,1.60
2008.03.07 09:46:02.407,1.65185,1.6523,0.50,1.60
2008.03.07 09:46:02.716,1.65185,1.65225,0.50,0.40
2008.03.07 09:46:03.024,1.65175,1.65225,0.50,0.40
2008.03.07 09:46:03.331,1.65175,1.65225,0.50,0.40
2008.03.07 09:46:03.614,1.65175,1.65225,0.50,0.40
2008.03.07 09:46:03.877,1.65175,1.65225,0.50,0.40
2008.03.07 09:46:04.139,1.65175,1.65225,0.50,0.40
2008.03.07 09:46:04.402,1.65175,1.65225,0.50,0.40
2008.03.07 09:46:04.704,1.65175,1.65225,0.50,0.40
2008.03.07 09:46:05.008,1.65175,1.65225,0.50,0.40
2008.03.07 09:46:05.312,1.65175,1.6522,0.50,1.60
2008.03.07 09:46:05.586,1.65175,1.6522,0.50,1.60
2008.03.07 09:46:05.877,1.65175,1.6522,0.50,1.60
2008.03.07 09:46:06.139,1.65175,1.6522,0.50,1.60
2008.03.07 09:46:06.402,1.6518,1.6522,0.40,1.60
2008.03.07 09:46:06.681,1.65185,1.6523,0.50,1.60
2008.03.07 09:46:06.960,1.65185,1.6523,0.50,1.60
2008.03.07 09:46:07.237,1.65185,1.6523,0.50,1.60
2008.03.07 09:46:07.515,1.65185,1.6523,0.50,1.60
2008.03.07 09:46:07.808,1.65185,1.6523,0.50,1.60
2008.03.07 09:46:08.111,1.65185,1.6523,0.50,1.60
2008.03.07 09:46:08.436,1.65185,1.6523,0.50,1.60
2008.03.07 09:46:08.666,1.65185,1.6523,0.50,1.90
2008.03.07 09:46:08.929,1.6518,1.6523,0.50,1.90
2008.03.07 09:46:09.193,1.6518,1.6522,0.50,1.60
2008.03.07 09:46:09.455,1.6518,1.6522,0.50,1.60
2008.03.07 09:46:09.770,1.6518,1.6523,0.50,1.60
2008.03.07 09:46:10.083,1.6518,1.6523,0.50,1.60
2008.03.07 09:46:10.404,1.6518,1.6523,0.50,1.60
2008.03.07 09:46:10.631,1.6518,1.6523,0.50,1.60
2008.03.07 09:46:10.860,1.6518,1.6523,0.50,1.60
2008.03.07 09:46:11.087,1.6518,1.6523,0.50,1.60
2008.03.07 09:46:11.314,1.6518,1.6523,0.50,1.60
2008.03.07 09:46:11.680,1.6518,1.65225,0.50,0.40
2008.03.07 09:46:12.019,1.6518,1.65225,0.50,0.40
2008.03.07 09:46:12.373,1.65175,1.65225,0.50,0.40
2008.03.07 09:46:12.645,1.65175,1.65215,0.50,0.40
2008.03.07 09:46:12.917,1.6518,1.65215,0.50,0.40
2008.03.07 09:46:13.190,1.6518,1.65215,0.50,0.40
2008.03.07 09:46:13.426,1.6518,1.65215,0.50,0.40
2008.03.07 09:46:13.663,1.6518,1.65215,0.50,0.40
2008.03.07 09:46:13.991,1.6518,1.65215,0.50,0.40
2008.03.07 09:46:14.319,1.6518,1.65215,0.50,0.40
2008.03.07 09:46:14.647,1.6517,1.65215,0.50,0.40
2008.03.07 09:46:14.896,1.6517,1.65215,0.50,0.40
2008.03.07 09:46:15.143,1.6517,1.65215,0.50,0.40
2008.03.07 09:46:15.392,1.6517,1.6522,0.50,5.90
2008.03.07 09:46:15.641,1.65175,1.6522,0.50,5.60
2008.03.07 09:46:15.930,1.65175,1.6522,0.50,1.60
2008.03.07 09:46:16.218,1.65175,1.6522,0.50,1.60
2008.03.07 09:46:16.507,1.65175,1.6523,0.50,5.90
2008.03.07 09:46:16.831,1.6518,1.6523,0.50,1.90
2008.03.07 09:46:17.118,1.6518,1.6523,0.50,1.90
2008.03.07 09:46:17.406,1.6518,1.6523,0.50,4.30
2008.03.07 09:46:17.695,1.65175,1.6522,0.50,1.60
2008.03.07 09:46:17.933,1.65175,1.6522,0.50,1.60
2008.03.07 09:46:18.171,1.65175,1.6522,0.50,1.60
2008.03.07 09:46:18.409,1.65175,1.6522,0.50,1.60
2008.03.07 09:46:18.647,1.65175,1.6522,0.50,1.60
2008.03.07 09:46:19.012,1.65175,1.6522,0.50,1.60
2008.03.07 09:46:19.345,1.65175,1.65215,0.50,0.40
2008.03.07 09:46:19.679,1.6516,1.6522,0.50,1.90
2008.03.07 09:46:19.908,1.6516,1.6522,0.50,1.90
2008.03.07 09:46:20.135,1.65165,1.6522,0.50,1.90
2008.03.07 09:46:20.363,1.65165,1.6522,0.50,1.90
2008.03.07 09:46:20.592,1.65175,1.6522,0.50,1.60
2008.03.07 09:46:20.904,1.65175,1.6522,0.50,1.60
2008.03.07 09:46:21.217,1.65175,1.6522,0.50,1.60
2008.03.07 09:46:21.541,1.65175,1.6522,0.50,1.60
2008.03.07 09:46:21.890,1.6518,1.6522,0.50,1.60
2008.03.07 09:46:22.127,1.6518,1.6522,0.50,1.60
2008.03.07 09:46:22.364,1.6517,1.6522,0.70,1.60
2008.03.07 09:46:22.603,1.65175,1.6522,0.50,1.60
2008.03.07 09:46:22.841,1.65175,1.6522,0.50,1.60
2008.03.07 09:46:23.144,1.65175,1.6521,0.50,1.60
2008.03.07 09:46:23.447,1.65175,1.6521,0.50,1.60
2008.03.07 09:46:23.751,1.65175,1.6521,0.50,1.60
2008.03.07 09:46:24.050,1.6517,1.6521,0.50,1.60
2008.03.07 09:46:24.347,1.6517,1.6521,0.50,1.60
2008.03.07 09:46:24.646,1.6517,1.6521,0.50,1.60
2008.03.07 09:46:24.925,1.6517,1.6521,0.50,1.60
2008.03.07 09:46:25.200,1.6517,1.6521,0.50,1.60
2008.03.07 09:46:25.477,1.65175,1.6521,0.50,1.60
2008.03.07 09:46:25.720,1.65175,1.6521,0.50,5.60
2008.03.07 09:46:26.038,1.65175,1.6521,0.50,5.60
2008.03.07 09:46:26.355,1.65175,1.6521,0.50,5.60
2008.03.07 09:46:26.674,1.65175,1.6521,0.50,5.60
2008.03.07 09:46:26.991,1.65175,1.6521,0.50,5.60
2008.03.07 09:46:27.220,1.65175,1.6521,0.50,5.60
2008.03.07 09:46:27.452,1.65165,1.6521,0.50,5.60
2008.03.07 09:46:27.680,1.65165,1.6521,0.50,5.60
2008.03.07 09:46:27.988,1.65165,1.6521,0.50,5.60
2008.03.07 09:46:28.296,1.65165,1.6521,0.50,1.60
2008.03.07 09:46:28.604,1.65165,1.6521,0.50,1.60
2008.03.07 09:46:28.912,1.65165,1.6521,0.50,1.60
2008.03.07 09:46:29.201,1.65165,1.652,0.50,1.60
2008.03.07 09:46:29.490,1.6516,1.652,0.50,1.60
2008.03.07 09:46:29.778,1.6516,1.652,0.50,1.60
2008.03.07 09:46:30.046,1.6516,1.652,0.50,1.60
2008.03.07 09:46:30.314,1.6516,1.652,0.50,1.60
2008.03.07 09:46:30.582,1.6516,1.652,0.50,1.60
2008.03.07 09:46:30.850,1.65165,1.652,0.50,1.60
2008.03.07 09:46:31.133,1.65165,1.652,0.50,1.60
2008.03.07 09:46:31.416,1.65165,1.652,0.50,1.60
2008.03.07 09:46:31.699,1.65165,1.652,0.50,1.60
2008.03.07 09:46:31.998,1.65165,1.652,0.50,1.60
2008.03.07 09:46:32.301,1.6516,1.652,0.50,1.60
2008.03.07 09:46:32.604,1.6516,1.652,0.50,1.60
2008.03.07 09:46:32.907,1.65165,1.652,0.50,1.60
2008.03.07 09:46:33.183,1.65165,1.652,0.50,1.60
2008.03.07 09:46:33.394,1.65165,1.652,0.50,1.60
2008.03.07 09:46:33.637,1.65165,1.652,0.50,1.60
2008.03.07 09:46:33.879,1.65165,1.652,0.50,1.60
2008.03.07 09:46:34.208,1.65165,1.652,0.50,1.60
2008.03.07 09:46:34.536,1.65165,1.6521,0.50,1.60
2008.03.07 09:46:34.865,1.65175,1.6521,0.50,1.60
2008.03.07 09:46:35.118,1.65175,1.6521,0.50,1.60
2008.03.07 09:46:35.371,1.65175,1.6521,0.50,1.60
2008.03.07 09:46:35.624,1.6517,1.6521,0.50,1.60
2008.03.07 09:46:35.892,1.6517,1.6521,0.50,1.60
2008.03.07 09:46:36.174,1.6517,1.6521,0.50,1.60
2008.03.07 09:46:36.457,1.6517,1.6521,0.50,1.60
2008.03.07 09:46:36.741,1.6517,1.6521,0.50,1.60
2008.03.07 09:46:37.023,1.6517,1.6521,0.50,1.60
2008.03.07 09:46:37.296,1.6517,1.6521,0.50,1.60
2008.03.07 09:46:37.568,1.6517,1.6521,0.50,1.60
2008.03.07 09:46:37.842,1.6517,1.6521,0.50,1.60
2008.03.07 09:46:38.149,1.6517,1.6521,0.50,1.60
2008.03.07 09:46:38.457,1.65165,1.6521,0.50,5.60
2008.03.07 09:46:38.790,1.65165,1.6521,0.50,5.90
2008.03.07 09:46:39.136,1.65165,1.6521,0.50,5.90
2008.03.07 09:46:39.436,1.65165,1.652,0.50,1.60
2008.03.07 09:46:39.728,1.65165,1.652,0.50,1.60
2008.03.07 09:46:40.018,1.65165,1.652,0.50,1.60
2008.03.07 09:46:40.333,1.6516,1.652,0.50,1.60
2008.03.07 09:46:40.626,1.6516,1.652,0.50,1.60
2008.03.07 09:46:40.936,1.6516,1.652,0.50,1.60
2008.03.07 09:46:41.236,1.6516,1.652,0.50,1.60
2008.03.07 09:46:41.521,1.6516,1.652,0.50,1.60
2008.03.07 09:46:41.810,1.65165,1.6521,0.50,5.90
2008.03.07 09:46:42.098,1.65165,1.6521,0.50,5.90
2008.03.07 09:46:42.450,1.65165,1.6521,0.50,5.90
2008.03.07 09:46:42.762,1.65165,1.6521,0.50,5.90
2008.03.07 09:46:43.108,1.65165,1.6521,0.50,5.60
2008.03.07 09:46:43.323,1.65165,1.6521,0.50,1.60
2008.03.07 09:46:43.571,1.65175,1.6521,0.50,1.60
2008.03.07 09:46:43.818,1.65175,1.6521,0.50,1.60
2008.03.07 09:46:44.066,1.65175,1.6521,0.50,1.60
2008.03.07 09:46:44.364,1.65175,1.6523,0.50,5.90
2008.03.07 09:46:44.663,1.6518,1.6523,0.50,5.90
2008.03.07 09:46:44.961,1.6518,1.6522,0.50,0.40
2008.03.07 09:46:45.259,1.6517,1.6522,0.50,5.90
2008.03.07 09:46:45.538,1.6517,1.6522,0.50,5.90
2008.03.07 09:46:45.831,1.6517,1.6522,0.50,5.90
2008.03.07 09:46:46.146,1.6517,1.6522,0.50,5.90
2008.03.07 09:46:46.424,1.6517,1.6522,0.50,5.90
2008.03.07 09:46:46.731,1.6517,1.6522,0.50,5.90
2008.03.07 09:46:46.972,1.6517,1.6522,0.50,5.90
2008.03.07 09:46:47.247,1.6517,1.6522,0.70,5.60
2008.03.07 09:46:47.539,1.6517,1.6523,1.10,8.30
2008.03.07 09:46:47.832,1.6518,1.6523,0.50,8.30
2008.03.07 09:46:48.125,1.6518,1.6523,0.50,8.30
2008.03.07 09:46:48.387,1.6518,1.6523,0.50,8.30
2008.03.07 09:46:48.650,1.6518,1.6523,0.50,8.30
2008.03.07 09:46:48.913,1.6518,1.6523,0.50,8.30
2008.03.07 09:46:49.203,1.6518,1.6523,0.50,8.30
2008.03.07 09:46:49.548,1.6518,1.6523,0.70,8.00
2008.03.07 09:46:49.858,1.65185,1.6522,0.50,1.60
2008.03.07 09:46:50.167,1.65185,1.6522,0.50,5.90
2008.03.07 09:46:50.439,1.65185,1.6522,0.50,5.90
2008.03.07 09:46:50.716,1.65185,1.6522,0.50,5.90
2008.03.07 09:46:50.994,1.65185,1.6522,0.50,5.90
2008.03.07 09:46:51.236,1.65185,1.6522,0.50,5.90
2008.03.07 09:46:51.554,1.65185,1.6522,0.50,5.90
2008.03.07 09:46:51.872,1.6517,1.6522,0.50,5.90
2008.03.07 09:46:52.189,1.6517,1.6522,0.50,5.90
2008.03.07 09:46:52.508,1.6517,1.6522,0.50,5.90
2008.03.07 09:46:52.740,1.6517,1.6522,0.50,5.90
2008.03.07 09:46:52.986,1.6517,1.6522,0.50,5.90
2008.03.07 09:46:53.221,1.6517,1.6522,0.50,5.90
2008.03.07 09:46:53.529,1.6517,1.6522,0.50,5.90
2008.03.07 09:46:53.838,1.6517,1.6522,1.10,1.60
2008.03.07 09:46:54.146,1.6518,1.6522,0.50,1.60
2008.03.07 09:46:54.453,1.6518,1.6522,0.50,4.00
2008.03.07 09:46:54.732,1.6518,1.6522,0.50,4.00
2008.03.07 09:46:55.010,1.6518,1.6522,0.50,1.60
2008.03.07 09:46:55.314,1.65175,1.6522,0.50,4.00
2008.03.07 09:46:55.586,1.65175,1.6522,0.50,4.00
2008.03.07 09:46:55.858,1.65175,1.6522,0.50,4.30
2008.03.07 09:46:56.133,1.6517,1.6522,0.70,4.30
2008.03.07 09:46:56.406,1.6517,1.6522,0.70,4.30
2008.03.07 09:46:56.698,1.6517,1.6522,0.70,4.30
2008.03.07 09:46:56.992,1.6517,1.6522,0.50,4.30
2008.03.07 09:46:57.285,1.65175,1.6522,0.50,2.40
2008.03.07 09:46:57.579,1.65175,1.65225,0.50,0.40
2008.03.07 09:46:57.837,1.65175,1.6522,0.50,0.40
2008.03.07 09:46:58.095,1.6518,1.6523,0.50,5.90
2008.03.07 09:46:58.353,1.6518,1.6523,0.50,5.90
2008.03.07 09:46:58.667,1.6518,1.6523,0.50,1.60
2008.03.07 09:46:58.980,1.65185,1.6523,0.50,1.60
2008.03.07 09:46:59.323,1.65185,1.6523,0.50,5.60
2008.03.07 09:46:59.669,1.65185,1.6523,0.60,5.60
2008.03.07 09:46:59.994,1.65185,1.6524,0.60,5.60
2008.03.07 09:47:00.282,1.6519,1.6524,0.70,8.00
2008.03.07 09:47:00.565,1.6519,1.6524,0.70,8.00
2008.03.07 09:47:00.819,1.6519,1.6524,0.70,4.00
2008.03.07 09:47:01.073,1.6519,1.6524,0.70,4.00
2008.03.07 09:47:01.353,1.6519,1.6524,0.70,1.60
2008.03.07 09:47:01.605,1.6519,1.6524,0.70,1.60
2008.03.07 09:47:01.914,1.65195,1.6524,0.50,1.60
2008.03.07 09:47:02.222,1.65195,1.6524,0.50,1.60
2008.03.07 09:47:02.530,1.65195,1.6524,0.50,1.60
2008.03.07 09:47:02.778,1.65195,1.6524,0.50,1.60
2008.03.07 09:47:03.025,1.65195,1.6524,0.50,1.60
2008.03.07 09:47:03.273,1.65195,1.6524,0.50,1.60
2008.03.07 09:47:03.522,1.65195,1.6524,0.50,1.60
2008.03.07 09:47:03.805,1.65195,1.6524,0.50,1.60
2008.03.07 09:47:04.087,1.65195,1.6524,0.50,1.60
2008.03.07 09:47:04.370,1.65195,1.6524,0.50,1.60
2008.03.07 09:47:04.653,1.65195,1.6524,0.50,1.60
2008.03.07 09:47:04.966,1.65195,1.6524,0.50,1.60
2008.03.07 09:47:05.279,1.65195,1.6523,0.50,0.40
2008.03.07 09:47:05.593,1.6518,1.6523,0.50,5.90
2008.03.07 09:47:05.873,1.6518,1.6521,0.50,0.40
2008.03.07 09:47:06.157,1.6516,1.6521,0.50,0.40
2008.03.07 09:47:06.370,1.6516,1.6522,0.80,1.90
2008.03.07 09:47:06.616,1.6517,1.6522,0.50,1.90
2008.03.07 09:47:06.934,1.6517,1.6522,0.50,1.90
2008.03.07 09:47:07.252,1.6517,1.6521,0.50,0.40
2008.03.07 09:47:07.571,1.6516,1.6521,0.50,0.40
2008.03.07 09:47:07.830,1.6516,1.6521,0.50,0.40
2008.03.07 09:47:08.102,1.6516,1.6521,0.50,0.40
2008.03.07 09:47:08.394,1.6516,1.6521,0.50,0.40
2008.03.07 09:47:08.687,1.6516,1.6521,0.50,1.90
2008.03.07 09:47:09.010,1.6516,1.6521,0.50,1.90
2008.03.07 09:47:09.332,1.6516,1.6521,0.50,1.90
2008.03.07 09:47:09.586,1.6516,1.6521,0.50,1.90
2008.03.07 09:47:09.873,1.6516,1.6521,0.50,1.90
2008.03.07 09:47:10.156,1.6516,1.6521,0.50,1.90
2008.03.07 09:47:10.438,1.6516,1.6521,0.50,1.90
2008.03.07 09:47:10.722,1.6516,1.6521,0.50,1.90
2008.03.07 09:47:10.996,1.6516,1.6521,0.50,1.90
2008.03.07 09:47:11.269,1.6516,1.6521,0.50,1.90
2008.03.07 09:47:11.572,1.6516,1.6521,0.50,1.90
2008.03.07 09:47:11.843,1.6516,1.6521,0.50,1.90
2008.03.07 09:47:12.130,1.6516,1.6521,0.50,1.90
2008.03.07 09:47:12.418,1.6516,1.6521,0.50,1.90
2008.03.07 09:47:12.706,1.6516,1.6521,0.50,1.90
2008.03.07 09:47:12.974,1.6516,1.6521,0.50,1.90
2008.03.07 09:47:13.242,1.6516,1.6521,0.50,1.90
2008.03.07 09:47:13.510,1.6516,1.6521,0.50,1.90
2008.03.07 09:47:13.777,1.6516,1.6521,0.50,1.90
2008.03.07 09:47:14.085,1.6516,1.6521,0.50,1.90
2008.03.07 09:47:14.398,1.6516,1.6521,0.50,1.90
2008.03.07 09:47:14.741,1.6516,1.6521,0.50,1.90
2008.03.07 09:47:14.960,1.6516,1.6521,0.50,1.90
2008.03.07 09:47:15.213,1.6516,1.6521,0.50,1.90
2008.03.07 09:47:15.466,1.6516,1.6521,0.50,1.90
2008.03.07 09:47:15.719,1.6516,1.6521,0.50,1.90
2008.03.07 09:47:15.977,1.6516,1.6521,0.50,1.90
2008.03.07 09:47:16.279,1.6516,1.6521,0.50,1.90
2008.03.07 09:47:16.582,1.6516,1.6521,0.50,1.90
2008.03.07 09:47:16.886,1.6516,1.6521,0.50,1.90
2008.03.07 09:47:17.138,1.6516,1.6521,0.50,1.90
2008.03.07 09:47:17.391,1.6516,1.6521,0.50,1.90
2008.03.07 09:47:17.644,1.6516,1.652,0.50,0.40
2008.03.07 09:47:17.931,1.6516,1.652,0.50,1.90
2008.03.07 09:47:18.197,1.65155,1.652,0.50,1.60
2008.03.07 09:47:18.496,1.6516,1.6521,0.50,1.90
2008.03.07 09:47:18.794,1.6516,1.6521,0.50,1.90
2008.03.07 09:47:19.093,1.6516,1.6521,0.50,1.90
2008.03.07 09:47:19.389,1.6516,1.6521,0.50,1.90
2008.03.07 09:47:19.689,1.6516,1.6521,0.50,1.90
2008.03.07 09:47:20.021,1.6516,1.6521,0.50,1.90
2008.03.07 09:47:20.306,1.6516,1.6521,0.50,1.90
2008.03.07 09:47:20.560,1.6516,1.6521,0.50,1.90
2008.03.07 09:47:20.814,1.6516,1.6521,0.50,1.90
2008.03.07 09:47:21.067,1.6516,1.6521,0.50,1.90
2008.03.07 09:47:21.356,1.6516,1.6521,0.50,1.90
2008.03.07 09:47:21.645,1.6516,1.6521,0.50,1.90
2008.03.07 09:47:21.933,1.6516,1.6521,0.50,1.90
2008.03.07 09:47:22.197,1.6516,1.652,0.50,1.60
2008.03.07 09:47:22.461,1.6516,1.652,0.50,1.60
2008.03.07 09:47:22.724,1.6516,1.652,0.50,1.60
2008.03.07 09:47:22.987,1.6516,1.652,0.50,1.60
2008.03.07 09:47:23.275,1.6516,1.652,0.50,1.60
2008.03.07 09:47:23.592,1.6516,1.652,0.50,1.60
2008.03.07 09:47:23.879,1.6516,1.652,0.50,1.60
2008.03.07 09:47:24.167,1.6516,1.652,0.50,1.60
2008.03.07 09:47:24.475,1.6516,1.652,0.50,1.60
2008.03.07 09:47:24.783,1.6516,1.652,0.50,1.60
2008.03.07 09:47:25.092,1.6516,1.652,0.50,1.60
2008.03.07 09:47:25.334,1.6516,1.652,0.50,1.60
2008.03.07 09:47:25.595,1.6516,1.652,0.50,1.60
2008.03.07 09:47:25.838,1.6516,1.652,0.50,1.60
2008.03.07 09:47:26.082,1.6516,1.652,0.50,1.60
2008.03.07 09:47:26.380,1.6516,1.652,0.50,1.60
2008.03.07 09:47:26.677,1.6516,1.652,0.50,1.60
2008.03.07 09:47:26.975,1.6516,1.652,0.50,1.60
2008.03.07 09:47:27.252,1.6516,1.652,0.50,1.60
2008.03.07 09:47:27.531,1.6516,1.652,0.50,1.60
2008.03.07 09:47:27.739,1.6516,1.652,0.50,1.60
2008.03.07 09:47:27.982,1.6516,1.652,0.50,1.60
2008.03.07 09:47:28.289,1.6516,1.652,0.50,1.60
2008.03.07 09:47:28.597,1.6516,1.652,0.50,1.60
2008.03.07 09:47:28.906,1.6516,1.6519,0.50,1.60
2008.03.07 09:47:29.214,1.65155,1.6519,0.50,1.90
2008.03.07 09:47:29.518,1.65155,1.6519,0.50,5.90
2008.03.07 09:47:29.837,1.65155,1.6519,0.50,5.60
2008.03.07 09:47:30.160,1.65155,1.6519,0.50,5.60
2008.03.07 09:47:30.383,1.65155,1.6519,0.50,1.60
2008.03.07 09:47:30.675,1.65155,1.6519,0.50,1.60
2008.03.07 09:47:30.961,1.6514,1.6519,0.50,1.60
2008.03.07 09:47:31.214,1.6514,1.6519,0.50,1.60
2008.03.07 09:47:31.506,1.6514,1.6519,0.50,1.60
2008.03.07 09:47:31.800,1.6514,1.6519,0.50,1.60
2008.03.07 09:47:32.093,1.6515,1.6519,0.50,1.60
2008.03.07 09:47:32.386,1.6515,1.6519,0.50,1.60
2008.03.07 09:47:32.654,1.6515,1.6516,0.50,0.40
2008.03.07 09:47:32.922,1.6515,1.6516,0.50,5.60
2008.03.07 09:47:33.191,1.6515,1.65155,0.50,0.40
2008.03.07 09:47:33.513,1.6515,1.65155,0.50,0.40
2008.03.07 09:47:33.794,1.651,1.65145,0.50,0.40
2008.03.07 09:47:34.081,1.6511,1.65145,0.50,0.40
2008.03.07 09:47:34.369,1.651,1.6514,0.50,1.90
2008.03.07 09:47:34.682,1.651,1.6514,0.50,1.90
2008.03.07 09:47:34.995,1.651,1.65145,0.50,0.40
2008.03.07 09:47:35.309,1.65095,1.65135,0.50,0.40
2008.03.07 09:47:35.557,1.65095,1.65135,0.50,0.40
2008.03.07 09:47:35.806,1.65095,1.65135,0.50,0.40
2008.03.07 09:47:36.055,1.65095,1.65135,0.50,0.40
2008.03.07 09:47:36.305,1.65095,1.6515,0.50,5.60
2008.03.07 09:47:36.612,1.651,1.65155,2.40,0.40
2008.03.07 09:47:36.921,1.6511,1.6517,1.80,0.40
2008.03.07 09:47:37.230,1.6512,1.6517,1.60,0.40
2008.03.07 09:47:37.534,1.6513,1.6518,1.60,0.40
2008.03.07 09:47:37.801,1.6514,1.6518,0.50,0.40
2008.03.07 09:47:38.070,1.6514,1.65195,2.00,0.40
2008.03.07 09:47:38.349,1.6514,1.6519,2.00,4.00
2008.03.07 09:47:38.627,1.6514,1.65195,2.00,0.40
2008.03.07 09:47:38.903,1.6515,1.65195,0.40,0.40
2008.03.07 09:47:39.212,1.6515,1.652,0.40,0.40
2008.03.07 09:47:39.515,1.6516,1.652,0.40,0.40
2008.03.07 09:47:39.843,1.6516,1.652,0.40,0.40
2008.03.07 09:47:40.188,1.6516,1.652,0.40,0.40
2008.03.07 09:47:40.543,1.6516,1.652,0.40,0.40
2008.03.07 09:47:40.810,1.6516,1.652,0.40,0.40
2008.03.07 09:47:41.052,1.6516,1.652,0.40,0.40
2008.03.07 09:47:41.296,1.6516,1.652,0.40,0.40
2008.03.07 09:47:41.538,1.6516,1.652,0.40,0.40
2008.03.07 09:47:41.808,1.6515,1.65175,0.50,0.40
2008.03.07 09:47:42.076,1.6513,1.65175,0.40,0.40
2008.03.07 09:47:42.344,1.6516,1.6519,0.40,4.00
2008.03.07 09:47:42.613,1.6516,1.652,0.40,1.60
2008.03.07 09:47:42.922,1.6516,1.6521,0.70,8.30
2008.03.07 09:47:43.230,1.6517,1.6521,0.70,1.90
2008.03.07 09:47:43.541,1.6517,1.6521,0.70,4.30
2008.03.07 09:47:43.790,1.6517,1.6521,0.50,8.30
2008.03.07 09:47:44.039,1.6517,1.6521,0.50,8.30
2008.03.07 09:47:44.328,1.6517,1.6521,0.50,4.30
2008.03.07 09:47:44.609,1.6517,1.6521,0.50,8.30
2008.03.07 09:47:44.897,1.6516,1.65195,0.50,0.40
2008.03.07 09:47:45.219,1.6516,1.65195,0.50,0.40
2008.03.07 09:47:45.543,1.6515,1.65205,0.50,0.40
2008.03.07 09:47:45.781,1.6515,1.652,0.50,0.40
2008.03.07 09:47:46.018,1.6515,1.652,0.50,0.40
2008.03.07 09:47:46.259,1.6515,1.65205,0.50,0.40
2008.03.07 09:47:46.530,1.6515,1.65205,0.50,0.40
2008.03.07 09:47:46.817,1.6515,1.65205,0.50,0.40
2008.03.07 09:47:47.098,1.6515,1.652,0.50,0.40
2008.03.07 09:47:47.381,1.6515,1.652,0.50,0.40
2008.03.07 09:47:47.596,1.6515,1.65195,0.50,0.40
2008.03.07 09:47:47.909,1.65145,1.65195,0.50,0.40
2008.03.07 09:47:48.223,1.65145,1.6519,0.50,0.40
2008.03.07 09:47:48.537,1.6513,1.6518,4.70,0.40
2008.03.07 09:47:48.791,1.6513,1.6518,4.40,0.40
2008.03.07 09:47:49.043,1.6513,1.6518,0.50,0.40
2008.03.07 09:47:49.295,1.6513,1.6518,0.50,0.40
2008.03.07 09:47:49.549,1.6513,1.6519,2.30,0.40
2008.03.07 09:47:49.846,1.6513,1.6518,0.70,0.40
2008.03.07 09:47:50.145,1.6514,1.6518,0.40,0.40
2008.03.07 09:47:50.443,1.6514,1.6519,0.40,0.40
2008.03.07 09:47:50.743,1.6514,1.6519,0.40,0.40
2008.03.07 09:47:51.028,1.6514,1.6519,0.40,0.40
2008.03.07 09:47:51.281,1.6514,1.6519,0.40,0.40
2008.03.07 09:47:51.534,1.6514,1.6519,0.40,0.40
2008.03.07 09:47:51.786,1.6514,1.6519,0.70,0.40
2008.03.07 09:47:52.090,1.6514,1.6519,0.70,0.40
2008.03.07 09:47:52.393,1.6514,1.6519,0.70,0.40
2008.03.07 09:47:52.695,1.6514,1.6519,0.70,0.40
2008.03.07 09:47:52.958,1.6515,1.652,0.40,1.90
2008.03.07 09:47:53.206,1.6515,1.6519,0.70,0.40
2008.03.07 09:47:53.453,1.6515,1.6519,0.70,0.40
2008.03.07 09:47:53.703,1.6515,1.652,0.50,1.60
2008.03.07 09:47:54.026,1.6515,1.65205,0.50,0.40
2008.03.07 09:47:54.350,1.6515,1.652,0.50,0.40
2008.03.07 09:47:54.673,1.6515,1.652,0.50,0.40
2008.03.07 09:47:54.997,1.6515,1.65205,0.50,0.40
2008.03.07 09:47:55.245,1.6515,1.65205,0.50,0.40
2008.03.07 09:47:55.494,1.65155,1.65205,0.50,0.40
2008.03.07 09:47:55.780,1.6516,1.6519,0.50,0.40
2008.03.07 09:47:56.091,1.6516,1.6519,0.50,0.40
2008.03.07 09:47:56.335,1.6516,1.6519,0.50,0.40
2008.03.07 09:47:56.612,1.6516,1.6519,0.50,0.40
2008.03.07 09:47:56.891,1.6516,1.6519,0.50,0.40
2008.03.07 09:47:57.148,1.6516,1.6519,0.50,0.40
2008.03.07 09:47:57.406,1.6516,1.6519,0.50,0.40
2008.03.07 09:47:57.665,1.6516,1.6519,0.50,0.40
2008.03.07 09:47:57.924,1.6514,1.6519,2.30,0.40
2008.03.07 09:47:58.222,1.6514,1.6519,2.30,0.40
2008.03.07 09:47:58.553,1.6514,1.6519,2.30,0.40
2008.03.07 09:47:58.852,1.6514,1.6519,2.30,0.40
2008.03.07 09:47:59.148,1.6514,1.6519,2.30,0.40
2008.03.07 09:47:59.406,1.6514,1.6519,2.30,0.40
2008.03.07 09:47:59.664,1.6514,1.6519,2.30,0.40
2008.03.07 09:47:59.922,1.6514,1.6519,2.30,0.40
2008.03.07 09:48:00.210,1.6514,1.6519,2.30,0.40
2008.03.07 09:48:00.508,1.6514,1.6519,2.30,0.40
2008.03.07 09:48:00.796,1.6514,1.6519,2.30,0.40
2008.03.07 09:48:01.084,1.6514,1.6519,2.30,0.40
2008.03.07 09:48:01.380,1.6514,1.6519,2.30,0.40
2008.03.07 09:48:01.609,1.6514,1.6519,2.30,0.40
2008.03.07 09:48:01.872,1.6514,1.6519,2.30,0.40
2008.03.07 09:48:02.134,1.6514,1.6519,2.30,0.40
2008.03.07 09:48:02.401,1.6514,1.6519,2.30,0.40
2008.03.07 09:48:02.668,1.6514,1.6519,2.30,0.40
2008.03.07 09:48:02.937,1.6514,1.6519,2.30,0.40
2008.03.07 09:48:03.204,1.6514,1.65195,2.30,0.40
2008.03.07 09:48:03.543,1.6515,1.65195,0.40,0.40
2008.03.07 09:48:03.810,1.6515,1.65195,0.40,0.40
2008.03.07 09:48:04.113,1.6515,1.65195,0.40,0.40
2008.03.07 09:48:04.391,1.6515,1.652,0.70,0.40
2008.03.07 09:48:04.670,1.6516,1.65205,0.40,0.40
2008.03.07 09:48:04.977,1.6515,1.652,0.50,0.40
2008.03.07 09:48:05.255,1.6515,1.65205,0.50,0.40
2008.03.07 09:48:05.538,1.6515,1.65205,0.50,0.40
2008.03.07 09:48:05.822,1.6515,1.6519,0.50,0.40
2008.03.07 09:48:06.105,1.6514,1.6519,0.50,0.40
2008.03.07 09:48:06.402,1.6514,1.6519,0.50,0.40
2008.03.07 09:48:06.727,1.6514,1.6519,0.50,0.40
2008.03.07 09:48:07.025,1.6514,1.6519,0.50,0.40
2008.03.07 09:48:07.323,1.6514,1.6519,0.50,0.40
2008.03.07 09:48:07.582,1.6514,1.6519,0.50,0.40
2008.03.07 09:48:07.839,1.6514,1.6519,0.50,0.40
2008.03.07 09:48:08.097,1.6514,1.6519,0.50,0.40
2008.03.07 09:48:08.355,1.6514,1.6519,0.50,0.40
2008.03.07 09:48:08.643,1.6514,1.6519,0.50,0.40
2008.03.07 09:48:08.931,1.6514,1.6519,0.50,0.40
2008.03.07 09:48:09.219,1.6514,1.6519,0.50,0.40
2008.03.07 09:48:09.502,1.6514,1.6519,0.50,0.40
2008.03.07 09:48:09.785,1.6514,1.6519,0.50,0.40
2008.03.07 09:48:10.093,1.6514,1.6519,0.50,0.40
2008.03.07 09:48:10.408,1.6514,1.6519,0.50,0.40
2008.03.07 09:48:10.668,1.6514,1.6519,0.70,0.40
2008.03.07 09:48:10.961,1.6514,1.6519,0.70,0.40
2008.03.07 09:48:11.254,1.6514,1.6519,0.70,1.60
2008.03.07 09:48:11.506,1.6514,1.6519,0.70,1.60
2008.03.07 09:48:11.763,1.6514,1.6519,0.70,1.60
2008.03.07 09:48:12.015,1.6514,1.6519,0.70,1.60
2008.03.07 09:48:12.269,1.6514,1.6519,0.70,1.60
2008.03.07 09:48:12.557,1.6514,1.6519,0.70,1.60
2008.03.07 09:48:12.844,1.6514,1.6519,0.70,1.60
2008.03.07 09:48:13.132,1.6514,1.6519,0.70,1.60
2008.03.07 09:48:13.420,1.6514,1.6519,0.70,1.60
2008.03.07 09:48:13.717,1.6514,1.6519,0.70,1.60
2008.03.07 09:48:14.033,1.6514,1.6519,0.70,1.60
2008.03.07 09:48:14.281,1.6514,1.6519,0.70,1.60
2008.03.07 09:48:14.565,1.6514,1.6519,0.70,1.60
2008.03.07 09:48:14.863,1.6514,1.6519,0.70,1.60
2008.03.07 09:48:15.161,1.6514,1.6519,0.70,1.60
2008.03.07 09:48:15.496,1.6515,1.6519,0.40,1.60
2008.03.07 09:48:15.721,1.6515,1.6519,0.40,8.30
2008.03.07 09:48:15.979,1.6515,1.6519,0.40,8.30
2008.03.07 09:48:16.236,1.6514,1.6519,0.40,8.30
2008.03.07 09:48:16.495,1.6514,1.6519,0.40,4.30
2008.03.07 09:48:16.768,1.6514,1.6519,0.40,4.30
2008.03.07 09:48:17.041,1.6514,1.6519,0.40,4.30
2008.03.07 09:48:17.315,1.6514,1.6519,0.40,4.30
2008.03.07 09:48:17.588,1.6514,1.6519,0.40,4.00
2008.03.07 09:48:17.867,1.6514,1.6519,0.40,1.60
2008.03.07 09:48:18.146,1.6514,1.6519,0.40,1.60
2008.03.07 09:48:18.425,1.6514,1.6519,0.40,4.30
2008.03.07 09:48:18.689,1.6514,1.6519,0.40,4.30
2008.03.07 09:48:18.953,1.6514,1.6519,0.40,4.30
2008.03.07 09:48:19.233,1.6514,1.6519,0.40,1.60
2008.03.07 09:48:19.532,1.6515,1.6519,0.40,1.60
2008.03.07 09:48:19.829,1.6515,1.6519,0.40,1.60
2008.03.07 09:48:20.126,1.6514,1.6519,0.50,1.60
2008.03.07 09:48:20.424,1.6514,1.6519,0.50,1.60
2008.03.07 09:48:20.722,1.6513,1.6519,0.60,1.60
2008.03.07 09:48:20.985,1.6513,1.6519,0.60,1.60
2008.03.07 09:48:21.248,1.6513,1.6519,0.60,1.60
2008.03.07 09:48:21.520,1.6513,1.6519,0.60,1.60
2008.03.07 09:48:21.803,1.6513,1.6519,0.60,1.60
2008.03.07 09:48:22.085,1.6513,1.6519,0.60,1.60
2008.03.07 09:48:22.369,1.6513,1.6519,0.60,1.60
2008.03.07 09:48:22.651,1.6513,1.6519,0.60,1.60
2008.03.07 09:48:22.919,1.6513,1.6519,0.60,1.60
2008.03.07 09:48:23.188,1.6513,1.6519,0.60,1.60
2008.03.07 09:48:23.457,1.6513,1.6519,0.60,1.90
2008.03.07 09:48:23.724,1.6513,1.6519,0.60,1.90
2008.03.07 09:48:23.992,1.6513,1.6519,0.60,1.90
2008.03.07 09:48:24.260,1.6513,1.6519,0.60,1.90
2008.03.07 09:48:24.528,1.6513,1.6519,0.60,1.90
2008.03.07 09:48:24.795,1.6513,1.6519,0.60,1.90
2008.03.07 09:48:25.126,1.6513,1.6519,4.50,1.90
2008.03.07 09:48:25.449,1.6513,1.6519,4.50,1.90
2008.03.07 09:48:25.772,1.6513,1.6519,4.50,1.90
2008.03.07 09:48:26.005,1.6513,1.6519,4.50,1.90
2008.03.07 09:48:26.239,1.6513,1.6519,4.50,1.90
2008.03.07 09:48:26.473,1.6513,1.6519,6.10,0.40
2008.03.07 09:48:26.708,1.6513,1.6519,6.10,0.40
2008.03.07 09:48:27.016,1.6513,1.6519,6.10,0.40
2008.03.07 09:48:27.326,1.6513,1.6519,6.10,0.40
2008.03.07 09:48:27.632,1.6513,1.6519,6.10,0.40
2008.03.07 09:48:27.901,1.6513,1.6519,6.10,0.40
2008.03.07 09:48:28.169,1.6513,1.6519,6.10,0.40
2008.03.07 09:48:28.437,1.6513,1.6519,6.10,0.40
2008.03.07 09:48:28.705,1.6513,1.6519,6.10,0.40
2008.03.07 09:48:29.013,1.6513,1.6519,6.10,0.40
2008.03.07 09:48:29.336,1.6513,1.6519,6.10,0.40
2008.03.07 09:48:29.628,1.6513,1.6519,6.10,0.40
2008.03.07 09:48:29.921,1.6513,1.6519,6.10,0.40
2008.03.07 09:48:30.189,1.6513,1.6519,6.10,0.40
2008.03.07 09:48:30.457,1.6513,1.6519,6.10,0.40
2008.03.07 09:48:30.724,1.6513,1.6519,6.10,0.40
2008.03.07 09:48:31.007,1.6513,1.6519,6.10,0.40
2008.03.07 09:48:31.290,1.6513,1.6519,6.10,0.40
2008.03.07 09:48:31.573,1.6513,1.6519,6.10,0.40
2008.03.07 09:48:31.873,1.6513,1.6519,6.10,0.40
2008.03.07 09:48:32.141,1.6513,1.6519,6.10,0.40
2008.03.07 09:48:32.409,1.6513,1.6519,6.10,0.40
2008.03.07 09:48:32.678,1.6513,1.6519,6.10,0.40
2008.03.07 09:48:32.956,1.6513,1.6519,6.10,0.40
2008.03.07 09:48:33.235,1.6513,1.6519,6.10,0.40
2008.03.07 09:48:33.512,1.6513,1.6519,6.10,0.40
2008.03.07 09:48:33.791,1.6513,1.6519,6.10,0.40
2008.03.07 09:48:34.114,1.6513,1.6519,6.10,0.40
2008.03.07 09:48:34.459,1.6513,1.6519,6.10,0.40
2008.03.07 09:48:34.741,1.6514,1.652,0.20,4.00
2008.03.07 09:48:34.989,1.6514,1.652,0.20,1.60
2008.03.07 09:48:35.236,1.6514,1.652,0.20,1.60
2008.03.07 09:48:35.484,1.6514,1.652,0.20,1.60
2008.03.07 09:48:35.732,1.6514,1.652,0.60,1.60
2008.03.07 09:48:36.041,1.6513,1.6519,2.70,1.90
2008.03.07 09:48:36.350,1.6514,1.6519,0.20,1.60
2008.03.07 09:48:36.659,1.6514,1.65205,4.20,0.40
2008.03.07 09:48:36.967,1.6513,1.6519,4.30,0.40
2008.03.07 09:48:37.220,1.6513,1.6519,4.30,0.40
2008.03.07 09:48:37.474,1.6513,1.6519,4.30,0.40
2008.03.07 09:48:37.727,1.6513,1.6519,4.30,0.40
2008.03.07 09:48:38.010,1.6514,1.6519,4.00,2.40
2008.03.07 09:48:38.368,1.6513,1.6519,6.10,2.40
2008.03.07 09:48:38.702,1.6513,1.6519,6.10,2.40
2008.03.07 09:48:39.015,1.6513,1.6519,2.10,2.40
2008.03.07 09:48:39.284,1.6513,1.6519,2.10,6.40
2008.03.07 09:48:39.552,1.6513,1.6519,0.60,5.60
2008.03.07 09:48:39.820,1.65125,1.6519,0.20,1.90
2008.03.07 09:48:40.063,1.65125,1.6519,0.20,1.90
2008.03.07 09:48:40.313,1.65125,1.6519,0.20,1.90
2008.03.07 09:48:40.556,1.65125,1.6519,0.20,1.90
2008.03.07 09:48:40.829,1.65125,1.6519,0.20,1.90
2008.03.07 09:48:41.135,1.65125,1.6519,0.20,1.90
2008.03.07 09:48:41.443,1.65115,1.6518,0.20,0.40
2008.03.07 09:48:41.750,1.65115,1.6518,0.20,0.40
2008.03.07 09:48:42.058,1.65115,1.6518,0.20,1.90
2008.03.07 09:48:42.326,1.65115,1.6518,0.20,1.90
2008.03.07 09:48:42.594,1.6513,1.6518,0.40,1.60
2008.03.07 09:48:42.863,1.6513,1.6518,0.40,1.60
2008.03.07 09:48:43.136,1.6514,1.6518,0.40,1.60
2008.03.07 09:48:43.409,1.6514,1.6518,0.40,1.60
2008.03.07 09:48:43.682,1.6514,1.6518,0.40,1.60
2008.03.07 09:48:43.991,1.6514,1.6518,0.40,1.60
2008.03.07 09:48:44.280,1.6514,1.6518,0.40,1.60
2008.03.07 09:48:44.603,1.6514,1.6518,0.40,1.60
2008.03.07 09:48:44.924,1.6514,1.6518,0.40,1.60
2008.03.07 09:48:45.153,1.6514,1.6519,0.40,5.90
2008.03.07 09:48:45.417,1.6513,1.6519,0.60,5.90
2008.03.07 09:48:45.644,1.6513,1.65185,0.40,0.40
2008.03.07 09:48:45.872,1.6513,1.65185,0.40,0.40
2008.03.07 09:48:46.165,1.6513,1.65185,0.40,0.40
2008.03.07 09:48:46.457,1.6513,1.65185,0.40,0.40
2008.03.07 09:48:46.750,1.6513,1.65185,0.40,0.40
2008.03.07 09:48:47.042,1.6513,1.65185,0.40,0.40
2008.03.07 09:48:47.310,1.6513,1.65185,0.40,0.40
2008.03.07 09:48:47.578,1.6513,1.65185,0.40,0.40
2008.03.07 09:48:47.846,1.6513,1.65185,0.40,0.40
2008.03.07 09:48:48.113,1.6513,1.65185,0.40,0.40
2008.03.07 09:48:48.371,1.6513,1.65185,0.40,0.40
2008.03.07 09:48:48.629,1.6513,1.65185,0.40,0.40
2008.03.07 09:48:48.900,1.6513,1.65185,0.40,0.40
2008.03.07 09:48:49.196,1.6513,1.6519,0.60,1.90
2008.03.07 09:48:49.477,1.6514,1.6519,0.40,1.90
2008.03.07 09:48:49.795,1.6514,1.6519,0.40,1.90
2008.03.07 09:48:50.112,1.6514,1.6519,0.40,1.90
2008.03.07 09:48:50.370,1.6514,1.65185,0.40,0.40
2008.03.07 09:48:50.628,1.6513,1.65185,0.40,0.40
2008.03.07 09:48:50.885,1.6513,1.65185,0.40,0.40
2008.03.07 09:48:51.146,1.6513,1.6519,0.60,1.90
2008.03.07 09:48:51.467,1.6514,1.6518,0.40,0.40
2008.03.07 09:48:51.775,1.6514,1.6518,0.40,0.40
2008.03.07 09:48:52.082,1.6513,1.6518,0.40,0.40
2008.03.07 09:48:52.379,1.6513,1.6518,0.40,1.90
2008.03.07 09:48:52.666,1.6513,1.6518,0.40,1.90
2008.03.07 09:48:52.885,1.6513,1.6518,0.40,1.90
2008.03.07 09:48:53.138,1.6513,1.6518,0.40,1.90
2008.03.07 09:48:53.431,1.6513,1.6518,0.40,1.90
2008.03.07 09:48:53.735,1.6513,1.6518,0.40,1.90
2008.03.07 09:48:54.028,1.6513,1.6518,0.40,1.90
2008.03.07 09:48:54.322,1.6513,1.6518,0.40,1.90
2008.03.07 09:48:54.635,1.6513,1.6518,0.40,1.90
2008.03.07 09:48:54.948,1.6513,1.6518,0.40,1.90
2008.03.07 09:48:55.261,1.6513,1.6518,0.40,1.90
2008.03.07 09:48:55.503,1.6513,1.6518,0.40,1.90
2008.03.07 09:48:55.746,1.6513,1.6518,0.40,1.90
2008.03.07 09:48:55.988,1.6513,1.6518,0.40,1.90
2008.03.07 09:48:56.231,1.6513,1.6518,0.40,1.90
2008.03.07 09:48:56.528,1.6513,1.6518,0.40,1.90
2008.03.07 09:48:56.826,1.6513,1.6518,0.40,1.90
2008.03.07 09:48:57.158,1.6513,1.6518,0.40,1.90
2008.03.07 09:48:57.466,1.6513,1.6518,0.40,1.90
2008.03.07 09:48:57.709,1.6513,1.6518,0.40,1.90
2008.03.07 09:48:57.951,1.6513,1.6518,0.40,1.90
2008.03.07 09:48:58.193,1.6513,1.6518,0.40,1.90
2008.03.07 09:48:58.495,1.6513,1.6518,0.40,1.90
2008.03.07 09:48:58.821,1.6513,1.6518,0.40,1.90
2008.03.07 09:48:59.115,1.6513,1.6518,0.40,1.90
2008.03.07 09:48:59.408,1.6513,1.6518,0.40,1.90
2008.03.07 09:48:59.716,1.6513,1.6518,0.40,1.90
2008.03.07 09:49:00.024,1.6513,1.6518,0.40,1.90
2008.03.07 09:49:00.332,1.6513,1.6518,0.40,1.90
2008.03.07 09:49:00.577,1.6511,1.65175,2.10,0.40
2008.03.07 09:49:00.819,1.6511,1.65175,2.10,0.40
2008.03.07 09:49:01.062,1.6511,1.65175,2.10,0.40
2008.03.07 09:49:01.338,1.6511,1.65175,2.10,0.40
2008.03.07 09:49:01.596,1.651,1.6516,0.40,1.90
2008.03.07 09:49:01.890,1.651,1.6516,0.40,1.90
2008.03.07 09:49:02.184,1.651,1.6516,0.40,1.90
2008.03.07 09:49:02.477,1.651,1.6516,0.40,1.90
2008.03.07 09:49:02.744,1.651,1.6516,0.40,1.90
2008.03.07 09:49:03.012,1.651,1.6516,0.40,1.90
2008.03.07 09:49:03.282,1.65105,1.6517,0.20,4.30
2008.03.07 09:49:03.571,1.6511,1.6517,0.40,0.40
2008.03.07 09:49:03.863,1.65115,1.6518,0.20,1.90
2008.03.07 09:49:04.160,1.6513,1.6518,0.40,1.90
2008.03.07 09:49:04.449,1.6513,1.65175,0.40,0.40
2008.03.07 09:49:04.812,1.65115,1.6518,0.20,1.90
2008.03.07 09:49:05.137,1.6513,1.6518,0.40,1.90
2008.03.07 09:49:05.465,1.6513,1.6518,0.40,1.90
2008.03.07 09:49:05.703,1.6513,1.6517,0.40,1.90
2008.03.07 09:49:05.942,1.6511,1.6517,1.90,0.40
2008.03.07 09:49:06.180,1.6511,1.6517,0.40,0.40
2008.03.07 09:49:06.419,1.6511,1.6517,0.40,0.40
2008.03.07 09:49:06.708,1.6511,1.6517,1.90,0.40
2008.03.07 09:49:06.999,1.65105,1.6517,0.20,0.40
2008.03.07 09:49:07.319,1.65125,1.6518,0.20,1.60
2008.03.07 09:49:07.567,1.65125,1.6519,0.20,5.90
2008.03.07 09:49:07.849,1.65125,1.6518,0.20,1.60
2008.03.07 09:49:08.097,1.6513,1.6517,0.40,0.40
2008.03.07 09:49:08.345,1.6511,1.6517,0.40,1.90
2008.03.07 09:49:08.654,1.6511,1.6517,0.40,1.90
2008.03.07 09:49:08.962,1.6511,1.6517,0.40,1.90
2008.03.07 09:49:09.269,1.6511,1.6517,0.40,1.90
2008.03.07 09:49:09.578,1.651,1.6516,1.90,0.40
2008.03.07 09:49:09.845,1.651,1.6516,1.90,0.40
2008.03.07 09:49:10.113,1.651,1.6516,1.90,0.40
2008.03.07 09:49:10.382,1.651,1.6516,1.90,0.40
2008.03.07 09:49:10.661,1.651,1.65165,2.10,0.40
2008.03.07 09:49:10.938,1.6511,1.6517,0.20,1.90
2008.03.07 09:49:11.216,1.6511,1.65165,2.40,0.40
2008.03.07 09:49:11.496,1.65105,1.65165,0.20,0.40
2008.03.07 09:49:11.789,1.6511,1.6517,0.20,5.90
2008.03.07 09:49:12.082,1.6512,1.6517,0.40,1.90
2008.03.07 09:49:12.376,1.6512,1.6517,0.40,1.90
2008.03.07 09:49:12.668,1.6512,1.6517,0.40,1.90
2008.03.07 09:49:12.893,1.6512,1.6517,0.40,1.60
2008.03.07 09:49:13.152,1.6513,1.6517,0.40,1.60
2008.03.07 09:49:13.409,1.6513,1.6517,0.40,1.60
2008.03.07 09:49:13.692,1.6513,1.65175,0.40,0.40
2008.03.07 09:49:13.975,1.6513,1.6517,0.40,0.40
2008.03.07 09:49:14.259,1.6512,1.6517,0.40,0.40
2008.03.07 09:49:14.543,1.6512,1.6517,0.40,0.40
2008.03.07 09:49:14.861,1.6512,1.65175,0.40,0.40
2008.03.07 09:49:15.163,1.6513,1.65175,0.40,0.40
2008.03.07 09:49:15.466,1.6513,1.6518,0.40,5.60
2008.03.07 09:49:15.771,1.6513,1.65175,0.40,4.00
2008.03.07 09:49:16.030,1.6513,1.6517,0.40,4.00
2008.03.07 09:49:16.289,1.6513,1.65175,0.40,4.00
2008.03.07 09:49:16.546,1.6513,1.65175,0.40,4.00
2008.03.07 09:49:16.844,1.6513,1.65175,0.40,4.00
2008.03.07 09:49:17.142,1.6513,1.65175,0.40,4.00
2008.03.07 09:49:17.439,1.6513,1.65175,0.40,4.00
2008.03.07 09:49:17.737,1.6513,1.65175,0.40,4.00
2008.03.07 09:49:17.974,1.6513,1.65175,0.40,4.00
2008.03.07 09:49:18.216,1.6513,1.65175,0.40,4.00
2008.03.07 09:49:18.454,1.6513,1.65175,0.40,4.00
2008.03.07 09:49:18.692,1.6513,1.65175,0.40,4.00
2008.03.07 09:49:19.010,1.6513,1.65175,0.40,4.00
2008.03.07 09:49:19.328,1.6513,1.65175,0.40,4.00
2008.03.07 09:49:19.647,1.65135,1.6518,4.00,5.60
2008.03.07 09:49:19.931,1.6514,1.6518,0.40,5.60
2008.03.07 09:49:20.227,1.6514,1.6518,0.40,5.60
2008.03.07 09:49:20.545,1.6514,1.6518,0.40,4.30
2008.03.07 09:49:20.796,1.6514,1.65175,0.40,4.00
2008.03.07 09:49:21.059,1.6513,1.65175,0.40,4.00
2008.03.07 09:49:21.322,1.6513,1.65175,0.40,4.00
2008.03.07 09:49:21.585,1.6513,1.65175,0.40,4.00
2008.03.07 09:49:21.857,1.6513,1.65175,0.40,4.00
2008.03.07 09:49:22.158,1.6513,1.65175,0.40,4.00
2008.03.07 09:49:22.463,1.6513,1.65175,0.40,4.00
2008.03.07 09:49:22.704,1.6513,1.65175,0.40,4.00
2008.03.07 09:49:22.991,1.6513,1.65175,0.40,4.00
2008.03.07 09:49:23.279,1.6513,1.65175,0.40,4.00
2008.03.07 09:49:23.567,1.6513,1.65175,0.40,4.00
2008.03.07 09:49:23.855,1.6513,1.65175,0.40,4.00
2008.03.07 09:49:24.113,1.6513,1.65175,0.40,4.00
2008.03.07 09:49:24.371,1.6513,1.65175,0.40,4.00
2008.03.07 09:49:24.629,1.6513,1.65175,0.40,4.00
2008.03.07 09:49:24.887,1.6513,1.65175,0.40,4.00
2008.03.07 09:49:25.205,1.6513,1.65175,0.40,4.00
2008.03.07 09:49:25.524,1.6513,1.65175,0.40,4.00
2008.03.07 09:49:25.841,1.6513,1.65175,0.40,4.00
2008.03.07 09:49:26.080,1.6513,1.65175,0.40,4.00
2008.03.07 09:49:26.345,1.6513,1.65175,0.40,4.00
2008.03.07 09:49:26.614,1.6513,1.65175,0.40,4.00
2008.03.07 09:49:26.853,1.6513,1.65175,0.40,4.00
2008.03.07 09:49:27.165,1.6513,1.65175,0.40,4.00
2008.03.07 09:49:27.478,1.6513,1.65175,0.40,4.00
2008.03.07 09:49:27.790,1.6513,1.65175,0.40,4.00
2008.03.07 09:49:28.034,1.6513,1.65175,0.40,4.00
2008.03.07 09:49:28.277,1.6513,1.65175,0.40,4.00
2008.03.07 09:49:28.520,1.6513,1.65175,0.40,4.00
2008.03.07 09:49:28.764,1.6513,1.65175,0.40,4.00
2008.03.07 09:49:29.096,1.6513,1.65175,0.40,4.00
2008.03.07 09:49:29.429,1.6513,1.65175,0.40,4.00
2008.03.07 09:49:29.763,1.6513,1.6518,4.30,6.40
2008.03.07 09:49:30.002,1.6514,1.6518,0.40,4.00
2008.03.07 09:49:30.262,1.6514,1.65185,0.40,4.00
2008.03.07 09:49:30.536,1.65145,1.65185,0.20,4.00
2008.03.07 09:49:30.774,1.6515,1.652,4.00,4.00
2008.03.07 09:49:31.082,1.6515,1.652,4.00,9.90
2008.03.07 09:49:31.391,1.65145,1.65195,4.00,4.00
2008.03.07 09:49:31.736,1.6515,1.65195,0.40,4.00
2008.03.07 09:49:32.008,1.6513,1.65175,4.30,4.00
2008.03.07 09:49:32.277,1.6513,1.65175,1.90,4.00
2008.03.07 09:49:32.545,1.6513,1.65175,1.90,4.00
2008.03.07 09:49:32.813,1.6513,1.65175,0.40,4.00
2008.03.07 09:49:33.105,1.6513,1.65175,4.30,4.00
2008.03.07 09:49:33.360,1.6514,1.65175,0.40,4.00
2008.03.07 09:49:33.612,1.6514,1.6518,0.40,4.00
2008.03.07 09:49:33.865,1.6514,1.65185,0.40,4.30
2008.03.07 09:49:34.178,1.6514,1.6518,0.40,4.00
2008.03.07 09:49:34.491,1.6514,1.65185,0.40,4.30
2008.03.07 09:49:34.803,1.6514,1.6518,0.40,4.00
2008.03.07 09:49:35.117,1.6514,1.6518,0.40,4.00
2008.03.07 09:49:35.380,1.6514,1.6518,0.40,4.00
2008.03.07 09:49:35.662,1.6515,1.6519,0.40,8.00
2008.03.07 09:49:35.960,1.6515,1.65155,0.40,0.40
2008.03.07 09:49:36.262,1.65135,1.65155,4.00,0.40
2008.03.07 09:49:36.561,1.6512,1.6515,0.40,4.00
2008.03.07 09:49:36.794,1.6512,1.6515,0.40,4.00
2008.03.07 09:49:37.062,1.6512,1.6516,0.40,4.00
2008.03.07 09:49:37.360,1.6512,1.6516,0.40,4.00
2008.03.07 09:49:37.658,1.6512,1.6516,0.40,4.00
2008.03.07 09:49:37.956,1.6512,1.6516,0.40,4.00
2008.03.07 09:49:38.209,1.6512,1.65155,0.40,4.00
2008.03.07 09:49:38.462,1.6512,1.65155,0.40,4.00
2008.03.07 09:49:38.716,1.6512,1.65155,0.40,4.00
2008.03.07 09:49:38.969,1.6512,1.65165,0.40,4.00
2008.03.07 09:49:39.292,1.6512,1.65165,0.40,4.00
2008.03.07 09:49:39.615,1.6512,1.65165,0.40,4.00
2008.03.07 09:49:39.939,1.6512,1.65165,0.40,4.00
2008.03.07 09:49:40.167,1.6512,1.65165,1.90,4.00
2008.03.07 09:49:40.395,1.65125,1.65175,4.00,4.00
2008.03.07 09:49:40.623,1.6513,1.65175,0.40,4.00
2008.03.07 09:49:40.850,1.6513,1.65175,0.40,4.00
2008.03.07 09:49:41.078,1.6513,1.65175,0.40,4.00
2008.03.07 09:49:41.434,1.6513,1.65175,0.40,4.00
2008.03.07 09:49:41.757,1.6513,1.65175,0.40,4.00
2008.03.07 09:49:42.079,1.6513,1.65175,0.40,4.00
2008.03.07 09:49:42.324,1.6513,1.65175,0.40,4.00
2008.03.07 09:49:42.566,1.6513,1.65175,0.40,4.00
2008.03.07 09:49:42.809,1.6513,1.65175,0.40,4.00
2008.03.07 09:49:43.051,1.6513,1.65175,0.40,4.00
2008.03.07 09:49:43.381,1.65125,1.6517,4.00,1.90
2008.03.07 09:49:43.688,1.6512,1.65165,0.40,4.30
2008.03.07 09:49:43.997,1.65115,1.65165,4.00,4.30
2008.03.07 09:49:44.295,1.6511,1.6516,4.30,5.60
2008.03.07 09:49:44.598,1.6511,1.6516,4.30,5.60
2008.03.07 09:49:44.880,1.6511,1.6515,4.30,1.60
2008.03.07 09:49:45.158,1.651,1.6515,4.30,5.60
2008.03.07 09:49:45.467,1.651,1.6515,4.30,5.60
2008.03.07 09:49:45.775,1.651,1.6515,4.30,5.90
2008.03.07 09:49:46.083,1.651,1.6514,0.40,4.00
2008.03.07 09:49:46.348,1.651,1.6514,0.40,4.00
2008.03.07 09:49:46.548,1.6511,1.6514,0.40,4.00
2008.03.07 09:49:46.782,1.6511,1.6514,0.40,4.00
2008.03.07 09:49:47.015,1.6511,1.6515,0.40,4.30
2008.03.07 09:49:47.248,1.6511,1.6515,0.40,4.30
2008.03.07 09:49:47.561,1.6511,1.6515,0.40,4.00
2008.03.07 09:49:47.875,1.6511,1.6515,0.40,4.00
2008.03.07 09:49:48.189,1.6511,1.6515,0.40,4.00
2008.03.07 09:49:48.426,1.6511,1.6515,0.40,4.00
2008.03.07 09:49:48.666,1.6512,1.6515,0.40,4.00
2008.03.07 09:49:48.904,1.6512,1.65155,0.40,4.00
2008.03.07 09:49:49.142,1.6512,1.65155,0.40,4.00
2008.03.07 09:49:49.475,1.6512,1.65155,0.40,4.00
2008.03.07 09:49:49.808,1.6512,1.65155,0.40,4.00
2008.03.07 09:49:50.140,1.6512,1.65155,0.40,4.00
2008.03.07 09:49:50.379,1.6512,1.65155,0.40,4.00
2008.03.07 09:49:50.617,1.6512,1.6516,0.40,4.00
2008.03.07 09:49:50.856,1.6513,1.6516,0.40,4.00
2008.03.07 09:49:51.094,1.6513,1.65165,0.40,4.00
2008.03.07 09:49:51.332,1.6513,1.65165,0.40,4.30
2008.03.07 09:49:51.626,1.6512,1.65155,0.40,4.00
2008.03.07 09:49:51.950,1.6512,1.65155,0.40,4.00
2008.03.07 09:49:52.279,1.6512,1.65155,0.40,4.00
2008.03.07 09:49:52.555,1.6512,1.65155,0.40,4.00
2008.03.07 09:49:52.832,1.6512,1.65165,0.40,4.00
2008.03.07 09:49:53.111,1.6512,1.65165,0.40,4.00
2008.03.07 09:49:53.387,1.6512,1.65165,0.40,4.00
2008.03.07 09:49:53.700,1.6512,1.65165,0.40,4.00
2008.03.07 09:49:54.012,1.6512,1.65165,0.40,4.00
2008.03.07 09:49:54.326,1.6512,1.65165,0.40,4.00
2008.03.07 09:49:54.589,1.6512,1.65165,0.40,4.00
2008.03.07 09:49:54.852,1.6512,1.65165,0.40,4.00
2008.03.07 09:49:55.127,1.6512,1.65165,0.40,4.30
2008.03.07 09:49:55.390,1.6512,1.65155,0.40,4.00
2008.03.07 09:49:55.684,1.6512,1.65155,0.40,4.00
2008.03.07 09:49:55.977,1.6512,1.65155,0.40,4.00
2008.03.07 09:49:56.270,1.6512,1.65155,0.40,4.00
2008.03.07 09:49:56.563,1.6512,1.65155,0.40,4.00
2008.03.07 09:49:56.864,1.6512,1.65155,0.40,4.00
2008.03.07 09:49:57.131,1.6512,1.65155,0.40,4.00
2008.03.07 09:49:57.401,1.6512,1.65155,0.40,4.00
2008.03.07 09:49:57.679,1.6512,1.65155,0.40,4.00
2008.03.07 09:49:57.957,1.6512,1.65155,0.40,4.00
2008.03.07 09:49:58.234,1.6512,1.65165,0.40,4.00
2008.03.07 09:49:58.513,1.6512,1.65165,0.40,4.00
2008.03.07 09:49:58.801,1.6512,1.65165,0.40,4.00
2008.03.07 09:49:59.091,1.6512,1.65165,0.40,4.00
2008.03.07 09:49:59.414,1.6512,1.65165,0.40,4.00
2008.03.07 09:49:59.691,1.6512,1.65165,0.40,4.00
2008.03.07 09:49:59.968,1.6512,1.65165,0.40,4.00
2008.03.07 09:50:00.246,1.6512,1.65165,0.40,4.00
2008.03.07 09:50:00.525,1.6512,1.65165,0.40,4.00
2008.03.07 09:50:00.808,1.6512,1.6516,0.40,4.00
2008.03.07 09:50:01.092,1.6512,1.6516,0.40,4.00
2008.03.07 09:50:01.375,1.6512,1.6516,0.40,4.00
2008.03.07 09:50:01.665,1.6512,1.6516,0.40,4.00
2008.03.07 09:50:01.923,1.6512,1.6516,0.40,4.00
2008.03.07 09:50:02.183,1.6512,1.6516,0.40,5.60
2008.03.07 09:50:02.442,1.6512,1.6516,0.40,5.60
2008.03.07 09:50:02.711,1.6512,1.6516,0.40,4.00
2008.03.07 09:50:02.982,1.6513,1.65165,0.40,4.00
2008.03.07 09:50:03.282,1.6513,1.65175,0.40,4.00
2008.03.07 09:50:03.550,1.6513,1.65175,0.40,4.00
2008.03.07 09:50:03.839,1.6513,1.65175,0.40,4.00
2008.03.07 09:50:04.126,1.6513,1.65175,0.40,4.00
2008.03.07 09:50:04.414,1.6513,1.65175,0.40,4.00
2008.03.07 09:50:04.702,1.6513,1.65175,0.40,4.00
2008.03.07 09:50:04.999,1.6513,1.65175,0.40,4.00
2008.03.07 09:50:05.298,1.6513,1.65175,0.40,4.00
2008.03.07 09:50:05.597,1.6513,1.65175,0.40,4.00
2008.03.07 09:50:05.860,1.6513,1.65175,0.40,4.00
2008.03.07 09:50:06.123,1.6513,1.65175,0.40,4.00
2008.03.07 09:50:06.385,1.6513,1.65175,0.40,4.00
2008.03.07 09:50:06.649,1.6513,1.65175,0.40,4.00
2008.03.07 09:50:06.934,1.6513,1.65175,0.40,4.00
2008.03.07 09:50:07.211,1.6513,1.65175,0.40,4.00
2008.03.07 09:50:07.524,1.6513,1.65175,0.40,4.00
2008.03.07 09:50:07.773,1.6513,1.65175,0.40,4.00
2008.03.07 09:50:08.056,1.6513,1.65175,0.40,4.00
2008.03.07 09:50:08.339,1.6513,1.65175,0.40,4.00
2008.03.07 09:50:08.622,1.6513,1.65175,0.40,4.00
2008.03.07 09:50:08.890,1.6513,1.65175,0.40,4.00
2008.03.07 09:50:09.158,1.6513,1.6517,0.40,1.60
2008.03.07 09:50:09.426,1.6513,1.65165,0.40,4.00
2008.03.07 09:50:09.695,1.6513,1.65165,0.40,4.00
2008.03.07 09:50:10.003,1.6513,1.65165,0.40,4.00
2008.03.07 09:50:10.315,1.6513,1.65165,0.40,4.00
2008.03.07 09:50:10.657,1.6513,1.65165,0.40,4.00
2008.03.07 09:50:10.944,1.6513,1.6517,0.40,5.60
2008.03.07 09:50:11.197,1.6513,1.6517,0.40,5.60
2008.03.07 09:50:11.450,1.6513,1.6517,0.40,5.60
2008.03.07 09:50:11.703,1.6513,1.6517,0.40,5.60
2008.03.07 09:50:12.007,1.6513,1.6517,0.40,5.60
2008.03.07 09:50:12.309,1.6513,1.6517,0.40,5.60
2008.03.07 09:50:12.631,1.6513,1.6517,0.40,5.60
2008.03.07 09:50:12.904,1.6513,1.6517,0.40,5.60
2008.03.07 09:50:13.176,1.6513,1.6517,0.40,5.60
2008.03.07 09:50:13.449,1.6513,1.6517,0.40,5.60
2008.03.07 09:50:13.722,1.6513,1.6517,0.40,5.60
2008.03.07 09:50:13.995,1.6513,1.6517,0.40,5.60
2008.03.07 09:50:14.268,1.6513,1.6517,0.40,5.60
2008.03.07 09:50:14.540,1.6513,1.65165,0.40,4.00
2008.03.07 09:50:14.813,1.6513,1.65165,0.40,4.00
2008.03.07 09:50:15.159,1.6513,1.65165,0.40,4.00
2008.03.07 09:50:15.471,1.6513,1.65165,0.40,4.00
2008.03.07 09:50:15.784,1.6513,1.65165,0.40,4.00
2008.03.07 09:50:16.037,1.6513,1.65165,0.40,4.00
2008.03.07 09:50:16.290,1.6513,1.65165,0.40,4.00
2008.03.07 09:50:16.543,1.6513,1.65165,0.40,4.00
2008.03.07 09:50:16.796,1.6513,1.65165,0.40,4.00
2008.03.07 09:50:17.078,1.6513,1.65165,0.40,4.00
2008.03.07 09:50:17.361,1.6513,1.65165,0.40,4.00
2008.03.07 09:50:17.644,1.6513,1.65165,0.40,4.00
2008.03.07 09:50:17.927,1.6513,1.65165,0.40,4.00
2008.03.07 09:50:18.194,1.6513,1.65165,0.40,4.00
2008.03.07 09:50:18.462,1.6513,1.65165,0.40,4.00
2008.03.07 09:50:18.731,1.6513,1.65165,0.40,4.00
2008.03.07 09:50:19.027,1.6513,1.65165,0.40,4.00
2008.03.07 09:50:19.392,1.6513,1.65165,0.40,4.00
2008.03.07 09:50:19.762,1.6513,1.65165,0.40,4.00
2008.03.07 09:50:20.095,1.6513,1.65165,0.40,4.00
2008.03.07 09:50:20.332,1.6513,1.6516,0.40,1.90
2008.03.07 09:50:20.570,1.6512,1.6516,0.40,1.60
2008.03.07 09:50:20.809,1.6512,1.6515,0.40,4.00
2008.03.07 09:50:21.046,1.6512,1.6516,0.40,4.00
2008.03.07 09:50:21.340,1.6513,1.65165,0.40,4.00
2008.03.07 09:50:21.632,1.6513,1.65165,0.40,4.00
2008.03.07 09:50:21.926,1.6513,1.65165,0.40,4.00
2008.03.07 09:50:22.227,1.6513,1.65165,0.40,4.00
2008.03.07 09:50:22.495,1.6513,1.65165,0.40,4.00
2008.03.07 09:50:22.762,1.6513,1.65165,0.40,4.00
2008.03.07 09:50:23.030,1.6513,1.65165,0.40,4.00
2008.03.07 09:50:23.313,1.6513,1.65165,0.40,4.00
2008.03.07 09:50:23.596,1.6513,1.65165,0.40,4.00
2008.03.07 09:50:23.879,1.6513,1.65165,0.40,4.00
2008.03.07 09:50:24.174,1.6513,1.65165,0.40,4.00
2008.03.07 09:50:24.529,1.6513,1.65165,0.40,4.00
2008.03.07 09:50:24.883,1.6513,1.65165,0.40,4.00
2008.03.07 09:50:25.168,1.6513,1.65165,0.40,4.00
2008.03.07 09:50:25.405,1.6513,1.65165,0.40,4.00
2008.03.07 09:50:25.643,1.6513,1.65165,0.40,4.00
2008.03.07 09:50:25.882,1.6513,1.65165,0.40,4.00
2008.03.07 09:50:26.122,1.6513,1.65165,0.40,4.00
2008.03.07 09:50:26.430,1.6513,1.65165,0.40,4.00
2008.03.07 09:50:26.737,1.6513,1.65165,0.40,4.00
2008.03.07 09:50:27.046,1.6513,1.65165,0.40,4.00
2008.03.07 09:50:27.305,1.6513,1.65165,0.40,4.00
2008.03.07 09:50:27.573,1.6513,1.65165,0.40,4.00
2008.03.07 09:50:27.832,1.6513,1.65165,0.40,4.00
2008.03.07 09:50:28.089,1.6513,1.65165,0.40,4.00
2008.03.07 09:50:28.378,1.6513,1.65165,0.40,4.00
2008.03.07 09:50:28.667,1.6513,1.65165,0.40,4.00
2008.03.07 09:50:28.955,1.6513,1.6517,0.40,5.60
2008.03.07 09:50:29.242,1.6513,1.6517,0.40,5.60
2008.03.07 09:50:29.578,1.6513,1.6517,0.40,1.60
2008.03.07 09:50:29.920,1.6513,1.6517,0.40,1.60
2008.03.07 09:50:30.195,1.6513,1.6517,0.40,5.60
2008.03.07 09:50:31.494,1.6513,1.6517,0.40,5.90
2008.03.07 09:50:31.578,1.6513,1.6517,0.40,5.90
2008.03.07 09:50:31.638,1.6513,1.6517,0.40,5.90
2008.03.07 09:50:31.682,1.6513,1.65165,0.40,0.40
2008.03.07 09:50:31.753,1.6512,1.65165,0.40,4.30
2008.03.07 09:50:31.797,1.6512,1.65165,0.40,4.30
2008.03.07 09:50:31.860,1.6512,1.65165,0.40,4.30
2008.03.07 09:50:31.902,1.6512,1.65165,0.40,4.30
2008.03.07 09:50:31.962,1.6512,1.65165,0.40,4.30
2008.03.07 09:50:32.007,1.6512,1.65165,0.40,4.30
2008.03.07 09:50:32.072,1.6512,1.65165,0.40,4.30
2008.03.07 09:50:32.114,1.6512,1.65165,0.40,4.30
2008.03.07 09:50:32.185,1.6512,1.65165,0.40,4.30
2008.03.07 09:50:32.228,1.6512,1.65165,0.40,4.30
2008.03.07 09:50:33.479,1.6512,1.65165,0.40,4.30
2008.03.07 09:50:33.512,1.6512,1.6516,0.40,4.00
2008.03.07 09:50:33.845,1.6512,1.6516,0.40,4.00
2008.03.07 09:50:34.177,1.6512,1.6516,0.40,4.00
2008.03.07 09:50:34.510,1.6513,1.65165,0.40,4.00
2008.03.07 09:50:34.813,1.6513,1.65165,0.40,4.00
2008.03.07 09:50:35.143,1.6513,1.65165,0.40,4.00
2008.03.07 09:50:35.446,1.6513,1.65165,0.40,4.00
2008.03.07 09:50:35.751,1.6513,1.6517,0.40,1.60
2008.03.07 09:50:36.004,1.6513,1.6517,0.40,1.60
2008.03.07 09:50:36.256,1.6513,1.6517,0.40,1.60
2008.03.07 09:50:36.508,1.6513,1.6517,0.40,1.60
2008.03.07 09:50:36.792,1.6513,1.6517,0.40,1.60
2008.03.07 09:50:37.074,1.6513,1.6517,0.40,1.60
2008.03.07 09:50:37.358,1.6513,1.6517,0.40,1.60
2008.03.07 09:50:37.642,1.6513,1.6517,0.40,1.60
2008.03.07 09:50:37.929,1.6513,1.6517,0.40,1.60
2008.03.07 09:50:38.218,1.6513,1.6517,0.40,1.60
2008.03.07 09:50:38.506,1.6513,1.6517,0.40,1.60
2008.03.07 09:50:38.793,1.6513,1.6517,0.40,1.60
2008.03.07 09:50:39.051,1.6513,1.6517,0.40,1.60
2008.03.07 09:50:39.309,1.6513,1.6517,0.40,1.60
2008.03.07 09:50:39.572,1.65125,1.6517,4.00,1.90
2008.03.07 09:50:39.867,1.6512,1.6517,4.30,5.90
2008.03.07 09:50:40.185,1.6512,1.6517,4.30,5.90
2008.03.07 09:50:40.503,1.6512,1.6517,4.30,5.90
2008.03.07 09:50:40.823,1.6512,1.65165,0.40,4.30
2008.03.07 09:50:41.066,1.6512,1.65165,0.40,4.00
2008.03.07 09:50:41.309,1.6512,1.6517,4.30,5.60
2008.03.07 09:50:41.553,1.65125,1.6517,4.00,1.60
2008.03.07 09:50:41.798,1.65125,1.6517,4.00,1.60
2008.03.07 09:50:42.143,1.6513,1.6517,4.00,1.60
2008.03.07 09:50:42.423,1.6513,1.6517,4.30,1.60
2008.03.07 09:50:42.736,1.6513,1.6517,4.30,1.60
2008.03.07 09:50:42.983,1.6513,1.6517,4.30,1.60
2008.03.07 09:50:43.232,1.6513,1.6517,4.30,1.60
2008.03.07 09:50:43.480,1.6513,1.6517,4.30,1.60
2008.03.07 09:50:43.754,1.6513,1.6517,4.30,1.60
2008.03.07 09:50:44.085,1.6513,1.6517,4.30,1.60
2008.03.07 09:50:44.382,1.6513,1.6517,4.30,1.60
2008.03.07 09:50:44.679,1.6513,1.6517,4.30,1.60
2008.03.07 09:50:44.977,1.6513,1.6517,4.30,1.60
2008.03.07 09:50:45.276,1.6513,1.6517,4.30,1.60
2008.03.07 09:50:45.572,1.6513,1.6517,4.30,1.60
2008.03.07 09:50:45.872,1.6513,1.6518,4.30,5.60
2008.03.07 09:50:46.139,1.6513,1.6518,4.30,5.60
2008.03.07 09:50:46.412,1.6513,1.6518,4.30,5.60
2008.03.07 09:50:46.716,1.6513,1.6518,4.30,5.60
2008.03.07 09:50:46.972,1.6513,1.6518,4.30,5.60
2008.03.07 09:50:47.231,1.6513,1.6518,4.30,5.60
2008.03.07 09:50:47.490,1.6513,1.6518,4.30,5.60
2008.03.07 09:50:47.747,1.6513,1.6518,4.30,5.60
2008.03.07 09:50:48.068,1.6513,1.6518,4.30,5.60
2008.03.07 09:50:48.323,1.6513,1.6518,4.30,5.60
2008.03.07 09:50:48.612,1.6513,1.6518,4.30,5.60
2008.03.07 09:50:48.899,1.6513,1.6518,4.30,5.60
2008.03.07 09:50:49.182,1.6513,1.6518,4.30,5.60
2008.03.07 09:50:49.500,1.6513,1.6518,4.30,5.60
2008.03.07 09:50:49.783,1.6513,1.6518,4.30,5.60
2008.03.07 09:50:50.066,1.6513,1.65175,0.40,4.00
2008.03.07 09:50:50.349,1.6513,1.65175,0.40,4.00
2008.03.07 09:50:50.632,1.6513,1.65175,0.40,4.00
2008.03.07 09:50:50.916,1.6513,1.65175,0.40,4.00
2008.03.07 09:50:51.185,1.6513,1.65175,0.40,4.00
2008.03.07 09:50:51.453,1.6513,1.65175,0.40,4.00
2008.03.07 09:50:51.722,1.6513,1.65175,0.40,4.00
2008.03.07 09:50:51.989,1.6513,1.65175,0.40,4.00
2008.03.07 09:50:52.282,1.6513,1.65175,0.40,4.00
2008.03.07 09:50:52.575,1.6513,1.65175,0.40,4.00
2008.03.07 09:50:52.901,1.6513,1.65175,0.40,4.00
2008.03.07 09:50:53.192,1.6513,1.65175,0.40,4.00
2008.03.07 09:50:53.439,1.6513,1.65175,0.40,4.00
2008.03.07 09:50:53.687,1.6513,1.65175,0.40,4.00
2008.03.07 09:50:53.935,1.6513,1.65175,0.40,4.00
2008.03.07 09:50:54.253,1.6513,1.65175,0.40,4.00
2008.03.07 09:50:54.571,1.6513,1.65175,0.40,4.00
2008.03.07 09:50:54.923,1.6513,1.65175,0.40,4.00
2008.03.07 09:50:55.241,1.6513,1.65175,0.40,4.00
2008.03.07 09:50:55.514,1.6513,1.65175,0.40,4.00
2008.03.07 09:50:55.716,1.6513,1.65175,0.40,4.00
2008.03.07 09:50:55.955,1.6513,1.65175,0.40,4.00
2008.03.07 09:50:56.279,1.6513,1.65175,0.40,4.00
2008.03.07 09:50:56.602,1.6513,1.65175,0.40,4.00
2008.03.07 09:50:56.926,1.6513,1.65175,0.40,4.00
2008.03.07 09:50:57.249,1.6514,1.6519,4.30,5.60
2008.03.07 09:50:57.508,1.6514,1.6519,4.30,5.60
2008.03.07 09:50:57.768,1.6514,1.6519,4.30,5.60
2008.03.07 09:50:58.057,1.6514,1.6519,4.30,5.60
2008.03.07 09:50:58.329,1.6514,1.6519,4.30,5.60
2008.03.07 09:50:58.541,1.6514,1.6519,4.30,5.60
2008.03.07 09:50:58.786,1.6514,1.65165,4.00,0.40
2008.03.07 09:50:59.029,1.6512,1.6516,0.40,4.00
2008.03.07 09:50:59.362,1.6512,1.6516,0.40,4.00
2008.03.07 09:50:59.695,1.6512,1.6516,0.40,4.00
2008.03.07 09:51:00.028,1.6512,1.6516,0.40,4.00
2008.03.07 09:51:00.263,1.6512,1.6516,0.40,4.00
2008.03.07 09:51:00.495,1.6512,1.6516,0.40,4.00
2008.03.07 09:51:00.728,1.6512,1.6516,0.40,4.00
2008.03.07 09:51:00.960,1.6512,1.6516,0.40,4.00
2008.03.07 09:51:01.193,1.6512,1.6516,0.40,4.00
2008.03.07 09:51:01.513,1.6512,1.6516,0.40,4.00
2008.03.07 09:51:01.865,1.6512,1.6516,0.40,4.00
2008.03.07 09:51:02.184,1.6512,1.6516,0.40,4.00
2008.03.07 09:51:02.437,1.6512,1.6516,0.40,8.00
2008.03.07 09:51:02.690,1.6512,1.6516,0.40,8.00
2008.03.07 09:51:02.943,1.6512,1.6516,0.40,8.00
2008.03.07 09:51:03.231,1.6511,1.6515,4.00,0.40
2008.03.07 09:51:03.503,1.651,1.65145,0.40,4.00
2008.03.07 09:51:03.776,1.651,1.65145,0.40,4.00
2008.03.07 09:51:04.048,1.651,1.65145,0.40,4.00
2008.03.07 09:51:04.322,1.6511,1.65145,0.40,4.00
2008.03.07 09:51:04.631,1.6511,1.65145,0.60,4.00
2008.03.07 09:51:04.972,1.6511,1.6516,4.50,8.00
2008.03.07 09:51:05.315,1.6512,1.65165,0.40,4.00
2008.03.07 09:51:05.520,1.6512,1.65165,0.40,4.00
2008.03.07 09:51:05.758,1.6512,1.6517,4.30,5.60
2008.03.07 09:51:05.998,1.6512,1.6517,4.30,5.60
2008.03.07 09:51:06.238,1.6512,1.6517,4.30,5.60
2008.03.07 09:51:06.557,1.6512,1.6517,4.30,5.60
2008.03.07 09:51:06.874,1.6512,1.6517,4.30,5.60
2008.03.07 09:51:07.192,1.6512,1.6517,4.30,5.60
2008.03.07 09:51:07.509,1.6512,1.65165,0.40,4.00
2008.03.07 09:51:07.778,1.6512,1.65165,0.40,4.00
2008.03.07 09:51:08.060,1.6512,1.65165,0.40,4.00
2008.03.07 09:51:08.307,1.6512,1.6516,0.40,4.00
2008.03.07 09:51:08.555,1.6512,1.6516,0.40,4.00
2008.03.07 09:51:08.819,1.6512,1.6516,0.40,5.60
2008.03.07 09:51:09.082,1.6512,1.6516,0.40,5.60
2008.03.07 09:51:09.345,1.6512,1.6516,0.40,5.60
2008.03.07 09:51:09.609,1.6512,1.6516,0.40,5.60
2008.03.07 09:51:09.931,1.6512,1.6516,0.40,5.60
2008.03.07 09:51:10.249,1.6512,1.6516,0.40,9.60
2008.03.07 09:51:10.566,1.6512,1.6516,0.40,9.60
2008.03.07 09:51:10.795,1.6512,1.6516,0.40,9.60
2008.03.07 09:51:11.022,1.6512,1.6516,0.40,9.60
2008.03.07 09:51:11.268,1.6512,1.6516,0.40,9.60
2008.03.07 09:51:11.495,1.6512,1.6516,0.40,9.60
2008.03.07 09:51:11.823,1.6512,1.6516,0.40,9.60
2008.03.07 09:51:12.151,1.6512,1.6516,0.40,9.60
2008.03.07 09:51:12.479,1.6512,1.6516,0.40,9.60
2008.03.07 09:51:12.719,1.6512,1.6516,0.40,9.60
2008.03.07 09:51:12.952,1.6512,1.6516,0.40,9.60
2008.03.07 09:51:13.185,1.6512,1.6516,0.40,9.60
2008.03.07 09:51:13.419,1.6511,1.6516,4.30,9.90
2008.03.07 09:51:13.653,1.6511,1.6515,0.40,1.60
2008.03.07 09:51:13.976,1.6511,1.6515,0.40,1.60
2008.03.07 09:51:14.299,1.6511,1.65145,0.40,4.00
2008.03.07 09:51:14.622,1.6511,1.65145,0.40,4.00
2008.03.07 09:51:14.896,1.6511,1.65145,0.40,4.30
2008.03.07 09:51:15.169,1.651,1.6514,0.40,5.60
2008.03.07 09:51:15.473,1.651,1.6514,0.40,5.60
2008.03.07 09:51:15.754,1.651,1.6514,0.40,5.60
2008.03.07 09:51:16.002,1.651,1.6514,0.40,5.60
2008.03.07 09:51:16.250,1.651,1.6514,0.40,5.60
2008.03.07 09:51:16.498,1.651,1.6514,0.40,4.00
2008.03.07 09:51:16.822,1.651,1.65145,0.40,4.00
2008.03.07 09:51:17.144,1.6511,1.6515,0.40,1.60
2008.03.07 09:51:17.467,1.6511,1.6515,0.40,1.60
2008.03.07 09:51:17.791,1.6511,1.6515,0.40,1.60
2008.03.07 09:51:18.043,1.6511,1.6515,0.40,1.60
2008.03.07 09:51:18.297,1.6511,1.6515,0.40,1.60
2008.03.07 09:51:18.550,1.6511,1.6515,0.40,1.60
2008.03.07 09:51:18.832,1.6511,1.6515,0.40,1.60
2008.03.07 09:51:19.116,1.6511,1.6515,0.40,1.60
2008.03.07 09:51:19.418,1.6511,1.6515,0.40,1.60
2008.03.07 09:51:19.701,1.6511,1.6515,0.40,1.60
2008.03.07 09:51:20.051,1.651,1.65145,0.40,4.00
2008.03.07 09:51:20.337,1.651,1.65145,0.40,4.00
2008.03.07 09:51:20.656,1.651,1.65145,0.40,4.00
2008.03.07 09:51:20.894,1.651,1.6514,0.40,1.60
2008.03.07 09:51:21.133,1.651,1.6514,0.40,5.60
2008.03.07 09:51:21.372,1.651,1.6514,0.40,4.00
2008.03.07 09:51:21.610,1.651,1.65145,0.40,4.00
2008.03.07 09:51:21.928,1.651,1.65145,0.40,4.00
2008.03.07 09:51:22.257,1.651,1.65145,0.40,4.00
2008.03.07 09:51:22.587,1.6511,1.6515,0.40,5.60
2008.03.07 09:51:22.841,1.6511,1.6515,0.40,5.60
2008.03.07 09:51:23.104,1.6511,1.6515,0.40,5.60
2008.03.07 09:51:23.367,1.6511,1.6515,0.40,5.60
2008.03.07 09:51:23.630,1.6511,1.6515,0.40,5.60
2008.03.07 09:51:23.912,1.6511,1.6515,0.40,5.60
2008.03.07 09:51:24.176,1.6511,1.65155,0.40,4.00
2008.03.07 09:51:24.439,1.6511,1.6516,4.30,5.60
2008.03.07 09:51:24.703,1.6512,1.6516,0.40,5.60
2008.03.07 09:51:25.026,1.6511,1.6515,4.30,1.60
2008.03.07 09:51:25.350,1.6511,1.6515,0.40,1.60
2008.03.07 09:51:25.674,1.6511,1.6515,0.40,1.60
2008.03.07 09:51:25.922,1.6511,1.6515,0.40,1.60
2008.03.07 09:51:26.204,1.6511,1.6515,0.40,1.60
2008.03.07 09:51:26.454,1.6511,1.6515,0.40,1.60
2008.03.07 09:51:26.702,1.6511,1.6515,0.40,1.60
2008.03.07 09:51:26.980,1.6511,1.6515,0.40,1.60
2008.03.07 09:51:27.257,1.6511,1.6515,0.40,1.60
2008.03.07 09:51:27.537,1.6511,1.65155,0.40,4.00
2008.03.07 09:51:27.824,1.6511,1.6516,4.30,5.60
2008.03.07 09:51:28.097,1.6512,1.6516,0.40,5.60
2008.03.07 09:51:28.370,1.6512,1.6516,0.40,9.60
2008.03.07 09:51:28.644,1.6512,1.6515,0.40,1.60
2008.03.07 09:51:28.917,1.6512,1.6515,0.40,1.60
2008.03.07 09:51:29.190,1.6512,1.6515,0.40,1.60
2008.03.07 09:51:29.463,1.6511,1.6515,0.40,1.60
2008.03.07 09:51:29.762,1.6511,1.6515,0.40,1.60
2008.03.07 09:51:30.071,1.6511,1.65145,0.40,4.00
2008.03.07 09:51:30.397,1.6511,1.6515,0.40,1.90
2008.03.07 09:51:30.697,1.65095,1.6514,4.00,1.90
2008.03.07 09:51:30.988,1.65095,1.6514,4.00,1.90
2008.03.07 09:51:31.280,1.65085,1.65135,4.00,4.00
2008.03.07 09:51:31.561,1.65085,1.65135,4.00,4.00
2008.03.07 09:51:31.845,1.65085,1.65135,4.00,4.00
2008.03.07 09:51:32.091,1.65085,1.65135,4.00,4.00
2008.03.07 09:51:32.339,1.65085,1.65135,4.00,4.00
2008.03.07 09:51:32.587,1.65085,1.65135,4.00,4.00
2008.03.07 09:51:32.835,1.65085,1.65135,4.00,4.00
2008.03.07 09:51:33.133,1.65085,1.65135,4.00,4.00
2008.03.07 09:51:33.431,1.65085,1.65135,4.00,4.00
2008.03.07 09:51:33.730,1.65085,1.65125,4.00,0.40
2008.03.07 09:51:34.029,1.65085,1.6513,4.00,4.30
2008.03.07 09:51:34.302,1.65075,1.65125,4.00,4.00
2008.03.07 09:51:34.576,1.6508,1.6513,4.00,8.00
2008.03.07 09:51:34.850,1.6508,1.6513,4.30,4.00
2008.03.07 09:51:35.158,1.6508,1.6513,4.30,4.00
2008.03.07 09:51:35.466,1.6508,1.6513,4.30,4.00
2008.03.07 09:51:35.774,1.6508,1.6513,4.30,4.00
2008.03.07 09:51:36.082,1.6508,1.6513,4.30,4.00
2008.03.07 09:51:36.320,1.6508,1.6513,4.30,4.00
2008.03.07 09:51:36.558,1.6508,1.6513,4.30,4.00
2008.03.07 09:51:36.797,1.6508,1.6513,4.30,4.00
2008.03.07 09:51:37.034,1.6508,1.6513,4.30,4.00
2008.03.07 09:51:37.332,1.6508,1.6513,4.30,4.00
2008.03.07 09:51:37.630,1.6508,1.6513,4.30,4.00
2008.03.07 09:51:37.928,1.6508,1.6513,4.30,4.00
2008.03.07 09:51:38.196,1.6508,1.6513,4.30,4.00
2008.03.07 09:51:38.464,1.6508,1.6513,4.30,4.00
2008.03.07 09:51:38.733,1.6508,1.6513,4.30,4.00
2008.03.07 09:51:39.036,1.6508,1.6513,4.30,4.00
2008.03.07 09:51:39.358,1.6508,1.6513,4.30,4.00
2008.03.07 09:51:39.641,1.6508,1.6513,4.30,4.00
2008.03.07 09:51:39.923,1.6508,1.6513,4.30,4.00
2008.03.07 09:51:40.216,1.6508,1.6513,4.30,4.00
2008.03.07 09:51:40.509,1.6508,1.6513,4.30,4.00
2008.03.07 09:51:40.813,1.6508,1.6513,4.30,4.00
2008.03.07 09:51:41.106,1.6508,1.6513,4.30,4.00
2008.03.07 09:51:41.364,1.6508,1.6513,4.30,4.00
2008.03.07 09:51:41.621,1.6508,1.6513,4.30,4.00
2008.03.07 09:51:41.881,1.6508,1.6513,4.30,4.00
2008.03.07 09:51:42.139,1.6508,1.6513,4.30,4.00
2008.03.07 09:51:42.442,1.6508,1.6513,4.30,4.00
2008.03.07 09:51:42.745,1.6508,1.6513,4.30,4.00
2008.03.07 09:51:43.049,1.6508,1.6513,4.30,4.00
2008.03.07 09:51:43.321,1.6508,1.6513,4.30,4.00
2008.03.07 09:51:43.613,1.6508,1.6513,4.30,4.00
2008.03.07 09:51:43.873,1.6508,1.6513,4.30,4.00
2008.03.07 09:51:44.131,1.6508,1.6513,4.30,4.00
2008.03.07 09:51:44.458,1.6508,1.6513,4.30,4.00
2008.03.07 09:51:44.785,1.6508,1.6513,4.30,4.00
2008.03.07 09:51:45.113,1.6508,1.6513,4.30,4.30
2008.03.07 09:51:45.357,1.6508,1.6513,4.30,4.30
2008.03.07 09:51:45.600,1.6508,1.65125,0.40,4.00
2008.03.07 09:51:45.853,1.6508,1.65125,0.40,4.00
2008.03.07 09:51:46.093,1.6508,1.65125,0.40,4.00
2008.03.07 09:51:46.400,1.6509,1.6513,0.40,4.00
2008.03.07 09:51:46.708,1.6509,1.6513,0.40,4.00
2008.03.07 09:51:47.016,1.6509,1.6513,0.40,4.00
2008.03.07 09:51:47.269,1.6509,1.6513,0.40,4.00
2008.03.07 09:51:47.522,1.6509,1.6513,0.40,4.00
2008.03.07 09:51:47.789,1.6509,1.6513,0.40,4.00
2008.03.07 09:51:48.041,1.6509,1.6513,0.40,4.00
2008.03.07 09:51:48.334,1.6509,1.6513,0.40,4.00
2008.03.07 09:51:48.628,1.6509,1.6513,0.40,4.00
2008.03.07 09:51:48.921,1.6509,1.6513,0.40,4.00
2008.03.07 09:51:49.214,1.6509,1.6513,0.40,4.00
2008.03.07 09:51:49.519,1.6509,1.6513,0.40,4.00
2008.03.07 09:51:49.821,1.6509,1.6513,0.40,4.00
2008.03.07 09:51:50.123,1.6509,1.6513,0.40,4.00
2008.03.07 09:51:50.376,1.6509,1.6513,0.40,4.00
2008.03.07 09:51:50.629,1.6508,1.6512,4.30,4.00
2008.03.07 09:51:50.883,1.6508,1.6512,0.40,4.00
2008.03.07 09:51:51.154,1.6508,1.6512,0.40,4.00
2008.03.07 09:51:51.479,1.6508,1.6512,0.40,4.00
2008.03.07 09:51:51.760,1.6508,1.6512,0.40,4.00
2008.03.07 09:51:52.043,1.6508,1.6512,0.40,4.00
2008.03.07 09:51:52.295,1.6508,1.6512,0.40,4.00
2008.03.07 09:51:52.548,1.6508,1.65125,0.40,4.00
2008.03.07 09:51:52.802,1.6508,1.65125,0.40,4.00
2008.03.07 09:51:53.085,1.6508,1.65125,0.40,4.00
2008.03.07 09:51:53.363,1.65075,1.65125,4.00,4.30
2008.03.07 09:51:53.642,1.6507,1.65115,0.40,4.00
2008.03.07 09:51:53.920,1.6507,1.65115,0.40,4.00
2008.03.07 09:51:54.198,1.6507,1.65115,0.40,4.00
2008.03.07 09:51:54.516,1.6507,1.65115,1.90,4.00
2008.03.07 09:51:54.836,1.65075,1.65125,4.00,4.00
2008.03.07 09:51:55.154,1.65075,1.65125,4.00,4.30
2008.03.07 09:51:55.383,1.6507,1.65115,1.90,4.00
2008.03.07 09:51:55.610,1.6507,1.65115,1.90,4.00
2008.03.07 09:51:55.839,1.6507,1.65115,0.40,4.00
2008.03.07 09:51:56.067,1.6507,1.65115,0.40,4.00
2008.03.07 09:51:56.296,1.6508,1.65115,0.40,4.00
2008.03.07 09:51:56.598,1.6508,1.65125,0.40,4.00
2008.03.07 09:51:56.900,1.6508,1.65125,0.40,4.00
2008.03.07 09:51:57.203,1.6508,1.65125,0.40,4.00
2008.03.07 09:51:57.466,1.6508,1.65125,0.40,4.00
2008.03.07 09:51:57.729,1.6508,1.65125,0.40,4.00
2008.03.07 09:51:58.002,1.6508,1.65125,0.40,4.00
2008.03.07 09:51:58.264,1.6508,1.65125,0.40,4.00
2008.03.07 09:51:58.548,1.6508,1.65125,0.40,4.00
2008.03.07 09:51:58.835,1.6508,1.65125,0.40,4.00
2008.03.07 09:51:59.118,1.6508,1.65125,0.40,4.00
2008.03.07 09:51:59.402,1.6508,1.65125,0.40,4.00
2008.03.07 09:51:59.681,1.6508,1.65125,0.40,4.00
2008.03.07 09:51:59.960,1.6508,1.65125,0.40,4.00
2008.03.07 09:52:00.237,1.6508,1.65125,0.40,4.00
2008.03.07 09:52:00.516,1.6508,1.65125,0.40,4.00
2008.03.07 09:52:00.800,1.6508,1.65125,0.40,4.00
2008.03.07 09:52:01.084,1.6508,1.65125,0.40,4.00
2008.03.07 09:52:01.400,1.6508,1.65125,0.40,4.00
2008.03.07 09:52:01.707,1.6508,1.6513,4.30,8.00
2008.03.07 09:52:01.998,1.6509,1.6513,0.40,8.00
2008.03.07 09:52:02.257,1.6509,1.6513,0.40,8.00
2008.03.07 09:52:02.515,1.6509,1.6513,0.40,8.00
2008.03.07 09:52:02.783,1.6509,1.6513,0.40,8.00
2008.03.07 09:52:03.050,1.6509,1.6513,0.40,8.00
2008.03.07 09:52:03.322,1.6509,1.6513,0.40,8.00
2008.03.07 09:52:03.590,1.6509,1.6513,0.40,8.00
2008.03.07 09:52:03.862,1.6509,1.6513,0.40,8.00
2008.03.07 09:52:04.136,1.6509,1.6513,0.40,8.00
2008.03.07 09:52:04.408,1.6509,1.6513,0.40,8.00
2008.03.07 09:52:04.688,1.6509,1.6513,0.40,8.00
2008.03.07 09:52:04.995,1.6509,1.6513,0.40,8.00
2008.03.07 09:52:05.302,1.6509,1.6513,0.40,8.00
2008.03.07 09:52:05.611,1.6509,1.6513,0.40,8.00
2008.03.07 09:52:05.851,1.6509,1.6513,0.40,8.00
2008.03.07 09:52:06.087,1.6509,1.6513,0.40,8.00
2008.03.07 09:52:06.324,1.6509,1.6513,0.40,8.00
2008.03.07 09:52:06.563,1.6509,1.6513,0.40,8.00
2008.03.07 09:52:06.809,1.6509,1.6513,0.40,8.00
2008.03.07 09:52:07.127,1.6509,1.6513,0.40,8.00
2008.03.07 09:52:07.445,1.6509,1.6513,0.40,8.00
2008.03.07 09:52:07.763,1.6509,1.6513,0.40,8.00
2008.03.07 09:52:08.000,1.6509,1.6513,0.40,8.00
2008.03.07 09:52:08.239,1.651,1.6513,0.40,8.00
2008.03.07 09:52:08.477,1.651,1.6513,0.40,4.00
2008.03.07 09:52:08.714,1.651,1.6513,0.40,4.00
2008.03.07 09:52:09.022,1.651,1.6513,0.40,4.00
2008.03.07 09:52:09.331,1.651,1.6513,0.40,4.00
2008.03.07 09:52:09.638,1.651,1.6513,0.40,4.00
2008.03.07 09:52:09.917,1.651,1.6513,0.40,4.00
2008.03.07 09:52:10.200,1.651,1.6513,0.40,4.00
2008.03.07 09:52:10.507,1.651,1.6513,0.40,8.00
2008.03.07 09:52:10.820,1.6509,1.6513,0.40,8.00
2008.03.07 09:52:11.042,1.6509,1.6513,0.40,8.00
2008.03.07 09:52:11.300,1.6509,1.6513,0.40,8.00
2008.03.07 09:52:11.557,1.6509,1.6513,0.40,8.00
2008.03.07 09:52:11.815,1.6509,1.6513,0.40,8.00
2008.03.07 09:52:12.087,1.6509,1.6513,0.40,8.00
2008.03.07 09:52:12.360,1.6509,1.6513,0.40,8.00
2008.03.07 09:52:12.633,1.6509,1.6513,0.40,8.00
2008.03.07 09:52:12.936,1.6509,1.6513,0.40,8.00
2008.03.07 09:52:13.270,1.6509,1.6513,0.40,8.00
2008.03.07 09:52:13.609,1.6509,1.6513,0.40,8.00
2008.03.07 09:52:13.930,1.6509,1.6513,0.40,8.00
2008.03.07 09:52:14.174,1.6509,1.6513,0.40,8.00
2008.03.07 09:52:14.450,1.6509,1.6513,0.40,8.00
2008.03.07 09:52:14.695,1.6509,1.6513,0.40,8.00
2008.03.07 09:52:14.940,1.6509,1.6513,0.40,8.00
2008.03.07 09:52:15.274,1.6509,1.6513,0.40,8.00
2008.03.07 09:52:15.606,1.6509,1.6513,0.40,8.00
2008.03.07 09:52:15.939,1.6509,1.6513,0.40,8.00
2008.03.07 09:52:16.168,1.6509,1.6513,0.40,8.00
2008.03.07 09:52:16.396,1.6509,1.6513,0.40,8.00
2008.03.07 09:52:16.624,1.6509,1.6513,0.40,8.00
2008.03.07 09:52:16.884,1.6509,1.6513,0.40,8.00
2008.03.07 09:52:17.079,1.6509,1.6513,0.40,8.00
2008.03.07 09:52:17.377,1.6509,1.6513,0.40,8.00
2008.03.07 09:52:17.675,1.6509,1.6513,0.40,8.00
2008.03.07 09:52:17.972,1.6509,1.6513,0.40,8.00
2008.03.07 09:52:18.260,1.6509,1.6513,0.40,8.00
2008.03.07 09:52:18.549,1.6509,1.6513,0.40,8.00
2008.03.07 09:52:18.870,1.6509,1.6513,0.40,8.00
2008.03.07 09:52:19.126,1.6509,1.6513,0.40,8.00
2008.03.07 09:52:19.393,1.651,1.6513,0.40,8.00
2008.03.07 09:52:19.662,1.651,1.6513,0.40,4.00
2008.03.07 09:52:19.930,1.65085,1.6513,4.00,4.00
2008.03.07 09:52:20.199,1.6509,1.6514,4.00,8.30
2008.03.07 09:52:20.512,1.65085,1.65135,4.00,4.00
2008.03.07 09:52:20.828,1.6509,1.65135,0.40,4.30
2008.03.07 09:52:21.143,1.6508,1.6513,4.30,4.00
2008.03.07 09:52:21.366,1.6508,1.6513,4.30,4.00
2008.03.07 09:52:21.591,1.6508,1.6513,4.30,4.00
2008.03.07 09:52:21.846,1.6508,1.6513,4.30,4.00
2008.03.07 09:52:22.069,1.6508,1.6513,4.30,4.00
2008.03.07 09:52:22.292,1.6508,1.6513,4.30,4.00
2008.03.07 09:52:22.624,1.6508,1.6513,4.30,4.00
2008.03.07 09:52:22.957,1.6508,1.6513,4.30,4.00
2008.03.07 09:52:23.292,1.6508,1.6513,4.30,4.00
2008.03.07 09:52:23.569,1.6508,1.6513,4.30,4.00
2008.03.07 09:52:23.844,1.65075,1.65125,4.00,4.30
2008.03.07 09:52:24.054,1.65075,1.65125,4.00,4.30
2008.03.07 09:52:24.297,1.6507,1.65115,0.40,4.00
2008.03.07 09:52:24.620,1.6507,1.65115,0.40,4.00
2008.03.07 09:52:24.943,1.6507,1.65115,0.40,4.00
2008.03.07 09:52:25.277,1.6507,1.65115,0.40,4.00
2008.03.07 09:52:25.546,1.65075,1.65125,4.00,4.30
2008.03.07 09:52:25.785,1.6508,1.65125,0.40,4.00
2008.03.07 09:52:26.022,1.6508,1.6513,4.30,5.60
2008.03.07 09:52:26.260,1.6508,1.6513,4.30,5.60
2008.03.07 09:52:26.558,1.6508,1.6513,4.30,5.60
2008.03.07 09:52:26.855,1.6508,1.6513,4.30,5.60
2008.03.07 09:52:27.163,1.6508,1.6513,4.30,5.60
2008.03.07 09:52:27.419,1.6508,1.6513,4.30,5.60
2008.03.07 09:52:27.678,1.6508,1.6513,4.30,5.60
2008.03.07 09:52:27.936,1.6508,1.6513,4.30,5.60
2008.03.07 09:52:28.201,1.6508,1.6513,4.30,5.60
2008.03.07 09:52:28.483,1.6508,1.6513,4.30,5.60
2008.03.07 09:52:28.766,1.6508,1.6513,4.30,5.60
2008.03.07 09:52:29.050,1.6508,1.6513,4.30,5.60
2008.03.07 09:52:29.332,1.6508,1.6513,4.30,5.60
2008.03.07 09:52:29.679,1.6508,1.6513,4.30,5.60
2008.03.07 09:52:29.992,1.6508,1.6513,4.30,5.60
2008.03.07 09:52:30.305,1.6508,1.6513,4.30,5.60
2008.03.07 09:52:30.528,1.6508,1.6513,4.30,5.60
2008.03.07 09:52:30.751,1.6508,1.6513,4.30,5.60
2008.03.07 09:52:30.974,1.6508,1.6513,4.30,5.60
2008.03.07 09:52:31.203,1.6508,1.6513,4.30,5.60
2008.03.07 09:52:31.425,1.6508,1.6513,4.30,5.60
2008.03.07 09:52:31.758,1.6508,1.6513,4.30,5.60
2008.03.07 09:52:32.091,1.6508,1.6513,4.30,5.60
2008.03.07 09:52:32.424,1.6508,1.6513,4.30,9.60
2008.03.07 09:52:32.647,1.6508,1.65125,0.40,4.00
2008.03.07 09:52:32.871,1.6508,1.65125,0.40,4.00
2008.03.07 09:52:33.096,1.6508,1.65125,0.40,4.00
2008.03.07 09:52:33.353,1.6508,1.65125,0.40,4.00
2008.03.07 09:52:33.671,1.6508,1.65125,0.40,4.00
2008.03.07 09:52:33.990,1.6508,1.65125,0.40,4.00
2008.03.07 09:52:34.307,1.6508,1.65125,0.40,4.00
2008.03.07 09:52:34.626,1.6508,1.65125,0.40,4.00
2008.03.07 09:52:34.904,1.6508,1.65125,0.40,4.00
2008.03.07 09:52:35.193,1.6508,1.65125,0.40,4.00
2008.03.07 09:52:35.469,1.6508,1.65125,0.40,4.00
2008.03.07 09:52:35.735,1.6508,1.65125,0.40,4.00
2008.03.07 09:52:36.004,1.6508,1.65125,0.40,4.00
2008.03.07 09:52:36.272,1.6508,1.65125,0.40,4.00
2008.03.07 09:52:36.540,1.6508,1.65125,0.40,4.00
2008.03.07 09:52:36.861,1.6508,1.65125,0.40,4.00
2008.03.07 09:52:37.158,1.6508,1.6513,4.30,4.00
2008.03.07 09:52:37.456,1.6508,1.6513,4.30,4.00
2008.03.07 09:52:37.689,1.6509,1.6513,0.40,4.00
2008.03.07 09:52:37.922,1.6509,1.6513,0.40,4.00
2008.03.07 09:52:38.155,1.6509,1.6513,0.40,4.00
2008.03.07 09:52:38.388,1.6509,1.6513,0.40,4.00
2008.03.07 09:52:38.621,1.6509,1.6513,0.40,4.00
2008.03.07 09:52:38.934,1.6509,1.6513,0.40,4.00
2008.03.07 09:52:39.248,1.6509,1.6513,0.40,4.00
2008.03.07 09:52:39.563,1.6509,1.6513,0.40,4.00
2008.03.07 09:52:39.856,1.6509,1.6513,0.40,4.00
2008.03.07 09:52:40.150,1.6509,1.6513,0.40,4.00
2008.03.07 09:52:40.442,1.6509,1.6513,0.40,4.00
2008.03.07 09:52:40.690,1.6509,1.6513,0.40,4.00
2008.03.07 09:52:40.971,1.6509,1.6513,0.40,4.00
2008.03.07 09:52:41.218,1.6509,1.6513,0.40,4.00
2008.03.07 09:52:41.467,1.6509,1.6513,0.40,4.00
2008.03.07 09:52:41.716,1.651,1.65135,0.40,4.00
2008.03.07 09:52:42.005,1.651,1.6514,0.40,4.00
2008.03.07 09:52:42.293,1.651,1.6514,0.40,5.90
2008.03.07 09:52:42.601,1.651,1.6514,0.40,8.30
2008.03.07 09:52:42.864,1.651,1.65135,0.40,4.00
2008.03.07 09:52:43.127,1.651,1.65135,0.40,4.00
2008.03.07 09:52:43.390,1.651,1.65135,0.40,4.00
2008.03.07 09:52:43.654,1.651,1.6514,0.40,5.60
2008.03.07 09:52:43.927,1.651,1.6514,0.40,5.60
2008.03.07 09:52:44.202,1.651,1.6514,0.40,5.60
2008.03.07 09:52:44.473,1.651,1.6514,0.40,5.60
2008.03.07 09:52:44.746,1.651,1.6514,0.40,5.60
2008.03.07 09:52:45.049,1.651,1.6514,0.40,5.60
2008.03.07 09:52:45.352,1.651,1.6514,0.40,5.60
2008.03.07 09:52:45.656,1.651,1.6514,0.40,8.30
2008.03.07 09:52:45.890,1.651,1.65135,0.40,4.00
2008.03.07 09:52:46.123,1.651,1.65135,0.40,4.00
2008.03.07 09:52:46.357,1.651,1.65135,0.40,4.00
2008.03.07 09:52:46.590,1.651,1.65135,0.40,4.00
2008.03.07 09:52:46.908,1.651,1.65135,0.40,4.00
2008.03.07 09:52:47.211,1.651,1.65135,0.40,4.00
2008.03.07 09:52:47.514,1.651,1.65135,0.40,4.00
2008.03.07 09:52:47.817,1.651,1.65135,0.40,4.00
2008.03.07 09:52:48.081,1.651,1.65135,0.40,4.00
2008.03.07 09:52:48.345,1.651,1.65135,0.40,4.00
2008.03.07 09:52:48.607,1.651,1.65135,0.40,4.00
2008.03.07 09:52:48.866,1.651,1.65135,0.40,4.00
2008.03.07 09:52:49.125,1.651,1.65135,0.40,4.00
2008.03.07 09:52:49.420,1.651,1.65135,0.40,4.00
2008.03.07 09:52:49.639,1.651,1.65135,0.40,4.00
2008.03.07 09:52:49.958,1.651,1.65135,0.40,4.00
2008.03.07 09:52:50.276,1.651,1.65135,0.40,4.00
2008.03.07 09:52:50.594,1.651,1.65135,0.40,4.00
2008.03.07 09:52:50.914,1.651,1.65135,0.40,4.00
2008.03.07 09:52:51.146,1.651,1.65135,0.40,4.00
2008.03.07 09:52:51.381,1.651,1.65135,0.40,4.00
2008.03.07 09:52:51.614,1.651,1.65135,0.40,4.00
2008.03.07 09:52:51.848,1.651,1.65135,0.40,4.00
2008.03.07 09:52:52.209,1.651,1.65135,0.40,4.00
2008.03.07 09:52:52.532,1.65085,1.65135,4.00,4.00
2008.03.07 09:52:52.855,1.65085,1.65135,4.00,4.00
2008.03.07 09:52:53.098,1.65085,1.65135,4.00,4.00
2008.03.07 09:52:53.340,1.65085,1.65135,4.00,4.00
2008.03.07 09:52:53.584,1.65085,1.65135,4.00,4.00
2008.03.07 09:52:53.827,1.65085,1.65135,4.00,4.00
2008.03.07 09:52:54.106,1.65085,1.65135,4.00,4.00
2008.03.07 09:52:54.384,1.65085,1.65135,4.00,4.00
2008.03.07 09:52:54.694,1.65085,1.65135,4.00,4.00
2008.03.07 09:52:54.972,1.65085,1.65135,4.00,4.00
2008.03.07 09:52:55.265,1.65085,1.65135,4.00,4.00
2008.03.07 09:52:55.558,1.65085,1.65135,4.00,4.00
2008.03.07 09:52:55.851,1.65085,1.65135,4.00,4.00
2008.03.07 09:52:56.104,1.65085,1.65135,4.00,4.00
2008.03.07 09:52:56.357,1.65085,1.65135,4.00,4.00
2008.03.07 09:52:56.609,1.65085,1.65135,4.00,4.00
2008.03.07 09:52:56.863,1.65085,1.65135,4.00,4.00
2008.03.07 09:52:57.158,1.65085,1.65135,4.00,4.00
2008.03.07 09:52:57.446,1.65085,1.65135,4.00,4.00
2008.03.07 09:52:57.734,1.65085,1.65135,4.00,4.00
2008.03.07 09:52:58.022,1.65085,1.65135,4.00,4.00
2008.03.07 09:52:58.281,1.65085,1.65135,4.00,4.00
2008.03.07 09:52:58.572,1.6509,1.6514,4.00,5.90
2008.03.07 09:52:58.797,1.6509,1.6514,4.00,5.60
2008.03.07 09:52:59.080,1.6509,1.6514,4.30,5.60
2008.03.07 09:52:59.365,1.6509,1.6514,4.00,5.90
2008.03.07 09:52:59.649,1.65085,1.65135,4.00,4.00
2008.03.07 09:52:59.931,1.65085,1.65135,4.00,4.00
2008.03.07 09:53:00.261,1.65085,1.65135,4.00,4.00
2008.03.07 09:53:00.602,1.65085,1.65135,4.00,4.00
2008.03.07 09:53:00.891,1.65085,1.6513,4.00,0.40
2008.03.07 09:53:01.145,1.65075,1.65125,4.00,4.00
2008.03.07 09:53:01.398,1.65075,1.65125,4.00,4.00
2008.03.07 09:53:01.650,1.65075,1.65125,4.00,4.00
2008.03.07 09:53:01.903,1.65075,1.65125,4.00,4.00
2008.03.07 09:53:02.180,1.65075,1.65125,4.00,4.00
2008.03.07 09:53:02.459,1.65075,1.65125,4.00,4.00
2008.03.07 09:53:02.736,1.65075,1.65125,4.00,4.00
2008.03.07 09:53:03.015,1.65075,1.65125,4.00,4.00
2008.03.07 09:53:03.315,1.65075,1.65125,4.00,4.00
2008.03.07 09:53:03.588,1.65075,1.65125,4.00,4.00
2008.03.07 09:53:03.861,1.65075,1.65125,4.00,4.00
2008.03.07 09:53:04.118,1.65075,1.65125,4.00,4.00
2008.03.07 09:53:04.377,1.65075,1.65125,4.20,4.00
2008.03.07 09:53:04.637,1.65085,1.6513,4.00,1.60
2008.03.07 09:53:04.893,1.65085,1.6513,4.00,1.60
2008.03.07 09:53:05.221,1.65085,1.6513,4.00,1.60
2008.03.07 09:53:05.549,1.65085,1.6513,4.00,1.60
2008.03.07 09:53:05.878,1.65085,1.6513,4.00,1.60
2008.03.07 09:53:06.206,1.65085,1.6513,4.00,1.60
2008.03.07 09:53:06.449,1.65085,1.6513,4.00,1.60
2008.03.07 09:53:06.693,1.65085,1.6513,4.00,1.60
2008.03.07 09:53:06.936,1.65085,1.6513,4.00,1.60
2008.03.07 09:53:07.237,1.65085,1.6513,4.00,1.60
2008.03.07 09:53:07.570,1.65085,1.6513,4.00,1.60
2008.03.07 09:53:07.900,1.65085,1.6513,4.00,1.60
2008.03.07 09:53:08.165,1.65085,1.6513,4.00,1.60
2008.03.07 09:53:08.427,1.65085,1.6513,4.00,1.60
2008.03.07 09:53:08.691,1.65085,1.6513,4.00,1.60
2008.03.07 09:53:08.954,1.65085,1.6513,4.00,1.60
2008.03.07 09:53:09.247,1.65085,1.6513,4.00,1.60
2008.03.07 09:53:09.540,1.65085,1.6512,4.00,1.60
2008.03.07 09:53:09.834,1.65085,1.6512,4.00,1.60
2008.03.07 09:53:10.135,1.65075,1.6512,4.00,1.60
2008.03.07 09:53:10.432,1.65075,1.6512,4.00,1.60
2008.03.07 09:53:10.730,1.65075,1.6512,4.00,1.60
2008.03.07 09:53:11.028,1.65075,1.6512,4.00,1.60
2008.03.07 09:53:11.297,1.65075,1.6512,4.00,1.60
2008.03.07 09:53:11.564,1.6508,1.6512,0.80,1.60
2008.03.07 09:53:11.833,1.6508,1.6512,0.80,1.60
2008.03.07 09:53:12.104,1.6508,1.6512,0.80,1.60
2008.03.07 09:53:12.392,1.6508,1.6512,0.80,1.60
2008.03.07 09:53:12.678,1.6508,1.6512,0.80,1.60
2008.03.07 09:53:12.931,1.6508,1.6512,0.80,1.60
2008.03.07 09:53:13.182,1.6508,1.6512,0.80,1.60
2008.03.07 09:53:13.501,1.6508,1.6512,0.80,1.60
2008.03.07 09:53:13.819,1.6508,1.6512,0.80,1.60
2008.03.07 09:53:14.136,1.6508,1.6512,0.80,1.60
2008.03.07 09:53:14.401,1.6508,1.6512,0.80,1.60
2008.03.07 09:53:14.647,1.6508,1.6512,0.80,1.60
2008.03.07 09:53:14.888,1.6508,1.6512,0.80,1.60
2008.03.07 09:53:15.131,1.6508,1.6512,0.80,1.60
2008.03.07 09:53:15.465,1.6508,1.6512,0.80,1.60
2008.03.07 09:53:15.831,1.6508,1.6512,0.80,1.60
2008.03.07 09:53:16.164,1.6508,1.6512,0.80,1.60
2008.03.07 09:53:16.382,1.6508,1.6512,0.80,1.60
2008.03.07 09:53:16.600,1.6508,1.6512,0.80,1.60
2008.03.07 09:53:16.834,1.6508,1.6512,0.80,1.60
2008.03.07 09:53:17.052,1.6508,1.6512,0.80,1.60
2008.03.07 09:53:17.270,1.6508,1.6512,0.80,1.60
2008.03.07 09:53:17.598,1.6508,1.6512,0.80,1.60
2008.03.07 09:53:17.926,1.6508,1.6512,0.80,1.60
2008.03.07 09:53:18.260,1.6507,1.65115,0.80,4.00
2008.03.07 09:53:18.494,1.6507,1.6512,4.80,5.60
2008.03.07 09:53:18.728,1.6507,1.65115,0.80,4.00
2008.03.07 09:53:18.961,1.6507,1.65115,0.80,4.00
2008.03.07 09:53:19.194,1.6507,1.65115,0.80,4.00
2008.03.07 09:53:19.526,1.65075,1.6512,0.80,5.60
2008.03.07 09:53:19.859,1.65075,1.6512,0.80,5.60
2008.03.07 09:53:20.192,1.65075,1.6512,0.80,5.60
2008.03.07 09:53:20.435,1.65075,1.6512,0.80,5.60
2008.03.07 09:53:20.680,1.65075,1.6512,0.80,5.60
2008.03.07 09:53:20.925,1.65075,1.6512,0.80,5.60
2008.03.07 09:53:21.166,1.65075,1.6512,0.80,5.60
2008.03.07 09:53:21.410,1.65075,1.6512,0.80,5.60
2008.03.07 09:53:21.712,1.65075,1.6512,0.80,5.60
2008.03.07 09:53:22.015,1.65075,1.6512,0.80,5.60
2008.03.07 09:53:22.317,1.65075,1.6512,0.80,5.60
2008.03.07 09:53:22.581,1.65075,1.6512,0.80,5.60
2008.03.07 09:53:22.843,1.65075,1.6512,0.80,5.60
2008.03.07 09:53:23.106,1.65075,1.6512,0.80,5.60
2008.03.07 09:53:23.369,1.65075,1.6512,0.80,5.60
2008.03.07 09:53:23.663,1.65075,1.6512,0.80,5.60
2008.03.07 09:53:23.956,1.65075,1.6512,0.80,5.60
2008.03.07 09:53:24.248,1.65075,1.6512,0.80,5.60
2008.03.07 09:53:24.542,1.65075,1.6512,0.80,5.60
2008.03.07 09:53:24.850,1.6507,1.65115,0.80,4.00
2008.03.07 09:53:25.186,1.6507,1.65115,0.80,4.00
2008.03.07 09:53:25.526,1.6507,1.65115,0.80,4.00
2008.03.07 09:53:25.819,1.6507,1.65115,0.80,4.00
2008.03.07 09:53:26.077,1.6507,1.65115,0.80,4.00
2008.03.07 09:53:26.335,1.6507,1.65115,0.80,4.00
2008.03.07 09:53:26.593,1.6507,1.65115,0.80,4.00
2008.03.07 09:53:26.865,1.6507,1.65115,0.80,4.00
2008.03.07 09:53:27.138,1.6507,1.65115,0.80,4.00
2008.03.07 09:53:27.411,1.6507,1.65115,0.80,4.00
2008.03.07 09:53:27.686,1.6507,1.65115,0.80,4.00
2008.03.07 09:53:27.986,1.6507,1.65115,0.80,4.00
2008.03.07 09:53:28.254,1.6507,1.65115,0.80,4.00
2008.03.07 09:53:28.521,1.6507,1.65115,0.80,4.00
2008.03.07 09:53:28.814,1.6507,1.65115,0.80,4.00
2008.03.07 09:53:29.108,1.6507,1.65115,0.80,4.00
2008.03.07 09:53:29.401,1.6507,1.65115,0.80,4.00
2008.03.07 09:53:29.679,1.6508,1.6512,0.80,1.60
2008.03.07 09:53:29.956,1.6508,1.6512,0.80,1.60
2008.03.07 09:53:30.235,1.6508,1.6512,0.80,1.60
2008.03.07 09:53:30.511,1.6508,1.6512,0.80,1.60
2008.03.07 09:53:30.789,1.6508,1.6512,0.80,1.60
2008.03.07 09:53:31.068,1.6508,1.6512,0.80,1.60
2008.03.07 09:53:31.345,1.6508,1.6512,0.80,1.60
2008.03.07 09:53:31.623,1.6508,1.6512,0.80,1.60
2008.03.07 09:53:31.872,1.6508,1.6512,0.80,1.60
2008.03.07 09:53:32.120,1.6508,1.6512,0.80,1.60
2008.03.07 09:53:32.368,1.6508,1.6512,0.80,1.60
2008.03.07 09:53:32.616,1.6508,1.6512,0.80,1.60
2008.03.07 09:53:32.899,1.6508,1.6512,0.80,1.60
2008.03.07 09:53:33.182,1.6508,1.6512,0.80,1.60
2008.03.07 09:53:33.465,1.6508,1.6512,0.80,1.60
2008.03.07 09:53:33.748,1.6508,1.6512,0.80,1.60
2008.03.07 09:53:34.046,1.6508,1.6512,0.80,1.60
2008.03.07 09:53:34.344,1.6508,1.6512,0.80,1.60
2008.03.07 09:53:34.642,1.6508,1.6512,0.80,1.60
2008.03.07 09:53:34.933,1.6508,1.6512,0.80,1.60
2008.03.07 09:53:35.241,1.6508,1.6512,0.80,1.60
2008.03.07 09:53:35.544,1.6508,1.6512,0.80,1.60
2008.03.07 09:53:35.843,1.6508,1.6512,0.80,1.60
2008.03.07 09:53:36.069,1.6508,1.6512,0.80,1.60
2008.03.07 09:53:36.332,1.6508,1.6512,0.80,1.60
2008.03.07 09:53:36.595,1.6508,1.6512,0.80,1.60
2008.03.07 09:53:36.893,1.6508,1.6512,0.80,1.60
2008.03.07 09:53:37.191,1.6508,1.6512,0.80,1.60
2008.03.07 09:53:37.490,1.6508,1.6512,0.80,1.60
2008.03.07 09:53:37.826,1.6508,1.6512,0.80,1.60
2008.03.07 09:53:38.069,1.6508,1.6512,0.80,1.60
2008.03.07 09:53:38.348,1.6508,1.6512,0.80,1.90
2008.03.07 09:53:38.627,1.6508,1.65115,0.80,4.00
2008.03.07 09:53:38.904,1.65075,1.65115,0.80,4.00
2008.03.07 09:53:39.162,1.65075,1.65115,0.80,4.00
2008.03.07 09:53:39.423,1.65075,1.65115,0.80,4.00
2008.03.07 09:53:39.680,1.65075,1.65115,0.80,4.00
2008.03.07 09:53:40.017,1.65075,1.65115,0.80,4.00
2008.03.07 09:53:40.364,1.65075,1.65115,0.80,4.00
2008.03.07 09:53:40.692,1.6507,1.65115,0.80,4.00
2008.03.07 09:53:40.940,1.6507,1.65115,0.80,4.00
2008.03.07 09:53:41.187,1.6507,1.65115,0.80,4.00
2008.03.07 09:53:41.435,1.6507,1.65115,0.80,4.00
2008.03.07 09:53:41.684,1.6507,1.65115,0.80,4.00
2008.03.07 09:53:41.932,1.6507,1.65115,0.80,4.00
2008.03.07 09:53:42.240,1.6507,1.65115,0.80,4.00
2008.03.07 09:53:42.548,1.6507,1.65115,0.80,4.00
2008.03.07 09:53:42.859,1.6507,1.65115,0.80,4.00
2008.03.07 09:53:43.123,1.6507,1.65115,0.80,4.00
2008.03.07 09:53:43.386,1.6507,1.65115,0.80,4.00
2008.03.07 09:53:43.650,1.6507,1.65115,0.80,4.00
2008.03.07 09:53:43.912,1.6507,1.65115,0.80,4.00
2008.03.07 09:53:44.187,1.6507,1.65115,0.80,4.00
2008.03.07 09:53:44.495,1.6507,1.65115,0.80,4.00
2008.03.07 09:53:44.804,1.6507,1.65115,0.80,4.00
2008.03.07 09:53:45.110,1.6507,1.65115,0.80,4.00
2008.03.07 09:53:45.419,1.6507,1.65115,0.80,4.00
2008.03.07 09:53:45.727,1.6507,1.65115,0.80,4.00
2008.03.07 09:53:46.036,1.6507,1.65115,0.80,4.00
2008.03.07 09:53:46.304,1.6507,1.65115,0.80,4.00
2008.03.07 09:53:46.572,1.6507,1.65115,0.80,4.00
2008.03.07 09:53:46.842,1.6507,1.65115,0.80,4.00
2008.03.07 09:53:47.110,1.6507,1.65115,0.80,4.00
2008.03.07 09:53:47.379,1.6507,1.65115,0.80,4.00
2008.03.07 09:53:47.671,1.6507,1.65115,0.80,4.00
2008.03.07 09:53:47.972,1.6507,1.65115,0.80,4.00
2008.03.07 09:53:48.264,1.6507,1.65115,0.80,4.00
2008.03.07 09:53:48.558,1.6507,1.65115,0.80,4.00
2008.03.07 09:53:48.851,1.6507,1.65115,0.80,4.00
2008.03.07 09:53:49.144,1.6507,1.65115,0.80,4.00
2008.03.07 09:53:49.402,1.6507,1.65115,0.80,4.00
2008.03.07 09:53:49.661,1.6507,1.65115,0.80,4.00
2008.03.07 09:53:49.920,1.6507,1.65115,0.80,4.00
2008.03.07 09:53:50.233,1.65075,1.65125,4.00,4.00
2008.03.07 09:53:50.567,1.6508,1.65125,0.80,4.00
2008.03.07 09:53:50.898,1.6508,1.65125,0.80,4.00
2008.03.07 09:53:51.137,1.6508,1.65125,0.80,4.00
2008.03.07 09:53:51.375,1.6508,1.65125,0.80,4.00
2008.03.07 09:53:51.612,1.6508,1.65125,0.80,4.00
2008.03.07 09:53:51.851,1.6508,1.65125,0.80,4.00
2008.03.07 09:53:52.089,1.6508,1.65125,0.80,4.00
2008.03.07 09:53:52.407,1.6508,1.65125,0.80,4.00
2008.03.07 09:53:52.727,1.6508,1.65125,0.80,4.00
2008.03.07 09:53:53.088,1.6508,1.65125,0.80,4.00
2008.03.07 09:53:53.358,1.6508,1.65125,0.80,4.30
2008.03.07 09:53:53.637,1.6508,1.65125,0.80,4.30
2008.03.07 09:53:53.914,1.65075,1.65115,0.80,4.00
2008.03.07 09:53:54.190,1.65075,1.65115,0.80,4.30
2008.03.07 09:53:54.517,1.6507,1.6511,0.80,4.00
2008.03.07 09:53:54.878,1.6507,1.6511,0.80,4.00
2008.03.07 09:53:55.220,1.6507,1.6511,0.80,4.00
2008.03.07 09:53:55.529,1.6507,1.6511,0.80,4.30
2008.03.07 09:53:55.835,1.65075,1.6511,0.80,0.40
2008.03.07 09:53:56.074,1.65075,1.65115,0.80,4.00
2008.03.07 09:53:56.318,1.65075,1.65115,0.80,4.00
2008.03.07 09:53:56.562,1.65075,1.65115,0.80,4.00
2008.03.07 09:53:56.805,1.65075,1.65125,4.80,4.00
2008.03.07 09:53:57.048,1.65075,1.65125,4.80,4.00
2008.03.07 09:53:57.291,1.65075,1.65125,4.80,4.00
2008.03.07 09:53:57.607,1.65075,1.65125,4.00,4.00
2008.03.07 09:53:57.945,1.65075,1.65125,4.00,4.00
2008.03.07 09:53:58.256,1.65075,1.6512,0.80,4.00
2008.03.07 09:53:58.509,1.65075,1.65125,4.80,4.00
2008.03.07 09:53:58.791,1.65075,1.65125,4.80,4.00
2008.03.07 09:53:59.046,1.65075,1.65125,4.80,4.00
2008.03.07 09:53:59.334,1.6508,1.6513,4.00,5.60
2008.03.07 09:53:59.636,1.6508,1.6513,4.00,5.60
2008.03.07 09:53:59.940,1.6508,1.65125,4.00,0.40
2008.03.07 09:54:00.243,1.65075,1.6512,0.80,4.00
2008.03.07 09:54:00.544,1.65075,1.6512,0.80,4.00
2008.03.07 09:54:00.841,1.6508,1.6513,4.00,4.00
2008.03.07 09:54:01.139,1.65075,1.65125,5.00,4.00
2008.03.07 09:54:01.471,1.65075,1.65125,5.00,4.00
2008.03.07 09:54:01.717,1.65085,1.65135,4.00,4.00
2008.03.07 09:54:01.933,1.65085,1.65135,4.00,4.00
2008.03.07 09:54:02.181,1.65085,1.65135,4.00,4.00
2008.03.07 09:54:02.430,1.65085,1.65135,4.00,4.00
2008.03.07 09:54:02.743,1.65085,1.65135,4.00,4.00
2008.03.07 09:54:03.056,1.65085,1.65135,4.00,4.00
2008.03.07 09:54:03.369,1.65085,1.65135,4.00,4.00
2008.03.07 09:54:03.629,1.65085,1.65135,4.00,4.00
2008.03.07 09:54:03.861,1.65085,1.65135,4.00,4.00
2008.03.07 09:54:04.095,1.65085,1.65135,4.00,4.00
2008.03.07 09:54:04.328,1.65085,1.65135,4.00,4.00
2008.03.07 09:54:04.656,1.65085,1.65135,4.00,4.00
2008.03.07 09:54:05.011,1.65085,1.65135,4.00,4.00
2008.03.07 09:54:05.339,1.65085,1.65135,4.00,4.00
2008.03.07 09:54:05.577,1.65085,1.65135,4.00,4.00
2008.03.07 09:54:05.814,1.65085,1.65135,4.00,4.00
2008.03.07 09:54:06.054,1.65085,1.65135,4.00,4.00
2008.03.07 09:54:06.291,1.65085,1.65135,4.00,4.00
2008.03.07 09:54:06.590,1.65085,1.65135,4.00,4.00
2008.03.07 09:54:06.890,1.65085,1.65135,4.00,4.00
2008.03.07 09:54:07.187,1.65085,1.65135,4.00,4.00
2008.03.07 09:54:07.520,1.65085,1.65135,4.00,4.00
2008.03.07 09:54:07.767,1.65085,1.65135,4.00,4.00
2008.03.07 09:54:08.015,1.65085,1.65135,4.00,4.00
2008.03.07 09:54:08.264,1.65085,1.65135,4.00,4.00
2008.03.07 09:54:08.512,1.65085,1.65135,4.00,4.00
2008.03.07 09:54:08.827,1.65085,1.65135,4.00,4.30
2008.03.07 09:54:09.140,1.6508,1.6513,4.00,4.00
2008.03.07 09:54:09.456,1.6508,1.6513,4.00,4.00
2008.03.07 09:54:09.728,1.6508,1.6513,4.00,4.00
2008.03.07 09:54:10.001,1.65085,1.65135,4.00,4.00
2008.03.07 09:54:10.273,1.65085,1.65135,4.00,4.00
2008.03.07 09:54:10.547,1.65085,1.65135,4.00,4.00
2008.03.07 09:54:10.825,1.65085,1.65135,4.00,4.00
2008.03.07 09:54:11.103,1.65085,1.65135,4.00,4.00
2008.03.07 09:54:11.414,1.65085,1.65135,4.00,4.00
2008.03.07 09:54:11.692,1.65085,1.65135,4.00,4.00
2008.03.07 09:54:11.969,1.65085,1.65135,4.00,4.00
2008.03.07 09:54:12.247,1.65085,1.65135,4.00,4.00
2008.03.07 09:54:12.525,1.65085,1.6513,4.20,0.40
2008.03.07 09:54:12.797,1.65085,1.6513,4.20,0.40
2008.03.07 09:54:13.070,1.65085,1.6513,4.20,0.40
2008.03.07 09:54:13.367,1.65085,1.6513,4.20,0.40
2008.03.07 09:54:13.640,1.65085,1.6511,4.00,0.40
2008.03.07 09:54:13.939,1.6507,1.6511,0.80,0.40
2008.03.07 09:54:14.267,1.6507,1.6511,0.80,0.40
2008.03.07 09:54:14.600,1.6507,1.6511,0.80,0.40
2008.03.07 09:54:14.907,1.6507,1.6511,1.00,0.40
2008.03.07 09:54:15.218,1.6507,1.6511,1.00,0.40
2008.03.07 09:54:15.495,1.6507,1.6511,1.00,0.40
2008.03.07 09:54:15.754,1.6507,1.6511,1.00,0.40
2008.03.07 09:54:16.013,1.65085,1.65115,0.20,4.00
2008.03.07 09:54:16.270,1.65085,1.6513,4.20,0.40
2008.03.07 09:54:16.529,1.65085,1.6513,4.20,0.40
2008.03.07 09:54:16.832,1.65085,1.6513,4.20,0.40
2008.03.07 09:54:17.135,1.65085,1.6513,4.20,0.40
2008.03.07 09:54:17.438,1.65085,1.6513,4.20,0.40
2008.03.07 09:54:17.752,1.65085,1.6513,4.20,0.40
2008.03.07 09:54:18.009,1.65085,1.6513,4.20,0.40
2008.03.07 09:54:18.269,1.6508,1.65125,4.20,0.40
2008.03.07 09:54:18.527,1.6508,1.65125,4.20,0.40
2008.03.07 09:54:18.789,1.6508,1.65125,4.20,0.40
2008.03.07 09:54:19.056,1.6508,1.65125,4.20,0.40
2008.03.07 09:54:19.354,1.6508,1.65125,4.20,0.40
2008.03.07 09:54:19.649,1.6508,1.65105,4.80,0.40
2008.03.07 09:54:19.944,1.6509,1.65105,0.80,0.40
2008.03.07 09:54:20.272,1.6509,1.65115,0.80,0.40
2008.03.07 09:54:20.602,1.6509,1.65115,0.80,0.40
2008.03.07 09:54:20.839,1.6509,1.65115,0.80,0.40
2008.03.07 09:54:21.078,1.651,1.6512,0.20,4.00
2008.03.07 09:54:21.349,1.651,1.6514,0.20,1.90
2008.03.07 09:54:21.587,1.651,1.6514,1.00,0.40
2008.03.07 09:54:21.874,1.651,1.6514,1.00,0.40
2008.03.07 09:54:22.163,1.651,1.65145,1.00,4.30
2008.03.07 09:54:22.452,1.651,1.65145,1.00,4.30
2008.03.07 09:54:22.740,1.65105,1.65145,0.80,0.40
2008.03.07 09:54:23.008,1.65105,1.65145,0.80,0.40
2008.03.07 09:54:23.309,1.65105,1.65145,0.80,0.40
2008.03.07 09:54:23.545,1.65105,1.65145,0.80,0.40
2008.03.07 09:54:23.813,1.65105,1.65145,0.80,0.40
2008.03.07 09:54:24.086,1.65105,1.65145,0.80,0.40
2008.03.07 09:54:24.359,1.65105,1.65145,0.80,0.40
2008.03.07 09:54:24.631,1.65105,1.65145,0.80,0.40
2008.03.07 09:54:24.985,1.65105,1.65145,0.80,0.40
2008.03.07 09:54:25.297,1.65105,1.65145,0.80,0.40
2008.03.07 09:54:25.610,1.65105,1.65145,0.80,0.40
2008.03.07 09:54:25.923,1.65105,1.65145,0.80,0.40
2008.03.07 09:54:26.148,1.65105,1.65145,0.80,0.40
2008.03.07 09:54:26.371,1.65105,1.65145,0.80,0.40
2008.03.07 09:54:26.627,1.65105,1.65145,0.80,0.40
2008.03.07 09:54:26.816,1.65105,1.65145,0.80,0.40
2008.03.07 09:54:28.994,1.65105,1.65145,0.80,0.40
2008.03.07 09:54:29.071,1.65105,1.65145,0.80,0.40
2008.03.07 09:54:29.113,1.65105,1.65145,0.80,0.40
2008.03.07 09:54:29.159,1.65105,1.65145,0.80,0.40
2008.03.07 09:54:29.202,1.65105,1.65145,0.80,0.40
2008.03.07 09:54:29.295,1.65105,1.65145,0.80,0.40
2008.03.07 09:54:29.337,1.65105,1.65145,0.80,0.40
2008.03.07 09:54:29.390,1.65105,1.65145,0.80,0.40
2008.03.07 09:54:29.431,1.65105,1.65145,0.80,0.40
2008.03.07 09:54:29.521,1.65105,1.65145,0.80,0.40
2008.03.07 09:54:29.615,1.65105,1.65145,0.80,0.40
2008.03.07 09:54:29.655,1.65105,1.65145,0.80,0.40
2008.03.07 09:54:29.729,1.65105,1.65145,0.80,0.40
2008.03.07 09:54:29.771,1.65105,1.65145,0.80,0.40
2008.03.07 09:54:29.850,1.65105,1.65145,0.80,0.40
2008.03.07 09:54:29.894,1.65105,1.65145,0.80,0.40
2008.03.07 09:54:29.957,1.65105,1.65145,0.80,0.40
2008.03.07 09:54:30.000,1.65105,1.65145,0.80,0.40
2008.03.07 09:54:30.073,1.65105,1.65145,0.80,0.40
2008.03.07 09:54:30.405,1.65105,1.65145,0.80,0.40
2008.03.07 09:54:30.772,1.65105,1.65145,0.80,0.40
2008.03.07 09:54:31.105,1.65105,1.65145,0.80,0.40
2008.03.07 09:54:31.343,1.65105,1.65145,0.80,0.40
2008.03.07 09:54:31.582,1.6511,1.6515,0.20,4.00
2008.03.07 09:54:31.820,1.65115,1.65155,0.80,0.40
2008.03.07 09:54:32.084,1.65115,1.65155,0.80,0.40
2008.03.07 09:54:32.416,1.65115,1.65155,0.80,0.40
2008.03.07 09:54:32.749,1.65115,1.65155,0.80,0.40
2008.03.07 09:54:33.083,1.65115,1.65155,0.80,0.40
2008.03.07 09:54:33.314,1.65115,1.65155,0.80,0.40
2008.03.07 09:54:33.543,1.65115,1.65155,0.80,0.40
2008.03.07 09:54:33.772,1.65115,1.65155,0.80,0.40
2008.03.07 09:54:33.998,1.65115,1.65155,0.80,0.40
2008.03.07 09:54:34.253,1.65115,1.65155,0.80,0.40
2008.03.07 09:54:34.576,1.65115,1.65155,0.80,0.40
2008.03.07 09:54:34.900,1.65115,1.65155,0.80,0.40
2008.03.07 09:54:35.225,1.65115,1.65155,0.80,0.40
2008.03.07 09:54:35.468,1.65115,1.65155,0.80,0.40
2008.03.07 09:54:35.744,1.65115,1.65155,0.80,0.40
2008.03.07 09:54:35.985,1.65115,1.65155,0.80,0.40
2008.03.07 09:54:36.229,1.65115,1.65155,0.80,0.40
2008.03.07 09:54:36.523,1.65115,1.65155,0.80,0.40
2008.03.07 09:54:36.817,1.65115,1.65155,0.80,0.40
2008.03.07 09:54:37.112,1.65115,1.65155,0.80,0.40
2008.03.07 09:54:37.404,1.65115,1.65155,0.80,0.40
2008.03.07 09:54:37.677,1.65115,1.65155,0.80,0.40
2008.03.07 09:54:37.950,1.65115,1.65155,0.80,0.40
2008.03.07 09:54:38.223,1.65115,1.65155,0.80,0.40
2008.03.07 09:54:38.472,1.65115,1.65155,0.80,0.40
2008.03.07 09:54:38.734,1.65115,1.65155,0.80,0.40
2008.03.07 09:54:39.012,1.65115,1.65155,0.80,0.40
2008.03.07 09:54:39.259,1.65115,1.65155,0.80,0.40
2008.03.07 09:54:39.592,1.65115,1.65155,0.80,0.40
2008.03.07 09:54:39.925,1.65115,1.65155,0.80,0.40
2008.03.07 09:54:40.258,1.65115,1.65155,0.80,0.40
2008.03.07 09:54:40.592,1.65115,1.65155,0.80,0.40
2008.03.07 09:54:40.822,1.65115,1.65155,0.80,0.40
2008.03.07 09:54:41.049,1.65115,1.65155,0.80,0.40
2008.03.07 09:54:41.277,1.65115,1.65155,0.80,0.40
2008.03.07 09:54:41.629,1.65115,1.65155,0.80,0.40
2008.03.07 09:54:41.946,1.6512,1.65155,0.80,0.40
2008.03.07 09:54:42.266,1.6512,1.65155,0.80,0.40
2008.03.07 09:54:42.603,1.65115,1.65155,0.80,0.40
2008.03.07 09:54:42.875,1.65115,1.65155,0.80,0.40
2008.03.07 09:54:43.143,1.65115,1.65155,0.80,0.40
2008.03.07 09:54:43.341,1.65115,1.65155,0.80,0.40
2008.03.07 09:54:43.659,1.65115,1.6515,0.80,0.40
2008.03.07 09:54:43.970,1.6511,1.6515,0.80,0.40
2008.03.07 09:54:44.284,1.6511,1.6515,0.80,0.40
2008.03.07 09:54:44.551,1.6511,1.6515,0.80,0.40
2008.03.07 09:54:44.852,1.6511,1.6515,0.80,0.40
2008.03.07 09:54:45.119,1.6511,1.6515,0.80,0.40
2008.03.07 09:54:45.387,1.6511,1.6515,0.80,0.40
2008.03.07 09:54:45.655,1.6511,1.6515,0.80,0.40
2008.03.07 09:54:45.923,1.6511,1.6515,0.80,0.40
2008.03.07 09:54:46.190,1.6511,1.6515,0.80,0.40
2008.03.07 09:54:46.459,1.6511,1.6515,0.80,0.40
2008.03.07 09:54:46.747,1.6511,1.6515,0.80,0.40
2008.03.07 09:54:47.035,1.6511,1.6515,0.80,0.40
2008.03.07 09:54:47.323,1.6511,1.6515,0.80,0.40
2008.03.07 09:54:47.611,1.6511,1.6515,0.80,0.40
2008.03.07 09:54:47.853,1.6511,1.6515,0.80,0.40
2008.03.07 09:54:48.096,1.6511,1.6515,0.80,0.40
2008.03.07 09:54:48.339,1.6511,1.6515,0.80,0.40
2008.03.07 09:54:48.582,1.6511,1.6515,0.80,0.40
2008.03.07 09:54:48.880,1.6511,1.6515,0.80,0.40
2008.03.07 09:54:49.179,1.6511,1.65125,0.80,0.40
2008.03.07 09:54:49.509,1.65095,1.6513,0.20,8.00
2008.03.07 09:54:49.798,1.65095,1.6514,4.20,0.40
2008.03.07 09:54:50.086,1.651,1.65125,0.80,0.40
2008.03.07 09:54:50.375,1.651,1.65125,0.80,0.40
2008.03.07 09:54:50.664,1.651,1.6513,1.00,4.00
2008.03.07 09:54:50.923,1.651,1.6514,1.00,0.40
2008.03.07 09:54:51.179,1.651,1.6514,1.00,0.40
2008.03.07 09:54:51.439,1.651,1.6514,1.00,0.40
2008.03.07 09:54:51.697,1.651,1.6514,1.00,0.40
2008.03.07 09:54:52.005,1.651,1.65145,1.00,4.30
2008.03.07 09:54:52.314,1.65105,1.65145,0.80,0.40
2008.03.07 09:54:52.621,1.65105,1.65145,0.80,0.40
2008.03.07 09:54:52.854,1.65105,1.65145,0.80,0.40
2008.03.07 09:54:53.087,1.65105,1.65145,0.80,0.40
2008.03.07 09:54:53.354,1.65105,1.65145,0.80,0.40
2008.03.07 09:54:53.553,1.65105,1.65145,0.80,0.40
2008.03.07 09:54:53.861,1.65105,1.65145,0.80,0.40
2008.03.07 09:54:54.170,1.65105,1.6515,1.00,4.30
2008.03.07 09:54:54.478,1.6511,1.6515,0.80,0.40
2008.03.07 09:54:54.786,1.6511,1.6515,0.80,0.40
2008.03.07 09:54:55.089,1.6511,1.6515,0.80,0.40
2008.03.07 09:54:55.394,1.6511,1.6514,0.80,0.40
2008.03.07 09:54:55.697,1.651,1.6514,1.00,0.40
2008.03.07 09:54:55.960,1.651,1.6514,1.00,0.40
2008.03.07 09:54:56.236,1.651,1.6514,1.00,0.40
2008.03.07 09:54:56.472,1.651,1.6514,1.00,0.40
2008.03.07 09:54:56.711,1.651,1.6514,1.00,0.40
2008.03.07 09:54:57.014,1.651,1.6514,1.00,0.40
2008.03.07 09:54:57.316,1.651,1.6514,1.00,0.40
2008.03.07 09:54:57.621,1.651,1.6514,1.00,0.40
2008.03.07 09:54:57.879,1.651,1.6514,1.00,0.40
2008.03.07 09:54:58.137,1.651,1.6514,1.00,0.40
2008.03.07 09:54:58.395,1.651,1.6514,1.00,0.40
2008.03.07 09:54:58.653,1.651,1.6514,1.00,0.40
2008.03.07 09:54:58.952,1.651,1.6514,1.00,0.40
2008.03.07 09:54:59.219,1.651,1.6514,1.00,0.40
2008.03.07 09:54:59.487,1.651,1.6514,1.00,0.40
2008.03.07 09:54:59.755,1.651,1.6514,1.00,0.40
2008.03.07 09:55:00.069,1.651,1.65135,0.80,0.40
2008.03.07 09:55:00.381,1.65095,1.65135,4.00,0.40
2008.03.07 09:55:00.695,1.6509,1.65135,1.00,4.30
2008.03.07 09:55:00.958,1.6509,1.65135,1.00,4.30
2008.03.07 09:55:01.237,1.6509,1.65135,1.00,4.30
2008.03.07 09:55:01.485,1.6509,1.65135,1.00,4.30
2008.03.07 09:55:01.731,1.6509,1.65135,1.00,4.30
2008.03.07 09:55:02.034,1.6509,1.65135,1.00,4.30
2008.03.07 09:55:02.338,1.6509,1.65135,1.00,4.30
2008.03.07 09:55:02.640,1.6509,1.65135,1.00,4.30
2008.03.07 09:55:02.943,1.6509,1.65135,1.00,4.30
2008.03.07 09:55:03.199,1.6509,1.65135,1.00,4.30
2008.03.07 09:55:03.482,1.6509,1.65135,1.00,4.30
2008.03.07 09:55:03.697,1.6509,1.65135,1.00,4.30
2008.03.07 09:55:03.999,1.6509,1.65135,1.00,4.30
2008.03.07 09:55:04.301,1.6509,1.65135,1.00,4.30
2008.03.07 09:55:04.604,1.6509,1.65135,1.00,4.30
2008.03.07 09:55:04.907,1.6509,1.65135,1.00,4.30
2008.03.07 09:55:05.206,1.6509,1.65135,1.00,4.30
2008.03.07 09:55:05.503,1.6509,1.65135,1.00,4.30
2008.03.07 09:55:05.801,1.6509,1.65135,1.00,4.30
2008.03.07 09:55:06.054,1.6509,1.65135,1.00,4.30
2008.03.07 09:55:06.338,1.6509,1.65135,1.00,4.30
2008.03.07 09:55:06.590,1.6509,1.65135,1.00,4.30
2008.03.07 09:55:06.843,1.6509,1.65135,1.00,4.30
2008.03.07 09:55:07.126,1.6509,1.65135,1.00,4.30
2008.03.07 09:55:07.410,1.6509,1.65135,1.00,4.30
2008.03.07 09:55:07.694,1.651,1.65135,0.80,0.40
2008.03.07 09:55:07.976,1.651,1.65135,0.80,0.40
2008.03.07 09:55:08.254,1.651,1.65135,0.80,0.40
2008.03.07 09:55:08.531,1.651,1.65135,0.80,0.40
2008.03.07 09:55:08.811,1.651,1.65135,0.80,0.40
2008.03.07 09:55:09.089,1.651,1.65135,0.80,0.40
2008.03.07 09:55:09.346,1.651,1.65135,0.80,0.40
2008.03.07 09:55:09.623,1.651,1.65135,0.80,0.40
2008.03.07 09:55:09.881,1.651,1.65135,0.80,0.40
2008.03.07 09:55:10.199,1.651,1.65135,0.80,0.40
2008.03.07 09:55:10.517,1.65095,1.65135,0.20,4.30
2008.03.07 09:55:10.836,1.6509,1.65135,1.00,4.30
2008.03.07 09:55:11.155,1.6509,1.65135,1.00,4.30
2008.03.07 09:55:11.414,1.6509,1.65135,1.00,4.30
2008.03.07 09:55:11.672,1.6509,1.65135,1.00,4.30
2008.03.07 09:55:11.929,1.6509,1.65135,1.00,4.30
2008.03.07 09:55:12.217,1.6509,1.65135,1.00,4.30
2008.03.07 09:55:12.506,1.6509,1.65135,1.00,4.30
2008.03.07 09:55:12.794,1.6509,1.65135,1.00,4.30
2008.03.07 09:55:13.081,1.6509,1.65135,1.00,4.30
2008.03.07 09:55:13.340,1.6509,1.65135,1.00,4.30
2008.03.07 09:55:13.619,1.6509,1.65135,1.00,4.30
2008.03.07 09:55:13.877,1.6509,1.65135,1.00,4.30
2008.03.07 09:55:14.135,1.6509,1.65135,1.00,4.30
2008.03.07 09:55:14.418,1.6509,1.65135,1.00,4.30
2008.03.07 09:55:14.700,1.6509,1.65135,1.00,4.30
2008.03.07 09:55:15.017,1.6509,1.65135,1.00,4.30
2008.03.07 09:55:15.281,1.6509,1.65135,1.00,4.30
2008.03.07 09:55:15.579,1.6509,1.65135,1.00,4.30
2008.03.07 09:55:15.877,1.6509,1.65135,1.00,4.30
2008.03.07 09:55:16.175,1.6509,1.6513,1.00,0.40
2008.03.07 09:55:16.424,1.6509,1.6513,1.00,0.40
2008.03.07 09:55:16.704,1.6509,1.6513,1.00,0.40
2008.03.07 09:55:16.951,1.6509,1.6513,1.00,0.40
2008.03.07 09:55:17.199,1.6509,1.6513,1.00,0.40
2008.03.07 09:55:17.492,1.6509,1.6513,1.00,0.40
2008.03.07 09:55:17.786,1.6509,1.6513,1.00,0.40
2008.03.07 09:55:18.079,1.6509,1.6513,1.00,0.40
2008.03.07 09:55:18.337,1.6509,1.6513,1.00,0.40
2008.03.07 09:55:18.594,1.6509,1.6513,1.00,0.40
2008.03.07 09:55:18.852,1.6509,1.6513,1.00,0.40
2008.03.07 09:55:19.111,1.6509,1.6513,1.00,0.40
2008.03.07 09:55:19.417,1.6509,1.6513,1.00,0.40
2008.03.07 09:55:19.657,1.65095,1.65135,0.20,4.00
2008.03.07 09:55:19.931,1.651,1.6514,0.80,0.40
2008.03.07 09:55:20.203,1.651,1.6514,0.80,0.40
2008.03.07 09:55:20.517,1.651,1.65145,1.00,4.30
2008.03.07 09:55:20.831,1.65105,1.65145,0.80,0.40
2008.03.07 09:55:21.169,1.65105,1.65145,0.80,0.40
2008.03.07 09:55:21.436,1.65105,1.65145,0.80,0.40
2008.03.07 09:55:21.712,1.65105,1.65145,0.80,0.40
2008.03.07 09:55:21.982,1.65105,1.65145,0.80,0.40
2008.03.07 09:55:22.252,1.6511,1.6515,0.20,4.30
2008.03.07 09:55:22.537,1.6511,1.6515,1.30,0.40
2008.03.07 09:55:22.859,1.6511,1.65135,0.40,0.40
2008.03.07 09:55:23.183,1.65105,1.65135,0.80,0.40
2008.03.07 09:55:23.426,1.65105,1.65135,0.80,0.40
2008.03.07 09:55:23.669,1.65105,1.65145,0.80,4.30
2008.03.07 09:55:23.913,1.6511,1.65145,0.80,4.00
2008.03.07 09:55:24.156,1.6511,1.6515,1.10,0.40
2008.03.07 09:55:24.435,1.65115,1.65155,0.20,4.30
2008.03.07 09:55:24.740,1.65115,1.65155,0.20,4.30
2008.03.07 09:55:25.018,1.65115,1.65155,1.00,0.40
2008.03.07 09:55:25.296,1.65115,1.65145,0.80,0.40
2008.03.07 09:55:25.609,1.6511,1.65145,4.00,0.40
2008.03.07 09:55:25.923,1.6511,1.65145,4.00,0.40
2008.03.07 09:55:26.236,1.65105,1.65145,0.80,0.40
2008.03.07 09:55:26.473,1.65105,1.65145,0.80,0.40
2008.03.07 09:55:26.712,1.65105,1.65135,0.80,0.40
2008.03.07 09:55:26.983,1.651,1.65135,0.80,0.40
2008.03.07 09:55:27.189,1.651,1.65135,0.80,0.40
2008.03.07 09:55:27.495,1.651,1.65135,0.80,0.40
2008.03.07 09:55:27.803,1.651,1.65135,0.80,0.40
2008.03.07 09:55:28.112,1.6509,1.65135,1.00,4.30
2008.03.07 09:55:28.420,1.6509,1.65135,1.00,4.30
2008.03.07 09:55:28.668,1.6509,1.65135,1.00,4.30
2008.03.07 09:55:28.915,1.6509,1.65135,1.00,4.30
2008.03.07 09:55:29.164,1.6509,1.6513,1.00,0.40
2008.03.07 09:55:29.411,1.6509,1.6513,1.00,0.40
2008.03.07 09:55:29.699,1.6509,1.6513,0.80,0.40
2008.03.07 09:55:29.987,1.6509,1.6513,0.80,0.40
2008.03.07 09:55:30.275,1.65095,1.65135,0.20,4.30
2008.03.07 09:55:30.574,1.651,1.65135,0.80,4.30
2008.03.07 09:55:30.852,1.651,1.6514,1.00,4.30
2008.03.07 09:55:31.141,1.651,1.65145,1.00,4.30
2008.03.07 09:55:31.430,1.651,1.65145,1.00,4.30
2008.03.07 09:55:31.714,1.6511,1.6515,0.40,0.40
2008.03.07 09:55:32.025,1.6511,1.6515,0.40,0.40
2008.03.07 09:55:32.339,1.6511,1.6515,0.40,0.40
2008.03.07 09:55:32.597,1.6511,1.6515,0.40,0.40
2008.03.07 09:55:32.854,1.6511,1.6515,0.40,0.40
2008.03.07 09:55:33.112,1.6511,1.6515,0.40,0.40
2008.03.07 09:55:33.369,1.6511,1.6515,0.40,0.40
2008.03.07 09:55:33.653,1.6511,1.6515,0.40,0.40
2008.03.07 09:55:33.936,1.6511,1.6515,1.10,0.40
2008.03.07 09:55:34.258,1.6511,1.6515,1.10,0.40
2008.03.07 09:55:34.573,1.6511,1.6515,1.10,0.40
2008.03.07 09:55:34.861,1.6511,1.6515,1.10,0.40
2008.03.07 09:55:35.184,1.6511,1.6515,1.10,0.40
2008.03.07 09:55:35.507,1.6511,1.6515,1.10,0.40
2008.03.07 09:55:35.745,1.6511,1.6515,1.10,0.40
2008.03.07 09:55:35.984,1.6511,1.6515,1.10,0.40
2008.03.07 09:55:36.254,1.6511,1.6515,1.10,0.40
2008.03.07 09:55:36.459,1.6511,1.6515,1.10,0.40
2008.03.07 09:55:36.757,1.6511,1.6515,1.10,0.40
2008.03.07 09:55:37.055,1.6511,1.6515,1.10,0.40
2008.03.07 09:55:37.353,1.6511,1.6515,1.10,0.40
2008.03.07 09:55:37.686,1.6511,1.6515,1.10,0.40
2008.03.07 09:55:37.906,1.6511,1.6515,1.10,0.40
2008.03.07 09:55:38.159,1.6511,1.6515,1.10,0.40
2008.03.07 09:55:38.412,1.6511,1.6515,1.10,0.40
2008.03.07 09:55:38.735,1.6511,1.6515,1.10,0.40
2008.03.07 09:55:39.029,1.6511,1.6515,1.10,0.40
2008.03.07 09:55:39.320,1.6511,1.6515,1.10,0.40
2008.03.07 09:55:39.613,1.6511,1.6515,1.10,0.40
2008.03.07 09:55:39.896,1.6511,1.6515,1.10,0.40
2008.03.07 09:55:40.179,1.6511,1.6515,1.10,0.40
2008.03.07 09:55:40.463,1.6511,1.6515,1.10,0.40
2008.03.07 09:55:40.746,1.6511,1.6515,1.10,0.40
2008.03.07 09:55:41.004,1.6511,1.6515,1.10,0.40
2008.03.07 09:55:41.262,1.6511,1.6515,1.10,0.40
2008.03.07 09:55:41.520,1.6511,1.6515,1.10,0.40
2008.03.07 09:55:41.803,1.6511,1.6515,1.10,0.40
2008.03.07 09:55:42.086,1.65115,1.65155,0.20,4.00
2008.03.07 09:55:42.371,1.65115,1.6516,4.20,0.40
2008.03.07 09:55:42.654,1.6512,1.6516,0.80,0.40
2008.03.07 09:55:42.922,1.6512,1.6516,0.80,0.40
2008.03.07 09:55:43.223,1.6512,1.6516,0.80,0.40
2008.03.07 09:55:43.459,1.65125,1.65165,0.20,4.00
2008.03.07 09:55:43.728,1.65145,1.65175,0.20,4.00
2008.03.07 09:55:43.995,1.65145,1.6519,4.20,0.40
2008.03.07 09:55:44.264,1.65145,1.6518,4.00,0.40
2008.03.07 09:55:44.532,1.6514,1.6518,1.10,0.40
2008.03.07 09:55:44.800,1.6514,1.6518,1.10,0.40
2008.03.07 09:55:45.133,1.6514,1.6518,1.10,0.40
2008.03.07 09:55:45.466,1.6514,1.6518,1.10,0.40
2008.03.07 09:55:45.819,1.6514,1.6518,1.10,0.40
2008.03.07 09:55:46.046,1.6514,1.6518,1.10,0.40
2008.03.07 09:55:46.274,1.6514,1.6518,1.10,0.40
2008.03.07 09:55:46.502,1.6514,1.6518,1.10,0.40
2008.03.07 09:55:46.730,1.6514,1.6518,1.10,0.40
2008.03.07 09:55:47.073,1.6514,1.6518,1.10,0.40
2008.03.07 09:55:47.396,1.6515,1.6519,0.40,0.40
2008.03.07 09:55:47.719,1.6515,1.6519,1.10,0.40
2008.03.07 09:55:47.968,1.6515,1.6519,1.10,0.40
2008.03.07 09:55:48.216,1.6515,1.6519,1.10,0.40
2008.03.07 09:55:48.464,1.6515,1.6519,1.10,0.40
2008.03.07 09:55:48.738,1.6515,1.6519,1.10,0.40
2008.03.07 09:55:49.034,1.6515,1.6519,1.10,0.40
2008.03.07 09:55:49.333,1.6518,1.65215,0.40,0.40
2008.03.07 09:55:49.632,1.6518,1.65205,0.40,0.40
2008.03.07 09:55:49.931,1.65175,1.65205,0.80,0.40
2008.03.07 09:55:50.209,1.65175,1.65205,0.80,0.40
2008.03.07 09:55:50.487,1.65175,1.65205,0.80,0.40
2008.03.07 09:55:50.765,1.65175,1.65205,0.80,0.40
2008.03.07 09:55:51.043,1.65175,1.65205,0.80,0.40
2008.03.07 09:55:51.350,1.65175,1.65205,0.80,0.40
2008.03.07 09:55:51.683,1.65165,1.65205,1.00,0.40
2008.03.07 09:55:51.981,1.65165,1.65205,1.00,0.40
2008.03.07 09:55:52.234,1.65165,1.65205,1.00,0.40
2008.03.07 09:55:52.487,1.65165,1.65205,1.00,0.40
2008.03.07 09:55:52.740,1.65165,1.65205,1.00,0.40
2008.03.07 09:55:52.993,1.65165,1.65205,1.00,0.40
2008.03.07 09:55:53.301,1.65165,1.65205,1.00,0.40
2008.03.07 09:55:53.623,1.65165,1.65205,1.00,0.40
2008.03.07 09:55:53.966,1.65165,1.652,0.80,5.90
2008.03.07 09:55:54.176,1.6516,1.652,0.80,5.90
2008.03.07 09:55:54.418,1.6516,1.652,0.80,5.90
2008.03.07 09:55:54.661,1.65165,1.652,0.20,4.00
2008.03.07 09:55:54.904,1.65165,1.65205,0.20,0.40
2008.03.07 09:55:55.232,1.6517,1.65205,0.40,0.40
2008.03.07 09:55:55.557,1.6517,1.65205,0.40,0.40
2008.03.07 09:55:55.881,1.6517,1.65205,0.40,0.40
2008.03.07 09:55:56.130,1.6517,1.65205,0.40,0.40
2008.03.07 09:55:56.381,1.6517,1.65205,0.40,0.40
2008.03.07 09:55:56.630,1.6517,1.652,0.40,1.90
2008.03.07 09:55:56.893,1.6517,1.652,0.40,5.90
2008.03.07 09:55:57.224,1.6516,1.6519,0.80,0.40
2008.03.07 09:55:57.520,1.6515,1.6519,1.10,0.40
2008.03.07 09:55:57.818,1.6515,1.6519,1.10,0.40
2008.03.07 09:55:58.116,1.6515,1.6519,1.10,0.40
2008.03.07 09:55:58.379,1.6515,1.6519,1.10,0.40
2008.03.07 09:55:58.641,1.6515,1.6519,1.10,0.40
2008.03.07 09:55:58.905,1.6515,1.6519,1.10,0.40
2008.03.07 09:55:59.209,1.6515,1.6518,1.10,0.40
2008.03.07 09:55:59.486,1.6515,1.6518,0.40,0.40
2008.03.07 09:55:59.765,1.6514,1.6518,1.10,0.40
2008.03.07 09:56:00.044,1.6514,1.6518,1.10,0.40
2008.03.07 09:56:00.351,1.6514,1.6518,1.10,0.40
2008.03.07 09:56:00.659,1.6514,1.6518,1.10,0.40
2008.03.07 09:56:00.966,1.6514,1.6518,1.10,0.40
2008.03.07 09:56:01.275,1.6514,1.6518,1.10,0.40
2008.03.07 09:56:01.528,1.6514,1.6518,1.10,0.40
2008.03.07 09:56:01.781,1.6514,1.6518,1.10,0.40
2008.03.07 09:56:02.034,1.6514,1.6518,1.10,0.40
2008.03.07 09:56:02.342,1.6514,1.6518,1.10,0.40
2008.03.07 09:56:02.641,1.6514,1.6518,1.10,0.40
2008.03.07 09:56:02.938,1.6514,1.6518,1.10,0.40
2008.03.07 09:56:03.236,1.6514,1.6518,1.10,0.40
2008.03.07 09:56:03.505,1.6514,1.6518,1.10,0.40
2008.03.07 09:56:03.773,1.6514,1.6518,1.10,0.40
2008.03.07 09:56:04.041,1.6514,1.6518,1.10,0.40
2008.03.07 09:56:04.311,1.6514,1.6518,1.10,0.40
2008.03.07 09:56:04.579,1.6514,1.6518,1.10,0.40
2008.03.07 09:56:04.846,1.6514,1.6516,0.80,0.40
2008.03.07 09:56:05.115,1.6513,1.65165,1.10,4.00
2008.03.07 09:56:05.429,1.6513,1.65165,1.90,4.00
2008.03.07 09:56:05.743,1.6514,1.6517,0.80,0.40
2008.03.07 09:56:06.056,1.6514,1.6517,0.80,0.40
2008.03.07 09:56:06.369,1.6514,1.6517,0.80,0.40
2008.03.07 09:56:06.602,1.6514,1.6517,0.80,0.40
2008.03.07 09:56:06.834,1.6514,1.6517,0.80,0.40
2008.03.07 09:56:07.067,1.6514,1.6517,0.80,0.40
2008.03.07 09:56:07.299,1.6514,1.6517,0.80,0.40
2008.03.07 09:56:07.602,1.6514,1.6517,0.80,0.40
2008.03.07 09:56:07.906,1.6514,1.6517,0.80,0.40
2008.03.07 09:56:08.210,1.6514,1.6517,0.80,0.40
2008.03.07 09:56:08.464,1.6514,1.6517,0.80,0.40
2008.03.07 09:56:08.716,1.6514,1.6517,0.80,0.40
2008.03.07 09:56:08.970,1.6514,1.6517,0.80,0.40
2008.03.07 09:56:09.224,1.6514,1.65175,1.10,4.30
2008.03.07 09:56:09.538,1.6514,1.65175,0.40,0.40
2008.03.07 09:56:09.851,1.6514,1.65175,0.40,0.40
2008.03.07 09:56:10.166,1.6514,1.6518,0.60,4.30
2008.03.07 09:56:10.455,1.6514,1.6518,0.80,0.40
2008.03.07 09:56:10.743,1.6514,1.6518,0.80,1.90
2008.03.07 09:56:11.031,1.6514,1.6518,0.80,1.90
2008.03.07 09:56:11.348,1.6514,1.6518,1.10,1.90
2008.03.07 09:56:11.597,1.6514,1.6518,1.10,1.90
2008.03.07 09:56:11.845,1.6514,1.65175,1.10,0.40
2008.03.07 09:56:12.096,1.6514,1.65175,0.40,0.40
2008.03.07 09:56:12.342,1.6514,1.65175,0.40,0.40
2008.03.07 09:56:12.649,1.6514,1.65175,0.40,0.40
2008.03.07 09:56:12.957,1.6514,1.65175,0.40,0.40
2008.03.07 09:56:13.264,1.6514,1.65175,0.40,0.40
2008.03.07 09:56:13.513,1.6514,1.65175,0.40,0.40
2008.03.07 09:56:13.762,1.6514,1.6517,0.40,0.40
2008.03.07 09:56:14.012,1.6514,1.6517,0.40,0.40
2008.03.07 09:56:14.261,1.65155,1.65175,0.20,4.00
2008.03.07 09:56:14.509,1.6517,1.65175,0.40,4.00
2008.03.07 09:56:14.818,1.6516,1.65185,3.20,0.40
2008.03.07 09:56:15.127,1.65165,1.6518,4.00,0.40
2008.03.07 09:56:15.435,1.65165,1.6518,4.00,0.40
2008.03.07 09:56:15.744,1.6516,1.65175,4.00,0.40
2008.03.07 09:56:16.088,1.65135,1.65175,4.80,0.40
2008.03.07 09:56:16.396,1.6514,1.6518,0.60,4.00
2008.03.07 09:56:16.610,1.65145,1.65185,0.80,0.40
2008.03.07 09:56:16.858,1.65145,1.65185,0.80,0.40
2008.03.07 09:56:17.106,1.65145,1.65185,0.80,0.40
2008.03.07 09:56:17.353,1.65145,1.65185,0.80,0.40
2008.03.07 09:56:19.159,1.65145,1.65185,0.80,0.40
2008.03.07 09:56:19.189,1.6514,1.65175,1.10,4.30
2008.03.07 09:56:19.250,1.6514,1.65175,0.40,4.30
2008.03.07 09:56:19.311,1.6514,1.65175,0.40,0.40
2008.03.07 09:56:19.343,1.6514,1.65175,0.40,0.40
2008.03.07 09:56:19.400,1.6514,1.65175,0.40,0.40
2008.03.07 09:56:19.462,1.6514,1.65175,0.40,0.40
2008.03.07 09:56:19.494,1.6514,1.65175,0.40,0.40
2008.03.07 09:56:19.544,1.6514,1.65175,0.40,0.40
2008.03.07 09:56:19.567,1.6514,1.65175,0.40,0.40
2008.03.07 09:56:19.628,1.6514,1.65175,0.40,0.40
2008.03.07 09:56:19.640,1.6514,1.65175,0.40,0.40
2008.03.07 09:56:19.673,1.6514,1.65175,0.40,0.40
2008.03.07 09:56:19.732,1.6514,1.65175,0.40,0.40
2008.03.07 09:56:19.760,1.6514,1.65175,0.40,0.40
2008.03.07 09:56:19.823,1.6514,1.65175,0.40,0.40
2008.03.07 09:56:19.850,1.6514,1.65175,0.40,0.40
2008.03.07 09:56:19.876,1.6514,1.65175,0.40,0.40
2008.03.07 09:56:19.947,1.6514,1.6516,0.40,0.40
2008.03.07 09:56:20.013,1.6514,1.6516,0.40,0.40
2008.03.07 09:56:20.043,1.6514,1.6516,0.40,0.40
2008.03.07 09:56:20.108,1.6514,1.6516,0.40,0.40
2008.03.07 09:56:20.138,1.6513,1.6516,4.80,0.40
2008.03.07 09:56:20.201,1.6513,1.6516,4.80,0.40
2008.03.07 09:56:20.536,1.6513,1.65165,0.40,4.30
2008.03.07 09:56:20.870,1.6513,1.65165,0.40,0.40
2008.03.07 09:56:21.207,1.6513,1.65165,0.40,0.40
2008.03.07 09:56:21.477,1.6513,1.65165,0.40,0.40
2008.03.07 09:56:21.748,1.6513,1.65165,0.40,0.40
2008.03.07 09:56:21.987,1.6513,1.65165,0.40,0.40
2008.03.07 09:56:22.225,1.6513,1.6517,1.10,0.40
2008.03.07 09:56:22.533,1.6513,1.6517,1.10,0.40
2008.03.07 09:56:22.841,1.6513,1.6517,1.10,0.40
2008.03.07 09:56:23.149,1.6513,1.6517,1.10,0.40
2008.03.07 09:56:23.470,1.6513,1.6517,1.10,0.40
2008.03.07 09:56:23.748,1.6513,1.6517,1.10,0.40
2008.03.07 09:56:24.026,1.6513,1.6517,1.10,0.40
2008.03.07 09:56:24.306,1.6514,1.65175,0.40,4.30
2008.03.07 09:56:24.563,1.6514,1.65175,0.40,0.40
2008.03.07 09:56:24.821,1.6514,1.65175,0.40,0.40
2008.03.07 09:56:25.079,1.6514,1.65175,0.40,0.40
2008.03.07 09:56:25.337,1.6514,1.65175,0.40,0.40
2008.03.07 09:56:25.671,1.6514,1.6517,0.40,0.40
2008.03.07 09:56:26.004,1.6513,1.6517,1.10,0.40
2008.03.07 09:56:26.348,1.6513,1.6517,1.10,0.40
2008.03.07 09:56:26.576,1.6514,1.65175,0.40,4.30
2008.03.07 09:56:26.805,1.6514,1.65175,0.40,0.40
2008.03.07 09:56:27.032,1.6514,1.65175,0.40,0.40
2008.03.07 09:56:27.260,1.6514,1.65175,0.40,0.40
2008.03.07 09:56:27.488,1.6514,1.65175,0.40,0.40
2008.03.07 09:56:27.821,1.6514,1.65175,0.40,0.40
2008.03.07 09:56:28.175,1.6514,1.6518,0.40,4.30
2008.03.07 09:56:28.510,1.6514,1.65175,0.40,0.40
2008.03.07 09:56:28.786,1.6514,1.65175,0.40,0.40
2008.03.07 09:56:29.021,1.6514,1.65175,0.40,0.40
2008.03.07 09:56:29.259,1.6514,1.65175,0.40,0.40
2008.03.07 09:56:29.499,1.6514,1.65175,0.40,0.40
2008.03.07 09:56:29.802,1.6514,1.6518,0.40,4.30
2008.03.07 09:56:30.104,1.6514,1.6518,0.40,4.30
2008.03.07 09:56:30.419,1.6514,1.65175,0.40,0.40
2008.03.07 09:56:30.703,1.6514,1.65175,0.40,0.40
2008.03.07 09:56:30.985,1.6514,1.65175,0.40,0.40
2008.03.07 09:56:31.268,1.6514,1.65175,0.40,0.40
2008.03.07 09:56:31.551,1.6514,1.65175,0.40,0.40
2008.03.07 09:56:31.853,1.6514,1.65175,0.40,0.40
2008.03.07 09:56:32.126,1.6514,1.65175,0.40,0.40
2008.03.07 09:56:32.400,1.6514,1.65175,0.40,0.40
2008.03.07 09:56:32.672,1.6514,1.65175,0.40,0.40
2008.03.07 09:56:32.955,1.6514,1.65175,0.40,0.40
2008.03.07 09:56:33.238,1.6514,1.65175,0.40,0.40
2008.03.07 09:56:33.521,1.6514,1.65175,0.40,4.30
2008.03.07 09:56:33.774,1.6514,1.6517,0.40,0.40
2008.03.07 09:56:34.027,1.6514,1.65175,0.40,4.30
2008.03.07 09:56:34.280,1.6514,1.65175,0.40,0.40
2008.03.07 09:56:34.533,1.6514,1.65175,0.40,0.40
2008.03.07 09:56:34.851,1.6514,1.65175,0.40,0.40
2008.03.07 09:56:35.170,1.6514,1.6517,0.40,0.40
2008.03.07 09:56:35.505,1.6513,1.6517,1.10,0.40
2008.03.07 09:56:35.742,1.6513,1.65175,1.30,4.30
2008.03.07 09:56:35.979,1.6513,1.65175,1.30,4.30
2008.03.07 09:56:36.218,1.6514,1.65175,0.40,0.40
2008.03.07 09:56:36.455,1.6514,1.65175,0.40,0.40
2008.03.07 09:56:36.693,1.6514,1.65175,0.40,0.40
2008.03.07 09:56:37.016,1.6514,1.65175,0.40,0.40
2008.03.07 09:56:37.349,1.6514,1.6518,0.40,4.30
2008.03.07 09:56:37.706,1.6514,1.6518,1.10,0.40
2008.03.07 09:56:37.974,1.6514,1.6518,1.10,0.40
2008.03.07 09:56:38.248,1.6514,1.6518,1.10,0.40
2008.03.07 09:56:38.513,1.6514,1.6518,1.10,0.40
2008.03.07 09:56:38.746,1.6514,1.6518,1.10,0.40
2008.03.07 09:56:39.074,1.6514,1.6518,1.10,0.40
2008.03.07 09:56:39.403,1.6514,1.6518,1.10,0.40
2008.03.07 09:56:39.730,1.6514,1.6518,1.10,0.40
2008.03.07 09:56:39.988,1.6514,1.6518,1.10,0.40
2008.03.07 09:56:40.245,1.6514,1.6518,1.10,0.40
2008.03.07 09:56:40.505,1.6514,1.6518,1.10,0.40
2008.03.07 09:56:40.782,1.6514,1.6518,1.10,0.40
2008.03.07 09:56:41.094,1.6514,1.6518,1.10,0.40
2008.03.07 09:56:41.339,1.6514,1.6518,1.10,0.40
2008.03.07 09:56:41.617,1.6514,1.6518,1.10,0.40
2008.03.07 09:56:41.894,1.6514,1.6518,1.10,0.40
2008.03.07 09:56:42.167,1.6514,1.6518,1.10,0.40
2008.03.07 09:56:42.440,1.6514,1.6518,1.10,0.40
2008.03.07 09:56:42.713,1.6514,1.6518,1.10,0.40
2008.03.07 09:56:42.981,1.6514,1.6518,1.10,0.40
2008.03.07 09:56:43.281,1.6514,1.6518,1.10,0.40
2008.03.07 09:56:43.516,1.6514,1.6518,1.10,0.40
2008.03.07 09:56:43.785,1.6514,1.6518,1.10,0.40
2008.03.07 09:56:44.068,1.6514,1.6518,1.10,0.40
2008.03.07 09:56:44.351,1.6514,1.6518,1.10,0.40
2008.03.07 09:56:44.637,1.6514,1.6518,1.10,0.40
2008.03.07 09:56:44.955,1.6514,1.6518,1.10,0.40
2008.03.07 09:56:45.286,1.6514,1.6518,1.10,0.40
2008.03.07 09:56:45.551,1.6514,1.6518,1.10,0.40
2008.03.07 09:56:45.849,1.6514,1.6518,1.10,0.40
2008.03.07 09:56:46.107,1.6514,1.6518,1.10,0.40
2008.03.07 09:56:46.365,1.6514,1.6518,1.10,0.40
2008.03.07 09:56:46.623,1.6514,1.6518,1.10,0.40
2008.03.07 09:56:46.886,1.6514,1.6518,1.10,0.40
2008.03.07 09:56:47.189,1.6514,1.6518,1.10,0.40
2008.03.07 09:56:47.418,1.6514,1.6518,1.10,0.40
2008.03.07 09:56:47.686,1.6514,1.6518,1.10,0.40
2008.03.07 09:56:47.955,1.6514,1.65175,1.10,0.40
2008.03.07 09:56:48.235,1.6514,1.65175,1.10,0.40
2008.03.07 09:56:48.513,1.6514,1.65175,0.40,0.40
2008.03.07 09:56:48.791,1.6514,1.65175,0.40,0.40
2008.03.07 09:56:49.070,1.6514,1.65175,0.40,0.40
2008.03.07 09:56:49.368,1.6514,1.65175,0.40,0.40
2008.03.07 09:56:49.666,1.6514,1.65175,0.40,0.40
2008.03.07 09:56:49.971,1.6514,1.65175,0.40,0.40
2008.03.07 09:56:50.243,1.6514,1.65175,0.40,0.40
2008.03.07 09:56:50.545,1.6514,1.65175,0.40,0.40
2008.03.07 09:56:50.851,1.6514,1.65175,0.40,0.40
2008.03.07 09:56:51.122,1.6514,1.65175,0.40,0.40
2008.03.07 09:56:51.400,1.6514,1.65175,0.40,0.40
2008.03.07 09:56:51.678,1.6514,1.65175,0.40,0.40
2008.03.07 09:56:51.957,1.6514,1.65175,0.40,0.40
2008.03.07 09:56:52.230,1.6514,1.65175,0.40,0.40
2008.03.07 09:56:52.503,1.6514,1.65175,0.40,0.40
2008.03.07 09:56:52.776,1.6514,1.65175,0.40,0.40
2008.03.07 09:56:53.048,1.6514,1.65175,0.40,0.40
2008.03.07 09:56:53.326,1.6514,1.65175,0.40,0.40
2008.03.07 09:56:53.603,1.6514,1.65175,0.40,0.40
2008.03.07 09:56:53.915,1.65135,1.65165,0.80,0.40
2008.03.07 09:56:54.160,1.6513,1.65165,0.80,0.40
2008.03.07 09:56:54.428,1.6513,1.65165,0.80,0.40
2008.03.07 09:56:54.696,1.6513,1.6516,0.80,0.40
2008.03.07 09:56:54.965,1.6513,1.6516,0.80,0.40
2008.03.07 09:56:55.258,1.6512,1.6516,0.50,4.30
2008.03.07 09:56:55.551,1.6512,1.6516,0.50,4.30
2008.03.07 09:56:55.844,1.65115,1.65155,0.70,4.00
2008.03.07 09:56:56.138,1.65115,1.65155,0.70,4.00
2008.03.07 09:56:56.427,1.65115,1.65155,0.70,4.00
2008.03.07 09:56:56.766,1.65115,1.6515,0.50,0.40
2008.03.07 09:56:57.079,1.65115,1.6515,0.50,0.40
2008.03.07 09:56:57.331,1.65115,1.6515,0.50,0.40
2008.03.07 09:56:57.582,1.65115,1.6515,0.50,0.40
2008.03.07 09:56:57.834,1.65115,1.6515,0.50,0.40
2008.03.07 09:56:58.088,1.65115,1.6515,0.50,0.40
2008.03.07 09:56:58.386,1.65115,1.6515,0.50,0.40
2008.03.07 09:56:58.683,1.65115,1.6515,0.50,0.40
2008.03.07 09:56:58.981,1.65115,1.6515,0.50,0.40
2008.03.07 09:56:59.280,1.65115,1.65155,0.70,4.00
2008.03.07 09:56:59.513,1.65125,1.6516,0.50,1.90
2008.03.07 09:56:59.746,1.65125,1.65145,0.50,0.40
2008.03.07 09:56:59.981,1.65125,1.65145,0.50,0.40
2008.03.07 09:57:00.254,1.65125,1.65145,0.50,0.40
2008.03.07 09:57:00.608,1.65125,1.65145,0.50,0.40
2008.03.07 09:57:00.930,1.65125,1.65145,0.50,0.40
2008.03.07 09:57:01.287,1.65125,1.65145,0.50,0.40
2008.03.07 09:57:01.515,1.65125,1.65145,0.50,0.40
2008.03.07 09:57:01.743,1.65125,1.65145,0.50,0.40
2008.03.07 09:57:01.971,1.6511,1.65145,0.40,0.40
2008.03.07 09:57:02.198,1.6511,1.65145,0.40,0.40
2008.03.07 09:57:02.505,1.6511,1.65145,0.40,0.40
2008.03.07 09:57:02.845,1.6511,1.65135,0.40,0.40
2008.03.07 09:57:03.182,1.651,1.65135,0.40,0.40
2008.03.07 09:57:03.405,1.651,1.65135,0.40,0.40
2008.03.07 09:57:03.664,1.651,1.65135,0.40,0.40
2008.03.07 09:57:03.922,1.651,1.65135,0.40,0.40
2008.03.07 09:57:04.179,1.651,1.65135,0.40,0.40
2008.03.07 09:57:04.471,1.651,1.65135,0.40,0.40
2008.03.07 09:57:04.801,1.651,1.6513,0.40,0.40
2008.03.07 09:57:05.059,1.651,1.6513,0.40,0.40
2008.03.07 09:57:05.352,1.6509,1.6513,0.80,0.40
2008.03.07 09:57:05.634,1.6509,1.6513,0.80,0.40
2008.03.07 09:57:05.918,1.6509,1.6513,0.80,0.40
2008.03.07 09:57:06.201,1.6509,1.6513,0.80,0.40
2008.03.07 09:57:06.488,1.6509,1.6513,0.80,0.40
2008.03.07 09:57:06.777,1.6509,1.6513,0.80,0.40
2008.03.07 09:57:07.065,1.6509,1.6513,0.80,0.40
2008.03.07 09:57:07.353,1.6509,1.6513,0.80,0.40
2008.03.07 09:57:07.638,1.6509,1.6513,0.80,0.40
2008.03.07 09:57:07.848,1.6509,1.6513,0.80,0.40
2008.03.07 09:57:08.096,1.6509,1.6513,0.80,0.40
2008.03.07 09:57:08.344,1.6509,1.6513,0.80,0.40
2008.03.07 09:57:08.642,1.6509,1.6513,0.80,0.40
2008.03.07 09:57:08.941,1.6509,1.6513,0.80,0.40
2008.03.07 09:57:09.273,1.651,1.65135,0.40,0.40
2008.03.07 09:57:09.571,1.651,1.65135,0.40,0.40
2008.03.07 09:57:09.834,1.651,1.65135,0.40,0.40
2008.03.07 09:57:10.096,1.651,1.65135,0.40,0.40
2008.03.07 09:57:10.360,1.651,1.65135,0.40,0.40
2008.03.07 09:57:10.663,1.65095,1.6513,0.50,0.40
2008.03.07 09:57:10.965,1.6509,1.6513,0.80,0.40
2008.03.07 09:57:11.268,1.6509,1.6513,0.80,0.40
2008.03.07 09:57:11.511,1.6509,1.6513,0.80,0.40
2008.03.07 09:57:11.757,1.6509,1.6513,0.80,0.40
2008.03.07 09:57:12.000,1.6509,1.6513,0.80,0.40
2008.03.07 09:57:12.243,1.6509,1.6513,0.80,0.40
2008.03.07 09:57:12.560,1.6509,1.6513,0.80,0.40
2008.03.07 09:57:12.880,1.65105,1.65135,0.20,4.00
2008.03.07 09:57:13.200,1.6511,1.65145,0.50,0.40
2008.03.07 09:57:13.518,1.6511,1.65145,0.50,0.40
2008.03.07 09:57:13.802,1.6511,1.65145,0.50,0.40
2008.03.07 09:57:14.090,1.6511,1.65145,0.50,0.40
2008.03.07 09:57:14.341,1.6511,1.65145,0.50,0.40
2008.03.07 09:57:14.593,1.6511,1.65145,0.50,0.40
2008.03.07 09:57:14.846,1.6511,1.65145,0.50,0.40
2008.03.07 09:57:15.099,1.6511,1.65145,0.50,0.40
2008.03.07 09:57:15.351,1.6511,1.65145,0.50,0.40
2008.03.07 09:57:15.683,1.6511,1.65145,0.50,0.40
2008.03.07 09:57:16.016,1.6511,1.65145,0.50,0.40
2008.03.07 09:57:16.350,1.6511,1.65145,0.50,0.40
2008.03.07 09:57:16.609,1.6511,1.65145,0.50,0.40
2008.03.07 09:57:16.878,1.65115,1.65145,0.20,4.00
2008.03.07 09:57:17.144,1.65115,1.65145,0.20,4.00
2008.03.07 09:57:17.378,1.65115,1.6515,4.00,0.40
2008.03.07 09:57:17.690,1.6511,1.6515,0.80,0.40
2008.03.07 09:57:18.004,1.6511,1.6515,0.80,0.40
2008.03.07 09:57:18.316,1.6511,1.6515,0.80,0.40
2008.03.07 09:57:18.629,1.6511,1.6515,0.80,0.40
2008.03.07 09:57:18.872,1.65125,1.65155,0.20,4.00
2008.03.07 09:57:19.116,1.6513,1.6517,0.70,1.60
2008.03.07 09:57:19.360,1.6513,1.65175,4.70,0.40
2008.03.07 09:57:19.683,1.6514,1.6517,0.40,0.40
2008.03.07 09:57:20.007,1.6514,1.65175,0.40,4.30
2008.03.07 09:57:20.329,1.6514,1.65175,0.40,0.40
2008.03.07 09:57:20.652,1.6514,1.65175,0.40,0.40
2008.03.07 09:57:20.920,1.6514,1.65175,0.40,0.40
2008.03.07 09:57:21.189,1.6514,1.65175,0.40,0.40
2008.03.07 09:57:21.458,1.6514,1.65175,0.40,0.40
2008.03.07 09:57:21.761,1.6514,1.65175,0.40,0.40
2008.03.07 09:57:22.063,1.6514,1.65175,0.40,0.40
2008.03.07 09:57:22.367,1.6514,1.65175,0.40,0.40
2008.03.07 09:57:22.606,1.6514,1.65175,0.40,0.40
2008.03.07 09:57:22.844,1.6514,1.65175,0.40,0.40
2008.03.07 09:57:23.081,1.6514,1.65175,0.40,0.40
2008.03.07 09:57:23.319,1.6514,1.65175,0.40,0.40
2008.03.07 09:57:23.558,1.6514,1.65175,0.40,0.40
2008.03.07 09:57:23.880,1.6514,1.65175,0.40,0.40
2008.03.07 09:57:24.206,1.6514,1.65175,0.40,0.40
2008.03.07 09:57:24.562,1.6514,1.6517,0.40,1.60
2008.03.07 09:57:24.831,1.6513,1.6517,1.00,1.60
2008.03.07 09:57:25.027,1.6513,1.6517,1.00,1.60
2008.03.07 09:57:25.260,1.6513,1.6517,1.00,1.60
2008.03.07 09:57:25.493,1.6513,1.6517,1.00,1.60
2008.03.07 09:57:25.826,1.6513,1.6517,1.00,1.60
2008.03.07 09:57:26.160,1.6513,1.6517,1.00,1.60
2008.03.07 09:57:26.493,1.6513,1.6517,1.00,1.60
2008.03.07 09:57:26.721,1.6513,1.6517,1.00,1.60
2008.03.07 09:57:26.948,1.6513,1.6517,1.00,1.60
2008.03.07 09:57:27.177,1.6513,1.6517,1.00,1.60
2008.03.07 09:57:27.404,1.6513,1.6517,1.00,1.60
2008.03.07 09:57:27.652,1.6513,1.65175,0.60,4.30
2008.03.07 09:57:27.951,1.6514,1.65175,0.40,0.40
2008.03.07 09:57:28.249,1.6514,1.65175,0.40,0.40
2008.03.07 09:57:28.547,1.6514,1.65175,0.40,0.40
2008.03.07 09:57:28.805,1.6514,1.65175,0.40,0.40
2008.03.07 09:57:29.065,1.6514,1.65175,0.40,0.40
2008.03.07 09:57:29.358,1.6514,1.65175,0.40,0.40
2008.03.07 09:57:29.647,1.6514,1.65175,0.40,0.40
2008.03.07 09:57:29.955,1.6514,1.65175,0.40,0.40
2008.03.07 09:57:30.262,1.6514,1.65175,0.40,0.40
2008.03.07 09:57:30.570,1.6514,1.65175,0.40,0.40
2008.03.07 09:57:30.828,1.6514,1.65175,0.40,0.40
2008.03.07 09:57:31.085,1.6514,1.65175,0.40,0.40
2008.03.07 09:57:31.343,1.6514,1.65175,0.40,0.40
2008.03.07 09:57:31.602,1.6514,1.65175,0.40,0.40
2008.03.07 09:57:31.880,1.6514,1.65175,0.40,0.40
2008.03.07 09:57:32.158,1.6514,1.65175,0.40,0.40
2008.03.07 09:57:32.437,1.6514,1.65175,0.40,0.40
2008.03.07 09:57:32.714,1.6514,1.65175,0.40,0.40
2008.03.07 09:57:32.997,1.6514,1.65175,0.40,0.40
2008.03.07 09:57:33.280,1.6514,1.65175,0.40,0.40
2008.03.07 09:57:33.564,1.6514,1.65175,0.40,0.40
2008.03.07 09:57:33.845,1.6514,1.65175,0.40,0.40
2008.03.07 09:57:34.103,1.6514,1.65175,0.40,0.40
2008.03.07 09:57:34.361,1.6514,1.65175,0.40,0.40
2008.03.07 09:57:34.619,1.6514,1.65175,0.40,0.40
2008.03.07 09:57:34.964,1.6514,1.65175,0.40,0.40
2008.03.07 09:57:35.245,1.6514,1.65175,0.40,0.40
2008.03.07 09:57:35.559,1.6514,1.65175,0.40,0.40
2008.03.07 09:57:35.875,1.6514,1.65175,0.40,0.40
2008.03.07 09:57:36.126,1.6514,1.65175,0.40,0.40
2008.03.07 09:57:36.403,1.6514,1.65175,0.40,0.40
2008.03.07 09:57:36.657,1.6514,1.65175,0.40,0.40
2008.03.07 09:57:36.928,1.6514,1.65175,0.40,0.40
2008.03.07 09:57:37.203,1.6514,1.65175,0.40,0.40
2008.03.07 09:57:37.476,1.6514,1.65175,0.40,0.40
2008.03.07 09:57:37.767,1.6514,1.65155,0.40,0.40
2008.03.07 09:57:38.041,1.6512,1.65155,0.40,0.40
2008.03.07 09:57:38.315,1.6512,1.65145,0.40,0.40
2008.03.07 09:57:38.588,1.6511,1.65145,0.70,0.40
2008.03.07 09:57:38.862,1.6511,1.6514,0.70,0.40
2008.03.07 09:57:39.135,1.651,1.6514,0.50,0.40
2008.03.07 09:57:39.408,1.651,1.6514,0.50,0.40
2008.03.07 09:57:39.680,1.651,1.6514,0.50,0.40
2008.03.07 09:57:39.953,1.651,1.6514,0.50,0.40
2008.03.07 09:57:40.251,1.651,1.6514,0.50,0.40
2008.03.07 09:57:40.550,1.6511,1.65155,4.20,0.40
2008.03.07 09:57:40.849,1.6512,1.65155,0.40,0.40
2008.03.07 09:57:41.107,1.6512,1.65155,0.40,0.40
2008.03.07 09:57:41.365,1.6512,1.65145,0.40,0.40
2008.03.07 09:57:41.634,1.65115,1.65145,0.50,0.40
2008.03.07 09:57:41.926,1.6511,1.6514,0.70,0.40
2008.03.07 09:57:42.210,1.6511,1.6514,0.50,0.40
2008.03.07 09:57:42.492,1.6511,1.6514,0.50,0.40
2008.03.07 09:57:42.775,1.6511,1.6514,0.50,0.40
2008.03.07 09:57:43.044,1.6511,1.65145,0.50,0.40
2008.03.07 09:57:43.312,1.6511,1.65145,0.50,0.40
2008.03.07 09:57:43.580,1.6511,1.65145,0.70,0.40
2008.03.07 09:57:43.848,1.6511,1.65145,0.70,0.40
2008.03.07 09:57:44.144,1.6511,1.65145,0.70,0.40
2008.03.07 09:57:44.447,1.6511,1.65145,0.70,0.40
2008.03.07 09:57:44.749,1.6511,1.65145,0.70,0.40
2008.03.07 09:57:45.051,1.6511,1.65145,0.70,0.40
2008.03.07 09:57:45.335,1.6511,1.6514,0.40,0.40
2008.03.07 09:57:45.655,1.6511,1.65145,0.40,4.30
2008.03.07 09:57:45.973,1.6511,1.65145,0.70,0.40
2008.03.07 09:57:46.217,1.6511,1.65145,0.70,0.40
2008.03.07 09:57:46.461,1.6511,1.65145,0.70,0.40
2008.03.07 09:57:46.703,1.6511,1.65145,0.70,0.40
2008.03.07 09:57:46.946,1.6511,1.65145,0.70,0.40
2008.03.07 09:57:47.220,1.6511,1.6514,0.40,0.40
2008.03.07 09:57:47.493,1.6511,1.6514,0.40,0.40
2008.03.07 09:57:47.766,1.6511,1.6514,0.40,0.40
2008.03.07 09:57:48.075,1.6511,1.65145,0.40,4.30
2008.03.07 09:57:48.378,1.6511,1.65145,0.70,4.30
2008.03.07 09:57:48.680,1.6511,1.65145,0.70,0.40
2008.03.07 09:57:48.983,1.6511,1.65145,0.70,0.40
2008.03.07 09:57:49.236,1.6511,1.65145,0.70,0.40
2008.03.07 09:57:49.515,1.6511,1.65145,0.70,0.40
2008.03.07 09:57:49.803,1.6511,1.65145,0.70,0.40
2008.03.07 09:57:50.020,1.6511,1.65145,0.70,0.40
2008.03.07 09:57:50.349,1.6511,1.6514,0.40,0.40
2008.03.07 09:57:50.677,1.6511,1.6514,0.40,0.40
2008.03.07 09:57:51.006,1.6511,1.6514,0.40,0.40
2008.03.07 09:57:51.234,1.6511,1.6514,0.40,0.40
2008.03.07 09:57:51.476,1.6511,1.6514,0.40,0.40
2008.03.07 09:57:51.704,1.6511,1.6514,0.40,0.40
2008.03.07 09:57:51.933,1.6511,1.6514,0.40,0.40
2008.03.07 09:57:52.236,1.6511,1.6514,0.40,0.40
2008.03.07 09:57:52.539,1.6511,1.6514,0.40,0.40
2008.03.07 09:57:52.842,1.6511,1.6514,0.40,0.40
2008.03.07 09:57:53.145,1.6511,1.6514,0.40,0.40
2008.03.07 09:57:53.403,1.6511,1.6514,0.40,0.40
2008.03.07 09:57:53.661,1.6511,1.6514,0.40,0.40
2008.03.07 09:57:53.919,1.6511,1.6514,0.40,0.40
2008.03.07 09:57:54.177,1.6511,1.6514,0.40,0.40
2008.03.07 09:57:54.451,1.6511,1.6514,0.40,0.40
2008.03.07 09:57:54.723,1.6511,1.6514,0.40,0.40
2008.03.07 09:57:54.997,1.6511,1.6515,0.70,0.40
2008.03.07 09:57:55.304,1.6511,1.6515,0.70,0.40
2008.03.07 09:57:55.640,1.6511,1.6515,0.70,0.40
2008.03.07 09:57:55.983,1.6511,1.6515,0.70,0.40
2008.03.07 09:57:56.325,1.6511,1.6515,0.70,0.40
2008.03.07 09:57:56.539,1.6511,1.6514,0.40,0.40
2008.03.07 09:57:56.788,1.6511,1.6514,0.40,0.40
2008.03.07 09:57:57.036,1.6511,1.6514,0.40,0.40
2008.03.07 09:57:57.283,1.6511,1.6514,0.40,0.40
2008.03.07 09:57:57.586,1.6511,1.6514,0.40,0.40
2008.03.07 09:57:57.889,1.6511,1.6514,0.40,0.40
2008.03.07 09:57:58.192,1.6511,1.6514,0.40,0.40
2008.03.07 09:57:58.483,1.6511,1.6514,0.40,0.40
2008.03.07 09:57:58.785,1.6511,1.6514,0.40,0.40
2008.03.07 09:57:59.019,1.6511,1.6514,0.40,0.40
2008.03.07 09:57:59.288,1.6511,1.6514,0.40,0.40
2008.03.07 09:57:59.572,1.6511,1.6514,0.40,0.40
2008.03.07 09:57:59.855,1.6511,1.6514,0.40,0.40
2008.03.07 09:58:00.138,1.6511,1.6514,0.40,0.40
2008.03.07 09:58:00.431,1.6511,1.6514,0.40,0.40
2008.03.07 09:58:00.715,1.6511,1.6514,0.40,0.40
2008.03.07 09:58:00.999,1.6511,1.6514,0.40,0.40
2008.03.07 09:58:01.282,1.6511,1.6514,0.40,0.40
2008.03.07 09:58:01.538,1.6511,1.6514,0.40,0.40
2008.03.07 09:58:01.797,1.6511,1.6514,0.40,0.40
2008.03.07 09:58:02.055,1.6511,1.6514,0.40,0.40
2008.03.07 09:58:02.313,1.6511,1.6514,0.40,0.40
2008.03.07 09:58:02.633,1.6511,1.6514,0.40,0.40
2008.03.07 09:58:02.962,1.6511,1.65145,0.40,4.30
2008.03.07 09:58:03.284,1.6511,1.65145,0.70,0.40
2008.03.07 09:58:03.556,1.6511,1.65145,0.70,0.40
2008.03.07 09:58:03.830,1.6511,1.65145,0.70,0.40
2008.03.07 09:58:04.103,1.6511,1.65145,0.70,0.40
2008.03.07 09:58:04.376,1.6511,1.65145,0.70,0.40
2008.03.07 09:58:04.644,1.6511,1.65145,0.70,0.40
2008.03.07 09:58:04.952,1.6511,1.65145,0.70,0.40
2008.03.07 09:58:05.219,1.6511,1.65145,0.70,0.40
2008.03.07 09:58:05.488,1.6511,1.65145,0.70,0.40
2008.03.07 09:58:05.770,1.6511,1.65145,0.70,0.40
2008.03.07 09:58:06.053,1.6511,1.65145,0.70,0.40
2008.03.07 09:58:06.336,1.6511,1.6515,0.70,0.40
2008.03.07 09:58:06.618,1.6511,1.6515,0.70,0.40
2008.03.07 09:58:06.901,1.6511,1.6515,0.70,0.40
2008.03.07 09:58:07.186,1.6511,1.6515,0.70,0.40
2008.03.07 09:58:07.468,1.6511,1.6515,0.70,0.40
2008.03.07 09:58:07.756,1.6511,1.6515,0.70,0.40
2008.03.07 09:58:08.044,1.6511,1.65145,0.40,4.00
2008.03.07 09:58:08.332,1.6511,1.6514,0.40,0.40
2008.03.07 09:58:08.591,1.6511,1.6514,0.40,0.40
2008.03.07 09:58:08.849,1.6511,1.6514,0.40,0.40
2008.03.07 09:58:09.111,1.6511,1.65145,0.40,4.30
2008.03.07 09:58:09.405,1.6511,1.65145,0.40,4.30
2008.03.07 09:58:09.720,1.6511,1.65145,0.40,4.30
2008.03.07 09:58:10.037,1.6511,1.65145,0.40,4.30
2008.03.07 09:58:10.327,1.6511,1.65145,0.40,4.30
2008.03.07 09:58:10.636,1.6511,1.65145,0.40,4.30
2008.03.07 09:58:10.943,1.6511,1.65145,0.40,4.30
2008.03.07 09:58:11.251,1.6511,1.65145,0.40,4.30
2008.03.07 09:58:11.558,1.6511,1.65145,0.40,4.30
2008.03.07 09:58:11.806,1.6511,1.6514,0.40,0.40
2008.03.07 09:58:12.055,1.6511,1.6514,0.40,0.40
2008.03.07 09:58:12.302,1.6511,1.6514,0.40,0.40
2008.03.07 09:58:12.551,1.6511,1.6514,0.40,0.40
2008.03.07 09:58:12.858,1.6511,1.6514,0.40,0.40
2008.03.07 09:58:13.177,1.6511,1.65145,0.40,4.30
2008.03.07 09:58:13.520,1.6511,1.65145,0.40,4.30
2008.03.07 09:58:13.806,1.6511,1.65145,0.40,4.30
2008.03.07 09:58:14.017,1.6511,1.65145,0.40,4.30
2008.03.07 09:58:14.265,1.6511,1.65145,0.40,4.30
2008.03.07 09:58:14.512,1.6511,1.65145,0.40,4.30
2008.03.07 09:58:14.811,1.6511,1.65145,0.40,4.30
2008.03.07 09:58:15.110,1.6511,1.65135,0.40,0.40
2008.03.07 09:58:15.432,1.65095,1.65135,0.20,4.30
2008.03.07 09:58:15.729,1.65095,1.65135,0.20,0.40
2008.03.07 09:58:16.014,1.651,1.65135,0.40,0.40
2008.03.07 09:58:16.297,1.651,1.65135,0.40,0.40
2008.03.07 09:58:16.618,1.651,1.65135,0.40,0.40
2008.03.07 09:58:16.890,1.651,1.65135,0.40,0.40
2008.03.07 09:58:17.162,1.651,1.65135,0.70,0.40
2008.03.07 09:58:17.436,1.651,1.65135,0.70,0.40
2008.03.07 09:58:17.709,1.65125,1.6516,0.50,4.00
2008.03.07 09:58:17.988,1.65125,1.65165,0.50,0.40
2008.03.07 09:58:18.266,1.65125,1.65165,0.50,0.40
2008.03.07 09:58:18.544,1.6513,1.65165,0.40,0.40
2008.03.07 09:58:18.811,1.6513,1.65165,0.40,0.40
2008.03.07 09:58:19.080,1.6513,1.65165,0.40,0.40
2008.03.07 09:58:19.347,1.6513,1.65165,0.40,0.40
2008.03.07 09:58:19.639,1.6513,1.65165,0.40,0.40
2008.03.07 09:58:19.920,1.6513,1.65165,0.40,0.40
2008.03.07 09:58:20.203,1.6513,1.6516,0.40,0.40
2008.03.07 09:58:20.487,1.65125,1.6516,0.50,0.40
2008.03.07 09:58:20.760,1.65125,1.6516,0.50,0.40
2008.03.07 09:58:21.033,1.65125,1.6516,0.50,0.40
2008.03.07 09:58:21.307,1.65125,1.65155,0.50,0.40
2008.03.07 09:58:21.603,1.65125,1.65155,0.50,0.40
2008.03.07 09:58:21.875,1.65125,1.65155,0.50,0.40
2008.03.07 09:58:22.148,1.65125,1.65155,0.50,0.40
2008.03.07 09:58:22.421,1.65125,1.65155,0.50,0.40
2008.03.07 09:58:22.694,1.65125,1.65155,0.50,0.40
2008.03.07 09:58:22.969,1.65125,1.65155,0.50,0.40
2008.03.07 09:58:23.242,1.65125,1.6515,0.50,0.40
2008.03.07 09:58:23.514,1.65125,1.6515,0.50,0.40
2008.03.07 09:58:23.787,1.6512,1.6515,0.40,0.40
2008.03.07 09:58:24.050,1.6512,1.6515,0.40,0.40
2008.03.07 09:58:24.313,1.6512,1.6515,0.40,0.40
2008.03.07 09:58:24.600,1.6512,1.6515,0.40,0.40
2008.03.07 09:58:24.862,1.6512,1.6515,0.40,0.40
2008.03.07 09:58:25.164,1.6512,1.6515,0.40,0.40
2008.03.07 09:58:25.467,1.6512,1.6515,0.40,0.40
2008.03.07 09:58:25.770,1.6512,1.6515,0.40,0.40
2008.03.07 09:58:26.033,1.6512,1.6515,0.40,0.40
2008.03.07 09:58:26.296,1.6512,1.65155,0.40,0.40
2008.03.07 09:58:26.568,1.6512,1.65155,0.40,0.40
2008.03.07 09:58:26.830,1.6512,1.65155,0.40,0.40
2008.03.07 09:58:27.114,1.6512,1.6515,0.40,0.40
2008.03.07 09:58:27.396,1.6512,1.6515,0.40,0.40
2008.03.07 09:58:27.679,1.6512,1.6515,0.40,0.40
2008.03.07 09:58:27.957,1.6512,1.6515,0.40,0.40
2008.03.07 09:58:28.267,1.6512,1.6515,0.40,0.40
2008.03.07 09:58:28.545,1.6512,1.6515,0.40,0.40
2008.03.07 09:58:28.823,1.6512,1.6515,0.40,0.40
2008.03.07 09:58:29.086,1.6512,1.6515,0.40,0.40
2008.03.07 09:58:29.349,1.6512,1.6515,0.40,0.40
2008.03.07 09:58:29.612,1.6512,1.65155,0.40,0.40
2008.03.07 09:58:29.875,1.6512,1.65155,0.40,0.40
2008.03.07 09:58:30.183,1.6512,1.65155,0.40,0.40
2008.03.07 09:58:30.491,1.6512,1.65155,0.40,0.40
2008.03.07 09:58:30.800,1.6512,1.65155,0.40,0.40
2008.03.07 09:58:31.047,1.6512,1.65155,0.40,0.40
2008.03.07 09:58:31.296,1.6512,1.6515,0.40,0.40
2008.03.07 09:58:31.544,1.6512,1.6515,0.40,0.40
2008.03.07 09:58:31.792,1.6512,1.6515,0.40,0.40
2008.03.07 09:58:32.099,1.6512,1.6515,0.40,0.40
2008.03.07 09:58:32.405,1.6512,1.6515,0.40,0.40
2008.03.07 09:58:32.678,1.6512,1.6515,0.40,0.40
2008.03.07 09:58:32.952,1.6512,1.6515,0.40,0.40
2008.03.07 09:58:33.246,1.6512,1.6515,0.40,0.40
2008.03.07 09:58:33.539,1.6512,1.6515,0.40,0.40
2008.03.07 09:58:33.833,1.6512,1.6515,0.40,0.40
2008.03.07 09:58:34.079,1.6512,1.6515,0.40,0.40
2008.03.07 09:58:34.326,1.6512,1.6515,0.40,0.40
2008.03.07 09:58:34.574,1.6512,1.6515,0.40,0.40
2008.03.07 09:58:34.822,1.6512,1.6515,0.40,0.40
2008.03.07 09:58:35.135,1.6512,1.6515,0.40,0.40
2008.03.07 09:58:35.448,1.6512,1.6515,0.40,0.40
2008.03.07 09:58:35.775,1.6512,1.6515,0.40,0.40
2008.03.07 09:58:36.048,1.6512,1.6515,0.40,0.40
2008.03.07 09:58:36.250,1.6512,1.6515,0.40,0.40
2008.03.07 09:58:36.489,1.6512,1.6515,0.40,0.40
2008.03.07 09:58:36.728,1.6512,1.6515,0.40,0.40
2008.03.07 09:58:36.965,1.6512,1.6515,0.40,0.40
2008.03.07 09:58:37.298,1.6512,1.6515,0.40,0.40
2008.03.07 09:58:37.631,1.6512,1.6515,0.40,0.40
2008.03.07 09:58:37.999,1.6512,1.6515,0.40,0.40
2008.03.07 09:58:38.233,1.6512,1.6515,0.40,0.40
2008.03.07 09:58:38.466,1.6512,1.6515,0.40,0.40
2008.03.07 09:58:38.698,1.6512,1.6515,0.40,0.40
2008.03.07 09:58:38.932,1.6512,1.6515,0.40,0.40
2008.03.07 09:58:39.249,1.6512,1.6515,0.40,0.40
2008.03.07 09:58:39.567,1.6512,1.6515,0.40,0.40
2008.03.07 09:58:39.885,1.6512,1.6515,0.40,0.40
2008.03.07 09:58:40.163,1.6512,1.6515,0.40,0.40
2008.03.07 09:58:40.440,1.6512,1.6515,0.40,0.40
2008.03.07 09:58:40.719,1.6512,1.6515,0.40,0.40
2008.03.07 09:58:40.997,1.6512,1.6515,0.40,0.40
2008.03.07 09:58:41.262,1.6512,1.6515,0.40,0.40
2008.03.07 09:58:41.561,1.6512,1.6515,0.40,0.40
2008.03.07 09:58:41.792,1.6512,1.6515,0.40,0.40
2008.03.07 09:58:42.055,1.6512,1.6515,0.40,0.40
2008.03.07 09:58:42.339,1.6512,1.6515,0.40,0.40
2008.03.07 09:58:42.621,1.6512,1.6515,0.40,0.40
2008.03.07 09:58:42.905,1.6512,1.6515,0.40,0.40
2008.03.07 09:58:43.189,1.6512,1.6515,0.40,0.40
2008.03.07 09:58:43.487,1.6512,1.6515,0.40,0.40
2008.03.07 09:58:43.755,1.6512,1.6515,0.40,0.40
2008.03.07 09:58:44.022,1.6512,1.6515,0.40,0.40
2008.03.07 09:58:44.292,1.6512,1.6515,0.40,0.40
2008.03.07 09:58:44.554,1.6512,1.6515,0.40,0.40
2008.03.07 09:58:44.818,1.6512,1.6515,0.40,0.40
2008.03.07 09:58:45.113,1.6512,1.6515,0.40,0.40
2008.03.07 09:58:45.436,1.6512,1.6515,0.40,0.40
2008.03.07 09:58:45.758,1.6512,1.6515,0.40,0.40
2008.03.07 09:58:46.081,1.6512,1.6515,0.40,0.40
2008.03.07 09:58:46.406,1.6512,1.65155,0.40,0.40
2008.03.07 09:58:46.644,1.6512,1.65155,0.40,0.40
2008.03.07 09:58:46.883,1.6512,1.65155,0.40,0.40
2008.03.07 09:58:47.122,1.6512,1.65155,0.40,0.40
2008.03.07 09:58:47.434,1.6512,1.65155,0.40,0.40
2008.03.07 09:58:47.774,1.6512,1.65155,0.40,0.40
2008.03.07 09:58:48.115,1.6512,1.65155,0.40,0.40
2008.03.07 09:58:48.408,1.6512,1.65155,0.40,0.40
2008.03.07 09:58:48.686,1.6512,1.65155,0.40,0.40
2008.03.07 09:58:48.959,1.6512,1.65155,0.40,0.40
2008.03.07 09:58:49.235,1.6512,1.65155,0.40,0.40
2008.03.07 09:58:49.530,1.6512,1.65155,0.40,0.40
2008.03.07 09:58:49.837,1.6512,1.65155,0.40,0.40
2008.03.07 09:58:50.143,1.6512,1.65155,0.40,0.40
2008.03.07 09:58:50.383,1.6512,1.65155,0.40,0.40
2008.03.07 09:58:50.750,1.6512,1.65155,0.40,0.40
2008.03.07 09:58:51.049,1.6512,1.65155,0.40,0.40
2008.03.07 09:58:51.382,1.6512,1.65155,0.40,0.40
2008.03.07 09:58:51.610,1.6512,1.65155,0.40,0.40
2008.03.07 09:58:51.838,1.6512,1.65155,0.40,0.40
2008.03.07 09:58:52.066,1.6512,1.65155,0.40,0.40
2008.03.07 09:58:52.293,1.6512,1.65155,0.40,0.40
2008.03.07 09:58:52.522,1.6512,1.65155,0.40,0.40
2008.03.07 09:58:52.874,1.6512,1.65155,0.40,0.40
2008.03.07 09:58:53.239,1.65115,1.65145,0.80,0.40
2008.03.07 09:58:53.575,1.6511,1.65145,0.60,4.00
2008.03.07 09:58:53.818,1.65115,1.65145,0.80,4.00
2008.03.07 09:58:54.095,1.65115,1.65155,0.80,0.40
2008.03.07 09:58:54.372,1.65115,1.65155,0.80,0.40
2008.03.07 09:58:54.664,1.6512,1.65155,0.40,0.40
2008.03.07 09:58:54.937,1.65115,1.6516,1.00,4.30
2008.03.07 09:58:55.209,1.65115,1.6516,1.00,4.30
2008.03.07 09:58:55.484,1.6512,1.6516,0.40,0.40
2008.03.07 09:58:55.791,1.6512,1.6516,0.40,0.40
2008.03.07 09:58:56.099,1.65125,1.65165,0.80,0.40
2008.03.07 09:58:56.408,1.6513,1.65165,0.40,0.40
2008.03.07 09:58:56.716,1.6513,1.65165,0.40,0.40
2008.03.07 09:58:56.949,1.6513,1.65165,0.40,0.40
2008.03.07 09:58:57.182,1.6513,1.65165,0.40,0.40
2008.03.07 09:58:57.415,1.6513,1.65165,0.40,0.40
2008.03.07 09:58:57.648,1.6514,1.6517,0.40,4.00
2008.03.07 09:58:57.956,1.6514,1.6517,5.10,0.40
2008.03.07 09:58:58.264,1.6514,1.6517,0.80,0.40
2008.03.07 09:58:58.597,1.6514,1.6517,0.80,0.40
2008.03.07 09:58:58.850,1.6514,1.6517,0.80,0.40
2008.03.07 09:58:59.104,1.6514,1.65165,0.80,0.40
2008.03.07 09:58:59.358,1.6513,1.65165,0.40,0.40
2008.03.07 09:58:59.612,1.6513,1.65165,0.40,0.40
2008.03.07 09:58:59.884,1.6513,1.6516,0.40,0.40
2008.03.07 09:59:00.157,1.6514,1.65165,0.40,4.00
2008.03.07 09:59:00.465,1.6514,1.65165,0.40,4.00
2008.03.07 09:59:00.753,1.6514,1.65175,0.40,0.40
2008.03.07 09:59:01.041,1.6514,1.65175,0.40,0.40
2008.03.07 09:59:01.359,1.6514,1.65175,0.40,0.40
2008.03.07 09:59:01.647,1.6514,1.65175,0.40,0.40
2008.03.07 09:59:01.920,1.6514,1.65175,0.40,0.40
2008.03.07 09:59:02.193,1.6514,1.65175,0.40,0.40
2008.03.07 09:59:02.466,1.6514,1.65175,0.40,0.40
2008.03.07 09:59:02.739,1.6514,1.65175,0.40,0.40
2008.03.07 09:59:03.019,1.6514,1.65175,0.40,0.40
2008.03.07 09:59:03.273,1.6514,1.65175,0.40,0.40
2008.03.07 09:59:03.523,1.6514,1.65175,0.40,0.40
2008.03.07 09:59:03.775,1.6514,1.65175,0.40,0.40
2008.03.07 09:59:04.058,1.6514,1.65175,0.40,0.40
2008.03.07 09:59:04.341,1.6514,1.65175,0.40,0.40
2008.03.07 09:59:04.624,1.6514,1.65175,0.40,0.40
2008.03.07 09:59:04.935,1.6514,1.65175,0.40,0.40
2008.03.07 09:59:05.217,1.6514,1.65175,0.40,0.40
2008.03.07 09:59:05.500,1.6514,1.65175,0.40,0.40
2008.03.07 09:59:05.783,1.6514,1.65175,0.40,0.40
2008.03.07 09:59:06.078,1.6514,1.6518,0.60,6.40
2008.03.07 09:59:06.370,1.65145,1.65185,0.80,0.40
2008.03.07 09:59:06.664,1.65145,1.65175,0.80,0.40
2008.03.07 09:59:06.942,1.65135,1.65175,5.00,0.40
2008.03.07 09:59:07.221,1.65135,1.65175,5.00,0.40
2008.03.07 09:59:07.522,1.65135,1.65175,5.00,0.40
2008.03.07 09:59:07.801,1.65135,1.65175,5.00,0.40
2008.03.07 09:59:08.054,1.65135,1.65175,5.00,0.40
2008.03.07 09:59:08.307,1.65135,1.65175,5.00,0.40
2008.03.07 09:59:08.560,1.65135,1.65175,5.00,0.40
2008.03.07 09:59:08.816,1.65135,1.65175,5.00,0.40
2008.03.07 09:59:09.146,1.65135,1.65175,5.00,0.40
2008.03.07 09:59:09.410,1.65135,1.65175,5.00,0.40
2008.03.07 09:59:09.709,1.65135,1.65175,5.00,0.40
2008.03.07 09:59:09.957,1.65135,1.65175,5.00,0.40
2008.03.07 09:59:10.206,1.65135,1.65175,5.00,0.40
2008.03.07 09:59:10.481,1.65135,1.65175,5.00,0.40
2008.03.07 09:59:10.726,1.65135,1.65175,5.00,0.40
2008.03.07 09:59:11.033,1.65135,1.65175,5.00,0.40
2008.03.07 09:59:11.342,1.65135,1.65175,5.00,0.40
2008.03.07 09:59:11.651,1.65135,1.65175,5.00,0.40
2008.03.07 09:59:11.960,1.65135,1.65175,5.00,0.40
2008.03.07 09:59:12.222,1.65135,1.65175,5.00,0.40
2008.03.07 09:59:12.517,1.65135,1.65175,5.00,0.40
2008.03.07 09:59:12.811,1.65135,1.65175,5.00,0.40
2008.03.07 09:59:13.113,1.65135,1.65175,5.00,0.40
2008.03.07 09:59:13.412,1.65135,1.65175,5.00,0.40
2008.03.07 09:59:13.680,1.65135,1.65175,5.00,0.40
2008.03.07 09:59:13.948,1.65135,1.65175,5.00,0.40
2008.03.07 09:59:14.226,1.65135,1.65175,5.00,0.40
2008.03.07 09:59:14.503,1.65135,1.65175,5.00,0.40
2008.03.07 09:59:14.781,1.65135,1.65175,5.00,0.40
2008.03.07 09:59:15.094,1.65135,1.65175,5.00,0.40
2008.03.07 09:59:15.407,1.65135,1.65175,5.00,0.40
2008.03.07 09:59:15.720,1.65135,1.65175,5.00,0.40
2008.03.07 09:59:15.978,1.65135,1.6517,4.80,0.40
2008.03.07 09:59:16.237,1.65135,1.6517,4.80,0.40
2008.03.07 09:59:16.495,1.6513,1.6517,4.30,0.40
2008.03.07 09:59:16.753,1.6513,1.6517,4.50,0.40
2008.03.07 09:59:17.011,1.6513,1.6517,4.50,0.40
2008.03.07 09:59:17.299,1.6513,1.6517,4.50,0.40
2008.03.07 09:59:17.588,1.6513,1.6517,4.50,0.40
2008.03.07 09:59:17.913,1.6513,1.6517,4.50,0.40
2008.03.07 09:59:18.165,1.6513,1.6517,4.50,0.40
2008.03.07 09:59:18.419,1.6513,1.6517,5.30,0.40
2008.03.07 09:59:18.673,1.6513,1.65175,5.30,0.40
2008.03.07 09:59:18.926,1.6513,1.65175,5.30,0.40
2008.03.07 09:59:19.204,1.6513,1.65175,5.30,0.40
2008.03.07 09:59:19.517,1.6513,1.65175,5.30,0.40
2008.03.07 09:59:19.761,1.6513,1.65175,5.30,0.40
2008.03.07 09:59:20.038,1.6513,1.65175,5.30,0.40
2008.03.07 09:59:20.352,1.6513,1.65175,5.30,0.40
2008.03.07 09:59:20.666,1.6513,1.65175,5.30,0.40
2008.03.07 09:59:20.980,1.6513,1.65175,5.30,0.40
2008.03.07 09:59:21.213,1.6513,1.65175,5.30,0.40
2008.03.07 09:59:21.447,1.6513,1.65175,5.30,0.40
2008.03.07 09:59:21.679,1.6513,1.65175,5.30,0.40
2008.03.07 09:59:21.913,1.6513,1.65175,5.30,0.40
2008.03.07 09:59:22.226,1.6513,1.65175,5.30,0.40
2008.03.07 09:59:22.538,1.6513,1.65175,5.30,0.40
2008.03.07 09:59:22.851,1.6513,1.65175,5.30,0.40
2008.03.07 09:59:23.163,1.6513,1.65175,5.30,0.40
2008.03.07 09:59:23.425,1.6513,1.65175,5.30,0.40
2008.03.07 09:59:23.691,1.6513,1.65175,5.30,0.40
2008.03.07 09:59:23.996,1.6513,1.65175,5.30,0.40
2008.03.07 09:59:24.291,1.6513,1.65175,5.30,0.40
2008.03.07 09:59:24.520,1.6513,1.65175,5.30,0.40
2008.03.07 09:59:24.783,1.6513,1.65175,5.30,0.40
2008.03.07 09:59:25.047,1.6513,1.65175,5.30,0.40
2008.03.07 09:59:25.370,1.6513,1.65175,5.30,0.40
2008.03.07 09:59:25.694,1.6513,1.65175,5.30,0.40
2008.03.07 09:59:26.016,1.6513,1.65175,5.30,0.40
2008.03.07 09:59:26.251,1.6513,1.65175,5.30,0.40
2008.03.07 09:59:26.485,1.6513,1.65175,5.30,0.40
2008.03.07 09:59:26.718,1.6513,1.65175,5.30,0.40
2008.03.07 09:59:26.952,1.6513,1.65175,5.30,0.40
2008.03.07 09:59:27.184,1.6513,1.65175,5.30,0.40
2008.03.07 09:59:27.472,1.6513,1.65175,5.30,0.40
2008.03.07 09:59:27.792,1.6513,1.65175,5.30,0.40
2008.03.07 09:59:28.079,1.6513,1.65175,5.30,0.40
2008.03.07 09:59:28.337,1.6513,1.65175,5.30,0.40
2008.03.07 09:59:28.595,1.6513,1.65175,5.30,0.40
2008.03.07 09:59:28.853,1.6513,1.65175,5.30,0.40
2008.03.07 09:59:29.111,1.6513,1.65175,5.30,0.40
2008.03.07 09:59:29.422,1.6513,1.65175,5.30,0.40
2008.03.07 09:59:29.734,1.6513,1.65175,5.30,0.40
2008.03.07 09:59:29.978,1.6513,1.65175,5.30,0.40
2008.03.07 09:59:30.256,1.6513,1.65175,5.30,0.40
2008.03.07 09:59:30.544,1.6513,1.65175,5.30,0.40
2008.03.07 09:59:30.834,1.6513,1.65175,5.30,0.40
2008.03.07 09:59:31.156,1.6513,1.65175,5.30,0.40
2008.03.07 09:59:31.467,1.65135,1.6518,0.20,4.30
2008.03.07 09:59:31.740,1.6514,1.6518,0.40,4.30
2008.03.07 09:59:32.032,1.6514,1.6518,0.40,0.40
2008.03.07 09:59:32.304,1.6514,1.6518,0.40,0.40
2008.03.07 09:59:32.612,1.6514,1.6518,0.40,0.40
2008.03.07 09:59:32.919,1.6514,1.6518,0.40,0.40
2008.03.07 09:59:33.227,1.6514,1.6518,0.40,0.40
2008.03.07 09:59:33.460,1.6514,1.6518,0.40,0.40
2008.03.07 09:59:33.693,1.6514,1.6518,0.40,0.40
2008.03.07 09:59:33.928,1.6514,1.6518,0.40,0.40
2008.03.07 09:59:35.708,1.6515,1.65185,0.20,4.00
2008.03.07 09:59:35.830,1.65155,1.6518,0.80,0.40
2008.03.07 09:59:35.953,1.65155,1.6518,0.80,0.40
2008.03.07 09:59:36.076,1.65155,1.6518,0.80,0.40
2008.03.07 09:59:36.199,1.6514,1.6518,1.10,0.40
2008.03.07 09:59:37.836,1.6514,1.6518,0.40,0.40
2008.03.07 09:59:38.010,1.6514,1.6518,0.40,0.40
2008.03.07 09:59:38.224,1.6514,1.6518,0.40,0.40
2008.03.07 09:59:38.434,1.6514,1.6518,0.40,0.40
2008.03.07 09:59:38.581,1.65145,1.65185,0.20,4.30
2008.03.07 09:59:38.761,1.65145,1.6517,0.80,0.40
2008.03.07 09:59:38.939,1.65145,1.6517,0.80,0.40
2008.03.07 09:59:39.273,1.65145,1.6517,0.80,0.40
2008.03.07 09:59:39.606,1.65145,1.6517,0.80,0.40
2008.03.07 09:59:39.941,1.65145,1.65175,0.80,4.30
2008.03.07 09:59:40.207,1.65135,1.65175,5.00,0.40
2008.03.07 09:59:40.472,1.6514,1.6518,0.60,2.70
2008.03.07 09:59:40.736,1.65145,1.6519,0.20,4.30
2008.03.07 09:59:41.000,1.65145,1.6519,4.20,0.40
2008.03.07 09:59:41.315,1.65155,1.652,4.20,1.90
2008.03.07 09:59:41.668,1.65165,1.65205,0.20,4.00
2008.03.07 09:59:41.980,1.65165,1.6521,4.20,1.90
2008.03.07 09:59:42.210,1.6517,1.6519,0.40,0.40
2008.03.07 09:59:42.440,1.6517,1.6519,0.40,0.40
2008.03.07 09:59:42.698,1.6517,1.6519,0.40,0.40
2008.03.07 09:59:42.962,1.6516,1.65195,0.40,4.30
2008.03.07 09:59:43.295,1.6516,1.65195,0.40,0.40
2008.03.07 09:59:43.627,1.6516,1.65195,0.40,0.40
2008.03.07 09:59:43.962,1.6516,1.65195,0.40,0.40
2008.03.07 09:59:44.195,1.6516,1.6519,0.80,0.40
2008.03.07 09:59:44.428,1.6516,1.6519,0.80,0.40
2008.03.07 09:59:44.661,1.6516,1.6519,0.80,0.40
2008.03.07 09:59:44.893,1.6516,1.6519,0.80,0.40
2008.03.07 09:59:45.152,1.6516,1.6519,0.80,0.40
2008.03.07 09:59:45.467,1.6516,1.6519,0.80,0.40
2008.03.07 09:59:45.787,1.6516,1.65195,0.80,4.30
2008.03.07 09:59:46.104,1.65155,1.65195,0.80,0.40
2008.03.07 09:59:46.354,1.65155,1.65195,0.80,0.40
2008.03.07 09:59:46.602,1.65155,1.65195,0.80,0.40
2008.03.07 09:59:46.849,1.65155,1.65195,0.80,0.40
2008.03.07 09:59:47.097,1.65155,1.65195,0.80,0.40
2008.03.07 09:59:47.380,1.65155,1.65195,0.80,0.40
2008.03.07 09:59:47.674,1.65155,1.65195,0.80,0.40
2008.03.07 09:59:47.989,1.65155,1.65195,0.80,0.40
2008.03.07 09:59:48.311,1.65165,1.65205,0.80,0.40
2008.03.07 09:59:48.593,1.65165,1.65205,0.80,0.40
2008.03.07 09:59:48.878,1.6517,1.65205,0.40,0.40
2008.03.07 09:59:49.184,1.6517,1.65205,0.40,0.40
2008.03.07 09:59:49.460,1.6517,1.65205,0.40,0.40
2008.03.07 09:59:49.702,1.6517,1.65205,0.40,0.40
2008.03.07 09:59:49.945,1.6517,1.65205,0.40,0.40
2008.03.07 09:59:50.188,1.6517,1.65205,0.40,0.40
2008.03.07 09:59:50.520,1.6517,1.65205,0.40,0.40
2008.03.07 09:59:50.853,1.6517,1.65205,0.40,0.40
2008.03.07 09:59:51.188,1.6517,1.6521,0.60,4.00
2008.03.07 09:59:51.421,1.6517,1.65215,4.50,0.40
2008.03.07 09:59:51.692,1.6518,1.6522,0.20,5.90
2008.03.07 09:59:51.926,1.6518,1.6522,4.20,0.40
2008.03.07 09:59:52.160,1.6518,1.6522,4.20,0.40
2008.03.07 09:59:52.392,1.6518,1.6522,4.20,0.40
2008.03.07 09:59:52.695,1.6518,1.6522,4.20,0.40
2008.03.07 09:59:52.998,1.6518,1.6522,4.20,0.40
2008.03.07 09:59:53.301,1.6518,1.6522,5.00,0.40
2008.03.07 09:59:53.594,1.6518,1.6522,5.00,0.40
2008.03.07 09:59:53.871,1.6518,1.6522,5.00,0.40
2008.03.07 09:59:54.148,1.6518,1.6522,5.00,0.40
2008.03.07 09:59:54.426,1.6518,1.6522,5.00,0.40
2008.03.07 09:59:54.689,1.6518,1.6522,5.00,0.40
2008.03.07 09:59:54.952,1.6518,1.6522,5.00,0.40
2008.03.07 09:59:55.222,1.6518,1.6522,5.00,0.40
2008.03.07 09:59:55.575,1.6518,1.6522,5.00,0.40
2008.03.07 09:59:55.892,1.6518,1.6522,5.00,0.40
2008.03.07 09:59:56.210,1.6518,1.6522,5.00,0.40
2008.03.07 09:59:56.529,1.6518,1.6522,5.00,0.40
2008.03.07 09:59:56.772,1.6518,1.6522,5.00,0.40
2008.03.07 09:59:57.015,1.6518,1.6522,0.20,0.40
2008.03.07 09:59:57.258,1.65175,1.6522,5.00,0.40
2008.03.07 09:59:57.501,1.65175,1.6522,5.00,0.40
2008.03.07 09:59:57.794,1.65175,1.6522,5.00,0.40
2008.03.07 09:59:58.087,1.65175,1.6522,5.00,0.40
2008.03.07 09:59:58.379,1.65175,1.6522,5.00,0.40
2008.03.07 09:59:58.643,1.65175,1.6522,5.00,0.40
2008.03.07 09:59:58.905,1.65175,1.6522,5.00,0.40
2008.03.07 09:59:59.168,1.65175,1.6522,5.00,0.40
2008.03.07 09:59:59.431,1.65175,1.6522,5.00,0.40
2008.03.07 09:59:59.694,1.65175,1.6522,5.00,0.40
2008.03.07 09:59:59.956,1.65175,1.6522,5.00,0.40
