2010.03.23 22:00:02.083,1.4687,1.469,1.00,1.00
2010.03.23 22:00:02.569,1.4685,1.4689,2.20,1.60
2010.03.23 22:00:07.696,1.4685,1.4687,2.20,1.00
2010.03.23 22:00:07.895,1.46845,1.4687,1.00,1.00
2010.03.23 22:00:09.213,1.4684,1.4687,2.30,1.00
2010.03.23 22:00:11.613,1.46845,1.4687,1.00,1.00
2010.03.23 22:00:33.059,1.46845,1.46875,1.00,1.60
2010.03.23 22:00:33.531,1.46845,1.4688,1.00,1.00
2010.03.23 22:00:44.902,1.46855,1.46885,1.00,1.60
2010.03.23 22:00:45.066,1.46855,1.46885,1.00,1.00
2010.03.23 22:00:48.153,1.4685,1.4688,1.00,1.00
2010.03.23 22:00:59.605,1.46835,1.4687,2.20,1.00
2010.03.23 22:00:59.932,1.4683,1.4687,3.10,1.00
2010.03.23 22:01:00.051,1.4683,1.4687,2.30,1.00
2010.03.23 22:01:00.956,1.4686,1.46875,1.00,1.00
2010.03.23 22:01:01.304,1.4686,1.46915,1.00,1.00
2010.03.23 22:01:03.152,1.4688,1.4692,1.00,2.60
2010.03.23 22:01:03.340,1.4688,1.46915,1.00,1.00
2010.03.23 22:01:04.739,1.4688,1.46905,1.00,1.00
2010.03.23 22:01:04.913,1.46865,1.469,2.20,1.60
2010.03.23 22:01:05.080,1.46865,1.46905,2.20,1.60
2010.03.23 22:01:05.753,1.46865,1.46895,2.20,1.60
2010.03.23 22:01:12.108,1.46865,1.46905,2.20,1.60
2010.03.23 22:01:14.043,1.4686,1.46885,1.00,1.60
2010.03.23 22:01:14.206,1.46865,1.46895,1.00,1.60
2010.03.23 22:01:16.839,1.4686,1.46895,2.20,1.60
2010.03.23 22:01:20.855,1.4686,1.46895,2.40,1.60
2010.03.23 22:01:21.098,1.4686,1.469,2.30,1.00
2010.03.23 22:01:22.995,1.4686,1.469,2.20,1.00
2010.03.23 22:01:23.768,1.46855,1.46885,2.20,1.60
2010.03.23 22:01:24.624,1.46855,1.46895,2.20,1.60
2010.03.23 22:01:26.546,1.46855,1.469,2.30,2.50
2010.03.23 22:01:27.894,1.46855,1.46895,1.00,2.50
2010.03.23 22:01:30.484,1.46855,1.46895,1.00,1.00
2010.03.23 22:01:31.957,1.46855,1.46895,1.00,2.50
2010.03.23 22:01:32.156,1.46855,1.46895,1.00,1.00
2010.03.23 22:01:33.374,1.46855,1.46895,1.00,2.50
2010.03.23 22:01:33.823,1.46855,1.46895,1.00,2.50
2010.03.23 22:01:33.975,1.46855,1.46895,1.00,1.00
2010.03.23 22:01:34.743,1.46855,1.46895,1.00,2.50
2010.03.23 22:01:35.004,1.46855,1.46895,1.00,1.00
2010.03.23 22:01:35.265,1.46855,1.46895,1.00,1.00
2010.03.23 22:01:35.983,1.46855,1.4689,1.00,2.50
2010.03.23 22:01:36.332,1.4684,1.4688,3.00,1.60
2010.03.23 22:01:36.676,1.4684,1.4688,2.20,2.50
2010.03.23 22:01:37.022,1.46835,1.4688,2.30,2.50
2010.03.23 22:01:37.986,1.46855,1.4688,1.00,2.50
2010.03.23 22:01:38.152,1.46855,1.4689,1.00,1.00
2010.03.23 22:01:43.310,1.4685,1.46885,3.20,2.50
2010.03.23 22:01:43.422,1.4684,1.46885,2.20,2.50
2010.03.23 22:01:44.420,1.4685,1.46885,1.00,2.50
2010.03.23 22:01:46.229,1.4685,1.46885,1.00,1.00
2010.03.23 22:01:50.950,1.46845,1.46885,2.30,1.00
2010.03.23 22:01:52.278,1.4685,1.4689,1.00,1.00
2010.03.23 22:01:57.221,1.4685,1.4689,1.00,2.50
2010.03.23 22:01:57.408,1.4685,1.4689,1.00,1.00
2010.03.23 22:01:58.775,1.4685,1.4689,1.00,2.50
2010.03.23 22:01:59.547,1.4685,1.4689,1.00,1.00
2010.03.23 22:02:01.925,1.4685,1.4689,1.00,2.50
2010.03.23 22:02:47.604,1.4685,1.4689,1.00,1.00
2010.03.23 22:02:47.724,1.46855,1.46895,1.00,4.20
2010.03.23 22:02:47.964,1.46855,1.46895,1.00,4.10
2010.03.23 22:03:13.859,1.46855,1.4689,1.00,1.60
2010.03.23 22:03:36.903,1.46855,1.46885,1.00,1.60
2010.03.23 22:03:37.062,1.46855,1.4688,1.00,1.00
2010.03.23 22:03:38.649,1.46855,1.4688,1.40,1.00
2010.03.23 22:03:38.755,1.46855,1.46885,3.00,1.60
2010.03.23 22:03:38.852,1.4686,1.4689,1.00,1.60
2010.03.23 22:03:55.029,1.46855,1.4688,3.00,1.00
2010.03.23 22:03:55.249,1.46855,1.4688,2.20,1.00
2010.03.23 22:03:56.130,1.4686,1.46885,1.00,1.60
2010.03.23 22:03:56.359,1.4686,1.46895,1.00,1.60
2010.03.23 22:04:08.885,1.46855,1.46895,1.00,4.20
2010.03.23 22:04:21.755,1.46855,1.4689,1.00,1.00
2010.03.23 22:04:22.051,1.46845,1.4689,2.20,4.20
2010.03.23 22:04:23.962,1.46845,1.46885,2.20,1.60
2010.03.23 22:04:24.082,1.46845,1.46885,1.00,4.20
2010.03.23 22:04:26.104,1.4684,1.4688,1.40,1.00
2010.03.23 22:04:26.672,1.4684,1.4688,1.00,2.60
2010.03.23 22:04:27.159,1.4684,1.4688,1.00,1.00
2010.03.23 22:04:27.656,1.46845,1.46885,1.00,2.50
2010.03.23 22:04:39.109,1.46845,1.4689,2.20,2.50
2010.03.23 22:04:39.337,1.46845,1.46895,2.20,3.30
2010.03.23 22:04:39.458,1.46845,1.46895,2.20,2.50
2010.03.23 22:04:40.288,1.4685,1.46895,2.20,2.50
2010.03.23 22:04:41.679,1.4685,1.46865,2.20,1.00
2010.03.23 22:04:42.143,1.4683,1.46865,1.00,1.00
2010.03.23 22:04:42.341,1.4683,1.46865,2.20,1.00
2010.03.23 22:04:43.747,1.46825,1.4685,3.90,1.00
2010.03.23 22:04:46.038,1.46825,1.46845,1.60,1.00
2010.03.23 22:04:46.236,1.46815,1.4685,2.30,1.00
2010.03.23 22:04:48.605,1.46825,1.46855,1.00,2.50
2010.03.23 22:04:48.786,1.46825,1.46865,1.00,3.30
2010.03.23 22:04:48.966,1.46815,1.46845,2.40,1.00
2010.03.23 22:04:49.146,1.46815,1.46845,1.00,1.00
2010.03.23 22:04:55.193,1.4681,1.4684,3.80,1.60
2010.03.23 22:04:55.405,1.468,1.46845,2.20,2.60
2010.03.23 22:04:55.614,1.468,1.46845,1.00,5.00
2010.03.23 22:04:57.385,1.468,1.46845,2.20,5.00
2010.03.23 22:04:57.926,1.468,1.46845,2.20,3.40
2010.03.23 22:04:59.112,1.468,1.4684,2.20,1.60
2010.03.23 22:05:00.229,1.46805,1.46845,2.20,1.60
2010.03.23 22:05:03.224,1.4681,1.4685,2.20,2.60
2010.03.23 22:05:03.938,1.46815,1.4686,1.00,4.90
2010.03.23 22:05:05.322,1.46815,1.4686,2.20,4.20
2010.03.23 22:05:07.316,1.4682,1.46865,2.20,4.20
2010.03.23 22:05:13.467,1.4682,1.4685,2.20,1.00
2010.03.23 22:05:13.555,1.4681,1.46855,2.30,4.30
2010.03.23 22:05:16.341,1.4683,1.4686,1.00,3.40
2010.03.23 22:05:16.551,1.4683,1.46865,1.00,3.40
2010.03.23 22:05:16.979,1.46825,1.46855,1.00,1.00
2010.03.23 22:05:17.187,1.4682,1.46855,1.00,1.10
2010.03.23 22:05:21.918,1.46815,1.46855,1.00,1.00
2010.03.23 22:05:22.048,1.46815,1.4686,2.30,4.30
2010.03.23 22:05:22.298,1.46815,1.4686,2.20,4.30
2010.03.23 22:05:22.427,1.46815,1.46855,2.20,1.70
2010.03.23 22:05:26.057,1.46815,1.4685,2.30,1.60
2010.03.23 22:05:26.398,1.46815,1.46855,2.30,1.00
2010.03.23 22:05:27.659,1.4682,1.46855,2.20,1.00
2010.03.23 22:05:29.277,1.46815,1.46855,3.00,1.10
2010.03.23 22:05:29.407,1.46815,1.46855,2.20,2.70
2010.03.23 22:05:37.967,1.46815,1.4684,2.20,1.00
2010.03.23 22:05:38.186,1.46805,1.46845,1.00,1.70
2010.03.23 22:05:41.154,1.46805,1.4684,1.00,1.70
2010.03.23 22:05:46.422,1.46805,1.4683,1.00,1.00
2010.03.23 22:05:46.744,1.468,1.46835,1.00,1.70
2010.03.23 22:05:51.628,1.46805,1.46845,1.00,2.60
2010.03.23 22:05:51.851,1.46805,1.4685,1.00,4.30
2010.03.23 22:05:52.080,1.46805,1.4685,2.30,4.30
2010.03.23 22:06:02.096,1.4681,1.46845,1.00,1.00
2010.03.23 22:06:02.239,1.46815,1.4685,2.20,1.00
2010.03.23 22:06:02.390,1.46815,1.46855,2.20,1.70
2010.03.23 22:06:03.687,1.46815,1.4686,2.30,4.30
2010.03.23 22:06:03.822,1.46825,1.4686,2.20,1.70
2010.03.23 22:06:03.955,1.46825,1.4687,2.30,4.20
2010.03.23 22:06:12.475,1.46825,1.4686,2.30,1.60
2010.03.23 22:06:12.808,1.46825,1.46855,2.20,1.00
2010.03.23 22:06:13.139,1.46825,1.46865,2.30,2.60
2010.03.23 22:06:15.573,1.46825,1.4685,1.60,1.00
2010.03.23 22:06:15.740,1.4682,1.4685,1.00,1.00
2010.03.23 22:06:26.922,1.46815,1.4685,1.00,1.00
2010.03.23 22:06:38.292,1.46815,1.46845,1.00,1.60
2010.03.23 22:06:38.554,1.46815,1.4685,1.00,3.40
2010.03.23 22:06:38.681,1.46805,1.46845,1.00,2.70
2010.03.23 22:06:39.134,1.46805,1.46845,1.00,2.60
2010.03.23 22:06:39.444,1.46805,1.46845,1.00,5.00
2010.03.23 22:06:40.053,1.46805,1.4684,1.00,2.70
2010.03.23 22:06:40.361,1.46805,1.4684,1.00,5.00
2010.03.23 22:06:41.009,1.46805,1.4683,1.00,1.00
2010.03.23 22:06:56.705,1.46805,1.46835,1.00,1.00
2010.03.23 22:06:58.287,1.468,1.4683,1.00,1.00
2010.03.23 22:06:58.395,1.468,1.4683,1.00,1.00
2010.03.23 22:06:59.590,1.46805,1.46835,1.00,1.00
2010.03.23 22:07:00.089,1.468,1.46825,1.00,1.00
2010.03.23 22:07:00.289,1.46805,1.4683,1.00,1.00
2010.03.23 22:07:01.246,1.46805,1.46835,1.00,2.50
2010.03.23 22:07:06.066,1.46805,1.46835,1.00,1.60
2010.03.23 22:07:06.343,1.46805,1.4684,1.00,2.50
2010.03.23 22:07:06.893,1.46805,1.4684,1.00,2.70
2010.03.23 22:07:13.053,1.46805,1.46845,1.00,4.20
2010.03.23 22:07:13.141,1.46805,1.4685,1.00,5.00
2010.03.23 22:07:13.233,1.46805,1.4685,1.00,2.60
2010.03.23 22:07:26.589,1.46805,1.46835,1.00,1.00
2010.03.23 22:07:36.905,1.46805,1.46845,1.00,3.40
2010.03.23 22:07:37.034,1.46805,1.4685,1.00,2.60
2010.03.23 22:07:40.896,1.4681,1.4685,1.00,2.50
2010.03.23 22:07:41.077,1.4682,1.46865,1.00,2.50
2010.03.23 22:07:41.567,1.46835,1.4686,1.00,1.60
2010.03.23 22:07:41.875,1.4684,1.4686,1.00,1.60
2010.03.23 22:07:42.187,1.4684,1.46875,1.00,5.20
2010.03.23 22:07:42.525,1.4684,1.46885,2.20,2.60
2010.03.23 22:07:42.865,1.4684,1.4687,2.20,1.00
2010.03.23 22:07:45.977,1.4682,1.46845,1.00,1.00
2010.03.23 22:07:46.145,1.4682,1.4685,3.00,1.00
2010.03.23 22:07:51.592,1.4682,1.46845,3.00,1.60
2010.03.23 22:07:51.794,1.46825,1.46865,2.20,1.70
2010.03.23 22:07:52.356,1.46845,1.46865,1.00,9.30
2010.03.23 22:07:52.736,1.46845,1.46865,1.00,6.10
2010.03.23 22:07:52.976,1.4684,1.46875,1.00,1.00
2010.03.23 22:07:53.674,1.46845,1.46885,1.00,2.50
2010.03.23 22:07:53.913,1.46845,1.4689,1.00,4.30
2010.03.23 22:07:54.141,1.46845,1.4689,2.30,4.30
2010.03.23 22:07:55.668,1.4681,1.4686,2.30,1.00
2010.03.23 22:07:57.071,1.46815,1.46845,3.10,1.00
2010.03.23 22:07:57.414,1.4682,1.46835,1.00,1.00
2010.03.23 22:07:57.523,1.4681,1.46835,1.00,1.00
2010.03.23 22:08:00.837,1.4681,1.46825,1.00,1.00
2010.03.23 22:08:01.002,1.46795,1.46825,2.20,1.00
2010.03.23 22:08:01.172,1.46795,1.4683,2.20,1.00
2010.03.23 22:08:01.340,1.468,1.4683,2.20,1.00
2010.03.23 22:08:02.361,1.468,1.46835,2.30,1.00
2010.03.23 22:08:02.853,1.4681,1.46835,2.20,1.00
2010.03.23 22:08:08.159,1.4681,1.4683,2.20,1.00
2010.03.23 22:08:08.238,1.4681,1.46835,1.00,1.70
2010.03.23 22:08:08.317,1.468,1.46835,2.20,1.70
2010.03.23 22:08:13.758,1.468,1.46825,2.20,1.00
2010.03.23 22:08:14.222,1.4679,1.4683,2.20,1.70
2010.03.23 22:08:14.719,1.468,1.4684,2.20,2.50
2010.03.23 22:08:15.142,1.46805,1.4685,2.20,4.20
2010.03.23 22:08:16.667,1.4681,1.46845,2.20,1.60
2010.03.23 22:08:17.626,1.46815,1.46845,2.20,1.60
2010.03.23 22:08:18.345,1.4681,1.46845,2.20,1.60
2010.03.23 22:08:19.479,1.46805,1.4684,1.00,2.50
2010.03.23 22:08:19.629,1.4681,1.46835,1.00,1.00
2010.03.23 22:08:20.118,1.4681,1.46835,2.20,1.00
2010.03.23 22:08:20.272,1.4681,1.4685,2.20,1.10
2010.03.23 22:08:20.768,1.4681,1.46845,1.60,1.70
2010.03.23 22:08:21.117,1.46805,1.4685,1.00,2.70
2010.03.23 22:08:21.520,1.46805,1.4685,1.00,2.70
2010.03.23 22:08:22.173,1.46805,1.4685,1.00,2.70
2010.03.23 22:08:22.361,1.468,1.4685,2.20,5.00
2010.03.23 22:08:22.545,1.468,1.4685,3.00,4.20
2010.03.23 22:08:22.744,1.46805,1.4685,1.00,4.20
2010.03.23 22:08:23.145,1.4681,1.4685,1.00,4.20
2010.03.23 22:08:23.759,1.4681,1.4685,1.00,5.00
2010.03.23 22:08:23.900,1.46805,1.4683,2.20,1.70
2010.03.23 22:08:24.477,1.46805,1.46845,2.20,1.60
2010.03.23 22:08:24.605,1.46815,1.4685,1.00,3.20
2010.03.23 22:08:27.017,1.46815,1.46845,1.00,1.70
2010.03.23 22:08:27.562,1.4681,1.4685,2.20,2.60
2010.03.23 22:08:32.838,1.46815,1.46845,2.20,1.00
2010.03.23 22:08:33.483,1.4682,1.4685,1.00,1.00
2010.03.23 22:08:36.243,1.46815,1.46845,2.20,1.00
2010.03.23 22:08:36.581,1.46815,1.4685,2.20,1.00
2010.03.23 22:09:31.429,1.46815,1.4684,2.20,1.00
2010.03.23 22:09:31.752,1.4681,1.4684,2.20,1.00
2010.03.23 22:09:57.861,1.4681,1.46835,1.00,1.00
2010.03.23 22:10:00.227,1.46815,1.4684,1.00,1.00
2010.03.23 22:10:00.466,1.4681,1.4685,1.00,1.70
2010.03.23 22:10:05.549,1.46805,1.46845,2.30,1.00
2010.03.23 22:10:05.730,1.46805,1.4684,2.20,1.00
2010.03.23 22:10:06.235,1.4681,1.4684,2.20,1.00
2010.03.23 22:10:06.431,1.4681,1.4685,2.30,1.10
2010.03.23 22:10:10.339,1.4681,1.4684,2.20,1.00
2010.03.23 22:10:10.868,1.4681,1.4684,1.60,2.50
2010.03.23 22:10:11.141,1.46805,1.4685,2.20,2.50
2010.03.23 22:10:11.678,1.4681,1.46855,1.00,4.90
2010.03.23 22:10:11.948,1.4681,1.46855,1.00,4.20
2010.03.23 22:10:12.167,1.4681,1.4686,1.00,5.00
2010.03.23 22:10:12.608,1.4681,1.4686,2.20,5.00
2010.03.23 22:10:13.423,1.46815,1.46855,1.60,2.60
2010.03.23 22:10:13.527,1.46815,1.46855,2.20,2.60
2010.03.23 22:10:31.405,1.4681,1.4684,1.00,1.60
2010.03.23 22:10:31.659,1.4681,1.4685,1.00,2.70
2010.03.23 22:10:31.995,1.4681,1.46855,3.00,2.60
2010.03.23 22:10:32.919,1.4681,1.46845,3.00,1.70
2010.03.23 22:10:41.953,1.4681,1.46835,3.00,1.00
2010.03.23 22:10:42.122,1.4681,1.4684,3.00,1.70
2010.03.23 22:10:42.271,1.468,1.4684,1.00,1.70
2010.03.23 22:10:42.700,1.468,1.4684,1.00,4.20
2010.03.23 22:10:42.851,1.46795,1.4684,1.00,4.20
2010.03.23 22:10:43.001,1.4679,1.4684,2.20,4.20
2010.03.23 22:10:45.995,1.46795,1.4684,1.00,4.20
2010.03.23 22:10:46.190,1.46795,1.4684,2.20,4.20
2010.03.23 22:10:46.390,1.46795,1.46845,2.30,4.30
2010.03.23 22:10:46.590,1.468,1.46845,1.00,4.30
2010.03.23 22:10:46.790,1.468,1.46845,2.20,4.30
2010.03.23 22:10:47.654,1.468,1.4684,2.20,3.20
2010.03.23 22:10:47.870,1.468,1.46845,2.20,4.20
2010.03.23 22:10:57.124,1.468,1.46835,2.20,1.60
2010.03.23 22:10:57.289,1.468,1.46835,2.20,1.70
2010.03.23 22:10:59.585,1.468,1.46835,1.00,1.70
2010.03.23 22:10:59.696,1.46795,1.46835,2.20,1.70
2010.03.23 22:11:10.024,1.4679,1.4683,1.00,2.60
2010.03.23 22:11:15.452,1.4679,1.4683,1.00,1.00
2010.03.23 22:11:19.671,1.4679,1.4683,1.00,1.00
2010.03.23 22:11:19.863,1.46785,1.46825,2.20,2.50
2010.03.23 22:11:20.053,1.46785,1.4683,2.20,4.10
2010.03.23 22:11:25.800,1.4679,1.4683,1.00,1.60
2010.03.23 22:11:25.901,1.4679,1.4684,2.20,4.10
2010.03.23 22:11:26.300,1.46795,1.4684,1.00,4.10
2010.03.23 22:11:28.200,1.4679,1.4684,1.40,4.90
2010.03.23 22:11:28.279,1.4679,1.4684,1.00,4.90
2010.03.23 22:11:28.699,1.46805,1.4684,1.00,4.90
2010.03.23 22:11:28.859,1.46805,1.46845,1.00,3.30
2010.03.23 22:11:29.825,1.46805,1.4685,1.00,3.40
2010.03.23 22:11:30.000,1.468,1.46845,1.00,2.70
2010.03.23 22:11:30.162,1.468,1.4684,1.00,4.00
2010.03.23 22:11:30.320,1.4679,1.4684,1.00,4.90
2010.03.23 22:11:30.629,1.4679,1.46835,2.20,1.00
2010.03.23 22:11:31.801,1.4679,1.4683,1.00,1.00
2010.03.23 22:11:33.788,1.46785,1.4683,1.00,2.50
2010.03.23 22:11:34.131,1.4679,1.4684,2.20,4.90
2010.03.23 22:11:34.300,1.4679,1.4684,2.20,4.10
2010.03.23 22:11:34.628,1.4679,1.46825,2.20,2.80
2010.03.23 22:11:34.802,1.4671,1.4676,1.00,1.00
2010.03.23 22:11:34.968,1.467,1.4676,3.10,1.00
2010.03.23 22:11:35.208,1.467,1.4676,2.30,1.00
2010.03.23 22:11:35.390,1.4672,1.46775,1.00,1.00
2010.03.23 22:11:35.632,1.4672,1.46795,1.00,3.30
2010.03.23 22:11:36.180,1.46725,1.4676,1.00,1.00
2010.03.23 22:11:37.341,1.4673,1.46765,1.00,1.00
2010.03.23 22:11:37.681,1.4674,1.4678,2.20,1.70
2010.03.23 22:11:38.019,1.46735,1.46765,2.20,1.00
2010.03.23 22:11:38.188,1.46735,1.46775,2.20,2.50
2010.03.23 22:11:38.677,1.4674,1.46785,2.20,3.30
2010.03.23 22:11:38.862,1.4674,1.4678,1.00,1.60
2010.03.23 22:11:39.148,1.4674,1.4678,1.00,4.10
2010.03.23 22:11:39.438,1.46745,1.4678,1.00,2.50
2010.03.23 22:11:39.728,1.46745,1.46785,1.00,1.00
2010.03.23 22:11:40.018,1.46745,1.46785,1.00,1.00
2010.03.23 22:11:40.238,1.4675,1.4679,1.00,1.00
2010.03.23 22:11:40.666,1.4675,1.46785,1.00,1.00
2010.03.23 22:11:40.887,1.46745,1.46785,2.30,1.00
2010.03.23 22:11:41.246,1.46745,1.4679,2.30,4.10
2010.03.23 22:11:41.427,1.4675,1.4679,1.00,1.00
2010.03.23 22:11:42.712,1.4676,1.4679,1.00,1.00
2010.03.23 22:11:43.586,1.4676,1.468,1.00,1.00
2010.03.23 22:11:44.459,1.4677,1.46795,1.00,1.00
2010.03.23 22:11:44.599,1.46765,1.46795,1.00,1.00
2010.03.23 22:11:45.160,1.4676,1.46795,1.00,1.00
2010.03.23 22:11:46.016,1.4676,1.46795,2.30,1.00
2010.03.23 22:11:46.608,1.46765,1.468,2.20,1.00
2010.03.23 22:11:52.414,1.4676,1.468,2.30,1.00
2010.03.23 22:11:56.205,1.46765,1.468,2.20,1.00
2010.03.23 22:11:56.674,1.4677,1.46805,1.00,1.00
2010.03.23 22:11:57.484,1.4677,1.46805,1.00,1.00
2010.03.23 22:11:58.383,1.4677,1.46805,1.00,1.00
2010.03.23 22:11:59.731,1.46765,1.46805,2.40,1.10
2010.03.23 22:12:01.073,1.46765,1.4679,2.20,1.00
2010.03.23 22:12:01.393,1.46755,1.4679,2.20,1.00
2010.03.23 22:12:02.394,1.4676,1.4679,1.00,1.60
2010.03.23 22:12:02.733,1.4676,1.468,1.00,1.60
2010.03.23 22:12:02.900,1.4676,1.468,1.00,1.00
2010.03.23 22:12:04.253,1.4676,1.468,1.00,2.60
2010.03.23 22:12:04.431,1.4676,1.468,1.00,4.20
2010.03.23 22:12:04.614,1.46755,1.46795,2.30,1.00
2010.03.23 22:12:04.793,1.4676,1.468,1.00,2.60
2010.03.23 22:12:07.509,1.4676,1.468,2.30,1.00
2010.03.23 22:12:07.800,1.4676,1.46795,2.20,1.00
2010.03.23 22:12:08.160,1.4676,1.46795,1.00,1.00
2010.03.23 22:12:08.915,1.4676,1.468,1.00,2.60
2010.03.23 22:12:09.164,1.4676,1.468,2.30,1.00
2010.03.23 22:12:10.825,1.4676,1.468,1.60,1.00
2010.03.23 22:12:10.960,1.4676,1.468,1.00,2.60
2010.03.23 22:12:24.347,1.4675,1.4678,4.60,1.00
2010.03.23 22:12:24.515,1.4675,1.4678,3.00,1.00
2010.03.23 22:12:25.308,1.46755,1.46795,2.20,1.00
2010.03.23 22:12:26.715,1.46755,1.46795,3.00,1.00
2010.03.23 22:12:32.343,1.4676,1.46795,2.20,1.00
2010.03.23 22:12:38.593,1.4676,1.468,2.30,1.00
2010.03.23 22:12:38.776,1.46765,1.46805,1.00,2.70
2010.03.23 22:12:39.563,1.4677,1.46805,1.00,1.60
2010.03.23 22:12:39.763,1.4677,1.46805,1.00,1.00
2010.03.23 22:12:39.962,1.4677,1.46805,1.50,1.00
2010.03.23 22:12:40.162,1.46775,1.46805,1.00,1.00
2010.03.23 22:12:41.177,1.46775,1.46795,1.00,1.00
2010.03.23 22:12:49.289,1.4677,1.46795,2.20,1.00
2010.03.23 22:12:49.769,1.4677,1.46795,2.20,1.00
2010.03.23 22:12:50.012,1.4676,1.46795,2.20,1.00
2010.03.23 22:12:55.220,1.46765,1.46795,3.00,1.00
2010.03.23 22:12:55.309,1.46765,1.46805,3.00,1.60
2010.03.23 22:12:55.858,1.4677,1.46805,2.20,1.60
2010.03.23 22:12:55.948,1.4677,1.46805,3.00,1.60
2010.03.23 22:12:57.408,1.4677,1.4681,3.10,1.00
2010.03.23 22:12:57.539,1.4677,1.4681,3.00,1.00
2010.03.23 22:12:57.670,1.4678,1.4681,1.00,1.00
2010.03.23 22:12:58.038,1.46785,1.4681,1.00,1.00
2010.03.23 22:12:58.552,1.4678,1.46795,1.00,1.00
2010.03.23 22:12:58.856,1.46785,1.4681,1.00,1.00
2010.03.23 22:12:59.723,1.46785,1.46805,1.00,1.00
2010.03.23 22:12:59.872,1.46775,1.46805,2.20,1.00
2010.03.23 22:13:04.228,1.46775,1.4681,2.30,1.00
2010.03.23 22:13:05.788,1.4677,1.468,2.30,1.00
2010.03.23 22:13:07.405,1.46775,1.46805,1.00,1.00
2010.03.23 22:13:07.645,1.46775,1.46805,2.20,1.00
2010.03.23 22:13:09.350,1.4678,1.46815,2.20,1.00
2010.03.23 22:13:09.597,1.46785,1.46815,1.00,1.00
2010.03.23 22:13:09.725,1.46785,1.46815,2.20,1.00
2010.03.23 22:13:11.438,1.46785,1.46815,2.20,1.00
2010.03.23 22:13:11.572,1.4679,1.4682,2.20,1.00
2010.03.23 22:13:12.225,1.46795,1.4682,2.20,1.00
2010.03.23 22:13:13.225,1.46795,1.4683,2.20,1.00
2010.03.23 22:13:15.985,1.46795,1.46825,2.20,1.00
2010.03.23 22:13:16.096,1.468,1.4683,1.00,1.00
2010.03.23 22:13:17.306,1.468,1.4683,1.00,1.00
2010.03.23 22:13:19.403,1.468,1.4683,1.00,1.00
2010.03.23 22:13:19.612,1.46795,1.46825,1.00,1.00
2010.03.23 22:13:19.824,1.4679,1.46825,1.00,1.00
2010.03.23 22:13:20.034,1.46785,1.46825,1.00,1.60
2010.03.23 22:13:20.382,1.46785,1.46825,1.00,4.20
2010.03.23 22:13:22.662,1.46785,1.46825,1.00,2.60
2010.03.23 22:13:24.741,1.4679,1.46825,1.00,1.00
2010.03.23 22:13:29.300,1.4679,1.46825,1.00,1.60
2010.03.23 22:13:29.627,1.46785,1.4682,1.00,1.00
2010.03.23 22:13:30.762,1.4679,1.46825,1.00,2.60
2010.03.23 22:13:31.362,1.4679,1.46825,1.00,1.00
2010.03.23 22:13:31.706,1.4679,1.46815,1.00,1.00
2010.03.23 22:13:32.053,1.4679,1.46825,1.00,1.00
2010.03.23 22:13:34.479,1.4679,1.46825,1.00,1.00
2010.03.23 22:13:34.729,1.46795,1.46825,1.00,1.00
2010.03.23 22:13:36.178,1.4679,1.46825,1.00,1.00
2010.03.23 22:13:36.308,1.4679,1.46825,1.00,1.00
2010.03.23 22:13:36.746,1.46785,1.46815,1.60,1.00
2010.03.23 22:13:36.975,1.4678,1.4681,1.00,1.00
2010.03.23 22:13:38.891,1.46785,1.46815,2.30,1.00
2010.03.23 22:13:40.350,1.46785,1.4681,2.20,1.00
2010.03.23 22:13:40.458,1.46785,1.4681,2.20,1.00
2010.03.23 22:13:40.568,1.4678,1.4681,2.20,1.00
2010.03.23 22:13:52.051,1.46785,1.46815,1.00,1.00
2010.03.23 22:13:58.902,1.46785,1.46815,2.30,1.00
2010.03.23 22:14:00.624,1.4679,1.46825,1.00,1.00
2010.03.23 22:14:00.749,1.4679,1.46825,2.30,1.00
2010.03.23 22:14:00.877,1.468,1.4683,1.00,1.00
2010.03.23 22:14:01.004,1.468,1.4683,1.00,1.00
2010.03.23 22:14:03.014,1.46795,1.46825,2.20,1.00
2010.03.23 22:14:03.191,1.4679,1.46825,3.10,1.00
2010.03.23 22:14:03.372,1.4679,1.46825,2.30,1.00
2010.03.23 22:14:04.323,1.4679,1.4682,2.30,1.00
2010.03.23 22:14:04.671,1.4679,1.4682,1.00,1.00
2010.03.23 22:14:04.715,1.4679,1.4682,1.00,1.00
2010.03.23 22:14:04.978,1.4679,1.4682,1.00,2.60
2010.03.23 22:14:05.024,1.4679,1.46815,1.00,1.00
2010.03.23 22:14:05.994,1.4678,1.46815,1.00,1.00
2010.03.23 22:14:17.181,1.46785,1.46815,1.00,1.00
2010.03.23 22:14:17.432,1.4679,1.4683,2.20,1.00
2010.03.23 22:14:17.679,1.4679,1.46835,2.20,2.50
2010.03.23 22:14:19.888,1.4679,1.46815,2.20,1.00
2010.03.23 22:14:20.059,1.4679,1.46815,1.00,1.00
2010.03.23 22:14:21.900,1.4679,1.4682,1.00,1.00
2010.03.23 22:14:22.385,1.468,1.4682,1.00,1.00
2010.03.23 22:14:22.633,1.468,1.46825,1.00,1.00
2010.03.23 22:14:25.133,1.46795,1.4682,2.20,1.00
2010.03.23 22:14:25.449,1.46795,1.46825,2.20,1.00
2010.03.23 22:14:25.609,1.468,1.46825,2.20,1.00
2010.03.23 22:14:27.098,1.46795,1.4682,1.00,1.00
2010.03.23 22:14:27.541,1.4679,1.4682,1.00,1.00
2010.03.23 22:14:28.342,1.46795,1.46825,1.00,1.00
2010.03.23 22:14:28.582,1.468,1.4683,2.30,1.00
2010.03.23 22:14:30.067,1.46805,1.4683,2.20,1.00
2010.03.23 22:14:30.843,1.4681,1.46835,1.00,1.00
2010.03.23 22:14:33.067,1.4681,1.46845,1.00,1.70
2010.03.23 22:14:33.245,1.4681,1.46845,1.00,1.60
2010.03.23 22:14:33.334,1.4681,1.46845,1.00,1.00
2010.03.23 22:14:34.458,1.46805,1.4684,1.00,3.20
2010.03.23 22:14:34.746,1.468,1.46835,1.00,1.60
2010.03.23 22:14:35.379,1.4679,1.46835,2.20,4.10
2010.03.23 22:14:39.903,1.468,1.46835,1.00,2.50
2010.03.23 22:14:40.035,1.468,1.46835,1.00,1.00
2010.03.23 22:14:42.663,1.468,1.4684,1.00,2.50
2010.03.23 22:14:46.042,1.468,1.46835,1.00,1.00
2010.03.23 22:14:47.318,1.468,1.46825,1.00,1.00
2010.03.23 22:14:51.093,1.468,1.4683,1.00,1.00
2010.03.23 22:14:58.951,1.4681,1.46835,1.00,1.00
2010.03.23 22:15:02.650,1.468,1.46825,1.00,1.00
2010.03.23 22:15:05.130,1.46805,1.46835,1.00,1.00
2010.03.23 22:15:05.498,1.46805,1.4684,1.00,2.50
2010.03.23 22:15:07.398,1.4681,1.4684,1.00,1.00
2010.03.23 22:15:07.497,1.4681,1.46845,1.00,1.00
2010.03.23 22:15:08.887,1.46805,1.4684,2.30,1.00
2010.03.23 22:15:09.108,1.468,1.46835,1.40,1.00
2010.03.23 22:15:09.329,1.46795,1.46835,2.20,1.60
2010.03.23 22:15:09.548,1.4679,1.46835,2.20,4.20
2010.03.23 22:15:09.738,1.4679,1.46835,1.00,4.20
2010.03.23 22:15:10.107,1.4679,1.4683,1.00,2.50
2010.03.23 22:15:12.228,1.46785,1.46835,1.00,4.90
2010.03.23 22:15:25.138,1.46805,1.46825,1.00,2.50
2010.03.23 22:15:25.289,1.46805,1.46825,1.00,1.00
2010.03.23 22:15:25.646,1.46805,1.4683,1.00,1.00
2010.03.23 22:15:26.025,1.46805,1.4684,1.00,1.00
2010.03.23 22:15:26.953,1.46805,1.46845,1.00,2.60
2010.03.23 22:15:27.262,1.46805,1.46845,1.00,2.60
2010.03.23 22:15:27.652,1.46805,1.46825,1.00,1.00
2010.03.23 22:15:27.854,1.468,1.46825,1.00,1.00
2010.03.23 22:15:28.054,1.46805,1.4684,1.00,1.70
2010.03.23 22:15:28.402,1.46805,1.4684,1.00,1.00
2010.03.23 22:15:32.304,1.468,1.46835,1.00,1.00
2010.03.23 22:15:33.532,1.46795,1.4683,2.30,1.00
2010.03.23 22:15:33.761,1.46795,1.4683,1.00,1.00
2010.03.23 22:15:41.892,1.468,1.46835,1.00,1.60
2010.03.23 22:15:42.041,1.468,1.4684,1.00,2.60
2010.03.23 22:15:43.480,1.468,1.4684,2.30,1.00
2010.03.23 22:15:59.186,1.46805,1.4684,1.00,1.00
2010.03.23 22:16:00.444,1.46805,1.4684,1.00,1.00
2010.03.23 22:16:12.326,1.46815,1.46845,1.00,1.00
2010.03.23 22:16:15.363,1.4681,1.4684,1.00,1.00
2010.03.23 22:16:16.067,1.46805,1.4684,1.00,1.00
2010.03.23 22:16:17.151,1.46805,1.46845,1.00,2.50
2010.03.23 22:16:17.381,1.46795,1.4684,2.20,1.00
2010.03.23 22:16:18.302,1.46795,1.4684,3.90,2.50
2010.03.23 22:16:18.541,1.468,1.4684,1.00,2.50
2010.03.23 22:16:23.138,1.468,1.46845,1.00,2.50
2010.03.23 22:16:23.569,1.468,1.46845,1.40,2.50
2010.03.23 22:16:23.683,1.46805,1.46845,1.00,2.50
2010.03.23 22:16:24.750,1.46805,1.46845,1.00,1.00
2010.03.23 22:16:31.846,1.46805,1.4684,1.00,1.00
2010.03.23 22:16:50.067,1.46805,1.46845,1.00,2.60
2010.03.23 22:16:50.139,1.46815,1.46845,1.00,1.60
2010.03.23 22:16:50.203,1.46815,1.46845,1.00,1.00
2010.03.23 22:16:50.623,1.46815,1.46855,1.00,2.60
2010.03.23 22:16:52.313,1.46815,1.46855,2.30,1.00
2010.03.23 22:16:53.625,1.4682,1.46855,2.20,1.00
2010.03.23 22:16:53.736,1.4682,1.4686,2.30,1.00
2010.03.23 22:16:54.233,1.4682,1.46865,2.30,4.10
2010.03.23 22:16:54.341,1.4682,1.46865,2.30,2.50
2010.03.23 22:16:58.404,1.46835,1.46865,1.00,1.00
2010.03.23 22:16:58.613,1.46835,1.46875,1.00,2.60
2010.03.23 22:17:01.928,1.4683,1.46865,2.20,1.00
2010.03.23 22:17:02.349,1.4683,1.46865,2.30,1.00
2010.03.23 22:17:09.900,1.46835,1.46865,1.00,1.00
2010.03.23 22:17:10.027,1.46835,1.46865,1.00,1.00
2010.03.23 22:17:18.676,1.46835,1.46855,1.00,1.00
2010.03.23 22:17:18.897,1.4683,1.46855,1.00,1.00
2010.03.23 22:17:19.927,1.46825,1.46855,1.00,1.00
2010.03.23 22:17:20.668,1.4682,1.4684,2.20,1.00
2010.03.23 22:17:21.217,1.46815,1.4684,1.00,1.00
2010.03.23 22:17:21.419,1.4681,1.4684,1.00,1.00
2010.03.23 22:17:21.618,1.46805,1.4684,2.20,1.00
2010.03.23 22:17:21.818,1.468,1.4684,1.00,1.60
2010.03.23 22:17:22.205,1.468,1.4684,1.00,4.20
2010.03.23 22:17:23.865,1.468,1.4684,1.00,2.60
2010.03.23 22:17:24.604,1.468,1.4684,1.00,2.50
2010.03.23 22:17:26.273,1.468,1.46845,2.20,5.00
2010.03.23 22:17:26.385,1.468,1.46845,2.20,4.20
2010.03.23 22:17:38.041,1.4681,1.4685,2.30,1.80
2010.03.23 22:17:38.281,1.4681,1.4685,2.30,1.00
2010.03.23 22:17:39.390,1.4681,1.4685,2.30,1.00
2010.03.23 22:17:45.684,1.46815,1.46855,1.00,2.60
2010.03.23 22:17:53.289,1.46815,1.46855,1.00,2.50
2010.03.23 22:18:01.714,1.4682,1.4686,1.00,3.40
2010.03.23 22:18:01.975,1.46815,1.4686,2.40,2.60
2010.03.23 22:18:03.134,1.46815,1.46855,1.00,2.60
2010.03.23 22:18:05.504,1.46815,1.4685,1.00,1.00
2010.03.23 22:18:07.155,1.4682,1.4685,1.00,1.00
2010.03.23 22:18:07.500,1.4682,1.46855,1.00,2.50
2010.03.23 22:18:13.173,1.46815,1.46855,1.00,2.60
2010.03.23 22:18:21.440,1.46815,1.4685,1.00,1.60
2010.03.23 22:18:21.610,1.46815,1.4685,1.00,2.50
2010.03.23 22:18:31.219,1.4682,1.4685,1.00,2.50
2010.03.23 22:18:43.354,1.4682,1.4684,1.00,1.00
2010.03.23 22:18:43.549,1.46785,1.4683,1.00,2.50
2010.03.23 22:18:43.736,1.46785,1.46835,1.00,2.50
2010.03.23 22:18:43.925,1.46795,1.46835,1.00,2.50
2010.03.23 22:18:44.482,1.4679,1.46835,1.60,2.50
2010.03.23 22:18:44.727,1.46795,1.4683,1.00,2.50
2010.03.23 22:18:44.967,1.46795,1.46825,1.00,2.50
2010.03.23 22:18:45.205,1.46795,1.46825,1.00,1.60
2010.03.23 22:18:45.445,1.46795,1.4683,1.00,2.50
2010.03.23 22:18:45.970,1.4679,1.4683,1.00,2.50
2010.03.23 22:18:46.926,1.46785,1.4683,2.30,2.50
2010.03.23 22:18:47.643,1.4679,1.4683,1.00,1.00
2010.03.23 22:18:47.868,1.4679,1.4683,2.20,1.00
2010.03.23 22:18:59.907,1.4679,1.4683,1.00,1.00
2010.03.23 22:19:20.230,1.46795,1.4683,1.00,1.00
2010.03.23 22:19:26.284,1.46795,1.4683,2.20,1.00
2010.03.23 22:19:26.323,1.46795,1.46835,2.20,2.50
2010.03.23 22:19:26.353,1.46795,1.46835,2.20,1.00
2010.03.23 22:19:26.387,1.468,1.46835,1.00,1.00
2010.03.23 22:19:27.928,1.46785,1.46825,2.30,2.50
2010.03.23 22:19:28.255,1.46785,1.46825,1.00,2.50
2010.03.23 22:19:30.931,1.46785,1.46825,2.30,2.50
2010.03.23 22:19:43.271,1.46785,1.4683,2.30,2.50
2010.03.23 22:19:43.613,1.4679,1.4683,1.00,2.50
2010.03.23 22:20:01.206,1.46795,1.4683,1.60,2.50
2010.03.23 22:20:01.802,1.468,1.46835,1.00,1.00
2010.03.23 22:20:03.924,1.46795,1.46835,1.00,1.00
2010.03.23 22:20:04.210,1.46795,1.4683,1.00,1.00
2010.03.23 22:20:07.308,1.468,1.4683,1.00,1.00
2010.03.23 22:20:07.635,1.468,1.46835,1.00,1.70
2010.03.23 22:20:08.045,1.468,1.46835,1.00,1.00
2010.03.23 22:20:23.235,1.46815,1.4684,1.00,2.50
2010.03.23 22:20:25.541,1.4681,1.4684,1.00,2.50
2010.03.23 22:20:28.523,1.46805,1.46835,1.00,1.00
2010.03.23 22:20:30.107,1.46805,1.46835,1.00,2.60
2010.03.23 22:20:35.617,1.46795,1.46835,1.00,2.60
2010.03.23 22:20:35.720,1.46795,1.46835,1.00,3.40
2010.03.23 22:20:35.818,1.46795,1.4683,1.00,2.50
2010.03.23 22:20:43.436,1.46795,1.4683,1.00,1.00
2010.03.23 22:20:48.296,1.4679,1.4683,2.30,1.00
2010.03.23 22:20:48.598,1.4679,1.4683,1.00,1.00
2010.03.23 22:21:14.569,1.46795,1.4683,1.00,1.00
2010.03.23 22:21:15.643,1.46795,1.4683,2.20,1.00
2010.03.23 22:21:15.729,1.46795,1.46835,2.20,1.00
2010.03.23 22:21:15.808,1.46795,1.4684,2.20,2.50
2010.03.23 22:21:15.972,1.468,1.4684,1.00,2.50
2010.03.23 22:21:16.048,1.468,1.46845,1.00,3.30
2010.03.23 22:21:16.128,1.468,1.46845,2.30,3.30
2010.03.23 22:21:16.209,1.468,1.46845,2.20,2.60
2010.03.23 22:21:16.369,1.468,1.46845,2.20,4.20
2010.03.23 22:21:16.776,1.46795,1.46845,2.30,4.20
2010.03.23 22:21:16.982,1.46795,1.46835,1.00,1.00
2010.03.23 22:21:23.937,1.46795,1.4683,1.00,1.00
2010.03.23 22:21:24.173,1.46795,1.46825,1.00,2.50
2010.03.23 22:21:26.953,1.46815,1.46825,1.00,2.50
2010.03.23 22:21:27.732,1.46795,1.46825,1.00,1.00
2010.03.23 22:21:29.479,1.46805,1.46825,1.00,1.00
2010.03.23 22:21:29.808,1.46795,1.4683,1.00,2.50
2010.03.23 22:21:33.183,1.46795,1.46825,1.00,1.00
2010.03.23 22:21:34.033,1.46785,1.46825,2.20,1.00
2010.03.23 22:21:34.144,1.4678,1.46825,4.70,2.50
2010.03.23 22:21:34.295,1.4678,1.46825,2.30,2.50
2010.03.23 22:21:34.444,1.4678,1.46825,1.00,2.50
2010.03.23 22:21:54.503,1.46785,1.46825,1.00,2.50
2010.03.23 22:21:54.629,1.46785,1.46825,1.00,1.00
2010.03.23 22:21:55.028,1.4678,1.46825,2.30,1.00
2010.03.23 22:21:55.152,1.4678,1.4682,2.20,1.00
2010.03.23 22:22:00.159,1.4678,1.4681,2.20,1.00
2010.03.23 22:22:00.288,1.4678,1.4681,1.60,1.00
2010.03.23 22:22:00.418,1.46775,1.4681,1.00,1.00
2010.03.23 22:22:00.671,1.46775,1.46815,1.00,2.60
2010.03.23 22:22:00.797,1.46775,1.46815,1.00,1.00
2010.03.23 22:22:01.057,1.46775,1.46815,2.30,1.00
2010.03.23 22:22:23.294,1.4679,1.46815,1.00,1.00
2010.03.23 22:22:23.513,1.4679,1.4682,1.00,1.00
2010.03.23 22:22:23.964,1.4679,1.4682,1.00,1.00
2010.03.23 22:22:29.818,1.46795,1.46825,1.00,2.50
2010.03.23 22:22:38.201,1.468,1.4683,1.00,2.60
2010.03.23 22:22:40.178,1.46795,1.4683,1.00,2.60
2010.03.23 22:22:57.948,1.46805,1.4683,1.00,2.50
2010.03.23 22:22:58.249,1.46805,1.4683,1.00,1.00
2010.03.23 22:23:00.154,1.46795,1.4683,1.00,1.00
2010.03.23 22:23:00.315,1.46795,1.4683,1.00,2.60
2010.03.23 22:23:03.353,1.468,1.4683,1.00,2.60
2010.03.23 22:23:04.553,1.468,1.4683,1.00,1.00
2010.03.23 22:23:45.302,1.46805,1.4683,1.00,1.00
2010.03.23 22:23:45.847,1.46805,1.4684,1.00,2.50
2010.03.23 22:23:54.949,1.4681,1.4684,1.00,2.50
2010.03.23 22:23:55.332,1.4681,1.46845,1.00,2.50
2010.03.23 22:23:56.123,1.4681,1.46845,1.00,1.00
2010.03.23 22:23:56.279,1.4681,1.4685,1.00,2.60
2010.03.23 22:24:03.129,1.46815,1.46855,2.20,1.00
2010.03.23 22:24:08.650,1.4682,1.46855,1.00,1.00
2010.03.23 22:24:08.940,1.4682,1.4686,1.00,1.00
2010.03.23 22:24:09.178,1.4682,1.4686,1.00,1.00
2010.03.23 22:24:09.408,1.46825,1.4686,1.00,1.00
2010.03.23 22:24:10.129,1.46825,1.46855,1.00,1.00
2010.03.23 22:24:10.428,1.46825,1.4686,1.00,1.00
2010.03.23 22:24:16.476,1.4683,1.46865,1.00,1.00
2010.03.23 22:24:16.597,1.4683,1.4687,1.00,2.60
2010.03.23 22:24:17.028,1.46835,1.46875,1.00,5.00
2010.03.23 22:24:17.095,1.46835,1.46875,1.00,3.40
2010.03.23 22:24:17.188,1.46835,1.46875,1.00,2.60
2010.03.23 22:24:17.986,1.46835,1.46875,2.30,1.00
2010.03.23 22:24:18.650,1.46835,1.46875,1.00,3.20
2010.03.23 22:24:18.816,1.4683,1.4687,2.30,1.00
2010.03.23 22:24:20.929,1.46835,1.46875,1.00,2.50
2010.03.23 22:24:21.113,1.46835,1.4688,2.30,4.20
2010.03.23 22:24:25.213,1.4683,1.4687,3.00,1.00
2010.03.23 22:24:27.669,1.46835,1.4687,1.60,1.00
2010.03.23 22:24:27.702,1.4683,1.4687,2.30,1.00
2010.03.23 22:24:31.113,1.4685,1.46875,1.00,2.50
2010.03.23 22:24:31.196,1.4685,1.46875,1.00,1.60
2010.03.23 22:24:31.272,1.4685,1.4688,1.00,1.00
2010.03.23 22:24:33.171,1.4685,1.4688,1.00,1.00
2010.03.23 22:24:33.472,1.46855,1.46885,1.00,1.60
2010.03.23 22:24:33.623,1.46855,1.46885,1.00,1.00
2010.03.23 22:24:33.772,1.46855,1.4689,1.00,5.00
2010.03.23 22:24:33.923,1.46845,1.4689,1.00,4.20
2010.03.23 22:24:34.072,1.46845,1.4688,1.00,1.60
2010.03.23 22:24:34.561,1.4685,1.46885,1.00,2.50
2010.03.23 22:24:42.439,1.4685,1.46885,1.00,1.00
2010.03.23 22:24:42.508,1.46855,1.46885,1.00,1.00
2010.03.23 22:24:43.271,1.4685,1.4689,2.40,1.00
2010.03.23 22:24:47.296,1.46855,1.4689,1.00,2.50
2010.03.23 22:24:47.367,1.4685,1.4689,2.30,2.60
2010.03.23 22:24:48.450,1.46855,1.4689,1.00,1.00
2010.03.23 22:24:55.227,1.4685,1.46885,1.00,1.00
2010.03.23 22:24:55.686,1.4684,1.46875,1.00,1.00
2010.03.23 22:24:56.355,1.4684,1.46875,1.00,2.60
2010.03.23 22:24:59.515,1.46835,1.46865,1.00,1.00
2010.03.23 22:25:00.065,1.46835,1.4686,1.00,1.00
2010.03.23 22:25:01.492,1.46835,1.46865,1.00,1.00
2010.03.23 22:25:01.628,1.4684,1.4687,1.00,2.50
2010.03.23 22:25:02.635,1.46835,1.46865,1.00,1.00
2010.03.23 22:25:03.594,1.46835,1.4687,1.00,4.90
2010.03.23 22:25:04.156,1.46835,1.4687,1.00,2.50
2010.03.23 22:25:11.002,1.4684,1.46865,1.00,1.60
2010.03.23 22:25:11.112,1.4684,1.46855,1.00,1.00
2010.03.23 22:25:11.332,1.46825,1.46855,1.00,1.00
2010.03.23 22:25:12.139,1.46825,1.46855,1.00,2.60
2010.03.23 22:25:12.269,1.46825,1.46855,1.00,1.00
2010.03.23 22:25:13.073,1.4684,1.46855,1.00,1.00
2010.03.23 22:25:13.282,1.4684,1.4686,1.00,2.50
2010.03.23 22:25:14.721,1.46845,1.4686,1.00,2.50
2010.03.23 22:25:14.811,1.4684,1.4686,1.00,2.50
2010.03.23 22:25:15.300,1.46825,1.4686,1.00,2.60
2010.03.23 22:25:15.864,1.4683,1.4686,1.00,2.50
2010.03.23 22:25:16.101,1.4683,1.4686,1.00,1.00
2010.03.23 22:25:16.340,1.4683,1.46865,1.00,2.50
2010.03.23 22:25:19.979,1.46825,1.46855,1.00,1.00
2010.03.23 22:25:20.574,1.46825,1.46855,1.00,1.00
2010.03.23 22:25:20.720,1.46825,1.46855,1.00,2.60
2010.03.23 22:25:20.992,1.46825,1.46855,1.00,1.00
2010.03.23 22:25:21.340,1.46825,1.46855,1.00,1.00
2010.03.23 22:25:21.619,1.46825,1.4686,1.00,1.00
2010.03.23 22:25:24.570,1.4682,1.46855,1.00,1.00
2010.03.23 22:25:27.459,1.46825,1.46855,1.00,1.00
2010.03.23 22:25:28.402,1.46835,1.4687,1.00,2.50
2010.03.23 22:25:32.388,1.46835,1.4687,1.00,1.60
2010.03.23 22:25:32.407,1.46835,1.46875,1.00,4.20
2010.03.23 22:25:45.791,1.46835,1.4687,1.00,1.60
2010.03.23 22:25:45.996,1.4682,1.46865,2.20,1.00
2010.03.23 22:25:49.691,1.46825,1.46865,2.20,1.00
2010.03.23 22:25:56.189,1.46825,1.46865,2.20,2.50
2010.03.23 22:25:56.850,1.46835,1.46865,1.00,1.00
2010.03.23 22:25:56.970,1.46835,1.4687,1.00,2.50
2010.03.23 22:26:01.509,1.46835,1.4687,1.00,1.60
2010.03.23 22:26:01.599,1.46835,1.46875,1.00,4.20
2010.03.23 22:26:03.375,1.4683,1.4687,2.30,1.00
2010.03.23 22:26:03.679,1.46835,1.46875,1.00,2.60
2010.03.23 22:26:03.844,1.4684,1.46875,1.00,2.50
2010.03.23 22:26:10.490,1.4685,1.46875,1.00,2.50
2010.03.23 22:26:10.628,1.4685,1.4688,1.00,2.60
2010.03.23 22:26:10.768,1.46845,1.4688,1.00,1.00
2010.03.23 22:26:12.687,1.4683,1.46875,4.70,1.00
2010.03.23 22:26:12.896,1.4683,1.46875,3.10,1.00
2010.03.23 22:26:17.391,1.4685,1.4688,1.00,4.20
2010.03.23 22:26:17.465,1.4685,1.4688,1.00,2.60
2010.03.23 22:26:20.396,1.4685,1.4688,1.00,4.20
2010.03.23 22:26:20.617,1.4684,1.46875,1.00,1.00
2010.03.23 22:26:26.895,1.46835,1.46865,1.50,1.00
2010.03.23 22:26:27.065,1.46835,1.46865,1.00,1.00
2010.03.23 22:26:31.374,1.46835,1.46865,1.00,1.60
2010.03.23 22:26:31.563,1.4683,1.4686,2.20,1.00
2010.03.23 22:26:31.754,1.46835,1.46865,1.00,1.00
2010.03.23 22:26:35.727,1.46835,1.4687,2.30,1.00
2010.03.23 22:26:36.053,1.4684,1.4687,2.20,1.00
2010.03.23 22:26:39.702,1.4684,1.46875,2.30,1.00
2010.03.23 22:26:40.164,1.46845,1.4688,1.00,1.00
2010.03.23 22:26:40.401,1.4684,1.46885,3.10,2.50
2010.03.23 22:26:44.832,1.4684,1.46885,3.10,4.20
2010.03.23 22:26:46.064,1.4684,1.4688,3.20,1.00
2010.03.23 22:27:06.385,1.4684,1.46875,1.00,1.00
2010.03.23 22:27:06.519,1.46835,1.4687,3.00,1.00
2010.03.23 22:27:06.646,1.46835,1.4687,2.20,1.00
2010.03.23 22:27:06.776,1.46835,1.4687,2.30,1.60
2010.03.23 22:27:07.449,1.4684,1.4688,1.00,4.20
2010.03.23 22:27:10.364,1.46835,1.4687,3.00,1.00
2010.03.23 22:27:10.536,1.46835,1.4687,2.20,1.60
2010.03.23 22:27:10.715,1.4683,1.4687,3.00,1.60
2010.03.23 22:27:10.882,1.46825,1.4687,3.10,1.60
2010.03.23 22:27:11.137,1.46825,1.4686,3.00,1.00
2010.03.23 22:27:11.602,1.4683,1.4686,1.00,1.00
2010.03.23 22:27:12.442,1.46825,1.4686,3.10,1.00
2010.03.23 22:27:12.503,1.4683,1.46865,1.00,2.50
2010.03.23 22:27:12.562,1.4683,1.46865,1.00,1.60
2010.03.23 22:27:12.622,1.4683,1.4687,1.00,4.20
2010.03.23 22:27:13.782,1.4683,1.4687,1.00,4.20
2010.03.23 22:27:20.820,1.46835,1.4687,1.00,4.20
2010.03.23 22:27:21.000,1.46835,1.4687,1.00,2.60
2010.03.23 22:27:22.941,1.4685,1.4687,1.00,2.50
2010.03.23 22:27:23.367,1.4685,1.46875,1.00,3.30
2010.03.23 22:27:23.632,1.4685,1.46875,1.00,2.50
2010.03.23 22:27:33.388,1.4685,1.4688,1.00,2.60
2010.03.23 22:27:40.108,1.4684,1.4687,1.00,1.00
2010.03.23 22:27:40.268,1.46835,1.4687,1.00,1.00
2010.03.23 22:27:48.457,1.46835,1.4687,1.00,2.60
2010.03.23 22:27:59.061,1.46835,1.4687,1.00,1.00
2010.03.23 22:27:59.343,1.46835,1.4687,1.00,1.00
2010.03.23 22:28:09.204,1.46835,1.4687,1.00,1.60
2010.03.23 22:28:09.402,1.46825,1.46865,1.00,1.00
2010.03.23 22:28:09.803,1.46825,1.46865,1.00,2.60
2010.03.23 22:28:09.999,1.46825,1.4686,1.00,2.50
2010.03.23 22:28:17.862,1.4682,1.46845,1.00,1.00
2010.03.23 22:28:18.089,1.46815,1.46845,3.10,1.00
2010.03.23 22:28:18.309,1.46815,1.46845,1.00,1.00
2010.03.23 22:28:31.437,1.4681,1.46835,2.20,1.00
2010.03.23 22:28:31.654,1.4681,1.46835,1.00,1.00
2010.03.23 22:28:31.735,1.468,1.46835,1.00,1.00
2010.03.23 22:28:31.814,1.46795,1.46835,3.10,1.00
2010.03.23 22:28:31.894,1.46795,1.46835,2.30,1.00
2010.03.23 22:28:36.241,1.46795,1.46835,1.00,2.60
2010.03.23 22:28:36.341,1.46795,1.46835,1.00,2.60
2010.03.23 22:28:54.228,1.4679,1.4682,1.00,1.00
2010.03.23 22:28:55.059,1.4679,1.4682,1.00,2.50
2010.03.23 22:29:14.008,1.4678,1.46815,1.00,2.50
2010.03.23 22:29:14.593,1.4678,1.4681,1.00,1.00
2010.03.23 22:29:15.960,1.4678,1.4681,1.00,2.50
2010.03.23 22:29:16.061,1.46775,1.46805,1.00,1.00
2010.03.23 22:29:16.589,1.4678,1.46805,1.00,1.00
2010.03.23 22:29:17.395,1.46785,1.4682,1.00,3.30
2010.03.23 22:29:17.643,1.46785,1.4682,1.00,2.50
2010.03.23 22:29:45.601,1.4679,1.4682,1.00,2.50
2010.03.23 22:29:45.775,1.4679,1.46835,2.30,1.00
2010.03.23 22:29:46.105,1.46795,1.46835,2.20,1.00
2010.03.23 22:29:46.435,1.46795,1.4684,2.20,4.10
2010.03.23 22:29:46.596,1.468,1.4684,2.20,4.10
2010.03.23 22:29:47.077,1.46815,1.4684,1.00,2.50
2010.03.23 22:29:47.237,1.46815,1.46855,1.00,1.00
2010.03.23 22:29:47.387,1.46825,1.4686,1.00,1.00
2010.03.23 22:29:48.518,1.46825,1.4686,1.60,1.00
2010.03.23 22:29:48.867,1.46825,1.46865,1.00,2.50
2010.03.23 22:29:51.208,1.46835,1.46865,1.00,2.50
2010.03.23 22:29:51.377,1.46835,1.46865,1.00,2.50
2010.03.23 22:29:51.526,1.46835,1.46865,1.00,1.60
2010.03.23 22:29:51.674,1.46835,1.4687,1.00,2.50
2010.03.23 22:29:52.609,1.46835,1.46865,1.00,1.00
2010.03.23 22:29:52.665,1.4683,1.46865,1.00,1.00
2010.03.23 22:29:53.324,1.46825,1.46865,2.20,1.00
2010.03.23 22:29:53.373,1.46825,1.46865,2.20,1.80
2010.03.23 22:29:53.424,1.4682,1.4686,1.00,2.50
2010.03.23 22:29:53.677,1.4682,1.4686,1.00,2.50
2010.03.23 22:29:54.414,1.4682,1.46855,1.00,1.00
2010.03.23 22:29:54.753,1.4682,1.46855,1.00,2.50
2010.03.23 22:29:55.097,1.4681,1.46855,2.20,4.10
2010.03.23 22:29:55.691,1.4681,1.46835,2.20,1.00
2010.03.23 22:29:55.827,1.46795,1.4683,2.20,1.00
2010.03.23 22:29:56.118,1.46785,1.46825,2.30,2.50
2010.03.23 22:29:56.684,1.46785,1.4683,2.30,2.60
2010.03.23 22:30:01.098,1.46795,1.4683,1.00,1.00
2010.03.23 22:30:02.822,1.468,1.4683,1.00,1.00
2010.03.23 22:30:02.922,1.468,1.4683,1.60,1.00
2010.03.23 22:30:02.971,1.468,1.46845,2.30,3.30
2010.03.23 22:30:03.123,1.468,1.46845,2.20,3.30
2010.03.23 22:30:03.174,1.468,1.46845,2.20,4.90
2010.03.23 22:30:03.712,1.46805,1.46845,2.20,2.50
2010.03.23 22:30:04.371,1.4681,1.46855,2.20,2.50
2010.03.23 22:30:06.315,1.46805,1.46855,3.10,2.50
2010.03.23 22:30:07.221,1.4681,1.46855,3.00,2.50
2010.03.23 22:30:09.533,1.46815,1.4685,1.60,1.00
2010.03.23 22:30:09.753,1.46805,1.4685,4.70,1.60
2010.03.23 22:30:12.151,1.46805,1.46845,4.70,1.60
2010.03.23 22:30:12.400,1.46815,1.46845,1.00,1.60
2010.03.23 22:30:12.540,1.46815,1.46845,1.70,1.60
2010.03.23 22:30:18.447,1.46825,1.46845,1.00,1.60
2010.03.23 22:30:18.739,1.4681,1.46855,4.60,1.60
2010.03.23 22:30:19.320,1.4681,1.4685,2.20,1.60
2010.03.23 22:30:19.619,1.4681,1.46855,3.80,4.10
2010.03.23 22:30:20.983,1.46815,1.46855,1.00,4.10
2010.03.23 22:30:21.160,1.4683,1.46855,1.20,1.60
2010.03.23 22:30:21.328,1.46825,1.46855,1.00,1.60
2010.03.23 22:30:21.498,1.4682,1.46855,2.20,1.60
2010.03.23 22:30:21.669,1.46815,1.4685,1.00,3.20
2010.03.23 22:30:21.838,1.46825,1.4685,1.00,4.10
2010.03.23 22:30:22.008,1.46825,1.4685,1.00,2.50
2010.03.23 22:30:22.177,1.46825,1.46855,1.00,4.90
2010.03.23 22:30:22.347,1.46825,1.46855,1.00,4.10
2010.03.23 22:30:22.996,1.4682,1.46855,1.60,4.10
2010.03.23 22:30:23.168,1.4681,1.4685,1.60,2.50
2010.03.23 22:30:24.406,1.4681,1.4684,1.00,1.60
2010.03.23 22:30:25.645,1.4681,1.4684,1.00,2.50
2010.03.23 22:30:33.163,1.4682,1.46845,1.60,2.50
2010.03.23 22:30:39.424,1.4682,1.46845,1.60,2.50
2010.03.23 22:30:39.737,1.4681,1.4684,1.00,2.50
2010.03.23 22:30:40.086,1.468,1.4684,2.20,1.60
2010.03.23 22:30:40.434,1.46795,1.4684,2.30,4.10
2010.03.23 22:30:41.352,1.46795,1.46835,2.30,1.00
2010.03.23 22:30:57.479,1.4681,1.46835,1.00,1.00
2010.03.23 22:30:57.579,1.4681,1.46835,1.00,1.00
2010.03.23 22:30:57.680,1.4681,1.4684,1.60,1.70
2010.03.23 22:30:57.780,1.4681,1.46845,1.60,4.10
2010.03.23 22:30:57.882,1.4681,1.46845,1.60,4.10
2010.03.23 22:30:57.984,1.468,1.46835,1.00,1.60
2010.03.23 22:30:58.082,1.468,1.4683,1.00,1.60
2010.03.23 22:30:58.900,1.46795,1.4683,1.00,1.60
2010.03.23 22:31:04.737,1.4679,1.4683,2.30,2.50
2010.03.23 22:31:05.013,1.46785,1.46825,3.10,1.60
2010.03.23 22:31:05.208,1.46785,1.46825,2.30,1.60
2010.03.23 22:31:05.588,1.468,1.46825,1.00,1.60
2010.03.23 22:31:05.778,1.468,1.4683,1.00,1.60
2010.03.23 22:31:07.815,1.468,1.46835,1.00,2.50
2010.03.23 22:31:08.186,1.46805,1.4684,1.00,4.10
2010.03.23 22:31:08.220,1.46805,1.46835,1.00,1.60
2010.03.23 22:31:23.231,1.46805,1.4683,1.00,1.60
2010.03.23 22:31:23.320,1.46795,1.46825,1.00,1.60
2010.03.23 22:31:23.844,1.468,1.4683,1.00,1.60
2010.03.23 22:31:24.190,1.468,1.46825,1.00,1.60
2010.03.23 22:31:24.859,1.468,1.46835,1.00,2.50
2010.03.23 22:31:25.216,1.46805,1.46835,1.00,2.50
2010.03.23 22:31:25.563,1.46805,1.46835,1.00,1.00
2010.03.23 22:31:39.045,1.468,1.4683,1.00,1.60
2010.03.23 22:32:17.891,1.4681,1.46835,1.60,4.10
2010.03.23 22:32:18.321,1.4681,1.46835,1.60,4.10
2010.03.23 22:32:18.431,1.468,1.4683,1.00,1.60
2010.03.23 22:32:18.540,1.468,1.4683,1.00,2.50
2010.03.23 22:32:18.581,1.468,1.4683,1.00,4.10
2010.03.23 22:32:22.048,1.46795,1.4683,1.70,4.10
2010.03.23 22:32:22.188,1.46795,1.4683,1.60,4.20
2010.03.23 22:32:22.267,1.46795,1.4683,1.60,5.10
2010.03.23 22:32:22.349,1.46795,1.46815,1.00,1.60
2010.03.23 22:32:34.341,1.46805,1.46825,1.00,4.10
2010.03.23 22:32:34.528,1.46805,1.46815,1.00,1.60
2010.03.23 22:32:34.708,1.46795,1.46815,1.00,1.60
2010.03.23 22:32:35.206,1.46785,1.46815,1.00,1.60
2010.03.23 22:32:35.496,1.46785,1.4682,1.00,4.10
2010.03.23 22:32:35.785,1.46785,1.46815,1.00,4.10
2010.03.23 22:32:37.486,1.46805,1.46815,1.00,2.50
2010.03.23 22:32:37.535,1.46805,1.46815,1.00,1.60
2010.03.23 22:32:37.611,1.46805,1.4682,1.00,1.70
2010.03.23 22:32:37.645,1.46805,1.4682,1.00,1.00
2010.03.23 22:32:38.418,1.468,1.4682,1.60,1.00
2010.03.23 22:32:38.798,1.46785,1.46815,1.00,2.50
2010.03.23 22:32:39.984,1.4679,1.46815,1.00,2.50
2010.03.23 22:32:40.358,1.4679,1.46815,1.00,1.00
2010.03.23 22:32:40.652,1.46795,1.4682,1.60,4.10
2010.03.23 22:32:40.959,1.46805,1.4682,1.00,4.10
2010.03.23 22:32:41.956,1.46795,1.46815,1.00,1.60
2010.03.23 22:32:42.149,1.46805,1.4682,1.00,4.10
2010.03.23 22:32:42.338,1.46795,1.46815,1.00,1.60
2010.03.23 22:32:42.918,1.468,1.46815,1.00,1.60
2010.03.23 22:32:43.104,1.468,1.4682,1.00,2.50
2010.03.23 22:32:43.444,1.468,1.46825,1.00,4.10
2010.03.23 22:32:45.553,1.468,1.46825,1.00,4.90
2010.03.23 22:32:45.726,1.46785,1.4682,1.00,2.50
2010.03.23 22:32:45.903,1.46785,1.46825,1.00,4.90
2010.03.23 22:32:46.414,1.46785,1.46815,1.00,1.00
2010.03.23 22:33:11.717,1.468,1.4682,1.00,2.40
2010.03.23 22:33:11.867,1.468,1.4682,1.00,1.60
2010.03.23 22:33:18.649,1.46795,1.4682,1.00,1.60
2010.03.23 22:33:18.803,1.46795,1.4681,1.00,1.60
2010.03.23 22:33:18.950,1.4679,1.4681,1.00,1.60
2010.03.23 22:33:19.911,1.4679,1.4681,1.00,1.60
2010.03.23 22:33:20.839,1.4679,1.4681,1.00,1.60
2010.03.23 22:33:21.413,1.46795,1.4681,1.00,1.60
2010.03.23 22:33:21.888,1.4679,1.4681,1.00,1.60
2010.03.23 22:33:22.026,1.46795,1.4681,1.00,1.60
2010.03.23 22:33:22.157,1.4679,1.4681,1.00,1.60
2010.03.23 22:33:22.608,1.46795,1.4681,1.00,1.60
2010.03.23 22:33:22.751,1.4679,1.4681,1.00,1.60
2010.03.23 22:33:23.026,1.46795,1.4681,1.00,1.60
2010.03.23 22:33:23.297,1.4679,1.4681,1.00,1.60
2010.03.23 22:33:23.569,1.46795,1.4681,1.00,1.60
2010.03.23 22:33:24.511,1.4679,1.4681,1.00,1.60
2010.03.23 22:33:27.816,1.46795,1.4681,1.00,1.60
2010.03.23 22:33:28.534,1.4679,1.4681,1.00,1.60
2010.03.23 22:33:28.835,1.46795,1.4681,1.00,1.60
2010.03.23 22:33:29.481,1.4679,1.4681,1.00,1.60
2010.03.23 22:33:29.765,1.46795,1.4681,1.00,1.60
2010.03.23 22:33:30.504,1.4679,1.4681,1.00,1.60
2010.03.23 22:33:30.669,1.46795,1.4681,1.00,1.60
2010.03.23 22:33:30.830,1.4679,1.4681,1.00,1.60
2010.03.23 22:33:31.315,1.46795,1.4681,1.00,1.60
2010.03.23 22:33:32.556,1.4679,1.4681,1.00,1.60
2010.03.23 22:33:32.677,1.46795,1.4681,1.00,1.60
2010.03.23 22:33:35.552,1.46785,1.46805,1.00,1.60
2010.03.23 22:33:40.131,1.46795,1.4681,1.00,1.60
2010.03.23 22:33:41.379,1.46785,1.4681,1.00,1.60
2010.03.23 22:33:41.669,1.46785,1.46805,1.00,1.60
2010.03.23 22:33:55.131,1.4679,1.46805,1.00,1.60
2010.03.23 22:33:55.323,1.4679,1.4681,1.00,1.60
2010.03.23 22:34:00.165,1.4678,1.4681,1.00,1.70
2010.03.23 22:34:00.365,1.4678,1.46795,1.00,1.60
2010.03.23 22:34:03.513,1.4676,1.4678,2.70,1.60
2010.03.23 22:34:03.596,1.4676,1.4678,1.10,1.60
2010.03.23 22:34:03.675,1.4676,1.4678,1.00,1.60
2010.03.23 22:34:06.226,1.46755,1.4678,3.10,1.60
2010.03.23 22:34:06.477,1.4676,1.46775,1.00,1.60
2010.03.23 22:34:06.584,1.4676,1.4678,1.00,1.60
2010.03.23 22:34:07.232,1.4676,1.4678,1.00,1.60
2010.03.23 22:34:09.435,1.46755,1.46775,1.00,1.60
2010.03.23 22:34:19.339,1.46755,1.4678,1.00,1.60
2010.03.23 22:34:26.215,1.46755,1.46785,1.00,4.90
2010.03.23 22:34:26.357,1.46755,1.4678,1.00,1.60
2010.03.23 22:34:26.514,1.4675,1.46775,1.00,1.60
2010.03.23 22:34:30.599,1.46755,1.4678,1.00,1.60
2010.03.23 22:34:30.768,1.4675,1.46775,1.00,1.60
2010.03.23 22:34:31.258,1.4675,1.4678,1.60,1.60
2010.03.23 22:34:31.430,1.4675,1.46775,1.00,1.60
2010.03.23 22:34:32.639,1.46755,1.4678,1.00,1.60
2010.03.23 22:34:36.329,1.4675,1.4676,2.20,1.00
2010.03.23 22:34:36.536,1.46745,1.46755,1.00,1.60
2010.03.23 22:34:36.987,1.46735,1.46755,1.10,1.60
2010.03.23 22:34:37.073,1.46755,1.4679,1.00,2.50
2010.03.23 22:34:37.395,1.46755,1.4679,1.00,1.60
2010.03.23 22:34:37.899,1.4675,1.4679,1.60,1.60
2010.03.23 22:34:38.045,1.46745,1.46785,1.00,1.60
2010.03.23 22:34:38.726,1.46755,1.4678,1.00,1.60
2010.03.23 22:34:40.256,1.46755,1.46775,1.00,1.60
2010.03.23 22:34:40.477,1.46755,1.4678,1.00,1.60
2010.03.23 22:34:41.800,1.4674,1.46765,2.30,1.60
2010.03.23 22:34:41.928,1.4674,1.46765,1.00,1.60
2010.03.23 22:34:42.054,1.4674,1.46775,1.00,1.60
2010.03.23 22:34:42.185,1.46755,1.46775,1.00,1.60
2010.03.23 22:34:42.316,1.46755,1.4679,1.00,4.50
2010.03.23 22:34:42.898,1.46755,1.4678,1.00,2.50
2010.03.23 22:34:45.014,1.4675,1.46775,1.00,1.60
2010.03.23 22:34:45.275,1.4675,1.4678,1.70,2.50
2010.03.23 22:34:52.173,1.4675,1.46775,1.60,1.00
2010.03.23 22:34:52.310,1.4675,1.46775,1.00,1.60
2010.03.23 22:34:54.754,1.46765,1.46775,1.00,1.60
2010.03.23 22:34:54.965,1.4676,1.46785,1.00,1.00
2010.03.23 22:34:59.280,1.46765,1.4679,1.00,5.00
2010.03.23 22:34:59.480,1.46765,1.4679,1.00,4.20
2010.03.23 22:35:09.321,1.4677,1.4679,1.00,4.10
2010.03.23 22:35:09.531,1.4677,1.46795,1.00,1.00
2010.03.23 22:35:16.039,1.46775,1.46795,1.00,1.00
2010.03.23 22:35:16.654,1.46775,1.46805,1.00,4.10
2010.03.23 22:35:16.776,1.46775,1.46805,1.00,1.60
2010.03.23 22:35:18.502,1.4679,1.46815,1.60,1.00
2010.03.23 22:35:18.751,1.4679,1.4682,1.60,1.00
2010.03.23 22:35:21.031,1.4681,1.4682,1.00,1.00
2010.03.23 22:35:21.298,1.46795,1.46815,1.00,1.60
2010.03.23 22:35:21.435,1.4679,1.46815,2.20,1.60
2010.03.23 22:35:21.727,1.46785,1.46815,1.00,1.60
2010.03.23 22:35:22.016,1.4679,1.46825,1.60,4.10
2010.03.23 22:35:26.863,1.4678,1.46815,4.00,1.60
2010.03.23 22:35:26.963,1.46785,1.46815,1.00,1.60
2010.03.23 22:35:35.461,1.46795,1.46815,1.00,1.60
2010.03.23 22:35:35.643,1.46795,1.4682,1.00,1.60
2010.03.23 22:35:38.634,1.4679,1.4682,1.60,1.60
2010.03.23 22:35:38.683,1.46785,1.46815,1.00,1.60
2010.03.23 22:35:39.350,1.46785,1.46815,1.00,2.50
2010.03.23 22:35:43.439,1.4679,1.46815,1.60,1.00
2010.03.23 22:35:43.530,1.4679,1.4682,1.60,1.70
2010.03.23 22:35:43.699,1.4679,1.4682,1.60,1.00
2010.03.23 22:36:24.551,1.4679,1.4682,1.00,2.50
2010.03.23 22:36:43.566,1.46785,1.4682,1.60,2.50
2010.03.23 22:36:52.130,1.46785,1.4682,3.80,1.60
2010.03.23 22:37:14.199,1.46785,1.4682,1.60,2.50
2010.03.23 22:37:14.432,1.46785,1.46815,1.00,1.60
2010.03.23 22:37:15.089,1.46795,1.4682,1.00,1.00
2010.03.23 22:37:15.432,1.468,1.46825,1.60,2.50
2010.03.23 22:37:15.779,1.46785,1.4683,4.60,4.10
2010.03.23 22:37:16.433,1.46785,1.4683,4.30,4.10
2010.03.23 22:37:16.738,1.46785,1.4683,3.90,4.10
2010.03.23 22:37:19.597,1.46785,1.46815,2.30,1.60
2010.03.23 22:37:19.839,1.46785,1.46815,1.00,1.60
2010.03.23 22:37:24.158,1.46795,1.4682,1.60,1.00
2010.03.23 22:37:24.383,1.468,1.4683,1.60,1.70
2010.03.23 22:37:24.596,1.468,1.4683,1.60,1.00
2010.03.23 22:37:27.426,1.468,1.4682,1.60,1.00
2010.03.23 22:37:27.505,1.4679,1.46815,1.00,1.60
2010.03.23 22:37:28.657,1.468,1.4682,1.60,1.00
2010.03.23 22:37:28.805,1.468,1.46825,1.60,1.00
2010.03.23 22:37:28.946,1.468,1.4683,1.60,1.30
2010.03.23 22:37:29.084,1.468,1.4683,1.60,1.00
2010.03.23 22:37:29.225,1.468,1.46835,1.60,4.10
2010.03.23 22:37:31.507,1.4681,1.46835,1.00,4.10
2010.03.23 22:37:31.613,1.4681,1.46835,1.00,2.50
2010.03.23 22:37:31.914,1.4681,1.4684,1.00,4.10
2010.03.23 22:37:32.751,1.46795,1.46825,1.00,4.10
2010.03.23 22:37:33.136,1.468,1.46825,1.60,1.00
2010.03.23 22:37:33.194,1.468,1.4683,1.60,3.30
2010.03.23 22:37:33.353,1.468,1.4683,1.60,2.50
2010.03.23 22:37:34.178,1.468,1.4683,1.60,1.60
2010.03.23 22:37:34.562,1.468,1.46835,1.60,4.10
2010.03.23 22:37:37.891,1.468,1.46825,1.00,1.60
2010.03.23 22:37:38.240,1.46795,1.46825,1.00,1.60
2010.03.23 22:37:38.383,1.46805,1.4683,1.00,4.10
2010.03.23 22:37:38.521,1.46805,1.4683,1.00,1.60
2010.03.23 22:37:39.843,1.4681,1.4684,1.00,4.10
2010.03.23 22:37:40.134,1.46815,1.46845,1.60,2.50
2010.03.23 22:37:40.472,1.46815,1.4685,1.60,4.10
2010.03.23 22:37:45.790,1.4681,1.4684,1.00,1.60
2010.03.23 22:37:51.684,1.46805,1.46835,2.20,1.60
2010.03.23 22:37:51.832,1.46805,1.4683,1.00,1.60
2010.03.23 22:37:51.979,1.468,1.4683,3.10,1.60
2010.03.23 22:37:52.119,1.468,1.4683,2.30,1.60
2010.03.23 22:37:53.643,1.4681,1.4683,1.00,1.60
2010.03.23 22:37:54.039,1.4681,1.46835,1.00,1.60
2010.03.23 22:37:54.712,1.46815,1.46835,1.00,1.60
2010.03.23 22:37:55.001,1.46815,1.46845,1.00,4.10
2010.03.23 22:37:55.290,1.46805,1.4684,2.40,1.60
2010.03.23 22:37:55.568,1.46805,1.4684,1.60,2.50
2010.03.23 22:38:09.788,1.46815,1.46845,1.00,1.60
2010.03.23 22:38:11.667,1.46825,1.46855,1.00,5.00
2010.03.23 22:38:12.573,1.4682,1.46855,1.70,4.20
2010.03.23 22:38:14.645,1.4682,1.46845,1.60,1.00
2010.03.23 22:38:14.825,1.4682,1.46845,1.60,1.00
2010.03.23 22:38:15.263,1.46805,1.4684,5.10,1.60
2010.03.23 22:38:15.547,1.46805,1.4684,3.90,1.60
2010.03.23 22:38:22.774,1.46805,1.46835,3.80,1.00
2010.03.23 22:38:22.877,1.468,1.4683,2.30,1.60
2010.03.23 22:38:23.182,1.468,1.4683,1.00,1.60
2010.03.23 22:38:40.597,1.46805,1.4683,1.00,1.60
2010.03.23 22:38:40.797,1.46805,1.4684,1.60,2.50
2010.03.23 22:38:55.028,1.46805,1.4684,1.60,2.60
2010.03.23 22:38:55.175,1.468,1.46835,3.90,1.60
2010.03.23 22:38:59.215,1.46805,1.46835,1.00,1.60
2010.03.23 22:38:59.653,1.46805,1.4684,1.60,2.50
2010.03.23 22:39:06.903,1.46815,1.4684,1.00,2.50
2010.03.23 22:39:07.070,1.46815,1.4684,1.00,1.00
2010.03.23 22:40:06.924,1.4681,1.4684,1.60,1.00
2010.03.23 22:40:07.115,1.4681,1.46845,1.60,4.10
2010.03.23 22:40:12.283,1.4681,1.46845,1.60,4.20
2010.03.23 22:40:12.395,1.46805,1.4684,1.60,1.60
2010.03.23 22:40:14.671,1.46805,1.46835,1.60,1.00
2010.03.23 22:40:14.960,1.468,1.4683,1.00,1.60
2010.03.23 22:40:26.113,1.46805,1.46835,1.60,2.50
2010.03.23 22:40:26.304,1.46805,1.4684,1.60,4.10
2010.03.23 22:41:26.019,1.46805,1.4684,1.60,4.10
2010.03.23 22:41:27.712,1.46805,1.46825,1.60,1.00
2010.03.23 22:41:27.817,1.46795,1.4682,1.00,1.60
2010.03.23 22:41:28.017,1.468,1.4683,1.00,2.30
2010.03.23 22:41:28.218,1.46805,1.4683,1.00,1.60
2010.03.23 22:41:28.387,1.46805,1.46835,1.60,1.30
2010.03.23 22:41:28.728,1.46805,1.4684,1.60,4.10
2010.03.23 22:41:46.841,1.46815,1.4684,1.00,4.10
2010.03.23 22:41:46.992,1.46815,1.4684,1.00,1.00
2010.03.23 22:41:47.293,1.46815,1.46845,1.00,2.50
2010.03.23 22:42:46.955,1.4681,1.46845,1.60,2.50
2010.03.23 22:42:56.684,1.4681,1.46845,1.60,1.60
2010.03.23 22:43:03.122,1.4681,1.46845,1.60,1.60
2010.03.23 22:43:03.323,1.46805,1.4684,1.60,1.60
2010.03.23 22:43:05.967,1.46815,1.46845,1.00,4.10
2010.03.23 22:43:09.610,1.4681,1.46845,1.60,4.20
2010.03.23 22:43:10.028,1.46805,1.4684,1.60,4.10
2010.03.23 22:43:13.332,1.46805,1.46835,1.60,1.00
2010.03.23 22:43:13.621,1.468,1.46825,1.60,1.60
2010.03.23 22:43:15.733,1.468,1.46825,1.60,1.60
2010.03.23 22:43:16.315,1.46795,1.4682,1.00,1.60
2010.03.23 22:43:53.531,1.468,1.4682,1.00,1.60
2010.03.23 22:43:53.723,1.468,1.46825,1.60,1.60
2010.03.23 22:44:40.790,1.468,1.46825,1.60,1.60
2010.03.23 22:44:40.974,1.468,1.4682,1.00,1.60
2010.03.23 22:44:41.151,1.468,1.46825,1.60,1.60
2010.03.23 22:44:43.279,1.46795,1.4682,2.30,1.60
2010.03.23 22:44:43.399,1.46795,1.4682,1.00,1.60
2010.03.23 22:44:43.419,1.46795,1.4682,1.00,1.60
2010.03.23 22:44:43.486,1.468,1.4682,1.00,1.60
2010.03.23 22:44:43.550,1.468,1.46825,1.60,1.60
2010.03.23 22:45:43.740,1.468,1.46825,1.60,1.60
2010.03.23 22:45:55.325,1.468,1.46825,3.80,1.60
2010.03.23 22:46:01.279,1.4681,1.46835,1.00,1.60
2010.03.23 22:46:01.662,1.46815,1.46845,1.60,2.00
2010.03.23 22:46:02.039,1.46815,1.46845,1.60,1.60
2010.03.23 22:46:35.165,1.4682,1.46845,1.00,1.60
2010.03.23 22:46:35.245,1.4682,1.4685,1.60,2.50
2010.03.23 22:46:41.433,1.4682,1.46855,1.60,4.10
2010.03.23 22:47:35.419,1.4682,1.46855,1.60,4.10
2010.03.23 22:47:42.546,1.46835,1.46855,1.60,1.00
2010.03.23 22:47:44.078,1.46815,1.46855,2.70,2.50
2010.03.23 22:47:47.966,1.46835,1.46855,1.60,1.00
2010.03.23 22:48:00.812,1.46835,1.4686,1.60,1.60
2010.03.23 22:48:14.112,1.46835,1.4686,1.60,3.20
2010.03.23 22:48:14.227,1.46835,1.4686,1.60,4.10
2010.03.23 22:48:23.440,1.468,1.4685,2.20,1.60
2010.03.23 22:48:23.836,1.4679,1.4685,5.50,4.10
2010.03.23 22:48:24.031,1.4679,1.4685,5.10,4.10
2010.03.23 22:48:32.604,1.4682,1.4685,1.00,4.10
2010.03.23 22:48:32.886,1.46815,1.4685,1.70,2.50
2010.03.23 22:48:33.094,1.46815,1.4685,1.70,1.00
2010.03.23 22:48:40.364,1.4682,1.4684,1.60,1.00
2010.03.23 22:48:40.444,1.4681,1.46835,2.40,1.60
2010.03.23 22:48:40.578,1.4681,1.46835,1.60,1.60
2010.03.23 22:48:42.564,1.4682,1.46835,1.00,1.60
2010.03.23 22:48:42.763,1.4682,1.46845,1.60,3.20
2010.03.23 22:48:42.963,1.4682,1.4685,1.60,1.00
2010.03.23 22:48:43.456,1.46815,1.46855,1.70,4.90
2010.03.23 22:48:43.692,1.46815,1.46855,1.70,4.10
2010.03.23 22:48:49.064,1.4682,1.46845,1.60,1.00
2010.03.23 22:48:50.255,1.4682,1.46845,1.60,1.70
2010.03.23 22:49:00.516,1.4682,1.4685,1.60,2.50
2010.03.23 22:49:00.826,1.46815,1.46845,1.70,1.00
2010.03.23 22:49:01.436,1.46815,1.46855,1.70,4.10
2010.03.23 22:49:02.528,1.46815,1.46855,1.60,4.10
2010.03.23 22:49:02.761,1.4682,1.46855,1.90,1.00
2010.03.23 22:49:03.166,1.4682,1.46855,1.70,1.00
2010.03.23 22:49:03.446,1.46815,1.46865,5.50,2.50
2010.03.23 22:49:03.727,1.4682,1.46865,4.30,2.50
2010.03.23 22:49:04.011,1.4682,1.4686,1.60,2.50
2010.03.23 22:49:04.239,1.46815,1.4686,3.50,2.50
2010.03.23 22:49:04.457,1.46815,1.4686,3.10,2.50
2010.03.23 22:49:05.266,1.46815,1.46855,1.50,1.60
2010.03.23 22:49:05.426,1.46815,1.46855,1.50,2.50
2010.03.23 22:49:05.886,1.46815,1.46855,2.30,2.50
2010.03.23 22:49:06.725,1.46815,1.46855,2.30,1.60
2010.03.23 22:49:07.070,1.46825,1.46865,1.60,2.50
2010.03.23 22:49:12.558,1.46835,1.46865,1.00,2.50
2010.03.23 22:49:13.117,1.4683,1.4687,2.30,2.50
2010.03.23 22:49:13.937,1.4683,1.4687,2.20,2.50
2010.03.23 22:49:14.045,1.46825,1.4687,4.30,2.50
2010.03.23 22:49:14.146,1.46825,1.46865,4.30,1.00
2010.03.23 22:49:14.244,1.46825,1.46865,2.70,2.50
2010.03.23 22:49:15.895,1.46815,1.4686,4.00,2.50
2010.03.23 22:49:16.167,1.4681,1.4686,2.60,3.30
2010.03.23 22:49:16.403,1.4681,1.46855,2.60,1.60
2010.03.23 22:49:16.644,1.4681,1.46855,2.60,3.30
2010.03.23 22:49:17.127,1.46805,1.4685,3.80,2.50
2010.03.23 22:49:17.820,1.46825,1.4685,1.00,2.50
2010.03.23 22:49:18.166,1.4682,1.46865,1.70,2.90
2010.03.23 22:49:18.333,1.4682,1.46865,1.70,2.50
2010.03.23 22:49:20.304,1.4683,1.46865,1.00,2.50
2010.03.23 22:49:20.353,1.4682,1.46865,5.00,2.50
2010.03.23 22:49:20.747,1.46815,1.4685,1.00,1.00
2010.03.23 22:49:21.294,1.46805,1.4685,5.50,3.30
2010.03.23 22:49:28.159,1.4681,1.4685,1.60,3.30
2010.03.23 22:49:35.328,1.4681,1.46855,3.90,3.30
2010.03.23 22:49:37.717,1.46805,1.4685,5.90,1.00
2010.03.23 22:49:38.166,1.46805,1.4685,5.10,2.50
2010.03.23 22:49:40.527,1.46815,1.4685,1.00,2.50
2010.03.23 22:49:40.579,1.4681,1.4685,3.10,1.60
2010.03.23 22:49:41.017,1.4681,1.46855,3.90,3.30
2010.03.23 22:49:41.121,1.4681,1.46855,4.30,3.30
2010.03.23 22:49:41.470,1.46805,1.4685,5.50,2.50
2010.03.23 22:49:41.807,1.46805,1.4685,5.10,2.50
2010.03.23 22:49:50.396,1.4681,1.4683,2.20,1.00
2010.03.23 22:49:50.546,1.4681,1.4683,1.00,1.60
2010.03.23 22:49:50.626,1.46805,1.4683,1.00,1.60
2010.03.23 22:49:50.776,1.46805,1.4683,1.00,1.60
2010.03.23 22:49:51.015,1.46795,1.4683,2.40,1.60
2010.03.23 22:49:51.815,1.46795,1.4682,1.70,1.60
2010.03.23 22:49:52.697,1.46795,1.46815,1.60,1.00
2010.03.23 22:49:53.042,1.4679,1.4681,1.40,1.60
2010.03.23 22:49:53.248,1.46785,1.4681,4.70,1.60
2010.03.23 22:49:53.725,1.46795,1.46825,1.00,2.30
2010.03.23 22:49:53.825,1.46795,1.46825,1.00,1.60
2010.03.23 22:49:54.284,1.46795,1.4683,1.00,1.00
2010.03.23 22:49:54.486,1.46805,1.4683,1.00,1.00
2010.03.23 22:49:54.584,1.46805,1.46835,1.00,4.90
2010.03.23 22:49:54.685,1.46805,1.46835,1.00,4.10
2010.03.23 22:50:12.472,1.46805,1.4683,1.00,1.60
2010.03.23 22:50:13.038,1.46805,1.4683,1.00,4.10
2010.03.23 22:50:13.312,1.46795,1.4683,1.00,4.10
2010.03.23 22:50:15.309,1.46795,1.4683,1.00,2.50
2010.03.23 22:50:22.928,1.4679,1.4683,1.10,2.50
2010.03.23 22:50:23.259,1.4679,1.4683,1.00,2.50
2010.03.23 22:50:29.279,1.468,1.4683,1.00,2.50
2010.03.23 22:50:29.540,1.468,1.46835,1.60,3.30
2010.03.23 22:50:29.726,1.468,1.46835,1.60,1.00
2010.03.23 22:50:29.908,1.46805,1.46835,1.60,1.00
2010.03.23 22:50:29.997,1.46805,1.4684,1.60,2.40
2010.03.23 22:50:30.088,1.46805,1.46845,1.60,2.50
2010.03.23 22:50:30.446,1.46805,1.46845,2.30,1.00
2010.03.23 22:50:38.846,1.46815,1.4685,1.60,3.30
2010.03.23 22:50:39.278,1.4681,1.4685,2.30,1.70
2010.03.23 22:50:39.406,1.4681,1.4685,2.30,1.00
2010.03.23 22:50:51.627,1.4681,1.46845,1.60,1.00
2010.03.23 22:50:53.731,1.4681,1.46845,1.60,1.70
2010.03.23 22:50:53.920,1.4681,1.4684,1.60,1.00
2010.03.23 22:50:54.300,1.4681,1.4684,1.60,2.50
2010.03.23 22:51:14.705,1.46805,1.4684,1.60,4.10
2010.03.23 22:51:14.895,1.46805,1.46835,1.60,2.50
2010.03.23 22:51:15.965,1.468,1.4683,1.60,1.00
2010.03.23 22:51:22.070,1.4681,1.46835,1.60,2.50
2010.03.23 22:51:42.539,1.46805,1.4683,1.00,1.00
2010.03.23 22:51:42.750,1.468,1.4683,1.60,1.00
2010.03.23 22:51:57.124,1.468,1.4683,2.40,1.00
2010.03.23 22:51:57.649,1.4681,1.46835,1.00,2.50
2010.03.23 22:51:57.978,1.468,1.46835,1.60,4.20
2010.03.23 22:52:05.974,1.4679,1.4683,2.20,2.50
2010.03.23 22:52:06.719,1.4679,1.4683,1.00,4.10
2010.03.23 22:52:16.872,1.468,1.46825,1.60,1.00
2010.03.23 22:53:38.289,1.468,1.4683,1.60,3.30
2010.03.23 22:53:38.499,1.468,1.4683,1.60,2.50
2010.03.23 22:54:03.441,1.468,1.46825,1.60,1.00
2010.03.23 22:54:05.573,1.468,1.46825,1.60,2.60
2010.03.23 22:54:05.633,1.468,1.4682,1.60,1.00
2010.03.23 22:54:07.427,1.4679,1.4682,1.60,1.00
2010.03.23 22:54:26.389,1.468,1.4682,1.60,1.00
2010.03.23 22:54:26.920,1.468,1.46825,1.60,1.00
2010.03.23 22:54:27.990,1.4679,1.46825,1.60,2.50
2010.03.23 22:54:28.223,1.46785,1.46825,2.70,2.60
2010.03.23 22:54:30.240,1.468,1.46825,1.60,1.00
2010.03.23 22:54:34.537,1.4679,1.46825,1.60,2.50
2010.03.23 22:54:34.747,1.4679,1.46825,1.60,2.60
2010.03.23 22:54:34.887,1.4679,1.46825,1.60,4.20
2010.03.23 22:54:38.716,1.468,1.46825,1.60,2.60
2010.03.23 22:54:39.136,1.468,1.46825,1.60,2.50
2010.03.23 22:54:46.475,1.468,1.4682,1.60,1.00
2010.03.23 22:54:46.596,1.468,1.4682,1.60,1.00
2010.03.23 22:54:46.634,1.46795,1.4682,1.60,1.60
2010.03.23 22:54:47.224,1.46795,1.4682,1.60,4.20
2010.03.23 22:54:52.693,1.468,1.4682,1.60,2.50
2010.03.23 22:54:53.205,1.46795,1.4682,1.60,4.20
2010.03.23 22:54:53.523,1.4679,1.4682,1.70,1.60
2010.03.23 22:54:59.369,1.4679,1.46815,1.60,1.60
2010.03.23 22:55:01.293,1.4679,1.46815,1.60,2.50
2010.03.23 22:55:04.910,1.4679,1.4681,1.00,1.60
2010.03.23 22:55:05.049,1.4679,1.4681,1.00,2.50
2010.03.23 22:55:05.123,1.46785,1.4681,1.60,2.50
2010.03.23 22:55:05.200,1.4678,1.4681,1.60,2.50
2010.03.23 22:55:05.271,1.46785,1.4681,1.60,2.50
2010.03.23 22:55:05.648,1.46785,1.4681,1.60,2.60
2010.03.23 22:55:05.926,1.46775,1.468,1.60,1.60
2010.03.23 22:56:01.769,1.4678,1.468,1.00,1.60
2010.03.23 22:56:01.976,1.46785,1.46805,1.60,2.50
2010.03.23 22:56:04.366,1.46785,1.46805,1.60,2.70
2010.03.23 22:56:04.445,1.46775,1.468,1.60,1.60
2010.03.23 22:56:20.252,1.4677,1.4679,1.00,1.60
2010.03.23 22:56:20.280,1.46765,1.4679,2.20,1.60
2010.03.23 22:56:20.649,1.4677,1.46795,1.60,1.00
2010.03.23 22:56:20.688,1.4677,1.468,1.60,2.60
2010.03.23 22:56:20.710,1.46765,1.4679,1.60,1.60
2010.03.23 22:56:39.598,1.4677,1.4679,1.00,1.60
2010.03.23 22:56:39.615,1.46775,1.46795,1.60,1.00
2010.03.23 22:56:42.487,1.46775,1.46795,1.60,1.10
2010.03.23 22:56:42.609,1.46765,1.4679,1.60,1.60
2010.03.23 22:56:46.853,1.4676,1.46785,1.60,1.60
2010.03.23 22:56:47.445,1.4676,1.46785,1.60,1.60
2010.03.23 22:56:49.672,1.46755,1.4678,1.60,1.60
2010.03.23 22:56:51.895,1.46755,1.4678,1.60,1.60
2010.03.23 22:56:51.967,1.46745,1.4678,2.20,1.60
2010.03.23 22:56:52.035,1.46745,1.4678,2.20,3.20
2010.03.23 22:56:52.103,1.46745,1.4678,1.60,4.20
2010.03.23 22:56:56.493,1.46745,1.4677,1.60,1.00
2010.03.23 22:56:56.584,1.46745,1.4677,1.60,1.60
2010.03.23 22:57:00.745,1.4675,1.4677,1.00,1.60
2010.03.23 22:57:00.851,1.4675,1.46775,1.60,2.50
2010.03.23 22:57:01.915,1.46765,1.46775,1.00,2.50
2010.03.23 22:57:02.340,1.4677,1.46785,1.60,1.60
2010.03.23 22:57:02.480,1.4677,1.4679,1.60,2.60
2010.03.23 22:57:02.742,1.46775,1.4679,1.00,2.50
2010.03.23 22:57:02.882,1.46775,1.4679,1.00,2.50
2010.03.23 22:57:03.223,1.4678,1.46805,1.60,3.30
2010.03.23 22:57:03.563,1.4677,1.4679,1.60,1.00
2010.03.23 22:57:03.904,1.46765,1.4679,1.60,1.60
2010.03.23 22:57:04.352,1.46755,1.46785,2.20,1.60
2010.03.23 22:57:04.656,1.46755,1.4679,1.60,2.50
2010.03.23 22:57:08.223,1.46755,1.46785,1.60,2.50
2010.03.23 22:57:11.710,1.4675,1.46775,1.60,1.60
2010.03.23 22:57:12.419,1.4675,1.46775,1.60,2.50
2010.03.23 22:57:35.168,1.4675,1.46765,1.60,1.00
2010.03.23 22:57:35.275,1.46735,1.4676,1.60,1.60
2010.03.23 22:57:35.334,1.46735,1.4676,1.60,1.60
2010.03.23 22:57:35.880,1.46735,1.4676,1.60,1.60
2010.03.23 22:57:35.951,1.46735,1.4676,1.60,1.60
2010.03.23 22:57:36.005,1.46735,1.4676,1.60,1.60
2010.03.23 22:57:36.064,1.46745,1.46765,1.60,1.00
2010.03.23 22:57:36.407,1.4674,1.46765,1.60,1.60
2010.03.23 22:57:37.252,1.4674,1.46765,1.60,1.60
2010.03.23 22:57:37.446,1.4675,1.46775,1.60,4.10
2010.03.23 22:57:46.734,1.46745,1.46765,1.60,1.00
2010.03.23 22:57:46.821,1.4674,1.46765,1.60,1.60
2010.03.23 22:57:47.302,1.46745,1.4677,1.60,1.60
2010.03.23 22:57:51.359,1.4675,1.46775,1.60,4.10
2010.03.23 22:57:51.938,1.46745,1.46775,1.00,4.10
2010.03.23 22:57:52.232,1.4675,1.46775,1.60,4.10
2010.03.23 22:57:53.043,1.4674,1.46775,1.60,4.20
2010.03.23 22:57:53.579,1.4674,1.4677,1.60,2.50
2010.03.23 22:57:53.893,1.4674,1.46765,1.60,1.60
2010.03.23 22:57:55.131,1.46745,1.4677,1.60,1.60
2010.03.23 22:57:57.602,1.4674,1.46765,1.60,1.60
2010.03.23 22:58:57.463,1.4674,1.46765,1.60,1.60
2010.03.23 22:59:05.857,1.4674,1.4676,1.60,1.00
2010.03.23 22:59:05.951,1.46735,1.4676,1.60,1.60
2010.03.23 22:59:10.994,1.4673,1.46755,1.60,1.60
2010.03.23 22:59:15.782,1.46735,1.4676,1.60,1.60
2010.03.23 22:59:26.676,1.46745,1.4677,1.60,1.00
2010.03.23 22:59:26.827,1.46745,1.46775,1.60,1.00
2010.03.23 22:59:27.180,1.46745,1.4678,1.60,3.60
2010.03.23 22:59:27.328,1.46745,1.4678,1.60,1.60
2010.03.23 22:59:45.662,1.46755,1.4678,1.60,1.00
2010.03.23 22:59:45.722,1.46755,1.46785,1.60,4.10
2010.03.23 22:59:46.355,1.4675,1.46775,1.60,1.60
