2012.03.27 03:00:02.348,1.26917,1.26933,2.25,1.29
2012.03.27 03:00:02.855,1.26913,1.26933,3.00,1.29
2012.03.27 03:00:06.527,1.26917,1.26932,1.80,1.29
2012.03.27 03:00:06.877,1.26917,1.26934,2.55,2.25
2012.03.27 03:00:07.078,1.26917,1.26932,2.55,1.50
2012.03.27 03:00:07.959,1.26917,1.26932,2.55,1.50
2012.03.27 03:00:09.510,1.26917,1.26932,2.61,1.50
2012.03.27 03:00:09.838,1.26927,1.26941,1.50,2.25
2012.03.27 03:00:10.531,1.26923,1.26941,2.25,1.50
2012.03.27 03:00:10.610,1.26924,1.26934,1.50,2.55
2012.03.27 03:00:10.686,1.26918,1.26934,1.88,2.55
2012.03.27 03:00:10.833,1.26918,1.26935,1.50,1.50
2012.03.27 03:00:11.090,1.26915,1.26937,2.25,3.00
2012.03.27 03:00:11.417,1.26918,1.26933,1.50,1.50
2012.03.27 03:00:11.561,1.26908,1.26927,1.50,1.50
2012.03.27 03:00:11.929,1.2691,1.2693,1.50,2.25
2012.03.27 03:00:12.327,1.26913,1.26933,1.80,1.50
2012.03.27 03:00:12.756,1.26913,1.26933,1.80,2.25
2012.03.27 03:00:13.127,1.26913,1.26933,1.80,2.25
2012.03.27 03:00:15.556,1.26914,1.26934,1.50,2.25
2012.03.27 03:00:15.628,1.26914,1.26934,2.25,2.25
2012.03.27 03:00:15.704,1.26916,1.26935,1.95,1.50
2012.03.27 03:00:16.265,1.26925,1.26938,1.80,1.35
2012.03.27 03:00:16.350,1.26929,1.26944,1.50,1.35
2012.03.27 03:00:16.416,1.26926,1.26944,1.80,1.35
2012.03.27 03:00:17.261,1.26926,1.26944,1.80,1.35
2012.03.27 03:00:17.741,1.26932,1.26944,1.80,1.35
2012.03.27 03:00:17.999,1.26932,1.26945,4.05,1.29
2012.03.27 03:00:18.140,1.26937,1.26951,1.50,1.35
2012.03.27 03:00:18.213,1.26937,1.26951,1.50,1.35
2012.03.27 03:00:18.293,1.2693,1.2695,4.05,2.25
2012.03.27 03:00:18.538,1.2693,1.2695,1.50,2.79
2012.03.27 03:00:19.093,1.26929,1.26947,2.55,2.25
2012.03.27 03:00:22.595,1.26929,1.26945,2.55,2.79
2012.03.27 03:00:30.886,1.26929,1.26942,1.80,1.50
2012.03.27 03:00:33.410,1.26929,1.2694,1.80,1.50
2012.03.27 03:00:33.535,1.26929,1.26942,1.80,1.50
2012.03.27 03:00:41.631,1.2693,1.26942,1.80,2.25
2012.03.27 03:00:48.738,1.2693,1.26949,2.40,2.85
2012.03.27 03:00:58.156,1.26932,1.2695,3.15,2.25
2012.03.27 03:01:16.887,1.26932,1.26945,2.55,2.25
2012.03.27 03:01:16.957,1.26929,1.26945,1.50,2.25
2012.03.27 03:01:17.031,1.26929,1.26943,1.50,1.50
2012.03.27 03:01:17.568,1.26927,1.2694,3.30,1.50
2012.03.27 03:01:24.465,1.26927,1.26942,2.55,1.50
2012.03.27 03:01:26.810,1.26927,1.26944,2.55,2.25
2012.03.27 03:01:28.754,1.26927,1.26942,2.55,1.50
2012.03.27 03:01:30.724,1.26927,1.26943,2.55,2.25
2012.03.27 03:01:48.146,1.26927,1.26946,3.30,2.25
2012.03.27 03:01:48.566,1.26929,1.26948,1.50,2.25
2012.03.27 03:01:52.536,1.26928,1.26948,3.00,2.25
2012.03.27 03:01:52.667,1.26931,1.26952,1.50,2.79
2012.03.27 03:01:52.860,1.26931,1.26951,1.50,2.25
2012.03.27 03:01:52.924,1.26933,1.26952,1.50,2.79
2012.03.27 03:01:54.526,1.26933,1.26951,1.50,1.29
2012.03.27 03:01:54.655,1.26931,1.26951,1.80,2.25
2012.03.27 03:01:54.726,1.26931,1.26951,2.55,2.25
2012.03.27 03:01:58.556,1.26931,1.26948,2.55,1.50
2012.03.27 03:02:04.006,1.26931,1.26948,1.80,1.50
2012.03.27 03:02:10.289,1.26929,1.26948,1.50,1.50
2012.03.27 03:02:10.368,1.26933,1.2695,1.50,1.13
2012.03.27 03:02:11.684,1.26933,1.26949,1.50,1.29
2012.03.27 03:02:15.537,1.2693,1.26949,3.30,2.79
2012.03.27 03:02:15.666,1.2693,1.26949,3.30,2.04
2012.03.27 03:02:15.875,1.2693,1.26949,3.30,2.04
2012.03.27 03:02:16.349,1.26934,1.26952,1.50,2.25
2012.03.27 03:02:16.595,1.26931,1.26951,2.25,2.25
2012.03.27 03:02:26.055,1.2693,1.2695,2.25,1.66
2012.03.27 03:02:27.158,1.26929,1.26949,2.25,2.04
2012.03.27 03:02:27.345,1.26931,1.26948,2.25,1.29
2012.03.27 03:02:30.526,1.26932,1.26953,2.55,3.75
2012.03.27 03:02:30.836,1.26931,1.26952,2.25,3.30
2012.03.27 03:02:31.085,1.26931,1.26953,3.30,3.00
2012.03.27 03:02:31.255,1.26931,1.26953,4.05,3.00
2012.03.27 03:02:32.056,1.26931,1.26952,2.25,3.30
2012.03.27 03:02:32.726,1.26932,1.26952,4.05,2.25
2012.03.27 03:02:34.496,1.26933,1.26953,2.25,1.50
2012.03.27 03:02:34.819,1.26938,1.26953,1.80,1.50
2012.03.27 03:02:35.214,1.26932,1.26948,2.85,1.50
2012.03.27 03:02:35.422,1.26932,1.26947,2.85,1.50
2012.03.27 03:02:36.042,1.26932,1.26947,1.05,1.50
2012.03.27 03:02:36.112,1.26928,1.26946,1.72,1.45
2012.03.27 03:02:36.248,1.26924,1.26942,3.30,1.50
2012.03.27 03:02:36.318,1.26924,1.26936,3.30,1.50
2012.03.27 03:02:37.070,1.26924,1.26936,3.30,1.50
2012.03.27 03:02:37.318,1.26924,1.26939,4.49,1.50
2012.03.27 03:02:37.453,1.26935,1.26948,1.35,1.50
2012.03.27 03:02:37.588,1.26943,1.26948,1.80,1.50
2012.03.27 03:02:37.802,1.26941,1.26961,2.25,2.25
2012.03.27 03:02:37.869,1.26945,1.26967,1.50,3.00
2012.03.27 03:02:38.000,1.26941,1.26957,1.50,1.50
2012.03.27 03:02:38.069,1.26942,1.26964,3.00,2.25
2012.03.27 03:02:38.407,1.26942,1.26961,1.50,1.50
2012.03.27 03:02:38.817,1.26947,1.26963,1.50,1.50
2012.03.27 03:02:38.890,1.26947,1.26966,1.50,2.25
2012.03.27 03:02:39.084,1.26952,1.2697,1.50,1.50
2012.03.27 03:02:39.346,1.26952,1.26973,1.50,1.50
2012.03.27 03:02:39.417,1.26947,1.26965,1.50,1.50
2012.03.27 03:02:39.735,1.26947,1.26962,1.50,1.50
2012.03.27 03:02:39.885,1.26947,1.26964,1.50,1.50
2012.03.27 03:02:40.077,1.26947,1.26968,1.50,1.50
2012.03.27 03:02:40.338,1.26952,1.26968,2.55,1.50
2012.03.27 03:02:40.413,1.26955,1.26975,1.50,2.25
2012.03.27 03:02:40.491,1.26957,1.26977,1.50,3.75
2012.03.27 03:02:40.557,1.26957,1.26977,1.50,3.75
2012.03.27 03:02:40.870,1.26957,1.26973,1.50,1.50
2012.03.27 03:02:40.951,1.26953,1.26968,1.50,1.50
2012.03.27 03:02:41.019,1.26948,1.26968,1.50,2.25
2012.03.27 03:02:41.577,1.26947,1.26967,2.25,2.25
2012.03.27 03:02:42.270,1.26948,1.26966,2.25,1.29
2012.03.27 03:02:42.904,1.26945,1.26963,1.50,1.50
2012.03.27 03:02:43.038,1.26945,1.26963,1.50,1.50
2012.03.27 03:02:43.109,1.26942,1.26963,2.25,1.50
2012.03.27 03:02:43.441,1.26944,1.26957,1.50,1.50
2012.03.27 03:02:43.579,1.26939,1.26955,2.25,1.80
2012.03.27 03:02:43.826,1.26939,1.26955,2.25,1.29
2012.03.27 03:02:44.452,1.26944,1.26959,1.50,1.29
2012.03.27 03:02:45.197,1.26943,1.26959,1.50,1.29
2012.03.27 03:02:45.530,1.26946,1.2696,1.50,1.29
2012.03.27 03:02:46.048,1.26945,1.2696,1.50,1.29
2012.03.27 03:02:46.586,1.26942,1.26959,1.50,1.29
2012.03.27 03:02:46.986,1.26934,1.26956,3.00,2.25
2012.03.27 03:02:47.117,1.26936,1.26949,2.55,1.50
2012.03.27 03:02:47.385,1.26932,1.26952,1.35,1.50
2012.03.27 03:02:47.523,1.26932,1.2695,1.35,1.50
2012.03.27 03:02:47.729,1.26932,1.26949,1.35,1.50
2012.03.27 03:02:48.126,1.26932,1.26946,1.35,1.50
2012.03.27 03:02:48.457,1.26928,1.26945,1.05,2.04
2012.03.27 03:02:49.020,1.26927,1.26945,1.50,1.29
2012.03.27 03:02:49.648,1.26929,1.26944,1.50,1.29
2012.03.27 03:02:50.179,1.26929,1.26944,1.50,1.29
2012.03.27 03:02:50.711,1.26927,1.26945,1.50,1.29
2012.03.27 03:02:50.839,1.26927,1.26948,1.50,1.50
2012.03.27 03:02:51.103,1.26929,1.26949,1.50,2.25
2012.03.27 03:02:51.246,1.26929,1.26951,1.50,5.55
2012.03.27 03:02:51.436,1.26927,1.26949,1.50,4.05
2012.03.27 03:02:51.746,1.26931,1.26949,1.50,2.55
2012.03.27 03:02:52.258,1.26931,1.26949,1.50,2.55
2012.03.27 03:02:52.779,1.26929,1.26949,2.55,1.50
2012.03.27 03:02:53.098,1.26931,1.26952,1.50,1.50
2012.03.27 03:02:53.397,1.26929,1.26949,2.25,1.50
2012.03.27 03:02:53.461,1.26931,1.26952,1.50,1.50
2012.03.27 03:02:53.598,1.26929,1.26949,2.25,1.50
2012.03.27 03:02:53.917,1.26935,1.2695,1.50,3.30
2012.03.27 03:02:54.049,1.26932,1.2695,1.50,3.30
2012.03.27 03:02:54.296,1.2693,1.26949,2.25,1.80
2012.03.27 03:02:54.365,1.2693,1.26949,1.50,2.55
2012.03.27 03:02:55.218,1.26933,1.26949,1.50,2.55
2012.03.27 03:02:56.086,1.26929,1.26949,1.50,2.55
2012.03.27 03:02:56.218,1.26929,1.26944,1.50,2.55
2012.03.27 03:02:56.586,1.26929,1.26948,1.50,1.29
2012.03.27 03:02:56.662,1.26926,1.26945,1.50,1.50
2012.03.27 03:02:56.876,1.26928,1.26949,1.50,1.29
2012.03.27 03:02:57.349,1.26929,1.26949,1.50,1.29
2012.03.27 03:02:58.167,1.26928,1.26948,1.50,2.25
2012.03.27 03:02:58.505,1.26931,1.2695,1.50,2.55
2012.03.27 03:02:58.887,1.26928,1.2695,1.50,4.05
2012.03.27 03:02:59.970,1.26928,1.2695,2.25,4.05
2012.03.27 03:03:00.156,1.2693,1.26951,2.25,1.50
2012.03.27 03:03:00.658,1.2693,1.26951,2.25,1.50
2012.03.27 03:03:01.192,1.26931,1.26951,1.50,1.50
2012.03.27 03:03:02.566,1.26931,1.26951,2.25,3.00
2012.03.27 03:03:03.004,1.26929,1.26949,1.50,4.05
2012.03.27 03:03:03.525,1.2693,1.26949,1.50,2.55
2012.03.27 03:03:04.057,1.26933,1.26949,1.50,2.55
2012.03.27 03:03:04.617,1.26932,1.2695,1.50,2.55
2012.03.27 03:03:04.927,1.26935,1.26951,1.50,3.30
2012.03.27 03:03:05.189,1.26935,1.26949,1.50,2.55
2012.03.27 03:03:05.379,1.26937,1.26951,1.50,3.30
2012.03.27 03:03:05.768,1.26934,1.26949,1.50,2.55
2012.03.27 03:03:06.401,1.26937,1.26951,1.50,1.50
2012.03.27 03:03:06.600,1.26937,1.26954,1.50,1.29
2012.03.27 03:03:06.730,1.26937,1.26954,2.31,1.29
2012.03.27 03:03:06.860,1.26942,1.26954,1.50,1.29
2012.03.27 03:03:07.499,1.26944,1.2696,1.50,3.30
2012.03.27 03:03:08.855,1.26943,1.2696,1.50,3.30
2012.03.27 03:03:08.930,1.2694,1.2696,1.50,4.80
2012.03.27 03:03:09.138,1.26938,1.26958,1.50,2.25
2012.03.27 03:03:09.329,1.26935,1.26956,3.75,1.50
2012.03.27 03:03:10.056,1.26937,1.26959,1.50,4.05
2012.03.27 03:03:10.217,1.2694,1.26959,1.50,2.55
2012.03.27 03:03:11.617,1.26937,1.26959,1.50,4.05
2012.03.27 03:03:11.987,1.26935,1.26953,1.50,2.25
2012.03.27 03:03:19.670,1.26936,1.26955,1.50,1.50
2012.03.27 03:03:19.800,1.26936,1.26949,1.50,1.80
2012.03.27 03:03:19.868,1.26932,1.26949,3.00,1.80
2012.03.27 03:03:20.498,1.26932,1.26949,3.00,1.80
2012.03.27 03:03:22.086,1.26932,1.26949,2.25,2.55
2012.03.27 03:03:25.085,1.26933,1.26949,1.50,2.55
2012.03.27 03:03:30.186,1.26931,1.26949,3.00,2.55
2012.03.27 03:03:31.447,1.26934,1.26949,1.50,2.55
2012.03.27 03:03:34.647,1.26935,1.26951,1.80,1.50
2012.03.27 03:03:34.719,1.26935,1.26951,2.40,1.50
2012.03.27 03:03:34.860,1.26937,1.26952,1.50,1.50
2012.03.27 03:03:35.049,1.26936,1.26952,1.50,2.25
2012.03.27 03:03:35.123,1.26943,1.26957,1.50,1.88
2012.03.27 03:03:35.477,1.26943,1.26963,2.85,2.25
2012.03.27 03:03:35.548,1.26946,1.26963,1.80,2.25
2012.03.27 03:03:35.618,1.26946,1.26963,1.80,1.50
2012.03.27 03:03:35.926,1.26946,1.26964,2.55,1.50
2012.03.27 03:03:45.505,1.26946,1.26965,2.55,2.25
2012.03.27 03:03:45.637,1.26945,1.26965,1.50,2.25
2012.03.27 03:03:46.188,1.26944,1.26961,3.66,1.50
2012.03.27 03:03:46.448,1.2694,1.26958,1.50,2.55
2012.03.27 03:03:46.587,1.26941,1.26958,1.50,2.55
2012.03.27 03:03:49.578,1.2694,1.26959,2.25,2.25
2012.03.27 03:03:50.397,1.2694,1.26957,1.50,1.50
2012.03.27 03:03:50.976,1.26937,1.26956,2.25,1.50
2012.03.27 03:03:51.046,1.26935,1.26956,2.25,1.50
2012.03.27 03:03:51.116,1.26938,1.26956,1.50,1.50
2012.03.27 03:03:51.821,1.26935,1.26953,1.50,1.50
2012.03.27 03:03:51.886,1.26938,1.26956,1.80,3.00
2012.03.27 03:03:52.017,1.26938,1.26956,2.55,1.50
2012.03.27 03:03:59.967,1.26938,1.26955,2.55,1.50
2012.03.27 03:04:00.489,1.26938,1.26958,2.55,2.25
2012.03.27 03:04:03.536,1.2694,1.2696,1.50,1.50
2012.03.27 03:04:04.698,1.26943,1.2696,1.50,1.50
2012.03.27 03:04:07.030,1.26938,1.26958,5.10,2.25
2012.03.27 03:04:07.100,1.26944,1.26958,1.80,2.25
2012.03.27 03:04:07.227,1.26944,1.26962,1.80,2.25
2012.03.27 03:04:08.089,1.26938,1.26957,3.15,1.50
2012.03.27 03:04:08.397,1.26944,1.26957,2.55,1.50
2012.03.27 03:04:08.898,1.26944,1.26959,2.55,1.50
2012.03.27 03:04:09.649,1.26944,1.26958,2.55,1.50
2012.03.27 03:04:10.314,1.26938,1.26958,2.25,2.25
2012.03.27 03:04:10.400,1.26944,1.26957,1.50,1.50
2012.03.27 03:04:10.531,1.26937,1.26957,2.25,1.50
2012.03.27 03:04:11.048,1.26937,1.26957,2.25,1.50
2012.03.27 03:04:14.165,1.26937,1.26958,2.25,2.04
2012.03.27 03:04:14.487,1.26945,1.26959,1.80,1.50
2012.03.27 03:04:15.040,1.26939,1.2696,1.35,2.25
2012.03.27 03:04:15.391,1.26939,1.26957,1.35,1.50
2012.03.27 03:04:16.878,1.26939,1.26959,2.25,1.50
2012.03.27 03:04:16.953,1.26939,1.26959,2.25,2.25
2012.03.27 03:04:17.949,1.26939,1.26959,2.25,2.25
2012.03.27 03:04:22.066,1.26943,1.26963,1.50,3.00
2012.03.27 03:04:22.135,1.2694,1.26962,3.30,2.25
2012.03.27 03:04:22.207,1.26944,1.26962,2.55,2.25
2012.03.27 03:04:25.031,1.26943,1.2696,2.25,2.55
2012.03.27 03:04:25.096,1.26943,1.2696,1.50,3.30
2012.03.27 03:04:25.299,1.26939,1.26959,2.25,2.25
2012.03.27 03:04:25.617,1.26946,1.26959,1.50,1.50
2012.03.27 03:04:25.689,1.26946,1.26959,1.50,1.50
2012.03.27 03:04:25.878,1.26943,1.26959,2.55,1.50
2012.03.27 03:04:26.007,1.26945,1.26962,1.50,1.50
2012.03.27 03:04:27.177,1.26945,1.26962,1.50,1.50
2012.03.27 03:04:28.330,1.26947,1.26962,1.50,1.50
2012.03.27 03:04:28.457,1.26944,1.26962,2.25,1.50
2012.03.27 03:04:31.691,1.26944,1.26962,1.50,1.50
2012.03.27 03:04:32.535,1.26944,1.26962,1.50,1.50
2012.03.27 03:04:41.765,1.26943,1.26962,1.50,1.50
2012.03.27 03:04:46.736,1.26943,1.26959,1.50,1.50
2012.03.27 03:04:46.866,1.26938,1.26956,2.25,2.55
2012.03.27 03:04:48.093,1.26938,1.26956,2.25,2.55
2012.03.27 03:04:48.673,1.26937,1.26956,1.50,2.25
2012.03.27 03:04:48.755,1.26943,1.26959,1.50,1.50
2012.03.27 03:04:51.266,1.26943,1.26957,1.50,1.50
2012.03.27 03:04:51.396,1.26937,1.26956,3.00,2.55
2012.03.27 03:04:52.108,1.26937,1.26956,3.00,3.30
2012.03.27 03:05:00.032,1.26937,1.26956,2.25,3.30
2012.03.27 03:05:18.252,1.26938,1.26956,1.43,2.55
2012.03.27 03:05:18.450,1.26943,1.2696,2.55,1.50
2012.03.27 03:05:18.636,1.26943,1.26963,2.55,2.25
2012.03.27 03:05:18.950,1.26943,1.2696,2.55,1.50
2012.03.27 03:05:20.397,1.26943,1.26962,2.55,1.50
2012.03.27 03:05:23.837,1.26948,1.26964,2.55,1.50
2012.03.27 03:05:23.975,1.26949,1.26965,1.35,1.50
2012.03.27 03:05:24.312,1.26954,1.26965,2.55,1.50
2012.03.27 03:05:24.388,1.26954,1.26969,2.55,1.50
2012.03.27 03:05:24.528,1.26956,1.26974,2.25,1.50
2012.03.27 03:05:28.529,1.26957,1.26974,1.50,1.50
2012.03.27 03:05:29.159,1.26955,1.26972,1.50,1.50
2012.03.27 03:05:29.480,1.26951,1.26971,2.25,3.30
2012.03.27 03:05:29.803,1.26955,1.26971,1.50,4.05
2012.03.27 03:05:30.383,1.26955,1.26971,1.50,4.05
2012.03.27 03:05:30.594,1.26955,1.26971,1.05,2.55
2012.03.27 03:05:30.738,1.26962,1.26979,1.50,1.50
2012.03.27 03:05:30.813,1.26966,1.2698,1.50,1.50
2012.03.27 03:05:31.186,1.26966,1.26983,1.50,4.05
2012.03.27 03:05:31.571,1.26964,1.26983,2.25,4.05
2012.03.27 03:05:31.640,1.26964,1.26982,1.50,2.55
2012.03.27 03:05:31.980,1.2697,1.2699,1.50,2.04
2012.03.27 03:05:32.048,1.2697,1.2699,1.50,2.04
2012.03.27 03:05:32.309,1.26967,1.26987,3.00,2.25
2012.03.27 03:05:32.777,1.26967,1.26986,1.50,1.50
2012.03.27 03:05:32.924,1.26964,1.26984,4.05,2.25
2012.03.27 03:05:35.858,1.26964,1.26982,2.55,1.50
2012.03.27 03:05:36.578,1.26964,1.26982,2.55,2.25
2012.03.27 03:05:36.827,1.26966,1.26982,1.50,1.50
2012.03.27 03:05:37.156,1.26968,1.26989,1.50,1.50
2012.03.27 03:05:37.290,1.26971,1.26989,1.50,1.50
2012.03.27 03:05:37.477,1.26967,1.26987,3.00,2.25
2012.03.27 03:05:38.009,1.26967,1.26982,2.25,1.50
2012.03.27 03:05:38.270,1.26962,1.26979,3.00,1.50
2012.03.27 03:05:38.598,1.26965,1.26978,1.80,1.50
2012.03.27 03:05:38.670,1.26965,1.26984,1.80,2.25
2012.03.27 03:05:38.736,1.26968,1.26986,1.50,1.50
2012.03.27 03:05:38.809,1.26968,1.26986,1.50,1.50
2012.03.27 03:05:38.880,1.26971,1.26986,1.50,1.50
2012.03.27 03:05:39.066,1.26971,1.2699,1.50,1.50
2012.03.27 03:05:39.961,1.26971,1.26986,1.50,1.50
2012.03.27 03:05:40.041,1.26964,1.26983,1.50,2.25
2012.03.27 03:05:40.106,1.26968,1.26984,1.50,1.50
2012.03.27 03:05:40.417,1.26969,1.26984,1.50,1.50
2012.03.27 03:05:40.817,1.26962,1.26979,1.50,1.50
2012.03.27 03:05:41.341,1.26961,1.26978,2.25,1.50
2012.03.27 03:05:42.700,1.2696,1.26977,2.25,1.50
2012.03.27 03:05:43.798,1.26962,1.26978,1.05,1.50
2012.03.27 03:05:43.999,1.26966,1.26981,2.55,1.50
2012.03.27 03:05:44.436,1.26966,1.26983,3.30,1.50
2012.03.27 03:05:44.625,1.26966,1.26986,4.80,2.25
2012.03.27 03:05:46.697,1.26968,1.26984,1.50,1.50
2012.03.27 03:05:46.767,1.26967,1.26984,3.00,1.50
2012.03.27 03:05:47.182,1.26965,1.26981,1.35,2.25
2012.03.27 03:05:47.249,1.26965,1.26981,1.35,2.25
2012.03.27 03:05:47.319,1.26966,1.26981,1.50,1.50
2012.03.27 03:05:47.526,1.26972,1.26991,1.50,1.50
2012.03.27 03:05:47.604,1.2697,1.26991,4.05,1.50
2012.03.27 03:05:47.868,1.26974,1.26991,2.25,1.50
2012.03.27 03:05:48.001,1.26974,1.26991,3.00,1.50
2012.03.27 03:05:48.278,1.26975,1.26991,1.50,1.50
2012.03.27 03:05:48.827,1.26974,1.26991,2.25,1.50
2012.03.27 03:05:48.969,1.26974,1.26991,2.25,1.50
2012.03.27 03:05:49.550,1.26977,1.26991,2.55,1.50
2012.03.27 03:05:50.120,1.26974,1.26992,3.00,1.50
2012.03.27 03:05:50.466,1.26979,1.26991,1.50,1.50
2012.03.27 03:05:50.973,1.26976,1.26994,2.55,2.25
2012.03.27 03:05:52.405,1.26976,1.26994,2.55,2.25
2012.03.27 03:05:53.751,1.26976,1.26994,2.55,2.25
2012.03.27 03:05:54.288,1.26981,1.26996,2.55,1.50
2012.03.27 03:05:54.364,1.26988,1.27003,1.50,1.50
2012.03.27 03:05:54.998,1.26984,1.27003,2.25,1.50
2012.03.27 03:06:04.207,1.2698,1.26999,3.75,1.50
2012.03.27 03:06:07.155,1.26979,1.26999,3.00,1.50
2012.03.27 03:06:08.554,1.26981,1.26999,3.00,1.50
2012.03.27 03:06:09.236,1.26985,1.27003,2.25,1.50
2012.03.27 03:06:11.751,1.26984,1.27003,1.50,1.50
2012.03.27 03:06:16.550,1.26985,1.27003,1.50,1.50
2012.03.27 03:06:16.740,1.26985,1.27004,2.25,1.50
2012.03.27 03:06:21.876,1.26986,1.27003,1.50,1.50
2012.03.27 03:06:22.275,1.26982,1.27003,2.25,1.50
2012.03.27 03:06:23.557,1.26985,1.27001,1.50,1.50
2012.03.27 03:06:23.865,1.26982,1.27001,2.25,1.50
2012.03.27 03:06:25.336,1.26983,1.27,1.50,1.50
2012.03.27 03:06:26.166,1.26981,1.27,2.25,1.50
2012.03.27 03:06:28.686,1.26981,1.27,2.25,1.50
2012.03.27 03:06:28.820,1.26979,1.26992,1.50,1.50
2012.03.27 03:06:28.950,1.26977,1.26996,2.55,2.25
2012.03.27 03:06:29.315,1.26977,1.26998,2.55,2.25
2012.03.27 03:06:29.929,1.26981,1.26998,1.80,2.25
2012.03.27 03:06:30.337,1.26977,1.26998,2.55,2.25
2012.03.27 03:06:31.409,1.26981,1.26998,1.80,2.25
2012.03.27 03:06:31.601,1.26978,1.26998,2.25,2.25
2012.03.27 03:06:32.117,1.26975,1.26994,1.50,1.50
2012.03.27 03:06:32.856,1.26975,1.26996,1.50,2.25
2012.03.27 03:06:33.408,1.26972,1.26994,2.25,1.50
2012.03.27 03:06:34.398,1.2698,1.26996,1.50,1.50
2012.03.27 03:06:36.449,1.26989,1.26996,1.80,1.50
2012.03.27 03:06:36.775,1.26981,1.26996,1.05,1.50
2012.03.27 03:06:36.849,1.26982,1.27,2.25,1.50
2012.03.27 03:06:36.917,1.26982,1.27,1.50,1.50
2012.03.27 03:06:37.287,1.26981,1.26999,2.10,2.25
2012.03.27 03:06:40.849,1.26983,1.26999,1.50,1.50
2012.03.27 03:06:41.387,1.26983,1.27,1.50,3.30
2012.03.27 03:06:43.121,1.26979,1.27,1.50,3.30
2012.03.27 03:06:46.404,1.26979,1.26994,1.50,1.50
2012.03.27 03:06:46.942,1.26976,1.26993,2.55,1.50
2012.03.27 03:06:47.521,1.26976,1.26998,2.25,3.00
2012.03.27 03:06:48.447,1.26979,1.26998,1.50,2.25
2012.03.27 03:06:48.952,1.26976,1.26998,2.25,3.00
2012.03.27 03:06:49.082,1.26981,1.26998,1.50,1.50
2012.03.27 03:06:49.631,1.26978,1.26996,2.55,2.25
2012.03.27 03:06:50.051,1.26984,1.27001,1.50,4.05
2012.03.27 03:06:50.177,1.26982,1.27001,1.50,4.05
2012.03.27 03:06:50.248,1.26979,1.27001,1.50,5.55
2012.03.27 03:06:50.749,1.26978,1.26994,3.00,1.50
2012.03.27 03:06:50.819,1.26975,1.26993,2.25,1.50
2012.03.27 03:06:51.021,1.26975,1.26991,1.50,1.80
2012.03.27 03:06:51.210,1.26972,1.26988,2.25,1.80
2012.03.27 03:06:51.350,1.26971,1.26988,1.50,2.55
2012.03.27 03:06:51.685,1.26972,1.26988,1.50,2.55
2012.03.27 03:06:51.760,1.26964,1.26984,2.25,2.25
2012.03.27 03:06:52.308,1.26964,1.26983,2.25,1.50
2012.03.27 03:06:52.380,1.26967,1.26983,1.50,1.50
2012.03.27 03:06:52.514,1.26967,1.26984,1.50,2.55
2012.03.27 03:06:53.066,1.26968,1.26988,1.50,1.50
2012.03.27 03:06:53.257,1.2697,1.26988,1.50,1.50
2012.03.27 03:06:53.749,1.26973,1.2699,1.50,1.50
2012.03.27 03:06:55.326,1.26971,1.2699,1.50,1.50
2012.03.27 03:06:55.398,1.26969,1.26989,1.50,2.25
2012.03.27 03:06:58.276,1.2697,1.2699,1.50,1.50
2012.03.27 03:06:59.659,1.2697,1.26989,2.55,1.50
2012.03.27 03:07:03.297,1.26971,1.26987,2.55,1.50
2012.03.27 03:07:05.262,1.26972,1.26987,2.55,1.50
2012.03.27 03:07:05.328,1.26972,1.26991,4.05,1.50
2012.03.27 03:07:05.829,1.26972,1.26992,4.05,2.25
2012.03.27 03:07:06.396,1.26972,1.26992,4.05,2.25
2012.03.27 03:07:07.468,1.26972,1.26992,4.05,3.00
2012.03.27 03:07:07.787,1.26972,1.26991,2.25,1.50
2012.03.27 03:07:08.420,1.26973,1.26992,2.25,1.50
2012.03.27 03:07:08.916,1.26972,1.26993,2.25,1.50
2012.03.27 03:07:10.057,1.26971,1.26991,3.00,2.25
2012.03.27 03:07:12.167,1.26971,1.26991,3.06,2.25
2012.03.27 03:07:12.559,1.26969,1.26991,2.25,3.75
2012.03.27 03:07:13.350,1.26972,1.26991,2.31,2.79
2012.03.27 03:07:13.781,1.26973,1.26993,2.25,1.50
2012.03.27 03:07:14.679,1.26973,1.26995,2.25,3.60
2012.03.27 03:07:16.022,1.26973,1.26995,2.25,4.35
2012.03.27 03:07:16.568,1.26974,1.26993,2.25,2.55
2012.03.27 03:07:17.723,1.26973,1.26992,1.50,2.55
2012.03.27 03:07:20.980,1.26973,1.26988,1.50,1.50
2012.03.27 03:07:21.047,1.26971,1.26987,1.50,1.50
2012.03.27 03:07:21.596,1.26972,1.26992,1.50,2.55
2012.03.27 03:07:22.342,1.26972,1.26992,1.50,2.55
2012.03.27 03:07:23.160,1.26972,1.26988,1.50,1.50
2012.03.27 03:07:23.230,1.26968,1.26986,1.50,1.50
2012.03.27 03:07:24.212,1.2697,1.26988,2.25,1.50
2012.03.27 03:07:24.518,1.26963,1.26981,1.50,1.50
2012.03.27 03:07:24.666,1.26965,1.26984,1.80,2.25
2012.03.27 03:07:24.922,1.26965,1.26984,2.55,2.25
2012.03.27 03:07:25.372,1.26967,1.26988,4.05,2.25
2012.03.27 03:07:26.170,1.26967,1.26986,2.55,1.50
2012.03.27 03:07:26.667,1.26972,1.26988,1.50,1.50
2012.03.27 03:07:27.529,1.26972,1.26988,1.50,1.50
2012.03.27 03:07:28.318,1.26969,1.26987,1.50,3.30
2012.03.27 03:07:28.389,1.26969,1.26986,1.50,2.55
2012.03.27 03:07:28.910,1.26968,1.26983,1.50,1.50
2012.03.27 03:07:29.237,1.26966,1.26981,1.50,1.50
2012.03.27 03:07:29.307,1.26959,1.26981,2.31,3.00
2012.03.27 03:07:29.451,1.26969,1.26981,1.50,1.50
2012.03.27 03:07:29.580,1.26969,1.26985,1.50,2.04
2012.03.27 03:07:32.157,1.26969,1.26986,1.50,1.20
2012.03.27 03:07:41.345,1.26969,1.26988,1.50,1.50
2012.03.27 03:07:46.517,1.26965,1.26986,1.50,1.50
2012.03.27 03:07:46.647,1.26965,1.26986,3.30,1.50
2012.03.27 03:07:47.187,1.26971,1.26991,2.25,3.75
2012.03.27 03:07:47.261,1.2697,1.26989,1.50,1.50
2012.03.27 03:07:47.777,1.2697,1.26989,1.50,1.50
2012.03.27 03:07:47.850,1.26975,1.26989,1.50,1.50
2012.03.27 03:07:48.299,1.26966,1.26987,1.80,2.25
2012.03.27 03:07:48.368,1.26966,1.26987,1.80,3.00
2012.03.27 03:07:48.717,1.26966,1.26984,1.80,1.50
2012.03.27 03:07:49.692,1.26966,1.26984,2.55,1.50
2012.03.27 03:07:49.816,1.26969,1.26984,1.50,1.50
2012.03.27 03:07:50.076,1.26969,1.26989,2.25,2.25
2012.03.27 03:07:50.148,1.26975,1.26992,1.50,1.50
2012.03.27 03:07:50.226,1.26971,1.26991,4.05,2.25
2012.03.27 03:07:51.472,1.26972,1.26991,1.50,2.25
2012.03.27 03:07:51.596,1.26973,1.26991,1.50,2.25
2012.03.27 03:07:51.728,1.26977,1.26993,2.55,1.50
2012.03.27 03:07:51.980,1.26983,1.26995,1.50,1.50
2012.03.27 03:07:52.288,1.26983,1.26995,1.50,1.50
2012.03.27 03:07:52.870,1.26981,1.26995,1.50,1.50
2012.03.27 03:07:52.999,1.26978,1.26995,1.50,1.50
2012.03.27 03:07:53.601,1.26978,1.26995,1.50,1.50
2012.03.27 03:07:54.236,1.26981,1.26995,1.50,1.50
2012.03.27 03:07:59.622,1.26981,1.26996,2.25,1.50
2012.03.27 03:08:10.015,1.26978,1.26998,2.25,3.00
2012.03.27 03:08:10.516,1.26978,1.26998,2.25,2.25
2012.03.27 03:08:10.588,1.26977,1.26996,2.55,1.50
2012.03.27 03:08:11.596,1.26977,1.26995,2.55,1.50
2012.03.27 03:08:13.650,1.26976,1.26996,3.30,1.50
2012.03.27 03:08:14.182,1.26988,1.26996,1.80,1.50
2012.03.27 03:08:14.258,1.26988,1.27001,1.80,2.25
2012.03.27 03:08:14.328,1.26988,1.27001,1.80,2.25
2012.03.27 03:08:14.895,1.26987,1.27003,1.80,3.00
2012.03.27 03:08:15.886,1.26987,1.27003,1.80,1.50
2012.03.27 03:08:16.266,1.26985,1.27003,3.00,1.50
2012.03.27 03:08:16.337,1.26989,1.27003,1.50,1.50
2012.03.27 03:08:16.858,1.26988,1.27008,1.50,3.00
2012.03.27 03:08:17.198,1.26994,1.27013,2.55,1.50
2012.03.27 03:08:17.342,1.26994,1.27013,2.25,1.50
2012.03.27 03:08:17.766,1.26995,1.27013,1.50,1.50
2012.03.27 03:08:18.077,1.26998,1.27013,1.80,1.50
2012.03.27 03:08:19.402,1.26998,1.27015,1.80,2.25
2012.03.27 03:08:19.712,1.27001,1.2702,2.25,1.50
2012.03.27 03:08:20.100,1.27001,1.27021,3.00,1.50
2012.03.27 03:08:20.188,1.27003,1.27025,2.25,3.00
2012.03.27 03:08:20.538,1.27005,1.27021,1.50,1.50
2012.03.27 03:08:20.670,1.27002,1.27021,2.25,1.50
2012.03.27 03:08:22.360,1.27002,1.27021,2.25,1.50
2012.03.27 03:08:23.201,1.27002,1.27023,1.50,2.40
2012.03.27 03:08:23.411,1.26999,1.2702,1.80,2.25
2012.03.27 03:08:23.537,1.27003,1.27023,1.50,1.50
2012.03.27 03:08:23.668,1.26999,1.27019,1.50,2.25
2012.03.27 03:08:24.218,1.27,1.27019,1.50,1.50
2012.03.27 03:08:24.493,1.27005,1.27022,1.80,2.25
2012.03.27 03:08:24.808,1.27009,1.27022,1.50,1.50
2012.03.27 03:08:25.351,1.27009,1.27022,1.50,1.50
2012.03.27 03:08:25.479,1.27006,1.27022,1.50,1.50
2012.03.27 03:08:25.889,1.27008,1.27023,1.50,1.50
2012.03.27 03:08:26.027,1.27006,1.27023,1.50,1.50
2012.03.27 03:08:26.346,1.27006,1.27018,1.50,1.50
2012.03.27 03:08:26.418,1.27002,1.2702,1.50,2.55
2012.03.27 03:08:26.608,1.26998,1.27018,4.05,2.25
2012.03.27 03:08:26.980,1.27002,1.27023,1.50,2.25
2012.03.27 03:08:27.616,1.27002,1.27023,1.50,2.25
2012.03.27 03:08:27.946,1.27009,1.27019,1.50,1.50
2012.03.27 03:08:28.140,1.27003,1.27019,1.50,3.30
2012.03.27 03:08:29.400,1.27003,1.27019,1.50,4.05
2012.03.27 03:08:29.933,1.27001,1.27019,1.50,4.05
2012.03.27 03:08:30.370,1.27004,1.27019,1.80,1.50
2012.03.27 03:08:30.441,1.27004,1.27023,1.80,3.00
2012.03.27 03:08:30.576,1.27006,1.27023,1.50,1.50
2012.03.27 03:08:30.888,1.27009,1.27023,1.50,1.50
2012.03.27 03:08:30.956,1.27009,1.27023,1.50,1.50
2012.03.27 03:08:31.487,1.27009,1.27027,1.50,3.84
2012.03.27 03:08:31.690,1.27005,1.27026,1.50,2.25
2012.03.27 03:08:31.758,1.27007,1.27027,1.50,3.00
2012.03.27 03:08:32.008,1.27004,1.27026,3.30,2.25
2012.03.27 03:08:32.594,1.27002,1.27018,3.30,1.50
2012.03.27 03:08:32.848,1.27,1.2702,3.00,2.25
2012.03.27 03:08:33.158,1.27,1.2702,2.25,2.25
2012.03.27 03:08:33.586,1.26998,1.27018,1.50,2.25
2012.03.27 03:08:33.658,1.26998,1.27018,2.25,2.25
2012.03.27 03:08:34.125,1.26996,1.27015,1.50,1.50
2012.03.27 03:08:34.388,1.26999,1.27021,2.25,2.25
2012.03.27 03:08:35.241,1.27005,1.27022,1.50,1.50
2012.03.27 03:08:35.799,1.27,1.27021,2.25,2.25
2012.03.27 03:08:36.356,1.27003,1.27023,1.50,1.50
2012.03.27 03:08:39.184,1.27003,1.27022,2.55,2.25
2012.03.27 03:08:40.838,1.27002,1.27021,3.00,1.50
2012.03.27 03:08:40.967,1.27002,1.27022,3.00,2.25
2012.03.27 03:08:41.289,1.27002,1.27018,3.30,1.50
2012.03.27 03:08:41.597,1.27004,1.27017,1.50,2.55
2012.03.27 03:08:41.728,1.26999,1.27017,1.50,2.55
2012.03.27 03:08:41.857,1.27002,1.27022,1.50,2.25
2012.03.27 03:08:42.479,1.27002,1.27022,2.25,3.75
2012.03.27 03:08:42.647,1.27002,1.27022,2.25,3.75
2012.03.27 03:08:43.659,1.27003,1.27022,1.50,2.25
2012.03.27 03:08:43.727,1.27003,1.27022,1.50,2.25
2012.03.27 03:08:43.888,1.26999,1.27019,3.00,2.25
2012.03.27 03:08:45.891,1.26996,1.27018,3.00,1.50
2012.03.27 03:08:46.408,1.26999,1.27019,2.25,3.75
2012.03.27 03:08:46.487,1.26999,1.27017,2.25,1.50
2012.03.27 03:08:46.741,1.26991,1.27011,3.00,1.50
2012.03.27 03:08:46.866,1.26993,1.27013,2.25,1.50
2012.03.27 03:08:48.206,1.26993,1.27013,2.25,1.50
2012.03.27 03:08:48.653,1.26994,1.27016,2.25,3.60
2012.03.27 03:08:54.648,1.26992,1.27014,4.05,1.50
2012.03.27 03:08:56.106,1.26995,1.27015,2.25,1.50
2012.03.27 03:08:56.636,1.26992,1.27014,4.05,1.50
2012.03.27 03:08:56.973,1.26997,1.27016,2.55,1.50
2012.03.27 03:08:57.401,1.27003,1.27019,2.25,1.50
2012.03.27 03:08:57.716,1.27007,1.27023,1.50,1.20
2012.03.27 03:08:58.988,1.27005,1.27025,2.25,2.25
2012.03.27 03:08:59.309,1.2701,1.27029,1.50,1.50
2012.03.27 03:08:59.440,1.27007,1.27029,2.25,3.00
2012.03.27 03:08:59.759,1.27009,1.2703,2.25,1.50
2012.03.27 03:09:00.138,1.27012,1.2703,1.50,1.50
2012.03.27 03:09:02.348,1.27007,1.27028,1.50,2.25
2012.03.27 03:09:03.036,1.27008,1.27028,1.50,2.25
2012.03.27 03:09:03.468,1.27016,1.2703,1.50,1.50
2012.03.27 03:09:04.376,1.27016,1.27032,4.05,1.50
2012.03.27 03:09:04.650,1.2702,1.27036,3.30,1.50
2012.03.27 03:09:04.737,1.27023,1.27036,1.50,1.50
2012.03.27 03:09:05.012,1.27023,1.27042,2.25,1.45
2012.03.27 03:09:05.143,1.27023,1.27044,2.25,1.50
2012.03.27 03:09:05.655,1.27025,1.27044,2.25,1.50
2012.03.27 03:09:06.129,1.27029,1.27046,2.25,1.50
2012.03.27 03:09:06.258,1.27029,1.27048,2.25,1.50
2012.03.27 03:09:06.806,1.27031,1.27052,1.50,3.30
2012.03.27 03:09:07.281,1.27037,1.27055,1.50,1.50
2012.03.27 03:09:07.347,1.27034,1.27055,1.50,1.50
2012.03.27 03:09:07.540,1.27038,1.27055,1.50,1.50
2012.03.27 03:09:08.356,1.27036,1.27055,1.50,1.50
2012.03.27 03:09:08.608,1.27038,1.27055,1.50,1.50
2012.03.27 03:09:09.287,1.27035,1.27055,1.50,3.00
2012.03.27 03:09:09.796,1.27037,1.27055,1.50,1.50
2012.03.27 03:09:10.299,1.27038,1.27053,1.80,2.25
2012.03.27 03:09:10.443,1.27041,1.27061,1.50,1.50
2012.03.27 03:09:10.958,1.27041,1.27061,1.50,1.50
2012.03.27 03:09:11.147,1.27039,1.27061,1.50,3.00
2012.03.27 03:09:11.871,1.2704,1.2706,1.50,2.25
2012.03.27 03:09:12.293,1.27038,1.2706,2.55,2.25
2012.03.27 03:09:12.817,1.27039,1.27061,1.50,3.00
2012.03.27 03:09:13.757,1.27038,1.2706,2.55,2.25
2012.03.27 03:09:14.376,1.27039,1.27061,1.50,3.00
2012.03.27 03:09:14.987,1.27038,1.27057,1.80,2.25
2012.03.27 03:09:16.078,1.27034,1.27056,3.00,3.00
2012.03.27 03:09:16.899,1.27033,1.2705,1.50,2.25
2012.03.27 03:09:18.749,1.27034,1.27052,1.50,2.25
2012.03.27 03:09:18.818,1.27037,1.27052,1.80,2.25
2012.03.27 03:09:19.476,1.27035,1.27054,2.25,2.25
2012.03.27 03:09:21.208,1.27037,1.27059,1.50,1.50
2012.03.27 03:09:21.934,1.27036,1.27058,2.25,2.25
2012.03.27 03:09:22.643,1.27039,1.27059,1.50,3.00
2012.03.27 03:09:23.349,1.27035,1.27057,3.75,2.25
2012.03.27 03:09:23.477,1.27038,1.27058,1.50,2.25
2012.03.27 03:09:27.270,1.27034,1.27056,4.80,2.25
2012.03.27 03:09:27.518,1.27036,1.27056,1.50,2.25
2012.03.27 03:09:27.897,1.27037,1.27056,2.55,2.25
2012.03.27 03:09:28.449,1.27034,1.27054,3.00,3.00
2012.03.27 03:09:29.009,1.27038,1.27056,1.80,2.25
2012.03.27 03:09:29.318,1.2704,1.27059,1.80,3.00
2012.03.27 03:09:30.381,1.27041,1.27061,1.50,1.50
2012.03.27 03:09:30.458,1.27037,1.27059,2.25,3.00
2012.03.27 03:09:30.531,1.27039,1.27059,1.80,3.00
2012.03.27 03:09:30.845,1.27045,1.2706,1.50,1.50
2012.03.27 03:09:30.989,1.27042,1.27059,1.50,1.50
2012.03.27 03:09:32.116,1.2704,1.27059,1.50,1.50
2012.03.27 03:09:32.187,1.27042,1.27059,1.50,1.50
2012.03.27 03:09:33.048,1.27042,1.27058,1.50,1.50
2012.03.27 03:09:33.608,1.27042,1.27055,1.50,1.50
2012.03.27 03:09:33.680,1.27037,1.27055,1.50,1.50
2012.03.27 03:09:33.808,1.27037,1.27055,1.50,1.50
2012.03.27 03:09:34.057,1.27037,1.27055,1.50,1.50
2012.03.27 03:09:35.260,1.27043,1.27055,1.50,1.50
2012.03.27 03:09:35.446,1.27035,1.27055,2.25,3.00
2012.03.27 03:09:35.879,1.27035,1.27055,2.25,3.00
2012.03.27 03:09:36.739,1.27039,1.2706,1.50,1.50
2012.03.27 03:09:37.049,1.27039,1.2706,1.50,1.50
2012.03.27 03:09:38.371,1.27036,1.27057,1.50,2.25
2012.03.27 03:09:38.507,1.27041,1.2706,1.50,1.50
2012.03.27 03:09:38.880,1.27044,1.2706,1.50,1.50
2012.03.27 03:09:39.395,1.27046,1.27064,1.80,2.25
2012.03.27 03:09:39.947,1.27045,1.27063,1.80,2.25
2012.03.27 03:09:41.063,1.27049,1.27068,1.50,2.55
2012.03.27 03:09:41.143,1.27046,1.27065,1.50,1.50
2012.03.27 03:09:41.267,1.27043,1.27065,2.25,3.00
2012.03.27 03:09:42.468,1.27045,1.27065,1.50,1.50
2012.03.27 03:09:43.022,1.27045,1.27065,1.50,1.50
2012.03.27 03:09:43.097,1.27054,1.27068,1.50,2.55
2012.03.27 03:09:43.174,1.27059,1.27069,1.80,1.50
2012.03.27 03:09:43.251,1.27061,1.27076,2.25,1.45
2012.03.27 03:09:43.320,1.27059,1.27076,3.15,1.45
2012.03.27 03:09:43.389,1.27064,1.27077,1.80,1.50
2012.03.27 03:09:43.533,1.27059,1.27078,1.50,2.05
2012.03.27 03:09:43.815,1.27057,1.27076,2.25,1.50
2012.03.27 03:09:44.133,1.27063,1.27075,1.80,2.25
2012.03.27 03:09:44.267,1.27055,1.27075,2.25,2.25
2012.03.27 03:09:44.340,1.27058,1.27076,1.50,1.50
2012.03.27 03:09:44.715,1.27058,1.27079,2.25,1.86
2012.03.27 03:09:44.804,1.27066,1.27083,1.50,1.50
2012.03.27 03:09:45.127,1.27057,1.2708,4.50,2.25
2012.03.27 03:09:45.638,1.27057,1.27079,3.00,1.50
2012.03.27 03:09:45.710,1.27057,1.27078,1.50,2.25
2012.03.27 03:09:52.086,1.27056,1.27077,3.00,3.25
2012.03.27 03:09:52.165,1.27052,1.27074,4.80,2.25
2012.03.27 03:09:52.360,1.27052,1.27072,1.50,3.00
2012.03.27 03:09:52.797,1.27052,1.27072,3.30,1.50
2012.03.27 03:09:58.678,1.27051,1.27071,1.50,2.25
2012.03.27 03:09:59.108,1.27053,1.27072,1.50,2.25
2012.03.27 03:09:59.179,1.27051,1.27071,1.50,2.25
2012.03.27 03:09:59.722,1.27055,1.2707,1.05,2.25
2012.03.27 03:10:00.290,1.27058,1.27073,1.50,1.50
2012.03.27 03:10:00.363,1.27064,1.27077,1.80,1.50
2012.03.27 03:10:00.494,1.2706,1.2708,2.55,3.00
2012.03.27 03:10:00.619,1.27058,1.27074,1.50,1.50
2012.03.27 03:10:00.927,1.2706,1.27079,2.55,2.25
2012.03.27 03:10:01.438,1.2706,1.27079,3.30,2.25
2012.03.27 03:10:01.506,1.2706,1.27079,3.30,2.25
2012.03.27 03:10:01.838,1.2706,1.27079,4.05,2.25
2012.03.27 03:10:02.358,1.2706,1.27077,4.05,1.50
2012.03.27 03:10:02.872,1.2706,1.27078,4.05,2.25
2012.03.27 03:10:03.448,1.2706,1.27077,4.05,1.50
2012.03.27 03:10:03.975,1.2706,1.2708,4.05,2.25
2012.03.27 03:10:04.684,1.2706,1.27079,1.80,1.50
2012.03.27 03:10:04.774,1.27054,1.27075,1.72,4.80
2012.03.27 03:10:05.057,1.27057,1.27076,1.50,2.85
2012.03.27 03:10:05.265,1.27053,1.27071,1.50,2.25
2012.03.27 03:10:05.686,1.27055,1.27075,2.25,1.50
2012.03.27 03:10:05.833,1.27058,1.27078,1.50,2.25
2012.03.27 03:10:06.341,1.27059,1.2708,1.50,2.25
2012.03.27 03:10:06.413,1.27059,1.2708,2.25,2.25
2012.03.27 03:10:06.490,1.27061,1.2708,1.50,2.25
2012.03.27 03:10:06.827,1.27067,1.2709,1.80,2.25
2012.03.27 03:10:06.901,1.27069,1.27089,1.50,3.00
2012.03.27 03:10:07.404,1.27068,1.27087,1.80,2.25
2012.03.27 03:10:09.790,1.27068,1.27086,1.80,2.25
2012.03.27 03:10:10.354,1.27069,1.27086,1.80,2.25
2012.03.27 03:10:10.732,1.27081,1.27086,1.80,1.50
2012.03.27 03:10:10.861,1.27081,1.27088,1.80,2.25
2012.03.27 03:10:11.056,1.27078,1.271,2.55,1.50
2012.03.27 03:10:11.800,1.27078,1.27097,2.55,1.50
2012.03.27 03:10:12.549,1.27078,1.27098,1.80,2.25
2012.03.27 03:10:13.103,1.27077,1.27098,1.80,2.25
2012.03.27 03:10:13.488,1.27074,1.27095,3.60,2.25
2012.03.27 03:10:13.966,1.27073,1.27089,1.50,2.25
2012.03.27 03:10:14.506,1.27072,1.27088,2.55,2.25
2012.03.27 03:10:15.067,1.27071,1.27089,3.30,2.25
2012.03.27 03:10:15.644,1.27071,1.27089,4.05,2.25
2012.03.27 03:10:15.973,1.27075,1.27094,4.05,1.50
2012.03.27 03:10:16.051,1.27075,1.27094,3.30,1.50
2012.03.27 03:10:16.637,1.27075,1.27096,2.55,2.25
2012.03.27 03:10:16.711,1.27075,1.27096,2.55,2.25
2012.03.27 03:10:16.781,1.27075,1.27096,2.55,2.25
2012.03.27 03:10:17.122,1.27078,1.27096,1.50,2.25
2012.03.27 03:10:17.188,1.27079,1.27098,1.50,2.25
2012.03.27 03:10:17.582,1.27078,1.27097,2.25,2.55
2012.03.27 03:10:17.650,1.27078,1.27097,1.50,2.74
2012.03.27 03:10:17.725,1.27074,1.27092,1.50,2.25
2012.03.27 03:10:17.800,1.27075,1.27093,1.50,1.50
2012.03.27 03:10:18.068,1.27075,1.27093,1.50,1.50
2012.03.27 03:10:18.397,1.27073,1.27093,4.05,2.25
2012.03.27 03:10:19.128,1.2707,1.27084,1.50,1.50
2012.03.27 03:10:19.203,1.2707,1.27088,1.50,2.25
2012.03.27 03:10:19.702,1.2707,1.27088,1.50,1.50
2012.03.27 03:10:19.768,1.2707,1.27088,1.50,2.25
2012.03.27 03:10:21.195,1.27074,1.27092,1.50,2.55
2012.03.27 03:10:21.739,1.2707,1.2709,3.00,2.25
2012.03.27 03:10:21.811,1.2707,1.2709,3.00,2.25
2012.03.27 03:10:23.288,1.2707,1.27088,1.50,1.50
2012.03.27 03:10:23.771,1.2707,1.27086,1.50,1.50
2012.03.27 03:10:24.530,1.2707,1.27087,1.50,1.50
2012.03.27 03:10:25.377,1.2707,1.27087,1.50,2.25
2012.03.27 03:10:28.127,1.2707,1.27083,1.50,1.50
2012.03.27 03:10:28.647,1.27067,1.27083,1.50,1.50
2012.03.27 03:10:29.067,1.27067,1.27086,1.50,2.25
2012.03.27 03:10:29.261,1.27069,1.27086,1.50,2.25
2012.03.27 03:10:29.568,1.27074,1.27091,1.50,1.50
2012.03.27 03:10:29.757,1.2707,1.27088,1.50,2.25
2012.03.27 03:10:29.887,1.27071,1.27088,1.50,1.50
2012.03.27 03:10:31.721,1.27069,1.27088,3.30,2.25
2012.03.27 03:10:32.037,1.27074,1.27091,1.50,1.50
2012.03.27 03:10:33.187,1.27074,1.27091,2.25,1.50
2012.03.27 03:10:33.259,1.27077,1.27091,1.80,1.50
2012.03.27 03:10:34.088,1.27077,1.27094,1.80,2.25
2012.03.27 03:10:34.589,1.27076,1.27095,1.50,1.50
2012.03.27 03:10:34.657,1.2708,1.27095,1.50,1.50
2012.03.27 03:10:34.729,1.27075,1.27095,1.50,3.00
2012.03.27 03:10:35.159,1.27071,1.2709,1.65,2.25
2012.03.27 03:10:37.111,1.27071,1.27093,3.90,2.25
2012.03.27 03:10:37.690,1.27073,1.27095,2.25,3.00
2012.03.27 03:10:40.572,1.27073,1.27093,1.50,2.55
2012.03.27 03:10:40.885,1.2708,1.27093,1.50,2.55
2012.03.27 03:10:40.956,1.27077,1.27093,1.50,2.55
2012.03.27 03:10:41.662,1.27077,1.27092,1.50,1.50
2012.03.27 03:10:41.808,1.27067,1.27089,1.50,4.80
2012.03.27 03:10:42.139,1.2707,1.27088,1.50,1.50
2012.03.27 03:10:42.211,1.27064,1.27084,2.25,2.25
2012.03.27 03:10:42.733,1.27067,1.27085,1.50,1.50
2012.03.27 03:10:42.980,1.27067,1.27085,1.80,2.25
2012.03.27 03:10:43.422,1.27073,1.27087,1.50,1.50
2012.03.27 03:10:43.495,1.27068,1.27087,1.50,1.50
2012.03.27 03:10:44.370,1.27069,1.27087,1.50,3.30
2012.03.27 03:10:44.917,1.27068,1.27087,1.50,3.30
2012.03.27 03:10:45.048,1.27066,1.27087,1.50,3.30
2012.03.27 03:10:45.680,1.27066,1.27086,2.25,2.55
2012.03.27 03:10:45.752,1.27072,1.27087,1.80,1.50
2012.03.27 03:10:46.022,1.27072,1.27091,1.80,2.25
2012.03.27 03:10:46.090,1.27075,1.27095,1.50,3.00
2012.03.27 03:10:46.583,1.27073,1.27093,2.25,2.25
2012.03.27 03:10:46.659,1.27076,1.27094,1.50,1.50
2012.03.27 03:10:46.978,1.27076,1.27092,1.50,2.55
2012.03.27 03:10:47.052,1.2707,1.27092,3.00,4.05
2012.03.27 03:10:47.183,1.27069,1.27086,1.50,2.25
2012.03.27 03:10:48.037,1.27069,1.2709,1.50,2.25
2012.03.27 03:10:48.596,1.27069,1.27086,1.50,1.50
2012.03.27 03:10:49.109,1.27072,1.27092,4.80,2.25
2012.03.27 03:10:49.238,1.27077,1.27095,1.50,1.50
2012.03.27 03:10:49.561,1.27077,1.27095,1.50,1.50
2012.03.27 03:10:51.306,1.27078,1.27095,1.50,1.50
2012.03.27 03:10:52.111,1.27076,1.27095,1.50,1.50
2012.03.27 03:10:54.710,1.27074,1.27092,2.25,2.55
2012.03.27 03:10:54.967,1.2707,1.2709,2.25,2.25
2012.03.27 03:10:55.037,1.27068,1.27086,1.50,1.50
2012.03.27 03:10:55.655,1.27068,1.27086,1.50,2.25
2012.03.27 03:10:57.019,1.27068,1.27086,1.50,3.00
2012.03.27 03:10:57.465,1.27071,1.27083,1.50,2.55
2012.03.27 03:10:57.753,1.27066,1.27083,2.25,2.55
2012.03.27 03:10:58.976,1.27065,1.27083,1.50,2.55
2012.03.27 03:10:59.047,1.27065,1.27083,1.50,4.05
2012.03.27 03:11:02.837,1.27061,1.27081,1.50,2.25
2012.03.27 03:11:04.328,1.27061,1.27079,1.50,2.55
2012.03.27 03:11:05.479,1.27063,1.27079,2.25,2.55
2012.03.27 03:11:05.812,1.27057,1.27077,1.50,2.25
2012.03.27 03:11:05.938,1.27056,1.27076,3.00,2.25
2012.03.27 03:11:07.330,1.27058,1.27078,2.25,1.50
2012.03.27 03:11:08.270,1.27057,1.27079,2.25,2.25
2012.03.27 03:11:09.961,1.27057,1.27079,2.25,2.25
2012.03.27 03:11:10.700,1.2706,1.27079,2.25,1.50
2012.03.27 03:11:11.681,1.27064,1.27079,2.25,1.50
2012.03.27 03:11:12.000,1.27061,1.27079,2.25,1.50
2012.03.27 03:11:12.620,1.27058,1.27077,2.25,2.55
2012.03.27 03:11:12.832,1.27058,1.27075,2.25,1.50
2012.03.27 03:11:19.896,1.27061,1.27075,2.25,1.50
2012.03.27 03:11:20.491,1.27061,1.27075,2.25,1.50
2012.03.27 03:11:22.609,1.27061,1.27073,1.50,1.50
2012.03.27 03:11:24.029,1.27061,1.2707,1.50,1.80
2012.03.27 03:11:24.101,1.27055,1.2707,1.50,1.80
2012.03.27 03:11:24.169,1.27052,1.2707,3.00,2.55
2012.03.27 03:11:24.454,1.27052,1.2707,3.00,3.30
2012.03.27 03:11:24.779,1.27055,1.27067,1.50,1.50
2012.03.27 03:11:24.994,1.27053,1.27067,1.50,1.50
2012.03.27 03:11:25.597,1.27051,1.27067,1.50,1.50
2012.03.27 03:11:25.756,1.27051,1.27067,1.50,1.50
2012.03.27 03:11:26.357,1.27048,1.27067,2.25,1.50
2012.03.27 03:11:26.586,1.27048,1.27068,2.25,1.50
2012.03.27 03:11:28.457,1.2705,1.27067,2.25,1.50
2012.03.27 03:11:30.660,1.27051,1.27065,2.25,2.55
2012.03.27 03:11:32.241,1.27051,1.27058,2.25,2.55
2012.03.27 03:11:32.548,1.27045,1.27058,2.25,2.55
2012.03.27 03:11:32.806,1.27045,1.27058,2.25,2.55
2012.03.27 03:11:33.192,1.27048,1.27063,1.50,2.55
2012.03.27 03:11:33.461,1.2705,1.27066,1.50,1.50
2012.03.27 03:11:33.795,1.27054,1.27069,1.50,2.04
2012.03.27 03:11:34.379,1.27053,1.27069,2.25,1.50
2012.03.27 03:11:34.728,1.27049,1.27063,1.50,2.55
2012.03.27 03:11:35.927,1.27044,1.27064,3.00,4.05
2012.03.27 03:11:36.430,1.27052,1.27068,1.50,1.50
2012.03.27 03:11:36.573,1.27053,1.2707,2.25,1.50
2012.03.27 03:11:36.877,1.27056,1.2707,1.50,1.50
2012.03.27 03:11:40.471,1.2705,1.2707,2.25,1.50
2012.03.27 03:11:40.541,1.2705,1.27068,2.25,1.50
2012.03.27 03:11:42.286,1.27046,1.27067,2.25,2.25
2012.03.27 03:11:43.488,1.27046,1.27067,2.25,1.50
2012.03.27 03:11:44.049,1.27047,1.27067,2.25,3.75
2012.03.27 03:11:44.747,1.27047,1.27067,2.25,3.00
2012.03.27 03:11:44.817,1.27047,1.27067,2.25,3.00
2012.03.27 03:11:45.191,1.27048,1.27067,2.25,1.50
2012.03.27 03:11:45.262,1.27056,1.27067,1.50,1.50
2012.03.27 03:11:46.018,1.27052,1.27067,1.50,1.50
2012.03.27 03:11:46.100,1.27048,1.27063,2.25,2.55
2012.03.27 03:11:46.235,1.27047,1.27065,2.25,2.25
2012.03.27 03:11:46.739,1.27053,1.27066,1.50,2.55
2012.03.27 03:11:46.990,1.2705,1.27067,1.50,1.50
2012.03.27 03:11:47.062,1.27052,1.27067,1.50,1.50
2012.03.27 03:11:47.378,1.27054,1.27067,1.50,1.50
2012.03.27 03:11:47.980,1.27053,1.27067,1.50,1.50
2012.03.27 03:11:48.298,1.2705,1.27067,1.50,1.50
2012.03.27 03:11:49.600,1.27052,1.27068,1.50,2.55
2012.03.27 03:11:51.130,1.27052,1.27068,1.50,2.55
2012.03.27 03:11:51.440,1.27054,1.27069,1.50,1.50
2012.03.27 03:11:51.517,1.27051,1.27069,2.25,1.50
2012.03.27 03:11:51.658,1.27053,1.27069,1.50,1.50
2012.03.27 03:11:52.419,1.27053,1.27071,1.50,4.05
2012.03.27 03:11:53.041,1.27052,1.27071,1.50,4.05
2012.03.27 03:11:53.546,1.27048,1.2707,2.25,2.25
2012.03.27 03:11:53.982,1.27047,1.27067,2.25,1.50
2012.03.27 03:11:56.586,1.27047,1.27067,2.25,2.25
2012.03.27 03:11:57.457,1.27049,1.27067,1.50,2.25
2012.03.27 03:11:57.708,1.27054,1.27071,1.50,3.30
2012.03.27 03:11:59.539,1.27054,1.27074,2.25,2.25
2012.03.27 03:12:01.839,1.27056,1.27076,2.25,2.25
2012.03.27 03:12:02.521,1.27057,1.27074,1.50,1.50
2012.03.27 03:12:02.592,1.27058,1.27079,2.25,3.30
2012.03.27 03:12:04.114,1.27058,1.2708,4.05,3.00
2012.03.27 03:12:05.546,1.27058,1.27078,3.00,4.80
2012.03.27 03:12:06.049,1.27063,1.27077,1.50,1.50
2012.03.27 03:12:06.181,1.27052,1.27073,1.50,2.25
2012.03.27 03:12:07.892,1.27055,1.27077,2.25,3.00
2012.03.27 03:12:08.017,1.27055,1.27077,3.00,1.50
2012.03.27 03:12:08.386,1.27061,1.27082,2.25,1.50
2012.03.27 03:12:10.012,1.27065,1.27081,1.50,1.50
2012.03.27 03:12:10.527,1.27062,1.27083,2.25,1.50
2012.03.27 03:12:14.367,1.27068,1.27083,1.50,1.50
2012.03.27 03:12:14.736,1.27064,1.27082,1.50,1.50
2012.03.27 03:12:14.866,1.27066,1.27082,1.50,1.50
2012.03.27 03:12:16.887,1.27068,1.27079,1.50,2.55
2012.03.27 03:12:16.958,1.27065,1.27079,1.50,2.55
2012.03.27 03:12:17.087,1.27063,1.27079,2.25,3.30
2012.03.27 03:12:17.449,1.27066,1.27079,1.50,3.30
2012.03.27 03:12:18.137,1.27066,1.27078,1.50,1.50
2012.03.27 03:12:18.212,1.27064,1.27078,1.50,1.50
2012.03.27 03:12:18.848,1.27064,1.2708,1.50,2.25
2012.03.27 03:12:20.948,1.27064,1.2708,1.50,1.50
2012.03.27 03:12:21.020,1.27068,1.2708,1.50,1.50
2012.03.27 03:12:21.343,1.2707,1.2708,1.50,1.50
2012.03.27 03:12:21.571,1.27068,1.2708,1.50,1.50
2012.03.27 03:12:23.859,1.27068,1.2708,1.50,2.25
2012.03.27 03:12:24.591,1.27062,1.2708,2.25,1.50
2012.03.27 03:12:24.786,1.27067,1.2708,1.50,1.50
2012.03.27 03:12:25.177,1.27064,1.2708,2.25,1.50
2012.03.27 03:12:25.516,1.27067,1.2708,1.50,1.50
2012.03.27 03:12:26.417,1.27068,1.27081,1.50,3.30
2012.03.27 03:12:26.488,1.27064,1.27081,2.25,3.30
2012.03.27 03:12:26.742,1.27061,1.2708,2.25,1.50
2012.03.27 03:12:27.060,1.27065,1.2708,1.50,1.50
2012.03.27 03:12:27.401,1.27065,1.27081,2.25,1.50
2012.03.27 03:12:31.329,1.27061,1.27079,1.50,1.50
2012.03.27 03:12:31.592,1.27056,1.27078,2.25,1.50
2012.03.27 03:12:32.220,1.27061,1.27079,2.25,2.25
2012.03.27 03:12:32.665,1.27057,1.27074,2.25,1.80
2012.03.27 03:12:33.319,1.27054,1.27074,2.25,3.30
2012.03.27 03:12:34.109,1.27056,1.27074,2.25,1.80
2012.03.27 03:12:34.177,1.27056,1.27076,2.25,1.50
2012.03.27 03:12:34.309,1.27059,1.27079,2.25,2.25
2012.03.27 03:12:37.090,1.2706,1.27079,1.50,2.25
2012.03.27 03:12:37.297,1.2706,1.27079,1.50,3.00
2012.03.27 03:12:38.766,1.27057,1.27073,2.25,2.55
2012.03.27 03:12:39.076,1.27048,1.2707,3.00,1.50
2012.03.27 03:12:39.407,1.27048,1.2707,3.75,2.25
2012.03.27 03:12:40.927,1.2705,1.27072,2.25,1.50
2012.03.27 03:12:41.454,1.27061,1.27076,1.50,1.50
2012.03.27 03:12:41.587,1.27063,1.27077,1.56,2.55
2012.03.27 03:12:42.126,1.27069,1.27081,1.50,1.29
2012.03.27 03:12:42.205,1.27067,1.27081,1.50,1.29
2012.03.27 03:12:42.280,1.27062,1.27081,2.25,1.29
2012.03.27 03:12:43.528,1.27061,1.2708,2.25,1.50
2012.03.27 03:12:43.910,1.27056,1.27077,1.50,1.50
2012.03.27 03:12:44.299,1.27063,1.27081,2.25,1.50
2012.03.27 03:12:45.278,1.27061,1.2708,1.50,1.50
2012.03.27 03:12:45.819,1.27061,1.27077,1.50,1.50
2012.03.27 03:12:46.187,1.27061,1.27079,1.50,1.50
2012.03.27 03:12:48.726,1.27061,1.27076,1.50,1.50
2012.03.27 03:12:54.129,1.27061,1.27079,1.50,1.50
2012.03.27 03:12:54.767,1.27061,1.27076,1.50,1.50
2012.03.27 03:12:57.686,1.27061,1.27076,1.50,1.50
2012.03.27 03:13:00.177,1.27061,1.27074,1.50,1.50
2012.03.27 03:13:00.526,1.2706,1.27072,1.50,1.50
2012.03.27 03:13:00.602,1.27057,1.27075,1.50,1.50
2012.03.27 03:13:00.729,1.27057,1.27077,1.50,1.50
2012.03.27 03:13:00.862,1.27059,1.27079,2.25,1.50
2012.03.27 03:13:01.169,1.27061,1.27081,2.25,1.50
2012.03.27 03:13:01.430,1.27059,1.27079,2.25,1.50
2012.03.27 03:13:02.287,1.27057,1.27077,3.00,1.50
2012.03.27 03:13:02.682,1.27057,1.27077,3.00,2.25
2012.03.27 03:13:02.806,1.27057,1.27076,3.00,1.45
2012.03.27 03:13:02.880,1.27056,1.27069,1.50,1.80
2012.03.27 03:13:03.083,1.2705,1.27068,1.50,1.50
2012.03.27 03:13:03.446,1.27049,1.27068,2.25,1.50
2012.03.27 03:13:03.647,1.27054,1.27074,2.25,1.50
2012.03.27 03:13:03.719,1.27053,1.2707,1.50,1.50
2012.03.27 03:13:03.880,1.27053,1.27073,1.50,1.50
2012.03.27 03:13:04.068,1.27053,1.2707,1.50,1.50
2012.03.27 03:13:04.401,1.27053,1.27072,1.50,1.50
2012.03.27 03:13:05.280,1.27053,1.2707,1.50,1.50
2012.03.27 03:13:05.710,1.27053,1.27068,1.50,1.50
2012.03.27 03:13:06.330,1.27053,1.27068,1.50,1.50
2012.03.27 03:13:07.639,1.27051,1.27069,2.25,1.80
2012.03.27 03:13:08.301,1.27053,1.27075,3.00,3.00
2012.03.27 03:13:08.368,1.27053,1.27069,1.50,1.50
2012.03.27 03:13:08.677,1.2705,1.27072,3.00,1.50
2012.03.27 03:13:09.069,1.27055,1.27073,1.50,2.55
2012.03.27 03:13:09.961,1.27055,1.27072,1.50,1.50
2012.03.27 03:13:11.287,1.27054,1.27072,2.25,1.50
2012.03.27 03:13:14.294,1.27054,1.27069,1.50,1.50
2012.03.27 03:13:14.656,1.27051,1.27069,2.55,1.50
2012.03.27 03:13:14.858,1.27051,1.27069,2.55,1.50
2012.03.27 03:13:15.169,1.27053,1.27073,1.50,2.25
2012.03.27 03:13:15.368,1.27055,1.27073,1.80,1.50
2012.03.27 03:13:15.502,1.27055,1.27075,1.80,3.00
2012.03.27 03:13:15.872,1.27054,1.27064,1.50,1.50
2012.03.27 03:13:16.000,1.27049,1.27065,1.50,2.55
2012.03.27 03:13:16.126,1.27049,1.27065,2.25,2.55
2012.03.27 03:13:17.132,1.27047,1.27063,1.50,1.50
2012.03.27 03:13:17.380,1.27047,1.27067,1.50,2.25
2012.03.27 03:13:17.451,1.27054,1.27071,1.50,1.50
2012.03.27 03:13:19.282,1.27057,1.27071,1.50,1.50
2012.03.27 03:13:20.081,1.27051,1.27072,3.30,2.25
2012.03.27 03:13:20.159,1.27057,1.27075,1.50,1.50
2012.03.27 03:13:20.226,1.27054,1.27075,1.50,1.50
2012.03.27 03:13:23.840,1.27051,1.27071,4.05,2.25
2012.03.27 03:13:26.636,1.27052,1.27074,2.25,3.00
2012.03.27 03:13:26.706,1.27052,1.27074,2.25,3.00
2012.03.27 03:13:27.168,1.27052,1.2707,2.25,1.50
2012.03.27 03:13:27.694,1.27052,1.27069,2.25,1.50
2012.03.27 03:13:29.540,1.27051,1.27069,1.80,1.50
2012.03.27 03:13:29.789,1.27046,1.27066,1.50,2.25
2012.03.27 03:13:30.184,1.27053,1.27065,1.50,1.50
2012.03.27 03:13:30.341,1.27046,1.27062,2.55,2.25
2012.03.27 03:13:30.414,1.27046,1.27059,3.30,1.50
2012.03.27 03:13:30.749,1.27047,1.27066,2.25,2.25
2012.03.27 03:13:31.345,1.27047,1.27064,2.25,1.50
2012.03.27 03:13:32.518,1.27049,1.27064,1.50,1.50
2012.03.27 03:13:32.796,1.27052,1.27067,1.50,2.25
2012.03.27 03:13:33.010,1.27052,1.27073,1.50,2.25
2012.03.27 03:13:33.497,1.27057,1.27077,1.50,3.00
2012.03.27 03:13:34.252,1.27055,1.27069,2.25,1.50
2012.03.27 03:13:34.510,1.27053,1.27068,1.50,1.50
2012.03.27 03:13:34.583,1.27053,1.27064,1.50,1.50
2012.03.27 03:13:34.781,1.27053,1.27066,1.50,1.50
2012.03.27 03:13:34.969,1.27051,1.27066,2.55,1.50
2012.03.27 03:13:35.041,1.27051,1.27064,2.55,1.50
2012.03.27 03:13:35.378,1.27051,1.27066,2.55,1.50
2012.03.27 03:13:37.504,1.27051,1.27064,1.50,1.50
2012.03.27 03:13:37.828,1.27051,1.27062,1.50,1.50
2012.03.27 03:13:38.168,1.27045,1.2706,1.50,1.50
2012.03.27 03:13:38.299,1.27043,1.27063,1.50,2.25
2012.03.27 03:13:38.370,1.27045,1.27065,1.50,3.00
2012.03.27 03:13:38.885,1.27044,1.27065,3.00,1.50
2012.03.27 03:13:39.019,1.27046,1.27065,1.50,1.50
2012.03.27 03:13:40.878,1.27043,1.27065,2.25,3.00
2012.03.27 03:13:42.150,1.27043,1.27065,2.25,3.00
2012.03.27 03:13:42.553,1.27046,1.27065,1.50,2.25
2012.03.27 03:13:43.173,1.27052,1.27065,1.80,1.50
2012.03.27 03:13:43.253,1.27052,1.2707,1.80,2.25
2012.03.27 03:13:43.658,1.2705,1.2707,2.25,3.00
2012.03.27 03:13:44.620,1.27049,1.27065,2.55,1.50
2012.03.27 03:13:46.419,1.27049,1.27065,2.55,2.25
2012.03.27 03:13:55.319,1.2705,1.27068,1.50,2.25
2012.03.27 03:13:55.867,1.2705,1.27067,2.55,1.50
2012.03.27 03:13:56.456,1.2705,1.2707,2.55,2.25
2012.03.27 03:14:02.269,1.27048,1.27064,1.50,1.50
2012.03.27 03:14:02.343,1.27047,1.27064,1.50,1.50
2012.03.27 03:14:02.598,1.27047,1.27063,1.50,1.50
2012.03.27 03:14:02.930,1.27051,1.27068,1.80,3.00
2012.03.27 03:14:03.000,1.27048,1.27068,2.25,3.00
2012.03.27 03:14:03.068,1.27051,1.27068,1.50,1.50
2012.03.27 03:14:03.198,1.27048,1.27069,2.25,2.25
2012.03.27 03:14:03.851,1.27048,1.27066,1.50,2.25
2012.03.27 03:14:04.174,1.27046,1.27068,3.75,2.25
2012.03.27 03:14:04.380,1.27046,1.27065,1.50,1.50
2012.03.27 03:14:04.452,1.2705,1.2707,1.50,3.75
2012.03.27 03:14:04.581,1.27046,1.27066,3.00,1.50
2012.03.27 03:14:05.657,1.27046,1.27065,1.50,1.50
2012.03.27 03:14:06.398,1.27046,1.27062,1.50,1.50
2012.03.27 03:14:06.717,1.27046,1.2706,1.50,1.50
2012.03.27 03:14:07.007,1.27046,1.27062,1.50,1.50
2012.03.27 03:14:07.271,1.27046,1.27067,2.25,1.50
2012.03.27 03:14:07.642,1.27049,1.27067,2.25,1.50
2012.03.27 03:14:08.017,1.27053,1.2707,1.80,2.25
2012.03.27 03:14:08.268,1.27053,1.27067,1.80,1.50
2012.03.27 03:14:08.520,1.27053,1.27069,1.80,1.50
2012.03.27 03:14:09.080,1.27052,1.27072,3.30,1.50
2012.03.27 03:14:09.687,1.27052,1.2707,2.55,2.25
2012.03.27 03:14:10.059,1.27049,1.27069,2.25,1.50
2012.03.27 03:14:10.367,1.27053,1.2707,1.50,1.50
2012.03.27 03:14:10.456,1.27048,1.27068,3.30,1.50
2012.03.27 03:14:10.657,1.27048,1.27068,1.50,2.25
2012.03.27 03:14:10.932,1.27046,1.27066,2.25,2.25
2012.03.27 03:14:11.070,1.27046,1.27066,3.00,2.25
2012.03.27 03:14:11.763,1.27049,1.27068,1.50,1.50
2012.03.27 03:14:12.531,1.27053,1.27069,1.50,2.25
2012.03.27 03:14:12.599,1.27053,1.27069,1.50,2.25
2012.03.27 03:14:12.868,1.27057,1.27069,1.50,3.00
2012.03.27 03:14:13.067,1.27052,1.27068,1.50,1.50
2012.03.27 03:14:13.836,1.27055,1.27068,1.50,1.50
2012.03.27 03:14:14.447,1.27053,1.27068,1.50,1.50
2012.03.27 03:14:16.486,1.2705,1.27068,2.25,1.50
2012.03.27 03:14:16.962,1.2705,1.27068,3.00,1.50
2012.03.27 03:14:17.089,1.27052,1.27071,1.50,2.55
2012.03.27 03:14:17.162,1.27057,1.27072,1.80,2.25
2012.03.27 03:14:17.512,1.27056,1.27072,2.55,2.25
2012.03.27 03:14:17.600,1.27059,1.27079,1.50,2.25
2012.03.27 03:14:17.668,1.27059,1.27079,1.50,2.25
2012.03.27 03:14:17.739,1.27063,1.2708,1.50,3.00
2012.03.27 03:14:18.057,1.27063,1.2708,1.50,3.00
2012.03.27 03:14:18.837,1.27062,1.2708,1.50,3.00
2012.03.27 03:14:19.227,1.2706,1.2708,1.50,4.50
2012.03.27 03:14:19.849,1.27059,1.27078,2.25,1.50
2012.03.27 03:14:20.777,1.27056,1.27074,2.25,1.50
2012.03.27 03:14:20.993,1.27054,1.27073,1.50,2.25
2012.03.27 03:14:21.074,1.27051,1.27068,1.50,1.50
2012.03.27 03:14:21.622,1.27049,1.27068,2.25,1.50
2012.03.27 03:14:21.868,1.27049,1.27071,3.75,1.50
2012.03.27 03:14:22.569,1.27049,1.27071,3.75,1.50
2012.03.27 03:14:22.910,1.27053,1.27073,2.25,1.50
2012.03.27 03:14:23.230,1.27052,1.27071,1.50,1.50
2012.03.27 03:14:23.768,1.27054,1.27072,1.50,1.50
2012.03.27 03:14:24.247,1.27053,1.27069,1.50,1.50
2012.03.27 03:14:24.323,1.27052,1.27071,4.05,1.50
2012.03.27 03:14:30.318,1.27053,1.27071,1.50,1.50
2012.03.27 03:14:30.388,1.27056,1.27076,1.50,3.00
2012.03.27 03:14:31.159,1.27056,1.27075,1.50,1.50
2012.03.27 03:14:35.128,1.27056,1.27072,1.50,1.50
2012.03.27 03:14:35.320,1.27052,1.27074,3.75,3.00
2012.03.27 03:14:35.627,1.27054,1.27074,2.25,1.50
2012.03.27 03:14:35.838,1.27053,1.2707,1.50,1.50
2012.03.27 03:14:36.667,1.27052,1.2707,2.25,1.50
2012.03.27 03:14:42.733,1.27052,1.27069,1.50,1.50
2012.03.27 03:14:45.272,1.27052,1.2707,1.50,1.50
2012.03.27 03:14:45.568,1.27052,1.27068,1.50,1.50
2012.03.27 03:14:46.160,1.2705,1.27068,3.30,2.25
2012.03.27 03:14:53.032,1.2705,1.27065,4.05,1.50
2012.03.27 03:14:53.498,1.27044,1.27063,2.25,1.50
2012.03.27 03:14:54.031,1.27042,1.2706,1.50,1.50
2012.03.27 03:14:54.226,1.27045,1.27065,2.25,1.50
2012.03.27 03:14:55.167,1.27042,1.27062,3.00,1.80
2012.03.27 03:14:55.247,1.27042,1.2706,3.00,1.50
2012.03.27 03:14:55.561,1.27045,1.27062,1.50,3.30
2012.03.27 03:14:56.199,1.27045,1.27062,1.50,2.55
2012.03.27 03:14:56.447,1.27042,1.27061,1.50,1.50
2012.03.27 03:14:56.699,1.27044,1.27065,2.25,2.25
2012.03.27 03:14:57.973,1.27045,1.27065,2.25,3.75
2012.03.27 03:14:58.217,1.27045,1.27062,2.25,1.80
2012.03.27 03:14:58.290,1.27045,1.27065,2.25,3.75
2012.03.27 03:14:58.359,1.27042,1.27059,1.50,1.50
2012.03.27 03:14:58.848,1.27042,1.27059,1.50,1.50
2012.03.27 03:14:58.919,1.2704,1.27059,2.55,1.50
2012.03.27 03:14:59.358,1.27041,1.27063,2.55,3.00
2012.03.27 03:14:59.672,1.27042,1.27064,2.25,3.75
2012.03.27 03:15:00.027,1.27042,1.27063,2.25,1.50
2012.03.27 03:15:03.546,1.27039,1.27061,2.25,2.79
2012.03.27 03:15:04.070,1.27039,1.27061,2.25,3.54
2012.03.27 03:15:05.707,1.27041,1.27061,2.25,1.50
2012.03.27 03:15:07.166,1.27038,1.27059,1.50,1.50
2012.03.27 03:15:08.536,1.27039,1.27061,2.25,3.00
2012.03.27 03:15:14.086,1.27038,1.27059,1.50,1.50
2012.03.27 03:15:14.557,1.27039,1.27061,2.25,3.75
2012.03.27 03:15:15.062,1.2704,1.27061,2.25,2.25
2012.03.27 03:15:16.516,1.2704,1.27061,2.25,2.25
2012.03.27 03:15:17.117,1.27044,1.2706,2.25,1.50
2012.03.27 03:15:20.737,1.27043,1.27061,2.25,1.50
2012.03.27 03:15:21.064,1.27044,1.27063,2.25,1.50
2012.03.27 03:15:21.201,1.27048,1.27065,1.50,1.50
2012.03.27 03:15:21.333,1.27051,1.27065,1.50,1.50
2012.03.27 03:15:21.399,1.27048,1.27065,1.50,1.50
2012.03.27 03:15:21.532,1.27051,1.27065,1.50,1.50
2012.03.27 03:15:24.459,1.27047,1.27065,2.25,1.50
2012.03.27 03:15:24.589,1.27047,1.27069,3.36,2.25
2012.03.27 03:15:24.719,1.27049,1.27071,2.25,3.00
2012.03.27 03:15:25.076,1.27056,1.27073,1.50,1.50
2012.03.27 03:15:25.218,1.27056,1.27072,1.50,1.50
2012.03.27 03:15:25.368,1.27052,1.27067,3.30,1.50
2012.03.27 03:15:25.799,1.27049,1.27068,2.40,2.55
2012.03.27 03:15:25.881,1.27049,1.27071,3.45,3.70
2012.03.27 03:15:25.970,1.27049,1.27068,1.65,1.50
2012.03.27 03:15:26.121,1.27046,1.27066,2.25,1.50
2012.03.27 03:15:26.339,1.27046,1.27063,2.25,1.50
2012.03.27 03:15:31.461,1.27042,1.27062,2.25,1.50
2012.03.27 03:15:31.532,1.27041,1.27062,1.50,1.50
2012.03.27 03:15:31.871,1.27046,1.27064,2.25,1.80
2012.03.27 03:15:31.942,1.27044,1.27066,1.50,3.00
2012.03.27 03:15:32.447,1.27047,1.27067,1.50,2.25
2012.03.27 03:15:33.103,1.27048,1.27068,1.50,3.00
2012.03.27 03:15:33.287,1.27049,1.27068,1.50,3.00
2012.03.27 03:15:33.360,1.27053,1.27069,1.50,2.25
2012.03.27 03:15:33.872,1.27049,1.2707,2.25,2.25
2012.03.27 03:15:34.056,1.27049,1.2707,4.05,1.50
2012.03.27 03:15:34.189,1.27053,1.27071,1.50,1.50
2012.03.27 03:15:34.518,1.27057,1.27077,2.25,3.00
2012.03.27 03:15:35.070,1.27062,1.2708,1.80,2.25
2012.03.27 03:15:35.736,1.27062,1.2708,1.80,2.25
2012.03.27 03:15:36.643,1.27064,1.27081,1.50,1.50
2012.03.27 03:15:36.715,1.27064,1.27081,1.50,1.50
2012.03.27 03:15:36.907,1.2706,1.27079,1.50,1.50
2012.03.27 03:15:37.051,1.27059,1.27079,2.25,2.25
2012.03.27 03:15:37.760,1.27061,1.27081,1.80,1.50
2012.03.27 03:15:40.775,1.27061,1.2708,1.80,1.50
2012.03.27 03:15:41.769,1.27061,1.2708,1.50,1.50
2012.03.27 03:15:41.839,1.27063,1.27081,1.80,1.50
2012.03.27 03:15:42.206,1.27068,1.2708,1.50,1.50
2012.03.27 03:15:42.285,1.27063,1.2708,1.50,1.50
2012.03.27 03:15:42.539,1.27065,1.2708,1.50,1.50
2012.03.27 03:15:42.668,1.27063,1.2708,1.50,1.50
2012.03.27 03:15:42.739,1.27066,1.27081,1.50,1.50
2012.03.27 03:15:45.991,1.27066,1.2708,1.50,1.50
2012.03.27 03:15:46.308,1.27061,1.27079,2.25,1.50
2012.03.27 03:15:46.497,1.27061,1.27079,2.25,1.50
2012.03.27 03:15:49.591,1.27065,1.27079,1.50,1.50
2012.03.27 03:15:49.986,1.27063,1.27079,1.50,1.50
2012.03.27 03:15:50.619,1.27061,1.2708,4.05,1.50
2012.03.27 03:15:54.933,1.27062,1.2708,1.50,2.25
2012.03.27 03:15:59.808,1.27062,1.2708,4.05,1.50
2012.03.27 03:16:00.061,1.27065,1.2708,1.50,1.50
2012.03.27 03:16:00.130,1.27065,1.27081,1.50,1.50
2012.03.27 03:16:00.260,1.27071,1.27084,1.50,1.50
2012.03.27 03:16:00.609,1.27071,1.27084,1.50,1.50
2012.03.27 03:16:00.677,1.27068,1.27084,1.50,1.50
2012.03.27 03:16:01.167,1.27066,1.27084,1.50,1.50
2012.03.27 03:16:01.678,1.27066,1.2708,1.50,1.50
2012.03.27 03:16:02.208,1.27064,1.27079,1.50,1.50
2012.03.27 03:16:02.650,1.27062,1.2708,2.55,2.25
2012.03.27 03:16:03.226,1.27067,1.27084,1.50,1.50
2012.03.27 03:16:03.359,1.27065,1.27084,1.50,1.50
2012.03.27 03:16:03.778,1.27069,1.27084,1.50,1.50
2012.03.27 03:16:05.885,1.2707,1.27084,1.50,1.50
2012.03.27 03:16:06.428,1.27065,1.27079,1.50,1.50
2012.03.27 03:16:06.687,1.27062,1.27082,3.30,2.25
2012.03.27 03:16:06.818,1.27066,1.27085,1.50,1.50
2012.03.27 03:16:07.204,1.27072,1.27085,1.50,1.50
2012.03.27 03:16:09.423,1.27073,1.27085,1.50,1.50
2012.03.27 03:16:09.967,1.27072,1.27085,1.50,1.50
2012.03.27 03:16:10.483,1.27074,1.27085,1.50,1.50
2012.03.27 03:16:11.138,1.27071,1.27085,1.50,1.50
2012.03.27 03:16:12.107,1.27073,1.27085,1.50,1.50
2012.03.27 03:16:12.879,1.27072,1.27085,1.50,1.50
2012.03.27 03:16:13.200,1.27063,1.27078,1.50,1.50
2012.03.27 03:16:13.272,1.27059,1.27078,2.25,1.50
2012.03.27 03:16:13.819,1.27057,1.27076,2.55,1.50
2012.03.27 03:16:14.068,1.27057,1.27076,2.55,2.25
2012.03.27 03:16:20.990,1.27057,1.27076,2.55,2.25
2012.03.27 03:16:21.374,1.27063,1.27076,1.80,2.25
2012.03.27 03:16:21.714,1.27064,1.2708,1.50,2.25
2012.03.27 03:16:21.852,1.27066,1.27085,2.25,1.50
2012.03.27 03:16:22.145,1.27065,1.27081,3.30,1.50
2012.03.27 03:16:22.451,1.27066,1.27085,2.25,1.50
2012.03.27 03:16:39.577,1.27066,1.27086,2.25,2.25
2012.03.27 03:16:40.051,1.27071,1.27087,1.80,1.50
2012.03.27 03:16:40.596,1.27071,1.27086,1.80,1.50
2012.03.27 03:16:44.216,1.27071,1.27087,1.80,3.00
2012.03.27 03:16:49.447,1.27072,1.27087,1.50,1.50
2012.03.27 03:16:50.112,1.27073,1.27088,1.80,1.50
2012.03.27 03:16:51.728,1.27071,1.27088,1.80,1.50
2012.03.27 03:16:51.999,1.27071,1.27085,1.80,1.50
2012.03.27 03:16:52.068,1.27071,1.27088,1.80,3.00
2012.03.27 03:16:55.219,1.27072,1.27088,1.80,1.50
2012.03.27 03:17:05.197,1.27072,1.27087,1.80,2.25
2012.03.27 03:17:05.269,1.27068,1.27085,2.25,2.55
2012.03.27 03:17:05.458,1.27065,1.27085,2.25,2.55
2012.03.27 03:17:05.532,1.27064,1.2708,1.50,1.50
2012.03.27 03:17:05.972,1.27065,1.27083,1.50,2.25
2012.03.27 03:17:06.046,1.2707,1.27083,1.80,1.50
2012.03.27 03:17:06.242,1.2707,1.27087,1.80,1.50
2012.03.27 03:17:08.098,1.27068,1.27087,2.25,1.50
2012.03.27 03:17:08.237,1.27073,1.27087,1.50,2.25
2012.03.27 03:17:08.309,1.27069,1.27087,2.25,2.25
2012.03.27 03:17:08.381,1.27068,1.27087,2.25,2.25
2012.03.27 03:17:08.887,1.27063,1.27082,3.68,1.50
2012.03.27 03:17:10.035,1.27063,1.27082,3.68,1.50
2012.03.27 03:17:13.258,1.27065,1.27085,2.25,2.25
2012.03.27 03:17:13.736,1.27067,1.27087,2.25,3.75
2012.03.27 03:17:14.490,1.27065,1.27085,2.25,1.50
2012.03.27 03:17:15.997,1.27063,1.27084,3.30,1.50
2012.03.27 03:17:16.886,1.27065,1.27085,3.00,1.50
2012.03.27 03:17:19.598,1.27065,1.27087,4.80,3.00
2012.03.27 03:17:20.825,1.2707,1.27079,1.50,1.50
2012.03.27 03:17:20.907,1.27062,1.27079,1.50,1.50
2012.03.27 03:17:20.975,1.27053,1.27075,5.55,1.50
2012.03.27 03:17:21.308,1.27055,1.27076,2.25,2.25
2012.03.27 03:17:21.502,1.27053,1.27075,4.80,3.00
2012.03.27 03:17:21.633,1.27053,1.27075,3.00,4.05
2012.03.27 03:17:21.703,1.27053,1.27075,3.75,4.05
2012.03.27 03:17:21.962,1.27051,1.27072,2.25,1.50
2012.03.27 03:17:22.033,1.27051,1.27072,1.50,1.50
2012.03.27 03:17:22.105,1.27056,1.27074,1.50,1.50
2012.03.27 03:17:22.798,1.27056,1.27071,1.50,2.25
2012.03.27 03:17:22.872,1.27054,1.27069,1.50,1.50
2012.03.27 03:17:23.179,1.27051,1.27071,2.25,3.75
2012.03.27 03:17:23.306,1.27048,1.2707,4.05,1.50
2012.03.27 03:17:23.745,1.27052,1.27072,2.25,1.50
2012.03.27 03:17:24.308,1.27054,1.27074,2.55,3.00
2012.03.27 03:17:24.980,1.27054,1.27074,3.36,2.25
2012.03.27 03:17:25.169,1.27056,1.27075,1.56,1.50
2012.03.27 03:17:25.362,1.27063,1.27078,1.50,1.50
2012.03.27 03:17:25.938,1.27065,1.27078,1.50,1.50
2012.03.27 03:17:28.489,1.27063,1.27079,1.50,1.50
2012.03.27 03:17:28.867,1.2706,1.27079,1.80,2.25
2012.03.27 03:17:30.058,1.27061,1.27081,1.50,2.25
2012.03.27 03:17:30.979,1.2706,1.27077,2.55,1.50
2012.03.27 03:17:31.337,1.2706,1.27079,2.55,2.25
2012.03.27 03:17:33.187,1.27062,1.27082,1.50,2.25
2012.03.27 03:17:33.837,1.2706,1.2708,2.55,2.25
2012.03.27 03:17:37.898,1.27063,1.2708,1.80,2.25
2012.03.27 03:17:38.832,1.27063,1.27083,4.80,3.00
2012.03.27 03:17:39.151,1.27072,1.27088,1.50,1.50
2012.03.27 03:17:39.478,1.2707,1.2709,2.25,3.00
2012.03.27 03:17:39.557,1.27074,1.2709,1.80,2.25
2012.03.27 03:17:40.441,1.27074,1.27093,1.80,2.25
2012.03.27 03:17:41.319,1.27069,1.27089,3.00,1.50
2012.03.27 03:17:42.371,1.27071,1.27089,1.50,1.50
2012.03.27 03:17:43.508,1.27071,1.27093,1.50,2.25
2012.03.27 03:17:43.766,1.27073,1.27093,1.80,2.25
2012.03.27 03:17:56.908,1.27073,1.27093,3.30,2.25
2012.03.27 03:17:57.217,1.27076,1.27094,1.50,1.50
2012.03.27 03:17:58.163,1.27079,1.27094,1.50,1.50
2012.03.27 03:18:07.265,1.27079,1.27097,3.00,1.50
2012.03.27 03:18:07.611,1.27086,1.27099,1.80,2.25
2012.03.27 03:18:07.793,1.27086,1.27099,1.80,1.50
2012.03.27 03:18:14.986,1.27086,1.27105,1.80,2.25
2012.03.27 03:18:15.536,1.27086,1.27099,1.80,1.50
2012.03.27 03:18:17.498,1.27086,1.27102,1.80,3.00
2012.03.27 03:18:22.816,1.27085,1.27101,1.50,1.50
2012.03.27 03:18:22.899,1.27082,1.27101,1.50,1.50
2012.03.27 03:18:22.976,1.27079,1.27094,2.55,1.50
2012.03.27 03:18:23.477,1.27079,1.27094,1.80,1.50
2012.03.27 03:18:25.617,1.27079,1.27096,1.80,1.50
2012.03.27 03:18:25.749,1.27078,1.27093,2.55,1.50
2012.03.27 03:18:25.937,1.27078,1.27096,2.55,1.50
2012.03.27 03:18:35.008,1.27078,1.27096,3.30,2.25
2012.03.27 03:18:35.327,1.27085,1.27101,1.80,2.25
2012.03.27 03:18:35.458,1.27085,1.27101,1.80,2.25
2012.03.27 03:18:41.277,1.27086,1.27101,1.50,1.50
2012.03.27 03:18:41.357,1.27083,1.27101,2.25,1.50
2012.03.27 03:18:41.431,1.27083,1.27101,2.25,2.25
2012.03.27 03:18:41.740,1.27078,1.27095,2.55,1.50
2012.03.27 03:18:42.290,1.27078,1.27095,1.80,2.25
2012.03.27 03:18:46.847,1.27078,1.27093,1.80,1.50
2012.03.27 03:18:51.373,1.27078,1.27096,1.80,2.25
2012.03.27 03:18:52.687,1.27078,1.27094,1.80,1.50
2012.03.27 03:18:56.708,1.27078,1.27096,1.80,2.25
2012.03.27 03:18:58.793,1.27086,1.27095,1.80,2.25
2012.03.27 03:18:58.867,1.27086,1.27098,1.80,1.50
2012.03.27 03:18:59.121,1.2708,1.27097,3.30,3.00
2012.03.27 03:18:59.383,1.27077,1.27091,2.55,1.50
2012.03.27 03:18:59.453,1.27077,1.27093,2.55,1.50
2012.03.27 03:18:59.579,1.27077,1.27093,1.80,2.25
2012.03.27 03:18:59.939,1.27075,1.27094,2.55,3.00
2012.03.27 03:19:00.144,1.27079,1.27094,1.80,3.00
2012.03.27 03:19:00.688,1.2708,1.27097,1.80,1.50
2012.03.27 03:19:01.237,1.2708,1.27095,1.80,2.25
2012.03.27 03:19:01.841,1.27081,1.271,1.80,2.25
2012.03.27 03:19:03.599,1.27083,1.27101,1.50,2.04
2012.03.27 03:19:06.199,1.27082,1.27101,1.50,1.50
2012.03.27 03:19:07.579,1.27086,1.27101,1.80,1.50
2012.03.27 03:19:07.723,1.27082,1.27101,2.55,1.50
2012.03.27 03:19:09.703,1.27082,1.27098,2.55,1.50
2012.03.27 03:19:09.949,1.2708,1.27096,1.50,3.09
2012.03.27 03:19:10.331,1.27084,1.27096,1.50,1.29
2012.03.27 03:19:10.780,1.27084,1.27099,1.50,1.50
2012.03.27 03:19:13.293,1.2708,1.27099,1.50,1.29
2012.03.27 03:19:16.386,1.27084,1.27099,1.50,1.29
2012.03.27 03:19:18.608,1.27082,1.27099,1.50,1.29
2012.03.27 03:19:19.467,1.27082,1.27099,1.50,2.79
2012.03.27 03:19:19.541,1.2708,1.27099,1.50,3.54
2012.03.27 03:19:19.607,1.27074,1.2709,3.30,1.50
2012.03.27 03:19:20.235,1.27074,1.2709,1.80,1.50
2012.03.27 03:19:22.877,1.27074,1.27094,1.80,3.00
2012.03.27 03:19:25.948,1.27076,1.27094,1.80,1.50
2012.03.27 03:19:31.319,1.27077,1.27096,1.80,1.50
2012.03.27 03:19:36.242,1.27077,1.27097,3.30,2.25
2012.03.27 03:19:39.930,1.27077,1.27097,4.05,2.25
2012.03.27 03:19:40.438,1.27079,1.27099,1.80,2.25
2012.03.27 03:19:46.597,1.27079,1.27099,3.30,3.00
2012.03.27 03:19:46.727,1.27081,1.27099,1.50,1.50
2012.03.27 03:19:47.270,1.27081,1.27099,1.50,1.50
2012.03.27 03:19:47.594,1.27083,1.27102,2.25,1.50
2012.03.27 03:19:51.127,1.27082,1.27103,2.25,3.00
2012.03.27 03:19:51.334,1.2709,1.2711,1.50,1.50
2012.03.27 03:19:51.673,1.27085,1.27105,1.50,2.25
2012.03.27 03:19:51.923,1.27085,1.27105,1.50,2.25
2012.03.27 03:19:52.491,1.27087,1.27106,2.25,1.50
2012.03.27 03:19:58.329,1.27091,1.27106,1.50,1.50
2012.03.27 03:20:00.869,1.27088,1.27106,2.25,1.50
2012.03.27 03:20:01.674,1.27092,1.27106,1.50,1.50
2012.03.27 03:20:02.268,1.27091,1.27106,1.50,1.50
2012.03.27 03:20:11.567,1.27091,1.27106,1.50,1.50
2012.03.27 03:20:12.109,1.27089,1.27106,2.25,1.50
2012.03.27 03:20:13.586,1.27091,1.27106,1.50,2.25
2012.03.27 03:20:14.212,1.27091,1.27104,1.50,1.35
2012.03.27 03:20:14.532,1.27078,1.27098,2.25,2.25
2012.03.27 03:20:14.978,1.2708,1.27098,2.55,1.50
2012.03.27 03:20:15.111,1.2708,1.27101,2.55,2.25
2012.03.27 03:20:15.478,1.27079,1.27098,2.25,1.50
2012.03.27 03:20:16.139,1.27078,1.271,3.75,2.25
2012.03.27 03:20:18.503,1.27082,1.27103,2.25,1.50
2012.03.27 03:20:18.999,1.27088,1.27103,1.50,1.50
2012.03.27 03:20:19.068,1.27085,1.27103,2.25,1.50
2012.03.27 03:20:21.731,1.27082,1.27103,2.25,1.50
2012.03.27 03:20:22.290,1.27085,1.27103,1.50,1.50
2012.03.27 03:20:22.359,1.27087,1.27103,1.50,1.50
2012.03.27 03:20:22.600,1.27084,1.27103,2.25,1.50
2012.03.27 03:20:23.377,1.27084,1.27103,2.25,1.50
2012.03.27 03:20:23.510,1.27084,1.27101,2.25,1.50
2012.03.27 03:20:23.718,1.27084,1.27103,2.25,1.50
2012.03.27 03:20:24.607,1.27082,1.27098,2.55,1.50
2012.03.27 03:20:25.671,1.27081,1.27095,1.50,1.50
2012.03.27 03:20:27.540,1.27081,1.27101,3.00,3.00
2012.03.27 03:20:29.692,1.27083,1.27102,2.25,2.55
2012.03.27 03:20:29.821,1.27086,1.27102,1.50,2.55
2012.03.27 03:20:34.306,1.27086,1.27104,2.25,1.50
2012.03.27 03:20:35.129,1.27086,1.27105,2.25,1.50
2012.03.27 03:20:35.669,1.27088,1.27104,1.50,1.50
2012.03.27 03:20:35.738,1.27086,1.27104,2.25,1.50
2012.03.27 03:20:36.058,1.27085,1.27104,2.25,1.50
2012.03.27 03:20:38.440,1.27087,1.27103,2.25,1.50
2012.03.27 03:20:38.961,1.27079,1.27095,3.00,1.50
2012.03.27 03:20:39.662,1.27079,1.27096,3.00,1.50
2012.03.27 03:20:40.137,1.27083,1.27102,2.25,1.50
2012.03.27 03:20:41.902,1.27083,1.27101,2.25,1.50
2012.03.27 03:20:44.738,1.27086,1.27101,1.50,1.50
2012.03.27 03:20:44.871,1.27086,1.27103,2.25,3.30
2012.03.27 03:20:45.002,1.27086,1.27103,2.25,2.55
2012.03.27 03:20:45.248,1.27085,1.27105,2.25,1.50
2012.03.27 03:20:45.826,1.27087,1.27106,2.25,2.25
2012.03.27 03:20:46.360,1.27089,1.27107,2.25,2.25
2012.03.27 03:20:46.614,1.27094,1.27111,1.50,1.50
2012.03.27 03:20:46.809,1.27094,1.27112,3.30,2.25
2012.03.27 03:20:47.208,1.27096,1.27117,3.00,1.50
2012.03.27 03:20:47.665,1.27096,1.27112,1.50,1.50
2012.03.27 03:20:48.426,1.27096,1.27115,1.50,3.00
2012.03.27 03:20:48.679,1.27096,1.27112,1.50,1.50
2012.03.27 03:20:49.188,1.2709,1.27109,2.25,1.50
2012.03.27 03:20:54.709,1.27087,1.27109,3.00,3.00
2012.03.27 03:20:54.784,1.27087,1.27105,1.50,1.50
2012.03.27 03:20:56.391,1.27086,1.27108,2.25,2.25
2012.03.27 03:21:00.487,1.27086,1.27108,2.25,2.25
2012.03.27 03:21:01.542,1.27085,1.27101,2.55,1.50
2012.03.27 03:21:02.621,1.27085,1.27099,2.55,1.50
2012.03.27 03:21:04.567,1.27085,1.27106,2.55,2.25
2012.03.27 03:21:12.315,1.27085,1.27106,2.55,2.25
2012.03.27 03:21:13.919,1.27085,1.27106,2.55,2.25
2012.03.27 03:21:13.989,1.27085,1.27106,2.55,3.00
2012.03.27 03:21:14.304,1.27081,1.27099,2.55,1.50
2012.03.27 03:21:14.560,1.27081,1.27098,2.55,1.50
2012.03.27 03:21:16.249,1.27081,1.27101,2.55,2.25
2012.03.27 03:21:16.830,1.27081,1.27098,2.55,1.50
2012.03.27 03:21:17.709,1.27081,1.27098,2.55,2.25
2012.03.27 03:21:19.794,1.27081,1.27098,2.55,1.50
2012.03.27 03:21:24.481,1.27081,1.27101,2.55,2.25
2012.03.27 03:21:26.593,1.27081,1.27098,2.55,1.50
2012.03.27 03:21:27.088,1.27082,1.27096,1.80,1.50
2012.03.27 03:21:32.997,1.27082,1.27096,2.55,1.50
2012.03.27 03:21:34.960,1.27082,1.27094,2.55,1.50
2012.03.27 03:21:35.469,1.27077,1.27095,2.25,2.55
2012.03.27 03:21:35.600,1.27075,1.27094,1.50,1.50
2012.03.27 03:21:35.667,1.2707,1.2709,4.80,1.50
2012.03.27 03:21:35.798,1.2707,1.2709,4.80,1.50
2012.03.27 03:21:35.867,1.27078,1.27094,1.50,3.00
2012.03.27 03:21:36.554,1.27079,1.27094,1.50,3.00
2012.03.27 03:21:36.682,1.27074,1.27094,2.25,3.00
2012.03.27 03:21:37.169,1.27078,1.27094,1.50,3.00
2012.03.27 03:21:37.239,1.27075,1.27092,1.50,1.50
2012.03.27 03:21:38.103,1.27075,1.27092,1.50,1.50
2012.03.27 03:21:38.660,1.27072,1.27091,1.50,1.50
2012.03.27 03:21:39.607,1.27072,1.27091,1.50,1.50
2012.03.27 03:21:40.523,1.27075,1.27091,1.50,2.25
2012.03.27 03:21:40.650,1.27077,1.27094,2.55,1.50
2012.03.27 03:21:40.779,1.27077,1.27096,3.30,2.25
2012.03.27 03:21:40.850,1.27078,1.27099,2.25,1.50
2012.03.27 03:21:44.728,1.27079,1.27099,2.25,3.00
2012.03.27 03:21:45.104,1.27076,1.27092,1.50,1.50
2012.03.27 03:21:47.682,1.27074,1.27094,2.25,2.25
2012.03.27 03:21:48.039,1.27077,1.27096,1.50,1.50
2012.03.27 03:21:48.239,1.27081,1.27096,1.50,1.50
2012.03.27 03:21:49.050,1.27082,1.271,1.50,1.50
2012.03.27 03:21:53.787,1.27084,1.271,1.50,1.50
2012.03.27 03:21:57.339,1.27084,1.271,1.50,1.50
2012.03.27 03:21:57.539,1.27083,1.27102,1.50,3.00
2012.03.27 03:22:05.559,1.27082,1.27101,2.25,1.50
2012.03.27 03:22:08.369,1.27087,1.271,1.50,1.50
2012.03.27 03:22:08.498,1.27083,1.271,1.50,1.50
2012.03.27 03:22:09.628,1.27084,1.271,1.50,1.50
2012.03.27 03:22:10.180,1.27084,1.271,1.50,1.50
2012.03.27 03:22:10.984,1.27082,1.27101,1.50,1.50
2012.03.27 03:22:11.408,1.27082,1.271,1.50,1.50
2012.03.27 03:22:12.774,1.27081,1.271,2.25,1.50
2012.03.27 03:22:12.843,1.27086,1.271,1.50,1.50
2012.03.27 03:22:12.908,1.27084,1.271,1.50,1.50
2012.03.27 03:22:14.903,1.27084,1.271,1.50,1.50
2012.03.27 03:22:15.640,1.27084,1.271,1.50,1.50
2012.03.27 03:22:16.687,1.27084,1.27101,1.50,1.50
2012.03.27 03:22:18.651,1.27084,1.27101,2.25,1.50
2012.03.27 03:22:18.780,1.27087,1.27105,1.50,1.50
2012.03.27 03:22:18.852,1.27085,1.27105,2.25,1.50
2012.03.27 03:22:18.923,1.27085,1.27105,2.25,1.50
2012.03.27 03:22:19.483,1.27086,1.27107,2.25,1.50
2012.03.27 03:22:26.299,1.27086,1.27106,2.25,2.25
2012.03.27 03:22:26.628,1.27086,1.27106,2.25,2.25
2012.03.27 03:22:34.343,1.27087,1.27107,2.25,3.00
2012.03.27 03:22:54.471,1.27087,1.27104,1.50,1.50
2012.03.27 03:22:54.540,1.27082,1.27104,2.25,3.00
2012.03.27 03:22:54.911,1.27089,1.27104,1.50,1.50
2012.03.27 03:22:55.318,1.27086,1.27104,1.50,1.50
2012.03.27 03:22:55.451,1.27091,1.27104,1.50,1.50
2012.03.27 03:22:55.519,1.27089,1.27104,1.50,1.50
2012.03.27 03:22:55.647,1.27091,1.27104,1.50,1.50
2012.03.27 03:22:55.792,1.27088,1.27104,1.50,1.50
2012.03.27 03:22:56.017,1.27091,1.27104,1.50,1.50
2012.03.27 03:22:56.841,1.27088,1.27104,1.50,1.50
2012.03.27 03:22:57.185,1.27086,1.27104,1.50,1.50
2012.03.27 03:22:58.244,1.27085,1.27104,1.50,1.50
2012.03.27 03:23:01.078,1.27087,1.27104,1.50,1.50
2012.03.27 03:23:01.387,1.2709,1.27104,1.50,1.50
2012.03.27 03:23:01.637,1.27088,1.27104,1.50,1.50
2012.03.27 03:23:01.897,1.27084,1.27104,1.50,1.50
2012.03.27 03:23:01.981,1.27089,1.27104,1.50,1.50
2012.03.27 03:23:03.406,1.27088,1.27104,1.50,1.50
2012.03.27 03:23:04.303,1.27088,1.27104,1.50,1.50
2012.03.27 03:23:04.627,1.27088,1.27106,1.50,1.50
2012.03.27 03:23:04.960,1.27088,1.27104,1.50,1.50
2012.03.27 03:23:05.152,1.2708,1.27098,1.50,1.50
2012.03.27 03:23:05.339,1.2708,1.27095,1.50,1.50
2012.03.27 03:23:05.894,1.27079,1.27096,3.30,1.50
2012.03.27 03:23:06.519,1.2708,1.27098,2.55,1.50
2012.03.27 03:23:06.854,1.27079,1.27094,1.50,1.50
2012.03.27 03:23:07.115,1.27079,1.271,1.50,3.00
2012.03.27 03:23:07.630,1.27079,1.27098,1.50,1.50
2012.03.27 03:23:08.003,1.27086,1.271,1.50,1.50
2012.03.27 03:23:08.944,1.27083,1.271,1.50,1.50
2012.03.27 03:23:11.144,1.27086,1.271,1.50,1.50
2012.03.27 03:23:12.477,1.27084,1.271,1.50,1.50
2012.03.27 03:23:13.340,1.27088,1.271,1.50,1.50
2012.03.27 03:23:13.494,1.27088,1.27103,1.50,1.50
2012.03.27 03:23:14.457,1.27086,1.27103,1.50,1.50
2012.03.27 03:23:15.235,1.27087,1.27103,1.50,1.50
2012.03.27 03:23:21.844,1.27085,1.27103,1.50,1.50
2012.03.27 03:23:22.028,1.27085,1.27105,1.50,2.25
2012.03.27 03:23:24.121,1.27085,1.27105,2.25,2.25
2012.03.27 03:23:24.254,1.2709,1.27108,1.50,1.50
2012.03.27 03:23:24.499,1.27091,1.27108,1.80,1.50
2012.03.27 03:23:27.233,1.27091,1.27105,1.80,1.50
2012.03.27 03:23:27.930,1.2709,1.27106,2.55,2.25
2012.03.27 03:23:29.251,1.27091,1.27108,1.80,1.50
2012.03.27 03:23:30.263,1.27091,1.27108,1.80,1.50
2012.03.27 03:23:30.389,1.27093,1.27112,1.50,1.50
2012.03.27 03:23:30.930,1.27091,1.27107,2.55,1.50
2012.03.27 03:23:30.999,1.27091,1.27109,1.80,1.50
2012.03.27 03:23:31.641,1.27091,1.27109,1.80,2.25
2012.03.27 03:23:33.877,1.27091,1.27109,2.55,2.25
2012.03.27 03:23:34.789,1.27092,1.27107,3.30,1.50
2012.03.27 03:23:35.097,1.27094,1.27107,1.80,1.50
2012.03.27 03:23:35.534,1.27094,1.27109,1.80,1.50
2012.03.27 03:23:35.838,1.27095,1.27107,1.80,1.50
2012.03.27 03:23:35.907,1.27095,1.27109,1.80,1.50
2012.03.27 03:23:36.341,1.27095,1.27112,1.80,3.00
2012.03.27 03:23:37.300,1.27095,1.27112,1.80,1.50
2012.03.27 03:23:40.551,1.27095,1.27109,1.80,1.50
2012.03.27 03:23:40.629,1.27095,1.27111,1.80,1.50
2012.03.27 03:23:41.250,1.27095,1.27108,1.80,1.50
2012.03.27 03:23:41.381,1.27089,1.27108,1.50,1.50
2012.03.27 03:23:41.512,1.27088,1.27108,2.63,1.50
2012.03.27 03:23:41.842,1.27092,1.27103,1.50,1.50
2012.03.27 03:23:41.972,1.27091,1.27112,3.75,1.50
2012.03.27 03:23:42.490,1.27092,1.27114,1.50,2.25
2012.03.27 03:23:42.738,1.27091,1.27111,3.00,1.50
2012.03.27 03:23:43.306,1.27092,1.27112,2.25,2.25
2012.03.27 03:23:43.381,1.27092,1.27112,3.00,3.00
2012.03.27 03:23:50.078,1.27094,1.27111,2.55,2.25
2012.03.27 03:23:50.601,1.27091,1.2711,2.25,1.50
2012.03.27 03:23:50.672,1.27096,1.2711,1.50,1.50
2012.03.27 03:23:50.741,1.2709,1.27109,1.50,2.25
2012.03.27 03:23:50.940,1.27087,1.27108,3.30,2.25
2012.03.27 03:23:51.515,1.27087,1.2711,4.80,3.00
2012.03.27 03:23:53.981,1.27087,1.27106,2.55,2.25
2012.03.27 03:23:54.050,1.27089,1.2711,1.50,1.50
2012.03.27 03:23:56.312,1.27087,1.27106,3.30,1.50
2012.03.27 03:23:56.379,1.27087,1.27106,1.50,1.50
2012.03.27 03:23:56.628,1.27085,1.27105,3.00,2.25
2012.03.27 03:23:56.773,1.27086,1.27103,1.50,1.50
2012.03.27 03:23:57.036,1.27083,1.27101,2.25,2.25
2012.03.27 03:23:58.240,1.27084,1.27101,1.50,2.25
2012.03.27 03:23:58.651,1.27084,1.27101,1.50,2.25
2012.03.27 03:23:58.720,1.27084,1.27098,1.50,1.50
2012.03.27 03:23:58.848,1.27084,1.27102,3.00,1.50
2012.03.27 03:23:59.277,1.27091,1.27103,1.50,1.50
2012.03.27 03:24:04.260,1.27091,1.27107,1.50,2.25
2012.03.27 03:24:04.327,1.27088,1.27106,1.50,2.25
2012.03.27 03:24:04.522,1.27088,1.27105,1.80,1.50
2012.03.27 03:24:04.827,1.2709,1.27107,1.50,2.25
2012.03.27 03:24:05.399,1.27091,1.27107,1.50,1.50
2012.03.27 03:24:08.337,1.27088,1.27105,2.55,1.50
2012.03.27 03:24:09.274,1.27088,1.27105,3.30,3.00
2012.03.27 03:24:16.830,1.27088,1.27105,3.30,1.50
2012.03.27 03:24:17.512,1.27088,1.27105,3.30,3.00
2012.03.27 03:24:18.051,1.27089,1.27105,1.50,2.25
2012.03.27 03:24:23.015,1.2709,1.27107,2.25,1.50
2012.03.27 03:24:23.090,1.2709,1.27107,2.25,1.50
2012.03.27 03:24:24.302,1.27091,1.27108,2.55,2.25
2012.03.27 03:24:24.763,1.27087,1.27098,2.25,1.50
2012.03.27 03:24:24.837,1.2708,1.27096,3.00,2.55
2012.03.27 03:24:24.991,1.27078,1.27096,1.50,2.55
2012.03.27 03:24:25.345,1.27076,1.27095,1.50,2.25
2012.03.27 03:24:25.422,1.27081,1.27097,1.50,3.30
2012.03.27 03:24:25.711,1.27078,1.27097,1.50,1.50
2012.03.27 03:24:26.108,1.27077,1.27096,1.50,1.50
2012.03.27 03:24:26.428,1.27077,1.27093,1.50,1.50
2012.03.27 03:24:26.909,1.27081,1.2709,1.50,1.50
2012.03.27 03:24:27.519,1.27081,1.2709,1.50,1.50
2012.03.27 03:24:27.898,1.2707,1.27089,1.50,2.25
2012.03.27 03:24:28.256,1.27074,1.27088,1.50,2.25
2012.03.27 03:24:29.669,1.27078,1.27089,1.50,1.50
2012.03.27 03:24:29.746,1.27074,1.27089,1.50,1.50
2012.03.27 03:24:29.819,1.27072,1.27089,2.25,1.50
2012.03.27 03:24:30.073,1.27069,1.27087,1.50,1.50
2012.03.27 03:24:30.270,1.27069,1.27087,2.25,1.50
2012.03.27 03:24:30.622,1.2707,1.27086,1.50,1.50
2012.03.27 03:24:31.176,1.27072,1.27085,1.50,1.50
2012.03.27 03:24:31.731,1.27072,1.27089,2.25,3.30
2012.03.27 03:24:31.871,1.27078,1.2709,1.50,2.25
2012.03.27 03:24:32.005,1.27078,1.27092,1.50,2.20
2012.03.27 03:24:32.079,1.27081,1.27092,1.50,1.45
2012.03.27 03:24:32.151,1.27076,1.27092,1.50,1.45
2012.03.27 03:24:32.222,1.27071,1.27092,3.00,1.45
2012.03.27 03:24:32.288,1.27071,1.27093,3.00,2.20
2012.03.27 03:24:32.909,1.27071,1.27093,3.00,2.95
2012.03.27 03:24:32.978,1.27071,1.27093,3.00,2.25
2012.03.27 03:24:33.310,1.27071,1.27093,2.25,1.50
2012.03.27 03:24:33.820,1.27071,1.27087,1.50,1.50
2012.03.27 03:24:34.159,1.2707,1.27083,1.50,1.50
2012.03.27 03:24:35.169,1.2707,1.27086,1.50,1.50
2012.03.27 03:24:35.250,1.27067,1.27086,1.50,1.50
2012.03.27 03:24:35.325,1.27067,1.2708,1.50,1.50
2012.03.27 03:24:35.650,1.27061,1.27078,2.25,1.50
2012.03.27 03:24:35.789,1.27061,1.27078,1.50,1.50
2012.03.27 03:24:35.922,1.27062,1.27075,1.50,1.50
2012.03.27 03:24:36.168,1.27062,1.27078,1.50,1.50
2012.03.27 03:24:36.543,1.27062,1.27083,1.50,2.25
2012.03.27 03:24:37.748,1.27062,1.27083,1.50,3.00
2012.03.27 03:24:38.483,1.27061,1.27083,2.25,3.00
2012.03.27 03:24:39.428,1.27061,1.27081,2.25,1.50
2012.03.27 03:24:39.862,1.27061,1.2708,2.25,3.30
2012.03.27 03:24:40.268,1.27056,1.27077,2.25,1.50
2012.03.27 03:24:40.830,1.27054,1.27076,2.25,1.50
2012.03.27 03:24:41.025,1.27052,1.27066,1.50,1.50
2012.03.27 03:24:41.919,1.2705,1.27066,1.50,1.50
2012.03.27 03:24:42.499,1.27051,1.27066,1.50,1.50
2012.03.27 03:24:43.002,1.27051,1.27064,1.50,1.50
2012.03.27 03:24:43.380,1.27049,1.27062,1.50,1.50
2012.03.27 03:24:43.519,1.27049,1.27062,1.50,1.50
2012.03.27 03:24:43.711,1.27048,1.27064,1.50,1.50
2012.03.27 03:24:43.959,1.27048,1.27068,1.50,1.50
2012.03.27 03:24:44.810,1.27048,1.2707,3.00,2.25
2012.03.27 03:24:47.800,1.2705,1.27072,1.50,2.25
2012.03.27 03:24:47.876,1.27058,1.27073,1.50,2.25
2012.03.27 03:24:47.950,1.27051,1.27072,1.50,2.25
2012.03.27 03:24:48.206,1.2706,1.2707,1.50,1.50
2012.03.27 03:24:48.357,1.27055,1.27067,1.50,2.55
2012.03.27 03:24:48.436,1.27052,1.27067,1.50,2.55
2012.03.27 03:24:48.579,1.2705,1.27066,1.50,2.20
2012.03.27 03:24:48.651,1.27044,1.27064,2.25,1.50
2012.03.27 03:24:48.959,1.27052,1.27066,1.50,1.50
2012.03.27 03:24:49.030,1.27045,1.27062,1.50,1.50
2012.03.27 03:24:49.603,1.27045,1.27063,1.50,1.50
2012.03.27 03:24:49.970,1.27045,1.27063,1.50,1.50
2012.03.27 03:24:50.174,1.27045,1.27063,1.50,1.50
2012.03.27 03:24:50.700,1.27045,1.27066,1.50,2.25
2012.03.27 03:24:55.279,1.27046,1.27065,2.25,1.50
2012.03.27 03:24:55.473,1.2705,1.27063,1.50,2.25
2012.03.27 03:24:55.839,1.27052,1.27062,1.50,3.30
2012.03.27 03:24:55.919,1.27044,1.27056,2.25,1.80
2012.03.27 03:24:55.990,1.27044,1.27062,2.25,2.55
2012.03.27 03:24:56.509,1.27047,1.27062,2.25,1.80
2012.03.27 03:24:56.700,1.27049,1.27065,2.25,1.50
2012.03.27 03:24:57.210,1.27052,1.27065,1.50,1.50
2012.03.27 03:24:57.408,1.27049,1.27065,2.25,1.50
2012.03.27 03:24:59.591,1.27052,1.27065,1.50,1.50
2012.03.27 03:25:01.347,1.27053,1.27065,1.50,1.50
2012.03.27 03:25:01.707,1.27047,1.27065,2.25,1.50
2012.03.27 03:25:02.886,1.27044,1.27064,2.25,2.25
2012.03.27 03:25:05.767,1.27043,1.27062,1.50,1.50
2012.03.27 03:25:12.028,1.27045,1.27065,3.00,3.00
2012.03.27 03:25:12.811,1.27045,1.27061,2.25,1.80
2012.03.27 03:25:13.117,1.27047,1.27064,2.25,1.50
2012.03.27 03:25:13.643,1.27045,1.27064,2.25,2.55
2012.03.27 03:25:14.600,1.2705,1.27066,1.50,1.50
2012.03.27 03:25:15.228,1.27048,1.27066,2.25,1.50
2012.03.27 03:25:19.305,1.27048,1.27063,2.25,1.80
2012.03.27 03:25:19.400,1.27047,1.27058,1.50,1.80
2012.03.27 03:25:19.720,1.27049,1.27061,1.50,3.30
2012.03.27 03:25:19.798,1.27038,1.27059,1.50,2.25
2012.03.27 03:25:19.947,1.27038,1.27055,1.50,1.50
2012.03.27 03:25:20.026,1.2704,1.27061,1.50,4.05
2012.03.27 03:25:20.386,1.27045,1.27063,2.55,1.29
2012.03.27 03:25:20.739,1.27049,1.27069,2.25,2.25
2012.03.27 03:25:22.471,1.27054,1.27071,1.50,4.05
2012.03.27 03:25:24.149,1.27054,1.27068,1.50,1.20
2012.03.27 03:25:24.465,1.27054,1.27058,1.50,1.80
2012.03.27 03:25:24.832,1.27051,1.27066,2.25,1.29
2012.03.27 03:25:25.199,1.27049,1.27066,1.50,1.50
2012.03.27 03:25:25.399,1.27047,1.27066,2.25,1.50
2012.03.27 03:25:26.745,1.27047,1.2706,2.25,1.80
2012.03.27 03:25:26.933,1.27043,1.2706,2.25,1.80
2012.03.27 03:25:27.274,1.27036,1.27058,3.75,2.25
2012.03.27 03:25:27.657,1.27039,1.27061,2.25,4.05
2012.03.27 03:25:28.160,1.27041,1.27063,2.25,5.55
2012.03.27 03:25:29.411,1.27044,1.27063,2.25,4.05
2012.03.27 03:25:29.752,1.27044,1.27058,2.25,1.80
2012.03.27 03:25:29.820,1.27041,1.2706,2.25,1.80
2012.03.27 03:25:30.799,1.27041,1.27063,2.25,4.80
2012.03.27 03:25:31.339,1.27041,1.27063,2.25,4.05
2012.03.27 03:25:37.014,1.27041,1.27063,3.00,3.30
2012.03.27 03:25:37.558,1.27045,1.27065,2.25,3.75
2012.03.27 03:25:41.138,1.27042,1.27064,2.25,3.45
2012.03.27 03:25:41.208,1.27042,1.27063,2.25,1.05
2012.03.27 03:25:41.537,1.27039,1.27057,1.50,1.50
2012.03.27 03:25:42.170,1.2704,1.27059,2.25,1.50
2012.03.27 03:25:43.528,1.27039,1.27059,2.25,3.00
2012.03.27 03:25:47.961,1.27039,1.27059,2.25,3.00
2012.03.27 03:25:48.471,1.27044,1.2706,2.25,1.50
2012.03.27 03:26:10.392,1.27037,1.27059,2.25,3.00
2012.03.27 03:26:10.461,1.27037,1.27059,2.25,3.00
2012.03.27 03:26:13.703,1.27039,1.27059,2.25,1.50
2012.03.27 03:26:39.472,1.27046,1.2706,1.50,2.25
2012.03.27 03:26:39.606,1.27043,1.2706,2.25,2.25
2012.03.27 03:26:39.676,1.27046,1.2706,1.50,1.50
2012.03.27 03:26:40.191,1.27045,1.27059,2.25,1.80
2012.03.27 03:26:40.266,1.27045,1.27061,2.25,1.80
2012.03.27 03:26:40.589,1.27039,1.27056,2.55,1.50
2012.03.27 03:26:41.141,1.2704,1.27057,1.50,1.50
2012.03.27 03:26:41.680,1.2704,1.27055,1.50,1.50
2012.03.27 03:26:43.443,1.2704,1.27055,1.50,1.50
2012.03.27 03:26:43.732,1.27041,1.27063,2.25,2.25
2012.03.27 03:26:47.182,1.2704,1.27059,1.50,1.50
2012.03.27 03:26:47.683,1.27041,1.27061,2.25,2.25
2012.03.27 03:26:51.741,1.27042,1.27063,2.25,1.50
2012.03.27 03:26:51.873,1.2705,1.27063,1.50,1.50
2012.03.27 03:26:52.182,1.2704,1.2706,3.00,2.25
2012.03.27 03:26:55.374,1.27042,1.27064,2.25,3.75
2012.03.27 03:26:55.746,1.27051,1.27065,1.50,1.50
2012.03.27 03:26:56.252,1.2705,1.27068,1.50,1.50
2012.03.27 03:26:56.388,1.27047,1.27068,2.25,1.50
2012.03.27 03:26:57.152,1.27049,1.27066,1.50,1.50
2012.03.27 03:26:57.474,1.27049,1.27065,1.50,1.50
2012.03.27 03:26:57.773,1.27049,1.27064,1.50,1.50
2012.03.27 03:26:57.846,1.27046,1.27064,2.25,1.50
2012.03.27 03:26:59.752,1.27047,1.27067,1.50,1.50
2012.03.27 03:26:59.828,1.27051,1.27067,1.50,1.50
2012.03.27 03:26:59.954,1.27048,1.27067,1.50,1.50
2012.03.27 03:27:01.451,1.27048,1.27067,1.50,1.50
2012.03.27 03:27:02.207,1.27045,1.27063,2.25,1.50
2012.03.27 03:27:03.771,1.2705,1.27068,1.50,2.79
2012.03.27 03:27:03.901,1.27047,1.27068,2.25,2.79
2012.03.27 03:27:05.792,1.27045,1.27065,2.25,3.00
2012.03.27 03:27:07.161,1.27047,1.27066,2.25,1.50
2012.03.27 03:27:07.832,1.27049,1.27068,1.50,1.50
2012.03.27 03:27:07.903,1.27051,1.27068,1.50,1.50
2012.03.27 03:27:09.554,1.27051,1.27066,1.50,1.50
2012.03.27 03:27:09.622,1.27046,1.27066,2.25,3.00
2012.03.27 03:27:12.372,1.27046,1.27066,2.25,3.00
2012.03.27 03:27:12.912,1.27048,1.27068,2.55,1.50
2012.03.27 03:27:13.603,1.27049,1.27069,2.25,1.50
2012.03.27 03:27:13.885,1.27051,1.27071,2.61,2.25
2012.03.27 03:27:14.025,1.27055,1.27075,1.50,2.25
2012.03.27 03:27:14.211,1.27059,1.27076,1.50,1.50
2012.03.27 03:27:19.940,1.27057,1.27077,2.25,2.25
2012.03.27 03:27:20.343,1.27057,1.27077,2.25,1.50
2012.03.27 03:27:20.891,1.27061,1.2708,1.50,1.50
2012.03.27 03:27:22.238,1.2706,1.2708,2.25,1.50
2012.03.27 03:27:22.583,1.2706,1.27078,1.50,1.50
2012.03.27 03:27:23.101,1.27058,1.27077,1.50,2.25
2012.03.27 03:27:23.950,1.27056,1.27075,1.50,1.50
2012.03.27 03:27:24.391,1.27058,1.27078,2.25,3.00
2012.03.27 03:27:24.657,1.27051,1.27073,2.25,3.00
2012.03.27 03:27:24.960,1.27051,1.27072,2.25,1.50
2012.03.27 03:27:25.041,1.27049,1.27071,2.25,2.25
2012.03.27 03:27:25.115,1.27049,1.27068,2.25,1.50
2012.03.27 03:27:25.317,1.27049,1.27068,2.25,4.80
2012.03.27 03:27:25.637,1.27044,1.27064,2.25,2.55
2012.03.27 03:27:25.706,1.27044,1.27064,2.25,2.55
2012.03.27 03:27:25.964,1.27044,1.27064,2.25,1.50
2012.03.27 03:27:26.502,1.27042,1.27059,1.50,1.50
2012.03.27 03:27:26.921,1.27046,1.27064,2.25,1.50
2012.03.27 03:27:26.995,1.27047,1.27066,1.50,1.50
2012.03.27 03:27:27.197,1.27055,1.27067,1.50,1.80
2012.03.27 03:27:27.266,1.27055,1.2707,1.50,1.50
2012.03.27 03:27:27.335,1.27057,1.2707,1.50,1.50
2012.03.27 03:27:27.469,1.27052,1.2707,1.50,1.50
2012.03.27 03:27:27.602,1.27055,1.27072,1.50,1.50
2012.03.27 03:27:27.733,1.27055,1.27073,1.50,2.25
2012.03.27 03:27:28.632,1.27054,1.27073,1.50,2.25
2012.03.27 03:27:28.994,1.27057,1.27073,1.50,1.50
2012.03.27 03:27:29.522,1.2706,1.27074,1.50,1.50
2012.03.27 03:27:32.322,1.27061,1.27073,1.50,1.50
2012.03.27 03:27:33.044,1.27056,1.27072,1.50,1.50
2012.03.27 03:27:33.231,1.27056,1.27073,1.50,1.50
2012.03.27 03:27:37.010,1.27058,1.27073,1.50,1.50
2012.03.27 03:27:37.822,1.27054,1.27073,1.50,1.50
2012.03.27 03:27:40.931,1.27054,1.27073,1.50,1.50
2012.03.27 03:27:41.064,1.27057,1.27073,1.50,1.50
2012.03.27 03:27:41.745,1.27061,1.27075,1.50,2.25
2012.03.27 03:27:43.553,1.27058,1.27075,1.50,2.25
2012.03.27 03:27:43.621,1.2706,1.27075,1.50,2.25
2012.03.27 03:27:46.038,1.2706,1.27073,1.50,1.50
2012.03.27 03:27:46.164,1.27055,1.27073,1.50,1.50
2012.03.27 03:27:46.931,1.27058,1.27072,1.50,1.50
2012.03.27 03:27:57.633,1.27055,1.27072,1.50,1.50
2012.03.27 03:27:57.702,1.27053,1.27072,1.50,1.50
2012.03.27 03:27:58.290,1.27056,1.2707,1.50,1.50
2012.03.27 03:27:58.811,1.27057,1.2707,1.50,1.50
2012.03.27 03:27:59.007,1.27052,1.2707,1.50,1.50
2012.03.27 03:27:59.259,1.27047,1.27068,4.05,1.50
2012.03.27 03:27:59.335,1.27054,1.27068,1.50,2.25
2012.03.27 03:27:59.647,1.27054,1.27068,1.50,2.25
2012.03.27 03:27:59.724,1.27048,1.27066,2.25,3.30
2012.03.27 03:28:00.282,1.27046,1.27064,2.25,1.50
2012.03.27 03:28:01.736,1.27047,1.27066,2.25,3.30
2012.03.27 03:28:01.921,1.27041,1.27062,1.50,1.50
2012.03.27 03:28:02.222,1.27043,1.27063,2.25,1.50
2012.03.27 03:28:03.826,1.27052,1.27065,1.50,1.50
2012.03.27 03:28:04.323,1.27052,1.27069,1.50,4.05
2012.03.27 03:28:04.391,1.27049,1.27069,3.00,2.25
2012.03.27 03:28:04.894,1.27049,1.27069,3.00,2.25
2012.03.27 03:28:05.453,1.27059,1.27068,1.50,1.50
2012.03.27 03:28:05.764,1.27051,1.27068,1.50,1.50
2012.03.27 03:28:06.503,1.2705,1.27068,2.25,1.50
2012.03.27 03:28:07.331,1.27047,1.27067,2.25,1.50
2012.03.27 03:28:07.682,1.27047,1.27067,3.00,1.50
2012.03.27 03:28:08.054,1.27051,1.27068,2.25,1.50
2012.03.27 03:28:08.748,1.27052,1.27069,1.50,1.50
2012.03.27 03:28:09.282,1.27049,1.27069,2.25,1.50
2012.03.27 03:28:23.381,1.27051,1.27072,3.00,1.50
2012.03.27 03:28:23.510,1.27051,1.27073,3.00,3.00
2012.03.27 03:28:32.638,1.27051,1.27072,2.25,1.50
2012.03.27 03:28:33.024,1.27056,1.2707,1.50,1.50
2012.03.27 03:28:33.346,1.27056,1.27069,1.50,1.50
2012.03.27 03:28:33.422,1.27054,1.2707,1.50,1.50
2012.03.27 03:28:33.513,1.27056,1.27069,1.50,1.50
2012.03.27 03:28:33.707,1.27056,1.27069,1.50,1.50
2012.03.27 03:28:34.349,1.27048,1.27068,2.25,1.50
2012.03.27 03:28:34.975,1.27048,1.27069,2.25,1.50
2012.03.27 03:28:35.069,1.27049,1.27071,2.25,2.25
2012.03.27 03:28:35.401,1.27048,1.27069,2.25,1.50
2012.03.27 03:28:36.012,1.2705,1.2707,1.50,1.50
2012.03.27 03:28:36.541,1.2705,1.2707,2.25,1.50
2012.03.27 03:28:36.983,1.27048,1.27068,3.75,1.50
2012.03.27 03:28:38.241,1.27048,1.27068,3.75,1.50
2012.03.27 03:28:38.706,1.27057,1.27074,3.30,1.50
2012.03.27 03:28:38.968,1.27057,1.27071,2.55,1.50
2012.03.27 03:28:39.036,1.27063,1.27078,1.50,2.25
2012.03.27 03:28:39.106,1.27059,1.27078,2.25,2.25
2012.03.27 03:28:39.312,1.27062,1.27078,1.50,1.50
2012.03.27 03:28:41.766,1.27062,1.27081,2.25,1.50
2012.03.27 03:28:41.832,1.27064,1.27081,1.50,1.50
2012.03.27 03:28:42.195,1.27067,1.27081,1.50,1.50
2012.03.27 03:28:47.484,1.27064,1.27081,1.50,1.50
2012.03.27 03:28:47.553,1.27062,1.27081,2.25,1.50
2012.03.27 03:28:50.476,1.27063,1.27081,1.50,1.50
2012.03.27 03:28:51.668,1.27061,1.27081,2.25,1.50
2012.03.27 03:28:56.362,1.27061,1.27081,2.25,2.25
2012.03.27 03:28:57.504,1.2706,1.2708,2.25,1.50
2012.03.27 03:28:58.498,1.27062,1.27081,1.50,2.25
2012.03.27 03:29:00.841,1.27062,1.27081,1.50,2.25
2012.03.27 03:29:02.016,1.27062,1.27081,1.50,2.25
2012.03.27 03:29:02.339,1.27063,1.27081,1.50,1.50
2012.03.27 03:29:02.662,1.27069,1.27086,1.50,1.50
2012.03.27 03:29:03.892,1.2707,1.27086,1.50,1.50
2012.03.27 03:29:08.910,1.27068,1.27086,1.50,1.50
2012.03.27 03:29:09.476,1.27066,1.27086,1.50,3.00
2012.03.27 03:29:09.615,1.27063,1.27083,2.25,2.25
2012.03.27 03:29:13.056,1.27064,1.27082,2.25,1.50
2012.03.27 03:29:13.371,1.27068,1.27082,2.25,1.50
2012.03.27 03:29:13.521,1.2707,1.27084,1.80,1.50
2012.03.27 03:29:13.595,1.2707,1.27085,3.30,2.25
2012.03.27 03:29:13.725,1.2707,1.27085,1.50,1.50
2012.03.27 03:29:13.944,1.27075,1.27092,1.50,2.04
2012.03.27 03:29:14.488,1.27078,1.27098,1.50,1.29
2012.03.27 03:29:14.951,1.27083,1.27101,1.50,1.50
2012.03.27 03:29:15.462,1.27082,1.27101,1.50,3.00
2012.03.27 03:29:16.028,1.27082,1.27099,1.50,1.50
2012.03.27 03:29:16.567,1.2708,1.27099,3.30,1.50
2012.03.27 03:29:16.639,1.27082,1.27102,1.50,3.00
2012.03.27 03:29:17.181,1.2708,1.271,2.25,1.50
2012.03.27 03:29:17.314,1.27082,1.27102,2.25,3.00
2012.03.27 03:29:17.622,1.27085,1.27102,1.50,1.50
2012.03.27 03:29:17.980,1.27085,1.27103,2.25,1.50
2012.03.27 03:29:20.985,1.27088,1.27103,2.25,3.30
2012.03.27 03:29:24.279,1.27083,1.271,2.25,1.50
2012.03.27 03:29:24.401,1.27086,1.27102,1.50,1.50
2012.03.27 03:29:24.533,1.27085,1.27097,1.50,1.50
2012.03.27 03:29:24.722,1.27085,1.27099,1.50,1.50
2012.03.27 03:29:28.758,1.27081,1.27096,1.50,1.50
2012.03.27 03:29:28.979,1.2708,1.27093,1.13,1.50
2012.03.27 03:29:29.117,1.2708,1.27096,1.13,1.13
2012.03.27 03:29:29.185,1.2708,1.27093,1.13,1.50
2012.03.27 03:29:29.327,1.2708,1.27093,1.13,1.50
2012.03.27 03:29:29.460,1.2708,1.27086,1.13,1.50
2012.03.27 03:29:30.126,1.27073,1.27088,1.13,1.50
2012.03.27 03:29:30.201,1.27078,1.27094,2.25,1.50
2012.03.27 03:29:42.940,1.27078,1.27094,2.25,1.50
2012.03.27 03:29:43.550,1.27076,1.27094,2.25,1.50
2012.03.27 03:29:50.734,1.27079,1.27095,2.25,1.50
2012.03.27 03:29:50.982,1.27075,1.27093,1.50,1.50
2012.03.27 03:29:51.053,1.2708,1.27094,1.50,1.50
2012.03.27 03:29:51.892,1.2708,1.27095,1.50,2.25
2012.03.27 03:30:00.134,1.27077,1.27094,2.25,2.25
2012.03.27 03:30:00.673,1.27077,1.27094,1.50,2.25
2012.03.27 03:30:01.135,1.27078,1.27094,2.25,2.25
2012.03.27 03:30:02.204,1.27082,1.27094,1.50,1.50
2012.03.27 03:30:09.761,1.27082,1.27095,1.50,1.50
2012.03.27 03:30:09.833,1.27076,1.27095,2.25,1.50
2012.03.27 03:30:10.024,1.27082,1.27095,1.50,1.50
2012.03.27 03:30:10.625,1.27081,1.27097,2.25,1.50
2012.03.27 03:30:11.532,1.27075,1.27095,4.05,1.50
2012.03.27 03:30:13.506,1.27081,1.27097,2.25,3.30
2012.03.27 03:30:13.953,1.27079,1.27098,2.25,1.50
2012.03.27 03:30:14.373,1.2708,1.27098,2.25,1.50
2012.03.27 03:30:14.684,1.2708,1.27097,2.25,3.30
2012.03.27 03:30:14.751,1.2708,1.27098,2.25,1.50
2012.03.27 03:30:14.941,1.2708,1.27098,2.25,1.50
2012.03.27 03:30:16.513,1.27081,1.27099,2.25,2.25
2012.03.27 03:30:16.833,1.27087,1.27101,1.50,3.30
2012.03.27 03:30:17.193,1.27087,1.27101,1.50,1.50
2012.03.27 03:30:17.269,1.27092,1.27104,1.50,1.50
2012.03.27 03:30:20.536,1.27091,1.27104,1.50,1.50
2012.03.27 03:30:20.843,1.27087,1.27103,2.25,1.50
2012.03.27 03:30:20.911,1.27091,1.27105,1.50,1.50
2012.03.27 03:30:21.223,1.27089,1.27105,2.25,1.50
2012.03.27 03:30:21.411,1.27093,1.27105,1.50,1.50
2012.03.27 03:30:26.261,1.27093,1.27106,1.50,2.25
2012.03.27 03:30:26.868,1.27093,1.27107,2.25,1.50
2012.03.27 03:30:28.192,1.27093,1.27109,2.25,4.05
2012.03.27 03:30:29.100,1.27093,1.27109,1.50,1.50
2012.03.27 03:30:30.750,1.27095,1.27109,1.50,1.50
2012.03.27 03:30:31.104,1.27093,1.27109,1.50,1.50
2012.03.27 03:30:31.352,1.27093,1.27109,2.25,1.50
2012.03.27 03:30:31.541,1.27093,1.27114,2.31,1.50
2012.03.27 03:30:31.852,1.27099,1.27115,1.50,1.50
2012.03.27 03:30:32.412,1.271,1.27118,1.50,2.25
2012.03.27 03:30:34.188,1.27105,1.27118,1.50,1.50
2012.03.27 03:30:34.493,1.27107,1.27118,1.50,1.50
2012.03.27 03:30:34.844,1.27104,1.27118,1.50,1.50
2012.03.27 03:30:40.203,1.271,1.27125,1.50,1.50
2012.03.27 03:30:40.271,1.27098,1.27121,4.05,1.50
2012.03.27 03:30:42.761,1.27098,1.27121,4.65,1.50
2012.03.27 03:30:42.831,1.27098,1.27122,5.46,1.50
2012.03.27 03:30:42.903,1.27101,1.27122,1.50,1.50
2012.03.27 03:30:43.093,1.27101,1.27123,1.50,2.25
2012.03.27 03:30:44.735,1.27106,1.27122,1.50,1.50
2012.03.27 03:30:45.891,1.27107,1.27123,1.50,2.25
2012.03.27 03:30:46.200,1.27105,1.27123,1.50,2.25
2012.03.27 03:30:48.032,1.27104,1.27121,1.50,2.25
2012.03.27 03:30:48.287,1.27099,1.27117,2.25,1.50
2012.03.27 03:30:48.355,1.27101,1.27115,1.50,1.50
2012.03.27 03:30:48.483,1.27097,1.27115,2.25,1.50
2012.03.27 03:30:48.557,1.27097,1.27115,4.80,1.50
2012.03.27 03:30:48.924,1.27106,1.27118,1.50,1.50
2012.03.27 03:30:49.170,1.27103,1.27118,1.50,1.50
2012.03.27 03:30:49.664,1.27099,1.27118,1.50,1.50
2012.03.27 03:30:50.451,1.27101,1.27118,1.50,1.50
2012.03.27 03:30:56.531,1.27099,1.27118,1.50,1.50
2012.03.27 03:30:56.683,1.27096,1.27117,1.50,2.25
2012.03.27 03:31:03.022,1.27097,1.27117,1.50,2.25
2012.03.27 03:31:03.300,1.27095,1.27117,3.06,2.25
2012.03.27 03:31:03.379,1.27098,1.2712,4.80,1.50
2012.03.27 03:31:03.973,1.27099,1.2712,1.50,1.50
2012.03.27 03:31:06.021,1.27101,1.2712,1.50,1.50
2012.03.27 03:31:06.091,1.27101,1.2712,1.50,1.50
2012.03.27 03:31:06.652,1.27101,1.2712,1.50,1.50
2012.03.27 03:31:06.725,1.27099,1.27118,3.00,1.50
2012.03.27 03:31:06.853,1.27098,1.27118,2.55,1.50
2012.03.27 03:31:06.924,1.27098,1.27117,1.50,1.50
2012.03.27 03:31:07.055,1.27098,1.27117,1.50,1.50
2012.03.27 03:31:07.544,1.27098,1.27114,1.50,1.50
2012.03.27 03:31:07.996,1.27093,1.27113,1.50,3.30
2012.03.27 03:31:09.566,1.27097,1.27112,1.50,1.50
2012.03.27 03:31:10.246,1.27097,1.27113,1.50,2.55
2012.03.27 03:31:10.793,1.27093,1.27114,1.50,2.25
2012.03.27 03:31:13.462,1.27092,1.27112,2.25,1.50
2012.03.27 03:31:15.007,1.27092,1.27111,2.25,2.25
2012.03.27 03:31:15.202,1.27092,1.27108,2.25,2.55
2012.03.27 03:31:15.615,1.27094,1.27112,1.50,2.25
2012.03.27 03:31:17.353,1.27094,1.27112,2.25,2.25
2012.03.27 03:31:17.543,1.27094,1.2711,2.25,1.50
2012.03.27 03:31:17.831,1.27091,1.27108,2.25,2.55
2012.03.27 03:31:20.672,1.27089,1.27108,2.25,1.80
2012.03.27 03:31:20.804,1.27092,1.27111,2.25,1.50
2012.03.27 03:31:20.873,1.27094,1.27112,1.50,1.50
2012.03.27 03:31:21.181,1.27096,1.27113,1.50,2.25
2012.03.27 03:31:23.576,1.27096,1.27113,1.50,2.25
2012.03.27 03:31:24.321,1.27096,1.27111,1.50,1.50
2012.03.27 03:31:25.175,1.27096,1.27111,2.25,1.50
2012.03.27 03:31:25.315,1.27096,1.27114,3.06,2.55
2012.03.27 03:31:25.686,1.27104,1.27115,1.50,1.50
2012.03.27 03:31:26.295,1.2711,1.27124,1.50,3.00
2012.03.27 03:31:29.031,1.2711,1.27119,1.50,3.30
2012.03.27 03:31:29.103,1.27106,1.27119,1.50,3.30
2012.03.27 03:31:29.233,1.27106,1.27119,1.50,3.30
2012.03.27 03:31:29.307,1.27104,1.27119,1.50,1.50
2012.03.27 03:31:29.433,1.27097,1.27117,3.00,1.50
2012.03.27 03:31:29.871,1.27101,1.27121,1.50,2.25
2012.03.27 03:31:30.982,1.27101,1.2712,1.50,1.50
2012.03.27 03:31:31.331,1.27105,1.27119,1.50,3.30
2012.03.27 03:31:35.622,1.27104,1.27116,1.50,1.50
2012.03.27 03:31:35.871,1.27099,1.27116,1.50,1.50
2012.03.27 03:31:36.002,1.27096,1.27116,2.25,1.50
2012.03.27 03:31:36.071,1.27096,1.27116,2.25,2.25
2012.03.27 03:31:38.900,1.27094,1.27115,1.50,1.50
2012.03.27 03:31:39.153,1.271,1.2712,1.50,3.75
2012.03.27 03:31:39.581,1.271,1.2712,1.50,1.50
2012.03.27 03:31:39.711,1.27098,1.2712,1.50,1.50
2012.03.27 03:31:45.681,1.27105,1.2712,1.50,1.50
2012.03.27 03:31:46.381,1.27098,1.27116,1.50,1.50
2012.03.27 03:31:46.703,1.27097,1.2712,2.55,3.00
2012.03.27 03:31:46.831,1.27098,1.2712,1.50,1.50
2012.03.27 03:31:48.479,1.27098,1.27118,1.50,1.50
2012.03.27 03:31:48.662,1.27094,1.27118,2.25,3.30
2012.03.27 03:31:48.851,1.27096,1.27117,1.50,1.50
2012.03.27 03:31:54.720,1.27096,1.27115,1.50,1.50
2012.03.27 03:31:57.490,1.27095,1.27115,1.50,1.50
2012.03.27 03:31:58.340,1.27095,1.27112,1.50,1.50
2012.03.27 03:31:58.665,1.27095,1.27114,1.50,1.50
2012.03.27 03:32:00.034,1.27096,1.27114,1.50,1.50
2012.03.27 03:32:00.231,1.27095,1.27114,1.50,1.50
2012.03.27 03:32:00.693,1.27094,1.27112,1.50,1.50
2012.03.27 03:32:01.033,1.27089,1.27106,1.50,1.50
2012.03.27 03:32:01.176,1.27086,1.27106,3.75,1.50
2012.03.27 03:32:01.557,1.27087,1.27109,2.31,3.30
2012.03.27 03:32:01.626,1.27095,1.27112,1.50,1.50
2012.03.27 03:32:01.986,1.27095,1.27114,1.50,2.55
2012.03.27 03:32:02.112,1.27097,1.27114,1.50,2.55
2012.03.27 03:32:04.162,1.27102,1.27117,1.50,1.50
2012.03.27 03:32:04.291,1.27097,1.27116,1.50,2.25
2012.03.27 03:32:04.483,1.27099,1.27117,1.50,1.50
2012.03.27 03:32:05.452,1.27099,1.27117,1.50,1.50
2012.03.27 03:32:05.664,1.27092,1.27112,4.80,1.50
2012.03.27 03:32:06.232,1.27092,1.2711,2.25,1.80
2012.03.27 03:32:06.362,1.27092,1.27111,2.25,2.55
2012.03.27 03:32:21.082,1.27089,1.27108,2.25,1.50
2012.03.27 03:32:25.033,1.27088,1.27106,2.25,1.80
2012.03.27 03:32:26.093,1.27093,1.27106,1.50,1.80
2012.03.27 03:32:26.842,1.27091,1.27106,2.25,2.55
2012.03.27 03:32:30.324,1.27093,1.27106,1.50,2.55
2012.03.27 03:32:32.833,1.27093,1.27106,1.50,1.80
2012.03.27 03:32:35.082,1.27093,1.27106,1.50,2.55
2012.03.27 03:32:35.632,1.27092,1.27106,2.25,2.55
2012.03.27 03:32:39.293,1.27092,1.27106,2.25,1.80
2012.03.27 03:32:39.364,1.2709,1.27108,1.50,2.25
2012.03.27 03:32:44.131,1.27088,1.27108,2.25,2.25
2012.03.27 03:32:44.433,1.27093,1.27106,1.50,3.30
2012.03.27 03:32:44.857,1.27086,1.27099,2.25,1.50
2012.03.27 03:32:44.933,1.27075,1.27094,2.25,1.80
2012.03.27 03:32:45.007,1.27079,1.27094,1.50,1.80
2012.03.27 03:32:45.611,1.27079,1.27094,1.50,2.55
2012.03.27 03:32:48.272,1.27077,1.27094,1.50,2.55
2012.03.27 03:32:48.781,1.27079,1.27094,1.50,2.55
2012.03.27 03:32:49.183,1.27077,1.27094,1.50,2.55
2012.03.27 03:33:13.320,1.27077,1.27094,2.25,1.80
2012.03.27 03:33:14.008,1.27077,1.27094,1.50,2.55
2012.03.27 03:33:14.973,1.27075,1.27094,2.25,2.55
2012.03.27 03:33:15.730,1.27075,1.27094,1.50,2.55
2012.03.27 03:33:16.114,1.27075,1.27092,1.50,1.50
2012.03.27 03:33:19.025,1.27077,1.27092,1.50,1.50
2012.03.27 03:33:33.801,1.27075,1.27092,1.50,1.50
2012.03.27 03:33:35.689,1.27077,1.27092,1.50,1.50
2012.03.27 03:33:40.360,1.27077,1.27092,1.50,1.50
2012.03.27 03:33:40.675,1.27075,1.27086,1.50,1.80
2012.03.27 03:33:40.745,1.27073,1.27092,1.50,3.00
2012.03.27 03:33:40.939,1.27071,1.27091,2.25,3.00
2012.03.27 03:33:41.015,1.27071,1.27087,2.25,1.80
2012.03.27 03:33:41.288,1.27072,1.27089,1.50,1.50
2012.03.27 03:33:41.663,1.27076,1.27092,1.50,2.25
2012.03.27 03:33:42.120,1.27076,1.27094,1.50,3.00
2012.03.27 03:33:47.810,1.27075,1.27094,1.50,3.00
2012.03.27 03:33:47.885,1.27075,1.27088,1.50,1.50
2012.03.27 03:33:48.358,1.27073,1.27085,1.50,1.50
2012.03.27 03:33:50.175,1.27074,1.27086,1.50,1.50
2012.03.27 03:33:50.436,1.27073,1.27094,1.50,4.05
2012.03.27 03:33:50.508,1.27073,1.27094,1.50,3.30
2012.03.27 03:33:50.575,1.27073,1.2709,1.50,1.50
2012.03.27 03:33:51.111,1.27072,1.2709,1.50,1.50
2012.03.27 03:33:52.142,1.27072,1.27091,1.50,1.50
2012.03.27 03:33:57.970,1.27072,1.27089,1.50,1.50
2012.03.27 03:34:01.111,1.27072,1.27089,1.50,1.50
2012.03.27 03:34:02.051,1.27072,1.27092,1.50,1.50
2012.03.27 03:34:07.821,1.27074,1.27093,2.25,1.50
2012.03.27 03:34:09.861,1.27076,1.27093,1.50,1.50
2012.03.27 03:34:10.848,1.27076,1.27094,2.25,2.55
2012.03.27 03:34:11.514,1.27076,1.27095,3.00,2.55
2012.03.27 03:34:12.199,1.27078,1.27096,1.50,2.55
2012.03.27 03:34:13.091,1.27076,1.27094,1.50,1.50
2012.03.27 03:34:37.143,1.27077,1.27097,3.00,2.25
2012.03.27 03:34:37.331,1.2708,1.27099,1.50,3.30
2012.03.27 03:34:37.882,1.27082,1.27099,1.50,2.55
2012.03.27 03:34:37.982,1.2708,1.27099,1.50,2.55
2012.03.27 03:34:38.932,1.27078,1.27097,1.50,2.25
2012.03.27 03:34:39.858,1.27077,1.27097,2.25,2.25
2012.03.27 03:34:39.929,1.27077,1.27097,2.25,2.25
2012.03.27 03:34:40.315,1.27075,1.27092,1.50,1.50
2012.03.27 03:34:40.690,1.27072,1.27091,1.50,2.55
2012.03.27 03:34:40.824,1.27069,1.27089,3.38,1.50
2012.03.27 03:34:40.900,1.27074,1.27092,1.50,3.00
2012.03.27 03:34:41.235,1.27074,1.27094,1.50,2.25
2012.03.27 03:34:41.481,1.27075,1.27095,2.25,2.25
2012.03.27 03:34:44.896,1.27076,1.27097,3.00,2.55
2012.03.27 03:34:45.275,1.27086,1.27103,1.50,1.50
2012.03.27 03:34:47.030,1.27084,1.27103,2.25,3.30
2012.03.27 03:34:51.161,1.27086,1.27103,1.50,3.30
2012.03.27 03:34:52.078,1.27085,1.27103,1.50,1.50
2012.03.27 03:34:52.266,1.27083,1.27103,2.25,3.30
2012.03.27 03:34:52.669,1.2709,1.27103,1.50,3.30
2012.03.27 03:34:53.088,1.2708,1.27101,2.25,1.50
2012.03.27 03:34:54.263,1.2708,1.27101,2.25,1.50
2012.03.27 03:34:55.244,1.2708,1.27101,2.25,1.50
2012.03.27 03:34:55.375,1.2708,1.27096,1.50,1.80
2012.03.27 03:34:55.691,1.27076,1.27096,1.50,1.80
2012.03.27 03:34:57.058,1.27078,1.27096,2.25,1.80
2012.03.27 03:35:05.234,1.27078,1.27096,2.25,2.55
2012.03.27 03:35:09.061,1.27078,1.27096,2.25,2.55
2012.03.27 03:35:09.781,1.2708,1.27096,1.50,2.55
2012.03.27 03:35:28.682,1.2708,1.27096,2.25,1.80
2012.03.27 03:35:30.674,1.27084,1.27096,1.50,1.80
2012.03.27 03:35:31.234,1.27082,1.27096,2.25,1.80
2012.03.27 03:35:32.421,1.27082,1.27096,1.50,1.80
2012.03.27 03:35:33.068,1.27082,1.27096,1.50,2.55
2012.03.27 03:35:33.432,1.27082,1.27101,1.50,1.50
2012.03.27 03:35:33.685,1.27084,1.27101,1.50,1.50
2012.03.27 03:35:34.043,1.27086,1.27103,1.50,2.55
2012.03.27 03:35:34.113,1.27084,1.27103,1.50,2.55
2012.03.27 03:35:35.193,1.27086,1.27103,1.50,2.55
2012.03.27 03:35:35.992,1.27086,1.27103,1.50,2.55
2012.03.27 03:35:41.659,1.27086,1.27103,1.50,2.55
2012.03.27 03:35:45.456,1.27086,1.27103,1.50,2.55
2012.03.27 03:35:45.530,1.27084,1.27097,1.50,2.55
2012.03.27 03:35:46.372,1.27081,1.27097,1.50,2.55
2012.03.27 03:35:46.621,1.27084,1.27097,1.50,2.55
2012.03.27 03:35:46.968,1.27069,1.27084,3.00,3.00
2012.03.27 03:35:47.299,1.27069,1.2708,1.50,1.50
2012.03.27 03:35:47.656,1.27069,1.2708,1.50,1.50
2012.03.27 03:35:47.797,1.27069,1.27084,1.50,4.05
2012.03.27 03:35:48.232,1.27064,1.27084,2.25,5.55
2012.03.27 03:35:49.881,1.27065,1.27084,2.25,4.05
2012.03.27 03:35:50.713,1.27066,1.27087,1.50,3.00
2012.03.27 03:35:51.034,1.27066,1.27087,1.50,1.50
2012.03.27 03:35:51.168,1.27066,1.27084,1.50,1.50
2012.03.27 03:35:51.236,1.27068,1.27086,1.50,2.25
2012.03.27 03:35:51.543,1.27068,1.27084,1.50,1.50
2012.03.27 03:35:53.647,1.2707,1.27084,1.50,1.50
2012.03.27 03:35:53.895,1.2707,1.27088,1.50,1.50
2012.03.27 03:35:53.966,1.27068,1.27083,2.25,1.50
2012.03.27 03:35:55.214,1.27068,1.27083,1.50,1.50
2012.03.27 03:35:55.285,1.27068,1.27087,1.50,1.50
2012.03.27 03:35:55.472,1.27065,1.27085,1.50,1.50
2012.03.27 03:35:56.115,1.27065,1.27087,3.00,2.25
2012.03.27 03:35:57.693,1.27066,1.27084,1.50,1.50
2012.03.27 03:35:57.764,1.27066,1.27088,3.00,2.25
2012.03.27 03:35:57.894,1.27071,1.2709,1.50,1.50
2012.03.27 03:35:58.141,1.27069,1.27089,1.50,3.75
2012.03.27 03:35:58.892,1.27066,1.27082,1.50,1.50
2012.03.27 03:35:58.961,1.27066,1.27085,1.50,1.50
2012.03.27 03:36:01.903,1.27066,1.27087,3.00,1.50
2012.03.27 03:36:07.494,1.27066,1.27086,1.50,2.25
2012.03.27 03:36:07.920,1.27066,1.27079,1.50,1.50
2012.03.27 03:36:10.787,1.27066,1.27079,1.50,2.25
2012.03.27 03:36:11.112,1.27059,1.27072,1.50,1.50
2012.03.27 03:36:11.244,1.27059,1.27077,1.50,1.50
2012.03.27 03:36:11.733,1.27064,1.27081,1.50,1.45
2012.03.27 03:36:12.044,1.27058,1.27074,2.25,1.50
2012.03.27 03:36:12.356,1.27058,1.27071,1.50,1.50
2012.03.27 03:36:12.646,1.27064,1.27079,2.55,2.25
2012.03.27 03:36:13.017,1.27062,1.2708,2.25,1.50
2012.03.27 03:36:13.086,1.27058,1.27076,1.50,1.50
2012.03.27 03:36:13.610,1.27058,1.27072,1.50,1.50
2012.03.27 03:36:16.515,1.27059,1.27076,1.50,1.50
2012.03.27 03:36:17.303,1.27059,1.27076,1.50,1.50
2012.03.27 03:36:20.042,1.27059,1.27076,1.50,1.50
2012.03.27 03:36:20.958,1.27059,1.27076,1.50,1.50
2012.03.27 03:36:21.422,1.27061,1.27075,2.25,1.05
2012.03.27 03:36:21.553,1.27058,1.27076,1.50,1.05
2012.03.27 03:36:21.769,1.27059,1.27076,2.55,1.50
2012.03.27 03:36:21.899,1.27059,1.27072,1.80,1.50
2012.03.27 03:36:22.203,1.27054,1.27072,1.56,1.50
2012.03.27 03:36:22.566,1.27058,1.27078,1.50,2.25
2012.03.27 03:36:22.638,1.27063,1.27078,1.50,2.25
2012.03.27 03:36:23.712,1.27064,1.27078,1.50,2.25
2012.03.27 03:36:24.241,1.27064,1.27078,1.50,2.25
2012.03.27 03:36:24.622,1.27068,1.27078,1.50,1.50
2012.03.27 03:36:24.694,1.27066,1.27078,1.50,1.50
2012.03.27 03:36:24.766,1.27061,1.27081,1.50,2.25
2012.03.27 03:36:24.836,1.27061,1.27081,1.50,2.25
2012.03.27 03:36:24.903,1.27056,1.27076,3.00,1.50
2012.03.27 03:36:25.162,1.27058,1.27078,2.25,1.50
2012.03.27 03:36:25.722,1.27059,1.27079,2.25,2.25
2012.03.27 03:36:26.535,1.27059,1.27079,2.25,3.00
2012.03.27 03:36:26.924,1.2706,1.27079,3.00,1.50
2012.03.27 03:36:27.744,1.27059,1.27079,3.00,1.50
2012.03.27 03:36:27.949,1.27059,1.27077,3.30,1.50
2012.03.27 03:36:28.272,1.27061,1.27077,1.50,1.50
2012.03.27 03:36:28.724,1.27059,1.27077,2.55,1.50
2012.03.27 03:36:28.798,1.27059,1.27081,4.05,3.75
2012.03.27 03:36:28.924,1.27059,1.2708,2.25,1.50
2012.03.27 03:36:30.084,1.27061,1.2708,1.50,1.50
2012.03.27 03:36:30.356,1.27053,1.27073,2.25,4.05
2012.03.27 03:36:30.677,1.27053,1.27071,3.00,1.80
2012.03.27 03:36:31.184,1.27054,1.27074,2.25,2.25
2012.03.27 03:36:31.533,1.27051,1.27073,3.00,2.25
2012.03.27 03:36:34.534,1.27051,1.2707,2.25,1.50
2012.03.27 03:36:34.844,1.27058,1.27075,1.50,1.50
2012.03.27 03:36:34.973,1.27051,1.27073,5.55,2.25
2012.03.27 03:36:35.043,1.27051,1.2707,4.05,1.50
2012.03.27 03:36:35.576,1.27053,1.27071,1.50,1.50
2012.03.27 03:36:35.886,1.27057,1.27071,3.30,1.50
2012.03.27 03:36:35.953,1.27057,1.27077,4.80,1.50
2012.03.27 03:36:36.024,1.27057,1.27075,3.30,1.50
2012.03.27 03:36:37.560,1.27057,1.27074,1.50,1.50
2012.03.27 03:36:38.205,1.27057,1.27074,1.50,1.50
2012.03.27 03:36:44.326,1.27058,1.27075,1.50,1.50
2012.03.27 03:36:44.406,1.27058,1.27076,1.50,1.50
2012.03.27 03:36:44.902,1.27058,1.27078,1.50,2.25
2012.03.27 03:36:46.602,1.27058,1.27079,3.00,1.50
2012.03.27 03:36:46.911,1.27064,1.27079,1.50,1.50
2012.03.27 03:36:47.234,1.27061,1.2708,2.25,1.50
2012.03.27 03:36:47.623,1.27058,1.27077,1.50,1.50
2012.03.27 03:36:47.795,1.27058,1.27079,1.50,3.00
2012.03.27 03:36:48.114,1.27056,1.27072,1.50,1.50
2012.03.27 03:36:48.184,1.27053,1.27072,2.25,1.50
2012.03.27 03:36:48.258,1.27053,1.2707,2.25,1.50
2012.03.27 03:36:48.945,1.27053,1.27073,2.25,1.50
2012.03.27 03:36:49.455,1.27053,1.27072,1.50,1.50
2012.03.27 03:36:50.397,1.27052,1.27071,3.30,1.50
2012.03.27 03:36:50.855,1.27049,1.27071,3.00,3.00
2012.03.27 03:36:51.223,1.27052,1.27068,1.50,1.50
2012.03.27 03:36:52.218,1.2705,1.27068,2.25,1.50
2012.03.27 03:36:53.731,1.2705,1.27068,2.25,1.50
2012.03.27 03:36:58.634,1.2705,1.27069,2.25,1.50
2012.03.27 03:36:58.893,1.27052,1.27064,1.80,1.50
2012.03.27 03:36:59.083,1.27053,1.2707,1.50,1.50
2012.03.27 03:36:59.153,1.27053,1.2707,1.50,1.50
2012.03.27 03:36:59.229,1.27059,1.27075,1.50,1.50
2012.03.27 03:36:59.494,1.27053,1.27073,2.25,2.25
2012.03.27 03:37:00.836,1.27055,1.27073,2.25,1.50
2012.03.27 03:37:01.382,1.27055,1.27072,1.50,1.50
2012.03.27 03:37:04.902,1.2705,1.27066,1.50,1.50
2012.03.27 03:37:05.213,1.27056,1.27071,1.50,1.50
2012.03.27 03:37:05.282,1.2705,1.27068,1.50,1.50
2012.03.27 03:37:05.354,1.27052,1.27071,1.50,1.50
2012.03.27 03:37:06.524,1.2705,1.2707,2.25,1.50
2012.03.27 03:37:07.944,1.27051,1.27071,2.25,1.50
2012.03.27 03:37:09.104,1.27054,1.27071,1.50,1.50
2012.03.27 03:37:10.911,1.27052,1.27071,1.50,1.50
2012.03.27 03:37:13.841,1.27053,1.27071,1.50,1.50
2012.03.27 03:37:14.252,1.27053,1.27071,1.50,1.50
2012.03.27 03:37:15.024,1.27051,1.27071,2.25,1.50
2012.03.27 03:37:15.161,1.27054,1.27071,1.50,1.50
2012.03.27 03:37:15.760,1.27054,1.27067,1.50,1.50
2012.03.27 03:37:15.838,1.27047,1.27067,2.25,1.50
2012.03.27 03:37:15.962,1.27047,1.27066,2.25,3.30
2012.03.27 03:37:16.722,1.27046,1.27063,1.50,1.50
2012.03.27 03:37:17.924,1.27044,1.27064,2.25,2.25
2012.03.27 03:37:18.081,1.27044,1.27064,2.25,3.00
2012.03.27 03:37:18.644,1.27046,1.27054,2.25,1.80
2012.03.27 03:37:18.974,1.27035,1.27053,1.88,1.50
2012.03.27 03:37:19.225,1.27035,1.27052,1.50,1.50
2012.03.27 03:37:21.133,1.27034,1.27052,1.50,2.25
2012.03.27 03:37:21.700,1.27033,1.2705,3.30,1.50
2012.03.27 03:37:23.003,1.27037,1.2705,1.50,1.50
2012.03.27 03:37:23.071,1.27037,1.27052,1.50,1.50
2012.03.27 03:37:23.382,1.27038,1.27053,1.50,2.25
2012.03.27 03:37:24.034,1.27041,1.27055,2.55,1.50
2012.03.27 03:37:24.365,1.27041,1.27058,2.55,2.25
2012.03.27 03:37:25.128,1.27041,1.27056,2.55,1.50
2012.03.27 03:37:26.189,1.27041,1.27056,2.55,1.50
2012.03.27 03:37:26.622,1.27043,1.27062,2.25,1.50
2012.03.27 03:37:26.691,1.27043,1.27062,2.25,1.50
2012.03.27 03:37:27.092,1.27042,1.27061,1.50,2.25
2012.03.27 03:37:28.321,1.27041,1.27058,2.55,1.50
2012.03.27 03:37:28.836,1.27041,1.2706,2.55,2.25
2012.03.27 03:37:32.377,1.27041,1.27061,2.55,2.25
2012.03.27 03:37:32.899,1.27041,1.27061,2.55,2.25
2012.03.27 03:37:33.523,1.27041,1.27058,2.55,1.50
2012.03.27 03:37:34.997,1.27044,1.27058,1.35,1.50
2012.03.27 03:37:35.342,1.27054,1.27065,1.80,2.25
2012.03.27 03:37:35.414,1.27054,1.27065,1.80,1.50
2012.03.27 03:37:35.603,1.27054,1.27067,1.80,1.50
2012.03.27 03:37:35.853,1.27054,1.2707,1.80,2.25
2012.03.27 03:37:38.697,1.27054,1.27066,1.80,1.50
2012.03.27 03:37:42.861,1.27054,1.27068,1.80,1.50
2012.03.27 03:37:50.948,1.27054,1.27072,2.40,2.25
2012.03.27 03:37:51.045,1.27054,1.27074,3.30,1.50
2012.03.27 03:37:56.581,1.27053,1.2707,2.25,1.50
2012.03.27 03:38:00.743,1.27053,1.27068,1.50,1.50
2012.03.27 03:38:01.922,1.27053,1.2707,1.50,1.50
2012.03.27 03:38:03.865,1.27053,1.27067,1.50,1.50
2012.03.27 03:38:04.416,1.27054,1.27066,1.50,1.50
2012.03.27 03:38:04.605,1.27052,1.27068,1.50,1.50
2012.03.27 03:38:04.853,1.27052,1.2707,1.50,1.50
2012.03.27 03:38:07.082,1.27052,1.27068,1.50,1.50
2012.03.27 03:38:10.930,1.27052,1.27065,1.50,2.55
2012.03.27 03:38:11.066,1.27045,1.27063,1.50,2.25
2012.03.27 03:38:11.149,1.27045,1.27056,1.50,1.50
2012.03.27 03:38:11.396,1.27045,1.2706,1.50,1.50
2012.03.27 03:38:12.044,1.27047,1.27058,1.50,1.50
2012.03.27 03:38:12.357,1.27044,1.27061,4.05,1.50
2012.03.27 03:38:12.622,1.27044,1.27059,4.05,1.50
2012.03.27 03:38:14.772,1.27044,1.27061,4.05,1.50
2012.03.27 03:38:15.353,1.27044,1.27061,4.05,1.50
2012.03.27 03:38:15.422,1.27044,1.27064,5.55,1.50
2012.03.27 03:38:16.612,1.27044,1.27064,5.55,1.50
2012.03.27 03:38:17.123,1.27044,1.27062,4.05,1.50
2012.03.27 03:38:20.931,1.27044,1.2706,4.05,1.50
2012.03.27 03:38:22.552,1.27044,1.2706,4.05,1.50
2012.03.27 03:38:23.205,1.27044,1.2706,2.25,1.50
2012.03.27 03:38:23.276,1.27044,1.27062,4.05,1.50
2012.03.27 03:38:23.347,1.27044,1.2706,4.05,1.50
2012.03.27 03:38:26.852,1.27044,1.27062,4.05,1.50
2012.03.27 03:38:27.413,1.27045,1.27063,1.50,1.50
2012.03.27 03:38:27.633,1.27047,1.27063,1.50,1.50
2012.03.27 03:38:28.002,1.2705,1.27061,1.50,1.50
2012.03.27 03:38:28.071,1.2705,1.27063,1.50,1.50
2012.03.27 03:38:28.812,1.2705,1.27062,1.50,1.50
2012.03.27 03:38:29.592,1.2705,1.27063,1.50,1.50
2012.03.27 03:38:37.504,1.2705,1.27061,1.50,1.50
2012.03.27 03:38:39.033,1.2705,1.27063,1.50,1.50
2012.03.27 03:38:39.106,1.2705,1.27066,1.50,1.50
2012.03.27 03:38:39.236,1.27047,1.27064,1.50,1.50
2012.03.27 03:38:49.722,1.27047,1.27066,2.25,1.80
2012.03.27 03:38:49.793,1.27047,1.27066,2.25,2.55
2012.03.27 03:38:50.685,1.27046,1.27066,1.50,2.55
2012.03.27 03:38:50.886,1.27052,1.27067,1.50,1.50
2012.03.27 03:38:51.337,1.27054,1.27073,2.25,2.25
2012.03.27 03:38:51.686,1.27054,1.2707,1.50,1.50
2012.03.27 03:38:52.325,1.27053,1.27071,3.30,1.50
2012.03.27 03:38:52.894,1.27053,1.27069,1.50,1.50
2012.03.27 03:38:53.158,1.27053,1.27069,1.50,1.50
2012.03.27 03:38:54.072,1.27053,1.27071,1.50,1.50
2012.03.27 03:38:54.389,1.27054,1.27069,1.50,1.50
2012.03.27 03:38:57.262,1.27053,1.27069,1.50,1.50
2012.03.27 03:38:58.633,1.27048,1.27065,1.50,1.50
2012.03.27 03:38:58.766,1.2705,1.2707,2.25,1.50
2012.03.27 03:38:59.078,1.27048,1.27066,1.50,2.25
2012.03.27 03:38:59.142,1.27044,1.27061,2.55,1.50
2012.03.27 03:38:59.963,1.27047,1.27064,1.50,1.50
2012.03.27 03:39:00.350,1.27048,1.27062,1.50,1.50
2012.03.27 03:39:00.963,1.27047,1.27062,1.50,1.50
2012.03.27 03:39:02.962,1.27046,1.27065,1.50,1.50
2012.03.27 03:39:09.192,1.27048,1.27065,1.50,1.50
2012.03.27 03:39:09.502,1.27048,1.27065,3.00,1.50
2012.03.27 03:39:14.964,1.27052,1.27062,1.50,1.50
2012.03.27 03:39:15.237,1.27052,1.27068,1.50,1.50
2012.03.27 03:39:15.493,1.27052,1.27071,1.50,2.25
2012.03.27 03:39:15.565,1.27052,1.27067,1.50,1.50
2012.03.27 03:39:15.757,1.27052,1.27071,1.50,2.25
2012.03.27 03:39:15.824,1.27052,1.27071,1.50,1.50
2012.03.27 03:39:16.385,1.27054,1.27072,2.25,1.50
2012.03.27 03:39:20.482,1.27059,1.27074,1.50,1.50
2012.03.27 03:39:20.613,1.27051,1.27073,2.31,1.50
2012.03.27 03:39:20.743,1.27059,1.27076,1.50,1.50
2012.03.27 03:39:20.814,1.2705,1.2707,3.75,1.50
2012.03.27 03:39:22.980,1.2705,1.27066,2.25,1.20
2012.03.27 03:39:23.198,1.27042,1.2706,1.50,3.30
2012.03.27 03:39:23.590,1.27049,1.27061,1.50,1.50
2012.03.27 03:39:23.675,1.27039,1.27058,1.50,2.25
2012.03.27 03:39:26.014,1.27039,1.27058,2.55,2.25
2012.03.27 03:39:26.274,1.27037,1.27059,3.00,3.38
2012.03.27 03:39:28.752,1.27037,1.27056,2.25,2.25
2012.03.27 03:39:29.446,1.2704,1.27059,2.25,1.50
2012.03.27 03:39:30.672,1.27039,1.27058,2.55,2.25
2012.03.27 03:39:39.412,1.27039,1.27059,1.50,1.50
2012.03.27 03:39:39.483,1.27037,1.27057,2.25,2.25
2012.03.27 03:39:43.994,1.27038,1.27059,1.50,1.88
2012.03.27 03:39:44.312,1.27036,1.27058,3.00,2.25
2012.03.27 03:39:46.884,1.27036,1.27058,3.00,2.25
2012.03.27 03:39:49.751,1.27036,1.27055,1.50,2.25
2012.03.27 03:39:50.301,1.27035,1.27051,2.25,1.50
2012.03.27 03:39:54.161,1.27037,1.27053,1.50,2.25
2012.03.27 03:39:57.832,1.27037,1.27052,2.25,1.50
2012.03.27 03:39:58.812,1.27037,1.27056,2.25,2.25
2012.03.27 03:40:02.995,1.27036,1.27056,1.50,3.00
2012.03.27 03:40:03.064,1.27044,1.27056,1.50,1.50
2012.03.27 03:40:03.256,1.2704,1.27054,1.50,1.50
2012.03.27 03:40:03.322,1.27038,1.27054,1.50,1.50
2012.03.27 03:40:03.593,1.27036,1.27054,1.50,1.50
2012.03.27 03:40:03.662,1.27039,1.27054,1.50,1.50
2012.03.27 03:40:03.912,1.27037,1.27054,1.50,2.79
2012.03.27 03:40:03.982,1.27037,1.27054,1.50,2.79
2012.03.27 03:40:04.217,1.27035,1.27054,1.50,2.79
2012.03.27 03:40:05.463,1.27038,1.27054,1.50,2.25
2012.03.27 03:40:05.563,1.27035,1.27054,1.50,2.25
2012.03.27 03:40:06.102,1.27035,1.27054,1.50,2.79
2012.03.27 03:40:07.491,1.27037,1.27054,1.50,2.04
2012.03.27 03:40:07.622,1.27037,1.27054,1.50,2.04
2012.03.27 03:40:08.052,1.27035,1.27054,2.25,1.50
2012.03.27 03:40:08.592,1.27035,1.27057,2.25,2.25
2012.03.27 03:40:11.100,1.27035,1.27057,2.25,2.25
2012.03.27 03:40:11.433,1.27043,1.27058,1.50,1.50
2012.03.27 03:40:11.565,1.27037,1.27058,2.25,1.50
2012.03.27 03:40:12.363,1.27036,1.27055,2.55,2.25
2012.03.27 03:40:12.534,1.27036,1.27055,2.55,2.25
2012.03.27 03:40:14.345,1.27036,1.27056,3.30,1.50
2012.03.27 03:40:14.414,1.27038,1.27056,1.50,1.50
2012.03.27 03:40:14.484,1.27036,1.27056,1.50,1.50
2012.03.27 03:40:14.989,1.27037,1.27056,1.50,2.04
2012.03.27 03:40:15.429,1.27033,1.27052,1.50,1.50
2012.03.27 03:40:15.506,1.27033,1.27052,1.50,2.25
2012.03.27 03:40:15.979,1.27037,1.27054,1.50,1.50
2012.03.27 03:40:16.708,1.27038,1.27058,1.50,3.00
2012.03.27 03:40:16.966,1.27033,1.27053,4.80,2.25
2012.03.27 03:40:18.545,1.27033,1.27053,4.80,2.25
2012.03.27 03:40:19.426,1.27034,1.27054,3.30,2.25
2012.03.27 03:40:19.949,1.27035,1.2705,1.50,1.66
2012.03.27 03:40:20.275,1.27023,1.2704,1.50,1.50
2012.03.27 03:40:20.784,1.27022,1.27042,4.80,1.50
2012.03.27 03:40:21.224,1.27023,1.27045,4.80,3.00
2012.03.27 03:40:21.771,1.27023,1.27039,2.55,1.45
2012.03.27 03:40:21.917,1.27024,1.27041,2.25,1.50
2012.03.27 03:40:21.990,1.27015,1.27028,1.80,1.50
2012.03.27 03:40:22.312,1.27015,1.27035,2.55,1.50
2012.03.27 03:40:22.393,1.27018,1.27032,1.50,1.50
2012.03.27 03:40:22.522,1.27018,1.27037,1.50,2.25
2012.03.27 03:40:22.834,1.27018,1.27037,1.50,2.25
2012.03.27 03:40:23.997,1.27019,1.27037,1.50,2.25
2012.03.27 03:40:24.905,1.27018,1.27037,1.50,2.25
2012.03.27 03:40:25.670,1.27017,1.27036,1.50,1.50
2012.03.27 03:40:25.999,1.27021,1.27038,3.30,2.25
2012.03.27 03:40:26.504,1.27021,1.27038,1.50,3.00
2012.03.27 03:40:28.934,1.27019,1.27038,1.50,2.25
2012.03.27 03:40:29.495,1.2702,1.27042,3.00,3.00
2012.03.27 03:40:29.814,1.27022,1.27043,2.25,1.50
2012.03.27 03:40:30.444,1.27023,1.27043,3.00,2.25
2012.03.27 03:40:32.132,1.27024,1.27043,2.25,1.50
2012.03.27 03:40:35.001,1.27025,1.27043,1.50,1.50
2012.03.27 03:40:36.403,1.27024,1.27042,3.30,1.50
2012.03.27 03:40:38.035,1.27021,1.27042,2.25,2.25
2012.03.27 03:40:38.296,1.27026,1.27044,1.50,2.25
2012.03.27 03:40:38.367,1.27024,1.27044,2.25,3.75
2012.03.27 03:40:38.632,1.27026,1.27044,1.50,2.25
2012.03.27 03:40:39.348,1.27026,1.27044,1.50,1.50
2012.03.27 03:40:39.692,1.27028,1.27044,1.50,1.50
2012.03.27 03:40:39.823,1.27024,1.27044,3.00,1.50
2012.03.27 03:40:40.405,1.27021,1.27041,3.00,2.25
2012.03.27 03:40:41.233,1.27022,1.27041,1.50,2.25
2012.03.27 03:40:41.548,1.27023,1.27041,1.50,2.25
2012.03.27 03:40:41.882,1.27023,1.27041,1.50,2.25
2012.03.27 03:40:44.505,1.27023,1.2704,1.50,1.50
2012.03.27 03:40:44.579,1.27023,1.27043,3.75,3.00
2012.03.27 03:40:44.714,1.27026,1.27043,1.80,2.25
2012.03.27 03:40:44.788,1.27026,1.27043,1.80,3.00
2012.03.27 03:40:44.855,1.27025,1.27043,2.25,3.30
2012.03.27 03:40:44.997,1.27021,1.27037,1.50,1.50
2012.03.27 03:40:45.313,1.27022,1.27034,2.55,1.50
2012.03.27 03:40:45.444,1.27017,1.27037,2.25,2.25
2012.03.27 03:40:45.874,1.27017,1.27035,1.50,1.29
2012.03.27 03:40:46.294,1.27017,1.27031,1.50,1.50
2012.03.27 03:40:46.794,1.27015,1.27029,2.25,1.50
2012.03.27 03:40:47.376,1.27019,1.27036,1.50,2.04
2012.03.27 03:40:47.447,1.27013,1.27031,2.25,1.50
2012.03.27 03:40:47.976,1.27015,1.27034,1.50,1.50
2012.03.27 03:40:48.487,1.27013,1.27033,3.75,2.25
2012.03.27 03:40:51.026,1.27013,1.27033,3.00,2.25
2012.03.27 03:40:52.235,1.2701,1.27031,3.00,1.50
2012.03.27 03:40:52.665,1.27006,1.27024,1.50,1.50
2012.03.27 03:40:52.804,1.27006,1.27024,1.50,1.50
2012.03.27 03:40:53.310,1.27005,1.27023,1.50,2.25
2012.03.27 03:40:54.727,1.27006,1.27025,1.50,1.29
2012.03.27 03:40:54.798,1.27008,1.27025,1.50,1.29
2012.03.27 03:40:55.110,1.2701,1.27029,1.50,3.54
2012.03.27 03:40:55.435,1.27008,1.27028,2.25,2.79
2012.03.27 03:40:55.944,1.27006,1.27027,2.25,2.25
2012.03.27 03:40:56.648,1.27008,1.27028,1.50,2.79
2012.03.27 03:40:59.260,1.27008,1.27028,2.25,2.25
2012.03.27 03:40:59.402,1.27011,1.27029,2.55,1.88
2012.03.27 03:41:00.492,1.27011,1.27028,2.55,2.25
2012.03.27 03:41:00.633,1.27008,1.27025,1.50,2.55
2012.03.27 03:41:01.322,1.27008,1.27023,1.50,1.29
2012.03.27 03:41:01.664,1.27014,1.27027,1.50,1.29
2012.03.27 03:41:01.804,1.27014,1.27027,1.50,1.29
2012.03.27 03:41:01.873,1.2701,1.27027,4.05,1.29
2012.03.27 03:41:02.648,1.2701,1.27028,4.80,1.29
2012.03.27 03:41:03.696,1.2701,1.27028,4.05,2.79
2012.03.27 03:41:04.062,1.27009,1.27025,2.25,2.41
2012.03.27 03:41:04.613,1.27009,1.27023,1.50,1.29
2012.03.27 03:41:05.993,1.27009,1.27024,1.50,1.29
2012.03.27 03:41:06.654,1.27009,1.27024,1.50,1.29
2012.03.27 03:41:07.285,1.27011,1.27024,1.50,1.29
2012.03.27 03:41:07.534,1.27011,1.27024,1.50,1.29
2012.03.27 03:41:08.073,1.27008,1.27025,2.25,1.80
2012.03.27 03:41:12.005,1.27016,1.27025,1.50,1.80
2012.03.27 03:41:12.323,1.27018,1.27029,1.50,1.50
2012.03.27 03:41:13.195,1.27008,1.2703,2.25,3.00
2012.03.27 03:41:16.667,1.27007,1.27026,1.50,1.50
2012.03.27 03:41:28.062,1.27013,1.2703,1.50,1.50
2012.03.27 03:41:28.611,1.2701,1.2703,2.25,1.50
2012.03.27 03:41:31.034,1.27007,1.27028,1.50,1.50
2012.03.27 03:41:34.793,1.2701,1.2703,2.25,1.50
2012.03.27 03:41:38.582,1.27013,1.2703,1.50,1.50
2012.03.27 03:41:39.257,1.27012,1.2703,2.25,1.50
2012.03.27 03:41:46.095,1.27008,1.27028,1.50,1.50
2012.03.27 03:41:46.442,1.27008,1.27026,1.50,1.50
2012.03.27 03:41:53.813,1.27008,1.27024,1.50,1.50
2012.03.27 03:41:54.183,1.27004,1.27021,1.50,1.50
2012.03.27 03:41:54.746,1.27009,1.27023,2.25,1.80
2012.03.27 03:41:57.597,1.27009,1.27023,1.50,1.80
2012.03.27 03:41:57.966,1.27009,1.27021,1.50,1.50
2012.03.27 03:41:58.032,1.27004,1.27021,2.25,1.50
2012.03.27 03:41:58.103,1.26997,1.27016,1.50,1.50
2012.03.27 03:41:58.663,1.26997,1.27016,1.50,1.50
2012.03.27 03:42:00.852,1.26996,1.27016,3.00,1.50
2012.03.27 03:42:01.046,1.26996,1.27014,1.50,1.50
2012.03.27 03:42:01.466,1.26998,1.27017,2.25,1.80
2012.03.27 03:42:01.593,1.27,1.27021,1.50,2.25
2012.03.27 03:42:01.663,1.27,1.27021,1.50,1.50
2012.03.27 03:42:03.083,1.27002,1.27022,2.25,1.50
2012.03.27 03:42:03.653,1.27005,1.27022,1.50,1.50
2012.03.27 03:42:04.304,1.27001,1.27022,2.25,3.00
2012.03.27 03:42:09.378,1.27002,1.27022,2.25,2.44
2012.03.27 03:42:09.708,1.26997,1.27011,1.50,1.80
2012.03.27 03:42:09.835,1.26997,1.27014,1.50,1.50
2012.03.27 03:42:09.906,1.26997,1.27011,1.50,1.50
2012.03.27 03:42:09.974,1.26997,1.27017,1.50,1.50
2012.03.27 03:42:10.463,1.26999,1.2702,1.50,2.25
2012.03.27 03:42:10.593,1.27001,1.27021,2.25,1.50
2012.03.27 03:42:11.584,1.27001,1.27021,2.25,1.50
2012.03.27 03:42:11.897,1.27,1.27018,1.50,1.50
2012.03.27 03:42:12.087,1.27,1.27022,3.00,4.05
2012.03.27 03:42:13.577,1.27,1.27019,1.50,1.50
2012.03.27 03:42:14.097,1.27004,1.27021,1.50,1.50
2012.03.27 03:42:14.283,1.27002,1.27018,1.50,1.50
2012.03.27 03:42:14.657,1.27002,1.27016,1.50,1.50
2012.03.27 03:42:18.795,1.27004,1.27016,2.55,1.50
2012.03.27 03:42:18.868,1.27005,1.27016,1.50,1.50
2012.03.27 03:42:18.999,1.27005,1.27019,1.50,1.50
2012.03.27 03:42:19.263,1.27006,1.27021,1.50,1.50
2012.03.27 03:42:19.584,1.27005,1.27019,3.30,1.50
2012.03.27 03:42:20.407,1.27003,1.27018,1.50,1.80
2012.03.27 03:42:20.772,1.26999,1.27019,3.00,3.90
2012.03.27 03:42:21.596,1.27001,1.27018,1.50,1.50
2012.03.27 03:42:21.666,1.27003,1.27015,1.50,1.50
2012.03.27 03:42:21.796,1.27003,1.27018,1.50,1.50
2012.03.27 03:42:21.927,1.27003,1.27022,1.50,1.50
2012.03.27 03:42:22.173,1.27005,1.27025,2.25,4.80
2012.03.27 03:42:22.723,1.27004,1.27023,1.50,1.50
2012.03.27 03:42:23.312,1.27004,1.27021,1.50,1.50
2012.03.27 03:42:24.614,1.27004,1.27019,1.50,1.50
2012.03.27 03:42:25.044,1.27004,1.27016,1.50,1.50
2012.03.27 03:42:25.234,1.27004,1.2702,1.50,1.50
2012.03.27 03:42:26.576,1.27006,1.27019,1.50,1.80
2012.03.27 03:42:26.706,1.27006,1.27015,1.50,1.50
2012.03.27 03:42:27.027,1.27002,1.27013,1.50,1.50
2012.03.27 03:42:27.160,1.27002,1.27017,1.50,1.80
2012.03.27 03:42:27.357,1.27002,1.2702,1.50,1.80
2012.03.27 03:42:27.543,1.27003,1.27022,1.50,1.80
2012.03.27 03:42:27.678,1.27002,1.2702,1.50,1.50
2012.03.27 03:42:28.357,1.27003,1.27022,1.50,1.80
2012.03.27 03:42:28.906,1.27005,1.27026,2.25,2.25
2012.03.27 03:42:28.979,1.27006,1.27021,1.50,1.50
2012.03.27 03:42:29.175,1.27006,1.27024,1.50,1.50
2012.03.27 03:42:29.431,1.27006,1.27022,1.50,1.50
2012.03.27 03:42:29.805,1.27006,1.27022,1.50,1.50
2012.03.27 03:42:30.204,1.27006,1.27023,1.50,2.25
2012.03.27 03:42:30.407,1.27005,1.2702,1.50,1.50
2012.03.27 03:42:30.478,1.27005,1.27022,1.50,4.05
2012.03.27 03:42:30.982,1.27006,1.27023,2.25,3.30
2012.03.27 03:42:31.484,1.27004,1.27021,2.25,1.80
2012.03.27 03:42:32.026,1.27004,1.27022,2.25,2.55
2012.03.27 03:42:32.661,1.27004,1.27017,2.25,2.25
2012.03.27 03:42:32.987,1.26992,1.27009,1.50,1.80
2012.03.27 03:42:33.185,1.26993,1.27011,2.25,1.50
2012.03.27 03:42:33.496,1.26996,1.27011,1.50,1.50
2012.03.27 03:42:34.144,1.26996,1.27013,2.25,1.50
2012.03.27 03:42:34.275,1.26997,1.27017,2.25,2.25
2012.03.27 03:42:34.347,1.26997,1.27017,2.25,1.50
2012.03.27 03:42:34.533,1.27002,1.27018,1.50,1.80
2012.03.27 03:42:35.668,1.27002,1.27016,1.50,1.50
2012.03.27 03:42:36.052,1.27002,1.27018,1.50,3.30
2012.03.27 03:42:36.246,1.27,1.27014,1.50,1.50
2012.03.27 03:42:36.574,1.26999,1.2701,2.25,1.80
2012.03.27 03:42:36.765,1.26997,1.2701,1.50,1.80
2012.03.27 03:42:36.964,1.26997,1.2701,1.50,1.80
2012.03.27 03:42:37.281,1.26997,1.27016,1.50,3.38
2012.03.27 03:42:37.596,1.26997,1.27011,1.50,1.50
2012.03.27 03:42:37.907,1.26997,1.27007,1.50,1.50
2012.03.27 03:42:38.226,1.26997,1.27009,1.50,1.50
2012.03.27 03:42:38.418,1.26997,1.27009,1.50,1.50
2012.03.27 03:42:38.617,1.26997,1.27011,1.50,1.50
2012.03.27 03:42:38.684,1.26997,1.27011,1.50,1.50
2012.03.27 03:42:39.875,1.26997,1.27011,1.50,2.25
2012.03.27 03:42:39.960,1.26994,1.27006,1.50,1.80
2012.03.27 03:42:40.095,1.26994,1.2701,1.50,1.50
2012.03.27 03:42:40.347,1.26992,1.2701,1.50,1.50
2012.03.27 03:42:40.596,1.26994,1.27012,1.50,1.50
2012.03.27 03:42:41.094,1.26994,1.27009,1.50,1.50
2012.03.27 03:42:41.579,1.26994,1.27015,1.50,4.05
2012.03.27 03:42:41.711,1.26994,1.27008,1.50,1.50
2012.03.27 03:42:41.783,1.26993,1.27013,2.25,2.25
2012.03.27 03:42:42.046,1.26994,1.27012,1.50,1.80
2012.03.27 03:42:42.176,1.26997,1.27012,1.50,1.80
2012.03.27 03:42:42.524,1.26995,1.27014,2.25,2.25
2012.03.27 03:42:43.782,1.26995,1.27013,1.50,1.50
2012.03.27 03:42:44.414,1.26995,1.27013,1.50,3.00
2012.03.27 03:42:44.549,1.26995,1.27013,1.50,3.00
2012.03.27 03:42:44.738,1.26995,1.27007,1.50,1.80
2012.03.27 03:42:45.240,1.26994,1.27008,3.00,1.80
2012.03.27 03:42:45.631,1.26989,1.27006,2.25,1.50
2012.03.27 03:42:45.775,1.26986,1.27006,2.25,3.00
2012.03.27 03:42:46.523,1.26986,1.27005,2.25,2.55
2012.03.27 03:42:48.143,1.26991,1.27006,2.25,1.80
2012.03.27 03:42:50.824,1.26991,1.27006,2.25,1.80
2012.03.27 03:42:50.951,1.26987,1.27009,3.00,2.25
2012.03.27 03:42:51.505,1.26989,1.27008,1.50,1.50
2012.03.27 03:42:52.655,1.26989,1.27008,1.50,2.25
2012.03.27 03:42:53.716,1.26993,1.27006,1.50,1.80
2012.03.27 03:42:53.856,1.26997,1.27011,2.55,2.25
2012.03.27 03:42:53.927,1.26997,1.27011,1.80,2.25
2012.03.27 03:42:54.057,1.26999,1.27013,1.50,2.85
2012.03.27 03:42:54.434,1.26997,1.27013,2.25,2.10
2012.03.27 03:42:54.510,1.26995,1.27013,1.50,2.85
2012.03.27 03:42:54.750,1.26995,1.27009,1.50,1.50
2012.03.27 03:42:54.825,1.2699,1.27009,3.00,1.50
2012.03.27 03:42:54.955,1.2699,1.2701,2.25,4.95
2012.03.27 03:42:55.024,1.2699,1.2701,2.25,2.25
2012.03.27 03:42:55.578,1.26993,1.27011,1.50,2.25
2012.03.27 03:42:58.583,1.26993,1.27012,3.00,1.50
2012.03.27 03:43:01.656,1.26993,1.27012,3.00,1.50
2012.03.27 03:43:02.703,1.26993,1.27013,3.00,3.00
2012.03.27 03:43:03.015,1.26993,1.27013,3.00,3.00
2012.03.27 03:43:03.522,1.26993,1.27013,3.00,1.50
2012.03.27 03:43:03.836,1.26998,1.27013,1.50,1.50
2012.03.27 03:43:03.968,1.26998,1.27019,4.05,1.50
2012.03.27 03:43:04.164,1.27001,1.27021,2.25,3.00
2012.03.27 03:43:04.506,1.26998,1.27018,2.25,3.00
2012.03.27 03:43:04.865,1.26992,1.27011,1.50,1.50
2012.03.27 03:43:05.115,1.26989,1.27008,4.05,1.50
2012.03.27 03:43:05.284,1.26989,1.2701,4.05,1.50
2012.03.27 03:43:05.568,1.2699,1.27012,2.25,1.50
2012.03.27 03:43:06.350,1.26991,1.27013,2.25,1.50
2012.03.27 03:43:06.543,1.26991,1.27014,2.25,3.00
2012.03.27 03:43:06.864,1.26995,1.2701,1.50,1.50
2012.03.27 03:43:07.186,1.26996,1.27011,1.50,1.50
2012.03.27 03:43:07.256,1.26996,1.27013,1.50,1.50
2012.03.27 03:43:08.247,1.26996,1.27015,2.25,1.50
2012.03.27 03:43:09.373,1.26996,1.27015,2.25,1.50
2012.03.27 03:43:09.904,1.26996,1.27009,1.50,1.50
2012.03.27 03:43:13.075,1.26999,1.27019,2.25,1.50
2012.03.27 03:43:13.335,1.27001,1.27021,1.50,2.25
2012.03.27 03:43:13.668,1.26999,1.27012,1.50,1.50
2012.03.27 03:43:14.106,1.27,1.2701,3.30,1.50
2012.03.27 03:43:14.523,1.27001,1.27021,2.25,2.25
2012.03.27 03:43:14.797,1.27001,1.27021,1.50,2.25
2012.03.27 03:43:14.869,1.26998,1.27018,3.75,1.50
2012.03.27 03:43:15.448,1.27,1.27021,1.50,1.50
2012.03.27 03:43:16.873,1.27,1.27019,1.50,1.50
2012.03.27 03:43:17.244,1.26999,1.27016,1.50,1.50
2012.03.27 03:43:17.792,1.26995,1.27013,1.50,2.25
2012.03.27 03:43:19.039,1.26995,1.27013,1.50,1.50
2012.03.27 03:43:19.995,1.26995,1.27014,1.50,1.50
2012.03.27 03:43:20.523,1.26995,1.27013,1.50,2.25
2012.03.27 03:43:20.844,1.26994,1.27011,1.50,1.50
2012.03.27 03:43:21.180,1.26998,1.27014,1.50,3.30
2012.03.27 03:43:21.976,1.26998,1.27014,1.50,2.55
2012.03.27 03:43:22.225,1.27,1.27017,1.50,1.50
2012.03.27 03:43:22.297,1.26997,1.27014,1.50,1.50
2012.03.27 03:43:23.161,1.26997,1.27013,1.50,1.80
2012.03.27 03:43:28.467,1.26997,1.27013,1.50,2.74
2012.03.27 03:43:28.717,1.26989,1.27006,3.00,1.80
2012.03.27 03:43:28.783,1.26989,1.27006,1.50,1.80
2012.03.27 03:43:29.292,1.26985,1.27005,1.50,1.50
2012.03.27 03:43:29.362,1.26985,1.27002,1.50,1.50
2012.03.27 03:43:31.143,1.26982,1.27002,2.25,1.50
2012.03.27 03:43:32.586,1.26987,1.27006,1.50,1.80
2012.03.27 03:43:33.610,1.26988,1.27003,1.50,1.50
2012.03.27 03:43:36.751,1.26987,1.27007,3.00,1.50
2012.03.27 03:43:41.063,1.26988,1.27006,1.50,1.50
2012.03.27 03:43:41.134,1.26988,1.27006,1.50,1.50
2012.03.27 03:43:41.456,1.2699,1.27003,1.50,1.50
2012.03.27 03:43:41.847,1.26992,1.2701,1.50,1.50
2012.03.27 03:43:42.558,1.26995,1.2701,2.55,1.50
2012.03.27 03:43:43.692,1.26996,1.2701,1.50,1.50
2012.03.27 03:43:43.835,1.27001,1.27016,1.50,2.25
2012.03.27 03:43:44.144,1.27002,1.27019,2.25,1.50
2012.03.27 03:43:44.335,1.26996,1.27016,1.50,1.50
2012.03.27 03:43:44.642,1.26996,1.27011,1.50,1.50
2012.03.27 03:43:46.018,1.26996,1.27015,1.50,2.25
2012.03.27 03:43:46.105,1.26995,1.27015,3.75,1.50
2012.03.27 03:43:46.173,1.26995,1.27015,3.75,1.50
2012.03.27 03:43:46.304,1.26996,1.27018,2.25,1.50
2012.03.27 03:43:46.434,1.26995,1.27015,2.25,1.50
2012.03.27 03:43:46.777,1.27003,1.27015,1.50,1.50
2012.03.27 03:43:46.846,1.27003,1.27019,1.50,2.55
2012.03.27 03:43:46.977,1.27001,1.27021,3.00,1.50
2012.03.27 03:43:47.168,1.27001,1.27015,1.50,1.50
2012.03.27 03:43:47.672,1.27001,1.27015,1.50,1.50
2012.03.27 03:43:51.903,1.27,1.27015,1.50,1.50
2012.03.27 03:43:59.669,1.26998,1.27015,1.50,1.50
2012.03.27 03:44:00.205,1.26997,1.27016,1.50,1.50
2012.03.27 03:44:00.636,1.26998,1.27014,1.50,1.50
2012.03.27 03:44:00.702,1.26998,1.27017,1.50,1.50
2012.03.27 03:44:00.954,1.26998,1.27015,1.50,1.50
2012.03.27 03:44:01.610,1.26998,1.27017,1.50,1.50
2012.03.27 03:44:05.716,1.26998,1.27017,1.50,1.50
2012.03.27 03:44:06.013,1.26996,1.27015,2.25,1.50
2012.03.27 03:44:06.261,1.26996,1.27015,1.50,1.50
2012.03.27 03:44:07.487,1.26997,1.27017,1.50,3.00
2012.03.27 03:44:07.696,1.26997,1.27019,1.50,3.00
2012.03.27 03:44:08.348,1.26997,1.27019,1.50,2.25
2012.03.27 03:44:08.685,1.26997,1.27017,1.50,1.50
2012.03.27 03:44:09.983,1.26997,1.27014,1.50,1.50
2012.03.27 03:44:10.541,1.26996,1.27016,4.50,1.50
2012.03.27 03:44:14.472,1.26996,1.27014,3.00,1.50
2012.03.27 03:44:15.163,1.26997,1.27019,2.25,1.50
2012.03.27 03:44:17.740,1.26999,1.27015,1.50,1.50
2012.03.27 03:44:18.111,1.26999,1.27018,1.50,1.50
2012.03.27 03:44:26.553,1.26998,1.27016,1.50,1.50
2012.03.27 03:44:26.625,1.27001,1.2702,2.25,1.50
2012.03.27 03:44:26.694,1.26998,1.27015,1.50,1.50
2012.03.27 03:44:27.265,1.26998,1.27015,1.50,1.50
2012.03.27 03:44:29.064,1.26998,1.27015,1.50,1.50
2012.03.27 03:44:30.114,1.26998,1.27017,1.50,2.25
2012.03.27 03:44:30.542,1.26998,1.27014,1.50,1.50
2012.03.27 03:44:30.993,1.26998,1.27014,1.50,1.50
2012.03.27 03:44:31.122,1.26998,1.27014,1.50,1.50
2012.03.27 03:44:31.193,1.27,1.2702,2.25,3.00
2012.03.27 03:44:38.464,1.26998,1.27017,1.50,1.50
2012.03.27 03:44:39.005,1.26998,1.27017,1.50,1.50
2012.03.27 03:44:42.054,1.27,1.27021,1.50,2.25
2012.03.27 03:44:42.574,1.27006,1.27024,2.25,2.25
2012.03.27 03:44:42.650,1.27006,1.27024,2.25,1.50
2012.03.27 03:44:43.024,1.27006,1.27024,2.25,2.25
2012.03.27 03:44:47.851,1.27005,1.27024,2.25,1.50
2012.03.27 03:44:48.493,1.27006,1.27025,2.25,3.30
2012.03.27 03:44:48.635,1.27007,1.27024,1.50,2.25
2012.03.27 03:44:48.881,1.2701,1.27028,1.50,2.25
2012.03.27 03:44:49.579,1.2701,1.27029,1.50,2.25
2012.03.27 03:44:49.652,1.2701,1.27029,1.50,2.25
2012.03.27 03:44:50.024,1.27012,1.27033,1.50,3.00
2012.03.27 03:44:50.094,1.27015,1.27034,2.25,1.50
2012.03.27 03:44:50.524,1.27018,1.27034,1.50,1.50
2012.03.27 03:44:50.609,1.27016,1.27034,1.50,1.50
2012.03.27 03:44:56.492,1.27018,1.27035,1.50,2.25
2012.03.27 03:45:00.181,1.27018,1.27033,1.50,1.95
2012.03.27 03:45:00.315,1.27018,1.27027,1.50,2.55
2012.03.27 03:45:00.887,1.27018,1.27032,1.50,1.29
2012.03.27 03:45:00.967,1.27011,1.27028,2.25,1.50
2012.03.27 03:45:01.039,1.27012,1.27032,1.50,2.79
2012.03.27 03:45:01.356,1.27012,1.27029,1.50,1.50
2012.03.27 03:45:01.866,1.27013,1.27033,1.50,1.50
2012.03.27 03:45:08.756,1.27012,1.27032,1.50,1.50
2012.03.27 03:45:10.406,1.27012,1.27031,1.50,1.50
2012.03.27 03:45:10.916,1.2701,1.27031,2.25,2.25
2012.03.27 03:45:11.056,1.2701,1.27026,1.50,1.50
2012.03.27 03:45:11.126,1.27014,1.27033,1.50,3.00
2012.03.27 03:45:11.642,1.27011,1.27032,3.00,1.50
2012.03.27 03:45:13.943,1.27011,1.27029,2.25,2.25
2012.03.27 03:45:14.382,1.27013,1.27031,2.55,2.25
2012.03.27 03:45:18.763,1.27009,1.27029,3.00,2.25
2012.03.27 03:45:19.450,1.27009,1.27028,1.50,1.50
2012.03.27 03:45:21.133,1.27009,1.27029,3.00,2.25
2012.03.27 03:45:24.522,1.27009,1.27027,1.50,1.50
2012.03.27 03:45:30.635,1.27009,1.27029,1.50,2.25
2012.03.27 03:45:53.443,1.27007,1.27029,3.00,2.25
2012.03.27 03:45:53.515,1.27007,1.27029,3.00,2.25
2012.03.27 03:45:54.604,1.27007,1.27024,1.50,1.50
2012.03.27 03:45:55.032,1.27007,1.27026,1.50,1.50
2012.03.27 03:45:56.545,1.27007,1.27024,1.50,1.50
2012.03.27 03:46:05.952,1.27008,1.27026,1.50,1.50
2012.03.27 03:46:08.816,1.27008,1.27025,1.50,1.50
2012.03.27 03:46:09.216,1.2701,1.27028,1.50,2.55
2012.03.27 03:46:09.348,1.27007,1.27024,1.50,2.25
2012.03.27 03:46:09.938,1.27008,1.27026,1.50,2.25
2012.03.27 03:46:10.011,1.27006,1.27026,3.00,2.25
2012.03.27 03:46:10.415,1.27013,1.27026,1.50,1.50
2012.03.27 03:46:10.666,1.27006,1.27027,2.55,3.75
2012.03.27 03:46:10.734,1.27006,1.27027,2.55,3.75
2012.03.27 03:46:10.924,1.27011,1.27027,1.50,1.50
2012.03.27 03:46:11.174,1.27006,1.27025,1.50,1.50
2012.03.27 03:46:11.724,1.27006,1.27027,1.50,3.00
2012.03.27 03:46:11.912,1.27006,1.27027,1.50,2.25
2012.03.27 03:46:13.505,1.27008,1.27024,1.50,1.50
2012.03.27 03:46:19.522,1.27008,1.27026,1.50,1.50
2012.03.27 03:46:20.154,1.27008,1.27025,1.50,1.50
2012.03.27 03:46:20.451,1.27009,1.27028,2.25,1.50
2012.03.27 03:46:20.585,1.27015,1.27025,1.50,2.55
2012.03.27 03:46:21.085,1.27007,1.27027,2.25,1.50
2012.03.27 03:46:21.669,1.27006,1.27024,3.00,1.50
2012.03.27 03:46:22.006,1.27006,1.27022,3.00,1.50
2012.03.27 03:46:22.604,1.27006,1.27022,3.00,1.50
2012.03.27 03:46:22.743,1.27006,1.27024,3.30,1.50
2012.03.27 03:46:23.284,1.27006,1.27024,3.30,2.25
2012.03.27 03:46:25.031,1.27006,1.27024,3.30,2.25
2012.03.27 03:46:25.427,1.27011,1.27027,2.55,2.25
2012.03.27 03:46:25.496,1.27011,1.2703,2.55,2.25
2012.03.27 03:46:25.914,1.27009,1.27031,4.05,3.00
2012.03.27 03:46:25.983,1.2701,1.27028,1.50,2.25
2012.03.27 03:46:27.432,1.27012,1.27029,1.50,2.25
2012.03.27 03:46:28.047,1.27012,1.27029,1.50,2.25
2012.03.27 03:46:31.408,1.27011,1.27025,3.30,1.50
2012.03.27 03:46:31.472,1.27011,1.27025,2.55,1.50
2012.03.27 03:46:31.606,1.27012,1.27031,1.50,1.50
2012.03.27 03:46:31.851,1.27012,1.27031,1.50,1.50
2012.03.27 03:46:32.771,1.27012,1.27031,1.50,1.50
2012.03.27 03:46:33.404,1.27012,1.27031,1.50,1.50
2012.03.27 03:46:33.945,1.27012,1.27031,3.00,1.50
2012.03.27 03:46:34.088,1.27015,1.27031,1.50,1.50
2012.03.27 03:46:34.226,1.27015,1.27035,2.25,1.50
2012.03.27 03:46:34.546,1.27015,1.27035,1.50,1.50
2012.03.27 03:46:35.323,1.27012,1.2703,1.50,2.25
2012.03.27 03:46:35.583,1.27011,1.2703,1.50,2.25
2012.03.27 03:46:36.613,1.27013,1.27033,1.50,2.25
2012.03.27 03:46:42.160,1.27013,1.27033,1.50,2.25
2012.03.27 03:46:44.531,1.27011,1.27032,2.25,3.00
2012.03.27 03:46:46.412,1.27012,1.27032,1.50,3.00
2012.03.27 03:46:54.898,1.27012,1.27032,2.31,3.00
2012.03.27 03:46:54.971,1.27014,1.27034,1.50,1.50
2012.03.27 03:46:55.043,1.2702,1.27034,1.50,1.50
2012.03.27 03:46:59.012,1.2702,1.27034,1.50,1.50
2012.03.27 03:46:59.202,1.27014,1.27034,1.50,3.00
2012.03.27 03:46:59.889,1.27015,1.27034,1.50,1.50
2012.03.27 03:47:06.842,1.27015,1.27034,2.25,1.50
2012.03.27 03:47:06.985,1.27019,1.27034,1.50,1.50
2012.03.27 03:47:07.412,1.27017,1.27034,2.55,1.50
2012.03.27 03:47:11.609,1.27018,1.27038,2.25,2.25
2012.03.27 03:47:11.684,1.27017,1.27034,2.55,1.50
2012.03.27 03:47:11.872,1.27017,1.27035,1.80,2.25
2012.03.27 03:47:12.782,1.27017,1.27037,3.30,2.25
2012.03.27 03:47:13.283,1.27015,1.27034,3.30,2.25
2012.03.27 03:47:13.473,1.27015,1.27033,3.30,2.25
2012.03.27 03:47:14.034,1.27015,1.27035,2.25,3.75
2012.03.27 03:47:19.463,1.27015,1.27035,3.00,3.00
2012.03.27 03:47:20.005,1.27015,1.27034,1.80,2.25
2012.03.27 03:47:20.132,1.2702,1.27035,1.50,1.50
2012.03.27 03:47:20.681,1.2702,1.27035,1.50,1.50
2012.03.27 03:47:23.003,1.2702,1.27031,1.50,1.50
2012.03.27 03:47:23.195,1.27013,1.27029,2.25,1.80
2012.03.27 03:47:23.854,1.27011,1.27029,2.25,1.80
2012.03.27 03:47:26.594,1.27014,1.27029,1.50,2.55
2012.03.27 03:47:28.404,1.27015,1.27029,1.50,2.55
2012.03.27 03:47:30.937,1.27009,1.27029,2.25,2.55
2012.03.27 03:47:31.122,1.27015,1.27029,1.50,2.55
2012.03.27 03:47:31.462,1.27013,1.27029,1.50,2.55
2012.03.27 03:47:32.683,1.27017,1.27029,1.50,2.55
2012.03.27 03:47:33.037,1.27019,1.27032,1.50,3.30
2012.03.27 03:47:33.543,1.2702,1.27033,1.50,1.50
2012.03.27 03:47:34.801,1.2702,1.27034,1.50,3.30
2012.03.27 03:47:35.554,1.27023,1.27034,1.50,3.30
2012.03.27 03:47:35.805,1.2702,1.27034,1.50,3.30
2012.03.27 03:47:36.654,1.2702,1.27033,1.50,1.50
2012.03.27 03:47:39.936,1.2702,1.27033,1.50,1.50
2012.03.27 03:47:40.002,1.27023,1.27033,1.50,1.50
2012.03.27 03:47:42.052,1.2702,1.27034,1.50,1.50
2012.03.27 03:47:44.561,1.27018,1.27033,1.50,1.50
2012.03.27 03:47:44.912,1.2702,1.27033,1.50,1.50
2012.03.27 03:47:45.953,1.2702,1.27033,1.50,1.50
2012.03.27 03:47:46.084,1.27018,1.27033,1.50,1.50
2012.03.27 03:47:46.334,1.27018,1.27033,1.50,1.50
2012.03.27 03:47:46.405,1.27014,1.27033,1.50,1.50
2012.03.27 03:47:54.674,1.27016,1.27033,1.50,1.50
2012.03.27 03:47:54.981,1.27014,1.27033,1.50,1.50
2012.03.27 03:47:57.291,1.27012,1.27032,2.25,2.25
2012.03.27 03:48:03.932,1.27013,1.27033,1.50,1.50
2012.03.27 03:48:14.004,1.27011,1.27033,3.00,3.00
2012.03.27 03:48:20.299,1.27013,1.27033,1.50,1.50
2012.03.27 03:48:23.430,1.27011,1.27033,3.00,3.00
2012.03.27 03:48:24.817,1.27014,1.27033,1.50,1.50
2012.03.27 03:48:26.114,1.27017,1.27033,1.50,1.50
2012.03.27 03:48:26.243,1.27018,1.27033,1.50,1.50
2012.03.27 03:48:26.373,1.27014,1.27033,1.50,1.50
2012.03.27 03:48:26.563,1.27016,1.27033,1.50,1.50
2012.03.27 03:48:26.636,1.27013,1.2703,1.50,1.50
2012.03.27 03:48:27.122,1.27015,1.2703,1.50,1.50
2012.03.27 03:48:29.152,1.27016,1.2703,1.50,1.50
2012.03.27 03:48:29.672,1.27016,1.27032,2.25,2.55
2012.03.27 03:48:31.412,1.27016,1.27032,2.25,1.80
2012.03.27 03:48:36.361,1.27018,1.27034,1.50,3.30
2012.03.27 03:48:44.854,1.2702,1.27034,1.50,3.30
2012.03.27 03:48:53.623,1.2702,1.27033,1.50,1.50
2012.03.27 03:48:54.134,1.27016,1.27032,1.50,1.50
2012.03.27 03:48:54.321,1.2702,1.27032,1.50,1.50
2012.03.27 03:48:54.395,1.27016,1.27032,1.50,1.50
2012.03.27 03:48:54.869,1.27014,1.27029,1.50,1.50
2012.03.27 03:48:55.264,1.27014,1.27027,1.50,2.25
2012.03.27 03:48:55.338,1.27003,1.27024,1.50,2.25
2012.03.27 03:48:55.537,1.27003,1.27024,3.30,2.25
2012.03.27 03:48:55.846,1.26998,1.27018,3.00,2.25
2012.03.27 03:48:55.916,1.26998,1.27018,3.00,3.00
2012.03.27 03:48:56.043,1.26998,1.27018,2.25,3.00
2012.03.27 03:48:56.412,1.26998,1.27018,3.00,3.00
2012.03.27 03:48:57.077,1.26995,1.27018,2.25,3.00
2012.03.27 03:48:58.802,1.26998,1.27016,2.25,1.50
2012.03.27 03:49:00.084,1.26995,1.27009,1.50,1.50
2012.03.27 03:49:00.882,1.26995,1.27009,1.50,1.50
2012.03.27 03:49:01.972,1.26994,1.27009,2.55,1.50
2012.03.27 03:49:02.103,1.26997,1.27009,1.50,1.50
2012.03.27 03:49:02.878,1.26998,1.2701,1.50,1.50
2012.03.27 03:49:03.234,1.27001,1.27011,1.50,1.50
2012.03.27 03:49:03.302,1.27001,1.27015,1.50,1.50
2012.03.27 03:49:03.372,1.26998,1.27015,1.50,1.50
2012.03.27 03:49:03.442,1.26998,1.2702,1.50,1.50
2012.03.27 03:49:03.852,1.26998,1.2702,1.50,1.50
2012.03.27 03:49:04.186,1.27002,1.27022,1.50,1.50
2012.03.27 03:49:04.405,1.26999,1.27022,1.50,3.00
2012.03.27 03:49:04.481,1.26999,1.27019,2.25,2.25
2012.03.27 03:49:04.891,1.26997,1.27013,1.50,1.50
2012.03.27 03:49:05.561,1.26996,1.27014,3.30,1.50
2012.03.27 03:49:06.126,1.26997,1.27015,1.50,2.25
2012.03.27 03:49:07.691,1.26998,1.27019,1.50,1.50
2012.03.27 03:49:08.303,1.26998,1.2702,3.00,3.00
2012.03.27 03:49:08.372,1.26998,1.2702,3.00,3.00
2012.03.27 03:49:08.445,1.27001,1.2702,1.50,1.50
2012.03.27 03:49:09.047,1.27,1.2702,1.50,3.00
2012.03.27 03:49:09.512,1.27002,1.2702,1.50,1.50
2012.03.27 03:49:09.647,1.26998,1.27018,3.00,2.25
2012.03.27 03:49:11.287,1.26998,1.27012,1.50,1.50
2012.03.27 03:49:11.494,1.26996,1.27015,4.80,1.50
2012.03.27 03:49:11.803,1.26999,1.27016,1.50,3.30
2012.03.27 03:49:14.592,1.26997,1.27016,1.50,3.30
2012.03.27 03:49:14.795,1.26994,1.27015,1.50,1.50
2012.03.27 03:49:14.863,1.26996,1.2701,1.80,1.50
2012.03.27 03:49:15.115,1.26996,1.27015,1.80,1.50
2012.03.27 03:49:15.364,1.26996,1.27013,2.55,1.50
2012.03.27 03:49:19.171,1.26997,1.27013,1.50,1.50
2012.03.27 03:49:19.927,1.26998,1.27014,1.50,1.50
2012.03.27 03:49:20.782,1.26998,1.27014,1.50,1.50
2012.03.27 03:49:21.332,1.26998,1.27012,1.50,1.50
2012.03.27 03:49:22.327,1.26998,1.27012,1.50,1.50
2012.03.27 03:49:28.541,1.26998,1.27012,1.50,1.50
2012.03.27 03:49:28.614,1.26998,1.27015,1.50,2.25
2012.03.27 03:49:29.602,1.26998,1.27017,1.50,2.25
2012.03.27 03:49:29.732,1.26998,1.27013,1.50,1.50
2012.03.27 03:49:30.056,1.26998,1.27016,1.50,1.50
2012.03.27 03:49:32.885,1.26998,1.27018,1.50,2.25
2012.03.27 03:49:35.761,1.26998,1.27018,2.25,2.25
2012.03.27 03:49:41.920,1.26998,1.2702,3.75,2.25
2012.03.27 03:49:42.954,1.26998,1.2702,3.75,2.25
2012.03.27 03:49:44.157,1.26998,1.2702,3.75,2.25
2012.03.27 03:49:44.344,1.26998,1.27018,1.50,2.25
2012.03.27 03:50:00.564,1.26998,1.27016,1.50,1.50
2012.03.27 03:50:05.400,1.27004,1.27016,1.50,1.50
2012.03.27 03:50:05.603,1.27007,1.27022,1.80,2.25
2012.03.27 03:50:05.743,1.27007,1.27022,2.55,1.50
2012.03.27 03:50:06.275,1.27001,1.27022,2.55,3.00
2012.03.27 03:50:06.354,1.27003,1.27022,4.05,1.50
2012.03.27 03:50:06.507,1.27003,1.27022,2.25,1.50
2012.03.27 03:50:06.848,1.27001,1.27017,2.70,2.25
2012.03.27 03:50:07.442,1.27001,1.27016,2.55,1.50
2012.03.27 03:50:11.024,1.27001,1.27014,2.55,1.50
2012.03.27 03:50:14.302,1.27001,1.27018,2.55,2.25
2012.03.27 03:50:16.308,1.26999,1.27016,3.30,1.50
2012.03.27 03:50:16.918,1.26999,1.27019,4.80,1.50
2012.03.27 03:50:18.343,1.26998,1.27018,2.25,1.50
2012.03.27 03:50:18.602,1.26998,1.27018,2.25,2.25
2012.03.27 03:50:18.747,1.27003,1.27019,1.50,1.50
2012.03.27 03:50:19.083,1.27006,1.27019,1.50,1.50
2012.03.27 03:50:22.101,1.27006,1.27019,1.50,1.50
2012.03.27 03:50:22.291,1.27006,1.27021,1.50,4.05
2012.03.27 03:50:28.364,1.27004,1.27021,1.50,4.05
2012.03.27 03:50:29.830,1.27005,1.27021,1.50,3.30
2012.03.27 03:50:29.963,1.27008,1.27021,1.50,3.30
2012.03.27 03:50:30.346,1.27001,1.27019,1.50,1.50
2012.03.27 03:50:30.703,1.27003,1.27019,1.50,1.50
2012.03.27 03:50:31.332,1.27003,1.27023,1.50,2.25
2012.03.27 03:50:31.729,1.27004,1.27024,2.25,1.50
2012.03.27 03:50:32.066,1.27006,1.2702,3.30,1.50
2012.03.27 03:50:32.573,1.27006,1.27019,1.50,1.50
2012.03.27 03:50:33.196,1.27,1.27018,1.50,2.25
2012.03.27 03:50:34.173,1.26998,1.27018,1.50,1.50
2012.03.27 03:50:34.490,1.26994,1.27015,1.50,1.50
2012.03.27 03:50:34.633,1.26994,1.27014,5.55,1.50
2012.03.27 03:50:34.885,1.26994,1.27016,5.55,1.50
2012.03.27 03:50:35.145,1.27001,1.27017,1.50,1.50
2012.03.27 03:50:35.214,1.26998,1.27017,1.50,1.50
2012.03.27 03:50:44.212,1.26999,1.27018,1.50,1.50
2012.03.27 03:50:44.344,1.26999,1.27017,2.25,1.50
2012.03.27 03:50:44.805,1.27,1.2702,1.50,2.25
2012.03.27 03:50:47.303,1.26999,1.27019,2.25,2.25
2012.03.27 03:50:54.152,1.27,1.27019,1.50,2.25
2012.03.27 03:50:57.343,1.27,1.2702,2.25,1.50
2012.03.27 03:50:57.863,1.26998,1.2702,2.25,3.00
2012.03.27 03:50:58.904,1.26998,1.2702,2.25,2.25
2012.03.27 03:50:59.822,1.27,1.27022,2.25,2.25
2012.03.27 03:51:02.204,1.27,1.2702,2.25,1.50
2012.03.27 03:51:03.185,1.27,1.27022,2.25,3.75
2012.03.27 03:51:03.737,1.27005,1.27022,3.30,3.00
2012.03.27 03:51:04.574,1.27005,1.27022,2.55,1.50
2012.03.27 03:51:06.537,1.27001,1.27023,3.00,2.25
2012.03.27 03:51:06.674,1.27003,1.27022,2.25,1.50
2012.03.27 03:51:06.863,1.27,1.2702,3.75,2.25
2012.03.27 03:51:07.142,1.27,1.2702,3.75,2.25
2012.03.27 03:51:09.338,1.27,1.27019,1.50,1.50
2012.03.27 03:51:10.514,1.26999,1.27019,1.50,1.50
2012.03.27 03:51:10.916,1.26999,1.27015,1.50,1.50
2012.03.27 03:51:11.324,1.26997,1.27015,3.30,1.50
2012.03.27 03:51:11.703,1.26995,1.27012,3.36,1.50
2012.03.27 03:51:12.003,1.26995,1.27017,4.86,2.25
2012.03.27 03:51:14.993,1.26995,1.27013,3.30,1.50
2012.03.27 03:51:15.062,1.26996,1.27015,1.50,1.50
2012.03.27 03:51:15.469,1.26997,1.27019,2.25,3.00
2012.03.27 03:51:17.233,1.26996,1.27016,3.75,1.50
2012.03.27 03:51:17.544,1.26997,1.27019,2.25,3.00
2012.03.27 03:51:17.612,1.26996,1.27016,3.00,1.50
2012.03.27 03:51:18.184,1.26998,1.27019,1.50,3.00
2012.03.27 03:51:18.941,1.27004,1.27021,4.80,1.50
2012.03.27 03:51:19.293,1.27006,1.27021,1.50,1.50
2012.03.27 03:51:22.367,1.27009,1.27025,1.50,1.50
2012.03.27 03:51:22.616,1.27007,1.27025,1.50,1.50
2012.03.27 03:51:22.802,1.27009,1.27025,1.50,1.50
2012.03.27 03:51:24.023,1.27009,1.27025,1.50,1.50
2012.03.27 03:51:24.506,1.27004,1.27025,2.55,3.75
2012.03.27 03:51:24.576,1.27004,1.2702,2.55,1.50
2012.03.27 03:51:25.095,1.27004,1.2702,2.55,1.50
2012.03.27 03:51:25.615,1.27006,1.27026,1.50,3.00
2012.03.27 03:51:25.684,1.27006,1.27026,2.25,3.00
2012.03.27 03:51:31.518,1.27004,1.27022,2.55,1.05
2012.03.27 03:51:31.822,1.27,1.27017,1.50,2.55
2012.03.27 03:51:31.894,1.27002,1.27017,1.50,2.55
2012.03.27 03:51:32.503,1.27001,1.27017,1.50,3.30
2012.03.27 03:51:32.822,1.27001,1.27017,1.50,3.30
2012.03.27 03:51:39.678,1.27001,1.27017,1.50,3.30
2012.03.27 03:51:40.138,1.27004,1.27021,1.50,1.50
2012.03.27 03:51:40.209,1.27004,1.2702,1.50,2.55
2012.03.27 03:51:40.361,1.27002,1.2702,2.25,1.50
2012.03.27 03:51:41.743,1.27002,1.27022,1.50,4.50
2012.03.27 03:51:42.286,1.27002,1.27022,2.25,4.50
2012.03.27 03:51:42.798,1.27004,1.2702,1.50,1.50
2012.03.27 03:51:43.120,1.26999,1.27011,2.55,1.50
2012.03.27 03:51:45.783,1.26999,1.27013,2.55,1.50
2012.03.27 03:51:46.142,1.26996,1.2701,1.50,1.50
2012.03.27 03:51:46.693,1.26996,1.27009,1.50,1.50
2012.03.27 03:51:48.914,1.26996,1.27009,1.50,1.50
2012.03.27 03:51:49.512,1.26996,1.27008,1.50,1.50
2012.03.27 03:51:50.194,1.26996,1.27008,1.50,1.50
2012.03.27 03:51:50.895,1.26992,1.27008,1.50,1.50
2012.03.27 03:51:50.966,1.26992,1.27005,1.50,1.50
2012.03.27 03:51:51.823,1.26993,1.27005,1.50,1.50
2012.03.27 03:51:51.892,1.26993,1.27008,1.50,1.50
2012.03.27 03:51:58.374,1.26993,1.27009,1.50,1.50
2012.03.27 03:51:59.873,1.26993,1.27012,3.00,1.50
2012.03.27 03:52:00.684,1.26993,1.27011,1.50,2.25
2012.03.27 03:52:01.213,1.26993,1.27011,1.50,1.50
2012.03.27 03:52:01.467,1.26993,1.27008,1.50,1.50
2012.03.27 03:52:02.055,1.26993,1.27011,1.50,2.25
2012.03.27 03:52:02.554,1.26988,1.27008,1.50,1.50
2012.03.27 03:52:02.879,1.26986,1.27001,2.55,1.50
2012.03.27 03:52:03.055,1.26986,1.27003,2.55,1.50
2012.03.27 03:52:04.506,1.26986,1.27003,2.55,1.50
2012.03.27 03:52:04.638,1.26986,1.27006,4.05,1.50
2012.03.27 03:52:06.463,1.2699,1.27007,1.50,1.50
2012.03.27 03:52:07.035,1.26987,1.27007,2.25,1.50
2012.03.27 03:52:07.575,1.26986,1.27005,2.55,1.50
2012.03.27 03:52:08.527,1.26988,1.27007,2.25,1.50
2012.03.27 03:52:08.654,1.26988,1.27008,4.05,3.00
2012.03.27 03:52:12.892,1.2699,1.27009,2.25,1.50
2012.03.27 03:52:17.069,1.26988,1.27008,2.55,1.50
2012.03.27 03:52:17.143,1.26987,1.27004,2.55,1.50
2012.03.27 03:52:17.455,1.26987,1.27,2.55,1.50
2012.03.27 03:52:18.343,1.26985,1.27,2.55,1.50
2012.03.27 03:52:20.066,1.26985,1.27002,2.55,1.50
2012.03.27 03:52:20.196,1.26985,1.27005,2.55,2.25
2012.03.27 03:52:20.387,1.2699,1.27008,1.50,1.50
2012.03.27 03:52:20.456,1.26988,1.27008,1.50,3.00
2012.03.27 03:52:22.148,1.2699,1.27008,1.50,1.50
2012.03.27 03:52:22.669,1.2699,1.27008,1.50,1.50
2012.03.27 03:52:23.922,1.26994,1.27008,1.50,1.50
2012.03.27 03:52:27.242,1.26995,1.27008,1.50,1.50
2012.03.27 03:52:27.842,1.26994,1.27009,1.50,2.25
2012.03.27 03:52:28.033,1.26991,1.27009,2.25,2.25
2012.03.27 03:52:28.160,1.26993,1.27009,1.50,1.50
2012.03.27 03:52:28.683,1.26992,1.27008,1.50,1.50
2012.03.27 03:52:37.966,1.26989,1.27,1.50,1.50
2012.03.27 03:52:38.037,1.26986,1.27008,2.25,3.00
2012.03.27 03:52:38.165,1.26989,1.27008,1.50,1.50
2012.03.27 03:52:38.294,1.26989,1.27008,2.25,1.50
2012.03.27 03:52:38.484,1.26989,1.27008,1.50,1.50
2012.03.27 03:52:38.800,1.26986,1.27005,3.30,1.50
2012.03.27 03:52:39.363,1.26984,1.27003,1.50,1.50
2012.03.27 03:52:39.854,1.26984,1.27001,1.50,1.50
2012.03.27 03:52:39.927,1.26981,1.27001,1.50,3.00
2012.03.27 03:52:39.998,1.26984,1.27001,1.50,1.50
2012.03.27 03:52:40.388,1.26987,1.27003,1.50,1.50
2012.03.27 03:52:40.527,1.26987,1.27005,1.50,1.50
2012.03.27 03:52:41.016,1.26985,1.27005,2.25,4.50
2012.03.27 03:52:41.870,1.26986,1.27005,1.50,3.00
2012.03.27 03:52:44.482,1.26984,1.27004,2.25,1.50
2012.03.27 03:52:47.304,1.26983,1.27003,2.25,2.25
2012.03.27 03:52:48.796,1.2698,1.27002,4.80,1.50
2012.03.27 03:52:49.303,1.26983,1.27003,2.25,1.50
2012.03.27 03:52:50.152,1.26982,1.27002,2.25,1.50
2012.03.27 03:52:51.264,1.26983,1.27003,2.25,1.50
2012.03.27 03:53:16.015,1.26984,1.27003,2.25,1.50
2012.03.27 03:53:19.117,1.26981,1.27001,2.25,1.50
2012.03.27 03:53:24.089,1.26981,1.27001,1.50,2.25
2012.03.27 03:53:26.425,1.26981,1.26992,1.50,1.50
2012.03.27 03:53:27.000,1.26984,1.27002,2.25,1.50
2012.03.27 03:53:27.083,1.26985,1.27003,4.05,1.50
2012.03.27 03:53:27.215,1.26987,1.27005,1.50,1.50
2012.03.27 03:53:27.585,1.26985,1.27003,2.55,1.50
2012.03.27 03:53:30.573,1.26985,1.27001,2.55,1.50
2012.03.27 03:53:33.444,1.26983,1.27,2.55,1.50
2012.03.27 03:53:35.437,1.26983,1.27001,2.55,1.50
2012.03.27 03:53:43.581,1.26983,1.27001,2.55,1.50
2012.03.27 03:53:43.790,1.26983,1.27001,2.55,2.25
2012.03.27 03:54:03.483,1.26983,1.26999,2.55,1.50
2012.03.27 03:54:08.291,1.26983,1.27002,2.55,3.00
2012.03.27 03:54:14.927,1.26982,1.26998,2.55,1.50
2012.03.27 03:54:15.296,1.26975,1.26996,2.55,1.50
2012.03.27 03:54:15.842,1.26978,1.26997,2.55,1.50
2012.03.27 03:54:18.532,1.26979,1.27,2.25,1.50
2012.03.27 03:54:18.603,1.26978,1.26998,4.05,1.50
2012.03.27 03:54:19.962,1.26979,1.27,2.25,1.50
2012.03.27 03:54:20.520,1.26984,1.27001,2.25,1.50
2012.03.27 03:54:22.827,1.26984,1.27001,2.25,1.50
2012.03.27 03:54:23.372,1.26984,1.27001,2.25,1.50
2012.03.27 03:54:23.505,1.26979,1.26999,2.25,1.50
2012.03.27 03:54:23.632,1.26978,1.26997,3.30,1.50
2012.03.27 03:54:24.123,1.26978,1.26995,3.30,1.50
2012.03.27 03:54:24.252,1.26978,1.27,4.80,2.25
2012.03.27 03:54:25.840,1.26978,1.26998,3.30,1.50
2012.03.27 03:54:29.554,1.26978,1.26995,3.30,1.50
2012.03.27 03:54:30.083,1.26978,1.26995,3.30,1.50
2012.03.27 03:54:30.303,1.26978,1.26999,3.30,2.25
2012.03.27 03:54:31.176,1.26978,1.26997,3.30,1.50
2012.03.27 03:54:39.862,1.26978,1.26995,3.30,1.50
2012.03.27 03:54:40.053,1.26976,1.26995,2.55,1.50
2012.03.27 03:54:40.126,1.26976,1.26993,2.55,1.50
2012.03.27 03:54:40.312,1.26976,1.26995,2.55,1.50
2012.03.27 03:54:41.213,1.26976,1.26993,2.55,1.50
2012.03.27 03:54:41.824,1.26976,1.26994,2.55,1.50
2012.03.27 03:54:43.832,1.26976,1.26996,4.05,1.50
2012.03.27 03:54:43.972,1.26981,1.27,2.25,2.25
2012.03.27 03:54:44.615,1.2698,1.27,2.25,2.25
2012.03.27 03:54:44.689,1.2698,1.27,2.25,2.25
2012.03.27 03:54:49.313,1.2698,1.27,2.25,1.50
2012.03.27 03:54:49.845,1.2698,1.27,2.25,1.50
2012.03.27 03:54:52.041,1.26981,1.27002,3.00,1.50
2012.03.27 03:54:56.362,1.26984,1.27001,2.55,1.50
2012.03.27 03:54:56.873,1.26985,1.27002,2.25,1.50
2012.03.27 03:54:58.204,1.26984,1.27001,2.55,1.50
2012.03.27 03:54:58.824,1.26984,1.27,2.55,1.50
2012.03.27 03:54:59.800,1.26984,1.27001,2.55,1.50
2012.03.27 03:55:00.677,1.26984,1.27002,2.55,1.50
2012.03.27 03:55:25.713,1.26987,1.27002,1.80,1.50
2012.03.27 03:55:26.374,1.26987,1.27006,4.05,1.50
2012.03.27 03:55:26.947,1.26987,1.27005,2.55,1.50
2012.03.27 03:55:28.863,1.26987,1.27006,4.05,1.50
2012.03.27 03:55:30.532,1.26987,1.27005,2.55,1.50
2012.03.27 03:55:31.558,1.26987,1.27003,2.55,1.50
2012.03.27 03:55:34.823,1.26983,1.27003,3.00,2.25
2012.03.27 03:55:39.014,1.26986,1.27006,1.50,1.50
2012.03.27 03:55:39.558,1.26984,1.27006,2.25,3.00
2012.03.27 03:55:40.815,1.26983,1.27003,3.00,1.50
2012.03.27 03:55:41.390,1.26986,1.27006,2.25,1.50
2012.03.27 03:55:41.460,1.26985,1.27005,3.00,3.00
2012.03.27 03:55:41.541,1.26987,1.27005,1.50,1.50
2012.03.27 03:55:42.077,1.26986,1.27004,1.50,1.50
2012.03.27 03:55:42.147,1.26986,1.27004,1.50,1.50
2012.03.27 03:55:42.464,1.26984,1.27,2.55,1.50
2012.03.27 03:55:42.789,1.26984,1.27003,2.55,2.25
2012.03.27 03:55:43.154,1.26984,1.27003,2.55,2.25
2012.03.27 03:55:43.776,1.26987,1.27005,2.25,1.50
2012.03.27 03:55:46.185,1.26985,1.27005,2.25,2.25
2012.03.27 03:55:51.466,1.26988,1.27006,2.25,1.50
2012.03.27 03:55:54.603,1.26989,1.27006,1.50,1.50
2012.03.27 03:55:55.622,1.26992,1.27006,1.50,1.50
2012.03.27 03:55:56.970,1.26993,1.27012,2.25,1.50
2012.03.27 03:55:57.113,1.26996,1.27014,1.50,1.50
2012.03.27 03:55:57.189,1.26996,1.27015,2.25,1.50
2012.03.27 03:55:57.316,1.27002,1.27014,1.50,1.50
2012.03.27 03:55:57.459,1.26997,1.27016,2.25,3.30
2012.03.27 03:55:58.014,1.26999,1.27015,1.50,2.55
2012.03.27 03:55:58.908,1.26997,1.27015,2.25,2.55
2012.03.27 03:55:59.418,1.27,1.27015,1.50,2.55
2012.03.27 03:56:00.405,1.26998,1.27015,2.25,2.55
2012.03.27 03:56:00.936,1.26998,1.27015,2.25,2.55
2012.03.27 03:56:04.403,1.26998,1.27015,2.25,3.30
2012.03.27 03:56:04.473,1.27,1.27015,1.50,3.30
2012.03.27 03:56:07.476,1.27,1.27015,1.50,3.30
2012.03.27 03:56:07.544,1.26996,1.27015,2.25,3.30
2012.03.27 03:56:07.796,1.27001,1.27015,1.50,1.50
2012.03.27 03:56:10.564,1.26999,1.27016,1.50,3.30
2012.03.27 03:56:10.636,1.27001,1.27016,1.50,3.30
2012.03.27 03:56:11.077,1.27003,1.27017,1.50,3.30
2012.03.27 03:56:11.395,1.27005,1.27017,1.50,3.30
2012.03.27 03:56:11.910,1.27005,1.27017,1.50,3.30
2012.03.27 03:56:12.108,1.27,1.27015,1.50,2.55
2012.03.27 03:56:17.133,1.27,1.27015,1.50,3.30
2012.03.27 03:56:47.343,1.26997,1.27014,2.25,1.50
2012.03.27 03:57:03.809,1.26994,1.27012,2.25,1.50
2012.03.27 03:57:25.890,1.26996,1.27011,1.50,1.50
2012.03.27 03:57:28.266,1.26996,1.27012,2.25,1.35
2012.03.27 03:57:41.341,1.26996,1.27013,2.25,1.50
2012.03.27 03:57:43.145,1.26996,1.27013,2.25,1.50
2012.03.27 03:57:43.561,1.26992,1.27009,1.50,1.29
2012.03.27 03:57:43.768,1.26989,1.27007,2.55,2.25
2012.03.27 03:57:43.956,1.26987,1.27004,1.50,1.50
2012.03.27 03:57:44.274,1.26987,1.27006,1.50,2.25
2012.03.27 03:57:45.479,1.26992,1.27009,1.50,3.84
2012.03.27 03:57:45.858,1.26994,1.27009,2.55,1.50
2012.03.27 03:57:45.996,1.26998,1.27016,1.50,2.25
2012.03.27 03:57:46.067,1.26998,1.27017,4.05,1.50
2012.03.27 03:57:46.335,1.27,1.27017,1.50,1.50
2012.03.27 03:57:46.410,1.27,1.27019,1.50,1.50
2012.03.27 03:57:46.483,1.27001,1.27021,2.25,1.50
2012.03.27 03:57:46.735,1.27,1.27017,1.50,1.50
2012.03.27 03:57:46.803,1.26998,1.27017,4.05,1.50
2012.03.27 03:57:47.686,1.26999,1.27017,1.50,3.00
2012.03.27 03:57:47.827,1.26999,1.27013,1.50,1.50
2012.03.27 03:57:48.133,1.26996,1.27011,1.50,1.50
2012.03.27 03:57:48.763,1.26996,1.27009,1.50,1.50
2012.03.27 03:57:48.898,1.26996,1.27012,1.50,1.50
2012.03.27 03:57:49.263,1.26997,1.27018,2.25,1.50
2012.03.27 03:57:49.454,1.26997,1.27016,1.50,1.50
2012.03.27 03:57:50.006,1.26997,1.27016,1.50,1.50
2012.03.27 03:57:52.008,1.26997,1.27016,1.50,1.50
2012.03.27 03:57:56.575,1.26996,1.27015,1.50,1.50
2012.03.27 03:57:56.775,1.26999,1.27016,1.50,1.50
2012.03.27 03:57:56.850,1.27001,1.27016,1.50,1.50
2012.03.27 03:57:57.364,1.26999,1.27017,1.50,1.50
2012.03.27 03:57:58.553,1.27,1.27017,1.50,2.25
2012.03.27 03:57:59.464,1.27,1.27017,1.50,2.79
2012.03.27 03:57:59.664,1.26996,1.27017,1.50,3.75
2012.03.27 03:57:59.854,1.26994,1.27014,2.25,1.50
2012.03.27 03:58:00.184,1.26992,1.27011,2.25,1.50
2012.03.27 03:58:00.890,1.26992,1.27011,2.25,1.50
2012.03.27 03:58:01.202,1.26992,1.27008,2.25,1.50
2012.03.27 03:58:01.335,1.26992,1.2701,2.25,1.50
2012.03.27 03:58:01.562,1.26992,1.27007,2.25,1.50
2012.03.27 03:58:05.471,1.26992,1.27007,1.50,1.50
2012.03.27 03:58:05.995,1.26992,1.27008,1.50,1.50
2012.03.27 03:58:06.063,1.26994,1.27014,2.25,3.00
2012.03.27 03:58:09.440,1.26993,1.27013,2.25,1.50
2012.03.27 03:58:09.993,1.26993,1.27014,2.25,2.79
2012.03.27 03:58:10.555,1.26992,1.27011,1.50,1.50
2012.03.27 03:58:10.684,1.26992,1.27013,1.50,2.25
2012.03.27 03:58:13.623,1.26995,1.27014,1.50,2.25
2012.03.27 03:58:14.475,1.26993,1.27013,2.25,2.10
2012.03.27 03:58:14.787,1.26985,1.27005,2.25,1.50
2012.03.27 03:58:15.097,1.26984,1.27002,2.55,1.50
2012.03.27 03:58:15.179,1.26984,1.27002,2.55,1.50
2012.03.27 03:58:16.052,1.26984,1.27002,2.55,1.50
2012.03.27 03:58:18.362,1.26982,1.26999,3.30,1.50
2012.03.27 03:58:24.527,1.2698,1.26998,1.50,1.50
2012.03.27 03:58:24.804,1.26977,1.26987,1.50,1.50
2012.03.27 03:58:25.016,1.26977,1.2699,2.55,1.50
2012.03.27 03:58:25.221,1.26976,1.2699,2.55,1.50
2012.03.27 03:58:25.297,1.26976,1.26992,2.55,1.50
2012.03.27 03:58:25.549,1.26974,1.26988,2.55,1.50
2012.03.27 03:58:25.674,1.26974,1.26991,2.55,1.50
2012.03.27 03:58:26.827,1.26974,1.26994,2.55,1.50
2012.03.27 03:58:28.165,1.26978,1.26994,1.50,1.50
2012.03.27 03:58:28.694,1.26978,1.26997,2.25,1.50
2012.03.27 03:58:29.083,1.26978,1.26998,3.00,3.00
2012.03.27 03:58:29.633,1.2698,1.26998,1.50,1.50
2012.03.27 03:58:30.052,1.26986,1.27002,1.50,1.50
2012.03.27 03:58:30.584,1.26986,1.27005,1.50,1.50
2012.03.27 03:58:30.877,1.26984,1.27004,1.50,1.50
2012.03.27 03:58:31.193,1.26986,1.27006,1.50,3.00
2012.03.27 03:58:31.758,1.26987,1.27007,1.50,2.25
2012.03.27 03:58:32.063,1.26991,1.27009,1.50,1.50
2012.03.27 03:58:32.838,1.26991,1.27009,1.50,1.50
2012.03.27 03:58:33.028,1.26984,1.27003,2.25,1.50
2012.03.27 03:58:33.218,1.2699,1.27004,1.50,1.50
2012.03.27 03:58:33.534,1.26994,1.27007,1.50,1.50
2012.03.27 03:58:34.514,1.26992,1.27007,1.50,1.50
2012.03.27 03:58:36.395,1.26992,1.27009,1.50,1.50
2012.03.27 03:58:37.214,1.26991,1.27009,1.50,2.25
2012.03.27 03:58:39.035,1.26987,1.27007,2.25,1.50
2012.03.27 03:58:39.103,1.26986,1.27004,1.50,1.50
2012.03.27 03:58:39.293,1.26983,1.27004,3.75,1.50
2012.03.27 03:58:39.363,1.26983,1.27002,2.25,1.50
2012.03.27 03:58:41.715,1.26982,1.26999,1.50,1.50
2012.03.27 03:58:42.503,1.26982,1.26998,1.50,1.50
2012.03.27 03:58:47.014,1.26982,1.27,1.50,1.50
2012.03.27 03:58:47.410,1.26982,1.27002,1.50,2.25
2012.03.27 03:58:53.332,1.26982,1.27001,1.50,1.50
2012.03.27 03:58:54.735,1.26986,1.27001,1.50,1.50
2012.03.27 03:58:58.337,1.26985,1.27006,2.25,2.25
2012.03.27 03:59:01.164,1.26983,1.27003,2.25,2.25
2012.03.27 03:59:01.302,1.26982,1.26999,2.25,1.50
2012.03.27 03:59:11.232,1.26982,1.27,2.25,1.50
2012.03.27 03:59:11.697,1.26982,1.27002,2.25,2.25
2012.03.27 03:59:19.282,1.26982,1.26999,2.25,1.50
2012.03.27 03:59:19.865,1.26982,1.27002,2.25,1.50
2012.03.27 03:59:23.094,1.26983,1.27003,3.00,1.50
2012.03.27 03:59:26.909,1.2699,1.27003,1.50,1.50
2012.03.27 03:59:27.245,1.27015,1.27023,1.13,2.25
2012.03.27 03:59:27.399,1.27014,1.27026,1.88,2.25
2012.03.27 03:59:27.473,1.27023,1.27031,1.80,1.50
2012.03.27 03:59:27.556,1.27023,1.27031,2.55,1.50
2012.03.27 03:59:27.838,1.27023,1.27034,2.25,1.50
2012.03.27 03:59:28.239,1.27023,1.27041,2.25,2.25
2012.03.27 03:59:28.450,1.27027,1.27048,1.50,1.50
2012.03.27 03:59:28.813,1.27029,1.27049,1.50,2.25
2012.03.27 03:59:29.034,1.27027,1.27049,1.50,3.75
2012.03.27 03:59:33.545,1.27024,1.27046,3.00,2.25
2012.03.27 03:59:33.616,1.27027,1.27047,1.50,2.25
2012.03.27 03:59:34.220,1.27027,1.27047,2.25,2.25
2012.03.27 03:59:34.774,1.27029,1.27049,1.50,2.25
2012.03.27 03:59:37.606,1.27031,1.2705,1.50,1.50
2012.03.27 03:59:38.421,1.27033,1.2705,1.50,1.50
2012.03.27 03:59:39.896,1.27033,1.2705,1.50,1.50
2012.03.27 03:59:40.422,1.27032,1.2705,1.50,1.50
2012.03.27 03:59:40.733,1.2703,1.2705,1.50,1.50
2012.03.27 03:59:41.879,1.2703,1.2705,1.50,1.50
2012.03.27 03:59:42.075,1.27031,1.27052,3.30,2.25
2012.03.27 03:59:42.288,1.27036,1.27056,1.50,3.00
2012.03.27 03:59:42.777,1.27036,1.27056,2.25,3.00
2012.03.27 03:59:43.723,1.27036,1.27056,3.00,3.00
2012.03.27 03:59:44.177,1.27036,1.27056,2.25,3.00
2012.03.27 03:59:44.251,1.27034,1.27054,1.50,3.00
2012.03.27 03:59:44.324,1.27034,1.27054,1.50,3.00
2012.03.27 03:59:44.395,1.2703,1.2705,1.50,2.25
2012.03.27 03:59:44.715,1.27035,1.27052,1.50,2.55
2012.03.27 03:59:47.583,1.27033,1.27051,1.50,1.50
2012.03.27 03:59:49.647,1.27033,1.27052,1.50,3.30
2012.03.27 03:59:49.775,1.27036,1.27052,1.50,1.50
2012.03.27 03:59:50.236,1.27036,1.27052,1.50,1.50
2012.03.27 03:59:50.498,1.27036,1.27052,1.50,1.50
2012.03.27 03:59:50.805,1.27026,1.27046,3.00,3.00
2012.03.27 03:59:52.677,1.27026,1.27044,2.25,1.50
2012.03.27 03:59:53.124,1.27022,1.27043,2.25,1.50
2012.03.27 03:59:53.733,1.2702,1.27038,3.30,1.50
2012.03.27 03:59:54.324,1.27022,1.27042,2.25,2.25
2012.03.27 03:59:57.820,1.27022,1.2704,2.25,1.50
2012.03.27 03:59:58.347,1.27022,1.2704,1.50,2.55
2012.03.27 03:59:58.898,1.27015,1.27037,4.80,3.00
2012.03.27 03:59:59.367,1.27015,1.27037,3.00,3.00
2012.03.27 03:59:59.437,1.27015,1.27037,2.25,3.00
2012.03.27 03:59:59.883,1.27015,1.27034,4.05,1.50
2012.03.27 03:59:59.954,1.27015,1.27034,4.05,1.50
