2011.06.27 13:00:00.075,1.36109,1.36131,2.40,1.50
2011.06.27 13:00:00.625,1.36103,1.36131,2.10,3.75
2011.06.27 13:00:00.846,1.36103,1.36131,2.10,1.50
2011.06.27 13:00:01.065,1.36103,1.36131,3.75,3.75
2011.06.27 13:00:01.287,1.36103,1.36131,2.10,1.50
2011.06.27 13:00:01.826,1.36103,1.36131,3.75,1.50
2011.06.27 13:00:02.154,1.36105,1.36131,2.40,1.50
2011.06.27 13:00:02.264,1.36105,1.36131,2.40,1.50
2011.06.27 13:00:02.944,1.36105,1.36131,2.40,1.50
2011.06.27 13:00:03.276,1.36103,1.36131,3.75,1.50
2011.06.27 13:00:03.496,1.36104,1.36131,2.40,1.50
2011.06.27 13:00:04.044,1.36103,1.36131,2.10,1.50
2011.06.27 13:00:04.155,1.36103,1.36131,2.10,1.50
2011.06.27 13:00:04.375,1.36103,1.36131,2.10,1.50
2011.06.27 13:00:04.716,1.36103,1.36131,2.10,1.50
2011.06.27 13:00:05.154,1.36103,1.36128,1.35,1.50
2011.06.27 13:00:06.180,1.36103,1.36127,1.35,2.40
2011.06.27 13:00:06.515,1.36101,1.36125,1.50,1.13
2011.06.27 13:00:06.845,1.36097,1.36123,1.13,1.50
2011.06.27 13:00:07.070,1.36096,1.3612,1.50,1.73
2011.06.27 13:00:07.626,1.36098,1.3612,2.40,1.50
2011.06.27 13:00:07.956,1.36097,1.3612,2.40,1.50
2011.06.27 13:00:08.066,1.36097,1.3612,2.40,1.50
2011.06.27 13:00:08.285,1.36097,1.3612,2.40,1.50
2011.06.27 13:00:08.835,1.36096,1.3612,1.35,1.50
2011.06.27 13:00:09.276,1.36096,1.3612,3.00,1.50
2011.06.27 13:00:09.605,1.36097,1.3612,3.00,1.50
2011.06.27 13:00:09.826,1.36099,1.36121,2.40,2.25
2011.06.27 13:00:10.175,1.36095,1.36122,1.50,1.50
2011.06.27 13:00:10.396,1.36095,1.36122,1.50,1.50
2011.06.27 13:00:11.056,1.36092,1.36119,3.00,1.50
2011.06.27 13:00:11.387,1.36098,1.36119,1.65,1.50
2011.06.27 13:00:11.496,1.36097,1.36122,2.40,1.50
2011.06.27 13:00:11.719,1.361,1.36121,1.50,2.40
2011.06.27 13:00:11.836,1.36093,1.36121,1.50,2.40
2011.06.27 13:00:12.057,1.36094,1.36117,1.50,2.40
2011.06.27 13:00:12.168,1.36096,1.36121,2.10,2.40
2011.06.27 13:00:12.399,1.36103,1.36121,3.75,1.65
2011.06.27 13:00:13.012,1.36095,1.36122,2.10,1.50
2011.06.27 13:00:13.237,1.36099,1.36122,2.40,1.50
2011.06.27 13:00:13.566,1.36093,1.36118,2.25,1.50
2011.06.27 13:00:14.666,1.36097,1.3612,1.65,1.50
2011.06.27 13:00:14.887,1.36096,1.36122,3.00,1.50
2011.06.27 13:00:15.215,1.36098,1.36122,3.75,1.50
2011.06.27 13:00:16.409,1.36099,1.36122,1.65,1.50
2011.06.27 13:00:16.635,1.36101,1.36122,1.65,1.50
2011.06.27 13:00:16.748,1.36099,1.36124,2.40,1.50
2011.06.27 13:00:16.867,1.36103,1.36124,1.35,1.50
2011.06.27 13:00:17.418,1.36093,1.36121,2.25,1.50
2011.06.27 13:00:17.974,1.36093,1.36121,2.25,1.50
2011.06.27 13:00:18.634,1.36094,1.36118,1.50,1.13
2011.06.27 13:00:19.294,1.36093,1.36118,1.50,1.50
2011.06.27 13:00:19.514,1.36094,1.36118,1.50,1.50
2011.06.27 13:00:20.047,1.36099,1.36118,3.00,1.69
2011.06.27 13:00:20.171,1.36099,1.36124,2.40,1.35
2011.06.27 13:00:20.290,1.36101,1.36124,3.00,1.35
2011.06.27 13:00:20.407,1.36103,1.36124,2.40,1.35
2011.06.27 13:00:20.738,1.36101,1.36128,1.50,1.88
2011.06.27 13:00:21.514,1.361,1.36126,1.50,1.13
2011.06.27 13:00:21.733,1.36102,1.36126,1.50,1.13
2011.06.27 13:00:22.067,1.36102,1.36126,1.50,1.13
2011.06.27 13:00:22.398,1.36094,1.36114,1.50,1.35
2011.06.27 13:00:22.738,1.36095,1.36118,1.50,1.35
2011.06.27 13:00:23.230,1.36094,1.36118,1.50,1.35
2011.06.27 13:00:23.567,1.36094,1.36118,1.50,2.10
2011.06.27 13:00:23.787,1.36093,1.36118,1.50,1.50
2011.06.27 13:00:24.336,1.36094,1.36119,1.35,1.50
2011.06.27 13:00:24.778,1.36103,1.36121,5.40,1.50
2011.06.27 13:00:24.896,1.36103,1.36126,5.40,1.50
2011.06.27 13:00:25.006,1.36103,1.36122,3.75,3.75
2011.06.27 13:00:25.226,1.36095,1.36122,1.50,1.50
2011.06.27 13:00:25.337,1.36095,1.36122,4.50,1.50
2011.06.27 13:00:25.951,1.361,1.36121,3.00,1.13
2011.06.27 13:00:26.066,1.36095,1.36121,1.50,1.13
2011.06.27 13:00:26.178,1.36095,1.36121,1.50,1.13
2011.06.27 13:00:26.631,1.36095,1.36124,2.10,4.50
2011.06.27 13:00:26.966,1.36105,1.36127,3.00,2.10
2011.06.27 13:00:27.077,1.36107,1.36127,3.75,1.50
2011.06.27 13:00:27.297,1.36109,1.36129,3.75,1.35
2011.06.27 13:00:27.519,1.36104,1.36118,2.25,1.50
2011.06.27 13:00:27.639,1.36104,1.36118,2.25,2.25
2011.06.27 13:00:27.866,1.36103,1.3612,1.50,1.13
2011.06.27 13:00:27.977,1.36093,1.36119,3.75,1.50
2011.06.27 13:00:28.086,1.36093,1.36117,3.75,1.50
2011.06.27 13:00:28.492,1.36091,1.36114,3.75,1.50
2011.06.27 13:00:28.600,1.3609,1.36112,3.75,1.50
2011.06.27 13:00:28.715,1.3609,1.36112,3.75,1.50
2011.06.27 13:00:29.076,1.36087,1.36112,3.75,1.50
2011.06.27 13:00:30.485,1.36085,1.36115,1.50,2.25
2011.06.27 13:00:31.035,1.36088,1.36115,1.35,1.50
2011.06.27 13:00:31.376,1.36088,1.36115,1.35,1.50
2011.06.27 13:00:31.706,1.36094,1.36115,1.50,1.50
2011.06.27 13:00:32.255,1.36093,1.36113,1.50,2.10
2011.06.27 13:00:32.554,1.36086,1.36113,1.50,2.10
2011.06.27 13:00:33.106,1.36088,1.36113,3.75,1.50
2011.06.27 13:00:33.324,1.36087,1.36113,3.75,1.50
2011.06.27 13:00:33.984,1.36088,1.36113,1.35,1.50
2011.06.27 13:00:34.584,1.36088,1.36113,1.35,1.50
2011.06.27 13:00:35.145,1.36088,1.36113,1.35,1.50
2011.06.27 13:00:35.475,1.36088,1.36114,1.35,1.50
2011.06.27 13:00:35.695,1.36088,1.36114,1.35,2.25
2011.06.27 13:00:36.246,1.36088,1.36115,2.10,1.50
2011.06.27 13:00:36.355,1.36088,1.36115,2.10,1.50
2011.06.27 13:00:36.985,1.36093,1.36115,1.88,1.50
2011.06.27 13:00:37.437,1.36089,1.36118,1.35,1.50
2011.06.27 13:00:38.207,1.36098,1.36115,3.00,1.50
2011.06.27 13:00:38.426,1.36104,1.36122,3.00,1.50
2011.06.27 13:00:38.646,1.36104,1.36126,4.35,1.50
2011.06.27 13:00:39.198,1.36103,1.36124,2.25,1.50
2011.06.27 13:00:39.306,1.36103,1.36124,1.50,1.50
2011.06.27 13:00:39.635,1.36099,1.36122,3.75,1.50
2011.06.27 13:00:40.008,1.361,1.36122,3.75,1.50
2011.06.27 13:00:40.445,1.36101,1.36125,3.75,1.50
2011.06.27 13:00:40.995,1.361,1.36125,3.75,1.50
2011.06.27 13:00:41.805,1.36104,1.36126,3.75,1.50
2011.06.27 13:00:42.024,1.36104,1.36125,3.75,1.50
2011.06.27 13:00:42.355,1.36103,1.36125,3.75,1.50
2011.06.27 13:00:43.185,1.36103,1.36125,3.75,1.50
2011.06.27 13:00:43.844,1.36103,1.36125,4.35,1.50
2011.06.27 13:00:44.285,1.361,1.36125,3.75,1.50
2011.06.27 13:00:44.615,1.36099,1.36125,1.50,1.50
2011.06.27 13:00:45.166,1.36096,1.36123,3.75,2.25
2011.06.27 13:00:45.493,1.36094,1.36121,3.75,1.13
2011.06.27 13:00:46.044,1.36093,1.36118,1.50,1.50
2011.06.27 13:00:46.374,1.36093,1.36118,1.50,1.50
2011.06.27 13:00:46.814,1.36093,1.36117,1.50,1.35
2011.06.27 13:00:47.145,1.36093,1.36118,1.50,1.50
2011.06.27 13:00:48.155,1.36094,1.36118,1.35,1.50
2011.06.27 13:00:49.944,1.36095,1.36118,3.75,1.50
2011.06.27 13:00:50.706,1.3609,1.36118,4.50,2.10
2011.06.27 13:00:51.296,1.36089,1.3611,1.50,1.35
2011.06.27 13:00:51.517,1.36084,1.3611,2.25,1.35
2011.06.27 13:00:52.067,1.36085,1.3611,1.50,1.50
2011.06.27 13:00:52.284,1.36085,1.36113,1.50,1.50
2011.06.27 13:00:52.835,1.36086,1.36113,3.75,1.50
2011.06.27 13:00:53.384,1.36086,1.36113,1.50,1.50
2011.06.27 13:00:53.605,1.36087,1.36113,1.50,1.50
2011.06.27 13:00:53.824,1.36089,1.36113,1.50,1.50
2011.06.27 13:00:54.459,1.36089,1.36114,2.10,1.50
2011.06.27 13:00:54.583,1.36095,1.36118,3.75,1.50
2011.06.27 13:00:55.134,1.36094,1.36122,2.25,2.10
2011.06.27 13:00:55.795,1.36097,1.36122,3.75,1.50
2011.06.27 13:00:56.346,1.36096,1.36122,3.38,1.50
2011.06.27 13:00:56.456,1.36094,1.36122,2.10,1.50
2011.06.27 13:00:56.786,1.36089,1.36118,2.40,2.10
2011.06.27 13:00:57.336,1.36088,1.36119,1.50,1.50
2011.06.27 13:00:57.858,1.36088,1.36117,1.50,1.35
2011.06.27 13:00:57.970,1.36088,1.36117,1.50,1.35
2011.06.27 13:00:58.445,1.36092,1.36119,1.50,1.50
2011.06.27 13:00:58.779,1.36093,1.36118,3.00,1.50
2011.06.27 13:00:59.006,1.36093,1.36118,3.00,1.50
2011.06.27 13:00:59.555,1.36091,1.36118,1.88,1.50
2011.06.27 13:01:00.104,1.36092,1.36118,1.50,1.50
2011.06.27 13:01:00.326,1.36092,1.36118,1.50,1.50
2011.06.27 13:01:00.547,1.3609,1.36114,1.50,1.50
2011.06.27 13:01:00.656,1.36088,1.36114,1.50,1.50
2011.06.27 13:01:00.766,1.36088,1.36114,1.50,1.50
2011.06.27 13:01:01.251,1.36094,1.36114,1.50,1.50
2011.06.27 13:01:01.479,1.36094,1.36114,1.50,1.50
2011.06.27 13:01:01.601,1.36093,1.3612,6.00,1.50
2011.06.27 13:01:02.046,1.36099,1.3612,4.50,1.50
2011.06.27 13:01:03.854,1.36104,1.36126,1.50,1.50
2011.06.27 13:01:04.405,1.36105,1.3613,1.50,1.50
2011.06.27 13:01:04.740,1.36126,1.36142,3.00,1.65
2011.06.27 13:01:04.860,1.36126,1.36142,3.00,3.15
2011.06.27 13:01:05.211,1.36119,1.36145,1.50,2.85
2011.06.27 13:01:05.436,1.36113,1.36141,4.50,1.50
2011.06.27 13:01:05.769,1.36114,1.36135,1.50,1.50
2011.06.27 13:01:06.106,1.36108,1.36134,1.50,1.50
2011.06.27 13:01:06.436,1.3611,1.36138,3.75,1.50
2011.06.27 13:01:06.655,1.3611,1.36138,3.75,1.50
2011.06.27 13:01:06.985,1.36107,1.36135,1.50,1.35
2011.06.27 13:01:07.316,1.36114,1.36138,1.50,1.50
2011.06.27 13:01:07.424,1.36112,1.36138,3.00,1.50
2011.06.27 13:01:07.535,1.36115,1.36138,3.00,1.50
2011.06.27 13:01:07.872,1.36111,1.36138,1.50,1.50
2011.06.27 13:01:08.427,1.36113,1.36138,2.25,1.50
2011.06.27 13:01:08.759,1.36113,1.36133,1.50,1.50
2011.06.27 13:01:09.095,1.36108,1.36136,4.50,1.50
2011.06.27 13:01:09.644,1.36108,1.36136,4.50,1.50
2011.06.27 13:01:09.977,1.36116,1.36144,1.35,1.50
2011.06.27 13:01:10.088,1.36116,1.36144,2.10,1.50
2011.06.27 13:01:10.315,1.36113,1.3614,1.50,1.35
2011.06.27 13:01:10.426,1.36112,1.36139,3.75,1.50
2011.06.27 13:01:10.646,1.36112,1.36138,3.00,1.50
2011.06.27 13:01:11.196,1.3611,1.36132,1.50,1.35
2011.06.27 13:01:11.891,1.36111,1.36137,1.50,3.00
2011.06.27 13:01:12.593,1.36111,1.36135,1.50,1.35
2011.06.27 13:01:13.254,1.36107,1.36136,4.50,1.50
2011.06.27 13:01:13.805,1.36107,1.36136,4.50,3.00
2011.06.27 13:01:14.405,1.36107,1.36136,4.50,3.00
2011.06.27 13:01:14.784,1.36107,1.36136,4.50,3.00
2011.06.27 13:01:15.364,1.36107,1.36136,4.50,3.00
2011.06.27 13:01:16.024,1.36108,1.36132,1.50,1.50
2011.06.27 13:01:16.555,1.36108,1.36131,1.50,1.35
2011.06.27 13:01:17.215,1.36109,1.36136,3.15,1.50
2011.06.27 13:01:17.325,1.36119,1.36138,1.50,2.10
2011.06.27 13:01:17.435,1.36123,1.36138,1.50,1.35
2011.06.27 13:01:17.546,1.36124,1.36138,1.50,1.35
2011.06.27 13:01:17.985,1.36111,1.36137,1.50,1.50
2011.06.27 13:01:18.095,1.36111,1.36136,1.50,1.50
2011.06.27 13:01:18.314,1.36111,1.36136,1.50,1.50
2011.06.27 13:01:18.935,1.36111,1.36136,1.50,1.50
2011.06.27 13:01:20.916,1.36111,1.36136,1.50,1.50
2011.06.27 13:01:21.026,1.36111,1.36136,1.50,1.50
2011.06.27 13:01:21.354,1.36111,1.36136,1.50,1.50
2011.06.27 13:01:21.905,1.36107,1.36137,1.50,1.50
2011.06.27 13:01:24.604,1.36107,1.36137,1.50,1.50
2011.06.27 13:01:25.014,1.36107,1.36137,1.50,1.50
2011.06.27 13:01:25.988,1.36105,1.36132,1.50,1.50
2011.06.27 13:01:26.326,1.36105,1.36132,1.50,1.50
2011.06.27 13:01:27.437,1.36105,1.36132,1.50,1.50
2011.06.27 13:01:27.656,1.36105,1.36132,2.40,1.50
2011.06.27 13:01:27.877,1.36099,1.36127,5.25,1.35
2011.06.27 13:01:28.094,1.36096,1.36127,1.50,1.35
2011.06.27 13:01:28.645,1.36096,1.36124,1.50,1.50
2011.06.27 13:01:29.195,1.36096,1.36124,1.50,1.50
2011.06.27 13:01:29.855,1.36096,1.3612,1.50,1.35
2011.06.27 13:01:30.832,1.36099,1.36122,3.75,1.50
2011.06.27 13:01:31.059,1.36094,1.3612,1.50,1.50
2011.06.27 13:01:31.294,1.36096,1.3612,1.65,1.50
2011.06.27 13:01:31.630,1.36093,1.36112,1.50,1.35
2011.06.27 13:01:32.185,1.36088,1.36112,1.50,1.50
2011.06.27 13:01:32.406,1.36088,1.36112,1.50,1.50
2011.06.27 13:01:32.955,1.36089,1.36112,3.75,1.50
2011.06.27 13:01:33.175,1.36089,1.36112,3.75,1.50
2011.06.27 13:01:33.505,1.36089,1.36112,3.75,1.50
2011.06.27 13:01:35.475,1.36089,1.36116,3.75,1.50
2011.06.27 13:01:35.805,1.36089,1.36116,4.13,1.50
2011.06.27 13:01:36.140,1.36098,1.36118,3.00,1.50
2011.06.27 13:01:36.257,1.36098,1.36122,3.75,1.50
2011.06.27 13:01:36.478,1.36099,1.36117,3.00,1.35
2011.06.27 13:01:36.806,1.36093,1.36114,1.50,1.50
2011.06.27 13:01:36.916,1.36087,1.36114,3.15,1.50
2011.06.27 13:01:37.465,1.36087,1.36112,2.40,1.50
2011.06.27 13:01:37.915,1.36087,1.36111,2.40,1.50
2011.06.27 13:01:38.686,1.36088,1.36112,3.75,1.50
2011.06.27 13:01:39.306,1.36088,1.36115,4.50,1.50
2011.06.27 13:01:39.637,1.36097,1.36115,3.60,1.50
2011.06.27 13:01:39.749,1.36097,1.36122,3.75,1.50
2011.06.27 13:01:39.866,1.36098,1.36125,4.50,1.50
2011.06.27 13:01:40.196,1.36099,1.36125,3.75,1.50
2011.06.27 13:01:40.417,1.36099,1.36125,3.75,1.50
2011.06.27 13:01:40.746,1.36098,1.36125,1.50,1.50
2011.06.27 13:01:41.405,1.36095,1.3612,2.40,1.50
2011.06.27 13:01:41.515,1.36095,1.3612,5.40,1.50
2011.06.27 13:01:42.066,1.36097,1.3612,2.40,1.50
2011.06.27 13:01:42.498,1.36098,1.36124,2.40,1.50
2011.06.27 13:01:42.838,1.36098,1.36124,2.40,1.50
2011.06.27 13:01:43.543,1.361,1.36124,1.65,1.50
2011.06.27 13:01:44.135,1.36099,1.3612,2.40,1.50
2011.06.27 13:01:44.464,1.3609,1.36119,1.50,2.25
2011.06.27 13:01:44.684,1.36091,1.36118,1.50,1.50
2011.06.27 13:01:45.244,1.36091,1.36117,1.50,1.50
2011.06.27 13:01:45.686,1.36094,1.36119,1.50,2.25
2011.06.27 13:01:46.015,1.36096,1.36121,3.75,1.50
2011.06.27 13:01:46.126,1.36098,1.36123,2.40,1.50
2011.06.27 13:01:46.644,1.36098,1.36123,2.40,1.50
2011.06.27 13:01:48.080,1.36098,1.36123,2.40,2.10
2011.06.27 13:01:48.421,1.36095,1.36119,2.40,1.50
2011.06.27 13:01:49.245,1.36094,1.36119,2.40,1.50
2011.06.27 13:01:50.234,1.36093,1.36119,1.50,1.50
2011.06.27 13:01:51.004,1.36093,1.36119,1.50,1.50
2011.06.27 13:01:51.446,1.36093,1.36122,1.50,2.40
2011.06.27 13:01:51.668,1.36096,1.36123,1.13,1.50
2011.06.27 13:01:51.786,1.36097,1.36127,3.38,1.50
2011.06.27 13:01:51.899,1.36104,1.36121,1.65,1.50
2011.06.27 13:01:52.432,1.36099,1.36116,1.65,1.35
2011.06.27 13:01:52.552,1.36102,1.36129,1.13,1.50
2011.06.27 13:01:53.226,1.36107,1.36133,2.40,1.50
2011.06.27 13:01:53.336,1.36109,1.36133,1.65,1.50
2011.06.27 13:01:53.556,1.36111,1.36137,2.40,1.50
2011.06.27 13:01:53.886,1.36104,1.36134,3.75,1.50
2011.06.27 13:01:54.413,1.36105,1.36134,1.50,1.50
2011.06.27 13:01:55.436,1.36105,1.36131,1.50,3.00
2011.06.27 13:01:55.766,1.36103,1.36129,1.50,1.50
2011.06.27 13:01:57.026,1.36103,1.36129,1.50,1.50
2011.06.27 13:01:57.356,1.36103,1.36129,1.50,1.50
2011.06.27 13:01:57.905,1.36101,1.36129,3.15,1.50
2011.06.27 13:01:58.124,1.36103,1.36129,1.50,1.50
2011.06.27 13:01:58.537,1.36103,1.36129,5.10,1.50
2011.06.27 13:01:58.863,1.36107,1.36129,2.40,1.50
2011.06.27 13:02:01.365,1.36107,1.36133,3.15,2.10
2011.06.27 13:02:02.576,1.36103,1.36128,3.15,1.35
2011.06.27 13:02:02.796,1.36102,1.36127,1.50,2.40
2011.06.27 13:02:03.343,1.36102,1.36127,3.75,2.40
2011.06.27 13:02:04.385,1.36102,1.36128,2.40,1.50
2011.06.27 13:02:04.933,1.36102,1.36128,2.40,2.10
2011.06.27 13:02:05.155,1.36102,1.36128,2.40,2.10
2011.06.27 13:02:05.704,1.36102,1.36128,2.40,1.50
2011.06.27 13:02:05.925,1.36101,1.36128,3.15,1.50
2011.06.27 13:02:08.874,1.36101,1.36128,3.15,1.50
2011.06.27 13:02:09.206,1.36101,1.36127,1.50,2.40
2011.06.27 13:02:09.534,1.36098,1.36123,1.13,1.50
2011.06.27 13:02:09.647,1.36099,1.36124,4.50,1.50
2011.06.27 13:02:09.869,1.361,1.36123,1.65,1.50
2011.06.27 13:02:09.987,1.36097,1.36123,1.50,1.50
2011.06.27 13:02:10.380,1.36094,1.36116,2.25,1.65
2011.06.27 13:02:10.500,1.36094,1.36114,1.50,2.40
2011.06.27 13:02:10.727,1.36094,1.3612,1.50,1.50
2011.06.27 13:02:10.945,1.36093,1.3612,3.90,1.50
2011.06.27 13:02:11.166,1.36096,1.36121,1.13,1.50
2011.06.27 13:02:11.386,1.36101,1.3612,2.40,1.35
2011.06.27 13:02:11.804,1.36095,1.36119,2.40,1.35
2011.06.27 13:02:11.917,1.36095,1.36119,2.40,1.35
2011.06.27 13:02:12.136,1.36099,1.36125,2.40,1.50
2011.06.27 13:02:12.575,1.36102,1.3613,1.50,3.15
2011.06.27 13:02:12.686,1.36102,1.3613,1.50,3.15
2011.06.27 13:02:13.235,1.36104,1.3613,1.50,2.40
2011.06.27 13:02:13.348,1.36105,1.36129,1.50,3.15
2011.06.27 13:02:13.906,1.36101,1.36128,1.50,2.40
2011.06.27 13:02:14.345,1.36101,1.36128,4.50,2.25
2011.06.27 13:02:14.675,1.36105,1.36132,2.40,1.50
2011.06.27 13:02:15.244,1.36105,1.36128,2.40,1.35
2011.06.27 13:02:15.466,1.36105,1.36128,1.65,1.50
2011.06.27 13:02:15.576,1.36101,1.36129,1.50,1.50
2011.06.27 13:02:15.850,1.36096,1.36129,1.50,1.50
2011.06.27 13:02:15.970,1.36098,1.36125,4.13,1.50
2011.06.27 13:02:16.308,1.36105,1.36128,1.65,1.50
2011.06.27 13:02:16.846,1.36104,1.36128,1.65,1.50
2011.06.27 13:02:17.354,1.36104,1.36128,1.65,1.50
2011.06.27 13:02:18.068,1.36103,1.36128,1.65,1.50
2011.06.27 13:02:18.188,1.36102,1.36128,1.50,2.40
2011.06.27 13:02:18.527,1.36101,1.36122,3.75,2.40
2011.06.27 13:02:19.404,1.36102,1.36126,1.50,2.40
2011.06.27 13:02:20.064,1.36101,1.36125,1.50,2.40
2011.06.27 13:02:20.634,1.36102,1.36125,1.50,2.40
2011.06.27 13:02:21.975,1.36101,1.36125,1.50,2.40
2011.06.27 13:02:22.491,1.36099,1.36124,3.75,2.40
2011.06.27 13:02:23.030,1.36099,1.36124,3.75,2.40
2011.06.27 13:02:23.535,1.36105,1.36124,3.00,2.40
2011.06.27 13:02:23.644,1.361,1.36124,3.75,2.40
2011.06.27 13:02:24.294,1.361,1.36122,3.75,1.35
2011.06.27 13:02:24.739,1.36093,1.36117,5.40,1.50
2011.06.27 13:02:24.855,1.36093,1.36117,5.40,1.50
2011.06.27 13:02:25.186,1.3609,1.36117,1.13,3.00
2011.06.27 13:02:25.407,1.36093,1.36117,2.40,3.00
2011.06.27 13:02:25.737,1.36087,1.36112,2.40,1.50
2011.06.27 13:02:26.284,1.36086,1.36112,2.40,1.50
2011.06.27 13:02:27.552,1.36091,1.3612,5.40,4.65
2011.06.27 13:02:29.118,1.3609,1.36113,3.75,2.40
2011.06.27 13:02:29.456,1.3609,1.36113,3.75,2.40
2011.06.27 13:02:30.365,1.36092,1.36113,3.75,2.40
2011.06.27 13:02:30.586,1.36092,1.36114,3.75,1.35
2011.06.27 13:02:30.935,1.36092,1.36114,3.75,1.35
2011.06.27 13:02:31.487,1.3609,1.36111,1.50,2.40
2011.06.27 13:02:31.897,1.36086,1.36114,1.50,1.35
2011.06.27 13:02:32.011,1.36092,1.36118,2.40,1.35
2011.06.27 13:02:32.236,1.36093,1.36114,1.50,1.65
2011.06.27 13:02:32.565,1.36093,1.36114,1.50,2.40
2011.06.27 13:02:32.896,1.36093,1.36114,1.50,2.40
2011.06.27 13:02:33.335,1.36089,1.36114,3.15,2.40
2011.06.27 13:02:33.776,1.36092,1.36116,2.40,1.50
2011.06.27 13:02:34.105,1.36093,1.3612,1.50,2.10
2011.06.27 13:02:34.435,1.36094,1.3612,3.00,2.10
2011.06.27 13:02:34.657,1.36127,1.36137,1.65,2.16
2011.06.27 13:02:34.769,1.36138,1.36151,2.10,2.40
2011.06.27 13:02:34.998,1.36152,1.36171,2.40,1.50
2011.06.27 13:02:35.316,1.36154,1.36174,2.10,1.50
2011.06.27 13:02:35.435,1.36161,1.36178,2.40,1.50
2011.06.27 13:02:35.558,1.36161,1.36176,1.65,1.35
2011.06.27 13:02:35.895,1.36157,1.36173,1.65,1.50
2011.06.27 13:02:36.116,1.3615,1.36173,1.50,1.50
2011.06.27 13:02:36.338,1.36148,1.36174,1.50,1.50
2011.06.27 13:02:36.556,1.36147,1.36168,1.50,1.50
2011.06.27 13:02:37.215,1.36144,1.3617,1.13,1.35
2011.06.27 13:02:37.545,1.36149,1.3617,3.15,1.35
2011.06.27 13:02:37.874,1.36156,1.3618,1.65,1.50
2011.06.27 13:02:38.096,1.36156,1.3618,1.65,1.50
2011.06.27 13:02:38.205,1.36158,1.3618,1.65,1.50
2011.06.27 13:02:38.528,1.36153,1.3618,1.50,3.15
2011.06.27 13:02:38.636,1.36158,1.3618,1.65,1.50
2011.06.27 13:02:39.299,1.36158,1.36174,1.65,1.50
2011.06.27 13:02:39.635,1.36153,1.36173,1.50,1.50
2011.06.27 13:02:39.964,1.36154,1.36169,1.50,1.50
2011.06.27 13:02:40.186,1.36153,1.36169,1.50,1.50
2011.06.27 13:02:41.173,1.36154,1.36169,1.50,1.50
2011.06.27 13:02:41.724,1.36153,1.36169,1.50,1.50
2011.06.27 13:02:42.056,1.36153,1.36171,1.50,2.40
2011.06.27 13:02:42.276,1.36154,1.3618,1.50,3.15
2011.06.27 13:02:42.824,1.36154,1.3618,1.50,1.50
2011.06.27 13:02:43.893,1.36159,1.3618,1.35,1.50
2011.06.27 13:02:44.226,1.36154,1.3618,4.65,1.50
2011.06.27 13:02:44.449,1.36154,1.3618,3.00,1.50
2011.06.27 13:02:44.784,1.36162,1.36181,1.65,1.50
2011.06.27 13:02:44.894,1.36162,1.36181,1.65,1.50
2011.06.27 13:02:45.114,1.36163,1.36181,1.50,1.50
2011.06.27 13:02:45.447,1.36157,1.36181,1.73,1.50
2011.06.27 13:02:45.778,1.36163,1.36181,1.65,1.50
2011.06.27 13:02:45.894,1.36155,1.36181,1.35,1.50
2011.06.27 13:02:46.116,1.36163,1.36181,1.65,1.50
2011.06.27 13:02:46.666,1.36155,1.36181,1.35,1.50
2011.06.27 13:02:47.051,1.36155,1.36181,1.35,1.50
2011.06.27 13:02:47.165,1.36162,1.36182,1.50,3.15
2011.06.27 13:02:47.275,1.36169,1.36182,1.35,3.15
2011.06.27 13:02:47.495,1.36173,1.36192,1.13,1.50
2011.06.27 13:02:47.605,1.36174,1.36192,1.13,1.50
2011.06.27 13:02:48.046,1.36183,1.36201,1.50,1.35
2011.06.27 13:02:48.576,1.36183,1.36197,1.50,1.35
2011.06.27 13:02:49.136,1.36183,1.36197,1.50,1.35
2011.06.27 13:02:49.245,1.36183,1.36197,1.50,1.35
2011.06.27 13:02:49.794,1.36183,1.36198,1.50,1.50
2011.06.27 13:02:50.555,1.36183,1.36198,1.50,1.50
2011.06.27 13:02:51.298,1.36183,1.3619,1.50,1.35
2011.06.27 13:02:51.555,1.36165,1.3619,1.50,3.75
2011.06.27 13:02:51.670,1.36165,1.3619,1.35,3.75
2011.06.27 13:02:52.008,1.36174,1.3619,1.35,2.40
2011.06.27 13:02:52.121,1.36177,1.36197,1.65,1.50
2011.06.27 13:02:52.348,1.36173,1.36197,3.00,1.50
2011.06.27 13:02:52.845,1.36174,1.36198,2.85,2.40
2011.06.27 13:02:53.177,1.36173,1.36191,1.50,1.50
2011.06.27 13:02:53.507,1.36163,1.36191,1.50,1.50
2011.06.27 13:02:53.615,1.36163,1.36186,1.50,1.50
2011.06.27 13:02:55.186,1.36165,1.36186,1.65,1.50
2011.06.27 13:02:55.517,1.36169,1.36195,1.50,1.35
2011.06.27 13:02:55.627,1.36172,1.36195,1.50,1.35
2011.06.27 13:02:55.994,1.36169,1.36193,3.00,1.50
2011.06.27 13:02:56.108,1.36169,1.36193,3.00,1.50
2011.06.27 13:02:56.219,1.36161,1.36193,1.88,1.50
2011.06.27 13:02:56.337,1.36165,1.36193,1.50,1.50
2011.06.27 13:02:56.700,1.36165,1.36193,5.25,1.50
2011.06.27 13:02:57.038,1.36168,1.36193,3.00,1.50
2011.06.27 13:02:57.366,1.36168,1.36197,3.75,1.50
2011.06.27 13:02:57.699,1.36166,1.36197,3.75,1.50
2011.06.27 13:02:57.818,1.36165,1.3619,1.50,1.50
2011.06.27 13:02:59.348,1.36165,1.3619,2.25,1.50
2011.06.27 13:02:59.786,1.36163,1.3619,1.50,1.50
2011.06.27 13:03:00.115,1.36162,1.3619,6.75,1.50
2011.06.27 13:03:00.667,1.36164,1.36188,1.35,2.40
2011.06.27 13:03:00.885,1.36164,1.3619,1.35,1.50
2011.06.27 13:03:01.437,1.36161,1.36188,1.13,1.50
2011.06.27 13:03:01.766,1.3616,1.36185,3.00,1.50
2011.06.27 13:03:01.876,1.3616,1.36185,3.00,1.50
2011.06.27 13:03:02.432,1.36158,1.36185,2.10,1.50
2011.06.27 13:03:02.875,1.36161,1.36185,1.50,1.50
2011.06.27 13:03:03.285,1.36162,1.3619,1.50,1.50
2011.06.27 13:03:03.507,1.36161,1.3619,2.25,7.50
2011.06.27 13:03:03.616,1.36157,1.36184,1.50,1.50
2011.06.27 13:03:03.726,1.36157,1.36184,1.50,1.50
2011.06.27 13:03:03.946,1.36157,1.36184,1.88,1.50
2011.06.27 13:03:04.276,1.3617,1.36189,3.60,1.50
2011.06.27 13:03:04.605,1.36173,1.36194,1.50,1.50
2011.06.27 13:03:04.827,1.36173,1.36196,1.50,1.50
2011.06.27 13:03:05.046,1.36174,1.36196,1.50,1.50
2011.06.27 13:03:05.377,1.36174,1.36196,1.50,1.50
2011.06.27 13:03:05.485,1.36174,1.36196,1.50,1.50
2011.06.27 13:03:06.035,1.36174,1.36196,1.35,1.50
2011.06.27 13:03:06.589,1.36174,1.36196,1.50,1.50
2011.06.27 13:03:06.706,1.36174,1.36198,2.25,1.50
2011.06.27 13:03:06.820,1.36189,1.36207,1.35,1.50
2011.06.27 13:03:06.937,1.36189,1.36207,3.75,1.50
2011.06.27 13:03:07.049,1.36185,1.36211,2.10,1.88
2011.06.27 13:03:07.387,1.36184,1.36216,4.50,4.28
2011.06.27 13:03:07.720,1.36184,1.36215,2.25,1.50
2011.06.27 13:03:07.837,1.362,1.36217,5.25,4.50
2011.06.27 13:03:07.948,1.36212,1.3622,1.65,1.50
2011.06.27 13:03:08.168,1.36189,1.36217,1.88,2.10
2011.06.27 13:03:08.277,1.36196,1.36217,1.65,1.35
2011.06.27 13:03:08.386,1.36194,1.36217,1.73,1.50
2011.06.27 13:03:08.938,1.36194,1.36217,2.25,2.10
2011.06.27 13:03:09.233,1.36166,1.36191,1.35,1.50
2011.06.27 13:03:09.461,1.36169,1.36194,1.35,1.50
2011.06.27 13:03:09.579,1.36169,1.36195,1.50,1.50
2011.06.27 13:03:10.136,1.36172,1.3619,1.35,1.65
2011.06.27 13:03:10.356,1.36171,1.36199,1.50,1.50
2011.06.27 13:03:10.576,1.36171,1.36199,1.50,1.50
2011.06.27 13:03:11.016,1.36174,1.36199,1.35,1.50
2011.06.27 13:03:11.127,1.36174,1.36199,2.10,1.50
2011.06.27 13:03:11.676,1.36174,1.36195,1.35,1.50
2011.06.27 13:03:12.180,1.36173,1.36194,1.50,1.88
2011.06.27 13:03:12.302,1.36173,1.36181,1.50,1.50
2011.06.27 13:03:12.419,1.36164,1.36181,2.25,1.50
2011.06.27 13:03:12.538,1.36163,1.36181,1.50,1.50
2011.06.27 13:03:12.876,1.3616,1.36188,1.13,1.50
2011.06.27 13:03:12.989,1.36163,1.36188,1.50,1.50
2011.06.27 13:03:13.437,1.36165,1.36188,2.48,1.50
2011.06.27 13:03:13.656,1.36168,1.36194,1.35,1.50
2011.06.27 13:03:13.876,1.36169,1.36194,1.35,1.50
2011.06.27 13:03:14.206,1.36173,1.36194,1.50,1.50
2011.06.27 13:03:14.724,1.36173,1.36194,1.50,1.50
2011.06.27 13:03:14.957,1.36164,1.3619,3.00,1.50
2011.06.27 13:03:15.069,1.36164,1.3619,3.00,1.50
2011.06.27 13:03:18.304,1.36164,1.3619,2.25,1.50
2011.06.27 13:03:18.946,1.36164,1.36186,4.50,1.50
2011.06.27 13:03:19.058,1.36163,1.36184,1.50,1.50
2011.06.27 13:03:19.558,1.36159,1.36189,1.35,2.10
2011.06.27 13:03:19.670,1.36157,1.36189,1.35,2.10
2011.06.27 13:03:20.118,1.36154,1.36183,2.48,1.50
2011.06.27 13:03:20.678,1.36157,1.36183,3.00,1.50
2011.06.27 13:03:21.116,1.36156,1.36181,2.10,2.40
2011.06.27 13:03:21.230,1.3616,1.36183,1.35,1.50
2011.06.27 13:03:21.566,1.36166,1.36187,1.50,1.50
2011.06.27 13:03:22.115,1.36163,1.36188,1.35,1.50
2011.06.27 13:03:22.813,1.36163,1.36188,1.35,1.50
2011.06.27 13:03:23.337,1.36161,1.36187,2.10,1.50
2011.06.27 13:03:23.445,1.36156,1.36178,1.50,1.13
2011.06.27 13:03:23.555,1.36155,1.36174,1.50,1.50
2011.06.27 13:03:23.668,1.36154,1.36174,2.25,1.50
2011.06.27 13:03:23.886,1.36151,1.36174,1.35,1.50
2011.06.27 13:03:24.106,1.3615,1.36174,1.35,1.50
2011.06.27 13:03:24.436,1.36149,1.36174,1.35,1.50
2011.06.27 13:03:24.876,1.3615,1.36177,3.75,1.50
2011.06.27 13:03:25.427,1.3615,1.36172,1.35,2.40
2011.06.27 13:03:25.646,1.3615,1.36174,1.35,1.50
2011.06.27 13:03:25.754,1.3615,1.36174,1.35,1.50
2011.06.27 13:03:27.297,1.36143,1.36169,3.60,1.50
2011.06.27 13:03:27.626,1.36141,1.36169,1.73,1.50
2011.06.27 13:03:27.956,1.36141,1.36169,1.73,1.50
2011.06.27 13:03:28.175,1.36143,1.36169,3.00,1.50
2011.06.27 13:03:28.724,1.36141,1.36169,2.48,1.50
2011.06.27 13:03:29.385,1.36142,1.36169,3.75,1.50
2011.06.27 13:03:29.606,1.36144,1.36169,3.00,1.50
2011.06.27 13:03:30.156,1.36144,1.36169,3.00,1.50
2011.06.27 13:03:30.487,1.36148,1.36171,1.35,1.50
2011.06.27 13:03:30.815,1.36143,1.36173,1.35,1.50
2011.06.27 13:03:31.445,1.36143,1.36173,1.35,1.50
2011.06.27 13:03:31.885,1.36142,1.36169,4.35,1.50
2011.06.27 13:03:32.325,1.36142,1.36169,4.35,1.50
2011.06.27 13:03:32.656,1.36149,1.36169,4.35,1.50
2011.06.27 13:03:32.764,1.36149,1.36169,4.35,1.50
2011.06.27 13:03:34.205,1.36148,1.36172,1.35,1.50
2011.06.27 13:03:34.316,1.36146,1.36172,1.50,1.50
2011.06.27 13:03:34.535,1.36144,1.36172,1.35,1.50
2011.06.27 13:03:34.760,1.36145,1.36168,2.10,1.50
2011.06.27 13:03:35.403,1.36145,1.36169,2.10,1.50
2011.06.27 13:03:35.521,1.36143,1.36168,2.25,1.50
2011.06.27 13:03:36.267,1.36143,1.36168,1.13,1.50
2011.06.27 13:03:36.595,1.36147,1.36171,1.35,1.50
2011.06.27 13:03:36.706,1.36149,1.36171,1.35,1.50
2011.06.27 13:03:36.926,1.36147,1.36171,2.10,1.50
2011.06.27 13:03:37.476,1.36146,1.36171,2.10,1.50
2011.06.27 13:03:37.997,1.36146,1.36171,1.35,1.50
2011.06.27 13:03:38.655,1.36147,1.36171,1.35,1.50
2011.06.27 13:03:40.292,1.36138,1.36165,2.10,2.40
2011.06.27 13:03:40.515,1.36138,1.36165,1.35,2.40
2011.06.27 13:03:40.849,1.36136,1.36164,1.35,1.50
2011.06.27 13:03:41.185,1.36134,1.36164,3.60,1.50
2011.06.27 13:03:41.409,1.36138,1.36164,1.73,1.50
2011.06.27 13:03:41.637,1.36135,1.36164,1.50,1.50
2011.06.27 13:03:41.855,1.36135,1.36163,1.50,1.50
2011.06.27 13:03:42.188,1.36136,1.36163,1.50,1.50
2011.06.27 13:03:42.626,1.36138,1.36163,2.10,1.50
2011.06.27 13:03:42.847,1.3614,1.36164,1.35,1.50
2011.06.27 13:03:43.065,1.3614,1.36168,1.50,1.50
2011.06.27 13:03:43.619,1.3614,1.36168,2.10,1.50
2011.06.27 13:03:44.009,1.36139,1.36164,1.35,1.50
2011.06.27 13:03:44.459,1.36141,1.36164,1.35,1.50
2011.06.27 13:03:44.795,1.36143,1.36164,1.50,1.50
2011.06.27 13:03:45.126,1.36144,1.36165,2.25,1.50
2011.06.27 13:03:45.345,1.36144,1.36168,1.50,1.50
2011.06.27 13:03:45.677,1.36141,1.36168,1.35,1.50
2011.06.27 13:03:45.787,1.36141,1.36166,1.35,3.75
2011.06.27 13:03:46.117,1.3614,1.36164,3.75,1.50
2011.06.27 13:03:46.336,1.36144,1.36167,3.00,2.40
2011.06.27 13:03:47.105,1.36144,1.36167,3.75,1.50
2011.06.27 13:03:47.325,1.36144,1.36167,3.00,1.50
2011.06.27 13:03:47.874,1.36144,1.36167,3.00,1.50
2011.06.27 13:03:48.246,1.36144,1.36168,3.75,1.50
2011.06.27 13:03:48.467,1.36145,1.36172,1.35,1.50
2011.06.27 13:03:49.326,1.36144,1.36172,5.85,1.50
2011.06.27 13:03:49.655,1.3615,1.36172,3.75,1.50
2011.06.27 13:03:49.986,1.36148,1.36172,1.35,1.50
2011.06.27 13:03:50.427,1.36147,1.3617,1.35,1.50
2011.06.27 13:03:50.536,1.36142,1.36168,4.50,1.50
2011.06.27 13:03:50.754,1.36142,1.36168,5.10,1.50
2011.06.27 13:03:51.086,1.36146,1.36172,1.50,1.50
2011.06.27 13:03:51.416,1.36148,1.36172,3.00,1.50
2011.06.27 13:03:51.529,1.36148,1.36172,3.75,1.50
2011.06.27 13:03:51.866,1.36145,1.36175,1.35,1.35
2011.06.27 13:03:52.088,1.36153,1.36175,1.50,3.75
2011.06.27 13:03:52.305,1.36156,1.36179,1.50,1.50
2011.06.27 13:03:52.635,1.36163,1.36176,1.50,1.50
2011.06.27 13:03:53.218,1.36153,1.36171,1.50,1.50
2011.06.27 13:03:53.335,1.36145,1.36171,1.88,1.50
2011.06.27 13:03:53.451,1.36149,1.36171,1.35,1.50
2011.06.27 13:03:54.116,1.36149,1.36178,4.35,1.50
2011.06.27 13:03:54.664,1.36151,1.36178,1.50,1.50
2011.06.27 13:03:55.457,1.36151,1.36178,1.50,1.50
2011.06.27 13:03:55.784,1.36153,1.36178,1.13,1.50
2011.06.27 13:03:56.114,1.36163,1.36178,1.50,1.50
2011.06.27 13:03:57.906,1.36164,1.36178,1.50,1.50
2011.06.27 13:03:58.310,1.36163,1.36178,1.50,1.50
2011.06.27 13:03:58.433,1.36154,1.36174,1.50,1.50
2011.06.27 13:03:58.765,1.36149,1.36172,1.35,1.50
2011.06.27 13:03:58.875,1.36151,1.36172,1.50,1.50
2011.06.27 13:03:59.945,1.36154,1.36173,1.50,1.50
2011.06.27 13:04:00.495,1.36153,1.36177,2.25,2.10
2011.06.27 13:04:00.605,1.36154,1.36177,1.50,1.50
2011.06.27 13:04:00.955,1.36153,1.36177,2.25,1.50
2011.06.27 13:04:01.794,1.36153,1.36177,2.25,1.50
2011.06.27 13:04:02.391,1.36153,1.36177,2.25,1.50
2011.06.27 13:04:02.726,1.36153,1.36177,1.50,1.50
2011.06.27 13:04:03.055,1.36154,1.36177,2.25,1.50
2011.06.27 13:04:04.698,1.36153,1.36175,1.50,1.50
2011.06.27 13:04:05.245,1.36153,1.36174,1.50,1.50
2011.06.27 13:04:05.574,1.36154,1.36174,1.50,1.50
2011.06.27 13:04:06.275,1.36154,1.36174,1.50,1.50
2011.06.27 13:04:06.825,1.36154,1.36174,1.50,1.50
2011.06.27 13:04:07.046,1.36153,1.36174,1.50,1.50
2011.06.27 13:04:07.556,1.36153,1.36174,1.50,1.50
2011.06.27 13:04:08.107,1.36153,1.36169,1.50,1.50
2011.06.27 13:04:08.435,1.36154,1.36169,1.50,1.50
2011.06.27 13:04:08.550,1.36143,1.36169,2.25,1.50
2011.06.27 13:04:08.996,1.36143,1.36169,2.25,1.50
2011.06.27 13:04:10.296,1.36145,1.36169,3.75,1.50
2011.06.27 13:04:10.626,1.36143,1.36169,2.25,1.50
2011.06.27 13:04:10.738,1.36144,1.36169,2.25,1.50
2011.06.27 13:04:11.395,1.36143,1.36169,2.25,1.50
2011.06.27 13:04:11.616,1.36144,1.36169,2.10,1.50
2011.06.27 13:04:11.946,1.36148,1.36169,3.60,1.50
2011.06.27 13:04:12.165,1.36148,1.36173,3.60,1.50
2011.06.27 13:04:12.496,1.36151,1.36173,3.00,1.50
2011.06.27 13:04:12.889,1.36163,1.36189,3.00,1.50
2011.06.27 13:04:13.010,1.36159,1.36189,1.35,1.50
2011.06.27 13:04:13.127,1.36164,1.36189,1.35,1.50
2011.06.27 13:04:13.347,1.36162,1.36192,1.50,3.00
2011.06.27 13:04:13.456,1.36161,1.36185,1.50,1.50
2011.06.27 13:04:14.004,1.36161,1.36185,1.50,1.50
2011.06.27 13:04:14.985,1.36158,1.36186,1.13,2.10
2011.06.27 13:04:15.314,1.36158,1.36186,1.13,2.10
2011.06.27 13:04:15.865,1.36156,1.36186,1.50,2.10
2011.06.27 13:04:16.085,1.36156,1.36182,1.50,1.50
2011.06.27 13:04:16.525,1.36154,1.36179,2.10,2.25
2011.06.27 13:04:16.920,1.36151,1.36177,1.50,1.50
2011.06.27 13:04:17.254,1.36151,1.36177,1.50,1.50
2011.06.27 13:04:17.856,1.36155,1.36177,1.35,1.50
2011.06.27 13:04:18.368,1.36159,1.36177,2.10,1.50
2011.06.27 13:04:18.477,1.36154,1.36177,1.35,2.25
2011.06.27 13:04:18.587,1.36149,1.36174,2.25,3.00
2011.06.27 13:04:18.918,1.36152,1.36176,2.10,1.50
2011.06.27 13:04:19.026,1.36152,1.36176,3.00,1.50
2011.06.27 13:04:19.245,1.36146,1.36176,1.35,1.50
2011.06.27 13:04:19.465,1.36146,1.36176,1.35,1.50
2011.06.27 13:04:19.796,1.36148,1.36176,3.75,3.15
2011.06.27 13:04:20.015,1.36148,1.36176,3.75,3.15
2011.06.27 13:04:20.236,1.36155,1.36176,1.35,1.50
2011.06.27 13:04:20.579,1.3615,1.36179,2.10,1.50
2011.06.27 13:04:20.806,1.3615,1.36179,2.10,4.88
2011.06.27 13:04:21.030,1.3615,1.36179,5.10,3.15
2011.06.27 13:04:21.256,1.36153,1.36179,3.00,1.50
2011.06.27 13:04:21.477,1.3615,1.36179,2.10,1.50
2011.06.27 13:04:21.588,1.36152,1.36179,3.00,1.50
2011.06.27 13:04:21.920,1.36157,1.36184,1.35,1.50
2011.06.27 13:04:22.476,1.36156,1.36184,1.35,1.50
2011.06.27 13:04:23.027,1.36157,1.36183,1.35,1.50
2011.06.27 13:04:23.355,1.3616,1.36187,3.75,2.10
2011.06.27 13:04:23.796,1.36158,1.36187,4.88,2.10
2011.06.27 13:04:24.349,1.36158,1.36184,1.50,1.50
2011.06.27 13:04:24.691,1.36177,1.36191,1.50,3.90
2011.06.27 13:04:24.918,1.3618,1.36191,3.00,1.50
2011.06.27 13:04:25.026,1.36174,1.36191,1.50,1.50
2011.06.27 13:04:25.138,1.3617,1.36191,2.25,2.25
2011.06.27 13:04:25.247,1.36172,1.36193,1.50,1.35
2011.06.27 13:04:25.576,1.36165,1.36191,1.50,4.50
2011.06.27 13:04:25.796,1.36164,1.36191,1.50,4.50
2011.06.27 13:04:25.904,1.36164,1.36191,1.50,4.50
2011.06.27 13:04:26.357,1.36166,1.36191,1.50,1.50
2011.06.27 13:04:26.907,1.36174,1.36195,1.35,1.50
2011.06.27 13:04:27.345,1.36174,1.36195,1.50,1.50
2011.06.27 13:04:28.113,1.36173,1.36195,1.50,1.50
2011.06.27 13:04:28.447,1.36173,1.36195,1.50,1.50
2011.06.27 13:04:28.556,1.36173,1.36195,1.50,1.50
2011.06.27 13:04:28.775,1.36183,1.36195,1.50,1.50
2011.06.27 13:04:28.996,1.3617,1.36197,1.35,1.50
2011.06.27 13:04:29.215,1.36173,1.36197,1.50,1.50
2011.06.27 13:04:29.328,1.36173,1.36197,1.50,1.50
2011.06.27 13:04:29.879,1.36174,1.36197,1.50,1.50
2011.06.27 13:04:30.875,1.36173,1.36195,1.50,1.50
2011.06.27 13:04:31.097,1.36164,1.36188,1.50,1.50
2011.06.27 13:04:31.207,1.36168,1.36188,2.10,1.50
2011.06.27 13:04:31.540,1.36178,1.362,1.13,1.50
2011.06.27 13:04:31.656,1.36183,1.36208,3.00,1.50
2011.06.27 13:04:31.910,1.36178,1.36208,1.13,4.50
2011.06.27 13:04:32.031,1.36183,1.36206,1.50,1.35
2011.06.27 13:04:32.368,1.36177,1.36203,3.00,1.50
2011.06.27 13:04:32.586,1.36176,1.36203,3.60,1.50
2011.06.27 13:04:33.246,1.36175,1.36203,5.10,1.50
2011.06.27 13:04:33.468,1.36173,1.36202,2.25,4.13
2011.06.27 13:04:33.576,1.36172,1.36197,1.50,1.50
2011.06.27 13:04:33.685,1.36169,1.36197,1.50,1.50
2011.06.27 13:04:35.720,1.3617,1.36199,4.88,2.25
2011.06.27 13:04:36.056,1.36175,1.36199,3.60,1.50
2011.06.27 13:04:36.555,1.36175,1.36205,3.00,1.50
2011.06.27 13:04:37.167,1.36175,1.36205,4.50,1.50
2011.06.27 13:04:37.724,1.36176,1.36205,1.35,1.50
2011.06.27 13:04:38.274,1.36176,1.36205,2.10,1.50
2011.06.27 13:04:39.535,1.36176,1.36205,1.50,1.50
2011.06.27 13:04:39.975,1.36174,1.362,1.88,1.50
2011.06.27 13:04:40.306,1.36176,1.362,1.35,1.50
2011.06.27 13:04:40.636,1.36174,1.36205,2.85,6.15
2011.06.27 13:04:41.194,1.36178,1.36205,1.35,1.50
2011.06.27 13:04:41.305,1.36179,1.36205,1.50,1.50
2011.06.27 13:04:41.529,1.3618,1.36202,1.50,1.35
2011.06.27 13:04:41.756,1.36179,1.36205,1.35,1.50
2011.06.27 13:04:41.975,1.36179,1.36205,1.35,1.50
2011.06.27 13:04:42.085,1.36179,1.36205,2.10,1.50
2011.06.27 13:04:42.415,1.36183,1.36205,1.50,1.50
2011.06.27 13:04:42.747,1.36178,1.36203,1.13,1.50
2011.06.27 13:04:42.966,1.36174,1.36203,2.48,1.50
2011.06.27 13:04:43.296,1.36178,1.36201,1.13,1.50
2011.06.27 13:04:43.407,1.36178,1.36201,1.73,1.50
2011.06.27 13:04:43.737,1.36183,1.36201,1.50,1.50
2011.06.27 13:04:44.069,1.36184,1.362,1.50,1.35
2011.06.27 13:04:44.366,1.36173,1.362,1.13,1.35
2011.06.27 13:04:44.806,1.36173,1.36201,4.88,1.50
2011.06.27 13:04:46.676,1.36175,1.36201,3.75,1.50
2011.06.27 13:04:47.146,1.36175,1.36201,3.75,1.50
2011.06.27 13:04:47.367,1.36175,1.36201,3.75,1.50
2011.06.27 13:04:48.027,1.36177,1.36203,1.50,1.50
2011.06.27 13:04:48.576,1.36178,1.36204,1.50,1.50
2011.06.27 13:04:48.687,1.36177,1.36204,1.13,1.50
2011.06.27 13:04:49.197,1.36178,1.36204,2.10,1.50
2011.06.27 13:04:50.316,1.36181,1.36209,1.50,1.50
2011.06.27 13:04:51.196,1.36179,1.36205,1.50,1.35
2011.06.27 13:04:51.416,1.36178,1.36205,1.50,5.10
2011.06.27 13:04:51.526,1.36178,1.36205,3.75,2.10
2011.06.27 13:04:52.187,1.36178,1.36205,1.50,2.10
2011.06.27 13:04:52.298,1.36182,1.36206,1.73,1.50
2011.06.27 13:04:52.516,1.36182,1.36208,1.50,1.35
2011.06.27 13:04:52.736,1.36179,1.36208,4.50,1.35
2011.06.27 13:04:55.094,1.36181,1.36213,1.35,6.75
2011.06.27 13:04:55.206,1.36187,1.36211,1.50,2.40
2011.06.27 13:04:55.316,1.36193,1.36218,1.73,4.50
2011.06.27 13:04:55.424,1.36193,1.36218,1.35,4.50
2011.06.27 13:04:55.537,1.36189,1.36216,1.50,1.35
2011.06.27 13:04:55.974,1.36187,1.36216,1.50,1.35
2011.06.27 13:04:56.634,1.36188,1.36217,2.10,1.50
2011.06.27 13:04:57.095,1.36184,1.36214,1.35,1.50
2011.06.27 13:04:57.645,1.36183,1.3621,1.35,1.50
2011.06.27 13:04:58.150,1.36182,1.3621,1.50,1.50
2011.06.27 13:04:59.397,1.36182,1.3621,4.50,1.50
2011.06.27 13:04:59.620,1.36182,1.3621,1.50,1.50
2011.06.27 13:04:59.960,1.36181,1.362,3.75,1.35
2011.06.27 13:05:00.187,1.36177,1.36204,4.50,1.50
2011.06.27 13:05:00.297,1.36177,1.36203,1.50,3.75
2011.06.27 13:05:00.627,1.36174,1.36199,3.60,1.50
2011.06.27 13:05:00.957,1.36174,1.36197,2.25,1.35
2011.06.27 13:05:01.695,1.36173,1.36194,1.50,1.50
2011.06.27 13:05:02.246,1.36174,1.36194,1.50,1.50
2011.06.27 13:05:02.356,1.36173,1.36194,2.10,1.50
2011.06.27 13:05:02.906,1.36174,1.36194,1.35,1.50
2011.06.27 13:05:03.125,1.36174,1.36199,2.10,1.50
2011.06.27 13:05:03.456,1.36174,1.36199,1.35,1.50
2011.06.27 13:05:04.006,1.36174,1.36199,2.10,1.50
2011.06.27 13:05:04.115,1.36174,1.36199,2.10,1.50
2011.06.27 13:05:04.664,1.36174,1.36199,1.50,1.50
2011.06.27 13:05:05.370,1.36173,1.36199,1.50,1.50
2011.06.27 13:05:05.924,1.36174,1.36199,1.50,1.50
2011.06.27 13:05:06.475,1.36173,1.36199,1.50,1.50
2011.06.27 13:05:07.264,1.36173,1.36199,1.50,1.50
2011.06.27 13:05:08.045,1.36173,1.36199,1.50,1.50
2011.06.27 13:05:08.375,1.36173,1.36196,1.50,1.50
2011.06.27 13:05:08.925,1.36174,1.36191,1.50,1.50
2011.06.27 13:05:09.035,1.36174,1.36191,1.50,1.50
2011.06.27 13:05:09.366,1.36173,1.36191,1.50,1.50
2011.06.27 13:05:09.915,1.36174,1.36189,1.50,1.50
2011.06.27 13:05:10.466,1.36173,1.36191,1.50,1.50
2011.06.27 13:05:10.796,1.36175,1.36191,3.00,1.50
2011.06.27 13:05:11.445,1.36173,1.36191,1.50,1.50
2011.06.27 13:05:11.804,1.36173,1.36191,1.50,1.50
2011.06.27 13:05:12.770,1.36173,1.36199,5.10,1.50
2011.06.27 13:05:12.886,1.36174,1.36199,2.25,1.50
2011.06.27 13:05:12.996,1.36175,1.36199,2.10,1.50
2011.06.27 13:05:13.217,1.36175,1.36202,1.50,1.50
2011.06.27 13:05:13.325,1.36174,1.36202,2.85,3.15
2011.06.27 13:05:15.499,1.36174,1.36202,2.85,1.50
2011.06.27 13:05:15.945,1.36173,1.36199,1.50,2.10
2011.06.27 13:05:16.278,1.36174,1.362,1.35,1.50
2011.06.27 13:05:16.606,1.36179,1.36204,3.00,1.50
2011.06.27 13:05:16.872,1.36177,1.36204,3.75,1.50
2011.06.27 13:05:16.990,1.36175,1.36206,1.35,1.50
2011.06.27 13:05:17.109,1.36174,1.36206,2.10,3.00
2011.06.27 13:05:17.586,1.36174,1.36199,1.35,1.50
2011.06.27 13:05:18.026,1.36174,1.36199,1.35,1.50
2011.06.27 13:05:18.576,1.36174,1.36199,2.10,1.50
2011.06.27 13:05:18.799,1.36174,1.36199,1.35,1.50
2011.06.27 13:05:19.024,1.36175,1.36199,1.35,4.50
2011.06.27 13:05:19.574,1.36174,1.36199,1.50,1.50
2011.06.27 13:05:19.905,1.36174,1.36199,2.10,1.50
2011.06.27 13:05:20.125,1.36173,1.36199,5.25,1.50
2011.06.27 13:05:20.235,1.36174,1.36199,2.25,1.50
2011.06.27 13:05:20.566,1.36173,1.362,2.25,3.00
2011.06.27 13:05:20.784,1.36173,1.362,2.25,3.00
2011.06.27 13:05:21.004,1.36173,1.362,2.25,3.00
2011.06.27 13:05:21.558,1.36174,1.362,2.25,3.00
2011.06.27 13:05:21.780,1.36179,1.362,3.60,2.40
2011.06.27 13:05:22.335,1.36179,1.36209,3.75,1.50
2011.06.27 13:05:22.555,1.36179,1.36209,3.75,1.50
2011.06.27 13:05:23.867,1.36179,1.36209,3.75,1.50
2011.06.27 13:05:24.086,1.3618,1.36209,3.75,1.50
2011.06.27 13:05:24.305,1.3618,1.36208,3.00,1.50
2011.06.27 13:05:24.636,1.36174,1.36208,2.25,3.15
2011.06.27 13:05:24.858,1.36181,1.36205,2.48,1.50
2011.06.27 13:05:25.406,1.36181,1.36206,2.48,1.50
2011.06.27 13:05:26.514,1.36182,1.36208,3.00,1.50
2011.06.27 13:05:26.845,1.36178,1.36208,4.13,1.50
2011.06.27 13:05:26.955,1.36178,1.36208,4.13,1.50
2011.06.27 13:05:27.285,1.36178,1.36208,4.13,1.50
2011.06.27 13:05:28.086,1.36178,1.36206,1.13,1.50
2011.06.27 13:05:28.685,1.36179,1.36206,1.13,1.50
2011.06.27 13:05:29.127,1.36179,1.36206,2.25,1.50
2011.06.27 13:05:29.345,1.3618,1.36206,2.03,1.50
2011.06.27 13:05:30.706,1.36182,1.36206,3.38,1.50
2011.06.27 13:05:31.756,1.36183,1.36206,1.65,1.50
2011.06.27 13:05:32.086,1.36183,1.36211,2.40,1.50
2011.06.27 13:05:32.483,1.36181,1.36206,1.35,1.50
2011.06.27 13:05:32.601,1.36179,1.36206,1.35,1.50
2011.06.27 13:05:33.598,1.36174,1.36202,2.85,1.50
2011.06.27 13:05:33.706,1.36174,1.36202,2.10,1.50
2011.06.27 13:05:34.586,1.36177,1.36202,1.35,1.50
2011.06.27 13:05:34.695,1.36179,1.36206,2.10,1.50
2011.06.27 13:05:35.247,1.3618,1.36202,3.75,1.35
2011.06.27 13:05:35.357,1.36178,1.36202,3.75,3.00
2011.06.27 13:05:35.576,1.36175,1.36202,3.75,1.35
2011.06.27 13:05:35.685,1.36175,1.36202,3.75,1.35
2011.06.27 13:05:36.621,1.36177,1.36206,1.35,1.50
2011.06.27 13:05:36.742,1.36178,1.36206,1.13,1.50
2011.06.27 13:05:37.607,1.36174,1.36203,1.50,1.35
2011.06.27 13:05:38.046,1.36176,1.36201,1.73,1.50
2011.06.27 13:05:38.595,1.36178,1.36205,1.35,1.50
2011.06.27 13:05:39.695,1.36179,1.36205,1.50,1.50
2011.06.27 13:05:39.915,1.36178,1.36205,1.35,1.50
2011.06.27 13:05:40.464,1.36178,1.36205,1.35,1.50
2011.06.27 13:05:41.125,1.36178,1.36205,1.35,1.50
2011.06.27 13:05:41.775,1.36184,1.36205,1.59,1.50
2011.06.27 13:05:42.117,1.36178,1.36205,1.35,1.50
2011.06.27 13:05:42.335,1.36178,1.36205,1.35,1.50
2011.06.27 13:05:42.444,1.36178,1.36205,1.35,1.50
2011.06.27 13:05:43.407,1.36178,1.36205,1.35,1.50
2011.06.27 13:05:43.955,1.36178,1.36205,1.35,1.50
2011.06.27 13:05:44.285,1.36178,1.36205,1.35,1.50
2011.06.27 13:05:46.046,1.3618,1.36205,3.00,1.50
2011.06.27 13:05:46.560,1.36178,1.36205,4.35,1.50
2011.06.27 13:05:46.678,1.36178,1.36205,4.35,1.50
2011.06.27 13:05:46.788,1.36178,1.36209,4.35,1.50
2011.06.27 13:05:47.335,1.36178,1.36209,4.35,1.50
2011.06.27 13:05:47.885,1.36178,1.36209,4.35,1.50
2011.06.27 13:05:47.996,1.36178,1.36207,4.35,1.50
2011.06.27 13:05:48.546,1.36178,1.36206,1.35,1.50
2011.06.27 13:05:50.366,1.36178,1.36206,1.35,1.50
2011.06.27 13:05:50.584,1.36178,1.36206,1.35,1.50
2011.06.27 13:05:53.166,1.36182,1.36206,3.00,1.50
2011.06.27 13:05:53.498,1.36184,1.3621,3.00,1.50
2011.06.27 13:05:54.084,1.36184,1.3621,3.00,1.50
2011.06.27 13:05:54.246,1.36184,1.3621,3.00,1.50
2011.06.27 13:05:54.795,1.36181,1.3621,4.35,1.50
2011.06.27 13:05:55.519,1.36176,1.3621,8.25,1.50
2011.06.27 13:05:55.745,1.36178,1.36206,1.35,1.50
2011.06.27 13:05:56.746,1.36178,1.36206,1.35,1.50
2011.06.27 13:05:57.295,1.36178,1.36206,1.35,1.50
2011.06.27 13:05:59.004,1.36178,1.36206,1.35,1.50
2011.06.27 13:06:00.385,1.36178,1.36206,1.35,1.50
2011.06.27 13:06:00.934,1.36178,1.36206,1.35,2.25
2011.06.27 13:06:01.498,1.36178,1.36206,1.35,2.25
2011.06.27 13:06:01.725,1.36178,1.36206,1.35,2.25
2011.06.27 13:06:02.165,1.36178,1.36206,1.35,2.25
2011.06.27 13:06:02.564,1.36178,1.36206,1.35,2.25
2011.06.27 13:06:03.115,1.36178,1.36206,1.35,2.25
2011.06.27 13:06:03.666,1.36178,1.36206,1.35,2.25
2011.06.27 13:06:03.775,1.36178,1.36206,1.35,2.25
2011.06.27 13:06:04.326,1.36179,1.36206,3.00,1.50
2011.06.27 13:06:04.544,1.36179,1.36206,3.00,1.50
2011.06.27 13:06:05.056,1.36178,1.36206,1.35,1.50
2011.06.27 13:06:05.275,1.36178,1.36202,1.35,2.40
2011.06.27 13:06:05.495,1.36178,1.36202,1.35,2.40
2011.06.27 13:06:10.716,1.3618,1.36206,2.10,1.50
2011.06.27 13:06:11.265,1.3618,1.36205,1.35,2.40
2011.06.27 13:06:11.706,1.36179,1.36206,3.75,3.15
2011.06.27 13:06:12.035,1.3618,1.36206,1.35,3.15
2011.06.27 13:06:12.368,1.36187,1.36206,2.10,3.90
2011.06.27 13:06:12.478,1.36184,1.36206,3.75,3.15
2011.06.27 13:06:12.587,1.3619,1.36206,1.50,2.40
2011.06.27 13:06:12.696,1.36188,1.36212,3.60,1.50
2011.06.27 13:06:12.806,1.36188,1.36212,3.60,1.50
2011.06.27 13:06:12.917,1.36188,1.36212,3.60,1.50
2011.06.27 13:06:13.179,1.36189,1.36212,4.73,1.50
2011.06.27 13:06:13.405,1.36192,1.36217,3.00,1.35
2011.06.27 13:06:13.518,1.3619,1.36217,4.65,1.35
2011.06.27 13:06:13.740,1.36185,1.36215,3.98,2.40
2011.06.27 13:06:13.856,1.36185,1.36215,3.98,2.40
2011.06.27 13:06:14.075,1.36185,1.36215,3.98,2.40
2011.06.27 13:06:15.845,1.36187,1.36214,1.35,2.40
2011.06.27 13:06:16.407,1.36193,1.36219,1.50,4.50
2011.06.27 13:06:16.816,1.36188,1.36216,5.10,2.40
2011.06.27 13:06:17.254,1.36188,1.36216,5.10,2.40
2011.06.27 13:06:18.286,1.36195,1.36216,3.00,2.40
2011.06.27 13:06:18.396,1.36195,1.36221,3.00,2.40
2011.06.27 13:06:18.506,1.36192,1.36221,5.25,2.40
2011.06.27 13:06:18.834,1.36189,1.36216,3.60,2.40
2011.06.27 13:06:19.165,1.36189,1.36216,3.60,2.40
2011.06.27 13:06:19.715,1.36189,1.36216,3.60,2.40
2011.06.27 13:06:20.377,1.36194,1.36216,3.00,2.40
2011.06.27 13:06:20.486,1.36189,1.36216,4.35,2.40
2011.06.27 13:06:21.036,1.36191,1.36222,3.60,1.35
2011.06.27 13:06:21.695,1.36191,1.36196,3.00,2.25
2011.06.27 13:06:22.026,1.36184,1.36192,2.25,3.00
2011.06.27 13:06:22.136,1.36174,1.36193,3.00,3.75
2011.06.27 13:06:22.247,1.36165,1.36193,3.00,1.50
2011.06.27 13:06:22.355,1.3616,1.36191,4.50,1.50
2011.06.27 13:06:22.906,1.3616,1.36196,5.25,3.75
2011.06.27 13:06:23.247,1.36164,1.36196,3.00,1.50
2011.06.27 13:06:23.689,1.3616,1.3619,1.13,1.35
2011.06.27 13:06:23.810,1.36158,1.3619,1.35,1.35
2011.06.27 13:06:24.146,1.36161,1.3619,1.50,2.40
2011.06.27 13:06:24.587,1.36154,1.36182,8.85,2.40
2011.06.27 13:06:24.917,1.36159,1.36193,2.10,1.35
2011.06.27 13:06:25.027,1.36163,1.36193,1.35,1.35
2011.06.27 13:06:25.359,1.36166,1.36198,2.10,1.13
2011.06.27 13:06:25.588,1.36169,1.36202,1.35,3.23
2011.06.27 13:06:25.808,1.36167,1.362,1.35,2.40
2011.06.27 13:06:26.378,1.36166,1.36193,2.10,2.40
2011.06.27 13:06:26.597,1.36159,1.36193,2.10,2.40
2011.06.27 13:06:27.037,1.36162,1.36194,1.35,3.00
2011.06.27 13:06:27.147,1.36162,1.36194,1.35,3.00
2011.06.27 13:06:27.366,1.36162,1.36194,1.35,3.00
2011.06.27 13:06:28.745,1.36161,1.36187,3.00,2.40
2011.06.27 13:06:29.626,1.36161,1.36187,3.00,2.40
2011.06.27 13:06:29.957,1.36157,1.36179,3.75,2.40
2011.06.27 13:06:30.287,1.36158,1.36185,1.65,1.35
2011.06.27 13:06:30.506,1.36155,1.36183,1.35,2.40
2011.06.27 13:06:30.616,1.36155,1.36183,1.35,2.40
2011.06.27 13:06:30.837,1.36155,1.36183,2.10,2.40
2011.06.27 13:06:31.227,1.36156,1.36185,3.60,2.40
2011.06.27 13:06:31.335,1.36156,1.36185,3.60,2.40
2011.06.27 13:06:31.888,1.36156,1.36183,3.60,2.40
2011.06.27 13:06:32.435,1.36154,1.36181,3.60,2.40
2011.06.27 13:06:33.145,1.36154,1.36181,3.60,2.40
2011.06.27 13:06:33.255,1.36154,1.36181,3.00,2.40
2011.06.27 13:06:33.585,1.36154,1.36181,3.00,2.40
2011.06.27 13:06:34.137,1.36154,1.36181,3.75,2.40
2011.06.27 13:06:34.355,1.36156,1.36184,3.00,2.40
2011.06.27 13:06:35.166,1.36156,1.36184,3.75,2.40
2011.06.27 13:06:36.146,1.36158,1.36188,3.75,2.40
2011.06.27 13:06:36.696,1.36158,1.36188,3.00,2.40
2011.06.27 13:06:37.028,1.36159,1.36188,2.85,2.40
2011.06.27 13:06:38.275,1.36159,1.36188,2.10,2.40
2011.06.27 13:06:38.608,1.36159,1.36186,2.10,2.40
2011.06.27 13:06:39.166,1.36158,1.36185,3.00,2.40
2011.06.27 13:06:39.275,1.36154,1.36183,4.73,2.40
2011.06.27 13:06:39.825,1.36155,1.36181,1.73,2.40
2011.06.27 13:06:40.525,1.36154,1.36178,1.13,2.40
2011.06.27 13:06:40.746,1.36151,1.36176,1.35,2.40
2011.06.27 13:06:41.185,1.36151,1.36177,1.35,2.40
2011.06.27 13:06:41.628,1.36157,1.36181,1.35,2.40
2011.06.27 13:06:41.738,1.36154,1.36181,1.35,2.40
2011.06.27 13:06:41.847,1.36154,1.36183,2.48,3.75
2011.06.27 13:06:42.615,1.36154,1.36184,1.73,1.35
2011.06.27 13:06:43.255,1.36155,1.36184,3.75,1.35
2011.06.27 13:06:43.587,1.36162,1.3619,3.75,1.50
2011.06.27 13:06:43.915,1.3616,1.36187,3.00,2.40
2011.06.27 13:06:44.136,1.36156,1.36185,2.40,1.35
2011.06.27 13:06:45.318,1.3616,1.36185,1.13,3.00
2011.06.27 13:06:45.757,1.3616,1.36187,3.23,2.40
2011.06.27 13:06:46.087,1.36159,1.36187,2.25,1.35
2011.06.27 13:06:46.305,1.36158,1.36187,1.13,1.35
2011.06.27 13:06:46.748,1.36162,1.36192,1.73,5.10
2011.06.27 13:06:47.295,1.36162,1.36192,1.73,1.35
2011.06.27 13:06:47.847,1.36157,1.36185,2.10,2.40
2011.06.27 13:06:48.068,1.36159,1.36186,3.00,2.40
2011.06.27 13:06:48.395,1.36161,1.36189,1.50,2.40
2011.06.27 13:06:48.960,1.36161,1.36188,1.50,2.40
2011.06.27 13:06:50.067,1.36162,1.3619,2.10,2.40
2011.06.27 13:06:50.615,1.36162,1.36189,2.85,2.40
2011.06.27 13:06:51.355,1.36162,1.36187,2.10,2.40
2011.06.27 13:06:51.684,1.36162,1.36187,2.85,2.40
2011.06.27 13:06:52.308,1.36167,1.36195,3.00,3.75
2011.06.27 13:06:52.528,1.36166,1.36198,1.35,1.73
2011.06.27 13:06:52.746,1.36165,1.36195,1.35,3.75
2011.06.27 13:06:53.257,1.36162,1.36195,2.85,3.75
2011.06.27 13:06:53.584,1.36163,1.36188,1.35,2.40
2011.06.27 13:06:54.180,1.36159,1.36188,1.35,3.75
2011.06.27 13:06:54.517,1.36159,1.36186,1.35,2.40
2011.06.27 13:06:55.064,1.36157,1.36186,1.73,2.40
2011.06.27 13:06:55.506,1.36156,1.36185,2.40,2.40
2011.06.27 13:06:55.615,1.36156,1.36185,2.40,2.40
2011.06.27 13:06:56.876,1.36153,1.36179,1.35,2.40
2011.06.27 13:06:57.206,1.36153,1.36179,1.35,2.40
2011.06.27 13:06:58.666,1.36153,1.3618,4.35,2.40
2011.06.27 13:06:58.886,1.36153,1.36183,1.35,3.00
2011.06.27 13:07:00.425,1.36153,1.36177,1.35,2.40
2011.06.27 13:07:01.387,1.36155,1.36177,1.35,2.40
2011.06.27 13:07:01.606,1.36155,1.36178,1.35,2.40
2011.06.27 13:07:01.717,1.36153,1.36181,1.35,2.40
2011.06.27 13:07:02.154,1.36153,1.36178,1.35,2.40
2011.06.27 13:07:03.295,1.36153,1.36179,1.35,2.40
2011.06.27 13:07:03.947,1.36156,1.36179,3.75,2.40
2011.06.27 13:07:04.276,1.36166,1.36184,3.00,2.40
2011.06.27 13:07:05.105,1.36168,1.36187,3.00,2.40
2011.06.27 13:07:05.437,1.36169,1.36188,3.00,2.40
2011.06.27 13:07:05.656,1.36171,1.36191,3.00,2.40
2011.06.27 13:07:06.595,1.36169,1.3619,3.00,2.40
2011.06.27 13:07:07.475,1.36169,1.3619,3.00,2.40
2011.06.27 13:07:08.358,1.36169,1.3619,3.00,2.40
2011.06.27 13:07:08.688,1.36165,1.36185,1.35,2.40
2011.06.27 13:07:08.795,1.36159,1.36185,2.10,2.40
2011.06.27 13:07:08.905,1.36159,1.36185,1.35,2.40
2011.06.27 13:07:09.527,1.36162,1.36186,3.00,2.40
2011.06.27 13:07:09.746,1.36162,1.36186,2.10,1.65
2011.06.27 13:07:09.855,1.36162,1.36189,2.10,2.40
2011.06.27 13:07:10.076,1.36162,1.36187,2.10,2.40
2011.06.27 13:07:10.186,1.36162,1.3619,3.00,3.00
2011.06.27 13:07:10.298,1.36167,1.3619,3.00,3.00
2011.06.27 13:07:10.518,1.36163,1.36189,4.50,2.40
2011.06.27 13:07:10.737,1.36159,1.36179,3.00,1.35
2011.06.27 13:07:10.955,1.36153,1.36177,1.50,2.40
2011.06.27 13:07:11.288,1.36153,1.36182,2.10,2.40
2011.06.27 13:07:11.506,1.36154,1.36175,1.35,1.65
2011.06.27 13:07:11.838,1.36153,1.36174,1.35,2.40
2011.06.27 13:07:12.399,1.36151,1.36178,1.35,2.40
2011.06.27 13:07:12.520,1.36151,1.3618,3.60,2.40
2011.06.27 13:07:12.637,1.36152,1.3618,1.35,2.40
2011.06.27 13:07:13.078,1.36155,1.36182,3.75,2.40
2011.06.27 13:07:13.409,1.36157,1.36186,3.75,3.00
2011.06.27 13:07:13.527,1.36158,1.36186,1.50,3.00
2011.06.27 13:07:14.187,1.36154,1.36182,4.35,2.40
2011.06.27 13:07:14.299,1.36152,1.36179,1.50,1.35
2011.06.27 13:07:14.745,1.36149,1.36177,1.35,2.40
2011.06.27 13:07:15.567,1.36149,1.36176,1.35,2.40
2011.06.27 13:07:15.786,1.36149,1.36174,1.35,2.40
2011.06.27 13:07:16.336,1.36149,1.36173,1.35,2.40
2011.06.27 13:07:16.917,1.36149,1.36173,1.35,2.40
2011.06.27 13:07:17.208,1.36151,1.36176,1.88,2.40
2011.06.27 13:07:17.535,1.36151,1.36179,1.88,2.10
2011.06.27 13:07:18.203,1.36152,1.36179,1.35,1.50
2011.06.27 13:07:18.758,1.3616,1.3618,2.10,1.50
2011.06.27 13:07:18.977,1.36165,1.36187,3.00,2.40
2011.06.27 13:07:19.087,1.36167,1.36187,1.35,2.40
2011.06.27 13:07:19.416,1.36165,1.36192,3.75,1.35
2011.06.27 13:07:19.526,1.36162,1.3619,1.50,1.35
2011.06.27 13:07:19.637,1.36164,1.36192,2.10,1.50
2011.06.27 13:07:19.966,1.36162,1.36189,3.75,1.35
2011.06.27 13:07:20.186,1.36163,1.36192,1.50,1.50
2011.06.27 13:07:20.296,1.36167,1.36193,3.00,3.15
2011.06.27 13:07:20.625,1.3617,1.36194,3.00,1.50
2011.06.27 13:07:20.988,1.3617,1.36196,3.75,1.50
2011.06.27 13:07:21.427,1.36166,1.36186,1.13,1.35
2011.06.27 13:07:21.866,1.36158,1.36186,1.35,1.50
2011.06.27 13:07:21.977,1.3616,1.36186,1.35,1.50
2011.06.27 13:07:22.415,1.36161,1.3619,1.50,1.35
2011.06.27 13:07:22.965,1.36163,1.3619,3.75,1.35
2011.06.27 13:07:23.296,1.36157,1.3619,4.50,3.00
2011.06.27 13:07:23.517,1.36154,1.36186,3.75,1.13
2011.06.27 13:07:23.736,1.36154,1.36184,1.35,2.40
2011.06.27 13:07:24.408,1.36154,1.36184,2.10,1.50
2011.06.27 13:07:24.846,1.3616,1.36182,3.00,1.50
2011.06.27 13:07:25.175,1.36162,1.36181,3.00,1.50
2011.06.27 13:07:25.396,1.36159,1.36181,3.00,1.50
2011.06.27 13:07:25.945,1.36159,1.36181,3.75,1.50
2011.06.27 13:07:26.056,1.36155,1.36181,1.50,1.50
2011.06.27 13:07:26.387,1.36151,1.36173,1.50,1.35
2011.06.27 13:07:26.498,1.36142,1.36169,1.88,1.50
2011.06.27 13:07:26.936,1.36151,1.36169,1.50,1.50
2011.06.27 13:07:27.747,1.3615,1.36178,2.10,1.50
2011.06.27 13:07:28.231,1.36148,1.36175,1.50,1.50
2011.06.27 13:07:28.984,1.36149,1.36175,1.50,1.50
2011.06.27 13:07:29.907,1.36148,1.36175,1.50,1.50
2011.06.27 13:07:30.236,1.36145,1.36175,4.88,1.50
2011.06.27 13:07:31.236,1.36144,1.36175,1.50,1.50
2011.06.27 13:07:31.456,1.36144,1.36168,1.50,1.35
2011.06.27 13:07:31.678,1.3614,1.36168,1.50,1.35
2011.06.27 13:07:31.898,1.36142,1.36168,3.00,1.35
2011.06.27 13:07:32.005,1.36142,1.36168,3.75,1.35
2011.06.27 13:07:32.597,1.36144,1.36168,1.50,1.35
2011.06.27 13:07:32.926,1.36141,1.36168,1.50,1.35
2011.06.27 13:07:35.116,1.36144,1.36168,1.50,1.35
2011.06.27 13:07:35.227,1.36146,1.36169,3.00,2.40
2011.06.27 13:07:35.885,1.36153,1.36172,3.00,1.50
2011.06.27 13:07:36.325,1.36153,1.36177,3.75,2.40
2011.06.27 13:07:36.436,1.36155,1.36178,3.00,1.50
2011.06.27 13:07:36.876,1.36155,1.36178,3.00,2.40
2011.06.27 13:07:37.095,1.36153,1.36178,1.35,2.40
2011.06.27 13:07:37.205,1.36153,1.36178,1.35,2.40
2011.06.27 13:07:37.425,1.36152,1.36178,1.50,3.00
2011.06.27 13:07:38.015,1.36151,1.36177,4.35,2.40
2011.06.27 13:07:38.348,1.36151,1.36174,3.60,2.40
2011.06.27 13:07:38.676,1.3615,1.36171,1.35,2.40
2011.06.27 13:07:39.025,1.3615,1.36171,1.35,2.40
2011.06.27 13:07:40.267,1.3615,1.36171,4.35,2.40
2011.06.27 13:07:40.377,1.36151,1.36171,1.35,2.40
2011.06.27 13:07:40.487,1.36151,1.36181,2.10,1.35
2011.06.27 13:07:40.926,1.36151,1.36181,2.10,1.35
2011.06.27 13:07:44.926,1.36151,1.36178,1.35,2.40
2011.06.27 13:07:45.146,1.36146,1.36171,1.50,1.35
2011.06.27 13:07:45.256,1.36142,1.36171,1.50,3.00
2011.06.27 13:07:47.114,1.36142,1.3617,1.50,2.40
2011.06.27 13:07:47.435,1.36144,1.3617,1.50,1.65
2011.06.27 13:07:47.766,1.36148,1.36173,2.10,1.50
2011.06.27 13:07:48.097,1.36149,1.36178,4.50,1.35
2011.06.27 13:07:48.670,1.36149,1.36176,3.75,2.40
2011.06.27 13:07:49.006,1.36149,1.36178,3.75,1.35
2011.06.27 13:07:49.586,1.36148,1.36178,1.35,1.35
2011.06.27 13:07:50.083,1.36144,1.36172,1.50,1.65
2011.06.27 13:07:50.637,1.36144,1.36173,1.50,1.35
2011.06.27 13:07:52.095,1.36147,1.36172,1.35,2.40
2011.06.27 13:07:52.757,1.36147,1.36172,1.35,2.40
2011.06.27 13:07:53.198,1.36149,1.36176,2.40,1.50
2011.06.27 13:07:53.526,1.36155,1.36178,3.00,3.15
2011.06.27 13:07:54.157,1.36155,1.36178,4.65,1.50
2011.06.27 13:07:54.858,1.36155,1.36178,1.65,1.50
2011.06.27 13:07:55.076,1.36153,1.36178,3.00,1.50
2011.06.27 13:07:55.297,1.36153,1.36178,3.75,1.50
2011.06.27 13:07:55.409,1.36155,1.36183,3.75,1.50
2011.06.27 13:07:56.296,1.36152,1.36179,1.35,1.50
2011.06.27 13:07:56.955,1.36146,1.36171,1.35,2.40
2011.06.27 13:07:57.285,1.36148,1.36175,3.15,1.50
2011.06.27 13:07:57.505,1.36146,1.36171,4.35,2.40
2011.06.27 13:07:57.836,1.36148,1.36172,3.75,2.40
2011.06.27 13:07:58.056,1.36144,1.36171,1.50,1.35
2011.06.27 13:07:59.219,1.36146,1.36175,3.75,1.50
2011.06.27 13:07:59.448,1.36146,1.36175,3.75,1.50
2011.06.27 13:07:59.556,1.36145,1.36172,1.35,1.50
2011.06.27 13:08:00.845,1.36145,1.36172,2.10,1.50
2011.06.27 13:08:01.175,1.36147,1.36172,1.65,4.50
2011.06.27 13:08:01.505,1.36147,1.36169,1.65,1.35
2011.06.27 13:08:01.616,1.3614,1.36169,1.50,1.35
2011.06.27 13:08:01.726,1.36142,1.36169,1.35,1.50
2011.06.27 13:08:01.835,1.3614,1.36169,2.10,1.50
2011.06.27 13:08:01.945,1.3614,1.36169,4.35,1.50
2011.06.27 13:08:02.497,1.36142,1.36169,1.73,3.15
2011.06.27 13:08:02.606,1.36144,1.36169,1.35,1.50
2011.06.27 13:08:03.045,1.36145,1.36173,4.35,1.50
2011.06.27 13:08:03.265,1.36149,1.36173,1.65,1.50
2011.06.27 13:08:03.617,1.36147,1.36174,4.35,1.50
2011.06.27 13:08:04.165,1.36146,1.36174,3.75,1.50
2011.06.27 13:08:04.825,1.36146,1.36171,3.00,1.50
2011.06.27 13:08:04.936,1.36143,1.36171,3.75,1.50
2011.06.27 13:08:05.487,1.36143,1.36171,3.75,1.50
2011.06.27 13:08:06.035,1.36143,1.36167,3.75,2.40
2011.06.27 13:08:06.475,1.3614,1.36166,1.50,1.35
2011.06.27 13:08:07.156,1.3614,1.36166,1.50,1.35
2011.06.27 13:08:09.925,1.36145,1.36167,3.00,2.40
2011.06.27 13:08:10.036,1.36145,1.36167,3.00,2.40
2011.06.27 13:08:10.148,1.3615,1.36167,3.60,2.40
2011.06.27 13:08:10.258,1.36144,1.36167,4.50,2.40
2011.06.27 13:08:10.651,1.36146,1.36175,3.00,2.48
2011.06.27 13:08:11.096,1.36146,1.36172,4.50,1.35
2011.06.27 13:08:11.424,1.36146,1.36172,3.75,1.35
2011.06.27 13:08:11.916,1.36146,1.36172,3.75,1.35
2011.06.27 13:08:12.135,1.36146,1.36172,3.75,1.35
2011.06.27 13:08:12.729,1.36146,1.36172,3.75,1.35
2011.06.27 13:08:13.865,1.36146,1.36171,3.00,1.50
2011.06.27 13:08:14.416,1.36146,1.36171,3.00,1.50
2011.06.27 13:08:14.636,1.36143,1.36171,3.75,1.50
2011.06.27 13:08:15.187,1.3614,1.36162,3.75,2.40
2011.06.27 13:08:15.626,1.36143,1.36164,3.00,2.40
2011.06.27 13:08:15.956,1.36141,1.36166,3.00,1.35
2011.06.27 13:08:16.175,1.36141,1.36167,3.00,3.15
2011.06.27 13:08:16.287,1.36143,1.36167,3.00,3.15
2011.06.27 13:08:16.395,1.36141,1.36167,3.00,3.15
2011.06.27 13:08:16.936,1.36144,1.36167,3.00,3.15
2011.06.27 13:08:17.785,1.36144,1.36167,3.00,3.15
2011.06.27 13:08:19.195,1.36139,1.36166,3.15,2.40
2011.06.27 13:08:19.747,1.36139,1.36163,2.40,1.50
2011.06.27 13:08:20.296,1.36139,1.36163,3.00,1.50
2011.06.27 13:08:20.626,1.3614,1.36163,1.65,1.50
2011.06.27 13:08:20.956,1.36136,1.3616,1.35,2.40
2011.06.27 13:08:21.286,1.36137,1.3616,4.50,2.40
2011.06.27 13:08:21.617,1.36139,1.36161,1.35,2.40
2011.06.27 13:08:21.729,1.36138,1.36167,1.50,3.00
2011.06.27 13:08:22.237,1.36136,1.36164,1.50,2.40
2011.06.27 13:08:22.346,1.36138,1.36165,3.75,2.40
2011.06.27 13:08:23.105,1.36138,1.36165,3.75,2.40
2011.06.27 13:08:23.436,1.36138,1.36165,7.13,2.40
2011.06.27 13:08:23.657,1.36147,1.36169,3.00,1.50
2011.06.27 13:08:23.987,1.36141,1.36164,1.35,2.40
2011.06.27 13:08:24.098,1.36143,1.36172,3.00,1.50
2011.06.27 13:08:24.426,1.3615,1.36172,1.65,1.50
2011.06.27 13:08:24.756,1.36145,1.36173,1.50,3.15
2011.06.27 13:08:25.420,1.36144,1.36173,2.10,3.15
2011.06.27 13:08:25.648,1.36146,1.36173,1.50,1.50
2011.06.27 13:08:25.760,1.36147,1.36173,1.35,1.50
2011.06.27 13:08:26.429,1.36146,1.36173,2.40,1.50
2011.06.27 13:08:26.985,1.36147,1.36173,6.15,1.50
2011.06.27 13:08:27.316,1.36147,1.36173,5.40,1.50
2011.06.27 13:08:27.867,1.36148,1.36169,3.00,2.40
2011.06.27 13:08:28.307,1.3615,1.36173,1.65,1.50
2011.06.27 13:08:28.416,1.3615,1.36173,1.65,1.50
2011.06.27 13:08:28.965,1.36149,1.36173,1.65,1.50
2011.06.27 13:08:29.337,1.36147,1.36173,1.65,1.50
2011.06.27 13:08:29.885,1.36148,1.36173,1.65,1.50
2011.06.27 13:08:30.677,1.36149,1.36173,1.65,1.50
2011.06.27 13:08:31.012,1.36144,1.36169,1.65,1.50
2011.06.27 13:08:31.130,1.36142,1.36167,1.65,2.10
2011.06.27 13:08:31.687,1.36143,1.36166,1.35,2.16
2011.06.27 13:08:31.796,1.36147,1.36166,1.65,1.50
2011.06.27 13:08:32.018,1.36147,1.36166,1.65,1.50
2011.06.27 13:08:32.349,1.36145,1.36167,1.65,2.16
2011.06.27 13:08:32.567,1.36143,1.36166,1.35,2.16
2011.06.27 13:08:32.784,1.36141,1.36164,3.15,1.35
2011.06.27 13:08:33.005,1.36142,1.36166,1.50,3.81
2011.06.27 13:08:33.230,1.36146,1.36164,1.65,1.35
2011.06.27 13:08:33.713,1.36139,1.36166,2.10,1.50
2011.06.27 13:08:33.829,1.36139,1.36166,2.10,1.50
2011.06.27 13:08:34.415,1.36139,1.36167,1.35,2.91
2011.06.27 13:08:34.965,1.36139,1.36166,2.10,2.16
2011.06.27 13:08:35.075,1.36139,1.36166,2.10,2.16
2011.06.27 13:08:37.795,1.3614,1.36167,1.35,2.91
2011.06.27 13:08:38.017,1.36139,1.36166,1.35,2.16
2011.06.27 13:08:38.744,1.36138,1.36163,3.75,3.15
2011.06.27 13:08:39.516,1.36138,1.36163,3.75,1.50
2011.06.27 13:08:40.065,1.36141,1.36163,3.00,1.50
2011.06.27 13:08:40.286,1.36143,1.36163,1.35,1.50
2011.06.27 13:08:40.692,1.36143,1.36166,4.50,1.41
2011.06.27 13:08:41.026,1.36137,1.36166,3.60,2.25
2011.06.27 13:08:41.135,1.36137,1.36164,3.00,1.50
2011.06.27 13:08:43.006,1.36141,1.36164,2.10,1.50
2011.06.27 13:08:43.228,1.36139,1.36164,3.00,1.50
2011.06.27 13:08:43.337,1.36139,1.36164,2.40,1.50
2011.06.27 13:08:43.996,1.36141,1.36165,2.40,1.35
2011.06.27 13:08:44.596,1.36141,1.36165,2.40,1.35
2011.06.27 13:08:45.246,1.36141,1.36165,2.40,1.35
2011.06.27 13:08:47.415,1.3614,1.36168,1.35,1.50
2011.06.27 13:08:47.965,1.36141,1.36168,2.40,1.50
2011.06.27 13:08:48.297,1.3614,1.36164,1.35,1.50
2011.06.27 13:08:48.628,1.3614,1.36164,2.25,1.50
2011.06.27 13:08:48.957,1.3614,1.36164,2.25,1.50
2011.06.27 13:08:49.284,1.3614,1.36164,3.00,1.50
2011.06.27 13:08:49.506,1.3614,1.36164,2.25,1.50
2011.06.27 13:08:50.265,1.3614,1.36164,2.25,1.50
2011.06.27 13:08:50.596,1.3614,1.36164,2.25,1.50
2011.06.27 13:08:50.816,1.3614,1.36164,2.25,1.50
2011.06.27 13:08:54.355,1.3614,1.36168,3.00,1.50
2011.06.27 13:08:54.795,1.36142,1.36168,1.65,1.50
2011.06.27 13:08:55.355,1.36142,1.36168,1.65,1.50
2011.06.27 13:08:55.685,1.36142,1.36168,1.65,1.50
2011.06.27 13:08:56.721,1.36141,1.36168,1.65,1.50
2011.06.27 13:08:57.365,1.36141,1.36168,1.65,1.50
2011.06.27 13:08:57.915,1.3614,1.36168,1.73,1.50
2011.06.27 13:08:58.507,1.3614,1.36168,1.35,1.50
2011.06.27 13:09:00.507,1.36145,1.36168,1.65,1.50
2011.06.27 13:09:00.726,1.36145,1.3617,3.15,4.13
2011.06.27 13:09:00.948,1.36147,1.3617,1.50,2.78
2011.06.27 13:09:01.168,1.36148,1.3617,2.03,1.13
2011.06.27 13:09:01.276,1.36147,1.36176,6.15,2.40
2011.06.27 13:09:01.825,1.36147,1.36174,2.40,1.50
2011.06.27 13:09:03.287,1.36146,1.36174,1.88,1.50
2011.06.27 13:09:03.616,1.36146,1.36174,3.53,1.50
2011.06.27 13:09:04.353,1.36143,1.36168,3.00,2.40
2011.06.27 13:09:04.687,1.36143,1.36168,2.25,3.15
2011.06.27 13:09:05.019,1.36137,1.36164,4.35,2.40
2011.06.27 13:09:05.356,1.36141,1.36164,3.75,3.15
2011.06.27 13:09:05.686,1.36141,1.36164,2.40,1.50
2011.06.27 13:09:06.236,1.3614,1.36164,3.75,3.15
2011.06.27 13:09:06.785,1.36136,1.36161,1.50,2.40
2011.06.27 13:09:06.895,1.36135,1.36161,3.75,2.40
2011.06.27 13:09:07.334,1.36135,1.36161,3.75,2.40
2011.06.27 13:09:10.836,1.36132,1.36161,1.50,3.00
2011.06.27 13:09:11.167,1.36138,1.36164,1.65,1.50
2011.06.27 13:09:11.716,1.36137,1.3616,3.00,3.15
2011.06.27 13:09:11.828,1.36137,1.36155,3.00,2.40
2011.06.27 13:09:11.935,1.36131,1.36155,1.35,2.40
2011.06.27 13:09:12.265,1.36131,1.36155,1.35,2.40
2011.06.27 13:09:14.186,1.36127,1.36151,1.50,2.40
2011.06.27 13:09:14.735,1.36126,1.36155,3.00,2.40
2011.06.27 13:09:16.176,1.36129,1.36156,1.50,3.15
2011.06.27 13:09:16.507,1.36135,1.36156,2.40,1.50
2011.06.27 13:09:16.836,1.36135,1.36161,3.15,1.50
2011.06.27 13:09:16.945,1.36135,1.36161,3.15,1.50
2011.06.27 13:09:17.167,1.36142,1.36161,3.60,1.50
2011.06.27 13:09:17.280,1.36143,1.36166,2.10,2.40
2011.06.27 13:09:17.399,1.36147,1.36167,3.00,2.16
2011.06.27 13:09:17.517,1.36147,1.36167,3.00,2.16
2011.06.27 13:09:17.626,1.36147,1.36171,4.50,2.78
2011.06.27 13:09:17.957,1.36151,1.36171,1.65,1.13
2011.06.27 13:09:18.285,1.36151,1.3617,3.00,1.13
2011.06.27 13:09:18.505,1.36147,1.3617,3.75,1.13
2011.06.27 13:09:18.727,1.36147,1.36166,3.00,1.35
2011.06.27 13:09:18.837,1.36145,1.3617,3.75,1.13
2011.06.27 13:09:19.276,1.36142,1.36164,3.00,2.40
2011.06.27 13:09:19.389,1.36145,1.36168,1.65,1.50
2011.06.27 13:09:19.730,1.36145,1.36168,1.65,1.50
2011.06.27 13:09:20.295,1.36143,1.36168,2.25,1.50
2011.06.27 13:09:20.409,1.36143,1.36169,2.25,1.50
2011.06.27 13:09:20.747,1.36148,1.3617,1.65,1.13
2011.06.27 13:09:21.077,1.36146,1.3617,1.65,4.13
2011.06.27 13:09:21.407,1.36138,1.36167,3.00,3.90
2011.06.27 13:09:22.088,1.3614,1.36167,1.50,3.81
2011.06.27 13:09:22.197,1.36145,1.36166,1.35,1.50
2011.06.27 13:09:22.420,1.36145,1.36167,3.00,1.41
2011.06.27 13:09:22.976,1.36145,1.36171,3.00,1.13
2011.06.27 13:09:23.775,1.36145,1.36171,3.00,1.13
2011.06.27 13:09:23.994,1.36145,1.36171,3.00,1.13
2011.06.27 13:09:24.546,1.36146,1.36171,2.40,1.13
2011.06.27 13:09:24.986,1.36145,1.3617,3.60,2.78
2011.06.27 13:09:26.597,1.36145,1.36171,1.35,1.50
2011.06.27 13:09:26.926,1.36147,1.36173,2.10,1.50
2011.06.27 13:09:27.078,1.36147,1.36173,2.10,1.50
2011.06.27 13:09:27.406,1.3615,1.36175,3.00,1.13
2011.06.27 13:09:27.735,1.3615,1.36175,3.00,1.13
2011.06.27 13:09:28.778,1.3615,1.36175,1.35,1.13
2011.06.27 13:09:30.275,1.3615,1.36176,1.35,1.13
2011.06.27 13:09:30.827,1.36147,1.36172,3.75,1.35
2011.06.27 13:09:30.935,1.36142,1.36172,1.35,1.73
2011.06.27 13:09:31.046,1.36142,1.3617,1.35,3.75
2011.06.27 13:09:31.156,1.36142,1.3617,1.35,3.75
2011.06.27 13:09:32.213,1.36142,1.36169,1.35,1.50
2011.06.27 13:09:32.440,1.36143,1.36172,1.50,3.00
2011.06.27 13:09:32.556,1.36144,1.36172,1.50,3.00
2011.06.27 13:09:34.286,1.36142,1.36172,2.10,1.35
2011.06.27 13:09:34.664,1.36142,1.3617,3.00,1.50
2011.06.27 13:09:35.677,1.36142,1.3617,1.35,1.50
2011.06.27 13:09:36.118,1.36146,1.3617,2.10,1.50
2011.06.27 13:09:36.228,1.36147,1.36173,1.35,2.40
2011.06.27 13:09:36.338,1.36148,1.36174,2.25,1.13
2011.06.27 13:09:36.557,1.36149,1.36172,1.65,1.35
2011.06.27 13:09:36.668,1.36145,1.36172,2.40,1.35
2011.06.27 13:09:39.655,1.36145,1.36167,1.35,1.65
2011.06.27 13:09:40.057,1.36143,1.36167,3.75,2.40
2011.06.27 13:09:40.169,1.36141,1.36168,6.15,3.00
2011.06.27 13:09:41.157,1.36142,1.3617,2.40,3.15
2011.06.27 13:09:41.597,1.36143,1.3617,5.40,1.50
2011.06.27 13:09:41.816,1.36145,1.3617,1.65,1.50
2011.06.27 13:09:42.404,1.36145,1.3617,2.40,1.50
2011.06.27 13:09:43.005,1.36145,1.3617,1.65,1.50
2011.06.27 13:09:43.447,1.36145,1.36171,2.40,1.35
2011.06.27 13:09:43.777,1.36145,1.36171,2.40,1.35
2011.06.27 13:09:44.437,1.36144,1.36171,5.40,1.35
2011.06.27 13:09:44.764,1.36144,1.36167,3.75,1.35
2011.06.27 13:09:45.206,1.36142,1.36167,1.65,1.35
2011.06.27 13:09:45.427,1.3614,1.36167,4.50,3.75
2011.06.27 13:09:45.673,1.3614,1.36167,4.50,2.10
2011.06.27 13:09:45.791,1.36142,1.36167,1.50,1.35
2011.06.27 13:09:46.346,1.36141,1.36167,4.50,1.35
2011.06.27 13:09:46.896,1.36142,1.36167,3.15,1.35
2011.06.27 13:09:48.095,1.36142,1.36169,1.65,4.50
2011.06.27 13:09:48.645,1.36142,1.36168,1.65,1.50
2011.06.27 13:09:49.926,1.36142,1.36168,1.65,1.50
2011.06.27 13:09:50.148,1.36147,1.36168,1.65,1.50
2011.06.27 13:09:50.586,1.36148,1.36172,1.65,2.10
2011.06.27 13:09:51.253,1.36148,1.36172,1.65,2.10
2011.06.27 13:09:51.746,1.36157,1.36172,1.65,1.50
2011.06.27 13:09:51.856,1.36157,1.36172,1.65,1.50
2011.06.27 13:09:51.966,1.36144,1.36171,1.50,2.40
2011.06.27 13:09:52.185,1.36143,1.36171,2.40,2.40
2011.06.27 13:09:52.406,1.36144,1.36172,3.15,1.50
2011.06.27 13:09:52.969,1.36143,1.36168,5.40,1.35
2011.06.27 13:09:53.188,1.36143,1.36168,3.00,2.10
2011.06.27 13:09:53.297,1.36141,1.36168,4.65,2.10
2011.06.27 13:09:53.628,1.36137,1.36163,2.40,1.50
2011.06.27 13:09:54.997,1.36137,1.36163,3.75,1.50
2011.06.27 13:09:55.326,1.36141,1.36166,1.65,1.50
2011.06.27 13:09:55.937,1.36145,1.36166,1.65,1.50
2011.06.27 13:09:56.156,1.36147,1.3617,1.65,1.50
2011.06.27 13:09:56.705,1.36148,1.36172,1.65,1.88
2011.06.27 13:09:56.926,1.36148,1.36172,1.65,1.88
2011.06.27 13:09:57.036,1.36143,1.36172,3.75,1.88
2011.06.27 13:09:57.147,1.36143,1.36172,5.40,1.50
2011.06.27 13:09:57.694,1.36144,1.36169,3.00,1.50
2011.06.27 13:09:58.277,1.36142,1.36169,2.40,1.50
2011.06.27 13:09:58.609,1.36135,1.36167,2.40,3.75
2011.06.27 13:09:58.947,1.36135,1.3616,1.13,3.00
2011.06.27 13:09:59.056,1.36136,1.36164,2.40,1.50
2011.06.27 13:09:59.385,1.36136,1.36162,2.40,1.35
2011.06.27 13:09:59.737,1.36139,1.36162,1.13,1.35
2011.06.27 13:09:59.847,1.36144,1.36163,1.65,1.50
2011.06.27 13:10:00.180,1.36151,1.36172,1.65,1.13
2011.06.27 13:10:00.408,1.36151,1.36173,1.65,1.13
2011.06.27 13:10:00.627,1.36143,1.36172,2.40,1.13
2011.06.27 13:10:00.849,1.36147,1.36173,4.65,1.88
2011.06.27 13:10:00.966,1.36147,1.36172,1.65,1.13
2011.06.27 13:10:01.626,1.36146,1.36172,1.65,1.13
2011.06.27 13:10:02.739,1.36152,1.36173,1.65,1.88
2011.06.27 13:10:02.967,1.36152,1.36173,3.15,1.13
2011.06.27 13:10:03.185,1.36152,1.36172,2.40,1.13
2011.06.27 13:10:03.295,1.36155,1.36172,1.65,1.13
2011.06.27 13:10:03.845,1.36155,1.36182,1.65,6.00
2011.06.27 13:10:04.396,1.36154,1.36178,1.65,1.50
2011.06.27 13:10:04.728,1.36152,1.36178,1.65,1.50
2011.06.27 13:10:05.055,1.36152,1.36178,1.65,1.50
2011.06.27 13:10:05.606,1.3615,1.36178,2.40,1.50
2011.06.27 13:10:05.937,1.36153,1.36178,1.65,1.50
2011.06.27 13:10:06.156,1.36153,1.36178,1.65,1.50
2011.06.27 13:10:06.597,1.36148,1.36171,3.75,1.35
2011.06.27 13:10:06.705,1.36149,1.3617,3.75,1.35
2011.06.27 13:10:07.251,1.36146,1.3617,5.40,1.35
2011.06.27 13:10:07.807,1.36146,1.3617,3.75,1.35
2011.06.27 13:10:07.916,1.36146,1.3617,3.75,1.35
2011.06.27 13:10:09.957,1.36147,1.36168,1.50,1.35
2011.06.27 13:10:10.176,1.36149,1.36176,1.50,3.00
2011.06.27 13:10:10.505,1.36145,1.36175,3.15,2.40
2011.06.27 13:10:11.049,1.36146,1.36175,1.50,2.40
2011.06.27 13:10:12.106,1.36147,1.36166,1.50,2.16
2011.06.27 13:10:13.804,1.36146,1.36166,3.75,2.16
2011.06.27 13:10:14.136,1.36147,1.36166,1.50,1.41
2011.06.27 13:10:15.968,1.36149,1.36166,2.40,1.50
2011.06.27 13:10:16.076,1.36149,1.36166,1.65,2.16
2011.06.27 13:10:16.517,1.36147,1.36174,2.40,1.50
2011.06.27 13:10:16.956,1.36145,1.36174,2.40,4.50
2011.06.27 13:10:17.396,1.36147,1.36174,2.40,4.50
2011.06.27 13:10:18.477,1.36147,1.36174,2.40,4.50
2011.06.27 13:10:19.954,1.36146,1.36171,2.40,3.75
2011.06.27 13:10:20.288,1.36145,1.36175,1.50,1.50
2011.06.27 13:10:20.846,1.36145,1.36175,1.50,1.50
2011.06.27 13:10:21.285,1.36143,1.36175,3.75,1.50
2011.06.27 13:10:21.615,1.36144,1.36175,1.50,1.50
2011.06.27 13:10:23.967,1.36149,1.36175,1.35,1.50
2011.06.27 13:10:24.078,1.36151,1.36176,1.65,2.25
2011.06.27 13:10:24.405,1.36151,1.36178,2.40,2.25
2011.06.27 13:10:24.954,1.36151,1.36178,2.40,2.25
2011.06.27 13:10:26.676,1.36151,1.36178,2.40,2.25
2011.06.27 13:10:28.265,1.36151,1.36178,2.40,2.25
2011.06.27 13:10:28.489,1.36154,1.36179,3.00,1.50
2011.06.27 13:10:28.596,1.36154,1.36183,3.75,1.50
2011.06.27 13:10:28.926,1.36159,1.36185,3.00,1.35
2011.06.27 13:10:29.256,1.3616,1.36187,3.00,2.25
2011.06.27 13:10:29.365,1.36165,1.36187,1.65,2.25
2011.06.27 13:10:29.696,1.36164,1.36185,1.65,1.50
2011.06.27 13:10:29.806,1.36162,1.36182,1.65,1.50
2011.06.27 13:10:30.359,1.36158,1.36182,1.65,1.50
2011.06.27 13:10:30.586,1.36158,1.36182,1.65,1.50
2011.06.27 13:10:30.915,1.3616,1.36182,1.65,1.50
2011.06.27 13:10:31.487,1.36159,1.36182,1.65,1.50
2011.06.27 13:10:32.885,1.36158,1.36186,3.00,1.50
2011.06.27 13:10:33.216,1.3616,1.36186,3.75,1.50
2011.06.27 13:10:33.326,1.36164,1.36191,1.35,1.50
2011.06.27 13:10:33.436,1.36167,1.36191,1.65,1.50
2011.06.27 13:10:33.656,1.36163,1.36191,2.40,1.50
2011.06.27 13:10:34.095,1.36163,1.36188,1.65,1.50
2011.06.27 13:10:36.438,1.36164,1.36188,1.65,1.50
2011.06.27 13:10:36.818,1.36165,1.36188,1.65,1.50
2011.06.27 13:10:37.365,1.36162,1.36188,1.65,1.50
2011.06.27 13:10:38.136,1.36161,1.36188,2.40,1.50
2011.06.27 13:10:38.576,1.36165,1.36188,1.65,1.50
2011.06.27 13:10:38.685,1.36165,1.36188,1.65,1.50
2011.06.27 13:10:39.375,1.36165,1.36188,1.65,1.50
2011.06.27 13:10:39.496,1.36165,1.36188,1.65,1.50
2011.06.27 13:10:39.940,1.36155,1.36179,1.50,1.73
2011.06.27 13:10:40.169,1.36145,1.36174,1.50,2.40
2011.06.27 13:10:40.288,1.36147,1.36174,1.35,2.40
2011.06.27 13:10:40.507,1.36151,1.36176,1.65,2.25
2011.06.27 13:10:40.835,1.36154,1.36176,1.65,1.50
2011.06.27 13:10:41.793,1.36154,1.3618,1.65,2.10
2011.06.27 13:10:42.126,1.36152,1.36178,1.65,1.50
2011.06.27 13:10:46.557,1.36152,1.36178,2.40,1.50
2011.06.27 13:10:46.666,1.36152,1.36178,4.50,1.50
2011.06.27 13:10:46.996,1.36158,1.36181,1.65,1.50
2011.06.27 13:10:47.327,1.36158,1.36181,1.65,1.50
2011.06.27 13:10:47.547,1.3616,1.36181,1.65,1.50
2011.06.27 13:10:47.839,1.36164,1.36186,1.65,2.10
2011.06.27 13:10:48.456,1.36163,1.36186,1.65,2.01
2011.06.27 13:10:48.785,1.36163,1.36186,1.65,2.01
2011.06.27 13:10:49.227,1.36161,1.36182,1.65,1.50
2011.06.27 13:10:49.778,1.36159,1.36182,1.65,1.50
2011.06.27 13:10:49.888,1.36158,1.36182,3.75,1.50
2011.06.27 13:10:49.997,1.36158,1.36182,3.00,1.50
2011.06.27 13:10:50.106,1.36165,1.36182,1.65,1.50
2011.06.27 13:10:50.326,1.36158,1.36182,2.25,1.50
2011.06.27 13:10:50.766,1.36158,1.36182,2.25,1.50
2011.06.27 13:10:51.046,1.3616,1.36182,1.65,1.50
2011.06.27 13:10:51.388,1.3616,1.36186,2.25,1.50
2011.06.27 13:10:51.607,1.3616,1.36186,2.25,1.50
2011.06.27 13:10:52.598,1.36158,1.36183,1.65,1.50
2011.06.27 13:10:53.257,1.36157,1.36183,1.65,1.50
2011.06.27 13:10:53.588,1.36164,1.36183,1.65,1.50
2011.06.27 13:10:55.186,1.36163,1.36187,1.65,1.50
2011.06.27 13:10:56.579,1.36163,1.36183,1.65,1.35
2011.06.27 13:10:56.713,1.36155,1.36182,2.10,1.50
2011.06.27 13:10:56.937,1.36157,1.36184,1.50,3.75
2011.06.27 13:10:57.051,1.36159,1.36184,1.35,3.75
2011.06.27 13:10:57.608,1.36161,1.36181,1.35,1.50
2011.06.27 13:10:57.718,1.36162,1.36185,2.40,1.50
2011.06.27 13:10:57.937,1.36162,1.36185,2.40,1.50
2011.06.27 13:10:58.498,1.36162,1.36185,1.65,1.50
2011.06.27 13:10:58.606,1.36157,1.36185,1.50,1.50
2011.06.27 13:10:58.828,1.36165,1.36188,1.65,1.50
2011.06.27 13:10:59.279,1.3616,1.36187,1.50,1.35
2011.06.27 13:10:59.387,1.3616,1.36187,1.50,1.35
2011.06.27 13:10:59.717,1.36166,1.36187,1.65,1.35
2011.06.27 13:11:00.267,1.36162,1.36188,2.40,1.50
2011.06.27 13:11:00.816,1.36162,1.36188,2.40,1.50
2011.06.27 13:11:01.036,1.36161,1.36188,3.15,1.50
2011.06.27 13:11:01.256,1.36161,1.36187,2.40,1.50
2011.06.27 13:11:01.587,1.3616,1.36171,1.50,5.25
2011.06.27 13:11:01.696,1.36149,1.36171,1.50,6.00
2011.06.27 13:11:01.807,1.36148,1.36177,2.25,1.13
2011.06.27 13:11:01.918,1.36148,1.36173,1.50,1.50
2011.06.27 13:11:02.027,1.36148,1.36174,2.25,1.50
2011.06.27 13:11:02.575,1.36149,1.36174,1.50,1.50
2011.06.27 13:11:03.125,1.36149,1.36174,1.50,1.50
2011.06.27 13:11:03.461,1.36142,1.36173,1.50,4.41
2011.06.27 13:11:03.578,1.3614,1.3617,3.75,1.50
2011.06.27 13:11:03.876,1.36146,1.3617,2.40,1.50
2011.06.27 13:11:03.992,1.36143,1.3617,4.65,1.50
2011.06.27 13:11:04.218,1.36141,1.36166,3.75,3.00
2011.06.27 13:11:04.439,1.36141,1.36164,3.75,2.40
2011.06.27 13:11:04.667,1.36139,1.36164,5.40,2.40
2011.06.27 13:11:05.108,1.36134,1.36158,1.50,2.40
2011.06.27 13:11:05.436,1.36134,1.36157,1.50,2.40
2011.06.27 13:11:05.659,1.36137,1.36161,2.40,2.10
2011.06.27 13:11:05.877,1.36135,1.36161,2.40,2.10
2011.06.27 13:11:07.545,1.36135,1.36161,2.40,1.50
2011.06.27 13:11:07.876,1.36135,1.36161,2.40,1.50
2011.06.27 13:11:08.607,1.36134,1.36156,2.10,2.40
2011.06.27 13:11:09.045,1.36134,1.36161,3.75,1.50
2011.06.27 13:11:09.835,1.36135,1.36161,1.13,1.50
2011.06.27 13:11:10.166,1.36143,1.36168,1.35,1.50
2011.06.27 13:11:10.496,1.36151,1.36173,1.50,2.10
2011.06.27 13:11:10.830,1.36146,1.36173,1.50,1.35
2011.06.27 13:11:11.204,1.36144,1.3616,1.50,2.40
2011.06.27 13:11:11.320,1.36142,1.36164,1.50,1.35
2011.06.27 13:11:11.438,1.36141,1.36164,1.50,1.35
2011.06.27 13:11:11.986,1.36141,1.36164,1.50,1.35
2011.06.27 13:11:13.087,1.36141,1.36167,1.50,2.40
2011.06.27 13:11:13.747,1.36133,1.36157,2.48,1.50
2011.06.27 13:11:13.968,1.36134,1.36157,1.35,1.50
2011.06.27 13:11:14.299,1.36133,1.36152,1.50,1.65
2011.06.27 13:11:14.635,1.36133,1.36161,2.10,2.40
2011.06.27 13:11:16.460,1.36133,1.36161,2.10,2.40
2011.06.27 13:11:16.907,1.36133,1.3616,2.10,2.40
2011.06.27 13:11:17.235,1.36137,1.3616,1.35,2.40
2011.06.27 13:11:17.350,1.36139,1.3616,1.35,2.40
2011.06.27 13:11:17.468,1.36139,1.36164,1.35,1.50
2011.06.27 13:11:17.796,1.36142,1.36166,3.75,1.50
2011.06.27 13:11:18.127,1.36145,1.36173,5.40,1.50
2011.06.27 13:11:18.677,1.36143,1.36171,3.15,1.35
2011.06.27 13:11:19.007,1.3614,1.36167,1.35,1.65
2011.06.27 13:11:19.447,1.36141,1.36169,3.00,3.15
2011.06.27 13:11:19.995,1.36141,1.36171,3.75,3.00
2011.06.27 13:11:20.602,1.36143,1.36171,1.50,1.35
2011.06.27 13:11:21.051,1.36144,1.36166,1.50,1.35
2011.06.27 13:11:21.827,1.36139,1.36163,4.50,1.65
2011.06.27 13:11:22.158,1.36139,1.36163,1.50,2.40
2011.06.27 13:11:23.256,1.36144,1.36168,2.40,1.50
2011.06.27 13:11:23.476,1.36144,1.36168,2.40,1.50
2011.06.27 13:11:24.985,1.36144,1.36168,2.40,1.50
2011.06.27 13:11:25.315,1.36142,1.36166,2.40,1.13
2011.06.27 13:11:25.646,1.36143,1.36167,2.25,1.13
2011.06.27 13:11:26.195,1.36146,1.36167,1.65,1.13
2011.06.27 13:11:29.327,1.36146,1.36167,1.65,1.13
2011.06.27 13:11:29.546,1.36143,1.36167,3.75,2.78
2011.06.27 13:11:30.097,1.36146,1.36166,1.65,1.41
2011.06.27 13:11:30.427,1.36141,1.36166,1.50,1.13
2011.06.27 13:11:30.647,1.36141,1.36166,1.50,1.79
2011.06.27 13:11:31.556,1.36144,1.36167,2.85,4.19
2011.06.27 13:11:31.887,1.36154,1.36167,1.65,2.54
2011.06.27 13:11:32.218,1.36149,1.36166,1.65,1.13
2011.06.27 13:11:33.916,1.36146,1.36167,1.35,1.13
2011.06.27 13:11:34.026,1.36147,1.36167,3.00,1.13
2011.06.27 13:11:34.355,1.36145,1.36166,4.50,1.41
2011.06.27 13:11:34.906,1.36147,1.36166,1.35,1.50
2011.06.27 13:11:35.017,1.36149,1.36167,1.65,1.13
2011.06.27 13:11:35.235,1.36149,1.36167,1.65,1.13
2011.06.27 13:11:35.946,1.36145,1.36166,1.50,1.13
2011.06.27 13:11:36.169,1.36139,1.36163,1.13,1.50
2011.06.27 13:11:36.399,1.36142,1.36167,1.50,1.13
2011.06.27 13:11:36.946,1.36141,1.36166,1.50,1.13
2011.06.27 13:11:37.402,1.36143,1.36166,1.50,1.13
2011.06.27 13:11:37.736,1.36147,1.36166,2.40,1.13
2011.06.27 13:11:37.847,1.36147,1.36166,3.15,1.13
2011.06.27 13:11:38.835,1.36147,1.36166,1.65,1.13
2011.06.27 13:11:40.625,1.36147,1.36166,1.65,1.13
2011.06.27 13:11:41.067,1.36148,1.36166,1.65,1.13
2011.06.27 13:11:42.078,1.36148,1.36166,2.40,1.13
2011.06.27 13:11:42.735,1.36148,1.36166,2.40,1.13
2011.06.27 13:11:43.687,1.36149,1.36166,1.65,1.13
2011.06.27 13:11:44.355,1.36148,1.36166,2.40,1.13
2011.06.27 13:11:44.685,1.36148,1.36166,1.13,1.13
2011.06.27 13:11:45.016,1.36148,1.36169,1.50,1.13
2011.06.27 13:11:45.456,1.36147,1.36167,1.50,1.13
2011.06.27 13:11:45.786,1.36151,1.36166,1.65,1.13
2011.06.27 13:11:46.116,1.36158,1.36166,1.65,1.13
2011.06.27 13:11:46.759,1.36158,1.36171,1.65,1.13
2011.06.27 13:11:47.415,1.36159,1.36171,1.65,1.13
2011.06.27 13:11:48.075,1.36154,1.36172,3.00,1.13
2011.06.27 13:11:48.646,1.36154,1.36168,3.00,1.13
2011.06.27 13:11:49.085,1.3616,1.36168,1.65,1.13
2011.06.27 13:11:49.306,1.36154,1.36168,3.00,1.13
2011.06.27 13:11:49.527,1.36154,1.36166,1.65,1.13
2011.06.27 13:11:49.745,1.36148,1.36166,6.75,1.13
2011.06.27 13:11:49.856,1.36148,1.36166,3.15,1.13
2011.06.27 13:11:50.296,1.3615,1.36166,3.60,1.13
2011.06.27 13:11:50.626,1.36158,1.3617,2.25,1.13
2011.06.27 13:11:50.848,1.36152,1.36167,1.35,1.13
2011.06.27 13:11:51.396,1.36155,1.36171,3.00,1.13
2011.06.27 13:11:51.947,1.36159,1.36169,3.75,1.13
2011.06.27 13:11:52.498,1.36159,1.36177,3.75,1.26
2011.06.27 13:11:52.719,1.36155,1.36185,4.35,1.13
2011.06.27 13:11:52.829,1.36154,1.36185,1.35,1.50
2011.06.27 13:11:52.948,1.36155,1.3618,1.35,3.75
2011.06.27 13:11:53.059,1.36155,1.36183,1.35,3.75
2011.06.27 13:11:53.607,1.36155,1.36183,1.35,3.75
2011.06.27 13:11:53.938,1.36164,1.36185,1.35,4.50
2011.06.27 13:11:54.270,1.36153,1.36176,2.25,1.35
2011.06.27 13:11:54.387,1.36153,1.36176,1.50,1.35
2011.06.27 13:11:54.606,1.36152,1.36179,1.50,3.75
2011.06.27 13:11:54.827,1.36151,1.36176,3.00,1.50
2011.06.27 13:11:54.936,1.36151,1.36176,3.00,1.50
2011.06.27 13:11:55.776,1.36154,1.3618,3.75,1.50
2011.06.27 13:11:55.898,1.36158,1.36183,1.65,2.10
2011.06.27 13:11:56.131,1.36151,1.36176,1.35,1.50
2011.06.27 13:11:56.248,1.3615,1.36176,1.35,1.50
2011.06.27 13:11:56.801,1.36148,1.36175,1.50,1.35
2011.06.27 13:11:56.917,1.36144,1.36172,2.10,1.50
2011.06.27 13:11:57.029,1.36148,1.36172,2.48,1.50
2011.06.27 13:11:57.149,1.36152,1.3618,2.10,1.50
2011.06.27 13:11:57.370,1.36155,1.36182,1.50,1.13
2011.06.27 13:11:57.487,1.36155,1.36183,2.10,1.13
2011.06.27 13:11:58.036,1.36158,1.36182,1.35,1.13
2011.06.27 13:11:58.477,1.36156,1.36182,1.35,1.13
2011.06.27 13:11:58.697,1.36156,1.36182,1.35,1.13
2011.06.27 13:11:58.899,1.36153,1.36179,2.40,2.10
2011.06.27 13:11:59.021,1.36149,1.36177,2.48,1.50
2011.06.27 13:11:59.487,1.36149,1.36177,3.23,1.50
2011.06.27 13:11:59.707,1.36153,1.36179,1.35,1.50
2011.06.27 13:12:00.256,1.36153,1.36179,1.35,1.50
2011.06.27 13:12:00.586,1.36153,1.36179,1.35,1.50
2011.06.27 13:12:01.138,1.36155,1.36179,1.35,1.50
2011.06.27 13:12:01.697,1.36155,1.36183,3.15,1.35
2011.06.27 13:12:02.244,1.36156,1.36183,1.50,2.10
2011.06.27 13:12:02.787,1.36157,1.36183,1.50,2.10
2011.06.27 13:12:03.006,1.36157,1.36183,2.10,1.50
2011.06.27 13:12:03.116,1.3616,1.36183,3.00,1.50
2011.06.27 13:12:03.336,1.3616,1.36183,3.00,1.50
2011.06.27 13:12:03.555,1.3616,1.36183,3.00,1.50
2011.06.27 13:12:04.607,1.3616,1.36183,2.25,1.50
2011.06.27 13:12:04.828,1.36168,1.36191,2.10,1.50
2011.06.27 13:12:04.937,1.36167,1.36191,1.50,1.50
2011.06.27 13:12:05.377,1.36165,1.36195,1.35,2.10
2011.06.27 13:12:05.924,1.36164,1.36191,5.10,1.50
2011.06.27 13:12:06.505,1.36164,1.36191,3.75,1.50
2011.06.27 13:12:06.619,1.36161,1.36191,1.35,1.50
2011.06.27 13:12:06.842,1.36159,1.36185,1.50,1.35
2011.06.27 13:12:06.956,1.36158,1.36185,1.50,1.35
2011.06.27 13:12:07.066,1.3616,1.36185,1.50,1.35
2011.06.27 13:12:09.526,1.36157,1.36185,1.13,1.35
2011.06.27 13:12:09.896,1.36158,1.36185,1.50,1.35
2011.06.27 13:12:10.117,1.36159,1.36185,1.50,1.35
2011.06.27 13:12:11.115,1.36157,1.36185,1.50,1.35
2011.06.27 13:12:11.777,1.36159,1.36185,1.50,1.35
2011.06.27 13:12:12.325,1.36159,1.36185,3.15,1.35
2011.06.27 13:12:12.545,1.3616,1.36185,1.50,1.35
2011.06.27 13:12:13.006,1.3616,1.36185,1.50,1.35
2011.06.27 13:12:13.537,1.36161,1.36185,2.40,1.35
2011.06.27 13:12:13.866,1.36165,1.36187,3.00,1.50
2011.06.27 13:12:14.086,1.36166,1.36187,1.65,1.50
2011.06.27 13:12:14.675,1.36166,1.36187,1.65,1.50
2011.06.27 13:12:14.790,1.36166,1.36187,1.65,2.10
2011.06.27 13:12:14.907,1.36161,1.36187,2.40,2.10
2011.06.27 13:12:15.456,1.36163,1.36186,1.65,2.16
2011.06.27 13:12:16.006,1.36162,1.36186,2.40,1.50
2011.06.27 13:12:16.338,1.36164,1.36187,1.65,3.51
2011.06.27 13:12:16.666,1.36164,1.36187,1.65,3.51
2011.06.27 13:12:16.888,1.36161,1.36181,2.40,1.35
2011.06.27 13:12:17.001,1.36161,1.36181,1.65,1.35
2011.06.27 13:12:17.118,1.36156,1.36181,2.40,1.35
2011.06.27 13:12:17.846,1.36156,1.3618,2.40,3.75
2011.06.27 13:12:18.170,1.36156,1.3618,2.40,3.75
2011.06.27 13:12:18.507,1.36157,1.3618,1.65,3.75
2011.06.27 13:12:19.056,1.36157,1.3618,2.40,3.75
2011.06.27 13:12:19.624,1.36156,1.3618,2.40,3.75
2011.06.27 13:12:19.959,1.36171,1.36187,1.50,1.13
2011.06.27 13:12:20.300,1.36171,1.36187,1.65,1.13
2011.06.27 13:12:20.416,1.36165,1.36187,2.40,1.13
2011.06.27 13:12:20.528,1.36165,1.36186,2.40,1.13
2011.06.27 13:12:21.188,1.36164,1.36187,1.65,1.13
2011.06.27 13:12:21.735,1.36165,1.36187,1.65,1.13
2011.06.27 13:12:22.247,1.36165,1.36186,2.25,1.13
2011.06.27 13:12:22.578,1.3616,1.36187,2.40,2.78
2011.06.27 13:12:22.808,1.36163,1.36187,3.15,1.13
2011.06.27 13:12:23.357,1.36162,1.36187,2.40,1.13
2011.06.27 13:12:23.578,1.3616,1.36185,3.75,1.35
2011.06.27 13:12:23.907,1.36159,1.36185,1.50,1.35
2011.06.27 13:12:24.018,1.36157,1.36185,6.15,1.35
2011.06.27 13:12:24.128,1.36157,1.36185,1.50,3.00
2011.06.27 13:12:24.456,1.36165,1.36184,2.10,2.40
2011.06.27 13:12:25.226,1.36167,1.36186,2.40,1.13
2011.06.27 13:12:25.769,1.3617,1.36186,1.65,1.13
2011.06.27 13:12:25.880,1.36161,1.36186,4.50,2.78
2011.06.27 13:12:26.001,1.36163,1.36183,3.00,2.40
2011.06.27 13:12:26.117,1.36156,1.36181,1.35,2.40
2011.06.27 13:12:26.339,1.36156,1.36181,1.35,2.40
2011.06.27 13:12:27.105,1.36156,1.36182,1.35,5.40
2011.06.27 13:12:27.656,1.36159,1.36186,2.40,3.44
2011.06.27 13:12:28.097,1.36161,1.36187,1.35,1.88
2011.06.27 13:12:28.206,1.3616,1.36187,4.50,1.88
2011.06.27 13:12:28.536,1.3616,1.36187,2.40,1.13
2011.06.27 13:12:29.087,1.36153,1.36183,1.50,1.50
2011.06.27 13:12:29.196,1.36153,1.36183,1.50,1.50
2011.06.27 13:12:29.306,1.36153,1.36182,1.50,1.50
2011.06.27 13:12:29.709,1.36163,1.36184,1.65,1.50
2011.06.27 13:12:30.038,1.36158,1.36186,1.35,1.13
2011.06.27 13:12:30.476,1.36154,1.36186,4.50,1.50
2011.06.27 13:12:30.696,1.36154,1.36181,4.50,2.40
2011.06.27 13:12:30.916,1.36157,1.36179,1.50,2.40
2011.06.27 13:12:31.027,1.3616,1.36183,3.60,1.50
2011.06.27 13:12:31.576,1.36162,1.36187,1.65,1.88
2011.06.27 13:12:31.908,1.36162,1.36184,1.65,1.50
2011.06.27 13:12:32.127,1.36155,1.36181,3.75,1.50
2011.06.27 13:12:32.570,1.36156,1.36179,1.65,1.50
2011.06.27 13:12:33.101,1.36155,1.36179,2.40,1.50
2011.06.27 13:12:33.220,1.36154,1.36179,3.15,1.50
2011.06.27 13:12:33.557,1.36154,1.36179,3.15,1.50
2011.06.27 13:12:34.326,1.36156,1.36183,2.40,3.15
2011.06.27 13:12:34.437,1.36156,1.36183,3.15,3.15
2011.06.27 13:12:34.768,1.36168,1.36186,1.65,1.50
2011.06.27 13:12:34.878,1.36169,1.36186,3.60,1.50
2011.06.27 13:12:34.990,1.36168,1.36185,2.25,1.13
2011.06.27 13:12:35.218,1.36167,1.36187,1.50,1.13
2011.06.27 13:12:35.326,1.36166,1.36186,3.00,1.13
2011.06.27 13:12:35.655,1.36169,1.36187,1.65,1.13
2011.06.27 13:12:35.876,1.36169,1.36187,2.25,1.13
2011.06.27 13:12:36.755,1.36169,1.36187,1.65,1.13
2011.06.27 13:12:36.999,1.36172,1.36187,1.65,1.13
2011.06.27 13:12:37.328,1.36174,1.36187,1.65,1.13
2011.06.27 13:12:37.548,1.36168,1.36186,1.50,1.13
2011.06.27 13:12:37.658,1.36167,1.36186,1.50,1.13
2011.06.27 13:12:37.877,1.36164,1.36186,2.40,1.13
2011.06.27 13:12:38.318,1.36161,1.36186,1.65,2.40
2011.06.27 13:12:38.866,1.36161,1.36185,1.65,1.35
2011.06.27 13:12:39.308,1.36166,1.36185,1.65,1.50
2011.06.27 13:12:39.866,1.36165,1.36186,1.65,1.13
2011.06.27 13:12:43.985,1.36166,1.36186,3.00,1.13
2011.06.27 13:12:44.317,1.36173,1.36187,1.65,1.13
2011.06.27 13:12:44.646,1.36165,1.36186,1.65,1.13
2011.06.27 13:12:45.086,1.36159,1.36185,1.50,1.35
2011.06.27 13:12:45.635,1.3616,1.36185,3.15,2.10
2011.06.27 13:12:46.748,1.36168,1.36185,3.75,1.50
2011.06.27 13:12:47.077,1.36172,1.36186,1.65,1.13
2011.06.27 13:12:47.407,1.3617,1.36186,1.65,1.13
2011.06.27 13:12:47.517,1.3617,1.36186,1.65,1.13
2011.06.27 13:12:47.628,1.36168,1.36187,1.65,1.13
2011.06.27 13:12:48.108,1.36164,1.36187,4.50,1.88
2011.06.27 13:12:48.437,1.36162,1.36186,3.00,1.13
2011.06.27 13:12:49.204,1.36162,1.36187,1.50,1.13
2011.06.27 13:12:49.908,1.36162,1.36187,1.88,1.13
2011.06.27 13:12:50.187,1.36165,1.36187,1.13,1.13
2011.06.27 13:12:50.296,1.36165,1.36187,1.13,1.13
2011.06.27 13:12:50.855,1.36166,1.36187,3.00,1.13
2011.06.27 13:12:51.187,1.36166,1.36187,4.50,1.13
2011.06.27 13:12:51.520,1.3617,1.36186,3.98,1.13
2011.06.27 13:12:51.857,1.36168,1.36187,2.40,1.13
2011.06.27 13:12:52.126,1.36168,1.36187,2.40,1.13
2011.06.27 13:12:52.237,1.36168,1.36187,2.40,1.13
2011.06.27 13:12:52.886,1.36168,1.36187,2.40,1.13
2011.06.27 13:12:53.837,1.36167,1.36187,3.75,1.13
2011.06.27 13:12:53.946,1.36167,1.36187,3.00,1.13
2011.06.27 13:12:54.167,1.36164,1.36184,1.50,2.40
2011.06.27 13:12:54.606,1.36166,1.36187,3.00,1.13
2011.06.27 13:12:54.717,1.36164,1.36183,3.75,2.40
2011.06.27 13:12:55.157,1.36164,1.36184,3.00,2.40
2011.06.27 13:12:55.377,1.36164,1.36185,3.00,2.40
2011.06.27 13:12:55.488,1.3616,1.36182,1.50,2.40
2011.06.27 13:12:56.037,1.36161,1.36182,1.50,2.40
2011.06.27 13:12:56.146,1.36161,1.36182,1.50,2.40
2011.06.27 13:12:56.527,1.3616,1.3618,1.50,2.40
2011.06.27 13:12:57.089,1.36157,1.36184,3.75,2.40
2011.06.27 13:12:57.635,1.36155,1.36184,1.50,2.40
2011.06.27 13:12:57.856,1.36163,1.36185,3.00,1.50
2011.06.27 13:12:58.186,1.36165,1.36186,3.00,1.13
2011.06.27 13:12:58.737,1.36166,1.36187,3.00,1.13
2011.06.27 13:12:58.849,1.36168,1.36186,3.00,1.13
2011.06.27 13:12:59.286,1.36171,1.36187,3.00,1.13
2011.06.27 13:12:59.395,1.36167,1.36187,3.75,1.13
2011.06.27 13:12:59.737,1.36173,1.36187,3.00,1.13
2011.06.27 13:12:59.847,1.36174,1.36189,4.65,1.13
2011.06.27 13:13:00.350,1.36168,1.36186,3.75,1.13
2011.06.27 13:13:04.245,1.36168,1.36186,3.75,1.13
2011.06.27 13:13:04.575,1.36166,1.36186,2.03,1.13
2011.06.27 13:13:04.795,1.36162,1.36186,1.50,1.13
2011.06.27 13:13:04.906,1.36165,1.36187,1.50,1.13
2011.06.27 13:13:05.455,1.36167,1.36187,2.03,1.13
2011.06.27 13:13:06.156,1.36165,1.36187,4.65,1.13
2011.06.27 13:13:06.270,1.36162,1.36187,1.50,1.13
2011.06.27 13:13:06.828,1.36164,1.36187,1.50,1.13
2011.06.27 13:13:07.776,1.36162,1.36186,1.50,2.40
2011.06.27 13:13:08.275,1.36162,1.36186,1.50,2.40
2011.06.27 13:13:08.497,1.36165,1.36187,1.50,1.13
2011.06.27 13:13:08.937,1.36162,1.36187,3.75,1.13
2011.06.27 13:13:10.035,1.36164,1.36186,1.50,1.13
2011.06.27 13:13:10.257,1.36166,1.36187,3.75,1.13
2011.06.27 13:13:10.916,1.36166,1.36187,3.75,1.13
2011.06.27 13:13:11.657,1.36164,1.36186,1.50,1.13
2011.06.27 13:13:12.205,1.36163,1.36187,3.75,1.13
2011.06.27 13:13:13.178,1.3616,1.36181,3.75,1.35
2011.06.27 13:13:13.395,1.36155,1.36181,1.50,1.35
2011.06.27 13:13:13.508,1.36152,1.36181,1.50,1.35
2011.06.27 13:13:13.727,1.36155,1.36181,1.50,2.10
2011.06.27 13:13:14.055,1.36155,1.36181,1.50,2.10
2011.06.27 13:13:14.495,1.36157,1.36181,2.40,1.50
2011.06.27 13:13:16.365,1.36157,1.36184,1.50,1.50
2011.06.27 13:13:16.915,1.36161,1.36185,1.50,1.35
2011.06.27 13:13:17.797,1.36163,1.36186,3.00,1.13
2011.06.27 13:13:18.016,1.36163,1.36187,4.50,1.13
2011.06.27 13:13:18.895,1.36163,1.36182,4.50,1.13
2011.06.27 13:13:19.667,1.36163,1.3618,3.75,1.13
2011.06.27 13:13:21.268,1.3617,1.36182,3.00,1.13
2011.06.27 13:13:21.997,1.3617,1.36182,3.00,1.13
2011.06.27 13:13:23.198,1.36169,1.36179,4.65,1.13
2011.06.27 13:13:23.417,1.36166,1.36179,7.13,1.13
2011.06.27 13:13:23.966,1.36166,1.36177,3.00,1.13
2011.06.27 13:13:25.606,1.36164,1.36177,3.00,1.13
2011.06.27 13:13:25.936,1.36161,1.36177,3.38,1.13
2011.06.27 13:13:26.271,1.36156,1.36177,4.13,1.13
2011.06.27 13:13:27.046,1.36156,1.36176,1.13,1.13
2011.06.27 13:13:27.268,1.36157,1.36176,1.50,1.13
2011.06.27 13:13:27.486,1.36159,1.36177,1.50,1.13
2011.06.27 13:13:29.036,1.36161,1.36178,1.50,1.13
2011.06.27 13:13:29.378,1.36157,1.36177,3.00,1.13
2011.06.27 13:13:29.598,1.36159,1.36177,1.65,1.13
2011.06.27 13:13:29.816,1.36156,1.36174,1.50,1.65
2011.06.27 13:13:30.147,1.36154,1.36177,4.50,1.13
2011.06.27 13:13:30.477,1.36148,1.36176,2.10,1.13
2011.06.27 13:13:30.916,1.36149,1.36176,1.50,2.78
2011.06.27 13:13:31.336,1.36149,1.36175,1.50,2.40
2011.06.27 13:13:31.998,1.3615,1.36172,3.75,2.40
2011.06.27 13:13:32.216,1.3615,1.36176,3.75,1.13
2011.06.27 13:13:32.546,1.36151,1.36173,1.50,2.40
2011.06.27 13:13:32.876,1.36151,1.36177,1.50,1.13
2011.06.27 13:13:33.095,1.36154,1.36177,1.50,1.13
2011.06.27 13:13:33.649,1.36154,1.36177,1.50,1.13
2011.06.27 13:13:34.646,1.36153,1.36176,1.50,1.13
2011.06.27 13:13:34.866,1.36155,1.36177,2.40,1.13
2011.06.27 13:13:35.433,1.36152,1.36174,1.50,2.40
2011.06.27 13:13:36.095,1.36151,1.36174,1.50,2.40
2011.06.27 13:13:38.575,1.3615,1.36172,1.50,2.40
2011.06.27 13:13:41.477,1.36152,1.36172,1.50,2.40
2011.06.27 13:13:42.059,1.36146,1.36174,1.50,1.50
2011.06.27 13:13:42.896,1.36146,1.36174,1.50,1.50
2011.06.27 13:13:44.217,1.36146,1.36168,1.50,2.40
2011.06.27 13:13:44.439,1.36143,1.36164,1.50,1.65
2011.06.27 13:13:44.667,1.36143,1.36162,1.50,2.40
2011.06.27 13:13:44.995,1.36143,1.3617,1.50,1.50
2011.06.27 13:13:45.694,1.36143,1.3617,1.50,1.50
2011.06.27 13:13:46.469,1.36143,1.3617,1.50,1.50
2011.06.27 13:13:46.576,1.36143,1.3617,1.50,3.15
2011.06.27 13:13:46.795,1.36143,1.3617,1.50,3.15
2011.06.27 13:13:47.279,1.36143,1.3617,1.50,3.15
2011.06.27 13:13:50.726,1.36143,1.3617,1.50,3.15
2011.06.27 13:13:51.278,1.36139,1.36163,1.50,2.40
2011.06.27 13:13:51.827,1.36138,1.36164,3.75,1.50
2011.06.27 13:13:52.155,1.3614,1.36165,2.10,1.50
2011.06.27 13:13:52.515,1.3614,1.36165,2.10,1.50
2011.06.27 13:13:53.366,1.3614,1.36165,2.10,1.50
2011.06.27 13:13:54.136,1.36137,1.36165,1.50,3.15
2011.06.27 13:13:54.466,1.36137,1.36165,1.50,3.75
2011.06.27 13:13:54.576,1.36137,1.36165,1.50,3.75
2011.06.27 13:13:54.689,1.36137,1.36165,1.50,3.15
2011.06.27 13:13:54.907,1.36133,1.3616,1.50,2.40
2011.06.27 13:13:55.457,1.36138,1.36161,3.00,3.15
2011.06.27 13:13:55.786,1.36138,1.36162,5.40,1.50
2011.06.27 13:13:56.115,1.36139,1.36166,2.10,2.40
2011.06.27 13:13:56.446,1.36144,1.36171,3.75,1.73
2011.06.27 13:13:56.667,1.36146,1.36171,1.50,1.13
2011.06.27 13:13:57.197,1.36146,1.36171,1.50,1.13
2011.06.27 13:13:57.528,1.36151,1.36176,1.35,2.25
2011.06.27 13:13:57.746,1.36153,1.36176,2.40,1.35
2011.06.27 13:13:57.857,1.36149,1.36169,1.50,1.65
2011.06.27 13:13:58.076,1.36149,1.36169,1.50,1.65
2011.06.27 13:13:58.548,1.36149,1.36169,1.50,1.65
2011.06.27 13:13:58.768,1.36145,1.36171,1.50,1.65
2011.06.27 13:13:58.986,1.36145,1.36168,1.50,1.65
2011.06.27 13:13:59.427,1.36152,1.36178,3.75,1.13
2011.06.27 13:13:59.936,1.36152,1.36178,3.75,1.88
2011.06.27 13:14:00.594,1.36152,1.36177,3.75,1.13
2011.06.27 13:14:01.057,1.3615,1.36173,1.50,1.65
2011.06.27 13:14:02.205,1.36147,1.36174,4.50,2.25
2011.06.27 13:14:02.637,1.36147,1.36174,4.50,1.65
2011.06.27 13:14:03.468,1.36147,1.36173,1.50,1.65
2011.06.27 13:14:03.576,1.36147,1.36171,1.50,1.65
2011.06.27 13:14:04.126,1.36149,1.36176,3.75,1.73
2011.06.27 13:14:04.235,1.36149,1.36176,3.75,2.48
2011.06.27 13:14:04.678,1.36149,1.36171,3.75,1.65
2011.06.27 13:14:04.786,1.36144,1.36169,1.35,1.50
2011.06.27 13:14:05.227,1.36143,1.3617,2.40,3.00
2011.06.27 13:14:05.666,1.36147,1.36173,1.13,1.50
2011.06.27 13:14:05.887,1.36148,1.36174,3.75,1.50
2011.06.27 13:14:06.217,1.36154,1.36177,2.40,1.88
2011.06.27 13:14:06.617,1.36151,1.36175,1.50,2.40
2011.06.27 13:14:06.947,1.36152,1.36176,2.78,1.88
2011.06.27 13:14:07.277,1.3616,1.36176,1.65,1.88
2011.06.27 13:14:07.495,1.36152,1.36176,2.40,1.50
2011.06.27 13:14:07.605,1.36152,1.36176,2.40,1.88
2011.06.27 13:14:08.247,1.36152,1.36176,2.40,1.50
2011.06.27 13:14:08.576,1.36152,1.36176,1.65,1.50
2011.06.27 13:14:09.237,1.36153,1.36176,3.75,1.50
2011.06.27 13:14:09.347,1.3616,1.36175,1.65,1.35
2011.06.27 13:14:10.009,1.36153,1.36176,1.35,1.13
2011.06.27 13:14:10.117,1.36152,1.36177,1.65,1.88
2011.06.27 13:14:10.448,1.36155,1.36177,1.65,1.13
2011.06.27 13:14:10.557,1.36155,1.36177,1.65,1.13
2011.06.27 13:14:10.666,1.36153,1.36176,2.25,1.13
2011.06.27 13:14:11.248,1.36152,1.36176,1.65,1.13
2011.06.27 13:14:11.797,1.36152,1.36177,2.25,1.13
2011.06.27 13:14:12.355,1.36152,1.36177,1.65,1.13
2011.06.27 13:14:12.905,1.36153,1.36176,1.65,1.50
2011.06.27 13:14:13.126,1.36149,1.36176,1.50,1.50
2011.06.27 13:14:13.346,1.36153,1.36175,1.65,1.50
2011.06.27 13:14:13.456,1.36151,1.36175,1.65,1.50
2011.06.27 13:14:13.676,1.36152,1.36175,1.65,1.50
2011.06.27 13:14:14.116,1.36153,1.36176,1.65,1.88
2011.06.27 13:14:14.447,1.3616,1.36177,1.65,1.13
2011.06.27 13:14:14.670,1.36162,1.36177,1.65,1.13
2011.06.27 13:14:14.789,1.36164,1.36176,1.65,1.13
2011.06.27 13:14:14.898,1.36158,1.36177,7.65,1.13
2011.06.27 13:14:15.227,1.36159,1.36177,3.15,1.13
2011.06.27 13:14:15.644,1.36176,1.36186,1.65,4.05
2011.06.27 13:14:15.758,1.36168,1.36186,3.75,2.10
2011.06.27 13:14:15.869,1.36166,1.36177,3.00,1.13
2011.06.27 13:14:16.415,1.36166,1.36177,1.65,1.13
2011.06.27 13:14:16.858,1.3616,1.36177,1.50,1.13
2011.06.27 13:14:17.077,1.36161,1.36177,3.75,1.13
2011.06.27 13:14:17.406,1.36171,1.36177,1.65,1.13
2011.06.27 13:14:17.517,1.36171,1.36179,1.65,1.13
2011.06.27 13:14:18.067,1.36167,1.36177,1.65,1.13
2011.06.27 13:14:18.506,1.36169,1.36177,1.65,1.13
2011.06.27 13:14:18.836,1.36171,1.3618,1.65,1.13
2011.06.27 13:14:20.991,1.36171,1.36179,1.65,1.13
2011.06.27 13:14:21.326,1.3617,1.3619,2.40,1.48
2011.06.27 13:14:21.435,1.36177,1.36192,1.65,1.50
2011.06.27 13:14:21.876,1.36175,1.36192,1.65,1.50
2011.06.27 13:14:22.318,1.3617,1.36189,1.65,1.35
2011.06.27 13:14:22.866,1.3617,1.36193,1.65,1.50
2011.06.27 13:14:23.195,1.36171,1.36193,1.65,1.50
2011.06.27 13:14:23.745,1.36171,1.36193,1.65,1.50
2011.06.27 13:14:24.295,1.36171,1.36192,1.65,1.35
2011.06.27 13:14:24.625,1.36171,1.36192,1.65,2.10
2011.06.27 13:14:25.246,1.36171,1.36192,1.65,1.50
2011.06.27 13:14:25.736,1.36172,1.36192,2.40,1.50
2011.06.27 13:14:26.866,1.36167,1.36191,1.50,1.35
2011.06.27 13:14:27.936,1.36165,1.3619,2.40,1.50
2011.06.27 13:14:28.486,1.36167,1.3619,3.15,1.50
2011.06.27 13:14:28.927,1.36163,1.3619,1.50,1.50
2011.06.27 13:14:29.036,1.36165,1.3619,2.40,1.50
2011.06.27 13:14:29.146,1.36167,1.3619,4.50,1.50
2011.06.27 13:14:29.477,1.36173,1.36194,1.65,1.50
2011.06.27 13:14:30.136,1.36173,1.36194,1.65,1.50
2011.06.27 13:14:30.716,1.36173,1.36194,1.65,1.50
2011.06.27 13:14:31.267,1.36166,1.36192,3.15,1.35
2011.06.27 13:14:31.705,1.36166,1.36192,3.15,1.35
2011.06.27 13:14:31.929,1.36166,1.36193,1.50,2.40
2011.06.27 13:14:32.477,1.36166,1.36192,1.50,1.35
2011.06.27 13:14:33.077,1.36166,1.36194,3.15,1.50
2011.06.27 13:14:34.348,1.36162,1.3619,3.53,1.50
2011.06.27 13:14:34.676,1.36162,1.3619,1.88,1.50
2011.06.27 13:14:34.785,1.36162,1.3619,1.88,1.50
2011.06.27 13:14:35.225,1.36162,1.3619,1.88,1.50
2011.06.27 13:14:36.006,1.36165,1.3619,1.13,1.50
2011.06.27 13:14:36.336,1.3617,1.3619,1.65,1.50
2011.06.27 13:14:38.510,1.36172,1.36194,1.65,1.50
2011.06.27 13:14:38.616,1.3617,1.36194,1.65,1.50
2011.06.27 13:14:39.175,1.3617,1.36194,1.65,1.50
2011.06.27 13:14:39.726,1.3617,1.36194,1.65,1.50
2011.06.27 13:14:40.768,1.3617,1.36194,1.65,1.50
2011.06.27 13:14:41.926,1.3617,1.36194,1.65,1.50
2011.06.27 13:14:42.258,1.36168,1.36192,1.65,1.50
2011.06.27 13:14:42.696,1.36168,1.36191,1.65,1.50
2011.06.27 13:14:43.476,1.36168,1.36191,1.65,1.50
2011.06.27 13:14:46.208,1.36166,1.36187,1.65,1.50
2011.06.27 13:14:47.916,1.36166,1.36187,1.65,1.50
2011.06.27 13:14:48.665,1.36166,1.36187,1.65,1.50
2011.06.27 13:14:48.776,1.36159,1.36187,1.50,1.50
2011.06.27 13:14:48.997,1.36158,1.36187,3.15,1.50
2011.06.27 13:14:49.886,1.36159,1.36187,1.50,1.50
2011.06.27 13:14:51.530,1.36158,1.36182,3.00,1.50
2011.06.27 13:14:51.868,1.36154,1.36179,1.50,2.40
2011.06.27 13:14:52.196,1.36153,1.36181,1.50,1.50
2011.06.27 13:14:52.747,1.36151,1.36178,1.35,1.50
2011.06.27 13:14:53.295,1.36151,1.36177,3.00,1.41
2011.06.27 13:14:53.629,1.36151,1.36156,1.65,1.50
2011.06.27 13:14:53.851,1.36139,1.36156,3.75,1.50
2011.06.27 13:14:53.969,1.36138,1.36163,1.73,1.50
2011.06.27 13:14:54.624,1.36142,1.36165,1.35,1.50
2011.06.27 13:14:54.959,1.36148,1.36166,1.13,1.41
2011.06.27 13:14:55.292,1.36165,1.36173,1.35,1.65
2011.06.27 13:14:55.410,1.36166,1.36177,1.35,1.65
2011.06.27 13:14:55.529,1.36166,1.36189,1.35,3.75
2011.06.27 13:14:55.749,1.36164,1.3619,1.35,1.13
2011.06.27 13:14:56.078,1.36179,1.36202,2.40,2.25
2011.06.27 13:14:56.189,1.3618,1.36206,1.50,1.50
2011.06.27 13:14:56.738,1.36179,1.36204,1.65,1.50
2011.06.27 13:14:56.956,1.36179,1.36204,2.40,1.50
2011.06.27 13:14:57.299,1.36181,1.36199,1.65,1.50
2011.06.27 13:14:57.749,1.36173,1.36199,2.40,1.50
2011.06.27 13:14:58.417,1.36175,1.36199,2.40,1.50
2011.06.27 13:14:58.527,1.36174,1.36203,1.35,1.50
2011.06.27 13:14:58.749,1.36185,1.36204,3.23,1.50
2011.06.27 13:14:59.076,1.36195,1.36221,2.40,2.48
2011.06.27 13:14:59.186,1.36195,1.36216,2.40,1.50
2011.06.27 13:14:59.518,1.36195,1.36207,2.40,1.35
2011.06.27 13:14:59.626,1.36193,1.36204,1.50,1.50
2011.06.27 13:14:59.738,1.36184,1.36204,1.35,1.50
2011.06.27 13:14:59.959,1.36179,1.36206,1.35,1.50
2011.06.27 13:15:00.178,1.36183,1.36206,2.40,1.50
2011.06.27 13:15:00.728,1.36181,1.36205,1.50,2.85
2011.06.27 13:15:01.063,1.36176,1.36201,1.35,2.25
2011.06.27 13:15:01.570,1.36178,1.36206,3.15,2.85
2011.06.27 13:15:02.679,1.36184,1.36203,1.50,1.35
2011.06.27 13:15:03.228,1.36185,1.36205,1.65,1.35
2011.06.27 13:15:03.744,1.3618,1.36207,1.50,3.90
2011.06.27 13:15:03.864,1.36179,1.36207,2.63,1.35
2011.06.27 13:15:04.197,1.36179,1.36209,2.63,1.73
2011.06.27 13:15:04.306,1.36179,1.36206,2.63,1.35
2011.06.27 13:15:04.526,1.36183,1.36206,1.50,1.35
2011.06.27 13:15:04.857,1.36183,1.36209,3.15,1.50
2011.06.27 13:15:05.406,1.36185,1.36212,1.35,1.50
2011.06.27 13:15:05.737,1.36183,1.36211,3.15,1.35
2011.06.27 13:15:05.958,1.36183,1.3621,1.50,1.50
2011.06.27 13:15:06.289,1.36183,1.36205,1.50,3.00
2011.06.27 13:15:06.841,1.36179,1.36205,3.38,1.50
2011.06.27 13:15:07.260,1.36179,1.36205,3.00,1.50
2011.06.27 13:15:07.596,1.36179,1.36207,5.03,1.35
2011.06.27 13:15:08.479,1.36193,1.36217,3.00,1.50
2011.06.27 13:15:08.700,1.36195,1.36222,1.50,1.50
2011.06.27 13:15:09.037,1.36195,1.36215,1.50,5.25
2011.06.27 13:15:09.258,1.3619,1.36209,1.13,1.35
2011.06.27 13:15:09.479,1.36187,1.36206,1.13,2.85
2011.06.27 13:15:09.877,1.36183,1.36207,1.50,2.10
2011.06.27 13:15:09.992,1.36183,1.36207,1.50,2.10
2011.06.27 13:15:10.216,1.36185,1.36207,1.13,2.10
2011.06.27 13:15:10.766,1.36188,1.36207,1.13,1.35
2011.06.27 13:15:11.321,1.36187,1.36207,1.13,1.35
2011.06.27 13:15:11.548,1.3619,1.36212,1.13,1.50
2011.06.27 13:15:12.096,1.3619,1.36216,1.13,1.35
2011.06.27 13:15:12.755,1.36189,1.36216,1.13,1.35
2011.06.27 13:15:13.087,1.3619,1.36214,1.13,4.35
2011.06.27 13:15:13.732,1.36189,1.36211,1.13,1.50
2011.06.27 13:15:14.867,1.36189,1.36211,1.13,1.50
2011.06.27 13:15:15.086,1.36189,1.36211,1.13,1.50
2011.06.27 13:15:15.751,1.36189,1.36211,1.13,1.50
2011.06.27 13:15:16.090,1.3619,1.36211,1.13,1.50
2011.06.27 13:15:16.207,1.3619,1.36211,1.50,1.50
2011.06.27 13:15:16.539,1.3619,1.36211,1.50,1.73
2011.06.27 13:15:16.648,1.36187,1.36207,3.75,1.50
2011.06.27 13:15:16.759,1.36183,1.36204,3.00,3.00
2011.06.27 13:15:16.880,1.36183,1.36207,3.00,2.25
2011.06.27 13:15:17.202,1.36184,1.36201,2.25,1.50
2011.06.27 13:15:17.759,1.36183,1.36194,2.25,3.75
2011.06.27 13:15:18.088,1.36174,1.36198,2.25,1.50
2011.06.27 13:15:18.638,1.36177,1.36201,1.13,1.50
2011.06.27 13:15:18.747,1.36177,1.36201,1.13,1.50
2011.06.27 13:15:19.847,1.36177,1.362,1.13,1.50
2011.06.27 13:15:19.959,1.36177,1.362,1.73,1.50
2011.06.27 13:15:20.186,1.36177,1.362,1.73,1.50
2011.06.27 13:15:20.406,1.36186,1.362,3.60,1.50
2011.06.27 13:15:20.734,1.36205,1.36216,5.10,1.50
2011.06.27 13:15:20.960,1.36206,1.36219,1.35,1.50
2011.06.27 13:15:21.082,1.36206,1.36233,1.73,1.50
2011.06.27 13:15:21.307,1.36207,1.36231,1.13,2.10
2011.06.27 13:15:21.635,1.36204,1.36231,3.75,2.10
2011.06.27 13:15:21.747,1.36205,1.36231,1.50,2.10
2011.06.27 13:15:22.077,1.36204,1.36231,4.35,1.50
2011.06.27 13:15:22.406,1.36204,1.36231,4.35,1.50
2011.06.27 13:15:22.628,1.36204,1.36231,4.35,1.50
2011.06.27 13:15:23.066,1.36204,1.36228,3.75,1.35
2011.06.27 13:15:23.398,1.36223,1.36234,1.13,1.50
2011.06.27 13:15:23.508,1.36224,1.36241,1.65,1.50
2011.06.27 13:15:23.617,1.36226,1.36241,2.10,1.50
2011.06.27 13:15:24.209,1.36226,1.36253,2.10,1.50
2011.06.27 13:15:24.316,1.36226,1.36253,2.10,1.50
2011.06.27 13:15:24.427,1.36226,1.36253,1.65,1.50
2011.06.27 13:15:24.647,1.36219,1.36249,2.85,2.10
2011.06.27 13:15:24.869,1.36219,1.36247,2.10,1.50
2011.06.27 13:15:24.976,1.36219,1.36247,1.35,1.50
2011.06.27 13:15:25.780,1.36216,1.36243,1.35,1.50
2011.06.27 13:15:27.207,1.36216,1.36243,1.35,1.50
2011.06.27 13:15:27.468,1.36214,1.36243,1.50,1.50
2011.06.27 13:15:28.019,1.36215,1.36233,1.65,1.50
2011.06.27 13:15:28.349,1.362,1.36231,2.25,1.35
2011.06.27 13:15:28.791,1.36198,1.36228,1.50,1.50
2011.06.27 13:15:28.908,1.362,1.36228,1.50,1.50
2011.06.27 13:15:29.350,1.362,1.36228,1.50,1.50
2011.06.27 13:15:29.687,1.36202,1.36232,2.40,1.50
2011.06.27 13:15:30.130,1.36204,1.36232,1.50,3.00
2011.06.27 13:15:30.554,1.36199,1.36229,2.10,1.50
2011.06.27 13:15:30.886,1.36199,1.36224,2.10,1.50
2011.06.27 13:15:30.996,1.36198,1.36224,1.65,1.50
2011.06.27 13:15:31.436,1.36194,1.3622,1.50,1.50
2011.06.27 13:15:32.368,1.36194,1.3622,1.88,1.50
2011.06.27 13:15:32.476,1.36201,1.3622,1.35,1.50
2011.06.27 13:15:32.806,1.362,1.36224,2.10,1.50
2011.06.27 13:15:33.136,1.36212,1.36224,1.50,1.50
2011.06.27 13:15:33.247,1.36212,1.36224,1.50,1.50
2011.06.27 13:15:33.356,1.36214,1.36224,1.65,1.50
2011.06.27 13:15:33.469,1.36214,1.36232,1.65,1.50
2011.06.27 13:15:33.578,1.36212,1.36232,1.50,1.50
2011.06.27 13:15:33.814,1.36208,1.36232,1.65,1.50
2011.06.27 13:15:34.037,1.36204,1.36229,3.00,1.50
2011.06.27 13:15:34.147,1.36208,1.36229,1.65,1.50
2011.06.27 13:15:34.696,1.36208,1.36228,1.65,1.50
2011.06.27 13:15:35.526,1.3621,1.36232,1.65,1.50
2011.06.27 13:15:35.638,1.36206,1.36232,3.00,1.50
2011.06.27 13:15:35.749,1.36204,1.36232,3.75,1.50
2011.06.27 13:15:36.094,1.36203,1.36232,2.63,1.50
2011.06.27 13:15:36.215,1.36205,1.36238,2.40,3.75
2011.06.27 13:15:36.768,1.36206,1.36239,3.75,1.50
2011.06.27 13:15:37.826,1.36206,1.36237,4.50,1.13
2011.06.27 13:15:38.160,1.36215,1.36239,3.00,1.50
2011.06.27 13:15:38.280,1.36212,1.36239,5.40,1.50
2011.06.27 13:15:38.836,1.36213,1.36241,3.75,1.50
2011.06.27 13:15:39.280,1.3622,1.36239,2.25,1.50
2011.06.27 13:15:39.619,1.36213,1.36243,3.75,1.13
2011.06.27 13:15:39.727,1.36213,1.36243,3.00,1.13
2011.06.27 13:15:39.837,1.36209,1.36242,3.00,3.75
2011.06.27 13:15:40.055,1.36209,1.36239,3.00,1.50
2011.06.27 13:15:40.715,1.36211,1.36239,2.40,1.50
2011.06.27 13:15:41.268,1.36217,1.36239,1.65,1.50
2011.06.27 13:15:41.486,1.36217,1.36239,1.65,1.50
2011.06.27 13:15:41.819,1.36219,1.3624,2.10,1.50
2011.06.27 13:15:41.928,1.36219,1.36244,2.10,1.50
2011.06.27 13:15:42.039,1.36218,1.36242,3.75,1.13
2011.06.27 13:15:42.147,1.36209,1.3624,1.50,3.75
2011.06.27 13:15:42.256,1.36212,1.3624,1.50,3.75
2011.06.27 13:15:42.587,1.36209,1.36242,5.40,1.88
2011.06.27 13:15:42.808,1.36207,1.36241,3.75,3.75
2011.06.27 13:15:43.138,1.36203,1.36237,3.75,1.50
2011.06.27 13:15:43.576,1.36214,1.36237,3.00,1.50
2011.06.27 13:15:43.795,1.36214,1.36241,3.75,1.50
2011.06.27 13:15:44.127,1.36214,1.36241,3.75,1.50
2011.06.27 13:15:44.688,1.36214,1.36241,3.75,1.50
2011.06.27 13:15:44.797,1.36214,1.36241,3.75,1.50
2011.06.27 13:15:45.316,1.36214,1.36241,3.75,1.50
2011.06.27 13:15:45.426,1.36214,1.36241,3.75,1.50
2011.06.27 13:15:45.537,1.36214,1.36241,3.75,1.50
2011.06.27 13:15:45.647,1.36214,1.36241,3.75,1.50
2011.06.27 13:15:46.196,1.36215,1.36244,1.35,1.50
2011.06.27 13:15:46.528,1.36219,1.36246,3.60,1.50
2011.06.27 13:15:47.106,1.36221,1.36246,3.75,1.50
2011.06.27 13:15:47.325,1.36218,1.36246,3.75,2.25
2011.06.27 13:15:47.437,1.36218,1.36246,3.75,2.91
2011.06.27 13:15:47.546,1.36218,1.36246,3.75,2.91
2011.06.27 13:15:47.876,1.36218,1.36246,3.75,1.50
2011.06.27 13:15:47.986,1.36216,1.36246,5.40,1.50
2011.06.27 13:15:48.687,1.36217,1.36246,2.40,1.50
2011.06.27 13:15:49.127,1.36217,1.36246,2.40,1.50
2011.06.27 13:15:50.117,1.3622,1.36246,1.50,1.50
2011.06.27 13:15:51.156,1.36221,1.36246,1.50,1.50
2011.06.27 13:15:51.486,1.36219,1.36244,3.15,3.75
2011.06.27 13:15:51.706,1.36218,1.36244,1.50,3.75
2011.06.27 13:15:52.146,1.36224,1.36248,1.50,1.50
2011.06.27 13:15:52.368,1.36222,1.36251,1.50,2.25
2011.06.27 13:15:52.697,1.36218,1.36247,3.75,1.50
2011.06.27 13:15:52.916,1.36217,1.36247,1.50,3.75
2011.06.27 13:15:53.433,1.36229,1.36251,1.50,1.50
2011.06.27 13:15:53.553,1.36225,1.36252,2.10,3.75
2011.06.27 13:15:53.671,1.36225,1.36249,1.50,3.75
2011.06.27 13:15:54.008,1.36225,1.36254,1.35,1.50
2011.06.27 13:15:54.557,1.36226,1.36254,2.40,1.35
2011.06.27 13:15:54.669,1.36226,1.36254,3.15,1.35
2011.06.27 13:15:54.778,1.36228,1.36255,1.50,1.50
2011.06.27 13:15:55.107,1.36232,1.36254,1.50,1.50
2011.06.27 13:15:55.216,1.36232,1.3626,1.50,1.50
2011.06.27 13:15:55.439,1.3623,1.3626,1.50,3.75
2011.06.27 13:15:55.768,1.36227,1.36258,1.50,3.75
2011.06.27 13:15:55.990,1.36227,1.36255,1.50,1.13
2011.06.27 13:15:56.216,1.36223,1.36251,1.50,3.75
2011.06.27 13:15:56.831,1.36218,1.36245,1.50,1.35
2011.06.27 13:15:57.168,1.36217,1.36245,1.50,1.35
2011.06.27 13:15:57.715,1.36218,1.36245,1.50,1.35
2011.06.27 13:15:58.266,1.36216,1.36242,1.50,1.50
2011.06.27 13:15:58.597,1.36215,1.36242,1.50,1.50
2011.06.27 13:15:58.817,1.36214,1.36238,1.50,1.50
2011.06.27 13:15:59.039,1.36216,1.36238,1.35,1.50
2011.06.27 13:15:59.586,1.36217,1.36242,1.50,1.50
2011.06.27 13:16:00.116,1.36217,1.36242,1.50,1.50
2011.06.27 13:16:00.669,1.36217,1.36242,1.50,1.50
2011.06.27 13:16:01.466,1.36217,1.36242,1.50,1.50
2011.06.27 13:16:01.916,1.36225,1.36242,1.35,1.50
2011.06.27 13:16:02.580,1.36226,1.36253,1.35,1.50
2011.06.27 13:16:02.806,1.36227,1.36253,1.35,1.50
2011.06.27 13:16:03.656,1.36227,1.36252,1.35,1.50
2011.06.27 13:16:04.845,1.36227,1.36252,2.10,1.50
2011.06.27 13:16:07.325,1.36228,1.36252,1.50,1.50
2011.06.27 13:16:08.127,1.36227,1.36252,2.10,1.50
2011.06.27 13:16:08.456,1.36227,1.36253,1.35,2.91
2011.06.27 13:16:08.840,1.36224,1.36252,1.35,1.41
2011.06.27 13:16:09.728,1.36227,1.36253,2.10,2.16
2011.06.27 13:16:10.057,1.3623,1.36258,2.25,1.50
2011.06.27 13:16:10.385,1.36229,1.36258,2.85,1.50
2011.06.27 13:16:10.498,1.36228,1.36258,2.40,1.50
2011.06.27 13:16:10.609,1.36226,1.36258,1.13,1.50
2011.06.27 13:16:12.147,1.36224,1.36258,2.25,3.15
2011.06.27 13:16:12.467,1.36224,1.36249,2.25,1.13
2011.06.27 13:16:13.019,1.36223,1.36247,1.50,1.50
2011.06.27 13:16:13.568,1.36223,1.36247,3.75,1.50
2011.06.27 13:16:13.680,1.36223,1.36248,3.00,1.50
2011.06.27 13:16:13.799,1.36219,1.36247,1.50,4.50
2011.06.27 13:16:14.127,1.36221,1.36243,1.50,1.50
2011.06.27 13:16:14.676,1.36221,1.36243,1.50,4.50
2011.06.27 13:16:15.228,1.36221,1.36244,1.50,1.50
2011.06.27 13:16:15.807,1.3622,1.36244,1.65,1.50
2011.06.27 13:16:16.139,1.36213,1.36242,3.00,1.50
2011.06.27 13:16:16.467,1.36215,1.36242,3.75,1.50
2011.06.27 13:16:16.798,1.36215,1.36242,4.50,1.50
2011.06.27 13:16:16.907,1.3622,1.36248,1.50,1.50
2011.06.27 13:16:17.238,1.3622,1.36236,1.50,3.00
2011.06.27 13:16:17.567,1.36213,1.36236,1.50,3.75
2011.06.27 13:16:18.226,1.36213,1.36236,1.50,4.50
2011.06.27 13:16:18.335,1.36213,1.36236,2.25,4.50
2011.06.27 13:16:18.445,1.36213,1.36236,1.50,6.15
2011.06.27 13:16:19.105,1.36213,1.36234,1.50,1.13
2011.06.27 13:16:19.656,1.36213,1.36232,1.50,1.13
2011.06.27 13:16:19.986,1.36213,1.36232,1.50,1.13
2011.06.27 13:16:20.537,1.36213,1.36232,1.50,1.13
2011.06.27 13:16:20.867,1.36213,1.36236,1.50,4.50
2011.06.27 13:16:21.163,1.36219,1.36242,1.88,3.75
2011.06.27 13:16:21.284,1.36218,1.36246,1.50,4.50
2011.06.27 13:16:21.509,1.36216,1.36246,1.13,1.50
2011.06.27 13:16:21.836,1.36221,1.36246,2.63,1.50
2011.06.27 13:16:21.947,1.3622,1.36247,2.63,2.25
2011.06.27 13:16:23.456,1.36222,1.3625,1.13,1.50
2011.06.27 13:16:24.447,1.36225,1.3625,3.00,1.50
2011.06.27 13:16:24.556,1.36225,1.3625,3.00,1.50
2011.06.27 13:16:24.668,1.36222,1.3625,1.13,1.50
2011.06.27 13:16:24.775,1.36222,1.3625,1.13,1.50
2011.06.27 13:16:25.218,1.36222,1.3625,1.13,1.50
2011.06.27 13:16:25.326,1.36226,1.36253,1.13,1.50
2011.06.27 13:16:25.733,1.36223,1.36248,1.13,3.75
2011.06.27 13:16:25.958,1.36215,1.36245,1.13,1.50
2011.06.27 13:16:26.616,1.36215,1.36241,1.13,1.50
2011.06.27 13:16:26.947,1.36216,1.36241,2.03,1.50
2011.06.27 13:16:27.496,1.36216,1.36241,2.78,1.50
2011.06.27 13:16:28.047,1.36214,1.36245,3.00,1.50
2011.06.27 13:16:28.647,1.36216,1.36245,1.50,1.50
2011.06.27 13:16:28.977,1.36218,1.36245,1.73,1.50
2011.06.27 13:16:29.087,1.36218,1.36245,1.73,1.50
2011.06.27 13:16:29.198,1.36221,1.36246,1.35,2.16
2011.06.27 13:16:29.723,1.36215,1.36246,1.73,1.41
2011.06.27 13:16:29.837,1.36215,1.36246,1.73,1.41
2011.06.27 13:16:30.606,1.36217,1.36246,1.13,2.25
2011.06.27 13:16:30.938,1.36219,1.36246,1.73,1.50
2011.06.27 13:16:31.487,1.36221,1.36246,1.13,1.41
2011.06.27 13:16:31.597,1.36221,1.36246,1.13,1.41
2011.06.27 13:16:31.817,1.36221,1.36246,1.13,1.41
2011.06.27 13:16:32.766,1.36222,1.36246,1.13,1.50
2011.06.27 13:16:33.916,1.36222,1.36246,1.13,1.50
2011.06.27 13:16:34.809,1.36221,1.36245,2.03,1.50
2011.06.27 13:16:36.786,1.36219,1.36245,1.50,1.50
2011.06.27 13:16:37.227,1.36214,1.36241,1.50,1.50
2011.06.27 13:16:37.336,1.36212,1.36241,1.35,1.50
2011.06.27 13:16:39.635,1.36212,1.36241,1.35,1.50
2011.06.27 13:16:39.746,1.36212,1.36241,1.35,1.50
2011.06.27 13:16:40.197,1.36212,1.36241,1.35,1.50
2011.06.27 13:16:41.617,1.36213,1.36241,1.13,1.50
2011.06.27 13:16:42.128,1.36212,1.36241,1.35,1.50
2011.06.27 13:16:42.647,1.36212,1.36241,1.35,1.50
2011.06.27 13:16:42.976,1.36214,1.36241,3.00,1.50
2011.06.27 13:16:43.086,1.36214,1.36241,3.00,1.50
2011.06.27 13:16:43.307,1.36217,1.36243,1.35,1.50
2011.06.27 13:16:43.416,1.36217,1.36243,1.35,1.50
2011.06.27 13:16:43.856,1.36217,1.36243,1.35,1.50
2011.06.27 13:16:44.186,1.3622,1.36243,1.13,1.50
2011.06.27 13:16:44.736,1.36217,1.36246,1.35,1.50
2011.06.27 13:16:45.897,1.3622,1.36246,1.13,1.50
2011.06.27 13:16:46.336,1.3622,1.36247,2.78,2.76
2011.06.27 13:16:47.156,1.36219,1.36243,3.15,1.35
2011.06.27 13:16:47.377,1.36219,1.36243,1.65,1.35
2011.06.27 13:16:47.779,1.36217,1.36243,1.13,1.35
2011.06.27 13:16:48.437,1.36217,1.36244,1.35,1.50
2011.06.27 13:16:48.546,1.36214,1.36242,1.13,1.35
2011.06.27 13:16:48.656,1.36214,1.36242,1.13,1.35
2011.06.27 13:16:49.207,1.36216,1.36244,1.35,1.50
2011.06.27 13:16:49.667,1.36217,1.36244,1.50,1.50
2011.06.27 13:16:49.998,1.36225,1.36253,5.03,1.50
2011.06.27 13:16:50.327,1.36226,1.36253,1.13,1.50
2011.06.27 13:16:52.836,1.36227,1.36257,1.13,1.50
2011.06.27 13:16:53.173,1.36227,1.36259,1.13,1.50
2011.06.27 13:16:53.615,1.36227,1.36259,1.13,1.50
2011.06.27 13:16:54.696,1.36227,1.36255,1.13,1.35
2011.06.27 13:16:55.000,1.36226,1.36253,1.13,1.50
2011.06.27 13:16:55.658,1.36225,1.36253,2.40,1.50
2011.06.27 13:16:56.206,1.36225,1.36253,2.40,1.50
2011.06.27 13:16:59.526,1.36225,1.36253,2.40,1.50
2011.06.27 13:17:00.046,1.36225,1.36253,2.40,1.50
2011.06.27 13:17:00.156,1.36225,1.36253,2.40,1.50
2011.06.27 13:17:00.266,1.36225,1.36253,2.40,1.50
2011.06.27 13:17:00.705,1.36225,1.36253,2.40,1.50
2011.06.27 13:17:01.457,1.36224,1.36253,2.25,1.50
2011.06.27 13:17:02.006,1.36223,1.36253,1.35,1.50
2011.06.27 13:17:02.440,1.3622,1.36252,6.00,1.35
2011.06.27 13:17:02.776,1.36225,1.36252,1.13,1.35
2011.06.27 13:17:02.886,1.36225,1.36252,1.13,1.35
2011.06.27 13:17:03.439,1.36226,1.36253,1.35,1.50
2011.06.27 13:17:03.551,1.36226,1.36253,2.10,1.50
2011.06.27 13:17:03.889,1.36234,1.36257,2.03,2.16
2011.06.27 13:17:04.108,1.36229,1.36256,1.35,2.16
2011.06.27 13:17:04.328,1.36229,1.36256,1.35,1.50
2011.06.27 13:17:04.877,1.36233,1.36257,2.40,2.16
2011.06.27 13:17:05.206,1.36235,1.36256,2.85,1.50
2011.06.27 13:17:05.317,1.36235,1.36257,3.23,2.16
2011.06.27 13:17:05.537,1.36239,1.36257,1.35,2.16
2011.06.27 13:17:05.756,1.36239,1.36257,1.35,1.50
2011.06.27 13:17:06.366,1.36239,1.36266,2.10,2.16
2011.06.27 13:17:06.476,1.3624,1.36266,3.38,2.16
2011.06.27 13:17:06.587,1.36245,1.36266,3.38,2.16
2011.06.27 13:17:06.911,1.36242,1.36272,1.35,1.50
2011.06.27 13:17:07.465,1.3624,1.36271,4.13,1.35
2011.06.27 13:17:08.045,1.3624,1.36271,4.13,2.10
2011.06.27 13:17:10.887,1.36241,1.36271,1.13,1.50
2011.06.27 13:17:10.996,1.36241,1.36271,1.13,2.25
2011.06.27 13:17:12.256,1.36241,1.36269,1.13,1.50
2011.06.27 13:17:14.564,1.36241,1.36269,1.13,1.50
2011.06.27 13:17:15.005,1.36241,1.36269,1.13,1.50
2011.06.27 13:17:15.338,1.36235,1.36264,1.13,1.50
2011.06.27 13:17:15.776,1.36233,1.36263,2.25,1.50
2011.06.27 13:17:16.326,1.36235,1.36263,3.75,1.50
2011.06.27 13:17:17.456,1.36233,1.36263,1.50,1.50
2011.06.27 13:17:17.789,1.36236,1.36264,1.13,1.50
2011.06.27 13:17:17.898,1.36235,1.36268,3.00,3.75
2011.06.27 13:17:18.117,1.36234,1.36265,3.75,3.00
2011.06.27 13:17:18.337,1.3624,1.36267,1.35,1.50
2011.06.27 13:17:18.877,1.3624,1.36267,1.35,1.50
2011.06.27 13:17:19.205,1.36241,1.36267,1.35,1.50
2011.06.27 13:17:19.429,1.36237,1.36267,1.35,2.10
2011.06.27 13:17:19.758,1.36237,1.36265,1.35,1.50
2011.06.27 13:17:20.556,1.36237,1.36265,1.35,1.50
2011.06.27 13:17:21.355,1.36238,1.36265,2.25,1.50
2011.06.27 13:17:22.150,1.36238,1.36265,2.25,1.50
2011.06.27 13:17:23.857,1.36243,1.36267,1.65,1.50
2011.06.27 13:17:24.187,1.3624,1.36265,3.75,1.50
2011.06.27 13:17:24.407,1.36241,1.36267,2.85,1.50
2011.06.27 13:17:25.247,1.36236,1.36267,1.35,2.78
2011.06.27 13:17:25.579,1.36236,1.36267,1.35,1.13
2011.06.27 13:17:25.797,1.36236,1.36265,1.35,1.50
2011.06.27 13:17:26.166,1.36236,1.36266,1.35,1.50
2011.06.27 13:17:26.716,1.36236,1.36267,1.35,1.13
2011.06.27 13:17:27.368,1.36239,1.36267,1.35,3.53
2011.06.27 13:17:27.805,1.36239,1.36267,1.35,3.53
2011.06.27 13:17:28.138,1.36247,1.36267,3.15,1.88
2011.06.27 13:17:28.471,1.3625,1.36277,3.75,2.25
2011.06.27 13:17:28.588,1.3625,1.36282,3.00,1.35
2011.06.27 13:17:28.917,1.3625,1.36269,3.75,1.50
2011.06.27 13:17:29.322,1.36244,1.36269,1.35,1.50
2011.06.27 13:17:29.438,1.36244,1.36266,1.35,1.50
2011.06.27 13:17:29.656,1.36244,1.36266,1.35,1.50
2011.06.27 13:17:30.535,1.36244,1.36266,1.35,1.50
2011.06.27 13:17:31.086,1.36244,1.36266,1.35,1.50
2011.06.27 13:17:31.526,1.36241,1.36266,3.75,1.50
2011.06.27 13:17:32.336,1.36241,1.36266,3.75,1.50
2011.06.27 13:17:32.836,1.36241,1.36266,3.75,1.50
2011.06.27 13:17:33.098,1.36241,1.36266,3.75,1.50
2011.06.27 13:17:34.337,1.36241,1.36262,3.75,1.50
2011.06.27 13:17:34.449,1.36241,1.36262,3.75,1.50
2011.06.27 13:17:34.887,1.36239,1.36262,5.85,1.50
2011.06.27 13:17:35.217,1.3624,1.36262,1.13,1.50
2011.06.27 13:17:35.329,1.3624,1.36269,1.13,4.50
2011.06.27 13:17:35.656,1.3624,1.36269,1.13,1.50
2011.06.27 13:17:35.766,1.36244,1.36269,1.50,1.50
2011.06.27 13:17:36.337,1.36243,1.36269,1.50,1.50
2011.06.27 13:17:37.856,1.36243,1.36262,1.35,1.50
2011.06.27 13:17:38.076,1.36238,1.36262,3.75,1.50
2011.06.27 13:17:38.737,1.36242,1.36262,1.50,1.50
2011.06.27 13:17:39.176,1.36244,1.3627,1.50,1.50
2011.06.27 13:17:39.637,1.36244,1.3627,1.50,1.50
2011.06.27 13:17:39.974,1.36243,1.36269,1.50,1.50
2011.06.27 13:17:40.639,1.36239,1.36266,1.88,1.41
2011.06.27 13:17:46.505,1.3624,1.36266,3.75,1.50
2011.06.27 13:17:46.725,1.3624,1.36266,3.75,2.16
2011.06.27 13:17:47.056,1.3624,1.36266,3.75,1.41
2011.06.27 13:17:47.496,1.3624,1.36266,3.75,2.91
2011.06.27 13:17:48.237,1.36237,1.36266,1.73,2.91
2011.06.27 13:17:48.347,1.3624,1.36266,3.00,2.25
2011.06.27 13:17:48.677,1.3624,1.36263,3.00,1.50
2011.06.27 13:17:48.787,1.36236,1.36262,2.40,1.35
2011.06.27 13:17:48.896,1.36233,1.36262,6.00,1.35
2011.06.27 13:17:49.338,1.36239,1.36265,3.38,1.50
2011.06.27 13:17:49.666,1.36244,1.36271,3.00,1.50
2011.06.27 13:17:50.177,1.36239,1.36268,3.75,1.50
2011.06.27 13:17:51.447,1.36239,1.36266,3.75,1.50
2011.06.27 13:17:53.678,1.36243,1.36266,3.00,1.41
2011.06.27 13:17:55.816,1.36241,1.36268,3.75,1.50
2011.06.27 13:17:56.037,1.36236,1.36266,1.50,1.41
2011.06.27 13:17:56.255,1.36235,1.36266,3.75,2.16
2011.06.27 13:17:57.497,1.36234,1.36265,4.50,3.75
2011.06.27 13:17:57.717,1.36241,1.36263,3.00,1.50
2011.06.27 13:17:57.937,1.36245,1.36273,1.50,1.50
2011.06.27 13:17:58.598,1.36244,1.36273,3.75,1.50
2011.06.27 13:17:59.206,1.36244,1.36273,3.75,1.50
2011.06.27 13:18:00.587,1.36246,1.36272,3.75,1.35
2011.06.27 13:18:00.696,1.36246,1.36273,7.35,1.50
2011.06.27 13:18:01.028,1.36248,1.36275,5.25,1.35
2011.06.27 13:18:01.137,1.36248,1.36275,3.75,1.35
2011.06.27 13:18:02.666,1.36248,1.36275,3.75,1.35
2011.06.27 13:18:02.780,1.36246,1.36274,3.75,1.50
2011.06.27 13:18:02.887,1.36246,1.36274,3.75,1.50
2011.06.27 13:18:02.999,1.36245,1.36273,1.65,1.50
2011.06.27 13:18:03.547,1.36245,1.36271,2.03,1.50
2011.06.27 13:18:03.770,1.36251,1.36273,3.15,1.50
2011.06.27 13:18:04.113,1.36253,1.36284,1.50,1.35
2011.06.27 13:18:04.230,1.36258,1.36277,4.50,2.16
2011.06.27 13:18:04.776,1.36258,1.36286,5.40,2.10
2011.06.27 13:18:05.107,1.36256,1.36286,1.88,1.50
2011.06.27 13:18:05.327,1.3626,1.36286,2.40,1.50
2011.06.27 13:18:05.766,1.36263,1.36286,1.50,1.50
2011.06.27 13:18:06.317,1.36264,1.36286,1.50,1.50
2011.06.27 13:18:07.256,1.36263,1.36281,1.50,3.75
2011.06.27 13:18:07.585,1.36263,1.36281,1.50,3.75
2011.06.27 13:18:08.136,1.36264,1.36281,1.50,3.75
2011.06.27 13:18:08.520,1.36256,1.36283,1.50,4.50
2011.06.27 13:18:09.567,1.36263,1.36277,1.65,1.41
2011.06.27 13:18:09.678,1.36263,1.36286,1.65,1.50
2011.06.27 13:18:09.786,1.36263,1.36286,1.65,1.50
2011.06.27 13:18:10.337,1.36259,1.36283,2.40,1.35
2011.06.27 13:18:10.666,1.36258,1.36285,2.25,1.50
2011.06.27 13:18:10.776,1.36258,1.36285,1.50,1.50
2011.06.27 13:18:11.298,1.36258,1.36285,1.50,1.50
2011.06.27 13:18:13.147,1.3626,1.36285,3.00,1.50
2011.06.27 13:18:13.879,1.36261,1.36285,1.65,1.50
2011.06.27 13:18:14.578,1.36254,1.36282,6.90,2.10
2011.06.27 13:18:14.796,1.36254,1.36282,6.15,1.50
2011.06.27 13:18:15.308,1.36254,1.36279,6.15,1.35
2011.06.27 13:18:15.528,1.36254,1.36279,6.15,1.35
2011.06.27 13:18:15.859,1.3626,1.36282,2.40,1.50
2011.06.27 13:18:16.187,1.36255,1.36282,3.75,2.10
2011.06.27 13:18:16.626,1.36255,1.36276,3.75,2.16
2011.06.27 13:18:17.175,1.36254,1.36275,1.50,1.35
2011.06.27 13:18:17.727,1.36249,1.36275,1.50,1.35
2011.06.27 13:18:18.276,1.36249,1.36275,1.50,1.35
2011.06.27 13:18:18.387,1.36245,1.36273,1.35,1.50
2011.06.27 13:18:19.155,1.36248,1.36272,2.40,1.50
2011.06.27 13:18:19.554,1.36248,1.36273,2.40,2.25
2011.06.27 13:18:19.670,1.36248,1.3627,2.40,1.50
2011.06.27 13:18:20.268,1.36248,1.36268,2.40,3.60
2011.06.27 13:18:20.376,1.36243,1.36268,1.50,3.60
2011.06.27 13:18:20.487,1.36242,1.36267,1.50,1.35
2011.06.27 13:18:21.066,1.3624,1.36266,1.50,1.50
2011.06.27 13:18:21.687,1.3624,1.36266,1.50,1.50
2011.06.27 13:18:22.238,1.36234,1.36253,4.65,1.35
2011.06.27 13:18:22.348,1.36234,1.36251,4.65,4.35
2011.06.27 13:18:22.787,1.36227,1.36253,1.35,2.25
2011.06.27 13:18:23.227,1.36231,1.36257,3.75,1.50
2011.06.27 13:18:23.337,1.36231,1.36258,3.75,1.50
2011.06.27 13:18:23.448,1.36231,1.36259,5.40,1.50
2011.06.27 13:18:23.556,1.36233,1.36258,1.50,1.35
2011.06.27 13:18:24.217,1.36233,1.36258,1.50,1.35
2011.06.27 13:18:25.297,1.36237,1.36259,3.00,1.50
2011.06.27 13:18:25.407,1.36236,1.36261,2.40,1.50
2011.06.27 13:18:25.956,1.36233,1.36259,1.50,1.50
2011.06.27 13:18:26.506,1.36233,1.3626,1.50,2.25
2011.06.27 13:18:27.056,1.36233,1.3626,1.50,2.25
2011.06.27 13:18:27.386,1.36233,1.3626,1.50,2.25
2011.06.27 13:18:27.937,1.36238,1.36261,2.40,2.25
2011.06.27 13:18:28.156,1.36238,1.36259,1.65,1.50
2011.06.27 13:18:28.597,1.36233,1.36258,3.15,1.35
2011.06.27 13:18:28.706,1.36233,1.36258,3.15,1.35
2011.06.27 13:18:30.419,1.36233,1.36259,3.15,3.60
2011.06.27 13:18:30.746,1.36233,1.36256,1.65,1.50
2011.06.27 13:18:30.856,1.36229,1.36256,1.50,1.50
2011.06.27 13:18:31.157,1.36229,1.36256,1.50,2.16
2011.06.27 13:18:31.957,1.36229,1.36256,1.50,2.91
2011.06.27 13:18:32.398,1.36229,1.36256,1.50,2.91
2011.06.27 13:18:32.923,1.36229,1.36256,1.50,1.50
2011.06.27 13:18:33.368,1.36231,1.36257,2.40,2.16
2011.06.27 13:18:33.479,1.36237,1.36263,3.00,1.50
2011.06.27 13:18:33.806,1.36242,1.36267,1.50,2.16
2011.06.27 13:18:34.138,1.36244,1.36271,3.15,1.50
2011.06.27 13:18:34.468,1.36247,1.36264,1.50,3.00
2011.06.27 13:18:34.798,1.36236,1.36262,1.50,1.50
2011.06.27 13:18:35.128,1.36235,1.36258,1.50,1.50
2011.06.27 13:18:35.237,1.36233,1.36258,1.50,1.50
2011.06.27 13:18:35.345,1.36231,1.36258,1.50,1.50
2011.06.27 13:18:36.187,1.3623,1.36258,5.40,1.50
2011.06.27 13:18:36.406,1.36231,1.36258,3.15,1.50
2011.06.27 13:18:36.951,1.36231,1.36258,3.15,1.50
2011.06.27 13:18:37.071,1.36234,1.36258,3.75,1.50
2011.06.27 13:18:37.303,1.36239,1.36266,3.75,1.41
2011.06.27 13:18:37.419,1.36239,1.36265,3.75,1.35
2011.06.27 13:18:37.966,1.3624,1.36265,1.50,1.35
2011.06.27 13:18:38.186,1.3624,1.36265,1.50,1.35
2011.06.27 13:18:38.388,1.36241,1.36266,1.50,1.35
2011.06.27 13:18:38.717,1.36239,1.36264,3.75,2.25
2011.06.27 13:18:39.598,1.36236,1.36259,4.50,1.13
2011.06.27 13:18:40.149,1.36236,1.36257,1.50,1.35
2011.06.27 13:18:40.365,1.36237,1.36258,1.50,1.35
2011.06.27 13:18:40.598,1.36235,1.36259,5.40,1.13
2011.06.27 13:18:40.928,1.36233,1.36256,1.50,1.41
2011.06.27 13:18:41.257,1.36232,1.36256,1.50,1.50
2011.06.27 13:18:42.167,1.36229,1.36257,4.50,2.16
2011.06.27 13:18:42.827,1.36234,1.36256,3.75,2.16
2011.06.27 13:18:43.377,1.36236,1.36262,1.65,3.00
2011.06.27 13:18:43.905,1.36236,1.36262,1.65,3.00
2011.06.27 13:18:44.016,1.36236,1.36262,1.65,3.00
2011.06.27 13:18:45.435,1.36236,1.36262,1.65,1.50
2011.06.27 13:18:46.367,1.36236,1.36265,2.40,1.50
2011.06.27 13:18:46.701,1.36244,1.3627,3.75,1.13
2011.06.27 13:18:47.258,1.36242,1.36266,1.35,1.50
2011.06.27 13:18:47.808,1.36242,1.36266,1.35,2.16
2011.06.27 13:18:48.945,1.3624,1.36266,3.15,2.16
2011.06.27 13:18:49.607,1.36241,1.36266,3.75,1.41
2011.06.27 13:18:49.938,1.36246,1.36266,1.35,2.16
2011.06.27 13:18:50.268,1.36242,1.36266,1.50,1.41
2011.06.27 13:18:50.597,1.36242,1.36266,3.75,1.50
2011.06.27 13:18:50.927,1.36242,1.36266,4.50,1.50
2011.06.27 13:18:51.708,1.36242,1.36266,4.50,2.16
2011.06.27 13:18:52.366,1.36242,1.36267,6.15,2.16
2011.06.27 13:18:52.917,1.36244,1.36267,3.75,2.16
2011.06.27 13:18:53.467,1.36244,1.36272,5.40,1.50
2011.06.27 13:18:53.687,1.36244,1.36272,1.50,1.50
2011.06.27 13:18:54.240,1.36244,1.36272,1.50,1.50
2011.06.27 13:18:54.867,1.36244,1.36272,2.25,1.50
2011.06.27 13:18:55.446,1.36244,1.36272,1.50,1.50
2011.06.27 13:18:56.578,1.36247,1.36272,3.75,1.50
2011.06.27 13:18:56.692,1.36249,1.36276,5.40,1.41
2011.06.27 13:18:56.919,1.36247,1.36272,4.50,1.50
2011.06.27 13:18:57.032,1.36246,1.36272,1.35,2.25
2011.06.27 13:18:57.147,1.36245,1.36272,1.35,1.50
2011.06.27 13:18:57.372,1.36246,1.36276,1.35,1.35
2011.06.27 13:18:57.488,1.36246,1.36276,2.10,1.35
2011.06.27 13:18:57.998,1.36246,1.36274,2.10,1.50
2011.06.27 13:18:58.227,1.36247,1.36274,1.35,1.50
2011.06.27 13:18:58.452,1.3625,1.36274,1.35,1.50
2011.06.27 13:18:59.818,1.36251,1.36278,3.15,1.50
2011.06.27 13:19:00.696,1.36253,1.36278,1.65,1.50
2011.06.27 13:19:01.428,1.36262,1.36279,2.10,1.50
2011.06.27 13:19:01.537,1.36271,1.36279,3.00,1.50
2011.06.27 13:19:01.649,1.36271,1.36291,3.00,1.35
2011.06.27 13:19:01.760,1.36269,1.36289,2.40,1.50
2011.06.27 13:19:01.879,1.36265,1.36289,3.00,1.50
2011.06.27 13:19:02.169,1.36259,1.36289,3.00,1.50
2011.06.27 13:19:02.289,1.36258,1.36283,1.65,1.50
2011.06.27 13:19:02.401,1.36251,1.36281,3.75,1.50
2011.06.27 13:19:03.949,1.36249,1.36279,1.35,1.50
2011.06.27 13:19:04.058,1.36249,1.36279,2.10,1.50
2011.06.27 13:19:04.498,1.36249,1.36279,1.35,1.50
2011.06.27 13:19:05.047,1.36253,1.36279,2.85,1.50
2011.06.27 13:19:05.488,1.36255,1.36283,2.25,1.50
2011.06.27 13:19:06.219,1.36257,1.36281,1.35,1.50
2011.06.27 13:19:06.439,1.36251,1.3628,1.35,3.75
2011.06.27 13:19:06.879,1.3625,1.36278,1.35,1.50
2011.06.27 13:19:06.989,1.36247,1.36278,3.98,1.50
2011.06.27 13:19:07.757,1.36252,1.36278,3.00,1.50
2011.06.27 13:19:07.867,1.36252,1.36278,3.75,1.50
2011.06.27 13:19:08.416,1.36253,1.36278,2.25,1.50
2011.06.27 13:19:09.115,1.36254,1.36278,2.10,1.50
2011.06.27 13:19:09.688,1.36254,1.36281,1.50,1.35
2011.06.27 13:19:10.238,1.36257,1.36282,1.35,1.50
2011.06.27 13:19:10.568,1.36259,1.36285,3.00,1.50
2011.06.27 13:19:11.117,1.36259,1.36285,3.00,1.50
2011.06.27 13:19:11.445,1.36259,1.36285,3.00,1.50
2011.06.27 13:19:11.557,1.36259,1.36285,5.10,1.50
2011.06.27 13:19:13.317,1.36261,1.36287,1.35,2.16
2011.06.27 13:19:15.016,1.36264,1.36287,3.00,2.16
2011.06.27 13:19:15.310,1.36267,1.36286,3.00,1.50
2011.06.27 13:19:15.651,1.36272,1.36292,1.65,1.50
2011.06.27 13:19:15.988,1.36265,1.36296,2.25,1.50
2011.06.27 13:19:16.827,1.36263,1.36293,1.35,1.50
2011.06.27 13:19:17.377,1.36263,1.36293,1.35,3.15
2011.06.27 13:19:18.257,1.36264,1.36288,1.35,1.50
2011.06.27 13:19:18.806,1.36258,1.36289,3.75,1.50
2011.06.27 13:19:18.917,1.36258,1.36286,3.00,1.50
2011.06.27 13:19:19.137,1.36258,1.36286,3.00,1.50
2011.06.27 13:19:19.523,1.3626,1.36284,3.00,1.50
2011.06.27 13:19:19.639,1.36256,1.36282,3.75,1.50
2011.06.27 13:19:21.157,1.36253,1.36282,1.83,1.50
2011.06.27 13:19:21.600,1.36255,1.36279,3.00,1.50
2011.06.27 13:19:21.718,1.36249,1.36279,1.50,1.50
2011.06.27 13:19:21.829,1.36252,1.36279,4.65,1.50
2011.06.27 13:19:22.156,1.3625,1.36276,5.40,1.50
2011.06.27 13:19:24.398,1.36252,1.36274,5.25,1.50
2011.06.27 13:19:24.727,1.36254,1.36274,1.65,1.50
2011.06.27 13:19:25.078,1.36252,1.36274,1.35,1.50
2011.06.27 13:19:25.726,1.36253,1.36274,3.00,1.50
2011.06.27 13:19:26.168,1.36256,1.36279,1.65,3.75
2011.06.27 13:19:26.281,1.36256,1.36278,1.65,1.50
2011.06.27 13:19:26.397,1.36259,1.36278,1.65,1.50
2011.06.27 13:19:26.507,1.36252,1.36278,3.00,1.50
2011.06.27 13:19:26.726,1.36252,1.36278,2.25,1.50
2011.06.27 13:19:27.056,1.36252,1.36278,3.00,1.50
2011.06.27 13:19:28.529,1.36248,1.36272,2.78,1.50
2011.06.27 13:19:28.857,1.36248,1.36271,1.73,1.50
2011.06.27 13:19:29.077,1.3625,1.36271,1.35,1.50
2011.06.27 13:19:29.628,1.36249,1.36271,1.35,1.50
2011.06.27 13:19:30.227,1.36249,1.36271,1.35,1.50
2011.06.27 13:19:30.448,1.36249,1.36271,2.10,1.50
2011.06.27 13:19:32.716,1.3625,1.36275,1.35,2.25
2011.06.27 13:19:32.938,1.36251,1.36275,3.60,2.25
2011.06.27 13:19:33.378,1.36247,1.36271,4.50,1.50
2011.06.27 13:19:34.147,1.36249,1.36271,1.50,1.50
2011.06.27 13:19:34.478,1.36264,1.36286,3.60,3.38
2011.06.27 13:19:34.586,1.36264,1.36286,3.60,3.00
2011.06.27 13:19:34.989,1.36264,1.36289,3.60,1.50
2011.06.27 13:19:36.087,1.36264,1.36289,3.75,1.50
2011.06.27 13:19:36.201,1.36268,1.36289,3.98,1.50
2011.06.27 13:19:36.539,1.36263,1.3629,2.10,1.50
2011.06.27 13:19:36.757,1.36261,1.36289,3.00,1.35
2011.06.27 13:19:37.306,1.36261,1.36285,3.00,1.50
2011.06.27 13:19:37.876,1.36261,1.36285,3.00,1.50
2011.06.27 13:19:38.625,1.36261,1.36285,3.00,1.50
2011.06.27 13:19:38.958,1.36261,1.36282,3.00,1.50
2011.06.27 13:19:39.067,1.36256,1.36282,2.10,1.50
2011.06.27 13:19:39.290,1.36256,1.36282,2.48,1.50
2011.06.27 13:19:39.616,1.36256,1.36282,4.73,1.50
2011.06.27 13:19:42.956,1.36257,1.36282,2.25,1.50
2011.06.27 13:19:43.069,1.36259,1.36282,1.65,1.50
2011.06.27 13:19:43.287,1.36256,1.36282,1.73,1.50
2011.06.27 13:19:43.949,1.3626,1.36284,2.03,1.50
2011.06.27 13:19:44.059,1.3626,1.36285,2.03,1.50
2011.06.27 13:19:44.279,1.36261,1.36286,1.35,1.50
2011.06.27 13:19:44.687,1.36261,1.36286,1.35,1.50
2011.06.27 13:19:47.228,1.36257,1.36286,3.75,1.50
2011.06.27 13:19:47.781,1.3625,1.36276,3.75,1.35
2011.06.27 13:19:48.228,1.3625,1.36279,2.10,1.50
2011.06.27 13:19:48.557,1.36249,1.36279,1.13,1.50
2011.06.27 13:19:48.776,1.36248,1.36279,4.13,1.50
2011.06.27 13:19:48.888,1.36249,1.36279,3.38,1.50
2011.06.27 13:19:49.720,1.36249,1.36275,3.38,1.50
2011.06.27 13:19:50.366,1.36247,1.36275,3.38,1.50
2011.06.27 13:19:50.926,1.36247,1.36275,3.38,1.50
2011.06.27 13:19:52.250,1.36246,1.36275,4.50,1.50
2011.06.27 13:19:52.810,1.36245,1.36271,2.78,1.50
2011.06.27 13:19:53.476,1.36245,1.36274,1.50,1.50
2011.06.27 13:19:53.977,1.36244,1.36274,2.10,1.50
2011.06.27 13:19:56.177,1.36245,1.36271,1.35,1.50
2011.06.27 13:19:56.506,1.36245,1.36271,1.35,1.50
2011.06.27 13:19:56.726,1.36245,1.36271,1.35,1.50
2011.06.27 13:19:57.276,1.36245,1.36271,1.35,1.50
2011.06.27 13:19:59.424,1.36242,1.36263,1.50,1.35
2011.06.27 13:19:59.541,1.36237,1.36263,3.00,2.10
2011.06.27 13:20:00.097,1.36237,1.36263,1.50,2.10
2011.06.27 13:20:00.206,1.36236,1.36263,1.13,2.10
2011.06.27 13:20:00.758,1.36237,1.36263,1.13,2.10
2011.06.27 13:20:02.346,1.36231,1.36263,2.10,3.75
2011.06.27 13:20:02.676,1.36231,1.36263,1.35,3.75
2011.06.27 13:20:03.227,1.36234,1.36263,1.13,3.75
2011.06.27 13:20:03.686,1.36238,1.36267,1.35,1.50
2011.06.27 13:20:04.606,1.36239,1.3627,4.50,2.10
2011.06.27 13:20:05.276,1.36239,1.3627,4.50,2.10
2011.06.27 13:20:05.500,1.36253,1.36276,3.00,3.38
2011.06.27 13:20:05.717,1.36253,1.36276,3.00,3.00
2011.06.27 13:20:06.265,1.36254,1.36277,1.50,1.50
2011.06.27 13:20:06.377,1.36253,1.36277,1.50,1.50
2011.06.27 13:20:06.946,1.36253,1.36277,1.50,1.50
2011.06.27 13:20:07.606,1.36253,1.36277,1.50,1.50
2011.06.27 13:20:07.826,1.36253,1.36277,1.50,1.50
2011.06.27 13:20:08.050,1.36253,1.36269,1.50,1.35
2011.06.27 13:20:08.168,1.36246,1.36269,3.00,1.35
2011.06.27 13:20:08.421,1.36246,1.36269,3.00,2.10
2011.06.27 13:20:08.532,1.36241,1.36267,1.50,1.41
2011.06.27 13:20:08.649,1.36242,1.36269,1.35,1.50
2011.06.27 13:20:08.979,1.36242,1.36269,1.35,1.50
2011.06.27 13:20:09.090,1.36242,1.36269,3.75,1.50
2011.06.27 13:20:09.201,1.36242,1.36269,4.50,1.50
2011.06.27 13:20:09.316,1.36245,1.36269,3.60,1.50
2011.06.27 13:20:14.656,1.36237,1.36263,5.10,1.50
2011.06.27 13:20:14.985,1.36237,1.36263,5.10,1.50
2011.06.27 13:20:15.319,1.36241,1.36268,2.10,1.50
2011.06.27 13:20:15.759,1.36246,1.36273,1.35,3.15
2011.06.27 13:20:15.979,1.36249,1.36278,1.35,1.50
2011.06.27 13:20:16.526,1.36249,1.36278,1.35,1.50
2011.06.27 13:20:16.751,1.36249,1.36272,1.50,1.35
2011.06.27 13:20:16.869,1.36246,1.36272,1.50,1.35
2011.06.27 13:20:16.979,1.36246,1.36272,1.50,1.35
2011.06.27 13:20:17.197,1.36243,1.36267,3.90,1.50
2011.06.27 13:20:17.677,1.36243,1.36267,1.50,2.10
2011.06.27 13:20:18.998,1.36243,1.36267,1.50,2.10
2011.06.27 13:20:19.567,1.36244,1.36267,1.50,2.10
2011.06.27 13:20:20.445,1.36244,1.36267,1.50,2.10
2011.06.27 13:20:20.778,1.36243,1.36267,1.50,2.10
2011.06.27 13:20:21.359,1.36243,1.36267,1.50,2.10
2011.06.27 13:20:21.947,1.36243,1.36267,1.50,2.10
2011.06.27 13:20:22.568,1.36243,1.36267,1.50,2.10
2011.06.27 13:20:23.238,1.36245,1.36268,1.35,1.50
2011.06.27 13:20:23.348,1.36245,1.36268,2.10,1.50
2011.06.27 13:20:23.897,1.36243,1.36271,5.10,1.50
2011.06.27 13:20:24.227,1.36243,1.36271,5.10,1.50
2011.06.27 13:20:24.729,1.36243,1.36267,4.50,2.10
2011.06.27 13:20:26.636,1.36243,1.36267,1.50,2.10
2011.06.27 13:20:27.185,1.36243,1.36267,1.50,2.10
2011.06.27 13:20:27.737,1.36243,1.36267,1.50,2.10
2011.06.27 13:20:28.179,1.36244,1.3627,1.50,1.50
2011.06.27 13:20:28.397,1.36244,1.36268,1.50,1.50
2011.06.27 13:20:28.726,1.36244,1.36266,1.50,2.10
2011.06.27 13:20:28.946,1.36234,1.36263,6.23,1.50
2011.06.27 13:20:29.056,1.36234,1.36263,6.23,1.50
2011.06.27 13:20:29.882,1.36238,1.36263,2.63,1.50
2011.06.27 13:20:30.000,1.36238,1.36263,2.40,1.50
2011.06.27 13:20:30.117,1.36239,1.36263,1.65,1.50
2011.06.27 13:20:30.337,1.3624,1.36263,1.13,1.50
2011.06.27 13:20:31.146,1.36235,1.36266,3.75,1.50
2011.06.27 13:20:31.368,1.36234,1.36265,2.63,1.50
2011.06.27 13:20:31.480,1.36242,1.36265,1.35,1.50
2011.06.27 13:20:31.926,1.36244,1.36269,3.00,1.50
2011.06.27 13:20:32.476,1.36244,1.36269,3.00,1.50
2011.06.27 13:20:33.137,1.36244,1.36269,3.00,1.50
2011.06.27 13:20:33.359,1.36236,1.36264,3.75,1.35
2011.06.27 13:20:33.577,1.36236,1.36263,3.00,1.50
2011.06.27 13:20:33.908,1.36233,1.36262,1.35,1.50
2011.06.27 13:20:34.209,1.3624,1.36262,3.00,1.50
2011.06.27 13:20:34.441,1.36243,1.36266,3.00,1.50
2011.06.27 13:20:34.558,1.36238,1.36266,4.35,1.50
2011.06.27 13:20:35.106,1.36238,1.36266,4.35,1.50
2011.06.27 13:20:35.656,1.36238,1.36266,1.35,1.50
2011.06.27 13:20:35.989,1.36233,1.36261,1.50,1.35
2011.06.27 13:20:36.208,1.36234,1.36261,1.50,1.35
2011.06.27 13:20:37.866,1.36235,1.36261,1.50,1.35
2011.06.27 13:20:38.577,1.36235,1.36261,1.50,1.35
2011.06.27 13:20:40.106,1.36235,1.36263,3.23,1.50
2011.06.27 13:20:40.482,1.36236,1.36265,1.50,1.35
2011.06.27 13:20:40.598,1.36235,1.36265,1.35,1.35
2011.06.27 13:20:42.479,1.36238,1.36265,1.50,2.25
2011.06.27 13:20:42.698,1.36238,1.36265,1.50,2.25
2011.06.27 13:20:43.027,1.36235,1.36262,4.88,1.50
2011.06.27 13:20:43.356,1.36235,1.36262,4.88,1.50
2011.06.27 13:20:43.917,1.36235,1.36262,4.13,1.50
2011.06.27 13:20:44.136,1.36235,1.36262,4.88,1.50
2011.06.27 13:20:44.366,1.36235,1.36262,4.13,1.50
2011.06.27 13:20:44.971,1.36235,1.36262,4.88,1.50
2011.06.27 13:20:45.195,1.36235,1.36262,4.88,1.50
2011.06.27 13:20:47.006,1.36235,1.36262,4.13,1.50
2011.06.27 13:20:47.335,1.36235,1.36262,4.88,1.50
2011.06.27 13:20:47.446,1.36235,1.36262,4.13,1.50
2011.06.27 13:20:48.006,1.36235,1.36262,4.88,1.50
2011.06.27 13:20:49.358,1.36235,1.36262,4.88,1.50
2011.06.27 13:20:49.578,1.36235,1.36262,4.88,1.50
2011.06.27 13:20:49.690,1.36236,1.36265,7.50,2.25
2011.06.27 13:20:50.140,1.36239,1.36265,1.50,2.25
2011.06.27 13:20:50.369,1.36258,1.36276,1.73,1.41
2011.06.27 13:20:50.477,1.36265,1.36277,3.00,3.00
2011.06.27 13:20:51.026,1.36264,1.36292,2.78,1.35
2011.06.27 13:20:51.911,1.36261,1.36289,2.40,1.50
2011.06.27 13:20:52.138,1.36261,1.36289,1.65,1.50
2011.06.27 13:20:52.351,1.36256,1.36289,3.75,1.50
2011.06.27 13:20:54.448,1.36255,1.36285,2.40,1.50
2011.06.27 13:20:54.889,1.36256,1.36285,2.40,1.50
2011.06.27 13:20:56.506,1.36256,1.36285,2.40,1.50
2011.06.27 13:20:57.057,1.36256,1.36285,2.40,1.50
2011.06.27 13:20:59.077,1.36259,1.36285,1.65,1.50
2011.06.27 13:20:59.188,1.36259,1.36285,1.65,1.50
2011.06.27 13:21:00.387,1.36259,1.36285,1.65,1.50
2011.06.27 13:21:02.211,1.36259,1.36285,1.65,1.50
2011.06.27 13:21:02.767,1.36259,1.36285,1.65,1.50
2011.06.27 13:21:02.876,1.36259,1.36285,2.40,1.50
2011.06.27 13:21:03.210,1.36266,1.3629,1.65,1.50
2011.06.27 13:21:03.766,1.36265,1.3629,1.65,1.50
2011.06.27 13:21:07.131,1.36255,1.36281,1.50,1.35
2011.06.27 13:21:07.466,1.36254,1.36281,1.50,1.35
2011.06.27 13:21:08.128,1.36262,1.36281,3.00,1.35
2011.06.27 13:21:08.236,1.3626,1.36281,3.75,1.35
2011.06.27 13:21:08.788,1.36259,1.36288,2.40,4.50
2011.06.27 13:21:09.447,1.3626,1.36288,2.40,1.50
2011.06.27 13:21:10.106,1.36259,1.36287,2.40,3.75
2011.06.27 13:21:10.986,1.36259,1.36287,2.40,3.75
2011.06.27 13:21:11.205,1.36259,1.36287,2.40,3.75
2011.06.27 13:21:14.487,1.36259,1.36287,2.40,3.75
2011.06.27 13:21:14.709,1.36254,1.3628,1.50,4.35
2011.06.27 13:21:14.818,1.36253,1.36279,3.15,1.50
2011.06.27 13:21:15.036,1.36249,1.36277,1.50,1.50
2011.06.27 13:21:15.587,1.36248,1.36277,1.50,2.10
2011.06.27 13:21:15.917,1.36246,1.36271,3.75,1.35
2011.06.27 13:21:16.358,1.36249,1.36277,1.50,1.50
2011.06.27 13:21:17.129,1.3625,1.36277,3.60,1.50
2011.06.27 13:21:17.456,1.36251,1.36281,3.00,1.50
2011.06.27 13:21:22.556,1.36252,1.36275,2.40,1.35
2011.06.27 13:21:23.117,1.36252,1.36275,2.40,1.35
2011.06.27 13:21:23.228,1.36251,1.36275,1.50,1.35
2011.06.27 13:21:23.776,1.36247,1.36269,1.50,1.35
2011.06.27 13:21:24.216,1.36247,1.36269,1.50,1.35
2011.06.27 13:21:24.546,1.36247,1.36269,1.50,1.35
2011.06.27 13:21:24.988,1.36247,1.36272,1.50,4.50
2011.06.27 13:21:25.341,1.36248,1.36273,3.75,1.50
2011.06.27 13:21:26.009,1.36251,1.36274,1.65,1.35
2011.06.27 13:21:26.448,1.36252,1.36274,2.40,1.35
2011.06.27 13:21:26.997,1.36253,1.36274,3.15,1.35
2011.06.27 13:21:27.439,1.36252,1.36274,1.50,1.35
2011.06.27 13:21:27.767,1.36253,1.3628,1.50,1.50
2011.06.27 13:21:27.990,1.36254,1.36283,4.13,1.41
2011.06.27 13:21:29.366,1.36257,1.36281,2.40,1.35
2011.06.27 13:21:29.587,1.36257,1.36281,2.40,1.35
2011.06.27 13:21:32.396,1.36258,1.36285,5.40,1.50
2011.06.27 13:21:32.948,1.36258,1.3628,5.40,1.35
2011.06.27 13:21:33.797,1.36258,1.3628,5.40,1.35
2011.06.27 13:21:33.907,1.36258,1.3628,5.40,1.35
2011.06.27 13:21:34.488,1.3626,1.3628,3.75,1.35
2011.06.27 13:21:35.036,1.36261,1.3628,1.65,1.35
2011.06.27 13:21:35.757,1.36263,1.3628,1.65,1.35
2011.06.27 13:21:36.277,1.36259,1.3628,2.40,1.35
2011.06.27 13:21:36.607,1.36257,1.3628,2.40,1.35
2011.06.27 13:21:36.717,1.36257,1.3628,1.65,1.35
2011.06.27 13:21:37.159,1.36254,1.36277,1.65,3.75
2011.06.27 13:21:37.268,1.36249,1.36277,2.78,4.50
2011.06.27 13:21:37.523,1.36256,1.36274,1.65,1.50
2011.06.27 13:21:37.862,1.36256,1.36274,1.65,1.50
2011.06.27 13:21:38.203,1.36252,1.36267,1.65,1.35
2011.06.27 13:21:38.539,1.36243,1.36264,2.25,1.35
2011.06.27 13:21:38.868,1.36241,1.36264,3.75,1.35
2011.06.27 13:21:39.200,1.36243,1.36264,3.75,1.35
2011.06.27 13:21:39.747,1.36243,1.36267,3.00,1.50
2011.06.27 13:21:40.187,1.36242,1.36267,3.00,1.50
2011.06.27 13:21:40.627,1.36246,1.36267,1.65,1.50
2011.06.27 13:21:41.066,1.36246,1.36267,1.65,1.50
2011.06.27 13:21:43.537,1.36245,1.36267,1.65,1.50
2011.06.27 13:21:43.647,1.36243,1.36261,1.65,1.35
2011.06.27 13:21:43.762,1.36238,1.36261,2.40,1.35
2011.06.27 13:21:43.878,1.36238,1.36261,1.65,1.35
2011.06.27 13:21:44.886,1.36238,1.3626,1.65,1.50
2011.06.27 13:21:45.496,1.36238,1.3626,1.65,1.50
2011.06.27 13:21:46.197,1.36238,1.3626,1.65,1.50
2011.06.27 13:21:46.532,1.36229,1.36252,2.40,1.50
2011.06.27 13:21:46.651,1.36224,1.36252,5.40,2.10
2011.06.27 13:21:47.207,1.36224,1.36252,3.15,1.50
2011.06.27 13:21:47.758,1.36224,1.36252,3.15,1.50
2011.06.27 13:21:48.737,1.36225,1.36247,2.40,1.41
2011.06.27 13:21:49.067,1.36229,1.36254,2.40,1.35
2011.06.27 13:21:50.059,1.36228,1.36254,3.15,1.35
2011.06.27 13:21:50.501,1.36229,1.36255,2.40,1.35
2011.06.27 13:21:50.837,1.36228,1.36249,1.50,1.50
2011.06.27 13:21:50.946,1.36228,1.36247,1.50,1.50
2011.06.27 13:21:51.517,1.36228,1.36247,1.50,2.16
2011.06.27 13:21:52.047,1.36229,1.36252,2.40,1.35
2011.06.27 13:21:52.157,1.36229,1.36252,2.40,1.35
2011.06.27 13:21:52.486,1.36229,1.36252,2.40,1.35
2011.06.27 13:21:53.538,1.3623,1.36258,1.13,2.25
2011.06.27 13:21:54.586,1.36238,1.36257,1.65,1.50
2011.06.27 13:21:54.698,1.3623,1.36257,2.40,1.50
2011.06.27 13:21:54.917,1.3623,1.36257,1.65,1.50
2011.06.27 13:21:56.266,1.36228,1.36254,2.40,1.50
2011.06.27 13:21:56.597,1.36228,1.36254,2.40,1.50
2011.06.27 13:21:56.928,1.36228,1.36254,2.40,1.50
2011.06.27 13:21:57.297,1.36229,1.36255,1.13,1.50
2011.06.27 13:21:57.517,1.36238,1.36257,2.40,1.50
2011.06.27 13:21:57.626,1.36238,1.36256,1.65,1.50
2011.06.27 13:21:59.689,1.36235,1.36254,2.40,4.50
2011.06.27 13:22:00.223,1.36229,1.36252,1.65,1.50
2011.06.27 13:22:00.876,1.3623,1.36252,1.65,1.50
2011.06.27 13:22:01.607,1.3623,1.36251,2.40,1.50
2011.06.27 13:22:02.050,1.36231,1.36249,1.65,3.75
2011.06.27 13:22:02.379,1.36214,1.36237,3.75,2.25
2011.06.27 13:22:02.817,1.36216,1.36242,4.50,1.50
2011.06.27 13:22:03.312,1.36221,1.36242,1.65,1.50
2011.06.27 13:22:03.651,1.36221,1.36229,1.65,1.35
2011.06.27 13:22:03.773,1.36214,1.36236,2.40,3.00
2011.06.27 13:22:04.218,1.36212,1.36237,1.50,1.65
2011.06.27 13:22:04.549,1.36212,1.36238,1.50,1.50
2011.06.27 13:22:04.879,1.36209,1.36234,1.13,2.25
2011.06.27 13:22:04.989,1.36212,1.3623,1.50,1.35
2011.06.27 13:22:05.427,1.36208,1.36236,1.13,1.50
2011.06.27 13:22:05.833,1.36211,1.36239,1.50,1.50
2011.06.27 13:22:05.952,1.36214,1.3624,1.50,1.50
2011.06.27 13:22:06.070,1.36222,1.3624,3.00,1.50
2011.06.27 13:22:06.299,1.36222,1.3625,3.75,1.50
2011.06.27 13:22:06.410,1.36222,1.3625,3.75,1.50
2011.06.27 13:22:07.006,1.36224,1.3625,1.50,1.50
2011.06.27 13:22:07.337,1.36224,1.3625,1.50,1.50
2011.06.27 13:22:07.777,1.36225,1.36251,3.75,1.50
2011.06.27 13:22:07.997,1.36227,1.36253,1.50,1.35
2011.06.27 13:22:09.517,1.36228,1.36253,5.40,1.35
2011.06.27 13:22:09.626,1.36232,1.36253,1.65,1.35
2011.06.27 13:22:10.688,1.36235,1.36254,3.75,1.35
2011.06.27 13:22:10.908,1.36232,1.36258,3.75,1.50
2011.06.27 13:22:11.455,1.36238,1.36259,2.40,1.35
2011.06.27 13:22:11.788,1.36245,1.36265,3.00,2.40
2011.06.27 13:22:12.117,1.3625,1.36267,1.65,2.16
2011.06.27 13:22:12.227,1.3625,1.36272,1.65,1.50
2011.06.27 13:22:12.340,1.36245,1.36272,3.75,1.50
2011.06.27 13:22:12.558,1.36251,1.36275,1.65,1.50
2011.06.27 13:22:12.667,1.36245,1.36273,3.60,2.40
2011.06.27 13:22:12.778,1.36245,1.36271,1.50,2.25
2011.06.27 13:22:13.157,1.36241,1.36271,2.40,4.65
2011.06.27 13:22:13.266,1.36242,1.36271,1.35,3.15
2011.06.27 13:22:13.817,1.36242,1.36271,1.35,1.50
2011.06.27 13:22:14.408,1.36241,1.3627,2.40,2.25
2011.06.27 13:22:14.957,1.36237,1.36266,3.15,2.40
2011.06.27 13:22:15.288,1.36242,1.36266,2.40,2.91
2011.06.27 13:22:15.400,1.36243,1.36266,1.50,3.66
2011.06.27 13:22:15.512,1.36246,1.36266,1.35,1.41
2011.06.27 13:22:15.629,1.36252,1.36269,1.13,1.65
2011.06.27 13:22:15.849,1.36246,1.36272,1.50,2.40
2011.06.27 13:22:15.960,1.36253,1.36273,1.50,2.10
2011.06.27 13:22:16.180,1.36253,1.3627,1.50,1.35
2011.06.27 13:22:16.289,1.36249,1.3627,1.65,1.35
2011.06.27 13:22:16.397,1.36245,1.3627,2.40,1.35
2011.06.27 13:22:16.509,1.3625,1.3627,1.65,1.35
2011.06.27 13:22:16.618,1.3625,1.3627,1.65,1.35
2011.06.27 13:22:16.838,1.36259,1.36275,1.65,1.50
2011.06.27 13:22:17.388,1.36258,1.36284,2.40,2.40
2011.06.27 13:22:17.760,1.36262,1.36287,1.65,1.50
2011.06.27 13:22:18.088,1.3625,1.3628,3.15,2.78
2011.06.27 13:22:18.310,1.3625,1.3628,2.40,2.40
2011.06.27 13:22:18.417,1.36259,1.36282,1.65,1.50
2011.06.27 13:22:19.409,1.36264,1.36286,1.65,2.25
2011.06.27 13:22:20.177,1.36264,1.36286,1.65,1.50
2011.06.27 13:22:20.618,1.36264,1.36286,1.65,1.50
2011.06.27 13:22:20.728,1.36261,1.36278,3.00,1.13
2011.06.27 13:22:20.839,1.36259,1.36275,2.40,1.13
2011.06.27 13:22:20.949,1.36253,1.36273,3.00,2.40
2011.06.27 13:22:21.058,1.36245,1.36271,3.75,1.35
2011.06.27 13:22:21.522,1.36249,1.36275,1.65,2.25
2011.06.27 13:22:21.858,1.36249,1.36271,1.65,1.35
2011.06.27 13:22:22.078,1.36244,1.36266,1.65,1.50
2011.06.27 13:22:22.626,1.36243,1.36263,1.50,1.50
2011.06.27 13:22:22.737,1.36237,1.36263,1.65,1.50
2011.06.27 13:22:23.069,1.36231,1.36258,1.50,1.50
2011.06.27 13:22:23.509,1.3623,1.36256,1.50,1.50
2011.06.27 13:22:23.727,1.36237,1.36261,1.65,1.50
2011.06.27 13:22:23.946,1.36237,1.36261,1.65,1.50
2011.06.27 13:22:24.497,1.36231,1.36257,1.50,1.88
2011.06.27 13:22:25.047,1.36226,1.36251,1.65,1.50
2011.06.27 13:22:25.377,1.3623,1.36254,1.65,1.50
2011.06.27 13:22:25.659,1.3623,1.36254,2.40,1.50
2011.06.27 13:22:25.880,1.3623,1.36256,2.40,1.50
2011.06.27 13:22:25.989,1.36233,1.36259,1.35,1.50
2011.06.27 13:22:26.320,1.36235,1.36258,3.75,1.35
2011.06.27 13:22:26.657,1.36236,1.36261,3.00,1.50
2011.06.27 13:22:27.096,1.36236,1.36261,3.75,1.50
2011.06.27 13:22:27.726,1.36236,1.36261,3.75,1.50
2011.06.27 13:22:28.167,1.36244,1.36261,1.65,1.50
2011.06.27 13:22:28.499,1.36248,1.36266,4.35,1.50
2011.06.27 13:22:28.938,1.36251,1.36276,1.65,1.50
2011.06.27 13:22:29.486,1.36252,1.36276,1.65,1.50
2011.06.27 13:22:30.198,1.36252,1.36276,1.65,1.50
2011.06.27 13:22:30.637,1.36249,1.36272,1.35,1.13
2011.06.27 13:22:30.968,1.36243,1.36269,2.40,2.40
2011.06.27 13:22:31.412,1.36241,1.3626,2.40,1.35
2011.06.27 13:22:31.639,1.36238,1.3626,1.50,1.35
2011.06.27 13:22:31.967,1.36237,1.36265,2.40,2.40
2011.06.27 13:22:32.298,1.36241,1.36266,1.65,1.74
2011.06.27 13:22:32.629,1.36244,1.3627,1.35,1.91
2011.06.27 13:22:32.969,1.36243,1.36268,1.50,3.03
2011.06.27 13:22:33.301,1.36243,1.3627,3.75,1.50
2011.06.27 13:22:33.531,1.36245,1.3627,1.50,1.50
2011.06.27 13:22:33.868,1.36241,1.36264,1.50,2.40
2011.06.27 13:22:33.977,1.36241,1.36265,1.50,3.00
2011.06.27 13:22:34.306,1.36239,1.36265,1.50,3.00
2011.06.27 13:22:34.966,1.36238,1.36265,1.50,3.00
2011.06.27 13:22:35.297,1.3624,1.36265,2.40,1.35
2011.06.27 13:22:35.847,1.36239,1.36265,3.15,1.35
2011.06.27 13:22:36.068,1.36239,1.36265,2.40,1.35
2011.06.27 13:22:36.290,1.36242,1.36266,1.65,1.50
2011.06.27 13:22:36.397,1.36242,1.36266,2.40,1.50
2011.06.27 13:22:36.616,1.36242,1.36266,2.40,2.16
2011.06.27 13:22:37.168,1.36242,1.36266,1.65,1.41
2011.06.27 13:22:37.678,1.3624,1.36257,1.50,1.13
2011.06.27 13:22:37.898,1.36226,1.36254,2.78,2.40
2011.06.27 13:22:38.116,1.36226,1.36254,2.40,2.40
2011.06.27 13:22:38.557,1.36226,1.36248,1.65,1.50
2011.06.27 13:22:38.889,1.36224,1.36248,1.50,1.50
2011.06.27 13:22:38.998,1.36223,1.36248,3.75,1.50
2011.06.27 13:22:39.547,1.36224,1.36248,2.40,1.50
2011.06.27 13:22:39.988,1.36225,1.36248,2.40,1.50
2011.06.27 13:22:40.681,1.36231,1.36248,3.00,1.50
2011.06.27 13:22:40.803,1.36231,1.36257,5.40,1.50
2011.06.27 13:22:41.027,1.36233,1.36258,3.15,1.50
2011.06.27 13:22:41.359,1.36228,1.36257,3.90,2.40
2011.06.27 13:22:42.569,1.3623,1.36256,1.65,5.16
2011.06.27 13:22:42.789,1.36236,1.36257,2.40,2.76
2011.06.27 13:22:43.009,1.3623,1.36253,2.40,1.50
2011.06.27 13:22:43.338,1.3623,1.36252,1.65,1.50
2011.06.27 13:22:43.450,1.36235,1.36252,1.65,1.50
2011.06.27 13:22:43.569,1.3623,1.36252,1.65,1.50
2011.06.27 13:22:43.677,1.36235,1.36252,1.65,1.50
2011.06.27 13:22:44.176,1.36224,1.36252,3.15,1.35
2011.06.27 13:22:44.618,1.36222,1.36248,5.25,1.50
2011.06.27 13:22:44.730,1.36222,1.36248,6.00,1.50
2011.06.27 13:22:46.269,1.36222,1.36246,3.00,2.40
2011.06.27 13:22:46.708,1.36221,1.36246,3.15,1.50
2011.06.27 13:22:47.037,1.36221,1.36246,3.15,2.16
2011.06.27 13:22:47.588,1.36223,1.36246,1.50,1.50
2011.06.27 13:22:48.126,1.36221,1.36244,1.50,3.15
2011.06.27 13:22:48.459,1.36216,1.36237,1.35,1.50
2011.06.27 13:22:48.787,1.3622,1.36245,3.00,1.50
2011.06.27 13:22:50.298,1.3622,1.36245,3.15,1.50
2011.06.27 13:22:50.738,1.3622,1.36244,1.50,3.00
2011.06.27 13:22:51.398,1.3622,1.36244,1.50,1.35
2011.06.27 13:22:51.948,1.36219,1.36245,1.50,3.15
2011.06.27 13:22:52.592,1.3622,1.36245,1.50,3.15
2011.06.27 13:22:53.147,1.36219,1.36245,1.50,3.75
2011.06.27 13:22:53.667,1.3622,1.36245,1.50,3.75
2011.06.27 13:22:54.477,1.3622,1.36245,1.50,3.75
2011.06.27 13:22:55.188,1.3622,1.36245,1.50,3.15
2011.06.27 13:22:55.518,1.3622,1.36244,1.50,1.35
2011.06.27 13:22:55.957,1.36216,1.36243,1.50,1.50
2011.06.27 13:22:56.506,1.36216,1.36244,1.50,1.35
2011.06.27 13:22:57.180,1.36221,1.36243,2.40,1.50
2011.06.27 13:22:57.737,1.36214,1.36241,2.10,1.50
2011.06.27 13:22:58.179,1.36214,1.36238,2.10,3.00
2011.06.27 13:22:58.509,1.3622,1.36239,2.40,3.00
2011.06.27 13:22:58.617,1.3622,1.36242,2.40,2.25
2011.06.27 13:22:58.728,1.3622,1.36235,1.65,1.35
2011.06.27 13:22:58.837,1.36211,1.36235,1.50,3.00
2011.06.27 13:22:59.277,1.36211,1.36235,1.50,3.00
2011.06.27 13:22:59.667,1.36211,1.36235,1.50,3.00
2011.06.27 13:23:01.217,1.36211,1.36235,1.50,3.00
2011.06.27 13:23:01.628,1.36211,1.36235,3.75,3.00
2011.06.27 13:23:02.178,1.3621,1.36235,1.50,3.00
2011.06.27 13:23:02.396,1.3621,1.36235,1.50,3.00
2011.06.27 13:23:02.837,1.3621,1.36235,1.50,3.00
2011.06.27 13:23:03.276,1.3621,1.36234,1.50,2.25
2011.06.27 13:23:04.238,1.3621,1.36234,1.50,2.25
2011.06.27 13:23:04.755,1.3621,1.36235,1.50,2.40
2011.06.27 13:23:04.981,1.36214,1.36236,1.50,1.41
2011.06.27 13:23:07.749,1.36214,1.36237,1.50,2.16
2011.06.27 13:23:08.080,1.36216,1.36241,2.40,2.16
2011.06.27 13:23:08.187,1.36215,1.36241,2.40,1.50
2011.06.27 13:23:08.298,1.36215,1.36241,2.40,1.50
2011.06.27 13:23:08.847,1.36215,1.36241,2.40,1.50
2011.06.27 13:23:08.959,1.36219,1.36241,3.00,1.50
2011.06.27 13:23:09.287,1.36217,1.36242,2.40,1.50
2011.06.27 13:23:09.870,1.36217,1.36247,2.40,3.81
2011.06.27 13:23:10.102,1.36219,1.36245,2.40,1.50
2011.06.27 13:23:10.439,1.36225,1.36247,2.40,2.91
2011.06.27 13:23:10.547,1.36225,1.36247,2.40,2.91
2011.06.27 13:23:11.097,1.36225,1.36247,2.40,2.91
2011.06.27 13:23:11.748,1.36225,1.36245,2.40,2.10
2011.06.27 13:23:11.858,1.36222,1.36239,3.00,1.65
2011.06.27 13:23:12.076,1.36215,1.36239,1.50,2.40
2011.06.27 13:23:12.628,1.36212,1.36237,3.15,2.16
2011.06.27 13:23:13.176,1.36212,1.36236,3.15,1.41
2011.06.27 13:23:13.288,1.36215,1.36237,3.75,2.16
2011.06.27 13:23:13.837,1.36211,1.36238,2.40,3.00
2011.06.27 13:23:14.347,1.36213,1.36236,2.40,2.16
2011.06.27 13:23:15.007,1.36212,1.36236,2.40,2.25
2011.06.27 13:23:15.687,1.36212,1.36236,2.40,2.91
2011.06.27 13:23:16.217,1.36212,1.36236,2.40,1.50
2011.06.27 13:23:16.930,1.36212,1.36231,2.40,2.85
2011.06.27 13:23:17.040,1.36206,1.36233,4.35,2.40
2011.06.27 13:23:17.158,1.36206,1.36233,4.35,2.40
2011.06.27 13:23:17.600,1.36211,1.36236,3.15,1.41
2011.06.27 13:23:17.819,1.36211,1.36239,3.15,2.25
2011.06.27 13:23:17.928,1.36212,1.36236,2.78,1.50
2011.06.27 13:23:18.344,1.36225,1.36243,1.65,1.50
2011.06.27 13:23:18.901,1.36221,1.36242,2.40,1.50
2011.06.27 13:23:19.569,1.36215,1.36238,3.00,1.35
2011.06.27 13:23:20.127,1.36213,1.36236,1.50,2.16
2011.06.27 13:23:20.689,1.36213,1.36237,1.50,2.16
2011.06.27 13:23:21.031,1.36217,1.36236,3.00,1.41
2011.06.27 13:23:21.369,1.36213,1.36236,1.50,1.41
2011.06.27 13:23:21.479,1.36213,1.36236,6.15,2.16
2011.06.27 13:23:21.696,1.36213,1.36236,6.15,2.16
2011.06.27 13:23:22.208,1.36218,1.36237,3.00,2.16
2011.06.27 13:23:22.758,1.36218,1.36236,3.75,1.50
2011.06.27 13:23:23.087,1.36222,1.36244,2.40,1.50
2011.06.27 13:23:23.637,1.36214,1.36242,1.50,1.50
2011.06.27 13:23:24.078,1.36217,1.36241,3.00,1.50
2011.06.27 13:23:24.517,1.36214,1.36236,1.50,1.50
2011.06.27 13:23:25.290,1.36215,1.36237,3.75,2.16
2011.06.27 13:23:25.619,1.36213,1.36239,2.40,2.25
2011.06.27 13:23:26.092,1.36214,1.3624,1.50,1.50
2011.06.27 13:23:27.069,1.36214,1.36237,1.50,2.25
2011.06.27 13:23:27.837,1.36211,1.36237,3.75,1.50
2011.06.27 13:23:28.718,1.36212,1.36237,2.40,1.50
2011.06.27 13:23:28.938,1.36209,1.36235,1.50,1.35
2011.06.27 13:23:29.157,1.36209,1.36234,1.50,1.35
2011.06.27 13:23:29.487,1.36209,1.36234,1.50,1.35
2011.06.27 13:23:29.968,1.36209,1.36234,1.50,1.35
2011.06.27 13:23:30.730,1.36209,1.36234,1.50,1.35
2011.06.27 13:23:31.288,1.36209,1.3623,1.50,2.85
2011.06.27 13:23:31.620,1.36208,1.36226,1.50,1.35
2011.06.27 13:23:32.220,1.36204,1.36226,2.40,2.01
2011.06.27 13:23:34.648,1.36206,1.36226,2.40,1.50
2011.06.27 13:23:35.228,1.36206,1.36226,2.40,2.16
2011.06.27 13:23:35.338,1.36202,1.36225,1.50,1.50
2011.06.27 13:23:37.136,1.36199,1.36225,2.10,1.50
2011.06.27 13:23:37.539,1.362,1.36225,1.35,1.50
2011.06.27 13:23:38.021,1.36199,1.36225,2.10,1.50
2011.06.27 13:23:38.142,1.362,1.36225,1.35,1.50
2011.06.27 13:23:38.482,1.36202,1.36224,3.00,2.40
2011.06.27 13:23:38.600,1.36203,1.36228,1.65,1.35
2011.06.27 13:23:38.819,1.36203,1.36224,2.40,1.50
2011.06.27 13:23:39.147,1.362,1.36224,6.75,1.50
2011.06.27 13:23:39.698,1.36199,1.36224,1.50,1.50
2011.06.27 13:23:40.248,1.36199,1.36224,4.50,1.50
2011.06.27 13:23:42.546,1.36199,1.36224,1.50,1.50
2011.06.27 13:23:45.407,1.362,1.36225,3.75,1.50
2011.06.27 13:23:45.752,1.36198,1.36225,3.75,1.50
2011.06.27 13:23:46.508,1.36199,1.36225,3.75,1.50
2011.06.27 13:23:46.838,1.362,1.36224,1.50,1.50
2011.06.27 13:23:47.167,1.362,1.36224,1.50,1.50
2011.06.27 13:23:47.828,1.36205,1.36228,1.73,1.50
2011.06.27 13:23:48.157,1.36202,1.36229,1.50,1.50
2011.06.27 13:23:48.379,1.36204,1.36229,1.50,1.50
2011.06.27 13:23:48.597,1.36204,1.36226,1.50,1.50
2011.06.27 13:23:48.928,1.362,1.36225,3.75,1.50
2011.06.27 13:23:49.217,1.362,1.36225,7.13,1.50
2011.06.27 13:23:50.369,1.36201,1.36225,2.40,1.50
2011.06.27 13:23:50.697,1.36201,1.36225,2.40,1.50
2011.06.27 13:23:51.248,1.36202,1.36225,1.35,1.50
2011.06.27 13:23:51.779,1.36203,1.36225,1.35,1.50
2011.06.27 13:23:52.237,1.36203,1.36225,1.35,1.50
2011.06.27 13:23:52.456,1.36203,1.36225,1.35,1.50
2011.06.27 13:23:53.017,1.36202,1.36225,1.35,1.50
2011.06.27 13:23:53.126,1.36203,1.36225,1.35,1.50
2011.06.27 13:23:53.680,1.36204,1.36226,1.13,1.50
2011.06.27 13:23:53.788,1.36208,1.36226,2.10,1.50
2011.06.27 13:23:54.010,1.36208,1.36232,1.65,1.50
2011.06.27 13:23:54.118,1.36204,1.36233,1.73,3.75
2011.06.27 13:23:54.802,1.36207,1.36234,1.50,2.10
2011.06.27 13:23:55.579,1.36207,1.36231,1.50,1.50
2011.06.27 13:23:57.407,1.36203,1.36231,3.90,1.50
2011.06.27 13:23:57.517,1.36203,1.36231,2.25,1.50
2011.06.27 13:23:58.290,1.36202,1.36229,3.75,1.50
2011.06.27 13:23:58.618,1.36204,1.36227,2.40,1.50
2011.06.27 13:23:58.946,1.36204,1.36228,5.40,1.50
2011.06.27 13:23:59.058,1.36204,1.36227,5.40,1.50
2011.06.27 13:23:59.478,1.36204,1.36227,2.40,1.50
2011.06.27 13:23:59.811,1.36204,1.36227,2.40,1.50
2011.06.27 13:24:00.407,1.36204,1.36227,2.40,1.50
2011.06.27 13:24:00.986,1.36204,1.36227,2.40,1.50
2011.06.27 13:24:01.517,1.36204,1.36227,2.40,1.50
2011.06.27 13:24:01.738,1.36203,1.36227,3.00,1.50
2011.06.27 13:24:02.398,1.362,1.36227,2.78,1.50
2011.06.27 13:24:02.729,1.36202,1.36227,3.75,1.50
2011.06.27 13:24:03.167,1.36202,1.36227,3.75,1.50
2011.06.27 13:24:05.328,1.36199,1.36227,3.15,1.50
2011.06.27 13:24:05.680,1.36199,1.36227,1.50,1.50
2011.06.27 13:24:08.139,1.36201,1.36227,3.75,1.50
2011.06.27 13:24:12.616,1.36199,1.36227,3.15,1.50
2011.06.27 13:24:12.836,1.36201,1.36227,3.75,1.50
2011.06.27 13:24:13.858,1.36201,1.36227,3.75,1.50
2011.06.27 13:24:16.058,1.36201,1.36227,3.75,1.50
2011.06.27 13:24:16.608,1.36201,1.36227,3.75,1.50
2011.06.27 13:24:16.936,1.36201,1.36227,3.75,1.50
2011.06.27 13:24:17.406,1.36201,1.36227,3.75,1.50
2011.06.27 13:24:17.956,1.36203,1.36228,4.50,1.35
2011.06.27 13:24:21.118,1.36203,1.36226,4.50,1.50
2011.06.27 13:24:21.449,1.36193,1.36218,1.35,2.40
2011.06.27 13:24:21.558,1.36193,1.36218,1.73,1.65
2011.06.27 13:24:21.667,1.36193,1.36222,1.73,3.75
2011.06.27 13:24:21.887,1.36193,1.36219,1.35,1.50
2011.06.27 13:24:22.429,1.36193,1.36219,1.35,1.50
2011.06.27 13:24:24.567,1.36193,1.36219,1.35,1.50
2011.06.27 13:24:25.078,1.36193,1.36219,1.35,1.50
2011.06.27 13:24:25.453,1.36193,1.36219,1.35,1.50
2011.06.27 13:24:25.682,1.36196,1.36219,1.13,1.50
2011.06.27 13:24:25.802,1.36199,1.36219,1.35,1.50
2011.06.27 13:24:26.141,1.36198,1.36223,1.35,1.50
2011.06.27 13:24:26.774,1.36197,1.36223,1.35,1.50
2011.06.27 13:24:26.888,1.36197,1.36223,1.35,1.50
2011.06.27 13:24:27.437,1.36196,1.36223,1.35,1.50
2011.06.27 13:24:28.798,1.36198,1.36222,3.00,3.00
2011.06.27 13:24:28.908,1.36195,1.36222,1.50,3.00
2011.06.27 13:24:29.456,1.36195,1.36216,1.50,2.16
2011.06.27 13:24:29.968,1.36196,1.36216,1.35,1.41
2011.06.27 13:24:30.585,1.36197,1.36217,3.75,1.41
2011.06.27 13:24:31.218,1.36197,1.36217,3.75,1.41
2011.06.27 13:24:31.436,1.36197,1.36216,3.75,1.50
2011.06.27 13:24:31.928,1.36197,1.36216,3.75,1.41
2011.06.27 13:24:32.830,1.36198,1.36223,3.75,1.50
2011.06.27 13:24:33.047,1.36198,1.36223,3.75,1.50
2011.06.27 13:24:33.268,1.36198,1.36225,3.75,1.50
2011.06.27 13:24:33.818,1.36196,1.3622,1.50,1.50
2011.06.27 13:24:34.615,1.36194,1.36217,3.75,1.50
2011.06.27 13:24:35.209,1.36194,1.36217,3.75,1.41
2011.06.27 13:24:35.759,1.36198,1.3622,1.50,1.50
2011.06.27 13:24:36.087,1.36198,1.36225,1.50,1.50
2011.06.27 13:24:36.199,1.36197,1.36221,1.50,1.35
2011.06.27 13:24:36.826,1.36198,1.36225,1.50,1.50
2011.06.27 13:24:37.716,1.36198,1.36225,1.50,1.50
2011.06.27 13:24:38.339,1.36198,1.36225,1.50,1.50
2011.06.27 13:24:39.338,1.36198,1.36226,1.50,2.91
2011.06.27 13:24:39.670,1.36198,1.36225,1.50,1.50
2011.06.27 13:24:39.997,1.36198,1.36225,1.50,1.50
2011.06.27 13:24:40.327,1.36198,1.36225,1.50,1.50
2011.06.27 13:24:40.864,1.36198,1.3622,1.50,1.35
2011.06.27 13:24:41.202,1.36194,1.3622,1.35,1.50
2011.06.27 13:24:41.758,1.36189,1.36217,1.88,1.50
2011.06.27 13:24:42.199,1.36194,1.3622,2.25,1.50
2011.06.27 13:24:42.749,1.36199,1.36222,1.35,1.50
2011.06.27 13:24:42.967,1.36199,1.36224,1.35,1.50
2011.06.27 13:24:43.078,1.362,1.36227,2.25,1.50
2011.06.27 13:24:43.626,1.36201,1.36227,1.50,1.50
2011.06.27 13:24:44.757,1.36204,1.36227,2.85,1.50
2011.06.27 13:24:44.980,1.36208,1.36232,1.35,1.50
2011.06.27 13:24:45.567,1.36208,1.36232,1.35,1.50
2011.06.27 13:24:47.048,1.36208,1.36232,1.35,1.50
2011.06.27 13:24:47.378,1.36206,1.36232,1.35,1.50
2011.06.27 13:24:47.489,1.36205,1.36226,1.50,1.13
2011.06.27 13:24:47.709,1.36196,1.36225,2.25,2.25
2011.06.27 13:24:47.819,1.36196,1.3622,3.00,1.50
2011.06.27 13:24:48.038,1.362,1.36223,3.75,3.15
2011.06.27 13:24:48.148,1.362,1.3622,3.75,1.65
2011.06.27 13:24:48.257,1.362,1.36226,3.75,1.50
2011.06.27 13:24:48.587,1.362,1.36227,3.75,2.91
2011.06.27 13:24:49.138,1.36209,1.36226,1.50,1.41
2011.06.27 13:24:49.687,1.36214,1.36237,1.50,3.81
2011.06.27 13:24:52.897,1.36214,1.36236,1.50,1.50
2011.06.27 13:24:53.447,1.36214,1.36235,1.50,2.40
2011.06.27 13:24:53.997,1.3621,1.36232,1.50,3.75
2011.06.27 13:24:54.327,1.36202,1.36225,1.35,1.50
2011.06.27 13:24:54.920,1.36202,1.36224,1.35,1.50
2011.06.27 13:24:55.565,1.36202,1.36225,1.35,1.50
2011.06.27 13:24:55.897,1.36202,1.36224,1.35,1.50
2011.06.27 13:24:56.227,1.36202,1.36226,1.35,1.50
2011.06.27 13:24:56.778,1.36204,1.36224,1.50,1.50
2011.06.27 13:24:56.998,1.36201,1.36221,1.50,1.50
2011.06.27 13:24:57.327,1.36197,1.36222,1.35,1.50
2011.06.27 13:24:57.766,1.36199,1.36224,1.50,1.50
2011.06.27 13:24:58.319,1.362,1.36222,1.35,1.50
2011.06.27 13:24:58.760,1.362,1.36226,1.35,4.41
2011.06.27 13:24:58.981,1.362,1.36227,1.35,2.91
2011.06.27 13:24:59.105,1.362,1.36226,1.35,1.50
2011.06.27 13:24:59.331,1.36203,1.36214,1.50,1.50
2011.06.27 13:24:59.453,1.36193,1.36214,1.50,1.50
2011.06.27 13:24:59.571,1.36194,1.36215,1.50,1.50
2011.06.27 13:24:59.678,1.3619,1.36215,1.35,1.50
2011.06.27 13:25:00.228,1.36193,1.36216,1.13,2.25
2011.06.27 13:25:00.339,1.36192,1.36217,1.50,2.16
2011.06.27 13:25:00.449,1.36192,1.36221,1.50,2.10
2011.06.27 13:25:00.671,1.36192,1.36219,1.50,2.25
2011.06.27 13:25:01.667,1.36192,1.36217,1.50,1.50
2011.06.27 13:25:02.768,1.36192,1.36221,1.50,2.10
2011.06.27 13:25:02.987,1.36192,1.36221,1.50,2.10
2011.06.27 13:25:03.318,1.36192,1.36218,1.50,1.41
2011.06.27 13:25:03.869,1.36192,1.36216,1.50,1.41
2011.06.27 13:25:04.960,1.36197,1.3622,1.50,1.41
2011.06.27 13:25:05.181,1.36197,1.36226,1.35,2.16
2011.06.27 13:25:05.602,1.36203,1.36227,1.50,1.88
2011.06.27 13:25:05.937,1.36198,1.3622,1.50,1.50
2011.06.27 13:25:06.048,1.36198,1.36221,1.50,1.35
2011.06.27 13:25:06.378,1.36195,1.36221,1.50,2.10
2011.06.27 13:25:06.598,1.36195,1.36221,1.50,2.10
2011.06.27 13:25:06.817,1.36195,1.36217,1.50,1.50
2011.06.27 13:25:07.586,1.36191,1.36217,1.50,1.50
2011.06.27 13:25:08.659,1.36195,1.36221,1.35,1.50
2011.06.27 13:25:08.769,1.36196,1.36224,1.35,3.90
2011.06.27 13:25:09.180,1.362,1.36224,3.00,1.50
2011.06.27 13:25:09.951,1.36196,1.36217,1.35,1.41
2011.06.27 13:25:10.511,1.36194,1.36216,1.50,1.04
2011.06.27 13:25:10.741,1.36189,1.36216,1.50,2.10
2011.06.27 13:25:10.858,1.36189,1.36217,1.50,1.35
2011.06.27 13:25:11.408,1.36191,1.36216,3.75,1.50
2011.06.27 13:25:11.518,1.36191,1.36217,4.50,1.35
2011.06.27 13:25:11.739,1.3619,1.36217,3.75,2.10
2011.06.27 13:25:11.959,1.3619,1.36217,3.75,2.10
2011.06.27 13:25:12.286,1.36192,1.36217,1.35,1.50
2011.06.27 13:25:12.668,1.36192,1.36217,1.35,1.50
2011.06.27 13:25:13.084,1.36195,1.36217,3.75,2.16
2011.06.27 13:25:13.639,1.36195,1.36213,1.50,3.00
2011.06.27 13:25:13.863,1.36186,1.36215,3.75,3.75
2011.06.27 13:25:14.088,1.36185,1.36215,1.50,1.50
2011.06.27 13:25:14.308,1.36185,1.36217,4.50,2.16
2011.06.27 13:25:14.417,1.36191,1.36218,1.50,1.50
2011.06.27 13:25:14.747,1.36192,1.36218,1.35,2.16
2011.06.27 13:25:15.187,1.36192,1.36217,1.35,1.41
2011.06.27 13:25:15.516,1.36192,1.36217,1.35,1.41
2011.06.27 13:25:16.059,1.36185,1.36216,2.10,1.50
2011.06.27 13:25:16.619,1.36185,1.36213,2.10,1.50
2011.06.27 13:25:17.168,1.36185,1.36213,2.10,4.50
2011.06.27 13:25:17.388,1.36185,1.36211,4.35,1.50
2011.06.27 13:25:17.608,1.3619,1.36215,4.35,1.50
2011.06.27 13:25:18.156,1.3619,1.36215,4.35,1.50
2011.06.27 13:25:19.749,1.3619,1.36217,4.73,1.50
2011.06.27 13:25:20.258,1.3619,1.36217,4.13,1.50
2011.06.27 13:25:20.618,1.36192,1.36217,1.35,1.50
2011.06.27 13:25:20.839,1.36192,1.36217,1.35,1.50
2011.06.27 13:25:21.388,1.3619,1.36217,1.13,1.50
2011.06.27 13:25:21.497,1.36191,1.36217,3.75,1.50
2011.06.27 13:25:21.827,1.36191,1.36215,3.75,1.50
2011.06.27 13:25:22.490,1.36189,1.36211,2.63,1.35
2011.06.27 13:25:22.707,1.3619,1.36211,1.13,1.35
2011.06.27 13:25:23.040,1.36189,1.36211,1.13,1.35
2011.06.27 13:25:23.368,1.36189,1.36213,2.63,2.10
2011.06.27 13:25:23.808,1.36189,1.36215,1.13,1.50
2011.06.27 13:25:24.328,1.36189,1.36215,2.63,1.50
2011.06.27 13:25:24.768,1.3619,1.36215,1.13,1.50
2011.06.27 13:25:25.427,1.3619,1.36207,1.13,1.41
2011.06.27 13:25:26.006,1.3619,1.36207,1.13,1.41
2011.06.27 13:25:26.557,1.3619,1.36207,1.13,1.41
2011.06.27 13:25:27.107,1.3619,1.36207,1.13,1.41
2011.06.27 13:25:27.881,1.3619,1.36206,1.13,1.35
2011.06.27 13:25:28.002,1.3619,1.36206,1.13,2.01
2011.06.27 13:25:28.735,1.36189,1.36207,1.13,2.16
2011.06.27 13:25:28.842,1.36189,1.36206,1.13,1.41
2011.06.27 13:25:28.958,1.36189,1.36206,1.13,1.41
2011.06.27 13:25:29.069,1.36189,1.36216,1.13,2.91
2011.06.27 13:25:29.616,1.3619,1.36214,1.13,1.35
2011.06.27 13:25:31.938,1.36191,1.36217,1.50,2.16
2011.06.27 13:25:32.268,1.36191,1.36217,1.50,1.41
2011.06.27 13:25:32.379,1.3619,1.36217,3.75,2.16
2011.06.27 13:25:32.707,1.36193,1.36221,1.35,1.50
2011.06.27 13:25:32.818,1.36198,1.36223,2.25,1.50
2011.06.27 13:25:34.067,1.36198,1.36222,2.25,1.35
2011.06.27 13:25:34.507,1.36198,1.36221,2.25,2.25
2011.06.27 13:25:35.060,1.36198,1.36221,2.25,1.50
2011.06.27 13:25:35.168,1.36198,1.36222,2.25,2.10
2011.06.27 13:25:35.609,1.36202,1.36224,1.13,1.50
2011.06.27 13:25:35.938,1.36202,1.3622,1.13,1.50
2011.06.27 13:25:36.928,1.36202,1.3622,1.13,1.50
2011.06.27 13:25:37.590,1.36202,1.3622,1.13,1.50
2011.06.27 13:25:37.702,1.36202,1.36222,1.13,1.50
2011.06.27 13:25:38.048,1.362,1.36222,1.13,1.50
2011.06.27 13:25:39.648,1.36199,1.36222,1.13,1.50
2011.06.27 13:25:40.086,1.36199,1.3622,1.13,2.10
2011.06.27 13:25:40.416,1.36202,1.3622,1.13,2.10
2011.06.27 13:25:43.999,1.36199,1.36224,2.25,1.50
2011.06.27 13:25:44.548,1.36199,1.36226,2.25,1.50
2011.06.27 13:25:45.258,1.36199,1.36226,3.75,2.16
2011.06.27 13:25:45.480,1.36198,1.36226,4.50,1.41
2011.06.27 13:25:45.589,1.36202,1.36226,1.50,2.16
2011.06.27 13:25:45.809,1.36202,1.36226,1.50,1.50
2011.06.27 13:25:45.917,1.36202,1.36226,1.50,2.16
2011.06.27 13:25:46.248,1.36207,1.36226,4.88,1.41
2011.06.27 13:25:46.635,1.36214,1.36236,2.25,1.50
2011.06.27 13:25:46.753,1.36214,1.36237,2.25,1.13
2011.06.27 13:25:47.308,1.36213,1.36238,2.25,1.50
2011.06.27 13:25:47.857,1.36214,1.36236,2.25,2.16
2011.06.27 13:25:48.188,1.36214,1.36236,2.25,2.16
2011.06.27 13:25:48.517,1.36213,1.36237,2.25,2.16
2011.06.27 13:25:49.127,1.36213,1.36237,2.25,2.16
2011.06.27 13:25:49.677,1.36213,1.36234,2.25,1.50
2011.06.27 13:25:50.007,1.36213,1.36235,2.25,2.25
2011.06.27 13:25:50.448,1.36213,1.36233,2.25,2.10
2011.06.27 13:25:51.381,1.36214,1.36233,2.25,2.76
2011.06.27 13:25:51.610,1.36211,1.36233,1.13,1.35
2011.06.27 13:25:53.829,1.3621,1.36233,1.13,1.35
2011.06.27 13:25:54.378,1.36212,1.36234,3.75,1.50
2011.06.27 13:25:54.597,1.36208,1.36234,1.50,1.50
2011.06.27 13:25:54.932,1.36207,1.36236,3.00,2.10
2011.06.27 13:25:55.147,1.36208,1.36236,1.50,2.01
2011.06.27 13:25:56.347,1.36207,1.36234,2.63,1.50
2011.06.27 13:25:57.296,1.36208,1.36235,5.25,1.50
2011.06.27 13:25:57.926,1.36208,1.36236,5.25,2.10
2011.06.27 13:25:58.460,1.36208,1.36238,5.85,2.10
2011.06.27 13:25:59.049,1.36208,1.36238,5.10,3.60
2011.06.27 13:25:59.159,1.36208,1.36232,1.50,1.35
2011.06.27 13:25:59.425,1.36208,1.36232,4.50,3.75
2011.06.27 13:25:59.544,1.36208,1.36236,4.88,1.50
2011.06.27 13:25:59.658,1.36208,1.36237,4.13,1.50
2011.06.27 13:25:59.769,1.36211,1.36239,2.25,1.50
2011.06.27 13:25:59.987,1.36213,1.3624,1.50,1.50
2011.06.27 13:26:00.319,1.36213,1.36241,1.50,1.50
2011.06.27 13:26:00.866,1.36214,1.36242,1.50,2.25
2011.06.27 13:26:01.418,1.36214,1.36242,1.50,1.50
2011.06.27 13:26:01.750,1.36217,1.36244,3.75,1.50
2011.06.27 13:26:01.971,1.36217,1.36239,3.75,1.35
2011.06.27 13:26:02.528,1.36214,1.36239,3.75,1.35
2011.06.27 13:26:02.748,1.36214,1.3624,4.35,1.50
2011.06.27 13:26:02.971,1.36211,1.36237,2.25,2.91
2011.06.27 13:26:03.559,1.36212,1.36237,2.25,2.91
2011.06.27 13:26:04.108,1.36212,1.36236,1.50,2.16
2011.06.27 13:26:04.439,1.36211,1.36237,2.25,2.16
2011.06.27 13:26:05.059,1.36212,1.36237,1.88,5.91
2011.06.27 13:26:05.277,1.36211,1.36236,1.13,2.16
2011.06.27 13:26:05.560,1.36212,1.36236,1.13,1.41
2011.06.27 13:26:06.328,1.36212,1.36236,1.13,2.16
2011.06.27 13:26:06.878,1.36213,1.36233,1.13,1.50
2011.06.27 13:26:07.427,1.36213,1.36236,2.25,1.41
2011.06.27 13:26:07.538,1.36213,1.36236,2.25,1.41
2011.06.27 13:26:08.157,1.36214,1.36236,2.25,2.16
2011.06.27 13:26:08.819,1.36213,1.36236,2.63,1.41
2011.06.27 13:26:09.147,1.36213,1.36237,2.63,2.16
2011.06.27 13:26:09.586,1.36213,1.36236,2.63,1.41
2011.06.27 13:26:10.038,1.36213,1.36234,2.63,2.40
2011.06.27 13:26:10.368,1.36213,1.36234,1.88,2.40
2011.06.27 13:26:10.481,1.36213,1.36232,1.50,1.35
2011.06.27 13:26:10.698,1.36213,1.36232,1.50,1.35
2011.06.27 13:26:10.920,1.36213,1.36232,1.88,1.35
2011.06.27 13:26:11.139,1.36214,1.36232,1.50,2.10
2011.06.27 13:26:11.686,1.36214,1.36226,1.50,1.50
2011.06.27 13:26:13.212,1.36213,1.36227,1.50,2.16
2011.06.27 13:26:13.659,1.36214,1.36232,1.50,2.10
2011.06.27 13:26:13.989,1.36213,1.3623,1.88,1.35
2011.06.27 13:26:14.427,1.36201,1.36226,1.13,1.41
2011.06.27 13:26:15.067,1.36201,1.36226,1.13,1.41
2011.06.27 13:26:15.289,1.362,1.36226,1.50,1.50
2011.06.27 13:26:15.617,1.36204,1.36228,1.50,1.35
2011.06.27 13:26:15.948,1.36199,1.36222,1.50,2.10
2011.06.27 13:26:16.058,1.36195,1.36218,1.50,1.35
2011.06.27 13:26:16.167,1.36195,1.36218,1.50,1.35
2011.06.27 13:26:16.279,1.36196,1.36223,1.50,1.50
2011.06.27 13:26:16.608,1.36196,1.3622,1.50,1.50
2011.06.27 13:26:16.967,1.36196,1.3622,1.50,1.50
2011.06.27 13:26:17.298,1.36205,1.36231,3.75,1.41
2011.06.27 13:26:17.407,1.36205,1.36232,3.75,1.50
2011.06.27 13:26:17.519,1.36205,1.36232,3.75,1.50
2011.06.27 13:26:17.851,1.36214,1.36236,1.35,2.91
2011.06.27 13:26:17.971,1.36211,1.36236,1.13,2.91
2011.06.27 13:26:18.527,1.36208,1.3624,5.85,1.50
2011.06.27 13:26:19.582,1.36208,1.36237,5.85,1.50
2011.06.27 13:26:21.083,1.36212,1.36236,1.35,1.50
2011.06.27 13:26:21.311,1.36218,1.36242,3.00,1.35
2011.06.27 13:26:23.655,1.3622,1.36243,3.00,1.50
2011.06.27 13:26:24.253,1.36217,1.36245,4.50,2.25
2011.06.27 13:26:25.318,1.36217,1.36244,4.50,1.50
2011.06.27 13:26:25.857,1.36215,1.36244,1.35,1.13
2011.06.27 13:26:26.297,1.36222,1.36244,3.75,1.50
2011.06.27 13:26:26.626,1.36222,1.36247,3.75,2.10
2011.06.27 13:26:27.403,1.36222,1.36247,3.75,2.85
2011.06.27 13:26:27.739,1.36217,1.36243,3.75,1.50
2011.06.27 13:26:27.848,1.36217,1.36243,3.75,2.25
2011.06.27 13:26:28.406,1.36219,1.36243,3.75,1.50
2011.06.27 13:26:28.839,1.36224,1.36243,3.75,1.50
2011.06.27 13:26:29.057,1.36224,1.36247,3.75,1.50
2011.06.27 13:26:29.277,1.36224,1.36248,4.50,1.50
2011.06.27 13:26:29.718,1.36224,1.36247,3.75,1.50
2011.06.27 13:26:30.048,1.36231,1.36247,3.60,1.50
2011.06.27 13:26:30.161,1.36231,1.36252,3.00,1.50
2011.06.27 13:26:30.278,1.36228,1.36247,1.35,1.41
2011.06.27 13:26:30.770,1.36225,1.36246,1.50,1.41
2011.06.27 13:26:30.884,1.36221,1.36246,4.13,1.41
2011.06.27 13:26:31.216,1.36221,1.36247,4.13,2.91
2011.06.27 13:26:33.528,1.36219,1.36246,3.75,1.41
2011.06.27 13:26:34.079,1.36217,1.36244,1.50,1.50
2011.06.27 13:26:34.518,1.36213,1.36242,3.00,1.50
2011.06.27 13:26:34.630,1.36214,1.3624,3.00,2.25
2011.06.27 13:26:34.740,1.36214,1.36236,1.50,2.16
2011.06.27 13:26:35.180,1.36212,1.36235,1.35,1.50
2011.06.27 13:26:35.728,1.36212,1.36236,1.35,2.25
2011.06.27 13:26:36.178,1.36212,1.36236,1.35,1.50
2011.06.27 13:26:36.403,1.36216,1.36236,1.35,2.16
2011.06.27 13:26:36.957,1.36211,1.36236,2.10,1.41
2011.06.27 13:26:37.587,1.36211,1.36236,2.10,1.41
2011.06.27 13:26:38.458,1.36211,1.36237,2.10,2.16
2011.06.27 13:26:39.447,1.36211,1.36236,2.10,1.41
2011.06.27 13:26:40.009,1.3622,1.36237,3.00,2.16
2011.06.27 13:26:40.340,1.36226,1.36247,1.35,1.41
2011.06.27 13:26:40.559,1.36224,1.36245,2.25,1.13
2011.06.27 13:26:40.672,1.36224,1.36243,1.50,5.10
2011.06.27 13:26:40.790,1.36213,1.36242,5.10,4.50
2011.06.27 13:26:41.251,1.36214,1.36242,1.50,1.50
2011.06.27 13:26:41.697,1.36216,1.36243,1.50,2.10
2011.06.27 13:26:42.017,1.36216,1.36243,1.50,2.10
2011.06.27 13:26:42.566,1.36213,1.36241,2.10,1.50
2011.06.27 13:26:42.896,1.36213,1.3624,2.10,1.50
2011.06.27 13:26:43.810,1.36213,1.3624,2.10,1.50
2011.06.27 13:26:44.028,1.36213,1.36237,1.50,1.35
2011.06.27 13:26:44.357,1.36207,1.36236,1.35,4.41
2011.06.27 13:26:44.579,1.36207,1.36236,1.35,4.41
2011.06.27 13:26:45.018,1.36209,1.36237,2.25,2.91
2011.06.27 13:26:45.347,1.36212,1.36238,1.50,1.50
2011.06.27 13:26:45.568,1.36212,1.36238,1.50,2.25
2011.06.27 13:26:45.859,1.36212,1.36236,1.50,1.35
2011.06.27 13:26:46.648,1.36208,1.36236,1.50,2.85
2011.06.27 13:26:47.088,1.36209,1.36236,3.75,2.85
2011.06.27 13:26:47.417,1.36209,1.36236,3.75,2.10
2011.06.27 13:26:47.859,1.36209,1.36236,1.35,2.91
2011.06.27 13:26:48.738,1.36205,1.36233,1.50,1.50
2011.06.27 13:26:50.347,1.36206,1.36234,3.75,2.85
2011.06.27 13:26:50.459,1.36205,1.36233,1.50,1.50
2011.06.27 13:26:51.767,1.36205,1.36232,4.50,1.50
2011.06.27 13:26:53.918,1.3621,1.36237,3.75,2.91
2011.06.27 13:26:54.357,1.36213,1.36238,1.50,2.10
2011.06.27 13:26:55.208,1.3621,1.36237,3.75,1.41
2011.06.27 13:26:55.565,1.36216,1.36239,4.35,1.50
2011.06.27 13:26:55.684,1.36219,1.36244,3.75,1.50
2011.06.27 13:26:56.018,1.36219,1.36245,3.75,1.50
2011.06.27 13:26:56.128,1.36219,1.36245,3.75,2.25
2011.06.27 13:26:56.348,1.36218,1.36246,1.50,2.10
2011.06.27 13:26:56.788,1.36219,1.36239,3.75,5.25
2011.06.27 13:26:57.229,1.3622,1.36242,3.75,1.35
2011.06.27 13:26:57.449,1.36219,1.3624,3.75,1.50
2011.06.27 13:26:57.558,1.36219,1.36242,3.75,2.10
2011.06.27 13:26:57.668,1.36223,1.36242,3.75,1.35
2011.06.27 13:26:57.778,1.36218,1.36242,1.50,2.01
2011.06.27 13:26:57.887,1.36218,1.36242,1.50,1.35
2011.06.27 13:26:57.999,1.36218,1.36242,1.50,1.35
2011.06.27 13:26:58.687,1.36222,1.36245,1.50,1.50
2011.06.27 13:26:59.127,1.36222,1.36245,1.50,1.50
2011.06.27 13:26:59.491,1.36218,1.36242,1.35,1.50
2011.06.27 13:26:59.615,1.36217,1.36237,1.50,1.50
2011.06.27 13:26:59.732,1.36214,1.36237,1.88,1.50
2011.06.27 13:27:00.180,1.36214,1.36238,2.63,2.25
2011.06.27 13:27:00.508,1.36214,1.36237,1.13,1.50
2011.06.27 13:27:00.620,1.36216,1.36237,2.85,1.50
2011.06.27 13:27:00.843,1.36219,1.36244,1.35,1.50
2011.06.27 13:27:01.397,1.3622,1.36245,1.35,1.50
2011.06.27 13:27:01.947,1.3622,1.36246,1.35,1.50
2011.06.27 13:27:02.277,1.36221,1.36247,1.50,2.25
2011.06.27 13:27:03.717,1.36221,1.36247,4.50,1.50
2011.06.27 13:27:04.598,1.36222,1.36249,3.75,1.50
2011.06.27 13:27:04.818,1.36225,1.36251,1.73,1.50
2011.06.27 13:27:05.150,1.36225,1.36251,1.35,6.00
2011.06.27 13:27:05.480,1.36225,1.36246,1.73,1.41
2011.06.27 13:27:06.027,1.36224,1.36244,2.25,1.50
2011.06.27 13:27:06.467,1.36224,1.36244,1.50,1.50
2011.06.27 13:27:07.018,1.36224,1.36244,2.25,1.50
2011.06.27 13:27:07.459,1.36223,1.36244,2.25,2.10
2011.06.27 13:27:08.188,1.36224,1.36244,1.50,2.10
2011.06.27 13:27:08.516,1.36223,1.36244,1.50,2.10
2011.06.27 13:27:09.630,1.36224,1.36244,1.50,2.10
2011.06.27 13:27:09.850,1.36224,1.36244,2.25,1.50
2011.06.27 13:27:10.638,1.36224,1.36244,1.50,1.50
2011.06.27 13:27:11.952,1.36224,1.36246,2.25,2.16
2011.06.27 13:27:12.509,1.36221,1.36246,1.88,2.16
2011.06.27 13:27:12.949,1.36222,1.36246,1.35,1.50
2011.06.27 13:27:13.840,1.36224,1.36246,1.50,1.41
2011.06.27 13:27:14.388,1.36224,1.36246,1.50,1.41
2011.06.27 13:27:15.629,1.36227,1.36246,3.75,1.41
2011.06.27 13:27:15.847,1.36228,1.36254,1.50,1.50
2011.06.27 13:27:15.965,1.36228,1.36255,1.50,1.50
2011.06.27 13:27:16.830,1.36228,1.36255,1.88,1.50
2011.06.27 13:27:19.008,1.36228,1.36255,1.88,1.50
2011.06.27 13:27:19.558,1.36228,1.36255,1.88,1.50
2011.06.27 13:27:20.147,1.36226,1.3625,1.13,1.50
2011.06.27 13:27:25.437,1.36228,1.36246,1.13,1.41
2011.06.27 13:27:25.876,1.36227,1.36246,1.13,1.41
2011.06.27 13:27:26.417,1.36225,1.36246,2.63,1.41
2011.06.27 13:27:27.609,1.36225,1.36246,1.13,1.41
2011.06.27 13:27:28.048,1.36224,1.36246,1.13,1.41
2011.06.27 13:27:28.596,1.36225,1.36247,1.13,2.16
2011.06.27 13:27:29.537,1.36223,1.36246,1.88,1.41
2011.06.27 13:27:32.438,1.36224,1.36246,1.88,2.76
2011.06.27 13:27:33.156,1.36222,1.36246,1.13,2.10
2011.06.27 13:27:33.838,1.36221,1.36246,3.38,2.01
2011.06.27 13:27:34.057,1.36222,1.36246,1.13,2.01
2011.06.27 13:27:35.257,1.36216,1.36243,2.85,1.50
2011.06.27 13:27:36.045,1.36216,1.36243,2.48,1.50
2011.06.27 13:27:37.177,1.36216,1.36243,2.48,1.50
2011.06.27 13:27:37.508,1.36216,1.36239,3.38,1.50
2011.06.27 13:27:37.837,1.36216,1.36239,4.13,1.50
2011.06.27 13:27:37.947,1.36216,1.36239,1.13,1.41
2011.06.27 13:27:38.167,1.36217,1.3624,1.13,1.50
2011.06.27 13:27:38.497,1.36218,1.36243,1.35,1.50
2011.06.27 13:27:38.937,1.36218,1.36243,1.35,1.50
2011.06.27 13:27:39.776,1.36218,1.36243,1.35,1.50
2011.06.27 13:27:39.996,1.36218,1.36243,1.35,1.50
2011.06.27 13:27:41.759,1.36215,1.36238,1.13,1.50
2011.06.27 13:27:42.090,1.36214,1.36234,1.88,3.75
2011.06.27 13:27:42.198,1.36214,1.36234,1.50,3.75
2011.06.27 13:27:42.638,1.36203,1.36231,2.48,1.50
2011.06.27 13:27:43.186,1.36203,1.36231,2.48,1.50
2011.06.27 13:27:44.748,1.36203,1.36231,1.73,1.50
2011.06.27 13:27:45.699,1.36204,1.36231,1.13,1.50
2011.06.27 13:27:46.477,1.36203,1.36231,2.10,1.50
2011.06.27 13:27:47.028,1.36203,1.36231,2.10,1.50
2011.06.27 13:27:47.648,1.36203,1.36232,2.10,1.50
2011.06.27 13:27:48.238,1.36203,1.36231,2.48,1.50
2011.06.27 13:27:48.827,1.36203,1.36231,2.48,1.50
2011.06.27 13:27:49.179,1.36206,1.36232,3.75,1.50
2011.06.27 13:27:49.507,1.36203,1.36231,5.48,1.50
2011.06.27 13:27:49.728,1.36205,1.36231,3.75,1.50
2011.06.27 13:27:50.597,1.36205,1.36231,3.75,1.50
2011.06.27 13:27:52.469,1.36209,1.36231,3.00,1.50
2011.06.27 13:27:52.579,1.36209,1.36236,4.50,1.50
2011.06.27 13:27:52.797,1.36211,1.36236,3.75,2.16
2011.06.27 13:27:55.567,1.36211,1.36236,3.75,1.41
2011.06.27 13:28:02.238,1.36211,1.36236,1.13,1.41
2011.06.27 13:28:02.567,1.3621,1.36236,1.13,2.16
2011.06.27 13:28:03.237,1.3621,1.36236,1.13,1.50
2011.06.27 13:28:03.779,1.3621,1.36236,1.13,2.16
2011.06.27 13:28:04.488,1.36209,1.36232,2.63,1.35
2011.06.27 13:28:05.197,1.36207,1.36226,1.13,1.41
2011.06.27 13:28:05.316,1.36205,1.36226,3.75,1.41
2011.06.27 13:28:05.540,1.36203,1.36227,1.50,1.41
2011.06.27 13:28:05.978,1.36203,1.3623,1.50,1.50
2011.06.27 13:28:07.397,1.36202,1.3623,1.50,1.50
2011.06.27 13:28:09.142,1.36206,1.3623,3.00,1.50
2011.06.27 13:28:09.590,1.36207,1.36233,1.50,1.50
2011.06.27 13:28:11.021,1.36207,1.36233,1.50,1.50
2011.06.27 13:28:11.251,1.36211,1.36236,3.75,2.10
2011.06.27 13:28:11.703,1.36213,1.36236,1.50,1.35
2011.06.27 13:28:12.370,1.36212,1.36236,2.10,2.16
2011.06.27 13:28:12.478,1.36212,1.36237,1.35,2.16
2011.06.27 13:28:12.698,1.36211,1.36237,4.50,1.50
2011.06.27 13:28:13.368,1.36212,1.36238,1.50,1.35
2011.06.27 13:28:13.698,1.36211,1.36238,3.75,3.00
2011.06.27 13:28:13.809,1.36211,1.36238,3.75,3.00
2011.06.27 13:28:13.917,1.36211,1.36229,3.75,1.50
2011.06.27 13:28:14.137,1.3621,1.36227,3.00,1.41
2011.06.27 13:28:14.471,1.36207,1.36227,1.50,2.16
2011.06.27 13:28:14.811,1.36204,1.36226,1.50,2.01
2011.06.27 13:28:15.148,1.36202,1.36226,1.50,2.10
2011.06.27 13:28:15.479,1.36204,1.36226,1.50,1.41
2011.06.27 13:28:16.027,1.36202,1.36225,1.50,1.35
2011.06.27 13:28:17.587,1.36202,1.36225,1.50,1.35
2011.06.27 13:28:18.028,1.36203,1.36225,3.75,1.35
2011.06.27 13:28:18.137,1.36204,1.36225,1.50,1.35
2011.06.27 13:28:18.577,1.36204,1.36225,1.50,1.35
2011.06.27 13:28:18.909,1.36203,1.36219,3.75,1.41
2011.06.27 13:28:19.019,1.362,1.36217,4.50,1.41
2011.06.27 13:28:19.237,1.362,1.36224,1.88,2.40
2011.06.27 13:28:19.759,1.36199,1.36225,1.50,1.35
2011.06.27 13:28:20.307,1.362,1.36225,1.50,1.35
2011.06.27 13:28:20.858,1.36199,1.36225,1.50,1.35
2011.06.27 13:28:21.413,1.36196,1.36222,1.50,2.25
2011.06.27 13:28:21.748,1.36196,1.36223,1.50,1.50
2011.06.27 13:28:22.298,1.362,1.36227,1.50,2.91
2011.06.27 13:28:22.628,1.362,1.36226,1.50,2.16
2011.06.27 13:28:22.739,1.362,1.36226,1.50,1.50
2011.06.27 13:28:23.497,1.36199,1.36226,1.50,2.16
2011.06.27 13:28:23.938,1.36199,1.36225,1.50,2.40
2011.06.27 13:28:24.228,1.36195,1.36225,4.50,1.50
2011.06.27 13:28:25.578,1.36198,1.36225,1.50,1.50
2011.06.27 13:28:26.376,1.36196,1.36221,1.50,1.35
2011.06.27 13:28:26.928,1.36198,1.36221,1.50,1.35
2011.06.27 13:28:27.039,1.36195,1.36221,1.50,1.35
2011.06.27 13:28:27.258,1.36191,1.36218,2.10,1.50
2011.06.27 13:28:27.476,1.36191,1.36218,2.10,1.50
2011.06.27 13:28:28.029,1.36194,1.36218,1.50,1.50
2011.06.27 13:28:28.139,1.36199,1.36222,3.60,1.50
2011.06.27 13:28:28.470,1.36212,1.36233,3.00,1.50
2011.06.27 13:28:28.579,1.3621,1.36227,1.35,1.50
2011.06.27 13:28:28.939,1.3621,1.36236,2.10,1.50
2011.06.27 13:28:29.767,1.3621,1.36236,1.50,2.76
2011.06.27 13:28:32.077,1.36209,1.36235,1.50,1.50
2011.06.27 13:28:32.537,1.36209,1.36235,1.50,1.50
2011.06.27 13:28:33.219,1.36206,1.36232,1.50,1.50
2011.06.27 13:28:33.659,1.36201,1.36232,4.50,1.50
2011.06.27 13:28:33.990,1.36202,1.3623,1.50,1.50
2011.06.27 13:28:34.339,1.36206,1.36233,1.50,1.50
2011.06.27 13:28:34.670,1.36206,1.36233,1.50,1.50
2011.06.27 13:28:34.998,1.36202,1.36227,4.88,2.16
2011.06.27 13:28:35.698,1.36204,1.36228,3.00,1.50
2011.06.27 13:28:36.138,1.36204,1.36228,4.50,1.50
2011.06.27 13:28:36.248,1.36207,1.36228,1.35,1.50
2011.06.27 13:28:36.817,1.36209,1.36233,1.35,1.13
2011.06.27 13:28:37.038,1.36209,1.36234,1.35,1.50
2011.06.27 13:28:37.607,1.36208,1.36234,1.35,1.50
2011.06.27 13:28:37.827,1.36208,1.36234,1.35,1.50
2011.06.27 13:28:38.287,1.36207,1.36234,1.35,1.50
2011.06.27 13:28:38.899,1.36207,1.36234,2.10,1.50
2011.06.27 13:28:39.255,1.36207,1.36234,1.35,1.50
2011.06.27 13:28:39.701,1.36207,1.36234,2.10,1.50
2011.06.27 13:28:41.042,1.36206,1.36227,1.50,2.16
2011.06.27 13:28:41.379,1.36203,1.36226,1.50,2.16
2011.06.27 13:28:41.597,1.362,1.36225,3.75,1.50
2011.06.27 13:28:42.147,1.362,1.36225,3.75,1.50
2011.06.27 13:28:43.106,1.362,1.36225,3.75,1.50
2011.06.27 13:28:44.027,1.36203,1.36226,1.35,1.41
2011.06.27 13:28:46.768,1.36202,1.36227,1.50,2.16
2011.06.27 13:28:46.877,1.36202,1.36226,1.50,1.50
2011.06.27 13:28:47.426,1.36202,1.36227,1.50,2.16
2011.06.27 13:28:49.078,1.36203,1.36226,1.35,2.16
2011.06.27 13:28:49.629,1.36206,1.36227,1.35,2.16
2011.06.27 13:28:49.849,1.36208,1.36226,1.35,1.41
2011.06.27 13:28:50.467,1.3621,1.36234,1.35,1.50
2011.06.27 13:28:50.757,1.36208,1.36234,1.35,1.50
2011.06.27 13:28:51.977,1.36208,1.36234,2.10,1.50
2011.06.27 13:28:52.769,1.36208,1.36234,1.50,1.50
2011.06.27 13:28:55.087,1.36208,1.36234,1.50,1.50
2011.06.27 13:28:55.646,1.36208,1.36234,1.50,1.50
2011.06.27 13:28:56.757,1.36208,1.36234,1.50,1.50
2011.06.27 13:28:57.307,1.36208,1.36234,1.50,1.50
2011.06.27 13:28:57.747,1.36208,1.36234,1.50,1.50
2011.06.27 13:28:58.357,1.36208,1.36234,1.50,1.50
2011.06.27 13:28:58.467,1.36208,1.36234,1.50,1.50
2011.06.27 13:28:59.357,1.36208,1.36234,1.50,1.50
2011.06.27 13:28:59.689,1.36204,1.36232,1.50,3.75
2011.06.27 13:28:59.908,1.36204,1.36224,1.50,1.50
2011.06.27 13:29:00.349,1.36192,1.3622,1.88,1.35
2011.06.27 13:29:00.897,1.36191,1.36216,4.13,2.16
2011.06.27 13:29:01.447,1.36192,1.36216,1.13,2.25
2011.06.27 13:29:01.998,1.36191,1.36216,3.00,2.91
2011.06.27 13:29:02.547,1.36191,1.36216,3.75,2.91
2011.06.27 13:29:02.658,1.36191,1.36216,3.75,2.16
2011.06.27 13:29:03.537,1.36192,1.36216,3.00,2.25
2011.06.27 13:29:04.346,1.36192,1.36216,3.75,2.16
2011.06.27 13:29:04.463,1.36201,1.36216,3.00,2.16
2011.06.27 13:29:04.871,1.36201,1.36226,1.13,2.25
2011.06.27 13:29:05.538,1.36201,1.36226,1.13,1.50
2011.06.27 13:29:06.089,1.36201,1.36226,1.13,1.50
2011.06.27 13:29:06.426,1.36201,1.36226,1.13,1.50
2011.06.27 13:29:06.758,1.36199,1.36219,2.25,1.50
2011.06.27 13:29:07.124,1.36198,1.36223,2.25,1.50
2011.06.27 13:29:07.678,1.36201,1.36222,1.13,1.50
2011.06.27 13:29:07.897,1.36201,1.36223,1.13,1.50
2011.06.27 13:29:08.322,1.36201,1.36223,1.13,1.50
2011.06.27 13:29:08.768,1.36201,1.36222,1.13,1.50
2011.06.27 13:29:10.207,1.36198,1.36222,5.25,1.50
2011.06.27 13:29:10.538,1.36199,1.36222,2.25,1.50
2011.06.27 13:29:10.872,1.36198,1.36219,2.25,1.50
2011.06.27 13:29:11.098,1.3619,1.36215,1.88,1.35
2011.06.27 13:29:11.210,1.36191,1.36216,1.35,1.41
2011.06.27 13:29:11.318,1.36191,1.36216,1.35,1.41
2011.06.27 13:29:11.650,1.36192,1.36216,3.38,1.50
2011.06.27 13:29:11.760,1.36194,1.36217,1.13,2.16
2011.06.27 13:29:11.873,1.362,1.36217,3.75,2.16
2011.06.27 13:29:12.336,1.362,1.36217,4.50,1.41
2011.06.27 13:29:12.453,1.36202,1.36226,1.13,1.50
2011.06.27 13:29:13.011,1.36204,1.36231,1.50,1.50
2011.06.27 13:29:13.118,1.36204,1.36231,1.50,1.50
2011.06.27 13:29:13.560,1.36204,1.3623,1.50,1.88
2011.06.27 13:29:14.110,1.36203,1.36226,1.50,1.50
2011.06.27 13:29:14.657,1.36202,1.36226,1.50,2.16
2011.06.27 13:29:14.768,1.362,1.36227,1.50,2.91
2011.06.27 13:29:15.099,1.362,1.36227,1.50,2.91
2011.06.27 13:29:15.429,1.36201,1.36226,1.50,2.16
2011.06.27 13:29:15.978,1.36202,1.36227,3.00,1.50
2011.06.27 13:29:16.530,1.36201,1.36227,4.13,1.50
2011.06.27 13:29:17.079,1.36203,1.36227,1.35,1.50
2011.06.27 13:29:17.629,1.36203,1.36233,3.75,1.50
2011.06.27 13:29:18.177,1.36203,1.36233,4.50,1.50
2011.06.27 13:29:18.948,1.36202,1.36232,1.88,3.75
2011.06.27 13:29:19.170,1.36205,1.3623,1.50,3.75
2011.06.27 13:29:19.388,1.36201,1.36228,1.50,1.50
2011.06.27 13:29:19.721,1.36201,1.36228,1.50,1.50
2011.06.27 13:29:20.278,1.36202,1.36229,1.50,2.10
2011.06.27 13:29:21.048,1.36203,1.36229,1.35,1.50
2011.06.27 13:29:21.398,1.36203,1.36229,2.10,1.50
2011.06.27 13:29:21.978,1.36203,1.36229,1.50,1.50
2011.06.27 13:29:22.416,1.36203,1.36229,1.50,1.50
2011.06.27 13:29:22.527,1.36203,1.36229,1.50,1.50
2011.06.27 13:29:22.967,1.36203,1.36229,1.50,1.50
2011.06.27 13:29:23.317,1.36203,1.36229,1.50,1.50
2011.06.27 13:29:23.537,1.36204,1.36229,4.13,1.50
2011.06.27 13:29:23.867,1.36204,1.36229,4.88,1.50
2011.06.27 13:29:24.461,1.36204,1.36229,6.23,1.50
2011.06.27 13:29:25.786,1.36208,1.36234,1.50,2.10
2011.06.27 13:29:26.338,1.36208,1.3623,1.50,1.35
2011.06.27 13:29:26.708,1.36208,1.36229,1.50,1.35
2011.06.27 13:29:27.258,1.36206,1.36229,1.50,1.35
2011.06.27 13:29:27.659,1.36209,1.36234,1.35,1.50
2011.06.27 13:29:27.877,1.36206,1.36233,1.50,1.35
2011.06.27 13:29:28.098,1.36206,1.36233,1.50,1.35
2011.06.27 13:29:28.646,1.36206,1.36233,1.50,1.35
2011.06.27 13:29:29.208,1.36206,1.36227,1.50,1.35
2011.06.27 13:29:29.599,1.36201,1.36224,4.50,1.35
2011.06.27 13:29:29.818,1.36201,1.36229,1.50,1.50
2011.06.27 13:29:30.148,1.36201,1.36229,1.50,1.50
2011.06.27 13:29:30.481,1.36216,1.36229,3.60,1.50
2011.06.27 13:29:30.820,1.36221,1.36235,4.50,1.65
2011.06.27 13:29:31.368,1.36219,1.36238,4.50,1.41
2011.06.27 13:29:31.589,1.36221,1.36242,4.50,1.41
2011.06.27 13:29:31.699,1.36223,1.36248,2.85,3.15
2011.06.27 13:29:31.808,1.36227,1.36248,1.35,1.50
2011.06.27 13:29:32.358,1.36227,1.36255,1.50,1.50
2011.06.27 13:29:33.487,1.36227,1.36255,1.50,1.50
2011.06.27 13:29:34.659,1.36227,1.36247,1.50,1.50
2011.06.27 13:29:34.990,1.36221,1.36239,1.50,1.35
2011.06.27 13:29:35.101,1.36219,1.36242,1.35,3.75
2011.06.27 13:29:35.430,1.36219,1.36243,1.35,1.50
2011.06.27 13:29:36.088,1.36219,1.36243,1.35,1.50
2011.06.27 13:29:36.637,1.3622,1.36245,3.75,1.50
2011.06.27 13:29:37.188,1.36219,1.36245,2.10,1.50
2011.06.27 13:29:37.697,1.36225,1.36247,1.50,1.50
2011.06.27 13:29:38.029,1.36225,1.3625,1.50,1.41
2011.06.27 13:29:38.156,1.36225,1.36249,6.00,1.41
2011.06.27 13:29:38.598,1.36227,1.36254,1.50,3.75
2011.06.27 13:29:38.819,1.36226,1.36246,1.50,1.50
2011.06.27 13:29:39.148,1.36226,1.36247,1.50,2.16
2011.06.27 13:29:40.267,1.36226,1.36247,1.50,2.16
2011.06.27 13:29:41.328,1.36226,1.36246,1.50,1.50
2011.06.27 13:29:41.658,1.36226,1.36247,1.50,1.41
2011.06.27 13:29:42.179,1.36222,1.36246,1.50,2.16
2011.06.27 13:29:42.292,1.36222,1.36246,1.50,1.50
2011.06.27 13:29:42.627,1.36222,1.36246,1.50,1.50
2011.06.27 13:29:43.177,1.36221,1.36246,1.50,1.50
2011.06.27 13:29:43.508,1.36221,1.36246,1.50,1.50
2011.06.27 13:29:44.279,1.36221,1.36246,1.50,1.50
2011.06.27 13:29:44.721,1.36214,1.36238,1.88,1.41
2011.06.27 13:29:45.277,1.36213,1.36238,2.25,3.00
2011.06.27 13:29:45.827,1.3621,1.36236,1.50,1.50
2011.06.27 13:29:45.937,1.3621,1.36236,1.50,1.50
2011.06.27 13:29:46.448,1.36211,1.36236,3.75,1.50
2011.06.27 13:29:46.889,1.3622,1.36236,3.75,1.41
2011.06.27 13:29:47.002,1.36222,1.36243,3.00,1.50
2011.06.27 13:29:47.338,1.3622,1.36247,1.50,5.76
2011.06.27 13:29:47.668,1.36219,1.36239,1.50,1.35
2011.06.27 13:29:48.107,1.36219,1.36237,1.50,1.41
2011.06.27 13:29:48.657,1.36215,1.36236,1.50,1.50
2011.06.27 13:29:50.199,1.36217,1.36237,1.50,2.16
2011.06.27 13:29:50.608,1.36217,1.36236,1.50,1.41
2011.06.27 13:29:50.937,1.36217,1.36243,1.50,1.50
2011.06.27 13:29:51.049,1.36217,1.36245,1.50,1.50
2011.06.27 13:29:51.158,1.36217,1.36241,1.50,1.41
2011.06.27 13:29:51.380,1.36217,1.36237,1.50,1.41
2011.06.27 13:29:51.707,1.36217,1.36245,1.50,1.50
2011.06.27 13:29:52.328,1.36217,1.36245,1.50,7.88
2011.06.27 13:29:52.438,1.36216,1.36234,1.50,1.35
2011.06.27 13:29:54.597,1.36214,1.36234,1.50,1.35
2011.06.27 13:29:55.991,1.36214,1.36236,2.10,1.50
2011.06.27 13:29:56.668,1.36216,1.36237,1.50,2.16
2011.06.27 13:29:56.783,1.36213,1.36236,1.50,1.50
2011.06.27 13:29:59.116,1.36213,1.36236,1.50,1.50
2011.06.27 13:29:59.836,1.36212,1.36236,1.50,2.16
2011.06.27 13:30:00.388,1.36213,1.36236,1.50,1.50
2011.06.27 13:30:00.499,1.36213,1.36233,1.50,2.10
2011.06.27 13:30:00.719,1.36209,1.36236,1.50,2.16
2011.06.27 13:30:00.941,1.36208,1.36236,1.50,1.50
2011.06.27 13:30:01.353,1.36214,1.36236,1.50,1.41
2011.06.27 13:30:01.910,1.36214,1.36237,1.50,2.16
2011.06.27 13:30:02.350,1.3621,1.36237,1.50,1.41
2011.06.27 13:30:02.900,1.36217,1.36246,1.50,4.26
2011.06.27 13:30:03.009,1.36217,1.36237,1.50,1.41
2011.06.27 13:30:03.119,1.36217,1.36237,1.50,1.41
2011.06.27 13:30:03.563,1.36226,1.36246,3.00,1.41
2011.06.27 13:30:03.680,1.36223,1.36247,1.13,1.50
2011.06.27 13:30:03.790,1.36228,1.36251,3.00,1.50
2011.06.27 13:30:03.897,1.36226,1.36251,3.00,1.50
2011.06.27 13:30:04.120,1.36226,1.36251,3.75,1.50
2011.06.27 13:30:04.388,1.36223,1.36246,2.25,1.50
2011.06.27 13:30:04.730,1.36223,1.36246,1.50,1.50
2011.06.27 13:30:04.950,1.36226,1.36246,3.75,2.16
2011.06.27 13:30:05.171,1.3622,1.36244,1.50,1.35
2011.06.27 13:30:05.390,1.36218,1.36244,4.50,1.35
2011.06.27 13:30:05.720,1.36219,1.36244,1.50,1.50
2011.06.27 13:30:06.052,1.36224,1.36244,1.50,1.50
2011.06.27 13:30:06.169,1.36224,1.36244,1.50,1.50
2011.06.27 13:30:06.279,1.36218,1.36244,1.35,1.50
2011.06.27 13:30:06.499,1.36218,1.36244,1.35,1.50
2011.06.27 13:30:07.261,1.36217,1.36244,1.50,1.50
2011.06.27 13:30:07.589,1.36216,1.36242,1.50,1.50
2011.06.27 13:30:08.789,1.36217,1.36242,3.75,1.50
2011.06.27 13:30:09.008,1.36216,1.36242,1.35,1.50
2011.06.27 13:30:09.557,1.36216,1.36242,1.35,1.50
2011.06.27 13:30:09.669,1.36216,1.36242,1.35,1.50
2011.06.27 13:30:09.776,1.36216,1.36242,1.35,1.50
2011.06.27 13:30:10.217,1.36216,1.36242,1.35,1.50
2011.06.27 13:30:10.768,1.36216,1.36242,2.48,1.50
2011.06.27 13:30:10.878,1.36216,1.36245,2.48,1.50
2011.06.27 13:30:11.443,1.36219,1.36245,4.50,1.50
2011.06.27 13:30:13.609,1.36223,1.36245,1.35,1.50
2011.06.27 13:30:13.831,1.36223,1.36247,1.35,2.16
2011.06.27 13:30:14.387,1.36224,1.36256,1.88,5.25
2011.06.27 13:30:14.608,1.36226,1.36252,4.50,1.50
2011.06.27 13:30:14.829,1.36227,1.36252,4.35,1.50
2011.06.27 13:30:14.938,1.36227,1.36255,4.35,1.50
2011.06.27 13:30:15.652,1.36227,1.36255,3.75,1.50
2011.06.27 13:30:15.999,1.36229,1.36255,1.35,1.50
2011.06.27 13:30:16.887,1.3623,1.36256,1.35,2.25
2011.06.27 13:30:17.499,1.36229,1.36256,1.50,2.91
2011.06.27 13:30:17.827,1.36226,1.36256,5.10,2.25
2011.06.27 13:30:19.741,1.36224,1.36251,1.50,1.73
2011.06.27 13:30:20.179,1.36222,1.3625,1.50,1.50
2011.06.27 13:30:20.398,1.36222,1.3625,2.10,1.50
2011.06.27 13:30:21.158,1.36222,1.3625,1.50,1.50
2011.06.27 13:30:22.429,1.3622,1.36246,1.50,1.35
2011.06.27 13:30:22.758,1.3622,1.3625,1.35,1.50
2011.06.27 13:30:22.868,1.3622,1.3625,1.35,1.50
2011.06.27 13:30:23.488,1.36222,1.3625,4.50,1.50
2011.06.27 13:30:23.820,1.36234,1.36257,1.50,1.50
2011.06.27 13:30:24.258,1.3623,1.3626,4.13,1.50
2011.06.27 13:30:24.808,1.36231,1.3626,1.50,1.50
2011.06.27 13:30:25.455,1.36231,1.3626,1.50,1.50
2011.06.27 13:30:26.009,1.3623,1.3626,3.75,1.50
2011.06.27 13:30:26.890,1.36232,1.3626,3.75,1.50
2011.06.27 13:30:27.436,1.36235,1.3626,3.00,1.50
2011.06.27 13:30:27.546,1.36235,1.3626,3.00,1.50
2011.06.27 13:30:28.039,1.36235,1.3626,3.00,1.50
2011.06.27 13:30:28.259,1.36235,1.3626,3.00,1.50
2011.06.27 13:30:28.588,1.36237,1.36263,3.00,1.50
2011.06.27 13:30:28.919,1.36237,1.3626,3.00,1.50
2011.06.27 13:30:29.029,1.3623,1.36259,1.50,3.75
2011.06.27 13:30:29.137,1.36227,1.36259,1.50,3.75
2011.06.27 13:30:29.357,1.36227,1.36254,1.50,1.50
2011.06.27 13:30:29.468,1.36222,1.36254,1.50,1.50
2011.06.27 13:30:33.930,1.36228,1.36253,3.00,1.50
2011.06.27 13:30:34.147,1.36228,1.36256,3.75,1.50
2011.06.27 13:30:34.693,1.36225,1.36253,1.50,1.35
2011.06.27 13:30:35.028,1.36225,1.36246,1.50,2.16
2011.06.27 13:30:36.607,1.36225,1.36252,2.25,1.50
2011.06.27 13:30:36.829,1.36228,1.36256,3.75,2.91
2011.06.27 13:30:37.049,1.36231,1.36256,3.00,2.16
2011.06.27 13:30:37.267,1.36231,1.36256,3.75,1.41
2011.06.27 13:30:37.599,1.36233,1.36256,1.35,1.50
2011.06.27 13:30:37.928,1.36235,1.36257,1.35,2.16
2011.06.27 13:30:38.555,1.36235,1.36264,2.10,1.88
2011.06.27 13:30:38.997,1.36233,1.36261,2.25,1.35
2011.06.27 13:30:39.587,1.36234,1.36263,1.50,1.13
2011.06.27 13:30:40.757,1.36234,1.36263,1.50,1.13
2011.06.27 13:30:41.088,1.36234,1.36263,1.50,1.13
2011.06.27 13:30:41.308,1.36234,1.36263,1.50,1.13
2011.06.27 13:30:41.858,1.36234,1.36264,1.50,1.88
2011.06.27 13:30:42.851,1.3624,1.36264,3.00,1.88
2011.06.27 13:30:42.959,1.3624,1.36264,3.75,1.50
2011.06.27 13:30:43.179,1.3624,1.36266,4.50,2.16
2011.06.27 13:30:43.706,1.36244,1.36269,1.50,1.50
2011.06.27 13:30:44.259,1.36243,1.36269,1.50,1.50
2011.06.27 13:30:44.588,1.36243,1.36269,1.50,1.50
2011.06.27 13:30:45.147,1.36242,1.36266,3.00,1.41
2011.06.27 13:30:45.367,1.36242,1.36267,3.00,2.16
2011.06.27 13:30:46.228,1.36242,1.36267,3.00,2.16
2011.06.27 13:30:46.888,1.36242,1.36266,3.00,1.41
2011.06.27 13:30:47.578,1.36242,1.36267,3.00,2.16
2011.06.27 13:30:48.128,1.36245,1.36267,3.00,2.16
2011.06.27 13:30:48.519,1.36245,1.36266,3.00,1.41
2011.06.27 13:30:48.629,1.36243,1.36267,3.75,1.50
2011.06.27 13:30:48.739,1.36243,1.36267,3.75,1.50
2011.06.27 13:30:48.853,1.36238,1.36263,1.50,1.35
2011.06.27 13:30:49.081,1.36238,1.36263,1.50,1.35
2011.06.27 13:30:49.410,1.36237,1.36263,1.13,1.35
2011.06.27 13:30:50.327,1.36234,1.36263,2.25,1.35
2011.06.27 13:30:51.093,1.36234,1.36262,1.50,1.50
2011.06.27 13:30:51.649,1.36236,1.36259,3.75,1.41
2011.06.27 13:30:52.097,1.36237,1.36257,1.13,1.41
2011.06.27 13:30:52.650,1.36237,1.36264,1.13,1.50
2011.06.27 13:30:52.979,1.36238,1.36262,1.50,1.35
2011.06.27 13:30:53.199,1.36238,1.36264,1.50,1.50
2011.06.27 13:30:53.751,1.36237,1.36262,2.10,1.13
2011.06.27 13:30:54.079,1.36233,1.3626,3.00,1.50
2011.06.27 13:30:54.187,1.36233,1.3626,2.25,1.50
2011.06.27 13:30:54.408,1.3623,1.36259,3.75,1.50
2011.06.27 13:30:54.740,1.3623,1.36254,3.75,1.50
2011.06.27 13:30:54.848,1.3623,1.36254,3.75,1.50
2011.06.27 13:30:56.209,1.36229,1.36258,3.75,1.50
2011.06.27 13:30:56.759,1.36229,1.36257,4.50,1.50
2011.06.27 13:30:57.309,1.36228,1.36258,3.75,1.50
2011.06.27 13:30:57.968,1.36228,1.36258,4.50,1.50
2011.06.27 13:30:58.519,1.36224,1.36255,3.00,1.50
2011.06.27 13:30:58.852,1.36224,1.36252,3.75,1.50
2011.06.27 13:30:59.080,1.36221,1.36251,4.50,1.50
2011.06.27 13:30:59.299,1.36219,1.36251,3.75,1.50
2011.06.27 13:30:59.850,1.36221,1.36251,1.50,6.00
2011.06.27 13:31:00.255,1.36216,1.36245,1.50,1.50
2011.06.27 13:31:00.374,1.36217,1.36245,1.13,1.50
2011.06.27 13:31:00.713,1.36219,1.36247,1.88,3.75
2011.06.27 13:31:00.941,1.36217,1.36249,4.50,1.50
2011.06.27 13:31:01.161,1.36218,1.36249,2.40,1.50
2011.06.27 13:31:01.393,1.3622,1.36249,4.50,1.50
2011.06.27 13:31:01.620,1.36223,1.36252,3.00,2.40
2011.06.27 13:31:02.178,1.36223,1.3625,3.00,1.50
2011.06.27 13:31:02.399,1.36223,1.3625,3.00,1.50
2011.06.27 13:31:02.620,1.3622,1.36245,2.25,1.35
2011.06.27 13:31:02.838,1.36226,1.36253,3.75,1.50
2011.06.27 13:31:03.170,1.36226,1.36253,4.13,1.50
2011.06.27 13:31:03.499,1.36232,1.36256,3.00,2.25
2011.06.27 13:31:03.827,1.36233,1.36257,1.50,1.50
2011.06.27 13:31:04.378,1.36234,1.36257,1.50,1.50
2011.06.27 13:31:04.929,1.36227,1.36257,3.75,1.50
2011.06.27 13:31:05.038,1.36227,1.36257,4.50,1.50
2011.06.27 13:31:05.257,1.36226,1.36257,3.75,1.50
2011.06.27 13:31:05.478,1.36224,1.36254,3.75,2.10
2011.06.27 13:31:05.808,1.36223,1.36247,1.50,1.35
2011.06.27 13:31:05.918,1.3622,1.36241,1.50,1.35
2011.06.27 13:31:06.139,1.36217,1.3624,1.13,3.75
2011.06.27 13:31:06.359,1.36221,1.36245,3.00,1.50
2011.06.27 13:31:06.768,1.36223,1.36248,3.00,1.50
2011.06.27 13:31:06.880,1.3622,1.36248,4.50,1.50
2011.06.27 13:31:07.318,1.3622,1.36248,1.50,1.50
2011.06.27 13:31:07.428,1.36217,1.36248,1.88,1.50
2011.06.27 13:31:07.699,1.36218,1.36246,1.50,1.50
2011.06.27 13:31:07.919,1.36215,1.36244,1.50,1.50
2011.06.27 13:31:08.947,1.36217,1.36244,1.50,1.50
2011.06.27 13:31:09.498,1.36215,1.36244,1.50,1.50
2011.06.27 13:31:10.448,1.36219,1.36244,3.00,1.50
2011.06.27 13:31:10.676,1.3622,1.36248,1.50,1.50
2011.06.27 13:31:10.791,1.36218,1.36243,1.50,3.75
2011.06.27 13:31:12.268,1.36214,1.36244,1.50,1.50
2011.06.27 13:31:12.377,1.36214,1.36244,2.25,1.50
2011.06.27 13:31:12.708,1.36217,1.36241,3.00,1.88
2011.06.27 13:31:12.817,1.36212,1.36241,1.50,1.88
2011.06.27 13:31:12.929,1.36211,1.3624,3.75,1.50
2011.06.27 13:31:13.098,1.36211,1.3624,3.75,1.50
2011.06.27 13:31:15.291,1.36216,1.3624,3.00,1.50
2011.06.27 13:31:15.630,1.36218,1.36244,3.00,1.50
2011.06.27 13:31:15.850,1.36213,1.36239,1.50,3.75
2011.06.27 13:31:16.071,1.36209,1.36236,1.50,1.41
2011.06.27 13:31:16.298,1.36211,1.36236,1.50,2.16
2011.06.27 13:31:16.847,1.36214,1.36236,1.50,2.16
2011.06.27 13:31:17.599,1.36212,1.36234,3.75,1.13
2011.06.27 13:31:17.927,1.36216,1.3624,1.13,1.50
2011.06.27 13:31:18.257,1.36213,1.3624,1.50,1.50
2011.06.27 13:31:18.367,1.36214,1.3624,1.50,1.50
2011.06.27 13:31:20.296,1.36213,1.3624,1.50,1.50
2011.06.27 13:31:20.956,1.36215,1.3624,1.50,1.50
2011.06.27 13:31:22.108,1.36212,1.3624,1.50,1.50
2011.06.27 13:31:22.218,1.36211,1.3624,1.50,1.88
2011.06.27 13:31:22.439,1.36207,1.36234,1.50,1.50
2011.06.27 13:31:22.807,1.36209,1.36237,3.75,1.50
2011.06.27 13:31:22.923,1.36212,1.36238,1.50,1.50
2011.06.27 13:31:23.148,1.36212,1.36235,1.50,1.50
2011.06.27 13:31:23.590,1.36208,1.36235,1.50,4.50
2011.06.27 13:31:23.808,1.36203,1.3623,3.00,1.50
2011.06.27 13:31:24.141,1.36206,1.36233,3.75,1.50
2011.06.27 13:31:24.357,1.36208,1.36234,4.50,1.50
2011.06.27 13:31:24.689,1.36203,1.36231,1.50,1.13
2011.06.27 13:31:25.019,1.36202,1.36229,1.50,6.00
2011.06.27 13:31:25.568,1.36202,1.36226,1.50,2.16
2011.06.27 13:31:26.769,1.36202,1.36226,1.50,2.16
2011.06.27 13:31:27.396,1.36201,1.36226,1.50,2.16
2011.06.27 13:31:27.515,1.36201,1.36229,1.50,1.50
2011.06.27 13:31:28.068,1.36202,1.36229,1.50,1.50
2011.06.27 13:31:28.617,1.36201,1.36229,1.50,1.50
2011.06.27 13:31:29.188,1.362,1.36229,1.50,1.50
2011.06.27 13:31:29.739,1.36199,1.36229,4.50,1.50
2011.06.27 13:31:30.178,1.36199,1.36229,4.50,1.50
2011.06.27 13:31:30.840,1.36201,1.36229,3.75,1.50
2011.06.27 13:31:31.169,1.36203,1.36226,1.50,1.50
2011.06.27 13:31:31.611,1.36204,1.36231,3.75,1.50
2011.06.27 13:31:32.172,1.36215,1.36235,3.75,1.50
2011.06.27 13:31:32.399,1.36214,1.36242,4.50,2.40
2011.06.27 13:31:32.509,1.36214,1.36243,1.50,2.40
2011.06.27 13:31:32.838,1.36214,1.36239,1.50,3.00
2011.06.27 13:31:33.827,1.36209,1.36237,1.50,1.50
2011.06.27 13:31:34.158,1.36207,1.36234,3.75,2.25
2011.06.27 13:31:34.490,1.36207,1.36232,3.75,1.50
2011.06.27 13:31:34.929,1.36211,1.36232,1.13,1.50
2011.06.27 13:31:35.039,1.36216,1.36237,3.00,1.41
2011.06.27 13:31:35.391,1.36213,1.36239,3.38,1.50
2011.06.27 13:31:35.939,1.36206,1.36234,4.50,1.50
2011.06.27 13:31:36.160,1.36206,1.36234,4.50,1.50
2011.06.27 13:31:36.380,1.36206,1.36234,3.75,1.50
2011.06.27 13:31:36.599,1.36206,1.36234,4.50,1.50
2011.06.27 13:31:37.588,1.36207,1.36232,1.13,1.35
2011.06.27 13:31:37.698,1.36207,1.36233,1.13,1.35
2011.06.27 13:31:37.918,1.36208,1.36238,1.13,2.10
2011.06.27 13:31:38.490,1.36211,1.36238,1.50,1.50
2011.06.27 13:31:38.825,1.36213,1.36237,1.50,1.50
2011.06.27 13:31:39.159,1.36214,1.36235,1.50,4.50
2011.06.27 13:31:40.588,1.36214,1.36236,1.50,1.50
2011.06.27 13:31:40.807,1.36214,1.36236,1.50,1.50
2011.06.27 13:31:41.138,1.36214,1.36236,2.25,1.50
2011.06.27 13:31:41.847,1.36214,1.36236,2.25,1.50
2011.06.27 13:31:42.288,1.36214,1.36236,1.50,1.50
2011.06.27 13:31:43.777,1.36214,1.36236,1.50,1.50
2011.06.27 13:31:44.437,1.36217,1.36243,4.88,1.50
2011.06.27 13:31:44.878,1.36217,1.36243,4.88,1.50
2011.06.27 13:31:46.050,1.36217,1.36243,4.88,1.50
2011.06.27 13:31:46.379,1.3622,1.36246,2.63,2.16
2011.06.27 13:31:46.708,1.36226,1.36246,1.50,1.50
2011.06.27 13:31:47.148,1.36227,1.36248,1.50,1.50
2011.06.27 13:31:47.260,1.36228,1.36256,1.13,3.66
2011.06.27 13:31:47.734,1.36226,1.36254,1.50,1.50
2011.06.27 13:31:48.070,1.36224,1.36247,2.25,1.50
2011.06.27 13:31:48.179,1.36224,1.36247,2.25,1.50
2011.06.27 13:31:48.619,1.3623,1.36247,2.10,1.50
2011.06.27 13:31:48.730,1.36229,1.36252,1.13,1.50
2011.06.27 13:31:48.950,1.36231,1.36256,3.75,2.16
2011.06.27 13:31:49.279,1.36237,1.36263,3.75,2.25
2011.06.27 13:31:49.500,1.36237,1.36264,3.75,1.50
2011.06.27 13:31:49.961,1.36237,1.36264,3.75,1.50
2011.06.27 13:31:50.180,1.36235,1.36264,3.75,1.50
2011.06.27 13:31:50.398,1.36235,1.36264,3.75,1.50
2011.06.27 13:31:50.979,1.36234,1.36264,2.10,1.50
2011.06.27 13:31:51.088,1.36234,1.36264,1.35,1.50
2011.06.27 13:31:51.749,1.36235,1.3626,3.00,2.10
2011.06.27 13:31:52.189,1.36235,1.3626,3.00,2.10
2011.06.27 13:31:52.299,1.36235,1.36265,1.35,1.50
2011.06.27 13:31:52.737,1.36232,1.36265,4.50,1.50
2011.06.27 13:31:54.097,1.36232,1.36265,3.75,1.50
2011.06.27 13:31:55.858,1.36236,1.36265,3.75,1.50
2011.06.27 13:31:56.358,1.36236,1.36265,3.75,1.50
2011.06.27 13:31:56.579,1.36232,1.36264,1.50,3.75
2011.06.27 13:31:57.018,1.36231,1.36256,1.50,1.50
2011.06.27 13:31:57.238,1.36231,1.36256,1.50,2.16
2011.06.27 13:31:57.791,1.36236,1.36256,3.00,1.50
2011.06.27 13:31:57.909,1.36236,1.36257,3.00,1.41
2011.06.27 13:31:58.018,1.36233,1.36264,4.73,1.50
2011.06.27 13:31:58.757,1.36235,1.36264,1.50,1.50
2011.06.27 13:31:59.289,1.36236,1.36264,1.50,1.50
2011.06.27 13:31:59.397,1.36236,1.36264,1.50,1.50
2011.06.27 13:31:59.970,1.36233,1.36264,1.73,1.50
2011.06.27 13:32:00.188,1.36236,1.36264,3.75,1.50
2011.06.27 13:32:00.629,1.36236,1.36264,3.75,1.50
2011.06.27 13:32:01.070,1.36236,1.3626,3.75,1.35
2011.06.27 13:32:01.398,1.36231,1.3626,1.50,1.35
2011.06.27 13:32:01.617,1.36231,1.36256,1.50,2.16
2011.06.27 13:32:02.169,1.36235,1.36256,1.13,1.41
2011.06.27 13:32:02.500,1.36234,1.36261,4.50,2.10
2011.06.27 13:32:02.609,1.36234,1.36261,3.75,2.10
2011.06.27 13:32:02.831,1.36235,1.36261,1.50,2.10
2011.06.27 13:32:03.049,1.36232,1.36259,1.50,1.35
2011.06.27 13:32:03.643,1.36233,1.36256,1.50,1.41
2011.06.27 13:32:04.199,1.36234,1.36256,1.50,1.50
2011.06.27 13:32:05.868,1.36236,1.36256,1.35,1.41
2011.06.27 13:32:06.088,1.36239,1.36257,1.35,2.16
2011.06.27 13:32:06.419,1.36238,1.36266,3.75,1.35
2011.06.27 13:32:07.187,1.36236,1.36257,2.10,2.16
2011.06.27 13:32:07.742,1.36237,1.36257,1.50,2.16
2011.06.27 13:32:08.155,1.36242,1.36267,1.50,2.91
2011.06.27 13:32:08.729,1.36241,1.36267,4.50,2.16
2011.06.27 13:32:10.392,1.36244,1.36266,3.75,1.50
2011.06.27 13:32:10.730,1.3624,1.36266,4.73,1.50
2011.06.27 13:32:11.279,1.36244,1.36266,1.73,1.50
2011.06.27 13:32:11.390,1.36247,1.36275,1.13,1.50
2011.06.27 13:32:11.940,1.36247,1.36274,3.00,1.35
2011.06.27 13:32:12.225,1.36244,1.36274,4.50,1.35
2011.06.27 13:32:12.345,1.3625,1.36276,3.38,3.00
2011.06.27 13:32:12.462,1.3625,1.36278,3.38,1.50
2011.06.27 13:32:12.799,1.36246,1.36268,1.13,1.35
2011.06.27 13:32:12.909,1.36243,1.36268,3.38,1.35
2011.06.27 13:32:13.351,1.36243,1.36266,1.88,1.41
2011.06.27 13:32:13.900,1.36243,1.36265,1.88,1.50
2011.06.27 13:32:14.229,1.36244,1.36265,1.88,1.50
2011.06.27 13:32:15.137,1.36243,1.36265,1.88,1.50
2011.06.27 13:32:16.019,1.36237,1.36262,1.35,1.50
2011.06.27 13:32:16.237,1.36237,1.36262,1.35,1.50
2011.06.27 13:32:16.547,1.36237,1.36262,1.35,1.50
2011.06.27 13:32:17.267,1.36234,1.36262,1.88,1.35
2011.06.27 13:32:17.927,1.36234,1.36262,1.88,1.35
2011.06.27 13:32:18.257,1.36235,1.36262,1.13,1.35
2011.06.27 13:32:18.846,1.36234,1.36262,1.50,1.35
2011.06.27 13:32:18.958,1.3624,1.36263,3.75,1.50
2011.06.27 13:32:19.288,1.36237,1.36265,1.88,1.50
2011.06.27 13:32:19.730,1.36239,1.36265,3.75,1.50
2011.06.27 13:32:19.949,1.36243,1.36267,3.75,2.01
2011.06.27 13:32:20.832,1.36241,1.36267,1.50,1.35
2011.06.27 13:32:21.059,1.3624,1.36267,1.50,1.35
2011.06.27 13:32:21.620,1.3624,1.36266,1.50,1.50
2011.06.27 13:32:22.170,1.36235,1.36263,2.10,1.50
2011.06.27 13:32:22.499,1.3624,1.36263,3.00,1.50
2011.06.27 13:32:22.829,1.36238,1.36266,1.50,2.25
2011.06.27 13:32:22.938,1.36235,1.3626,2.48,1.50
2011.06.27 13:32:23.488,1.36235,1.36263,5.48,1.50
2011.06.27 13:32:23.709,1.36235,1.36263,5.10,1.50
2011.06.27 13:32:24.038,1.36233,1.3626,2.63,1.50
2011.06.27 13:32:24.259,1.36231,1.3626,3.38,1.50
2011.06.27 13:32:25.079,1.36232,1.36257,1.13,1.50
2011.06.27 13:32:25.688,1.36231,1.36257,4.13,1.50
2011.06.27 13:32:26.227,1.36231,1.36257,4.13,1.50
2011.06.27 13:32:27.328,1.3623,1.36257,1.88,1.50
2011.06.27 13:32:27.767,1.3623,1.36257,1.13,1.50
2011.06.27 13:32:28.540,1.36233,1.36257,1.35,1.50
2011.06.27 13:32:28.869,1.3623,1.36256,1.50,1.50
2011.06.27 13:32:29.369,1.36233,1.36257,1.13,2.91
2011.06.27 13:32:29.478,1.36233,1.36257,1.13,2.25
2011.06.27 13:32:29.807,1.36237,1.36261,3.00,1.50
2011.06.27 13:32:30.258,1.36235,1.36265,3.75,1.50
2011.06.27 13:32:36.610,1.36239,1.3626,3.00,1.50
2011.06.27 13:32:36.829,1.36247,1.36262,3.00,1.50
2011.06.27 13:32:36.939,1.36241,1.36262,3.00,1.50
2011.06.27 13:32:37.159,1.36241,1.36262,3.00,1.50
2011.06.27 13:32:37.488,1.36236,1.36262,3.38,1.50
2011.06.27 13:32:37.600,1.36234,1.36262,1.50,1.50
2011.06.27 13:32:37.709,1.36233,1.36261,5.25,1.50
2011.06.27 13:32:37.819,1.36233,1.36255,1.50,1.35
2011.06.27 13:32:38.149,1.36231,1.36259,1.35,1.50
2011.06.27 13:32:38.368,1.36232,1.36261,4.50,1.35
2011.06.27 13:32:38.480,1.36239,1.36261,3.00,1.35
2011.06.27 13:32:38.700,1.36238,1.36263,1.35,1.50
2011.06.27 13:32:38.921,1.3624,1.36263,1.35,1.50
2011.06.27 13:32:39.224,1.3624,1.36266,1.35,2.16
2011.06.27 13:32:39.729,1.36235,1.36266,3.75,2.16
2011.06.27 13:32:40.277,1.36235,1.36266,3.75,2.25
2011.06.27 13:32:42.549,1.36239,1.36266,1.35,2.16
2011.06.27 13:32:42.767,1.36239,1.36266,1.35,1.50
2011.06.27 13:32:43.959,1.36241,1.36266,3.00,1.50
2011.06.27 13:32:44.179,1.36239,1.36269,1.35,1.35
2011.06.27 13:32:44.727,1.36239,1.36266,1.35,1.41
2011.06.27 13:32:45.519,1.36238,1.36266,1.35,1.41
2011.06.27 13:32:46.243,1.3624,1.36266,3.00,1.50
2011.06.27 13:32:46.747,1.36243,1.36266,3.00,1.50
2011.06.27 13:32:46.859,1.36243,1.36266,3.00,1.50
2011.06.27 13:32:47.078,1.36243,1.3627,3.75,1.50
2011.06.27 13:32:47.388,1.36249,1.3627,3.00,1.50
2011.06.27 13:32:47.501,1.36243,1.3627,4.13,1.50
2011.06.27 13:32:47.720,1.36243,1.3627,3.75,1.50
2011.06.27 13:32:49.528,1.36243,1.3627,3.75,1.50
2011.06.27 13:32:49.859,1.36239,1.36267,4.50,1.50
2011.06.27 13:32:50.229,1.36239,1.36267,3.75,1.50
2011.06.27 13:32:50.347,1.36248,1.3627,3.00,1.50
2011.06.27 13:32:50.460,1.36244,1.3627,3.98,1.50
2011.06.27 13:32:50.569,1.36244,1.3627,3.98,1.50
2011.06.27 13:32:51.118,1.36245,1.36274,1.35,1.50
2011.06.27 13:32:51.449,1.3625,1.36274,3.00,1.50
2011.06.27 13:32:51.935,1.36244,1.36274,3.75,3.53
2011.06.27 13:32:52.271,1.36246,1.36268,3.75,1.35
2011.06.27 13:32:52.610,1.3624,1.36267,3.75,2.16
2011.06.27 13:32:52.830,1.36241,1.36268,3.75,1.35
2011.06.27 13:32:53.378,1.36242,1.36268,1.50,1.35
2011.06.27 13:32:53.487,1.36242,1.36268,1.50,1.35
2011.06.27 13:32:54.729,1.36244,1.36268,3.00,1.35
2011.06.27 13:32:55.167,1.36242,1.3627,1.35,1.50
2011.06.27 13:32:55.687,1.36242,1.3627,1.35,1.50
2011.06.27 13:32:56.161,1.36242,1.3627,1.35,1.50
2011.06.27 13:32:56.488,1.36243,1.36273,1.35,1.35
2011.06.27 13:32:57.014,1.36243,1.36273,1.35,1.35
2011.06.27 13:32:57.570,1.36245,1.36273,3.75,1.35
2011.06.27 13:32:57.790,1.36245,1.36274,3.75,1.50
2011.06.27 13:32:58.120,1.36245,1.36271,3.75,2.25
2011.06.27 13:32:58.232,1.36243,1.36271,3.75,2.25
2011.06.27 13:32:58.568,1.36246,1.36266,3.00,1.50
2011.06.27 13:32:58.678,1.36246,1.36266,3.00,1.50
2011.06.27 13:32:58.789,1.36242,1.3627,3.75,3.15
2011.06.27 13:32:59.559,1.36242,1.36268,3.75,1.50
2011.06.27 13:32:59.670,1.36249,1.36268,3.00,1.50
2011.06.27 13:32:59.999,1.36246,1.36266,3.38,1.41
2011.06.27 13:33:00.218,1.36246,1.36268,3.38,1.50
2011.06.27 13:33:00.817,1.36246,1.36268,3.38,1.50
2011.06.27 13:33:01.488,1.36246,1.36268,3.00,1.50
2011.06.27 13:33:02.161,1.36245,1.36272,1.50,1.50
2011.06.27 13:33:02.268,1.36241,1.36272,3.75,1.50
2011.06.27 13:33:02.817,1.36241,1.36272,3.75,2.25
2011.06.27 13:33:03.367,1.36244,1.3627,3.00,1.50
2011.06.27 13:33:03.699,1.36239,1.36265,3.75,1.50
2011.06.27 13:33:03.807,1.36239,1.36265,3.75,1.50
2011.06.27 13:33:04.029,1.36239,1.36265,4.50,1.50
2011.06.27 13:33:04.357,1.36237,1.36265,1.13,1.50
2011.06.27 13:33:04.907,1.36237,1.36262,1.13,1.50
2011.06.27 13:33:05.237,1.36239,1.36262,3.75,1.50
2011.06.27 13:33:05.909,1.36239,1.36262,3.75,1.50
2011.06.27 13:33:06.788,1.36236,1.36262,1.50,1.50
2011.06.27 13:33:07.337,1.36237,1.36262,1.50,1.50
2011.06.27 13:33:07.668,1.36239,1.36262,3.75,1.50
2011.06.27 13:33:08.218,1.36237,1.36262,1.13,1.50
2011.06.27 13:33:08.548,1.36239,1.36262,3.75,1.50
2011.06.27 13:33:08.768,1.36239,1.36262,3.75,1.50
2011.06.27 13:33:09.317,1.36237,1.36262,1.13,1.50
2011.06.27 13:33:09.868,1.36238,1.36265,1.50,1.50
2011.06.27 13:33:11.922,1.36239,1.36265,4.50,1.50
2011.06.27 13:33:12.149,1.36239,1.36265,1.50,1.50
2011.06.27 13:33:12.483,1.36248,1.36267,1.50,2.25
2011.06.27 13:33:12.823,1.36251,1.36277,3.75,2.25
2011.06.27 13:33:13.160,1.36256,1.36281,3.00,2.10
2011.06.27 13:33:13.488,1.36256,1.36274,3.00,1.35
2011.06.27 13:33:13.598,1.36248,1.36274,1.13,1.35
2011.06.27 13:33:13.708,1.36247,1.36274,4.13,1.35
2011.06.27 13:33:14.038,1.3625,1.36276,3.00,1.50
2011.06.27 13:33:14.708,1.3625,1.36276,4.50,1.50
2011.06.27 13:33:17.438,1.3625,1.3628,4.50,1.50
2011.06.27 13:33:18.298,1.3625,1.36273,3.75,1.35
2011.06.27 13:33:18.629,1.36259,1.36281,3.00,1.50
2011.06.27 13:33:18.849,1.36259,1.36285,3.00,2.25
2011.06.27 13:33:18.959,1.3626,1.36283,3.00,1.50
2011.06.27 13:33:19.069,1.36255,1.36283,1.50,1.50
2011.06.27 13:33:19.399,1.36258,1.36281,3.00,1.50
2011.06.27 13:33:19.508,1.36253,1.36281,3.00,1.50
2011.06.27 13:33:20.240,1.36249,1.36279,1.88,1.50
2011.06.27 13:33:21.588,1.36248,1.36279,1.50,1.50
2011.06.27 13:33:22.137,1.36249,1.36276,1.50,1.41
2011.06.27 13:33:26.179,1.36256,1.36276,3.00,1.50
2011.06.27 13:33:26.294,1.36256,1.36279,3.00,1.50
2011.06.27 13:33:26.519,1.36254,1.36282,3.75,1.50
2011.06.27 13:33:27.068,1.36253,1.36282,4.50,1.50
2011.06.27 13:33:28.550,1.36255,1.36282,1.50,1.50
2011.06.27 13:33:28.768,1.36259,1.36282,1.13,3.75
2011.06.27 13:33:29.478,1.36254,1.36286,2.63,5.25
2011.06.27 13:33:31.960,1.36259,1.36286,3.75,2.16
2011.06.27 13:33:32.508,1.36258,1.36289,3.75,1.50
2011.06.27 13:33:34.299,1.3626,1.36289,4.13,1.50
2011.06.27 13:33:34.847,1.3626,1.36289,4.13,1.50
2011.06.27 13:33:36.379,1.3626,1.36287,4.13,1.35
2011.06.27 13:33:36.598,1.3626,1.36289,4.13,1.50
2011.06.27 13:33:38.188,1.3626,1.36289,3.75,1.50
2011.06.27 13:33:38.407,1.3626,1.36289,3.75,1.50
2011.06.27 13:33:38.738,1.3626,1.36292,3.75,3.15
2011.06.27 13:33:39.397,1.3626,1.36292,3.75,1.50
2011.06.27 13:33:39.507,1.3626,1.36292,3.75,1.50
2011.06.27 13:33:41.199,1.36266,1.36292,1.13,1.50
2011.06.27 13:33:41.419,1.36266,1.36292,1.13,1.50
2011.06.27 13:33:41.969,1.36261,1.36285,1.13,5.10
2011.06.27 13:33:42.078,1.36261,1.36285,3.38,1.50
2011.06.27 13:33:42.628,1.36258,1.36288,1.13,5.40
2011.06.27 13:33:42.739,1.36257,1.36285,1.13,1.50
2011.06.27 13:33:42.848,1.36257,1.36285,1.13,1.50
2011.06.27 13:33:43.941,1.36257,1.36284,1.13,1.50
2011.06.27 13:33:44.598,1.36254,1.36279,3.38,1.50
2011.06.27 13:33:45.699,1.36255,1.36282,1.50,1.50
2011.06.27 13:33:46.818,1.36255,1.36282,1.13,1.50
2011.06.27 13:33:47.368,1.36255,1.36282,1.13,1.50
2011.06.27 13:33:48.240,1.36255,1.36282,1.50,1.50
2011.06.27 13:33:49.250,1.36255,1.36282,1.50,1.50
2011.06.27 13:33:50.168,1.36259,1.36282,1.13,1.50
2011.06.27 13:33:50.609,1.36257,1.36282,1.88,2.40
2011.06.27 13:33:51.270,1.36259,1.36284,3.38,1.50
2011.06.27 13:33:51.927,1.36259,1.36284,3.38,1.50
2011.06.27 13:33:52.259,1.36267,1.36284,1.13,1.50
2011.06.27 13:33:52.589,1.36274,1.36297,1.50,2.16
2011.06.27 13:33:52.809,1.36274,1.363,3.38,2.25
2011.06.27 13:33:53.328,1.36274,1.36293,1.88,1.35
2011.06.27 13:33:53.550,1.36274,1.36293,1.88,1.35
2011.06.27 13:33:53.881,1.36274,1.36289,1.50,1.65
2011.06.27 13:33:53.989,1.36274,1.36293,1.50,1.50
2011.06.27 13:33:54.100,1.36274,1.36293,1.50,1.50
2011.06.27 13:33:54.648,1.36269,1.36296,4.88,1.50
2011.06.27 13:33:54.978,1.36275,1.36301,4.13,1.50
2011.06.27 13:33:55.309,1.36275,1.36304,4.88,1.50
2011.06.27 13:33:55.898,1.36278,1.36305,1.13,3.00
2011.06.27 13:33:56.337,1.36278,1.36305,1.13,3.00
2011.06.27 13:33:56.970,1.36274,1.36303,1.13,1.50
2011.06.27 13:33:58.288,1.36274,1.363,3.75,1.50
2011.06.27 13:33:58.838,1.36274,1.36299,1.50,1.35
2011.06.27 13:33:58.948,1.36273,1.363,3.00,1.50
2011.06.27 13:33:59.169,1.3627,1.36299,1.88,1.50
2011.06.27 13:33:59.388,1.36269,1.36294,4.50,3.00
2011.06.27 13:33:59.500,1.36268,1.36295,1.88,4.50
2011.06.27 13:33:59.719,1.36269,1.36294,1.50,1.50
2011.06.27 13:33:59.829,1.36269,1.36294,1.50,3.00
2011.06.27 13:33:59.939,1.36269,1.36294,1.88,1.50
2011.06.27 13:34:00.909,1.36269,1.36294,6.38,1.50
2011.06.27 13:34:01.481,1.36269,1.36293,2.63,2.25
2011.06.27 13:34:01.588,1.36268,1.36293,1.50,2.25
2011.06.27 13:34:01.701,1.36268,1.36293,1.50,2.25
2011.06.27 13:34:02.650,1.36269,1.36293,1.50,2.25
2011.06.27 13:34:03.208,1.36268,1.36293,1.50,2.25
2011.06.27 13:34:03.948,1.36269,1.36293,1.50,2.25
2011.06.27 13:34:05.421,1.36271,1.36294,1.13,1.50
2011.06.27 13:34:05.639,1.36272,1.36297,1.13,7.56
2011.06.27 13:34:05.859,1.36271,1.36296,1.50,2.01
2011.06.27 13:34:06.225,1.3627,1.36296,1.13,3.66
2011.06.27 13:34:06.340,1.3627,1.36294,1.13,1.50
2011.06.27 13:34:06.777,1.36268,1.36294,2.25,3.15
2011.06.27 13:34:07.003,1.36269,1.3629,1.88,2.40
2011.06.27 13:34:07.124,1.36268,1.36289,1.88,1.50
2011.06.27 13:34:07.679,1.36269,1.36289,1.88,1.50
2011.06.27 13:34:10.929,1.36268,1.36289,1.88,1.50
2011.06.27 13:34:11.497,1.36269,1.36289,1.88,1.50
2011.06.27 13:34:13.128,1.36269,1.36289,1.88,1.50
2011.06.27 13:34:13.239,1.36269,1.36289,2.63,1.50
2011.06.27 13:34:13.348,1.36271,1.36289,1.13,1.50
2011.06.27 13:34:13.682,1.36273,1.36291,3.75,2.40
2011.06.27 13:34:13.910,1.36273,1.36296,1.88,1.50
2011.06.27 13:34:14.348,1.36274,1.36298,1.88,1.50
2011.06.27 13:34:14.957,1.36272,1.36296,1.50,1.41
2011.06.27 13:34:15.508,1.36269,1.36296,2.63,1.50
2011.06.27 13:34:15.887,1.36269,1.36296,1.88,2.16
2011.06.27 13:34:16.395,1.36266,1.36293,1.13,1.50
2011.06.27 13:34:16.841,1.36267,1.36293,3.38,1.50
2011.06.27 13:34:17.282,1.36269,1.36295,1.50,1.50
2011.06.27 13:34:18.728,1.36269,1.36294,1.50,2.40
2011.06.27 13:34:18.949,1.36266,1.36293,1.50,1.50
2011.06.27 13:34:19.719,1.36266,1.36293,1.50,1.50
2011.06.27 13:34:19.938,1.36265,1.36293,1.13,1.50
2011.06.27 13:34:20.413,1.36266,1.36293,1.50,1.50
2011.06.27 13:34:20.761,1.36271,1.36293,3.00,1.50
2011.06.27 13:34:20.980,1.36271,1.36296,3.75,2.16
2011.06.27 13:34:21.089,1.36274,1.36296,1.50,1.50
2011.06.27 13:34:21.198,1.36277,1.36296,3.00,1.50
2011.06.27 13:34:21.419,1.36277,1.36296,3.00,1.50
2011.06.27 13:34:21.637,1.36278,1.36305,1.50,1.50
2011.06.27 13:34:22.188,1.36278,1.36302,1.50,1.35
2011.06.27 13:34:22.409,1.36278,1.36302,1.50,1.35
2011.06.27 13:34:25.307,1.36277,1.36306,4.13,1.50
2011.06.27 13:34:25.878,1.36278,1.36302,1.50,1.35
2011.06.27 13:34:26.418,1.36278,1.36302,1.50,1.35
2011.06.27 13:34:26.637,1.36278,1.36302,1.50,1.35
2011.06.27 13:34:27.189,1.36276,1.36302,1.13,1.35
2011.06.27 13:34:28.078,1.36277,1.36302,1.13,1.35
2011.06.27 13:34:28.521,1.36276,1.36299,1.13,3.60
2011.06.27 13:34:28.739,1.36276,1.36298,1.13,1.50
2011.06.27 13:34:28.849,1.36276,1.36298,1.13,1.50
2011.06.27 13:34:28.959,1.36276,1.36297,1.13,1.41
2011.06.27 13:34:29.287,1.36276,1.36297,1.13,1.41
2011.06.27 13:34:29.792,1.36276,1.36297,1.13,1.41
2011.06.27 13:34:30.349,1.36277,1.36298,1.13,2.25
2011.06.27 13:34:30.570,1.36276,1.36299,1.13,1.50
2011.06.27 13:34:30.679,1.36276,1.36301,4.13,1.50
2011.06.27 13:34:31.681,1.36276,1.36301,4.88,1.50
2011.06.27 13:34:32.018,1.36276,1.36303,4.88,1.50
2011.06.27 13:34:32.127,1.36276,1.36305,4.13,1.50
2011.06.27 13:34:32.539,1.36284,1.36305,1.50,1.50
2011.06.27 13:34:32.759,1.36287,1.36312,3.75,1.41
2011.06.27 13:34:32.868,1.36287,1.36314,3.75,1.50
2011.06.27 13:34:32.977,1.36287,1.36315,3.75,1.35
2011.06.27 13:34:33.789,1.36287,1.36315,3.75,1.35
2011.06.27 13:34:34.510,1.36287,1.36315,3.75,1.35
2011.06.27 13:34:34.949,1.36286,1.3631,1.50,1.35
2011.06.27 13:34:35.171,1.36283,1.36309,1.50,1.35
2011.06.27 13:34:35.278,1.36283,1.36307,1.50,2.31
2011.06.27 13:34:35.828,1.36278,1.36308,4.35,1.26
2011.06.27 13:34:36.377,1.36278,1.36309,4.35,1.35
2011.06.27 13:34:37.069,1.36278,1.36308,4.35,1.35
2011.06.27 13:34:38.322,1.36278,1.36307,1.50,2.16
2011.06.27 13:34:38.553,1.36278,1.36305,1.50,2.40
2011.06.27 13:34:38.669,1.36277,1.36305,1.50,3.90
2011.06.27 13:34:39.227,1.36277,1.36304,1.50,2.40
2011.06.27 13:34:39.779,1.36277,1.36304,1.13,3.15
2011.06.27 13:34:39.997,1.36277,1.36304,1.13,3.15
2011.06.27 13:34:40.479,1.36277,1.36304,1.13,1.50
2011.06.27 13:34:40.810,1.36282,1.36307,3.75,2.91
2011.06.27 13:34:41.029,1.36282,1.36306,3.75,1.41
2011.06.27 13:34:41.139,1.36282,1.36306,3.75,1.41
2011.06.27 13:34:41.468,1.36284,1.36311,1.50,1.50
2011.06.27 13:34:41.798,1.36284,1.36311,1.50,1.50
2011.06.27 13:34:42.018,1.36283,1.36309,1.50,2.40
2011.06.27 13:34:42.259,1.36284,1.36312,3.75,1.50
2011.06.27 13:34:42.480,1.36286,1.36313,1.50,1.50
2011.06.27 13:34:42.594,1.3629,1.36316,3.75,2.85
2011.06.27 13:34:42.928,1.36291,1.36318,1.50,1.50
2011.06.27 13:34:44.279,1.36291,1.36314,1.50,1.35
2011.06.27 13:34:44.610,1.36291,1.36316,1.50,1.35
2011.06.27 13:34:44.937,1.36291,1.36318,1.50,2.85
2011.06.27 13:34:45.049,1.36291,1.36319,1.50,1.50
2011.06.27 13:34:45.271,1.36289,1.36316,3.75,1.50
2011.06.27 13:34:45.490,1.36291,1.36313,6.75,1.88
2011.06.27 13:34:45.600,1.36292,1.36312,3.75,3.90
2011.06.27 13:34:45.708,1.36292,1.36312,3.75,4.65
2011.06.27 13:34:45.818,1.36284,1.36309,1.50,1.50
2011.06.27 13:34:46.262,1.36279,1.36302,1.50,2.10
2011.06.27 13:34:46.740,1.36279,1.36308,4.50,2.25
2011.06.27 13:34:46.851,1.3628,1.36308,1.50,1.50
2011.06.27 13:34:48.037,1.3628,1.36308,1.50,1.50
2011.06.27 13:34:48.258,1.3628,1.36308,1.50,1.88
2011.06.27 13:34:48.697,1.36279,1.36303,4.50,1.26
2011.06.27 13:34:48.807,1.36279,1.36304,4.50,2.10
2011.06.27 13:34:50.769,1.36279,1.36304,3.75,1.50
2011.06.27 13:34:50.878,1.36279,1.36306,3.75,1.50
2011.06.27 13:34:52.420,1.36281,1.36307,3.53,1.50
2011.06.27 13:34:52.859,1.3628,1.36307,1.35,1.50
2011.06.27 13:34:53.707,1.3628,1.36307,1.35,2.25
2011.06.27 13:34:54.701,1.3628,1.36307,1.35,2.25
2011.06.27 13:34:56.239,1.36281,1.36307,1.50,1.50
2011.06.27 13:34:56.460,1.36285,1.3631,3.75,2.25
2011.06.27 13:34:58.109,1.36285,1.36308,3.75,1.50
2011.06.27 13:34:58.438,1.36286,1.3631,1.35,2.25
2011.06.27 13:34:58.768,1.36286,1.3631,4.35,1.50
2011.06.27 13:34:58.879,1.36289,1.36312,3.75,1.50
2011.06.27 13:34:59.098,1.36289,1.36313,3.75,1.50
2011.06.27 13:34:59.318,1.36289,1.36316,3.75,2.25
2011.06.27 13:34:59.538,1.36289,1.36313,3.75,1.50
2011.06.27 13:34:59.868,1.36289,1.36313,3.75,1.50
2011.06.27 13:35:00.747,1.36294,1.36316,1.35,2.91
2011.06.27 13:35:01.078,1.36294,1.36317,1.35,2.91
2011.06.27 13:35:01.631,1.36292,1.36316,1.50,1.41
2011.06.27 13:35:01.970,1.3629,1.36316,1.13,1.35
2011.06.27 13:35:02.082,1.36288,1.3631,2.25,1.50
2011.06.27 13:35:02.311,1.36284,1.36306,3.75,1.41
2011.06.27 13:35:02.540,1.36285,1.36312,1.35,1.50
2011.06.27 13:35:02.870,1.36286,1.3631,1.50,1.50
2011.06.27 13:35:03.088,1.36286,1.36312,1.50,1.50
2011.06.27 13:35:03.308,1.36286,1.36314,1.50,1.50
2011.06.27 13:35:03.610,1.36286,1.36316,1.50,3.51
2011.06.27 13:35:04.189,1.36286,1.36314,1.50,1.50
2011.06.27 13:35:04.628,1.36286,1.36309,1.50,1.26
2011.06.27 13:35:05.300,1.36286,1.36307,1.50,1.41
2011.06.27 13:35:05.409,1.36286,1.36314,1.50,1.50
2011.06.27 13:35:06.302,1.36288,1.36312,1.13,1.50
2011.06.27 13:35:06.422,1.36289,1.36315,1.50,2.10
2011.06.27 13:35:06.540,1.36289,1.36315,1.50,2.10
2011.06.27 13:35:06.649,1.36289,1.36315,1.50,2.10
2011.06.27 13:35:06.869,1.36291,1.36307,5.10,1.41
2011.06.27 13:35:06.979,1.36292,1.36316,3.75,2.16
2011.06.27 13:35:07.089,1.36292,1.36317,3.75,1.41
2011.06.27 13:35:07.198,1.36292,1.36322,3.75,1.50
2011.06.27 13:35:07.419,1.36295,1.36324,1.50,1.50
2011.06.27 13:35:07.819,1.36295,1.36319,1.50,1.35
2011.06.27 13:35:08.368,1.36295,1.36321,1.50,1.35
2011.06.27 13:35:08.590,1.36295,1.36324,1.50,2.10
2011.06.27 13:35:09.137,1.36295,1.36321,1.50,1.50
2011.06.27 13:35:09.360,1.36295,1.36321,1.50,5.10
2011.06.27 13:35:09.689,1.36293,1.36316,3.75,1.65
2011.06.27 13:35:10.129,1.3629,1.36315,1.13,2.85
2011.06.27 13:35:10.680,1.3629,1.36312,1.13,3.75
2011.06.27 13:35:10.984,1.36293,1.36317,3.00,2.16
2011.06.27 13:35:11.538,1.36293,1.36317,1.50,1.41
2011.06.27 13:35:11.870,1.36294,1.36317,2.25,1.41
2011.06.27 13:35:12.197,1.36291,1.36317,3.75,2.16
2011.06.27 13:35:12.417,1.36291,1.36317,3.75,2.16
2011.06.27 13:35:13.079,1.3629,1.36317,2.25,2.16
2011.06.27 13:35:13.298,1.3629,1.36316,2.25,1.41
2011.06.27 13:35:13.631,1.3629,1.36316,1.88,1.50
2011.06.27 13:35:13.849,1.3629,1.36316,1.88,1.41
2011.06.27 13:35:14.179,1.36296,1.36316,3.75,1.41
2011.06.27 13:35:14.688,1.36295,1.36317,1.35,1.41
2011.06.27 13:35:15.238,1.36298,1.36317,3.75,1.41
2011.06.27 13:35:15.569,1.36299,1.36317,1.50,1.41
2011.06.27 13:35:16.119,1.36297,1.36324,1.50,1.41
2011.06.27 13:35:16.229,1.36297,1.36325,1.50,1.35
2011.06.27 13:35:16.809,1.36297,1.36326,1.50,1.50
2011.06.27 13:35:17.628,1.36297,1.36326,1.50,2.16
2011.06.27 13:35:18.531,1.36297,1.36326,1.50,2.16
2011.06.27 13:35:19.009,1.36297,1.36324,1.50,1.50
2011.06.27 13:35:19.231,1.36297,1.36323,1.50,3.75
2011.06.27 13:35:20.018,1.36297,1.36324,1.50,1.50
2011.06.27 13:35:20.567,1.36297,1.36324,1.50,2.25
2011.06.27 13:35:20.899,1.36297,1.36324,1.50,2.25
2011.06.27 13:35:21.008,1.36297,1.36324,1.50,1.50
2011.06.27 13:35:21.448,1.36297,1.36326,1.50,1.50
2011.06.27 13:35:21.559,1.36297,1.36325,1.50,1.50
2011.06.27 13:35:21.888,1.36297,1.36322,1.50,1.50
2011.06.27 13:35:22.861,1.36298,1.36322,1.50,1.50
2011.06.27 13:35:23.382,1.36302,1.36326,1.35,1.41
2011.06.27 13:35:23.720,1.36302,1.36326,1.35,1.41
2011.06.27 13:35:24.159,1.36303,1.36327,2.25,1.41
2011.06.27 13:35:24.488,1.36303,1.36327,5.25,1.41
2011.06.27 13:35:25.258,1.36307,1.36326,1.50,1.41
2011.06.27 13:35:25.782,1.36305,1.36326,1.50,1.26
2011.06.27 13:35:26.246,1.36303,1.36325,1.50,3.75
2011.06.27 13:35:26.359,1.36303,1.36326,1.50,2.16
2011.06.27 13:35:26.583,1.36303,1.36327,1.50,3.81
2011.06.27 13:35:26.879,1.36303,1.36326,1.50,2.76
2011.06.27 13:35:27.319,1.36299,1.36325,1.50,1.50
2011.06.27 13:35:29.298,1.36299,1.36324,1.50,1.35
2011.06.27 13:35:30.209,1.36298,1.36323,1.50,1.50
2011.06.27 13:35:30.540,1.36303,1.36323,1.50,1.50
2011.06.27 13:35:30.649,1.36303,1.36323,1.50,1.50
2011.06.27 13:35:30.871,1.36297,1.36325,3.15,1.35
2011.06.27 13:35:31.448,1.36304,1.36327,1.35,2.16
2011.06.27 13:35:31.779,1.36307,1.36327,1.50,1.41
2011.06.27 13:35:31.889,1.36307,1.36327,1.50,1.41
2011.06.27 13:35:32.331,1.36304,1.36326,1.35,1.41
2011.06.27 13:35:32.659,1.36314,1.36334,5.25,2.10
2011.06.27 13:35:32.988,1.36317,1.36336,1.50,2.91
2011.06.27 13:35:33.100,1.36317,1.36337,1.50,1.41
2011.06.27 13:35:33.649,1.36319,1.36337,1.50,1.41
2011.06.27 13:35:33.760,1.36313,1.36336,2.25,1.41
2011.06.27 13:35:33.978,1.36316,1.36335,4.50,1.50
2011.06.27 13:35:34.418,1.36319,1.36336,1.50,1.41
2011.06.27 13:35:34.970,1.36319,1.36341,4.50,1.50
2011.06.27 13:35:35.080,1.36318,1.36341,1.50,1.50
2011.06.27 13:35:35.191,1.36318,1.36342,5.25,1.50
2011.06.27 13:35:35.641,1.36314,1.36341,1.50,3.75
2011.06.27 13:35:35.750,1.36316,1.36342,1.50,1.50
2011.06.27 13:35:35.862,1.3632,1.36342,1.50,1.35
2011.06.27 13:35:36.421,1.36317,1.36342,2.25,3.75
2011.06.27 13:35:36.860,1.3632,1.36346,1.50,1.50
2011.06.27 13:35:37.079,1.36322,1.36346,1.50,1.50
2011.06.27 13:35:37.299,1.36322,1.36347,1.50,2.76
2011.06.27 13:35:37.629,1.36322,1.36347,1.50,2.10
2011.06.27 13:35:37.739,1.36322,1.3635,1.50,1.50
2011.06.27 13:35:37.959,1.36322,1.3635,1.50,1.50
2011.06.27 13:35:38.178,1.36322,1.36348,1.50,1.35
2011.06.27 13:35:38.918,1.36322,1.36348,1.50,1.35
2011.06.27 13:35:39.958,1.36322,1.36347,1.50,1.35
2011.06.27 13:35:41.108,1.36322,1.36347,1.50,1.35
2011.06.27 13:35:42.208,1.36322,1.3635,1.50,1.50
2011.06.27 13:35:42.757,1.36322,1.3635,1.50,1.50
2011.06.27 13:35:43.199,1.36322,1.36348,1.50,1.35
2011.06.27 13:35:43.967,1.36324,1.36349,1.50,1.35
2011.06.27 13:35:44.301,1.36335,1.3635,3.00,1.50
2011.06.27 13:35:44.410,1.36333,1.36357,3.00,2.16
2011.06.27 13:35:44.629,1.36332,1.36357,3.75,1.41
2011.06.27 13:35:45.180,1.36332,1.36357,1.50,1.41
2011.06.27 13:35:45.288,1.36332,1.36357,1.50,2.16
2011.06.27 13:35:45.727,1.36331,1.36356,1.50,1.41
2011.06.27 13:35:46.059,1.36334,1.36357,1.35,2.16
2011.06.27 13:35:46.389,1.36329,1.36353,1.50,2.40
2011.06.27 13:35:46.609,1.36327,1.36354,1.88,1.35
2011.06.27 13:35:46.829,1.36325,1.36347,1.13,2.16
2011.06.27 13:35:47.048,1.36327,1.36346,1.13,1.41
2011.06.27 13:35:47.598,1.36324,1.36347,2.48,2.16
2011.06.27 13:35:48.148,1.36324,1.36346,1.88,1.41
2011.06.27 13:35:48.368,1.36327,1.36346,1.50,1.41
2011.06.27 13:35:48.589,1.36327,1.36346,1.88,1.41
2011.06.27 13:35:48.808,1.36327,1.36353,1.88,1.50
2011.06.27 13:35:49.030,1.36328,1.36354,1.50,1.50
2011.06.27 13:35:49.839,1.36331,1.36356,1.50,1.35
2011.06.27 13:35:50.388,1.36331,1.36356,1.50,1.35
2011.06.27 13:35:50.718,1.36332,1.36356,1.50,2.16
2011.06.27 13:35:51.049,1.36334,1.36356,1.35,1.50
2011.06.27 13:35:51.378,1.36339,1.36357,3.75,1.41
2011.06.27 13:35:51.929,1.36336,1.36357,1.35,2.16
2011.06.27 13:35:52.039,1.36337,1.36356,1.35,1.41
2011.06.27 13:35:52.589,1.36341,1.36362,1.50,1.50
2011.06.27 13:35:52.698,1.36341,1.36364,1.50,1.13
2011.06.27 13:35:52.808,1.36341,1.36364,1.50,1.13
2011.06.27 13:35:53.139,1.3634,1.36357,4.88,1.41
2011.06.27 13:35:53.693,1.36341,1.36366,4.50,1.50
2011.06.27 13:35:53.810,1.36344,1.36366,1.50,1.50
2011.06.27 13:35:54.140,1.36352,1.36366,3.00,2.16
2011.06.27 13:35:54.251,1.36349,1.36367,3.00,2.16
2011.06.27 13:35:54.361,1.36345,1.36366,1.50,2.16
2011.06.27 13:35:54.581,1.36344,1.36366,1.50,2.16
2011.06.27 13:35:55.130,1.36343,1.36365,1.50,1.50
2011.06.27 13:35:55.459,1.36344,1.36362,1.50,2.40
2011.06.27 13:35:56.030,1.36343,1.36362,1.50,2.40
2011.06.27 13:35:56.249,1.36343,1.36365,1.50,1.88
2011.06.27 13:35:56.469,1.36344,1.36361,1.50,2.40
2011.06.27 13:35:57.020,1.36344,1.36365,1.50,1.50
2011.06.27 13:35:57.567,1.36343,1.36361,1.50,1.35
2011.06.27 13:35:57.973,1.36343,1.36365,1.50,1.50
2011.06.27 13:35:58.528,1.36344,1.36366,1.50,1.50
2011.06.27 13:35:58.970,1.36344,1.36365,1.50,1.50
2011.06.27 13:35:59.304,1.3634,1.36357,1.13,1.41
2011.06.27 13:35:59.528,1.3634,1.36357,1.88,1.41
2011.06.27 13:36:00.078,1.36338,1.36358,1.13,3.00
2011.06.27 13:36:00.189,1.36335,1.36357,1.13,2.16
2011.06.27 13:36:01.070,1.36333,1.36356,2.25,1.41
2011.06.27 13:36:01.290,1.36333,1.36355,1.88,2.40
2011.06.27 13:36:01.508,1.36333,1.36359,1.88,2.10
2011.06.27 13:36:02.171,1.36333,1.36359,1.88,1.50
2011.06.27 13:36:02.718,1.36334,1.3636,3.90,1.50
2011.06.27 13:36:02.829,1.36334,1.3636,2.78,1.50
2011.06.27 13:36:04.019,1.36336,1.36362,1.50,2.10
2011.06.27 13:36:04.239,1.36334,1.36356,1.13,1.41
2011.06.27 13:36:04.570,1.36333,1.36356,2.63,1.41
2011.06.27 13:36:04.678,1.36334,1.36356,1.50,1.50
2011.06.27 13:36:05.121,1.36334,1.36356,1.88,2.16
2011.06.27 13:36:05.668,1.36333,1.36357,2.63,2.16
2011.06.27 13:36:05.888,1.36333,1.36356,2.63,1.41
2011.06.27 13:36:06.301,1.36334,1.36356,1.88,6.15
2011.06.27 13:36:06.519,1.36333,1.36357,2.25,1.41
2011.06.27 13:36:06.737,1.36335,1.36361,4.65,2.10
2011.06.27 13:36:07.268,1.36335,1.36361,4.65,1.50
2011.06.27 13:36:07.818,1.36335,1.3636,4.65,1.35
2011.06.27 13:36:08.448,1.36334,1.3636,1.13,1.35
2011.06.27 13:36:08.670,1.36333,1.36359,2.63,3.75
2011.06.27 13:36:08.999,1.36334,1.36352,1.88,1.35
2011.06.27 13:36:09.220,1.36334,1.36352,1.50,1.35
2011.06.27 13:36:09.662,1.36329,1.36355,1.13,1.50
2011.06.27 13:36:10.217,1.36333,1.36357,1.13,1.50
2011.06.27 13:36:10.935,1.36334,1.36359,1.13,1.35
2011.06.27 13:36:11.599,1.36333,1.3636,1.13,3.15
2011.06.27 13:36:12.150,1.36333,1.36356,1.13,1.50
2011.06.27 13:36:13.469,1.36336,1.36359,1.50,1.50
2011.06.27 13:36:13.803,1.36336,1.36357,1.50,1.41
2011.06.27 13:36:14.033,1.3634,1.36357,3.00,1.41
2011.06.27 13:36:14.342,1.3634,1.36366,3.00,1.50
2011.06.27 13:36:14.449,1.3634,1.36367,3.00,1.50
2011.06.27 13:36:14.669,1.3634,1.36368,3.00,2.25
2011.06.27 13:36:14.890,1.36342,1.36367,2.40,1.50
2011.06.27 13:36:15.110,1.36342,1.36367,2.40,1.50
2011.06.27 13:36:15.551,1.36352,1.36372,1.50,3.00
2011.06.27 13:36:15.881,1.36356,1.36375,1.13,3.15
2011.06.27 13:36:16.100,1.36359,1.36379,1.13,1.50
2011.06.27 13:36:16.320,1.36359,1.36376,1.88,1.41
2011.06.27 13:36:16.538,1.36359,1.36386,1.88,2.76
2011.06.27 13:36:16.650,1.36359,1.36385,1.50,1.35
2011.06.27 13:36:16.955,1.36372,1.36386,2.10,1.50
2011.06.27 13:36:17.294,1.36376,1.36401,2.10,1.13
2011.06.27 13:36:17.628,1.36376,1.36402,1.50,2.85
2011.06.27 13:36:18.179,1.36375,1.36404,2.10,1.50
2011.06.27 13:36:18.728,1.36373,1.36403,1.50,1.35
2011.06.27 13:36:19.279,1.36375,1.36396,1.50,1.41
2011.06.27 13:36:19.772,1.36371,1.36393,1.13,3.75
2011.06.27 13:36:19.890,1.3637,1.36393,2.78,3.75
2011.06.27 13:36:19.998,1.3637,1.36394,1.13,3.00
2011.06.27 13:36:20.338,1.36375,1.36387,1.35,1.41
2011.06.27 13:36:20.561,1.36375,1.36396,1.50,1.50
2011.06.27 13:36:20.892,1.36375,1.36397,1.50,1.41
2011.06.27 13:36:21.008,1.36372,1.36397,1.13,1.50
2011.06.27 13:36:21.890,1.36376,1.36397,1.35,4.50
2011.06.27 13:36:22.218,1.36384,1.36407,1.13,1.50
2011.06.27 13:36:22.550,1.36384,1.36402,1.13,1.35
2011.06.27 13:36:22.881,1.36379,1.36396,1.50,1.50
2011.06.27 13:36:23.390,1.36372,1.36388,1.13,1.35
2011.06.27 13:36:23.506,1.36362,1.36392,1.35,1.50
2011.06.27 13:36:23.620,1.36364,1.36392,1.35,1.50
2011.06.27 13:36:24.172,1.36365,1.36393,1.50,1.50
2011.06.27 13:36:24.731,1.36364,1.36389,1.35,1.50
2011.06.27 13:36:25.291,1.36368,1.36393,1.50,1.50
2011.06.27 13:36:25.841,1.36366,1.3639,1.50,1.50
2011.06.27 13:36:26.170,1.36364,1.36387,1.35,2.16
2011.06.27 13:36:26.791,1.36365,1.36386,1.50,1.41
2011.06.27 13:36:27.119,1.36366,1.36386,1.35,1.50
2011.06.27 13:36:27.449,1.36374,1.36396,2.10,2.16
2011.06.27 13:36:27.999,1.36374,1.36396,2.10,1.50
2011.06.27 13:36:28.218,1.36372,1.36396,2.10,2.16
2011.06.27 13:36:29.208,1.36372,1.36397,1.35,2.16
2011.06.27 13:36:30.309,1.36372,1.36397,1.35,2.16
2011.06.27 13:36:30.640,1.36368,1.36396,4.35,4.41
2011.06.27 13:36:30.751,1.36369,1.36394,1.50,3.75
2011.06.27 13:36:31.269,1.36368,1.36386,1.50,1.41
2011.06.27 13:36:32.328,1.36368,1.36387,1.50,2.16
2011.06.27 13:36:32.878,1.36369,1.36386,2.25,1.41
2011.06.27 13:36:33.428,1.36368,1.36387,2.85,2.16
2011.06.27 13:36:33.869,1.36372,1.36387,2.10,1.41
2011.06.27 13:36:34.088,1.36369,1.36387,2.85,1.41
2011.06.27 13:36:34.422,1.36368,1.36394,2.25,1.50
2011.06.27 13:36:34.650,1.36368,1.36387,1.50,1.35
2011.06.27 13:36:34.979,1.36369,1.36386,1.50,1.50
2011.06.27 13:36:35.303,1.36358,1.36376,2.25,1.50
2011.06.27 13:36:35.858,1.36359,1.36378,1.50,1.50
2011.06.27 13:36:35.969,1.36359,1.36384,1.50,1.50
2011.06.27 13:36:36.541,1.36363,1.36384,1.73,1.50
2011.06.27 13:36:36.759,1.36366,1.36387,1.13,1.50
2011.06.27 13:36:37.418,1.36366,1.36391,1.13,1.50
2011.06.27 13:36:37.859,1.36368,1.3639,1.35,1.50
2011.06.27 13:36:37.969,1.36367,1.3639,1.35,1.50
2011.06.27 13:36:38.191,1.36366,1.3639,1.88,1.50
2011.06.27 13:36:38.519,1.36366,1.3639,1.88,1.50
2011.06.27 13:36:39.324,1.36365,1.3639,1.13,1.50
2011.06.27 13:36:39.985,1.36366,1.3639,4.13,1.50
2011.06.27 13:36:40.106,1.36367,1.36388,1.13,1.50
2011.06.27 13:36:40.443,1.36364,1.3639,2.48,2.40
2011.06.27 13:36:41.001,1.36364,1.36391,1.73,4.94
2011.06.27 13:36:41.221,1.3636,1.36386,2.85,1.50
2011.06.27 13:36:41.329,1.36359,1.36384,2.25,1.35
2011.06.27 13:36:41.443,1.36359,1.36381,1.50,1.50
2011.06.27 13:36:41.889,1.36354,1.36377,2.85,2.16
2011.06.27 13:36:42.108,1.36355,1.36377,1.65,2.16
2011.06.27 13:36:42.690,1.36347,1.36375,1.35,1.50
2011.06.27 13:36:42.808,1.36347,1.36375,1.35,1.50
2011.06.27 13:36:43.028,1.36349,1.36376,4.50,1.41
2011.06.27 13:36:43.249,1.36352,1.36378,1.50,1.50
2011.06.27 13:36:43.359,1.36352,1.36378,1.50,1.50
2011.06.27 13:36:43.470,1.36352,1.36378,1.50,1.50
2011.06.27 13:36:43.802,1.36349,1.36374,3.75,1.50
2011.06.27 13:36:43.920,1.36349,1.36374,1.50,1.50
2011.06.27 13:36:44.248,1.36346,1.36366,1.35,1.41
2011.06.27 13:36:44.797,1.36346,1.36366,4.35,1.41
2011.06.27 13:36:44.909,1.3635,1.36367,3.75,1.41
2011.06.27 13:36:45.021,1.36353,1.36366,3.00,1.41
2011.06.27 13:36:45.239,1.36353,1.36376,4.35,2.16
2011.06.27 13:36:45.900,1.36353,1.36376,1.50,2.16
2011.06.27 13:36:46.010,1.36356,1.36376,3.00,1.50
2011.06.27 13:36:46.410,1.36356,1.36376,3.00,2.16
2011.06.27 13:36:46.959,1.36354,1.36376,4.35,2.16
2011.06.27 13:36:47.475,1.36354,1.36376,1.35,1.41
2011.06.27 13:36:47.809,1.36354,1.36376,4.35,2.16
2011.06.27 13:36:48.141,1.36346,1.36365,1.50,1.50
2011.06.27 13:36:48.249,1.36343,1.36364,1.50,1.50
2011.06.27 13:36:48.469,1.36346,1.3637,1.35,1.50
2011.06.27 13:36:48.688,1.36343,1.36367,3.75,1.35
2011.06.27 13:36:49.128,1.36344,1.36372,3.60,2.25
2011.06.27 13:36:49.349,1.36344,1.36372,4.35,2.25
2011.06.27 13:36:50.249,1.36345,1.36371,4.50,1.50
2011.06.27 13:36:50.579,1.36348,1.36371,1.50,1.50
2011.06.27 13:36:50.910,1.36345,1.36371,3.00,4.50
2011.06.27 13:36:51.238,1.36345,1.36371,3.00,1.50
2011.06.27 13:36:51.349,1.36345,1.36371,3.00,1.50
2011.06.27 13:36:51.461,1.36345,1.36371,3.75,1.50
2011.06.27 13:36:51.791,1.36345,1.36369,3.75,1.50
2011.06.27 13:36:52.339,1.36346,1.36366,2.25,2.16
2011.06.27 13:36:52.559,1.36348,1.36374,1.50,1.50
2011.06.27 13:36:53.107,1.36348,1.36377,1.50,1.50
2011.06.27 13:36:53.802,1.36349,1.36378,1.50,1.50
2011.06.27 13:36:54.139,1.36349,1.36371,3.75,2.40
2011.06.27 13:36:54.249,1.36346,1.36371,2.25,2.40
2011.06.27 13:36:54.360,1.36347,1.36374,1.50,1.50
2011.06.27 13:36:54.909,1.36347,1.36377,1.50,1.50
2011.06.27 13:36:55.349,1.36347,1.36377,1.50,3.15
2011.06.27 13:36:56.169,1.36343,1.36372,3.15,1.35
2011.06.27 13:36:56.501,1.3635,1.36371,3.00,2.40
2011.06.27 13:36:56.609,1.36348,1.36375,3.75,1.50
2011.06.27 13:36:57.157,1.36347,1.36375,5.40,1.50
2011.06.27 13:36:57.660,1.36347,1.36375,2.40,1.50
2011.06.27 13:36:57.769,1.36347,1.36372,2.40,1.35
2011.06.27 13:36:58.302,1.36349,1.36373,1.65,3.75
2011.06.27 13:36:58.630,1.3634,1.3637,1.35,2.10
2011.06.27 13:36:58.742,1.3634,1.36367,1.35,2.16
2011.06.27 13:36:58.968,1.3634,1.3637,1.35,2.10
2011.06.27 13:36:59.519,1.36341,1.36366,1.35,1.50
2011.06.27 13:36:59.629,1.3634,1.36366,1.35,1.50
2011.06.27 13:36:59.959,1.3634,1.36366,1.35,1.50
2011.06.27 13:37:00.287,1.36336,1.36366,2.40,1.50
2011.06.27 13:37:00.898,1.36337,1.36363,3.75,2.40
2011.06.27 13:37:01.118,1.36337,1.36357,3.75,1.50
2011.06.27 13:37:01.228,1.36337,1.36356,3.75,2.16
2011.06.27 13:37:01.449,1.3634,1.36356,1.13,1.41
2011.06.27 13:37:01.810,1.36343,1.36356,1.65,1.41
2011.06.27 13:37:02.360,1.36343,1.36366,3.15,1.50
2011.06.27 13:37:02.469,1.36343,1.36366,3.15,1.50
2011.06.27 13:37:02.688,1.36337,1.36366,6.15,1.50
2011.06.27 13:37:03.240,1.36341,1.36366,2.40,1.50
2011.06.27 13:37:03.349,1.36338,1.36366,3.75,1.50
2011.06.27 13:37:03.461,1.36336,1.36366,6.75,1.50
2011.06.27 13:37:03.679,1.36337,1.36365,2.10,1.50
2011.06.27 13:37:03.899,1.3634,1.36365,1.35,1.50
2011.06.27 13:37:04.119,1.36344,1.36369,1.65,3.75
2011.06.27 13:37:04.448,1.36344,1.36371,2.40,1.50
2011.06.27 13:37:05.620,1.36345,1.36371,2.40,1.50
2011.06.27 13:37:05.840,1.36347,1.36371,2.10,1.50
2011.06.27 13:37:05.950,1.36349,1.36375,1.35,1.50
2011.06.27 13:37:06.789,1.36345,1.36375,4.35,2.10
2011.06.27 13:37:07.337,1.36345,1.36375,4.35,2.10
2011.06.27 13:37:07.739,1.36349,1.36375,2.85,1.50
2011.06.27 13:37:07.960,1.36349,1.36375,2.85,1.50
2011.06.27 13:37:08.758,1.36345,1.36375,3.75,1.50
2011.06.27 13:37:08.979,1.36345,1.36375,3.75,1.50
2011.06.27 13:37:09.749,1.36349,1.36375,2.85,1.50
2011.06.27 13:37:09.968,1.3635,1.36375,3.60,1.50
2011.06.27 13:37:10.187,1.3635,1.36375,3.60,1.50
2011.06.27 13:37:10.732,1.3635,1.36375,3.60,1.50
2011.06.27 13:37:11.429,1.3635,1.36375,3.60,1.50
2011.06.27 13:37:13.107,1.3635,1.36374,3.60,2.40
2011.06.27 13:37:13.441,1.36358,1.36375,3.00,1.50
2011.06.27 13:37:13.549,1.36356,1.36375,3.00,2.40
2011.06.27 13:37:13.660,1.36356,1.36375,3.00,2.40
2011.06.27 13:37:13.769,1.36353,1.36375,2.10,2.40
2011.06.27 13:37:13.987,1.36353,1.36382,1.35,2.40
2011.06.27 13:37:14.320,1.36352,1.36376,1.50,1.35
2011.06.27 13:37:14.650,1.36349,1.36376,4.50,1.35
2011.06.27 13:37:15.088,1.3635,1.36376,1.50,2.01
2011.06.27 13:37:15.198,1.36349,1.36376,4.50,2.10
2011.06.27 13:37:15.794,1.36349,1.36376,1.50,2.10
2011.06.27 13:37:16.129,1.36348,1.36376,1.50,2.10
2011.06.27 13:37:16.350,1.36346,1.36373,1.35,2.40
2011.06.27 13:37:16.968,1.36348,1.36373,1.50,2.40
2011.06.27 13:37:17.078,1.36348,1.36373,2.25,2.40
2011.06.27 13:37:17.660,1.36349,1.36376,1.35,2.25
2011.06.27 13:37:18.208,1.36349,1.36376,1.35,2.25
2011.06.27 13:37:18.539,1.36346,1.36376,1.50,1.50
2011.06.27 13:37:18.758,1.36348,1.36374,1.50,2.40
2011.06.27 13:37:18.980,1.36349,1.36374,4.50,2.40
2011.06.27 13:37:19.527,1.36349,1.36376,5.25,1.50
2011.06.27 13:37:20.078,1.36352,1.36377,1.35,2.16
2011.06.27 13:37:20.500,1.36357,1.36376,1.35,1.50
2011.06.27 13:37:20.609,1.36357,1.36376,1.35,2.16
2011.06.27 13:37:21.134,1.3636,1.36386,1.35,1.50
2011.06.27 13:37:21.470,1.3636,1.36386,1.35,1.50
2011.06.27 13:37:22.019,1.3636,1.36386,3.00,1.50
2011.06.27 13:37:22.239,1.3636,1.36386,1.35,1.50
2011.06.27 13:37:22.462,1.36356,1.36386,2.40,1.50
2011.06.27 13:37:22.689,1.36355,1.36386,2.10,3.15
2011.06.27 13:37:22.910,1.36358,1.36386,1.50,3.15
2011.06.27 13:37:23.241,1.36355,1.36386,2.85,3.15
2011.06.27 13:37:23.460,1.36355,1.36386,2.85,3.15
2011.06.27 13:37:23.901,1.36356,1.36384,1.13,3.00
2011.06.27 13:37:24.008,1.36356,1.36384,1.13,3.00
2011.06.27 13:37:24.229,1.36359,1.36383,1.50,1.50
2011.06.27 13:37:24.338,1.36359,1.36388,2.25,1.50
2011.06.27 13:37:24.670,1.36362,1.36388,1.13,2.10
2011.06.27 13:37:25.084,1.3635,1.3638,3.75,1.35
2011.06.27 13:37:25.419,1.3635,1.36378,2.40,1.88
2011.06.27 13:37:25.529,1.36349,1.36372,1.50,1.35
2011.06.27 13:37:25.970,1.36349,1.36372,3.00,1.50
2011.06.27 13:37:26.189,1.36349,1.36372,3.00,1.50
2011.06.27 13:37:26.848,1.36349,1.36374,3.00,1.50
2011.06.27 13:37:26.958,1.36344,1.36374,3.60,1.50
2011.06.27 13:37:27.180,1.36344,1.36374,4.50,1.50
2011.06.27 13:37:27.398,1.36344,1.36372,2.10,1.50
2011.06.27 13:37:27.908,1.36345,1.36372,1.35,1.50
2011.06.27 13:37:28.439,1.3635,1.36372,3.00,1.50
2011.06.27 13:37:28.659,1.3635,1.36372,3.00,1.50
2011.06.27 13:37:29.287,1.36343,1.36367,3.75,2.16
2011.06.27 13:37:29.403,1.36344,1.36368,2.40,1.50
2011.06.27 13:37:29.631,1.36342,1.36368,1.13,1.50
2011.06.27 13:37:29.963,1.36344,1.36368,3.00,1.50
2011.06.27 13:37:30.302,1.36347,1.36373,1.65,1.50
2011.06.27 13:37:30.787,1.36353,1.36373,4.50,1.50
2011.06.27 13:37:31.008,1.36347,1.36373,1.65,1.50
2011.06.27 13:37:32.109,1.36348,1.36373,1.65,1.50
2011.06.27 13:37:32.441,1.36343,1.36371,2.40,3.75
2011.06.27 13:37:32.669,1.36339,1.36367,3.75,1.50
2011.06.27 13:37:35.679,1.36342,1.36367,2.10,1.50
2011.06.27 13:37:35.898,1.36346,1.36367,2.25,1.50
2011.06.27 13:37:36.010,1.36346,1.36367,1.65,1.50
2011.06.27 13:37:36.118,1.36341,1.36367,1.50,1.50
2011.06.27 13:37:36.629,1.3634,1.36367,2.40,1.50
2011.06.27 13:37:36.868,1.3634,1.36367,2.40,1.50
2011.06.27 13:37:37.199,1.36346,1.36367,1.65,1.50
2011.06.27 13:37:37.539,1.36349,1.36367,2.40,1.50
2011.06.27 13:37:38.090,1.36348,1.36367,2.40,1.50
2011.06.27 13:37:38.471,1.3635,1.36375,4.50,1.50
2011.06.27 13:37:39.028,1.36349,1.36375,3.00,1.50
2011.06.27 13:37:39.638,1.36348,1.36375,6.00,1.50
2011.06.27 13:37:40.079,1.36348,1.36372,4.65,1.50
2011.06.27 13:37:40.299,1.36344,1.36372,3.75,1.50
2011.06.27 13:37:40.521,1.36343,1.36369,1.50,1.35
2011.06.27 13:37:40.740,1.36343,1.36369,6.75,1.50
2011.06.27 13:37:41.180,1.36345,1.36373,2.25,1.50
2011.06.27 13:37:41.728,1.36345,1.36373,3.00,1.50
2011.06.27 13:37:42.999,1.36347,1.36373,2.40,1.50
2011.06.27 13:37:43.440,1.36348,1.36375,3.75,1.50
2011.06.27 13:37:43.988,1.36348,1.36377,6.15,1.50
2011.06.27 13:37:44.211,1.36347,1.36376,2.40,3.75
2011.06.27 13:37:44.539,1.36352,1.36376,3.60,3.15
2011.06.27 13:37:44.759,1.36353,1.36381,1.35,1.50
2011.06.27 13:37:45.088,1.36354,1.36381,2.10,1.50
2011.06.27 13:37:45.418,1.36354,1.36381,2.10,1.50
2011.06.27 13:37:45.528,1.36354,1.36381,2.10,1.50
2011.06.27 13:37:45.638,1.36357,1.36381,3.00,1.50
2011.06.27 13:37:46.170,1.36357,1.36384,1.88,1.50
2011.06.27 13:37:46.506,1.36349,1.36372,1.65,2.25
2011.06.27 13:37:46.620,1.36344,1.36366,1.73,2.40
2011.06.27 13:37:46.730,1.36347,1.36374,4.50,1.50
2011.06.27 13:37:47.167,1.36349,1.36377,1.35,1.50
2011.06.27 13:37:47.390,1.36347,1.36377,3.75,4.50
2011.06.27 13:37:48.380,1.3636,1.36378,2.48,1.50
2011.06.27 13:37:48.713,1.36365,1.36383,1.65,3.75
2011.06.27 13:37:49.123,1.36361,1.36389,2.25,1.50
2011.06.27 13:37:49.680,1.3636,1.36389,2.85,1.50
2011.06.27 13:37:50.963,1.3636,1.36389,5.85,1.50
2011.06.27 13:37:51.193,1.3636,1.36389,7.50,1.50
2011.06.27 13:37:51.310,1.3636,1.36389,2.85,1.50
2011.06.27 13:37:51.421,1.36356,1.36388,4.35,1.35
2011.06.27 13:37:51.529,1.36356,1.36388,1.35,1.35
2011.06.27 13:37:52.189,1.3636,1.36386,1.35,1.41
2011.06.27 13:37:52.907,1.3636,1.36386,1.35,2.16
2011.06.27 13:37:53.445,1.36357,1.36387,1.13,2.16
2011.06.27 13:37:53.561,1.36357,1.36387,1.13,2.16
2011.06.27 13:37:54.109,1.36357,1.36386,1.13,2.16
2011.06.27 13:37:54.440,1.36355,1.36374,3.38,1.50
2011.06.27 13:37:54.550,1.36355,1.36374,2.40,1.50
2011.06.27 13:37:54.879,1.36348,1.36374,2.63,2.25
2011.06.27 13:37:55.429,1.36346,1.36369,1.73,1.50
2011.06.27 13:37:55.979,1.36348,1.36369,1.13,1.50
2011.06.27 13:37:56.087,1.36348,1.36369,3.23,1.50
2011.06.27 13:37:56.698,1.36347,1.36369,1.13,1.50
2011.06.27 13:37:58.900,1.36348,1.36369,1.13,1.50
2011.06.27 13:37:59.448,1.36348,1.36369,1.13,1.50
2011.06.27 13:37:59.558,1.36348,1.36369,1.13,1.50
2011.06.27 13:37:59.892,1.36351,1.36369,1.50,1.50
2011.06.27 13:38:00.233,1.36355,1.36374,3.00,1.50
2011.06.27 13:38:00.352,1.3635,1.36374,3.75,1.50
2011.06.27 13:38:00.681,1.36354,1.36379,1.35,1.50
2011.06.27 13:38:00.790,1.36354,1.36379,4.73,1.50
2011.06.27 13:38:01.118,1.36356,1.3638,1.13,1.50
2011.06.27 13:38:01.492,1.36356,1.3638,1.13,1.50
2011.06.27 13:38:01.613,1.36356,1.36375,1.13,1.50
2011.06.27 13:38:02.169,1.36352,1.36375,1.13,1.50
2011.06.27 13:38:02.281,1.36352,1.36375,1.13,1.50
2011.06.27 13:38:02.389,1.36358,1.36375,3.00,1.50
2011.06.27 13:38:03.931,1.36353,1.3638,5.48,1.50
2011.06.27 13:38:04.040,1.3636,1.3638,4.73,1.50
2011.06.27 13:38:04.149,1.3636,1.36387,3.98,1.50
2011.06.27 13:38:04.589,1.36357,1.36381,2.85,1.50
2011.06.27 13:38:04.701,1.36356,1.36381,1.35,1.50
2011.06.27 13:38:04.919,1.36361,1.36381,3.60,1.50
2011.06.27 13:38:05.139,1.36364,1.36387,3.00,1.50
2011.06.27 13:38:05.249,1.36364,1.36387,3.60,1.50
2011.06.27 13:38:05.675,1.36368,1.36394,3.00,1.50
2011.06.27 13:38:06.120,1.36363,1.36391,1.35,1.50
2011.06.27 13:38:08.598,1.36363,1.36387,1.35,1.50
2011.06.27 13:38:09.149,1.36366,1.36385,1.65,1.50
2011.06.27 13:38:09.259,1.36366,1.36385,2.40,1.50
2011.06.27 13:38:09.368,1.36365,1.36385,1.35,1.50
2011.06.27 13:38:09.697,1.36365,1.36385,1.35,1.50
2011.06.27 13:38:10.513,1.36365,1.36385,1.35,1.50
2011.06.27 13:38:11.291,1.36368,1.3639,3.00,1.50
2011.06.27 13:38:11.509,1.36368,1.36391,3.00,1.50
2011.06.27 13:38:12.058,1.36368,1.36392,4.35,1.50
2011.06.27 13:38:12.608,1.36368,1.36392,4.35,1.50
2011.06.27 13:38:12.829,1.3637,1.36392,2.10,1.50
2011.06.27 13:38:14.411,1.36375,1.36396,3.00,1.50
2011.06.27 13:38:14.920,1.36375,1.36397,3.75,1.50
2011.06.27 13:38:15.034,1.36378,1.36402,3.60,2.25
2011.06.27 13:38:15.370,1.36378,1.36402,3.60,2.25
2011.06.27 13:38:15.920,1.36375,1.36399,1.35,1.50
2011.06.27 13:38:16.032,1.36374,1.36399,1.35,1.50
2011.06.27 13:38:16.369,1.36376,1.36399,1.35,1.50
2011.06.27 13:38:16.700,1.36379,1.36396,3.75,1.50
2011.06.27 13:38:16.920,1.36376,1.36396,2.40,1.50
2011.06.27 13:38:18.030,1.36373,1.36388,3.75,1.50
2011.06.27 13:38:18.359,1.36371,1.36388,3.75,1.50
2011.06.27 13:38:18.470,1.36373,1.36396,1.13,3.06
2011.06.27 13:38:18.579,1.36375,1.36397,2.25,2.16
2011.06.27 13:38:18.934,1.36373,1.36394,1.35,1.50
2011.06.27 13:38:20.068,1.36373,1.36394,1.35,1.50
2011.06.27 13:38:22.428,1.36373,1.36394,1.35,1.50
2011.06.27 13:38:22.540,1.36368,1.36387,3.75,1.50
2011.06.27 13:38:22.978,1.36374,1.36399,2.25,1.50
2011.06.27 13:38:23.308,1.36374,1.36399,3.00,1.50
2011.06.27 13:38:23.817,1.36374,1.36399,2.25,1.50
2011.06.27 13:38:24.157,1.36373,1.36387,1.50,1.50
2011.06.27 13:38:24.491,1.36368,1.36386,6.00,1.50
2011.06.27 13:38:25.220,1.36371,1.3639,3.75,1.50
2011.06.27 13:38:25.548,1.36373,1.36396,3.75,2.91
2011.06.27 13:38:26.099,1.36373,1.36396,3.75,1.50
2011.06.27 13:38:26.758,1.36373,1.36396,3.75,1.50
2011.06.27 13:38:26.979,1.36373,1.36396,4.35,1.50
2011.06.27 13:38:27.308,1.36373,1.36396,4.35,1.50
2011.06.27 13:38:28.354,1.36377,1.364,3.60,1.50
2011.06.27 13:38:28.471,1.36378,1.36401,3.60,1.50
2011.06.27 13:38:28.690,1.36377,1.36398,3.00,1.50
2011.06.27 13:38:28.803,1.36373,1.36397,3.75,1.50
2011.06.27 13:38:28.920,1.36373,1.36397,3.75,1.50
2011.06.27 13:38:29.422,1.36362,1.36385,1.50,1.50
2011.06.27 13:38:29.531,1.3636,1.36385,3.75,1.50
2011.06.27 13:38:29.929,1.36365,1.36385,3.60,1.50
2011.06.27 13:38:30.039,1.36365,1.36385,3.00,1.50
2011.06.27 13:38:30.149,1.36362,1.36385,1.13,1.50
2011.06.27 13:38:30.259,1.36361,1.36385,3.75,1.50
2011.06.27 13:38:30.808,1.36363,1.36385,3.00,1.50
2011.06.27 13:38:31.358,1.36363,1.36385,3.60,1.50
2011.06.27 13:38:31.687,1.36363,1.36385,3.60,1.50
2011.06.27 13:38:31.819,1.36363,1.36385,3.60,1.50
2011.06.27 13:38:32.149,1.36368,1.36391,3.00,1.50
2011.06.27 13:38:32.479,1.36368,1.36393,3.00,1.50
2011.06.27 13:38:32.701,1.3637,1.36389,3.00,1.50
2011.06.27 13:38:32.811,1.36369,1.36389,1.50,1.50
2011.06.27 13:38:33.157,1.36365,1.36382,3.00,1.50
2011.06.27 13:38:33.492,1.36374,1.3639,3.00,1.50
2011.06.27 13:38:33.612,1.3637,1.3639,1.35,2.25
2011.06.27 13:38:33.733,1.36367,1.3639,3.75,1.50
2011.06.27 13:38:33.851,1.3637,1.3639,1.50,1.50
2011.06.27 13:38:34.069,1.36367,1.3639,4.50,1.50
2011.06.27 13:38:34.291,1.36367,1.36392,3.75,1.50
2011.06.27 13:38:34.621,1.36385,1.36396,1.65,1.41
2011.06.27 13:38:34.733,1.36385,1.36404,3.15,3.75
2011.06.27 13:38:34.851,1.36373,1.36398,1.50,5.85
2011.06.27 13:38:34.961,1.3637,1.36395,1.50,1.50
2011.06.27 13:38:35.291,1.36368,1.36387,2.10,1.50
2011.06.27 13:38:36.989,1.36367,1.36387,1.50,1.50
2011.06.27 13:38:37.100,1.3637,1.36387,1.50,2.25
2011.06.27 13:38:37.212,1.3637,1.36387,1.50,6.66
2011.06.27 13:38:37.330,1.36365,1.36386,1.50,1.50
2011.06.27 13:38:37.769,1.36365,1.36391,1.35,1.50
2011.06.27 13:38:38.209,1.36365,1.36391,1.35,1.50
2011.06.27 13:38:38.430,1.36366,1.36391,1.13,2.25
2011.06.27 13:38:38.759,1.36371,1.36397,3.75,1.50
2011.06.27 13:38:39.201,1.36374,1.364,1.50,1.50
2011.06.27 13:38:39.639,1.36377,1.36403,3.00,2.25
2011.06.27 13:38:40.660,1.36377,1.36403,1.35,1.50
2011.06.27 13:38:41.321,1.3638,1.364,1.50,4.50
2011.06.27 13:38:41.538,1.36376,1.36397,1.50,1.50
2011.06.27 13:38:41.649,1.36376,1.36397,2.10,1.50
2011.06.27 13:38:42.198,1.36378,1.36397,1.35,1.50
2011.06.27 13:38:42.598,1.36379,1.36398,1.50,1.50
2011.06.27 13:38:42.710,1.36378,1.36397,2.10,1.50
2011.06.27 13:38:44.249,1.36378,1.36397,2.10,1.50
2011.06.27 13:38:44.709,1.36378,1.36397,1.35,1.50
2011.06.27 13:38:46.298,1.36378,1.36397,1.35,1.50
2011.06.27 13:38:46.410,1.36377,1.36397,1.50,1.50
2011.06.27 13:38:46.739,1.36379,1.364,1.35,6.90
2011.06.27 13:38:46.849,1.36379,1.364,1.35,2.40
2011.06.27 13:38:47.068,1.36379,1.36403,1.35,2.25
2011.06.27 13:38:48.399,1.36378,1.36403,1.50,1.50
2011.06.27 13:38:48.620,1.36376,1.36399,1.50,1.50
2011.06.27 13:38:48.730,1.36375,1.36398,1.50,1.35
2011.06.27 13:38:48.840,1.36372,1.36392,4.50,1.50
2011.06.27 13:38:49.169,1.3637,1.36392,1.50,1.50
2011.06.27 13:38:49.719,1.3637,1.36392,1.50,1.50
2011.06.27 13:38:50.557,1.3637,1.36392,1.50,1.50
2011.06.27 13:38:50.891,1.3637,1.36392,1.50,1.50
2011.06.27 13:38:51.480,1.3637,1.36392,2.10,1.50
2011.06.27 13:38:51.919,1.3637,1.36392,2.10,1.50
2011.06.27 13:38:52.250,1.36381,1.36394,1.35,1.65
2011.06.27 13:38:52.446,1.36381,1.364,1.35,1.50
2011.06.27 13:38:52.562,1.36381,1.36404,1.35,1.50
2011.06.27 13:38:52.893,1.3638,1.36404,1.35,1.50
2011.06.27 13:38:53.121,1.36376,1.364,1.50,1.50
2011.06.27 13:38:53.234,1.36376,1.36396,1.50,5.25
2011.06.27 13:38:53.571,1.36379,1.36402,1.35,1.50
2011.06.27 13:38:53.682,1.3638,1.36402,1.35,1.50
2011.06.27 13:38:54.290,1.36379,1.36401,1.35,1.50
2011.06.27 13:38:54.837,1.36378,1.36401,1.50,1.50
2011.06.27 13:38:55.388,1.36379,1.36401,3.75,1.50
2011.06.27 13:38:55.718,1.36384,1.36402,1.35,1.50
2011.06.27 13:38:56.049,1.3638,1.36401,1.50,1.50
2011.06.27 13:38:56.708,1.36381,1.36401,1.50,1.50
2011.06.27 13:38:57.479,1.36378,1.36397,1.35,1.50
2011.06.27 13:38:58.619,1.36379,1.36398,1.35,1.50
2011.06.27 13:38:59.229,1.36378,1.36397,1.50,1.50
2011.06.27 13:38:59.559,1.36378,1.36396,1.50,5.25
2011.06.27 13:38:59.891,1.36378,1.36397,1.50,1.50
2011.06.27 13:39:00.328,1.36377,1.36397,1.50,1.50
2011.06.27 13:39:00.768,1.36377,1.36397,1.50,1.50
2011.06.27 13:39:01.831,1.36373,1.36397,1.50,1.50
2011.06.27 13:39:01.939,1.36373,1.36397,1.50,1.50
2011.06.27 13:39:02.281,1.36373,1.36393,1.50,4.50
2011.06.27 13:39:02.502,1.36371,1.36389,3.75,4.50
2011.06.27 13:39:02.841,1.36369,1.36392,2.10,1.50
2011.06.27 13:39:03.034,1.3637,1.36392,1.35,1.50
2011.06.27 13:39:03.481,1.36366,1.36385,4.50,1.50
2011.06.27 13:39:03.920,1.3637,1.36392,1.35,1.50
2011.06.27 13:39:04.138,1.3637,1.36392,1.35,1.50
2011.06.27 13:39:04.930,1.3637,1.36392,1.35,1.50
2011.06.27 13:39:05.479,1.3637,1.36392,1.35,3.15
2011.06.27 13:39:06.249,1.36369,1.36392,1.35,3.15
2011.06.27 13:39:07.239,1.36368,1.36386,1.50,4.50
2011.06.27 13:39:07.570,1.36369,1.36386,2.10,1.65
2011.06.27 13:39:07.679,1.36369,1.36395,3.75,1.50
2011.06.27 13:39:08.119,1.36369,1.36391,2.10,1.50
2011.06.27 13:39:08.888,1.36369,1.36389,1.50,1.65
2011.06.27 13:39:09.728,1.36369,1.36387,1.50,1.65
2011.06.27 13:39:09.948,1.36369,1.36387,1.50,1.65
2011.06.27 13:39:10.168,1.36369,1.36387,1.50,1.65
2011.06.27 13:39:10.874,1.36369,1.36388,1.50,1.65
2011.06.27 13:39:11.429,1.36368,1.36387,2.25,1.65
2011.06.27 13:39:11.538,1.36368,1.36387,2.25,1.65
2011.06.27 13:39:11.877,1.36368,1.36387,2.25,1.65
2011.06.27 13:39:11.988,1.36368,1.36387,2.25,2.40
2011.06.27 13:39:12.099,1.36365,1.36379,1.50,1.65
2011.06.27 13:39:12.648,1.36365,1.3638,1.50,1.65
2011.06.27 13:39:13.169,1.36365,1.3638,1.50,1.65
2011.06.27 13:39:13.846,1.36365,1.3638,1.50,1.65
2011.06.27 13:39:14.178,1.36365,1.36373,1.50,1.65
2011.06.27 13:39:14.872,1.36365,1.36373,1.50,1.65
2011.06.27 13:39:16.770,1.36365,1.36375,1.50,1.65
2011.06.27 13:39:16.988,1.36365,1.36375,1.50,1.65
2011.06.27 13:39:18.158,1.36365,1.36375,1.50,1.65
2011.06.27 13:39:18.502,1.36365,1.36373,1.50,1.65
2011.06.27 13:39:18.989,1.36365,1.36375,1.50,1.65
2011.06.27 13:39:19.772,1.36365,1.36375,1.50,1.65
2011.06.27 13:39:20.658,1.36365,1.36375,1.50,1.65
2011.06.27 13:39:21.419,1.36365,1.36375,1.50,1.65
2011.06.27 13:39:21.528,1.36365,1.36375,1.50,1.65
2011.06.27 13:39:21.969,1.3637,1.36375,3.60,1.65
2011.06.27 13:39:22.189,1.3637,1.36388,4.35,1.65
2011.06.27 13:39:23.778,1.36371,1.36388,1.50,2.40
2011.06.27 13:39:24.000,1.36373,1.36388,3.60,2.40
2011.06.27 13:39:24.329,1.36374,1.36387,1.35,1.65
2011.06.27 13:39:24.439,1.36373,1.36387,3.60,1.65
2011.06.27 13:39:25.303,1.36373,1.36387,3.60,2.40
2011.06.27 13:39:25.411,1.36373,1.36387,3.60,2.40
2011.06.27 13:39:25.520,1.36373,1.36387,3.60,2.40
2011.06.27 13:39:25.849,1.36373,1.36387,3.00,2.40
2011.06.27 13:39:26.068,1.36373,1.36387,3.00,2.40
2011.06.27 13:39:26.399,1.36373,1.36387,3.00,2.40
2011.06.27 13:39:26.509,1.36367,1.36387,1.35,2.40
2011.06.27 13:39:26.730,1.36365,1.36374,1.50,1.65
2011.06.27 13:39:27.168,1.36364,1.36374,3.75,1.65
2011.06.27 13:39:27.738,1.36364,1.36374,3.00,1.65
2011.06.27 13:39:28.270,1.36364,1.36375,3.00,1.65
2011.06.27 13:39:28.748,1.36361,1.36374,2.10,1.65
2011.06.27 13:39:30.620,1.36358,1.36374,1.13,2.40
2011.06.27 13:39:30.996,1.36357,1.3637,1.35,1.65
2011.06.27 13:39:31.444,1.36355,1.36369,1.13,1.65
2011.06.27 13:39:31.672,1.36358,1.3638,3.75,1.50
2011.06.27 13:39:32.015,1.36356,1.36383,1.50,1.50
2011.06.27 13:39:32.350,1.3636,1.36383,2.85,1.50
2011.06.27 13:39:32.681,1.36356,1.36373,1.50,1.65
2011.06.27 13:39:32.792,1.36356,1.36373,1.50,1.65
2011.06.27 13:39:33.020,1.36355,1.36368,1.35,1.65
2011.06.27 13:39:33.128,1.36355,1.36373,1.35,2.40
2011.06.27 13:39:33.350,1.36355,1.36371,1.35,1.65
2011.06.27 13:39:33.679,1.36355,1.36369,1.35,1.65
2011.06.27 13:39:34.169,1.36355,1.36371,1.35,1.65
2011.06.27 13:39:34.720,1.36355,1.36372,1.35,1.65
2011.06.27 13:39:35.051,1.36361,1.3638,2.85,2.40
2011.06.27 13:39:35.160,1.36366,1.36383,1.13,2.40
2011.06.27 13:39:35.270,1.36362,1.36378,3.75,1.65
2011.06.27 13:39:35.382,1.36362,1.36378,3.00,1.65
2011.06.27 13:39:35.492,1.36362,1.3637,3.00,1.65
2011.06.27 13:39:35.600,1.36357,1.3637,1.73,1.65
2011.06.27 13:39:35.709,1.3636,1.3637,3.75,1.65
2011.06.27 13:39:35.820,1.3636,1.36374,3.75,1.65
2011.06.27 13:39:35.932,1.36365,1.36374,2.10,1.65
2011.06.27 13:39:36.261,1.36369,1.36386,1.35,1.65
2011.06.27 13:39:36.370,1.36369,1.36382,1.35,1.65
2011.06.27 13:39:36.883,1.36364,1.3638,1.50,1.65
2011.06.27 13:39:37.221,1.3636,1.36377,3.75,1.65
2011.06.27 13:39:37.330,1.36361,1.3638,1.13,1.65
2011.06.27 13:39:37.439,1.36361,1.3638,3.23,1.65
2011.06.27 13:39:37.989,1.36365,1.36379,1.35,1.65
2011.06.27 13:39:38.318,1.36363,1.36377,2.25,1.65
2011.06.27 13:39:38.869,1.36363,1.36377,2.25,1.65
2011.06.27 13:39:39.310,1.36363,1.36377,2.25,1.65
2011.06.27 13:39:39.420,1.36365,1.3638,3.75,1.65
2011.06.27 13:39:39.531,1.36365,1.36379,3.75,1.65
2011.06.27 13:39:39.751,1.36366,1.36379,1.35,1.65
2011.06.27 13:39:39.971,1.36367,1.36381,1.50,1.65
2011.06.27 13:39:40.189,1.36369,1.36381,2.10,1.65
2011.06.27 13:39:40.299,1.36373,1.36387,1.35,1.65
2011.06.27 13:39:40.593,1.3637,1.36383,2.10,1.65
2011.06.27 13:39:41.150,1.36371,1.36384,1.35,1.65
2011.06.27 13:39:41.260,1.3637,1.36386,1.35,1.65
2011.06.27 13:39:41.370,1.36371,1.36389,3.60,1.65
2011.06.27 13:39:41.483,1.36371,1.36382,3.00,1.65
2011.06.27 13:39:41.820,1.36365,1.36382,1.50,1.65
2011.06.27 13:39:41.929,1.36365,1.36378,1.50,1.65
2011.06.27 13:39:42.480,1.36367,1.36381,3.00,1.65
2011.06.27 13:39:42.809,1.36364,1.36381,1.50,1.65
2011.06.27 13:39:42.919,1.36363,1.36379,3.75,1.65
2011.06.27 13:39:43.138,1.36363,1.36378,3.00,1.65
2011.06.27 13:39:43.851,1.36358,1.36368,1.50,1.65
2011.06.27 13:39:44.293,1.36353,1.36363,3.60,1.65
2011.06.27 13:39:44.411,1.36353,1.36363,2.85,1.65
2011.06.27 13:39:45.422,1.36353,1.3637,1.35,1.65
2011.06.27 13:39:45.652,1.36353,1.36363,4.35,1.65
2011.06.27 13:39:45.992,1.36353,1.36364,1.35,1.65
2011.06.27 13:39:46.208,1.36354,1.36368,1.50,1.65
2011.06.27 13:39:47.558,1.36356,1.36366,1.50,1.65
2011.06.27 13:39:47.891,1.36364,1.36379,3.00,1.65
2011.06.27 13:39:48.110,1.36361,1.36374,2.10,1.65
2011.06.27 13:39:48.548,1.36358,1.36374,3.75,2.40
2011.06.27 13:39:48.989,1.36358,1.3637,3.75,1.65
2011.06.27 13:39:49.102,1.36359,1.36375,1.50,1.65
2011.06.27 13:39:49.220,1.36359,1.36369,1.50,1.65
2011.06.27 13:39:49.443,1.36354,1.36367,2.10,1.65
2011.06.27 13:39:49.561,1.36363,1.36374,1.35,2.40
2011.06.27 13:39:49.669,1.36364,1.36376,1.35,2.31
2011.06.27 13:39:50.220,1.36365,1.3638,1.35,2.40
2011.06.27 13:39:50.633,1.36366,1.3638,3.75,1.65
2011.06.27 13:39:50.755,1.36369,1.36386,2.10,2.40
2011.06.27 13:39:51.310,1.36369,1.36385,1.50,1.65
2011.06.27 13:39:51.920,1.36369,1.36386,1.50,1.65
2011.06.27 13:39:52.469,1.36373,1.36386,3.75,1.65
2011.06.27 13:39:52.691,1.36369,1.36385,4.50,1.65
2011.06.27 13:39:53.239,1.36369,1.36385,4.50,1.65
2011.06.27 13:39:53.789,1.36369,1.36385,4.50,1.65
2011.06.27 13:39:55.109,1.36369,1.36385,4.50,1.65
2011.06.27 13:39:55.660,1.36369,1.36385,4.50,1.65
2011.06.27 13:39:55.904,1.3637,1.36387,3.00,1.65
2011.06.27 13:39:56.489,1.36369,1.36387,1.50,1.65
2011.06.27 13:39:56.599,1.36371,1.36385,1.35,1.65
2011.06.27 13:39:56.819,1.36371,1.36388,1.35,2.40
2011.06.27 13:39:57.372,1.36365,1.36378,1.50,1.65
2011.06.27 13:39:57.479,1.36365,1.3638,1.50,1.65
2011.06.27 13:39:58.031,1.36358,1.36374,3.00,1.65
2011.06.27 13:39:58.140,1.36358,1.36374,1.50,1.65
2011.06.27 13:39:58.358,1.36358,1.36374,1.50,1.65
2011.06.27 13:39:58.577,1.36357,1.36374,1.50,1.65
2011.06.27 13:39:59.829,1.36358,1.36374,1.35,1.65
2011.06.27 13:40:00.159,1.36362,1.36381,3.60,2.40
2011.06.27 13:40:00.269,1.36362,1.36381,1.50,2.40
2011.06.27 13:40:00.614,1.36361,1.36373,4.50,1.65
2011.06.27 13:40:00.957,1.36356,1.36378,1.50,2.40
2011.06.27 13:40:01.182,1.36355,1.36372,1.13,1.65
2011.06.27 13:40:01.410,1.36355,1.36377,1.88,2.40
2011.06.27 13:40:01.629,1.36355,1.36377,1.88,1.65
2011.06.27 13:40:02.179,1.36362,1.36376,1.35,1.65
2011.06.27 13:40:02.950,1.36364,1.36376,1.35,1.65
2011.06.27 13:40:03.394,1.36364,1.36384,5.10,1.65
2011.06.27 13:40:03.510,1.36364,1.36384,1.50,3.00
2011.06.27 13:40:03.839,1.36355,1.36382,1.50,2.85
2011.06.27 13:40:04.290,1.36356,1.36378,1.50,1.35
2011.06.27 13:40:04.403,1.36352,1.36369,1.50,1.65
2011.06.27 13:40:04.524,1.36349,1.36369,2.63,1.65
2011.06.27 13:40:04.641,1.36349,1.36366,1.13,1.65
2011.06.27 13:40:04.973,1.36352,1.36366,1.88,1.65
2011.06.27 13:40:05.309,1.36351,1.36372,6.75,1.65
2011.06.27 13:40:05.422,1.36352,1.36372,1.50,1.65
2011.06.27 13:40:05.529,1.36359,1.36372,3.75,1.65
2011.06.27 13:40:05.860,1.36359,1.36379,3.75,2.40
2011.06.27 13:40:05.969,1.36359,1.36379,3.75,1.65
2011.06.27 13:40:06.078,1.36359,1.36379,3.75,1.65
2011.06.27 13:40:07.120,1.36358,1.36379,1.13,2.25
2011.06.27 13:40:07.454,1.3635,1.36376,1.88,1.50
2011.06.27 13:40:08.670,1.36351,1.36377,1.50,4.35
2011.06.27 13:40:08.780,1.36351,1.36378,1.35,1.50
2011.06.27 13:40:09.000,1.36351,1.36377,1.50,1.35
2011.06.27 13:40:09.548,1.36351,1.36377,1.50,1.35
2011.06.27 13:40:09.770,1.36351,1.36377,1.50,1.35
2011.06.27 13:40:10.319,1.36351,1.36378,1.50,1.35
2011.06.27 13:40:10.667,1.36353,1.36382,1.13,1.50
2011.06.27 13:40:10.892,1.36353,1.36381,3.75,1.13
2011.06.27 13:40:11.111,1.36354,1.36381,3.75,4.13
2011.06.27 13:40:12.229,1.36352,1.36379,1.50,1.50
2011.06.27 13:40:12.469,1.36352,1.36379,1.50,1.50
2011.06.27 13:40:13.028,1.36352,1.36378,1.50,2.40
2011.06.27 13:40:13.697,1.36352,1.36378,1.50,2.40
2011.06.27 13:40:14.247,1.36352,1.36378,1.50,2.40
2011.06.27 13:40:14.752,1.36355,1.36381,2.40,1.50
2011.06.27 13:40:15.199,1.36356,1.36382,1.35,1.50
2011.06.27 13:40:15.528,1.36356,1.36381,2.10,1.50
2011.06.27 13:40:15.860,1.36351,1.36376,1.35,3.75
2011.06.27 13:40:16.081,1.36348,1.36378,1.73,1.50
2011.06.27 13:40:16.191,1.36351,1.36379,1.35,4.50
2011.06.27 13:40:16.518,1.36351,1.36378,1.35,1.50
2011.06.27 13:40:16.740,1.36348,1.36375,1.50,3.00
2011.06.27 13:40:16.852,1.36347,1.36375,2.10,4.50
2011.06.27 13:40:17.180,1.36347,1.36375,2.10,1.50
2011.06.27 13:40:17.732,1.36359,1.36376,2.10,2.40
2011.06.27 13:40:18.175,1.36371,1.36386,3.00,1.50
2011.06.27 13:40:18.291,1.36371,1.36389,3.00,1.50
2011.06.27 13:40:18.404,1.36371,1.36394,3.75,1.50
2011.06.27 13:40:18.740,1.36368,1.36395,3.75,1.50
2011.06.27 13:40:18.958,1.36369,1.36394,1.35,1.50
2011.06.27 13:40:19.399,1.36372,1.364,1.50,1.50
2011.06.27 13:40:19.509,1.36373,1.364,2.25,1.50
2011.06.27 13:40:19.840,1.36375,1.36404,4.50,2.10
2011.06.27 13:40:20.279,1.36376,1.36403,1.50,2.40
2011.06.27 13:40:20.829,1.36378,1.36404,1.35,1.50
2011.06.27 13:40:22.260,1.3638,1.36403,1.50,3.75
2011.06.27 13:40:22.589,1.36374,1.36399,3.00,1.35
2011.06.27 13:40:22.919,1.36373,1.36395,3.75,1.65
2011.06.27 13:40:23.429,1.36373,1.36395,3.75,2.40
2011.06.27 13:40:23.762,1.36373,1.36399,3.75,1.35
2011.06.27 13:40:23.989,1.36372,1.36397,1.50,1.50
2011.06.27 13:40:24.210,1.3637,1.36395,3.75,2.78
2011.06.27 13:40:24.319,1.3637,1.36388,3.75,1.65
2011.06.27 13:40:24.429,1.3637,1.36388,3.75,1.65
2011.06.27 13:40:25.258,1.3637,1.36388,3.00,2.40
2011.06.27 13:40:25.479,1.3637,1.36388,3.75,2.40
2011.06.27 13:40:25.809,1.36367,1.36394,1.88,1.50
2011.06.27 13:40:25.920,1.36367,1.36394,1.50,2.25
2011.06.27 13:40:26.030,1.36367,1.36392,1.50,3.00
2011.06.27 13:40:26.472,1.36362,1.3639,1.50,2.40
2011.06.27 13:40:26.800,1.36368,1.36389,2.40,1.50
2011.06.27 13:40:27.018,1.36362,1.36389,1.50,1.50
2011.06.27 13:40:27.239,1.36362,1.36383,1.50,1.35
2011.06.27 13:40:28.490,1.36357,1.3638,1.50,1.65
2011.06.27 13:40:28.931,1.36361,1.36384,2.40,1.50
2011.06.27 13:40:29.150,1.36362,1.36386,3.75,1.65
2011.06.27 13:40:29.371,1.36362,1.36386,3.75,2.40
2011.06.27 13:40:29.904,1.36358,1.36383,1.65,1.35
2011.06.27 13:40:30.020,1.36357,1.36379,1.50,1.65
2011.06.27 13:40:30.351,1.36357,1.36379,1.50,1.65
2011.06.27 13:40:30.460,1.36357,1.36381,1.50,2.40
2011.06.27 13:40:31.120,1.36358,1.36381,3.75,2.40
2011.06.27 13:40:31.451,1.36357,1.36382,2.10,2.40
2011.06.27 13:40:31.780,1.36357,1.36382,1.50,2.40
2011.06.27 13:40:32.881,1.36356,1.36381,1.50,1.65
2011.06.27 13:40:32.987,1.36356,1.36381,1.50,1.65
2011.06.27 13:40:34.211,1.36356,1.36381,1.50,1.65
2011.06.27 13:40:34.538,1.36356,1.36381,1.50,1.65
2011.06.27 13:40:35.358,1.36361,1.36384,1.50,1.35
2011.06.27 13:40:35.468,1.36361,1.36386,1.50,1.35
2011.06.27 13:40:36.018,1.36361,1.36386,1.50,1.35
2011.06.27 13:40:36.760,1.36361,1.36386,1.50,4.35
2011.06.27 13:40:37.089,1.36356,1.3638,2.40,2.25
2011.06.27 13:40:37.419,1.36356,1.36379,2.40,1.50
2011.06.27 13:40:37.860,1.36349,1.36376,3.00,1.50
2011.06.27 13:40:38.079,1.36349,1.36375,2.40,2.10
2011.06.27 13:40:38.520,1.36351,1.36376,1.35,1.50
2011.06.27 13:40:38.740,1.36351,1.36378,1.35,2.40
2011.06.27 13:40:39.083,1.36348,1.36371,1.50,2.40
2011.06.27 13:40:39.419,1.36347,1.36371,1.35,1.65
2011.06.27 13:40:39.751,1.36347,1.36371,1.35,2.40
2011.06.27 13:40:39.973,1.36347,1.36372,1.35,1.50
2011.06.27 13:40:40.419,1.36341,1.3637,2.10,1.65
2011.06.27 13:40:40.639,1.36341,1.3637,2.10,1.65
2011.06.27 13:40:40.970,1.36338,1.36362,2.63,1.50
2011.06.27 13:40:41.190,1.36338,1.36364,1.13,1.35
2011.06.27 13:40:41.409,1.36339,1.36366,1.35,2.25
2011.06.27 13:40:41.628,1.36339,1.36367,1.35,1.50
2011.06.27 13:40:41.958,1.36339,1.36367,1.35,1.50
2011.06.27 13:40:42.070,1.36338,1.36361,1.50,1.13
2011.06.27 13:40:42.181,1.36338,1.36358,1.50,3.75
2011.06.27 13:40:42.616,1.36327,1.36357,1.50,1.50
2011.06.27 13:40:43.722,1.36333,1.36356,1.35,1.50
2011.06.27 13:40:43.952,1.36333,1.36362,1.35,1.50
2011.06.27 13:40:44.059,1.36333,1.36363,1.35,1.50
2011.06.27 13:40:44.608,1.36333,1.36363,1.35,1.50
2011.06.27 13:40:45.178,1.36336,1.36363,1.50,1.50
2011.06.27 13:40:46.061,1.36346,1.36365,1.50,1.35
2011.06.27 13:40:46.170,1.36346,1.36366,1.50,3.60
2011.06.27 13:40:46.281,1.36353,1.36366,4.50,3.00
2011.06.27 13:40:46.720,1.36346,1.3637,2.40,2.10
2011.06.27 13:40:46.939,1.36338,1.36366,1.50,1.35
2011.06.27 13:40:47.159,1.36338,1.36366,1.50,2.10
2011.06.27 13:40:47.380,1.36338,1.36366,1.50,2.10
2011.06.27 13:40:47.929,1.36338,1.36365,1.50,1.50
2011.06.27 13:40:48.371,1.36338,1.36361,1.50,1.50
2011.06.27 13:40:48.702,1.36339,1.3636,1.50,1.50
2011.06.27 13:40:48.811,1.36337,1.36353,3.75,4.50
2011.06.27 13:40:49.030,1.36334,1.36355,2.40,1.50
2011.06.27 13:40:49.140,1.36334,1.36352,2.40,4.50
2011.06.27 13:40:49.468,1.36328,1.36352,1.50,4.50
2011.06.27 13:40:49.579,1.36328,1.36353,1.50,1.50
2011.06.27 13:40:49.689,1.36328,1.36353,1.88,1.50
2011.06.27 13:40:50.371,1.36337,1.36359,1.35,2.25
2011.06.27 13:40:50.866,1.36339,1.36354,1.35,4.50
2011.06.27 13:40:50.985,1.36334,1.36354,1.50,4.50
2011.06.27 13:40:51.592,1.36332,1.36354,1.35,4.50
2011.06.27 13:40:51.929,1.3633,1.36354,2.10,4.50
2011.06.27 13:40:52.480,1.3633,1.36354,2.10,5.25
2011.06.27 13:40:52.590,1.3633,1.36348,1.35,4.50
2011.06.27 13:40:52.809,1.36333,1.36354,3.75,4.50
2011.06.27 13:40:53.193,1.36333,1.36354,3.75,4.50
2011.06.27 13:40:53.304,1.36332,1.36358,1.50,5.25
2011.06.27 13:40:53.982,1.36332,1.36358,1.50,5.25
2011.06.27 13:40:54.430,1.36332,1.36358,1.50,5.25
2011.06.27 13:40:54.933,1.36332,1.36358,1.50,5.25
2011.06.27 13:40:55.162,1.36337,1.36359,1.35,1.50
2011.06.27 13:40:55.392,1.36337,1.3636,1.35,1.50
2011.06.27 13:40:55.950,1.36336,1.36362,1.50,4.50
2011.06.27 13:40:56.279,1.36336,1.36359,1.50,4.50
2011.06.27 13:40:57.608,1.36336,1.36359,1.50,4.50
2011.06.27 13:40:59.319,1.36336,1.36359,1.50,4.50
2011.06.27 13:40:59.918,1.36336,1.36359,1.50,4.50
2011.06.27 13:41:01.209,1.36336,1.36359,1.50,1.35
2011.06.27 13:41:01.429,1.36334,1.3636,1.35,1.50
2011.06.27 13:41:01.650,1.36334,1.36356,1.35,4.50
2011.06.27 13:41:02.479,1.36334,1.3636,1.35,4.50
2011.06.27 13:41:02.921,1.36345,1.3636,1.35,4.50
2011.06.27 13:41:03.033,1.36345,1.36365,1.35,4.50
2011.06.27 13:41:04.250,1.36345,1.36365,1.35,4.50
2011.06.27 13:41:04.472,1.36341,1.36359,1.35,4.50
2011.06.27 13:41:04.590,1.36341,1.36367,4.35,1.50
2011.06.27 13:41:05.379,1.36341,1.36366,6.15,2.25
2011.06.27 13:41:05.491,1.36341,1.36366,6.15,2.25
2011.06.27 13:41:06.477,1.36341,1.36366,6.15,2.25
2011.06.27 13:41:06.699,1.36341,1.36366,4.50,2.25
2011.06.27 13:41:07.031,1.36341,1.36367,4.50,1.50
2011.06.27 13:41:07.249,1.36343,1.36366,3.75,1.50
2011.06.27 13:41:07.359,1.36341,1.36365,1.50,1.50
2011.06.27 13:41:07.690,1.36336,1.36364,1.50,4.50
2011.06.27 13:41:08.789,1.36344,1.36364,1.13,4.50
2011.06.27 13:41:09.023,1.36345,1.36367,2.40,1.50
2011.06.27 13:41:09.136,1.36345,1.36373,3.75,1.50
2011.06.27 13:41:09.249,1.36347,1.36375,1.50,1.35
2011.06.27 13:41:10.700,1.36349,1.36375,3.75,1.50
2011.06.27 13:41:11.029,1.36351,1.36375,3.75,1.50
2011.06.27 13:41:11.142,1.36351,1.36373,3.75,1.35
2011.06.27 13:41:11.360,1.36349,1.36374,1.50,1.50
2011.06.27 13:41:11.690,1.36346,1.36372,1.50,2.10
2011.06.27 13:41:12.022,1.36347,1.36372,1.35,2.25
2011.06.27 13:41:12.141,1.36347,1.36372,3.00,1.50
2011.06.27 13:41:12.361,1.36348,1.36375,3.75,1.50
2011.06.27 13:41:12.690,1.36349,1.36377,1.50,1.35
2011.06.27 13:41:13.280,1.3635,1.36378,1.73,1.50
2011.06.27 13:41:13.608,1.36353,1.36379,2.40,1.50
2011.06.27 13:41:14.269,1.36353,1.3638,2.40,2.25
2011.06.27 13:41:14.709,1.36354,1.36378,2.40,1.35
2011.06.27 13:41:14.821,1.36354,1.36376,2.40,1.35
2011.06.27 13:41:15.543,1.36352,1.36375,1.35,2.25
2011.06.27 13:41:16.151,1.36352,1.36375,1.35,1.50
2011.06.27 13:41:16.369,1.3635,1.36374,1.50,1.50
2011.06.27 13:41:16.700,1.36351,1.36375,2.40,1.50
2011.06.27 13:41:17.290,1.3635,1.36374,1.50,1.50
2011.06.27 13:41:18.342,1.36357,1.36374,2.40,1.50
2011.06.27 13:41:18.573,1.36354,1.3638,3.75,1.50
2011.06.27 13:41:18.800,1.36353,1.3638,1.88,1.50
2011.06.27 13:41:19.023,1.36355,1.36381,1.35,1.50
2011.06.27 13:41:19.360,1.36353,1.36379,3.75,1.50
2011.06.27 13:41:19.691,1.36355,1.36379,3.75,1.13
2011.06.27 13:41:19.802,1.36354,1.3638,2.40,1.13
2011.06.27 13:41:20.240,1.3635,1.36377,4.50,2.10
2011.06.27 13:41:20.461,1.36343,1.36369,6.00,1.35
2011.06.27 13:41:21.028,1.36344,1.3637,5.25,1.50
2011.06.27 13:41:21.583,1.36344,1.3637,3.75,1.50
2011.06.27 13:41:21.810,1.36349,1.36377,1.50,1.50
2011.06.27 13:41:22.032,1.36349,1.36373,1.50,1.35
2011.06.27 13:41:22.359,1.36346,1.36373,1.50,2.10
2011.06.27 13:41:22.471,1.36346,1.36373,1.50,1.50
2011.06.27 13:41:22.690,1.36346,1.36373,1.50,1.50
2011.06.27 13:41:23.570,1.36349,1.36378,1.35,3.90
2011.06.27 13:41:23.789,1.36349,1.36376,1.35,1.50
2011.06.27 13:41:24.118,1.36349,1.36376,1.35,1.50
2011.06.27 13:41:24.889,1.36349,1.36376,1.35,1.50
2011.06.27 13:41:25.419,1.36358,1.36378,2.40,1.50
2011.06.27 13:41:25.641,1.36352,1.3638,1.50,2.40
2011.06.27 13:41:26.469,1.36353,1.36382,3.75,2.10
2011.06.27 13:41:26.689,1.36353,1.36382,3.75,2.10
2011.06.27 13:41:26.908,1.36353,1.36382,3.75,2.10
2011.06.27 13:41:27.242,1.36359,1.36382,1.35,1.50
2011.06.27 13:41:27.571,1.36352,1.36379,3.75,1.50
2011.06.27 13:41:27.680,1.36349,1.36375,3.15,1.50
2011.06.27 13:41:27.790,1.3635,1.36375,1.50,3.00
2011.06.27 13:41:28.013,1.3635,1.36375,3.75,1.50
2011.06.27 13:41:28.353,1.36353,1.36377,1.50,1.35
2011.06.27 13:41:28.704,1.36351,1.36378,1.50,1.13
2011.06.27 13:41:28.933,1.3635,1.36373,3.75,1.50
2011.06.27 13:41:29.271,1.3635,1.36376,3.75,2.25
2011.06.27 13:41:29.379,1.36346,1.36374,4.50,1.50
2011.06.27 13:41:29.820,1.36346,1.36373,1.50,1.50
2011.06.27 13:41:30.370,1.36346,1.36371,1.50,1.50
2011.06.27 13:41:30.920,1.36343,1.36371,1.50,2.25
2011.06.27 13:41:31.029,1.36343,1.36369,1.50,1.50
2011.06.27 13:41:31.578,1.36343,1.36369,1.50,1.50
2011.06.27 13:41:31.688,1.36343,1.36369,1.50,1.50
2011.06.27 13:41:32.385,1.36354,1.36381,4.13,1.50
2011.06.27 13:41:32.503,1.36357,1.36382,3.75,2.10
2011.06.27 13:41:32.735,1.36354,1.36382,1.13,1.35
2011.06.27 13:41:33.071,1.36354,1.36379,1.50,1.50
2011.06.27 13:41:33.953,1.36352,1.36376,1.35,1.13
2011.06.27 13:41:34.180,1.36347,1.36373,3.75,3.38
2011.06.27 13:41:34.291,1.36352,1.36373,1.50,1.73
2011.06.27 13:41:34.622,1.36349,1.36376,1.88,2.40
2011.06.27 13:41:34.729,1.36352,1.36381,1.50,2.10
2011.06.27 13:41:34.840,1.36353,1.36377,3.75,2.16
2011.06.27 13:41:34.949,1.36353,1.36377,3.75,2.16
2011.06.27 13:41:35.061,1.36352,1.36376,1.50,1.41
2011.06.27 13:41:35.169,1.36352,1.36378,1.50,1.35
2011.06.27 13:41:35.690,1.36349,1.36377,1.50,1.50
2011.06.27 13:41:36.020,1.36349,1.36377,1.50,1.50
2011.06.27 13:41:36.464,1.36356,1.36377,1.13,1.50
2011.06.27 13:41:36.800,1.36357,1.36383,1.13,5.25
2011.06.27 13:41:36.911,1.36357,1.36381,1.13,1.50
2011.06.27 13:41:37.131,1.36359,1.36383,1.50,2.40
2011.06.27 13:41:37.460,1.36354,1.36381,1.50,1.50
2011.06.27 13:41:37.680,1.36355,1.36381,1.50,1.50
2011.06.27 13:41:37.899,1.36353,1.36379,1.50,1.50
2011.06.27 13:41:38.009,1.36351,1.36378,1.13,1.50
2011.06.27 13:41:38.118,1.36352,1.36378,2.40,1.50
2011.06.27 13:41:38.669,1.36352,1.3638,3.75,1.50
2011.06.27 13:41:39.218,1.36352,1.3638,3.75,1.50
2011.06.27 13:41:39.630,1.36352,1.3638,3.75,1.50
2011.06.27 13:41:39.851,1.3635,1.36374,1.50,1.35
2011.06.27 13:41:40.181,1.36352,1.36376,1.35,1.50
2011.06.27 13:41:40.509,1.36352,1.36377,1.35,1.50
2011.06.27 13:41:40.731,1.3635,1.3638,1.50,1.35
2011.06.27 13:41:40.951,1.3635,1.36378,1.50,1.35
2011.06.27 13:41:41.391,1.36351,1.36376,3.15,1.50
2011.06.27 13:41:41.720,1.36348,1.36371,1.50,1.50
2011.06.27 13:41:42.268,1.36344,1.36371,1.50,1.50
2011.06.27 13:41:42.709,1.36344,1.36371,1.50,4.50
2011.06.27 13:41:43.300,1.36344,1.36371,1.50,1.50
2011.06.27 13:41:45.481,1.36347,1.36371,1.35,1.50
2011.06.27 13:41:45.809,1.36349,1.36371,3.75,1.50
2011.06.27 13:41:46.143,1.36352,1.36376,1.50,2.40
2011.06.27 13:41:46.370,1.36354,1.3638,1.35,1.50
2011.06.27 13:41:46.592,1.36354,1.36379,4.35,1.50
2011.06.27 13:41:46.918,1.36354,1.36379,3.75,2.10
2011.06.27 13:41:47.359,1.36348,1.36376,1.50,1.50
2011.06.27 13:41:47.834,1.36345,1.36372,1.50,4.50
2011.06.27 13:41:48.170,1.36343,1.36368,1.35,1.50
2011.06.27 13:41:48.938,1.36343,1.36367,1.35,1.50
2011.06.27 13:41:49.437,1.36343,1.36367,1.35,1.50
2011.06.27 13:41:49.759,1.36343,1.36368,1.35,1.50
2011.06.27 13:41:49.983,1.3635,1.36368,2.48,1.50
2011.06.27 13:41:50.211,1.3636,1.36383,1.35,1.50
2011.06.27 13:41:50.320,1.3636,1.36386,1.35,1.50
2011.06.27 13:41:50.956,1.3636,1.36387,1.35,1.50
2011.06.27 13:41:51.290,1.36359,1.36386,1.50,1.35
2011.06.27 13:41:51.400,1.36359,1.36386,1.50,1.35
2011.06.27 13:41:51.931,1.36357,1.36383,1.50,1.50
2011.06.27 13:41:52.480,1.36361,1.36383,1.35,1.50
2011.06.27 13:41:52.590,1.36364,1.36383,3.00,1.50
2011.06.27 13:41:53.140,1.3636,1.36387,1.35,1.50
2011.06.27 13:41:53.359,1.36357,1.36383,4.50,1.35
2011.06.27 13:41:54.479,1.36357,1.36383,1.50,1.35
2011.06.27 13:41:54.699,1.36354,1.36381,1.50,1.50
2011.06.27 13:41:55.139,1.36354,1.36381,1.50,1.50
2011.06.27 13:41:55.470,1.36358,1.36381,1.35,1.50
2011.06.27 13:41:55.948,1.36356,1.36386,1.35,1.35
2011.06.27 13:41:56.961,1.36356,1.36383,4.35,1.50
2011.06.27 13:41:57.288,1.36356,1.36383,4.35,1.50
2011.06.27 13:41:58.011,1.36355,1.36381,3.15,1.35
2011.06.27 13:41:58.230,1.36355,1.3638,1.50,1.35
2011.06.27 13:41:58.451,1.36356,1.36381,2.10,2.25
2011.06.27 13:41:59.001,1.36356,1.36383,1.35,1.50
2011.06.27 13:41:59.666,1.36356,1.36384,5.40,2.10
2011.06.27 13:41:59.890,1.36356,1.36383,3.75,1.50
2011.06.27 13:42:00.329,1.36357,1.36384,2.40,2.10
2011.06.27 13:42:00.698,1.36357,1.36386,2.40,1.50
2011.06.27 13:42:01.029,1.3636,1.36383,1.13,1.50
2011.06.27 13:42:01.929,1.36362,1.36386,2.40,2.25
2011.06.27 13:42:02.480,1.36359,1.36385,5.10,1.50
2011.06.27 13:42:02.587,1.36359,1.36389,4.35,1.50
2011.06.27 13:42:04.400,1.36377,1.36403,1.50,3.75
2011.06.27 13:42:04.732,1.36384,1.364,4.50,1.50
2011.06.27 13:42:05.071,1.36388,1.3641,4.50,1.50
2011.06.27 13:42:05.290,1.36385,1.3641,1.50,1.50
2011.06.27 13:42:05.925,1.36385,1.36406,5.25,1.50
2011.06.27 13:42:06.042,1.3638,1.36405,1.50,3.75
2011.06.27 13:42:06.273,1.36376,1.36404,1.50,3.75
2011.06.27 13:42:06.502,1.36372,1.36397,1.50,1.50
2011.06.27 13:42:06.728,1.36372,1.36397,1.50,1.50
2011.06.27 13:42:07.280,1.36372,1.36397,1.50,1.50
2011.06.27 13:42:08.530,1.36375,1.36397,1.50,1.50
2011.06.27 13:42:08.860,1.3637,1.36393,1.50,2.40
2011.06.27 13:42:08.970,1.36368,1.36393,2.25,2.40
2011.06.27 13:42:09.600,1.36367,1.36394,1.50,1.50
2011.06.27 13:42:09.934,1.36374,1.36394,1.35,1.50
2011.06.27 13:42:10.055,1.36368,1.3639,1.50,1.35
2011.06.27 13:42:10.173,1.36363,1.3639,2.25,2.10
2011.06.27 13:42:10.402,1.36363,1.3639,1.50,2.10
2011.06.27 13:42:10.951,1.36363,1.3639,1.50,2.10
2011.06.27 13:42:11.609,1.36363,1.3639,1.50,2.10
2011.06.27 13:42:11.939,1.36363,1.3639,2.10,1.50
2011.06.27 13:42:12.819,1.36367,1.3639,3.00,1.50
2011.06.27 13:42:13.148,1.36374,1.36393,3.60,1.50
2011.06.27 13:42:13.262,1.36374,1.36396,4.35,1.50
2011.06.27 13:42:13.593,1.36374,1.36402,5.10,1.50
2011.06.27 13:42:13.930,1.36374,1.36396,4.35,1.50
2011.06.27 13:42:14.259,1.36378,1.36399,3.75,1.50
2011.06.27 13:42:14.371,1.36378,1.364,3.00,1.50
2011.06.27 13:42:14.588,1.36374,1.36398,7.50,1.35
2011.06.27 13:42:14.810,1.36377,1.364,1.50,1.50
2011.06.27 13:42:14.923,1.36378,1.364,5.25,1.50
2011.06.27 13:42:15.262,1.36389,1.36403,3.75,1.50
2011.06.27 13:42:15.373,1.36385,1.36403,1.35,1.50
2011.06.27 13:42:15.872,1.36386,1.36406,5.10,1.50
2011.06.27 13:42:16.091,1.36387,1.36411,1.50,1.50
2011.06.27 13:42:16.202,1.36398,1.36411,3.00,1.50
2011.06.27 13:42:16.313,1.36397,1.36411,3.75,1.50
2011.06.27 13:42:16.540,1.3639,1.36416,3.75,1.35
2011.06.27 13:42:16.869,1.36389,1.36415,1.35,1.50
2011.06.27 13:42:17.090,1.36386,1.36415,5.85,1.50
2011.06.27 13:42:17.419,1.36384,1.36412,3.75,1.13
2011.06.27 13:42:17.639,1.36384,1.36411,3.75,1.50
2011.06.27 13:42:17.860,1.36379,1.36411,3.23,2.10
2011.06.27 13:42:18.700,1.36382,1.36411,1.13,2.10
2011.06.27 13:42:19.009,1.36397,1.36417,3.00,1.41
2011.06.27 13:42:19.235,1.36397,1.36421,3.00,1.50
2011.06.27 13:42:19.351,1.36395,1.36421,3.00,1.50
2011.06.27 13:42:19.462,1.36389,1.36418,1.50,3.00
2011.06.27 13:42:19.684,1.36387,1.36412,3.00,1.50
2011.06.27 13:42:19.911,1.36384,1.3641,3.75,2.10
2011.06.27 13:42:20.021,1.36385,1.3641,1.50,2.10
2011.06.27 13:42:20.570,1.36382,1.3641,1.50,2.10
2011.06.27 13:42:20.683,1.3638,1.3641,1.35,2.10
2011.06.27 13:42:21.206,1.36394,1.3641,3.75,1.50
2011.06.27 13:42:21.434,1.36404,1.36413,3.00,1.50
2011.06.27 13:42:21.554,1.36404,1.36426,3.00,2.16
2011.06.27 13:42:21.674,1.36407,1.36423,2.10,1.50
2011.06.27 13:42:21.792,1.36402,1.36424,5.63,1.50
2011.06.27 13:42:21.912,1.36407,1.36427,2.85,1.41
2011.06.27 13:42:22.033,1.36408,1.36427,1.50,2.16
2011.06.27 13:42:22.153,1.36408,1.36433,3.75,1.35
2011.06.27 13:42:22.782,1.36403,1.36431,1.50,1.35
2011.06.27 13:42:23.345,1.36403,1.3643,1.50,1.50
2011.06.27 13:42:23.655,1.36406,1.3643,3.00,3.00
2011.06.27 13:42:23.771,1.36404,1.36427,3.75,1.50
2011.06.27 13:42:23.881,1.36401,1.36427,3.75,1.50
2011.06.27 13:42:24.102,1.36394,1.36426,1.50,1.50
2011.06.27 13:42:24.434,1.36399,1.36426,2.10,1.50
2011.06.27 13:42:24.660,1.36402,1.36426,1.35,1.50
2011.06.27 13:42:24.991,1.36404,1.36432,1.35,4.50
2011.06.27 13:42:25.101,1.36409,1.36434,3.60,1.50
2011.06.27 13:42:25.323,1.36414,1.36437,3.75,2.16
2011.06.27 13:42:25.698,1.36414,1.3644,3.00,2.10
2011.06.27 13:42:25.815,1.36408,1.36437,4.35,1.50
2011.06.27 13:42:25.931,1.36408,1.36437,4.35,1.50
2011.06.27 13:42:26.149,1.36408,1.36433,3.75,1.50
2011.06.27 13:42:26.702,1.36417,1.36433,1.35,1.50
2011.06.27 13:42:26.924,1.36418,1.3644,3.75,1.50
2011.06.27 13:42:27.149,1.36418,1.3644,3.75,1.50
2011.06.27 13:42:27.703,1.36421,1.36442,2.25,1.35
2011.06.27 13:42:28.045,1.36417,1.36444,4.50,2.10
2011.06.27 13:42:28.344,1.36416,1.36444,3.00,2.10
2011.06.27 13:42:28.463,1.36411,1.3644,3.75,2.10
2011.06.27 13:42:28.689,1.36408,1.3644,1.35,2.10
2011.06.27 13:42:29.023,1.3641,1.36436,1.50,1.50
2011.06.27 13:42:29.582,1.36408,1.36431,1.35,1.50
2011.06.27 13:42:29.803,1.36409,1.36431,1.35,1.50
2011.06.27 13:42:30.249,1.36407,1.36432,2.10,1.50
2011.06.27 13:42:30.582,1.36406,1.36432,3.00,1.50
2011.06.27 13:42:31.214,1.36409,1.36432,2.10,1.50
2011.06.27 13:42:31.443,1.36406,1.36435,5.25,2.10
2011.06.27 13:42:31.671,1.36408,1.36435,1.50,2.10
2011.06.27 13:42:32.002,1.36407,1.36435,1.13,4.35
2011.06.27 13:42:32.121,1.36407,1.36435,1.13,4.35
2011.06.27 13:42:32.342,1.36403,1.36432,2.10,1.50
2011.06.27 13:42:32.451,1.36403,1.36432,1.35,1.50
2011.06.27 13:42:32.783,1.36401,1.36424,1.50,4.35
2011.06.27 13:42:32.899,1.36396,1.36423,1.88,1.50
2011.06.27 13:42:33.011,1.36396,1.36423,2.48,1.50
2011.06.27 13:42:33.120,1.36397,1.36423,1.35,1.50
2011.06.27 13:42:33.449,1.36396,1.36423,1.73,1.50
2011.06.27 13:42:33.668,1.36397,1.36423,1.35,1.50
2011.06.27 13:42:34.219,1.36396,1.36423,2.48,1.50
2011.06.27 13:42:34.521,1.36396,1.3642,1.13,1.35
2011.06.27 13:42:34.961,1.3639,1.36415,1.50,1.35
2011.06.27 13:42:35.512,1.36388,1.36417,1.50,4.35
2011.06.27 13:42:35.841,1.36384,1.36411,4.88,1.35
2011.06.27 13:42:36.279,1.36384,1.36412,1.35,1.50
2011.06.27 13:42:36.720,1.36384,1.36412,1.35,1.50
2011.06.27 13:42:36.940,1.36387,1.36417,1.50,1.50
2011.06.27 13:42:37.522,1.36387,1.36415,1.50,1.50
2011.06.27 13:42:37.646,1.36384,1.36413,3.75,1.35
2011.06.27 13:42:38.091,1.36386,1.36413,3.60,1.50
2011.06.27 13:42:38.311,1.36389,1.36413,3.00,1.50
2011.06.27 13:42:38.643,1.36384,1.36413,1.73,1.50
2011.06.27 13:42:39.199,1.36385,1.36415,1.73,1.50
2011.06.27 13:42:39.446,1.36389,1.36416,3.00,2.10
2011.06.27 13:42:39.785,1.36387,1.36419,3.75,1.50
2011.06.27 13:42:40.183,1.36393,1.36419,4.50,1.50
2011.06.27 13:42:40.412,1.36393,1.36419,4.50,1.50
2011.06.27 13:42:40.960,1.36393,1.36419,4.50,1.50
2011.06.27 13:42:41.290,1.36393,1.36413,4.50,1.35
2011.06.27 13:42:41.509,1.36389,1.36413,1.50,1.35
2011.06.27 13:42:42.286,1.3639,1.36416,6.00,4.88
2011.06.27 13:42:42.621,1.36401,1.36421,1.50,1.50
2011.06.27 13:42:42.937,1.36403,1.36428,1.13,1.35
2011.06.27 13:42:43.162,1.36398,1.36432,4.50,3.75
2011.06.27 13:42:43.489,1.36396,1.36423,3.75,1.35
2011.06.27 13:42:44.039,1.36395,1.36426,4.13,1.50
2011.06.27 13:42:44.150,1.36395,1.36426,4.13,1.50
2011.06.27 13:42:44.729,1.36395,1.36426,4.13,1.50
2011.06.27 13:42:45.259,1.36394,1.36423,1.50,1.35
2011.06.27 13:42:45.483,1.36391,1.36417,1.50,1.35
2011.06.27 13:42:45.711,1.36388,1.36416,3.75,2.85
2011.06.27 13:42:45.979,1.36384,1.36414,5.25,1.50
2011.06.27 13:42:46.105,1.36376,1.36406,3.75,1.50
2011.06.27 13:42:46.221,1.36375,1.36399,1.88,1.35
2011.06.27 13:42:46.770,1.36372,1.36406,3.75,4.50
2011.06.27 13:42:47.279,1.36372,1.36406,3.75,4.50
2011.06.27 13:42:47.939,1.36378,1.36406,3.75,1.50
2011.06.27 13:42:48.050,1.36378,1.36407,3.75,2.25
2011.06.27 13:42:48.161,1.36378,1.36403,4.65,1.50
2011.06.27 13:42:48.270,1.36373,1.36396,3.15,1.35
2011.06.27 13:42:48.380,1.3637,1.36396,1.50,1.35
2011.06.27 13:42:48.490,1.36366,1.36396,1.50,1.35
2011.06.27 13:42:48.710,1.3637,1.36401,1.73,1.50
2011.06.27 13:42:48.820,1.36371,1.36401,1.35,1.50
2011.06.27 13:42:49.151,1.36368,1.36398,3.75,1.50
2011.06.27 13:42:49.507,1.36363,1.36379,3.75,1.35
2011.06.27 13:42:49.622,1.36353,1.36379,2.25,1.35
2011.06.27 13:42:49.729,1.36349,1.36378,1.13,1.35
2011.06.27 13:42:50.128,1.36356,1.36379,1.35,1.50
2011.06.27 13:42:50.246,1.36359,1.36384,2.10,1.50
2011.06.27 13:42:50.474,1.36364,1.36391,2.25,1.50
2011.06.27 13:42:50.593,1.36364,1.36391,2.25,1.50
2011.06.27 13:42:51.027,1.36362,1.36392,1.35,1.35
2011.06.27 13:42:51.363,1.3636,1.3639,1.35,1.13
2011.06.27 13:42:51.690,1.36363,1.36391,1.88,1.50
2011.06.27 13:42:52.215,1.36362,1.36391,1.50,2.10
2011.06.27 13:42:53.002,1.36361,1.36388,1.13,1.35
2011.06.27 13:42:53.220,1.36364,1.36392,3.75,1.35
2011.06.27 13:42:53.770,1.36365,1.36392,3.00,1.50
2011.06.27 13:42:54.320,1.36359,1.36389,4.13,1.50
2011.06.27 13:42:54.541,1.36361,1.36388,3.75,2.10
2011.06.27 13:42:55.109,1.36354,1.3638,2.25,1.35
2011.06.27 13:42:55.443,1.36353,1.3637,4.88,1.35
2011.06.27 13:42:55.802,1.36353,1.3637,1.50,1.13
2011.06.27 13:42:55.918,1.36342,1.36362,1.13,1.35
2011.06.27 13:42:56.033,1.36335,1.36362,1.50,1.35
2011.06.27 13:42:56.371,1.36334,1.36361,3.60,1.50
2011.06.27 13:42:56.481,1.36336,1.36361,1.73,1.50
2011.06.27 13:42:56.811,1.36338,1.36367,4.50,1.50
2011.06.27 13:42:57.030,1.36343,1.36368,2.10,3.75
2011.06.27 13:42:57.361,1.36345,1.36373,1.50,1.35
2011.06.27 13:42:57.772,1.3635,1.36378,1.50,1.50
2011.06.27 13:42:57.881,1.3635,1.36377,1.50,2.25
2011.06.27 13:42:58.433,1.36345,1.36378,1.50,1.50
2011.06.27 13:42:59.342,1.36343,1.36371,1.50,1.50
2011.06.27 13:42:59.571,1.36341,1.3637,4.13,1.50
2011.06.27 13:42:59.901,1.36343,1.3637,6.75,1.50
2011.06.27 13:43:00.231,1.36344,1.3637,1.73,1.50
2011.06.27 13:43:00.340,1.36346,1.3637,1.35,1.50
2011.06.27 13:43:00.738,1.36344,1.36371,1.35,1.50
2011.06.27 13:43:00.794,1.3635,1.36375,1.50,1.50
2011.06.27 13:43:00.914,1.36346,1.36366,1.35,1.04
2011.06.27 13:43:01.143,1.36327,1.36351,1.65,2.10
2011.06.27 13:43:01.264,1.36313,1.36329,1.50,1.50
2011.06.27 13:43:01.380,1.36313,1.36329,1.50,1.50
2011.06.27 13:43:01.601,1.36313,1.36339,2.25,1.35
2011.06.27 13:43:01.709,1.36313,1.36338,1.50,1.50
2011.06.27 13:43:02.260,1.36316,1.36341,1.35,1.50
2011.06.27 13:43:02.370,1.36319,1.36345,1.35,1.50
2011.06.27 13:43:02.700,1.36319,1.36349,1.35,1.50
2011.06.27 13:43:03.140,1.3632,1.36347,1.50,1.35
2011.06.27 13:43:03.469,1.36315,1.36346,2.48,1.50
2011.06.27 13:43:03.820,1.36317,1.36346,1.50,1.50
2011.06.27 13:43:03.933,1.36317,1.36346,1.50,1.50
2011.06.27 13:43:04.268,1.36316,1.36342,1.50,1.50
2011.06.27 13:43:04.819,1.36315,1.36342,2.10,1.50
2011.06.27 13:43:05.371,1.36317,1.36342,1.50,1.50
2011.06.27 13:43:05.591,1.36318,1.36346,3.00,1.50
2011.06.27 13:43:05.923,1.36318,1.36346,1.50,1.50
2011.06.27 13:43:06.481,1.36321,1.36349,2.48,1.50
2011.06.27 13:43:06.811,1.36326,1.36349,1.50,1.50
2011.06.27 13:43:07.351,1.36326,1.36349,1.50,1.50
2011.06.27 13:43:07.901,1.36326,1.36352,1.50,1.50
2011.06.27 13:43:08.230,1.36325,1.36352,1.50,1.50
2011.06.27 13:43:08.450,1.36329,1.36355,1.35,2.25
2011.06.27 13:43:08.780,1.36329,1.36352,1.35,1.50
2011.06.27 13:43:08.999,1.36329,1.36352,1.35,1.50
2011.06.27 13:43:09.482,1.36325,1.36352,2.25,1.50
2011.06.27 13:43:09.931,1.36328,1.36355,1.88,1.35
2011.06.27 13:43:10.262,1.36334,1.3636,3.00,1.50
2011.06.27 13:43:10.669,1.36334,1.36363,3.75,2.10
2011.06.27 13:43:11.000,1.36337,1.36356,3.75,1.35
2011.06.27 13:43:11.329,1.3633,1.36353,1.50,1.35
2011.06.27 13:43:11.605,1.36325,1.36353,1.50,2.10
2011.06.27 13:43:11.830,1.36329,1.36353,1.35,1.50
2011.06.27 13:43:12.159,1.36332,1.36358,3.75,1.50
2011.06.27 13:43:12.379,1.36333,1.36358,3.75,1.50
2011.06.27 13:43:12.862,1.36331,1.36358,1.50,1.50
2011.06.27 13:43:13.082,1.36336,1.36358,4.35,1.50
2011.06.27 13:43:13.304,1.36338,1.3636,3.00,1.50
2011.06.27 13:43:13.531,1.36336,1.3636,3.00,1.50
2011.06.27 13:43:13.649,1.3633,1.36356,2.85,1.41
2011.06.27 13:43:13.875,1.36335,1.36356,1.35,1.50
2011.06.27 13:43:13.993,1.36334,1.36357,1.50,1.35
2011.06.27 13:43:14.112,1.36333,1.36359,3.75,1.13
2011.06.27 13:43:14.700,1.36332,1.36359,1.35,1.50
2011.06.27 13:43:14.919,1.36332,1.36359,2.10,1.50
2011.06.27 13:43:15.141,1.36332,1.36359,1.35,1.50
2011.06.27 13:43:15.470,1.36335,1.36362,1.50,1.50
2011.06.27 13:43:15.972,1.36344,1.36362,3.00,1.35
2011.06.27 13:43:16.095,1.36341,1.36362,3.00,1.35
2011.06.27 13:43:16.214,1.3634,1.36371,1.35,1.50
2011.06.27 13:43:16.533,1.3634,1.36371,1.35,1.50
2011.06.27 13:43:16.984,1.3634,1.36362,3.00,1.50
2011.06.27 13:43:17.323,1.36343,1.3637,3.75,1.35
2011.06.27 13:43:17.553,1.36339,1.36362,1.88,1.35
2011.06.27 13:43:17.774,1.36343,1.36366,3.00,4.50
2011.06.27 13:43:17.894,1.36339,1.36361,3.75,1.50
2011.06.27 13:43:18.650,1.36343,1.36364,2.10,1.50
2011.06.27 13:43:18.762,1.36347,1.36364,3.60,1.50
2011.06.27 13:43:18.982,1.3635,1.36367,3.00,1.50
2011.06.27 13:43:19.091,1.36347,1.36372,3.75,2.10
2011.06.27 13:43:19.200,1.36347,1.36372,3.00,2.10
2011.06.27 13:43:19.529,1.36344,1.36372,4.88,2.10
2011.06.27 13:43:19.640,1.36345,1.36372,1.13,2.10
2011.06.27 13:43:19.751,1.36345,1.36372,1.73,1.50
2011.06.27 13:43:19.862,1.3635,1.36376,1.50,1.41
2011.06.27 13:43:20.080,1.36358,1.36378,3.00,1.50
2011.06.27 13:43:20.302,1.36356,1.36383,3.75,1.35
2011.06.27 13:43:20.524,1.36339,1.36365,1.50,3.00
2011.06.27 13:43:21.057,1.36343,1.36369,3.00,1.50
2011.06.27 13:43:21.282,1.3634,1.36365,1.50,2.10
2011.06.27 13:43:21.391,1.36335,1.36363,2.10,1.50
2011.06.27 13:43:21.503,1.3634,1.36363,2.10,1.50
2011.06.27 13:43:21.623,1.36344,1.36369,3.00,1.50
2011.06.27 13:43:21.841,1.36347,1.36369,3.00,1.50
2011.06.27 13:43:22.064,1.36342,1.36369,1.50,1.50
2011.06.27 13:43:22.182,1.36348,1.36369,3.00,1.50
2011.06.27 13:43:22.521,1.36348,1.3637,3.60,1.50
2011.06.27 13:43:22.742,1.36349,1.36375,3.00,2.25
2011.06.27 13:43:22.962,1.36345,1.36362,3.00,1.13
2011.06.27 13:43:23.073,1.36339,1.36361,1.50,3.75
2011.06.27 13:43:23.371,1.36334,1.36361,3.00,4.50
2011.06.27 13:43:23.493,1.36336,1.36359,2.48,3.75
2011.06.27 13:43:23.605,1.36337,1.36359,1.73,3.75
2011.06.27 13:43:23.723,1.3634,1.36361,1.35,1.50
2011.06.27 13:43:24.053,1.36338,1.36366,1.50,2.10
2011.06.27 13:43:24.491,1.36339,1.36366,3.75,1.35
2011.06.27 13:43:24.711,1.36343,1.36366,1.13,1.35
2011.06.27 13:43:25.042,1.36344,1.36369,1.73,1.50
2011.06.27 13:43:25.328,1.36346,1.36369,3.00,1.50
2011.06.27 13:43:25.448,1.36346,1.36359,3.00,2.10
2011.06.27 13:43:25.567,1.36339,1.36361,1.50,1.35
2011.06.27 13:43:25.683,1.36334,1.36354,4.13,2.25
2011.06.27 13:43:26.023,1.36334,1.36345,3.00,2.10
2011.06.27 13:43:26.228,1.36316,1.36343,4.50,1.35
2011.06.27 13:43:26.347,1.36318,1.36343,2.63,1.35
2011.06.27 13:43:26.571,1.36319,1.3634,2.25,1.50
2011.06.27 13:43:26.903,1.36318,1.36341,1.13,1.50
2011.06.27 13:43:27.231,1.36318,1.36344,1.88,2.85
2011.06.27 13:43:27.779,1.36318,1.36342,1.88,1.50
2011.06.27 13:43:28.000,1.36318,1.36342,1.88,1.50
2011.06.27 13:43:28.442,1.36318,1.36342,1.50,1.50
2011.06.27 13:43:29.309,1.36318,1.36345,1.13,1.50
2011.06.27 13:43:29.641,1.36326,1.36347,1.88,1.41
2011.06.27 13:43:29.751,1.36326,1.36354,1.88,2.10
2011.06.27 13:43:30.080,1.36326,1.36354,1.88,2.10
2011.06.27 13:43:30.413,1.36331,1.36354,5.25,1.35
2011.06.27 13:43:30.535,1.36331,1.36354,1.50,1.35
2011.06.27 13:43:30.761,1.36327,1.36354,1.50,1.35
2011.06.27 13:43:31.201,1.36334,1.36353,4.13,1.50
2011.06.27 13:43:31.311,1.36334,1.3636,4.88,2.10
2011.06.27 13:43:31.641,1.36328,1.36353,2.25,1.35
2011.06.27 13:43:31.969,1.36329,1.36353,1.50,2.10
2011.06.27 13:43:32.474,1.36324,1.36347,1.50,1.35
2011.06.27 13:43:32.593,1.36323,1.36347,1.13,1.35
2011.06.27 13:43:33.140,1.36324,1.36349,1.50,1.50
2011.06.27 13:43:33.472,1.36328,1.36351,1.50,1.50
2011.06.27 13:43:33.801,1.36328,1.36349,1.50,1.50
2011.06.27 13:43:34.380,1.36328,1.36349,1.50,1.50
2011.06.27 13:43:35.260,1.36329,1.36354,4.50,1.50
2011.06.27 13:43:35.372,1.36332,1.36356,3.75,1.50
2011.06.27 13:43:35.920,1.36327,1.36355,4.50,1.35
2011.06.27 13:43:36.427,1.36328,1.36356,1.50,2.25
2011.06.27 13:43:36.652,1.36328,1.36354,1.50,1.50
2011.06.27 13:43:37.892,1.36329,1.36356,2.10,3.00
2011.06.27 13:43:38.115,1.36331,1.36356,1.50,1.35
2011.06.27 13:43:38.232,1.36329,1.36356,4.50,2.10
2011.06.27 13:43:38.341,1.36329,1.36353,3.75,1.35
2011.06.27 13:43:38.561,1.36329,1.36355,1.50,1.50
2011.06.27 13:43:39.002,1.36329,1.36355,1.50,1.50
2011.06.27 13:43:39.717,1.3633,1.36359,1.13,2.10
2011.06.27 13:43:39.942,1.36332,1.36359,1.50,1.35
2011.06.27 13:43:40.379,1.36334,1.36359,1.50,1.35
2011.06.27 13:43:40.601,1.36334,1.36357,1.50,1.35
2011.06.27 13:43:40.930,1.36329,1.36357,1.50,1.35
2011.06.27 13:43:41.152,1.36333,1.36358,3.75,1.50
2011.06.27 13:43:41.492,1.36332,1.36358,2.10,1.50
2011.06.27 13:43:41.601,1.36327,1.36354,1.13,1.50
2011.06.27 13:43:42.041,1.36336,1.36362,4.35,1.50
2011.06.27 13:43:42.496,1.36345,1.36367,1.35,2.16
2011.06.27 13:43:42.830,1.36345,1.3637,1.35,1.50
2011.06.27 13:43:43.160,1.36345,1.36371,1.35,1.50
2011.06.27 13:43:43.271,1.36346,1.36371,1.35,1.50
2011.06.27 13:43:43.711,1.36346,1.36371,1.35,1.50
2011.06.27 13:43:44.261,1.36345,1.36371,3.75,2.10
2011.06.27 13:43:44.701,1.36339,1.36365,1.35,1.50
2011.06.27 13:43:45.328,1.36336,1.36361,3.75,1.50
2011.06.27 13:43:45.661,1.36344,1.36366,3.75,1.50
2011.06.27 13:43:46.214,1.36348,1.36371,1.35,1.50
2011.06.27 13:43:46.663,1.36342,1.3637,3.75,1.50
2011.06.27 13:43:46.883,1.36341,1.36362,3.75,2.10
2011.06.27 13:43:47.209,1.36335,1.36362,1.50,2.10
2011.06.27 13:43:48.831,1.36335,1.36356,1.50,4.50
2011.06.27 13:43:48.945,1.36323,1.36348,1.50,1.13
2011.06.27 13:43:49.172,1.36323,1.36347,1.50,1.35
2011.06.27 13:43:49.501,1.36327,1.36353,1.50,2.10
2011.06.27 13:43:56.410,1.36332,1.36359,1.35,2.25
2011.06.27 13:43:56.524,1.36337,1.36355,2.10,1.50
2011.06.27 13:43:56.859,1.36338,1.36358,1.35,1.50
2011.06.27 13:43:57.091,1.36332,1.36358,1.50,2.03
2011.06.27 13:43:57.435,1.36329,1.36357,1.50,1.50
2011.06.27 13:43:57.555,1.36332,1.36357,1.35,1.50
2011.06.27 13:43:57.783,1.36333,1.36358,1.50,1.35
2011.06.27 13:43:58.231,1.36333,1.3636,1.50,1.35
2011.06.27 13:43:58.782,1.36333,1.3636,1.50,1.35
2011.06.27 13:43:59.440,1.36333,1.3636,1.50,1.35
2011.06.27 13:43:59.662,1.36337,1.3636,1.50,1.35
2011.06.27 13:43:59.882,1.36339,1.36363,1.50,1.35
2011.06.27 13:44:00.321,1.36336,1.36366,1.50,1.35
2011.06.27 13:44:00.873,1.36337,1.36359,1.50,2.10
2011.06.27 13:44:01.211,1.36337,1.36362,1.35,1.50
2011.06.27 13:44:01.542,1.36339,1.36366,3.75,1.50
2011.06.27 13:44:01.651,1.36338,1.36368,1.50,1.50
2011.06.27 13:44:02.421,1.36339,1.36364,1.50,1.50
2011.06.27 13:44:02.641,1.36333,1.36361,1.50,1.35
2011.06.27 13:44:02.860,1.36338,1.36363,1.35,1.65
2011.06.27 13:44:03.300,1.3634,1.36367,1.50,2.16
2011.06.27 13:44:03.623,1.36344,1.36367,1.50,1.41
2011.06.27 13:44:04.169,1.36344,1.36367,1.50,1.41
2011.06.27 13:44:04.280,1.36344,1.36366,1.50,2.16
2011.06.27 13:44:04.501,1.36344,1.36367,1.50,1.41
2011.06.27 13:44:04.722,1.36347,1.36372,1.35,1.50
2011.06.27 13:44:04.831,1.36347,1.36373,1.35,1.50
2011.06.27 13:44:05.052,1.36347,1.36372,1.35,1.50
2011.06.27 13:44:05.381,1.36338,1.36366,1.50,2.25
2011.06.27 13:44:05.600,1.36333,1.36364,1.50,2.25
2011.06.27 13:44:05.710,1.36333,1.36363,1.50,1.35
2011.06.27 13:44:05.821,1.36333,1.3636,1.50,1.35
2011.06.27 13:44:06.371,1.36333,1.36361,1.50,1.35
2011.06.27 13:44:06.591,1.36334,1.36364,1.50,2.63
2011.06.27 13:44:06.936,1.36335,1.36352,3.00,1.35
2011.06.27 13:44:07.054,1.36335,1.36355,3.00,1.50
2011.06.27 13:44:07.175,1.36327,1.36352,3.75,2.10
2011.06.27 13:44:07.400,1.36324,1.36352,2.85,1.50
2011.06.27 13:44:07.714,1.36332,1.36358,1.50,1.50
2011.06.27 13:44:07.899,1.36332,1.3636,1.50,4.50
2011.06.27 13:44:08.401,1.36336,1.36362,3.75,1.50
2011.06.27 13:44:08.950,1.36332,1.3635,1.50,2.10
2011.06.27 13:44:09.061,1.36332,1.3635,1.50,2.10
2011.06.27 13:44:09.173,1.36327,1.36348,1.50,1.35
2011.06.27 13:44:09.281,1.36336,1.36352,4.50,3.75
2011.06.27 13:44:09.611,1.36353,1.3637,3.75,1.73
2011.06.27 13:44:09.964,1.36346,1.36367,3.75,1.50
2011.06.27 13:44:10.086,1.36336,1.36367,1.50,2.25
2011.06.27 13:44:10.201,1.36336,1.36367,1.50,2.25
2011.06.27 13:44:16.862,1.36337,1.3636,3.75,1.50
2011.06.27 13:44:18.580,1.36334,1.36359,2.25,4.50
2011.06.27 13:44:19.069,1.3635,1.3637,1.50,1.41
2011.06.27 13:44:19.186,1.3635,1.36377,1.50,6.75
2011.06.27 13:44:19.605,1.3635,1.36379,1.50,1.50
2011.06.27 13:44:19.943,1.36353,1.36381,2.10,1.50
2011.06.27 13:44:20.059,1.36354,1.36384,1.50,4.50
2011.06.27 13:44:20.170,1.36354,1.36384,1.50,4.50
2011.06.27 13:44:20.503,1.3635,1.36375,1.50,3.00
2011.06.27 13:44:20.730,1.3635,1.36377,1.50,3.60
2011.06.27 13:44:20.951,1.3635,1.36377,1.50,1.35
2011.06.27 13:44:21.281,1.36357,1.36384,1.50,1.50
2011.06.27 13:44:21.667,1.36353,1.36369,1.50,3.00
2011.06.27 13:44:21.782,1.36342,1.36369,2.25,1.50
2011.06.27 13:44:21.891,1.36346,1.36366,1.35,1.41
2011.06.27 13:44:22.223,1.36361,1.36384,1.35,1.50
2011.06.27 13:44:22.562,1.36372,1.36392,1.35,3.00
2011.06.27 13:44:22.782,1.36369,1.36391,1.50,3.00
2011.06.27 13:44:22.960,1.36369,1.36391,1.50,3.75
2011.06.27 13:44:23.336,1.36363,1.36391,1.50,4.50
2011.06.27 13:44:24.085,1.36363,1.36391,1.50,4.50
2011.06.27 13:44:24.209,1.36363,1.36387,1.50,1.35
2011.06.27 13:44:24.542,1.36368,1.36391,1.13,4.50
2011.06.27 13:44:24.873,1.36375,1.36401,1.35,1.50
2011.06.27 13:44:25.856,1.36372,1.36385,1.50,2.10
2011.06.27 13:44:26.082,1.36369,1.36388,1.50,1.50
2011.06.27 13:44:26.301,1.36362,1.36388,1.13,1.50
2011.06.27 13:44:26.744,1.36362,1.36388,1.13,1.50
2011.06.27 13:44:26.861,1.36362,1.36388,1.13,1.50
2011.06.27 13:44:27.191,1.36363,1.3639,1.50,1.35
2011.06.27 13:44:27.411,1.36363,1.3639,1.50,1.35
2011.06.27 13:44:27.961,1.36363,1.3639,2.25,3.75
2011.06.27 13:44:28.291,1.36367,1.36401,2.25,4.50
2011.06.27 13:44:28.620,1.36374,1.36401,1.50,1.50
2011.06.27 13:44:29.061,1.3638,1.36401,1.50,1.50
2011.06.27 13:44:29.578,1.3638,1.36405,2.10,3.75
2011.06.27 13:44:29.595,1.3638,1.36405,2.10,3.75
2011.06.27 13:44:29.835,1.3638,1.36406,1.50,4.50
2011.06.27 13:44:30.073,1.36384,1.36411,1.35,6.75
2011.06.27 13:44:30.183,1.3639,1.36411,2.10,3.75
2011.06.27 13:44:30.414,1.36387,1.36415,1.50,1.35
2011.06.27 13:44:30.862,1.36387,1.36415,1.50,1.35
2011.06.27 13:44:31.013,1.36387,1.36415,1.50,1.35
2011.06.27 13:44:31.136,1.36387,1.36415,1.50,1.35
2011.06.27 13:44:31.361,1.36391,1.36418,1.50,1.50
2011.06.27 13:44:31.472,1.36394,1.3642,1.50,1.35
2011.06.27 13:44:31.693,1.36393,1.3642,1.50,1.35
2011.06.27 13:44:31.801,1.3639,1.3642,2.10,1.35
2011.06.27 13:44:32.195,1.36394,1.36422,1.13,3.00
2011.06.27 13:44:32.314,1.36391,1.36412,1.50,1.35
2011.06.27 13:44:32.434,1.36388,1.36412,1.88,2.10
2011.06.27 13:44:32.662,1.36385,1.36412,1.13,1.35
2011.06.27 13:44:32.881,1.36385,1.36415,2.48,2.10
2011.06.27 13:44:33.322,1.36386,1.36409,1.13,1.50
2011.06.27 13:44:33.541,1.36386,1.3641,1.88,1.50
2011.06.27 13:44:33.870,1.36388,1.36414,1.13,1.50
2011.06.27 13:44:34.199,1.36396,1.36423,2.48,1.50
2011.06.27 13:44:34.771,1.36396,1.36423,1.73,1.50
2011.06.27 13:44:34.993,1.36396,1.36423,1.35,1.50
2011.06.27 13:44:35.224,1.36392,1.36416,1.13,1.35
2011.06.27 13:44:35.345,1.36386,1.36414,1.13,1.50
2011.06.27 13:44:35.571,1.36387,1.36412,1.13,1.50
2011.06.27 13:44:36.123,1.36384,1.36402,3.00,1.50
2011.06.27 13:44:36.343,1.36391,1.3641,1.13,1.50
2011.06.27 13:44:36.573,1.36386,1.36411,3.00,1.35
2011.06.27 13:44:37.120,1.36384,1.36407,1.73,1.50
2011.06.27 13:44:37.720,1.36383,1.36407,3.98,1.50
2011.06.27 13:44:37.946,1.36388,1.36407,2.85,1.50
2011.06.27 13:44:38.063,1.36387,1.3641,3.00,1.50
2011.06.27 13:44:38.511,1.36386,1.36412,3.98,1.50
2011.06.27 13:44:38.620,1.36389,1.36412,1.13,1.50
2011.06.27 13:44:39.171,1.36389,1.36412,1.50,1.50
2011.06.27 13:44:39.501,1.36397,1.36422,2.10,1.50
2011.06.27 13:44:40.137,1.36393,1.36417,1.13,1.50
2011.06.27 13:44:40.694,1.36388,1.36417,4.35,1.50
2011.06.27 13:44:40.920,1.3639,1.36418,3.00,2.10
2011.06.27 13:44:41.032,1.36393,1.36418,1.35,1.50
2011.06.27 13:44:41.140,1.36389,1.36418,1.13,1.50
2011.06.27 13:44:41.690,1.36389,1.36418,1.13,1.50
2011.06.27 13:44:42.239,1.36394,1.36418,1.35,1.50
2011.06.27 13:44:42.681,1.36394,1.36418,1.35,1.50
2011.06.27 13:44:42.901,1.36387,1.36418,1.35,1.50
2011.06.27 13:44:43.451,1.36386,1.36414,2.48,1.50
2011.06.27 13:44:43.568,1.36386,1.36414,1.73,1.50
2011.06.27 13:44:44.011,1.36388,1.36414,1.13,1.50
2011.06.27 13:44:44.120,1.36388,1.36414,1.13,1.50
2011.06.27 13:44:44.232,1.36388,1.36414,1.73,1.50
2011.06.27 13:44:44.562,1.36391,1.36419,4.35,4.50
2011.06.27 13:44:44.891,1.36398,1.36419,3.60,1.50
2011.06.27 13:44:45.661,1.36393,1.36419,4.50,1.50
2011.06.27 13:44:45.990,1.36392,1.36419,1.35,1.50
2011.06.27 13:44:46.431,1.36392,1.36419,2.10,1.50
2011.06.27 13:44:46.943,1.36393,1.3642,1.35,1.50
2011.06.27 13:44:47.611,1.36392,1.3642,1.88,1.50
2011.06.27 13:44:47.830,1.36389,1.36413,1.50,1.50
2011.06.27 13:44:47.941,1.36387,1.36411,5.25,1.50
2011.06.27 13:44:48.269,1.36387,1.36412,2.25,4.50
2011.06.27 13:44:48.979,1.3639,1.36415,2.63,1.50
2011.06.27 13:44:49.211,1.36394,1.36421,1.50,1.50
2011.06.27 13:44:49.563,1.36395,1.36421,3.75,1.50
2011.06.27 13:44:50.121,1.36395,1.36418,3.00,1.50
2011.06.27 13:44:50.234,1.36391,1.36415,4.50,1.35
2011.06.27 13:44:50.351,1.3639,1.36417,1.50,1.50
2011.06.27 13:44:50.680,1.36387,1.36411,2.25,1.50
2011.06.27 13:44:50.904,1.36387,1.36412,2.25,1.50
2011.06.27 13:44:51.021,1.36387,1.36415,1.50,1.50
2011.06.27 13:44:51.569,1.36387,1.36408,2.25,1.50
2011.06.27 13:44:51.866,1.36388,1.36414,2.25,8.25
2011.06.27 13:44:51.984,1.36391,1.36416,4.50,1.50
2011.06.27 13:44:52.540,1.3639,1.36417,4.50,1.50
2011.06.27 13:44:52.981,1.3639,1.36416,1.50,2.25
2011.06.27 13:44:53.424,1.3639,1.36416,4.50,1.50
2011.06.27 13:44:54.200,1.36388,1.36414,4.50,1.50
2011.06.27 13:44:54.676,1.36394,1.36416,3.75,1.50
2011.06.27 13:44:54.797,1.36393,1.36419,2.25,1.50
2011.06.27 13:44:54.912,1.3639,1.36416,1.50,1.50
2011.06.27 13:44:55.024,1.36393,1.36413,3.75,1.50
2011.06.27 13:44:55.255,1.36397,1.36422,5.25,1.50
2011.06.27 13:44:55.771,1.36398,1.36422,1.50,1.50
2011.06.27 13:44:55.881,1.36396,1.36422,1.50,1.50
2011.06.27 13:44:56.431,1.36394,1.36422,1.50,1.50
2011.06.27 13:44:56.761,1.36398,1.36422,1.50,1.50
2011.06.27 13:44:56.979,1.36395,1.36422,1.50,1.50
2011.06.27 13:44:57.091,1.364,1.36422,3.00,1.50
2011.06.27 13:44:57.641,1.36402,1.36427,3.00,1.88
2011.06.27 13:44:58.181,1.36403,1.36426,3.00,1.88
2011.06.27 13:44:58.621,1.36409,1.3643,3.00,1.50
2011.06.27 13:44:58.731,1.36405,1.36433,3.75,1.50
2011.06.27 13:44:59.060,1.36406,1.36434,4.50,1.50
2011.06.27 13:44:59.392,1.36406,1.36431,1.50,2.25
2011.06.27 13:44:59.720,1.36406,1.36431,1.50,2.25
2011.06.27 13:45:00.270,1.36406,1.36431,1.50,2.25
2011.06.27 13:45:00.711,1.36406,1.36431,1.50,1.50
2011.06.27 13:45:01.150,1.36406,1.36431,1.50,1.50
2011.06.27 13:45:01.670,1.36408,1.36433,2.25,1.88
2011.06.27 13:45:01.890,1.36406,1.36432,1.50,1.13
2011.06.27 13:45:02.672,1.36402,1.36428,1.50,1.35
2011.06.27 13:45:03.000,1.36396,1.36426,2.10,3.75
2011.06.27 13:45:03.440,1.36397,1.36427,4.50,1.50
2011.06.27 13:45:03.554,1.364,1.36428,1.50,1.50
2011.06.27 13:45:03.671,1.364,1.36428,1.50,1.50
2011.06.27 13:45:03.781,1.364,1.36428,4.50,1.50
2011.06.27 13:45:04.000,1.36401,1.36424,1.35,1.50
2011.06.27 13:45:04.331,1.36404,1.36424,1.35,1.50
2011.06.27 13:45:04.551,1.36401,1.36429,4.35,2.25
2011.06.27 13:45:04.660,1.36401,1.36429,4.35,1.50
2011.06.27 13:45:04.879,1.36409,1.36433,1.35,1.50
2011.06.27 13:45:04.990,1.36409,1.36434,1.35,3.75
2011.06.27 13:45:05.302,1.36409,1.36433,1.35,1.50
2011.06.27 13:45:05.630,1.36407,1.36433,1.50,2.10
2011.06.27 13:45:06.212,1.36403,1.36433,2.10,1.35
2011.06.27 13:45:06.760,1.36403,1.3643,1.35,1.50
2011.06.27 13:45:06.983,1.36403,1.3643,1.35,1.50
2011.06.27 13:45:07.324,1.36408,1.36435,3.75,1.35
2011.06.27 13:45:07.549,1.36409,1.36436,1.35,1.50
2011.06.27 13:45:08.302,1.36411,1.36437,1.50,1.50
2011.06.27 13:45:08.859,1.3641,1.36436,1.50,1.50
2011.06.27 13:45:09.619,1.3641,1.36439,1.50,1.50
2011.06.27 13:45:09.950,1.36405,1.3643,1.50,1.35
2011.06.27 13:45:10.281,1.36401,1.3643,1.50,1.35
2011.06.27 13:45:10.940,1.36401,1.36432,3.00,1.50
2011.06.27 13:45:11.161,1.36401,1.36432,3.00,1.50
2011.06.27 13:45:11.270,1.36404,1.36432,3.75,1.50
2011.06.27 13:45:11.710,1.36405,1.36432,1.50,1.50
2011.06.27 13:45:12.150,1.3641,1.36434,1.35,2.25
2011.06.27 13:45:12.371,1.36405,1.36432,1.50,1.50
2011.06.27 13:45:12.968,1.36405,1.36432,1.50,1.50
2011.06.27 13:45:13.080,1.36405,1.36432,1.50,1.50
2011.06.27 13:45:13.411,1.3642,1.36446,3.00,1.50
2011.06.27 13:45:13.743,1.36419,1.36441,1.50,1.35
2011.06.27 13:45:13.962,1.36413,1.36439,1.50,1.50
2011.06.27 13:45:14.072,1.36413,1.36439,2.10,1.50
2011.06.27 13:45:14.399,1.36416,1.36442,1.35,1.50
2011.06.27 13:45:14.843,1.36418,1.3644,3.75,1.35
2011.06.27 13:45:15.061,1.3641,1.36437,1.50,1.35
2011.06.27 13:45:15.282,1.36412,1.36439,1.35,1.50
2011.06.27 13:45:15.393,1.36412,1.36439,1.35,1.50
2011.06.27 13:45:15.904,1.3641,1.36438,1.50,1.35
2011.06.27 13:45:16.460,1.36412,1.36439,1.50,1.50
2011.06.27 13:45:16.682,1.36405,1.36426,1.50,2.10
2011.06.27 13:45:16.793,1.36403,1.36423,3.00,1.35
2011.06.27 13:45:16.913,1.36403,1.3642,2.25,1.50
2011.06.27 13:45:17.135,1.36397,1.36425,2.10,1.50
2011.06.27 13:45:17.252,1.364,1.36425,3.75,1.50
2011.06.27 13:45:17.470,1.36398,1.36428,2.10,1.50
2011.06.27 13:45:17.800,1.36399,1.36429,3.75,1.50
2011.06.27 13:45:18.242,1.36403,1.36431,1.35,1.50
2011.06.27 13:45:18.781,1.364,1.36424,1.50,1.35
2011.06.27 13:45:18.891,1.364,1.36422,1.50,1.35
2011.06.27 13:45:19.179,1.36395,1.36422,1.50,2.10
2011.06.27 13:45:19.517,1.36392,1.36418,1.50,1.35
2011.06.27 13:45:19.635,1.3639,1.36413,4.13,1.50
2011.06.27 13:45:19.973,1.36395,1.36413,1.35,1.50
2011.06.27 13:45:20.411,1.36401,1.36423,1.35,5.25
2011.06.27 13:45:20.851,1.36402,1.3643,1.50,1.50
2011.06.27 13:45:21.392,1.36398,1.36428,2.10,1.50
2011.06.27 13:45:21.501,1.36398,1.36427,2.10,1.50
2011.06.27 13:45:21.722,1.36401,1.36427,1.35,1.50
2011.06.27 13:45:21.832,1.364,1.36427,3.75,1.50
2011.06.27 13:45:22.052,1.36403,1.3643,3.75,1.50
2011.06.27 13:45:22.270,1.36405,1.36431,1.35,1.50
2011.06.27 13:45:22.491,1.36409,1.36435,3.60,1.50
2011.06.27 13:45:22.712,1.36413,1.36439,4.35,1.50
2011.06.27 13:45:22.931,1.36413,1.3644,5.10,1.88
2011.06.27 13:45:23.152,1.36416,1.3644,1.50,1.13
2011.06.27 13:45:23.479,1.36416,1.3644,1.50,1.88
2011.06.27 13:45:24.485,1.36407,1.36438,1.50,2.25
2011.06.27 13:45:24.713,1.36409,1.36438,3.60,1.50
2011.06.27 13:45:24.821,1.36409,1.36438,4.35,1.50
2011.06.27 13:45:25.042,1.36408,1.36436,4.50,1.35
2011.06.27 13:45:25.260,1.36408,1.36434,1.50,1.50
2011.06.27 13:45:25.481,1.36405,1.36434,5.10,1.50
2011.06.27 13:45:26.311,1.36408,1.36434,1.35,1.50
2011.06.27 13:45:26.861,1.36405,1.36434,4.50,1.50
2011.06.27 13:45:27.192,1.36405,1.36434,4.50,1.50
2011.06.27 13:45:27.741,1.36408,1.36435,1.50,2.10
2011.06.27 13:45:28.073,1.36412,1.36437,4.35,1.50
2011.06.27 13:45:28.416,1.36412,1.36439,1.35,1.50
2011.06.27 13:45:28.532,1.36411,1.36434,1.50,2.10
2011.06.27 13:45:28.645,1.3641,1.3643,1.50,1.35
2011.06.27 13:45:28.874,1.36405,1.36433,2.10,3.75
2011.06.27 13:45:28.992,1.36409,1.36433,1.35,3.75
2011.06.27 13:45:29.213,1.36405,1.36431,1.50,1.50
2011.06.27 13:45:29.601,1.36404,1.36432,1.50,3.60
2011.06.27 13:45:29.712,1.36407,1.36431,1.35,1.50
2011.06.27 13:45:30.044,1.36409,1.36436,3.75,2.10
2011.06.27 13:45:30.386,1.36404,1.3643,1.50,2.85
2011.06.27 13:45:30.614,1.36401,1.3643,1.50,2.85
2011.06.27 13:45:31.349,1.364,1.36431,4.50,1.50
2011.06.27 13:45:31.466,1.36398,1.36422,2.25,1.50
2011.06.27 13:45:31.582,1.36398,1.36423,2.25,1.50
2011.06.27 13:45:32.130,1.36397,1.36425,1.50,1.50
2011.06.27 13:45:32.240,1.36398,1.36429,1.50,1.50
2011.06.27 13:45:32.464,1.364,1.36428,1.50,1.50
2011.06.27 13:45:32.801,1.36404,1.36432,1.50,1.50
2011.06.27 13:45:33.133,1.36404,1.36432,4.50,1.50
2011.06.27 13:45:33.464,1.36416,1.36432,2.10,1.50
2011.06.27 13:45:33.693,1.36416,1.36441,1.50,2.10
2011.06.27 13:45:33.814,1.36411,1.36433,1.50,3.00
2011.06.27 13:45:33.929,1.3641,1.36435,1.50,1.50
2011.06.27 13:45:34.042,1.36407,1.36434,4.50,1.50
2011.06.27 13:45:34.622,1.36405,1.36432,2.10,1.50
2011.06.27 13:45:34.843,1.36407,1.36434,1.50,1.50
2011.06.27 13:45:35.185,1.36405,1.36428,1.35,1.50
2011.06.27 13:45:35.300,1.36405,1.36428,1.35,1.50
2011.06.27 13:45:35.630,1.36398,1.36424,1.50,1.50
2011.06.27 13:45:36.070,1.364,1.36424,3.75,1.50
2011.06.27 13:45:36.619,1.364,1.36429,2.10,1.50
2011.06.27 13:45:37.392,1.36403,1.36429,2.10,1.50
2011.06.27 13:45:37.721,1.36397,1.36426,1.50,4.35
2011.06.27 13:45:38.051,1.36397,1.36426,1.50,1.35
2011.06.27 13:45:38.380,1.36394,1.3642,1.35,1.50
2011.06.27 13:45:39.041,1.36395,1.3642,1.35,1.50
2011.06.27 13:45:39.371,1.36395,1.3642,1.35,1.50
2011.06.27 13:45:39.700,1.36395,1.3642,1.35,1.50
2011.06.27 13:45:40.030,1.36396,1.36424,1.35,1.50
2011.06.27 13:45:40.141,1.36398,1.36424,1.50,1.50
2011.06.27 13:45:40.579,1.36398,1.36424,1.50,1.50
2011.06.27 13:45:40.911,1.36397,1.36424,1.50,1.50
2011.06.27 13:45:41.499,1.36394,1.3642,1.35,1.50
2011.06.27 13:45:41.726,1.36402,1.36427,1.50,1.50
2011.06.27 13:45:41.954,1.36402,1.36422,1.50,1.35
2011.06.27 13:45:42.294,1.364,1.36425,2.10,1.50
2011.06.27 13:45:42.522,1.36399,1.36427,4.50,1.50
2011.06.27 13:45:42.633,1.36398,1.36428,2.10,1.35
2011.06.27 13:45:42.754,1.36401,1.36429,3.75,1.35
2011.06.27 13:45:42.870,1.36399,1.36428,1.35,3.75
2011.06.27 13:45:43.311,1.36395,1.36424,1.50,3.75
2011.06.27 13:45:44.263,1.36394,1.36421,1.50,1.50
2011.06.27 13:45:44.592,1.36397,1.36426,2.25,1.50
2011.06.27 13:45:45.140,1.36397,1.36426,2.25,4.50
2011.06.27 13:45:45.251,1.36398,1.36426,1.35,4.50
2011.06.27 13:45:45.583,1.36399,1.36424,1.35,1.50
2011.06.27 13:45:45.812,1.36393,1.36421,1.50,1.35
2011.06.27 13:45:46.250,1.36393,1.36421,1.50,4.35
2011.06.27 13:45:46.360,1.36392,1.36421,1.50,4.35
2011.06.27 13:45:46.909,1.36392,1.3642,1.50,1.50
2011.06.27 13:45:47.019,1.36392,1.3642,1.50,1.50
2011.06.27 13:45:47.569,1.36392,1.3642,1.50,1.50
2011.06.27 13:45:48.168,1.36389,1.36414,1.50,3.00
2011.06.27 13:45:48.285,1.3639,1.36415,1.35,1.50
2011.06.27 13:45:48.404,1.3639,1.36418,1.35,1.50
2011.06.27 13:45:48.519,1.3639,1.36419,1.35,1.50
2011.06.27 13:45:48.740,1.36396,1.36422,1.50,4.35
2011.06.27 13:45:49.262,1.36395,1.36422,1.50,4.35
2011.06.27 13:45:49.591,1.364,1.36423,4.35,1.50
2011.06.27 13:45:49.922,1.36397,1.36421,1.50,4.35
2011.06.27 13:45:50.031,1.36397,1.36421,1.50,3.75
2011.06.27 13:45:50.252,1.36412,1.36432,3.00,1.50
2011.06.27 13:45:50.471,1.36412,1.3644,1.35,1.50
2011.06.27 13:45:51.020,1.36414,1.3644,1.50,1.50
2011.06.27 13:45:51.568,1.36413,1.3644,1.50,1.50
2011.06.27 13:45:51.902,1.36415,1.36438,1.50,1.35
2011.06.27 13:45:52.121,1.36416,1.36438,1.50,1.35
2011.06.27 13:45:52.782,1.36416,1.36438,1.50,1.35
2011.06.27 13:45:53.330,1.36415,1.36438,1.50,1.35
2011.06.27 13:45:53.554,1.36416,1.36443,2.10,1.50
2011.06.27 13:45:53.674,1.36417,1.36443,1.50,1.50
2011.06.27 13:45:53.900,1.36423,1.36448,1.50,1.35
2011.06.27 13:45:54.230,1.36423,1.36448,1.50,1.35
2011.06.27 13:45:54.449,1.36423,1.36448,1.50,1.35
2011.06.27 13:45:54.780,1.36422,1.36448,1.50,1.35
2011.06.27 13:45:55.155,1.36418,1.36443,1.50,3.75
2011.06.27 13:45:55.711,1.3642,1.36447,1.50,1.50
2011.06.27 13:45:56.042,1.3642,1.36448,3.60,1.50
2011.06.27 13:45:56.154,1.36424,1.36448,2.10,1.50
2011.06.27 13:45:56.382,1.36424,1.36451,2.10,1.50
2011.06.27 13:46:02.875,1.3643,1.36456,2.85,2.16
2011.06.27 13:46:03.002,1.36428,1.36456,4.50,1.50
2011.06.27 13:46:03.114,1.36434,1.3645,2.25,3.00
2011.06.27 13:46:03.668,1.36432,1.3645,4.50,3.00
2011.06.27 13:46:03.843,1.36433,1.36461,4.50,1.35
2011.06.27 13:46:04.611,1.36435,1.36462,2.85,1.50
2011.06.27 13:46:04.722,1.36438,1.36463,1.35,1.50
2011.06.27 13:46:04.942,1.36437,1.36465,1.50,1.50
2011.06.27 13:46:05.491,1.36434,1.36465,1.50,3.00
2011.06.27 13:46:06.041,1.36435,1.36465,1.50,1.50
2011.06.27 13:46:06.259,1.36435,1.36463,1.50,1.50
2011.06.27 13:46:06.371,1.36434,1.36463,1.50,2.25
2011.06.27 13:46:06.787,1.36436,1.36461,4.50,1.50
2011.06.27 13:46:07.125,1.36442,1.36472,1.35,3.75
2011.06.27 13:46:07.243,1.36441,1.36471,4.50,2.25
2011.06.27 13:46:07.365,1.36441,1.36471,3.75,2.25
2011.06.27 13:46:07.701,1.36441,1.3647,3.75,1.50
2011.06.27 13:46:07.811,1.36444,1.3647,3.75,1.50
2011.06.27 13:46:14.992,1.36451,1.36477,2.10,2.63
2011.06.27 13:46:15.106,1.36451,1.3647,2.10,1.50
2011.06.27 13:46:15.275,1.36448,1.36472,1.50,3.75
2011.06.27 13:46:15.655,1.36454,1.36473,1.50,1.50
2011.06.27 13:46:15.729,1.36448,1.36473,1.50,1.50
2011.06.27 13:46:15.843,1.36446,1.36473,2.10,1.50
2011.06.27 13:46:16.531,1.36446,1.36473,2.10,1.50
2011.06.27 13:46:16.641,1.36445,1.36473,4.50,1.50
2011.06.27 13:46:17.081,1.36452,1.36473,3.00,1.50
2011.06.27 13:46:17.411,1.36464,1.36482,5.10,1.50
2011.06.27 13:46:17.523,1.36467,1.36486,2.10,1.50
2011.06.27 13:46:18.004,1.36465,1.36491,1.50,1.73
2011.06.27 13:46:18.342,1.36461,1.36488,2.10,3.75
2011.06.27 13:46:18.449,1.36461,1.36488,1.35,3.75
2011.06.27 13:46:19.040,1.36462,1.36488,1.35,3.75
2011.06.27 13:46:19.480,1.36463,1.36488,2.85,3.75
2011.06.27 13:46:19.594,1.36468,1.36491,1.50,1.13
2011.06.27 13:46:20.371,1.36465,1.36498,1.50,1.50
2011.06.27 13:46:20.592,1.36468,1.36498,1.50,1.50
2011.06.27 13:46:20.810,1.36464,1.36501,1.50,2.25
2011.06.27 13:46:21.530,1.36471,1.365,1.50,1.50
2011.06.27 13:46:21.640,1.36471,1.36502,1.50,2.25
2011.06.27 13:46:21.751,1.36466,1.36502,2.25,2.25
2011.06.27 13:46:21.971,1.36473,1.36499,2.25,1.50
2011.06.27 13:46:22.195,1.36467,1.36499,3.75,1.50
2011.06.27 13:46:22.533,1.36466,1.36493,2.25,3.75
2011.06.27 13:46:22.860,1.36466,1.36494,2.25,4.50
2011.06.27 13:46:22.972,1.3647,1.36494,3.00,1.50
2011.06.27 13:46:23.301,1.36472,1.365,2.85,1.50
2011.06.27 13:46:23.519,1.36471,1.365,1.35,1.50
2011.06.27 13:46:24.079,1.36471,1.365,1.35,1.50
2011.06.27 13:46:24.521,1.36466,1.36495,1.50,1.50
2011.06.27 13:46:24.851,1.36468,1.36495,2.85,1.50
2011.06.27 13:46:25.071,1.36468,1.36495,3.60,1.50
2011.06.27 13:46:25.403,1.36467,1.36495,3.75,1.35
2011.06.27 13:46:25.524,1.36464,1.36495,1.50,4.35
2011.06.27 13:46:26.303,1.36465,1.36494,1.50,1.50
2011.06.27 13:46:26.522,1.36467,1.36494,1.35,1.50
2011.06.27 13:46:26.849,1.36467,1.36494,1.35,1.50
2011.06.27 13:46:27.182,1.36467,1.36494,2.10,1.50
2011.06.27 13:46:27.610,1.36467,1.36494,1.50,4.50
2011.06.27 13:46:27.831,1.36465,1.36494,1.50,4.50
2011.06.27 13:46:28.159,1.36463,1.36494,2.25,4.50
2011.06.27 13:46:28.271,1.36467,1.36494,1.50,4.50
2011.06.27 13:46:28.384,1.36472,1.36494,1.50,4.50
2011.06.27 13:46:28.615,1.3647,1.36495,1.35,3.75
2011.06.27 13:46:28.731,1.36469,1.36501,2.10,1.50
2011.06.27 13:46:28.843,1.36467,1.36496,3.75,1.35
2011.06.27 13:46:29.061,1.36466,1.36495,1.35,1.50
2011.06.27 13:46:29.280,1.36466,1.36491,1.35,1.50
2011.06.27 13:46:29.612,1.36455,1.36489,5.25,3.75
2011.06.27 13:46:29.832,1.36455,1.36484,1.50,3.75
2011.06.27 13:46:30.595,1.3645,1.36478,1.35,1.50
2011.06.27 13:46:30.704,1.3645,1.36478,1.35,1.50
2011.06.27 13:46:31.041,1.3645,1.36478,2.10,1.50
2011.06.27 13:46:31.371,1.3645,1.36478,2.10,1.50
2011.06.27 13:46:31.810,1.36455,1.36481,1.35,1.50
2011.06.27 13:46:32.143,1.36457,1.36481,1.35,1.50
2011.06.27 13:46:32.372,1.3646,1.36486,1.50,1.50
2011.06.27 13:46:32.592,1.3646,1.3649,4.50,1.50
2011.06.27 13:46:33.141,1.36462,1.36492,3.75,1.13
2011.06.27 13:46:33.251,1.36462,1.36492,3.75,1.13
2011.06.27 13:46:33.470,1.36464,1.36493,1.50,1.13
2011.06.27 13:46:33.801,1.36464,1.36493,1.50,1.13
2011.06.27 13:46:34.119,1.36454,1.36488,3.75,1.50
2011.06.27 13:46:34.450,1.36451,1.36487,3.75,3.75
2011.06.27 13:46:35.220,1.36461,1.36488,3.75,1.50
2011.06.27 13:46:35.550,1.36461,1.36488,3.75,1.50
2011.06.27 13:46:35.883,1.36453,1.36482,1.50,3.75
2011.06.27 13:46:36.103,1.36453,1.3648,1.50,3.75
2011.06.27 13:46:36.209,1.36453,1.3648,2.25,4.50
2011.06.27 13:46:36.321,1.36453,1.3648,2.25,1.50
2011.06.27 13:46:36.650,1.36453,1.3648,2.25,1.50
2011.06.27 13:46:36.934,1.36453,1.36481,2.25,1.13
2011.06.27 13:46:37.150,1.36456,1.36482,3.00,1.13
2011.06.27 13:46:37.481,1.3646,1.36482,2.10,1.13
2011.06.27 13:46:37.811,1.3646,1.36482,3.00,1.13
2011.06.27 13:46:37.921,1.36458,1.36481,3.00,1.13
2011.06.27 13:46:38.251,1.36453,1.36482,3.75,1.13
2011.06.27 13:46:38.800,1.36459,1.36481,3.00,1.13
2011.06.27 13:46:39.129,1.36453,1.36481,5.85,1.13
2011.06.27 13:46:39.350,1.36457,1.36482,1.35,1.13
2011.06.27 13:46:39.790,1.36453,1.36478,1.50,4.50
2011.06.27 13:46:39.900,1.36445,1.36479,4.50,1.50
2011.06.27 13:46:40.009,1.36445,1.36474,4.50,1.35
2011.06.27 13:46:40.441,1.36442,1.36471,3.75,1.13
2011.06.27 13:46:40.663,1.36436,1.36463,4.50,5.25
2011.06.27 13:46:40.772,1.36436,1.36463,3.75,5.25
2011.06.27 13:46:41.101,1.36442,1.36466,3.75,1.50
2011.06.27 13:46:41.650,1.36442,1.36466,1.50,1.50
2011.06.27 13:46:42.422,1.36445,1.36463,2.10,1.50
2011.06.27 13:46:42.532,1.36448,1.3647,3.00,1.13
2011.06.27 13:46:42.642,1.36448,1.36471,3.75,1.13
2011.06.27 13:46:43.082,1.36449,1.3647,1.50,1.13
2011.06.27 13:46:43.301,1.36445,1.36471,1.50,1.13
2011.06.27 13:46:43.590,1.36448,1.36477,3.00,3.00
2011.06.27 13:46:43.922,1.36452,1.36482,3.75,1.50
2011.06.27 13:46:44.252,1.36445,1.36479,4.50,3.75
2011.06.27 13:46:44.364,1.36447,1.36476,1.50,3.75
2011.06.27 13:46:44.704,1.36453,1.36478,1.50,7.50
2011.06.27 13:46:45.481,1.36453,1.36477,1.50,1.50
2011.06.27 13:46:45.811,1.36454,1.36478,1.50,3.75
2011.06.27 13:46:46.143,1.36457,1.36481,3.00,2.25
2011.06.27 13:46:46.672,1.36457,1.36478,3.00,1.50
2011.06.27 13:46:47.000,1.36457,1.36478,3.00,1.50
2011.06.27 13:46:47.773,1.36454,1.36478,3.75,1.50
2011.06.27 13:46:47.881,1.36456,1.36477,3.00,1.50
2011.06.27 13:46:47.993,1.36453,1.36477,1.50,1.50
2011.06.27 13:46:48.101,1.36456,1.36477,1.35,1.50
2011.06.27 13:46:48.431,1.36457,1.36475,3.00,1.35
2011.06.27 13:46:48.652,1.36453,1.36475,1.50,1.50
2011.06.27 13:46:48.762,1.36453,1.36475,1.50,1.50
2011.06.27 13:46:49.092,1.36438,1.36468,2.10,1.35
2011.06.27 13:46:49.203,1.36438,1.36468,1.35,1.35
2011.06.27 13:46:49.567,1.36438,1.36468,1.35,2.10
2011.06.27 13:46:49.682,1.36438,1.36468,1.35,2.10
2011.06.27 13:46:49.901,1.36438,1.36468,1.50,1.50
2011.06.27 13:46:50.471,1.36437,1.36468,3.75,1.50
2011.06.27 13:46:50.803,1.36437,1.36464,3.75,1.35
2011.06.27 13:46:51.132,1.36436,1.36468,2.25,4.50
2011.06.27 13:46:51.681,1.36435,1.36464,1.50,1.35
2011.06.27 13:46:52.581,1.36435,1.36463,1.50,1.50
2011.06.27 13:46:52.801,1.36434,1.36463,3.60,1.50
2011.06.27 13:46:53.247,1.36434,1.36463,2.10,1.50
2011.06.27 13:46:53.584,1.36438,1.36463,1.35,1.50
2011.06.27 13:46:53.703,1.36445,1.36471,1.35,1.50
2011.06.27 13:46:53.923,1.36441,1.36474,1.50,1.50
2011.06.27 13:46:54.932,1.3644,1.36465,1.50,1.35
2011.06.27 13:46:55.370,1.3644,1.36472,1.50,1.50
2011.06.27 13:46:55.591,1.3644,1.36468,1.50,2.25
2011.06.27 13:46:55.921,1.36441,1.36472,1.50,1.50
2011.06.27 13:46:56.140,1.36439,1.36472,1.50,1.50
2011.06.27 13:46:56.366,1.36444,1.36474,1.50,2.25
2011.06.27 13:46:57.153,1.36445,1.36476,1.35,1.50
2011.06.27 13:46:57.381,1.36445,1.36476,2.10,1.50
2011.06.27 13:46:57.933,1.36445,1.36476,2.10,1.50
2011.06.27 13:46:58.161,1.36445,1.36473,1.35,1.50
2011.06.27 13:46:58.493,1.36446,1.36471,1.50,1.50
2011.06.27 13:46:58.613,1.3644,1.36469,1.50,1.50
2011.06.27 13:46:58.945,1.36434,1.3646,1.50,1.50
2011.06.27 13:46:59.064,1.36434,1.36467,1.50,3.00
2011.06.27 13:46:59.291,1.36434,1.36459,3.00,1.35
2011.06.27 13:46:59.513,1.36438,1.36466,1.50,1.50
2011.06.27 13:47:00.072,1.36441,1.36469,1.50,3.00
2011.06.27 13:47:00.622,1.36445,1.36472,3.75,1.50
2011.06.27 13:47:01.063,1.36445,1.36473,3.75,2.25
2011.06.27 13:47:01.171,1.36446,1.36473,3.75,2.25
2011.06.27 13:47:01.283,1.36444,1.3647,1.50,2.25
2011.06.27 13:47:01.610,1.36441,1.3647,3.75,2.25
2011.06.27 13:47:01.940,1.36443,1.36468,3.75,1.35
2011.06.27 13:47:02.511,1.36454,1.36475,3.75,2.25
2011.06.27 13:47:02.621,1.36454,1.3648,1.50,1.50
2011.06.27 13:47:02.841,1.36454,1.36474,3.75,1.35
2011.06.27 13:47:03.386,1.36454,1.36477,1.50,1.50
2011.06.27 13:47:03.614,1.36458,1.36484,1.50,3.75
2011.06.27 13:47:04.171,1.36456,1.36483,4.50,1.35
2011.06.27 13:47:04.512,1.36456,1.36483,4.50,1.35
2011.06.27 13:47:04.621,1.36453,1.36483,1.50,1.35
2011.06.27 13:47:04.729,1.36451,1.36479,1.35,1.50
2011.06.27 13:47:04.951,1.36453,1.36479,1.50,1.50
2011.06.27 13:47:05.172,1.36452,1.36479,1.50,1.50
2011.06.27 13:47:05.796,1.36453,1.36479,1.35,1.50
2011.06.27 13:47:06.132,1.36455,1.36485,1.35,5.10
2011.06.27 13:47:06.461,1.36455,1.36485,1.35,5.10
2011.06.27 13:47:06.797,1.36461,1.36485,3.00,1.50
2011.06.27 13:47:07.023,1.36459,1.36486,1.35,1.50
2011.06.27 13:47:07.132,1.36468,1.3649,1.35,1.50
2011.06.27 13:47:07.240,1.36468,1.36492,1.50,2.85
2011.06.27 13:47:07.572,1.3646,1.36484,1.50,1.35
2011.06.27 13:47:07.683,1.36454,1.36484,4.50,1.35
2011.06.27 13:47:08.012,1.36459,1.36486,2.10,3.75
2011.06.27 13:47:08.392,1.36456,1.36482,1.50,1.50
2011.06.27 13:47:08.516,1.36452,1.36476,1.50,1.35
2011.06.27 13:47:08.742,1.36453,1.36482,1.35,1.50
2011.06.27 13:47:09.291,1.36453,1.36482,1.35,1.50
2011.06.27 13:47:09.511,1.36457,1.36483,2.85,4.50
2011.06.27 13:47:09.732,1.36467,1.36492,1.35,2.25
2011.06.27 13:47:10.171,1.36468,1.36498,3.60,1.50
2011.06.27 13:47:10.502,1.36461,1.36493,1.35,1.35
2011.06.27 13:47:11.051,1.36461,1.36493,1.35,1.35
2011.06.27 13:47:11.585,1.36462,1.3649,1.50,1.35
2011.06.27 13:47:11.924,1.36458,1.36479,3.75,1.35
2011.06.27 13:47:12.044,1.36454,1.36471,1.50,1.35
2011.06.27 13:47:12.276,1.36453,1.36478,1.50,2.10
2011.06.27 13:47:12.612,1.36449,1.36478,2.85,1.50
2011.06.27 13:47:12.722,1.36453,1.36478,2.10,1.50
2011.06.27 13:47:13.160,1.36453,1.36478,1.35,1.50
2011.06.27 13:47:13.380,1.36453,1.36478,1.35,1.50
2011.06.27 13:47:14.020,1.36453,1.36483,1.35,1.35
2011.06.27 13:47:14.572,1.3646,1.36484,2.10,1.50
2011.06.27 13:47:14.791,1.3646,1.36487,1.35,1.50
2011.06.27 13:47:15.368,1.3646,1.36487,2.10,1.50
2011.06.27 13:47:16.090,1.3646,1.36487,1.35,1.50
2011.06.27 13:47:17.591,1.36461,1.36487,3.00,1.50
2011.06.27 13:47:17.700,1.36461,1.36487,3.00,1.50
2011.06.27 13:47:18.660,1.36457,1.36484,3.60,1.50
2011.06.27 13:47:18.880,1.3646,1.36484,3.60,1.50
2011.06.27 13:47:19.100,1.3646,1.36484,3.60,1.50
2011.06.27 13:47:19.430,1.36464,1.36488,3.00,1.50
2011.06.27 13:47:19.872,1.3646,1.36488,2.10,1.50
2011.06.27 13:47:19.984,1.36457,1.36485,4.50,2.25
2011.06.27 13:47:20.320,1.3647,1.36492,3.00,1.50
2011.06.27 13:47:20.761,1.3647,1.36495,1.35,1.50
2011.06.27 13:47:21.212,1.36469,1.36498,2.10,2.25
2011.06.27 13:47:21.772,1.36466,1.36492,1.35,1.50
2011.06.27 13:47:22.103,1.36464,1.36491,3.00,1.50
2011.06.27 13:47:22.430,1.36461,1.36489,2.25,2.10
2011.06.27 13:47:22.760,1.3646,1.36489,1.50,2.10
2011.06.27 13:47:23.150,1.36459,1.36489,1.35,2.10
2011.06.27 13:47:23.483,1.36466,1.36492,3.00,1.50
2011.06.27 13:47:23.703,1.36464,1.36491,1.35,3.75
2011.06.27 13:47:24.361,1.36458,1.36487,3.00,1.35
2011.06.27 13:47:25.032,1.36465,1.36492,1.35,1.50
2011.06.27 13:47:25.251,1.36459,1.36489,4.50,1.35
2011.06.27 13:47:25.691,1.3646,1.36489,1.50,2.10
2011.06.27 13:47:26.023,1.36462,1.36487,1.35,3.75
2011.06.27 13:47:26.141,1.36459,1.36487,1.35,1.50
2011.06.27 13:47:26.475,1.36459,1.36486,1.35,1.50
2011.06.27 13:47:26.922,1.3646,1.36489,3.75,2.10
2011.06.27 13:47:27.146,1.3646,1.36484,3.00,1.35
2011.06.27 13:47:27.264,1.36453,1.36484,1.50,1.35
2011.06.27 13:47:27.473,1.36458,1.36484,3.75,1.35
2011.06.27 13:47:27.695,1.36462,1.36488,1.50,1.50
2011.06.27 13:47:28.032,1.36461,1.36487,1.35,1.50
2011.06.27 13:47:28.582,1.3646,1.36487,1.50,2.10
2011.06.27 13:47:28.803,1.36457,1.36482,3.75,1.35
2011.06.27 13:47:28.922,1.36453,1.36482,1.50,1.35
2011.06.27 13:47:29.035,1.36452,1.36482,3.75,1.35
2011.06.27 13:47:29.260,1.36452,1.36482,4.50,1.35
2011.06.27 13:47:29.589,1.36452,1.36482,3.75,1.35
2011.06.27 13:47:30.482,1.36451,1.36474,1.50,1.35
2011.06.27 13:47:30.592,1.3645,1.36474,1.50,1.35
2011.06.27 13:47:30.808,1.36449,1.36474,3.00,1.35
2011.06.27 13:47:30.918,1.36458,1.36486,1.35,1.50
2011.06.27 13:47:31.032,1.36458,1.36486,1.35,1.50
2011.06.27 13:47:31.254,1.36458,1.36485,2.10,3.75
2011.06.27 13:47:31.484,1.36451,1.36473,1.50,2.25
2011.06.27 13:47:31.602,1.36451,1.36473,1.50,2.25
2011.06.27 13:47:31.825,1.36448,1.36471,1.50,1.50
2011.06.27 13:47:31.943,1.36444,1.36471,3.75,1.50
2011.06.27 13:47:32.062,1.36446,1.36471,1.35,1.50
2011.06.27 13:47:32.281,1.36444,1.36471,3.75,1.50
2011.06.27 13:47:32.392,1.36443,1.36471,1.50,1.50
2011.06.27 13:47:32.501,1.3644,1.36462,1.50,2.10
2011.06.27 13:47:32.611,1.36439,1.36459,3.00,1.35
2011.06.27 13:47:32.833,1.36434,1.36462,1.50,4.50
2011.06.27 13:47:32.941,1.36433,1.3646,3.75,3.75
2011.06.27 13:47:33.491,1.36432,1.36457,1.35,3.75
2011.06.27 13:47:33.711,1.36433,1.36457,1.50,3.75
2011.06.27 13:47:33.928,1.36433,1.36459,1.50,3.75
2011.06.27 13:47:34.262,1.36438,1.36467,1.35,2.16
2011.06.27 13:47:34.371,1.36438,1.36467,1.35,2.16
2011.06.27 13:47:34.590,1.36441,1.36468,1.35,1.50
2011.06.27 13:47:34.811,1.36441,1.36469,1.35,3.75
2011.06.27 13:47:35.032,1.36441,1.36471,1.35,3.75
2011.06.27 13:47:35.251,1.36441,1.36466,3.00,1.50
2011.06.27 13:47:35.360,1.36441,1.36467,3.00,1.50
2011.06.27 13:47:35.691,1.36442,1.36468,3.60,1.50
2011.06.27 13:47:36.020,1.36441,1.36466,2.85,1.50
2011.06.27 13:47:36.353,1.36438,1.36466,1.35,1.50
2011.06.27 13:47:36.461,1.36438,1.36466,1.35,1.50
2011.06.27 13:47:37.039,1.36438,1.36466,1.35,1.50
2011.06.27 13:47:37.481,1.36434,1.36456,1.35,1.50
2011.06.27 13:47:37.882,1.36433,1.36453,1.35,1.50
2011.06.27 13:47:37.990,1.36429,1.36451,3.75,1.50
2011.06.27 13:47:38.319,1.36429,1.36449,3.00,1.50
2011.06.27 13:47:38.650,1.36429,1.36449,3.60,1.50
2011.06.27 13:47:38.760,1.36429,1.36449,3.60,1.50
2011.06.27 13:47:38.871,1.36429,1.36449,3.00,1.50
2011.06.27 13:47:39.090,1.36429,1.3645,3.75,2.25
2011.06.27 13:47:39.421,1.36427,1.36447,1.35,1.50
2011.06.27 13:47:39.531,1.36427,1.36448,1.35,1.50
2011.06.27 13:47:39.641,1.36424,1.36448,2.85,1.50
2011.06.27 13:47:39.972,1.36426,1.36448,1.35,1.50
2011.06.27 13:47:40.081,1.36427,1.36452,1.35,1.50
2011.06.27 13:47:40.630,1.36427,1.36452,1.35,1.50
2011.06.27 13:47:41.321,1.36425,1.36451,1.35,1.50
2011.06.27 13:47:41.434,1.36425,1.36451,1.35,1.50
2011.06.27 13:47:41.771,1.36431,1.36455,3.00,1.35
2011.06.27 13:47:42.102,1.36431,1.36457,2.85,2.91
2011.06.27 13:47:42.324,1.36434,1.36457,1.35,3.66
2011.06.27 13:47:42.773,1.36435,1.36457,1.35,1.50
2011.06.27 13:47:43.002,1.36434,1.36456,1.50,1.50
2011.06.27 13:47:43.220,1.36434,1.36456,2.25,1.50
2011.06.27 13:47:43.772,1.36444,1.36456,3.00,3.75
2011.06.27 13:47:44.062,1.36438,1.36463,1.35,2.25
2011.06.27 13:47:44.178,1.3644,1.36466,4.50,1.50
2011.06.27 13:47:44.295,1.3644,1.36466,4.50,1.50
2011.06.27 13:47:44.852,1.36443,1.36468,1.50,1.50
2011.06.27 13:47:45.072,1.36443,1.36468,1.50,1.50
2011.06.27 13:47:45.841,1.36443,1.36466,1.50,1.35
2011.06.27 13:47:46.390,1.36443,1.36465,1.50,1.35
2011.06.27 13:47:46.610,1.36443,1.36465,1.50,1.35
2011.06.27 13:47:46.940,1.36443,1.36465,1.50,1.35
2011.06.27 13:47:47.161,1.36443,1.36468,1.50,1.50
2011.06.27 13:47:47.381,1.36443,1.36468,1.50,1.50
2011.06.27 13:47:47.780,1.36443,1.36468,1.50,1.50
2011.06.27 13:47:48.550,1.36443,1.36468,1.50,1.50
2011.06.27 13:47:48.660,1.36443,1.36468,1.50,1.50
2011.06.27 13:47:48.881,1.36443,1.36468,1.50,1.50
2011.06.27 13:47:49.210,1.36443,1.36468,1.50,1.50
2011.06.27 13:47:50.203,1.36445,1.36468,1.35,1.50
2011.06.27 13:47:50.543,1.36446,1.36473,1.50,1.50
2011.06.27 13:47:50.883,1.36449,1.36473,1.35,1.50
2011.06.27 13:47:51.831,1.3645,1.36466,1.50,2.10
2011.06.27 13:47:52.276,1.36442,1.36463,2.25,1.50
2011.06.27 13:47:52.720,1.36442,1.36469,1.50,1.50
2011.06.27 13:47:53.163,1.36438,1.36465,1.50,1.50
2011.06.27 13:48:00.116,1.36438,1.3646,1.50,1.50
2011.06.27 13:48:00.394,1.36449,1.36471,1.13,3.60
2011.06.27 13:48:01.011,1.36461,1.36471,1.50,3.60
2011.06.27 13:48:01.121,1.36461,1.36471,1.50,3.60
2011.06.27 13:48:01.341,1.36455,1.3648,4.50,1.35
2011.06.27 13:48:01.671,1.36454,1.3648,1.50,1.35
2011.06.27 13:48:02.001,1.36449,1.36475,1.35,1.50
2011.06.27 13:48:02.111,1.36447,1.36475,1.35,1.50
2011.06.27 13:48:02.440,1.36454,1.3648,1.50,1.35
2011.06.27 13:48:02.771,1.36456,1.36482,1.35,1.50
2011.06.27 13:48:03.101,1.36456,1.36482,1.50,1.35
2011.06.27 13:48:03.480,1.36449,1.36475,1.50,1.35
2011.06.27 13:48:03.998,1.36458,1.36484,1.35,1.50
2011.06.27 13:48:04.221,1.36464,1.36484,3.00,1.50
2011.06.27 13:48:04.443,1.36461,1.36487,2.10,1.50
2011.06.27 13:48:04.661,1.3646,1.36487,1.50,1.50
2011.06.27 13:48:05.101,1.36459,1.36487,1.50,1.50
2011.06.27 13:48:05.209,1.36458,1.36486,1.35,1.50
2011.06.27 13:48:05.540,1.36455,1.36484,1.50,1.50
2011.06.27 13:48:05.650,1.36452,1.36484,4.50,1.50
2011.06.27 13:48:05.979,1.36452,1.36478,4.50,1.50
2011.06.27 13:48:06.199,1.36452,1.36478,4.50,1.50
2011.06.27 13:48:07.250,1.36452,1.36478,4.50,1.50
2011.06.27 13:48:07.359,1.36454,1.36478,2.85,1.50
2011.06.27 13:48:09.158,1.36458,1.36483,1.35,1.50
2011.06.27 13:48:09.489,1.36458,1.36483,1.35,1.50
2011.06.27 13:48:09.821,1.36461,1.36487,2.10,1.50
2011.06.27 13:48:10.153,1.36464,1.3649,1.35,1.50
2011.06.27 13:48:17.048,1.36461,1.36486,1.50,1.50
2011.06.27 13:48:17.163,1.36461,1.36486,2.10,1.50
2011.06.27 13:48:17.712,1.36453,1.36482,3.75,1.35
2011.06.27 13:48:18.700,1.36456,1.36483,1.35,1.50
2011.06.27 13:48:19.372,1.36452,1.36477,1.88,2.10
2011.06.27 13:48:19.482,1.36451,1.36475,1.13,1.35
2011.06.27 13:48:19.592,1.3645,1.36473,1.13,1.35
2011.06.27 13:48:20.034,1.36445,1.36473,1.50,3.75
2011.06.27 13:48:20.261,1.36453,1.36473,1.35,3.75
2011.06.27 13:48:20.373,1.36454,1.36473,1.50,3.75
2011.06.27 13:48:20.734,1.36453,1.36474,1.50,1.50
2011.06.27 13:48:20.964,1.36454,1.36473,1.50,3.75
2011.06.27 13:48:21.191,1.36451,1.36475,1.50,4.35
2011.06.27 13:48:21.302,1.36453,1.36475,1.35,3.75
2011.06.27 13:48:21.632,1.36455,1.36483,1.50,1.35
2011.06.27 13:48:21.741,1.36457,1.36483,1.50,1.35
2011.06.27 13:48:22.300,1.36455,1.36483,2.25,1.35
2011.06.27 13:48:22.629,1.36459,1.3648,4.50,1.50
2011.06.27 13:48:22.960,1.36455,1.36481,2.25,2.25
2011.06.27 13:48:23.070,1.36455,1.3648,2.25,1.50
2011.06.27 13:48:23.290,1.36455,1.3648,2.25,1.50
2011.06.27 13:48:23.622,1.36461,1.36486,1.35,1.50
2011.06.27 13:48:23.971,1.36462,1.36484,1.50,1.35
2011.06.27 13:48:24.091,1.36457,1.36483,1.50,1.50
2011.06.27 13:48:24.203,1.36459,1.36483,1.50,1.50
2011.06.27 13:48:24.424,1.36459,1.36481,1.50,3.00
2011.06.27 13:48:24.764,1.36455,1.36481,3.75,3.75
2011.06.27 13:48:24.883,1.36457,1.36483,1.50,1.35
2011.06.27 13:48:25.464,1.36459,1.36484,1.35,1.50
2011.06.27 13:48:25.911,1.36459,1.36484,1.50,1.50
2011.06.27 13:48:26.243,1.36463,1.36488,4.50,1.35
2011.06.27 13:48:26.572,1.36471,1.3649,5.10,1.50
2011.06.27 13:48:27.012,1.36471,1.36488,3.00,1.35
2011.06.27 13:48:27.122,1.36462,1.36488,2.25,1.35
2011.06.27 13:48:27.231,1.36464,1.36488,4.50,1.35
2011.06.27 13:48:27.453,1.3647,1.36495,1.50,1.50
2011.06.27 13:48:27.671,1.36468,1.36495,1.50,1.50
2011.06.27 13:48:27.967,1.36468,1.36493,1.50,1.35
2011.06.27 13:48:28.570,1.36465,1.36491,1.50,1.50
2011.06.27 13:48:28.910,1.36465,1.36491,1.50,1.50
2011.06.27 13:48:29.021,1.36472,1.36491,4.50,1.50
2011.06.27 13:48:29.241,1.36476,1.36499,6.00,3.75
2011.06.27 13:48:29.352,1.36474,1.36495,1.50,1.35
2011.06.27 13:48:29.853,1.36475,1.365,2.10,1.50
2011.06.27 13:48:30.192,1.36482,1.36506,7.50,1.88
2011.06.27 13:48:30.411,1.36479,1.36506,1.35,1.88
2011.06.27 13:48:30.520,1.36477,1.36504,1.35,1.50
2011.06.27 13:48:30.861,1.36482,1.36504,2.10,1.50
2011.06.27 13:48:31.082,1.3648,1.36504,1.50,3.75
2011.06.27 13:48:31.412,1.36478,1.36507,1.35,4.88
2011.06.27 13:48:31.631,1.36476,1.36507,2.10,5.63
2011.06.27 13:48:32.071,1.36484,1.36505,3.75,1.50
2011.06.27 13:48:32.508,1.36487,1.36506,1.50,1.88
2011.06.27 13:48:32.846,1.36491,1.36506,4.50,1.88
2011.06.27 13:48:32.964,1.3649,1.36507,1.50,1.88
2011.06.27 13:48:33.521,1.36492,1.36507,4.50,1.88
2011.06.27 13:48:33.851,1.36487,1.36507,1.50,1.88
2011.06.27 13:48:33.962,1.36488,1.36507,1.50,1.88
2011.06.27 13:48:34.511,1.36489,1.36507,1.35,1.88
2011.06.27 13:48:35.060,1.36488,1.36506,1.50,1.88
2011.06.27 13:48:36.243,1.36487,1.36507,1.50,1.88
2011.06.27 13:48:36.355,1.36484,1.36506,1.50,1.88
2011.06.27 13:48:36.475,1.36483,1.36506,1.50,1.88
2011.06.27 13:48:36.594,1.36478,1.36506,1.50,1.88
2011.06.27 13:48:37.152,1.36482,1.36507,4.50,1.88
2011.06.27 13:48:37.481,1.36485,1.36506,1.50,1.88
2011.06.27 13:48:38.141,1.3648,1.36506,2.25,1.88
2011.06.27 13:48:39.131,1.36481,1.36507,2.10,1.88
2011.06.27 13:48:39.240,1.36481,1.36507,2.10,1.88
2011.06.27 13:48:39.782,1.36484,1.36506,3.75,1.88
2011.06.27 13:48:40.001,1.36481,1.36506,1.35,1.88
2011.06.27 13:48:40.221,1.36481,1.36506,1.35,1.88
2011.06.27 13:48:40.550,1.36481,1.36506,2.10,1.88
2011.06.27 13:48:40.771,1.36476,1.36506,4.35,1.88
2011.06.27 13:48:40.992,1.3648,1.36506,3.75,1.88
2011.06.27 13:48:41.101,1.36482,1.36506,1.50,1.50
2011.06.27 13:48:41.211,1.36483,1.36507,1.35,1.88
2011.06.27 13:48:41.431,1.36476,1.36505,1.13,1.35
2011.06.27 13:48:42.090,1.36474,1.36503,1.35,1.50
2011.06.27 13:48:43.570,1.36471,1.36499,1.50,1.50
2011.06.27 13:48:44.250,1.3647,1.36499,2.10,1.50
2011.06.27 13:48:44.361,1.36469,1.36495,3.75,1.35
2011.06.27 13:48:44.910,1.36469,1.36495,1.35,1.50
2011.06.27 13:48:45.021,1.3647,1.36495,1.35,1.50
2011.06.27 13:48:45.353,1.36469,1.36494,1.35,1.50
2011.06.27 13:48:45.570,1.36466,1.36493,1.50,1.35
2011.06.27 13:48:45.792,1.36466,1.36493,1.50,1.35
2011.06.27 13:48:46.124,1.3647,1.36495,1.50,1.50
2011.06.27 13:48:46.571,1.36461,1.36488,4.50,1.50
2011.06.27 13:48:47.232,1.36465,1.36495,1.35,1.50
2011.06.27 13:48:47.453,1.36471,1.36495,1.50,1.50
2011.06.27 13:48:47.670,1.36471,1.36495,1.50,1.50
2011.06.27 13:48:48.110,1.36466,1.36491,1.50,1.50
2011.06.27 13:48:48.329,1.36465,1.36491,1.50,1.50
2011.06.27 13:48:48.551,1.36467,1.36491,3.60,1.50
2011.06.27 13:48:48.660,1.36468,1.36491,1.35,1.50
2011.06.27 13:48:49.314,1.36468,1.36491,1.35,1.88
2011.06.27 13:48:49.652,1.36472,1.36491,3.00,1.88
2011.06.27 13:48:50.090,1.36472,1.36498,3.60,1.50
2011.06.27 13:48:50.531,1.36472,1.36498,3.60,1.50
2011.06.27 13:48:50.862,1.36477,1.36498,3.00,1.50
2011.06.27 13:48:51.191,1.36476,1.36502,3.75,1.50
2011.06.27 13:48:51.521,1.36476,1.36502,3.75,1.50
2011.06.27 13:48:52.069,1.36476,1.36502,3.75,1.50
2011.06.27 13:48:52.621,1.36478,1.36502,3.00,1.50
2011.06.27 13:48:52.842,1.36481,1.36502,3.00,1.50
2011.06.27 13:48:53.380,1.36477,1.36502,3.60,1.50
2011.06.27 13:48:53.713,1.36492,1.3651,3.00,1.35
2011.06.27 13:48:53.822,1.36487,1.3651,3.00,1.35
2011.06.27 13:48:53.932,1.36484,1.36514,4.50,2.10
2011.06.27 13:48:54.041,1.36483,1.36513,5.85,1.35
2011.06.27 13:48:54.150,1.36483,1.36513,5.10,1.35
2011.06.27 13:48:54.701,1.36478,1.36508,2.10,2.10
2011.06.27 13:48:54.811,1.36478,1.36506,1.35,1.50
2011.06.27 13:48:54.924,1.36484,1.36506,2.10,1.50
2011.06.27 13:48:55.206,1.36488,1.36517,1.35,3.75
2011.06.27 13:48:55.770,1.36488,1.36517,1.35,3.75
2011.06.27 13:48:56.843,1.36488,1.36514,1.35,1.50
2011.06.27 13:48:57.171,1.36488,1.36514,1.35,1.50
2011.06.27 13:48:57.392,1.36485,1.36513,1.50,1.35
2011.06.27 13:48:57.505,1.36487,1.36514,2.10,1.50
2011.06.27 13:48:57.842,1.36489,1.36516,3.60,1.50
2011.06.27 13:48:58.170,1.36489,1.36515,1.35,1.50
2011.06.27 13:48:58.281,1.36489,1.36515,1.35,1.50
2011.06.27 13:48:58.939,1.36492,1.36515,3.00,1.50
2011.06.27 13:48:59.488,1.36489,1.36515,7.35,1.50
2011.06.27 13:49:00.370,1.36487,1.36511,2.10,1.50
2011.06.27 13:49:00.810,1.36485,1.3651,3.00,1.50
2011.06.27 13:49:00.921,1.36482,1.36507,3.00,1.50
2011.06.27 13:49:01.140,1.36482,1.36507,3.00,1.50
2011.06.27 13:49:01.470,1.36479,1.36507,1.13,1.50
2011.06.27 13:49:02.021,1.3648,1.36507,1.13,1.50
2011.06.27 13:49:02.569,1.3648,1.36507,1.13,1.50
2011.06.27 13:49:03.143,1.36479,1.36507,1.13,1.50
2011.06.27 13:49:03.361,1.36478,1.36507,2.25,1.50
2011.06.27 13:49:03.473,1.36478,1.36504,1.50,1.50
2011.06.27 13:49:03.583,1.36475,1.36504,1.50,2.10
2011.06.27 13:49:04.020,1.36473,1.36501,4.35,1.50
2011.06.27 13:49:04.242,1.36477,1.36499,3.00,1.50
2011.06.27 13:49:04.353,1.36477,1.36501,3.60,1.50
2011.06.27 13:49:04.790,1.36476,1.36503,1.35,1.50
2011.06.27 13:49:05.122,1.3647,1.365,1.35,1.50
2011.06.27 13:49:05.562,1.3647,1.36494,1.35,1.50
2011.06.27 13:49:05.782,1.36466,1.36495,3.98,1.50
2011.06.27 13:49:05.892,1.36468,1.36495,5.48,1.50
2011.06.27 13:49:06.691,1.3647,1.36495,1.35,1.50
2011.06.27 13:49:06.910,1.3647,1.36495,1.35,1.50
2011.06.27 13:49:07.021,1.36469,1.36495,1.13,1.50
2011.06.27 13:49:07.131,1.36469,1.36495,1.13,1.50
2011.06.27 13:49:07.461,1.36471,1.36495,3.60,1.50
2011.06.27 13:49:07.680,1.3647,1.36495,5.85,1.50
2011.06.27 13:49:08.121,1.36484,1.36496,3.00,1.50
2011.06.27 13:49:08.341,1.36482,1.36507,2.25,1.41
2011.06.27 13:49:08.453,1.36482,1.36514,1.50,3.00
2011.06.27 13:49:08.561,1.36488,1.36516,3.60,3.75
2011.06.27 13:49:08.893,1.36496,1.36516,3.00,3.00
2011.06.27 13:49:09.367,1.36495,1.36516,3.75,1.69
2011.06.27 13:49:09.911,1.36498,1.36516,3.00,1.69
2011.06.27 13:49:10.021,1.36498,1.36516,3.00,2.44
2011.06.27 13:49:10.132,1.36493,1.36517,1.13,2.44
2011.06.27 13:49:10.351,1.3649,1.36517,1.50,2.44
2011.06.27 13:49:10.681,1.3649,1.36516,3.00,2.44
2011.06.27 13:49:10.792,1.3649,1.36516,3.00,2.44
2011.06.27 13:49:11.124,1.3649,1.36514,3.38,1.50
2011.06.27 13:49:11.460,1.36494,1.36516,2.25,2.44
2011.06.27 13:49:12.085,1.36492,1.36515,3.00,1.35
2011.06.27 13:49:12.207,1.36487,1.36514,3.75,1.50
2011.06.27 13:49:12.320,1.36487,1.36514,3.75,1.50
2011.06.27 13:49:12.431,1.36487,1.36514,3.00,1.50
2011.06.27 13:49:12.539,1.36485,1.36514,4.35,1.50
2011.06.27 13:49:13.230,1.36489,1.36514,2.10,1.50
2011.06.27 13:49:13.756,1.36489,1.36515,2.10,1.50
2011.06.27 13:49:14.103,1.36486,1.36515,1.35,1.50
2011.06.27 13:49:14.653,1.36485,1.36511,3.60,1.50
2011.06.27 13:49:14.875,1.36485,1.36511,3.00,2.10
2011.06.27 13:49:14.992,1.3648,1.36511,6.75,2.10
2011.06.27 13:49:15.278,1.3648,1.36508,6.00,1.50
2011.06.27 13:49:15.613,1.36482,1.36506,3.00,1.50
2011.06.27 13:49:15.942,1.36483,1.36509,1.35,1.50
2011.06.27 13:49:16.162,1.36482,1.36511,3.75,1.50
2011.06.27 13:49:16.272,1.3648,1.36511,3.75,4.50
2011.06.27 13:49:16.603,1.36483,1.36507,1.35,1.50
2011.06.27 13:49:16.712,1.36484,1.36507,3.00,1.50
2011.06.27 13:49:16.824,1.36482,1.36509,3.75,1.35
2011.06.27 13:49:17.051,1.36478,1.36506,3.75,1.50
2011.06.27 13:49:17.274,1.36476,1.36506,5.10,2.10
2011.06.27 13:49:17.826,1.36476,1.36497,3.75,1.35
2011.06.27 13:49:17.942,1.36473,1.365,1.35,1.50
2011.06.27 13:49:18.542,1.36473,1.36503,1.35,1.50
2011.06.27 13:49:18.762,1.36472,1.36499,1.35,1.50
2011.06.27 13:49:18.874,1.36467,1.36499,4.35,2.10
2011.06.27 13:49:18.991,1.36467,1.36499,5.10,2.10
2011.06.27 13:49:19.323,1.36473,1.36502,3.00,1.50
2011.06.27 13:49:19.544,1.36473,1.36503,3.75,1.50
2011.06.27 13:49:19.881,1.36482,1.36502,3.00,1.50
2011.06.27 13:49:20.103,1.36486,1.36511,3.00,1.50
2011.06.27 13:49:20.213,1.36482,1.36511,3.75,1.50
2011.06.27 13:49:20.321,1.36481,1.36508,5.25,1.50
2011.06.27 13:49:20.870,1.36481,1.36508,2.25,1.50
2011.06.27 13:49:21.480,1.36475,1.36502,3.60,1.50
2011.06.27 13:49:21.816,1.36478,1.36507,3.60,1.41
2011.06.27 13:49:22.373,1.3648,1.36508,1.35,1.50
2011.06.27 13:49:23.471,1.36483,1.36508,3.60,1.50
2011.06.27 13:49:24.020,1.36483,1.36509,4.35,1.50
2011.06.27 13:49:24.525,1.36481,1.36504,1.35,1.50
2011.06.27 13:49:24.973,1.36478,1.36504,3.00,1.50
2011.06.27 13:49:25.533,1.36476,1.36504,1.35,1.50
2011.06.27 13:49:25.754,1.36474,1.36503,4.35,1.50
2011.06.27 13:49:26.534,1.36474,1.365,1.35,1.50
2011.06.27 13:49:26.980,1.36474,1.365,1.35,1.50
2011.06.27 13:49:27.313,1.36474,1.36496,3.00,1.50
2011.06.27 13:49:27.705,1.36473,1.36496,3.00,1.50
2011.06.27 13:49:27.824,1.36475,1.36496,1.35,1.50
2011.06.27 13:49:28.162,1.36473,1.365,2.10,1.50
2011.06.27 13:49:28.713,1.36473,1.365,1.35,1.50
2011.06.27 13:49:28.831,1.36472,1.365,1.50,3.00
2011.06.27 13:49:29.381,1.36469,1.36496,1.88,1.50
2011.06.27 13:49:29.492,1.36469,1.36496,3.00,4.50
2011.06.27 13:49:29.604,1.36468,1.36489,1.13,2.10
2011.06.27 13:49:29.723,1.36468,1.3649,1.13,2.10
2011.06.27 13:49:29.946,1.36469,1.36494,1.13,1.50
2011.06.27 13:49:30.591,1.36482,1.36502,1.35,1.50
2011.06.27 13:49:30.921,1.36488,1.36514,3.60,1.50
2011.06.27 13:49:31.471,1.36487,1.36514,7.35,1.50
2011.06.27 13:49:31.802,1.36481,1.36508,1.50,1.35
2011.06.27 13:49:32.461,1.36485,1.36509,3.00,1.50
2011.06.27 13:49:33.013,1.36486,1.36507,3.00,1.35
2011.06.27 13:49:33.133,1.36479,1.36507,4.50,2.10
2011.06.27 13:49:34.423,1.36478,1.36505,3.75,1.50
2011.06.27 13:49:34.973,1.36479,1.36505,1.50,1.50
2011.06.27 13:49:35.569,1.36478,1.36505,4.50,1.50
2011.06.27 13:49:35.789,1.36478,1.36505,4.50,1.50
2011.06.27 13:49:36.560,1.36476,1.36505,1.50,1.50
2011.06.27 13:49:36.671,1.36479,1.36505,1.35,1.50
2011.06.27 13:49:37.414,1.36477,1.36504,1.50,1.35
2011.06.27 13:49:37.754,1.36483,1.36505,2.10,1.50
2011.06.27 13:49:37.873,1.36479,1.36505,4.35,1.50
2011.06.27 13:49:38.096,1.36474,1.36497,1.50,1.50
2011.06.27 13:49:38.213,1.36466,1.3649,1.50,1.50
2011.06.27 13:49:38.541,1.36464,1.3649,3.75,1.50
2011.06.27 13:49:38.872,1.36464,1.3649,3.75,1.50
2011.06.27 13:49:39.203,1.36467,1.36491,1.35,1.50
2011.06.27 13:49:39.535,1.36467,1.36495,2.10,1.50
2011.06.27 13:49:39.651,1.36467,1.36495,1.35,1.50
2011.06.27 13:49:39.984,1.36465,1.36491,1.50,1.50
2011.06.27 13:49:40.320,1.36466,1.36491,6.60,1.50
2011.06.27 13:49:40.650,1.36466,1.36491,1.50,1.50
2011.06.27 13:49:41.721,1.36466,1.36491,2.10,1.50
2011.06.27 13:49:41.940,1.36466,1.36491,2.10,1.50
2011.06.27 13:49:42.273,1.36474,1.36494,4.35,1.50
2011.06.27 13:49:42.710,1.36472,1.36499,2.10,1.50
2011.06.27 13:49:43.291,1.36474,1.36502,2.10,1.50
2011.06.27 13:49:43.401,1.36471,1.365,1.35,1.50
2011.06.27 13:49:43.730,1.3647,1.36498,1.50,1.50
2011.06.27 13:49:43.841,1.3647,1.36498,4.50,1.50
2011.06.27 13:49:44.170,1.3647,1.36498,4.50,1.50
2011.06.27 13:49:45.050,1.36474,1.36501,1.50,2.10
2011.06.27 13:49:45.381,1.36469,1.36498,2.10,1.50
2011.06.27 13:49:45.731,1.3647,1.36498,1.50,2.25
2011.06.27 13:49:45.843,1.3647,1.36498,1.50,2.25
2011.06.27 13:49:46.171,1.3647,1.36497,1.50,1.50
2011.06.27 13:49:46.500,1.3647,1.36497,1.50,1.50
2011.06.27 13:49:47.181,1.3647,1.36498,1.50,2.25
2011.06.27 13:49:47.733,1.36467,1.36498,1.50,1.50
2011.06.27 13:49:48.291,1.36465,1.36493,1.50,1.50
2011.06.27 13:49:48.513,1.36465,1.36493,1.50,1.50
2011.06.27 13:49:48.623,1.36465,1.36493,1.50,1.50
2011.06.27 13:49:48.952,1.36465,1.36489,1.50,3.75
2011.06.27 13:49:49.391,1.36463,1.3649,1.50,1.50
2011.06.27 13:49:49.918,1.36461,1.36485,2.10,1.50
2011.06.27 13:49:50.144,1.36459,1.36485,1.35,1.50
2011.06.27 13:49:50.370,1.36461,1.36485,1.35,1.50
2011.06.27 13:49:50.589,1.36459,1.36485,1.35,1.50
2011.06.27 13:49:50.922,1.36461,1.36485,1.35,1.50
2011.06.27 13:49:51.471,1.36464,1.3649,1.50,1.50
2011.06.27 13:49:51.582,1.36465,1.36491,1.50,1.35
2011.06.27 13:49:52.671,1.36469,1.36492,1.35,1.50
2011.06.27 13:49:53.002,1.36469,1.36497,1.35,1.50
2011.06.27 13:49:53.550,1.36465,1.36496,3.75,1.50
2011.06.27 13:49:53.785,1.36465,1.36496,3.75,1.50
2011.06.27 13:49:54.123,1.36463,1.36492,1.50,3.75
2011.06.27 13:49:54.671,1.36461,1.36489,1.50,1.50
2011.06.27 13:49:54.896,1.36466,1.36489,1.35,1.50
2011.06.27 13:49:55.233,1.36468,1.36491,1.50,1.35
2011.06.27 13:49:55.343,1.36463,1.36488,1.50,1.50
2011.06.27 13:49:55.891,1.3646,1.36486,1.50,1.50
2011.06.27 13:49:56.333,1.36467,1.3649,3.60,1.50
2011.06.27 13:49:56.441,1.36467,1.36493,3.60,1.50
2011.06.27 13:49:56.660,1.36466,1.36493,1.35,1.50
2011.06.27 13:49:57.210,1.36467,1.36493,3.60,1.50
2011.06.27 13:49:57.444,1.36468,1.36493,3.00,1.50
2011.06.27 13:49:57.567,1.36469,1.36493,1.35,1.50
2011.06.27 13:49:57.682,1.3647,1.36494,1.35,1.50
2011.06.27 13:49:58.229,1.36469,1.36496,2.10,1.50
2011.06.27 13:49:58.452,1.36471,1.36496,1.35,1.50
2011.06.27 13:49:59.001,1.36475,1.365,1.35,1.50
2011.06.27 13:49:59.222,1.36474,1.365,3.00,1.50
2011.06.27 13:49:59.332,1.36473,1.365,1.50,1.50
2011.06.27 13:49:59.552,1.36475,1.365,1.35,1.50
2011.06.27 13:49:59.664,1.36478,1.36504,2.10,1.50
2011.06.27 13:49:59.893,1.36479,1.36504,3.00,1.50
2011.06.27 13:50:00.111,1.36479,1.36507,5.85,1.50
2011.06.27 13:50:00.442,1.36477,1.365,3.75,1.35
2011.06.27 13:50:00.555,1.36474,1.365,1.50,1.35
2011.06.27 13:50:00.863,1.36472,1.365,3.75,1.35
2011.06.27 13:50:01.206,1.36484,1.36505,1.35,3.75
2011.06.27 13:50:01.433,1.36486,1.36514,4.50,1.50
2011.06.27 13:50:01.546,1.36492,1.36515,3.00,1.50
2011.06.27 13:50:01.885,1.36488,1.36515,3.60,1.50
2011.06.27 13:50:02.269,1.36494,1.36515,1.35,3.75
2011.06.27 13:50:02.383,1.36494,1.36516,1.35,2.44
2011.06.27 13:50:02.934,1.36494,1.36517,1.50,2.44
2011.06.27 13:50:03.247,1.36492,1.36517,4.35,2.44
2011.06.27 13:50:04.364,1.36492,1.36516,4.35,2.44
2011.06.27 13:50:05.372,1.3649,1.36517,3.75,3.04
2011.06.27 13:50:05.921,1.3649,1.36516,3.75,2.44
2011.06.27 13:50:06.767,1.36481,1.36508,1.50,1.35
2011.06.27 13:50:06.883,1.36481,1.36508,1.50,2.10
2011.06.27 13:50:06.991,1.36482,1.36508,1.35,1.50
2011.06.27 13:50:07.321,1.36482,1.36508,1.35,1.50
2011.06.27 13:50:07.652,1.36482,1.36508,1.35,1.50
2011.06.27 13:50:07.761,1.36479,1.36507,1.35,1.50
2011.06.27 13:50:08.312,1.36479,1.36506,1.35,1.50
2011.06.27 13:50:08.420,1.36479,1.36506,2.10,1.50
2011.06.27 13:50:08.972,1.36479,1.36506,2.85,1.50
2011.06.27 13:50:09.302,1.36488,1.36517,2.85,3.19
2011.06.27 13:50:09.631,1.36493,1.36517,2.10,2.44
2011.06.27 13:50:09.743,1.36501,1.36519,2.10,1.50
2011.06.27 13:50:09.854,1.36494,1.36519,1.35,3.75
2011.06.27 13:50:09.973,1.36496,1.36525,1.50,1.35
2011.06.27 13:50:10.308,1.36499,1.36526,1.35,6.00
2011.06.27 13:50:10.644,1.36508,1.36526,1.35,1.50
2011.06.27 13:50:10.764,1.36508,1.36535,2.10,1.50
2011.06.27 13:50:10.875,1.36514,1.36535,2.10,1.50
2011.06.27 13:50:11.215,1.36513,1.36539,3.75,1.50
2011.06.27 13:50:11.442,1.3651,1.36535,1.50,1.35
2011.06.27 13:50:11.771,1.36509,1.36535,1.50,1.35
2011.06.27 13:50:11.944,1.3651,1.36536,1.35,3.75
2011.06.27 13:50:12.465,1.36512,1.36539,2.10,1.50
2011.06.27 13:50:12.691,1.36512,1.36539,2.10,1.50
2011.06.27 13:50:13.021,1.36512,1.36539,1.35,1.50
2011.06.27 13:50:13.353,1.36512,1.36539,1.35,1.50
2011.06.27 13:50:13.902,1.36508,1.36538,2.10,1.50
2011.06.27 13:50:14.011,1.36514,1.3654,1.35,1.50
2011.06.27 13:50:14.533,1.36517,1.36543,1.35,1.50
2011.06.27 13:50:14.657,1.36519,1.36543,3.75,1.50
2011.06.27 13:50:14.772,1.36522,1.36543,3.00,1.50
2011.06.27 13:50:15.103,1.36524,1.36547,2.10,1.50
2011.06.27 13:50:15.323,1.3652,1.36549,2.10,1.50
2011.06.27 13:50:15.719,1.36528,1.36552,1.35,2.25
2011.06.27 13:50:15.833,1.36527,1.36551,1.50,1.35
2011.06.27 13:50:16.054,1.36526,1.36555,1.35,1.50
2011.06.27 13:50:16.174,1.36524,1.36552,1.50,1.35
2011.06.27 13:50:16.290,1.36524,1.36552,1.50,1.35
2011.06.27 13:50:16.512,1.36523,1.36549,1.35,1.50
2011.06.27 13:50:16.624,1.36522,1.36551,1.50,2.25
2011.06.27 13:50:16.852,1.36527,1.36555,2.25,1.50
2011.06.27 13:50:16.964,1.36531,1.36558,1.35,1.50
2011.06.27 13:50:17.191,1.36531,1.36558,1.35,1.50
2011.06.27 13:50:17.302,1.36526,1.36558,1.50,1.50
2011.06.27 13:50:17.852,1.36528,1.36558,2.25,1.50
2011.06.27 13:50:18.156,1.36528,1.3656,1.35,2.10
2011.06.27 13:50:18.275,1.36523,1.36552,1.50,1.50
2011.06.27 13:50:18.393,1.36521,1.36552,1.50,1.50
2011.06.27 13:50:18.503,1.3652,1.36552,1.35,1.50
2011.06.27 13:50:18.623,1.3652,1.36553,1.35,1.50
2011.06.27 13:50:19.171,1.36521,1.36549,2.85,1.50
2011.06.27 13:50:19.501,1.36521,1.36549,1.35,1.50
2011.06.27 13:50:19.831,1.36522,1.36551,1.50,1.35
2011.06.27 13:50:20.052,1.36526,1.36551,1.35,3.75
2011.06.27 13:50:20.381,1.36526,1.36552,4.35,1.50
2011.06.27 13:50:20.599,1.36526,1.36552,1.35,1.50
2011.06.27 13:50:20.874,1.36524,1.36554,4.50,1.50
2011.06.27 13:50:20.994,1.36526,1.36556,3.75,1.50
2011.06.27 13:50:21.561,1.36524,1.36556,1.50,1.50
2011.06.27 13:50:21.894,1.36535,1.36556,1.50,1.50
2011.06.27 13:50:22.232,1.36527,1.36556,4.35,3.75
2011.06.27 13:50:22.561,1.36532,1.36559,1.35,1.50
2011.06.27 13:50:22.671,1.36532,1.36557,1.35,1.50
2011.06.27 13:50:22.781,1.36529,1.36557,2.10,1.50
2011.06.27 13:50:23.222,1.36522,1.36552,1.50,1.35
2011.06.27 13:50:23.443,1.3652,1.36552,2.10,1.35
2011.06.27 13:50:23.995,1.36529,1.36551,2.10,1.50
2011.06.27 13:50:24.381,1.36528,1.36557,4.35,1.50
2011.06.27 13:50:24.497,1.36525,1.36547,1.50,1.35
2011.06.27 13:50:24.725,1.36537,1.36555,1.35,1.50
2011.06.27 13:50:25.063,1.36535,1.36558,3.00,2.25
2011.06.27 13:50:25.283,1.36533,1.36558,1.50,2.25
2011.06.27 13:50:25.613,1.36523,1.36557,4.50,3.75
2011.06.27 13:50:25.943,1.36524,1.3655,1.50,1.35
2011.06.27 13:50:26.052,1.36524,1.3655,1.50,1.35
2011.06.27 13:50:26.274,1.36526,1.36546,3.75,1.35
2011.06.27 13:50:26.396,1.36528,1.36553,2.10,1.50
2011.06.27 13:50:26.714,1.36532,1.36563,1.35,1.50
2011.06.27 13:50:27.104,1.36538,1.36567,3.75,1.35
2011.06.27 13:50:27.222,1.36537,1.36567,1.35,4.35
2011.06.27 13:50:27.332,1.36537,1.36567,1.35,4.35
2011.06.27 13:50:27.661,1.36537,1.36566,1.35,1.50
2011.06.27 13:50:28.101,1.3654,1.36566,2.10,1.50
2011.06.27 13:50:28.321,1.3654,1.36566,2.10,1.50
2011.06.27 13:50:28.432,1.36537,1.36566,1.35,1.50
2011.06.27 13:50:29.090,1.36534,1.36561,3.75,1.35
2011.06.27 13:50:29.199,1.36534,1.3656,3.75,1.50
2011.06.27 13:50:29.530,1.36534,1.3656,4.35,1.50
2011.06.27 13:50:29.643,1.36536,1.3656,3.60,1.50
2011.06.27 13:50:30.641,1.36535,1.36561,1.35,1.50
2011.06.27 13:50:30.750,1.36535,1.36561,1.35,1.50
2011.06.27 13:50:30.973,1.36528,1.36557,3.75,1.35
2011.06.27 13:50:31.093,1.36527,1.36557,2.10,4.35
2011.06.27 13:50:31.202,1.36534,1.36557,1.35,3.75
2011.06.27 13:50:31.315,1.36537,1.36562,3.75,1.50
2011.06.27 13:50:31.542,1.36537,1.36569,6.00,1.50
2011.06.27 13:50:31.650,1.36537,1.36569,5.25,1.50
2011.06.27 13:50:31.873,1.36537,1.36568,2.25,3.75
2011.06.27 13:50:31.982,1.36538,1.36561,1.50,3.75
2011.06.27 13:50:32.312,1.36533,1.36564,1.35,1.50
2011.06.27 13:50:32.422,1.36531,1.36559,1.50,1.35
2011.06.27 13:50:32.533,1.36532,1.36562,1.35,1.35
2011.06.27 13:50:32.876,1.36533,1.36562,1.88,1.35
2011.06.27 13:50:33.214,1.36543,1.36564,3.00,1.50
2011.06.27 13:50:33.772,1.36536,1.36566,1.35,1.35
2011.06.27 13:50:34.102,1.36536,1.36564,1.35,1.50
2011.06.27 13:50:34.651,1.36536,1.36564,1.35,1.50
2011.06.27 13:50:35.311,1.36536,1.36564,1.35,1.50
2011.06.27 13:50:35.642,1.36533,1.3656,3.75,1.50
2011.06.27 13:50:35.863,1.36541,1.36566,3.00,1.50
2011.06.27 13:50:35.972,1.36534,1.36564,1.50,3.75
2011.06.27 13:50:36.357,1.36532,1.3656,1.50,1.50
2011.06.27 13:50:36.473,1.3653,1.3656,4.50,1.50
2011.06.27 13:50:37.629,1.3653,1.3656,3.75,1.50
2011.06.27 13:50:38.071,1.36527,1.36558,4.50,2.25
2011.06.27 13:50:38.621,1.36529,1.3656,3.75,1.50
2011.06.27 13:50:38.951,1.36525,1.36553,3.75,1.35
2011.06.27 13:50:39.541,1.3652,1.3655,4.50,1.35
2011.06.27 13:50:39.982,1.3652,1.3655,3.75,1.35
2011.06.27 13:50:40.096,1.36518,1.36545,6.00,1.35
2011.06.27 13:50:40.214,1.36518,1.36545,2.25,1.35
2011.06.27 13:50:40.440,1.36515,1.36545,1.50,1.35
2011.06.27 13:50:40.771,1.36515,1.36545,1.50,1.35
2011.06.27 13:50:41.433,1.36519,1.36545,3.00,1.50
2011.06.27 13:50:41.990,1.36525,1.36553,1.50,1.50
2011.06.27 13:50:42.320,1.36523,1.36553,3.75,1.50
2011.06.27 13:50:42.431,1.36523,1.3655,3.00,1.50
2011.06.27 13:50:42.955,1.36521,1.3655,3.75,3.00
2011.06.27 13:50:43.074,1.36519,1.36545,3.75,1.50
2011.06.27 13:50:43.194,1.36517,1.36545,1.50,1.50
2011.06.27 13:50:43.532,1.36516,1.36538,1.50,2.10
2011.06.27 13:50:43.752,1.36523,1.36547,1.35,1.50
2011.06.27 13:50:43.974,1.36526,1.36551,1.50,1.50
2011.06.27 13:50:44.523,1.36524,1.36553,3.75,1.35
2011.06.27 13:50:45.070,1.36523,1.36549,1.50,1.50
2011.06.27 13:50:45.291,1.36521,1.36549,1.50,1.50
2011.06.27 13:50:45.814,1.36523,1.36549,1.50,1.50
2011.06.27 13:50:46.261,1.36521,1.36549,1.50,3.00
2011.06.27 13:50:46.812,1.3652,1.36547,1.50,1.50
2011.06.27 13:50:47.039,1.36517,1.36546,1.35,1.50
2011.06.27 13:50:47.375,1.36523,1.36546,3.00,4.50
2011.06.27 13:50:47.491,1.36523,1.36546,3.00,1.50
2011.06.27 13:50:47.712,1.36521,1.3655,1.50,1.50
2011.06.27 13:50:47.934,1.3652,1.36546,1.50,1.35
2011.06.27 13:50:48.450,1.36517,1.36545,1.50,3.75
2011.06.27 13:50:48.786,1.36521,1.36548,1.50,1.50
2011.06.27 13:50:48.902,1.36521,1.36548,1.50,3.75
2011.06.27 13:50:49.231,1.36521,1.36543,1.50,1.35
2011.06.27 13:50:49.452,1.36517,1.36545,1.50,1.50
2011.06.27 13:50:49.891,1.36522,1.36545,4.50,1.50
2011.06.27 13:50:50.001,1.36522,1.3655,4.50,1.50
2011.06.27 13:50:50.441,1.36524,1.36552,2.25,1.35
2011.06.27 13:50:50.665,1.36524,1.36552,3.00,1.35
2011.06.27 13:50:50.782,1.36524,1.36551,1.50,1.50
2011.06.27 13:50:51.207,1.3652,1.3655,1.50,1.50
2011.06.27 13:50:51.322,1.3652,1.3655,1.50,1.50
2011.06.27 13:50:51.543,1.3652,1.3655,4.50,1.50
2011.06.27 13:50:51.872,1.36522,1.3655,3.75,1.50
2011.06.27 13:50:52.421,1.36523,1.36545,1.50,1.35
2011.06.27 13:50:52.970,1.3652,1.36545,4.50,1.35
2011.06.27 13:50:53.082,1.3652,1.36545,3.75,1.35
2011.06.27 13:50:53.414,1.36516,1.36542,1.50,1.50
2011.06.27 13:50:53.835,1.36518,1.36542,1.35,1.50
2011.06.27 13:50:53.954,1.36515,1.36543,1.35,1.50
2011.06.27 13:50:54.337,1.36514,1.36538,2.10,1.50
2011.06.27 13:50:54.450,1.36513,1.36538,1.50,1.50
2011.06.27 13:50:54.782,1.36512,1.36538,1.35,1.50
2011.06.27 13:50:55.940,1.3651,1.36538,2.10,1.50
2011.06.27 13:50:56.490,1.3651,1.36538,1.35,1.50
2011.06.27 13:50:56.930,1.36507,1.36534,4.50,1.50
2011.06.27 13:50:57.370,1.36508,1.36536,1.50,2.10
2011.06.27 13:50:57.922,1.3651,1.36536,1.50,1.35
2011.06.27 13:50:58.303,1.36506,1.36536,3.75,1.35
2011.06.27 13:50:58.851,1.3651,1.36538,2.10,1.50
2011.06.27 13:50:59.181,1.36506,1.36533,1.50,3.75
2011.06.27 13:50:59.295,1.36504,1.36532,1.50,1.50
2011.06.27 13:50:59.631,1.36505,1.36532,1.50,1.50
2011.06.27 13:50:59.854,1.36505,1.36532,1.50,1.50
2011.06.27 13:51:00.085,1.36511,1.36537,1.50,1.50
2011.06.27 13:51:00.315,1.36505,1.36531,3.75,1.35
2011.06.27 13:51:00.871,1.365,1.36525,2.25,1.50
2011.06.27 13:51:01.346,1.36503,1.36529,3.75,1.50
2011.06.27 13:51:01.573,1.36504,1.36528,3.75,1.50
2011.06.27 13:51:01.900,1.36504,1.36528,3.75,1.50
2011.06.27 13:51:02.450,1.36504,1.36528,3.75,1.50
2011.06.27 13:51:02.672,1.36503,1.36528,1.50,1.50
2011.06.27 13:51:03.550,1.36507,1.3653,1.50,1.50
2011.06.27 13:51:03.660,1.36507,1.3653,1.50,1.50
2011.06.27 13:51:04.322,1.36507,1.3653,1.50,1.50
2011.06.27 13:51:05.102,1.36507,1.3653,2.25,1.50
2011.06.27 13:51:05.322,1.36503,1.3653,2.10,1.50
2011.06.27 13:51:05.541,1.365,1.36529,1.50,1.35
2011.06.27 13:51:05.652,1.365,1.36527,1.50,1.50
2011.06.27 13:51:05.763,1.36501,1.36527,2.10,1.50
2011.06.27 13:51:05.871,1.36503,1.36527,1.35,1.50
2011.06.27 13:51:06.093,1.36504,1.36531,1.35,1.50
2011.06.27 13:51:06.312,1.36505,1.36531,1.35,1.50
2011.06.27 13:51:06.862,1.36503,1.36533,4.35,1.50
2011.06.27 13:51:07.302,1.36519,1.36532,2.10,3.00
2011.06.27 13:51:07.521,1.36513,1.36532,1.35,3.00
2011.06.27 13:51:07.633,1.36511,1.36538,1.35,3.75
2011.06.27 13:51:08.164,1.36509,1.36535,4.35,1.50
2011.06.27 13:51:08.712,1.3651,1.36535,1.35,1.50
2011.06.27 13:51:08.822,1.36509,1.36535,2.85,1.50
2011.06.27 13:51:09.043,1.36509,1.36535,1.35,1.50
2011.06.27 13:51:09.481,1.36509,1.36535,2.85,1.50
2011.06.27 13:51:09.821,1.36509,1.3654,1.50,1.50
2011.06.27 13:51:10.151,1.36515,1.3654,2.10,1.50
2011.06.27 13:51:10.261,1.36511,1.3654,1.50,1.50
2011.06.27 13:51:10.481,1.36511,1.3654,1.50,1.50
2011.06.27 13:51:10.591,1.36513,1.36542,1.50,1.50
2011.06.27 13:51:10.921,1.36518,1.36542,2.10,1.50
2011.06.27 13:51:11.142,1.36516,1.36542,1.73,1.50
2011.06.27 13:51:11.252,1.36522,1.36548,1.35,3.75
2011.06.27 13:51:11.666,1.36524,1.36549,1.35,1.50
2011.06.27 13:51:11.782,1.36525,1.36554,1.50,4.50
2011.06.27 13:51:12.991,1.36525,1.3655,1.50,1.50
2011.06.27 13:51:13.101,1.36524,1.3655,1.50,1.50
2011.06.27 13:51:13.774,1.36526,1.36554,1.50,1.50
2011.06.27 13:51:14.325,1.36522,1.36552,4.50,1.50
2011.06.27 13:51:14.662,1.36529,1.36552,3.00,1.50
2011.06.27 13:51:15.281,1.36529,1.36557,3.38,1.50
2011.06.27 13:51:15.613,1.36528,1.36555,1.13,3.75
2011.06.27 13:51:15.833,1.36528,1.36557,1.13,1.50
2011.06.27 13:51:16.493,1.36537,1.36564,2.10,1.50
2011.06.27 13:51:17.261,1.36537,1.36559,2.10,1.50
2011.06.27 13:51:17.482,1.36537,1.36559,2.10,1.50
2011.06.27 13:51:17.810,1.36537,1.36559,2.10,1.50
2011.06.27 13:51:17.927,1.36538,1.36562,1.35,1.50
2011.06.27 13:51:18.154,1.36535,1.36563,3.75,1.50
2011.06.27 13:51:18.593,1.3653,1.3656,1.50,1.50
2011.06.27 13:51:18.701,1.36528,1.36558,4.13,1.50
2011.06.27 13:51:18.922,1.36528,1.36557,1.13,3.75
2011.06.27 13:51:19.142,1.36528,1.36558,1.13,1.50
2011.06.27 13:51:19.363,1.36526,1.36552,1.13,1.50
2011.06.27 13:51:19.471,1.36524,1.36552,1.50,1.50
2011.06.27 13:51:19.580,1.36522,1.36552,2.25,1.50
2011.06.27 13:51:20.344,1.36526,1.36552,2.85,1.50
2011.06.27 13:51:20.461,1.36521,1.36552,3.75,1.50
2011.06.27 13:51:20.682,1.36519,1.36552,1.50,1.50
2011.06.27 13:51:21.124,1.36519,1.36548,3.00,3.75
2011.06.27 13:51:21.446,1.3652,1.36551,4.50,1.50
2011.06.27 13:51:21.799,1.36527,1.3655,1.50,1.50
2011.06.27 13:51:22.106,1.36527,1.36555,2.25,1.50
2011.06.27 13:51:22.335,1.36539,1.36555,1.50,1.50
2011.06.27 13:51:22.564,1.36539,1.3656,2.25,1.50
2011.06.27 13:51:23.122,1.36537,1.36564,1.35,1.50
2011.06.27 13:51:23.230,1.36534,1.36564,1.35,1.50
2011.06.27 13:51:23.344,1.36532,1.36564,2.25,1.50
2011.06.27 13:51:23.452,1.36532,1.36564,2.25,1.50
2011.06.27 13:51:24.003,1.36532,1.36564,2.25,1.50
2011.06.27 13:51:24.541,1.36532,1.36564,2.25,1.50
2011.06.27 13:51:25.902,1.36536,1.36564,3.00,1.50
2011.06.27 13:51:26.015,1.36535,1.36563,3.00,2.25
2011.06.27 13:51:26.133,1.36532,1.36559,1.50,1.50
2011.06.27 13:51:26.473,1.36528,1.3656,1.13,1.50
2011.06.27 13:51:26.580,1.36528,1.3656,1.13,1.50
2011.06.27 13:51:26.802,1.36528,1.3656,1.13,1.50
2011.06.27 13:51:28.025,1.36532,1.36558,3.00,1.50
2011.06.27 13:51:28.360,1.36532,1.36562,3.75,1.50
2011.06.27 13:51:28.689,1.36532,1.36562,3.75,1.50
2011.06.27 13:51:29.383,1.36532,1.36556,3.00,1.50
2011.06.27 13:51:29.495,1.36528,1.36554,3.00,1.50
2011.06.27 13:51:29.613,1.36528,1.36552,3.00,1.50
2011.06.27 13:51:29.834,1.36528,1.36555,3.00,1.50
2011.06.27 13:51:30.271,1.3652,1.36555,2.25,5.25
2011.06.27 13:51:30.492,1.36522,1.36554,1.50,3.75
2011.06.27 13:51:30.601,1.36527,1.36553,1.50,1.50
2011.06.27 13:51:30.930,1.36527,1.36553,1.50,1.50
2011.06.27 13:51:31.653,1.36529,1.36553,3.00,1.50
2011.06.27 13:51:31.984,1.36529,1.36556,3.75,1.50
2011.06.27 13:51:32.103,1.36529,1.36556,3.75,1.50
2011.06.27 13:51:32.320,1.36529,1.36561,3.75,1.50
2011.06.27 13:51:32.763,1.36534,1.36561,2.85,1.50
2011.06.27 13:51:32.871,1.36535,1.36561,3.00,1.50
2011.06.27 13:51:32.984,1.36537,1.36561,4.35,1.50
2011.06.27 13:51:33.323,1.36525,1.36559,4.50,1.50
2011.06.27 13:51:33.540,1.36525,1.36557,3.75,1.50
2011.06.27 13:51:34.091,1.36526,1.36556,3.75,1.50
2011.06.27 13:51:34.531,1.36527,1.36556,3.75,1.50
2011.06.27 13:51:35.981,1.36522,1.36556,3.75,1.50
2011.06.27 13:51:36.090,1.36523,1.36556,2.25,1.50
2011.06.27 13:51:36.641,1.36526,1.36552,3.75,1.50
2011.06.27 13:51:43.047,1.36519,1.3653,3.38,3.00
2011.06.27 13:51:43.168,1.36524,1.3654,1.50,4.50
2011.06.27 13:51:43.421,1.36511,1.36539,3.00,1.50
2011.06.27 13:51:43.558,1.36507,1.36539,3.75,1.50
2011.06.27 13:51:43.878,1.36506,1.36536,3.75,1.50
2011.06.27 13:51:44.092,1.36506,1.36536,3.75,1.50
2011.06.27 13:51:44.640,1.36504,1.36536,8.25,1.50
2011.06.27 13:51:44.971,1.36505,1.36536,3.75,1.50
2011.06.27 13:51:45.126,1.36505,1.36536,3.75,1.50
2011.06.27 13:51:45.242,1.36505,1.36534,3.75,1.50
2011.06.27 13:51:45.575,1.36504,1.36533,3.75,1.50
2011.06.27 13:51:45.692,1.36504,1.36533,2.25,1.50
2011.06.27 13:51:45.912,1.36503,1.36531,1.88,1.50
2011.06.27 13:51:46.132,1.36503,1.36527,1.88,3.75
2011.06.27 13:51:46.354,1.36503,1.36524,1.50,1.50
2011.06.27 13:51:46.471,1.365,1.36524,1.50,1.50
2011.06.27 13:51:46.910,1.365,1.36524,1.50,1.50
2011.06.27 13:51:47.133,1.365,1.36524,1.50,1.50
2011.06.27 13:51:47.351,1.365,1.36524,2.25,1.50
2011.06.27 13:51:48.068,1.365,1.36529,2.25,1.50
2011.06.27 13:51:48.291,1.365,1.36529,2.25,1.50
2011.06.27 13:51:48.621,1.365,1.36529,3.75,1.50
2011.06.27 13:51:49.062,1.36506,1.36528,1.50,1.50
2011.06.27 13:51:49.281,1.36506,1.36528,4.50,1.50
2011.06.27 13:51:49.611,1.36506,1.36528,4.50,1.50
2011.06.27 13:51:49.722,1.36503,1.36511,4.50,1.50
2011.06.27 13:51:49.943,1.36474,1.36502,1.88,3.75
2011.06.27 13:51:50.050,1.36474,1.36488,1.88,4.35
2011.06.27 13:51:50.161,1.36473,1.36485,1.50,4.35
2011.06.27 13:51:50.271,1.36466,1.36482,4.28,4.35
2011.06.27 13:51:50.602,1.36468,1.36489,1.50,4.35
2011.06.27 13:51:50.957,1.36469,1.36491,1.50,4.35
2011.06.27 13:51:51.623,1.36469,1.36489,1.50,4.35
2011.06.27 13:51:51.956,1.36469,1.36492,1.50,4.35
2011.06.27 13:51:52.292,1.3648,1.36506,3.00,2.91
2011.06.27 13:51:52.404,1.3648,1.36506,3.00,2.16
2011.06.27 13:51:52.961,1.36478,1.36506,3.75,2.25
2011.06.27 13:51:53.623,1.36474,1.365,1.50,1.50
2011.06.27 13:51:53.732,1.36474,1.36498,1.50,1.50
2011.06.27 13:51:54.156,1.3647,1.36496,1.50,1.41
2011.06.27 13:51:54.277,1.36472,1.36497,1.35,1.50
2011.06.27 13:51:54.614,1.36473,1.36496,1.50,2.16
2011.06.27 13:51:54.733,1.36472,1.36496,1.35,1.50
2011.06.27 13:51:54.952,1.36471,1.36497,1.50,2.91
2011.06.27 13:51:55.061,1.36471,1.36497,1.50,2.91
2011.06.27 13:51:55.502,1.36471,1.36496,1.50,1.50
2011.06.27 13:51:56.272,1.36471,1.36496,1.50,1.41
2011.06.27 13:51:56.898,1.36466,1.36493,1.50,2.25
2011.06.27 13:51:57.015,1.36465,1.36493,1.50,2.25
2011.06.27 13:51:57.244,1.36462,1.36493,1.50,1.50
2011.06.27 13:51:57.803,1.36465,1.36496,1.50,1.50
2011.06.27 13:51:58.025,1.36466,1.36495,2.25,1.50
2011.06.27 13:51:58.361,1.3647,1.365,1.50,1.50
2011.06.27 13:51:58.472,1.3647,1.365,1.50,1.50
2011.06.27 13:51:58.692,1.36473,1.36503,1.50,1.50
2011.06.27 13:51:58.801,1.36477,1.36503,1.50,1.50
2011.06.27 13:51:59.243,1.36476,1.36496,1.50,1.50
2011.06.27 13:51:59.573,1.36477,1.36505,4.50,1.50
2011.06.27 13:52:00.064,1.3648,1.36506,1.50,1.50
2011.06.27 13:52:00.285,1.36486,1.36512,1.50,2.25
2011.06.27 13:52:00.625,1.36493,1.36515,3.75,1.50
2011.06.27 13:52:00.743,1.36495,1.36515,3.75,1.50
2011.06.27 13:52:01.074,1.36493,1.36521,2.10,1.50
2011.06.27 13:52:01.316,1.36494,1.36524,1.50,1.50
2011.06.27 13:52:01.656,1.365,1.36527,1.50,1.50
2011.06.27 13:52:01.775,1.365,1.36531,2.25,1.50
2011.06.27 13:52:01.896,1.36499,1.36534,1.50,1.50
2011.06.27 13:52:02.237,1.36501,1.36535,1.50,1.50
2011.06.27 13:52:02.463,1.36505,1.36531,1.50,1.50
2011.06.27 13:52:02.681,1.36502,1.36531,1.50,1.50
2011.06.27 13:52:02.902,1.36505,1.36531,1.50,1.50
2011.06.27 13:52:03.123,1.36502,1.36531,1.50,1.50
2011.06.27 13:52:03.343,1.36505,1.36531,2.25,1.50
2011.06.27 13:52:03.453,1.36508,1.36534,1.35,1.50
2011.06.27 13:52:03.781,1.36508,1.36536,2.10,1.50
2011.06.27 13:52:04.222,1.36513,1.36536,2.10,1.50
2011.06.27 13:52:04.441,1.36509,1.36536,2.85,1.50
2011.06.27 13:52:04.554,1.36514,1.36536,2.25,1.50
2011.06.27 13:52:04.676,1.36514,1.36543,1.50,1.50
2011.06.27 13:52:04.792,1.36511,1.36544,1.50,1.13
2011.06.27 13:52:05.125,1.36509,1.3654,1.35,1.50
2011.06.27 13:52:05.460,1.36509,1.36541,1.35,1.50
2011.06.27 13:52:05.571,1.36509,1.36541,2.10,1.50
2011.06.27 13:52:06.124,1.36505,1.36537,1.50,1.50
2011.06.27 13:52:06.342,1.36504,1.36529,1.50,1.50
2011.06.27 13:52:06.561,1.36503,1.36529,2.25,1.50
2011.06.27 13:52:14.356,1.36504,1.36523,1.50,1.50
2011.06.27 13:52:14.886,1.3649,1.36517,1.50,3.00
2011.06.27 13:52:15.091,1.3649,1.36516,1.50,1.41
2011.06.27 13:52:15.421,1.36493,1.36518,1.50,1.50
2011.06.27 13:52:15.972,1.36492,1.36521,2.10,3.00
2011.06.27 13:52:16.194,1.36492,1.36521,1.50,3.00
2011.06.27 13:52:16.531,1.36491,1.36517,1.35,1.50
2011.06.27 13:52:16.973,1.365,1.3652,1.35,1.50
2011.06.27 13:52:17.504,1.36502,1.3653,1.50,4.50
2011.06.27 13:52:17.831,1.36499,1.36529,1.35,1.50
2011.06.27 13:52:18.051,1.36497,1.36527,3.75,1.35
2011.06.27 13:52:18.381,1.36494,1.36523,1.50,1.50
2011.06.27 13:52:18.821,1.36487,1.36519,1.13,3.75
2011.06.27 13:52:19.040,1.36487,1.36519,1.13,3.75
2011.06.27 13:52:19.371,1.36488,1.36514,3.75,1.50
2011.06.27 13:52:19.812,1.36492,1.3652,3.60,1.50
2011.06.27 13:52:20.032,1.36494,1.36522,2.25,1.50
2011.06.27 13:52:20.434,1.36493,1.36522,1.50,1.50
2011.06.27 13:52:20.775,1.3649,1.36521,3.75,4.50
2011.06.27 13:52:20.895,1.36488,1.36519,2.25,1.50
2011.06.27 13:52:21.123,1.36488,1.36519,2.25,3.00
2011.06.27 13:52:21.452,1.36488,1.36515,1.50,1.50
2011.06.27 13:52:21.890,1.36488,1.36515,2.25,1.50
2011.06.27 13:52:22.003,1.36488,1.36518,2.25,1.50
2011.06.27 13:52:22.330,1.36488,1.36519,5.25,1.50
2011.06.27 13:52:22.443,1.36488,1.36519,5.25,1.50
2011.06.27 13:52:22.881,1.36488,1.36515,2.25,1.50
2011.06.27 13:52:23.212,1.36492,1.36515,3.75,1.50
2011.06.27 13:52:23.774,1.36495,1.3652,2.85,4.50
2011.06.27 13:52:23.896,1.36499,1.36526,1.35,1.88
2011.06.27 13:52:24.494,1.36498,1.36526,1.35,2.54
2011.06.27 13:52:24.831,1.36492,1.36522,3.75,1.50
2011.06.27 13:52:25.051,1.36487,1.36519,1.50,1.50
2011.06.27 13:52:25.380,1.36486,1.36515,4.35,1.50
2011.06.27 13:52:26.149,1.36486,1.36515,4.35,1.50
2011.06.27 13:52:27.270,1.36486,1.36515,4.35,1.50
2011.06.27 13:52:28.150,1.36486,1.36515,4.35,1.50
2011.06.27 13:52:29.079,1.36489,1.36515,2.25,1.50
2011.06.27 13:52:29.414,1.36488,1.36518,1.50,4.50
2011.06.27 13:52:29.853,1.36488,1.36516,1.50,1.50
2011.06.27 13:52:30.070,1.36487,1.36515,1.50,1.50
2011.06.27 13:52:30.621,1.36488,1.36513,1.50,1.35
2011.06.27 13:52:31.059,1.36484,1.36511,1.50,1.50
2011.06.27 13:52:31.391,1.36489,1.36511,1.35,1.50
2011.06.27 13:52:31.832,1.3648,1.36508,1.50,1.50
2011.06.27 13:52:32.181,1.36473,1.36494,3.00,1.50
2011.06.27 13:52:32.404,1.36476,1.365,1.50,1.50
2011.06.27 13:52:32.523,1.36475,1.36497,3.00,1.41
2011.06.27 13:52:32.852,1.36475,1.365,6.00,1.50
2011.06.27 13:52:33.073,1.36478,1.36504,1.50,1.50
2011.06.27 13:52:33.293,1.36478,1.36506,2.25,2.25
2011.06.27 13:52:33.843,1.36478,1.36505,1.50,1.50
2011.06.27 13:52:34.283,1.36478,1.36504,1.50,1.50
2011.06.27 13:52:34.941,1.36483,1.36506,1.35,2.25
2011.06.27 13:52:35.052,1.36483,1.36507,1.35,1.50
2011.06.27 13:52:35.162,1.3648,1.36506,1.50,1.35
2011.06.27 13:52:35.621,1.36478,1.365,1.35,1.50
2011.06.27 13:52:35.953,1.36483,1.36506,1.35,1.50
2011.06.27 13:52:36.062,1.36476,1.36506,1.50,1.50
2011.06.27 13:52:36.502,1.36476,1.36506,4.50,1.50
2011.06.27 13:52:36.720,1.36476,1.36506,4.50,1.50
2011.06.27 13:52:37.051,1.36476,1.36506,4.50,1.50
2011.06.27 13:52:37.752,1.36476,1.36499,3.75,1.35
2011.06.27 13:52:37.862,1.3647,1.36496,1.50,1.50
2011.06.27 13:52:38.576,1.3647,1.36496,1.50,1.50
2011.06.27 13:52:39.517,1.36464,1.36489,1.50,1.35
2011.06.27 13:52:39.851,1.36464,1.36489,1.50,1.35
2011.06.27 13:52:40.072,1.36464,1.36489,1.50,1.35
2011.06.27 13:52:40.400,1.36463,1.36489,2.25,1.35
2011.06.27 13:52:40.841,1.36464,1.36489,1.50,1.35
2011.06.27 13:52:41.172,1.36464,1.36486,2.25,1.50
2011.06.27 13:52:41.282,1.36464,1.36486,1.50,1.50
2011.06.27 13:52:41.613,1.36459,1.36481,1.35,1.50
2011.06.27 13:52:41.831,1.36455,1.3648,1.35,1.50
2011.06.27 13:52:42.382,1.36458,1.3648,1.35,1.50
2011.06.27 13:52:42.802,1.36454,1.36481,2.25,1.50
2011.06.27 13:52:43.133,1.36456,1.3648,1.50,2.10
2011.06.27 13:52:43.462,1.36453,1.3648,4.50,2.10
2011.06.27 13:52:43.791,1.36453,1.3648,3.75,2.10
2011.06.27 13:52:44.563,1.36458,1.3648,3.00,1.50
2011.06.27 13:52:44.673,1.36458,1.36482,3.75,1.88
2011.06.27 13:52:45.221,1.36459,1.3648,1.35,1.50
2011.06.27 13:52:45.962,1.36456,1.3648,1.50,1.50
2011.06.27 13:52:46.182,1.36456,1.3648,1.50,1.50
2011.06.27 13:52:46.731,1.36454,1.3648,1.35,1.50
2011.06.27 13:52:47.060,1.36454,1.3648,1.35,1.50
2011.06.27 13:52:47.391,1.36453,1.3648,1.50,1.50
2011.06.27 13:52:47.721,1.36457,1.3648,1.35,1.50
2011.06.27 13:52:47.833,1.36459,1.3648,1.35,1.50
2011.06.27 13:52:48.160,1.36459,1.36481,1.35,1.50
2011.06.27 13:52:48.490,1.36459,1.36481,1.35,1.50
2011.06.27 13:52:49.052,1.36459,1.36486,4.35,1.50
2011.06.27 13:52:49.273,1.36464,1.36488,1.35,1.50
2011.06.27 13:52:49.600,1.36464,1.3649,1.35,2.25
2011.06.27 13:52:50.749,1.36468,1.36493,1.35,1.50
2011.06.27 13:52:51.652,1.36471,1.36494,3.75,1.50
2011.06.27 13:52:51.872,1.3647,1.36496,1.35,3.75
2011.06.27 13:52:51.982,1.36467,1.36495,1.50,1.35
2011.06.27 13:52:52.310,1.36474,1.36495,1.88,1.35
2011.06.27 13:52:52.862,1.36473,1.3649,1.50,2.10
2011.06.27 13:52:53.191,1.36467,1.3649,1.13,1.50
2011.06.27 13:52:53.302,1.36467,1.36492,1.13,1.50
2011.06.27 13:52:53.632,1.36472,1.36492,2.10,1.50
2011.06.27 13:52:54.323,1.36482,1.36511,1.50,1.50
2011.06.27 13:52:54.653,1.36487,1.36513,1.50,1.50
2011.06.27 13:52:54.982,1.36491,1.36513,2.10,1.50
2011.06.27 13:52:55.093,1.36491,1.36513,2.85,1.50
2011.06.27 13:52:55.201,1.36489,1.36513,1.50,1.50
2011.06.27 13:52:55.310,1.36488,1.36513,1.50,1.50
2011.06.27 13:52:55.640,1.36488,1.36513,1.50,1.50
2011.06.27 13:52:56.444,1.36483,1.3651,1.50,1.50
2011.06.27 13:52:56.552,1.3648,1.3651,2.10,1.50
2011.06.27 13:52:56.774,1.3648,1.3651,1.35,1.50
2011.06.27 13:52:57.328,1.36477,1.36504,1.50,1.50
2011.06.27 13:52:57.445,1.36477,1.36504,1.50,1.50
2011.06.27 13:52:57.782,1.36474,1.365,2.25,1.50
2011.06.27 13:52:58.115,1.36479,1.365,3.60,1.50
2011.06.27 13:52:58.233,1.36479,1.365,3.60,1.50
2011.06.27 13:52:58.343,1.36474,1.365,3.00,1.50
2011.06.27 13:52:58.454,1.36474,1.365,2.25,1.50
2011.06.27 13:52:58.791,1.36477,1.36503,3.00,1.50
2011.06.27 13:52:59.013,1.36478,1.36505,1.50,3.00
2011.06.27 13:52:59.131,1.36482,1.3651,3.75,1.50
2011.06.27 13:52:59.462,1.36478,1.36505,1.50,1.35
2011.06.27 13:52:59.573,1.36478,1.36505,1.50,4.35
2011.06.27 13:52:59.869,1.36475,1.36505,1.50,4.35
2011.06.27 13:53:00.095,1.36476,1.36505,1.50,4.35
2011.06.27 13:53:00.215,1.36475,1.36498,1.50,1.35
2011.06.27 13:53:00.442,1.36474,1.365,2.85,1.50
2011.06.27 13:53:00.663,1.36474,1.36505,2.85,1.50
2011.06.27 13:53:00.881,1.36477,1.36504,3.75,1.50
2011.06.27 13:53:01.102,1.36481,1.36506,1.50,1.50
2011.06.27 13:53:01.543,1.36481,1.36509,5.10,1.50
2011.06.27 13:53:01.766,1.36479,1.36509,1.35,2.10
2011.06.27 13:53:02.101,1.36479,1.36509,2.10,1.35
2011.06.27 13:53:02.320,1.36479,1.36509,2.10,1.35
2011.06.27 13:53:02.870,1.36479,1.36509,1.35,1.35
2011.06.27 13:53:03.421,1.36477,1.36505,1.50,1.35
2011.06.27 13:53:04.083,1.36478,1.36502,1.50,2.10
2011.06.27 13:53:04.204,1.36474,1.36502,2.25,2.10
2011.06.27 13:53:04.312,1.36471,1.36502,1.50,2.10
2011.06.27 13:53:04.861,1.36471,1.36502,1.50,2.10
2011.06.27 13:53:05.191,1.3647,1.36497,1.35,1.50
2011.06.27 13:53:05.300,1.3647,1.36497,1.35,1.50
2011.06.27 13:53:05.632,1.3647,1.36497,1.35,1.50
2011.06.27 13:53:05.963,1.36468,1.36497,1.50,2.10
2011.06.27 13:53:06.072,1.36471,1.36497,1.50,2.10
2011.06.27 13:53:06.403,1.36468,1.36489,3.75,1.35
2011.06.27 13:53:06.732,1.36464,1.36489,1.50,1.35
2011.06.27 13:53:07.221,1.36468,1.36494,1.50,1.50
2011.06.27 13:53:07.554,1.36465,1.36494,1.35,1.50
2011.06.27 13:53:07.783,1.36465,1.36494,1.35,1.50
2011.06.27 13:53:08.001,1.36465,1.36494,1.35,1.50
2011.06.27 13:53:08.335,1.36466,1.36494,4.50,1.50
2011.06.27 13:53:08.451,1.36468,1.36494,1.35,1.50
2011.06.27 13:53:08.895,1.36471,1.36498,1.50,1.50
2011.06.27 13:53:09.122,1.36472,1.36498,1.50,1.50
2011.06.27 13:53:09.452,1.36476,1.36498,1.35,1.50
2011.06.27 13:53:09.673,1.36476,1.36502,4.35,1.50
2011.06.27 13:53:10.636,1.36477,1.36506,1.35,3.75
2011.06.27 13:53:11.772,1.36477,1.36506,1.35,3.00
2011.06.27 13:53:12.251,1.36477,1.36506,1.35,3.00
2011.06.27 13:53:12.471,1.36477,1.36506,1.35,1.50
2011.06.27 13:53:12.802,1.3648,1.36508,2.25,3.75
2011.06.27 13:53:12.912,1.36481,1.36508,1.50,3.75
2011.06.27 13:53:13.680,1.3648,1.36511,2.25,1.50
2011.06.27 13:53:14.011,1.3648,1.36511,2.25,1.50
2011.06.27 13:53:14.250,1.36494,1.36511,1.35,1.50
2011.06.27 13:53:14.367,1.36499,1.36511,1.35,1.50
2011.06.27 13:53:14.597,1.36494,1.36522,1.50,3.75
2011.06.27 13:53:14.715,1.36496,1.36524,1.50,1.35
2011.06.27 13:53:14.945,1.36496,1.36524,1.50,1.35
2011.06.27 13:53:15.062,1.36496,1.36524,1.50,1.35
2011.06.27 13:53:15.283,1.36498,1.36525,1.35,1.50
2011.06.27 13:53:15.502,1.36498,1.36528,2.85,1.35
2011.06.27 13:53:15.832,1.36494,1.3652,3.00,1.35
2011.06.27 13:53:15.941,1.36494,1.36519,1.50,1.50
2011.06.27 13:53:16.053,1.36492,1.36519,1.50,1.50
2011.06.27 13:53:16.288,1.36495,1.36519,1.35,1.50
2011.06.27 13:53:16.595,1.36489,1.36519,2.10,2.10
2011.06.27 13:53:16.822,1.36489,1.36517,2.10,1.50
2011.06.27 13:53:17.151,1.36491,1.36517,1.35,1.50
2011.06.27 13:53:18.032,1.36492,1.3652,1.35,1.50
2011.06.27 13:53:18.472,1.36489,1.36518,2.10,4.50
2011.06.27 13:53:19.024,1.36489,1.36516,1.35,1.50
2011.06.27 13:53:19.462,1.36483,1.36506,1.13,1.35
2011.06.27 13:53:19.574,1.36481,1.36506,1.13,2.10
2011.06.27 13:53:19.995,1.36476,1.36501,1.35,1.50
2011.06.27 13:53:20.114,1.36475,1.36499,2.10,1.50
2011.06.27 13:53:20.343,1.36471,1.365,1.35,1.50
2011.06.27 13:53:20.782,1.36478,1.36503,1.35,1.50
2011.06.27 13:53:20.893,1.36478,1.36503,1.35,1.50
2011.06.27 13:53:21.112,1.36478,1.36503,2.10,1.50
2011.06.27 13:53:21.552,1.36479,1.36507,2.10,1.50
2011.06.27 13:53:21.883,1.36474,1.36503,1.50,1.50
2011.06.27 13:53:22.360,1.36479,1.36507,1.35,1.50
2011.06.27 13:53:22.583,1.36479,1.36507,1.35,1.50
2011.06.27 13:53:22.914,1.36482,1.36507,3.00,1.50
2011.06.27 13:53:23.242,1.3648,1.36507,5.10,1.50
2011.06.27 13:53:23.463,1.3648,1.36507,5.10,1.50
2011.06.27 13:53:23.684,1.36481,1.36507,1.35,1.50
2011.06.27 13:53:23.801,1.36477,1.36506,1.35,1.50
2011.06.27 13:53:24.021,1.36478,1.36506,3.75,1.50
2011.06.27 13:53:24.134,1.36481,1.36506,2.85,1.50
2011.06.27 13:53:24.363,1.36481,1.36506,2.85,1.50
2011.06.27 13:53:24.694,1.36485,1.36512,1.35,1.50
2011.06.27 13:53:25.225,1.36488,1.36515,1.35,1.13
2011.06.27 13:53:25.452,1.36489,1.36517,1.35,2.25
2011.06.27 13:53:25.561,1.36485,1.36516,3.75,1.35
2011.06.27 13:53:25.895,1.36498,1.36517,1.35,2.25
2011.06.27 13:53:26.017,1.36497,1.36516,1.35,1.50
2011.06.27 13:53:26.135,1.36498,1.36528,2.10,1.13
2011.06.27 13:53:26.257,1.36498,1.36522,1.35,1.50
2011.06.27 13:53:26.482,1.36487,1.36518,3.75,2.25
2011.06.27 13:53:26.815,1.36498,1.36521,1.35,1.50
2011.06.27 13:53:27.042,1.36504,1.36526,3.60,1.50
2011.06.27 13:53:27.378,1.36499,1.36527,3.75,1.35
2011.06.27 13:53:27.800,1.36503,1.36531,1.35,1.50
2011.06.27 13:53:28.027,1.36507,1.36531,2.10,1.50
2011.06.27 13:53:28.257,1.36507,1.36528,2.10,3.75
2011.06.27 13:53:28.376,1.36503,1.36528,1.35,3.75
2011.06.27 13:53:28.714,1.365,1.36525,3.00,2.10
2011.06.27 13:53:28.833,1.365,1.36528,3.60,1.50
2011.06.27 13:53:28.943,1.36505,1.36531,1.35,4.50
2011.06.27 13:53:29.052,1.36505,1.36529,2.10,3.75
2011.06.27 13:53:29.383,1.36503,1.36534,1.50,1.35
2011.06.27 13:53:29.713,1.36502,1.3653,1.13,2.10
2011.06.27 13:53:29.822,1.36501,1.3653,1.13,2.10
2011.06.27 13:53:30.327,1.36501,1.3653,1.35,1.50
2011.06.27 13:53:30.661,1.36501,1.3653,2.10,1.50
2011.06.27 13:53:31.212,1.36502,1.3653,1.35,1.50
2011.06.27 13:53:31.545,1.36503,1.3653,2.10,1.50
2011.06.27 13:53:31.661,1.36504,1.36533,2.10,1.50
2011.06.27 13:53:31.772,1.36504,1.36533,1.35,1.50
2011.06.27 13:53:31.992,1.36505,1.36533,1.35,1.50
2011.06.27 13:53:32.542,1.36506,1.36533,1.35,1.50
2011.06.27 13:53:33.090,1.36505,1.36533,1.35,1.50
2011.06.27 13:53:33.311,1.36504,1.3653,1.50,1.35
2011.06.27 13:53:33.531,1.36505,1.3653,1.50,1.35
2011.06.27 13:53:33.944,1.36502,1.36526,1.50,1.35
2011.06.27 13:53:34.187,1.36497,1.36526,1.50,1.35
2011.06.27 13:53:34.745,1.36503,1.36526,3.00,2.10
2011.06.27 13:53:35.302,1.36508,1.36529,3.00,1.50
2011.06.27 13:53:35.631,1.36511,1.36531,2.10,1.50
2011.06.27 13:53:35.960,1.36508,1.36535,4.50,1.50
2011.06.27 13:53:36.292,1.36508,1.36535,3.75,1.50
2011.06.27 13:53:36.802,1.36501,1.3653,4.50,2.10
2011.06.27 13:53:36.941,1.36501,1.3653,4.50,2.10
2011.06.27 13:53:37.270,1.36499,1.36524,1.50,1.50
2011.06.27 13:53:37.602,1.36495,1.36525,1.50,2.10
2011.06.27 13:53:37.714,1.36492,1.36519,4.50,1.35
2011.06.27 13:53:37.824,1.36492,1.36519,4.50,1.35
2011.06.27 13:53:38.163,1.36492,1.3652,1.50,1.50
2011.06.27 13:53:38.712,1.36497,1.36525,3.75,1.50
2011.06.27 13:53:38.824,1.36499,1.36525,3.75,1.50
2011.06.27 13:53:38.942,1.36499,1.36528,4.35,1.50
2011.06.27 13:53:39.385,1.36497,1.36524,1.35,1.50
2011.06.27 13:53:39.612,1.36497,1.36524,2.10,1.50
2011.06.27 13:53:40.323,1.36495,1.36522,1.50,1.50
2011.06.27 13:53:40.655,1.36491,1.36518,1.50,1.50
2011.06.27 13:53:40.994,1.36489,1.36518,1.50,1.50
2011.06.27 13:53:41.540,1.36491,1.36516,1.50,1.35
2011.06.27 13:53:41.871,1.36486,1.36514,1.50,1.50
2011.06.27 13:53:42.312,1.36484,1.36512,2.10,3.75
2011.06.27 13:53:42.935,1.3649,1.36516,1.50,2.16
2011.06.27 13:53:43.060,1.36496,1.36523,1.35,1.50
2011.06.27 13:53:43.941,1.36495,1.36523,1.35,1.50
2011.06.27 13:53:44.493,1.36494,1.3652,1.50,1.35
2011.06.27 13:53:44.930,1.36494,1.36522,1.50,1.50
2011.06.27 13:53:45.372,1.36496,1.36522,1.50,1.50
2011.06.27 13:53:45.810,1.36494,1.36522,1.50,1.50
2011.06.27 13:53:46.148,1.36493,1.36522,5.10,1.50
2011.06.27 13:53:46.263,1.36492,1.36519,1.50,1.35
2011.06.27 13:53:46.701,1.36493,1.36519,3.75,1.35
2011.06.27 13:53:47.034,1.36497,1.36519,1.50,1.35
2011.06.27 13:53:47.363,1.36496,1.36513,3.00,2.10
2011.06.27 13:53:47.474,1.36483,1.36513,2.10,2.10
2011.06.27 13:53:48.021,1.36483,1.36513,2.10,2.85
2011.06.27 13:53:48.132,1.36483,1.36513,1.35,2.85
2011.06.27 13:53:48.461,1.36483,1.3651,1.35,1.50
2011.06.27 13:53:48.790,1.36487,1.3651,2.10,1.50
2011.06.27 13:53:48.900,1.36487,1.36514,2.10,1.50
2011.06.27 13:53:49.450,1.36486,1.36514,3.75,1.50
2011.06.27 13:53:49.996,1.36488,1.36511,1.50,1.50
2011.06.27 13:53:50.111,1.36488,1.36511,1.50,1.50
2011.06.27 13:53:50.223,1.36488,1.36516,2.25,1.50
2011.06.27 13:53:50.881,1.36485,1.36516,1.50,1.50
2011.06.27 13:53:51.213,1.36489,1.36516,2.25,1.50
2011.06.27 13:53:51.432,1.36489,1.36516,3.00,1.50
2011.06.27 13:53:51.994,1.36492,1.36519,1.50,1.50
2011.06.27 13:53:52.652,1.36487,1.36513,1.50,3.75
2011.06.27 13:53:52.986,1.36487,1.36513,1.50,3.75
2011.06.27 13:53:53.444,1.36487,1.36507,2.10,1.50
2011.06.27 13:53:53.567,1.36483,1.36504,3.00,1.88
2011.06.27 13:53:53.795,1.36476,1.36503,1.50,1.13
2011.06.27 13:53:54.026,1.36479,1.36504,1.50,1.13
2011.06.27 13:53:54.581,1.3648,1.36503,1.50,1.13
2011.06.27 13:53:54.911,1.36479,1.36503,1.50,1.13
2011.06.27 13:53:55.133,1.3648,1.36503,1.50,1.13
2011.06.27 13:53:55.997,1.36483,1.36505,1.50,1.13
2011.06.27 13:53:56.335,1.3648,1.36503,3.75,1.13
2011.06.27 13:53:56.562,1.36484,1.36503,3.60,1.13
2011.06.27 13:53:56.673,1.36487,1.3651,1.35,1.50
2011.06.27 13:53:56.892,1.36487,1.36506,4.35,1.13
2011.06.27 13:53:57.113,1.36484,1.36503,1.50,1.13
2011.06.27 13:53:57.332,1.36484,1.36505,4.50,1.13
2011.06.27 13:53:57.880,1.36485,1.36506,1.50,1.13
2011.06.27 13:53:58.320,1.36485,1.36509,1.50,2.25
2011.06.27 13:53:58.867,1.36478,1.36504,3.00,1.13
2011.06.27 13:53:58.984,1.36478,1.36504,3.00,1.13
2011.06.27 13:53:59.543,1.36478,1.36502,1.35,1.50
2011.06.27 13:53:59.985,1.36485,1.36503,3.00,1.13
2011.06.27 13:54:00.103,1.36486,1.36505,2.25,1.13
2011.06.27 13:54:00.874,1.36486,1.36505,2.25,1.13
2011.06.27 13:54:01.426,1.36485,1.36506,1.50,1.13
2011.06.27 13:54:01.545,1.36482,1.365,1.50,3.00
2011.06.27 13:54:01.771,1.36472,1.36497,1.50,3.75
2011.06.27 13:54:01.882,1.36469,1.36497,1.50,3.75
2011.06.27 13:54:02.711,1.36468,1.36496,1.50,1.50
2011.06.27 13:54:03.481,1.36468,1.36496,1.50,1.50
2011.06.27 13:54:03.921,1.3647,1.36496,3.75,1.50
2011.06.27 13:54:04.252,1.36474,1.36496,1.50,1.13
2011.06.27 13:54:04.801,1.36474,1.36496,1.50,1.13
2011.06.27 13:54:05.147,1.36474,1.36496,1.50,1.13
2011.06.27 13:54:05.701,1.36471,1.36497,1.50,1.13
2011.06.27 13:54:06.360,1.36472,1.36496,1.50,1.13
2011.06.27 13:54:06.471,1.36472,1.36496,1.50,1.13
2011.06.27 13:54:07.352,1.36467,1.36496,1.50,1.50
2011.06.27 13:54:07.461,1.36467,1.36496,1.50,1.50
2011.06.27 13:54:07.683,1.36467,1.36496,1.50,1.50
2011.06.27 13:54:08.621,1.36466,1.36493,3.00,1.50
2011.06.27 13:54:09.067,1.36472,1.36489,1.50,3.00
2011.06.27 13:54:09.186,1.36466,1.36492,1.50,4.50
2011.06.27 13:54:09.523,1.36466,1.36492,1.50,1.50
2011.06.27 13:54:09.743,1.36466,1.36489,1.35,3.75
2011.06.27 13:54:09.962,1.36467,1.36491,1.35,3.75
2011.06.27 13:54:10.512,1.36467,1.36493,1.35,1.50
2011.06.27 13:54:10.842,1.3647,1.36498,1.50,1.13
2011.06.27 13:54:11.178,1.3647,1.36499,1.50,1.13
2011.06.27 13:54:11.511,1.3647,1.36499,1.50,1.13
2011.06.27 13:54:11.843,1.3647,1.36499,1.50,1.13
2011.06.27 13:54:12.395,1.36466,1.36496,6.00,1.50
2011.06.27 13:54:12.622,1.36466,1.3649,2.25,3.75
2011.06.27 13:54:14.053,1.36473,1.3649,2.10,3.75
2011.06.27 13:54:14.470,1.36472,1.36499,3.00,1.50
2011.06.27 13:54:14.583,1.3647,1.36498,1.50,3.75
2011.06.27 13:54:15.023,1.36466,1.36494,1.50,4.50
2011.06.27 13:54:15.132,1.36464,1.36494,3.75,1.50
2011.06.27 13:54:15.462,1.36462,1.36492,4.50,1.50
2011.06.27 13:54:15.794,1.36466,1.36491,1.50,3.75
2011.06.27 13:54:16.013,1.36461,1.36491,1.50,3.75
2011.06.27 13:54:16.562,1.36461,1.36488,1.50,1.50
2011.06.27 13:54:17.022,1.36457,1.36484,3.75,1.50
2011.06.27 13:54:17.243,1.36459,1.36484,1.50,1.50
2011.06.27 13:54:17.546,1.36455,1.36484,1.50,1.50
2011.06.27 13:54:17.882,1.36457,1.36484,1.50,1.50
2011.06.27 13:54:19.552,1.36457,1.36484,1.50,1.50
2011.06.27 13:54:20.102,1.36459,1.36483,1.35,1.50
2011.06.27 13:54:20.321,1.36459,1.36482,1.35,1.50
2011.06.27 13:54:20.541,1.36459,1.36486,1.35,4.50
2011.06.27 13:54:21.520,1.36461,1.36486,1.50,3.00
2011.06.27 13:54:22.172,1.36461,1.36486,1.50,3.75
2011.06.27 13:54:23.053,1.36454,1.36481,1.50,1.50
2011.06.27 13:54:23.383,1.36454,1.36478,3.00,3.75
2011.06.27 13:54:23.493,1.36454,1.36482,3.75,1.35
2011.06.27 13:54:23.713,1.36459,1.36485,3.00,6.75
2011.06.27 13:54:23.822,1.36459,1.36487,3.00,4.50
2011.06.27 13:54:24.153,1.36464,1.36493,2.10,1.50
2011.06.27 13:54:24.480,1.36464,1.36493,2.10,1.50
2011.06.27 13:54:24.590,1.36464,1.36493,1.50,1.50
2011.06.27 13:54:25.154,1.3646,1.36488,3.75,1.35
2011.06.27 13:54:25.753,1.36456,1.36485,1.50,1.50
2011.06.27 13:54:25.974,1.36461,1.36485,3.75,1.50
2011.06.27 13:54:26.302,1.36461,1.36485,3.75,1.50
2011.06.27 13:54:26.742,1.36466,1.36488,3.00,1.50
2011.06.27 13:54:27.072,1.3647,1.36492,1.50,1.50
2011.06.27 13:54:27.292,1.36471,1.36496,1.50,1.88
2011.06.27 13:54:27.856,1.36471,1.36496,1.50,1.13
2011.06.27 13:54:28.083,1.36471,1.36496,1.50,1.13
2011.06.27 13:54:28.649,1.36472,1.365,2.25,1.50
2011.06.27 13:54:29.202,1.36472,1.36499,2.25,1.50
2011.06.27 13:54:29.533,1.36474,1.36504,4.50,1.50
2011.06.27 13:54:29.866,1.36479,1.36494,3.75,1.50
2011.06.27 13:54:29.983,1.36467,1.36492,1.50,1.50
2011.06.27 13:54:30.094,1.36473,1.36492,1.35,1.50
2011.06.27 13:54:30.432,1.36475,1.36506,4.50,1.13
2011.06.27 13:54:30.541,1.36481,1.36506,1.50,1.13
2011.06.27 13:54:30.872,1.36478,1.36506,1.50,1.13
2011.06.27 13:54:31.248,1.36478,1.36505,1.50,1.50
2011.06.27 13:54:31.471,1.36479,1.36503,1.50,1.50
2011.06.27 13:54:31.689,1.36479,1.36503,1.50,1.50
2011.06.27 13:54:31.910,1.36478,1.36503,3.75,1.50
2011.06.27 13:54:33.212,1.36473,1.36503,1.50,1.50
2011.06.27 13:54:33.431,1.36474,1.365,1.50,1.50
2011.06.27 13:54:33.815,1.36474,1.365,1.50,1.50
2011.06.27 13:54:34.041,1.36471,1.365,1.50,4.50
2011.06.27 13:54:34.153,1.36474,1.365,1.35,1.50
2011.06.27 13:54:34.436,1.36474,1.36496,1.35,3.00
2011.06.27 13:54:34.885,1.36474,1.36499,1.35,2.25
2011.06.27 13:54:35.111,1.36473,1.365,1.50,1.50
2011.06.27 13:54:35.224,1.36473,1.365,1.50,1.50
2011.06.27 13:54:35.664,1.36473,1.365,1.50,4.50
2011.06.27 13:54:35.882,1.36471,1.36498,1.50,1.50
2011.06.27 13:54:36.213,1.36471,1.36498,1.50,1.50
2011.06.27 13:54:36.542,1.36471,1.36499,1.50,2.25
2011.06.27 13:54:36.873,1.36474,1.36499,4.13,1.50
2011.06.27 13:54:37.418,1.3648,1.36502,1.35,1.50
2011.06.27 13:54:37.641,1.36481,1.36505,3.75,1.50
2011.06.27 13:54:37.975,1.36481,1.36508,3.75,1.50
2011.06.27 13:54:38.092,1.36485,1.36513,1.50,1.50
2011.06.27 13:54:38.201,1.36485,1.36513,1.50,1.50
2011.06.27 13:54:38.754,1.36482,1.3651,4.50,1.35
2011.06.27 13:54:38.982,1.36479,1.36508,2.25,1.50
2011.06.27 13:54:39.310,1.36478,1.36508,2.85,1.50
2011.06.27 13:54:39.640,1.36479,1.36508,2.25,1.50
2011.06.27 13:54:39.863,1.36479,1.36508,1.50,1.50
2011.06.27 13:54:40.082,1.36477,1.36502,1.50,1.50
2011.06.27 13:54:40.640,1.3648,1.36502,1.35,1.50
2011.06.27 13:54:41.193,1.36478,1.36506,1.50,1.50
2011.06.27 13:54:41.742,1.36474,1.36503,1.88,1.50
2011.06.27 13:54:42.510,1.36474,1.36502,1.13,1.50
2011.06.27 13:54:42.842,1.36473,1.36502,2.63,1.50
2011.06.27 13:54:42.951,1.36474,1.36499,1.13,3.75
2011.06.27 13:54:43.170,1.36471,1.36498,1.13,1.50
2011.06.27 13:54:43.722,1.36471,1.36495,1.13,1.50
2011.06.27 13:54:44.850,1.36471,1.36495,1.13,1.50
2011.06.27 13:54:45.072,1.36466,1.36492,1.88,3.75
2011.06.27 13:54:45.180,1.36466,1.36495,1.88,4.50
2011.06.27 13:54:45.515,1.36466,1.36488,1.13,1.35
2011.06.27 13:54:45.746,1.36464,1.36486,1.13,4.50
2011.06.27 13:54:45.976,1.36461,1.36486,1.50,4.50
2011.06.27 13:54:46.312,1.36464,1.36486,1.13,2.16
2011.06.27 13:54:46.531,1.36466,1.36492,1.88,2.25
2011.06.27 13:54:46.750,1.3647,1.36492,1.35,1.50
2011.06.27 13:54:47.104,1.3647,1.36494,1.35,1.50
2011.06.27 13:54:47.543,1.36475,1.36496,1.35,1.50
2011.06.27 13:54:47.652,1.36476,1.36498,1.35,3.75
2011.06.27 13:54:47.761,1.36476,1.36499,1.35,1.50
2011.06.27 13:54:47.873,1.36476,1.36499,1.35,1.50
2011.06.27 13:54:48.421,1.36476,1.36501,1.35,2.25
2011.06.27 13:54:48.974,1.3648,1.36505,4.35,1.50
2011.06.27 13:54:49.972,1.36488,1.36507,2.85,1.50
2011.06.27 13:54:50.082,1.36492,1.3651,1.35,1.50
2011.06.27 13:54:50.411,1.36485,1.3651,2.10,1.50
2011.06.27 13:54:50.635,1.36485,1.3651,1.35,1.50
2011.06.27 13:54:51.165,1.36485,1.3651,1.35,1.50
2011.06.27 13:54:51.501,1.36494,1.36518,1.35,4.50
2011.06.27 13:54:51.613,1.36486,1.36516,1.50,1.50
2011.06.27 13:54:51.833,1.36486,1.36516,1.50,1.50
2011.06.27 13:54:52.051,1.36487,1.36514,1.50,1.50
2011.06.27 13:54:52.851,1.36487,1.36514,3.00,1.50
2011.06.27 13:54:53.073,1.36487,1.36518,2.25,1.50
2011.06.27 13:54:53.402,1.36487,1.36516,2.25,1.50
2011.06.27 13:54:53.511,1.36487,1.36516,2.25,1.50
2011.06.27 13:54:53.621,1.36487,1.36517,2.25,2.25
2011.06.27 13:54:53.951,1.36487,1.36513,2.25,3.00
2011.06.27 13:54:54.391,1.36487,1.36513,2.25,3.75
2011.06.27 13:54:54.502,1.36483,1.3651,1.50,3.00
2011.06.27 13:54:54.611,1.36481,1.36505,1.35,1.50
2011.06.27 13:54:55.016,1.36481,1.36504,1.35,1.50
2011.06.27 13:54:55.464,1.36481,1.36504,1.35,1.50
2011.06.27 13:54:57.004,1.36478,1.36502,2.63,3.75
2011.06.27 13:54:57.344,1.36479,1.36498,1.13,3.00
2011.06.27 13:54:57.573,1.36479,1.36498,1.13,3.75
2011.06.27 13:54:57.683,1.36478,1.36496,1.88,1.50
2011.06.27 13:54:58.122,1.36469,1.36494,2.25,1.50
2011.06.27 13:54:58.560,1.36469,1.36495,2.25,1.50
2011.06.27 13:54:58.871,1.36469,1.36496,2.25,1.50
2011.06.27 13:54:59.532,1.36473,1.36496,1.35,1.50
2011.06.27 13:54:59.751,1.36473,1.36499,1.35,5.25
2011.06.27 13:54:59.972,1.36467,1.36499,1.13,1.50
2011.06.27 13:55:00.742,1.36469,1.36497,1.50,1.50
2011.06.27 13:55:01.383,1.36476,1.36503,3.00,2.25
2011.06.27 13:55:01.711,1.36476,1.36499,2.25,1.50
2011.06.27 13:55:02.041,1.36476,1.36504,2.25,5.25
2011.06.27 13:55:02.591,1.36476,1.36503,2.25,1.50
2011.06.27 13:55:03.031,1.36474,1.36504,4.50,1.50
2011.06.27 13:55:03.252,1.36487,1.36507,1.35,2.25
2011.06.27 13:55:03.691,1.36487,1.36509,1.35,1.50
2011.06.27 13:55:04.241,1.36483,1.36505,1.13,5.25
2011.06.27 13:55:04.659,1.36479,1.36503,2.25,4.50
2011.06.27 13:55:05.216,1.36479,1.365,2.25,1.50
2011.06.27 13:55:05.773,1.36479,1.36502,2.25,2.25
2011.06.27 13:55:06.105,1.36478,1.36501,2.25,1.50
2011.06.27 13:55:06.222,1.36478,1.36501,2.25,1.50
2011.06.27 13:55:06.442,1.36479,1.365,2.25,3.75
2011.06.27 13:55:06.550,1.36472,1.36498,1.13,3.00
2011.06.27 13:55:06.991,1.36471,1.36498,1.50,4.50
2011.06.27 13:55:07.101,1.36471,1.36498,1.50,5.25
2011.06.27 13:55:07.432,1.36471,1.36498,1.50,4.50
2011.06.27 13:55:07.762,1.36471,1.36498,1.50,1.50
2011.06.27 13:55:08.294,1.36469,1.36498,3.75,1.13
2011.06.27 13:55:08.513,1.36469,1.36499,3.75,1.88
2011.06.27 13:55:08.842,1.36469,1.36499,3.75,1.13
2011.06.27 13:55:08.952,1.36472,1.365,1.50,1.13
2011.06.27 13:55:09.062,1.36472,1.36499,1.50,1.13
2011.06.27 13:55:09.483,1.36472,1.365,1.50,1.13
2011.06.27 13:55:09.812,1.36476,1.36502,1.50,1.50
2011.06.27 13:55:10.250,1.36476,1.36501,1.50,3.75
2011.06.27 13:55:10.800,1.36476,1.365,1.50,1.50
2011.06.27 13:55:11.461,1.36473,1.36501,1.50,3.75
2011.06.27 13:55:12.011,1.36473,1.36501,1.50,3.75
2011.06.27 13:55:12.340,1.36473,1.36501,1.50,3.75
2011.06.27 13:55:12.561,1.36473,1.36501,1.50,3.75
2011.06.27 13:55:12.781,1.36473,1.36502,1.50,1.50
2011.06.27 13:55:13.115,1.36476,1.36503,2.10,1.50
2011.06.27 13:55:13.893,1.36479,1.36506,3.75,1.50
2011.06.27 13:55:14.113,1.36476,1.36502,1.50,3.75
2011.06.27 13:55:14.764,1.36473,1.36503,1.50,1.50
2011.06.27 13:55:15.321,1.36474,1.36503,3.75,1.50
2011.06.27 13:55:15.984,1.36478,1.36506,1.50,2.25
2011.06.27 13:55:16.421,1.36479,1.36506,3.75,1.50
2011.06.27 13:55:16.752,1.36479,1.36505,3.75,1.50
2011.06.27 13:55:17.082,1.36479,1.36506,3.75,1.50
2011.06.27 13:55:17.301,1.36483,1.36509,1.50,1.50
2011.06.27 13:55:17.411,1.36483,1.3651,1.50,1.50
2011.06.27 13:55:17.741,1.36487,1.36512,1.50,3.00
2011.06.27 13:55:17.962,1.36487,1.36512,1.50,2.25
2011.06.27 13:55:18.183,1.36485,1.36515,3.75,1.50
2011.06.27 13:55:18.648,1.36484,1.36508,2.25,1.50
2011.06.27 13:55:18.983,1.36477,1.36499,1.50,3.00
2011.06.27 13:55:19.103,1.36476,1.36504,1.50,3.75
2011.06.27 13:55:19.544,1.36474,1.36499,3.00,3.75
2011.06.27 13:55:19.761,1.36469,1.365,1.50,1.50
2011.06.27 13:55:19.981,1.36475,1.365,3.00,1.50
2011.06.27 13:55:20.312,1.36475,1.36505,1.50,1.50
2011.06.27 13:55:20.536,1.36473,1.36499,1.50,1.50
2011.06.27 13:55:20.650,1.36473,1.36499,1.50,1.50
2011.06.27 13:55:21.201,1.36474,1.36502,1.50,1.50
2011.06.27 13:55:21.905,1.36479,1.36506,1.50,1.50
2011.06.27 13:55:22.024,1.36479,1.36506,1.50,1.50
2011.06.27 13:55:22.251,1.36479,1.36506,1.50,1.50
2011.06.27 13:55:22.475,1.36484,1.36506,1.35,1.50
2011.06.27 13:55:22.812,1.36484,1.36506,1.35,1.50
2011.06.27 13:55:22.920,1.36479,1.36506,1.50,1.50
2011.06.27 13:55:23.472,1.36479,1.36506,1.50,1.50
2011.06.27 13:55:23.805,1.36486,1.36506,1.35,1.50
2011.06.27 13:55:23.921,1.36479,1.36503,1.50,3.00
2011.06.27 13:55:24.471,1.36479,1.36503,1.50,3.75
2011.06.27 13:55:24.582,1.36479,1.36506,1.50,4.50
2011.06.27 13:55:24.692,1.36479,1.36506,1.50,3.75
2011.06.27 13:55:25.951,1.36478,1.36507,1.50,1.50
2011.06.27 13:55:26.171,1.36478,1.36506,1.50,1.50
2011.06.27 13:55:26.834,1.36478,1.36506,1.50,1.50
2011.06.27 13:55:27.335,1.36478,1.36506,1.50,1.50
2011.06.27 13:55:27.561,1.36478,1.36506,1.50,1.50
2011.06.27 13:55:28.004,1.36479,1.36506,1.35,1.50
2011.06.27 13:55:28.332,1.36479,1.36506,1.35,1.50
2011.06.27 13:55:28.552,1.3648,1.36506,3.75,1.50
2011.06.27 13:55:28.773,1.3648,1.36506,3.75,1.50
2011.06.27 13:55:29.107,1.36482,1.36509,3.75,2.25
2011.06.27 13:55:29.495,1.36489,1.36509,1.35,1.50
2011.06.27 13:55:29.835,1.36482,1.36509,4.50,1.50
2011.06.27 13:55:30.173,1.36471,1.36496,1.50,1.50
2011.06.27 13:55:30.283,1.36471,1.36497,1.50,1.50
2011.06.27 13:55:30.830,1.36471,1.36496,1.50,1.50
2011.06.27 13:55:31.490,1.3647,1.36498,1.50,1.50
2011.06.27 13:55:31.822,1.36471,1.36498,1.50,1.50
2011.06.27 13:55:32.265,1.36471,1.36499,1.50,1.50
2011.06.27 13:55:32.693,1.36477,1.36504,3.75,1.50
2011.06.27 13:55:33.025,1.36475,1.36504,1.50,4.35
2011.06.27 13:55:33.253,1.36474,1.36499,1.50,1.50
2011.06.27 13:55:33.583,1.36469,1.36495,3.75,1.50
2011.06.27 13:55:33.804,1.36469,1.36496,3.75,1.41
2011.06.27 13:55:34.024,1.36468,1.36497,1.50,2.16
2011.06.27 13:55:34.572,1.36473,1.36494,1.35,3.00
2011.06.27 13:55:34.683,1.36473,1.36496,1.35,1.41
2011.06.27 13:55:35.124,1.36467,1.36497,1.50,5.10
2011.06.27 13:55:35.702,1.36467,1.36497,1.50,1.50
2011.06.27 13:55:36.141,1.36468,1.36497,1.50,1.50
2011.06.27 13:55:36.472,1.36467,1.36492,1.50,3.75
2011.06.27 13:55:36.693,1.36461,1.36492,1.50,3.75
2011.06.27 13:55:37.021,1.36459,1.36487,1.50,1.50
2011.06.27 13:55:37.351,1.36459,1.36486,1.50,4.50
2011.06.27 13:55:37.574,1.36458,1.36484,2.25,1.50
2011.06.27 13:55:37.902,1.36458,1.36486,1.50,3.75
2011.06.27 13:55:38.012,1.36458,1.36486,1.50,1.50
2011.06.27 13:55:38.563,1.36462,1.36484,2.85,3.00
2011.06.27 13:55:38.982,1.36462,1.36488,2.85,1.50
2011.06.27 13:55:39.314,1.36468,1.36489,1.35,1.50
2011.06.27 13:55:39.426,1.36459,1.36489,1.35,1.50
2011.06.27 13:55:39.874,1.36465,1.36494,3.00,1.50
2011.06.27 13:55:40.104,1.36465,1.36492,2.25,1.50
2011.06.27 13:55:40.332,1.36476,1.36495,1.35,1.50
2011.06.27 13:55:40.444,1.36473,1.365,1.50,1.50
2011.06.27 13:55:40.553,1.36473,1.36501,1.50,2.63
2011.06.27 13:55:40.662,1.36473,1.365,1.50,1.50
2011.06.27 13:55:40.882,1.3647,1.365,3.75,1.50
2011.06.27 13:55:41.212,1.36477,1.36502,1.35,2.25
2011.06.27 13:55:41.816,1.36474,1.36502,1.50,1.50
2011.06.27 13:55:41.939,1.36472,1.365,2.10,1.50
2011.06.27 13:55:42.384,1.36471,1.36503,1.50,5.10
2011.06.27 13:55:42.607,1.36473,1.36498,3.75,1.50
2011.06.27 13:55:42.835,1.36475,1.365,1.35,2.25
2011.06.27 13:55:43.282,1.36475,1.365,4.35,2.25
2011.06.27 13:55:43.610,1.36475,1.365,4.35,1.50
2011.06.27 13:55:43.945,1.36476,1.36502,1.50,1.50
2011.06.27 13:55:44.501,1.3648,1.36502,1.35,2.25
2011.06.27 13:55:44.986,1.3648,1.36506,4.35,2.16
2011.06.27 13:55:45.105,1.3648,1.36506,4.35,2.16
2011.06.27 13:55:45.774,1.36486,1.36506,2.10,4.50
2011.06.27 13:55:45.893,1.3649,1.36506,1.35,3.00
2011.06.27 13:55:46.005,1.36482,1.36508,1.50,3.00
2011.06.27 13:55:46.125,1.36479,1.36509,1.50,1.50
2011.06.27 13:55:46.244,1.36475,1.36509,3.75,5.25
2011.06.27 13:55:46.362,1.36474,1.36502,3.75,2.25
2011.06.27 13:55:46.801,1.36474,1.36502,3.75,1.50
2011.06.27 13:55:47.025,1.36477,1.36503,1.50,3.00
2011.06.27 13:55:47.142,1.36477,1.36508,1.50,5.25
2011.06.27 13:55:47.472,1.36476,1.36502,1.35,2.25
2011.06.27 13:55:47.802,1.36472,1.365,1.50,4.50
2011.06.27 13:55:48.652,1.36476,1.36503,1.50,4.50
2011.06.27 13:55:48.873,1.36476,1.36503,1.50,4.50
2011.06.27 13:55:49.201,1.36476,1.36503,1.50,1.50
2011.06.27 13:55:49.750,1.36476,1.36503,1.50,1.50
2011.06.27 13:55:50.081,1.36472,1.36502,4.50,2.25
2011.06.27 13:55:50.410,1.36472,1.36502,4.50,2.25
2011.06.27 13:55:50.632,1.36472,1.36501,1.50,3.75
2011.06.27 13:55:51.182,1.36472,1.36501,1.50,1.50
2011.06.27 13:55:51.751,1.36472,1.36502,1.50,2.25
2011.06.27 13:55:52.355,1.36478,1.36503,2.25,1.50
2011.06.27 13:55:52.696,1.3648,1.36506,1.50,1.41
2011.06.27 13:55:53.692,1.36483,1.36507,4.50,2.16
2011.06.27 13:55:54.171,1.36483,1.36507,4.50,2.16
2011.06.27 13:55:54.502,1.36483,1.36507,4.50,2.16
2011.06.27 13:55:54.830,1.36479,1.36503,3.75,1.50
2011.06.27 13:55:54.942,1.36483,1.36503,1.35,1.50
2011.06.27 13:55:55.271,1.36484,1.36506,1.35,1.41
2011.06.27 13:55:55.601,1.36484,1.36506,1.35,1.50
2011.06.27 13:55:55.930,1.36481,1.36507,1.50,1.50
2011.06.27 13:55:57.713,1.36476,1.36503,4.50,1.50
2011.06.27 13:55:58.044,1.36487,1.36508,3.75,1.50
2011.06.27 13:55:58.265,1.36491,1.36518,2.10,1.50
2011.06.27 13:55:58.494,1.36487,1.36512,3.00,1.50
2011.06.27 13:55:58.711,1.36485,1.36514,2.10,2.25
2011.06.27 13:55:58.932,1.36489,1.36514,1.50,1.50
2011.06.27 13:55:59.443,1.36496,1.36519,1.50,1.50
2011.06.27 13:55:59.868,1.36491,1.36522,3.75,1.50
2011.06.27 13:55:59.983,1.36494,1.36522,3.75,1.50
2011.06.27 13:56:00.312,1.36496,1.36522,1.50,1.50
2011.06.27 13:56:01.411,1.36495,1.36518,1.35,1.50
2011.06.27 13:56:01.961,1.36497,1.36518,1.35,1.50
2011.06.27 13:56:02.950,1.36497,1.36524,1.35,1.50
2011.06.27 13:56:03.911,1.36497,1.36524,1.35,1.50
2011.06.27 13:56:05.042,1.36497,1.36522,1.35,1.50
2011.06.27 13:56:05.151,1.36497,1.36522,2.10,1.50
2011.06.27 13:56:05.591,1.36497,1.36522,2.10,1.50
2011.06.27 13:56:06.341,1.36491,1.36518,4.50,1.50
2011.06.27 13:56:06.891,1.36496,1.36518,1.35,1.50
2011.06.27 13:56:07.002,1.36496,1.36522,1.35,1.50
2011.06.27 13:56:07.111,1.36496,1.36522,1.35,1.50
2011.06.27 13:56:07.660,1.36497,1.36524,1.50,1.50
2011.06.27 13:56:08.398,1.36497,1.36524,1.50,1.50
2011.06.27 13:56:08.736,1.36503,1.36529,1.50,1.50
2011.06.27 13:56:08.964,1.36504,1.36532,3.75,2.33
2011.06.27 13:56:10.062,1.36501,1.36528,4.50,1.50
2011.06.27 13:56:10.173,1.36497,1.36523,3.75,1.50
2011.06.27 13:56:10.612,1.36501,1.36526,1.50,1.50
2011.06.27 13:56:10.941,1.36519,1.36531,1.50,1.58
2011.06.27 13:56:11.266,1.36511,1.36531,1.50,1.58
2011.06.27 13:56:11.766,1.36514,1.36531,3.00,1.58
2011.06.27 13:56:12.323,1.36514,1.36532,3.00,1.58
2011.06.27 13:56:13.821,1.3651,1.36531,2.25,1.58
2011.06.27 13:56:14.042,1.36509,1.36531,1.50,1.58
2011.06.27 13:56:14.261,1.36507,1.36531,1.88,1.58
2011.06.27 13:56:14.823,1.36508,1.36532,1.50,1.58
2011.06.27 13:56:14.932,1.36506,1.36532,1.88,1.58
2011.06.27 13:56:15.485,1.36506,1.36531,1.88,1.58
2011.06.27 13:56:15.825,1.36506,1.36532,1.50,1.58
2011.06.27 13:56:16.055,1.36502,1.3653,1.50,1.50
2011.06.27 13:56:16.390,1.36504,1.3653,3.75,1.50
2011.06.27 13:56:17.134,1.36504,1.3653,3.75,1.50
2011.06.27 13:56:17.461,1.36504,1.3653,4.50,1.50
2011.06.27 13:56:17.852,1.36504,1.3653,4.50,1.50
2011.06.27 13:56:18.073,1.36506,1.36532,1.50,1.58
2011.06.27 13:56:18.731,1.36506,1.36532,1.50,1.58
2011.06.27 13:56:19.700,1.36506,1.36531,1.50,1.58
2011.06.27 13:56:19.811,1.36506,1.36531,1.50,1.58
2011.06.27 13:56:21.167,1.36504,1.36529,2.25,1.50
2011.06.27 13:56:21.503,1.36512,1.36531,1.50,1.58
2011.06.27 13:56:21.832,1.36516,1.36533,1.35,1.58
2011.06.27 13:56:22.380,1.36515,1.36532,1.35,1.58
2011.06.27 13:56:22.492,1.36514,1.36532,1.50,1.58
2011.06.27 13:56:22.603,1.3651,1.36532,1.50,1.58
2011.06.27 13:56:23.566,1.36517,1.36546,1.50,1.50
2011.06.27 13:56:23.682,1.36519,1.36546,1.50,1.50
2011.06.27 13:56:23.792,1.36519,1.36546,1.50,1.50
2011.06.27 13:56:24.451,1.36517,1.36545,3.75,1.50
2011.06.27 13:56:24.780,1.36517,1.36543,3.75,1.50
2011.06.27 13:56:25.001,1.36517,1.36545,4.50,1.50
2011.06.27 13:56:25.111,1.36517,1.36545,4.50,1.50
2011.06.27 13:56:25.331,1.36517,1.36545,4.50,1.50
2011.06.27 13:56:25.441,1.36517,1.36545,4.50,1.50
2011.06.27 13:56:25.771,1.36517,1.36545,4.50,1.50
2011.06.27 13:56:25.991,1.36517,1.36545,3.75,1.50
2011.06.27 13:56:26.211,1.36517,1.3654,3.00,1.50
2011.06.27 13:56:26.671,1.36514,1.36541,4.50,2.25
2011.06.27 13:56:27.191,1.36514,1.3654,5.25,1.50
2011.06.27 13:56:27.622,1.36514,1.3654,3.75,1.50
2011.06.27 13:56:27.841,1.36513,1.36536,1.50,1.50
2011.06.27 13:56:28.172,1.36508,1.36539,3.75,1.50
2011.06.27 13:56:28.282,1.36508,1.36538,3.75,1.50
2011.06.27 13:56:28.830,1.36507,1.36538,4.50,1.50
2011.06.27 13:56:29.731,1.3651,1.36538,1.50,1.50
2011.06.27 13:56:30.280,1.36513,1.36539,1.35,1.50
2011.06.27 13:56:30.611,1.36513,1.36539,1.35,1.50
2011.06.27 13:56:31.431,1.36513,1.36539,1.35,1.50
2011.06.27 13:56:31.761,1.36519,1.36545,1.35,1.50
2011.06.27 13:56:31.980,1.36519,1.36545,1.35,1.50
2011.06.27 13:56:32.713,1.36519,1.36545,1.35,1.50
2011.06.27 13:56:33.041,1.36518,1.36545,1.50,1.50
2011.06.27 13:56:33.371,1.3652,1.36545,3.75,1.50
2011.06.27 13:56:33.595,1.3652,1.36544,3.75,1.35
2011.06.27 13:56:33.825,1.36521,1.36547,4.50,5.10
2011.06.27 13:56:33.941,1.36521,1.36547,3.75,1.50
2011.06.27 13:56:34.051,1.3652,1.36548,1.50,3.75
2011.06.27 13:56:34.742,1.36521,1.36549,1.50,3.75
2011.06.27 13:56:34.962,1.36521,1.36543,1.50,3.00
2011.06.27 13:56:35.292,1.3652,1.36541,1.50,1.35
2011.06.27 13:56:35.841,1.36516,1.36541,1.50,1.35
2011.06.27 13:56:36.613,1.36518,1.36544,1.50,1.35
2011.06.27 13:56:36.722,1.36518,1.36546,1.50,5.25
2011.06.27 13:56:36.834,1.36515,1.36542,1.50,2.25
2011.06.27 13:56:37.162,1.36513,1.36539,3.75,1.50
2011.06.27 13:56:37.491,1.36509,1.36539,1.13,1.50
2011.06.27 13:56:37.823,1.36511,1.36542,1.50,1.50
2011.06.27 13:56:38.632,1.36516,1.36537,1.50,1.35
2011.06.27 13:56:39.071,1.36516,1.36542,1.50,2.10
2011.06.27 13:56:39.400,1.36516,1.36536,1.50,1.35
2011.06.27 13:56:39.746,1.36516,1.36536,1.50,1.35
2011.06.27 13:56:40.195,1.36514,1.36528,3.75,1.35
2011.06.27 13:56:40.313,1.36511,1.36528,1.50,1.35
2011.06.27 13:56:40.423,1.36501,1.36526,1.50,1.35
2011.06.27 13:56:40.532,1.36501,1.36529,1.35,4.50
2011.06.27 13:56:40.641,1.36501,1.36529,1.35,1.50
2011.06.27 13:56:40.972,1.365,1.36523,3.75,1.35
2011.06.27 13:56:41.084,1.36502,1.36526,3.75,1.50
2011.06.27 13:56:42.248,1.365,1.36526,3.75,2.16
2011.06.27 13:56:42.815,1.36501,1.36526,1.35,2.16
2011.06.27 13:56:43.144,1.36501,1.36526,1.35,2.91
2011.06.27 13:56:43.482,1.36515,1.36526,2.10,2.16
2011.06.27 13:56:43.815,1.36508,1.36526,1.13,1.35
2011.06.27 13:56:44.044,1.36504,1.3653,2.10,4.50
2011.06.27 13:56:44.162,1.36504,1.3653,2.85,4.50
2011.06.27 13:56:44.382,1.36503,1.3653,1.35,4.50
2011.06.27 13:56:44.934,1.36503,1.36527,1.50,1.50
2011.06.27 13:56:45.301,1.365,1.36526,1.50,1.50
2011.06.27 13:56:45.759,1.36497,1.36522,3.75,1.50
2011.06.27 13:56:45.876,1.36497,1.36522,3.75,1.50
2011.06.27 13:56:46.106,1.36495,1.36516,1.88,1.35
2011.06.27 13:56:46.553,1.36495,1.36517,1.13,1.50
2011.06.27 13:56:46.663,1.36496,1.3652,1.13,2.25
2011.06.27 13:56:46.775,1.36496,1.36522,1.13,1.50
2011.06.27 13:56:46.892,1.36495,1.36523,1.73,2.25
2011.06.27 13:56:47.441,1.36496,1.36522,1.13,1.50
2011.06.27 13:56:47.992,1.36496,1.36523,1.13,3.00
2011.06.27 13:56:48.435,1.36498,1.36524,1.35,1.50
2011.06.27 13:56:48.773,1.36498,1.36525,2.10,1.50
2011.06.27 13:56:49.178,1.36498,1.36525,1.35,2.25
2011.06.27 13:56:49.403,1.36498,1.36525,2.10,1.50
2011.06.27 13:56:49.513,1.36498,1.36525,2.10,1.50
2011.06.27 13:56:50.062,1.36495,1.36515,1.13,1.35
2011.06.27 13:56:50.173,1.36488,1.36514,1.50,1.35
2011.06.27 13:56:50.395,1.36482,1.3651,1.50,3.75
2011.06.27 13:56:50.732,1.3648,1.36508,1.50,2.10
2011.06.27 13:56:51.061,1.3648,1.36508,1.50,2.10
2011.06.27 13:56:51.391,1.3648,1.36508,1.50,2.10
2011.06.27 13:56:52.241,1.3648,1.36505,1.50,1.35
2011.06.27 13:56:53.132,1.3648,1.36504,1.50,1.35
2011.06.27 13:56:53.461,1.36477,1.36504,1.50,1.35
2011.06.27 13:56:53.791,1.36477,1.36504,1.50,1.35
2011.06.27 13:56:54.212,1.36477,1.365,1.50,1.35
2011.06.27 13:56:54.651,1.36476,1.365,1.50,1.35
2011.06.27 13:56:54.762,1.36476,1.36501,1.50,1.35
2011.06.27 13:56:55.090,1.36476,1.36501,1.50,1.35
2011.06.27 13:56:55.642,1.36476,1.36501,1.50,1.35
2011.06.27 13:56:56.080,1.36476,1.36502,1.50,1.50
2011.06.27 13:56:56.523,1.3648,1.36502,1.35,1.50
2011.06.27 13:56:56.853,1.36477,1.36505,3.75,2.10
2011.06.27 13:56:57.096,1.36476,1.36505,4.50,2.10
2011.06.27 13:56:57.541,1.36476,1.36505,4.50,2.10
2011.06.27 13:56:57.762,1.36479,1.36505,1.35,1.50
2011.06.27 13:56:58.311,1.36476,1.36505,1.50,2.10
2011.06.27 13:56:58.423,1.36474,1.36503,1.50,1.50
2011.06.27 13:57:00.354,1.36477,1.36506,2.10,1.50
2011.06.27 13:57:00.901,1.36484,1.3651,1.50,1.50
2011.06.27 13:57:01.121,1.36483,1.36514,1.50,1.50
2011.06.27 13:57:01.452,1.36483,1.36513,1.50,1.50
2011.06.27 13:57:01.672,1.36483,1.36513,1.50,4.50
2011.06.27 13:57:02.001,1.36486,1.36509,1.50,2.10
2011.06.27 13:57:02.607,1.36479,1.36505,1.50,5.10
2011.06.27 13:57:02.941,1.36479,1.36505,1.50,5.10
2011.06.27 13:57:03.163,1.36479,1.36505,1.50,4.35
2011.06.27 13:57:03.491,1.36483,1.36511,1.50,1.50
2011.06.27 13:57:03.941,1.36482,1.36513,1.50,1.50
2011.06.27 13:57:04.751,1.36487,1.36514,1.50,1.50
2011.06.27 13:57:04.971,1.36486,1.36515,1.50,1.50
2011.06.27 13:57:05.191,1.3649,1.36515,3.00,1.50
2011.06.27 13:57:05.520,1.3649,1.36515,3.75,1.50
2011.06.27 13:57:05.961,1.36492,1.36517,1.35,1.50
2011.06.27 13:57:06.072,1.36492,1.36517,1.35,1.50
2011.06.27 13:57:06.511,1.36492,1.36517,1.35,1.50
2011.06.27 13:57:06.732,1.36492,1.36517,1.35,1.50
2011.06.27 13:57:07.502,1.36485,1.36512,1.50,3.75
2011.06.27 13:57:07.903,1.36483,1.36511,1.35,1.50
2011.06.27 13:57:08.341,1.36483,1.3651,1.35,1.50
2011.06.27 13:57:08.671,1.36483,1.36511,1.35,4.50
2011.06.27 13:57:09.001,1.36483,1.36513,1.35,1.35
2011.06.27 13:57:09.442,1.36483,1.36513,1.35,1.35
2011.06.27 13:57:09.554,1.36486,1.36513,1.50,2.10
2011.06.27 13:57:10.101,1.36483,1.36509,2.10,1.50
2011.06.27 13:57:10.652,1.36483,1.36509,5.10,1.50
2011.06.27 13:57:10.871,1.36483,1.36511,5.10,1.50
2011.06.27 13:57:11.091,1.36488,1.36517,1.35,3.75
2011.06.27 13:57:11.311,1.36488,1.36517,1.35,1.50
2011.06.27 13:57:11.766,1.36491,1.36519,1.50,1.50
2011.06.27 13:57:12.795,1.36488,1.36517,3.00,1.50
2011.06.27 13:57:13.352,1.36484,1.36512,1.35,1.50
2011.06.27 13:57:13.463,1.36484,1.36511,1.35,1.50
2011.06.27 13:57:13.904,1.36488,1.36511,3.60,1.50
2011.06.27 13:57:14.205,1.36491,1.36522,1.50,1.35
2011.06.27 13:57:15.133,1.36496,1.36522,1.35,1.50
2011.06.27 13:57:15.249,1.36496,1.36526,1.35,2.85
2011.06.27 13:57:15.585,1.36495,1.36515,1.50,3.60
2011.06.27 13:57:15.702,1.36485,1.36511,1.50,2.10
2011.06.27 13:57:15.814,1.36482,1.36511,1.50,2.10
2011.06.27 13:57:16.690,1.36482,1.3651,2.10,1.50
2011.06.27 13:57:17.111,1.36482,1.36512,2.10,2.10
2011.06.27 13:57:17.351,1.36487,1.36513,1.50,1.35
2011.06.27 13:57:17.791,1.36487,1.36513,1.50,1.35
2011.06.27 13:57:18.411,1.36487,1.36513,1.50,1.35
2011.06.27 13:57:18.995,1.36487,1.36512,1.50,1.35
2011.06.27 13:57:19.334,1.36483,1.36509,1.50,1.50
2011.06.27 13:57:19.772,1.36482,1.36509,4.35,1.50
2011.06.27 13:57:19.884,1.36482,1.36505,4.35,1.50
2011.06.27 13:57:20.321,1.36474,1.36503,2.10,1.50
2011.06.27 13:57:20.432,1.36474,1.36503,2.48,1.50
2011.06.27 13:57:20.981,1.36474,1.36503,1.35,1.50
2011.06.27 13:57:21.738,1.36473,1.36499,1.35,1.50
2011.06.27 13:57:21.857,1.36474,1.36501,2.10,1.50
2011.06.27 13:57:21.972,1.36475,1.36502,1.35,1.50
2011.06.27 13:57:22.541,1.36475,1.36502,1.35,1.50
2011.06.27 13:57:22.653,1.36478,1.36508,4.35,1.35
2011.06.27 13:57:22.761,1.36481,1.36508,3.75,1.35
2011.06.27 13:57:23.092,1.36478,1.36508,1.35,1.35
2011.06.27 13:57:23.532,1.36473,1.36499,3.75,1.35
2011.06.27 13:57:23.641,1.36471,1.36499,1.50,1.35
2011.06.27 13:57:24.190,1.36469,1.36499,1.35,1.35
2011.06.27 13:57:24.721,1.36469,1.36499,1.35,1.35
2011.06.27 13:57:25.270,1.36469,1.36499,1.35,1.35
2011.06.27 13:57:26.316,1.36472,1.365,1.35,1.50
2011.06.27 13:57:26.875,1.36472,1.365,1.35,1.50
2011.06.27 13:57:27.103,1.36473,1.36497,1.35,3.75
2011.06.27 13:57:27.320,1.36474,1.36502,1.35,3.75
2011.06.27 13:57:27.651,1.36479,1.36503,3.60,1.50
2011.06.27 13:57:27.874,1.36479,1.36503,3.60,1.50
2011.06.27 13:57:28.090,1.36479,1.36507,4.35,1.50
2011.06.27 13:57:28.750,1.36479,1.36507,3.60,1.50
2011.06.27 13:57:29.080,1.36479,1.36508,4.35,1.50
2011.06.27 13:57:29.630,1.36478,1.36505,1.35,1.50
2011.06.27 13:57:30.199,1.36473,1.36503,4.35,1.35
2011.06.27 13:57:30.643,1.36476,1.36496,5.25,1.50
2011.06.27 13:57:30.971,1.36479,1.36496,1.35,1.50
2011.06.27 13:57:31.080,1.36475,1.36496,3.75,1.50
2011.06.27 13:57:31.190,1.36475,1.36496,3.00,1.50
2011.06.27 13:57:31.411,1.3647,1.36496,1.35,1.50
2011.06.27 13:57:31.631,1.3647,1.36496,1.35,1.50
2011.06.27 13:57:31.742,1.36474,1.36497,3.00,1.50
2011.06.27 13:57:31.852,1.36473,1.36497,3.60,1.50
2011.06.27 13:57:32.291,1.36473,1.36496,3.75,1.50
2011.06.27 13:57:32.511,1.36474,1.36496,1.35,1.50
2011.06.27 13:57:33.062,1.36475,1.36497,3.75,1.50
2011.06.27 13:57:33.391,1.36474,1.36497,1.35,1.50
2011.06.27 13:57:33.724,1.36474,1.36496,4.35,1.50
2011.06.27 13:57:34.711,1.36474,1.36497,1.35,1.50
2011.06.27 13:57:35.901,1.36474,1.36497,1.35,1.50
2011.06.27 13:57:36.451,1.36473,1.36497,3.60,1.50
2011.06.27 13:57:36.892,1.36474,1.36497,1.35,1.50
2011.06.27 13:57:37.224,1.3648,1.36497,1.50,1.50
2011.06.27 13:57:37.512,1.36473,1.36496,2.25,1.50
2011.06.27 13:57:37.628,1.36473,1.36496,2.25,1.50
2011.06.27 13:57:38.072,1.36472,1.36497,3.75,1.50
2011.06.27 13:57:39.250,1.36472,1.36496,3.75,1.50
2011.06.27 13:57:39.910,1.36475,1.36497,1.35,1.50
2011.06.27 13:57:40.739,1.36472,1.36496,4.50,1.50
2011.06.27 13:57:40.854,1.36477,1.36496,3.00,1.50
2011.06.27 13:57:41.183,1.36474,1.36497,3.75,1.50
2011.06.27 13:57:41.291,1.36474,1.36497,3.75,1.50
2011.06.27 13:57:41.608,1.36471,1.36496,4.35,1.50
2011.06.27 13:57:41.723,1.36467,1.36495,3.00,1.50
2011.06.27 13:57:41.831,1.36464,1.36493,5.10,1.50
2011.06.27 13:57:42.161,1.36464,1.36493,1.50,2.10
2011.06.27 13:57:42.495,1.36467,1.36496,4.35,1.50
2011.06.27 13:57:42.722,1.36464,1.36492,3.75,1.35
2011.06.27 13:57:43.053,1.3647,1.36494,3.00,1.50
2011.06.27 13:57:43.601,1.36468,1.36495,3.75,1.35
2011.06.27 13:57:43.713,1.36468,1.36495,3.75,1.35
2011.06.27 13:57:44.292,1.36464,1.36491,1.50,1.35
2011.06.27 13:57:44.512,1.36466,1.36496,1.35,1.50
2011.06.27 13:57:44.731,1.36466,1.36496,1.35,1.50
2011.06.27 13:57:45.061,1.3647,1.36496,1.35,1.50
2011.06.27 13:57:45.282,1.36467,1.36496,3.75,2.10
2011.06.27 13:57:45.613,1.36471,1.36497,1.35,4.50
2011.06.27 13:57:46.164,1.36469,1.36496,3.75,1.50
2011.06.27 13:57:46.381,1.36469,1.36497,3.75,1.50
2011.06.27 13:57:46.711,1.36472,1.36497,2.10,1.50
2011.06.27 13:57:46.931,1.36474,1.36497,1.35,1.50
2011.06.27 13:57:47.381,1.36479,1.36497,1.35,1.50
2011.06.27 13:57:47.711,1.36473,1.36497,1.35,1.50
2011.06.27 13:57:48.500,1.36473,1.36496,1.35,1.50
2011.06.27 13:57:49.055,1.36478,1.36497,1.35,1.50
2011.06.27 13:57:49.173,1.36475,1.36497,3.00,1.50
2011.06.27 13:57:49.283,1.36473,1.36497,1.35,1.50
2011.06.27 13:57:49.611,1.36475,1.36498,2.25,1.50
2011.06.27 13:57:50.321,1.36472,1.36496,3.00,1.50
2011.06.27 13:57:50.562,1.36472,1.36496,3.75,1.50
2011.06.27 13:57:51.621,1.36473,1.36498,2.25,1.50
2011.06.27 13:57:51.732,1.36474,1.36497,3.75,1.50
2011.06.27 13:57:52.281,1.36483,1.36497,1.35,1.50
2011.06.27 13:57:52.611,1.36479,1.36497,1.50,1.50
2011.06.27 13:57:53.180,1.36479,1.36497,1.50,1.50
2011.06.27 13:57:53.850,1.36479,1.36497,3.00,1.50
2011.06.27 13:57:54.422,1.36479,1.36498,3.75,1.50
2011.06.27 13:57:54.970,1.36478,1.36496,3.00,1.50
2011.06.27 13:57:55.300,1.36472,1.36496,3.60,1.50
2011.06.27 13:57:57.470,1.36479,1.36496,3.00,1.50
2011.06.27 13:57:57.800,1.36473,1.36496,4.35,1.50
2011.06.27 13:57:58.381,1.36477,1.36496,1.35,1.50
2011.06.27 13:57:59.502,1.36475,1.36497,3.75,1.50
2011.06.27 13:57:59.941,1.36473,1.36496,3.75,1.50
2011.06.27 13:58:00.379,1.36473,1.36497,3.75,1.50
2011.06.27 13:58:01.910,1.36476,1.36497,1.35,1.50
2011.06.27 13:58:03.431,1.36476,1.36497,1.35,1.50
2011.06.27 13:58:03.543,1.36476,1.36497,1.35,1.50
2011.06.27 13:58:03.871,1.36481,1.36496,1.13,1.50
2011.06.27 13:58:04.200,1.36486,1.36497,3.75,1.50
2011.06.27 13:58:04.749,1.36486,1.36496,3.00,1.50
2011.06.27 13:58:05.471,1.36486,1.36506,5.10,2.10
2011.06.27 13:58:07.221,1.36486,1.36506,3.00,2.10
2011.06.27 13:58:07.440,1.36485,1.36497,3.60,1.50
2011.06.27 13:58:08.092,1.3648,1.36497,5.25,1.50
2011.06.27 13:58:08.640,1.3648,1.36496,3.00,1.50
2011.06.27 13:58:11.092,1.36481,1.36496,3.00,1.50
2011.06.27 13:58:11.532,1.36482,1.36498,3.60,1.50
2011.06.27 13:58:11.863,1.36479,1.36497,3.75,1.50
2011.06.27 13:58:12.479,1.36479,1.36497,3.75,1.50
2011.06.27 13:58:16.782,1.36475,1.36497,3.00,1.50
2011.06.27 13:58:17.002,1.36475,1.36497,3.00,1.50
2011.06.27 13:58:17.112,1.36472,1.36496,5.63,1.50
2011.06.27 13:58:17.222,1.36472,1.36496,5.63,1.50
2011.06.27 13:58:18.390,1.36472,1.36496,3.75,1.50
2011.06.27 13:58:19.320,1.36472,1.36496,3.75,1.50
2011.06.27 13:58:19.760,1.36469,1.36497,1.35,1.50
2011.06.27 13:58:20.311,1.36469,1.36496,1.35,2.25
2011.06.27 13:58:20.750,1.36469,1.36496,1.35,2.25
2011.06.27 13:58:21.353,1.36469,1.36496,1.35,2.25
2011.06.27 13:58:21.738,1.36469,1.36496,1.35,2.25
2011.06.27 13:58:22.580,1.36469,1.36496,1.35,1.50
2011.06.27 13:58:22.800,1.36466,1.36494,3.75,1.50
2011.06.27 13:58:23.133,1.36461,1.36488,1.50,1.35
2011.06.27 13:58:23.351,1.36458,1.36487,3.75,1.50
2011.06.27 13:58:24.791,1.3646,1.36487,1.73,1.50
2011.06.27 13:58:25.011,1.36465,1.36491,1.35,1.50
2011.06.27 13:58:25.341,1.36463,1.36491,4.50,1.50
2011.06.27 13:58:26.270,1.36458,1.36485,1.50,1.35
2011.06.27 13:58:26.600,1.36457,1.36482,1.50,3.75
2011.06.27 13:58:26.932,1.36455,1.36481,1.35,1.13
2011.06.27 13:58:27.151,1.3645,1.36478,1.50,1.35
2011.06.27 13:58:27.264,1.36452,1.36483,1.35,1.50
2011.06.27 13:58:27.701,1.36453,1.36483,4.88,4.50
2011.06.27 13:58:27.813,1.36453,1.36483,4.88,1.50
2011.06.27 13:58:28.583,1.36459,1.36483,2.10,1.50
2011.06.27 13:58:28.802,1.36462,1.36488,2.10,1.50
2011.06.27 13:58:29.352,1.36463,1.36488,1.35,1.50
2011.06.27 13:58:29.572,1.36463,1.36488,1.35,1.50
2011.06.27 13:58:29.791,1.36462,1.36488,2.10,1.50
2011.06.27 13:58:30.762,1.36466,1.36488,3.00,1.50
2011.06.27 13:58:31.312,1.36462,1.36488,1.13,1.35
2011.06.27 13:58:31.531,1.36461,1.36488,1.50,1.73
2011.06.27 13:58:32.082,1.36462,1.36487,1.50,1.50
2011.06.27 13:58:32.635,1.36458,1.36484,1.35,1.50
2011.06.27 13:58:33.111,1.36464,1.36489,1.35,1.50
2011.06.27 13:58:34.023,1.36462,1.36491,1.50,1.35
2011.06.27 13:58:34.131,1.36462,1.36491,1.50,1.35
2011.06.27 13:58:34.244,1.36462,1.36491,1.50,1.35
2011.06.27 13:58:34.581,1.36461,1.36489,2.10,1.50
2011.06.27 13:58:35.023,1.36463,1.36489,3.60,1.50
2011.06.27 13:58:35.133,1.36463,1.36489,1.50,1.50
2011.06.27 13:58:36.070,1.36465,1.36491,1.50,1.50
2011.06.27 13:58:36.398,1.36467,1.36492,1.50,1.50
2011.06.27 13:58:36.726,1.3647,1.36492,3.60,1.50
2011.06.27 13:58:36.843,1.3647,1.36492,3.60,1.50
2011.06.27 13:58:37.282,1.36471,1.36496,4.35,1.50
2011.06.27 13:58:37.611,1.36471,1.36496,4.35,1.50
2011.06.27 13:58:37.941,1.36473,1.36496,2.10,1.50
2011.06.27 13:58:38.823,1.36474,1.36496,3.75,1.50
2011.06.27 13:58:39.041,1.36473,1.36496,3.75,1.50
2011.06.27 13:58:39.263,1.36473,1.36496,3.75,1.50
2011.06.27 13:58:39.701,1.36475,1.36497,1.50,1.50
2011.06.27 13:58:40.246,1.36486,1.36496,1.35,1.50
2011.06.27 13:58:40.364,1.36485,1.36496,1.35,1.50
2011.06.27 13:58:40.474,1.36497,1.36506,3.75,2.03
2011.06.27 13:58:40.802,1.36492,1.36506,1.50,1.70
2011.06.27 13:58:40.911,1.36489,1.36502,3.75,1.19
2011.06.27 13:58:41.241,1.36489,1.36518,1.50,2.10
2011.06.27 13:58:41.461,1.36489,1.36516,1.50,1.50
2011.06.27 13:58:41.792,1.36489,1.36517,4.50,1.50
2011.06.27 13:58:42.340,1.36487,1.36514,1.50,1.50
2011.06.27 13:58:44.250,1.36493,1.36514,2.48,1.50
2011.06.27 13:58:44.585,1.36489,1.36513,3.75,1.35
2011.06.27 13:58:44.813,1.36488,1.36516,1.50,1.13
2011.06.27 13:58:45.035,1.36485,1.36515,2.10,1.35
2011.06.27 13:58:45.264,1.36484,1.36512,1.50,1.35
2011.06.27 13:58:45.701,1.36481,1.36509,1.50,1.35
2011.06.27 13:58:46.032,1.36481,1.36509,1.50,1.35
2011.06.27 13:58:46.362,1.36482,1.3651,5.25,2.10
2011.06.27 13:58:46.690,1.36487,1.36515,3.75,1.50
2011.06.27 13:58:46.911,1.3649,1.36516,1.50,2.25
2011.06.27 13:58:47.840,1.3649,1.36516,1.50,2.25
2011.06.27 13:58:48.511,1.3649,1.36516,1.50,1.50
2011.06.27 13:58:48.732,1.36493,1.36516,1.13,1.50
2011.06.27 13:58:49.061,1.36494,1.36519,3.75,1.35
2011.06.27 13:58:51.150,1.36499,1.3652,1.50,1.35
2011.06.27 13:58:52.752,1.36504,1.36525,3.00,1.35
2011.06.27 13:58:52.861,1.36506,1.36527,4.50,1.92
2011.06.27 13:58:53.081,1.36506,1.36529,1.50,2.10
2011.06.27 13:58:53.340,1.36507,1.36536,3.75,1.50
2011.06.27 13:58:53.456,1.36508,1.36534,1.50,1.50
2011.06.27 13:58:53.901,1.36507,1.36534,1.50,1.50
2011.06.27 13:58:54.013,1.36506,1.36532,3.75,1.50
2011.06.27 13:58:54.453,1.36505,1.36528,1.13,1.50
2011.06.27 13:58:55.002,1.36501,1.36528,1.50,1.50
2011.06.27 13:58:55.332,1.36498,1.36528,1.50,1.50
2011.06.27 13:58:55.554,1.36495,1.36522,1.50,1.35
2011.06.27 13:58:55.880,1.36495,1.36522,1.50,1.35
2011.06.27 13:58:57.232,1.36499,1.36522,3.00,1.35
2011.06.27 13:58:57.566,1.36501,1.36524,1.50,1.35
2011.06.27 13:58:57.866,1.36501,1.36524,1.50,1.35
2011.06.27 13:58:58.762,1.36501,1.36524,1.50,1.35
2011.06.27 13:58:58.982,1.36501,1.36527,1.50,1.35
2011.06.27 13:58:59.312,1.36501,1.36527,1.50,1.35
2011.06.27 13:58:59.423,1.36498,1.36527,1.50,1.35
2011.06.27 13:58:59.537,1.36497,1.36525,1.50,1.50
2011.06.27 13:58:59.653,1.365,1.36525,3.00,1.50
2011.06.27 13:58:59.871,1.365,1.36527,3.75,1.35
2011.06.27 13:59:00.204,1.36502,1.36528,1.88,1.35
2011.06.27 13:59:00.312,1.36502,1.3653,1.13,1.50
2011.06.27 13:59:00.421,1.36505,1.3653,1.13,1.50
2011.06.27 13:59:00.863,1.36506,1.36534,1.50,4.50
2011.06.27 13:59:01.192,1.36506,1.36536,1.50,1.50
2011.06.27 13:59:01.762,1.36506,1.36532,1.50,1.50
2011.06.27 13:59:03.012,1.36507,1.36532,3.00,1.50
2011.06.27 13:59:03.233,1.36514,1.36538,1.50,3.75
2011.06.27 13:59:04.222,1.36513,1.36541,4.50,1.50
2011.06.27 13:59:05.494,1.36513,1.36535,3.75,1.35
2011.06.27 13:59:06.035,1.36513,1.36533,4.50,1.35
2011.06.27 13:59:06.153,1.3651,1.36533,1.50,1.35
2011.06.27 13:59:06.813,1.36509,1.36533,1.50,1.35
2011.06.27 13:59:07.032,1.36509,1.36533,2.25,1.35
2011.06.27 13:59:07.362,1.36512,1.36534,1.50,1.35
2011.06.27 13:59:07.581,1.36512,1.36534,1.50,1.35
2011.06.27 13:59:07.691,1.36511,1.36534,1.50,1.35
2011.06.27 13:59:07.911,1.36512,1.36534,1.50,1.35
2011.06.27 13:59:08.262,1.36511,1.36534,1.50,1.35
2011.06.27 13:59:08.701,1.36503,1.36533,1.50,2.25
2011.06.27 13:59:08.921,1.36502,1.36532,2.25,1.50
2011.06.27 13:59:09.031,1.36502,1.3653,2.25,1.50
2011.06.27 13:59:09.456,1.36503,1.3653,1.50,1.50
2011.06.27 13:59:09.581,1.36503,1.3653,1.50,1.50
2011.06.27 13:59:09.910,1.36507,1.36534,1.50,4.50
2011.06.27 13:59:10.131,1.36507,1.36534,1.50,4.50
2011.06.27 13:59:10.461,1.36507,1.36534,1.50,1.50
2011.06.27 13:59:10.791,1.36509,1.36534,3.00,1.50
2011.06.27 13:59:11.120,1.36505,1.36534,4.88,1.50
2011.06.27 13:59:11.451,1.36509,1.36534,1.13,1.50
2011.06.27 13:59:11.671,1.36516,1.36538,3.00,1.35
2011.06.27 13:59:11.783,1.36511,1.36538,4.50,1.35
2011.06.27 13:59:11.892,1.36511,1.36538,3.75,1.35
2011.06.27 13:59:12.223,1.36505,1.36528,1.50,1.35
2011.06.27 13:59:12.332,1.36504,1.36528,1.50,1.35
2011.06.27 13:59:12.441,1.36498,1.36528,4.13,1.35
2011.06.27 13:59:12.551,1.365,1.36528,3.75,1.35
2011.06.27 13:59:12.771,1.36501,1.36532,1.13,4.50
2011.06.27 13:59:13.100,1.3651,1.36536,3.00,1.50
2011.06.27 13:59:13.527,1.36512,1.36538,3.00,1.50
2011.06.27 13:59:13.644,1.3651,1.36539,3.00,1.50
2011.06.27 13:59:14.193,1.36509,1.36539,4.50,1.50
2011.06.27 13:59:14.302,1.36513,1.36539,3.00,1.50
2011.06.27 13:59:14.962,1.36513,1.36538,3.75,1.50
2011.06.27 13:59:15.293,1.36517,1.36541,3.75,2.25
2011.06.27 13:59:15.512,1.36521,1.36543,3.00,1.35
2011.06.27 13:59:15.621,1.36517,1.36543,1.50,1.35
2011.06.27 13:59:15.733,1.36517,1.36543,3.75,1.35
2011.06.27 13:59:16.064,1.36507,1.36531,1.13,1.50
2011.06.27 13:59:16.171,1.36502,1.36531,4.50,1.50
2011.06.27 13:59:16.564,1.36502,1.36531,3.75,1.50
2011.06.27 13:59:17.112,1.36501,1.36528,3.75,1.50
2011.06.27 13:59:17.226,1.36496,1.36522,3.38,1.50
2011.06.27 13:59:17.561,1.36499,1.36522,3.00,1.50
2011.06.27 13:59:17.783,1.36497,1.36522,3.00,6.00
2011.06.27 13:59:17.892,1.36494,1.36522,1.50,6.00
2011.06.27 13:59:18.113,1.36492,1.36517,1.50,4.50
2011.06.27 13:59:18.223,1.36487,1.36513,1.50,1.50
2011.06.27 13:59:18.333,1.36488,1.36512,1.13,1.50
2011.06.27 13:59:18.443,1.36488,1.36512,2.25,1.50
2011.06.27 13:59:18.663,1.36488,1.36515,1.50,1.50
2011.06.27 13:59:19.253,1.36489,1.36515,3.00,1.50
2011.06.27 13:59:19.365,1.36485,1.36507,1.50,1.35
2011.06.27 13:59:19.593,1.36476,1.365,3.75,1.35
2011.06.27 13:59:19.897,1.36483,1.36508,2.85,1.50
2011.06.27 13:59:20.122,1.36487,1.36511,1.35,1.50
2011.06.27 13:59:20.341,1.36486,1.36514,1.35,1.50
2011.06.27 13:59:20.671,1.36487,1.36515,2.10,1.50
2011.06.27 13:59:20.891,1.3649,1.36516,1.35,1.41
2011.06.27 13:59:21.441,1.36489,1.36517,1.13,2.25
2011.06.27 13:59:21.552,1.36489,1.36518,1.13,1.50
2011.06.27 13:59:21.881,1.36492,1.36518,1.50,1.50
2011.06.27 13:59:22.210,1.36492,1.36516,1.50,4.50
2011.06.27 13:59:22.540,1.36489,1.36517,1.13,4.50
2011.06.27 13:59:22.650,1.36489,1.36517,1.13,4.50
2011.06.27 13:59:22.760,1.36489,1.36517,1.13,4.50
2011.06.27 13:59:22.981,1.36489,1.36517,1.13,4.50
2011.06.27 13:59:23.510,1.36493,1.36517,1.88,4.50
2011.06.27 13:59:23.842,1.36494,1.36517,1.13,4.50
2011.06.27 13:59:24.282,1.36493,1.36516,1.13,4.50
2011.06.27 13:59:24.830,1.36493,1.36516,1.13,4.50
2011.06.27 13:59:25.170,1.36493,1.36516,1.13,4.50
2011.06.27 13:59:28.811,1.36493,1.36516,3.75,4.50
2011.06.27 13:59:29.033,1.36491,1.36517,3.00,4.50
2011.06.27 13:59:29.253,1.36486,1.3651,4.50,1.35
2011.06.27 13:59:29.474,1.36485,1.3651,3.75,2.10
2011.06.27 13:59:29.582,1.36482,1.36509,1.13,1.50
2011.06.27 13:59:29.694,1.36482,1.36509,1.50,1.50
2011.06.27 13:59:30.243,1.36486,1.36513,4.35,1.50
2011.06.27 13:59:30.351,1.36486,1.36513,4.35,1.50
2011.06.27 13:59:30.570,1.36486,1.36511,3.75,1.35
2011.06.27 13:59:31.134,1.36486,1.3651,1.50,1.50
2011.06.27 13:59:32.080,1.36483,1.3651,4.50,1.50
2011.06.27 13:59:32.630,1.36483,1.3651,3.75,1.50
2011.06.27 13:59:33.273,1.36483,1.3651,3.00,1.50
2011.06.27 13:59:33.382,1.36483,1.3651,3.75,1.50
2011.06.27 13:59:34.000,1.36483,1.3651,3.75,1.50
2011.06.27 13:59:34.142,1.36483,1.3651,3.00,1.50
2011.06.27 13:59:34.540,1.36486,1.3651,3.00,1.50
2011.06.27 13:59:34.760,1.36486,1.3651,3.00,1.50
2011.06.27 13:59:35.373,1.36482,1.3651,1.50,1.50
2011.06.27 13:59:35.592,1.36487,1.36504,3.00,1.50
2011.06.27 13:59:35.923,1.36485,1.36511,6.75,1.35
2011.06.27 13:59:36.032,1.36485,1.36512,4.50,1.50
2011.06.27 13:59:36.142,1.3649,1.36512,3.00,1.50
2011.06.27 13:59:36.581,1.36495,1.36517,3.00,5.25
2011.06.27 13:59:36.801,1.36495,1.36517,3.00,5.85
2011.06.27 13:59:37.362,1.36494,1.36517,3.38,5.85
2011.06.27 13:59:37.960,1.36494,1.36517,4.13,4.50
2011.06.27 13:59:38.181,1.36494,1.36517,4.13,4.50
2011.06.27 13:59:38.511,1.36496,1.36516,1.13,4.50
2011.06.27 13:59:38.732,1.36491,1.36515,3.75,1.35
2011.06.27 13:59:39.282,1.36494,1.36515,3.75,1.35
2011.06.27 13:59:40.441,1.36494,1.36516,3.75,4.50
2011.06.27 13:59:40.932,1.36493,1.36516,3.75,4.50
2011.06.27 13:59:41.481,1.36494,1.36516,3.75,4.50
2011.06.27 13:59:41.810,1.36494,1.36516,3.75,4.50
2011.06.27 13:59:42.251,1.36494,1.36516,3.75,4.50
2011.06.27 13:59:43.072,1.36494,1.36517,3.75,4.50
2011.06.27 13:59:43.731,1.36494,1.36517,3.75,4.50
2011.06.27 13:59:44.171,1.36494,1.36517,3.75,4.50
2011.06.27 13:59:44.940,1.36493,1.36517,3.75,4.50
2011.06.27 13:59:46.431,1.36493,1.36517,3.75,4.50
2011.06.27 13:59:47.033,1.36495,1.36517,3.00,4.50
2011.06.27 13:59:48.172,1.36494,1.36517,1.13,4.50
2011.06.27 13:59:48.570,1.36498,1.36516,2.25,4.50
2011.06.27 13:59:48.684,1.365,1.36516,1.50,4.50
2011.06.27 13:59:48.794,1.36505,1.36517,1.13,3.75
2011.06.27 13:59:49.121,1.36499,1.36517,3.38,3.71
2011.06.27 13:59:49.341,1.36504,1.36516,1.88,3.71
2011.06.27 13:59:49.560,1.36504,1.36516,1.88,3.71
2011.06.27 13:59:50.111,1.36498,1.36516,3.00,3.71
2011.06.27 13:59:50.220,1.36498,1.36516,3.75,3.71
2011.06.27 13:59:50.441,1.36498,1.36516,3.75,3.71
2011.06.27 13:59:50.660,1.36498,1.36516,3.75,3.71
2011.06.27 13:59:50.992,1.36506,1.36517,3.00,2.96
2011.06.27 13:59:51.101,1.36504,1.36517,3.00,2.96
2011.06.27 13:59:51.212,1.36497,1.36516,1.13,3.71
2011.06.27 13:59:51.431,1.36493,1.36516,3.75,3.71
2011.06.27 13:59:51.872,1.36493,1.36516,3.75,3.71
2011.06.27 13:59:52.483,1.36493,1.36517,3.75,3.71
2011.06.27 13:59:52.592,1.36491,1.36517,1.13,3.71
2011.06.27 13:59:52.703,1.36491,1.36516,3.23,3.71
2011.06.27 13:59:52.921,1.36492,1.36517,4.73,3.71
2011.06.27 13:59:53.033,1.36496,1.36516,3.60,3.71
2011.06.27 13:59:53.363,1.36506,1.36517,3.00,2.96
2011.06.27 13:59:53.472,1.36506,1.36517,3.00,3.71
2011.06.27 13:59:53.582,1.36503,1.36516,3.00,3.71
2011.06.27 13:59:53.694,1.36503,1.36516,3.00,3.71
2011.06.27 13:59:54.021,1.36501,1.36517,3.75,3.71
2011.06.27 13:59:55.061,1.36501,1.36516,3.75,3.16
2011.06.27 13:59:55.611,1.36501,1.36516,3.75,3.16
2011.06.27 13:59:57.612,1.36501,1.36517,3.75,3.16
2011.06.27 13:59:58.261,1.36501,1.36516,3.75,3.16
2011.06.27 13:59:58.372,1.36493,1.36516,4.50,3.16
2011.06.27 13:59:58.481,1.36493,1.36517,4.50,3.16
2011.06.27 13:59:58.590,1.36493,1.36517,3.75,3.16
2011.06.27 13:59:58.812,1.3649,1.36516,3.38,1.50
2011.06.27 13:59:59.102,1.36486,1.36516,3.75,5.41
2011.06.27 13:59:59.323,1.3649,1.36516,1.13,3.00
2011.06.27 13:59:59.542,1.36492,1.36517,3.75,3.16
