2011.06.29 01:00:03.263,1.36093,1.36119,1.10,1.50
2011.06.29 01:00:03.704,1.36096,1.36123,1.10,1.35
2011.06.29 01:00:04.033,1.36094,1.36122,1.50,1.50
2011.06.29 01:00:04.363,1.36093,1.36122,1.10,1.50
2011.06.29 01:00:04.693,1.36094,1.3612,1.10,1.50
2011.06.29 01:00:05.025,1.36094,1.3612,1.10,2.25
2011.06.29 01:00:06.377,1.36094,1.3612,1.10,1.50
2011.06.29 01:00:06.828,1.36098,1.36122,1.10,1.50
2011.06.29 01:00:06.944,1.36095,1.36123,1.10,1.35
2011.06.29 01:00:08.574,1.36098,1.36123,1.10,1.35
2011.06.29 01:00:09.562,1.36098,1.36123,1.10,2.10
2011.06.29 01:00:13.589,1.361,1.36126,1.10,1.50
2011.06.29 01:00:13.706,1.361,1.36126,1.10,1.50
2011.06.29 01:00:14.257,1.361,1.36126,1.10,1.50
2011.06.29 01:00:14.926,1.36093,1.36117,1.10,1.50
2011.06.29 01:00:15.150,1.36093,1.36115,1.10,1.50
2011.06.29 01:00:15.594,1.3609,1.36115,1.10,1.50
2011.06.29 01:00:16.143,1.36094,1.36118,1.10,1.50
2011.06.29 01:00:16.475,1.36096,1.36124,1.50,1.50
2011.06.29 01:00:16.694,1.36093,1.36122,1.70,1.65
2011.06.29 01:00:16.803,1.36093,1.36122,1.70,2.40
2011.06.29 01:00:18.664,1.36096,1.36123,1.10,1.50
2011.06.29 01:00:19.212,1.36096,1.36122,1.10,1.50
2011.06.29 01:00:20.273,1.36096,1.3612,1.10,1.50
2011.06.29 01:00:20.934,1.36096,1.36117,1.10,1.65
2011.06.29 01:00:21.153,1.3609,1.36114,1.10,1.50
2011.06.29 01:00:25.394,1.3609,1.36116,1.10,1.50
2011.06.29 01:00:25.895,1.36091,1.36119,1.10,1.50
2011.06.29 01:00:26.814,1.3609,1.36117,1.85,1.50
2011.06.29 01:00:27.034,1.3609,1.36117,1.85,1.50
2011.06.29 01:00:27.473,1.36091,1.36117,1.10,2.40
2011.06.29 01:00:35.554,1.3609,1.36117,2.45,1.50
2011.06.29 01:00:36.104,1.36093,1.36117,1.10,1.50
2011.06.29 01:00:36.564,1.36093,1.36117,1.10,1.50
2011.06.29 01:00:36.895,1.36093,1.36117,1.10,1.50
2011.06.29 01:00:37.226,1.36096,1.36122,1.85,3.75
2011.06.29 01:00:37.334,1.36096,1.36122,1.10,2.10
2011.06.29 01:00:38.103,1.36098,1.36122,1.10,2.10
2011.06.29 01:00:38.325,1.36098,1.36122,1.10,2.10
2011.06.29 01:00:38.546,1.36098,1.36122,1.10,2.10
2011.06.29 01:00:39.541,1.36098,1.36122,1.10,1.35
2011.06.29 01:00:40.065,1.36098,1.36122,1.10,2.10
2011.06.29 01:00:40.663,1.36098,1.36123,1.10,1.50
2011.06.29 01:00:40.993,1.36102,1.36126,1.10,1.50
2011.06.29 01:00:41.543,1.36103,1.36126,1.50,1.50
2011.06.29 01:00:42.955,1.36105,1.36129,1.10,1.88
2011.06.29 01:00:43.174,1.36103,1.36127,1.10,2.40
2011.06.29 01:00:44.375,1.36103,1.36127,1.10,2.40
2011.06.29 01:00:54.374,1.36103,1.36129,1.10,3.15
2011.06.29 01:00:55.292,1.36103,1.36129,1.85,3.15
2011.06.29 01:00:55.733,1.36107,1.3613,1.10,1.35
2011.06.29 01:00:59.756,1.36107,1.3613,1.85,1.35
2011.06.29 01:01:00.302,1.36107,1.36134,1.10,1.50
2011.06.29 01:01:00.853,1.36105,1.3613,1.10,1.50
2011.06.29 01:01:01.294,1.36104,1.3613,1.10,1.50
2011.06.29 01:01:01.512,1.36104,1.3613,1.10,1.50
2011.06.29 01:01:10.313,1.36099,1.36126,1.10,1.50
2011.06.29 01:01:11.412,1.36102,1.36128,1.10,1.50
2011.06.29 01:01:13.635,1.361,1.36126,1.10,1.35
2011.06.29 01:01:13.744,1.36099,1.36126,1.85,2.10
2011.06.29 01:01:14.076,1.36092,1.36121,1.85,1.50
2011.06.29 01:01:14.576,1.36092,1.36121,1.85,1.50
2011.06.29 01:01:14.904,1.36096,1.36123,1.10,1.50
2011.06.29 01:01:15.235,1.36111,1.36134,1.50,1.50
2011.06.29 01:01:15.344,1.36111,1.36136,1.85,2.10
2011.06.29 01:01:15.674,1.36111,1.36136,1.10,2.10
2011.06.29 01:01:16.004,1.36111,1.36138,1.85,1.50
2011.06.29 01:01:19.656,1.36116,1.36142,1.70,1.50
2011.06.29 01:01:19.986,1.36113,1.36143,1.10,2.10
2011.06.29 01:01:20.315,1.3611,1.36135,1.10,1.50
2011.06.29 01:01:20.425,1.36109,1.36135,1.70,1.50
2011.06.29 01:01:21.105,1.36108,1.36137,2.07,1.50
2011.06.29 01:01:21.214,1.36112,1.3614,1.10,1.13
2011.06.29 01:01:21.434,1.36112,1.36137,1.10,1.35
2011.06.29 01:01:21.762,1.36112,1.36137,1.10,2.10
2011.06.29 01:01:22.092,1.36112,1.36137,1.10,2.10
2011.06.29 01:01:23.213,1.36112,1.36137,1.10,2.48
2011.06.29 01:01:23.544,1.36108,1.36135,1.10,1.50
2011.06.29 01:01:23.653,1.36108,1.36136,1.10,2.25
2011.06.29 01:01:24.124,1.36108,1.36135,1.10,1.50
2011.06.29 01:01:24.674,1.36104,1.3613,1.10,1.35
2011.06.29 01:01:24.783,1.36105,1.3613,1.10,2.10
2011.06.29 01:01:27.772,1.36104,1.3613,1.85,2.10
2011.06.29 01:01:28.649,1.36106,1.3613,1.10,2.10
2011.06.29 01:01:29.992,1.36105,1.3613,1.10,2.10
2011.06.29 01:01:31.213,1.36107,1.3613,1.10,1.35
2011.06.29 01:01:31.435,1.36109,1.36135,1.10,1.50
2011.06.29 01:01:31.763,1.36108,1.36135,1.10,1.50
2011.06.29 01:01:33.735,1.36108,1.36135,1.70,1.50
2011.06.29 01:01:34.064,1.36111,1.36135,1.35,1.50
2011.06.29 01:01:34.393,1.36111,1.36135,1.35,1.50
2011.06.29 01:01:34.614,1.36111,1.36135,1.35,1.50
2011.06.29 01:01:35.625,1.36108,1.36135,1.70,1.50
2011.06.29 01:01:37.754,1.36102,1.36127,1.10,1.50
2011.06.29 01:01:38.083,1.361,1.36127,1.10,1.50
2011.06.29 01:01:38.414,1.36101,1.36127,1.70,1.50
2011.06.29 01:01:38.643,1.36101,1.36127,1.70,1.50
2011.06.29 01:01:39.336,1.361,1.36127,3.20,1.50
2011.06.29 01:01:39.883,1.361,1.36129,4.85,1.50
2011.06.29 01:01:40.545,1.36101,1.36128,1.85,1.50
2011.06.29 01:01:41.393,1.361,1.3613,1.70,2.25
2011.06.29 01:01:47.644,1.36103,1.36127,1.70,1.50
2011.06.29 01:01:48.414,1.36101,1.36127,1.70,1.50
2011.06.29 01:01:49.072,1.36103,1.36127,1.70,1.50
2011.06.29 01:01:50.236,1.361,1.36127,1.10,1.50
2011.06.29 01:01:50.453,1.36104,1.36131,1.10,1.88
2011.06.29 01:01:50.564,1.36104,1.36131,1.10,1.88
2011.06.29 01:01:50.786,1.36106,1.36131,1.35,1.50
2011.06.29 01:01:52.023,1.36104,1.36131,1.70,1.50
2011.06.29 01:01:52.353,1.36104,1.36131,2.45,1.50
2011.06.29 01:01:52.463,1.36105,1.36131,1.70,1.50
2011.06.29 01:01:52.685,1.36106,1.36129,1.35,1.88
2011.06.29 01:01:53.123,1.36101,1.36128,1.85,1.50
2011.06.29 01:01:55.204,1.36101,1.36128,1.70,1.50
2011.06.29 01:01:55.883,1.36101,1.36128,1.85,1.50
2011.06.29 01:01:56.433,1.36102,1.36128,1.10,1.50
2011.06.29 01:01:56.874,1.36102,1.36128,1.10,1.50
2011.06.29 01:01:57.205,1.36105,1.36129,1.10,1.13
2011.06.29 01:01:57.753,1.36105,1.36131,1.10,1.50
2011.06.29 01:01:58.084,1.36105,1.36131,1.10,1.50
2011.06.29 01:01:58.923,1.36105,1.36131,1.10,1.50
2011.06.29 01:01:59.473,1.36107,1.36131,1.35,1.50
2011.06.29 01:01:59.695,1.36107,1.36132,2.10,1.50
2011.06.29 01:01:59.805,1.36109,1.36136,1.10,1.50
2011.06.29 01:02:01.304,1.36109,1.36138,1.10,1.13
2011.06.29 01:02:02.775,1.36114,1.36138,1.10,1.50
2011.06.29 01:02:02.993,1.36114,1.36138,1.10,1.50
2011.06.29 01:02:04.176,1.36117,1.36138,1.10,1.50
2011.06.29 01:02:04.724,1.36114,1.36138,1.10,1.50
2011.06.29 01:02:05.273,1.36116,1.36142,1.35,1.88
2011.06.29 01:02:05.384,1.36117,1.36142,1.70,1.50
2011.06.29 01:02:05.934,1.36117,1.36146,1.10,1.50
2011.06.29 01:02:06.373,1.36119,1.36146,1.32,1.50
2011.06.29 01:02:06.703,1.36122,1.36147,1.70,1.50
2011.06.29 01:02:06.813,1.36121,1.36147,2.45,1.50
2011.06.29 01:02:07.363,1.36122,1.36147,1.10,1.50
2011.06.29 01:02:07.760,1.36123,1.36151,1.10,1.50
2011.06.29 01:02:10.903,1.36125,1.36151,1.10,1.50
2011.06.29 01:02:11.743,1.36125,1.36151,1.10,1.50
2011.06.29 01:02:11.883,1.36125,1.36151,1.10,1.50
2011.06.29 01:02:15.026,1.36128,1.36152,1.35,1.50
2011.06.29 01:02:15.245,1.36126,1.36153,1.10,1.50
2011.06.29 01:02:16.030,1.36127,1.36153,1.10,1.50
2011.06.29 01:02:18.915,1.36125,1.36151,1.70,1.50
2011.06.29 01:02:19.026,1.36123,1.3615,1.70,1.50
2011.06.29 01:02:19.355,1.36119,1.36143,1.35,1.50
2011.06.29 01:02:19.464,1.36118,1.36143,1.35,1.50
2011.06.29 01:02:19.684,1.36123,1.36144,1.70,1.50
2011.06.29 01:02:19.794,1.36127,1.36151,1.70,1.50
2011.06.29 01:02:20.125,1.36125,1.36151,1.10,1.50
2011.06.29 01:02:20.344,1.36121,1.36145,1.70,1.50
2011.06.29 01:02:20.894,1.36118,1.36145,1.70,1.50
2011.06.29 01:02:21.834,1.36116,1.36142,1.10,1.50
2011.06.29 01:02:22.177,1.36116,1.36142,1.10,1.50
2011.06.29 01:02:22.504,1.36116,1.36142,1.10,1.50
2011.06.29 01:02:22.834,1.36118,1.36142,1.50,1.50
2011.06.29 01:02:27.104,1.3612,1.36147,1.47,1.50
2011.06.29 01:02:27.213,1.3612,1.36146,1.47,1.50
2011.06.29 01:02:28.635,1.3612,1.36146,1.47,1.50
2011.06.29 01:02:28.963,1.36124,1.36148,2.75,1.50
2011.06.29 01:02:29.292,1.36124,1.36152,2.75,1.50
2011.06.29 01:02:30.018,1.36124,1.36152,2.75,1.50
2011.06.29 01:02:30.354,1.36122,1.36147,1.50,1.50
2011.06.29 01:02:30.576,1.3612,1.36147,1.10,1.50
2011.06.29 01:02:31.198,1.36118,1.36141,1.50,1.50
2011.06.29 01:02:35.246,1.36117,1.36139,1.10,1.88
2011.06.29 01:02:35.577,1.36101,1.36127,1.50,1.35
2011.06.29 01:02:35.695,1.36099,1.36123,1.10,1.35
2011.06.29 01:02:36.284,1.36095,1.36119,1.10,1.50
2011.06.29 01:02:39.285,1.36101,1.36125,1.10,1.50
2011.06.29 01:02:39.503,1.36101,1.36125,1.10,1.50
2011.06.29 01:02:41.174,1.36101,1.36125,1.10,1.50
2011.06.29 01:02:41.504,1.36103,1.36129,1.10,2.10
2011.06.29 01:02:47.003,1.36108,1.3613,1.10,1.35
2011.06.29 01:02:49.445,1.36108,1.36135,1.10,2.25
2011.06.29 01:02:50.194,1.36108,1.36133,1.10,1.50
2011.06.29 01:02:51.743,1.36111,1.36136,1.10,2.10
2011.06.29 01:02:52.293,1.36111,1.36135,1.10,1.50
2011.06.29 01:02:52.650,1.36108,1.36134,1.50,1.50
2011.06.29 01:02:52.767,1.36107,1.36131,1.10,1.50
2011.06.29 01:02:53.214,1.36107,1.3613,1.10,1.35
2011.06.29 01:02:53.543,1.36105,1.36129,1.50,1.50
2011.06.29 01:02:58.295,1.36105,1.36129,1.10,1.50
2011.06.29 01:02:58.624,1.36105,1.3613,1.10,1.35
2011.06.29 01:02:59.639,1.36105,1.3613,1.85,1.35
2011.06.29 01:03:01.585,1.36107,1.36132,1.10,1.50
2011.06.29 01:03:01.913,1.36107,1.36129,1.10,1.13
2011.06.29 01:03:02.134,1.36105,1.36127,1.10,2.78
2011.06.29 01:03:02.245,1.36102,1.36126,1.10,1.50
2011.06.29 01:03:02.574,1.36102,1.36126,1.10,1.88
2011.06.29 01:03:02.683,1.36102,1.36126,1.10,3.15
2011.06.29 01:03:03.124,1.36097,1.36123,1.10,1.50
2011.06.29 01:03:03.343,1.36097,1.36121,1.10,1.50
2011.06.29 01:03:03.958,1.361,1.36126,1.10,2.40
2011.06.29 01:03:04.075,1.361,1.36126,1.10,1.50
2011.06.29 01:03:04.403,1.361,1.36128,1.10,2.25
2011.06.29 01:03:04.845,1.361,1.36127,1.10,1.50
2011.06.29 01:03:05.285,1.36103,1.36131,1.10,1.50
2011.06.29 01:03:05.613,1.36103,1.36129,1.10,1.50
2011.06.29 01:03:08.163,1.36103,1.36129,1.10,1.50
2011.06.29 01:03:08.383,1.36103,1.36129,1.10,1.50
2011.06.29 01:03:11.213,1.36103,1.36129,1.10,1.50
2011.06.29 01:03:11.613,1.36103,1.36129,1.10,1.50
2011.06.29 01:03:12.494,1.36103,1.36129,1.10,1.50
2011.06.29 01:03:13.113,1.36103,1.3613,1.10,1.50
2011.06.29 01:03:13.497,1.36103,1.36129,1.10,1.73
2011.06.29 01:03:13.618,1.361,1.36125,1.10,1.73
2011.06.29 01:03:15.564,1.36095,1.36122,1.10,1.50
2011.06.29 01:03:15.783,1.36096,1.36122,2.40,1.50
2011.06.29 01:03:16.735,1.36101,1.36126,1.10,1.50
2011.06.29 01:03:17.284,1.36102,1.36127,1.10,1.50
2011.06.29 01:03:17.394,1.36102,1.36126,1.10,1.50
2011.06.29 01:03:18.073,1.36102,1.36126,1.10,1.50
2011.06.29 01:03:18.403,1.361,1.36124,1.10,1.35
2011.06.29 01:03:18.513,1.36102,1.36124,1.10,1.35
2011.06.29 01:03:18.953,1.36102,1.36126,1.10,1.13
2011.06.29 01:03:19.285,1.36104,1.36131,1.10,1.50
2011.06.29 01:03:19.832,1.36104,1.3613,1.10,1.50
2011.06.29 01:03:19.943,1.36104,1.3613,1.10,1.50
2011.06.29 01:03:20.383,1.36104,1.3613,1.10,1.50
2011.06.29 01:03:20.603,1.36104,1.3613,1.10,1.50
2011.06.29 01:03:28.974,1.36104,1.3613,1.10,1.50
2011.06.29 01:03:33.704,1.36104,1.3613,1.10,1.50
2011.06.29 01:03:35.144,1.36103,1.3613,1.10,1.50
2011.06.29 01:03:35.472,1.36102,1.3613,1.10,1.50
2011.06.29 01:03:36.855,1.36102,1.3613,1.10,1.50
2011.06.29 01:03:36.963,1.36101,1.36127,1.85,1.50
2011.06.29 01:03:37.184,1.36099,1.36129,1.10,1.50
2011.06.29 01:03:37.295,1.3611,1.36131,1.35,1.50
2011.06.29 01:03:37.406,1.3611,1.36133,1.35,1.50
2011.06.29 01:03:37.735,1.36108,1.36137,1.10,2.10
2011.06.29 01:03:37.952,1.36108,1.36137,1.10,3.75
2011.06.29 01:03:38.613,1.36107,1.36135,1.10,1.50
2011.06.29 01:03:38.944,1.36103,1.36124,1.50,1.88
2011.06.29 01:03:39.164,1.36095,1.36124,1.85,3.53
2011.06.29 01:03:39.273,1.36095,1.36124,1.10,3.53
2011.06.29 01:03:39.383,1.36095,1.36124,1.10,3.53
2011.06.29 01:03:40.323,1.36095,1.36124,1.10,3.15
2011.06.29 01:03:41.119,1.36095,1.36123,1.10,2.40
2011.06.29 01:03:42.143,1.36096,1.36123,1.35,2.40
2011.06.29 01:03:42.363,1.36099,1.36123,1.35,2.40
2011.06.29 01:03:42.916,1.36101,1.36127,1.10,1.50
2011.06.29 01:03:45.247,1.36105,1.36128,1.50,1.50
2011.06.29 01:03:45.363,1.36106,1.36132,1.10,1.50
2011.06.29 01:03:45.474,1.36105,1.36132,2.45,1.50
2011.06.29 01:03:45.695,1.36107,1.36136,1.10,3.15
2011.06.29 01:03:45.962,1.36107,1.36136,1.10,3.15
2011.06.29 01:03:46.514,1.36109,1.36136,1.10,3.15
2011.06.29 01:03:47.063,1.36109,1.36136,1.10,1.50
2011.06.29 01:03:47.174,1.3611,1.36135,1.10,2.40
2011.06.29 01:03:47.764,1.36106,1.36132,1.85,1.50
2011.06.29 01:03:48.924,1.36106,1.36132,1.10,1.50
2011.06.29 01:03:49.704,1.36106,1.36132,1.10,1.50
2011.06.29 01:03:50.903,1.36106,1.36132,1.85,1.50
2011.06.29 01:03:51.484,1.36107,1.36132,1.10,1.50
2011.06.29 01:03:52.072,1.36107,1.36136,1.10,1.50
2011.06.29 01:03:54.713,1.36108,1.36136,1.50,1.50
2011.06.29 01:03:54.824,1.36113,1.36137,2.78,2.25
2011.06.29 01:03:55.373,1.36119,1.36143,1.10,1.50
2011.06.29 01:03:55.923,1.36112,1.36138,1.10,2.40
2011.06.29 01:03:57.320,1.36109,1.36135,1.10,1.50
2011.06.29 01:03:58.216,1.36108,1.36135,1.85,1.50
2011.06.29 01:03:58.844,1.36109,1.36135,1.70,1.50
2011.06.29 01:03:59.063,1.36111,1.36139,2.45,1.50
2011.06.29 01:03:59.613,1.36111,1.36139,1.70,1.50
2011.06.29 01:04:00.303,1.36111,1.36141,1.70,1.50
2011.06.29 01:04:09.004,1.36114,1.36142,2.07,1.50
2011.06.29 01:04:09.334,1.36119,1.36146,1.10,1.50
2011.06.29 01:04:09.662,1.36118,1.36146,1.10,1.50
2011.06.29 01:04:10.212,1.36118,1.36146,1.85,1.50
2011.06.29 01:04:10.762,1.36119,1.36146,1.10,1.50
2011.06.29 01:04:11.993,1.36119,1.36146,1.47,1.50
2011.06.29 01:04:12.214,1.36122,1.36149,1.10,1.50
2011.06.29 01:04:12.435,1.36122,1.36146,1.10,1.35
2011.06.29 01:04:12.655,1.36118,1.36144,1.10,2.40
2011.06.29 01:04:12.764,1.36118,1.36144,1.10,2.40
2011.06.29 01:04:13.093,1.36118,1.36144,1.10,2.40
2011.06.29 01:04:13.423,1.36115,1.36142,1.10,1.50
2011.06.29 01:04:15.033,1.36125,1.36142,1.10,1.50
2011.06.29 01:04:17.855,1.36125,1.36142,1.10,1.50
2011.06.29 01:04:22.375,1.3613,1.36146,1.10,2.10
2011.06.29 01:04:23.395,1.3613,1.36146,1.85,1.50
2011.06.29 01:04:23.505,1.3613,1.36146,1.47,1.50
2011.06.29 01:04:23.615,1.3613,1.36153,1.13,1.73
2011.06.29 01:04:23.723,1.3613,1.36153,1.13,2.48
2011.06.29 01:04:24.283,1.36132,1.36153,1.13,2.48
2011.06.29 01:04:24.844,1.36132,1.36144,1.13,1.35
2011.06.29 01:04:25.284,1.36131,1.36144,1.10,1.35
2011.06.29 01:04:29.883,1.36131,1.36146,1.10,1.35
2011.06.29 01:04:30.322,1.3613,1.36146,1.10,1.35
2011.06.29 01:04:30.435,1.36132,1.36151,1.10,2.10
2011.06.29 01:04:30.763,1.3613,1.36145,1.10,1.50
2011.06.29 01:04:31.423,1.36128,1.36146,1.10,1.50
2011.06.29 01:04:31.756,1.36126,1.36146,1.10,1.50
2011.06.29 01:04:32.634,1.36128,1.36146,1.10,2.10
2011.06.29 01:04:32.966,1.36111,1.36142,4.25,1.13
2011.06.29 01:04:33.074,1.36111,1.36142,4.25,1.13
2011.06.29 01:04:33.403,1.36119,1.36142,1.10,1.13
2011.06.29 01:04:34.175,1.36125,1.36142,1.13,1.88
2011.06.29 01:04:35.104,1.36127,1.36145,1.10,1.50
2011.06.29 01:04:35.763,1.36126,1.36145,1.10,1.50
2011.06.29 01:04:36.796,1.36125,1.36144,1.10,1.13
2011.06.29 01:04:37.125,1.36126,1.36145,1.10,1.50
2011.06.29 01:04:38.725,1.36126,1.36146,1.10,1.50
2011.06.29 01:04:39.273,1.36126,1.36145,1.10,1.50
2011.06.29 01:04:42.624,1.36126,1.36145,1.85,1.50
2011.06.29 01:04:43.276,1.36128,1.3615,1.47,1.50
2011.06.29 01:04:44.157,1.36128,1.36151,1.10,1.50
2011.06.29 01:04:44.603,1.36128,1.36152,1.10,1.13
2011.06.29 01:04:45.373,1.36128,1.36152,1.10,1.13
2011.06.29 01:04:45.706,1.36129,1.36157,1.10,1.50
2011.06.29 01:04:46.143,1.36136,1.36162,1.10,2.10
2011.06.29 01:04:46.473,1.36139,1.36161,1.10,1.50
2011.06.29 01:04:46.953,1.36138,1.36153,1.10,1.35
2011.06.29 01:04:47.064,1.36134,1.36153,1.10,1.35
2011.06.29 01:04:47.284,1.36131,1.36153,1.10,1.35
2011.06.29 01:04:47.615,1.36131,1.36154,1.70,1.50
2011.06.29 01:04:47.725,1.36136,1.36159,1.10,1.50
2011.06.29 01:04:47.835,1.36136,1.36159,1.10,1.50
2011.06.29 01:04:48.534,1.36136,1.36159,1.10,1.50
2011.06.29 01:04:51.403,1.36136,1.36159,1.10,1.50
2011.06.29 01:04:52.062,1.36136,1.36159,1.10,1.50
2011.06.29 01:04:52.506,1.36135,1.36155,1.10,1.35
2011.06.29 01:04:53.052,1.36136,1.36155,1.10,1.35
2011.06.29 01:04:56.223,1.36134,1.36159,1.10,1.50
2011.06.29 01:04:57.021,1.36134,1.36159,1.10,1.50
2011.06.29 01:04:57.574,1.36134,1.3616,1.10,1.50
2011.06.29 01:04:57.684,1.36134,1.3616,1.10,1.50
2011.06.29 01:04:57.794,1.36136,1.36159,1.10,1.50
2011.06.29 01:04:58.925,1.36136,1.36159,1.10,1.50
2011.06.29 01:05:03.103,1.36136,1.36159,1.10,1.50
2011.06.29 01:05:03.327,1.36136,1.36159,1.10,1.50
2011.06.29 01:05:04.723,1.36136,1.36159,1.10,1.50
2011.06.29 01:05:05.381,1.36136,1.36159,1.10,1.50
2011.06.29 01:05:07.044,1.36136,1.36159,1.10,1.50
2011.06.29 01:05:09.043,1.36136,1.36159,1.10,1.50
2011.06.29 01:05:13.993,1.36132,1.36155,1.10,1.50
2011.06.29 01:05:16.635,1.36134,1.36155,2.75,1.50
2011.06.29 01:05:16.965,1.36139,1.36158,2.40,1.50
2011.06.29 01:05:17.074,1.36139,1.3616,2.40,1.50
2011.06.29 01:05:17.296,1.3614,1.36162,1.10,1.50
2011.06.29 01:05:17.845,1.36138,1.36162,1.10,1.50
2011.06.29 01:05:17.954,1.36137,1.3616,2.75,1.50
2011.06.29 01:05:18.506,1.36137,1.36159,2.00,1.50
2011.06.29 01:05:18.834,1.36134,1.36155,1.10,1.50
2011.06.29 01:05:19.337,1.36133,1.36152,1.10,1.50
2011.06.29 01:05:19.883,1.36131,1.3615,1.10,1.50
2011.06.29 01:05:22.214,1.36128,1.36147,1.10,1.50
2011.06.29 01:05:22.323,1.36126,1.36147,1.10,1.50
2011.06.29 01:05:22.436,1.36123,1.36142,1.10,1.50
2011.06.29 01:05:22.544,1.36121,1.36142,1.10,1.50
2011.06.29 01:05:23.094,1.36121,1.36139,1.85,1.50
2011.06.29 01:05:23.315,1.36119,1.36139,1.10,1.50
2011.06.29 01:05:25.955,1.36126,1.3614,2.40,1.50
2011.06.29 01:05:26.287,1.36126,1.36143,2.40,1.50
2011.06.29 01:05:26.515,1.36124,1.36146,1.10,1.50
2011.06.29 01:05:26.845,1.36127,1.36146,2.40,1.50
2011.06.29 01:05:26.954,1.36127,1.36146,2.40,1.50
2011.06.29 01:05:27.064,1.36126,1.36146,2.75,1.50
2011.06.29 01:05:28.773,1.36131,1.36149,1.10,1.50
2011.06.29 01:05:33.724,1.36132,1.36149,1.35,1.50
2011.06.29 01:05:33.944,1.36132,1.36154,2.45,1.50
2011.06.29 01:05:34.493,1.36133,1.36154,1.10,1.50
2011.06.29 01:05:34.603,1.36132,1.36154,1.10,1.50
2011.06.29 01:05:35.085,1.36129,1.3615,1.10,1.50
2011.06.29 01:05:38.748,1.36125,1.36148,1.10,1.50
2011.06.29 01:05:39.884,1.36127,1.36148,2.75,1.50
2011.06.29 01:05:45.543,1.36127,1.36148,1.10,1.50
2011.06.29 01:05:46.215,1.36131,1.3615,1.10,1.50
2011.06.29 01:05:47.764,1.36131,1.3615,1.10,1.50
2011.06.29 01:05:49.595,1.36129,1.3615,1.10,1.88
2011.06.29 01:05:49.707,1.36126,1.36147,1.10,1.50
2011.06.29 01:05:49.937,1.36123,1.36145,1.10,1.13
2011.06.29 01:05:50.265,1.36125,1.36151,1.10,1.50
2011.06.29 01:05:50.815,1.3613,1.3615,1.10,1.13
2011.06.29 01:05:51.144,1.36127,1.36149,1.85,1.50
2011.06.29 01:05:51.254,1.3613,1.3615,1.10,1.13
2011.06.29 01:05:51.474,1.36128,1.36149,1.10,1.50
2011.06.29 01:05:51.694,1.3613,1.36149,1.10,1.13
2011.06.29 01:05:52.024,1.36128,1.36149,1.10,1.88
2011.06.29 01:05:53.155,1.3613,1.36152,1.10,1.50
2011.06.29 01:05:53.373,1.3613,1.36151,1.10,1.50
2011.06.29 01:05:53.813,1.36129,1.36152,1.10,1.50
2011.06.29 01:05:54.744,1.36129,1.36152,1.10,1.13
2011.06.29 01:05:55.326,1.36128,1.36149,1.50,1.13
2011.06.29 01:05:55.875,1.36127,1.36149,1.10,1.13
2011.06.29 01:05:58.795,1.36126,1.3615,1.10,1.88
2011.06.29 01:05:59.124,1.36129,1.3615,1.10,1.13
2011.06.29 01:05:59.638,1.36129,1.36149,1.10,1.13
2011.06.29 01:06:00.314,1.36129,1.36152,1.10,1.13
2011.06.29 01:06:00.644,1.36124,1.36146,1.10,1.13
2011.06.29 01:06:00.754,1.36121,1.36146,1.10,1.88
2011.06.29 01:06:00.863,1.36119,1.36146,1.85,1.13
2011.06.29 01:06:02.383,1.36119,1.36144,1.85,1.50
2011.06.29 01:06:03.614,1.36121,1.36144,1.10,1.50
2011.06.29 01:06:03.834,1.36121,1.36144,1.10,1.50
2011.06.29 01:06:04.383,1.36121,1.36144,1.10,1.50
2011.06.29 01:06:04.603,1.36121,1.36144,1.10,1.50
2011.06.29 01:06:07.413,1.36121,1.36143,1.10,1.50
2011.06.29 01:06:07.963,1.36121,1.36144,1.10,1.50
2011.06.29 01:06:08.073,1.36121,1.36144,1.10,1.50
2011.06.29 01:06:09.910,1.36121,1.36144,1.10,1.50
2011.06.29 01:06:11.374,1.36121,1.36144,1.10,1.50
2011.06.29 01:06:13.210,1.36121,1.36144,1.10,1.50
2011.06.29 01:06:13.944,1.36121,1.36144,1.10,1.50
2011.06.29 01:06:15.449,1.3612,1.36144,1.10,1.50
2011.06.29 01:06:16.604,1.36116,1.36136,1.10,1.50
2011.06.29 01:06:17.373,1.36116,1.36136,1.10,1.50
2011.06.29 01:06:19.314,1.36116,1.36136,1.10,1.50
2011.06.29 01:06:19.801,1.36113,1.36132,1.10,1.50
2011.06.29 01:06:20.026,1.36117,1.36136,1.10,1.50
2011.06.29 01:06:20.134,1.36117,1.36137,1.10,1.50
2011.06.29 01:06:20.794,1.36117,1.36137,1.10,1.50
2011.06.29 01:06:21.464,1.36118,1.3614,1.10,1.50
2011.06.29 01:06:21.574,1.36118,1.36142,1.10,1.50
2011.06.29 01:06:21.683,1.3612,1.36144,1.10,1.88
2011.06.29 01:06:22.864,1.3612,1.36146,1.10,1.35
2011.06.29 01:06:23.413,1.36122,1.36149,1.85,1.35
2011.06.29 01:06:29.734,1.36122,1.36149,1.85,1.73
2011.06.29 01:06:32.046,1.36124,1.3615,1.10,2.10
2011.06.29 01:06:33.476,1.36124,1.3615,1.10,1.73
2011.06.29 01:06:33.587,1.36124,1.3615,1.10,1.13
2011.06.29 01:06:33.926,1.36122,1.36148,1.85,1.13
2011.06.29 01:06:36.703,1.36123,1.36148,1.10,1.13
2011.06.29 01:06:37.354,1.36122,1.3615,1.85,1.50
2011.06.29 01:06:37.683,1.36124,1.3615,1.10,1.50
2011.06.29 01:06:38.266,1.36122,1.36144,1.10,1.13
2011.06.29 01:06:38.486,1.36123,1.36147,1.50,1.50
2011.06.29 01:06:38.879,1.3612,1.36143,1.70,1.50
2011.06.29 01:06:39.233,1.3612,1.36143,1.70,1.50
2011.06.29 01:06:41.206,1.3612,1.36144,1.70,2.25
2011.06.29 01:06:41.773,1.3612,1.36143,1.70,1.50
2011.06.29 01:06:43.164,1.36119,1.36142,1.50,1.50
2011.06.29 01:06:43.494,1.36118,1.36144,2.75,1.50
2011.06.29 01:06:43.714,1.36118,1.36142,1.10,1.50
2011.06.29 01:06:45.333,1.36118,1.36142,1.10,1.50
2011.06.29 01:06:45.444,1.36118,1.36142,1.10,1.50
2011.06.29 01:06:49.283,1.36118,1.36142,1.10,1.50
2011.06.29 01:06:51.865,1.36122,1.36146,1.70,1.50
2011.06.29 01:06:51.973,1.36122,1.36146,1.70,1.50
2011.06.29 01:06:53.804,1.36122,1.36146,1.70,1.50
2011.06.29 01:06:54.134,1.36122,1.36146,1.70,1.50
2011.06.29 01:06:55.645,1.36118,1.3614,1.10,1.35
2011.06.29 01:06:55.974,1.36115,1.3614,1.10,1.35
2011.06.29 01:06:56.307,1.36113,1.3614,1.50,1.35
2011.06.29 01:06:58.243,1.3612,1.36143,1.10,1.50
2011.06.29 01:06:58.793,1.3612,1.36143,1.10,1.88
2011.06.29 01:07:15.764,1.3612,1.36146,1.10,1.50
2011.06.29 01:07:15.874,1.3612,1.36146,1.10,1.50
2011.06.29 01:07:16.517,1.3612,1.36146,1.10,1.50
2011.06.29 01:07:17.195,1.3612,1.36146,1.10,1.50
2011.06.29 01:07:17.634,1.36117,1.36144,1.50,1.50
2011.06.29 01:07:17.746,1.36116,1.36142,2.40,1.50
2011.06.29 01:07:21.246,1.36119,1.36144,1.10,1.50
2011.06.29 01:07:22.748,1.36126,1.36144,1.35,1.50
2011.06.29 01:07:22.868,1.36128,1.36152,1.10,1.50
2011.06.29 01:07:22.986,1.3613,1.36152,1.65,1.50
2011.06.29 01:07:23.097,1.36125,1.36151,1.47,1.50
2011.06.29 01:07:23.425,1.36125,1.36149,1.10,1.13
2011.06.29 01:07:23.533,1.36124,1.36149,1.10,1.88
2011.06.29 01:07:23.864,1.36125,1.36149,1.10,1.88
2011.06.29 01:07:26.314,1.3612,1.36144,3.35,1.88
2011.06.29 01:07:27.946,1.36129,1.36144,1.13,1.50
2011.06.29 01:07:28.166,1.36133,1.36156,2.40,1.50
2011.06.29 01:07:28.275,1.36131,1.36156,1.10,1.50
2011.06.29 01:07:28.386,1.36132,1.36157,1.10,1.50
2011.06.29 01:07:28.495,1.36133,1.36158,2.40,1.50
2011.06.29 01:07:28.854,1.36134,1.3616,1.85,2.10
2011.06.29 01:07:30.215,1.36128,1.36152,1.10,1.50
2011.06.29 01:07:31.995,1.36129,1.36152,1.10,1.50
2011.06.29 01:07:32.326,1.36129,1.36152,2.75,1.50
2011.06.29 01:07:32.545,1.36133,1.36157,1.10,2.25
2011.06.29 01:07:32.985,1.36136,1.36159,1.10,1.50
2011.06.29 01:07:35.795,1.36136,1.36158,1.10,1.50
2011.06.29 01:07:36.125,1.36133,1.36155,1.10,1.50
2011.06.29 01:07:36.454,1.36128,1.36155,1.10,2.63
2011.06.29 01:07:37.096,1.36128,1.36152,1.10,1.50
2011.06.29 01:07:37.884,1.36126,1.36148,2.75,1.50
2011.06.29 01:07:38.374,1.36126,1.36148,2.75,1.50
2011.06.29 01:07:38.866,1.36137,1.3615,1.10,1.13
2011.06.29 01:07:39.195,1.36141,1.36164,1.10,1.50
2011.06.29 01:07:39.525,1.36143,1.36166,1.10,1.50
2011.06.29 01:07:39.634,1.36144,1.36167,1.10,1.88
2011.06.29 01:07:39.854,1.36142,1.36166,1.10,1.13
2011.06.29 01:07:40.190,1.36142,1.36166,1.10,1.88
2011.06.29 01:07:40.526,1.36139,1.36163,1.65,1.50
2011.06.29 01:07:41.283,1.36137,1.36163,1.10,1.50
2011.06.29 01:07:43.094,1.36136,1.36161,1.85,1.50
2011.06.29 01:07:43.313,1.36137,1.36163,1.10,1.50
2011.06.29 01:07:51.663,1.36136,1.36163,1.85,1.50
2011.06.29 01:07:52.324,1.36135,1.3616,1.10,1.50
2011.06.29 01:07:53.085,1.36136,1.3616,1.10,1.50
2011.06.29 01:07:53.524,1.36136,1.36163,1.10,1.50
2011.06.29 01:07:53.856,1.36137,1.36163,1.10,1.50
2011.06.29 01:07:57.659,1.36148,1.36163,2.40,1.50
2011.06.29 01:07:57.779,1.36151,1.36174,1.10,1.50
2011.06.29 01:07:58.007,1.36148,1.36171,1.85,1.13
2011.06.29 01:07:58.115,1.36148,1.3617,1.10,1.50
2011.06.29 01:07:58.884,1.36144,1.36167,1.10,1.50
2011.06.29 01:07:59.104,1.36138,1.36165,1.10,1.35
2011.06.29 01:08:00.004,1.36138,1.36165,1.10,2.10
2011.06.29 01:08:00.554,1.36136,1.36162,1.10,1.50
2011.06.29 01:08:00.885,1.36136,1.36158,1.10,1.35
2011.06.29 01:08:01.104,1.36137,1.36162,1.10,2.10
2011.06.29 01:08:01.544,1.36135,1.36158,1.10,1.35
2011.06.29 01:08:01.763,1.36135,1.36161,1.10,1.35
2011.06.29 01:08:01.985,1.36135,1.36163,1.10,2.25
2011.06.29 01:08:03.553,1.36136,1.36163,1.10,2.25
2011.06.29 01:08:11.884,1.36136,1.36159,1.85,1.50
2011.06.29 01:08:15.605,1.3614,1.36159,1.65,1.50
2011.06.29 01:08:15.828,1.3615,1.3617,1.10,1.50
2011.06.29 01:08:15.947,1.3615,1.3617,1.10,1.50
2011.06.29 01:08:16.166,1.36152,1.36173,1.50,1.13
2011.06.29 01:08:16.276,1.36153,1.36177,1.10,1.50
2011.06.29 01:08:16.388,1.36153,1.36175,1.10,1.50
2011.06.29 01:08:16.616,1.36155,1.36175,1.10,1.50
2011.06.29 01:08:17.166,1.36153,1.36175,1.10,1.50
2011.06.29 01:08:17.716,1.36148,1.3617,1.10,1.50
2011.06.29 01:08:17.933,1.36146,1.3617,1.85,1.35
2011.06.29 01:08:18.380,1.36148,1.36171,1.10,1.50
2011.06.29 01:08:18.715,1.36149,1.36167,1.10,1.13
2011.06.29 01:08:18.935,1.36142,1.3616,1.10,1.50
2011.06.29 01:08:19.274,1.36137,1.36157,1.50,1.50
2011.06.29 01:08:19.383,1.36136,1.36157,1.47,1.50
2011.06.29 01:08:19.603,1.36136,1.36157,1.47,1.50
2011.06.29 01:08:19.974,1.36136,1.36157,1.47,1.50
2011.06.29 01:08:20.416,1.36134,1.36155,1.47,1.50
2011.06.29 01:08:20.966,1.36135,1.36155,1.70,1.50
2011.06.29 01:08:21.077,1.36141,1.36165,1.10,1.50
2011.06.29 01:08:21.295,1.36143,1.36166,1.10,1.50
2011.06.29 01:08:21.405,1.36143,1.36165,1.10,1.50
2011.06.29 01:08:21.735,1.36145,1.36166,1.47,1.50
2011.06.29 01:08:21.844,1.36144,1.36168,2.97,1.50
2011.06.29 01:08:22.395,1.36147,1.36168,1.13,1.50
2011.06.29 01:08:23.963,1.36148,1.3617,1.13,1.50
2011.06.29 01:08:24.073,1.36148,1.3617,1.13,1.50
2011.06.29 01:08:24.515,1.36144,1.36169,1.47,1.13
2011.06.29 01:08:24.624,1.36144,1.36168,2.22,1.50
2011.06.29 01:08:24.844,1.36146,1.36168,1.10,1.50
2011.06.29 01:08:26.514,1.36145,1.36165,1.13,1.50
2011.06.29 01:08:26.849,1.36146,1.36165,1.13,1.50
2011.06.29 01:08:27.688,1.36146,1.36165,1.13,1.50
2011.06.29 01:08:28.137,1.36139,1.36164,1.85,1.13
2011.06.29 01:08:28.246,1.36139,1.36161,1.10,1.50
2011.06.29 01:08:28.865,1.36139,1.36161,1.10,1.50
2011.06.29 01:08:30.475,1.36143,1.36162,1.10,1.50
2011.06.29 01:08:30.583,1.36143,1.36165,1.10,2.25
2011.06.29 01:08:31.135,1.36146,1.36168,1.10,1.50
2011.06.29 01:08:31.356,1.36146,1.3617,1.10,1.50
2011.06.29 01:08:31.684,1.36146,1.36169,1.10,1.35
2011.06.29 01:08:32.015,1.36149,1.36167,1.10,1.35
2011.06.29 01:08:32.233,1.36146,1.36167,1.10,1.35
2011.06.29 01:08:35.089,1.36141,1.36163,1.47,1.50
2011.06.29 01:08:35.204,1.36141,1.36163,1.47,1.50
2011.06.29 01:08:35.545,1.36144,1.36163,1.13,1.50
2011.06.29 01:08:35.657,1.36144,1.36165,1.47,1.50
2011.06.29 01:08:35.974,1.36148,1.36167,1.10,1.35
2011.06.29 01:08:36.923,1.36147,1.36167,1.85,1.35
2011.06.29 01:08:41.084,1.36147,1.36167,1.85,1.35
2011.06.29 01:08:41.805,1.36147,1.36171,1.85,1.50
2011.06.29 01:08:41.916,1.3615,1.36174,1.85,2.25
2011.06.29 01:08:42.135,1.36156,1.36176,1.13,2.25
2011.06.29 01:08:42.465,1.36158,1.3618,2.22,1.50
2011.06.29 01:08:43.021,1.36157,1.3618,1.10,1.50
2011.06.29 01:08:44.143,1.36156,1.36178,1.10,1.50
2011.06.29 01:08:44.674,1.36156,1.3618,1.10,1.50
2011.06.29 01:08:49.095,1.3615,1.36174,1.10,1.35
2011.06.29 01:08:49.206,1.3615,1.36176,1.47,1.50
2011.06.29 01:08:49.314,1.36152,1.36176,1.13,1.50
2011.06.29 01:08:50.715,1.36152,1.36175,1.13,1.13
2011.06.29 01:08:50.825,1.36148,1.36169,1.50,1.88
2011.06.29 01:08:50.934,1.36141,1.36169,1.47,1.88
2011.06.29 01:08:51.504,1.36138,1.36159,1.13,1.50
2011.06.29 01:08:51.726,1.36137,1.36159,1.10,1.50
2011.06.29 01:08:52.274,1.36134,1.36159,2.22,1.50
2011.06.29 01:08:53.715,1.36138,1.36163,2.22,1.50
2011.06.29 01:08:54.254,1.36138,1.3616,1.47,1.13
2011.06.29 01:08:54.475,1.36138,1.3616,1.85,1.13
2011.06.29 01:08:54.695,1.36139,1.3616,1.10,1.73
2011.06.29 01:08:54.914,1.36134,1.36157,1.10,1.13
2011.06.29 01:08:55.355,1.36135,1.36159,1.13,1.35
2011.06.29 01:08:55.935,1.36139,1.36162,1.47,1.50
2011.06.29 01:08:56.066,1.36139,1.36163,1.10,1.50
2011.06.29 01:08:58.133,1.36139,1.36162,1.10,1.50
2011.06.29 01:08:59.239,1.36136,1.36159,1.10,1.35
2011.06.29 01:09:00.554,1.36136,1.36159,1.10,1.35
2011.06.29 01:09:03.138,1.36136,1.36159,1.10,1.35
2011.06.29 01:09:05.084,1.36135,1.36161,1.10,2.25
2011.06.29 01:09:08.206,1.36133,1.36156,1.50,1.50
2011.06.29 01:09:08.644,1.36132,1.36152,1.10,1.50
2011.06.29 01:09:10.804,1.36132,1.36152,1.10,1.50
2011.06.29 01:09:12.477,1.36138,1.36156,1.13,1.50
2011.06.29 01:09:12.597,1.36138,1.36156,1.13,1.50
2011.06.29 01:09:12.706,1.36138,1.36159,1.13,1.50
2011.06.29 01:09:12.814,1.36138,1.36159,1.13,1.50
2011.06.29 01:09:13.364,1.36138,1.36157,1.13,1.50
2011.06.29 01:09:14.573,1.36138,1.36155,1.13,1.50
2011.06.29 01:09:15.015,1.36142,1.36155,2.48,1.50
2011.06.29 01:09:15.234,1.36149,1.36166,1.13,2.25
2011.06.29 01:09:15.454,1.36152,1.36172,1.85,1.50
2011.06.29 01:09:15.866,1.36151,1.36172,1.13,1.50
2011.06.29 01:09:16.564,1.36147,1.36169,1.13,1.50
2011.06.29 01:09:17.549,1.36145,1.36165,1.47,1.50
2011.06.29 01:09:18.105,1.36149,1.36169,1.10,2.25
2011.06.29 01:09:18.436,1.36149,1.36169,1.10,1.50
2011.06.29 01:09:18.765,1.36149,1.36169,1.10,2.25
2011.06.29 01:09:18.983,1.36149,1.36169,1.10,1.50
2011.06.29 01:09:19.314,1.36149,1.36168,1.10,1.50
2011.06.29 01:09:19.533,1.36148,1.36167,1.10,1.50
2011.06.29 01:09:20.075,1.36146,1.36166,1.10,1.13
2011.06.29 01:09:20.184,1.36145,1.36165,1.10,1.88
2011.06.29 01:09:20.738,1.36142,1.36162,1.10,1.50
2011.06.29 01:09:21.484,1.36142,1.36161,1.10,1.50
2011.06.29 01:09:22.425,1.36142,1.36162,1.10,1.50
2011.06.29 01:09:22.975,1.36146,1.36165,1.10,2.25
2011.06.29 01:09:25.044,1.36145,1.36166,1.10,1.50
2011.06.29 01:09:25.814,1.36143,1.36165,2.22,1.35
2011.06.29 01:09:26.034,1.36145,1.36165,1.10,1.35
2011.06.29 01:09:28.554,1.36145,1.36168,1.10,2.63
2011.06.29 01:09:29.602,1.36145,1.36166,1.10,1.50
2011.06.29 01:09:34.244,1.36146,1.3617,1.10,1.50
2011.06.29 01:09:34.904,1.36144,1.36168,1.10,1.13
2011.06.29 01:09:35.123,1.36143,1.36168,1.10,1.13
2011.06.29 01:09:36.115,1.36143,1.36168,1.10,1.13
2011.06.29 01:09:37.323,1.36143,1.36168,1.85,1.13
2011.06.29 01:09:40.104,1.36143,1.36167,1.10,1.35
2011.06.29 01:09:40.213,1.3614,1.36165,1.13,1.50
2011.06.29 01:09:40.323,1.36139,1.36165,1.47,1.50
2011.06.29 01:09:42.966,1.36139,1.36165,1.47,1.50
2011.06.29 01:09:43.591,1.36139,1.36165,1.10,1.50
2011.06.29 01:09:45.214,1.36139,1.36165,1.10,1.50
2011.06.29 01:09:45.764,1.36139,1.36165,1.10,1.50
2011.06.29 01:09:48.334,1.36139,1.36165,1.10,1.50
2011.06.29 01:09:48.783,1.36139,1.36165,1.10,1.50
2011.06.29 01:09:49.534,1.36139,1.36165,1.10,1.50
2011.06.29 01:09:52.164,1.36144,1.36165,1.88,1.50
2011.06.29 01:09:52.496,1.36144,1.36169,2.63,1.50
2011.06.29 01:09:52.825,1.36142,1.36169,1.47,1.50
2011.06.29 01:09:52.934,1.36142,1.36169,1.47,1.50
2011.06.29 01:09:53.958,1.36142,1.36169,1.47,1.50
2011.06.29 01:10:01.155,1.36144,1.3617,1.32,1.50
2011.06.29 01:10:01.484,1.36149,1.36176,2.63,1.50
2011.06.29 01:10:01.814,1.36149,1.36176,2.63,1.50
2011.06.29 01:10:02.814,1.36151,1.36176,1.35,1.50
2011.06.29 01:10:03.230,1.3616,1.36187,1.85,1.50
2011.06.29 01:10:03.348,1.36163,1.36187,2.37,1.50
2011.06.29 01:10:03.579,1.3616,1.36187,1.88,1.50
2011.06.29 01:10:03.808,1.36159,1.36185,1.47,2.25
2011.06.29 01:10:04.035,1.36159,1.36184,1.47,1.50
2011.06.29 01:10:04.254,1.36159,1.36183,1.47,1.50
2011.06.29 01:10:05.106,1.36159,1.36185,1.47,1.50
2011.06.29 01:10:05.327,1.36159,1.36184,1.10,1.50
2011.06.29 01:10:05.655,1.36157,1.36183,1.47,1.50
2011.06.29 01:10:05.873,1.36156,1.36181,1.13,1.50
2011.06.29 01:10:06.383,1.36154,1.36181,5.22,1.50
2011.06.29 01:10:07.183,1.36154,1.36181,5.22,1.50
2011.06.29 01:10:07.733,1.36154,1.36181,2.82,1.50
2011.06.29 01:10:08.264,1.36155,1.36181,3.12,1.50
2011.06.29 01:10:08.863,1.36156,1.36179,1.13,2.25
2011.06.29 01:10:09.087,1.36152,1.36177,1.13,1.50
2011.06.29 01:10:09.654,1.36153,1.36177,1.13,1.50
2011.06.29 01:10:10.489,1.36152,1.36173,1.13,1.50
2011.06.29 01:10:11.174,1.36153,1.36177,1.47,1.50
2011.06.29 01:10:11.615,1.36154,1.36181,2.25,2.10
2011.06.29 01:10:11.834,1.36156,1.36181,1.47,2.10
2011.06.29 01:10:12.163,1.36156,1.36181,1.10,2.10
2011.06.29 01:10:13.734,1.36156,1.36181,1.10,2.10
2011.06.29 01:10:18.125,1.36155,1.36181,2.22,2.10
2011.06.29 01:10:18.343,1.36155,1.36181,1.47,2.10
2011.06.29 01:10:19.557,1.36156,1.36181,1.10,1.50
2011.06.29 01:10:19.886,1.36158,1.36185,3.35,1.50
2011.06.29 01:10:20.104,1.36163,1.36188,1.47,1.50
2011.06.29 01:10:28.584,1.36163,1.36188,1.10,1.50
2011.06.29 01:10:28.694,1.36159,1.36189,1.47,1.50
2011.06.29 01:10:29.134,1.3616,1.36189,1.47,1.50
2011.06.29 01:10:30.074,1.3616,1.36189,1.47,1.50
2011.06.29 01:10:30.923,1.3616,1.36188,1.47,1.50
2011.06.29 01:10:31.914,1.36162,1.36188,1.47,1.50
2011.06.29 01:10:32.245,1.36161,1.36185,1.47,1.50
2011.06.29 01:10:32.354,1.36159,1.36184,1.10,1.50
2011.06.29 01:10:32.466,1.36161,1.36184,1.10,1.50
2011.06.29 01:10:32.684,1.36161,1.36187,1.47,1.50
2011.06.29 01:10:32.796,1.36164,1.36189,1.10,1.50
2011.06.29 01:10:33.565,1.36166,1.36195,1.32,1.50
2011.06.29 01:10:33.676,1.36168,1.36196,2.45,1.50
2011.06.29 01:10:34.244,1.36171,1.36197,1.47,1.50
2011.06.29 01:10:34.947,1.36173,1.36197,1.10,1.50
2011.06.29 01:10:35.274,1.36177,1.36203,1.47,1.50
2011.06.29 01:10:36.894,1.36174,1.36197,1.10,1.35
2011.06.29 01:10:37.226,1.36174,1.36192,1.10,1.13
2011.06.29 01:10:37.444,1.3617,1.36192,1.10,1.13
2011.06.29 01:10:38.614,1.36166,1.36192,1.10,1.88
2011.06.29 01:10:38.934,1.36166,1.36188,1.10,1.35
2011.06.29 01:10:39.155,1.36162,1.36188,1.10,1.35
2011.06.29 01:10:39.741,1.36162,1.36188,1.10,1.35
2011.06.29 01:10:40.333,1.36161,1.36188,1.10,2.85
2011.06.29 01:10:40.779,1.36163,1.36188,1.10,2.85
2011.06.29 01:10:41.006,1.36163,1.36189,3.20,1.50
2011.06.29 01:10:41.496,1.36161,1.36188,1.10,1.13
2011.06.29 01:10:41.605,1.36161,1.36189,1.10,1.13
2011.06.29 01:10:43.336,1.36161,1.36189,1.10,1.13
2011.06.29 01:10:43.556,1.36162,1.36189,1.10,1.13
2011.06.29 01:10:44.561,1.36165,1.36189,1.47,1.88
2011.06.29 01:10:45.007,1.36164,1.36191,2.22,1.35
2011.06.29 01:10:45.559,1.36166,1.36192,1.13,1.50
2011.06.29 01:10:45.889,1.36164,1.36192,1.47,1.50
2011.06.29 01:10:46.443,1.36164,1.36191,1.10,1.73
2011.06.29 01:10:46.693,1.36164,1.36191,1.10,1.73
2011.06.29 01:10:47.344,1.36165,1.36191,1.10,1.73
2011.06.29 01:10:47.854,1.36164,1.36185,1.10,1.13
2011.06.29 01:10:47.970,1.36151,1.36175,1.10,1.50
2011.06.29 01:10:48.525,1.36149,1.36171,1.85,1.13
2011.06.29 01:10:48.640,1.36149,1.36166,1.10,1.35
2011.06.29 01:10:48.756,1.36146,1.36166,1.85,1.35
2011.06.29 01:10:48.867,1.36146,1.3617,1.10,1.50
2011.06.29 01:10:48.978,1.36146,1.36166,1.10,1.35
2011.06.29 01:10:49.205,1.36139,1.36162,1.10,1.13
2011.06.29 01:10:49.315,1.36139,1.36162,1.10,1.13
2011.06.29 01:10:50.744,1.3614,1.36163,1.10,2.10
2011.06.29 01:10:50.855,1.3614,1.36165,1.10,1.35
2011.06.29 01:10:52.495,1.36141,1.36168,1.10,1.88
2011.06.29 01:10:52.607,1.36142,1.36169,1.10,1.50
2011.06.29 01:10:52.715,1.36149,1.36174,1.10,1.35
2011.06.29 01:10:53.044,1.36154,1.36181,1.10,1.50
2011.06.29 01:10:53.540,1.36156,1.36181,1.10,1.35
2011.06.29 01:10:53.948,1.36156,1.36176,1.10,1.35
2011.06.29 01:10:54.560,1.36155,1.36182,1.10,1.50
2011.06.29 01:10:56.844,1.36154,1.36179,1.50,1.88
2011.06.29 01:10:57.175,1.3615,1.36173,1.10,1.13
2011.06.29 01:10:57.285,1.36146,1.36172,1.50,1.50
2011.06.29 01:10:57.615,1.36142,1.36172,1.85,1.88
2011.06.29 01:10:57.724,1.36142,1.36171,1.10,1.13
2011.06.29 01:10:57.945,1.36141,1.3617,1.10,1.50
2011.06.29 01:10:58.054,1.3614,1.3617,1.10,1.50
2011.06.29 01:11:00.567,1.36145,1.36171,1.10,1.50
2011.06.29 01:11:01.076,1.36145,1.36171,1.10,1.50
2011.06.29 01:11:03.585,1.36145,1.36171,1.10,1.50
2011.06.29 01:11:05.514,1.36149,1.36171,1.10,1.50
2011.06.29 01:11:08.205,1.36149,1.36169,1.10,1.35
2011.06.29 01:11:08.536,1.36133,1.36159,1.10,1.50
2011.06.29 01:11:08.975,1.36133,1.36162,2.75,1.35
2011.06.29 01:11:09.525,1.36138,1.36162,1.10,1.50
2011.06.29 01:11:09.635,1.36142,1.36167,1.10,1.50
2011.06.29 01:11:09.746,1.36142,1.36168,1.10,1.35
2011.06.29 01:11:09.965,1.36142,1.36173,1.70,1.50
2011.06.29 01:11:10.075,1.36147,1.36175,1.10,1.50
2011.06.29 01:11:13.035,1.36145,1.36171,1.10,1.50
2011.06.29 01:11:13.145,1.36143,1.3617,1.10,1.50
2011.06.29 01:11:15.356,1.36145,1.36171,1.10,1.50
2011.06.29 01:11:15.685,1.36148,1.36175,3.15,1.50
2011.06.29 01:11:15.794,1.3615,1.36176,1.10,2.10
2011.06.29 01:11:16.564,1.3615,1.36176,1.10,1.35
2011.06.29 01:11:20.962,1.36155,1.36178,1.73,1.50
2011.06.29 01:11:21.079,1.36156,1.36178,1.73,1.50
2011.06.29 01:11:21.195,1.36157,1.36189,1.10,1.50
2011.06.29 01:11:21.308,1.36157,1.36189,1.10,1.50
2011.06.29 01:11:21.648,1.36163,1.36188,1.10,1.50
2011.06.29 01:11:22.694,1.36164,1.36188,1.10,1.50
2011.06.29 01:11:23.024,1.36167,1.36188,1.65,1.50
2011.06.29 01:11:23.134,1.36167,1.3619,1.65,1.50
2011.06.29 01:11:23.315,1.36167,1.3619,1.65,1.50
2011.06.29 01:11:24.044,1.36167,1.3619,1.65,1.50
2011.06.29 01:11:27.423,1.36167,1.3619,1.65,1.50
2011.06.29 01:11:29.576,1.36167,1.36191,2.00,1.50
2011.06.29 01:11:29.796,1.36162,1.36187,3.35,1.50
2011.06.29 01:11:30.017,1.36162,1.36189,3.35,2.25
2011.06.29 01:11:30.675,1.36163,1.3619,1.85,1.50
2011.06.29 01:11:34.265,1.36163,1.3619,1.10,1.50
2011.06.29 01:11:34.594,1.36163,1.3619,1.10,1.50
2011.06.29 01:11:38.583,1.36164,1.3619,1.10,1.50
2011.06.29 01:11:41.465,1.36163,1.3619,1.70,1.50
2011.06.29 01:11:42.015,1.36159,1.36185,1.10,1.50
2011.06.29 01:11:42.124,1.36158,1.36185,1.10,1.50
2011.06.29 01:11:43.155,1.36158,1.36183,1.10,1.35
2011.06.29 01:11:43.484,1.36161,1.36183,1.10,1.35
2011.06.29 01:11:43.594,1.36161,1.36183,1.10,1.35
2011.06.29 01:11:45.345,1.36158,1.36183,1.10,1.35
2011.06.29 01:11:45.455,1.36158,1.36183,1.10,1.35
2011.06.29 01:11:47.175,1.36158,1.36183,1.10,1.35
2011.06.29 01:11:47.725,1.36158,1.36183,1.10,1.35
2011.06.29 01:11:47.945,1.36158,1.36185,1.10,1.88
2011.06.29 01:11:48.055,1.36154,1.3618,1.10,1.50
2011.06.29 01:11:48.164,1.36154,1.3618,1.10,1.50
2011.06.29 01:11:48.384,1.36156,1.3618,1.10,1.50
2011.06.29 01:11:48.937,1.36158,1.36184,1.10,1.50
2011.06.29 01:11:51.044,1.3616,1.36184,1.70,1.50
2011.06.29 01:11:51.265,1.36166,1.3619,2.40,1.50
2011.06.29 01:11:52.944,1.36167,1.3619,1.13,1.50
2011.06.29 01:11:53.164,1.36171,1.3619,1.65,1.50
2011.06.29 01:11:53.275,1.36171,1.36193,1.65,1.50
2011.06.29 01:11:55.104,1.36171,1.36193,1.65,1.50
2011.06.29 01:11:55.324,1.36172,1.36198,1.10,1.50
2011.06.29 01:11:55.765,1.36172,1.36198,1.10,1.50
2011.06.29 01:11:56.094,1.36172,1.36198,1.10,1.50
2011.06.29 01:11:56.424,1.36172,1.36198,1.10,1.50
2011.06.29 01:11:56.753,1.36168,1.36194,1.10,2.10
2011.06.29 01:11:56.984,1.36168,1.36194,1.10,2.10
2011.06.29 01:11:59.116,1.36171,1.36197,1.10,1.50
2011.06.29 01:11:59.225,1.36171,1.36197,1.85,1.50
2011.06.29 01:11:59.335,1.36171,1.36197,1.10,1.50
2011.06.29 01:12:00.247,1.36171,1.36197,1.10,1.50
2011.06.29 01:12:00.686,1.36168,1.36194,1.10,1.50
2011.06.29 01:12:00.794,1.36167,1.36194,1.10,1.50
2011.06.29 01:12:01.194,1.36172,1.36195,1.13,2.85
2011.06.29 01:12:01.743,1.36176,1.36202,1.65,1.50
2011.06.29 01:12:01.853,1.36179,1.36205,1.10,1.50
2011.06.29 01:12:03.014,1.3618,1.36205,1.10,1.50
2011.06.29 01:12:03.617,1.36181,1.36205,1.10,1.50
2011.06.29 01:12:04.795,1.36179,1.36207,1.10,1.50
2011.06.29 01:12:05.236,1.36176,1.36203,1.10,1.50
2011.06.29 01:12:05.345,1.36176,1.36202,1.10,1.50
2011.06.29 01:12:05.456,1.36175,1.36202,1.10,1.50
2011.06.29 01:12:07.274,1.36177,1.36202,1.65,1.50
2011.06.29 01:12:07.385,1.36177,1.36202,2.40,1.50
2011.06.29 01:12:07.941,1.36177,1.36202,2.40,1.50
2011.06.29 01:12:08.384,1.36177,1.36202,2.40,1.50
2011.06.29 01:12:09.726,1.36182,1.36207,1.35,1.50
2011.06.29 01:12:10.363,1.36182,1.36209,3.00,2.25
2011.06.29 01:12:13.744,1.36184,1.36211,1.47,1.50
2011.06.29 01:12:13.856,1.36189,1.36211,1.65,1.50
2011.06.29 01:12:14.184,1.36189,1.36211,1.65,1.50
2011.06.29 01:12:14.294,1.36183,1.36211,1.10,1.50
2011.06.29 01:12:14.915,1.36182,1.36206,3.38,1.50
2011.06.29 01:12:15.466,1.36182,1.36206,2.25,1.50
2011.06.29 01:12:15.574,1.36179,1.36206,1.10,3.15
2011.06.29 01:12:15.685,1.36177,1.36203,1.10,1.50
2011.06.29 01:12:18.248,1.36176,1.36203,1.85,1.50
2011.06.29 01:12:20.337,1.36177,1.36203,1.10,1.50
2011.06.29 01:12:24.556,1.36176,1.36203,1.10,1.50
2011.06.29 01:12:24.885,1.36172,1.36199,1.10,1.50
2011.06.29 01:12:25.454,1.36171,1.36199,3.50,1.50
2011.06.29 01:12:28.815,1.36171,1.36199,4.10,1.50
2011.06.29 01:12:29.145,1.36179,1.36199,2.40,1.50
2011.06.29 01:12:31.281,1.36178,1.36202,1.10,1.50
2011.06.29 01:12:34.594,1.36177,1.36199,1.65,1.50
2011.06.29 01:12:34.704,1.36173,1.36199,1.10,1.50
2011.06.29 01:12:34.924,1.36175,1.362,1.10,1.50
2011.06.29 01:12:35.035,1.36178,1.36203,2.75,1.50
2011.06.29 01:12:35.255,1.36183,1.36205,1.65,1.50
2011.06.29 01:12:35.474,1.36183,1.36207,2.78,1.50
2011.06.29 01:12:37.374,1.36184,1.36207,1.65,1.50
2011.06.29 01:12:37.595,1.36179,1.36205,2.75,1.50
2011.06.29 01:12:37.813,1.36179,1.36205,2.75,1.50
2011.06.29 01:12:40.815,1.36179,1.36205,2.75,1.50
2011.06.29 01:12:47.745,1.36176,1.362,1.70,1.50
2011.06.29 01:12:55.112,1.36177,1.36197,1.65,1.13
2011.06.29 01:12:55.449,1.36177,1.36199,2.40,1.50
2011.06.29 01:12:55.568,1.36171,1.36198,1.10,1.50
2011.06.29 01:12:55.687,1.3617,1.36198,1.47,2.25
2011.06.29 01:12:56.346,1.36167,1.36198,2.22,2.25
2011.06.29 01:12:57.086,1.36167,1.36197,1.47,1.50
2011.06.29 01:12:57.375,1.36167,1.36196,1.47,1.50
2011.06.29 01:12:57.998,1.36167,1.36194,1.47,1.50
2011.06.29 01:12:58.556,1.36168,1.36194,1.13,1.50
2011.06.29 01:12:58.925,1.36168,1.36194,1.13,1.50
2011.06.29 01:12:59.785,1.36167,1.36194,1.13,1.50
2011.06.29 01:13:00.114,1.36167,1.36194,1.13,1.50
2011.06.29 01:13:00.801,1.36167,1.36194,1.13,1.50
2011.06.29 01:13:01.735,1.36168,1.36194,1.13,1.50
2011.06.29 01:13:02.285,1.3617,1.36198,1.47,1.50
2011.06.29 01:13:02.505,1.3617,1.36198,3.50,1.50
2011.06.29 01:13:03.044,1.36172,1.36198,2.22,1.50
2011.06.29 01:13:04.594,1.36172,1.36198,1.47,2.25
2011.06.29 01:13:07.074,1.3617,1.36198,1.10,1.50
2011.06.29 01:13:09.344,1.36169,1.36196,3.12,1.50
2011.06.29 01:13:12.474,1.36175,1.36199,2.40,2.25
2011.06.29 01:13:13.025,1.3617,1.36198,1.10,1.50
2011.06.29 01:13:13.134,1.3617,1.36197,1.10,1.50
2011.06.29 01:13:14.014,1.3617,1.36199,3.12,1.50
2011.06.29 01:13:18.804,1.3617,1.36196,3.12,1.50
2011.06.29 01:13:19.342,1.3617,1.36197,1.10,1.50
2011.06.29 01:13:19.785,1.36171,1.36198,2.40,1.50
2011.06.29 01:13:22.278,1.36171,1.36196,1.65,1.50
2011.06.29 01:13:22.496,1.3617,1.36195,1.10,1.50
2011.06.29 01:13:23.106,1.36168,1.36195,1.10,1.50
2011.06.29 01:13:23.435,1.3617,1.36195,1.10,1.50
2011.06.29 01:13:24.606,1.3617,1.36195,1.10,2.25
2011.06.29 01:13:27.057,1.36168,1.36193,1.10,1.35
2011.06.29 01:13:27.385,1.36171,1.36193,2.40,1.35
2011.06.29 01:13:28.908,1.36171,1.36193,2.40,1.35
2011.06.29 01:13:29.460,1.36172,1.36195,2.40,1.50
2011.06.29 01:13:30.967,1.36172,1.36195,2.40,1.50
2011.06.29 01:13:31.076,1.36171,1.36195,2.40,1.50
2011.06.29 01:13:31.299,1.36171,1.36191,1.65,1.35
2011.06.29 01:13:31.417,1.36169,1.36191,1.13,1.35
2011.06.29 01:13:31.965,1.36161,1.36188,1.47,1.50
2011.06.29 01:13:40.724,1.36161,1.36188,1.47,2.63
2011.06.29 01:13:43.067,1.36161,1.36185,1.10,2.48
2011.06.29 01:13:43.395,1.36152,1.36178,1.10,1.50
2011.06.29 01:13:47.734,1.36152,1.36177,1.10,1.50
2011.06.29 01:14:00.926,1.36158,1.36183,1.10,1.35
2011.06.29 01:14:01.474,1.36158,1.36183,1.10,1.35
2011.06.29 01:14:06.459,1.36157,1.36183,1.10,1.35
2011.06.29 01:14:06.577,1.36155,1.36179,2.40,1.50
2011.06.29 01:14:07.455,1.36156,1.36182,1.47,1.50
2011.06.29 01:14:07.676,1.36156,1.36182,1.47,1.50
2011.06.29 01:14:08.004,1.3616,1.36185,2.40,1.50
2011.06.29 01:14:08.587,1.36165,1.36186,2.40,1.50
2011.06.29 01:14:08.695,1.36165,1.3619,2.40,1.50
2011.06.29 01:14:08.805,1.36165,1.3619,2.40,1.50
2011.06.29 01:14:09.684,1.3617,1.36193,1.13,1.50
2011.06.29 01:14:10.016,1.36171,1.36193,1.47,1.50
2011.06.29 01:14:12.495,1.36174,1.36193,1.47,1.50
2011.06.29 01:14:12.825,1.36177,1.36196,1.10,1.50
2011.06.29 01:14:12.934,1.36177,1.36196,1.10,2.25
2011.06.29 01:14:13.445,1.36177,1.36196,1.10,1.50
2011.06.29 01:14:13.975,1.36179,1.36196,2.40,1.50
2011.06.29 01:14:14.085,1.36179,1.36196,3.00,1.50
2011.06.29 01:14:14.194,1.36181,1.36207,1.47,1.50
2011.06.29 01:14:14.715,1.36189,1.36213,1.10,1.50
2011.06.29 01:14:15.045,1.36186,1.36213,2.82,1.50
2011.06.29 01:14:15.375,1.36188,1.36213,2.22,1.50
2011.06.29 01:14:15.815,1.36186,1.36213,1.10,1.50
2011.06.29 01:14:16.364,1.36186,1.36212,1.85,1.50
2011.06.29 01:14:16.474,1.36186,1.36209,1.50,1.50
2011.06.29 01:14:18.284,1.36185,1.36209,1.10,1.50
2011.06.29 01:14:18.505,1.36185,1.36209,1.10,1.50
2011.06.29 01:14:20.188,1.36183,1.36207,1.13,1.50
2011.06.29 01:14:20.514,1.36177,1.36202,1.10,1.50
2011.06.29 01:14:21.180,1.36181,1.362,2.03,1.50
2011.06.29 01:14:21.516,1.36177,1.36198,1.47,2.10
2011.06.29 01:14:21.740,1.36168,1.36192,1.47,1.35
2011.06.29 01:14:21.855,1.36168,1.36192,1.47,1.35
2011.06.29 01:14:22.185,1.3617,1.36197,1.13,1.50
2011.06.29 01:14:22.514,1.36173,1.36198,1.13,1.50
2011.06.29 01:14:23.656,1.36172,1.36197,1.13,1.35
2011.06.29 01:14:23.984,1.36168,1.36194,1.10,2.48
2011.06.29 01:14:24.315,1.36164,1.36192,1.10,1.50
2011.06.29 01:14:24.535,1.36164,1.36187,1.10,1.35
2011.06.29 01:14:25.195,1.36167,1.36188,1.13,1.50
2011.06.29 01:14:25.525,1.36172,1.36196,1.13,2.25
2011.06.29 01:14:25.950,1.36169,1.36196,2.78,2.25
2011.06.29 01:14:26.072,1.36166,1.36191,1.47,1.50
2011.06.29 01:14:26.664,1.36166,1.36191,1.47,1.50
2011.06.29 01:14:27.215,1.36167,1.36191,2.03,1.50
2011.06.29 01:14:27.325,1.36167,1.36193,2.03,2.10
2011.06.29 01:14:27.434,1.3617,1.36193,1.13,2.10
2011.06.29 01:14:29.267,1.36169,1.36192,1.47,1.35
2011.06.29 01:14:29.596,1.36164,1.36187,2.25,1.50
2011.06.29 01:14:29.708,1.36164,1.36187,2.25,1.50
2011.06.29 01:14:29.936,1.36159,1.36187,1.47,1.50
2011.06.29 01:14:30.265,1.36158,1.36183,2.97,1.50
2011.06.29 01:14:31.985,1.36158,1.36183,1.32,1.50
2011.06.29 01:14:32.315,1.36157,1.36183,1.85,1.50
2011.06.29 01:14:33.001,1.36158,1.36183,1.10,1.50
2011.06.29 01:14:33.686,1.36158,1.36183,1.10,1.50
2011.06.29 01:14:34.065,1.3616,1.36183,1.50,1.50
2011.06.29 01:14:34.504,1.3616,1.36187,2.22,1.35
2011.06.29 01:14:35.494,1.36159,1.36186,1.10,2.25
2011.06.29 01:14:35.935,1.36154,1.36186,1.10,2.25
2011.06.29 01:14:36.045,1.36154,1.36185,1.10,1.50
2011.06.29 01:14:36.822,1.36153,1.3618,2.00,1.50
2011.06.29 01:14:37.045,1.36154,1.3618,1.10,1.50
2011.06.29 01:14:37.485,1.36152,1.3618,3.72,1.50
2011.06.29 01:14:39.518,1.36154,1.36179,1.10,1.35
2011.06.29 01:14:40.044,1.36159,1.36179,1.10,1.35
2011.06.29 01:14:40.596,1.36151,1.36179,1.47,1.35
2011.06.29 01:14:40.705,1.36154,1.36179,1.10,1.35
2011.06.29 01:14:41.324,1.36154,1.36181,1.10,1.50
2011.06.29 01:14:42.087,1.36157,1.36181,1.35,1.50
2011.06.29 01:14:42.196,1.3616,1.36184,1.10,1.50
2011.06.29 01:14:42.306,1.36159,1.36184,2.37,2.10
2011.06.29 01:14:42.524,1.36157,1.36184,1.85,1.35
2011.06.29 01:14:42.965,1.36156,1.36183,1.13,1.50
2011.06.29 01:14:44.154,1.36155,1.36181,1.47,1.50
2011.06.29 01:14:45.054,1.36155,1.36183,1.47,1.50
2011.06.29 01:14:45.385,1.36161,1.36183,2.78,1.50
2011.06.29 01:14:45.496,1.36161,1.36183,2.78,1.50
2011.06.29 01:14:46.956,1.36161,1.36187,2.40,1.50
2011.06.29 01:14:47.065,1.36161,1.36187,2.78,1.50
2011.06.29 01:14:47.505,1.36166,1.36186,1.10,1.50
2011.06.29 01:14:47.836,1.3617,1.36188,1.13,1.50
2011.06.29 01:14:47.946,1.36171,1.36194,1.10,1.35
2011.06.29 01:14:48.056,1.36173,1.36195,1.10,1.50
2011.06.29 01:14:48.384,1.36177,1.36197,1.10,1.50
2011.06.29 01:14:49.305,1.36177,1.36197,1.10,1.50
2011.06.29 01:14:50.915,1.36177,1.362,1.10,1.50
2011.06.29 01:14:51.356,1.36174,1.36201,1.47,1.50
2011.06.29 01:14:51.575,1.36173,1.36198,1.10,1.50
2011.06.29 01:14:51.687,1.36172,1.36198,1.10,1.50
2011.06.29 01:14:51.905,1.36175,1.36202,1.13,1.13
2011.06.29 01:14:52.234,1.36175,1.36202,2.22,1.88
2011.06.29 01:14:52.674,1.36181,1.36202,1.10,1.88
2011.06.29 01:14:53.126,1.36181,1.36202,1.10,1.50
2011.06.29 01:14:53.348,1.36178,1.36199,1.10,1.50
2011.06.29 01:14:53.576,1.36174,1.36194,1.10,1.50
2011.06.29 01:14:54.126,1.36174,1.36194,1.10,1.50
2011.06.29 01:14:54.236,1.36174,1.36196,1.10,1.50
2011.06.29 01:14:54.567,1.36177,1.36196,3.12,1.50
2011.06.29 01:14:54.786,1.36177,1.36194,2.37,1.50
2011.06.29 01:14:55.335,1.36175,1.36195,2.40,1.50
2011.06.29 01:14:55.667,1.36175,1.36196,2.40,2.25
2011.06.29 01:14:56.406,1.36174,1.36195,2.40,1.50
2011.06.29 01:14:56.737,1.36172,1.36192,2.40,1.50
2011.06.29 01:14:56.849,1.36167,1.36191,2.75,1.50
2011.06.29 01:14:57.337,1.36171,1.3619,1.10,1.35
2011.06.29 01:14:57.885,1.36171,1.36192,1.10,1.50
2011.06.29 01:14:58.435,1.36171,1.3619,1.10,1.35
2011.06.29 01:14:59.415,1.36171,1.36192,1.85,1.50
2011.06.29 01:15:00.275,1.36169,1.3619,1.10,1.35
2011.06.29 01:15:00.385,1.36169,1.36188,1.10,1.13
2011.06.29 01:15:00.716,1.36162,1.36184,1.10,1.13
2011.06.29 01:15:01.046,1.36158,1.36185,1.10,1.13
2011.06.29 01:15:01.377,1.36159,1.36185,1.10,1.88
2011.06.29 01:15:02.694,1.36161,1.36185,1.10,1.88
2011.06.29 01:15:03.283,1.36161,1.36185,1.10,1.88
2011.06.29 01:15:13.076,1.36162,1.36185,1.10,1.88
2011.06.29 01:15:13.406,1.36164,1.36185,1.10,1.50
2011.06.29 01:15:14.055,1.36165,1.36187,1.10,1.50
2011.06.29 01:15:14.607,1.36165,1.36189,1.10,1.50
2011.06.29 01:15:16.486,1.36167,1.36189,2.75,1.50
2011.06.29 01:15:16.814,1.36165,1.36189,1.10,1.50
2011.06.29 01:15:18.205,1.36169,1.36192,1.10,1.50
2011.06.29 01:15:18.864,1.36169,1.36192,1.10,1.50
2011.06.29 01:15:22.986,1.36168,1.36192,2.40,1.50
2011.06.29 01:15:23.864,1.36167,1.36192,1.10,1.50
2011.06.29 01:15:25.679,1.36167,1.36192,1.10,1.50
2011.06.29 01:15:26.015,1.36167,1.36192,1.10,1.50
2011.06.29 01:15:26.565,1.36167,1.36192,1.10,1.50
2011.06.29 01:15:26.677,1.36167,1.36189,1.10,1.50
2011.06.29 01:15:27.005,1.36158,1.36177,1.10,2.40
2011.06.29 01:15:27.115,1.36153,1.36174,1.50,1.73
2011.06.29 01:15:27.228,1.3615,1.36174,1.10,1.73
2011.06.29 01:15:27.993,1.36149,1.36174,1.10,2.48
2011.06.29 01:15:29.976,1.36148,1.36168,1.10,1.13
2011.06.29 01:15:30.198,1.36151,1.36169,1.85,1.13
2011.06.29 01:15:30.890,1.36149,1.36169,1.10,1.13
2011.06.29 01:15:31.116,1.36149,1.36174,1.10,1.50
2011.06.29 01:15:31.447,1.36149,1.36169,1.10,1.13
2011.06.29 01:15:31.558,1.36149,1.36167,1.10,2.03
2011.06.29 01:15:31.676,1.36145,1.36165,1.10,1.65
2011.06.29 01:15:32.004,1.36145,1.36165,1.10,1.65
2011.06.29 01:15:32.605,1.36146,1.36165,1.10,1.65
2011.06.29 01:15:35.987,1.36146,1.36169,1.10,1.13
2011.06.29 01:15:36.097,1.36144,1.3617,1.10,1.13
2011.06.29 01:15:36.206,1.36144,1.3617,1.10,1.13
2011.06.29 01:15:36.722,1.36154,1.36182,1.50,1.13
2011.06.29 01:15:36.945,1.36156,1.36182,1.10,1.13
2011.06.29 01:15:38.575,1.36156,1.36182,1.10,1.13
2011.06.29 01:15:38.904,1.36155,1.36182,1.10,1.88
2011.06.29 01:15:39.269,1.36154,1.36182,1.85,1.88
2011.06.29 01:15:39.765,1.36151,1.36179,1.10,1.88
2011.06.29 01:15:39.874,1.36151,1.36177,1.10,1.13
2011.06.29 01:15:41.446,1.36151,1.36178,1.10,1.35
2011.06.29 01:15:41.556,1.36153,1.36179,1.10,1.50
2011.06.29 01:15:44.396,1.36153,1.36177,1.10,1.50
2011.06.29 01:15:44.946,1.36153,1.36177,1.10,1.50
2011.06.29 01:15:47.584,1.36153,1.36177,1.10,1.50
2011.06.29 01:15:48.134,1.36153,1.36177,1.10,1.50
2011.06.29 01:15:49.934,1.36153,1.36176,1.10,2.40
2011.06.29 01:15:50.436,1.36153,1.36176,1.10,1.65
2011.06.29 01:15:50.764,1.36153,1.36177,1.10,3.53
2011.06.29 01:15:50.984,1.36153,1.36177,1.10,3.53
2011.06.29 01:15:51.955,1.36153,1.36177,1.10,3.53
2011.06.29 01:15:54.785,1.36153,1.36175,1.10,1.13
2011.06.29 01:15:55.004,1.36153,1.36175,1.10,1.13
2011.06.29 01:15:57.035,1.36153,1.36175,1.10,1.13
2011.06.29 01:15:58.916,1.36153,1.36175,1.10,1.13
2011.06.29 01:15:59.055,1.36153,1.36175,1.10,1.13
2011.06.29 01:16:03.505,1.36153,1.36177,1.10,4.13
2011.06.29 01:16:03.944,1.36153,1.36178,1.10,1.50
2011.06.29 01:16:04.165,1.36153,1.36179,1.10,1.50
2011.06.29 01:16:05.065,1.36153,1.36179,1.10,1.50
2011.06.29 01:16:07.484,1.36157,1.36179,1.65,1.50
2011.06.29 01:16:07.814,1.36157,1.36183,2.40,1.50
2011.06.29 01:16:07.924,1.36157,1.36182,2.40,1.50
2011.06.29 01:16:08.405,1.36157,1.36182,2.40,1.50
2011.06.29 01:16:11.575,1.3616,1.36186,1.10,1.50
2011.06.29 01:16:12.016,1.36156,1.36182,1.10,1.50
2011.06.29 01:16:12.915,1.36156,1.36182,1.10,1.50
2011.06.29 01:16:14.565,1.36164,1.36182,1.10,1.50
2011.06.29 01:16:21.441,1.36154,1.36176,2.40,1.50
2011.06.29 01:16:21.887,1.36155,1.36176,2.40,1.50
2011.06.29 01:16:22.886,1.36149,1.36176,1.10,1.50
2011.06.29 01:16:23.575,1.36148,1.36172,1.10,1.50
2011.06.29 01:16:23.796,1.36147,1.36172,2.00,1.50
2011.06.29 01:16:24.345,1.36148,1.36172,1.10,1.50
2011.06.29 01:16:25.525,1.3615,1.36172,2.40,1.50
2011.06.29 01:16:28.144,1.36148,1.36172,1.10,1.50
2011.06.29 01:16:28.255,1.36149,1.36174,1.10,1.50
2011.06.29 01:16:28.585,1.36149,1.36174,1.10,1.50
2011.06.29 01:16:29.555,1.36158,1.36174,1.47,1.50
2011.06.29 01:16:30.905,1.36157,1.36177,1.50,2.85
2011.06.29 01:16:31.454,1.36151,1.36177,1.10,2.85
2011.06.29 01:16:34.734,1.36151,1.36175,1.10,1.50
2011.06.29 01:16:35.089,1.36156,1.36174,1.85,1.50
2011.06.29 01:16:36.185,1.36156,1.36174,1.10,1.50
2011.06.29 01:16:37.005,1.36156,1.36175,1.10,1.50
2011.06.29 01:16:40.655,1.36156,1.36174,1.10,1.50
2011.06.29 01:16:41.424,1.36154,1.36174,1.85,1.50
2011.06.29 01:16:42.826,1.36154,1.36174,1.10,1.50
2011.06.29 01:16:43.046,1.36154,1.36174,1.10,1.50
2011.06.29 01:16:43.594,1.36152,1.36171,1.85,1.50
2011.06.29 01:16:43.924,1.36154,1.36173,1.10,1.50
2011.06.29 01:16:55.771,1.36153,1.36173,1.10,1.50
2011.06.29 01:16:56.584,1.36153,1.36171,1.10,1.50
2011.06.29 01:16:57.184,1.36153,1.36176,1.10,1.50
2011.06.29 01:17:00.536,1.36153,1.36178,1.10,1.50
2011.06.29 01:17:00.755,1.36155,1.36181,1.85,1.50
2011.06.29 01:17:02.155,1.36157,1.36182,1.10,1.50
2011.06.29 01:17:02.485,1.36162,1.36182,2.40,1.50
2011.06.29 01:17:02.595,1.36162,1.36183,2.40,1.50
2011.06.29 01:17:02.814,1.36162,1.36183,2.40,1.50
2011.06.29 01:17:03.357,1.36164,1.36187,1.85,1.50
2011.06.29 01:17:03.465,1.36165,1.36187,1.10,1.50
2011.06.29 01:17:03.798,1.3617,1.36195,1.85,2.25
2011.06.29 01:17:03.906,1.3617,1.36195,1.85,2.25
2011.06.29 01:17:04.016,1.36175,1.36195,1.10,1.50
2011.06.29 01:17:05.816,1.36175,1.36195,1.10,1.50
2011.06.29 01:17:06.365,1.36175,1.36195,1.10,1.50
2011.06.29 01:17:06.914,1.36175,1.36195,1.10,1.50
2011.06.29 01:17:07.705,1.36175,1.36195,1.10,1.50
2011.06.29 01:17:08.197,1.36173,1.36196,1.85,1.50
2011.06.29 01:17:08.416,1.36171,1.36192,1.50,1.50
2011.06.29 01:17:08.635,1.36169,1.36192,1.50,3.15
2011.06.29 01:17:08.858,1.36165,1.3619,1.10,1.35
2011.06.29 01:17:09.078,1.36166,1.36192,1.10,1.50
2011.06.29 01:17:09.404,1.3617,1.36194,1.70,1.50
2011.06.29 01:17:10.237,1.3617,1.36195,1.70,2.40
2011.06.29 01:17:10.350,1.36173,1.36196,1.85,2.40
2011.06.29 01:17:10.471,1.36173,1.36195,1.85,1.13
2011.06.29 01:17:10.698,1.36171,1.36195,1.10,3.53
2011.06.29 01:17:11.328,1.3617,1.36193,1.50,1.73
2011.06.29 01:17:11.435,1.36167,1.3619,1.10,1.13
2011.06.29 01:17:11.875,1.36167,1.36196,1.10,2.40
2011.06.29 01:17:11.986,1.36167,1.36196,1.10,1.13
2011.06.29 01:17:12.755,1.36167,1.36196,1.10,1.88
2011.06.29 01:17:13.091,1.36169,1.36196,1.10,1.88
2011.06.29 01:17:13.428,1.36173,1.36196,2.40,1.50
2011.06.29 01:17:13.756,1.36178,1.36202,1.65,1.50
2011.06.29 01:17:13.868,1.36178,1.36202,2.40,1.50
2011.06.29 01:17:13.976,1.36178,1.36205,2.40,2.25
2011.06.29 01:17:14.308,1.36182,1.36205,1.10,1.13
2011.06.29 01:17:14.417,1.36181,1.362,1.10,1.13
2011.06.29 01:17:14.639,1.36176,1.36198,1.85,1.13
2011.06.29 01:17:14.756,1.36179,1.36205,1.10,1.50
2011.06.29 01:17:15.142,1.36179,1.36204,1.10,2.48
2011.06.29 01:17:15.366,1.36175,1.362,1.85,1.13
2011.06.29 01:17:15.805,1.36176,1.362,1.10,1.13
2011.06.29 01:17:17.894,1.36175,1.36199,1.10,1.13
2011.06.29 01:17:18.485,1.36175,1.36199,1.10,1.13
2011.06.29 01:17:20.796,1.36176,1.362,1.10,3.15
2011.06.29 01:17:20.906,1.36176,1.362,1.10,1.88
2011.06.29 01:17:21.236,1.36175,1.36198,1.10,1.13
2011.06.29 01:17:21.784,1.36176,1.36198,1.10,1.13
2011.06.29 01:17:22.390,1.36176,1.36198,1.10,1.13
2011.06.29 01:17:22.945,1.36173,1.36198,1.10,1.13
2011.06.29 01:17:23.166,1.36173,1.36199,1.10,1.13
2011.06.29 01:17:23.605,1.36173,1.36199,1.10,1.13
2011.06.29 01:17:24.376,1.36168,1.36191,1.70,1.13
2011.06.29 01:17:24.488,1.36168,1.36192,1.70,1.13
2011.06.29 01:17:24.716,1.36164,1.36189,1.10,1.50
2011.06.29 01:17:24.824,1.36164,1.36189,1.10,1.50
2011.06.29 01:17:27.445,1.36164,1.36188,1.10,1.50
2011.06.29 01:17:27.665,1.36161,1.36188,1.70,1.50
2011.06.29 01:17:28.225,1.36161,1.36188,1.70,1.88
2011.06.29 01:17:29.119,1.36161,1.36188,1.70,1.88
2011.06.29 01:17:29.655,1.36164,1.36188,1.10,1.50
2011.06.29 01:17:29.874,1.36164,1.36188,1.10,1.50
2011.06.29 01:17:30.494,1.36164,1.36188,1.10,1.50
2011.06.29 01:17:31.044,1.36164,1.36188,1.10,1.50
2011.06.29 01:17:31.594,1.36165,1.36192,1.85,1.88
2011.06.29 01:17:31.815,1.36166,1.36192,1.10,1.50
2011.06.29 01:17:32.165,1.36166,1.36192,1.10,1.50
2011.06.29 01:17:32.494,1.36166,1.36192,1.10,1.50
2011.06.29 01:17:32.936,1.36165,1.36194,1.85,1.50
2011.06.29 01:17:33.265,1.36165,1.36188,1.10,1.13
2011.06.29 01:17:33.376,1.36165,1.36189,1.10,1.35
2011.06.29 01:17:33.815,1.36166,1.36189,1.10,1.35
2011.06.29 01:17:34.365,1.36165,1.36189,1.10,1.35
2011.06.29 01:17:34.697,1.36165,1.36191,1.10,1.50
2011.06.29 01:17:34.805,1.36166,1.36191,1.10,1.50
2011.06.29 01:17:35.174,1.36168,1.36194,1.10,2.10
2011.06.29 01:17:37.675,1.36168,1.36194,1.10,2.10
2011.06.29 01:17:38.004,1.36168,1.36194,1.85,2.10
2011.06.29 01:17:38.754,1.36168,1.36194,1.10,2.10
2011.06.29 01:17:39.894,1.36172,1.36194,1.10,1.35
2011.06.29 01:17:40.115,1.36174,1.36195,1.10,1.35
2011.06.29 01:17:40.554,1.36172,1.36194,1.10,1.35
2011.06.29 01:17:40.996,1.36177,1.362,1.10,2.40
2011.06.29 01:17:42.105,1.36176,1.36203,1.85,3.15
2011.06.29 01:17:43.145,1.36176,1.36199,1.10,2.40
2011.06.29 01:17:43.254,1.36176,1.36199,1.10,2.40
2011.06.29 01:17:43.585,1.36177,1.36199,1.10,2.40
2011.06.29 01:17:44.925,1.36177,1.36198,1.65,1.50
2011.06.29 01:17:45.035,1.36171,1.36194,1.10,2.40
2011.06.29 01:17:47.066,1.36171,1.36194,1.85,2.40
2011.06.29 01:17:47.177,1.36171,1.36194,1.85,2.40
2011.06.29 01:17:47.734,1.36176,1.36197,1.10,2.40
2011.06.29 01:17:48.305,1.36176,1.36197,1.10,2.40
2011.06.29 01:17:48.874,1.36176,1.36197,1.10,2.40
2011.06.29 01:17:50.144,1.36176,1.36197,1.10,2.40
2011.06.29 01:17:50.365,1.36176,1.362,1.10,2.40
2011.06.29 01:17:54.464,1.36176,1.362,1.10,2.40
2011.06.29 01:17:55.016,1.36176,1.36203,1.10,1.50
2011.06.29 01:17:55.626,1.36176,1.36204,1.10,2.25
2011.06.29 01:17:56.316,1.36176,1.36203,1.85,3.15
2011.06.29 01:17:56.535,1.36177,1.36203,1.10,1.50
2011.06.29 01:17:56.977,1.36179,1.36205,1.10,1.50
2011.06.29 01:17:59.324,1.36178,1.36204,1.10,1.73
2011.06.29 01:17:59.544,1.36178,1.36203,1.10,2.40
2011.06.29 01:18:00.745,1.36179,1.36203,1.10,1.65
2011.06.29 01:18:01.295,1.36178,1.36204,1.10,1.35
2011.06.29 01:18:04.051,1.36178,1.36205,1.70,1.50
2011.06.29 01:18:04.386,1.36183,1.36205,1.35,1.50
2011.06.29 01:18:05.954,1.36186,1.36213,1.10,1.50
2011.06.29 01:18:06.505,1.36184,1.3621,1.10,1.50
2011.06.29 01:18:07.113,1.36182,1.3621,1.10,1.50
2011.06.29 01:18:07.225,1.36184,1.3621,1.10,1.50
2011.06.29 01:18:07.557,1.36188,1.36216,1.10,3.00
2011.06.29 01:18:08.216,1.36187,1.36213,1.10,1.50
2011.06.29 01:18:08.796,1.36186,1.36213,1.10,1.50
2011.06.29 01:18:10.774,1.36185,1.36212,2.75,1.35
2011.06.29 01:18:11.546,1.36183,1.36208,2.75,1.50
2011.06.29 01:18:12.475,1.36182,1.36205,1.50,1.50
2011.06.29 01:18:13.039,1.36177,1.36205,1.10,2.10
2011.06.29 01:18:20.894,1.36177,1.36205,5.60,1.50
2011.06.29 01:18:21.116,1.36179,1.36207,2.07,1.50
2011.06.29 01:18:21.226,1.36179,1.36207,1.10,1.73
2011.06.29 01:18:22.124,1.36179,1.36204,1.10,1.50
2011.06.29 01:18:22.455,1.36177,1.36203,1.10,1.50
2011.06.29 01:18:22.675,1.36174,1.36201,1.10,1.50
2011.06.29 01:18:25.886,1.36174,1.36201,1.10,1.50
2011.06.29 01:18:26.469,1.36175,1.36201,1.10,1.50
2011.06.29 01:18:26.698,1.36176,1.36201,1.10,1.50
2011.06.29 01:18:27.244,1.36174,1.36201,1.85,1.50
2011.06.29 01:18:28.475,1.36174,1.36193,1.85,1.73
2011.06.29 01:18:28.805,1.36163,1.3619,1.10,1.50
2011.06.29 01:18:28.915,1.36166,1.3619,1.35,1.50
2011.06.29 01:18:29.025,1.36171,1.36192,1.10,1.50
2011.06.29 01:18:29.356,1.36166,1.36198,1.70,1.50
2011.06.29 01:18:29.795,1.36165,1.36193,1.10,1.50
2011.06.29 01:18:38.594,1.36164,1.36193,1.10,1.88
2011.06.29 01:18:38.815,1.36161,1.36188,1.10,1.50
2011.06.29 01:18:41.726,1.36159,1.36187,2.75,1.13
2011.06.29 01:18:41.945,1.3616,1.36185,1.10,1.50
2011.06.29 01:18:42.494,1.36158,1.36184,1.10,1.50
2011.06.29 01:18:44.865,1.3616,1.36186,1.10,1.50
2011.06.29 01:18:44.977,1.3616,1.36186,1.10,1.50
2011.06.29 01:18:45.196,1.36162,1.36187,1.10,1.50
2011.06.29 01:18:45.305,1.36164,1.36187,1.10,1.50
2011.06.29 01:18:45.635,1.36164,1.36187,1.10,1.50
2011.06.29 01:18:45.855,1.36164,1.36187,1.10,1.50
2011.06.29 01:18:46.188,1.36167,1.36189,1.10,1.13
2011.06.29 01:18:46.821,1.36167,1.36193,1.85,1.73
2011.06.29 01:18:49.989,1.36167,1.36193,1.10,2.48
2011.06.29 01:18:50.215,1.36165,1.36191,1.10,1.50
2011.06.29 01:18:50.718,1.36164,1.36191,1.85,1.50
2011.06.29 01:18:54.945,1.36165,1.36191,1.10,1.50
2011.06.29 01:18:58.385,1.36164,1.36185,1.10,1.13
2011.06.29 01:18:58.780,1.36161,1.36187,1.10,1.50
2011.06.29 01:18:58.898,1.36161,1.36185,1.10,1.13
2011.06.29 01:18:59.116,1.36161,1.36185,1.10,1.13
2011.06.29 01:18:59.224,1.36161,1.36185,1.10,1.13
2011.06.29 01:19:00.434,1.36158,1.36185,1.10,1.88
2011.06.29 01:19:00.544,1.36157,1.36185,1.10,1.88
2011.06.29 01:19:00.655,1.36158,1.36185,1.10,1.88
2011.06.29 01:19:01.275,1.36158,1.36185,1.10,1.50
2011.06.29 01:19:01.604,1.3616,1.36185,2.40,1.50
2011.06.29 01:19:02.515,1.36158,1.36185,2.75,1.50
2011.06.29 01:19:04.046,1.36162,1.36185,1.35,1.50
2011.06.29 01:19:04.375,1.36164,1.36188,2.75,1.50
2011.06.29 01:19:04.996,1.36164,1.36184,2.00,1.13
2011.06.29 01:19:05.324,1.36161,1.36184,1.10,2.78
2011.06.29 01:19:05.444,1.3616,1.36184,1.85,2.78
2011.06.29 01:19:05.887,1.36157,1.36181,1.10,2.40
2011.06.29 01:19:05.995,1.36156,1.36181,1.85,1.65
2011.06.29 01:19:06.551,1.36156,1.36184,1.85,1.73
2011.06.29 01:19:06.776,1.36157,1.36186,1.10,1.50
2011.06.29 01:19:07.238,1.36159,1.36186,2.40,1.50
2011.06.29 01:19:09.845,1.36156,1.36178,1.10,2.40
2011.06.29 01:19:10.066,1.36155,1.36178,1.50,2.40
2011.06.29 01:19:10.176,1.36156,1.36178,1.50,1.65
2011.06.29 01:19:10.395,1.36154,1.36183,1.10,2.10
2011.06.29 01:19:10.505,1.36154,1.36181,1.10,1.50
2011.06.29 01:19:10.834,1.36154,1.36183,1.10,1.35
2011.06.29 01:19:11.396,1.36156,1.36183,1.10,2.10
2011.06.29 01:19:12.514,1.36155,1.36183,1.85,2.85
2011.06.29 01:19:12.846,1.36155,1.36183,1.35,1.88
2011.06.29 01:19:13.176,1.3616,1.36183,2.40,1.35
2011.06.29 01:19:13.506,1.36151,1.36183,2.75,1.35
2011.06.29 01:19:13.616,1.36153,1.36182,1.10,2.25
2011.06.29 01:19:14.368,1.36152,1.36178,1.10,1.50
2011.06.29 01:19:15.556,1.36153,1.36181,2.75,1.50
2011.06.29 01:19:17.134,1.36153,1.36181,2.75,1.50
2011.06.29 01:19:20.565,1.36154,1.36182,1.85,1.50
2011.06.29 01:19:20.897,1.36156,1.36182,1.10,2.25
2011.06.29 01:19:21.007,1.36157,1.36183,1.10,1.50
2011.06.29 01:19:21.115,1.3616,1.36184,1.10,1.50
2011.06.29 01:19:21.336,1.3616,1.36187,1.10,1.50
2011.06.29 01:19:21.557,1.3616,1.36187,1.10,1.50
2011.06.29 01:19:21.885,1.36164,1.36187,1.10,1.50
2011.06.29 01:19:23.314,1.36164,1.36188,1.10,1.50
2011.06.29 01:19:34.745,1.36161,1.36188,1.10,2.25
2011.06.29 01:19:34.857,1.3616,1.36182,1.50,1.35
2011.06.29 01:19:39.309,1.36157,1.36181,1.10,1.35
2011.06.29 01:19:39.536,1.36156,1.36179,1.10,1.35
2011.06.29 01:19:40.404,1.36153,1.36177,1.10,1.35
2011.06.29 01:19:40.515,1.36153,1.36177,1.10,2.10
2011.06.29 01:19:41.622,1.36157,1.36177,1.10,1.35
2011.06.29 01:19:41.848,1.36157,1.36182,1.10,2.40
2011.06.29 01:19:42.066,1.36155,1.36183,1.10,1.35
2011.06.29 01:19:42.396,1.36157,1.36184,1.70,1.13
2011.06.29 01:19:42.617,1.36151,1.36179,1.10,2.10
2011.06.29 01:19:42.836,1.3615,1.36179,2.75,2.48
2011.06.29 01:19:43.166,1.36149,1.36177,1.10,2.25
2011.06.29 01:19:43.670,1.36149,1.36177,1.10,1.50
2011.06.29 01:19:45.275,1.36152,1.3618,1.35,1.50
2011.06.29 01:19:45.494,1.36152,1.3618,1.35,1.50
2011.06.29 01:19:49.666,1.3615,1.3618,1.70,1.50
2011.06.29 01:19:50.265,1.3615,1.36179,1.10,1.13
2011.06.29 01:19:50.376,1.3615,1.36178,1.10,1.13
2011.06.29 01:19:50.485,1.36146,1.36172,1.10,1.50
2011.06.29 01:19:51.063,1.36144,1.36171,1.85,1.50
2011.06.29 01:19:55.785,1.36146,1.36171,1.32,1.50
2011.06.29 01:19:56.006,1.36147,1.36176,1.10,1.50
2011.06.29 01:19:58.215,1.36147,1.36177,2.60,2.25
2011.06.29 01:19:58.545,1.36152,1.36178,1.47,1.50
2011.06.29 01:19:59.734,1.36154,1.3618,1.10,1.50
2011.06.29 01:19:59.954,1.36154,1.3618,1.10,1.50
2011.06.29 01:20:02.226,1.3616,1.3618,2.40,1.50
2011.06.29 01:20:02.445,1.3616,1.36186,2.75,1.50
2011.06.29 01:20:02.994,1.36164,1.36187,1.10,1.50
2011.06.29 01:20:04.646,1.36163,1.36189,1.10,1.35
2011.06.29 01:20:04.865,1.36159,1.36187,1.10,1.50
2011.06.29 01:20:06.574,1.36157,1.36185,1.10,1.50
2011.06.29 01:20:06.796,1.36157,1.36185,1.10,1.50
2011.06.29 01:20:07.014,1.36157,1.36185,1.10,1.50
2011.06.29 01:20:08.915,1.36157,1.36184,1.10,1.35
2011.06.29 01:20:09.135,1.36154,1.3618,2.75,1.50
2011.06.29 01:20:09.246,1.36152,1.3618,2.75,1.50
2011.06.29 01:20:09.575,1.36147,1.36177,1.47,1.50
2011.06.29 01:20:14.388,1.36147,1.36177,1.50,1.50
2011.06.29 01:20:14.509,1.36146,1.36172,1.10,3.00
2011.06.29 01:20:14.850,1.36147,1.3617,2.40,1.50
2011.06.29 01:20:17.616,1.36146,1.36171,1.10,1.50
2011.06.29 01:20:17.944,1.36148,1.36174,2.40,1.50
2011.06.29 01:20:21.736,1.36149,1.36176,2.40,2.25
2011.06.29 01:20:22.085,1.36143,1.3617,1.47,1.50
2011.06.29 01:20:24.656,1.36143,1.36169,1.10,1.50
2011.06.29 01:20:25.426,1.36143,1.36169,1.10,1.35
2011.06.29 01:20:30.276,1.36143,1.3617,1.10,1.50
2011.06.29 01:20:30.855,1.36143,1.3617,1.10,2.25
2011.06.29 01:20:31.075,1.36143,1.36169,1.10,1.35
2011.06.29 01:20:31.406,1.36143,1.36169,1.10,1.35
2011.06.29 01:20:31.516,1.36147,1.36172,1.10,2.40
2011.06.29 01:20:32.113,1.36147,1.36172,1.10,1.65
2011.06.29 01:20:35.896,1.36149,1.36174,1.10,1.50
2011.06.29 01:20:36.005,1.3615,1.36174,1.10,1.50
2011.06.29 01:20:36.335,1.36146,1.36172,1.10,1.50
2011.06.29 01:20:37.056,1.36146,1.36168,1.10,2.10
2011.06.29 01:20:38.996,1.36142,1.36166,1.10,1.35
2011.06.29 01:20:39.439,1.36138,1.36158,1.10,2.10
2011.06.29 01:20:39.547,1.36138,1.36158,1.10,2.10
2011.06.29 01:20:39.919,1.36133,1.36157,2.75,1.50
2011.06.29 01:20:40.040,1.36133,1.36157,2.75,1.50
2011.06.29 01:20:40.375,1.36133,1.36157,1.10,1.50
2011.06.29 01:20:40.976,1.36132,1.3616,2.75,1.35
2011.06.29 01:20:41.534,1.36132,1.3616,2.75,2.10
2011.06.29 01:20:42.734,1.36132,1.3616,2.75,1.50
2011.06.29 01:20:42.954,1.36132,1.36161,2.75,2.25
2011.06.29 01:20:43.347,1.36132,1.3616,2.75,1.50
2011.06.29 01:20:43.678,1.36137,1.36162,1.10,2.25
2011.06.29 01:20:43.896,1.36143,1.36168,1.10,1.50
2011.06.29 01:20:44.007,1.36143,1.36168,1.10,1.50
2011.06.29 01:20:44.227,1.36144,1.36171,1.10,1.35
2011.06.29 01:20:44.555,1.36144,1.3617,1.10,1.50
2011.06.29 01:20:48.018,1.36144,1.36166,1.10,2.10
2011.06.29 01:20:48.565,1.36138,1.36164,1.10,2.63
2011.06.29 01:20:48.787,1.36138,1.36163,1.10,2.40
2011.06.29 01:20:48.896,1.36136,1.36163,1.10,1.50
2011.06.29 01:20:49.228,1.36136,1.3616,1.10,2.25
2011.06.29 01:20:52.287,1.36136,1.3616,1.10,2.25
2011.06.29 01:20:52.505,1.36136,1.36162,1.10,2.25
2011.06.29 01:20:53.006,1.36136,1.36161,1.10,1.35
2011.06.29 01:20:53.118,1.36136,1.36161,1.10,1.35
2011.06.29 01:20:54.385,1.36136,1.36163,1.10,1.50
2011.06.29 01:20:54.714,1.36136,1.36163,2.75,2.25
2011.06.29 01:20:54.824,1.36141,1.36165,1.10,1.50
2011.06.29 01:20:56.906,1.36141,1.36156,1.10,1.65
2011.06.29 01:20:57.237,1.36128,1.36153,3.00,1.50
2011.06.29 01:20:57.346,1.36134,1.36156,1.10,1.65
2011.06.29 01:20:57.457,1.36138,1.36161,1.50,1.50
2011.06.29 01:20:57.566,1.36142,1.36162,1.10,3.00
2011.06.29 01:20:58.008,1.36142,1.36166,1.10,1.50
2011.06.29 01:20:58.227,1.36145,1.36172,1.10,1.35
2011.06.29 01:20:58.338,1.36145,1.36175,1.10,2.10
2011.06.29 01:21:00.226,1.36152,1.36175,1.13,1.35
2011.06.29 01:21:00.335,1.36152,1.36177,1.13,1.50
2011.06.29 01:21:00.781,1.36155,1.36182,1.10,2.78
2011.06.29 01:21:02.787,1.36155,1.3618,1.10,2.10
2011.06.29 01:21:05.845,1.36156,1.36181,1.10,2.85
2011.06.29 01:21:06.065,1.36156,1.36179,1.10,1.35
2011.06.29 01:21:09.524,1.36156,1.36178,1.10,1.50
2011.06.29 01:21:09.745,1.36155,1.36178,1.10,1.50
2011.06.29 01:21:10.516,1.36151,1.36178,1.10,2.25
2011.06.29 01:21:13.905,1.36151,1.36177,1.10,1.35
2011.06.29 01:21:17.257,1.36154,1.36178,1.85,2.10
2011.06.29 01:21:17.367,1.36154,1.3618,1.85,1.35
2011.06.29 01:21:18.225,1.36157,1.36181,1.10,1.35
2011.06.29 01:21:19.596,1.3616,1.36184,2.40,1.50
2011.06.29 01:21:19.706,1.3616,1.36183,2.40,1.50
2011.06.29 01:21:19.817,1.36161,1.36185,1.10,1.50
2011.06.29 01:21:20.147,1.36161,1.3618,1.10,1.65
2011.06.29 01:21:20.476,1.36156,1.36182,1.10,1.50
2011.06.29 01:21:21.016,1.36156,1.36182,1.10,2.10
2011.06.29 01:21:21.236,1.36156,1.36178,1.10,1.35
2011.06.29 01:21:25.515,1.36155,1.36175,1.10,2.25
2011.06.29 01:21:25.845,1.36156,1.36175,1.10,3.15
2011.06.29 01:21:26.065,1.36156,1.36175,1.10,1.50
2011.06.29 01:21:28.165,1.36156,1.36177,1.10,2.10
2011.06.29 01:21:28.993,1.36153,1.36175,1.10,1.35
2011.06.29 01:21:29.545,1.36156,1.36177,1.10,2.10
2011.06.29 01:21:29.764,1.36156,1.36174,1.10,1.35
2011.06.29 01:21:36.048,1.36156,1.3617,1.10,2.10
2011.06.29 01:21:36.157,1.36151,1.36167,2.40,1.35
2011.06.29 01:21:36.817,1.36139,1.36161,3.15,1.35
2011.06.29 01:21:36.926,1.36137,1.36157,1.10,2.10
2011.06.29 01:21:37.475,1.36134,1.3616,1.10,1.35
2011.06.29 01:21:38.026,1.36138,1.3616,1.10,1.35
2011.06.29 01:21:38.355,1.36138,1.36162,1.10,1.50
2011.06.29 01:21:41.192,1.36147,1.3617,2.75,1.50
2011.06.29 01:21:41.307,1.36147,1.36171,1.10,1.50
2011.06.29 01:21:41.635,1.36147,1.36173,1.10,1.50
2011.06.29 01:21:42.078,1.36148,1.36171,1.10,1.50
2011.06.29 01:21:42.187,1.36148,1.36169,1.10,1.50
2011.06.29 01:21:44.642,1.36142,1.3617,2.75,1.50
2011.06.29 01:21:44.975,1.36142,1.36168,1.10,3.00
2011.06.29 01:21:45.306,1.36142,1.36168,1.10,3.00
2011.06.29 01:21:48.165,1.36141,1.36168,1.10,3.00
2011.06.29 01:21:48.496,1.36139,1.36159,1.10,2.40
2011.06.29 01:21:48.936,1.36141,1.3616,1.10,2.40
2011.06.29 01:21:49.047,1.36142,1.3616,1.10,1.65
2011.06.29 01:21:49.268,1.36143,1.36166,1.10,2.40
2011.06.29 01:21:49.486,1.36146,1.36174,1.10,1.50
2011.06.29 01:21:49.598,1.36148,1.3617,1.10,1.35
2011.06.29 01:21:49.926,1.36156,1.36173,1.10,1.50
2011.06.29 01:21:50.255,1.36156,1.36173,1.10,1.50
2011.06.29 01:21:50.365,1.36156,1.3617,1.10,1.50
2011.06.29 01:21:50.587,1.36153,1.36166,1.10,1.35
2011.06.29 01:21:52.637,1.36151,1.3616,1.10,1.35
2011.06.29 01:21:52.927,1.36149,1.36158,1.10,1.35
2011.06.29 01:21:55.367,1.36143,1.36157,1.85,2.10
2011.06.29 01:21:55.477,1.36142,1.36156,1.10,1.35
2011.06.29 01:21:55.806,1.36141,1.36151,1.10,1.35
2011.06.29 01:21:55.916,1.36138,1.36151,1.10,1.35
2011.06.29 01:21:56.026,1.36138,1.36151,1.10,2.25
2011.06.29 01:21:56.136,1.36133,1.3615,1.10,1.50
2011.06.29 01:21:56.890,1.36133,1.3615,1.10,1.50
2011.06.29 01:21:57.726,1.36134,1.36151,1.10,3.00
2011.06.29 01:21:58.057,1.36133,1.3615,1.85,1.35
2011.06.29 01:22:00.826,1.36133,1.36146,1.10,1.35
2011.06.29 01:22:01.378,1.36133,1.36148,1.10,3.00
2011.06.29 01:22:02.849,1.36133,1.3615,1.10,3.15
2011.06.29 01:22:03.185,1.36136,1.36154,1.47,1.50
2011.06.29 01:22:07.207,1.36138,1.36154,1.47,1.50
2011.06.29 01:22:07.315,1.36139,1.36156,1.10,2.10
2011.06.29 01:22:07.957,1.36139,1.36156,1.10,2.10
2011.06.29 01:22:08.067,1.36139,1.36152,1.10,2.40
2011.06.29 01:22:08.397,1.36137,1.36158,1.47,1.50
2011.06.29 01:22:08.616,1.36142,1.3616,1.10,1.50
2011.06.29 01:22:08.726,1.36142,1.36161,1.47,2.78
2011.06.29 01:22:10.616,1.36141,1.3616,1.10,2.40
2011.06.29 01:22:10.945,1.36146,1.36165,1.10,1.65
2011.06.29 01:22:14.706,1.36146,1.36166,1.10,3.15
2011.06.29 01:22:15.476,1.3615,1.36166,1.10,1.65
2011.06.29 01:22:16.037,1.3615,1.36169,1.85,2.40
2011.06.29 01:22:16.595,1.36152,1.36169,1.10,1.65
2011.06.29 01:22:16.928,1.36154,1.36169,1.10,2.40
2011.06.29 01:22:19.086,1.36154,1.36169,1.10,2.40
2011.06.29 01:22:21.495,1.36154,1.36171,1.10,2.40
2011.06.29 01:22:24.615,1.36151,1.3617,1.10,1.50
2011.06.29 01:22:26.866,1.36154,1.36173,1.85,1.50
2011.06.29 01:22:27.196,1.36155,1.36174,1.10,1.50
2011.06.29 01:22:28.056,1.36155,1.36173,1.10,1.50
2011.06.29 01:22:28.976,1.36155,1.36174,1.10,1.50
2011.06.29 01:22:29.624,1.36155,1.36173,1.10,1.50
2011.06.29 01:22:29.741,1.36157,1.36176,1.10,1.50
2011.06.29 01:22:29.856,1.36159,1.36179,1.10,1.50
2011.06.29 01:22:29.970,1.36157,1.36178,1.10,1.50
2011.06.29 01:22:30.199,1.36157,1.36175,1.10,1.35
2011.06.29 01:22:30.429,1.36158,1.36178,1.10,1.50
2011.06.29 01:22:30.975,1.36158,1.36177,1.10,1.50
2011.06.29 01:22:31.196,1.36158,1.36179,1.10,2.10
2011.06.29 01:22:31.526,1.36161,1.3618,1.10,2.10
2011.06.29 01:22:31.859,1.36161,1.36178,1.10,2.10
2011.06.29 01:22:31.976,1.36157,1.36174,2.00,1.35
2011.06.29 01:22:32.858,1.36155,1.36176,1.10,1.50
2011.06.29 01:22:33.075,1.36157,1.36178,1.10,2.10
2011.06.29 01:22:33.406,1.36157,1.36177,1.10,1.50
2011.06.29 01:22:34.427,1.36154,1.36173,1.10,2.25
2011.06.29 01:22:34.865,1.36154,1.36173,1.10,1.65
2011.06.29 01:22:35.086,1.36154,1.36176,1.10,1.13
2011.06.29 01:22:35.787,1.36157,1.36178,1.10,2.40
2011.06.29 01:22:36.117,1.36154,1.36176,1.10,1.50
2011.06.29 01:22:38.266,1.36157,1.36179,1.10,2.10
2011.06.29 01:22:39.038,1.36157,1.36179,1.10,1.50
2011.06.29 01:22:39.256,1.36154,1.36178,1.10,1.50
2011.06.29 01:22:40.245,1.36155,1.36179,1.10,1.35
2011.06.29 01:22:41.715,1.36158,1.36179,1.10,1.35
2011.06.29 01:22:42.646,1.36159,1.36179,1.10,1.13
2011.06.29 01:22:42.866,1.36153,1.36179,1.10,1.13
2011.06.29 01:22:44.265,1.36153,1.3618,1.10,3.38
2011.06.29 01:22:44.928,1.3615,1.36178,1.10,1.50
2011.06.29 01:22:45.037,1.36151,1.36178,1.10,2.63
2011.06.29 01:22:45.256,1.36148,1.36177,1.10,1.50
2011.06.29 01:22:45.806,1.36153,1.36178,1.10,1.13
2011.06.29 01:22:46.246,1.36153,1.36179,1.10,1.50
2011.06.29 01:22:47.658,1.36155,1.36179,1.10,1.50
2011.06.29 01:22:52.957,1.36156,1.3618,1.10,1.13
2011.06.29 01:22:53.175,1.36152,1.3618,1.10,1.88
2011.06.29 01:22:55.697,1.36154,1.3618,1.10,3.15
2011.06.29 01:22:55.915,1.36154,1.3618,1.10,3.15
2011.06.29 01:22:56.371,1.36154,1.3618,1.10,3.15
2011.06.29 01:23:06.778,1.36154,1.3618,1.10,1.50
2011.06.29 01:23:06.997,1.36158,1.36182,1.10,3.15
2011.06.29 01:23:07.436,1.36159,1.36182,1.10,2.40
2011.06.29 01:23:08.147,1.3616,1.36182,1.10,1.65
2011.06.29 01:23:08.366,1.3616,1.36188,1.10,1.50
2011.06.29 01:23:08.696,1.36159,1.36187,1.10,1.13
2011.06.29 01:23:09.028,1.36159,1.36181,1.85,2.40
2011.06.29 01:23:09.136,1.36159,1.36184,1.50,1.50
2011.06.29 01:23:09.247,1.36153,1.36183,2.75,1.73
2011.06.29 01:23:09.466,1.36153,1.3618,1.10,1.35
2011.06.29 01:23:11.002,1.36153,1.3618,1.10,1.35
2011.06.29 01:23:11.766,1.36153,1.3618,1.10,1.35
2011.06.29 01:23:12.975,1.3616,1.3618,1.10,1.35
2011.06.29 01:23:14.497,1.36161,1.36184,1.50,3.15
2011.06.29 01:23:14.605,1.36163,1.36184,1.50,1.65
2011.06.29 01:23:15.155,1.36164,1.36187,1.10,1.35
2011.06.29 01:23:15.815,1.36164,1.36187,1.10,1.35
2011.06.29 01:23:16.215,1.36164,1.36187,1.10,1.35
2011.06.29 01:23:17.126,1.36164,1.36188,1.10,2.10
2011.06.29 01:23:17.805,1.36165,1.36188,2.40,1.50
2011.06.29 01:23:19.976,1.36165,1.36189,2.40,1.50
2011.06.29 01:23:23.431,1.36165,1.36189,2.40,1.50
2011.06.29 01:23:24.689,1.36164,1.36188,1.10,1.50
2011.06.29 01:23:24.796,1.36164,1.36188,1.10,3.00
2011.06.29 01:23:25.258,1.36161,1.36187,1.10,1.35
2011.06.29 01:23:25.476,1.36161,1.36187,1.10,1.35
2011.06.29 01:23:31.706,1.36161,1.36187,1.10,1.35
2011.06.29 01:23:31.927,1.36161,1.36186,1.10,2.25
2011.06.29 01:23:32.147,1.36161,1.36183,1.10,1.65
2011.06.29 01:23:32.368,1.36159,1.36181,1.50,1.65
2011.06.29 01:23:33.554,1.36156,1.36181,1.10,2.40
2011.06.29 01:23:34.391,1.36156,1.36181,1.10,2.40
2011.06.29 01:23:35.764,1.36156,1.36182,1.10,3.90
2011.06.29 01:23:38.966,1.36156,1.36182,1.10,1.50
2011.06.29 01:23:39.078,1.36159,1.36186,1.10,1.50
2011.06.29 01:23:39.187,1.36159,1.36189,1.10,1.35
2011.06.29 01:23:39.514,1.36159,1.36189,1.10,1.35
2011.06.29 01:23:44.685,1.36165,1.3619,1.10,2.78
2011.06.29 01:23:45.014,1.36165,1.3619,1.10,2.78
2011.06.29 01:23:47.108,1.36165,1.3619,1.10,2.78
2011.06.29 01:23:54.155,1.36165,1.36191,1.10,2.40
2011.06.29 01:24:09.106,1.36165,1.36188,1.10,2.10
2011.06.29 01:24:09.436,1.36165,1.36188,1.10,2.10
2011.06.29 01:24:11.157,1.36165,1.36181,1.10,1.65
2011.06.29 01:24:11.914,1.36162,1.36181,1.10,1.65
2011.06.29 01:24:12.945,1.36162,1.36187,1.10,3.15
2011.06.29 01:24:13.167,1.36162,1.36187,1.10,3.15
2011.06.29 01:24:15.065,1.36162,1.36187,1.10,3.38
2011.06.29 01:24:15.396,1.36162,1.36182,1.10,1.65
2011.06.29 01:24:15.616,1.36162,1.36182,1.10,1.65
2011.06.29 01:24:15.835,1.36162,1.36182,1.10,1.65
2011.06.29 01:24:18.357,1.36162,1.36189,1.10,3.90
2011.06.29 01:24:18.576,1.36166,1.36189,1.10,2.40
2011.06.29 01:24:21.165,1.36165,1.36189,1.10,2.40
2011.06.29 01:24:21.495,1.36166,1.36189,1.10,2.40
2011.06.29 01:24:24.878,1.36168,1.3619,1.13,1.50
2011.06.29 01:24:24.986,1.36168,1.3619,1.13,1.65
2011.06.29 01:24:25.208,1.36165,1.3619,1.10,1.65
2011.06.29 01:24:25.318,1.36168,1.36194,1.10,1.50
2011.06.29 01:24:25.536,1.36168,1.36198,3.12,1.50
2011.06.29 01:24:25.755,1.36168,1.36198,3.12,1.50
2011.06.29 01:24:26.196,1.36173,1.36199,1.13,1.50
2011.06.29 01:24:27.137,1.36173,1.36199,1.13,1.50
2011.06.29 01:24:27.736,1.36173,1.36195,1.10,1.65
2011.06.29 01:24:27.957,1.36173,1.36195,1.10,1.65
2011.06.29 01:24:28.066,1.36173,1.36202,1.10,4.65
2011.06.29 01:24:28.176,1.36173,1.36202,1.47,3.15
2011.06.29 01:24:30.801,1.36175,1.36202,1.13,3.15
2011.06.29 01:24:31.366,1.36175,1.36202,1.13,3.90
2011.06.29 01:24:32.199,1.36175,1.36202,1.13,3.15
2011.06.29 01:24:40.533,1.36175,1.36202,1.13,3.90
2011.06.29 01:24:44.976,1.36175,1.36202,1.13,3.15
2011.06.29 01:24:45.306,1.36179,1.36204,1.13,2.25
2011.06.29 01:24:56.343,1.36179,1.36203,1.47,1.50
2011.06.29 01:24:56.566,1.36189,1.36203,1.65,1.50
2011.06.29 01:24:56.677,1.3619,1.36214,1.13,1.35
2011.06.29 01:24:56.787,1.36189,1.36214,2.03,1.50
2011.06.29 01:24:56.898,1.36186,1.36214,1.13,3.15
2011.06.29 01:24:57.006,1.36188,1.36216,2.40,1.50
2011.06.29 01:24:57.335,1.3619,1.36214,1.13,1.50
2011.06.29 01:24:59.536,1.36188,1.36213,3.12,1.50
2011.06.29 01:25:00.273,1.36189,1.36214,1.10,2.40
2011.06.29 01:25:01.066,1.36184,1.36215,1.47,3.15
2011.06.29 01:25:01.176,1.36184,1.36211,2.22,1.50
2011.06.29 01:25:02.086,1.36184,1.36211,1.85,1.50
2011.06.29 01:25:03.575,1.36185,1.36211,1.10,1.50
2011.06.29 01:25:03.905,1.36189,1.36211,2.78,1.50
2011.06.29 01:25:05.117,1.36189,1.3621,2.40,1.50
2011.06.29 01:25:05.665,1.36184,1.3621,3.15,1.50
2011.06.29 01:25:05.995,1.36184,1.3621,2.40,1.50
2011.06.29 01:25:06.215,1.36184,1.3621,2.40,1.50
2011.06.29 01:25:06.816,1.36189,1.3621,2.40,1.50
2011.06.29 01:25:07.256,1.36193,1.36215,1.13,1.50
2011.06.29 01:25:07.365,1.36193,1.36217,1.13,1.50
2011.06.29 01:25:07.477,1.36196,1.36219,2.40,1.50
2011.06.29 01:25:07.806,1.36202,1.36228,2.40,1.50
2011.06.29 01:25:07.916,1.36202,1.36228,2.40,1.50
2011.06.29 01:25:08.135,1.36203,1.36233,1.50,3.75
2011.06.29 01:25:08.252,1.3621,1.36234,2.40,1.50
2011.06.29 01:25:08.476,1.36211,1.36237,1.10,3.15
2011.06.29 01:25:08.918,1.36211,1.36236,1.10,2.40
2011.06.29 01:25:09.356,1.36207,1.36233,1.10,3.15
2011.06.29 01:25:10.096,1.36207,1.36233,3.12,1.50
2011.06.29 01:25:10.477,1.36207,1.36233,1.47,1.50
2011.06.29 01:25:10.808,1.36207,1.36233,1.10,1.50
2011.06.29 01:25:11.027,1.36207,1.36229,1.13,1.50
2011.06.29 01:25:11.356,1.36203,1.36229,1.10,2.40
2011.06.29 01:25:11.576,1.36203,1.36229,1.10,3.15
2011.06.29 01:25:11.798,1.36213,1.36227,2.40,1.50
2011.06.29 01:25:11.906,1.36212,1.36235,3.00,1.50
2011.06.29 01:25:12.456,1.36212,1.36235,3.00,1.50
2011.06.29 01:25:13.186,1.36212,1.36235,2.25,1.50
2011.06.29 01:25:13.515,1.36213,1.36239,1.10,2.40
2011.06.29 01:25:13.845,1.36213,1.36237,1.10,2.40
2011.06.29 01:25:14.287,1.36208,1.36233,1.85,1.35
2011.06.29 01:25:17.094,1.36208,1.36233,1.10,1.35
2011.06.29 01:25:19.925,1.36208,1.36234,2.45,1.50
2011.06.29 01:25:20.035,1.36213,1.36238,1.10,2.40
2011.06.29 01:25:21.205,1.36213,1.36238,1.10,2.40
2011.06.29 01:25:21.916,1.36216,1.3624,1.10,1.50
2011.06.29 01:25:22.027,1.36217,1.36246,1.10,3.15
2011.06.29 01:25:22.466,1.36217,1.36244,1.10,1.50
2011.06.29 01:25:22.575,1.3622,1.36244,1.10,1.50
2011.06.29 01:25:22.905,1.36222,1.36249,1.10,2.48
2011.06.29 01:25:23.235,1.36222,1.36248,1.10,1.13
2011.06.29 01:25:23.805,1.36222,1.36241,1.10,1.50
2011.06.29 01:25:24.355,1.36218,1.36239,1.10,1.50
2011.06.29 01:25:24.796,1.36218,1.36236,1.10,2.78
2011.06.29 01:25:25.016,1.36209,1.3623,1.10,1.50
2011.06.29 01:25:28.697,1.36211,1.36232,1.10,1.50
2011.06.29 01:25:28.807,1.36211,1.36232,1.10,1.50
2011.06.29 01:25:31.157,1.36212,1.36234,1.85,1.50
2011.06.29 01:25:31.377,1.3622,1.36235,1.65,1.50
2011.06.29 01:25:31.596,1.36218,1.36237,1.10,1.50
2011.06.29 01:25:38.526,1.36218,1.36237,1.10,1.50
2011.06.29 01:25:38.746,1.36218,1.36237,1.10,1.50
2011.06.29 01:25:40.906,1.36218,1.36238,1.47,1.50
2011.06.29 01:25:41.018,1.36223,1.36239,1.70,1.50
2011.06.29 01:25:42.053,1.36226,1.36244,1.65,1.50
2011.06.29 01:25:43.126,1.36223,1.36244,1.10,1.50
2011.06.29 01:25:43.455,1.36222,1.36239,1.10,1.50
2011.06.29 01:25:43.785,1.36219,1.36239,1.10,1.50
2011.06.29 01:25:44.116,1.36217,1.36241,1.10,1.88
2011.06.29 01:25:44.225,1.36216,1.36241,2.00,1.88
2011.06.29 01:25:45.277,1.36216,1.36237,2.00,1.50
2011.06.29 01:25:46.285,1.36216,1.36237,2.00,1.50
2011.06.29 01:25:46.506,1.36211,1.36235,1.10,1.50
2011.06.29 01:25:46.615,1.36211,1.36235,1.10,1.50
2011.06.29 01:25:49.346,1.36213,1.36235,1.10,1.50
2011.06.29 01:25:49.565,1.36217,1.36241,1.10,1.50
2011.06.29 01:25:49.894,1.36217,1.36241,1.10,1.50
2011.06.29 01:25:50.325,1.36216,1.36242,1.10,2.40
2011.06.29 01:25:50.548,1.3622,1.36246,1.10,1.35
2011.06.29 01:25:50.986,1.36227,1.36249,1.10,2.40
2011.06.29 01:25:52.596,1.36227,1.36249,1.10,2.40
2011.06.29 01:25:53.186,1.36227,1.36249,1.85,2.40
2011.06.29 01:25:53.406,1.36224,1.3625,1.10,3.15
2011.06.29 01:25:53.955,1.36223,1.36247,1.10,1.50
2011.06.29 01:25:54.916,1.36223,1.36243,1.10,1.13
2011.06.29 01:25:55.029,1.36223,1.36241,1.10,1.35
2011.06.29 01:25:55.357,1.36217,1.36233,1.10,1.65
2011.06.29 01:25:55.686,1.36217,1.3624,2.00,1.50
2011.06.29 01:25:55.796,1.36219,1.36241,1.10,1.35
2011.06.29 01:25:56.016,1.36219,1.36242,1.10,3.15
2011.06.29 01:25:57.120,1.36214,1.36239,1.85,1.13
2011.06.29 01:25:57.457,1.36214,1.36237,1.10,2.25
2011.06.29 01:26:00.535,1.36214,1.36235,1.10,1.50
2011.06.29 01:26:00.866,1.36216,1.36238,1.10,1.50
2011.06.29 01:26:03.766,1.36215,1.36239,1.10,1.13
2011.06.29 01:26:04.094,1.36215,1.36234,1.10,2.40
2011.06.29 01:26:04.887,1.36216,1.36234,1.10,1.65
2011.06.29 01:26:05.105,1.36216,1.36242,1.10,2.10
2011.06.29 01:26:05.437,1.3622,1.36242,1.35,1.50
2011.06.29 01:26:05.985,1.36221,1.36247,1.85,1.50
2011.06.29 01:26:06.647,1.36222,1.36247,1.10,1.50
2011.06.29 01:26:07.196,1.36221,1.36247,1.10,1.50
2011.06.29 01:26:07.306,1.36219,1.36242,1.10,1.50
2011.06.29 01:26:08.255,1.36216,1.3624,1.65,1.50
2011.06.29 01:26:08.477,1.36212,1.3624,1.35,1.50
2011.06.29 01:26:10.036,1.36209,1.36236,1.10,1.50
2011.06.29 01:26:11.093,1.36209,1.36236,2.45,1.50
2011.06.29 01:26:11.426,1.36216,1.36236,2.40,1.50
2011.06.29 01:26:11.535,1.36216,1.36239,2.40,1.50
2011.06.29 01:26:19.830,1.36216,1.36238,2.40,1.50
2011.06.29 01:26:20.325,1.36216,1.36238,2.40,1.50
2011.06.29 01:26:24.565,1.36216,1.36236,2.40,2.25
2011.06.29 01:26:24.895,1.36216,1.36236,2.40,1.50
2011.06.29 01:26:25.115,1.36217,1.36239,1.10,1.50
2011.06.29 01:26:29.337,1.36215,1.36239,1.10,2.25
2011.06.29 01:26:30.627,1.36211,1.36235,1.10,1.50
2011.06.29 01:26:31.735,1.36214,1.36232,1.10,1.50
2011.06.29 01:26:32.915,1.36213,1.36235,1.10,1.50
2011.06.29 01:26:45.606,1.36211,1.36235,1.10,1.50
2011.06.29 01:26:46.402,1.36209,1.36235,2.75,1.35
2011.06.29 01:26:46.522,1.36207,1.36233,1.10,1.50
2011.06.29 01:26:46.636,1.36207,1.3623,1.10,1.50
2011.06.29 01:26:50.316,1.36208,1.3623,1.10,1.50
2011.06.29 01:26:50.538,1.36207,1.36232,1.10,1.13
2011.06.29 01:26:53.296,1.36213,1.36233,1.13,1.50
2011.06.29 01:26:53.406,1.36213,1.36234,2.78,1.50
2011.06.29 01:26:53.626,1.36213,1.36237,2.03,1.50
2011.06.29 01:26:54.235,1.36213,1.36239,2.03,1.50
2011.06.29 01:26:55.276,1.36213,1.36239,1.65,1.50
2011.06.29 01:26:55.386,1.36209,1.36239,1.10,1.50
2011.06.29 01:26:55.717,1.3621,1.3623,1.10,1.13
2011.06.29 01:26:55.936,1.36204,1.36227,1.10,1.50
2011.06.29 01:26:56.046,1.36204,1.36228,1.10,2.25
2011.06.29 01:26:58.767,1.36204,1.36227,1.10,1.13
2011.06.29 01:26:59.097,1.36198,1.36219,1.10,1.50
2011.06.29 01:26:59.537,1.36193,1.36218,1.70,1.50
2011.06.29 01:26:59.648,1.36193,1.36218,3.35,1.50
2011.06.29 01:26:59.976,1.36193,1.36219,3.35,1.50
2011.06.29 01:27:00.086,1.36196,1.36221,1.50,1.50
2011.06.29 01:27:00.873,1.36197,1.36221,1.10,1.50
2011.06.29 01:27:02.295,1.36197,1.36221,1.10,1.50
2011.06.29 01:27:02.778,1.36196,1.36221,1.85,1.50
2011.06.29 01:27:03.216,1.36194,1.36218,2.75,1.50
2011.06.29 01:27:04.305,1.36189,1.36213,1.10,1.50
2011.06.29 01:27:05.098,1.36189,1.36213,1.10,1.50
2011.06.29 01:27:06.057,1.36194,1.36216,1.10,1.13
2011.06.29 01:27:06.280,1.36194,1.36218,1.10,1.50
2011.06.29 01:27:06.986,1.36201,1.3622,1.65,1.50
2011.06.29 01:27:08.397,1.36201,1.36225,2.40,1.50
2011.06.29 01:27:09.005,1.36201,1.36226,2.40,1.50
2011.06.29 01:27:10.646,1.36201,1.36225,2.40,1.50
2011.06.29 01:27:12.066,1.36203,1.36228,1.10,1.13
2011.06.29 01:27:16.259,1.36203,1.36228,1.10,1.13
2011.06.29 01:27:16.615,1.36206,1.36229,1.35,1.13
2011.06.29 01:27:16.727,1.36207,1.36232,1.10,1.50
2011.06.29 01:27:17.373,1.36205,1.36232,4.10,1.50
2011.06.29 01:27:17.705,1.36206,1.36231,1.10,1.13
2011.06.29 01:27:17.816,1.36205,1.36229,1.10,3.38
2011.06.29 01:27:17.925,1.36203,1.36228,1.10,1.50
2011.06.29 01:27:18.145,1.36197,1.36228,1.10,1.88
2011.06.29 01:27:18.255,1.36197,1.36225,1.10,1.13
2011.06.29 01:27:19.606,1.36199,1.36224,1.10,1.13
2011.06.29 01:27:21.456,1.36201,1.36224,1.13,1.13
2011.06.29 01:27:21.676,1.36208,1.36227,2.40,1.50
2011.06.29 01:27:23.426,1.36208,1.36228,2.40,1.50
2011.06.29 01:27:25.157,1.36208,1.3623,2.40,1.50
2011.06.29 01:27:25.766,1.36211,1.3623,1.65,1.50
2011.06.29 01:27:26.095,1.36211,1.36226,1.65,1.50
2011.06.29 01:27:26.646,1.36209,1.36226,1.35,1.50
2011.06.29 01:27:29.846,1.36204,1.36224,2.40,1.50
2011.06.29 01:27:32.315,1.36203,1.36224,1.10,1.50
2011.06.29 01:27:32.746,1.36203,1.36223,1.10,1.50
2011.06.29 01:27:33.818,1.36203,1.36223,1.10,1.50
2011.06.29 01:27:34.686,1.36203,1.36223,1.10,1.50
2011.06.29 01:27:34.795,1.36203,1.36223,1.10,1.50
2011.06.29 01:27:35.126,1.36202,1.36223,1.10,1.50
2011.06.29 01:27:35.715,1.36203,1.36223,1.10,1.50
2011.06.29 01:27:36.719,1.36202,1.36223,1.10,1.50
2011.06.29 01:27:37.596,1.36203,1.36223,1.10,1.50
2011.06.29 01:27:43.156,1.36207,1.36224,1.13,1.50
2011.06.29 01:27:43.943,1.36207,1.36225,1.47,1.50
2011.06.29 01:27:46.425,1.36207,1.36225,1.10,1.50
2011.06.29 01:27:46.646,1.36206,1.36228,1.10,1.50
2011.06.29 01:27:46.865,1.36206,1.36228,1.10,1.50
2011.06.29 01:27:52.007,1.36206,1.36228,1.10,1.50
2011.06.29 01:27:54.816,1.36203,1.36224,1.10,1.50
2011.06.29 01:27:55.696,1.36203,1.36225,1.10,1.50
2011.06.29 01:28:00.646,1.36203,1.36226,1.10,1.50
2011.06.29 01:28:00.977,1.36207,1.36229,1.13,1.50
2011.06.29 01:28:01.305,1.36206,1.36231,1.47,1.50
2011.06.29 01:28:04.007,1.36213,1.36231,1.13,1.50
2011.06.29 01:28:04.335,1.36213,1.36233,2.78,1.50
2011.06.29 01:28:05.596,1.36213,1.36237,3.72,1.50
2011.06.29 01:28:05.815,1.36213,1.36236,3.72,1.50
2011.06.29 01:28:06.036,1.36217,1.36236,1.13,1.50
2011.06.29 01:28:06.256,1.36218,1.36241,1.13,1.50
2011.06.29 01:28:06.689,1.36217,1.36241,2.75,2.25
2011.06.29 01:28:07.029,1.36226,1.36246,1.65,1.50
2011.06.29 01:28:07.140,1.36219,1.36246,2.07,1.50
2011.06.29 01:28:07.695,1.36218,1.36246,3.87,1.50
2011.06.29 01:28:14.106,1.36218,1.36244,1.10,1.50
2011.06.29 01:28:14.217,1.3622,1.36244,1.10,1.50
2011.06.29 01:28:15.837,1.3622,1.36244,1.10,1.50
2011.06.29 01:28:16.600,1.36216,1.36238,1.10,1.50
2011.06.29 01:28:19.657,1.36217,1.36239,1.13,1.50
2011.06.29 01:28:19.876,1.36219,1.36242,2.40,1.50
2011.06.29 01:28:20.206,1.3622,1.36242,2.40,1.50
2011.06.29 01:28:20.426,1.36218,1.36242,2.75,1.50
2011.06.29 01:28:20.756,1.36218,1.36233,1.10,1.65
2011.06.29 01:28:21.087,1.36215,1.3623,1.10,2.40
2011.06.29 01:28:21.197,1.3621,1.36231,1.10,2.40
2011.06.29 01:28:21.306,1.3621,1.36235,1.10,1.73
2011.06.29 01:28:21.416,1.36211,1.36234,1.10,2.25
2011.06.29 01:28:21.832,1.36206,1.36233,1.47,2.25
2011.06.29 01:28:22.166,1.36202,1.36231,1.10,1.50
2011.06.29 01:28:22.498,1.36195,1.36221,1.85,1.50
2011.06.29 01:28:22.716,1.36195,1.36219,1.85,1.50
2011.06.29 01:28:23.277,1.36196,1.36221,1.32,2.25
2011.06.29 01:28:23.387,1.36197,1.36221,2.75,1.50
2011.06.29 01:28:23.957,1.36197,1.36221,2.75,1.50
2011.06.29 01:28:24.966,1.36198,1.36222,1.10,1.50
2011.06.29 01:28:25.456,1.362,1.36225,1.10,1.50
2011.06.29 01:28:25.803,1.36202,1.36226,1.10,1.50
2011.06.29 01:28:27.529,1.36202,1.36226,1.10,1.50
2011.06.29 01:28:27.857,1.36202,1.36221,1.10,1.50
2011.06.29 01:28:28.407,1.36204,1.36221,1.10,1.50
2011.06.29 01:28:28.736,1.36209,1.36228,1.70,2.25
2011.06.29 01:28:28.846,1.3621,1.36228,1.70,1.50
2011.06.29 01:28:29.176,1.36212,1.36228,1.65,1.50
2011.06.29 01:28:29.286,1.36212,1.3623,3.12,1.50
2011.06.29 01:28:29.397,1.36217,1.3623,1.35,1.50
2011.06.29 01:28:29.507,1.36221,1.36235,1.65,1.50
2011.06.29 01:28:29.726,1.36221,1.36237,1.65,1.50
2011.06.29 01:28:29.836,1.36221,1.36237,2.40,1.50
2011.06.29 01:28:30.865,1.36221,1.36238,1.65,1.50
2011.06.29 01:28:30.976,1.36221,1.36238,2.00,1.50
2011.06.29 01:28:34.058,1.36222,1.36238,1.10,1.50
2011.06.29 01:28:34.167,1.36218,1.36237,1.85,1.50
2011.06.29 01:28:34.745,1.36219,1.36238,1.10,1.88
2011.06.29 01:28:39.397,1.36215,1.36232,1.35,1.50
2011.06.29 01:28:39.616,1.36213,1.36232,1.10,1.50
2011.06.29 01:28:40.498,1.36213,1.36232,1.70,1.50
2011.06.29 01:28:40.716,1.36218,1.36237,1.10,1.50
2011.06.29 01:28:42.034,1.3622,1.3624,1.10,1.50
2011.06.29 01:28:42.145,1.36222,1.3624,1.10,1.50
2011.06.29 01:28:44.157,1.36223,1.3624,1.47,1.50
2011.06.29 01:28:44.379,1.36222,1.3624,1.10,1.50
2011.06.29 01:28:50.861,1.36222,1.36241,1.10,1.88
2011.06.29 01:28:51.456,1.36221,1.36244,1.10,1.50
2011.06.29 01:28:52.323,1.36222,1.36242,1.10,1.50
2011.06.29 01:29:05.498,1.36225,1.36242,1.65,1.50
2011.06.29 01:29:06.038,1.36225,1.3624,1.65,1.50
2011.06.29 01:29:06.147,1.36225,1.36242,1.65,2.25
2011.06.29 01:29:06.943,1.36223,1.36242,1.10,2.25
2011.06.29 01:29:07.128,1.36222,1.3624,1.10,1.50
2011.06.29 01:29:09.606,1.36222,1.3624,1.10,1.50
2011.06.29 01:29:09.825,1.36218,1.36238,1.10,1.50
2011.06.29 01:29:13.012,1.36222,1.36243,1.10,1.13
2011.06.29 01:29:14.837,1.36222,1.36244,1.10,2.40
2011.06.29 01:29:18.568,1.36218,1.36239,1.10,1.50
2011.06.29 01:29:18.787,1.36214,1.36236,1.10,1.50
2011.06.29 01:29:19.336,1.36215,1.36236,1.10,1.50
2011.06.29 01:29:20.059,1.36218,1.36237,1.10,2.40
2011.06.29 01:29:20.276,1.36214,1.36234,1.10,1.35
2011.06.29 01:29:20.386,1.36214,1.36234,1.10,1.35
2011.06.29 01:29:20.947,1.36214,1.36234,1.10,1.35
2011.06.29 01:29:21.057,1.36217,1.36236,1.10,1.50
2011.06.29 01:29:21.165,1.36219,1.36239,1.10,2.78
2011.06.29 01:29:29.286,1.36219,1.36239,1.10,2.78
2011.06.29 01:29:29.726,1.36219,1.3624,1.10,1.50
2011.06.29 01:29:33.439,1.36215,1.36238,1.10,1.50
2011.06.29 01:29:33.657,1.36213,1.36238,1.10,1.50
2011.06.29 01:29:34.388,1.36209,1.36234,1.10,1.50
2011.06.29 01:29:35.696,1.36209,1.36234,1.10,2.10
2011.06.29 01:29:36.137,1.36215,1.36234,1.50,2.10
2011.06.29 01:29:37.000,1.36215,1.36234,1.85,1.35
2011.06.29 01:29:37.498,1.36213,1.36233,1.10,1.50
2011.06.29 01:29:37.828,1.36205,1.36228,1.10,1.35
2011.06.29 01:29:38.048,1.36203,1.36228,1.10,3.00
2011.06.29 01:29:38.269,1.36205,1.36226,1.10,1.50
2011.06.29 01:29:38.856,1.36205,1.36226,1.10,1.50
2011.06.29 01:29:39.186,1.36207,1.36228,1.10,1.35
2011.06.29 01:29:40.066,1.36207,1.36227,1.10,2.40
2011.06.29 01:29:40.176,1.36203,1.36227,1.10,2.40
2011.06.29 01:29:41.666,1.36203,1.36228,1.10,2.10
2011.06.29 01:29:42.216,1.36203,1.36228,1.10,2.10
2011.06.29 01:29:42.656,1.36203,1.36228,1.85,2.10
2011.06.29 01:29:42.876,1.36204,1.36228,1.10,2.10
2011.06.29 01:29:43.097,1.36207,1.36228,1.10,1.35
2011.06.29 01:29:43.426,1.36207,1.36228,1.10,1.35
2011.06.29 01:29:43.976,1.36207,1.36228,1.85,1.35
2011.06.29 01:29:44.678,1.36207,1.36228,1.10,1.35
2011.06.29 01:29:45.008,1.36211,1.36228,1.10,1.35
2011.06.29 01:29:45.227,1.36211,1.36232,1.10,1.65
2011.06.29 01:29:45.336,1.36211,1.36234,1.10,1.50
2011.06.29 01:29:45.447,1.36211,1.36234,1.10,1.50
2011.06.29 01:29:46.477,1.36211,1.36229,1.10,1.65
2011.06.29 01:29:46.973,1.36207,1.36229,1.10,2.40
2011.06.29 01:29:47.087,1.36204,1.36229,1.85,2.40
2011.06.29 01:29:47.196,1.36204,1.36229,1.10,2.40
2011.06.29 01:29:48.146,1.36204,1.36229,1.10,3.15
2011.06.29 01:29:48.506,1.36204,1.36229,1.85,3.15
2011.06.29 01:29:49.056,1.36204,1.36229,1.10,1.50
2011.06.29 01:29:49.168,1.362,1.36222,1.10,1.50
2011.06.29 01:29:49.703,1.36198,1.36222,1.10,1.50
2011.06.29 01:29:52.217,1.362,1.36222,1.10,1.50
2011.06.29 01:29:52.545,1.36203,1.36223,1.10,3.00
2011.06.29 01:29:54.266,1.36203,1.36223,1.85,3.38
2011.06.29 01:29:54.599,1.36209,1.36227,1.47,1.50
2011.06.29 01:29:54.981,1.36209,1.36227,1.47,3.15
2011.06.29 01:29:55.096,1.36212,1.36227,1.10,2.40
2011.06.29 01:29:55.316,1.36212,1.3623,1.10,1.73
2011.06.29 01:29:58.126,1.36212,1.3623,1.10,2.85
2011.06.29 01:29:58.456,1.36212,1.36221,1.10,1.65
2011.06.29 01:29:58.566,1.36212,1.36231,1.10,3.15
2011.06.29 01:29:59.867,1.36212,1.36231,1.10,1.50
2011.06.29 01:30:00.086,1.36212,1.36231,1.47,1.50
2011.06.29 01:30:00.416,1.36219,1.36231,1.10,2.40
2011.06.29 01:30:00.855,1.36217,1.36231,1.10,3.15
2011.06.29 01:30:00.966,1.36215,1.36231,1.10,3.15
2011.06.29 01:30:08.847,1.36215,1.36231,1.47,1.50
2011.06.29 01:30:08.957,1.36216,1.36234,1.10,1.50
2011.06.29 01:30:09.507,1.36217,1.36235,1.10,1.50
2011.06.29 01:30:10.297,1.36217,1.36235,1.47,1.50
2011.06.29 01:30:11.257,1.36226,1.36236,1.88,1.50
2011.06.29 01:30:11.479,1.36241,1.36256,1.10,1.79
2011.06.29 01:30:11.807,1.36241,1.3626,1.10,3.15
2011.06.29 01:30:12.026,1.36241,1.3626,1.10,3.15
2011.06.29 01:30:12.465,1.36239,1.3626,1.10,1.50
2011.06.29 01:30:12.796,1.36239,1.3626,1.10,1.50
2011.06.29 01:30:15.876,1.36235,1.3626,1.10,1.50
2011.06.29 01:30:16.426,1.3624,1.3626,1.10,1.50
2011.06.29 01:30:18.466,1.3624,1.3626,1.10,1.50
2011.06.29 01:30:18.805,1.3624,1.3626,1.10,1.50
2011.06.29 01:30:19.251,1.36236,1.36261,1.70,2.40
2011.06.29 01:30:19.367,1.36234,1.36264,1.10,1.50
2011.06.29 01:30:19.927,1.36237,1.36264,1.35,1.50
2011.06.29 01:30:20.147,1.36237,1.36258,1.35,2.40
2011.06.29 01:30:20.585,1.36235,1.36264,1.35,1.50
2011.06.29 01:30:24.978,1.36233,1.36259,2.00,1.50
2011.06.29 01:30:25.199,1.36226,1.36254,1.10,1.88
2011.06.29 01:30:25.421,1.36226,1.36252,1.50,2.40
2011.06.29 01:30:25.977,1.36224,1.3625,1.10,1.50
2011.06.29 01:30:26.308,1.36221,1.36253,3.50,1.50
2011.06.29 01:30:26.529,1.36228,1.36257,2.75,1.50
2011.06.29 01:30:26.638,1.36227,1.36257,2.45,1.50
2011.06.29 01:30:26.747,1.36229,1.36258,1.13,1.50
2011.06.29 01:30:27.406,1.36233,1.36263,2.40,1.35
2011.06.29 01:30:27.955,1.36235,1.36263,1.10,1.35
2011.06.29 01:30:28.286,1.3624,1.36263,1.10,3.00
2011.06.29 01:30:28.396,1.36236,1.36263,1.10,3.00
2011.06.29 01:30:28.849,1.36236,1.36263,1.10,3.00
2011.06.29 01:30:29.243,1.36235,1.36257,1.10,1.35
2011.06.29 01:30:29.358,1.3623,1.36256,1.10,1.50
2011.06.29 01:30:30.398,1.3623,1.36256,1.10,1.50
2011.06.29 01:30:31.996,1.3623,1.36256,1.10,1.50
2011.06.29 01:30:32.546,1.36233,1.36257,1.10,1.35
2011.06.29 01:30:33.096,1.3623,1.36257,1.10,1.35
2011.06.29 01:30:33.206,1.36231,1.36257,1.50,1.35
2011.06.29 01:30:34.306,1.3623,1.36257,3.50,1.35
2011.06.29 01:30:34.525,1.3623,1.36257,3.50,1.35
2011.06.29 01:30:34.967,1.3623,1.36257,1.10,1.35
2011.06.29 01:30:35.186,1.36227,1.36257,2.40,1.35
2011.06.29 01:30:35.515,1.3623,1.36256,1.10,1.50
2011.06.29 01:30:36.767,1.36229,1.36255,1.10,2.40
2011.06.29 01:30:36.987,1.3623,1.36255,1.10,2.40
2011.06.29 01:30:37.206,1.3623,1.36256,1.10,1.50
2011.06.29 01:30:37.767,1.3623,1.36256,1.10,1.50
2011.06.29 01:30:39.146,1.3623,1.36256,1.10,1.50
2011.06.29 01:30:40.026,1.36234,1.36259,1.10,1.50
2011.06.29 01:30:41.939,1.36233,1.36259,1.10,1.50
2011.06.29 01:30:42.501,1.36233,1.36259,1.10,3.15
2011.06.29 01:30:43.056,1.36229,1.36259,4.10,1.50
2011.06.29 01:30:43.386,1.36231,1.36261,1.10,2.40
2011.06.29 01:30:46.246,1.36235,1.36261,1.85,2.40
2011.06.29 01:30:46.896,1.36235,1.36261,1.10,2.40
2011.06.29 01:30:47.227,1.36235,1.3626,1.10,2.40
2011.06.29 01:30:47.556,1.36235,1.36262,1.10,2.40
2011.06.29 01:30:48.997,1.36232,1.3626,1.10,1.50
2011.06.29 01:30:49.438,1.3623,1.36254,1.10,1.50
2011.06.29 01:30:49.657,1.3623,1.36254,1.10,1.50
2011.06.29 01:30:49.877,1.36229,1.36258,1.10,3.75
2011.06.29 01:30:52.311,1.36233,1.36253,1.10,1.50
2011.06.29 01:30:53.317,1.36233,1.36254,1.10,2.25
2011.06.29 01:30:53.536,1.3623,1.36256,1.35,1.50
2011.06.29 01:30:58.187,1.36236,1.36256,1.10,1.50
2011.06.29 01:30:58.304,1.36236,1.36256,1.10,1.50
2011.06.29 01:30:58.419,1.36232,1.36253,1.85,1.50
2011.06.29 01:30:58.976,1.36232,1.36253,1.85,1.50
2011.06.29 01:30:59.418,1.36233,1.36252,3.12,1.50
2011.06.29 01:30:59.526,1.36234,1.36257,1.47,1.50
2011.06.29 01:30:59.857,1.36234,1.36256,1.10,1.50
2011.06.29 01:31:00.296,1.36234,1.36261,1.10,2.40
2011.06.29 01:31:00.517,1.36234,1.36261,1.85,2.40
2011.06.29 01:31:02.487,1.36234,1.36259,1.10,2.40
2011.06.29 01:31:02.707,1.36235,1.36262,1.47,1.50
2011.06.29 01:31:03.036,1.36234,1.36259,2.22,2.40
2011.06.29 01:31:03.256,1.36235,1.36259,1.47,2.40
2011.06.29 01:31:03.805,1.36234,1.36262,1.47,3.15
2011.06.29 01:31:04.357,1.36234,1.36262,1.47,3.15
2011.06.29 01:31:07.049,1.36236,1.36262,1.47,3.15
2011.06.29 01:31:07.266,1.36234,1.36262,2.22,1.50
2011.06.29 01:31:09.986,1.36234,1.36262,2.22,1.50
2011.06.29 01:31:10.797,1.36234,1.36257,2.22,1.50
2011.06.29 01:31:10.908,1.36234,1.36258,1.10,1.50
2011.06.29 01:31:11.235,1.36235,1.36258,2.37,1.50
2011.06.29 01:31:12.530,1.36234,1.36257,2.22,1.50
2011.06.29 01:31:12.746,1.36234,1.36258,2.22,1.50
2011.06.29 01:31:14.289,1.36234,1.36256,1.13,1.50
2011.06.29 01:31:14.507,1.36236,1.36256,1.13,1.50
2011.06.29 01:31:16.977,1.36239,1.3626,1.13,1.50
2011.06.29 01:31:17.308,1.36239,1.36262,2.25,1.50
2011.06.29 01:31:17.526,1.36237,1.36261,2.23,2.40
2011.06.29 01:31:17.966,1.36237,1.36261,1.13,2.40
2011.06.29 01:31:18.576,1.36238,1.36261,1.13,2.40
2011.06.29 01:31:19.129,1.36238,1.36263,1.13,1.50
2011.06.29 01:31:22.527,1.3624,1.36263,1.85,1.50
2011.06.29 01:31:23.186,1.3624,1.36262,1.85,1.50
2011.06.29 01:31:23.626,1.36238,1.3626,1.10,1.50
2011.06.29 01:31:23.736,1.36237,1.3626,1.10,1.50
2011.06.29 01:31:24.176,1.36237,1.36259,1.10,1.50
2011.06.29 01:31:24.620,1.36234,1.36262,2.48,1.50
2011.06.29 01:31:25.176,1.36233,1.36266,4.10,1.50
2011.06.29 01:31:25.287,1.36233,1.36266,4.10,1.50
2011.06.29 01:31:25.396,1.36234,1.36262,2.60,1.50
2011.06.29 01:31:25.617,1.36238,1.36265,2.25,1.50
2011.06.29 01:31:26.056,1.36239,1.36263,1.47,1.50
2011.06.29 01:31:26.606,1.36239,1.36261,1.47,1.50
2011.06.29 01:31:27.218,1.36239,1.36262,1.47,1.50
2011.06.29 01:31:31.156,1.36235,1.36261,2.22,1.50
2011.06.29 01:31:31.758,1.36235,1.36261,1.47,1.88
2011.06.29 01:31:32.335,1.36235,1.36257,1.47,1.50
2011.06.29 01:31:34.475,1.36235,1.36259,1.47,1.50
2011.06.29 01:31:36.456,1.36235,1.36259,1.47,1.50
2011.06.29 01:31:37.167,1.36237,1.36259,2.03,1.50
2011.06.29 01:31:37.497,1.36237,1.36262,2.00,1.50
2011.06.29 01:31:37.720,1.36237,1.3626,3.12,1.50
2011.06.29 01:31:38.057,1.36235,1.36266,2.40,1.50
2011.06.29 01:31:39.597,1.36235,1.36266,1.65,1.50
2011.06.29 01:31:41.518,1.36234,1.36261,4.25,2.78
2011.06.29 01:31:41.627,1.36236,1.36258,1.10,2.40
2011.06.29 01:31:41.846,1.36234,1.36258,1.85,2.40
2011.06.29 01:31:41.956,1.36234,1.36258,1.10,2.40
2011.06.29 01:31:43.037,1.36234,1.36258,1.47,2.40
2011.06.29 01:31:43.147,1.36236,1.3626,1.13,1.50
2011.06.29 01:31:43.794,1.36233,1.3626,1.85,1.50
2011.06.29 01:31:44.637,1.36233,1.3626,1.47,1.50
2011.06.29 01:31:48.847,1.36232,1.36259,1.10,1.50
2011.06.29 01:31:48.957,1.36232,1.36258,1.47,1.50
2011.06.29 01:31:49.287,1.36232,1.36258,1.47,1.50
2011.06.29 01:31:50.976,1.36232,1.36258,1.10,1.50
2011.06.29 01:31:51.545,1.36232,1.36258,1.10,1.50
2011.06.29 01:31:52.095,1.36237,1.36258,1.13,1.50
2011.06.29 01:31:54.545,1.36237,1.36253,1.13,1.50
2011.06.29 01:31:55.366,1.36237,1.36256,1.13,1.50
2011.06.29 01:31:58.082,1.36232,1.36253,1.10,1.50
2011.06.29 01:31:58.197,1.3623,1.36253,1.13,1.50
2011.06.29 01:31:58.306,1.3623,1.36252,1.47,1.50
2011.06.29 01:31:58.855,1.3623,1.3625,1.10,1.50
2011.06.29 01:31:59.417,1.36228,1.3625,1.85,1.50
2011.06.29 01:32:00.115,1.36229,1.3625,1.10,1.50
2011.06.29 01:32:00.445,1.36229,1.3625,1.10,1.50
2011.06.29 01:32:07.755,1.36232,1.36256,1.13,1.50
2011.06.29 01:32:08.057,1.36232,1.36254,1.13,1.50
2011.06.29 01:32:15.127,1.36234,1.36256,1.10,1.50
2011.06.29 01:32:15.677,1.36232,1.36254,3.12,1.50
2011.06.29 01:32:16.226,1.36231,1.36254,2.40,1.50
2011.06.29 01:32:18.486,1.36231,1.36254,2.40,1.50
2011.06.29 01:32:18.596,1.36234,1.36254,1.47,1.50
2011.06.29 01:32:19.536,1.36241,1.36254,1.65,1.50
2011.06.29 01:32:20.131,1.36234,1.36254,2.75,1.50
2011.06.29 01:32:20.251,1.36234,1.36254,1.10,1.50
2011.06.29 01:32:21.086,1.36232,1.36254,1.88,1.50
2011.06.29 01:32:32.969,1.36232,1.36251,2.40,1.50
2011.06.29 01:32:34.076,1.36231,1.36251,2.75,1.50
2011.06.29 01:32:34.297,1.36228,1.36251,1.47,1.50
2011.06.29 01:32:34.845,1.36229,1.3625,1.47,1.50
2011.06.29 01:32:39.087,1.36232,1.36253,1.65,1.50
2011.06.29 01:32:39.197,1.3623,1.36253,2.00,1.50
2011.06.29 01:32:39.527,1.36229,1.36253,1.10,1.50
2011.06.29 01:32:39.860,1.36233,1.36254,4.36,1.50
2011.06.29 01:32:39.976,1.36237,1.36264,1.35,1.50
2011.06.29 01:32:40.086,1.36237,1.36264,1.35,1.50
2011.06.29 01:32:40.416,1.3624,1.36267,1.65,1.50
2011.06.29 01:32:41.186,1.36243,1.36267,1.10,1.50
2011.06.29 01:32:41.297,1.36243,1.36269,1.65,1.50
2011.06.29 01:32:43.766,1.36247,1.36269,1.65,1.50
2011.06.29 01:32:50.916,1.36247,1.36267,1.65,1.50
2011.06.29 01:32:51.027,1.36243,1.36269,2.00,1.50
2011.06.29 01:32:52.296,1.36243,1.36269,2.00,1.50
2011.06.29 01:32:57.968,1.36245,1.36269,1.32,1.50
2011.06.29 01:32:58.077,1.36245,1.36269,1.32,1.50
2011.06.29 01:32:58.188,1.36251,1.36269,1.65,1.50
2011.06.29 01:32:58.298,1.36244,1.36269,3.20,1.50
2011.06.29 01:32:58.407,1.36244,1.36269,3.20,1.50
2011.06.29 01:33:00.306,1.36242,1.36269,2.75,1.50
2011.06.29 01:33:00.757,1.3625,1.36269,1.65,1.50
2011.06.29 01:33:00.979,1.3625,1.36269,1.65,1.50
2011.06.29 01:33:01.418,1.36246,1.36275,1.85,1.50
2011.06.29 01:33:01.527,1.36246,1.36275,1.10,1.50
2011.06.29 01:33:03.636,1.36252,1.36275,1.65,1.50
2011.06.29 01:33:07.077,1.36252,1.36274,1.65,1.50
2011.06.29 01:33:07.187,1.3625,1.36271,1.65,1.50
2011.06.29 01:33:07.297,1.3625,1.36271,1.65,1.50
2011.06.29 01:33:07.859,1.36245,1.36271,1.10,1.50
2011.06.29 01:33:08.338,1.3625,1.36271,1.65,1.50
2011.06.29 01:33:08.668,1.36245,1.36271,2.75,1.50
2011.06.29 01:33:09.688,1.36245,1.36271,2.75,1.50
2011.06.29 01:33:09.907,1.3625,1.36271,1.65,1.50
2011.06.29 01:33:11.117,1.36243,1.36268,2.00,1.50
2011.06.29 01:33:12.078,1.36243,1.36268,2.00,1.50
2011.06.29 01:33:12.408,1.36239,1.36264,1.10,1.50
2011.06.29 01:33:12.626,1.36239,1.36264,1.10,1.50
2011.06.29 01:33:13.516,1.36239,1.36264,1.10,1.50
2011.06.29 01:33:13.850,1.36251,1.36265,1.65,1.50
2011.06.29 01:33:13.957,1.36251,1.36268,1.65,1.88
2011.06.29 01:33:14.506,1.3625,1.36271,1.65,1.50
2011.06.29 01:33:16.596,1.36248,1.36271,1.65,1.50
2011.06.29 01:33:16.706,1.36245,1.36271,1.65,1.50
2011.06.29 01:33:17.236,1.36242,1.36268,2.00,1.50
2011.06.29 01:33:18.506,1.36242,1.36264,1.65,1.50
2011.06.29 01:33:18.617,1.36242,1.36264,1.65,1.50
2011.06.29 01:33:26.057,1.36236,1.36261,1.10,1.73
2011.06.29 01:33:26.277,1.36229,1.36261,3.50,2.48
2011.06.29 01:33:28.308,1.36229,1.36255,2.00,1.35
2011.06.29 01:33:29.186,1.36232,1.36255,1.10,1.35
2011.06.29 01:33:30.641,1.36232,1.3626,1.10,1.50
2011.06.29 01:33:31.169,1.36232,1.3626,1.47,1.50
2011.06.29 01:33:31.277,1.36232,1.3626,1.47,1.50
2011.06.29 01:33:31.498,1.36232,1.3626,1.47,1.50
2011.06.29 01:33:31.976,1.36232,1.3626,1.47,1.50
2011.06.29 01:33:32.919,1.36232,1.3626,1.47,1.50
2011.06.29 01:33:33.407,1.36232,1.3626,3.12,1.50
2011.06.29 01:33:35.227,1.36236,1.3626,1.35,1.50
2011.06.29 01:33:35.337,1.36244,1.3626,1.65,1.50
2011.06.29 01:33:35.887,1.36239,1.36264,2.25,1.50
2011.06.29 01:33:36.217,1.36237,1.36264,1.10,1.50
2011.06.29 01:33:40.174,1.36235,1.36261,1.10,1.50
2011.06.29 01:33:40.285,1.36234,1.36261,1.47,1.50
2011.06.29 01:33:40.725,1.36234,1.36261,1.47,2.10
2011.06.29 01:33:51.008,1.36235,1.36261,2.45,1.50
2011.06.29 01:33:51.337,1.36251,1.36268,2.03,1.50
2011.06.29 01:33:51.446,1.36256,1.36282,1.32,1.50
2011.06.29 01:33:51.776,1.36258,1.36282,2.40,1.50
2011.06.29 01:33:51.888,1.36263,1.3629,2.37,1.50
2011.06.29 01:33:52.216,1.36271,1.36294,1.35,1.50
2011.06.29 01:33:52.545,1.36275,1.36297,2.03,1.50
2011.06.29 01:33:52.766,1.36275,1.36297,1.65,1.50
2011.06.29 01:33:53.370,1.36268,1.36294,1.65,1.50
2011.06.29 01:33:53.597,1.36262,1.36288,1.47,1.50
2011.06.29 01:33:55.164,1.36262,1.36288,1.32,1.50
2011.06.29 01:33:55.924,1.36263,1.36288,1.32,1.50
2011.06.29 01:33:56.798,1.36282,1.3629,2.25,1.50
2011.06.29 01:33:57.017,1.36282,1.36305,2.25,1.50
2011.06.29 01:33:57.346,1.36281,1.36305,2.97,1.50
2011.06.29 01:33:57.454,1.36281,1.36305,2.37,1.50
2011.06.29 01:33:57.566,1.36281,1.36305,2.37,1.50
2011.06.29 01:33:58.006,1.36281,1.36305,2.60,1.50
2011.06.29 01:33:58.335,1.36281,1.36305,2.60,1.50
2011.06.29 01:33:58.445,1.36281,1.36305,2.60,1.50
2011.06.29 01:33:58.996,1.36274,1.36301,1.70,1.50
2011.06.29 01:33:59.215,1.36274,1.36301,1.70,1.50
2011.06.29 01:33:59.326,1.36274,1.36299,1.35,1.50
2011.06.29 01:33:59.655,1.36273,1.36299,2.60,1.50
2011.06.29 01:34:02.015,1.36277,1.36299,2.48,1.50
2011.06.29 01:34:02.126,1.36287,1.36299,1.65,1.50
2011.06.29 01:34:02.236,1.36282,1.36304,1.50,1.50
2011.06.29 01:34:02.347,1.36282,1.36304,1.88,1.50
2011.06.29 01:34:02.456,1.36284,1.36308,1.10,1.50
2011.06.29 01:34:02.566,1.36285,1.36308,1.10,1.50
2011.06.29 01:34:02.895,1.36281,1.36308,1.10,1.50
2011.06.29 01:34:06.206,1.36282,1.36308,2.45,1.50
2011.06.29 01:34:06.538,1.36287,1.36313,2.97,1.50
2011.06.29 01:34:06.646,1.36291,1.36313,1.65,1.50
2011.06.29 01:34:07.426,1.36287,1.36314,1.10,1.50
2011.06.29 01:34:07.757,1.36291,1.36314,1.65,1.50
2011.06.29 01:34:07.866,1.36291,1.36314,1.65,1.50
2011.06.29 01:34:08.415,1.36291,1.36314,1.65,1.50
2011.06.29 01:34:09.869,1.36292,1.36314,1.65,1.50
2011.06.29 01:34:09.991,1.36291,1.36313,1.50,1.50
2011.06.29 01:34:11.126,1.36291,1.36313,1.35,1.50
2011.06.29 01:34:11.236,1.36291,1.36313,2.10,1.50
2011.06.29 01:34:11.566,1.36303,1.36318,2.25,1.50
2011.06.29 01:34:12.312,1.36303,1.36318,2.25,2.25
2011.06.29 01:34:13.654,1.36295,1.36316,2.60,1.50
2011.06.29 01:34:15.095,1.36295,1.36315,2.60,1.50
2011.06.29 01:34:15.315,1.36289,1.36308,3.35,1.50
2011.06.29 01:34:16.244,1.36289,1.36308,3.35,1.50
2011.06.29 01:34:18.385,1.36289,1.3631,3.00,1.50
2011.06.29 01:34:18.496,1.36289,1.36306,1.65,1.50
2011.06.29 01:34:21.816,1.36289,1.36305,1.65,1.50
2011.06.29 01:34:21.927,1.36284,1.36305,1.10,1.50
2011.06.29 01:34:22.569,1.36285,1.36305,1.10,1.50
2011.06.29 01:34:23.715,1.36284,1.36305,1.85,1.50
2011.06.29 01:34:23.936,1.36282,1.36302,1.10,1.50
2011.06.29 01:34:24.535,1.36282,1.36301,1.10,1.50
2011.06.29 01:34:24.936,1.36281,1.36301,2.75,1.50
2011.06.29 01:34:25.375,1.36281,1.36301,2.00,1.50
2011.06.29 01:34:26.466,1.36283,1.36301,1.65,1.50
2011.06.29 01:34:26.687,1.36283,1.36301,1.65,1.50
2011.06.29 01:34:26.798,1.36283,1.36301,1.65,1.50
2011.06.29 01:34:26.908,1.36285,1.36305,1.10,1.50
2011.06.29 01:34:27.128,1.3628,1.36304,1.10,1.50
2011.06.29 01:34:27.348,1.3628,1.36303,2.75,1.50
2011.06.29 01:34:27.677,1.3628,1.36299,1.10,1.50
2011.06.29 01:34:27.786,1.36279,1.36299,2.40,1.50
2011.06.29 01:34:27.896,1.36279,1.36299,2.40,1.50
2011.06.29 01:34:28.115,1.3628,1.36299,1.10,1.50
2011.06.29 01:34:29.225,1.36283,1.36301,1.10,1.50
2011.06.29 01:34:29.778,1.36282,1.36302,1.10,2.25
2011.06.29 01:34:29.886,1.3628,1.36301,1.10,1.50
2011.06.29 01:34:29.997,1.36278,1.363,1.10,1.50
2011.06.29 01:34:30.107,1.36278,1.36301,2.00,1.50
2011.06.29 01:34:31.345,1.36276,1.36298,1.85,1.50
2011.06.29 01:34:31.565,1.36278,1.36301,1.10,1.50
2011.06.29 01:34:31.874,1.36277,1.36301,1.10,1.50
2011.06.29 01:34:32.655,1.36277,1.36301,1.10,1.50
2011.06.29 01:34:32.988,1.36269,1.36296,1.10,2.10
2011.06.29 01:34:33.536,1.36271,1.36295,1.10,1.50
2011.06.29 01:34:33.646,1.36272,1.36295,1.85,1.50
2011.06.29 01:34:34.086,1.36278,1.36301,1.10,1.50
2011.06.29 01:34:35.266,1.36278,1.363,1.10,1.50
2011.06.29 01:34:35.486,1.36274,1.36299,1.10,1.50
2011.06.29 01:34:36.027,1.36274,1.36299,1.10,1.50
2011.06.29 01:34:37.076,1.36274,1.36299,1.10,1.88
2011.06.29 01:34:37.598,1.36275,1.36297,1.10,1.50
2011.06.29 01:34:37.705,1.36272,1.36296,1.10,1.50
2011.06.29 01:34:38.149,1.36273,1.36296,1.10,1.50
2011.06.29 01:34:38.816,1.36273,1.36296,1.10,1.88
2011.06.29 01:34:38.926,1.36272,1.36296,1.10,1.88
2011.06.29 01:34:39.257,1.36269,1.36292,1.10,1.50
2011.06.29 01:34:40.194,1.36268,1.36289,1.85,1.50
2011.06.29 01:34:41.646,1.36268,1.36289,1.10,1.88
2011.06.29 01:34:41.756,1.3626,1.36284,1.10,1.50
2011.06.29 01:34:41.865,1.3626,1.36284,1.10,1.50
2011.06.29 01:34:42.085,1.3626,1.36283,1.10,1.13
2011.06.29 01:34:42.196,1.36258,1.36279,2.40,1.50
2011.06.29 01:34:42.769,1.36257,1.36279,1.10,2.25
2011.06.29 01:34:44.595,1.36258,1.36279,2.40,1.50
2011.06.29 01:34:44.815,1.36258,1.36279,2.40,1.50
2011.06.29 01:34:45.035,1.36258,1.36279,2.40,1.50
2011.06.29 01:34:48.185,1.36258,1.36281,2.75,1.50
2011.06.29 01:34:49.676,1.36258,1.36278,2.75,2.10
2011.06.29 01:34:49.788,1.36253,1.36273,2.40,1.13
2011.06.29 01:34:49.897,1.36248,1.36271,1.85,1.13
2011.06.29 01:34:50.006,1.36248,1.36271,1.50,1.73
2011.06.29 01:34:50.555,1.36247,1.36269,1.10,1.50
2011.06.29 01:34:51.104,1.36245,1.36269,1.10,2.25
2011.06.29 01:34:52.284,1.36246,1.3627,1.10,1.50
2011.06.29 01:34:53.297,1.36246,1.36271,1.10,2.85
2011.06.29 01:34:53.517,1.36246,1.3627,1.10,1.50
2011.06.29 01:34:54.915,1.36246,1.36271,1.10,2.10
2011.06.29 01:34:55.355,1.36249,1.36275,1.10,1.50
2011.06.29 01:34:55.845,1.36253,1.36275,2.40,1.50
2011.06.29 01:34:56.065,1.36255,1.3628,1.35,1.50
2011.06.29 01:34:56.285,1.36255,1.36282,1.35,2.25
2011.06.29 01:34:56.999,1.36257,1.36281,1.10,2.25
2011.06.29 01:34:57.575,1.36255,1.3628,2.45,1.50
2011.06.29 01:34:58.664,1.36255,1.36279,2.45,1.13
2011.06.29 01:34:58.997,1.3625,1.36275,1.10,1.50
2011.06.29 01:34:59.546,1.36248,1.36275,1.10,1.50
2011.06.29 01:35:01.235,1.36248,1.36273,1.70,1.50
2011.06.29 01:35:01.976,1.36248,1.36273,1.10,1.50
2011.06.29 01:35:16.314,1.36249,1.36269,1.10,2.25
2011.06.29 01:35:22.205,1.36249,1.36268,1.10,1.13
2011.06.29 01:35:22.536,1.36242,1.36262,1.10,1.50
2011.06.29 01:35:22.755,1.36242,1.36264,1.10,2.25
2011.06.29 01:35:23.324,1.36242,1.36264,1.10,1.50
2011.06.29 01:35:25.986,1.36242,1.36264,1.10,1.50
2011.06.29 01:35:26.535,1.36242,1.36264,1.10,1.50
2011.06.29 01:35:37.718,1.36242,1.36266,1.10,1.50
2011.06.29 01:35:42.935,1.36246,1.36267,1.10,1.50
2011.06.29 01:35:43.155,1.36246,1.36267,1.10,1.50
2011.06.29 01:35:45.757,1.36246,1.36267,1.10,1.50
2011.06.29 01:35:45.976,1.36249,1.36271,1.10,1.50
2011.06.29 01:35:50.125,1.36251,1.36275,1.50,1.50
2011.06.29 01:35:50.235,1.36252,1.36275,1.10,1.50
2011.06.29 01:35:56.205,1.3625,1.36274,1.10,1.50
2011.06.29 01:35:56.659,1.36247,1.36269,1.10,1.50
2011.06.29 01:35:57.757,1.36248,1.36269,1.10,1.50
2011.06.29 01:35:58.315,1.36249,1.36269,1.10,1.50
2011.06.29 01:36:07.087,1.36249,1.36273,1.10,1.50
2011.06.29 01:36:10.975,1.36248,1.36276,1.10,1.50
2011.06.29 01:36:11.086,1.36252,1.36277,1.10,1.50
2011.06.29 01:36:11.749,1.36253,1.36277,1.10,1.50
2011.06.29 01:36:12.085,1.36253,1.36278,1.10,2.25
2011.06.29 01:36:12.724,1.36253,1.36278,1.10,2.25
2011.06.29 01:36:13.245,1.36258,1.36281,1.10,1.50
2011.06.29 01:36:14.435,1.36258,1.36278,1.10,1.73
2011.06.29 01:36:14.767,1.36251,1.36278,1.10,1.35
2011.06.29 01:36:15.626,1.3625,1.36277,1.10,1.50
2011.06.29 01:36:16.617,1.36252,1.36278,2.75,1.50
2011.06.29 01:36:16.945,1.36255,1.3628,1.70,1.50
2011.06.29 01:36:20.187,1.36257,1.36278,1.50,1.73
2011.06.29 01:36:20.516,1.3625,1.36276,1.70,1.50
2011.06.29 01:36:20.626,1.3625,1.36276,1.70,1.50
2011.06.29 01:36:21.426,1.3625,1.36275,1.70,1.50
2011.06.29 01:36:25.087,1.36253,1.36278,1.10,1.50
2011.06.29 01:36:25.417,1.36261,1.3628,1.13,1.50
2011.06.29 01:36:25.527,1.36261,1.36286,2.07,1.50
2011.06.29 01:36:25.636,1.36261,1.36286,3.35,1.50
2011.06.29 01:36:25.967,1.36267,1.36291,1.10,1.50
2011.06.29 01:36:29.272,1.36267,1.36287,1.10,1.50
2011.06.29 01:36:30.550,1.36266,1.36285,1.10,1.50
2011.06.29 01:36:30.888,1.36266,1.36285,1.10,1.50
2011.06.29 01:36:30.997,1.36262,1.36283,1.85,2.25
2011.06.29 01:36:31.218,1.3626,1.36283,1.10,1.50
2011.06.29 01:36:31.842,1.36259,1.3628,1.10,1.50
2011.06.29 01:36:33.446,1.36258,1.36276,1.10,1.88
2011.06.29 01:36:33.777,1.36264,1.36278,1.73,1.50
2011.06.29 01:36:33.997,1.36266,1.36278,2.40,1.50
2011.06.29 01:36:34.106,1.36263,1.3628,1.10,1.50
2011.06.29 01:36:34.215,1.36263,1.36282,1.10,1.50
2011.06.29 01:36:34.326,1.36263,1.36282,1.10,1.50
2011.06.29 01:36:35.998,1.36261,1.36279,1.10,1.50
2011.06.29 01:36:36.324,1.36262,1.36279,1.10,1.50
2011.06.29 01:36:43.545,1.36259,1.36279,1.10,2.25
2011.06.29 01:36:44.896,1.36259,1.36279,1.10,1.50
2011.06.29 01:36:47.965,1.36265,1.36284,1.10,1.50
2011.06.29 01:36:48.076,1.36265,1.36285,1.10,1.50
2011.06.29 01:36:49.648,1.36265,1.36288,1.10,1.50
2011.06.29 01:36:50.085,1.36267,1.3629,1.85,1.50
2011.06.29 01:36:52.269,1.36268,1.36293,1.10,1.50
2011.06.29 01:36:52.376,1.36269,1.36293,1.10,1.50
2011.06.29 01:36:54.288,1.36281,1.36294,1.35,1.50
2011.06.29 01:36:54.396,1.36286,1.36301,1.10,1.50
2011.06.29 01:36:54.619,1.36293,1.36313,1.10,1.13
2011.06.29 01:36:54.838,1.36294,1.36314,1.10,1.50
2011.06.29 01:36:55.056,1.36294,1.36319,1.10,1.50
2011.06.29 01:36:56.556,1.36297,1.36319,1.10,1.50
2011.06.29 01:36:57.657,1.36297,1.36319,1.10,1.88
2011.06.29 01:36:57.986,1.36297,1.36319,1.10,2.48
2011.06.29 01:37:00.746,1.36297,1.36319,1.10,2.10
2011.06.29 01:37:00.856,1.36293,1.36318,1.10,1.50
2011.06.29 01:37:00.967,1.36293,1.36315,1.10,1.50
2011.06.29 01:37:01.189,1.36293,1.36314,1.10,1.50
2011.06.29 01:37:03.846,1.36293,1.36314,1.10,1.50
2011.06.29 01:37:04.065,1.36293,1.36314,1.10,1.50
2011.06.29 01:37:08.216,1.36292,1.36315,1.10,1.50
2011.06.29 01:37:09.813,1.36292,1.36315,1.10,1.50
2011.06.29 01:37:11.095,1.36292,1.36315,1.10,1.50
2011.06.29 01:37:12.087,1.36292,1.36315,1.10,1.50
2011.06.29 01:37:14.756,1.36292,1.36315,1.10,1.50
2011.06.29 01:37:17.519,1.36294,1.36317,1.10,1.50
2011.06.29 01:37:17.736,1.36294,1.36317,2.75,1.50
2011.06.29 01:37:18.326,1.36294,1.36315,2.00,1.50
2011.06.29 01:37:18.655,1.36292,1.36315,1.70,1.50
2011.06.29 01:37:19.506,1.36292,1.36315,1.70,1.50
2011.06.29 01:37:20.046,1.36292,1.36317,1.70,1.50
2011.06.29 01:37:21.236,1.36292,1.36315,1.70,1.50
2011.06.29 01:37:21.456,1.36293,1.36317,1.10,2.25
2011.06.29 01:37:22.256,1.36294,1.36317,1.10,1.50
2011.06.29 01:37:22.587,1.36293,1.36316,1.10,1.13
2011.06.29 01:37:22.916,1.36291,1.36316,1.35,1.13
2011.06.29 01:37:23.436,1.36289,1.36311,1.10,1.50
2011.06.29 01:37:24.947,1.3629,1.36311,2.07,1.50
2011.06.29 01:37:25.169,1.36293,1.36311,1.65,1.50
2011.06.29 01:37:25.387,1.36297,1.36323,1.10,1.88
2011.06.29 01:37:25.495,1.36297,1.36323,1.10,1.88
2011.06.29 01:37:25.826,1.36296,1.36323,1.10,1.50
2011.06.29 01:37:25.937,1.36299,1.36323,1.65,1.50
2011.06.29 01:37:26.486,1.36295,1.36322,1.10,1.73
2011.06.29 01:37:26.816,1.36295,1.36322,1.85,1.50
2011.06.29 01:37:27.037,1.36295,1.36324,1.47,1.50
2011.06.29 01:37:27.365,1.36298,1.36323,3.50,1.50
2011.06.29 01:37:28.057,1.36304,1.36328,1.85,1.50
2011.06.29 01:37:28.497,1.36308,1.36333,1.10,1.50
2011.06.29 01:37:28.826,1.36308,1.36333,1.10,1.50
2011.06.29 01:37:30.906,1.3631,1.36333,1.10,1.50
2011.06.29 01:37:31.452,1.3631,1.36333,1.10,1.50
2011.06.29 01:37:31.899,1.36309,1.36329,1.10,1.13
2011.06.29 01:37:32.008,1.36309,1.36332,1.10,1.35
2011.06.29 01:37:32.335,1.36307,1.36332,1.10,1.35
2011.06.29 01:37:33.955,1.36309,1.36332,1.10,1.35
2011.06.29 01:37:34.796,1.3631,1.36335,1.10,1.88
2011.06.29 01:37:36.435,1.36309,1.36335,1.85,1.88
2011.06.29 01:37:44.085,1.36312,1.36335,1.10,1.50
2011.06.29 01:37:44.306,1.36311,1.36335,1.10,1.50
2011.06.29 01:37:45.425,1.3631,1.36335,1.10,1.50
2011.06.29 01:37:45.646,1.36312,1.36335,1.10,1.50
2011.06.29 01:37:45.866,1.36312,1.36335,1.85,1.50
2011.06.29 01:37:51.795,1.36322,1.3634,1.10,2.10
2011.06.29 01:37:51.905,1.36322,1.3634,1.10,2.10
2011.06.29 01:37:52.460,1.36322,1.3634,1.10,2.10
2011.06.29 01:37:54.125,1.36324,1.36339,1.10,1.50
2011.06.29 01:37:59.066,1.36322,1.3634,1.10,2.10
2011.06.29 01:38:00.736,1.36322,1.3634,1.10,2.10
2011.06.29 01:38:00.955,1.36317,1.36335,1.10,1.50
2011.06.29 01:38:01.508,1.36317,1.36335,1.10,1.50
2011.06.29 01:38:01.726,1.36314,1.36332,1.10,1.50
2011.06.29 01:38:02.626,1.36314,1.36332,1.10,1.50
2011.06.29 01:38:03.689,1.36314,1.36332,1.47,1.50
2011.06.29 01:38:05.336,1.36314,1.36332,1.47,1.50
2011.06.29 01:38:08.673,1.36314,1.36332,1.10,1.50
2011.06.29 01:38:10.996,1.36314,1.36332,1.10,1.50
2011.06.29 01:38:12.248,1.36312,1.36332,1.10,1.50
2011.06.29 01:38:12.466,1.36312,1.36332,1.10,1.50
2011.06.29 01:38:15.147,1.36312,1.36332,1.10,1.50
2011.06.29 01:38:15.366,1.36312,1.36332,1.10,1.50
2011.06.29 01:38:21.137,1.36312,1.36332,1.10,1.50
2011.06.29 01:38:21.355,1.36312,1.36332,1.10,1.50
2011.06.29 01:38:21.465,1.36312,1.36332,1.10,1.50
2011.06.29 01:38:27.778,1.36302,1.36321,1.47,1.50
2011.06.29 01:38:27.997,1.363,1.36322,1.47,2.10
2011.06.29 01:38:28.326,1.36297,1.36317,1.10,1.50
2011.06.29 01:38:28.545,1.36297,1.36317,1.10,1.50
2011.06.29 01:38:30.496,1.36295,1.36314,1.47,1.50
2011.06.29 01:38:30.716,1.36297,1.36315,1.47,1.50
2011.06.29 01:38:31.157,1.36297,1.36317,1.10,1.50
2011.06.29 01:38:31.486,1.36301,1.36319,1.10,1.50
2011.06.29 01:38:31.595,1.36301,1.36319,1.10,1.50
2011.06.29 01:38:32.878,1.36301,1.36319,1.10,1.50
2011.06.29 01:38:37.359,1.36299,1.36318,1.50,1.50
2011.06.29 01:38:37.686,1.36293,1.36315,1.10,1.50
2011.06.29 01:38:37.797,1.36291,1.36313,1.10,1.50
2011.06.29 01:38:38.125,1.3629,1.36313,1.10,2.25
2011.06.29 01:38:39.086,1.36287,1.36308,1.70,1.50
2011.06.29 01:38:39.755,1.36287,1.36308,1.70,1.50
2011.06.29 01:38:40.876,1.36286,1.36305,1.10,1.50
2011.06.29 01:38:40.986,1.36283,1.36301,1.70,1.50
2011.06.29 01:38:41.315,1.36283,1.36301,1.70,1.50
2011.06.29 01:38:41.426,1.36286,1.36305,1.10,1.50
2011.06.29 01:38:41.995,1.36286,1.36305,1.10,1.50
2011.06.29 01:38:47.716,1.36286,1.36305,1.10,1.50
2011.06.29 01:38:47.826,1.36283,1.36305,1.10,1.50
2011.06.29 01:38:48.155,1.36283,1.36305,1.10,1.50
2011.06.29 01:38:48.266,1.36283,1.36305,1.10,1.50
2011.06.29 01:38:48.830,1.36282,1.36305,1.10,1.50
2011.06.29 01:38:50.846,1.36283,1.36305,1.10,1.88
2011.06.29 01:38:52.145,1.36283,1.36305,1.10,1.88
2011.06.29 01:38:52.257,1.36278,1.36301,1.10,1.50
2011.06.29 01:38:52.695,1.36278,1.36301,1.10,1.50
2011.06.29 01:38:53.536,1.36283,1.36316,1.13,1.35
2011.06.29 01:38:53.646,1.36286,1.36316,2.78,1.35
2011.06.29 01:38:53.757,1.36286,1.36304,2.78,1.50
2011.06.29 01:38:54.317,1.36286,1.36307,3.12,1.50
2011.06.29 01:38:54.426,1.36286,1.36309,3.12,1.50
2011.06.29 01:39:01.566,1.36295,1.36309,1.13,1.50
2011.06.29 01:39:01.896,1.36303,1.36311,1.13,1.50
2011.06.29 01:39:02.543,1.36303,1.36314,1.13,1.50
2011.06.29 01:39:02.765,1.36303,1.36317,1.13,1.50
2011.06.29 01:39:03.276,1.36303,1.36317,1.13,1.50
2011.06.29 01:39:03.965,1.36303,1.36322,1.13,1.50
2011.06.29 01:39:06.042,1.36302,1.36322,1.13,1.50
2011.06.29 01:39:09.026,1.36303,1.36322,1.13,1.50
2011.06.29 01:39:10.007,1.36302,1.36322,1.13,1.50
2011.06.29 01:39:11.436,1.363,1.36319,1.10,1.50
2011.06.29 01:39:11.986,1.363,1.3632,1.10,1.50
2011.06.29 01:39:12.736,1.363,1.36321,1.10,1.50
2011.06.29 01:39:16.206,1.363,1.36322,1.10,2.25
2011.06.29 01:39:16.426,1.363,1.36322,1.10,2.25
2011.06.29 01:39:21.866,1.363,1.36319,1.10,1.50
2011.06.29 01:39:22.195,1.363,1.36319,1.10,1.50
2011.06.29 01:39:27.345,1.36297,1.36319,1.10,1.50
2011.06.29 01:39:27.895,1.36293,1.36317,1.10,2.25
2011.06.29 01:39:29.106,1.36293,1.36316,1.10,1.50
2011.06.29 01:39:29.328,1.36288,1.36315,2.40,1.50
2011.06.29 01:39:29.895,1.36292,1.36316,1.10,2.25
2011.06.29 01:39:31.417,1.36292,1.36315,1.10,1.50
2011.06.29 01:39:31.749,1.36292,1.36316,1.10,1.50
2011.06.29 01:39:32.645,1.36292,1.36316,1.10,1.50
2011.06.29 01:39:32.757,1.36297,1.36319,1.10,1.50
2011.06.29 01:39:32.867,1.36298,1.36322,1.10,1.50
2011.06.29 01:39:32.978,1.36306,1.36328,1.10,1.35
2011.06.29 01:39:34.718,1.36305,1.36327,1.10,1.35
2011.06.29 01:39:35.047,1.36305,1.36316,1.10,2.40
2011.06.29 01:39:35.156,1.363,1.3632,1.10,2.25
2011.06.29 01:39:36.372,1.36299,1.36319,1.10,1.35
2011.06.29 01:39:36.816,1.36296,1.36315,1.10,2.40
2011.06.29 01:39:36.925,1.36295,1.36315,1.85,2.40
2011.06.29 01:39:37.597,1.36296,1.36315,1.10,1.65
2011.06.29 01:39:37.817,1.36296,1.36319,1.10,1.35
2011.06.29 01:39:37.927,1.36296,1.36319,1.10,1.35
2011.06.29 01:39:38.339,1.36296,1.3632,1.10,1.50
2011.06.29 01:39:38.446,1.36296,1.36321,1.10,1.50
2011.06.29 01:39:38.555,1.36296,1.36321,1.10,1.50
2011.06.29 01:39:39.028,1.36296,1.36321,1.10,1.50
2011.06.29 01:39:39.248,1.36293,1.36318,1.10,2.48
2011.06.29 01:39:39.468,1.36291,1.36313,1.10,3.00
2011.06.29 01:39:39.688,1.36285,1.36311,1.10,1.50
2011.06.29 01:39:40.019,1.36282,1.36302,1.10,1.65
2011.06.29 01:39:40.126,1.36282,1.36304,1.10,1.50
2011.06.29 01:39:40.456,1.36282,1.36305,1.10,1.35
2011.06.29 01:39:41.006,1.36282,1.36305,1.10,1.35
2011.06.29 01:39:41.637,1.36282,1.36304,1.10,1.13
2011.06.29 01:39:41.976,1.36281,1.36299,1.10,2.25
2011.06.29 01:39:42.197,1.36275,1.36298,1.10,1.35
2011.06.29 01:39:43.307,1.3628,1.36297,1.10,1.35
2011.06.29 01:39:43.906,1.36282,1.36299,1.10,3.90
2011.06.29 01:39:44.237,1.36282,1.36299,1.10,1.50
2011.06.29 01:39:44.458,1.36287,1.363,1.10,2.40
2011.06.29 01:39:44.676,1.36286,1.36306,1.47,3.15
2011.06.29 01:39:45.486,1.36286,1.36306,1.47,2.40
2011.06.29 01:39:45.926,1.3629,1.3631,1.47,2.10
2011.06.29 01:39:46.146,1.36291,1.3631,1.10,1.35
2011.06.29 01:39:46.586,1.36291,1.3631,1.47,2.10
2011.06.29 01:39:47.086,1.3629,1.36315,1.50,1.50
2011.06.29 01:39:47.198,1.36295,1.36314,1.50,1.50
2011.06.29 01:39:47.307,1.36286,1.36313,1.10,1.50
2011.06.29 01:39:47.528,1.36286,1.36312,1.10,1.50
2011.06.29 01:39:48.075,1.36286,1.36311,1.10,1.35
2011.06.29 01:39:48.406,1.36286,1.36312,1.10,1.50
2011.06.29 01:39:48.845,1.36286,1.36313,1.10,2.25
2011.06.29 01:39:50.597,1.3629,1.36315,1.10,1.50
2011.06.29 01:39:50.707,1.3629,1.36316,1.10,2.40
2011.06.29 01:39:50.818,1.36289,1.36318,1.10,1.35
2011.06.29 01:39:51.368,1.36289,1.36317,1.10,1.35
2011.06.29 01:39:51.916,1.36289,1.36315,1.10,1.50
2011.06.29 01:39:52.941,1.36289,1.36315,1.10,1.50
2011.06.29 01:39:53.275,1.36289,1.36315,1.10,1.50
2011.06.29 01:39:54.235,1.36289,1.36315,1.10,1.50
2011.06.29 01:39:57.717,1.36294,1.36316,1.35,2.40
2011.06.29 01:39:57.936,1.36298,1.36323,1.10,1.50
2011.06.29 01:39:58.266,1.36298,1.36322,1.10,1.50
2011.06.29 01:39:59.135,1.36301,1.36322,1.13,1.50
2011.06.29 01:39:59.467,1.36302,1.3633,1.10,2.25
2011.06.29 01:39:59.577,1.36302,1.36329,1.10,1.50
2011.06.29 01:39:59.797,1.36302,1.3633,1.10,1.50
2011.06.29 01:40:00.211,1.36304,1.36331,1.85,1.50
2011.06.29 01:40:00.547,1.36306,1.36331,1.10,1.50
2011.06.29 01:40:00.656,1.36306,1.36331,1.10,1.50
2011.06.29 01:40:01.226,1.36306,1.36332,1.10,1.50
2011.06.29 01:40:01.446,1.36306,1.36333,1.10,1.50
2011.06.29 01:40:02.737,1.36309,1.36335,1.10,1.35
2011.06.29 01:40:03.287,1.36309,1.36332,1.10,1.65
2011.06.29 01:40:03.617,1.36307,1.3633,1.85,1.35
2011.06.29 01:40:04.306,1.36307,1.3633,1.10,1.35
2011.06.29 01:40:04.637,1.36307,1.3633,1.10,1.35
2011.06.29 01:40:05.075,1.36302,1.36328,1.10,1.50
2011.06.29 01:40:05.846,1.36302,1.36328,1.10,1.50
2011.06.29 01:40:06.118,1.36302,1.36328,1.10,1.50
2011.06.29 01:40:06.497,1.36302,1.36328,1.10,1.50
2011.06.29 01:40:07.129,1.36302,1.36328,1.10,1.50
2011.06.29 01:40:07.576,1.36293,1.36317,2.40,1.50
2011.06.29 01:40:07.796,1.36287,1.36312,1.85,1.35
2011.06.29 01:40:08.017,1.36287,1.36313,1.10,2.40
2011.06.29 01:40:08.346,1.36287,1.36317,1.10,1.50
2011.06.29 01:40:08.565,1.36293,1.36316,1.10,1.50
2011.06.29 01:40:09.169,1.36293,1.36316,1.10,1.50
2011.06.29 01:40:09.507,1.36292,1.36316,1.10,1.50
2011.06.29 01:40:12.826,1.36293,1.36318,1.10,1.50
2011.06.29 01:40:13.676,1.36291,1.36318,1.13,1.50
2011.06.29 01:40:16.735,1.36292,1.36318,1.85,1.50
2011.06.29 01:40:19.548,1.36292,1.36316,1.85,1.50
2011.06.29 01:40:19.766,1.36294,1.36316,1.10,1.50
2011.06.29 01:40:19.992,1.3629,1.36317,1.10,1.50
2011.06.29 01:40:20.636,1.3629,1.36317,1.10,1.50
2011.06.29 01:40:20.856,1.3629,1.36317,1.10,1.50
2011.06.29 01:40:21.316,1.36295,1.36317,1.50,1.50
2011.06.29 01:40:22.446,1.36297,1.36311,1.10,2.10
2011.06.29 01:40:22.557,1.36295,1.36308,1.10,3.00
2011.06.29 01:40:22.777,1.36288,1.36308,1.10,2.40
2011.06.29 01:40:23.103,1.36289,1.36308,1.10,1.65
2011.06.29 01:40:23.220,1.36289,1.36314,1.10,2.10
2011.06.29 01:40:23.446,1.36289,1.36313,1.10,1.50
2011.06.29 01:40:23.667,1.36289,1.36313,1.10,1.50
2011.06.29 01:40:23.956,1.36289,1.36316,1.10,1.50
2011.06.29 01:40:24.176,1.36291,1.36319,1.47,1.50
2011.06.29 01:40:26.846,1.36291,1.36317,1.10,1.50
2011.06.29 01:40:27.176,1.36291,1.36317,1.10,1.50
2011.06.29 01:40:33.201,1.36291,1.36317,1.10,1.50
2011.06.29 01:40:33.536,1.3629,1.36315,2.75,1.50
2011.06.29 01:40:34.086,1.36284,1.3631,1.10,1.35
2011.06.29 01:40:35.506,1.36284,1.36309,1.10,1.13
2011.06.29 01:40:35.725,1.36281,1.36307,1.10,1.50
2011.06.29 01:40:35.835,1.36281,1.36307,1.10,1.50
2011.06.29 01:40:36.386,1.36281,1.36307,1.10,1.50
2011.06.29 01:40:37.787,1.36274,1.363,1.50,1.35
2011.06.29 01:40:37.899,1.36274,1.36296,1.50,1.35
2011.06.29 01:40:38.118,1.36273,1.36301,1.10,1.50
2011.06.29 01:40:38.447,1.36278,1.36302,1.10,1.50
2011.06.29 01:40:38.887,1.36278,1.36302,1.10,1.50
2011.06.29 01:40:40.216,1.36278,1.36302,1.10,1.50
2011.06.29 01:40:42.540,1.36277,1.36299,1.10,1.35
2011.06.29 01:40:42.767,1.36271,1.36299,1.85,2.10
2011.06.29 01:40:43.856,1.36272,1.36298,1.10,1.50
2011.06.29 01:40:44.405,1.36273,1.36298,1.10,1.50
2011.06.29 01:40:46.717,1.36273,1.36298,1.10,1.50
2011.06.29 01:40:47.045,1.36273,1.36298,1.10,1.50
2011.06.29 01:40:48.587,1.36271,1.36298,1.10,1.50
2011.06.29 01:40:50.271,1.36271,1.36299,1.10,2.10
2011.06.29 01:40:52.028,1.36273,1.363,1.10,2.25
2011.06.29 01:40:53.348,1.36275,1.36301,1.13,1.50
2011.06.29 01:40:53.677,1.36277,1.36302,2.75,1.50
2011.06.29 01:40:53.786,1.36277,1.36302,2.75,1.50
2011.06.29 01:40:55.037,1.36277,1.36302,2.75,1.50
2011.06.29 01:40:57.355,1.36273,1.36298,1.10,1.50
2011.06.29 01:41:06.219,1.36277,1.36304,2.40,1.35
2011.06.29 01:41:08.469,1.36276,1.36299,1.10,1.50
2011.06.29 01:41:08.837,1.36276,1.363,1.10,1.50
2011.06.29 01:41:09.386,1.36283,1.36303,2.78,1.50
2011.06.29 01:41:09.606,1.36281,1.36303,1.10,1.50
2011.06.29 01:41:10.076,1.36283,1.36305,2.40,2.25
2011.06.29 01:41:10.296,1.36283,1.36308,2.40,1.50
2011.06.29 01:41:10.516,1.36283,1.36305,2.40,1.50
2011.06.29 01:41:11.510,1.36283,1.36305,2.40,2.10
2011.06.29 01:41:11.846,1.36277,1.36303,2.40,1.50
2011.06.29 01:41:11.955,1.36277,1.36303,2.40,1.50
2011.06.29 01:41:12.286,1.36277,1.36303,2.40,1.50
2011.06.29 01:41:14.096,1.36281,1.36302,1.50,1.50
2011.06.29 01:41:14.645,1.36281,1.36304,1.10,1.50
2011.06.29 01:41:18.438,1.36287,1.36306,1.35,1.50
2011.06.29 01:41:18.965,1.36289,1.36313,1.10,1.50
2011.06.29 01:41:20.866,1.36286,1.36309,1.10,1.50
2011.06.29 01:41:21.306,1.36286,1.36309,1.10,1.50
2011.06.29 01:41:22.237,1.36288,1.36311,1.35,1.50
2011.06.29 01:41:22.457,1.3629,1.36314,1.10,1.50
2011.06.29 01:41:22.567,1.3629,1.36316,1.10,1.50
2011.06.29 01:41:25.276,1.36292,1.36316,2.40,1.50
2011.06.29 01:41:25.605,1.36293,1.36317,1.70,1.50
2011.06.29 01:41:25.881,1.36293,1.36317,1.70,1.50
2011.06.29 01:41:30.756,1.36293,1.36317,3.72,1.50
2011.06.29 01:41:35.147,1.36293,1.36317,2.00,2.10
2011.06.29 01:41:35.365,1.36285,1.36313,2.40,1.50
2011.06.29 01:41:36.077,1.36285,1.36309,2.40,1.50
2011.06.29 01:41:38.188,1.36284,1.36309,2.40,1.50
2011.06.29 01:41:38.406,1.3628,1.36306,1.10,1.50
2011.06.29 01:41:41.138,1.36284,1.36308,2.40,1.50
2011.06.29 01:41:41.357,1.36283,1.36308,1.13,1.50
2011.06.29 01:41:41.576,1.3628,1.36308,1.47,1.50
2011.06.29 01:41:42.446,1.36278,1.36308,1.47,1.50
2011.06.29 01:41:42.997,1.3628,1.36309,1.10,1.50
2011.06.29 01:41:43.547,1.36282,1.36309,1.85,1.50
2011.06.29 01:41:45.896,1.36285,1.3631,1.10,1.50
2011.06.29 01:41:46.480,1.36287,1.36315,1.85,2.25
2011.06.29 01:41:48.508,1.36287,1.36314,1.10,1.50
2011.06.29 01:41:48.728,1.36285,1.36309,1.10,1.50
2011.06.29 01:41:48.949,1.36287,1.36309,1.35,1.50
2011.06.29 01:41:49.167,1.36295,1.36319,2.40,1.50
2011.06.29 01:41:49.388,1.36291,1.36312,1.10,1.13
2011.06.29 01:41:49.607,1.36285,1.3631,1.85,1.50
2011.06.29 01:41:49.936,1.36287,1.3631,1.10,1.50
2011.06.29 01:41:50.267,1.36287,1.36313,2.75,1.50
2011.06.29 01:41:52.326,1.36295,1.36319,2.40,1.50
2011.06.29 01:41:53.417,1.36295,1.36318,1.65,1.50
2011.06.29 01:41:53.528,1.3629,1.36318,1.10,1.50
2011.06.29 01:41:54.368,1.36294,1.36319,1.65,2.10
2011.06.29 01:41:54.697,1.36295,1.36319,1.50,1.50
2011.06.29 01:41:55.026,1.36296,1.36323,1.10,2.25
2011.06.29 01:41:58.496,1.36296,1.36323,1.10,1.50
2011.06.29 01:41:59.488,1.36298,1.36323,1.35,1.50
2011.06.29 01:41:59.599,1.36302,1.36332,1.47,1.13
2011.06.29 01:41:59.708,1.36305,1.36333,1.13,1.50
2011.06.29 01:42:00.038,1.36307,1.36332,1.10,1.50
2011.06.29 01:42:00.262,1.36305,1.36332,1.47,1.50
2011.06.29 01:42:02.006,1.36305,1.36332,1.47,1.50
2011.06.29 01:42:03.156,1.36307,1.36332,1.10,1.50
2011.06.29 01:42:08.719,1.36309,1.36333,1.10,1.50
2011.06.29 01:42:09.165,1.36311,1.36336,1.13,1.50
2011.06.29 01:42:10.715,1.36311,1.36336,1.13,1.50
2011.06.29 01:42:11.047,1.36311,1.36335,2.22,1.50
2011.06.29 01:42:11.157,1.36315,1.36337,2.03,1.50
2011.06.29 01:42:11.267,1.36311,1.36335,1.85,1.50
2011.06.29 01:42:11.488,1.36308,1.36336,1.47,1.50
2011.06.29 01:42:12.035,1.36308,1.36333,1.10,1.50
2011.06.29 01:42:14.396,1.36308,1.36333,1.10,1.50
2011.06.29 01:42:14.507,1.36305,1.36333,1.10,1.50
2011.06.29 01:42:16.687,1.36303,1.36328,1.10,1.50
2011.06.29 01:42:17.266,1.36301,1.36326,1.10,1.50
2011.06.29 01:42:17.986,1.36301,1.36326,2.07,1.50
2011.06.29 01:42:18.320,1.36305,1.36329,1.50,1.50
2011.06.29 01:42:18.438,1.36302,1.36332,1.47,1.50
2011.06.29 01:42:20.756,1.36303,1.36331,1.47,1.50
2011.06.29 01:42:23.256,1.36302,1.36329,1.47,1.50
2011.06.29 01:42:23.380,1.36302,1.36329,1.47,1.50
2011.06.29 01:42:23.636,1.36303,1.36331,1.10,1.50
2011.06.29 01:42:24.536,1.36301,1.36329,1.47,2.10
2011.06.29 01:42:24.757,1.36302,1.36329,1.47,2.10
2011.06.29 01:42:25.247,1.36303,1.36329,1.10,2.10
2011.06.29 01:42:28.996,1.36308,1.36329,1.13,1.50
2011.06.29 01:42:29.217,1.36314,1.36333,1.13,1.50
2011.06.29 01:42:30.106,1.36308,1.36331,2.40,1.50
2011.06.29 01:42:30.325,1.36308,1.36331,2.40,1.50
2011.06.29 01:42:30.545,1.36308,1.36333,2.40,1.50
2011.06.29 01:42:30.766,1.36308,1.36333,2.78,1.50
2011.06.29 01:42:32.285,1.36308,1.36331,2.78,1.50
2011.06.29 01:42:32.935,1.36308,1.36331,2.40,1.50
2011.06.29 01:42:34.926,1.36308,1.36332,2.40,1.50
2011.06.29 01:42:36.051,1.36308,1.36332,1.65,1.50
2011.06.29 01:42:36.405,1.36308,1.36332,2.78,1.50
2011.06.29 01:42:39.076,1.36308,1.36332,2.03,1.50
2011.06.29 01:42:42.966,1.36307,1.36332,1.47,1.50
2011.06.29 01:42:43.080,1.36302,1.36331,1.10,1.50
2011.06.29 01:42:43.187,1.36301,1.36331,1.47,1.50
2011.06.29 01:42:43.896,1.36301,1.36331,1.47,1.50
2011.06.29 01:42:48.037,1.36301,1.3633,1.47,1.88
2011.06.29 01:42:48.477,1.36299,1.36328,1.32,1.50
2011.06.29 01:42:48.588,1.36298,1.36325,1.32,1.50
2011.06.29 01:42:52.659,1.36297,1.36325,1.10,1.50
2011.06.29 01:42:56.037,1.363,1.3633,1.10,1.50
2011.06.29 01:43:01.456,1.363,1.3633,1.10,1.50
2011.06.29 01:43:01.785,1.36307,1.36331,2.40,1.50
2011.06.29 01:43:02.336,1.36307,1.3633,2.40,1.50
2011.06.29 01:43:02.556,1.36307,1.36333,2.40,2.25
2011.06.29 01:43:03.666,1.36307,1.36331,1.65,1.35
2011.06.29 01:43:04.216,1.36303,1.3633,1.10,1.50
2011.06.29 01:43:04.325,1.36303,1.36331,1.10,1.35
2011.06.29 01:43:05.447,1.36306,1.36331,1.10,1.35
2011.06.29 01:43:08.320,1.36303,1.3633,1.10,1.50
2011.06.29 01:43:08.547,1.36302,1.36328,1.10,1.50
2011.06.29 01:43:09.096,1.363,1.36328,1.85,1.50
2011.06.29 01:43:09.316,1.363,1.3633,1.85,1.50
2011.06.29 01:43:12.137,1.36307,1.3633,2.40,1.50
2011.06.29 01:43:12.466,1.36307,1.36332,2.40,2.25
2011.06.29 01:43:15.744,1.36307,1.36332,2.40,2.25
2011.06.29 01:43:17.107,1.36314,1.36332,2.40,1.50
2011.06.29 01:43:17.216,1.36314,1.36332,2.40,1.50
2011.06.29 01:43:18.287,1.36309,1.36331,1.13,1.50
2011.06.29 01:43:18.506,1.36309,1.36332,1.13,2.25
2011.06.29 01:43:19.538,1.36309,1.36332,1.13,1.50
2011.06.29 01:43:19.867,1.36308,1.36334,2.75,1.50
2011.06.29 01:43:20.085,1.36308,1.36334,2.75,1.50
2011.06.29 01:43:24.837,1.36315,1.36338,2.40,1.50
2011.06.29 01:43:26.327,1.36314,1.36338,2.40,1.50
2011.06.29 01:43:28.136,1.36312,1.36338,1.10,1.50
2011.06.29 01:43:28.466,1.36313,1.36338,2.40,1.50
2011.06.29 01:43:30.336,1.36312,1.36338,1.10,1.50
2011.06.29 01:43:30.895,1.36312,1.36338,1.10,1.50
2011.06.29 01:43:32.258,1.36312,1.36339,1.10,1.50
2011.06.29 01:43:32.477,1.36315,1.36342,1.10,1.50
2011.06.29 01:43:33.026,1.36317,1.36343,1.10,1.35
2011.06.29 01:43:33.136,1.36317,1.36343,1.85,1.35
2011.06.29 01:43:33.466,1.36319,1.36343,1.10,1.35
2011.06.29 01:43:35.176,1.36319,1.36344,1.10,2.10
2011.06.29 01:43:35.397,1.36319,1.36343,1.10,1.35
2011.06.29 01:43:35.947,1.36315,1.36341,1.10,1.50
2011.06.29 01:43:36.055,1.36314,1.36341,1.85,1.50
2011.06.29 01:43:36.857,1.36314,1.36341,1.85,1.50
2011.06.29 01:43:40.476,1.36314,1.3634,1.85,1.13
2011.06.29 01:43:40.916,1.36314,1.36341,1.10,3.00
2011.06.29 01:43:41.136,1.36314,1.36341,1.10,1.50
2011.06.29 01:43:49.398,1.36314,1.36341,1.10,1.50
2011.06.29 01:43:49.507,1.3631,1.36336,1.10,1.50
2011.06.29 01:43:50.317,1.36309,1.36334,1.10,1.35
2011.06.29 01:43:50.646,1.36311,1.36336,1.10,1.50
2011.06.29 01:43:52.446,1.36312,1.36336,1.10,1.50
2011.06.29 01:43:52.667,1.36313,1.36339,1.85,2.10
2011.06.29 01:43:54.367,1.36313,1.36339,1.85,1.35
2011.06.29 01:43:54.477,1.36315,1.36341,1.10,2.10
2011.06.29 01:43:54.587,1.36318,1.36344,1.10,1.50
2011.06.29 01:43:59.727,1.36318,1.36341,1.10,1.73
2011.06.29 01:44:00.057,1.36313,1.36339,1.85,1.13
2011.06.29 01:44:00.607,1.36313,1.3634,1.10,2.10
2011.06.29 01:44:00.825,1.36313,1.3634,1.10,1.35
2011.06.29 01:44:13.317,1.36316,1.36341,2.75,1.50
2011.06.29 01:44:13.806,1.36318,1.36345,1.85,1.50
2011.06.29 01:44:14.537,1.36318,1.36345,1.10,1.50
2011.06.29 01:44:15.658,1.36318,1.36342,2.40,1.50
2011.06.29 01:44:16.155,1.36312,1.36335,1.73,1.50
2011.06.29 01:44:16.268,1.36315,1.36339,1.10,1.50
2011.06.29 01:44:16.379,1.36322,1.36337,1.65,1.50
2011.06.29 01:44:16.488,1.36312,1.36339,1.85,1.50
2011.06.29 01:44:16.927,1.36314,1.36339,1.10,1.50
2011.06.29 01:44:17.478,1.36313,1.36336,1.10,1.50
2011.06.29 01:44:17.588,1.36309,1.36336,1.10,1.50
2011.06.29 01:44:17.697,1.36308,1.36336,1.10,1.50
2011.06.29 01:44:18.606,1.36309,1.36337,1.10,1.50
2011.06.29 01:44:21.448,1.36314,1.36339,1.13,1.50
2011.06.29 01:44:21.769,1.36314,1.3634,1.13,1.50
2011.06.29 01:44:21.880,1.36318,1.36342,1.10,1.50
2011.06.29 01:44:24.039,1.36317,1.36342,2.75,1.50
2011.06.29 01:44:25.487,1.36317,1.36341,2.75,1.50
2011.06.29 01:44:25.707,1.36317,1.36341,1.10,1.50
2011.06.29 01:44:26.038,1.36314,1.36338,2.75,1.50
2011.06.29 01:44:26.258,1.36313,1.36339,1.10,1.50
2011.06.29 01:44:26.477,1.36317,1.36341,1.10,1.35
2011.06.29 01:44:27.577,1.36319,1.36344,1.10,1.50
2011.06.29 01:44:28.117,1.36318,1.36344,1.10,1.50
2011.06.29 01:44:29.586,1.36319,1.36344,1.10,1.50
2011.06.29 01:44:31.047,1.3632,1.36346,1.10,1.50
2011.06.29 01:44:31.489,1.36326,1.36352,1.10,1.13
2011.06.29 01:44:31.599,1.36326,1.36352,1.10,1.13
2011.06.29 01:44:31.927,1.36326,1.36353,1.10,1.50
2011.06.29 01:44:33.267,1.36329,1.36353,1.10,1.50
2011.06.29 01:44:34.253,1.36328,1.36353,2.75,1.50
2011.06.29 01:44:34.586,1.36328,1.36353,2.00,1.50
2011.06.29 01:44:34.917,1.36331,1.36359,1.10,1.50
2011.06.29 01:44:35.309,1.36331,1.36359,3.50,1.50
2011.06.29 01:44:36.819,1.36333,1.36359,1.10,1.50
2011.06.29 01:44:37.147,1.36338,1.36363,1.65,1.50
2011.06.29 01:44:37.366,1.36338,1.36363,1.65,1.50
2011.06.29 01:44:37.587,1.36336,1.36362,1.10,1.35
2011.06.29 01:44:38.026,1.36336,1.36362,1.10,1.35
2011.06.29 01:44:38.358,1.36324,1.36354,1.10,1.35
2011.06.29 01:44:38.797,1.36324,1.36354,1.10,1.35
2011.06.29 01:44:39.128,1.36325,1.3635,1.10,1.50
2011.06.29 01:44:39.457,1.36327,1.36354,1.10,2.85
2011.06.29 01:44:39.787,1.36328,1.36354,1.10,2.10
2011.06.29 01:44:40.228,1.36325,1.36351,1.10,1.50
2011.06.29 01:44:40.556,1.36324,1.36351,1.10,1.50
2011.06.29 01:44:41.556,1.36324,1.36351,1.10,1.50
2011.06.29 01:44:42.228,1.36319,1.36342,1.10,1.35
2011.06.29 01:44:42.338,1.36318,1.36342,1.10,1.35
2011.06.29 01:44:42.556,1.36318,1.36345,1.10,1.13
2011.06.29 01:44:42.666,1.36318,1.36345,1.10,1.13
2011.06.29 01:44:43.905,1.36318,1.36345,1.10,1.13
2011.06.29 01:44:45.287,1.36318,1.36344,1.10,1.50
2011.06.29 01:44:45.616,1.36318,1.36344,1.10,1.50
2011.06.29 01:44:49.276,1.36318,1.36344,1.10,3.15
2011.06.29 01:44:50.057,1.36315,1.36338,1.10,1.13
2011.06.29 01:44:50.575,1.36315,1.36337,1.10,2.40
2011.06.29 01:44:51.156,1.36315,1.36337,1.10,2.40
2011.06.29 01:44:52.247,1.36315,1.36337,1.10,2.40
2011.06.29 01:44:52.356,1.36315,1.3634,1.10,1.50
2011.06.29 01:44:53.188,1.36319,1.36344,1.10,1.50
2011.06.29 01:44:53.300,1.36319,1.36344,1.10,1.50
2011.06.29 01:44:55.056,1.36319,1.36345,1.10,1.50
2011.06.29 01:44:55.277,1.36322,1.3635,1.10,1.50
2011.06.29 01:44:55.497,1.3632,1.36346,1.10,1.50
2011.06.29 01:44:55.825,1.3632,1.36346,1.10,1.50
2011.06.29 01:44:56.377,1.36317,1.36343,1.70,1.50
2011.06.29 01:44:56.487,1.36315,1.36343,1.10,1.50
2011.06.29 01:44:57.258,1.36315,1.36339,1.10,1.65
2011.06.29 01:44:57.366,1.36315,1.36339,1.10,2.40
2011.06.29 01:44:57.697,1.36315,1.36343,1.10,1.50
2011.06.29 01:44:58.626,1.36315,1.36339,1.10,1.35
2011.06.29 01:44:58.847,1.36315,1.36339,1.10,2.10
2011.06.29 01:44:59.070,1.36315,1.36331,1.10,1.35
2011.06.29 01:44:59.189,1.36303,1.36328,1.10,3.15
2011.06.29 01:44:59.298,1.36302,1.36326,1.10,2.40
2011.06.29 01:45:03.128,1.36299,1.36319,1.10,1.50
2011.06.29 01:45:03.467,1.36295,1.36317,1.10,1.50
2011.06.29 01:45:03.797,1.36294,1.36314,1.85,1.50
2011.06.29 01:45:04.018,1.36293,1.36316,1.10,1.50
2011.06.29 01:45:04.460,1.36296,1.3632,1.10,1.50
2011.06.29 01:45:06.537,1.36296,1.36317,1.10,1.50
2011.06.29 01:45:06.647,1.3629,1.36312,1.10,1.50
2011.06.29 01:45:06.757,1.36289,1.36312,1.32,2.25
2011.06.29 01:45:06.867,1.36292,1.36312,1.65,2.25
2011.06.29 01:45:07.416,1.36292,1.3631,2.40,1.50
2011.06.29 01:45:10.691,1.36293,1.3631,1.50,1.50
2011.06.29 01:45:11.027,1.36294,1.36313,1.10,1.50
2011.06.29 01:45:14.077,1.36294,1.36313,1.85,1.50
2011.06.29 01:45:19.297,1.36294,1.36313,1.10,1.50
2011.06.29 01:45:19.626,1.36297,1.36317,1.85,1.50
2011.06.29 01:45:20.066,1.36299,1.3632,1.85,1.50
2011.06.29 01:45:20.176,1.36299,1.36321,1.85,1.50
2011.06.29 01:45:23.276,1.36299,1.36323,1.10,1.50
2011.06.29 01:45:26.492,1.36299,1.36323,1.10,1.50
2011.06.29 01:45:27.516,1.363,1.36323,1.10,1.88
2011.06.29 01:45:27.738,1.36296,1.36319,1.10,1.50
2011.06.29 01:45:30.217,1.36299,1.36319,1.10,1.50
2011.06.29 01:45:30.547,1.36302,1.36324,1.10,1.50
2011.06.29 01:45:30.656,1.36302,1.36324,1.10,1.50
2011.06.29 01:45:31.206,1.36301,1.36328,1.85,1.50
2011.06.29 01:45:32.726,1.36303,1.36328,1.10,1.50
2011.06.29 01:45:32.836,1.36304,1.36327,1.10,1.50
2011.06.29 01:45:34.029,1.36301,1.36324,1.10,1.35
2011.06.29 01:45:34.247,1.36297,1.36323,1.10,1.50
2011.06.29 01:45:34.577,1.36289,1.36313,1.10,1.50
2011.06.29 01:45:34.696,1.36289,1.36311,1.10,1.50
2011.06.29 01:45:35.026,1.36289,1.36311,1.10,1.50
2011.06.29 01:45:35.467,1.36286,1.3631,1.10,1.50
2011.06.29 01:45:35.687,1.36282,1.36306,1.10,1.50
2011.06.29 01:45:35.799,1.36278,1.36305,1.10,2.10
2011.06.29 01:45:35.908,1.36278,1.36303,1.47,1.35
2011.06.29 01:45:36.324,1.36286,1.36308,1.10,1.50
2011.06.29 01:45:36.658,1.36285,1.3631,3.12,1.50
2011.06.29 01:45:36.768,1.36285,1.36311,1.47,1.50
2011.06.29 01:45:36.987,1.36285,1.36309,1.47,1.50
2011.06.29 01:45:37.316,1.36283,1.36307,2.07,1.50
2011.06.29 01:45:37.866,1.36286,1.36311,3.50,1.50
2011.06.29 01:45:39.478,1.36286,1.36311,1.10,1.88
2011.06.29 01:45:39.586,1.36283,1.36309,1.70,1.50
2011.06.29 01:45:39.917,1.36284,1.36306,1.10,1.50
2011.06.29 01:45:40.138,1.36281,1.36304,1.10,1.13
2011.06.29 01:45:40.359,1.36276,1.36299,1.70,1.50
2011.06.29 01:45:40.687,1.36277,1.36301,1.70,1.50
2011.06.29 01:45:40.797,1.36276,1.363,1.10,1.50
2011.06.29 01:45:41.128,1.36275,1.36302,1.10,1.50
2011.06.29 01:45:41.880,1.36276,1.36299,1.10,1.50
2011.06.29 01:45:42.765,1.36274,1.36298,1.10,1.50
2011.06.29 01:45:52.237,1.36272,1.36297,1.10,1.73
2011.06.29 01:45:53.116,1.36271,1.36297,1.10,3.38
2011.06.29 01:45:54.859,1.36271,1.36298,1.10,1.50
2011.06.29 01:45:54.968,1.36271,1.36298,1.10,1.50
2011.06.29 01:45:58.627,1.36272,1.36297,1.10,1.50
2011.06.29 01:46:03.378,1.36269,1.36291,1.35,1.50
2011.06.29 01:46:03.598,1.36265,1.36291,1.10,1.50
2011.06.29 01:46:04.146,1.36267,1.36296,1.10,2.10
2011.06.29 01:46:04.259,1.36268,1.36296,1.10,2.10
2011.06.29 01:46:06.287,1.36266,1.36293,1.10,1.50
2011.06.29 01:46:06.399,1.36266,1.36292,1.10,1.50
2011.06.29 01:46:06.508,1.36266,1.3629,1.10,1.35
2011.06.29 01:46:06.837,1.36262,1.36288,1.10,1.35
2011.06.29 01:46:07.167,1.36262,1.36285,1.10,1.13
2011.06.29 01:46:08.665,1.36262,1.36285,1.10,1.13
2011.06.29 01:46:08.996,1.36262,1.36285,1.10,1.13
2011.06.29 01:46:10.917,1.36262,1.36285,1.10,1.50
2011.06.29 01:46:12.666,1.36259,1.3628,1.10,1.13
2011.06.29 01:46:13.696,1.36259,1.36276,1.10,1.13
2011.06.29 01:46:13.918,1.36258,1.36276,1.10,3.75
2011.06.29 01:46:14.137,1.36259,1.36279,1.10,1.50
2011.06.29 01:46:16.378,1.36259,1.36279,1.10,1.50
2011.06.29 01:46:19.108,1.36259,1.36279,1.10,1.50
2011.06.29 01:46:19.216,1.36259,1.36279,1.10,1.50
2011.06.29 01:46:19.768,1.36259,1.3628,1.10,1.50
2011.06.29 01:46:19.878,1.36259,1.3628,1.10,1.50
2011.06.29 01:46:24.216,1.36259,1.3628,1.10,1.50
2011.06.29 01:46:24.766,1.36261,1.3628,1.85,1.50
2011.06.29 01:46:24.909,1.36262,1.36297,1.10,2.03
2011.06.29 01:46:25.017,1.36268,1.36297,1.13,1.65
2011.06.29 01:46:25.127,1.36268,1.36301,1.13,4.50
2011.06.29 01:46:25.238,1.36266,1.36295,1.10,1.50
2011.06.29 01:46:25.567,1.36268,1.36295,1.73,1.50
2011.06.29 01:46:25.677,1.36271,1.36297,1.10,1.50
2011.06.29 01:46:25.896,1.36271,1.36297,1.10,1.50
2011.06.29 01:46:34.957,1.36267,1.36295,1.10,1.50
2011.06.29 01:46:35.396,1.36268,1.36295,1.13,1.50
2011.06.29 01:46:37.519,1.36276,1.36299,1.73,1.50
2011.06.29 01:46:37.957,1.36273,1.36299,1.10,1.50
2011.06.29 01:46:41.308,1.36273,1.36299,1.10,1.50
2011.06.29 01:46:41.638,1.36275,1.363,2.10,1.50
2011.06.29 01:46:41.748,1.36277,1.36304,1.10,1.50
2011.06.29 01:46:42.296,1.36277,1.36303,1.10,1.50
2011.06.29 01:46:42.780,1.3628,1.36307,1.85,1.50
2011.06.29 01:46:43.336,1.36281,1.36307,1.10,1.50
2011.06.29 01:46:50.027,1.36281,1.36308,1.10,3.15
2011.06.29 01:46:52.819,1.36281,1.36308,1.10,1.50
2011.06.29 01:46:53.037,1.3628,1.36308,1.10,1.50
2011.06.29 01:46:57.737,1.36276,1.36307,1.85,1.88
2011.06.29 01:46:58.065,1.36277,1.36303,1.10,1.50
2011.06.29 01:47:01.977,1.36277,1.36304,1.10,1.50
2011.06.29 01:47:02.416,1.36277,1.36304,1.10,1.50
2011.06.29 01:47:06.897,1.36277,1.36304,1.10,1.50
2011.06.29 01:47:10.121,1.36276,1.36304,1.85,1.50
2011.06.29 01:47:24.078,1.36277,1.36303,1.10,1.50
2011.06.29 01:47:24.448,1.36277,1.36303,1.10,1.50
2011.06.29 01:47:28.648,1.36277,1.36303,1.10,1.50
2011.06.29 01:47:29.238,1.36277,1.36303,1.10,1.50
2011.06.29 01:47:29.786,1.36277,1.36303,1.10,1.50
2011.06.29 01:47:30.227,1.36277,1.36302,1.10,2.40
2011.06.29 01:47:34.037,1.36277,1.36302,1.10,2.40
2011.06.29 01:47:34.365,1.36277,1.36302,1.10,2.40
2011.06.29 01:47:36.896,1.36277,1.36302,1.10,2.40
2011.06.29 01:47:39.257,1.36277,1.36303,1.10,1.50
2011.06.29 01:47:39.367,1.36277,1.36303,1.10,1.50
2011.06.29 01:47:39.739,1.36277,1.36303,1.10,1.50
2011.06.29 01:47:42.477,1.36277,1.36304,1.10,2.25
2011.06.29 01:47:43.946,1.36277,1.36304,1.10,2.25
2011.06.29 01:47:44.606,1.36277,1.36304,1.10,2.25
2011.06.29 01:47:52.447,1.36277,1.36303,1.10,1.50
2011.06.29 01:47:54.796,1.36276,1.36304,1.50,2.25
2011.06.29 01:47:57.690,1.36274,1.36299,1.10,1.35
2011.06.29 01:47:57.907,1.36274,1.36299,1.10,1.35
2011.06.29 01:48:09.167,1.36274,1.36298,1.10,1.13
2011.06.29 01:48:09.390,1.3627,1.36294,1.10,1.35
2011.06.29 01:48:09.499,1.3627,1.36291,1.10,2.10
2011.06.29 01:48:10.057,1.36267,1.36289,1.10,1.35
2011.06.29 01:48:10.170,1.36267,1.36291,1.10,1.50
2011.06.29 01:48:10.277,1.36266,1.36293,1.10,1.35
2011.06.29 01:48:10.720,1.3627,1.36296,1.10,1.35
2011.06.29 01:48:14.557,1.36273,1.36297,1.10,1.35
2011.06.29 01:48:15.436,1.36273,1.36297,1.10,1.35
2011.06.29 01:48:21.112,1.36273,1.36298,1.10,1.35
2011.06.29 01:48:28.789,1.36273,1.36298,1.10,1.35
2011.06.29 01:48:29.346,1.36273,1.363,1.10,2.10
2011.06.29 01:48:30.791,1.36273,1.36297,1.10,1.50
2011.06.29 01:48:32.079,1.36273,1.36296,1.10,2.10
2011.06.29 01:48:32.568,1.36274,1.36295,1.10,1.35
2011.06.29 01:48:39.377,1.36274,1.36297,1.10,2.25
2011.06.29 01:48:43.348,1.36274,1.36295,1.10,1.35
2011.06.29 01:48:43.897,1.36274,1.36295,1.10,1.35
2011.06.29 01:48:54.707,1.36273,1.36297,1.10,2.10
2011.06.29 01:48:55.560,1.36273,1.36299,1.10,2.40
2011.06.29 01:48:59.797,1.36273,1.36298,1.10,2.85
2011.06.29 01:49:01.936,1.36273,1.36299,1.10,2.40
2011.06.29 01:49:05.298,1.36277,1.36299,1.10,2.40
2011.06.29 01:49:06.353,1.36277,1.363,2.75,1.50
2011.06.29 01:49:06.907,1.36281,1.36305,2.40,1.50
2011.06.29 01:49:16.196,1.36283,1.36308,1.10,2.25
2011.06.29 01:49:30.137,1.36284,1.36308,1.10,2.10
2011.06.29 01:49:30.717,1.36284,1.36309,1.10,1.50
2011.06.29 01:49:31.266,1.36284,1.3631,1.10,2.40
2011.06.29 01:49:31.488,1.36284,1.36311,1.10,2.25
2011.06.29 01:49:33.486,1.36284,1.36309,1.10,1.50
2011.06.29 01:49:34.940,1.36284,1.36308,1.10,1.35
2011.06.29 01:49:36.471,1.36284,1.36309,1.10,1.50
2011.06.29 01:49:45.997,1.36281,1.36292,1.10,2.25
2011.06.29 01:49:46.327,1.36267,1.36292,1.10,1.35
2011.06.29 01:49:46.438,1.36267,1.36293,1.10,3.00
2011.06.29 01:49:46.768,1.36267,1.36295,2.75,1.50
2011.06.29 01:49:46.989,1.36263,1.36289,1.10,2.25
2011.06.29 01:49:47.317,1.36264,1.36289,2.40,2.25
2011.06.29 01:49:47.845,1.36264,1.36289,2.40,2.25
2011.06.29 01:49:48.178,1.36265,1.36287,2.40,1.35
2011.06.29 01:49:48.937,1.36265,1.36287,2.40,1.35
2011.06.29 01:49:49.576,1.36265,1.36291,2.75,2.85
2011.06.29 01:49:49.906,1.36265,1.36291,2.75,2.85
2011.06.29 01:49:52.026,1.36268,1.36293,1.13,1.50
2011.06.29 01:49:52.137,1.3627,1.36296,1.10,1.50
2011.06.29 01:49:52.357,1.36269,1.36299,1.10,1.50
2011.06.29 01:49:52.467,1.36269,1.36301,1.10,1.50
2011.06.29 01:49:52.578,1.36277,1.36303,1.85,1.50
2011.06.29 01:49:53.177,1.36277,1.36303,1.10,2.10
2011.06.29 01:50:01.277,1.36277,1.36303,1.10,1.50
2011.06.29 01:50:01.827,1.36277,1.36307,1.10,2.63
2011.06.29 01:50:02.487,1.36281,1.36308,1.10,1.13
2011.06.29 01:50:06.730,1.36281,1.36299,1.10,2.10
2011.06.29 01:50:07.057,1.36277,1.36299,1.10,2.10
2011.06.29 01:50:07.608,1.36279,1.36306,2.60,1.50
2011.06.29 01:50:07.717,1.36279,1.36306,3.35,1.50
2011.06.29 01:50:08.317,1.36279,1.36306,1.70,1.50
2011.06.29 01:50:08.428,1.36279,1.36306,1.70,1.50
2011.06.29 01:50:09.008,1.36279,1.36305,1.70,1.50
2011.06.29 01:50:10.024,1.36281,1.36306,1.10,1.50
2011.06.29 01:50:11.617,1.36284,1.36306,1.13,1.50
2011.06.29 01:50:11.947,1.36289,1.36309,2.40,1.50
2011.06.29 01:50:12.056,1.36289,1.3631,2.40,1.50
2011.06.29 01:50:12.568,1.36289,1.3631,2.40,1.50
2011.06.29 01:50:12.678,1.36283,1.36309,1.85,1.50
2011.06.29 01:50:14.348,1.36284,1.36309,1.10,1.50
2011.06.29 01:50:16.736,1.36285,1.36312,2.40,1.50
2011.06.29 01:50:20.268,1.36284,1.36312,1.10,1.50
2011.06.29 01:50:23.148,1.36284,1.36312,1.10,1.50
2011.06.29 01:50:23.477,1.36284,1.36309,1.10,2.40
2011.06.29 01:50:26.977,1.36284,1.36312,1.10,1.50
2011.06.29 01:50:28.368,1.36282,1.36312,1.10,1.50
2011.06.29 01:50:28.587,1.36284,1.36312,1.10,1.50
2011.06.29 01:50:29.137,1.36284,1.36312,1.10,1.50
2011.06.29 01:50:29.688,1.36284,1.36312,1.10,1.50
2011.06.29 01:50:29.906,1.36284,1.36312,1.10,1.50
2011.06.29 01:50:32.337,1.36284,1.36312,1.10,1.50
2011.06.29 01:50:32.666,1.36284,1.36309,1.10,2.40
2011.06.29 01:50:33.820,1.36284,1.36307,1.10,1.35
2011.06.29 01:50:33.926,1.36282,1.36306,1.10,1.35
2011.06.29 01:50:35.109,1.36283,1.36304,1.10,1.65
2011.06.29 01:50:35.546,1.36281,1.36304,1.10,1.65
2011.06.29 01:50:36.098,1.36279,1.36304,1.10,1.65
2011.06.29 01:50:36.207,1.36275,1.36304,1.10,2.40
2011.06.29 01:50:36.808,1.36276,1.36304,1.10,2.40
2011.06.29 01:50:37.340,1.36275,1.36302,2.75,1.50
2011.06.29 01:50:37.671,1.3628,1.36306,1.10,2.85
2011.06.29 01:50:37.900,1.3628,1.36306,1.10,2.85
2011.06.29 01:50:38.116,1.36284,1.36306,1.10,2.10
2011.06.29 01:50:39.446,1.3628,1.36306,1.10,1.35
2011.06.29 01:50:45.857,1.36277,1.36304,1.10,2.25
2011.06.29 01:50:46.737,1.36277,1.36304,1.10,2.25
2011.06.29 01:50:46.957,1.36281,1.36304,1.10,1.50
2011.06.29 01:50:47.507,1.36281,1.36306,1.10,1.50
2011.06.29 01:50:49.606,1.36283,1.36309,1.85,1.50
2011.06.29 01:50:56.296,1.36283,1.36309,1.10,1.50
2011.06.29 01:51:03.818,1.36285,1.36309,1.10,1.50
2011.06.29 01:51:04.586,1.36285,1.36309,1.10,1.50
2011.06.29 01:51:05.137,1.36283,1.36309,1.85,1.50
2011.06.29 01:51:05.246,1.36279,1.36306,2.75,1.50
2011.06.29 01:51:06.246,1.36279,1.36306,1.10,1.50
2011.06.29 01:51:13.039,1.36281,1.36308,1.85,1.50
2011.06.29 01:51:21.147,1.36282,1.36308,1.10,1.50
2011.06.29 01:51:21.476,1.36281,1.36304,1.50,1.50
2011.06.29 01:51:22.178,1.3628,1.36307,1.10,3.90
2011.06.29 01:51:22.510,1.36285,1.36307,2.40,1.50
2011.06.29 01:51:23.233,1.36285,1.36307,2.40,1.50
2011.06.29 01:51:24.417,1.36286,1.3631,1.35,1.50
2011.06.29 01:51:24.966,1.36291,1.36313,1.35,1.50
2011.06.29 01:51:26.407,1.36291,1.36313,1.10,2.40
2011.06.29 01:51:27.237,1.36291,1.36313,1.10,2.40
2011.06.29 01:51:28.387,1.36291,1.36316,1.10,1.50
2011.06.29 01:51:33.616,1.36291,1.36316,1.10,1.50
2011.06.29 01:51:53.487,1.36291,1.36313,1.10,1.35
2011.06.29 01:52:13.936,1.36293,1.36316,1.10,3.00
2011.06.29 01:52:32.437,1.36292,1.36316,1.85,3.00
2011.06.29 01:52:32.767,1.36291,1.36315,1.10,2.40
2011.06.29 01:52:34.886,1.36291,1.36316,1.10,2.40
2011.06.29 01:53:10.387,1.36293,1.36316,1.10,2.40
2011.06.29 01:53:10.936,1.36294,1.36319,1.10,2.40
2011.06.29 01:53:12.167,1.36294,1.36319,1.10,2.40
2011.06.29 01:53:17.526,1.36294,1.36318,1.10,2.40
2011.06.29 01:53:20.038,1.36294,1.36318,1.10,2.40
2011.06.29 01:53:20.478,1.36288,1.36313,1.10,1.65
2011.06.29 01:53:20.698,1.3629,1.36315,1.10,1.13
2011.06.29 01:53:20.917,1.36288,1.36313,1.10,2.40
2011.06.29 01:53:21.027,1.36288,1.36313,1.10,3.90
2011.06.29 01:53:24.567,1.36285,1.36313,1.85,3.90
2011.06.29 01:53:28.197,1.36286,1.36313,1.10,3.15
2011.06.29 01:53:28.577,1.3629,1.36313,1.10,1.65
2011.06.29 01:53:30.297,1.3629,1.36311,1.10,1.65
2011.06.29 01:53:32.086,1.3629,1.36312,1.10,1.65
2011.06.29 01:53:36.570,1.3629,1.36316,1.10,3.00
2011.06.29 01:53:37.380,1.3629,1.36315,1.10,2.40
2011.06.29 01:53:38.590,1.36289,1.36311,1.10,1.65
2011.06.29 01:53:38.918,1.3629,1.36313,1.10,1.65
2011.06.29 01:53:40.076,1.3629,1.36313,1.10,1.65
2011.06.29 01:53:41.279,1.3629,1.36317,1.10,1.50
2011.06.29 01:53:41.607,1.3629,1.36314,1.10,1.50
2011.06.29 01:53:41.936,1.3629,1.36317,1.10,1.50
2011.06.29 01:53:42.049,1.3629,1.36314,1.10,1.73
2011.06.29 01:53:42.377,1.36292,1.36308,1.10,1.65
2011.06.29 01:53:42.597,1.36292,1.36318,1.10,1.35
2011.06.29 01:53:43.590,1.36295,1.36318,1.50,1.35
2011.06.29 01:53:43.919,1.36297,1.36323,2.75,1.50
2011.06.29 01:53:44.248,1.36299,1.36324,1.50,1.50
2011.06.29 01:53:44.687,1.36304,1.36325,2.40,1.35
2011.06.29 01:53:44.797,1.36305,1.36327,1.10,1.50
2011.06.29 01:53:45.846,1.36305,1.36327,1.10,1.50
2011.06.29 01:53:48.058,1.36309,1.36327,2.40,1.50
2011.06.29 01:53:48.278,1.36309,1.3633,2.40,1.50
2011.06.29 01:53:50.287,1.36318,1.3633,2.40,1.50
2011.06.29 01:53:50.508,1.36318,1.36334,2.40,1.50
2011.06.29 01:53:50.836,1.36312,1.36334,1.10,1.50
2011.06.29 01:53:51.416,1.36312,1.36334,1.10,1.50
2011.06.29 01:53:54.047,1.36312,1.36334,1.10,2.10
2011.06.29 01:53:55.787,1.36312,1.36334,1.10,2.10
2011.06.29 01:53:58.237,1.36312,1.36333,1.10,1.50
2011.06.29 01:53:58.567,1.36311,1.36326,1.50,1.35
2011.06.29 01:54:00.508,1.36306,1.36329,1.10,1.35
2011.06.29 01:54:04.274,1.36302,1.36326,1.10,1.35
2011.06.29 01:54:04.391,1.36302,1.36326,1.10,2.10
2011.06.29 01:54:07.568,1.36298,1.36324,1.10,3.75
2011.06.29 01:54:07.787,1.36297,1.36324,1.10,3.90
2011.06.29 01:54:08.229,1.36297,1.36323,1.10,2.10
2011.06.29 01:54:08.557,1.36297,1.36323,1.10,1.35
2011.06.29 01:54:08.667,1.36297,1.36322,1.10,1.50
2011.06.29 01:54:11.316,1.36297,1.36321,1.10,2.10
2011.06.29 01:54:13.538,1.36297,1.36321,1.10,2.10
2011.06.29 01:54:13.648,1.36296,1.36324,1.10,2.25
2011.06.29 01:54:13.757,1.36294,1.36321,1.10,1.50
2011.06.29 01:54:14.087,1.36294,1.36316,1.10,2.25
2011.06.29 01:54:14.418,1.36291,1.36313,2.75,1.35
2011.06.29 01:54:14.841,1.36291,1.36315,2.75,1.35
2011.06.29 01:54:16.289,1.36294,1.3632,1.10,3.15
2011.06.29 01:54:16.629,1.363,1.36325,1.50,1.50
2011.06.29 01:54:16.959,1.36302,1.36329,2.75,1.50
2011.06.29 01:54:17.291,1.36302,1.36326,1.10,1.35
2011.06.29 01:54:17.408,1.36298,1.36326,1.10,1.35
2011.06.29 01:54:17.629,1.36297,1.36323,1.10,1.35
2011.06.29 01:54:18.317,1.36297,1.3632,1.10,1.35
2011.06.29 01:54:18.875,1.36298,1.36323,1.10,1.50
2011.06.29 01:54:19.237,1.36294,1.36321,2.75,1.35
2011.06.29 01:54:20.237,1.3629,1.36319,1.10,1.50
2011.06.29 01:54:21.429,1.3629,1.36317,1.10,1.35
2011.06.29 01:54:22.858,1.3629,1.36317,1.10,1.50
2011.06.29 01:54:24.254,1.3629,1.36317,1.10,2.10
2011.06.29 01:54:25.479,1.3629,1.36313,1.10,2.10
2011.06.29 01:54:25.588,1.3629,1.36313,1.10,2.10
2011.06.29 01:54:25.808,1.36292,1.36313,2.40,1.50
2011.06.29 01:54:26.137,1.36291,1.36314,2.40,1.50
2011.06.29 01:54:26.248,1.36289,1.36316,1.10,1.50
2011.06.29 01:54:26.358,1.36289,1.36316,1.47,1.50
2011.06.29 01:54:26.687,1.36295,1.36318,2.40,1.50
2011.06.29 01:54:26.909,1.36297,1.36322,1.10,1.50
2011.06.29 01:54:27.021,1.36298,1.36325,2.78,2.25
2011.06.29 01:54:27.140,1.36304,1.36325,1.10,1.50
2011.06.29 01:54:27.249,1.36303,1.36328,1.10,1.13
2011.06.29 01:54:27.741,1.36298,1.36325,1.10,1.50
2011.06.29 01:54:28.106,1.36299,1.36325,1.10,1.50
2011.06.29 01:54:28.437,1.36299,1.36325,1.10,1.50
2011.06.29 01:54:28.767,1.363,1.3633,1.10,1.50
2011.06.29 01:54:30.289,1.363,1.36328,1.10,1.50
2011.06.29 01:54:31.189,1.363,1.36328,1.10,1.50
2011.06.29 01:54:32.317,1.363,1.36325,1.10,1.50
2011.06.29 01:54:32.647,1.36299,1.36322,1.10,1.35
2011.06.29 01:54:33.477,1.36297,1.3632,1.10,1.35
2011.06.29 01:54:33.697,1.36296,1.3632,1.10,1.35
2011.06.29 01:54:34.027,1.36296,1.36318,1.10,1.35
2011.06.29 01:54:34.136,1.36296,1.36318,1.10,1.35
2011.06.29 01:54:34.797,1.36296,1.36318,1.10,1.35
2011.06.29 01:54:35.451,1.36297,1.3632,1.10,2.85
2011.06.29 01:54:36.437,1.36296,1.36318,1.10,2.25
2011.06.29 01:54:36.657,1.36296,1.36318,1.10,3.00
2011.06.29 01:54:37.137,1.36296,1.36318,1.10,3.00
2011.06.29 01:54:37.470,1.36293,1.36318,1.10,3.75
2011.06.29 01:54:38.406,1.36293,1.36314,1.10,1.50
2011.06.29 01:54:39.368,1.36293,1.36311,1.10,1.35
2011.06.29 01:54:39.806,1.36293,1.36312,1.10,2.40
2011.06.29 01:54:40.838,1.36293,1.36314,1.10,1.50
2011.06.29 01:54:41.057,1.36293,1.36314,1.10,1.50
2011.06.29 01:55:00.526,1.36293,1.36316,1.10,3.00
2011.06.29 01:55:06.268,1.36293,1.36317,1.10,1.35
2011.06.29 01:55:07.079,1.36293,1.36317,1.10,2.25
2011.06.29 01:55:21.938,1.36293,1.36317,1.10,1.35
2011.06.29 01:55:25.717,1.36293,1.36317,1.10,2.25
2011.06.29 01:55:30.196,1.36293,1.36317,1.10,1.35
2011.06.29 01:55:39.043,1.36293,1.36314,1.10,1.35
2011.06.29 01:55:39.273,1.36293,1.36313,1.10,2.25
2011.06.29 01:55:39.607,1.36288,1.3631,1.85,1.50
2011.06.29 01:55:40.161,1.36285,1.3631,1.10,1.50
2011.06.29 01:55:40.271,1.36285,1.36314,3.50,1.50
2011.06.29 01:55:40.390,1.3629,1.36316,1.10,1.50
2011.06.29 01:55:40.498,1.3629,1.36317,2.75,3.00
2011.06.29 01:55:40.830,1.36293,1.36319,1.10,1.35
2011.06.29 01:55:48.640,1.36292,1.36316,2.75,1.35
2011.06.29 01:55:49.078,1.36289,1.36314,2.75,2.10
2011.06.29 01:55:49.188,1.36289,1.36314,1.10,2.10
2011.06.29 01:55:55.957,1.36289,1.36314,1.10,2.10
2011.06.29 01:55:59.899,1.36289,1.36314,1.10,2.10
2011.06.29 01:56:00.338,1.36294,1.36319,1.10,1.50
2011.06.29 01:56:03.098,1.36294,1.36319,1.10,1.50
2011.06.29 01:56:03.209,1.36293,1.36314,1.10,1.50
2011.06.29 01:56:03.319,1.36291,1.36314,1.10,1.50
2011.06.29 01:56:03.428,1.36289,1.36311,1.10,1.50
2011.06.29 01:56:04.708,1.36289,1.36308,1.10,1.50
2011.06.29 01:56:15.600,1.36289,1.36308,1.10,1.50
2011.06.29 01:56:23.937,1.36289,1.3631,1.10,1.35
2011.06.29 01:56:24.469,1.36289,1.3631,1.10,2.10
2011.06.29 01:56:26.708,1.36286,1.36305,1.10,2.10
2011.06.29 01:56:26.818,1.36284,1.36305,1.10,2.10
2011.06.29 01:56:26.928,1.36283,1.36302,1.10,1.35
2011.06.29 01:56:27.599,1.36283,1.36302,1.10,1.35
2011.06.29 01:56:28.071,1.36283,1.36304,1.10,1.50
2011.06.29 01:56:29.747,1.36281,1.36304,1.85,1.50
2011.06.29 01:56:31.174,1.36281,1.36302,1.85,1.35
2011.06.29 01:56:34.437,1.36283,1.36302,1.10,1.35
2011.06.29 01:56:40.927,1.36279,1.36308,1.10,1.50
2011.06.29 01:56:41.037,1.36279,1.36308,1.10,1.50
2011.06.29 01:56:41.147,1.36279,1.36306,1.10,1.50
2011.06.29 01:56:41.809,1.36271,1.36296,1.10,2.78
2011.06.29 01:56:42.027,1.36271,1.36297,1.10,2.78
2011.06.29 01:56:42.717,1.36271,1.36297,1.10,3.38
2011.06.29 01:56:46.329,1.36271,1.36298,1.10,1.50
2011.06.29 01:56:46.548,1.36271,1.36294,1.10,1.50
2011.06.29 01:56:46.768,1.36271,1.36294,1.10,1.50
2011.06.29 01:56:46.878,1.36271,1.36292,1.10,1.65
2011.06.29 01:56:47.440,1.36271,1.36295,1.10,2.25
2011.06.29 01:56:47.768,1.36271,1.36296,1.10,2.10
2011.06.29 01:56:48.998,1.36271,1.36296,1.10,2.10
2011.06.29 01:56:49.548,1.36271,1.36296,1.10,2.10
2011.06.29 01:56:49.660,1.36276,1.36302,1.10,1.35
2011.06.29 01:56:49.878,1.36276,1.36302,1.10,1.35
2011.06.29 01:56:50.318,1.36276,1.36302,1.10,1.35
2011.06.29 01:56:51.037,1.36276,1.36302,2.75,1.35
2011.06.29 01:56:53.398,1.36281,1.36305,1.10,2.85
2011.06.29 01:56:55.577,1.36281,1.36302,1.10,1.35
2011.06.29 01:56:55.687,1.36281,1.36304,1.10,1.50
2011.06.29 01:56:57.007,1.36281,1.36304,1.10,1.50
2011.06.29 01:56:57.557,1.36281,1.36303,1.10,1.35
2011.06.29 01:57:00.023,1.3628,1.36303,1.10,1.35
2011.06.29 01:57:00.489,1.3628,1.36302,1.10,3.23
2011.06.29 01:57:00.818,1.36272,1.36294,2.40,1.50
2011.06.29 01:57:01.257,1.36272,1.36294,2.40,1.50
2011.06.29 01:57:01.808,1.36272,1.36294,2.40,1.50
2011.06.29 01:57:02.248,1.36274,1.36294,1.13,1.50
2011.06.29 01:57:03.297,1.36274,1.36298,1.13,2.25
2011.06.29 01:57:04.907,1.36273,1.36298,3.12,2.25
2011.06.29 01:57:05.711,1.36279,1.36299,1.13,1.50
2011.06.29 01:57:05.931,1.36277,1.36302,1.13,2.10
2011.06.29 01:57:06.039,1.36277,1.36301,1.13,2.10
2011.06.29 01:57:06.477,1.3628,1.36303,1.10,1.50
2011.06.29 01:57:08.023,1.3628,1.36302,1.10,1.35
2011.06.29 01:57:10.064,1.3628,1.36302,1.10,2.10
2011.06.29 01:57:11.076,1.3628,1.36301,1.10,1.35
2011.06.29 01:57:12.608,1.3628,1.363,1.10,1.35
2011.06.29 01:57:21.018,1.3628,1.363,1.10,1.35
2011.06.29 01:57:22.648,1.3628,1.36302,1.10,1.50
2011.06.29 01:57:33.063,1.3628,1.363,1.10,1.35
2011.06.29 01:57:33.400,1.36278,1.36299,1.10,1.35
2011.06.29 01:57:33.728,1.36273,1.36299,1.47,1.35
2011.06.29 01:57:35.868,1.36273,1.36302,1.47,1.50
2011.06.29 01:57:37.123,1.36275,1.36302,1.10,1.50
2011.06.29 01:57:37.459,1.3628,1.36302,1.13,1.35
2011.06.29 01:57:38.588,1.3628,1.36305,1.13,1.50
2011.06.29 01:57:39.647,1.36279,1.36305,1.47,3.15
2011.06.29 01:57:40.416,1.36279,1.36305,1.47,3.15
2011.06.29 01:57:40.758,1.36281,1.36305,1.13,2.40
2011.06.29 01:57:40.980,1.36284,1.3631,1.10,1.50
2011.06.29 01:57:42.070,1.36284,1.3631,1.10,2.25
2011.06.29 01:57:49.459,1.36284,1.36308,1.10,1.35
2011.06.29 01:57:49.678,1.36281,1.36304,2.40,2.10
2011.06.29 01:57:49.789,1.3628,1.36304,2.75,1.50
2011.06.29 01:57:50.717,1.3628,1.36302,1.10,1.35
2011.06.29 01:57:54.067,1.36278,1.36301,2.78,1.50
2011.06.29 01:58:05.029,1.36278,1.363,1.65,1.50
2011.06.29 01:58:05.607,1.36277,1.363,2.78,1.50
2011.06.29 01:58:05.828,1.36279,1.36301,1.65,1.50
2011.06.29 01:58:06.842,1.36279,1.36303,2.75,1.35
2011.06.29 01:58:07.462,1.36279,1.36304,3.12,1.50
2011.06.29 01:58:08.067,1.36279,1.36306,3.50,2.25
2011.06.29 01:58:08.177,1.36281,1.36308,1.47,1.50
2011.06.29 01:58:18.257,1.36281,1.36308,1.47,1.50
2011.06.29 01:58:19.177,1.36281,1.36308,1.47,1.50
2011.06.29 01:58:23.542,1.36282,1.36308,1.47,1.50
2011.06.29 01:58:25.727,1.36282,1.36308,1.47,1.50
2011.06.29 01:58:29.416,1.36282,1.36308,1.10,1.50
2011.06.29 01:58:29.748,1.36279,1.36303,1.47,1.65
2011.06.29 01:58:30.077,1.36279,1.36304,1.47,2.40
2011.06.29 01:58:30.459,1.36279,1.36304,1.47,2.40
2011.06.29 01:58:30.677,1.36279,1.363,1.10,2.40
2011.06.29 01:58:32.368,1.36279,1.363,1.10,2.40
2011.06.29 01:58:32.919,1.36279,1.36305,1.10,1.50
2011.06.29 01:58:33.498,1.36281,1.36305,1.13,1.50
2011.06.29 01:58:34.428,1.36281,1.36305,1.13,1.50
2011.06.29 01:58:34.762,1.36281,1.36305,1.13,1.50
2011.06.29 01:58:35.208,1.36283,1.36305,2.40,1.50
2011.06.29 01:58:36.519,1.36283,1.36297,1.65,1.50
2011.06.29 01:58:36.629,1.36278,1.36297,1.73,1.50
2011.06.29 01:58:36.740,1.3628,1.36304,1.73,2.40
2011.06.29 01:58:36.959,1.3628,1.36304,1.13,1.35
2011.06.29 01:58:37.179,1.36278,1.36304,1.10,1.35
2011.06.29 01:58:37.729,1.36276,1.36303,1.47,1.50
2011.06.29 01:58:37.840,1.36276,1.36306,1.47,1.50
2011.06.29 01:58:38.059,1.3628,1.36306,1.47,1.35
2011.06.29 01:58:38.389,1.36268,1.36293,1.10,1.35
2011.06.29 01:58:38.719,1.36267,1.36293,1.10,2.10
2011.06.29 01:58:38.829,1.36267,1.36293,1.10,2.10
2011.06.29 01:58:39.267,1.36267,1.36293,1.10,2.10
2011.06.29 01:58:39.598,1.36267,1.36293,1.10,1.35
2011.06.29 01:58:39.818,1.3627,1.36294,1.13,1.50
2011.06.29 01:58:41.268,1.36269,1.36294,1.13,1.50
2011.06.29 01:58:41.490,1.36271,1.36298,1.10,3.15
2011.06.29 01:58:42.757,1.36271,1.36298,1.10,1.50
2011.06.29 01:58:43.487,1.36271,1.36291,1.10,1.50
2011.06.29 01:58:45.199,1.3627,1.36287,1.13,1.50
2011.06.29 01:58:45.308,1.3627,1.36287,1.13,1.50
2011.06.29 01:58:47.319,1.36268,1.36286,1.10,1.50
2011.06.29 01:58:47.540,1.36268,1.36287,1.47,1.50
2011.06.29 01:58:48.089,1.36271,1.36287,1.13,1.50
2011.06.29 01:58:49.299,1.36268,1.36287,1.47,1.50
2011.06.29 01:58:50.082,1.36268,1.36287,1.47,1.50
2011.06.29 01:58:51.969,1.36269,1.36287,1.13,1.50
2011.06.29 01:58:53.289,1.36268,1.36287,1.10,1.50
2011.06.29 01:58:54.669,1.36268,1.36287,1.10,1.50
2011.06.29 01:58:58.188,1.36269,1.36287,2.40,1.50
2011.06.29 01:58:58.630,1.36268,1.36287,1.10,1.50
2011.06.29 01:58:59.066,1.36267,1.36287,1.10,1.50
2011.06.29 01:59:03.568,1.36267,1.36289,2.75,1.50
2011.06.29 01:59:03.787,1.36267,1.36289,2.75,1.50
2011.06.29 01:59:04.012,1.36265,1.3629,1.50,1.13
2011.06.29 01:59:04.240,1.36264,1.36288,1.10,1.13
2011.06.29 01:59:04.460,1.36259,1.36281,3.12,1.50
2011.06.29 01:59:04.845,1.36265,1.36281,2.40,1.50
2011.06.29 01:59:05.180,1.36264,1.36281,2.40,1.50
2011.06.29 01:59:05.399,1.36265,1.36285,1.13,1.50
2011.06.29 01:59:05.729,1.3627,1.36285,2.40,1.50
2011.06.29 01:59:05.949,1.36271,1.36289,1.13,1.50
2011.06.29 01:59:06.060,1.36277,1.36288,1.65,1.50
2011.06.29 01:59:06.278,1.36277,1.36291,2.40,1.50
2011.06.29 01:59:07.539,1.36277,1.36292,1.65,1.50
2011.06.29 01:59:07.648,1.3627,1.36292,1.10,1.50
2011.06.29 01:59:07.758,1.36269,1.36292,2.75,1.50
2011.06.29 01:59:08.087,1.36269,1.36296,2.75,1.35
2011.06.29 01:59:12.228,1.36269,1.36297,4.47,1.50
2011.06.29 01:59:12.579,1.36279,1.36297,1.65,1.50
2011.06.29 01:59:12.693,1.36279,1.36303,1.65,1.35
2011.06.29 01:59:12.809,1.3628,1.36304,1.10,2.10
2011.06.29 01:59:15.720,1.36281,1.36304,2.00,1.50
2011.06.29 01:59:24.028,1.36281,1.36306,2.25,1.50
2011.06.29 01:59:25.138,1.36289,1.36306,2.40,1.50
2011.06.29 01:59:25.249,1.36289,1.36309,2.40,1.50
2011.06.29 01:59:25.578,1.36282,1.36309,1.10,1.50
2011.06.29 01:59:27.470,1.36281,1.36309,2.00,1.50
2011.06.29 01:59:27.692,1.36282,1.36309,1.10,1.50
2011.06.29 01:59:28.028,1.36279,1.36306,2.75,1.50
2011.06.29 01:59:34.507,1.36279,1.36304,2.75,1.50
2011.06.29 01:59:38.598,1.36279,1.36304,2.75,1.50
2011.06.29 01:59:38.707,1.36279,1.36304,2.75,1.50
2011.06.29 01:59:39.429,1.36279,1.36304,2.75,1.50
2011.06.29 01:59:42.269,1.36279,1.36301,2.40,2.25
2011.06.29 01:59:49.638,1.36279,1.363,2.40,1.50
2011.06.29 01:59:49.861,1.36275,1.363,1.13,1.50
2011.06.29 01:59:50.082,1.36274,1.363,1.10,1.88
2011.06.29 01:59:50.312,1.36273,1.36295,3.15,1.50
2011.06.29 01:59:50.649,1.3627,1.36293,1.10,2.40
2011.06.29 01:59:50.870,1.36273,1.36299,2.75,1.50
2011.06.29 01:59:53.917,1.36273,1.36299,2.75,1.50
2011.06.29 01:59:54.248,1.36281,1.36301,2.40,1.35
2011.06.29 01:59:54.578,1.36273,1.36301,2.75,1.35
2011.06.29 01:59:54.797,1.36273,1.36301,2.75,2.10
2011.06.29 01:59:55.349,1.36276,1.36301,1.10,2.10
2011.06.29 01:59:56.739,1.36277,1.36301,1.10,1.35
2011.06.29 01:59:57.287,1.36276,1.36302,1.85,1.35
2011.06.29 01:59:59.929,1.36276,1.363,1.10,1.50
