2011.07.18 21:00:02.582,1.33021,1.33063,0.75,0.75
2011.07.18 21:00:04.473,1.33024,1.33068,0.75,0.75
2011.07.18 21:00:05.733,1.33026,1.33067,0.75,0.75
2011.07.18 21:00:07.557,1.3303,1.33091,0.75,0.75
2011.07.18 21:00:07.671,1.33028,1.33089,0.75,0.75
2011.07.18 21:00:09.743,1.33029,1.33092,0.75,0.75
2011.07.18 21:00:10.491,1.33035,1.33089,0.75,0.75
2011.07.18 21:00:11.914,1.33037,1.33085,0.75,2.25
2011.07.18 21:00:12.269,1.33053,1.33097,0.75,0.75
2011.07.18 21:00:22.081,1.33033,1.33096,0.75,0.75
2011.07.18 21:00:22.191,1.33033,1.33086,0.75,0.75
2011.07.18 21:00:22.521,1.33026,1.33084,0.75,2.25
2011.07.18 21:00:23.372,1.33012,1.33084,0.75,2.25
2011.07.18 21:00:23.482,1.33012,1.33078,0.75,2.25
2011.07.18 21:00:25.491,1.32995,1.33074,0.75,2.25
2011.07.18 21:00:25.913,1.32995,1.33072,0.75,2.25
2011.07.18 21:00:26.530,1.32995,1.33071,0.75,2.25
2011.07.18 21:00:31.264,1.32993,1.33072,0.75,2.25
2011.07.18 21:00:31.371,1.32995,1.33075,0.75,2.25
2011.07.18 21:00:31.481,1.32995,1.3307,0.75,2.25
2011.07.18 21:00:31.591,1.32991,1.3307,0.75,2.25
2011.07.18 21:00:32.411,1.32991,1.33071,0.75,2.25
2011.07.18 21:00:33.473,1.32991,1.33073,0.75,2.25
2011.07.18 21:00:33.582,1.32991,1.33076,0.75,2.25
2011.07.18 21:00:33.785,1.32997,1.33076,0.75,2.25
2011.07.18 21:00:34.001,1.32992,1.33072,0.75,4.50
2011.07.18 21:00:34.111,1.32992,1.3307,0.75,2.25
2011.07.18 21:00:35.903,1.32994,1.33074,0.75,2.25
2011.07.18 21:00:36.012,1.32994,1.33072,0.75,2.25
2011.07.18 21:00:36.232,1.3299,1.3307,0.75,2.25
2011.07.18 21:00:37.783,1.32993,1.3307,0.75,2.25
2011.07.18 21:00:38.072,1.32993,1.33076,0.75,2.25
2011.07.18 21:00:38.371,1.32993,1.33072,0.75,2.25
2011.07.18 21:00:38.481,1.32991,1.33072,0.75,2.25
2011.07.18 21:00:39.117,1.32992,1.33072,0.75,2.25
2011.07.18 21:00:39.964,1.32992,1.33074,0.75,2.25
2011.07.18 21:00:40.071,1.32992,1.33079,0.75,2.25
2011.07.18 21:00:40.332,1.32992,1.33082,0.75,2.25
2011.07.18 21:00:40.551,1.32997,1.33078,0.75,0.75
2011.07.18 21:00:40.666,1.32992,1.33079,0.75,2.25
2011.07.18 21:00:40.993,1.33005,1.33079,0.75,2.25
2011.07.18 21:00:41.432,1.33003,1.33079,0.75,2.25
2011.07.18 21:00:41.651,1.33003,1.33082,0.75,2.25
2011.07.18 21:00:42.024,1.33009,1.33082,0.75,2.25
2011.07.18 21:00:42.581,1.33014,1.3309,0.75,0.75
2011.07.18 21:00:44.023,1.33016,1.33091,0.75,0.75
2011.07.18 21:00:45.081,1.33018,1.3309,0.75,0.75
2011.07.18 21:00:46.492,1.33018,1.33081,0.75,0.75
2011.07.18 21:00:46.933,1.33023,1.33084,0.75,0.75
2011.07.18 21:00:47.340,1.33027,1.33088,0.75,0.75
2011.07.18 21:00:53.243,1.3303,1.33089,0.75,0.75
2011.07.18 21:00:56.291,1.33036,1.33095,0.75,0.75
2011.07.18 21:00:59.911,1.33043,1.33104,0.75,0.75
2011.07.18 21:01:00.131,1.33038,1.33101,0.75,0.75
2011.07.18 21:01:00.316,1.33045,1.33106,0.75,0.75
2011.07.18 21:01:00.841,1.33043,1.33104,0.75,0.75
2011.07.18 21:01:01.272,1.33041,1.33102,2.25,0.75
2011.07.18 21:01:01.492,1.33022,1.33094,3.00,0.75
2011.07.18 21:01:01.712,1.33048,1.33111,0.75,0.75
2011.07.18 21:01:05.064,1.33053,1.33112,0.75,0.75
2011.07.18 21:01:06.045,1.33057,1.33112,0.75,0.75
2011.07.18 21:01:07.033,1.33059,1.33111,0.75,0.75
2011.07.18 21:01:07.987,1.33065,1.33118,0.75,0.75
2011.07.18 21:01:08.311,1.33063,1.33114,0.75,0.75
2011.07.18 21:01:12.977,1.33061,1.33125,0.75,0.75
2011.07.18 21:01:25.022,1.33054,1.33116,0.75,0.75
2011.07.18 21:01:25.351,1.33058,1.33111,0.75,0.75
2011.07.18 21:01:31.902,1.33061,1.33111,2.25,0.75
2011.07.18 21:01:32.012,1.33058,1.33111,0.75,0.75
2011.07.18 21:01:32.121,1.33058,1.33122,0.75,0.75
2011.07.18 21:01:32.661,1.33057,1.33121,0.75,0.75
2011.07.18 21:01:33.906,1.33058,1.33121,2.25,0.75
2011.07.18 21:01:34.432,1.33059,1.33121,2.25,0.75
2011.07.18 21:01:35.913,1.33062,1.33113,0.75,0.75
2011.07.18 21:01:39.064,1.33056,1.33107,0.75,0.75
2011.07.18 21:01:39.172,1.33057,1.3311,0.75,0.75
2011.07.18 21:01:42.674,1.33058,1.33111,0.75,0.75
2011.07.18 21:01:42.892,1.33056,1.33107,0.75,0.75
2011.07.18 21:01:43.231,1.33061,1.33112,0.75,0.75
2011.07.18 21:01:53.675,1.33042,1.33112,0.75,0.75
2011.07.18 21:01:53.891,1.33045,1.33107,0.75,0.75
2011.07.18 21:02:03.082,1.33042,1.33106,0.75,0.75
2011.07.18 21:02:07.005,1.33041,1.33113,0.75,2.48
2011.07.18 21:02:07.221,1.33061,1.33114,0.75,0.75
2011.07.18 21:02:11.274,1.33053,1.33117,0.75,0.75
2011.07.18 21:02:11.775,1.33054,1.33105,0.75,0.75
2011.07.18 21:02:18.593,1.33051,1.33104,0.75,0.75
2011.07.18 21:02:20.125,1.3304,1.33104,0.75,0.75
2011.07.18 21:02:20.232,1.33042,1.33104,0.75,0.75
2011.07.18 21:02:22.831,1.33038,1.3311,0.75,0.75
2011.07.18 21:02:23.291,1.33037,1.33116,2.25,0.75
2011.07.18 21:02:23.581,1.3304,1.33116,2.25,0.75
2011.07.18 21:02:23.691,1.33038,1.33116,2.25,0.75
2011.07.18 21:02:24.003,1.33043,1.33116,0.75,0.75
2011.07.18 21:02:24.993,1.33049,1.33114,0.75,0.75
2011.07.18 21:02:25.512,1.3305,1.33108,0.75,0.75
2011.07.18 21:02:26.043,1.33051,1.33108,0.75,0.75
2011.07.18 21:02:27.021,1.33052,1.33109,0.75,0.75
2011.07.18 21:02:28.486,1.33055,1.33111,0.75,0.75
2011.07.18 21:02:29.031,1.33045,1.33109,0.75,0.75
2011.07.18 21:02:30.053,1.33049,1.33106,0.75,0.75
2011.07.18 21:02:31.043,1.33049,1.33104,0.75,0.75
2011.07.18 21:02:32.051,1.3305,1.33103,0.75,0.75
2011.07.18 21:02:34.973,1.33057,1.33099,0.75,0.75
2011.07.18 21:02:44.753,1.33056,1.3311,0.75,0.75
2011.07.18 21:03:08.111,1.33058,1.331,0.75,0.75
2011.07.18 21:03:14.383,1.33055,1.33097,0.75,0.75
2011.07.18 21:03:14.492,1.33052,1.33096,0.75,0.75
2011.07.18 21:03:14.934,1.33052,1.33106,0.75,0.75
2011.07.18 21:03:18.232,1.33053,1.33108,0.75,0.75
2011.07.18 21:03:39.683,1.33053,1.33115,0.75,1.73
2011.07.18 21:03:40.133,1.3305,1.33105,0.75,0.75
2011.07.18 21:03:40.352,1.33048,1.33111,0.75,0.75
2011.07.18 21:03:42.162,1.33049,1.33114,0.75,0.75
2011.07.18 21:03:42.271,1.3305,1.33105,0.75,0.75
2011.07.18 21:03:42.492,1.33049,1.3311,0.75,0.75
2011.07.18 21:03:44.332,1.33052,1.33114,0.75,1.73
2011.07.18 21:03:44.442,1.3305,1.33113,0.75,0.75
2011.07.18 21:03:44.551,1.3305,1.33105,0.75,0.75
2011.07.18 21:03:44.772,1.33049,1.3311,0.75,0.75
2011.07.18 21:03:45.345,1.33048,1.33104,0.75,0.75
2011.07.18 21:03:46.446,1.33049,1.3311,0.75,0.75
2011.07.18 21:03:48.961,1.33046,1.33116,0.75,0.75
2011.07.18 21:03:51.243,1.33059,1.33122,0.75,0.75
2011.07.18 21:03:51.681,1.33056,1.33119,0.75,0.75
2011.07.18 21:03:52.387,1.33059,1.33115,0.75,0.75
2011.07.18 21:03:52.922,1.33068,1.3311,0.75,0.75
2011.07.18 21:03:58.092,1.33065,1.33109,0.75,0.75
2011.07.18 21:03:59.231,1.33064,1.33106,0.75,0.75
2011.07.18 21:04:02.622,1.33046,1.33133,4.73,2.48
2011.07.18 21:04:04.230,1.33051,1.33137,2.48,2.48
2011.07.18 21:04:04.842,1.33051,1.33137,2.48,2.48
2011.07.18 21:04:05.062,1.33051,1.33137,2.48,2.48
2011.07.18 21:04:12.251,1.33046,1.33133,4.73,2.48
2011.07.18 21:04:14.193,1.33046,1.33133,4.73,2.48
2011.07.18 21:04:17.262,1.33076,1.33133,0.75,2.48
2011.07.18 21:04:17.443,1.33046,1.33133,4.73,2.48
2011.07.18 21:04:19.392,1.33046,1.33133,2.48,2.48
2011.07.18 21:04:21.833,1.33049,1.33131,3.00,2.48
2011.07.18 21:04:25.262,1.33047,1.33131,3.00,2.48
2011.07.18 21:04:28.426,1.33043,1.33131,3.00,2.48
2011.07.18 21:04:29.773,1.33076,1.33131,0.75,2.48
2011.07.18 21:04:30.912,1.33051,1.33137,4.73,2.48
2011.07.18 21:04:45.694,1.33051,1.33137,4.73,2.48
2011.07.18 21:04:52.782,1.33051,1.33137,4.73,2.48
2011.07.18 21:04:57.474,1.33051,1.33137,4.73,2.48
2011.07.18 21:05:01.975,1.33067,1.33114,1.35,1.35
2011.07.18 21:05:03.624,1.33067,1.33115,1.35,1.35
2011.07.18 21:05:04.385,1.33073,1.3312,1.35,1.35
2011.07.18 21:05:06.447,1.33073,1.33118,1.35,1.35
2011.07.18 21:05:22.225,1.33073,1.3312,1.35,1.35
2011.07.18 21:05:24.416,1.33073,1.33121,1.35,2.10
2011.07.18 21:05:24.635,1.33076,1.33119,1.35,1.35
2011.07.18 21:05:28.396,1.33076,1.33124,2.85,1.35
2011.07.18 21:05:28.724,1.33076,1.33124,2.10,1.35
2011.07.18 21:05:30.037,1.33076,1.33124,2.85,1.35
2011.07.18 21:05:31.027,1.33078,1.33124,1.35,1.35
2011.07.18 21:05:31.985,1.33078,1.33124,1.35,1.35
2011.07.18 21:05:37.297,1.33082,1.33125,1.35,1.35
2011.07.18 21:06:11.674,1.33084,1.33129,1.35,1.35
2011.07.18 21:06:11.784,1.33087,1.33129,1.35,1.35
2011.07.18 21:06:29.214,1.33084,1.33129,1.35,1.35
2011.07.18 21:06:35.707,1.33081,1.33129,1.35,1.35
2011.07.18 21:06:36.403,1.3308,1.33129,1.35,1.35
2011.07.18 21:06:45.679,1.33079,1.33129,2.10,1.35
2011.07.18 21:06:45.798,1.33079,1.33129,2.85,1.35
2011.07.18 21:06:51.495,1.33093,1.33143,2.10,1.35
2011.07.18 21:06:52.837,1.33093,1.33143,2.10,1.35
2011.07.18 21:06:52.945,1.33093,1.33143,2.10,1.35
2011.07.18 21:06:55.037,1.33093,1.33143,2.10,1.35
2011.07.18 21:06:55.977,1.33093,1.33143,2.10,1.35
2011.07.18 21:06:58.175,1.33092,1.33134,1.35,1.35
2011.07.18 21:07:05.624,1.3306,1.33137,3.60,1.35
2011.07.18 21:07:05.740,1.33063,1.33144,2.85,2.48
2011.07.18 21:07:05.857,1.3306,1.33137,1.35,1.35
2011.07.18 21:07:06.464,1.3306,1.33137,1.35,1.35
2011.07.18 21:07:09.177,1.3306,1.33137,1.35,1.35
2011.07.18 21:07:10.988,1.33048,1.33142,3.00,3.00
2011.07.18 21:07:11.624,1.33044,1.3314,3.00,3.00
2011.07.18 21:07:14.745,1.33046,1.33142,3.00,3.00
2011.07.18 21:07:16.815,1.33042,1.33138,3.00,3.00
2011.07.18 21:07:22.636,1.33042,1.33138,3.00,3.00
2011.07.18 21:07:22.978,1.33042,1.33135,3.00,2.48
2011.07.18 21:07:25.946,1.33043,1.33135,3.00,2.48
2011.07.18 21:07:31.616,1.33043,1.33135,3.00,2.48
2011.07.18 21:07:38.267,1.33043,1.33135,3.00,2.48
2011.07.18 21:07:43.986,1.33047,1.3314,3.00,2.48
2011.07.18 21:07:45.037,1.33047,1.3314,3.00,2.48
2011.07.18 21:07:45.906,1.33047,1.3314,3.00,2.48
2011.07.18 21:07:47.017,1.33047,1.3314,3.00,2.48
2011.07.18 21:07:52.217,1.33065,1.33119,1.35,2.85
2011.07.18 21:08:12.096,1.3304,1.33121,1.35,1.35
2011.07.18 21:08:12.315,1.3304,1.33122,1.35,1.35
2011.07.18 21:08:12.645,1.3304,1.33121,1.35,1.35
2011.07.18 21:08:15.106,1.3304,1.33121,1.35,1.35
2011.07.18 21:08:15.325,1.3304,1.33121,1.35,1.35
2011.07.18 21:08:15.845,1.3304,1.3312,1.35,3.00
2011.07.18 21:08:17.745,1.3304,1.33111,1.35,2.48
2011.07.18 21:08:17.855,1.3304,1.33111,1.35,2.48
2011.07.18 21:08:17.966,1.3304,1.33111,1.35,2.48
2011.07.18 21:08:18.075,1.3305,1.33101,1.35,2.10
2011.07.18 21:08:19.409,1.3305,1.331,1.35,1.35
2011.07.18 21:08:19.776,1.3305,1.33101,1.35,2.10
2011.07.18 21:08:19.887,1.3306,1.33111,1.35,2.85
2011.07.18 21:08:20.530,1.33058,1.33106,1.35,1.35
2011.07.18 21:08:20.776,1.3306,1.33108,1.35,1.35
2011.07.18 21:08:21.328,1.3306,1.33111,1.35,2.10
2011.07.18 21:08:22.047,1.3306,1.33111,1.35,2.10
2011.07.18 21:08:22.444,1.3306,1.33106,1.35,1.35
2011.07.18 21:08:22.666,1.33049,1.33097,1.35,2.10
2011.07.18 21:08:22.887,1.33056,1.33103,1.35,2.33
2011.07.18 21:08:23.107,1.33056,1.33099,1.35,1.35
2011.07.18 21:08:23.217,1.33047,1.33097,1.35,2.10
2011.07.18 21:08:23.437,1.33053,1.33097,1.35,1.35
2011.07.18 21:08:23.546,1.33047,1.33097,1.35,2.85
2011.07.18 21:08:24.566,1.33038,1.33086,1.35,2.10
2011.07.18 21:08:25.008,1.33038,1.33086,1.35,2.10
2011.07.18 21:08:25.115,1.33038,1.33086,1.35,2.10
2011.07.18 21:08:29.586,1.33041,1.33092,1.35,2.85
2011.07.18 21:08:29.696,1.33041,1.33092,1.35,2.85
2011.07.18 21:08:39.647,1.33041,1.33087,1.35,1.35
2011.07.18 21:08:42.948,1.33041,1.33087,1.35,1.35
2011.07.18 21:08:43.229,1.33041,1.33091,1.35,1.35
2011.07.18 21:08:43.694,1.33029,1.33079,1.35,2.10
2011.07.18 21:08:44.108,1.33021,1.33071,1.35,2.10
2011.07.18 21:08:45.210,1.33021,1.33071,1.35,2.10
2011.07.18 21:08:47.276,1.33027,1.33075,1.35,2.10
2011.07.18 21:08:47.495,1.33027,1.33075,1.35,2.10
2011.07.18 21:08:53.105,1.33027,1.33075,1.35,2.10
2011.07.18 21:08:53.215,1.33027,1.33074,1.35,1.35
2011.07.18 21:08:53.656,1.33016,1.33066,1.35,2.10
2011.07.18 21:08:59.005,1.33016,1.33066,1.35,2.10
2011.07.18 21:09:01.937,1.33016,1.33066,1.35,2.10
2011.07.18 21:09:02.047,1.33028,1.33078,1.35,2.10
2011.07.18 21:09:05.347,1.33028,1.33078,1.35,2.10
2011.07.18 21:09:05.456,1.33028,1.33078,1.35,2.10
2011.07.18 21:09:05.675,1.33028,1.33078,1.35,2.10
2011.07.18 21:09:07.137,1.33023,1.33073,1.35,2.10
2011.07.18 21:09:07.846,1.3303,1.33079,0.75,2.48
2011.07.18 21:09:07.956,1.33013,1.33062,1.35,1.35
2011.07.18 21:09:08.874,1.33013,1.33062,1.35,1.35
2011.07.18 21:09:10.905,1.33005,1.33063,2.10,2.10
2011.07.18 21:09:11.017,1.33009,1.33067,0.75,2.85
2011.07.18 21:09:11.816,1.33026,1.33068,0.75,1.35
2011.07.18 21:09:11.926,1.3302,1.33062,0.75,1.35
2011.07.18 21:09:12.036,1.33023,1.33065,0.75,1.35
2011.07.18 21:09:12.577,1.33012,1.33062,1.35,2.10
2011.07.18 21:09:13.795,1.33012,1.33062,1.35,2.10
2011.07.18 21:09:15.287,1.33012,1.33062,1.35,2.10
2011.07.18 21:09:17.887,1.33024,1.33072,1.35,2.10
2011.07.18 21:09:18.348,1.33024,1.33072,1.35,2.10
2011.07.18 21:09:19.515,1.33024,1.33072,1.35,2.10
2011.07.18 21:09:21.645,1.33024,1.33072,1.35,2.10
2011.07.18 21:09:25.275,1.33017,1.33066,1.35,2.10
2011.07.18 21:09:25.387,1.33017,1.33066,1.35,2.10
2011.07.18 21:09:36.143,1.33017,1.33066,1.35,2.10
2011.07.18 21:09:48.576,1.33005,1.33094,3.00,2.25
2011.07.18 21:09:48.793,1.33009,1.33103,3.00,2.25
2011.07.18 21:09:49.559,1.33009,1.33103,3.00,2.25
2011.07.18 21:09:50.175,1.33048,1.33166,2.25,0.75
2011.07.18 21:09:50.399,1.33046,1.33166,2.25,0.75
2011.07.18 21:09:51.136,1.33047,1.33167,3.00,0.75
2011.07.18 21:09:51.685,1.33041,1.33133,3.00,0.75
2011.07.18 21:09:52.177,1.33039,1.33139,3.00,0.75
2011.07.18 21:09:52.685,1.33034,1.33135,3.00,0.75
2011.07.18 21:09:53.638,1.33034,1.33128,3.00,1.35
2011.07.18 21:09:54.405,1.33024,1.33116,1.35,1.13
2011.07.18 21:09:54.515,1.33019,1.33116,1.50,1.13
2011.07.18 21:09:55.454,1.33019,1.33113,1.50,1.13
2011.07.18 21:09:56.408,1.33005,1.33098,1.35,1.35
2011.07.18 21:09:58.249,1.33005,1.33114,1.35,1.35
2011.07.18 21:09:59.289,1.33007,1.33098,3.00,1.35
2011.07.18 21:10:00.080,1.33018,1.33101,1.50,2.25
2011.07.18 21:10:00.304,1.33018,1.33106,1.50,2.25
2011.07.18 21:10:00.416,1.33018,1.33109,1.50,3.00
2011.07.18 21:10:09.476,1.33018,1.3311,1.50,3.00
2011.07.18 21:10:31.697,1.33042,1.33105,1.50,1.50
2011.07.18 21:10:34.779,1.33046,1.3309,1.50,1.50
2011.07.18 21:10:34.996,1.33046,1.33066,1.50,0.75
2011.07.18 21:10:35.616,1.33046,1.3309,1.50,1.50
2011.07.18 21:10:36.175,1.33046,1.33091,1.50,1.50
2011.07.18 21:10:42.726,1.33041,1.33071,1.50,0.75
2011.07.18 21:10:42.945,1.33041,1.33104,1.50,1.50
2011.07.18 21:10:44.506,1.33019,1.33081,1.50,2.85
2011.07.18 21:10:44.616,1.33019,1.33076,1.50,1.35
2011.07.18 21:10:44.726,1.32987,1.33081,1.50,3.00
2011.07.18 21:10:46.027,1.32992,1.33082,1.50,3.38
2011.07.18 21:10:47.017,1.32992,1.33082,1.50,1.88
2011.07.18 21:10:48.045,1.32992,1.3308,1.50,1.50
2011.07.18 21:10:48.944,1.3299,1.3308,3.00,1.50
2011.07.18 21:10:49.054,1.3299,1.33079,3.00,1.50
2011.07.18 21:10:50.495,1.32989,1.33076,3.75,3.00
2011.07.18 21:10:50.605,1.32988,1.33073,1.50,2.25
2011.07.18 21:10:50.825,1.32988,1.33081,1.50,3.00
2011.07.18 21:10:56.487,1.32988,1.33076,1.50,2.25
2011.07.18 21:10:56.595,1.32988,1.33078,1.50,2.25
2011.07.18 21:10:57.179,1.32988,1.33083,1.50,3.00
2011.07.18 21:11:14.967,1.32988,1.33084,1.50,3.00
2011.07.18 21:11:17.706,1.32988,1.33082,1.50,3.00
2011.07.18 21:11:25.225,1.32988,1.33081,1.50,3.00
2011.07.18 21:11:25.336,1.32996,1.33084,1.50,3.00
2011.07.18 21:11:25.665,1.32999,1.33083,1.50,1.50
2011.07.18 21:11:30.945,1.33009,1.33082,1.50,1.50
2011.07.18 21:11:31.595,1.33012,1.33084,1.50,1.50
2011.07.18 21:11:32.736,1.33009,1.33087,1.50,1.50
2011.07.18 21:11:33.066,1.33016,1.33081,1.50,1.50
2011.07.18 21:11:38.706,1.33015,1.33077,1.50,1.50
2011.07.18 21:11:40.825,1.33019,1.33072,1.50,1.50
2011.07.18 21:11:42.728,1.33019,1.33081,1.50,1.50
2011.07.18 21:11:43.496,1.33019,1.33071,1.50,1.50
2011.07.18 21:11:48.026,1.33018,1.33082,1.50,3.23
2011.07.18 21:11:50.456,1.33013,1.33079,1.50,3.23
2011.07.18 21:11:54.476,1.3301,1.33074,1.50,1.50
2011.07.18 21:11:59.736,1.32997,1.33066,1.50,1.50
2011.07.18 21:11:59.854,1.33,1.33044,1.50,1.50
2011.07.18 21:12:00.076,1.32995,1.33042,1.50,1.50
2011.07.18 21:12:00.296,1.32993,1.33042,1.50,1.50
2011.07.18 21:12:05.156,1.32992,1.33041,1.50,1.50
2011.07.18 21:12:05.266,1.32992,1.33041,1.50,1.50
2011.07.18 21:12:05.486,1.32991,1.33038,1.50,1.50
2011.07.18 21:12:18.516,1.3298,1.33043,1.50,1.50
2011.07.18 21:12:18.736,1.3298,1.33043,1.50,1.50
2011.07.18 21:12:19.256,1.32978,1.33044,1.50,2.48
2011.07.18 21:12:22.916,1.32972,1.33031,1.50,2.48
2011.07.18 21:12:29.286,1.32961,1.33031,1.50,2.48
2011.07.18 21:12:32.037,1.32963,1.33027,1.50,1.50
2011.07.18 21:12:32.565,1.32974,1.33027,1.50,1.50
2011.07.18 21:12:38.257,1.32976,1.33024,1.50,1.50
2011.07.18 21:12:38.604,1.32976,1.33024,1.50,1.50
2011.07.18 21:12:41.077,1.32983,1.33026,1.50,1.50
2011.07.18 21:12:41.187,1.32983,1.33035,1.50,1.50
2011.07.18 21:12:41.298,1.33,1.33033,1.38,1.50
2011.07.18 21:12:50.769,1.33,1.33034,1.38,1.50
2011.07.18 21:12:50.988,1.33003,1.33037,1.38,1.50
2011.07.18 21:12:51.859,1.33006,1.33038,1.38,2.25
2011.07.18 21:12:52.188,1.33005,1.33038,1.38,2.25
2011.07.18 21:12:52.699,1.33007,1.33038,1.50,1.50
2011.07.18 21:12:52.919,1.33019,1.33049,1.38,1.50
2011.07.18 21:12:55.277,1.33008,1.3304,1.38,1.50
2011.07.18 21:13:11.245,1.33002,1.33039,1.38,1.50
2011.07.18 21:13:11.405,1.33002,1.33036,1.38,1.50
2011.07.18 21:13:30.238,1.32997,1.33029,1.38,1.50
2011.07.18 21:13:54.175,1.32993,1.33028,1.38,1.50
2011.07.18 21:13:54.288,1.32993,1.33027,1.38,1.50
2011.07.18 21:14:11.981,1.32989,1.33025,1.50,1.50
2011.07.18 21:14:12.099,1.32987,1.33023,1.38,1.50
2011.07.18 21:14:12.210,1.32984,1.33016,1.38,1.50
2011.07.18 21:14:25.528,1.32984,1.3302,1.38,1.50
2011.07.18 21:14:25.638,1.32988,1.33022,1.38,1.50
2011.07.18 21:14:39.112,1.32988,1.33018,1.38,1.50
2011.07.18 21:14:39.339,1.32984,1.33015,1.38,2.25
2011.07.18 21:14:39.559,1.32981,1.33015,1.38,1.50
2011.07.18 21:14:40.029,1.32975,1.33009,1.38,2.25
2011.07.18 21:14:40.632,1.3298,1.33015,1.38,1.50
2011.07.18 21:14:40.750,1.3298,1.33016,1.38,1.50
2011.07.18 21:14:40.971,1.32984,1.33016,1.38,1.50
2011.07.18 21:14:41.200,1.32977,1.33011,1.38,1.50
2011.07.18 21:14:42.970,1.32988,1.33011,1.50,1.50
2011.07.18 21:14:43.189,1.32985,1.3302,1.50,1.50
2011.07.18 21:14:43.879,1.32985,1.33021,1.50,1.50
2011.07.18 21:14:43.989,1.32994,1.33024,1.38,2.25
2011.07.18 21:14:44.101,1.32994,1.3302,1.38,1.50
2011.07.18 21:14:44.327,1.3298,1.33016,1.38,1.50
2011.07.18 21:14:46.519,1.3298,1.33014,1.38,1.50
2011.07.18 21:14:46.986,1.3298,1.33012,1.38,1.50
2011.07.18 21:14:48.223,1.3298,1.3301,1.38,1.50
2011.07.18 21:14:48.564,1.32984,1.33015,1.38,1.50
2011.07.18 21:14:49.009,1.32993,1.33025,1.38,1.50
2011.07.18 21:14:49.858,1.32995,1.33025,1.38,1.50
2011.07.18 21:14:50.080,1.33004,1.33034,2.13,1.50
2011.07.18 21:14:50.190,1.33004,1.3304,2.13,2.25
2011.07.18 21:14:50.298,1.33004,1.33039,1.38,1.50
2011.07.18 21:14:50.409,1.33004,1.3304,1.38,1.50
2011.07.18 21:14:50.518,1.33004,1.33034,1.38,1.50
2011.07.18 21:14:50.738,1.32998,1.33034,1.38,1.50
2011.07.18 21:14:52.429,1.33004,1.33038,1.38,1.50
2011.07.18 21:14:53.149,1.33004,1.33037,1.38,1.50
2011.07.18 21:14:55.699,1.33004,1.33034,1.38,1.50
2011.07.18 21:14:55.922,1.32998,1.33029,1.38,1.50
2011.07.18 21:14:57.248,1.32991,1.33023,1.38,1.50
2011.07.18 21:15:10.398,1.33012,1.33023,1.50,1.50
2011.07.18 21:15:10.508,1.33022,1.33052,1.38,2.25
2011.07.18 21:15:10.815,1.33026,1.33052,1.38,1.50
2011.07.18 21:15:12.598,1.33027,1.33055,1.38,1.50
2011.07.18 21:15:12.999,1.33027,1.33044,1.38,2.10
2011.07.18 21:15:13.218,1.33003,1.33035,1.38,2.10
2011.07.18 21:15:13.437,1.32999,1.33035,1.38,2.10
2011.07.18 21:15:14.960,1.33002,1.33035,1.50,1.50
2011.07.18 21:15:15.081,1.33013,1.33035,1.50,1.50
2011.07.18 21:15:15.508,1.33013,1.33036,1.50,1.50
2011.07.18 21:15:16.098,1.33005,1.33036,1.50,1.50
2011.07.18 21:15:16.208,1.32999,1.33032,1.38,1.50
2011.07.18 21:15:16.931,1.33005,1.33037,1.38,1.50
2011.07.18 21:15:17.158,1.33004,1.33042,1.38,1.50
2011.07.18 21:15:17.609,1.33004,1.33042,1.38,1.50
2011.07.18 21:15:19.908,1.3301,1.33041,1.38,1.50
2011.07.18 21:15:20.238,1.33019,1.33051,1.38,1.50
2011.07.18 21:15:20.788,1.33017,1.33051,1.38,1.50
2011.07.18 21:15:20.899,1.33012,1.33051,1.38,1.50
2011.07.18 21:15:21.008,1.3301,1.33044,1.38,1.50
2011.07.18 21:15:24.239,1.33005,1.33039,1.38,1.50
2011.07.18 21:15:24.459,1.33,1.33039,1.38,1.50
2011.07.18 21:15:26.019,1.33008,1.33038,1.38,1.50
2011.07.18 21:15:30.478,1.33014,1.33048,1.38,1.50
2011.07.18 21:15:32.897,1.33011,1.33048,1.38,1.50
2011.07.18 21:15:33.009,1.3301,1.33042,1.38,1.50
2011.07.18 21:15:34.109,1.33011,1.33042,1.38,1.50
2011.07.18 21:15:34.551,1.33015,1.33049,2.13,1.50
2011.07.18 21:15:35.946,1.3302,1.33049,1.38,1.50
2011.07.18 21:15:41.758,1.33015,1.33048,2.13,1.50
2011.07.18 21:15:41.868,1.33014,1.33048,1.38,1.50
2011.07.18 21:15:44.778,1.33009,1.33041,1.38,1.50
2011.07.18 21:15:49.698,1.33005,1.33037,1.38,1.50
2011.07.18 21:15:50.310,1.33006,1.33038,1.38,1.50
2011.07.18 21:15:50.429,1.33007,1.33038,1.38,1.50
2011.07.18 21:15:50.649,1.33007,1.33041,1.38,1.50
2011.07.18 21:16:00.509,1.33012,1.33046,1.38,1.50
2011.07.18 21:16:05.168,1.33015,1.33046,2.25,1.50
2011.07.18 21:16:05.388,1.33018,1.33053,1.38,1.50
2011.07.18 21:16:05.778,1.33019,1.33054,2.13,1.50
2011.07.18 21:16:08.579,1.33019,1.33051,1.38,2.25
2011.07.18 21:16:08.801,1.33016,1.33048,1.38,1.50
2011.07.18 21:16:09.329,1.33016,1.33048,2.13,1.50
2011.07.18 21:16:11.839,1.33018,1.33049,1.38,1.50
2011.07.18 21:16:37.521,1.33003,1.33039,1.38,1.50
2011.07.18 21:16:38.082,1.33001,1.33039,1.38,1.50
2011.07.18 21:16:38.678,1.33001,1.33033,1.38,1.50
2011.07.18 21:16:40.649,1.33004,1.33036,1.38,1.50
2011.07.18 21:17:04.579,1.33004,1.33038,1.38,1.50
2011.07.18 21:17:04.690,1.33008,1.33043,1.38,1.50
2011.07.18 21:17:04.799,1.33008,1.33043,1.38,1.50
2011.07.18 21:17:05.404,1.33009,1.33044,1.38,1.50
2011.07.18 21:17:05.902,1.33011,1.33044,1.38,1.50
2011.07.18 21:17:10.863,1.33014,1.33044,1.50,1.50
2011.07.18 21:17:11.179,1.33019,1.33047,1.38,1.50
2011.07.18 21:17:11.580,1.33018,1.33047,1.38,1.50
2011.07.18 21:17:15.909,1.33018,1.33054,1.38,1.50
2011.07.18 21:17:16.018,1.33022,1.33056,1.38,1.50
2011.07.18 21:17:46.049,1.33024,1.33054,1.38,1.50
2011.07.18 21:17:46.270,1.33028,1.33059,1.38,1.50
2011.07.18 21:17:46.849,1.33027,1.33063,1.38,1.50
2011.07.18 21:17:48.588,1.33033,1.33063,1.38,1.50
2011.07.18 21:17:51.331,1.33033,1.33053,1.38,1.50
2011.07.18 21:17:51.653,1.33019,1.33051,1.38,1.50
2011.07.18 21:17:51.771,1.33017,1.3305,1.38,1.50
2011.07.18 21:18:06.419,1.33016,1.33044,1.38,1.50
2011.07.18 21:18:07.001,1.33011,1.33044,1.38,1.50
2011.07.18 21:18:18.029,1.33015,1.33048,1.38,1.50
2011.07.18 21:18:19.155,1.33005,1.33041,1.50,1.50
2011.07.18 21:18:19.270,1.33002,1.33032,1.38,1.50
2011.07.18 21:18:19.488,1.32999,1.33029,1.38,1.50
2011.07.18 21:18:19.708,1.32996,1.33022,1.50,1.50
2011.07.18 21:18:19.818,1.32992,1.33022,1.38,1.50
2011.07.18 21:18:20.279,1.32992,1.33022,1.38,1.50
2011.07.18 21:18:21.330,1.32992,1.33022,1.38,1.50
2011.07.18 21:18:21.879,1.32983,1.33015,1.38,1.50
2011.07.18 21:18:22.101,1.32984,1.33027,2.13,1.50
2011.07.18 21:18:22.221,1.32995,1.33027,1.38,1.50
2011.07.18 21:18:22.340,1.32996,1.33035,1.38,1.50
2011.07.18 21:18:22.450,1.33003,1.33035,1.38,1.50
2011.07.18 21:18:27.759,1.33011,1.33042,1.38,1.50
2011.07.18 21:18:29.749,1.33,1.33032,1.38,1.50
2011.07.18 21:18:30.278,1.32996,1.33028,1.38,1.50
2011.07.18 21:18:30.390,1.32993,1.33028,1.38,1.50
2011.07.18 21:18:30.498,1.32993,1.33028,1.38,1.50
2011.07.18 21:18:30.751,1.32997,1.33029,1.38,2.25
2011.07.18 21:18:31.090,1.33,1.33038,1.38,1.50
2011.07.18 21:18:31.198,1.33004,1.33038,1.38,1.50
2011.07.18 21:18:33.429,1.33008,1.33042,1.38,1.50
2011.07.18 21:18:34.318,1.33008,1.3304,1.38,1.50
2011.07.18 21:18:45.390,1.33008,1.33045,1.38,1.50
2011.07.18 21:18:45.499,1.33015,1.33046,1.38,1.50
2011.07.18 21:18:53.558,1.33007,1.33043,1.38,1.50
2011.07.18 21:18:53.779,1.33006,1.33037,1.38,1.50
2011.07.18 21:18:56.828,1.33,1.33037,1.38,1.50
2011.07.18 21:19:01.233,1.33,1.33035,1.38,1.50
2011.07.18 21:19:01.349,1.32996,1.33034,1.38,1.50
2011.07.18 21:19:01.459,1.32993,1.33031,1.38,1.50
2011.07.18 21:19:02.669,1.32993,1.33025,1.38,1.50
2011.07.18 21:19:39.618,1.32993,1.33023,1.38,1.50
2011.07.18 21:19:40.248,1.32993,1.33025,1.38,1.50
2011.07.18 21:19:45.859,1.32995,1.33025,1.38,1.50
2011.07.18 21:19:48.179,1.32995,1.33023,1.38,1.50
2011.07.18 21:19:48.639,1.32989,1.33021,1.38,1.50
2011.07.18 21:19:50.350,1.32989,1.33021,1.38,1.50
2011.07.18 21:19:50.570,1.32984,1.33018,1.38,1.50
2011.07.18 21:20:02.159,1.32987,1.3302,1.38,1.50
2011.07.18 21:20:02.268,1.32989,1.33023,1.38,1.50
2011.07.18 21:20:13.771,1.32992,1.33023,1.38,1.50
2011.07.18 21:20:15.168,1.32989,1.33023,1.38,1.50
2011.07.18 21:20:17.279,1.32989,1.3302,1.38,1.50
2011.07.18 21:20:17.499,1.32984,1.33014,1.38,1.50
2011.07.18 21:20:29.220,1.32974,1.33015,1.38,1.50
2011.07.18 21:20:29.549,1.32974,1.33008,1.38,1.50
2011.07.18 21:20:29.659,1.32967,1.32999,1.38,1.50
2011.07.18 21:20:32.249,1.32961,1.32999,1.38,1.50
2011.07.18 21:20:32.359,1.32958,1.32992,1.38,1.50
2011.07.18 21:20:52.365,1.32958,1.32992,1.38,1.50
2011.07.18 21:21:16.779,1.32958,1.32989,1.38,1.50
2011.07.18 21:21:18.359,1.32958,1.32989,1.38,1.50
2011.07.18 21:21:18.469,1.32964,1.32992,1.38,1.50
2011.07.18 21:21:18.582,1.32964,1.32995,1.38,1.50
2011.07.18 21:21:19.109,1.32964,1.32995,1.38,1.50
2011.07.18 21:21:19.329,1.32969,1.32999,1.38,1.50
2011.07.18 21:21:19.549,1.32975,1.33009,1.38,1.50
2011.07.18 21:21:20.300,1.32971,1.33009,1.38,1.50
2011.07.18 21:21:20.518,1.32968,1.33002,1.38,1.50
2011.07.18 21:21:22.499,1.32971,1.33007,1.38,1.50
2011.07.18 21:21:22.609,1.32973,1.33007,1.38,1.50
2011.07.18 21:22:04.930,1.32973,1.33009,1.38,2.25
2011.07.18 21:22:05.041,1.32979,1.33009,1.38,1.50
2011.07.18 21:22:05.920,1.32979,1.33009,1.38,2.25
2011.07.18 21:22:06.250,1.32975,1.33006,1.38,2.25
2011.07.18 21:22:06.359,1.32973,1.33006,1.38,2.25
2011.07.18 21:22:17.329,1.32978,1.33009,1.38,1.50
2011.07.18 21:22:19.668,1.32973,1.33006,1.38,1.50
2011.07.18 21:22:27.889,1.32975,1.33007,1.38,2.25
2011.07.18 21:22:28.109,1.32985,1.33017,1.38,1.50
2011.07.18 21:22:31.268,1.32989,1.33021,1.38,1.50
2011.07.18 21:22:32.779,1.32984,1.33018,1.38,1.50
2011.07.18 21:22:33.000,1.32981,1.33017,1.38,1.50
2011.07.18 21:22:33.471,1.32988,1.33018,1.38,1.50
2011.07.18 21:22:33.811,1.32988,1.33018,1.38,1.50
2011.07.18 21:22:34.760,1.32988,1.33018,1.38,1.50
2011.07.18 21:22:40.340,1.32988,1.3302,1.38,1.50
2011.07.18 21:22:45.728,1.32995,1.33027,1.38,1.50
2011.07.18 21:22:51.068,1.33001,1.33033,1.38,1.50
2011.07.18 21:22:58.578,1.32999,1.33033,1.38,1.50
2011.07.18 21:22:58.688,1.32997,1.33029,1.38,1.50
2011.07.18 21:23:05.929,1.32996,1.33029,1.38,1.50
2011.07.18 21:23:07.022,1.32993,1.33027,1.38,1.50
2011.07.18 21:23:11.919,1.32989,1.33021,1.38,1.50
2011.07.18 21:23:13.180,1.32989,1.3302,1.38,1.50
2011.07.18 21:23:13.290,1.32981,1.33015,1.38,1.50
2011.07.18 21:23:18.790,1.32981,1.33013,1.38,1.50
2011.07.18 21:23:18.900,1.32977,1.33011,1.38,2.25
2011.07.18 21:24:13.816,1.32977,1.33011,1.38,1.50
2011.07.18 21:24:19.290,1.32989,1.33023,1.38,1.50
2011.07.18 21:25:20.998,1.3299,1.33021,1.38,1.50
2011.07.18 21:25:22.275,1.32988,1.33018,1.38,1.50
2011.07.18 21:25:22.388,1.32986,1.33018,1.38,2.25
2011.07.18 21:25:34.639,1.32986,1.33018,1.38,1.50
2011.07.18 21:25:34.859,1.32984,1.33014,1.38,1.50
2011.07.18 21:25:35.116,1.32982,1.33014,1.38,1.50
2011.07.18 21:25:35.616,1.3298,1.33014,1.38,1.50
2011.07.18 21:25:35.728,1.32979,1.33011,1.38,1.50
2011.07.18 21:25:37.891,1.32977,1.33011,1.38,1.50
2011.07.18 21:25:38.219,1.32966,1.32999,1.38,1.50
2011.07.18 21:25:40.491,1.32962,1.32994,1.38,1.50
2011.07.18 21:25:45.929,1.32965,1.32997,1.38,1.50
2011.07.18 21:25:55.286,1.32965,1.33004,1.38,1.50
2011.07.18 21:25:55.399,1.32972,1.33006,1.38,1.50
2011.07.18 21:25:55.950,1.32975,1.33009,1.38,1.50
2011.07.18 21:26:21.397,1.32975,1.33009,1.38,1.50
2011.07.18 21:26:24.170,1.32972,1.33009,1.38,2.25
2011.07.18 21:26:24.388,1.32972,1.33006,1.38,1.50
2011.07.18 21:26:24.609,1.32972,1.33009,1.38,1.50
2011.07.18 21:26:24.766,1.32975,1.33009,1.38,2.25
2011.07.18 21:26:25.574,1.32977,1.33009,1.38,2.25
2011.07.18 21:26:26.281,1.32981,1.33012,1.38,1.50
2011.07.18 21:26:26.508,1.32976,1.33012,1.38,2.25
2011.07.18 21:26:27.879,1.32976,1.33012,1.38,1.50
2011.07.18 21:26:28.099,1.32981,1.33013,1.38,1.50
2011.07.18 21:26:29.700,1.32983,1.33019,1.38,1.50
2011.07.18 21:26:29.807,1.32985,1.33019,1.38,1.50
2011.07.18 21:28:11.659,1.32981,1.33013,1.38,1.50
2011.07.18 21:28:47.181,1.32961,1.33001,1.38,1.50
2011.07.18 21:28:47.302,1.32962,1.32999,1.38,1.50
2011.07.18 21:28:47.419,1.32962,1.32991,1.38,1.50
2011.07.18 21:28:50.841,1.32958,1.32991,1.38,1.50
2011.07.18 21:29:01.451,1.32976,1.33,1.38,1.73
2011.07.18 21:29:01.792,1.32976,1.33008,1.38,1.50
2011.07.18 21:29:02.128,1.32976,1.33006,1.38,1.50
2011.07.18 21:29:02.691,1.32976,1.33008,1.38,1.50
2011.07.18 21:29:11.124,1.32976,1.33006,1.38,1.50
2011.07.18 21:29:11.491,1.32968,1.32999,1.38,1.50
2011.07.18 21:29:15.580,1.32964,1.32996,1.38,1.50
2011.07.18 21:29:21.068,1.3296,1.32995,1.38,1.50
2011.07.18 21:29:21.180,1.3296,1.32992,1.38,1.50
2011.07.18 21:29:22.129,1.3296,1.32995,1.38,1.50
2011.07.18 21:29:22.239,1.32963,1.32997,1.38,1.50
2011.07.18 21:29:25.067,1.32962,1.32997,1.38,1.50
2011.07.18 21:29:25.931,1.3296,1.32994,1.38,1.50
2011.07.18 21:29:27.769,1.32962,1.32994,1.38,1.50
2011.07.18 21:29:28.099,1.32984,1.33014,1.38,2.48
2011.07.18 21:29:29.339,1.32975,1.33009,1.38,2.25
2011.07.18 21:29:29.670,1.32958,1.33007,1.38,1.50
2011.07.18 21:29:29.779,1.32958,1.32992,1.38,1.50
2011.07.18 21:29:33.249,1.32962,1.32996,1.38,1.50
2011.07.18 21:29:36.599,1.32973,1.33007,1.38,1.50
2011.07.18 21:30:31.589,1.32973,1.33007,1.38,1.50
2011.07.18 21:31:01.990,1.32977,1.33011,1.38,1.50
2011.07.18 21:31:18.051,1.32977,1.33009,1.38,1.50
2011.07.18 21:32:14.879,1.32978,1.33007,1.38,1.50
2011.07.18 21:32:38.189,1.32978,1.33007,1.38,1.50
2011.07.18 21:33:21.513,1.32979,1.33009,1.38,1.50
2011.07.18 21:33:53.110,1.3298,1.3301,1.38,1.50
2011.07.18 21:33:53.762,1.3298,1.3301,1.38,1.50
2011.07.18 21:34:52.631,1.32978,1.33003,1.38,1.13
2011.07.18 21:34:52.850,1.32961,1.32991,1.38,1.50
2011.07.18 21:34:52.962,1.32967,1.32991,1.50,1.50
2011.07.18 21:34:53.081,1.32971,1.32993,1.38,1.50
2011.07.18 21:34:53.192,1.32971,1.33005,1.38,1.50
2011.07.18 21:34:53.313,1.32973,1.33005,1.38,1.50
2011.07.18 21:34:56.493,1.32971,1.33005,1.38,1.50
2011.07.18 21:35:02.562,1.32971,1.32982,1.38,1.73
2011.07.18 21:35:02.783,1.32953,1.32982,1.38,1.73
2011.07.18 21:35:02.901,1.32952,1.32982,1.38,2.48
2011.07.18 21:35:04.070,1.32953,1.32982,1.38,2.48
2011.07.18 21:35:04.290,1.32959,1.32982,1.38,2.48
2011.07.18 21:35:05.819,1.32959,1.32982,2.13,2.48
2011.07.18 21:35:10.483,1.32969,1.33,1.38,1.50
2011.07.18 21:35:13.421,1.32969,1.32993,1.38,1.73
2011.07.18 21:35:18.491,1.32969,1.32986,1.38,1.73
2011.07.18 21:35:18.821,1.32962,1.32986,1.38,2.48
2011.07.18 21:35:20.674,1.32962,1.32986,1.38,1.73
2011.07.18 21:35:20.795,1.32971,1.32993,1.38,2.48
2011.07.18 21:35:20.913,1.32972,1.32995,1.38,2.48
2011.07.18 21:35:23.368,1.32974,1.32995,1.38,2.48
2011.07.18 21:35:42.483,1.32974,1.32993,2.13,1.73
2011.07.18 21:35:42.821,1.32967,1.32993,1.38,2.48
2011.07.18 21:35:42.942,1.32967,1.32993,1.38,2.48
2011.07.18 21:35:44.590,1.32967,1.32993,1.38,1.73
2011.07.18 21:35:44.700,1.32969,1.32999,1.38,3.23
2011.07.18 21:35:45.792,1.32969,1.32999,1.38,2.48
2011.07.18 21:36:04.239,1.32969,1.32999,2.13,2.48
2011.07.18 21:36:04.570,1.32973,1.33003,1.38,1.50
2011.07.18 21:36:04.792,1.32973,1.33004,1.38,2.48
2011.07.18 21:36:05.021,1.32973,1.33005,1.38,1.50
2011.07.18 21:36:07.751,1.32977,1.33009,1.38,1.50
2011.07.18 21:36:14.623,1.32989,1.33012,1.38,1.73
2011.07.18 21:36:20.254,1.32989,1.33022,1.38,1.50
2011.07.18 21:36:20.562,1.32997,1.33028,1.38,1.50
2011.07.18 21:36:20.681,1.32997,1.33029,1.38,1.50
2011.07.18 21:36:29.485,1.32997,1.33025,1.38,1.13
2011.07.18 21:36:29.604,1.32989,1.33011,1.38,1.73
2011.07.18 21:37:01.540,1.32989,1.33016,1.38,1.50
2011.07.18 21:37:01.871,1.32992,1.33028,1.38,1.50
2011.07.18 21:37:04.322,1.32998,1.33032,1.38,1.50
2011.07.18 21:37:04.990,1.33004,1.33036,1.38,1.50
2011.07.18 21:37:49.951,1.33005,1.33041,1.38,1.50
2011.07.18 21:37:51.039,1.33007,1.33041,1.38,1.50
2011.07.18 21:38:00.265,1.33007,1.33038,1.38,1.50
2011.07.18 21:38:00.601,1.32983,1.33015,1.38,1.50
2011.07.18 21:38:00.933,1.33004,1.33031,1.38,1.50
2011.07.18 21:38:01.053,1.33004,1.33035,1.38,1.50
2011.07.18 21:38:01.281,1.33004,1.33036,1.38,1.50
2011.07.18 21:38:01.644,1.33004,1.33035,1.38,1.50
2011.07.18 21:38:01.981,1.32979,1.33009,1.38,1.50
2011.07.18 21:38:02.091,1.32979,1.33009,1.38,1.50
2011.07.18 21:38:02.310,1.32985,1.33015,1.50,1.50
2011.07.18 21:38:02.530,1.33003,1.33035,1.38,1.50
2011.07.18 21:38:03.204,1.3297,1.33016,1.50,1.88
2011.07.18 21:38:03.576,1.32974,1.33004,1.38,1.50
2011.07.18 21:38:03.911,1.33001,1.33035,1.38,1.50
2011.07.18 21:38:06.873,1.33001,1.33032,1.38,1.50
2011.07.18 21:38:07.102,1.32979,1.33006,1.38,1.73
2011.07.18 21:38:07.320,1.32977,1.33005,1.38,1.73
2011.07.18 21:38:09.393,1.32979,1.33012,1.38,1.50
2011.07.18 21:38:09.513,1.32989,1.33021,1.38,1.50
2011.07.18 21:38:09.852,1.3299,1.33025,1.50,2.25
2011.07.18 21:38:09.960,1.32993,1.33025,1.38,2.25
2011.07.18 21:38:11.345,1.32996,1.33027,1.38,2.48
2011.07.18 21:38:12.354,1.32996,1.33027,1.38,2.10
2011.07.18 21:38:12.691,1.32996,1.33011,1.38,2.48
2011.07.18 21:38:12.803,1.3299,1.33011,1.38,2.48
2011.07.18 21:38:13.140,1.3299,1.33006,1.38,2.48
2011.07.18 21:38:13.252,1.32983,1.33006,1.38,2.48
2011.07.18 21:38:13.812,1.3299,1.33017,1.38,1.50
2011.07.18 21:38:14.031,1.3299,1.3302,1.38,1.50
2011.07.18 21:38:14.491,1.3299,1.33021,1.38,1.50
2011.07.18 21:38:15.260,1.32989,1.33022,1.38,2.48
2011.07.18 21:38:15.775,1.32989,1.3302,1.38,1.50
2011.07.18 21:38:16.311,1.32989,1.3302,1.38,1.50
2011.07.18 21:38:16.985,1.32986,1.33013,1.38,2.48
2011.07.18 21:38:19.063,1.32986,1.33013,1.38,3.23
2011.07.18 21:38:19.691,1.32986,1.33007,1.38,1.13
2011.07.18 21:38:19.802,1.32985,1.33006,1.38,1.50
2011.07.18 21:38:19.912,1.32968,1.32999,1.38,1.50
2011.07.18 21:38:20.295,1.32967,1.32999,1.38,1.50
2011.07.18 21:38:23.042,1.32968,1.33009,1.38,1.50
2011.07.18 21:38:23.161,1.32972,1.33009,1.38,1.50
2011.07.18 21:38:23.491,1.32975,1.33009,1.38,1.50
2011.07.18 21:38:26.731,1.32968,1.33006,1.38,1.50
2011.07.18 21:38:26.843,1.32965,1.32996,1.38,1.50
2011.07.18 21:38:26.962,1.32968,1.33006,1.50,1.50
2011.07.18 21:38:27.082,1.3297,1.33006,1.38,1.50
2011.07.18 21:38:28.899,1.32971,1.33012,1.38,1.50
2011.07.18 21:38:29.011,1.3298,1.33012,1.38,1.50
2011.07.18 21:38:30.640,1.32981,1.33012,1.38,1.50
2011.07.18 21:38:30.752,1.32986,1.3302,1.38,1.50
2011.07.18 21:38:31.232,1.32986,1.33018,1.38,1.50
2011.07.18 21:38:31.562,1.3297,1.32998,1.38,1.50
2011.07.18 21:38:31.681,1.3297,1.32998,1.38,1.50
2011.07.18 21:38:32.042,1.32984,1.32998,1.38,2.25
2011.07.18 21:38:32.163,1.32984,1.33015,1.38,1.50
2011.07.18 21:38:32.282,1.32984,1.33016,1.38,1.50
2011.07.18 21:38:33.690,1.32987,1.33021,1.38,1.50
2011.07.18 21:38:34.869,1.32987,1.33019,1.38,1.50
2011.07.18 21:38:35.203,1.32987,1.33021,1.50,1.50
2011.07.18 21:38:35.539,1.32996,1.33027,1.38,1.50
2011.07.18 21:38:35.656,1.32996,1.33033,1.38,1.50
2011.07.18 21:38:36.211,1.33001,1.33032,1.38,1.50
2011.07.18 21:38:38.211,1.32996,1.33031,1.38,1.50
2011.07.18 21:38:38.320,1.32996,1.3303,1.38,1.50
2011.07.18 21:38:38.870,1.32998,1.33036,1.38,1.50
2011.07.18 21:38:38.981,1.33004,1.33036,1.38,1.50
2011.07.18 21:38:39.202,1.32997,1.33036,2.13,1.50
2011.07.18 21:38:39.321,1.32997,1.33035,1.38,1.50
2011.07.18 21:38:39.662,1.32997,1.33032,1.38,1.50
2011.07.18 21:38:40.922,1.32997,1.3303,1.38,1.50
2011.07.18 21:38:41.854,1.32996,1.33028,1.38,1.50
2011.07.18 21:38:42.304,1.32997,1.33027,1.38,3.00
2011.07.18 21:38:42.640,1.33003,1.33031,1.38,3.23
2011.07.18 21:38:44.905,1.32997,1.33026,1.38,2.48
2011.07.18 21:38:45.022,1.32996,1.33026,1.38,2.48
2011.07.18 21:38:45.801,1.32996,1.33026,1.38,3.23
2011.07.18 21:38:45.911,1.32996,1.3302,1.38,1.73
2011.07.18 21:38:46.022,1.32996,1.33019,1.38,1.50
2011.07.18 21:38:46.253,1.32984,1.33014,1.38,1.50
2011.07.18 21:38:46.372,1.32993,1.33025,1.38,1.50
2011.07.18 21:38:51.231,1.32997,1.33026,1.38,2.48
2011.07.18 21:38:51.560,1.3298,1.3301,1.38,1.50
2011.07.18 21:38:51.671,1.3298,1.3301,1.38,1.50
2011.07.18 21:38:51.779,1.32984,1.33016,1.38,3.23
2011.07.18 21:38:51.889,1.3299,1.33016,1.38,2.48
2011.07.18 21:38:56.392,1.3299,1.33021,1.38,2.25
2011.07.18 21:38:56.514,1.32991,1.33024,1.38,2.48
2011.07.18 21:38:56.631,1.32995,1.33024,1.38,1.73
2011.07.18 21:39:00.383,1.32995,1.33015,1.38,1.50
2011.07.18 21:39:00.723,1.32981,1.33012,1.38,1.50
2011.07.18 21:39:08.522,1.32981,1.33012,1.38,1.50
2011.07.18 21:39:08.751,1.32993,1.33016,1.50,3.98
2011.07.18 21:39:08.860,1.32993,1.33016,1.50,1.50
2011.07.18 21:39:09.379,1.32993,1.33016,1.50,1.50
2011.07.18 21:39:09.711,1.32993,1.33014,1.50,1.50
2011.07.18 21:39:09.932,1.32979,1.33007,2.13,1.50
2011.07.18 21:39:11.181,1.32975,1.33005,1.50,1.50
2011.07.18 21:39:14.643,1.32981,1.33009,1.38,1.50
2011.07.18 21:39:14.762,1.32981,1.33011,1.38,1.50
2011.07.18 21:39:15.106,1.32984,1.33011,1.50,1.50
2011.07.18 21:39:16.132,1.32985,1.33014,2.13,1.50
2011.07.18 21:39:16.250,1.32985,1.33015,2.13,1.50
2011.07.18 21:39:20.114,1.32985,1.33013,2.13,1.50
2011.07.18 21:39:23.614,1.32986,1.33015,1.50,1.50
2011.07.18 21:39:25.059,1.32986,1.33016,1.50,2.25
2011.07.18 21:39:26.545,1.32986,1.33015,1.50,1.50
2011.07.18 21:39:33.752,1.32985,1.3301,1.50,1.50
2011.07.18 21:39:34.466,1.32985,1.3301,1.50,1.50
2011.07.18 21:39:34.801,1.32985,1.33013,2.13,1.50
2011.07.18 21:39:34.909,1.32985,1.33016,2.13,2.25
2011.07.18 21:39:36.021,1.32985,1.33008,1.50,1.50
2011.07.18 21:39:36.524,1.32994,1.3302,1.50,1.50
2011.07.18 21:39:38.631,1.32994,1.33021,1.50,1.50
2011.07.18 21:39:40.392,1.3299,1.33021,1.38,1.50
2011.07.18 21:39:40.620,1.32989,1.33017,1.50,1.50
2011.07.18 21:39:43.102,1.32989,1.33017,1.50,1.50
2011.07.18 21:39:43.320,1.32985,1.33013,3.23,1.50
2011.07.18 21:39:48.601,1.32988,1.33019,1.38,1.50
2011.07.18 21:39:52.383,1.32992,1.33023,1.38,1.50
2011.07.18 21:39:55.850,1.32992,1.3302,1.38,1.50
2011.07.18 21:39:56.184,1.33,1.33024,1.38,1.73
2011.07.18 21:39:56.411,1.3301,1.33038,1.38,1.50
2011.07.18 21:39:58.710,1.33004,1.33036,1.38,1.50
2011.07.18 21:40:00.547,1.33004,1.33034,1.38,1.50
2011.07.18 21:40:00.885,1.32991,1.33023,1.38,1.50
2011.07.18 21:40:03.302,1.32985,1.33016,1.38,1.50
2011.07.18 21:40:14.655,1.32985,1.33016,1.38,1.50
2011.07.18 21:40:14.881,1.32985,1.33016,1.38,1.50
2011.07.18 21:40:18.641,1.32985,1.33016,2.13,1.50
2011.07.18 21:40:19.081,1.32989,1.33021,1.38,1.50
2011.07.18 21:40:20.241,1.32989,1.33021,1.38,1.50
2011.07.18 21:40:34.711,1.32997,1.33024,1.50,1.50
2011.07.18 21:40:34.820,1.32997,1.33027,1.50,1.50
2011.07.18 21:40:35.912,1.32996,1.33024,1.50,1.50
2011.07.18 21:40:36.242,1.32994,1.33025,1.50,1.50
2011.07.18 21:40:42.991,1.33004,1.33034,1.50,1.50
2011.07.18 21:40:43.284,1.33006,1.33036,1.38,1.50
2011.07.18 21:40:45.921,1.33006,1.33038,1.38,2.25
2011.07.18 21:40:46.031,1.33016,1.33042,1.38,2.48
2011.07.18 21:40:50.122,1.3302,1.33042,1.13,3.23
2011.07.18 21:40:50.230,1.33021,1.33042,1.50,2.48
2011.07.18 21:40:50.563,1.33045,1.33077,1.38,1.50
2011.07.18 21:40:50.790,1.33048,1.3308,1.38,1.50
2011.07.18 21:40:52.451,1.33027,1.33058,1.38,1.50
2011.07.18 21:40:52.561,1.33026,1.33058,1.38,1.50
2011.07.18 21:40:52.671,1.33016,1.33058,1.38,1.50
2011.07.18 21:40:53.000,1.33016,1.33056,1.38,1.50
2011.07.18 21:40:53.331,1.33016,1.33056,1.38,1.50
2011.07.18 21:40:54.682,1.33016,1.33056,1.38,1.50
2011.07.18 21:40:54.790,1.3302,1.33053,1.38,1.50
2011.07.18 21:40:55.978,1.33015,1.33054,1.38,1.50
2011.07.18 21:40:56.091,1.33013,1.33053,1.38,1.13
2011.07.18 21:40:56.200,1.33001,1.33035,1.38,1.50
2011.07.18 21:40:57.570,1.3299,1.33024,1.38,1.50
2011.07.18 21:40:57.790,1.32997,1.33031,1.38,1.50
2011.07.18 21:41:00.650,1.32994,1.33029,2.13,1.50
2011.07.18 21:41:00.760,1.32994,1.33026,2.13,1.50
2011.07.18 21:41:11.562,1.32999,1.33029,1.38,1.50
2011.07.18 21:41:11.670,1.32999,1.33031,1.38,1.50
2011.07.18 21:41:12.330,1.32999,1.33031,1.38,1.50
2011.07.18 21:41:13.201,1.32999,1.33031,1.38,1.50
2011.07.18 21:41:13.506,1.33008,1.33035,1.50,1.50
2011.07.18 21:41:13.626,1.33008,1.33035,1.50,1.50
2011.07.18 21:41:15.570,1.33009,1.33036,1.50,1.50
2011.07.18 21:41:16.341,1.33008,1.33036,2.48,1.50
2011.07.18 21:41:18.801,1.33005,1.33036,1.38,1.50
2011.07.18 21:41:18.911,1.32999,1.33031,1.38,1.50
2011.07.18 21:41:19.481,1.32997,1.3303,1.50,1.50
2011.07.18 21:41:19.820,1.32997,1.33027,1.50,1.50
2011.07.18 21:41:23.371,1.32996,1.33027,1.38,1.50
2011.07.18 21:41:23.484,1.32996,1.33024,1.38,1.50
2011.07.18 21:41:24.803,1.3299,1.33017,1.50,1.50
2011.07.18 21:41:25.582,1.32994,1.33022,1.50,1.50
2011.07.18 21:41:27.381,1.32995,1.33026,2.13,1.50
2011.07.18 21:41:37.506,1.32994,1.33026,1.50,1.50
2011.07.18 21:42:01.162,1.32993,1.33018,1.50,1.50
2011.07.18 21:42:01.280,1.32993,1.33018,1.50,1.50
2011.07.18 21:42:01.757,1.32988,1.33018,1.38,1.50
2011.07.18 21:42:02.321,1.32986,1.33018,2.88,1.50
2011.07.18 21:42:03.290,1.32988,1.33018,1.38,1.50
2011.07.18 21:42:06.311,1.32988,1.33018,1.38,1.50
2011.07.18 21:42:06.650,1.32994,1.33018,1.50,1.50
2011.07.18 21:42:07.673,1.32988,1.33018,1.38,1.50
2011.07.18 21:42:10.775,1.32988,1.33018,2.13,1.50
2011.07.18 21:42:26.691,1.32988,1.33018,2.13,1.50
2011.07.18 21:42:29.520,1.32988,1.33018,2.13,1.50
2011.07.18 21:42:29.740,1.32992,1.33023,1.38,3.23
2011.07.18 21:42:30.498,1.32992,1.33023,1.38,3.23
2011.07.18 21:42:31.006,1.3299,1.33021,1.38,1.50
2011.07.18 21:42:31.120,1.32988,1.33019,1.50,1.50
2011.07.18 21:42:44.472,1.32991,1.33023,1.50,1.50
2011.07.18 21:42:44.582,1.32991,1.33023,2.13,1.50
2011.07.18 21:42:55.072,1.32994,1.33026,1.38,1.50
2011.07.18 21:42:55.401,1.33011,1.33037,1.38,1.50
2011.07.18 21:42:55.747,1.33012,1.33043,1.38,1.50
2011.07.18 21:43:00.160,1.33012,1.33043,1.38,1.50
2011.07.18 21:43:00.382,1.33012,1.33039,1.38,1.13
2011.07.18 21:43:00.611,1.33005,1.33033,1.38,1.73
2011.07.18 21:43:00.721,1.33,1.33033,1.38,1.73
2011.07.18 21:43:04.732,1.33,1.33033,1.38,2.48
2011.07.18 21:43:05.061,1.3299,1.33017,1.38,2.48
2011.07.18 21:43:05.392,1.32992,1.33018,1.50,1.50
2011.07.18 21:43:07.098,1.32992,1.33018,1.50,1.50
2011.07.18 21:43:08.214,1.33001,1.33028,1.38,2.48
2011.07.18 21:43:08.802,1.33001,1.33028,1.38,2.48
2011.07.18 21:43:08.911,1.33001,1.33028,1.38,2.48
2011.07.18 21:43:09.767,1.33001,1.33028,1.38,2.48
2011.07.18 21:43:12.372,1.33001,1.33021,1.38,2.48
2011.07.18 21:43:12.701,1.3299,1.33016,1.50,1.50
2011.07.18 21:43:13.352,1.3299,1.33016,1.50,1.50
2011.07.18 21:43:13.470,1.32988,1.33016,2.13,1.50
2011.07.18 21:43:14.021,1.32979,1.3301,1.38,1.50
2011.07.18 21:43:18.372,1.32979,1.3301,1.38,1.50
2011.07.18 21:43:22.671,1.32979,1.3301,1.38,1.50
2011.07.18 21:43:30.752,1.32979,1.3301,1.38,1.50
2011.07.18 21:43:31.283,1.32979,1.3301,1.38,1.50
2011.07.18 21:43:31.391,1.32979,1.3301,1.38,1.50
2011.07.18 21:43:39.381,1.32982,1.3301,1.50,1.50
2011.07.18 21:43:41.483,1.32979,1.3301,2.13,1.50
2011.07.18 21:43:50.282,1.32979,1.33009,2.13,1.50
2011.07.18 21:43:50.503,1.32979,1.33009,2.13,1.50
2011.07.18 21:43:50.622,1.32979,1.33008,1.38,2.48
2011.07.18 21:43:50.731,1.32973,1.33004,1.38,1.50
2011.07.18 21:43:51.332,1.32973,1.33004,1.38,1.50
2011.07.18 21:43:57.280,1.32976,1.33006,1.38,1.50
2011.07.18 21:43:57.864,1.32976,1.33006,2.13,1.50
2011.07.18 21:43:58.744,1.32976,1.33007,2.13,1.50
2011.07.18 21:43:59.552,1.32985,1.3301,1.38,1.73
2011.07.18 21:43:59.662,1.32985,1.33015,1.38,1.50
2011.07.18 21:44:05.944,1.3299,1.33022,1.38,1.50
2011.07.18 21:44:10.303,1.32987,1.33019,1.38,1.50
2011.07.18 21:44:10.411,1.32984,1.33018,1.38,1.50
2011.07.18 21:44:27.541,1.32987,1.33018,1.38,1.50
2011.07.18 21:44:27.762,1.3299,1.33019,1.38,1.50
2011.07.18 21:44:29.217,1.3299,1.33021,1.38,1.50
2011.07.18 21:44:43.790,1.32984,1.33021,1.38,1.50
2011.07.18 21:44:43.900,1.32981,1.33015,2.13,1.50
2011.07.18 21:44:51.782,1.32987,1.33019,1.38,1.50
2011.07.18 21:44:51.893,1.32988,1.33019,1.38,1.50
2011.07.18 21:44:58.393,1.32987,1.33019,1.38,1.50
2011.07.18 21:45:03.261,1.32981,1.33015,2.13,1.50
2011.07.18 21:45:15.431,1.32985,1.33019,1.38,1.50
2011.07.18 21:45:15.873,1.32988,1.33022,1.38,1.50
2011.07.18 21:45:15.982,1.32987,1.33022,1.38,1.50
2011.07.18 21:45:16.201,1.32987,1.33022,1.38,1.50
2011.07.18 21:45:20.183,1.32987,1.33018,1.38,1.50
2011.07.18 21:45:26.662,1.32984,1.33018,1.50,1.50
2011.07.18 21:45:26.771,1.32983,1.33018,2.13,1.50
2011.07.18 21:45:29.472,1.32985,1.33018,1.50,1.50
2011.07.18 21:45:30.857,1.32989,1.33017,1.50,1.50
2011.07.18 21:45:37.492,1.32991,1.33022,1.38,1.50
2011.07.18 21:45:37.822,1.32991,1.33022,1.38,1.50
2011.07.18 21:45:37.931,1.32987,1.33017,1.38,1.50
2011.07.18 21:45:38.042,1.32987,1.33017,1.38,1.50
2011.07.18 21:45:44.951,1.32987,1.33015,1.38,1.50
2011.07.18 21:45:45.288,1.32982,1.33012,1.38,1.50
2011.07.18 21:45:51.973,1.32982,1.33012,1.38,1.50
2011.07.18 21:46:04.373,1.32978,1.33008,1.38,1.50
2011.07.18 21:46:04.802,1.32978,1.33008,1.38,1.50
2011.07.18 21:46:05.333,1.32978,1.33008,1.38,1.50
2011.07.18 21:46:05.661,1.32975,1.33006,2.13,1.50
2011.07.18 21:46:11.143,1.32978,1.33008,1.50,1.50
2011.07.18 21:46:24.462,1.32977,1.33007,1.38,1.50
2011.07.18 21:46:24.803,1.32977,1.33007,1.38,1.50
2011.07.18 21:46:26.744,1.32971,1.32999,1.38,1.50
2011.07.18 21:46:26.861,1.32971,1.32999,1.38,1.50
2011.07.18 21:46:27.983,1.32966,1.32996,2.13,1.50
2011.07.18 21:46:43.462,1.32968,1.32992,1.50,1.50
2011.07.18 21:46:43.686,1.32969,1.33,1.38,1.50
2011.07.18 21:46:45.033,1.32973,1.33004,1.38,1.50
2011.07.18 21:46:50.373,1.32973,1.33004,1.38,1.50
2011.07.18 21:46:50.602,1.32976,1.33008,1.38,2.25
2011.07.18 21:46:51.647,1.32974,1.33008,1.50,2.25
2011.07.18 21:46:51.872,1.32973,1.33001,1.38,1.50
2011.07.18 21:46:51.982,1.32973,1.33002,1.38,1.50
2011.07.18 21:46:52.223,1.32973,1.33001,1.38,1.50
2011.07.18 21:46:52.551,1.32969,1.32999,1.50,1.50
2011.07.18 21:46:58.575,1.32973,1.33004,1.38,1.50
2011.07.18 21:46:59.103,1.32973,1.33004,1.38,1.50
2011.07.18 21:47:05.973,1.32973,1.33001,1.38,1.50
2011.07.18 21:47:06.081,1.32967,1.32998,2.13,1.50
2011.07.18 21:47:12.183,1.32964,1.32994,2.48,1.50
2011.07.18 21:47:12.291,1.32963,1.32993,2.25,1.50
2011.07.18 21:47:12.622,1.32963,1.32989,1.50,1.50
2011.07.18 21:47:20.651,1.32957,1.32989,3.23,1.50
2011.07.18 21:47:23.791,1.32958,1.32989,2.48,1.50
2011.07.18 21:47:27.471,1.3296,1.32989,1.38,1.50
2011.07.18 21:47:30.111,1.3296,1.32989,1.38,1.50
2011.07.18 21:47:53.592,1.3296,1.32989,1.38,1.50
2011.07.18 21:47:53.703,1.32958,1.32986,2.48,1.50
2011.07.18 21:47:53.811,1.32954,1.32986,2.48,1.50
2011.07.18 21:47:54.388,1.32955,1.32986,1.38,1.50
2011.07.18 21:47:57.921,1.32955,1.32983,1.38,1.50
2011.07.18 21:47:59.485,1.32954,1.32981,2.48,1.50
2011.07.18 21:48:04.132,1.3295,1.32981,2.13,1.50
2011.07.18 21:48:04.352,1.32949,1.32981,1.38,1.50
2011.07.18 21:48:04.465,1.32923,1.32977,1.38,1.13
2011.07.18 21:48:04.582,1.32923,1.32967,1.38,1.50
2011.07.18 21:48:04.801,1.32923,1.32967,1.38,1.50
2011.07.18 21:48:05.530,1.32916,1.32964,1.38,1.50
2011.07.18 21:48:05.750,1.32916,1.32953,1.38,1.50
2011.07.18 21:48:06.903,1.32908,1.32942,1.38,1.50
2011.07.18 21:48:12.142,1.32911,1.32942,1.38,1.50
2011.07.18 21:48:18.531,1.32911,1.32942,2.13,1.50
2011.07.18 21:48:20.431,1.32911,1.32942,2.13,1.50
2011.07.18 21:48:20.762,1.32918,1.32952,1.38,1.50
2011.07.18 21:48:21.202,1.32926,1.32957,1.38,1.50
2011.07.18 21:48:23.704,1.3293,1.3296,1.38,1.50
2011.07.18 21:48:24.066,1.32937,1.32971,1.38,1.50
2011.07.18 21:48:24.183,1.32936,1.32971,1.38,1.50
2011.07.18 21:48:25.754,1.3294,1.32971,2.13,1.50
2011.07.18 21:48:26.313,1.32946,1.32977,1.38,1.50
2011.07.18 21:48:33.204,1.32955,1.32986,1.50,3.23
2011.07.18 21:48:33.653,1.32958,1.3299,1.38,1.50
2011.07.18 21:48:33.762,1.32959,1.3299,1.38,1.50
2011.07.18 21:48:35.081,1.32964,1.32997,1.38,1.50
2011.07.18 21:48:50.864,1.32964,1.32994,1.38,1.50
2011.07.18 21:48:51.203,1.32955,1.32993,1.38,1.50
2011.07.18 21:48:54.292,1.32958,1.32993,1.38,1.50
2011.07.18 21:48:55.266,1.32966,1.32993,1.13,1.50
2011.07.18 21:48:55.494,1.32964,1.33002,1.38,1.50
2011.07.18 21:48:56.263,1.32964,1.33002,1.38,1.50
2011.07.18 21:48:57.131,1.32964,1.33002,1.38,1.50
2011.07.18 21:48:57.242,1.32965,1.33002,1.38,1.50
2011.07.18 21:48:57.462,1.32971,1.33001,1.38,1.50
2011.07.18 21:48:57.571,1.32971,1.33002,1.38,1.50
2011.07.18 21:48:58.512,1.32974,1.33005,1.38,1.50
2011.07.18 21:48:58.732,1.32974,1.33005,1.38,1.50
2011.07.18 21:49:01.505,1.32974,1.33004,1.38,1.50
2011.07.18 21:49:01.628,1.32974,1.32995,1.38,1.73
2011.07.18 21:49:01.742,1.32973,1.32995,2.13,2.48
2011.07.18 21:49:02.075,1.32974,1.32995,1.38,1.73
2011.07.18 21:49:02.193,1.32975,1.33004,1.50,1.50
2011.07.18 21:49:02.521,1.32994,1.33028,1.01,1.50
2011.07.18 21:49:03.042,1.33,1.33032,1.38,1.50
2011.07.18 21:49:05.012,1.33,1.33031,1.38,1.50
2011.07.18 21:49:06.337,1.33,1.33029,1.38,1.50
2011.07.18 21:49:06.566,1.32991,1.33025,1.38,2.25
2011.07.18 21:49:06.832,1.32992,1.33024,1.38,1.50
2011.07.18 21:49:08.413,1.32992,1.33023,1.38,1.50
2011.07.18 21:49:08.770,1.32991,1.33021,1.50,1.50
2011.07.18 21:49:09.336,1.32989,1.3302,1.38,1.50
2011.07.18 21:49:09.672,1.32993,1.33024,1.38,1.50
2011.07.18 21:49:09.782,1.32988,1.33025,1.38,2.25
2011.07.18 21:49:09.892,1.32987,1.33022,1.38,1.73
2011.07.18 21:49:10.663,1.32986,1.33004,2.13,1.50
2011.07.18 21:49:10.887,1.32978,1.33004,1.38,1.50
2011.07.18 21:49:11.004,1.32981,1.33012,1.38,1.50
2011.07.18 21:49:13.732,1.32981,1.33012,1.38,1.50
2011.07.18 21:49:14.432,1.32981,1.33012,1.38,1.50
2011.07.18 21:49:16.415,1.32981,1.33006,1.38,1.13
2011.07.18 21:49:16.534,1.3298,1.33003,1.01,1.50
2011.07.18 21:49:16.653,1.32981,1.32999,1.01,1.73
2011.07.18 21:49:16.992,1.32985,1.33016,1.38,1.50
2011.07.18 21:49:17.103,1.32988,1.33019,1.38,1.50
2011.07.18 21:49:20.493,1.32985,1.33012,2.13,1.13
2011.07.18 21:49:20.906,1.32986,1.33019,1.38,1.50
2011.07.18 21:49:26.354,1.32986,1.33017,1.38,1.50
2011.07.18 21:49:26.692,1.32984,1.33017,1.38,1.50
2011.07.18 21:49:27.022,1.32984,1.33019,1.38,1.50
2011.07.18 21:49:30.053,1.32983,1.33014,1.38,1.50
2011.07.18 21:49:33.437,1.32983,1.33005,1.38,1.73
2011.07.18 21:49:33.776,1.3298,1.33011,1.38,2.25
2011.07.18 21:49:34.184,1.3298,1.33011,1.38,1.50
2011.07.18 21:49:34.572,1.32977,1.33011,2.13,1.50
2011.07.18 21:49:42.606,1.3298,1.33011,1.38,1.50
2011.07.18 21:49:50.863,1.3298,1.33009,1.38,1.50
2011.07.18 21:49:51.372,1.32979,1.33011,1.38,1.50
2011.07.18 21:49:54.264,1.3298,1.33011,1.38,1.50
2011.07.18 21:50:02.656,1.32987,1.33017,1.38,1.50
2011.07.18 21:50:02.883,1.32987,1.33017,1.38,1.50
2011.07.18 21:50:04.966,1.32991,1.33019,1.38,1.50
2011.07.18 21:50:05.083,1.32996,1.33022,1.38,2.48
2011.07.18 21:50:05.403,1.32999,1.33026,1.38,3.23
2011.07.18 21:50:05.529,1.32994,1.33023,1.38,2.48
2011.07.18 21:50:06.083,1.32993,1.33022,1.38,1.73
2011.07.18 21:50:06.194,1.32992,1.33022,1.50,1.73
2011.07.18 21:50:06.722,1.32988,1.33021,1.38,1.73
2011.07.18 21:50:09.136,1.32988,1.33021,1.38,2.48
2011.07.18 21:50:09.362,1.32988,1.33019,1.38,1.50
2011.07.18 21:50:12.556,1.32988,1.33014,1.38,1.13
2011.07.18 21:50:12.893,1.32957,1.32992,1.38,1.50
2011.07.18 21:50:13.113,1.32965,1.32998,1.38,1.50
2011.07.18 21:50:13.225,1.32967,1.33002,1.38,1.50
2011.07.18 21:50:13.345,1.32966,1.33002,1.38,1.50
2011.07.18 21:50:14.682,1.32971,1.33002,1.38,1.50
2011.07.18 21:50:16.082,1.32973,1.33002,1.13,1.50
2011.07.18 21:50:16.415,1.33,1.33032,1.38,1.50
2011.07.18 21:50:16.533,1.33,1.33034,1.38,1.50
2011.07.18 21:50:16.643,1.33,1.33035,1.38,1.50
2011.07.18 21:50:17.181,1.33001,1.33037,1.38,1.50
2011.07.18 21:50:17.519,1.33001,1.33037,1.38,1.50
2011.07.18 21:50:18.762,1.33007,1.3304,1.38,1.73
2011.07.18 21:50:20.013,1.33007,1.3304,1.38,2.48
2011.07.18 21:50:20.342,1.32998,1.33023,1.38,3.98
2011.07.18 21:50:21.485,1.33008,1.3304,1.38,3.23
2011.07.18 21:50:22.043,1.32997,1.33039,1.38,2.48
2011.07.18 21:50:27.963,1.32997,1.33037,1.38,1.13
2011.07.18 21:50:28.293,1.32992,1.33024,1.38,1.50
2011.07.18 21:50:58.493,1.32992,1.33034,1.38,1.50
2011.07.18 21:50:58.603,1.33003,1.33037,1.38,1.50
2011.07.18 21:51:18.474,1.33006,1.33037,1.38,1.50
2011.07.18 21:51:22.183,1.33003,1.33037,2.13,1.50
2011.07.18 21:51:23.291,1.33009,1.33041,1.38,1.50
2011.07.18 21:51:23.843,1.33011,1.33046,1.38,1.50
2011.07.18 21:51:23.952,1.33014,1.33046,1.38,1.50
2011.07.18 21:51:25.983,1.33008,1.33039,1.38,1.50
2011.07.18 21:51:26.202,1.33005,1.33039,1.38,1.50
2011.07.18 21:51:27.112,1.32999,1.33055,2.13,1.50
2011.07.18 21:51:28.732,1.32999,1.33054,2.13,1.50
2011.07.18 21:51:28.843,1.32999,1.33053,2.13,1.50
2011.07.18 21:51:29.063,1.32996,1.33048,1.38,1.13
2011.07.18 21:51:29.651,1.32996,1.33046,1.38,1.73
2011.07.18 21:51:34.272,1.32992,1.33046,1.38,2.85
2011.07.18 21:51:35.671,1.32998,1.33036,1.38,1.50
2011.07.18 21:52:30.471,1.32996,1.33036,1.38,1.50
2011.07.18 21:52:35.604,1.32997,1.33041,2.13,1.50
2011.07.18 21:52:35.714,1.33001,1.33041,1.38,1.50
2011.07.18 21:52:35.834,1.33,1.33047,1.38,1.50
2011.07.18 21:52:37.611,1.32997,1.33043,1.38,1.50
2011.07.18 21:52:39.702,1.32997,1.33041,2.13,1.50
2011.07.18 21:52:40.734,1.33007,1.33046,1.38,1.13
2011.07.18 21:52:40.965,1.32999,1.33041,1.38,1.50
2011.07.18 21:52:41.196,1.33008,1.33048,1.38,1.50
2011.07.18 21:52:55.012,1.33004,1.33049,1.38,1.50
2011.07.18 21:52:56.122,1.33004,1.33049,1.38,1.50
2011.07.18 21:52:59.352,1.33003,1.3305,1.38,1.50
2011.07.18 21:53:09.125,1.33006,1.3305,1.38,1.50
2011.07.18 21:53:09.462,1.33008,1.3305,1.38,1.50
2011.07.18 21:53:40.935,1.33011,1.33054,1.38,1.50
2011.07.18 21:53:41.054,1.33012,1.33054,1.38,1.50
2011.07.18 21:53:41.873,1.33015,1.33056,1.38,2.48
2011.07.18 21:53:42.091,1.33017,1.33056,1.38,2.48
2011.07.18 21:53:49.703,1.33017,1.33055,1.38,1.50
2011.07.18 21:53:49.923,1.3302,1.33058,1.38,2.85
2011.07.18 21:54:31.354,1.33016,1.33056,1.38,1.50
2011.07.18 21:54:48.358,1.33016,1.33058,1.38,3.23
2011.07.18 21:55:00.715,1.33019,1.33058,1.38,3.23
2011.07.18 21:55:06.113,1.33019,1.33058,1.38,3.60
2011.07.18 21:55:06.443,1.33023,1.33058,1.38,2.85
2011.07.18 21:55:13.632,1.33019,1.33058,1.38,2.85
2011.07.18 21:55:15.432,1.33022,1.33058,1.38,2.85
2011.07.18 21:55:24.512,1.33022,1.33058,1.38,2.85
2011.07.18 21:55:40.693,1.33022,1.33058,1.38,2.48
2011.07.18 21:55:40.913,1.33031,1.33073,1.38,1.50
2011.07.18 21:55:47.206,1.33031,1.33074,1.38,2.10
2011.07.18 21:55:48.866,1.33031,1.33074,1.38,2.48
2011.07.18 21:55:49.204,1.33029,1.33061,1.38,1.13
2011.07.18 21:55:49.531,1.33023,1.33055,1.38,2.48
2011.07.18 21:55:50.484,1.33027,1.33055,1.38,2.48
2011.07.18 21:55:50.712,1.33027,1.33063,1.38,1.73
2011.07.18 21:55:51.932,1.33021,1.33063,1.38,2.48
2011.07.18 21:55:52.042,1.33021,1.33063,1.38,2.48
2011.07.18 21:55:52.152,1.33021,1.33054,1.38,2.48
2011.07.18 21:56:00.597,1.33021,1.33054,1.38,2.48
2011.07.18 21:56:01.356,1.33021,1.33042,1.38,1.50
2011.07.18 21:56:01.584,1.33013,1.33038,1.38,2.48
2011.07.18 21:56:02.694,1.33011,1.33037,1.38,2.48
2011.07.18 21:56:09.502,1.33011,1.33037,2.13,2.48
2011.07.18 21:56:18.502,1.33011,1.33037,1.38,2.48
2011.07.18 21:56:26.068,1.33006,1.33037,1.38,2.48
2011.07.18 21:56:36.370,1.33006,1.33037,1.38,2.48
2011.07.18 21:56:36.705,1.33011,1.33037,1.38,2.48
2011.07.18 21:56:37.083,1.33004,1.33037,2.13,2.48
2011.07.18 21:56:37.304,1.33004,1.33029,1.38,1.50
2011.07.18 21:56:38.475,1.33006,1.33052,1.76,1.50
2011.07.18 21:56:38.595,1.3302,1.33059,1.38,2.48
2011.07.18 21:56:39.620,1.3302,1.33059,1.38,2.48
2011.07.18 21:56:40.647,1.33027,1.33059,1.38,2.48
2011.07.18 21:56:40.982,1.33027,1.33059,1.38,2.48
2011.07.18 21:56:53.924,1.33027,1.33068,1.38,1.50
2011.07.18 21:57:00.773,1.33024,1.33069,1.38,1.50
2011.07.18 21:57:00.993,1.33022,1.33062,1.38,1.50
2011.07.18 21:57:11.854,1.33022,1.3306,1.38,1.50
2011.07.18 21:57:12.076,1.33022,1.33059,1.38,2.48
2011.07.18 21:57:16.562,1.33022,1.33059,1.38,2.48
2011.07.18 21:57:22.134,1.33023,1.33051,1.38,2.48
2011.07.18 21:57:24.723,1.33022,1.33051,1.38,2.48
2011.07.18 21:57:25.353,1.33022,1.33048,1.38,2.48
2011.07.18 21:57:25.573,1.33005,1.3304,1.38,2.48
2011.07.18 21:57:25.683,1.33005,1.3304,2.13,2.48
2011.07.18 21:57:26.232,1.33005,1.3304,2.13,2.48
2011.07.18 21:57:26.343,1.33005,1.3304,1.38,2.48
2011.07.18 21:57:27.304,1.33003,1.3304,1.38,2.48
2011.07.18 21:57:29.424,1.33002,1.33033,1.38,2.48
2011.07.18 21:57:30.216,1.33002,1.33033,2.13,2.48
2011.07.18 21:57:30.734,1.32996,1.33031,1.50,1.50
2011.07.18 21:57:33.653,1.32995,1.33031,2.13,1.50
2011.07.18 21:57:33.763,1.32995,1.33031,2.13,1.50
2011.07.18 21:57:36.674,1.32995,1.33031,2.13,1.50
2011.07.18 21:57:52.986,1.33003,1.33032,1.38,2.48
2011.07.18 21:57:54.190,1.33003,1.33039,2.13,2.48
2011.07.18 21:57:55.024,1.33005,1.33039,1.38,2.48
2011.07.18 21:57:56.673,1.33005,1.33039,1.38,2.48
2011.07.18 21:57:57.930,1.33007,1.33039,1.38,2.48
2011.07.18 21:57:58.049,1.33013,1.33044,1.50,1.50
2011.07.18 21:57:58.166,1.33016,1.33056,1.38,1.50
2011.07.18 21:57:58.284,1.33016,1.3306,1.38,1.50
2011.07.18 21:58:04.662,1.33016,1.33057,1.38,1.50
2011.07.18 21:58:04.775,1.33013,1.33053,1.38,1.50
2011.07.18 21:58:10.685,1.33013,1.33052,1.38,1.50
2011.07.18 21:58:11.026,1.33005,1.33039,1.38,2.48
2011.07.18 21:58:16.272,1.3301,1.33039,1.38,2.48
2011.07.18 21:58:16.383,1.3301,1.33039,1.38,1.73
2011.07.18 21:58:16.494,1.3301,1.3305,1.38,1.50
2011.07.18 21:58:22.193,1.3301,1.33042,1.38,1.50
2011.07.18 21:58:22.529,1.33004,1.3304,2.13,3.23
2011.07.18 21:58:35.633,1.33001,1.33038,1.38,3.23
2011.07.18 21:58:36.705,1.33004,1.3304,1.38,3.23
2011.07.18 21:58:37.415,1.33002,1.3304,2.13,3.23
2011.07.18 21:58:41.745,1.33004,1.33044,1.38,1.50
2011.07.18 21:58:41.853,1.3301,1.3305,1.38,1.50
2011.07.18 21:58:41.963,1.3301,1.3305,1.38,1.50
2011.07.18 21:58:49.913,1.3301,1.33046,1.38,1.73
2011.07.18 21:58:50.243,1.33008,1.33046,1.38,2.48
2011.07.18 21:58:50.695,1.33008,1.33039,1.38,2.48
2011.07.18 21:58:54.334,1.33004,1.33039,1.38,2.48
2011.07.18 21:58:56.654,1.33004,1.33039,1.38,2.48
2011.07.18 21:59:00.933,1.33006,1.33027,0.63,0.75
2011.07.18 21:59:01.043,1.32992,1.33022,0.63,1.73
2011.07.18 21:59:01.153,1.32992,1.33015,0.63,0.75
2011.07.18 21:59:01.883,1.32992,1.33019,0.63,0.75
2011.07.18 21:59:01.993,1.32983,1.33019,0.63,1.50
2011.07.18 21:59:02.322,1.32983,1.33013,0.63,0.75
2011.07.18 21:59:02.592,1.32978,1.33013,0.63,0.75
2011.07.18 21:59:06.728,1.32978,1.3302,0.63,0.75
2011.07.18 21:59:06.847,1.32983,1.33021,0.63,0.75
2011.07.18 21:59:07.234,1.32998,1.33021,0.75,0.75
2011.07.18 21:59:07.343,1.32998,1.33026,0.75,0.75
2011.07.18 21:59:07.452,1.32998,1.33029,0.75,0.75
2011.07.18 21:59:07.783,1.32991,1.33027,0.63,0.75
2011.07.18 21:59:08.225,1.32978,1.33016,0.63,0.75
2011.07.18 21:59:12.722,1.32983,1.33019,0.63,0.75
2011.07.18 21:59:15.643,1.32975,1.33015,0.63,0.75
2011.07.18 21:59:16.662,1.32974,1.33012,0.63,0.75
2011.07.18 21:59:16.993,1.3298,1.33016,0.63,0.75
2011.07.18 21:59:19.593,1.3298,1.33008,0.63,0.75
2011.07.18 21:59:19.704,1.32974,1.33008,0.63,0.75
2011.07.18 21:59:27.383,1.32974,1.3301,0.63,0.75
2011.07.18 21:59:33.023,1.32971,1.32997,0.75,0.75
2011.07.18 21:59:34.065,1.3297,1.32997,0.75,0.75
2011.07.18 21:59:34.936,1.32969,1.32997,2.13,0.75
