2007.05.14 12:00:05.528,1.6264,1.6268,2.40,5.70
2007.05.14 12:00:08.831,1.6264,1.6268,3.20,4.90
2007.05.14 12:00:08.974,1.6265,1.6268,0.80,2.40
2007.05.14 12:00:09.442,1.6265,1.6268,3.30,2.40
2007.05.14 12:00:10.007,1.6265,1.6268,5.70,2.40
2007.05.14 12:00:11.980,1.6265,1.6269,5.70,7.10
2007.05.14 12:00:22.467,1.6265,1.6269,2.40,10.40
2007.05.14 12:00:23.935,1.6264,1.6268,3.20,2.40
2007.05.14 12:00:24.957,1.6265,1.6268,2.40,2.40
2007.05.14 12:00:25.572,1.6265,1.6267,2.40,4.70
2007.05.14 12:00:26.394,1.6264,1.6267,2.40,4.70
2007.05.14 12:00:27.567,1.6264,1.6268,15.10,2.40
2007.05.14 12:00:27.673,1.6265,1.6269,2.40,2.40
2007.05.14 12:00:35.524,1.6266,1.6269,0.80,2.40
2007.05.14 12:00:35.620,1.6266,1.627,3.20,2.40
2007.05.14 12:00:37.488,1.6266,1.6269,2.40,4.70
2007.05.14 12:00:37.597,1.6266,1.6269,2.40,7.10
2007.05.14 12:00:40.066,1.6266,1.6269,2.40,0.60
2007.05.14 12:00:41.397,1.6265,1.6269,5.70,0.60
2007.05.14 12:00:44.505,1.6266,1.627,2.40,16.60
2007.05.14 12:00:47.225,1.6266,1.6269,2.40,0.50
2007.05.14 12:00:49.779,1.6265,1.6269,5.70,0.90
2007.05.14 12:00:50.488,1.6265,1.627,3.20,16.60
2007.05.14 12:00:50.616,1.6265,1.627,2.40,16.60
2007.05.14 12:00:51.842,1.6265,1.627,5.70,16.60
2007.05.14 12:00:52.805,1.6265,1.627,3.20,16.60
2007.05.14 12:00:52.986,1.6265,1.6269,2.40,0.90
2007.05.14 12:01:04.180,1.6265,1.627,2.40,10.50
2007.05.14 12:01:04.262,1.6265,1.627,3.20,12.00
2007.05.14 12:01:06.531,1.6265,1.627,3.20,19.20
2007.05.14 12:01:06.614,1.6265,1.6269,2.40,0.50
2007.05.14 12:01:07.862,1.6264,1.6268,2.40,2.40
2007.05.14 12:01:09.689,1.6265,1.6269,2.40,14.30
2007.05.14 12:01:11.574,1.6265,1.6269,2.40,2.40
2007.05.14 12:01:11.766,1.6265,1.6269,3.20,2.40
2007.05.14 12:01:23.661,1.6265,1.6269,3.20,7.10
2007.05.14 12:01:23.694,1.6265,1.6269,2.40,7.90
2007.05.14 12:01:26.587,1.6266,1.6269,0.80,7.10
2007.05.14 12:01:26.677,1.6266,1.6269,3.30,2.40
2007.05.14 12:01:26.777,1.6266,1.627,5.70,7.10
2007.05.14 12:01:27.789,1.6267,1.627,2.50,2.40
2007.05.14 12:01:27.885,1.6267,1.627,5.70,2.40
2007.05.14 12:01:29.557,1.6267,1.6271,5.70,7.10
2007.05.14 12:01:33.663,1.6268,1.6271,12.70,2.40
2007.05.14 12:01:33.877,1.6268,1.6272,15.10,2.40
2007.05.14 12:01:41.196,1.6268,1.6273,15.10,7.30
2007.05.14 12:01:42.669,1.6268,1.6271,3.20,0.70
2007.05.14 12:01:42.834,1.6268,1.6272,2.40,17.50
2007.05.14 12:01:45.163,1.6269,1.6271,0.80,0.80
2007.05.14 12:01:45.303,1.6269,1.6272,0.80,0.90
2007.05.14 12:01:45.683,1.6269,1.6274,3.20,12.00
2007.05.14 12:01:45.764,1.6269,1.6274,2.40,12.00
2007.05.14 12:01:48.782,1.6268,1.6273,15.10,7.30
2007.05.14 12:01:49.715,1.6268,1.6271,3.20,0.80
2007.05.14 12:01:49.799,1.6268,1.6272,2.40,17.50
2007.05.14 12:01:50.773,1.6268,1.6272,15.10,0.80
2007.05.14 12:01:58.228,1.6269,1.6272,0.80,0.70
2007.05.14 12:01:59.636,1.6269,1.6274,3.20,12.80
2007.05.14 12:01:59.909,1.627,1.6273,2.40,0.80
2007.05.14 12:02:00.429,1.627,1.6274,2.40,13.60
2007.05.14 12:02:00.512,1.6269,1.6274,2.40,12.00
2007.05.14 12:02:01.137,1.6269,1.6272,2.40,11.80
2007.05.14 12:02:01.702,1.6269,1.6273,2.40,0.60
2007.05.14 12:02:01.740,1.6269,1.6273,4.00,0.60
2007.05.14 12:02:01.850,1.6271,1.6273,0.80,0.90
2007.05.14 12:02:02.041,1.6271,1.6274,3.20,0.70
2007.05.14 12:02:06.328,1.6272,1.6275,2.40,15.10
2007.05.14 12:02:06.710,1.6271,1.6274,2.40,0.70
2007.05.14 12:02:07.934,1.627,1.6274,3.20,0.80
2007.05.14 12:02:09.707,1.6271,1.6275,0.80,18.30
2007.05.14 12:02:09.793,1.6271,1.6274,3.20,0.70
2007.05.14 12:02:10.419,1.6272,1.6274,2.40,4.70
2007.05.14 12:02:11.854,1.6271,1.6274,2.40,4.70
2007.05.14 12:02:12.278,1.6271,1.6272,2.40,7.10
2007.05.14 12:02:12.801,1.6271,1.6273,2.40,2.50
2007.05.14 12:02:13.013,1.627,1.6273,2.40,2.50
2007.05.14 12:02:13.117,1.6269,1.6273,4.80,4.90
2007.05.14 12:02:13.227,1.6269,1.6273,2.40,5.70
2007.05.14 12:02:14.246,1.6269,1.6273,2.40,3.20
2007.05.14 12:02:14.371,1.6269,1.6271,2.40,7.20
2007.05.14 12:02:14.443,1.6268,1.6271,2.40,7.20
2007.05.14 12:02:17.180,1.6269,1.6271,1.60,7.20
2007.05.14 12:02:17.240,1.6269,1.6272,0.80,2.40
2007.05.14 12:02:17.344,1.6269,1.6273,3.20,4.90
2007.05.14 12:02:19.702,1.627,1.6273,12.70,2.40
2007.05.14 12:02:19.820,1.627,1.6274,15.10,2.40
2007.05.14 12:02:20.426,1.6271,1.6275,2.40,5.70
2007.05.14 12:02:23.718,1.6271,1.6274,2.40,0.80
2007.05.14 12:02:23.834,1.6271,1.6273,2.40,2.50
2007.05.14 12:02:23.935,1.627,1.6273,2.40,2.50
2007.05.14 12:02:25.318,1.6269,1.6273,4.80,4.90
2007.05.14 12:02:25.695,1.627,1.6273,2.40,2.50
2007.05.14 12:02:31.933,1.6271,1.6274,0.80,2.40
2007.05.14 12:02:32.378,1.627,1.6274,15.10,2.40
2007.05.14 12:02:34.469,1.627,1.6274,3.20,7.10
2007.05.14 12:02:34.540,1.627,1.6273,2.40,2.50
2007.05.14 12:02:38.383,1.6269,1.6273,6.40,2.50
2007.05.14 12:02:42.360,1.6268,1.6273,19.90,4.90
2007.05.14 12:02:49.244,1.627,1.6273,0.80,4.90
2007.05.14 12:02:49.497,1.6269,1.6273,20.80,2.40
2007.05.14 12:02:49.532,1.627,1.6274,1.20,2.40
2007.05.14 12:02:49.808,1.627,1.6274,2.00,7.10
2007.05.14 12:02:49.971,1.6269,1.6274,7.30,7.90
2007.05.14 12:02:49.994,1.627,1.6273,1.50,2.50
2007.05.14 12:02:51.229,1.6269,1.6273,0.70,4.90
2007.05.14 12:02:56.912,1.6269,1.6273,4.80,2.50
2007.05.14 12:03:00.735,1.6269,1.6273,16.70,2.50
2007.05.14 12:03:01.019,1.627,1.6274,18.30,2.40
2007.05.14 12:03:02.491,1.6271,1.6275,1.80,4.90
2007.05.14 12:03:04.043,1.627,1.6275,16.70,5.70
2007.05.14 12:03:11.860,1.627,1.6275,19.10,5.70
2007.05.14 12:03:14.476,1.6271,1.6275,4.80,2.50
2007.05.14 12:03:18.004,1.6271,1.6276,19.90,2.40
2007.05.14 12:03:19.722,1.6272,1.6277,16.70,5.70
2007.05.14 12:03:22.017,1.6271,1.6275,4.80,2.50
2007.05.14 12:03:30.239,1.6271,1.6275,8.00,2.50
2007.05.14 12:03:30.451,1.6272,1.6276,6.30,2.40
2007.05.14 12:03:39.471,1.6273,1.6277,0.80,5.70
2007.05.14 12:03:39.584,1.6271,1.6276,19.20,2.40
2007.05.14 12:03:43.849,1.6273,1.6276,0.80,2.40
2007.05.14 12:03:44.052,1.6273,1.6277,3.20,4.90
2007.05.14 12:03:46.945,1.6273,1.6277,2.40,5.70
2007.05.14 12:03:47.040,1.6272,1.6276,15.10,2.40
2007.05.14 12:03:49.402,1.6272,1.6276,2.40,7.90
2007.05.14 12:03:49.509,1.6272,1.6275,2.40,2.50
2007.05.14 12:03:51.539,1.6272,1.6276,2.40,10.40
2007.05.14 12:03:51.583,1.6272,1.6275,2.40,4.90
2007.05.14 12:03:55.689,1.6272,1.6275,2.40,2.50
2007.05.14 12:04:01.389,1.6272,1.6276,14.30,3.20
2007.05.14 12:04:01.471,1.6272,1.6276,15.10,2.40
2007.05.14 12:04:02.953,1.6273,1.6276,0.80,2.40
2007.05.14 12:04:03.874,1.6273,1.6277,3.20,4.90
2007.05.14 12:04:09.878,1.6273,1.6277,15.10,4.90
2007.05.14 12:04:09.987,1.6273,1.6277,17.60,2.40
2007.05.14 12:04:10.071,1.6274,1.6277,0.80,2.40
2007.05.14 12:04:11.986,1.6275,1.6279,2.40,10.40
2007.05.14 12:04:12.775,1.6274,1.6278,3.20,2.40
2007.05.14 12:04:14.499,1.6275,1.6278,2.40,2.40
2007.05.14 12:04:17.842,1.6275,1.6278,0.90,2.40
2007.05.14 12:04:18.961,1.6273,1.6278,19.20,2.40
2007.05.14 12:04:35.620,1.6274,1.6278,0.70,14.30
2007.05.14 12:04:36.256,1.6274,1.6278,2.00,2.40
2007.05.14 12:04:36.506,1.6273,1.6278,19.20,2.40
2007.05.14 12:04:41.945,1.6273,1.6278,10.50,7.10
2007.05.14 12:04:42.045,1.6273,1.6278,4.80,10.40
2007.05.14 12:04:45.068,1.6274,1.6278,5.70,2.40
2007.05.14 12:04:48.155,1.6276,1.6279,2.50,7.10
2007.05.14 12:04:53.520,1.6276,1.6279,3.30,2.40
2007.05.14 12:04:55.107,1.6277,1.6279,0.80,2.40
2007.05.14 12:04:55.909,1.6277,1.6281,3.20,7.10
2007.05.14 12:04:57.663,1.6278,1.6281,2.40,7.10
2007.05.14 12:04:57.959,1.6277,1.6281,3.20,7.10
2007.05.14 12:04:58.177,1.6278,1.6281,2.40,7.10
2007.05.14 12:04:59.014,1.628,1.6281,2.40,4.70
2007.05.14 12:05:00.030,1.6278,1.6281,2.40,4.70
2007.05.14 12:05:00.534,1.6278,1.6282,17.60,2.40
2007.05.14 12:05:00.960,1.6278,1.6282,5.70,2.40
2007.05.14 12:05:01.077,1.6279,1.6282,0.80,2.40
2007.05.14 12:05:01.280,1.6279,1.6283,3.20,7.10
2007.05.14 12:05:05.428,1.6279,1.6283,2.40,7.90
2007.05.14 12:05:06.988,1.6279,1.6281,2.40,4.70
2007.05.14 12:05:07.700,1.6278,1.6281,2.40,4.70
2007.05.14 12:05:11.197,1.6278,1.6281,2.40,0.90
2007.05.14 12:05:13.999,1.6278,1.6283,2.40,10.50
2007.05.14 12:05:14.109,1.6278,1.6282,5.70,0.80
2007.05.14 12:05:14.720,1.6279,1.6284,2.40,16.60
2007.05.14 12:05:19.105,1.6279,1.6282,2.40,12.60
2007.05.14 12:05:19.151,1.6278,1.6281,4.90,0.70
2007.05.14 12:05:19.333,1.6278,1.6283,4.90,12.70
2007.05.14 12:05:19.369,1.6278,1.6282,5.70,0.60
2007.05.14 12:05:19.937,1.628,1.6283,4.90,0.80
2007.05.14 12:05:22.586,1.6282,1.6285,2.50,8.70
2007.05.14 12:05:22.667,1.6282,1.6285,2.50,0.80
2007.05.14 12:05:23.921,1.6282,1.6286,2.40,16.60
2007.05.14 12:05:24.122,1.6282,1.6286,2.40,16.60
2007.05.14 12:05:24.454,1.6281,1.6285,4.90,0.80
2007.05.14 12:05:26.113,1.6281,1.6284,2.40,0.80
2007.05.14 12:05:26.234,1.628,1.6285,2.40,19.90
2007.05.14 12:05:26.724,1.6281,1.6285,2.40,20.80
2007.05.14 12:05:26.848,1.6281,1.6285,2.40,13.60
2007.05.14 12:05:30.221,1.6281,1.6286,2.40,16.60
2007.05.14 12:05:31.195,1.6281,1.6284,2.40,15.10
2007.05.14 12:05:31.754,1.628,1.6284,2.40,17.50
2007.05.14 12:05:32.495,1.628,1.6285,2.40,10.50
2007.05.14 12:05:32.665,1.6281,1.6284,2.40,0.80
2007.05.14 12:05:32.796,1.6281,1.6285,2.40,0.90
2007.05.14 12:05:36.720,1.628,1.6285,5.70,9.50
2007.05.14 12:05:37.018,1.6281,1.6285,2.40,0.80
2007.05.14 12:05:37.568,1.6281,1.6284,2.40,11.80
2007.05.14 12:05:38.167,1.628,1.6284,2.40,17.50
2007.05.14 12:05:41.636,1.628,1.6283,2.40,7.10
2007.05.14 12:05:44.372,1.6279,1.6283,3.20,7.10
2007.05.14 12:05:46.031,1.6279,1.6283,2.40,7.90
2007.05.14 12:05:46.647,1.6279,1.6281,2.40,4.70
2007.05.14 12:05:47.143,1.6279,1.6281,2.40,7.20
2007.05.14 12:05:47.883,1.6279,1.628,2.40,4.70
2007.05.14 12:05:48.596,1.6279,1.6281,2.40,7.20
2007.05.14 12:05:48.671,1.6279,1.6281,2.40,2.50
2007.05.14 12:05:48.813,1.6278,1.6281,2.40,2.50
2007.05.14 12:05:49.041,1.6278,1.6282,2.40,15.10
2007.05.14 12:05:49.299,1.6278,1.6282,2.40,7.90
2007.05.14 12:05:51.817,1.6279,1.6282,2.40,4.70
2007.05.14 12:05:51.935,1.6279,1.6282,2.40,7.10
2007.05.14 12:05:52.838,1.6279,1.6282,2.40,2.40
2007.05.14 12:05:53.052,1.6279,1.6283,3.20,7.10
2007.05.14 12:05:54.665,1.6279,1.6281,3.20,4.70
2007.05.14 12:05:54.748,1.6279,1.6281,2.40,4.70
2007.05.14 12:05:55.251,1.6279,1.6281,2.40,7.20
2007.05.14 12:05:56.094,1.6279,1.628,2.40,11.90
2007.05.14 12:05:56.514,1.6279,1.628,2.40,5.50
2007.05.14 12:05:56.594,1.6277,1.628,2.40,5.50
2007.05.14 12:05:56.700,1.6277,1.628,2.40,7.90
2007.05.14 12:05:57.273,1.6277,1.628,2.40,2.40
2007.05.14 12:05:58.570,1.6277,1.6281,2.40,2.40
2007.05.14 12:05:59.585,1.6278,1.628,2.40,4.70
2007.05.14 12:05:59.727,1.6278,1.628,2.40,5.50
2007.05.14 12:06:00.140,1.6277,1.628,2.40,4.70
2007.05.14 12:06:01.910,1.6277,1.6281,4.80,7.10
2007.05.14 12:06:02.093,1.6278,1.6281,2.40,4.70
2007.05.14 12:06:02.202,1.6278,1.6282,5.70,2.40
2007.05.14 12:06:03.443,1.6279,1.6283,2.40,7.90
2007.05.14 12:06:04.250,1.6279,1.6283,3.20,7.10
2007.05.14 12:06:04.872,1.6279,1.6282,3.20,4.70
2007.05.14 12:06:05.067,1.6278,1.6282,3.20,7.10
2007.05.14 12:06:05.477,1.6279,1.6282,0.80,2.40
2007.05.14 12:06:05.928,1.6279,1.6283,3.20,7.10
2007.05.14 12:06:07.694,1.628,1.6283,2.40,4.70
2007.05.14 12:06:08.528,1.628,1.6284,2.40,18.30
2007.05.14 12:06:08.931,1.6279,1.6283,3.20,0.80
2007.05.14 12:06:10.048,1.6279,1.6282,2.40,0.80
2007.05.14 12:06:10.156,1.6279,1.6281,2.40,0.70
2007.05.14 12:06:10.532,1.6278,1.6281,2.40,0.80
2007.05.14 12:06:12.130,1.6278,1.6283,2.40,10.50
2007.05.14 12:06:12.230,1.6279,1.6282,0.80,0.60
2007.05.14 12:06:13.257,1.628,1.6283,2.40,0.80
2007.05.14 12:06:16.044,1.628,1.6282,2.40,0.50
2007.05.14 12:06:16.633,1.6279,1.6283,2.40,0.80
2007.05.14 12:06:16.686,1.6279,1.6284,2.40,11.10
2007.05.14 12:06:16.898,1.6279,1.6284,3.20,18.30
2007.05.14 12:06:17.035,1.6279,1.6283,2.40,18.30
2007.05.14 12:06:17.481,1.6279,1.6284,2.40,12.00
2007.05.14 12:06:21.607,1.6279,1.6282,2.40,0.80
2007.05.14 12:06:21.835,1.6279,1.6282,2.40,0.50
2007.05.14 12:06:22.262,1.6279,1.6282,2.40,0.80
2007.05.14 12:06:22.348,1.6279,1.6283,2.40,0.80
2007.05.14 12:06:26.151,1.628,1.6282,2.40,11.80
2007.05.14 12:06:27.084,1.6278,1.6282,2.40,17.50
2007.05.14 12:06:28.650,1.6278,1.6283,2.40,10.50
2007.05.14 12:06:28.779,1.6278,1.6283,4.90,12.70
2007.05.14 12:06:28.838,1.6278,1.6283,5.70,9.50
2007.05.14 12:06:29.232,1.6279,1.6282,2.40,0.50
2007.05.14 12:06:29.898,1.628,1.6284,2.40,18.30
2007.05.14 12:06:34.775,1.628,1.6283,2.40,0.60
2007.05.14 12:06:34.829,1.6279,1.6284,2.40,16.60
2007.05.14 12:06:37.830,1.6279,1.6282,2.40,2.40
2007.05.14 12:06:38.600,1.6279,1.6282,2.40,0.90
2007.05.14 12:06:38.845,1.6279,1.6284,2.40,16.60
2007.05.14 12:06:39.773,1.6279,1.6283,2.40,18.30
2007.05.14 12:06:39.968,1.6279,1.6282,2.40,0.50
2007.05.14 12:06:41.136,1.6279,1.6282,2.40,0.60
2007.05.14 12:06:41.234,1.6279,1.6283,4.90,9.50
2007.05.14 12:06:41.660,1.6279,1.6283,4.90,16.70
2007.05.14 12:06:41.743,1.6278,1.6282,3.20,0.70
2007.05.14 12:06:41.852,1.6278,1.6283,2.40,19.20
2007.05.14 12:06:44.262,1.6278,1.6281,2.40,0.90
2007.05.14 12:06:44.500,1.6277,1.6281,4.90,0.50
2007.05.14 12:06:45.219,1.6277,1.6281,4.90,15.00
2007.05.14 12:06:47.136,1.6278,1.628,2.40,0.50
2007.05.14 12:06:52.924,1.6278,1.6282,2.40,18.20
2007.05.14 12:06:53.011,1.6278,1.6282,2.40,15.00
2007.05.14 12:07:05.090,1.6278,1.6282,2.40,16.60
2007.05.14 12:07:05.324,1.6278,1.628,2.40,0.80
2007.05.14 12:07:07.382,1.6278,1.6281,4.90,0.80
2007.05.14 12:07:07.474,1.6278,1.6282,2.50,16.60
2007.05.14 12:07:08.716,1.6278,1.6281,4.90,4.70
2007.05.14 12:07:08.733,1.6277,1.6281,7.30,4.70
2007.05.14 12:07:10.261,1.6278,1.6281,1.20,7.10
2007.05.14 12:07:19.949,1.6278,1.6281,2.20,4.70
2007.05.14 12:07:22.744,1.6277,1.6281,7.30,7.10
2007.05.14 12:07:24.191,1.6277,1.6281,5.70,7.10
2007.05.14 12:07:28.314,1.6277,1.6281,7.30,4.70
2007.05.14 12:07:34.521,1.6278,1.6281,1.10,7.10
2007.05.14 12:07:39.935,1.6278,1.6279,2.50,4.70
2007.05.14 12:07:40.042,1.6277,1.6279,2.40,4.70
2007.05.14 12:07:40.209,1.6276,1.6279,4.90,4.70
2007.05.14 12:07:41.751,1.6276,1.628,4.90,3.20
2007.05.14 12:07:41.867,1.6277,1.628,2.40,0.80
2007.05.14 12:07:41.940,1.6277,1.6281,2.40,7.90
2007.05.14 12:07:44.821,1.6277,1.6281,2.40,0.80
2007.05.14 12:07:56.318,1.6278,1.6282,2.50,17.40
2007.05.14 12:08:05.442,1.6278,1.6282,4.90,16.60
2007.05.14 12:08:07.958,1.6278,1.6281,4.90,0.90
2007.05.14 12:08:08.376,1.6278,1.6282,4.90,16.60
2007.05.14 12:08:09.164,1.6278,1.628,2.40,0.60
2007.05.14 12:08:09.220,1.6277,1.628,4.90,0.70
2007.05.14 12:08:18.312,1.6277,1.6281,2.50,16.60
2007.05.14 12:08:19.085,1.6277,1.628,2.50,0.90
2007.05.14 12:08:20.373,1.6277,1.628,4.90,0.80
2007.05.14 12:08:33.899,1.6277,1.628,2.40,4.70
2007.05.14 12:08:34.121,1.6277,1.628,2.40,5.50
2007.05.14 12:08:34.663,1.6276,1.628,4.90,7.90
2007.05.14 12:08:36.466,1.6276,1.6279,4.90,4.70
2007.05.14 12:08:36.849,1.6276,1.628,4.90,7.90
2007.05.14 12:08:37.896,1.6277,1.628,2.50,7.90
2007.05.14 12:08:38.011,1.6277,1.628,2.50,7.10
2007.05.14 12:08:40.331,1.6277,1.628,4.90,4.70
2007.05.14 12:08:41.806,1.6277,1.628,2.50,7.10
2007.05.14 12:08:42.719,1.6276,1.628,5.70,7.10
2007.05.14 12:08:42.848,1.6276,1.628,4.90,7.90
2007.05.14 12:08:46.771,1.6277,1.628,2.50,7.90
2007.05.14 12:08:46.866,1.6277,1.628,2.50,7.10
2007.05.14 12:08:47.820,1.6277,1.628,2.50,7.90
2007.05.14 12:08:48.221,1.6276,1.628,4.90,7.90
2007.05.14 12:08:48.765,1.6276,1.6279,4.90,4.70
2007.05.14 12:08:51.067,1.6276,1.628,4.90,7.90
2007.05.14 12:08:53.391,1.6277,1.628,2.50,7.10
2007.05.14 12:09:05.824,1.6277,1.628,4.90,4.70
2007.05.14 12:09:06.564,1.6277,1.628,2.50,7.10
2007.05.14 12:09:11.837,1.6277,1.628,4.90,4.70
2007.05.14 12:09:11.933,1.6277,1.6278,4.90,4.70
2007.05.14 12:09:12.043,1.6277,1.6278,2.40,4.70
2007.05.14 12:09:13.282,1.6277,1.6278,2.40,7.10
2007.05.14 12:09:13.621,1.6276,1.6277,2.40,4.70
2007.05.14 12:09:13.824,1.6274,1.6277,4.90,4.70
2007.05.14 12:09:15.435,1.6274,1.6278,4.90,7.90
2007.05.14 12:09:15.679,1.6275,1.6278,2.40,7.90
2007.05.14 12:09:15.786,1.6275,1.6277,2.40,4.70
2007.05.14 12:09:17.336,1.6275,1.6277,1.60,4.70
2007.05.14 12:09:24.995,1.6274,1.6275,1.20,4.70
2007.05.14 12:09:25.786,1.6273,1.6277,8.90,4.70
2007.05.14 12:09:33.666,1.6272,1.6277,7.30,7.90
2007.05.14 12:09:35.109,1.6273,1.6277,5.70,7.10
2007.05.14 12:09:35.427,1.6274,1.6277,1.20,7.90
2007.05.14 12:09:35.522,1.6272,1.6277,7.30,7.90
2007.05.14 12:09:36.078,1.6273,1.6275,1.20,4.70
2007.05.14 12:09:36.331,1.6272,1.6275,0.80,4.70
2007.05.14 12:09:37.352,1.6272,1.6275,1.00,7.10
2007.05.14 12:09:43.426,1.6271,1.6276,8.90,16.60
2007.05.14 12:09:48.021,1.6272,1.6276,4.90,16.60
2007.05.14 12:09:48.129,1.6272,1.6276,2.40,16.60
2007.05.14 12:09:48.527,1.627,1.6275,5.70,9.50
2007.05.14 12:09:49.048,1.627,1.6274,5.70,14.20
2007.05.14 12:09:49.154,1.627,1.6273,4.90,0.60
2007.05.14 12:09:49.237,1.627,1.6274,4.90,16.60
2007.05.14 12:09:49.751,1.627,1.6274,4.90,15.00
2007.05.14 12:09:51.211,1.627,1.6274,4.90,16.60
2007.05.14 12:09:54.718,1.627,1.6273,4.90,0.50
2007.05.14 12:09:59.279,1.627,1.6274,4.90,16.60
2007.05.14 12:09:59.770,1.627,1.6273,2.50,0.90
2007.05.14 12:10:02.609,1.627,1.6273,2.50,0.90
2007.05.14 12:10:02.707,1.6269,1.6273,2.40,0.60
2007.05.14 12:10:03.012,1.6269,1.6273,3.20,0.60
2007.05.14 12:10:03.377,1.627,1.6273,2.50,0.70
2007.05.14 12:10:04.072,1.627,1.6273,2.50,0.80
2007.05.14 12:10:04.294,1.6269,1.6273,2.40,0.70
2007.05.14 12:10:04.862,1.6268,1.6273,5.70,9.50
2007.05.14 12:10:09.025,1.6268,1.6273,7.30,9.50
2007.05.14 12:10:09.120,1.6268,1.6272,4.80,0.70
2007.05.14 12:10:09.935,1.627,1.6274,2.50,16.60
2007.05.14 12:10:10.933,1.6269,1.6273,2.40,7.90
2007.05.14 12:10:12.648,1.6268,1.6272,5.70,2.40
2007.05.14 12:10:18.781,1.6268,1.6271,3.30,2.40
2007.05.14 12:10:19.787,1.6268,1.6271,0.80,7.10
2007.05.14 12:10:19.957,1.6267,1.6271,4.90,7.10
2007.05.14 12:10:21.796,1.6266,1.6271,7.30,7.10
2007.05.14 12:10:27.204,1.6268,1.6271,1.60,7.10
2007.05.14 12:10:28.643,1.6266,1.6271,7.30,7.10
2007.05.14 12:10:28.738,1.6268,1.6271,0.60,7.10
2007.05.14 12:10:29.878,1.6267,1.6271,1.70,7.10
2007.05.14 12:10:30.081,1.6267,1.6271,6.50,4.70
2007.05.14 12:10:31.146,1.6267,1.6272,18.40,3.20
2007.05.14 12:10:31.235,1.6267,1.6272,19.20,2.40
2007.05.14 12:10:31.630,1.6268,1.6272,0.50,3.20
2007.05.14 12:10:31.950,1.6266,1.6271,12.00,2.40
2007.05.14 12:10:32.120,1.6267,1.6271,1.60,7.10
2007.05.14 12:10:33.110,1.6267,1.627,2.50,4.70
2007.05.14 12:10:34.088,1.6267,1.6271,1.70,7.90
2007.05.14 12:10:34.184,1.6266,1.6271,8.90,7.10
2007.05.14 12:10:34.401,1.6266,1.6271,8.90,7.10
2007.05.14 12:10:34.449,1.6267,1.6271,7.30,7.10
2007.05.14 12:10:35.096,1.6268,1.6271,1.50,4.70
2007.05.14 12:10:35.589,1.6268,1.6271,0.80,2.40
2007.05.14 12:10:35.790,1.6268,1.6271,0.80,2.40
2007.05.14 12:10:36.430,1.6268,1.6271,1.40,7.10
2007.05.14 12:10:36.543,1.6266,1.6271,7.30,7.10
2007.05.14 12:10:37.046,1.6267,1.6271,2.60,7.90
2007.05.14 12:10:37.266,1.6267,1.627,1.00,4.70
2007.05.14 12:10:38.389,1.6266,1.627,6.50,7.10
2007.05.14 12:10:39.420,1.6266,1.627,4.90,2.40
2007.05.14 12:10:39.863,1.6267,1.627,3.30,2.40
2007.05.14 12:10:41.064,1.6267,1.6271,7.30,4.70
2007.05.14 12:10:41.159,1.6266,1.6271,10.50,7.10
2007.05.14 12:10:41.241,1.6267,1.6271,1.50,7.10
2007.05.14 12:10:42.617,1.6266,1.6271,10.50,7.10
2007.05.14 12:10:42.698,1.6267,1.6271,2.60,7.10
2007.05.14 12:10:42.819,1.6267,1.6271,7.30,7.10
2007.05.14 12:10:43.234,1.6266,1.6271,7.30,7.10
2007.05.14 12:10:43.520,1.6268,1.6271,1.40,7.10
2007.05.14 12:10:43.803,1.6266,1.6271,8.90,7.10
2007.05.14 12:10:43.965,1.6268,1.6271,0.90,4.70
2007.05.14 12:10:44.251,1.6268,1.6271,1.60,7.10
2007.05.14 12:10:44.458,1.6267,1.6271,0.90,7.10
2007.05.14 12:10:45.087,1.6267,1.6271,0.70,7.10
2007.05.14 12:10:45.219,1.6268,1.6271,0.90,7.10
2007.05.14 12:10:45.800,1.6268,1.6271,2.20,4.70
2007.05.14 12:10:49.183,1.6268,1.6271,0.70,4.70
2007.05.14 12:10:49.345,1.6267,1.627,8.10,4.70
2007.05.14 12:10:50.057,1.6268,1.627,1.50,4.70
2007.05.14 12:10:51.381,1.6267,1.627,4.90,4.70
2007.05.14 12:10:54.569,1.6267,1.6271,4.90,3.20
2007.05.14 12:10:54.677,1.6267,1.6271,5.70,2.40
2007.05.14 12:10:54.877,1.6268,1.6272,2.40,7.90
2007.05.14 12:10:57.173,1.6268,1.627,2.40,4.70
2007.05.14 12:10:57.280,1.6267,1.627,4.90,4.70
2007.05.14 12:10:58.276,1.6268,1.627,2.40,4.70
2007.05.14 12:10:58.837,1.6268,1.6271,4.90,5.50
2007.05.14 12:10:58.898,1.6268,1.6271,4.90,4.70
2007.05.14 12:11:00.342,1.6268,1.6271,2.40,4.70
2007.05.14 12:11:01.521,1.6268,1.6271,4.90,4.70
2007.05.14 12:11:06.709,1.6268,1.6272,4.90,2.40
2007.05.14 12:11:06.804,1.6269,1.6273,2.40,7.10
2007.05.14 12:11:08.060,1.6268,1.6273,7.30,7.10
2007.05.14 12:11:09.621,1.6268,1.6273,6.50,7.90
2007.05.14 12:11:09.701,1.6268,1.6271,6.50,4.70
2007.05.14 12:11:10.199,1.6267,1.6271,7.30,4.70
2007.05.14 12:11:21.085,1.6268,1.6271,0.50,7.10
2007.05.14 12:11:22.405,1.6267,1.6271,7.30,4.70
2007.05.14 12:11:39.289,1.6268,1.6272,4.90,2.40
2007.05.14 12:11:39.372,1.6268,1.6272,5.70,2.40
2007.05.14 12:11:56.334,1.6268,1.6271,4.90,4.70
2007.05.14 12:11:56.442,1.6268,1.6271,2.50,7.10
2007.05.14 12:12:02.342,1.6268,1.6272,2.50,15.80
2007.05.14 12:12:02.871,1.6267,1.6271,4.90,0.60
2007.05.14 12:12:08.451,1.6267,1.6271,2.50,8.70
2007.05.14 12:12:10.396,1.6268,1.627,2.50,0.70
2007.05.14 12:12:11.018,1.6268,1.6271,2.50,0.60
2007.05.14 12:12:13.029,1.6268,1.6271,4.90,0.90
2007.05.14 12:12:14.662,1.6268,1.6271,2.50,0.80
2007.05.14 12:12:26.749,1.6267,1.6271,7.30,0.90
2007.05.14 12:12:26.878,1.6267,1.6271,5.70,0.60
2007.05.14 12:12:27.269,1.6267,1.627,5.70,0.80
2007.05.14 12:12:27.390,1.6267,1.6271,3.20,14.20
2007.05.14 12:12:27.543,1.6267,1.6271,2.40,15.00
2007.05.14 12:12:28.037,1.6267,1.627,4.90,0.80
2007.05.14 12:12:28.408,1.6267,1.627,2.40,0.70
2007.05.14 12:12:28.743,1.6267,1.6272,2.40,11.10
2007.05.14 12:12:28.850,1.6267,1.6271,4.80,0.50
2007.05.14 12:12:28.943,1.6267,1.6271,7.30,0.80
2007.05.14 12:12:33.569,1.6267,1.6271,4.80,7.10
2007.05.14 12:12:34.187,1.6267,1.6271,5.70,7.10
2007.05.14 12:12:35.243,1.6267,1.627,2.40,4.70
2007.05.14 12:12:37.540,1.6267,1.6271,2.40,15.00
2007.05.14 12:12:53.064,1.6267,1.6271,2.40,0.60
2007.05.14 12:12:53.141,1.6267,1.6271,3.20,0.70
2007.05.14 12:12:53.867,1.6267,1.627,0.80,0.80
2007.05.14 12:12:55.630,1.6267,1.6272,3.20,19.20
2007.05.14 12:12:55.922,1.6268,1.6272,0.80,11.20
2007.05.14 12:12:56.149,1.6268,1.6271,3.30,0.50
2007.05.14 12:12:56.473,1.6268,1.6272,2.50,9.50
2007.05.14 12:12:56.613,1.6267,1.6271,3.20,0.70
2007.05.14 12:12:57.899,1.6267,1.6271,2.40,15.00
2007.05.14 12:12:59.026,1.6266,1.6271,5.70,16.60
2007.05.14 12:12:59.250,1.6266,1.6271,3.20,16.60
2007.05.14 12:12:59.964,1.6266,1.627,2.40,0.80
2007.05.14 12:13:09.369,1.6266,1.627,14.30,3.20
2007.05.14 12:13:09.475,1.6267,1.6271,2.40,5.70
2007.05.14 12:13:09.751,1.6266,1.6271,16.70,5.70
2007.05.14 12:13:15.584,1.6267,1.6271,1.30,2.40
2007.05.14 12:13:17.600,1.6266,1.6271,16.70,5.70
2007.05.14 12:13:17.893,1.6266,1.6271,19.20,2.40
2007.05.14 12:13:18.102,1.6268,1.6271,0.80,2.40
2007.05.14 12:13:18.450,1.6268,1.6271,1.10,2.40
2007.05.14 12:13:20.348,1.6267,1.6272,10.50,7.10
2007.05.14 12:13:22.051,1.6268,1.6272,1.30,10.40
2007.05.14 12:13:22.872,1.6266,1.6271,19.20,2.40
2007.05.14 12:13:24.428,1.6267,1.6271,6.40,2.40
2007.05.14 12:13:24.584,1.6267,1.6271,8.90,2.40
2007.05.14 12:13:25.034,1.6268,1.6272,2.00,7.10
2007.05.14 12:13:27.857,1.6267,1.6272,10.50,8.70
2007.05.14 12:13:27.953,1.6267,1.6272,10.50,8.70
2007.05.14 12:13:28.050,1.6268,1.6272,1.00,9.50
2007.05.14 12:13:28.473,1.6267,1.6272,10.50,7.10
2007.05.14 12:13:28.787,1.6267,1.6271,8.90,2.40
2007.05.14 12:13:29.009,1.6267,1.6271,1.80,2.40
2007.05.14 12:13:29.890,1.6267,1.6271,5.70,2.40
2007.05.14 12:13:30.373,1.6268,1.6271,1.10,2.40
2007.05.14 12:13:31.302,1.6267,1.6271,8.90,2.40
2007.05.14 12:13:31.368,1.6266,1.6271,19.20,2.40
2007.05.14 12:13:57.501,1.6268,1.6271,0.80,2.40
2007.05.14 12:13:58.008,1.6268,1.6271,3.20,2.40
2007.05.14 12:13:58.344,1.6268,1.6272,3.20,2.40
2007.05.14 12:13:59.382,1.6268,1.6272,2.40,14.30
2007.05.14 12:13:59.792,1.6268,1.6272,2.40,2.40
2007.05.14 12:13:59.911,1.6268,1.6272,3.20,2.40
2007.05.14 12:14:00.083,1.6268,1.6272,2.40,7.90
2007.05.14 12:14:01.013,1.6267,1.6271,5.70,2.40
2007.05.14 12:14:01.631,1.6268,1.6271,0.80,2.40
2007.05.14 12:14:02.277,1.6268,1.6271,3.20,2.40
2007.05.14 12:14:03.025,1.6269,1.6273,2.40,2.40
2007.05.14 12:14:04.523,1.6269,1.6273,14.30,2.40
2007.05.14 12:14:04.593,1.627,1.6273,0.80,2.40
2007.05.14 12:14:09.107,1.627,1.6273,2.40,7.20
2007.05.14 12:14:09.192,1.627,1.6273,2.40,8.00
2007.05.14 12:14:10.758,1.6269,1.6273,2.40,10.40
2007.05.14 12:14:10.995,1.627,1.6273,2.40,8.00
2007.05.14 12:14:11.619,1.627,1.6273,2.40,4.70
2007.05.14 12:14:12.736,1.6269,1.6273,5.70,7.10
2007.05.14 12:14:20.508,1.627,1.6273,2.50,2.40
2007.05.14 12:14:20.581,1.627,1.6273,3.30,2.40
2007.05.14 12:14:23.203,1.6271,1.6273,12.70,2.40
2007.05.14 12:14:23.275,1.6271,1.6274,12.70,2.40
2007.05.14 12:14:23.807,1.6271,1.6274,0.80,2.40
2007.05.14 12:14:24.611,1.6271,1.6274,0.80,7.10
2007.05.14 12:14:24.622,1.627,1.6274,5.70,7.10
2007.05.14 12:14:25.308,1.627,1.6274,3.20,7.10
2007.05.14 12:14:25.727,1.627,1.6273,3.20,4.70
2007.05.14 12:14:25.834,1.627,1.6273,2.40,4.70
2007.05.14 12:14:26.407,1.6271,1.6273,2.40,4.70
2007.05.14 12:14:26.504,1.6271,1.6274,2.40,4.70
2007.05.14 12:14:26.832,1.6271,1.6273,2.40,4.70
2007.05.14 12:14:29.167,1.6271,1.6274,2.40,2.40
2007.05.14 12:14:36.074,1.6271,1.6274,2.40,14.30
2007.05.14 12:14:36.916,1.6271,1.6274,2.40,16.80
2007.05.14 12:14:37.057,1.6271,1.6274,2.40,17.60
2007.05.14 12:14:37.616,1.6271,1.6274,4.90,3.20
2007.05.14 12:14:37.691,1.6272,1.6274,0.80,2.40
2007.05.14 12:14:39.249,1.6273,1.6274,2.50,2.40
2007.05.14 12:14:39.830,1.6273,1.6274,3.30,2.40
2007.05.14 12:14:43.762,1.6273,1.6274,3.30,1.60
2007.05.14 12:14:43.949,1.6273,1.6276,5.70,2.40
2007.05.14 12:14:44.005,1.6273,1.6276,3.30,2.40
2007.05.14 12:14:46.239,1.6273,1.6276,5.70,2.40
2007.05.14 12:14:47.576,1.6273,1.6276,4.90,2.40
2007.05.14 12:14:47.670,1.6273,1.6276,2.40,2.40
2007.05.14 12:14:48.354,1.6273,1.6277,2.40,10.40
2007.05.14 12:14:49.207,1.6273,1.6277,4.90,7.90
2007.05.14 12:14:49.365,1.6273,1.6277,5.70,7.10
2007.05.14 12:14:49.586,1.6273,1.6276,5.70,2.40
2007.05.14 12:14:56.888,1.6273,1.6277,17.60,2.40
2007.05.14 12:14:57.015,1.6274,1.6277,2.50,2.40
2007.05.14 12:14:57.064,1.6274,1.6277,3.30,2.40
2007.05.14 12:14:58.320,1.6274,1.6278,3.30,4.00
2007.05.14 12:14:59.270,1.6274,1.6278,3.30,17.40
2007.05.14 12:14:59.665,1.6273,1.6277,4.90,7.90
2007.05.14 12:15:00.111,1.6274,1.6277,2.50,7.90
2007.05.14 12:15:00.188,1.6274,1.6277,2.50,7.10
2007.05.14 12:15:01.056,1.6273,1.6277,5.70,7.10
2007.05.14 12:15:01.674,1.6274,1.6277,2.50,2.40
2007.05.14 12:15:01.895,1.6274,1.6277,3.30,2.40
2007.05.14 12:15:02.090,1.6274,1.6278,5.70,2.40
2007.05.14 12:15:05.054,1.6275,1.6278,2.50,2.40
2007.05.14 12:15:05.161,1.6275,1.6278,3.30,2.40
2007.05.14 12:15:07.751,1.6275,1.6278,0.80,2.40
2007.05.14 12:15:07.809,1.6274,1.6278,5.70,2.40
2007.05.14 12:15:07.866,1.6275,1.6279,2.40,9.50
2007.05.14 12:15:09.096,1.6275,1.6279,4.90,7.90
2007.05.14 12:15:09.372,1.6275,1.6279,5.70,7.10
2007.05.14 12:15:09.609,1.6275,1.6279,2.40,9.50
2007.05.14 12:15:09.746,1.6275,1.6279,5.70,7.10
2007.05.14 12:15:09.870,1.6275,1.6279,3.20,7.10
2007.05.14 12:15:09.919,1.6275,1.6279,3.20,8.70
2007.05.14 12:15:10.460,1.6275,1.6279,2.40,9.50
2007.05.14 12:15:12.156,1.6274,1.6278,5.70,2.40
2007.05.14 12:15:12.373,1.6275,1.6278,2.50,2.40
2007.05.14 12:15:13.428,1.6275,1.6278,3.30,2.40
2007.05.14 12:15:14.133,1.6275,1.6279,5.70,7.10
2007.05.14 12:15:14.336,1.6275,1.6279,3.20,8.70
2007.05.14 12:15:14.455,1.6275,1.6279,2.40,9.50
2007.05.14 12:15:16.612,1.6274,1.6278,5.70,2.40
2007.05.14 12:15:20.137,1.6274,1.6278,2.40,5.70
2007.05.14 12:15:38.848,1.6274,1.6277,2.40,7.20
2007.05.14 12:15:39.212,1.6274,1.6277,2.40,8.00
2007.05.14 12:15:40.320,1.6273,1.6277,2.40,10.40
2007.05.14 12:15:41.266,1.6273,1.6277,14.30,5.70
2007.05.14 12:15:41.373,1.6273,1.6277,15.10,2.40
2007.05.14 12:15:41.796,1.6273,1.6277,3.20,2.40
2007.05.14 12:15:41.886,1.6273,1.6277,2.40,2.40
2007.05.14 12:15:44.965,1.6273,1.6277,2.40,7.90
2007.05.14 12:15:45.388,1.6273,1.6277,2.40,10.40
2007.05.14 12:15:48.285,1.6273,1.6277,2.40,7.90
2007.05.14 12:15:48.381,1.6273,1.6277,2.40,2.40
2007.05.14 12:15:49.414,1.6273,1.6277,2.40,9.60
2007.05.14 12:15:49.647,1.6273,1.6277,2.40,10.40
2007.05.14 12:15:56.819,1.6273,1.6278,2.40,12.00
2007.05.14 12:15:57.796,1.6273,1.6277,14.30,5.70
2007.05.14 12:16:00.359,1.6273,1.6277,17.60,2.40
2007.05.14 12:16:01.914,1.6274,1.6277,2.40,2.40
2007.05.14 12:16:03.235,1.6274,1.6278,2.40,3.20
2007.05.14 12:16:04.601,1.6274,1.6277,2.40,2.40
2007.05.14 12:16:06.030,1.6273,1.6277,17.60,2.40
2007.05.14 12:16:06.753,1.6274,1.6277,2.40,2.40
2007.05.14 12:16:09.961,1.6273,1.6277,17.60,2.40
2007.05.14 12:16:12.457,1.6273,1.6277,2.40,7.90
2007.05.14 12:16:15.236,1.6273,1.6276,2.40,2.40
2007.05.14 12:16:26.275,1.6272,1.6276,2.40,15.10
2007.05.14 12:16:27.293,1.6272,1.6276,2.40,7.90
2007.05.14 12:16:27.354,1.6272,1.6276,2.40,9.50
2007.05.14 12:16:27.724,1.6271,1.6275,5.70,2.40
2007.05.14 12:17:00.270,1.6272,1.6275,0.80,2.40
2007.05.14 12:17:00.470,1.6272,1.6276,3.20,7.10
2007.05.14 12:17:12.381,1.6272,1.6276,2.40,7.90
2007.05.14 12:17:12.489,1.6271,1.6275,5.70,2.40
2007.05.14 12:17:12.804,1.6271,1.6275,4.90,3.20
2007.05.14 12:17:12.910,1.627,1.6274,7.90,2.40
2007.05.14 12:17:30.961,1.6271,1.6275,3.20,4.90
2007.05.14 12:17:31.081,1.6271,1.6275,2.40,5.70
2007.05.14 12:17:31.186,1.627,1.6274,7.90,2.40
2007.05.14 12:17:38.562,1.627,1.6275,7.90,7.30
2007.05.14 12:17:54.254,1.6271,1.6275,0.80,4.00
2007.05.14 12:17:57.056,1.627,1.6274,7.90,0.70
2007.05.14 12:18:03.623,1.627,1.6274,9.50,0.70
2007.05.14 12:18:14.839,1.6271,1.6275,2.40,5.70
2007.05.14 12:18:15.144,1.627,1.6274,9.50,2.40
2007.05.14 12:18:17.988,1.627,1.6274,7.10,5.70
2007.05.14 12:18:19.312,1.627,1.6274,2.40,17.60
2007.05.14 12:18:20.428,1.627,1.6274,2.40,19.20
2007.05.14 12:18:20.571,1.627,1.6273,2.40,11.90
2007.05.14 12:18:20.657,1.627,1.6272,2.40,3.30
2007.05.14 12:18:20.954,1.627,1.6274,2.40,15.90
2007.05.14 12:18:21.167,1.627,1.6274,2.40,2.40
2007.05.14 12:18:21.466,1.627,1.6273,2.40,0.80
2007.05.14 12:18:22.408,1.6269,1.6273,2.40,3.20
2007.05.14 12:18:22.536,1.6269,1.6273,2.40,2.40
2007.05.14 12:18:23.639,1.627,1.6274,2.40,2.40
2007.05.14 12:18:24.878,1.627,1.6273,2.40,2.40
2007.05.14 12:18:26.349,1.627,1.6272,2.40,3.30
2007.05.14 12:18:26.840,1.6268,1.6272,7.10,5.70
2007.05.14 12:18:27.686,1.6268,1.6271,4.70,2.40
2007.05.14 12:18:40.886,1.6268,1.6271,6.30,2.40
2007.05.14 12:18:41.810,1.6268,1.6272,6.30,4.80
2007.05.14 12:18:55.025,1.6269,1.6273,2.40,7.30
2007.05.14 12:19:00.994,1.6269,1.6272,0.80,0.80
2007.05.14 12:19:01.875,1.6268,1.6274,11.10,19.20
2007.05.14 12:19:02.413,1.6267,1.6273,11.10,7.30
2007.05.14 12:19:08.308,1.6269,1.6272,0.50,0.50
2007.05.14 12:19:13.280,1.6268,1.6273,11.10,5.70
2007.05.14 12:19:29.987,1.6268,1.6272,11.10,2.40
2007.05.14 12:19:40.694,1.6269,1.6273,2.40,5.70
2007.05.14 12:19:43.651,1.6269,1.6272,2.40,2.40
2007.05.14 12:19:59.283,1.6269,1.6273,2.40,5.70
2007.05.14 12:20:04.156,1.6269,1.6272,2.40,2.40
2007.05.14 12:20:04.393,1.6269,1.6272,2.40,0.90
2007.05.14 12:20:06.083,1.6269,1.6273,2.40,0.80
2007.05.14 12:20:07.206,1.627,1.6273,0.80,0.70
2007.05.14 12:20:07.299,1.627,1.6274,0.80,4.00
2007.05.14 12:20:07.833,1.6271,1.6274,2.40,0.70
2007.05.14 12:20:08.142,1.6271,1.6274,3.20,0.80
2007.05.14 12:20:08.267,1.6271,1.6274,15.10,0.90
2007.05.14 12:20:08.624,1.6271,1.6275,17.60,4.00
2007.05.14 12:20:08.901,1.6272,1.6276,2.40,0.60
2007.05.14 12:20:12.061,1.6272,1.6276,2.40,19.20
2007.05.14 12:20:14.779,1.6271,1.6276,2.40,8.90
2007.05.14 12:20:16.942,1.6271,1.6275,2.40,0.50
2007.05.14 12:20:17.360,1.6271,1.6277,2.40,24.01
2007.05.14 12:20:17.840,1.627,1.6274,2.40,0.90
2007.05.14 12:20:19.430,1.627,1.6273,2.40,0.70
2007.05.14 12:20:19.948,1.627,1.6274,2.40,0.80
2007.05.14 12:20:21.707,1.627,1.6273,2.40,0.90
2007.05.14 12:20:22.512,1.6269,1.6273,2.40,0.60
2007.05.14 12:20:29.690,1.6269,1.6273,2.40,7.30
2007.05.14 12:20:32.451,1.6269,1.6273,2.40,9.70
2007.05.14 12:20:41.765,1.6269,1.6274,2.40,19.20
2007.05.14 12:20:44.395,1.6269,1.6273,2.40,0.60
2007.05.14 12:20:44.565,1.6269,1.6273,3.20,0.70
2007.05.14 12:20:45.362,1.6269,1.6273,2.40,0.80
2007.05.14 12:20:46.201,1.6269,1.6274,3.20,19.20
2007.05.14 12:20:46.639,1.6269,1.6274,2.40,19.20
2007.05.14 12:21:02.533,1.6269,1.6273,2.40,3.20
2007.05.14 12:21:02.797,1.6269,1.6273,3.20,2.40
2007.05.14 12:21:02.913,1.627,1.6273,2.40,2.40
2007.05.14 12:21:03.633,1.6269,1.6273,4.80,2.40
2007.05.14 12:21:04.852,1.627,1.6273,1.40,4.90
2007.05.14 12:21:04.981,1.6269,1.6273,4.00,5.70
2007.05.14 12:21:05.286,1.6269,1.6273,4.00,3.20
2007.05.14 12:21:07.079,1.6268,1.6273,12.00,3.20
2007.05.14 12:21:54.155,1.6268,1.6271,2.40,2.40
2007.05.14 12:21:58.378,1.6267,1.6271,4.80,2.40
2007.05.14 12:22:01.115,1.6268,1.6272,2.40,10.40
2007.05.14 12:22:05.013,1.6268,1.6272,2.40,7.90
2007.05.14 12:22:05.306,1.6268,1.6272,4.00,3.20
2007.05.14 12:22:05.356,1.6268,1.6272,4.80,2.40
2007.05.14 12:22:06.454,1.6269,1.6273,2.40,10.40
2007.05.14 12:22:07.307,1.6269,1.6272,2.40,4.70
2007.05.14 12:22:07.485,1.6269,1.6272,2.40,7.20
2007.05.14 12:22:07.613,1.6269,1.6272,2.40,8.00
2007.05.14 12:22:08.017,1.6268,1.6272,2.40,10.40
2007.05.14 12:22:09.819,1.6268,1.6272,4.00,3.20
2007.05.14 12:22:09.868,1.6268,1.6272,4.80,2.40
2007.05.14 12:22:10.485,1.6269,1.6273,2.40,10.40
2007.05.14 12:22:16.069,1.6269,1.6273,2.40,5.70
2007.05.14 12:22:16.489,1.6269,1.6273,2.40,10.40
2007.05.14 12:22:19.728,1.6269,1.6272,2.40,2.50
2007.05.14 12:22:19.928,1.6268,1.6272,2.40,10.40
2007.05.14 12:22:21.979,1.6267,1.6272,6.40,10.40
2007.05.14 12:22:24.786,1.6267,1.6272,8.90,3.20
2007.05.14 12:22:24.890,1.6267,1.6272,8.90,2.40
2007.05.14 12:22:25.479,1.6268,1.6272,0.60,10.40
2007.05.14 12:22:26.210,1.6268,1.6272,4.00,8.00
2007.05.14 12:22:26.316,1.6268,1.6272,4.00,5.50
2007.05.14 12:22:26.780,1.6268,1.6272,4.00,0.80
2007.05.14 12:22:26.817,1.6269,1.6273,1.00,10.40
2007.05.14 12:22:49.379,1.6268,1.6272,6.40,2.40
2007.05.14 12:22:49.450,1.6268,1.6272,6.40,7.10
2007.05.14 12:22:50.070,1.6267,1.6272,8.90,7.10
2007.05.14 12:22:56.044,1.6268,1.6272,3.20,7.10
2007.05.14 12:22:58.650,1.6269,1.6272,2.40,4.70
2007.05.14 12:23:02.063,1.6269,1.627,2.40,4.70
2007.05.14 12:23:02.157,1.6267,1.627,2.40,4.70
2007.05.14 12:23:02.582,1.6267,1.6271,14.30,5.70
2007.05.14 12:23:02.701,1.6267,1.6271,17.60,2.40
2007.05.14 12:23:02.887,1.6268,1.6272,2.40,2.40
2007.05.14 12:23:06.605,1.6268,1.6272,2.40,7.90
2007.05.14 12:23:07.530,1.627,1.6272,0.80,7.10
2007.05.14 12:23:07.647,1.627,1.6272,0.80,2.40
2007.05.14 12:23:07.744,1.627,1.6274,3.20,7.10
2007.05.14 12:23:08.123,1.627,1.6274,2.40,7.90
2007.05.14 12:23:08.216,1.6269,1.6273,5.70,2.40
2007.05.14 12:23:08.407,1.6269,1.6273,4.90,3.20
2007.05.14 12:23:08.527,1.6269,1.6272,4.90,4.70
2007.05.14 12:23:08.624,1.6269,1.6272,2.40,4.70
2007.05.14 12:23:09.027,1.6269,1.6272,2.40,5.50
2007.05.14 12:23:09.543,1.6269,1.6271,2.40,0.80
2007.05.14 12:23:09.639,1.6269,1.627,2.40,4.70
2007.05.14 12:23:09.748,1.6268,1.627,2.40,4.70
2007.05.14 12:23:10.062,1.6267,1.627,2.40,4.70
2007.05.14 12:23:11.622,1.6268,1.6271,0.80,2.40
2007.05.14 12:23:11.714,1.6268,1.6272,3.20,7.10
2007.05.14 12:23:14.502,1.6268,1.6272,2.40,7.90
2007.05.14 12:23:19.355,1.6268,1.6271,2.40,2.40
2007.05.14 12:23:24.449,1.6268,1.6271,3.20,2.40
2007.05.14 12:23:24.637,1.6268,1.6272,3.20,7.10
2007.05.14 12:23:26.296,1.6268,1.6272,3.20,9.60
2007.05.14 12:23:26.407,1.6268,1.6272,1.40,9.60
2007.05.14 12:23:29.298,1.6268,1.6272,1.10,7.10
2007.05.14 12:23:36.534,1.6268,1.6272,6.40,7.10
2007.05.14 12:23:36.666,1.6268,1.6272,20.80,2.40
2007.05.14 12:23:36.738,1.6269,1.6273,3.10,2.40
2007.05.14 12:23:37.059,1.6268,1.6272,10.50,4.70
2007.05.14 12:23:37.247,1.6267,1.6272,8.90,7.10
2007.05.14 12:23:50.969,1.6268,1.6273,19.20,2.40
2007.05.14 12:23:56.125,1.6269,1.6272,4.90,4.70
2007.05.14 12:23:56.331,1.6269,1.6272,2.40,4.70
2007.05.14 12:23:56.401,1.6268,1.6272,3.20,7.10
2007.05.14 12:24:24.281,1.6268,1.6272,2.40,7.90
2007.05.14 12:24:24.424,1.6267,1.6271,5.70,2.40
2007.05.14 12:24:25.171,1.6266,1.6271,19.20,2.40
2007.05.14 12:24:25.797,1.6266,1.627,6.40,4.70
2007.05.14 12:24:26.688,1.6266,1.627,6.40,7.10
2007.05.14 12:24:28.013,1.6267,1.627,0.70,4.70
2007.05.14 12:24:32.295,1.6266,1.627,6.40,7.10
2007.05.14 12:24:33.339,1.6267,1.627,0.70,4.70
2007.05.14 12:24:43.020,1.6267,1.6272,7.30,7.90
2007.05.14 12:24:45.903,1.6267,1.627,7.30,4.70
2007.05.14 12:24:46.531,1.6266,1.627,6.40,4.70
2007.05.14 12:25:16.416,1.6267,1.627,2.40,8.00
2007.05.14 12:25:16.468,1.6266,1.627,2.40,10.40
2007.05.14 12:25:17.176,1.6266,1.6269,2.40,7.20
2007.05.14 12:25:18.583,1.6265,1.6269,4.80,9.60
2007.05.14 12:25:34.166,1.6265,1.6269,4.80,9.60
2007.05.14 12:25:34.477,1.6265,1.6268,2.40,2.50
2007.05.14 12:25:35.775,1.6265,1.6267,2.40,4.70
2007.05.14 12:25:37.209,1.6265,1.6269,2.40,7.10
2007.05.14 12:25:38.198,1.6264,1.6268,3.20,2.40
2007.05.14 12:25:39.546,1.6265,1.6269,2.40,7.10
2007.05.14 12:25:42.415,1.6265,1.6269,3.20,7.10
2007.05.14 12:25:45.046,1.6265,1.6269,4.80,7.10
2007.05.14 12:25:45.186,1.6265,1.6269,16.70,2.40
2007.05.14 12:25:45.317,1.6267,1.6269,0.80,2.40
2007.05.14 12:25:45.707,1.6267,1.627,0.80,2.40
2007.05.14 12:25:50.114,1.6267,1.6269,0.80,4.70
2007.05.14 12:25:50.317,1.6266,1.6269,2.40,4.70
2007.05.14 12:25:50.985,1.6265,1.6269,2.40,7.10
2007.05.14 12:25:55.112,1.6266,1.627,3.20,2.40
2007.05.14 12:25:57.007,1.6266,1.627,2.40,3.20
2007.05.14 12:25:57.415,1.6266,1.6269,2.40,4.70
2007.05.14 12:25:58.780,1.6265,1.6269,2.40,7.10
2007.05.14 12:26:00.741,1.6265,1.6269,7.10,2.40
2007.05.14 12:26:00.940,1.6265,1.6269,7.90,2.40
2007.05.14 12:26:02.528,1.6266,1.627,2.40,3.20
2007.05.14 12:26:03.008,1.6266,1.6269,2.40,4.70
2007.05.14 12:26:03.558,1.6266,1.627,2.40,17.50
2007.05.14 12:26:03.744,1.6265,1.627,2.40,12.00
2007.05.14 12:26:12.282,1.6264,1.6269,3.20,8.70
2007.05.14 12:26:14.032,1.6264,1.6269,3.20,18.30
2007.05.14 12:26:14.243,1.6264,1.6269,2.40,12.00
2007.05.14 12:26:14.349,1.6264,1.6268,2.40,0.70
2007.05.14 12:26:21.301,1.6264,1.6269,2.40,19.20
2007.05.14 12:26:21.790,1.6264,1.6268,2.40,17.50
2007.05.14 12:26:21.965,1.6264,1.6267,2.40,0.90
2007.05.14 12:26:22.578,1.6264,1.6268,2.40,17.50
2007.05.14 12:26:22.959,1.6263,1.6267,3.20,0.50
2007.05.14 12:26:23.856,1.6264,1.6268,0.80,8.70
2007.05.14 12:26:25.532,1.6264,1.6268,3.20,0.50
2007.05.14 12:26:25.848,1.6265,1.6269,2.40,15.00
2007.05.14 12:26:29.417,1.6265,1.6267,2.40,0.70
2007.05.14 12:26:32.544,1.6264,1.6266,2.40,7.20
2007.05.14 12:26:32.662,1.6264,1.6266,2.40,8.00
2007.05.14 12:26:33.201,1.6263,1.6266,2.40,10.40
2007.05.14 12:26:33.414,1.6263,1.6266,2.40,17.60
2007.05.14 12:26:33.594,1.6262,1.6266,2.40,17.60
2007.05.14 12:26:34.745,1.6263,1.6266,2.40,15.20
2007.05.14 12:26:38.203,1.6263,1.6266,2.40,12.70
2007.05.14 12:26:38.572,1.6263,1.6267,2.40,3.20
2007.05.14 12:26:45.925,1.6263,1.6267,2.40,0.70
2007.05.14 12:26:46.328,1.6263,1.6267,2.40,15.10
2007.05.14 12:26:46.435,1.6263,1.6266,2.40,0.90
2007.05.14 12:26:49.209,1.6263,1.6266,2.40,0.60
2007.05.14 12:26:49.363,1.6263,1.6266,2.40,0.90
2007.05.14 12:26:50.327,1.6263,1.6267,2.40,20.80
2007.05.14 12:26:57.270,1.6263,1.6266,2.40,0.70
2007.05.14 12:26:57.484,1.6263,1.6267,2.40,5.70
2007.05.14 12:26:58.405,1.6263,1.6267,2.40,20.80
2007.05.14 12:26:58.846,1.6263,1.6267,2.40,5.70
2007.05.14 12:26:59.964,1.6263,1.6267,2.40,0.70
2007.05.14 12:27:01.322,1.6263,1.6266,2.40,0.80
2007.05.14 12:27:01.821,1.6263,1.6267,2.40,0.90
2007.05.14 12:27:02.573,1.6263,1.6266,2.40,0.60
2007.05.14 12:27:02.856,1.6263,1.6267,2.40,0.70
2007.05.14 12:27:05.555,1.6264,1.6267,2.40,0.80
2007.05.14 12:27:27.795,1.6264,1.6266,2.40,2.50
2007.05.14 12:27:28.642,1.6264,1.6266,2.40,3.30
2007.05.14 12:27:28.848,1.6264,1.6266,2.40,15.20
2007.05.14 12:27:29.160,1.6263,1.6266,2.40,2.50
2007.05.14 12:27:29.245,1.6263,1.6267,2.40,7.90
2007.05.14 12:27:31.160,1.6264,1.6267,2.40,5.50
2007.05.14 12:27:32.537,1.6264,1.6266,2.40,12.70
2007.05.14 12:27:32.653,1.6264,1.6266,2.40,15.20
2007.05.14 12:27:33.457,1.6263,1.6266,2.40,15.20
2007.05.14 12:27:37.509,1.6263,1.6266,2.40,3.30
2007.05.14 12:27:37.604,1.6263,1.6267,2.40,7.90
2007.05.14 12:27:41.799,1.6264,1.6267,2.40,7.90
2007.05.14 12:27:43.409,1.6263,1.6267,2.40,7.90
2007.05.14 12:27:45.156,1.6264,1.6267,2.40,5.50
2007.05.14 12:27:49.716,1.6264,1.6267,2.40,7.90
2007.05.14 12:27:50.018,1.6264,1.6266,2.40,11.90
2007.05.14 12:27:50.131,1.6264,1.6266,2.40,15.20
2007.05.14 12:27:50.338,1.6263,1.6266,2.40,15.20
2007.05.14 12:27:51.290,1.6263,1.6266,2.40,3.30
2007.05.14 12:27:51.610,1.6263,1.6266,2.40,2.50
2007.05.14 12:27:51.696,1.6263,1.6267,2.40,3.20
2007.05.14 12:27:53.142,1.6263,1.6267,3.20,2.40
2007.05.14 12:27:53.315,1.6263,1.6267,5.70,2.40
2007.05.14 12:27:54.273,1.6264,1.6268,2.40,7.90
2007.05.14 12:27:54.859,1.6264,1.6268,2.40,17.60
2007.05.14 12:27:55.310,1.6264,1.6267,2.40,5.50
2007.05.14 12:27:57.055,1.6264,1.6267,2.40,7.90
2007.05.14 12:27:57.876,1.6264,1.6267,2.40,5.50
2007.05.14 12:27:58.829,1.6264,1.6267,2.40,0.80
2007.05.14 12:27:58.906,1.6264,1.6268,2.40,17.60
2007.05.14 12:28:01.292,1.6264,1.6267,2.40,5.50
2007.05.14 12:28:01.370,1.6264,1.6267,2.40,7.90
2007.05.14 12:28:02.409,1.6264,1.6267,2.40,3.20
2007.05.14 12:28:02.524,1.6264,1.6267,2.40,2.40
2007.05.14 12:28:03.513,1.6264,1.6268,2.40,7.90
2007.05.14 12:28:07.223,1.6264,1.6268,2.40,10.40
2007.05.14 12:28:07.513,1.6264,1.6267,2.40,5.50
2007.05.14 12:28:07.586,1.6264,1.6267,2.40,8.00
2007.05.14 12:28:08.317,1.6264,1.6267,2.40,5.50
2007.05.14 12:28:08.457,1.6263,1.6267,4.00,5.50
2007.05.14 12:28:08.932,1.6263,1.6268,4.80,17.60
2007.05.14 12:28:10.094,1.6263,1.6268,16.60,5.70
2007.05.14 12:28:10.177,1.6264,1.6268,3.10,4.90
2007.05.14 12:28:10.904,1.6264,1.6267,0.90,2.50
2007.05.14 12:28:11.432,1.6264,1.6267,4.00,2.50
2007.05.14 12:28:11.497,1.6263,1.6267,4.80,2.50
2007.05.14 12:28:21.338,1.6264,1.6267,4.00,2.50
2007.05.14 12:28:23.095,1.6265,1.6268,0.60,0.80
2007.05.14 12:28:23.185,1.6264,1.6269,4.80,10.40
2007.05.14 12:28:23.520,1.6266,1.6269,0.60,8.00
2007.05.14 12:28:25.200,1.6265,1.6269,4.00,2.50
2007.05.14 12:28:25.293,1.6265,1.627,4.00,14.30
2007.05.14 12:28:25.621,1.6265,1.6269,4.00,4.70
2007.05.14 12:28:25.733,1.6265,1.6269,4.00,7.20
2007.05.14 12:28:25.837,1.6265,1.6269,4.00,8.00
2007.05.14 12:28:26.330,1.6266,1.627,1.30,3.20
2007.05.14 12:28:30.662,1.6265,1.6269,4.00,0.80
2007.05.14 12:28:31.063,1.6264,1.6269,9.50,3.20
2007.05.14 12:28:35.176,1.6264,1.6268,9.50,2.50
2007.05.14 12:28:35.401,1.6265,1.6268,1.00,14.40
2007.05.14 12:28:35.539,1.6265,1.6268,1.00,15.20
2007.05.14 12:28:36.013,1.6263,1.6268,4.80,17.60
2007.05.14 12:28:38.721,1.6264,1.6269,2.40,19.20
2007.05.14 12:28:58.881,1.6264,1.6268,2.40,19.20
2007.05.14 12:29:04.126,1.6264,1.6269,2.40,19.20
2007.05.14 12:29:05.616,1.6264,1.6268,2.40,19.20
2007.05.14 12:29:10.203,1.6264,1.6266,2.40,0.80
2007.05.14 12:29:10.416,1.6264,1.6266,2.40,15.20
2007.05.14 12:29:10.500,1.6262,1.6266,2.40,17.60
2007.05.14 12:29:13.337,1.6262,1.6266,3.20,4.90
2007.05.14 12:29:13.436,1.6262,1.6266,5.70,2.40
2007.05.14 12:29:14.509,1.6263,1.6267,2.40,7.90
2007.05.14 12:29:16.667,1.6263,1.6266,2.40,12.70
2007.05.14 12:29:16.771,1.6263,1.6266,2.40,15.20
2007.05.14 12:29:18.337,1.6263,1.6266,2.40,17.60
2007.05.14 12:29:20.934,1.6262,1.6266,4.00,17.60
2007.05.14 12:29:26.990,1.6262,1.6266,8.70,5.70
2007.05.14 12:29:27.054,1.6262,1.6266,9.50,2.50
2007.05.14 12:29:30.437,1.6262,1.6267,11.10,3.20
2007.05.14 12:29:31.565,1.6264,1.6267,0.60,0.80
2007.05.14 12:29:31.885,1.6263,1.6267,0.50,3.20
2007.05.14 12:29:40.920,1.6263,1.6266,1.40,14.40
2007.05.14 12:29:40.963,1.6262,1.6266,4.00,15.20
2007.05.14 12:29:46.383,1.6263,1.6266,1.40,3.30
2007.05.14 12:29:46.449,1.6263,1.6267,1.40,7.10
2007.05.14 12:29:46.562,1.6263,1.6267,4.80,4.70
2007.05.14 12:29:56.811,1.6264,1.6268,2.40,10.40
2007.05.14 12:29:56.915,1.6264,1.6268,3.20,9.60
2007.05.14 12:29:58.860,1.6264,1.6267,2.40,4.70
2007.05.14 12:30:07.791,1.6264,1.6268,2.40,10.40
2007.05.14 12:30:07.885,1.6264,1.6268,3.20,7.10
2007.05.14 12:30:08.311,1.6264,1.6268,3.20,9.60
2007.05.14 12:30:08.793,1.6264,1.6268,3.20,7.10
2007.05.14 12:30:09.209,1.6265,1.6268,2.40,7.10
2007.05.14 12:30:13.509,1.6265,1.6268,2.40,4.70
2007.05.14 12:30:18.121,1.6265,1.6269,2.40,16.60
2007.05.14 12:30:42.525,1.6265,1.6269,2.40,16.60
2007.05.14 12:30:43.736,1.6265,1.6268,2.40,0.80
2007.05.14 12:30:56.989,1.6265,1.6268,2.40,7.10
2007.05.14 12:30:57.285,1.6265,1.6268,2.40,4.70
2007.05.14 12:30:58.386,1.6265,1.6268,2.40,7.10
2007.05.14 12:30:59.035,1.6265,1.6268,2.40,7.90
2007.05.14 12:30:59.998,1.6264,1.6268,2.40,7.90
2007.05.14 12:31:01.388,1.6263,1.6268,7.30,7.90
2007.05.14 12:31:02.410,1.6264,1.6267,0.80,0.80
2007.05.14 12:31:02.458,1.6264,1.6266,1.50,4.70
2007.05.14 12:31:02.894,1.6263,1.6266,1.30,4.70
2007.05.14 12:31:18.139,1.6264,1.6266,1.00,4.70
2007.05.14 12:31:19.113,1.6263,1.6266,1.10,4.70
2007.05.14 12:31:42.023,1.6264,1.6266,2.40,4.70
2007.05.14 12:31:42.615,1.6264,1.6266,1.40,4.70
2007.05.14 12:31:44.562,1.6262,1.6266,4.80,4.70
2007.05.14 12:31:45.148,1.6263,1.6266,4.00,4.70
2007.05.14 12:32:04.411,1.6262,1.6266,6.40,4.70
2007.05.14 12:32:05.160,1.6263,1.6266,4.00,4.70
2007.05.14 12:32:10.584,1.6262,1.6266,6.40,4.70
2007.05.14 12:32:11.495,1.6263,1.6266,4.00,4.70
2007.05.14 12:32:23.934,1.6263,1.6266,2.40,4.70
2007.05.14 12:32:24.692,1.6263,1.6267,2.40,15.00
2007.05.14 12:32:25.352,1.6263,1.6266,2.40,7.20
2007.05.14 12:32:29.384,1.6263,1.6266,2.40,4.70
2007.05.14 12:32:29.906,1.6263,1.6266,2.40,7.20
2007.05.14 12:32:30.914,1.6263,1.6266,2.40,4.70
2007.05.14 12:32:32.165,1.6263,1.6267,2.40,3.20
2007.05.14 12:32:32.239,1.6263,1.6267,5.70,2.40
2007.05.14 12:32:32.753,1.6264,1.6268,2.40,7.90
2007.05.14 12:32:43.400,1.6264,1.6267,2.40,2.40
2007.05.14 12:32:45.367,1.6263,1.6267,2.40,7.90
2007.05.14 12:32:58.751,1.6263,1.6267,3.20,7.10
2007.05.14 12:32:59.017,1.6264,1.6267,2.40,7.10
2007.05.14 12:33:02.367,1.6264,1.6267,2.40,0.60
2007.05.14 12:33:12.949,1.6264,1.6267,2.40,0.60
2007.05.14 12:33:13.257,1.6264,1.6268,2.40,0.60
2007.05.14 12:33:13.349,1.6264,1.6269,3.20,18.30
2007.05.14 12:33:14.163,1.6264,1.6268,3.20,0.80
2007.05.14 12:33:15.114,1.6265,1.6269,2.40,16.60
2007.05.14 12:33:21.443,1.6264,1.6269,3.20,17.40
2007.05.14 12:33:25.969,1.6265,1.6268,2.40,0.80
2007.05.14 12:33:29.424,1.6264,1.6268,3.20,0.90
2007.05.14 12:33:31.260,1.6264,1.6269,3.20,17.40
2007.05.14 12:33:31.776,1.6264,1.6268,3.20,7.10
2007.05.14 12:33:33.238,1.6264,1.6268,3.20,8.70
2007.05.14 12:33:35.310,1.6264,1.6268,2.40,7.90
2007.05.14 12:34:21.279,1.6265,1.6268,0.80,7.90
2007.05.14 12:34:48.429,1.6265,1.6268,0.80,10.40
2007.05.14 12:34:48.864,1.6265,1.6268,0.80,5.70
2007.05.14 12:34:50.109,1.6265,1.6267,0.80,4.70
2007.05.14 12:34:50.131,1.6264,1.6267,0.80,7.90
2007.05.14 12:34:51.602,1.6263,1.6267,2.40,7.90
2007.05.14 12:34:53.948,1.6264,1.6267,0.80,7.90
2007.05.14 12:34:55.702,1.6263,1.6267,3.20,7.90
2007.05.14 12:35:02.127,1.6263,1.6268,3.20,12.00
2007.05.14 12:35:05.552,1.6263,1.6268,3.20,12.00
2007.05.14 12:35:05.978,1.6263,1.6268,3.20,16.60
2007.05.14 12:35:13.751,1.6263,1.6267,0.80,9.50
2007.05.14 12:35:14.670,1.6263,1.6268,3.20,16.60
2007.05.14 12:35:31.787,1.6263,1.6267,4.00,2.40
2007.05.14 12:35:32.831,1.6263,1.6267,6.50,2.40
2007.05.14 12:35:32.900,1.6264,1.6267,0.80,2.40
2007.05.14 12:35:34.251,1.6264,1.6268,3.20,7.90
2007.05.14 12:35:37.206,1.6265,1.6268,0.80,7.90
2007.05.14 12:35:38.375,1.6264,1.6268,3.20,7.90
2007.05.14 12:35:38.761,1.6264,1.6268,3.20,15.10
2007.05.14 12:35:38.877,1.6264,1.6268,3.20,17.60
2007.05.14 12:35:39.276,1.6264,1.6267,3.20,4.70
2007.05.14 12:35:39.393,1.6264,1.6267,3.20,5.50
2007.05.14 12:35:39.669,1.6264,1.6267,0.80,7.90
2007.05.14 12:35:39.812,1.6263,1.6267,2.40,7.90
2007.05.14 12:35:40.418,1.6263,1.6267,5.70,2.40
2007.05.14 12:35:41.151,1.6264,1.6267,0.80,2.40
2007.05.14 12:35:41.582,1.6264,1.6268,3.20,7.90
2007.05.14 12:35:42.900,1.6264,1.6268,3.20,10.40
2007.05.14 12:35:43.258,1.6264,1.6267,3.20,2.40
2007.05.14 12:35:44.978,1.6264,1.6268,3.20,7.90
2007.05.14 12:35:45.303,1.6264,1.6268,3.20,10.40
2007.05.14 12:35:45.461,1.6264,1.6267,3.20,5.50
2007.05.14 12:35:45.645,1.6264,1.6267,3.20,4.70
2007.05.14 12:35:46.429,1.6264,1.6267,0.80,7.10
2007.05.14 12:36:01.191,1.6264,1.6267,3.20,7.10
2007.05.14 12:36:02.355,1.6264,1.6267,0.80,7.10
2007.05.14 12:36:02.530,1.6264,1.6268,0.80,18.30
2007.05.14 12:36:27.646,1.6264,1.6267,0.80,0.80
2007.05.14 12:36:27.795,1.6262,1.6266,5.70,0.80
2007.05.14 12:36:28.559,1.6263,1.6266,0.80,0.90
2007.05.14 12:36:28.769,1.6263,1.6267,3.20,0.90
2007.05.14 12:36:29.515,1.6263,1.6266,3.20,0.80
2007.05.14 12:36:29.647,1.6263,1.6266,3.20,0.70
2007.05.14 12:36:30.633,1.6263,1.6267,0.80,12.00
2007.05.14 12:36:32.602,1.6263,1.6266,0.80,5.70
2007.05.14 12:36:32.737,1.6263,1.6266,0.80,3.20
2007.05.14 12:36:32.915,1.6263,1.6266,0.80,2.40
2007.05.14 12:36:33.524,1.6263,1.6267,3.20,7.90
2007.05.14 12:36:35.288,1.6263,1.6267,4.00,2.40
2007.05.14 12:36:36.894,1.6264,1.6268,3.20,17.60
2007.05.14 12:36:37.270,1.6264,1.6267,3.20,4.70
2007.05.14 12:36:37.389,1.6264,1.6267,3.20,5.50
2007.05.14 12:36:37.974,1.6264,1.6266,3.20,0.80
2007.05.14 12:36:38.226,1.6264,1.6266,3.20,8.00
2007.05.14 12:36:38.702,1.6264,1.6266,0.80,8.00
2007.05.14 12:36:40.405,1.6263,1.6266,0.80,10.40
2007.05.14 12:36:48.203,1.6262,1.6266,2.40,10.40
2007.05.14 12:36:48.299,1.6263,1.6266,0.80,10.40
2007.05.14 12:36:49.318,1.6263,1.6266,3.20,8.00
2007.05.14 12:36:49.424,1.6264,1.6266,0.80,8.00
2007.05.14 12:36:52.632,1.6263,1.6266,3.20,8.00
2007.05.14 12:36:58.133,1.6262,1.6266,4.80,8.00
2007.05.14 12:37:01.034,1.6263,1.6266,3.20,8.00
2007.05.14 12:37:01.290,1.6263,1.6266,3.20,5.50
2007.05.14 12:37:01.343,1.6263,1.6266,3.20,4.70
2007.05.14 12:37:02.464,1.6263,1.6266,1.30,4.70
2007.05.14 12:37:09.909,1.6263,1.6266,3.20,7.20
2007.05.14 12:37:11.495,1.6263,1.6266,3.20,8.00
2007.05.14 12:37:18.062,1.6263,1.6266,1.70,8.00
2007.05.14 12:37:20.452,1.6262,1.6266,4.80,10.40
2007.05.14 12:37:20.535,1.6263,1.6266,3.20,10.40
2007.05.14 12:37:21.173,1.6264,1.6266,0.80,2.40
2007.05.14 12:37:21.883,1.6263,1.6266,0.80,2.40
2007.05.14 12:37:22.417,1.6263,1.6267,3.20,7.90
2007.05.14 12:37:24.579,1.6263,1.6266,3.20,4.70
2007.05.14 12:37:24.856,1.6263,1.6266,3.20,8.00
2007.05.14 12:37:25.466,1.6263,1.6266,0.80,10.40
2007.05.14 12:37:26.158,1.6263,1.6266,0.80,4.90
2007.05.14 12:37:26.254,1.6263,1.6266,0.80,2.40
2007.05.14 12:37:26.359,1.6263,1.6267,3.20,7.90
2007.05.14 12:37:26.658,1.6263,1.6267,4.00,7.10
2007.05.14 12:37:29.156,1.6263,1.6267,3.20,7.90
2007.05.14 12:37:29.966,1.6264,1.6267,0.80,7.90
2007.05.14 12:37:31.738,1.6263,1.6267,3.20,7.90
2007.05.14 12:37:32.915,1.6263,1.6268,3.20,16.60
2007.05.14 12:37:39.705,1.6264,1.6267,0.80,7.90
2007.05.14 12:37:45.811,1.6264,1.6267,0.80,7.10
2007.05.14 12:37:45.895,1.6264,1.6267,3.20,7.10
2007.05.14 12:37:51.026,1.6264,1.6267,0.80,7.10
2007.05.14 12:37:53.746,1.6264,1.6266,0.80,4.70
2007.05.14 12:37:53.850,1.6264,1.6266,0.80,5.50
2007.05.14 12:37:53.959,1.6264,1.6266,0.80,8.00
2007.05.14 12:38:00.029,1.6263,1.6266,0.80,10.40
2007.05.14 12:38:03.220,1.6263,1.6266,0.80,5.70
2007.05.14 12:38:03.342,1.6263,1.6266,3.20,0.80
2007.05.14 12:38:03.412,1.6264,1.6267,0.80,7.90
2007.05.14 12:38:07.871,1.6263,1.6267,4.00,7.10
2007.05.14 12:38:08.165,1.6263,1.6267,3.20,7.90
2007.05.14 12:38:10.448,1.6264,1.6267,0.80,7.90
2007.05.14 12:38:10.757,1.6264,1.6267,0.80,7.10
2007.05.14 12:38:11.262,1.6264,1.6267,0.80,7.90
2007.05.14 12:38:12.957,1.6264,1.6267,0.80,3.20
2007.05.14 12:38:15.230,1.6264,1.6267,0.80,3.20
2007.05.14 12:38:16.986,1.6264,1.6267,0.80,7.90
2007.05.14 12:38:30.442,1.6264,1.6267,0.80,7.10
2007.05.14 12:38:30.767,1.6264,1.6267,1.30,4.70
2007.05.14 12:38:32.308,1.6263,1.6267,4.80,5.50
2007.05.14 12:38:32.413,1.6263,1.6267,3.20,7.90
2007.05.14 12:38:32.924,1.6264,1.6267,0.80,7.10
2007.05.14 12:38:33.030,1.6263,1.6267,5.60,4.70
2007.05.14 12:38:33.462,1.6264,1.6267,1.40,7.10
2007.05.14 12:38:34.770,1.6263,1.6267,4.00,7.10
2007.05.14 12:38:36.860,1.6263,1.6267,5.60,4.70
2007.05.14 12:38:41.502,1.6263,1.6267,5.60,7.10
2007.05.14 12:38:42.311,1.6263,1.6267,4.80,7.90
2007.05.14 12:38:42.866,1.6263,1.6267,3.20,7.90
2007.05.14 12:38:43.277,1.6263,1.6266,3.20,2.40
2007.05.14 12:38:44.696,1.6263,1.6267,3.20,7.90
2007.05.14 12:38:46.862,1.6264,1.6266,0.80,2.40
2007.05.14 12:38:48.318,1.6263,1.6266,0.80,2.40
2007.05.14 12:38:49.006,1.6263,1.6266,1.60,2.40
2007.05.14 12:38:49.383,1.6263,1.6266,0.80,2.40
2007.05.14 12:38:49.459,1.6263,1.6266,0.80,14.30
2007.05.14 12:38:50.393,1.6262,1.6266,2.40,14.30
2007.05.14 12:38:50.790,1.6262,1.6266,2.40,7.10
2007.05.14 12:38:51.012,1.6262,1.6266,2.40,7.90
2007.05.14 12:38:52.355,1.6262,1.6266,4.90,15.10
2007.05.14 12:38:52.483,1.6262,1.6266,4.90,14.30
2007.05.14 12:38:52.569,1.6263,1.6266,0.80,14.30
2007.05.14 12:38:52.765,1.6263,1.6266,0.80,2.40
2007.05.14 12:38:54.932,1.6263,1.6266,3.20,2.40
2007.05.14 12:38:57.073,1.6263,1.6266,0.80,2.40
2007.05.14 12:39:00.433,1.6263,1.6267,0.80,9.50
2007.05.14 12:39:00.892,1.6263,1.6267,0.80,12.00
2007.05.14 12:39:01.107,1.6263,1.6266,0.80,0.60
2007.05.14 12:39:02.297,1.6263,1.6267,0.80,19.20
2007.05.14 12:39:03.200,1.6262,1.6266,3.20,0.70
2007.05.14 12:39:03.815,1.6262,1.6266,5.70,0.90
2007.05.14 12:39:03.921,1.6262,1.6266,6.50,0.70
2007.05.14 12:39:04.268,1.6263,1.6267,0.80,9.50
2007.05.14 12:39:06.601,1.6263,1.6267,3.20,9.50
2007.05.14 12:39:07.418,1.6263,1.6266,3.20,0.80
2007.05.14 12:39:07.561,1.6263,1.6267,3.20,12.00
2007.05.14 12:39:07.750,1.6263,1.6267,0.80,12.00
2007.05.14 12:39:18.593,1.6262,1.6266,3.20,0.60
2007.05.14 12:39:18.888,1.6263,1.6266,0.80,0.80
2007.05.14 12:39:19.019,1.6263,1.6267,0.80,8.70
2007.05.14 12:39:20.047,1.6263,1.6267,3.20,0.60
2007.05.14 12:39:20.998,1.6263,1.6266,2.40,0.80
2007.05.14 12:39:21.088,1.6264,1.6267,0.80,17.50
2007.05.14 12:39:22.322,1.6264,1.6268,0.80,12.00
2007.05.14 12:39:22.429,1.6263,1.6267,3.20,11.20
2007.05.14 12:39:23.600,1.6264,1.6268,0.80,12.00
2007.05.14 12:39:24.858,1.6264,1.6266,0.80,0.70
2007.05.14 12:39:25.939,1.6263,1.6267,3.20,18.30
2007.05.14 12:39:28.206,1.6264,1.6266,0.80,0.80
2007.05.14 12:39:28.965,1.6264,1.6267,0.80,0.80
2007.05.14 12:39:30.031,1.6263,1.6267,3.20,9.60
2007.05.14 12:39:30.201,1.6263,1.6267,3.20,11.20
2007.05.14 12:39:30.301,1.6263,1.6266,3.20,4.70
2007.05.14 12:39:32.247,1.6263,1.6266,0.80,7.10
2007.05.14 12:39:32.366,1.6262,1.6266,3.20,7.10
2007.05.14 12:39:35.249,1.6262,1.6266,3.20,8.70
2007.05.14 12:39:35.335,1.6264,1.6266,0.80,12.00
2007.05.14 12:39:35.584,1.6262,1.6266,2.40,10.40
2007.05.14 12:39:35.883,1.6263,1.6266,0.80,10.40
2007.05.14 12:39:36.314,1.6263,1.6265,0.80,4.70
2007.05.14 12:39:37.023,1.6261,1.6265,3.20,7.10
2007.05.14 12:39:49.305,1.6261,1.6265,4.80,2.40
2007.05.14 12:39:49.487,1.6263,1.6266,0.80,9.60
2007.05.14 12:39:51.032,1.6263,1.6266,0.80,10.40
2007.05.14 12:39:51.090,1.6263,1.6266,0.80,7.10
2007.05.14 12:39:51.529,1.6263,1.6266,0.80,10.40
2007.05.14 12:39:52.818,1.6263,1.6266,0.80,7.10
2007.05.14 12:39:53.452,1.6263,1.6265,0.80,2.40
2007.05.14 12:39:55.033,1.6263,1.6265,0.80,7.10
2007.05.14 12:39:55.688,1.6263,1.6265,0.80,3.20
2007.05.14 12:39:55.906,1.6262,1.6265,3.20,3.20
2007.05.14 12:39:56.888,1.6261,1.6265,2.40,3.20
2007.05.14 12:39:57.938,1.6262,1.6265,0.80,3.20
2007.05.14 12:39:59.819,1.6262,1.6265,0.80,0.70
2007.05.14 12:40:02.288,1.6262,1.6266,0.80,12.00
2007.05.14 12:40:03.207,1.6261,1.6265,2.40,9.50
2007.05.14 12:40:06.293,1.6262,1.6265,0.80,9.50
2007.05.14 12:40:08.067,1.6261,1.6266,3.20,12.00
2007.05.14 12:40:09.003,1.6261,1.6266,2.40,19.20
2007.05.14 12:40:09.282,1.6262,1.6266,0.80,19.20
2007.05.14 12:40:11.362,1.6261,1.6265,2.40,0.80
2007.05.14 12:40:14.161,1.6262,1.6265,0.80,0.80
2007.05.14 12:40:14.429,1.6262,1.6266,0.80,9.50
2007.05.14 12:40:15.596,1.6263,1.6267,0.80,12.00
2007.05.14 12:40:18.239,1.6262,1.6267,3.20,12.00
2007.05.14 12:40:21.719,1.6261,1.6266,5.70,9.50
2007.05.14 12:40:22.880,1.6262,1.6266,3.20,0.80
2007.05.14 12:40:23.373,1.6262,1.6266,3.20,0.60
2007.05.14 12:40:23.385,1.6262,1.6265,3.20,0.80
2007.05.14 12:40:23.795,1.6262,1.6266,0.80,19.90
2007.05.14 12:40:27.551,1.6261,1.6266,3.20,19.90
2007.05.14 12:40:31.342,1.6261,1.6264,3.20,2.40
2007.05.14 12:40:31.466,1.6262,1.6264,0.80,2.40
2007.05.14 12:40:37.110,1.6262,1.6265,0.80,3.20
2007.05.14 12:40:38.386,1.6261,1.6265,3.20,3.20
2007.05.14 12:40:39.698,1.6262,1.6264,0.80,2.40
2007.05.14 12:40:40.543,1.6262,1.6265,0.80,3.20
2007.05.14 12:40:44.431,1.6261,1.6265,3.20,3.20
2007.05.14 12:40:47.162,1.6262,1.6265,0.80,3.20
2007.05.14 12:40:47.304,1.6262,1.6265,0.80,2.40
2007.05.14 12:40:49.160,1.6262,1.6266,3.20,15.10
2007.05.14 12:40:52.666,1.6262,1.6265,0.80,2.40
2007.05.14 12:40:56.552,1.6262,1.6265,1.60,2.40
2007.05.14 12:40:56.631,1.6262,1.6266,4.00,2.40
2007.05.14 12:40:59.737,1.6262,1.6266,5.60,2.40
2007.05.14 12:40:59.917,1.6262,1.6266,8.10,2.40
2007.05.14 12:41:00.021,1.6263,1.6266,0.80,2.40
2007.05.14 12:41:00.587,1.6263,1.6267,3.20,7.10
2007.05.14 12:41:02.653,1.6264,1.6267,0.80,7.10
2007.05.14 12:41:05.729,1.6264,1.6267,0.80,7.10
2007.05.14 12:41:12.081,1.6262,1.6267,9.70,7.10
2007.05.14 12:41:16.349,1.6263,1.6267,4.00,9.60
2007.05.14 12:41:16.402,1.6263,1.6267,3.20,10.40
2007.05.14 12:41:16.888,1.6264,1.6266,0.80,2.40
2007.05.14 12:41:18.813,1.6263,1.6266,0.90,2.40
2007.05.14 12:41:19.004,1.6263,1.6267,2.00,7.10
2007.05.14 12:41:20.229,1.6263,1.6267,4.00,7.10
2007.05.14 12:41:23.334,1.6264,1.6267,0.80,2.40
2007.05.14 12:41:25.713,1.6263,1.6267,0.90,2.40
2007.05.14 12:41:28.414,1.6264,1.6267,0.80,2.40
2007.05.14 12:41:31.867,1.6263,1.6267,4.00,7.10
2007.05.14 12:41:31.968,1.6264,1.6267,0.80,10.40
2007.05.14 12:41:32.652,1.6264,1.6267,0.80,3.20
2007.05.14 12:41:32.895,1.6263,1.6267,4.00,2.40
2007.05.14 12:41:34.204,1.6264,1.6267,0.80,4.90
2007.05.14 12:41:35.115,1.6264,1.6267,0.80,2.40
2007.05.14 12:41:35.423,1.6263,1.6267,4.00,2.40
2007.05.14 12:41:36.783,1.6264,1.6267,0.80,2.40
2007.05.14 12:41:46.312,1.6264,1.6267,0.80,9.60
2007.05.14 12:41:47.210,1.6264,1.6267,0.80,4.90
2007.05.14 12:41:47.748,1.6264,1.6267,0.80,9.60
2007.05.14 12:41:49.792,1.6263,1.6267,3.20,10.40
2007.05.14 12:41:49.993,1.6263,1.6266,3.20,2.40
2007.05.14 12:41:50.335,1.6263,1.6266,4.00,2.40
2007.05.14 12:41:51.435,1.6263,1.6266,3.20,2.40
2007.05.14 12:41:52.928,1.6263,1.6266,4.00,2.40
2007.05.14 12:41:53.493,1.6263,1.6266,3.20,2.40
2007.05.14 12:41:54.739,1.6263,1.6266,0.80,2.40
2007.05.14 12:41:54.871,1.6263,1.6267,3.20,10.40
2007.05.14 12:41:55.895,1.6263,1.6266,0.80,2.40
2007.05.14 12:41:56.416,1.6263,1.6267,3.20,9.60
2007.05.14 12:41:58.193,1.6263,1.6267,3.20,7.10
2007.05.14 12:41:58.609,1.6263,1.6267,4.00,7.10
2007.05.14 12:42:02.402,1.6263,1.6267,3.20,7.90
2007.05.14 12:42:02.610,1.6264,1.6267,0.80,7.90
2007.05.14 12:42:02.812,1.6262,1.6266,5.70,2.40
2007.05.14 12:42:05.186,1.6263,1.6267,4.00,7.10
2007.05.14 12:42:06.126,1.6263,1.6267,4.00,9.60
2007.05.14 12:42:06.591,1.6263,1.6267,3.20,10.40
2007.05.14 12:42:08.045,1.6263,1.6267,3.20,9.60
2007.05.14 12:42:08.210,1.6263,1.6267,3.20,0.60
2007.05.14 12:42:08.400,1.6262,1.6267,3.20,11.20
2007.05.14 12:42:10.277,1.6264,1.6267,0.80,10.40
2007.05.14 12:42:10.396,1.6263,1.6267,3.20,10.40
2007.05.14 12:42:10.665,1.6263,1.6266,0.80,2.40
2007.05.14 12:42:12.940,1.6263,1.6266,1.60,2.40
2007.05.14 12:42:13.992,1.6263,1.6267,4.00,7.10
2007.05.14 12:42:16.471,1.6264,1.6267,0.80,9.60
2007.05.14 12:42:17.483,1.6263,1.6267,4.00,7.10
2007.05.14 12:42:19.065,1.6263,1.6267,3.20,10.40
2007.05.14 12:42:19.668,1.6262,1.6266,3.20,2.40
2007.05.14 12:42:28.843,1.6263,1.6267,3.20,9.60
2007.05.14 12:42:31.259,1.6263,1.6268,3.20,12.00
2007.05.14 12:42:32.040,1.6263,1.6268,3.00,12.00
2007.05.14 12:42:35.787,1.6264,1.6267,0.80,0.60
2007.05.14 12:42:40.344,1.6264,1.6269,3.10,12.00
2007.05.14 12:42:41.517,1.6264,1.6268,3.10,0.80
2007.05.14 12:42:41.785,1.6264,1.6268,3.90,0.80
2007.05.14 12:42:44.204,1.6265,1.6269,0.80,12.00
2007.05.14 12:42:45.839,1.6265,1.6269,0.80,12.00
2007.05.14 12:42:45.966,1.6265,1.6268,0.80,10.40
2007.05.14 12:42:46.891,1.6263,1.6268,3.20,12.00
2007.05.14 12:42:46.980,1.6263,1.6267,3.20,0.70
2007.05.14 12:42:47.472,1.6265,1.6267,0.80,0.60
2007.05.14 12:42:49.859,1.6264,1.6268,3.20,17.50
2007.05.14 12:42:50.267,1.6264,1.6268,3.20,17.50
2007.05.14 12:42:50.375,1.6264,1.6269,4.00,18.30
2007.05.14 12:42:52.618,1.6265,1.6269,2.40,17.50
2007.05.14 12:42:54.464,1.6265,1.6268,0.80,0.80
2007.05.14 12:42:59.341,1.6264,1.6268,4.00,0.80
2007.05.14 12:43:36.150,1.6265,1.6268,0.80,9.60
2007.05.14 12:43:39.794,1.6265,1.6269,0.80,18.30
2007.05.14 12:44:13.425,1.6265,1.6267,0.80,7.20
2007.05.14 12:44:16.909,1.6265,1.6268,0.80,9.60
2007.05.14 12:44:18.226,1.6265,1.6267,0.80,7.20
2007.05.14 12:44:19.581,1.6263,1.6267,3.20,9.60
2007.05.14 12:44:21.210,1.6264,1.6267,3.20,7.20
2007.05.14 12:44:21.849,1.6264,1.6268,3.20,10.40
2007.05.14 12:44:21.876,1.6264,1.6268,4.00,9.60
2007.05.14 12:44:23.103,1.6265,1.6268,2.40,9.60
2007.05.14 12:44:37.962,1.6265,1.6267,0.80,7.20
2007.05.14 12:44:38.415,1.6265,1.6267,0.80,2.50
2007.05.14 12:44:38.564,1.6265,1.6268,0.80,9.60
2007.05.14 12:44:41.015,1.6265,1.6268,3.20,7.20
2007.05.14 12:46:02.675,1.6266,1.6268,0.80,7.20
2007.05.14 12:46:04.262,1.6265,1.6268,0.80,10.40
2007.05.14 12:46:05.716,1.6263,1.6266,2.40,4.70
2007.05.14 12:46:08.481,1.6264,1.6267,3.20,4.70
2007.05.14 12:46:09.698,1.6264,1.6265,3.20,4.70
2007.05.14 12:46:10.074,1.6264,1.6265,2.40,4.70
2007.05.14 12:46:11.800,1.6262,1.6265,4.00,4.70
2007.05.14 12:46:12.819,1.6263,1.6265,2.40,4.70
2007.05.14 12:46:14.074,1.6262,1.6265,4.00,4.70
2007.05.14 12:46:17.724,1.6262,1.6266,4.80,2.40
2007.05.14 12:46:17.794,1.6262,1.6266,3.20,2.40
2007.05.14 12:46:18.329,1.6263,1.6267,2.40,7.10
2007.05.14 12:46:21.737,1.6263,1.6265,2.40,4.70
2007.05.14 12:46:21.807,1.6262,1.6265,4.00,4.70
2007.05.14 12:47:16.302,1.6262,1.6265,2.40,4.70
2007.05.14 12:47:16.944,1.6262,1.6264,2.40,4.70
2007.05.14 12:47:17.820,1.6261,1.6264,2.40,4.70
2007.05.14 12:47:22.236,1.6261,1.6264,0.80,4.70
2007.05.14 12:47:35.035,1.6261,1.6265,6.50,7.90
2007.05.14 12:47:35.305,1.6261,1.6265,7.30,7.10
2007.05.14 12:47:36.221,1.6261,1.6265,8.90,4.70
2007.05.14 12:47:37.269,1.6262,1.6265,1.00,4.70
2007.05.14 12:47:51.440,1.6261,1.6265,5.70,7.10
2007.05.14 12:47:52.814,1.6262,1.6265,2.40,4.70
2007.05.14 12:48:00.007,1.6261,1.6265,5.70,7.10
2007.05.14 12:48:02.070,1.6261,1.6265,3.20,7.10
2007.05.14 12:48:02.383,1.6261,1.6265,2.40,7.90
2007.05.14 12:48:02.664,1.6261,1.6264,2.40,4.70
2007.05.14 12:48:18.186,1.6261,1.6264,4.90,4.70
2007.05.14 12:48:22.054,1.6261,1.6264,5.70,4.70
2007.05.14 12:48:22.079,1.6261,1.6264,4.90,4.70
2007.05.14 12:48:23.376,1.6261,1.6265,4.90,7.90
2007.05.14 12:48:23.472,1.6261,1.6265,5.70,7.10
2007.05.14 12:48:23.850,1.6262,1.6265,2.50,7.10
2007.05.14 12:48:28.585,1.6262,1.6266,2.50,16.60
2007.05.14 12:48:32.207,1.6262,1.6265,4.90,0.60
2007.05.14 12:48:39.251,1.6262,1.6266,4.90,14.20
2007.05.14 12:48:48.810,1.6262,1.6266,2.40,14.20
2007.05.14 12:48:49.318,1.6261,1.6266,5.70,16.60
2007.05.14 12:48:52.080,1.6261,1.6265,3.20,0.60
2007.05.14 12:48:52.419,1.6261,1.6265,2.40,15.00
2007.05.14 12:48:54.447,1.6262,1.6264,2.40,0.90
2007.05.14 12:48:56.418,1.6262,1.6265,2.40,0.70
2007.05.14 12:48:57.436,1.6262,1.6265,2.40,12.60
2007.05.14 12:49:00.156,1.6261,1.6264,2.40,4.70
2007.05.14 12:49:03.988,1.6261,1.6265,5.70,7.10
2007.05.14 12:49:04.197,1.6262,1.6265,2.50,7.10
2007.05.14 12:49:08.104,1.6262,1.6265,4.90,4.70
2007.05.14 12:49:14.004,1.6262,1.6265,4.90,7.10
2007.05.14 12:49:19.519,1.6262,1.6265,2.40,7.10
2007.05.14 12:49:19.753,1.6261,1.6265,5.70,7.10
2007.05.14 12:49:22.513,1.6262,1.6265,2.40,7.10
2007.05.14 12:49:24.632,1.6261,1.6265,5.70,7.10
2007.05.14 12:49:26.772,1.6262,1.6265,2.40,4.70
2007.05.14 12:49:27.893,1.6262,1.6265,2.40,7.10
2007.05.14 12:49:30.634,1.6261,1.6265,7.30,7.10
2007.05.14 12:49:31.751,1.6262,1.6265,1.60,4.70
2007.05.14 12:49:39.557,1.6261,1.6264,6.50,4.70
2007.05.14 12:49:39.654,1.626,1.6264,5.60,4.70
2007.05.14 12:49:39.750,1.6261,1.6264,1.30,7.10
2007.05.14 12:49:40.050,1.626,1.6264,4.80,2.40
2007.05.14 12:49:40.251,1.6261,1.6265,1.60,7.10
2007.05.14 12:49:41.521,1.626,1.6264,5.60,4.70
2007.05.14 12:49:41.819,1.6261,1.6264,1.10,7.10
2007.05.14 12:49:43.781,1.6259,1.6264,8.90,7.10
2007.05.14 12:49:48.170,1.6259,1.6264,6.40,9.60
2007.05.14 12:49:48.407,1.6259,1.6262,4.00,4.70
2007.05.14 12:49:49.107,1.626,1.6263,0.90,0.80
2007.05.14 12:49:49.425,1.6259,1.6264,4.80,10.40
2007.05.14 12:49:49.983,1.6259,1.6263,4.80,2.40
2007.05.14 12:49:50.724,1.6259,1.6264,4.80,10.40
2007.05.14 12:50:28.006,1.626,1.6264,2.40,17.60
2007.05.14 12:50:28.561,1.626,1.6263,2.40,2.50
2007.05.14 12:50:28.636,1.626,1.6263,2.40,3.30
2007.05.14 12:50:28.897,1.6259,1.6263,2.40,5.70
2007.05.14 12:50:33.345,1.626,1.6263,2.40,0.80
2007.05.14 12:50:33.404,1.626,1.6264,2.40,17.60
2007.05.14 12:50:34.230,1.626,1.6264,2.40,3.20
2007.05.14 12:50:34.315,1.626,1.6264,2.40,2.40
2007.05.14 12:50:34.928,1.6259,1.6263,15.10,2.40
2007.05.14 12:50:35.242,1.6259,1.6263,3.20,2.40
2007.05.14 12:50:35.456,1.626,1.6264,2.40,2.40
2007.05.14 12:50:37.359,1.626,1.6264,5.70,7.10
2007.05.14 12:50:38.222,1.626,1.6264,3.20,16.80
2007.05.14 12:50:38.352,1.626,1.6264,2.40,17.60
2007.05.14 12:50:38.661,1.626,1.6264,2.40,10.40
2007.05.14 12:50:38.768,1.626,1.6264,4.90,7.90
2007.05.14 12:50:38.854,1.626,1.6264,5.70,7.10
2007.05.14 12:50:40.933,1.626,1.6264,3.20,7.10
2007.05.14 12:50:41.070,1.626,1.6264,2.40,7.90
2007.05.14 12:50:41.959,1.626,1.6263,2.40,2.40
2007.05.14 12:50:46.825,1.6259,1.6263,5.70,2.40
2007.05.14 12:50:48.349,1.626,1.6263,2.40,2.40
2007.05.14 12:50:54.526,1.6259,1.6263,5.70,2.40
2007.05.14 12:50:59.262,1.6258,1.6263,8.90,2.40
2007.05.14 12:51:11.788,1.626,1.6263,5.50,2.40
2007.05.14 12:51:11.908,1.626,1.6265,16.70,5.70
2007.05.14 12:51:12.308,1.6261,1.6264,0.70,5.50
2007.05.14 12:51:12.919,1.626,1.6264,1.60,7.90
2007.05.14 12:51:24.444,1.6258,1.6264,16.20,9.50
2007.05.14 12:51:29.802,1.626,1.6263,12.70,0.80
2007.05.14 12:51:30.613,1.626,1.6264,15.10,0.80
2007.05.14 12:51:32.288,1.6261,1.6265,3.30,4.00
2007.05.14 12:51:32.390,1.6261,1.6265,5.70,0.80
2007.05.14 12:51:35.585,1.6262,1.6265,2.50,0.80
2007.05.14 12:51:36.214,1.6262,1.6266,3.30,8.70
2007.05.14 12:51:36.431,1.6261,1.6265,5.70,0.80
2007.05.14 12:51:37.364,1.6262,1.6267,5.70,16.60
2007.05.14 12:51:44.995,1.6262,1.6266,3.20,0.60
2007.05.14 12:51:45.106,1.6262,1.6267,2.40,16.60
2007.05.14 12:51:45.830,1.6262,1.6267,4.90,16.60
2007.05.14 12:51:46.024,1.6262,1.6267,5.70,16.60
2007.05.14 12:51:50.588,1.6262,1.6266,4.90,0.80
2007.05.14 12:51:50.735,1.6262,1.6266,2.40,0.80
2007.05.14 12:52:04.165,1.6262,1.6266,4.90,7.90
2007.05.14 12:52:04.608,1.6262,1.6266,5.70,7.10
2007.05.14 12:52:05.100,1.6262,1.6266,3.20,7.10
2007.05.14 12:52:05.457,1.6262,1.6266,2.40,7.90
2007.05.14 12:52:05.752,1.6262,1.6266,4.90,7.90
2007.05.14 12:52:05.853,1.6262,1.6266,5.70,7.10
2007.05.14 12:52:26.607,1.6262,1.6266,3.20,7.10
2007.05.14 12:52:26.709,1.6262,1.6266,2.40,7.90
2007.05.14 12:52:26.852,1.6262,1.6266,2.40,9.50
2007.05.14 12:52:27.256,1.6262,1.6266,2.40,7.90
2007.05.14 12:52:28.381,1.6261,1.6265,5.70,2.40
2007.05.14 12:52:47.033,1.6261,1.6265,4.90,4.00
2007.05.14 12:52:47.367,1.6261,1.6265,2.40,4.00
2007.05.14 12:52:47.746,1.6261,1.6264,2.40,4.70
2007.05.14 12:52:48.370,1.626,1.6264,5.70,7.10
2007.05.14 12:53:00.101,1.6259,1.6263,3.20,7.10
2007.05.14 12:53:02.800,1.626,1.6263,2.40,7.10
2007.05.14 12:53:02.931,1.626,1.6263,2.40,4.70
2007.05.14 12:53:04.040,1.626,1.6263,2.40,7.10
2007.05.14 12:53:05.814,1.626,1.6263,2.40,4.70
2007.05.14 12:53:06.239,1.626,1.6264,4.90,7.90
2007.05.14 12:53:06.852,1.626,1.6264,5.70,7.10
2007.05.14 12:53:09.446,1.626,1.6263,2.40,4.70
2007.05.14 12:53:09.869,1.626,1.6264,4.90,7.90
2007.05.14 12:53:10.357,1.626,1.6264,5.70,7.10
2007.05.14 12:53:10.923,1.626,1.6264,4.90,7.90
2007.05.14 12:53:11.514,1.626,1.6264,5.70,7.10
2007.05.14 12:54:02.047,1.626,1.6264,4.90,7.90
2007.05.14 12:54:02.451,1.626,1.6263,2.40,4.70
2007.05.14 12:54:05.006,1.6259,1.6263,3.20,7.10
2007.05.14 12:54:06.759,1.626,1.6263,2.40,7.10
2007.05.14 12:54:09.329,1.626,1.6263,4.90,7.10
2007.05.14 12:54:09.682,1.626,1.6263,4.90,4.70
2007.05.14 12:54:09.902,1.626,1.6264,4.90,7.90
2007.05.14 12:54:09.976,1.626,1.6264,5.70,7.10
2007.05.14 12:54:11.531,1.626,1.6264,17.60,2.40
2007.05.14 12:54:11.769,1.6261,1.6264,0.80,2.40
2007.05.14 12:54:13.796,1.6261,1.6265,3.20,2.40
2007.05.14 12:54:15.642,1.626,1.6265,19.20,2.40
2007.05.14 12:54:20.533,1.626,1.6264,10.50,4.70
2007.05.14 12:54:20.723,1.626,1.6264,7.30,7.10
2007.05.14 12:54:21.113,1.6259,1.6264,8.90,7.10
2007.05.14 12:54:28.803,1.626,1.6264,2.40,7.90
2007.05.14 12:54:29.451,1.6259,1.6264,4.80,7.90
2007.05.14 12:54:29.813,1.6259,1.6263,4.80,4.70
2007.05.14 12:54:30.958,1.6259,1.6263,4.80,7.10
2007.05.14 12:54:47.406,1.626,1.6263,2.40,7.10
2007.05.14 12:54:50.415,1.6259,1.6263,3.20,7.10
2007.05.14 12:54:50.652,1.6259,1.6263,4.80,7.10
2007.05.14 12:54:51.065,1.6259,1.6263,16.70,2.40
2007.05.14 12:54:51.210,1.6261,1.6263,0.80,2.40
2007.05.14 12:54:52.574,1.6261,1.6265,3.20,7.10
2007.05.14 12:54:54.929,1.6261,1.6266,3.20,17.40
2007.05.14 12:55:19.245,1.6262,1.6266,4.90,15.00
2007.05.14 12:55:19.798,1.6262,1.6267,4.90,12.70
2007.05.14 12:55:20.905,1.6262,1.6267,5.70,16.60
2007.05.14 12:55:30.714,1.6263,1.6266,2.40,7.10
2007.05.14 12:55:31.851,1.6262,1.6266,5.70,7.10
2007.05.14 12:55:54.196,1.6262,1.6266,4.90,7.90
2007.05.14 12:55:56.745,1.6262,1.6265,2.40,4.70
2007.05.14 12:55:58.843,1.6262,1.6265,2.40,7.10
2007.05.14 12:56:20.147,1.6261,1.6265,3.20,7.10
2007.05.14 12:57:03.792,1.6262,1.6265,2.40,7.10
2007.05.14 12:57:17.772,1.6261,1.6265,3.20,7.10
2007.05.14 12:57:59.800,1.6262,1.6265,2.40,7.10
2007.05.14 12:58:08.015,1.6262,1.6265,2.40,2.40
2007.05.14 12:58:08.250,1.6262,1.6265,2.40,4.70
2007.05.14 12:58:09.193,1.6262,1.6265,2.40,7.10
2007.05.14 12:58:11.355,1.6263,1.6265,2.50,7.10
2007.05.14 12:58:11.680,1.6263,1.6265,2.50,7.90
2007.05.14 12:58:12.225,1.6263,1.6265,2.50,3.20
2007.05.14 12:58:12.316,1.6262,1.6265,2.40,2.40
2007.05.14 12:58:13.252,1.6261,1.6264,5.70,2.40
2007.05.14 12:58:13.525,1.6262,1.6265,2.40,2.40
2007.05.14 12:58:16.011,1.6261,1.6265,5.70,2.40
2007.05.14 12:58:19.168,1.626,1.6265,19.20,2.40
2007.05.14 12:58:26.929,1.6262,1.6265,0.90,2.40
2007.05.14 12:58:30.044,1.6261,1.6265,2.20,2.40
2007.05.14 12:58:56.825,1.6261,1.6265,2.40,3.20
2007.05.14 12:58:57.262,1.6261,1.6265,2.40,5.70
2007.05.14 12:58:57.740,1.6261,1.6265,2.40,10.40
2007.05.14 12:58:58.316,1.626,1.6264,3.20,2.40
2007.05.14 12:59:00.697,1.6261,1.6265,2.40,10.40
2007.05.14 12:59:01.469,1.6261,1.6265,3.20,2.40
2007.05.14 12:59:03.810,1.6261,1.6265,3.20,9.60
2007.05.14 12:59:04.035,1.6261,1.6265,2.40,10.40
2007.05.14 12:59:05.425,1.6261,1.6265,2.40,3.20
2007.05.14 12:59:05.771,1.6261,1.6265,3.20,2.40
2007.05.14 12:59:15.383,1.6261,1.6265,2.40,3.20
2007.05.14 12:59:15.718,1.6261,1.6266,2.40,19.20
2007.05.14 12:59:15.829,1.6261,1.6265,2.40,0.90
2007.05.14 12:59:17.129,1.6261,1.6264,2.40,0.90
2007.05.14 12:59:18.471,1.6261,1.6266,2.40,12.00
2007.05.14 12:59:21.999,1.6261,1.6265,3.20,0.70
2007.05.14 12:59:24.766,1.6262,1.6265,2.40,0.80
2007.05.14 12:59:26.244,1.6261,1.6265,3.20,0.90
2007.05.14 12:59:29.246,1.6261,1.6266,4.80,12.00
2007.05.14 12:59:32.751,1.6261,1.6265,0.60,0.70
2007.05.14 12:59:34.860,1.626,1.6266,19.20,12.00
2007.05.14 12:59:34.914,1.6261,1.6265,0.80,0.90
2007.05.14 12:59:34.977,1.626,1.6266,6.40,12.00
2007.05.14 12:59:36.177,1.626,1.6266,11.10,19.90
2007.05.14 12:59:36.646,1.6261,1.6265,0.90,0.70
2007.05.14 12:59:36.790,1.626,1.6266,11.10,19.90
2007.05.14 12:59:36.841,1.626,1.6266,8.90,12.00
2007.05.14 12:59:37.610,1.6261,1.6266,8.00,11.20
2007.05.14 12:59:37.784,1.6262,1.6265,0.80,0.70
2007.05.14 12:59:37.927,1.626,1.6266,9.60,18.30
2007.05.14 12:59:37.973,1.6261,1.6265,0.80,0.50
2007.05.14 12:59:38.555,1.626,1.6265,10.50,8.70
2007.05.14 12:59:39.290,1.6261,1.6265,5.70,4.00
2007.05.14 12:59:39.866,1.6261,1.6266,5.70,9.50
2007.05.14 12:59:40.505,1.6262,1.6266,5.70,8.70
2007.05.14 12:59:41.769,1.6263,1.6266,0.90,0.50
2007.05.14 12:59:44.215,1.6262,1.6265,1.30,7.10
2007.05.14 12:59:47.230,1.6262,1.6265,0.80,2.40
2007.05.14 12:59:47.433,1.6262,1.6265,3.30,2.40
2007.05.14 12:59:48.374,1.6262,1.6266,5.70,7.10
2007.05.14 12:59:50.397,1.6261,1.6266,7.30,7.90
2007.05.14 12:59:50.802,1.6261,1.6265,7.30,2.40
2007.05.14 12:59:51.793,1.6262,1.6265,0.70,7.10
2007.05.14 12:59:51.882,1.6261,1.6265,5.70,7.10
2007.05.14 12:59:55.811,1.6261,1.6265,5.70,2.40
2007.05.14 12:59:56.734,1.6261,1.6265,7.30,2.40
