2007.05.17 09:00:03.708,1.6391,1.6394,4.80,0.70
2007.05.17 09:00:34.182,1.6391,1.6394,2.40,4.70
2007.05.17 09:00:34.290,1.639,1.6394,2.40,7.10
2007.05.17 09:01:03.317,1.639,1.6393,2.40,2.40
2007.05.17 09:01:03.855,1.6389,1.6393,2.40,2.40
2007.05.17 09:01:14.381,1.639,1.6393,2.40,0.90
2007.05.17 09:01:14.569,1.639,1.6393,4.80,0.70
2007.05.17 09:01:17.776,1.639,1.6394,2.40,8.70
2007.05.17 09:01:18.390,1.6389,1.6393,2.40,0.70
2007.05.17 09:01:22.230,1.639,1.6394,11.90,4.00
2007.05.17 09:01:22.339,1.6391,1.6393,2.40,0.60
2007.05.17 09:01:23.558,1.6392,1.6396,2.40,0.80
2007.05.17 09:01:34.555,1.6392,1.6397,2.40,18.30
2007.05.17 09:01:35.070,1.6393,1.6397,2.40,4.00
2007.05.17 09:01:35.137,1.6393,1.6398,4.80,10.30
2007.05.17 09:01:35.257,1.6393,1.6397,4.80,0.60
2007.05.17 09:01:35.337,1.6393,1.6397,2.40,0.90
2007.05.17 09:01:35.792,1.6391,1.6396,2.40,4.00
2007.05.17 09:01:51.228,1.6392,1.6395,11.90,2.40
2007.05.17 09:01:51.360,1.6392,1.6396,14.30,2.40
2007.05.17 09:02:02.323,1.6393,1.6396,2.40,2.40
2007.05.17 09:02:02.407,1.6393,1.6397,4.80,2.40
2007.05.17 09:02:04.965,1.6393,1.6397,2.40,4.80
2007.05.17 09:02:06.433,1.6392,1.6396,14.30,2.40
2007.05.17 09:02:09.329,1.6393,1.6396,2.40,2.40
2007.05.17 09:02:10.466,1.6393,1.6396,2.40,9.60
2007.05.17 09:02:10.758,1.6392,1.6396,2.40,9.60
2007.05.17 09:02:11.085,1.6391,1.6395,2.40,2.40
2007.05.17 09:02:12.327,1.6391,1.6395,2.40,14.30
2007.05.17 09:02:25.889,1.6391,1.6395,9.60,2.40
2007.05.17 09:02:26.115,1.6392,1.6395,11.90,2.40
2007.05.17 09:02:26.763,1.6393,1.6395,2.40,2.40
2007.05.17 09:02:27.710,1.6392,1.6395,14.30,2.40
2007.05.17 09:02:27.877,1.6392,1.6397,18.30,2.40
2007.05.17 09:02:31.525,1.6392,1.6397,15.90,4.80
2007.05.17 09:02:33.779,1.6391,1.6396,18.30,2.40
2007.05.17 09:02:48.252,1.6392,1.6396,0.50,2.40
2007.05.17 09:02:49.581,1.6393,1.6396,0.90,2.40
2007.05.17 09:02:49.921,1.6393,1.6397,0.70,2.40
2007.05.17 09:02:52.770,1.6393,1.6397,0.70,0.70
2007.05.17 09:02:52.776,1.6392,1.6397,11.20,4.00
2007.05.17 09:02:53.695,1.6393,1.6397,0.50,0.80
2007.05.17 09:02:53.816,1.6392,1.6398,15.90,11.10
2007.05.17 09:02:54.525,1.6393,1.6396,0.60,0.60
2007.05.17 09:02:55.599,1.6392,1.6398,15.90,11.10
2007.05.17 09:02:57.843,1.6393,1.6397,2.40,6.40
2007.05.17 09:02:58.978,1.6393,1.6397,2.40,0.50
2007.05.17 09:03:00.432,1.6393,1.6397,2.40,0.80
2007.05.17 09:03:00.631,1.6392,1.6397,2.40,20.00
2007.05.17 09:03:04.387,1.6392,1.6397,2.40,20.00
2007.05.17 09:03:08.073,1.6391,1.6396,9.60,4.00
2007.05.17 09:03:10.599,1.6393,1.6396,2.40,4.00
2007.05.17 09:03:10.990,1.6393,1.6398,4.80,10.30
2007.05.17 09:03:23.482,1.6393,1.6397,2.40,2.40
2007.05.17 09:03:25.981,1.6392,1.6396,16.80,2.40
2007.05.17 09:03:26.915,1.6393,1.6396,2.40,2.40
2007.05.17 09:03:28.583,1.6393,1.6397,4.80,2.40
2007.05.17 09:03:29.071,1.6393,1.6397,2.40,4.00
2007.05.17 09:03:31.344,1.6392,1.6395,16.80,2.40
2007.05.17 09:03:34.056,1.6391,1.6395,4.80,2.40
2007.05.17 09:03:35.041,1.6392,1.6395,14.40,2.40
2007.05.17 09:03:36.691,1.6392,1.6396,16.80,2.40
2007.05.17 09:03:37.491,1.6392,1.6396,4.80,2.40
2007.05.17 09:03:37.598,1.6392,1.6396,2.40,4.80
2007.05.17 09:03:39.659,1.6391,1.6395,7.10,2.40
2007.05.17 09:03:44.780,1.6392,1.6396,2.40,4.80
2007.05.17 09:03:45.718,1.6392,1.6396,7.10,2.40
2007.05.17 09:03:49.086,1.6391,1.6396,11.20,2.40
2007.05.17 09:03:51.856,1.6391,1.6396,18.30,2.40
2007.05.17 09:03:52.715,1.6393,1.6397,0.80,4.80
2007.05.17 09:03:54.095,1.6392,1.6397,18.30,2.40
2007.05.17 09:03:54.617,1.6393,1.6397,0.70,4.80
2007.05.17 09:03:55.046,1.6392,1.6397,4.00,16.80
2007.05.17 09:03:55.380,1.6392,1.6396,4.00,2.40
2007.05.17 09:03:55.952,1.6392,1.6396,0.80,4.80
2007.05.17 09:03:59.395,1.6391,1.6396,18.30,2.40
2007.05.17 09:03:59.527,1.6392,1.6396,16.70,2.40
2007.05.17 09:03:59.599,1.6392,1.6397,18.30,2.40
2007.05.17 09:04:00.383,1.6393,1.6396,2.00,2.40
2007.05.17 09:04:00.668,1.6393,1.6396,0.60,2.40
2007.05.17 09:04:01.479,1.6393,1.6396,0.70,4.80
2007.05.17 09:04:01.688,1.6391,1.6396,8.70,4.80
2007.05.17 09:04:07.093,1.639,1.6395,18.30,2.40
2007.05.17 09:04:54.159,1.6391,1.6395,9.60,2.40
2007.05.17 09:04:54.661,1.6392,1.6395,4.70,2.40
2007.05.17 09:04:55.087,1.6392,1.6396,7.10,2.40
2007.05.17 09:05:04.648,1.6392,1.6396,11.20,2.40
2007.05.17 09:05:05.012,1.6392,1.6396,8.70,2.40
2007.05.17 09:05:05.875,1.6394,1.6396,4.70,2.40
2007.05.17 09:05:06.250,1.6392,1.6396,9.60,2.40
2007.05.17 09:05:06.322,1.6392,1.6396,7.10,2.40
2007.05.17 09:05:06.891,1.6392,1.6395,7.10,2.40
2007.05.17 09:05:19.512,1.6392,1.6396,7.10,2.40
2007.05.17 09:05:20.534,1.6392,1.6395,7.10,2.40
2007.05.17 09:05:20.868,1.6392,1.6395,2.40,2.40
2007.05.17 09:05:22.218,1.6391,1.6395,7.10,2.40
2007.05.17 09:05:23.918,1.6391,1.6394,7.10,2.40
2007.05.17 09:05:25.198,1.6391,1.6395,7.10,2.40
2007.05.17 09:05:41.850,1.6391,1.6395,9.60,2.40
2007.05.17 09:05:47.660,1.6391,1.6394,9.60,2.40
2007.05.17 09:05:50.295,1.6391,1.6394,7.20,2.40
2007.05.17 09:05:56.686,1.6391,1.6395,7.20,4.00
2007.05.17 09:06:00.410,1.639,1.6394,4.80,0.80
2007.05.17 09:06:03.214,1.639,1.6393,2.40,0.90
2007.05.17 09:06:04.378,1.639,1.6394,4.80,0.80
2007.05.17 09:06:07.403,1.6391,1.6394,4.70,0.60
2007.05.17 09:06:08.822,1.639,1.6395,6.40,4.00
2007.05.17 09:06:09.286,1.6391,1.6394,4.70,0.70
2007.05.17 09:06:09.537,1.6391,1.6396,7.10,6.40
2007.05.17 09:06:10.659,1.6392,1.6396,2.40,6.40
2007.05.17 09:06:11.693,1.6392,1.6396,2.40,0.90
2007.05.17 09:06:14.495,1.6392,1.6395,2.40,0.70
2007.05.17 09:06:14.823,1.6392,1.6395,7.10,0.90
2007.05.17 09:06:14.984,1.6392,1.6396,7.10,0.70
2007.05.17 09:06:18.164,1.6394,1.6396,4.70,4.00
2007.05.17 09:06:19.827,1.6394,1.6397,4.70,6.40
2007.05.17 09:06:19.870,1.6393,1.6397,2.40,6.40
2007.05.17 09:06:20.110,1.6393,1.6396,2.40,4.80
2007.05.17 09:06:21.224,1.6392,1.6396,4.70,6.40
2007.05.17 09:06:22.653,1.6392,1.6395,7.10,0.80
2007.05.17 09:06:23.322,1.6394,1.6397,4.70,6.40
2007.05.17 09:06:26.505,1.6394,1.6397,4.70,4.80
2007.05.17 09:06:29.810,1.6393,1.6397,2.40,4.80
2007.05.17 09:06:33.504,1.6394,1.6396,4.70,2.40
2007.05.17 09:06:33.747,1.6394,1.6397,4.70,4.80
2007.05.17 09:06:34.348,1.6393,1.6397,2.40,4.80
2007.05.17 09:06:34.751,1.6392,1.6396,7.10,2.40
2007.05.17 09:06:38.532,1.6392,1.6395,4.70,2.40
2007.05.17 09:06:38.612,1.6392,1.6396,7.10,2.40
2007.05.17 09:06:39.244,1.6392,1.6396,14.30,2.40
2007.05.17 09:06:40.055,1.6393,1.6397,2.40,2.40
2007.05.17 09:06:40.893,1.6393,1.6397,2.40,4.00
2007.05.17 09:06:41.064,1.6392,1.6395,4.70,4.80
2007.05.17 09:06:42.799,1.6391,1.6395,2.40,4.80
2007.05.17 09:06:42.881,1.6391,1.6395,1.50,4.80
2007.05.17 09:06:43.196,1.639,1.6394,7.10,2.40
2007.05.17 09:06:46.838,1.639,1.6394,2.40,14.30
2007.05.17 09:06:47.884,1.639,1.6393,2.40,2.40
2007.05.17 09:06:48.413,1.6389,1.6393,2.40,4.80
2007.05.17 09:06:48.791,1.6389,1.6393,2.40,2.40
2007.05.17 09:06:49.256,1.6389,1.6393,2.40,4.80
2007.05.17 09:06:49.770,1.6389,1.6393,2.40,2.40
2007.05.17 09:06:50.404,1.6389,1.6393,2.40,4.80
2007.05.17 09:06:57.007,1.6389,1.6393,2.40,2.40
2007.05.17 09:06:59.923,1.639,1.6393,4.70,2.40
2007.05.17 09:07:00.370,1.6389,1.6393,2.40,2.40
2007.05.17 09:07:01.503,1.6389,1.6393,2.40,4.80
2007.05.17 09:07:02.181,1.6389,1.6393,2.40,2.40
2007.05.17 09:07:02.836,1.6389,1.6393,2.40,4.80
2007.05.17 09:07:03.844,1.6389,1.6393,2.40,2.40
2007.05.17 09:07:05.785,1.6389,1.6393,2.40,4.80
2007.05.17 09:07:13.499,1.6388,1.6392,7.10,2.40
2007.05.17 09:07:18.383,1.6388,1.6392,7.10,0.70
2007.05.17 09:07:33.709,1.6389,1.6394,2.40,18.30
2007.05.17 09:08:48.216,1.6389,1.6393,2.40,2.40
2007.05.17 09:08:49.056,1.639,1.6393,4.70,2.40
2007.05.17 09:08:49.429,1.639,1.6394,7.10,2.40
2007.05.17 09:08:50.833,1.639,1.6394,2.40,14.30
2007.05.17 09:08:53.424,1.639,1.6394,7.10,2.40
2007.05.17 09:08:53.720,1.639,1.6394,2.40,14.30
2007.05.17 09:08:55.371,1.6389,1.6393,2.40,2.40
2007.05.17 09:08:55.478,1.639,1.6394,2.40,14.30
2007.05.17 09:08:56.726,1.6389,1.6393,2.40,2.40
2007.05.17 09:09:02.597,1.6389,1.6392,2.40,4.70
2007.05.17 09:09:02.680,1.6388,1.6392,2.40,7.10
2007.05.17 09:09:02.986,1.6387,1.6392,4.00,7.10
2007.05.17 09:09:29.831,1.6387,1.6392,19.90,2.40
2007.05.17 09:09:31.685,1.6389,1.6393,2.40,2.40
2007.05.17 09:09:33.817,1.6388,1.6392,2.40,7.10
2007.05.17 09:09:52.265,1.6388,1.6391,2.40,2.40
2007.05.17 09:09:52.653,1.6387,1.6391,2.40,4.80
2007.05.17 09:09:56.271,1.6387,1.6391,2.40,2.40
2007.05.17 09:10:15.302,1.6387,1.6391,2.20,2.40
2007.05.17 09:10:15.785,1.6388,1.6392,1.50,2.40
2007.05.17 09:10:22.651,1.6386,1.6391,18.30,2.40
2007.05.17 09:10:29.500,1.6387,1.6391,9.60,0.50
2007.05.17 09:10:42.768,1.6387,1.6391,4.80,2.40
2007.05.17 09:10:43.827,1.6387,1.639,4.80,4.70
2007.05.17 09:10:44.040,1.6387,1.639,2.40,4.70
2007.05.17 09:11:05.505,1.6386,1.639,2.40,7.10
2007.05.17 09:11:18.667,1.6386,1.6389,2.40,2.40
2007.05.17 09:11:19.785,1.6386,1.639,2.40,2.40
2007.05.17 09:11:20.838,1.6387,1.6391,2.40,14.30
2007.05.17 09:11:22.193,1.6386,1.639,2.40,2.40
2007.05.17 09:11:22.486,1.6386,1.6389,2.40,11.90
2007.05.17 09:11:24.385,1.6385,1.6389,2.40,14.30
2007.05.17 09:11:28.064,1.6385,1.6389,2.40,7.10
2007.05.17 09:11:29.511,1.6385,1.6388,2.40,2.40
2007.05.17 09:11:32.023,1.6385,1.6388,4.80,2.40
2007.05.17 09:11:32.400,1.6385,1.6389,4.80,2.40
2007.05.17 09:11:34.060,1.6386,1.6389,2.40,2.40
2007.05.17 09:11:35.883,1.6386,1.639,2.40,7.10
2007.05.17 09:11:47.009,1.6386,1.639,2.40,2.40
2007.05.17 09:11:53.388,1.6385,1.639,11.20,2.40
2007.05.17 09:11:54.751,1.6385,1.6389,6.40,11.90
2007.05.17 09:11:55.613,1.6386,1.639,0.60,2.40
2007.05.17 09:11:56.433,1.6385,1.6389,4.00,11.90
2007.05.17 09:11:57.958,1.6386,1.639,0.80,2.40
2007.05.17 09:11:58.718,1.6385,1.6389,4.00,11.90
2007.05.17 09:12:02.809,1.6384,1.6389,6.40,14.30
2007.05.17 09:12:05.727,1.6386,1.6388,1.40,2.40
2007.05.17 09:12:07.181,1.6386,1.6389,0.70,2.40
2007.05.17 09:12:09.049,1.6385,1.639,6.40,7.10
2007.05.17 09:12:13.087,1.6386,1.639,8.20,2.40
2007.05.17 09:12:13.603,1.6385,1.639,6.40,7.10
2007.05.17 09:12:13.842,1.6385,1.639,18.40,2.40
2007.05.17 09:12:14.364,1.6386,1.6391,18.40,2.40
2007.05.17 09:12:16.961,1.6386,1.639,6.40,4.70
2007.05.17 09:12:17.083,1.6386,1.639,1.20,7.10
2007.05.17 09:12:29.348,1.6387,1.639,2.40,2.40
2007.05.17 09:12:33.588,1.6386,1.639,2.40,9.60
2007.05.17 09:12:33.932,1.6386,1.6389,2.40,11.90
2007.05.17 09:12:34.026,1.6385,1.6389,2.40,14.30
2007.05.17 09:12:42.487,1.6385,1.6388,2.40,2.40
2007.05.17 09:12:50.056,1.6385,1.6388,1.20,2.40
2007.05.17 09:12:55.531,1.6384,1.6388,2.50,2.40
2007.05.17 09:13:04.068,1.6384,1.6388,3.20,2.40
2007.05.17 09:13:04.244,1.6386,1.6389,0.80,2.40
2007.05.17 09:13:15.543,1.6386,1.6389,7.60,2.40
2007.05.17 09:13:15.648,1.6387,1.6391,4.80,2.40
2007.05.17 09:15:27.846,1.6388,1.6391,11.90,2.40
2007.05.17 09:15:27.915,1.639,1.6393,2.40,2.40
2007.05.17 09:15:38.418,1.639,1.6394,4.80,8.70
2007.05.17 09:15:41.557,1.6389,1.6394,6.40,8.70
2007.05.17 09:16:08.278,1.6389,1.6393,4.80,2.40
2007.05.17 09:16:10.892,1.639,1.6393,11.90,2.40
2007.05.17 09:16:11.049,1.6392,1.6395,2.40,2.40
2007.05.17 09:16:17.282,1.6391,1.6395,4.80,2.40
2007.05.17 09:16:18.176,1.6392,1.6395,2.40,2.40
2007.05.17 09:16:21.238,1.6391,1.6395,4.80,2.40
2007.05.17 09:16:25.988,1.6391,1.6395,2.40,4.80
2007.05.17 09:16:26.932,1.6391,1.6395,2.40,16.80
2007.05.17 09:16:26.984,1.639,1.6394,2.40,2.40
2007.05.17 09:16:28.191,1.6391,1.6394,2.40,2.40
2007.05.17 09:16:31.659,1.6391,1.6395,2.40,10.30
2007.05.17 09:16:52.427,1.6391,1.6396,4.80,8.70
2007.05.17 09:16:52.858,1.6391,1.6395,4.80,0.60
2007.05.17 09:16:53.876,1.6392,1.6395,2.40,0.90
2007.05.17 09:16:55.461,1.6391,1.6396,4.80,8.70
2007.05.17 09:16:55.578,1.6391,1.6396,4.80,15.80
2007.05.17 09:16:58.122,1.6392,1.6395,2.40,0.70
2007.05.17 09:16:59.702,1.6391,1.6396,4.80,15.80
2007.05.17 09:17:00.788,1.6391,1.6394,4.80,4.70
2007.05.17 09:17:01.803,1.6391,1.6394,2.40,7.10
2007.05.17 09:17:07.105,1.6389,1.6393,4.80,2.40
2007.05.17 09:17:32.989,1.639,1.6393,2.40,2.40
2007.05.17 09:17:33.975,1.6389,1.6393,4.80,2.40
2007.05.17 09:17:34.207,1.6389,1.6393,9.60,2.40
2007.05.17 09:17:38.353,1.6389,1.6393,4.80,2.40
2007.05.17 09:18:17.161,1.6391,1.6392,2.40,4.70
2007.05.17 09:18:17.246,1.639,1.6392,2.40,4.70
2007.05.17 09:18:17.880,1.6389,1.6392,2.40,7.10
2007.05.17 09:18:18.666,1.6388,1.6392,2.40,7.10
2007.05.17 09:18:19.150,1.6387,1.6391,4.80,2.40
2007.05.17 09:18:21.525,1.6387,1.6391,16.80,2.40
2007.05.17 09:18:22.036,1.6388,1.6392,2.40,2.40
2007.05.17 09:18:27.142,1.6388,1.6392,2.40,7.10
2007.05.17 09:18:27.333,1.6387,1.6391,4.80,2.40
2007.05.17 09:18:36.137,1.6388,1.6391,1.60,2.40
2007.05.17 09:18:36.256,1.6389,1.6391,2.40,2.40
2007.05.17 09:18:37.909,1.6389,1.6392,2.40,7.10
2007.05.17 09:18:40.634,1.6389,1.6393,2.40,15.80
2007.05.17 09:18:55.301,1.6389,1.6394,2.40,8.70
2007.05.17 09:18:55.428,1.6391,1.6394,2.40,0.90
2007.05.17 09:19:04.037,1.6389,1.6392,2.40,0.90
2007.05.17 09:19:04.794,1.6388,1.6392,15.90,0.70
2007.05.17 09:19:04.889,1.6391,1.6395,2.40,17.40
2007.05.17 09:19:06.715,1.639,1.6395,2.40,18.30
2007.05.17 09:19:06.816,1.6389,1.6394,4.80,8.70
2007.05.17 09:19:12.048,1.6389,1.6393,9.60,2.40
2007.05.17 09:19:12.279,1.639,1.6393,2.40,2.40
2007.05.17 09:19:12.829,1.6389,1.6393,4.80,2.40
2007.05.17 09:19:13.562,1.6389,1.6393,16.80,2.40
2007.05.17 09:19:14.017,1.6389,1.6393,9.60,2.40
2007.05.17 09:19:16.786,1.639,1.6393,2.40,2.40
2007.05.17 09:19:17.534,1.6389,1.6393,4.80,2.40
2007.05.17 09:19:19.729,1.6389,1.6393,9.60,2.40
2007.05.17 09:19:23.374,1.639,1.6393,2.40,2.40
2007.05.17 09:19:24.049,1.639,1.6394,2.40,2.40
2007.05.17 09:19:25.960,1.6389,1.6393,9.60,2.40
2007.05.17 09:19:28.773,1.639,1.6393,2.40,2.40
2007.05.17 09:19:28.987,1.639,1.6394,4.80,2.40
2007.05.17 09:19:30.784,1.639,1.6394,4.80,0.50
2007.05.17 09:19:36.395,1.639,1.6395,2.40,18.40
2007.05.17 09:19:37.407,1.6389,1.6393,9.60,0.70
2007.05.17 09:19:38.353,1.6389,1.6394,4.80,8.70
2007.05.17 09:19:39.774,1.6389,1.6394,9.60,4.00
2007.05.17 09:19:40.968,1.639,1.6394,2.40,4.00
2007.05.17 09:19:42.777,1.639,1.6395,4.80,8.70
2007.05.17 09:19:57.360,1.639,1.6395,2.40,15.90
2007.05.17 09:20:00.369,1.639,1.6393,2.40,4.70
2007.05.17 09:20:00.689,1.6389,1.6393,2.40,7.10
2007.05.17 09:20:02.405,1.6388,1.6392,4.80,2.40
2007.05.17 09:20:09.869,1.6388,1.6391,4.80,4.70
2007.05.17 09:20:09.939,1.6388,1.6391,2.40,7.10
2007.05.17 09:20:13.320,1.6388,1.6389,2.40,4.70
2007.05.17 09:20:13.397,1.6387,1.6389,2.40,4.70
2007.05.17 09:20:15.417,1.6386,1.6389,2.40,4.70
2007.05.17 09:20:15.526,1.6385,1.6389,2.40,7.10
2007.05.17 09:20:16.924,1.6384,1.6388,4.80,2.40
2007.05.17 09:20:20.797,1.6384,1.6388,2.40,2.40
2007.05.17 09:20:22.766,1.6384,1.6387,2.40,4.70
2007.05.17 09:20:23.578,1.6383,1.6387,4.80,7.10
2007.05.17 09:20:29.116,1.6382,1.6387,8.00,7.10
2007.05.17 09:20:36.091,1.6382,1.6386,6.40,2.40
2007.05.17 09:20:41.636,1.6383,1.6387,1.70,7.10
2007.05.17 09:20:44.851,1.6383,1.6386,0.70,2.40
2007.05.17 09:21:01.684,1.6382,1.6387,6.40,7.10
2007.05.17 09:21:03.983,1.6382,1.6386,4.80,2.40
2007.05.17 09:21:25.081,1.6383,1.6387,4.80,7.10
2007.05.17 09:21:33.649,1.6384,1.6388,2.40,2.40
2007.05.17 09:21:34.368,1.6385,1.6388,2.40,2.40
2007.05.17 09:21:34.776,1.6385,1.6389,2.40,2.40
2007.05.17 09:21:35.897,1.6385,1.6389,14.30,2.40
2007.05.17 09:21:36.048,1.6385,1.6389,16.80,2.40
2007.05.17 09:21:36.108,1.6386,1.639,2.40,2.40
2007.05.17 09:21:36.852,1.6387,1.639,2.40,2.40
2007.05.17 09:21:39.492,1.6386,1.6389,2.40,2.40
2007.05.17 09:21:40.051,1.6385,1.6389,9.60,2.40
2007.05.17 09:21:41.586,1.6386,1.6389,2.40,2.40
2007.05.17 09:21:45.191,1.6385,1.6389,9.60,2.40
2007.05.17 09:21:47.472,1.6385,1.6389,16.80,2.40
2007.05.17 09:21:47.675,1.6386,1.639,2.40,2.40
2007.05.17 09:21:53.963,1.6385,1.639,18.40,2.40
2007.05.17 09:22:00.341,1.6387,1.6391,2.40,11.20
2007.05.17 09:22:09.627,1.6387,1.6389,2.40,4.70
2007.05.17 09:22:10.073,1.6387,1.6391,2.40,16.80
2007.05.17 09:22:10.981,1.6385,1.6389,9.60,2.40
2007.05.17 09:22:11.521,1.6385,1.6389,14.30,2.40
2007.05.17 09:22:11.896,1.6387,1.639,2.40,2.40
2007.05.17 09:22:16.178,1.6387,1.6391,4.80,8.70
2007.05.17 09:22:39.579,1.6387,1.6391,9.60,2.40
2007.05.17 09:22:41.405,1.6388,1.6392,2.40,2.40
2007.05.17 09:22:43.578,1.6387,1.6392,11.20,2.40
2007.05.17 09:22:48.661,1.6389,1.6392,1.00,2.40
2007.05.17 09:23:23.046,1.6389,1.6393,4.80,8.70
2007.05.17 09:23:24.482,1.6389,1.6392,2.40,2.40
2007.05.17 09:23:43.498,1.6388,1.6392,2.40,2.40
2007.05.17 09:23:43.571,1.639,1.6393,2.40,7.10
2007.05.17 09:23:43.818,1.639,1.6393,2.40,2.40
2007.05.17 09:23:46.678,1.639,1.6394,4.80,8.70
2007.05.17 09:24:24.949,1.639,1.6393,4.80,2.40
2007.05.17 09:24:32.425,1.639,1.6394,4.80,2.40
2007.05.17 09:25:14.360,1.639,1.6394,2.40,9.60
2007.05.17 09:25:14.441,1.6389,1.6393,2.40,2.40
2007.05.17 09:25:18.244,1.6389,1.6393,2.40,0.90
2007.05.17 09:25:19.447,1.6389,1.6394,2.40,18.30
2007.05.17 09:25:20.290,1.6388,1.6392,2.40,0.80
2007.05.17 09:25:23.604,1.6389,1.6392,2.40,0.70
2007.05.17 09:25:25.372,1.6389,1.6393,7.10,6.40
2007.05.17 09:25:25.441,1.6389,1.6393,9.60,0.80
2007.05.17 09:26:13.774,1.639,1.6394,2.40,2.40
2007.05.17 09:26:18.664,1.6389,1.6393,9.60,2.40
2007.05.17 09:26:19.468,1.6389,1.6393,9.60,0.80
2007.05.17 09:26:23.424,1.6389,1.6392,9.60,0.60
2007.05.17 09:26:23.945,1.6389,1.6393,7.20,4.00
2007.05.17 09:26:24.281,1.6388,1.6392,7.10,0.80
2007.05.17 09:26:25.812,1.6389,1.6392,7.20,0.80
2007.05.17 09:26:27.140,1.6389,1.6393,9.60,4.00
2007.05.17 09:26:33.240,1.6389,1.6392,7.10,0.90
2007.05.17 09:26:34.612,1.6389,1.6393,2.40,4.00
2007.05.17 09:26:35.144,1.6388,1.6392,7.10,0.70
2007.05.17 09:26:37.000,1.6388,1.6392,14.30,0.60
2007.05.17 09:26:38.416,1.6389,1.6394,2.40,12.80
2007.05.17 09:26:43.579,1.6389,1.6392,2.40,0.60
2007.05.17 09:26:46.184,1.6389,1.6394,2.40,12.80
2007.05.17 09:26:46.960,1.6389,1.6394,2.40,12.80
2007.05.17 09:26:47.527,1.6388,1.6393,14.30,5.60
2007.05.17 09:26:52.263,1.6388,1.6392,14.30,4.80
2007.05.17 09:26:53.491,1.6388,1.6392,2.40,9.60
2007.05.17 09:26:54.959,1.6388,1.6392,14.30,2.40
2007.05.17 09:26:55.310,1.6388,1.6392,14.30,4.80
2007.05.17 09:26:56.230,1.6388,1.6392,2.40,11.20
2007.05.17 09:26:56.332,1.6388,1.6392,2.40,9.60
2007.05.17 09:26:56.953,1.6387,1.6392,4.00,9.60
2007.05.17 09:26:57.256,1.6388,1.6392,3.40,2.40
2007.05.17 09:26:59.679,1.6388,1.6392,3.10,2.40
2007.05.17 09:27:15.741,1.6387,1.6392,6.40,14.30
2007.05.17 09:27:16.241,1.6387,1.6392,4.00,16.80
2007.05.17 09:27:16.930,1.6386,1.6391,11.20,2.40
2007.05.17 09:27:26.097,1.6387,1.639,2.40,2.40
2007.05.17 09:27:26.228,1.6386,1.639,2.40,4.80
2007.05.17 09:27:29.946,1.6385,1.6389,7.10,2.40
2007.05.17 09:27:31.150,1.6385,1.6389,2.40,16.80
2007.05.17 09:27:37.013,1.6386,1.639,2.40,0.80
2007.05.17 09:28:10.216,1.6386,1.639,7.10,4.80
2007.05.17 09:28:10.633,1.6386,1.639,9.60,2.40
2007.05.17 09:28:11.558,1.6387,1.6391,2.40,2.40
2007.05.17 09:28:13.367,1.6386,1.6391,11.20,2.40
2007.05.17 09:28:28.407,1.6388,1.6391,4.70,2.40
2007.05.17 09:28:28.938,1.6388,1.6392,7.10,2.40
2007.05.17 09:28:51.962,1.6388,1.6391,2.40,2.40
2007.05.17 09:28:52.614,1.6388,1.6391,2.40,0.60
2007.05.17 09:28:54.782,1.6387,1.6392,2.40,18.30
2007.05.17 09:30:45.657,1.6388,1.6391,2.40,2.40
2007.05.17 09:31:19.004,1.6388,1.6392,2.40,9.60
2007.05.17 09:31:19.298,1.6388,1.6392,14.30,4.80
2007.05.17 09:31:21.301,1.6389,1.6392,2.40,2.40
2007.05.17 09:31:23.142,1.6388,1.6392,15.90,2.40
2007.05.17 09:31:26.967,1.6389,1.6392,1.60,4.80
2007.05.17 09:31:27.380,1.6389,1.6391,0.50,2.40
2007.05.17 09:31:28.608,1.6387,1.6391,4.00,2.40
2007.05.17 09:32:17.284,1.6388,1.6392,2.40,9.60
2007.05.17 09:32:18.532,1.6388,1.6392,14.30,4.80
2007.05.17 09:32:19.252,1.6388,1.6392,2.40,9.60
2007.05.17 09:32:19.270,1.6388,1.6391,2.40,2.40
2007.05.17 09:32:21.341,1.6387,1.6391,5.60,2.40
2007.05.17 09:32:25.369,1.6387,1.6392,4.00,9.60
2007.05.17 09:32:26.393,1.6387,1.6392,17.50,4.80
2007.05.17 09:32:26.705,1.6388,1.6392,15.90,2.40
2007.05.17 09:32:31.639,1.6388,1.6392,15.80,2.40
2007.05.17 09:32:31.745,1.6389,1.6393,1.00,2.40
2007.05.17 09:32:31.839,1.6389,1.6394,8.70,4.80
2007.05.17 09:32:46.779,1.639,1.6394,1.30,9.60
2007.05.17 09:32:47.950,1.6389,1.6393,4.00,2.40
2007.05.17 09:32:48.640,1.6388,1.6393,15.90,4.80
2007.05.17 09:32:54.809,1.639,1.6393,2.40,2.40
2007.05.17 09:32:55.497,1.6389,1.6393,2.40,4.80
2007.05.17 09:34:30.997,1.6389,1.6392,2.40,2.40
2007.05.17 09:34:31.284,1.6389,1.6393,2.40,4.80
2007.05.17 09:34:32.851,1.6388,1.6392,14.30,2.40
2007.05.17 09:34:33.481,1.6388,1.6392,14.30,4.80
2007.05.17 09:34:45.283,1.6388,1.6392,14.30,2.40
2007.05.17 09:34:45.402,1.6389,1.6392,2.40,2.40
2007.05.17 09:34:49.103,1.6388,1.6392,14.30,4.80
2007.05.17 09:34:57.495,1.6387,1.6392,15.90,4.80
2007.05.17 09:35:02.014,1.6387,1.6392,4.00,11.20
2007.05.17 09:35:02.348,1.6388,1.6392,2.30,4.80
2007.05.17 09:35:02.941,1.6387,1.6391,14.30,2.40
2007.05.17 09:35:05.222,1.6387,1.6392,15.90,4.80
2007.05.17 09:35:09.782,1.6387,1.6392,4.00,9.60
2007.05.17 09:35:10.885,1.6388,1.6392,2.20,4.80
2007.05.17 09:35:24.081,1.6387,1.6392,8.00,2.40
2007.05.17 09:35:24.500,1.6391,1.6394,0.50,2.40
2007.05.17 09:35:25.090,1.639,1.6394,0.50,4.80
2007.05.17 09:35:46.808,1.639,1.6394,7.10,2.40
2007.05.17 09:35:48.361,1.6391,1.6394,2.40,2.40
2007.05.17 09:35:50.707,1.639,1.6394,2.40,2.40
2007.05.17 09:35:51.366,1.639,1.6394,7.10,2.40
2007.05.17 09:35:51.775,1.639,1.6394,2.40,2.40
2007.05.17 09:35:56.506,1.6391,1.6395,2.40,16.80
2007.05.17 09:35:56.714,1.6391,1.6394,2.40,2.40
2007.05.17 09:35:56.912,1.639,1.6394,2.40,4.80
2007.05.17 09:35:59.439,1.6391,1.6394,2.40,2.40
2007.05.17 09:35:59.553,1.6391,1.6395,2.40,4.80
2007.05.17 09:35:59.829,1.6391,1.6395,2.40,16.80
2007.05.17 09:36:00.931,1.6391,1.6395,2.40,4.80
2007.05.17 09:36:01.012,1.639,1.6394,7.10,2.40
2007.05.17 09:36:01.872,1.639,1.6394,2.40,2.40
2007.05.17 09:36:02.847,1.6391,1.6395,2.40,16.80
2007.05.17 09:36:04.611,1.639,1.6394,2.40,2.40
2007.05.17 09:36:07.349,1.639,1.6394,2.40,4.80
2007.05.17 09:36:15.088,1.639,1.6394,2.40,9.60
2007.05.17 09:36:15.192,1.639,1.6394,2.40,8.70
2007.05.17 09:36:15.790,1.6389,1.6392,2.40,2.40
2007.05.17 09:36:17.911,1.6389,1.6393,2.40,2.40
2007.05.17 09:36:18.015,1.6389,1.6393,14.30,2.40
2007.05.17 09:36:18.223,1.6389,1.6393,15.90,2.40
2007.05.17 09:36:19.132,1.6391,1.6394,2.40,2.40
2007.05.17 09:36:23.676,1.6391,1.6395,2.40,7.10
2007.05.17 09:36:23.965,1.639,1.6393,2.40,2.40
2007.05.17 09:36:24.939,1.639,1.6394,2.40,9.60
2007.05.17 09:36:25.600,1.639,1.6393,2.40,2.40
2007.05.17 09:36:30.469,1.639,1.6393,14.30,2.40
2007.05.17 09:36:30.650,1.639,1.6394,14.30,2.40
2007.05.17 09:36:31.562,1.6392,1.6395,2.40,4.80
2007.05.17 09:36:33.640,1.6392,1.6395,2.40,2.40
2007.05.17 09:36:34.777,1.6392,1.6393,2.40,2.40
2007.05.17 09:36:35.600,1.6392,1.6395,2.40,4.70
2007.05.17 09:36:35.706,1.639,1.6394,2.40,2.40
2007.05.17 09:36:35.822,1.639,1.6394,2.40,9.60
2007.05.17 09:36:36.699,1.639,1.6394,9.60,2.40
2007.05.17 09:36:36.882,1.6391,1.6394,2.40,2.40
2007.05.17 09:36:37.817,1.6391,1.6394,7.10,2.40
2007.05.17 09:36:37.893,1.6391,1.6394,9.60,2.40
2007.05.17 09:36:38.554,1.6392,1.6395,2.40,2.40
2007.05.17 09:36:39.587,1.6392,1.6396,2.40,2.40
2007.05.17 09:36:39.891,1.6391,1.6396,11.20,2.40
2007.05.17 09:36:40.292,1.6392,1.6396,2.40,4.80
2007.05.17 09:36:44.406,1.6392,1.6396,2.40,2.40
2007.05.17 09:36:46.937,1.6393,1.6397,2.40,2.40
2007.05.17 09:36:49.653,1.6393,1.6397,2.40,14.30
2007.05.17 09:36:49.753,1.6392,1.6396,2.40,2.40
2007.05.17 09:36:53.179,1.6392,1.6396,2.40,4.80
2007.05.17 09:37:12.865,1.6391,1.6395,2.40,2.40
2007.05.17 09:37:21.162,1.6391,1.6396,2.40,18.40
2007.05.17 09:37:26.693,1.6391,1.6395,2.40,0.50
2007.05.17 09:37:26.929,1.6391,1.6395,2.40,18.30
2007.05.17 09:37:27.507,1.639,1.6395,2.40,12.80
2007.05.17 09:37:43.402,1.639,1.6395,14.30,6.40
2007.05.17 09:37:43.465,1.639,1.6395,16.80,4.00
2007.05.17 09:37:44.941,1.6392,1.6397,2.40,12.80
2007.05.17 09:37:45.517,1.6392,1.6395,2.40,0.60
2007.05.17 09:37:48.368,1.6392,1.6397,2.40,12.80
2007.05.17 09:37:55.175,1.6392,1.6395,2.40,2.40
2007.05.17 09:38:01.277,1.6391,1.6395,2.40,2.40
2007.05.17 09:38:02.723,1.6392,1.6395,2.40,2.40
2007.05.17 09:38:03.740,1.6392,1.6395,2.40,4.80
2007.05.17 09:38:04.476,1.6391,1.6395,2.40,4.80
2007.05.17 09:38:09.722,1.639,1.6394,14.30,2.40
2007.05.17 09:38:09.809,1.639,1.6394,2.40,2.40
2007.05.17 09:38:10.841,1.639,1.6393,2.40,2.40
2007.05.17 09:38:11.826,1.6389,1.6393,2.40,4.80
2007.05.17 09:38:19.613,1.6389,1.6393,1.00,4.80
2007.05.17 09:38:59.834,1.639,1.6393,2.40,2.40
2007.05.17 09:39:01.345,1.639,1.6394,2.40,9.60
2007.05.17 09:39:10.391,1.6389,1.6393,2.40,4.80
2007.05.17 09:39:17.509,1.639,1.6394,2.40,2.40
2007.05.17 09:39:23.958,1.639,1.6394,2.40,2.40
2007.05.17 09:39:26.998,1.6389,1.6393,9.60,2.40
2007.05.17 09:39:28.529,1.6389,1.6393,2.40,14.30
2007.05.17 09:39:29.249,1.6388,1.6392,4.80,2.40
2007.05.17 09:39:32.073,1.6389,1.6392,4.70,2.40
2007.05.17 09:39:32.864,1.6388,1.6392,4.80,2.40
2007.05.17 09:39:33.624,1.6388,1.6392,2.40,2.40
2007.05.17 09:39:34.518,1.6387,1.6391,7.10,2.40
2007.05.17 09:39:42.458,1.6389,1.6393,2.40,14.30
2007.05.17 09:39:47.201,1.6389,1.6394,2.40,18.30
2007.05.17 09:39:51.320,1.6389,1.6394,2.40,19.10
2007.05.17 09:39:54.354,1.6389,1.6392,2.40,0.80
2007.05.17 09:39:54.494,1.6388,1.6393,2.40,19.20
2007.05.17 09:39:54.841,1.6388,1.6393,3.20,19.20
2007.05.17 09:39:55.992,1.6388,1.6393,2.40,19.10
2007.05.17 09:39:57.225,1.6388,1.6392,2.40,7.20
2007.05.17 09:39:58.981,1.6388,1.6393,2.40,19.10
2007.05.17 09:40:06.346,1.6388,1.6393,2.40,19.90
2007.05.17 09:40:06.452,1.6388,1.6392,3.20,0.70
2007.05.17 09:40:07.958,1.6389,1.6393,2.40,0.70
2007.05.17 09:40:11.375,1.6388,1.6394,4.80,19.20
2007.05.17 09:40:23.679,1.6387,1.6392,12.70,2.40
2007.05.17 09:40:27.563,1.6387,1.6392,19.90,2.40
2007.05.17 09:40:27.784,1.6389,1.6393,0.70,4.80
2007.05.17 09:40:39.553,1.6389,1.6393,2.40,17.60
2007.05.17 09:40:39.745,1.6388,1.6392,3.20,2.40
2007.05.17 09:40:47.449,1.6387,1.6392,12.70,2.40
2007.05.17 09:41:21.090,1.6389,1.6393,3.20,16.80
2007.05.17 09:41:21.184,1.6389,1.6393,2.40,17.60
2007.05.17 09:41:21.409,1.6388,1.6392,3.20,2.40
2007.05.17 09:41:22.624,1.6388,1.6392,2.40,7.90
2007.05.17 09:41:23.019,1.6389,1.6391,2.40,2.40
2007.05.17 09:41:23.046,1.6388,1.6391,2.40,4.80
2007.05.17 09:41:24.906,1.6388,1.6391,2.40,2.40
2007.05.17 09:41:30.629,1.6388,1.6391,0.90,2.40
2007.05.17 09:41:32.730,1.6388,1.6391,0.70,4.80
2007.05.17 09:41:35.015,1.6387,1.6391,4.80,2.40
2007.05.17 09:41:35.866,1.6387,1.6392,9.50,3.20
2007.05.17 09:41:39.490,1.6388,1.6392,4.80,2.40
2007.05.17 09:41:41.673,1.6389,1.6392,1.00,7.10
2007.05.17 09:41:41.870,1.6387,1.6391,4.80,2.40
2007.05.17 09:41:42.486,1.6388,1.6392,2.00,2.40
2007.05.17 09:41:43.334,1.6389,1.6392,1.20,2.40
2007.05.17 09:41:45.250,1.6389,1.6393,1.00,17.60
2007.05.17 09:41:45.582,1.6389,1.6393,1.00,5.60
2007.05.17 09:41:45.796,1.6389,1.6393,2.00,4.80
2007.05.17 09:42:20.800,1.6389,1.6393,3.20,16.80
2007.05.17 09:42:20.868,1.6388,1.6392,3.20,2.40
2007.05.17 09:42:28.703,1.6388,1.6392,15.10,2.40
2007.05.17 09:42:28.939,1.6389,1.6393,3.20,4.80
2007.05.17 09:42:45.794,1.6389,1.6393,3.20,16.80
2007.05.17 09:42:45.998,1.6389,1.6393,2.40,17.60
2007.05.17 09:42:47.311,1.6388,1.6392,3.20,2.40
2007.05.17 09:42:53.288,1.6388,1.6392,15.10,2.40
2007.05.17 09:42:53.428,1.6389,1.6392,0.80,2.40
2007.05.17 09:42:53.868,1.6389,1.6393,3.20,4.80
2007.05.17 09:43:04.788,1.6389,1.6393,3.20,9.60
2007.05.17 09:43:04.876,1.6389,1.6392,2.40,1.60
2007.05.17 09:43:05.365,1.6389,1.6392,2.40,4.00
2007.05.17 09:43:05.634,1.6388,1.6392,2.40,6.40
2007.05.17 09:43:09.286,1.6388,1.6392,2.40,4.00
2007.05.17 09:43:09.358,1.6388,1.6392,14.30,4.00
2007.05.17 09:43:09.492,1.6389,1.6392,0.80,2.40
2007.05.17 09:43:09.869,1.6389,1.6392,3.20,2.40
2007.05.17 09:43:11.304,1.6389,1.6393,3.20,4.80
2007.05.17 09:43:14.545,1.6388,1.6392,3.20,2.40
2007.05.17 09:43:15.228,1.6388,1.6392,15.10,2.40
2007.05.17 09:43:15.454,1.6389,1.6392,0.80,2.40
2007.05.17 09:43:16.677,1.6389,1.6393,3.20,4.80
2007.05.17 09:43:18.871,1.6389,1.6393,3.20,16.80
2007.05.17 09:43:19.067,1.6388,1.6392,3.20,2.40
2007.05.17 09:43:19.501,1.6388,1.6391,2.40,2.40
2007.05.17 09:43:19.584,1.6387,1.6391,4.80,4.80
2007.05.17 09:43:24.021,1.6388,1.6391,0.80,2.40
2007.05.17 09:43:24.103,1.6388,1.6392,3.20,2.40
2007.05.17 09:43:24.966,1.6388,1.6392,2.40,7.90
2007.05.17 09:43:25.061,1.6387,1.6391,3.20,2.40
2007.05.17 09:43:25.378,1.6387,1.6391,3.20,4.80
2007.05.17 09:44:11.569,1.6388,1.6391,2.40,4.80
2007.05.17 09:44:13.950,1.6388,1.6392,2.40,11.90
2007.05.17 09:44:16.548,1.6388,1.6391,3.20,0.80
2007.05.17 09:44:16.641,1.6388,1.6393,3.20,19.20
2007.05.17 09:44:34.043,1.6389,1.6393,2.40,16.70
2007.05.17 09:44:34.094,1.6389,1.6393,4.80,0.60
2007.05.17 09:44:34.563,1.6389,1.6394,10.40,4.80
2007.05.17 09:44:34.654,1.6389,1.6391,4.80,15.90
2007.05.17 09:44:34.783,1.6389,1.639,2.40,0.80
2007.05.17 09:44:36.826,1.6384,1.6389,14.30,4.00
2007.05.17 09:44:43.175,1.6383,1.6388,19.10,2.40
2007.05.17 09:44:43.444,1.6384,1.6388,1.00,2.40
2007.05.17 09:44:43.539,1.6383,1.6388,12.00,3.20
2007.05.17 09:44:44.465,1.6382,1.6387,12.00,2.40
2007.05.17 09:44:56.821,1.6381,1.6386,8.80,2.40
2007.05.17 09:44:57.622,1.6383,1.6386,2.30,2.40
2007.05.17 09:44:57.849,1.6383,1.6386,3.00,2.40
2007.05.17 09:44:57.944,1.6383,1.6386,3.90,2.40
2007.05.17 09:44:58.049,1.6381,1.6386,11.90,2.40
2007.05.17 09:45:01.324,1.6381,1.6387,17.50,15.90
2007.05.17 09:45:02.389,1.6382,1.6388,7.20,19.10
2007.05.17 09:45:09.710,1.6382,1.6387,7.20,15.00
2007.05.17 09:45:09.879,1.6382,1.6387,4.00,17.50
2007.05.17 09:45:09.995,1.6382,1.6386,0.80,0.90
2007.05.17 09:45:19.649,1.6382,1.6387,14.30,10.40
2007.05.17 09:45:19.759,1.6383,1.6388,2.40,4.00
2007.05.17 09:45:19.945,1.6384,1.6389,2.40,18.30
2007.05.17 09:45:20.251,1.6383,1.6387,2.40,0.70
2007.05.17 09:45:26.625,1.6383,1.6386,2.40,0.90
2007.05.17 09:45:26.745,1.6383,1.6386,2.40,0.90
2007.05.17 09:45:26.837,1.6381,1.6385,4.80,0.80
2007.05.17 09:45:27.851,1.6381,1.6385,2.40,0.90
2007.05.17 09:45:29.572,1.638,1.6384,4.00,0.90
2007.05.17 09:45:44.783,1.638,1.6383,4.00,4.70
2007.05.17 09:45:44.891,1.638,1.6383,2.40,4.70
2007.05.17 09:45:45.072,1.638,1.6383,2.40,7.10
2007.05.17 09:45:46.319,1.638,1.6383,4.00,2.40
2007.05.17 09:45:46.675,1.638,1.6384,4.00,4.80
2007.05.17 09:45:47.800,1.638,1.6382,2.40,2.40
2007.05.17 09:45:48.697,1.6379,1.6382,2.40,2.40
2007.05.17 09:45:49.812,1.6379,1.6382,3.20,2.40
2007.05.17 09:45:50.273,1.6379,1.6383,3.20,7.10
2007.05.17 09:45:50.431,1.638,1.6383,2.40,7.10
2007.05.17 09:45:51.394,1.638,1.6382,2.40,2.40
2007.05.17 09:45:52.294,1.6379,1.6382,2.40,2.40
2007.05.17 09:46:00.681,1.638,1.6382,2.40,2.40
2007.05.17 09:46:01.337,1.638,1.6383,2.40,4.70
2007.05.17 09:46:02.741,1.638,1.6384,2.40,2.40
2007.05.17 09:46:02.943,1.638,1.6384,4.00,2.40
2007.05.17 09:46:03.282,1.638,1.6383,2.40,4.70
2007.05.17 09:46:03.670,1.638,1.6384,2.40,5.60
2007.05.17 09:46:03.799,1.638,1.6384,2.40,4.80
2007.05.17 09:46:04.294,1.638,1.6384,2.40,2.40
2007.05.17 09:46:05.073,1.6379,1.6384,16.70,2.40
2007.05.17 09:46:05.776,1.6379,1.6384,16.70,4.80
2007.05.17 09:46:05.834,1.6379,1.6383,4.80,4.70
2007.05.17 09:46:06.140,1.6378,1.6383,6.40,7.10
2007.05.17 09:46:32.137,1.6382,1.6383,16.00,2.40
2007.05.17 09:46:32.268,1.6385,1.6389,0.60,8.70
2007.05.17 09:46:33.219,1.6385,1.6389,7.10,4.00
2007.05.17 09:46:33.303,1.6385,1.6389,10.40,2.40
2007.05.17 09:46:33.432,1.6386,1.639,2.40,3.20
2007.05.17 09:46:43.855,1.6385,1.6389,10.40,2.40
2007.05.17 09:46:45.697,1.6385,1.6389,17.60,2.40
2007.05.17 09:46:45.938,1.6386,1.6389,0.80,2.40
2007.05.17 09:46:46.053,1.6386,1.639,3.20,2.40
2007.05.17 09:46:46.853,1.6385,1.6389,10.40,2.40
2007.05.17 09:46:47.282,1.6385,1.6389,5.60,7.10
2007.05.17 09:46:47.378,1.6385,1.6389,2.40,7.90
2007.05.17 09:46:53.245,1.6385,1.6389,2.40,15.10
2007.05.17 09:46:53.367,1.6385,1.6388,2.40,0.80
2007.05.17 09:46:53.472,1.6384,1.6388,2.40,3.20
2007.05.17 09:47:11.551,1.6385,1.6389,2.40,9.50
2007.05.17 09:47:44.209,1.6385,1.6388,2.40,2.40
2007.05.17 09:47:45.651,1.6385,1.6389,2.40,9.50
2007.05.17 09:49:36.168,1.6385,1.6388,2.40,2.40
2007.05.17 09:49:36.279,1.6386,1.6388,2.40,2.40
2007.05.17 09:49:37.007,1.6384,1.6388,4.00,4.80
2007.05.17 09:49:45.107,1.6384,1.6388,4.00,0.90
2007.05.17 09:51:02.411,1.6384,1.6387,4.00,4.70
2007.05.17 09:51:05.248,1.6384,1.6387,4.00,11.90
2007.05.17 09:51:05.518,1.6383,1.6387,2.40,14.30
2007.05.17 09:51:06.464,1.6383,1.6387,2.40,0.50
2007.05.17 09:51:20.640,1.6383,1.6387,7.10,0.50
2007.05.17 09:51:30.329,1.6384,1.6387,0.80,0.50
2007.05.17 09:51:30.456,1.6384,1.6388,3.20,4.00
2007.05.17 09:51:32.612,1.6384,1.6388,3.20,0.80
2007.05.17 09:51:33.599,1.6385,1.6389,5.50,4.00
2007.05.17 09:51:34.460,1.6385,1.6389,7.90,2.40
2007.05.17 09:51:35.190,1.6385,1.6389,3.20,16.80
2007.05.17 09:51:35.340,1.6385,1.6389,2.40,17.60
2007.05.17 09:51:35.929,1.6384,1.6388,3.20,2.40
2007.05.17 09:51:51.209,1.6384,1.6388,3.20,4.80
2007.05.17 09:51:51.399,1.6383,1.6387,7.10,2.40
2007.05.17 09:51:52.374,1.6383,1.6387,7.90,2.40
2007.05.17 09:51:53.375,1.6383,1.6387,7.10,2.40
2007.05.17 09:51:58.237,1.6384,1.6388,2.40,5.60
2007.05.17 09:51:58.363,1.6384,1.6388,3.20,2.40
2007.05.17 09:52:00.222,1.6384,1.6387,0.80,2.40
2007.05.17 09:52:00.435,1.6387,1.6388,4.70,4.80
2007.05.17 09:52:00.545,1.6386,1.6387,0.80,2.40
2007.05.17 09:52:01.019,1.6386,1.6387,2.40,2.40
2007.05.17 09:52:01.320,1.6387,1.6391,2.40,7.10
2007.05.17 09:52:02.361,1.6387,1.6391,3.20,7.10
2007.05.17 09:52:02.539,1.6388,1.6391,2.40,4.70
2007.05.17 09:52:06.484,1.6387,1.6391,2.40,7.10
2007.05.17 09:52:10.866,1.6387,1.6392,2.40,18.30
2007.05.17 09:52:12.784,1.6387,1.6392,2.40,16.60
2007.05.17 09:52:13.037,1.6387,1.639,2.40,11.80
2007.05.17 09:52:14.228,1.6386,1.639,4.00,16.70
2007.05.17 09:52:16.847,1.6386,1.6389,4.80,0.80
2007.05.17 09:52:16.982,1.6386,1.6391,4.80,11.10
2007.05.17 09:52:17.016,1.6386,1.6391,3.20,11.10
2007.05.17 09:52:17.311,1.6386,1.6391,3.20,8.70
2007.05.17 09:52:17.742,1.6387,1.6391,2.40,0.70
2007.05.17 09:52:23.324,1.6387,1.639,2.40,11.80
2007.05.17 09:52:23.950,1.6387,1.6392,2.40,12.70
2007.05.17 09:52:26.203,1.6387,1.6392,2.40,18.30
2007.05.17 09:52:26.738,1.6387,1.639,2.40,0.60
2007.05.17 09:52:26.970,1.6387,1.6391,2.40,18.20
2007.05.17 09:52:27.396,1.6386,1.6391,2.40,16.60
2007.05.17 09:52:27.477,1.6386,1.639,2.40,0.50
2007.05.17 09:52:30.292,1.6386,1.6388,2.40,0.80
2007.05.17 09:52:30.411,1.6386,1.6388,2.40,0.50
2007.05.17 09:52:30.619,1.6385,1.6389,2.40,17.50
2007.05.17 09:52:30.902,1.6385,1.6388,2.40,0.90
2007.05.17 09:52:31.198,1.6386,1.6391,2.40,12.00
2007.05.17 09:52:39.462,1.6386,1.6388,2.40,7.20
2007.05.17 09:52:40.598,1.6385,1.6388,2.40,7.20
2007.05.17 09:52:43.893,1.6386,1.6388,2.40,7.20
2007.05.17 09:52:44.428,1.6386,1.6387,2.40,7.90
2007.05.17 09:52:44.813,1.6386,1.6387,2.40,7.90
2007.05.17 09:52:46.564,1.6384,1.6386,2.40,7.20
2007.05.17 09:52:47.654,1.6383,1.6386,2.40,7.20
2007.05.17 09:52:47.954,1.6386,1.6387,2.40,7.90
2007.05.17 09:52:48.475,1.6386,1.6387,2.40,0.80
2007.05.17 09:52:48.551,1.6386,1.6388,2.40,8.00
2007.05.17 09:52:48.966,1.6385,1.6388,2.40,8.00
2007.05.17 09:52:49.274,1.6385,1.6388,2.40,15.20
2007.05.17 09:52:49.945,1.6385,1.6388,2.40,8.00
2007.05.17 09:52:52.143,1.6385,1.6386,2.40,4.70
2007.05.17 09:52:52.191,1.6385,1.6386,2.40,7.20
2007.05.17 09:52:54.575,1.6382,1.6386,4.80,9.60
2007.05.17 09:52:55.785,1.6383,1.6386,2.40,7.20
2007.05.17 09:52:58.181,1.6382,1.6386,4.80,9.60
2007.05.17 09:53:00.458,1.6382,1.6386,15.10,4.80
2007.05.17 09:53:00.552,1.6383,1.6386,0.80,2.40
2007.05.17 09:53:00.756,1.6383,1.6387,3.20,2.40
2007.05.17 09:53:00.848,1.6384,1.6388,2.40,10.40
2007.05.17 09:53:05.098,1.6383,1.6386,2.40,7.20
2007.05.17 09:53:11.121,1.6383,1.6386,0.60,7.20
2007.05.17 09:53:12.938,1.6381,1.6386,9.60,9.60
2007.05.17 09:53:18.932,1.6381,1.6386,9.60,4.80
2007.05.17 09:53:27.621,1.6382,1.6386,0.60,4.80
2007.05.17 09:53:28.249,1.6381,1.6385,9.60,4.70
2007.05.17 09:53:28.353,1.6382,1.6384,1.40,2.40
2007.05.17 09:53:28.439,1.6379,1.6384,18.30,4.80
2007.05.17 09:53:30.846,1.638,1.6384,6.40,2.40
2007.05.17 09:53:38.132,1.638,1.6384,18.30,2.40
2007.05.17 09:53:38.251,1.6383,1.6386,1.20,2.40
2007.05.17 09:53:58.552,1.6383,1.6387,3.20,7.10
2007.05.17 09:53:58.833,1.6383,1.6386,3.20,2.40
2007.05.17 09:53:58.908,1.6383,1.6386,2.40,2.40
2007.05.17 09:54:01.200,1.6382,1.6386,2.40,5.60
2007.05.17 09:54:03.904,1.6383,1.6386,4.70,2.40
2007.05.17 09:54:05.098,1.6382,1.6386,3.20,2.40
2007.05.17 09:54:05.261,1.6382,1.6386,3.20,4.80
2007.05.17 09:54:05.346,1.6383,1.6386,2.40,3.20
2007.05.17 09:54:07.419,1.6382,1.6386,2.40,5.60
2007.05.17 09:54:10.182,1.6382,1.6386,3.20,4.80
2007.05.17 09:54:10.924,1.6383,1.6386,2.40,2.40
2007.05.17 09:54:12.565,1.6383,1.6386,7.10,2.40
2007.05.17 09:54:12.686,1.6383,1.6387,7.90,2.40
2007.05.17 09:54:13.285,1.6383,1.6387,10.40,2.40
2007.05.17 09:54:13.759,1.6384,1.6388,2.40,3.20
2007.05.17 09:54:14.375,1.6384,1.6388,2.40,5.60
2007.05.17 09:54:17.309,1.6384,1.6388,2.40,3.20
2007.05.17 09:54:18.227,1.6384,1.6388,2.40,5.60
2007.05.17 09:54:19.899,1.6383,1.6387,7.90,2.40
2007.05.17 09:54:26.163,1.6384,1.6387,2.40,2.40
2007.05.17 09:54:27.053,1.6385,1.6387,4.70,2.40
2007.05.17 09:54:27.515,1.6384,1.6387,3.20,2.40
2007.05.17 09:54:27.626,1.6384,1.6388,3.20,2.40
2007.05.17 09:54:32.779,1.6385,1.6388,4.70,2.40
2007.05.17 09:54:33.178,1.6385,1.6388,7.10,2.40
2007.05.17 09:54:34.908,1.6385,1.6388,4.70,2.40
2007.05.17 09:54:35.853,1.6385,1.6388,5.50,2.40
2007.05.17 09:54:36.362,1.6385,1.6388,4.70,2.40
2007.05.17 09:54:36.921,1.6385,1.6388,5.50,2.40
2007.05.17 09:54:37.105,1.6385,1.6389,7.90,2.40
2007.05.17 09:54:40.490,1.6384,1.6389,16.60,2.40
2007.05.17 09:54:42.381,1.6384,1.6389,16.60,2.40
2007.05.17 09:54:44.113,1.6385,1.6388,3.60,2.40
2007.05.17 09:54:45.813,1.6385,1.6388,2.00,2.40
2007.05.17 09:54:48.167,1.6384,1.6388,16.60,2.40
2007.05.17 09:54:56.507,1.6385,1.6388,11.10,2.40
2007.05.17 09:54:56.636,1.6386,1.6389,0.80,2.40
2007.05.17 09:55:01.931,1.6385,1.6389,1.80,2.40
2007.05.17 09:55:05.322,1.6385,1.639,12.70,4.80
2007.05.17 09:55:05.359,1.6385,1.639,12.70,6.40
2007.05.17 09:55:05.472,1.6385,1.639,8.70,7.20
2007.05.17 09:55:05.895,1.6385,1.639,8.70,3.20
2007.05.17 09:55:06.562,1.6385,1.6389,11.10,2.40
2007.05.17 09:55:06.765,1.6385,1.6389,1.90,2.40
2007.05.17 09:55:07.760,1.6385,1.6389,7.10,2.40
2007.05.17 09:55:09.004,1.6385,1.6388,7.10,2.40
2007.05.17 09:55:17.796,1.6385,1.6389,7.10,2.40
2007.05.17 09:55:23.366,1.6385,1.6388,7.10,2.40
2007.05.17 09:55:25.797,1.6385,1.6389,7.10,4.00
2007.05.17 09:55:31.856,1.6385,1.6388,4.70,0.80
2007.05.17 09:55:37.542,1.6385,1.6388,7.10,0.80
2007.05.17 09:55:38.701,1.6386,1.6388,0.80,0.70
2007.05.17 09:55:39.405,1.6386,1.639,3.20,0.80
2007.05.17 09:55:46.098,1.6386,1.639,2.40,0.50
2007.05.17 09:55:46.343,1.6386,1.639,2.40,0.60
2007.05.17 09:55:46.966,1.6385,1.6389,7.10,0.60
2007.05.17 09:55:48.524,1.6386,1.639,0.80,4.00
2007.05.17 09:55:49.350,1.6386,1.6391,3.20,19.20
2007.05.17 09:55:51.011,1.6386,1.6391,2.40,19.20
2007.05.17 09:56:00.622,1.6386,1.639,3.20,2.40
2007.05.17 09:56:01.164,1.6386,1.639,2.40,3.20
2007.05.17 09:56:05.269,1.6386,1.639,2.40,5.60
2007.05.17 09:56:07.841,1.6386,1.639,2.40,3.20
2007.05.17 09:56:08.719,1.6386,1.639,2.40,5.60
2007.05.17 09:56:09.653,1.6386,1.639,2.40,3.20
2007.05.17 09:56:09.743,1.6386,1.639,3.20,2.40
2007.05.17 09:56:09.969,1.6386,1.639,2.40,3.20
2007.05.17 09:56:10.502,1.6386,1.639,2.40,5.60
2007.05.17 09:56:11.520,1.6385,1.6389,7.10,2.40
2007.05.17 09:56:15.376,1.6385,1.6389,7.90,2.40
2007.05.17 09:56:16.384,1.6386,1.639,2.40,3.20
2007.05.17 09:56:17.030,1.6386,1.639,3.20,2.40
2007.05.17 09:56:17.321,1.6386,1.639,3.20,4.80
2007.05.17 09:56:17.528,1.6386,1.639,2.40,5.60
2007.05.17 09:56:17.646,1.6385,1.6389,7.90,2.40
2007.05.17 09:56:17.837,1.6385,1.6389,7.10,2.40
2007.05.17 09:56:22.138,1.6385,1.639,7.10,7.20
2007.05.17 09:56:33.421,1.6385,1.6389,2.40,11.90
2007.05.17 09:56:34.764,1.6385,1.6388,7.10,0.50
2007.05.17 09:56:34.895,1.6385,1.6389,7.10,0.80
2007.05.17 09:56:54.363,1.6385,1.6389,2.40,2.40
2007.05.17 09:56:54.497,1.6387,1.6389,12.70,2.40
2007.05.17 09:56:54.601,1.6387,1.6391,15.10,2.40
2007.05.17 09:56:54.722,1.6388,1.6392,2.40,6.40
2007.05.17 09:57:00.875,1.6388,1.6392,2.40,5.60
2007.05.17 09:57:01.075,1.6387,1.6391,7.10,2.40
2007.05.17 09:57:02.887,1.6387,1.6391,2.40,2.40
2007.05.17 09:57:03.893,1.6386,1.639,2.40,2.40
2007.05.17 09:57:08.457,1.6386,1.639,2.40,0.70
2007.05.17 09:57:11.868,1.6387,1.639,4.70,0.80
2007.05.17 09:57:12.191,1.6387,1.6392,7.10,7.20
2007.05.17 09:57:17.364,1.6387,1.639,7.10,0.70
2007.05.17 09:57:17.492,1.6387,1.639,7.10,0.60
2007.05.17 09:57:17.561,1.6387,1.6391,2.40,19.10
2007.05.17 09:57:17.768,1.6387,1.639,2.40,0.90
2007.05.17 09:57:18.256,1.6387,1.6391,2.40,19.10
2007.05.17 09:57:18.569,1.6386,1.639,2.40,0.50
2007.05.17 09:57:23.387,1.6386,1.6391,3.20,16.70
2007.05.17 09:57:27.307,1.6386,1.639,3.20,0.90
2007.05.17 09:57:27.385,1.6386,1.6391,2.40,19.10
2007.05.17 09:57:28.844,1.6386,1.6391,2.40,19.90
2007.05.17 09:57:28.931,1.6386,1.639,3.20,0.50
2007.05.17 09:57:29.364,1.6387,1.6391,4.70,4.00
2007.05.17 09:57:29.777,1.6386,1.6391,3.20,15.90
2007.05.17 09:57:31.423,1.6386,1.639,2.40,0.80
2007.05.17 09:57:31.991,1.6386,1.6391,2.40,19.90
2007.05.17 09:57:32.014,1.6386,1.6391,3.20,16.70
2007.05.17 09:57:33.893,1.6386,1.639,2.40,0.90
2007.05.17 09:57:36.864,1.6386,1.639,2.40,3.20
2007.05.17 09:57:36.985,1.6386,1.639,3.20,2.40
2007.05.17 09:57:39.802,1.6386,1.639,3.20,4.80
2007.05.17 09:57:39.878,1.6386,1.639,2.40,5.60
2007.05.17 09:57:42.162,1.6386,1.639,3.20,4.80
2007.05.17 09:57:44.655,1.6387,1.639,2.40,2.40
2007.05.17 09:57:44.767,1.6387,1.6391,3.20,7.10
2007.05.17 09:57:47.859,1.6387,1.639,3.20,4.70
2007.05.17 09:57:47.974,1.6387,1.639,2.40,7.20
2007.05.17 09:57:49.432,1.6386,1.639,3.20,9.60
2007.05.17 09:57:53.307,1.6387,1.639,0.80,2.40
2007.05.17 09:57:53.693,1.6387,1.6391,3.20,7.10
2007.05.17 09:58:03.300,1.6387,1.639,2.40,7.20
2007.05.17 09:58:03.400,1.6387,1.639,2.40,9.60
2007.05.17 09:58:10.490,1.6387,1.639,14.30,4.80
2007.05.17 09:58:10.562,1.6387,1.639,15.10,2.40
2007.05.17 09:58:12.797,1.6388,1.6391,2.40,2.40
2007.05.17 09:58:13.811,1.6388,1.6392,2.40,7.20
2007.05.17 09:58:25.202,1.6387,1.6391,15.10,0.90
2007.05.17 09:58:27.204,1.6388,1.6392,2.40,7.20
2007.05.17 09:58:35.770,1.6387,1.6391,15.10,0.90
2007.05.17 09:58:37.067,1.6387,1.6391,3.20,14.20
2007.05.17 09:58:37.170,1.6387,1.6391,2.40,17.50
2007.05.17 09:58:38.775,1.6387,1.6391,2.40,10.30
2007.05.17 09:58:38.837,1.6387,1.639,3.20,0.90
2007.05.17 09:58:39.055,1.6387,1.6391,0.80,11.10
2007.05.17 09:58:39.265,1.6387,1.6391,0.80,8.70
2007.05.17 09:58:39.493,1.6387,1.6391,3.20,0.80
2007.05.17 09:58:43.995,1.6386,1.6391,8.00,0.80
2007.05.17 09:58:45.928,1.6387,1.6391,4.80,7.10
2007.05.17 09:58:46.753,1.6387,1.6391,16.70,2.40
2007.05.17 09:58:48.980,1.6388,1.6392,0.60,4.80
2007.05.17 09:59:25.121,1.6388,1.6391,2.40,2.40
2007.05.17 09:59:27.412,1.6388,1.6391,1.30,2.40
2007.05.17 09:59:32.856,1.6387,1.6391,7.10,2.40
