2007.05.02 06:00:00.778,1.6477,1.6481,2.40,3.20
2007.05.02 06:00:01.631,1.6477,1.648,2.40,7.90
2007.05.02 06:00:01.918,1.6477,1.648,2.40,0.80
2007.05.02 06:00:01.990,1.6477,1.6481,2.40,10.30
2007.05.02 06:00:02.757,1.6474,1.6478,2.40,2.40
2007.05.02 06:00:02.929,1.6475,1.6479,2.40,3.20
2007.05.02 06:00:03.854,1.6474,1.6478,12.00,2.40
2007.05.02 06:00:06.490,1.6474,1.6478,12.80,2.40
2007.05.02 06:00:06.764,1.6474,1.6478,3.60,2.40
2007.05.02 06:00:06.989,1.6475,1.6478,2.40,2.40
2007.05.02 06:00:07.550,1.6475,1.6478,2.40,0.50
2007.05.02 06:00:07.641,1.6475,1.6479,9.60,4.80
2007.05.02 06:00:07.757,1.6475,1.6479,7.10,4.80
2007.05.02 06:00:10.976,1.6475,1.648,9.50,10.40
2007.05.02 06:00:11.868,1.6476,1.648,2.40,8.00
2007.05.02 06:00:12.071,1.6476,1.6479,2.40,0.50
2007.05.02 06:00:12.310,1.6476,1.648,9.60,4.80
2007.05.02 06:00:12.416,1.6477,1.648,2.40,4.80
2007.05.02 06:00:12.813,1.6476,1.6481,10.70,8.00
2007.05.02 06:00:13.713,1.6478,1.648,2.40,0.70
2007.05.02 06:00:14.283,1.6478,1.6483,4.80,4.80
2007.05.02 06:00:14.637,1.6478,1.6483,5.60,4.80
2007.05.02 06:00:15.681,1.6479,1.6484,2.40,14.40
2007.05.02 06:00:18.641,1.6478,1.6482,2.40,14.40
2007.05.02 06:00:19.118,1.6476,1.6481,5.60,4.80
2007.05.02 06:00:19.225,1.6477,1.6481,2.40,4.80
2007.05.02 06:00:20.487,1.6477,1.6482,2.40,15.10
2007.05.02 06:00:20.680,1.6477,1.6481,9.50,0.80
2007.05.02 06:00:20.809,1.6477,1.6482,10.30,7.20
2007.05.02 06:00:21.598,1.6477,1.648,10.30,0.50
2007.05.02 06:00:22.558,1.6477,1.6481,10.30,6.40
2007.05.02 06:00:22.675,1.6477,1.6481,3.20,18.30
2007.05.02 06:00:22.816,1.6475,1.6479,2.40,4.80
2007.05.02 06:00:23.780,1.6474,1.6478,5.60,0.70
2007.05.02 06:00:26.999,1.6474,1.6479,3.20,7.20
2007.05.02 06:00:27.707,1.6474,1.6478,0.80,4.00
2007.05.02 06:00:27.826,1.6473,1.6478,2.40,4.80
2007.05.02 06:00:29.781,1.6473,1.6478,9.50,4.80
2007.05.02 06:00:29.886,1.6474,1.6477,2.40,0.50
2007.05.02 06:00:30.017,1.6474,1.6478,3.20,4.00
2007.05.02 06:00:30.618,1.6476,1.6483,1.20,0.50
2007.05.02 06:00:31.627,1.6482,1.6483,0.80,3.20
2007.05.02 06:00:32.436,1.6482,1.6483,3.20,3.50
2007.05.02 06:00:32.712,1.6481,1.6482,3.20,4.00
2007.05.02 06:00:32.937,1.6487,1.6491,2.40,4.80
2007.05.02 06:00:34.250,1.6487,1.649,2.40,0.50
2007.05.02 06:00:34.434,1.6487,1.6491,2.40,8.40
2007.05.02 06:00:35.533,1.6487,1.6488,2.40,0.80
2007.05.02 06:00:37.678,1.6482,1.6486,2.40,2.40
2007.05.02 06:00:58.176,1.648,1.6484,2.40,2.40
2007.05.02 06:01:01.774,1.648,1.6485,2.40,4.00
2007.05.02 06:01:01.993,1.6481,1.6485,7.10,4.00
2007.05.02 06:01:02.307,1.6481,1.6485,9.50,0.80
2007.05.02 06:01:03.115,1.6481,1.6485,9.50,4.00
2007.05.02 06:01:04.936,1.6481,1.6486,9.50,4.00
2007.05.02 06:01:13.006,1.6482,1.6486,7.10,7.20
2007.05.02 06:01:13.411,1.6482,1.6486,7.90,4.00
2007.05.02 06:01:13.687,1.6482,1.6487,10.30,4.00
2007.05.02 06:01:14.786,1.6484,1.6487,7.10,4.00
2007.05.02 06:01:15.293,1.6483,1.6487,7.90,4.00
2007.05.02 06:01:15.602,1.6483,1.6487,7.10,4.00
2007.05.02 06:01:15.700,1.6483,1.6488,9.50,7.20
2007.05.02 06:01:16.132,1.6483,1.6487,7.10,4.00
2007.05.02 06:01:19.602,1.6483,1.6486,7.90,0.70
2007.05.02 06:01:19.860,1.6483,1.6487,0.80,4.00
2007.05.02 06:01:19.943,1.6482,1.6486,2.40,0.70
2007.05.02 06:01:20.653,1.6483,1.6488,2.40,4.00
2007.05.02 06:01:21.284,1.6483,1.6488,9.50,4.00
2007.05.02 06:01:21.367,1.6483,1.6487,10.30,0.70
2007.05.02 06:01:21.876,1.6484,1.6487,0.80,0.60
2007.05.02 06:01:22.742,1.6484,1.6488,3.20,0.80
2007.05.02 06:01:23.857,1.6484,1.6488,2.40,0.50
2007.05.02 06:01:25.921,1.6484,1.6488,2.40,0.90
2007.05.02 06:01:26.554,1.6483,1.6486,7.10,0.60
2007.05.02 06:01:26.790,1.6482,1.6486,3.20,0.60
2007.05.02 06:01:26.908,1.6482,1.6486,2.40,0.90
2007.05.02 06:01:32.347,1.6482,1.6485,2.40,2.40
2007.05.02 06:01:33.162,1.6481,1.6485,10.30,2.40
2007.05.02 06:01:36.076,1.6481,1.6485,9.50,2.40
2007.05.02 06:01:37.583,1.6481,1.6484,7.10,2.40
2007.05.02 06:01:44.930,1.6481,1.6485,2.40,2.40
2007.05.02 06:01:45.961,1.648,1.6483,2.40,2.40
2007.05.02 06:01:48.135,1.648,1.6484,2.40,2.40
2007.05.02 06:01:51.449,1.648,1.6484,2.40,5.60
2007.05.02 06:01:52.160,1.6479,1.6483,9.50,2.40
2007.05.02 06:01:54.371,1.6479,1.6483,10.30,2.40
2007.05.02 06:01:54.779,1.648,1.6484,2.40,2.40
2007.05.02 06:01:56.003,1.648,1.6484,2.40,0.80
2007.05.02 06:02:02.922,1.648,1.6485,3.20,4.80
2007.05.02 06:02:03.944,1.648,1.6485,2.40,4.80
2007.05.02 06:02:04.966,1.648,1.6484,3.20,0.70
2007.05.02 06:02:05.483,1.648,1.6485,10.30,4.00
2007.05.02 06:02:07.238,1.6481,1.6484,2.40,0.80
2007.05.02 06:02:10.957,1.648,1.6485,2.40,4.80
2007.05.02 06:02:14.509,1.648,1.6485,9.50,4.80
2007.05.02 06:02:14.810,1.648,1.6485,10.30,4.00
2007.05.02 06:02:15.226,1.6481,1.6486,2.40,4.80
2007.05.02 06:02:15.936,1.6482,1.6486,7.10,4.80
2007.05.02 06:02:16.043,1.6482,1.6485,7.90,0.70
2007.05.02 06:02:16.788,1.6482,1.6486,0.80,4.00
2007.05.02 06:02:17.675,1.6482,1.6486,3.20,0.90
2007.05.02 06:02:18.515,1.6482,1.6486,2.40,13.50
2007.05.02 06:02:19.536,1.648,1.6485,3.20,4.80
2007.05.02 06:02:20.883,1.648,1.6484,10.30,0.60
2007.05.02 06:02:21.004,1.6481,1.6484,0.80,0.60
2007.05.02 06:02:21.075,1.6481,1.6485,3.20,0.60
2007.05.02 06:02:22.462,1.6481,1.6485,10.30,0.70
2007.05.02 06:02:22.546,1.6482,1.6486,0.80,4.00
2007.05.02 06:02:23.357,1.6482,1.6486,3.20,2.40
2007.05.02 06:02:25.461,1.6481,1.6485,10.30,2.40
2007.05.02 06:02:28.028,1.6482,1.6486,2.40,3.20
2007.05.02 06:02:28.231,1.6482,1.6486,9.50,3.20
2007.05.02 06:02:28.419,1.6482,1.6486,9.50,2.40
2007.05.02 06:02:29.968,1.6483,1.6487,2.40,3.20
2007.05.02 06:02:30.069,1.6483,1.6487,2.40,2.40
2007.05.02 06:02:31.197,1.6483,1.6488,2.40,4.80
2007.05.02 06:02:34.550,1.6483,1.6487,2.40,6.40
2007.05.02 06:02:35.905,1.6481,1.6486,2.40,4.80
2007.05.02 06:02:37.071,1.6482,1.6485,0.80,0.80
2007.05.02 06:02:37.591,1.6481,1.6486,10.30,4.00
2007.05.02 06:02:39.133,1.6482,1.6487,2.40,4.80
2007.05.02 06:02:39.231,1.6482,1.6487,3.20,4.80
2007.05.02 06:02:40.162,1.6483,1.6487,0.80,4.00
2007.05.02 06:02:40.281,1.6483,1.6488,3.20,14.40
2007.05.02 06:02:41.818,1.6483,1.6488,2.40,14.30
2007.05.02 06:02:42.131,1.6482,1.6487,2.40,7.20
2007.05.02 06:02:49.659,1.6482,1.6487,2.40,13.50
2007.05.02 06:02:49.870,1.6482,1.6487,2.40,10.40
2007.05.02 06:02:54.512,1.6481,1.6485,2.40,0.50
2007.05.02 06:02:54.946,1.6481,1.6485,9.50,0.70
2007.05.02 06:02:55.055,1.6481,1.6486,10.30,4.00
2007.05.02 06:02:56.082,1.6482,1.6487,2.40,4.80
2007.05.02 06:02:56.493,1.6482,1.6487,2.40,7.20
2007.05.02 06:02:56.602,1.6482,1.6487,2.40,10.40
2007.05.02 06:02:57.851,1.6481,1.6486,9.50,7.20
2007.05.02 06:03:10.621,1.6481,1.6486,2.40,4.00
2007.05.02 06:03:12.151,1.6482,1.6486,2.40,0.60
2007.05.02 06:03:12.992,1.6482,1.6487,2.40,10.40
2007.05.02 06:03:13.826,1.6482,1.6487,9.50,10.40
2007.05.02 06:03:13.919,1.6482,1.6487,9.50,7.20
2007.05.02 06:03:14.240,1.6482,1.6485,7.10,0.60
2007.05.02 06:03:17.126,1.6482,1.6487,9.50,4.00
2007.05.02 06:03:17.433,1.6483,1.6486,7.10,0.80
2007.05.02 06:03:17.551,1.6483,1.6487,7.90,4.00
2007.05.02 06:03:19.191,1.6483,1.6487,10.30,0.80
2007.05.02 06:03:20.208,1.6483,1.6486,2.40,0.80
2007.05.02 06:03:20.410,1.6482,1.6486,2.40,0.80
2007.05.02 06:03:22.156,1.6481,1.6485,2.40,0.90
2007.05.02 06:03:24.347,1.6482,1.6486,2.40,3.20
2007.05.02 06:03:26.873,1.6482,1.6486,3.20,2.40
2007.05.02 06:03:31.147,1.6483,1.6486,2.40,2.40
2007.05.02 06:03:36.140,1.6483,1.6487,2.40,2.40
2007.05.02 06:03:39.371,1.6483,1.6487,10.30,2.40
2007.05.02 06:03:39.541,1.6485,1.6487,7.10,2.40
2007.05.02 06:03:39.769,1.6484,1.6487,0.80,2.40
2007.05.02 06:03:39.940,1.6483,1.6487,10.30,2.40
2007.05.02 06:03:40.371,1.6484,1.6488,2.40,2.40
2007.05.02 06:03:40.842,1.6485,1.6488,7.10,2.40
2007.05.02 06:03:44.274,1.6483,1.6488,11.90,2.40
2007.05.02 06:03:44.581,1.6483,1.6488,4.00,10.30
2007.05.02 06:03:46.170,1.6482,1.6487,4.80,2.40
2007.05.02 06:03:49.035,1.6482,1.6487,15.10,2.40
2007.05.02 06:03:49.128,1.6483,1.6487,15.00,2.40
2007.05.02 06:03:49.423,1.6483,1.6487,16.60,2.40
2007.05.02 06:03:49.539,1.6484,1.6488,1.70,2.40
2007.05.02 06:03:54.166,1.6484,1.6488,1.30,2.40
2007.05.02 06:03:58.353,1.6484,1.6488,1.20,2.40
2007.05.02 06:04:00.295,1.6485,1.6488,1.50,2.40
2007.05.02 06:04:00.550,1.6485,1.6488,0.50,2.40
2007.05.02 06:04:02.344,1.6484,1.6489,10.40,2.40
2007.05.02 06:04:04.094,1.6485,1.6489,1.60,3.20
2007.05.02 06:04:05.066,1.6484,1.6488,0.50,2.40
2007.05.02 06:04:07.099,1.6484,1.6488,0.60,3.20
2007.05.02 06:04:07.425,1.6484,1.6488,4.00,3.20
2007.05.02 06:04:09.053,1.6483,1.6488,11.90,3.20
2007.05.02 06:04:14.727,1.6484,1.6487,2.40,0.80
2007.05.02 06:04:15.087,1.6484,1.6487,2.40,3.20
2007.05.02 06:04:15.896,1.6484,1.6487,2.40,0.80
2007.05.02 06:04:15.990,1.6483,1.6487,2.40,3.20
2007.05.02 06:04:17.241,1.6482,1.6486,3.20,2.40
2007.05.02 06:04:17.733,1.6483,1.6487,2.40,3.20
2007.05.02 06:04:19.182,1.6483,1.6487,9.50,3.20
2007.05.02 06:04:19.408,1.6483,1.6487,10.30,2.40
2007.05.02 06:04:20.683,1.6484,1.6488,2.40,3.20
2007.05.02 06:04:22.599,1.6484,1.6487,2.40,0.80
2007.05.02 06:04:23.044,1.6483,1.6487,2.40,3.20
2007.05.02 06:04:23.364,1.6483,1.6487,3.20,2.40
2007.05.02 06:04:25.445,1.6483,1.6487,9.50,3.20
2007.05.02 06:04:25.530,1.6483,1.6487,10.30,2.40
2007.05.02 06:04:26.013,1.6484,1.6488,2.40,2.40
2007.05.02 06:04:29.362,1.6484,1.6488,3.20,2.40
2007.05.02 06:04:30.284,1.6485,1.6489,2.40,3.20
2007.05.02 06:04:30.378,1.6485,1.6489,3.20,2.40
2007.05.02 06:04:33.827,1.6485,1.6489,2.40,3.20
2007.05.02 06:04:40.023,1.6485,1.6489,1.10,3.20
2007.05.02 06:04:42.304,1.6485,1.6489,16.00,2.40
2007.05.02 06:04:42.908,1.6484,1.6489,15.10,2.40
2007.05.02 06:04:43.561,1.6484,1.6489,14.40,2.40
2007.05.02 06:04:43.718,1.6485,1.6489,16.00,2.40
2007.05.02 06:04:49.285,1.6487,1.6489,13.60,2.40
2007.05.02 06:04:50.010,1.6488,1.6489,12.60,2.40
2007.05.02 06:04:50.978,1.6488,1.6492,15.00,2.40
2007.05.02 06:04:51.944,1.6487,1.649,4.00,0.80
2007.05.02 06:04:52.121,1.6487,1.6491,4.00,0.80
2007.05.02 06:04:53.843,1.6485,1.649,14.40,2.40
2007.05.02 06:04:53.953,1.6487,1.6491,1.30,3.20
2007.05.02 06:04:55.134,1.6487,1.649,1.10,0.80
2007.05.02 06:04:56.522,1.6485,1.649,11.90,3.20
2007.05.02 06:04:56.805,1.6486,1.6489,0.70,0.80
2007.05.02 06:04:57.107,1.6486,1.6489,11.80,2.40
2007.05.02 06:04:57.697,1.6485,1.6489,13.50,2.40
2007.05.02 06:04:57.709,1.6485,1.6489,2.30,2.40
2007.05.02 06:04:57.917,1.6487,1.6489,2.90,2.40
2007.05.02 06:04:58.342,1.6486,1.6491,16.60,2.40
2007.05.02 06:04:59.231,1.6486,1.6491,4.80,2.40
2007.05.02 06:04:59.353,1.6486,1.649,4.00,0.80
2007.05.02 06:04:59.866,1.6486,1.649,4.00,3.20
2007.05.02 06:04:59.972,1.6485,1.6489,0.80,2.40
2007.05.02 06:05:02.619,1.6484,1.6489,16.60,2.40
2007.05.02 06:05:02.629,1.6484,1.6488,15.00,2.40
2007.05.02 06:05:03.915,1.6485,1.6489,2.90,2.40
2007.05.02 06:05:05.960,1.6485,1.6489,2.60,3.20
2007.05.02 06:05:06.193,1.6485,1.649,11.90,5.60
2007.05.02 06:05:06.708,1.6486,1.6489,0.80,0.80
2007.05.02 06:05:07.658,1.6485,1.6489,4.70,3.20
2007.05.02 06:05:08.041,1.6485,1.6488,1.80,2.40
2007.05.02 06:05:12.489,1.6485,1.6489,9.50,3.20
2007.05.02 06:05:18.176,1.6485,1.6489,9.50,2.40
2007.05.02 06:05:20.530,1.6487,1.6489,7.10,2.40
2007.05.02 06:05:20.741,1.6487,1.649,7.10,2.40
2007.05.02 06:05:24.570,1.6486,1.649,15.00,2.40
2007.05.02 06:05:28.637,1.6485,1.649,11.90,3.20
2007.05.02 06:05:29.608,1.6485,1.6489,4.30,2.40
2007.05.02 06:05:42.318,1.6485,1.6489,1.00,3.20
2007.05.02 06:05:42.536,1.6483,1.6488,14.40,2.40
2007.05.02 06:05:46.034,1.6483,1.6487,1.60,2.40
2007.05.02 06:05:47.387,1.6483,1.6487,0.80,3.20
2007.05.02 06:05:49.233,1.6482,1.6487,15.10,2.40
2007.05.02 06:05:50.384,1.6483,1.6488,4.80,3.20
2007.05.02 06:05:51.286,1.6483,1.6488,4.80,5.60
2007.05.02 06:05:51.405,1.6484,1.6487,1.20,0.80
2007.05.02 06:05:52.035,1.6484,1.6488,0.60,3.20
2007.05.02 06:05:52.134,1.6484,1.6487,1.20,0.80
2007.05.02 06:05:52.241,1.6482,1.6486,1.20,2.40
2007.05.02 06:05:55.511,1.6482,1.6485,2.40,0.80
2007.05.02 06:05:55.658,1.6481,1.6485,2.40,3.20
2007.05.02 06:05:55.859,1.6481,1.6485,9.50,3.20
2007.05.02 06:05:56.147,1.6481,1.6485,10.30,2.40
2007.05.02 06:05:56.364,1.6482,1.6486,2.40,3.20
2007.05.02 06:05:57.023,1.6483,1.6487,2.40,2.40
2007.05.02 06:05:57.915,1.6484,1.6487,2.40,2.40
2007.05.02 06:05:58.107,1.6484,1.6488,2.40,2.40
2007.05.02 06:05:59.053,1.6484,1.6487,2.40,2.40
2007.05.02 06:06:00.310,1.6483,1.6487,2.40,2.40
2007.05.02 06:06:00.412,1.6483,1.6487,2.40,3.20
2007.05.02 06:06:00.799,1.6483,1.6486,2.40,0.80
2007.05.02 06:06:02.747,1.6481,1.6485,3.20,2.40
2007.05.02 06:06:11.761,1.6481,1.6485,12.80,2.40
2007.05.02 06:06:11.865,1.6482,1.6485,0.80,2.40
2007.05.02 06:06:11.961,1.6482,1.6486,3.20,2.40
2007.05.02 06:06:15.092,1.6482,1.6486,2.40,3.20
2007.05.02 06:06:15.907,1.6482,1.6486,10.30,2.40
2007.05.02 06:06:15.978,1.6482,1.6485,7.90,2.40
2007.05.02 06:06:16.887,1.6481,1.6485,18.20,2.40
2007.05.02 06:06:17.898,1.6482,1.6486,10.30,2.40
2007.05.02 06:06:21.812,1.6482,1.6486,3.20,2.40
2007.05.02 06:06:21.904,1.6482,1.6486,2.40,3.20
2007.05.02 06:06:23.261,1.6481,1.6485,3.20,2.40
2007.05.02 06:06:24.923,1.6482,1.6485,2.40,2.40
2007.05.02 06:06:25.068,1.6483,1.6485,0.80,2.40
2007.05.02 06:06:25.560,1.6483,1.6486,0.80,2.40
2007.05.02 06:06:27.793,1.6483,1.6487,3.20,2.40
2007.05.02 06:06:28.095,1.6483,1.6486,3.20,2.40
2007.05.02 06:06:29.944,1.6483,1.6487,3.20,2.40
2007.05.02 06:06:30.547,1.6484,1.6487,2.40,2.40
2007.05.02 06:06:30.687,1.6485,1.6487,0.80,2.40
2007.05.02 06:06:30.873,1.6485,1.6488,3.20,2.40
2007.05.02 06:06:33.515,1.6485,1.6488,2.40,3.20
2007.05.02 06:06:33.716,1.6483,1.6486,3.20,2.40
2007.05.02 06:06:37.538,1.6483,1.6487,3.20,2.40
2007.05.02 06:06:45.947,1.6485,1.6488,3.20,0.80
2007.05.02 06:06:48.018,1.6484,1.6489,2.40,4.80
2007.05.02 06:06:50.180,1.6483,1.6488,9.50,4.80
2007.05.02 06:07:02.337,1.6483,1.6488,10.30,7.20
2007.05.02 06:07:02.512,1.6483,1.6488,9.50,7.20
2007.05.02 06:07:02.973,1.6482,1.6487,3.20,4.80
2007.05.02 06:07:03.376,1.6483,1.6487,7.10,4.00
2007.05.02 06:07:05.867,1.6483,1.6488,9.50,4.80
2007.05.02 06:07:07.859,1.6483,1.6488,2.40,14.40
2007.05.02 06:07:07.954,1.6482,1.6487,3.20,4.80
2007.05.02 06:07:08.447,1.6482,1.6486,2.40,0.70
2007.05.02 06:07:11.098,1.6482,1.6486,0.70,0.70
2007.05.02 06:07:12.376,1.6482,1.6487,3.20,4.80
2007.05.02 06:07:13.161,1.6483,1.6486,2.40,0.70
2007.05.02 06:07:16.270,1.6483,1.6486,9.50,2.40
2007.05.02 06:07:16.384,1.6483,1.6487,9.50,2.40
2007.05.02 06:07:16.819,1.6483,1.6487,2.40,2.40
2007.05.02 06:07:17.027,1.6483,1.6487,2.40,3.20
2007.05.02 06:07:17.736,1.6482,1.6486,3.20,2.40
2007.05.02 06:07:17.880,1.6482,1.6486,2.40,3.20
2007.05.02 06:07:25.501,1.6482,1.6486,3.20,2.40
2007.05.02 06:07:48.045,1.6483,1.6486,10.40,2.40
2007.05.02 06:07:48.284,1.6483,1.6487,12.80,2.40
2007.05.02 06:07:51.149,1.6484,1.6488,2.40,3.20
2007.05.02 06:07:56.510,1.6483,1.6487,12.80,2.40
2007.05.02 06:08:03.201,1.6482,1.6487,14.40,2.40
2007.05.02 06:08:13.539,1.6484,1.6487,0.80,2.40
2007.05.02 06:08:13.635,1.6483,1.6488,14.40,2.40
2007.05.02 06:08:15.179,1.6483,1.6488,14.40,3.20
2007.05.02 06:08:15.377,1.6483,1.6487,2.30,2.40
2007.05.02 06:08:16.270,1.6484,1.6487,14.30,2.40
2007.05.02 06:08:16.356,1.6486,1.6487,0.80,2.40
2007.05.02 06:08:16.637,1.6486,1.6487,15.10,2.40
2007.05.02 06:08:16.743,1.6486,1.6487,18.30,2.40
2007.05.02 06:08:17.995,1.6487,1.6491,3.80,2.40
2007.05.02 06:08:19.529,1.6487,1.6491,2.00,2.40
2007.05.02 06:08:19.683,1.6486,1.6491,8.00,2.40
2007.05.02 06:08:19.743,1.6486,1.649,0.70,2.40
2007.05.02 06:08:19.941,1.6484,1.6489,4.00,2.40
2007.05.02 06:08:22.109,1.6484,1.6489,14.40,2.40
2007.05.02 06:08:22.209,1.6485,1.6489,14.40,2.40
2007.05.02 06:08:24.037,1.6484,1.6489,15.10,2.40
2007.05.02 06:08:24.457,1.6485,1.6489,1.00,2.40
2007.05.02 06:08:25.839,1.6485,1.6488,0.80,2.40
2007.05.02 06:08:28.358,1.6485,1.6488,4.30,2.40
2007.05.02 06:08:28.446,1.6485,1.649,11.90,2.40
2007.05.02 06:08:28.681,1.6487,1.649,1.40,2.40
2007.05.02 06:08:28.775,1.6487,1.649,11.10,2.40
2007.05.02 06:08:29.576,1.6487,1.6492,11.90,4.80
2007.05.02 06:08:30.016,1.6486,1.6491,15.10,2.40
2007.05.02 06:08:31.163,1.6488,1.6491,0.80,2.40
2007.05.02 06:08:31.274,1.6488,1.6491,3.20,2.40
2007.05.02 06:08:31.343,1.6489,1.6491,7.90,2.40
2007.05.02 06:08:31.664,1.6489,1.6492,7.90,2.40
2007.05.02 06:08:32.169,1.6489,1.6492,7.10,2.40
2007.05.02 06:08:33.430,1.6489,1.6493,9.50,5.60
2007.05.02 06:08:33.510,1.6489,1.6492,7.10,2.40
2007.05.02 06:08:33.639,1.6488,1.6492,3.20,2.40
2007.05.02 06:08:33.720,1.6488,1.6491,2.40,2.40
2007.05.02 06:08:35.528,1.6489,1.6492,7.90,2.40
2007.05.02 06:08:35.923,1.6489,1.6493,10.30,4.80
2007.05.02 06:08:35.969,1.6489,1.6493,10.30,2.40
2007.05.02 06:08:37.689,1.6489,1.6493,3.20,2.40
2007.05.02 06:08:38.053,1.649,1.6493,2.40,2.40
2007.05.02 06:08:38.215,1.649,1.6493,9.50,2.40
2007.05.02 06:08:38.980,1.6491,1.6493,7.10,2.40
2007.05.02 06:08:39.529,1.649,1.6493,2.40,2.40
2007.05.02 06:08:39.601,1.6489,1.6493,12.80,2.40
2007.05.02 06:08:41.589,1.649,1.6493,2.40,2.40
2007.05.02 06:08:41.813,1.6491,1.6493,7.10,2.40
2007.05.02 06:08:42.012,1.6491,1.6493,7.90,2.40
2007.05.02 06:08:42.104,1.6491,1.6493,0.80,2.40
2007.05.02 06:08:42.610,1.6489,1.6493,12.80,2.40
2007.05.02 06:08:42.708,1.6489,1.6493,4.80,2.40
2007.05.02 06:08:42.934,1.6489,1.6493,2.40,4.80
2007.05.02 06:08:43.393,1.6489,1.6493,2.40,0.60
2007.05.02 06:08:43.986,1.6489,1.6494,9.50,7.20
2007.05.02 06:08:44.070,1.6489,1.6493,9.50,0.50
2007.05.02 06:08:44.415,1.6491,1.6494,0.80,6.40
2007.05.02 06:08:44.486,1.6491,1.6493,7.90,0.60
2007.05.02 06:08:44.693,1.649,1.6493,7.10,0.50
2007.05.02 06:08:44.821,1.6489,1.6494,12.80,4.00
2007.05.02 06:08:46.576,1.6489,1.6494,10.30,7.20
2007.05.02 06:08:48.160,1.6489,1.6492,9.50,0.80
2007.05.02 06:08:48.317,1.6489,1.6493,2.40,6.40
2007.05.02 06:08:48.416,1.6489,1.6492,2.40,0.50
2007.05.02 06:08:48.619,1.6488,1.6492,2.40,0.90
2007.05.02 06:08:49.843,1.6487,1.6491,7.90,4.00
2007.05.02 06:08:50.266,1.6486,1.649,12.80,0.90
2007.05.02 06:08:51.697,1.6487,1.6491,0.80,4.00
2007.05.02 06:08:52.154,1.6486,1.6491,12.80,4.80
2007.05.02 06:08:52.995,1.6486,1.649,10.30,0.80
2007.05.02 06:08:53.169,1.6486,1.6491,9.50,7.20
2007.05.02 06:08:53.372,1.6486,1.6491,12.00,4.80
2007.05.02 06:08:53.509,1.6486,1.6491,12.80,4.80
2007.05.02 06:08:53.790,1.6487,1.6491,7.90,4.00
2007.05.02 06:08:58.504,1.6486,1.6491,9.50,7.20
2007.05.02 06:09:01.195,1.6486,1.649,9.50,4.00
2007.05.02 06:09:02.362,1.6486,1.6489,10.30,0.70
2007.05.02 06:09:03.789,1.6487,1.6491,2.40,6.40
2007.05.02 06:09:03.994,1.6486,1.6491,10.30,6.40
2007.05.02 06:09:05.391,1.6486,1.6491,3.20,7.20
2007.05.02 06:09:05.760,1.6486,1.6489,3.20,0.60
2007.05.02 06:09:07.614,1.6486,1.6489,2.40,0.80
2007.05.02 06:09:08.662,1.6485,1.649,10.30,6.40
2007.05.02 06:09:11.550,1.6485,1.6488,2.40,0.90
2007.05.02 06:09:12.066,1.6484,1.6489,3.20,7.20
2007.05.02 06:09:16.822,1.6485,1.6488,7.90,0.90
2007.05.02 06:09:17.642,1.6485,1.649,10.30,6.40
2007.05.02 06:09:20.852,1.6485,1.649,3.20,14.40
2007.05.02 06:09:22.308,1.6485,1.649,10.30,7.20
2007.05.02 06:09:24.239,1.6485,1.6489,3.20,4.80
2007.05.02 06:09:24.399,1.6485,1.6488,2.40,0.90
2007.05.02 06:09:24.446,1.6484,1.6489,3.20,7.20
2007.05.02 06:09:24.661,1.6484,1.6489,2.40,10.40
2007.05.02 06:09:25.315,1.6485,1.6489,7.10,10.40
2007.05.02 06:09:25.507,1.6485,1.6489,7.10,4.00
2007.05.02 06:09:26.517,1.6485,1.6488,7.10,4.00
2007.05.02 06:09:27.042,1.6485,1.6489,7.10,4.00
2007.05.02 06:09:31.299,1.6484,1.6489,3.20,4.00
2007.05.02 06:09:32.954,1.6484,1.6488,2.40,5.60
2007.05.02 06:09:34.589,1.6483,1.6487,10.30,2.40
2007.05.02 06:09:36.771,1.6484,1.6487,0.80,2.40
2007.05.02 06:09:36.880,1.6484,1.6488,3.20,2.40
2007.05.02 06:09:37.503,1.6484,1.6488,2.40,12.80
2007.05.02 06:09:39.251,1.6484,1.6488,2.40,5.60
2007.05.02 06:09:39.405,1.6484,1.6488,2.40,4.80
2007.05.02 06:09:39.711,1.6483,1.6487,10.30,2.40
2007.05.02 06:09:42.265,1.6483,1.6487,3.20,2.40
2007.05.02 06:09:42.503,1.6483,1.6487,2.40,2.40
2007.05.02 06:09:43.013,1.6483,1.6487,3.20,2.40
2007.05.02 06:09:45.283,1.6483,1.6487,10.30,2.40
2007.05.02 06:09:56.335,1.6484,1.6487,7.10,2.40
2007.05.02 06:09:56.442,1.6484,1.6487,7.90,2.40
2007.05.02 06:09:56.607,1.6483,1.6487,18.20,2.40
2007.05.02 06:09:56.643,1.6484,1.6488,1.00,2.40
2007.05.02 06:09:59.126,1.6484,1.6489,11.90,4.80
2007.05.02 06:09:59.719,1.6483,1.6488,15.10,2.40
2007.05.02 06:10:01.320,1.6484,1.6488,1.40,2.40
2007.05.02 06:10:03.085,1.6484,1.6487,1.40,2.40
2007.05.02 06:10:03.171,1.6484,1.6487,1.20,3.20
2007.05.02 06:10:04.838,1.6483,1.6486,4.00,2.40
2007.05.02 06:10:04.993,1.6481,1.6486,13.10,4.80
2007.05.02 06:10:05.842,1.6481,1.6485,11.10,2.40
2007.05.02 06:10:07.777,1.648,1.6484,16.60,2.40
2007.05.02 06:10:08.401,1.6482,1.6485,0.80,2.40
2007.05.02 06:10:11.979,1.6481,1.6485,4.00,3.20
2007.05.02 06:10:12.397,1.6482,1.6484,1.40,2.40
2007.05.02 06:10:12.544,1.648,1.6484,4.00,2.40
2007.05.02 06:10:14.422,1.648,1.6484,1.20,4.80
2007.05.02 06:10:14.874,1.648,1.6484,1.40,2.40
2007.05.02 06:10:15.873,1.648,1.6484,18.70,2.40
2007.05.02 06:10:15.984,1.6482,1.6484,0.80,2.40
2007.05.02 06:10:17.433,1.6482,1.6486,2.00,2.40
2007.05.02 06:10:18.256,1.6481,1.6486,15.10,2.40
2007.05.02 06:10:18.880,1.6481,1.6486,11.90,2.40
2007.05.02 06:10:19.714,1.6481,1.6485,4.00,2.40
2007.05.02 06:10:21.796,1.6481,1.6485,0.60,2.40
2007.05.02 06:10:21.884,1.6481,1.6485,1.50,2.40
2007.05.02 06:10:21.967,1.648,1.6484,0.90,2.40
2007.05.02 06:10:22.398,1.648,1.6484,3.40,2.40
2007.05.02 06:10:23.739,1.648,1.6484,0.90,2.40
2007.05.02 06:10:23.831,1.6481,1.6484,0.80,2.40
2007.05.02 06:10:24.858,1.648,1.6485,14.40,2.40
2007.05.02 06:10:25.367,1.6482,1.6485,0.80,2.40
2007.05.02 06:10:25.802,1.6482,1.6486,3.20,2.40
2007.05.02 06:10:31.876,1.6481,1.6485,10.30,2.40
2007.05.02 06:10:34.447,1.6482,1.6485,0.80,2.40
2007.05.02 06:10:36.087,1.6482,1.6486,3.20,2.40
2007.05.02 06:10:37.721,1.6482,1.6486,10.30,2.40
2007.05.02 06:10:39.153,1.6482,1.6487,10.30,7.20
2007.05.02 06:10:59.202,1.6483,1.6487,2.40,0.60
2007.05.02 06:11:02.327,1.6482,1.6487,10.30,6.40
2007.05.02 06:11:06.466,1.6482,1.6486,3.20,0.80
2007.05.02 06:11:06.674,1.6482,1.6487,2.40,7.20
2007.05.02 06:11:11.218,1.6481,1.6486,11.90,2.40
2007.05.02 06:11:16.773,1.6482,1.6485,1.00,2.40
2007.05.02 06:11:17.693,1.6481,1.6485,4.00,4.80
2007.05.02 06:11:18.095,1.6481,1.6485,4.00,2.40
2007.05.02 06:11:19.979,1.6481,1.6485,8.00,2.40
2007.05.02 06:11:20.084,1.6481,1.6486,8.00,2.40
2007.05.02 06:11:21.307,1.6481,1.6485,18.20,2.40
2007.05.02 06:11:22.555,1.6482,1.6487,11.90,4.80
2007.05.02 06:11:34.236,1.6484,1.6487,0.60,2.40
2007.05.02 06:11:34.453,1.6483,1.6487,0.80,4.80
2007.05.02 06:11:36.776,1.6483,1.6487,0.60,5.60
2007.05.02 06:11:37.662,1.6481,1.6486,15.10,2.40
2007.05.02 06:11:38.577,1.6482,1.6486,16.00,2.40
2007.05.02 06:11:40.569,1.6483,1.6487,4.80,2.40
2007.05.02 06:11:41.248,1.6483,1.6487,2.40,2.40
2007.05.02 06:11:41.589,1.6483,1.6486,2.40,2.40
2007.05.02 06:11:43.213,1.6482,1.6486,2.40,4.80
2007.05.02 06:11:46.328,1.6484,1.6487,3.20,2.40
2007.05.02 06:11:47.157,1.6484,1.6487,2.40,2.40
2007.05.02 06:11:49.940,1.6484,1.6488,2.40,4.80
2007.05.02 06:11:53.239,1.6484,1.6488,2.40,4.80
2007.05.02 06:11:56.440,1.6484,1.6488,2.40,12.00
2007.05.02 06:11:56.556,1.6483,1.6487,3.20,2.40
2007.05.02 06:11:57.273,1.6483,1.6486,3.20,2.40
2007.05.02 06:11:58.307,1.6483,1.6486,2.40,2.40
2007.05.02 06:11:58.389,1.6482,1.6486,3.20,4.80
2007.05.02 06:12:03.418,1.6482,1.6486,2.40,4.80
2007.05.02 06:12:03.894,1.6482,1.6485,2.40,2.40
2007.05.02 06:12:04.831,1.6482,1.6483,2.40,2.40
2007.05.02 06:12:05.628,1.6481,1.6483,2.40,2.40
2007.05.02 06:12:06.155,1.6481,1.6484,2.40,7.10
2007.05.02 06:12:07.189,1.6481,1.6485,2.40,5.60
2007.05.02 06:12:07.591,1.6481,1.6484,2.40,7.10
2007.05.02 06:12:08.754,1.6481,1.6485,2.40,5.60
2007.05.02 06:12:09.071,1.6481,1.6484,2.40,3.20
2007.05.02 06:12:09.182,1.648,1.6483,0.80,2.40
2007.05.02 06:12:11.563,1.648,1.6484,3.20,4.80
2007.05.02 06:12:11.981,1.648,1.6483,3.20,2.40
2007.05.02 06:12:12.782,1.648,1.6483,2.40,2.40
2007.05.02 06:12:13.122,1.648,1.6484,2.40,9.50
2007.05.02 06:12:14.142,1.6479,1.6483,3.20,2.40
2007.05.02 06:12:14.414,1.648,1.6484,2.40,9.50
2007.05.02 06:12:15.182,1.648,1.6483,2.40,10.40
2007.05.02 06:12:15.780,1.648,1.6483,2.40,0.80
2007.05.02 06:12:16.024,1.6479,1.6483,3.20,2.40
2007.05.02 06:12:16.709,1.6479,1.6483,3.20,9.50
2007.05.02 06:12:16.818,1.6479,1.6483,3.20,12.00
2007.05.02 06:12:16.897,1.6478,1.6483,8.00,12.00
2007.05.02 06:12:16.950,1.6478,1.6483,4.80,12.80
2007.05.02 06:12:17.464,1.6478,1.6483,10.40,2.40
2007.05.02 06:12:19.663,1.6479,1.6483,2.40,5.60
2007.05.02 06:12:21.959,1.6479,1.6482,2.40,2.40
2007.05.02 06:12:24.413,1.6479,1.6482,2.40,5.60
2007.05.02 06:12:24.497,1.6478,1.6481,2.40,2.40
2007.05.02 06:12:26.439,1.6478,1.6482,2.40,5.60
2007.05.02 06:12:27.008,1.6478,1.6482,2.40,3.20
2007.05.02 06:12:27.089,1.6478,1.6482,3.20,2.40
2007.05.02 06:12:27.587,1.6479,1.6483,2.40,12.80
2007.05.02 06:12:28.655,1.6479,1.6483,2.40,10.30
2007.05.02 06:12:29.332,1.6479,1.6482,2.40,0.80
2007.05.02 06:12:29.952,1.6478,1.6482,2.40,3.20
2007.05.02 06:12:31.981,1.6478,1.6482,3.20,2.40
2007.05.02 06:12:33.295,1.6478,1.6482,2.40,3.20
2007.05.02 06:12:33.926,1.6478,1.6482,2.40,2.40
2007.05.02 06:12:40.130,1.6478,1.6481,2.40,0.80
2007.05.02 06:12:42.389,1.6477,1.648,2.40,2.40
2007.05.02 06:12:42.608,1.6477,1.648,3.20,2.40
2007.05.02 06:12:43.133,1.6478,1.648,0.80,2.40
2007.05.02 06:12:43.226,1.6478,1.6481,0.80,2.40
2007.05.02 06:12:44.351,1.6477,1.6481,10.30,2.40
2007.05.02 06:12:45.068,1.6479,1.6483,2.40,2.40
2007.05.02 06:12:46.128,1.648,1.6483,0.80,2.40
2007.05.02 06:12:46.587,1.6481,1.6483,0.80,2.40
2007.05.02 06:12:46.789,1.6481,1.6484,0.80,2.40
2007.05.02 06:12:49.034,1.6481,1.6485,3.20,2.40
2007.05.02 06:12:49.971,1.6481,1.6485,2.40,10.30
2007.05.02 06:12:50.660,1.6481,1.6485,2.40,3.20
2007.05.02 06:12:51.902,1.6481,1.6484,0.80,2.40
2007.05.02 06:12:52.841,1.648,1.6484,3.20,2.40
2007.05.02 06:12:52.999,1.648,1.6485,3.20,11.90
2007.05.02 06:12:54.705,1.6482,1.6484,0.80,0.60
2007.05.02 06:12:56.057,1.6482,1.6485,7.90,4.00
2007.05.02 06:12:56.141,1.6483,1.6484,0.80,0.50
2007.05.02 06:12:56.407,1.6482,1.6486,3.20,4.00
2007.05.02 06:12:56.881,1.6482,1.6485,2.40,0.70
2007.05.02 06:12:59.272,1.6482,1.6486,3.20,4.00
2007.05.02 06:12:59.864,1.6482,1.6487,3.20,11.90
2007.05.02 06:13:00.462,1.6482,1.6487,3.20,16.60
2007.05.02 06:13:00.581,1.6482,1.6486,2.40,11.90
2007.05.02 06:13:00.991,1.6482,1.6486,2.40,16.60
2007.05.02 06:13:02.072,1.6479,1.6484,2.40,4.00
2007.05.02 06:13:02.493,1.6479,1.6484,10.30,4.00
2007.05.02 06:13:03.172,1.6479,1.6484,3.20,11.10
2007.05.02 06:13:03.672,1.648,1.6484,0.80,4.00
2007.05.02 06:13:05.138,1.648,1.6485,3.20,4.00
2007.05.02 06:13:05.550,1.6481,1.6485,2.40,4.00
2007.05.02 06:13:07.769,1.648,1.6485,3.20,11.90
2007.05.02 06:13:10.306,1.6481,1.6486,2.40,11.90
2007.05.02 06:13:12.310,1.6481,1.6486,3.20,4.80
2007.05.02 06:13:12.933,1.6482,1.6486,0.80,4.00
2007.05.02 06:13:13.339,1.6481,1.6485,3.20,0.70
2007.05.02 06:13:14.285,1.6482,1.6485,0.80,0.90
2007.05.02 06:13:15.268,1.6481,1.6485,3.20,0.50
2007.05.02 06:13:15.794,1.6481,1.6485,10.30,0.70
2007.05.02 06:13:16.096,1.6482,1.6486,0.80,4.00
2007.05.02 06:13:16.494,1.6482,1.6487,3.20,4.80
2007.05.02 06:13:18.172,1.6483,1.6486,0.80,0.80
2007.05.02 06:13:26.646,1.6482,1.6486,3.20,2.40
2007.05.02 06:13:31.358,1.6483,1.6486,0.80,2.40
2007.05.02 06:13:33.566,1.6482,1.6486,3.20,2.40
2007.05.02 06:13:34.794,1.6482,1.6486,2.40,9.50
2007.05.02 06:13:36.447,1.6482,1.6486,3.20,2.40
2007.05.02 06:13:37.383,1.6483,1.6486,0.80,2.40
2007.05.02 06:13:40.016,1.6483,1.6486,3.20,2.40
2007.05.02 06:13:40.770,1.6483,1.6487,3.20,2.40
2007.05.02 06:13:41.938,1.6483,1.6486,3.20,2.40
2007.05.02 06:13:43.674,1.6483,1.6486,0.80,2.40
2007.05.02 06:13:44.751,1.6482,1.6486,3.20,2.40
2007.05.02 06:13:47.385,1.6483,1.6486,0.80,2.40
2007.05.02 06:13:49.249,1.6482,1.6486,3.20,2.40
2007.05.02 06:13:51.882,1.6483,1.6486,0.80,2.40
2007.05.02 06:13:52.583,1.6482,1.6486,3.20,2.40
2007.05.02 06:13:53.273,1.6481,1.6486,15.10,2.40
2007.05.02 06:13:58.822,1.6481,1.6486,4.80,10.30
2007.05.02 06:13:59.822,1.6481,1.6485,1.20,2.40
2007.05.02 06:14:02.641,1.6481,1.6485,4.80,2.40
2007.05.02 06:14:04.012,1.6481,1.6485,15.10,2.40
2007.05.02 06:14:04.726,1.6481,1.6486,15.10,2.40
2007.05.02 06:14:12.899,1.6481,1.6486,4.80,10.30
2007.05.02 06:14:14.930,1.6481,1.6485,4.80,2.40
2007.05.02 06:14:16.897,1.6481,1.6485,0.90,2.40
2007.05.02 06:14:19.259,1.6481,1.6485,5.40,2.40
2007.05.02 06:14:19.911,1.6482,1.6486,1.50,2.40
2007.05.02 06:14:22.789,1.648,1.6485,11.90,2.40
2007.05.02 06:14:22.891,1.6481,1.6486,2.40,4.00
2007.05.02 06:14:24.240,1.6481,1.6486,9.50,4.00
2007.05.02 06:14:24.439,1.6481,1.6486,10.30,4.00
2007.05.02 06:14:25.019,1.6482,1.6487,2.40,4.00
2007.05.02 06:14:25.574,1.6482,1.6487,2.40,15.80
2007.05.02 06:14:25.612,1.6482,1.6487,2.40,16.60
2007.05.02 06:14:25.993,1.6482,1.6486,2.40,0.60
2007.05.02 06:14:26.087,1.6482,1.6487,2.40,4.00
2007.05.02 06:14:28.912,1.6481,1.6486,2.40,4.00
2007.05.02 06:14:30.424,1.6481,1.6486,10.30,4.00
2007.05.02 06:14:31.168,1.6482,1.6486,2.40,4.00
2007.05.02 06:14:32.088,1.6482,1.6486,9.50,4.00
2007.05.02 06:14:33.099,1.6483,1.6487,2.40,0.90
2007.05.02 06:14:34.886,1.6484,1.6488,0.80,4.00
2007.05.02 06:14:40.024,1.6483,1.6488,2.40,11.90
2007.05.02 06:14:40.360,1.6482,1.6487,2.40,4.00
2007.05.02 06:14:46.885,1.6484,1.6489,3.20,4.80
2007.05.02 06:14:49.895,1.6484,1.6489,3.20,16.60
2007.05.02 06:14:50.012,1.6483,1.6487,3.20,0.60
2007.05.02 06:14:50.506,1.6483,1.6486,3.20,2.40
2007.05.02 06:14:57.833,1.6483,1.6487,3.20,2.40
2007.05.02 06:15:02.321,1.6483,1.6487,2.40,3.20
2007.05.02 06:15:03.639,1.6482,1.6486,3.20,2.40
2007.05.02 06:15:07.256,1.6483,1.6486,7.10,2.40
2007.05.02 06:15:07.474,1.6483,1.6486,7.90,2.40
2007.05.02 06:15:08.838,1.6482,1.6486,3.20,2.40
2007.05.02 06:15:09.370,1.6483,1.6486,7.90,2.40
2007.05.02 06:15:09.844,1.6483,1.6486,0.80,2.40
2007.05.02 06:15:09.987,1.6482,1.6486,3.20,2.40
2007.05.02 06:15:11.104,1.6482,1.6486,3.20,0.60
2007.05.02 06:15:16.953,1.6485,1.6488,7.10,6.40
2007.05.02 06:15:17.049,1.6485,1.6489,10.30,4.00
2007.05.02 06:15:17.359,1.6485,1.6489,3.20,4.00
2007.05.02 06:15:17.488,1.6485,1.6489,2.40,4.80
2007.05.02 06:15:18.126,1.6481,1.6485,10.30,0.90
2007.05.02 06:15:19.036,1.6482,1.6485,0.80,0.60
2007.05.02 06:15:19.657,1.6482,1.6487,3.20,4.80
2007.05.02 06:15:19.989,1.6483,1.6487,7.90,4.00
2007.05.02 06:15:20.188,1.6483,1.6488,3.20,11.90
2007.05.02 06:15:20.472,1.6483,1.6487,2.40,0.50
2007.05.02 06:15:22.328,1.6483,1.6488,2.40,15.10
2007.05.02 06:15:26.083,1.6483,1.6486,7.90,0.60
2007.05.02 06:15:27.998,1.6483,1.6488,10.30,4.80
2007.05.02 06:15:33.393,1.6483,1.6488,3.20,11.10
2007.05.02 06:15:33.693,1.6483,1.6487,2.40,0.80
2007.05.02 06:15:36.377,1.6483,1.6488,9.50,4.80
2007.05.02 06:15:36.485,1.6483,1.6487,10.30,0.80
2007.05.02 06:15:36.578,1.6484,1.6489,2.40,4.80
2007.05.02 06:15:37.370,1.6483,1.6489,11.90,7.20
2007.05.02 06:15:41.424,1.6484,1.6488,6.40,2.40
2007.05.02 06:15:41.531,1.6485,1.6488,1.70,2.40
2007.05.02 06:15:41.617,1.6486,1.649,1.00,2.40
2007.05.02 06:15:50.126,1.6486,1.649,18.20,2.40
2007.05.02 06:15:50.278,1.6487,1.6492,11.90,2.40
2007.05.02 06:15:50.595,1.6486,1.6491,16.60,2.40
2007.05.02 06:15:51.422,1.6486,1.6491,15.80,3.20
2007.05.02 06:15:51.516,1.6486,1.6491,4.00,3.20
2007.05.02 06:15:51.612,1.6484,1.6489,16.30,2.40
2007.05.02 06:15:55.467,1.6486,1.6489,11.80,2.40
2007.05.02 06:16:01.065,1.6486,1.649,14.20,2.40
2007.05.02 06:16:01.160,1.6486,1.649,18.20,2.40
2007.05.02 06:16:02.282,1.6488,1.6492,1.30,2.40
2007.05.02 06:16:02.828,1.6488,1.6492,1.10,10.30
2007.05.02 06:16:03.740,1.6487,1.6492,11.90,3.20
2007.05.02 06:16:03.824,1.6487,1.6492,11.90,2.40
2007.05.02 06:16:04.365,1.6486,1.6491,16.60,2.40
2007.05.02 06:16:05.691,1.6487,1.6491,11.90,2.40
2007.05.02 06:16:07.679,1.6487,1.6491,10.30,2.40
2007.05.02 06:16:10.796,1.6488,1.6491,2.40,2.40
2007.05.02 06:16:11.403,1.6488,1.6492,2.40,2.40
2007.05.02 06:16:14.808,1.6488,1.6492,2.40,9.50
2007.05.02 06:16:14.917,1.6488,1.6491,2.40,0.80
2007.05.02 06:16:15.341,1.6488,1.6492,2.40,3.20
2007.05.02 06:16:15.867,1.6488,1.6492,9.50,3.20
2007.05.02 06:16:16.029,1.6488,1.6491,7.10,2.40
2007.05.02 06:16:16.187,1.6488,1.6491,7.90,2.40
2007.05.02 06:16:16.387,1.6488,1.6491,0.80,2.40
2007.05.02 06:16:17.366,1.6489,1.6491,0.80,2.40
2007.05.02 06:16:22.339,1.649,1.6493,2.40,2.40
2007.05.02 06:16:23.266,1.649,1.6493,2.40,3.20
2007.05.02 06:16:24.075,1.6489,1.6493,2.40,3.20
2007.05.02 06:16:24.442,1.6489,1.6493,9.50,3.20
2007.05.02 06:16:24.500,1.6489,1.6493,10.30,2.40
2007.05.02 06:16:24.809,1.649,1.6493,2.40,2.40
2007.05.02 06:16:27.277,1.649,1.6494,2.40,3.20
2007.05.02 06:16:28.300,1.6489,1.6493,2.40,2.40
2007.05.02 06:16:31.563,1.6489,1.6493,2.40,3.20
2007.05.02 06:16:32.447,1.6489,1.6492,2.40,2.40
2007.05.02 06:16:36.114,1.6489,1.6492,10.30,2.40
2007.05.02 06:16:36.174,1.6489,1.6492,7.90,2.40
2007.05.02 06:16:37.090,1.6488,1.6492,10.30,2.40
2007.05.02 06:16:37.435,1.6488,1.6492,2.40,3.20
2007.05.02 06:16:37.508,1.6488,1.6492,3.20,2.40
2007.05.02 06:16:37.924,1.649,1.6493,2.40,0.80
2007.05.02 06:16:38.361,1.6489,1.6493,2.40,3.20
2007.05.02 06:16:40.553,1.6489,1.6492,2.40,0.80
2007.05.02 06:16:41.043,1.6489,1.6492,2.40,7.90
2007.05.02 06:16:41.692,1.6489,1.6492,2.40,10.40
2007.05.02 06:16:41.812,1.6488,1.6491,2.40,2.40
2007.05.02 06:16:41.848,1.6487,1.6491,4.00,2.40
2007.05.02 06:16:41.966,1.6486,1.6491,4.80,2.40
2007.05.02 06:16:42.278,1.6486,1.6491,4.80,3.20
2007.05.02 06:16:43.487,1.6487,1.649,1.30,0.80
2007.05.02 06:16:44.451,1.6485,1.649,11.90,3.20
2007.05.02 06:16:46.107,1.6485,1.649,15.10,2.40
2007.05.02 06:16:49.099,1.6486,1.649,1.10,3.20
2007.05.02 06:16:51.083,1.6485,1.649,15.10,2.40
2007.05.02 06:16:51.299,1.6486,1.649,18.20,2.40
2007.05.02 06:16:51.419,1.6486,1.6491,16.60,2.40
2007.05.02 06:16:53.070,1.6486,1.6491,8.00,2.40
2007.05.02 06:16:53.185,1.6486,1.6491,4.80,3.20
2007.05.02 06:16:53.372,1.6486,1.649,1.10,2.40
2007.05.02 06:16:57.616,1.6485,1.649,11.90,3.20
2007.05.02 06:17:01.175,1.6487,1.649,0.50,2.40
2007.05.02 06:17:01.948,1.6487,1.6491,2.00,2.40
2007.05.02 06:17:06.020,1.6486,1.6492,16.60,4.80
2007.05.02 06:17:07.459,1.6486,1.6492,8.00,11.90
2007.05.02 06:17:07.627,1.6486,1.6492,4.80,11.90
2007.05.02 06:17:08.374,1.6487,1.6491,0.60,0.60
2007.05.02 06:17:08.485,1.6486,1.6492,16.60,4.80
2007.05.02 06:17:11.375,1.6487,1.6492,3.20,11.90
2007.05.02 06:17:11.505,1.6487,1.6492,2.40,15.10
2007.05.02 06:17:11.955,1.6486,1.6491,3.20,4.80
2007.05.02 06:17:12.485,1.6486,1.6491,2.40,14.30
2007.05.02 06:17:13.309,1.6486,1.6491,2.40,16.60
2007.05.02 06:17:14.249,1.6486,1.649,2.40,0.90
2007.05.02 06:17:14.333,1.6486,1.6491,3.20,4.80
2007.05.02 06:17:19.744,1.6486,1.6491,3.20,16.60
2007.05.02 06:17:19.837,1.6486,1.6491,2.40,16.60
2007.05.02 06:17:20.250,1.6486,1.649,3.20,0.90
2007.05.02 06:17:44.650,1.6486,1.649,3.20,9.50
2007.05.02 06:17:44.837,1.6486,1.649,2.40,10.30
2007.05.02 06:17:44.989,1.6486,1.6489,2.40,2.40
2007.05.02 06:17:46.937,1.6486,1.649,2.40,9.50
2007.05.02 06:17:47.384,1.6486,1.649,3.20,9.50
2007.05.02 06:17:48.247,1.6486,1.649,2.40,9.50
2007.05.02 06:17:48.860,1.6487,1.649,2.40,9.50
2007.05.02 06:17:51.341,1.6487,1.649,2.40,7.10
2007.05.02 06:17:56.509,1.6486,1.649,4.80,7.10
2007.05.02 06:17:57.109,1.6486,1.6491,4.80,3.20
2007.05.02 06:17:57.314,1.6487,1.6491,1.90,2.40
2007.05.02 06:17:57.629,1.6487,1.649,1.40,7.10
2007.05.02 06:17:57.736,1.6486,1.649,4.80,7.10
2007.05.02 06:18:03.122,1.6487,1.649,4.00,7.10
2007.05.02 06:18:03.469,1.6488,1.6491,1.60,0.80
2007.05.02 06:18:03.615,1.6487,1.6492,4.80,10.30
2007.05.02 06:18:14.276,1.6486,1.6491,8.00,2.40
2007.05.02 06:18:14.940,1.6488,1.6492,0.80,10.30
2007.05.02 06:18:15.868,1.6487,1.6491,1.40,2.40
2007.05.02 06:18:32.261,1.6487,1.6491,2.40,3.20
2007.05.02 06:18:32.368,1.6487,1.6491,3.20,2.40
2007.05.02 06:18:33.738,1.6487,1.6491,10.30,2.40
2007.05.02 06:18:33.967,1.6488,1.6492,2.40,2.40
2007.05.02 06:18:34.776,1.6488,1.6492,3.20,2.40
2007.05.02 06:18:35.587,1.6488,1.6492,1.20,2.40
2007.05.02 06:18:35.991,1.6489,1.6493,1.00,2.40
2007.05.02 06:18:41.581,1.6488,1.6492,2.00,2.40
2007.05.02 06:18:41.618,1.6488,1.6493,4.80,2.40
2007.05.02 06:18:43.668,1.6489,1.6493,1.10,3.20
2007.05.02 06:18:44.302,1.6488,1.6492,1.50,2.40
2007.05.02 06:18:45.449,1.6488,1.649,1.20,7.10
2007.05.02 06:18:45.743,1.6487,1.6492,4.00,12.00
2007.05.02 06:18:46.173,1.6487,1.6492,4.00,9.50
2007.05.02 06:18:46.990,1.6487,1.6492,8.00,9.50
2007.05.02 06:18:47.302,1.6488,1.6492,4.80,7.10
2007.05.02 06:18:47.602,1.6487,1.6492,8.00,9.50
2007.05.02 06:18:51.315,1.6487,1.6491,1.60,2.40
2007.05.02 06:18:52.834,1.6488,1.6492,1.50,10.30
2007.05.02 06:18:54.767,1.6488,1.6492,4.80,7.10
2007.05.02 06:18:56.818,1.6489,1.6493,1.50,2.40
2007.05.02 06:18:56.909,1.649,1.6494,1.00,10.30
2007.05.02 06:18:58.772,1.6488,1.6492,4.80,7.10
2007.05.02 06:19:00.530,1.649,1.6493,4.00,2.40
2007.05.02 06:19:01.312,1.649,1.6495,8.00,2.40
2007.05.02 06:19:03.683,1.6491,1.6495,1.20,3.20
2007.05.02 06:19:04.201,1.6491,1.6492,1.10,0.80
2007.05.02 06:19:04.309,1.6491,1.6492,1.50,7.90
2007.05.02 06:19:04.891,1.649,1.6492,2.40,7.90
2007.05.02 06:19:06.340,1.6487,1.6491,3.20,2.40
2007.05.02 06:19:06.848,1.6487,1.6491,10.30,2.40
2007.05.02 06:19:07.622,1.6489,1.6491,0.80,2.40
2007.05.02 06:19:08.427,1.6489,1.6493,3.20,2.40
2007.05.02 06:19:09.995,1.6489,1.6493,2.40,3.20
2007.05.02 06:19:10.382,1.6489,1.6493,2.40,10.30
2007.05.02 06:19:10.728,1.6489,1.6492,2.40,0.80
2007.05.02 06:19:11.959,1.6489,1.6492,2.40,7.90
2007.05.02 06:19:12.239,1.6489,1.6492,2.40,10.30
2007.05.02 06:19:13.169,1.6487,1.6491,2.40,2.40
2007.05.02 06:19:16.145,1.6487,1.6491,3.20,2.40
2007.05.02 06:19:16.370,1.6487,1.6491,10.30,2.40
2007.05.02 06:19:16.489,1.6488,1.6491,0.80,2.40
2007.05.02 06:19:17.008,1.6489,1.6493,2.40,10.30
2007.05.02 06:19:17.990,1.6489,1.6493,2.40,3.20
2007.05.02 06:19:18.134,1.6489,1.6493,2.40,2.40
2007.05.02 06:19:19.877,1.6489,1.6493,2.40,9.50
2007.05.02 06:19:19.991,1.6489,1.6493,2.40,10.30
2007.05.02 06:19:20.275,1.6489,1.6493,2.40,3.20
2007.05.02 06:19:20.513,1.6489,1.6493,2.40,2.40
2007.05.02 06:19:24.395,1.6489,1.6493,3.20,2.40
2007.05.02 06:19:24.731,1.6491,1.6494,2.40,7.10
2007.05.02 06:19:27.044,1.6491,1.6495,2.40,15.00
2007.05.02 06:19:27.848,1.6491,1.6494,2.40,0.50
2007.05.02 06:19:28.622,1.6491,1.6496,2.40,11.90
2007.05.02 06:19:32.189,1.6489,1.6494,3.20,11.90
2007.05.02 06:19:32.790,1.6491,1.6493,0.80,0.80
2007.05.02 06:19:33.210,1.649,1.6494,0.80,4.00
2007.05.02 06:19:34.329,1.6491,1.6494,0.80,4.00
2007.05.02 06:19:34.871,1.6491,1.6495,3.20,0.70
2007.05.02 06:19:35.444,1.6492,1.6496,0.80,4.00
2007.05.02 06:19:35.518,1.6491,1.6495,2.40,0.50
2007.05.02 06:19:36.759,1.6492,1.6496,2.40,0.80
2007.05.02 06:19:36.956,1.6492,1.6496,2.40,18.20
2007.05.02 06:19:37.633,1.6492,1.6495,2.40,0.80
2007.05.02 06:19:37.692,1.6491,1.6495,2.40,0.50
2007.05.02 06:19:38.798,1.6491,1.6496,3.20,4.80
2007.05.02 06:19:39.182,1.6492,1.6496,0.80,4.00
2007.05.02 06:19:39.387,1.6492,1.6496,7.90,4.00
2007.05.02 06:19:40.015,1.6491,1.6496,3.20,4.80
2007.05.02 06:19:40.194,1.6493,1.6497,2.40,15.10
2007.05.02 06:19:41.444,1.6493,1.6496,2.40,0.50
2007.05.02 06:19:43.385,1.6494,1.6498,2.40,0.70
2007.05.02 06:19:43.800,1.6495,1.6498,0.80,0.80
2007.05.02 06:19:45.060,1.6494,1.6498,2.40,0.60
2007.05.02 06:19:45.460,1.6494,1.6499,3.20,4.00
2007.05.02 06:19:45.851,1.6494,1.6499,10.30,4.00
2007.05.02 06:19:46.276,1.6496,1.65,2.40,0.80
2007.05.02 06:19:47.278,1.6496,1.65,2.40,0.50
2007.05.02 06:19:47.395,1.6496,1.65,2.40,0.80
2007.05.02 06:19:47.691,1.6495,1.6499,2.40,0.70
2007.05.02 06:19:49.923,1.6496,1.65,2.40,0.90
2007.05.02 06:19:50.054,1.6495,1.6499,2.40,0.70
2007.05.02 06:19:53.406,1.6498,1.65,7.10,4.80
2007.05.02 06:19:53.615,1.6499,1.65,0.80,4.00
2007.05.02 06:19:54.148,1.65,1.6505,2.40,13.10
2007.05.02 06:19:55.081,1.6501,1.6505,2.40,0.60
2007.05.02 06:19:56.095,1.6501,1.6504,2.40,7.10
2007.05.02 06:19:56.311,1.6498,1.6502,2.40,2.40
2007.05.02 06:19:58.607,1.6496,1.65,2.40,2.40
2007.05.02 06:19:59.395,1.6496,1.65,2.40,9.50
2007.05.02 06:19:59.493,1.6496,1.65,2.40,10.30
2007.05.02 06:19:59.695,1.6495,1.6499,2.40,2.40
2007.05.02 06:19:59.800,1.6495,1.6499,3.20,2.40
2007.05.02 06:20:00.095,1.6496,1.65,2.40,2.40
2007.05.02 06:20:03.566,1.6496,1.65,9.50,2.40
2007.05.02 06:20:03.676,1.6497,1.6501,3.20,2.40
2007.05.02 06:20:03.868,1.6498,1.6501,0.80,2.40
2007.05.02 06:20:03.997,1.6497,1.6501,3.20,2.40
2007.05.02 06:20:04.376,1.6498,1.6502,2.40,10.30
2007.05.02 06:20:04.873,1.6497,1.6501,3.20,2.40
2007.05.02 06:20:06.786,1.6498,1.6502,2.40,2.40
2007.05.02 06:20:08.960,1.6499,1.6503,2.40,10.30
2007.05.02 06:20:10.269,1.6498,1.6503,4.00,10.30
2007.05.02 06:20:11.255,1.6497,1.6502,4.80,2.40
2007.05.02 06:20:15.834,1.6498,1.6503,4.00,10.30
2007.05.02 06:20:19.058,1.6498,1.6503,11.90,2.40
2007.05.02 06:20:19.426,1.65,1.6504,1.40,2.40
2007.05.02 06:20:20.024,1.6499,1.6503,4.00,7.90
2007.05.02 06:20:20.642,1.6498,1.6503,4.00,10.30
2007.05.02 06:20:20.963,1.6499,1.6503,1.50,2.40
2007.05.02 06:20:21.568,1.65,1.6504,0.60,2.40
2007.05.02 06:20:22.729,1.6499,1.6503,4.00,7.90
2007.05.02 06:20:23.433,1.6498,1.6503,4.00,3.20
2007.05.02 06:20:23.641,1.6499,1.6503,0.80,2.40
2007.05.02 06:20:25.834,1.65,1.6503,0.80,2.40
2007.05.02 06:20:26.430,1.65,1.6505,4.80,2.40
2007.05.02 06:20:28.022,1.65,1.6505,4.00,3.20
2007.05.02 06:20:28.051,1.65,1.6505,4.00,10.30
2007.05.02 06:20:30.568,1.65,1.6504,1.50,2.40
2007.05.02 06:20:32.639,1.65,1.6503,1.60,7.10
2007.05.02 06:20:32.861,1.6499,1.6503,4.00,7.90
2007.05.02 06:20:33.251,1.6499,1.6503,1.40,10.30
2007.05.02 06:20:33.969,1.6498,1.6503,4.80,2.40
2007.05.02 06:20:34.057,1.6499,1.6504,4.00,10.30
2007.05.02 06:20:34.590,1.6499,1.6503,0.80,2.40
2007.05.02 06:20:35.421,1.6498,1.6503,4.00,3.20
2007.05.02 06:20:35.514,1.6498,1.6503,4.00,10.30
2007.05.02 06:20:37.614,1.6498,1.6501,4.00,7.10
2007.05.02 06:20:38.420,1.6498,1.6502,4.00,7.10
2007.05.02 06:20:39.258,1.6499,1.6503,0.80,2.40
2007.05.02 06:20:39.357,1.6498,1.6503,8.00,2.40
2007.05.02 06:20:39.746,1.6501,1.6504,2.40,7.10
2007.05.02 06:20:42.533,1.6499,1.6503,2.40,0.50
2007.05.02 06:20:43.877,1.65,1.6504,2.40,16.60
2007.05.02 06:20:45.039,1.65,1.6504,2.40,15.00
2007.05.02 06:20:45.425,1.65,1.6505,2.40,15.10
2007.05.02 06:20:45.555,1.65,1.6505,2.40,16.60
2007.05.02 06:20:46.028,1.65,1.6504,2.40,14.20
2007.05.02 06:20:47.227,1.65,1.6503,2.40,12.60
2007.05.02 06:20:50.411,1.6499,1.6502,2.40,0.80
2007.05.02 06:20:54.835,1.6499,1.6503,2.40,16.60
2007.05.02 06:21:02.604,1.6498,1.6503,4.00,26.10
2007.05.02 06:21:03.019,1.6498,1.6502,4.00,14.20
2007.05.02 06:21:03.121,1.6497,1.6502,4.00,15.00
2007.05.02 06:21:04.561,1.6498,1.6502,2.40,0.50
2007.05.02 06:21:04.658,1.6498,1.6503,2.40,16.60
2007.05.02 06:21:06.732,1.6498,1.6503,2.40,4.80
2007.05.02 06:21:07.554,1.6498,1.6502,2.40,16.70
2007.05.02 06:21:07.649,1.6496,1.6501,2.40,15.10
2007.05.02 06:21:09.891,1.6495,1.6499,2.40,2.40
2007.05.02 06:21:10.225,1.6495,1.6498,2.40,2.40
2007.05.02 06:21:11.032,1.6495,1.6499,2.40,3.20
2007.05.02 06:21:21.770,1.6495,1.6499,2.40,18.20
2007.05.02 06:21:23.114,1.6495,1.6499,2.40,0.70
2007.05.02 06:21:23.618,1.6494,1.6497,2.40,0.80
2007.05.02 06:21:24.032,1.6494,1.6498,2.40,13.50
2007.05.02 06:21:24.140,1.6495,1.6498,2.40,0.60
2007.05.02 06:21:26.542,1.6495,1.6498,2.40,12.60
2007.05.02 06:21:26.642,1.6494,1.6497,2.40,0.70
2007.05.02 06:21:29.264,1.6493,1.6498,2.40,16.60
2007.05.02 06:21:37.128,1.6493,1.6496,2.40,0.90
2007.05.02 06:21:38.563,1.6492,1.6496,2.40,15.00
2007.05.02 06:21:38.670,1.6492,1.6495,2.40,0.60
2007.05.02 06:21:43.300,1.6492,1.6495,2.40,0.80
2007.05.02 06:21:43.381,1.6492,1.6497,2.40,15.10
2007.05.02 06:21:46.126,1.6492,1.6496,2.40,0.90
2007.05.02 06:21:46.284,1.6492,1.6495,2.40,0.80
2007.05.02 06:21:46.641,1.6492,1.6497,2.40,14.30
2007.05.02 06:21:46.723,1.6492,1.6496,2.40,0.80
2007.05.02 06:21:46.936,1.6491,1.6496,2.40,4.80
2007.05.02 06:22:01.646,1.6492,1.6496,2.40,3.20
2007.05.02 06:22:01.752,1.6492,1.6496,2.40,2.40
2007.05.02 06:22:05.042,1.6492,1.6496,2.40,9.50
2007.05.02 06:22:05.229,1.6492,1.6495,2.40,0.80
2007.05.02 06:22:05.278,1.6491,1.6495,2.40,3.20
2007.05.02 06:22:08.563,1.6491,1.6495,2.40,10.30
2007.05.02 06:22:09.675,1.6491,1.6494,2.40,2.40
2007.05.02 06:22:09.989,1.6491,1.6495,2.40,3.20
2007.05.02 06:22:13.207,1.6491,1.6494,2.40,0.80
2007.05.02 06:22:13.693,1.649,1.6494,2.40,3.20
2007.05.02 06:22:21.564,1.649,1.6494,2.40,10.30
2007.05.02 06:22:22.217,1.6489,1.6493,2.40,3.20
2007.05.02 06:22:25.693,1.6489,1.6493,3.20,2.40
2007.05.02 06:22:26.447,1.649,1.6494,2.40,3.20
2007.05.02 06:22:26.529,1.649,1.6494,3.20,2.40
2007.05.02 06:22:27.808,1.649,1.6494,2.40,3.20
2007.05.02 06:22:28.636,1.6491,1.6494,2.40,0.80
2007.05.02 06:22:28.993,1.649,1.6494,2.40,3.20
2007.05.02 06:22:32.740,1.649,1.6493,2.40,0.80
2007.05.02 06:22:33.063,1.6491,1.6493,2.40,0.80
2007.05.02 06:22:33.862,1.6491,1.6494,2.40,2.40
2007.05.02 06:22:34.158,1.6491,1.6495,2.40,3.20
2007.05.02 06:22:34.577,1.6491,1.6495,2.40,2.40
2007.05.02 06:22:36.375,1.6491,1.6496,2.40,4.00
2007.05.02 06:22:36.979,1.6492,1.6497,2.40,11.10
2007.05.02 06:22:38.540,1.6492,1.6496,3.20,0.80
2007.05.02 06:22:39.608,1.6492,1.6496,2.40,0.50
2007.05.02 06:22:45.214,1.6492,1.6495,2.40,0.50
2007.05.02 06:22:45.309,1.649,1.6494,2.40,0.60
2007.05.02 06:22:49.381,1.649,1.6495,2.40,15.10
2007.05.02 06:22:49.454,1.649,1.6493,2.40,0.80
2007.05.02 06:22:50.682,1.6489,1.6494,2.40,15.10
2007.05.02 06:22:51.302,1.6489,1.6493,3.20,0.60
2007.05.02 06:22:52.220,1.649,1.6495,2.40,14.40
2007.05.02 06:23:03.254,1.649,1.6495,3.20,4.80
2007.05.02 06:23:03.588,1.6491,1.6495,2.40,3.20
2007.05.02 06:23:03.988,1.6491,1.6494,2.40,2.40
2007.05.02 06:23:15.760,1.6491,1.6494,2.40,9.50
2007.05.02 06:23:15.894,1.649,1.6493,3.20,2.40
2007.05.02 06:23:15.965,1.649,1.6493,2.40,2.40
2007.05.02 06:23:16.075,1.6489,1.6493,2.40,2.40
2007.05.02 06:23:16.402,1.6488,1.6492,2.40,2.40
2007.05.02 06:23:22.662,1.6489,1.6493,3.20,2.40
2007.05.02 06:23:23.066,1.649,1.6494,2.40,3.20
2007.05.02 06:23:24.799,1.649,1.6494,3.20,2.40
2007.05.02 06:23:25.670,1.6491,1.6495,2.40,3.20
2007.05.02 06:23:32.247,1.6491,1.6495,3.20,2.40
2007.05.02 06:23:33.705,1.6492,1.6496,2.40,3.20
2007.05.02 06:23:34.756,1.6492,1.6496,2.40,10.30
2007.05.02 06:23:35.370,1.6492,1.6496,2.40,3.20
2007.05.02 06:23:36.378,1.6492,1.6495,2.40,2.40
2007.05.02 06:23:36.503,1.6492,1.6495,2.40,0.70
2007.05.02 06:23:37.645,1.6492,1.6497,2.40,16.30
2007.05.02 06:23:40.842,1.6492,1.6495,2.40,0.80
2007.05.02 06:23:41.969,1.6491,1.6496,2.40,15.10
2007.05.02 06:23:42.097,1.6491,1.6496,2.40,14.30
2007.05.02 06:23:42.371,1.6491,1.6495,2.40,0.80
2007.05.02 06:23:42.500,1.649,1.6495,2.40,14.40
2007.05.02 06:23:44.347,1.649,1.6495,3.20,4.80
2007.05.02 06:23:44.747,1.6491,1.6495,2.40,0.50
2007.05.02 06:23:47.345,1.6491,1.6495,3.20,0.90
2007.05.02 06:23:48.349,1.6491,1.6496,2.40,15.10
2007.05.02 06:23:54.374,1.6491,1.6495,3.20,0.60
2007.05.02 06:23:55.663,1.6492,1.6495,2.40,0.60
2007.05.02 06:23:56.818,1.6492,1.6496,2.40,15.10
2007.05.02 06:23:56.946,1.6491,1.6495,2.40,13.50
2007.05.02 06:23:58.072,1.649,1.6495,2.40,15.10
2007.05.02 06:23:58.367,1.649,1.6494,3.20,0.50
2007.05.02 06:23:59.076,1.6491,1.6494,2.40,0.90
2007.05.02 06:23:59.916,1.6491,1.6494,3.20,0.50
2007.05.02 06:24:00.418,1.6492,1.6495,2.40,0.70
2007.05.02 06:24:01.388,1.6492,1.6497,3.20,4.80
2007.05.02 06:24:02.070,1.6493,1.6498,2.40,15.10
2007.05.02 06:24:03.834,1.6492,1.6496,3.20,0.80
2007.05.02 06:24:03.940,1.6492,1.6497,2.40,15.10
2007.05.02 06:24:05.808,1.6492,1.6497,2.40,15.10
2007.05.02 06:24:06.002,1.6492,1.6495,3.20,2.40
2007.05.02 06:24:07.126,1.6492,1.6496,3.20,2.40
2007.05.02 06:24:07.524,1.6492,1.6496,2.40,3.20
2007.05.02 06:24:08.465,1.6492,1.6496,3.20,2.40
2007.05.02 06:24:08.687,1.6493,1.6497,2.40,3.20
2007.05.02 06:24:14.164,1.6493,1.6497,2.40,2.40
2007.05.02 06:24:16.105,1.6494,1.6498,2.40,9.50
2007.05.02 06:24:16.442,1.6494,1.6498,2.40,2.40
2007.05.02 06:24:19.932,1.6493,1.6497,2.40,2.40
2007.05.02 06:24:20.023,1.6493,1.6497,2.40,3.20
2007.05.02 06:24:21.389,1.6493,1.6497,2.40,10.30
2007.05.02 06:24:21.510,1.6492,1.6496,2.40,2.40
2007.05.02 06:24:22.496,1.6493,1.6496,0.80,2.40
2007.05.02 06:24:22.610,1.6494,1.6498,2.40,2.40
2007.05.02 06:24:31.447,1.6495,1.6498,2.40,2.40
2007.05.02 06:24:34.248,1.6495,1.6499,2.40,10.30
2007.05.02 06:24:35.156,1.6495,1.6499,2.40,0.70
2007.05.02 06:24:39.850,1.6495,1.65,2.40,4.80
2007.05.02 06:24:40.335,1.6495,1.65,2.40,16.60
2007.05.02 06:24:40.378,1.6495,1.6499,2.40,0.60
2007.05.02 06:24:42.153,1.6495,1.65,2.40,4.80
2007.05.02 06:24:42.224,1.6495,1.65,2.40,16.60
2007.05.02 06:24:42.328,1.6495,1.6499,2.40,0.70
2007.05.02 06:24:45.106,1.6496,1.6499,2.40,0.60
2007.05.02 06:24:47.482,1.6496,1.65,2.40,15.10
2007.05.02 06:24:47.776,1.6496,1.6499,2.40,0.90
2007.05.02 06:24:47.799,1.6497,1.65,2.40,0.90
2007.05.02 06:24:53.082,1.6496,1.6501,2.40,15.10
2007.05.02 06:25:00.316,1.6497,1.6502,2.40,15.60
2007.05.02 06:25:52.909,1.6497,1.6501,3.20,2.40
2007.05.02 06:25:53.513,1.6498,1.6502,2.40,10.30
2007.05.02 06:26:02.623,1.6497,1.6501,3.20,2.40
2007.05.02 06:26:02.716,1.6497,1.6501,2.40,3.20
2007.05.02 06:26:04.574,1.6497,1.6501,9.50,3.20
2007.05.02 06:26:04.637,1.6497,1.6501,10.30,2.40
2007.05.02 06:26:05.002,1.6498,1.6502,2.40,3.20
2007.05.02 06:26:07.373,1.6498,1.6502,2.40,10.30
2007.05.02 06:26:07.714,1.6498,1.65,2.40,7.10
2007.05.02 06:26:07.963,1.6498,1.6502,2.40,12.80
2007.05.02 06:26:08.095,1.6498,1.6502,2.40,10.30
2007.05.02 06:26:09.221,1.6498,1.6501,2.40,2.40
2007.05.02 06:26:12.670,1.6497,1.6501,9.50,2.40
2007.05.02 06:26:12.837,1.6497,1.6501,10.30,2.40
2007.05.02 06:26:17.056,1.6497,1.6501,2.40,3.20
2007.05.02 06:26:17.694,1.6497,1.6502,2.40,15.10
2007.05.02 06:26:17.904,1.6496,1.6501,3.20,4.80
2007.05.02 06:26:19.773,1.6497,1.65,7.10,2.40
2007.05.02 06:26:20.388,1.6497,1.6501,9.50,2.40
2007.05.02 06:26:20.813,1.6497,1.6501,3.20,2.40
2007.05.02 06:26:20.896,1.6497,1.6501,2.40,2.40
2007.05.02 06:26:24.240,1.6497,1.65,2.40,7.10
2007.05.02 06:26:24.334,1.6496,1.65,3.20,9.50
2007.05.02 06:26:24.416,1.6496,1.65,2.40,9.50
2007.05.02 06:26:30.012,1.6496,1.65,3.20,2.40
2007.05.02 06:26:30.909,1.6496,1.65,2.40,10.30
2007.05.02 06:26:31.347,1.6496,1.65,2.40,9.50
2007.05.02 06:26:32.874,1.6496,1.65,2.40,10.30
2007.05.02 06:26:33.395,1.6495,1.6499,3.20,2.40
2007.05.02 06:26:33.810,1.6495,1.6499,2.40,3.20
2007.05.02 06:26:34.539,1.6495,1.6499,3.20,2.40
2007.05.02 06:26:39.067,1.6496,1.65,2.40,9.50
2007.05.02 06:26:41.439,1.6496,1.65,3.20,2.40
2007.05.02 06:26:41.851,1.6496,1.65,2.40,9.50
2007.05.02 06:26:42.450,1.6496,1.65,2.40,2.40
2007.05.02 06:26:42.488,1.6496,1.65,3.20,2.40
2007.05.02 06:27:03.024,1.6495,1.6499,9.50,2.40
2007.05.02 06:27:09.139,1.6495,1.6499,9.50,0.80
2007.05.02 06:27:12.431,1.6497,1.6501,2.40,0.60
2007.05.02 06:27:17.023,1.6495,1.65,9.50,4.00
2007.05.02 06:27:19.241,1.6495,1.65,2.40,10.40
2007.05.02 06:27:20.549,1.6494,1.6499,3.20,7.20
2007.05.02 06:27:23.827,1.6494,1.6499,2.40,14.30
2007.05.02 06:27:25.251,1.6493,1.6497,5.60,0.90
2007.05.02 06:27:26.128,1.6494,1.6499,2.40,14.30
2007.05.02 06:27:26.358,1.6494,1.6499,2.40,14.40
2007.05.02 06:27:27.196,1.6493,1.6497,3.20,0.90
2007.05.02 06:27:43.078,1.6493,1.6497,5.60,2.40
2007.05.02 06:27:45.028,1.6493,1.6497,3.20,2.40
2007.05.02 06:27:48.026,1.6493,1.6497,3.20,4.80
2007.05.02 06:27:48.552,1.6493,1.6497,2.40,5.60
2007.05.02 06:27:49.411,1.6492,1.6496,2.40,2.40
2007.05.02 06:27:49.949,1.6492,1.6496,9.50,2.40
2007.05.02 06:27:51.542,1.6493,1.6497,2.40,2.40
2007.05.02 06:27:54.428,1.6492,1.6495,2.40,4.80
2007.05.02 06:27:56.182,1.6492,1.6495,2.40,2.40
2007.05.02 06:27:56.500,1.6492,1.6496,3.20,2.40
2007.05.02 06:27:57.331,1.6492,1.6496,10.30,2.40
2007.05.02 06:28:00.666,1.6492,1.6495,3.20,2.40
2007.05.02 06:28:00.703,1.6492,1.6495,2.40,2.40
2007.05.02 06:28:02.076,1.6491,1.6495,3.20,4.80
2007.05.02 06:28:02.301,1.6492,1.6495,0.80,2.40
2007.05.02 06:28:02.816,1.6492,1.6496,3.20,2.40
2007.05.02 06:28:04.789,1.6492,1.6496,10.30,2.40
2007.05.02 06:28:06.370,1.6492,1.6496,5.50,2.40
2007.05.02 06:28:06.510,1.6493,1.6496,2.40,2.40
2007.05.02 06:28:07.766,1.6493,1.6495,2.40,2.40
2007.05.02 06:28:08.092,1.6492,1.6495,2.40,2.40
2007.05.02 06:28:12.789,1.6492,1.6496,2.40,3.20
2007.05.02 06:28:12.900,1.6493,1.6497,2.40,12.80
2007.05.02 06:28:13.779,1.6493,1.6497,2.40,5.60
2007.05.02 06:28:13.897,1.6493,1.6497,2.40,4.80
2007.05.02 06:28:14.776,1.6493,1.6497,2.40,5.60
2007.05.02 06:28:16.132,1.6492,1.6496,2.40,2.40
2007.05.02 06:28:18.575,1.6494,1.6498,2.40,5.60
2007.05.02 06:28:18.995,1.6494,1.6497,2.40,2.40
2007.05.02 06:28:20.073,1.6494,1.6498,2.40,5.60
2007.05.02 06:28:20.980,1.6494,1.6497,2.40,2.40
2007.05.02 06:28:21.803,1.6493,1.6497,2.40,4.80
2007.05.02 06:28:25.940,1.6493,1.6497,2.40,5.60
2007.05.02 06:28:26.293,1.6492,1.6496,2.40,2.40
2007.05.02 06:28:28.141,1.6492,1.6495,2.40,2.40
2007.05.02 06:28:35.473,1.6491,1.6495,3.20,2.40
2007.05.02 06:28:36.192,1.6492,1.6496,2.40,10.30
2007.05.02 06:28:36.416,1.6492,1.6496,2.40,3.20
2007.05.02 06:28:36.694,1.6492,1.6496,3.20,2.40
2007.05.02 06:28:36.730,1.6492,1.6496,10.30,2.40
2007.05.02 06:28:38.141,1.6493,1.6496,2.40,2.40
2007.05.02 06:28:39.237,1.6493,1.6494,2.40,0.80
2007.05.02 06:28:40.143,1.6492,1.6493,2.40,2.40
2007.05.02 06:28:40.901,1.649,1.6493,2.40,2.40
2007.05.02 06:28:48.178,1.649,1.6493,2.40,9.60
2007.05.02 06:28:49.696,1.649,1.6493,2.40,2.40
2007.05.02 06:28:55.073,1.649,1.6494,3.20,2.40
2007.05.02 06:28:55.097,1.6491,1.6495,2.40,5.60
2007.05.02 06:28:55.727,1.649,1.6495,4.80,5.60
2007.05.02 06:28:55.890,1.649,1.6495,4.80,10.30
2007.05.02 06:28:56.085,1.6489,1.6493,4.80,2.40
2007.05.02 06:29:01.559,1.6491,1.6493,1.50,2.40
2007.05.02 06:29:02.113,1.649,1.6494,11.10,0.80
2007.05.02 06:29:02.195,1.6492,1.6495,4.00,2.40
2007.05.02 06:29:06.533,1.6493,1.6495,1.10,3.20
2007.05.02 06:29:06.952,1.6492,1.6495,4.00,2.40
2007.05.02 06:29:16.611,1.6491,1.6495,4.80,2.40
2007.05.02 06:29:19.744,1.6491,1.6495,4.00,10.40
2007.05.02 06:29:19.984,1.6491,1.6495,4.00,3.20
2007.05.02 06:29:20.092,1.6491,1.6495,4.80,2.40
2007.05.02 06:29:20.212,1.6492,1.6496,1.40,10.30
2007.05.02 06:29:20.738,1.6491,1.6495,4.00,3.20
2007.05.02 06:29:20.915,1.6492,1.6495,0.50,2.40
2007.05.02 06:29:22.691,1.6492,1.6495,4.00,2.40
2007.05.02 06:29:22.796,1.6492,1.6494,4.00,2.40
2007.05.02 06:29:23.196,1.6491,1.6494,4.00,2.40
2007.05.02 06:29:33.303,1.6491,1.6494,2.40,2.40
2007.05.02 06:29:36.091,1.649,1.6493,2.40,2.40
2007.05.02 06:29:37.767,1.649,1.6494,2.40,5.60
2007.05.02 06:29:37.949,1.649,1.6494,2.40,4.80
2007.05.02 06:29:38.265,1.649,1.6494,12.80,2.40
2007.05.02 06:29:38.372,1.6491,1.6495,3.20,2.40
2007.05.02 06:29:39.390,1.6491,1.6495,2.40,2.40
2007.05.02 06:29:40.026,1.6492,1.6496,2.40,12.80
2007.05.02 06:29:41.684,1.6492,1.6495,2.40,2.40
2007.05.02 06:29:43.329,1.6491,1.6495,10.30,2.40
2007.05.02 06:29:44.044,1.6492,1.6496,2.40,4.80
2007.05.02 06:29:44.825,1.6491,1.6496,11.90,4.80
2007.05.02 06:29:47.358,1.6492,1.6495,2.40,2.40
2007.05.02 06:29:48.294,1.6492,1.6496,2.40,5.60
2007.05.02 06:29:48.399,1.6492,1.6496,3.20,4.80
2007.05.02 06:29:54.198,1.6493,1.6496,2.40,2.40
2007.05.02 06:29:56.147,1.6493,1.6497,2.40,5.60
2007.05.02 06:29:56.460,1.6493,1.6497,3.20,4.80
2007.05.02 06:29:57.165,1.6493,1.6497,2.40,5.60
2007.05.02 06:29:58.445,1.6493,1.6497,3.20,4.80
2007.05.02 06:29:58.727,1.6493,1.6497,3.20,2.40
2007.05.02 06:29:58.940,1.6495,1.6498,2.40,7.90
2007.05.02 06:29:59.460,1.6495,1.6499,2.40,5.60
2007.05.02 06:29:59.771,1.6495,1.6499,2.40,3.20
2007.05.02 06:30:02.554,1.6496,1.6499,2.40,3.20
2007.05.02 06:30:03.095,1.6496,1.6499,2.40,0.80
2007.05.02 06:30:06.854,1.6495,1.6498,2.40,2.40
2007.05.02 06:30:06.995,1.6495,1.6498,2.40,3.20
2007.05.02 06:30:07.183,1.6495,1.6497,2.40,2.40
2007.05.02 06:30:07.823,1.6495,1.6498,2.40,0.80
2007.05.02 06:30:07.957,1.6495,1.6499,3.20,4.80
2007.05.02 06:30:08.243,1.6495,1.6499,10.30,2.40
2007.05.02 06:30:08.304,1.6496,1.6499,0.80,2.40
2007.05.02 06:30:08.580,1.6496,1.65,2.40,12.80
2007.05.02 06:30:09.874,1.6496,1.6501,2.40,14.40
2007.05.02 06:30:10.852,1.6496,1.65,2.40,0.90
2007.05.02 06:30:11.120,1.6497,1.6501,2.40,0.90
2007.05.02 06:30:11.671,1.6495,1.6499,2.40,5.60
2007.05.02 06:30:15.174,1.6496,1.6501,2.40,19.10
2007.05.02 06:30:20.635,1.6497,1.6502,2.40,19.20
2007.05.02 06:30:21.781,1.6497,1.6501,2.40,0.60
2007.05.02 06:30:22.098,1.6497,1.6502,2.40,19.20
2007.05.02 06:30:22.281,1.6497,1.6502,2.40,19.10
2007.05.02 06:30:22.588,1.6497,1.6502,2.40,19.20
2007.05.02 06:30:22.992,1.6497,1.6501,2.40,0.90
2007.05.02 06:30:23.196,1.6496,1.65,2.40,0.60
2007.05.02 06:30:24.144,1.6496,1.6499,2.40,0.50
2007.05.02 06:30:24.343,1.6495,1.6499,3.20,0.60
2007.05.02 06:30:24.568,1.6496,1.6501,2.40,19.10
2007.05.02 06:30:25.982,1.6495,1.65,3.20,7.20
2007.05.02 06:30:29.314,1.6495,1.65,3.20,19.20
2007.05.02 06:30:29.399,1.6495,1.65,2.40,19.20
2007.05.02 06:30:29.713,1.6495,1.6497,2.40,0.90
2007.05.02 06:30:30.647,1.6494,1.6498,2.40,17.60
2007.05.02 06:30:32.608,1.6494,1.6499,2.40,19.20
2007.05.02 06:30:32.703,1.6495,1.6499,2.40,0.50
2007.05.02 06:30:40.909,1.6494,1.6498,2.40,5.60
2007.05.02 06:30:41.760,1.6494,1.6498,3.20,4.80
2007.05.02 06:30:42.119,1.6495,1.6498,2.40,2.40
2007.05.02 06:30:42.760,1.6495,1.6498,3.20,2.40
2007.05.02 06:30:43.065,1.6495,1.6499,3.20,2.40
2007.05.02 06:30:44.465,1.6496,1.65,2.40,16.80
2007.05.02 06:30:44.886,1.6496,1.65,2.40,2.40
2007.05.02 06:30:45.104,1.6496,1.65,3.20,2.40
2007.05.02 06:30:45.827,1.6497,1.6501,2.40,5.60
2007.05.02 06:30:54.402,1.6496,1.6501,4.80,5.60
2007.05.02 06:31:00.043,1.6496,1.65,4.80,2.40
2007.05.02 06:31:00.137,1.6495,1.65,4.80,5.60
2007.05.02 06:31:04.822,1.6496,1.6499,1.00,15.20
2007.05.02 06:31:05.233,1.6496,1.6499,0.80,12.70
2007.05.02 06:31:05.819,1.6494,1.6499,4.00,15.10
2007.05.02 06:31:06.028,1.6494,1.6499,4.00,17.60
2007.05.02 06:31:06.994,1.6494,1.6499,15.90,3.20
2007.05.02 06:31:07.062,1.6495,1.6499,1.30,2.40
2007.05.02 06:31:07.268,1.6494,1.6499,10.40,2.40
2007.05.02 06:31:07.500,1.6496,1.65,1.40,14.30
2007.05.02 06:31:09.768,1.6495,1.65,4.80,4.80
2007.05.02 06:31:09.849,1.6495,1.65,4.80,5.60
2007.05.02 06:31:20.924,1.6496,1.65,4.00,3.20
2007.05.02 06:31:21.638,1.6497,1.65,0.80,2.40
2007.05.02 06:31:21.756,1.6496,1.6501,4.80,5.60
2007.05.02 06:31:22.023,1.6497,1.6501,4.80,2.40
2007.05.02 06:31:22.801,1.6497,1.6502,4.00,15.10
2007.05.02 06:31:23.233,1.6497,1.6501,4.00,2.40
2007.05.02 06:31:24.156,1.6497,1.6501,2.40,4.80
2007.05.02 06:31:24.792,1.6497,1.6501,0.60,4.80
2007.05.02 06:31:25.703,1.6497,1.6501,1.50,2.40
2007.05.02 06:31:26.154,1.6497,1.6502,4.00,14.30
2007.05.02 06:31:27.260,1.6498,1.6502,1.20,16.80
2007.05.02 06:31:27.367,1.6497,1.6502,4.00,17.60
2007.05.02 06:31:31.207,1.6498,1.6502,1.40,18.40
2007.05.02 06:31:31.231,1.6496,1.65,4.00,3.20
2007.05.02 06:31:37.220,1.6497,1.65,1.60,15.20
2007.05.02 06:31:37.396,1.6497,1.6499,1.10,0.80
2007.05.02 06:31:37.417,1.6495,1.6499,4.00,0.80
2007.05.02 06:31:39.512,1.6495,1.6499,4.00,3.20
2007.05.02 06:31:39.714,1.6495,1.6499,4.00,2.40
2007.05.02 06:31:40.397,1.6495,1.65,4.80,5.60
2007.05.02 06:31:43.365,1.6495,1.65,8.00,4.80
2007.05.02 06:31:55.748,1.6496,1.65,3.20,16.80
2007.05.02 06:31:55.838,1.6496,1.65,2.40,17.60
2007.05.02 06:31:57.369,1.6496,1.6499,2.40,2.40
2007.05.02 06:31:57.472,1.6496,1.6499,2.40,3.20
2007.05.02 06:31:58.759,1.6495,1.6499,2.40,5.60
2007.05.02 06:31:59.866,1.6494,1.6499,4.00,5.60
2007.05.02 06:32:00.497,1.6494,1.6499,19.90,2.40
2007.05.02 06:32:01.089,1.6496,1.65,0.70,5.60
2007.05.02 06:32:05.439,1.6496,1.65,1.30,2.40
2007.05.02 06:32:05.741,1.6497,1.6501,1.60,2.40
2007.05.02 06:32:29.067,1.6497,1.65,2.40,2.40
2007.05.02 06:32:33.931,1.6497,1.6498,2.40,3.20
2007.05.02 06:32:34.004,1.6495,1.6498,2.40,5.60
2007.05.02 06:32:34.171,1.6495,1.6498,0.70,5.60
2007.05.02 06:32:35.077,1.6494,1.6498,4.00,3.20
2007.05.02 06:32:37.090,1.6494,1.6498,0.60,5.60
2007.05.02 06:32:40.310,1.6492,1.6497,20.70,2.40
2007.05.02 06:32:42.385,1.6494,1.6498,0.70,2.40
2007.05.02 06:32:42.767,1.6493,1.6498,19.10,2.40
2007.05.02 06:32:42.993,1.6495,1.6498,0.80,2.40
2007.05.02 06:32:44.043,1.6494,1.6499,16.70,2.40
2007.05.02 06:32:48.798,1.6495,1.6499,2.40,2.40
2007.05.02 06:32:48.960,1.6495,1.65,19.20,2.40
2007.05.02 06:32:49.796,1.6495,1.6498,18.40,0.80
2007.05.02 06:32:50.067,1.6492,1.6497,20.70,2.40
2007.05.02 06:32:51.914,1.6493,1.6497,17.50,2.40
2007.05.02 06:32:59.412,1.6495,1.6499,1.20,3.20
2007.05.02 06:32:59.522,1.6493,1.6498,19.90,2.40
2007.05.02 06:33:01.341,1.6493,1.6498,16.70,2.40
2007.05.02 06:33:03.413,1.6494,1.6498,14.30,2.40
2007.05.02 06:33:03.518,1.6495,1.6498,2.40,2.40
2007.05.02 06:33:05.633,1.6494,1.6498,14.30,2.40
2007.05.02 06:33:06.723,1.6495,1.6498,2.40,2.40
2007.05.02 06:33:07.045,1.6495,1.6499,2.40,2.40
2007.05.02 06:33:08.912,1.6495,1.6499,2.40,5.60
2007.05.02 06:33:09.515,1.6494,1.6498,2.40,2.40
2007.05.02 06:33:10.689,1.6495,1.6498,0.80,2.40
2007.05.02 06:33:11.358,1.6495,1.6499,3.20,2.40
2007.05.02 06:33:19.761,1.6495,1.6499,3.20,4.80
2007.05.02 06:33:19.833,1.6495,1.6499,2.40,5.60
2007.05.02 06:33:19.966,1.6494,1.6498,7.10,2.40
2007.05.02 06:33:22.002,1.6494,1.6496,3.20,4.70
2007.05.02 06:33:22.126,1.6495,1.6496,2.40,4.70
2007.05.02 06:33:22.219,1.6495,1.6496,2.40,5.50
2007.05.02 06:33:22.332,1.6495,1.6496,2.40,8.00
2007.05.02 06:33:22.428,1.6491,1.6495,2.40,2.40
2007.05.02 06:33:22.842,1.6491,1.6495,14.30,4.80
2007.05.02 06:33:22.939,1.6492,1.6495,0.80,4.80
2007.05.02 06:33:23.148,1.6492,1.6495,3.20,2.40
2007.05.02 06:33:23.244,1.6492,1.6496,3.20,4.80
2007.05.02 06:33:23.768,1.6492,1.6496,3.20,9.60
2007.05.02 06:33:23.862,1.6492,1.6496,2.40,10.40
2007.05.02 06:33:25.318,1.6492,1.6496,3.20,4.80
2007.05.02 06:33:26.980,1.6492,1.6495,0.80,2.40
2007.05.02 06:33:37.297,1.6491,1.6495,3.20,2.40
2007.05.02 06:33:38.716,1.6492,1.6495,0.80,2.40
2007.05.02 06:33:40.428,1.6492,1.6495,0.80,0.70
2007.05.02 06:33:41.033,1.6492,1.6495,0.80,0.60
2007.05.02 06:33:41.448,1.6491,1.6496,2.40,11.90
2007.05.02 06:33:46.164,1.6491,1.6495,14.30,0.60
2007.05.02 06:33:46.370,1.6492,1.6495,0.80,0.50
2007.05.02 06:33:46.801,1.6492,1.6496,0.80,6.40
2007.05.02 06:33:54.316,1.6491,1.6496,3.20,12.00
2007.05.02 06:34:00.024,1.6492,1.6495,0.80,0.70
2007.05.02 06:34:00.541,1.6491,1.6496,3.20,19.20
2007.05.02 06:34:03.502,1.6491,1.6494,3.20,0.60
2007.05.02 06:34:03.636,1.6491,1.6495,2.40,10.30
2007.05.02 06:34:04.226,1.649,1.6495,3.20,11.90
2007.05.02 06:34:06.921,1.649,1.6494,2.40,10.30
2007.05.02 06:34:07.227,1.649,1.6494,2.40,0.70
2007.05.02 06:34:11.677,1.6489,1.6494,3.20,12.00
2007.05.02 06:34:14.264,1.6489,1.6494,15.10,7.20
2007.05.02 06:34:14.378,1.649,1.6493,0.80,0.70
2007.05.02 06:34:14.880,1.6489,1.6493,3.20,0.80
2007.05.02 06:34:15.779,1.649,1.6494,2.40,10.30
2007.05.02 06:34:15.899,1.6489,1.6493,2.40,0.80
2007.05.02 06:34:26.445,1.6489,1.6493,2.40,16.70
2007.05.02 06:34:26.640,1.6488,1.6492,3.20,0.70
2007.05.02 06:34:27.100,1.6488,1.6492,3.20,9.50
2007.05.02 06:34:27.254,1.6488,1.6491,15.10,0.90
2007.05.02 06:34:27.583,1.6488,1.6493,15.10,6.40
2007.05.02 06:34:29.765,1.6488,1.6493,3.20,18.30
2007.05.02 06:34:29.976,1.6488,1.6491,3.20,0.60
2007.05.02 06:34:30.598,1.6488,1.6492,2.40,10.30
2007.05.02 06:34:30.692,1.6487,1.6491,3.20,0.90
2007.05.02 06:34:36.705,1.6487,1.6492,3.20,12.00
2007.05.02 06:34:37.865,1.6487,1.6491,2.40,10.30
2007.05.02 06:34:38.465,1.6487,1.6492,2.40,12.00
2007.05.02 06:34:38.607,1.6487,1.6492,3.20,18.30
2007.05.02 06:34:39.308,1.6487,1.649,3.20,0.80
2007.05.02 06:34:39.483,1.6487,1.649,2.40,0.80
2007.05.02 06:34:42.281,1.6487,1.6492,3.20,19.20
2007.05.02 06:34:42.478,1.6487,1.6492,2.40,19.20
2007.05.02 06:34:43.051,1.6487,1.6492,3.20,18.40
2007.05.02 06:34:43.096,1.6487,1.6492,15.10,6.40
2007.05.02 06:34:44.186,1.6487,1.6492,15.10,6.40
2007.05.02 06:34:44.981,1.6487,1.6492,15.10,7.20
2007.05.02 06:34:46.932,1.6488,1.6493,2.40,11.90
2007.05.02 06:34:47.901,1.6488,1.6493,3.20,11.90
2007.05.02 06:34:49.693,1.6488,1.6492,0.70,4.80
2007.05.02 06:34:58.842,1.6486,1.6491,12.00,2.40
2007.05.02 06:34:58.948,1.6487,1.649,1.10,2.40
2007.05.02 06:34:59.565,1.6486,1.649,1.70,2.40
2007.05.02 06:35:00.060,1.6486,1.649,0.80,2.40
2007.05.02 06:35:01.527,1.6485,1.6489,18.20,2.40
2007.05.02 06:35:06.817,1.6485,1.6489,7.20,2.40
2007.05.02 06:35:06.900,1.6484,1.6489,11.90,2.40
2007.05.02 06:35:07.329,1.6485,1.6489,1.30,2.40
2007.05.02 06:35:07.843,1.6484,1.6489,11.90,2.40
2007.05.02 06:35:08.783,1.6485,1.6489,17.50,2.40
2007.05.02 06:35:08.858,1.6485,1.6489,17.50,2.40
2007.05.02 06:35:11.766,1.6485,1.6489,8.80,2.40
2007.05.02 06:35:11.846,1.6484,1.6489,11.90,2.40
2007.05.02 06:35:14.790,1.6486,1.6489,2.20,2.40
2007.05.02 06:35:14.837,1.6486,1.6489,1.90,2.40
2007.05.02 06:35:15.491,1.6486,1.6489,0.80,2.40
2007.05.02 06:35:15.708,1.6484,1.6489,12.70,2.40
2007.05.02 06:35:17.035,1.6484,1.6489,11.90,2.40
2007.05.02 06:35:19.087,1.6486,1.6489,1.10,2.40
2007.05.02 06:35:19.584,1.6486,1.6489,3.10,2.40
2007.05.02 06:35:24.452,1.6486,1.649,1.90,2.40
2007.05.02 06:35:26.189,1.6487,1.649,2.10,2.40
2007.05.02 06:35:26.368,1.6486,1.649,17.50,2.40
2007.05.02 06:35:26.451,1.6486,1.6491,12.00,2.40
2007.05.02 06:35:27.924,1.6486,1.6492,22.40,4.80
2007.05.02 06:35:40.045,1.6488,1.6493,2.40,19.20
2007.05.02 06:35:42.459,1.6488,1.6492,3.20,0.90
2007.05.02 06:35:44.937,1.6488,1.6492,10.40,0.70
2007.05.02 06:36:00.297,1.6488,1.6492,3.20,2.40
2007.05.02 06:36:00.790,1.6488,1.6492,2.40,2.40
2007.05.02 06:36:01.003,1.6489,1.6492,2.40,2.40
2007.05.02 06:36:02.890,1.6488,1.6492,3.20,2.40
2007.05.02 06:36:03.286,1.6488,1.6492,10.40,2.40
2007.05.02 06:36:07.184,1.6488,1.6492,5.60,7.10
2007.05.02 06:36:07.277,1.6488,1.6492,2.40,7.90
2007.05.02 06:36:08.924,1.6488,1.6492,15.10,2.40
2007.05.02 06:36:09.479,1.6489,1.6493,2.40,2.40
2007.05.02 06:36:11.954,1.6489,1.6492,2.40,2.40
2007.05.02 06:36:14.108,1.6488,1.6492,15.10,2.40
2007.05.02 06:36:14.287,1.6488,1.6492,3.20,7.10
2007.05.02 06:36:14.939,1.6489,1.6493,2.40,2.40
2007.05.02 06:36:17.985,1.6489,1.6492,2.40,5.50
2007.05.02 06:36:18.034,1.6488,1.6492,2.40,7.90
2007.05.02 06:36:19.574,1.6487,1.6491,3.20,2.40
2007.05.02 06:36:22.157,1.6487,1.6491,3.20,0.50
2007.05.02 06:36:27.003,1.6487,1.6491,3.20,0.80
2007.05.02 06:36:29.310,1.6487,1.6491,3.20,0.70
2007.05.02 06:36:32.369,1.6487,1.6492,2.40,12.00
2007.05.02 06:36:37.426,1.6486,1.6491,2.40,19.10
2007.05.02 06:36:40.753,1.6484,1.6488,4.70,4.00
2007.05.02 06:36:40.851,1.6484,1.6488,8.00,4.00
2007.05.02 06:36:42.675,1.6484,1.6488,10.40,0.80
2007.05.02 06:36:46.261,1.6486,1.6488,4.70,0.80
2007.05.02 06:36:46.383,1.6486,1.6489,5.50,4.00
2007.05.02 06:36:47.162,1.6486,1.6491,7.90,7.20
2007.05.02 06:36:48.795,1.6486,1.6491,3.20,20.00
2007.05.02 06:36:49.065,1.6486,1.649,2.40,20.80
2007.05.02 06:36:49.475,1.6484,1.6488,10.40,2.40
2007.05.02 06:36:50.175,1.6485,1.6488,0.80,2.40
2007.05.02 06:36:50.703,1.6485,1.6488,12.70,2.40
2007.05.02 06:36:50.800,1.6485,1.6489,15.10,2.40
2007.05.02 06:36:54.616,1.6485,1.6489,17.60,2.40
2007.05.02 06:36:54.741,1.6486,1.649,3.20,2.40
2007.05.02 06:36:58.547,1.6487,1.649,2.40,2.40
2007.05.02 06:37:02.155,1.6487,1.6491,2.40,10.40
2007.05.02 06:37:02.556,1.6487,1.6491,3.20,9.60
2007.05.02 06:37:02.875,1.6487,1.6491,2.40,10.40
2007.05.02 06:37:03.077,1.6487,1.649,2.40,2.40
2007.05.02 06:37:03.888,1.6487,1.649,3.20,2.40
2007.05.02 06:37:03.986,1.6487,1.6491,3.20,9.60
2007.05.02 06:37:04.307,1.6487,1.6491,2.40,10.40
2007.05.02 06:37:04.734,1.6487,1.649,2.40,2.40
2007.05.02 06:37:08.242,1.6487,1.6491,2.40,10.40
2007.05.02 06:37:28.084,1.6487,1.649,2.40,2.40
2007.05.02 06:37:34.320,1.6487,1.6489,2.40,4.70
2007.05.02 06:37:34.693,1.6485,1.6489,3.20,7.10
2007.05.02 06:37:37.051,1.6485,1.6489,3.20,9.60
2007.05.02 06:37:37.365,1.6485,1.6489,2.40,10.40
2007.05.02 06:37:37.907,1.6485,1.6488,2.40,4.70
2007.05.02 06:37:38.771,1.6485,1.6489,2.40,10.40
2007.05.02 06:37:38.971,1.6485,1.6488,2.40,4.70
2007.05.02 06:37:41.113,1.6485,1.6489,2.40,10.40
2007.05.02 06:37:41.396,1.6485,1.6489,4.80,7.90
2007.05.02 06:37:41.584,1.6485,1.6488,2.40,2.40
2007.05.02 06:37:41.966,1.6485,1.6488,3.20,2.40
2007.05.02 06:37:43.184,1.6485,1.6489,5.60,2.40
2007.05.02 06:37:46.034,1.6486,1.649,3.20,7.10
2007.05.02 06:37:46.463,1.6486,1.649,2.40,7.90
2007.05.02 06:37:46.592,1.6485,1.6489,3.20,2.40
2007.05.02 06:37:46.776,1.6485,1.6488,3.20,4.70
2007.05.02 06:37:47.019,1.6485,1.6488,2.40,4.70
2007.05.02 06:37:49.947,1.6484,1.6488,4.80,4.70
2007.05.02 06:38:00.447,1.6483,1.6488,8.00,7.10
2007.05.02 06:38:00.879,1.6483,1.6488,4.80,7.10
2007.05.02 06:38:02.405,1.6484,1.6488,1.20,7.90
2007.05.02 06:38:02.526,1.6483,1.6488,19.20,2.40
2007.05.02 06:38:04.459,1.6485,1.6489,1.30,3.20
2007.05.02 06:38:06.162,1.6485,1.6489,3.00,2.40
2007.05.02 06:38:07.268,1.6485,1.6489,7.20,2.40
2007.05.02 06:38:08.304,1.6484,1.6489,12.00,2.40
2007.05.02 06:38:08.953,1.6484,1.6489,19.10,2.40
2007.05.02 06:38:09.746,1.6485,1.6489,7.20,2.40
2007.05.02 06:38:11.969,1.6485,1.6489,11.90,2.40
2007.05.02 06:38:12.237,1.6485,1.6489,11.90,2.40
2007.05.02 06:38:12.299,1.6486,1.649,9.50,2.40
2007.05.02 06:38:13.254,1.6487,1.649,0.50,2.40
2007.05.02 06:38:13.983,1.6486,1.649,19.10,2.40
2007.05.02 06:38:15.986,1.6486,1.6491,9.50,3.20
2007.05.02 06:38:17.605,1.6486,1.649,4.20,2.40
2007.05.02 06:38:18.861,1.6486,1.649,3.20,7.10
2007.05.02 06:38:19.066,1.6486,1.649,2.40,7.10
2007.05.02 06:38:28.033,1.6485,1.649,7.20,7.10
2007.05.02 06:38:35.057,1.6487,1.649,0.80,4.70
2007.05.02 06:38:35.236,1.6486,1.6491,18.30,3.20
2007.05.02 06:38:35.352,1.6486,1.6491,19.10,2.40
2007.05.02 06:38:37.085,1.6487,1.6491,0.90,2.40
2007.05.02 06:38:37.397,1.6486,1.649,8.00,4.70
2007.05.02 06:38:37.612,1.6487,1.649,0.80,4.70
2007.05.02 06:38:38.437,1.6485,1.649,7.20,7.10
2007.05.02 06:38:41.376,1.6486,1.6489,1.60,0.80
2007.05.02 06:38:42.210,1.6484,1.6489,19.20,3.20
2007.05.02 06:38:42.307,1.6485,1.6489,1.00,2.40
2007.05.02 06:38:42.715,1.6485,1.6489,0.60,2.40
2007.05.02 06:38:43.636,1.6486,1.649,0.80,7.10
2007.05.02 06:38:53.485,1.6486,1.649,1.40,14.30
2007.05.02 06:38:54.887,1.6485,1.6489,1.40,3.20
2007.05.02 06:38:57.132,1.6484,1.6489,19.10,2.40
2007.05.02 06:38:57.488,1.6485,1.6489,2.40,3.20
2007.05.02 06:38:59.351,1.6485,1.6489,2.40,2.40
2007.05.02 06:39:00.387,1.6485,1.6489,2.40,3.20
2007.05.02 06:39:00.897,1.6485,1.6489,2.40,17.60
2007.05.02 06:39:01.280,1.6486,1.6489,4.70,5.60
2007.05.02 06:39:01.637,1.6486,1.6489,4.70,2.40
2007.05.02 06:39:01.818,1.6485,1.6489,5.60,2.40
2007.05.02 06:39:01.901,1.6485,1.6489,2.40,2.40
2007.05.02 06:39:02.327,1.6486,1.6489,4.70,2.40
2007.05.02 06:39:02.568,1.6486,1.649,7.10,2.40
2007.05.02 06:39:07.273,1.6486,1.649,7.90,2.40
2007.05.02 06:39:07.796,1.6486,1.649,7.10,2.40
2007.05.02 06:39:08.745,1.6487,1.649,2.40,2.40
2007.05.02 06:39:09.007,1.6487,1.649,3.20,2.40
2007.05.02 06:39:09.094,1.6486,1.649,3.20,2.40
2007.05.02 06:39:09.185,1.6485,1.649,19.90,2.40
2007.05.02 06:39:09.366,1.6486,1.6491,4.80,10.40
2007.05.02 06:39:11.110,1.6485,1.649,19.90,2.40
2007.05.02 06:39:11.650,1.6486,1.649,0.90,7.10
2007.05.02 06:39:11.865,1.6485,1.649,4.00,10.40
2007.05.02 06:39:12.767,1.6486,1.649,1.50,5.60
2007.05.02 06:39:12.982,1.6485,1.649,19.90,4.80
2007.05.02 06:39:13.066,1.6486,1.649,0.70,2.40
2007.05.02 06:39:13.961,1.6485,1.649,7.20,7.90
2007.05.02 06:39:14.216,1.6485,1.649,4.80,10.40
2007.05.02 06:39:16.489,1.6484,1.6489,16.70,2.40
2007.05.02 06:39:19.804,1.6484,1.6489,19.90,2.40
2007.05.02 06:39:20.093,1.6485,1.6489,15.00,2.40
2007.05.02 06:39:20.238,1.6486,1.6489,0.70,2.40
2007.05.02 06:39:20.303,1.6485,1.649,16.60,2.40
2007.05.02 06:39:20.830,1.6486,1.649,13.50,2.40
2007.05.02 06:39:21.184,1.6487,1.6491,3.00,2.40
2007.05.02 06:39:22.508,1.6486,1.6491,11.90,3.20
2007.05.02 06:39:22.941,1.6486,1.6491,4.80,10.40
2007.05.02 06:39:23.949,1.6485,1.649,19.90,2.40
2007.05.02 06:39:26.371,1.6486,1.649,13.50,2.40
2007.05.02 06:39:26.878,1.6486,1.6491,11.90,2.40
2007.05.02 06:39:30.228,1.6488,1.6492,1.50,3.20
2007.05.02 06:39:30.757,1.6488,1.6492,1.70,2.40
2007.05.02 06:39:32.575,1.649,1.6492,0.80,2.40
2007.05.02 06:39:32.693,1.6489,1.6494,19.90,2.40
2007.05.02 06:39:33.098,1.649,1.6494,0.50,14.30
2007.05.02 06:39:33.202,1.6488,1.6493,11.90,2.40
2007.05.02 06:39:35.807,1.6488,1.6493,4.80,10.40
2007.05.02 06:39:37.274,1.6489,1.6493,20.80,2.40
2007.05.02 06:39:37.606,1.649,1.6494,0.60,2.40
2007.05.02 06:39:38.675,1.649,1.6494,3.20,14.30
2007.05.02 06:39:38.807,1.649,1.6494,2.40,15.10
2007.05.02 06:39:39.487,1.649,1.6492,0.80,2.40
2007.05.02 06:39:40.355,1.6491,1.6494,11.90,2.40
2007.05.02 06:39:40.484,1.6491,1.6494,12.70,2.40
2007.05.02 06:39:41.064,1.6491,1.6495,15.10,2.40
2007.05.02 06:39:42.097,1.6491,1.6495,3.20,2.40
2007.05.02 06:39:42.307,1.6491,1.6495,2.40,3.20
2007.05.02 06:39:42.601,1.6491,1.6495,14.30,3.20
2007.05.02 06:39:42.726,1.6491,1.6495,15.10,2.40
2007.05.02 06:39:45.077,1.6491,1.6495,3.20,2.40
2007.05.02 06:39:45.184,1.649,1.6494,2.40,2.40
2007.05.02 06:39:45.289,1.6489,1.6493,14.30,2.40
2007.05.02 06:39:45.594,1.6489,1.6493,2.40,2.40
2007.05.02 06:39:45.806,1.6488,1.6492,2.40,2.40
2007.05.02 06:39:46.740,1.6491,1.6492,12.70,2.40
2007.05.02 06:39:46.958,1.6491,1.6495,15.10,2.40
2007.05.02 06:39:50.065,1.6491,1.6495,14.30,3.20
2007.05.02 06:39:50.185,1.6491,1.6495,2.40,3.20
2007.05.02 06:39:50.373,1.6489,1.6493,14.30,2.40
2007.05.02 06:39:51.247,1.6489,1.6493,2.40,2.40
2007.05.02 06:39:51.483,1.6488,1.6492,2.40,2.40
2007.05.02 06:39:54.709,1.6487,1.6491,2.40,2.40
2007.05.02 06:39:55.451,1.649,1.6491,0.80,2.40
2007.05.02 06:39:56.160,1.6487,1.6491,3.20,2.40
2007.05.02 06:39:56.454,1.6487,1.6491,5.60,2.40
2007.05.02 06:39:56.778,1.6487,1.6491,17.60,2.40
2007.05.02 06:39:56.814,1.6488,1.6492,2.40,2.40
2007.05.02 06:39:58.124,1.6488,1.6492,14.30,2.40
2007.05.02 06:39:58.210,1.649,1.6492,0.80,2.40
2007.05.02 06:39:59.551,1.649,1.6494,3.20,7.10
2007.05.02 06:40:00.063,1.649,1.6494,2.40,15.10
2007.05.02 06:40:00.773,1.6488,1.6492,2.40,2.40
2007.05.02 06:40:01.186,1.6488,1.6491,2.40,2.40
2007.05.02 06:40:02.477,1.6488,1.6492,2.40,4.00
2007.05.02 06:40:03.168,1.6491,1.6494,2.40,0.60
2007.05.02 06:40:03.288,1.6491,1.6495,2.40,16.60
2007.05.02 06:40:03.699,1.6491,1.6494,2.40,0.50
2007.05.02 06:40:04.650,1.6491,1.6495,4.80,0.60
2007.05.02 06:40:05.163,1.6491,1.6494,2.40,18.30
2007.05.02 06:40:05.445,1.6489,1.6494,2.40,12.00
2007.05.02 06:40:06.695,1.6489,1.6493,3.20,0.80
2007.05.02 06:40:09.677,1.6489,1.6493,3.20,4.00
2007.05.02 06:40:14.272,1.6489,1.6494,3.20,9.50
2007.05.02 06:40:15.480,1.6489,1.6492,0.80,0.80
2007.05.02 06:40:16.218,1.6489,1.6493,3.20,4.00
2007.05.02 06:40:17.066,1.6489,1.6492,5.60,0.60
2007.05.02 06:40:17.370,1.6489,1.6494,5.60,9.50
2007.05.02 06:40:26.179,1.6489,1.6493,5.60,14.20
2007.05.02 06:40:26.402,1.6489,1.6493,4.80,15.00
2007.05.02 06:40:27.435,1.6489,1.6492,2.40,0.80
2007.05.02 06:40:29.604,1.6488,1.6493,2.40,16.60
2007.05.02 06:40:31.363,1.6488,1.6492,3.20,7.10
2007.05.02 06:40:31.926,1.6489,1.6492,2.40,7.10
2007.05.02 06:40:36.012,1.6488,1.6492,3.20,7.10
2007.05.02 06:40:36.422,1.6488,1.6492,2.40,7.90
2007.05.02 06:40:40.827,1.6488,1.649,2.40,4.70
2007.05.02 06:40:41.648,1.6487,1.649,4.80,4.70
2007.05.02 06:40:42.818,1.6487,1.6491,5.60,2.40
2007.05.02 06:40:42.937,1.6488,1.6492,2.40,7.90
2007.05.02 06:40:44.400,1.6488,1.649,2.40,4.70
2007.05.02 06:40:44.763,1.6488,1.6492,2.40,7.90
2007.05.02 06:40:48.117,1.6487,1.6491,5.60,2.40
2007.05.02 06:40:48.849,1.6487,1.6491,3.20,2.40
2007.05.02 06:40:49.746,1.6489,1.6492,2.40,7.10
2007.05.02 06:40:56.258,1.6489,1.6492,2.40,2.40
2007.05.02 06:40:57.749,1.6489,1.6493,4.80,7.90
2007.05.02 06:40:59.562,1.6489,1.6492,4.80,4.70
2007.05.02 06:40:59.691,1.6489,1.6492,2.40,5.50
2007.05.02 06:41:00.287,1.6489,1.6492,2.40,12.70
2007.05.02 06:41:01.710,1.6487,1.6491,5.60,2.40
2007.05.02 06:41:02.295,1.6487,1.6489,3.20,2.40
2007.05.02 06:41:02.884,1.6489,1.649,2.40,1.60
2007.05.02 06:41:05.155,1.6489,1.649,2.40,2.40
2007.05.02 06:41:05.993,1.6489,1.6492,2.40,7.10
2007.05.02 06:41:07.148,1.6488,1.6492,3.20,7.10
2007.05.02 06:41:07.475,1.6488,1.6492,2.40,7.90
2007.05.02 06:41:09.101,1.6488,1.6492,2.40,0.50
2007.05.02 06:41:11.299,1.6487,1.6492,5.60,9.50
2007.05.02 06:41:13.363,1.6487,1.6491,3.20,0.70
2007.05.02 06:41:15.302,1.6489,1.6493,2.40,16.60
2007.05.02 06:41:17.943,1.6489,1.6493,4.80,16.60
2007.05.02 06:41:18.800,1.6489,1.6493,2.40,16.60
2007.05.02 06:41:18.883,1.6489,1.6493,2.40,16.60
2007.05.02 06:41:20.353,1.6488,1.6493,2.40,16.60
2007.05.02 06:41:21.078,1.6489,1.6493,2.40,16.60
2007.05.02 06:41:21.362,1.6489,1.6493,2.40,16.60
2007.05.02 06:41:46.547,1.6489,1.6493,5.60,7.10
2007.05.02 06:41:46.911,1.649,1.6493,2.40,7.10
2007.05.02 06:41:53.389,1.6489,1.6493,15.10,2.40
2007.05.02 06:41:53.736,1.6491,1.6494,3.20,2.40
2007.05.02 06:41:54.885,1.6492,1.6494,2.40,2.40
2007.05.02 06:41:55.088,1.6492,1.6494,3.20,2.40
2007.05.02 06:41:56.346,1.6492,1.6494,2.40,2.40
2007.05.02 06:41:56.438,1.6492,1.6495,4.80,4.70
2007.05.02 06:41:58.317,1.6492,1.6495,2.40,4.70
2007.05.02 06:41:58.452,1.6492,1.6495,2.40,5.50
2007.05.02 06:42:00.164,1.6491,1.6494,2.40,2.40
2007.05.02 06:42:00.496,1.649,1.6494,4.80,2.40
2007.05.02 06:42:01.351,1.6491,1.6494,2.40,2.40
2007.05.02 06:42:02.069,1.6489,1.6492,4.80,4.70
2007.05.02 06:42:02.808,1.6489,1.6493,4.80,7.90
2007.05.02 06:42:03.416,1.6489,1.6493,1.80,7.90
2007.05.02 06:42:03.912,1.6489,1.6493,0.90,2.40
2007.05.02 06:42:04.651,1.6489,1.6493,14.30,2.40
2007.05.02 06:42:05.945,1.6491,1.6493,2.40,4.70
2007.05.02 06:42:07.529,1.649,1.6493,2.40,7.10
2007.05.02 06:42:12.783,1.649,1.6492,2.40,0.80
2007.05.02 06:42:13.193,1.649,1.6491,2.40,4.70
2007.05.02 06:42:13.296,1.6489,1.6491,2.40,4.70
2007.05.02 06:42:13.733,1.6488,1.6491,2.40,7.10
2007.05.02 06:42:14.669,1.6488,1.6491,2.40,2.40
2007.05.02 06:42:14.785,1.6489,1.6492,2.40,2.40
2007.05.02 06:42:15.099,1.6488,1.6492,4.80,2.40
2007.05.02 06:42:16.455,1.6488,1.6492,10.40,2.40
2007.05.02 06:42:16.832,1.6488,1.6491,8.00,2.40
2007.05.02 06:42:17.259,1.6488,1.6492,10.40,2.40
2007.05.02 06:42:17.895,1.6488,1.6492,5.60,2.40
2007.05.02 06:42:18.848,1.6489,1.6493,2.40,7.90
2007.05.02 06:42:20.392,1.6489,1.6491,2.40,4.70
2007.05.02 06:42:21.231,1.6488,1.6491,4.80,4.70
2007.05.02 06:42:25.452,1.6489,1.6491,2.40,4.70
2007.05.02 06:42:27.004,1.6489,1.6493,2.40,7.90
2007.05.02 06:42:31.770,1.6489,1.6493,4.80,7.90
2007.05.02 06:42:32.472,1.6489,1.6494,4.80,16.60
2007.05.02 06:42:33.367,1.649,1.6494,2.40,18.20
2007.05.02 06:42:34.019,1.6489,1.6493,4.80,7.90
2007.05.02 06:42:35.616,1.6489,1.6492,2.40,2.40
2007.05.02 06:42:48.277,1.6488,1.6492,5.60,2.40
2007.05.02 06:42:48.473,1.6488,1.6492,4.80,2.40
2007.05.02 06:42:49.041,1.6488,1.6491,4.80,4.70
2007.05.02 06:42:49.456,1.6488,1.6491,2.40,7.10
2007.05.02 06:42:50.765,1.6487,1.6491,5.60,7.10
2007.05.02 06:42:50.981,1.6487,1.6491,4.80,7.90
2007.05.02 06:42:53.076,1.6488,1.6491,2.40,7.10
2007.05.02 06:42:53.279,1.6488,1.6491,2.40,7.90
2007.05.02 06:42:53.795,1.6487,1.6491,4.80,7.90
2007.05.02 06:42:54.407,1.6488,1.6491,2.40,7.90
2007.05.02 06:42:54.563,1.6488,1.6491,2.40,7.10
2007.05.02 06:42:56.790,1.6488,1.6491,2.40,7.90
2007.05.02 06:42:57.298,1.6488,1.6491,2.40,7.10
2007.05.02 06:42:59.090,1.6487,1.6491,5.60,7.10
2007.05.02 06:42:59.703,1.6487,1.649,4.80,4.70
2007.05.02 06:42:59.816,1.6487,1.649,5.60,4.70
2007.05.02 06:42:59.915,1.6487,1.6491,17.60,2.40
2007.05.02 06:43:00.215,1.6487,1.6491,5.60,2.40
2007.05.02 06:43:00.513,1.6487,1.6491,17.60,2.40
2007.05.02 06:43:00.913,1.6488,1.6491,0.80,2.40
2007.05.02 06:43:01.122,1.6488,1.6491,3.20,2.40
2007.05.02 06:43:01.561,1.6488,1.6492,5.60,2.40
2007.05.02 06:43:01.644,1.6489,1.6493,2.40,2.40
2007.05.02 06:43:05.059,1.649,1.6493,3.20,2.40
2007.05.02 06:43:05.170,1.649,1.6494,5.60,2.40
2007.05.02 06:43:08.243,1.6491,1.6494,2.40,2.40
2007.05.02 06:43:14.687,1.6491,1.6496,2.40,16.60
2007.05.02 06:43:23.848,1.6491,1.6495,2.40,3.20
2007.05.02 06:43:23.956,1.6492,1.6495,2.40,2.40
2007.05.02 06:43:24.077,1.6492,1.6495,2.40,3.20
2007.05.02 06:43:24.163,1.6492,1.6495,2.40,7.90
2007.05.02 06:43:25.481,1.6492,1.6495,2.40,5.50
2007.05.02 06:43:25.793,1.6491,1.6495,4.80,7.90
2007.05.02 06:43:25.987,1.6491,1.6495,2.40,7.90
2007.05.02 06:43:27.063,1.6491,1.6495,2.40,2.40
2007.05.02 06:43:27.144,1.6492,1.6495,2.40,2.40
2007.05.02 06:43:27.456,1.6492,1.6496,2.40,17.60
2007.05.02 06:43:30.041,1.6491,1.6495,2.40,7.90
2007.05.02 06:43:34.649,1.6491,1.6493,2.40,4.70
2007.05.02 06:43:34.958,1.649,1.6493,4.80,4.70
2007.05.02 06:43:37.141,1.6491,1.6494,14.40,2.40
2007.05.02 06:43:37.273,1.6491,1.6494,15.20,2.40
2007.05.02 06:43:39.229,1.6491,1.6495,17.60,2.40
2007.05.02 06:43:40.048,1.6491,1.6495,15.10,2.40
2007.05.02 06:43:40.547,1.6491,1.6495,2.40,7.90
2007.05.02 06:43:43.039,1.6492,1.6495,2.40,7.90
2007.05.02 06:43:43.132,1.649,1.6494,3.20,2.40
2007.05.02 06:43:43.519,1.6492,1.6495,2.40,7.10
2007.05.02 06:43:44.359,1.6491,1.6495,4.80,7.90
2007.05.02 06:43:48.759,1.6491,1.6494,2.40,2.40
2007.05.02 06:43:50.106,1.6491,1.6495,4.80,7.90
2007.05.02 06:43:50.728,1.6492,1.6495,2.40,7.90
2007.05.02 06:43:51.137,1.6492,1.6495,2.40,7.10
2007.05.02 06:43:51.587,1.6492,1.6494,2.40,4.70
2007.05.02 06:43:51.670,1.6491,1.6494,5.60,4.70
2007.05.02 06:43:51.771,1.6491,1.6494,4.80,4.70
2007.05.02 06:43:52.082,1.6491,1.6494,4.80,5.50
2007.05.02 06:43:52.180,1.6491,1.6494,2.40,5.50
2007.05.02 06:43:52.602,1.649,1.6494,2.40,7.90
2007.05.02 06:43:54.284,1.649,1.6494,2.40,15.10
2007.05.02 06:43:55.130,1.6491,1.6495,2.40,7.90
2007.05.02 06:43:56.680,1.6492,1.6495,2.40,7.10
2007.05.02 06:43:56.765,1.6492,1.6495,2.40,0.70
2007.05.02 06:43:59.152,1.6491,1.6495,2.40,7.90
2007.05.02 06:44:00.976,1.6491,1.6494,2.40,12.70
2007.05.02 06:44:02.200,1.6491,1.6493,2.40,0.80
2007.05.02 06:44:02.884,1.6491,1.6494,2.40,12.70
2007.05.02 06:44:02.975,1.6491,1.6494,2.40,0.80
2007.05.02 06:44:03.202,1.6491,1.6495,4.80,7.90
2007.05.02 06:44:05.569,1.6491,1.6494,2.40,11.90
2007.05.02 06:44:05.826,1.6491,1.6494,2.40,12.70
2007.05.02 06:44:06.716,1.649,1.6493,2.40,0.80
2007.05.02 06:44:10.638,1.649,1.6494,2.40,15.10
2007.05.02 06:44:11.862,1.6491,1.6494,2.40,12.70
2007.05.02 06:44:14.344,1.6491,1.6494,2.40,0.80
2007.05.02 06:44:14.446,1.6491,1.6495,2.40,14.30
2007.05.02 06:44:14.859,1.6491,1.6495,2.40,2.40
2007.05.02 06:44:15.281,1.6491,1.6495,16.80,2.40
2007.05.02 06:44:15.469,1.6491,1.6495,17.60,2.40
2007.05.02 06:44:16.232,1.6493,1.6495,2.40,2.40
2007.05.02 06:44:16.327,1.6493,1.6496,2.40,2.40
2007.05.02 06:44:17.470,1.6492,1.6496,4.80,2.40
2007.05.02 06:44:18.028,1.6491,1.6496,19.10,2.40
2007.05.02 06:44:18.361,1.6492,1.6495,1.40,2.40
2007.05.02 06:44:18.789,1.6491,1.6495,6.40,7.90
2007.05.02 06:44:20.131,1.6491,1.6495,4.80,7.90
2007.05.02 06:44:22.555,1.6491,1.6495,16.80,3.20
2007.05.02 06:44:22.604,1.6492,1.6495,2.40,2.40
2007.05.02 06:44:23.538,1.6492,1.6496,4.80,3.20
2007.05.02 06:44:24.877,1.6492,1.6496,4.80,2.40
2007.05.02 06:44:25.091,1.6492,1.6496,4.80,14.30
2007.05.02 06:44:25.208,1.6492,1.6496,2.40,17.60
2007.05.02 06:44:25.946,1.6492,1.6496,2.40,3.20
2007.05.02 06:44:29.629,1.6492,1.6495,2.40,0.80
2007.05.02 06:44:30.355,1.6491,1.6495,9.60,3.20
2007.05.02 06:44:31.281,1.6491,1.6495,4.80,3.20
2007.05.02 06:44:31.928,1.6491,1.6495,2.40,2.40
2007.05.02 06:44:32.319,1.6491,1.6494,2.40,2.40
2007.05.02 06:44:32.539,1.6491,1.6495,2.40,2.40
2007.05.02 06:44:33.057,1.6491,1.6495,2.40,3.20
2007.05.02 06:44:33.564,1.6491,1.6495,2.40,2.40
2007.05.02 06:44:34.073,1.6491,1.6495,2.40,3.20
2007.05.02 06:44:34.500,1.6491,1.6495,9.60,3.20
2007.05.02 06:44:34.816,1.6491,1.6495,2.40,3.20
2007.05.02 06:44:36.655,1.6491,1.6494,2.40,0.80
2007.05.02 06:44:36.751,1.6491,1.6494,2.40,15.20
2007.05.02 06:44:37.165,1.6488,1.6492,2.40,2.40
2007.05.02 06:44:39.071,1.6488,1.6492,2.40,0.60
2007.05.02 06:44:39.257,1.6488,1.6492,3.20,0.90
2007.05.02 06:44:39.339,1.6489,1.6494,2.40,16.70
2007.05.02 06:44:42.361,1.6489,1.6493,2.40,4.00
2007.05.02 06:44:43.577,1.649,1.6494,2.40,19.20
2007.05.02 06:44:44.427,1.6489,1.6494,2.40,19.20
2007.05.02 06:44:45.244,1.649,1.6495,2.40,19.20
2007.05.02 06:44:45.341,1.649,1.6493,2.40,0.80
2007.05.02 06:44:46.184,1.649,1.6494,4.80,6.40
2007.05.02 06:44:46.267,1.649,1.6494,4.80,0.60
2007.05.02 06:44:47.325,1.6491,1.6495,2.40,11.10
2007.05.02 06:44:48.981,1.6491,1.6495,4.80,0.50
2007.05.02 06:44:49.063,1.6492,1.6496,2.40,18.20
2007.05.02 06:44:50.107,1.6492,1.6495,2.40,0.80
2007.05.02 06:44:50.617,1.6491,1.6495,2.40,10.30
2007.05.02 06:44:51.223,1.6491,1.6495,2.40,20.80
2007.05.02 06:44:52.143,1.649,1.6495,4.80,12.70
2007.05.02 06:44:52.449,1.6491,1.6496,2.40,16.60
2007.05.02 06:44:52.672,1.6491,1.6496,4.80,16.60
2007.05.02 06:44:53.108,1.6492,1.6496,2.40,18.20
2007.05.02 06:45:01.855,1.6492,1.6496,2.40,17.50
2007.05.02 06:45:02.825,1.6491,1.6494,2.40,0.60
2007.05.02 06:45:02.894,1.649,1.6494,2.40,0.60
2007.05.02 06:45:04.039,1.649,1.6494,2.40,0.70
2007.05.02 06:45:04.641,1.649,1.6494,3.20,4.00
2007.05.02 06:45:05.613,1.6491,1.6496,2.40,17.40
2007.05.02 06:45:06.927,1.6491,1.6493,2.40,0.60
2007.05.02 06:45:08.278,1.649,1.6494,2.40,18.20
2007.05.02 06:45:08.703,1.649,1.6494,2.40,6.40
2007.05.02 06:45:08.917,1.649,1.6495,2.40,12.00
2007.05.02 06:45:09.017,1.649,1.6495,4.80,12.70
2007.05.02 06:45:10.236,1.649,1.6494,2.40,0.80
2007.05.02 06:45:10.342,1.649,1.6494,2.40,20.80
2007.05.02 06:45:10.442,1.6488,1.6493,2.40,4.80
2007.05.02 06:45:10.656,1.6489,1.6493,0.80,4.00
2007.05.02 06:45:10.750,1.6489,1.6493,12.70,4.00
2007.05.02 06:45:10.954,1.649,1.6494,2.40,0.60
2007.05.02 06:45:11.144,1.6491,1.6494,2.40,0.60
2007.05.02 06:45:11.561,1.6491,1.6494,2.40,6.40
2007.05.02 06:45:11.891,1.649,1.6494,2.40,20.80
2007.05.02 06:45:12.207,1.649,1.6495,4.80,12.70
2007.05.02 06:45:12.314,1.649,1.6495,4.80,9.50
2007.05.02 06:45:12.410,1.6491,1.6495,2.40,0.80
2007.05.02 06:45:14.255,1.649,1.6494,2.40,0.90
2007.05.02 06:45:15.406,1.649,1.6494,2.40,20.80
2007.05.02 06:45:19.319,1.6489,1.6493,2.40,0.80
2007.05.02 06:45:24.294,1.6489,1.6493,2.40,15.10
2007.05.02 06:45:24.575,1.6489,1.6493,2.40,18.30
2007.05.02 06:45:25.520,1.6488,1.6492,2.40,15.10
2007.05.02 06:45:27.830,1.6489,1.6492,2.40,3.20
2007.05.02 06:45:27.893,1.6489,1.6492,2.40,2.40
2007.05.02 06:45:29.638,1.6489,1.6493,4.80,7.90
2007.05.02 06:45:30.072,1.649,1.6493,2.40,7.90
2007.05.02 06:45:30.456,1.649,1.6493,2.40,2.40
2007.05.02 06:45:31.220,1.649,1.6494,4.80,3.20
2007.05.02 06:45:32.026,1.649,1.6494,2.40,3.20
2007.05.02 06:45:32.302,1.649,1.6494,1.50,3.20
2007.05.02 06:45:32.335,1.649,1.6493,2.40,4.70
2007.05.02 06:45:32.576,1.649,1.6493,2.40,5.50
2007.05.02 06:45:33.055,1.6489,1.6493,4.80,7.90
2007.05.02 06:45:37.013,1.649,1.6493,2.40,5.50
2007.05.02 06:45:38.136,1.649,1.6494,4.80,3.20
2007.05.02 06:46:00.475,1.6491,1.6494,2.40,3.20
2007.05.02 06:46:01.364,1.6491,1.6494,2.40,0.80
2007.05.02 06:46:15.957,1.649,1.6494,4.80,0.70
2007.05.02 06:46:16.050,1.6491,1.6495,2.40,9.50
2007.05.02 06:46:17.254,1.6491,1.6496,4.80,16.60
2007.05.02 06:46:17.351,1.6491,1.6494,4.80,11.80
2007.05.02 06:46:17.447,1.6491,1.6494,2.40,11.80
2007.05.02 06:46:17.883,1.6491,1.6494,2.40,0.80
2007.05.02 06:46:17.975,1.6491,1.6496,2.40,11.90
2007.05.02 06:46:22.963,1.6491,1.6494,2.40,0.60
2007.05.02 06:46:24.027,1.6491,1.6495,4.80,9.50
2007.05.02 06:46:24.488,1.6491,1.6495,4.80,0.60
2007.05.02 06:46:25.450,1.6491,1.6496,2.40,16.60
2007.05.02 06:46:28.872,1.6491,1.6493,2.40,0.90
2007.05.02 06:46:29.271,1.6491,1.6494,2.40,0.50
2007.05.02 06:46:30.117,1.6491,1.6496,2.40,11.90
2007.05.02 06:46:34.366,1.6491,1.6494,2.40,14.40
2007.05.02 06:46:34.448,1.649,1.6494,2.40,17.60
2007.05.02 06:46:35.605,1.6489,1.6493,2.40,2.40
2007.05.02 06:46:47.880,1.6489,1.6493,17.60,2.40
2007.05.02 06:46:48.221,1.6489,1.6493,3.20,2.40
2007.05.02 06:46:48.362,1.6489,1.6493,2.40,2.40
2007.05.02 06:46:55.028,1.6489,1.6493,2.40,3.20
2007.05.02 06:46:55.131,1.6488,1.6492,9.60,2.40
2007.05.02 06:46:55.765,1.6489,1.6492,7.20,2.40
2007.05.02 06:46:55.858,1.6489,1.6492,9.60,2.40
2007.05.02 06:46:57.727,1.6489,1.6492,2.40,2.40
2007.05.02 06:46:58.060,1.6488,1.6492,10.40,2.40
2007.05.02 06:46:59.058,1.6489,1.6493,2.40,3.20
2007.05.02 06:46:59.980,1.6489,1.6492,2.40,2.40
2007.05.02 06:47:03.390,1.6489,1.6493,2.40,2.40
2007.05.02 06:47:03.949,1.6489,1.6493,2.40,3.20
2007.05.02 06:47:06.636,1.6488,1.6492,9.60,2.40
2007.05.02 06:47:06.780,1.6489,1.6492,4.70,2.40
2007.05.02 06:47:06.793,1.6489,1.6492,9.60,2.40
2007.05.02 06:47:07.144,1.6489,1.6492,4.80,2.40
2007.05.02 06:47:07.247,1.6489,1.6492,2.40,2.40
2007.05.02 06:47:07.470,1.6488,1.6492,9.60,2.40
2007.05.02 06:47:07.950,1.6488,1.6493,9.60,4.80
2007.05.02 06:47:09.064,1.6489,1.6492,2.40,0.90
2007.05.02 06:47:10.118,1.6489,1.6494,2.40,19.90
2007.05.02 06:47:10.531,1.6488,1.6493,9.60,4.80
2007.05.02 06:47:11.345,1.6489,1.6493,2.40,4.80
2007.05.02 06:47:12.056,1.6489,1.6494,4.80,19.90
2007.05.02 06:47:13.355,1.6489,1.6494,2.40,19.20
2007.05.02 06:47:13.831,1.6488,1.6493,9.60,4.80
2007.05.02 06:47:16.204,1.6488,1.6492,10.40,0.60
2007.05.02 06:47:16.617,1.6489,1.6494,2.40,19.20
2007.05.02 06:47:31.699,1.6488,1.6493,10.40,4.80
2007.05.02 06:47:32.487,1.6488,1.6493,5.60,9.50
2007.05.02 06:47:33.744,1.6488,1.6492,10.40,0.70
2007.05.02 06:47:34.014,1.6489,1.6494,2.40,19.20
2007.05.02 06:47:37.460,1.649,1.6493,2.40,2.40
2007.05.02 06:47:37.805,1.649,1.6494,4.80,2.40
2007.05.02 06:47:38.138,1.649,1.6494,4.80,0.70
2007.05.02 06:47:42.523,1.649,1.6495,2.40,19.20
2007.05.02 06:47:42.638,1.6489,1.6494,3.20,18.40
2007.05.02 06:47:42.743,1.6489,1.6494,2.40,19.20
2007.05.02 06:47:45.422,1.649,1.6494,2.40,4.80
2007.05.02 06:47:45.507,1.649,1.6495,4.80,12.70
2007.05.02 06:47:45.651,1.649,1.6494,4.80,0.50
2007.05.02 06:47:49.683,1.649,1.6493,4.80,0.60
2007.05.02 06:47:49.884,1.649,1.6494,4.80,16.60
2007.05.02 06:47:51.188,1.649,1.6494,2.40,16.60
2007.05.02 06:47:54.104,1.649,1.6494,3.20,4.00
2007.05.02 06:47:54.817,1.6491,1.6496,2.40,11.90
2007.05.02 06:47:58.256,1.649,1.6494,5.60,0.60
2007.05.02 06:48:01.109,1.649,1.6494,4.80,15.00
2007.05.02 06:48:01.513,1.649,1.6493,2.40,0.80
2007.05.02 06:48:15.665,1.649,1.6493,3.20,2.40
2007.05.02 06:48:15.701,1.649,1.6494,5.60,2.40
2007.05.02 06:48:19.137,1.649,1.6493,4.80,4.70
2007.05.02 06:48:19.220,1.649,1.6493,2.40,7.10
2007.05.02 06:48:21.058,1.649,1.6493,2.40,2.40
2007.05.02 06:48:21.142,1.649,1.6494,5.60,2.40
2007.05.02 06:48:29.604,1.649,1.6493,2.40,7.10
2007.05.02 06:48:31.985,1.649,1.6493,3.20,7.10
2007.05.02 06:48:34.388,1.6491,1.6495,5.60,7.10
2007.05.02 06:48:38.290,1.649,1.6495,10.40,7.10
2007.05.02 06:48:38.382,1.6491,1.6495,1.40,7.90
2007.05.02 06:48:38.692,1.649,1.6495,4.80,10.40
2007.05.02 06:48:39.196,1.649,1.6494,4.80,2.40
2007.05.02 06:48:39.515,1.6491,1.6494,0.70,14.30
2007.05.02 06:48:39.750,1.6489,1.6494,7.20,15.10
2007.05.02 06:48:41.107,1.6489,1.6494,10.40,2.40
2007.05.02 06:48:41.180,1.649,1.6494,5.60,2.40
2007.05.02 06:48:41.299,1.649,1.6494,5.60,7.10
2007.05.02 06:48:41.482,1.649,1.6493,3.20,2.40
2007.05.02 06:48:43.073,1.6491,1.6494,1.30,7.10
2007.05.02 06:48:54.195,1.649,1.6494,1.20,7.10
2007.05.02 06:48:54.302,1.6489,1.6493,2.10,2.40
2007.05.02 06:48:56.684,1.6489,1.6494,7.20,7.90
2007.05.02 06:48:56.768,1.6489,1.6494,10.40,7.10
2007.05.02 06:49:06.175,1.649,1.6493,0.80,2.40
2007.05.02 06:49:06.244,1.6489,1.6493,5.60,2.40
2007.05.02 06:49:10.708,1.6489,1.6492,2.40,4.70
2007.05.02 06:49:11.130,1.6489,1.6492,2.40,7.20
2007.05.02 06:49:11.353,1.6488,1.649,2.40,4.70
2007.05.02 06:49:11.824,1.6487,1.649,2.40,4.70
2007.05.02 06:49:13.721,1.6487,1.6491,5.60,2.40
2007.05.02 06:49:14.276,1.6488,1.6492,2.40,7.10
2007.05.02 06:49:14.289,1.6488,1.6492,3.20,7.10
2007.05.02 06:49:15.560,1.6489,1.6492,2.40,4.70
2007.05.02 06:49:16.183,1.6489,1.6493,2.40,2.40
2007.05.02 06:49:16.479,1.649,1.6493,0.80,2.40
2007.05.02 06:49:16.582,1.649,1.6494,0.80,11.20
2007.05.02 06:49:16.928,1.6489,1.6494,3.20,12.00
2007.05.02 06:49:17.782,1.6489,1.6493,3.20,14.20
2007.05.02 06:49:17.875,1.6489,1.6493,2.40,14.20
2007.05.02 06:49:18.091,1.6489,1.6494,2.40,12.00
2007.05.02 06:49:18.172,1.6489,1.6494,3.20,12.00
2007.05.02 06:49:18.296,1.649,1.6495,2.40,12.00
2007.05.02 06:49:19.112,1.649,1.6492,2.40,0.50
2007.05.02 06:49:20.672,1.6489,1.6493,2.40,14.20
2007.05.02 06:49:21.397,1.6489,1.6494,4.80,9.50
2007.05.02 06:49:21.479,1.649,1.6493,0.80,0.90
2007.05.02 06:49:22.707,1.649,1.6494,3.20,0.50
2007.05.02 06:49:23.802,1.649,1.6495,3.20,18.30
2007.05.02 06:49:24.330,1.649,1.6495,2.40,12.80
2007.05.02 06:49:24.419,1.649,1.6492,2.40,0.60
2007.05.02 06:49:25.254,1.6489,1.6492,2.40,0.70
2007.05.02 06:49:30.963,1.6488,1.6493,3.20,15.80
2007.05.02 06:49:31.892,1.6489,1.6493,3.20,4.00
2007.05.02 06:49:32.506,1.6488,1.6493,7.90,4.00
2007.05.02 06:49:32.684,1.6489,1.6493,2.40,0.70
2007.05.02 06:49:33.032,1.6489,1.6493,2.40,0.60
2007.05.02 06:49:33.100,1.6489,1.6493,2.40,0.60
2007.05.02 06:49:33.238,1.6489,1.6493,2.40,20.80
2007.05.02 06:49:34.142,1.6489,1.6494,2.40,19.20
2007.05.02 06:49:34.249,1.6491,1.6494,0.80,18.40
2007.05.02 06:49:34.575,1.6492,1.6497,2.40,9.50
2007.05.02 06:49:36.909,1.6493,1.6497,2.40,16.60
2007.05.02 06:49:37.145,1.6493,1.6497,3.20,4.00
2007.05.02 06:49:37.254,1.6493,1.6496,2.40,0.80
2007.05.02 06:49:37.468,1.6492,1.6497,3.20,15.80
2007.05.02 06:49:37.756,1.6492,1.6496,3.20,0.80
2007.05.02 06:49:37.957,1.6492,1.6497,2.40,16.70
2007.05.02 06:49:38.925,1.6492,1.6496,2.40,20.80
2007.05.02 06:49:38.936,1.6492,1.6495,2.40,12.60
2007.05.02 06:49:39.510,1.649,1.6495,2.40,16.60
2007.05.02 06:49:40.361,1.649,1.6495,15.90,4.00
2007.05.02 06:49:40.456,1.6491,1.6495,0.80,4.00
2007.05.02 06:49:42.382,1.6491,1.6496,3.20,12.00
2007.05.02 06:49:43.194,1.6492,1.6495,4.70,0.60
2007.05.02 06:49:43.290,1.6492,1.6496,5.50,4.00
2007.05.02 06:49:44.929,1.6491,1.6495,3.20,0.50
2007.05.02 06:49:45.261,1.6492,1.6496,0.80,8.70
2007.05.02 06:49:46.057,1.6492,1.6496,3.20,7.10
2007.05.02 06:49:49.595,1.6493,1.6496,2.40,7.10
2007.05.02 06:49:51.359,1.6492,1.6495,2.40,2.40
2007.05.02 06:49:54.156,1.6491,1.6495,3.20,2.40
2007.05.02 06:49:55.783,1.6491,1.6494,3.20,4.70
2007.05.02 06:49:55.877,1.6491,1.6494,2.40,4.70
2007.05.02 06:50:11.626,1.6491,1.6495,3.20,2.40
2007.05.02 06:50:13.861,1.6491,1.6495,1.40,2.40
2007.05.02 06:50:18.862,1.649,1.6495,4.00,2.40
2007.05.02 06:50:25.077,1.649,1.6495,19.90,2.40
2007.05.02 06:50:25.517,1.6492,1.6496,0.70,2.40
2007.05.02 06:50:28.065,1.649,1.6495,19.90,2.40
2007.05.02 06:50:29.047,1.6491,1.6495,6.40,2.40
2007.05.02 06:50:29.123,1.6491,1.6496,8.00,9.60
2007.05.02 06:50:31.052,1.6492,1.6495,1.20,2.40
2007.05.02 06:50:32.338,1.6491,1.6495,4.80,2.40
2007.05.02 06:50:32.501,1.6492,1.6496,1.30,10.40
2007.05.02 06:50:34.241,1.649,1.6495,19.90,2.40
2007.05.02 06:50:39.393,1.649,1.6495,11.20,2.40
2007.05.02 06:50:40.192,1.6491,1.6496,19.10,2.40
2007.05.02 06:50:41.948,1.6492,1.6496,3.10,2.40
2007.05.02 06:50:47.316,1.6492,1.6496,17.50,2.40
2007.05.02 06:50:47.546,1.6492,1.6496,18.30,2.40
2007.05.02 06:50:48.208,1.6492,1.6497,12.80,2.40
2007.05.02 06:50:52.928,1.6492,1.6497,8.00,9.60
2007.05.02 06:50:52.988,1.6492,1.6497,4.80,10.40
2007.05.02 06:50:54.515,1.6492,1.6497,7.20,7.90
2007.05.02 06:50:55.451,1.6492,1.6497,4.00,2.40
2007.05.02 06:50:57.606,1.6492,1.6496,4.00,5.50
2007.05.02 06:50:58.662,1.6493,1.6496,4.00,5.50
2007.05.02 06:50:59.140,1.6491,1.6496,4.80,7.90
2007.05.02 06:51:00.045,1.6491,1.6495,4.00,0.80
2007.05.02 06:51:01.543,1.649,1.6494,4.20,2.40
2007.05.02 06:51:04.101,1.649,1.6494,0.80,0.90
2007.05.02 06:51:04.369,1.6489,1.6495,16.60,7.20
2007.05.02 06:51:04.547,1.649,1.6494,0.60,0.60
2007.05.02 06:51:05.068,1.6489,1.6495,12.00,19.20
2007.05.02 06:51:06.034,1.649,1.6494,4.80,0.90
2007.05.02 06:51:06.117,1.649,1.6495,5.60,16.70
2007.05.02 06:51:06.274,1.649,1.6494,5.60,4.00
2007.05.02 06:51:06.498,1.649,1.6494,4.80,4.80
2007.05.02 06:51:06.713,1.649,1.6494,2.40,4.80
2007.05.02 06:51:08.820,1.6489,1.6494,10.40,4.80
2007.05.02 06:51:12.826,1.649,1.6494,0.80,4.00
2007.05.02 06:51:13.249,1.649,1.6495,3.20,19.20
2007.05.02 06:51:17.797,1.649,1.6495,10.40,4.80
2007.05.02 06:51:21.131,1.649,1.6496,8.00,21.60
2007.05.02 06:51:21.996,1.649,1.6496,20.70,9.50
2007.05.02 06:51:27.473,1.6491,1.6495,0.60,0.80
2007.05.02 06:51:27.611,1.6489,1.6495,12.00,4.80
2007.05.02 06:51:31.920,1.6489,1.6494,20.00,2.40
2007.05.02 06:51:32.025,1.6491,1.6494,0.80,2.40
2007.05.02 06:51:32.550,1.649,1.6495,19.20,2.40
2007.05.02 06:51:35.011,1.649,1.6494,3.30,2.40
2007.05.02 06:51:38.022,1.6491,1.6495,1.50,2.40
2007.05.02 06:51:38.715,1.649,1.6495,10.40,7.10
2007.05.02 06:51:39.035,1.649,1.6495,8.00,9.60
2007.05.02 06:51:41.800,1.649,1.6495,10.40,2.40
2007.05.02 06:51:46.445,1.649,1.6495,12.00,3.20
2007.05.02 06:51:46.672,1.6489,1.6494,12.00,2.40
2007.05.02 06:51:46.769,1.649,1.6494,1.00,2.40
2007.05.02 06:51:47.086,1.6489,1.6494,12.70,2.40
2007.05.02 06:51:49.764,1.649,1.6494,2.30,2.40
2007.05.02 06:51:50.599,1.649,1.6493,10.40,2.40
2007.05.02 06:51:50.878,1.649,1.6494,10.40,2.40
2007.05.02 06:51:54.017,1.649,1.6494,2.40,7.90
2007.05.02 06:51:54.313,1.6489,1.6493,3.20,7.10
2007.05.02 06:51:54.398,1.6489,1.6493,3.20,9.60
2007.05.02 06:51:54.850,1.6489,1.6493,2.40,10.40
2007.05.02 06:51:55.122,1.6489,1.6492,2.40,2.40
2007.05.02 06:51:56.705,1.6488,1.6492,3.20,2.40
2007.05.02 06:51:57.905,1.6489,1.6492,0.80,2.40
2007.05.02 06:52:00.803,1.6489,1.6493,3.20,7.10
2007.05.02 06:52:01.218,1.6489,1.6493,3.20,9.60
2007.05.02 06:52:02.367,1.6489,1.6492,3.20,2.40
2007.05.02 06:52:03.295,1.6489,1.6493,3.20,2.40
2007.05.02 06:52:04.647,1.6489,1.6493,2.40,3.20
2007.05.02 06:52:04.957,1.6488,1.6492,10.40,2.40
2007.05.02 06:52:05.485,1.6488,1.6492,2.40,2.40
2007.05.02 06:52:05.997,1.6488,1.6491,2.40,0.80
2007.05.02 06:52:07.001,1.6488,1.6492,2.40,7.90
2007.05.02 06:52:08.777,1.6488,1.6491,2.40,7.20
2007.05.02 06:52:09.006,1.6487,1.6491,3.20,9.60
2007.05.02 06:52:10.510,1.6487,1.6491,3.20,16.80
2007.05.02 06:52:10.626,1.6487,1.6491,2.40,17.60
2007.05.02 06:52:10.964,1.6486,1.649,3.20,2.40
2007.05.02 06:52:11.966,1.6486,1.6489,3.20,2.40
2007.05.02 06:52:12.232,1.6485,1.6489,13.60,2.40
2007.05.02 06:52:12.265,1.6485,1.6489,13.50,2.40
2007.05.02 06:52:12.474,1.6485,1.649,11.90,2.40
2007.05.02 06:52:12.698,1.6485,1.649,12.00,2.40
2007.05.02 06:52:13.921,1.6486,1.649,2.00,3.20
2007.05.02 06:52:16.610,1.6486,1.649,4.00,0.80
2007.05.02 06:52:16.944,1.6485,1.649,12.00,3.20
2007.05.02 06:52:17.545,1.6484,1.6489,12.00,2.40
2007.05.02 06:52:19.911,1.6486,1.6489,1.10,2.40
2007.05.02 06:52:20.226,1.6485,1.6489,2.20,2.40
2007.05.02 06:52:20.759,1.6484,1.6489,10.40,2.40
2007.05.02 06:52:21.051,1.6484,1.6489,12.00,2.40
2007.05.02 06:52:21.774,1.6485,1.6489,1.30,3.20
2007.05.02 06:52:22.597,1.6483,1.6488,16.70,5.60
2007.05.02 06:52:23.157,1.6483,1.6488,12.00,2.40
2007.05.02 06:52:24.666,1.6484,1.6489,12.00,3.20
2007.05.02 06:52:25.086,1.6485,1.6489,5.50,2.40
2007.05.02 06:52:25.941,1.6485,1.6488,4.30,2.40
2007.05.02 06:52:26.347,1.6485,1.6488,1.00,5.60
2007.05.02 06:52:26.751,1.6483,1.6487,16.70,2.40
2007.05.02 06:52:27.042,1.6485,1.6487,0.80,2.40
2007.05.02 06:52:27.162,1.6485,1.6487,0.80,2.40
2007.05.02 06:52:28.565,1.6485,1.6489,16.70,2.40
2007.05.02 06:52:28.790,1.6486,1.649,0.60,5.60
2007.05.02 06:52:30.443,1.6485,1.6489,16.70,2.40
2007.05.02 06:52:32.719,1.6484,1.6489,19.10,2.40
2007.05.02 06:52:35.726,1.6486,1.6489,14.30,2.40
2007.05.02 06:52:36.216,1.6487,1.6489,5.70,2.40
2007.05.02 06:52:36.400,1.6487,1.6491,3.20,2.40
2007.05.02 06:52:36.568,1.6487,1.6491,0.90,3.20
2007.05.02 06:52:38.186,1.6485,1.649,12.00,2.40
2007.05.02 06:52:39.117,1.6487,1.6491,1.20,3.20
2007.05.02 06:52:40.565,1.6487,1.6491,2.40,7.90
2007.05.02 06:52:40.649,1.6487,1.649,2.40,3.20
2007.05.02 06:52:41.824,1.6487,1.6491,2.40,10.40
2007.05.02 06:52:41.915,1.6486,1.649,3.20,2.40
2007.05.02 06:52:42.526,1.6487,1.6491,2.40,10.40
2007.05.02 06:52:43.054,1.6487,1.649,2.40,2.40
2007.05.02 06:52:45.014,1.6487,1.649,2.40,14.40
2007.05.02 06:52:45.214,1.6487,1.649,2.40,15.20
2007.05.02 06:52:45.522,1.6486,1.649,2.40,17.60
2007.05.02 06:52:47.339,1.6486,1.6489,2.40,0.80
2007.05.02 06:52:50.111,1.6487,1.6489,2.40,0.80
2007.05.02 06:52:51.317,1.6486,1.6489,2.40,0.80
2007.05.02 06:52:51.399,1.6486,1.649,2.40,17.60
2007.05.02 06:52:52.229,1.6486,1.649,2.40,15.10
2007.05.02 06:52:52.740,1.6486,1.649,2.40,3.20
2007.05.02 06:52:53.079,1.6486,1.649,3.20,2.40
2007.05.02 06:52:53.655,1.6487,1.6491,2.40,10.40
2007.05.02 06:52:55.843,1.6486,1.649,3.20,2.40
2007.05.02 06:52:56.140,1.6486,1.649,2.40,3.20
2007.05.02 06:53:03.175,1.6487,1.649,2.40,2.40
2007.05.02 06:53:04.096,1.6487,1.649,4.80,2.40
2007.05.02 06:53:05.126,1.6487,1.649,2.40,2.40
2007.05.02 06:53:05.567,1.6487,1.649,3.20,2.40
2007.05.02 06:53:06.170,1.6487,1.649,2.40,2.40
2007.05.02 06:53:06.491,1.6487,1.6491,2.40,17.60
2007.05.02 06:53:07.233,1.6486,1.649,3.20,2.40
2007.05.02 06:53:11.324,1.6486,1.649,2.40,3.20
2007.05.02 06:53:12.594,1.6486,1.649,0.70,3.20
2007.05.02 06:53:22.316,1.6485,1.649,11.90,3.20
2007.05.02 06:53:22.422,1.6486,1.6491,9.50,5.60
2007.05.02 06:53:22.733,1.6487,1.6491,0.60,3.20
2007.05.02 06:53:38.113,1.6486,1.649,6.40,5.50
2007.05.02 06:53:38.622,1.6486,1.649,2.50,7.90
2007.05.02 06:53:42.660,1.6485,1.649,7.20,7.90
2007.05.02 06:54:26.269,1.6486,1.649,10.40,2.40
2007.05.02 06:54:26.797,1.6487,1.6491,2.40,3.20
2007.05.02 06:54:27.973,1.6487,1.6491,1.00,3.20
2007.05.02 06:54:29.868,1.6488,1.6491,2.40,2.40
2007.05.02 06:54:41.786,1.6488,1.6492,4.80,7.90
2007.05.02 06:54:41.879,1.6488,1.6492,9.60,3.20
2007.05.02 06:54:41.962,1.6488,1.6492,10.40,2.40
2007.05.02 06:54:43.342,1.6488,1.6492,5.60,2.40
2007.05.02 06:54:43.441,1.6488,1.6492,2.40,2.40
2007.05.02 06:54:43.547,1.6487,1.6491,2.40,2.40
2007.05.02 06:54:43.866,1.6488,1.6492,7.90,2.40
2007.05.02 06:54:44.271,1.6488,1.6492,3.20,2.40
2007.05.02 06:54:44.365,1.6488,1.6492,2.40,2.40
2007.05.02 06:54:44.878,1.6487,1.6491,2.40,2.40
2007.05.02 06:54:45.378,1.6488,1.6492,2.40,2.40
2007.05.02 06:54:54.348,1.6487,1.6491,2.40,15.10
2007.05.02 06:54:54.493,1.6486,1.649,2.40,2.40
2007.05.02 06:55:00.816,1.6486,1.649,3.20,2.40
2007.05.02 06:55:00.864,1.6486,1.649,5.60,2.40
2007.05.02 06:55:01.091,1.6487,1.649,0.80,2.40
2007.05.02 06:55:01.652,1.6488,1.649,4.70,2.40
2007.05.02 06:55:01.958,1.6487,1.649,0.80,2.40
2007.05.02 06:55:02.146,1.6487,1.649,3.20,2.40
2007.05.02 06:55:02.466,1.6487,1.649,3.20,7.10
2007.05.02 06:55:02.561,1.6487,1.649,4.80,4.70
2007.05.02 06:55:03.157,1.6486,1.649,7.20,4.70
2007.05.02 06:55:03.775,1.6487,1.649,6.40,4.70
2007.05.02 06:55:06.370,1.6488,1.6489,1.00,7.10
2007.05.02 06:55:07.006,1.6487,1.649,4.00,4.70
2007.05.02 06:55:07.582,1.6486,1.649,1.20,7.10
2007.05.02 06:55:07.910,1.6484,1.6488,7.20,4.70
2007.05.02 06:55:25.869,1.6484,1.6488,4.80,4.70
2007.05.02 06:55:26.432,1.6484,1.6488,1.00,7.10
2007.05.02 06:55:26.930,1.6483,1.6488,4.00,14.30
2007.05.02 06:55:27.145,1.6482,1.6487,4.00,2.40
2007.05.02 06:55:27.437,1.6484,1.6488,0.50,7.10
2007.05.02 06:55:28.381,1.6483,1.6488,4.00,14.30
2007.05.02 06:55:28.466,1.6483,1.6487,0.60,2.40
2007.05.02 06:55:29.416,1.6485,1.6487,0.60,2.40
2007.05.02 06:55:30.042,1.6484,1.6488,7.20,4.70
2007.05.02 06:55:30.466,1.6484,1.6487,6.40,4.70
2007.05.02 06:55:31.976,1.6484,1.6487,2.40,4.70
2007.05.02 06:55:32.132,1.6484,1.6485,2.40,4.70
2007.05.02 06:55:33.510,1.6482,1.6485,2.40,7.10
2007.05.02 06:55:33.762,1.6482,1.6485,2.40,2.40
2007.05.02 06:55:35.096,1.6483,1.6486,2.40,4.70
2007.05.02 06:55:36.141,1.6482,1.6486,2.40,7.10
2007.05.02 06:55:37.227,1.6482,1.6486,0.50,7.10
2007.05.02 06:55:38.391,1.6482,1.6486,4.80,4.70
2007.05.02 06:55:38.663,1.6482,1.6486,7.20,4.70
2007.05.02 06:55:39.078,1.6483,1.6486,1.10,4.70
2007.05.02 06:55:40.140,1.6483,1.6486,4.00,4.70
2007.05.02 06:55:40.275,1.6484,1.6485,1.30,4.70
2007.05.02 06:55:40.938,1.6483,1.6485,0.70,4.70
2007.05.02 06:55:42.347,1.6482,1.6487,7.20,7.90
2007.05.02 06:55:43.137,1.6483,1.6487,5.60,7.10
2007.05.02 06:55:43.174,1.6483,1.6487,7.20,4.70
2007.05.02 06:55:43.280,1.6483,1.6488,7.20,7.90
2007.05.02 06:55:43.469,1.6483,1.6488,10.40,7.10
2007.05.02 06:55:44.003,1.6485,1.6488,1.40,7.10
2007.05.02 06:55:44.596,1.6484,1.6488,7.20,4.70
2007.05.02 06:55:55.945,1.6484,1.6489,19.10,2.40
2007.05.02 06:55:56.050,1.6486,1.649,4.00,4.70
2007.05.02 06:55:56.966,1.6487,1.649,2.00,4.70
2007.05.02 06:56:02.455,1.6486,1.649,4.80,4.70
2007.05.02 06:56:02.550,1.6485,1.6488,2.00,4.70
2007.05.02 06:56:04.218,1.6484,1.6489,19.10,2.40
2007.05.02 06:56:04.358,1.6484,1.6489,19.10,2.40
2007.05.02 06:56:04.630,1.6486,1.649,0.70,7.90
2007.05.02 06:56:04.976,1.6485,1.649,10.40,7.10
2007.05.02 06:56:05.414,1.6486,1.649,1.00,7.10
2007.05.02 06:56:18.945,1.6485,1.649,10.40,2.40
2007.05.02 06:56:25.417,1.6485,1.649,10.40,14.30
2007.05.02 06:56:25.536,1.6485,1.649,4.80,17.60
2007.05.02 06:56:26.132,1.6485,1.6489,1.00,2.40
2007.05.02 06:56:35.370,1.6485,1.6489,2.40,3.20
2007.05.02 06:56:37.346,1.6485,1.6489,2.40,5.60
2007.05.02 06:56:38.378,1.6484,1.6488,7.10,2.40
2007.05.02 06:56:41.491,1.6484,1.6488,0.70,2.40
2007.05.02 06:56:41.495,1.6485,1.6489,1.10,2.40
2007.05.02 06:56:48.494,1.6485,1.6489,1.40,3.20
2007.05.02 06:56:49.940,1.6484,1.6488,1.90,2.40
2007.05.02 06:56:50.358,1.6484,1.6488,11.10,2.40
2007.05.02 06:56:50.863,1.6484,1.6488,12.70,2.40
2007.05.02 06:56:50.962,1.6484,1.6488,9.50,2.40
2007.05.02 06:56:51.354,1.6484,1.6488,2.00,2.40
2007.05.02 06:56:52.388,1.6483,1.6487,17.50,2.40
2007.05.02 06:56:54.074,1.6483,1.6487,16.60,2.40
2007.05.02 06:56:57.061,1.6483,1.6488,16.60,2.40
2007.05.02 06:57:05.006,1.6484,1.6487,1.90,2.40
2007.05.02 06:57:06.196,1.6483,1.6487,1.80,2.40
2007.05.02 06:57:06.327,1.6482,1.6487,12.00,3.20
2007.05.02 06:57:13.307,1.6484,1.6487,4.70,3.20
2007.05.02 06:57:13.369,1.6484,1.6487,4.70,2.40
2007.05.02 06:57:14.180,1.6484,1.6488,7.10,2.40
2007.05.02 06:57:19.409,1.6484,1.6488,2.40,14.30
2007.05.02 06:57:19.957,1.6484,1.6487,2.40,0.80
2007.05.02 06:57:20.690,1.6484,1.6487,2.40,0.80
2007.05.02 06:57:20.807,1.6483,1.6488,2.40,19.90
2007.05.02 06:57:21.115,1.6483,1.6487,3.20,0.50
2007.05.02 06:57:24.813,1.6484,1.6488,0.80,8.70
2007.05.02 06:57:25.039,1.6484,1.6489,3.20,18.30
2007.05.02 06:57:27.462,1.6484,1.6489,2.40,11.90
2007.05.02 06:57:28.039,1.6484,1.6487,2.40,0.70
2007.05.02 06:57:29.372,1.6483,1.6487,3.20,0.80
2007.05.02 06:57:32.800,1.6484,1.6487,0.80,0.80
2007.05.02 06:57:32.917,1.6484,1.6488,3.20,0.50
2007.05.02 06:57:33.212,1.6484,1.6489,15.10,7.20
2007.05.02 06:57:33.832,1.6484,1.6489,3.20,15.80
2007.05.02 06:57:34.801,1.6484,1.6489,15.10,4.80
2007.05.02 06:58:01.428,1.6484,1.6488,2.40,7.90
2007.05.02 06:58:01.622,1.6483,1.6487,3.20,2.40
2007.05.02 06:58:02.763,1.6484,1.6487,2.40,2.40
2007.05.02 06:58:03.799,1.6484,1.6487,1.10,2.40
2007.05.02 06:58:04.528,1.6483,1.6488,4.80,7.90
2007.05.02 06:58:08.243,1.6483,1.6488,7.20,7.90
2007.05.02 06:58:08.647,1.6483,1.6488,12.00,2.40
2007.05.02 06:58:10.186,1.6485,1.6489,1.50,3.20
2007.05.02 06:58:24.734,1.6484,1.6489,10.40,2.40
2007.05.02 06:58:25.364,1.6485,1.6489,4.80,2.40
2007.05.02 06:58:28.137,1.6484,1.6489,10.40,2.40
2007.05.02 06:58:44.893,1.6486,1.6489,0.80,2.40
2007.05.02 06:58:46.420,1.6486,1.6489,2.40,2.40
2007.05.02 06:58:48.903,1.6486,1.6489,14.30,2.40
2007.05.02 06:58:49.031,1.6486,1.6489,15.10,2.40
2007.05.02 06:58:49.055,1.6486,1.649,15.10,2.40
2007.05.02 06:58:49.780,1.6486,1.649,3.20,7.10
2007.05.02 06:58:50.193,1.6486,1.649,3.20,14.30
2007.05.02 06:58:50.289,1.6486,1.649,2.40,15.10
2007.05.02 06:58:51.073,1.6486,1.6489,2.40,0.80
2007.05.02 06:58:51.144,1.6486,1.6489,2.40,3.20
2007.05.02 06:58:52.300,1.6485,1.6489,2.40,3.20
2007.05.02 06:58:53.079,1.6485,1.6489,3.20,2.40
2007.05.02 06:58:53.998,1.6485,1.6489,5.60,2.40
2007.05.02 06:58:54.373,1.6486,1.6489,15.10,2.40
2007.05.02 06:58:55.197,1.6486,1.649,15.10,2.40
2007.05.02 06:58:55.902,1.6486,1.649,3.20,7.10
2007.05.02 06:58:56.531,1.6486,1.649,2.40,7.90
2007.05.02 06:58:58.131,1.6486,1.6489,2.40,2.40
2007.05.02 06:59:00.183,1.6486,1.649,2.40,9.50
2007.05.02 06:59:01.852,1.6485,1.649,3.20,9.50
2007.05.02 06:59:05.713,1.6485,1.649,2.40,12.00
2007.05.02 06:59:06.575,1.6484,1.6489,3.20,12.00
2007.05.02 06:59:06.728,1.6484,1.6488,15.10,0.60
2007.05.02 06:59:07.202,1.6484,1.6489,17.60,4.80
2007.05.02 06:59:07.318,1.6485,1.6488,0.80,0.60
2007.05.02 06:59:08.585,1.6485,1.649,3.20,12.00
2007.05.02 06:59:11.892,1.6485,1.6489,2.40,12.00
2007.05.02 06:59:12.696,1.6485,1.6489,3.20,4.00
2007.05.02 06:59:13.068,1.6485,1.6489,3.20,0.70
2007.05.02 06:59:18.845,1.6485,1.6489,3.20,0.50
2007.05.02 06:59:20.344,1.6485,1.649,2.40,12.00
2007.05.02 06:59:20.864,1.6485,1.649,3.20,18.30
2007.05.02 06:59:22.090,1.6485,1.6489,2.40,0.80
2007.05.02 06:59:22.535,1.6485,1.6489,3.20,0.90
2007.05.02 06:59:24.935,1.6485,1.6489,2.40,0.90
2007.05.02 06:59:25.886,1.6485,1.6489,2.40,20.80
2007.05.02 06:59:28.797,1.6484,1.6488,7.90,0.50
2007.05.02 06:59:29.291,1.6484,1.6488,10.40,2.40
2007.05.02 06:59:30.507,1.6485,1.6489,2.40,3.20
2007.05.02 06:59:32.255,1.6485,1.649,2.40,19.90
2007.05.02 06:59:32.267,1.6485,1.649,3.20,16.70
2007.05.02 06:59:33.323,1.6485,1.649,3.20,16.60
2007.05.02 06:59:33.415,1.6485,1.649,3.20,12.00
2007.05.02 06:59:37.385,1.6485,1.6489,2.40,0.60
2007.05.02 06:59:37.778,1.6485,1.649,3.20,18.30
2007.05.02 06:59:41.120,1.6484,1.6488,3.20,0.90
2007.05.02 06:59:45.640,1.6484,1.6489,2.40,12.80
2007.05.02 06:59:45.735,1.6484,1.6489,2.40,12.70
2007.05.02 06:59:46.365,1.6483,1.6487,15.10,0.50
2007.05.02 06:59:49.341,1.6484,1.6489,2.40,11.90
2007.05.02 06:59:50.426,1.6484,1.6489,3.20,12.00
2007.05.02 06:59:50.899,1.6484,1.6488,3.20,16.70
2007.05.02 06:59:50.939,1.6484,1.6488,2.40,17.50
2007.05.02 06:59:51.953,1.6484,1.6489,2.40,13.50
2007.05.02 06:59:52.188,1.6485,1.649,2.40,12.00
2007.05.02 06:59:54.114,1.6484,1.6488,3.20,0.50
