2016.07.01 20:00:00.021,1.48592,1.4862,1.50,1.00
2016.07.01 20:00:00.589,1.48594,1.48619,1.00,1.16
2016.07.01 20:00:00.641,1.48595,1.48616,1.00,1.00
2016.07.01 20:00:00.744,1.48592,1.48615,1.00,1.16
2016.07.01 20:00:00.796,1.48589,1.48615,1.00,1.16
2016.07.01 20:00:00.847,1.48588,1.48615,1.00,1.25
2016.07.01 20:00:01.151,1.48591,1.48615,1.00,1.25
2016.07.01 20:00:01.253,1.48589,1.48615,1.00,2.00
2016.07.01 20:00:01.621,1.48592,1.48613,1.00,1.12
2016.07.01 20:00:02.237,1.4859,1.48614,1.00,1.12
2016.07.01 20:00:02.338,1.48594,1.48614,1.00,1.62
2016.07.01 20:00:02.648,1.48591,1.48612,1.00,1.25
2016.07.01 20:00:02.831,1.48591,1.48612,1.00,1.12
2016.07.01 20:00:03.136,1.48587,1.48612,1.00,2.37
2016.07.01 20:00:03.441,1.48589,1.48611,1.00,1.16
2016.07.01 20:00:03.900,1.48589,1.48609,1.00,1.00
2016.07.01 20:00:04.054,1.48576,1.48601,1.00,1.12
2016.07.01 20:00:04.360,1.48572,1.48599,1.00,1.25
2016.07.01 20:00:04.875,1.48571,1.48599,1.00,1.25
2016.07.01 20:00:05.029,1.48568,1.48599,1.00,1.25
2016.07.01 20:00:05.435,1.48571,1.48599,1.00,1.25
2016.07.01 20:00:05.760,1.48571,1.48599,1.00,2.00
2016.07.01 20:00:06.763,1.48572,1.48599,1.00,2.75
2016.07.01 20:00:06.966,1.48572,1.48599,1.00,1.25
2016.07.01 20:00:07.626,1.48573,1.48601,1.37,1.00
2016.07.01 20:00:07.694,1.48576,1.48603,1.00,1.12
2016.07.01 20:00:07.999,1.48582,1.48606,1.00,1.12
2016.07.01 20:00:08.355,1.48579,1.48602,1.00,1.00
2016.07.01 20:00:08.457,1.48576,1.48602,1.12,1.16
2016.07.01 20:00:08.559,1.48578,1.48602,1.00,1.16
2016.07.01 20:00:08.662,1.48576,1.48603,1.12,1.62
2016.07.01 20:00:08.763,1.48579,1.48603,1.00,1.62
2016.07.01 20:00:09.342,1.48576,1.48602,1.12,1.16
2016.07.01 20:00:10.029,1.48579,1.48602,1.00,1.62
2016.07.01 20:00:10.721,1.48579,1.48605,1.00,2.62
2016.07.01 20:00:11.687,1.48579,1.48597,1.00,1.00
2016.07.01 20:00:12.021,1.48579,1.4859,1.00,1.37
2016.07.01 20:00:12.277,1.48571,1.4859,1.00,1.37
2016.07.01 20:00:12.329,1.48571,1.48583,1.00,1.37
2016.07.01 20:00:12.380,1.48568,1.48583,1.00,1.37
2016.07.01 20:00:12.786,1.48566,1.48583,1.00,1.37
2016.07.01 20:00:12.838,1.48566,1.48579,1.00,1.37
2016.07.01 20:00:13.153,1.48563,1.48581,1.00,1.37
2016.07.01 20:00:13.256,1.48561,1.48577,1.00,1.50
2016.07.01 20:00:13.765,1.4856,1.48576,1.00,1.37
2016.07.01 20:00:13.867,1.48556,1.48576,1.00,1.37
2016.07.01 20:00:14.261,1.48554,1.48579,1.00,1.50
2016.07.01 20:00:15.239,1.48554,1.48574,1.50,1.37
2016.07.01 20:00:15.545,1.48557,1.48575,1.00,1.37
2016.07.01 20:00:17.237,1.48557,1.48575,1.00,1.37
2016.07.01 20:00:18.572,1.48557,1.48576,1.00,1.50
2016.07.01 20:00:18.674,1.48553,1.48575,1.00,1.37
2016.07.01 20:00:18.776,1.48553,1.4858,1.00,1.37
2016.07.01 20:00:18.929,1.48556,1.48581,1.00,1.37
2016.07.01 20:00:19.437,1.48558,1.48581,1.00,1.37
2016.07.01 20:00:19.955,1.48556,1.48582,1.50,1.50
2016.07.01 20:00:21.171,1.48556,1.48582,1.50,1.37
2016.07.01 20:00:21.522,1.48564,1.48583,1.00,1.37
2016.07.01 20:00:21.675,1.48566,1.48593,1.00,1.37
2016.07.01 20:00:21.726,1.48568,1.48593,1.00,1.37
2016.07.01 20:00:22.031,1.48573,1.48593,1.00,1.37
2016.07.01 20:00:22.684,1.48572,1.48594,1.00,1.37
2016.07.01 20:00:23.188,1.48571,1.48593,1.00,1.37
2016.07.01 20:00:24.348,1.4857,1.48593,1.00,1.37
2016.07.01 20:00:25.314,1.48568,1.48593,1.50,1.37
2016.07.01 20:00:25.466,1.48567,1.4859,1.00,1.37
2016.07.01 20:00:25.518,1.48564,1.48585,1.00,1.00
2016.07.01 20:00:25.569,1.48564,1.48585,1.00,1.37
2016.07.01 20:00:26.663,1.48564,1.48588,1.50,1.37
2016.07.01 20:00:27.219,1.48566,1.48588,1.00,1.37
2016.07.01 20:00:27.785,1.48566,1.48587,1.00,1.37
2016.07.01 20:00:28.323,1.48563,1.48588,1.00,1.50
2016.07.01 20:00:29.232,1.48563,1.48586,1.00,1.37
2016.07.01 20:00:29.689,1.48565,1.48585,1.00,1.37
2016.07.01 20:00:30.140,1.48565,1.48587,1.00,1.37
2016.07.01 20:00:30.242,1.48565,1.48587,1.00,1.50
2016.07.01 20:00:30.599,1.48562,1.48586,1.00,1.37
2016.07.01 20:00:31.173,1.4856,1.48585,1.00,1.37
2016.07.01 20:00:31.275,1.4856,1.48586,1.00,1.75
2016.07.01 20:00:31.580,1.48562,1.48584,1.00,1.50
2016.07.01 20:00:31.682,1.48562,1.48588,1.00,1.50
2016.07.01 20:00:32.926,1.48563,1.48587,1.00,1.37
2016.07.01 20:00:33.185,1.48563,1.48589,1.00,1.37
2016.07.01 20:00:33.734,1.48562,1.48588,1.00,1.37
2016.07.01 20:00:34.346,1.48562,1.48587,1.00,1.37
2016.07.01 20:00:34.448,1.48562,1.4859,1.00,1.37
2016.07.01 20:00:34.550,1.48562,1.4859,1.00,1.75
2016.07.01 20:00:35.169,1.48562,1.48589,1.00,1.37
2016.07.01 20:00:35.278,1.48562,1.4859,1.00,1.75
2016.07.01 20:00:35.684,1.48562,1.4859,1.00,1.37
2016.07.01 20:00:35.787,1.48562,1.4859,1.00,1.75
2016.07.01 20:00:36.366,1.48562,1.48587,1.00,1.37
2016.07.01 20:00:36.812,1.48559,1.48588,1.00,1.50
2016.07.01 20:00:37.180,1.48563,1.48588,1.00,1.50
2016.07.01 20:00:37.282,1.48563,1.48591,1.00,1.37
2016.07.01 20:00:37.799,1.48561,1.48591,1.37,1.87
2016.07.01 20:00:38.166,1.48557,1.48587,1.12,1.37
2016.07.01 20:00:39.518,1.48559,1.48587,1.00,1.37
2016.07.01 20:00:39.822,1.48557,1.48586,1.00,1.50
2016.07.01 20:00:42.186,1.48556,1.48584,1.12,1.37
2016.07.01 20:00:42.492,1.48553,1.48582,1.00,1.37
2016.07.01 20:00:44.781,1.48552,1.48581,1.00,1.37
2016.07.01 20:00:45.083,1.48551,1.4858,1.12,1.50
2016.07.01 20:00:45.665,1.48552,1.48584,1.00,1.75
2016.07.01 20:00:45.716,1.48552,1.48584,1.37,1.37
2016.07.01 20:00:50.225,1.48554,1.48584,1.00,2.25
2016.07.01 20:00:51.726,1.48555,1.48579,1.00,1.37
2016.07.01 20:00:51.829,1.48559,1.48585,1.12,1.00
2016.07.01 20:00:51.901,1.48559,1.48589,1.12,1.87
2016.07.01 20:00:52.309,1.48559,1.48586,1.00,1.50
2016.07.01 20:00:52.640,1.48559,1.4858,1.00,1.37
2016.07.01 20:00:52.691,1.48556,1.4858,1.00,1.37
2016.07.01 20:00:53.454,1.48556,1.48585,1.00,1.75
2016.07.01 20:00:53.556,1.48556,1.48585,1.00,1.37
2016.07.01 20:00:54.133,1.48556,1.48585,1.75,1.00
2016.07.01 20:00:55.435,1.48553,1.48585,2.25,1.37
2016.07.01 20:00:57.001,1.4855,1.48576,1.87,1.00
2016.07.01 20:00:57.307,1.48541,1.48567,1.09,1.50
2016.07.01 20:00:57.845,1.48541,1.48566,1.09,1.37
2016.07.01 20:00:58.346,1.48541,1.48566,1.09,1.37
2016.07.01 20:01:00.860,1.48542,1.48569,1.59,1.00
2016.07.01 20:01:00.962,1.48541,1.48572,3.09,1.37
2016.07.01 20:01:02.050,1.48542,1.48571,1.09,1.50
2016.07.01 20:01:03.158,1.48541,1.48571,1.22,1.50
2016.07.01 20:01:03.923,1.4854,1.48571,1.09,2.25
2016.07.01 20:01:04.230,1.48541,1.48563,1.09,1.50
2016.07.01 20:01:04.738,1.48541,1.48562,1.09,1.37
2016.07.01 20:01:05.721,1.48541,1.48562,1.09,1.37
2016.07.01 20:01:06.630,1.48539,1.48562,1.09,1.37
2016.07.01 20:01:07.014,1.48539,1.48559,1.09,1.37
2016.07.01 20:01:07.269,1.48538,1.48566,1.09,1.37
2016.07.01 20:01:07.783,1.48538,1.48566,1.09,1.37
2016.07.01 20:01:09.809,1.48538,1.48562,1.09,1.00
2016.07.01 20:01:10.324,1.48538,1.48561,1.09,1.12
2016.07.01 20:01:11.331,1.48539,1.48563,1.09,2.25
2016.07.01 20:01:12.361,1.48539,1.4856,1.09,1.37
2016.07.01 20:01:13.055,1.48539,1.48563,1.09,1.62
2016.07.01 20:01:14.354,1.48539,1.48563,1.09,1.62
2016.07.01 20:01:14.456,1.48538,1.48563,1.09,1.50
2016.07.01 20:01:15.365,1.48539,1.48564,1.09,2.00
2016.07.01 20:01:15.670,1.48538,1.48564,1.09,1.25
2016.07.01 20:01:16.038,1.48539,1.48564,1.09,1.50
2016.07.01 20:01:16.916,1.48539,1.48563,1.09,1.00
2016.07.01 20:01:17.434,1.48539,1.48563,1.09,1.00
2016.07.01 20:01:17.958,1.48538,1.48564,1.09,1.00
2016.07.01 20:01:19.653,1.48538,1.48563,1.09,1.00
2016.07.01 20:01:20.164,1.48538,1.48562,1.09,1.00
2016.07.01 20:01:20.368,1.48538,1.4856,1.09,1.00
2016.07.01 20:01:20.883,1.48538,1.48562,1.09,2.25
2016.07.01 20:01:21.188,1.48538,1.48562,1.22,3.15
2016.07.01 20:01:21.442,1.48538,1.48562,1.22,2.25
2016.07.01 20:01:22.105,1.48538,1.48561,1.09,1.00
2016.07.01 20:01:22.308,1.48538,1.48559,1.09,1.00
2016.07.01 20:01:22.410,1.4854,1.48557,1.00,1.00
2016.07.01 20:01:22.919,1.48539,1.48556,1.50,1.00
2016.07.01 20:01:23.439,1.4854,1.48556,1.00,1.00
2016.07.01 20:01:24.121,1.4854,1.48558,1.00,1.50
2016.07.01 20:01:24.439,1.48539,1.48562,1.50,1.00
2016.07.01 20:01:24.928,1.4854,1.48568,1.00,2.40
2016.07.01 20:01:25.081,1.4854,1.4857,1.00,2.25
2016.07.01 20:01:25.133,1.48545,1.48571,1.00,1.00
2016.07.01 20:01:25.234,1.4854,1.48571,1.50,1.00
2016.07.01 20:01:28.443,1.4854,1.48571,1.50,1.87
2016.07.01 20:01:29.553,1.4854,1.4857,1.50,1.12
2016.07.01 20:01:30.876,1.4854,1.48564,1.00,1.00
2016.07.01 20:01:31.252,1.48539,1.48562,1.50,1.00
2016.07.01 20:01:31.568,1.4854,1.48552,1.00,1.37
2016.07.01 20:01:32.586,1.4854,1.48551,1.00,1.37
2016.07.01 20:01:33.470,1.4854,1.48548,1.00,1.37
2016.07.01 20:01:33.843,1.4854,1.48553,1.00,1.37
2016.07.01 20:01:34.641,1.48539,1.48553,1.00,1.37
2016.07.01 20:01:34.743,1.48528,1.48553,1.00,1.37
2016.07.01 20:01:35.779,1.48526,1.48553,1.00,1.37
2016.07.01 20:01:36.387,1.48526,1.48551,1.00,1.37
2016.07.01 20:01:38.384,1.48526,1.48551,1.00,1.37
2016.07.01 20:01:38.689,1.4853,1.48552,1.00,1.50
2016.07.01 20:01:39.096,1.48526,1.48552,1.50,1.50
2016.07.01 20:01:39.202,1.48526,1.48549,1.00,1.37
2016.07.01 20:01:42.190,1.48526,1.48551,1.00,1.50
2016.07.01 20:01:42.990,1.48526,1.48556,1.00,1.87
2016.07.01 20:01:43.581,1.48527,1.48556,1.00,1.87
2016.07.01 20:01:44.091,1.48527,1.48556,1.00,1.37
2016.07.01 20:01:44.689,1.48526,1.48556,1.00,1.37
2016.07.01 20:01:44.792,1.48527,1.48556,1.00,1.00
2016.07.01 20:01:44.894,1.48528,1.48556,1.37,1.00
2016.07.01 20:01:45.198,1.48527,1.48554,1.87,1.00
2016.07.01 20:01:47.379,1.48527,1.48554,1.12,1.00
2016.07.01 20:01:48.081,1.48526,1.48554,1.00,1.00
2016.07.01 20:01:48.720,1.48528,1.48555,1.00,1.00
2016.07.01 20:01:49.360,1.48529,1.48555,1.00,1.00
2016.07.01 20:01:49.681,1.48529,1.48557,1.37,1.00
2016.07.01 20:01:50.327,1.48532,1.48557,1.00,1.00
2016.07.01 20:01:50.379,1.48529,1.48557,1.87,1.00
2016.07.01 20:01:53.011,1.48529,1.48557,1.12,1.00
2016.07.01 20:01:53.959,1.4853,1.48557,1.00,1.00
2016.07.01 20:01:54.804,1.4853,1.48557,1.00,1.87
2016.07.01 20:01:55.420,1.48529,1.48556,1.00,1.37
2016.07.01 20:01:57.984,1.4853,1.48556,1.00,1.37
2016.07.01 20:01:58.664,1.48529,1.48557,1.00,1.37
2016.07.01 20:01:59.085,1.48533,1.48557,1.00,1.87
2016.07.01 20:01:59.309,1.48532,1.48557,1.37,1.00
2016.07.01 20:02:01.361,1.48534,1.48557,1.00,1.00
2016.07.01 20:02:01.863,1.48532,1.48555,1.37,1.00
2016.07.01 20:02:02.252,1.48532,1.48555,1.00,1.37
2016.07.01 20:02:02.303,1.48529,1.48555,1.50,1.37
2016.07.01 20:02:06.952,1.48531,1.48554,1.00,1.37
2016.07.01 20:02:07.206,1.48531,1.48557,1.00,1.00
2016.07.01 20:02:07.257,1.48525,1.48554,1.12,1.00
2016.07.01 20:02:07.359,1.48526,1.48548,1.00,1.00
2016.07.01 20:02:07.768,1.48522,1.48548,1.87,1.00
2016.07.01 20:02:07.974,1.48522,1.48553,1.87,4.12
2016.07.01 20:02:08.518,1.48522,1.48553,1.87,2.62
2016.07.01 20:02:09.217,1.48522,1.48553,1.50,2.62
2016.07.01 20:02:09.788,1.48522,1.48553,1.50,4.50
2016.07.01 20:02:10.374,1.48524,1.48552,1.00,1.00
2016.07.01 20:02:10.922,1.48523,1.48551,1.00,1.00
2016.07.01 20:02:11.424,1.48528,1.48555,1.00,1.00
2016.07.01 20:02:11.577,1.48532,1.48562,1.00,2.25
2016.07.01 20:02:11.679,1.48532,1.48562,1.00,1.00
2016.07.01 20:02:12.032,1.48532,1.48564,1.50,1.50
2016.07.01 20:02:12.189,1.48534,1.48564,1.00,1.00
2016.07.01 20:02:12.494,1.48537,1.48567,1.50,1.00
2016.07.01 20:02:12.798,1.4854,1.48566,1.00,1.00
2016.07.01 20:02:14.675,1.4854,1.4857,1.00,1.50
2016.07.01 20:02:14.726,1.4854,1.48573,1.00,1.00
2016.07.01 20:02:17.160,1.4854,1.48573,1.00,1.87
2016.07.01 20:02:17.466,1.48533,1.48565,1.00,1.37
2016.07.01 20:02:17.517,1.48535,1.48567,1.00,1.37
2016.07.01 20:02:17.621,1.48531,1.48564,1.50,1.00
2016.07.01 20:02:17.723,1.48531,1.4856,1.00,1.00
2016.07.01 20:02:17.774,1.48528,1.4856,1.00,1.00
2016.07.01 20:02:23.751,1.48528,1.48554,1.00,1.50
2016.07.01 20:02:23.904,1.48515,1.48545,1.37,1.50
2016.07.01 20:02:23.956,1.48515,1.48545,1.00,1.50
2016.07.01 20:02:24.007,1.48514,1.48543,1.00,1.00
2016.07.01 20:02:24.058,1.48512,1.48543,1.05,1.00
2016.07.01 20:02:26.344,1.48511,1.48543,2.29,1.00
2016.07.01 20:02:26.742,1.48515,1.48546,1.00,1.50
2016.07.01 20:02:29.299,1.48517,1.48546,1.00,1.50
2016.07.01 20:02:29.605,1.48517,1.48546,1.37,1.87
2016.07.01 20:02:32.304,1.48519,1.48547,1.37,1.00
2016.07.01 20:02:33.298,1.48515,1.48542,2.25,1.00
2016.07.01 20:02:33.350,1.48515,1.48542,1.37,1.00
2016.07.01 20:02:33.702,1.48515,1.4854,1.37,1.00
2016.07.01 20:02:34.007,1.48515,1.48537,1.37,1.00
2016.07.01 20:02:34.465,1.48514,1.48537,1.12,1.00
2016.07.01 20:02:34.916,1.48513,1.4854,1.50,1.00
2016.07.01 20:02:34.967,1.48513,1.4854,1.37,1.00
2016.07.01 20:02:35.271,1.48514,1.48536,1.37,1.00
2016.07.01 20:02:35.322,1.48513,1.4854,1.00,1.37
2016.07.01 20:02:35.900,1.48512,1.48537,1.16,1.00
2016.07.01 20:02:36.409,1.48511,1.48539,1.91,1.37
2016.07.01 20:02:37.090,1.48511,1.48539,1.91,1.12
2016.07.01 20:02:38.530,1.48515,1.48539,1.00,1.12
2016.07.01 20:02:39.420,1.48514,1.4854,1.00,1.37
2016.07.01 20:02:39.928,1.48514,1.4854,1.12,1.12
2016.07.01 20:02:40.530,1.48514,1.48539,1.12,1.00
2016.07.01 20:02:41.330,1.48515,1.48539,1.00,1.00
2016.07.01 20:02:41.635,1.48513,1.48539,1.05,1.00
2016.07.01 20:02:42.227,1.48512,1.48538,1.04,1.00
2016.07.01 20:02:42.968,1.48513,1.48538,1.05,1.37
2016.07.01 20:02:43.643,1.48512,1.48536,1.04,1.00
2016.07.01 20:02:44.232,1.48512,1.48535,1.04,1.00
2016.07.01 20:02:44.743,1.4851,1.48535,1.84,1.00
2016.07.01 20:02:46.084,1.4851,1.48537,1.84,1.12
2016.07.01 20:02:47.247,1.48513,1.48537,1.00,1.12
2016.07.01 20:02:48.354,1.48513,1.48537,1.05,1.37
2016.07.01 20:02:49.552,1.48511,1.48537,1.04,1.37
2016.07.01 20:02:50.143,1.48511,1.48537,1.04,1.37
2016.07.01 20:02:51.603,1.4851,1.4854,1.84,1.87
2016.07.01 20:02:51.678,1.4851,1.48536,1.84,1.37
2016.07.01 20:02:53.384,1.4851,1.48536,1.84,1.50
2016.07.01 20:02:55.478,1.48511,1.48533,1.04,1.37
2016.07.01 20:02:56.020,1.4851,1.48534,1.54,1.37
2016.07.01 20:02:58.063,1.48513,1.48534,1.05,1.00
2016.07.01 20:02:58.232,1.48516,1.48538,1.00,1.37
2016.07.01 20:02:59.146,1.48516,1.48539,1.50,1.37
2016.07.01 20:03:00.185,1.4852,1.4854,1.00,1.50
2016.07.01 20:03:00.491,1.48528,1.48542,1.34,1.50
2016.07.01 20:03:00.879,1.4853,1.48545,1.84,1.37
2016.07.01 20:03:01.390,1.48535,1.4855,1.00,1.37
2016.07.01 20:03:03.078,1.48535,1.48551,1.00,1.37
2016.07.01 20:03:04.005,1.48535,1.48551,1.00,1.00
2016.07.01 20:03:04.057,1.48535,1.48559,1.00,1.00
2016.07.01 20:03:04.559,1.48535,1.48559,1.00,1.50
2016.07.01 20:03:08.178,1.48535,1.48557,1.00,1.37
2016.07.01 20:03:08.784,1.48535,1.48555,1.00,1.37
2016.07.01 20:03:13.042,1.48535,1.48559,1.00,1.37
2016.07.01 20:03:16.074,1.48535,1.48558,1.50,1.37
2016.07.01 20:03:17.474,1.48534,1.48548,1.00,1.37
2016.07.01 20:03:17.678,1.4853,1.48549,1.00,1.37
2016.07.01 20:03:17.779,1.4853,1.48553,1.00,1.50
2016.07.01 20:03:18.696,1.4853,1.48549,1.20,1.50
2016.07.01 20:03:23.298,1.4853,1.48546,1.95,1.37
2016.07.01 20:03:23.610,1.4853,1.4855,1.65,1.37
2016.07.01 20:03:24.764,1.48529,1.48547,1.95,1.37
2016.07.01 20:03:25.271,1.48529,1.48547,1.95,1.37
2016.07.01 20:03:25.855,1.48529,1.48547,1.95,1.37
2016.07.01 20:03:28.525,1.48529,1.48547,1.95,1.37
2016.07.01 20:03:28.577,1.48529,1.48547,1.95,1.00
2016.07.01 20:03:29.128,1.4853,1.48551,1.20,1.37
2016.07.01 20:03:34.004,1.4853,1.48552,1.65,1.37
2016.07.01 20:03:39.177,1.4853,1.48555,1.20,1.37
2016.07.01 20:03:45.183,1.4853,1.48551,1.20,1.37
2016.07.01 20:03:45.517,1.4853,1.48548,1.05,1.37
2016.07.01 20:03:50.418,1.4853,1.48548,1.05,1.37
2016.07.01 20:03:51.600,1.4853,1.48552,1.65,1.37
2016.07.01 20:03:52.178,1.4853,1.48548,1.65,1.00
2016.07.01 20:03:52.483,1.4853,1.48548,1.65,1.37
2016.07.01 20:03:55.795,1.4853,1.48548,1.95,1.37
2016.07.01 20:03:56.689,1.48529,1.48549,1.95,1.50
2016.07.01 20:03:58.714,1.48529,1.48549,1.95,2.25
2016.07.01 20:04:00.241,1.48529,1.48549,1.95,2.25
2016.07.01 20:04:00.587,1.4853,1.48547,1.00,1.50
2016.07.01 20:04:00.639,1.4853,1.4855,1.14,1.37
2016.07.01 20:04:01.148,1.4853,1.4855,1.14,1.37
2016.07.01 20:04:01.715,1.4853,1.4855,1.14,1.37
2016.07.01 20:04:01.818,1.4853,1.48547,1.14,1.37
2016.07.01 20:04:02.418,1.4853,1.48547,1.19,1.37
2016.07.01 20:04:03.630,1.4853,1.4855,1.14,1.37
2016.07.01 20:04:06.646,1.48529,1.48551,1.19,1.37
2016.07.01 20:04:07.540,1.48529,1.48551,1.19,1.37
2016.07.01 20:04:07.643,1.4853,1.48547,1.19,1.37
2016.07.01 20:04:08.932,1.4853,1.4855,1.19,1.37
2016.07.01 20:04:09.465,1.48529,1.48551,1.19,1.50
2016.07.01 20:04:12.046,1.4853,1.48551,1.19,1.37
2016.07.01 20:04:14.180,1.4853,1.48551,1.14,1.37
2016.07.01 20:04:17.444,1.48532,1.48555,1.12,1.37
2016.07.01 20:04:17.991,1.48531,1.48555,1.09,1.37
2016.07.01 20:04:18.509,1.4853,1.48556,1.14,1.37
2016.07.01 20:04:18.713,1.4853,1.48557,1.14,1.37
2016.07.01 20:04:20.516,1.4853,1.48557,2.72,1.37
2016.07.01 20:04:22.856,1.4853,1.48557,2.34,1.87
2016.07.01 20:04:27.350,1.4853,1.48557,1.14,1.37
2016.07.01 20:04:29.177,1.48535,1.48557,1.00,1.37
2016.07.01 20:04:34.492,1.48537,1.48557,1.00,1.37
2016.07.01 20:04:35.031,1.48537,1.48558,1.00,1.50
2016.07.01 20:04:35.844,1.48537,1.48564,1.50,1.00
2016.07.01 20:04:36.352,1.48537,1.48563,1.50,1.00
2016.07.01 20:04:37.928,1.48537,1.48563,1.87,1.00
2016.07.01 20:04:38.436,1.48537,1.48564,1.37,1.00
2016.07.01 20:04:44.117,1.48543,1.48568,1.00,1.50
2016.07.01 20:04:44.491,1.48548,1.48572,1.75,1.00
2016.07.01 20:04:44.543,1.48548,1.48575,1.75,1.00
2016.07.01 20:04:45.064,1.48545,1.48572,1.50,1.00
2016.07.01 20:04:45.166,1.48543,1.48572,1.37,1.00
2016.07.01 20:04:46.016,1.48543,1.48572,1.37,1.00
2016.07.01 20:04:46.579,1.48543,1.48572,1.00,1.00
2016.07.01 20:04:50.992,1.48542,1.4857,1.12,1.00
2016.07.01 20:04:54.641,1.48545,1.48572,1.00,1.00
2016.07.01 20:04:55.788,1.48545,1.48572,1.37,1.00
2016.07.01 20:04:58.437,1.48543,1.48571,1.50,1.00
2016.07.01 20:04:59.657,1.48543,1.48571,1.37,1.00
2016.07.01 20:05:00.512,1.48545,1.48572,1.00,1.00
2016.07.01 20:05:01.020,1.48542,1.48571,1.75,1.50
2016.07.01 20:05:01.388,1.48541,1.48571,1.00,1.50
2016.07.01 20:05:01.595,1.48541,1.48569,1.00,1.00
2016.07.01 20:05:02.023,1.48541,1.48571,1.00,1.50
2016.07.01 20:05:06.119,1.48543,1.48571,1.00,1.00
2016.07.01 20:05:07.167,1.48546,1.48574,1.00,2.25
2016.07.01 20:05:13.556,1.48546,1.48572,1.12,1.00
2016.07.01 20:05:14.857,1.48546,1.48574,1.12,3.00
2016.07.01 20:05:15.458,1.48546,1.48571,1.12,1.00
2016.07.01 20:05:15.713,1.48534,1.48561,1.00,1.00
2016.07.01 20:05:16.311,1.48534,1.4856,1.00,1.00
2016.07.01 20:05:16.840,1.48533,1.4856,1.12,1.00
2016.07.01 20:05:19.483,1.48533,1.48559,1.12,1.00
2016.07.01 20:05:20.307,1.48533,1.48561,1.12,1.50
2016.07.01 20:05:21.026,1.48533,1.48561,1.12,2.62
2016.07.01 20:05:24.206,1.48533,1.48561,1.12,1.12
2016.07.01 20:05:24.318,1.48533,1.48561,1.12,1.50
2016.07.01 20:05:25.813,1.48533,1.48561,1.12,2.25
2016.07.01 20:05:26.973,1.48533,1.48561,1.12,1.75
2016.07.01 20:05:30.120,1.48533,1.48557,1.00,1.37
2016.07.01 20:05:35.529,1.48533,1.48562,1.12,2.75
2016.07.01 20:05:35.631,1.48533,1.48559,1.00,1.00
2016.07.01 20:05:35.885,1.48535,1.48559,1.00,1.00
2016.07.01 20:05:36.306,1.48533,1.48559,1.12,1.00
2016.07.01 20:05:38.611,1.48533,1.48561,1.12,1.00
2016.07.01 20:05:39.499,1.48534,1.48562,1.00,1.00
2016.07.01 20:05:42.548,1.48534,1.48561,1.00,1.00
2016.07.01 20:05:43.177,1.48533,1.48561,1.12,1.00
2016.07.01 20:05:45.700,1.48534,1.48561,1.00,1.00
2016.07.01 20:05:46.223,1.48533,1.48561,1.12,1.00
2016.07.01 20:05:47.924,1.48532,1.48558,1.59,1.00
2016.07.01 20:05:48.635,1.48534,1.48558,1.00,1.00
2016.07.01 20:05:48.949,1.48535,1.48562,1.00,1.00
2016.07.01 20:05:54.735,1.48534,1.48561,1.00,1.00
2016.07.01 20:05:59.864,1.48534,1.48563,1.00,3.37
2016.07.01 20:06:00.118,1.48534,1.4856,1.00,1.00
2016.07.01 20:06:00.635,1.48534,1.48559,1.00,1.00
2016.07.01 20:06:01.195,1.48534,1.4856,1.00,1.50
2016.07.01 20:06:03.864,1.48534,1.48561,1.00,3.07
2016.07.01 20:06:04.422,1.48534,1.4856,1.00,1.00
2016.07.01 20:06:05.725,1.48533,1.4856,1.12,1.50
2016.07.01 20:06:06.291,1.48533,1.48559,1.12,1.00
2016.07.01 20:06:06.827,1.48533,1.4856,1.12,1.00
2016.07.01 20:06:07.866,1.48533,1.48559,1.12,1.00
2016.07.01 20:06:10.278,1.48533,1.4856,1.12,1.50
2016.07.01 20:06:10.811,1.48533,1.48559,1.12,1.00
2016.07.01 20:06:11.331,1.48533,1.4856,1.12,2.25
2016.07.01 20:06:11.767,1.48533,1.48558,1.12,1.00
2016.07.01 20:06:12.124,1.48533,1.4856,1.00,1.12
2016.07.01 20:06:12.718,1.48533,1.48559,1.00,1.50
2016.07.01 20:06:14.139,1.48531,1.48553,1.09,1.00
2016.07.01 20:06:14.668,1.48534,1.48557,1.50,1.37
2016.07.01 20:06:14.975,1.48534,1.48552,1.00,1.37
2016.07.01 20:06:20.351,1.48533,1.48553,1.12,1.50
2016.07.01 20:06:25.295,1.48533,1.48555,1.12,1.50
2016.07.01 20:06:27.664,1.48533,1.48559,1.00,2.25
2016.07.01 20:06:30.102,1.48531,1.48556,1.59,1.87
2016.07.01 20:06:30.632,1.48531,1.48557,1.09,2.25
2016.07.01 20:06:31.145,1.48533,1.48556,1.12,1.37
2016.07.01 20:06:33.704,1.48533,1.48558,1.12,1.75
2016.07.01 20:06:45.626,1.48534,1.48556,1.00,1.00
2016.07.01 20:06:50.187,1.48534,1.48554,1.00,1.37
2016.07.01 20:06:50.704,1.48534,1.48554,1.00,1.37
2016.07.01 20:06:53.487,1.48534,1.48554,1.00,1.50
2016.07.01 20:06:59.970,1.48533,1.48552,1.12,1.37
2016.07.01 20:07:00.284,1.4853,1.48551,1.00,1.37
2016.07.01 20:07:00.805,1.48531,1.48553,1.00,1.37
2016.07.01 20:07:00.907,1.48531,1.48553,1.12,1.37
2016.07.01 20:07:01.480,1.48529,1.48553,1.42,1.37
2016.07.01 20:07:02.304,1.4853,1.48554,1.84,1.37
2016.07.01 20:07:02.777,1.48532,1.48557,1.16,1.50
2016.07.01 20:07:03.286,1.48529,1.48551,2.59,1.00
2016.07.01 20:07:06.210,1.4853,1.48554,1.84,1.37
2016.07.01 20:07:06.753,1.4853,1.48554,1.12,1.37
2016.07.01 20:07:07.264,1.4853,1.48554,1.42,1.87
2016.07.01 20:07:07.795,1.4853,1.48551,1.12,1.00
2016.07.01 20:07:08.610,1.4853,1.48554,1.42,1.37
2016.07.01 20:07:08.871,1.48532,1.48554,1.12,1.00
2016.07.01 20:07:08.922,1.48534,1.48558,1.00,1.37
2016.07.01 20:07:12.927,1.4853,1.48556,1.84,1.12
2016.07.01 20:07:13.028,1.48532,1.48554,1.12,1.00
2016.07.01 20:07:13.333,1.4853,1.48555,1.62,1.50
2016.07.01 20:07:13.742,1.4853,1.48551,1.84,1.50
2016.07.01 20:07:13.995,1.4853,1.48553,1.12,1.37
2016.07.01 20:07:14.171,1.4853,1.48553,1.12,1.75
2016.07.01 20:07:14.273,1.48534,1.48552,1.00,1.00
2016.07.01 20:07:14.782,1.48534,1.48555,1.00,1.37
2016.07.01 20:07:18.688,1.4853,1.48555,1.62,1.37
2016.07.01 20:07:18.739,1.48529,1.48551,1.84,1.00
2016.07.01 20:07:18.842,1.4853,1.48554,2.22,1.50
2016.07.01 20:07:18.893,1.4853,1.48554,1.42,1.87
2016.07.01 20:07:19.250,1.4853,1.48553,1.00,1.00
2016.07.01 20:07:19.554,1.4853,1.4855,1.00,1.00
2016.07.01 20:07:19.857,1.4853,1.48551,1.00,1.50
2016.07.01 20:07:20.167,1.4853,1.4855,1.09,1.37
2016.07.01 20:07:20.421,1.48531,1.48556,1.09,1.87
2016.07.01 20:07:20.524,1.48533,1.48552,1.12,1.37
2016.07.01 20:07:21.259,1.4853,1.48552,1.29,1.37
2016.07.01 20:07:21.819,1.4853,1.48552,1.09,1.37
2016.07.01 20:07:22.148,1.48534,1.48553,1.00,1.50
2016.07.01 20:07:24.874,1.4853,1.48553,1.09,1.50
2016.07.01 20:07:26.085,1.4853,1.48552,1.59,1.37
2016.07.01 20:07:27.982,1.4853,1.48553,1.29,1.37
2016.07.01 20:07:29.185,1.4853,1.48553,1.09,2.25
2016.07.01 20:07:29.744,1.4853,1.48551,1.74,1.37
2016.07.01 20:07:35.397,1.48531,1.48551,1.09,1.50
2016.07.01 20:07:37.525,1.48529,1.48547,1.74,1.50
2016.07.01 20:07:40.227,1.48529,1.48554,1.74,1.87
2016.07.01 20:07:40.329,1.48532,1.48552,1.12,1.50
2016.07.01 20:07:41.090,1.48532,1.48552,1.09,1.50
2016.07.01 20:07:46.563,1.48534,1.48552,1.00,1.50
2016.07.01 20:07:46.818,1.48534,1.48552,1.00,1.00
2016.07.01 20:07:46.870,1.48534,1.48558,1.00,1.37
2016.07.01 20:07:48.921,1.48534,1.48558,1.00,1.37
2016.07.01 20:07:52.447,1.48534,1.4856,1.00,1.50
2016.07.01 20:07:53.513,1.48534,1.4856,1.00,1.50
2016.07.01 20:07:54.073,1.48534,1.4856,1.00,1.00
2016.07.01 20:07:56.009,1.48534,1.4856,1.00,1.37
2016.07.01 20:07:57.575,1.4853,1.48556,1.66,1.00
2016.07.01 20:07:57.882,1.4853,1.48553,1.09,1.50
2016.07.01 20:07:58.138,1.48531,1.48556,1.09,1.37
2016.07.01 20:07:58.291,1.48529,1.48553,1.36,1.00
2016.07.01 20:07:58.624,1.4853,1.48551,1.09,1.37
2016.07.01 20:07:58.840,1.48529,1.48552,1.24,1.47
2016.07.01 20:07:59.401,1.4853,1.48553,1.09,2.40
2016.07.01 20:08:01.277,1.48529,1.48554,1.74,1.87
2016.07.01 20:08:01.959,1.48531,1.48555,1.09,1.50
2016.07.01 20:08:02.626,1.48531,1.48555,1.09,1.50
2016.07.01 20:08:03.146,1.48531,1.48554,1.09,1.37
2016.07.01 20:08:03.758,1.48529,1.48553,1.29,1.50
2016.07.01 20:08:07.254,1.48531,1.48555,1.09,1.75
2016.07.01 20:08:12.718,1.48531,1.48553,1.09,1.37
2016.07.01 20:08:14.652,1.48531,1.48553,1.09,1.75
2016.07.01 20:08:14.754,1.48529,1.4855,1.29,2.62
2016.07.01 20:08:15.262,1.48529,1.4855,1.24,1.50
2016.07.01 20:08:15.754,1.4853,1.4855,1.29,1.12
2016.07.01 20:08:19.220,1.4853,1.48551,1.59,1.37
2016.07.01 20:08:22.617,1.4853,1.48551,1.29,1.75
2016.07.01 20:08:24.062,1.4853,1.48549,1.29,1.37
2016.07.01 20:08:33.032,1.48533,1.48548,1.00,1.37
2016.07.01 20:08:37.975,1.48533,1.48548,1.00,1.37
2016.07.01 20:08:41.743,1.48533,1.48553,1.00,1.50
2016.07.01 20:08:43.052,1.48533,1.48553,1.00,1.87
2016.07.01 20:08:50.344,1.48533,1.48551,1.00,1.12
2016.07.01 20:08:54.453,1.48533,1.48554,1.00,1.12
2016.07.01 20:08:56.122,1.48534,1.48554,1.00,1.87
2016.07.01 20:09:03.115,1.48534,1.48555,1.00,1.25
2016.07.01 20:09:03.623,1.48534,1.48553,1.00,1.25
2016.07.01 20:09:04.451,1.48534,1.48552,1.00,1.12
2016.07.01 20:09:09.220,1.48531,1.48553,1.09,1.87
2016.07.01 20:09:09.678,1.48531,1.48549,1.09,1.12
2016.07.01 20:09:10.195,1.48529,1.48547,1.74,1.37
2016.07.01 20:09:15.269,1.4853,1.48548,1.09,1.37
2016.07.01 20:09:18.455,1.48529,1.48549,1.74,1.50
2016.07.01 20:09:33.381,1.4853,1.48548,1.09,1.50
2016.07.01 20:09:36.848,1.48535,1.48549,1.00,1.37
2016.07.01 20:09:36.899,1.48535,1.4855,1.00,1.00
2016.07.01 20:09:37.255,1.4853,1.48547,1.09,1.00
2016.07.01 20:09:37.815,1.48529,1.48548,1.24,1.12
2016.07.01 20:09:53.711,1.48531,1.48548,1.09,1.37
2016.07.01 20:09:59.182,1.48529,1.48538,1.09,1.00
2016.07.01 20:09:59.234,1.4853,1.48538,1.00,1.00
2016.07.01 20:09:59.285,1.4853,1.48543,1.00,1.37
2016.07.01 20:09:59.439,1.48529,1.48541,1.50,1.37
2016.07.01 20:09:59.710,1.4853,1.48543,1.00,1.00
2016.07.01 20:09:59.761,1.48519,1.48543,1.00,1.00
2016.07.01 20:10:00.271,1.48518,1.48542,1.00,1.00
2016.07.01 20:10:00.373,1.48516,1.4854,1.12,1.00
2016.07.01 20:10:00.679,1.48506,1.4853,1.37,1.00
2016.07.01 20:10:00.941,1.48504,1.4853,1.00,1.00
2016.07.01 20:10:04.219,1.48509,1.48534,1.00,1.00
2016.07.01 20:10:04.694,1.48511,1.48536,1.00,1.37
2016.07.01 20:10:05.327,1.48511,1.48536,1.00,1.00
2016.07.01 20:10:09.860,1.48511,1.48535,1.00,1.00
2016.07.01 20:10:10.115,1.48508,1.48534,1.00,1.12
2016.07.01 20:10:11.136,1.4851,1.48535,1.00,1.37
2016.07.01 20:10:11.660,1.4851,1.48535,1.00,1.00
2016.07.01 20:10:12.137,1.48512,1.48536,1.00,1.50
2016.07.01 20:10:13.841,1.48512,1.48536,1.00,1.37
2016.07.01 20:10:15.580,1.4851,1.48535,1.00,1.37
2016.07.01 20:10:16.213,1.4851,1.48535,1.00,1.37
2016.07.01 20:10:17.358,1.4851,1.48535,1.00,1.87
2016.07.01 20:10:17.704,1.48512,1.48535,1.00,1.37
2016.07.01 20:10:19.311,1.48507,1.48535,1.00,1.87
2016.07.01 20:10:19.363,1.48507,1.4853,1.00,1.37
2016.07.01 20:10:19.465,1.48507,1.48535,1.00,2.25
2016.07.01 20:10:20.226,1.48507,1.4853,1.00,1.37
2016.07.01 20:10:24.211,1.48505,1.48531,1.00,1.50
2016.07.01 20:10:24.263,1.48505,1.48532,1.00,1.37
2016.07.01 20:10:24.314,1.48508,1.48532,1.00,1.37
2016.07.01 20:10:25.631,1.48509,1.48532,1.00,1.37
2016.07.01 20:10:26.860,1.48509,1.48536,1.00,1.50
2016.07.01 20:10:28.197,1.48507,1.48533,1.00,1.12
2016.07.01 20:10:28.350,1.48507,1.48533,1.00,1.50
2016.07.01 20:10:30.505,1.48508,1.48534,1.00,1.50
2016.07.01 20:10:30.759,1.48508,1.48535,1.00,1.50
2016.07.01 20:10:30.862,1.48508,1.48535,1.00,1.25
2016.07.01 20:10:32.270,1.48508,1.48535,1.00,1.50
2016.07.01 20:10:32.575,1.48508,1.48534,1.00,1.50
2016.07.01 20:10:36.104,1.48503,1.48531,1.00,1.50
2016.07.01 20:10:36.155,1.48503,1.48531,1.00,1.50
2016.07.01 20:10:36.732,1.48503,1.48531,1.00,1.50
2016.07.01 20:10:37.038,1.48503,1.4853,1.00,1.37
2016.07.01 20:10:37.140,1.48506,1.48532,1.00,1.37
2016.07.01 20:10:37.461,1.48506,1.48532,1.00,2.25
2016.07.01 20:10:39.781,1.48506,1.48532,1.00,1.87
2016.07.01 20:10:39.950,1.48506,1.48532,1.00,1.37
2016.07.01 20:10:40.336,1.48506,1.48532,1.00,1.50
2016.07.01 20:10:42.757,1.48504,1.48531,1.00,1.87
2016.07.01 20:10:43.238,1.48504,1.48531,1.00,2.25
2016.07.01 20:10:44.124,1.48501,1.48524,1.00,1.37
2016.07.01 20:10:44.226,1.48497,1.48524,1.00,1.75
2016.07.01 20:10:47.130,1.48497,1.48523,1.00,1.37
2016.07.01 20:10:49.095,1.48501,1.48523,1.00,1.37
2016.07.01 20:10:49.401,1.48503,1.48527,1.00,1.75
2016.07.01 20:10:49.453,1.48503,1.48527,1.00,1.37
2016.07.01 20:10:52.119,1.48503,1.48527,1.00,1.75
2016.07.01 20:10:53.534,1.48503,1.48522,1.00,1.37
2016.07.01 20:10:54.851,1.485,1.48522,1.00,1.37
2016.07.01 20:10:55.589,1.48499,1.48523,1.00,1.50
2016.07.01 20:10:56.871,1.48499,1.48523,1.00,1.37
2016.07.01 20:10:56.923,1.48499,1.48521,1.00,1.37
2016.07.01 20:10:58.158,1.48507,1.48521,1.00,1.37
2016.07.01 20:10:58.502,1.4851,1.4854,2.25,1.37
2016.07.01 20:10:58.553,1.4851,1.4854,2.62,1.00
2016.07.01 20:10:59.304,1.4851,1.48539,1.87,1.00
2016.07.01 20:10:59.776,1.4851,1.48539,1.87,1.37
2016.07.01 20:11:01.140,1.4851,1.48538,1.50,1.50
2016.07.01 20:11:03.548,1.48508,1.48538,1.12,2.25
2016.07.01 20:11:03.600,1.48508,1.48533,1.00,1.37
2016.07.01 20:11:04.916,1.48504,1.48526,1.00,1.37
2016.07.01 20:11:05.218,1.48502,1.48522,1.00,1.37
2016.07.01 20:11:05.269,1.485,1.48522,1.50,1.37
2016.07.01 20:11:05.931,1.485,1.48528,1.00,1.00
2016.07.01 20:11:06.974,1.48505,1.48533,1.00,1.00
2016.07.01 20:11:07.279,1.48507,1.48533,1.50,1.00
2016.07.01 20:11:07.790,1.48506,1.48528,1.00,1.00
2016.07.01 20:11:07.841,1.48502,1.48528,1.50,1.00
2016.07.01 20:11:08.110,1.48506,1.48528,1.00,1.00
2016.07.01 20:11:08.616,1.48509,1.4853,1.00,1.00
2016.07.01 20:11:08.719,1.48504,1.4853,1.00,1.00
2016.07.01 20:11:08.821,1.4851,1.4853,1.00,1.00
2016.07.01 20:11:09.456,1.48509,1.4853,1.00,1.00
2016.07.01 20:11:09.761,1.48513,1.4853,1.00,1.00
2016.07.01 20:11:10.016,1.48511,1.4853,1.00,1.00
2016.07.01 20:11:13.368,1.48508,1.4853,1.87,1.00
2016.07.01 20:11:13.747,1.48513,1.48532,1.00,1.00
2016.07.01 20:11:14.521,1.48509,1.48532,1.12,1.00
2016.07.01 20:11:14.623,1.48512,1.48532,1.00,1.00
2016.07.01 20:11:14.871,1.48512,1.48535,1.00,1.00
2016.07.01 20:11:15.024,1.4851,1.48535,1.00,1.00
2016.07.01 20:11:15.126,1.48514,1.48535,1.00,1.00
2016.07.01 20:11:16.238,1.4851,1.48535,1.00,1.00
2016.07.01 20:11:16.339,1.48514,1.48535,1.00,1.00
2016.07.01 20:11:16.947,1.48513,1.48535,1.00,1.00
2016.07.01 20:11:18.326,1.48512,1.48535,1.00,1.00
2016.07.01 20:11:18.631,1.48512,1.48531,1.00,1.00
2016.07.01 20:11:18.941,1.4851,1.48535,1.00,1.37
2016.07.01 20:11:19.044,1.48514,1.48535,1.00,1.37
2016.07.01 20:11:19.096,1.48511,1.48535,1.00,1.37
2016.07.01 20:11:19.775,1.48515,1.4854,1.00,1.37
2016.07.01 20:11:21.712,1.48511,1.48539,1.00,1.37
2016.07.01 20:11:21.763,1.48511,1.48537,1.00,1.37
2016.07.01 20:11:22.213,1.4851,1.48534,2.25,1.50
2016.07.01 20:11:25.139,1.48509,1.48533,1.50,1.37
2016.07.01 20:11:26.245,1.48511,1.48534,1.00,1.50
2016.07.01 20:11:33.840,1.48508,1.48533,1.00,1.37
2016.07.01 20:11:36.441,1.48507,1.48532,1.50,1.37
2016.07.01 20:11:36.647,1.48508,1.48535,1.00,1.37
2016.07.01 20:11:37.801,1.48507,1.48535,1.00,1.37
2016.07.01 20:11:38.344,1.48508,1.48535,1.00,1.37
2016.07.01 20:11:38.772,1.48508,1.48534,1.00,1.37
2016.07.01 20:11:41.076,1.48507,1.48529,1.50,1.37
2016.07.01 20:11:41.178,1.4851,1.48534,1.00,1.37
2016.07.01 20:11:41.230,1.48512,1.48534,1.00,1.37
2016.07.01 20:11:41.282,1.48512,1.48541,1.12,1.37
2016.07.01 20:11:41.479,1.48515,1.48541,1.00,1.37
2016.07.01 20:11:44.551,1.48514,1.48541,1.00,1.87
2016.07.01 20:11:45.054,1.48513,1.4854,1.50,1.37
2016.07.01 20:11:45.588,1.48516,1.4854,1.00,1.37
2016.07.01 20:11:45.690,1.48513,1.4854,1.50,1.37
2016.07.01 20:11:46.234,1.48514,1.4854,1.00,1.37
2016.07.01 20:11:47.253,1.48514,1.48535,1.50,1.00
2016.07.01 20:11:47.664,1.48514,1.48535,1.00,1.50
2016.07.01 20:11:49.367,1.48514,1.48537,1.00,1.37
2016.07.01 20:11:49.875,1.48515,1.48538,1.00,1.50
2016.07.01 20:11:50.106,1.48515,1.48538,1.00,1.37
2016.07.01 20:11:50.637,1.48516,1.48539,1.00,1.37
2016.07.01 20:11:51.905,1.48515,1.48537,1.00,1.37
2016.07.01 20:11:53.529,1.48521,1.48537,1.00,1.37
2016.07.01 20:11:53.581,1.48521,1.48548,1.50,2.32
2016.07.01 20:11:53.683,1.48524,1.48548,1.00,2.32
2016.07.01 20:11:54.211,1.48523,1.48547,1.00,1.37
2016.07.01 20:11:54.523,1.48521,1.48547,1.00,1.37
2016.07.01 20:11:56.112,1.48525,1.48547,1.00,1.37
2016.07.01 20:11:56.333,1.48521,1.48549,1.12,1.37
2016.07.01 20:11:56.384,1.48524,1.48549,1.00,1.37
2016.07.01 20:11:56.689,1.48524,1.48545,1.00,1.50
2016.07.01 20:11:56.791,1.48524,1.48548,1.00,1.37
2016.07.01 20:11:58.264,1.48524,1.48548,1.00,1.37
2016.07.01 20:12:00.867,1.48524,1.48545,1.00,1.37
2016.07.01 20:12:03.467,1.48524,1.48544,1.00,1.37
2016.07.01 20:12:08.474,1.48525,1.48546,1.00,1.37
2016.07.01 20:12:08.576,1.48529,1.48552,1.87,1.00
2016.07.01 20:12:08.635,1.48529,1.48558,1.87,1.50
2016.07.01 20:12:08.687,1.48531,1.48558,1.37,1.50
2016.07.01 20:12:09.519,1.48532,1.48561,1.37,1.00
2016.07.01 20:12:09.620,1.48532,1.48561,1.87,1.00
2016.07.01 20:12:11.215,1.48532,1.48561,1.37,1.00
2016.07.01 20:12:13.091,1.48532,1.48561,1.87,1.00
2016.07.01 20:12:14.431,1.48533,1.48563,1.37,1.00
2016.07.01 20:12:15.697,1.48532,1.48563,1.00,1.00
2016.07.01 20:12:18.612,1.48532,1.48558,1.00,1.37
2016.07.01 20:12:18.916,1.48532,1.48556,1.00,1.37
2016.07.01 20:12:25.687,1.48532,1.48557,1.00,1.37
2016.07.01 20:12:30.108,1.48529,1.48552,1.00,1.37
2016.07.01 20:12:30.415,1.48532,1.48558,1.00,1.37
2016.07.01 20:12:32.133,1.48532,1.48559,1.00,1.50
2016.07.01 20:12:33.918,1.48531,1.48559,1.00,2.25
2016.07.01 20:12:34.434,1.48526,1.48553,1.00,1.37
2016.07.01 20:12:36.107,1.48526,1.48552,1.00,1.37
2016.07.01 20:12:36.728,1.48529,1.48556,1.00,1.37
2016.07.01 20:12:37.034,1.48529,1.48553,1.00,1.37
2016.07.01 20:12:37.238,1.48525,1.48553,1.00,1.37
2016.07.01 20:12:39.431,1.48525,1.48548,1.00,1.37
2016.07.01 20:12:40.695,1.48529,1.48544,1.00,1.50
2016.07.01 20:12:40.748,1.48529,1.4855,1.00,1.37
2016.07.01 20:12:40.799,1.48532,1.4855,1.00,1.37
2016.07.01 20:12:42.175,1.48535,1.4855,1.00,1.37
2016.07.01 20:12:42.247,1.48532,1.4855,1.00,1.50
2016.07.01 20:12:48.364,1.48531,1.48554,1.00,1.75
2016.07.01 20:12:49.043,1.48531,1.48554,1.00,1.50
2016.07.01 20:12:51.735,1.48531,1.48556,1.00,1.50
2016.07.01 20:12:55.171,1.48532,1.48556,1.00,1.50
2016.07.01 20:12:55.324,1.48529,1.48555,1.50,1.50
2016.07.01 20:12:55.433,1.48531,1.48555,1.00,1.50
2016.07.01 20:12:58.438,1.48531,1.4855,1.50,1.37
2016.07.01 20:12:58.973,1.48531,1.48553,1.00,1.50
2016.07.01 20:13:02.808,1.48533,1.48552,1.00,1.37
2016.07.01 20:13:06.042,1.48533,1.48555,1.00,1.37
2016.07.01 20:13:08.977,1.48533,1.48562,1.00,1.37
2016.07.01 20:13:09.158,1.48535,1.48562,1.00,1.37
2016.07.01 20:13:09.464,1.48538,1.48563,1.00,1.37
2016.07.01 20:13:15.735,1.48538,1.48563,1.00,1.37
2016.07.01 20:13:17.653,1.48539,1.48565,1.00,1.37
2016.07.01 20:13:21.271,1.48539,1.48566,1.00,1.37
2016.07.01 20:13:22.947,1.48539,1.48565,1.00,1.37
2016.07.01 20:13:29.867,1.48538,1.48562,1.00,1.37
2016.07.01 20:13:31.048,1.48538,1.48563,1.00,1.00
2016.07.01 20:13:31.099,1.48538,1.48571,1.00,1.00
2016.07.01 20:13:32.061,1.48538,1.48569,1.00,1.00
2016.07.01 20:13:32.570,1.48539,1.48569,1.00,1.87
2016.07.01 20:13:41.057,1.48539,1.48569,1.00,2.25
2016.07.01 20:13:42.320,1.48539,1.48567,1.00,1.37
2016.07.01 20:13:43.105,1.48538,1.48567,1.00,1.50
2016.07.01 20:13:45.206,1.48542,1.48569,1.00,1.50
2016.07.01 20:13:45.309,1.48542,1.48572,1.12,3.45
2016.07.01 20:13:49.432,1.48543,1.48572,1.00,1.37
2016.07.01 20:13:50.097,1.48542,1.48572,1.87,2.62
2016.07.01 20:13:51.008,1.48542,1.4857,1.50,1.37
2016.07.01 20:13:53.267,1.48542,1.4857,1.37,1.37
2016.07.01 20:13:53.572,1.48538,1.48569,1.87,1.50
2016.07.01 20:13:54.719,1.48538,1.48566,1.00,1.37
2016.07.01 20:13:55.277,1.48538,1.48571,1.37,2.25
2016.07.01 20:13:55.430,1.48543,1.48571,1.00,2.25
2016.07.01 20:13:55.684,1.48539,1.4857,1.37,1.87
2016.07.01 20:13:55.786,1.48539,1.48566,1.00,1.37
2016.07.01 20:13:58.071,1.48539,1.48568,1.00,1.37
2016.07.01 20:13:59.483,1.48539,1.4857,1.37,2.25
2016.07.01 20:13:59.773,1.48539,1.4857,1.00,2.25
2016.07.01 20:14:03.061,1.4854,1.48567,1.00,1.37
2016.07.01 20:14:07.636,1.4854,1.48568,1.00,1.37
2016.07.01 20:14:08.000,1.4854,1.48561,1.00,1.50
2016.07.01 20:14:12.793,1.4854,1.48562,1.00,1.37
2016.07.01 20:14:12.895,1.4854,1.48564,1.00,1.37
2016.07.01 20:14:12.946,1.48542,1.48564,1.00,1.37
2016.07.01 20:14:13.251,1.48544,1.48564,1.00,1.37
2016.07.01 20:14:13.780,1.48543,1.48565,1.00,1.37
2016.07.01 20:14:15.715,1.48544,1.48564,1.00,1.37
2016.07.01 20:14:19.063,1.48544,1.48566,1.00,1.37
2016.07.01 20:14:19.294,1.48542,1.48565,1.00,1.37
2016.07.01 20:14:20.435,1.48542,1.48571,1.00,1.00
2016.07.01 20:14:20.619,1.48542,1.48571,1.37,1.00
2016.07.01 20:14:23.706,1.48542,1.48571,1.12,1.00
2016.07.01 20:14:24.753,1.48542,1.48573,1.12,1.50
2016.07.01 20:14:25.333,1.48541,1.48572,1.87,1.00
2016.07.01 20:14:27.212,1.4854,1.4857,1.37,1.00
2016.07.01 20:14:27.314,1.48539,1.48569,1.37,1.00
2016.07.01 20:14:27.417,1.48537,1.48569,1.37,1.00
2016.07.01 20:14:27.924,1.48536,1.48568,1.37,1.00
2016.07.01 20:14:30.429,1.48536,1.48568,1.37,1.37
2016.07.01 20:14:33.207,1.48536,1.48563,1.37,1.00
2016.07.01 20:14:33.309,1.48535,1.48566,1.50,1.37
2016.07.01 20:14:37.507,1.48536,1.48566,1.12,1.37
2016.07.01 20:14:39.020,1.48533,1.48566,1.87,1.50
2016.07.01 20:14:42.353,1.48535,1.48562,1.12,1.37
2016.07.01 20:14:44.239,1.48535,1.48562,1.00,1.12
2016.07.01 20:14:47.925,1.48534,1.48562,1.87,1.12
2016.07.01 20:14:48.916,1.48534,1.48562,1.87,1.00
2016.07.01 20:14:52.397,1.48534,1.48563,1.87,1.12
2016.07.01 20:14:52.703,1.48534,1.48563,1.37,1.37
2016.07.01 20:14:55.339,1.48534,1.48566,1.37,1.87
2016.07.01 20:15:01.238,1.48534,1.48567,1.37,2.25
2016.07.01 20:15:01.575,1.48534,1.48562,1.00,1.50
2016.07.01 20:15:02.835,1.48534,1.48562,1.00,1.75
2016.07.01 20:15:03.885,1.48532,1.48557,1.00,1.37
2016.07.01 20:15:06.555,1.48532,1.48559,1.00,1.50
2016.07.01 20:15:08.055,1.48531,1.48555,1.00,1.50
2016.07.01 20:15:08.157,1.48532,1.48558,1.00,1.50
2016.07.01 20:15:11.987,1.4853,1.48557,1.00,1.37
2016.07.01 20:15:12.038,1.48528,1.48557,1.12,1.87
2016.07.01 20:15:12.089,1.48526,1.48557,1.00,2.25
2016.07.01 20:15:12.706,1.48525,1.48554,1.00,1.37
2016.07.01 20:15:13.345,1.48525,1.48554,1.00,1.50
2016.07.01 20:15:15.065,1.48525,1.48554,1.00,1.37
2016.07.01 20:15:19.848,1.48525,1.48553,1.00,1.50
2016.07.01 20:15:20.704,1.48522,1.48553,1.37,1.50
2016.07.01 20:15:25.887,1.48522,1.48553,1.37,1.37
2016.07.01 20:15:38.241,1.48527,1.48553,1.00,1.37
2016.07.01 20:15:38.848,1.48527,1.48553,1.00,1.37
2016.07.01 20:15:44.182,1.48526,1.48554,1.00,1.50
2016.07.01 20:15:52.461,1.48524,1.48553,1.12,1.37
2016.07.01 20:15:53.102,1.48524,1.48554,1.37,1.37
2016.07.01 20:16:02.432,1.48526,1.48554,1.00,1.37
2016.07.01 20:16:02.484,1.48526,1.48554,1.37,1.12
2016.07.01 20:16:08.134,1.4853,1.48562,1.00,1.00
2016.07.01 20:16:08.185,1.48536,1.48564,1.00,1.12
2016.07.01 20:16:08.649,1.48552,1.48575,1.00,1.00
2016.07.01 20:16:09.196,1.48552,1.48574,1.50,1.00
2016.07.01 20:16:09.796,1.48552,1.48575,1.00,1.00
2016.07.01 20:16:10.305,1.48548,1.48575,1.37,1.50
2016.07.01 20:16:10.997,1.48549,1.48574,1.37,1.00
2016.07.01 20:16:12.636,1.48545,1.48576,2.25,1.37
2016.07.01 20:16:13.207,1.4855,1.48575,1.37,2.25
2016.07.01 20:16:13.998,1.4855,1.48574,1.37,1.00
2016.07.01 20:16:14.303,1.4855,1.48574,1.75,1.20
2016.07.01 20:16:14.609,1.48551,1.48572,1.50,1.00
2016.07.01 20:16:15.402,1.4855,1.48573,1.75,1.00
2016.07.01 20:16:17.124,1.48546,1.48574,1.37,1.57
2016.07.01 20:16:18.023,1.48547,1.48574,1.37,1.95
2016.07.01 20:16:19.140,1.48552,1.48575,1.12,1.47
2016.07.01 20:16:19.242,1.48552,1.48577,1.50,1.00
2016.07.01 20:16:20.706,1.48552,1.48577,1.75,1.00
2016.07.01 20:16:20.758,1.48555,1.48579,1.37,1.50
2016.07.01 20:16:21.308,1.48554,1.4858,1.50,1.00
2016.07.01 20:16:22.155,1.48555,1.48579,1.37,1.00
2016.07.01 20:16:22.612,1.48556,1.4858,1.75,1.00
2016.07.01 20:16:23.137,1.48556,1.48581,1.75,1.00
2016.07.01 20:16:23.680,1.48557,1.4858,1.50,1.00
2016.07.01 20:16:32.594,1.4856,1.48581,1.50,1.00
2016.07.01 20:16:32.646,1.4856,1.48584,1.50,1.00
2016.07.01 20:16:32.748,1.48564,1.48583,1.50,1.00
2016.07.01 20:16:33.155,1.4856,1.48585,1.37,1.00
2016.07.01 20:16:33.259,1.48559,1.48589,1.87,2.62
2016.07.01 20:16:33.463,1.48559,1.48583,1.37,1.00
2016.07.01 20:16:33.616,1.4856,1.48584,1.00,1.12
2016.07.01 20:16:33.833,1.48553,1.48583,1.37,1.00
2016.07.01 20:16:34.368,1.48552,1.48584,2.62,1.12
2016.07.01 20:16:34.913,1.48553,1.48583,1.87,1.00
2016.07.01 20:16:35.887,1.48552,1.48585,2.62,1.87
2016.07.01 20:16:36.950,1.48553,1.48583,1.37,1.00
2016.07.01 20:16:37.052,1.4856,1.48583,1.37,1.00
2016.07.01 20:16:37.356,1.48563,1.48584,1.37,1.00
2016.07.01 20:16:39.347,1.48564,1.48586,1.37,1.00
2016.07.01 20:16:39.899,1.48563,1.48587,1.37,1.00
2016.07.01 20:16:41.262,1.48564,1.48586,1.37,1.00
2016.07.01 20:16:43.125,1.48564,1.48586,1.37,1.00
2016.07.01 20:16:43.626,1.48561,1.48587,1.37,1.00
2016.07.01 20:16:44.928,1.48561,1.48587,1.75,1.00
2016.07.01 20:16:46.933,1.48562,1.48589,1.37,1.00
2016.07.01 20:16:53.246,1.48562,1.48591,1.37,1.10
2016.07.01 20:16:53.449,1.48562,1.48589,1.37,1.00
2016.07.01 20:16:54.370,1.48563,1.4859,1.75,1.00
2016.07.01 20:17:02.677,1.48564,1.48589,1.50,1.00
2016.07.01 20:17:06.781,1.48563,1.4859,1.75,1.00
2016.07.01 20:17:14.898,1.48564,1.48585,1.50,1.00
2016.07.01 20:17:16.187,1.48563,1.48586,1.75,1.00
2016.07.01 20:17:19.760,1.48557,1.48585,1.75,1.00
2016.07.01 20:17:19.874,1.48557,1.48585,1.37,1.12
2016.07.01 20:17:22.668,1.48557,1.48589,1.37,1.87
2016.07.01 20:17:34.505,1.48558,1.4859,1.50,1.37
2016.07.01 20:17:44.114,1.48562,1.48593,1.37,1.50
2016.07.01 20:17:44.191,1.48562,1.48596,1.37,1.57
2016.07.01 20:17:44.294,1.48563,1.48594,1.37,1.37
2016.07.01 20:18:01.232,1.48563,1.48595,1.87,1.37
2016.07.01 20:18:02.048,1.48565,1.48594,1.00,1.37
2016.07.01 20:18:02.354,1.48567,1.48594,2.25,1.00
2016.07.01 20:18:02.405,1.4857,1.48602,1.37,1.00
2016.07.01 20:18:06.538,1.48575,1.48605,1.12,2.02
2016.07.01 20:18:06.589,1.48575,1.48605,1.37,2.02
2016.07.01 20:18:13.802,1.48574,1.48605,1.37,2.02
2016.07.01 20:18:14.404,1.48573,1.48602,1.37,1.00
2016.07.01 20:18:14.455,1.48572,1.48596,1.50,1.00
2016.07.01 20:18:14.699,1.48562,1.48589,1.37,1.00
2016.07.01 20:18:15.106,1.48562,1.48589,3.00,1.00
2016.07.01 20:18:17.144,1.48568,1.48585,1.00,1.00
2016.07.01 20:18:18.919,1.48566,1.48585,1.00,1.00
2016.07.01 20:18:27.364,1.48566,1.48583,1.00,1.00
2016.07.01 20:18:28.852,1.48563,1.48583,1.00,1.00
2016.07.01 20:18:28.910,1.48561,1.48583,1.00,1.00
2016.07.01 20:18:30.155,1.48562,1.48583,1.00,1.00
2016.07.01 20:18:35.317,1.48562,1.48582,1.00,1.00
2016.07.01 20:18:35.850,1.48561,1.48582,1.00,1.00
2016.07.01 20:18:40.890,1.48561,1.48581,1.00,1.00
2016.07.01 20:18:41.839,1.4856,1.48581,1.50,1.00
2016.07.01 20:18:46.228,1.4856,1.48583,1.50,1.00
2016.07.01 20:18:53.098,1.4856,1.4858,1.00,1.00
2016.07.01 20:18:55.272,1.48557,1.4858,1.50,1.00
2016.07.01 20:18:55.323,1.48557,1.48583,1.50,1.00
2016.07.01 20:18:55.375,1.48554,1.48583,1.37,1.00
2016.07.01 20:18:55.681,1.48557,1.48583,1.50,1.00
2016.07.01 20:19:07.660,1.48557,1.4858,1.00,1.00
2016.07.01 20:19:29.673,1.48557,1.48581,1.50,1.00
2016.07.01 20:19:29.725,1.48557,1.48585,1.50,1.12
2016.07.01 20:19:29.776,1.48557,1.48586,1.37,1.00
2016.07.01 20:19:30.101,1.48561,1.48586,1.50,1.00
2016.07.01 20:19:45.242,1.48558,1.48586,1.75,1.00
2016.07.01 20:19:56.200,1.48556,1.48585,1.37,1.00
2016.07.01 20:20:02.646,1.48558,1.48586,1.50,1.50
2016.07.01 20:20:17.072,1.48557,1.48586,1.50,1.00
2016.07.01 20:20:18.514,1.48557,1.48584,1.50,1.00
2016.07.01 20:20:26.240,1.48558,1.48584,1.50,1.00
2016.07.01 20:20:30.494,1.48557,1.48583,1.75,1.00
2016.07.01 20:20:31.582,1.48556,1.48583,1.50,1.00
2016.07.01 20:20:38.153,1.48558,1.48586,1.75,1.00
2016.07.01 20:20:38.255,1.48563,1.48586,1.50,1.00
2016.07.01 20:20:38.460,1.48554,1.48586,1.75,1.37
2016.07.01 20:20:40.765,1.48556,1.48588,1.50,1.37
2016.07.01 20:20:44.332,1.48555,1.48586,1.87,1.37
2016.07.01 20:20:44.655,1.48556,1.48588,1.75,1.37
2016.07.01 20:20:47.664,1.48563,1.48593,1.75,1.12
2016.07.01 20:20:47.968,1.48561,1.48591,1.00,2.25
2016.07.01 20:20:50.101,1.48559,1.48591,1.37,2.25
2016.07.01 20:20:53.249,1.48564,1.48591,1.50,1.00
2016.07.01 20:20:53.301,1.48564,1.48593,1.50,1.12
2016.07.01 20:20:57.584,1.48561,1.48593,1.37,1.87
2016.07.01 20:21:05.102,1.48562,1.48591,1.50,1.00
2016.07.01 20:21:13.088,1.48561,1.48592,1.75,2.25
2016.07.01 20:21:13.393,1.48565,1.48592,1.75,1.50
2016.07.01 20:21:13.703,1.48568,1.48592,1.50,1.00
2016.07.01 20:21:13.754,1.48568,1.48595,1.50,1.12
2016.07.01 20:21:13.805,1.48565,1.48595,1.50,1.37
2016.07.01 20:21:14.364,1.48563,1.48595,1.75,1.00
2016.07.01 20:21:14.924,1.4856,1.48595,2.25,1.00
2016.07.01 20:21:20.616,1.48559,1.48597,3.75,1.00
2016.07.01 20:21:20.718,1.48569,1.48597,1.75,1.12
2016.07.01 20:21:34.563,1.4857,1.48598,1.75,1.00
2016.07.01 20:21:37.394,1.48573,1.48598,1.00,1.00
2016.07.01 20:21:38.109,1.48573,1.48598,1.37,1.00
2016.07.01 20:21:42.203,1.4857,1.48598,1.50,1.00
2016.07.01 20:21:45.070,1.48569,1.48601,1.75,1.37
2016.07.01 20:21:45.122,1.48569,1.48601,1.37,1.37
2016.07.01 20:21:48.314,1.48569,1.48601,1.75,1.37
2016.07.01 20:21:50.384,1.48572,1.48602,1.50,1.12
2016.07.01 20:21:50.435,1.48566,1.48602,2.25,1.00
2016.07.01 20:21:52.219,1.48566,1.48602,2.25,1.75
2016.07.01 20:21:52.322,1.48566,1.48602,1.50,1.00
2016.07.01 20:21:53.039,1.48567,1.48598,1.50,1.37
2016.07.01 20:21:53.645,1.48567,1.48598,1.37,1.37
2016.07.01 20:21:54.181,1.48566,1.48599,2.25,1.50
2016.07.01 20:21:54.724,1.48568,1.486,1.37,1.37
2016.07.01 20:21:55.252,1.48567,1.48601,1.75,1.75
2016.07.01 20:22:02.958,1.48571,1.48602,1.37,1.37
2016.07.01 20:22:04.461,1.48567,1.48598,2.25,1.37
2016.07.01 20:22:04.766,1.48569,1.48601,1.50,1.50
2016.07.01 20:22:08.261,1.48572,1.48603,1.37,1.37
2016.07.01 20:22:09.362,1.4858,1.48606,1.37,1.00
2016.07.01 20:22:09.668,1.48583,1.48608,1.37,1.00
2016.07.01 20:22:14.420,1.48584,1.48609,1.37,1.00
2016.07.01 20:22:14.572,1.48573,1.48609,1.00,1.37
2016.07.01 20:22:14.632,1.4857,1.48603,1.00,1.37
2016.07.01 20:22:15.845,1.4857,1.48602,1.00,1.50
2016.07.01 20:22:22.201,1.48567,1.48602,1.25,1.50
2016.07.01 20:22:23.754,1.48567,1.48603,1.25,1.37
2016.07.01 20:22:23.856,1.48567,1.48601,1.25,1.50
2016.07.01 20:22:24.676,1.48567,1.48601,2.25,1.50
2016.07.01 20:22:25.165,1.48571,1.48603,1.37,1.87
2016.07.01 20:22:30.884,1.48571,1.48602,1.37,1.00
2016.07.01 20:22:37.625,1.48571,1.48604,1.37,1.00
2016.07.01 20:22:41.124,1.48571,1.48603,1.37,1.37
2016.07.01 20:22:51.563,1.48573,1.48603,1.37,1.12
2016.07.01 20:22:54.287,1.48574,1.48603,1.37,1.50
2016.07.01 20:23:02.976,1.48571,1.48603,1.75,1.87
2016.07.01 20:23:14.019,1.48573,1.48601,1.37,1.00
2016.07.01 20:23:15.965,1.48573,1.48603,1.37,1.50
2016.07.01 20:23:18.228,1.48565,1.48603,1.50,1.50
2016.07.01 20:23:19.758,1.48567,1.48603,1.00,1.00
2016.07.01 20:23:20.123,1.48569,1.48603,1.00,1.00
2016.07.01 20:23:23.783,1.48569,1.486,1.00,1.00
2016.07.01 20:23:24.097,1.48569,1.486,1.37,1.50
2016.07.01 20:23:24.984,1.48569,1.486,1.12,1.50
2016.07.01 20:23:32.641,1.48568,1.48604,1.00,1.00
2016.07.01 20:23:43.555,1.48568,1.48605,1.00,1.00
2016.07.01 20:23:44.084,1.48567,1.48605,1.12,1.00
2016.07.01 20:23:48.835,1.48574,1.48605,1.37,1.12
2016.07.01 20:23:51.093,1.48575,1.48603,1.37,1.00
2016.07.01 20:24:42.349,1.48577,1.48605,1.50,1.00
2016.07.01 20:24:50.214,1.48575,1.48605,1.37,1.12
2016.07.01 20:24:56.893,1.48575,1.48605,1.50,1.37
2016.07.01 20:24:59.275,1.48577,1.48605,1.37,1.00
2016.07.01 20:25:02.598,1.48569,1.48605,1.00,1.00
2016.07.01 20:25:05.087,1.48568,1.48605,1.00,1.00
2016.07.01 20:25:05.346,1.48568,1.48605,1.00,2.25
2016.07.01 20:25:12.468,1.48568,1.48604,1.00,1.00
2016.07.01 20:25:12.982,1.48568,1.48605,1.00,1.00
2016.07.01 20:25:23.413,1.48575,1.48605,1.50,1.37
2016.07.01 20:25:24.839,1.48572,1.48605,1.75,1.37
2016.07.01 20:25:27.280,1.48572,1.48605,1.37,1.37
2016.07.01 20:25:30.417,1.48574,1.48605,1.37,1.12
2016.07.01 20:25:33.084,1.48574,1.48605,1.37,1.37
2016.07.01 20:25:47.508,1.48573,1.48605,1.37,1.37
2016.07.01 20:25:49.149,1.48573,1.48607,1.50,1.37
2016.07.01 20:25:49.509,1.48577,1.48608,1.37,1.87
2016.07.01 20:25:57.809,1.48577,1.48608,1.50,1.87
2016.07.01 20:26:09.280,1.48577,1.48609,1.75,1.10
2016.07.01 20:26:09.891,1.4858,1.4861,2.25,1.15
2016.07.01 20:26:10.946,1.4858,1.4861,1.75,1.27
2016.07.01 20:26:14.833,1.4858,1.4861,1.37,1.52
2016.07.01 20:26:15.138,1.4858,1.4861,2.25,1.27
2016.07.01 20:26:21.877,1.48586,1.48616,1.50,1.57
2016.07.01 20:26:21.980,1.48584,1.48619,1.25,1.75
2016.07.01 20:26:22.031,1.48584,1.48619,1.25,1.37
2016.07.01 20:26:22.235,1.48585,1.4862,1.25,1.50
2016.07.01 20:26:22.309,1.48585,1.48624,2.50,1.00
2016.07.01 20:26:22.361,1.48589,1.48627,1.25,1.50
2016.07.01 20:26:24.240,1.48589,1.48627,1.75,1.50
2016.07.01 20:26:26.673,1.48591,1.48627,1.00,1.50
2016.07.01 20:26:27.928,1.4859,1.48627,1.00,1.00
2016.07.01 20:26:29.525,1.48591,1.48627,1.00,1.00
2016.07.01 20:26:31.126,1.48589,1.48627,2.50,1.00
2016.07.01 20:26:31.177,1.4859,1.48627,1.25,1.00
2016.07.01 20:26:32.082,1.48597,1.48627,1.37,1.00
2016.07.01 20:26:32.843,1.48597,1.48625,1.37,1.00
2016.07.01 20:26:32.944,1.48597,1.48625,1.00,1.00
2016.07.01 20:26:32.996,1.48594,1.48625,1.37,1.00
2016.07.01 20:26:34.013,1.48594,1.48624,1.37,1.00
2016.07.01 20:26:34.064,1.48587,1.48619,2.25,1.37
2016.07.01 20:26:35.558,1.48585,1.48615,1.37,1.12
2016.07.01 20:26:37.855,1.48582,1.48615,1.37,1.37
2016.07.01 20:26:39.170,1.48581,1.48613,1.37,1.37
2016.07.01 20:26:39.476,1.48585,1.48614,1.37,1.00
2016.07.01 20:26:46.985,1.48585,1.48617,1.37,1.87
2016.07.01 20:26:49.913,1.48587,1.48617,1.37,1.12
2016.07.01 20:26:51.727,1.48588,1.48619,1.50,1.12
2016.07.01 20:26:51.829,1.48589,1.48621,1.25,1.00
2016.07.01 20:26:52.083,1.48589,1.48623,1.75,1.00
2016.07.01 20:26:53.468,1.48589,1.48624,1.75,1.00
2016.07.01 20:26:54.395,1.48589,1.48623,1.25,1.00
2016.07.01 20:26:55.318,1.4859,1.48623,1.25,1.12
2016.07.01 20:26:57.019,1.4859,1.48623,1.33,1.12
2016.07.01 20:26:57.950,1.48593,1.48625,1.00,1.37
2016.07.01 20:26:59.666,1.48591,1.48626,1.00,1.50
2016.07.01 20:26:59.718,1.48594,1.48625,1.25,1.00
2016.07.01 20:27:00.055,1.48605,1.48633,1.33,1.00
2016.07.01 20:27:01.914,1.48604,1.48633,1.50,1.00
2016.07.01 20:27:03.009,1.48612,1.48637,1.37,1.00
2016.07.01 20:27:03.112,1.48612,1.48637,1.00,1.00
2016.07.01 20:27:03.214,1.48605,1.48637,1.50,1.00
2016.07.01 20:27:03.419,1.48607,1.48633,1.37,1.00
2016.07.01 20:27:05.460,1.48597,1.4863,2.25,1.00
2016.07.01 20:27:05.512,1.48597,1.48626,1.37,1.00
2016.07.01 20:27:11.132,1.48597,1.48624,1.37,1.00
2016.07.01 20:27:11.529,1.48597,1.48624,1.12,1.00
2016.07.01 20:27:17.630,1.48602,1.48625,1.50,1.00
2016.07.01 20:27:18.183,1.48602,1.48626,1.50,1.00
2016.07.01 20:27:22.800,1.48601,1.48627,1.75,1.00
2016.07.01 20:27:23.287,1.48604,1.48627,1.37,1.00
2016.07.01 20:27:28.440,1.48605,1.48629,1.37,1.00
2016.07.01 20:27:29.069,1.48601,1.48629,1.37,1.00
2016.07.01 20:27:31.126,1.48597,1.48625,1.75,1.00
2016.07.01 20:27:31.177,1.48597,1.48625,1.50,1.00
2016.07.01 20:27:31.229,1.48597,1.48623,1.50,1.00
2016.07.01 20:27:31.540,1.48597,1.48621,1.37,1.00
2016.07.01 20:27:36.837,1.48595,1.48621,1.50,1.00
2016.07.01 20:27:38.598,1.48595,1.4862,1.50,1.00
2016.07.01 20:27:38.903,1.48595,1.48622,1.37,1.00
2016.07.01 20:27:40.301,1.48595,1.48623,1.37,1.00
2016.07.01 20:27:40.505,1.48587,1.48623,1.00,1.00
2016.07.01 20:27:40.658,1.48583,1.48623,1.50,1.00
2016.07.01 20:27:41.172,1.48586,1.48624,1.00,1.00
2016.07.01 20:27:43.762,1.48586,1.48619,1.00,1.00
2016.07.01 20:27:44.067,1.48586,1.48613,1.00,1.37
2016.07.01 20:27:44.119,1.48583,1.48614,1.37,1.37
2016.07.01 20:27:44.322,1.48582,1.4861,1.37,1.00
2016.07.01 20:27:44.424,1.48582,1.48614,1.37,1.37
2016.07.01 20:27:44.623,1.48581,1.4861,1.37,1.00
2016.07.01 20:27:46.150,1.48582,1.48609,1.37,1.00
2016.07.01 20:27:46.474,1.48579,1.48607,1.37,1.00
2016.07.01 20:27:46.998,1.48579,1.48603,1.37,1.00
2016.07.01 20:27:47.050,1.4857,1.48599,1.37,1.00
2016.07.01 20:27:47.152,1.48564,1.48595,1.87,1.37
2016.07.01 20:27:47.466,1.48564,1.48584,1.00,1.37
2016.07.01 20:27:48.847,1.48564,1.48583,1.00,1.37
2016.07.01 20:28:06.167,1.48564,1.48588,1.00,1.50
2016.07.01 20:28:08.677,1.48562,1.48586,1.00,1.37
2016.07.01 20:28:08.780,1.48564,1.48586,1.00,1.37
2016.07.01 20:28:14.372,1.48564,1.48588,1.00,1.37
2016.07.01 20:28:20.074,1.48564,1.48592,1.00,1.50
2016.07.01 20:28:20.177,1.48566,1.48596,1.00,1.75
2016.07.01 20:28:20.439,1.48569,1.48597,1.00,1.37
2016.07.01 20:28:20.490,1.48574,1.48597,1.00,1.37
2016.07.01 20:28:36.746,1.48576,1.48596,1.00,1.37
2016.07.01 20:28:36.984,1.48583,1.48611,1.37,1.00
2016.07.01 20:28:37.035,1.48583,1.48616,1.37,1.37
2016.07.01 20:28:37.446,1.48586,1.48617,1.00,1.75
2016.07.01 20:28:41.849,1.48586,1.48611,1.00,1.37
2016.07.01 20:28:47.223,1.48589,1.48612,1.00,1.50
2016.07.01 20:28:47.375,1.48589,1.48613,1.00,1.37
2016.07.01 20:28:52.583,1.48589,1.48616,1.00,1.37
2016.07.01 20:28:53.239,1.48591,1.48616,1.00,1.37
2016.07.01 20:28:54.678,1.48591,1.48617,1.00,1.37
2016.07.01 20:28:54.729,1.48589,1.48617,1.00,1.37
2016.07.01 20:28:54.780,1.48589,1.48619,1.37,1.37
2016.07.01 20:28:55.102,1.48594,1.48622,1.00,1.87
2016.07.01 20:28:56.373,1.48594,1.48622,1.12,1.37
2016.07.01 20:28:56.923,1.48595,1.48625,1.00,1.50
2016.07.01 20:28:57.459,1.48596,1.48625,1.00,1.50
2016.07.01 20:29:00.386,1.48599,1.4863,1.37,1.50
2016.07.01 20:29:05.969,1.48599,1.4863,1.37,1.37
2016.07.01 20:29:17.705,1.48598,1.48633,2.25,2.25
2016.07.01 20:29:22.125,1.48601,1.48633,1.37,1.87
2016.07.01 20:29:23.218,1.48599,1.48632,1.37,1.37
2016.07.01 20:29:25.891,1.48598,1.48631,1.75,1.12
2016.07.01 20:29:27.134,1.48601,1.48627,1.37,1.00
2016.07.01 20:29:27.265,1.48587,1.48617,3.37,1.87
2016.07.01 20:29:27.535,1.4858,1.4861,1.75,1.87
2016.07.01 20:29:27.842,1.48569,1.48602,1.37,1.50
2016.07.01 20:29:28.147,1.48565,1.48598,1.50,1.37
2016.07.01 20:29:29.135,1.48566,1.48594,1.37,1.00
2016.07.01 20:29:29.237,1.48564,1.48594,1.37,1.37
2016.07.01 20:29:29.339,1.48564,1.48591,1.37,1.00
2016.07.01 20:29:29.651,1.48564,1.48589,1.37,1.00
2016.07.01 20:29:31.033,1.48562,1.48592,2.25,1.00
2016.07.01 20:29:31.594,1.48566,1.48594,1.37,1.50
2016.07.01 20:29:31.697,1.48566,1.48599,1.87,1.37
2016.07.01 20:29:31.799,1.48567,1.48599,1.75,1.00
2016.07.01 20:29:31.959,1.48579,1.48611,1.37,1.37
2016.07.01 20:29:33.494,1.48578,1.48612,1.75,1.87
2016.07.01 20:29:43.803,1.48581,1.48615,1.00,1.87
2016.07.01 20:29:49.738,1.48581,1.48608,1.00,1.50
2016.07.01 20:29:51.384,1.48578,1.486,1.00,1.00
2016.07.01 20:29:51.486,1.48567,1.48593,1.00,1.50
2016.07.01 20:29:51.537,1.48564,1.48594,1.12,1.75
2016.07.01 20:29:51.639,1.4856,1.48594,1.00,1.00
2016.07.01 20:29:52.813,1.4856,1.48594,1.00,1.75
2016.07.01 20:29:53.118,1.48558,1.48588,1.00,1.00
2016.07.01 20:29:53.169,1.48558,1.4859,1.00,1.00
2016.07.01 20:29:53.677,1.48559,1.4859,1.00,1.00
2016.07.01 20:29:53.728,1.48559,1.4859,1.00,1.50
2016.07.01 20:29:54.412,1.48559,1.48588,1.00,1.00
2016.07.01 20:29:54.463,1.48559,1.4859,1.00,1.00
2016.07.01 20:29:54.745,1.48559,1.48588,1.00,1.75
2016.07.01 20:29:54.847,1.48559,1.4859,1.00,1.00
2016.07.01 20:29:58.988,1.48559,1.4859,1.00,1.37
2016.07.01 20:30:00.334,1.48556,1.48591,1.00,1.87
2016.07.01 20:30:00.839,1.48552,1.48591,1.87,1.87
2016.07.01 20:30:01.019,1.48552,1.48591,1.37,1.87
2016.07.01 20:30:01.497,1.48554,1.48596,1.87,1.37
2016.07.01 20:30:03.421,1.48554,1.48596,1.87,1.37
2016.07.01 20:30:03.955,1.4856,1.48594,1.37,1.75
2016.07.01 20:30:05.428,1.48562,1.48595,1.37,1.87
2016.07.01 20:30:08.762,1.48565,1.48599,1.50,1.87
2016.07.01 20:30:09.992,1.48567,1.48599,1.37,1.87
2016.07.01 20:30:12.959,1.48562,1.48596,1.50,2.25
2016.07.01 20:30:16.607,1.48561,1.48593,1.37,1.37
2016.07.01 20:30:16.880,1.48562,1.48596,1.12,1.00
2016.07.01 20:30:16.944,1.48562,1.48597,1.50,1.37
2016.07.01 20:30:17.256,1.48562,1.48597,1.12,1.75
2016.07.01 20:30:17.358,1.48561,1.48595,1.37,1.37
2016.07.01 20:30:18.234,1.48561,1.48595,1.37,1.75
2016.07.01 20:30:18.767,1.48563,1.48595,1.37,1.37
2016.07.01 20:30:19.272,1.48561,1.48594,1.50,1.37
2016.07.01 20:30:23.633,1.4856,1.48589,1.75,1.00
2016.07.01 20:30:23.786,1.48564,1.48598,1.50,1.50
2016.07.01 20:30:23.888,1.48569,1.48601,1.37,1.37
2016.07.01 20:30:25.180,1.48572,1.48606,1.00,1.75
2016.07.01 20:30:25.282,1.48572,1.48606,1.37,1.37
2016.07.01 20:30:26.207,1.48576,1.4861,1.50,1.50
2016.07.01 20:30:27.565,1.48579,1.48612,1.37,1.37
2016.07.01 20:30:30.585,1.48578,1.48613,1.37,1.75
2016.07.01 20:30:31.546,1.48576,1.4861,1.75,1.12
2016.07.01 20:30:48.972,1.4858,1.48613,1.37,1.37
2016.07.01 20:30:51.408,1.48584,1.48618,1.37,1.37
2016.07.01 20:30:52.696,1.48584,1.48617,1.37,1.50
2016.07.01 20:31:00.108,1.48585,1.48617,1.37,1.37
2016.07.01 20:31:04.711,1.48589,1.48621,1.37,1.37
2016.07.01 20:31:06.205,1.48584,1.48618,2.25,1.00
2016.07.01 20:31:06.273,1.48584,1.48618,1.87,1.37
2016.07.01 20:31:12.633,1.48588,1.48622,1.00,1.75
2016.07.01 20:31:12.685,1.48588,1.48622,1.37,1.37
2016.07.01 20:31:12.889,1.48589,1.48621,1.00,1.75
2016.07.01 20:31:13.347,1.48585,1.48617,1.37,1.37
2016.07.01 20:31:13.580,1.48585,1.48617,1.75,1.00
2016.07.01 20:31:13.631,1.48588,1.48622,1.37,1.37
2016.07.01 20:31:14.000,1.48588,1.48622,1.12,1.75
2016.07.01 20:31:17.783,1.48585,1.48617,1.00,1.37
2016.07.01 20:31:17.936,1.48583,1.48617,1.00,1.37
2016.07.01 20:31:18.126,1.48583,1.48598,1.00,1.00
2016.07.01 20:31:18.177,1.48576,1.48598,1.00,1.37
2016.07.01 20:31:18.685,1.48577,1.48598,1.00,1.37
2016.07.01 20:31:21.716,1.48577,1.48601,1.00,1.37
2016.07.01 20:31:25.515,1.48577,1.48601,1.00,1.75
2016.07.01 20:31:25.722,1.48575,1.48607,1.00,1.75
2016.07.01 20:31:26.255,1.48575,1.48604,1.50,1.50
2016.07.01 20:31:26.858,1.48576,1.48603,1.00,1.37
2016.07.01 20:31:26.910,1.48576,1.48603,1.00,1.75
2016.07.01 20:31:27.429,1.48576,1.48599,1.00,1.50
2016.07.01 20:31:27.813,1.48576,1.48599,1.00,1.00
2016.07.01 20:31:27.865,1.48575,1.48603,1.00,1.37
2016.07.01 20:31:27.916,1.48572,1.48598,1.00,3.00
2016.07.01 20:31:28.019,1.48569,1.48601,1.00,2.25
2016.07.01 20:31:28.121,1.48565,1.48588,1.50,1.12
2016.07.01 20:31:28.173,1.48567,1.48587,1.00,1.00
2016.07.01 20:31:28.276,1.48574,1.486,1.50,1.75
2016.07.01 20:31:28.333,1.48572,1.48599,1.00,1.50
2016.07.01 20:31:28.842,1.48573,1.486,1.00,1.75
2016.07.01 20:31:29.113,1.48573,1.486,1.12,1.00
2016.07.01 20:31:29.664,1.48573,1.48603,1.12,1.37
2016.07.01 20:31:30.628,1.48573,1.486,1.12,1.00
2016.07.01 20:31:30.730,1.48573,1.48603,1.00,1.75
2016.07.01 20:31:36.034,1.48573,1.48603,1.12,1.37
2016.07.01 20:31:37.901,1.48573,1.48603,1.37,1.00
2016.07.01 20:31:38.003,1.48573,1.48604,1.50,1.37
2016.07.01 20:31:42.707,1.48573,1.48605,1.50,1.75
2016.07.01 20:31:43.201,1.48575,1.486,1.00,1.50
2016.07.01 20:31:44.135,1.48575,1.48609,1.00,1.75
2016.07.01 20:31:48.811,1.48575,1.48609,1.00,1.75
2016.07.01 20:31:50.458,1.48575,1.48599,1.00,1.00
2016.07.01 20:31:50.560,1.48575,1.48605,1.00,1.37
2016.07.01 20:31:51.545,1.48576,1.48604,1.00,1.37
2016.07.01 20:31:52.147,1.48576,1.48605,1.37,1.37
2016.07.01 20:31:52.488,1.48576,1.48599,1.00,1.37
2016.07.01 20:31:52.690,1.48574,1.48599,1.00,1.37
2016.07.01 20:31:53.328,1.48574,1.48599,1.12,1.00
2016.07.01 20:31:53.430,1.48574,1.48603,1.00,1.75
2016.07.01 20:31:53.633,1.48574,1.486,1.00,1.00
2016.07.01 20:31:53.685,1.48574,1.48608,1.00,1.75
2016.07.01 20:31:53.736,1.48574,1.48608,1.37,1.50
2016.07.01 20:31:54.041,1.48574,1.48603,1.00,1.37
2016.07.01 20:31:54.144,1.48574,1.48603,1.00,1.00
2016.07.01 20:31:54.217,1.48576,1.48608,1.00,1.37
2016.07.01 20:31:55.116,1.48576,1.48608,1.00,1.75
2016.07.01 20:31:55.497,1.48576,1.486,1.00,1.75
2016.07.01 20:31:57.428,1.48576,1.48601,1.00,1.37
2016.07.01 20:32:00.163,1.48576,1.48601,1.50,1.00
2016.07.01 20:32:00.265,1.48576,1.48601,1.50,1.37
2016.07.01 20:32:00.367,1.48576,1.48608,1.87,1.37
2016.07.01 20:32:00.730,1.48576,1.48605,1.00,1.37
2016.07.01 20:32:00.933,1.48576,1.48606,1.00,1.37
2016.07.01 20:32:02.729,1.48576,1.48608,1.00,1.75
2016.07.01 20:32:03.368,1.48576,1.48601,1.00,1.50
2016.07.01 20:32:03.807,1.48576,1.48596,1.00,1.50
2016.07.01 20:32:06.350,1.48576,1.48595,1.00,1.00
2016.07.01 20:32:06.553,1.48576,1.48596,1.00,1.37
2016.07.01 20:32:08.321,1.48577,1.48596,1.00,1.37
2016.07.01 20:32:08.424,1.4858,1.48607,1.00,1.75
2016.07.01 20:32:08.641,1.48575,1.486,1.00,1.37
2016.07.01 20:32:08.743,1.4858,1.486,1.00,1.37
2016.07.01 20:32:09.049,1.4858,1.48597,1.00,1.37
2016.07.01 20:32:10.229,1.4858,1.48597,1.00,1.37
2016.07.01 20:32:12.358,1.4858,1.48599,1.00,1.12
2016.07.01 20:32:13.148,1.4858,1.48605,1.00,1.37
2016.07.01 20:32:16.334,1.4858,1.48605,1.00,1.00
2016.07.01 20:32:16.385,1.4858,1.48618,1.00,1.00
2016.07.01 20:32:18.370,1.4858,1.48618,1.00,1.37
2016.07.01 20:32:20.356,1.4858,1.48618,1.00,1.00
2016.07.01 20:32:20.945,1.48578,1.48618,1.00,1.00
2016.07.01 20:32:23.810,1.48581,1.48613,1.00,1.00
2016.07.01 20:32:24.277,1.48579,1.48609,1.12,1.37
2016.07.01 20:32:25.344,1.48579,1.4861,1.37,1.12
2016.07.01 20:32:25.867,1.4858,1.48612,1.37,1.37
2016.07.01 20:32:26.352,1.48579,1.48613,1.87,1.75
2016.07.01 20:32:28.344,1.48579,1.4861,1.75,1.00
2016.07.01 20:32:28.878,1.48581,1.48615,1.50,1.50
2016.07.01 20:32:29.846,1.48582,1.48614,1.12,1.75
2016.07.01 20:32:30.354,1.48578,1.48612,1.75,1.37
2016.07.01 20:32:31.138,1.48581,1.48615,1.37,1.37
2016.07.01 20:32:33.584,1.48579,1.48614,1.50,1.75
2016.07.01 20:32:34.466,1.48578,1.48611,1.37,1.37
2016.07.01 20:32:36.463,1.48578,1.48611,1.50,1.12
2016.07.01 20:32:38.015,1.48579,1.48614,1.75,1.00
2016.07.01 20:32:38.066,1.48585,1.4862,1.37,2.25
2016.07.01 20:32:42.539,1.48579,1.48611,1.87,1.37
2016.07.01 20:32:44.458,1.48579,1.48612,1.87,1.37
2016.07.01 20:32:47.977,1.4858,1.48613,1.75,1.37
2016.07.01 20:32:50.463,1.48582,1.48615,1.00,1.75
2016.07.01 20:32:50.990,1.4858,1.48612,1.37,1.37
2016.07.01 20:32:56.993,1.48581,1.48613,1.37,1.37
2016.07.01 20:32:58.712,1.48579,1.48611,1.37,1.37
2016.07.01 20:32:59.574,1.48579,1.48607,1.00,2.25
2016.07.01 20:32:59.626,1.48571,1.48598,2.25,1.50
2016.07.01 20:32:59.728,1.48575,1.48597,1.00,1.37
2016.07.01 20:33:00.348,1.48574,1.48598,1.00,1.50
2016.07.01 20:33:00.603,1.48574,1.48597,1.00,1.00
2016.07.01 20:33:01.112,1.48574,1.48602,1.00,1.50
2016.07.01 20:33:02.407,1.48572,1.48601,1.00,1.37
2016.07.01 20:33:02.459,1.48575,1.48601,1.00,1.37
2016.07.01 20:33:02.970,1.48575,1.48605,1.00,1.50
2016.07.01 20:33:03.021,1.48575,1.48607,1.00,1.50
2016.07.01 20:33:03.810,1.48576,1.48603,1.00,1.50
2016.07.01 20:33:03.862,1.48573,1.48603,1.50,1.50
2016.07.01 20:33:04.015,1.48572,1.48602,1.20,1.50
2016.07.01 20:33:04.525,1.48572,1.48605,1.00,1.50
2016.07.01 20:33:05.033,1.48573,1.48599,1.00,1.37
2016.07.01 20:33:06.604,1.48573,1.48599,1.00,1.50
2016.07.01 20:33:07.117,1.48572,1.48598,1.00,1.37
2016.07.01 20:33:09.562,1.48571,1.48603,1.00,1.50
2016.07.01 20:33:10.070,1.4857,1.48602,1.00,1.50
2016.07.01 20:33:11.299,1.48571,1.48604,1.00,1.50
2016.07.01 20:33:11.471,1.48571,1.48604,1.00,1.50
2016.07.01 20:33:12.034,1.48572,1.48605,1.00,1.50
2016.07.01 20:33:12.545,1.48572,1.48601,1.00,1.37
2016.07.01 20:33:14.711,1.48572,1.48601,1.75,1.00
2016.07.01 20:33:14.763,1.48574,1.48606,1.37,1.37
2016.07.01 20:33:19.955,1.4857,1.4861,1.00,1.37
2016.07.01 20:33:21.871,1.48573,1.4861,1.00,1.37
2016.07.01 20:33:24.002,1.48573,1.48611,1.00,1.37
2016.07.01 20:33:24.850,1.48573,1.48614,1.00,1.25
2016.07.01 20:33:26.032,1.48572,1.48614,1.00,1.25
2016.07.01 20:33:28.006,1.48573,1.48614,1.00,2.25
2016.07.01 20:33:33.827,1.48573,1.48615,1.00,1.50
2016.07.01 20:33:34.728,1.48573,1.48615,1.00,1.25
2016.07.01 20:33:36.146,1.48576,1.48615,1.00,1.25
2016.07.01 20:33:36.452,1.48584,1.4862,1.00,1.00
2016.07.01 20:33:36.605,1.48586,1.48627,1.00,1.00
2016.07.01 20:33:36.656,1.48591,1.48627,1.00,1.00
2016.07.01 20:33:37.231,1.48589,1.48627,1.00,1.00
2016.07.01 20:33:38.139,1.48586,1.48627,1.50,1.00
2016.07.01 20:33:39.748,1.48588,1.48627,1.00,1.00
2016.07.01 20:33:39.850,1.48586,1.48627,1.00,1.00
2016.07.01 20:33:39.952,1.48588,1.48627,1.00,1.00
2016.07.01 20:33:40.628,1.48589,1.48627,1.00,1.00
2016.07.01 20:33:42.047,1.48593,1.48631,1.00,1.00
2016.07.01 20:33:46.988,1.48591,1.48631,1.00,1.00
2016.07.01 20:33:47.243,1.48595,1.48633,1.00,1.00
2016.07.01 20:33:50.471,1.48595,1.48635,1.00,1.00
2016.07.01 20:33:52.032,1.48595,1.48634,1.00,1.00
2016.07.01 20:33:52.655,1.48593,1.48623,1.00,1.00
2016.07.01 20:33:52.706,1.48593,1.48627,1.00,1.16
2016.07.01 20:33:52.758,1.48592,1.48635,1.00,1.12
2016.07.01 20:33:52.911,1.48596,1.48637,1.00,1.12
2016.07.01 20:33:52.962,1.48598,1.4864,1.00,1.10
2016.07.01 20:33:53.013,1.486,1.48641,1.00,1.16
2016.07.01 20:33:53.329,1.48603,1.48638,1.00,1.00
2016.07.01 20:33:54.083,1.48604,1.48641,1.00,1.16
2016.07.01 20:33:54.596,1.48604,1.48641,1.00,1.12
2016.07.01 20:33:55.011,1.48604,1.48637,1.00,1.00
2016.07.01 20:33:55.063,1.48599,1.4864,1.00,1.37
2016.07.01 20:33:55.165,1.48599,1.48637,1.00,1.37
2016.07.01 20:33:55.217,1.48594,1.48637,1.00,1.37
2016.07.01 20:33:58.387,1.48592,1.48637,1.50,2.62
2016.07.01 20:33:58.541,1.48592,1.48633,1.50,1.00
2016.07.01 20:34:08.370,1.48594,1.48633,1.00,1.00
2016.07.01 20:34:08.686,1.48597,1.48632,1.37,1.50
2016.07.01 20:34:17.707,1.48599,1.48633,1.50,1.50
2016.07.01 20:34:18.485,1.48602,1.48635,1.37,1.37
2016.07.01 20:34:24.763,1.48601,1.48633,1.37,1.37
2016.07.01 20:34:26.019,1.48601,1.48636,1.37,1.50
2016.07.01 20:34:28.478,1.48603,1.48637,1.50,1.50
2016.07.01 20:34:36.784,1.48599,1.48639,1.00,1.87
2016.07.01 20:34:40.681,1.48601,1.48639,1.00,1.87
2016.07.01 20:34:41.302,1.48601,1.48639,1.00,1.87
2016.07.01 20:34:42.087,1.48601,1.48639,1.00,1.37
2016.07.01 20:34:43.383,1.48601,1.48632,1.00,1.00
2016.07.01 20:34:43.692,1.48601,1.48632,1.37,1.50
2016.07.01 20:34:44.492,1.48601,1.48632,1.00,1.00
2016.07.01 20:34:44.594,1.48601,1.48641,1.00,1.00
2016.07.01 20:34:46.703,1.48602,1.48641,1.00,1.00
2016.07.01 20:34:47.227,1.486,1.48641,1.00,1.00
2016.07.01 20:34:48.230,1.486,1.48642,1.00,1.00
2016.07.01 20:34:54.310,1.486,1.48644,1.00,1.00
2016.07.01 20:34:54.821,1.48601,1.48644,1.00,1.00
2016.07.01 20:34:57.250,1.48602,1.48644,1.00,1.00
2016.07.01 20:34:57.809,1.48601,1.48644,1.00,1.00
2016.07.01 20:35:00.040,1.48602,1.48645,1.00,1.47
2016.07.01 20:35:04.026,1.48604,1.48639,1.50,1.37
2016.07.01 20:35:15.833,1.48604,1.48648,1.75,1.07
2016.07.01 20:35:16.342,1.48611,1.48643,1.37,1.37
2016.07.01 20:35:19.953,1.4861,1.48648,1.00,1.45
2016.07.01 20:35:26.473,1.48613,1.48652,1.00,1.45
2016.07.01 20:35:26.575,1.48609,1.48652,1.50,1.07
2016.07.01 20:35:26.818,1.48615,1.48652,1.00,1.07
2016.07.01 20:35:27.326,1.48615,1.48652,1.00,1.07
2016.07.01 20:35:35.434,1.48612,1.48655,1.00,1.24
2016.07.01 20:35:36.890,1.48604,1.48648,1.87,1.07
2016.07.01 20:35:37.160,1.48607,1.48648,1.00,1.07
2016.07.01 20:35:37.786,1.48607,1.48648,1.00,1.07
2016.07.01 20:35:40.175,1.48607,1.48648,1.00,1.07
2016.07.01 20:35:42.693,1.48607,1.48648,1.00,1.07
2016.07.01 20:35:45.178,1.48607,1.48649,1.75,1.82
2016.07.01 20:35:48.080,1.48609,1.48641,1.37,1.37
2016.07.01 20:35:57.555,1.48612,1.48646,1.37,1.45
2016.07.01 20:35:58.574,1.48611,1.48651,1.12,1.07
2016.07.01 20:35:59.141,1.48612,1.48651,1.00,1.07
2016.07.01 20:35:59.192,1.48612,1.48652,1.37,1.07
2016.07.01 20:36:01.469,1.48612,1.48651,1.37,1.07
2016.07.01 20:36:01.572,1.48604,1.48651,3.00,1.57
2016.07.01 20:36:04.010,1.48611,1.48651,1.00,1.07
2016.07.01 20:36:04.894,1.48609,1.48641,1.00,1.00
2016.07.01 20:36:04.945,1.48609,1.48649,1.00,1.07
2016.07.01 20:36:04.997,1.48612,1.48649,1.00,1.07
2016.07.01 20:36:05.616,1.4861,1.4865,1.00,1.07
2016.07.01 20:36:07.072,1.48612,1.48654,1.37,1.07
2016.07.01 20:36:08.950,1.48617,1.48652,1.00,1.07
2016.07.01 20:36:09.255,1.48617,1.48652,1.50,1.82
2016.07.01 20:36:10.802,1.4862,1.48654,1.50,2.32
2016.07.01 20:36:11.324,1.48621,1.48653,1.37,1.45
2016.07.01 20:36:13.215,1.48618,1.48652,1.50,1.45
2016.07.01 20:36:13.677,1.48621,1.48653,1.50,1.45
2016.07.01 20:36:13.983,1.48614,1.48655,1.12,1.07
2016.07.01 20:36:14.534,1.48612,1.48654,1.37,1.07
2016.07.01 20:36:15.708,1.48611,1.48651,1.87,1.07
2016.07.01 20:36:17.292,1.48602,1.48642,1.20,1.00
2016.07.01 20:36:17.343,1.486,1.48642,1.37,1.00
2016.07.01 20:36:17.547,1.48598,1.48636,2.25,1.00
2016.07.01 20:36:17.599,1.48594,1.48636,1.75,1.00
2016.07.01 20:36:21.915,1.48594,1.48636,2.62,1.00
2016.07.01 20:36:22.777,1.48595,1.48638,1.87,1.00
2016.07.01 20:36:23.076,1.48602,1.48634,1.37,1.37
2016.07.01 20:36:24.352,1.48599,1.48632,1.37,1.37
2016.07.01 20:36:26.606,1.48602,1.48632,1.37,1.12
2016.07.01 20:36:30.003,1.48605,1.48638,1.37,1.37
2016.07.01 20:36:30.309,1.48614,1.48651,1.50,1.45
2016.07.01 20:36:31.411,1.48615,1.4865,1.50,1.20
2016.07.01 20:36:31.915,1.48616,1.4865,1.50,1.20
2016.07.01 20:36:33.500,1.48605,1.48638,1.25,1.87
2016.07.01 20:36:33.704,1.48596,1.48634,1.50,1.50
2016.07.01 20:36:37.717,1.48589,1.48635,1.00,2.25
2016.07.01 20:36:38.717,1.4859,1.48635,1.00,2.25
2016.07.01 20:36:39.250,1.48588,1.48631,1.00,1.00
2016.07.01 20:36:39.605,1.48588,1.48631,2.00,1.75
2016.07.01 20:36:40.442,1.48588,1.48626,3.00,1.37
2016.07.01 20:36:40.823,1.48591,1.48625,1.37,1.37
2016.07.01 20:36:42.121,1.48594,1.48626,1.37,1.37
2016.07.01 20:36:44.427,1.48592,1.48625,1.50,1.37
2016.07.01 20:36:45.836,1.48592,1.48625,1.12,1.50
2016.07.01 20:36:46.116,1.48592,1.48626,1.50,1.50
2016.07.01 20:36:48.515,1.48592,1.48626,1.50,1.37
2016.07.01 20:36:54.019,1.48592,1.48623,1.00,1.50
2016.07.01 20:36:54.121,1.48589,1.48622,1.00,1.37
2016.07.01 20:36:54.643,1.48588,1.48623,1.00,1.50
2016.07.01 20:36:56.780,1.48588,1.48614,1.50,1.50
2016.07.01 20:36:57.301,1.48589,1.48613,1.00,1.37
2016.07.01 20:36:58.207,1.48586,1.48616,1.00,1.50
2016.07.01 20:36:59.836,1.48588,1.48615,1.00,1.37
2016.07.01 20:37:00.505,1.48585,1.48616,1.00,1.37
2016.07.01 20:37:01.049,1.48584,1.48616,1.50,1.37
2016.07.01 20:37:01.587,1.48583,1.48617,2.12,1.50
2016.07.01 20:37:01.639,1.48586,1.48616,1.00,1.37
2016.07.01 20:37:02.179,1.48586,1.48614,1.00,1.37
2016.07.01 20:37:04.149,1.48586,1.48614,1.00,1.37
2016.07.01 20:37:10.152,1.48589,1.48614,1.00,1.37
2016.07.01 20:37:11.135,1.4859,1.48614,1.00,1.37
2016.07.01 20:37:11.820,1.48587,1.48614,1.00,1.37
2016.07.01 20:37:12.454,1.48588,1.48617,1.00,1.37
2016.07.01 20:37:13.943,1.48588,1.48618,1.00,1.50
2016.07.01 20:37:14.558,1.4859,1.48617,1.00,1.37
2016.07.01 20:37:17.716,1.48593,1.48618,1.00,1.50
2016.07.01 20:37:17.785,1.48593,1.48618,1.00,1.37
2016.07.01 20:37:17.837,1.4859,1.4862,1.37,1.50
2016.07.01 20:37:17.888,1.48593,1.4862,1.00,1.50
2016.07.01 20:37:17.939,1.48593,1.48624,1.37,1.50
2016.07.01 20:37:20.956,1.48596,1.48624,1.00,1.50
2016.07.01 20:37:21.059,1.48596,1.48627,1.12,1.37
2016.07.01 20:37:23.532,1.48594,1.48626,1.50,1.00
2016.07.01 20:37:23.584,1.48596,1.48626,1.00,1.00
2016.07.01 20:37:23.635,1.48596,1.48637,1.00,1.12
2016.07.01 20:37:24.205,1.48594,1.48637,1.00,1.12
2016.07.01 20:37:24.359,1.48595,1.48636,1.37,2.25
2016.07.01 20:37:28.132,1.48594,1.48628,1.37,1.37
2016.07.01 20:37:28.864,1.48594,1.4864,1.00,1.00
2016.07.01 20:37:29.059,1.48597,1.4864,1.12,1.00
2016.07.01 20:37:30.978,1.48597,1.4864,2.25,1.00
2016.07.01 20:37:31.186,1.48596,1.4864,1.00,1.00
2016.07.01 20:37:31.237,1.48599,1.4864,1.00,1.00
2016.07.01 20:37:32.510,1.486,1.4864,1.00,1.00
2016.07.01 20:37:33.377,1.486,1.48642,1.00,1.00
2016.07.01 20:37:33.802,1.48603,1.48645,1.00,1.10
2016.07.01 20:37:35.096,1.48601,1.48646,1.12,1.17
2016.07.01 20:37:35.360,1.48604,1.48646,1.00,1.07
2016.07.01 20:37:38.022,1.48604,1.48646,1.00,1.07
2016.07.01 20:37:38.671,1.48605,1.48646,1.00,1.07
2016.07.01 20:37:44.137,1.48605,1.48646,1.00,1.45
2016.07.01 20:37:44.669,1.48604,1.48646,1.12,1.07
2016.07.01 20:37:45.214,1.48605,1.48646,1.00,1.07
2016.07.01 20:37:45.735,1.48606,1.48646,1.00,1.07
2016.07.01 20:37:46.244,1.48605,1.48649,1.50,1.45
2016.07.01 20:37:49.532,1.48607,1.48639,1.00,1.00
2016.07.01 20:37:49.953,1.48607,1.48639,1.37,1.37
2016.07.01 20:37:55.209,1.48607,1.4865,1.00,1.07
2016.07.01 20:37:55.313,1.48609,1.4865,1.00,1.07
2016.07.01 20:37:58.780,1.48609,1.4865,1.00,1.07
2016.07.01 20:37:59.391,1.48609,1.48651,1.00,1.17
2016.07.01 20:38:00.484,1.48611,1.48645,1.00,1.10
2016.07.01 20:38:00.916,1.48613,1.48644,1.37,1.37
2016.07.01 20:38:06.736,1.48613,1.48647,1.37,1.45
2016.07.01 20:38:07.365,1.48611,1.48652,1.00,1.57
2016.07.01 20:38:09.401,1.48611,1.48653,1.00,1.95
2016.07.01 20:38:10.106,1.48611,1.48653,1.00,1.45
2016.07.01 20:38:11.215,1.48611,1.48654,1.00,1.57
2016.07.01 20:38:14.609,1.48609,1.48657,1.87,1.95
2016.07.01 20:38:18.474,1.48613,1.48656,1.50,1.07
2016.07.01 20:38:18.780,1.48625,1.48659,1.37,1.07
2016.07.01 20:38:21.665,1.48628,1.48664,1.50,1.50
2016.07.01 20:38:22.185,1.48628,1.48664,1.50,1.45
2016.07.01 20:38:25.535,1.48625,1.4866,1.75,1.57
2016.07.01 20:38:27.116,1.48626,1.48659,1.50,1.45
2016.07.01 20:38:27.668,1.48625,1.48659,1.37,1.45
2016.07.01 20:38:30.179,1.48626,1.48665,1.75,1.82
2016.07.01 20:38:30.392,1.48626,1.48665,1.37,1.07
2016.07.01 20:38:32.138,1.48626,1.48661,1.12,1.07
2016.07.01 20:38:32.342,1.4862,1.48655,1.12,1.07
2016.07.01 20:38:32.648,1.48614,1.48646,2.75,1.07
2016.07.01 20:38:32.852,1.48603,1.48646,2.00,1.07
2016.07.01 20:38:33.386,1.48603,1.48646,1.50,1.07
2016.07.01 20:38:34.281,1.48602,1.48646,1.50,1.07
2016.07.01 20:38:34.943,1.486,1.48643,1.50,1.00
2016.07.01 20:38:35.250,1.48604,1.48643,1.50,1.00
2016.07.01 20:38:37.372,1.48604,1.48643,1.25,1.00
2016.07.01 20:38:41.066,1.48599,1.48643,1.50,1.00
2016.07.01 20:38:41.117,1.486,1.48634,1.50,1.00
2016.07.01 20:38:41.169,1.486,1.48638,1.50,1.00
2016.07.01 20:38:41.220,1.48596,1.48643,2.00,1.00
2016.07.01 20:38:41.271,1.486,1.48646,1.50,1.17
2016.07.01 20:38:41.956,1.48601,1.48646,1.50,1.07
2016.07.01 20:38:42.486,1.48609,1.48646,1.50,1.07
2016.07.01 20:38:43.687,1.48608,1.48646,1.50,1.07
2016.07.01 20:38:44.258,1.48608,1.48646,1.75,1.45
2016.07.01 20:38:45.554,1.48615,1.48646,1.00,1.07
2016.07.01 20:38:45.606,1.48607,1.48646,1.37,1.07
2016.07.01 20:38:46.264,1.48608,1.48646,1.37,1.07
2016.07.01 20:38:47.200,1.48608,1.48646,1.37,1.07
2016.07.01 20:38:52.486,1.48606,1.48649,1.75,1.45
2016.07.01 20:38:53.058,1.48615,1.48649,1.37,1.45
2016.07.01 20:38:56.713,1.48617,1.48649,1.37,1.95
2016.07.01 20:38:58.023,1.48615,1.48649,1.37,1.45
2016.07.01 20:38:58.533,1.48616,1.48649,1.37,1.95
2016.07.01 20:39:02.565,1.48613,1.48647,1.50,1.57
2016.07.01 20:39:06.004,1.48613,1.48647,1.75,1.20
2016.07.01 20:39:06.527,1.48615,1.4865,1.37,2.70
2016.07.01 20:39:06.883,1.48616,1.48649,1.75,1.45
2016.07.01 20:39:20.858,1.48619,1.48651,1.37,1.45
2016.07.01 20:39:21.113,1.48618,1.48652,1.37,1.82
2016.07.01 20:39:22.126,1.48614,1.48653,1.00,1.45
2016.07.01 20:39:22.659,1.48613,1.48653,1.00,1.45
2016.07.01 20:39:24.737,1.48613,1.48653,1.00,1.45
2016.07.01 20:39:26.054,1.48613,1.48652,1.00,1.45
2016.07.01 20:39:26.713,1.48613,1.48652,1.00,1.45
2016.07.01 20:39:28.630,1.48613,1.4864,1.00,1.00
2016.07.01 20:39:28.681,1.4861,1.4864,1.00,1.00
2016.07.01 20:39:28.732,1.4861,1.4864,1.00,1.37
2016.07.01 20:39:31.948,1.48603,1.48638,1.00,1.37
2016.07.01 20:39:32.101,1.48603,1.48638,1.75,1.37
2016.07.01 20:39:41.384,1.4861,1.48642,1.50,1.75
2016.07.01 20:39:41.435,1.4861,1.48642,1.87,1.37
2016.07.01 20:39:49.304,1.4861,1.48642,1.87,1.37
2016.07.01 20:39:52.473,1.4861,1.48644,1.37,1.47
2016.07.01 20:39:53.717,1.48613,1.48647,1.50,1.57
2016.07.01 20:40:12.836,1.48614,1.48646,1.37,1.45
2016.07.01 20:40:14.527,1.48614,1.48646,1.75,1.45
2016.07.01 20:40:14.834,1.48613,1.48645,1.37,1.45
2016.07.01 20:40:15.373,1.48612,1.48646,1.37,1.45
2016.07.01 20:40:24.205,1.48612,1.48646,1.37,1.82
2016.07.01 20:40:24.545,1.48613,1.48645,1.37,1.45
2016.07.01 20:40:26.237,1.48613,1.48645,1.37,1.45
2016.07.01 20:40:27.784,1.48612,1.48646,1.75,1.07
2016.07.01 20:40:32.455,1.48617,1.48649,1.37,1.45
2016.07.01 20:40:33.988,1.48618,1.48651,1.37,1.45
2016.07.01 20:40:40.849,1.48618,1.48651,1.50,1.20
2016.07.01 20:40:56.609,1.48617,1.48656,1.37,1.57
2016.07.01 20:41:00.773,1.48619,1.48656,1.37,1.57
2016.07.01 20:41:01.784,1.48616,1.48653,1.75,1.32
2016.07.01 20:41:06.571,1.48619,1.48656,1.37,1.82
2016.07.01 20:41:21.436,1.48618,1.48652,1.50,1.50
2016.07.01 20:41:30.449,1.48621,1.48653,1.37,1.37
2016.07.01 20:41:31.112,1.48619,1.48651,1.37,1.37
2016.07.01 20:41:31.214,1.48622,1.48654,1.37,1.50
2016.07.01 20:41:32.507,1.4862,1.48652,1.37,1.75
2016.07.01 20:41:48.441,1.4862,1.4865,1.00,1.37
2016.07.01 20:41:48.944,1.48622,1.48649,1.00,1.37
2016.07.01 20:41:54.009,1.48621,1.48649,1.00,1.37
2016.07.01 20:41:58.687,1.48619,1.48649,1.12,1.37
2016.07.01 20:42:01.215,1.48622,1.4865,1.00,1.37
2016.07.01 20:42:01.440,1.48622,1.4865,1.00,1.37
2016.07.01 20:42:04.736,1.4862,1.48652,1.37,1.50
2016.07.01 20:42:05.219,1.48623,1.48652,1.00,1.50
2016.07.01 20:42:05.733,1.48624,1.48652,1.00,1.50
2016.07.01 20:42:06.717,1.48622,1.48652,1.00,1.50
2016.07.01 20:42:08.459,1.48622,1.48652,1.37,1.12
2016.07.01 20:42:08.721,1.48622,1.48652,1.12,1.37
2016.07.01 20:42:11.938,1.48622,1.48653,1.37,1.37
2016.07.01 20:42:12.447,1.48623,1.48652,1.37,1.00
2016.07.01 20:42:12.752,1.48623,1.48653,1.00,1.75
2016.07.01 20:42:13.943,1.48623,1.48652,1.37,1.00
2016.07.01 20:42:14.046,1.48623,1.48652,1.00,1.37
2016.07.01 20:42:14.290,1.48624,1.48655,1.37,1.37
2016.07.01 20:42:15.415,1.48624,1.48652,1.37,1.00
2016.07.01 20:42:15.466,1.48624,1.48652,1.00,1.50
2016.07.01 20:42:15.924,1.48617,1.48652,1.50,1.75
2016.07.01 20:42:15.975,1.48617,1.48652,1.00,1.75
2016.07.01 20:42:16.027,1.48613,1.48636,1.37,1.00
2016.07.01 20:42:16.078,1.48613,1.48636,1.00,1.37
2016.07.01 20:42:16.751,1.48615,1.48638,1.00,1.50
2016.07.01 20:42:17.044,1.48616,1.48637,1.00,1.00
2016.07.01 20:42:17.095,1.48612,1.48642,1.50,1.50
2016.07.01 20:42:17.147,1.48612,1.48642,1.50,1.37
2016.07.01 20:42:17.299,1.48612,1.48645,1.57,1.50
2016.07.01 20:42:18.632,1.48613,1.48645,1.07,1.50
2016.07.01 20:42:18.683,1.48613,1.48645,1.00,1.50
2016.07.01 20:42:20.576,1.48613,1.4865,1.00,1.50
2016.07.01 20:42:21.265,1.4861,1.4865,1.15,1.50
2016.07.01 20:42:21.367,1.48609,1.48641,1.15,2.25
2016.07.01 20:42:26.041,1.48608,1.48654,1.15,1.00
2016.07.01 20:42:26.143,1.48608,1.48654,1.00,1.00
2016.07.01 20:42:26.195,1.48608,1.48656,1.50,1.00
2016.07.01 20:42:26.348,1.4861,1.48656,1.00,1.00
2016.07.01 20:42:29.337,1.48609,1.48656,1.50,1.00
2016.07.01 20:42:29.624,1.48613,1.48661,1.50,1.00
2016.07.01 20:42:34.552,1.48614,1.48661,1.00,1.00
2016.07.01 20:42:35.987,1.48614,1.48661,1.00,1.75
2016.07.01 20:42:36.689,1.48614,1.48657,1.00,1.37
2016.07.01 20:42:37.691,1.48614,1.48658,1.00,1.75
2016.07.01 20:42:37.997,1.48614,1.48647,1.37,1.50
2016.07.01 20:42:38.706,1.48617,1.48647,1.00,1.50
2016.07.01 20:42:38.913,1.48632,1.48666,1.37,1.50
2016.07.01 20:42:38.964,1.48635,1.48666,1.37,1.00
2016.07.01 20:42:39.066,1.48635,1.48666,1.00,1.75
2016.07.01 20:42:39.117,1.48632,1.48662,1.00,1.37
2016.07.01 20:42:41.160,1.4863,1.48659,1.00,1.50
2016.07.01 20:42:41.262,1.48627,1.48663,1.37,1.50
2016.07.01 20:42:42.955,1.48626,1.48663,1.87,1.50
2016.07.01 20:42:45.076,1.48626,1.48663,1.50,1.50
2016.07.01 20:42:49.220,1.48629,1.48657,1.37,1.00
2016.07.01 20:42:49.529,1.48623,1.48657,1.00,1.50
2016.07.01 20:42:51.310,1.48623,1.48657,1.12,1.75
2016.07.01 20:42:53.812,1.48623,1.48657,1.50,1.50
2016.07.01 20:42:54.117,1.48629,1.48657,1.00,1.50
2016.07.01 20:42:56.008,1.48625,1.48657,1.87,1.50
2016.07.01 20:42:56.692,1.48625,1.48657,1.87,1.37
2016.07.01 20:42:59.511,1.48627,1.48655,1.00,1.50
2016.07.01 20:42:59.613,1.48626,1.48667,1.00,1.50
2016.07.01 20:42:59.715,1.48628,1.48667,1.00,1.50
2016.07.01 20:43:00.226,1.48628,1.48667,1.00,1.37
2016.07.01 20:43:00.621,1.48626,1.48666,2.25,1.37
2016.07.01 20:43:02.602,1.48626,1.48667,1.50,1.37
2016.07.01 20:43:03.149,1.48626,1.48659,1.87,1.37
2016.07.01 20:43:03.513,1.48637,1.48669,1.00,1.75
2016.07.01 20:43:03.565,1.4864,1.48685,1.00,1.12
2016.07.01 20:43:03.617,1.48637,1.48685,1.12,1.12
2016.07.01 20:43:03.720,1.48643,1.48685,1.75,1.75
2016.07.01 20:43:04.230,1.48646,1.48678,1.37,1.37
2016.07.01 20:43:04.332,1.4864,1.48685,1.00,1.37
2016.07.01 20:43:04.536,1.48642,1.48687,1.00,1.50
2016.07.01 20:43:05.246,1.48647,1.48679,1.00,1.00
2016.07.01 20:43:05.597,1.48642,1.48687,1.75,1.75
2016.07.01 20:43:05.648,1.48642,1.48687,1.00,1.75
2016.07.01 20:43:06.033,1.48642,1.48686,1.75,1.75
2016.07.01 20:43:06.843,1.48643,1.48678,1.50,1.37
2016.07.01 20:43:10.245,1.48642,1.48675,2.25,1.37
2016.07.01 20:43:14.319,1.48638,1.48671,1.00,1.75
2016.07.01 20:43:14.370,1.48636,1.48664,1.12,1.12
2016.07.01 20:43:14.422,1.48632,1.48664,1.95,1.37
2016.07.01 20:43:14.524,1.48634,1.48666,1.37,1.37
2016.07.01 20:43:14.727,1.48634,1.48666,1.75,1.00
2016.07.01 20:43:15.033,1.48641,1.48676,1.75,1.50
2016.07.01 20:43:15.406,1.48638,1.48685,1.25,1.00
2016.07.01 20:43:15.916,1.48638,1.48686,1.25,1.00
2016.07.01 20:43:16.423,1.48638,1.48687,1.25,1.50
2016.07.01 20:43:17.732,1.48638,1.48686,1.33,1.00
2016.07.01 20:43:25.373,1.48638,1.48686,2.25,1.00
2016.07.01 20:43:25.678,1.48651,1.48685,1.50,1.50
2016.07.01 20:43:29.091,1.4865,1.48683,1.37,1.37
2016.07.01 20:43:39.060,1.4865,1.48683,1.75,1.00
2016.07.01 20:43:39.111,1.48656,1.48689,1.37,1.87
2016.07.01 20:43:41.080,1.48664,1.48688,1.00,1.37
2016.07.01 20:43:41.415,1.48664,1.48688,1.37,1.12
2016.07.01 20:43:44.041,1.48664,1.48688,1.37,1.12
2016.07.01 20:43:46.666,1.48662,1.48685,1.50,1.00
2016.07.01 20:43:46.769,1.4866,1.48685,1.37,1.00
2016.07.01 20:43:49.442,1.48659,1.48685,1.50,1.37
2016.07.01 20:43:50.115,1.48661,1.48687,1.37,1.37
2016.07.01 20:43:54.271,1.48661,1.48687,1.37,1.37
2016.07.01 20:43:54.373,1.48643,1.48687,2.25,1.37
2016.07.01 20:43:56.963,1.48644,1.48687,1.75,1.50
2016.07.01 20:43:57.395,1.48643,1.48684,1.37,1.37
2016.07.01 20:43:59.402,1.48643,1.48683,1.37,1.12
2016.07.01 20:44:01.496,1.48652,1.48683,1.00,1.12
2016.07.01 20:44:01.812,1.48652,1.48682,1.37,1.00
2016.07.01 20:44:02.408,1.4865,1.48683,1.37,1.75
2016.07.01 20:44:14.290,1.48651,1.48683,1.50,1.37
2016.07.01 20:44:19.905,1.4865,1.48684,1.50,1.50
2016.07.01 20:44:30.882,1.4865,1.48683,1.12,1.00
2016.07.01 20:44:30.933,1.48647,1.48687,1.37,1.00
2016.07.01 20:44:31.434,1.48644,1.48688,1.75,1.10
2016.07.01 20:44:31.485,1.48644,1.48688,1.75,1.10
2016.07.01 20:44:36.086,1.48644,1.48688,1.75,1.57
2016.07.01 20:44:48.439,1.48651,1.48684,1.37,1.37
2016.07.01 20:44:52.811,1.48651,1.48684,1.00,1.75
2016.07.01 20:44:52.863,1.48639,1.48682,1.12,1.37
2016.07.01 20:45:00.453,1.48637,1.4868,1.87,1.37
2016.07.01 20:45:01.613,1.48639,1.48681,1.12,1.37
2016.07.01 20:45:02.943,1.4864,1.48682,2.25,1.50
2016.07.01 20:45:05.263,1.48648,1.4868,1.37,1.37
2016.07.01 20:45:12.245,1.48636,1.48682,1.00,1.50
2016.07.01 20:45:14.265,1.48637,1.48672,1.50,1.75
2016.07.01 20:45:22.330,1.48637,1.48663,1.00,2.25
2016.07.01 20:45:22.383,1.48625,1.48654,1.20,1.50
2016.07.01 20:45:22.922,1.4862,1.48654,1.50,1.50
2016.07.01 20:45:28.732,1.4862,1.48654,1.37,1.75
2016.07.01 20:45:31.512,1.48619,1.48651,1.00,1.75
2016.07.01 20:45:32.021,1.48614,1.48648,1.50,1.50
2016.07.01 20:45:32.275,1.48619,1.48651,1.37,1.37
2016.07.01 20:45:32.536,1.48619,1.48651,1.75,1.37
2016.07.01 20:45:33.744,1.4862,1.48654,1.37,1.00
2016.07.01 20:45:33.797,1.48618,1.48658,1.37,1.00
2016.07.01 20:45:38.880,1.48617,1.48658,1.37,1.00
2016.07.01 20:45:39.389,1.48626,1.48658,1.00,1.00
2016.07.01 20:45:39.440,1.48626,1.4866,1.00,1.00
2016.07.01 20:45:39.491,1.48627,1.4866,1.37,1.87
2016.07.01 20:45:42.869,1.48626,1.4866,1.12,1.75
2016.07.01 20:45:43.284,1.48626,1.48658,1.37,1.37
2016.07.01 20:45:45.186,1.48611,1.4866,1.00,1.00
2016.07.01 20:45:47.782,1.48611,1.4866,1.00,1.37
2016.07.01 20:45:54.564,1.48611,1.4866,1.00,2.25
2016.07.01 20:45:54.888,1.48611,1.48659,1.00,1.37
2016.07.01 20:45:55.504,1.48611,1.4866,1.37,1.37
2016.07.01 20:45:56.357,1.48611,1.4866,1.75,1.75
2016.07.01 20:46:02.701,1.48618,1.48655,1.37,1.37
2016.07.01 20:46:05.803,1.48619,1.48656,1.37,1.37
2016.07.01 20:46:06.165,1.48609,1.48662,1.12,1.37
2016.07.01 20:46:06.788,1.48616,1.48659,1.00,1.37
2016.07.01 20:46:09.773,1.48616,1.48659,1.00,1.37
2016.07.01 20:46:12.083,1.48613,1.4866,1.50,1.75
2016.07.01 20:46:15.213,1.48615,1.4865,1.37,1.37
2016.07.01 20:46:23.796,1.48615,1.4865,1.50,1.37
2016.07.01 20:46:47.212,1.48626,1.48661,1.37,1.37
2016.07.01 20:46:52.826,1.48624,1.48661,1.37,1.37
2016.07.01 20:47:06.516,1.48625,1.4866,1.75,1.00
2016.07.01 20:47:06.567,1.48628,1.48673,1.37,1.12
2016.07.01 20:47:08.646,1.48628,1.48672,1.75,1.20
2016.07.01 20:47:17.840,1.48632,1.48665,1.00,1.75
2016.07.01 20:47:17.892,1.48624,1.48659,1.37,1.37
2016.07.01 20:47:18.351,1.48623,1.48665,1.37,2.20
2016.07.01 20:47:22.848,1.48623,1.48664,1.37,1.42
2016.07.01 20:47:24.336,1.4862,1.48664,1.37,1.42
2016.07.01 20:47:24.438,1.48619,1.48663,1.00,1.75
2016.07.01 20:47:24.489,1.48611,1.48658,1.22,1.25
2016.07.01 20:47:26.841,1.48607,1.4866,1.00,1.75
2016.07.01 20:47:27.477,1.48607,1.48651,1.00,1.25
2016.07.01 20:47:27.980,1.48607,1.48653,1.00,1.25
2016.07.01 20:47:28.371,1.48604,1.48653,1.27,1.75
2016.07.01 20:47:28.919,1.48604,1.48636,1.12,1.37
2016.07.01 20:47:33.882,1.48605,1.48635,1.00,1.37
2016.07.01 20:47:35.181,1.48605,1.48635,1.37,1.37
2016.07.01 20:47:38.026,1.48608,1.48636,1.00,1.37
2016.07.01 20:47:38.077,1.48609,1.48636,1.00,1.00
2016.07.01 20:47:38.337,1.48611,1.48646,1.47,1.37
2016.07.01 20:47:40.141,1.48612,1.48647,1.37,1.75
2016.07.01 20:47:42.177,1.48612,1.48644,1.37,1.12
2016.07.01 20:47:45.658,1.48615,1.4865,1.37,1.37
2016.07.01 20:47:48.276,1.48623,1.48651,1.37,1.00
2016.07.01 20:47:48.378,1.48628,1.48661,1.75,1.00
2016.07.01 20:47:48.616,1.48628,1.48664,1.47,1.37
2016.07.01 20:48:02.794,1.48631,1.48668,1.37,1.37
2016.07.01 20:48:06.195,1.48628,1.4867,1.95,1.37
2016.07.01 20:48:06.399,1.48628,1.48668,1.95,1.37
2016.07.01 20:48:07.489,1.48628,1.48661,1.57,1.37
2016.07.01 20:48:08.056,1.48628,1.48661,2.32,1.37
2016.07.01 20:48:09.964,1.48629,1.4866,1.37,1.37
2016.07.01 20:48:11.249,1.48629,1.48661,1.12,1.37
2016.07.01 20:48:11.300,1.48629,1.48661,1.50,1.37
2016.07.01 20:48:12.901,1.48629,1.48662,1.50,1.37
2016.07.01 20:48:15.008,1.48631,1.48674,1.10,1.37
2016.07.01 20:48:15.585,1.48631,1.48676,1.10,1.37
2016.07.01 20:48:15.636,1.48634,1.48676,1.00,1.37
2016.07.01 20:48:18.786,1.48634,1.48677,1.37,1.75
2016.07.01 20:48:19.386,1.48634,1.48672,1.00,1.37
2016.07.01 20:48:21.210,1.48628,1.4867,1.15,2.25
2016.07.01 20:48:21.461,1.48593,1.48626,1.77,1.00
2016.07.01 20:48:21.512,1.48593,1.48626,1.15,1.50
2016.07.01 20:48:21.614,1.48593,1.48637,1.00,1.25
2016.07.01 20:48:21.665,1.48586,1.48638,2.25,1.25
2016.07.01 20:48:21.767,1.48588,1.48638,1.00,1.25
2016.07.01 20:48:22.560,1.48589,1.48637,1.00,1.25
2016.07.01 20:48:22.791,1.48594,1.48646,1.00,1.90
2016.07.01 20:48:24.425,1.48594,1.48648,1.00,1.42
2016.07.01 20:48:28.915,1.48594,1.48646,1.00,1.25
2016.07.01 20:48:29.303,1.48594,1.48646,1.37,1.25
2016.07.01 20:48:31.334,1.48594,1.48648,1.37,1.90
2016.07.01 20:48:31.763,1.48594,1.48632,1.87,1.37
2016.07.01 20:48:34.912,1.48594,1.48634,1.12,1.37
2016.07.01 20:48:36.795,1.48594,1.48635,1.12,1.37
2016.07.01 20:48:38.349,1.48595,1.48635,1.00,1.37
2016.07.01 20:48:40.463,1.48594,1.48635,1.12,1.37
2016.07.01 20:48:40.616,1.48594,1.48628,1.12,1.00
2016.07.01 20:48:40.967,1.48591,1.48626,1.00,1.37
2016.07.01 20:48:44.933,1.48591,1.48627,1.37,1.37
2016.07.01 20:48:47.315,1.48591,1.48627,1.00,1.37
2016.07.01 20:48:51.025,1.48588,1.48629,1.00,1.37
2016.07.01 20:48:51.077,1.48588,1.48625,1.00,1.37
2016.07.01 20:48:51.628,1.48588,1.48634,1.00,1.00
2016.07.01 20:48:52.179,1.48588,1.48635,1.00,1.00
2016.07.01 20:48:53.842,1.48588,1.48635,1.00,1.87
2016.07.01 20:48:54.142,1.48588,1.48641,1.00,2.02
2016.07.01 20:48:54.244,1.48588,1.48641,1.00,2.77
2016.07.01 20:48:55.318,1.48588,1.48635,1.00,1.37
2016.07.01 20:48:55.526,1.48588,1.48641,1.00,1.52
2016.07.01 20:48:57.446,1.48588,1.48642,1.87,1.52
2016.07.01 20:48:57.813,1.48588,1.48644,1.87,1.20
2016.07.01 20:49:00.247,1.48599,1.48636,1.37,1.37
2016.07.01 20:49:00.550,1.48597,1.48635,1.37,1.37
2016.07.01 20:49:07.174,1.48599,1.48636,1.37,1.37
2016.07.01 20:49:15.046,1.48599,1.48639,1.37,1.50
2016.07.01 20:49:15.373,1.48598,1.48637,1.37,1.37
2016.07.01 20:49:19.466,1.48597,1.48638,1.37,1.37
2016.07.01 20:49:20.848,1.48594,1.48637,1.37,1.37
2016.07.01 20:49:21.961,1.48597,1.4864,1.37,1.37
2016.07.01 20:49:22.869,1.48597,1.48641,1.37,1.37
2016.07.01 20:49:24.772,1.48594,1.48644,1.37,1.55
2016.07.01 20:49:26.551,1.48593,1.48637,1.37,1.00
2016.07.01 20:49:26.655,1.48593,1.48637,1.37,1.00
2016.07.01 20:49:26.909,1.48598,1.48641,1.00,1.37
2016.07.01 20:49:26.961,1.48603,1.48651,1.37,1.65
2016.07.01 20:49:27.063,1.48609,1.48657,1.37,1.37
2016.07.01 20:49:28.174,1.48611,1.48659,1.37,1.37
2016.07.01 20:49:28.755,1.48607,1.48657,1.37,1.37
2016.07.01 20:49:29.059,1.48603,1.48651,1.37,1.37
2016.07.01 20:49:30.055,1.48603,1.48649,1.37,1.37
2016.07.01 20:49:32.462,1.486,1.48651,2.25,1.37
2016.07.01 20:49:37.671,1.486,1.48648,1.37,1.37
2016.07.01 20:49:38.785,1.486,1.48647,1.37,1.37
2016.07.01 20:49:44.965,1.48603,1.48651,1.87,1.37
2016.07.01 20:49:45.067,1.48603,1.48652,1.37,1.47
2016.07.01 20:49:45.378,1.48606,1.48659,1.10,1.37
2016.07.01 20:49:45.592,1.48611,1.48658,1.00,1.37
2016.07.01 20:49:45.644,1.48611,1.48656,1.00,1.12
2016.07.01 20:49:46.338,1.48612,1.4866,1.00,1.37
2016.07.01 20:49:47.434,1.48608,1.4866,1.00,1.37
2016.07.01 20:49:47.485,1.48608,1.48657,1.00,1.37
2016.07.01 20:49:47.797,1.48613,1.4866,1.00,1.37
2016.07.01 20:49:51.798,1.48613,1.48656,1.00,1.50
2016.07.01 20:49:53.091,1.48613,1.48653,1.00,1.37
2016.07.01 20:49:53.294,1.4862,1.48662,1.00,1.37
2016.07.01 20:49:53.511,1.48621,1.48668,1.00,1.37
2016.07.01 20:49:53.562,1.48618,1.48665,1.00,1.37
2016.07.01 20:49:53.867,1.48612,1.48661,1.65,1.37
2016.07.01 20:49:54.121,1.48612,1.48661,1.00,1.37
2016.07.01 20:49:54.376,1.48616,1.48661,1.00,1.37
2016.07.01 20:49:54.909,1.48616,1.48659,1.00,1.37
2016.07.01 20:49:57.358,1.48616,1.4866,1.07,1.37
2016.07.01 20:49:58.295,1.48617,1.48659,1.10,1.37
2016.07.01 20:49:58.673,1.48624,1.48659,1.00,1.37
2016.07.01 20:49:58.775,1.48624,1.48664,1.00,1.37
2016.07.01 20:49:58.927,1.48627,1.48664,1.00,1.37
2016.07.01 20:50:00.167,1.48627,1.48663,1.00,1.37
2016.07.01 20:50:00.269,1.48627,1.48665,1.00,1.37
2016.07.01 20:50:00.778,1.48627,1.48666,1.00,1.37
2016.07.01 20:50:01.115,1.48623,1.48666,1.00,1.37
2016.07.01 20:50:01.166,1.48623,1.48662,1.00,1.37
2016.07.01 20:50:02.462,1.48623,1.48663,1.00,1.75
2016.07.01 20:50:03.684,1.48623,1.48656,1.00,1.37
2016.07.01 20:50:04.476,1.48622,1.48656,1.00,1.37
2016.07.01 20:50:04.629,1.48613,1.48652,1.17,1.37
2016.07.01 20:50:04.680,1.48613,1.48653,1.10,1.37
2016.07.01 20:50:04.885,1.48613,1.48648,1.00,1.37
2016.07.01 20:50:05.345,1.48609,1.48648,1.10,1.37
2016.07.01 20:50:05.786,1.48609,1.48644,1.10,1.37
2016.07.01 20:50:06.590,1.48609,1.48645,1.10,1.37
2016.07.01 20:50:06.692,1.48613,1.48645,1.00,1.37
2016.07.01 20:50:07.035,1.48624,1.48656,1.00,1.50
2016.07.01 20:50:07.188,1.48624,1.4866,1.00,1.50
2016.07.01 20:50:07.290,1.48622,1.4866,1.00,1.50
2016.07.01 20:50:07.999,1.48622,1.48656,1.00,1.37
2016.07.01 20:50:08.500,1.48622,1.48656,1.00,1.37
2016.07.01 20:50:09.049,1.48622,1.48654,1.00,1.37
2016.07.01 20:50:09.177,1.48622,1.48658,1.00,1.37
2016.07.01 20:50:10.497,1.48622,1.48654,1.00,1.37
2016.07.01 20:50:10.619,1.48622,1.48658,1.00,1.37
2016.07.01 20:50:10.887,1.48622,1.48654,1.00,1.37
2016.07.01 20:50:11.098,1.48622,1.48659,1.00,1.37
2016.07.01 20:50:11.200,1.48622,1.48656,1.00,1.37
2016.07.01 20:50:11.301,1.48622,1.48658,1.00,1.37
2016.07.01 20:50:11.798,1.48622,1.48654,1.00,1.37
2016.07.01 20:50:14.581,1.48622,1.48659,1.00,1.37
2016.07.01 20:50:16.249,1.48612,1.48659,1.82,1.37
2016.07.01 20:50:16.300,1.4861,1.48655,1.12,1.37
2016.07.01 20:50:16.606,1.48604,1.48645,1.75,1.37
2016.07.01 20:50:17.203,1.486,1.48646,1.75,1.37
2016.07.01 20:50:19.789,1.486,1.48645,2.25,1.75
2016.07.01 20:50:20.278,1.48601,1.48643,1.87,1.12
2016.07.01 20:50:21.695,1.486,1.48647,1.37,1.37
2016.07.01 20:50:22.927,1.486,1.48644,1.00,1.37
2016.07.01 20:50:23.605,1.48597,1.48643,1.37,1.37
2016.07.01 20:50:24.204,1.48597,1.48642,1.00,1.37
2016.07.01 20:50:24.507,1.48597,1.48645,1.37,1.37
2016.07.01 20:50:25.600,1.48597,1.48646,1.37,1.87
2016.07.01 20:50:32.591,1.48597,1.48643,1.87,1.37
2016.07.01 20:50:37.727,1.48598,1.48642,1.00,1.37
2016.07.01 20:50:38.270,1.48599,1.48643,1.12,1.37
2016.07.01 20:50:38.321,1.48596,1.48633,1.10,1.37
2016.07.01 20:50:38.525,1.48596,1.48641,1.95,1.37
2016.07.01 20:50:38.627,1.48602,1.48645,1.00,1.37
2016.07.01 20:50:41.441,1.48604,1.48645,1.00,1.37
2016.07.01 20:50:42.069,1.48604,1.48643,1.00,1.37
2016.07.01 20:50:43.439,1.48604,1.48646,1.00,1.37
2016.07.01 20:50:46.079,1.48602,1.48645,1.00,1.37
2016.07.01 20:50:46.130,1.48602,1.48642,1.00,1.37
2016.07.01 20:50:46.695,1.48602,1.48642,1.00,1.37
2016.07.01 20:50:46.747,1.48599,1.48642,1.00,1.37
2016.07.01 20:50:47.290,1.48598,1.48642,1.00,1.37
2016.07.01 20:50:47.443,1.486,1.48642,1.00,1.37
2016.07.01 20:50:47.976,1.48601,1.48642,1.00,1.37
2016.07.01 20:50:49.230,1.486,1.48642,1.00,1.37
2016.07.01 20:50:49.332,1.486,1.48652,1.75,1.37
2016.07.01 20:50:49.536,1.48608,1.48656,1.37,1.87
2016.07.01 20:50:49.842,1.48608,1.48652,1.00,1.37
2016.07.01 20:50:50.103,1.48608,1.48655,1.37,1.37
2016.07.01 20:50:50.255,1.48608,1.48657,1.37,1.50
2016.07.01 20:50:50.307,1.48611,1.48657,1.00,1.87
2016.07.01 20:50:50.843,1.48611,1.48653,1.00,1.37
2016.07.01 20:50:54.025,1.48611,1.48656,1.37,1.50
2016.07.01 20:50:54.128,1.48611,1.48656,1.00,1.87
2016.07.01 20:50:54.231,1.48611,1.48654,1.37,1.37
2016.07.01 20:50:54.333,1.48611,1.48657,1.00,1.87
2016.07.01 20:50:55.640,1.48611,1.48656,1.00,1.75
2016.07.01 20:50:55.897,1.48611,1.48653,1.00,1.37
2016.07.01 20:50:56.255,1.48603,1.48653,1.37,1.37
2016.07.01 20:50:56.357,1.48603,1.48648,1.12,1.37
2016.07.01 20:50:58.859,1.48598,1.48645,1.37,1.37
2016.07.01 20:51:00.160,1.48599,1.48647,1.37,1.87
2016.07.01 20:51:00.415,1.48602,1.48654,1.00,1.00
2016.07.01 20:51:00.567,1.48599,1.48657,1.50,1.87
2016.07.01 20:51:00.720,1.48599,1.48657,1.00,2.25
2016.07.01 20:51:01.262,1.48596,1.48645,1.37,1.00
2016.07.01 20:51:01.364,1.48592,1.48645,1.87,1.00
2016.07.01 20:51:01.466,1.48596,1.4865,1.00,1.00
2016.07.01 20:51:01.569,1.48598,1.48652,1.00,1.00
2016.07.01 20:51:01.874,1.48586,1.48632,1.75,1.00
2016.07.01 20:51:02.384,1.48603,1.48645,1.00,1.50
2016.07.01 20:51:02.487,1.48602,1.48655,1.00,1.00
2016.07.01 20:51:02.538,1.48604,1.48655,1.00,1.00
2016.07.01 20:51:02.844,1.48606,1.48655,1.00,1.00
2016.07.01 20:51:03.195,1.4861,1.48655,1.00,1.00
2016.07.01 20:51:03.730,1.48611,1.48655,1.00,1.00
2016.07.01 20:51:04.151,1.48614,1.48655,1.00,1.00
2016.07.01 20:51:05.186,1.4861,1.48654,1.00,1.00
2016.07.01 20:51:05.289,1.48602,1.48654,1.00,1.37
2016.07.01 20:51:06.066,1.48604,1.48654,1.50,1.37
2016.07.01 20:51:06.472,1.48608,1.48654,1.00,1.00
2016.07.01 20:51:06.807,1.48608,1.48657,1.00,1.00
2016.07.01 20:51:09.661,1.48608,1.48653,1.00,1.50
2016.07.01 20:51:09.968,1.48598,1.48643,1.12,1.37
2016.07.01 20:51:10.971,1.48598,1.48642,1.00,1.50
2016.07.01 20:51:12.159,1.48598,1.48641,1.00,1.37
2016.07.01 20:51:12.261,1.48592,1.48642,1.37,1.37
2016.07.01 20:51:17.365,1.48594,1.48643,1.87,1.37
2016.07.01 20:51:19.869,1.48598,1.48643,1.37,1.00
2016.07.01 20:51:22.368,1.48599,1.48642,1.37,1.00
2016.07.01 20:51:22.683,1.48601,1.48642,1.37,1.00
2016.07.01 20:51:23.342,1.48601,1.48642,1.12,1.37
2016.07.01 20:51:23.900,1.48597,1.48639,1.37,1.00
2016.07.01 20:51:25.339,1.48597,1.48639,1.37,1.00
2016.07.01 20:51:26.279,1.48597,1.48639,1.37,1.00
2016.07.01 20:51:26.819,1.48597,1.48639,1.37,1.12
2016.07.01 20:51:27.341,1.48597,1.48639,1.37,1.00
2016.07.01 20:51:27.860,1.48597,1.4864,1.37,1.00
2016.07.01 20:51:28.195,1.48594,1.48632,1.37,1.00
2016.07.01 20:51:28.430,1.48579,1.48625,1.12,1.37
2016.07.01 20:51:28.482,1.48579,1.48617,1.12,1.00
2016.07.01 20:51:28.636,1.48568,1.4861,1.00,1.37
2016.07.01 20:51:28.687,1.48568,1.48607,1.00,1.37
2016.07.01 20:51:28.892,1.48568,1.48614,1.12,1.37
2016.07.01 20:51:29.418,1.48564,1.48613,1.12,1.37
2016.07.01 20:51:39.852,1.48563,1.48613,1.37,1.37
2016.07.01 20:51:39.903,1.48563,1.48607,1.37,1.00
2016.07.01 20:51:40.254,1.48563,1.48607,1.00,1.37
2016.07.01 20:51:40.578,1.48563,1.486,1.00,1.37
2016.07.01 20:51:41.986,1.48566,1.48601,1.00,1.37
2016.07.01 20:51:42.955,1.48566,1.48602,1.00,1.75
2016.07.01 20:51:43.006,1.48562,1.48596,1.00,1.37
2016.07.01 20:51:43.909,1.48566,1.48597,1.00,1.37
2016.07.01 20:51:44.657,1.48566,1.48596,1.00,1.00
2016.07.01 20:51:44.709,1.48565,1.48608,1.00,1.00
2016.07.01 20:51:44.760,1.48565,1.48608,1.00,1.37
2016.07.01 20:51:45.065,1.48568,1.48617,1.00,1.37
2016.07.01 20:51:45.167,1.48568,1.48613,1.00,1.37
2016.07.01 20:51:45.435,1.48568,1.48613,1.00,1.37
2016.07.01 20:51:45.588,1.48568,1.48613,1.00,1.37
2016.07.01 20:51:45.690,1.48568,1.48616,1.00,1.37
2016.07.01 20:51:46.193,1.48568,1.48617,1.00,1.37
2016.07.01 20:51:49.174,1.48568,1.48617,1.00,1.75
2016.07.01 20:51:49.474,1.48568,1.48616,1.00,1.37
2016.07.01 20:51:49.889,1.48568,1.48614,1.00,1.37
2016.07.01 20:51:50.184,1.48568,1.48615,1.00,1.37
2016.07.01 20:51:50.699,1.48568,1.48618,1.00,1.37
2016.07.01 20:51:50.750,1.48564,1.48616,1.50,1.37
2016.07.01 20:51:50.960,1.48564,1.48606,1.00,1.00
2016.07.01 20:51:51.264,1.48564,1.48605,1.00,1.37
2016.07.01 20:51:51.783,1.48563,1.48605,1.00,1.37
2016.07.01 20:51:53.031,1.48572,1.48606,1.00,1.37
2016.07.01 20:51:53.134,1.48572,1.48616,1.00,1.37
2016.07.01 20:51:53.235,1.48576,1.48616,1.00,1.37
2016.07.01 20:51:53.338,1.48576,1.4862,1.00,1.37
2016.07.01 20:51:53.440,1.48576,1.48616,1.00,1.37
2016.07.01 20:52:01.463,1.48576,1.48618,1.00,1.37
2016.07.01 20:52:02.957,1.48573,1.48617,1.12,1.37
2016.07.01 20:52:03.059,1.48573,1.48612,1.00,1.37
2016.07.01 20:52:03.264,1.48573,1.48617,1.12,1.37
2016.07.01 20:52:03.416,1.48575,1.48617,1.00,1.37
2016.07.01 20:52:03.777,1.48576,1.48617,1.00,1.50
2016.07.01 20:52:03.930,1.48576,1.48617,1.00,1.37
2016.07.01 20:52:04.032,1.48576,1.48615,1.00,1.37
2016.07.01 20:52:04.134,1.48576,1.48617,1.00,1.37
2016.07.01 20:52:04.767,1.48576,1.48617,1.00,1.75
2016.07.01 20:52:04.869,1.48576,1.48617,1.00,1.37
2016.07.01 20:52:05.860,1.48576,1.48615,1.00,1.37
2016.07.01 20:52:06.061,1.48578,1.48618,1.00,1.37
2016.07.01 20:52:06.163,1.48578,1.48618,1.00,1.37
2016.07.01 20:52:06.215,1.48581,1.48617,1.00,1.37
2016.07.01 20:52:06.619,1.48575,1.48619,1.87,1.37
2016.07.01 20:52:06.721,1.48578,1.48616,1.00,1.12
2016.07.01 20:52:07.047,1.4857,1.48613,1.00,1.37
2016.07.01 20:52:07.099,1.48566,1.48613,1.00,1.37
2016.07.01 20:52:07.404,1.48562,1.48609,1.00,1.37
2016.07.01 20:52:07.534,1.48562,1.48607,1.00,1.37
2016.07.01 20:52:08.041,1.48562,1.48605,1.00,1.37
2016.07.01 20:52:09.141,1.48562,1.48604,1.00,1.37
2016.07.01 20:52:10.156,1.48562,1.48598,1.00,1.37
2016.07.01 20:52:10.367,1.48562,1.48598,1.00,1.37
2016.07.01 20:52:10.908,1.48562,1.48601,1.00,1.37
2016.07.01 20:52:11.658,1.48562,1.48601,1.00,1.37
2016.07.01 20:52:12.203,1.48562,1.486,1.00,1.37
2016.07.01 20:52:12.864,1.48562,1.48598,1.00,1.37
2016.07.01 20:52:13.669,1.48562,1.48601,1.00,1.37
2016.07.01 20:52:14.398,1.48563,1.48601,1.00,1.37
2016.07.01 20:52:15.844,1.48563,1.48601,1.00,1.37
2016.07.01 20:52:16.420,1.48565,1.486,1.00,1.37
2016.07.01 20:52:16.471,1.48565,1.48605,1.00,1.37
2016.07.01 20:52:16.838,1.48567,1.48604,1.00,1.37
2016.07.01 20:52:17.857,1.48565,1.48605,1.00,1.37
2016.07.01 20:52:19.430,1.48565,1.48602,1.00,1.37
2016.07.01 20:52:20.054,1.48565,1.48603,1.00,1.75
2016.07.01 20:52:20.207,1.48558,1.48599,1.00,1.75
2016.07.01 20:52:20.259,1.48555,1.48594,1.00,1.37
2016.07.01 20:52:20.361,1.48547,1.48595,1.00,1.37
2016.07.01 20:52:20.941,1.48544,1.48595,1.00,1.37
2016.07.01 20:52:21.348,1.4855,1.48595,1.00,1.37
2016.07.01 20:52:21.828,1.48554,1.48594,1.00,1.37
2016.07.01 20:52:22.132,1.48551,1.48595,1.00,1.37
2016.07.01 20:52:22.336,1.48555,1.48595,1.00,1.37
2016.07.01 20:52:23.028,1.48558,1.48595,1.00,1.37
2016.07.01 20:52:23.181,1.4856,1.48602,1.00,1.37
2016.07.01 20:52:23.688,1.48561,1.48601,1.00,1.37
2016.07.01 20:52:23.740,1.48566,1.48612,1.00,1.75
2016.07.01 20:52:23.793,1.48566,1.48612,1.00,1.37
2016.07.01 20:52:23.845,1.48562,1.48613,1.00,1.37
2016.07.01 20:52:24.019,1.48562,1.48609,1.00,1.37
2016.07.01 20:52:24.338,1.48559,1.48609,2.25,1.37
2016.07.01 20:52:24.855,1.48559,1.48604,1.00,1.37
2016.07.01 20:52:25.381,1.48558,1.48605,1.00,1.37
2016.07.01 20:52:25.932,1.48559,1.48606,1.00,1.37
2016.07.01 20:52:26.306,1.48562,1.48606,1.00,1.37
2016.07.01 20:52:27.533,1.48565,1.48606,1.00,1.37
2016.07.01 20:52:27.839,1.48564,1.48604,1.00,1.37
2016.07.01 20:52:30.136,1.48565,1.48604,1.00,1.37
2016.07.01 20:52:30.187,1.48565,1.48604,1.00,1.37
2016.07.01 20:52:30.692,1.48564,1.48605,1.00,1.37
2016.07.01 20:52:34.233,1.48565,1.48603,1.00,1.37
2016.07.01 20:52:37.349,1.48569,1.48603,1.00,1.37
2016.07.01 20:52:37.895,1.48568,1.48605,1.00,1.37
2016.07.01 20:52:39.187,1.48569,1.48607,1.00,1.37
2016.07.01 20:52:42.155,1.48565,1.48607,1.00,1.37
2016.07.01 20:52:42.706,1.48565,1.48607,1.00,1.37
2016.07.01 20:52:43.697,1.48569,1.48606,1.00,1.37
2016.07.01 20:52:44.201,1.4857,1.4861,1.00,1.37
2016.07.01 20:52:46.361,1.4857,1.48608,1.00,1.50
2016.07.01 20:52:46.883,1.48571,1.48607,1.00,1.37
2016.07.01 20:52:47.218,1.48573,1.48608,1.00,1.50
2016.07.01 20:52:47.684,1.48567,1.4861,1.00,1.37
2016.07.01 20:52:47.785,1.48572,1.4861,1.00,1.37
2016.07.01 20:52:47.887,1.48567,1.4861,1.00,1.37
2016.07.01 20:52:48.273,1.48565,1.48611,1.00,1.50
2016.07.01 20:52:48.375,1.48563,1.48611,1.50,1.50
2016.07.01 20:52:48.477,1.48569,1.48611,1.00,1.50
2016.07.01 20:52:49.021,1.4857,1.4861,1.00,1.37
2016.07.01 20:52:49.173,1.48567,1.48611,1.00,1.37
2016.07.01 20:52:50.155,1.48569,1.48611,1.00,1.37
2016.07.01 20:52:50.561,1.48575,1.48612,1.00,1.50
2016.07.01 20:52:50.612,1.48575,1.48612,1.00,1.37
2016.07.01 20:52:50.663,1.48573,1.48612,1.50,1.87
2016.07.01 20:52:50.714,1.48573,1.48612,1.50,1.87
2016.07.01 20:52:50.765,1.48571,1.48612,1.00,1.37
2016.07.01 20:52:50.968,1.48573,1.48613,1.00,1.50
2016.07.01 20:52:51.760,1.48568,1.48613,1.50,1.50
2016.07.01 20:52:51.978,1.48568,1.48607,1.00,1.37
2016.07.01 20:52:52.080,1.48565,1.48607,1.00,1.37
2016.07.01 20:52:52.283,1.48569,1.4861,1.00,1.37
2016.07.01 20:52:52.806,1.48568,1.48611,1.00,1.87
2016.07.01 20:52:56.476,1.48569,1.48614,1.00,1.37
2016.07.01 20:52:57.507,1.48568,1.48615,1.00,1.50
2016.07.01 20:52:58.671,1.48568,1.48615,1.00,1.37
2016.07.01 20:52:59.474,1.48568,1.48617,1.00,1.37
2016.07.01 20:53:03.613,1.48572,1.48617,1.00,1.87
2016.07.01 20:53:04.477,1.48572,1.48617,1.00,1.87
2016.07.01 20:53:08.674,1.48569,1.48616,1.50,1.37
2016.07.01 20:53:09.208,1.48565,1.48614,1.00,1.37
2016.07.01 20:53:09.866,1.48564,1.48614,1.50,1.37
2016.07.01 20:53:10.083,1.48567,1.48614,1.00,1.37
2016.07.01 20:53:10.286,1.48566,1.48618,1.00,1.37
2016.07.01 20:53:10.388,1.4857,1.48617,1.00,1.37
2016.07.01 20:53:10.737,1.4857,1.48615,1.00,1.37
2016.07.01 20:53:11.902,1.48569,1.48615,1.50,1.37
2016.07.01 20:53:12.239,1.48573,1.48614,1.00,1.37
2016.07.01 20:53:12.622,1.48569,1.48615,1.00,1.37
2016.07.01 20:53:13.093,1.4857,1.48614,1.00,1.00
2016.07.01 20:53:13.195,1.4857,1.48619,1.00,1.12
2016.07.01 20:53:13.320,1.48572,1.48619,1.00,1.12
2016.07.01 20:53:13.422,1.48569,1.48619,1.00,1.12
2016.07.01 20:53:13.607,1.48572,1.48624,1.00,1.37
2016.07.01 20:53:13.710,1.48572,1.48625,1.00,1.00
2016.07.01 20:53:13.812,1.48574,1.48625,1.00,1.00
2016.07.01 20:53:13.864,1.48574,1.4863,1.00,1.00
2016.07.01 20:53:14.169,1.48574,1.48633,1.00,1.00
2016.07.01 20:53:14.220,1.48578,1.48633,1.00,1.00
2016.07.01 20:53:14.474,1.4858,1.48639,1.00,1.00
2016.07.01 20:53:15.117,1.48581,1.48639,1.00,1.00
2016.07.01 20:53:15.631,1.4858,1.48639,1.50,1.00
2016.07.01 20:53:16.781,1.48583,1.48639,1.00,1.00
2016.07.01 20:53:18.601,1.4858,1.48639,1.50,1.00
2016.07.01 20:53:18.703,1.48585,1.48639,1.00,1.37
2016.07.01 20:53:19.029,1.48585,1.48635,1.00,1.00
2016.07.01 20:53:19.485,1.48582,1.48635,1.00,1.00
2016.07.01 20:53:19.586,1.4858,1.48635,1.00,1.00
2016.07.01 20:53:21.930,1.4858,1.48636,1.00,1.00
2016.07.01 20:53:22.488,1.4858,1.48635,1.00,1.00
2016.07.01 20:53:22.539,1.48576,1.48635,1.00,1.00
2016.07.01 20:53:22.937,1.48574,1.48635,1.00,1.00
2016.07.01 20:53:23.614,1.48574,1.48636,1.00,1.00
2016.07.01 20:53:23.716,1.48574,1.48635,1.00,1.37
2016.07.01 20:53:24.508,1.48577,1.48635,1.00,1.37
2016.07.01 20:53:30.147,1.48577,1.48633,1.00,1.37
2016.07.01 20:53:30.946,1.48583,1.48636,1.00,1.37
2016.07.01 20:53:30.997,1.48579,1.48636,1.00,1.37
2016.07.01 20:53:31.607,1.48579,1.48636,1.00,1.75
2016.07.01 20:53:32.236,1.48583,1.48631,1.00,1.37
2016.07.01 20:53:33.937,1.48573,1.48622,1.00,1.37
2016.07.01 20:53:34.039,1.48577,1.48621,1.00,1.37
2016.07.01 20:53:34.567,1.48579,1.48621,1.00,1.37
2016.07.01 20:53:35.271,1.4858,1.48621,1.00,1.37
2016.07.01 20:53:35.322,1.4858,1.48632,1.00,1.00
2016.07.01 20:53:35.475,1.48575,1.48632,2.25,1.00
2016.07.01 20:53:35.628,1.48575,1.4863,1.50,1.37
2016.07.01 20:53:36.405,1.48576,1.48629,1.00,1.37
2016.07.01 20:53:37.706,1.48576,1.48625,1.00,1.00
2016.07.01 20:53:38.033,1.48576,1.48625,1.00,1.37
2016.07.01 20:53:38.631,1.48577,1.48625,1.00,1.37
2016.07.01 20:53:41.159,1.4858,1.48626,1.00,1.37
2016.07.01 20:53:41.210,1.48578,1.48626,1.00,1.37
2016.07.01 20:53:41.261,1.48574,1.48626,1.00,1.37
2016.07.01 20:53:43.863,1.48574,1.48625,1.00,1.37
2016.07.01 20:53:45.235,1.48575,1.48622,1.00,1.37
2016.07.01 20:53:45.461,1.48572,1.48623,1.00,1.37
2016.07.01 20:53:47.583,1.48573,1.48623,1.00,1.37
2016.07.01 20:53:53.533,1.48573,1.48622,1.50,1.37
2016.07.01 20:53:54.924,1.48576,1.48623,1.00,1.50
2016.07.01 20:53:55.437,1.48577,1.48623,1.00,1.50
2016.07.01 20:53:59.786,1.48574,1.48622,1.00,1.37
2016.07.01 20:54:00.192,1.48578,1.48622,1.00,1.37
2016.07.01 20:54:00.294,1.48574,1.48621,1.00,1.37
2016.07.01 20:54:00.954,1.48571,1.48621,1.00,1.37
2016.07.01 20:54:01.006,1.48569,1.48621,1.00,1.37
2016.07.01 20:54:01.057,1.48569,1.48609,1.00,1.37
2016.07.01 20:54:01.160,1.48565,1.48609,1.00,1.37
2016.07.01 20:54:01.570,1.48558,1.48608,1.37,1.37
2016.07.01 20:54:02.457,1.48558,1.48608,1.37,1.37
2016.07.01 20:54:02.560,1.48555,1.48607,1.37,1.37
2016.07.01 20:54:03.948,1.48555,1.48606,1.87,1.37
2016.07.01 20:54:06.913,1.48552,1.48602,1.00,1.37
2016.07.01 20:54:07.715,1.4855,1.48601,1.87,1.87
2016.07.01 20:54:08.288,1.48552,1.48601,1.00,1.37
2016.07.01 20:54:09.841,1.48552,1.48601,1.00,1.37
2016.07.01 20:54:10.216,1.48552,1.48601,1.37,1.00
2016.07.01 20:54:10.403,1.48552,1.48604,1.87,1.00
2016.07.01 20:54:12.407,1.48552,1.48602,1.65,1.00
2016.07.01 20:54:14.089,1.48555,1.48602,1.00,1.12
2016.07.01 20:54:14.595,1.48554,1.48605,1.00,1.37
2016.07.01 20:54:14.704,1.48555,1.48605,1.00,1.00
2016.07.01 20:54:15.080,1.48558,1.48605,1.00,1.00
2016.07.01 20:54:15.333,1.48553,1.48605,2.02,1.00
2016.07.01 20:54:15.702,1.48554,1.48605,1.52,1.00
2016.07.01 20:54:16.033,1.48555,1.48605,1.95,1.00
2016.07.01 20:54:20.350,1.48555,1.48605,1.95,1.37
2016.07.01 20:54:27.436,1.48556,1.48604,1.00,1.37
2016.07.01 20:54:29.003,1.48552,1.48601,1.65,1.37
2016.07.01 20:54:30.734,1.48552,1.48605,1.37,1.37
2016.07.01 20:54:32.863,1.48553,1.48603,1.20,1.37
2016.07.01 20:54:33.548,1.48552,1.48604,1.90,1.37
2016.07.01 20:54:34.058,1.48552,1.48604,2.40,1.37
2016.07.01 20:54:34.557,1.48556,1.48603,1.00,1.37
2016.07.01 20:54:34.659,1.48556,1.48607,1.37,1.37
2016.07.01 20:54:40.042,1.48555,1.48606,1.00,1.50
2016.07.01 20:54:42.070,1.48552,1.48601,1.52,1.75
2016.07.01 20:54:42.121,1.48551,1.48596,2.02,1.37
2016.07.01 20:54:42.772,1.48549,1.48596,1.00,1.37
2016.07.01 20:54:44.984,1.48549,1.48596,1.00,1.37
2016.07.01 20:54:45.822,1.4855,1.48597,1.00,1.37
2016.07.01 20:54:46.074,1.4855,1.48597,1.00,1.50
2016.07.01 20:54:46.125,1.48547,1.48596,1.72,1.37
2016.07.01 20:54:46.176,1.48548,1.48596,1.30,1.37
2016.07.01 20:54:46.278,1.48547,1.48592,1.72,1.37
2016.07.01 20:54:46.380,1.48547,1.48598,2.10,1.87
2016.07.01 20:54:46.887,1.48547,1.48596,2.10,1.37
2016.07.01 20:54:47.150,1.48547,1.48592,1.72,1.37
2016.07.01 20:54:47.377,1.48547,1.48596,1.72,1.50
2016.07.01 20:54:47.580,1.48547,1.48596,1.72,1.75
2016.07.01 20:54:47.682,1.48547,1.48596,1.72,1.37
2016.07.01 20:54:47.987,1.48547,1.48597,2.10,1.37
2016.07.01 20:54:48.630,1.48547,1.48598,2.85,1.37
2016.07.01 20:54:49.178,1.48548,1.48597,1.62,1.37
2016.07.01 20:54:49.330,1.4856,1.48597,1.00,1.37
2016.07.01 20:54:49.382,1.48565,1.48613,1.00,1.31
2016.07.01 20:54:49.433,1.48565,1.48614,1.00,2.25
2016.07.01 20:54:49.485,1.48568,1.48621,1.37,3.00
2016.07.01 20:54:49.536,1.48568,1.48621,1.37,2.62
2016.07.01 20:54:49.587,1.48576,1.4862,1.00,1.37
2016.07.01 20:54:49.953,1.48575,1.48624,1.00,1.37
2016.07.01 20:54:50.215,1.48578,1.48625,1.00,1.37
2016.07.01 20:54:51.494,1.4858,1.48624,1.00,1.37
2016.07.01 20:54:52.036,1.48579,1.48625,1.00,1.37
2016.07.01 20:54:52.587,1.4858,1.48624,1.00,1.37
2016.07.01 20:54:53.112,1.48579,1.48625,1.00,1.37
2016.07.01 20:54:53.645,1.4858,1.48624,1.00,1.37
2016.07.01 20:54:55.285,1.48579,1.48621,1.00,1.12
2016.07.01 20:54:55.603,1.48578,1.48621,1.00,1.37
2016.07.01 20:54:55.966,1.48578,1.48621,1.00,1.75
2016.07.01 20:54:57.386,1.48579,1.48618,1.00,1.37
2016.07.01 20:54:57.488,1.48582,1.48621,1.00,1.37
2016.07.01 20:54:57.797,1.48582,1.48625,1.00,1.37
2016.07.01 20:54:58.330,1.48582,1.48625,1.00,1.75
2016.07.01 20:54:58.381,1.48582,1.48622,1.00,1.37
2016.07.01 20:54:58.483,1.48582,1.48625,1.00,1.00
2016.07.01 20:54:58.534,1.48582,1.4863,1.00,1.37
2016.07.01 20:54:58.586,1.48582,1.4862,1.00,2.25
2016.07.01 20:54:58.688,1.48582,1.48614,1.00,1.37
2016.07.01 20:54:58.899,1.48582,1.48612,1.00,1.37
2016.07.01 20:54:59.312,1.4858,1.48613,1.00,1.37
2016.07.01 20:54:59.574,1.4858,1.48611,1.00,1.37
2016.07.01 20:54:59.777,1.48581,1.48615,1.00,1.37
2016.07.01 20:54:59.879,1.48581,1.48615,1.00,1.50
2016.07.01 20:55:00.089,1.48581,1.48616,1.00,1.37
2016.07.01 20:55:00.191,1.48581,1.48613,1.00,1.37
2016.07.01 20:55:00.716,1.4858,1.48614,1.00,1.37
2016.07.01 20:55:01.253,1.48579,1.48612,1.00,1.37
2016.07.01 20:55:01.537,1.48577,1.48612,1.00,1.37
2016.07.01 20:55:01.892,1.48576,1.48608,1.00,1.37
2016.07.01 20:55:02.098,1.48577,1.4861,1.00,1.37
2016.07.01 20:55:02.494,1.48576,1.48608,1.00,1.37
2016.07.01 20:55:03.011,1.48576,1.4861,1.00,1.37
2016.07.01 20:55:03.315,1.48573,1.48611,1.00,1.50
2016.07.01 20:55:03.570,1.48573,1.48611,1.00,1.75
2016.07.01 20:55:03.672,1.48573,1.48611,1.00,1.37
2016.07.01 20:55:03.773,1.48575,1.48611,1.00,1.75
2016.07.01 20:55:04.084,1.48574,1.48611,1.00,1.37
2016.07.01 20:55:04.267,1.48574,1.48607,1.00,1.37
2016.07.01 20:55:04.406,1.48574,1.48607,1.00,1.00
2016.07.01 20:55:05.969,1.48574,1.48619,1.00,1.00
2016.07.01 20:55:06.072,1.48574,1.48619,1.00,1.37
2016.07.01 20:55:06.514,1.48576,1.4862,1.00,1.87
2016.07.01 20:55:06.972,1.48576,1.48616,1.00,1.37
2016.07.01 20:55:08.089,1.48576,1.48616,1.00,1.37
2016.07.01 20:55:08.557,1.4858,1.48614,1.00,1.37
2016.07.01 20:55:09.132,1.48579,1.48617,1.00,1.37
2016.07.01 20:55:09.676,1.4858,1.48616,1.00,1.37
2016.07.01 20:55:09.983,1.48585,1.4862,1.00,1.50
2016.07.01 20:55:10.034,1.48582,1.48619,1.00,1.37
2016.07.01 20:55:10.975,1.48582,1.48618,1.50,1.37
2016.07.01 20:55:12.120,1.48582,1.48619,1.00,1.37
2016.07.01 20:55:13.218,1.48578,1.48616,1.00,1.75
2016.07.01 20:55:13.884,1.48578,1.48614,1.00,1.37
2016.07.01 20:55:14.825,1.48579,1.48613,1.00,1.37
2016.07.01 20:55:15.369,1.48578,1.48614,1.00,1.37
2016.07.01 20:55:16.235,1.48579,1.48613,1.00,1.87
2016.07.01 20:55:16.286,1.48579,1.48613,1.00,1.87
2016.07.01 20:55:16.813,1.48578,1.48614,1.00,1.87
2016.07.01 20:55:16.864,1.48575,1.48613,1.00,1.37
2016.07.01 20:55:16.915,1.48571,1.48613,1.00,1.37
2016.07.01 20:55:17.225,1.48571,1.48613,1.00,1.37
2016.07.01 20:55:18.026,1.48571,1.48613,1.00,1.37
2016.07.01 20:55:21.445,1.4857,1.48614,1.00,1.37
2016.07.01 20:55:21.496,1.4857,1.48614,1.00,1.12
2016.07.01 20:55:21.931,1.4857,1.48614,1.00,1.37
2016.07.01 20:55:22.185,1.4857,1.48614,1.00,1.37
2016.07.01 20:55:22.429,1.48579,1.48614,1.00,1.37
2016.07.01 20:55:25.487,1.48579,1.48615,1.00,1.37
2016.07.01 20:55:26.252,1.48578,1.48618,1.00,1.37
2016.07.01 20:55:27.005,1.48578,1.48617,1.00,1.87
2016.07.01 20:55:28.258,1.48571,1.48616,1.00,1.37
2016.07.01 20:55:28.410,1.48571,1.48614,1.00,1.37
2016.07.01 20:55:28.746,1.48571,1.48616,1.00,1.87
2016.07.01 20:55:29.636,1.48571,1.48612,1.00,1.37
2016.07.01 20:55:29.940,1.48573,1.48613,1.00,1.37
2016.07.01 20:55:30.579,1.48572,1.48614,1.00,1.37
2016.07.01 20:55:33.796,1.48572,1.48614,1.00,1.37
2016.07.01 20:55:34.010,1.48572,1.48612,1.00,1.00
2016.07.01 20:55:34.061,1.48573,1.48618,1.00,1.00
2016.07.01 20:55:34.264,1.48579,1.48619,1.00,1.00
2016.07.01 20:55:34.620,1.48585,1.48624,1.37,1.00
2016.07.01 20:55:36.922,1.48586,1.48624,1.37,1.50
2016.07.01 20:55:37.327,1.48581,1.48624,1.37,1.00
2016.07.01 20:55:37.460,1.48581,1.4862,1.37,1.00
2016.07.01 20:55:39.928,1.48581,1.4862,1.00,1.00
2016.07.01 20:55:39.979,1.48576,1.4862,1.00,1.00
2016.07.01 20:55:40.444,1.48576,1.48618,1.00,1.00
2016.07.01 20:55:41.384,1.48576,1.48619,1.00,1.00
2016.07.01 20:55:43.686,1.48576,1.48618,1.00,1.00
2016.07.01 20:55:44.048,1.48576,1.48615,1.00,1.00
2016.07.01 20:55:44.452,1.48576,1.48615,1.00,1.37
2016.07.01 20:55:47.390,1.48577,1.48615,1.00,1.37
2016.07.01 20:55:48.133,1.48577,1.48617,1.00,1.37
2016.07.01 20:55:48.815,1.48577,1.48617,1.00,1.37
2016.07.01 20:55:55.285,1.48577,1.48623,1.00,1.12
2016.07.01 20:55:55.337,1.48577,1.48623,1.00,2.25
2016.07.01 20:55:57.396,1.48577,1.4862,1.00,1.37
2016.07.01 20:55:58.208,1.48574,1.4862,1.20,1.37
2016.07.01 20:55:58.841,1.48574,1.4862,1.20,1.37
2016.07.01 20:55:59.847,1.48569,1.48618,1.75,1.37
2016.07.01 20:55:59.914,1.48568,1.48617,1.00,1.37
2016.07.01 20:56:00.294,1.48564,1.48615,1.00,1.37
2016.07.01 20:56:02.459,1.48556,1.48614,1.00,1.37
2016.07.01 20:56:02.561,1.48556,1.48612,1.00,1.50
2016.07.01 20:56:02.865,1.48554,1.48602,1.00,1.37
2016.07.01 20:56:03.414,1.48556,1.48603,1.00,1.37
2016.07.01 20:56:04.977,1.48552,1.48596,1.00,1.00
2016.07.01 20:56:05.028,1.48552,1.48596,1.00,1.37
2016.07.01 20:56:05.129,1.48545,1.48595,1.00,1.87
2016.07.01 20:56:05.231,1.48545,1.48595,1.00,1.37
2016.07.01 20:56:05.494,1.48545,1.48595,1.00,1.12
2016.07.01 20:56:05.669,1.48553,1.486,1.00,1.37
2016.07.01 20:56:05.978,1.48562,1.48604,1.00,1.37
2016.07.01 20:56:06.575,1.48561,1.48604,1.00,1.37
2016.07.01 20:56:06.970,1.48561,1.48606,1.00,1.37
2016.07.01 20:56:08.075,1.4856,1.48607,1.00,1.87
2016.07.01 20:56:11.423,1.48555,1.48606,1.00,1.87
2016.07.01 20:56:11.474,1.48555,1.48605,1.00,1.37
2016.07.01 20:56:12.044,1.48557,1.48605,1.00,1.37
2016.07.01 20:56:12.559,1.48557,1.48606,1.00,1.37
2016.07.01 20:56:12.610,1.48565,1.48611,1.00,1.75
2016.07.01 20:56:12.662,1.48565,1.48611,1.00,1.37
2016.07.01 20:56:12.763,1.48565,1.4861,1.00,1.75
2016.07.01 20:56:12.815,1.48559,1.48605,1.00,1.50
2016.07.01 20:56:13.828,1.4856,1.48605,1.00,1.50
2016.07.01 20:56:15.635,1.4856,1.48605,1.00,1.75
2016.07.01 20:56:15.686,1.48555,1.48602,1.00,1.37
2016.07.01 20:56:17.188,1.48558,1.48603,1.00,1.37
2016.07.01 20:56:17.537,1.48558,1.48602,1.00,1.37
2016.07.01 20:56:17.731,1.48554,1.48602,1.00,1.37
2016.07.01 20:56:18.395,1.48555,1.48602,1.00,1.37
2016.07.01 20:56:18.581,1.48555,1.48606,1.00,1.37
2016.07.01 20:56:18.683,1.4856,1.48606,1.00,1.37
2016.07.01 20:56:19.593,1.48559,1.48605,1.00,1.37
2016.07.01 20:56:19.857,1.48552,1.48605,1.20,1.12
2016.07.01 20:56:19.925,1.4855,1.48572,1.00,1.87
2016.07.01 20:56:20.027,1.48544,1.48586,1.00,1.37
2016.07.01 20:56:20.105,1.48532,1.48594,1.50,2.62
2016.07.01 20:56:20.156,1.48519,1.48595,1.50,1.75
2016.07.01 20:56:20.207,1.48528,1.4859,1.00,1.37
2016.07.01 20:56:20.613,1.48536,1.48591,1.00,1.37
2016.07.01 20:56:21.117,1.48541,1.48591,1.00,1.37
2016.07.01 20:56:21.619,1.48541,1.48593,1.00,1.37
2016.07.01 20:56:23.585,1.48541,1.48591,1.00,1.50
2016.07.01 20:56:25.627,1.48541,1.48598,1.00,1.37
2016.07.01 20:56:25.679,1.48543,1.48598,1.00,1.37
2016.07.01 20:56:25.892,1.48541,1.48596,1.00,1.37
2016.07.01 20:56:26.572,1.48541,1.48596,1.00,1.00
2016.07.01 20:56:26.626,1.48539,1.48596,1.00,1.00
2016.07.01 20:56:26.940,1.4854,1.486,1.00,1.00
2016.07.01 20:56:27.933,1.48542,1.486,1.00,1.00
2016.07.01 20:56:28.340,1.48544,1.48599,1.00,1.00
2016.07.01 20:56:30.241,1.48543,1.48598,1.00,1.00
2016.07.01 20:56:30.545,1.48543,1.48594,1.00,1.00
2016.07.01 20:56:30.780,1.48541,1.48594,1.00,1.00
2016.07.01 20:56:31.293,1.48541,1.48593,1.00,1.00
2016.07.01 20:56:31.570,1.48538,1.48593,1.00,1.00
2016.07.01 20:56:32.106,1.48538,1.48594,1.00,1.50
2016.07.01 20:56:32.613,1.48538,1.48593,1.00,1.00
2016.07.01 20:56:34.028,1.48538,1.4859,1.00,1.00
2016.07.01 20:56:35.021,1.48538,1.48589,1.00,1.00
2016.07.01 20:56:35.420,1.48533,1.48586,1.00,1.00
2016.07.01 20:56:36.033,1.48533,1.48585,1.00,1.00
2016.07.01 20:56:36.426,1.48533,1.48587,1.00,1.00
2016.07.01 20:56:36.714,1.48534,1.48592,1.00,1.00
2016.07.01 20:56:36.923,1.48538,1.48594,1.00,1.87
2016.07.01 20:56:37.227,1.48538,1.48589,1.00,1.00
2016.07.01 20:56:37.533,1.48538,1.48592,1.00,1.00
2016.07.01 20:56:37.948,1.48536,1.48591,1.00,1.00
2016.07.01 20:56:38.252,1.48536,1.48593,1.00,1.00
2016.07.01 20:56:38.306,1.48538,1.48596,1.00,1.00
2016.07.01 20:56:38.840,1.48538,1.48597,1.00,1.00
2016.07.01 20:56:42.220,1.48538,1.48596,1.00,1.00
2016.07.01 20:56:42.272,1.48536,1.48596,1.00,1.50
2016.07.01 20:56:42.322,1.48536,1.48587,1.00,1.00
2016.07.01 20:56:42.424,1.4853,1.4859,1.00,1.00
2016.07.01 20:56:43.150,1.4853,1.48589,1.50,1.00
2016.07.01 20:56:44.006,1.4853,1.4859,1.00,1.00
2016.07.01 20:56:46.440,1.4853,1.48595,1.12,1.37
2016.07.01 20:56:47.538,1.48533,1.48592,1.00,1.37
2016.07.01 20:56:49.132,1.48533,1.48592,1.00,1.00
2016.07.01 20:56:52.895,1.48533,1.48589,1.00,1.00
2016.07.01 20:56:53.048,1.4853,1.48588,1.00,1.00
2016.07.01 20:56:53.150,1.48533,1.4859,1.00,1.00
2016.07.01 20:56:54.948,1.48533,1.48591,1.00,1.00
2016.07.01 20:56:55.316,1.48533,1.48587,1.00,1.00
2016.07.01 20:56:56.364,1.48533,1.48592,1.00,1.12
2016.07.01 20:56:56.415,1.48531,1.48589,1.00,1.00
2016.07.01 20:56:57.008,1.48528,1.48589,1.00,1.12
2016.07.01 20:56:58.037,1.48529,1.48583,1.00,1.00
2016.07.01 20:56:59.951,1.48528,1.48584,1.00,1.00
2016.07.01 20:57:00.488,1.48529,1.48583,1.00,1.00
2016.07.01 20:57:01.631,1.48529,1.48592,1.00,1.37
2016.07.01 20:57:01.682,1.48532,1.48592,1.00,1.37
2016.07.01 20:57:01.784,1.48532,1.48593,1.00,1.37
2016.07.01 20:57:02.041,1.48532,1.48593,1.00,1.37
2016.07.01 20:57:02.621,1.48532,1.48578,1.00,1.00
2016.07.01 20:57:02.946,1.48532,1.48577,1.00,1.37
2016.07.01 20:57:07.954,1.48532,1.48578,1.00,1.37
2016.07.01 20:57:10.911,1.48531,1.4858,1.00,1.37
2016.07.01 20:57:13.010,1.48533,1.4858,1.00,1.37
2016.07.01 20:57:13.062,1.48533,1.4858,1.00,1.37
2016.07.01 20:57:13.523,1.48529,1.4858,1.00,1.37
2016.07.01 20:57:14.370,1.48518,1.48579,2.25,1.00
2016.07.01 20:57:14.748,1.48519,1.48567,1.50,1.37
2016.07.01 20:57:14.953,1.4852,1.4857,1.00,1.37
2016.07.01 20:57:15.233,1.4852,1.48564,1.00,1.00
2016.07.01 20:57:15.537,1.4852,1.48564,1.00,1.37
2016.07.01 20:57:16.087,1.48521,1.48564,1.00,1.37
2016.07.01 20:57:17.472,1.48522,1.48565,1.37,1.50
2016.07.01 20:57:17.573,1.48521,1.48564,1.00,1.37
2016.07.01 20:57:17.675,1.48521,1.48578,1.37,1.37
2016.07.01 20:57:17.776,1.48521,1.48568,1.00,1.37
2016.07.01 20:57:17.878,1.48521,1.48568,1.37,1.00
2016.07.01 20:57:17.980,1.48521,1.48565,1.00,1.37
2016.07.01 20:57:18.081,1.48521,1.48568,1.00,1.37
2016.07.01 20:57:18.186,1.48521,1.48578,1.37,1.37
2016.07.01 20:57:18.237,1.48512,1.48565,1.75,1.00
2016.07.01 20:57:18.288,1.48512,1.48565,1.00,1.37
2016.07.01 20:57:19.277,1.48513,1.48564,1.00,1.37
2016.07.01 20:57:19.775,1.48513,1.48567,1.37,1.37
2016.07.01 20:57:20.365,1.48515,1.48566,1.00,1.37
2016.07.01 20:57:20.885,1.48516,1.48566,1.00,1.37
2016.07.01 20:57:21.487,1.48516,1.48563,1.00,1.37
2016.07.01 20:57:22.077,1.48515,1.48564,1.00,1.37
2016.07.01 20:57:23.371,1.48516,1.48563,1.00,1.37
2016.07.01 20:57:23.472,1.48515,1.48564,1.00,1.37
2016.07.01 20:57:23.992,1.48516,1.48563,1.12,1.37
2016.07.01 20:57:24.553,1.48517,1.48563,1.00,1.37
2016.07.01 20:57:25.116,1.48516,1.48564,1.00,1.37
2016.07.01 20:57:25.627,1.48517,1.48563,1.00,1.37
2016.07.01 20:57:27.777,1.48516,1.48564,1.00,1.37
2016.07.01 20:57:27.878,1.48516,1.48568,1.00,1.37
2016.07.01 20:57:28.346,1.4852,1.48568,1.00,1.37
2016.07.01 20:57:28.768,1.48521,1.48567,1.37,1.37
2016.07.01 20:57:30.898,1.48521,1.48563,1.37,1.37
2016.07.01 20:57:32.351,1.48521,1.48563,1.00,1.37
2016.07.01 20:57:32.682,1.48519,1.48563,1.00,1.37
2016.07.01 20:57:32.733,1.48512,1.48563,1.12,1.37
2016.07.01 20:57:32.784,1.48512,1.48562,1.12,1.75
2016.07.01 20:57:32.886,1.48506,1.48551,1.00,1.37
2016.07.01 20:57:32.988,1.48506,1.4855,1.00,1.37
2016.07.01 20:57:33.039,1.485,1.4855,1.00,1.37
2016.07.01 20:57:33.090,1.485,1.48551,1.00,2.25
2016.07.01 20:57:33.395,1.48513,1.48542,1.00,1.00
2016.07.01 20:57:33.858,1.48513,1.48546,1.37,1.00
2016.07.01 20:57:33.909,1.48513,1.48553,1.37,1.00
2016.07.01 20:57:34.011,1.48514,1.48554,1.12,1.00
2016.07.01 20:57:34.062,1.48512,1.4856,1.37,1.50
2016.07.01 20:57:34.113,1.48512,1.4856,1.75,1.00
2016.07.01 20:57:34.417,1.48518,1.48553,1.37,1.00
2016.07.01 20:57:34.683,1.48513,1.48555,1.00,1.00
2016.07.01 20:57:35.337,1.48512,1.48556,1.50,1.12
2016.07.01 20:57:35.711,1.48515,1.48553,1.00,1.00
2016.07.01 20:57:36.217,1.48516,1.48553,1.00,1.00
2016.07.01 20:57:36.846,1.48516,1.48554,1.00,1.00
2016.07.01 20:57:37.185,1.48517,1.48553,1.00,1.37
2016.07.01 20:57:37.729,1.48518,1.48554,1.00,1.37
2016.07.01 20:57:38.220,1.4852,1.48553,1.00,1.37
2016.07.01 20:57:38.528,1.48519,1.48554,1.00,1.12
2016.07.01 20:57:38.835,1.48521,1.48562,1.00,1.12
2016.07.01 20:57:39.038,1.4851,1.48562,1.50,1.37
2016.07.01 20:57:39.140,1.48512,1.48563,1.00,1.37
2016.07.01 20:57:39.742,1.48511,1.48563,1.00,1.37
2016.07.01 20:57:40.505,1.48512,1.48563,1.00,1.37
2016.07.01 20:57:41.171,1.48524,1.48574,1.87,1.12
2016.07.01 20:57:41.222,1.48514,1.48574,1.37,1.00
2016.07.01 20:57:41.324,1.48513,1.48574,2.25,1.00
2016.07.01 20:57:41.425,1.48513,1.48574,1.12,1.00
2016.07.01 20:57:41.854,1.48515,1.48579,1.00,1.37
2016.07.01 20:57:42.363,1.48515,1.48579,1.37,1.37
2016.07.01 20:57:43.405,1.48516,1.48578,1.00,1.37
2016.07.01 20:57:44.410,1.48517,1.48577,1.00,1.37
2016.07.01 20:57:45.048,1.48516,1.48578,1.37,1.37
2016.07.01 20:57:45.910,1.4851,1.48577,1.50,1.37
2016.07.01 20:57:46.012,1.4851,1.48568,1.00,1.00
2016.07.01 20:57:46.063,1.48508,1.48568,1.50,1.00
2016.07.01 20:57:46.266,1.48508,1.48566,1.00,1.00
2016.07.01 20:57:46.570,1.48512,1.48566,1.00,1.37
2016.07.01 20:57:47.072,1.48513,1.48566,1.00,1.37
2016.07.01 20:57:47.753,1.48512,1.48566,1.00,1.12
2016.07.01 20:57:48.864,1.48512,1.48563,1.00,1.00
2016.07.01 20:57:49.591,1.48513,1.48563,1.00,1.00
2016.07.01 20:57:50.115,1.4851,1.48563,1.00,1.00
2016.07.01 20:57:52.158,1.48509,1.48563,1.00,1.00
2016.07.01 20:57:52.743,1.4851,1.48563,1.00,1.00
2016.07.01 20:57:53.349,1.4851,1.48561,1.00,1.00
2016.07.01 20:57:55.253,1.48509,1.48561,1.00,1.00
2016.07.01 20:57:57.522,1.48508,1.48561,2.25,1.00
2016.07.01 20:57:58.423,1.48512,1.48561,1.00,1.00
2016.07.01 20:57:58.737,1.48507,1.48561,1.50,1.00
2016.07.01 20:57:59.503,1.48507,1.48559,1.00,1.00
2016.07.01 20:58:00.130,1.48508,1.48559,1.00,1.00
2016.07.01 20:58:00.209,1.48508,1.48563,1.00,1.00
2016.07.01 20:58:00.260,1.48517,1.48563,1.00,1.00
2016.07.01 20:58:00.962,1.48516,1.48563,1.00,1.00
2016.07.01 20:58:01.957,1.48517,1.48563,1.00,1.00
2016.07.01 20:58:02.333,1.48517,1.48558,1.00,1.00
2016.07.01 20:58:05.773,1.4852,1.48558,1.00,1.00
2016.07.01 20:58:06.874,1.48523,1.48558,1.00,1.00
2016.07.01 20:58:10.467,1.48522,1.48558,1.00,1.00
2016.07.01 20:58:11.766,1.48523,1.48562,1.00,1.00
2016.07.01 20:58:13.344,1.48523,1.4856,1.00,1.00
2016.07.01 20:58:15.539,1.48522,1.4856,1.00,1.00
2016.07.01 20:58:16.040,1.48523,1.4856,1.00,1.00
2016.07.01 20:58:16.597,1.48522,1.4856,1.00,1.00
2016.07.01 20:58:17.142,1.48523,1.4856,1.00,1.00
2016.07.01 20:58:17.451,1.48525,1.48561,1.00,1.00
2016.07.01 20:58:18.061,1.48526,1.48561,1.00,1.00
2016.07.01 20:58:19.393,1.48526,1.48563,1.00,1.00
2016.07.01 20:58:19.671,1.48524,1.48563,1.50,1.00
2016.07.01 20:58:20.382,1.48524,1.48564,1.50,1.00
2016.07.01 20:58:20.885,1.48524,1.48565,1.50,1.00
2016.07.01 20:58:21.447,1.48523,1.48565,1.50,1.00
2016.07.01 20:58:22.074,1.48524,1.48565,1.00,1.00
2016.07.01 20:58:22.947,1.4852,1.48565,1.00,1.00
2016.07.01 20:58:23.548,1.48521,1.48565,1.00,1.00
2016.07.01 20:58:24.073,1.4852,1.48565,1.00,1.00
2016.07.01 20:58:24.674,1.48521,1.48565,1.00,1.00
2016.07.01 20:58:25.250,1.4852,1.48565,1.00,1.00
2016.07.01 20:58:28.347,1.4852,1.48563,1.00,1.00
2016.07.01 20:58:28.853,1.48525,1.48563,1.00,1.00
2016.07.01 20:58:29.366,1.48525,1.48564,1.00,1.00
2016.07.01 20:58:29.868,1.48524,1.48564,1.00,1.00
2016.07.01 20:58:29.954,1.48521,1.48564,1.00,1.00
2016.07.01 20:58:30.055,1.48521,1.48567,1.00,1.00
2016.07.01 20:58:30.655,1.48517,1.48567,1.00,1.00
2016.07.01 20:58:30.860,1.48514,1.48565,1.00,1.00
2016.07.01 20:58:31.027,1.4851,1.48565,1.00,1.00
2016.07.01 20:58:31.256,1.48513,1.48565,1.00,1.00
2016.07.01 20:58:31.358,1.48509,1.48565,1.00,1.00
2016.07.01 20:58:31.721,1.48512,1.48564,1.00,1.00
2016.07.01 20:58:32.048,1.48515,1.48564,1.00,1.00
2016.07.01 20:58:34.759,1.48514,1.48564,1.00,1.00
2016.07.01 20:58:35.100,1.48517,1.48564,1.00,1.00
2016.07.01 20:58:35.860,1.48518,1.48564,1.00,1.00
2016.07.01 20:58:36.160,1.48512,1.48564,1.50,1.00
2016.07.01 20:58:36.839,1.48512,1.48562,1.00,1.00
2016.07.01 20:58:37.142,1.48511,1.48564,1.00,1.00
2016.07.01 20:58:37.400,1.48515,1.48564,1.00,1.00
2016.07.01 20:58:37.912,1.48514,1.48564,1.00,1.00
2016.07.01 20:58:39.295,1.48512,1.48564,1.00,1.00
2016.07.01 20:58:40.548,1.48512,1.48561,1.00,1.00
2016.07.01 20:58:40.599,1.48507,1.48561,1.00,1.00
2016.07.01 20:58:40.650,1.48497,1.48561,1.00,1.00
2016.07.01 20:58:40.701,1.48492,1.48561,1.00,1.00
2016.07.01 20:58:40.752,1.48483,1.48559,1.00,1.00
2016.07.01 20:58:50.920,1.48498,1.48559,1.00,1.00
2016.07.01 20:58:51.225,1.48507,1.4856,1.00,1.00
2016.07.01 20:58:51.568,1.48511,1.4856,1.00,1.00
2016.07.01 20:58:52.015,1.48505,1.4856,1.00,1.00
2016.07.01 20:58:52.116,1.485,1.4856,1.00,1.00
2016.07.01 20:58:52.217,1.48482,1.4856,1.00,1.00
2016.07.01 20:58:53.667,1.48486,1.48568,1.00,1.00
2016.07.01 20:58:54.413,1.48482,1.48568,1.00,1.00
2016.07.01 20:58:55.466,1.48491,1.48569,1.00,1.50
2016.07.01 20:58:55.618,1.48519,1.48603,1.00,1.50
2016.07.01 20:58:55.669,1.48519,1.48608,1.00,1.00
2016.07.01 20:58:55.719,1.48519,1.48606,1.00,1.00
2016.07.01 20:58:56.023,1.48519,1.48601,1.00,1.00
2016.07.01 20:58:56.328,1.48517,1.48594,1.00,1.00
2016.07.01 20:58:56.631,1.48519,1.48586,1.00,1.00
2016.07.01 20:58:57.200,1.48519,1.48587,1.00,1.00
2016.07.01 20:58:58.256,1.48518,1.48587,1.00,1.00
2016.07.01 20:58:59.069,1.48513,1.48587,1.00,1.00
2016.07.01 20:59:00.073,1.48515,1.48587,1.00,1.00
2016.07.01 20:59:00.357,1.48504,1.48587,1.50,1.00
2016.07.01 20:59:00.820,1.48505,1.48585,1.00,1.00
2016.07.01 20:59:01.123,1.4851,1.48586,1.00,1.00
2016.07.01 20:59:01.587,1.48507,1.48586,1.00,1.00
2016.07.01 20:59:02.137,1.48511,1.48585,0.75,0.75
2016.07.01 20:59:02.238,1.48507,1.48585,0.75,0.75
2016.07.01 20:59:02.390,1.48572,1.48586,0.75,0.75
2016.07.01 20:59:02.491,1.48567,1.48586,0.75,0.75
2016.07.01 20:59:02.542,1.48507,1.48586,0.75,0.75
2016.07.01 20:59:03.012,1.48509,1.48585,0.75,0.75
2016.07.01 20:59:05.690,1.48508,1.48592,0.75,0.75
2016.07.01 20:59:06.212,1.48508,1.48587,0.75,0.75
2016.07.01 20:59:06.691,1.48509,1.48585,0.75,0.75
2016.07.01 20:59:07.269,1.48509,1.48584,0.75,0.75
2016.07.01 20:59:07.871,1.48508,1.48584,0.75,0.75
2016.07.01 20:59:07.992,1.48503,1.48584,0.75,0.75
2016.07.01 20:59:08.499,1.48505,1.48583,0.75,0.75
2016.07.01 20:59:09.026,1.48506,1.48583,0.75,0.75
2016.07.01 20:59:09.579,1.48506,1.48584,0.75,0.75
2016.07.01 20:59:10.145,1.48507,1.48584,0.75,0.75
2016.07.01 20:59:10.678,1.48508,1.48584,0.75,0.75
2016.07.01 20:59:11.812,1.48504,1.48583,0.75,0.75
2016.07.01 20:59:12.346,1.48503,1.48583,0.75,0.75
2016.07.01 20:59:12.972,1.48503,1.48587,0.75,0.75
2016.07.01 20:59:13.073,1.48503,1.48576,0.75,0.75
2016.07.01 20:59:13.798,1.48504,1.48576,0.75,0.75
2016.07.01 20:59:14.349,1.48503,1.48578,1.50,0.75
2016.07.01 20:59:14.877,1.48504,1.48578,0.75,0.75
2016.07.01 20:59:15.213,1.48505,1.48575,0.75,0.75
2016.07.01 20:59:15.567,1.48506,1.48569,0.75,0.75
2016.07.01 20:59:16.400,1.48508,1.48569,0.75,0.75
2016.07.01 20:59:16.451,1.48508,1.48575,0.75,0.75
2016.07.01 20:59:17.225,1.48509,1.48575,0.75,0.75
2016.07.01 20:59:19.397,1.48509,1.48579,0.75,0.75
2016.07.01 20:59:20.357,1.48509,1.48589,0.75,0.75
2016.07.01 20:59:20.789,1.48509,1.48584,0.75,0.75
2016.07.01 20:59:21.306,1.4851,1.48584,0.75,0.75
2016.07.01 20:59:21.899,1.48511,1.48584,0.75,0.75
2016.07.01 20:59:22.910,1.4851,1.48584,0.75,0.75
2016.07.01 20:59:23.443,1.48511,1.48585,0.75,0.75
2016.07.01 20:59:25.429,1.48511,1.48586,0.75,0.75
2016.07.01 20:59:28.347,1.48503,1.48595,0.75,0.75
2016.07.01 20:59:28.841,1.48507,1.48594,0.75,0.75
2016.07.01 20:59:29.373,1.48507,1.4859,0.75,0.75
2016.07.01 20:59:29.444,1.48507,1.48595,0.75,0.75
2016.07.01 20:59:29.813,1.48509,1.48594,0.75,0.75
2016.07.01 20:59:30.231,1.48508,1.48591,0.75,0.75
2016.07.01 20:59:30.313,1.48504,1.48591,0.75,0.75
2016.07.01 20:59:30.393,1.48504,1.48594,0.75,0.75
2016.07.01 20:59:31.156,1.48503,1.48595,0.75,0.75
2016.07.01 20:59:31.434,1.48503,1.4859,0.75,0.75
2016.07.01 20:59:31.737,1.48503,1.48595,0.75,0.75
2016.07.01 20:59:32.543,1.48504,1.48594,0.75,0.75
2016.07.01 20:59:33.045,1.48503,1.48595,0.75,0.75
2016.07.01 20:59:35.932,1.48504,1.48594,0.75,0.75
2016.07.01 20:59:36.438,1.48503,1.48595,0.75,0.75
2016.07.01 20:59:40.568,1.48504,1.48594,0.75,0.75
2016.07.01 20:59:40.769,1.4846,1.48616,0.75,0.75
2016.07.01 20:59:41.396,1.4846,1.48618,0.75,0.75
