2016.02.09 21:00:00.191,1.59812,1.59839,0.37,0.75
2016.02.09 21:00:00.243,1.59817,1.5984,0.37,0.33
2016.02.09 21:00:00.551,1.59808,1.59827,0.37,0.75
2016.02.09 21:00:00.604,1.59804,1.59829,0.19,0.37
2016.02.09 21:00:00.756,1.59804,1.59827,0.19,0.75
2016.02.09 21:00:01.062,1.59801,1.59827,0.10,0.75
2016.02.09 21:00:01.164,1.59801,1.59825,0.10,0.37
2016.02.09 21:00:01.907,1.59808,1.59825,0.10,0.37
2016.02.09 21:00:01.958,1.59808,1.59831,0.10,0.37
2016.02.09 21:00:02.212,1.59808,1.59825,0.10,1.12
2016.02.09 21:00:03.174,1.59808,1.59829,0.10,0.37
2016.02.09 21:00:03.276,1.59807,1.59833,0.10,1.12
2016.02.09 21:00:03.530,1.59807,1.5983,0.10,0.75
2016.02.09 21:00:03.592,1.59801,1.59829,0.75,0.37
2016.02.09 21:00:03.643,1.59801,1.59827,0.75,0.75
2016.02.09 21:00:03.796,1.59798,1.59825,0.37,0.33
2016.02.09 21:00:03.897,1.59793,1.59823,0.75,0.37
2016.02.09 21:00:03.948,1.59796,1.59823,0.37,0.37
2016.02.09 21:00:03.999,1.59796,1.59825,0.75,0.33
2016.02.09 21:00:04.406,1.59796,1.59823,0.75,0.75
2016.02.09 21:00:04.457,1.59791,1.59819,0.10,0.37
2016.02.09 21:00:04.508,1.59791,1.59813,0.10,0.75
2016.02.09 21:00:04.559,1.59785,1.5981,0.75,0.75
2016.02.09 21:00:04.610,1.59782,1.5981,0.75,0.75
2016.02.09 21:00:04.964,1.59784,1.59815,0.37,0.37
2016.02.09 21:00:05.015,1.59784,1.59812,0.37,0.75
2016.02.09 21:00:07.225,1.59784,1.59813,1.87,0.14
2016.02.09 21:00:07.478,1.59784,1.59815,1.12,0.75
2016.02.09 21:00:08.023,1.59784,1.59816,1.12,1.08
2016.02.09 21:00:08.231,1.59784,1.59812,0.37,1.12
2016.02.09 21:00:08.283,1.59782,1.59812,0.10,1.50
2016.02.09 21:00:08.730,1.5978,1.59812,0.10,1.50
2016.02.09 21:00:10.189,1.59779,1.59812,0.75,1.50
2016.02.09 21:00:10.341,1.59779,1.59808,0.75,0.75
2016.02.09 21:00:10.595,1.59777,1.59807,0.75,0.37
2016.02.09 21:00:11.117,1.59778,1.59807,0.19,0.37
2016.02.09 21:00:11.472,1.5978,1.59811,0.75,0.75
2016.02.09 21:00:11.978,1.59783,1.59812,0.75,0.37
2016.02.09 21:00:12.282,1.59786,1.59816,0.37,0.94
2016.02.09 21:00:12.547,1.59786,1.59813,0.37,0.75
2016.02.09 21:00:13.787,1.5978,1.59811,1.31,0.75
2016.02.09 21:00:13.895,1.5978,1.59809,0.37,0.75
2016.02.09 21:00:13.997,1.59775,1.59808,1.12,0.37
2016.02.09 21:00:14.504,1.59776,1.59808,0.75,0.37
2016.02.09 21:00:17.421,1.59775,1.59808,1.12,0.37
2016.02.09 21:00:20.175,1.59775,1.59807,1.12,0.19
2016.02.09 21:00:21.734,1.59776,1.59807,0.75,0.19
2016.02.09 21:00:22.265,1.5978,1.59807,0.75,0.19
2016.02.09 21:00:23.152,1.5978,1.59811,1.12,0.37
2016.02.09 21:00:23.839,1.59783,1.59811,0.75,0.37
2016.02.09 21:00:24.244,1.59785,1.59811,0.75,0.37
2016.02.09 21:00:26.701,1.59785,1.59813,0.94,0.37
2016.02.09 21:00:27.410,1.59788,1.59813,0.75,0.37
2016.02.09 21:00:27.714,1.59788,1.59811,0.75,0.37
2016.02.09 21:00:30.239,1.59786,1.59811,0.75,0.37
2016.02.09 21:00:30.442,1.59783,1.59811,0.75,0.37
2016.02.09 21:00:30.544,1.59783,1.59809,0.75,0.37
2016.02.09 21:00:30.646,1.5978,1.59809,1.87,0.37
2016.02.09 21:00:31.104,1.59784,1.59809,0.75,0.37
2016.02.09 21:00:31.612,1.59785,1.59809,0.37,0.37
2016.02.09 21:00:35.142,1.59782,1.59801,0.37,0.37
2016.02.09 21:00:35.243,1.59777,1.59801,0.45,0.37
2016.02.09 21:00:35.294,1.59775,1.59801,0.67,0.37
2016.02.09 21:00:35.346,1.59773,1.59789,0.67,0.37
2016.02.09 21:00:37.508,1.59774,1.59789,0.75,0.37
2016.02.09 21:00:37.855,1.59779,1.59789,0.37,0.37
2016.02.09 21:00:38.362,1.59779,1.59797,0.37,0.37
2016.02.09 21:00:40.222,1.59779,1.59803,0.75,0.37
2016.02.09 21:00:40.729,1.5978,1.59803,0.75,0.37
2016.02.09 21:00:41.867,1.5978,1.59809,0.75,0.37
2016.02.09 21:00:42.273,1.59782,1.59809,0.75,0.37
2016.02.09 21:00:42.779,1.59783,1.59809,1.12,0.37
2016.02.09 21:00:45.325,1.59782,1.59809,0.75,0.37
2016.02.09 21:00:52.864,1.59782,1.59808,0.37,0.37
2016.02.09 21:00:55.829,1.59782,1.5981,0.37,0.75
2016.02.09 21:00:55.972,1.59787,1.59812,0.75,0.75
2016.02.09 21:00:56.074,1.59787,1.59815,0.75,0.37
2016.02.09 21:00:56.580,1.59787,1.59814,0.75,0.37
2016.02.09 21:00:57.194,1.59786,1.59814,1.50,0.37
2016.02.09 21:00:57.297,1.59791,1.59817,0.75,0.37
2016.02.09 21:00:57.655,1.59793,1.59817,0.75,0.37
2016.02.09 21:00:58.166,1.59792,1.59817,0.75,0.37
2016.02.09 21:00:58.572,1.59785,1.59817,1.50,0.37
2016.02.09 21:00:59.313,1.59786,1.59817,0.75,0.37
2016.02.09 21:01:00.068,1.59785,1.59817,0.75,0.37
2016.02.09 21:01:00.119,1.59784,1.5981,1.12,0.37
2016.02.09 21:01:00.656,1.59783,1.5981,0.75,0.37
2016.02.09 21:01:02.229,1.59785,1.5981,0.75,0.37
2016.02.09 21:01:03.460,1.59786,1.5981,0.75,0.37
2016.02.09 21:01:03.969,1.59785,1.5981,0.75,0.37
2016.02.09 21:01:04.656,1.59787,1.5981,0.75,0.37
2016.02.09 21:01:04.909,1.59785,1.5981,0.75,0.37
2016.02.09 21:01:05.455,1.59784,1.59811,0.75,0.75
2016.02.09 21:01:05.865,1.59785,1.59813,0.75,0.37
2016.02.09 21:01:15.498,1.59784,1.59813,0.75,1.12
2016.02.09 21:01:16.106,1.59782,1.59811,0.75,0.75
2016.02.09 21:01:16.410,1.59776,1.59805,0.75,0.75
2016.02.09 21:01:18.820,1.59772,1.598,0.37,0.75
2016.02.09 21:01:19.124,1.59771,1.59797,0.37,0.75
2016.02.09 21:01:20.135,1.5977,1.59797,0.75,0.75
2016.02.09 21:01:21.147,1.59769,1.59798,1.50,0.75
2016.02.09 21:01:21.451,1.59769,1.59795,0.75,0.75
2016.02.09 21:01:22.198,1.59769,1.59798,1.50,0.75
2016.02.09 21:01:27.560,1.59769,1.59796,0.75,0.75
2016.02.09 21:01:27.888,1.59763,1.5979,0.75,0.75
2016.02.09 21:01:28.395,1.59763,1.59791,0.75,0.37
2016.02.09 21:01:29.148,1.59766,1.59791,0.75,0.37
2016.02.09 21:01:29.351,1.59764,1.59791,0.75,0.37
2016.02.09 21:01:29.819,1.59765,1.59794,0.75,0.75
2016.02.09 21:01:29.921,1.59767,1.59794,0.75,0.75
2016.02.09 21:01:34.569,1.59768,1.59797,0.75,1.12
2016.02.09 21:01:36.677,1.59769,1.59797,0.75,0.75
2016.02.09 21:01:36.780,1.59771,1.59799,0.75,1.12
2016.02.09 21:01:37.085,1.5977,1.59796,0.75,0.37
2016.02.09 21:01:37.188,1.59768,1.59795,0.75,0.75
2016.02.09 21:01:37.239,1.59766,1.59793,0.75,0.75
2016.02.09 21:01:37.441,1.59767,1.59796,0.75,1.12
2016.02.09 21:01:40.145,1.59769,1.59796,0.75,0.75
2016.02.09 21:01:45.328,1.59766,1.59795,0.75,0.75
2016.02.09 21:01:45.429,1.59768,1.59797,0.75,0.75
2016.02.09 21:01:46.039,1.59771,1.59798,0.75,1.50
2016.02.09 21:01:46.647,1.59771,1.59796,0.75,0.37
2016.02.09 21:01:47.964,1.5977,1.59791,0.75,0.37
2016.02.09 21:01:48.469,1.59769,1.59791,0.75,0.37
2016.02.09 21:01:48.929,1.59763,1.59791,0.75,0.37
2016.02.09 21:01:49.994,1.59764,1.59791,0.75,0.37
2016.02.09 21:01:52.046,1.59763,1.5979,0.75,0.75
2016.02.09 21:01:57.221,1.59762,1.59789,1.12,0.75
2016.02.09 21:01:58.051,1.59765,1.59791,0.75,0.37
2016.02.09 21:01:58.325,1.59767,1.59794,0.75,0.75
2016.02.09 21:01:58.882,1.59768,1.59794,0.37,0.75
2016.02.09 21:01:58.933,1.59769,1.59798,0.75,0.75
2016.02.09 21:01:59.136,1.59771,1.59799,0.75,0.37
2016.02.09 21:01:59.643,1.59772,1.59799,0.75,0.37
2016.02.09 21:02:00.011,1.5977,1.59797,1.12,0.75
2016.02.09 21:02:00.519,1.5977,1.59796,0.75,0.37
2016.02.09 21:02:00.823,1.59776,1.59802,0.75,0.37
2016.02.09 21:02:00.925,1.59777,1.59805,0.75,0.37
2016.02.09 21:02:01.727,1.59784,1.59805,1.12,0.37
2016.02.09 21:02:02.132,1.59783,1.59812,1.12,0.75
2016.02.09 21:02:02.234,1.59787,1.59814,0.75,1.12
2016.02.09 21:02:03.526,1.5979,1.59814,0.75,0.37
2016.02.09 21:02:04.180,1.59793,1.59814,0.75,0.37
2016.02.09 21:02:04.484,1.59797,1.59814,0.75,0.37
2016.02.09 21:02:05.345,1.59797,1.59818,0.75,0.19
2016.02.09 21:02:07.537,1.59797,1.59824,0.75,1.50
2016.02.09 21:02:10.346,1.59799,1.59824,0.75,1.50
2016.02.09 21:02:10.650,1.59799,1.59821,0.75,0.37
2016.02.09 21:02:12.264,1.59801,1.59821,0.75,0.37
2016.02.09 21:02:12.467,1.59799,1.59821,1.12,0.37
2016.02.09 21:02:13.202,1.59801,1.59821,0.75,0.37
2016.02.09 21:02:13.753,1.598,1.59821,0.75,0.37
2016.02.09 21:02:14.301,1.59801,1.59821,0.75,0.37
2016.02.09 21:02:17.318,1.59801,1.59819,0.75,1.50
2016.02.09 21:02:17.649,1.59799,1.59815,0.37,0.37
2016.02.09 21:02:19.106,1.59799,1.59811,1.12,0.37
2016.02.09 21:02:19.733,1.59797,1.59805,1.12,0.37
2016.02.09 21:02:19.834,1.59794,1.59805,0.37,0.37
2016.02.09 21:02:19.885,1.59794,1.59814,0.37,0.75
2016.02.09 21:02:19.936,1.59787,1.5981,0.75,0.75
2016.02.09 21:02:20.038,1.59786,1.59813,1.12,0.75
2016.02.09 21:02:20.545,1.59788,1.59814,0.75,0.75
2016.02.09 21:02:21.075,1.59787,1.59814,0.75,1.50
2016.02.09 21:02:21.380,1.59786,1.59812,0.37,0.75
2016.02.09 21:02:21.886,1.59786,1.59813,0.37,0.75
2016.02.09 21:02:27.376,1.59792,1.59814,0.37,0.75
2016.02.09 21:02:27.427,1.59793,1.59816,0.75,0.75
2016.02.09 21:02:27.479,1.59795,1.5982,0.37,1.50
2016.02.09 21:02:27.581,1.59795,1.59823,0.75,1.12
2016.02.09 21:02:27.986,1.59797,1.59823,0.75,0.37
2016.02.09 21:02:28.315,1.59796,1.59815,0.75,0.37
2016.02.09 21:02:28.629,1.59798,1.59815,0.75,0.37
2016.02.09 21:02:29.134,1.59796,1.59815,0.75,0.37
2016.02.09 21:02:30.250,1.59797,1.59815,0.75,0.37
2016.02.09 21:02:30.555,1.598,1.59815,0.75,0.37
2016.02.09 21:02:32.063,1.598,1.59819,0.75,0.37
2016.02.09 21:02:33.534,1.59805,1.59819,0.37,0.37
2016.02.09 21:02:35.049,1.59805,1.59818,0.37,0.37
2016.02.09 21:02:37.149,1.59805,1.59816,0.37,0.37
2016.02.09 21:02:37.352,1.59803,1.59816,0.37,0.37
2016.02.09 21:02:37.935,1.59802,1.59816,0.37,0.37
2016.02.09 21:02:38.544,1.598,1.59816,0.75,0.37
2016.02.09 21:02:39.330,1.598,1.59813,0.75,0.37
2016.02.09 21:02:42.764,1.598,1.59812,0.37,0.33
2016.02.09 21:02:43.543,1.59799,1.59812,0.37,0.33
2016.02.09 21:02:43.870,1.59797,1.59812,0.75,0.33
2016.02.09 21:02:45.827,1.59797,1.59823,0.75,0.33
2016.02.09 21:02:50.454,1.59797,1.59824,0.75,0.75
2016.02.09 21:02:54.759,1.59798,1.59825,0.75,0.75
2016.02.09 21:02:55.422,1.59798,1.59823,0.75,0.75
2016.02.09 21:02:55.625,1.59789,1.59816,0.75,0.75
2016.02.09 21:02:55.676,1.59792,1.59816,0.37,0.75
2016.02.09 21:02:55.829,1.59792,1.59821,1.12,1.12
2016.02.09 21:02:55.934,1.59795,1.59822,0.75,0.75
2016.02.09 21:02:56.237,1.59797,1.59823,0.75,0.75
2016.02.09 21:02:56.339,1.59794,1.59822,0.37,0.75
2016.02.09 21:02:56.441,1.59796,1.59824,0.75,1.12
2016.02.09 21:02:56.949,1.59796,1.59825,0.75,1.50
2016.02.09 21:02:57.872,1.59798,1.59825,0.75,0.75
2016.02.09 21:03:02.404,1.59798,1.59827,0.75,1.55
2016.02.09 21:03:02.455,1.598,1.59827,0.75,0.80
2016.02.09 21:03:02.764,1.59805,1.5983,0.75,0.42
2016.02.09 21:03:03.765,1.59805,1.59832,0.75,0.80
2016.02.09 21:03:06.469,1.59807,1.59831,0.75,0.37
2016.02.09 21:03:06.774,1.59811,1.59837,0.75,0.37
2016.02.09 21:03:08.460,1.59811,1.59827,0.75,0.37
2016.02.09 21:03:13.068,1.59809,1.59827,1.50,0.37
2016.02.09 21:03:16.078,1.59809,1.59823,1.50,0.37
2016.02.09 21:03:16.382,1.59805,1.59823,1.12,0.37
2016.02.09 21:03:17.833,1.59805,1.59819,0.75,0.37
2016.02.09 21:03:18.154,1.59808,1.59819,0.37,0.37
2016.02.09 21:03:18.452,1.59806,1.59819,0.37,0.37
2016.02.09 21:03:19.712,1.59806,1.59828,0.37,1.50
2016.02.09 21:03:20.313,1.59807,1.59828,0.37,1.50
2016.02.09 21:03:21.415,1.59806,1.59828,0.37,1.50
2016.02.09 21:03:21.929,1.59807,1.59828,0.37,1.50
2016.02.09 21:03:22.475,1.59806,1.59828,0.37,1.50
2016.02.09 21:03:22.983,1.59807,1.59828,0.37,1.50
2016.02.09 21:03:25.071,1.59805,1.59828,0.75,1.50
2016.02.09 21:03:25.427,1.59803,1.59828,0.37,1.50
2016.02.09 21:03:26.848,1.59804,1.59828,0.37,1.50
2016.02.09 21:03:29.105,1.59804,1.59827,0.37,0.75
2016.02.09 21:03:29.157,1.59803,1.59824,0.75,1.50
2016.02.09 21:03:29.309,1.598,1.59824,1.12,1.50
2016.02.09 21:03:29.613,1.598,1.59819,1.12,0.42
2016.02.09 21:03:30.157,1.59801,1.59819,0.37,0.42
2016.02.09 21:03:31.870,1.598,1.59819,0.37,0.42
2016.02.09 21:03:31.921,1.59801,1.59827,0.75,0.80
2016.02.09 21:03:31.972,1.59803,1.59828,0.75,0.42
2016.02.09 21:03:32.023,1.59807,1.59832,0.75,0.75
2016.02.09 21:03:32.125,1.59813,1.5984,0.75,1.12
2016.02.09 21:03:32.176,1.59815,1.59841,0.75,0.37
2016.02.09 21:03:32.682,1.59815,1.59842,0.75,1.87
2016.02.09 21:03:32.987,1.59814,1.59836,1.12,0.75
2016.02.09 21:03:34.884,1.59814,1.59831,1.12,0.37
2016.02.09 21:03:34.986,1.59812,1.5983,0.37,0.75
2016.02.09 21:03:35.038,1.59804,1.5983,0.37,0.75
2016.02.09 21:03:35.140,1.598,1.59829,1.12,0.75
2016.02.09 21:03:35.650,1.598,1.5982,1.12,0.37
2016.02.09 21:03:36.133,1.59804,1.5982,0.75,0.37
2016.02.09 21:03:36.184,1.59804,1.59829,0.75,0.37
2016.02.09 21:03:36.286,1.59809,1.59829,0.37,0.37
2016.02.09 21:03:37.563,1.5981,1.59829,0.75,0.37
2016.02.09 21:03:37.869,1.59812,1.59829,0.75,0.37
2016.02.09 21:03:40.290,1.59812,1.59833,0.75,0.37
2016.02.09 21:03:40.955,1.59813,1.59833,0.75,0.37
2016.02.09 21:03:41.016,1.59819,1.59833,0.37,0.37
2016.02.09 21:03:41.923,1.59819,1.59825,0.37,0.37
2016.02.09 21:03:42.025,1.5981,1.59825,0.75,0.37
2016.02.09 21:03:44.455,1.5981,1.59826,0.75,0.37
2016.02.09 21:03:48.880,1.59811,1.59826,0.75,0.37
2016.02.09 21:03:54.181,1.59808,1.59826,0.75,0.30
2016.02.09 21:03:54.713,1.59807,1.59826,0.75,0.30
2016.02.09 21:03:55.436,1.59807,1.59823,0.75,0.30
2016.02.09 21:03:57.652,1.59805,1.59823,0.75,0.30
2016.02.09 21:04:00.362,1.59803,1.59823,0.75,0.30
2016.02.09 21:04:00.413,1.59801,1.59823,0.75,0.30
2016.02.09 21:04:00.923,1.59801,1.59824,1.50,0.30
2016.02.09 21:04:02.586,1.59801,1.59828,1.50,1.81
2016.02.09 21:04:08.962,1.59801,1.59828,1.00,1.00
2016.02.09 21:04:09.503,1.59804,1.59828,1.00,1.00
2016.02.09 21:04:09.558,1.59804,1.59831,1.50,1.00
2016.02.09 21:04:09.711,1.5981,1.59832,1.00,1.00
2016.02.09 21:04:10.547,1.5981,1.59834,1.00,1.00
2016.02.09 21:04:11.663,1.5981,1.59834,1.37,1.00
2016.02.09 21:04:11.714,1.59812,1.59836,1.00,1.00
2016.02.09 21:04:18.796,1.59813,1.59836,1.00,1.00
2016.02.09 21:04:22.891,1.59817,1.59836,1.00,1.00
2016.02.09 21:04:23.195,1.59816,1.59838,1.87,1.00
2016.02.09 21:04:30.299,1.5982,1.5984,1.37,1.50
2016.02.09 21:04:30.554,1.59836,1.59864,1.37,1.00
2016.02.09 21:04:31.058,1.59836,1.59865,1.37,1.50
2016.02.09 21:04:38.470,1.59836,1.59865,1.87,1.28
2016.02.09 21:04:40.088,1.59836,1.59865,1.87,1.00
2016.02.09 21:04:46.315,1.59836,1.59864,1.37,1.00
2016.02.09 21:04:46.469,1.59835,1.59862,1.50,1.00
2016.02.09 21:04:46.778,1.59829,1.59853,1.12,1.00
2016.02.09 21:04:46.836,1.59826,1.59853,1.00,1.50
2016.02.09 21:04:49.595,1.59827,1.59855,1.00,1.00
2016.02.09 21:04:50.107,1.59829,1.59856,1.00,1.00
2016.02.09 21:04:52.023,1.59831,1.59858,1.00,1.00
2016.02.09 21:04:52.539,1.59832,1.59859,1.00,1.87
2016.02.09 21:04:54.524,1.5983,1.59857,1.00,1.00
2016.02.09 21:04:54.867,1.59832,1.59859,1.00,1.87
2016.02.09 21:04:56.612,1.59829,1.59858,1.12,1.00
2016.02.09 21:04:57.355,1.59832,1.59859,1.00,1.87
2016.02.09 21:04:58.535,1.59829,1.59858,1.12,1.00
2016.02.09 21:04:58.637,1.59832,1.59858,1.00,1.37
2016.02.09 21:05:01.438,1.59832,1.59858,1.00,1.12
2016.02.09 21:05:02.577,1.59832,1.59859,1.00,1.00
2016.02.09 21:05:02.628,1.59834,1.59863,1.00,1.50
2016.02.09 21:05:03.136,1.59834,1.59862,1.00,1.00
2016.02.09 21:05:06.115,1.59834,1.59863,1.00,1.50
2016.02.09 21:05:06.611,1.59832,1.59859,1.00,1.75
2016.02.09 21:05:06.815,1.5983,1.59857,1.00,1.37
2016.02.09 21:05:07.380,1.59832,1.59861,1.00,1.75
2016.02.09 21:05:07.989,1.59835,1.59862,1.00,1.75
2016.02.09 21:05:08.597,1.59836,1.59863,1.00,3.00
2016.02.09 21:05:11.550,1.59836,1.59862,1.00,1.50
2016.02.09 21:05:14.830,1.59838,1.59862,1.00,1.50
2016.02.09 21:05:18.905,1.59836,1.59862,1.00,1.50
2016.02.09 21:05:19.209,1.59838,1.59865,1.00,1.00
2016.02.09 21:05:19.537,1.59835,1.59864,1.00,1.00
2016.02.09 21:05:21.689,1.59835,1.59864,1.00,1.75
2016.02.09 21:05:23.948,1.59837,1.59864,1.00,1.75
2016.02.09 21:05:24.337,1.59839,1.59866,1.00,3.00
2016.02.09 21:05:43.080,1.59839,1.59866,1.00,1.50
2016.02.09 21:05:43.140,1.59842,1.59866,1.00,1.00
2016.02.09 21:05:43.444,1.59849,1.59873,1.00,1.50
2016.02.09 21:05:45.248,1.59848,1.59873,1.00,1.37
2016.02.09 21:05:45.350,1.59846,1.59873,1.00,1.37
2016.02.09 21:05:47.903,1.59849,1.59873,1.00,1.37
2016.02.09 21:05:50.819,1.59846,1.59873,1.00,1.37
2016.02.09 21:05:52.750,1.59848,1.59873,1.00,1.37
2016.02.09 21:05:53.713,1.59849,1.59873,1.12,1.52
2016.02.09 21:05:54.118,1.59852,1.59872,1.00,1.27
2016.02.09 21:05:55.728,1.59851,1.59872,1.00,1.27
2016.02.09 21:06:01.241,1.59853,1.59872,1.00,1.27
2016.02.09 21:06:02.937,1.59851,1.59877,1.00,2.02
2016.02.09 21:06:03.794,1.5985,1.59877,1.00,3.00
2016.02.09 21:06:06.970,1.59849,1.59876,1.50,1.75
2016.02.09 21:06:07.123,1.59851,1.59877,1.00,2.25
2016.02.09 21:06:11.583,1.59851,1.59875,1.00,2.25
2016.02.09 21:06:12.486,1.59849,1.59875,1.50,2.25
2016.02.09 21:06:13.039,1.59851,1.59875,1.00,2.25
2016.02.09 21:06:18.075,1.59848,1.59875,1.00,2.25
2016.02.09 21:06:18.177,1.59846,1.59875,1.12,3.00
2016.02.09 21:06:24.021,1.59848,1.59874,1.00,1.75
2016.02.09 21:06:24.551,1.59847,1.59874,1.00,2.25
2016.02.09 21:06:35.853,1.59845,1.59872,1.00,1.75
2016.02.09 21:06:38.053,1.59845,1.59872,1.00,1.75
2016.02.09 21:06:39.434,1.59842,1.59871,1.50,1.75
2016.02.09 21:06:39.689,1.59841,1.59868,1.00,1.37
2016.02.09 21:06:41.541,1.59842,1.59871,1.00,1.75
2016.02.09 21:06:42.780,1.59842,1.59869,1.00,2.25
2016.02.09 21:06:47.494,1.59841,1.59868,1.00,1.75
2016.02.09 21:06:47.850,1.59841,1.59868,1.00,1.00
2016.02.09 21:06:52.905,1.59843,1.59869,1.00,1.00
2016.02.09 21:06:53.786,1.59841,1.59868,1.00,1.12
2016.02.09 21:06:59.477,1.59843,1.59868,1.00,1.00
2016.02.09 21:07:00.004,1.59843,1.59869,1.00,1.00
2016.02.09 21:07:10.895,1.59844,1.59869,1.00,1.00
2016.02.09 21:07:12.022,1.59844,1.59871,1.00,1.00
2016.02.09 21:07:13.544,1.59846,1.59871,1.00,1.00
2016.02.09 21:07:13.849,1.59848,1.59871,1.00,1.00
2016.02.09 21:07:14.819,1.59849,1.59871,1.00,1.00
2016.02.09 21:07:14.870,1.59849,1.59876,1.00,1.50
2016.02.09 21:07:15.796,1.59853,1.59876,1.00,1.00
2016.02.09 21:07:15.847,1.59853,1.5988,1.00,1.50
2016.02.09 21:07:16.353,1.59854,1.59883,1.00,2.25
2016.02.09 21:07:16.860,1.59855,1.59883,1.00,1.75
2016.02.09 21:07:19.520,1.59855,1.59877,1.00,2.25
2016.02.09 21:07:23.729,1.59852,1.59877,1.12,2.25
2016.02.09 21:07:24.236,1.59851,1.59877,1.00,2.25
2016.02.09 21:07:28.774,1.59851,1.59878,1.00,1.00
2016.02.09 21:07:28.977,1.59851,1.59877,1.00,2.25
2016.02.09 21:07:31.808,1.59851,1.59878,1.00,1.00
2016.02.09 21:07:32.571,1.59851,1.59876,1.00,1.00
2016.02.09 21:07:32.622,1.59848,1.59875,1.00,1.00
2016.02.09 21:07:32.723,1.59848,1.59875,1.00,1.75
2016.02.09 21:07:33.284,1.59849,1.59873,1.00,1.50
2016.02.09 21:07:43.496,1.59848,1.59875,1.00,2.25
2016.02.09 21:07:43.971,1.59851,1.59876,1.00,2.25
2016.02.09 21:07:45.923,1.59851,1.59878,1.00,1.00
2016.02.09 21:07:58.407,1.59849,1.59878,1.00,1.50
2016.02.09 21:07:59.853,1.59849,1.59876,1.00,1.00
2016.02.09 21:08:00.359,1.59849,1.59877,1.00,1.00
2016.02.09 21:08:00.889,1.59849,1.59877,1.00,1.37
2016.02.09 21:08:06.742,1.59846,1.59875,1.00,1.00
2016.02.09 21:08:07.329,1.59846,1.59874,1.00,1.00
2016.02.09 21:08:07.482,1.59848,1.59874,1.00,1.00
2016.02.09 21:08:07.533,1.59848,1.59877,1.00,1.37
2016.02.09 21:08:07.635,1.5985,1.59878,1.00,1.37
2016.02.09 21:08:08.784,1.5985,1.59879,1.00,1.00
2016.02.09 21:08:09.505,1.59851,1.5988,1.00,1.87
2016.02.09 21:08:09.986,1.59854,1.59881,1.75,1.12
2016.02.09 21:08:10.037,1.59858,1.59886,1.37,1.00
2016.02.09 21:08:10.544,1.59858,1.59887,1.37,1.00
2016.02.09 21:08:13.454,1.59861,1.59888,1.00,1.00
2016.02.09 21:08:13.505,1.59861,1.5989,1.00,1.00
2016.02.09 21:08:13.758,1.59864,1.59891,1.00,1.00
2016.02.09 21:08:14.316,1.59861,1.59888,1.00,1.00
2016.02.09 21:08:14.958,1.59861,1.5989,1.00,1.00
2016.02.09 21:08:42.621,1.59861,1.59888,1.00,1.00
2016.02.09 21:08:47.774,1.59862,1.59889,1.00,1.00
2016.02.09 21:08:51.468,1.59859,1.59888,1.50,1.00
2016.02.09 21:08:52.496,1.59859,1.59887,1.00,1.00
2016.02.09 21:08:53.805,1.59859,1.59887,1.50,1.00
2016.02.09 21:08:57.779,1.59859,1.59885,1.87,1.00
2016.02.09 21:09:00.121,1.59859,1.59888,1.87,1.00
2016.02.09 21:09:01.680,1.59859,1.59886,1.37,1.00
2016.02.09 21:09:02.200,1.59859,1.5988,1.37,1.00
2016.02.09 21:09:02.684,1.59859,1.59883,1.37,1.00
2016.02.09 21:09:04.087,1.59859,1.5988,1.37,1.00
2016.02.09 21:09:05.058,1.59859,1.5988,1.00,1.00
2016.02.09 21:09:05.547,1.59856,1.59883,1.12,1.00
2016.02.09 21:09:06.896,1.59856,1.59881,1.12,1.00
2016.02.09 21:09:07.408,1.59856,1.59883,1.12,1.00
2016.02.09 21:09:07.512,1.5986,1.59884,1.37,1.00
2016.02.09 21:09:07.614,1.59859,1.59886,2.25,1.00
2016.02.09 21:09:08.071,1.59859,1.59888,2.25,1.00
2016.02.09 21:09:08.754,1.59859,1.59886,2.25,1.00
2016.02.09 21:09:09.165,1.59856,1.59883,2.62,1.00
2016.02.09 21:09:09.216,1.59856,1.59883,2.25,1.00
2016.02.09 21:09:09.520,1.59855,1.59881,2.25,1.00
2016.02.09 21:09:10.127,1.59855,1.59883,2.25,1.00
2016.02.09 21:09:30.707,1.59859,1.59883,1.00,1.00
2016.02.09 21:09:30.758,1.59859,1.59888,1.87,1.00
2016.02.09 21:09:30.911,1.59864,1.59888,1.00,1.00
2016.02.09 21:09:35.507,1.59864,1.59887,1.00,1.00
2016.02.09 21:09:36.462,1.59867,1.59888,1.87,1.00
2016.02.09 21:09:36.513,1.59867,1.5989,1.87,1.00
2016.02.09 21:09:37.933,1.59867,1.59888,1.87,1.00
2016.02.09 21:09:38.074,1.59867,1.5989,1.87,1.00
2016.02.09 21:09:39.002,1.59866,1.5989,1.64,1.00
2016.02.09 21:09:39.944,1.59866,1.59889,1.64,1.00
2016.02.09 21:09:40.479,1.59866,1.59888,1.64,1.00
2016.02.09 21:09:43.818,1.59869,1.59888,1.52,1.00
2016.02.09 21:09:51.241,1.59869,1.59886,1.75,1.00
2016.02.09 21:09:51.749,1.59869,1.59885,1.75,1.00
2016.02.09 21:09:52.515,1.59869,1.59886,1.75,1.00
2016.02.09 21:09:52.971,1.59868,1.59886,1.00,1.00
2016.02.09 21:09:53.822,1.59868,1.59888,1.00,1.00
2016.02.09 21:09:54.392,1.59868,1.59886,1.00,1.00
2016.02.09 21:09:57.035,1.59869,1.59886,1.07,1.00
2016.02.09 21:10:00.733,1.59869,1.59885,1.07,1.00
2016.02.09 21:10:02.178,1.59859,1.59885,1.95,1.00
2016.02.09 21:10:02.280,1.59859,1.59883,1.45,1.00
2016.02.09 21:10:02.584,1.59858,1.59875,1.07,1.00
2016.02.09 21:10:02.945,1.59858,1.59875,1.75,1.00
2016.02.09 21:10:03.294,1.59858,1.59877,1.75,1.00
2016.02.09 21:10:10.884,1.59862,1.59877,1.75,1.00
2016.02.09 21:10:11.036,1.59862,1.5988,1.75,1.00
2016.02.09 21:10:19.336,1.59862,1.59883,1.75,1.00
2016.02.09 21:10:23.323,1.59862,1.59881,1.75,1.00
2016.02.09 21:10:24.430,1.59862,1.59878,1.75,1.00
2016.02.09 21:10:24.531,1.59858,1.59878,1.75,1.00
2016.02.09 21:10:24.583,1.59858,1.59871,1.75,1.00
2016.02.09 21:10:24.634,1.59858,1.5987,1.23,1.00
2016.02.09 21:10:24.687,1.59855,1.59862,1.31,1.37
2016.02.09 21:10:24.738,1.59847,1.59862,1.00,1.75
2016.02.09 21:10:24.790,1.59841,1.59855,1.00,1.00
2016.02.09 21:10:24.841,1.59839,1.59855,1.00,1.00
2016.02.09 21:10:24.893,1.59818,1.59846,1.37,1.00
2016.02.09 21:10:24.944,1.59818,1.59846,1.00,1.00
2016.02.09 21:10:24.995,1.59811,1.59842,1.37,1.00
2016.02.09 21:10:25.401,1.5981,1.59841,1.69,1.12
2016.02.09 21:10:25.685,1.59807,1.59837,1.61,1.12
2016.02.09 21:10:26.709,1.59807,1.59831,1.61,1.00
2016.02.09 21:10:26.977,1.59807,1.59834,1.61,1.00
2016.02.09 21:10:27.079,1.59807,1.59832,1.61,1.00
2016.02.09 21:10:28.512,1.59809,1.59832,2.11,1.00
2016.02.09 21:10:29.055,1.59809,1.59833,2.11,1.00
2016.02.09 21:10:29.400,1.59809,1.59831,2.11,1.00
2016.02.09 21:10:30.075,1.59809,1.59835,2.11,1.00
2016.02.09 21:10:30.580,1.59809,1.59836,2.86,1.00
2016.02.09 21:10:32.785,1.59808,1.59831,2.86,1.00
2016.02.09 21:10:34.542,1.59808,1.59831,1.61,1.00
2016.02.09 21:10:34.644,1.59809,1.59831,1.08,1.00
2016.02.09 21:10:38.871,1.59808,1.59836,2.58,1.00
2016.02.09 21:10:39.773,1.59811,1.59837,1.83,1.00
2016.02.09 21:10:43.001,1.59813,1.59837,1.70,1.00
2016.02.09 21:10:44.572,1.59813,1.59837,1.33,1.00
2016.02.09 21:10:57.643,1.59811,1.59837,1.75,1.00
2016.02.09 21:11:08.766,1.59811,1.59837,1.37,1.00
2016.02.09 21:11:15.478,1.59807,1.59829,1.75,1.00
2016.02.09 21:11:15.529,1.59805,1.59828,1.12,1.00
2016.02.09 21:11:15.581,1.59799,1.59825,1.75,1.00
2016.02.09 21:11:15.632,1.598,1.59827,1.37,1.00
2016.02.09 21:11:15.886,1.59798,1.59824,1.75,1.00
2016.02.09 21:11:16.397,1.59797,1.59824,1.50,1.00
2016.02.09 21:11:17.989,1.59797,1.59824,3.37,1.00
2016.02.09 21:11:19.653,1.59798,1.59824,1.37,1.00
2016.02.09 21:11:22.207,1.59796,1.59823,1.75,1.00
2016.02.09 21:11:22.258,1.59795,1.59818,2.25,1.00
2016.02.09 21:11:22.562,1.59795,1.59814,2.25,1.00
2016.02.09 21:11:32.237,1.598,1.59824,1.37,1.00
2016.02.09 21:11:32.338,1.598,1.59827,1.87,1.00
2016.02.09 21:11:32.390,1.598,1.59831,1.50,1.00
2016.02.09 21:11:32.441,1.598,1.59826,1.00,1.00
2016.02.09 21:11:32.612,1.59793,1.5982,1.00,1.00
2016.02.09 21:11:32.714,1.59791,1.59818,1.00,1.00
2016.02.09 21:11:33.473,1.59792,1.59818,1.00,1.00
2016.02.09 21:11:33.982,1.59791,1.59818,1.00,1.00
2016.02.09 21:11:34.341,1.59789,1.59816,1.12,1.00
2016.02.09 21:11:34.859,1.59789,1.59816,2.25,1.00
2016.02.09 21:11:35.163,1.59793,1.59818,1.00,1.00
2016.02.09 21:11:35.366,1.59788,1.59814,1.00,1.00
2016.02.09 21:11:35.468,1.59782,1.59809,2.62,1.00
2016.02.09 21:11:35.519,1.59782,1.59809,1.00,1.00
2016.02.09 21:11:35.621,1.59779,1.59808,1.87,1.00
2016.02.09 21:11:35.723,1.59778,1.59805,1.37,1.00
2016.02.09 21:11:35.894,1.59778,1.59805,1.00,1.00
2016.02.09 21:11:36.202,1.59776,1.59803,1.37,1.00
2016.02.09 21:11:36.854,1.59775,1.59801,2.62,1.00
2016.02.09 21:11:37.910,1.59775,1.59804,2.62,1.00
2016.02.09 21:11:38.011,1.59775,1.59802,1.87,1.00
2016.02.09 21:11:38.725,1.59776,1.59803,1.37,1.00
2016.02.09 21:11:41.332,1.59775,1.59803,1.00,1.00
2016.02.09 21:11:41.383,1.59775,1.59799,1.00,1.00
2016.02.09 21:11:41.462,1.59772,1.59799,1.00,1.00
2016.02.09 21:11:41.514,1.59772,1.59799,1.87,1.12
2016.02.09 21:11:41.820,1.59768,1.59795,2.25,1.00
2016.02.09 21:11:42.124,1.59767,1.59793,2.25,1.00
2016.02.09 21:11:42.429,1.59767,1.59796,2.25,1.00
2016.02.09 21:11:42.690,1.5977,1.59794,1.37,1.00
2016.02.09 21:11:43.206,1.59767,1.59794,2.25,1.00
2016.02.09 21:11:43.713,1.59768,1.59794,1.37,1.00
2016.02.09 21:11:44.182,1.59768,1.59792,1.37,1.00
2016.02.09 21:11:44.435,1.59767,1.59794,1.50,1.00
2016.02.09 21:11:44.948,1.59768,1.59795,1.87,1.00
2016.02.09 21:11:45.253,1.59773,1.59795,1.75,1.00
2016.02.09 21:11:45.304,1.59773,1.59798,1.75,1.00
2016.02.09 21:11:45.355,1.59774,1.59801,1.12,1.00
2016.02.09 21:11:45.508,1.59775,1.59804,2.25,1.00
2016.02.09 21:11:46.134,1.59775,1.59804,2.62,1.00
2016.02.09 21:11:48.450,1.59775,1.59804,4.12,1.00
2016.02.09 21:11:50.104,1.59775,1.59804,2.25,1.00
2016.02.09 21:11:52.516,1.59775,1.59804,4.12,1.00
2016.02.09 21:11:53.995,1.59775,1.59801,2.25,1.00
2016.02.09 21:11:54.046,1.59772,1.59798,1.00,1.00
2016.02.09 21:11:54.166,1.59769,1.59797,1.00,1.00
2016.02.09 21:11:54.217,1.59769,1.59794,1.00,1.00
2016.02.09 21:11:54.472,1.59762,1.59788,1.00,1.00
2016.02.09 21:11:54.523,1.59759,1.59788,1.00,1.00
2016.02.09 21:11:55.684,1.59757,1.59784,1.00,1.00
2016.02.09 21:11:56.269,1.59758,1.59787,1.00,1.00
2016.02.09 21:11:56.371,1.59757,1.59784,1.00,1.00
2016.02.09 21:11:56.827,1.59756,1.59783,1.00,1.50
2016.02.09 21:11:57.334,1.59755,1.59784,1.00,1.75
2016.02.09 21:11:57.641,1.5975,1.59777,1.00,1.00
2016.02.09 21:11:57.693,1.59748,1.59777,1.12,1.00
2016.02.09 21:11:57.744,1.59745,1.59773,2.62,1.00
2016.02.09 21:11:58.270,1.59745,1.59773,1.12,1.00
2016.02.09 21:11:58.796,1.59745,1.59773,1.37,1.00
2016.02.09 21:11:59.319,1.59745,1.59771,1.37,1.00
2016.02.09 21:12:00.326,1.59748,1.59775,1.00,1.00
2016.02.09 21:12:00.479,1.59749,1.59778,1.00,1.12
2016.02.09 21:12:00.632,1.59745,1.59782,1.12,1.37
2016.02.09 21:12:01.756,1.59745,1.5978,1.37,1.37
2016.02.09 21:12:02.060,1.59743,1.5978,1.50,1.37
2016.02.09 21:12:05.505,1.59741,1.59776,1.50,1.00
2016.02.09 21:12:06.310,1.59738,1.59774,1.12,1.00
2016.02.09 21:12:07.999,1.59738,1.59772,1.87,1.00
2016.02.09 21:12:08.508,1.59738,1.59772,1.75,1.12
2016.02.09 21:12:09.017,1.5974,1.59772,1.00,1.12
2016.02.09 21:12:09.559,1.59738,1.59772,1.75,1.12
2016.02.09 21:12:10.098,1.5974,1.59772,1.00,1.12
2016.02.09 21:12:10.657,1.59738,1.59772,1.75,1.12
2016.02.09 21:12:11.123,1.59741,1.59774,1.00,1.00
2016.02.09 21:12:11.631,1.59739,1.59776,1.75,1.37
2016.02.09 21:12:12.540,1.59739,1.59774,1.75,1.00
2016.02.09 21:12:16.327,1.59738,1.59772,1.37,1.00
2016.02.09 21:12:19.390,1.59734,1.5977,2.25,1.00
2016.02.09 21:12:21.232,1.59733,1.5977,1.87,1.75
2016.02.09 21:12:21.739,1.59732,1.59767,1.12,1.37
2016.02.09 21:12:22.147,1.59734,1.59769,1.00,1.75
2016.02.09 21:12:22.851,1.59732,1.59769,1.37,1.75
2016.02.09 21:12:25.151,1.59735,1.59764,1.00,1.37
2016.02.09 21:12:25.524,1.59737,1.59764,1.00,1.37
2016.02.09 21:12:26.787,1.59736,1.59763,1.00,1.12
2016.02.09 21:12:28.194,1.59737,1.59764,1.00,1.37
2016.02.09 21:12:31.906,1.59738,1.59767,1.00,1.37
2016.02.09 21:12:46.312,1.59738,1.59767,1.00,1.33
2016.02.09 21:12:46.465,1.59736,1.59765,1.00,1.33
2016.02.09 21:12:49.553,1.59738,1.59767,1.00,1.33
2016.02.09 21:12:50.097,1.59737,1.59764,1.00,1.08
2016.02.09 21:12:54.813,1.59735,1.59764,1.00,1.08
2016.02.09 21:13:05.065,1.59736,1.59765,1.00,1.00
2016.02.09 21:13:07.891,1.59739,1.59766,1.00,1.00
2016.02.09 21:13:08.506,1.59736,1.59765,1.00,1.00
2016.02.09 21:13:09.048,1.59739,1.59766,1.00,1.00
2016.02.09 21:13:09.151,1.59736,1.59765,1.00,1.00
2016.02.09 21:13:09.554,1.59734,1.59763,1.00,1.00
2016.02.09 21:13:12.321,1.59736,1.59765,1.00,1.12
2016.02.09 21:13:14.345,1.59734,1.59763,1.00,1.00
2016.02.09 21:13:15.386,1.59734,1.5976,1.00,1.00
2016.02.09 21:13:15.742,1.59736,1.59765,1.00,1.12
2016.02.09 21:13:15.895,1.59739,1.59766,1.00,1.37
2016.02.09 21:13:16.201,1.59741,1.59768,1.00,1.37
2016.02.09 21:13:16.303,1.59739,1.59766,1.00,1.37
2016.02.09 21:13:16.537,1.59735,1.59764,1.00,1.00
2016.02.09 21:13:21.080,1.59737,1.59764,1.00,1.00
2016.02.09 21:13:21.385,1.59739,1.59766,1.37,1.00
2016.02.09 21:13:22.312,1.59736,1.59763,1.37,1.00
2016.02.09 21:13:22.364,1.59736,1.59765,1.37,1.00
2016.02.09 21:13:22.415,1.59736,1.59763,1.37,1.00
2016.02.09 21:13:23.025,1.59735,1.59762,1.37,1.00
2016.02.09 21:13:23.330,1.59737,1.59764,1.12,1.00
2016.02.09 21:13:23.875,1.59734,1.59763,1.37,1.00
2016.02.09 21:13:26.441,1.59745,1.59772,1.00,1.50
2016.02.09 21:13:26.544,1.59741,1.59782,1.50,1.00
2016.02.09 21:13:26.595,1.59744,1.59784,1.37,1.12
2016.02.09 21:13:26.899,1.59752,1.59781,1.00,1.00
2016.02.09 21:13:27.401,1.59751,1.5978,1.00,1.00
2016.02.09 21:13:37.716,1.59751,1.59779,1.00,1.00
2016.02.09 21:13:38.022,1.59742,1.59771,1.00,1.12
2016.02.09 21:13:38.124,1.59741,1.59768,1.00,1.00
2016.02.09 21:13:38.785,1.59738,1.59765,1.00,1.00
2016.02.09 21:13:40.135,1.59737,1.59764,1.12,1.00
2016.02.09 21:13:40.440,1.59735,1.59762,1.37,1.00
2016.02.09 21:13:40.750,1.59733,1.5976,1.37,1.00
2016.02.09 21:13:41.258,1.5973,1.59759,1.37,1.00
2016.02.09 21:13:41.562,1.5973,1.59757,1.37,1.00
2016.02.09 21:13:44.681,1.59727,1.59754,1.75,1.00
2016.02.09 21:13:44.733,1.59727,1.59754,1.00,1.00
2016.02.09 21:13:47.743,1.59728,1.59757,1.00,1.00
2016.02.09 21:13:49.242,1.5973,1.59759,1.00,1.37
2016.02.09 21:13:49.344,1.59728,1.59757,1.12,1.00
2016.02.09 21:13:49.598,1.59731,1.59758,1.00,1.12
2016.02.09 21:13:50.060,1.59733,1.5976,1.00,1.37
2016.02.09 21:13:50.523,1.5973,1.59757,1.00,1.00
2016.02.09 21:13:52.546,1.5973,1.59759,1.00,1.37
2016.02.09 21:13:52.648,1.59729,1.59756,1.00,1.00
2016.02.09 21:13:57.874,1.5973,1.59759,1.00,1.37
2016.02.09 21:13:57.926,1.59732,1.59761,1.37,1.00
2016.02.09 21:13:58.436,1.59735,1.59762,1.37,1.00
2016.02.09 21:14:02.900,1.59733,1.5976,1.37,1.00
2016.02.09 21:14:05.814,1.59734,1.59763,1.37,1.00
2016.02.09 21:14:05.967,1.59741,1.59764,1.00,1.00
2016.02.09 21:14:06.120,1.59736,1.59764,1.37,1.00
2016.02.09 21:14:06.627,1.59736,1.59763,1.37,1.00
2016.02.09 21:14:07.297,1.59735,1.59764,1.50,1.50
2016.02.09 21:14:08.009,1.59737,1.59766,1.37,1.00
2016.02.09 21:14:08.264,1.5974,1.59767,1.00,1.12
2016.02.09 21:14:10.015,1.59742,1.59767,1.00,1.00
2016.02.09 21:14:10.066,1.59742,1.5977,1.00,1.12
2016.02.09 21:14:11.715,1.59742,1.5977,1.00,1.75
2016.02.09 21:14:13.639,1.59739,1.59768,1.00,1.37
2016.02.09 21:14:13.947,1.59733,1.5976,1.00,1.00
2016.02.09 21:14:16.283,1.59735,1.59762,1.00,1.00
2016.02.09 21:14:16.587,1.59739,1.59766,1.00,1.12
2016.02.09 21:14:19.015,1.59739,1.59766,1.00,1.87
2016.02.09 21:14:19.066,1.59735,1.59762,1.00,1.00
2016.02.09 21:14:19.320,1.59737,1.59764,1.00,1.00
2016.02.09 21:14:19.624,1.59739,1.59766,1.00,1.12
2016.02.09 21:14:21.232,1.59734,1.59761,1.00,1.00
2016.02.09 21:14:21.334,1.59736,1.59765,1.00,1.50
2016.02.09 21:14:21.385,1.59738,1.59766,1.00,1.12
2016.02.09 21:14:21.487,1.59738,1.59767,1.00,1.87
2016.02.09 21:14:22.306,1.59737,1.59764,1.00,1.00
2016.02.09 21:14:23.511,1.59738,1.59767,1.00,1.37
2016.02.09 21:14:25.464,1.59733,1.5976,1.50,1.00
2016.02.09 21:14:25.994,1.59733,1.5976,1.00,1.00
2016.02.09 21:14:26.688,1.59734,1.59763,1.00,1.00
2016.02.09 21:14:26.993,1.59732,1.59761,1.50,1.00
2016.02.09 21:14:28.699,1.59735,1.59762,1.00,1.00
2016.02.09 21:14:29.225,1.59732,1.59761,1.37,1.00
2016.02.09 21:14:29.837,1.59735,1.59762,1.12,1.00
2016.02.09 21:14:32.590,1.59731,1.5976,1.50,1.00
2016.02.09 21:14:33.645,1.59734,1.59761,1.37,1.00
2016.02.09 21:14:34.476,1.59735,1.59762,1.12,1.00
2016.02.09 21:14:34.527,1.59736,1.59765,1.00,1.00
2016.02.09 21:14:36.650,1.59739,1.59768,1.00,1.37
2016.02.09 21:14:36.957,1.59751,1.5978,1.00,1.75
2016.02.09 21:14:38.640,1.59749,1.59778,1.00,1.75
2016.02.09 21:14:39.867,1.59743,1.59772,1.00,1.37
2016.02.09 21:14:40.020,1.59741,1.5977,1.87,1.37
2016.02.09 21:14:42.952,1.59745,1.59774,1.00,1.50
2016.02.09 21:14:43.503,1.59746,1.59775,1.00,1.37
2016.02.09 21:14:46.718,1.59749,1.59778,1.00,1.75
2016.02.09 21:14:48.268,1.59748,1.59775,1.12,1.37
2016.02.09 21:14:48.893,1.59746,1.59773,1.00,1.37
2016.02.09 21:14:50.960,1.59748,1.59777,1.00,1.00
2016.02.09 21:14:51.062,1.5975,1.59777,1.00,1.00
2016.02.09 21:14:51.392,1.59754,1.59781,1.00,1.37
2016.02.09 21:14:54.730,1.59754,1.59781,1.00,1.00
2016.02.09 21:14:55.037,1.59759,1.59786,1.00,1.37
2016.02.09 21:14:55.983,1.59761,1.5979,1.00,1.50
2016.02.09 21:14:56.238,1.59763,1.59792,1.00,1.37
2016.02.09 21:15:07.467,1.59766,1.59793,1.00,1.37
2016.02.09 21:15:07.771,1.59768,1.59797,1.00,1.37
2016.02.09 21:15:11.472,1.59771,1.59797,1.00,1.37
2016.02.09 21:15:11.626,1.59778,1.59805,1.37,1.00
2016.02.09 21:15:11.728,1.59784,1.59809,1.00,1.50
2016.02.09 21:15:11.779,1.59784,1.59811,1.00,1.00
2016.02.09 21:15:12.035,1.59784,1.59821,1.50,2.25
2016.02.09 21:15:12.238,1.5979,1.59817,1.00,1.00
2016.02.09 21:15:16.570,1.5979,1.59817,1.00,1.37
2016.02.09 21:15:22.730,1.5979,1.59817,1.00,1.00
2016.02.09 21:15:23.602,1.59793,1.59821,1.00,1.00
2016.02.09 21:15:23.807,1.59795,1.59822,1.00,1.00
2016.02.09 21:15:24.987,1.59797,1.59826,1.00,1.00
2016.02.09 21:15:31.232,1.59801,1.5983,1.00,1.12
2016.02.09 21:15:31.537,1.59803,1.5983,1.00,1.00
2016.02.09 21:15:33.776,1.598,1.59829,1.37,1.00
2016.02.09 21:15:33.878,1.59802,1.59831,1.00,1.12
2016.02.09 21:15:34.728,1.598,1.59829,1.37,1.00
2016.02.09 21:15:36.295,1.59803,1.5983,1.00,1.00
2016.02.09 21:15:41.677,1.59803,1.5983,1.00,1.37
2016.02.09 21:15:42.162,1.598,1.59829,1.12,1.37
2016.02.09 21:15:43.256,1.598,1.59829,1.37,1.37
2016.02.09 21:15:43.308,1.59803,1.5983,1.00,1.37
2016.02.09 21:15:44.422,1.598,1.59829,1.00,1.37
2016.02.09 21:15:44.525,1.59803,1.59832,1.00,1.87
2016.02.09 21:15:44.832,1.59807,1.59834,1.00,1.75
2016.02.09 21:15:49.605,1.59804,1.59833,1.00,1.50
2016.02.09 21:15:53.033,1.59803,1.5983,1.00,1.37
2016.02.09 21:15:53.906,1.59803,1.5983,1.00,1.37
2016.02.09 21:16:00.776,1.59801,1.5983,1.00,1.37
2016.02.09 21:16:02.026,1.59801,1.5983,1.00,1.37
2016.02.09 21:16:03.792,1.59804,1.59831,1.00,1.37
2016.02.09 21:16:03.945,1.59802,1.59829,1.00,1.37
2016.02.09 21:16:06.090,1.59802,1.59829,1.00,1.37
2016.02.09 21:16:06.142,1.59804,1.59833,1.00,1.37
2016.02.09 21:16:06.295,1.59809,1.59838,1.00,1.44
2016.02.09 21:16:06.397,1.59808,1.59835,1.12,1.00
2016.02.09 21:16:06.499,1.59809,1.59838,1.00,1.44
2016.02.09 21:16:08.795,1.59811,1.59838,1.00,1.44
2016.02.09 21:16:11.164,1.5981,1.59837,1.00,1.15
2016.02.09 21:16:17.145,1.59813,1.5984,1.00,1.30
2016.02.09 21:16:19.233,1.5981,1.59839,1.00,1.30
2016.02.09 21:16:24.700,1.59811,1.59838,1.00,1.00
2016.02.09 21:16:24.751,1.59813,1.5984,1.00,1.00
2016.02.09 21:16:25.793,1.5981,1.59839,1.00,1.00
2016.02.09 21:16:25.845,1.59808,1.59837,1.00,1.00
2016.02.09 21:16:27.308,1.5981,1.59839,1.00,1.37
2016.02.09 21:16:33.348,1.5981,1.59839,1.00,1.37
2016.02.09 21:16:34.883,1.59813,1.5984,1.00,1.37
2016.02.09 21:16:38.756,1.59812,1.59839,1.00,1.37
2016.02.09 21:16:45.059,1.59819,1.59846,1.00,1.12
2016.02.09 21:16:45.111,1.59821,1.59848,1.00,1.37
2016.02.09 21:16:45.771,1.59824,1.59851,1.00,1.37
2016.02.09 21:16:45.956,1.59822,1.59849,1.00,1.37
2016.02.09 21:16:46.109,1.59827,1.59856,1.00,1.75
2016.02.09 21:16:46.262,1.59827,1.59856,1.00,1.00
2016.02.09 21:16:46.313,1.59829,1.59858,1.00,1.12
2016.02.09 21:16:46.618,1.59832,1.5986,1.00,1.37
2016.02.09 21:16:46.771,1.5983,1.59859,1.00,1.37
2016.02.09 21:16:47.287,1.59829,1.59858,1.00,1.12
2016.02.09 21:16:51.979,1.59828,1.59855,1.00,1.00
2016.02.09 21:16:52.182,1.59829,1.59858,1.00,1.12
2016.02.09 21:16:52.580,1.59827,1.59854,1.00,1.00
2016.02.09 21:16:53.781,1.59829,1.59856,1.00,1.00
2016.02.09 21:16:54.480,1.59826,1.59855,1.12,1.00
2016.02.09 21:16:54.531,1.59826,1.59853,1.12,1.00
2016.02.09 21:16:55.928,1.59827,1.59854,1.00,1.00
2016.02.09 21:17:02.549,1.59829,1.59856,1.00,1.00
2016.02.09 21:17:04.505,1.59827,1.59854,1.00,1.00
2016.02.09 21:17:05.711,1.5983,1.59857,1.00,1.00
2016.02.09 21:17:06.557,1.59828,1.59857,1.00,1.00
2016.02.09 21:17:15.391,1.5983,1.59859,1.00,1.37
2016.02.09 21:17:15.696,1.59832,1.59859,1.00,1.37
2016.02.09 21:17:15.798,1.5983,1.59859,1.00,1.37
2016.02.09 21:17:18.658,1.59827,1.59856,1.00,1.00
2016.02.09 21:17:18.811,1.59825,1.59854,1.37,1.00
2016.02.09 21:17:19.116,1.59827,1.59856,1.00,1.00
2016.02.09 21:17:19.219,1.5983,1.59859,1.00,1.37
2016.02.09 21:17:19.270,1.59828,1.59857,1.00,1.00
2016.02.09 21:17:19.372,1.5983,1.59857,1.00,1.00
2016.02.09 21:17:19.880,1.59831,1.5986,1.00,1.37
2016.02.09 21:17:20.185,1.59834,1.59863,1.00,1.37
2016.02.09 21:17:20.307,1.5983,1.59859,1.00,1.37
2016.02.09 21:17:20.765,1.59829,1.59856,1.00,1.00
2016.02.09 21:17:21.070,1.59831,1.59858,1.00,1.12
2016.02.09 21:17:21.578,1.59832,1.59859,1.00,1.37
2016.02.09 21:17:21.875,1.5983,1.59859,1.00,1.37
2016.02.09 21:17:22.389,1.59832,1.59859,1.00,1.37
2016.02.09 21:17:22.896,1.59831,1.59858,1.00,1.12
2016.02.09 21:17:23.403,1.59832,1.59859,1.00,1.37
2016.02.09 21:17:23.454,1.5983,1.59859,1.00,1.37
2016.02.09 21:17:24.320,1.59831,1.5986,1.00,1.37
2016.02.09 21:17:24.846,1.5983,1.59859,1.00,1.37
2016.02.09 21:17:25.355,1.59831,1.5986,1.00,1.37
2016.02.09 21:17:25.862,1.59834,1.59863,1.00,1.37
2016.02.09 21:17:26.168,1.59832,1.59859,1.00,1.37
2016.02.09 21:17:27.254,1.59834,1.59861,1.00,1.37
2016.02.09 21:17:27.458,1.59831,1.59858,1.00,1.12
2016.02.09 21:17:28.005,1.59832,1.59861,1.00,1.37
2016.02.09 21:17:29.034,1.59831,1.59858,1.00,1.12
2016.02.09 21:17:29.440,1.59833,1.5986,1.00,1.37
2016.02.09 21:17:30.176,1.5983,1.59859,1.00,1.37
2016.02.09 21:17:31.215,1.59832,1.59861,1.00,1.37
2016.02.09 21:17:31.605,1.5983,1.59859,1.00,1.37
2016.02.09 21:17:32.216,1.59831,1.5986,1.00,1.37
2016.02.09 21:17:32.317,1.59829,1.59858,1.00,1.12
2016.02.09 21:17:32.883,1.59831,1.5986,1.00,1.37
2016.02.09 21:17:33.385,1.5983,1.59857,1.00,1.00
2016.02.09 21:17:33.894,1.59831,1.5986,1.00,1.37
2016.02.09 21:17:35.021,1.59834,1.59861,1.00,1.37
2016.02.09 21:17:35.174,1.59832,1.59861,1.00,1.37
2016.02.09 21:17:35.276,1.5983,1.59859,1.00,1.37
2016.02.09 21:17:35.327,1.59828,1.59857,1.00,1.00
2016.02.09 21:17:35.740,1.5983,1.59859,1.00,1.37
2016.02.09 21:17:36.045,1.59832,1.59861,1.00,1.37
2016.02.09 21:17:36.553,1.59831,1.5986,1.00,1.37
2016.02.09 21:17:37.320,1.59833,1.59862,1.00,1.37
2016.02.09 21:17:37.829,1.59832,1.59859,1.00,1.00
2016.02.09 21:17:38.341,1.59834,1.59861,1.00,1.00
2016.02.09 21:17:38.647,1.59832,1.59859,1.00,1.00
2016.02.09 21:17:39.056,1.59834,1.59861,1.00,1.00
2016.02.09 21:17:39.951,1.59831,1.5986,1.00,1.00
2016.02.09 21:17:40.256,1.59834,1.59861,1.00,1.00
2016.02.09 21:17:40.570,1.59831,1.5986,1.00,1.00
2016.02.09 21:17:40.621,1.59833,1.59862,1.00,1.00
2016.02.09 21:17:40.926,1.59835,1.59862,1.00,1.00
2016.02.09 21:17:41.180,1.59832,1.59861,1.00,1.00
2016.02.09 21:17:43.153,1.59832,1.59859,1.00,1.00
2016.02.09 21:17:43.204,1.59832,1.59861,1.00,1.00
2016.02.09 21:17:43.509,1.5983,1.59859,1.00,1.00
2016.02.09 21:17:43.919,1.59832,1.59861,1.00,1.00
2016.02.09 21:17:44.545,1.59831,1.5986,1.00,1.00
2016.02.09 21:17:45.053,1.59832,1.59859,1.00,1.00
2016.02.09 21:17:45.797,1.59833,1.59862,1.00,1.00
2016.02.09 21:17:46.001,1.5983,1.59859,1.00,1.00
2016.02.09 21:17:46.350,1.59832,1.59861,1.00,1.00
2016.02.09 21:17:46.655,1.59832,1.59859,1.00,1.00
2016.02.09 21:17:47.300,1.59833,1.5986,1.00,1.00
2016.02.09 21:17:48.710,1.59832,1.59859,1.00,1.00
2016.02.09 21:17:49.666,1.59833,1.5986,1.00,1.00
2016.02.09 21:17:50.175,1.59832,1.59859,1.00,1.00
2016.02.09 21:17:50.887,1.59832,1.59861,1.00,1.00
2016.02.09 21:17:51.397,1.59831,1.5986,1.00,1.00
2016.02.09 21:17:51.759,1.59831,1.59858,1.00,1.00
2016.02.09 21:17:52.064,1.59833,1.5986,1.00,1.00
2016.02.09 21:17:52.593,1.59831,1.59858,1.00,1.00
2016.02.09 21:17:53.154,1.59833,1.59862,1.00,1.00
2016.02.09 21:17:53.409,1.59831,1.5986,1.00,1.00
2016.02.09 21:17:53.917,1.59833,1.59862,1.00,1.00
2016.02.09 21:17:54.234,1.59833,1.5986,1.00,1.00
2016.02.09 21:17:54.337,1.59831,1.5986,1.00,1.00
2016.02.09 21:17:54.439,1.59833,1.59862,1.00,1.00
2016.02.09 21:17:55.204,1.59833,1.59862,1.00,1.37
2016.02.09 21:17:55.408,1.59831,1.59858,1.00,1.00
2016.02.09 21:17:55.510,1.59828,1.59857,1.12,1.00
2016.02.09 21:17:55.764,1.5983,1.59859,1.00,1.12
2016.02.09 21:17:56.610,1.59829,1.59856,1.00,1.00
2016.02.09 21:17:57.071,1.59829,1.59858,1.00,1.00
2016.02.09 21:17:57.225,1.59831,1.5986,1.00,1.37
2016.02.09 21:17:57.418,1.59829,1.59858,1.00,1.00
2016.02.09 21:17:57.622,1.59832,1.59859,1.00,1.12
2016.02.09 21:17:57.673,1.59829,1.59858,1.00,1.00
2016.02.09 21:17:57.878,1.59832,1.59859,1.00,1.12
2016.02.09 21:17:58.489,1.5983,1.59857,1.00,1.00
2016.02.09 21:17:58.896,1.59832,1.59859,1.00,1.12
2016.02.09 21:18:03.402,1.5983,1.59857,1.00,1.00
2016.02.09 21:18:03.860,1.59831,1.5986,1.00,1.37
2016.02.09 21:18:04.114,1.59829,1.59858,1.00,1.00
2016.02.09 21:18:04.368,1.59831,1.5986,1.00,1.37
2016.02.09 21:18:04.873,1.5983,1.59857,1.00,1.00
2016.02.09 21:18:05.505,1.5983,1.59859,1.00,1.12
2016.02.09 21:18:06.215,1.59833,1.5986,1.00,1.37
2016.02.09 21:18:06.520,1.59831,1.59858,1.00,1.00
2016.02.09 21:18:06.599,1.59825,1.59854,1.87,1.37
2016.02.09 21:18:06.651,1.59823,1.59852,1.00,1.37
2016.02.09 21:18:06.703,1.59821,1.5985,1.00,1.12
2016.02.09 21:18:06.857,1.59821,1.5985,1.37,1.00
2016.02.09 21:18:07.012,1.59826,1.59853,1.37,1.00
2016.02.09 21:18:07.116,1.59822,1.59851,1.00,1.37
2016.02.09 21:18:07.625,1.59821,1.59848,1.00,1.00
2016.02.09 21:18:13.586,1.59817,1.59846,1.00,1.00
2016.02.09 21:18:14.439,1.59819,1.59848,1.00,1.00
2016.02.09 21:18:17.275,1.59823,1.59852,1.00,1.37
2016.02.09 21:18:17.782,1.59822,1.59849,1.00,1.00
2016.02.09 21:18:17.833,1.5982,1.59849,1.00,1.00
2016.02.09 21:18:19.813,1.5982,1.59848,1.00,1.00
2016.02.09 21:18:20.248,1.59818,1.59847,1.00,1.00
2016.02.09 21:18:23.064,1.59818,1.59845,1.00,1.00
2016.02.09 21:18:24.447,1.59818,1.59846,1.00,1.00
2016.02.09 21:18:24.956,1.59819,1.59846,1.00,1.50
2016.02.09 21:18:25.159,1.59817,1.59846,1.00,1.50
2016.02.09 21:18:25.717,1.59818,1.59846,1.00,1.00
2016.02.09 21:18:27.725,1.59818,1.59845,1.00,1.00
2016.02.09 21:18:30.720,1.59818,1.59843,1.00,1.00
2016.02.09 21:18:32.572,1.59819,1.59843,1.00,1.00
2016.02.09 21:18:39.480,1.5982,1.59843,1.00,1.00
2016.02.09 21:18:44.695,1.5982,1.59844,1.00,1.00
2016.02.09 21:18:51.565,1.5982,1.5984,1.00,1.00
2016.02.09 21:18:51.718,1.59817,1.5984,1.00,1.00
2016.02.09 21:18:51.972,1.59814,1.59843,1.12,1.50
2016.02.09 21:18:54.086,1.59814,1.59843,1.00,1.87
2016.02.09 21:18:58.671,1.59814,1.59839,1.00,1.00
2016.02.09 21:18:58.978,1.59813,1.59834,1.00,1.00
2016.02.09 21:19:01.057,1.59806,1.59834,1.37,1.00
2016.02.09 21:19:01.108,1.59805,1.59833,1.00,1.37
2016.02.09 21:19:01.210,1.59805,1.59826,1.00,1.00
2016.02.09 21:19:01.313,1.59793,1.59825,1.37,1.37
2016.02.09 21:19:01.415,1.59789,1.59825,1.87,1.87
2016.02.09 21:19:01.466,1.59788,1.59825,1.37,1.87
2016.02.09 21:19:01.746,1.59792,1.59819,1.00,1.00
2016.02.09 21:19:09.209,1.59792,1.59818,1.00,1.00
2016.02.09 21:19:09.340,1.59786,1.59815,1.75,1.00
2016.02.09 21:19:09.392,1.59782,1.5981,1.00,1.00
2016.02.09 21:19:09.496,1.59781,1.59808,1.00,1.00
2016.02.09 21:19:09.804,1.59777,1.59806,1.22,1.00
2016.02.09 21:19:10.564,1.59777,1.59806,1.00,1.00
2016.02.09 21:19:14.119,1.59779,1.59806,1.00,1.00
2016.02.09 21:19:18.831,1.59775,1.59804,1.15,1.00
2016.02.09 21:19:18.933,1.59775,1.59801,1.15,1.00
2016.02.09 21:19:19.243,1.59769,1.59795,1.15,1.00
2016.02.09 21:19:19.557,1.59766,1.59792,1.52,1.00
2016.02.09 21:19:22.424,1.59763,1.59791,1.52,1.00
2016.02.09 21:19:24.420,1.59762,1.59791,1.52,1.00
2016.02.09 21:19:24.879,1.59767,1.59793,1.15,1.12
2016.02.09 21:19:24.930,1.59767,1.59791,1.15,1.00
2016.02.09 21:19:27.286,1.59767,1.59791,1.15,1.00
2016.02.09 21:19:30.648,1.59764,1.5979,1.52,1.00
2016.02.09 21:19:30.903,1.59764,1.5979,1.00,1.00
2016.02.09 21:19:34.965,1.59764,1.59793,1.00,1.12
2016.02.09 21:19:38.057,1.5976,1.59789,1.00,1.00
2016.02.09 21:19:38.564,1.59761,1.59788,1.00,1.00
2016.02.09 21:19:38.870,1.59759,1.59786,1.00,1.00
2016.02.09 21:19:39.313,1.59763,1.59789,1.00,1.00
2016.02.09 21:19:48.366,1.5976,1.59786,1.15,1.00
2016.02.09 21:19:48.419,1.5976,1.59786,1.00,1.50
2016.02.09 21:19:48.471,1.59758,1.59785,1.00,1.00
2016.02.09 21:19:48.573,1.59752,1.59781,1.20,1.00
2016.02.09 21:19:48.675,1.59751,1.59778,1.15,1.00
2016.02.09 21:19:48.980,1.59746,1.59775,1.15,1.00
2016.02.09 21:19:49.082,1.59745,1.59772,1.00,1.00
2016.02.09 21:19:49.184,1.59736,1.59773,1.27,1.00
2016.02.09 21:19:49.503,1.59733,1.5977,2.40,1.00
2016.02.09 21:19:49.809,1.59736,1.59763,1.15,1.00
2016.02.09 21:19:50.729,1.59736,1.59763,1.15,1.00
2016.02.09 21:19:51.250,1.59736,1.59763,1.12,1.00
2016.02.09 21:19:51.810,1.59745,1.59763,1.00,1.00
2016.02.09 21:19:51.861,1.59745,1.5977,1.00,1.50
2016.02.09 21:19:51.913,1.59749,1.59772,1.00,1.72
2016.02.09 21:19:52.070,1.59749,1.59775,1.00,1.00
2016.02.09 21:19:52.121,1.5975,1.59777,1.00,1.00
2016.02.09 21:19:55.822,1.59752,1.59781,1.00,1.00
2016.02.09 21:20:07.211,1.59751,1.59778,1.00,1.00
2016.02.09 21:20:10.563,1.59749,1.59776,1.00,1.00
2016.02.09 21:20:12.182,1.59748,1.59775,1.00,1.00
2016.02.09 21:20:13.331,1.59744,1.59771,1.00,1.00
2016.02.09 21:20:13.383,1.5974,1.59769,1.00,1.00
2016.02.09 21:20:13.739,1.59742,1.59769,1.00,1.00
2016.02.09 21:20:14.043,1.59744,1.59771,1.00,1.00
2016.02.09 21:20:23.505,1.59744,1.59771,1.37,1.00
2016.02.09 21:20:26.561,1.59744,1.5977,1.00,1.12
2016.02.09 21:20:26.664,1.59741,1.59768,1.00,1.00
2016.02.09 21:20:26.765,1.59739,1.59766,1.00,1.00
2016.02.09 21:20:28.645,1.5974,1.59769,1.00,1.00
2016.02.09 21:20:29.220,1.59739,1.59766,1.00,1.00
2016.02.09 21:20:40.179,1.59738,1.59765,1.00,1.00
2016.02.09 21:20:40.908,1.59737,1.59766,1.00,1.00
2016.02.09 21:20:58.967,1.59735,1.59764,1.12,1.50
2016.02.09 21:20:59.272,1.59733,1.59762,1.37,1.00
2016.02.09 21:20:59.833,1.59731,1.5976,1.37,1.00
2016.02.09 21:21:00.290,1.59727,1.59755,1.75,1.00
2016.02.09 21:21:01.705,1.59727,1.59755,1.37,1.00
2016.02.09 21:21:01.858,1.59724,1.59751,2.25,1.00
2016.02.09 21:21:08.145,1.59724,1.59751,1.37,1.00
2016.02.09 21:21:19.135,1.59722,1.59751,1.37,1.00
2016.02.09 21:21:19.755,1.59721,1.59748,1.37,1.00
2016.02.09 21:21:20.061,1.59717,1.59744,1.00,1.00
2016.02.09 21:21:20.112,1.59712,1.59739,1.37,1.00
2016.02.09 21:21:20.316,1.59704,1.59741,2.25,1.12
2016.02.09 21:21:20.473,1.59704,1.59739,1.75,1.37
2016.02.09 21:21:20.990,1.59702,1.59729,2.85,1.00
2016.02.09 21:21:21.143,1.59702,1.59733,2.10,1.00
2016.02.09 21:21:21.449,1.59701,1.5973,1.60,1.00
2016.02.09 21:21:25.860,1.597,1.59727,1.60,1.00
2016.02.09 21:21:27.938,1.59704,1.59731,1.60,1.00
2016.02.09 21:21:28.040,1.59706,1.59733,1.60,1.00
2016.02.09 21:21:28.518,1.59706,1.59733,1.22,1.00
2016.02.09 21:21:30.827,1.597,1.59729,2.85,1.00
2016.02.09 21:21:30.929,1.59703,1.59732,1.60,1.00
2016.02.09 21:21:34.311,1.59702,1.59731,1.75,1.00
2016.02.09 21:21:38.301,1.59702,1.59731,1.52,1.00
2016.02.09 21:21:40.381,1.59702,1.59731,1.42,1.00
2016.02.09 21:21:41.292,1.59702,1.59731,1.00,1.00
2016.02.09 21:21:41.445,1.59701,1.59728,1.06,1.00
2016.02.09 21:21:51.327,1.59699,1.59726,1.00,1.00
2016.02.09 21:21:51.835,1.59698,1.59725,1.12,1.00
2016.02.09 21:22:16.666,1.597,1.59727,1.00,1.00
2016.02.09 21:22:21.866,1.59701,1.5973,1.00,1.50
2016.02.09 21:22:23.373,1.59701,1.59729,1.00,1.00
2016.02.09 21:22:23.424,1.59697,1.59726,1.00,1.00
2016.02.09 21:22:39.655,1.59696,1.59723,1.00,1.00
2016.02.09 21:22:39.757,1.59693,1.59722,1.00,1.00
2016.02.09 21:22:40.164,1.59695,1.59724,1.00,1.87
2016.02.09 21:22:40.974,1.59694,1.59721,1.00,1.00
2016.02.09 21:22:48.631,1.59695,1.59722,1.00,1.00
2016.02.09 21:22:51.258,1.59695,1.59723,1.12,1.50
2016.02.09 21:22:56.964,1.59695,1.59724,1.12,1.50
2016.02.09 21:23:02.785,1.59697,1.59725,1.00,1.00
2016.02.09 21:23:07.693,1.59697,1.59726,1.00,1.50
2016.02.09 21:23:08.520,1.59696,1.59723,1.00,1.00
2016.02.09 21:23:08.936,1.59693,1.59722,1.37,1.00
2016.02.09 21:23:14.162,1.59693,1.59721,1.37,1.00
2016.02.09 21:23:19.186,1.59693,1.59722,1.37,1.00
2016.02.09 21:23:26.274,1.59693,1.59719,1.37,1.00
2016.02.09 21:23:33.530,1.59691,1.59718,1.37,1.00
2016.02.09 21:23:37.901,1.59692,1.59721,1.37,1.00
2016.02.09 21:23:38.418,1.59692,1.59721,1.00,1.50
2016.02.09 21:23:38.519,1.5969,1.59719,1.00,1.00
2016.02.09 21:23:38.980,1.59689,1.59716,1.00,1.00
2016.02.09 21:23:44.145,1.59686,1.59715,1.00,1.00
2016.02.09 21:23:45.356,1.59689,1.59716,1.00,1.00
2016.02.09 21:23:45.661,1.59667,1.59703,1.00,1.75
2016.02.09 21:23:45.871,1.5967,1.59697,1.00,1.00
2016.02.09 21:23:46.175,1.59672,1.59699,1.00,1.37
2016.02.09 21:23:46.279,1.5967,1.59697,1.00,1.00
2016.02.09 21:23:55.960,1.59667,1.59696,1.00,1.00
2016.02.09 21:23:56.563,1.59666,1.59695,1.00,1.00
2016.02.09 21:23:57.130,1.59668,1.59697,1.00,1.00
2016.02.09 21:24:00.354,1.59667,1.59696,1.00,1.00
2016.02.09 21:24:00.659,1.59664,1.59692,1.00,1.00
2016.02.09 21:24:00.964,1.59669,1.59698,1.87,1.00
2016.02.09 21:24:05.039,1.59671,1.59698,1.12,1.00
2016.02.09 21:24:10.976,1.59669,1.59698,1.50,1.50
2016.02.09 21:24:11.237,1.59665,1.59692,1.00,1.00
2016.02.09 21:24:11.754,1.59664,1.59691,1.00,1.00
2016.02.09 21:24:12.915,1.59665,1.59692,1.00,1.00
2016.02.09 21:24:12.967,1.59659,1.59688,1.00,1.00
2016.02.09 21:24:13.120,1.59659,1.59686,1.00,1.00
2016.02.09 21:24:13.527,1.5966,1.59687,1.75,1.00
2016.02.09 21:24:13.628,1.59664,1.59693,1.37,1.12
2016.02.09 21:24:19.350,1.59665,1.5969,1.37,1.00
2016.02.09 21:24:21.786,1.59661,1.5969,1.75,1.00
2016.02.09 21:24:24.750,1.59664,1.59693,1.87,1.00
2016.02.09 21:24:25.268,1.59666,1.59695,1.37,1.00
2016.02.09 21:24:26.333,1.59664,1.59693,1.87,1.00
2016.02.09 21:24:27.079,1.59666,1.59695,1.37,1.00
2016.02.09 21:24:28.945,1.59674,1.59696,1.00,1.12
2016.02.09 21:24:28.996,1.59675,1.59704,1.00,1.00
2016.02.09 21:24:29.098,1.59679,1.59708,1.00,1.50
2016.02.09 21:24:29.505,1.59681,1.59708,1.00,1.00
2016.02.09 21:24:29.844,1.59683,1.5971,1.00,1.12
2016.02.09 21:24:30.151,1.59679,1.59708,1.00,1.00
2016.02.09 21:24:30.406,1.59678,1.59705,1.50,1.00
2016.02.09 21:24:30.914,1.59677,1.59704,1.00,1.00
2016.02.09 21:24:33.285,1.59675,1.59702,1.00,1.00
2016.02.09 21:24:33.438,1.59673,1.59702,1.00,1.12
2016.02.09 21:24:33.540,1.59674,1.59703,1.00,1.37
2016.02.09 21:24:33.591,1.5967,1.59699,1.00,1.00
2016.02.09 21:24:33.694,1.5967,1.59696,1.00,1.00
2016.02.09 21:24:33.908,1.5967,1.59699,1.00,1.12
2016.02.09 21:24:34.414,1.59671,1.597,1.00,1.50
2016.02.09 21:24:35.231,1.59671,1.597,1.00,1.12
2016.02.09 21:24:35.282,1.59669,1.59698,1.00,1.00
2016.02.09 21:24:35.602,1.59671,1.597,1.00,1.12
2016.02.09 21:24:37.826,1.59672,1.59701,1.00,1.37
2016.02.09 21:24:38.142,1.59674,1.59703,1.00,1.37
2016.02.09 21:24:39.349,1.59674,1.59703,1.00,1.00
2016.02.09 21:24:39.400,1.59684,1.5971,1.00,1.87
2016.02.09 21:24:39.452,1.59685,1.5971,1.00,1.12
2016.02.09 21:24:39.554,1.59687,1.59711,1.50,1.12
2016.02.09 21:24:39.867,1.59694,1.59721,1.00,2.25
2016.02.09 21:24:41.228,1.59694,1.59721,1.00,2.25
2016.02.09 21:24:41.643,1.59688,1.59715,1.00,2.25
2016.02.09 21:24:41.745,1.59682,1.59711,1.00,1.37
2016.02.09 21:24:41.796,1.5968,1.59709,1.00,1.37
2016.02.09 21:24:41.847,1.59678,1.59707,1.00,1.00
2016.02.09 21:24:44.021,1.59678,1.59705,1.00,1.00
2016.02.09 21:24:44.326,1.59678,1.59705,1.00,1.37
2016.02.09 21:24:48.155,1.59675,1.59704,1.00,1.37
2016.02.09 21:24:49.259,1.59678,1.59705,1.00,1.37
2016.02.09 21:24:49.767,1.59677,1.59706,1.00,1.37
2016.02.09 21:24:50.219,1.59679,1.59708,1.00,1.37
2016.02.09 21:24:50.525,1.59682,1.59709,1.00,1.50
2016.02.09 21:24:50.576,1.59682,1.59709,1.00,1.37
2016.02.09 21:24:50.984,1.59686,1.59712,1.00,1.37
2016.02.09 21:24:51.035,1.59688,1.59715,1.00,1.87
2016.02.09 21:24:51.090,1.5969,1.59719,1.00,1.87
2016.02.09 21:24:51.193,1.59695,1.59727,1.00,1.37
2016.02.09 21:24:51.296,1.59699,1.59726,1.12,1.37
2016.02.09 21:24:51.347,1.59699,1.59733,1.12,1.50
2016.02.09 21:24:51.867,1.59699,1.59732,1.12,1.37
2016.02.09 21:24:51.969,1.59699,1.59734,1.12,1.12
2016.02.09 21:24:52.477,1.59704,1.59733,1.12,1.00
2016.02.09 21:24:54.232,1.59703,1.5973,1.50,1.00
2016.02.09 21:24:55.883,1.59703,1.5973,1.00,1.37
2016.02.09 21:24:56.035,1.59699,1.59728,1.00,1.75
2016.02.09 21:24:56.091,1.59701,1.59728,1.00,1.12
2016.02.09 21:24:56.294,1.59699,1.59727,1.00,1.12
2016.02.09 21:24:56.396,1.59697,1.59726,1.00,1.75
2016.02.09 21:24:57.091,1.59696,1.59723,1.00,1.50
2016.02.09 21:25:02.316,1.59693,1.59722,1.00,1.37
2016.02.09 21:25:02.797,1.59689,1.59718,1.00,1.87
2016.02.09 21:25:02.926,1.59687,1.59714,1.00,1.44
2016.02.09 21:25:02.978,1.59684,1.59711,1.75,1.37
2016.02.09 21:25:03.030,1.59684,1.59711,1.00,1.37
2016.02.09 21:25:04.074,1.59682,1.59709,1.00,1.37
2016.02.09 21:25:04.376,1.59684,1.59712,1.00,1.12
2016.02.09 21:25:05.526,1.59684,1.59713,1.00,1.50
2016.02.09 21:25:06.859,1.59684,1.59713,1.00,1.12
2016.02.09 21:25:07.366,1.59685,1.59714,1.00,1.00
2016.02.09 21:25:07.697,1.59688,1.59717,1.00,1.37
2016.02.09 21:25:08.002,1.5969,1.59719,1.00,2.25
2016.02.09 21:25:09.671,1.59693,1.59719,2.25,1.81
2016.02.09 21:25:09.976,1.59703,1.59728,1.00,1.37
2016.02.09 21:25:10.272,1.59703,1.59728,1.00,1.00
2016.02.09 21:25:13.419,1.59703,1.5973,1.00,1.12
2016.02.09 21:25:20.957,1.59703,1.5973,1.00,1.37
2016.02.09 21:25:24.265,1.59703,1.5973,1.00,1.87
2016.02.09 21:25:24.316,1.59701,1.59728,1.00,1.50
2016.02.09 21:25:24.367,1.59699,1.59726,1.00,1.37
2016.02.09 21:25:28.398,1.59701,1.59728,1.00,1.50
2016.02.09 21:25:29.541,1.59699,1.59728,1.00,1.50
2016.02.09 21:25:34.513,1.59697,1.59726,1.00,1.37
2016.02.09 21:25:38.539,1.59697,1.59724,1.37,1.37
2016.02.09 21:25:39.048,1.59699,1.59725,1.00,1.37
2016.02.09 21:25:40.085,1.59699,1.59725,1.00,1.37
2016.02.09 21:25:49.501,1.59702,1.59726,1.00,1.37
2016.02.09 21:25:50.036,1.59703,1.59726,1.00,1.37
2016.02.09 21:25:58.806,1.59702,1.59726,1.00,1.37
2016.02.09 21:26:02.476,1.59702,1.59726,1.00,1.37
2016.02.09 21:26:05.328,1.59697,1.59726,1.50,1.87
2016.02.09 21:26:18.808,1.59699,1.59726,1.00,1.37
2016.02.09 21:26:25.019,1.59699,1.59727,1.87,1.37
2016.02.09 21:26:25.071,1.59702,1.59727,1.12,1.37
2016.02.09 21:26:25.585,1.59703,1.59727,1.00,1.37
2016.02.09 21:26:28.384,1.59706,1.59727,1.00,1.37
2016.02.09 21:26:41.397,1.59703,1.59727,1.00,1.37
2016.02.09 21:26:54.238,1.59704,1.59733,1.00,1.75
2016.02.09 21:26:56.406,1.59707,1.59734,1.00,1.75
2016.02.09 21:26:57.291,1.59707,1.59734,1.00,1.50
2016.02.09 21:26:58.878,1.59706,1.59733,1.12,1.37
2016.02.09 21:27:17.563,1.59706,1.59735,1.12,1.12
2016.02.09 21:27:17.817,1.59709,1.59736,1.00,1.37
2016.02.09 21:27:19.713,1.59709,1.59736,1.00,1.00
2016.02.09 21:27:20.041,1.59709,1.59736,1.00,1.75
2016.02.09 21:27:20.513,1.59709,1.59736,1.00,1.37
2016.02.09 21:27:21.032,1.59709,1.59736,1.00,1.12
2016.02.09 21:27:23.946,1.59709,1.59736,1.37,1.12
2016.02.09 21:27:24.454,1.59711,1.59738,1.00,1.37
2016.02.09 21:27:25.539,1.59712,1.59741,1.00,1.75
2016.02.09 21:27:25.796,1.59715,1.59742,1.00,1.37
2016.02.09 21:27:28.543,1.59715,1.59742,1.00,1.00
2016.02.09 21:27:28.645,1.59716,1.59743,1.87,1.00
2016.02.09 21:27:28.696,1.59718,1.59747,1.00,1.50
2016.02.09 21:27:29.368,1.5972,1.59747,1.00,1.50
2016.02.09 21:27:29.673,1.59729,1.59753,1.12,1.37
2016.02.09 21:27:30.757,1.59729,1.59753,1.12,1.00
2016.02.09 21:27:30.808,1.59729,1.59756,1.12,1.12
2016.02.09 21:27:30.961,1.59732,1.59756,1.37,1.12
2016.02.09 21:27:31.466,1.59734,1.59759,1.00,1.50
2016.02.09 21:27:32.830,1.59734,1.59761,1.00,1.75
2016.02.09 21:27:35.486,1.59734,1.59761,1.00,1.75
2016.02.09 21:27:35.994,1.59735,1.59764,1.00,2.25
2016.02.09 21:27:37.406,1.59732,1.59759,1.50,1.12
2016.02.09 21:27:37.559,1.59736,1.59763,1.00,2.25
2016.02.09 21:27:44.495,1.59736,1.5976,1.00,1.00
2016.02.09 21:27:55.358,1.59737,1.59764,1.00,1.75
2016.02.09 21:27:55.665,1.59743,1.59767,1.00,1.37
2016.02.09 21:27:56.174,1.59744,1.59769,1.00,1.37
2016.02.09 21:27:57.318,1.59743,1.59769,1.00,1.37
2016.02.09 21:27:57.521,1.59741,1.59769,1.00,1.37
2016.02.09 21:27:57.907,1.59743,1.59769,1.00,1.37
2016.02.09 21:28:08.470,1.59743,1.5977,1.00,1.37
2016.02.09 21:28:08.673,1.59745,1.59772,1.00,1.37
2016.02.09 21:28:09.753,1.59742,1.59771,1.00,1.37
2016.02.09 21:28:10.044,1.59742,1.5977,1.00,1.37
2016.02.09 21:28:14.164,1.59741,1.59768,1.50,1.37
2016.02.09 21:28:14.469,1.59743,1.5977,1.00,1.37
2016.02.09 21:28:22.562,1.59745,1.59772,1.00,1.33
2016.02.09 21:28:23.142,1.59746,1.59773,1.00,1.33
2016.02.09 21:28:23.835,1.5975,1.59773,1.00,1.33
2016.02.09 21:28:23.988,1.59756,1.5978,1.87,1.33
2016.02.09 21:28:24.111,1.59756,1.59784,1.12,1.83
2016.02.09 21:28:24.469,1.59763,1.59787,1.00,1.70
2016.02.09 21:28:25.211,1.59762,1.59787,1.12,1.70
2016.02.09 21:28:25.733,1.59762,1.59787,1.12,1.70
2016.02.09 21:28:26.292,1.59762,1.59787,1.12,1.70
2016.02.09 21:28:26.829,1.59762,1.59788,1.12,1.70
2016.02.09 21:28:27.216,1.5976,1.59786,1.00,1.70
2016.02.09 21:28:27.690,1.59757,1.59784,1.37,1.70
2016.02.09 21:28:27.843,1.59756,1.59782,1.00,1.33
2016.02.09 21:28:34.132,1.59751,1.59778,1.75,1.37
2016.02.09 21:28:34.184,1.59751,1.59778,1.00,1.37
2016.02.09 21:28:36.095,1.59751,1.59778,1.00,1.37
2016.02.09 21:28:40.578,1.59751,1.59778,1.00,1.37
2016.02.09 21:28:41.197,1.59749,1.59778,1.00,1.37
2016.02.09 21:28:43.879,1.59749,1.59778,1.00,2.25
2016.02.09 21:28:44.032,1.5974,1.59768,1.00,1.37
2016.02.09 21:28:44.084,1.59738,1.59765,1.00,1.37
2016.02.09 21:28:44.592,1.59739,1.59766,1.00,1.37
2016.02.09 21:28:45.407,1.59736,1.59765,1.00,1.37
2016.02.09 21:29:00.322,1.59738,1.59767,1.00,1.37
2016.02.09 21:29:06.890,1.59736,1.59765,1.00,1.37
2016.02.09 21:29:07.116,1.59743,1.5977,1.00,1.37
2016.02.09 21:29:07.167,1.59743,1.5977,1.00,1.37
2016.02.09 21:29:07.219,1.59748,1.59771,1.00,1.37
2016.02.09 21:29:07.270,1.59749,1.59773,1.00,1.00
2016.02.09 21:29:07.321,1.59751,1.59773,1.00,1.00
2016.02.09 21:29:07.373,1.59751,1.59787,1.75,1.37
2016.02.09 21:29:07.577,1.59751,1.59789,1.75,2.02
2016.02.09 21:29:07.679,1.59756,1.59783,1.00,1.00
2016.02.09 21:29:07.984,1.59753,1.59782,1.50,1.00
2016.02.09 21:29:08.492,1.59753,1.59782,1.00,1.00
2016.02.09 21:29:14.589,1.59753,1.59782,1.00,1.37
2016.02.09 21:29:21.351,1.59752,1.59779,1.00,1.37
2016.02.09 21:29:21.554,1.59752,1.59779,1.00,1.14
2016.02.09 21:29:21.656,1.5975,1.59779,1.00,1.14
2016.02.09 21:29:21.910,1.59753,1.5978,1.00,1.14
2016.02.09 21:29:22.502,1.59752,1.59779,1.00,1.14
2016.02.09 21:29:22.605,1.59749,1.59776,1.12,1.14
2016.02.09 21:29:22.707,1.59753,1.5978,1.00,1.14
2016.02.09 21:29:22.759,1.59753,1.5978,1.00,1.14
2016.02.09 21:29:23.471,1.59755,1.59782,1.00,1.27
2016.02.09 21:29:23.776,1.59757,1.59786,1.12,1.14
2016.02.09 21:29:25.397,1.59757,1.59786,1.12,1.14
2016.02.09 21:29:25.948,1.59757,1.59786,1.12,1.14
2016.02.09 21:29:35.149,1.59755,1.59778,1.75,1.37
2016.02.09 21:29:35.201,1.59755,1.59778,1.00,1.37
2016.02.09 21:29:35.252,1.59749,1.59778,1.00,2.25
2016.02.09 21:29:35.325,1.59739,1.59774,1.65,1.12
2016.02.09 21:29:35.377,1.59736,1.59771,1.87,1.00
2016.02.09 21:29:35.479,1.5974,1.59769,1.00,1.00
2016.02.09 21:29:35.784,1.5974,1.59769,1.00,1.37
2016.02.09 21:29:37.432,1.5974,1.59769,1.00,1.37
2016.02.09 21:29:37.988,1.5974,1.59769,1.00,1.00
2016.02.09 21:29:38.458,1.59743,1.5977,1.00,1.00
2016.02.09 21:29:38.764,1.59745,1.5977,1.00,1.00
2016.02.09 21:29:39.123,1.59747,1.59774,1.00,1.37
2016.02.09 21:29:41.393,1.59748,1.59774,1.00,1.37
2016.02.09 21:29:41.546,1.59748,1.59774,1.00,1.00
2016.02.09 21:29:41.598,1.59752,1.59774,1.00,1.00
2016.02.09 21:29:41.649,1.59752,1.59778,1.50,1.00
2016.02.09 21:29:41.752,1.59753,1.5978,1.00,1.00
2016.02.09 21:29:42.265,1.59754,1.59781,1.00,1.00
2016.02.09 21:29:43.972,1.59752,1.59781,1.50,1.00
2016.02.09 21:29:54.788,1.59755,1.59784,1.00,1.00
2016.02.09 21:30:00.377,1.59754,1.5978,1.00,1.00
2016.02.09 21:30:01.165,1.59754,1.59782,1.00,1.00
2016.02.09 21:30:01.434,1.59751,1.59782,1.00,1.00
2016.02.09 21:30:01.605,1.59749,1.59786,1.12,1.00
2016.02.09 21:30:01.656,1.59749,1.59786,1.12,1.50
2016.02.09 21:30:01.961,1.59749,1.5979,1.12,1.75
2016.02.09 21:30:02.906,1.59753,1.59786,1.00,1.00
2016.02.09 21:30:03.212,1.59753,1.59789,1.00,1.75
2016.02.09 21:30:04.217,1.59753,1.59789,1.00,1.75
2016.02.09 21:30:05.640,1.59753,1.5979,1.00,1.37
2016.02.09 21:30:07.743,1.59753,1.5979,1.00,1.75
2016.02.09 21:30:08.048,1.59751,1.5979,1.00,1.75
2016.02.09 21:30:09.029,1.59751,1.59789,1.00,1.75
2016.02.09 21:30:09.571,1.59751,1.59789,1.00,1.75
2016.02.09 21:30:10.122,1.59751,1.59789,1.00,1.75
2016.02.09 21:30:11.604,1.59751,1.59789,1.00,1.75
2016.02.09 21:30:12.656,1.59747,1.59789,1.00,1.87
2016.02.09 21:30:16.105,1.59747,1.59786,1.00,1.75
2016.02.09 21:30:17.703,1.59746,1.59786,1.00,1.75
2016.02.09 21:30:19.015,1.59754,1.59789,1.00,1.75
2016.02.09 21:30:20.494,1.59754,1.59792,1.00,1.75
2016.02.09 21:30:24.192,1.59753,1.59793,1.00,1.75
2016.02.09 21:30:31.624,1.59753,1.59793,1.00,1.37
2016.02.09 21:30:31.726,1.59758,1.59795,1.00,1.00
2016.02.09 21:30:31.878,1.59758,1.59803,1.00,1.87
2016.02.09 21:30:32.233,1.59762,1.59803,1.00,1.37
2016.02.09 21:30:32.826,1.59762,1.59802,1.00,1.37
2016.02.09 21:30:33.527,1.59762,1.59806,1.37,1.37
2016.02.09 21:30:34.051,1.59762,1.59806,1.12,1.87
2016.02.09 21:30:34.594,1.59762,1.59806,1.37,2.62
2016.02.09 21:30:35.939,1.59762,1.59807,1.12,1.87
2016.02.09 21:30:36.484,1.59762,1.59806,1.37,1.37
2016.02.09 21:30:38.315,1.5976,1.59807,1.37,2.25
2016.02.09 21:30:42.247,1.59761,1.59807,1.12,2.62
2016.02.09 21:30:46.644,1.59761,1.59802,1.50,1.37
2016.02.09 21:30:47.352,1.5976,1.59803,1.75,1.37
2016.02.09 21:30:48.659,1.5976,1.59802,1.12,1.37
2016.02.09 21:30:49.267,1.59759,1.59803,1.12,1.37
2016.02.09 21:30:49.617,1.59759,1.59792,1.12,1.00
2016.02.09 21:30:50.149,1.5976,1.59789,1.12,1.00
2016.02.09 21:30:50.303,1.59756,1.59789,1.75,1.00
2016.02.09 21:30:50.558,1.59754,1.59782,1.50,1.00
2016.02.09 21:30:52.713,1.5975,1.59782,1.50,1.00
2016.02.09 21:30:53.234,1.59749,1.59782,1.75,1.00
2016.02.09 21:30:58.154,1.59749,1.59782,1.75,1.00
2016.02.09 21:30:59.351,1.59749,1.59784,1.37,1.00
2016.02.09 21:31:00.213,1.59748,1.59784,1.50,1.00
2016.02.09 21:31:00.862,1.59748,1.59789,1.50,1.37
2016.02.09 21:31:01.594,1.59749,1.59792,1.37,1.50
2016.02.09 21:31:02.121,1.59748,1.59789,1.50,1.37
2016.02.09 21:31:02.529,1.59758,1.59794,1.00,1.12
2016.02.09 21:31:02.631,1.59758,1.59796,1.37,1.37
2016.02.09 21:31:02.682,1.59754,1.59797,1.75,1.00
2016.02.09 21:31:02.784,1.59756,1.59796,1.37,1.00
2016.02.09 21:31:02.937,1.59759,1.59801,1.12,1.37
2016.02.09 21:31:03.486,1.59759,1.59801,1.37,1.00
2016.02.09 21:31:06.714,1.59759,1.59801,1.87,1.00
2016.02.09 21:31:07.083,1.59759,1.59801,2.62,1.00
2016.02.09 21:31:12.815,1.59761,1.59801,1.37,1.00
2016.02.09 21:31:14.656,1.59761,1.598,1.37,1.00
2016.02.09 21:31:15.247,1.59761,1.598,1.94,1.00
2016.02.09 21:31:20.131,1.59767,1.598,1.56,1.00
2016.02.09 21:31:21.634,1.59767,1.59805,1.56,1.87
2016.02.09 21:31:22.237,1.59767,1.59805,1.56,1.12
2016.02.09 21:31:22.643,1.59767,1.59808,1.56,1.37
2016.02.09 21:31:26.151,1.59766,1.5981,1.87,1.75
2016.02.09 21:31:26.654,1.59766,1.59809,2.25,2.25
2016.02.09 21:31:32.312,1.59768,1.59807,1.12,1.00
2016.02.09 21:31:46.779,1.59769,1.59807,1.00,1.00
2016.02.09 21:31:50.879,1.5977,1.59807,1.00,1.00
2016.02.09 21:31:50.930,1.5977,1.59807,1.00,1.50
2016.02.09 21:31:52.179,1.5977,1.59806,1.00,1.37
2016.02.09 21:31:52.858,1.59769,1.59806,1.00,1.37
2016.02.09 21:31:54.075,1.59769,1.59807,1.00,1.50
2016.02.09 21:31:54.599,1.59765,1.59807,1.62,1.50
2016.02.09 21:31:58.961,1.59765,1.59807,1.62,1.00
2016.02.09 21:32:00.775,1.59771,1.59807,1.00,1.00
2016.02.09 21:32:01.081,1.59772,1.59818,1.87,1.37
2016.02.09 21:32:01.618,1.59771,1.59819,3.00,1.37
2016.02.09 21:32:02.381,1.59772,1.59818,1.87,1.37
2016.02.09 21:32:02.971,1.59772,1.59814,1.12,1.37
2016.02.09 21:32:03.023,1.5977,1.59814,1.12,1.37
2016.02.09 21:32:03.587,1.59769,1.59815,1.12,1.37
2016.02.09 21:32:07.268,1.5977,1.59813,1.12,1.37
2016.02.09 21:32:07.819,1.5977,1.5981,1.12,1.00
2016.02.09 21:32:09.085,1.5977,1.59811,1.87,1.12
2016.02.09 21:32:10.607,1.5977,1.59814,1.69,1.37
2016.02.09 21:32:14.979,1.59765,1.59809,1.12,1.87
2016.02.09 21:32:15.132,1.59765,1.59805,1.69,1.00
2016.02.09 21:32:15.639,1.59762,1.59807,2.44,1.50
2016.02.09 21:32:16.283,1.59763,1.59807,1.94,1.50
2016.02.09 21:32:16.486,1.59762,1.59809,2.44,2.25
2016.02.09 21:32:16.538,1.59763,1.59809,1.12,1.87
2016.02.09 21:32:17.289,1.59763,1.59809,2.19,1.87
2016.02.09 21:32:21.316,1.59763,1.59809,1.12,1.87
2016.02.09 21:32:21.848,1.59763,1.59809,2.19,1.87
2016.02.09 21:32:22.518,1.59763,1.59809,1.12,1.87
2016.02.09 21:32:23.024,1.59763,1.59808,2.19,1.37
2016.02.09 21:32:28.438,1.59765,1.59808,1.69,1.12
2016.02.09 21:32:28.951,1.59765,1.59807,1.69,1.00
2016.02.09 21:32:31.770,1.59766,1.59811,1.56,2.25
2016.02.09 21:32:31.981,1.59766,1.59811,1.75,1.50
2016.02.09 21:32:37.626,1.59769,1.59816,1.75,3.00
2016.02.09 21:32:42.591,1.59769,1.59816,1.37,3.37
2016.02.09 21:32:42.744,1.59769,1.59815,1.37,1.75
2016.02.09 21:32:44.958,1.59771,1.59815,1.37,2.25
2016.02.09 21:32:45.424,1.59772,1.59815,1.37,1.37
2016.02.09 21:32:45.965,1.59773,1.59816,1.37,1.75
2016.02.09 21:32:51.243,1.59772,1.59815,1.37,1.37
2016.02.09 21:32:51.592,1.59774,1.59817,1.37,1.87
2016.02.09 21:32:51.897,1.59778,1.59819,1.37,1.75
2016.02.09 21:32:52.403,1.59777,1.59819,1.37,1.75
2016.02.09 21:32:52.949,1.59777,1.59819,1.37,1.75
2016.02.09 21:32:54.150,1.59778,1.59821,1.37,1.87
2016.02.09 21:32:54.760,1.59774,1.59818,1.37,1.50
2016.02.09 21:32:55.470,1.59775,1.59818,1.37,1.50
2016.02.09 21:32:56.005,1.59774,1.59818,1.37,1.87
2016.02.09 21:33:00.276,1.59775,1.59818,1.37,1.50
2016.02.09 21:33:00.378,1.59778,1.59825,1.37,1.12
2016.02.09 21:33:00.429,1.59781,1.59827,1.12,2.25
2016.02.09 21:33:00.480,1.59782,1.59828,1.37,1.75
2016.02.09 21:33:00.988,1.59783,1.5983,1.37,1.75
2016.02.09 21:33:01.494,1.59785,1.5983,1.00,1.75
2016.02.09 21:33:02.654,1.59785,1.5983,1.37,1.87
2016.02.09 21:33:03.731,1.5979,1.5983,1.00,1.87
2016.02.09 21:33:03.935,1.5979,1.59835,1.87,1.50
2016.02.09 21:33:04.037,1.5979,1.59835,1.37,1.12
2016.02.09 21:33:04.715,1.59791,1.59836,2.25,1.12
2016.02.09 21:33:05.027,1.59795,1.59839,1.37,1.12
2016.02.09 21:33:07.092,1.59795,1.59841,3.00,1.87
2016.02.09 21:33:07.397,1.59798,1.59842,1.37,2.62
2016.02.09 21:33:09.995,1.59798,1.59842,1.87,1.12
2016.02.09 21:33:12.765,1.59799,1.59841,1.37,1.12
2016.02.09 21:33:16.009,1.59798,1.59845,1.87,1.87
2016.02.09 21:33:17.317,1.59799,1.59844,1.87,1.12
2016.02.09 21:33:20.627,1.59803,1.59843,1.00,1.75
2016.02.09 21:33:21.135,1.59799,1.59843,1.87,1.75
2016.02.09 21:33:25.898,1.59799,1.59843,2.62,1.75
2016.02.09 21:33:29.306,1.59797,1.59841,1.00,1.12
2016.02.09 21:33:29.358,1.59796,1.59841,1.12,2.62
2016.02.09 21:33:29.907,1.59797,1.5984,1.37,1.87
2016.02.09 21:33:30.517,1.59794,1.59834,1.37,1.50
2016.02.09 21:33:31.026,1.59795,1.59834,1.37,1.50
2016.02.09 21:33:31.521,1.59791,1.59834,1.37,1.50
2016.02.09 21:33:31.777,1.59792,1.59834,1.37,1.75
2016.02.09 21:33:31.879,1.59791,1.59833,1.75,1.00
2016.02.09 21:33:32.387,1.59792,1.59834,1.75,1.00
2016.02.09 21:33:34.021,1.59792,1.59837,1.75,1.75
2016.02.09 21:33:52.878,1.59795,1.59839,1.75,2.25
2016.02.09 21:33:57.964,1.59796,1.59839,1.50,2.25
2016.02.09 21:33:58.505,1.59795,1.59839,1.75,2.25
2016.02.09 21:33:59.742,1.59796,1.59839,1.50,2.25
2016.02.09 21:34:00.060,1.59795,1.59836,1.37,1.37
2016.02.09 21:34:00.873,1.59796,1.59837,1.37,1.37
2016.02.09 21:34:01.544,1.59795,1.59837,1.37,1.37
2016.02.09 21:34:02.196,1.59796,1.59837,1.37,1.37
2016.02.09 21:34:03.496,1.59795,1.59836,1.37,1.37
2016.02.09 21:34:03.999,1.59796,1.59834,1.37,1.37
2016.02.09 21:34:04.517,1.59795,1.59834,1.37,1.37
2016.02.09 21:34:04.822,1.59796,1.59832,1.37,1.37
2016.02.09 21:34:05.574,1.59795,1.59832,1.37,1.37
2016.02.09 21:34:06.124,1.59796,1.59832,1.37,1.37
2016.02.09 21:34:06.806,1.59793,1.59832,1.37,1.37
2016.02.09 21:34:09.278,1.59793,1.59832,1.50,1.19
2016.02.09 21:34:13.908,1.59793,1.59835,1.75,1.12
2016.02.09 21:34:14.845,1.59796,1.59836,1.00,1.00
2016.02.09 21:34:16.826,1.59792,1.59834,1.75,1.00
2016.02.09 21:34:20.507,1.59795,1.59834,1.00,1.00
2016.02.09 21:34:24.015,1.59792,1.59834,1.75,1.30
2016.02.09 21:34:28.953,1.59795,1.59833,1.00,1.00
2016.02.09 21:34:30.871,1.59795,1.59832,1.00,1.00
2016.02.09 21:34:31.401,1.59793,1.59832,1.75,1.00
2016.02.09 21:34:33.111,1.59793,1.59833,1.75,1.00
2016.02.09 21:34:34.275,1.59793,1.59832,1.75,1.00
2016.02.09 21:34:35.073,1.59793,1.59834,1.75,1.30
2016.02.09 21:34:36.645,1.59795,1.59834,1.00,1.30
2016.02.09 21:34:38.963,1.59793,1.59834,1.75,1.37
2016.02.09 21:34:42.631,1.59797,1.59836,1.37,1.37
2016.02.09 21:34:42.784,1.598,1.59842,1.12,1.12
2016.02.09 21:34:42.835,1.59796,1.59844,2.16,1.50
2016.02.09 21:34:43.343,1.59797,1.59841,1.66,1.37
2016.02.09 21:34:45.933,1.59797,1.59841,1.37,1.37
2016.02.09 21:34:47.440,1.59796,1.59842,2.16,1.37
2016.02.09 21:34:50.965,1.59796,1.59841,1.37,1.37
2016.02.09 21:34:51.016,1.59796,1.59841,1.75,1.37
2016.02.09 21:34:51.532,1.59798,1.59841,1.00,1.37
2016.02.09 21:34:52.034,1.59798,1.59842,1.00,1.37
2016.02.09 21:34:54.950,1.59798,1.59841,1.00,1.37
2016.02.09 21:34:55.499,1.59797,1.59841,1.12,1.37
2016.02.09 21:34:55.805,1.59797,1.59838,1.50,1.37
2016.02.09 21:34:56.433,1.59797,1.59838,1.41,1.37
2016.02.09 21:35:00.493,1.59797,1.59841,1.28,1.37
2016.02.09 21:35:08.500,1.59796,1.5984,1.75,1.37
2016.02.09 21:35:08.601,1.59798,1.5984,2.25,1.37
2016.02.09 21:35:11.188,1.598,1.59843,1.12,1.87
2016.02.09 21:35:20.331,1.59799,1.59843,1.87,1.37
2016.02.09 21:35:21.233,1.598,1.59843,1.12,1.87
2016.02.09 21:35:21.466,1.598,1.59843,1.87,1.87
2016.02.09 21:35:26.997,1.598,1.59843,1.75,1.37
2016.02.09 21:35:30.798,1.598,1.59843,1.87,1.87
2016.02.09 21:35:34.104,1.598,1.59843,1.75,1.37
2016.02.09 21:35:45.621,1.598,1.59843,1.87,1.87
2016.02.09 21:35:47.788,1.59804,1.59842,1.87,1.00
2016.02.09 21:35:47.840,1.59808,1.5985,1.12,1.12
2016.02.09 21:35:48.348,1.59808,1.59852,1.75,1.37
2016.02.09 21:35:51.902,1.59808,1.59852,1.75,1.87
2016.02.09 21:35:53.022,1.59807,1.59849,1.87,1.12
2016.02.09 21:35:54.322,1.59807,1.59849,1.87,1.12
2016.02.09 21:35:54.666,1.59807,1.59849,1.87,1.87
2016.02.09 21:35:55.681,1.59807,1.59846,1.03,1.12
2016.02.09 21:35:56.217,1.59807,1.59845,1.03,1.00
2016.02.09 21:35:57.755,1.59807,1.59847,1.03,1.37
2016.02.09 21:36:03.121,1.59802,1.59847,1.03,1.87
2016.02.09 21:36:03.671,1.59802,1.59847,1.03,1.87
2016.02.09 21:36:04.542,1.59801,1.59846,2.16,1.00
2016.02.09 21:36:06.806,1.598,1.59844,1.75,1.00
2016.02.09 21:36:07.338,1.59797,1.59842,2.25,1.12
2016.02.09 21:36:09.490,1.59802,1.59842,1.37,1.75
2016.02.09 21:36:09.643,1.59801,1.59844,2.25,1.00
2016.02.09 21:36:10.191,1.59801,1.59846,2.25,1.50
2016.02.09 21:36:11.875,1.59802,1.59844,1.75,1.00
2016.02.09 21:36:12.199,1.59802,1.59842,1.75,1.00
2016.02.09 21:36:12.302,1.59802,1.59845,1.75,1.50
2016.02.09 21:36:14.079,1.59801,1.59844,1.75,1.37
2016.02.09 21:36:17.314,1.598,1.59844,1.75,1.75
2016.02.09 21:36:21.630,1.598,1.59842,1.75,1.00
2016.02.09 21:36:26.122,1.598,1.59844,1.75,3.00
2016.02.09 21:36:28.447,1.59795,1.59839,1.75,1.37
2016.02.09 21:36:28.603,1.59793,1.59838,1.12,1.50
2016.02.09 21:36:31.759,1.59792,1.59837,1.75,1.50
2016.02.09 21:36:31.861,1.59789,1.59835,2.25,1.75
2016.02.09 21:36:32.371,1.59789,1.59836,1.50,1.75
2016.02.09 21:36:32.965,1.59789,1.59833,1.12,1.12
2016.02.09 21:36:33.478,1.59787,1.59829,1.37,1.14
2016.02.09 21:36:33.834,1.59793,1.59833,1.37,1.52
2016.02.09 21:36:38.527,1.59792,1.59836,1.37,3.14
2016.02.09 21:36:39.054,1.59793,1.59834,1.37,1.52
2016.02.09 21:36:39.583,1.59792,1.59834,1.37,1.52
2016.02.09 21:36:43.165,1.59792,1.59835,1.37,2.25
2016.02.09 21:36:46.351,1.59792,1.59834,1.37,1.52
2016.02.09 21:36:47.259,1.59789,1.59834,1.37,1.52
2016.02.09 21:36:47.873,1.5979,1.59834,1.37,2.02
2016.02.09 21:36:53.763,1.59789,1.59831,1.37,1.14
2016.02.09 21:37:00.185,1.5979,1.59828,1.37,1.37
2016.02.09 21:37:01.999,1.59789,1.59828,1.37,1.37
2016.02.09 21:37:02.592,1.5979,1.59828,1.37,1.37
2016.02.09 21:37:06.793,1.59789,1.59828,1.37,1.37
2016.02.09 21:37:07.323,1.5979,1.59828,1.37,1.37
2016.02.09 21:37:09.418,1.59789,1.59831,1.37,1.37
2016.02.09 21:37:09.969,1.59788,1.59831,1.50,1.37
2016.02.09 21:37:11.974,1.59787,1.59831,2.25,1.37
2016.02.09 21:37:13.779,1.59788,1.59831,1.50,1.37
2016.02.09 21:37:17.291,1.59787,1.59833,1.75,1.87
2016.02.09 21:37:19.001,1.59788,1.59832,1.50,1.37
2016.02.09 21:37:20.200,1.59786,1.59833,1.37,1.75
2016.02.09 21:37:21.461,1.59786,1.59833,1.28,1.50
2016.02.09 21:37:23.417,1.59786,1.59828,1.00,1.81
2016.02.09 21:37:25.342,1.59785,1.59829,1.00,1.75
2016.02.09 21:37:25.844,1.59785,1.59827,1.87,1.56
2016.02.09 21:37:25.946,1.59785,1.59832,1.66,1.69
2016.02.09 21:37:25.998,1.59788,1.59834,1.41,3.37
2016.02.09 21:37:29.318,1.59789,1.59834,1.37,3.37
2016.02.09 21:37:29.657,1.59787,1.5983,1.37,1.56
2016.02.09 21:37:30.165,1.59786,1.59832,1.37,1.87
2016.02.09 21:37:31.441,1.59786,1.5983,1.37,1.56
2016.02.09 21:37:31.695,1.59792,1.59835,1.00,1.69
2016.02.09 21:37:32.226,1.59791,1.59837,1.75,1.94
2016.02.09 21:37:34.536,1.59792,1.59838,1.50,1.12
2016.02.09 21:37:35.934,1.59793,1.59838,1.37,1.12
2016.02.09 21:37:36.754,1.59798,1.59838,1.00,1.12
2016.02.09 21:37:36.958,1.59803,1.59839,1.37,1.00
2016.02.09 21:37:37.499,1.59803,1.59838,1.37,1.00
2016.02.09 21:37:40.471,1.59803,1.59838,1.87,1.00
2016.02.09 21:37:42.842,1.59803,1.5984,1.37,1.12
2016.02.09 21:37:45.101,1.59806,1.59841,1.00,1.00
2016.02.09 21:37:49.870,1.59804,1.5984,1.45,1.00
2016.02.09 21:38:03.861,1.59806,1.59844,1.00,1.37
2016.02.09 21:38:07.192,1.59805,1.59844,2.62,1.37
2016.02.09 21:38:08.988,1.59805,1.59844,1.87,1.37
2016.02.09 21:38:10.408,1.59805,1.59844,1.87,1.37
2016.02.09 21:38:10.916,1.59805,1.59844,1.87,1.37
2016.02.09 21:38:13.820,1.59805,1.59844,1.12,1.37
2016.02.09 21:38:14.081,1.59809,1.59844,1.00,1.37
2016.02.09 21:38:17.432,1.59809,1.59852,2.06,1.50
2016.02.09 21:38:18.433,1.5981,1.59854,1.69,1.75
2016.02.09 21:38:21.961,1.5981,1.59854,1.00,1.94
2016.02.09 21:38:27.575,1.59811,1.59854,1.00,1.94
2016.02.09 21:38:32.448,1.59811,1.59858,1.87,2.70
2016.02.09 21:38:32.752,1.59816,1.59858,1.00,2.62
2016.02.09 21:38:47.824,1.59816,1.59856,1.00,1.12
2016.02.09 21:38:49.037,1.59816,1.59857,1.00,2.19
2016.02.09 21:38:53.559,1.59815,1.59856,1.00,1.69
2016.02.09 21:38:54.656,1.59814,1.59856,1.50,1.69
2016.02.09 21:38:56.250,1.59814,1.59856,1.00,1.87
2016.02.09 21:38:58.635,1.59815,1.59855,1.00,1.12
2016.02.09 21:39:00.766,1.59811,1.59856,1.37,1.31
2016.02.09 21:39:00.973,1.59811,1.59854,1.37,1.12
2016.02.09 21:39:01.483,1.59811,1.59854,1.00,1.12
2016.02.09 21:39:02.092,1.59811,1.59852,1.00,1.12
2016.02.09 21:39:04.719,1.59811,1.59854,1.00,2.19
2016.02.09 21:39:05.730,1.59808,1.59854,1.37,2.19
2016.02.09 21:39:06.079,1.59808,1.59852,1.37,1.12
2016.02.09 21:39:07.609,1.59808,1.59854,1.50,1.12
2016.02.09 21:39:09.677,1.59808,1.59852,1.37,1.12
2016.02.09 21:39:09.729,1.59808,1.59852,1.00,1.12
2016.02.09 21:39:09.831,1.59804,1.59848,1.12,1.12
2016.02.09 21:39:12.576,1.59804,1.59848,1.00,2.25
2016.02.09 21:39:14.037,1.59804,1.59849,1.00,1.75
2016.02.09 21:39:14.921,1.59806,1.59849,1.00,1.75
2016.02.09 21:39:16.489,1.59806,1.59849,1.00,1.75
2016.02.09 21:39:17.249,1.5983,1.59849,1.00,1.75
2016.02.09 21:39:17.300,1.59822,1.59849,1.00,1.00
2016.02.09 21:39:17.351,1.59832,1.59857,1.00,1.24
2016.02.09 21:39:17.454,1.59832,1.59868,1.00,2.21
2016.02.09 21:39:17.506,1.59837,1.59868,1.00,1.37
2016.02.09 21:39:17.822,1.59837,1.59874,1.00,2.02
2016.02.09 21:39:18.027,1.59837,1.59874,1.00,1.00
2016.02.09 21:39:21.878,1.59837,1.59876,1.00,1.00
2016.02.09 21:39:22.560,1.59839,1.59876,1.00,1.00
2016.02.09 21:39:23.064,1.59839,1.59875,1.00,1.00
2016.02.09 21:39:26.363,1.59839,1.59873,1.12,1.00
2016.02.09 21:39:27.127,1.59839,1.5987,1.12,1.00
2016.02.09 21:39:31.855,1.59839,1.59873,1.12,1.00
2016.02.09 21:39:32.580,1.5984,1.59873,1.00,1.00
2016.02.09 21:39:37.712,1.5984,1.59875,1.00,1.00
2016.02.09 21:39:40.127,1.59845,1.59875,1.00,1.00
2016.02.09 21:39:40.432,1.59845,1.59878,1.94,1.00
2016.02.09 21:39:41.183,1.59845,1.59878,1.47,1.00
2016.02.09 21:39:41.834,1.59845,1.59878,1.37,1.00
2016.02.09 21:39:42.356,1.59845,1.59878,1.37,1.00
2016.02.09 21:39:42.942,1.59845,1.59878,1.37,1.00
2016.02.09 21:39:43.208,1.5985,1.59878,1.00,1.00
2016.02.09 21:39:43.717,1.5985,1.59879,1.12,1.00
2016.02.09 21:39:43.870,1.5985,1.59882,1.12,1.00
2016.02.09 21:39:46.383,1.5985,1.5988,1.12,1.00
2016.02.09 21:39:48.284,1.59849,1.5988,1.37,1.00
2016.02.09 21:39:50.343,1.59849,1.5988,1.37,1.00
2016.02.09 21:39:51.148,1.59849,1.5988,1.75,1.00
2016.02.09 21:39:58.161,1.59848,1.59881,1.87,1.00
2016.02.09 21:39:58.486,1.59853,1.59884,1.12,1.50
2016.02.09 21:39:58.537,1.59852,1.59884,1.37,1.50
2016.02.09 21:39:58.588,1.59852,1.5988,1.37,1.00
2016.02.09 21:39:58.791,1.59849,1.5988,1.37,1.00
2016.02.09 21:39:59.248,1.59849,1.59884,1.37,1.00
2016.02.09 21:39:59.451,1.59849,1.5988,1.87,1.00
2016.02.09 21:39:59.957,1.59849,1.5988,1.37,1.00
2016.02.09 21:40:00.567,1.59849,1.5988,1.87,1.00
2016.02.09 21:40:00.771,1.59849,1.59885,1.87,1.00
2016.02.09 21:40:01.592,1.59849,1.59885,1.37,1.00
2016.02.09 21:40:04.071,1.59848,1.59886,1.85,1.00
2016.02.09 21:40:05.747,1.59848,1.59887,1.85,1.50
2016.02.09 21:40:06.255,1.59848,1.59884,1.47,1.00
2016.02.09 21:40:06.396,1.59844,1.59883,1.37,1.00
2016.02.09 21:40:06.448,1.59844,1.5988,1.37,1.00
2016.02.09 21:40:06.703,1.59841,1.5988,1.37,1.00
2016.02.09 21:40:07.261,1.59847,1.59883,1.00,1.00
2016.02.09 21:40:07.465,1.59852,1.59892,1.50,1.45
2016.02.09 21:40:07.516,1.59853,1.59894,1.12,1.12
2016.02.09 21:40:07.618,1.59852,1.59895,1.87,1.00
2016.02.09 21:40:07.962,1.59857,1.59897,1.00,1.12
2016.02.09 21:40:08.470,1.59857,1.59897,1.00,1.87
2016.02.09 21:40:09.617,1.59857,1.59897,1.00,1.12
2016.02.09 21:40:10.279,1.59857,1.59897,1.00,1.37
2016.02.09 21:40:12.913,1.59856,1.59897,1.12,1.37
2016.02.09 21:40:13.066,1.5986,1.59901,1.00,1.12
2016.02.09 21:40:13.117,1.5986,1.59901,1.37,1.00
2016.02.09 21:40:13.663,1.5986,1.59901,1.87,1.00
2016.02.09 21:40:18.000,1.59862,1.59901,1.37,1.00
2016.02.09 21:40:18.305,1.59858,1.59893,1.37,1.00
2016.02.09 21:40:19.672,1.59858,1.59892,1.37,1.00
2016.02.09 21:40:19.723,1.59855,1.59892,1.37,1.00
2016.02.09 21:40:20.102,1.59852,1.59892,1.37,1.00
2016.02.09 21:40:24.234,1.5985,1.59892,1.37,1.00
2016.02.09 21:40:26.268,1.5985,1.59891,1.37,1.00
2016.02.09 21:40:26.778,1.5985,1.5989,1.37,1.00
2016.02.09 21:40:28.034,1.59849,1.5989,1.37,1.00
2016.02.09 21:40:28.406,1.59849,1.59892,1.37,1.00
2016.02.09 21:40:28.926,1.5985,1.59891,1.37,1.00
2016.02.09 21:40:29.523,1.5985,1.5989,1.37,1.00
2016.02.09 21:40:36.005,1.5985,1.59891,1.37,1.50
2016.02.09 21:40:36.514,1.5985,1.5989,1.37,1.00
2016.02.09 21:40:36.819,1.5985,1.59888,1.37,1.00
2016.02.09 21:40:38.925,1.59849,1.59888,1.37,1.00
2016.02.09 21:40:40.226,1.5985,1.59888,1.37,1.00
2016.02.09 21:40:40.895,1.5985,1.59889,1.37,1.00
2016.02.09 21:40:41.302,1.59853,1.59891,1.00,1.00
2016.02.09 21:40:41.556,1.59849,1.59888,1.37,1.00
2016.02.09 21:40:42.062,1.5985,1.59888,1.37,1.00
2016.02.09 21:40:42.164,1.5985,1.5989,1.37,1.00
2016.02.09 21:40:42.521,1.59849,1.59888,1.37,1.00
2016.02.09 21:40:43.225,1.59849,1.59892,1.50,2.25
2016.02.09 21:40:43.378,1.59854,1.59892,1.00,1.00
2016.02.09 21:40:43.582,1.5985,1.59891,1.37,1.00
2016.02.09 21:40:43.940,1.59848,1.59888,1.37,1.00
2016.02.09 21:40:47.124,1.59848,1.59885,1.37,1.00
2016.02.09 21:40:47.176,1.59845,1.59885,1.37,1.00
2016.02.09 21:40:58.896,1.59844,1.59885,1.37,1.00
2016.02.09 21:40:59.473,1.59845,1.59885,1.37,1.00
2016.02.09 21:40:59.778,1.59842,1.59885,1.37,1.00
2016.02.09 21:41:00.285,1.59843,1.59885,1.37,1.87
2016.02.09 21:41:00.580,1.59843,1.59883,1.37,1.00
2016.02.09 21:41:00.784,1.59843,1.59885,1.37,1.12
2016.02.09 21:41:01.089,1.5984,1.59885,1.37,1.50
2016.02.09 21:41:01.597,1.5984,1.59884,1.37,1.00
2016.02.09 21:41:05.247,1.5984,1.59885,1.37,1.00
2016.02.09 21:41:05.895,1.5984,1.59884,1.37,1.00
2016.02.09 21:41:06.423,1.59841,1.59884,1.37,1.00
2016.02.09 21:41:06.890,1.59841,1.59882,1.37,1.00
2016.02.09 21:41:09.709,1.5984,1.59882,1.37,1.00
2016.02.09 21:41:11.470,1.5984,1.59881,1.37,1.00
2016.02.09 21:41:13.004,1.5984,1.59882,1.37,1.00
2016.02.09 21:41:13.728,1.59841,1.59882,1.37,1.00
2016.02.09 21:41:14.238,1.5984,1.59882,1.37,1.00
2016.02.09 21:41:15.001,1.5984,1.59881,1.37,1.00
2016.02.09 21:41:16.880,1.5984,1.59883,1.37,1.00
2016.02.09 21:41:17.471,1.5984,1.59884,1.37,1.80
2016.02.09 21:41:17.979,1.5984,1.59883,1.37,1.00
2016.02.09 21:41:18.815,1.59841,1.59882,1.37,1.00
2016.02.09 21:41:19.299,1.59841,1.59879,1.37,1.00
2016.02.09 21:41:19.502,1.59841,1.59883,1.37,1.50
2016.02.09 21:41:21.038,1.5984,1.59883,1.37,1.00
2016.02.09 21:41:21.653,1.59841,1.59883,1.37,1.00
2016.02.09 21:41:26.531,1.5984,1.59883,1.50,1.00
2016.02.09 21:41:26.937,1.5984,1.59885,1.50,1.00
2016.02.09 21:41:33.570,1.59841,1.59886,1.37,1.87
2016.02.09 21:41:35.389,1.59841,1.59885,1.37,1.42
2016.02.09 21:41:35.492,1.59841,1.59885,1.37,1.12
2016.02.09 21:41:36.041,1.5984,1.59883,1.37,1.00
2016.02.09 21:41:36.235,1.5984,1.59885,1.37,2.25
2016.02.09 21:41:36.539,1.5984,1.59885,1.37,1.80
2016.02.09 21:41:36.946,1.5984,1.59885,1.37,2.29
2016.02.09 21:41:37.453,1.5984,1.59883,1.37,1.00
2016.02.09 21:41:37.756,1.59844,1.59884,1.37,1.00
2016.02.09 21:41:39.152,1.59843,1.59885,1.37,1.00
2016.02.09 21:41:39.727,1.59843,1.59884,1.37,1.00
2016.02.09 21:41:40.258,1.59843,1.59885,1.37,1.24
2016.02.09 21:41:40.596,1.59844,1.59883,1.37,1.00
2016.02.09 21:41:40.711,1.59844,1.59885,1.37,1.16
2016.02.09 21:41:41.016,1.59844,1.59883,1.37,1.00
2016.02.09 21:41:41.552,1.59844,1.59885,1.37,1.00
2016.02.09 21:41:41.760,1.59844,1.59883,1.37,1.00
2016.02.09 21:41:42.268,1.59844,1.59884,1.37,1.00
2016.02.09 21:41:42.816,1.59844,1.59885,1.37,1.00
2016.02.09 21:41:43.359,1.59843,1.59883,1.37,1.00
2016.02.09 21:41:43.667,1.59843,1.59885,1.37,1.00
2016.02.09 21:41:43.871,1.59843,1.59883,1.37,1.00
2016.02.09 21:41:44.023,1.59843,1.59885,1.37,1.00
2016.02.09 21:41:44.276,1.59843,1.59883,1.37,1.00
2016.02.09 21:41:44.859,1.59843,1.59884,1.37,1.00
2016.02.09 21:41:45.402,1.59843,1.59883,1.37,1.00
2016.02.09 21:41:45.657,1.59843,1.59885,1.37,1.24
2016.02.09 21:41:45.876,1.59843,1.59883,1.37,1.00
2016.02.09 21:41:46.028,1.59843,1.59885,1.37,1.00
2016.02.09 21:41:46.659,1.59843,1.59884,1.37,1.00
2016.02.09 21:41:47.183,1.59843,1.59885,1.37,1.00
2016.02.09 21:41:47.844,1.59844,1.59885,1.37,1.00
2016.02.09 21:41:52.158,1.59841,1.59885,1.37,1.00
2016.02.09 21:41:52.665,1.59841,1.59885,1.37,1.37
2016.02.09 21:41:55.678,1.59844,1.59887,1.00,1.37
2016.02.09 21:41:56.209,1.59843,1.59889,1.37,1.87
2016.02.09 21:41:57.104,1.59845,1.59889,1.00,1.37
2016.02.09 21:42:04.499,1.59846,1.59889,1.37,1.87
2016.02.09 21:42:04.602,1.59845,1.59889,1.87,1.00
2016.02.09 21:42:05.905,1.59849,1.59889,1.00,1.12
2016.02.09 21:42:09.207,1.59847,1.59892,1.12,1.37
2016.02.09 21:42:09.709,1.59847,1.59889,1.12,1.00
2016.02.09 21:42:24.115,1.59847,1.59889,1.37,1.12
2016.02.09 21:42:26.531,1.59849,1.59889,1.00,1.12
2016.02.09 21:42:30.129,1.59847,1.59892,1.37,1.87
2016.02.09 21:42:33.421,1.59847,1.59892,1.12,1.37
2016.02.09 21:42:38.709,1.59845,1.59884,1.37,1.00
2016.02.09 21:42:39.216,1.59845,1.59884,1.87,1.00
2016.02.09 21:42:39.268,1.59845,1.59887,1.87,1.00
2016.02.09 21:42:39.520,1.59845,1.59885,1.87,1.00
2016.02.09 21:42:40.028,1.59845,1.59885,1.37,1.00
2016.02.09 21:42:42.887,1.59845,1.59885,1.00,1.00
2016.02.09 21:42:45.246,1.59844,1.59885,1.12,1.00
2016.02.09 21:42:48.360,1.5984,1.59882,1.50,1.37
2016.02.09 21:42:48.411,1.59837,1.59882,1.00,1.37
2016.02.09 21:42:48.462,1.59836,1.59878,1.00,1.37
2016.02.09 21:42:48.920,1.59831,1.59876,1.37,1.37
2016.02.09 21:42:50.280,1.59831,1.59876,1.12,1.12
2016.02.09 21:42:51.153,1.59831,1.59876,1.37,1.37
2016.02.09 21:42:52.748,1.59831,1.59876,1.12,1.12
2016.02.09 21:42:53.295,1.59831,1.59876,1.37,1.87
2016.02.09 21:42:53.567,1.59841,1.59878,1.00,1.87
2016.02.09 21:42:53.771,1.59841,1.59878,1.00,1.12
2016.02.09 21:42:54.076,1.59841,1.59885,1.87,1.37
2016.02.09 21:42:54.127,1.59847,1.59885,1.00,1.37
2016.02.09 21:42:54.677,1.59847,1.59885,1.00,1.37
2016.02.09 21:42:55.355,1.59847,1.59885,1.00,1.37
2016.02.09 21:42:57.167,1.59847,1.59885,1.00,1.37
2016.02.09 21:42:57.878,1.59847,1.59885,1.00,1.37
2016.02.09 21:42:58.409,1.59847,1.59885,1.00,1.37
2016.02.09 21:42:59.128,1.59848,1.59885,1.00,1.37
2016.02.09 21:42:59.643,1.59848,1.59884,1.00,1.12
2016.02.09 21:43:00.017,1.59848,1.59886,1.00,1.12
2016.02.09 21:43:02.513,1.59848,1.59885,1.50,1.00
2016.02.09 21:43:04.487,1.59849,1.59885,1.00,1.00
2016.02.09 21:43:05.750,1.59855,1.59885,1.00,1.00
2016.02.09 21:43:05.903,1.59857,1.59891,1.50,1.00
2016.02.09 21:43:06.005,1.59858,1.59894,1.00,1.00
2016.02.09 21:43:06.056,1.59862,1.59894,1.00,1.00
2016.02.09 21:43:06.730,1.59862,1.59897,1.00,1.00
2016.02.09 21:43:08.117,1.59862,1.59898,1.50,1.00
2016.02.09 21:43:09.801,1.59862,1.599,1.00,1.00
2016.02.09 21:43:10.321,1.59862,1.59901,1.00,1.87
2016.02.09 21:43:11.288,1.59861,1.59901,1.00,1.87
2016.02.09 21:43:11.839,1.59861,1.599,1.00,1.00
2016.02.09 21:43:12.892,1.59861,1.59901,1.00,1.87
2016.02.09 21:43:13.307,1.59861,1.59901,1.00,1.87
2016.02.09 21:43:13.711,1.59861,1.59898,1.00,1.37
2016.02.09 21:43:13.814,1.59859,1.59897,1.00,1.37
2016.02.09 21:43:14.375,1.59859,1.59893,1.00,1.00
2016.02.09 21:43:14.883,1.59859,1.59894,1.00,1.12
2016.02.09 21:43:15.366,1.59859,1.59889,1.00,1.00
2016.02.09 21:43:15.417,1.59855,1.59889,1.00,1.00
2016.02.09 21:43:17.867,1.59855,1.59887,1.00,1.00
2016.02.09 21:43:19.724,1.59852,1.59887,1.00,1.00
2016.02.09 21:43:26.995,1.59846,1.59888,1.87,2.25
2016.02.09 21:43:27.046,1.59845,1.59882,1.12,1.00
2016.02.09 21:43:27.352,1.59839,1.59882,1.87,1.00
2016.02.09 21:43:27.879,1.5984,1.59882,1.37,1.00
2016.02.09 21:43:29.954,1.59839,1.59881,1.87,1.50
2016.02.09 21:43:30.503,1.59839,1.59882,1.87,1.00
2016.02.09 21:43:30.961,1.59839,1.59879,1.87,1.00
2016.02.09 21:43:32.863,1.59839,1.59881,1.37,1.00
2016.02.09 21:43:33.402,1.59839,1.59882,1.37,2.25
2016.02.09 21:43:33.504,1.59839,1.5988,1.37,1.00
2016.02.09 21:43:34.057,1.59839,1.59881,1.37,1.00
2016.02.09 21:43:34.572,1.5984,1.59881,1.37,1.00
2016.02.09 21:43:35.432,1.59839,1.59881,1.37,1.00
2016.02.09 21:43:35.746,1.5984,1.59878,1.37,1.00
2016.02.09 21:43:36.503,1.5984,1.59879,1.37,1.00
2016.02.09 21:43:37.034,1.5984,1.59879,1.87,1.00
2016.02.09 21:43:38.544,1.5984,1.59879,1.37,1.00
2016.02.09 21:43:39.543,1.5984,1.59879,1.87,1.00
2016.02.09 21:43:40.297,1.5984,1.59878,1.87,1.00
2016.02.09 21:43:40.940,1.5984,1.59879,1.37,1.00
2016.02.09 21:43:49.539,1.59839,1.59879,1.37,1.00
2016.02.09 21:43:51.376,1.5984,1.59879,1.37,1.00
2016.02.09 21:43:51.922,1.59839,1.59878,1.37,1.00
2016.02.09 21:43:52.584,1.59838,1.59878,1.37,1.00
2016.02.09 21:43:56.158,1.59838,1.59878,1.87,1.50
2016.02.09 21:43:56.707,1.59837,1.59877,1.37,1.00
2016.02.09 21:43:57.050,1.59835,1.59878,1.87,2.25
2016.02.09 21:43:57.561,1.59835,1.59878,1.87,2.62
2016.02.09 21:43:57.612,1.59835,1.59875,1.87,1.00
2016.02.09 21:43:58.144,1.59835,1.59877,1.37,2.62
2016.02.09 21:43:59.007,1.59835,1.59875,1.37,1.00
2016.02.09 21:44:00.663,1.59832,1.59875,1.37,1.00
2016.02.09 21:44:02.988,1.59832,1.59872,1.37,1.00
2016.02.09 21:44:03.459,1.59833,1.59875,1.37,1.00
2016.02.09 21:44:04.569,1.59832,1.59875,1.37,1.00
2016.02.09 21:44:05.178,1.59833,1.59873,1.37,1.00
2016.02.09 21:44:07.387,1.59833,1.59872,1.37,1.00
2016.02.09 21:44:08.189,1.59834,1.59872,1.37,1.00
2016.02.09 21:44:08.392,1.59834,1.59874,1.37,1.00
2016.02.09 21:44:08.900,1.59834,1.59873,1.37,1.00
2016.02.09 21:44:09.527,1.59834,1.59874,1.37,1.00
2016.02.09 21:44:10.034,1.59834,1.59873,1.37,1.00
2016.02.09 21:44:11.192,1.59834,1.59873,1.37,1.00
2016.02.09 21:44:12.024,1.59834,1.59873,1.37,1.00
2016.02.09 21:44:12.536,1.59834,1.59873,1.37,1.00
2016.02.09 21:44:13.065,1.59834,1.59873,1.37,1.00
2016.02.09 21:44:13.593,1.59834,1.59874,1.37,1.00
2016.02.09 21:44:14.132,1.59834,1.59874,1.37,1.00
2016.02.09 21:44:19.782,1.59832,1.59875,1.87,1.00
2016.02.09 21:44:25.208,1.59833,1.59875,1.37,1.00
2016.02.09 21:44:25.779,1.59833,1.59874,1.37,1.00
2016.02.09 21:44:26.288,1.59832,1.59874,1.37,1.00
2016.02.09 21:44:26.694,1.59833,1.59872,1.37,1.00
2016.02.09 21:44:27.236,1.59832,1.59872,1.37,1.00
2016.02.09 21:44:27.445,1.59831,1.59873,1.37,1.00
2016.02.09 21:44:27.902,1.59831,1.59871,1.37,1.00
2016.02.09 21:44:28.647,1.5983,1.59871,1.37,1.00
2016.02.09 21:44:28.851,1.59826,1.5987,1.37,1.87
2016.02.09 21:44:29.358,1.59827,1.5987,1.37,1.87
2016.02.09 21:44:30.249,1.59825,1.5987,1.00,1.50
2016.02.09 21:44:31.587,1.59825,1.59869,1.00,1.00
2016.02.09 21:44:33.804,1.59824,1.59869,1.00,1.00
2016.02.09 21:44:34.312,1.59824,1.5987,1.00,1.87
2016.02.09 21:44:34.819,1.59824,1.59869,1.00,1.00
2016.02.09 21:44:38.318,1.59824,1.59863,1.00,1.00
2016.02.09 21:44:38.868,1.59821,1.59863,1.12,1.00
2016.02.09 21:44:44.651,1.59819,1.59863,1.87,1.00
2016.02.09 21:44:46.050,1.5982,1.59863,1.37,1.00
2016.02.09 21:44:46.672,1.59823,1.59865,1.00,1.00
2016.02.09 21:44:46.824,1.59823,1.59868,1.12,1.00
2016.02.09 21:44:47.028,1.59823,1.59872,1.37,1.00
2016.02.09 21:44:47.538,1.59823,1.59873,1.00,1.50
2016.02.09 21:44:50.097,1.59821,1.59873,1.00,1.00
2016.02.09 21:44:51.399,1.59821,1.59871,1.00,1.00
2016.02.09 21:44:51.731,1.59821,1.59868,1.00,1.00
2016.02.09 21:44:52.559,1.59816,1.59868,1.87,1.00
2016.02.09 21:44:52.610,1.59816,1.59866,1.12,1.00
2016.02.09 21:44:52.951,1.59811,1.59858,1.00,1.00
2016.02.09 21:44:58.143,1.59808,1.59858,1.00,1.00
2016.02.09 21:44:59.113,1.59808,1.59853,1.00,1.00
2016.02.09 21:44:59.266,1.59802,1.59853,1.50,1.00
2016.02.09 21:45:00.192,1.59805,1.59853,1.00,1.00
2016.02.09 21:45:02.188,1.59803,1.59853,1.12,1.00
2016.02.09 21:45:06.992,1.59802,1.59853,1.12,1.00
2016.02.09 21:45:07.501,1.59798,1.59853,1.50,1.50
2016.02.09 21:45:09.400,1.59798,1.59853,1.87,1.50
2016.02.09 21:45:09.648,1.59798,1.59853,1.50,1.50
2016.02.09 21:45:11.743,1.59798,1.59854,1.87,1.50
2016.02.09 21:45:14.161,1.59798,1.59848,1.87,1.00
2016.02.09 21:45:14.719,1.59798,1.59843,1.00,1.00
2016.02.09 21:45:16.802,1.59797,1.59847,1.00,1.00
2016.02.09 21:45:17.339,1.59798,1.59847,1.12,1.00
2016.02.09 21:45:19.507,1.59797,1.59847,1.37,1.00
2016.02.09 21:45:20.037,1.59797,1.59847,1.37,1.00
2016.02.09 21:45:20.880,1.59797,1.59847,1.37,1.00
2016.02.09 21:45:22.795,1.598,1.59847,1.00,1.00
2016.02.09 21:45:28.058,1.598,1.59846,1.00,1.00
2016.02.09 21:45:28.567,1.59799,1.59849,1.50,1.87
2016.02.09 21:45:28.821,1.59799,1.59852,1.87,1.00
2016.02.09 21:45:29.086,1.59802,1.59855,1.37,1.12
2016.02.09 21:45:29.393,1.598,1.59851,1.00,1.00
2016.02.09 21:45:30.744,1.598,1.59851,1.00,1.37
2016.02.09 21:45:32.734,1.59799,1.59849,1.00,1.00
2016.02.09 21:45:32.785,1.59799,1.59851,1.00,1.50
2016.02.09 21:45:32.836,1.59797,1.59851,2.25,1.50
2016.02.09 21:45:33.513,1.59797,1.59851,2.25,1.87
2016.02.09 21:45:34.771,1.59797,1.59844,1.00,1.00
2016.02.09 21:45:34.873,1.59792,1.59844,1.10,1.37
2016.02.09 21:45:34.925,1.59791,1.59844,1.87,1.37
2016.02.09 21:45:35.248,1.59791,1.59833,1.00,1.00
2016.02.09 21:45:36.969,1.59791,1.59833,1.37,1.00
2016.02.09 21:45:37.780,1.59791,1.59833,1.87,1.00
2016.02.09 21:45:38.568,1.59791,1.59833,1.37,1.00
2016.02.09 21:45:40.161,1.59791,1.59833,1.87,1.00
2016.02.09 21:45:40.263,1.59791,1.59835,1.00,1.37
2016.02.09 21:45:40.670,1.59791,1.59838,1.00,1.37
2016.02.09 21:45:40.773,1.59792,1.5984,1.87,1.47
2016.02.09 21:45:41.078,1.59791,1.5984,1.37,1.87
2016.02.09 21:45:41.258,1.59794,1.59839,1.37,1.37
2016.02.09 21:45:46.990,1.59795,1.5984,1.37,1.37
2016.02.09 21:45:47.498,1.59795,1.59837,1.00,1.87
2016.02.09 21:45:48.003,1.59791,1.59835,1.37,1.37
2016.02.09 21:45:48.666,1.59792,1.59836,1.37,1.37
2016.02.09 21:45:49.880,1.59791,1.59837,1.37,1.87
2016.02.09 21:45:51.372,1.59792,1.59836,1.37,1.37
2016.02.09 21:45:53.787,1.5979,1.59836,1.37,1.37
2016.02.09 21:45:59.708,1.5979,1.59837,1.37,1.37
2016.02.09 21:46:00.935,1.59791,1.59837,1.37,1.37
2016.02.09 21:46:01.901,1.59783,1.59826,1.27,1.00
2016.02.09 21:46:02.003,1.59783,1.59824,1.15,1.37
2016.02.09 21:46:02.308,1.59777,1.59819,1.50,1.37
2016.02.09 21:46:02.664,1.59777,1.59819,1.87,1.37
2016.02.09 21:46:06.487,1.59777,1.59819,1.50,1.37
2016.02.09 21:46:06.572,1.59778,1.59824,1.75,2.02
2016.02.09 21:46:07.131,1.59777,1.59823,1.75,1.37
2016.02.09 21:46:07.334,1.59778,1.59819,1.50,1.00
2016.02.09 21:46:07.841,1.59777,1.59821,1.37,1.37
2016.02.09 21:46:09.050,1.59777,1.59818,1.37,1.37
2016.02.09 21:46:10.237,1.59778,1.59815,1.37,1.37
2016.02.09 21:46:10.847,1.59778,1.59814,1.14,1.37
2016.02.09 21:46:11.867,1.59777,1.59814,1.14,1.37
2016.02.09 21:46:12.428,1.59777,1.59815,1.14,1.37
2016.02.09 21:46:14.637,1.5977,1.59815,1.52,1.37
2016.02.09 21:46:17.914,1.59768,1.59813,1.89,1.37
2016.02.09 21:46:19.158,1.59767,1.59813,1.89,1.37
2016.02.09 21:46:21.944,1.59767,1.59812,1.12,1.37
2016.02.09 21:46:25.521,1.59771,1.59803,1.75,1.00
2016.02.09 21:46:25.623,1.59771,1.59803,1.00,1.00
2016.02.09 21:46:25.674,1.5977,1.59798,1.00,1.00
2016.02.09 21:46:25.725,1.59762,1.59798,1.20,1.00
2016.02.09 21:46:25.776,1.59762,1.59798,1.00,1.00
2016.02.09 21:46:25.878,1.59755,1.59798,1.45,1.00
2016.02.09 21:46:26.385,1.59754,1.59798,1.37,1.12
2016.02.09 21:46:27.751,1.59753,1.59787,1.37,1.00
2016.02.09 21:46:28.057,1.59737,1.59765,1.00,1.00
2016.02.09 21:46:28.140,1.59726,1.59765,1.37,1.00
2016.02.09 21:46:28.345,1.59724,1.59765,1.50,1.00
2016.02.09 21:46:29.158,1.59722,1.59765,2.25,1.12
2016.02.09 21:46:30.145,1.59722,1.59764,1.37,1.00
2016.02.09 21:46:30.958,1.59718,1.59764,1.87,1.00
2016.02.09 21:46:35.870,1.59719,1.59764,1.37,1.87
2016.02.09 21:46:36.293,1.59718,1.59764,1.37,1.87
2016.02.09 21:46:40.361,1.59717,1.59761,1.75,1.37
2016.02.09 21:46:40.891,1.59716,1.5976,1.50,1.87
2016.02.09 21:46:42.335,1.59716,1.5976,1.12,1.87
2016.02.09 21:46:42.488,1.59716,1.59757,1.12,1.00
2016.02.09 21:46:42.793,1.59716,1.59758,1.00,1.87
2016.02.09 21:46:43.325,1.59714,1.59758,1.87,1.87
2016.02.09 21:46:47.339,1.59714,1.59753,1.37,1.00
2016.02.09 21:46:47.442,1.59703,1.59749,1.37,1.00
2016.02.09 21:46:47.544,1.59703,1.59747,1.37,1.00
2016.02.09 21:46:47.595,1.59703,1.59747,1.00,1.37
2016.02.09 21:46:48.104,1.59699,1.59747,1.75,1.37
2016.02.09 21:46:50.653,1.59699,1.59745,1.75,1.00
2016.02.09 21:46:55.056,1.59699,1.59744,1.75,1.00
2016.02.09 21:46:55.981,1.59699,1.59743,1.75,1.00
2016.02.09 21:47:00.018,1.59703,1.59743,1.37,1.00
2016.02.09 21:47:00.222,1.59703,1.59746,1.37,2.25
2016.02.09 21:47:05.922,1.59702,1.59748,1.37,1.50
2016.02.09 21:47:07.853,1.59702,1.59748,1.37,1.37
2016.02.09 21:47:09.845,1.59702,1.59745,1.37,1.00
2016.02.09 21:47:09.947,1.597,1.59745,1.37,1.12
2016.02.09 21:47:10.252,1.59702,1.59745,1.37,1.00
2016.02.09 21:47:10.766,1.59702,1.59746,1.37,1.50
2016.02.09 21:47:11.950,1.59702,1.59746,1.37,1.50
2016.02.09 21:47:12.255,1.597,1.59743,1.37,1.50
2016.02.09 21:47:12.803,1.597,1.59743,1.37,1.50
2016.02.09 21:47:15.125,1.597,1.59743,1.37,1.50
2016.02.09 21:47:16.476,1.597,1.59743,1.37,1.75
2016.02.09 21:47:24.154,1.597,1.59741,1.37,1.37
2016.02.09 21:47:30.743,1.59696,1.59741,1.37,2.25
2016.02.09 21:47:36.687,1.59696,1.59738,1.37,1.00
2016.02.09 21:47:37.926,1.59697,1.59741,1.37,1.00
2016.02.09 21:47:40.236,1.597,1.59743,1.00,1.37
2016.02.09 21:47:40.390,1.597,1.59748,1.37,2.25
2016.02.09 21:47:40.898,1.597,1.59743,1.37,1.00
2016.02.09 21:47:42.456,1.597,1.59744,1.37,1.00
2016.02.09 21:47:42.962,1.597,1.59746,1.37,1.37
2016.02.09 21:47:43.266,1.59701,1.59747,1.37,1.37
2016.02.09 21:47:47.605,1.59705,1.59749,1.37,1.50
2016.02.09 21:48:07.321,1.59703,1.59748,1.75,1.12
2016.02.09 21:48:10.850,1.59703,1.59748,1.75,1.37
2016.02.09 21:48:11.357,1.59705,1.59747,1.00,1.50
2016.02.09 21:48:16.543,1.59704,1.5975,1.75,2.25
2016.02.09 21:48:24.004,1.59703,1.59747,2.25,1.37
2016.02.09 21:48:26.317,1.59703,1.59744,1.50,1.87
2016.02.09 21:48:26.837,1.59703,1.59747,1.12,1.87
2016.02.09 21:48:27.218,1.59703,1.59747,1.50,2.62
2016.02.09 21:48:28.086,1.59705,1.59747,1.00,2.25
2016.02.09 21:48:30.954,1.59703,1.59747,1.75,2.25
2016.02.09 21:48:35.865,1.59703,1.59747,1.94,2.62
2016.02.09 21:48:51.750,1.59703,1.59751,1.94,1.87
2016.02.09 21:48:54.145,1.59708,1.59751,1.37,1.75
2016.02.09 21:48:54.696,1.59708,1.59753,2.25,2.00
2016.02.09 21:49:12.054,1.59713,1.59753,1.00,1.92
2016.02.09 21:49:12.207,1.59715,1.59759,1.12,1.05
2016.02.09 21:49:12.714,1.59721,1.5976,1.00,1.00
2016.02.09 21:49:21.587,1.59721,1.59758,1.00,1.12
2016.02.09 21:49:22.124,1.59721,1.59758,1.00,1.37
2016.02.09 21:49:25.379,1.59718,1.59753,1.37,1.37
2016.02.09 21:49:25.430,1.59715,1.59748,1.37,1.45
2016.02.09 21:49:25.482,1.59715,1.59746,1.37,1.90
2016.02.09 21:49:25.533,1.59698,1.59739,1.83,1.37
2016.02.09 21:49:25.635,1.59696,1.59733,1.83,1.37
2016.02.09 21:49:25.737,1.59689,1.59729,1.00,1.00
2016.02.09 21:49:25.788,1.59689,1.59722,1.00,1.37
2016.02.09 21:49:25.839,1.59678,1.59717,1.37,1.37
2016.02.09 21:49:25.941,1.59678,1.59715,1.00,1.00
2016.02.09 21:49:26.195,1.59674,1.59717,2.70,1.00
2016.02.09 21:49:28.085,1.59674,1.59717,1.47,1.37
2016.02.09 21:49:28.640,1.59674,1.59715,1.47,1.00
2016.02.09 21:49:32.222,1.59674,1.59715,1.76,1.00
2016.02.09 21:49:32.327,1.59674,1.59717,1.76,1.00
2016.02.09 21:49:32.734,1.59674,1.5971,1.47,1.00
2016.02.09 21:49:32.938,1.5966,1.59701,1.52,1.00
2016.02.09 21:49:33.446,1.59658,1.59701,1.47,1.00
2016.02.09 21:49:33.599,1.59658,1.59704,1.37,1.37
2016.02.09 21:49:33.808,1.59662,1.59706,1.00,1.50
2016.02.09 21:49:33.871,1.59662,1.59706,1.37,1.50
2016.02.09 21:49:35.153,1.59665,1.59706,1.00,1.37
2016.02.09 21:49:35.361,1.59665,1.59708,1.12,1.37
2016.02.09 21:49:38.766,1.59668,1.59709,1.00,1.37
2016.02.09 21:49:39.070,1.59668,1.5971,1.35,1.37
2016.02.09 21:49:43.850,1.59668,1.5971,1.22,1.37
2016.02.09 21:49:45.316,1.59665,1.59706,1.22,1.00
2016.02.09 21:49:45.622,1.59662,1.59688,1.37,1.12
2016.02.09 21:49:45.927,1.59662,1.59685,1.37,1.00
2016.02.09 21:49:46.181,1.59662,1.59688,1.37,1.12
2016.02.09 21:49:46.283,1.59662,1.5969,1.37,1.00
2016.02.09 21:49:46.345,1.59647,1.5969,1.50,1.00
2016.02.09 21:49:46.460,1.5965,1.59692,1.00,1.12
2016.02.09 21:49:46.512,1.59651,1.59692,1.37,1.12
2016.02.09 21:49:48.568,1.59651,1.59694,1.37,1.37
2016.02.09 21:49:48.909,1.59651,1.59694,1.75,1.70
2016.02.09 21:49:52.380,1.5965,1.59694,2.62,1.45
2016.02.09 21:49:54.885,1.5966,1.59696,1.00,1.70
2016.02.09 21:49:55.193,1.59662,1.59705,1.87,1.08
2016.02.09 21:49:57.189,1.59662,1.59705,1.37,1.87
2016.02.09 21:49:59.499,1.59662,1.59704,1.37,1.75
2016.02.09 21:50:00.047,1.59661,1.59705,1.37,1.87
2016.02.09 21:50:00.558,1.59661,1.59703,1.37,1.12
2016.02.09 21:50:01.393,1.59661,1.59703,1.37,1.12
2016.02.09 21:50:03.913,1.5966,1.59705,1.50,1.75
2016.02.09 21:50:05.067,1.59664,1.59705,1.37,1.75
2016.02.09 21:50:13.626,1.59664,1.59689,1.37,1.33
2016.02.09 21:50:13.677,1.59651,1.59685,1.47,1.45
2016.02.09 21:50:13.729,1.59647,1.59685,1.52,1.33
2016.02.09 21:50:14.087,1.59645,1.59685,1.37,1.33
2016.02.09 21:50:14.545,1.59645,1.59685,1.75,1.00
2016.02.09 21:50:14.698,1.5965,1.59692,1.50,1.33
2016.02.09 21:50:14.802,1.5965,1.59692,2.25,1.33
2016.02.09 21:50:15.983,1.5965,1.59692,1.50,1.33
2016.02.09 21:50:26.453,1.59648,1.59689,1.87,1.37
2016.02.09 21:50:26.606,1.59648,1.59688,1.12,1.12
2016.02.09 21:50:26.976,1.59648,1.59686,1.37,1.50
2016.02.09 21:50:27.129,1.59647,1.59691,3.00,1.75
2016.02.09 21:50:29.340,1.59649,1.59687,1.50,1.12
2016.02.09 21:50:29.425,1.59643,1.59682,1.87,1.87
2016.02.09 21:50:29.731,1.59579,1.59591,3.00,1.37
2016.02.09 21:50:29.783,1.59578,1.59591,1.00,1.37
2016.02.09 21:50:29.835,1.59563,1.59591,1.00,1.37
2016.02.09 21:50:29.937,1.59553,1.59589,2.49,1.37
2016.02.09 21:50:30.039,1.59553,1.59597,2.49,1.87
2016.02.09 21:50:30.090,1.59549,1.59597,2.10,1.37
2016.02.09 21:50:30.142,1.59566,1.59605,1.37,1.00
2016.02.09 21:50:30.296,1.59566,1.59609,1.37,1.37
2016.02.09 21:50:30.449,1.59569,1.59614,1.47,1.12
2016.02.09 21:50:31.008,1.5957,1.59614,1.37,1.00
2016.02.09 21:50:31.110,1.59574,1.59614,1.45,1.00
2016.02.09 21:50:31.422,1.59578,1.59618,1.37,1.00
2016.02.09 21:50:32.808,1.59575,1.59618,1.85,1.00
2016.02.09 21:50:33.113,1.5958,1.59618,1.37,1.50
2016.02.09 21:50:33.232,1.59583,1.59625,1.50,1.12
2016.02.09 21:50:33.284,1.59592,1.59628,1.37,1.00
2016.02.09 21:50:33.591,1.5961,1.59649,1.37,1.00
2016.02.09 21:50:34.164,1.5961,1.59649,1.75,1.00
2016.02.09 21:50:35.112,1.5961,1.59652,1.75,1.00
2016.02.09 21:50:35.620,1.5961,1.59653,1.75,1.03
2016.02.09 21:50:37.750,1.59611,1.59653,1.75,1.28
2016.02.09 21:50:39.321,1.59611,1.5965,1.75,1.00
2016.02.09 21:50:39.729,1.59608,1.59652,1.75,1.41
2016.02.09 21:50:40.084,1.59608,1.59651,1.75,1.12
2016.02.09 21:50:40.338,1.59608,1.59654,1.75,1.12
2016.02.09 21:50:40.440,1.59611,1.59654,1.37,1.12
2016.02.09 21:50:40.760,1.59611,1.59651,1.37,1.00
2016.02.09 21:50:41.237,1.59609,1.59651,1.87,1.00
2016.02.09 21:50:43.147,1.59609,1.59653,2.25,1.50
2016.02.09 21:50:43.654,1.59609,1.59651,1.75,1.50
2016.02.09 21:50:43.706,1.59609,1.59642,1.75,1.00
2016.02.09 21:50:43.930,1.59592,1.59634,1.55,2.25
2016.02.09 21:50:44.235,1.59587,1.59631,1.37,1.00
2016.02.09 21:50:44.337,1.59594,1.59631,1.57,1.37
2016.02.09 21:50:44.846,1.59594,1.59629,1.37,1.12
2016.02.09 21:50:44.948,1.59595,1.59638,1.37,1.12
2016.02.09 21:50:45.189,1.59598,1.59639,1.37,1.00
2016.02.09 21:50:45.241,1.596,1.59642,1.37,1.12
2016.02.09 21:50:45.292,1.596,1.59645,1.87,1.37
2016.02.09 21:50:45.597,1.59617,1.59654,1.37,1.00
2016.02.09 21:50:46.106,1.59617,1.59655,1.37,1.00
2016.02.09 21:50:46.962,1.59617,1.59656,1.37,1.12
2016.02.09 21:50:48.679,1.59621,1.59657,1.00,1.00
2016.02.09 21:50:48.985,1.59633,1.5967,1.37,1.87
2016.02.09 21:50:49.290,1.59639,1.59675,1.37,1.37
2016.02.09 21:50:50.666,1.59639,1.59674,1.37,1.37
2016.02.09 21:50:50.869,1.59639,1.59674,1.37,1.00
2016.02.09 21:50:50.971,1.59634,1.59676,1.37,1.00
2016.02.09 21:50:51.075,1.59637,1.59677,1.37,1.00
2016.02.09 21:50:51.583,1.59637,1.59678,1.37,1.00
2016.02.09 21:50:52.121,1.59637,1.59677,1.37,1.87
2016.02.09 21:50:52.276,1.59623,1.59668,1.75,1.50
2016.02.09 21:50:52.821,1.59624,1.59666,1.37,1.87
2016.02.09 21:50:53.174,1.59622,1.59666,1.37,2.25
2016.02.09 21:50:53.682,1.59622,1.59665,1.37,1.00
2016.02.09 21:50:56.935,1.59622,1.59664,1.37,1.12
2016.02.09 21:50:58.642,1.59622,1.59665,1.37,1.00
2016.02.09 21:51:01.976,1.59623,1.59666,1.37,3.82
2016.02.09 21:51:02.281,1.59629,1.59667,1.00,1.37
2016.02.09 21:51:02.585,1.59629,1.59667,1.87,1.37
2016.02.09 21:51:02.890,1.59631,1.59666,1.37,1.37
2016.02.09 21:51:03.431,1.59632,1.59668,1.37,1.37
2016.02.09 21:51:04.168,1.59642,1.59674,1.00,1.00
2016.02.09 21:51:04.219,1.59647,1.59675,1.00,1.00
2016.02.09 21:51:04.321,1.59653,1.59688,1.37,1.84
2016.02.09 21:51:04.373,1.59657,1.59688,1.37,1.00
2016.02.09 21:51:04.476,1.59659,1.59694,1.37,1.00
2016.02.09 21:51:04.597,1.59663,1.59695,1.37,1.00
2016.02.09 21:51:04.648,1.59665,1.59705,1.37,1.00
2016.02.09 21:51:04.802,1.59667,1.59705,1.37,1.00
2016.02.09 21:51:04.955,1.59664,1.59705,1.37,1.00
2016.02.09 21:51:05.058,1.59664,1.59707,1.37,1.00
2016.02.09 21:51:05.364,1.59662,1.59707,1.37,1.37
2016.02.09 21:51:05.914,1.59663,1.59707,1.37,1.37
2016.02.09 21:51:07.672,1.59663,1.59707,1.37,1.75
2016.02.09 21:51:07.774,1.5966,1.59705,1.37,1.00
2016.02.09 21:51:07.876,1.5966,1.59704,1.87,1.37
2016.02.09 21:51:07.978,1.5966,1.59705,1.00,1.87
2016.02.09 21:51:14.177,1.5966,1.59698,1.00,1.00
2016.02.09 21:51:14.486,1.59647,1.59671,1.77,2.25
2016.02.09 21:51:14.589,1.5962,1.5966,1.00,1.75
2016.02.09 21:51:14.640,1.59613,1.59654,1.37,1.00
2016.02.09 21:51:14.691,1.5961,1.59654,1.37,1.12
2016.02.09 21:51:15.606,1.59614,1.59657,1.00,1.50
2016.02.09 21:51:15.709,1.59614,1.59659,1.37,1.75
2016.02.09 21:51:15.811,1.59615,1.59661,1.50,1.37
2016.02.09 21:51:15.913,1.59617,1.59661,1.37,1.12
2016.02.09 21:51:16.433,1.59618,1.59662,1.37,1.50
2016.02.09 21:51:18.577,1.59621,1.59662,1.50,1.00
2016.02.09 21:51:19.114,1.59622,1.59666,1.75,1.87
2016.02.09 21:51:21.968,1.59627,1.59666,1.00,1.37
2016.02.09 21:51:22.119,1.59628,1.59672,1.37,1.50
2016.02.09 21:51:22.323,1.59632,1.59675,1.37,1.75
2016.02.09 21:51:22.905,1.59632,1.59675,1.37,1.37
2016.02.09 21:51:23.209,1.59635,1.59678,1.37,1.87
2016.02.09 21:51:24.769,1.59642,1.5968,1.00,2.25
2016.02.09 21:51:25.074,1.59652,1.59698,1.37,1.12
2016.02.09 21:51:25.423,1.59655,1.59699,1.37,2.62
2016.02.09 21:51:32.109,1.59644,1.59679,1.52,1.00
2016.02.09 21:51:32.161,1.59644,1.59688,1.45,1.87
2016.02.09 21:51:32.212,1.59645,1.59688,1.37,1.50
2016.02.09 21:51:32.264,1.59645,1.5969,1.37,1.00
2016.02.09 21:51:32.366,1.59649,1.59693,1.00,1.12
2016.02.09 21:51:32.417,1.59649,1.59693,1.87,1.12
2016.02.09 21:51:36.815,1.59649,1.59697,1.87,1.37
2016.02.09 21:51:36.867,1.59652,1.59697,1.37,1.37
2016.02.09 21:51:38.844,1.5965,1.59697,1.37,1.37
2016.02.09 21:51:46.916,1.5965,1.59691,1.37,1.00
2016.02.09 21:51:47.085,1.59647,1.5969,1.12,1.37
2016.02.09 21:51:47.595,1.59647,1.59689,1.37,2.25
2016.02.09 21:51:48.108,1.59647,1.59689,1.00,2.40
2016.02.09 21:51:48.830,1.59647,1.59688,1.00,1.95
2016.02.09 21:51:51.565,1.59643,1.59686,1.00,1.12
2016.02.09 21:51:51.632,1.59643,1.59675,1.00,1.37
2016.02.09 21:51:51.686,1.59638,1.59675,1.00,1.75
2016.02.09 21:51:51.737,1.59635,1.59675,1.00,1.75
2016.02.09 21:51:51.788,1.5963,1.59672,1.37,1.12
2016.02.09 21:51:51.839,1.5963,1.59671,1.00,1.37
2016.02.09 21:51:52.145,1.59625,1.59668,1.12,1.50
2016.02.09 21:51:52.400,1.59621,1.59666,1.37,1.75
2016.02.09 21:51:56.926,1.5963,1.59666,1.00,1.75
2016.02.09 21:51:57.079,1.5963,1.59668,1.00,1.87
2016.02.09 21:51:57.181,1.5963,1.59673,1.00,1.37
2016.02.09 21:51:57.232,1.59633,1.59673,1.00,1.37
2016.02.09 21:51:58.627,1.59631,1.5967,1.00,1.12
2016.02.09 21:51:58.678,1.59631,1.5967,1.00,1.87
2016.02.09 21:51:58.882,1.59626,1.5967,1.00,1.87
2016.02.09 21:52:01.491,1.5963,1.5967,1.00,1.37
2016.02.09 21:52:01.643,1.5963,1.59674,1.00,1.95
2016.02.09 21:52:05.868,1.5963,1.59675,1.12,3.00
2016.02.09 21:52:06.541,1.5963,1.59668,1.12,1.00
2016.02.09 21:52:06.795,1.59623,1.59666,1.37,1.50
2016.02.09 21:52:08.327,1.59622,1.59662,1.37,1.00
2016.02.09 21:52:08.878,1.59623,1.59662,1.00,1.00
2016.02.09 21:52:09.739,1.59623,1.59666,1.87,1.47
2016.02.09 21:52:09.790,1.59623,1.59662,1.37,1.37
2016.02.09 21:52:09.893,1.59627,1.59668,1.00,1.37
2016.02.09 21:52:10.988,1.59627,1.59669,1.00,1.37
2016.02.09 21:52:11.892,1.59627,1.59669,1.00,1.45
2016.02.09 21:52:11.945,1.59627,1.59666,1.00,1.37
2016.02.09 21:52:12.099,1.59621,1.59661,1.37,1.37
2016.02.09 21:52:12.201,1.59616,1.5966,2.25,1.12
2016.02.09 21:52:12.304,1.59617,1.59661,1.37,1.37
2016.02.09 21:52:12.620,1.59631,1.59675,1.37,1.47
2016.02.09 21:52:12.672,1.5963,1.59675,1.00,1.47
2016.02.09 21:52:12.774,1.59632,1.59675,1.12,1.47
2016.02.09 21:52:13.281,1.59632,1.59675,1.37,1.12
2016.02.09 21:52:13.999,1.59634,1.59675,1.37,1.12
2016.02.09 21:52:14.714,1.59644,1.59678,1.00,1.37
2016.02.09 21:52:14.765,1.59648,1.59685,1.37,1.54
2016.02.09 21:52:14.817,1.59648,1.59686,1.37,1.41
2016.02.09 21:52:14.868,1.59648,1.59692,1.37,1.12
2016.02.09 21:52:15.375,1.59651,1.59693,1.00,1.37
2016.02.09 21:52:15.579,1.59651,1.59693,1.37,1.12
2016.02.09 21:52:20.141,1.59651,1.59695,1.37,1.00
2016.02.09 21:52:21.488,1.59653,1.59695,1.37,1.00
2016.02.09 21:52:21.794,1.59651,1.59689,1.00,1.37
2016.02.09 21:52:23.767,1.59648,1.59686,1.00,1.12
2016.02.09 21:52:23.918,1.59642,1.59678,1.00,1.00
2016.02.09 21:52:24.073,1.59635,1.59678,1.37,1.37
2016.02.09 21:52:24.175,1.59635,1.59678,1.37,1.12
2016.02.09 21:52:24.481,1.59635,1.59678,1.00,1.87
2016.02.09 21:52:24.786,1.5963,1.59667,1.00,1.37
2016.02.09 21:52:25.091,1.59633,1.59667,1.00,1.37
2016.02.09 21:52:26.732,1.59631,1.59665,1.00,1.37
2016.02.09 21:52:26.783,1.5962,1.5966,1.50,1.37
2016.02.09 21:52:26.834,1.5962,1.5966,2.32,1.50
2016.02.09 21:52:26.886,1.59622,1.59663,1.47,1.00
2016.02.09 21:52:27.194,1.5962,1.59663,1.87,1.00
2016.02.09 21:52:27.683,1.5962,1.59659,1.37,1.00
2016.02.09 21:52:28.291,1.59618,1.59659,1.37,1.00
2016.02.09 21:52:28.793,1.59619,1.59659,1.37,1.00
2016.02.09 21:52:29.110,1.59625,1.59659,1.37,1.00
2016.02.09 21:52:29.313,1.59621,1.59659,1.87,1.00
2016.02.09 21:52:30.095,1.59618,1.59659,1.87,1.00
2016.02.09 21:52:30.146,1.59618,1.59652,1.37,1.00
2016.02.09 21:52:34.304,1.59616,1.59652,1.37,1.30
2016.02.09 21:52:35.888,1.59616,1.59654,1.37,1.84
2016.02.09 21:52:38.519,1.59616,1.59655,1.37,1.30
2016.02.09 21:52:40.272,1.59616,1.59657,1.37,1.72
2016.02.09 21:52:41.191,1.59616,1.59657,1.37,1.72
2016.02.09 21:52:41.728,1.59616,1.59657,1.37,1.87
2016.02.09 21:52:42.645,1.59616,1.59657,1.37,1.50
2016.02.09 21:52:44.900,1.59616,1.59651,1.37,1.00
2016.02.09 21:52:44.951,1.59616,1.59651,1.00,1.00
2016.02.09 21:52:45.002,1.59608,1.59651,2.70,1.00
2016.02.09 21:52:45.053,1.59608,1.59651,2.62,1.37
2016.02.09 21:52:45.588,1.59611,1.5965,1.37,1.37
2016.02.09 21:52:46.095,1.59614,1.59651,1.00,1.37
2016.02.09 21:52:46.857,1.59612,1.59651,1.12,1.37
2016.02.09 21:52:48.358,1.59612,1.59651,1.12,1.00
2016.02.09 21:52:48.886,1.59613,1.59651,1.00,1.00
2016.02.09 21:52:50.108,1.59613,1.59651,1.00,1.37
2016.02.09 21:52:53.920,1.59617,1.5965,1.00,1.12
2016.02.09 21:52:55.871,1.59614,1.59652,1.12,1.37
2016.02.09 21:52:56.097,1.59616,1.59654,1.00,1.37
2016.02.09 21:52:56.199,1.59618,1.59659,1.37,1.00
2016.02.09 21:52:56.324,1.59623,1.59657,1.37,1.00
2016.02.09 21:52:56.426,1.59619,1.59657,1.45,1.00
2016.02.09 21:52:56.528,1.59619,1.5966,1.37,1.00
2016.02.09 21:52:56.631,1.59624,1.59668,1.37,1.87
2016.02.09 21:52:58.704,1.59625,1.59669,3.00,1.47
2016.02.09 21:52:58.806,1.59634,1.59675,1.00,1.55
2016.02.09 21:52:58.959,1.59637,1.59679,1.37,1.47
2016.02.09 21:52:59.112,1.59638,1.59682,1.37,1.12
2016.02.09 21:52:59.631,1.59638,1.59682,1.37,1.00
2016.02.09 21:53:00.139,1.59638,1.59683,1.37,1.12
2016.02.09 21:53:00.343,1.59639,1.59687,1.87,2.32
2016.02.09 21:53:01.145,1.59639,1.59687,1.87,1.37
2016.02.09 21:53:03.007,1.59639,1.59684,1.37,1.00
2016.02.09 21:53:03.515,1.59639,1.59684,1.37,1.37
2016.02.09 21:53:04.714,1.59639,1.5968,1.37,1.00
2016.02.09 21:53:04.765,1.59637,1.5968,1.37,1.00
2016.02.09 21:53:05.296,1.59636,1.59679,1.37,1.00
2016.02.09 21:53:07.946,1.59636,1.59681,1.87,1.37
2016.02.09 21:53:18.672,1.59636,1.59681,1.87,1.00
2016.02.09 21:53:19.179,1.59637,1.59684,1.37,1.37
2016.02.09 21:53:19.687,1.59637,1.59683,1.37,1.37
2016.02.09 21:53:22.873,1.59637,1.59681,1.37,1.37
2016.02.09 21:53:23.384,1.59634,1.59678,1.12,1.37
2016.02.09 21:53:27.921,1.59633,1.59672,1.37,1.00
2016.02.09 21:53:28.226,1.59631,1.59671,1.00,1.37
2016.02.09 21:53:28.379,1.59627,1.59671,1.00,1.37
2016.02.09 21:53:30.117,1.59627,1.59671,1.00,1.75
2016.02.09 21:53:30.539,1.5963,1.59671,1.00,1.75
2016.02.09 21:53:33.417,1.5963,1.59673,1.00,2.25
2016.02.09 21:53:36.388,1.5963,1.59673,1.00,2.25
2016.02.09 21:53:37.930,1.5963,1.59673,1.37,1.75
2016.02.09 21:53:42.004,1.59631,1.59673,1.37,1.37
2016.02.09 21:53:44.124,1.5963,1.59673,1.87,1.37
2016.02.09 21:53:44.328,1.59627,1.5967,1.37,1.37
2016.02.09 21:53:46.698,1.59625,1.59669,1.87,1.75
2016.02.09 21:53:46.749,1.59623,1.59666,1.37,1.50
2016.02.09 21:53:47.108,1.59617,1.59664,1.37,1.75
2016.02.09 21:53:48.507,1.59617,1.59664,1.37,1.75
2016.02.09 21:53:55.321,1.59617,1.59664,1.37,1.75
2016.02.09 21:53:55.840,1.59615,1.59661,1.50,1.75
2016.02.09 21:54:00.408,1.59617,1.59662,1.37,1.85
2016.02.09 21:54:01.060,1.59617,1.59662,1.37,1.62
2016.02.09 21:54:06.232,1.59619,1.59663,1.00,1.41
2016.02.09 21:54:08.221,1.59616,1.59662,2.25,1.42
2016.02.09 21:54:14.261,1.59615,1.5966,1.50,1.50
2016.02.09 21:54:15.921,1.59615,1.5966,1.50,1.69
2016.02.09 21:54:16.741,1.59619,1.59663,1.00,3.19
2016.02.09 21:54:16.792,1.59619,1.5966,1.50,1.00
2016.02.09 21:54:16.843,1.59621,1.59663,1.50,1.87
2016.02.09 21:54:17.148,1.59621,1.59661,1.37,1.56
2016.02.09 21:54:17.454,1.59622,1.59661,1.37,1.37
2016.02.09 21:54:17.556,1.59619,1.59661,1.75,1.50
2016.02.09 21:54:19.688,1.59621,1.59665,1.87,1.75
2016.02.09 21:54:20.238,1.59621,1.59665,1.87,1.75
2016.02.09 21:54:20.739,1.59621,1.59665,1.87,1.75
2016.02.09 21:54:21.240,1.59621,1.59665,1.87,1.75
2016.02.09 21:54:21.748,1.59621,1.59665,1.87,1.75
2016.02.09 21:54:22.256,1.59622,1.59665,1.37,1.60
2016.02.09 21:54:22.795,1.59622,1.59665,1.37,1.60
2016.02.09 21:54:23.144,1.5964,1.59666,1.00,1.37
2016.02.09 21:54:23.196,1.59642,1.59678,1.37,2.59
2016.02.09 21:54:23.247,1.59644,1.59678,1.37,1.34
2016.02.09 21:54:23.298,1.59647,1.59682,1.12,1.34
2016.02.09 21:54:23.349,1.59649,1.59682,1.37,1.34
2016.02.09 21:54:23.400,1.59649,1.59691,1.37,1.00
2016.02.09 21:54:23.515,1.59651,1.59696,1.37,1.37
2016.02.09 21:54:23.922,1.59649,1.59687,1.37,1.00
2016.02.09 21:54:24.279,1.59649,1.59691,1.37,1.00
2016.02.09 21:54:24.686,1.59649,1.59689,1.37,1.00
2016.02.09 21:54:25.041,1.59649,1.59692,1.37,1.00
2016.02.09 21:54:25.403,1.59649,1.59687,1.37,1.00
2016.02.09 21:54:25.454,1.59646,1.59687,1.37,1.00
2016.02.09 21:54:25.658,1.59646,1.59682,1.37,1.00
2016.02.09 21:54:26.064,1.59646,1.59685,1.37,1.00
2016.02.09 21:54:26.267,1.59644,1.59685,1.75,1.00
2016.02.09 21:54:26.370,1.59644,1.59682,1.50,1.00
2016.02.09 21:54:27.453,1.59643,1.59682,1.75,1.00
2016.02.09 21:54:27.758,1.59644,1.59682,1.37,1.41
2016.02.09 21:54:31.692,1.59643,1.59682,1.37,1.41
2016.02.09 21:54:33.394,1.59644,1.59682,1.50,1.22
2016.02.09 21:54:37.211,1.59646,1.59684,1.37,1.37
2016.02.09 21:54:40.226,1.59652,1.59696,1.00,1.50
2016.02.09 21:54:40.355,1.59652,1.59697,1.87,1.75
2016.02.09 21:54:40.867,1.59652,1.59695,2.25,1.00
2016.02.09 21:54:40.970,1.59652,1.59698,1.50,1.75
2016.02.09 21:54:41.072,1.59652,1.59694,1.37,1.37
2016.02.09 21:54:41.378,1.59652,1.59687,1.37,1.37
2016.02.09 21:54:41.480,1.59652,1.5969,1.37,1.37
2016.02.09 21:54:41.785,1.59652,1.59693,1.87,1.52
2016.02.09 21:54:43.137,1.59654,1.59693,1.00,1.37
2016.02.09 21:54:47.823,1.59655,1.59693,1.00,1.37
2016.02.09 21:54:50.631,1.59652,1.59693,3.00,1.37
2016.02.09 21:54:50.780,1.59652,1.59695,3.00,1.50
2016.02.09 21:54:51.445,1.59655,1.59695,1.00,1.50
2016.02.09 21:54:51.888,1.59655,1.59695,1.37,1.37
2016.02.09 21:54:56.816,1.59655,1.59695,1.50,1.37
2016.02.09 21:54:57.219,1.59653,1.59695,2.25,1.37
2016.02.09 21:54:58.024,1.59653,1.59695,2.25,1.37
2016.02.09 21:54:58.903,1.59653,1.59695,2.25,1.37
2016.02.09 21:54:59.404,1.59653,1.59695,2.25,1.37
2016.02.09 21:54:59.905,1.59653,1.59695,2.25,1.37
2016.02.09 21:55:00.434,1.59656,1.59702,1.37,1.37
2016.02.09 21:55:00.741,1.59656,1.59696,1.00,1.37
2016.02.09 21:55:00.894,1.59654,1.59696,1.00,1.37
2016.02.09 21:55:01.047,1.59654,1.597,1.00,1.37
2016.02.09 21:55:01.100,1.59654,1.59699,1.87,1.37
2016.02.09 21:55:01.615,1.59658,1.59699,1.00,1.37
2016.02.09 21:55:02.837,1.59658,1.597,1.00,1.37
2016.02.09 21:55:03.520,1.59658,1.59697,1.00,1.37
2016.02.09 21:55:04.029,1.5966,1.59697,1.00,1.37
2016.02.09 21:55:04.553,1.5966,1.597,1.00,1.37
2016.02.09 21:55:05.213,1.5966,1.59703,1.00,1.37
2016.02.09 21:55:06.153,1.59663,1.59702,1.00,1.37
2016.02.09 21:55:06.807,1.59663,1.59702,1.00,1.75
2016.02.09 21:55:07.503,1.59663,1.59705,1.00,1.75
2016.02.09 21:55:08.011,1.59663,1.59707,1.37,1.75
2016.02.09 21:55:08.824,1.59663,1.59707,1.37,1.75
2016.02.09 21:55:09.821,1.59665,1.59708,1.00,1.75
2016.02.09 21:55:16.619,1.59665,1.59708,1.00,1.75
2016.02.09 21:55:16.671,1.59665,1.59711,1.87,2.25
2016.02.09 21:55:19.026,1.5967,1.59711,1.00,1.75
2016.02.09 21:55:19.192,1.5967,1.59714,1.12,1.75
2016.02.09 21:55:21.438,1.5967,1.59713,1.00,1.37
2016.02.09 21:55:21.755,1.59666,1.59713,2.25,1.87
2016.02.09 21:55:22.165,1.59666,1.5971,1.00,1.12
2016.02.09 21:55:22.267,1.59666,1.5971,1.00,1.87
2016.02.09 21:55:22.775,1.59666,1.59709,1.00,1.37
2016.02.09 21:55:27.052,1.59664,1.59709,1.12,1.37
2016.02.09 21:55:31.565,1.59664,1.59709,1.12,1.75
2016.02.09 21:55:34.667,1.59663,1.59709,1.12,1.75
2016.02.09 21:55:36.758,1.59665,1.59709,1.00,1.75
2016.02.09 21:55:36.860,1.59665,1.5971,1.75,1.37
2016.02.09 21:55:42.276,1.59668,1.5971,1.00,1.75
2016.02.09 21:55:42.816,1.59667,1.5971,1.12,1.75
2016.02.09 21:55:43.682,1.59666,1.59711,1.12,1.75
2016.02.09 21:55:46.674,1.59666,1.59711,1.75,1.50
2016.02.09 21:55:47.182,1.59669,1.5971,1.00,1.37
2016.02.09 21:55:47.380,1.59668,1.59711,1.50,1.00
2016.02.09 21:55:48.916,1.59675,1.59711,1.00,1.00
2016.02.09 21:55:49.325,1.59677,1.59716,1.00,1.75
2016.02.09 21:55:49.529,1.59674,1.59718,1.37,1.75
2016.02.09 21:55:49.885,1.59678,1.59718,1.00,1.75
2016.02.09 21:55:50.046,1.59674,1.59718,1.87,1.75
2016.02.09 21:55:50.554,1.59674,1.59719,1.12,1.75
2016.02.09 21:55:51.011,1.59676,1.59719,1.00,1.75
2016.02.09 21:55:51.440,1.59678,1.59719,1.00,1.66
2016.02.09 21:55:51.746,1.5968,1.59719,1.12,1.66
2016.02.09 21:55:53.022,1.5968,1.59723,1.12,1.66
2016.02.09 21:55:53.480,1.59681,1.59725,1.12,1.66
2016.02.09 21:55:53.633,1.59683,1.59725,1.00,1.66
2016.02.09 21:55:54.806,1.59683,1.59725,1.00,1.66
2016.02.09 21:55:59.095,1.59683,1.59725,1.50,1.66
2016.02.09 21:56:00.309,1.59683,1.59725,1.87,1.66
2016.02.09 21:56:00.817,1.59683,1.59725,1.00,1.66
2016.02.09 21:56:01.355,1.59683,1.59728,1.00,1.60
2016.02.09 21:56:02.937,1.59683,1.59728,1.00,1.60
2016.02.09 21:56:03.265,1.59683,1.59728,1.87,1.60
2016.02.09 21:56:06.819,1.59683,1.59731,1.37,2.10
2016.02.09 21:56:07.328,1.59683,1.59731,1.37,2.10
2016.02.09 21:56:12.738,1.59684,1.59731,1.75,2.25
2016.02.09 21:56:12.840,1.59684,1.59731,1.37,2.62
2016.02.09 21:56:13.159,1.59684,1.59731,1.75,2.25
2016.02.09 21:56:13.811,1.59688,1.59732,1.37,1.75
2016.02.09 21:56:14.320,1.59689,1.59736,1.37,2.62
2016.02.09 21:56:19.557,1.59689,1.59736,1.37,2.62
2016.02.09 21:56:36.980,1.59687,1.59729,1.00,1.00
2016.02.09 21:56:37.502,1.59684,1.59732,2.25,1.75
2016.02.09 21:56:39.800,1.59684,1.59729,1.75,1.75
2016.02.09 21:56:44.164,1.5968,1.59725,1.75,1.37
2016.02.09 21:56:55.829,1.59682,1.59727,1.75,1.75
2016.02.09 21:57:06.070,1.59688,1.59728,1.00,1.67
2016.02.09 21:57:06.173,1.59688,1.5973,1.50,1.67
2016.02.09 21:57:06.674,1.59685,1.59729,1.87,1.37
2016.02.09 21:57:07.438,1.59685,1.59732,1.87,1.87
2016.02.09 21:57:14.560,1.59681,1.59729,1.37,1.37
2016.02.09 21:57:18.713,1.59681,1.59729,2.25,1.75
2016.02.09 21:57:19.805,1.59681,1.59729,2.62,1.50
2016.02.09 21:57:20.307,1.59681,1.59728,1.87,1.37
2016.02.09 21:57:22.924,1.59683,1.59728,1.37,1.37
2016.02.09 21:57:23.431,1.59683,1.59728,1.12,1.37
2016.02.09 21:57:26.543,1.59687,1.59728,1.00,1.37
2016.02.09 21:57:26.645,1.5969,1.59732,1.12,1.37
2016.02.09 21:57:26.747,1.59687,1.5973,1.37,1.37
2016.02.09 21:57:26.798,1.59687,1.5973,1.00,1.37
2016.02.09 21:57:27.023,1.59683,1.5973,1.37,1.37
2016.02.09 21:57:30.748,1.59685,1.59732,1.12,1.47
2016.02.09 21:57:30.850,1.59687,1.59734,1.37,1.87
2016.02.09 21:57:31.152,1.59689,1.59734,1.37,1.37
2016.02.09 21:57:35.144,1.59687,1.59735,1.37,1.37
2016.02.09 21:57:35.246,1.59685,1.59734,2.62,1.37
2016.02.09 21:57:35.449,1.59685,1.59731,2.62,1.37
2016.02.09 21:57:37.525,1.59687,1.59731,1.75,1.37
2016.02.09 21:57:37.679,1.59688,1.59734,1.00,1.37
2016.02.09 21:57:37.781,1.59689,1.59734,1.37,1.37
2016.02.09 21:57:38.092,1.59689,1.59737,1.37,1.87
2016.02.09 21:57:40.355,1.59692,1.59737,1.37,1.37
2016.02.09 21:57:42.303,1.59689,1.59736,2.25,1.37
2016.02.09 21:57:42.786,1.59693,1.59737,1.37,1.37
2016.02.09 21:57:42.889,1.59693,1.5974,1.37,1.37
2016.02.09 21:57:43.258,1.5969,1.59736,1.37,1.37
2016.02.09 21:57:44.562,1.59689,1.59732,1.12,1.37
2016.02.09 21:57:44.867,1.59689,1.59728,1.00,1.37
2016.02.09 21:57:47.082,1.59693,1.59728,1.00,1.37
2016.02.09 21:57:47.134,1.59693,1.59733,1.00,1.37
2016.02.09 21:57:47.188,1.59693,1.59728,1.00,1.37
2016.02.09 21:57:47.495,1.59688,1.59728,1.00,1.37
2016.02.09 21:57:48.029,1.59688,1.59729,1.00,1.37
2016.02.09 21:57:48.386,1.59688,1.59733,1.00,1.52
2016.02.09 21:57:48.905,1.59688,1.59733,1.37,1.37
2016.02.09 21:57:51.656,1.59693,1.59733,1.00,1.37
2016.02.09 21:57:51.707,1.59693,1.59738,1.87,1.52
2016.02.09 21:57:51.809,1.59693,1.59735,1.00,1.37
2016.02.09 21:57:52.063,1.59691,1.59735,1.00,1.47
2016.02.09 21:57:53.404,1.59691,1.59734,1.12,1.37
2016.02.09 21:57:57.221,1.59691,1.59737,1.87,1.37
2016.02.09 21:57:57.705,1.59691,1.59738,1.00,1.37
2016.02.09 21:57:57.821,1.59699,1.59738,1.00,1.37
2016.02.09 21:57:58.361,1.597,1.59738,1.00,1.37
2016.02.09 21:57:58.866,1.597,1.59737,1.00,1.37
2016.02.09 21:58:00.214,1.597,1.59741,1.00,1.55
2016.02.09 21:58:01.424,1.597,1.5974,1.00,1.37
2016.02.09 21:58:01.780,1.59695,1.5974,1.37,1.37
2016.02.09 21:58:02.317,1.59699,1.59741,1.00,1.37
2016.02.09 21:58:07.552,1.59697,1.59739,1.00,1.37
2016.02.09 21:58:08.006,1.59697,1.59735,1.00,1.37
2016.02.09 21:58:08.109,1.59697,1.59738,1.00,1.37
2016.02.09 21:58:08.161,1.59701,1.59738,1.00,1.37
2016.02.09 21:58:08.919,1.59701,1.59734,1.00,1.37
2016.02.09 21:58:09.965,1.59699,1.59734,1.12,1.37
2016.02.09 21:58:10.016,1.59699,1.59736,1.12,1.37
2016.02.09 21:58:11.045,1.59698,1.59736,1.00,1.37
2016.02.09 21:58:11.147,1.59698,1.59733,1.00,1.37
2016.02.09 21:58:11.317,1.59695,1.59733,2.25,1.37
2016.02.09 21:58:13.257,1.59695,1.59733,2.62,1.37
2016.02.09 21:58:14.473,1.59693,1.59733,1.00,1.37
2016.02.09 21:58:14.524,1.59693,1.59729,1.00,1.37
2016.02.09 21:58:14.830,1.59684,1.59725,1.12,1.37
2016.02.09 21:58:15.034,1.5968,1.59722,1.50,1.37
2016.02.09 21:58:15.291,1.5968,1.59719,1.50,1.37
2016.02.09 21:58:15.444,1.59675,1.59719,1.50,1.37
2016.02.09 21:58:15.496,1.59673,1.59719,1.00,1.37
2016.02.09 21:58:15.547,1.59673,1.59706,1.00,1.37
2016.02.09 21:58:15.599,1.59669,1.59706,1.00,1.37
2016.02.09 21:58:15.650,1.59669,1.5971,1.00,1.47
2016.02.09 21:58:15.752,1.59669,1.59715,1.12,1.12
2016.02.09 21:58:15.804,1.59669,1.59716,1.12,1.37
2016.02.09 21:58:15.855,1.5967,1.59717,1.37,1.37
2016.02.09 21:58:16.237,1.5967,1.5972,1.37,1.37
2016.02.09 21:58:16.440,1.59668,1.59717,1.00,1.37
2016.02.09 21:58:16.561,1.59668,1.59711,1.00,1.37
2016.02.09 21:58:16.714,1.59669,1.59717,1.37,1.52
2016.02.09 21:58:17.754,1.59668,1.59717,1.12,1.37
2016.02.09 21:58:17.850,1.5967,1.59717,1.00,1.37
2016.02.09 21:58:18.054,1.59672,1.59722,1.37,1.37
2016.02.09 21:58:18.843,1.59671,1.59714,1.00,1.37
2016.02.09 21:58:19.448,1.5967,1.59714,1.00,1.37
2016.02.09 21:58:19.956,1.5967,1.59714,1.37,1.37
2016.02.09 21:58:20.363,1.5967,1.59722,1.87,1.45
2016.02.09 21:58:20.466,1.5967,1.59716,1.37,1.37
2016.02.09 21:58:22.567,1.59676,1.59716,1.00,1.37
2016.02.09 21:58:22.975,1.59676,1.59718,1.00,1.37
2016.02.09 21:58:24.731,1.59676,1.5972,1.37,1.37
2016.02.09 21:58:26.178,1.59673,1.59713,1.00,1.37
2016.02.09 21:58:26.280,1.59673,1.59715,1.00,1.37
2016.02.09 21:58:26.382,1.59672,1.59712,1.00,1.37
2016.02.09 21:58:27.240,1.59674,1.59712,1.00,1.37
2016.02.09 21:58:27.342,1.59674,1.59715,1.00,1.37
2016.02.09 21:58:27.748,1.59672,1.59715,1.00,1.37
2016.02.09 21:58:28.155,1.59672,1.5971,1.00,1.37
2016.02.09 21:58:28.256,1.59672,1.59715,1.00,1.37
2016.02.09 21:58:28.547,1.59672,1.59711,1.00,1.37
2016.02.09 21:58:29.054,1.5967,1.59711,1.50,1.37
2016.02.09 21:58:29.278,1.5967,1.59716,1.50,1.37
2016.02.09 21:58:29.684,1.5967,1.59715,1.87,1.37
2016.02.09 21:58:30.983,1.5967,1.59711,1.50,1.37
2016.02.09 21:58:31.675,1.5967,1.59716,2.62,1.37
2016.02.09 21:58:31.878,1.5967,1.59711,1.50,1.37
2016.02.09 21:58:32.372,1.5967,1.59713,1.50,1.37
2016.02.09 21:58:32.475,1.59673,1.59716,1.12,1.37
2016.02.09 21:58:33.084,1.59677,1.59716,1.00,1.37
2016.02.09 21:58:33.763,1.59673,1.59716,1.12,1.37
2016.02.09 21:58:33.947,1.59673,1.59719,1.12,1.37
2016.02.09 21:58:34.766,1.59673,1.5972,1.37,1.37
2016.02.09 21:58:36.158,1.59677,1.59722,1.37,1.47
2016.02.09 21:58:36.464,1.59683,1.59722,1.00,1.37
2016.02.09 21:58:37.276,1.59683,1.59725,1.00,1.37
2016.02.09 21:58:37.782,1.59683,1.59726,1.00,1.37
2016.02.09 21:58:37.863,1.59683,1.59728,1.12,1.47
2016.02.09 21:58:38.169,1.59683,1.59729,1.37,1.37
2016.02.09 21:58:38.679,1.59686,1.59729,1.00,1.37
2016.02.09 21:58:39.225,1.59686,1.59732,1.00,1.37
2016.02.09 21:58:39.379,1.59688,1.59735,1.37,1.00
2016.02.09 21:58:39.887,1.59689,1.59737,1.37,1.47
2016.02.09 21:58:52.205,1.59689,1.5974,1.87,1.37
2016.02.09 21:58:52.256,1.59689,1.5974,2.25,1.37
2016.02.09 21:58:52.579,1.59697,1.59745,1.87,1.37
2016.02.09 21:58:52.951,1.59697,1.59743,1.37,1.37
2016.02.09 21:58:55.212,1.59703,1.59743,1.00,1.37
2016.02.09 21:58:56.879,1.59703,1.59744,1.12,1.37
2016.02.09 21:58:58.536,1.59703,1.59745,1.00,1.37
2016.02.09 21:58:58.841,1.59705,1.59747,1.12,1.37
2016.02.09 21:58:59.502,1.59705,1.5975,1.12,1.37
2016.02.09 21:59:00.098,1.59705,1.5975,1.50,1.37
2016.02.09 21:59:00.200,1.59707,1.59753,1.37,2.02
2016.02.09 21:59:00.404,1.59707,1.59753,2.25,1.12
2016.02.09 21:59:00.506,1.59711,1.59758,1.37,1.37
2016.02.09 21:59:00.811,1.59718,1.59757,0.37,0.37
2016.02.09 21:59:00.948,1.59715,1.59758,0.37,0.37
2016.02.09 21:59:01.304,1.59716,1.59754,0.37,0.37
2016.02.09 21:59:02.021,1.59712,1.59755,0.37,0.37
2016.02.09 21:59:02.614,1.5971,1.5975,0.37,0.37
2016.02.09 21:59:04.128,1.59715,1.59756,0.37,0.37
2016.02.09 21:59:04.332,1.59719,1.59759,0.37,0.37
2016.02.09 21:59:04.833,1.59719,1.59764,0.37,0.37
2016.02.09 21:59:04.935,1.59724,1.59765,0.37,0.37
2016.02.09 21:59:05.698,1.59724,1.59767,0.37,0.37
2016.02.09 21:59:07.147,1.59724,1.59764,0.37,0.37
2016.02.09 21:59:08.204,1.59722,1.59764,0.37,0.37
2016.02.09 21:59:08.602,1.59713,1.59757,0.45,0.37
2016.02.09 21:59:08.710,1.59713,1.59761,0.10,0.37
2016.02.09 21:59:08.761,1.59709,1.59761,0.37,0.37
2016.02.09 21:59:08.813,1.59712,1.59762,0.37,0.37
2016.02.09 21:59:09.119,1.59713,1.59757,0.37,0.37
2016.02.09 21:59:10.704,1.59716,1.59758,0.37,0.37
2016.02.09 21:59:12.411,1.5972,1.59762,0.37,0.37
2016.02.09 21:59:12.912,1.5972,1.59761,0.37,0.19
2016.02.09 21:59:13.217,1.59724,1.59761,0.37,0.19
2016.02.09 21:59:13.813,1.59721,1.59761,0.37,0.19
2016.02.09 21:59:13.982,1.59721,1.59764,0.37,0.37
2016.02.09 21:59:14.811,1.59718,1.59763,0.37,0.37
2016.02.09 21:59:16.332,1.59717,1.5976,0.37,0.37
2016.02.09 21:59:16.759,1.59715,1.59759,0.37,0.37
2016.02.09 21:59:17.451,1.59717,1.5976,0.37,0.37
2016.02.09 21:59:18.460,1.59714,1.59759,0.37,0.37
2016.02.09 21:59:19.147,1.59712,1.5975,0.75,0.37
2016.02.09 21:59:19.300,1.59704,1.59751,0.37,0.37
2016.02.09 21:59:21.722,1.59699,1.59742,0.37,0.37
2016.02.09 21:59:22.042,1.59703,1.59741,0.37,0.37
2016.02.09 21:59:22.879,1.59701,1.59741,0.37,0.37
2016.02.09 21:59:24.439,1.59704,1.59744,0.37,0.37
2016.02.09 21:59:24.762,1.597,1.59744,0.37,0.37
2016.02.09 21:59:25.455,1.59704,1.59744,0.37,0.37
2016.02.09 21:59:25.623,1.59697,1.59744,0.37,0.37
2016.02.09 21:59:26.655,1.59694,1.59744,0.37,0.37
2016.02.09 21:59:28.448,1.59689,1.59744,0.37,0.37
2016.02.09 21:59:29.153,1.59691,1.59745,0.37,0.37
2016.02.09 21:59:30.146,1.5969,1.59745,0.37,0.37
2016.02.09 21:59:30.355,1.59681,1.59741,0.37,0.37
2016.02.09 21:59:30.944,1.59685,1.59746,0.37,0.37
2016.02.09 21:59:31.350,1.59689,1.59747,0.37,0.37
2016.02.09 21:59:31.742,1.59693,1.59746,0.37,0.37
2016.02.09 21:59:31.933,1.59688,1.59747,0.37,0.37
2016.02.09 21:59:32.654,1.59692,1.59746,0.37,0.37
2016.02.09 21:59:32.997,1.59695,1.59747,0.37,0.37
2016.02.09 21:59:34.437,1.59699,1.59747,0.37,0.37
2016.02.09 21:59:34.769,1.59705,1.59754,0.37,0.37
2016.02.09 21:59:37.363,1.59708,1.59754,0.37,0.37
2016.02.09 21:59:38.366,1.59705,1.59752,0.37,0.37
2016.02.09 21:59:38.468,1.59702,1.59751,0.37,0.37
2016.02.09 21:59:39.010,1.59713,1.59751,0.75,0.37
2016.02.09 21:59:39.214,1.59722,1.59761,0.37,0.37
2016.02.09 21:59:39.979,1.59722,1.59763,0.75,0.37
2016.02.09 21:59:43.864,1.59722,1.5976,0.37,0.37
2016.02.09 21:59:45.165,1.59722,1.59763,0.75,0.37
2016.02.09 21:59:45.369,1.59722,1.59769,0.37,0.10
2016.02.09 21:59:45.471,1.59724,1.5977,0.37,0.37
2016.02.09 21:59:45.776,1.59714,1.59755,0.10,0.37
2016.02.09 21:59:45.933,1.59712,1.59756,0.75,0.37
2016.02.09 21:59:46.086,1.5971,1.59756,0.37,0.37
2016.02.09 21:59:46.189,1.59708,1.59755,0.37,0.37
2016.02.09 21:59:46.596,1.59703,1.59756,0.37,0.37
2016.02.09 21:59:47.002,1.59708,1.59755,0.37,0.37
2016.02.09 21:59:47.258,1.59703,1.59756,0.37,0.37
2016.02.09 21:59:47.362,1.59701,1.59755,0.37,0.37
2016.02.09 21:59:47.953,1.59707,1.59755,0.37,0.37
2016.02.09 21:59:50.458,1.59701,1.59756,0.37,0.37
2016.02.09 21:59:51.593,1.59709,1.59755,0.37,0.37
2016.02.09 21:59:51.797,1.59709,1.59759,0.37,0.10
2016.02.09 21:59:51.849,1.59709,1.59761,0.37,0.37
2016.02.09 21:59:51.963,1.59712,1.59761,0.37,0.37
2016.02.09 21:59:52.661,1.59723,1.59763,0.37,0.37
2016.02.09 21:59:52.763,1.59708,1.59755,0.10,0.37
2016.02.09 21:59:52.865,1.597,1.59755,0.37,0.37
2016.02.09 21:59:53.423,1.5971,1.59755,0.10,0.37
2016.02.09 21:59:53.627,1.59707,1.59755,0.37,0.37
2016.02.09 21:59:55.287,1.59704,1.59755,0.37,0.37
2016.02.09 21:59:55.491,1.59702,1.59755,0.37,0.37
2016.02.09 21:59:55.542,1.59702,1.59752,0.37,0.10
2016.02.09 21:59:55.593,1.59699,1.5975,0.37,0.37
2016.02.09 21:59:55.797,1.59699,1.59745,0.37,0.37
2016.02.09 21:59:56.204,1.59697,1.59744,0.37,0.37
2016.02.09 21:59:56.306,1.59702,1.59747,0.37,0.37
2016.02.09 21:59:56.408,1.59694,1.59743,0.37,0.37
2016.02.09 21:59:56.607,1.59706,1.59748,0.37,0.37
