2015.08.27 13:00:00.160,1.57621,1.57645,1.00,1.27
2015.08.27 13:00:00.622,1.57619,1.57643,1.00,1.12
2015.08.27 13:00:00.674,1.57619,1.57643,1.50,1.37
2015.08.27 13:00:00.982,1.57625,1.57646,1.00,1.50
2015.08.27 13:00:01.084,1.57625,1.57645,1.00,1.00
2015.08.27 13:00:01.378,1.57625,1.57647,1.00,1.00
2015.08.27 13:00:01.484,1.57622,1.57645,1.00,1.17
2015.08.27 13:00:01.586,1.57618,1.57645,1.87,1.17
2015.08.27 13:00:01.688,1.57618,1.57642,1.87,1.00
2015.08.27 13:00:01.993,1.57618,1.57637,1.00,1.00
2015.08.27 13:00:02.459,1.57618,1.57635,1.00,1.00
2015.08.27 13:00:02.612,1.57615,1.57635,1.00,1.00
2015.08.27 13:00:02.665,1.57612,1.57635,1.50,1.35
2015.08.27 13:00:02.767,1.57612,1.57632,1.00,1.00
2015.08.27 13:00:03.072,1.57611,1.57628,1.00,1.00
2015.08.27 13:00:03.225,1.57611,1.5763,1.00,1.20
2015.08.27 13:00:03.783,1.57611,1.57628,1.00,1.00
2015.08.27 13:00:03.885,1.57611,1.5763,1.00,1.20
2015.08.27 13:00:04.139,1.57611,1.57635,1.00,1.27
2015.08.27 13:00:04.240,1.57611,1.57632,1.00,1.00
2015.08.27 13:00:04.544,1.57604,1.57631,1.00,1.12
2015.08.27 13:00:04.696,1.57597,1.57625,1.87,3.07
2015.08.27 13:00:04.748,1.57597,1.57624,1.87,1.35
2015.08.27 13:00:04.799,1.57595,1.57621,1.00,1.45
2015.08.27 13:00:04.901,1.57591,1.5762,1.00,1.50
2015.08.27 13:00:05.107,1.57591,1.57617,1.00,1.45
2015.08.27 13:00:05.455,1.57591,1.57613,1.00,1.12
2015.08.27 13:00:05.557,1.57591,1.57615,1.00,1.87
2015.08.27 13:00:06.014,1.5759,1.57617,1.00,1.82
2015.08.27 13:00:06.116,1.5759,1.57615,1.00,1.57
2015.08.27 13:00:06.218,1.57584,1.5761,1.37,1.37
2015.08.27 13:00:06.320,1.57583,1.57605,1.00,1.00
2015.08.27 13:00:06.534,1.57572,1.57602,1.50,1.45
2015.08.27 13:00:06.636,1.57576,1.57602,1.00,1.50
2015.08.27 13:00:06.788,1.57576,1.57604,1.00,1.12
2015.08.27 13:00:07.296,1.57577,1.57604,1.00,1.12
2015.08.27 13:00:08.213,1.57577,1.57605,1.87,1.82
2015.08.27 13:00:09.390,1.57578,1.57605,1.00,1.87
2015.08.27 13:00:09.902,1.57579,1.57605,1.00,1.87
2015.08.27 13:00:09.953,1.57579,1.57603,1.00,1.50
2015.08.27 13:00:10.208,1.57578,1.57605,1.00,1.87
2015.08.27 13:00:10.310,1.57578,1.57603,1.00,1.12
2015.08.27 13:00:10.819,1.57578,1.57604,1.00,1.50
2015.08.27 13:00:10.979,1.57578,1.57605,1.00,1.20
2015.08.27 13:00:11.082,1.5758,1.57606,1.00,1.95
2015.08.27 13:00:11.388,1.57582,1.57607,1.00,1.20
2015.08.27 13:00:11.897,1.57582,1.57608,1.00,1.27
2015.08.27 13:00:11.999,1.57582,1.57609,1.00,2.70
2015.08.27 13:00:12.469,1.57585,1.57606,1.00,1.20
2015.08.27 13:00:13.129,1.57585,1.57608,1.00,1.37
2015.08.27 13:00:13.461,1.57587,1.5761,1.00,1.15
2015.08.27 13:00:13.766,1.57601,1.57619,1.00,1.00
2015.08.27 13:00:14.302,1.57601,1.57631,1.00,2.77
2015.08.27 13:00:14.354,1.57605,1.57631,1.00,2.02
2015.08.27 13:00:14.658,1.57603,1.57626,1.00,1.60
2015.08.27 13:00:14.760,1.57607,1.57631,1.00,1.87
2015.08.27 13:00:15.269,1.57607,1.5763,1.00,1.00
2015.08.27 13:00:15.829,1.57607,1.57631,1.00,1.12
2015.08.27 13:00:16.818,1.57607,1.57631,1.00,1.37
2015.08.27 13:00:17.275,1.5761,1.57631,1.00,1.00
2015.08.27 13:00:17.579,1.5761,1.57629,1.00,1.00
2015.08.27 13:00:18.189,1.5761,1.57636,1.00,1.57
2015.08.27 13:00:18.240,1.57612,1.57636,1.00,1.57
2015.08.27 13:00:18.392,1.57608,1.57636,1.00,1.37
2015.08.27 13:00:18.445,1.57605,1.57633,1.10,1.12
2015.08.27 13:00:18.496,1.57604,1.57618,1.65,1.00
2015.08.27 13:00:18.645,1.57598,1.57616,1.00,1.00
2015.08.27 13:00:18.748,1.57602,1.57616,1.00,1.12
2015.08.27 13:00:18.799,1.57598,1.57612,1.00,1.12
2015.08.27 13:00:18.903,1.57602,1.57614,1.00,1.00
2015.08.27 13:00:18.956,1.57599,1.57615,1.00,1.00
2015.08.27 13:00:19.161,1.57604,1.57623,1.00,2.62
2015.08.27 13:00:19.213,1.57604,1.57624,1.00,1.57
2015.08.27 13:00:19.564,1.57603,1.57628,1.00,1.35
2015.08.27 13:00:19.971,1.57608,1.57628,1.00,1.10
2015.08.27 13:00:20.225,1.57611,1.57632,1.00,1.10
2015.08.27 13:00:20.439,1.57606,1.57635,1.00,1.05
2015.08.27 13:00:20.694,1.57607,1.57634,1.00,1.37
2015.08.27 13:00:21.049,1.57607,1.57632,1.00,2.07
2015.08.27 13:00:21.304,1.5761,1.57634,1.00,1.20
2015.08.27 13:00:21.430,1.57604,1.57618,1.10,1.75
2015.08.27 13:00:21.483,1.576,1.57614,1.12,1.75
2015.08.27 13:00:21.536,1.57594,1.57605,1.00,1.00
2015.08.27 13:00:21.640,1.5759,1.57608,1.00,1.12
2015.08.27 13:00:21.692,1.57587,1.57609,1.00,1.75
2015.08.27 13:00:21.743,1.57587,1.57605,1.00,1.75
2015.08.27 13:00:21.845,1.57587,1.57611,1.00,1.75
2015.08.27 13:00:21.947,1.57587,1.57615,1.00,2.62
2015.08.27 13:00:22.454,1.57587,1.57615,1.00,1.52
2015.08.27 13:00:22.505,1.57584,1.57615,1.00,1.52
2015.08.27 13:00:23.013,1.57584,1.57615,1.00,2.02
2015.08.27 13:00:23.325,1.57581,1.57611,1.00,1.00
2015.08.27 13:00:23.376,1.57581,1.57607,1.00,1.37
2015.08.27 13:00:23.632,1.57573,1.57601,1.50,1.12
2015.08.27 13:00:23.734,1.57578,1.57601,1.00,1.12
2015.08.27 13:00:24.205,1.57578,1.57598,1.00,1.00
2015.08.27 13:00:24.260,1.57572,1.57603,1.87,1.10
2015.08.27 13:00:24.312,1.57576,1.57605,1.37,1.52
2015.08.27 13:00:24.821,1.57576,1.57604,1.75,1.00
2015.08.27 13:00:25.349,1.57576,1.57604,1.00,1.07
2015.08.27 13:00:25.857,1.57576,1.57604,1.00,1.15
2015.08.27 13:00:26.388,1.57576,1.57604,1.37,1.27
2015.08.27 13:00:26.896,1.57576,1.57604,1.00,1.27
2015.08.27 13:00:27.423,1.57576,1.57604,1.37,1.15
2015.08.27 13:00:27.829,1.57574,1.57602,1.00,1.65
2015.08.27 13:00:27.880,1.57574,1.57602,1.00,1.65
2015.08.27 13:00:28.389,1.57574,1.57594,1.00,1.00
2015.08.27 13:00:28.604,1.57574,1.57597,1.00,1.00
2015.08.27 13:00:29.525,1.57577,1.57598,1.00,1.00
2015.08.27 13:00:29.576,1.57577,1.57603,1.00,1.87
2015.08.27 13:00:29.736,1.57579,1.57604,1.00,1.87
2015.08.27 13:00:29.787,1.57579,1.57605,1.12,1.00
2015.08.27 13:00:30.297,1.57577,1.57605,2.25,1.00
2015.08.27 13:00:30.399,1.57577,1.57602,2.25,1.00
2015.08.27 13:00:30.450,1.57577,1.57602,1.37,1.00
2015.08.27 13:00:30.977,1.57577,1.57602,1.00,1.00
2015.08.27 13:00:31.080,1.57577,1.57599,1.00,1.00
2015.08.27 13:00:31.388,1.57577,1.57594,1.00,1.37
2015.08.27 13:00:31.492,1.57567,1.57594,1.00,1.52
2015.08.27 13:00:31.714,1.57567,1.57587,1.00,1.00
2015.08.27 13:00:31.765,1.57559,1.57587,1.15,1.00
2015.08.27 13:00:31.867,1.57564,1.57588,1.00,1.20
2015.08.27 13:00:31.970,1.57564,1.57588,1.00,1.10
2015.08.27 13:00:32.378,1.57565,1.57591,1.12,1.07
2015.08.27 13:00:32.892,1.57564,1.57591,1.50,1.00
2015.08.27 13:00:33.582,1.57564,1.57591,1.87,1.00
2015.08.27 13:00:34.003,1.57566,1.57587,1.00,1.00
2015.08.27 13:00:34.105,1.57563,1.57592,1.12,1.50
2015.08.27 13:00:34.207,1.57564,1.57592,2.47,1.10
2015.08.27 13:00:34.824,1.57566,1.57591,1.50,1.35
2015.08.27 13:00:34.978,1.57563,1.57592,1.12,1.37
2015.08.27 13:00:35.182,1.57564,1.57591,1.87,1.00
2015.08.27 13:00:35.690,1.57564,1.57591,1.17,1.87
2015.08.27 13:00:36.884,1.57563,1.57588,1.20,1.00
2015.08.27 13:00:37.193,1.57557,1.57581,1.20,1.00
2015.08.27 13:00:37.295,1.57556,1.57579,1.17,1.00
2015.08.27 13:00:37.450,1.57552,1.57576,1.50,1.00
2015.08.27 13:00:37.756,1.5755,1.5757,1.12,1.00
2015.08.27 13:00:38.008,1.57544,1.57572,1.87,1.12
2015.08.27 13:00:38.211,1.57548,1.57577,1.57,1.12
2015.08.27 13:00:38.263,1.57551,1.57579,1.10,1.00
2015.08.27 13:00:38.416,1.57554,1.5758,2.10,1.00
2015.08.27 13:00:38.467,1.57554,1.57583,3.22,1.50
2015.08.27 13:00:38.621,1.57559,1.57583,2.17,1.50
2015.08.27 13:00:39.124,1.57563,1.57584,1.12,1.00
2015.08.27 13:00:39.961,1.5756,1.57584,1.82,1.00
2015.08.27 13:00:40.114,1.57559,1.57582,1.15,1.00
2015.08.27 13:00:40.218,1.57557,1.5758,1.50,1.00
2015.08.27 13:00:40.524,1.57557,1.57577,1.37,1.00
2015.08.27 13:00:40.778,1.57554,1.57578,1.15,1.50
2015.08.27 13:00:40.986,1.57559,1.57576,1.00,1.50
2015.08.27 13:00:41.190,1.57559,1.57577,1.00,1.00
2015.08.27 13:00:41.342,1.57559,1.57584,1.00,1.75
2015.08.27 13:00:41.546,1.5756,1.57584,1.60,1.75
2015.08.27 13:00:41.597,1.5756,1.57584,1.60,1.00
2015.08.27 13:00:42.727,1.5756,1.57583,1.70,1.00
2015.08.27 13:00:42.829,1.57558,1.57583,1.20,1.12
2015.08.27 13:00:42.880,1.57558,1.5758,1.00,1.00
2015.08.27 13:00:43.188,1.57564,1.57579,1.00,1.00
2015.08.27 13:00:43.290,1.57563,1.57586,1.00,1.95
2015.08.27 13:00:43.392,1.5756,1.57578,1.75,1.00
2015.08.27 13:00:43.494,1.57557,1.57578,1.12,1.00
2015.08.27 13:00:43.995,1.57556,1.57577,1.00,1.00
2015.08.27 13:00:44.048,1.57555,1.5758,1.00,1.42
2015.08.27 13:00:44.150,1.57553,1.5758,1.00,2.17
2015.08.27 13:00:44.252,1.57553,1.57579,1.00,3.22
2015.08.27 13:00:44.303,1.57553,1.57577,1.00,1.87
2015.08.27 13:00:44.558,1.57548,1.57572,1.00,1.37
2015.08.27 13:00:44.660,1.57545,1.57571,1.00,2.10
2015.08.27 13:00:44.979,1.57556,1.57573,1.00,1.00
2015.08.27 13:00:45.031,1.57556,1.57581,1.00,1.95
2015.08.27 13:00:45.082,1.57556,1.57573,1.12,1.00
2015.08.27 13:00:45.286,1.57548,1.57575,1.12,1.00
2015.08.27 13:00:45.388,1.57548,1.57571,1.00,1.37
2015.08.27 13:00:45.593,1.57545,1.57568,1.00,1.00
2015.08.27 13:00:46.001,1.57545,1.57571,1.00,1.37
2015.08.27 13:00:46.574,1.57548,1.57574,1.00,1.75
2015.08.27 13:00:46.886,1.57561,1.57584,1.00,1.68
2015.08.27 13:00:46.937,1.57561,1.57586,1.00,2.73
2015.08.27 13:00:47.140,1.57558,1.57586,1.20,2.20
2015.08.27 13:00:47.495,1.5756,1.57586,1.00,1.72
2015.08.27 13:00:47.794,1.57561,1.57588,1.00,1.00
2015.08.27 13:00:48.099,1.57561,1.57584,1.00,1.00
2015.08.27 13:00:48.202,1.57561,1.5759,1.00,1.85
2015.08.27 13:00:48.304,1.57561,1.57587,1.00,1.35
2015.08.27 13:00:48.406,1.57556,1.57587,1.20,1.42
2015.08.27 13:00:48.508,1.5756,1.57585,1.00,1.00
2015.08.27 13:00:48.859,1.57576,1.57593,1.60,1.00
2015.08.27 13:00:48.960,1.57576,1.57604,1.00,2.25
2015.08.27 13:00:49.011,1.57576,1.57602,1.75,1.17
2015.08.27 13:00:49.316,1.57576,1.57597,1.00,1.00
2015.08.27 13:00:49.418,1.57573,1.57597,1.50,1.00
2015.08.27 13:00:49.645,1.57567,1.57596,1.75,1.90
2015.08.27 13:00:49.697,1.57566,1.57594,1.20,1.75
2015.08.27 13:00:49.801,1.57559,1.57587,1.10,1.00
2015.08.27 13:00:49.903,1.57559,1.57588,1.00,1.20
2015.08.27 13:00:50.107,1.57556,1.57588,1.00,1.17
2015.08.27 13:00:50.209,1.57553,1.57586,1.20,1.95
2015.08.27 13:00:50.540,1.57551,1.57583,1.00,2.25
2015.08.27 13:00:50.642,1.57547,1.57581,1.10,1.57
2015.08.27 13:00:50.693,1.57545,1.57577,1.17,1.37
2015.08.27 13:00:50.796,1.5755,1.5758,1.00,1.20
2015.08.27 13:00:50.898,1.57553,1.57578,1.00,1.87
2015.08.27 13:00:51.203,1.57556,1.5758,1.00,1.12
2015.08.27 13:00:51.416,1.5756,1.57583,1.00,1.07
2015.08.27 13:00:51.468,1.57557,1.57583,1.00,1.00
2015.08.27 13:00:51.877,1.5756,1.57583,1.00,1.00
2015.08.27 13:00:52.181,1.5756,1.57583,1.60,1.00
2015.08.27 13:00:52.233,1.5756,1.57583,1.00,1.00
2015.08.27 13:00:52.396,1.5756,1.57583,1.60,1.00
2015.08.27 13:00:52.447,1.5756,1.57583,1.00,1.00
2015.08.27 13:00:52.499,1.5756,1.57592,1.00,2.77
2015.08.27 13:00:53.210,1.5756,1.57592,1.10,2.70
2015.08.27 13:00:53.261,1.57565,1.57592,1.00,1.45
2015.08.27 13:00:53.494,1.57565,1.57593,1.00,1.20
2015.08.27 13:00:53.546,1.57563,1.57594,1.00,1.50
2015.08.27 13:00:53.650,1.57564,1.57596,1.65,2.47
2015.08.27 13:00:53.753,1.57566,1.57597,1.00,2.02
2015.08.27 13:00:53.805,1.57566,1.57597,1.00,2.02
2015.08.27 13:00:53.856,1.57566,1.57596,1.00,1.57
2015.08.27 13:00:54.163,1.5757,1.57599,1.00,1.50
2015.08.27 13:00:54.588,1.57567,1.57599,1.10,1.55
2015.08.27 13:00:54.640,1.57567,1.57598,1.10,1.05
2015.08.27 13:00:54.742,1.57566,1.57598,1.17,1.20
2015.08.27 13:00:54.795,1.57566,1.57599,1.17,1.92
2015.08.27 13:00:54.950,1.57566,1.57598,1.00,1.92
2015.08.27 13:00:55.307,1.57566,1.57599,1.37,1.42
2015.08.27 13:00:55.812,1.57567,1.57601,1.20,2.40
2015.08.27 13:00:56.281,1.57569,1.576,1.10,1.17
2015.08.27 13:00:56.383,1.57573,1.57601,1.12,1.52
2015.08.27 13:00:56.712,1.57574,1.57602,1.00,1.00
2015.08.27 13:00:56.763,1.57574,1.57602,1.60,1.00
2015.08.27 13:00:56.814,1.57574,1.57605,1.75,1.00
2015.08.27 13:00:57.170,1.57577,1.57608,1.65,1.00
2015.08.27 13:00:57.476,1.57586,1.57616,1.00,2.02
2015.08.27 13:00:57.528,1.57584,1.57615,1.00,1.95
2015.08.27 13:00:57.887,1.57581,1.57615,1.87,2.40
2015.08.27 13:00:58.141,1.57585,1.57617,1.00,2.40
2015.08.27 13:00:58.693,1.57585,1.57617,1.87,2.40
2015.08.27 13:00:59.084,1.57585,1.57615,1.50,1.27
2015.08.27 13:00:59.391,1.57582,1.57613,1.00,1.12
2015.08.27 13:00:59.595,1.57578,1.57611,2.02,1.57
2015.08.27 13:00:59.697,1.57578,1.57611,2.25,1.52
2015.08.27 13:01:00.105,1.57578,1.57611,1.50,1.52
2015.08.27 13:01:00.409,1.57584,1.57612,1.00,1.20
2015.08.27 13:01:00.461,1.57581,1.57612,1.52,1.00
2015.08.27 13:01:00.513,1.57581,1.57612,1.65,1.37
2015.08.27 13:01:00.615,1.57583,1.5761,1.10,1.37
2015.08.27 13:01:00.667,1.57583,1.57612,1.00,1.65
2015.08.27 13:01:01.175,1.57583,1.57612,1.00,1.10
2015.08.27 13:01:01.727,1.57583,1.57612,1.37,1.47
2015.08.27 13:01:02.339,1.57583,1.57615,1.00,2.32
2015.08.27 13:01:03.407,1.57596,1.57616,1.00,1.87
2015.08.27 13:01:03.563,1.57598,1.57624,1.00,1.00
2015.08.27 13:01:03.818,1.57598,1.57626,1.00,1.00
2015.08.27 13:01:03.869,1.57594,1.57626,1.27,1.00
2015.08.27 13:01:03.971,1.57592,1.57624,2.25,1.00
2015.08.27 13:01:04.073,1.57594,1.57624,1.20,1.00
2015.08.27 13:01:04.175,1.57596,1.57624,1.10,1.00
2015.08.27 13:01:05.532,1.57595,1.57624,1.17,1.37
2015.08.27 13:01:05.736,1.57593,1.57624,1.65,1.37
2015.08.27 13:01:05.890,1.57593,1.5762,1.65,1.00
2015.08.27 13:01:06.094,1.57588,1.5762,1.55,1.47
2015.08.27 13:01:06.424,1.57587,1.57616,1.10,1.37
2015.08.27 13:01:06.628,1.57587,1.57613,1.00,1.00
2015.08.27 13:01:06.730,1.57581,1.57613,1.57,1.37
2015.08.27 13:01:06.832,1.57583,1.57615,1.12,2.32
2015.08.27 13:01:06.883,1.57585,1.57615,1.37,1.95
2015.08.27 13:01:06.985,1.57585,1.57614,1.37,1.00
2015.08.27 13:01:07.538,1.57581,1.57614,1.45,1.00
2015.08.27 13:01:07.946,1.57582,1.57614,1.05,1.00
2015.08.27 13:01:08.504,1.57587,1.57616,1.12,1.00
2015.08.27 13:01:08.707,1.57589,1.57621,1.05,1.10
2015.08.27 13:01:08.758,1.5759,1.57618,1.97,1.00
2015.08.27 13:01:09.064,1.57586,1.57616,1.87,1.00
2015.08.27 13:01:09.166,1.57586,1.57616,1.15,1.00
2015.08.27 13:01:10.064,1.57585,1.57604,1.15,1.00
2015.08.27 13:01:10.725,1.57585,1.57604,1.52,1.00
2015.08.27 13:01:11.182,1.57585,1.57607,1.52,1.00
2015.08.27 13:01:11.443,1.57587,1.57607,1.05,1.00
2015.08.27 13:01:11.494,1.57587,1.57611,1.05,1.00
2015.08.27 13:01:11.545,1.57585,1.57611,3.52,1.00
2015.08.27 13:01:11.696,1.5759,1.57611,1.50,1.00
2015.08.27 13:01:11.850,1.5759,1.57614,1.12,1.00
2015.08.27 13:01:12.003,1.57588,1.57614,1.12,1.00
2015.08.27 13:01:12.156,1.57589,1.57611,1.52,1.00
2015.08.27 13:01:12.258,1.57589,1.57619,1.15,1.00
2015.08.27 13:01:12.309,1.5759,1.57619,1.57,1.00
2015.08.27 13:01:12.720,1.57591,1.57614,1.75,1.00
2015.08.27 13:01:12.780,1.5759,1.57614,1.15,1.00
2015.08.27 13:01:12.832,1.5759,1.57619,1.15,1.00
2015.08.27 13:01:12.884,1.5759,1.57621,1.15,1.87
2015.08.27 13:01:13.239,1.57593,1.57624,1.00,1.87
2015.08.27 13:01:13.392,1.57591,1.57621,1.15,1.00
2015.08.27 13:01:13.734,1.57588,1.57617,1.15,1.00
2015.08.27 13:01:14.235,1.57588,1.57619,1.15,1.37
2015.08.27 13:01:14.540,1.57591,1.57622,1.12,1.20
2015.08.27 13:01:14.642,1.57591,1.57622,1.20,1.10
2015.08.27 13:01:14.865,1.57589,1.57622,2.77,1.47
2015.08.27 13:01:14.967,1.57589,1.57622,2.40,1.47
2015.08.27 13:01:15.275,1.57588,1.57619,3.07,1.37
2015.08.27 13:01:15.480,1.5759,1.57619,1.17,1.37
2015.08.27 13:01:15.583,1.57588,1.57616,1.10,1.00
2015.08.27 13:01:15.636,1.57586,1.57613,1.15,1.00
2015.08.27 13:01:15.944,1.57585,1.57612,1.17,1.12
2015.08.27 13:01:16.198,1.57582,1.57612,1.52,1.87
2015.08.27 13:01:16.699,1.5758,1.57608,3.00,1.00
2015.08.27 13:01:17.260,1.5758,1.57612,2.25,1.87
2015.08.27 13:01:17.312,1.57581,1.57611,1.27,1.12
2015.08.27 13:01:17.617,1.57587,1.57611,1.00,1.12
2015.08.27 13:01:18.299,1.57587,1.57612,1.00,1.12
2015.08.27 13:01:18.402,1.57587,1.57612,1.50,1.00
2015.08.27 13:01:18.656,1.57587,1.57612,1.12,1.87
2015.08.27 13:01:19.369,1.57587,1.57609,1.00,1.00
2015.08.27 13:01:19.675,1.57587,1.57609,1.00,1.37
2015.08.27 13:01:20.679,1.57586,1.5761,1.00,2.25
2015.08.27 13:01:20.985,1.57586,1.57604,1.00,1.00
2015.08.27 13:01:21.818,1.57586,1.57601,1.00,1.00
2015.08.27 13:01:22.074,1.57586,1.57604,1.00,1.00
2015.08.27 13:01:22.176,1.57586,1.57606,1.00,2.10
2015.08.27 13:01:22.540,1.57586,1.57608,1.00,1.50
2015.08.27 13:01:22.591,1.57586,1.57603,1.00,1.00
2015.08.27 13:01:22.846,1.57586,1.57606,1.00,1.00
2015.08.27 13:01:23.376,1.57587,1.57606,1.00,1.00
2015.08.27 13:01:23.832,1.57587,1.57604,1.00,1.00
2015.08.27 13:01:24.375,1.57587,1.57607,1.00,1.00
2015.08.27 13:01:24.942,1.57587,1.57608,1.00,1.00
2015.08.27 13:01:25.451,1.57586,1.57608,1.00,1.00
2015.08.27 13:01:26.135,1.57586,1.57608,1.50,1.00
2015.08.27 13:01:26.646,1.57586,1.57609,1.50,1.00
2015.08.27 13:01:26.697,1.57586,1.57611,1.50,1.00
2015.08.27 13:01:27.206,1.57586,1.57611,1.12,1.87
2015.08.27 13:01:27.728,1.57586,1.57611,1.12,1.87
2015.08.27 13:01:28.301,1.57586,1.57607,1.12,1.00
2015.08.27 13:01:28.833,1.57587,1.57608,1.00,1.37
2015.08.27 13:01:29.342,1.57587,1.57611,1.00,1.97
2015.08.27 13:01:29.867,1.57586,1.57608,1.00,1.12
2015.08.27 13:01:30.175,1.57587,1.57606,1.00,1.97
2015.08.27 13:01:30.650,1.57586,1.57605,1.00,1.10
2015.08.27 13:01:31.158,1.57587,1.57607,1.00,1.17
2015.08.27 13:01:31.747,1.57587,1.57607,1.00,1.55
2015.08.27 13:01:32.256,1.57586,1.57607,1.00,1.95
2015.08.27 13:01:32.674,1.57583,1.57604,1.00,1.05
2015.08.27 13:01:32.923,1.57581,1.57604,1.00,1.87
2015.08.27 13:01:33.450,1.5758,1.57604,1.50,1.80
2015.08.27 13:01:33.979,1.57581,1.57605,1.00,2.85
2015.08.27 13:01:35.887,1.57587,1.57604,1.00,1.67
2015.08.27 13:01:36.394,1.57587,1.5761,1.00,1.20
2015.08.27 13:01:36.699,1.57589,1.5761,1.60,1.20
2015.08.27 13:01:36.750,1.57589,1.57614,1.60,1.57
2015.08.27 13:01:36.990,1.5759,1.57616,1.00,2.70
2015.08.27 13:01:37.042,1.5759,1.5761,1.00,1.00
2015.08.27 13:01:37.144,1.5759,1.57617,1.00,2.10
2015.08.27 13:01:37.195,1.5759,1.57615,1.00,1.45
2015.08.27 13:01:37.297,1.5759,1.57616,1.00,1.20
2015.08.27 13:01:38.378,1.5759,1.57616,1.00,1.57
2015.08.27 13:01:38.905,1.5759,1.57612,1.00,1.37
2015.08.27 13:01:39.596,1.5759,1.57612,1.00,1.37
2015.08.27 13:01:39.901,1.57591,1.57616,1.97,1.57
2015.08.27 13:01:40.054,1.57598,1.57622,1.00,1.47
2015.08.27 13:01:40.105,1.57602,1.57625,1.00,1.95
2015.08.27 13:01:40.406,1.57608,1.5763,2.10,1.00
2015.08.27 13:01:40.560,1.57608,1.57631,1.00,1.60
2015.08.27 13:01:40.662,1.57606,1.5763,1.50,1.60
2015.08.27 13:01:40.713,1.57605,1.57626,1.00,1.60
2015.08.27 13:01:40.764,1.57603,1.57626,1.00,1.60
2015.08.27 13:01:40.815,1.576,1.57624,1.17,1.00
2015.08.27 13:01:40.968,1.57601,1.57628,1.60,1.00
2015.08.27 13:01:41.322,1.57605,1.57628,1.00,1.00
2015.08.27 13:01:42.486,1.57615,1.57628,1.00,1.00
2015.08.27 13:01:42.537,1.57602,1.57628,1.00,1.00
2015.08.27 13:01:42.589,1.576,1.57628,2.32,1.75
2015.08.27 13:01:42.843,1.57607,1.5763,1.00,1.00
2015.08.27 13:01:42.996,1.5761,1.57633,1.00,1.90
2015.08.27 13:01:43.047,1.5761,1.57636,1.00,1.82
2015.08.27 13:01:43.149,1.5761,1.57636,1.00,1.00
2015.08.27 13:01:43.251,1.57612,1.57636,1.50,1.00
2015.08.27 13:01:43.554,1.57615,1.5764,1.00,1.47
2015.08.27 13:01:44.061,1.57615,1.5764,1.00,1.00
2015.08.27 13:01:45.294,1.57615,1.5764,1.00,1.37
2015.08.27 13:01:45.801,1.57615,1.5764,1.00,1.12
2015.08.27 13:01:46.051,1.57615,1.57644,1.50,1.92
2015.08.27 13:01:46.102,1.57615,1.57644,1.50,1.85
2015.08.27 13:01:46.713,1.57617,1.57645,1.12,1.82
2015.08.27 13:01:46.814,1.57617,1.57645,1.37,1.45
2015.08.27 13:01:48.130,1.57619,1.57647,1.00,1.50
2015.08.27 13:01:48.283,1.57621,1.57647,1.00,1.50
2015.08.27 13:01:48.637,1.57621,1.57648,1.00,2.77
2015.08.27 13:01:48.941,1.57624,1.57648,1.12,1.95
2015.08.27 13:01:49.145,1.57624,1.5765,1.12,1.57
2015.08.27 13:01:49.196,1.57627,1.5765,1.00,1.57
2015.08.27 13:01:49.247,1.57627,1.57653,1.37,2.25
2015.08.27 13:01:49.399,1.57629,1.57655,1.00,1.87
2015.08.27 13:01:49.501,1.57629,1.57655,1.37,1.47
2015.08.27 13:01:49.603,1.57632,1.57655,1.00,1.10
2015.08.27 13:01:49.954,1.57636,1.57662,1.00,3.60
2015.08.27 13:01:50.598,1.57634,1.57662,1.00,1.35
2015.08.27 13:01:50.948,1.57654,1.57675,1.00,1.12
2015.08.27 13:01:51.051,1.57656,1.57683,1.00,1.87
2015.08.27 13:01:51.104,1.5766,1.57683,1.00,1.87
2015.08.27 13:01:51.258,1.5766,1.57684,1.00,1.20
2015.08.27 13:01:51.760,1.5766,1.57684,1.00,1.50
2015.08.27 13:01:52.116,1.5766,1.57684,1.00,1.50
2015.08.27 13:01:52.572,1.57656,1.57684,1.00,1.57
2015.08.27 13:01:52.623,1.57656,1.57684,1.00,1.95
2015.08.27 13:01:52.725,1.57654,1.57677,1.00,1.12
2015.08.27 13:01:53.264,1.57653,1.57681,1.12,1.95
2015.08.27 13:01:53.721,1.57658,1.57681,1.00,1.57
2015.08.27 13:01:54.021,1.57663,1.57688,1.00,1.20
2015.08.27 13:01:54.073,1.57663,1.5769,1.50,1.20
2015.08.27 13:01:54.581,1.57663,1.5769,1.00,1.27
2015.08.27 13:01:55.447,1.57663,1.57689,1.00,1.12
2015.08.27 13:01:56.142,1.57663,1.57688,1.00,1.00
2015.08.27 13:01:56.949,1.57663,1.57689,1.00,1.75
2015.08.27 13:01:57.101,1.5766,1.57689,1.00,1.75
2015.08.27 13:01:57.203,1.5766,1.57686,1.00,1.75
2015.08.27 13:01:58.137,1.57663,1.57683,1.00,1.12
2015.08.27 13:01:58.341,1.57668,1.57692,1.00,1.47
2015.08.27 13:01:58.544,1.57672,1.57693,1.00,1.37
2015.08.27 13:01:58.752,1.57672,1.577,1.00,1.27
2015.08.27 13:01:58.854,1.57672,1.57698,1.00,1.12
2015.08.27 13:01:59.354,1.57668,1.57695,1.00,1.12
2015.08.27 13:01:59.456,1.57668,1.57695,1.00,1.75
2015.08.27 13:01:59.970,1.57668,1.57695,1.00,1.12
2015.08.27 13:02:00.520,1.57668,1.57695,1.00,1.27
2015.08.27 13:02:01.902,1.57667,1.57695,1.00,1.27
2015.08.27 13:02:02.217,1.57668,1.57691,1.00,1.47
2015.08.27 13:02:02.268,1.57668,1.57691,1.00,1.10
2015.08.27 13:02:03.477,1.57668,1.57694,1.00,1.27
2015.08.27 13:02:03.858,1.57671,1.57694,1.00,1.27
2015.08.27 13:02:04.213,1.57674,1.57694,1.00,1.57
2015.08.27 13:02:04.315,1.57671,1.57694,1.50,1.20
2015.08.27 13:02:04.462,1.57671,1.57698,1.87,1.85
2015.08.27 13:02:04.974,1.57671,1.57696,1.00,1.85
2015.08.27 13:02:05.229,1.57666,1.57696,1.00,1.90
2015.08.27 13:02:05.280,1.57665,1.57696,1.87,1.27
2015.08.27 13:02:05.436,1.57665,1.57694,1.37,1.20
2015.08.27 13:02:05.743,1.5767,1.57694,1.00,1.52
2015.08.27 13:02:05.795,1.5767,1.57695,1.00,1.20
2015.08.27 13:02:07.601,1.57667,1.57694,1.37,1.15
2015.08.27 13:02:08.037,1.57667,1.57696,1.12,1.87
2015.08.27 13:02:08.366,1.57671,1.57696,1.12,1.12
2015.08.27 13:02:08.468,1.57674,1.57698,1.37,1.12
2015.08.27 13:02:08.570,1.57675,1.57702,1.12,1.12
2015.08.27 13:02:08.672,1.57679,1.57703,1.00,1.12
2015.08.27 13:02:08.774,1.57679,1.57705,1.00,2.32
2015.08.27 13:02:10.974,1.57674,1.57698,1.87,1.00
2015.08.27 13:02:11.026,1.57674,1.57698,1.00,1.00
2015.08.27 13:02:11.128,1.57669,1.57697,1.55,1.10
2015.08.27 13:02:11.179,1.57669,1.57696,1.00,1.50
2015.08.27 13:02:11.493,1.57669,1.57696,1.00,1.87
2015.08.27 13:02:11.698,1.57666,1.57694,1.00,1.20
2015.08.27 13:02:11.863,1.57666,1.57693,1.00,1.50
2015.08.27 13:02:11.965,1.57663,1.57694,2.02,2.20
2015.08.27 13:02:12.017,1.57669,1.57694,1.12,2.20
2015.08.27 13:02:12.220,1.57664,1.57692,1.57,1.12
2015.08.27 13:02:12.372,1.57664,1.57692,1.12,2.25
2015.08.27 13:02:12.525,1.57661,1.57689,1.57,1.20
2015.08.27 13:02:13.035,1.57661,1.57689,1.37,1.75
2015.08.27 13:02:13.553,1.57661,1.57688,1.00,2.20
2015.08.27 13:02:13.858,1.57673,1.57687,1.00,1.12
2015.08.27 13:02:13.961,1.57673,1.57695,1.12,1.75
2015.08.27 13:02:14.164,1.57667,1.57688,1.12,1.75
2015.08.27 13:02:14.215,1.57662,1.57686,1.75,1.45
2015.08.27 13:02:14.266,1.57665,1.57686,1.00,1.75
2015.08.27 13:02:14.368,1.57669,1.57688,1.50,1.20
2015.08.27 13:02:14.514,1.57666,1.57689,1.00,1.20
2015.08.27 13:02:14.565,1.57659,1.57687,1.17,1.47
2015.08.27 13:02:14.616,1.57659,1.57684,1.00,1.12
2015.08.27 13:02:16.142,1.57659,1.57684,1.00,1.75
2015.08.27 13:02:17.221,1.57659,1.57685,1.00,1.82
2015.08.27 13:02:17.526,1.57659,1.57681,1.00,1.07
2015.08.27 13:02:18.207,1.57661,1.57681,1.00,1.07
2015.08.27 13:02:18.514,1.57675,1.57695,1.00,1.12
2015.08.27 13:02:18.566,1.57678,1.57698,1.00,1.45
2015.08.27 13:02:18.618,1.5768,1.57698,1.00,1.07
2015.08.27 13:02:18.669,1.5768,1.57703,1.00,1.50
2015.08.27 13:02:18.772,1.57678,1.57704,1.00,1.12
2015.08.27 13:02:18.965,1.57673,1.57703,1.65,1.27
2015.08.27 13:02:19.016,1.5767,1.57699,1.95,1.20
2015.08.27 13:02:19.118,1.5767,1.57699,1.57,1.20
2015.08.27 13:02:19.169,1.5767,1.57699,1.57,1.45
2015.08.27 13:02:19.475,1.57674,1.57698,1.00,1.12
2015.08.27 13:02:19.780,1.57674,1.57696,1.50,1.12
2015.08.27 13:02:20.115,1.57671,1.57695,1.00,1.75
2015.08.27 13:02:20.572,1.57671,1.57696,1.00,1.45
2015.08.27 13:02:20.885,1.57674,1.57696,1.00,1.50
2015.08.27 13:02:22.588,1.57676,1.57696,1.00,1.45
2015.08.27 13:02:22.742,1.57676,1.57699,1.00,1.82
2015.08.27 13:02:23.220,1.57672,1.57699,1.50,1.82
2015.08.27 13:02:23.272,1.57672,1.57697,1.50,1.27
2015.08.27 13:02:23.476,1.57668,1.57693,1.00,1.12
2015.08.27 13:02:23.731,1.57668,1.57694,1.00,1.12
2015.08.27 13:02:24.458,1.57668,1.57693,1.00,1.90
2015.08.27 13:02:24.623,1.57665,1.57692,1.50,1.57
2015.08.27 13:02:25.133,1.57665,1.57689,1.00,1.12
2015.08.27 13:02:25.660,1.57665,1.57689,1.37,1.12
2015.08.27 13:02:26.105,1.57669,1.57689,1.00,1.45
2015.08.27 13:02:26.411,1.57687,1.57698,1.00,1.17
2015.08.27 13:02:26.719,1.57696,1.57712,1.00,1.00
2015.08.27 13:02:26.771,1.57696,1.57712,1.75,1.00
2015.08.27 13:02:26.913,1.577,1.57721,1.00,1.12
2015.08.27 13:02:27.168,1.577,1.57724,1.00,1.07
2015.08.27 13:02:29.141,1.57695,1.57724,1.12,1.07
2015.08.27 13:02:29.565,1.57697,1.57727,1.57,1.87
2015.08.27 13:02:29.977,1.57701,1.57728,1.37,1.50
2015.08.27 13:02:30.232,1.57707,1.57737,2.25,1.27
2015.08.27 13:02:30.283,1.57709,1.57736,1.12,1.10
2015.08.27 13:02:30.487,1.57707,1.57734,1.95,1.12
2015.08.27 13:02:30.587,1.57707,1.57732,1.95,1.87
2015.08.27 13:02:30.741,1.57702,1.57731,1.12,2.25
2015.08.27 13:02:30.792,1.57702,1.57731,1.00,1.82
2015.08.27 13:02:30.843,1.57702,1.57731,1.37,1.45
2015.08.27 13:02:30.895,1.57702,1.57732,1.75,1.17
2015.08.27 13:02:31.403,1.57703,1.57732,1.20,1.00
2015.08.27 13:02:32.047,1.57703,1.57733,1.20,1.57
2015.08.27 13:02:32.354,1.57706,1.57735,1.12,1.57
2015.08.27 13:02:32.659,1.5771,1.57736,1.12,1.12
2015.08.27 13:02:33.063,1.5771,1.57736,1.12,1.12
2015.08.27 13:02:33.387,1.5771,1.57731,1.12,1.12
2015.08.27 13:02:33.898,1.57712,1.57731,1.50,1.12
2015.08.27 13:02:33.949,1.57716,1.57738,1.37,1.12
2015.08.27 13:02:34.000,1.57717,1.57739,1.75,1.75
2015.08.27 13:02:34.102,1.57719,1.57741,1.50,1.75
2015.08.27 13:02:34.301,1.57723,1.57744,1.00,1.75
2015.08.27 13:02:34.403,1.57723,1.5774,1.00,1.12
2015.08.27 13:02:34.606,1.57723,1.57743,1.00,1.12
2015.08.27 13:02:34.657,1.57723,1.57745,1.00,1.75
2015.08.27 13:02:35.114,1.57716,1.57741,1.12,1.20
2015.08.27 13:02:35.166,1.57715,1.57738,1.75,1.12
2015.08.27 13:02:35.321,1.57715,1.57739,1.00,1.87
2015.08.27 13:02:36.672,1.57714,1.57737,1.00,1.15
2015.08.27 13:02:36.723,1.57714,1.57735,1.00,1.20
2015.08.27 13:02:36.825,1.5771,1.57735,1.37,1.20
2015.08.27 13:02:36.877,1.57712,1.57735,1.37,1.20
2015.08.27 13:02:36.979,1.57714,1.57736,1.00,1.50
2015.08.27 13:02:37.031,1.57714,1.57736,1.00,1.15
2015.08.27 13:02:37.511,1.57711,1.57738,1.00,1.75
2015.08.27 13:02:37.562,1.57711,1.57737,1.00,1.35
2015.08.27 13:02:37.737,1.57708,1.57735,1.37,1.80
2015.08.27 13:02:38.420,1.57708,1.57733,1.12,2.17
2015.08.27 13:02:38.472,1.57708,1.57733,1.12,1.10
2015.08.27 13:02:38.523,1.57709,1.57733,1.12,1.10
2015.08.27 13:02:38.625,1.57708,1.57733,1.12,1.10
2015.08.27 13:02:38.727,1.57707,1.57733,1.20,1.00
2015.08.27 13:02:38.880,1.57708,1.57733,1.12,1.00
2015.08.27 13:02:39.083,1.57707,1.57733,1.20,1.00
2015.08.27 13:02:39.490,1.57706,1.57733,1.20,1.00
2015.08.27 13:02:39.542,1.57706,1.57729,1.20,1.00
2015.08.27 13:02:39.695,1.57702,1.5773,1.12,1.52
2015.08.27 13:02:39.747,1.577,1.5773,1.95,1.65
2015.08.27 13:02:39.799,1.57706,1.5773,1.00,1.87
2015.08.27 13:02:39.998,1.57706,1.5773,1.00,1.20
2015.08.27 13:02:40.915,1.57706,1.5773,1.50,1.20
2015.08.27 13:02:41.833,1.57705,1.57731,1.37,1.45
2015.08.27 13:02:44.354,1.57706,1.5773,1.75,1.20
2015.08.27 13:02:44.405,1.57706,1.5773,1.75,1.10
2015.08.27 13:02:44.711,1.57707,1.57732,1.12,1.35
2015.08.27 13:02:45.220,1.5771,1.57733,1.12,1.05
2015.08.27 13:02:45.774,1.5771,1.57733,1.75,1.05
2015.08.27 13:02:49.149,1.5771,1.57733,1.12,1.05
2015.08.27 13:02:49.656,1.57708,1.57733,1.12,1.80
2015.08.27 13:02:49.707,1.57705,1.57727,1.75,1.35
2015.08.27 13:02:49.758,1.57705,1.57727,1.37,1.35
2015.08.27 13:02:49.810,1.57701,1.57727,1.85,1.72
2015.08.27 13:02:49.861,1.57701,1.57727,1.47,2.10
2015.08.27 13:02:50.124,1.57698,1.57727,1.50,2.85
2015.08.27 13:02:50.429,1.57698,1.57727,1.75,2.85
2015.08.27 13:02:51.351,1.57698,1.57727,1.75,2.25
2015.08.27 13:02:51.557,1.57699,1.57723,1.12,1.00
2015.08.27 13:02:51.761,1.57702,1.57726,1.37,1.87
2015.08.27 13:02:51.863,1.57702,1.57726,1.00,1.57
2015.08.27 13:02:51.915,1.57702,1.57727,1.00,1.50
2015.08.27 13:02:52.220,1.577,1.57728,1.75,1.12
2015.08.27 13:02:52.557,1.57705,1.57729,1.00,2.25
2015.08.27 13:02:53.115,1.57705,1.57728,1.00,2.25
2015.08.27 13:02:53.452,1.57705,1.57728,1.75,1.75
2015.08.27 13:02:53.763,1.57705,1.57729,1.50,1.50
2015.08.27 13:02:54.281,1.57705,1.57729,1.50,1.50
2015.08.27 13:02:54.960,1.57705,1.57729,1.37,1.80
2015.08.27 13:02:55.548,1.57705,1.57729,1.00,1.65
2015.08.27 13:02:55.599,1.57705,1.57725,1.00,1.00
2015.08.27 13:02:55.650,1.57699,1.57725,2.02,1.00
2015.08.27 13:02:55.955,1.57699,1.57725,1.75,1.87
2015.08.27 13:02:56.107,1.57701,1.57725,1.12,1.10
2015.08.27 13:02:56.451,1.57701,1.57725,1.75,1.10
2015.08.27 13:02:56.865,1.57701,1.57727,1.12,1.20
2015.08.27 13:02:57.018,1.57701,1.57727,1.75,1.20
2015.08.27 13:02:57.322,1.57706,1.57728,1.00,1.12
2015.08.27 13:02:57.373,1.57702,1.57728,1.95,1.00
2015.08.27 13:02:57.628,1.57706,1.57733,1.75,1.20
2015.08.27 13:02:57.679,1.57707,1.57733,1.12,1.20
2015.08.27 13:02:58.596,1.57707,1.57733,1.12,1.27
2015.08.27 13:02:59.682,1.57707,1.57733,1.37,1.27
2015.08.27 13:03:05.421,1.57707,1.57734,1.50,1.20
2015.08.27 13:03:05.930,1.57707,1.57734,1.50,1.57
2015.08.27 13:03:07.203,1.57709,1.57735,1.12,1.12
2015.08.27 13:03:07.711,1.5771,1.57735,1.37,1.12
2015.08.27 13:03:08.214,1.57709,1.57735,1.12,1.12
2015.08.27 13:03:08.419,1.5771,1.57735,1.00,1.50
2015.08.27 13:03:08.579,1.57705,1.5773,1.37,1.07
2015.08.27 13:03:08.631,1.57705,1.5773,1.37,1.17
2015.08.27 13:03:09.342,1.57705,1.5773,1.37,1.17
2015.08.27 13:03:09.889,1.57705,1.5773,1.37,1.00
2015.08.27 13:03:11.614,1.57702,1.57727,1.75,1.00
2015.08.27 13:03:11.716,1.57702,1.57727,1.37,1.00
2015.08.27 13:03:12.492,1.57701,1.57724,1.50,1.00
2015.08.27 13:03:12.550,1.57697,1.57726,1.45,1.47
2015.08.27 13:03:12.601,1.57695,1.57724,2.25,1.00
2015.08.27 13:03:12.703,1.57694,1.5772,1.95,1.00
2015.08.27 13:03:13.009,1.57684,1.5771,1.00,1.55
2015.08.27 13:03:13.363,1.57684,1.57709,1.37,1.75
2015.08.27 13:03:13.466,1.57688,1.57712,1.50,1.12
2015.08.27 13:03:13.568,1.57688,1.57718,1.12,1.87
2015.08.27 13:03:13.670,1.57688,1.5772,2.02,2.62
2015.08.27 13:03:13.975,1.57687,1.57705,1.12,1.00
2015.08.27 13:03:14.026,1.57681,1.57705,2.20,1.00
2015.08.27 13:03:14.788,1.5768,1.57702,1.75,1.00
2015.08.27 13:03:15.094,1.57681,1.57702,1.12,1.00
2015.08.27 13:03:15.604,1.57681,1.57702,1.12,1.00
2015.08.27 13:03:15.757,1.57679,1.57702,1.27,1.00
2015.08.27 13:03:15.911,1.57679,1.57707,1.20,1.17
2015.08.27 13:03:15.962,1.57679,1.57703,1.20,1.00
2015.08.27 13:03:16.268,1.5768,1.57703,1.82,1.60
2015.08.27 13:03:16.319,1.5768,1.57703,2.25,1.00
2015.08.27 13:03:16.573,1.57679,1.57703,1.12,1.00
2015.08.27 13:03:17.030,1.57681,1.57703,1.12,1.00
2015.08.27 13:03:17.889,1.57681,1.577,1.12,1.00
2015.08.27 13:03:17.943,1.5768,1.577,1.75,1.00
2015.08.27 13:03:18.576,1.5768,1.577,1.75,1.00
2015.08.27 13:03:18.678,1.5768,1.577,1.37,1.00
2015.08.27 13:03:18.831,1.5768,1.57696,1.37,1.00
2015.08.27 13:03:18.984,1.57672,1.57689,1.00,1.00
2015.08.27 13:03:19.138,1.57672,1.57687,1.00,1.00
2015.08.27 13:03:19.191,1.57669,1.57687,1.00,1.00
2015.08.27 13:03:19.293,1.57669,1.57687,1.00,1.20
2015.08.27 13:03:19.615,1.57666,1.5768,1.12,1.00
2015.08.27 13:03:19.921,1.57663,1.5768,1.00,1.10
2015.08.27 13:03:20.984,1.57663,1.57678,1.00,1.00
2015.08.27 13:03:21.188,1.57659,1.57676,1.12,1.00
2015.08.27 13:03:21.341,1.57659,1.57678,1.00,1.10
2015.08.27 13:03:22.333,1.57654,1.57673,1.75,1.00
2015.08.27 13:03:22.384,1.57655,1.57673,1.00,1.00
2015.08.27 13:03:22.435,1.57655,1.5767,1.00,1.00
2015.08.27 13:03:22.487,1.57651,1.5767,1.00,1.00
2015.08.27 13:03:22.691,1.57644,1.57666,1.00,1.00
2015.08.27 13:03:23.169,1.57639,1.57658,2.02,1.00
2015.08.27 13:03:23.323,1.57633,1.57653,1.17,1.00
2015.08.27 13:03:23.477,1.5763,1.57653,1.55,1.00
2015.08.27 13:03:24.051,1.57628,1.57653,1.12,1.15
2015.08.27 13:03:24.360,1.57626,1.57654,1.75,1.75
2015.08.27 13:03:24.869,1.57626,1.57653,1.12,1.12
2015.08.27 13:03:25.281,1.57627,1.57653,1.12,1.12
2015.08.27 13:03:25.485,1.57627,1.57653,1.12,1.12
2015.08.27 13:03:25.690,1.57622,1.5765,1.85,1.17
2015.08.27 13:03:25.741,1.57622,1.57646,1.85,1.00
2015.08.27 13:03:25.843,1.57619,1.57646,1.37,1.00
2015.08.27 13:03:25.895,1.57616,1.57645,1.12,1.12
2015.08.27 13:03:25.998,1.57612,1.57643,1.82,1.82
2015.08.27 13:03:26.534,1.57611,1.57643,1.75,1.50
2015.08.27 13:03:26.788,1.57615,1.57642,1.37,1.20
2015.08.27 13:03:27.308,1.57615,1.57642,1.12,1.57
2015.08.27 13:03:27.815,1.57614,1.57642,1.75,1.57
2015.08.27 13:03:28.325,1.57615,1.57643,1.00,1.50
2015.08.27 13:03:29.204,1.57614,1.57643,1.75,1.47
2015.08.27 13:03:29.407,1.57615,1.57643,1.00,1.75
2015.08.27 13:03:29.459,1.57618,1.57643,1.00,1.75
2015.08.27 13:03:29.716,1.57618,1.57646,1.75,1.20
2015.08.27 13:03:29.921,1.57621,1.57647,2.02,1.00
2015.08.27 13:03:30.229,1.5762,1.57644,1.12,1.00
2015.08.27 13:03:30.280,1.5762,1.57644,1.00,1.00
2015.08.27 13:03:30.686,1.5762,1.57647,1.12,1.12
2015.08.27 13:03:31.216,1.5762,1.57647,1.27,1.12
2015.08.27 13:03:32.302,1.5762,1.57647,1.52,1.00
2015.08.27 13:03:33.412,1.57621,1.57647,1.95,1.00
2015.08.27 13:03:33.717,1.57618,1.57644,2.02,1.00
2015.08.27 13:03:33.971,1.57618,1.57646,2.02,1.00
2015.08.27 13:03:34.174,1.57618,1.57646,2.02,1.00
2015.08.27 13:03:34.983,1.57621,1.57646,1.00,1.00
2015.08.27 13:03:36.499,1.57621,1.57649,1.57,1.12
2015.08.27 13:03:36.601,1.57621,1.57649,1.47,1.00
2015.08.27 13:03:37.103,1.57621,1.57647,1.75,1.50
2015.08.27 13:03:37.559,1.57626,1.57647,1.00,1.50
2015.08.27 13:03:37.762,1.5762,1.57647,1.50,1.00
2015.08.27 13:03:37.915,1.5762,1.57647,1.10,1.20
2015.08.27 13:03:37.966,1.5762,1.57647,1.00,1.20
2015.08.27 13:03:38.371,1.5762,1.57643,1.00,1.00
2015.08.27 13:03:38.879,1.5762,1.57645,1.00,1.57
2015.08.27 13:03:39.796,1.5762,1.57646,1.50,1.82
2015.08.27 13:03:40.321,1.5762,1.57644,1.50,1.00
2015.08.27 13:03:40.749,1.5762,1.57646,1.00,1.82
2015.08.27 13:03:40.851,1.57619,1.57646,1.92,1.12
2015.08.27 13:03:41.400,1.57619,1.57647,1.95,1.75
2015.08.27 13:03:42.318,1.5762,1.57648,2.77,1.12
2015.08.27 13:03:42.533,1.57622,1.5765,1.97,1.92
2015.08.27 13:03:42.635,1.57628,1.57651,1.00,2.25
2015.08.27 13:03:42.737,1.57629,1.57651,1.35,1.10
2015.08.27 13:03:42.789,1.57626,1.57648,1.75,2.10
2015.08.27 13:03:42.840,1.57627,1.57648,1.47,2.10
2015.08.27 13:03:42.891,1.57627,1.57652,1.47,1.67
2015.08.27 13:03:42.943,1.57628,1.57649,1.75,1.30
2015.08.27 13:03:43.045,1.57631,1.57656,1.12,1.50
2015.08.27 13:03:43.148,1.57632,1.57654,1.05,1.37
2015.08.27 13:03:43.364,1.57635,1.57663,1.55,1.12
2015.08.27 13:03:43.620,1.57632,1.57663,1.87,1.27
2015.08.27 13:03:43.977,1.57633,1.57664,1.52,1.65
2015.08.27 13:03:44.695,1.57633,1.57661,2.02,1.00
2015.08.27 13:03:44.923,1.57635,1.57653,1.00,1.00
2015.08.27 13:03:44.975,1.57632,1.57656,1.12,1.50
2015.08.27 13:03:45.127,1.57628,1.57656,1.50,1.12
2015.08.27 13:03:45.331,1.57631,1.57654,1.00,1.00
2015.08.27 13:03:45.471,1.57631,1.5765,1.00,1.10
2015.08.27 13:03:45.780,1.57628,1.57644,1.00,1.50
2015.08.27 13:03:45.881,1.57628,1.57652,1.50,1.20
2015.08.27 13:03:46.385,1.57621,1.57652,1.95,1.95
2015.08.27 13:03:46.994,1.57622,1.5765,1.12,1.20
2015.08.27 13:03:47.556,1.57621,1.57646,1.12,1.37
2015.08.27 13:03:48.846,1.57621,1.57646,1.50,1.37
2015.08.27 13:03:49.626,1.5762,1.57645,1.12,1.00
2015.08.27 13:03:49.934,1.57618,1.57644,1.92,1.87
2015.08.27 13:03:50.243,1.57615,1.57641,2.32,1.00
2015.08.27 13:03:50.294,1.57615,1.57641,1.95,1.00
2015.08.27 13:03:50.345,1.57615,1.57638,1.57,1.00
2015.08.27 13:03:50.651,1.57613,1.57639,1.00,1.12
2015.08.27 13:03:50.702,1.57613,1.57641,1.12,1.45
2015.08.27 13:03:50.854,1.57613,1.57642,1.27,1.50
2015.08.27 13:03:50.906,1.57616,1.57642,1.00,1.50
2015.08.27 13:03:51.408,1.57615,1.57642,1.52,1.50
2015.08.27 13:03:51.713,1.57614,1.57639,1.12,1.50
2015.08.27 13:03:51.967,1.5761,1.57637,1.20,1.12
2015.08.27 13:03:52.534,1.57612,1.57637,1.00,1.20
2015.08.27 13:03:52.688,1.57612,1.57637,1.00,1.00
2015.08.27 13:03:52.740,1.5761,1.57634,1.10,1.07
2015.08.27 13:03:52.894,1.57603,1.57633,2.32,1.20
2015.08.27 13:03:52.996,1.57602,1.57631,1.12,1.27
2015.08.27 13:03:53.047,1.57601,1.57631,1.20,1.27
2015.08.27 13:03:53.561,1.576,1.5763,1.00,1.27
2015.08.27 13:03:53.765,1.576,1.57625,1.00,1.37
2015.08.27 13:03:54.070,1.576,1.57622,1.00,1.20
2015.08.27 13:03:54.744,1.57591,1.57619,1.95,1.20
2015.08.27 13:03:55.151,1.57589,1.57617,1.37,1.10
2015.08.27 13:03:55.562,1.57588,1.57619,2.32,1.57
2015.08.27 13:03:56.064,1.5759,1.57617,2.25,1.37
2015.08.27 13:03:56.370,1.57585,1.57609,1.87,1.00
2015.08.27 13:03:56.472,1.57585,1.57609,1.00,1.37
2015.08.27 13:03:57.285,1.57585,1.57605,1.00,1.50
2015.08.27 13:03:57.591,1.57575,1.57592,1.00,1.00
2015.08.27 13:03:57.962,1.57571,1.57592,1.00,1.50
2015.08.27 13:03:58.217,1.57577,1.57596,1.00,1.95
2015.08.27 13:03:58.421,1.57577,1.57596,1.00,1.57
2015.08.27 13:03:58.472,1.57573,1.57596,1.00,1.57
2015.08.27 13:03:58.574,1.57573,1.57592,1.00,1.00
2015.08.27 13:03:58.962,1.57571,1.57587,1.00,1.00
2015.08.27 13:03:59.115,1.57571,1.5759,1.00,1.50
2015.08.27 13:03:59.269,1.57577,1.57593,1.00,1.37
2015.08.27 13:03:59.320,1.57577,1.57595,1.00,1.75
2015.08.27 13:03:59.525,1.57577,1.57595,1.10,1.12
2015.08.27 13:03:59.729,1.57578,1.57592,1.00,1.00
2015.08.27 13:03:59.781,1.57578,1.57597,1.00,1.00
2015.08.27 13:03:59.986,1.57574,1.5759,2.25,1.00
2015.08.27 13:04:01.303,1.57576,1.5759,1.87,1.00
2015.08.27 13:04:01.659,1.57576,1.57588,1.87,1.00
2015.08.27 13:04:01.966,1.57576,1.57588,1.20,1.00
2015.08.27 13:04:02.532,1.57574,1.57587,1.87,1.00
2015.08.27 13:04:02.583,1.57574,1.57584,1.50,1.00
2015.08.27 13:04:02.838,1.5757,1.57581,1.37,1.00
2015.08.27 13:04:02.890,1.5757,1.57581,1.00,1.00
2015.08.27 13:04:02.992,1.5757,1.57584,1.00,1.00
2015.08.27 13:04:03.044,1.57572,1.57584,1.00,1.00
2015.08.27 13:04:03.398,1.5757,1.57581,1.10,1.00
2015.08.27 13:04:03.906,1.57568,1.57581,1.57,1.00
2015.08.27 13:04:04.211,1.57566,1.57576,1.95,1.00
2015.08.27 13:04:04.262,1.57566,1.57576,1.45,1.00
2015.08.27 13:04:04.536,1.57566,1.57575,1.20,1.00
2015.08.27 13:04:04.840,1.57564,1.57576,1.20,1.00
2015.08.27 13:04:05.195,1.57563,1.57574,1.50,1.00
2015.08.27 13:04:05.247,1.57563,1.57573,1.12,1.00
2015.08.27 13:04:05.764,1.57561,1.57572,1.50,1.00
2015.08.27 13:04:06.942,1.57561,1.57574,1.12,1.00
2015.08.27 13:04:07.113,1.57562,1.57574,1.95,1.00
2015.08.27 13:04:07.421,1.57564,1.57571,1.45,1.00
2015.08.27 13:04:07.777,1.5756,1.57571,1.50,1.00
2015.08.27 13:04:08.308,1.57557,1.57565,1.75,1.00
2015.08.27 13:04:08.460,1.5755,1.57564,2.25,1.00
2015.08.27 13:04:09.656,1.57552,1.57564,2.20,1.00
2015.08.27 13:04:10.315,1.57555,1.57566,1.50,1.00
2015.08.27 13:04:10.547,1.57557,1.5757,1.82,1.00
2015.08.27 13:04:10.853,1.57557,1.5757,1.12,1.00
2015.08.27 13:04:10.904,1.57557,1.57567,1.12,1.00
2015.08.27 13:04:11.422,1.57556,1.57568,1.45,1.00
2015.08.27 13:04:11.755,1.57555,1.57568,1.82,1.00
2015.08.27 13:04:11.858,1.57556,1.57568,1.45,1.00
2015.08.27 13:04:11.961,1.57555,1.57568,1.12,1.00
2015.08.27 13:04:12.114,1.57554,1.57566,1.27,1.00
2015.08.27 13:04:12.267,1.57557,1.5757,1.00,1.00
2015.08.27 13:04:12.420,1.57557,1.57571,2.32,1.00
2015.08.27 13:04:12.471,1.57557,1.57576,2.32,1.00
2015.08.27 13:04:12.573,1.57558,1.57576,3.00,1.00
2015.08.27 13:04:13.044,1.57564,1.5758,1.00,1.00
2015.08.27 13:04:13.146,1.57565,1.5758,1.37,1.00
2015.08.27 13:04:13.451,1.57568,1.5758,1.50,1.00
2015.08.27 13:04:14.044,1.57567,1.5758,1.12,1.00
2015.08.27 13:04:15.714,1.57568,1.57583,1.87,1.00
2015.08.27 13:04:15.970,1.57569,1.57585,1.12,1.00
2015.08.27 13:04:16.072,1.5757,1.57585,1.57,1.00
2015.08.27 13:04:16.695,1.57571,1.57585,1.82,1.00
2015.08.27 13:04:18.174,1.5757,1.57585,1.55,1.00
2015.08.27 13:04:18.377,1.5757,1.57584,1.37,1.00
2015.08.27 13:04:20.340,1.57569,1.57587,1.95,1.00
2015.08.27 13:04:23.597,1.57568,1.57587,2.85,1.00
2015.08.27 13:04:24.872,1.57568,1.57587,2.47,1.00
2015.08.27 13:04:25.417,1.57571,1.57587,1.20,1.00
2015.08.27 13:04:26.700,1.5757,1.57586,1.45,1.00
2015.08.27 13:04:27.207,1.57573,1.57588,1.35,1.00
2015.08.27 13:04:27.259,1.57573,1.5759,1.35,1.00
2015.08.27 13:04:27.310,1.57573,1.57593,1.35,1.00
2015.08.27 13:04:27.463,1.57579,1.57593,1.07,1.00
2015.08.27 13:04:27.932,1.5758,1.57593,1.20,1.00
2015.08.27 13:04:28.034,1.57579,1.57593,1.50,1.00
2015.08.27 13:04:28.490,1.5758,1.57595,1.12,1.00
2015.08.27 13:04:29.251,1.57579,1.57595,1.20,1.00
2015.08.27 13:04:30.592,1.5758,1.57595,1.12,1.00
2015.08.27 13:04:31.918,1.5758,1.57595,1.12,1.00
2015.08.27 13:04:32.085,1.57586,1.57602,1.50,1.00
2015.08.27 13:04:32.136,1.57589,1.57605,3.22,1.00
2015.08.27 13:04:32.544,1.57588,1.57605,1.35,1.00
2015.08.27 13:04:33.053,1.57587,1.57605,1.05,1.00
2015.08.27 13:04:33.208,1.57587,1.57601,1.05,1.00
2015.08.27 13:04:33.614,1.57584,1.57601,1.45,1.00
2015.08.27 13:04:33.817,1.57583,1.57597,1.50,1.00
2015.08.27 13:04:35.139,1.57584,1.57602,1.20,1.00
2015.08.27 13:04:35.343,1.57588,1.57602,1.42,1.00
2015.08.27 13:04:35.647,1.57589,1.57602,1.75,1.00
2015.08.27 13:04:36.165,1.57589,1.57602,1.72,1.00
2015.08.27 13:04:36.756,1.57589,1.57602,1.72,1.00
2015.08.27 13:04:37.073,1.57589,1.57604,1.75,1.00
2015.08.27 13:04:37.617,1.57589,1.57604,1.37,1.00
2015.08.27 13:04:38.192,1.57589,1.57604,1.37,1.00
2015.08.27 13:04:38.696,1.57589,1.57604,1.37,1.00
2015.08.27 13:04:39.625,1.57589,1.57601,1.37,1.00
2015.08.27 13:04:39.676,1.57587,1.57601,1.82,1.00
2015.08.27 13:04:39.970,1.57587,1.57597,1.10,1.00
2015.08.27 13:04:40.224,1.5758,1.57591,1.12,1.00
2015.08.27 13:04:40.737,1.57578,1.57591,1.12,1.00
2015.08.27 13:04:41.066,1.57578,1.57595,1.12,1.00
2015.08.27 13:04:41.321,1.57576,1.57595,1.82,1.00
2015.08.27 13:04:41.897,1.57576,1.57595,1.82,1.00
2015.08.27 13:04:42.506,1.57577,1.57595,1.57,1.00
2015.08.27 13:04:42.937,1.57577,1.57596,1.50,1.00
2015.08.27 13:04:43.393,1.57576,1.57596,1.12,1.00
2015.08.27 13:04:44.117,1.57576,1.57594,1.12,1.00
2015.08.27 13:04:44.483,1.57574,1.5759,1.87,1.00
2015.08.27 13:04:44.635,1.57572,1.5759,1.12,1.00
2015.08.27 13:04:44.787,1.57573,1.57594,1.12,1.00
2015.08.27 13:04:45.061,1.57574,1.57594,2.85,1.00
2015.08.27 13:04:45.370,1.57577,1.57594,1.05,1.00
2015.08.27 13:04:45.831,1.57578,1.57594,1.82,1.00
2015.08.27 13:04:46.133,1.57578,1.57594,1.12,1.00
2015.08.27 13:04:46.235,1.57578,1.57596,1.12,1.00
2015.08.27 13:04:46.742,1.57579,1.57596,1.87,1.00
2015.08.27 13:04:47.951,1.57579,1.576,1.87,1.00
2015.08.27 13:04:50.032,1.57579,1.57597,1.87,1.00
2015.08.27 13:04:50.235,1.57579,1.57596,1.20,1.00
2015.08.27 13:04:50.498,1.57578,1.57599,1.72,1.00
2015.08.27 13:04:52.901,1.57579,1.57599,1.20,1.00
2015.08.27 13:04:53.787,1.57579,1.57599,1.50,1.00
2015.08.27 13:04:56.806,1.57583,1.57599,1.30,1.00
2015.08.27 13:04:57.219,1.57586,1.57608,1.00,2.25
2015.08.27 13:04:58.391,1.57582,1.57608,1.12,2.25
2015.08.27 13:04:58.442,1.57588,1.57608,2.10,1.75
2015.08.27 13:04:58.493,1.57588,1.57608,2.85,1.00
2015.08.27 13:04:58.675,1.57588,1.5761,2.85,1.00
2015.08.27 13:04:58.728,1.5759,1.57612,1.05,1.00
2015.08.27 13:04:58.830,1.57586,1.57605,1.75,1.00
2015.08.27 13:04:59.033,1.57585,1.57605,1.35,1.00
2015.08.27 13:04:59.136,1.57584,1.57605,1.05,1.00
2015.08.27 13:04:59.237,1.57583,1.57593,1.12,1.00
2015.08.27 13:04:59.796,1.57583,1.57593,1.12,1.00
2015.08.27 13:05:00.303,1.57585,1.57598,1.35,1.00
2015.08.27 13:05:00.609,1.57586,1.57598,3.00,1.00
2015.08.27 13:05:01.131,1.57587,1.57598,1.12,1.00
2015.08.27 13:05:02.039,1.57589,1.57598,1.35,1.00
2015.08.27 13:05:02.142,1.5759,1.57601,2.05,1.00
2015.08.27 13:05:02.334,1.5759,1.57605,2.10,1.00
2015.08.27 13:05:02.439,1.57595,1.57605,1.97,1.00
2015.08.27 13:05:02.845,1.57594,1.57605,1.05,1.00
2015.08.27 13:05:04.011,1.57591,1.57605,1.57,1.00
2015.08.27 13:05:04.062,1.57591,1.57605,1.95,1.00
2015.08.27 13:05:04.367,1.57589,1.57599,1.20,1.00
2015.08.27 13:05:04.520,1.57584,1.57599,1.80,1.00
2015.08.27 13:05:04.765,1.57584,1.57599,1.35,1.00
2015.08.27 13:05:04.918,1.5759,1.57601,2.10,1.00
2015.08.27 13:05:04.969,1.5759,1.57606,2.10,1.00
2015.08.27 13:05:05.020,1.5759,1.57604,2.10,1.00
2015.08.27 13:05:05.123,1.57591,1.57607,2.10,1.00
2015.08.27 13:05:05.430,1.57593,1.57607,2.25,1.00
2015.08.27 13:05:05.735,1.57593,1.57607,1.87,1.00
2015.08.27 13:05:06.238,1.57598,1.57607,1.30,1.00
2015.08.27 13:05:06.593,1.57598,1.57609,1.30,1.00
2015.08.27 13:05:07.161,1.57593,1.57606,2.47,1.00
2015.08.27 13:05:07.315,1.57588,1.57604,1.45,1.00
2015.08.27 13:05:07.366,1.57588,1.57601,1.07,1.00
2015.08.27 13:05:07.621,1.5758,1.57598,1.20,1.00
2015.08.27 13:05:07.722,1.57579,1.57598,1.95,1.00
2015.08.27 13:05:08.129,1.5758,1.57598,1.27,1.00
2015.08.27 13:05:08.440,1.57576,1.57588,1.75,1.00
2015.08.27 13:05:08.492,1.57575,1.57587,1.20,1.00
2015.08.27 13:05:08.543,1.57573,1.57585,2.25,1.00
2015.08.27 13:05:08.595,1.57573,1.5759,2.25,1.00
2015.08.27 13:05:08.697,1.57568,1.57587,1.52,1.00
2015.08.27 13:05:08.798,1.57567,1.57592,1.87,1.00
2015.08.27 13:05:08.951,1.57567,1.57592,1.50,1.00
2015.08.27 13:05:09.002,1.57569,1.57596,1.20,1.00
2015.08.27 13:05:09.155,1.57579,1.57597,1.00,1.00
2015.08.27 13:05:09.206,1.57579,1.57601,1.00,1.57
2015.08.27 13:05:09.378,1.57579,1.57604,1.50,1.00
2015.08.27 13:05:09.429,1.57581,1.57604,1.12,1.00
2015.08.27 13:05:10.635,1.57582,1.57604,1.20,1.00
2015.08.27 13:05:10.810,1.5758,1.57604,1.12,1.00
2015.08.27 13:05:11.524,1.57582,1.57604,2.62,1.10
2015.08.27 13:05:11.629,1.57582,1.57604,1.00,1.10
2015.08.27 13:05:11.680,1.57583,1.57604,1.00,1.20
2015.08.27 13:05:11.879,1.57581,1.57602,1.00,1.10
2015.08.27 13:05:11.930,1.57579,1.57602,1.00,1.17
2015.08.27 13:05:12.438,1.57579,1.57602,1.00,1.20
2015.08.27 13:05:12.946,1.57578,1.57602,1.12,1.20
2015.08.27 13:05:13.464,1.57577,1.57599,1.37,1.00
2015.08.27 13:05:14.380,1.57574,1.57599,1.87,1.00
2015.08.27 13:05:14.482,1.57574,1.57597,1.87,1.00
2015.08.27 13:05:15.092,1.57574,1.57597,1.37,1.00
2015.08.27 13:05:15.246,1.57574,1.57593,1.12,1.00
2015.08.27 13:05:15.348,1.5757,1.57593,1.20,1.00
2015.08.27 13:05:15.602,1.57565,1.57594,1.57,1.47
2015.08.27 13:05:15.653,1.5757,1.57593,1.00,1.07
2015.08.27 13:05:15.958,1.57568,1.57595,1.00,1.87
2015.08.27 13:05:16.111,1.57572,1.57595,1.00,1.20
2015.08.27 13:05:16.213,1.57573,1.576,2.25,1.00
2015.08.27 13:05:16.721,1.57574,1.576,1.20,1.12
2015.08.27 13:05:17.128,1.57575,1.576,1.12,1.00
2015.08.27 13:05:17.686,1.57576,1.576,1.12,1.00
2015.08.27 13:05:17.737,1.57579,1.57603,1.37,1.20
2015.08.27 13:05:17.895,1.57585,1.57606,1.00,1.00
2015.08.27 13:05:18.403,1.57584,1.57606,1.27,1.00
2015.08.27 13:05:19.012,1.57583,1.57602,1.20,1.00
2015.08.27 13:05:19.064,1.57581,1.57602,1.45,1.00
2015.08.27 13:05:19.573,1.5758,1.57602,1.87,1.00
2015.08.27 13:05:19.776,1.5758,1.57602,1.12,1.00
2015.08.27 13:05:19.878,1.57577,1.576,1.95,1.00
2015.08.27 13:05:20.452,1.57576,1.576,1.20,1.00
2015.08.27 13:05:21.031,1.57576,1.57599,1.20,1.00
2015.08.27 13:05:21.336,1.57574,1.57598,2.32,1.00
2015.08.27 13:05:21.933,1.57574,1.57598,1.17,1.00
2015.08.27 13:05:22.562,1.57574,1.57598,1.55,1.00
2015.08.27 13:05:23.096,1.57574,1.57598,1.55,1.00
2015.08.27 13:05:23.488,1.57574,1.57601,1.55,1.00
2015.08.27 13:05:23.996,1.57574,1.57601,1.55,1.00
2015.08.27 13:05:24.367,1.57574,1.57598,1.55,1.00
2015.08.27 13:05:24.673,1.57572,1.57595,1.65,1.00
2015.08.27 13:05:24.775,1.57572,1.57592,1.20,1.00
2015.08.27 13:05:24.928,1.57568,1.57592,1.82,1.00
2015.08.27 13:05:25.533,1.57567,1.57592,1.57,1.00
2015.08.27 13:05:27.162,1.57566,1.57584,1.45,1.00
2015.08.27 13:05:27.315,1.57564,1.57584,1.20,1.00
2015.08.27 13:05:27.417,1.57559,1.57584,2.25,1.00
2015.08.27 13:05:27.723,1.5756,1.5758,1.15,1.00
2015.08.27 13:05:27.774,1.57557,1.5758,1.20,1.00
2015.08.27 13:05:27.978,1.57554,1.5758,1.57,1.00
2015.08.27 13:05:28.589,1.57554,1.57576,1.57,1.00
2015.08.27 13:05:29.223,1.57553,1.5758,1.82,1.00
2015.08.27 13:05:29.274,1.57554,1.57577,1.45,1.00
2015.08.27 13:05:29.376,1.57555,1.5758,1.12,1.37
2015.08.27 13:05:29.584,1.57554,1.5758,1.37,1.37
2015.08.27 13:05:29.839,1.57554,1.57576,1.37,1.00
2015.08.27 13:05:31.280,1.57553,1.57576,1.85,1.00
2015.08.27 13:05:31.382,1.57553,1.57576,2.32,1.00
2015.08.27 13:05:31.535,1.5755,1.57574,1.95,1.00
2015.08.27 13:05:31.943,1.57551,1.57576,1.75,1.10
2015.08.27 13:05:32.290,1.57555,1.57576,1.12,1.10
2015.08.27 13:05:32.343,1.57554,1.5758,1.50,1.12
2015.08.27 13:05:32.394,1.57555,1.57583,1.75,1.10
2015.08.27 13:05:32.445,1.57556,1.57578,2.77,1.00
2015.08.27 13:05:32.700,1.57554,1.57576,1.00,1.00
2015.08.27 13:05:32.802,1.57554,1.57579,1.37,1.00
2015.08.27 13:05:32.955,1.57551,1.57579,1.12,1.50
2015.08.27 13:05:33.006,1.57551,1.57579,1.12,1.50
2015.08.27 13:05:33.718,1.57548,1.57577,2.32,1.75
2015.08.27 13:05:34.024,1.57547,1.5757,1.00,1.37
2015.08.27 13:05:34.355,1.57544,1.57572,2.55,1.12
2015.08.27 13:05:34.458,1.57546,1.57572,1.37,1.00
2015.08.27 13:05:34.610,1.57551,1.57578,1.05,1.87
2015.08.27 13:05:35.221,1.5755,1.57578,1.12,1.37
2015.08.27 13:05:35.526,1.5755,1.57575,1.92,1.00
2015.08.27 13:05:35.577,1.5755,1.57575,1.27,1.00
2015.08.27 13:05:35.881,1.5755,1.57577,1.27,1.12
2015.08.27 13:05:35.932,1.5755,1.57577,1.92,1.12
2015.08.27 13:05:36.136,1.5755,1.57577,2.20,1.12
2015.08.27 13:05:36.441,1.5755,1.57577,2.25,1.12
2015.08.27 13:05:37.022,1.5755,1.57576,2.25,1.00
2015.08.27 13:05:37.530,1.57551,1.57577,2.07,1.87
2015.08.27 13:05:37.885,1.57552,1.57577,1.35,1.20
2015.08.27 13:05:37.987,1.57552,1.57577,1.35,1.10
2015.08.27 13:05:38.451,1.57554,1.57578,1.30,1.65
2015.08.27 13:05:38.502,1.57554,1.57578,1.30,1.65
2015.08.27 13:05:38.655,1.57549,1.57578,1.57,1.95
2015.08.27 13:05:39.280,1.57549,1.57573,1.47,1.00
2015.08.27 13:05:40.147,1.57549,1.57575,1.47,1.50
2015.08.27 13:05:40.497,1.57549,1.57575,1.20,1.50
2015.08.27 13:05:41.016,1.57549,1.57574,1.20,1.12
2015.08.27 13:05:41.320,1.57549,1.57575,1.47,1.12
2015.08.27 13:05:41.372,1.57549,1.57576,1.47,3.07
2015.08.27 13:05:41.423,1.57549,1.57576,1.47,2.70
2015.08.27 13:05:41.932,1.57549,1.57573,1.47,1.50
2015.08.27 13:05:42.287,1.57546,1.57573,3.37,1.87
2015.08.27 13:05:42.491,1.57547,1.57574,1.20,1.87
2015.08.27 13:05:42.593,1.57547,1.57572,1.20,1.37
2015.08.27 13:05:42.798,1.57549,1.57573,1.12,1.47
2015.08.27 13:05:43.154,1.57549,1.57575,1.72,1.00
2015.08.27 13:05:43.205,1.57549,1.57576,1.60,1.75
2015.08.27 13:05:43.256,1.57547,1.57576,1.65,1.75
2015.08.27 13:05:43.375,1.57547,1.57574,1.57,1.75
2015.08.27 13:05:43.479,1.57548,1.57572,1.20,1.00
2015.08.27 13:05:43.580,1.5755,1.57575,1.27,1.50
2015.08.27 13:05:43.885,1.57548,1.5757,1.20,1.00
2015.08.27 13:05:43.936,1.57548,1.5757,1.00,1.00
2015.08.27 13:05:44.240,1.57548,1.5757,2.85,1.00
2015.08.27 13:05:44.393,1.57551,1.57577,1.60,2.40
2015.08.27 13:05:44.541,1.57553,1.57579,1.37,2.70
2015.08.27 13:05:44.594,1.57553,1.57579,1.37,1.57
2015.08.27 13:05:44.899,1.57551,1.57577,1.12,1.37
2015.08.27 13:05:45.408,1.57548,1.57573,3.00,1.00
2015.08.27 13:05:45.920,1.57551,1.57575,1.70,1.50
2015.08.27 13:05:45.978,1.57551,1.57575,2.07,1.12
2015.08.27 13:05:46.080,1.57552,1.57577,1.30,1.00
2015.08.27 13:05:46.131,1.57552,1.57575,1.00,1.12
2015.08.27 13:05:46.436,1.57554,1.57579,1.70,1.50
2015.08.27 13:05:46.781,1.57555,1.57582,1.70,1.87
2015.08.27 13:05:46.935,1.57555,1.57582,1.70,2.62
2015.08.27 13:05:47.241,1.57558,1.57578,2.10,1.00
2015.08.27 13:05:47.293,1.57553,1.57581,2.02,1.97
2015.08.27 13:05:47.345,1.57553,1.57578,1.57,1.00
2015.08.27 13:05:47.600,1.57543,1.57571,1.17,1.12
2015.08.27 13:05:48.064,1.57543,1.57569,1.70,1.37
2015.08.27 13:05:48.321,1.57541,1.57566,1.80,1.00
2015.08.27 13:05:48.879,1.57539,1.57568,1.37,1.20
2015.08.27 13:05:48.930,1.57539,1.57568,1.00,1.57
2015.08.27 13:05:49.554,1.57539,1.57568,1.60,1.95
2015.08.27 13:05:49.656,1.57539,1.57568,1.37,1.95
2015.08.27 13:05:49.707,1.57541,1.57568,1.50,1.57
2015.08.27 13:05:50.064,1.57539,1.57571,2.32,3.45
2015.08.27 13:05:50.116,1.57539,1.57567,2.55,1.00
2015.08.27 13:05:50.319,1.57539,1.57567,1.67,1.10
2015.08.27 13:05:50.421,1.57538,1.57565,1.45,1.87
2015.08.27 13:05:50.726,1.57533,1.57562,1.87,1.12
2015.08.27 13:05:51.235,1.57535,1.57562,1.45,1.12
2015.08.27 13:05:51.897,1.57535,1.57562,1.52,1.12
2015.08.27 13:05:52.151,1.57537,1.57563,1.37,1.37
2015.08.27 13:05:52.617,1.57537,1.57564,1.15,1.12
2015.08.27 13:05:52.947,1.57534,1.57559,1.07,1.00
2015.08.27 13:05:53.454,1.57533,1.57558,1.05,1.00
2015.08.27 13:05:53.703,1.57537,1.57559,1.80,1.00
2015.08.27 13:05:53.754,1.57537,1.57563,1.80,2.25
2015.08.27 13:05:53.806,1.57537,1.57563,1.20,2.25
2015.08.27 13:05:54.009,1.57537,1.57561,1.15,1.00
2015.08.27 13:05:54.161,1.57535,1.57561,1.60,1.37
2015.08.27 13:05:54.618,1.57533,1.5756,1.05,1.95
2015.08.27 13:05:55.981,1.57532,1.57556,1.30,1.00
2015.08.27 13:05:56.105,1.57532,1.57554,1.30,1.00
2015.08.27 13:05:56.258,1.57525,1.5755,1.60,1.50
2015.08.27 13:05:56.461,1.57521,1.57546,1.57,1.00
2015.08.27 13:05:56.563,1.57521,1.57546,1.27,1.00
2015.08.27 13:05:57.079,1.57521,1.57547,1.10,1.37
2015.08.27 13:05:57.333,1.57526,1.57549,1.00,1.12
2015.08.27 13:05:57.537,1.57526,1.57551,1.00,1.50
2015.08.27 13:05:57.589,1.57526,1.57551,1.00,1.10
2015.08.27 13:05:57.792,1.57529,1.57551,1.00,1.00
2015.08.27 13:05:58.237,1.57526,1.57553,1.12,1.20
2015.08.27 13:05:58.744,1.57526,1.5755,1.00,1.00
2015.08.27 13:05:58.998,1.57529,1.5755,1.00,1.00
2015.08.27 13:05:59.330,1.57529,1.57557,1.37,1.75
2015.08.27 13:05:59.635,1.57531,1.57559,1.37,3.07
2015.08.27 13:05:59.787,1.57531,1.57559,1.75,2.32
2015.08.27 13:05:59.889,1.57532,1.57559,1.37,1.57
2015.08.27 13:06:00.406,1.57533,1.57558,1.10,1.37
2015.08.27 13:06:00.458,1.57533,1.5756,1.10,2.70
2015.08.27 13:06:00.867,1.57531,1.5756,1.00,2.02
2015.08.27 13:06:01.324,1.5753,1.57551,1.30,1.00
2015.08.27 13:06:01.630,1.57532,1.57551,1.00,1.00
2015.08.27 13:06:02.189,1.57532,1.57551,1.37,1.00
2015.08.27 13:06:02.812,1.57532,1.57551,1.37,1.00
2015.08.27 13:06:03.197,1.57532,1.57553,1.37,1.00
2015.08.27 13:06:03.900,1.57532,1.57553,1.37,1.00
2015.08.27 13:06:04.053,1.57532,1.57555,1.37,1.50
2015.08.27 13:06:04.408,1.5753,1.57551,1.50,1.00
2015.08.27 13:06:04.612,1.57525,1.5755,1.55,1.12
2015.08.27 13:06:04.663,1.57525,1.57549,1.17,1.12
2015.08.27 13:06:04.927,1.57527,1.57549,1.37,1.12
2015.08.27 13:06:05.234,1.5753,1.5755,1.37,1.00
2015.08.27 13:06:05.437,1.5753,1.5755,1.00,1.00
2015.08.27 13:06:05.589,1.5753,1.57552,1.00,1.00
2015.08.27 13:06:06.398,1.5753,1.57554,1.00,1.50
2015.08.27 13:06:06.500,1.57533,1.57554,1.00,1.50
2015.08.27 13:06:06.804,1.57529,1.5755,1.57,1.00
2015.08.27 13:06:06.855,1.57529,1.5755,1.20,1.50
2015.08.27 13:06:06.957,1.57527,1.5755,1.50,1.00
2015.08.27 13:06:07.058,1.57527,1.5755,1.00,1.07
2015.08.27 13:06:07.109,1.57529,1.5755,1.00,1.07
2015.08.27 13:06:07.305,1.57529,1.57551,1.12,1.00
2015.08.27 13:06:07.356,1.57527,1.57551,1.00,1.00
2015.08.27 13:06:07.458,1.57524,1.57549,1.87,1.00
2015.08.27 13:06:07.763,1.57529,1.57551,1.00,1.10
2015.08.27 13:06:08.147,1.57529,1.57549,1.00,1.00
2015.08.27 13:06:08.556,1.57527,1.57549,1.12,1.00
2015.08.27 13:06:09.104,1.57527,1.5755,1.00,1.00
2015.08.27 13:06:09.611,1.57527,1.57549,1.00,1.00
2015.08.27 13:06:10.141,1.57523,1.57549,2.47,1.00
2015.08.27 13:06:10.653,1.57526,1.5755,1.30,1.00
2015.08.27 13:06:11.161,1.57526,1.57549,1.30,1.00
2015.08.27 13:06:11.573,1.57523,1.5755,1.12,1.75
2015.08.27 13:06:11.877,1.57523,1.57549,1.37,1.50
2015.08.27 13:06:11.979,1.57523,1.57549,1.37,1.50
2015.08.27 13:06:12.182,1.57522,1.57547,1.30,1.00
2015.08.27 13:06:12.283,1.57522,1.57545,1.30,1.00
2015.08.27 13:06:12.679,1.57522,1.57543,1.30,1.00
2015.08.27 13:06:12.983,1.57519,1.57543,2.47,1.50
2015.08.27 13:06:13.085,1.57518,1.57543,1.37,1.50
2015.08.27 13:06:13.441,1.5752,1.57543,1.60,1.50
2015.08.27 13:06:13.702,1.57517,1.57543,1.65,1.00
2015.08.27 13:06:13.754,1.57517,1.5754,2.62,1.00
2015.08.27 13:06:13.907,1.57512,1.57532,1.00,1.00
2015.08.27 13:06:14.010,1.57512,1.5753,1.00,1.35
2015.08.27 13:06:14.317,1.57512,1.5753,1.00,2.25
2015.08.27 13:06:14.666,1.57502,1.5753,1.00,2.25
2015.08.27 13:06:14.769,1.575,1.57528,1.12,2.47
2015.08.27 13:06:14.872,1.575,1.57528,1.00,1.75
2015.08.27 13:06:15.539,1.57497,1.57524,1.27,1.12
2015.08.27 13:06:15.847,1.575,1.57525,1.37,1.37
2015.08.27 13:06:17.396,1.57496,1.57527,1.95,1.12
2015.08.27 13:06:17.803,1.57496,1.57527,2.32,1.12
2015.08.27 13:06:18.006,1.57496,1.57527,1.95,1.12
2015.08.27 13:06:19.437,1.57495,1.57522,1.92,1.00
2015.08.27 13:06:19.540,1.57493,1.57522,1.95,1.37
2015.08.27 13:06:19.704,1.57492,1.57518,1.37,1.12
2015.08.27 13:06:19.806,1.57488,1.57516,2.55,1.00
2015.08.27 13:06:19.907,1.57488,1.57516,2.17,1.00
2015.08.27 13:06:20.009,1.57492,1.57521,1.00,1.50
2015.08.27 13:06:20.314,1.57496,1.57523,1.12,1.00
2015.08.27 13:06:20.760,1.57496,1.57525,1.20,1.00
2015.08.27 13:06:21.522,1.57499,1.57525,1.12,1.00
2015.08.27 13:06:21.624,1.57499,1.57523,1.12,1.00
2015.08.27 13:06:22.130,1.57499,1.57523,1.37,1.00
2015.08.27 13:06:22.485,1.57499,1.5752,1.37,1.00
2015.08.27 13:06:22.992,1.57496,1.5752,1.57,1.00
2015.08.27 13:06:23.292,1.57507,1.5753,1.30,2.02
2015.08.27 13:06:23.497,1.57506,1.57532,1.00,1.65
2015.08.27 13:06:23.548,1.57506,1.57531,1.00,1.72
2015.08.27 13:06:23.853,1.57503,1.57524,1.00,1.00
2015.08.27 13:06:24.177,1.57503,1.57523,1.00,1.50
2015.08.27 13:06:24.498,1.57505,1.57526,1.12,1.50
2015.08.27 13:06:25.006,1.575,1.57524,1.12,1.00
2015.08.27 13:06:25.057,1.57499,1.57524,1.12,1.00
2015.08.27 13:06:25.109,1.57493,1.5752,1.50,1.00
2015.08.27 13:06:25.223,1.57492,1.57518,1.75,1.12
2015.08.27 13:06:25.274,1.57484,1.57511,1.95,1.07
2015.08.27 13:06:25.782,1.5748,1.57507,1.05,1.12
2015.08.27 13:06:25.935,1.57479,1.57507,1.00,1.12
2015.08.27 13:06:26.290,1.57475,1.57504,2.62,1.12
2015.08.27 13:06:26.341,1.57475,1.57503,2.62,1.12
2015.08.27 13:06:26.849,1.57475,1.575,1.00,1.00
2015.08.27 13:06:27.377,1.57476,1.575,1.00,1.00
2015.08.27 13:06:29.393,1.57476,1.57502,1.37,1.37
2015.08.27 13:06:29.917,1.57491,1.57503,1.00,1.12
2015.08.27 13:06:30.227,1.57495,1.57507,1.00,1.27
2015.08.27 13:06:30.330,1.57496,1.5751,1.00,1.87
2015.08.27 13:06:30.485,1.57496,1.57511,1.00,1.87
2015.08.27 13:06:30.537,1.57493,1.57511,1.00,1.12
2015.08.27 13:06:30.690,1.57493,1.57509,1.00,1.12
2015.08.27 13:06:31.798,1.57493,1.57507,1.00,1.20
2015.08.27 13:06:32.716,1.57496,1.57506,1.00,1.00
2015.08.27 13:06:32.870,1.57496,1.5751,1.00,1.27
2015.08.27 13:06:33.391,1.57496,1.57511,1.00,1.52
2015.08.27 13:06:33.551,1.575,1.57511,1.00,1.47
2015.08.27 13:06:33.857,1.57504,1.57512,1.00,1.00
2015.08.27 13:06:33.909,1.57504,1.57515,1.00,1.00
2015.08.27 13:06:34.011,1.57504,1.57517,1.00,1.12
2015.08.27 13:06:34.114,1.57504,1.57515,1.00,1.00
2015.08.27 13:06:34.616,1.57504,1.57513,1.00,1.00
2015.08.27 13:06:34.768,1.575,1.57515,1.00,1.17
2015.08.27 13:06:35.074,1.57499,1.57513,1.00,1.20
2015.08.27 13:06:35.581,1.57498,1.57513,1.00,1.27
2015.08.27 13:06:36.086,1.57498,1.57513,1.00,1.65
2015.08.27 13:06:36.239,1.57495,1.57513,1.00,2.77
2015.08.27 13:06:36.392,1.57498,1.57511,1.00,1.47
2015.08.27 13:06:36.443,1.57498,1.57511,1.00,1.20
2015.08.27 13:06:36.647,1.57501,1.57511,1.00,1.00
2015.08.27 13:06:36.698,1.57501,1.57513,1.00,1.50
2015.08.27 13:06:36.800,1.57504,1.57517,1.00,1.20
2015.08.27 13:06:36.943,1.57505,1.57519,1.00,1.50
2015.08.27 13:06:36.995,1.57501,1.57519,1.00,1.00
2015.08.27 13:06:37.097,1.57501,1.57524,1.00,1.27
2015.08.27 13:06:37.823,1.57501,1.57525,1.00,1.82
2015.08.27 13:06:38.220,1.57501,1.57524,1.00,1.57
2015.08.27 13:06:38.730,1.57498,1.57524,1.00,1.95
2015.08.27 13:06:38.781,1.57496,1.5752,1.12,1.87
2015.08.27 13:06:38.832,1.57492,1.57517,1.50,1.12
2015.08.27 13:06:38.883,1.57496,1.57517,1.00,1.12
2015.08.27 13:06:38.935,1.57496,1.57514,1.00,1.00
2015.08.27 13:06:39.186,1.57496,1.57522,1.00,2.40
2015.08.27 13:06:39.389,1.57499,1.57523,1.00,1.90
2015.08.27 13:06:39.796,1.57499,1.57516,1.00,1.00
2015.08.27 13:06:39.847,1.57499,1.57523,1.00,1.85
2015.08.27 13:06:39.899,1.57502,1.57523,1.00,1.85
2015.08.27 13:06:40.195,1.57502,1.57524,1.00,1.17
2015.08.27 13:06:40.247,1.57504,1.57524,1.00,1.17
2015.08.27 13:06:41.310,1.57501,1.57526,1.00,1.57
2015.08.27 13:06:41.860,1.57501,1.57522,1.00,1.37
2015.08.27 13:06:42.267,1.57501,1.57522,1.00,1.37
2015.08.27 13:06:42.369,1.57501,1.57522,1.00,1.65
2015.08.27 13:06:42.420,1.57497,1.57522,1.00,1.65
2015.08.27 13:06:42.572,1.57497,1.57522,1.00,2.02
2015.08.27 13:06:43.453,1.57497,1.57521,1.00,1.47
2015.08.27 13:06:44.530,1.575,1.57521,1.00,1.47
2015.08.27 13:06:45.063,1.575,1.57521,1.00,1.47
2015.08.27 13:06:45.386,1.57503,1.57521,1.00,1.10
2015.08.27 13:06:46.106,1.575,1.57521,1.00,1.10
2015.08.27 13:06:47.106,1.575,1.57521,1.00,1.47
2015.08.27 13:06:48.272,1.57498,1.57521,1.00,1.95
2015.08.27 13:06:48.323,1.57498,1.57521,1.00,1.95
2015.08.27 13:06:48.832,1.57498,1.57519,1.00,1.95
2015.08.27 13:06:49.164,1.57498,1.57517,1.00,1.87
2015.08.27 13:06:49.470,1.57501,1.57519,1.00,1.20
2015.08.27 13:06:49.674,1.57501,1.57519,1.00,1.10
2015.08.27 13:06:50.600,1.57503,1.57522,1.00,2.70
2015.08.27 13:06:51.110,1.57503,1.57522,1.00,1.65
2015.08.27 13:06:52.580,1.57503,1.57522,1.00,2.02
2015.08.27 13:06:54.563,1.57501,1.57522,1.00,1.65
2015.08.27 13:06:54.716,1.57498,1.57522,1.00,1.65
2015.08.27 13:06:54.767,1.57498,1.57519,1.00,1.00
2015.08.27 13:06:55.072,1.57498,1.57514,1.00,1.00
2015.08.27 13:06:55.225,1.57493,1.57518,1.00,1.12
2015.08.27 13:06:55.326,1.57493,1.57513,1.00,1.37
2015.08.27 13:06:55.789,1.57492,1.57512,1.00,1.45
2015.08.27 13:06:56.195,1.57495,1.57513,1.00,2.25
2015.08.27 13:06:56.500,1.57497,1.57513,1.00,1.75
2015.08.27 13:06:56.551,1.57491,1.57514,1.00,1.75
2015.08.27 13:06:56.672,1.57491,1.57511,1.00,1.12
2015.08.27 13:06:56.723,1.57485,1.57507,1.10,1.12
2015.08.27 13:06:56.825,1.57485,1.57506,1.00,1.12
2015.08.27 13:06:56.876,1.57481,1.57504,1.00,1.12
2015.08.27 13:06:56.928,1.57481,1.57505,1.00,1.12
2015.08.27 13:06:56.979,1.57481,1.57504,1.00,1.90
2015.08.27 13:06:57.183,1.57478,1.57501,1.00,1.27
2015.08.27 13:06:57.539,1.57475,1.57501,1.00,1.27
2015.08.27 13:06:58.041,1.57479,1.57502,1.00,1.15
2015.08.27 13:06:59.004,1.57475,1.57502,1.12,1.52
2015.08.27 13:07:00.101,1.57479,1.575,1.00,1.20
2015.08.27 13:07:00.761,1.57475,1.575,1.00,1.20
2015.08.27 13:07:00.863,1.57475,1.57498,1.00,1.00
2015.08.27 13:07:01.372,1.57475,1.575,1.00,1.57
2015.08.27 13:07:01.677,1.57479,1.575,1.00,1.57
2015.08.27 13:07:02.209,1.57479,1.575,1.00,1.20
2015.08.27 13:07:02.687,1.57483,1.575,1.00,1.20
2015.08.27 13:07:03.018,1.57489,1.5751,1.00,1.12
2015.08.27 13:07:03.677,1.57484,1.57508,1.60,1.00
2015.08.27 13:07:04.191,1.57484,1.57511,1.00,1.47
2015.08.27 13:07:04.871,1.57484,1.57511,1.60,1.47
2015.08.27 13:07:04.922,1.57488,1.57512,1.35,2.02
2015.08.27 13:07:06.218,1.57488,1.57512,1.35,1.12
2015.08.27 13:07:07.638,1.57491,1.57512,1.00,1.00
2015.08.27 13:07:08.198,1.57488,1.57513,1.35,1.37
2015.08.27 13:07:08.823,1.57488,1.57515,1.72,1.87
2015.08.27 13:07:09.245,1.57483,1.57511,1.57,1.12
2015.08.27 13:07:09.296,1.57483,1.57508,1.20,1.12
2015.08.27 13:07:09.398,1.57483,1.57511,1.12,2.05
2015.08.27 13:07:09.551,1.57483,1.57506,1.12,1.00
2015.08.27 13:07:09.971,1.57483,1.57506,1.37,1.00
2015.08.27 13:07:10.294,1.57483,1.57506,1.37,1.00
2015.08.27 13:07:10.753,1.57483,1.57509,1.50,1.00
2015.08.27 13:07:11.008,1.57484,1.57507,1.12,1.00
2015.08.27 13:07:11.312,1.57484,1.57505,1.12,1.00
2015.08.27 13:07:11.853,1.57484,1.57506,1.12,1.00
2015.08.27 13:07:12.313,1.57484,1.5751,1.12,1.00
2015.08.27 13:07:12.820,1.57484,1.57509,1.12,1.00
2015.08.27 13:07:13.174,1.57484,1.57511,1.12,1.35
2015.08.27 13:07:13.478,1.57486,1.57513,1.37,1.00
2015.08.27 13:07:13.581,1.57485,1.57513,2.25,1.12
2015.08.27 13:07:13.838,1.57484,1.57511,1.75,1.50
2015.08.27 13:07:13.993,1.57486,1.57511,1.12,1.50
2015.08.27 13:07:14.301,1.57475,1.57501,2.62,1.12
2015.08.27 13:07:14.352,1.57475,1.57501,1.50,1.12
2015.08.27 13:07:14.505,1.57471,1.57498,1.87,1.00
2015.08.27 13:07:15.795,1.57475,1.57498,1.12,1.50
2015.08.27 13:07:16.994,1.57475,1.57498,1.12,1.00
2015.08.27 13:07:17.400,1.57492,1.57508,1.00,1.75
2015.08.27 13:07:17.452,1.57492,1.57516,1.00,1.00
2015.08.27 13:07:17.503,1.57489,1.57511,1.15,1.00
2015.08.27 13:07:17.707,1.57484,1.57511,1.50,1.37
2015.08.27 13:07:17.758,1.57483,1.57511,1.20,1.37
2015.08.27 13:07:18.345,1.57482,1.57513,1.85,1.85
2015.08.27 13:07:18.601,1.57483,1.57513,1.75,1.95
2015.08.27 13:07:18.754,1.57483,1.57512,1.85,1.00
2015.08.27 13:07:19.719,1.57485,1.57512,1.37,1.00
2015.08.27 13:07:19.974,1.5749,1.57518,2.25,1.12
2015.08.27 13:07:20.026,1.5749,1.57518,2.25,1.12
2015.08.27 13:07:20.230,1.57498,1.57522,1.00,1.12
2015.08.27 13:07:20.282,1.57498,1.57518,1.00,1.00
2015.08.27 13:07:20.333,1.57494,1.57518,1.00,1.12
2015.08.27 13:07:20.539,1.5749,1.57519,1.65,1.37
2015.08.27 13:07:20.743,1.5749,1.57522,1.75,2.02
2015.08.27 13:07:21.047,1.57497,1.57525,1.00,1.50
2015.08.27 13:07:21.301,1.575,1.5753,1.75,1.27
2015.08.27 13:07:21.754,1.57501,1.5753,1.12,2.02
2015.08.27 13:07:21.957,1.57497,1.57526,1.57,1.75
2015.08.27 13:07:22.427,1.57496,1.57519,1.87,1.00
2015.08.27 13:07:22.529,1.5749,1.57519,1.12,1.75
2015.08.27 13:07:22.632,1.57487,1.57512,1.10,1.00
2015.08.27 13:07:22.683,1.57483,1.57512,2.62,1.37
2015.08.27 13:07:22.842,1.57483,1.57512,1.15,1.37
2015.08.27 13:07:22.945,1.57483,1.57512,1.00,1.37
2015.08.27 13:07:23.097,1.5749,1.57512,1.00,1.37
2015.08.27 13:07:23.605,1.57486,1.57512,1.00,1.37
2015.08.27 13:07:23.656,1.57486,1.57512,1.00,1.75
2015.08.27 13:07:23.893,1.57478,1.57505,1.37,1.37
2015.08.27 13:07:23.944,1.57478,1.57503,1.00,1.12
2015.08.27 13:07:25.038,1.57478,1.57502,1.00,1.00
2015.08.27 13:07:25.620,1.57475,1.57502,1.37,1.00
2015.08.27 13:07:25.671,1.57471,1.57502,2.70,1.75
2015.08.27 13:07:25.926,1.57475,1.57497,1.37,1.37
2015.08.27 13:07:26.078,1.57472,1.57497,1.37,1.37
2015.08.27 13:07:26.497,1.57472,1.57494,1.37,1.00
2015.08.27 13:07:26.956,1.57472,1.57497,1.37,1.00
2015.08.27 13:07:27.708,1.57472,1.57497,1.00,1.00
2015.08.27 13:07:27.759,1.57469,1.57493,1.20,1.12
2015.08.27 13:07:28.165,1.57469,1.57493,1.00,1.27
2015.08.27 13:07:30.034,1.57467,1.57492,1.00,1.27
2015.08.27 13:07:30.607,1.57467,1.57492,1.00,1.55
2015.08.27 13:07:31.382,1.5747,1.57492,1.00,1.27
2015.08.27 13:07:31.889,1.5747,1.57492,1.00,1.00
2015.08.27 13:07:32.439,1.5747,1.57492,1.37,1.00
2015.08.27 13:07:32.592,1.57473,1.57496,1.00,1.75
2015.08.27 13:07:32.643,1.57476,1.57499,1.00,1.27
2015.08.27 13:07:32.694,1.57476,1.575,1.00,1.90
2015.08.27 13:07:32.847,1.57476,1.575,1.00,1.12
2015.08.27 13:07:33.151,1.57479,1.575,1.00,1.00
2015.08.27 13:07:33.466,1.57481,1.57504,1.00,1.82
2015.08.27 13:07:33.517,1.57481,1.57507,1.12,1.27
2015.08.27 13:07:33.568,1.57481,1.57508,1.50,2.62
2015.08.27 13:07:33.619,1.57485,1.57508,1.00,1.87
2015.08.27 13:07:33.823,1.57487,1.57509,1.00,1.10
2015.08.27 13:07:35.014,1.57487,1.5751,1.00,1.12
2015.08.27 13:07:35.116,1.57484,1.5751,1.12,1.12
2015.08.27 13:07:35.269,1.57484,1.57506,1.00,1.37
2015.08.27 13:07:36.475,1.57484,1.57504,1.00,1.37
2015.08.27 13:07:36.830,1.57482,1.57504,1.00,1.37
2015.08.27 13:07:37.479,1.57482,1.57504,1.00,1.37
2015.08.27 13:07:38.507,1.57482,1.57504,1.00,1.50
2015.08.27 13:07:38.948,1.57479,1.57504,1.00,1.50
2015.08.27 13:07:39.343,1.57476,1.57504,1.00,1.50
2015.08.27 13:07:39.445,1.57478,1.57504,1.00,1.50
2015.08.27 13:07:39.750,1.57477,1.57489,1.37,1.00
2015.08.27 13:07:40.263,1.57478,1.57489,1.12,1.00
2015.08.27 13:07:42.743,1.57474,1.57491,3.07,1.00
2015.08.27 13:07:42.794,1.57484,1.57505,1.00,1.50
2015.08.27 13:07:42.845,1.57484,1.57509,1.00,1.85
2015.08.27 13:07:43.149,1.57483,1.57509,1.00,1.12
2015.08.27 13:07:43.302,1.57483,1.57509,1.00,1.37
2015.08.27 13:07:43.354,1.57484,1.57509,1.00,1.75
2015.08.27 13:07:43.457,1.57479,1.57509,1.15,1.75
2015.08.27 13:07:43.559,1.57479,1.57511,1.90,2.47
2015.08.27 13:07:43.712,1.57477,1.57505,1.20,1.87
2015.08.27 13:07:43.763,1.57475,1.57502,1.12,1.00
2015.08.27 13:07:43.814,1.57474,1.57503,1.45,1.12
2015.08.27 13:07:43.865,1.57473,1.57502,1.82,1.12
2015.08.27 13:07:44.065,1.57479,1.575,1.00,1.12
2015.08.27 13:07:44.117,1.57479,1.57502,1.00,1.12
2015.08.27 13:07:44.320,1.57479,1.57506,1.00,1.27
2015.08.27 13:07:44.371,1.57482,1.57509,1.00,3.37
2015.08.27 13:07:44.677,1.5749,1.57511,1.00,1.12
2015.08.27 13:07:44.728,1.5749,1.57511,1.00,1.12
2015.08.27 13:07:44.830,1.5749,1.57514,1.00,1.47
2015.08.27 13:07:45.714,1.57487,1.57516,1.97,1.75
2015.08.27 13:07:47.289,1.57486,1.57515,1.50,1.12
2015.08.27 13:07:47.472,1.57483,1.57511,1.87,1.12
2015.08.27 13:07:47.574,1.57481,1.5751,2.62,1.75
2015.08.27 13:07:47.729,1.57481,1.5751,1.87,1.75
2015.08.27 13:07:47.932,1.57481,1.5751,1.87,1.75
2015.08.27 13:07:48.490,1.57483,1.57512,1.37,1.27
2015.08.27 13:07:48.994,1.5748,1.57507,1.42,1.12
2015.08.27 13:07:49.653,1.57477,1.57506,1.57,1.75
2015.08.27 13:07:49.882,1.57474,1.57499,2.32,1.00
2015.08.27 13:07:50.393,1.57474,1.57499,1.00,1.00
2015.08.27 13:07:50.716,1.57474,1.575,1.00,1.12
2015.08.27 13:07:51.269,1.57471,1.57498,1.37,1.87
2015.08.27 13:07:51.574,1.57469,1.57497,1.50,1.00
2015.08.27 13:07:52.116,1.57471,1.57498,1.00,1.50
2015.08.27 13:07:53.393,1.5747,1.57498,1.12,1.37
2015.08.27 13:07:53.719,1.57473,1.57502,1.12,1.57
2015.08.27 13:07:53.822,1.57474,1.57504,1.75,1.57
2015.08.27 13:07:53.873,1.57477,1.57505,1.12,1.12
2015.08.27 13:07:53.975,1.57477,1.57504,1.87,1.27
2015.08.27 13:07:54.026,1.57477,1.57504,1.87,1.57
2015.08.27 13:07:54.078,1.57475,1.57504,1.12,1.57
2015.08.27 13:07:54.644,1.57475,1.57502,1.12,1.87
2015.08.27 13:07:54.745,1.57475,1.57501,1.12,1.05
2015.08.27 13:07:54.796,1.57472,1.57501,1.75,1.05
2015.08.27 13:07:55.203,1.57472,1.57497,1.50,1.37
2015.08.27 13:07:55.663,1.57471,1.57494,1.12,1.00
2015.08.27 13:07:55.969,1.57472,1.57499,1.67,1.75
2015.08.27 13:07:56.020,1.57474,1.575,1.37,1.45
2015.08.27 13:07:56.122,1.57474,1.575,1.87,1.47
2015.08.27 13:07:56.224,1.57474,1.575,1.50,1.00
2015.08.27 13:07:56.326,1.57474,1.575,1.37,1.00
2015.08.27 13:07:56.753,1.57474,1.57498,1.37,1.37
2015.08.27 13:07:56.906,1.57472,1.57498,1.00,1.37
2015.08.27 13:07:57.008,1.57471,1.57491,2.10,1.00
2015.08.27 13:07:57.208,1.57464,1.57489,1.20,1.00
2015.08.27 13:07:57.260,1.57462,1.57489,2.02,1.37
2015.08.27 13:07:57.413,1.57462,1.57489,1.50,1.37
2015.08.27 13:07:57.870,1.57462,1.57489,1.00,1.52
2015.08.27 13:07:58.076,1.57464,1.57489,1.00,1.52
2015.08.27 13:07:58.127,1.57464,1.57489,1.00,1.10
2015.08.27 13:07:58.331,1.57464,1.57492,1.37,1.27
2015.08.27 13:07:58.839,1.57461,1.57492,1.27,1.87
2015.08.27 13:07:59.346,1.57462,1.57491,1.50,1.00
2015.08.27 13:07:59.450,1.5746,1.57489,2.40,1.12
2015.08.27 13:07:59.603,1.57462,1.57489,1.75,1.12
2015.08.27 13:07:59.806,1.57463,1.57489,1.00,1.12
2015.08.27 13:08:00.161,1.57463,1.57489,1.37,1.00
2015.08.27 13:08:00.603,1.57463,1.57486,1.37,1.00
2015.08.27 13:08:00.806,1.57459,1.57488,2.77,1.12
2015.08.27 13:08:00.857,1.57461,1.5749,1.37,1.95
2015.08.27 13:08:01.164,1.57463,1.5749,1.50,1.57
2015.08.27 13:08:01.676,1.57468,1.5749,1.00,1.00
2015.08.27 13:08:01.930,1.57465,1.5749,1.12,1.37
2015.08.27 13:08:02.134,1.57465,1.57491,1.50,1.10
2015.08.27 13:08:02.186,1.57465,1.57484,1.50,1.00
2015.08.27 13:08:02.705,1.57465,1.57484,1.65,1.00
2015.08.27 13:08:03.033,1.57465,1.57482,1.65,1.00
2015.08.27 13:08:03.948,1.57465,1.57485,1.65,1.00
2015.08.27 13:08:04.284,1.57466,1.57485,1.55,1.00
2015.08.27 13:08:04.795,1.57467,1.57485,1.52,1.00
2015.08.27 13:08:05.401,1.57467,1.5748,1.10,1.00
2015.08.27 13:08:05.707,1.57461,1.57473,1.17,1.00
2015.08.27 13:08:05.809,1.57455,1.57476,1.95,1.00
2015.08.27 13:08:05.861,1.57453,1.57476,1.50,1.00
2015.08.27 13:08:05.912,1.57455,1.57476,2.25,1.00
2015.08.27 13:08:06.218,1.57456,1.5747,1.27,1.00
2015.08.27 13:08:06.321,1.57452,1.57467,1.20,1.00
2015.08.27 13:08:06.523,1.57447,1.57467,2.02,1.00
2015.08.27 13:08:06.726,1.57446,1.57467,1.57,1.00
2015.08.27 13:08:09.339,1.57446,1.57461,1.50,1.00
2015.08.27 13:08:09.645,1.57446,1.57455,1.00,1.00
2015.08.27 13:08:09.801,1.57445,1.57457,1.00,1.00
2015.08.27 13:08:09.903,1.57442,1.5746,1.55,1.00
2015.08.27 13:08:10.005,1.57443,1.57458,1.20,1.00
2015.08.27 13:08:10.107,1.57443,1.57458,1.75,1.00
2015.08.27 13:08:10.558,1.57445,1.57458,1.00,1.00
2015.08.27 13:08:11.320,1.57445,1.57462,1.00,1.00
2015.08.27 13:08:11.631,1.57443,1.57462,1.12,1.00
2015.08.27 13:08:11.885,1.57445,1.57462,1.00,1.00
2015.08.27 13:08:12.252,1.57443,1.57462,1.00,1.00
2015.08.27 13:08:13.374,1.5744,1.57462,1.00,1.00
2015.08.27 13:08:13.629,1.57438,1.57462,1.12,1.00
2015.08.27 13:08:13.937,1.57438,1.57462,1.37,1.00
2015.08.27 13:08:14.551,1.57438,1.57462,1.12,1.00
2015.08.27 13:08:14.805,1.57437,1.57459,1.50,1.00
2015.08.27 13:08:18.701,1.57435,1.57461,2.25,1.00
2015.08.27 13:08:21.115,1.57452,1.57463,1.00,1.50
2015.08.27 13:08:21.640,1.57456,1.57463,1.00,1.00
2015.08.27 13:08:22.576,1.57446,1.57466,1.00,3.00
2015.08.27 13:08:22.678,1.57448,1.57462,1.00,1.30
2015.08.27 13:08:22.984,1.57445,1.57455,1.00,1.05
2015.08.27 13:08:23.291,1.57448,1.57455,1.00,2.05
2015.08.27 13:08:23.598,1.5745,1.57455,1.00,1.10
2015.08.27 13:08:23.650,1.5745,1.57456,1.00,1.00
2015.08.27 13:08:24.023,1.57448,1.57456,1.00,1.00
2015.08.27 13:08:24.075,1.57451,1.57456,1.00,1.00
2015.08.27 13:08:24.233,1.57452,1.57461,1.00,1.45
2015.08.27 13:08:24.284,1.57453,1.57463,1.00,1.87
2015.08.27 13:08:24.335,1.57453,1.57463,1.00,1.95
2015.08.27 13:08:24.643,1.57459,1.57472,1.00,1.95
2015.08.27 13:08:24.798,1.57457,1.57469,1.00,1.75
2015.08.27 13:08:24.850,1.57454,1.57469,1.00,1.75
2015.08.27 13:08:25.072,1.57447,1.57466,1.00,1.75
2015.08.27 13:08:25.175,1.57447,1.57462,1.00,1.12
2015.08.27 13:08:25.226,1.57445,1.57461,1.00,1.75
2015.08.27 13:08:25.278,1.57441,1.57461,1.00,1.75
2015.08.27 13:08:25.380,1.57441,1.57455,1.00,1.50
2015.08.27 13:08:25.686,1.5744,1.57454,1.00,2.47
2015.08.27 13:08:26.339,1.57443,1.57449,1.00,1.12
2015.08.27 13:08:26.542,1.57442,1.57455,1.00,1.12
2015.08.27 13:08:26.594,1.57442,1.57456,1.00,1.20
2015.08.27 13:08:26.697,1.57437,1.57455,1.00,1.20
2015.08.27 13:08:26.999,1.57429,1.57451,1.00,1.37
2015.08.27 13:08:27.050,1.57425,1.57448,1.12,1.87
2015.08.27 13:08:27.355,1.57425,1.57441,1.00,1.50
2015.08.27 13:08:27.406,1.57425,1.57441,1.00,1.10
2015.08.27 13:08:27.508,1.57427,1.57441,1.00,1.10
2015.08.27 13:08:27.855,1.57438,1.57451,1.00,1.82
2015.08.27 13:08:27.909,1.57432,1.5745,1.00,1.15
2015.08.27 13:08:27.960,1.57432,1.57454,1.00,1.20
2015.08.27 13:08:28.062,1.57432,1.57453,1.00,1.20
2015.08.27 13:08:28.368,1.57436,1.57453,1.00,1.07
2015.08.27 13:08:28.470,1.57436,1.57456,1.00,1.07
2015.08.27 13:08:28.522,1.57436,1.57457,1.00,1.50
2015.08.27 13:08:28.573,1.57436,1.57453,1.00,1.00
2015.08.27 13:08:28.876,1.57439,1.57452,1.00,1.00
2015.08.27 13:08:29.029,1.57441,1.57456,1.00,1.12
2015.08.27 13:08:29.181,1.57443,1.57457,1.00,1.00
2015.08.27 13:08:29.334,1.57443,1.57459,1.00,1.20
2015.08.27 13:08:29.840,1.57443,1.57458,1.00,1.00
2015.08.27 13:08:29.891,1.57446,1.57458,1.00,1.00
2015.08.27 13:08:30.044,1.57446,1.57465,1.00,1.17
2015.08.27 13:08:30.095,1.57449,1.57465,1.00,1.17
2015.08.27 13:08:30.603,1.57449,1.57465,1.00,1.00
2015.08.27 13:08:31.574,1.57452,1.57465,1.00,1.00
2015.08.27 13:08:32.213,1.57455,1.57466,1.00,1.00
2015.08.27 13:08:32.723,1.57455,1.57467,1.00,1.00
2015.08.27 13:08:32.775,1.57455,1.57469,1.00,1.12
2015.08.27 13:08:32.978,1.57455,1.57467,1.00,1.00
2015.08.27 13:08:33.233,1.57458,1.57476,1.00,1.12
2015.08.27 13:08:33.285,1.57463,1.57476,1.00,1.50
2015.08.27 13:08:33.336,1.57459,1.57477,1.00,1.57
2015.08.27 13:08:33.438,1.57456,1.57473,1.00,1.00
2015.08.27 13:08:33.490,1.57461,1.57473,1.00,1.00
2015.08.27 13:08:33.541,1.57458,1.57473,1.00,1.00
2015.08.27 13:08:33.643,1.57452,1.57476,1.00,1.00
2015.08.27 13:08:33.745,1.57448,1.57474,1.57,1.00
2015.08.27 13:08:33.796,1.57448,1.57471,1.00,1.50
2015.08.27 13:08:33.951,1.57442,1.57469,1.10,2.62
2015.08.27 13:08:34.003,1.5744,1.57464,1.27,1.00
2015.08.27 13:08:34.359,1.57442,1.57467,1.00,1.50
2015.08.27 13:08:34.865,1.57444,1.57467,1.00,1.50
2015.08.27 13:08:35.033,1.57444,1.5747,1.37,1.20
2015.08.27 13:08:35.441,1.57445,1.57472,1.12,1.95
2015.08.27 13:08:35.594,1.57448,1.57472,1.00,1.95
2015.08.27 13:08:35.746,1.57448,1.57473,1.50,1.20
2015.08.27 13:08:36.052,1.57448,1.57473,1.50,1.57
2015.08.27 13:08:36.103,1.57446,1.57473,1.00,1.65
2015.08.27 13:08:36.154,1.57445,1.57472,1.50,1.12
2015.08.27 13:08:36.307,1.57445,1.57472,1.50,1.57
2015.08.27 13:08:37.189,1.57445,1.57471,1.00,1.57
2015.08.27 13:08:37.701,1.57444,1.57471,1.00,2.32
2015.08.27 13:08:38.007,1.57436,1.57461,1.50,1.50
2015.08.27 13:08:38.212,1.57434,1.57459,1.00,1.27
2015.08.27 13:08:38.316,1.57434,1.57459,1.00,1.95
2015.08.27 13:08:38.418,1.57432,1.57459,1.00,1.65
2015.08.27 13:08:38.934,1.57432,1.57459,1.00,2.02
2015.08.27 13:08:39.086,1.57432,1.57459,1.00,2.02
2015.08.27 13:08:39.622,1.57433,1.57457,1.00,1.55
2015.08.27 13:08:40.159,1.57432,1.57459,1.12,3.00
2015.08.27 13:08:40.600,1.57431,1.5746,1.57,1.87
2015.08.27 13:08:40.652,1.57435,1.5746,1.00,1.72
2015.08.27 13:08:40.704,1.57433,1.57458,1.00,1.00
2015.08.27 13:08:40.807,1.57433,1.57458,1.75,1.37
2015.08.27 13:08:41.013,1.57439,1.57461,1.00,1.00
2015.08.27 13:08:41.399,1.57443,1.57464,1.00,1.15
2015.08.27 13:08:41.451,1.5744,1.57465,1.50,1.20
2015.08.27 13:08:41.502,1.5744,1.57465,1.50,1.20
2015.08.27 13:08:41.654,1.5744,1.57465,1.87,1.00
2015.08.27 13:08:42.744,1.57442,1.57466,1.87,1.50
2015.08.27 13:08:43.966,1.57447,1.57466,1.12,1.00
2015.08.27 13:08:44.018,1.57447,1.57469,1.50,1.00
2015.08.27 13:08:44.120,1.57447,1.57467,1.87,1.00
2015.08.27 13:08:44.373,1.57444,1.57467,1.50,1.00
2015.08.27 13:08:44.425,1.57444,1.5747,1.50,1.60
2015.08.27 13:08:44.628,1.57443,1.57465,1.37,1.00
2015.08.27 13:08:44.679,1.57441,1.57461,2.02,1.00
2015.08.27 13:08:44.984,1.57439,1.57456,1.37,1.00
2015.08.27 13:08:45.036,1.57433,1.57456,1.20,1.00
2015.08.27 13:08:45.088,1.57432,1.57458,1.82,1.50
2015.08.27 13:08:45.598,1.57436,1.57458,1.00,1.50
2015.08.27 13:08:46.116,1.57434,1.57458,1.37,1.00
2015.08.27 13:08:46.854,1.57434,1.57457,1.37,1.00
2015.08.27 13:08:48.394,1.57434,1.57457,1.12,1.00
2015.08.27 13:08:53.565,1.57434,1.57458,1.00,1.35
2015.08.27 13:08:53.882,1.57434,1.57455,1.00,1.00
2015.08.27 13:08:54.085,1.57427,1.57454,2.32,2.47
2015.08.27 13:08:54.136,1.57427,1.57453,2.25,1.00
2015.08.27 13:08:54.467,1.57431,1.57453,1.50,1.00
2015.08.27 13:08:54.569,1.57433,1.57457,1.00,1.50
2015.08.27 13:08:54.976,1.57433,1.57457,1.00,1.87
2015.08.27 13:08:56.039,1.57433,1.57451,1.00,1.30
2015.08.27 13:08:56.140,1.57428,1.57451,1.15,1.67
2015.08.27 13:08:56.599,1.57428,1.57448,1.00,1.00
2015.08.27 13:08:56.808,1.57426,1.57446,1.10,1.00
2015.08.27 13:08:56.860,1.57426,1.57448,1.00,1.12
2015.08.27 13:08:57.064,1.57426,1.57448,1.00,1.72
2015.08.27 13:08:57.166,1.57423,1.57447,1.10,1.60
2015.08.27 13:08:57.218,1.57423,1.57444,1.00,1.00
2015.08.27 13:08:57.523,1.57423,1.57444,1.00,1.60
2015.08.27 13:08:58.360,1.5742,1.57442,1.37,1.35
2015.08.27 13:08:58.665,1.57418,1.5744,1.37,1.12
2015.08.27 13:08:58.775,1.57416,1.57438,1.68,1.00
2015.08.27 13:08:59.084,1.57416,1.57435,1.00,1.35
2015.08.27 13:08:59.288,1.57413,1.57435,1.00,2.10
2015.08.27 13:08:59.593,1.57413,1.57435,1.37,2.10
2015.08.27 13:08:59.799,1.57413,1.57435,1.00,2.10
2015.08.27 13:09:00.053,1.57413,1.57436,1.00,1.00
2015.08.27 13:09:00.105,1.57411,1.57436,1.47,1.00
2015.08.27 13:09:00.310,1.57401,1.57428,1.10,1.00
2015.08.27 13:09:00.361,1.57401,1.57424,1.10,1.20
2015.08.27 13:09:00.412,1.57394,1.57422,2.13,1.57
2015.08.27 13:09:00.464,1.57394,1.57421,1.65,1.00
2015.08.27 13:09:00.516,1.57394,1.57421,1.50,1.20
2015.08.27 13:09:00.864,1.57395,1.57419,1.00,1.20
2015.08.27 13:09:01.169,1.57394,1.57419,1.12,1.00
2015.08.27 13:09:01.221,1.57396,1.57419,1.12,1.00
2015.08.27 13:09:01.533,1.5741,1.57428,1.00,1.00
2015.08.27 13:09:01.889,1.57412,1.57428,1.00,1.00
2015.08.27 13:09:02.178,1.57412,1.57435,1.00,1.35
2015.08.27 13:09:02.488,1.5741,1.57433,1.50,1.00
2015.08.27 13:09:02.794,1.5741,1.5743,1.00,1.00
2015.08.27 13:09:02.897,1.57404,1.57429,1.95,1.00
2015.08.27 13:09:02.999,1.57402,1.57429,1.55,1.75
2015.08.27 13:09:03.305,1.57406,1.57431,1.37,2.10
2015.08.27 13:09:03.578,1.57407,1.57434,1.37,1.87
2015.08.27 13:09:03.629,1.57407,1.57434,1.00,1.87
2015.08.27 13:09:03.934,1.57409,1.57435,1.00,1.50
2015.08.27 13:09:04.188,1.5741,1.57435,1.00,1.12
2015.08.27 13:09:04.698,1.57409,1.57435,1.47,1.37
2015.08.27 13:09:04.800,1.57408,1.57432,1.37,1.00
2015.08.27 13:09:05.104,1.57413,1.57437,1.37,1.92
2015.08.27 13:09:05.155,1.57413,1.57437,1.00,1.65
2015.08.27 13:09:05.207,1.57416,1.57438,1.00,2.32
2015.08.27 13:09:05.359,1.57416,1.57438,1.00,1.00
2015.08.27 13:09:05.410,1.57419,1.57438,1.00,1.00
2015.08.27 13:09:05.667,1.57418,1.57441,1.00,1.12
2015.08.27 13:09:06.175,1.57417,1.57441,1.00,1.12
2015.08.27 13:09:06.227,1.57417,1.57438,1.00,1.00
2015.08.27 13:09:06.583,1.57417,1.57435,1.00,1.00
2015.08.27 13:09:07.122,1.57416,1.57435,1.00,1.00
2015.08.27 13:09:07.325,1.57413,1.57434,1.50,1.37
2015.08.27 13:09:09.077,1.57413,1.57438,1.00,2.32
2015.08.27 13:09:09.693,1.57411,1.57435,1.57,1.00
2015.08.27 13:09:09.744,1.57411,1.57433,1.57,1.00
2015.08.27 13:09:09.897,1.57409,1.5743,1.00,1.12
2015.08.27 13:09:09.999,1.57409,1.57428,1.00,1.00
2015.08.27 13:09:10.216,1.57405,1.57427,1.00,1.00
2015.08.27 13:09:10.723,1.57405,1.57428,1.87,1.12
2015.08.27 13:09:13.042,1.57406,1.57428,1.00,1.12
2015.08.27 13:09:14.248,1.57406,1.57424,1.00,1.00
2015.08.27 13:09:14.350,1.57406,1.57426,1.00,1.00
2015.08.27 13:09:14.858,1.57406,1.57425,1.00,1.00
2015.08.27 13:09:15.369,1.57406,1.57426,1.87,1.00
2015.08.27 13:09:15.898,1.57406,1.57427,1.87,1.00
2015.08.27 13:09:16.434,1.57406,1.5743,1.87,1.50
2015.08.27 13:09:17.022,1.57406,1.57431,2.25,2.25
2015.08.27 13:09:17.124,1.57408,1.5743,1.50,1.00
2015.08.27 13:09:17.328,1.5741,1.57432,1.37,1.12
2015.08.27 13:09:17.856,1.5741,1.57434,1.37,2.25
2015.08.27 13:09:18.405,1.5741,1.57433,1.37,1.50
2015.08.27 13:09:19.406,1.57408,1.5743,1.12,1.00
2015.08.27 13:09:19.457,1.57408,1.5743,1.37,1.00
2015.08.27 13:09:19.559,1.57407,1.5743,1.00,1.00
2015.08.27 13:09:19.662,1.57407,1.57428,1.00,1.00
2015.08.27 13:09:20.180,1.57407,1.57429,1.12,1.00
2015.08.27 13:09:20.725,1.57407,1.57428,1.37,1.00
2015.08.27 13:09:21.183,1.57405,1.57427,1.00,1.00
2015.08.27 13:09:21.487,1.57405,1.57424,1.00,1.00
2015.08.27 13:09:21.996,1.57403,1.57424,1.37,1.00
2015.08.27 13:09:22.301,1.57414,1.57425,1.00,1.00
2015.08.27 13:09:22.354,1.57415,1.57425,1.15,1.00
2015.08.27 13:09:22.405,1.57424,1.57432,1.95,1.50
2015.08.27 13:09:22.456,1.57428,1.57434,1.75,1.00
2015.08.27 13:09:22.507,1.57434,1.57446,1.27,1.00
2015.08.27 13:09:22.558,1.57436,1.57453,1.87,1.12
2015.08.27 13:09:22.812,1.57424,1.57443,1.00,1.00
2015.08.27 13:09:22.965,1.57424,1.57445,1.00,1.00
2015.08.27 13:09:23.169,1.57424,1.57447,1.60,1.20
2015.08.27 13:09:23.373,1.57428,1.57447,1.00,1.20
2015.08.27 13:09:23.679,1.57422,1.57444,1.00,1.00
2015.08.27 13:09:23.843,1.57422,1.5744,1.00,1.00
2015.08.27 13:09:23.945,1.57417,1.57439,1.50,1.00
2015.08.27 13:09:24.150,1.57416,1.57435,1.00,1.00
2015.08.27 13:09:24.253,1.57414,1.57435,1.00,1.00
2015.08.27 13:09:24.304,1.57407,1.57432,1.47,1.00
2015.08.27 13:09:24.356,1.57407,1.57432,1.00,1.12
2015.08.27 13:09:24.457,1.57407,1.57429,1.00,1.00
2015.08.27 13:09:24.559,1.57405,1.57429,1.00,1.37
2015.08.27 13:09:25.072,1.57405,1.57429,1.12,1.00
2015.08.27 13:09:25.834,1.57405,1.57425,1.12,1.00
2015.08.27 13:09:26.197,1.57402,1.57425,1.12,1.00
2015.08.27 13:09:26.553,1.57409,1.57429,2.10,1.12
2015.08.27 13:09:26.858,1.57423,1.57434,1.00,1.00
2015.08.27 13:09:27.316,1.57421,1.57437,1.00,1.00
2015.08.27 13:09:28.284,1.5742,1.57437,1.00,1.00
2015.08.27 13:09:29.056,1.5742,1.57434,1.00,1.00
2015.08.27 13:09:29.108,1.57416,1.57434,1.50,1.00
2015.08.27 13:09:29.262,1.57412,1.57434,1.00,1.00
2015.08.27 13:09:29.314,1.57412,1.57431,1.00,1.00
2015.08.27 13:09:29.632,1.57416,1.57432,1.12,1.00
2015.08.27 13:09:30.648,1.57414,1.57434,1.12,1.00
2015.08.27 13:09:31.074,1.57413,1.57436,1.87,1.00
2015.08.27 13:09:31.328,1.57413,1.5743,1.00,1.00
2015.08.27 13:09:31.430,1.5741,1.5743,1.50,1.00
2015.08.27 13:09:31.627,1.57405,1.5743,1.87,1.00
2015.08.27 13:09:32.134,1.57408,1.57428,1.00,1.00
2015.08.27 13:09:32.236,1.57408,1.5743,1.50,1.00
2015.08.27 13:09:32.337,1.57408,1.57428,1.50,1.00
2015.08.27 13:09:32.659,1.57405,1.5742,1.00,2.10
2015.08.27 13:09:32.764,1.57396,1.57415,1.00,1.00
2015.08.27 13:09:32.867,1.57386,1.57412,4.60,1.00
2015.08.27 13:09:32.918,1.57388,1.57411,1.20,1.00
2015.08.27 13:09:33.021,1.57388,1.57414,1.37,1.00
2015.08.27 13:09:33.073,1.57388,1.57414,1.50,1.00
2015.08.27 13:09:33.175,1.57391,1.57414,1.00,1.00
2015.08.27 13:09:33.501,1.57398,1.57414,1.00,1.00
2015.08.27 13:09:33.603,1.57397,1.57416,1.00,1.00
2015.08.27 13:09:33.655,1.574,1.57422,1.12,1.00
2015.08.27 13:09:33.757,1.57401,1.57425,1.00,1.00
2015.08.27 13:09:33.808,1.57404,1.57425,1.00,1.00
2015.08.27 13:09:34.112,1.57402,1.57423,1.75,1.00
2015.08.27 13:09:34.266,1.57401,1.57426,1.00,2.10
2015.08.27 13:09:34.317,1.574,1.57417,1.12,1.00
2015.08.27 13:09:34.419,1.57401,1.57421,1.00,1.00
2015.08.27 13:09:34.521,1.57396,1.5742,1.50,1.00
2015.08.27 13:09:34.674,1.57399,1.57418,1.00,1.00
2015.08.27 13:09:34.980,1.57399,1.57416,1.00,1.00
2015.08.27 13:09:35.124,1.57396,1.57416,1.00,1.00
2015.08.27 13:09:35.836,1.574,1.57417,1.00,1.10
2015.08.27 13:09:36.341,1.574,1.57418,1.00,1.12
2015.08.27 13:09:36.493,1.574,1.57423,1.00,1.37
2015.08.27 13:09:36.545,1.57403,1.57423,1.00,1.37
2015.08.27 13:09:36.748,1.57403,1.57424,1.00,1.00
2015.08.27 13:09:36.850,1.57403,1.57422,1.00,1.00
2015.08.27 13:09:37.157,1.57403,1.57425,1.00,1.12
2015.08.27 13:09:37.361,1.57403,1.57424,1.00,1.75
2015.08.27 13:09:37.464,1.57403,1.57424,1.00,1.00
2015.08.27 13:09:37.821,1.57403,1.5742,1.00,1.00
2015.08.27 13:09:38.229,1.57405,1.57419,1.00,1.00
2015.08.27 13:09:38.280,1.57405,1.57424,1.00,1.00
2015.08.27 13:09:38.382,1.57403,1.57424,1.00,1.00
2015.08.27 13:09:38.586,1.57403,1.57419,1.00,1.00
2015.08.27 13:09:39.367,1.57403,1.57421,1.00,1.12
2015.08.27 13:09:39.825,1.57403,1.57426,1.00,1.57
2015.08.27 13:09:40.333,1.57403,1.57423,1.00,1.00
2015.08.27 13:09:40.486,1.57401,1.57421,1.00,1.00
2015.08.27 13:09:40.638,1.57399,1.57422,1.12,1.75
2015.08.27 13:09:40.690,1.57401,1.57419,1.00,1.00
2015.08.27 13:09:40.792,1.57399,1.57419,1.00,1.00
2015.08.27 13:09:41.369,1.574,1.57419,1.00,1.00
2015.08.27 13:09:41.879,1.57399,1.57418,1.00,1.00
2015.08.27 13:09:42.134,1.57398,1.57416,1.00,1.00
2015.08.27 13:09:42.236,1.57393,1.57416,1.10,1.12
2015.08.27 13:09:42.548,1.57408,1.57416,1.60,1.00
2015.08.27 13:09:42.703,1.57409,1.57423,1.60,1.10
2015.08.27 13:09:42.755,1.57416,1.5743,1.00,1.00
2015.08.27 13:09:42.807,1.57416,1.57433,1.00,2.25
2015.08.27 13:09:42.961,1.57416,1.57432,1.00,1.75
2015.08.27 13:09:43.164,1.57404,1.57428,1.00,1.10
2015.08.27 13:09:43.215,1.57409,1.57428,1.00,1.10
2015.08.27 13:09:43.456,1.57412,1.57437,1.00,1.20
2015.08.27 13:09:43.813,1.5741,1.57438,1.00,3.37
2015.08.27 13:09:43.864,1.5741,1.57431,1.00,1.00
2015.08.27 13:09:44.070,1.57396,1.57421,1.00,1.50
2015.08.27 13:09:44.123,1.57394,1.5742,1.00,1.65
2015.08.27 13:09:44.174,1.57392,1.57419,1.00,2.25
2015.08.27 13:09:44.682,1.57389,1.57415,1.00,1.27
2015.08.27 13:09:44.986,1.57392,1.57413,1.00,1.95
2015.08.27 13:09:45.088,1.57392,1.57414,1.00,1.20
2015.08.27 13:09:45.977,1.57392,1.57414,1.00,1.45
2015.08.27 13:09:46.079,1.57388,1.57413,1.50,1.82
2015.08.27 13:09:46.182,1.57388,1.5741,1.00,1.75
2015.08.27 13:09:46.233,1.57385,1.5741,1.20,1.75
2015.08.27 13:09:46.392,1.5738,1.57401,1.00,1.12
2015.08.27 13:09:46.494,1.57377,1.57401,1.00,1.57
2015.08.27 13:09:46.597,1.57376,1.57398,1.00,1.75
2015.08.27 13:09:46.699,1.57372,1.57396,1.00,1.12
2015.08.27 13:09:46.801,1.57372,1.57395,1.00,1.20
2015.08.27 13:09:46.954,1.57369,1.57396,1.00,1.27
2015.08.27 13:09:47.005,1.57369,1.57386,1.00,1.00
2015.08.27 13:09:47.056,1.57363,1.57386,1.87,1.35
2015.08.27 13:09:47.212,1.57359,1.57388,1.37,2.32
2015.08.27 13:09:47.264,1.57359,1.57383,1.00,1.12
2015.08.27 13:09:47.519,1.57361,1.57389,1.37,1.50
2015.08.27 13:09:47.571,1.57361,1.57386,1.00,1.07
2015.08.27 13:09:47.623,1.57361,1.57386,1.00,1.20
2015.08.27 13:09:47.676,1.5736,1.57387,1.50,2.70
2015.08.27 13:09:47.727,1.57352,1.57381,1.75,1.00
2015.08.27 13:09:47.779,1.5736,1.5738,1.00,1.12
2015.08.27 13:09:47.831,1.57354,1.57376,1.12,1.37
2015.08.27 13:09:47.975,1.57347,1.57371,1.00,1.12
2015.08.27 13:09:48.026,1.5735,1.5737,1.00,1.52
2015.08.27 13:09:48.286,1.57358,1.57381,1.00,1.50
2015.08.27 13:09:48.389,1.57358,1.5738,1.00,1.12
2015.08.27 13:09:48.492,1.57355,1.57375,1.00,1.00
2015.08.27 13:09:48.594,1.57359,1.5738,1.00,1.12
2015.08.27 13:09:48.795,1.57356,1.57383,1.00,1.57
2015.08.27 13:09:48.847,1.57352,1.5738,1.45,2.10
2015.08.27 13:09:48.899,1.57352,1.57379,1.07,1.20
2015.08.27 13:09:48.951,1.57351,1.57377,1.00,1.57
2015.08.27 13:09:49.004,1.57351,1.57374,1.00,1.37
2015.08.27 13:09:49.157,1.57348,1.57374,1.00,2.25
2015.08.27 13:09:49.259,1.57352,1.57369,1.00,1.00
2015.08.27 13:09:49.670,1.57349,1.57373,1.00,1.00
2015.08.27 13:09:49.773,1.57351,1.57374,1.00,1.00
2015.08.27 13:09:50.077,1.57356,1.57378,1.60,1.57
2015.08.27 13:09:50.231,1.57353,1.57376,1.00,1.00
2015.08.27 13:09:50.333,1.5735,1.57378,1.97,1.47
2015.08.27 13:09:50.384,1.5735,1.57378,2.10,1.10
2015.08.27 13:09:50.743,1.57352,1.57378,1.12,1.00
2015.08.27 13:09:51.275,1.57352,1.57379,1.95,1.12
2015.08.27 13:09:51.580,1.5735,1.57377,1.12,1.75
2015.08.27 13:09:51.817,1.57356,1.57379,1.00,1.50
2015.08.27 13:09:51.919,1.57358,1.57384,1.50,1.20
2015.08.27 13:09:51.971,1.57361,1.57384,1.00,1.20
2015.08.27 13:09:52.124,1.57364,1.57387,1.00,1.00
2015.08.27 13:09:52.328,1.57362,1.57387,1.27,1.12
2015.08.27 13:09:52.685,1.57362,1.57384,1.12,1.00
2015.08.27 13:09:52.787,1.57362,1.57389,1.12,1.50
2015.08.27 13:09:52.838,1.57362,1.57381,1.12,1.00
2015.08.27 13:09:52.940,1.57362,1.57384,1.12,1.00
2015.08.27 13:09:53.093,1.57358,1.57384,1.60,1.87
2015.08.27 13:09:53.144,1.57358,1.57384,1.00,1.87
2015.08.27 13:09:53.297,1.57358,1.57383,1.00,1.00
2015.08.27 13:09:53.399,1.57364,1.57385,1.00,1.00
2015.08.27 13:09:53.597,1.57364,1.5739,2.62,1.00
2015.08.27 13:09:54.053,1.57367,1.57392,1.12,1.00
2015.08.27 13:09:54.155,1.57372,1.57392,1.00,1.00
2015.08.27 13:09:54.359,1.57373,1.574,1.00,1.75
2015.08.27 13:09:54.588,1.57373,1.574,1.37,1.12
2015.08.27 13:09:54.639,1.57372,1.57402,1.50,1.75
2015.08.27 13:09:54.690,1.57372,1.57402,1.12,1.75
2015.08.27 13:09:54.792,1.57372,1.57397,1.50,1.00
2015.08.27 13:09:54.894,1.5737,1.57396,1.75,1.00
2015.08.27 13:09:54.997,1.57369,1.57394,1.00,1.20
2015.08.27 13:09:55.099,1.57369,1.57391,1.50,1.00
2015.08.27 13:09:55.588,1.5737,1.57392,1.35,1.00
2015.08.27 13:09:55.641,1.57369,1.57393,2.05,1.00
2015.08.27 13:09:56.153,1.57369,1.57394,2.05,1.00
2015.08.27 13:09:56.306,1.57371,1.57397,1.50,1.17
2015.08.27 13:09:56.705,1.57375,1.57397,1.00,1.17
2015.08.27 13:09:57.111,1.57375,1.57393,1.00,1.00
2015.08.27 13:09:57.212,1.57376,1.57398,1.00,1.87
2015.08.27 13:09:57.416,1.57376,1.57397,1.12,1.00
2015.08.27 13:09:57.962,1.57376,1.57398,1.12,1.00
2015.08.27 13:09:58.469,1.57376,1.57397,1.50,1.00
2015.08.27 13:09:58.989,1.57376,1.57398,1.12,1.00
2015.08.27 13:09:59.396,1.57376,1.57395,1.12,1.00
2015.08.27 13:09:59.601,1.57376,1.57397,1.12,1.00
2015.08.27 13:09:59.756,1.57376,1.57397,1.50,1.00
2015.08.27 13:09:59.950,1.57378,1.57402,1.12,1.12
2015.08.27 13:10:00.053,1.57378,1.57402,1.00,3.60
2015.08.27 13:10:00.104,1.57375,1.574,1.37,1.72
2015.08.27 13:10:00.207,1.57373,1.57395,1.47,1.00
2015.08.27 13:10:00.260,1.57373,1.57395,1.00,1.00
2015.08.27 13:10:00.414,1.57373,1.57392,1.00,1.00
2015.08.27 13:10:00.517,1.57373,1.57394,1.00,1.00
2015.08.27 13:10:00.961,1.57373,1.57391,1.50,1.00
2015.08.27 13:10:01.266,1.57372,1.57389,1.00,1.00
2015.08.27 13:10:01.470,1.57369,1.57389,1.50,1.00
2015.08.27 13:10:02.017,1.5737,1.5739,1.00,1.00
2015.08.27 13:10:02.068,1.57371,1.57397,1.37,1.12
2015.08.27 13:10:02.120,1.57373,1.57397,1.97,1.12
2015.08.27 13:10:02.223,1.57375,1.57398,1.35,1.00
2015.08.27 13:10:02.275,1.57374,1.57398,1.75,1.00
2015.08.27 13:10:02.633,1.57374,1.5739,1.37,1.00
2015.08.27 13:10:02.734,1.57366,1.5739,1.50,1.00
2015.08.27 13:10:02.894,1.57366,1.57385,1.00,1.00
2015.08.27 13:10:03.150,1.57355,1.5738,1.00,1.57
2015.08.27 13:10:03.303,1.57354,1.57377,1.12,1.37
2015.08.27 13:10:03.354,1.5735,1.57377,1.50,1.52
2015.08.27 13:10:03.507,1.57348,1.57376,1.75,1.57
2015.08.27 13:10:03.659,1.57347,1.57372,1.37,1.00
2015.08.27 13:10:04.210,1.57347,1.57372,1.37,1.47
2015.08.27 13:10:04.969,1.57347,1.57372,1.00,1.87
2015.08.27 13:10:05.494,1.57344,1.5737,1.47,1.00
2015.08.27 13:10:06.006,1.57343,1.5737,1.57,1.50
2015.08.27 13:10:06.058,1.57343,1.5737,1.82,1.50
2015.08.27 13:10:06.458,1.57345,1.5737,1.12,1.00
2015.08.27 13:10:06.509,1.57345,1.57373,1.12,1.20
2015.08.27 13:10:06.560,1.57347,1.57373,1.37,1.20
2015.08.27 13:10:06.764,1.57351,1.57376,1.37,1.00
2015.08.27 13:10:06.815,1.57351,1.57376,1.12,1.00
2015.08.27 13:10:06.866,1.57354,1.57379,1.50,1.00
2015.08.27 13:10:06.917,1.57354,1.57383,1.87,1.27
2015.08.27 13:10:06.969,1.57357,1.57385,1.50,1.50
2015.08.27 13:10:07.156,1.57363,1.57386,1.17,1.00
2015.08.27 13:10:07.207,1.57363,1.57386,1.20,1.00
2015.08.27 13:10:08.079,1.57363,1.57383,1.55,1.00
2015.08.27 13:10:08.283,1.57361,1.57385,1.20,1.00
2015.08.27 13:10:08.487,1.57361,1.57382,1.95,1.00
2015.08.27 13:10:08.793,1.5736,1.5738,2.25,1.00
2015.08.27 13:10:09.181,1.57358,1.57378,1.95,1.00
2015.08.27 13:10:10.256,1.57354,1.57378,1.57,1.75
2015.08.27 13:10:10.358,1.57353,1.57375,1.52,1.00
2015.08.27 13:10:10.834,1.57351,1.57374,1.52,1.00
2015.08.27 13:10:10.885,1.5735,1.57372,1.15,1.00
2015.08.27 13:10:11.186,1.57346,1.57369,1.87,1.00
2015.08.27 13:10:11.796,1.57346,1.57369,1.12,1.00
2015.08.27 13:10:12.410,1.57346,1.57369,1.82,1.00
2015.08.27 13:10:12.715,1.57342,1.57365,1.90,1.12
2015.08.27 13:10:13.047,1.57342,1.57365,1.95,1.00
2015.08.27 13:10:13.540,1.57344,1.57365,1.20,1.00
2015.08.27 13:10:13.693,1.57344,1.57362,1.45,1.00
2015.08.27 13:10:13.795,1.5734,1.57362,2.32,1.00
2015.08.27 13:10:13.847,1.5734,1.57367,2.32,1.50
2015.08.27 13:10:13.898,1.57346,1.57367,1.37,1.50
2015.08.27 13:10:14.052,1.57344,1.57367,1.00,1.00
2015.08.27 13:10:14.457,1.57339,1.57364,1.82,1.12
2015.08.27 13:10:14.971,1.5734,1.57364,1.37,1.37
2015.08.27 13:10:15.557,1.5734,1.57364,1.12,1.37
2015.08.27 13:10:15.974,1.5734,1.57364,1.87,1.37
2015.08.27 13:10:16.329,1.5734,1.57364,1.17,1.00
2015.08.27 13:10:16.756,1.57338,1.57364,1.95,1.00
2015.08.27 13:10:17.061,1.57338,1.57361,1.47,1.00
2015.08.27 13:10:17.265,1.57337,1.57361,2.02,1.00
2015.08.27 13:10:17.816,1.57337,1.57357,1.27,1.00
2015.08.27 13:10:17.867,1.57335,1.57357,1.20,1.12
2015.08.27 13:10:18.070,1.57333,1.57357,1.12,1.12
2015.08.27 13:10:18.376,1.57332,1.57357,2.02,1.12
2015.08.27 13:10:18.477,1.57334,1.57357,1.57,1.00
2015.08.27 13:10:18.800,1.57334,1.57356,1.20,1.37
2015.08.27 13:10:19.315,1.57333,1.57356,1.90,1.00
2015.08.27 13:10:20.716,1.57335,1.5736,1.20,1.37
2015.08.27 13:10:20.767,1.57335,1.5736,1.20,1.37
2015.08.27 13:10:20.869,1.57335,1.5736,1.20,1.00
2015.08.27 13:10:21.024,1.57338,1.57363,2.25,1.12
2015.08.27 13:10:21.329,1.57335,1.57354,1.12,1.37
2015.08.27 13:10:21.381,1.57331,1.57354,1.20,1.37
2015.08.27 13:10:21.483,1.57329,1.57354,1.27,1.37
2015.08.27 13:10:21.687,1.5733,1.57354,1.10,1.37
2015.08.27 13:10:21.789,1.5733,1.57354,1.10,1.12
2015.08.27 13:10:21.840,1.5733,1.57354,1.20,1.12
2015.08.27 13:10:22.051,1.5733,1.57356,1.20,1.00
2015.08.27 13:10:22.305,1.57331,1.57356,1.12,1.00
2015.08.27 13:10:23.217,1.57332,1.57357,1.90,1.37
2015.08.27 13:10:23.321,1.57332,1.57357,1.27,1.37
2015.08.27 13:10:23.423,1.57332,1.57357,1.27,1.37
2015.08.27 13:10:23.831,1.57334,1.57359,1.57,1.00
2015.08.27 13:10:23.934,1.57334,1.57363,3.45,1.12
2015.08.27 13:10:23.986,1.57337,1.57364,1.95,1.12
2015.08.27 13:10:24.351,1.57341,1.57364,1.92,1.00
2015.08.27 13:10:24.659,1.57342,1.57364,1.47,1.00
2015.08.27 13:10:24.711,1.57342,1.57368,1.47,1.50
2015.08.27 13:10:24.915,1.57344,1.57371,1.50,1.00
2015.08.27 13:10:24.966,1.57345,1.57371,1.12,1.00
2015.08.27 13:10:25.217,1.5735,1.57374,1.12,1.37
2015.08.27 13:10:25.268,1.5735,1.57377,1.75,1.27
2015.08.27 13:10:25.474,1.57353,1.57379,1.90,1.00
2015.08.27 13:10:26.696,1.57355,1.57379,1.12,1.00
2015.08.27 13:10:27.399,1.57355,1.57379,1.37,1.12
2015.08.27 13:10:27.653,1.57351,1.57379,1.27,1.12
2015.08.27 13:10:27.704,1.57351,1.57377,1.27,1.00
2015.08.27 13:10:28.265,1.57352,1.57378,1.95,1.00
2015.08.27 13:10:28.795,1.57358,1.57378,1.12,1.00
2015.08.27 13:10:28.897,1.57358,1.57382,1.75,1.00
2015.08.27 13:10:29.253,1.57364,1.57385,1.12,1.00
2015.08.27 13:10:29.405,1.57364,1.57385,1.37,1.00
2015.08.27 13:10:29.912,1.57364,1.57386,1.37,1.00
2015.08.27 13:10:29.963,1.57366,1.57388,1.00,1.00
2015.08.27 13:10:30.065,1.57363,1.57388,1.95,1.00
2015.08.27 13:10:30.573,1.57366,1.57388,1.47,1.00
2015.08.27 13:10:30.890,1.57363,1.57387,1.20,1.00
2015.08.27 13:10:30.992,1.57363,1.57387,1.10,1.00
2015.08.27 13:10:31.298,1.57361,1.5738,1.52,1.00
2015.08.27 13:10:31.400,1.57359,1.57382,1.12,1.00
2015.08.27 13:10:31.939,1.57357,1.57382,1.57,1.50
2015.08.27 13:10:32.802,1.57361,1.57382,1.47,1.50
2015.08.27 13:10:32.966,1.57354,1.57372,1.20,1.00
2015.08.27 13:10:33.018,1.57351,1.57372,1.12,1.00
2015.08.27 13:10:33.070,1.57347,1.57371,1.75,1.00
2015.08.27 13:10:33.223,1.57345,1.57371,2.40,1.00
2015.08.27 13:10:33.275,1.57345,1.57373,2.40,1.12
2015.08.27 13:10:33.327,1.57345,1.5737,1.95,1.00
2015.08.27 13:10:33.530,1.57341,1.5737,1.65,1.12
2015.08.27 13:10:33.581,1.57343,1.5737,1.75,1.27
2015.08.27 13:10:33.931,1.57352,1.57375,1.12,1.00
2015.08.27 13:10:34.236,1.5735,1.57373,1.27,1.00
2015.08.27 13:10:34.338,1.57349,1.57376,1.52,1.50
2015.08.27 13:10:34.441,1.57351,1.57376,1.20,1.00
2015.08.27 13:10:34.765,1.57356,1.57378,1.37,1.00
2015.08.27 13:10:34.817,1.57353,1.57378,1.27,1.00
2015.08.27 13:10:35.124,1.57351,1.57378,2.25,1.00
2015.08.27 13:10:35.175,1.57356,1.57378,1.12,1.00
2015.08.27 13:10:35.277,1.57359,1.57382,1.37,1.00
2015.08.27 13:10:35.328,1.57359,1.57382,1.00,1.00
2015.08.27 13:10:35.685,1.57359,1.57382,1.75,1.00
2015.08.27 13:10:35.990,1.57359,1.57382,1.37,1.00
2015.08.27 13:10:36.094,1.57359,1.57382,1.12,1.00
2015.08.27 13:10:36.197,1.57359,1.5738,1.12,1.00
2015.08.27 13:10:36.706,1.5736,1.5738,1.00,1.00
2015.08.27 13:10:38.281,1.57359,1.5738,1.12,1.00
2015.08.27 13:10:38.613,1.57359,1.5738,1.37,1.00
2015.08.27 13:10:38.917,1.57359,1.5738,1.75,1.00
2015.08.27 13:10:39.527,1.57362,1.5738,1.12,1.00
2015.08.27 13:10:40.194,1.57363,1.5738,1.00,1.00
2015.08.27 13:10:40.245,1.57362,1.57383,1.12,1.00
2015.08.27 13:10:40.398,1.5736,1.5738,1.75,1.00
2015.08.27 13:10:40.601,1.57361,1.5738,1.00,1.00
2015.08.27 13:10:40.703,1.57358,1.5738,1.00,1.00
2015.08.27 13:10:41.007,1.57357,1.57377,1.12,1.00
2015.08.27 13:10:41.304,1.57346,1.57367,1.12,1.00
2015.08.27 13:10:41.407,1.57343,1.57367,1.65,1.00
2015.08.27 13:10:41.509,1.5734,1.57365,1.20,1.00
2015.08.27 13:10:41.814,1.57339,1.57362,1.20,1.00
2015.08.27 13:10:42.347,1.57338,1.57363,1.20,1.00
2015.08.27 13:10:42.659,1.57346,1.57368,1.12,1.00
2015.08.27 13:10:42.965,1.57348,1.5737,1.20,1.00
2015.08.27 13:10:43.503,1.57351,1.5737,1.55,1.00
2015.08.27 13:10:43.757,1.57351,1.57373,1.17,1.00
2015.08.27 13:10:44.011,1.57348,1.57368,1.50,1.00
2015.08.27 13:10:44.063,1.57346,1.57368,1.50,1.00
2015.08.27 13:10:44.245,1.57343,1.57368,1.17,1.00
2015.08.27 13:10:44.352,1.57347,1.57368,1.00,1.00
2015.08.27 13:10:44.556,1.57347,1.5737,1.00,1.00
2015.08.27 13:10:45.063,1.57347,1.57371,1.12,1.50
2015.08.27 13:10:45.539,1.57343,1.57364,1.95,1.00
2015.08.27 13:10:45.956,1.57349,1.57364,1.00,1.00
2015.08.27 13:10:46.007,1.57349,1.57368,1.00,1.00
2015.08.27 13:10:46.160,1.57349,1.57371,1.57,1.00
2015.08.27 13:10:46.679,1.57349,1.57371,1.27,1.00
2015.08.27 13:10:46.883,1.57344,1.57371,1.95,1.12
2015.08.27 13:10:46.934,1.57344,1.57369,1.57,1.12
2015.08.27 13:10:47.239,1.57343,1.57365,1.50,1.00
2015.08.27 13:10:47.845,1.57344,1.57369,1.20,1.00
2015.08.27 13:10:48.150,1.57345,1.57366,1.12,1.00
2015.08.27 13:10:48.405,1.57348,1.57371,2.25,1.12
2015.08.27 13:10:48.584,1.57351,1.57373,1.50,1.37
2015.08.27 13:10:48.637,1.57351,1.57375,1.12,1.37
2015.08.27 13:10:48.688,1.57351,1.57372,1.12,1.00
2015.08.27 13:10:48.892,1.57348,1.57372,1.50,1.00
2015.08.27 13:10:48.995,1.57348,1.57369,1.12,1.00
2015.08.27 13:10:49.224,1.57346,1.57369,1.12,1.00
2015.08.27 13:10:49.429,1.57344,1.57367,1.50,1.00
2015.08.27 13:10:50.422,1.57344,1.57367,1.55,1.00
2015.08.27 13:10:51.846,1.57344,1.57367,1.10,1.00
2015.08.27 13:10:52.847,1.57344,1.57367,1.37,1.00
2015.08.27 13:10:52.949,1.57348,1.57367,1.75,1.00
2015.08.27 13:10:53.000,1.57351,1.5737,1.37,1.10
2015.08.27 13:10:53.051,1.57351,1.57374,1.75,1.20
2015.08.27 13:10:53.209,1.57352,1.57375,1.47,1.00
2015.08.27 13:10:53.363,1.57352,1.57379,2.02,1.00
2015.08.27 13:10:53.415,1.57354,1.57379,1.50,1.00
2015.08.27 13:10:53.568,1.57359,1.57388,1.10,1.75
2015.08.27 13:10:53.619,1.57359,1.57388,1.15,1.75
2015.08.27 13:10:53.925,1.5736,1.57386,1.50,1.00
2015.08.27 13:10:54.270,1.57356,1.57383,1.82,1.00
2015.08.27 13:10:54.373,1.57356,1.57383,1.45,1.00
2015.08.27 13:10:54.578,1.57356,1.57383,1.50,1.00
2015.08.27 13:10:55.187,1.57357,1.57383,1.52,1.00
2015.08.27 13:10:55.562,1.57356,1.57383,2.32,1.00
2015.08.27 13:10:55.665,1.57357,1.57383,2.02,1.00
2015.08.27 13:10:55.970,1.57366,1.57388,1.12,1.00
2015.08.27 13:10:57.186,1.57362,1.57388,1.95,1.50
2015.08.27 13:10:57.758,1.57363,1.57388,1.95,1.00
2015.08.27 13:10:58.064,1.57371,1.57394,1.92,1.00
2015.08.27 13:10:58.166,1.57371,1.57395,1.57,1.00
2015.08.27 13:11:00.075,1.57372,1.57394,1.52,1.00
2015.08.27 13:11:01.075,1.5737,1.57394,1.50,1.87
2015.08.27 13:11:01.178,1.57367,1.5739,1.50,1.00
2015.08.27 13:11:01.330,1.57364,1.57387,2.62,1.00
2015.08.27 13:11:01.540,1.57367,1.57389,1.52,1.00
2015.08.27 13:11:02.605,1.57369,1.57393,1.85,1.00
2015.08.27 13:11:02.764,1.57372,1.57396,1.75,1.00
2015.08.27 13:11:02.823,1.57372,1.57394,1.82,1.50
2015.08.27 13:11:03.080,1.57367,1.57391,1.75,1.50
2015.08.27 13:11:03.587,1.57366,1.57391,1.12,1.50
2015.08.27 13:11:04.163,1.57369,1.57391,1.17,1.00
2015.08.27 13:11:04.215,1.57369,1.57391,1.55,1.00
2015.08.27 13:11:04.519,1.5737,1.57391,1.20,1.00
2015.08.27 13:11:05.470,1.57369,1.5739,1.82,1.00
2015.08.27 13:11:05.674,1.57368,1.57388,1.50,1.00
2015.08.27 13:11:05.725,1.57367,1.57388,1.52,1.00
2015.08.27 13:11:06.233,1.57363,1.57388,1.95,1.00
2015.08.27 13:11:06.765,1.57365,1.57387,1.17,1.00
2015.08.27 13:11:09.218,1.57363,1.57387,2.70,1.00
2015.08.27 13:11:09.406,1.57368,1.57389,1.00,1.00
2015.08.27 13:11:09.610,1.57367,1.57389,1.75,1.00
2015.08.27 13:11:09.762,1.57368,1.57391,1.20,1.50
2015.08.27 13:11:10.433,1.57368,1.57393,1.57,1.00
2015.08.27 13:11:10.579,1.57376,1.57398,1.12,1.00
2015.08.27 13:11:10.630,1.57373,1.57399,1.85,1.12
2015.08.27 13:11:10.833,1.57378,1.57401,2.62,1.00
2015.08.27 13:11:11.678,1.57379,1.57403,1.90,1.50
2015.08.27 13:11:11.729,1.5738,1.57403,1.52,1.50
2015.08.27 13:11:12.253,1.5738,1.57403,1.75,1.00
2015.08.27 13:11:12.558,1.57381,1.57406,1.01,1.12
2015.08.27 13:11:13.160,1.57383,1.57402,1.01,1.00
2015.08.27 13:11:13.414,1.57377,1.57397,1.50,1.00
2015.08.27 13:11:13.516,1.57375,1.57397,1.50,1.00
2015.08.27 13:11:14.826,1.57373,1.57397,1.87,1.00
2015.08.27 13:11:15.353,1.57373,1.57396,1.87,1.00
2015.08.27 13:11:15.861,1.57371,1.57395,1.20,1.00
2015.08.27 13:11:16.842,1.57369,1.57395,2.25,1.00
2015.08.27 13:11:16.995,1.57369,1.57392,1.82,1.00
2015.08.27 13:11:17.301,1.57367,1.5739,1.20,1.12
2015.08.27 13:11:17.817,1.57365,1.57389,1.45,1.00
2015.08.27 13:11:17.919,1.57363,1.57389,2.25,1.00
2015.08.27 13:11:18.072,1.57363,1.57385,2.25,1.00
2015.08.27 13:11:18.378,1.57354,1.57378,1.50,1.00
2015.08.27 13:11:18.481,1.57353,1.57378,1.50,1.00
2015.08.27 13:11:18.686,1.57351,1.57378,1.65,1.12
2015.08.27 13:11:18.737,1.57351,1.57376,1.65,1.00
2015.08.27 13:11:19.195,1.57351,1.57374,1.27,1.00
2015.08.27 13:11:19.500,1.57348,1.57372,1.95,1.00
2015.08.27 13:11:19.801,1.57347,1.57365,1.12,1.00
2015.08.27 13:11:19.903,1.57339,1.57365,1.57,1.37
2015.08.27 13:11:20.005,1.57353,1.57368,1.00,1.75
2015.08.27 13:11:20.107,1.57353,1.57368,1.00,1.00
2015.08.27 13:11:20.710,1.57353,1.57367,1.00,1.00
2015.08.27 13:11:21.167,1.57356,1.5737,1.00,1.50
2015.08.27 13:11:21.471,1.57358,1.57374,1.00,1.75
2015.08.27 13:11:21.624,1.57358,1.57375,1.00,1.00
2015.08.27 13:11:21.675,1.57361,1.57375,1.00,1.00
2015.08.27 13:11:22.024,1.57375,1.57384,1.00,1.00
2015.08.27 13:11:22.075,1.57375,1.57388,1.00,1.50
2015.08.27 13:11:22.280,1.57375,1.57389,1.00,1.12
2015.08.27 13:11:22.791,1.57375,1.57388,1.00,1.00
2015.08.27 13:11:23.147,1.57379,1.5739,1.00,1.50
2015.08.27 13:11:23.249,1.5738,1.57392,1.00,1.12
2015.08.27 13:11:23.301,1.57384,1.57392,1.00,1.00
2015.08.27 13:11:23.352,1.57384,1.57394,1.00,1.00
2015.08.27 13:11:23.403,1.57384,1.574,1.00,2.05
2015.08.27 13:11:23.607,1.57384,1.57398,1.00,1.00
2015.08.27 13:11:23.824,1.57389,1.57398,1.00,1.00
2015.08.27 13:11:23.875,1.57385,1.57405,1.00,2.17
2015.08.27 13:11:23.926,1.57389,1.57404,1.00,1.75
2015.08.27 13:11:24.028,1.57389,1.57403,1.00,1.00
2015.08.27 13:11:25.349,1.57389,1.57404,1.00,1.00
2015.08.27 13:11:27.140,1.57389,1.57404,1.00,1.50
2015.08.27 13:11:27.687,1.57389,1.57404,1.00,1.00
2015.08.27 13:11:27.997,1.57393,1.57404,1.00,1.00
2015.08.27 13:11:28.048,1.57389,1.57404,1.00,1.00
2015.08.27 13:11:28.202,1.57389,1.57408,1.00,1.37
2015.08.27 13:11:28.493,1.57385,1.57403,1.00,1.00
2015.08.27 13:11:28.648,1.57385,1.57401,1.00,1.30
2015.08.27 13:11:29.056,1.57383,1.574,1.00,1.30
2015.08.27 13:11:29.209,1.5738,1.574,1.00,1.30
2015.08.27 13:11:29.419,1.5738,1.57395,1.00,1.00
2015.08.27 13:11:32.746,1.57379,1.57395,1.00,1.00
2015.08.27 13:11:33.477,1.57376,1.57395,1.00,1.00
2015.08.27 13:11:33.528,1.57373,1.57393,1.15,1.00
2015.08.27 13:11:33.680,1.57364,1.57386,1.00,1.72
2015.08.27 13:11:33.731,1.57373,1.57386,1.00,2.05
2015.08.27 13:11:33.833,1.57375,1.57391,1.00,1.87
2015.08.27 13:11:33.969,1.57382,1.57392,1.00,1.00
2015.08.27 13:11:34.071,1.57379,1.57396,1.00,1.00
2015.08.27 13:11:34.377,1.57379,1.57399,1.00,1.12
2015.08.27 13:11:35.556,1.57379,1.57399,1.00,1.50
2015.08.27 13:11:35.658,1.57374,1.57397,1.00,1.12
2015.08.27 13:11:35.760,1.57374,1.57394,1.00,1.37
2015.08.27 13:11:36.160,1.57378,1.57398,1.00,1.85
2015.08.27 13:11:36.466,1.57381,1.57398,1.00,1.00
2015.08.27 13:11:36.618,1.57378,1.57396,1.00,1.00
2015.08.27 13:11:38.669,1.57378,1.57397,1.00,1.12
2015.08.27 13:11:39.037,1.57381,1.57397,1.00,1.12
2015.08.27 13:11:39.139,1.57374,1.57397,1.52,1.12
2015.08.27 13:11:39.190,1.57373,1.57397,1.15,1.50
2015.08.27 13:11:39.292,1.57368,1.57391,1.12,1.30
2015.08.27 13:11:39.344,1.57367,1.57391,1.37,2.05
2015.08.27 13:11:39.688,1.57367,1.57385,1.00,1.00
2015.08.27 13:11:40.681,1.57367,1.5738,1.00,1.00
2015.08.27 13:11:42.378,1.5737,1.5738,1.00,1.00
2015.08.27 13:11:42.479,1.57361,1.57385,2.02,1.00
2015.08.27 13:11:42.531,1.57362,1.57388,1.75,1.00
2015.08.27 13:11:43.038,1.57364,1.57389,1.20,1.50
2015.08.27 13:11:43.327,1.57364,1.57386,1.20,1.00
2015.08.27 13:11:43.635,1.57357,1.57375,1.00,1.75
2015.08.27 13:11:43.940,1.57357,1.57372,1.00,1.87
2015.08.27 13:11:44.042,1.57355,1.57372,1.00,1.87
2015.08.27 13:11:44.568,1.57346,1.57366,1.50,1.00
2015.08.27 13:11:44.824,1.57346,1.57361,1.00,1.00
2015.08.27 13:11:45.079,1.57342,1.57361,1.00,1.00
2015.08.27 13:11:45.385,1.57342,1.57357,1.00,1.00
2015.08.27 13:11:45.436,1.57338,1.57357,1.47,1.00
2015.08.27 13:11:45.641,1.57335,1.57357,1.00,1.12
2015.08.27 13:11:45.896,1.5733,1.57357,2.32,1.87
2015.08.27 13:11:46.201,1.57333,1.57354,1.10,1.00
2015.08.27 13:11:46.523,1.57333,1.57354,1.47,1.00
2015.08.27 13:11:46.626,1.57334,1.5736,1.90,1.12
2015.08.27 13:11:46.677,1.57336,1.5736,1.20,1.00
2015.08.27 13:11:46.881,1.57339,1.57363,1.27,1.00
2015.08.27 13:11:47.035,1.5734,1.57366,1.27,1.12
2015.08.27 13:11:47.137,1.57339,1.57366,1.82,1.12
2015.08.27 13:11:47.339,1.57341,1.57366,2.25,1.00
2015.08.27 13:11:47.816,1.57342,1.57368,1.20,1.00
2015.08.27 13:11:47.969,1.57344,1.5737,1.92,1.00
2015.08.27 13:11:48.071,1.57346,1.57372,1.75,1.00
2015.08.27 13:11:48.374,1.57354,1.57368,1.00,1.00
2015.08.27 13:11:48.425,1.57353,1.57374,1.47,1.00
2015.08.27 13:11:48.528,1.57351,1.57372,1.27,1.00
2015.08.27 13:11:48.630,1.57347,1.5737,1.12,1.00
2015.08.27 13:11:48.733,1.57345,1.5737,1.87,1.00
2015.08.27 13:11:48.835,1.57344,1.5737,2.32,1.00
2015.08.27 13:11:49.089,1.5735,1.57373,1.12,1.00
2015.08.27 13:11:49.343,1.57355,1.5738,2.02,1.00
2015.08.27 13:11:49.395,1.57356,1.57383,1.90,1.50
2015.08.27 13:11:49.497,1.57359,1.57384,1.37,1.00
2015.08.27 13:11:49.700,1.57359,1.57381,1.20,1.00
2015.08.27 13:11:49.904,1.57355,1.57381,2.02,1.50
2015.08.27 13:11:50.109,1.57355,1.57381,1.45,2.25
2015.08.27 13:11:50.684,1.57351,1.57378,2.40,1.00
2015.08.27 13:11:50.990,1.57348,1.57375,2.62,1.50
2015.08.27 13:11:51.092,1.57348,1.57377,2.40,1.12
2015.08.27 13:11:51.905,1.57349,1.57377,1.50,1.12
2015.08.27 13:11:52.210,1.57353,1.57377,1.45,1.00
2015.08.27 13:11:52.712,1.57353,1.57377,1.52,1.00
2015.08.27 13:11:53.249,1.5735,1.57377,1.20,1.00
2015.08.27 13:11:53.646,1.57349,1.57377,1.50,1.50
2015.08.27 13:11:54.156,1.57349,1.57374,1.50,1.50
2015.08.27 13:11:54.960,1.57348,1.57374,1.20,1.50
2015.08.27 13:11:55.012,1.57354,1.57374,1.00,1.00
2015.08.27 13:11:55.318,1.57357,1.57378,1.00,1.00
2015.08.27 13:11:56.127,1.57354,1.57378,1.47,1.00
2015.08.27 13:11:56.178,1.57354,1.57378,1.10,1.00
2015.08.27 13:11:56.432,1.57354,1.57377,1.00,1.50
2015.08.27 13:11:56.960,1.57354,1.57375,1.37,1.00
2015.08.27 13:11:57.482,1.57356,1.57376,1.12,1.12
2015.08.27 13:11:57.966,1.57352,1.57375,1.65,1.00
2015.08.27 13:11:58.069,1.5735,1.57375,1.12,1.00
2015.08.27 13:11:58.172,1.57351,1.57375,1.37,1.00
2015.08.27 13:11:58.428,1.57351,1.57375,1.00,1.00
2015.08.27 13:11:59.038,1.57349,1.57373,1.55,1.00
2015.08.27 13:11:59.293,1.57346,1.5737,1.00,1.00
2015.08.27 13:11:59.395,1.57343,1.5737,2.32,1.00
2015.08.27 13:11:59.497,1.57342,1.57369,1.17,1.50
2015.08.27 13:11:59.599,1.57339,1.57365,1.57,1.00
2015.08.27 13:11:59.701,1.57339,1.57362,1.10,1.00
2015.08.27 13:12:00.753,1.57339,1.57362,1.37,1.00
2015.08.27 13:12:01.339,1.57343,1.57362,1.00,1.00
2015.08.27 13:12:01.542,1.57347,1.57367,1.00,1.10
2015.08.27 13:12:02.761,1.57343,1.57367,1.87,1.00
2015.08.27 13:12:02.913,1.57346,1.57367,1.00,1.00
2015.08.27 13:12:03.015,1.57346,1.57369,1.12,1.00
2015.08.27 13:12:03.067,1.57346,1.57369,1.37,1.00
2015.08.27 13:12:03.272,1.57349,1.57372,1.00,1.10
2015.08.27 13:12:03.671,1.57349,1.57369,1.00,1.00
2015.08.27 13:12:04.879,1.57348,1.57369,1.12,1.00
2015.08.27 13:12:06.703,1.57346,1.57369,1.12,1.00
2015.08.27 13:12:06.754,1.57346,1.57369,1.00,1.00
2015.08.27 13:12:07.008,1.57343,1.57369,1.57,1.12
2015.08.27 13:12:07.294,1.57342,1.57369,2.02,1.12
2015.08.27 13:12:08.226,1.57342,1.57369,2.77,1.12
2015.08.27 13:12:08.481,1.57343,1.57369,1.00,1.12
2015.08.27 13:12:08.686,1.57342,1.57365,1.65,1.00
2015.08.27 13:12:08.992,1.57338,1.57365,2.25,1.37
2015.08.27 13:12:09.094,1.57337,1.57363,1.20,2.10
2015.08.27 13:12:09.196,1.57336,1.57359,1.00,1.00
2015.08.27 13:12:09.248,1.57332,1.57359,2.02,1.00
2015.08.27 13:12:09.300,1.57332,1.57357,1.95,1.00
2015.08.27 13:12:09.353,1.57332,1.57357,1.20,1.00
2015.08.27 13:12:09.858,1.57332,1.57357,1.47,1.00
2015.08.27 13:12:10.431,1.57332,1.57357,1.37,1.00
2015.08.27 13:12:10.969,1.57332,1.57357,1.37,1.00
2015.08.27 13:12:11.305,1.57332,1.57357,1.37,1.00
2015.08.27 13:12:11.852,1.5733,1.57356,1.27,1.00
2015.08.27 13:12:14.426,1.5733,1.57357,1.27,1.00
2015.08.27 13:12:14.528,1.57331,1.57357,1.47,1.00
2015.08.27 13:12:14.631,1.5733,1.57357,1.27,1.00
2015.08.27 13:12:15.150,1.5733,1.57357,1.27,1.00
2015.08.27 13:12:15.252,1.5733,1.57356,1.27,1.00
2015.08.27 13:12:15.374,1.57328,1.57354,2.70,1.00
2015.08.27 13:12:15.476,1.57329,1.5735,1.27,1.00
2015.08.27 13:12:15.578,1.57329,1.57356,2.02,1.00
2015.08.27 13:12:15.630,1.57329,1.57352,1.52,1.00
2015.08.27 13:12:16.889,1.57326,1.57352,1.27,1.00
2015.08.27 13:12:18.032,1.57326,1.57352,1.85,1.50
2015.08.27 13:12:18.358,1.57329,1.57354,1.20,1.12
2015.08.27 13:12:18.865,1.57329,1.57354,2.32,1.00
2015.08.27 13:12:20.310,1.57329,1.57355,2.32,1.00
2015.08.27 13:12:20.615,1.5733,1.57355,1.55,1.00
2015.08.27 13:12:20.956,1.57336,1.57357,1.50,1.00
2015.08.27 13:12:21.109,1.57336,1.57359,1.50,1.50
2015.08.27 13:12:21.263,1.57336,1.57359,1.12,1.50
2015.08.27 13:12:21.314,1.57335,1.57356,1.87,1.00
2015.08.27 13:12:21.416,1.57333,1.57356,1.50,1.00
2015.08.27 13:12:21.467,1.57333,1.57354,1.87,1.00
2015.08.27 13:12:21.773,1.57328,1.57344,1.82,1.00
2015.08.27 13:12:21.824,1.57328,1.57349,1.82,1.00
2015.08.27 13:12:22.032,1.57327,1.57347,1.87,1.00
2015.08.27 13:12:22.286,1.57329,1.57351,2.70,1.00
2015.08.27 13:12:22.337,1.57329,1.57355,2.70,1.00
2015.08.27 13:12:22.389,1.57338,1.57355,1.00,1.00
2015.08.27 13:12:22.696,1.57345,1.57357,1.12,1.00
2015.08.27 13:12:22.798,1.57349,1.57359,1.37,1.00
2015.08.27 13:12:22.946,1.5735,1.57364,1.50,1.00
2015.08.27 13:12:23.054,1.57349,1.57364,1.95,1.00
2015.08.27 13:12:26.293,1.57349,1.57364,1.95,1.00
2015.08.27 13:12:26.395,1.57349,1.57364,3.07,1.00
2015.08.27 13:12:28.765,1.57354,1.57364,1.20,1.00
2015.08.27 13:12:28.827,1.57354,1.57371,1.20,1.50
2015.08.27 13:12:29.452,1.57353,1.5737,1.50,1.50
2015.08.27 13:12:30.034,1.57353,1.57371,1.87,1.50
2015.08.27 13:12:30.239,1.57353,1.57374,1.87,1.00
2015.08.27 13:12:30.936,1.57353,1.57375,1.87,1.12
2015.08.27 13:12:30.993,1.57354,1.57378,1.20,1.12
2015.08.27 13:12:31.044,1.57354,1.57379,1.57,1.50
2015.08.27 13:12:31.349,1.57356,1.5738,2.32,1.00
2015.08.27 13:12:31.894,1.57356,1.5738,1.52,1.00
2015.08.27 13:12:32.041,1.57355,1.57377,1.37,1.00
2015.08.27 13:12:32.093,1.57352,1.57374,1.57,1.00
2015.08.27 13:12:32.398,1.57342,1.57366,1.20,1.00
2015.08.27 13:12:32.703,1.57343,1.57366,1.12,1.00
2015.08.27 13:12:33.063,1.57345,1.5737,1.27,1.00
2015.08.27 13:12:33.584,1.57348,1.5737,1.00,1.00
2015.08.27 13:12:34.096,1.57347,1.5737,1.20,1.75
2015.08.27 13:12:34.300,1.57337,1.57362,1.75,1.87
2015.08.27 13:12:34.353,1.57337,1.57359,1.75,1.00
2015.08.27 13:12:34.506,1.57335,1.57359,1.45,1.00
2015.08.27 13:12:35.104,1.57335,1.5736,1.45,1.12
2015.08.27 13:12:35.654,1.57335,1.57361,1.82,1.00
2015.08.27 13:12:35.909,1.57338,1.57362,1.12,1.00
2015.08.27 13:12:37.989,1.57343,1.57365,1.37,1.12
2015.08.27 13:12:38.498,1.57342,1.57366,1.27,1.00
2015.08.27 13:12:38.601,1.57342,1.57368,1.27,1.00
2015.08.27 13:12:38.805,1.57341,1.57368,1.15,1.00
2015.08.27 13:12:39.110,1.57339,1.57365,1.95,1.00
2015.08.27 13:12:39.619,1.57339,1.57364,1.20,1.12
2015.08.27 13:12:40.193,1.57342,1.57365,1.57,1.37
2015.08.27 13:12:40.295,1.57342,1.57369,2.70,1.50
2015.08.27 13:12:40.448,1.57343,1.57359,1.12,1.00
2015.08.27 13:12:40.551,1.57338,1.57359,1.57,1.00
2015.08.27 13:12:40.602,1.57338,1.57356,1.20,1.50
2015.08.27 13:12:40.654,1.57334,1.57356,1.12,1.00
2015.08.27 13:12:40.705,1.57329,1.57356,1.12,1.00
2015.08.27 13:12:41.253,1.57329,1.57356,1.12,1.15
2015.08.27 13:12:41.760,1.57331,1.57356,1.37,1.15
2015.08.27 13:12:44.262,1.57332,1.57354,1.00,1.00
2015.08.27 13:12:44.364,1.57331,1.57356,1.75,1.15
2015.08.27 13:12:44.517,1.57331,1.57358,2.62,1.50
2015.08.27 13:12:45.033,1.57334,1.57358,1.10,1.00
2015.08.27 13:12:46.420,1.57332,1.57357,1.65,1.00
2015.08.27 13:12:46.471,1.57332,1.57357,1.57,1.00
2015.08.27 13:12:46.777,1.57332,1.57357,1.57,1.00
2015.08.27 13:12:47.439,1.57334,1.57357,1.12,1.75
2015.08.27 13:12:47.744,1.57338,1.57357,1.00,1.37
2015.08.27 13:12:47.847,1.57338,1.57363,1.87,1.17
2015.08.27 13:12:47.900,1.57343,1.57363,1.00,1.00
2015.08.27 13:12:48.006,1.57343,1.57365,1.00,1.12
2015.08.27 13:12:48.452,1.5734,1.57363,1.00,1.00
2015.08.27 13:12:49.719,1.5734,1.57363,1.37,1.12
2015.08.27 13:12:50.362,1.57337,1.57363,2.25,1.12
2015.08.27 13:12:50.413,1.57336,1.57363,1.57,1.50
2015.08.27 13:12:50.788,1.57331,1.57353,1.37,1.00
2015.08.27 13:12:51.515,1.57338,1.57353,1.00,1.00
2015.08.27 13:12:51.617,1.57341,1.57359,1.10,1.00
2015.08.27 13:12:51.802,1.57341,1.57365,2.32,1.00
2015.08.27 13:12:51.853,1.57342,1.57367,1.82,1.00
2015.08.27 13:12:52.976,1.57344,1.57367,1.00,1.00
2015.08.27 13:12:53.705,1.5734,1.57362,3.45,1.00
2015.08.27 13:12:54.105,1.57335,1.5736,1.00,1.00
2015.08.27 13:12:54.262,1.57335,1.5736,1.75,1.00
2015.08.27 13:12:54.948,1.57333,1.5736,1.87,1.37
2015.08.27 13:12:55.050,1.57333,1.57359,1.50,1.87
2015.08.27 13:12:55.160,1.57334,1.57359,1.20,2.25
2015.08.27 13:12:55.828,1.57329,1.57354,1.95,1.12
2015.08.27 13:12:56.085,1.57326,1.57353,1.65,1.50
2015.08.27 13:12:56.233,1.57325,1.57351,1.12,1.87
2015.08.27 13:12:56.284,1.57322,1.57348,1.65,1.00
2015.08.27 13:12:56.487,1.57319,1.57346,2.32,1.00
2015.08.27 13:12:56.792,1.57316,1.57342,1.75,1.00
2015.08.27 13:12:56.945,1.57315,1.57341,1.50,1.00
2015.08.27 13:12:57.197,1.57315,1.5734,1.15,1.75
2015.08.27 13:12:57.400,1.57315,1.5734,1.15,1.12
2015.08.27 13:12:57.452,1.57315,1.5734,1.87,1.12
2015.08.27 13:12:57.861,1.57315,1.57335,1.50,1.00
2015.08.27 13:12:57.913,1.57311,1.57335,1.87,1.00
2015.08.27 13:12:58.225,1.57308,1.57335,2.25,1.87
2015.08.27 13:12:58.281,1.57307,1.57334,1.50,1.75
2015.08.27 13:12:58.790,1.57307,1.57334,1.20,1.75
2015.08.27 13:12:59.658,1.57304,1.57331,1.95,1.12
2015.08.27 13:13:01.006,1.57304,1.57331,1.95,1.12
2015.08.27 13:13:01.058,1.57304,1.57328,1.95,1.00
2015.08.27 13:13:01.262,1.57302,1.57327,1.20,1.00
2015.08.27 13:13:01.313,1.57302,1.57326,1.57,1.00
2015.08.27 13:13:01.618,1.57304,1.57327,1.27,1.00
2015.08.27 13:13:01.721,1.57304,1.57331,1.27,2.25
2015.08.27 13:13:01.773,1.57304,1.57331,2.25,2.25
2015.08.27 13:13:01.994,1.57301,1.57328,2.25,1.50
2015.08.27 13:13:02.095,1.57305,1.57325,1.00,1.00
2015.08.27 13:13:02.197,1.57305,1.57331,1.00,1.50
2015.08.27 13:13:02.248,1.57303,1.57327,1.65,1.00
2015.08.27 13:13:02.401,1.573,1.57329,1.75,1.50
2015.08.27 13:13:02.504,1.57305,1.57328,1.07,1.00
2015.08.27 13:13:02.555,1.57305,1.57331,1.50,1.12
2015.08.27 13:13:02.657,1.57305,1.57331,1.72,1.12
2015.08.27 13:13:02.708,1.57305,1.57333,2.47,1.87
2015.08.27 13:13:03.071,1.57308,1.57333,1.50,1.87
2015.08.27 13:13:03.377,1.57306,1.57329,1.50,1.00
2015.08.27 13:13:03.530,1.57302,1.57329,1.20,1.37
2015.08.27 13:13:03.582,1.57302,1.57326,1.20,1.12
2015.08.27 13:13:03.634,1.57301,1.57326,1.27,1.50
2015.08.27 13:13:03.685,1.57301,1.57323,1.15,1.00
2015.08.27 13:13:03.945,1.573,1.57323,1.07,1.50
2015.08.27 13:13:04.200,1.57302,1.57327,1.50,1.50
2015.08.27 13:13:04.505,1.57305,1.57327,1.45,1.00
2015.08.27 13:13:04.914,1.57299,1.57312,1.20,1.00
2015.08.27 13:13:04.966,1.57292,1.57312,1.12,1.00
2015.08.27 13:13:05.017,1.57287,1.5731,1.57,1.00
2015.08.27 13:13:05.121,1.57285,1.5731,1.37,1.00
2015.08.27 13:13:05.478,1.57287,1.57312,1.12,1.87
2015.08.27 13:13:05.529,1.5729,1.57312,1.00,1.12
2015.08.27 13:13:05.732,1.57284,1.57312,1.65,1.12
2015.08.27 13:13:06.202,1.57284,1.57312,1.87,1.87
2015.08.27 13:13:07.955,1.5729,1.57315,1.00,1.50
2015.08.27 13:13:08.479,1.57294,1.57315,1.00,1.50
2015.08.27 13:13:10.324,1.57294,1.57318,1.00,1.20
2015.08.27 13:13:10.796,1.57294,1.57316,1.00,1.00
2015.08.27 13:13:11.271,1.57301,1.57316,1.60,1.00
2015.08.27 13:13:11.527,1.57305,1.57325,1.60,1.20
2015.08.27 13:13:11.578,1.57305,1.57328,1.00,1.75
2015.08.27 13:13:11.782,1.57307,1.5733,1.00,1.12
2015.08.27 13:13:11.936,1.57307,1.5733,1.00,1.75
2015.08.27 13:13:16.852,1.57306,1.5733,1.00,1.87
2015.08.27 13:13:17.661,1.57306,1.5733,1.87,1.75
2015.08.27 13:13:17.764,1.57306,1.57332,1.87,1.50
2015.08.27 13:13:18.388,1.5731,1.57332,1.00,1.50
2015.08.27 13:13:18.693,1.57313,1.57332,1.00,1.50
2015.08.27 13:13:18.795,1.57309,1.57332,1.12,1.00
2015.08.27 13:13:19.675,1.57309,1.57332,1.37,1.00
2015.08.27 13:13:20.204,1.57311,1.57332,1.37,1.00
2015.08.27 13:13:20.907,1.57311,1.57337,1.37,1.37
2015.08.27 13:13:21.211,1.5732,1.57337,1.00,1.37
2015.08.27 13:13:21.466,1.5732,1.57343,1.12,1.12
2015.08.27 13:13:21.720,1.57323,1.57344,1.00,1.37
2015.08.27 13:13:22.355,1.57323,1.57342,1.00,1.00
2015.08.27 13:13:22.710,1.57318,1.57342,1.57,1.00
2015.08.27 13:13:22.812,1.57318,1.57342,1.57,1.00
2015.08.27 13:13:23.024,1.57316,1.57339,1.20,1.00
2015.08.27 13:13:23.177,1.5732,1.57338,1.00,1.12
2015.08.27 13:13:23.380,1.57311,1.57338,1.87,1.00
2015.08.27 13:13:23.482,1.57315,1.57337,1.00,1.00
2015.08.27 13:13:23.533,1.57311,1.57334,1.12,1.00
2015.08.27 13:13:23.635,1.57311,1.57334,1.00,1.57
2015.08.27 13:13:23.686,1.57305,1.57329,1.00,1.00
2015.08.27 13:13:23.788,1.57301,1.57328,1.95,1.37
2015.08.27 13:13:23.839,1.57301,1.57328,1.57,1.37
2015.08.27 13:13:24.049,1.57301,1.57324,1.07,1.00
2015.08.27 13:13:24.202,1.57304,1.57327,1.00,1.12
2015.08.27 13:13:24.305,1.57304,1.57327,1.85,1.00
2015.08.27 13:13:24.610,1.57309,1.57328,1.00,1.00
2015.08.27 13:13:24.764,1.57312,1.57335,1.00,1.00
2015.08.27 13:13:24.816,1.57312,1.57335,1.37,1.00
2015.08.27 13:13:25.830,1.57328,1.57335,1.00,1.00
2015.08.27 13:13:25.933,1.57331,1.57339,1.00,1.00
2015.08.27 13:13:26.169,1.57331,1.5735,1.00,1.00
2015.08.27 13:13:26.221,1.57332,1.5735,1.60,1.00
2015.08.27 13:13:26.527,1.57334,1.57357,1.60,1.07
2015.08.27 13:13:27.052,1.57336,1.57359,1.60,1.37
2015.08.27 13:13:27.104,1.57336,1.57361,1.60,1.12
2015.08.27 13:13:27.155,1.57336,1.57359,1.60,1.00
2015.08.27 13:13:27.498,1.57336,1.57357,1.00,1.00
2015.08.27 13:13:27.814,1.57338,1.57357,1.00,1.00
2015.08.27 13:13:28.610,1.57337,1.57357,1.00,1.00
2015.08.27 13:13:29.117,1.57338,1.57357,1.00,1.00
2015.08.27 13:13:29.430,1.57341,1.57358,1.00,1.00
2015.08.27 13:13:30.558,1.57338,1.57358,1.00,1.00
2015.08.27 13:13:30.609,1.57338,1.57358,1.00,1.37
2015.08.27 13:13:30.711,1.57335,1.57358,1.00,1.00
2015.08.27 13:13:30.813,1.57335,1.57355,1.00,1.00
2015.08.27 13:13:32.312,1.57335,1.57358,1.00,1.37
2015.08.27 13:13:32.510,1.57341,1.57358,1.00,1.00
2015.08.27 13:13:32.561,1.57336,1.57358,1.00,1.00
2015.08.27 13:13:34.475,1.57336,1.57356,1.00,1.00
2015.08.27 13:13:34.578,1.57336,1.57358,1.00,1.00
2015.08.27 13:13:34.884,1.57333,1.57358,1.00,1.12
2015.08.27 13:13:35.056,1.57331,1.57355,1.00,1.12
2015.08.27 13:13:35.107,1.57327,1.57355,1.17,1.37
2015.08.27 13:13:35.210,1.57327,1.57348,1.10,1.00
2015.08.27 13:13:35.722,1.57327,1.57348,1.10,1.37
2015.08.27 13:13:36.033,1.57326,1.57348,1.00,1.37
2015.08.27 13:13:36.241,1.57322,1.57345,1.00,1.12
2015.08.27 13:13:37.782,1.57326,1.57345,1.00,1.00
2015.08.27 13:13:38.036,1.57326,1.57347,1.00,1.00
2015.08.27 13:13:38.730,1.57326,1.57346,1.00,1.00
2015.08.27 13:13:39.389,1.57327,1.57346,1.00,1.00
2015.08.27 13:13:39.441,1.57327,1.57347,1.37,1.00
2015.08.27 13:13:39.904,1.57332,1.57347,1.00,1.00
2015.08.27 13:13:40.419,1.57332,1.57348,1.00,1.12
2015.08.27 13:13:40.470,1.5733,1.57348,1.00,1.12
2015.08.27 13:13:40.978,1.5733,1.57346,1.00,1.00
2015.08.27 13:13:41.134,1.57323,1.57345,1.00,1.37
2015.08.27 13:13:41.236,1.57316,1.57339,1.12,1.07
2015.08.27 13:13:41.287,1.57315,1.57339,1.37,1.57
2015.08.27 13:13:41.440,1.57315,1.57333,1.00,1.00
2015.08.27 13:13:41.491,1.57315,1.57337,1.00,1.37
2015.08.27 13:13:41.744,1.57315,1.57332,1.00,1.00
2015.08.27 13:13:42.051,1.57325,1.57337,1.00,1.37
2015.08.27 13:13:42.103,1.57325,1.57339,1.00,1.00
2015.08.27 13:13:42.765,1.57325,1.57342,1.12,1.00
2015.08.27 13:13:42.970,1.57329,1.57345,1.00,1.50
2015.08.27 13:13:43.072,1.5733,1.57348,1.00,1.00
2015.08.27 13:13:43.124,1.5733,1.57351,1.00,1.37
2015.08.27 13:13:43.175,1.57334,1.57351,1.00,1.37
2015.08.27 13:13:43.226,1.57334,1.57353,1.00,1.00
2015.08.27 13:13:43.532,1.57336,1.57352,1.00,1.00
2015.08.27 13:13:43.583,1.57332,1.57352,1.00,1.00
2015.08.27 13:13:43.634,1.57329,1.5735,1.00,1.00
2015.08.27 13:13:43.796,1.57329,1.5735,1.00,1.75
2015.08.27 13:13:44.102,1.57329,1.57346,1.00,1.00
2015.08.27 13:13:44.570,1.57341,1.57346,1.00,1.00
2015.08.27 13:13:47.270,1.57343,1.57347,1.00,1.00
2015.08.27 13:13:47.322,1.57343,1.57352,1.00,1.50
2015.08.27 13:13:47.424,1.57341,1.57352,1.00,1.12
2015.08.27 13:13:47.476,1.57341,1.57349,1.00,1.00
2015.08.27 13:13:47.660,1.57343,1.57356,1.00,1.50
2015.08.27 13:13:47.711,1.57346,1.57358,1.00,1.57
2015.08.27 13:13:47.914,1.57348,1.5736,1.00,1.00
2015.08.27 13:13:48.219,1.57348,1.57362,1.00,1.12
2015.08.27 13:13:48.522,1.57351,1.57362,1.00,1.12
2015.08.27 13:13:49.031,1.5735,1.57361,1.00,1.00
2015.08.27 13:13:49.542,1.5735,1.57363,1.00,1.00
2015.08.27 13:13:49.645,1.57352,1.57363,1.00,1.00
2015.08.27 13:13:50.438,1.57351,1.57363,1.00,1.00
2015.08.27 13:13:50.490,1.57351,1.57365,1.00,1.00
2015.08.27 13:13:50.949,1.57349,1.57368,1.00,1.00
2015.08.27 13:13:51.051,1.57349,1.57365,1.00,1.00
2015.08.27 13:13:51.355,1.57349,1.57362,1.00,1.00
2015.08.27 13:13:51.509,1.57354,1.57368,1.00,1.00
2015.08.27 13:13:51.560,1.57356,1.57368,1.00,1.00
2015.08.27 13:13:51.611,1.57356,1.5737,1.00,1.00
2015.08.27 13:13:52.219,1.57356,1.57373,1.00,1.00
2015.08.27 13:13:52.422,1.5736,1.57374,1.00,1.00
2015.08.27 13:13:52.780,1.5736,1.57376,1.00,1.00
2015.08.27 13:13:53.003,1.57356,1.57376,1.00,1.00
2015.08.27 13:13:53.155,1.57361,1.57374,1.00,1.00
2015.08.27 13:13:53.207,1.57361,1.57376,1.00,1.00
2015.08.27 13:13:53.258,1.57361,1.57372,1.00,1.00
2015.08.27 13:13:53.411,1.57358,1.57372,1.00,1.00
2015.08.27 13:13:54.413,1.57361,1.57372,1.00,1.00
2015.08.27 13:13:54.464,1.57361,1.57375,1.00,1.00
2015.08.27 13:13:54.515,1.57361,1.57377,1.00,1.00
2015.08.27 13:13:55.078,1.57361,1.57376,1.00,1.00
2015.08.27 13:13:55.906,1.57364,1.57376,1.00,1.00
2015.08.27 13:13:55.957,1.57364,1.57378,1.00,1.00
2015.08.27 13:13:56.008,1.57356,1.57378,1.37,1.10
2015.08.27 13:13:56.205,1.57357,1.57375,1.00,1.00
2015.08.27 13:13:56.615,1.5736,1.57376,1.00,1.50
2015.08.27 13:13:56.666,1.57357,1.57374,1.00,1.00
2015.08.27 13:13:56.770,1.57364,1.57374,1.00,1.00
2015.08.27 13:13:56.873,1.57364,1.5738,1.00,1.95
2015.08.27 13:13:56.975,1.57364,1.57381,1.00,1.07
2015.08.27 13:13:57.027,1.57364,1.57381,1.00,1.00
2015.08.27 13:13:57.173,1.57367,1.57381,1.00,1.00
2015.08.27 13:13:57.478,1.57383,1.57394,1.00,1.00
2015.08.27 13:13:57.580,1.57386,1.57401,1.00,1.38
2015.08.27 13:13:57.632,1.57386,1.57405,1.00,1.12
2015.08.27 13:13:57.683,1.57391,1.57407,1.00,1.12
2015.08.27 13:13:57.735,1.57391,1.57411,1.00,1.20
2015.08.27 13:13:57.837,1.57391,1.57416,1.00,2.25
2015.08.27 13:13:58.069,1.57392,1.57416,1.00,2.05
2015.08.27 13:13:58.782,1.57392,1.57412,1.00,1.00
2015.08.27 13:13:59.299,1.57392,1.57411,1.00,1.00
2015.08.27 13:14:00.465,1.57389,1.57411,1.00,1.00
2015.08.27 13:14:00.516,1.57384,1.57411,1.57,1.00
2015.08.27 13:14:00.619,1.57383,1.5741,1.85,1.50
2015.08.27 13:14:00.925,1.57386,1.57406,1.00,1.75
2015.08.27 13:14:01.028,1.57386,1.57406,1.00,1.00
2015.08.27 13:14:01.983,1.57383,1.57406,1.00,1.37
2015.08.27 13:14:02.135,1.57379,1.57403,1.00,1.50
2015.08.27 13:14:03.819,1.57383,1.574,1.00,1.00
2015.08.27 13:14:03.870,1.5738,1.57406,1.00,2.20
2015.08.27 13:14:04.177,1.57385,1.57406,1.00,1.92
2015.08.27 13:14:04.279,1.57385,1.57406,1.12,1.10
2015.08.27 13:14:04.487,1.57385,1.57408,1.75,1.00
2015.08.27 13:14:04.843,1.57385,1.57408,1.50,1.00
2015.08.27 13:14:05.766,1.57385,1.57408,1.87,1.00
2015.08.27 13:14:06.274,1.57387,1.57409,1.37,1.00
2015.08.27 13:14:07.087,1.57387,1.57409,1.75,1.00
2015.08.27 13:14:09.281,1.57386,1.57404,1.37,1.00
2015.08.27 13:14:09.484,1.57371,1.57396,1.87,1.12
2015.08.27 13:14:09.586,1.5737,1.57396,1.12,1.20
2015.08.27 13:14:10.150,1.5737,1.57395,1.12,1.10
2015.08.27 13:14:10.505,1.5737,1.57392,1.12,1.00
2015.08.27 13:14:10.557,1.5737,1.57395,1.12,1.10
2015.08.27 13:14:10.861,1.5737,1.57395,1.00,1.10
2015.08.27 13:14:11.371,1.57369,1.57395,2.47,1.47
2015.08.27 13:14:12.563,1.57369,1.57395,1.72,1.95
2015.08.27 13:14:13.037,1.57369,1.57392,1.30,1.00
2015.08.27 13:14:13.342,1.57357,1.57382,1.45,1.00
2015.08.27 13:14:13.494,1.57358,1.57387,1.47,1.57
2015.08.27 13:14:13.737,1.57358,1.57384,1.27,1.00
2015.08.27 13:14:13.789,1.57358,1.57387,1.27,1.00
2015.08.27 13:14:14.096,1.57361,1.57389,2.25,1.00
2015.08.27 13:14:14.249,1.57361,1.57392,2.40,2.02
2015.08.27 13:14:15.493,1.57362,1.57388,1.55,1.00
2015.08.27 13:14:16.041,1.57362,1.57388,1.57,1.50
2015.08.27 13:14:16.549,1.57363,1.57388,1.12,1.50
2015.08.27 13:14:17.166,1.57363,1.57385,1.12,1.00
2015.08.27 13:14:17.268,1.57362,1.57385,1.87,1.00
2015.08.27 13:14:18.970,1.57362,1.57385,1.87,1.00
2015.08.27 13:14:19.774,1.57363,1.57385,2.25,1.00
2015.08.27 13:14:20.769,1.57365,1.5739,1.50,1.00
2015.08.27 13:14:20.923,1.57377,1.57399,1.00,1.15
2015.08.27 13:14:20.974,1.57377,1.57402,1.47,1.50
2015.08.27 13:14:21.026,1.57379,1.57402,1.00,1.00
2015.08.27 13:14:21.077,1.57379,1.57402,1.75,1.00
2015.08.27 13:14:21.520,1.57383,1.57402,1.50,1.00
2015.08.27 13:14:22.165,1.57384,1.57405,1.75,1.00
2015.08.27 13:14:22.217,1.57384,1.57408,1.75,1.00
2015.08.27 13:14:22.729,1.57385,1.57408,1.75,1.00
2015.08.27 13:14:23.997,1.57385,1.57403,1.12,1.00
2015.08.27 13:14:24.183,1.57383,1.57403,1.45,1.12
2015.08.27 13:14:24.438,1.5738,1.57405,1.50,1.00
2015.08.27 13:14:24.946,1.57382,1.57405,1.12,1.00
2015.08.27 13:14:25.448,1.57381,1.57409,1.12,2.85
2015.08.27 13:14:25.957,1.57383,1.57409,1.50,1.60
2015.08.27 13:14:26.263,1.57385,1.57409,1.07,1.60
2015.08.27 13:14:26.770,1.57384,1.57409,1.45,1.60
2015.08.27 13:14:27.349,1.57384,1.57409,1.07,1.12
2015.08.27 13:14:27.455,1.57382,1.57406,2.25,1.00
2015.08.27 13:14:29.760,1.57381,1.57406,1.12,1.60
2015.08.27 13:14:30.146,1.57392,1.57414,1.12,1.60
2015.08.27 13:14:30.454,1.57392,1.57407,1.12,1.60
2015.08.27 13:14:30.556,1.5739,1.57407,1.12,1.60
2015.08.27 13:14:30.709,1.57389,1.57401,1.12,1.00
2015.08.27 13:14:30.912,1.57377,1.57401,1.75,1.12
2015.08.27 13:14:31.220,1.57378,1.57403,1.12,1.00
2015.08.27 13:14:31.322,1.57378,1.57401,1.12,1.00
2015.08.27 13:14:31.373,1.57378,1.57403,1.12,1.00
2015.08.27 13:14:31.425,1.57378,1.57403,1.12,1.75
2015.08.27 13:14:31.527,1.57379,1.57405,1.20,1.00
2015.08.27 13:14:32.911,1.57382,1.57406,1.12,1.00
2015.08.27 13:14:33.013,1.57383,1.57406,1.12,1.00
2015.08.27 13:14:33.277,1.57386,1.5741,1.12,1.50
2015.08.27 13:14:33.633,1.57385,1.57408,1.12,1.00
2015.08.27 13:14:33.988,1.57387,1.5741,1.20,1.00
2015.08.27 13:14:34.039,1.57387,1.57412,1.85,1.00
2015.08.27 13:14:34.398,1.57389,1.57409,1.00,1.00
2015.08.27 13:14:34.449,1.57387,1.57411,1.00,1.00
2015.08.27 13:14:34.857,1.57381,1.57405,1.50,1.00
2015.08.27 13:14:34.960,1.57377,1.57402,2.25,1.00
2015.08.27 13:14:35.063,1.57378,1.57402,1.45,1.00
2015.08.27 13:14:35.362,1.57384,1.57407,1.00,1.00
2015.08.27 13:14:35.618,1.57386,1.57407,1.00,1.00
2015.08.27 13:14:35.671,1.57384,1.5741,1.27,1.35
2015.08.27 13:14:35.823,1.57384,1.5741,1.95,1.35
2015.08.27 13:14:36.935,1.57384,1.5741,2.25,1.00
2015.08.27 13:14:37.958,1.57383,1.57405,1.87,1.35
2015.08.27 13:14:38.111,1.57381,1.57405,1.87,1.00
2015.08.27 13:14:38.264,1.5738,1.57405,1.12,1.50
2015.08.27 13:14:38.366,1.5738,1.57405,1.12,2.25
2015.08.27 13:14:38.679,1.57384,1.57405,1.57,1.75
2015.08.27 13:14:38.731,1.57384,1.57405,1.07,1.00
2015.08.27 13:14:39.261,1.57384,1.57404,1.07,1.00
2015.08.27 13:14:39.770,1.57381,1.57404,1.87,1.00
2015.08.27 13:14:40.359,1.57381,1.57404,1.57,1.00
2015.08.27 13:14:42.281,1.57384,1.57404,1.00,1.00
2015.08.27 13:14:42.784,1.57384,1.57404,1.15,1.00
2015.08.27 13:14:44.451,1.57384,1.57404,1.20,1.00
2015.08.27 13:14:45.250,1.57384,1.57405,1.10,1.00
2015.08.27 13:14:45.301,1.57384,1.57405,1.07,1.00
2015.08.27 13:14:45.605,1.57382,1.57403,1.12,1.00
2015.08.27 13:14:45.809,1.57381,1.57403,1.50,1.00
2015.08.27 13:14:46.320,1.57381,1.57403,1.50,1.00
2015.08.27 13:14:46.574,1.57379,1.57401,2.25,1.00
2015.08.27 13:14:46.779,1.57379,1.574,1.20,1.00
2015.08.27 13:14:47.058,1.57379,1.57402,1.20,1.12
2015.08.27 13:14:48.839,1.57379,1.57402,1.55,1.12
2015.08.27 13:14:49.547,1.57379,1.57404,1.55,2.25
2015.08.27 13:14:49.953,1.57383,1.57404,1.37,1.37
2015.08.27 13:14:50.005,1.57383,1.57404,1.37,1.00
2015.08.27 13:14:50.056,1.57383,1.57404,1.72,1.00
2015.08.27 13:14:50.159,1.57383,1.57406,2.17,1.00
2015.08.27 13:14:50.672,1.57384,1.57405,1.12,1.00
2015.08.27 13:14:50.723,1.5739,1.57405,1.00,1.00
2015.08.27 13:14:50.775,1.5739,1.57407,1.00,1.00
2015.08.27 13:14:50.928,1.5739,1.57407,1.00,1.37
2015.08.27 13:14:50.980,1.5739,1.57407,1.00,1.00
2015.08.27 13:14:51.082,1.57393,1.57409,1.00,1.00
2015.08.27 13:14:51.186,1.57389,1.57409,1.47,1.00
2015.08.27 13:14:52.256,1.57388,1.57406,1.20,1.00
2015.08.27 13:14:53.347,1.57388,1.57406,1.10,1.00
2015.08.27 13:14:54.166,1.57386,1.57406,1.95,1.00
2015.08.27 13:14:54.269,1.57389,1.57409,1.37,1.00
2015.08.27 13:14:54.484,1.57386,1.57409,1.57,1.00
2015.08.27 13:14:54.789,1.57388,1.57411,1.95,1.00
2015.08.27 13:14:54.840,1.57389,1.57416,1.07,1.37
2015.08.27 13:14:55.095,1.57388,1.57415,2.70,1.00
2015.08.27 13:14:55.492,1.57401,1.57424,1.60,1.35
2015.08.27 13:14:55.543,1.57402,1.5743,1.60,1.95
2015.08.27 13:14:55.696,1.57404,1.5743,1.67,1.00
2015.08.27 13:14:55.950,1.57408,1.5743,1.00,1.50
2015.08.27 13:14:56.458,1.57408,1.5743,1.37,1.00
2015.08.27 13:14:56.968,1.57408,1.5743,1.37,1.00
2015.08.27 13:14:57.477,1.57409,1.5743,1.85,1.00
2015.08.27 13:14:57.897,1.57413,1.57434,1.00,1.00
2015.08.27 13:14:57.948,1.57413,1.57434,1.20,1.00
2015.08.27 13:14:58.461,1.57413,1.57433,1.17,1.00
2015.08.27 13:14:59.075,1.5741,1.57433,1.95,1.00
2015.08.27 13:15:00.334,1.5741,1.57431,1.17,1.00
2015.08.27 13:15:00.878,1.5741,1.57431,1.20,1.00
2015.08.27 13:15:03.302,1.57406,1.57431,1.12,1.37
2015.08.27 13:15:04.340,1.57405,1.57429,1.37,1.00
2015.08.27 13:15:04.748,1.57404,1.57428,1.12,1.00
2015.08.27 13:15:05.351,1.57403,1.57428,2.70,1.12
2015.08.27 13:15:05.453,1.57403,1.57426,2.70,1.00
2015.08.27 13:15:05.979,1.57404,1.57426,1.00,1.00
2015.08.27 13:15:06.486,1.57403,1.57426,2.62,1.00
2015.08.27 13:15:07.015,1.57404,1.57426,1.00,1.00
2015.08.27 13:15:07.319,1.57403,1.57428,2.70,1.00
2015.08.27 13:15:08.044,1.57403,1.57428,3.07,1.12
2015.08.27 13:15:08.553,1.57406,1.57428,1.00,1.00
2015.08.27 13:15:08.970,1.57406,1.57428,1.37,1.00
2015.08.27 13:15:09.359,1.57408,1.57428,1.47,1.00
2015.08.27 13:15:09.666,1.57408,1.5743,1.97,1.00
2015.08.27 13:15:10.175,1.57406,1.57429,1.37,1.00
2015.08.27 13:15:11.176,1.57406,1.57429,1.37,1.00
2015.08.27 13:15:11.958,1.57406,1.57429,1.75,1.00
2015.08.27 13:15:12.110,1.57406,1.57431,1.75,1.00
2015.08.27 13:15:12.263,1.57406,1.57429,1.87,1.00
2015.08.27 13:15:12.314,1.57406,1.57431,1.87,1.00
2015.08.27 13:15:12.731,1.57406,1.57429,1.87,1.00
2015.08.27 13:15:13.891,1.57409,1.57429,1.37,1.00
2015.08.27 13:15:13.992,1.57409,1.57432,1.87,1.00
2015.08.27 13:15:14.043,1.57413,1.57434,1.37,1.12
2015.08.27 13:15:14.095,1.57413,1.57437,1.50,1.82
2015.08.27 13:15:14.273,1.57418,1.57437,1.00,1.00
2015.08.27 13:15:14.945,1.57419,1.57437,1.00,1.00
2015.08.27 13:15:15.048,1.57417,1.57437,1.00,1.12
2015.08.27 13:15:15.209,1.57415,1.57435,1.00,1.00
2015.08.27 13:15:15.514,1.57414,1.57432,1.00,1.12
2015.08.27 13:15:15.666,1.57412,1.57431,1.00,1.12
2015.08.27 13:15:16.074,1.57412,1.57431,1.00,2.55
2015.08.27 13:15:16.218,1.57402,1.57426,1.37,1.30
2015.08.27 13:15:16.270,1.57397,1.57423,1.55,1.00
2015.08.27 13:15:16.322,1.57395,1.57418,1.12,1.00
2015.08.27 13:15:16.373,1.57394,1.5742,1.12,1.12
2015.08.27 13:15:16.476,1.57393,1.57415,1.17,1.00
2015.08.27 13:15:16.680,1.57387,1.57415,1.75,1.00
2015.08.27 13:15:16.782,1.57386,1.57415,2.70,1.00
2015.08.27 13:15:16.833,1.57386,1.5741,2.70,1.00
2015.08.27 13:15:17.391,1.57386,1.5741,2.32,1.00
2015.08.27 13:15:18.047,1.57387,1.5741,1.07,1.00
2015.08.27 13:15:19.373,1.57387,1.57398,1.20,1.00
2015.08.27 13:15:19.890,1.57388,1.57397,1.00,1.00
2015.08.27 13:15:20.196,1.57386,1.57397,1.92,1.00
2015.08.27 13:15:20.452,1.57386,1.57397,1.27,1.00
2015.08.27 13:15:20.912,1.57386,1.574,2.20,1.00
2015.08.27 13:15:20.963,1.57387,1.574,2.40,1.00
2015.08.27 13:15:21.270,1.57391,1.574,1.87,1.00
2015.08.27 13:15:21.620,1.57391,1.574,1.20,1.00
2015.08.27 13:15:21.926,1.57391,1.574,1.50,1.00
2015.08.27 13:15:22.438,1.57391,1.574,1.57,1.00
2015.08.27 13:15:22.742,1.57388,1.574,1.27,1.00
2015.08.27 13:15:24.892,1.57386,1.57397,1.87,1.00
2015.08.27 13:15:27.101,1.57387,1.57399,1.20,1.00
2015.08.27 13:15:27.356,1.57387,1.57399,1.57,1.00
2015.08.27 13:15:27.408,1.5739,1.57404,1.37,1.00
2015.08.27 13:15:27.459,1.5739,1.57407,1.37,1.00
2015.08.27 13:15:27.510,1.57388,1.57404,2.02,1.00
2015.08.27 13:15:27.817,1.57391,1.57402,1.50,1.00
2015.08.27 13:15:28.123,1.57388,1.57398,1.87,1.00
2015.08.27 13:15:28.429,1.57381,1.57389,1.12,1.00
2015.08.27 13:15:28.681,1.57375,1.57387,1.45,1.00
2015.08.27 13:15:28.939,1.57373,1.57387,1.92,1.00
2015.08.27 13:15:29.503,1.57374,1.57387,1.12,1.00
2015.08.27 13:15:30.170,1.57374,1.57387,1.12,1.00
2015.08.27 13:15:30.677,1.57371,1.57387,2.70,1.00
2015.08.27 13:15:31.228,1.57371,1.57387,1.95,1.00
2015.08.27 13:15:31.534,1.57371,1.57387,1.95,1.00
2015.08.27 13:15:31.636,1.57374,1.5739,1.37,1.00
2015.08.27 13:15:31.687,1.57377,1.5739,1.37,1.00
2015.08.27 13:15:31.885,1.57378,1.57393,1.12,1.00
2015.08.27 13:15:31.938,1.57378,1.57386,1.82,1.00
2015.08.27 13:15:32.040,1.57371,1.57386,1.50,1.00
2015.08.27 13:15:32.091,1.5737,1.57386,1.50,1.00
2015.08.27 13:15:32.193,1.57375,1.57386,1.00,1.00
2015.08.27 13:15:32.295,1.57375,1.57389,1.00,1.00
2015.08.27 13:15:32.600,1.57373,1.57389,1.50,1.00
2015.08.27 13:15:33.019,1.57373,1.57383,1.00,1.00
2015.08.27 13:15:33.337,1.57373,1.57383,1.52,1.00
2015.08.27 13:15:33.701,1.57373,1.57383,1.52,1.00
2015.08.27 13:15:33.803,1.57372,1.57381,1.12,1.00
2015.08.27 13:15:34.040,1.57368,1.5738,1.87,1.00
2015.08.27 13:15:34.091,1.57369,1.5738,1.20,1.00
2015.08.27 13:15:34.501,1.5737,1.57384,1.57,1.00
2015.08.27 13:15:34.805,1.5737,1.57384,1.20,1.00
2015.08.27 13:15:35.004,1.5737,1.57384,2.32,1.00
2015.08.27 13:15:35.511,1.57371,1.57384,1.82,1.00
2015.08.27 13:15:36.169,1.57373,1.57387,1.12,1.00
2015.08.27 13:15:36.220,1.57373,1.57387,1.50,1.00
2015.08.27 13:15:36.912,1.57374,1.57387,1.20,1.00
2015.08.27 13:15:37.278,1.57373,1.57387,1.50,1.00
2015.08.27 13:15:37.866,1.57373,1.57383,1.50,1.00
2015.08.27 13:15:37.917,1.57373,1.57383,1.12,1.00
2015.08.27 13:15:37.969,1.57373,1.57382,1.12,1.00
2015.08.27 13:15:38.123,1.5737,1.57379,1.12,1.00
2015.08.27 13:15:38.225,1.57366,1.57377,1.50,1.00
2015.08.27 13:15:39.847,1.57366,1.57381,1.12,1.00
2015.08.27 13:15:40.102,1.57368,1.57381,1.55,1.00
2015.08.27 13:15:40.407,1.57369,1.57378,1.57,1.00
2015.08.27 13:15:41.217,1.57369,1.57378,1.57,1.00
2015.08.27 13:15:42.800,1.57369,1.57378,1.57,1.00
2015.08.27 13:15:43.269,1.57369,1.5738,1.57,1.00
2015.08.27 13:15:43.652,1.57368,1.57376,1.82,1.00
2015.08.27 13:15:43.754,1.57367,1.57378,1.12,1.00
2015.08.27 13:15:43.806,1.57365,1.57378,1.20,1.00
2015.08.27 13:15:43.857,1.57365,1.57375,1.57,1.00
2015.08.27 13:15:43.908,1.57365,1.57375,1.47,1.00
2015.08.27 13:15:44.062,1.57363,1.57373,1.95,1.00
2015.08.27 13:15:44.113,1.57363,1.57373,1.45,1.00
2015.08.27 13:15:44.617,1.57362,1.57372,1.20,1.00
2015.08.27 13:15:44.923,1.57365,1.57372,1.00,1.00
2015.08.27 13:15:46.159,1.57359,1.57372,1.20,1.00
2015.08.27 13:15:46.261,1.57361,1.57372,1.57,1.00
2015.08.27 13:15:46.769,1.57362,1.57376,1.47,1.00
2015.08.27 13:15:46.909,1.57373,1.57387,1.00,1.37
2015.08.27 13:15:46.962,1.57373,1.57391,1.00,1.10
2015.08.27 13:15:47.013,1.57377,1.57391,1.00,1.00
2015.08.27 13:15:47.319,1.57381,1.57393,1.12,1.00
2015.08.27 13:15:47.572,1.57381,1.57393,1.20,1.00
2015.08.27 13:15:48.124,1.57382,1.57393,1.20,1.00
2015.08.27 13:15:48.722,1.57382,1.57395,1.20,1.00
2015.08.27 13:15:48.926,1.57383,1.57395,1.45,1.00
2015.08.27 13:15:49.441,1.57382,1.57395,1.82,1.00
2015.08.27 13:15:49.981,1.57382,1.57395,2.20,1.00
2015.08.27 13:15:52.047,1.57382,1.57395,1.45,1.00
2015.08.27 13:15:52.098,1.57382,1.57393,1.45,1.00
2015.08.27 13:15:52.605,1.57381,1.57393,1.87,1.00
2015.08.27 13:15:53.041,1.57387,1.57396,1.50,1.00
2015.08.27 13:15:53.092,1.57387,1.57401,1.50,1.00
2015.08.27 13:15:53.245,1.57392,1.57402,1.12,1.00
2015.08.27 13:15:53.502,1.57392,1.57404,1.87,1.00
2015.08.27 13:15:58.105,1.57392,1.57402,1.12,1.00
2015.08.27 13:15:58.259,1.5739,1.57403,1.17,1.00
2015.08.27 13:15:58.361,1.57386,1.57399,1.45,1.00
2015.08.27 13:15:58.922,1.57385,1.57396,1.50,1.00
2015.08.27 13:15:59.075,1.57383,1.57396,1.87,1.00
2015.08.27 13:15:59.618,1.57384,1.57396,1.12,1.00
2015.08.27 13:16:00.126,1.57384,1.57403,1.12,1.00
2015.08.27 13:16:01.168,1.57386,1.57403,1.45,1.00
2015.08.27 13:16:01.270,1.57386,1.57403,1.12,1.00
2015.08.27 13:16:02.713,1.57385,1.57407,1.57,1.50
2015.08.27 13:16:02.765,1.57385,1.57407,1.65,1.50
2015.08.27 13:16:02.980,1.57388,1.57411,1.95,1.00
2015.08.27 13:16:03.082,1.5739,1.57413,1.57,1.00
2015.08.27 13:16:03.185,1.57392,1.57409,1.50,1.00
2015.08.27 13:16:03.237,1.5739,1.57416,1.87,1.37
2015.08.27 13:16:03.289,1.57389,1.5741,1.45,1.00
2015.08.27 13:16:03.442,1.57384,1.57408,1.75,1.00
2015.08.27 13:16:03.544,1.57382,1.57408,1.87,1.50
2015.08.27 13:16:03.596,1.57382,1.57408,1.50,1.37
2015.08.27 13:16:03.917,1.57393,1.57406,1.00,1.12
2015.08.27 13:16:04.274,1.57393,1.57411,1.00,1.50
2015.08.27 13:16:04.377,1.57396,1.57411,1.00,1.50
2015.08.27 13:16:04.428,1.57393,1.57414,1.00,1.75
2015.08.27 13:16:04.581,1.57389,1.57415,1.87,1.87
2015.08.27 13:16:04.685,1.57389,1.57415,2.62,1.50
2015.08.27 13:16:04.831,1.57389,1.57413,1.57,1.00
2015.08.27 13:16:05.239,1.57393,1.57415,1.50,1.00
2015.08.27 13:16:05.758,1.57393,1.57415,1.00,1.00
2015.08.27 13:16:06.090,1.57389,1.57415,1.82,1.37
2015.08.27 13:16:06.599,1.57389,1.57412,1.82,1.12
2015.08.27 13:16:07.091,1.57394,1.57412,1.12,1.12
2015.08.27 13:16:07.352,1.57394,1.57419,1.12,1.75
2015.08.27 13:16:07.505,1.57393,1.57419,1.12,1.75
2015.08.27 13:16:07.607,1.57394,1.57414,1.12,1.00
2015.08.27 13:16:07.863,1.57385,1.57407,1.00,1.00
2015.08.27 13:16:08.067,1.57382,1.57407,1.00,1.50
2015.08.27 13:16:08.118,1.57378,1.57403,1.15,1.00
2015.08.27 13:16:08.573,1.57378,1.57403,1.50,1.00
2015.08.27 13:16:09.082,1.57378,1.57402,1.87,1.00
2015.08.27 13:16:09.625,1.57378,1.57403,1.87,1.00
2015.08.27 13:16:10.148,1.57378,1.57402,1.87,1.00
2015.08.27 13:16:10.452,1.57381,1.57402,1.45,1.00
2015.08.27 13:16:11.277,1.57383,1.57402,1.07,1.00
2015.08.27 13:16:11.328,1.57383,1.57408,1.12,1.37
2015.08.27 13:16:11.430,1.57386,1.57408,1.37,1.00
2015.08.27 13:16:11.721,1.57391,1.57413,1.07,1.50
2015.08.27 13:16:12.431,1.57393,1.57414,1.20,1.00
2015.08.27 13:16:12.482,1.57395,1.5742,1.00,1.75
2015.08.27 13:16:12.533,1.57395,1.57422,1.37,2.25
2015.08.27 13:16:12.863,1.57396,1.5742,1.17,1.50
2015.08.27 13:16:13.645,1.57399,1.5742,1.00,1.00
2015.08.27 13:16:13.955,1.57402,1.57425,1.57,1.00
2015.08.27 13:16:14.007,1.57402,1.57425,1.00,1.00
2015.08.27 13:16:14.059,1.57402,1.57425,1.87,1.00
2015.08.27 13:16:14.161,1.57403,1.57427,1.45,1.00
2015.08.27 13:16:14.263,1.57403,1.57423,1.50,1.00
2015.08.27 13:16:14.855,1.57399,1.57426,1.95,1.00
2015.08.27 13:16:14.906,1.57399,1.57426,2.32,1.00
2015.08.27 13:16:15.212,1.57403,1.57424,1.12,1.00
2015.08.27 13:16:15.314,1.574,1.57423,1.12,1.00
2015.08.27 13:16:15.365,1.57404,1.57423,1.75,1.00
2015.08.27 13:16:15.519,1.57401,1.57423,1.50,1.00
2015.08.27 13:16:15.723,1.574,1.57421,1.20,1.00
2015.08.27 13:16:15.876,1.57398,1.57421,1.35,1.00
2015.08.27 13:16:15.978,1.57396,1.57421,1.45,1.00
2015.08.27 13:16:16.130,1.57396,1.57419,1.45,1.00
2015.08.27 13:16:17.041,1.57395,1.57419,1.52,1.00
2015.08.27 13:16:18.193,1.57395,1.5742,2.02,1.00
2015.08.27 13:16:18.347,1.57403,1.5742,1.12,1.00
2015.08.27 13:16:18.450,1.57403,1.57424,1.37,1.00
2015.08.27 13:16:18.501,1.57403,1.57428,1.50,1.00
2015.08.27 13:16:18.654,1.57404,1.57431,1.47,1.00
2015.08.27 13:16:18.982,1.57404,1.57427,1.45,1.00
2015.08.27 13:16:19.337,1.57403,1.57427,1.20,1.00
2015.08.27 13:16:19.388,1.57402,1.57426,1.90,1.00
2015.08.27 13:16:19.693,1.57401,1.57428,3.07,1.00
2015.08.27 13:16:19.745,1.57404,1.57428,1.20,1.00
2015.08.27 13:16:19.895,1.57404,1.5743,1.57,1.50
2015.08.27 13:16:19.998,1.57403,1.5743,2.32,1.50
2015.08.27 13:16:20.253,1.57406,1.57435,1.65,1.50
2015.08.27 13:16:20.304,1.57408,1.57435,1.37,1.50
2015.08.27 13:16:20.610,1.5741,1.57435,1.45,1.50
2015.08.27 13:16:20.969,1.57408,1.57435,2.25,1.50
2015.08.27 13:16:21.428,1.57411,1.57437,1.20,1.37
2015.08.27 13:16:21.580,1.57412,1.57439,2.25,1.00
2015.08.27 13:16:21.631,1.57415,1.57439,1.07,1.00
2015.08.27 13:16:22.140,1.57415,1.57439,1.50,1.00
2015.08.27 13:16:22.759,1.57417,1.57439,2.25,1.00
2015.08.27 13:16:23.016,1.57417,1.57442,2.25,1.00
2015.08.27 13:16:23.169,1.57418,1.57442,1.12,1.00
2015.08.27 13:16:23.423,1.57418,1.57442,1.45,1.00
2015.08.27 13:16:23.930,1.57416,1.57443,2.32,1.12
2015.08.27 13:16:24.091,1.57419,1.57443,1.20,1.00
2015.08.27 13:16:24.498,1.5742,1.57445,1.20,1.50
2015.08.27 13:16:25.867,1.57421,1.57445,1.90,1.00
2015.08.27 13:16:25.969,1.57425,1.57448,1.12,1.12
2015.08.27 13:16:26.021,1.57425,1.57451,1.95,1.50
2015.08.27 13:16:26.072,1.57428,1.57453,1.12,1.37
2015.08.27 13:16:26.124,1.57428,1.57453,1.12,1.00
2015.08.27 13:16:26.283,1.57431,1.57456,1.27,1.00
2015.08.27 13:16:26.791,1.57431,1.57457,1.55,1.50
2015.08.27 13:16:26.893,1.57431,1.57453,1.55,1.00
2015.08.27 13:16:27.225,1.57421,1.57447,1.75,1.00
2015.08.27 13:16:27.784,1.57422,1.57447,2.20,1.00
2015.08.27 13:16:28.140,1.57426,1.57448,1.57,1.00
2015.08.27 13:16:29.107,1.57426,1.57445,1.20,1.00
2015.08.27 13:16:29.473,1.57423,1.57445,1.75,1.00
2015.08.27 13:16:30.942,1.57422,1.57445,1.50,1.00
2015.08.27 13:16:31.197,1.57422,1.57449,1.50,1.75
2015.08.27 13:16:31.299,1.57422,1.57449,1.50,1.00
2015.08.27 13:16:31.452,1.57424,1.5745,1.20,1.50
2015.08.27 13:16:32.069,1.57428,1.57454,1.07,1.00
2015.08.27 13:16:32.222,1.57428,1.57449,1.17,1.00
2015.08.27 13:16:32.527,1.57438,1.57451,1.00,1.00
2015.08.27 13:16:32.579,1.57438,1.57454,1.00,1.12
2015.08.27 13:16:32.630,1.57441,1.57455,1.00,1.00
2015.08.27 13:16:32.894,1.57441,1.57457,1.00,1.00
2015.08.27 13:16:33.049,1.57441,1.5746,1.00,1.50
2015.08.27 13:16:33.610,1.57445,1.57457,1.00,1.00
2015.08.27 13:16:33.662,1.57433,1.57457,1.45,1.00
2015.08.27 13:16:33.850,1.57433,1.57457,1.20,1.00
2015.08.27 13:16:34.159,1.57437,1.57455,1.12,1.00
2015.08.27 13:16:34.467,1.57434,1.57458,1.12,1.00
2015.08.27 13:16:34.525,1.57435,1.57458,1.95,1.00
2015.08.27 13:16:34.577,1.57436,1.57458,1.95,1.00
2015.08.27 13:16:34.949,1.57439,1.57458,1.12,1.00
2015.08.27 13:16:35.102,1.5744,1.57468,1.82,2.25
2015.08.27 13:16:35.614,1.5744,1.57468,1.87,2.25
2015.08.27 13:16:36.037,1.57443,1.57468,1.20,2.25
2015.08.27 13:16:36.191,1.57443,1.57468,1.50,1.50
2015.08.27 13:16:36.498,1.57444,1.57471,1.20,1.87
2015.08.27 13:16:36.549,1.57444,1.57471,1.20,1.50
2015.08.27 13:16:36.651,1.57444,1.57471,1.27,1.50
2015.08.27 13:16:37.111,1.57444,1.57467,1.57,1.00
2015.08.27 13:16:37.265,1.57444,1.57467,1.17,1.00
2015.08.27 13:16:37.317,1.57444,1.5746,1.17,1.00
2015.08.27 13:16:37.521,1.57434,1.57458,1.20,1.00
2015.08.27 13:16:37.572,1.57432,1.57458,1.87,1.00
2015.08.27 13:16:37.776,1.57434,1.57461,1.07,1.12
2015.08.27 13:16:37.828,1.57433,1.57462,1.12,1.00
2015.08.27 13:16:38.147,1.57434,1.5746,1.50,1.00
2015.08.27 13:16:38.249,1.57435,1.5746,1.10,1.00
2015.08.27 13:16:38.351,1.57433,1.5746,1.20,1.00
2015.08.27 13:16:38.656,1.57434,1.5746,1.12,1.00
2015.08.27 13:16:38.911,1.57433,1.5746,1.20,1.00
2015.08.27 13:16:39.453,1.57434,1.5746,1.12,1.00
2015.08.27 13:16:40.372,1.57436,1.57456,1.10,1.00
2015.08.27 13:16:40.677,1.57427,1.57456,2.32,1.50
2015.08.27 13:16:40.728,1.57429,1.57456,1.27,1.37
2015.08.27 13:16:40.830,1.57428,1.57457,1.57,1.00
2015.08.27 13:16:41.345,1.57431,1.57458,1.20,1.00
2015.08.27 13:16:41.396,1.57432,1.5746,1.27,1.00
2015.08.27 13:16:41.803,1.57434,1.57462,1.20,1.50
2015.08.27 13:16:42.354,1.57436,1.57462,1.00,1.50
2015.08.27 13:16:42.405,1.57435,1.57462,1.12,1.50
2015.08.27 13:16:42.913,1.57438,1.57462,1.37,1.00
2015.08.27 13:16:43.428,1.57434,1.57462,1.27,1.50
2015.08.27 13:16:43.648,1.57432,1.57461,3.00,1.00
2015.08.27 13:16:44.104,1.57435,1.57461,1.07,1.00
2015.08.27 13:16:44.608,1.57435,1.57462,1.52,1.00
2015.08.27 13:16:45.136,1.57435,1.57462,1.27,1.00
2015.08.27 13:16:45.532,1.57437,1.57464,1.57,1.50
2015.08.27 13:16:46.541,1.57438,1.57467,1.27,1.50
2015.08.27 13:16:47.075,1.57438,1.57466,1.27,1.00
2015.08.27 13:16:47.231,1.57438,1.57466,1.27,1.00
2015.08.27 13:16:47.282,1.57438,1.57463,1.27,1.00
2015.08.27 13:16:47.688,1.57437,1.57465,1.95,1.00
2015.08.27 13:16:47.851,1.57441,1.57467,1.50,1.00
2015.08.27 13:16:48.276,1.57443,1.57467,1.20,1.00
2015.08.27 13:16:48.925,1.5744,1.57463,1.87,1.00
2015.08.27 13:16:49.027,1.57438,1.57463,1.27,1.00
2015.08.27 13:16:49.129,1.5744,1.57465,1.12,1.00
2015.08.27 13:16:49.181,1.57447,1.57465,1.75,1.00
2015.08.27 13:16:49.233,1.57447,1.57473,1.75,1.12
2015.08.27 13:16:49.285,1.5745,1.57474,1.12,1.12
2015.08.27 13:16:49.337,1.57455,1.57476,1.00,1.00
2015.08.27 13:16:49.388,1.57455,1.57479,1.00,1.00
2015.08.27 13:16:49.491,1.57454,1.57482,1.20,2.32
2015.08.27 13:16:50.051,1.57458,1.57484,1.12,1.10
2015.08.27 13:16:50.768,1.5746,1.57484,1.27,1.00
2015.08.27 13:16:50.972,1.57459,1.57484,1.27,1.00
2015.08.27 13:16:51.498,1.57477,1.57486,1.00,1.35
2015.08.27 13:16:51.650,1.57475,1.57485,1.00,1.30
2015.08.27 13:16:51.701,1.57475,1.57485,1.00,2.05
2015.08.27 13:16:52.013,1.57475,1.57486,1.00,1.35
2015.08.27 13:16:52.420,1.57475,1.57479,1.00,1.00
2015.08.27 13:16:52.775,1.57473,1.57479,1.00,1.00
2015.08.27 13:16:53.133,1.57473,1.57477,1.00,1.00
2015.08.27 13:16:53.184,1.57468,1.57477,1.00,1.00
2015.08.27 13:16:53.388,1.57468,1.57475,1.00,1.50
2015.08.27 13:16:53.694,1.57468,1.57472,1.00,1.00
2015.08.27 13:16:53.898,1.57468,1.57476,1.00,1.12
2015.08.27 13:16:54.636,1.57471,1.57477,1.00,1.12
2015.08.27 13:16:55.343,1.57467,1.57477,1.00,1.37
2015.08.27 13:16:56.070,1.57471,1.57479,1.00,1.87
2015.08.27 13:16:58.350,1.57472,1.57482,1.00,1.85
2015.08.27 13:16:58.401,1.57472,1.57482,1.00,1.50
2015.08.27 13:16:58.842,1.57475,1.57482,1.00,1.50
2015.08.27 13:17:00.351,1.57471,1.57481,1.00,1.50
2015.08.27 13:17:00.453,1.57471,1.57477,1.00,1.00
2015.08.27 13:17:00.990,1.5747,1.57476,1.00,1.12
2015.08.27 13:17:03.150,1.57471,1.57479,1.00,1.12
2015.08.27 13:17:03.665,1.57471,1.57483,1.00,1.57
2015.08.27 13:17:04.422,1.57473,1.5748,1.00,1.10
2015.08.27 13:17:04.675,1.57475,1.57484,1.00,1.90
2015.08.27 13:17:04.727,1.57476,1.57484,1.00,1.52
2015.08.27 13:17:04.779,1.57476,1.57484,1.00,1.27
2015.08.27 13:17:04.882,1.57471,1.57484,1.00,2.02
2015.08.27 13:17:06.529,1.57476,1.57484,1.00,1.20
2015.08.27 13:17:06.843,1.57477,1.57488,1.00,1.12
2015.08.27 13:17:06.894,1.57477,1.57486,1.00,1.00
2015.08.27 13:17:07.199,1.57476,1.57483,1.00,1.57
2015.08.27 13:17:07.706,1.57476,1.57483,1.00,2.02
2015.08.27 13:17:07.968,1.57456,1.57462,1.00,1.35
2015.08.27 13:17:08.071,1.57454,1.57461,1.00,1.00
2015.08.27 13:17:08.173,1.57461,1.57469,1.00,1.20
2015.08.27 13:17:08.276,1.57465,1.57476,1.00,1.95
2015.08.27 13:17:08.377,1.57465,1.57477,1.00,1.52
2015.08.27 13:17:08.429,1.57465,1.57471,1.00,1.00
2015.08.27 13:17:08.530,1.57465,1.57473,1.00,1.00
2015.08.27 13:17:08.784,1.57465,1.57472,1.00,1.37
2015.08.27 13:17:08.984,1.5746,1.57474,1.00,1.85
2015.08.27 13:17:09.138,1.57456,1.57472,1.00,1.37
2015.08.27 13:17:09.190,1.57456,1.57466,1.00,1.37
2015.08.27 13:17:09.496,1.57456,1.57465,1.00,1.12
2015.08.27 13:17:13.264,1.57452,1.57462,1.00,1.12
2015.08.27 13:17:13.518,1.57452,1.57462,1.00,1.12
2015.08.27 13:17:13.743,1.5746,1.57464,1.00,1.00
2015.08.27 13:17:13.897,1.57466,1.57474,1.00,1.37
2015.08.27 13:17:13.949,1.57466,1.57474,1.00,1.00
2015.08.27 13:17:14.000,1.57466,1.5748,1.00,2.32
2015.08.27 13:17:14.204,1.57466,1.57481,1.00,1.00
2015.08.27 13:17:14.407,1.57471,1.57483,1.00,2.25
2015.08.27 13:17:14.913,1.57473,1.57481,1.00,1.30
2015.08.27 13:17:16.404,1.57478,1.57485,1.00,1.00
2015.08.27 13:17:16.457,1.57479,1.57485,1.00,1.00
2015.08.27 13:17:17.018,1.57479,1.57489,1.00,1.35
2015.08.27 13:17:17.069,1.57481,1.5749,1.00,1.60
2015.08.27 13:17:17.273,1.57482,1.5749,1.00,1.00
2015.08.27 13:17:17.680,1.57475,1.57489,1.00,2.85
2015.08.27 13:17:17.783,1.57473,1.57482,1.00,2.47
2015.08.27 13:17:17.988,1.57471,1.5748,1.00,1.30
2015.08.27 13:17:18.195,1.57471,1.57477,1.00,1.00
2015.08.27 13:17:18.704,1.57471,1.57476,1.00,1.00
2015.08.27 13:17:18.806,1.57471,1.57479,1.00,1.37
2015.08.27 13:17:19.004,1.57471,1.57476,1.00,1.00
2015.08.27 13:17:19.239,1.57471,1.57478,1.00,1.00
2015.08.27 13:17:19.391,1.57471,1.57479,1.00,1.75
2015.08.27 13:17:21.200,1.57465,1.57476,1.00,1.37
2015.08.27 13:17:21.302,1.57465,1.57473,1.00,1.00
2015.08.27 13:17:21.405,1.57465,1.57475,1.00,1.12
2015.08.27 13:17:21.586,1.57468,1.57475,1.00,1.50
2015.08.27 13:17:25.346,1.57459,1.57472,1.00,2.10
2015.08.27 13:17:25.621,1.57456,1.57469,1.00,1.37
2015.08.27 13:17:26.133,1.57456,1.57464,1.00,1.72
2015.08.27 13:17:26.439,1.57459,1.57464,1.00,1.00
2015.08.27 13:17:26.490,1.57459,1.57468,1.00,2.02
2015.08.27 13:17:26.874,1.57464,1.57469,1.00,1.00
2015.08.27 13:17:27.028,1.57464,1.57473,1.00,1.75
2015.08.27 13:17:27.231,1.57466,1.57474,1.00,1.12
2015.08.27 13:17:27.587,1.57465,1.57476,1.00,1.12
2015.08.27 13:17:27.787,1.57468,1.57477,1.00,1.85
2015.08.27 13:17:27.838,1.5747,1.57477,1.00,1.37
2015.08.27 13:17:27.889,1.5747,1.57477,1.00,1.00
2015.08.27 13:17:28.876,1.57466,1.5748,1.00,1.85
2015.08.27 13:17:29.298,1.57458,1.57477,1.00,1.00
2015.08.27 13:17:29.349,1.57463,1.57477,1.00,1.00
2015.08.27 13:17:29.656,1.57468,1.57477,1.00,1.00
2015.08.27 13:17:31.661,1.57463,1.57477,1.00,2.05
2015.08.27 13:17:31.864,1.5746,1.57472,1.00,1.37
2015.08.27 13:17:32.372,1.5746,1.5747,1.00,1.12
2015.08.27 13:17:33.879,1.5746,1.57472,1.00,1.37
2015.08.27 13:17:33.981,1.57459,1.5747,1.00,1.67
2015.08.27 13:17:34.288,1.57454,1.57464,1.00,1.00
2015.08.27 13:17:34.541,1.57454,1.57462,1.00,1.00
2015.08.27 13:17:35.474,1.57453,1.57462,1.00,1.00
2015.08.27 13:17:35.576,1.57451,1.57464,1.00,1.47
2015.08.27 13:17:35.627,1.57453,1.57467,1.00,1.20
2015.08.27 13:17:35.678,1.57451,1.57464,1.00,1.00
2015.08.27 13:17:35.730,1.57457,1.5747,1.00,3.37
2015.08.27 13:17:36.073,1.57452,1.57462,1.00,1.15
2015.08.27 13:17:36.327,1.57455,1.57468,1.00,1.15
2015.08.27 13:17:36.744,1.57455,1.57468,1.00,1.10
2015.08.27 13:17:36.795,1.57461,1.57468,1.00,1.10
2015.08.27 13:17:37.405,1.57461,1.57472,1.00,1.95
2015.08.27 13:17:38.644,1.57454,1.57471,1.00,1.17
2015.08.27 13:17:38.696,1.57458,1.57471,1.00,2.25
2015.08.27 13:17:39.044,1.5746,1.57469,1.00,1.17
2015.08.27 13:17:39.197,1.5746,1.57471,1.00,1.17
2015.08.27 13:17:39.808,1.57458,1.57472,1.00,1.27
2015.08.27 13:17:39.859,1.57454,1.57469,1.00,2.47
2015.08.27 13:17:40.201,1.5745,1.57455,1.00,1.00
2015.08.27 13:17:40.303,1.57448,1.57455,1.00,1.00
2015.08.27 13:17:41.401,1.57447,1.57455,1.00,1.37
2015.08.27 13:17:41.908,1.57449,1.57455,1.00,1.00
2015.08.27 13:17:42.061,1.57451,1.5746,1.00,1.52
2015.08.27 13:17:42.573,1.57452,1.5746,1.00,1.47
2015.08.27 13:17:43.232,1.57444,1.5746,1.00,1.20
2015.08.27 13:17:43.403,1.57449,1.5746,1.00,1.20
2015.08.27 13:17:43.608,1.57449,1.57466,1.00,1.45
2015.08.27 13:17:43.711,1.57452,1.57466,1.00,1.37
2015.08.27 13:17:43.762,1.57452,1.57466,1.00,1.00
2015.08.27 13:17:43.915,1.57452,1.57471,1.00,1.47
2015.08.27 13:17:44.568,1.57459,1.57473,1.00,2.02
2015.08.27 13:17:44.824,1.57462,1.5748,1.00,1.15
2015.08.27 13:17:44.877,1.57464,1.5748,1.00,1.15
2015.08.27 13:17:45.183,1.5747,1.57482,1.00,1.07
2015.08.27 13:17:45.285,1.5747,1.57489,1.00,1.98
2015.08.27 13:17:45.473,1.57474,1.57491,1.00,1.20
2015.08.27 13:17:45.678,1.57477,1.57492,1.00,1.10
2015.08.27 13:17:45.781,1.57479,1.57496,1.00,1.65
2015.08.27 13:17:46.788,1.57479,1.57496,1.00,1.10
2015.08.27 13:17:48.131,1.57483,1.57499,1.00,1.57
2015.08.27 13:17:48.436,1.57485,1.57499,1.00,1.17
2015.08.27 13:17:48.538,1.57485,1.57502,1.00,1.27
2015.08.27 13:17:49.047,1.57485,1.57504,1.00,1.20
2015.08.27 13:17:49.099,1.57485,1.57504,1.00,1.27
2015.08.27 13:17:49.610,1.57488,1.57504,1.00,1.17
2015.08.27 13:17:49.916,1.57516,1.57526,1.00,1.10
2015.08.27 13:17:50.019,1.57522,1.57529,1.00,1.12
2015.08.27 13:17:50.143,1.57522,1.57533,1.00,1.87
2015.08.27 13:17:50.200,1.57517,1.57538,1.00,1.27
2015.08.27 13:17:50.405,1.57524,1.57539,1.00,1.72
2015.08.27 13:17:50.456,1.57519,1.57539,1.00,1.72
2015.08.27 13:17:50.660,1.57514,1.57536,1.00,1.45
2015.08.27 13:17:52.478,1.57514,1.57533,1.00,1.00
2015.08.27 13:17:52.987,1.57514,1.57535,1.00,1.52
2015.08.27 13:17:53.509,1.57514,1.57535,1.00,1.52
2015.08.27 13:17:54.630,1.57514,1.57534,1.00,1.45
2015.08.27 13:17:54.681,1.57514,1.57534,1.00,2.47
2015.08.27 13:17:54.733,1.5751,1.57533,1.00,1.87
2015.08.27 13:17:54.888,1.5751,1.57529,1.00,1.75
2015.08.27 13:17:55.396,1.5751,1.57529,1.00,2.92
2015.08.27 13:17:55.917,1.5751,1.57525,1.00,1.00
2015.08.27 13:17:56.222,1.5751,1.57526,1.00,1.75
2015.08.27 13:17:56.528,1.5751,1.57525,1.00,1.37
2015.08.27 13:17:57.126,1.5751,1.57525,1.00,1.12
2015.08.27 13:17:59.715,1.57505,1.57524,1.00,1.75
2015.08.27 13:17:59.818,1.575,1.57522,1.00,1.80
2015.08.27 13:18:00.124,1.575,1.57518,1.00,1.57
2015.08.27 13:18:00.175,1.57497,1.57518,1.00,2.32
2015.08.27 13:18:00.390,1.57501,1.57518,1.00,2.32
2015.08.27 13:18:00.441,1.57501,1.57519,1.00,1.20
2015.08.27 13:18:00.544,1.57504,1.5752,1.00,1.12
2015.08.27 13:18:00.647,1.57504,1.57522,1.00,1.87
2015.08.27 13:18:00.750,1.57501,1.57523,1.00,1.57
2015.08.27 13:18:01.258,1.57501,1.57522,1.00,1.50
2015.08.27 13:18:01.951,1.57501,1.57521,1.00,1.95
2015.08.27 13:18:04.825,1.57501,1.57521,1.00,1.50
2015.08.27 13:18:05.500,1.57501,1.57517,1.00,1.12
2015.08.27 13:18:06.028,1.57501,1.57518,1.00,1.12
2015.08.27 13:18:06.628,1.57498,1.57518,1.00,1.12
2015.08.27 13:18:07.140,1.57498,1.57518,1.00,1.57
2015.08.27 13:18:07.800,1.57502,1.57519,1.00,1.12
2015.08.27 13:18:08.123,1.57511,1.57533,1.00,1.20
2015.08.27 13:18:08.175,1.57515,1.57533,1.00,1.20
2015.08.27 13:18:08.380,1.57515,1.57537,1.00,1.57
2015.08.27 13:18:08.431,1.57515,1.57537,1.00,1.20
2015.08.27 13:18:09.049,1.57511,1.57536,1.00,1.82
2015.08.27 13:18:09.354,1.57515,1.57532,1.00,1.12
2015.08.27 13:18:10.105,1.57515,1.57533,1.00,1.75
2015.08.27 13:18:12.982,1.57509,1.57532,1.00,1.12
2015.08.27 13:18:13.287,1.57509,1.57529,1.00,1.15
2015.08.27 13:18:13.871,1.57508,1.57529,1.00,1.50
2015.08.27 13:18:13.923,1.57505,1.57529,1.00,1.87
2015.08.27 13:18:13.974,1.57505,1.57525,1.00,1.00
2015.08.27 13:18:14.281,1.57508,1.57529,1.00,1.75
2015.08.27 13:18:14.685,1.57508,1.5753,1.00,1.47
2015.08.27 13:18:14.787,1.57508,1.57529,1.00,1.12
2015.08.27 13:18:14.990,1.57508,1.5753,1.00,1.20
2015.08.27 13:18:15.194,1.5751,1.57532,1.00,2.02
2015.08.27 13:18:16.049,1.57508,1.57529,1.00,1.12
2015.08.27 13:18:16.100,1.57508,1.57529,1.00,1.37
2015.08.27 13:18:16.304,1.57508,1.57529,1.00,1.12
2015.08.27 13:18:16.819,1.57509,1.57531,1.00,1.65
2015.08.27 13:18:17.176,1.57509,1.57528,1.00,1.50
2015.08.27 13:18:17.688,1.57505,1.57529,1.00,2.25
2015.08.27 13:18:17.739,1.57508,1.57529,1.00,2.25
2015.08.27 13:18:18.084,1.57495,1.57514,1.75,1.00
2015.08.27 13:18:18.136,1.57495,1.57514,1.00,1.10
2015.08.27 13:18:18.899,1.57497,1.57517,1.00,2.02
2015.08.27 13:18:19.001,1.57497,1.57519,1.00,1.95
2015.08.27 13:18:19.256,1.57497,1.57519,1.00,1.52
2015.08.27 13:18:19.716,1.57502,1.5752,1.00,1.27
2015.08.27 13:18:19.970,1.5751,1.57527,1.00,1.10
2015.08.27 13:18:20.072,1.5751,1.57532,1.00,1.27
2015.08.27 13:18:20.298,1.57508,1.57532,1.00,1.75
2015.08.27 13:18:20.604,1.57508,1.5753,1.00,1.75
2015.08.27 13:18:20.909,1.57504,1.5753,1.00,2.32
2015.08.27 13:18:21.062,1.57504,1.57526,1.00,1.50
2015.08.27 13:18:21.375,1.57504,1.57523,1.00,1.00
2015.08.27 13:18:21.701,1.57505,1.57528,1.00,2.62
2015.08.27 13:18:21.753,1.57508,1.57525,1.00,1.10
2015.08.27 13:18:22.058,1.57508,1.57528,1.00,1.00
2015.08.27 13:18:22.552,1.57506,1.57526,1.00,1.00
2015.08.27 13:18:23.064,1.57509,1.57528,1.00,1.37
2015.08.27 13:18:23.115,1.57509,1.57528,1.00,1.00
2015.08.27 13:18:23.887,1.57509,1.5753,1.00,1.12
2015.08.27 13:18:24.396,1.57509,1.57527,1.00,1.37
2015.08.27 13:18:24.737,1.57511,1.5753,1.00,1.87
2015.08.27 13:18:25.196,1.57511,1.57533,1.00,1.57
2015.08.27 13:18:25.930,1.57514,1.57533,1.00,1.57
2015.08.27 13:18:26.467,1.5752,1.57533,1.00,1.57
2015.08.27 13:18:26.619,1.57518,1.57533,1.00,1.20
2015.08.27 13:18:26.826,1.57518,1.57536,1.00,1.12
2015.08.27 13:18:26.877,1.57522,1.57536,1.00,1.12
2015.08.27 13:18:26.979,1.57522,1.57539,1.00,2.25
2015.08.27 13:18:27.676,1.57522,1.5754,1.00,1.95
2015.08.27 13:18:27.727,1.57522,1.5754,1.00,1.52
2015.08.27 13:18:28.930,1.57522,1.57542,1.00,2.32
2015.08.27 13:18:29.476,1.57524,1.57542,1.00,1.57
2015.08.27 13:18:29.794,1.57522,1.57542,1.50,1.57
2015.08.27 13:18:30.398,1.57525,1.57542,1.00,1.37
2015.08.27 13:18:31.102,1.57528,1.57542,1.00,1.37
2015.08.27 13:18:31.153,1.57528,1.57542,1.00,1.00
2015.08.27 13:18:32.106,1.57533,1.57542,1.00,1.00
2015.08.27 13:18:32.158,1.57529,1.57542,1.00,1.00
2015.08.27 13:18:34.853,1.57531,1.57542,1.00,1.10
2015.08.27 13:18:35.158,1.57528,1.57541,1.00,1.12
2015.08.27 13:18:35.260,1.57528,1.57541,1.00,1.37
2015.08.27 13:18:35.412,1.57526,1.57541,1.00,1.50
2015.08.27 13:18:36.854,1.57527,1.57541,1.00,1.57
2015.08.27 13:18:37.007,1.57523,1.57541,1.00,1.57
2015.08.27 13:18:37.058,1.57523,1.57537,1.00,1.37
2015.08.27 13:18:37.436,1.57523,1.57535,1.00,1.47
2015.08.27 13:18:37.487,1.5752,1.57532,1.00,1.12
2015.08.27 13:18:37.691,1.5752,1.5753,1.00,1.00
2015.08.27 13:18:37.793,1.5752,1.57533,1.00,1.00
2015.08.27 13:18:37.945,1.5752,1.57535,1.00,1.00
2015.08.27 13:18:38.048,1.57523,1.57535,1.00,1.00
2015.08.27 13:18:38.729,1.57523,1.57538,1.00,1.92
2015.08.27 13:18:39.034,1.57523,1.57537,1.00,1.95
2015.08.27 13:18:43.072,1.57523,1.57536,1.00,1.20
2015.08.27 13:18:43.596,1.57522,1.57536,1.00,1.50
2015.08.27 13:18:43.698,1.57523,1.57537,1.00,1.65
2015.08.27 13:18:44.209,1.57523,1.57538,1.00,1.75
2015.08.27 13:18:44.718,1.57522,1.57536,1.00,1.37
2015.08.27 13:18:45.483,1.57522,1.57537,1.00,1.17
2015.08.27 13:18:46.623,1.57522,1.57538,1.00,1.52
2015.08.27 13:18:47.284,1.57524,1.57538,1.00,1.17
2015.08.27 13:18:47.796,1.57524,1.57538,1.00,1.00
2015.08.27 13:18:48.528,1.57527,1.57538,1.00,1.00
2015.08.27 13:18:48.834,1.5753,1.57545,1.00,2.32
2015.08.27 13:18:49.387,1.57527,1.57542,1.00,1.07
2015.08.27 13:18:49.794,1.57524,1.57542,1.00,1.45
2015.08.27 13:18:49.896,1.57524,1.57539,1.00,1.37
2015.08.27 13:18:50.854,1.57528,1.5754,1.00,1.57
2015.08.27 13:18:50.905,1.57528,1.5754,1.00,1.20
2015.08.27 13:18:51.430,1.57528,1.57542,1.00,1.27
2015.08.27 13:18:51.988,1.57529,1.57544,1.00,1.57
2015.08.27 13:18:52.090,1.57534,1.57544,1.00,1.20
2015.08.27 13:18:52.141,1.57534,1.57547,1.00,1.37
2015.08.27 13:18:52.341,1.57534,1.57551,1.00,1.20
2015.08.27 13:18:52.393,1.57536,1.57551,1.00,1.00
2015.08.27 13:18:52.496,1.57536,1.57554,1.00,1.57
2015.08.27 13:18:52.752,1.57536,1.57556,1.00,1.57
2015.08.27 13:18:52.804,1.5754,1.57557,1.00,1.92
2015.08.27 13:18:53.109,1.5754,1.57553,1.00,1.00
2015.08.27 13:18:53.358,1.57543,1.57558,1.00,2.02
2015.08.27 13:18:53.410,1.57543,1.57558,1.00,1.65
2015.08.27 13:18:53.815,1.5754,1.57558,1.00,1.65
2015.08.27 13:18:53.918,1.5754,1.57556,1.00,1.37
2015.08.27 13:18:53.969,1.57536,1.57556,1.00,1.45
2015.08.27 13:18:54.716,1.57536,1.57555,1.00,1.20
2015.08.27 13:18:55.224,1.57536,1.57556,1.00,1.57
2015.08.27 13:18:57.137,1.57536,1.57553,1.00,1.37
2015.08.27 13:18:58.326,1.57536,1.57553,1.00,1.87
2015.08.27 13:18:58.599,1.57536,1.57551,1.00,1.37
2015.08.27 13:18:58.701,1.57533,1.57551,1.00,1.37
2015.08.27 13:18:58.803,1.57533,1.57551,1.00,1.07
2015.08.27 13:18:58.854,1.57531,1.57551,1.00,1.65
2015.08.27 13:18:58.956,1.57531,1.57549,1.00,1.17
2015.08.27 13:18:59.109,1.57531,1.5755,1.00,1.20
2015.08.27 13:18:59.464,1.57536,1.57549,1.00,1.00
2015.08.27 13:18:59.750,1.57536,1.57554,1.00,1.15
2015.08.27 13:18:59.902,1.57536,1.57554,1.00,1.95
2015.08.27 13:19:00.258,1.57536,1.57547,1.00,1.00
2015.08.27 13:19:00.512,1.57532,1.57547,1.00,1.00
2015.08.27 13:19:00.902,1.57532,1.57549,1.00,1.10
2015.08.27 13:19:01.207,1.57532,1.57546,1.00,1.00
2015.08.27 13:19:01.309,1.57529,1.5755,1.00,1.57
2015.08.27 13:19:02.178,1.57532,1.57548,1.00,1.65
2015.08.27 13:19:02.330,1.57532,1.57548,1.00,1.20
2015.08.27 13:19:02.788,1.57532,1.57548,1.00,1.07
2015.08.27 13:19:03.426,1.57532,1.57548,1.00,1.20
2015.08.27 13:19:03.635,1.5753,1.57547,1.00,1.15
2015.08.27 13:19:03.686,1.5753,1.57547,1.00,1.87
2015.08.27 13:19:05.933,1.57526,1.57544,1.00,1.27
2015.08.27 13:19:06.069,1.57521,1.57543,1.87,1.07
2015.08.27 13:19:06.123,1.57521,1.57537,1.50,1.00
2015.08.27 13:19:06.224,1.57517,1.57534,1.00,1.00
2015.08.27 13:19:06.276,1.57517,1.57534,1.00,1.37
2015.08.27 13:19:06.580,1.57517,1.57529,1.00,1.00
2015.08.27 13:19:06.631,1.57514,1.57529,1.00,1.00
2015.08.27 13:19:06.986,1.57517,1.57529,1.00,1.00
2015.08.27 13:19:07.139,1.57517,1.57536,1.00,1.07
2015.08.27 13:19:07.392,1.57522,1.57536,1.00,1.07
2015.08.27 13:19:07.858,1.57518,1.57536,1.00,1.07
2015.08.27 13:19:09.064,1.57518,1.57531,1.00,1.00
2015.08.27 13:19:09.115,1.57518,1.57536,1.00,1.07
2015.08.27 13:19:10.427,1.57518,1.57531,1.00,1.00
2015.08.27 13:19:10.580,1.57518,1.57533,1.00,1.00
2015.08.27 13:19:10.683,1.57518,1.57536,1.12,1.07
2015.08.27 13:19:11.242,1.57518,1.57536,1.00,1.20
2015.08.27 13:19:11.667,1.57525,1.57535,1.00,1.10
2015.08.27 13:19:11.821,1.57526,1.57537,1.00,1.10
2015.08.27 13:19:11.976,1.57529,1.5754,1.00,1.00
2015.08.27 13:19:12.285,1.57537,1.57545,1.00,1.00
2015.08.27 13:19:12.336,1.57537,1.57547,1.00,1.00
2015.08.27 13:19:12.496,1.57537,1.57553,1.00,1.12
2015.08.27 13:19:12.649,1.57533,1.57553,1.00,1.12
2015.08.27 13:19:13.056,1.57533,1.5755,1.00,1.00
2015.08.27 13:19:13.518,1.57531,1.57552,1.00,1.07
2015.08.27 13:19:13.672,1.57531,1.57551,1.00,1.20
2015.08.27 13:19:14.181,1.57531,1.57548,1.00,1.00
2015.08.27 13:19:14.351,1.57527,1.57548,1.37,1.00
2015.08.27 13:19:14.404,1.57524,1.57545,1.12,1.00
2015.08.27 13:19:14.591,1.57515,1.57535,1.00,1.00
2015.08.27 13:19:14.642,1.57513,1.57533,1.50,1.07
2015.08.27 13:19:14.796,1.5751,1.57533,1.00,1.50
2015.08.27 13:19:15.152,1.5751,1.57527,1.00,1.00
2015.08.27 13:19:15.457,1.5751,1.57525,1.00,1.10
2015.08.27 13:19:15.668,1.57508,1.57525,1.00,1.10
2015.08.27 13:19:15.769,1.57508,1.57521,1.00,1.00
2015.08.27 13:19:16.378,1.57506,1.57521,1.00,1.00
2015.08.27 13:19:17.567,1.57507,1.57521,1.00,1.00
2015.08.27 13:19:17.618,1.57507,1.57524,1.00,1.10
2015.08.27 13:19:18.167,1.57507,1.57524,1.00,1.17
2015.08.27 13:19:18.591,1.5751,1.57524,1.00,1.15
2015.08.27 13:19:19.099,1.5751,1.57527,1.00,1.95
2015.08.27 13:19:19.302,1.57506,1.57526,1.00,1.35
2015.08.27 13:19:19.575,1.57503,1.57523,1.00,1.10
2015.08.27 13:19:20.612,1.57503,1.57526,1.37,1.20
2015.08.27 13:19:22.028,1.57503,1.57524,1.37,1.20
2015.08.27 13:19:22.181,1.57503,1.57526,1.37,1.00
2015.08.27 13:19:23.049,1.57506,1.57526,1.00,1.00
2015.08.27 13:19:24.451,1.57506,1.57526,1.37,1.00
2015.08.27 13:19:24.813,1.57506,1.57528,1.50,1.80
2015.08.27 13:19:25.017,1.57508,1.5753,1.00,1.00
2015.08.27 13:19:25.069,1.57508,1.57527,1.00,1.00
2015.08.27 13:19:25.578,1.57508,1.57529,1.00,1.10
2015.08.27 13:19:25.629,1.57505,1.57529,1.12,1.10
2015.08.27 13:19:25.885,1.57505,1.57526,1.12,1.12
2015.08.27 13:19:26.341,1.57505,1.57524,1.00,1.00
2015.08.27 13:19:26.548,1.57501,1.57524,1.37,1.00
2015.08.27 13:19:26.650,1.57499,1.57524,1.00,1.00
2015.08.27 13:19:26.752,1.57499,1.57521,1.00,1.00
2015.08.27 13:19:27.205,1.57501,1.57522,1.00,1.50
2015.08.27 13:19:27.357,1.57501,1.57526,1.00,2.02
2015.08.27 13:19:27.509,1.57501,1.57522,1.00,1.00
2015.08.27 13:19:28.017,1.57501,1.57522,1.37,1.00
2015.08.27 13:19:28.600,1.57501,1.57522,1.00,1.37
2015.08.27 13:19:29.109,1.57501,1.57522,1.12,1.00
2015.08.27 13:19:29.649,1.57501,1.57521,1.12,1.00
2015.08.27 13:19:30.308,1.57501,1.57521,1.37,1.00
2015.08.27 13:19:30.612,1.57501,1.57521,1.37,1.00
2015.08.27 13:19:30.663,1.57501,1.57524,1.37,1.57
2015.08.27 13:19:31.210,1.57501,1.57521,1.37,1.00
2015.08.27 13:19:31.727,1.57501,1.57521,1.37,1.00
2015.08.27 13:19:31.931,1.57505,1.57524,1.00,1.00
2015.08.27 13:19:32.125,1.57505,1.57527,1.00,1.20
2015.08.27 13:19:32.481,1.57502,1.57524,1.37,1.00
2015.08.27 13:19:32.532,1.57502,1.57525,1.00,1.00
2015.08.27 13:19:32.685,1.57502,1.57523,1.00,1.10
2015.08.27 13:19:34.049,1.57502,1.57523,1.00,1.50
2015.08.27 13:19:34.354,1.57502,1.57523,1.37,1.50
2015.08.27 13:19:34.683,1.57507,1.57523,1.37,1.20
2015.08.27 13:19:34.888,1.57507,1.57527,1.37,1.87
2015.08.27 13:19:34.939,1.57507,1.57528,1.12,2.32
2015.08.27 13:19:35.553,1.57507,1.57527,1.37,1.57
2015.08.27 13:19:36.098,1.57507,1.57527,1.37,1.57
2015.08.27 13:19:36.708,1.57507,1.57527,1.37,1.57
2015.08.27 13:19:37.152,1.57507,1.57527,1.12,1.57
2015.08.27 13:19:37.204,1.57509,1.57525,1.00,1.07
2015.08.27 13:19:37.407,1.57513,1.57533,1.00,1.90
2015.08.27 13:19:37.458,1.57514,1.57533,1.00,1.00
2015.08.27 13:19:37.560,1.57514,1.57536,1.00,1.65
2015.08.27 13:19:37.856,1.57514,1.57535,1.60,1.00
2015.08.27 13:19:38.009,1.57517,1.57541,1.00,1.55
2015.08.27 13:19:38.060,1.57516,1.57535,1.00,2.10
2015.08.27 13:19:38.162,1.57513,1.57531,1.00,1.35
2015.08.27 13:19:38.316,1.57509,1.57533,1.00,1.97
2015.08.27 13:19:38.941,1.57509,1.57532,1.12,1.80
2015.08.27 13:19:39.094,1.57509,1.57531,1.37,1.00
2015.08.27 13:19:39.551,1.57511,1.57532,1.37,1.20
2015.08.27 13:19:39.653,1.57511,1.57535,1.37,1.27
2015.08.27 13:19:40.190,1.57515,1.57538,1.00,1.12
2015.08.27 13:19:42.131,1.57512,1.57535,1.37,1.20
2015.08.27 13:19:42.182,1.57512,1.57535,1.12,1.20
2015.08.27 13:19:42.390,1.57512,1.57535,1.37,1.57
2015.08.27 13:19:42.656,1.57512,1.57535,1.12,1.57
2015.08.27 13:19:42.758,1.57515,1.57535,1.12,1.57
2015.08.27 13:19:43.463,1.57512,1.57534,1.37,1.20
2015.08.27 13:19:44.385,1.57512,1.57534,1.12,1.12
2015.08.27 13:19:44.893,1.57512,1.57534,1.12,1.27
2015.08.27 13:19:45.441,1.57512,1.57534,1.37,1.27
2015.08.27 13:19:45.950,1.57512,1.57534,1.37,1.15
2015.08.27 13:19:46.495,1.57511,1.57534,1.37,1.15
2015.08.27 13:19:46.597,1.57511,1.57533,1.50,1.15
2015.08.27 13:19:46.698,1.57511,1.57534,1.00,2.62
2015.08.27 13:19:47.449,1.57511,1.57533,1.00,1.20
2015.08.27 13:19:47.956,1.57511,1.57532,1.37,1.75
2015.08.27 13:19:48.574,1.57511,1.57534,1.37,3.37
2015.08.27 13:19:49.106,1.57511,1.57534,1.37,2.62
2015.08.27 13:19:49.309,1.57508,1.57532,1.00,1.57
2015.08.27 13:19:49.411,1.57505,1.57532,2.25,3.00
2015.08.27 13:19:49.699,1.57504,1.57526,1.37,1.52
2015.08.27 13:19:49.801,1.575,1.57523,1.37,1.00
2015.08.27 13:19:49.955,1.575,1.57519,1.37,1.00
2015.08.27 13:19:50.209,1.575,1.57519,1.37,1.17
2015.08.27 13:19:50.413,1.575,1.57519,1.37,1.17
2015.08.27 13:19:50.726,1.57499,1.57523,1.00,1.57
2015.08.27 13:19:50.778,1.57499,1.57523,1.00,1.17
2015.08.27 13:19:50.881,1.57499,1.57523,1.00,1.00
2015.08.27 13:19:51.134,1.57499,1.57522,1.50,1.57
2015.08.27 13:19:51.439,1.57501,1.57522,1.00,1.65
2015.08.27 13:19:51.491,1.57501,1.57522,1.00,1.15
2015.08.27 13:19:51.659,1.57504,1.57526,1.00,1.20
2015.08.27 13:19:52.373,1.57502,1.57526,1.00,1.12
2015.08.27 13:19:52.577,1.57503,1.57521,1.00,1.00
2015.08.27 13:19:52.719,1.57499,1.57521,1.00,1.10
2015.08.27 13:19:52.773,1.57499,1.57519,1.00,1.00
2015.08.27 13:19:53.283,1.57499,1.57519,1.00,1.17
2015.08.27 13:19:53.948,1.57498,1.57519,1.37,1.17
2015.08.27 13:19:54.407,1.57497,1.57519,1.12,1.17
2015.08.27 13:19:54.559,1.575,1.5752,1.37,1.52
2015.08.27 13:19:54.872,1.57502,1.57523,1.37,1.37
2015.08.27 13:19:54.923,1.575,1.57522,1.00,1.00
2015.08.27 13:19:55.126,1.57499,1.57518,1.37,1.00
2015.08.27 13:19:55.228,1.57499,1.57518,1.00,1.00
2015.08.27 13:19:55.280,1.57499,1.57522,1.12,1.10
2015.08.27 13:19:55.381,1.57496,1.57522,1.50,1.20
2015.08.27 13:19:55.585,1.57496,1.57522,1.50,1.17
2015.08.27 13:19:55.907,1.57503,1.57522,1.00,1.07
2015.08.27 13:19:55.961,1.575,1.57522,1.00,1.00
2015.08.27 13:19:56.215,1.57497,1.57522,1.00,1.00
2015.08.27 13:19:56.571,1.57497,1.5752,1.00,1.30
2015.08.27 13:19:57.084,1.57497,1.57521,1.00,1.57
2015.08.27 13:19:57.413,1.57497,1.57521,1.37,1.57
2015.08.27 13:19:58.119,1.57497,1.57521,1.50,1.57
2015.08.27 13:19:58.424,1.57497,1.57518,1.50,1.00
2015.08.27 13:19:59.405,1.57494,1.57518,1.75,1.00
2015.08.27 13:19:59.954,1.57494,1.57517,1.75,1.27
2015.08.27 13:20:00.157,1.57491,1.57516,1.50,1.30
2015.08.27 13:20:00.209,1.57491,1.57515,1.50,1.57
2015.08.27 13:20:00.538,1.57496,1.57515,1.00,1.37
2015.08.27 13:20:00.589,1.57499,1.57516,1.00,1.00
2015.08.27 13:20:00.691,1.57499,1.5752,1.00,1.00
2015.08.27 13:20:01.308,1.57499,1.57522,1.00,1.07
2015.08.27 13:20:01.415,1.57499,1.57522,1.37,1.07
2015.08.27 13:20:01.723,1.575,1.57521,1.35,1.00
2015.08.27 13:20:01.774,1.575,1.57523,1.35,1.12
2015.08.27 13:20:02.385,1.57502,1.57523,1.97,1.00
2015.08.27 13:20:03.432,1.57502,1.57525,1.97,1.00
2015.08.27 13:20:04.239,1.57502,1.57525,1.97,1.00
2015.08.27 13:20:04.545,1.57499,1.57524,1.72,1.00
2015.08.27 13:20:04.597,1.57499,1.57521,1.67,1.00
2015.08.27 13:20:05.297,1.57502,1.57526,1.00,1.57
2015.08.27 13:20:05.754,1.57499,1.57523,1.10,1.00
2015.08.27 13:20:05.910,1.57499,1.57523,1.00,1.37
2015.08.27 13:20:06.216,1.57495,1.5752,1.95,1.12
2015.08.27 13:20:06.268,1.57495,1.5752,1.57,1.12
2015.08.27 13:20:06.471,1.57495,1.5752,1.75,1.12
2015.08.27 13:20:06.574,1.57495,1.5752,1.37,1.50
2015.08.27 13:20:07.983,1.57495,1.57518,1.37,1.12
2015.08.27 13:20:09.779,1.57495,1.57518,1.37,1.12
2015.08.27 13:20:09.881,1.57495,1.57518,1.50,1.12
2015.08.27 13:20:10.481,1.57492,1.57518,1.75,1.87
2015.08.27 13:20:10.785,1.5749,1.57514,1.50,1.50
2015.08.27 13:20:11.766,1.5749,1.57514,1.37,1.50
2015.08.27 13:20:11.970,1.5749,1.57514,1.37,1.50
2015.08.27 13:20:12.122,1.57487,1.57512,1.87,1.57
2015.08.27 13:20:12.638,1.57487,1.57509,1.37,1.50
2015.08.27 13:20:13.463,1.57487,1.57509,1.37,1.50
2015.08.27 13:20:15.777,1.57487,1.57508,1.37,1.00
2015.08.27 13:20:16.403,1.57487,1.57508,1.37,1.00
2015.08.27 13:20:16.686,1.57481,1.57504,1.50,1.30
2015.08.27 13:20:16.738,1.57481,1.57501,1.50,1.00
2015.08.27 13:20:17.059,1.57479,1.57498,1.00,1.00
2015.08.27 13:20:17.367,1.57482,1.57504,1.60,1.85
2015.08.27 13:20:17.470,1.57489,1.57506,1.35,1.10
2015.08.27 13:20:17.573,1.57489,1.5751,1.60,1.20
2015.08.27 13:20:17.624,1.57489,1.57509,1.60,1.00
2015.08.27 13:20:17.777,1.57489,1.57512,1.00,1.27
2015.08.27 13:20:17.828,1.57489,1.57512,1.00,1.10
2015.08.27 13:20:18.130,1.57485,1.57512,2.10,1.10
2015.08.27 13:20:18.282,1.57485,1.57512,1.50,1.47
2015.08.27 13:20:18.435,1.57485,1.57511,1.50,1.12
2015.08.27 13:20:18.946,1.57485,1.57509,1.12,1.37
2015.08.27 13:20:19.922,1.57482,1.57508,1.00,1.00
2015.08.27 13:20:20.238,1.57482,1.57505,1.00,1.12
2015.08.27 13:20:20.290,1.5748,1.57505,1.00,1.12
2015.08.27 13:20:20.544,1.5748,1.57502,1.60,1.00
2015.08.27 13:20:20.851,1.57493,1.57506,2.10,2.47
2015.08.27 13:20:21.054,1.57495,1.5751,1.35,1.00
2015.08.27 13:20:21.214,1.57496,1.57518,1.50,1.37
2015.08.27 13:20:21.265,1.57496,1.57519,2.10,1.00
2015.08.27 13:20:21.875,1.57496,1.57521,2.25,1.37
2015.08.27 13:20:22.028,1.57496,1.57521,2.25,1.37
2015.08.27 13:20:22.282,1.57496,1.57522,2.17,1.12
2015.08.27 13:20:22.740,1.57496,1.57522,1.80,1.37
2015.08.27 13:20:23.253,1.57496,1.57521,2.62,1.37
2015.08.27 13:20:23.456,1.57496,1.57521,3.22,1.37
2015.08.27 13:20:24.282,1.57496,1.57522,3.22,1.00
2015.08.27 13:20:25.252,1.57497,1.57523,1.60,1.75
2015.08.27 13:20:26.056,1.57497,1.57523,1.35,1.75
2015.08.27 13:20:26.338,1.57496,1.57514,1.07,1.30
2015.08.27 13:20:26.390,1.57494,1.5751,1.52,1.00
2015.08.27 13:20:26.543,1.57485,1.57505,1.00,2.05
2015.08.27 13:20:26.594,1.57482,1.57503,1.00,1.82
2015.08.27 13:20:26.697,1.57482,1.57504,1.00,1.82
2015.08.27 13:20:26.749,1.57482,1.57504,1.00,1.50
2015.08.27 13:20:26.851,1.57482,1.57508,1.00,2.02
2015.08.27 13:20:27.301,1.57488,1.57508,1.00,1.47
2015.08.27 13:20:27.353,1.57488,1.57509,1.00,1.10
2015.08.27 13:20:27.660,1.5749,1.57512,1.00,1.00
2015.08.27 13:20:27.965,1.57493,1.57511,1.00,1.00
2015.08.27 13:20:28.228,1.57493,1.57514,1.00,1.12
2015.08.27 13:20:28.686,1.57493,1.57518,1.12,1.65
2015.08.27 13:20:28.889,1.57498,1.57517,1.00,1.10
2015.08.27 13:20:29.154,1.57515,1.57537,1.00,1.75
2015.08.27 13:20:29.206,1.57511,1.57538,1.00,1.50
2015.08.27 13:20:29.258,1.57511,1.57538,1.00,1.42
2015.08.27 13:20:29.362,1.57511,1.57538,1.07,1.67
2015.08.27 13:20:29.667,1.57511,1.57535,1.10,1.30
2015.08.27 13:20:30.634,1.57511,1.57534,1.00,1.30
2015.08.27 13:20:32.131,1.5751,1.57534,1.00,1.00
2015.08.27 13:20:32.440,1.57505,1.57527,1.07,1.30
2015.08.27 13:20:32.491,1.57505,1.57527,1.00,1.30
2015.08.27 13:20:32.543,1.57505,1.57525,1.00,1.30
2015.08.27 13:20:32.646,1.575,1.57526,1.27,2.10
2015.08.27 13:20:32.799,1.57498,1.57524,1.15,1.12
2015.08.27 13:20:32.901,1.57498,1.57521,1.15,1.00
2015.08.27 13:20:33.003,1.57494,1.57519,1.57,1.35
2015.08.27 13:20:33.262,1.57494,1.57517,1.20,1.00
2015.08.27 13:20:33.772,1.57494,1.57519,1.95,3.22
2015.08.27 13:20:34.027,1.57493,1.57518,1.17,1.00
2015.08.27 13:20:34.418,1.57491,1.57518,1.65,1.72
2015.08.27 13:20:34.723,1.57491,1.57516,1.27,1.87
2015.08.27 13:20:35.982,1.57488,1.57513,2.32,1.00
2015.08.27 13:20:36.135,1.57491,1.57516,1.70,1.00
2015.08.27 13:20:36.236,1.57491,1.57517,1.42,1.00
2015.08.27 13:20:36.541,1.57496,1.57518,1.00,1.00
2015.08.27 13:20:36.804,1.57496,1.5752,1.00,2.25
2015.08.27 13:20:38.560,1.57491,1.57507,2.32,1.00
2015.08.27 13:20:38.612,1.57491,1.57511,1.20,1.12
2015.08.27 13:20:38.663,1.5749,1.57507,1.12,2.85
2015.08.27 13:20:38.766,1.5748,1.57501,1.00,1.35
2015.08.27 13:20:38.817,1.57478,1.57499,2.70,1.37
2015.08.27 13:20:38.970,1.57476,1.57499,1.00,1.37
2015.08.27 13:20:39.126,1.57476,1.57501,1.60,1.87
2015.08.27 13:20:39.436,1.57489,1.57501,2.10,1.00
2015.08.27 13:20:39.488,1.57489,1.57504,2.10,1.00
2015.08.27 13:20:39.591,1.57489,1.57511,2.10,1.20
2015.08.27 13:20:39.643,1.57485,1.57508,1.37,1.60
2015.08.27 13:20:39.695,1.57484,1.57505,1.37,1.72
2015.08.27 13:20:39.933,1.5747,1.57494,1.60,1.07
2015.08.27 13:20:39.985,1.57469,1.57494,2.10,1.07
2015.08.27 13:20:40.038,1.57469,1.57494,1.50,1.07
2015.08.27 13:20:40.142,1.57472,1.57497,1.00,2.25
2015.08.27 13:20:40.245,1.57469,1.57494,1.00,1.00
2015.08.27 13:20:40.348,1.57469,1.57494,1.00,1.37
2015.08.27 13:20:40.655,1.57461,1.57487,1.87,1.37
2015.08.27 13:20:40.706,1.57458,1.57487,1.17,1.87
2015.08.27 13:20:40.859,1.57453,1.57465,1.20,1.30
2015.08.27 13:20:40.961,1.57443,1.57465,1.90,1.30
2015.08.27 13:20:41.013,1.57441,1.57473,1.96,1.80
2015.08.27 13:20:41.064,1.57447,1.57472,2.10,1.12
2015.08.27 13:20:41.369,1.57452,1.57478,1.70,1.00
2015.08.27 13:20:41.420,1.57454,1.57481,1.60,1.12
2015.08.27 13:20:41.730,1.57455,1.57477,1.35,1.00
2015.08.27 13:20:41.783,1.57455,1.57474,1.00,1.00
2015.08.27 13:20:41.885,1.57445,1.57471,1.07,1.45
2015.08.27 13:20:41.936,1.57443,1.57471,1.00,1.82
2015.08.27 13:20:42.243,1.57446,1.5747,1.00,1.57
2015.08.27 13:20:42.545,1.5745,1.57472,1.00,1.12
2015.08.27 13:20:42.596,1.5745,1.57474,1.00,1.92
2015.08.27 13:20:43.206,1.5745,1.57474,1.00,1.17
2015.08.27 13:20:43.575,1.5745,1.57473,1.00,1.27
2015.08.27 13:20:43.626,1.57447,1.57473,1.00,1.27
2015.08.27 13:20:43.984,1.57447,1.57472,1.00,1.20
2015.08.27 13:20:45.276,1.57456,1.57472,1.60,1.50
2015.08.27 13:20:45.480,1.57463,1.57477,1.60,1.00
2015.08.27 13:20:45.674,1.57455,1.57476,1.87,2.10
2015.08.27 13:20:45.776,1.57449,1.57477,1.00,1.57
2015.08.27 13:20:45.879,1.57449,1.57474,1.00,2.32
2015.08.27 13:20:46.234,1.57456,1.57473,1.00,1.45
2015.08.27 13:20:46.336,1.57451,1.57474,1.12,1.12
2015.08.27 13:20:46.388,1.57451,1.57478,1.00,1.87
2015.08.27 13:20:46.439,1.57448,1.57475,1.37,1.10
2015.08.27 13:20:46.490,1.57448,1.57478,1.00,1.95
2015.08.27 13:20:46.541,1.57448,1.57473,1.00,1.50
2015.08.27 13:20:46.893,1.57444,1.57472,1.00,1.95
2015.08.27 13:20:47.046,1.57443,1.57466,1.00,1.12
2015.08.27 13:20:47.351,1.57467,1.57473,1.37,2.25
2015.08.27 13:20:47.453,1.5747,1.57495,1.12,1.52
2015.08.27 13:20:47.617,1.57481,1.57495,1.00,1.87
2015.08.27 13:20:47.923,1.57481,1.57509,1.60,1.75
2015.08.27 13:20:47.975,1.57481,1.5751,1.60,1.95
2015.08.27 13:20:48.026,1.57481,1.57513,1.97,2.25
2015.08.27 13:20:48.230,1.57484,1.57514,1.37,1.87
2015.08.27 13:20:48.383,1.57484,1.57512,1.00,1.82
2015.08.27 13:20:48.700,1.57484,1.57506,1.00,1.12
2015.08.27 13:20:49.107,1.57481,1.57503,1.00,1.12
2015.08.27 13:20:49.260,1.5748,1.57502,1.00,1.82
2015.08.27 13:20:49.362,1.57477,1.575,1.00,1.45
2015.08.27 13:20:49.615,1.57472,1.575,1.00,2.05
2015.08.27 13:20:49.666,1.57476,1.575,1.00,1.82
2015.08.27 13:20:49.972,1.57488,1.57511,1.00,1.12
2015.08.27 13:20:50.029,1.57488,1.57512,1.00,1.20
2015.08.27 13:20:50.080,1.57484,1.57512,1.12,1.27
2015.08.27 13:20:50.182,1.5748,1.57505,1.37,1.00
2015.08.27 13:20:50.233,1.5748,1.57505,1.12,1.37
2015.08.27 13:20:50.335,1.5748,1.57502,1.00,1.00
2015.08.27 13:20:50.547,1.57477,1.57502,1.00,1.00
2015.08.27 13:20:50.700,1.57475,1.575,1.50,1.10
2015.08.27 13:20:51.006,1.57485,1.57511,1.12,1.87
2015.08.27 13:20:51.311,1.57491,1.57511,1.60,1.17
2015.08.27 13:20:51.626,1.57473,1.575,1.87,1.55
2015.08.27 13:20:51.728,1.57473,1.575,1.50,1.17
2015.08.27 13:20:51.831,1.57473,1.575,1.75,1.17
2015.08.27 13:20:52.137,1.57473,1.57502,2.25,1.27
2015.08.27 13:20:52.502,1.57473,1.57499,1.75,1.00
2015.08.27 13:20:52.909,1.57469,1.57495,1.75,1.00
2015.08.27 13:20:53.012,1.57467,1.57494,1.50,1.00
2015.08.27 13:20:53.115,1.57467,1.57494,1.00,1.37
2015.08.27 13:20:53.523,1.57467,1.57494,1.00,1.75
2015.08.27 13:20:53.828,1.57464,1.5749,1.60,2.02
2015.08.27 13:20:54.446,1.57469,1.5749,1.60,1.27
2015.08.27 13:20:54.599,1.57472,1.57495,1.00,2.62
2015.08.27 13:20:54.700,1.57475,1.57495,1.35,2.62
2015.08.27 13:20:55.007,1.57481,1.57503,1.00,1.50
2015.08.27 13:20:55.159,1.57481,1.57503,1.00,1.17
2015.08.27 13:20:55.463,1.57481,1.57505,1.00,1.57
2015.08.27 13:20:55.666,1.57484,1.57505,1.00,1.57
2015.08.27 13:20:55.971,1.57489,1.57509,1.00,1.65
2015.08.27 13:20:56.123,1.57492,1.57513,1.35,1.27
2015.08.27 13:20:56.802,1.57495,1.57513,1.00,1.47
2015.08.27 13:20:57.309,1.57498,1.57519,1.35,2.25
2015.08.27 13:20:57.413,1.57498,1.57521,1.35,1.57
2015.08.27 13:20:57.464,1.57498,1.57521,1.35,1.10
2015.08.27 13:20:57.991,1.57498,1.57521,1.35,1.47
2015.08.27 13:20:58.884,1.57498,1.57521,1.35,1.85
2015.08.27 13:20:58.935,1.57494,1.57521,1.12,1.82
2015.08.27 13:20:58.986,1.57494,1.5752,1.12,1.92
2015.08.27 13:20:59.527,1.57492,1.57516,1.60,1.65
2015.08.27 13:21:00.288,1.57491,1.57514,1.00,3.00
2015.08.27 13:21:00.566,1.5748,1.57505,2.10,1.87
2015.08.27 13:21:00.617,1.57479,1.57504,1.00,1.20
2015.08.27 13:21:00.770,1.57476,1.57498,1.37,1.12
2015.08.27 13:21:01.077,1.57476,1.57499,1.00,1.20
2015.08.27 13:21:01.180,1.57476,1.57496,1.00,1.10
2015.08.27 13:21:01.332,1.57483,1.575,1.00,1.57
2015.08.27 13:21:01.383,1.57479,1.57501,1.60,1.15
2015.08.27 13:21:01.891,1.57478,1.575,1.37,1.12
2015.08.27 13:21:01.943,1.57475,1.575,1.00,1.87
2015.08.27 13:21:02.045,1.57475,1.57497,1.60,1.07
2015.08.27 13:21:02.300,1.57477,1.57498,1.00,1.00
2015.08.27 13:21:02.706,1.57477,1.575,1.00,1.00
2015.08.27 13:21:02.960,1.57475,1.575,1.75,1.35
2015.08.27 13:21:03.271,1.57474,1.57498,1.35,1.50
2015.08.27 13:21:03.374,1.57474,1.57497,1.72,1.00
2015.08.27 13:21:03.679,1.5747,1.57495,1.35,1.00
2015.08.27 13:21:04.095,1.57466,1.57487,1.37,1.37
2015.08.27 13:21:04.349,1.57466,1.57489,1.50,1.50
2015.08.27 13:21:04.401,1.5747,1.57486,1.00,1.10
2015.08.27 13:21:04.705,1.57473,1.57492,1.00,1.87
2015.08.27 13:21:05.036,1.57478,1.57493,1.00,1.30
2015.08.27 13:21:05.091,1.57474,1.57493,1.00,1.00
2015.08.27 13:21:05.142,1.57474,1.57497,1.00,1.00
2015.08.27 13:21:05.294,1.57476,1.57497,1.00,1.00
2015.08.27 13:21:05.599,1.57474,1.57497,1.50,1.00
2015.08.27 13:21:05.701,1.5748,1.57497,1.00,1.00
2015.08.27 13:21:05.804,1.57478,1.57502,1.00,1.00
2015.08.27 13:21:06.005,1.57478,1.57504,1.87,1.50
2015.08.27 13:21:06.208,1.57478,1.57501,1.57,1.00
2015.08.27 13:21:06.462,1.57476,1.57501,1.12,1.00
2015.08.27 13:21:06.615,1.57476,1.57499,1.12,1.00
2015.08.27 13:21:07.532,1.57476,1.575,1.00,1.00
2015.08.27 13:21:07.837,1.57478,1.57501,1.00,1.87
2015.08.27 13:21:07.889,1.57478,1.57503,1.75,1.00
2015.08.27 13:21:08.068,1.57478,1.57505,1.75,2.32
2015.08.27 13:21:08.221,1.57478,1.57505,1.75,1.20
2015.08.27 13:21:08.272,1.57478,1.57505,1.75,1.50
2015.08.27 13:21:08.376,1.57475,1.57502,1.75,1.20
2015.08.27 13:21:08.428,1.57475,1.575,1.12,1.00
2015.08.27 13:21:08.479,1.57473,1.575,1.00,1.50
2015.08.27 13:21:08.992,1.57476,1.57499,1.00,1.57
2015.08.27 13:21:09.097,1.57477,1.57504,1.00,1.57
2015.08.27 13:21:09.199,1.57479,1.57504,1.00,1.57
2015.08.27 13:21:09.301,1.57479,1.57504,1.00,1.17
2015.08.27 13:21:09.453,1.57479,1.57504,1.87,1.17
2015.08.27 13:21:09.758,1.57476,1.57498,1.37,1.12
2015.08.27 13:21:09.809,1.57474,1.57498,1.00,1.50
2015.08.27 13:21:09.861,1.5747,1.57497,1.15,1.00
2015.08.27 13:21:09.995,1.5747,1.57496,1.20,1.00
2015.08.27 13:21:10.675,1.57471,1.57496,1.00,1.00
2015.08.27 13:21:10.980,1.57471,1.57498,1.00,1.00
2015.08.27 13:21:11.236,1.57471,1.57498,1.00,1.37
2015.08.27 13:21:11.338,1.57471,1.57498,1.00,1.12
2015.08.27 13:21:11.642,1.57471,1.57497,1.00,1.37
2015.08.27 13:21:12.168,1.5747,1.57495,1.00,1.00
2015.08.27 13:21:12.582,1.57473,1.57495,1.00,1.00
2015.08.27 13:21:12.634,1.57473,1.57498,1.00,1.50
2015.08.27 13:21:12.736,1.57477,1.57498,1.00,1.00
2015.08.27 13:21:12.990,1.57482,1.57507,1.12,1.00
2015.08.27 13:21:13.140,1.5748,1.57507,1.35,1.37
2015.08.27 13:21:13.192,1.5748,1.57508,1.35,1.87
2015.08.27 13:21:13.497,1.57483,1.57503,1.10,1.00
2015.08.27 13:21:13.600,1.57483,1.57507,1.10,1.00
2015.08.27 13:21:13.651,1.57483,1.57511,1.10,1.50
2015.08.27 13:21:14.153,1.57484,1.57511,1.10,1.00
2015.08.27 13:21:14.357,1.5749,1.57511,1.00,1.00
2015.08.27 13:21:14.459,1.5749,1.57513,1.00,1.72
2015.08.27 13:21:14.511,1.5749,1.57513,1.87,1.30
2015.08.27 13:21:14.613,1.5749,1.57513,1.00,1.30
2015.08.27 13:21:14.766,1.5749,1.57515,1.00,2.47
2015.08.27 13:21:14.817,1.57505,1.57515,2.10,2.47
2015.08.27 13:21:14.869,1.575,1.57515,1.37,1.12
2015.08.27 13:21:14.921,1.57509,1.57517,1.00,1.00
2015.08.27 13:21:14.972,1.57509,1.5752,1.60,1.00
2015.08.27 13:21:15.125,1.57509,1.57529,1.00,1.75
2015.08.27 13:21:15.181,1.5751,1.57534,1.00,1.12
2015.08.27 13:21:15.334,1.57507,1.57535,1.72,1.47
2015.08.27 13:21:15.487,1.57508,1.5753,1.30,1.00
2015.08.27 13:21:15.947,1.57509,1.57533,1.00,1.87
2015.08.27 13:21:16.465,1.57509,1.57533,1.60,1.12
2015.08.27 13:21:16.821,1.57504,1.57531,2.25,1.00
2015.08.27 13:21:16.873,1.57505,1.57527,1.90,1.30
2015.08.27 13:21:17.026,1.57505,1.57528,1.10,1.00
2015.08.27 13:21:17.278,1.57505,1.57528,1.55,1.00
2015.08.27 13:21:17.736,1.57505,1.57528,1.00,1.00
2015.08.27 13:21:17.940,1.57501,1.57524,1.15,1.00
2015.08.27 13:21:18.247,1.57498,1.57523,1.50,2.10
2015.08.27 13:21:19.178,1.57498,1.57523,1.50,1.12
2015.08.27 13:21:19.279,1.57498,1.57522,1.50,2.25
2015.08.27 13:21:19.556,1.57495,1.57513,2.25,2.10
2015.08.27 13:21:19.608,1.57495,1.57513,1.00,2.10
2015.08.27 13:21:19.659,1.57487,1.575,1.12,2.10
2015.08.27 13:21:19.915,1.57468,1.57493,1.37,1.97
2015.08.27 13:21:20.170,1.57465,1.57487,1.12,1.00
2015.08.27 13:21:20.726,1.57465,1.57491,1.72,1.37
2015.08.27 13:21:20.778,1.57465,1.57491,1.72,1.37
2015.08.27 13:21:21.032,1.57465,1.57488,1.12,1.00
2015.08.27 13:21:21.442,1.57463,1.57488,1.72,1.37
2015.08.27 13:21:21.494,1.57461,1.57484,1.82,1.72
2015.08.27 13:21:21.646,1.57453,1.57479,1.15,1.30
2015.08.27 13:21:21.697,1.57454,1.57475,1.10,1.30
2015.08.27 13:21:21.953,1.57441,1.57464,1.35,1.12
2015.08.27 13:21:22.106,1.57438,1.57458,1.72,1.00
2015.08.27 13:21:22.255,1.57437,1.57461,1.47,1.00
2015.08.27 13:21:22.309,1.57444,1.57465,2.10,1.00
2015.08.27 13:21:22.361,1.57444,1.5747,2.17,1.95
2015.08.27 13:21:22.465,1.57445,1.57474,1.72,1.87
2015.08.27 13:21:22.567,1.5745,1.57474,1.00,1.00
2015.08.27 13:21:22.619,1.5745,1.57476,1.10,1.00
2015.08.27 13:21:22.721,1.57452,1.57476,1.17,1.00
2015.08.27 13:21:22.975,1.57455,1.57482,1.00,1.00
2015.08.27 13:21:23.130,1.57455,1.57471,1.00,1.60
2015.08.27 13:21:23.284,1.57453,1.57467,1.00,1.00
2015.08.27 13:21:23.335,1.57445,1.57468,1.00,1.30
2015.08.27 13:21:23.387,1.57452,1.57468,1.60,1.30
2015.08.27 13:21:23.438,1.57452,1.5747,1.60,1.00
2015.08.27 13:21:23.491,1.57452,1.57472,1.60,1.10
2015.08.27 13:21:23.542,1.57454,1.57479,2.10,1.00
2015.08.27 13:21:23.746,1.57457,1.57482,1.35,1.00
2015.08.27 13:21:24.084,1.57462,1.57485,1.00,1.72
2015.08.27 13:21:24.390,1.5746,1.57476,1.50,1.12
2015.08.27 13:21:24.493,1.57445,1.57474,2.32,1.50
2015.08.27 13:21:24.545,1.57449,1.57473,1.12,1.37
2015.08.27 13:21:24.895,1.5743,1.57455,1.20,1.12
2015.08.27 13:21:24.947,1.57428,1.57455,1.50,1.12
2015.08.27 13:21:25.099,1.57436,1.57458,1.00,1.12
2015.08.27 13:21:25.252,1.57436,1.57464,1.75,1.20
2015.08.27 13:21:25.303,1.57439,1.57464,1.60,1.20
2015.08.27 13:21:25.456,1.57439,1.57466,1.60,1.37
2015.08.27 13:21:25.507,1.57439,1.57469,1.60,1.50
2015.08.27 13:21:25.609,1.57446,1.57468,1.00,1.37
2015.08.27 13:21:25.770,1.57446,1.5747,1.00,1.87
2015.08.27 13:21:26.125,1.57448,1.57473,1.00,2.62
2015.08.27 13:21:26.662,1.57448,1.57473,1.50,1.82
2015.08.27 13:21:26.713,1.57456,1.57473,1.00,1.27
2015.08.27 13:21:26.917,1.57448,1.57472,1.57,1.60
2015.08.27 13:21:26.968,1.57447,1.57463,1.12,1.30
2015.08.27 13:21:27.019,1.57443,1.57463,1.20,1.30
2015.08.27 13:21:27.070,1.57445,1.57466,1.20,1.90
2015.08.27 13:21:27.172,1.57447,1.57468,1.00,1.50
2015.08.27 13:21:27.275,1.57449,1.57474,1.00,2.25
2015.08.27 13:21:27.377,1.5746,1.57474,1.00,1.87
2015.08.27 13:21:27.644,1.57463,1.57485,1.07,1.72
2015.08.27 13:21:27.747,1.57465,1.57488,1.00,2.05
2015.08.27 13:21:28.312,1.57463,1.57485,1.17,1.30
2015.08.27 13:21:28.617,1.57467,1.57484,1.00,1.30
2015.08.27 13:21:28.668,1.57463,1.57484,1.20,1.30
2015.08.27 13:21:28.924,1.57461,1.57482,1.00,1.30
2015.08.27 13:21:29.435,1.57461,1.57484,1.00,1.67
2015.08.27 13:21:29.691,1.57456,1.57484,1.20,1.67
2015.08.27 13:21:29.742,1.57456,1.57479,1.20,1.30
2015.08.27 13:21:29.895,1.57452,1.5748,1.65,2.05
2015.08.27 13:21:30.048,1.57452,1.57476,1.15,2.10
2015.08.27 13:21:30.777,1.57454,1.57478,1.00,1.72
2015.08.27 13:21:30.880,1.57454,1.5748,1.00,2.47
2015.08.27 13:21:30.931,1.57454,1.57478,1.00,1.30
2015.08.27 13:21:31.289,1.57458,1.57478,1.00,1.30
2015.08.27 13:21:31.391,1.57458,1.57483,1.00,1.72
2015.08.27 13:21:31.442,1.57461,1.57483,1.00,1.35
2015.08.27 13:21:31.596,1.57461,1.57485,1.87,1.30
2015.08.27 13:21:31.901,1.57461,1.57487,1.95,1.00
2015.08.27 13:21:32.336,1.57461,1.57489,1.47,1.30
2015.08.27 13:21:32.642,1.57457,1.57479,1.20,1.00
2015.08.27 13:21:32.947,1.57453,1.57474,1.20,1.00
2015.08.27 13:21:33.303,1.57453,1.57478,1.12,1.30
2015.08.27 13:21:33.359,1.57453,1.57475,1.12,1.00
2015.08.27 13:21:33.462,1.57452,1.57475,1.75,1.00
2015.08.27 13:21:33.615,1.5745,1.57475,1.87,1.00
2015.08.27 13:21:33.666,1.5745,1.57473,1.87,1.00
2015.08.27 13:21:33.768,1.57448,1.57473,1.20,1.00
2015.08.27 13:21:34.981,1.57457,1.57477,1.00,1.50
2015.08.27 13:21:35.288,1.57453,1.57474,1.00,1.00
2015.08.27 13:21:35.437,1.57448,1.57455,1.15,1.00
2015.08.27 13:21:35.488,1.57443,1.57453,1.50,1.00
2015.08.27 13:21:35.946,1.57439,1.57454,1.00,1.12
2015.08.27 13:21:36.200,1.57444,1.57458,1.00,1.00
2015.08.27 13:21:36.357,1.57444,1.57463,1.00,1.50
2015.08.27 13:21:36.408,1.57448,1.57463,1.00,1.12
2015.08.27 13:21:36.916,1.57448,1.57464,1.00,1.00
2015.08.27 13:21:37.433,1.57448,1.57463,1.00,1.00
2015.08.27 13:21:37.738,1.57452,1.57464,1.00,1.00
2015.08.27 13:21:37.840,1.57452,1.57468,1.00,1.37
2015.08.27 13:21:37.942,1.57452,1.57472,1.00,3.22
2015.08.27 13:21:37.993,1.57454,1.57472,1.00,2.10
2015.08.27 13:21:38.349,1.57458,1.57472,1.00,1.00
2015.08.27 13:21:38.506,1.57458,1.57475,1.00,1.30
2015.08.27 13:21:39.014,1.57458,1.57476,1.00,2.10
2015.08.27 13:21:39.368,1.57461,1.57476,1.00,1.12
2015.08.27 13:21:39.886,1.57454,1.57476,1.00,1.35
2015.08.27 13:21:39.938,1.57454,1.5747,1.00,1.00
2015.08.27 13:21:40.040,1.57454,1.57473,1.00,1.00
2015.08.27 13:21:40.244,1.57453,1.57471,1.00,1.00
2015.08.27 13:21:40.652,1.57456,1.57476,1.00,2.47
2015.08.27 13:21:40.755,1.57457,1.57478,1.00,1.00
2015.08.27 13:21:40.806,1.57461,1.57478,1.00,1.00
2015.08.27 13:21:40.857,1.57461,1.57481,1.00,3.60
2015.08.27 13:21:41.060,1.57455,1.57475,1.10,2.10
2015.08.27 13:21:41.367,1.57458,1.57471,1.00,1.00
2015.08.27 13:21:41.557,1.57462,1.57481,1.00,1.82
2015.08.27 13:21:41.660,1.57456,1.57481,1.50,1.15
2015.08.27 13:21:41.762,1.57456,1.57478,1.00,1.72
2015.08.27 13:21:41.865,1.57453,1.57473,1.00,1.00
2015.08.27 13:21:42.271,1.57455,1.57473,1.00,1.00
2015.08.27 13:21:42.417,1.57455,1.57476,1.00,1.57
2015.08.27 13:21:42.773,1.57452,1.57476,1.00,1.10
2015.08.27 13:21:43.181,1.57452,1.57476,1.00,1.95
2015.08.27 13:21:43.420,1.57452,1.57476,1.00,1.50
2015.08.27 13:21:43.472,1.57452,1.57476,1.00,2.47
2015.08.27 13:21:43.778,1.57461,1.57478,1.00,1.00
2015.08.27 13:21:44.395,1.57461,1.57477,1.00,1.00
2015.08.27 13:21:44.700,1.57469,1.57475,1.00,1.00
2015.08.27 13:21:44.751,1.57469,1.57482,1.00,1.30
2015.08.27 13:21:44.804,1.57469,1.57485,1.00,1.07
2015.08.27 13:21:44.855,1.57463,1.57485,1.12,1.60
2015.08.27 13:21:44.907,1.57468,1.57487,1.00,2.10
2015.08.27 13:21:45.419,1.57467,1.57482,1.00,1.00
2015.08.27 13:21:45.521,1.57464,1.57482,1.00,1.00
2015.08.27 13:21:46.030,1.57464,1.57484,1.00,1.12
2015.08.27 13:21:46.183,1.57464,1.57485,1.00,1.10
2015.08.27 13:21:46.535,1.57466,1.57483,1.00,1.00
2015.08.27 13:21:46.789,1.57466,1.57486,1.00,1.00
2015.08.27 13:21:47.264,1.57464,1.57485,1.00,1.00
2015.08.27 13:21:47.405,1.57459,1.57473,1.00,1.12
2015.08.27 13:21:47.559,1.57455,1.57469,1.10,1.30
2015.08.27 13:21:47.610,1.57453,1.57468,1.00,1.00
2015.08.27 13:21:47.661,1.57457,1.57468,1.00,1.00
2015.08.27 13:21:47.764,1.57457,1.57477,1.00,1.10
2015.08.27 13:21:48.275,1.57457,1.57478,1.00,1.52
2015.08.27 13:21:48.328,1.57453,1.57478,1.60,1.52
2015.08.27 13:21:48.471,1.57453,1.57476,1.00,2.25
2015.08.27 13:21:48.775,1.57456,1.57475,1.00,1.00
2015.08.27 13:21:49.358,1.57453,1.57475,1.00,1.00
2015.08.27 13:21:49.624,1.57453,1.57473,1.00,1.05
2015.08.27 13:21:50.032,1.57453,1.57475,1.00,1.10
2015.08.27 13:21:50.338,1.57455,1.57477,1.00,1.50
2015.08.27 13:21:50.643,1.57459,1.57479,1.00,1.17
2015.08.27 13:21:51.194,1.57459,1.57479,1.00,1.20
2015.08.27 13:21:51.449,1.5745,1.57472,1.10,1.00
2015.08.27 13:21:51.500,1.5745,1.57472,1.10,1.75
2015.08.27 13:21:51.820,1.57458,1.57478,1.00,1.50
2015.08.27 13:21:51.872,1.57461,1.57478,1.00,1.12
2015.08.27 13:21:51.923,1.57461,1.5748,1.00,1.00
2015.08.27 13:21:52.025,1.57461,1.57485,1.00,1.87
2015.08.27 13:21:52.282,1.57463,1.57485,1.00,2.47
2015.08.27 13:21:52.335,1.57463,1.57487,1.00,1.80
2015.08.27 13:21:52.488,1.57466,1.57485,1.00,1.00
2015.08.27 13:21:53.026,1.57466,1.57487,1.00,1.50
2015.08.27 13:21:53.539,1.57466,1.57485,1.00,1.00
2015.08.27 13:21:53.742,1.57463,1.57485,1.00,1.00
2015.08.27 13:21:53.974,1.57463,1.57482,1.00,1.00
2015.08.27 13:21:54.076,1.57459,1.57482,1.00,1.00
2015.08.27 13:21:54.432,1.57459,1.57479,1.00,1.00
2015.08.27 13:21:55.347,1.57455,1.57475,1.57,1.00
2015.08.27 13:21:55.653,1.57455,1.57473,1.00,1.00
2015.08.27 13:21:56.364,1.57458,1.57473,1.00,1.00
2015.08.27 13:21:56.821,1.57458,1.57476,1.00,1.00
2015.08.27 13:21:57.642,1.57458,1.57477,1.00,1.00
2015.08.27 13:21:58.954,1.57458,1.57479,1.00,1.00
2015.08.27 13:21:59.463,1.57458,1.57481,1.00,1.72
2015.08.27 13:22:00.500,1.57464,1.57481,1.00,1.12
2015.08.27 13:22:00.602,1.57464,1.57483,1.00,1.57
2015.08.27 13:22:00.704,1.57464,1.57486,1.12,1.00
2015.08.27 13:22:01.008,1.57467,1.57487,1.00,1.87
2015.08.27 13:22:01.280,1.57467,1.57491,1.00,1.12
2015.08.27 13:22:01.332,1.57467,1.57489,1.00,1.00
2015.08.27 13:22:01.485,1.57468,1.57491,1.00,2.10
2015.08.27 13:22:01.790,1.5747,1.5749,1.00,1.30
2015.08.27 13:22:01.893,1.5747,1.57493,1.00,1.00
2015.08.27 13:22:02.207,1.57473,1.57494,1.00,1.72
2015.08.27 13:22:02.514,1.57478,1.57495,1.00,1.00
2015.08.27 13:22:02.616,1.57475,1.57498,1.00,2.10
2015.08.27 13:22:02.667,1.57475,1.57498,1.00,2.10
2015.08.27 13:22:03.181,1.57475,1.57496,1.50,1.12
2015.08.27 13:22:03.486,1.57472,1.57494,1.75,1.12
2015.08.27 13:22:03.589,1.57469,1.57493,1.17,1.12
2015.08.27 13:22:03.640,1.57469,1.57492,1.20,1.72
2015.08.27 13:22:03.743,1.57472,1.57494,1.50,3.60
2015.08.27 13:22:04.156,1.57472,1.5749,1.00,1.50
2015.08.27 13:22:04.461,1.57474,1.57494,1.00,1.75
2015.08.27 13:22:04.664,1.57477,1.57495,1.00,1.57
2015.08.27 13:22:04.716,1.57474,1.57493,1.00,1.00
2015.08.27 13:22:04.869,1.57474,1.57493,1.00,1.72
2015.08.27 13:22:05.374,1.57474,1.57494,1.00,2.85
2015.08.27 13:22:05.628,1.57474,1.57492,1.00,1.00
2015.08.27 13:22:06.034,1.57472,1.57492,1.00,1.00
2015.08.27 13:22:06.085,1.57469,1.57492,1.65,1.35
2015.08.27 13:22:06.187,1.57469,1.57489,1.65,1.12
2015.08.27 13:22:06.531,1.57469,1.57489,1.20,1.50
2015.08.27 13:22:07.037,1.57469,1.57486,1.10,1.00
2015.08.27 13:22:07.543,1.57469,1.57483,1.00,1.00
2015.08.27 13:22:08.053,1.57469,1.57486,1.00,1.00
2015.08.27 13:22:08.154,1.57466,1.57486,1.10,1.00
2015.08.27 13:22:08.309,1.57463,1.57483,1.20,1.00
2015.08.27 13:22:08.412,1.57463,1.57481,1.00,1.00
2015.08.27 13:22:08.514,1.57463,1.57484,1.00,1.00
2015.08.27 13:22:08.617,1.57463,1.57481,1.00,1.00
2015.08.27 13:22:09.617,1.57465,1.57485,1.00,1.00
2015.08.27 13:22:09.718,1.57466,1.57491,1.00,2.92
2015.08.27 13:22:09.967,1.57466,1.5749,1.00,1.12
2015.08.27 13:22:10.478,1.57465,1.57489,1.00,1.75
2015.08.27 13:22:11.552,1.57465,1.57487,1.00,1.12
2015.08.27 13:22:11.603,1.57463,1.57485,1.00,1.12
2015.08.27 13:22:12.217,1.57463,1.57484,1.00,1.87
2015.08.27 13:22:12.428,1.57465,1.57487,1.00,2.02
2015.08.27 13:22:13.379,1.57468,1.57487,1.00,1.12
2015.08.27 13:22:13.694,1.57466,1.57486,1.52,1.00
2015.08.27 13:22:13.745,1.57466,1.57486,1.15,1.00
2015.08.27 13:22:13.797,1.57466,1.57489,1.15,1.00
2015.08.27 13:22:13.848,1.57466,1.57489,1.82,1.00
2015.08.27 13:22:14.153,1.57455,1.57471,1.87,1.00
2015.08.27 13:22:14.256,1.57454,1.57471,1.85,1.37
2015.08.27 13:22:14.358,1.57451,1.57468,1.00,1.00
2015.08.27 13:22:14.611,1.5745,1.57466,1.00,1.00
2015.08.27 13:22:14.713,1.57448,1.5747,1.00,1.12
2015.08.27 13:22:14.766,1.57446,1.5747,1.00,1.50
2015.08.27 13:22:14.869,1.57447,1.57473,1.27,1.12
2015.08.27 13:22:14.922,1.57451,1.57473,1.00,1.12
2015.08.27 13:22:15.438,1.5745,1.57473,1.87,1.00
2015.08.27 13:22:15.743,1.5745,1.57476,2.62,1.12
2015.08.27 13:22:16.253,1.57453,1.57476,1.00,1.00
2015.08.27 13:22:16.794,1.57453,1.57472,1.87,1.00
2015.08.27 13:22:17.100,1.57451,1.57472,1.00,1.00
2015.08.27 13:22:17.202,1.57449,1.57472,1.20,1.37
2015.08.27 13:22:17.860,1.57449,1.57468,1.00,1.00
2015.08.27 13:22:18.723,1.57449,1.57468,1.87,1.00
2015.08.27 13:22:19.030,1.57444,1.57462,1.00,1.00
2015.08.27 13:22:19.084,1.57441,1.57462,1.00,1.00
2015.08.27 13:22:19.186,1.57439,1.57461,1.12,1.00
2015.08.27 13:22:19.339,1.57438,1.57457,1.00,1.00
2015.08.27 13:22:20.162,1.57437,1.57457,1.00,1.00
2015.08.27 13:22:20.365,1.57437,1.57461,1.50,1.37
2015.08.27 13:22:20.905,1.57437,1.5746,1.50,1.37
2015.08.27 13:22:21.161,1.57434,1.5746,1.00,1.12
2015.08.27 13:22:21.212,1.57434,1.57458,1.00,1.12
2015.08.27 13:22:21.561,1.57422,1.5745,1.50,1.57
2015.08.27 13:22:21.663,1.57422,1.57447,1.00,1.47
2015.08.27 13:22:22.171,1.57425,1.57447,1.00,1.57
2015.08.27 13:22:22.274,1.57421,1.57447,1.00,1.57
2015.08.27 13:22:22.429,1.57426,1.57451,1.00,1.37
2015.08.27 13:22:22.480,1.57426,1.57453,1.00,2.25
2015.08.27 13:22:22.583,1.57426,1.57453,1.10,1.50
2015.08.27 13:22:22.989,1.57428,1.57454,1.00,1.75
2015.08.27 13:22:23.339,1.57428,1.57454,1.20,1.00
2015.08.27 13:22:23.695,1.57428,1.57454,1.00,1.00
2015.08.27 13:22:24.051,1.57428,1.57451,1.00,1.00
2015.08.27 13:22:24.566,1.57426,1.57451,1.57,1.00
2015.08.27 13:22:24.769,1.57424,1.57449,1.87,1.00
2015.08.27 13:22:24.872,1.57424,1.57449,1.87,1.00
2015.08.27 13:22:24.974,1.57424,1.57449,1.87,1.00
2015.08.27 13:22:25.126,1.57424,1.57446,1.12,1.00
2015.08.27 13:22:25.177,1.57422,1.57449,1.50,1.87
2015.08.27 13:22:25.281,1.57422,1.57445,1.00,1.00
2015.08.27 13:22:25.462,1.57418,1.57445,2.25,1.87
2015.08.27 13:22:25.564,1.57418,1.57445,1.50,1.87
2015.08.27 13:22:26.082,1.57418,1.57445,1.50,2.02
2015.08.27 13:22:26.519,1.57422,1.57445,1.12,1.00
2015.08.27 13:22:26.571,1.57424,1.57451,1.87,1.00
2015.08.27 13:22:26.928,1.57425,1.57448,1.12,1.00
2015.08.27 13:22:27.524,1.57422,1.57446,1.12,1.37
2015.08.27 13:22:27.626,1.5742,1.57448,2.25,2.02
2015.08.27 13:22:27.932,1.57417,1.57438,1.00,1.37
2015.08.27 13:22:28.238,1.57415,1.57433,1.00,1.12
2015.08.27 13:22:28.395,1.57411,1.57433,1.00,1.12
2015.08.27 13:22:28.751,1.57413,1.57433,1.00,1.00
2015.08.27 13:22:29.157,1.57415,1.57433,1.00,1.00
2015.08.27 13:22:29.663,1.57415,1.57433,1.37,1.00
2015.08.27 13:22:29.817,1.57416,1.57438,1.37,1.82
2015.08.27 13:22:29.971,1.57416,1.57439,1.75,1.00
2015.08.27 13:22:30.477,1.57411,1.57437,1.87,1.12
2015.08.27 13:22:30.528,1.57409,1.57434,1.75,1.37
2015.08.27 13:22:30.834,1.57416,1.57439,1.00,2.32
2015.08.27 13:22:31.037,1.57416,1.5744,1.00,1.82
2015.08.27 13:22:31.698,1.57416,1.5744,1.00,1.00
2015.08.27 13:22:32.205,1.57416,1.57441,1.00,1.10
2015.08.27 13:22:32.615,1.57416,1.57441,1.37,1.10
2015.08.27 13:22:32.920,1.57426,1.5745,1.12,1.00
2015.08.27 13:22:33.022,1.57429,1.5745,1.00,1.00
2015.08.27 13:22:33.549,1.57428,1.5745,1.85,1.00
2015.08.27 13:22:33.601,1.57431,1.57454,1.17,1.00
2015.08.27 13:22:34.113,1.5743,1.57454,1.50,1.00
2015.08.27 13:22:34.759,1.5743,1.57454,1.20,1.00
2015.08.27 13:22:34.985,1.5743,1.57454,1.95,1.00
2015.08.27 13:22:35.290,1.5743,1.57454,1.95,1.00
2015.08.27 13:22:35.615,1.5743,1.57452,1.95,1.00
2015.08.27 13:22:36.116,1.5743,1.57452,1.95,1.00
2015.08.27 13:22:36.319,1.5743,1.57458,1.95,2.25
2015.08.27 13:22:36.522,1.57432,1.57455,1.12,1.00
2015.08.27 13:22:37.133,1.5743,1.57455,1.95,1.37
2015.08.27 13:22:37.896,1.5743,1.57455,1.20,1.37
2015.08.27 13:22:38.622,1.5743,1.57455,1.20,1.37
2015.08.27 13:22:39.231,1.5743,1.57452,1.20,1.00
2015.08.27 13:22:39.333,1.57429,1.57452,1.50,1.00
2015.08.27 13:22:39.998,1.5743,1.57452,1.20,1.00
2015.08.27 13:22:40.637,1.5743,1.57456,1.20,1.12
2015.08.27 13:22:40.739,1.57434,1.57458,1.12,1.37
2015.08.27 13:22:40.790,1.57435,1.57458,1.37,1.00
2015.08.27 13:22:40.915,1.57435,1.57458,1.20,1.00
2015.08.27 13:22:41.627,1.57436,1.57462,1.10,1.12
2015.08.27 13:22:41.728,1.57438,1.57462,1.00,1.12
2015.08.27 13:22:41.830,1.57435,1.57462,2.40,1.12
2015.08.27 13:22:41.881,1.57437,1.57464,1.07,1.75
2015.08.27 13:22:42.188,1.57433,1.57454,1.07,1.87
2015.08.27 13:22:42.239,1.57431,1.57454,1.12,2.25
2015.08.27 13:22:42.494,1.57429,1.57457,1.87,1.37
2015.08.27 13:22:42.545,1.57429,1.57457,1.87,1.75
2015.08.27 13:22:43.106,1.57429,1.57457,1.95,1.12
2015.08.27 13:22:43.157,1.5743,1.57457,1.20,1.12
2015.08.27 13:22:43.512,1.57432,1.5746,1.95,1.50
2015.08.27 13:22:43.614,1.57432,1.5746,1.95,1.50
2015.08.27 13:22:43.919,1.57441,1.57466,1.37,1.92
2015.08.27 13:22:44.122,1.57439,1.57466,1.75,1.50
2015.08.27 13:22:44.641,1.57439,1.57466,1.75,1.50
2015.08.27 13:22:45.049,1.57439,1.57466,2.55,1.50
2015.08.27 13:22:45.100,1.57439,1.57464,2.55,1.00
2015.08.27 13:22:45.408,1.57439,1.57458,1.45,1.00
2015.08.27 13:22:45.714,1.57438,1.57457,1.37,1.50
2015.08.27 13:22:46.019,1.57438,1.57452,1.00,1.00
2015.08.27 13:22:46.324,1.5743,1.57452,2.07,1.00
2015.08.27 13:22:46.831,1.5743,1.57452,1.42,1.00
2015.08.27 13:22:47.135,1.57429,1.57452,1.50,1.00
2015.08.27 13:22:47.237,1.57429,1.57452,1.12,1.00
2015.08.27 13:22:47.339,1.57429,1.57452,1.87,1.00
2015.08.27 13:22:47.593,1.57429,1.57455,1.87,2.62
2015.08.27 13:22:48.131,1.57433,1.57455,1.50,1.87
2015.08.27 13:22:48.385,1.57433,1.57453,1.50,1.00
2015.08.27 13:22:48.690,1.57433,1.57453,1.75,1.00
2015.08.27 13:22:49.205,1.57433,1.57453,1.50,1.00
2015.08.27 13:22:49.511,1.57433,1.57454,1.87,1.00
2015.08.27 13:22:50.329,1.57436,1.57453,1.00,1.00
2015.08.27 13:22:51.317,1.57434,1.57455,1.12,1.50
2015.08.27 13:22:52.301,1.57433,1.57454,1.12,1.00
2015.08.27 13:22:53.075,1.57434,1.57455,1.12,1.50
2015.08.27 13:22:53.431,1.57433,1.57457,1.12,1.50
2015.08.27 13:22:53.612,1.57439,1.57457,1.00,1.50
2015.08.27 13:22:54.071,1.5744,1.57462,1.37,1.00
2015.08.27 13:22:54.377,1.57447,1.57467,1.12,2.25
2015.08.27 13:22:54.479,1.57443,1.57467,1.95,1.00
2015.08.27 13:22:54.662,1.57443,1.57467,1.57,1.00
2015.08.27 13:22:54.967,1.57442,1.57454,1.12,1.00
2015.08.27 13:22:55.019,1.57437,1.57454,1.87,1.00
2015.08.27 13:22:55.070,1.57436,1.57454,1.10,1.00
2015.08.27 13:22:55.173,1.57436,1.5745,1.00,1.00
2015.08.27 13:22:55.428,1.57431,1.57452,2.02,1.00
2015.08.27 13:22:55.597,1.57431,1.57453,1.55,1.00
2015.08.27 13:22:55.750,1.57431,1.57453,1.55,1.00
2015.08.27 13:22:55.801,1.57431,1.57455,1.92,1.00
2015.08.27 13:22:55.958,1.57433,1.57456,1.87,1.00
2015.08.27 13:22:56.721,1.57436,1.57457,1.75,1.00
2015.08.27 13:22:57.231,1.57437,1.57459,1.37,1.00
2015.08.27 13:22:57.839,1.57437,1.57459,1.12,1.00
2015.08.27 13:22:57.890,1.57436,1.57459,1.12,1.00
2015.08.27 13:22:59.312,1.57434,1.57454,1.75,1.00
2015.08.27 13:22:59.618,1.57425,1.57448,1.87,1.00
2015.08.27 13:22:59.872,1.57424,1.57444,2.25,1.00
2015.08.27 13:23:00.075,1.57424,1.57449,1.75,1.00
2015.08.27 13:23:00.331,1.57423,1.57449,1.12,1.10
2015.08.27 13:23:01.465,1.57425,1.57451,1.00,1.10
2015.08.27 13:23:01.569,1.57424,1.57451,1.75,1.10
2015.08.27 13:23:02.695,1.57428,1.57451,1.00,1.10
2015.08.27 13:23:03.000,1.57429,1.57454,1.82,1.07
2015.08.27 13:23:03.102,1.57431,1.57458,1.00,2.10
2015.08.27 13:23:03.204,1.57433,1.57458,1.00,1.00
2015.08.27 13:23:03.508,1.57433,1.57456,1.17,1.00
2015.08.27 13:23:04.025,1.57433,1.57456,1.65,1.00
2015.08.27 13:23:04.536,1.57432,1.57459,1.20,1.87
2015.08.27 13:23:05.375,1.57433,1.57459,1.92,1.50
2015.08.27 13:23:05.933,1.57438,1.5746,1.00,1.00
2015.08.27 13:23:06.408,1.57438,1.57456,1.00,1.00
2015.08.27 13:23:06.712,1.57438,1.57459,1.00,1.00
2015.08.27 13:23:06.815,1.57438,1.57462,1.97,1.00
2015.08.27 13:23:07.122,1.57448,1.57466,1.00,1.00
2015.08.27 13:23:07.438,1.57446,1.5746,1.12,1.00
2015.08.27 13:23:07.591,1.57441,1.5746,1.87,1.00
2015.08.27 13:23:07.743,1.57441,1.57463,1.87,1.00
2015.08.27 13:23:08.253,1.57441,1.57462,1.12,1.00
2015.08.27 13:23:08.405,1.57441,1.57459,1.12,1.00
2015.08.27 13:23:09.115,1.57441,1.57456,1.12,1.00
2015.08.27 13:23:09.217,1.57439,1.5746,1.00,1.50
2015.08.27 13:23:09.370,1.57439,1.57457,1.00,1.00
2015.08.27 13:23:09.528,1.57431,1.57453,1.75,1.30
2015.08.27 13:23:09.580,1.5743,1.57449,1.37,1.00
2015.08.27 13:23:09.631,1.5743,1.57449,1.00,1.00
2015.08.27 13:23:09.733,1.57428,1.57449,1.00,1.00
2015.08.27 13:23:10.292,1.57425,1.57449,1.75,1.00
2015.08.27 13:23:10.634,1.57427,1.57451,1.50,1.17
2015.08.27 13:23:10.943,1.57427,1.57447,1.75,1.00
2015.08.27 13:23:11.250,1.57418,1.57436,1.50,1.00
2015.08.27 13:23:11.702,1.57416,1.5744,2.62,1.20
2015.08.27 13:23:12.123,1.57418,1.57444,1.12,1.87
2015.08.27 13:23:12.277,1.57418,1.57443,1.37,1.20
2015.08.27 13:23:16.551,1.57421,1.57443,1.12,1.55
2015.08.27 13:23:16.852,1.57429,1.57449,1.00,1.87
2015.08.27 13:23:16.903,1.57429,1.57449,1.37,1.00
2015.08.27 13:23:16.954,1.57429,1.57455,1.75,2.62
2015.08.27 13:23:17.005,1.57434,1.57451,1.00,1.00
2015.08.27 13:23:17.158,1.57437,1.57457,1.00,1.52
2015.08.27 13:23:17.259,1.57437,1.57461,1.50,2.62
2015.08.27 13:23:17.766,1.57437,1.57461,1.50,1.15
2015.08.27 13:23:18.981,1.57437,1.57461,1.50,1.52
2015.08.27 13:23:19.082,1.57439,1.57461,1.00,1.52
2015.08.27 13:23:20.626,1.57447,1.57461,1.00,1.52
2015.08.27 13:23:20.821,1.57447,1.57467,1.00,2.25
2015.08.27 13:23:20.873,1.57451,1.57473,1.00,2.25
2015.08.27 13:23:21.788,1.57448,1.5747,1.00,1.55
2015.08.27 13:23:22.105,1.57452,1.57469,1.00,1.27
2015.08.27 13:23:22.311,1.57452,1.57474,1.00,1.65
2015.08.27 13:23:22.514,1.57453,1.57477,1.00,1.87
2015.08.27 13:23:24.586,1.57456,1.57477,1.00,1.50
2015.08.27 13:23:24.738,1.57456,1.57478,1.00,1.15
2015.08.27 13:23:24.789,1.5746,1.5748,1.00,2.25
2015.08.27 13:23:25.094,1.57468,1.57482,1.00,1.12
2015.08.27 13:23:25.146,1.57468,1.57481,1.00,1.15
2015.08.27 13:23:25.321,1.57464,1.57489,1.37,1.55
2015.08.27 13:23:25.373,1.57464,1.57488,1.00,1.27
2015.08.27 13:23:25.475,1.57464,1.57488,1.00,1.57
2015.08.27 13:23:25.832,1.57464,1.57487,1.00,1.00
2015.08.27 13:23:25.934,1.57462,1.57487,1.12,1.50
2015.08.27 13:23:25.986,1.57458,1.57487,2.25,2.25
2015.08.27 13:23:26.037,1.57458,1.57484,1.12,1.12
2015.08.27 13:23:26.089,1.57456,1.57476,1.75,1.12
2015.08.27 13:23:26.140,1.57454,1.57476,1.00,1.12
2015.08.27 13:23:28.303,1.57454,1.57473,1.00,1.00
2015.08.27 13:23:28.355,1.5745,1.57472,1.50,1.00
2015.08.27 13:23:28.457,1.57448,1.57472,1.00,1.37
2015.08.27 13:23:28.560,1.57445,1.57472,1.87,1.00
2015.08.27 13:23:28.822,1.57447,1.57472,1.12,1.37
2015.08.27 13:23:29.228,1.57447,1.57472,1.50,1.12
2015.08.27 13:23:31.262,1.57454,1.57477,1.50,1.57
2015.08.27 13:23:31.313,1.57454,1.57477,1.50,1.17
2015.08.27 13:23:31.567,1.57454,1.57479,1.00,1.45
2015.08.27 13:23:32.995,1.57454,1.57477,1.00,1.00
2015.08.27 13:23:33.046,1.57454,1.57476,1.00,1.75
2015.08.27 13:23:33.148,1.57446,1.57474,1.12,3.30
2015.08.27 13:23:33.199,1.57446,1.57474,1.00,2.40
2015.08.27 13:23:33.250,1.57446,1.5747,1.00,1.00
2015.08.27 13:23:33.502,1.57442,1.57469,1.00,1.07
2015.08.27 13:23:33.759,1.57442,1.57469,1.00,1.10
2015.08.27 13:23:34.166,1.57442,1.5747,2.25,1.55
2015.08.27 13:23:34.717,1.57442,1.5747,1.75,1.52
2015.08.27 13:23:35.555,1.57441,1.57463,1.87,1.60
2015.08.27 13:23:35.657,1.57439,1.57449,1.17,1.00
2015.08.27 13:23:35.708,1.57432,1.57449,1.20,1.00
2015.08.27 13:23:35.922,1.57434,1.57448,1.35,1.00
2015.08.27 13:23:35.973,1.57437,1.57461,1.72,1.00
2015.08.27 13:23:36.075,1.57443,1.57465,1.00,1.17
2015.08.27 13:23:36.177,1.57443,1.57466,1.00,1.00
2015.08.27 13:23:36.279,1.57438,1.57466,1.75,1.55
2015.08.27 13:23:36.584,1.57439,1.57466,1.50,2.02
2015.08.27 13:23:37.070,1.57435,1.57461,1.12,1.47
2015.08.27 13:23:37.580,1.57437,1.57463,1.00,2.02
2015.08.27 13:23:38.212,1.57436,1.57459,1.00,1.00
2015.08.27 13:23:38.518,1.57429,1.57448,1.20,1.00
2015.08.27 13:23:38.570,1.57429,1.57447,1.00,1.00
2015.08.27 13:23:38.673,1.57428,1.57454,1.00,1.45
2015.08.27 13:23:38.825,1.57428,1.57451,1.00,1.00
2015.08.27 13:23:39.232,1.57447,1.57468,1.00,1.00
2015.08.27 13:23:39.285,1.57448,1.57475,1.50,1.00
2015.08.27 13:23:39.336,1.57446,1.57477,1.12,1.12
2015.08.27 13:23:39.795,1.57447,1.57476,1.82,2.85
2015.08.27 13:23:39.998,1.57447,1.57471,1.50,1.00
2015.08.27 13:23:40.050,1.57445,1.57465,2.02,1.00
2015.08.27 13:23:40.410,1.57447,1.57472,2.17,1.30
2015.08.27 13:23:40.512,1.57447,1.57474,3.00,1.12
2015.08.27 13:23:40.868,1.57447,1.57474,2.40,1.00
2015.08.27 13:23:41.173,1.57448,1.57471,1.47,1.00
2015.08.27 13:23:41.684,1.57452,1.57474,1.00,1.00
2015.08.27 13:23:41.786,1.57456,1.57478,1.50,1.00
2015.08.27 13:23:43.480,1.5746,1.57478,1.00,1.00
2015.08.27 13:23:43.531,1.5746,1.57482,1.00,1.00
2015.08.27 13:23:43.785,1.57458,1.57479,1.12,1.35
2015.08.27 13:23:44.090,1.57454,1.57474,1.12,1.00
2015.08.27 13:23:44.394,1.57455,1.5747,1.00,1.00
2015.08.27 13:23:44.600,1.57448,1.57474,1.57,1.00
2015.08.27 13:23:44.651,1.5745,1.57472,1.00,1.00
2015.08.27 13:23:44.956,1.57454,1.5748,1.95,1.00
2015.08.27 13:23:45.262,1.57458,1.5748,1.35,1.00
2015.08.27 13:23:45.832,1.57458,1.57478,1.35,1.00
2015.08.27 13:23:45.883,1.57457,1.57478,1.12,1.00
2015.08.27 13:23:45.986,1.57454,1.57474,2.02,1.00
2015.08.27 13:23:46.088,1.57457,1.57474,1.00,1.00
2015.08.27 13:23:46.139,1.57454,1.57474,1.00,1.00
2015.08.27 13:23:46.242,1.57454,1.57472,1.00,1.00
2015.08.27 13:23:46.656,1.57451,1.57465,1.75,1.00
2015.08.27 13:23:46.810,1.57451,1.57465,1.00,1.00
2015.08.27 13:23:47.014,1.57445,1.57461,1.12,1.00
2015.08.27 13:23:47.117,1.57442,1.57461,1.12,1.00
2015.08.27 13:23:47.219,1.57443,1.57461,1.00,1.00
2015.08.27 13:23:47.462,1.57443,1.57454,1.00,1.00
2015.08.27 13:23:47.615,1.57436,1.57452,1.47,1.00
2015.08.27 13:23:47.768,1.57435,1.57452,1.00,1.00
2015.08.27 13:23:47.973,1.57431,1.57448,1.90,1.00
2015.08.27 13:23:48.394,1.5743,1.57446,1.75,1.00
2015.08.27 13:23:48.707,1.57429,1.57441,1.00,1.00
2015.08.27 13:23:48.809,1.57424,1.57441,1.00,1.00
2015.08.27 13:23:48.860,1.57417,1.57441,1.95,1.00
2015.08.27 13:23:48.911,1.57421,1.57437,1.12,1.00
2015.08.27 13:23:49.319,1.57423,1.57437,1.00,1.00
2015.08.27 13:23:49.426,1.57419,1.57437,1.12,1.00
2015.08.27 13:23:49.731,1.57417,1.57437,1.10,1.00
2015.08.27 13:23:49.832,1.57417,1.57434,1.00,1.00
2015.08.27 13:23:49.934,1.57415,1.57434,2.32,1.00
2015.08.27 13:23:50.590,1.57415,1.57434,1.75,1.00
2015.08.27 13:23:51.403,1.57417,1.57436,1.37,1.00
2015.08.27 13:23:51.700,1.57415,1.57435,1.50,1.00
2015.08.27 13:23:52.469,1.57415,1.57438,1.00,1.00
2015.08.27 13:23:52.717,1.57417,1.57438,1.87,1.00
2015.08.27 13:23:52.920,1.57419,1.5744,1.00,1.00
2015.08.27 13:23:56.422,1.57419,1.57444,1.00,1.50
2015.08.27 13:23:56.617,1.57417,1.57443,1.20,1.00
2015.08.27 13:23:57.328,1.57419,1.57443,1.00,1.00
2015.08.27 13:23:57.431,1.57417,1.57443,1.20,1.00
2015.08.27 13:23:57.585,1.57422,1.57447,1.12,1.00
2015.08.27 13:23:57.637,1.57422,1.57447,1.50,1.00
2015.08.27 13:23:58.162,1.57425,1.57447,1.00,1.00
2015.08.27 13:23:58.623,1.57423,1.57443,1.37,1.00
2015.08.27 13:23:58.726,1.57421,1.57443,1.37,1.00
2015.08.27 13:23:59.034,1.57418,1.57444,1.37,1.00
2015.08.27 13:23:59.339,1.57418,1.57444,1.00,1.37
2015.08.27 13:23:59.644,1.57415,1.57437,1.20,1.00
2015.08.27 13:24:00.166,1.57416,1.57436,1.12,1.00
2015.08.27 13:24:00.578,1.57416,1.57433,1.37,1.00
2015.08.27 13:24:00.630,1.57413,1.57433,1.37,1.00
2015.08.27 13:24:00.681,1.5741,1.57429,2.32,1.60
2015.08.27 13:24:00.834,1.57404,1.57423,1.00,1.00
2015.08.27 13:24:00.937,1.57404,1.57426,1.00,1.00
2015.08.27 13:24:01.146,1.57405,1.57426,1.97,1.00
2015.08.27 13:24:01.351,1.57409,1.57431,1.12,1.00
2015.08.27 13:24:01.606,1.5741,1.57434,1.20,1.00
2015.08.27 13:24:01.658,1.5741,1.57437,1.20,1.50
2015.08.27 13:24:01.913,1.57411,1.57435,1.50,1.00
2015.08.27 13:24:02.223,1.5741,1.57434,2.40,1.00
2015.08.27 13:24:03.042,1.5741,1.57434,1.65,1.00
2015.08.27 13:24:03.901,1.5741,1.57432,1.00,1.00
2015.08.27 13:24:04.212,1.5741,1.57432,1.00,1.37
2015.08.27 13:24:04.265,1.5741,1.57432,1.00,1.37
2015.08.27 13:24:04.774,1.5741,1.57432,1.37,1.37
2015.08.27 13:24:05.282,1.5741,1.5743,1.37,1.00
2015.08.27 13:24:06.614,1.5741,1.57422,1.00,1.00
2015.08.27 13:24:06.666,1.57406,1.57422,1.00,1.00
2015.08.27 13:24:06.768,1.57402,1.57422,1.45,1.00
2015.08.27 13:24:07.174,1.57402,1.57418,1.07,1.00
2015.08.27 13:24:07.481,1.57395,1.57415,1.87,1.00
2015.08.27 13:24:07.993,1.57395,1.57416,1.50,1.00
2015.08.27 13:24:08.502,1.57395,1.57415,1.87,1.00
2015.08.27 13:24:08.871,1.57397,1.57416,1.37,1.00
2015.08.27 13:24:08.922,1.57399,1.57423,1.20,1.00
2015.08.27 13:24:09.024,1.57401,1.57429,1.75,2.10
2015.08.27 13:24:09.536,1.574,1.57426,1.42,1.00
2015.08.27 13:24:10.197,1.57402,1.57426,1.12,1.00
2015.08.27 13:24:10.704,1.57402,1.57426,1.37,1.00
2015.08.27 13:24:10.858,1.57404,1.57429,1.42,1.00
2015.08.27 13:24:10.981,1.57405,1.57432,1.12,1.50
2015.08.27 13:24:11.033,1.57405,1.57432,2.02,1.00
2015.08.27 13:24:11.085,1.57408,1.57434,1.12,1.12
2015.08.27 13:24:11.188,1.57405,1.57434,2.40,1.87
2015.08.27 13:24:11.493,1.57403,1.5743,1.20,1.50
2015.08.27 13:24:11.696,1.57401,1.57425,1.20,1.00
2015.08.27 13:24:11.899,1.574,1.57425,1.75,1.00
2015.08.27 13:24:12.050,1.574,1.57425,1.00,1.50
2015.08.27 13:24:12.102,1.57397,1.57423,1.15,1.00
2015.08.27 13:24:12.153,1.57397,1.57426,1.90,1.00
2015.08.27 13:24:12.358,1.574,1.57427,1.20,1.00
2015.08.27 13:24:12.511,1.574,1.57429,1.57,1.00
2015.08.27 13:24:12.918,1.57401,1.57431,1.20,1.12
2015.08.27 13:24:13.279,1.57403,1.57432,1.27,2.25
2015.08.27 13:24:14.067,1.57402,1.57432,1.90,2.62
2015.08.27 13:24:14.118,1.57402,1.57432,2.77,2.25
2015.08.27 13:24:14.428,1.57408,1.57434,1.50,1.00
2015.08.27 13:24:14.734,1.57411,1.57436,1.12,1.12
2015.08.27 13:24:15.090,1.5741,1.57436,1.50,1.12
2015.08.27 13:24:15.695,1.57408,1.57436,1.20,1.37
2015.08.27 13:24:15.848,1.57408,1.57431,1.20,1.00
2015.08.27 13:24:16.152,1.57408,1.57434,1.12,1.00
2015.08.27 13:24:16.508,1.57413,1.57434,1.00,1.00
2015.08.27 13:24:16.945,1.57413,1.57432,1.00,1.00
2015.08.27 13:24:17.758,1.57413,1.5743,1.00,1.00
2015.08.27 13:24:17.860,1.57409,1.5743,1.00,1.00
2015.08.27 13:24:18.008,1.57403,1.57428,1.95,1.37
2015.08.27 13:24:18.162,1.57401,1.57421,1.12,1.00
2015.08.27 13:24:18.316,1.57401,1.57423,1.12,1.00
2015.08.27 13:24:18.672,1.57405,1.57423,1.00,1.00
2015.08.27 13:24:18.825,1.57405,1.57425,1.00,1.00
2015.08.27 13:24:19.009,1.57405,1.57427,1.00,1.12
2015.08.27 13:24:19.163,1.57405,1.57425,1.00,1.00
2015.08.27 13:24:19.319,1.57405,1.57429,1.00,1.85
2015.08.27 13:24:19.421,1.57405,1.57427,1.00,1.50
2015.08.27 13:24:19.726,1.57405,1.57423,1.00,1.00
2015.08.27 13:24:20.236,1.57405,1.57422,1.00,1.00
2015.08.27 13:24:20.287,1.57398,1.57422,1.12,1.00
2015.08.27 13:24:20.389,1.57401,1.57422,1.00,1.00
2015.08.27 13:24:20.697,1.57411,1.57428,1.00,1.00
2015.08.27 13:24:20.749,1.57411,1.57434,1.00,2.62
2015.08.27 13:24:20.851,1.57411,1.57434,1.00,1.27
2015.08.27 13:24:21.360,1.57411,1.57434,1.00,1.50
2015.08.27 13:24:21.715,1.57414,1.57434,1.00,2.10
2015.08.27 13:24:22.020,1.57417,1.57436,1.00,1.00
2015.08.27 13:24:22.329,1.57413,1.57436,1.00,1.00
2015.08.27 13:24:22.380,1.57417,1.57436,1.00,1.00
2015.08.27 13:24:22.431,1.57413,1.57436,1.00,1.00
2015.08.27 13:24:22.483,1.57413,1.57439,2.25,1.00
2015.08.27 13:24:22.788,1.57411,1.57435,1.00,1.00
2015.08.27 13:24:22.941,1.57406,1.5743,1.75,1.00
2015.08.27 13:24:22.992,1.57406,1.5743,1.12,1.00
2015.08.27 13:24:23.145,1.57406,1.57428,1.00,1.00
2015.08.27 13:24:23.490,1.57408,1.57428,1.12,1.00
2015.08.27 13:24:23.541,1.57408,1.57431,1.12,1.00
2015.08.27 13:24:23.643,1.57408,1.57435,1.12,1.47
2015.08.27 13:24:24.201,1.57408,1.57434,1.50,1.12
2015.08.27 13:24:25.408,1.57412,1.57434,1.00,1.12
2015.08.27 13:24:27.279,1.57412,1.57432,1.00,1.00
2015.08.27 13:24:27.413,1.57408,1.5743,1.00,1.00
2015.08.27 13:24:27.464,1.57406,1.5743,1.35,1.00
2015.08.27 13:24:27.515,1.57409,1.57432,1.00,1.75
2015.08.27 13:24:27.618,1.57409,1.57432,1.00,1.00
2015.08.27 13:24:27.719,1.57411,1.57432,1.00,1.00
2015.08.27 13:24:28.025,1.57411,1.57435,1.00,1.37
2015.08.27 13:24:29.231,1.57411,1.57436,1.50,1.00
2015.08.27 13:24:29.332,1.57411,1.57434,1.00,1.00
2015.08.27 13:24:29.587,1.57411,1.57437,1.12,1.37
2015.08.27 13:24:30.132,1.57411,1.57437,1.50,1.12
2015.08.27 13:24:30.743,1.57415,1.57437,1.00,1.00
2015.08.27 13:24:31.144,1.5741,1.57437,2.32,1.37
2015.08.27 13:24:31.298,1.5741,1.57432,1.00,1.00
2015.08.27 13:24:31.602,1.57412,1.57434,1.00,1.50
2015.08.27 13:24:31.806,1.57412,1.57435,1.12,1.10
2015.08.27 13:24:32.060,1.57408,1.57433,1.12,1.00
2015.08.27 13:24:32.188,1.57408,1.57436,1.00,1.57
2015.08.27 13:24:33.205,1.57411,1.57431,1.00,1.00
2015.08.27 13:24:33.410,1.57411,1.57433,1.00,1.00
2015.08.27 13:24:33.969,1.57411,1.57434,1.00,1.00
2015.08.27 13:24:34.474,1.57411,1.57433,1.00,1.00
2015.08.27 13:24:34.830,1.57409,1.57433,1.00,1.37
2015.08.27 13:24:35.399,1.57409,1.57433,1.12,1.00
2015.08.27 13:24:35.863,1.57412,1.57433,1.00,1.00
2015.08.27 13:24:36.167,1.57415,1.57434,1.00,1.12
2015.08.27 13:24:37.408,1.57411,1.57434,1.00,1.12
2015.08.27 13:24:39.473,1.57409,1.57434,1.10,1.87
2015.08.27 13:24:39.676,1.57409,1.5743,1.10,1.00
2015.08.27 13:24:39.992,1.57401,1.57416,1.55,1.00
2015.08.27 13:24:40.094,1.57391,1.57416,1.72,1.37
2015.08.27 13:24:40.196,1.57389,1.57415,1.42,1.00
2015.08.27 13:24:40.350,1.57391,1.57418,1.37,1.00
2015.08.27 13:24:40.402,1.57391,1.57418,1.12,1.00
2015.08.27 13:24:40.659,1.57394,1.5742,1.37,1.00
2015.08.27 13:24:40.710,1.57396,1.57423,1.37,1.17
2015.08.27 13:24:40.862,1.57401,1.57426,1.00,1.12
2015.08.27 13:24:40.913,1.57401,1.57427,1.37,1.12
2015.08.27 13:24:40.965,1.57402,1.57429,1.75,2.25
2015.08.27 13:24:41.169,1.57406,1.57432,1.00,1.50
2015.08.27 13:24:41.220,1.57406,1.57432,1.50,1.00
2015.08.27 13:24:41.781,1.57407,1.57431,1.37,1.00
2015.08.27 13:24:42.137,1.57405,1.57431,1.87,1.37
2015.08.27 13:24:42.492,1.57405,1.57432,1.12,1.50
2015.08.27 13:24:42.594,1.57405,1.57432,1.12,1.50
2015.08.27 13:24:42.938,1.57404,1.57428,1.00,1.00
2015.08.27 13:24:43.091,1.57402,1.57428,1.00,1.00
2015.08.27 13:24:43.599,1.57402,1.57428,1.37,1.00
2015.08.27 13:24:43.701,1.57402,1.57429,1.75,1.50
2015.08.27 13:24:44.059,1.57406,1.57431,1.37,1.07
2015.08.27 13:24:44.369,1.57413,1.57433,1.00,1.00
2015.08.27 13:24:44.573,1.5741,1.57434,1.00,1.12
2015.08.27 13:24:44.625,1.5741,1.57434,1.00,1.12
2015.08.27 13:24:44.930,1.5741,1.57434,1.00,1.27
2015.08.27 13:24:45.250,1.5741,1.57432,1.00,1.50
2015.08.27 13:24:45.506,1.57414,1.57432,1.00,1.50
2015.08.27 13:24:45.964,1.5741,1.57434,1.00,1.57
2015.08.27 13:24:46.513,1.57413,1.57434,1.00,1.20
2015.08.27 13:24:46.819,1.57416,1.57437,1.00,1.00
2015.08.27 13:24:47.024,1.57419,1.57444,1.00,1.95
2015.08.27 13:24:47.273,1.57417,1.57443,1.00,1.50
2015.08.27 13:24:47.528,1.5742,1.57441,1.00,1.00
2015.08.27 13:24:47.732,1.57421,1.57443,1.00,1.00
2015.08.27 13:24:47.885,1.57425,1.57443,1.00,1.12
2015.08.27 13:24:48.191,1.57425,1.57448,1.00,1.37
2015.08.27 13:24:49.096,1.57421,1.57448,1.12,1.37
2015.08.27 13:24:49.199,1.57423,1.57448,1.00,1.50
2015.08.27 13:24:49.728,1.57423,1.57449,1.00,1.87
2015.08.27 13:24:50.791,1.57423,1.57448,1.00,1.57
2015.08.27 13:24:51.300,1.57423,1.57448,1.00,1.57
2015.08.27 13:24:51.605,1.57426,1.57448,1.00,1.57
2015.08.27 13:24:51.891,1.57423,1.57447,1.00,1.12
2015.08.27 13:24:52.401,1.57426,1.57448,1.00,1.57
2015.08.27 13:24:52.705,1.57428,1.57448,1.00,1.10
2015.08.27 13:24:53.115,1.57425,1.57451,1.37,1.27
2015.08.27 13:24:53.167,1.57428,1.57451,1.00,1.27
2015.08.27 13:24:53.372,1.57426,1.57451,1.00,1.65
2015.08.27 13:24:53.424,1.57426,1.57451,1.00,1.65
2015.08.27 13:24:53.680,1.57423,1.5745,1.50,1.37
2015.08.27 13:24:53.833,1.57423,1.5745,1.12,1.87
2015.08.27 13:24:54.337,1.57422,1.57446,1.12,1.10
2015.08.27 13:24:54.445,1.57422,1.57449,1.50,1.27
2015.08.27 13:24:54.497,1.57425,1.57449,1.00,1.20
2015.08.27 13:24:54.802,1.57425,1.57451,1.12,1.10
2015.08.27 13:24:55.640,1.57425,1.57451,2.25,1.10
2015.08.27 13:24:55.996,1.57426,1.57453,1.00,1.90
2015.08.27 13:24:56.647,1.57426,1.57454,1.00,3.07
2015.08.27 13:24:57.154,1.57426,1.57454,1.50,2.70
2015.08.27 13:24:57.632,1.57425,1.57454,1.50,3.07
2015.08.27 13:24:57.734,1.57425,1.57452,1.50,1.65
2015.08.27 13:24:58.290,1.57425,1.57447,1.00,1.00
2015.08.27 13:24:58.973,1.57423,1.57447,1.87,1.00
2015.08.27 13:24:59.292,1.5743,1.5745,1.37,1.20
2015.08.27 13:24:59.597,1.57429,1.57453,1.37,1.65
2015.08.27 13:24:59.954,1.57432,1.57457,1.87,1.57
2015.08.27 13:25:00.005,1.57432,1.57457,1.12,1.10
2015.08.27 13:25:00.056,1.57431,1.5746,1.50,1.95
2015.08.27 13:25:00.180,1.5743,1.57457,1.00,1.57
2015.08.27 13:25:00.486,1.57429,1.57457,1.00,2.32
2015.08.27 13:25:01.234,1.57429,1.57452,1.37,1.10
2015.08.27 13:25:01.578,1.57429,1.57449,1.37,1.00
2015.08.27 13:25:01.971,1.57429,1.57449,1.50,1.00
2015.08.27 13:25:02.073,1.57432,1.57454,1.37,1.55
2015.08.27 13:25:02.175,1.57432,1.57454,1.12,1.55
2015.08.27 13:25:02.508,1.57427,1.57452,1.37,1.10
2015.08.27 13:25:03.123,1.57427,1.57452,1.37,1.10
2015.08.27 13:25:03.506,1.57427,1.57452,1.37,1.10
2015.08.27 13:25:03.841,1.57424,1.5745,1.87,1.12
2015.08.27 13:25:04.146,1.57432,1.57453,1.37,1.10
2015.08.27 13:25:04.663,1.57429,1.57455,1.87,1.20
2015.08.27 13:25:04.906,1.57429,1.57453,1.37,1.20
2015.08.27 13:25:05.009,1.57426,1.57453,1.37,1.45
2015.08.27 13:25:05.110,1.5743,1.57453,1.00,1.45
2015.08.27 13:25:05.415,1.5743,1.57453,1.87,1.45
2015.08.27 13:25:05.669,1.5743,1.57454,1.87,1.10
2015.08.27 13:25:05.720,1.57433,1.57454,1.12,1.10
2015.08.27 13:25:05.823,1.57435,1.57458,1.00,1.82
2015.08.27 13:25:05.874,1.57435,1.57459,1.00,1.82
2015.08.27 13:25:06.033,1.57432,1.57459,1.00,1.20
2015.08.27 13:25:06.237,1.57429,1.57457,1.50,1.47
2015.08.27 13:25:06.442,1.57436,1.57457,1.00,1.45
2015.08.27 13:25:06.748,1.57437,1.57459,1.00,1.00
2015.08.27 13:25:06.900,1.57437,1.57462,1.00,1.65
2015.08.27 13:25:07.273,1.5744,1.57462,1.00,1.17
2015.08.27 13:25:07.477,1.5744,1.57466,1.12,1.57
2015.08.27 13:25:07.782,1.5744,1.57466,1.12,1.20
2015.08.27 13:25:08.000,1.5744,1.57462,1.12,1.00
2015.08.27 13:25:08.340,1.5744,1.57462,1.50,1.00
2015.08.27 13:25:09.062,1.57443,1.57464,1.37,1.00
2015.08.27 13:25:09.114,1.57446,1.57468,1.12,1.45
2015.08.27 13:25:09.309,1.57444,1.57471,1.12,2.77
2015.08.27 13:25:09.361,1.57443,1.57468,1.12,1.12
2015.08.27 13:25:09.413,1.57442,1.57465,1.50,1.00
2015.08.27 13:25:09.769,1.57442,1.57467,1.00,1.00
2015.08.27 13:25:09.871,1.57443,1.57469,1.37,1.55
2015.08.27 13:25:10.177,1.57443,1.57468,1.50,1.10
2015.08.27 13:25:10.686,1.57446,1.5747,1.12,1.27
2015.08.27 13:25:10.991,1.57447,1.5747,1.37,1.27
2015.08.27 13:25:11.145,1.57447,1.5747,1.50,1.15
2015.08.27 13:25:11.744,1.57447,1.57469,1.37,1.20
2015.08.27 13:25:12.048,1.57444,1.57462,1.50,1.00
2015.08.27 13:25:12.251,1.57447,1.57464,1.12,1.00
2015.08.27 13:25:12.303,1.57447,1.57461,1.12,1.00
2015.08.27 13:25:12.355,1.57443,1.5746,1.12,1.00
2015.08.27 13:25:12.512,1.57438,1.57456,1.12,1.00
2015.08.27 13:25:12.563,1.57438,1.57451,1.12,1.00
2015.08.27 13:25:13.223,1.57438,1.57451,1.12,1.00
2015.08.27 13:25:14.649,1.57438,1.5745,1.75,1.00
2015.08.27 13:25:14.835,1.57433,1.57447,1.12,1.00
2015.08.27 13:25:15.039,1.57432,1.57447,1.37,1.00
2015.08.27 13:25:15.090,1.57434,1.57454,1.00,1.00
2015.08.27 13:25:15.192,1.57432,1.57454,1.12,1.00
2015.08.27 13:25:15.244,1.57432,1.57456,1.12,1.10
2015.08.27 13:25:15.295,1.5743,1.57456,1.75,1.10
2015.08.27 13:25:17.960,1.57432,1.57456,1.12,1.10
2015.08.27 13:25:18.169,1.57434,1.57458,1.12,1.27
2015.08.27 13:25:18.381,1.57435,1.57458,1.75,1.00
2015.08.27 13:25:18.533,1.57434,1.57463,1.87,1.65
2015.08.27 13:25:19.041,1.57436,1.5746,1.75,1.20
2015.08.27 13:25:19.244,1.57436,1.57462,1.37,1.27
2015.08.27 13:25:19.508,1.57436,1.57462,1.37,1.95
2015.08.27 13:25:19.814,1.57438,1.57465,1.12,1.57
2015.08.27 13:25:19.865,1.57438,1.57465,1.12,1.27
2015.08.27 13:25:20.583,1.57435,1.57455,1.12,1.37
2015.08.27 13:25:20.737,1.57424,1.57451,2.25,1.50
2015.08.27 13:25:21.780,1.57423,1.5745,1.67,1.95
2015.08.27 13:25:21.882,1.57423,1.5745,1.35,1.95
2015.08.27 13:25:22.390,1.57423,1.5745,1.35,1.85
2015.08.27 13:25:22.542,1.57424,1.5745,1.75,1.10
2015.08.27 13:25:22.982,1.57424,1.5745,1.37,1.57
2015.08.27 13:25:23.084,1.57424,1.57446,1.37,1.00
2015.08.27 13:25:23.287,1.57424,1.57446,1.37,1.00
2015.08.27 13:25:23.794,1.57421,1.57446,2.47,1.00
2015.08.27 13:25:24.339,1.57421,1.57446,2.10,1.00
2015.08.27 13:25:24.391,1.57423,1.57441,1.30,1.00
2015.08.27 13:25:24.494,1.57417,1.57441,1.87,1.12
2015.08.27 13:25:24.597,1.57417,1.57441,1.37,1.12
2015.08.27 13:25:24.699,1.57415,1.57439,1.37,1.00
2015.08.27 13:25:24.851,1.57412,1.57436,1.50,1.00
2015.08.27 13:25:25.195,1.57413,1.57436,1.00,1.50
2015.08.27 13:25:25.703,1.57415,1.57436,1.00,1.10
2015.08.27 13:25:26.823,1.57415,1.57436,1.37,1.00
2015.08.27 13:25:27.424,1.57411,1.57433,1.12,1.00
2015.08.27 13:25:27.628,1.57409,1.57432,1.00,1.12
2015.08.27 13:25:27.730,1.57408,1.57432,1.00,1.87
2015.08.27 13:25:27.832,1.57405,1.57428,1.00,1.00
2015.08.27 13:25:28.510,1.57403,1.57428,1.37,1.50
2015.08.27 13:25:28.612,1.57401,1.57428,2.62,1.50
2015.08.27 13:25:28.713,1.57401,1.57426,1.87,1.00
2015.08.27 13:25:29.018,1.57399,1.57424,1.75,1.00
2015.08.27 13:25:29.170,1.57401,1.57426,1.12,1.00
2015.08.27 13:25:29.674,1.57409,1.57427,1.00,1.00
2015.08.27 13:25:30.234,1.57402,1.57427,1.50,1.00
2015.08.27 13:25:30.285,1.57402,1.57424,1.50,1.30
2015.08.27 13:25:30.590,1.57399,1.57414,1.00,1.20
2015.08.27 13:25:30.815,1.57397,1.57417,1.00,1.12
2015.08.27 13:25:30.968,1.57399,1.5742,1.00,1.50
2015.08.27 13:25:31.020,1.57399,1.57421,1.00,1.87
2015.08.27 13:25:31.122,1.57399,1.57421,1.00,1.15
2015.08.27 13:25:31.329,1.57398,1.57418,1.00,1.87
2015.08.27 13:25:31.431,1.57395,1.57418,1.00,1.27
2015.08.27 13:25:31.533,1.57395,1.57418,1.00,2.32
2015.08.27 13:25:32.500,1.57395,1.57417,1.37,1.87
2015.08.27 13:25:32.602,1.57395,1.57417,1.00,1.87
2015.08.27 13:25:32.806,1.5739,1.57417,2.25,2.25
2015.08.27 13:25:33.321,1.5739,1.57415,1.50,1.15
2015.08.27 13:25:33.524,1.57395,1.57417,1.37,1.87
2015.08.27 13:25:33.829,1.57395,1.57416,1.75,1.75
2015.08.27 13:25:34.040,1.574,1.57421,1.37,1.12
2015.08.27 13:25:34.142,1.57403,1.57424,1.37,1.12
2015.08.27 13:25:34.193,1.57403,1.57425,1.37,1.75
2015.08.27 13:25:34.447,1.574,1.57425,1.75,1.75
2015.08.27 13:25:34.549,1.574,1.57425,1.50,1.75
2015.08.27 13:25:34.600,1.574,1.57425,1.12,1.75
2015.08.27 13:25:34.934,1.574,1.57424,1.50,1.75
2015.08.27 13:25:35.240,1.57399,1.57424,1.75,1.12
2015.08.27 13:25:35.749,1.57399,1.57425,1.75,1.50
2015.08.27 13:25:36.037,1.57398,1.57422,1.12,1.50
2015.08.27 13:25:36.088,1.57396,1.57422,1.50,1.50
2015.08.27 13:25:36.140,1.57396,1.57421,1.50,1.82
2015.08.27 13:25:36.446,1.57397,1.57421,1.12,1.75
2015.08.27 13:25:37.751,1.57397,1.5742,1.12,1.45
2015.08.27 13:25:37.802,1.57397,1.5742,1.12,1.50
2015.08.27 13:25:38.305,1.57395,1.57419,1.75,1.12
2015.08.27 13:25:39.513,1.57396,1.57419,1.12,1.12
2015.08.27 13:25:40.001,1.57399,1.5742,1.12,1.75
2015.08.27 13:25:40.103,1.57399,1.5742,1.12,1.07
2015.08.27 13:25:40.155,1.57399,1.5742,1.87,1.00
2015.08.27 13:25:40.307,1.57399,1.5742,1.75,1.00
2015.08.27 13:25:40.358,1.57401,1.57416,1.37,1.00
2015.08.27 13:25:41.124,1.57396,1.57416,2.25,1.00
2015.08.27 13:25:41.328,1.57396,1.57416,2.25,1.00
2015.08.27 13:25:41.632,1.57395,1.57416,1.50,1.00
2015.08.27 13:25:42.152,1.57396,1.57415,1.12,1.00
2015.08.27 13:25:42.406,1.57396,1.57415,1.87,1.00
2015.08.27 13:25:43.682,1.57396,1.57409,1.37,1.00
2015.08.27 13:25:43.733,1.57395,1.57409,1.37,1.00
2015.08.27 13:25:43.785,1.57395,1.57407,1.37,1.00
2015.08.27 13:25:44.090,1.57388,1.57407,1.75,1.00
2015.08.27 13:25:44.721,1.57388,1.57407,1.12,1.00
2015.08.27 13:25:44.874,1.57388,1.57403,1.12,1.00
2015.08.27 13:25:45.026,1.57383,1.57403,1.87,1.00
2015.08.27 13:25:45.444,1.57384,1.57405,1.50,1.00
2015.08.27 13:25:45.548,1.57384,1.57411,1.50,1.20
2015.08.27 13:25:45.599,1.57384,1.5741,1.37,1.65
2015.08.27 13:25:45.651,1.57384,1.57406,1.75,1.00
2015.08.27 13:25:45.906,1.57379,1.57406,1.87,1.52
2015.08.27 13:25:46.161,1.57379,1.57405,1.12,1.45
2015.08.27 13:25:46.363,1.57381,1.57405,1.00,1.45
2015.08.27 13:25:46.719,1.57381,1.57404,1.00,1.47
2015.08.27 13:25:47.025,1.57379,1.57404,1.37,1.50
2015.08.27 13:25:47.584,1.57379,1.574,1.37,1.00
2015.08.27 13:25:47.838,1.57376,1.57403,1.37,1.45
2015.08.27 13:25:47.890,1.57376,1.57404,1.75,1.20
2015.08.27 13:25:47.941,1.57376,1.57406,1.75,1.82
2015.08.27 13:25:48.195,1.57374,1.57406,1.50,2.62
2015.08.27 13:25:48.348,1.57377,1.57403,1.37,1.57
2015.08.27 13:25:48.584,1.57375,1.57403,1.00,1.95
2015.08.27 13:25:49.143,1.57375,1.57403,1.75,1.57
2015.08.27 13:25:49.245,1.57376,1.57404,1.12,1.65
2015.08.27 13:25:49.397,1.57381,1.57405,1.00,1.20
2015.08.27 13:25:49.449,1.5738,1.57405,1.12,1.20
2015.08.27 13:25:49.637,1.57381,1.57407,1.00,1.52
2015.08.27 13:25:49.739,1.5738,1.57407,1.12,1.52
2015.08.27 13:25:50.248,1.5738,1.57407,1.12,1.52
2015.08.27 13:25:50.847,1.5738,1.57406,1.37,1.52
2015.08.27 13:25:51.857,1.57379,1.57407,1.12,1.52
2015.08.27 13:25:52.010,1.57378,1.57402,1.00,1.20
2015.08.27 13:25:52.155,1.57374,1.57401,1.37,1.00
2015.08.27 13:25:52.207,1.57374,1.57401,1.37,1.07
2015.08.27 13:25:52.563,1.57376,1.57403,1.37,1.82
2015.08.27 13:25:52.665,1.57376,1.57405,1.75,1.57
2015.08.27 13:25:52.970,1.5738,1.57406,1.00,2.62
2015.08.27 13:25:53.122,1.5738,1.57404,1.00,1.20
2015.08.27 13:25:53.174,1.57378,1.57404,1.12,1.20
2015.08.27 13:25:55.349,1.57376,1.57404,1.87,1.20
2015.08.27 13:25:55.552,1.57379,1.57406,1.37,2.02
2015.08.27 13:25:55.763,1.57382,1.57408,1.12,1.65
2015.08.27 13:25:56.069,1.57386,1.5741,1.37,1.12
2015.08.27 13:25:56.120,1.57386,1.57411,1.75,1.00
2015.08.27 13:25:56.425,1.57385,1.5741,1.50,1.12
2015.08.27 13:25:56.476,1.57385,1.5741,1.00,1.50
2015.08.27 13:25:56.881,1.57385,1.57408,1.00,1.42
2015.08.27 13:25:57.186,1.57385,1.57412,1.75,1.87
2015.08.27 13:25:57.238,1.57387,1.57412,1.35,1.12
2015.08.27 13:25:57.289,1.57388,1.57416,1.72,1.87
2015.08.27 13:25:57.543,1.57385,1.57412,2.47,1.30
2015.08.27 13:25:57.595,1.57385,1.57411,1.37,1.07
2015.08.27 13:25:58.055,1.57389,1.57413,1.00,1.05
2015.08.27 13:25:58.157,1.57385,1.57413,1.37,1.50
2015.08.27 13:25:58.311,1.57402,1.57415,1.00,1.82
2015.08.27 13:25:58.465,1.57403,1.57416,1.00,2.25
2015.08.27 13:25:58.689,1.57401,1.57416,1.00,1.95
2015.08.27 13:25:59.197,1.57401,1.57413,1.00,1.52
2015.08.27 13:25:59.606,1.57401,1.5741,1.00,1.00
2015.08.27 13:25:59.708,1.57398,1.5741,1.00,1.07
2015.08.27 13:25:59.920,1.57398,1.5741,1.00,1.95
2015.08.27 13:25:59.972,1.57394,1.5741,1.00,1.95
2015.08.27 13:26:00.073,1.57392,1.57408,1.00,2.32
2015.08.27 13:26:00.124,1.57389,1.57403,1.00,1.20
2015.08.27 13:26:00.632,1.57389,1.57404,1.00,2.32
2015.08.27 13:26:01.162,1.5739,1.57406,1.00,1.57
2015.08.27 13:26:01.366,1.5739,1.57395,1.00,1.00
2015.08.27 13:26:01.886,1.5739,1.57397,1.00,1.00
2015.08.27 13:26:03.238,1.57393,1.574,1.00,1.00
2015.08.27 13:26:03.492,1.57397,1.57403,1.00,1.00
2015.08.27 13:26:03.594,1.57397,1.57406,1.00,1.00
2015.08.27 13:26:03.645,1.57394,1.57406,1.00,1.00
2015.08.27 13:26:03.696,1.57394,1.57408,1.00,1.00
2015.08.27 13:26:03.798,1.57394,1.57401,1.00,1.00
2015.08.27 13:26:04.104,1.57394,1.57399,1.00,1.00
2015.08.27 13:26:06.554,1.57394,1.57405,1.00,1.17
2015.08.27 13:26:07.164,1.57392,1.57404,1.00,1.45
2015.08.27 13:26:07.215,1.57392,1.57404,1.00,1.45
2015.08.27 13:26:07.333,1.57392,1.57404,1.00,1.07
2015.08.27 13:26:07.384,1.57389,1.57402,1.00,1.75
2015.08.27 13:26:07.792,1.57393,1.57402,1.00,1.12
2015.08.27 13:26:07.843,1.57394,1.57404,1.00,1.12
2015.08.27 13:26:07.946,1.57397,1.57407,1.00,1.12
2015.08.27 13:26:07.998,1.57399,1.57409,1.00,1.12
2015.08.27 13:26:08.049,1.57396,1.57412,1.00,1.87
2015.08.27 13:26:08.100,1.57396,1.57411,1.00,1.12
2015.08.27 13:26:08.202,1.57396,1.57411,1.00,1.75
2015.08.27 13:26:08.457,1.57394,1.57408,1.00,1.17
2015.08.27 13:26:08.662,1.57389,1.57408,1.00,1.20
2015.08.27 13:26:08.714,1.57389,1.57407,1.00,1.47
2015.08.27 13:26:09.226,1.57389,1.57406,1.00,1.87
2015.08.27 13:26:09.531,1.57392,1.57406,1.00,1.12
2015.08.27 13:26:09.633,1.57389,1.57406,1.00,1.12
2015.08.27 13:26:10.824,1.57389,1.57406,1.37,1.12
2015.08.27 13:26:11.642,1.57389,1.57406,1.00,1.75
2015.08.27 13:26:11.873,1.57387,1.57404,1.00,1.20
2015.08.27 13:26:12.381,1.57387,1.57401,1.00,1.10
2015.08.27 13:26:12.891,1.57387,1.57401,1.00,1.17
2015.08.27 13:26:13.657,1.57384,1.57404,1.37,1.75
2015.08.27 13:26:13.963,1.57387,1.57404,1.37,1.57
2015.08.27 13:26:14.484,1.57387,1.57405,1.00,1.87
2015.08.27 13:26:14.888,1.57389,1.57405,1.00,1.87
2015.08.27 13:26:15.492,1.57386,1.57405,1.12,1.87
2015.08.27 13:26:17.802,1.57391,1.57405,1.00,1.87
2015.08.27 13:26:21.534,1.57387,1.57403,1.00,1.57
2015.08.27 13:26:22.505,1.57385,1.57403,1.00,1.95
2015.08.27 13:26:23.003,1.57385,1.574,1.00,1.50
2015.08.27 13:26:23.309,1.57385,1.57393,1.00,1.00
2015.08.27 13:26:23.918,1.57381,1.57393,1.00,1.10
2015.08.27 13:26:24.193,1.57381,1.57394,1.00,1.47
2015.08.27 13:26:24.806,1.57384,1.57393,1.00,1.17
2015.08.27 13:26:25.357,1.57384,1.57393,1.00,1.00
2015.08.27 13:26:26.040,1.57384,1.57391,1.00,1.00
2015.08.27 13:26:26.323,1.57384,1.57393,1.00,1.00
2015.08.27 13:26:26.896,1.57384,1.57394,1.00,1.00
2015.08.27 13:26:27.201,1.57388,1.57394,1.00,1.00
2015.08.27 13:26:27.545,1.57388,1.57397,1.00,1.10
2015.08.27 13:26:27.953,1.5738,1.57397,1.37,1.00
2015.08.27 13:26:28.055,1.5738,1.57397,1.00,1.97
2015.08.27 13:26:28.106,1.57377,1.57396,1.37,1.60
2015.08.27 13:26:28.157,1.57375,1.5739,1.00,1.10
2015.08.27 13:26:28.706,1.57375,1.57389,1.00,1.10
2015.08.27 13:26:29.012,1.57375,1.57389,1.00,1.82
2015.08.27 13:26:29.317,1.57371,1.57388,1.00,1.57
2015.08.27 13:26:29.368,1.57371,1.57388,1.00,1.95
2015.08.27 13:26:29.673,1.57376,1.57386,1.00,1.20
2015.08.27 13:26:29.871,1.57376,1.57391,1.00,1.87
2015.08.27 13:26:29.922,1.57379,1.57391,1.00,1.12
2015.08.27 13:26:29.973,1.57379,1.57392,1.00,1.12
2015.08.27 13:26:30.025,1.57381,1.57395,1.00,1.95
2015.08.27 13:26:30.076,1.57381,1.57395,1.00,1.27
2015.08.27 13:26:30.178,1.57381,1.57397,1.00,1.57
2015.08.27 13:26:30.700,1.57381,1.57399,1.00,1.87
2015.08.27 13:26:30.853,1.57374,1.57397,1.00,1.20
2015.08.27 13:26:31.377,1.57374,1.57396,1.00,1.45
2015.08.27 13:26:31.777,1.5737,1.57395,1.50,1.12
2015.08.27 13:26:32.083,1.57369,1.57395,2.25,1.12
2015.08.27 13:26:32.616,1.57371,1.57397,1.12,2.25
2015.08.27 13:26:32.921,1.57374,1.57397,1.12,2.25
2015.08.27 13:26:33.346,1.57372,1.57397,1.00,1.95
2015.08.27 13:26:33.551,1.57364,1.57391,2.32,1.37
2015.08.27 13:26:33.906,1.57362,1.57389,1.75,1.12
2015.08.27 13:26:34.210,1.57368,1.57389,1.00,1.20
2015.08.27 13:26:34.366,1.5737,1.57394,1.37,1.37
2015.08.27 13:26:34.417,1.57368,1.57395,1.75,1.82
2015.08.27 13:26:34.724,1.57369,1.57392,1.00,1.50
2015.08.27 13:26:35.667,1.57369,1.57394,1.50,1.75
2015.08.27 13:26:36.175,1.57369,1.57394,1.37,1.75
2015.08.27 13:26:36.682,1.57371,1.57395,1.87,1.50
2015.08.27 13:26:36.987,1.57374,1.57401,1.87,2.40
2015.08.27 13:26:37.089,1.57376,1.57401,1.37,1.65
2015.08.27 13:26:37.393,1.57379,1.57404,1.87,1.12
2015.08.27 13:26:37.543,1.57379,1.57405,1.87,1.57
2015.08.27 13:26:37.696,1.57379,1.57405,2.25,1.45
2015.08.27 13:26:37.899,1.57379,1.57405,1.87,1.45
2015.08.27 13:26:38.786,1.57379,1.57404,1.87,1.47
2015.08.27 13:26:39.759,1.57379,1.57404,2.25,1.75
2015.08.27 13:26:40.132,1.5739,1.57413,1.87,1.12
2015.08.27 13:26:40.184,1.5739,1.57415,1.87,1.57
2015.08.27 13:26:40.286,1.5739,1.57416,1.87,1.12
2015.08.27 13:26:40.541,1.57394,1.57418,1.50,1.12
2015.08.27 13:26:41.049,1.57394,1.5742,1.75,2.25
2015.08.27 13:26:41.804,1.57398,1.5742,1.00,1.87
2015.08.27 13:26:41.855,1.57401,1.5742,1.00,1.87
2015.08.27 13:26:42.058,1.57405,1.57428,1.12,1.45
2015.08.27 13:26:42.572,1.57402,1.57429,1.75,1.87
2015.08.27 13:26:42.777,1.574,1.57426,1.75,1.12
2015.08.27 13:26:42.880,1.57399,1.5742,1.75,1.07
2015.08.27 13:26:42.931,1.574,1.5742,1.00,1.45
2015.08.27 13:26:43.238,1.57394,1.57418,1.87,1.12
2015.08.27 13:26:43.289,1.57395,1.57418,1.00,1.12
2015.08.27 13:26:43.596,1.57395,1.57415,1.00,1.12
2015.08.27 13:26:43.749,1.57391,1.57414,1.37,1.12
2015.08.27 13:26:43.954,1.57387,1.57413,2.25,1.12
2015.08.27 13:26:44.005,1.57387,1.57412,2.25,1.45
2015.08.27 13:26:44.169,1.57387,1.57412,1.50,1.87
2015.08.27 13:26:44.221,1.57387,1.5741,1.50,1.75
2015.08.27 13:26:44.780,1.57387,1.57408,1.50,1.12
2015.08.27 13:26:45.348,1.57387,1.57408,1.37,1.75
2015.08.27 13:26:45.451,1.57387,1.57408,1.12,1.12
2015.08.27 13:26:45.553,1.57389,1.57408,1.00,1.20
2015.08.27 13:26:45.757,1.57385,1.57411,1.75,1.12
2015.08.27 13:26:47.771,1.57386,1.57411,1.75,1.12
2015.08.27 13:26:48.647,1.57386,1.57413,1.75,1.52
2015.08.27 13:26:50.415,1.57387,1.57413,1.37,1.15
2015.08.27 13:26:50.682,1.57387,1.57413,1.12,1.15
2015.08.27 13:26:50.887,1.57394,1.57415,1.00,1.15
2015.08.27 13:26:50.989,1.57394,1.57418,1.00,1.00
2015.08.27 13:26:51.090,1.57397,1.57424,1.12,1.95
2015.08.27 13:26:51.501,1.57396,1.57422,1.37,1.37
2015.08.27 13:26:51.806,1.57396,1.57417,1.75,1.20
2015.08.27 13:26:52.326,1.57394,1.57417,1.00,1.20
2015.08.27 13:26:52.842,1.57394,1.57418,1.00,1.12
2015.08.27 13:26:53.096,1.57389,1.57417,1.12,1.50
2015.08.27 13:26:53.347,1.57389,1.57413,1.00,1.72
2015.08.27 13:26:53.398,1.57389,1.5741,1.00,1.00
2015.08.27 13:26:53.449,1.57386,1.57412,1.85,1.10
2015.08.27 13:26:53.500,1.57384,1.57412,1.27,1.47
2015.08.27 13:26:53.705,1.5738,1.57407,1.85,1.10
2015.08.27 13:26:53.808,1.5738,1.57406,1.75,1.37
2015.08.27 13:26:53.911,1.57375,1.57402,1.87,1.75
2015.08.27 13:26:54.202,1.57381,1.57404,1.37,1.12
2015.08.27 13:26:54.304,1.57381,1.57406,1.75,1.87
2015.08.27 13:26:54.406,1.57381,1.57406,1.75,1.50
2015.08.27 13:26:55.880,1.57378,1.57405,1.50,1.20
2015.08.27 13:26:55.931,1.57375,1.57401,2.25,1.12
2015.08.27 13:26:55.982,1.57375,1.57399,2.25,1.20
2015.08.27 13:26:56.222,1.57373,1.57394,1.00,1.12
2015.08.27 13:26:56.273,1.57371,1.57394,1.12,1.12
2015.08.27 13:26:56.578,1.57367,1.57387,1.87,1.12
2015.08.27 13:26:56.884,1.57364,1.57385,1.50,1.12
2015.08.27 13:26:57.086,1.5736,1.57382,2.25,1.12
2015.08.27 13:26:57.191,1.57361,1.57381,1.00,1.12
2015.08.27 13:26:57.850,1.57361,1.57381,1.37,1.12
2015.08.27 13:26:59.066,1.57361,1.57381,1.37,1.12
2015.08.27 13:26:59.325,1.57362,1.57381,1.00,1.12
2015.08.27 13:26:59.376,1.57362,1.57381,1.37,1.12
2015.08.27 13:26:59.681,1.57375,1.57394,1.00,1.20
2015.08.27 13:26:59.732,1.57371,1.57395,1.00,1.57
2015.08.27 13:26:59.784,1.57371,1.57395,1.37,1.50
2015.08.27 13:27:00.089,1.57384,1.57401,1.37,1.12
2015.08.27 13:27:00.208,1.57384,1.57403,1.37,1.12
2015.08.27 13:27:00.415,1.57386,1.57408,1.00,1.75
2015.08.27 13:27:01.371,1.57386,1.57406,1.00,1.12
2015.08.27 13:27:01.839,1.57384,1.57406,1.00,1.75
2015.08.27 13:27:02.145,1.57383,1.57404,1.50,1.12
2015.08.27 13:27:03.008,1.5738,1.57404,1.37,1.75
2015.08.27 13:27:03.110,1.57377,1.57402,1.87,1.45
2015.08.27 13:27:03.425,1.57373,1.574,1.87,1.27
2015.08.27 13:27:04.289,1.57375,1.57401,1.37,1.87
2015.08.27 13:27:04.646,1.57374,1.574,1.75,1.87
2015.08.27 13:27:04.801,1.57371,1.5739,1.00,1.35
2015.08.27 13:27:04.905,1.57366,1.57388,1.00,1.12
2015.08.27 13:27:05.007,1.57364,1.57387,1.50,1.12
2015.08.27 13:27:05.615,1.5736,1.57387,2.25,1.57
2015.08.27 13:27:06.435,1.5736,1.57383,1.37,1.10
2015.08.27 13:27:06.537,1.57358,1.57383,1.37,1.45
2015.08.27 13:27:06.588,1.57358,1.5738,1.37,1.00
2015.08.27 13:27:06.893,1.57358,1.57382,1.37,1.10
2015.08.27 13:27:07.402,1.57358,1.57383,1.37,1.17
2015.08.27 13:27:07.706,1.57364,1.57381,1.37,1.00
2015.08.27 13:27:07.810,1.57364,1.57384,1.37,1.20
2015.08.27 13:27:07.914,1.57364,1.57384,1.37,1.20
2015.08.27 13:27:07.967,1.57364,1.5738,1.37,1.00
2015.08.27 13:27:08.019,1.57364,1.57385,1.00,1.15
2015.08.27 13:27:08.445,1.5736,1.57385,1.00,1.15
2015.08.27 13:27:08.753,1.57371,1.57386,1.00,1.50
2015.08.27 13:27:08.906,1.57369,1.57388,1.00,1.20
2015.08.27 13:27:09.009,1.57369,1.57394,1.00,2.62
2015.08.27 13:27:09.112,1.57369,1.57392,1.00,2.02
2015.08.27 13:27:09.418,1.57371,1.57384,1.00,1.10
2015.08.27 13:27:09.644,1.57371,1.57389,1.00,1.20
2015.08.27 13:27:09.695,1.57371,1.57389,1.00,1.10
2015.08.27 13:27:09.747,1.57373,1.57389,1.00,1.10
2015.08.27 13:27:10.053,1.57378,1.57395,1.00,1.50
2015.08.27 13:27:10.614,1.57376,1.57396,1.00,1.77
2015.08.27 13:27:10.666,1.5738,1.57396,1.00,2.25
2015.08.27 13:27:10.718,1.57376,1.57393,1.00,1.07
2015.08.27 13:27:11.710,1.57376,1.57394,1.00,1.00
2015.08.27 13:27:11.914,1.5738,1.57394,1.00,1.00
2015.08.27 13:27:11.966,1.57378,1.57394,1.00,1.00
2015.08.27 13:27:12.068,1.57372,1.57394,1.75,1.00
2015.08.27 13:27:12.271,1.57372,1.57399,1.75,1.57
2015.08.27 13:27:12.791,1.57373,1.57398,1.75,1.00
2015.08.27 13:27:13.602,1.57374,1.57395,1.12,1.00
2015.08.27 13:27:13.704,1.57374,1.57397,1.12,1.50
2015.08.27 13:27:13.807,1.57375,1.57397,1.12,1.00
2015.08.27 13:27:14.346,1.57376,1.57397,1.37,1.00
2015.08.27 13:27:14.883,1.57376,1.57397,1.12,1.00
2015.08.27 13:27:14.985,1.57376,1.57397,1.37,1.00
2015.08.27 13:27:15.036,1.57384,1.57398,2.10,1.00
2015.08.27 13:27:15.266,1.57394,1.57407,1.00,1.00
2015.08.27 13:27:15.368,1.57385,1.57409,1.12,1.00
2015.08.27 13:27:15.420,1.57384,1.57409,2.32,1.00
2015.08.27 13:27:15.522,1.57382,1.57408,1.87,1.50
2015.08.27 13:27:15.675,1.57382,1.57405,1.47,1.00
2015.08.27 13:27:15.726,1.57379,1.57405,1.12,1.12
2015.08.27 13:27:15.828,1.5738,1.57405,1.05,1.12
2015.08.27 13:27:15.929,1.57383,1.57407,1.05,1.00
2015.08.27 13:27:16.031,1.57388,1.57407,1.12,1.00
2015.08.27 13:27:16.082,1.57388,1.57415,1.12,2.02
2015.08.27 13:27:16.134,1.57389,1.57415,1.10,1.57
2015.08.27 13:27:16.230,1.57389,1.57415,1.50,1.20
2015.08.27 13:27:16.537,1.57391,1.57415,1.20,1.50
2015.08.27 13:27:16.843,1.57394,1.57412,1.37,1.00
2015.08.27 13:27:17.149,1.57392,1.57413,1.12,1.60
2015.08.27 13:27:17.303,1.57389,1.57409,1.12,1.00
2015.08.27 13:27:17.406,1.57383,1.57409,1.75,1.00
2015.08.27 13:27:17.458,1.57382,1.57407,1.20,1.00
2015.08.27 13:27:17.611,1.57387,1.57412,1.50,1.12
2015.08.27 13:27:17.662,1.57386,1.5741,1.35,1.10
2015.08.27 13:27:17.765,1.57389,1.57414,1.12,1.07
2015.08.27 13:27:17.816,1.57389,1.57415,1.82,1.50
2015.08.27 13:27:17.969,1.57392,1.57419,1.00,1.50
2015.08.27 13:27:18.226,1.57391,1.57419,1.20,1.57
2015.08.27 13:27:18.533,1.57389,1.57416,1.95,2.92
2015.08.27 13:27:18.636,1.57389,1.5741,1.00,1.00
2015.08.27 13:27:18.739,1.57389,1.57414,1.00,1.17
2015.08.27 13:27:18.790,1.57389,1.57414,1.97,1.17
2015.08.27 13:27:18.944,1.57392,1.57417,1.50,1.00
2015.08.27 13:27:19.153,1.57394,1.57421,1.87,1.65
2015.08.27 13:27:20.370,1.57398,1.57424,1.37,2.62
2015.08.27 13:27:20.573,1.57403,1.57429,1.12,2.17
2015.08.27 13:27:21.084,1.57401,1.57429,1.20,2.10
2015.08.27 13:27:21.135,1.57401,1.57429,1.95,2.85
2015.08.27 13:27:21.443,1.57407,1.57432,1.35,1.87
2015.08.27 13:27:21.546,1.57416,1.57436,1.00,1.10
2015.08.27 13:27:21.648,1.57416,1.57441,1.00,1.20
2015.08.27 13:27:21.859,1.57416,1.57441,1.12,1.20
2015.08.27 13:27:22.114,1.57416,1.57441,1.12,1.10
2015.08.27 13:27:22.166,1.57416,1.57441,1.50,1.10
2015.08.27 13:27:22.372,1.57416,1.57439,1.00,1.00
2015.08.27 13:27:22.727,1.57417,1.57441,1.50,1.00
2015.08.27 13:27:23.075,1.57416,1.57442,1.12,1.10
2015.08.27 13:27:23.789,1.5742,1.57442,1.67,1.00
2015.08.27 13:27:24.019,1.57429,1.57452,1.12,1.57
2015.08.27 13:27:24.122,1.57429,1.57454,1.00,1.00
2015.08.27 13:27:24.275,1.57429,1.57457,1.17,1.12
2015.08.27 13:27:24.427,1.57429,1.57457,2.02,1.12
2015.08.27 13:27:24.732,1.57432,1.57457,1.20,1.00
2015.08.27 13:27:25.416,1.57433,1.57457,1.05,1.00
2015.08.27 13:27:25.468,1.57435,1.57461,2.17,1.50
2015.08.27 13:27:25.519,1.57435,1.57461,2.70,1.35
2015.08.27 13:27:25.620,1.57435,1.57464,2.20,2.10
2015.08.27 13:27:25.824,1.57432,1.57459,1.50,1.60
2015.08.27 13:27:25.875,1.5743,1.57457,1.87,1.00
2015.08.27 13:27:25.926,1.5743,1.57457,1.82,1.00
2015.08.27 13:27:26.094,1.5743,1.57459,1.50,1.12
2015.08.27 13:27:26.246,1.5743,1.5746,1.45,2.70
2015.08.27 13:27:26.399,1.57434,1.5746,1.00,2.62
2015.08.27 13:27:26.754,1.57431,1.5746,1.27,1.00
2015.08.27 13:27:27.263,1.57432,1.57461,1.47,1.12
2015.08.27 13:27:27.466,1.57434,1.57464,1.12,1.57
2015.08.27 13:27:28.855,1.57436,1.57464,1.20,1.27
2015.08.27 13:27:29.362,1.57437,1.57465,1.87,1.57
2015.08.27 13:27:29.616,1.57441,1.57467,1.00,1.57
2015.08.27 13:27:30.124,1.57439,1.57465,1.47,1.00
2015.08.27 13:27:30.278,1.57443,1.57469,1.37,1.45
2015.08.27 13:27:30.329,1.57443,1.57471,1.37,1.12
2015.08.27 13:27:30.483,1.57443,1.57472,1.95,1.10
2015.08.27 13:27:30.727,1.57445,1.57476,2.02,2.25
2015.08.27 13:27:31.235,1.57445,1.57475,1.95,1.65
2015.08.27 13:27:31.286,1.57445,1.57474,1.57,1.55
2015.08.27 13:27:31.489,1.57441,1.57469,1.57,1.12
2015.08.27 13:27:31.915,1.5744,1.57468,1.47,1.35
2015.08.27 13:27:32.222,1.57453,1.5747,1.00,1.00
2015.08.27 13:27:32.276,1.57453,1.57475,1.47,1.07
2015.08.27 13:27:32.327,1.57453,1.57478,1.47,1.00
2015.08.27 13:27:32.850,1.57453,1.57474,1.37,1.00
2015.08.27 13:27:33.053,1.57453,1.57476,1.37,1.00
2015.08.27 13:27:33.510,1.57452,1.57475,1.35,1.00
2015.08.27 13:27:34.834,1.5745,1.57473,2.47,1.00
2015.08.27 13:27:35.141,1.57451,1.57475,1.60,1.00
2015.08.27 13:27:35.649,1.57452,1.57475,1.67,1.00
2015.08.27 13:27:38.164,1.57453,1.57476,1.12,1.00
2015.08.27 13:27:38.266,1.57453,1.57478,1.12,1.00
2015.08.27 13:27:38.419,1.57457,1.57478,1.35,1.00
2015.08.27 13:27:38.470,1.57459,1.57481,1.00,1.27
2015.08.27 13:27:39.217,1.57462,1.57483,1.00,2.40
2015.08.27 13:27:39.320,1.57462,1.57486,1.00,1.45
2015.08.27 13:27:39.372,1.57462,1.57486,1.00,1.17
2015.08.27 13:27:39.730,1.5746,1.57488,1.17,1.00
2015.08.27 13:27:39.884,1.57459,1.57488,1.57,1.37
2015.08.27 13:27:40.038,1.57459,1.57483,1.10,1.00
2015.08.27 13:27:40.700,1.57455,1.57483,2.02,1.12
2015.08.27 13:27:41.267,1.57455,1.5748,2.02,1.00
2015.08.27 13:27:41.572,1.57449,1.57473,1.87,1.37
2015.08.27 13:27:41.725,1.5745,1.57479,1.12,1.65
2015.08.27 13:27:41.776,1.57454,1.57479,1.00,1.47
2015.08.27 13:27:41.827,1.57454,1.57479,1.00,1.12
2015.08.27 13:27:42.051,1.57454,1.5748,1.67,1.50
2015.08.27 13:27:42.458,1.57454,1.5748,1.57,1.00
2015.08.27 13:27:42.814,1.57456,1.5748,1.37,2.25
2015.08.27 13:27:43.162,1.57464,1.57474,1.12,1.00
2015.08.27 13:27:43.620,1.57464,1.57477,1.12,1.00
2015.08.27 13:27:43.773,1.57464,1.5748,1.12,1.00
2015.08.27 13:27:44.352,1.57464,1.57477,1.12,1.00
2015.08.27 13:27:44.403,1.57462,1.57477,1.75,1.00
2015.08.27 13:27:44.607,1.57457,1.57477,1.12,1.00
2015.08.27 13:27:44.659,1.57456,1.5748,1.12,1.12
2015.08.27 13:27:45.151,1.57459,1.57484,1.87,1.12
2015.08.27 13:27:45.305,1.57459,1.57486,1.95,1.35
2015.08.27 13:27:45.407,1.57462,1.57487,1.75,2.10
2015.08.27 13:27:45.817,1.57467,1.57489,1.47,1.00
2015.08.27 13:27:45.918,1.57469,1.57491,1.87,1.00
2015.08.27 13:27:46.232,1.57464,1.57488,1.12,1.00
2015.08.27 13:27:46.487,1.57465,1.57484,1.35,1.00
2015.08.27 13:27:46.743,1.57459,1.57482,1.12,1.00
2015.08.27 13:27:46.848,1.5746,1.57486,1.12,1.72
2015.08.27 13:27:46.899,1.57459,1.57486,1.12,2.10
2015.08.27 13:27:47.250,1.57464,1.57486,1.12,1.35
2015.08.27 13:27:47.516,1.57468,1.57492,1.12,1.00
2015.08.27 13:27:47.568,1.5747,1.57492,1.12,1.00
2015.08.27 13:27:47.670,1.57473,1.57496,1.75,1.00
2015.08.27 13:27:47.721,1.57475,1.57493,1.12,1.00
2015.08.27 13:27:47.924,1.57473,1.57493,1.75,1.00
2015.08.27 13:27:47.976,1.57473,1.57496,1.12,1.12
2015.08.27 13:27:48.118,1.57473,1.57496,1.12,1.50
2015.08.27 13:27:48.423,1.57473,1.57491,1.12,1.50
2015.08.27 13:27:48.729,1.57454,1.57476,1.20,1.00
2015.08.27 13:27:48.780,1.57452,1.57476,2.70,1.00
2015.08.27 13:27:49.283,1.57451,1.57476,1.55,1.35
2015.08.27 13:27:49.791,1.57451,1.57475,1.55,1.00
2015.08.27 13:27:50.095,1.5745,1.57473,1.20,1.00
2015.08.27 13:27:50.556,1.5745,1.5747,1.20,1.00
2015.08.27 13:27:50.708,1.57449,1.5747,1.07,1.00
2015.08.27 13:27:50.810,1.57449,1.57467,1.00,1.00
2015.08.27 13:27:51.166,1.57444,1.57467,1.87,1.00
2015.08.27 13:27:51.374,1.57444,1.57464,1.87,1.00
2015.08.27 13:27:51.426,1.57443,1.57468,1.12,1.37
2015.08.27 13:27:51.528,1.57442,1.57463,1.12,1.00
2015.08.27 13:27:51.985,1.57441,1.57467,1.12,1.50
2015.08.27 13:27:52.189,1.57442,1.57469,1.50,1.00
2015.08.27 13:27:52.291,1.57442,1.57468,1.50,2.10
2015.08.27 13:27:52.610,1.57438,1.57461,1.75,1.00
2015.08.27 13:27:53.117,1.57437,1.57462,1.50,1.00
2015.08.27 13:27:53.641,1.57435,1.57461,2.32,1.12
2015.08.27 13:27:53.692,1.57435,1.5746,1.65,1.00
2015.08.27 13:27:53.845,1.5745,1.5746,2.10,1.00
2015.08.27 13:27:53.896,1.57439,1.5746,2.10,1.00
2015.08.27 13:27:53.948,1.57442,1.57458,1.35,1.00
2015.08.27 13:27:54.000,1.57448,1.57461,1.87,1.00
2015.08.27 13:27:54.052,1.57447,1.57465,1.37,1.00
2015.08.27 13:27:54.104,1.57447,1.57466,1.20,1.00
2015.08.27 13:27:54.206,1.57449,1.57468,1.75,1.00
2015.08.27 13:27:54.309,1.57453,1.57476,1.12,1.00
2015.08.27 13:27:54.360,1.57453,1.57479,1.50,2.10
2015.08.27 13:27:54.509,1.57454,1.57481,1.50,1.12
2015.08.27 13:27:54.662,1.57456,1.57479,1.12,1.00
2015.08.27 13:27:54.867,1.57458,1.57486,1.20,2.62
2015.08.27 13:27:54.918,1.57459,1.57486,1.12,2.25
2015.08.27 13:27:55.843,1.57458,1.57483,1.12,1.37
2015.08.27 13:27:55.895,1.57456,1.57483,1.12,1.37
2015.08.27 13:27:56.048,1.57457,1.57484,1.50,2.85
2015.08.27 13:27:56.352,1.57456,1.57484,1.12,2.25
2015.08.27 13:27:56.795,1.57458,1.57484,1.20,2.47
2015.08.27 13:27:57.556,1.57458,1.57485,1.95,1.12
2015.08.27 13:27:59.078,1.57457,1.57483,1.20,1.00
2015.08.27 13:27:59.384,1.57454,1.57473,1.12,1.50
2015.08.27 13:27:59.537,1.57445,1.57473,1.50,1.87
2015.08.27 13:27:59.639,1.57445,1.57474,2.25,1.37
2015.08.27 13:28:00.200,1.57449,1.57475,1.20,1.87
2015.08.27 13:28:00.252,1.5745,1.57475,1.12,1.12
2015.08.27 13:28:00.508,1.57453,1.57481,1.27,1.00
2015.08.27 13:28:00.560,1.57456,1.57483,1.05,1.10
2015.08.27 13:28:00.865,1.57461,1.57484,1.27,1.00
2015.08.27 13:28:01.194,1.57465,1.57485,1.20,1.00
2015.08.27 13:28:01.502,1.57466,1.57484,1.07,1.00
2015.08.27 13:28:01.553,1.57466,1.57488,1.07,1.00
2015.08.27 13:28:02.136,1.57468,1.57491,1.07,1.48
2015.08.27 13:28:02.442,1.57468,1.57491,1.20,1.23
2015.08.27 13:28:02.848,1.57469,1.57488,1.20,1.00
2015.08.27 13:28:03.305,1.57469,1.57485,1.20,1.00
2015.08.27 13:28:03.409,1.57466,1.57485,1.82,1.00
2015.08.27 13:28:04.961,1.57464,1.57484,2.25,1.00
2015.08.27 13:28:06.806,1.57464,1.57481,1.95,1.00
2015.08.27 13:28:09.964,1.57462,1.57481,1.55,1.00
2015.08.27 13:28:10.016,1.57462,1.57481,1.17,1.00
2015.08.27 13:28:10.169,1.57458,1.57481,1.20,1.00
2015.08.27 13:28:10.576,1.57459,1.57482,1.75,1.00
2015.08.27 13:28:11.295,1.57463,1.57485,1.97,1.00
2015.08.27 13:28:11.396,1.57464,1.57488,1.35,1.00
2015.08.27 13:28:11.448,1.57466,1.57488,2.47,1.00
2015.08.27 13:28:11.753,1.57472,1.57488,1.00,1.00
2015.08.27 13:28:11.956,1.57472,1.57491,1.00,1.00
2015.08.27 13:28:12.875,1.57472,1.57494,1.00,1.00
2015.08.27 13:28:15.020,1.57472,1.57494,1.37,1.00
2015.08.27 13:28:15.173,1.57472,1.57497,1.97,1.50
2015.08.27 13:28:15.225,1.57475,1.57498,1.67,1.00
2015.08.27 13:28:15.377,1.57475,1.57501,1.87,1.00
2015.08.27 13:28:15.479,1.57477,1.57503,1.27,1.00
2015.08.27 13:28:15.683,1.57478,1.57503,1.10,1.00
2015.08.27 13:28:16.497,1.57477,1.57503,1.85,1.50
2015.08.27 13:28:16.802,1.5748,1.57503,1.75,1.00
2015.08.27 13:28:16.904,1.57482,1.57503,1.00,1.00
2015.08.27 13:28:16.956,1.57481,1.57506,1.12,1.00
2015.08.27 13:28:17.007,1.57484,1.57506,1.37,1.00
2015.08.27 13:28:17.350,1.57493,1.57516,1.20,1.00
2015.08.27 13:28:17.401,1.57492,1.57516,1.92,1.00
2015.08.27 13:28:17.553,1.5749,1.57519,2.17,1.00
2015.08.27 13:28:17.872,1.57492,1.5752,2.02,1.00
2015.08.27 13:28:18.272,1.57497,1.57518,1.12,1.00
2015.08.27 13:28:18.324,1.57497,1.57521,1.12,1.00
2015.08.27 13:28:18.832,1.57497,1.57521,1.37,1.00
2015.08.27 13:28:18.883,1.57497,1.57523,1.37,1.00
2015.08.27 13:28:18.934,1.57497,1.57523,1.12,1.00
2015.08.27 13:28:18.985,1.57497,1.57525,1.12,1.50
2015.08.27 13:28:19.138,1.575,1.57525,1.12,1.50
2015.08.27 13:28:19.486,1.57502,1.57524,1.20,1.00
2015.08.27 13:28:19.588,1.575,1.57524,1.07,1.50
2015.08.27 13:28:19.639,1.575,1.57524,1.00,1.00
2015.08.27 13:28:19.844,1.575,1.57521,1.00,1.00
2015.08.27 13:28:20.347,1.57501,1.57521,1.00,1.00
2015.08.27 13:28:20.601,1.57501,1.57523,1.35,1.00
2015.08.27 13:28:20.804,1.57501,1.57522,1.50,1.00
2015.08.27 13:28:21.007,1.57499,1.57522,2.10,1.00
2015.08.27 13:28:21.419,1.57498,1.57522,1.27,1.00
2015.08.27 13:28:21.521,1.57497,1.57518,1.27,1.00
2015.08.27 13:28:21.826,1.57487,1.5751,1.20,1.50
2015.08.27 13:28:22.030,1.57486,1.57506,1.12,1.00
2015.08.27 13:28:22.287,1.57484,1.57508,2.62,1.00
2015.08.27 13:28:22.696,1.57484,1.57504,1.87,1.00
2015.08.27 13:28:22.848,1.57475,1.57503,2.32,1.60
2015.08.27 13:28:22.900,1.57474,1.57501,1.12,1.00
2015.08.27 13:28:22.951,1.57472,1.57497,1.45,1.72
2015.08.27 13:28:23.003,1.57472,1.57496,1.00,1.30
2015.08.27 13:28:23.054,1.57469,1.57496,1.50,1.72
2015.08.27 13:28:23.212,1.57467,1.57493,2.40,1.00
2015.08.27 13:28:23.517,1.57465,1.5749,1.12,1.00
2015.08.27 13:28:24.226,1.57465,1.57488,1.12,1.00
2015.08.27 13:28:24.531,1.57467,1.57485,1.00,1.00
2015.08.27 13:28:24.582,1.57467,1.57489,1.00,1.00
2015.08.27 13:28:24.855,1.57466,1.57489,1.12,1.00
2015.08.27 13:28:25.425,1.57466,1.57489,1.75,1.00
2015.08.27 13:28:25.782,1.57466,1.57491,1.12,2.10
2015.08.27 13:28:25.884,1.57466,1.57491,1.12,1.35
2015.08.27 13:28:25.985,1.57467,1.57489,1.00,1.00
2015.08.27 13:28:26.315,1.57466,1.57489,1.12,1.00
2015.08.27 13:28:26.607,1.57466,1.57491,1.67,1.00
2015.08.27 13:28:26.658,1.57464,1.57486,1.05,1.00
2015.08.27 13:28:26.760,1.57464,1.5749,1.80,1.12
2015.08.27 13:28:26.811,1.57475,1.5749,2.10,1.12
2015.08.27 13:28:27.014,1.57481,1.57496,1.60,1.00
2015.08.27 13:28:27.066,1.57481,1.57497,1.00,1.00
2015.08.27 13:28:27.167,1.57471,1.57499,1.75,1.10
2015.08.27 13:28:27.218,1.57471,1.57492,1.75,1.00
2015.08.27 13:28:27.320,1.57467,1.57492,1.90,1.00
2015.08.27 13:28:27.422,1.57467,1.57488,1.65,1.00
2015.08.27 13:28:27.754,1.57469,1.5749,1.20,1.00
2015.08.27 13:28:27.806,1.57469,1.57494,1.20,1.00
2015.08.27 13:28:27.908,1.57469,1.57492,1.95,1.00
2015.08.27 13:28:28.111,1.5747,1.57496,1.12,1.00
2015.08.27 13:28:28.162,1.57472,1.57494,1.10,1.00
2015.08.27 13:28:28.467,1.57469,1.57491,2.32,1.00
2015.08.27 13:28:28.518,1.57469,1.57491,2.02,1.00
2015.08.27 13:28:28.684,1.57469,1.57488,1.95,1.00
2015.08.27 13:28:28.737,1.57469,1.5749,1.95,1.00
2015.08.27 13:28:29.497,1.5747,1.5749,1.57,1.00
2015.08.27 13:28:29.855,1.5748,1.57497,2.25,1.00
2015.08.27 13:28:29.907,1.57481,1.57506,1.72,1.00
2015.08.27 13:28:29.958,1.57483,1.57507,1.20,1.12
2015.08.27 13:28:30.162,1.57482,1.57509,1.75,2.25
2015.08.27 13:28:30.265,1.57484,1.57505,1.17,1.00
2015.08.27 13:28:30.572,1.57487,1.57505,1.00,1.75
2015.08.27 13:28:30.675,1.57489,1.57513,1.00,1.00
2015.08.27 13:28:30.824,1.57489,1.57509,1.50,1.00
2015.08.27 13:28:31.078,1.57486,1.57509,1.50,1.00
2015.08.27 13:28:31.587,1.5749,1.57509,1.20,1.00
2015.08.27 13:28:32.138,1.57489,1.5751,1.87,1.00
2015.08.27 13:28:32.545,1.57489,1.57509,1.12,1.37
2015.08.27 13:28:32.892,1.57481,1.57501,1.20,1.00
2015.08.27 13:28:32.944,1.57481,1.57505,1.20,1.00
2015.08.27 13:28:33.097,1.57484,1.57505,1.47,1.00
2015.08.27 13:28:33.200,1.57484,1.57508,1.10,1.00
2015.08.27 13:28:33.251,1.57484,1.5751,1.10,1.00
2015.08.27 13:28:33.302,1.57481,1.57501,1.20,1.00
2015.08.27 13:28:33.455,1.5748,1.57501,1.27,1.00
2015.08.27 13:28:33.607,1.57479,1.57501,1.45,1.00
2015.08.27 13:28:33.709,1.57479,1.57499,1.45,1.00
2015.08.27 13:28:34.050,1.57479,1.57499,1.57,1.00
2015.08.27 13:28:34.103,1.57479,1.57499,1.45,1.00
2015.08.27 13:28:34.459,1.57479,1.57501,1.47,1.00
2015.08.27 13:28:34.815,1.57478,1.57501,2.40,1.00
2015.08.27 13:28:35.013,1.57484,1.57511,1.95,2.25
2015.08.27 13:28:35.064,1.57485,1.5751,1.35,1.00
2015.08.27 13:28:35.370,1.57491,1.57512,1.72,1.00
2015.08.27 13:28:35.676,1.57492,1.57515,1.45,1.00
2015.08.27 13:28:35.728,1.57491,1.57515,1.87,1.00
2015.08.27 13:28:36.259,1.57492,1.57514,1.47,1.00
2015.08.27 13:28:36.412,1.57492,1.57514,1.47,1.00
2015.08.27 13:28:36.913,1.57497,1.57514,1.00,1.00
2015.08.27 13:28:37.224,1.57501,1.57514,1.37,1.00
2015.08.27 13:28:37.275,1.57501,1.57518,1.37,1.00
2015.08.27 13:28:37.428,1.57501,1.57516,1.00,1.00
2015.08.27 13:28:37.580,1.57501,1.57519,1.00,1.00
2015.08.27 13:28:37.884,1.57501,1.57521,1.35,1.00
2015.08.27 13:28:38.404,1.57501,1.57521,1.72,1.00
2015.08.27 13:28:39.433,1.57512,1.57521,1.00,1.00
2015.08.27 13:28:39.891,1.57514,1.57524,1.00,1.50
2015.08.27 13:28:39.993,1.57514,1.57527,1.00,1.00
2015.08.27 13:28:41.723,1.57514,1.57529,1.00,1.27
2015.08.27 13:28:45.046,1.57515,1.5753,1.00,2.02
2015.08.27 13:28:46.231,1.57515,1.57527,1.00,1.00
2015.08.27 13:28:46.282,1.57513,1.57527,1.00,1.00
2015.08.27 13:28:46.586,1.57513,1.57527,1.00,1.50
2015.08.27 13:28:47.441,1.57516,1.57525,1.00,1.20
2015.08.27 13:28:47.493,1.57514,1.57527,1.00,2.25
2015.08.27 13:28:47.646,1.57514,1.57529,1.00,1.20
2015.08.27 13:28:48.355,1.5751,1.57528,1.00,1.57
2015.08.27 13:28:48.558,1.5751,1.57521,1.00,1.00
2015.08.27 13:28:49.029,1.57508,1.57522,1.00,1.00
2015.08.27 13:28:49.131,1.57508,1.57524,1.00,1.00
2015.08.27 13:28:49.381,1.57508,1.57521,1.00,1.00
2015.08.27 13:28:49.890,1.57508,1.57522,1.00,1.10
2015.08.27 13:28:50.094,1.57508,1.57524,1.00,1.50
2015.08.27 13:28:50.347,1.5751,1.57524,1.00,1.00
2015.08.27 13:28:50.887,1.5751,1.57523,1.00,1.00
2015.08.27 13:28:51.493,1.57515,1.57523,1.00,1.00
2015.08.27 13:28:51.697,1.57515,1.57531,1.00,1.00
2015.08.27 13:28:51.955,1.57512,1.57532,1.00,1.20
2015.08.27 13:28:52.057,1.57512,1.57529,1.00,1.00
2015.08.27 13:28:52.362,1.57516,1.5753,1.00,1.00
2015.08.27 13:28:52.616,1.57516,1.57532,1.00,1.00
2015.08.27 13:28:52.667,1.57514,1.57532,1.00,1.00
2015.08.27 13:28:52.774,1.57517,1.57532,1.00,1.00
2015.08.27 13:28:53.862,1.57517,1.57534,1.00,1.17
2015.08.27 13:28:54.402,1.57517,1.57534,1.00,1.10
2015.08.27 13:28:54.706,1.57519,1.57536,1.00,1.20
2015.08.27 13:28:55.011,1.57517,1.57537,1.00,1.85
2015.08.27 13:28:55.063,1.57517,1.57534,1.00,2.47
2015.08.27 13:28:55.165,1.57514,1.57532,1.00,2.10
2015.08.27 13:28:55.216,1.57512,1.57532,1.00,2.47
2015.08.27 13:28:55.268,1.57512,1.57524,1.00,1.00
2015.08.27 13:28:55.453,1.57509,1.57524,1.00,1.00
2015.08.27 13:28:55.555,1.57506,1.57524,1.00,1.00
2015.08.27 13:28:55.808,1.57506,1.57521,1.00,1.00
2015.08.27 13:28:56.165,1.57506,1.57524,1.00,1.00
2015.08.27 13:28:56.267,1.57506,1.57521,1.00,1.00
2015.08.27 13:28:56.369,1.57506,1.57523,1.00,1.00
2015.08.27 13:28:56.523,1.57509,1.57523,1.00,1.00
2015.08.27 13:28:56.574,1.57509,1.57527,1.00,1.65
2015.08.27 13:28:56.676,1.57509,1.57527,1.00,1.10
2015.08.27 13:28:56.830,1.57506,1.57527,1.00,1.12
2015.08.27 13:28:56.932,1.57506,1.57524,1.00,1.00
2015.08.27 13:28:57.238,1.57509,1.57523,1.00,1.00
2015.08.27 13:28:57.744,1.57509,1.57522,1.00,1.00
2015.08.27 13:28:57.947,1.57506,1.57522,1.00,1.00
2015.08.27 13:28:57.998,1.57506,1.57519,1.00,1.00
2015.08.27 13:28:58.302,1.57506,1.57516,1.00,1.00
2015.08.27 13:28:58.458,1.57506,1.57518,1.00,1.00
2015.08.27 13:28:58.962,1.57506,1.57519,1.00,1.00
2015.08.27 13:28:59.724,1.57506,1.57518,1.00,1.00
2015.08.27 13:29:00.316,1.57502,1.57519,1.00,1.00
2015.08.27 13:29:00.367,1.575,1.57516,1.00,2.47
2015.08.27 13:29:00.418,1.57497,1.57514,1.00,1.60
2015.08.27 13:29:00.521,1.57497,1.57511,1.00,1.07
2015.08.27 13:29:00.922,1.57499,1.57516,1.00,1.95
2015.08.27 13:29:01.227,1.57495,1.57511,1.00,1.00
2015.08.27 13:29:01.430,1.57495,1.57513,1.00,1.00
2015.08.27 13:29:01.659,1.575,1.57513,1.00,1.00
2015.08.27 13:29:02.167,1.575,1.57514,1.00,1.00
2015.08.27 13:29:03.069,1.575,1.57516,1.00,1.00
2015.08.27 13:29:03.587,1.57502,1.57519,1.00,2.40
2015.08.27 13:29:03.841,1.57504,1.57522,1.00,1.20
2015.08.27 13:29:04.048,1.57501,1.57522,1.00,1.20
2015.08.27 13:29:04.149,1.57501,1.5752,1.00,1.00
2015.08.27 13:29:04.469,1.57501,1.57518,1.00,1.00
2015.08.27 13:29:05.828,1.57497,1.57518,1.35,1.50
2015.08.27 13:29:06.132,1.57501,1.57514,1.00,1.00
2015.08.27 13:29:06.335,1.57501,1.57516,1.00,1.00
2015.08.27 13:29:08.119,1.57501,1.57518,1.00,1.10
2015.08.27 13:29:08.324,1.57501,1.57514,1.00,1.00
2015.08.27 13:29:08.628,1.57509,1.57514,1.00,1.00
2015.08.27 13:29:08.680,1.57509,1.57521,1.00,1.00
2015.08.27 13:29:08.885,1.57509,1.57523,1.00,1.00
2015.08.27 13:29:08.936,1.57505,1.57523,1.00,1.00
2015.08.27 13:29:10.544,1.57505,1.57521,1.00,1.00
2015.08.27 13:29:11.051,1.57505,1.57523,1.00,1.20
2015.08.27 13:29:13.952,1.57505,1.57525,1.00,1.95
2015.08.27 13:29:14.742,1.57505,1.57524,1.00,1.10
2015.08.27 13:29:15.553,1.57505,1.57524,1.00,1.47
2015.08.27 13:29:15.856,1.57505,1.57519,1.00,1.00
2015.08.27 13:29:17.370,1.57505,1.5752,1.00,1.00
2015.08.27 13:29:17.877,1.57505,1.57521,1.00,1.10
2015.08.27 13:29:18.814,1.57505,1.5752,1.00,1.00
2015.08.27 13:29:19.119,1.57505,1.57518,1.00,1.00
2015.08.27 13:29:19.170,1.57503,1.57518,1.00,1.00
2015.08.27 13:29:20.022,1.57503,1.57521,1.00,1.20
2015.08.27 13:29:21.443,1.57501,1.57517,1.00,1.00
2015.08.27 13:29:21.750,1.57498,1.57512,1.00,1.00
2015.08.27 13:29:21.802,1.57495,1.57512,1.00,1.00
2015.08.27 13:29:21.853,1.57495,1.5751,1.00,1.15
2015.08.27 13:29:23.442,1.57485,1.57512,2.62,2.62
2015.08.27 13:29:24.539,1.57498,1.57512,2.10,2.25
2015.08.27 13:29:24.710,1.575,1.57512,1.60,1.00
2015.08.27 13:29:24.763,1.575,1.57521,1.60,1.12
2015.08.27 13:29:24.815,1.57502,1.57523,1.72,1.00
2015.08.27 13:29:24.866,1.57503,1.57525,1.37,1.00
2015.08.27 13:29:24.917,1.57503,1.57525,2.25,1.00
2015.08.27 13:29:25.019,1.57503,1.57525,2.25,1.00
2015.08.27 13:29:25.070,1.57505,1.57531,1.37,1.12
2015.08.27 13:29:25.122,1.57505,1.57529,1.00,1.35
2015.08.27 13:29:25.325,1.57505,1.57528,1.00,1.87
2015.08.27 13:29:25.529,1.57501,1.5752,1.00,1.35
2015.08.27 13:29:25.672,1.57497,1.57521,1.00,1.35
2015.08.27 13:29:25.725,1.575,1.57522,1.00,1.50
2015.08.27 13:29:25.878,1.57498,1.57525,1.20,1.12
2015.08.27 13:29:25.929,1.57501,1.57526,1.00,1.50
2015.08.27 13:29:26.031,1.57497,1.57523,1.87,1.00
2015.08.27 13:29:26.083,1.575,1.57523,1.00,1.00
2015.08.27 13:29:26.184,1.57496,1.5752,1.12,1.00
2015.08.27 13:29:26.236,1.57496,1.57523,1.50,2.70
2015.08.27 13:29:27.238,1.57496,1.57523,2.25,2.32
2015.08.27 13:29:27.543,1.57512,1.57523,1.60,1.20
2015.08.27 13:29:27.594,1.57507,1.57523,1.75,1.00
2015.08.27 13:29:27.645,1.57514,1.57528,1.35,1.12
2015.08.27 13:29:27.696,1.57514,1.57531,1.35,1.00
2015.08.27 13:29:27.798,1.57512,1.57532,2.19,1.00
2015.08.27 13:29:27.955,1.5751,1.57537,1.12,1.42
2015.08.27 13:29:28.007,1.57508,1.57537,1.10,2.17
2015.08.27 13:29:28.261,1.57508,1.57531,1.00,1.10
2015.08.27 13:29:28.313,1.57506,1.57531,1.00,1.10
2015.08.27 13:29:28.418,1.57506,1.57528,1.00,1.00
2015.08.27 13:29:28.520,1.57506,1.57531,1.00,1.57
2015.08.27 13:29:28.622,1.57506,1.57531,1.00,1.85
2015.08.27 13:29:29.131,1.57505,1.57531,1.00,1.85
2015.08.27 13:29:29.645,1.57504,1.5753,1.00,2.77
2015.08.27 13:29:29.798,1.57502,1.5753,1.00,2.77
2015.08.27 13:29:29.900,1.57502,1.57523,1.00,1.12
2015.08.27 13:29:30.002,1.57498,1.57523,1.10,1.50
2015.08.27 13:29:30.238,1.57496,1.57523,1.00,2.70
2015.08.27 13:29:30.746,1.57495,1.57522,1.12,1.82
2015.08.27 13:29:31.648,1.57495,1.57522,1.17,1.75
2015.08.27 13:29:32.668,1.57493,1.57515,2.32,1.00
2015.08.27 13:29:33.166,1.57494,1.57515,1.20,1.00
2015.08.27 13:29:34.440,1.57495,1.57518,1.95,1.00
2015.08.27 13:29:34.593,1.57497,1.57518,1.57,1.00
2015.08.27 13:29:34.644,1.57497,1.57521,1.57,1.00
2015.08.27 13:29:35.276,1.57498,1.57522,1.47,1.00
2015.08.27 13:29:35.645,1.57498,1.5752,1.47,1.37
2015.08.27 13:29:35.697,1.57498,1.57518,1.20,1.12
2015.08.27 13:29:37.380,1.57498,1.5752,1.57,1.37
2015.08.27 13:29:37.432,1.57498,1.5752,1.57,1.00
2015.08.27 13:29:37.954,1.57501,1.5752,1.45,1.00
2015.08.27 13:29:38.005,1.57501,1.5752,1.57,1.00
2015.08.27 13:29:38.512,1.57501,1.5752,1.52,1.00
2015.08.27 13:29:38.715,1.57501,1.5752,1.47,1.00
2015.08.27 13:29:39.174,1.57501,1.5752,1.20,1.00
2015.08.27 13:29:39.682,1.57498,1.5752,1.52,1.00
2015.08.27 13:29:39.885,1.57497,1.57518,1.57,1.00
2015.08.27 13:29:40.567,1.57508,1.5752,1.00,1.00
2015.08.27 13:29:41.323,1.57508,1.57521,1.00,1.00
2015.08.27 13:29:41.833,1.57508,1.57525,1.00,1.75
2015.08.27 13:29:42.046,1.57505,1.57525,1.00,1.75
2015.08.27 13:29:42.097,1.57505,1.5752,1.00,1.00
2015.08.27 13:29:42.433,1.575,1.57515,1.00,1.85
2015.08.27 13:29:42.637,1.57496,1.57515,1.00,1.57
2015.08.27 13:29:42.739,1.57492,1.57511,1.00,1.10
2015.08.27 13:29:42.842,1.57496,1.57508,1.00,1.07
2015.08.27 13:29:42.894,1.57493,1.57508,1.00,1.07
2015.08.27 13:29:43.406,1.57493,1.57508,1.00,1.45
2015.08.27 13:29:43.662,1.57497,1.57506,1.00,1.95
2015.08.27 13:29:43.713,1.57495,1.57506,1.00,1.95
2015.08.27 13:29:43.765,1.5749,1.57506,1.00,1.95
2015.08.27 13:29:43.817,1.57499,1.57503,1.00,1.00
2015.08.27 13:29:43.919,1.57505,1.5752,1.00,1.87
2015.08.27 13:29:44.021,1.57505,1.57521,1.00,1.00
2015.08.27 13:29:44.170,1.575,1.57527,1.57,2.25
2015.08.27 13:29:44.222,1.57499,1.57518,1.12,1.00
2015.08.27 13:29:44.273,1.57496,1.57517,1.20,1.00
2015.08.27 13:29:44.426,1.57502,1.57517,1.00,1.00
2015.08.27 13:29:44.681,1.57493,1.5751,1.00,1.00
2015.08.27 13:29:44.732,1.57491,1.5751,1.12,1.00
2015.08.27 13:29:45.045,1.57485,1.57509,1.00,1.00
2015.08.27 13:29:45.502,1.57485,1.57507,1.00,1.00
2015.08.27 13:29:45.811,1.57483,1.57505,1.35,1.00
2015.08.27 13:29:46.137,1.57479,1.57497,1.00,1.00
2015.08.27 13:29:46.291,1.57475,1.57494,1.00,1.00
2015.08.27 13:29:46.596,1.57474,1.5749,1.00,1.00
2015.08.27 13:29:46.800,1.57465,1.57483,1.00,1.12
2015.08.27 13:29:47.001,1.57461,1.57483,1.00,1.50
2015.08.27 13:29:47.509,1.5746,1.57483,1.00,2.25
2015.08.27 13:29:47.916,1.57458,1.57481,1.00,1.20
2015.08.27 13:29:48.140,1.57458,1.57481,1.00,1.95
2015.08.27 13:29:48.243,1.57455,1.57481,1.87,1.95
2015.08.27 13:29:50.681,1.57454,1.57481,1.87,2.32
2015.08.27 13:29:50.884,1.57455,1.57481,1.50,1.10
2015.08.27 13:29:51.189,1.57457,1.57483,1.87,1.20
2015.08.27 13:29:51.240,1.57457,1.57483,1.87,1.10
2015.08.27 13:29:51.649,1.57461,1.57485,1.12,1.00
2015.08.27 13:29:51.852,1.57461,1.57487,2.25,1.27
2015.08.27 13:29:52.456,1.57463,1.57488,1.37,1.65
2015.08.27 13:29:52.712,1.57467,1.5749,1.00,1.10
2015.08.27 13:29:52.966,1.57467,1.5749,1.72,1.10
2015.08.27 13:29:53.118,1.57467,1.5749,1.12,1.10
2015.08.27 13:29:53.649,1.57467,1.57491,1.72,1.00
2015.08.27 13:29:53.808,1.57467,1.57491,1.12,1.00
2015.08.27 13:29:54.316,1.57467,1.57492,1.12,1.12
2015.08.27 13:29:57.739,1.57467,1.57492,1.37,1.00
2015.08.27 13:29:57.942,1.57467,1.57492,1.00,1.00
2015.08.27 13:29:58.044,1.57467,1.57492,1.37,1.00
2015.08.27 13:29:58.450,1.57467,1.57492,1.12,1.00
2015.08.27 13:29:58.992,1.57468,1.57492,1.00,1.87
2015.08.27 13:29:59.380,1.57471,1.57492,1.00,1.50
2015.08.27 13:30:00.261,1.57473,1.57492,1.12,1.00
2015.08.27 13:30:00.363,1.57469,1.57492,1.00,1.37
2015.08.27 13:30:00.466,1.57471,1.57493,1.00,1.10
2015.08.27 13:30:00.619,1.57467,1.57493,1.50,1.20
2015.08.27 13:30:00.773,1.57465,1.57491,1.00,1.47
2015.08.27 13:30:01.356,1.57462,1.57486,1.00,1.12
2015.08.27 13:30:01.613,1.57466,1.57487,1.00,1.00
2015.08.27 13:30:02.126,1.57466,1.57488,1.60,1.27
2015.08.27 13:30:02.653,1.57464,1.57489,2.47,1.47
2015.08.27 13:30:03.331,1.57464,1.57489,1.30,1.47
2015.08.27 13:30:03.382,1.57463,1.57489,1.35,1.20
2015.08.27 13:30:03.687,1.57473,1.57488,1.72,1.00
2015.08.27 13:30:03.738,1.57475,1.57498,1.60,1.00
2015.08.27 13:30:03.790,1.57475,1.57498,1.00,1.00
2015.08.27 13:30:03.841,1.57474,1.575,1.10,1.50
2015.08.27 13:30:03.892,1.57474,1.575,1.20,1.87
2015.08.27 13:30:03.994,1.57473,1.575,1.65,1.75
2015.08.27 13:30:04.282,1.57473,1.575,3.60,1.75
2015.08.27 13:30:04.434,1.57473,1.575,1.50,1.75
2015.08.27 13:30:04.995,1.57473,1.57499,3.97,1.37
2015.08.27 13:30:05.340,1.57475,1.57501,1.80,1.00
2015.08.27 13:30:05.544,1.57476,1.57501,1.00,1.00
2015.08.27 13:30:05.918,1.57476,1.57501,1.37,1.00
2015.08.27 13:30:06.224,1.57476,1.57501,1.87,1.00
2015.08.27 13:30:06.527,1.57476,1.57503,1.50,2.62
2015.08.27 13:30:06.731,1.57476,1.57501,1.50,1.00
2015.08.27 13:30:07.137,1.57478,1.57501,1.12,1.00
2015.08.27 13:30:07.340,1.57476,1.57501,1.50,1.00
2015.08.27 13:30:08.437,1.57478,1.57501,1.00,1.00
2015.08.27 13:30:08.539,1.57477,1.57503,1.12,1.48
2015.08.27 13:30:08.854,1.57481,1.57504,1.12,1.48
2015.08.27 13:30:09.160,1.57489,1.57507,2.10,1.50
2015.08.27 13:30:09.264,1.57489,1.57511,2.10,1.50
2015.08.27 13:30:09.315,1.57495,1.57511,2.47,1.12
2015.08.27 13:30:09.367,1.57495,1.57518,2.85,1.00
2015.08.27 13:30:09.469,1.57495,1.57521,3.22,1.17
2015.08.27 13:30:09.520,1.57498,1.57521,1.35,1.17
2015.08.27 13:30:09.794,1.57499,1.57523,1.35,2.32
2015.08.27 13:30:10.252,1.57499,1.57521,1.35,1.00
2015.08.27 13:30:10.556,1.57497,1.57521,1.87,1.00
2015.08.27 13:30:11.258,1.57499,1.57523,2.62,1.00
2015.08.27 13:30:11.815,1.57497,1.57522,3.37,1.00
2015.08.27 13:30:11.866,1.57497,1.57524,3.37,1.00
2015.08.27 13:30:12.448,1.57499,1.57525,1.12,1.50
2015.08.27 13:30:14.552,1.57501,1.57524,1.00,1.00
2015.08.27 13:30:14.896,1.57501,1.57523,1.12,1.00
2015.08.27 13:30:15.201,1.57502,1.57524,1.20,1.00
2015.08.27 13:30:15.617,1.57502,1.57522,1.95,1.00
2015.08.27 13:30:16.023,1.575,1.5752,1.20,1.00
2015.08.27 13:30:16.336,1.57496,1.57507,1.00,1.00
2015.08.27 13:30:16.543,1.57496,1.57514,1.00,1.57
2015.08.27 13:30:16.645,1.57489,1.57514,1.75,1.00
2015.08.27 13:30:16.747,1.5749,1.57514,1.87,1.00
2015.08.27 13:30:16.849,1.57496,1.57516,1.30,1.00
2015.08.27 13:30:17.162,1.57496,1.57523,1.67,1.87
2015.08.27 13:30:17.569,1.57493,1.57515,1.35,1.00
2015.08.27 13:30:17.723,1.57489,1.57514,1.00,2.02
2015.08.27 13:30:17.774,1.57489,1.57514,1.37,1.65
2015.08.27 13:30:17.826,1.57489,1.57514,1.87,1.00
2015.08.27 13:30:18.028,1.57489,1.57512,1.00,1.00
2015.08.27 13:30:18.079,1.57492,1.57512,1.00,1.00
2015.08.27 13:30:18.181,1.57494,1.57515,1.00,1.10
2015.08.27 13:30:18.283,1.57492,1.57517,1.35,1.00
2015.08.27 13:30:18.436,1.57489,1.57512,1.80,1.00
2015.08.27 13:30:18.538,1.57489,1.57516,1.95,1.00
2015.08.27 13:30:18.591,1.57489,1.57512,1.95,1.00
2015.08.27 13:30:18.744,1.57493,1.57516,1.00,1.00
2015.08.27 13:30:18.795,1.57493,1.57514,1.00,1.00
2015.08.27 13:30:18.911,1.57489,1.57514,1.20,1.00
2015.08.27 13:30:18.962,1.57489,1.57516,1.95,1.00
2015.08.27 13:30:19.013,1.57497,1.57516,1.00,1.00
2015.08.27 13:30:19.167,1.57497,1.5752,1.45,1.00
2015.08.27 13:30:19.219,1.57503,1.5752,1.00,1.00
2015.08.27 13:30:19.524,1.57508,1.5753,1.15,1.00
2015.08.27 13:30:19.626,1.57506,1.57535,2.25,1.00
2015.08.27 13:30:20.350,1.57508,1.57535,1.52,1.00
2015.08.27 13:30:20.606,1.57508,1.57533,1.52,1.00
2015.08.27 13:30:20.810,1.57508,1.57533,1.00,1.10
2015.08.27 13:30:21.067,1.57505,1.57532,1.00,1.00
2015.08.27 13:30:21.344,1.57505,1.57533,1.00,1.57
2015.08.27 13:30:21.653,1.57505,1.57528,1.00,1.00
2015.08.27 13:30:22.106,1.57505,1.57528,1.37,1.00
2015.08.27 13:30:22.362,1.57505,1.57528,1.37,1.00
2015.08.27 13:30:22.875,1.57505,1.57528,1.50,1.00
2015.08.27 13:30:22.977,1.57505,1.57528,1.37,1.00
2015.08.27 13:30:23.244,1.57505,1.5753,1.37,1.10
2015.08.27 13:30:23.399,1.57507,1.5753,1.37,1.00
2015.08.27 13:30:23.708,1.57507,1.57535,2.25,1.95
2015.08.27 13:30:23.912,1.5751,1.57535,1.12,1.50
2015.08.27 13:30:23.963,1.57512,1.57535,1.37,1.50
2015.08.27 13:30:24.124,1.57512,1.57539,1.47,1.00
2015.08.27 13:30:24.175,1.5752,1.57539,1.00,1.00
2015.08.27 13:30:24.277,1.57517,1.57539,1.00,1.00
2015.08.27 13:30:24.582,1.57517,1.57531,1.00,1.00
2015.08.27 13:30:24.684,1.57515,1.57531,1.00,1.00
2015.08.27 13:30:24.735,1.57513,1.57531,1.00,1.00
2015.08.27 13:30:25.042,1.57508,1.57531,1.00,1.00
2015.08.27 13:30:25.098,1.57506,1.57531,1.00,1.10
2015.08.27 13:30:25.150,1.57506,1.57529,1.00,1.00
2015.08.27 13:30:25.252,1.57504,1.57529,1.00,1.00
2015.08.27 13:30:25.456,1.57502,1.57529,1.00,1.00
2015.08.27 13:30:25.608,1.57502,1.57526,1.00,1.00
2015.08.27 13:30:26.166,1.575,1.57526,1.15,1.00
2015.08.27 13:30:26.471,1.57506,1.57514,1.00,1.00
2015.08.27 13:30:26.625,1.57507,1.57517,1.00,1.00
2015.08.27 13:30:26.677,1.57494,1.57517,1.00,1.00
2015.08.27 13:30:26.729,1.57494,1.57514,1.00,1.00
2015.08.27 13:30:26.966,1.57488,1.57511,1.00,1.00
2015.08.27 13:30:27.373,1.57486,1.57511,1.50,1.00
2015.08.27 13:30:27.424,1.57486,1.57506,1.00,1.00
2015.08.27 13:30:27.974,1.57484,1.57506,1.20,1.00
2015.08.27 13:30:30.891,1.57484,1.57506,2.25,1.00
2015.08.27 13:30:32.528,1.57486,1.57508,1.85,1.00
2015.08.27 13:30:32.579,1.57497,1.57513,1.00,1.37
2015.08.27 13:30:33.104,1.57497,1.57513,1.00,1.00
2015.08.27 13:30:33.511,1.57497,1.57515,1.00,1.20
2015.08.27 13:30:33.964,1.57497,1.57515,1.00,1.57
2015.08.27 13:30:34.181,1.57493,1.57515,1.00,1.57
2015.08.27 13:30:34.638,1.57493,1.57512,1.00,1.37
2015.08.27 13:30:35.146,1.57493,1.5751,1.00,1.50
2015.08.27 13:30:35.579,1.57491,1.5751,1.00,1.12
2015.08.27 13:30:36.090,1.57491,1.5751,1.00,1.50
2015.08.27 13:30:36.344,1.57485,1.57509,1.07,1.12
2015.08.27 13:30:36.446,1.57482,1.57499,1.87,1.00
2015.08.27 13:30:36.497,1.57482,1.57497,1.00,1.00
2015.08.27 13:30:36.599,1.57479,1.57496,1.00,1.50
2015.08.27 13:30:36.650,1.57477,1.57496,1.00,1.00
2015.08.27 13:30:36.902,1.57477,1.57494,1.00,1.00
2015.08.27 13:30:37.410,1.57476,1.57494,1.00,2.25
2015.08.27 13:30:37.921,1.5748,1.57491,1.00,1.00
2015.08.27 13:30:38.073,1.5748,1.57494,1.00,1.50
2015.08.27 13:30:38.429,1.57476,1.57494,1.00,1.00
2015.08.27 13:30:38.936,1.57476,1.57495,1.00,1.12
2015.08.27 13:30:39.264,1.57479,1.57495,1.00,1.00
2015.08.27 13:30:39.519,1.57479,1.57497,1.00,1.10
2015.08.27 13:30:39.621,1.57476,1.57496,1.00,1.00
2015.08.27 13:30:40.809,1.57472,1.57496,1.00,1.12
2015.08.27 13:30:41.514,1.57478,1.57496,1.00,1.50
2015.08.27 13:30:41.565,1.57473,1.57496,1.00,1.50
2015.08.27 13:30:41.616,1.57475,1.57496,1.00,1.12
2015.08.27 13:30:41.717,1.57473,1.57496,1.00,1.12
2015.08.27 13:30:42.181,1.57475,1.57496,1.00,1.00
2015.08.27 13:30:42.538,1.5748,1.57496,1.00,1.00
2015.08.27 13:30:42.590,1.57477,1.57496,1.00,1.00
2015.08.27 13:30:42.748,1.57477,1.57502,1.12,1.00
2015.08.27 13:30:43.002,1.57475,1.57501,1.00,1.60
2015.08.27 13:30:43.307,1.57475,1.57492,1.00,1.00
2015.08.27 13:30:43.409,1.57475,1.57494,1.00,1.00
2015.08.27 13:30:43.760,1.57475,1.57496,1.00,1.00
2015.08.27 13:30:44.168,1.57471,1.57496,1.37,1.00
2015.08.27 13:30:44.321,1.57471,1.57494,1.00,1.00
2015.08.27 13:30:44.626,1.57473,1.57494,1.00,1.00
2015.08.27 13:30:44.951,1.57472,1.57496,1.00,1.00
2015.08.27 13:30:45.156,1.57475,1.57497,1.00,1.20
2015.08.27 13:30:45.461,1.57475,1.575,1.00,1.27
2015.08.27 13:30:45.564,1.57477,1.57498,1.00,1.00
2015.08.27 13:30:45.716,1.57477,1.57501,1.00,1.45
2015.08.27 13:30:46.138,1.57483,1.57501,1.00,1.45
2015.08.27 13:30:46.293,1.57483,1.57504,1.00,1.87
2015.08.27 13:30:46.498,1.57484,1.57504,1.00,1.00
2015.08.27 13:30:46.550,1.57484,1.57507,1.00,2.25
2015.08.27 13:30:47.086,1.57483,1.57507,1.00,1.72
2015.08.27 13:30:47.341,1.57483,1.57504,1.00,1.00
2015.08.27 13:30:47.393,1.57479,1.57504,1.50,1.00
2015.08.27 13:30:47.698,1.57479,1.57506,1.00,1.67
2015.08.27 13:30:48.053,1.57479,1.575,1.00,1.00
2015.08.27 13:30:48.307,1.57479,1.57504,1.00,1.00
2015.08.27 13:30:48.561,1.57482,1.57504,1.00,1.17
2015.08.27 13:30:48.866,1.57483,1.57507,1.00,1.15
2015.08.27 13:30:49.523,1.57483,1.57507,1.00,1.12
2015.08.27 13:30:49.776,1.57485,1.57507,1.00,1.37
2015.08.27 13:30:50.302,1.57486,1.57508,1.00,1.00
2015.08.27 13:30:51.327,1.57481,1.57508,1.00,1.47
2015.08.27 13:30:51.378,1.57481,1.57506,1.00,1.20
2015.08.27 13:30:51.429,1.57476,1.57501,1.50,1.75
2015.08.27 13:30:51.480,1.57476,1.57501,1.50,1.12
2015.08.27 13:30:51.633,1.57476,1.57501,1.00,1.27
2015.08.27 13:30:51.988,1.57475,1.57497,1.00,1.00
2015.08.27 13:30:52.252,1.57473,1.57497,1.00,1.00
2015.08.27 13:30:52.306,1.57473,1.57495,1.00,1.00
2015.08.27 13:30:54.090,1.57473,1.57495,1.00,1.37
2015.08.27 13:30:55.699,1.5747,1.57495,1.00,1.47
2015.08.27 13:30:56.206,1.5747,1.57495,1.00,1.57
2015.08.27 13:30:56.308,1.57467,1.57494,1.00,1.57
2015.08.27 13:30:57.075,1.57471,1.57491,1.00,1.52
2015.08.27 13:30:57.586,1.57471,1.57495,1.00,1.50
2015.08.27 13:30:58.760,1.57471,1.57494,1.00,1.55
2015.08.27 13:30:59.014,1.57474,1.57496,1.00,1.57
2015.08.27 13:30:59.429,1.5748,1.57505,1.37,1.00
2015.08.27 13:30:59.582,1.57482,1.57508,1.00,1.47
2015.08.27 13:30:59.989,1.57481,1.57507,1.00,1.47
2015.08.27 13:31:00.476,1.57486,1.57507,1.00,1.55
2015.08.27 13:31:00.730,1.57486,1.57511,1.00,3.22
2015.08.27 13:31:01.035,1.57484,1.5751,1.50,1.20
2015.08.27 13:31:01.391,1.57481,1.57506,1.00,1.37
2015.08.27 13:31:02.328,1.57479,1.57506,1.00,1.37
2015.08.27 13:31:02.871,1.57476,1.57503,2.32,1.00
2015.08.27 13:31:03.025,1.57477,1.57506,1.07,1.57
2015.08.27 13:31:03.127,1.57477,1.57506,1.12,1.57
2015.08.27 13:31:03.178,1.57476,1.57502,1.37,1.00
2015.08.27 13:31:03.331,1.57477,1.57506,1.12,1.57
2015.08.27 13:31:03.535,1.5748,1.57506,1.00,1.57
2015.08.27 13:31:04.034,1.5748,1.57506,1.00,1.00
2015.08.27 13:31:04.544,1.57478,1.57506,1.55,1.12
2015.08.27 13:31:05.261,1.57487,1.57508,1.30,1.10
2015.08.27 13:31:05.363,1.57487,1.57514,1.30,1.57
2015.08.27 13:31:05.668,1.57487,1.57511,1.05,1.00
2015.08.27 13:31:05.770,1.57486,1.57512,1.55,1.00
2015.08.27 13:31:05.974,1.57488,1.57515,1.95,1.00
2015.08.27 13:31:06.484,1.57491,1.57517,1.00,1.00
2015.08.27 13:31:07.011,1.5749,1.57517,1.10,1.50
2015.08.27 13:31:07.535,1.57488,1.57517,3.45,1.87
2015.08.27 13:31:08.042,1.57488,1.57517,3.45,1.87
2015.08.27 13:31:08.587,1.5749,1.57517,1.05,1.87
2015.08.27 13:31:08.689,1.5749,1.57515,1.80,1.00
2015.08.27 13:31:08.843,1.57489,1.57515,1.27,1.37
2015.08.27 13:31:09.200,1.57489,1.57511,1.37,1.00
2015.08.27 13:31:09.252,1.57489,1.57511,1.00,1.37
2015.08.27 13:31:09.303,1.57489,1.57508,1.00,1.00
2015.08.27 13:31:09.354,1.57482,1.57508,2.32,1.00
2015.08.27 13:31:09.592,1.57482,1.57509,2.10,1.17
2015.08.27 13:31:09.643,1.57484,1.5751,1.10,1.00
2015.08.27 13:31:09.745,1.57485,1.5751,1.07,1.00
2015.08.27 13:31:09.898,1.57481,1.57508,1.47,1.00
2015.08.27 13:31:10.052,1.57484,1.57508,1.00,1.15
2015.08.27 13:31:10.971,1.57484,1.57506,1.00,1.00
2015.08.27 13:31:12.069,1.57484,1.57506,1.00,1.37
2015.08.27 13:31:12.406,1.57481,1.57505,1.00,1.50
2015.08.27 13:31:12.510,1.57481,1.57501,1.00,1.12
2015.08.27 13:31:12.611,1.57478,1.57501,1.00,1.12
2015.08.27 13:31:12.972,1.57478,1.57497,1.00,1.00
2015.08.27 13:31:13.421,1.57478,1.57499,1.00,1.00
2015.08.27 13:31:14.616,1.57478,1.57499,1.00,1.37
2015.08.27 13:31:16.239,1.57475,1.57499,1.00,1.90
2015.08.27 13:31:16.594,1.57472,1.57494,1.00,1.47
2015.08.27 13:31:17.096,1.57472,1.57494,1.00,1.52
2015.08.27 13:31:17.722,1.57475,1.57494,1.00,1.15
2015.08.27 13:31:18.017,1.57478,1.575,1.00,1.57
2015.08.27 13:31:18.531,1.57478,1.57498,1.00,1.12
2015.08.27 13:31:19.175,1.5748,1.57502,1.00,3.07
2015.08.27 13:31:19.492,1.57483,1.57505,1.00,2.70
2015.08.27 13:31:20.721,1.5748,1.57504,1.00,1.95
2015.08.27 13:31:21.408,1.5748,1.57502,1.00,1.20
2015.08.27 13:31:21.958,1.5748,1.57501,1.00,2.32
2015.08.27 13:31:23.805,1.57482,1.57501,1.00,1.57
2015.08.27 13:31:23.906,1.5748,1.57501,1.00,1.20
2015.08.27 13:31:24.065,1.5748,1.57498,1.00,1.12
2015.08.27 13:31:24.167,1.57483,1.57502,1.00,1.50
2015.08.27 13:31:24.370,1.5748,1.57501,1.00,1.80
2015.08.27 13:31:24.421,1.57477,1.57499,1.50,1.05
2015.08.27 13:31:24.677,1.57474,1.57496,1.50,1.15
2015.08.27 13:31:24.728,1.57474,1.57496,1.00,1.57
2015.08.27 13:31:24.985,1.57474,1.57496,1.00,1.65
2015.08.27 13:31:25.037,1.57469,1.57496,1.50,1.65
2015.08.27 13:31:25.548,1.57469,1.57496,1.00,2.25
2015.08.27 13:31:26.111,1.57469,1.57496,1.00,2.02
2015.08.27 13:31:26.585,1.57469,1.57496,1.12,1.50
2015.08.27 13:31:27.092,1.5747,1.57496,1.00,1.50
2015.08.27 13:31:29.099,1.5747,1.57496,1.50,1.57
2015.08.27 13:31:29.302,1.57479,1.57496,1.00,1.65
2015.08.27 13:31:29.456,1.57479,1.575,1.37,1.10
2015.08.27 13:31:29.558,1.57482,1.57499,2.10,1.00
2015.08.27 13:31:29.660,1.57482,1.57506,2.10,1.87
2015.08.27 13:31:29.812,1.57481,1.57506,2.10,1.12
2015.08.27 13:31:30.009,1.5749,1.57513,1.60,1.52
2015.08.27 13:31:30.060,1.5749,1.57515,1.72,3.00
2015.08.27 13:31:30.112,1.57491,1.57515,1.50,1.10
2015.08.27 13:31:30.213,1.57491,1.57515,1.50,1.00
2015.08.27 13:31:30.569,1.575,1.57516,1.00,1.10
2015.08.27 13:31:30.873,1.57503,1.57516,1.00,1.00
2015.08.27 13:31:30.925,1.57503,1.5752,1.00,1.15
2015.08.27 13:31:31.121,1.57505,1.57521,1.00,1.17
2015.08.27 13:31:32.138,1.57512,1.57521,1.00,1.17
2015.08.27 13:31:32.263,1.5751,1.57524,1.00,1.12
2015.08.27 13:31:32.314,1.5751,1.57527,1.00,1.12
2015.08.27 13:31:32.568,1.57508,1.57528,1.00,2.70
2015.08.27 13:31:33.077,1.57508,1.57523,1.00,1.20
2015.08.27 13:31:33.848,1.57504,1.57525,1.00,2.40
2015.08.27 13:31:34.357,1.57509,1.57525,1.00,1.15
2015.08.27 13:31:34.504,1.57509,1.57525,1.00,1.00
2015.08.27 13:31:34.556,1.57509,1.57531,1.12,1.87
2015.08.27 13:31:34.759,1.57509,1.57533,1.12,1.95
2015.08.27 13:31:34.861,1.57511,1.57533,1.00,1.95
2015.08.27 13:31:35.673,1.57515,1.57534,1.00,1.65
2015.08.27 13:31:35.724,1.57513,1.57534,1.00,1.55
2015.08.27 13:31:36.233,1.57513,1.57535,1.00,1.45
2015.08.27 13:31:36.335,1.57511,1.57535,1.00,1.20
2015.08.27 13:31:36.387,1.57509,1.57535,1.00,2.12
2015.08.27 13:31:36.438,1.57509,1.57535,1.00,3.15
2015.08.27 13:31:36.743,1.57516,1.57531,1.00,1.27
2015.08.27 13:31:36.947,1.57512,1.57536,1.00,1.92
2015.08.27 13:31:37.049,1.57509,1.57536,1.50,1.12
2015.08.27 13:31:37.100,1.57513,1.57536,1.00,1.12
2015.08.27 13:31:37.405,1.57521,1.57534,1.00,1.00
2015.08.27 13:31:37.457,1.57521,1.5754,1.00,1.00
2015.08.27 13:31:37.843,1.57519,1.5754,1.00,1.00
2015.08.27 13:31:37.896,1.57519,1.57537,1.00,1.00
2015.08.27 13:31:38.201,1.57519,1.57535,1.00,1.00
2015.08.27 13:31:38.736,1.57519,1.57534,1.00,1.00
2015.08.27 13:31:38.788,1.57517,1.57534,1.50,1.00
2015.08.27 13:31:38.992,1.57513,1.57536,1.50,1.00
2015.08.27 13:31:39.044,1.57513,1.57536,1.50,1.72
2015.08.27 13:31:39.351,1.57513,1.57528,1.00,1.00
2015.08.27 13:31:39.555,1.57513,1.5753,1.00,1.00
2015.08.27 13:31:39.751,1.57515,1.57533,1.00,1.00
2015.08.27 13:31:39.853,1.57515,1.57535,1.00,1.00
2015.08.27 13:31:39.956,1.57512,1.57535,1.87,1.00
2015.08.27 13:31:40.109,1.57512,1.57536,1.00,1.87
2015.08.27 13:31:40.414,1.57514,1.57535,1.00,1.00
2015.08.27 13:31:40.818,1.5751,1.57535,1.37,1.72
2015.08.27 13:31:40.870,1.5751,1.57535,1.00,1.80
2015.08.27 13:31:40.973,1.5751,1.57528,1.00,1.00
2015.08.27 13:31:41.075,1.57508,1.57528,1.00,1.00
2015.08.27 13:31:41.582,1.57508,1.57527,1.00,1.00
2015.08.27 13:31:41.835,1.57508,1.57529,1.00,1.87
2015.08.27 13:31:42.342,1.57508,1.57524,1.00,1.00
2015.08.27 13:31:42.445,1.57504,1.57524,1.00,1.00
2015.08.27 13:31:42.497,1.57502,1.57522,1.00,1.00
2015.08.27 13:31:42.858,1.57498,1.57514,1.00,1.15
2015.08.27 13:31:42.960,1.57493,1.57514,1.00,1.15
2015.08.27 13:31:43.011,1.575,1.57514,1.00,1.15
2015.08.27 13:31:43.113,1.57497,1.57514,1.00,1.15
2015.08.27 13:31:43.164,1.575,1.57517,1.00,1.75
2015.08.27 13:31:43.215,1.575,1.5752,1.00,1.95
2015.08.27 13:31:43.318,1.57504,1.5752,1.00,1.00
2015.08.27 13:31:43.522,1.57506,1.57523,1.00,1.00
2015.08.27 13:31:44.035,1.57506,1.57525,1.00,1.15
2015.08.27 13:31:44.648,1.57506,1.57527,1.00,1.10
2015.08.27 13:31:44.699,1.57506,1.57525,1.00,1.00
2015.08.27 13:31:45.667,1.57506,1.57527,1.00,1.10
2015.08.27 13:31:46.176,1.57506,1.57527,1.00,1.07
2015.08.27 13:31:46.379,1.57511,1.57527,1.00,1.07
2015.08.27 13:31:46.531,1.57511,1.57529,1.00,1.00
2015.08.27 13:31:46.582,1.57511,1.57531,1.00,1.00
2015.08.27 13:31:46.785,1.57507,1.57516,1.50,1.00
2015.08.27 13:31:47.193,1.57509,1.57518,1.00,1.00
2015.08.27 13:31:47.548,1.57507,1.57515,1.87,1.00
2015.08.27 13:31:47.650,1.57506,1.57515,1.50,1.00
2015.08.27 13:31:47.954,1.57504,1.57515,1.00,1.00
2015.08.27 13:31:48.107,1.57503,1.57515,2.85,1.00
2015.08.27 13:31:48.652,1.57503,1.57515,2.85,1.00
2015.08.27 13:31:49.788,1.57503,1.57513,2.85,1.00
2015.08.27 13:31:49.839,1.57503,1.57513,2.85,1.00
2015.08.27 13:31:50.449,1.57504,1.57513,1.00,1.00
2015.08.27 13:31:51.017,1.57503,1.57511,1.50,1.00
2015.08.27 13:31:51.119,1.575,1.57509,1.50,1.00
2015.08.27 13:31:51.170,1.575,1.5751,1.60,1.00
2015.08.27 13:31:51.272,1.575,1.5751,1.00,1.00
2015.08.27 13:31:51.324,1.575,1.57509,1.37,1.00
2015.08.27 13:31:51.476,1.575,1.57508,1.12,1.00
2015.08.27 13:31:51.681,1.575,1.5751,1.00,1.00
2015.08.27 13:31:52.340,1.575,1.57507,1.00,1.00
2015.08.27 13:31:52.851,1.57496,1.57505,1.12,1.00
2015.08.27 13:31:53.106,1.57496,1.57507,1.12,1.00
2015.08.27 13:31:54.693,1.57497,1.57507,1.00,1.00
2015.08.27 13:31:55.153,1.57498,1.57511,1.12,1.00
2015.08.27 13:31:55.204,1.57501,1.57511,1.00,1.00
2015.08.27 13:31:55.547,1.57498,1.57508,1.37,1.00
2015.08.27 13:31:56.207,1.57498,1.57509,1.97,1.00
2015.08.27 13:31:56.716,1.57499,1.57509,1.05,1.00
2015.08.27 13:31:56.869,1.57497,1.57508,2.70,1.00
2015.08.27 13:31:56.971,1.57497,1.57506,1.50,1.00
2015.08.27 13:31:57.228,1.57492,1.57504,2.62,1.00
2015.08.27 13:31:57.279,1.57492,1.57504,2.25,1.00
2015.08.27 13:31:57.603,1.57492,1.57502,1.50,1.00
2015.08.27 13:31:58.776,1.57492,1.57505,1.37,1.00
2015.08.27 13:31:59.310,1.57492,1.57505,1.00,1.00
2015.08.27 13:31:59.614,1.57492,1.57502,1.00,1.00
2015.08.27 13:32:01.006,1.57492,1.57509,1.00,1.00
2015.08.27 13:32:01.588,1.57492,1.57511,1.37,1.00
2015.08.27 13:32:01.893,1.57495,1.57511,1.12,1.00
2015.08.27 13:32:01.945,1.57494,1.57511,1.37,1.00
2015.08.27 13:32:02.097,1.57496,1.57515,1.75,1.00
2015.08.27 13:32:02.149,1.57498,1.57515,1.50,1.00
2015.08.27 13:32:02.349,1.57498,1.57517,2.62,1.00
2015.08.27 13:32:03.894,1.575,1.57512,1.50,1.00
2015.08.27 13:32:03.945,1.575,1.57512,1.12,1.00
2015.08.27 13:32:04.254,1.575,1.5751,1.00,1.00
2015.08.27 13:32:04.568,1.57497,1.57502,1.00,1.00
2015.08.27 13:32:04.873,1.5749,1.57498,1.00,1.00
2015.08.27 13:32:05.127,1.57494,1.57499,1.00,1.00
2015.08.27 13:32:05.179,1.57477,1.57498,1.87,1.00
2015.08.27 13:32:05.692,1.57479,1.57498,1.37,1.00
2015.08.27 13:32:06.200,1.57476,1.57498,1.12,1.00
2015.08.27 13:32:06.967,1.57478,1.57496,1.37,1.00
2015.08.27 13:32:07.119,1.57476,1.57496,1.37,1.00
2015.08.27 13:32:07.221,1.57473,1.57496,1.47,1.00
2015.08.27 13:32:07.832,1.57473,1.57496,1.47,1.00
2015.08.27 13:32:08.254,1.57474,1.57499,1.50,1.00
2015.08.27 13:32:08.358,1.57474,1.57499,1.12,1.00
2015.08.27 13:32:09.576,1.57475,1.57499,1.12,1.00
2015.08.27 13:32:09.627,1.57475,1.57499,1.12,1.00
2015.08.27 13:32:10.036,1.57475,1.57501,2.25,1.00
2015.08.27 13:32:10.379,1.57483,1.57502,2.02,1.00
2015.08.27 13:32:11.528,1.57483,1.57502,1.50,1.00
2015.08.27 13:32:11.580,1.57481,1.57498,1.37,1.00
2015.08.27 13:32:11.631,1.5748,1.57498,1.20,1.00
2015.08.27 13:32:11.682,1.57477,1.57498,1.57,1.00
2015.08.27 13:32:12.142,1.57477,1.575,1.95,1.00
2015.08.27 13:32:12.193,1.57477,1.575,1.95,1.00
2015.08.27 13:32:12.819,1.57478,1.57499,1.50,1.00
2015.08.27 13:32:15.024,1.5748,1.575,1.37,1.00
2015.08.27 13:32:15.127,1.5748,1.575,1.00,1.00
2015.08.27 13:32:15.178,1.5748,1.575,1.37,1.00
2015.08.27 13:32:16.241,1.57479,1.57498,1.00,1.00
2015.08.27 13:32:16.598,1.57479,1.57495,1.00,1.00
2015.08.27 13:32:16.700,1.57476,1.57495,1.37,1.00
2015.08.27 13:32:18.466,1.57475,1.57498,2.62,1.00
2015.08.27 13:32:18.620,1.57475,1.57501,3.37,1.15
2015.08.27 13:32:18.672,1.57482,1.57504,2.25,1.12
2015.08.27 13:32:18.992,1.57486,1.57504,1.35,1.00
2015.08.27 13:32:19.457,1.57487,1.57508,1.60,1.00
2015.08.27 13:32:19.508,1.57489,1.57508,1.67,1.00
2015.08.27 13:32:19.766,1.575,1.57519,1.00,1.00
2015.08.27 13:32:19.919,1.57499,1.57519,1.87,1.00
2015.08.27 13:32:19.970,1.57499,1.57521,1.87,1.00
2015.08.27 13:32:21.596,1.57501,1.57525,1.75,1.00
2015.08.27 13:32:22.036,1.57502,1.57525,1.50,1.00
2015.08.27 13:32:22.292,1.57507,1.57529,1.60,1.57
2015.08.27 13:32:22.597,1.57513,1.57531,1.75,1.00
2015.08.27 13:32:22.649,1.57512,1.57529,1.75,1.00
2015.08.27 13:32:22.751,1.57513,1.57529,1.00,1.00
2015.08.27 13:32:24.288,1.57513,1.57532,1.72,1.00
2015.08.27 13:32:24.441,1.57518,1.57532,1.00,1.00
2015.08.27 13:32:24.492,1.57518,1.57535,1.00,1.00
2015.08.27 13:32:24.644,1.57519,1.57539,1.30,1.00
2015.08.27 13:32:24.848,1.5752,1.57544,1.12,2.25
2015.08.27 13:32:24.899,1.5752,1.57543,1.37,1.00
2015.08.27 13:32:25.254,1.57525,1.57543,1.45,1.00
2015.08.27 13:32:25.305,1.57527,1.57547,1.07,1.50
2015.08.27 13:32:25.509,1.57527,1.57547,1.57,1.50
2015.08.27 13:32:25.764,1.57527,1.5755,1.95,1.50
2015.08.27 13:32:26.170,1.5753,1.5755,2.17,1.00
2015.08.27 13:32:26.636,1.57533,1.57553,1.05,1.00
2015.08.27 13:32:26.889,1.57531,1.5755,1.35,1.00
2015.08.27 13:32:26.941,1.5753,1.5755,1.87,1.00
2015.08.27 13:32:26.992,1.5753,1.57547,1.17,1.00
2015.08.27 13:32:27.337,1.57516,1.57534,1.45,1.00
2015.08.27 13:32:27.439,1.57516,1.57534,1.07,1.00
2015.08.27 13:32:27.542,1.57521,1.57536,1.60,1.00
2015.08.27 13:32:27.848,1.57534,1.57543,1.00,1.00
2015.08.27 13:32:28.154,1.57528,1.57543,1.67,1.00
2015.08.27 13:32:28.608,1.57528,1.5755,1.67,1.00
2015.08.27 13:32:28.710,1.5753,1.5755,1.05,1.00
2015.08.27 13:32:28.812,1.57532,1.57554,1.12,1.00
2015.08.27 13:32:28.863,1.57532,1.5755,1.27,1.00
2015.08.27 13:32:29.271,1.57522,1.57544,1.10,1.00
2015.08.27 13:32:29.424,1.57518,1.57544,1.92,1.00
2015.08.27 13:32:29.884,1.57518,1.5754,1.30,1.00
2015.08.27 13:32:30.037,1.57516,1.5754,1.50,1.00
2015.08.27 13:32:30.088,1.57516,1.5754,1.12,1.00
2015.08.27 13:32:30.602,1.57514,1.57539,1.87,1.00
2015.08.27 13:32:32.012,1.57515,1.57535,1.50,1.00
2015.08.27 13:32:32.519,1.57515,1.57536,1.00,1.00
2015.08.27 13:32:33.027,1.57516,1.57536,1.00,1.00
2015.08.27 13:32:33.588,1.57516,1.57538,1.00,1.00
2015.08.27 13:32:33.941,1.57517,1.57536,1.00,1.00
2015.08.27 13:32:34.246,1.57516,1.57533,1.00,1.00
2015.08.27 13:32:34.398,1.57514,1.57535,1.00,1.12
2015.08.27 13:32:34.653,1.57515,1.57534,1.00,1.75
2015.08.27 13:32:34.704,1.5751,1.57534,1.00,1.75
2015.08.27 13:32:34.858,1.5751,1.57531,1.00,1.12
2015.08.27 13:32:34.961,1.57508,1.57531,1.07,1.35
2015.08.27 13:32:35.268,1.57507,1.57526,1.07,1.00
2015.08.27 13:32:36.123,1.57504,1.57526,1.75,1.00
2015.08.27 13:32:36.175,1.57505,1.57522,1.50,1.00
2015.08.27 13:32:36.582,1.57503,1.57522,1.20,1.00
2015.08.27 13:32:36.685,1.57503,1.57521,1.00,1.00
2015.08.27 13:32:36.993,1.57497,1.5751,1.50,1.00
2015.08.27 13:32:37.045,1.57495,1.57507,1.57,1.00
2015.08.27 13:32:37.096,1.57495,1.57511,1.10,1.00
2015.08.27 13:32:37.198,1.57492,1.57511,1.20,1.00
2015.08.27 13:32:37.706,1.57491,1.57514,1.00,1.00
2015.08.27 13:32:37.858,1.57493,1.57518,1.50,1.00
2015.08.27 13:32:37.961,1.57498,1.57518,1.00,1.00
2015.08.27 13:32:38.418,1.57498,1.57514,1.00,1.00
2015.08.27 13:32:38.622,1.57495,1.57512,1.10,1.00
2015.08.27 13:32:39.123,1.57494,1.57512,1.12,1.00
2015.08.27 13:32:39.987,1.57491,1.57509,1.12,1.00
2015.08.27 13:32:42.296,1.57494,1.57514,1.12,1.00
2015.08.27 13:32:42.347,1.57494,1.57514,1.87,1.00
2015.08.27 13:32:42.597,1.57499,1.57519,1.00,1.00
2015.08.27 13:32:42.649,1.57502,1.57519,1.00,1.00
2015.08.27 13:32:42.750,1.57502,1.57522,1.75,1.00
2015.08.27 13:32:42.853,1.57502,1.57519,1.90,1.00
2015.08.27 13:32:42.956,1.57501,1.57519,1.20,1.00
2015.08.27 13:32:44.780,1.57501,1.57519,1.20,1.00
2015.08.27 13:32:45.900,1.57502,1.57522,2.70,1.00
2015.08.27 13:32:47.487,1.57502,1.57519,1.57,1.00
2015.08.27 13:32:47.691,1.57493,1.57511,1.45,1.00
2015.08.27 13:32:47.794,1.57491,1.57511,2.32,1.00
2015.08.27 13:32:48.048,1.5749,1.57511,1.65,1.00
2015.08.27 13:32:48.967,1.57489,1.57509,1.20,1.00
2015.08.27 13:32:49.320,1.57488,1.57507,1.07,1.00
2015.08.27 13:32:49.371,1.57487,1.57507,1.55,1.00
2015.08.27 13:32:49.575,1.57487,1.57504,1.55,1.00
2015.08.27 13:32:49.880,1.57484,1.57499,1.00,1.00
2015.08.27 13:32:49.931,1.5748,1.57499,1.87,1.00
2015.08.27 13:32:50.084,1.5748,1.57499,1.75,1.00
2015.08.27 13:32:50.186,1.57481,1.57502,1.75,1.00
2015.08.27 13:32:50.392,1.57484,1.57502,1.75,1.00
2015.08.27 13:32:51.004,1.57484,1.57499,1.75,1.00
2015.08.27 13:32:51.057,1.57483,1.57502,2.55,1.00
2015.08.27 13:32:51.108,1.57483,1.57505,2.47,1.50
2015.08.27 13:32:51.160,1.5749,1.57503,1.00,1.00
2015.08.27 13:32:51.477,1.57496,1.57513,1.00,1.00
2015.08.27 13:32:51.579,1.57495,1.57513,1.95,1.00
2015.08.27 13:32:51.681,1.57495,1.57513,1.10,1.00
2015.08.27 13:32:51.783,1.57495,1.57513,1.37,1.50
2015.08.27 13:32:52.189,1.57492,1.57513,1.57,1.00
2015.08.27 13:32:52.418,1.57492,1.57516,3.07,1.00
2015.08.27 13:32:52.824,1.57492,1.57504,2.32,1.00
2015.08.27 13:32:52.978,1.57492,1.57505,1.00,1.00
2015.08.27 13:32:53.081,1.57499,1.57505,1.00,1.00
2015.08.27 13:32:53.183,1.57495,1.57506,1.50,1.00
2015.08.27 13:32:53.443,1.57492,1.5751,1.12,1.00
2015.08.27 13:32:53.646,1.57492,1.57507,1.12,1.00
2015.08.27 13:32:54.155,1.57494,1.57508,1.35,1.00
2015.08.27 13:32:54.617,1.57491,1.57508,1.00,1.00
2015.08.27 13:32:54.925,1.57488,1.57508,1.65,1.00
2015.08.27 13:32:56.878,1.57488,1.57507,1.65,1.00
2015.08.27 13:32:58.300,1.57486,1.57509,1.12,1.00
2015.08.27 13:32:58.504,1.57487,1.57512,1.75,1.00
2015.08.27 13:32:58.555,1.57491,1.57514,1.00,1.12
2015.08.27 13:32:58.860,1.57496,1.57517,1.17,1.00
2015.08.27 13:32:58.912,1.57496,1.5752,1.27,1.00
2015.08.27 13:32:59.116,1.57498,1.5752,1.82,1.00
2015.08.27 13:32:59.365,1.57498,1.57522,1.82,1.00
2015.08.27 13:33:00.684,1.57499,1.57524,2.70,1.00
2015.08.27 13:33:01.687,1.57499,1.57524,2.25,1.37
2015.08.27 13:33:01.739,1.57499,1.57521,2.25,1.00
2015.08.27 13:33:01.842,1.57499,1.57521,1.87,1.00
2015.08.27 13:33:02.963,1.57499,1.57521,2.02,1.00
2015.08.27 13:33:03.473,1.57499,1.57521,1.50,1.00
2015.08.27 13:33:03.974,1.57498,1.57521,1.87,1.00
2015.08.27 13:33:04.940,1.57498,1.5752,1.87,1.00
2015.08.27 13:33:05.043,1.57498,1.57517,1.50,1.00
2015.08.27 13:33:05.706,1.57501,1.57517,1.00,1.00
2015.08.27 13:33:05.859,1.57501,1.5752,1.00,1.00
2015.08.27 13:33:06.214,1.57506,1.5752,1.00,1.00
2015.08.27 13:33:06.616,1.57506,1.57515,1.00,1.00
2015.08.27 13:33:06.718,1.57502,1.57515,1.00,1.00
2015.08.27 13:33:06.770,1.57502,1.57511,1.00,1.00
2015.08.27 13:33:06.821,1.57495,1.57511,1.75,1.00
2015.08.27 13:33:06.872,1.57495,1.57519,1.75,1.12
2015.08.27 13:33:06.923,1.57495,1.57519,1.12,1.00
2015.08.27 13:33:06.975,1.57497,1.57519,1.00,1.00
2015.08.27 13:33:07.178,1.57499,1.57523,1.60,1.20
2015.08.27 13:33:07.332,1.57504,1.57526,1.37,1.20
2015.08.27 13:33:07.587,1.57514,1.57533,1.60,1.00
2015.08.27 13:33:07.638,1.57516,1.57535,1.30,1.00
2015.08.27 13:33:08.150,1.57517,1.57534,1.00,1.00
2015.08.27 13:33:08.201,1.57517,1.57526,1.00,1.00
2015.08.27 13:33:08.419,1.57511,1.57526,1.00,1.00
2015.08.27 13:33:08.471,1.57507,1.57526,1.00,1.00
2015.08.27 13:33:08.726,1.57507,1.57521,1.00,1.00
2015.08.27 13:33:11.942,1.57504,1.57521,1.50,1.00
2015.08.27 13:33:12.044,1.57504,1.57521,1.00,1.00
2015.08.27 13:33:12.629,1.57503,1.57521,1.00,1.00
2015.08.27 13:33:13.188,1.57503,1.57524,1.00,1.00
2015.08.27 13:33:14.541,1.57503,1.57529,1.37,1.00
2015.08.27 13:33:14.643,1.57507,1.57529,1.12,1.50
2015.08.27 13:33:15.353,1.57511,1.57532,1.00,1.00
2015.08.27 13:33:15.404,1.57511,1.57535,1.00,1.50
2015.08.27 13:33:15.557,1.57513,1.57535,1.75,1.00
2015.08.27 13:33:16.511,1.57515,1.57537,1.50,1.00
2015.08.27 13:33:16.562,1.57515,1.57539,1.50,1.00
2015.08.27 13:33:16.766,1.57519,1.57539,1.00,1.00
2015.08.27 13:33:17.161,1.57516,1.57535,1.37,1.00
2015.08.27 13:33:17.872,1.57512,1.57532,1.12,1.00
2015.08.27 13:33:18.118,1.5751,1.5753,1.12,1.00
2015.08.27 13:33:19.626,1.5751,1.57525,1.50,1.00
2015.08.27 13:33:19.933,1.57495,1.57512,2.25,1.00
2015.08.27 13:33:20.136,1.57495,1.57512,1.00,1.00
2015.08.27 13:33:20.239,1.57491,1.57508,1.37,1.00
2015.08.27 13:33:20.490,1.57488,1.57511,1.12,1.00
2015.08.27 13:33:20.694,1.5749,1.57513,1.37,1.00
2015.08.27 13:33:20.745,1.5749,1.57513,1.75,1.00
2015.08.27 13:33:20.796,1.57492,1.57518,1.75,1.00
2015.08.27 13:33:20.847,1.57493,1.57521,1.75,1.17
2015.08.27 13:33:21.687,1.57493,1.57521,1.75,1.55
2015.08.27 13:33:21.991,1.57491,1.57516,1.00,1.87
2015.08.27 13:33:22.993,1.57491,1.57518,1.00,1.52
2015.08.27 13:33:23.095,1.57496,1.57518,1.00,1.07
2015.08.27 13:33:23.249,1.575,1.57527,1.87,1.55
2015.08.27 13:33:23.351,1.57501,1.57527,1.35,1.12
2015.08.27 13:33:23.859,1.57501,1.57526,1.42,1.00
2015.08.27 13:33:24.265,1.57505,1.57528,1.00,1.00
2015.08.27 13:33:24.367,1.57506,1.57531,1.00,1.00
2015.08.27 13:33:24.570,1.57506,1.57533,1.87,1.00
2015.08.27 13:33:24.621,1.57507,1.57533,1.37,1.00
2015.08.27 13:33:25.149,1.57508,1.57534,1.87,1.00
2015.08.27 13:33:25.659,1.57507,1.57534,3.37,1.12
2015.08.27 13:33:25.710,1.5751,1.57534,1.00,1.00
2015.08.27 13:33:26.028,1.57515,1.57541,1.12,1.10
2015.08.27 13:33:26.282,1.5752,1.57541,1.00,1.10
2015.08.27 13:33:26.435,1.5752,1.57546,1.10,1.50
2015.08.27 13:33:26.486,1.5752,1.57546,1.57,1.00
2015.08.27 13:33:26.588,1.5752,1.57549,2.32,1.37
2015.08.27 13:33:26.741,1.57523,1.57546,1.00,1.00
2015.08.27 13:33:27.047,1.5752,1.5754,1.37,1.00
2015.08.27 13:33:27.099,1.5752,1.5754,1.00,1.00
2015.08.27 13:33:27.150,1.57522,1.57545,1.00,1.50
2015.08.27 13:33:27.355,1.57524,1.57546,1.00,2.32
2015.08.27 13:33:27.509,1.57526,1.57551,1.00,1.12
2015.08.27 13:33:27.611,1.57526,1.57547,2.62,1.00
2015.08.27 13:33:27.764,1.57517,1.57543,1.00,1.75
2015.08.27 13:33:28.108,1.57513,1.57541,1.00,1.12
2015.08.27 13:33:28.412,1.57512,1.57539,1.95,1.00
2015.08.27 13:33:28.718,1.57531,1.57556,2.40,1.00
2015.08.27 13:33:28.769,1.57532,1.57559,1.65,1.67
2015.08.27 13:33:28.948,1.57533,1.57559,1.12,1.75
2015.08.27 13:33:29.051,1.57533,1.57555,1.07,1.00
2015.08.27 13:33:29.153,1.57531,1.57555,1.20,1.00
2015.08.27 13:33:29.257,1.57531,1.57557,1.00,1.12
2015.08.27 13:33:29.562,1.57527,1.57556,1.50,2.25
2015.08.27 13:33:30.085,1.57527,1.57556,1.07,2.25
2015.08.27 13:33:30.187,1.57529,1.57556,1.00,1.50
2015.08.27 13:33:30.695,1.57526,1.57551,1.37,1.00
2015.08.27 13:33:31.255,1.57526,1.57553,1.87,1.20
2015.08.27 13:33:31.408,1.57526,1.57553,1.87,1.47
2015.08.27 13:33:31.459,1.57526,1.57553,1.50,1.57
2015.08.27 13:33:31.612,1.57523,1.57552,2.77,1.37
2015.08.27 13:33:31.663,1.57523,1.5755,2.40,1.00
2015.08.27 13:33:31.714,1.57523,1.57551,1.50,2.70
2015.08.27 13:33:31.816,1.57523,1.57551,1.50,2.77
2015.08.27 13:33:32.159,1.57525,1.57554,1.72,3.37
2015.08.27 13:33:32.261,1.57526,1.57554,2.10,1.00
2015.08.27 13:33:32.363,1.57531,1.57556,1.50,1.00
2015.08.27 13:33:32.466,1.57532,1.57559,1.50,1.12
2015.08.27 13:33:32.517,1.57534,1.57561,1.37,1.57
2015.08.27 13:33:32.568,1.57534,1.57561,1.37,1.00
2015.08.27 13:33:32.619,1.57534,1.57561,1.00,1.00
2015.08.27 13:33:32.670,1.57533,1.57561,1.50,2.47
2015.08.27 13:33:33.069,1.57533,1.57555,1.50,1.00
2015.08.27 13:33:33.121,1.57533,1.57558,1.50,1.00
2015.08.27 13:33:33.325,1.57536,1.5756,1.20,1.00
2015.08.27 13:33:33.682,1.57536,1.57559,1.20,1.00
2015.08.27 13:33:33.990,1.57536,1.57557,1.07,1.00
2015.08.27 13:33:34.661,1.57536,1.57559,1.20,1.00
2015.08.27 13:33:34.763,1.57538,1.5756,1.20,1.00
2015.08.27 13:33:35.068,1.57538,1.57561,2.62,1.00
2015.08.27 13:33:35.770,1.57538,1.5756,2.62,1.00
2015.08.27 13:33:36.075,1.57538,1.57563,1.20,1.00
2015.08.27 13:33:36.850,1.57537,1.5756,1.95,1.00
2015.08.27 13:33:37.154,1.57535,1.57558,2.25,1.00
2015.08.27 13:33:37.307,1.57535,1.5756,1.87,1.00
2015.08.27 13:33:37.602,1.57535,1.5756,1.27,1.00
2015.08.27 13:33:37.654,1.57535,1.5756,1.57,1.00
2015.08.27 13:33:37.958,1.57535,1.57557,1.57,1.00
2015.08.27 13:33:38.641,1.57538,1.57557,2.25,1.00
2015.08.27 13:33:38.849,1.5754,1.57563,1.20,1.00
2015.08.27 13:33:38.951,1.57539,1.57563,1.00,1.00
2015.08.27 13:33:39.004,1.57535,1.57563,1.75,1.50
2015.08.27 13:33:39.308,1.57535,1.57558,1.10,1.00
2015.08.27 13:33:39.827,1.57534,1.5756,1.57,1.00
2015.08.27 13:33:39.878,1.57534,1.5756,1.95,1.60
2015.08.27 13:33:39.980,1.57534,1.57558,1.12,1.35
2015.08.27 13:33:40.031,1.57534,1.57553,1.12,1.00
2015.08.27 13:33:40.134,1.57534,1.57558,1.37,1.00
2015.08.27 13:33:40.642,1.57533,1.57557,1.55,1.00
2015.08.27 13:33:41.191,1.57533,1.57557,1.27,1.00
2015.08.27 13:33:41.242,1.57533,1.57555,1.12,1.00
2015.08.27 13:33:41.344,1.57533,1.57557,1.00,1.00
2015.08.27 13:33:41.851,1.57534,1.57556,1.12,1.00
2015.08.27 13:33:42.004,1.57535,1.57558,1.12,1.00
2015.08.27 13:33:42.580,1.57535,1.57561,1.00,1.00
2015.08.27 13:33:42.682,1.57535,1.57561,1.37,1.00
2015.08.27 13:33:43.011,1.57535,1.57558,1.37,1.00
2015.08.27 13:33:43.429,1.57533,1.57557,2.77,1.00
2015.08.27 13:33:43.482,1.57534,1.57559,1.75,1.57
2015.08.27 13:33:43.635,1.57532,1.57559,1.20,1.50
2015.08.27 13:33:43.686,1.57537,1.57559,1.00,1.12
2015.08.27 13:33:44.250,1.57537,1.57558,1.00,1.00
2015.08.27 13:33:44.595,1.57541,1.57558,1.00,1.00
2015.08.27 13:33:45.344,1.57538,1.5756,1.00,1.00
2015.08.27 13:33:45.445,1.57536,1.57557,1.27,1.00
2015.08.27 13:33:45.726,1.57534,1.57556,1.00,1.72
2015.08.27 13:33:45.777,1.57532,1.57555,1.00,1.12
2015.08.27 13:33:45.880,1.57532,1.57551,1.00,1.00
2015.08.27 13:33:46.185,1.57533,1.57556,1.75,1.00
2015.08.27 13:33:46.652,1.57532,1.57555,1.65,1.00
2015.08.27 13:33:46.957,1.5753,1.57555,1.27,1.00
2015.08.27 13:33:47.008,1.5753,1.57553,1.00,1.00
2015.08.27 13:33:47.416,1.57528,1.57549,1.50,1.00
2015.08.27 13:33:47.620,1.57525,1.5755,1.65,1.12
2015.08.27 13:33:47.671,1.57525,1.57548,1.57,1.00
2015.08.27 13:33:48.180,1.57525,1.5755,1.00,1.50
2015.08.27 13:33:48.688,1.57525,1.5755,1.37,1.00
2015.08.27 13:33:48.992,1.57529,1.57551,1.00,1.50
2015.08.27 13:33:49.515,1.57531,1.57551,1.00,1.50
2015.08.27 13:33:49.617,1.57531,1.57554,1.00,1.12
2015.08.27 13:33:49.821,1.57528,1.57553,1.65,1.00
2015.08.27 13:33:50.328,1.57528,1.57553,1.00,1.12
2015.08.27 13:33:50.860,1.57528,1.57552,1.00,1.00
2015.08.27 13:33:52.564,1.57531,1.57552,1.00,1.00
2015.08.27 13:33:52.875,1.57531,1.57554,1.10,1.00
2015.08.27 13:33:53.487,1.57531,1.57552,1.00,1.00
2015.08.27 13:33:53.741,1.57531,1.57554,1.00,1.87
2015.08.27 13:33:53.843,1.57529,1.57554,1.00,2.25
2015.08.27 13:33:53.894,1.57529,1.57552,1.00,1.00
2015.08.27 13:33:54.063,1.57526,1.57551,1.87,1.12
2015.08.27 13:33:54.217,1.57524,1.5755,1.20,1.00
2015.08.27 13:33:54.319,1.57524,1.57548,1.00,1.00
2015.08.27 13:33:54.777,1.57521,1.57544,1.50,1.00
2015.08.27 13:33:55.040,1.5752,1.57545,1.00,1.12
2015.08.27 13:33:55.193,1.57525,1.57545,1.00,1.12
2015.08.27 13:33:55.245,1.57525,1.57549,1.00,1.27
2015.08.27 13:33:55.296,1.57529,1.57549,1.00,1.27
2015.08.27 13:33:55.348,1.57529,1.57551,1.00,1.00
2015.08.27 13:33:55.955,1.57529,1.57551,1.75,1.00
2015.08.27 13:33:56.269,1.57539,1.57551,1.00,1.00
2015.08.27 13:33:56.372,1.57535,1.57551,2.70,1.00
2015.08.27 13:33:56.677,1.5753,1.57551,2.25,1.00
2015.08.27 13:33:56.874,1.5753,1.57555,1.20,1.00
2015.08.27 13:33:57.229,1.57534,1.57555,1.00,1.00
2015.08.27 13:33:57.331,1.57534,1.57558,1.00,1.00
2015.08.27 13:33:57.382,1.57536,1.57558,1.00,1.00
2015.08.27 13:33:57.434,1.57536,1.57562,1.00,1.50
2015.08.27 13:33:57.936,1.57545,1.57562,1.00,1.00
2015.08.27 13:33:57.988,1.57545,1.57565,1.50,1.00
2015.08.27 13:33:58.039,1.57546,1.57571,1.12,1.95
2015.08.27 13:33:58.243,1.57547,1.57571,1.00,1.12
2015.08.27 13:33:58.447,1.57547,1.57574,1.20,3.00
2015.08.27 13:33:58.549,1.57545,1.57571,1.57,1.12
2015.08.27 13:33:58.651,1.57547,1.57572,1.00,1.12
2015.08.27 13:33:58.852,1.57547,1.5757,1.00,1.50
2015.08.27 13:33:58.906,1.57544,1.5757,1.10,1.50
2015.08.27 13:33:58.957,1.57544,1.57567,1.10,1.00
2015.08.27 13:33:59.567,1.57541,1.57567,1.10,1.00
2015.08.27 13:34:00.025,1.57541,1.57567,2.32,1.00
2015.08.27 13:34:00.127,1.57544,1.57572,1.37,2.40
2015.08.27 13:34:00.229,1.57543,1.57571,1.37,1.85
2015.08.27 13:34:00.330,1.57543,1.57571,1.87,1.10
2015.08.27 13:34:00.536,1.57542,1.5757,1.00,1.12
2015.08.27 13:34:00.841,1.57545,1.57574,1.50,3.00
2015.08.27 13:34:00.943,1.57544,1.57571,1.50,1.75
2015.08.27 13:34:01.099,1.57542,1.57571,2.62,2.40
2015.08.27 13:34:01.253,1.57543,1.57571,1.12,1.65
2015.08.27 13:34:01.559,1.57544,1.57571,1.00,2.62
2015.08.27 13:34:01.914,1.57542,1.57571,2.25,2.77
2015.08.27 13:34:02.428,1.57542,1.57567,1.00,1.12
2015.08.27 13:34:02.682,1.5754,1.57564,1.00,1.00
2015.08.27 13:34:02.937,1.57541,1.57567,1.87,1.10
2015.08.27 13:34:03.149,1.57544,1.5757,1.12,1.75
2015.08.27 13:34:03.455,1.57554,1.57574,1.00,1.17
2015.08.27 13:34:03.506,1.57551,1.57574,1.50,1.10
2015.08.27 13:34:03.610,1.57551,1.57578,2.62,1.50
2015.08.27 13:34:03.715,1.57551,1.57578,1.65,1.50
2015.08.27 13:34:03.817,1.57549,1.57575,1.07,1.60
2015.08.27 13:34:04.032,1.57548,1.57573,2.02,1.12
2015.08.27 13:34:04.390,1.57548,1.57571,1.20,1.00
2015.08.27 13:34:04.827,1.57545,1.57571,1.57,1.00
2015.08.27 13:34:04.879,1.57548,1.57571,1.00,1.00
2015.08.27 13:34:05.664,1.5755,1.57571,1.00,1.00
2015.08.27 13:34:06.191,1.5755,1.5757,1.00,1.00
2015.08.27 13:34:06.531,1.5755,1.57568,1.00,1.00
2015.08.27 13:34:06.934,1.57546,1.57568,1.95,1.00
2015.08.27 13:34:06.985,1.57546,1.57568,1.12,1.00
2015.08.27 13:34:07.036,1.57546,1.57567,1.00,2.10
2015.08.27 13:34:07.138,1.57543,1.57566,1.00,1.72
2015.08.27 13:34:07.240,1.57543,1.5756,1.00,1.00
2015.08.27 13:34:07.465,1.57542,1.57562,1.50,1.00
2015.08.27 13:34:07.871,1.57544,1.57564,1.00,1.00
2015.08.27 13:34:08.302,1.57542,1.57564,2.25,1.00
2015.08.27 13:34:08.852,1.57543,1.57565,1.50,1.10
2015.08.27 13:34:08.953,1.57543,1.57565,3.00,1.10
2015.08.27 13:34:09.004,1.57547,1.57567,1.00,1.10
2015.08.27 13:34:09.311,1.57549,1.57569,1.00,1.00
2015.08.27 13:34:09.821,1.57548,1.57569,1.00,1.57
2015.08.27 13:34:10.024,1.57543,1.57566,1.00,1.00
2015.08.27 13:34:10.075,1.57543,1.57563,1.00,1.00
2015.08.27 13:34:10.380,1.57546,1.57563,1.00,1.00
2015.08.27 13:34:10.533,1.57546,1.57565,1.00,1.00
2015.08.27 13:34:10.747,1.5755,1.57568,1.00,1.00
2015.08.27 13:34:11.053,1.57557,1.5758,1.00,1.87
2015.08.27 13:34:11.104,1.57561,1.5758,1.00,1.50
2015.08.27 13:34:11.155,1.57554,1.57578,1.87,1.00
2015.08.27 13:34:11.207,1.57555,1.57575,1.75,2.10
2015.08.27 13:34:11.259,1.57554,1.57574,1.00,1.90
2015.08.27 13:34:11.361,1.57549,1.57572,1.12,1.35
2015.08.27 13:34:11.668,1.57547,1.57563,1.00,1.00
2015.08.27 13:34:11.973,1.57548,1.57565,1.00,1.00
2015.08.27 13:34:12.227,1.57545,1.57565,1.00,1.00
2015.08.27 13:34:12.380,1.57545,1.57557,1.00,1.00
2015.08.27 13:34:12.638,1.57545,1.57563,1.00,1.00
2015.08.27 13:34:13.488,1.57545,1.57566,1.00,1.00
2015.08.27 13:34:13.539,1.57553,1.57566,1.00,1.00
2015.08.27 13:34:13.590,1.57553,1.57571,1.00,1.20
2015.08.27 13:34:13.833,1.57553,1.57573,1.12,1.00
2015.08.27 13:34:13.936,1.57554,1.57573,1.17,1.00
2015.08.27 13:34:14.039,1.57554,1.57575,1.17,1.00
2015.08.27 13:34:14.548,1.57556,1.57576,1.00,1.00
2015.08.27 13:34:15.270,1.57556,1.57574,1.00,1.00
2015.08.27 13:34:15.422,1.57553,1.57575,2.40,1.00
2015.08.27 13:34:15.473,1.57553,1.57569,2.40,1.00
2015.08.27 13:34:15.575,1.57553,1.57572,1.50,1.00
2015.08.27 13:34:15.627,1.57551,1.57572,1.12,1.00
2015.08.27 13:34:15.680,1.57553,1.57572,1.00,1.00
2015.08.27 13:34:15.941,1.5755,1.5757,2.25,1.00
2015.08.27 13:34:16.448,1.57551,1.5757,1.00,1.00
2015.08.27 13:34:17.011,1.5755,1.5757,1.00,1.00
2015.08.27 13:34:17.063,1.57548,1.5757,1.12,1.00
2015.08.27 13:34:17.165,1.57546,1.5757,1.00,1.17
2015.08.27 13:34:17.322,1.57546,1.57567,1.00,1.00
2015.08.27 13:34:17.778,1.57544,1.57569,1.00,1.95
2015.08.27 13:34:17.880,1.57544,1.57565,1.00,1.00
2015.08.27 13:34:18.208,1.57547,1.57565,1.00,1.00
2015.08.27 13:34:18.716,1.57543,1.57566,1.37,1.00
2015.08.27 13:34:19.027,1.57543,1.57562,1.00,1.00
2015.08.27 13:34:19.530,1.57542,1.57562,1.00,1.00
2015.08.27 13:34:20.384,1.57546,1.57562,1.37,1.00
2015.08.27 13:34:20.549,1.57549,1.57569,1.87,1.15
2015.08.27 13:34:20.651,1.57549,1.57571,2.62,1.00
2015.08.27 13:34:21.107,1.57549,1.57576,3.37,1.37
2015.08.27 13:34:21.614,1.57552,1.57576,1.37,1.95
2015.08.27 13:34:22.129,1.57552,1.57576,1.00,1.20
2015.08.27 13:34:22.541,1.57554,1.57576,1.00,1.20
2015.08.27 13:34:23.030,1.57553,1.57566,1.00,2.10
2015.08.27 13:34:23.233,1.57545,1.57565,1.00,1.60
2015.08.27 13:34:23.285,1.57542,1.5756,1.37,1.00
2015.08.27 13:34:23.336,1.5754,1.5756,1.00,1.00
2015.08.27 13:34:23.393,1.5754,1.5756,1.00,1.20
2015.08.27 13:34:23.496,1.57537,1.57562,1.50,1.12
2015.08.27 13:34:24.005,1.57538,1.57562,1.00,1.12
2015.08.27 13:34:24.158,1.57541,1.57562,1.00,1.12
2015.08.27 13:34:24.463,1.57546,1.57564,1.00,1.87
2015.08.27 13:34:24.515,1.57544,1.57565,1.00,1.20
2015.08.27 13:34:24.617,1.57542,1.57567,1.12,1.12
2015.08.27 13:34:24.717,1.57542,1.57565,1.00,1.87
2015.08.27 13:34:25.031,1.57528,1.57551,1.87,1.00
2015.08.27 13:34:25.336,1.57531,1.57551,1.00,1.00
2015.08.27 13:34:25.798,1.57532,1.57557,1.00,2.62
2015.08.27 13:34:26.056,1.57532,1.57556,1.00,1.07
2015.08.27 13:34:26.467,1.57534,1.57557,1.00,1.07
2015.08.27 13:34:26.569,1.57534,1.57558,1.50,1.57
2015.08.27 13:34:28.551,1.57534,1.57558,1.00,2.12
2015.08.27 13:34:28.858,1.57532,1.57556,1.00,1.35
2015.08.27 13:34:29.112,1.57531,1.57558,2.62,1.95
2015.08.27 13:34:29.462,1.57531,1.57553,1.00,1.90
2015.08.27 13:34:29.615,1.57527,1.57551,1.50,1.37
2015.08.27 13:34:29.819,1.57529,1.57551,1.00,1.47
2015.08.27 13:34:30.126,1.5754,1.57554,1.00,1.20
2015.08.27 13:34:30.331,1.57534,1.57556,1.00,1.12
2015.08.27 13:34:30.383,1.57538,1.57556,1.00,1.12
2015.08.27 13:34:30.485,1.57534,1.57554,1.50,1.12
2015.08.27 13:34:30.536,1.57534,1.57558,1.50,1.75
2015.08.27 13:34:30.739,1.57537,1.57558,1.00,1.75
2015.08.27 13:34:30.791,1.57534,1.57558,1.12,1.75
2015.08.27 13:34:31.247,1.57532,1.57559,1.00,2.85
2015.08.27 13:34:32.269,1.57535,1.57557,1.00,1.20
2015.08.27 13:34:32.622,1.57535,1.57559,1.00,1.15
2015.08.27 13:34:33.081,1.57532,1.57559,1.50,1.15
2015.08.27 13:34:33.233,1.57532,1.57555,1.00,1.00
2015.08.27 13:34:33.389,1.57528,1.57554,2.40,2.10
2015.08.27 13:34:33.541,1.57528,1.57552,1.50,2.05
2015.08.27 13:34:33.593,1.57526,1.57552,1.50,2.85
2015.08.27 13:34:33.644,1.57526,1.57552,1.50,3.22
2015.08.27 13:34:33.967,1.5753,1.57553,1.00,1.87
2015.08.27 13:34:34.477,1.5753,1.57553,1.00,1.20
2015.08.27 13:34:34.696,1.57528,1.57553,1.00,1.75
2015.08.27 13:34:34.748,1.57528,1.5755,1.00,1.12
2015.08.27 13:34:35.207,1.57535,1.5755,1.00,1.12
2015.08.27 13:34:35.258,1.57533,1.5755,1.00,1.12
2015.08.27 13:34:35.310,1.57526,1.57548,1.00,1.75
2015.08.27 13:34:35.452,1.57523,1.57543,1.20,1.30
2015.08.27 13:34:35.761,1.57527,1.57541,1.00,1.12
2015.08.27 13:34:36.068,1.5753,1.57543,1.00,1.12
2015.08.27 13:34:36.170,1.5753,1.57545,1.00,1.87
2015.08.27 13:34:36.323,1.57536,1.57545,1.00,1.12
2015.08.27 13:34:36.425,1.5754,1.5755,1.00,3.00
2015.08.27 13:34:36.528,1.5754,1.57549,1.00,1.00
2015.08.27 13:34:36.580,1.57541,1.57549,1.00,1.00
2015.08.27 13:34:36.632,1.57544,1.57554,1.00,1.12
2015.08.27 13:34:36.684,1.57541,1.57559,1.00,1.87
2015.08.27 13:34:36.840,1.57546,1.57559,1.00,1.87
2015.08.27 13:34:36.942,1.57546,1.57561,1.00,1.12
2015.08.27 13:34:36.993,1.57541,1.5756,1.00,1.75
2015.08.27 13:34:37.199,1.57536,1.57558,1.00,1.00
2015.08.27 13:34:37.250,1.57536,1.57554,1.00,1.12
2015.08.27 13:34:37.555,1.57545,1.57559,1.00,1.12
2015.08.27 13:34:37.606,1.57545,1.5756,1.00,1.00
2015.08.27 13:34:38.124,1.57541,1.5756,1.00,1.00
2015.08.27 13:34:38.226,1.57541,1.57561,1.00,1.87
2015.08.27 13:34:38.380,1.57541,1.57561,1.00,1.50
2015.08.27 13:34:38.534,1.57543,1.57561,1.00,1.37
2015.08.27 13:34:38.897,1.57545,1.57563,1.00,1.57
2015.08.27 13:34:38.948,1.57542,1.57563,1.00,1.57
2015.08.27 13:34:39.304,1.57542,1.5756,1.00,1.87
2015.08.27 13:34:39.812,1.57541,1.57557,1.00,2.25
2015.08.27 13:34:40.119,1.57545,1.57558,1.00,1.12
2015.08.27 13:34:40.221,1.57545,1.5756,1.00,1.12
2015.08.27 13:34:40.424,1.57545,1.57563,1.00,1.42
2015.08.27 13:34:40.730,1.57552,1.57563,1.00,1.45
2015.08.27 13:34:41.038,1.57559,1.57569,1.00,1.00
2015.08.27 13:34:41.499,1.57554,1.57569,1.00,1.72
2015.08.27 13:34:41.551,1.57552,1.57569,1.00,1.72
2015.08.27 13:34:41.653,1.57549,1.57564,1.00,1.30
2015.08.27 13:34:42.003,1.57557,1.57577,1.00,1.20
2015.08.27 13:34:42.105,1.57557,1.57574,1.00,1.00
2015.08.27 13:34:42.410,1.5756,1.57575,1.00,1.67
2015.08.27 13:34:43.019,1.5756,1.57572,1.00,1.00
2015.08.27 13:34:43.325,1.57569,1.57574,1.00,1.00
2015.08.27 13:34:43.427,1.57569,1.57578,1.00,1.00
2015.08.27 13:34:43.581,1.57569,1.5759,1.00,1.50
2015.08.27 13:34:43.785,1.57572,1.57586,1.00,1.00
2015.08.27 13:34:43.836,1.57572,1.57588,1.00,1.00
2015.08.27 13:34:44.185,1.57572,1.5759,1.00,1.10
2015.08.27 13:34:44.288,1.57572,1.5759,1.00,1.60
2015.08.27 13:34:44.746,1.57574,1.5759,1.00,1.00
2015.08.27 13:34:44.798,1.57578,1.57591,1.00,1.00
2015.08.27 13:34:44.849,1.57572,1.57591,1.00,1.00
2015.08.27 13:34:45.099,1.57572,1.57594,1.00,1.95
2015.08.27 13:34:45.202,1.57572,1.57591,1.00,1.00
2015.08.27 13:34:45.660,1.5757,1.57589,1.12,1.00
2015.08.27 13:34:45.976,1.57567,1.57584,1.00,1.00
2015.08.27 13:34:46.027,1.57567,1.57588,1.00,1.00
2015.08.27 13:34:46.080,1.57567,1.57586,1.00,1.00
2015.08.27 13:34:46.334,1.57567,1.57588,1.00,1.00
2015.08.27 13:34:46.538,1.57567,1.5759,1.50,1.10
2015.08.27 13:34:46.589,1.57567,1.5759,1.87,1.10
2015.08.27 13:34:46.852,1.57567,1.57593,1.87,2.40
2015.08.27 13:34:46.954,1.57569,1.57593,1.12,1.65
2015.08.27 13:34:47.463,1.57571,1.57592,1.12,1.00
2015.08.27 13:34:47.814,1.57571,1.5759,1.12,1.00
2015.08.27 13:34:47.866,1.57572,1.57589,1.00,1.00
2015.08.27 13:34:47.918,1.57572,1.57587,1.00,1.30
2015.08.27 13:34:47.970,1.57564,1.57587,1.12,1.35
2015.08.27 13:34:48.074,1.57563,1.57583,1.12,1.00
2015.08.27 13:34:48.380,1.57566,1.57587,1.12,1.50
2015.08.27 13:34:48.691,1.57569,1.57587,1.12,1.00
2015.08.27 13:34:51.152,1.57571,1.57586,1.12,1.00
2015.08.27 13:34:51.457,1.57565,1.57582,1.12,1.00
2015.08.27 13:34:51.509,1.57566,1.57582,1.00,1.00
2015.08.27 13:34:51.713,1.57566,1.5758,1.00,1.00
2015.08.27 13:34:52.154,1.57566,1.57583,1.00,1.00
2015.08.27 13:34:52.205,1.57567,1.57583,1.12,1.00
2015.08.27 13:34:52.510,1.5757,1.57584,1.12,1.00
2015.08.27 13:34:52.714,1.57567,1.57585,1.12,1.00
2015.08.27 13:34:52.816,1.57562,1.57582,1.57,1.00
2015.08.27 13:34:52.971,1.57562,1.57577,1.12,1.00
2015.08.27 13:34:53.276,1.57562,1.57574,1.12,1.00
2015.08.27 13:34:53.429,1.57556,1.57574,1.87,1.00
2015.08.27 13:34:53.791,1.57566,1.57577,1.75,1.00
2015.08.27 13:34:53.842,1.57569,1.57593,1.87,1.00
2015.08.27 13:34:53.893,1.57579,1.57593,1.00,1.00
2015.08.27 13:34:54.401,1.57579,1.57595,1.00,1.00
2015.08.27 13:34:54.902,1.57579,1.57592,1.00,1.00
2015.08.27 13:34:55.054,1.57579,1.57597,1.12,1.00
2015.08.27 13:34:55.106,1.57581,1.57597,1.00,1.00
2015.08.27 13:34:55.157,1.57581,1.57601,1.00,1.20
2015.08.27 13:34:55.208,1.57582,1.57598,1.12,1.00
2015.08.27 13:34:55.414,1.5758,1.57601,1.12,1.00
2015.08.27 13:34:55.466,1.5758,1.57598,1.87,1.00
2015.08.27 13:34:55.782,1.57584,1.57604,1.12,1.00
2015.08.27 13:34:55.834,1.57582,1.57604,1.87,1.00
2015.08.27 13:34:55.936,1.57582,1.57601,1.87,1.00
2015.08.27 13:34:56.038,1.57579,1.57601,1.75,1.00
2015.08.27 13:34:56.526,1.57584,1.57601,1.00,1.00
2015.08.27 13:34:56.578,1.57584,1.57604,1.00,1.00
2015.08.27 13:34:56.731,1.57583,1.57604,1.12,1.00
2015.08.27 13:34:57.037,1.57583,1.57599,1.12,1.00
2015.08.27 13:34:57.650,1.57581,1.57588,1.00,1.00
2015.08.27 13:34:57.701,1.57575,1.57584,1.75,1.00
2015.08.27 13:34:57.752,1.57575,1.57583,1.75,1.00
2015.08.27 13:34:57.804,1.57569,1.57579,1.12,1.00
2015.08.27 13:34:57.956,1.57567,1.57576,1.00,1.00
2015.08.27 13:34:58.161,1.57556,1.57567,2.02,1.00
2015.08.27 13:34:58.616,1.57554,1.57564,1.12,1.00
2015.08.27 13:34:58.922,1.57538,1.57554,1.27,1.00
2015.08.27 13:34:59.025,1.57541,1.57554,1.20,1.00
2015.08.27 13:34:59.230,1.57541,1.57556,1.20,1.00
2015.08.27 13:34:59.383,1.57541,1.5755,1.20,1.00
2015.08.27 13:34:59.501,1.57542,1.57549,1.82,1.00
2015.08.27 13:34:59.554,1.57539,1.57547,1.12,1.00
2015.08.27 13:34:59.606,1.57534,1.57549,1.00,1.00
2015.08.27 13:34:59.657,1.57533,1.57552,1.50,1.00
2015.08.27 13:34:59.709,1.5754,1.57552,1.00,1.00
2015.08.27 13:35:00.015,1.57545,1.57552,1.00,1.00
2015.08.27 13:35:00.469,1.5754,1.57552,1.50,1.00
2015.08.27 13:35:01.415,1.5754,1.5755,1.50,1.00
2015.08.27 13:35:01.643,1.57535,1.57545,1.10,1.00
2015.08.27 13:35:01.695,1.57534,1.57543,1.12,1.00
2015.08.27 13:35:01.797,1.57534,1.57554,1.00,1.12
2015.08.27 13:35:01.848,1.57531,1.57558,1.00,2.62
2015.08.27 13:35:02.002,1.57536,1.57554,1.00,1.50
2015.08.27 13:35:02.104,1.57536,1.57556,1.00,1.12
2015.08.27 13:35:02.207,1.57536,1.57562,1.00,1.65
2015.08.27 13:35:02.704,1.57539,1.57562,1.00,1.00
2015.08.27 13:35:02.756,1.57536,1.57562,1.87,1.20
2015.08.27 13:35:02.859,1.57536,1.57564,1.75,2.62
2015.08.27 13:35:02.910,1.57536,1.57564,1.75,1.20
2015.08.27 13:35:03.164,1.57535,1.57564,1.50,2.25
2015.08.27 13:35:03.513,1.57535,1.57564,1.50,2.62
2015.08.27 13:35:04.002,1.57537,1.57561,1.00,1.12
2015.08.27 13:35:04.529,1.57537,1.57561,1.37,1.12
2015.08.27 13:35:05.341,1.57537,1.57561,1.12,1.12
2015.08.27 13:35:05.948,1.57537,1.57561,1.87,1.12
2015.08.27 13:35:07.184,1.57535,1.5756,1.50,1.12
2015.08.27 13:35:07.236,1.57532,1.57558,1.37,1.27
2015.08.27 13:35:07.389,1.57529,1.57555,1.87,1.10
2015.08.27 13:35:07.441,1.57529,1.57555,1.87,1.85
2015.08.27 13:35:07.542,1.57526,1.57554,1.75,1.95
2015.08.27 13:35:07.594,1.57526,1.57553,1.75,1.75
2015.08.27 13:35:07.747,1.57526,1.57552,1.00,1.12
2015.08.27 13:35:07.798,1.57526,1.57551,1.00,1.57
2015.08.27 13:35:08.161,1.57529,1.57551,1.00,1.57
2015.08.27 13:35:08.367,1.57529,1.57551,1.12,1.27
2015.08.27 13:35:08.725,1.57527,1.57551,1.37,1.87
2015.08.27 13:35:08.776,1.57526,1.57551,1.12,2.62
2015.08.27 13:35:09.030,1.57526,1.5755,1.12,1.87
2015.08.27 13:35:09.693,1.57526,1.57549,1.00,1.12
2015.08.27 13:35:09.817,1.57526,1.5755,1.00,1.87
2015.08.27 13:35:10.071,1.5753,1.5755,1.00,1.87
2015.08.27 13:35:10.331,1.57532,1.57557,1.37,2.70
2015.08.27 13:35:10.382,1.57535,1.57557,1.00,1.20
2015.08.27 13:35:10.488,1.57536,1.57557,1.00,1.00
2015.08.27 13:35:10.541,1.5754,1.57557,1.00,1.00
2015.08.27 13:35:10.593,1.5754,1.57561,1.00,1.17
2015.08.27 13:35:10.797,1.5754,1.57562,1.00,2.17
2015.08.27 13:35:10.899,1.5754,1.57562,1.00,1.57
2015.08.27 13:35:11.052,1.57535,1.5756,1.00,1.10
2015.08.27 13:35:11.470,1.57534,1.5756,1.37,1.27
2015.08.27 13:35:11.776,1.57527,1.57552,1.50,1.12
2015.08.27 13:35:12.083,1.57526,1.57546,1.75,1.00
2015.08.27 13:35:12.602,1.57526,1.5755,1.75,1.12
2015.08.27 13:35:12.704,1.57525,1.57547,1.37,2.25
2015.08.27 13:35:12.907,1.57526,1.57546,1.72,1.50
2015.08.27 13:35:13.009,1.57526,1.57546,1.72,1.00
2015.08.27 13:35:13.544,1.57526,1.57548,1.37,1.65
2015.08.27 13:35:14.081,1.57526,1.57548,1.97,1.27
2015.08.27 13:35:14.397,1.57528,1.57548,1.72,1.17
2015.08.27 13:35:14.500,1.57528,1.57548,1.72,1.17
2015.08.27 13:35:14.552,1.57528,1.57551,1.12,1.30
2015.08.27 13:35:14.653,1.57527,1.57552,1.00,1.05
2015.08.27 13:35:15.000,1.57523,1.57541,1.60,1.10
2015.08.27 13:35:15.051,1.57523,1.57545,1.00,2.25
2015.08.27 13:35:15.102,1.57521,1.57545,1.00,1.57
2015.08.27 13:35:15.204,1.5752,1.57544,1.00,1.50
2015.08.27 13:35:15.256,1.57514,1.57542,1.75,1.55
2015.08.27 13:35:15.307,1.57518,1.5754,1.00,1.82
2015.08.27 13:35:15.612,1.57522,1.57543,1.60,1.12
2015.08.27 13:35:15.663,1.57523,1.57544,1.60,1.20
2015.08.27 13:35:16.173,1.57523,1.57545,1.60,1.12
2015.08.27 13:35:16.379,1.57524,1.57545,1.35,1.12
2015.08.27 13:35:16.531,1.57525,1.57549,1.67,1.10
2015.08.27 13:35:16.633,1.57526,1.5755,1.37,1.12
2015.08.27 13:35:16.836,1.57527,1.57551,1.87,1.10
2015.08.27 13:35:17.091,1.57529,1.57553,2.25,1.07
2015.08.27 13:35:17.193,1.57529,1.57553,1.87,1.07
2015.08.27 13:35:17.302,1.57529,1.57553,1.87,1.07
2015.08.27 13:35:17.354,1.57533,1.57553,1.00,1.07
2015.08.27 13:35:17.610,1.57536,1.57561,1.72,2.25
2015.08.27 13:35:17.661,1.57539,1.5756,1.00,1.15
2015.08.27 13:35:17.965,1.57539,1.57563,1.00,1.12
2015.08.27 13:35:18.306,1.57539,1.57564,1.75,1.55
2015.08.27 13:35:18.613,1.57547,1.5757,1.75,1.00
2015.08.27 13:35:18.714,1.57546,1.57569,1.87,1.60
2015.08.27 13:35:18.816,1.57548,1.57569,1.00,2.25
2015.08.27 13:35:18.867,1.57551,1.57569,1.00,1.87
2015.08.27 13:35:19.124,1.57552,1.57575,1.00,1.00
2015.08.27 13:35:19.176,1.57548,1.57573,1.27,2.85
2015.08.27 13:35:19.481,1.57548,1.57565,1.00,1.00
2015.08.27 13:35:19.635,1.57548,1.57567,1.00,1.10
2015.08.27 13:35:20.488,1.57548,1.57567,1.37,1.10
2015.08.27 13:35:20.793,1.57554,1.57567,1.00,1.10
2015.08.27 13:35:21.681,1.57562,1.57571,1.00,1.87
2015.08.27 13:35:21.783,1.57565,1.57573,1.00,1.65
2015.08.27 13:35:21.938,1.57565,1.5758,1.00,1.95
2015.08.27 13:35:22.040,1.57565,1.5758,1.00,1.50
2015.08.27 13:35:22.374,1.57565,1.57583,1.00,1.00
2015.08.27 13:35:22.427,1.57567,1.57583,1.00,1.00
2015.08.27 13:35:22.938,1.57567,1.57584,1.00,1.10
2015.08.27 13:35:23.903,1.57567,1.57583,1.37,1.00
2015.08.27 13:35:24.208,1.57561,1.57576,1.00,2.27
2015.08.27 13:35:24.260,1.57556,1.57576,1.00,2.27
2015.08.27 13:35:24.311,1.5756,1.57573,1.00,1.45
2015.08.27 13:35:24.661,1.57578,1.5759,1.00,1.00
2015.08.27 13:35:24.764,1.5758,1.57593,1.00,1.07
2015.08.27 13:35:25.070,1.57582,1.57596,1.00,1.20
2015.08.27 13:35:25.122,1.57582,1.57598,1.00,1.95
2015.08.27 13:35:25.556,1.57574,1.576,1.50,1.05
2015.08.27 13:35:25.718,1.57568,1.57586,1.17,1.00
2015.08.27 13:35:25.769,1.57566,1.57581,1.12,1.30
2015.08.27 13:35:26.080,1.57576,1.5759,1.00,1.50
2015.08.27 13:35:26.131,1.57566,1.57587,1.00,1.87
2015.08.27 13:35:26.183,1.57566,1.57587,1.12,2.32
2015.08.27 13:35:26.531,1.57563,1.57581,1.00,1.50
2015.08.27 13:35:26.635,1.57563,1.57581,1.00,1.20
2015.08.27 13:35:27.042,1.57563,1.57578,1.00,1.00
2015.08.27 13:35:27.093,1.57557,1.57578,1.87,1.00
2015.08.27 13:35:27.196,1.57562,1.57579,1.00,1.75
2015.08.27 13:35:27.503,1.57559,1.57579,1.00,1.50
2015.08.27 13:35:27.910,1.57562,1.5758,1.00,1.12
2015.08.27 13:35:28.064,1.57562,1.57583,1.00,2.25
2015.08.27 13:35:28.166,1.57564,1.57583,1.12,1.50
2015.08.27 13:35:28.319,1.57564,1.57584,1.00,1.20
2015.08.27 13:35:28.421,1.57564,1.57584,1.00,1.10
2015.08.27 13:35:29.419,1.57567,1.57585,1.00,1.27
2015.08.27 13:35:29.961,1.57567,1.57586,1.37,1.20
2015.08.27 13:35:30.166,1.57569,1.57591,1.00,2.25
2015.08.27 13:35:30.269,1.57567,1.57593,1.50,1.80
2015.08.27 13:35:30.321,1.57567,1.57587,1.00,1.50
2015.08.27 13:35:30.722,1.5757,1.57589,1.00,1.92
2015.08.27 13:35:30.825,1.5757,1.57589,1.00,1.17
2015.08.27 13:35:31.131,1.5757,1.57592,1.00,1.95
2015.08.27 13:35:31.589,1.57567,1.57592,1.00,1.95
2015.08.27 13:35:31.741,1.57567,1.57591,1.00,2.02
2015.08.27 13:35:31.966,1.5756,1.57586,1.00,2.10
2015.08.27 13:35:32.068,1.57559,1.57584,1.37,1.80
2015.08.27 13:35:32.170,1.57557,1.57579,1.87,1.00
2015.08.27 13:35:32.373,1.57557,1.57577,1.87,1.00
2015.08.27 13:35:32.882,1.5756,1.57578,1.00,1.00
2015.08.27 13:35:33.189,1.5756,1.57579,1.50,1.00
2015.08.27 13:35:33.600,1.5756,1.57582,1.37,1.00
2015.08.27 13:35:33.940,1.5756,1.57584,1.50,1.45
2015.08.27 13:35:34.197,1.5756,1.57586,1.50,2.92
2015.08.27 13:35:35.485,1.57563,1.57586,1.75,1.57
2015.08.27 13:35:35.638,1.57563,1.57588,3.37,1.20
2015.08.27 13:35:35.790,1.57563,1.57587,2.62,1.00
2015.08.27 13:35:35.894,1.57565,1.57588,1.50,1.20
2015.08.27 13:35:36.371,1.57567,1.5759,1.00,1.50
2015.08.27 13:35:36.728,1.57564,1.57584,1.87,2.10
2015.08.27 13:35:36.835,1.57558,1.57583,1.27,2.70
2015.08.27 13:35:36.989,1.57556,1.5758,1.00,1.20
2015.08.27 13:35:37.091,1.57556,1.5758,1.00,1.87
2015.08.27 13:35:37.143,1.57554,1.57578,1.50,1.17
2015.08.27 13:35:37.315,1.57554,1.57578,1.50,2.62
2015.08.27 13:35:37.825,1.57552,1.57574,1.37,1.20
2015.08.27 13:35:37.876,1.5755,1.57574,1.00,1.20
2015.08.27 13:35:38.331,1.57555,1.57576,1.00,1.20
2015.08.27 13:35:38.535,1.57558,1.57582,1.00,1.57
2015.08.27 13:35:38.992,1.57557,1.57579,1.00,1.00
2015.08.27 13:35:39.044,1.57554,1.57578,2.32,1.00
2015.08.27 13:35:39.212,1.57554,1.57574,1.50,1.00
2015.08.27 13:35:39.467,1.57549,1.57572,1.50,1.00
2015.08.27 13:35:39.873,1.57549,1.57571,1.12,1.50
2015.08.27 13:35:40.172,1.57546,1.57569,1.50,1.00
2015.08.27 13:35:40.375,1.57549,1.57569,1.00,1.00
2015.08.27 13:35:40.884,1.57547,1.57571,1.50,1.00
2015.08.27 13:35:41.540,1.57548,1.57569,1.50,1.50
2015.08.27 13:35:41.845,1.5754,1.57562,1.00,1.00
2015.08.27 13:35:42.050,1.57538,1.57562,1.50,1.00
2015.08.27 13:35:42.778,1.57537,1.57562,1.10,1.00
2015.08.27 13:35:42.930,1.57537,1.57562,1.37,1.00
2015.08.27 13:35:43.446,1.57536,1.57562,2.25,1.12
2015.08.27 13:35:43.752,1.57538,1.57562,1.37,1.00
2015.08.27 13:35:44.107,1.57538,1.57558,1.37,1.00
2015.08.27 13:35:44.208,1.57536,1.57555,1.07,1.00
2015.08.27 13:35:44.428,1.57532,1.57552,1.00,1.35
2015.08.27 13:35:44.479,1.57527,1.57552,2.25,1.35
2015.08.27 13:35:44.581,1.57527,1.57552,1.50,1.75
2015.08.27 13:35:45.089,1.57527,1.57551,1.00,1.00
2015.08.27 13:35:45.446,1.57529,1.57555,2.25,1.10
2015.08.27 13:35:45.706,1.57532,1.57557,1.00,1.00
2015.08.27 13:35:45.757,1.57535,1.57557,1.00,1.00
2015.08.27 13:35:46.061,1.57544,1.57568,1.00,1.50
2015.08.27 13:35:46.163,1.57541,1.57568,1.15,2.25
2015.08.27 13:35:46.318,1.57541,1.57568,1.65,1.50
2015.08.27 13:35:46.573,1.57541,1.57563,1.65,1.00
2015.08.27 13:35:46.882,1.57536,1.5756,1.20,1.00
2015.08.27 13:35:47.293,1.57536,1.57558,1.65,1.00
2015.08.27 13:35:47.597,1.57534,1.57558,2.62,1.00
2015.08.27 13:35:48.146,1.57534,1.57558,3.00,1.00
2015.08.27 13:35:48.397,1.5754,1.57564,1.37,1.50
2015.08.27 13:35:48.710,1.5754,1.5756,1.95,1.00
2015.08.27 13:35:48.762,1.5754,1.5756,1.57,1.00
2015.08.27 13:35:48.813,1.57542,1.5756,1.00,1.00
2015.08.27 13:35:49.066,1.5754,1.5756,1.00,1.00
2015.08.27 13:35:49.118,1.57536,1.5756,1.57,1.00
2015.08.27 13:35:49.658,1.57539,1.5756,1.00,1.00
2015.08.27 13:35:49.963,1.57536,1.57557,1.00,1.00
2015.08.27 13:35:50.784,1.57533,1.57556,1.57,1.00
2015.08.27 13:35:50.886,1.57533,1.57556,1.37,1.00
2015.08.27 13:35:51.427,1.57531,1.57556,1.37,1.00
2015.08.27 13:35:51.883,1.57535,1.57558,1.75,2.25
2015.08.27 13:35:51.986,1.57535,1.5756,1.75,2.40
2015.08.27 13:35:52.089,1.57538,1.57564,2.25,1.57
2015.08.27 13:35:52.190,1.57542,1.57564,1.00,1.00
2015.08.27 13:35:52.394,1.57542,1.57567,1.45,1.50
2015.08.27 13:35:52.704,1.57541,1.57563,1.50,1.00
2015.08.27 13:35:52.807,1.57538,1.57563,1.55,1.00
2015.08.27 13:35:53.417,1.5754,1.57563,1.00,1.00
2015.08.27 13:35:53.671,1.57539,1.57561,1.50,1.00
2015.08.27 13:35:54.181,1.57537,1.5756,1.87,1.00
2015.08.27 13:35:54.492,1.57533,1.57548,1.20,1.60
2015.08.27 13:35:54.544,1.57531,1.5755,1.12,1.00
2015.08.27 13:35:54.595,1.57527,1.5755,1.00,1.00
2015.08.27 13:35:54.647,1.57528,1.57554,1.72,1.20
2015.08.27 13:35:54.699,1.57529,1.57553,1.87,1.35
2015.08.27 13:35:54.861,1.5753,1.57554,2.25,1.12
2015.08.27 13:35:54.912,1.5753,1.57554,1.47,1.50
2015.08.27 13:35:55.014,1.5753,1.57551,1.47,1.00
2015.08.27 13:35:55.422,1.57529,1.57548,1.00,1.00
2015.08.27 13:35:55.885,1.57527,1.57548,1.00,1.00
2015.08.27 13:35:56.410,1.57527,1.57548,1.37,1.00
2015.08.27 13:35:56.934,1.57527,1.57546,1.37,1.00
2015.08.27 13:35:57.036,1.57524,1.57546,1.55,1.00
2015.08.27 13:35:57.241,1.57522,1.57545,1.00,1.00
2015.08.27 13:35:57.394,1.57523,1.57549,1.00,1.20
2015.08.27 13:35:57.749,1.57523,1.57551,1.95,1.75
2015.08.27 13:35:57.801,1.57523,1.57551,2.70,1.12
2015.08.27 13:35:58.323,1.57526,1.57551,1.50,1.12
2015.08.27 13:35:58.527,1.57526,1.57551,1.82,1.12
2015.08.27 13:35:59.094,1.57526,1.57551,1.82,1.12
2015.08.27 13:35:59.455,1.57526,1.57551,1.45,1.12
2015.08.27 13:35:59.761,1.57525,1.57546,1.07,1.00
2015.08.27 13:36:00.066,1.57519,1.57542,1.55,1.12
2015.08.27 13:36:02.191,1.57522,1.57542,1.00,1.00
2015.08.27 13:36:02.395,1.57532,1.57557,1.50,1.00
2015.08.27 13:36:02.497,1.57536,1.57558,1.50,1.00
2015.08.27 13:36:03.009,1.57537,1.57558,1.00,1.00
2015.08.27 13:36:03.061,1.57533,1.57558,1.50,1.00
2015.08.27 13:36:03.264,1.57539,1.57557,1.00,1.00
2015.08.27 13:36:03.315,1.57533,1.57557,1.00,1.00
2015.08.27 13:36:04.531,1.57533,1.57559,1.12,1.00
2015.08.27 13:36:04.948,1.57533,1.57559,2.32,1.00
2015.08.27 13:36:05.258,1.57531,1.57559,2.70,1.87
2015.08.27 13:36:06.284,1.57531,1.57555,1.57,1.00
2015.08.27 13:36:06.589,1.57518,1.57546,2.62,1.50
2015.08.27 13:36:06.691,1.5752,1.57544,1.10,1.00
2015.08.27 13:36:06.793,1.5752,1.57542,1.10,1.00
2015.08.27 13:36:07.104,1.57517,1.5754,1.65,1.00
2015.08.27 13:36:08.331,1.57517,1.5754,1.65,1.37
2015.08.27 13:36:08.534,1.57517,1.57537,1.00,1.00
2015.08.27 13:36:08.687,1.57517,1.5754,1.00,1.37
2015.08.27 13:36:08.840,1.57514,1.5754,1.65,1.37
2015.08.27 13:36:09.366,1.57514,1.57541,1.95,1.47
2015.08.27 13:36:12.334,1.57512,1.57539,1.95,1.37
2015.08.27 13:36:12.435,1.57512,1.57535,1.20,1.12
2015.08.27 13:36:12.740,1.57513,1.57535,2.02,1.00
2015.08.27 13:36:12.995,1.57513,1.57536,1.00,1.30
2015.08.27 13:36:13.046,1.57513,1.57533,1.00,1.00
2015.08.27 13:36:13.199,1.57509,1.57534,1.57,1.00
2015.08.27 13:36:13.455,1.57506,1.57533,2.77,1.00
2015.08.27 13:36:14.144,1.57506,1.57533,3.15,1.00
2015.08.27 13:36:14.450,1.57506,1.57532,1.55,1.12
2015.08.27 13:36:14.603,1.57506,1.5753,1.00,1.00
2015.08.27 13:36:15.112,1.57503,1.5753,1.52,1.12
2015.08.27 13:36:15.909,1.57503,1.5753,1.87,1.12
2015.08.27 13:36:16.063,1.57506,1.57533,1.87,1.12
2015.08.27 13:36:16.117,1.5751,1.57534,1.00,2.25
2015.08.27 13:36:16.392,1.57507,1.57534,1.12,1.50
2015.08.27 13:36:16.545,1.57507,1.57535,1.12,3.07
2015.08.27 13:36:16.849,1.57505,1.57532,1.00,1.50
2015.08.27 13:36:17.943,1.57503,1.5753,1.50,1.87
2015.08.27 13:36:18.248,1.57502,1.57529,1.00,1.87
2015.08.27 13:36:18.553,1.575,1.57525,1.65,1.00
2015.08.27 13:36:18.604,1.575,1.57528,1.65,1.50
2015.08.27 13:36:18.859,1.57497,1.57524,1.45,2.62
2015.08.27 13:36:18.910,1.57496,1.57524,1.47,2.62
2015.08.27 13:36:19.063,1.57495,1.5752,1.45,1.00
2015.08.27 13:36:19.216,1.57492,1.5752,1.10,1.00
2015.08.27 13:36:19.419,1.57491,1.57519,1.95,1.37
2015.08.27 13:36:19.777,1.57491,1.57515,1.00,1.00
2015.08.27 13:36:20.286,1.57491,1.57514,1.00,1.05
2015.08.27 13:36:20.388,1.57486,1.57514,1.00,1.05
2015.08.27 13:36:20.642,1.57483,1.57514,1.50,1.27
2015.08.27 13:36:21.289,1.57483,1.57511,1.12,1.50
2015.08.27 13:36:21.697,1.57483,1.57507,1.00,1.00
2015.08.27 13:36:22.041,1.57475,1.57503,1.72,1.57
2015.08.27 13:36:22.093,1.57483,1.57503,1.00,1.57
2015.08.27 13:36:22.296,1.57483,1.57507,1.00,1.15
2015.08.27 13:36:22.348,1.57486,1.57507,1.00,1.15
2015.08.27 13:36:22.399,1.57486,1.57511,1.00,3.97
2015.08.27 13:36:22.908,1.57483,1.57511,1.00,4.05
2015.08.27 13:36:23.020,1.57483,1.57509,1.00,1.12
2015.08.27 13:36:23.275,1.57481,1.57506,1.00,1.50
2015.08.27 13:36:23.784,1.57481,1.57504,1.00,1.30
2015.08.27 13:36:23.836,1.57483,1.57506,1.00,3.00
2015.08.27 13:36:24.144,1.57481,1.57503,1.37,1.30
2015.08.27 13:36:24.246,1.57481,1.57505,1.00,1.72
2015.08.27 13:36:24.603,1.57481,1.57504,1.00,1.17
2015.08.27 13:36:24.808,1.57479,1.57503,1.00,1.10
2015.08.27 13:36:25.320,1.57479,1.57504,1.00,1.57
2015.08.27 13:36:26.477,1.57479,1.57503,1.00,1.50
2015.08.27 13:36:26.782,1.57481,1.57504,1.00,1.20
2015.08.27 13:36:27.037,1.57481,1.57506,1.12,1.87
2015.08.27 13:36:27.088,1.57484,1.57506,1.00,2.10
2015.08.27 13:36:27.243,1.5748,1.57505,1.00,1.30
2015.08.27 13:36:27.407,1.5748,1.57507,1.00,1.20
2015.08.27 13:36:27.559,1.5748,1.57507,1.35,2.62
2015.08.27 13:36:27.866,1.57486,1.57507,1.60,1.00
2015.08.27 13:36:28.372,1.57487,1.57508,1.00,1.00
2015.08.27 13:36:28.423,1.57487,1.5751,1.00,1.50
2015.08.27 13:36:28.728,1.5749,1.57511,1.00,1.00
2015.08.27 13:36:29.033,1.5749,1.57515,1.60,1.00
2015.08.27 13:36:29.388,1.57493,1.57517,1.60,1.95
2015.08.27 13:36:29.439,1.57493,1.57517,1.00,1.95
2015.08.27 13:36:29.491,1.57493,1.57518,1.00,1.95
2015.08.27 13:36:30.102,1.57495,1.57518,1.00,1.87
2015.08.27 13:36:30.153,1.57495,1.57518,1.00,1.12
2015.08.27 13:36:30.305,1.57501,1.57519,1.00,1.12
2015.08.27 13:36:30.566,1.57503,1.57526,1.00,1.47
2015.08.27 13:36:31.024,1.57507,1.57527,1.00,1.55
2015.08.27 13:36:31.228,1.57509,1.57532,1.00,1.27
2015.08.27 13:36:31.436,1.57509,1.57536,1.12,1.95
2015.08.27 13:36:31.944,1.5751,1.57536,1.00,1.57
2015.08.27 13:36:31.995,1.57513,1.57538,1.00,3.67
2015.08.27 13:36:32.364,1.5752,1.57539,1.60,1.17
2015.08.27 13:36:32.416,1.57517,1.57539,1.05,1.00
2015.08.27 13:36:32.518,1.57516,1.57541,1.97,1.00
2015.08.27 13:36:32.570,1.57515,1.57541,1.12,1.12
2015.08.27 13:36:32.672,1.57515,1.57543,1.00,2.02
2015.08.27 13:36:32.876,1.57512,1.5754,1.27,1.50
2015.08.27 13:36:33.028,1.5751,1.57535,1.95,1.30
2015.08.27 13:36:33.081,1.5751,1.57534,1.17,1.00
2015.08.27 13:36:33.183,1.57507,1.57531,1.75,1.00
2015.08.27 13:36:33.494,1.57507,1.57529,1.00,1.00
2015.08.27 13:36:33.954,1.57507,1.57532,1.12,1.50
2015.08.27 13:36:34.309,1.57507,1.57533,1.60,3.00
2015.08.27 13:36:34.770,1.5751,1.57528,2.10,1.50
2015.08.27 13:36:35.076,1.57523,1.57545,1.00,1.17
2015.08.27 13:36:35.178,1.57526,1.57545,1.00,1.00
2015.08.27 13:36:35.280,1.57526,1.57547,1.00,1.10
2015.08.27 13:36:35.382,1.57526,1.57549,1.00,1.57
2015.08.27 13:36:35.483,1.57526,1.57549,1.50,1.10
2015.08.27 13:36:35.797,1.57533,1.57553,1.00,1.00
2015.08.27 13:36:36.000,1.57531,1.57554,1.72,1.00
2015.08.27 13:36:36.051,1.57531,1.57556,1.72,1.12
2015.08.27 13:36:36.458,1.57531,1.57554,1.72,1.00
2015.08.27 13:36:37.145,1.57531,1.57556,1.35,1.37
2015.08.27 13:36:37.552,1.57529,1.57556,1.50,1.87
2015.08.27 13:36:37.905,1.57533,1.57554,1.00,1.00
2015.08.27 13:36:38.260,1.57531,1.57554,1.00,1.00
2015.08.27 13:36:38.463,1.57531,1.57552,1.00,1.00
2015.08.27 13:36:38.745,1.57527,1.57552,2.25,1.12
2015.08.27 13:36:39.404,1.57527,1.57552,1.87,1.37
2015.08.27 13:36:39.920,1.57527,1.57547,1.00,1.00
2015.08.27 13:36:40.429,1.57527,1.57548,1.00,1.20
2015.08.27 13:36:41.005,1.57526,1.57548,1.00,1.20
2015.08.27 13:36:41.366,1.57531,1.5755,1.00,3.15
2015.08.27 13:36:41.519,1.57531,1.5755,1.00,1.00
2015.08.27 13:36:41.875,1.57531,1.57552,1.00,1.50
2015.08.27 13:36:42.133,1.5753,1.57544,1.00,2.10
2015.08.27 13:36:42.236,1.57523,1.5754,1.27,1.00
2015.08.27 13:36:42.288,1.57522,1.57539,1.20,2.10
2015.08.27 13:36:42.341,1.57514,1.57538,2.70,1.60
2015.08.27 13:36:42.443,1.57512,1.57534,1.00,1.00
2015.08.27 13:36:42.546,1.57512,1.57536,1.00,1.42
2015.08.27 13:36:42.649,1.57513,1.57532,1.00,1.00
2015.08.27 13:36:42.751,1.5751,1.57534,1.87,1.00
2015.08.27 13:36:42.802,1.5751,1.57534,1.00,2.85
2015.08.27 13:36:42.854,1.57508,1.57534,1.00,2.10
2015.08.27 13:36:43.304,1.57511,1.57532,1.00,2.17
2015.08.27 13:36:43.660,1.57511,1.57532,1.00,1.12
2015.08.27 13:36:44.015,1.57513,1.57532,1.00,1.12
2015.08.27 13:36:44.539,1.57513,1.57533,1.00,1.00
2015.08.27 13:36:44.794,1.57513,1.57538,1.00,2.25
2015.08.27 13:36:45.002,1.57518,1.57538,1.00,2.25
2015.08.27 13:36:45.205,1.57518,1.57538,1.00,1.20
2015.08.27 13:36:46.926,1.57521,1.57541,1.00,3.00
2015.08.27 13:36:47.181,1.5753,1.5755,1.00,1.12
2015.08.27 13:36:47.283,1.57527,1.57551,1.87,1.65
2015.08.27 13:36:47.385,1.57533,1.57551,1.00,1.10
2015.08.27 13:36:47.590,1.57533,1.57554,1.00,1.10
2015.08.27 13:36:47.948,1.5753,1.57554,1.00,1.65
2015.08.27 13:36:48.050,1.5753,1.57552,1.00,1.20
2015.08.27 13:36:48.305,1.57526,1.5755,1.00,1.20
2015.08.27 13:36:48.558,1.57532,1.5755,1.00,2.32
2015.08.27 13:36:48.711,1.5753,1.57552,1.37,1.15
2015.08.27 13:36:49.253,1.5753,1.57553,1.00,1.87
2015.08.27 13:36:49.304,1.57527,1.57553,1.00,1.87
2015.08.27 13:36:50.454,1.57529,1.5755,1.00,1.10
2015.08.27 13:36:50.760,1.57535,1.57557,1.12,3.00
2015.08.27 13:36:50.861,1.57529,1.57551,1.47,1.00
2015.08.27 13:36:51.007,1.57538,1.57551,1.00,1.12
2015.08.27 13:36:51.168,1.57542,1.57563,1.00,1.10
2015.08.27 13:36:53.302,1.57542,1.57561,1.00,1.00
2015.08.27 13:36:53.506,1.57539,1.57561,1.00,1.12
2015.08.27 13:36:53.659,1.57539,1.57561,1.00,2.47
2015.08.27 13:36:53.761,1.57539,1.57559,1.00,1.12
2015.08.27 13:36:54.016,1.57539,1.57562,1.00,2.40
2015.08.27 13:36:54.623,1.57539,1.57562,1.00,2.02
2015.08.27 13:36:55.183,1.57543,1.57563,1.00,1.95
2015.08.27 13:36:55.234,1.57541,1.57563,1.00,1.20
2015.08.27 13:36:55.414,1.57541,1.57563,1.00,1.00
2015.08.27 13:36:56.497,1.57541,1.57563,1.00,3.22
2015.08.27 13:36:56.549,1.57538,1.57563,1.00,3.22
2015.08.27 13:36:56.803,1.57538,1.57561,1.00,1.67
2015.08.27 13:36:57.315,1.57538,1.5756,1.00,2.20
2015.08.27 13:36:57.689,1.57538,1.57559,1.00,1.20
2015.08.27 13:36:57.791,1.57536,1.57559,1.00,1.20
2015.08.27 13:36:58.351,1.57532,1.57557,1.37,1.47
2015.08.27 13:36:58.405,1.57528,1.57553,1.87,1.37
2015.08.27 13:36:58.710,1.57545,1.57567,1.00,1.82
2015.08.27 13:36:58.864,1.57546,1.57568,1.00,1.05
2015.08.27 13:36:59.271,1.57544,1.57568,1.00,1.00
2015.08.27 13:36:59.322,1.5754,1.57563,1.50,1.30
2015.08.27 13:36:59.646,1.57543,1.57564,1.00,1.75
2015.08.27 13:36:59.800,1.57545,1.57565,1.00,1.00
2015.08.27 13:36:59.853,1.57545,1.57569,1.00,1.10
2015.08.27 13:36:59.905,1.57548,1.57569,1.00,1.10
2015.08.27 13:37:00.210,1.57551,1.57573,1.00,2.25
2015.08.27 13:37:00.312,1.57548,1.57572,1.00,1.45
2015.08.27 13:37:00.563,1.57545,1.57566,1.00,1.00
2015.08.27 13:37:00.615,1.57543,1.5757,1.00,1.95
2015.08.27 13:37:00.666,1.57543,1.5757,1.37,2.02
2015.08.27 13:37:00.818,1.57543,1.57563,1.37,1.00
2015.08.27 13:37:01.734,1.5754,1.57561,2.10,1.00
2015.08.27 13:37:02.091,1.57539,1.57561,1.10,1.37
2015.08.27 13:37:02.244,1.57535,1.57557,1.20,1.00
2015.08.27 13:37:02.786,1.57535,1.57555,1.12,1.00
2015.08.27 13:37:03.041,1.57535,1.57557,1.12,1.00
2015.08.27 13:37:03.448,1.57533,1.57553,1.85,1.00
2015.08.27 13:37:04.015,1.57538,1.57553,1.00,1.00
2015.08.27 13:37:04.220,1.57544,1.5757,3.37,1.50
2015.08.27 13:37:04.627,1.57546,1.57569,1.20,1.37
2015.08.27 13:37:04.948,1.57542,1.57561,1.37,1.00
2015.08.27 13:37:05.000,1.57542,1.57564,1.00,1.00
2015.08.27 13:37:05.456,1.57544,1.57564,1.00,1.00
2015.08.27 13:37:05.559,1.57543,1.57566,1.35,1.95
2015.08.27 13:37:05.661,1.57545,1.57566,1.50,1.00
2015.08.27 13:37:06.196,1.57545,1.57567,1.00,1.10
2015.08.27 13:37:06.501,1.57546,1.57567,1.60,1.10
2015.08.27 13:37:06.754,1.57553,1.57573,1.00,1.20
2015.08.27 13:37:07.168,1.57553,1.57576,1.00,1.20
2015.08.27 13:37:07.321,1.57553,1.57569,1.00,1.00
2015.08.27 13:37:07.373,1.5755,1.57569,1.00,1.35
2015.08.27 13:37:07.425,1.57543,1.57566,1.57,1.00
2015.08.27 13:37:07.476,1.57541,1.57566,1.87,1.00
2015.08.27 13:37:07.527,1.57539,1.57565,1.20,1.50
2015.08.27 13:37:07.681,1.57541,1.57567,1.00,1.17
2015.08.27 13:37:08.007,1.57537,1.57564,1.50,1.50
2015.08.27 13:37:09.221,1.57537,1.57563,1.00,1.95
2015.08.27 13:37:09.477,1.57534,1.57559,1.12,1.12
2015.08.27 13:37:09.985,1.57533,1.57557,1.50,1.00
2015.08.27 13:37:10.326,1.57527,1.57553,1.75,1.00
2015.08.27 13:37:10.631,1.57527,1.57551,1.00,1.12
2015.08.27 13:37:11.139,1.57527,1.57551,1.00,1.07
2015.08.27 13:37:11.494,1.57528,1.57553,1.12,1.27
2015.08.27 13:37:12.002,1.57527,1.57553,1.50,2.40
2015.08.27 13:37:12.256,1.57529,1.57553,1.00,1.65
2015.08.27 13:37:12.558,1.57531,1.57553,1.00,1.00
2015.08.27 13:37:12.660,1.57528,1.57553,1.87,1.50
2015.08.27 13:37:12.761,1.57531,1.57553,1.00,1.12
2015.08.27 13:37:13.067,1.57531,1.57555,1.00,1.87
2015.08.27 13:37:14.143,1.57534,1.57556,1.00,1.37
2015.08.27 13:37:14.349,1.57536,1.57558,1.00,1.10
2015.08.27 13:37:14.400,1.57539,1.57558,1.00,1.10
2015.08.27 13:37:14.553,1.57539,1.57561,1.00,1.00
2015.08.27 13:37:15.103,1.57539,1.57563,1.00,1.50
2015.08.27 13:37:16.236,1.57547,1.57563,1.00,1.87
2015.08.27 13:37:16.782,1.57547,1.57563,1.00,1.87
2015.08.27 13:37:16.884,1.57548,1.57563,1.00,1.87
2015.08.27 13:37:17.038,1.57546,1.57566,1.00,1.87
2015.08.27 13:37:17.394,1.57546,1.57562,1.00,1.00
2015.08.27 13:37:17.701,1.57546,1.5756,1.00,1.00
2015.08.27 13:37:17.854,1.57542,1.5756,1.00,1.00
2015.08.27 13:37:18.006,1.57542,1.57563,1.00,1.20
2015.08.27 13:37:18.108,1.57548,1.57563,1.00,1.57
2015.08.27 13:37:18.616,1.57548,1.57564,1.00,1.12
2015.08.27 13:37:18.769,1.57545,1.57564,1.00,1.57
2015.08.27 13:37:18.871,1.57548,1.57566,1.00,2.62
2015.08.27 13:37:18.974,1.5755,1.57567,1.00,2.25
2015.08.27 13:37:20.208,1.57546,1.57567,1.37,1.45
2015.08.27 13:37:20.259,1.57547,1.57569,1.72,2.25
2015.08.27 13:37:20.452,1.57552,1.57569,1.00,1.10
2015.08.27 13:37:20.909,1.57549,1.57568,1.00,1.00
2015.08.27 13:37:21.112,1.57547,1.57568,1.00,1.37
2015.08.27 13:37:21.265,1.57543,1.57569,1.50,1.37
2015.08.27 13:37:21.397,1.57543,1.57562,1.50,1.12
2015.08.27 13:37:21.449,1.5754,1.57562,1.00,1.50
2015.08.27 13:37:21.602,1.5754,1.57562,1.00,1.20
2015.08.27 13:37:21.703,1.5754,1.57562,1.00,1.00
2015.08.27 13:37:21.958,1.5754,1.57558,1.00,1.00
2015.08.27 13:37:22.060,1.5754,1.57561,1.00,1.37
2015.08.27 13:37:22.162,1.57536,1.57561,1.00,1.47
2015.08.27 13:37:22.213,1.57533,1.57561,1.50,1.85
2015.08.27 13:37:22.517,1.57533,1.57552,1.00,1.00
2015.08.27 13:37:23.026,1.57533,1.57555,1.00,1.50
2015.08.27 13:37:23.128,1.57528,1.57553,1.50,1.00
2015.08.27 13:37:23.229,1.57528,1.5755,1.00,1.00
2015.08.27 13:37:23.464,1.57523,1.5755,1.00,2.02
2015.08.27 13:37:23.718,1.5752,1.57546,1.00,1.87
2015.08.27 13:37:24.023,1.57525,1.57546,1.00,1.12
2015.08.27 13:37:24.125,1.57523,1.57546,1.00,1.00
2015.08.27 13:37:24.176,1.57523,1.57549,1.00,1.17
2015.08.27 13:37:24.687,1.57523,1.57549,1.00,1.20
2015.08.27 13:37:25.566,1.57523,1.57548,1.00,1.82
2015.08.27 13:37:25.873,1.57523,1.57545,1.00,1.37
2015.08.27 13:37:26.542,1.57519,1.57545,1.00,1.37
2015.08.27 13:37:26.796,1.57519,1.57545,1.00,1.37
2015.08.27 13:37:27.202,1.57519,1.57545,1.50,1.00
2015.08.27 13:37:27.735,1.57519,1.57546,1.50,1.00
2015.08.27 13:37:27.787,1.57521,1.57546,1.00,1.00
2015.08.27 13:37:28.037,1.57521,1.57549,1.00,2.70
2015.08.27 13:37:28.139,1.5752,1.57544,1.17,1.00
2015.08.27 13:37:28.292,1.5752,1.57544,1.00,1.00
2015.08.27 13:37:28.394,1.5752,1.57548,1.50,1.12
2015.08.27 13:37:28.903,1.57521,1.57548,1.20,1.12
2015.08.27 13:37:29.128,1.57521,1.57544,1.20,1.00
2015.08.27 13:37:29.230,1.5752,1.57548,1.52,1.00
2015.08.27 13:37:29.738,1.57524,1.57549,1.00,1.87
2015.08.27 13:37:29.839,1.57524,1.57549,1.60,1.50
2015.08.27 13:37:30.120,1.57525,1.57551,1.97,1.00
2015.08.27 13:37:30.374,1.57525,1.57548,1.80,1.00
2015.08.27 13:37:30.831,1.57525,1.57548,1.20,1.00
2015.08.27 13:37:30.882,1.57525,1.57545,1.20,1.00
2015.08.27 13:37:30.933,1.57525,1.5755,1.27,1.00
2015.08.27 13:37:31.035,1.57526,1.57551,1.37,1.50
2015.08.27 13:37:31.359,1.57526,1.57545,1.65,1.00
2015.08.27 13:37:31.616,1.5752,1.57544,1.00,1.00
2015.08.27 13:37:31.768,1.57518,1.57544,1.50,1.00
2015.08.27 13:37:31.870,1.57518,1.57541,1.50,1.00
2015.08.27 13:37:31.972,1.57518,1.57543,1.00,1.00
2015.08.27 13:37:32.179,1.57519,1.57546,1.00,1.10
2015.08.27 13:37:32.282,1.57522,1.57547,1.17,1.50
2015.08.27 13:37:32.587,1.57522,1.57544,1.20,1.00
2015.08.27 13:37:32.790,1.57522,1.57547,1.20,1.00
2015.08.27 13:37:32.994,1.57523,1.57549,1.55,1.00
2015.08.27 13:37:33.249,1.57523,1.5755,3.00,1.00
2015.08.27 13:37:33.659,1.57526,1.57552,1.27,1.00
2015.08.27 13:37:33.761,1.57532,1.57553,1.00,1.00
2015.08.27 13:37:33.813,1.57532,1.57555,1.00,1.00
2015.08.27 13:37:33.966,1.5753,1.57553,1.10,1.00
2015.08.27 13:37:34.277,1.57527,1.57548,1.15,1.00
2015.08.27 13:37:34.379,1.57522,1.57548,1.15,1.00
2015.08.27 13:37:35.098,1.57522,1.57549,1.90,1.00
2015.08.27 13:37:35.433,1.57522,1.57545,1.95,1.00
2015.08.27 13:37:35.586,1.57521,1.57544,1.17,1.00
2015.08.27 13:37:35.688,1.57521,1.57544,1.00,1.00
2015.08.27 13:37:36.095,1.57518,1.57544,1.07,1.00
2015.08.27 13:37:36.829,1.57519,1.5754,1.10,1.00
2015.08.27 13:37:37.149,1.57524,1.5754,1.00,1.00
2015.08.27 13:37:37.251,1.57517,1.5754,1.65,1.00
2015.08.27 13:37:37.535,1.5752,1.57545,1.00,1.00
2015.08.27 13:37:37.587,1.5752,1.57545,1.50,1.00
2015.08.27 13:37:37.933,1.57527,1.57546,1.00,1.00
2015.08.27 13:37:37.984,1.57527,1.5755,1.00,1.00
2015.08.27 13:37:38.035,1.5753,1.5755,1.00,1.00
2015.08.27 13:37:38.391,1.5753,1.57543,1.00,1.00
2015.08.27 13:37:38.952,1.5753,1.57539,1.10,1.00
2015.08.27 13:37:39.311,1.57528,1.57539,1.10,1.00
2015.08.27 13:37:39.967,1.57528,1.57542,1.10,1.00
2015.08.27 13:37:40.819,1.57528,1.57542,1.57,1.00
2015.08.27 13:37:40.972,1.57532,1.57542,1.00,1.00
2015.08.27 13:37:41.580,1.57532,1.57545,1.00,1.00
2015.08.27 13:37:41.902,1.57532,1.57548,1.00,1.00
2015.08.27 13:37:41.953,1.57532,1.57548,1.37,1.00
2015.08.27 13:37:42.005,1.57531,1.57552,1.37,1.00
2015.08.27 13:37:42.056,1.57531,1.57552,2.40,1.00
2015.08.27 13:37:42.407,1.57538,1.57552,1.37,1.00
2015.08.27 13:37:42.915,1.57538,1.57549,1.00,1.00
2015.08.27 13:37:43.171,1.57534,1.57549,1.20,1.00
2015.08.27 13:37:43.316,1.57535,1.57553,1.00,1.00
2015.08.27 13:37:43.367,1.57535,1.5755,1.00,1.00
2015.08.27 13:37:43.621,1.5753,1.57546,1.35,1.00
2015.08.27 13:37:43.672,1.5753,1.57546,1.60,1.00
2015.08.27 13:37:43.724,1.57532,1.57551,1.60,1.00
2015.08.27 13:37:43.775,1.57532,1.57551,1.00,1.00
2015.08.27 13:37:43.877,1.57532,1.57554,1.00,1.00
2015.08.27 13:37:43.929,1.57532,1.57554,1.87,1.00
2015.08.27 13:37:44.235,1.57538,1.57557,1.00,1.00
2015.08.27 13:37:44.543,1.57534,1.57554,1.07,1.00
2015.08.27 13:37:44.799,1.57533,1.57553,1.00,1.00
2015.08.27 13:37:45.104,1.57535,1.57554,1.00,1.00
2015.08.27 13:37:45.418,1.57532,1.57551,1.20,1.00
2015.08.27 13:37:45.469,1.57532,1.57551,1.07,1.00
2015.08.27 13:37:45.726,1.57531,1.57551,1.12,1.00
2015.08.27 13:37:47.567,1.57529,1.57547,1.15,1.60
2015.08.27 13:37:47.916,1.57527,1.57541,1.00,1.00
2015.08.27 13:37:48.223,1.5752,1.57537,1.87,1.00
2015.08.27 13:37:48.275,1.5752,1.57537,1.87,1.00
2015.08.27 13:37:49.294,1.5752,1.57535,1.12,1.00
2015.08.27 13:37:49.600,1.57521,1.57533,1.00,1.00
2015.08.27 13:37:49.651,1.57521,1.57537,1.00,1.00
2015.08.27 13:37:49.950,1.57519,1.57537,1.00,1.00
2015.08.27 13:37:50.255,1.57515,1.57534,1.17,1.00
2015.08.27 13:37:50.560,1.57514,1.57531,1.65,1.00
2015.08.27 13:37:50.661,1.57514,1.57531,1.10,1.00
2015.08.27 13:37:51.124,1.57512,1.57525,1.00,1.00
2015.08.27 13:37:51.429,1.5751,1.57525,1.00,1.00
2015.08.27 13:37:51.480,1.57506,1.57527,1.55,1.00
2015.08.27 13:37:51.582,1.57509,1.57527,1.00,1.00
2015.08.27 13:37:51.887,1.57513,1.57527,1.00,1.00
2015.08.27 13:37:52.037,1.57509,1.57527,1.07,1.00
2015.08.27 13:37:52.093,1.5751,1.57527,1.57,1.00
2015.08.27 13:37:52.145,1.57513,1.5753,1.00,1.00
2015.08.27 13:37:53.061,1.57513,1.5753,1.37,1.00
2015.08.27 13:37:53.214,1.57514,1.57533,1.00,1.00
2015.08.27 13:37:53.572,1.57514,1.5753,1.50,1.00
2015.08.27 13:37:54.182,1.57513,1.5753,1.12,1.00
2015.08.27 13:37:55.211,1.57513,1.57534,1.12,1.00
2015.08.27 13:37:55.313,1.57514,1.57537,2.85,1.00
2015.08.27 13:37:55.618,1.57521,1.5754,1.37,1.00
2015.08.27 13:37:56.311,1.57519,1.57536,1.75,1.00
2015.08.27 13:37:56.600,1.57515,1.57536,1.00,1.00
2015.08.27 13:37:56.653,1.57515,1.57533,1.00,1.00
2015.08.27 13:37:56.857,1.57515,1.57535,1.00,1.00
2015.08.27 13:37:57.466,1.57515,1.57535,2.10,1.00
2015.08.27 13:37:57.778,1.5752,1.57535,1.12,1.00
2015.08.27 13:37:57.829,1.5752,1.57539,1.87,1.00
2015.08.27 13:37:57.880,1.57522,1.57539,1.00,1.00
2015.08.27 13:37:57.931,1.57522,1.57541,1.00,1.00
2015.08.27 13:37:58.642,1.57522,1.57541,1.70,1.00
2015.08.27 13:37:59.152,1.57522,1.5754,1.00,1.00
2015.08.27 13:37:59.577,1.57522,1.57538,1.00,1.00
2015.08.27 13:37:59.884,1.57519,1.57535,1.87,1.00
2015.08.27 13:38:01.632,1.57519,1.57537,1.87,1.00
2015.08.27 13:38:01.683,1.5752,1.57541,1.12,1.00
2015.08.27 13:38:02.341,1.57524,1.57544,1.37,1.00
2015.08.27 13:38:03.003,1.57525,1.57541,1.50,1.00
2015.08.27 13:38:03.257,1.57518,1.57538,2.70,1.00
2015.08.27 13:38:03.510,1.57518,1.57539,1.57,1.00
2015.08.27 13:38:03.612,1.57518,1.57539,2.62,1.00
2015.08.27 13:38:03.714,1.57518,1.57539,1.65,1.00
2015.08.27 13:38:03.816,1.57518,1.57535,1.65,1.00
2015.08.27 13:38:04.323,1.57518,1.57535,1.07,1.00
2015.08.27 13:38:04.707,1.57515,1.57535,1.27,1.00
2015.08.27 13:38:04.758,1.57515,1.57532,1.27,1.00
2015.08.27 13:38:05.268,1.57515,1.57532,1.00,1.00
2015.08.27 13:38:05.667,1.57515,1.57528,1.00,1.00
2015.08.27 13:38:05.718,1.5751,1.57528,1.95,1.00
2015.08.27 13:38:05.820,1.57509,1.57528,1.12,1.00
2015.08.27 13:38:06.177,1.57506,1.57527,1.07,1.00
2015.08.27 13:38:07.659,1.57506,1.57523,1.20,1.00
2015.08.27 13:38:08.198,1.57504,1.57523,1.12,1.00
2015.08.27 13:38:08.300,1.57502,1.57523,2.62,1.00
2015.08.27 13:38:08.402,1.57513,1.57528,1.00,1.00
2015.08.27 13:38:08.453,1.57513,1.5753,1.12,1.00
2015.08.27 13:38:08.734,1.57511,1.57533,1.57,1.00
2015.08.27 13:38:08.785,1.57507,1.57528,1.12,1.00
2015.08.27 13:38:08.888,1.57506,1.57528,1.85,1.00
2015.08.27 13:38:08.939,1.57506,1.57531,1.85,1.00
2015.08.27 13:38:09.041,1.57509,1.57529,1.12,1.00
2015.08.27 13:38:09.348,1.57512,1.57529,1.00,1.00
2015.08.27 13:38:09.401,1.5751,1.57529,1.00,1.00
2015.08.27 13:38:09.452,1.5751,1.57532,1.00,1.00
2015.08.27 13:38:09.504,1.5751,1.57528,1.00,1.00
2015.08.27 13:38:09.820,1.5751,1.57525,1.00,1.00
2015.08.27 13:38:09.872,1.5751,1.57529,1.00,1.00
2015.08.27 13:38:10.398,1.57507,1.57529,1.50,1.00
2015.08.27 13:38:10.872,1.57507,1.57533,1.50,1.00
2015.08.27 13:38:10.925,1.57507,1.5753,1.87,1.00
2015.08.27 13:38:11.435,1.57509,1.5753,1.45,1.00
2015.08.27 13:38:11.908,1.5751,1.57534,2.17,1.00
2015.08.27 13:38:12.214,1.57516,1.57536,2.10,1.00
2015.08.27 13:38:12.518,1.57517,1.57533,1.37,1.00
2015.08.27 13:38:12.569,1.57517,1.57536,1.37,1.00
2015.08.27 13:38:12.909,1.5752,1.57536,1.00,1.00
2015.08.27 13:38:13.266,1.5752,1.57539,1.00,1.00
2015.08.27 13:38:13.420,1.57521,1.57542,1.00,1.00
2015.08.27 13:38:13.522,1.57523,1.57542,1.00,1.00
2015.08.27 13:38:14.947,1.57523,1.5754,1.00,1.00
2015.08.27 13:38:15.461,1.57522,1.5754,1.00,1.00
2015.08.27 13:38:15.767,1.5752,1.5754,1.72,1.00
2015.08.27 13:38:16.759,1.57518,1.57536,1.95,1.00
2015.08.27 13:38:17.064,1.57514,1.57534,1.37,1.00
2015.08.27 13:38:17.402,1.57512,1.5753,1.35,1.00
2015.08.27 13:38:17.758,1.5751,1.5753,1.00,1.00
2015.08.27 13:38:18.467,1.57512,1.5753,1.00,1.00
2015.08.27 13:38:19.329,1.5751,1.57528,1.00,1.00
2015.08.27 13:38:19.532,1.57508,1.57528,1.00,1.00
2015.08.27 13:38:20.054,1.57506,1.57528,1.27,1.00
2015.08.27 13:38:20.339,1.57507,1.57532,1.57,1.50
2015.08.27 13:38:20.852,1.57511,1.57532,1.12,1.00
2015.08.27 13:38:21.157,1.57505,1.57524,1.12,1.00
2015.08.27 13:38:21.462,1.57497,1.57518,1.00,1.00
2015.08.27 13:38:21.665,1.57502,1.57519,1.00,1.00
2015.08.27 13:38:21.828,1.57503,1.57528,1.37,1.65
2015.08.27 13:38:21.880,1.57505,1.57528,1.37,1.50
2015.08.27 13:38:22.032,1.57507,1.57532,1.30,1.50
2015.08.27 13:38:22.084,1.57508,1.57532,1.60,1.00
2015.08.27 13:38:22.135,1.5751,1.57532,1.00,1.00
2015.08.27 13:38:22.186,1.57512,1.57532,1.12,1.00
2015.08.27 13:38:22.593,1.57512,1.57532,1.37,1.00
2015.08.27 13:38:23.128,1.57514,1.57533,1.00,1.00
2015.08.27 13:38:23.635,1.57514,1.57532,1.00,1.00
2015.08.27 13:38:24.037,1.57512,1.57532,1.00,1.00
2015.08.27 13:38:24.445,1.57511,1.57524,1.12,1.00
2015.08.27 13:38:24.600,1.5751,1.57529,1.00,1.45
2015.08.27 13:38:24.702,1.57508,1.57529,1.00,1.52
2015.08.27 13:38:24.854,1.57507,1.57525,1.00,1.00
2015.08.27 13:38:25.359,1.57508,1.57525,1.00,1.17
2015.08.27 13:38:25.714,1.57508,1.57528,2.47,1.00
2015.08.27 13:38:26.131,1.57509,1.57528,1.12,1.00
2015.08.27 13:38:27.098,1.5751,1.57528,1.00,1.00
2015.08.27 13:38:27.412,1.57509,1.57525,1.00,1.00
2015.08.27 13:38:27.565,1.57505,1.57524,1.00,1.37
2015.08.27 13:38:27.616,1.57505,1.57524,1.00,1.37
2015.08.27 13:38:28.123,1.57504,1.57524,1.50,1.37
2015.08.27 13:38:28.582,1.57503,1.57527,1.00,2.47
2015.08.27 13:38:28.633,1.57503,1.57528,1.37,1.75
2015.08.27 13:38:28.736,1.57503,1.57529,1.50,1.20
2015.08.27 13:38:28.890,1.57503,1.57531,2.40,1.12
2015.08.27 13:38:29.194,1.57509,1.57531,1.00,1.12
2015.08.27 13:38:29.552,1.57507,1.57528,1.17,1.00
2015.08.27 13:38:29.910,1.57506,1.57528,1.50,1.00
2015.08.27 13:38:30.419,1.57507,1.57528,1.00,1.50
2015.08.27 13:38:31.290,1.57507,1.57528,1.00,2.25
2015.08.27 13:38:32.312,1.57504,1.5752,1.00,1.00
2015.08.27 13:38:32.567,1.57499,1.57521,1.00,1.50
2015.08.27 13:38:32.992,1.57499,1.57526,1.47,1.50
2015.08.27 13:38:33.043,1.57504,1.57526,1.00,1.00
2015.08.27 13:38:33.604,1.57504,1.57523,1.00,1.00
2015.08.27 13:38:33.706,1.57499,1.57523,1.75,1.00
2015.08.27 13:38:33.859,1.57499,1.57522,1.00,1.00
2015.08.27 13:38:34.421,1.57498,1.57522,1.00,1.00
2015.08.27 13:38:34.928,1.57499,1.57522,1.50,1.00
2015.08.27 13:38:35.448,1.57499,1.57523,1.50,1.00
2015.08.27 13:38:36.121,1.57499,1.57525,1.00,1.00
2015.08.27 13:38:36.224,1.57499,1.57526,1.00,1.87
2015.08.27 13:38:36.533,1.575,1.57525,1.00,1.00
2015.08.27 13:38:36.888,1.57503,1.57526,1.00,1.37
2015.08.27 13:38:36.939,1.57499,1.57526,1.50,1.37
2015.08.27 13:38:37.518,1.57499,1.57525,1.87,1.00
2015.08.27 13:38:38.048,1.575,1.57527,1.50,1.12
2015.08.27 13:38:38.150,1.57501,1.57528,1.20,1.50
2015.08.27 13:38:38.303,1.57504,1.57531,1.37,2.25
2015.08.27 13:38:38.356,1.57507,1.57531,1.00,1.12
2015.08.27 13:38:38.717,1.57507,1.57534,1.12,1.50
2015.08.27 13:38:38.835,1.57508,1.57535,1.12,1.50
2015.08.27 13:38:38.887,1.5751,1.57536,1.00,1.50
2015.08.27 13:38:39.193,1.57514,1.57541,1.37,1.20
2015.08.27 13:38:39.346,1.57514,1.57541,1.37,1.50
2015.08.27 13:38:39.828,1.57516,1.57541,1.17,1.00
2015.08.27 13:38:40.138,1.5752,1.57544,1.37,1.00
2015.08.27 13:38:40.442,1.57522,1.57544,1.37,1.00
2015.08.27 13:38:40.545,1.57522,1.57546,1.37,1.00
2015.08.27 13:38:40.647,1.57521,1.57547,1.37,1.12
2015.08.27 13:38:40.898,1.57522,1.57549,1.37,2.40
2015.08.27 13:38:41.782,1.57522,1.57549,1.12,1.87
2015.08.27 13:38:42.095,1.57522,1.57545,1.00,1.12
2015.08.27 13:38:42.148,1.5752,1.57545,1.00,1.12
2015.08.27 13:38:42.655,1.5752,1.57547,1.37,1.87
2015.08.27 13:38:42.859,1.5752,1.57547,1.00,1.00
2015.08.27 13:38:43.723,1.5752,1.57547,1.87,1.37
2015.08.27 13:38:43.927,1.57521,1.57547,1.12,1.75
2015.08.27 13:38:44.495,1.57523,1.57546,1.00,1.12
2015.08.27 13:38:44.547,1.57523,1.57547,1.87,1.00
2015.08.27 13:38:44.598,1.57525,1.5755,1.00,1.27
2015.08.27 13:38:44.700,1.5753,1.5755,1.00,1.12
2015.08.27 13:38:44.903,1.57527,1.5755,1.00,1.12
2015.08.27 13:38:45.157,1.57526,1.57548,1.00,1.00
2015.08.27 13:38:45.461,1.57523,1.57548,1.15,1.37
2015.08.27 13:38:45.665,1.57521,1.57545,1.00,1.50
2015.08.27 13:38:45.716,1.57521,1.57542,1.00,1.75
2015.08.27 13:38:45.818,1.57517,1.57542,1.20,1.37
2015.08.27 13:38:45.971,1.57515,1.57541,1.87,1.00
2015.08.27 13:38:46.124,1.57518,1.57545,1.00,1.75
2015.08.27 13:38:46.433,1.57516,1.57542,1.10,1.00
2015.08.27 13:38:46.637,1.57516,1.57542,1.10,2.62
2015.08.27 13:38:47.799,1.57515,1.57538,1.65,1.00
2015.08.27 13:38:48.104,1.57504,1.57531,2.25,2.85
2015.08.27 13:38:48.155,1.57504,1.57528,2.25,1.00
2015.08.27 13:38:48.359,1.57504,1.57527,1.57,1.12
2015.08.27 13:38:48.560,1.57504,1.57526,1.20,1.00
2015.08.27 13:38:48.814,1.57504,1.57529,1.20,1.72
2015.08.27 13:38:49.068,1.57497,1.57521,2.32,1.00
2015.08.27 13:38:49.170,1.57497,1.57521,1.00,1.00
2015.08.27 13:38:49.272,1.57493,1.57521,1.00,1.82
2015.08.27 13:38:49.374,1.5749,1.57519,2.17,1.12
2015.08.27 13:38:49.740,1.57491,1.57518,1.10,1.37
2015.08.27 13:38:49.842,1.5749,1.57516,1.12,1.30
2015.08.27 13:38:49.945,1.57492,1.57518,1.00,1.35
2015.08.27 13:38:50.352,1.57492,1.57513,1.12,1.00
2015.08.27 13:38:51.216,1.57492,1.57512,1.00,1.00
2015.08.27 13:38:51.522,1.57492,1.57508,1.00,1.00
2015.08.27 13:38:51.632,1.57489,1.57508,1.50,1.00
2015.08.27 13:38:52.157,1.57488,1.57509,1.50,1.00
2015.08.27 13:38:52.665,1.57488,1.57508,1.00,1.00
2015.08.27 13:38:52.767,1.57488,1.57513,1.72,1.00
2015.08.27 13:38:52.937,1.57491,1.57513,1.00,1.00
2015.08.27 13:38:53.514,1.57491,1.57512,1.00,1.00
2015.08.27 13:38:53.819,1.57483,1.57505,1.12,1.00
2015.08.27 13:38:53.870,1.57482,1.57505,1.00,1.10
2015.08.27 13:38:53.921,1.57482,1.57499,1.00,1.00
2015.08.27 13:38:54.116,1.57479,1.57497,1.00,1.00
2015.08.27 13:38:54.167,1.57477,1.57497,1.00,1.00
2015.08.27 13:38:54.676,1.57478,1.57497,1.00,1.00
2015.08.27 13:38:55.228,1.57477,1.57497,1.50,1.00
2015.08.27 13:38:55.637,1.57478,1.57502,1.00,1.37
2015.08.27 13:38:55.688,1.57479,1.57504,1.37,2.02
2015.08.27 13:38:55.791,1.57484,1.57504,1.00,1.17
2015.08.27 13:38:56.302,1.57483,1.57507,1.47,1.00
2015.08.27 13:38:56.354,1.57487,1.5751,1.00,1.37
2015.08.27 13:38:56.660,1.57488,1.5751,1.87,1.00
2015.08.27 13:38:56.965,1.57496,1.57513,1.00,1.00
2015.08.27 13:38:57.292,1.57482,1.57502,1.00,1.00
2015.08.27 13:38:57.395,1.57482,1.57505,1.60,1.00
2015.08.27 13:38:57.446,1.5748,1.57507,2.85,1.00
2015.08.27 13:38:57.752,1.57488,1.57507,1.37,1.00
2015.08.27 13:38:58.716,1.57488,1.5751,1.50,1.00
2015.08.27 13:38:58.971,1.57488,1.57508,1.37,1.00
2015.08.27 13:38:59.281,1.57486,1.57505,1.00,1.00
2015.08.27 13:38:59.909,1.57489,1.57505,1.00,1.00
2015.08.27 13:39:00.306,1.57489,1.57508,1.00,1.00
2015.08.27 13:39:00.664,1.57487,1.57507,1.00,1.00
2015.08.27 13:39:00.715,1.57485,1.57507,1.00,1.00
2015.08.27 13:39:01.020,1.57482,1.57507,1.00,1.12
2015.08.27 13:39:01.173,1.57485,1.57509,1.00,1.27
2015.08.27 13:39:01.334,1.57485,1.5751,1.50,1.27
2015.08.27 13:39:01.538,1.57492,1.5751,1.00,1.00
2015.08.27 13:39:01.589,1.57492,1.57513,1.00,1.87
2015.08.27 13:39:01.945,1.57492,1.57511,1.00,1.00
2015.08.27 13:39:02.047,1.57489,1.57511,1.37,1.00
2015.08.27 13:39:02.098,1.57487,1.57511,1.10,1.12
2015.08.27 13:39:02.466,1.57486,1.57508,1.00,1.00
2015.08.27 13:39:02.771,1.57486,1.57506,1.00,1.00
2015.08.27 13:39:03.456,1.57486,1.57508,1.00,1.50
2015.08.27 13:39:04.602,1.57486,1.57511,1.12,1.00
2015.08.27 13:39:05.308,1.57486,1.57512,1.50,1.10
2015.08.27 13:39:05.410,1.57487,1.57514,1.00,2.02
2015.08.27 13:39:05.562,1.57489,1.57514,1.00,1.50
2015.08.27 13:39:05.613,1.57495,1.57517,1.00,1.92
2015.08.27 13:39:06.140,1.57494,1.57518,1.00,2.02
2015.08.27 13:39:06.192,1.57492,1.57518,1.00,2.02
2015.08.27 13:39:06.811,1.57492,1.57516,1.00,1.10
2015.08.27 13:39:07.664,1.57492,1.57517,1.00,1.12
2015.08.27 13:39:08.181,1.57492,1.57517,1.00,1.37
2015.08.27 13:39:08.716,1.57493,1.57517,1.00,1.37
2015.08.27 13:39:09.872,1.57495,1.57517,1.00,1.37
2015.08.27 13:39:10.222,1.57495,1.57517,1.00,1.75
2015.08.27 13:39:10.274,1.57493,1.57514,1.00,1.00
2015.08.27 13:39:10.427,1.57493,1.57514,1.00,1.75
2015.08.27 13:39:10.632,1.5749,1.57514,1.00,1.75
2015.08.27 13:39:10.836,1.57488,1.57513,1.00,1.67
2015.08.27 13:39:11.159,1.57485,1.5751,1.50,1.85
2015.08.27 13:39:11.667,1.57485,1.5751,1.00,2.02
2015.08.27 13:39:12.226,1.57485,1.57506,1.00,1.12
2015.08.27 13:39:12.379,1.57481,1.57502,1.00,1.00
2015.08.27 13:39:12.431,1.57479,1.57492,1.00,1.00
2015.08.27 13:39:12.534,1.57479,1.57503,1.00,1.87
2015.08.27 13:39:12.890,1.57477,1.57503,1.00,1.27
2015.08.27 13:39:12.993,1.57476,1.57501,1.00,1.87
2015.08.27 13:39:13.305,1.57481,1.57504,1.00,1.27
2015.08.27 13:39:13.356,1.57481,1.57507,1.50,1.95
2015.08.27 13:39:13.407,1.57484,1.57507,1.00,1.27
2015.08.27 13:39:13.458,1.57486,1.57507,1.00,1.37
2015.08.27 13:39:13.815,1.57485,1.57503,1.00,2.10
2015.08.27 13:39:14.133,1.57477,1.57496,1.00,1.00
2015.08.27 13:39:14.235,1.57477,1.575,1.00,1.75
2015.08.27 13:39:14.590,1.57482,1.57503,1.00,1.12
2015.08.27 13:39:14.743,1.57482,1.57506,1.00,2.02
2015.08.27 13:39:14.845,1.57479,1.57502,1.00,1.00
2015.08.27 13:39:14.897,1.57481,1.57502,1.00,1.00
2015.08.27 13:39:15.159,1.57482,1.57506,1.50,1.12
2015.08.27 13:39:15.210,1.57484,1.57506,1.00,1.12
2015.08.27 13:39:15.514,1.57487,1.57506,1.00,1.12
2015.08.27 13:39:15.566,1.57485,1.57506,1.00,1.00
2015.08.27 13:39:15.617,1.57485,1.5751,1.00,1.55
2015.08.27 13:39:16.124,1.57486,1.5751,1.00,1.20
2015.08.27 13:39:16.544,1.57485,1.57507,1.00,1.12
2015.08.27 13:39:16.747,1.57487,1.57509,1.00,1.37
2015.08.27 13:39:17.314,1.57488,1.57509,1.00,1.00
2015.08.27 13:39:19.717,1.5749,1.5751,1.00,1.37
2015.08.27 13:39:20.025,1.57493,1.57516,1.00,1.12
2015.08.27 13:39:20.078,1.57494,1.57517,1.00,1.75
2015.08.27 13:39:20.586,1.57495,1.5752,1.00,1.47
2015.08.27 13:39:20.841,1.57495,1.5752,1.00,1.47
2015.08.27 13:39:21.374,1.57492,1.5752,1.87,1.85
2015.08.27 13:39:21.781,1.57492,1.57517,1.00,2.25
2015.08.27 13:39:22.086,1.5749,1.57512,1.00,1.12
2015.08.27 13:39:22.327,1.57488,1.57512,1.00,1.12
2015.08.27 13:39:22.829,1.57487,1.5751,1.00,1.00
2015.08.27 13:39:23.686,1.57487,1.57511,1.00,1.12
2015.08.27 13:39:23.840,1.57487,1.57511,1.00,1.12
2015.08.27 13:39:23.891,1.57485,1.57511,1.00,1.12
2015.08.27 13:39:26.134,1.57485,1.57508,1.00,1.00
2015.08.27 13:39:26.547,1.57487,1.57511,1.00,1.65
2015.08.27 13:39:27.267,1.57487,1.57511,1.00,2.02
2015.08.27 13:39:27.524,1.57485,1.57508,1.00,1.45
2015.08.27 13:39:27.575,1.57485,1.57508,1.00,1.45
2015.08.27 13:39:28.083,1.57485,1.57506,1.00,1.37
2015.08.27 13:39:28.134,1.57485,1.57506,1.00,1.00
2015.08.27 13:39:28.662,1.57485,1.57511,1.50,1.12
2015.08.27 13:39:29.497,1.57486,1.57511,1.00,1.12
2015.08.27 13:39:29.548,1.57486,1.57511,1.00,1.00
2015.08.27 13:39:29.751,1.57484,1.57506,1.50,1.12
2015.08.27 13:39:29.853,1.57485,1.5751,1.00,1.50
2015.08.27 13:39:30.056,1.57484,1.57508,2.85,1.00
2015.08.27 13:39:30.310,1.57489,1.57514,1.00,1.27
2015.08.27 13:39:30.514,1.57489,1.57515,1.00,1.52
2015.08.27 13:39:31.072,1.57489,1.57513,1.00,1.12
2015.08.27 13:39:31.174,1.57487,1.57513,1.12,1.37
2015.08.27 13:39:31.887,1.57489,1.57513,1.12,1.27
2015.08.27 13:39:32.092,1.57487,1.57514,1.00,1.65
2015.08.27 13:39:32.194,1.57487,1.5751,1.00,1.00
2015.08.27 13:39:32.596,1.57487,1.57512,1.00,1.95
2015.08.27 13:39:32.750,1.57485,1.57511,1.00,2.40
2015.08.27 13:39:33.004,1.57483,1.57509,1.00,1.65
2015.08.27 13:39:33.695,1.57484,1.57509,1.00,2.02
2015.08.27 13:39:34.404,1.57484,1.57509,1.00,2.40
2015.08.27 13:39:34.752,1.57484,1.57509,1.00,2.77
2015.08.27 13:39:35.057,1.57482,1.57508,1.00,1.20
2015.08.27 13:39:35.210,1.57483,1.57509,1.00,2.32
2015.08.27 13:39:35.362,1.57485,1.57509,1.00,2.32
2015.08.27 13:39:35.714,1.57489,1.57513,1.00,1.82
2015.08.27 13:39:35.816,1.57489,1.57515,1.00,2.77
2015.08.27 13:39:36.327,1.57488,1.57513,1.00,1.27
2015.08.27 13:39:36.734,1.57488,1.57512,1.00,1.20
2015.08.27 13:39:37.365,1.57485,1.57512,2.25,1.52
2015.08.27 13:39:37.873,1.57485,1.57512,2.25,1.52
2015.08.27 13:39:40.181,1.5749,1.57512,1.00,1.52
2015.08.27 13:39:40.233,1.57487,1.57512,1.00,1.27
2015.08.27 13:39:40.750,1.57488,1.57511,1.00,1.10
2015.08.27 13:39:40.802,1.57488,1.57511,1.00,1.15
2015.08.27 13:39:41.534,1.57486,1.57508,1.00,1.50
2015.08.27 13:39:41.636,1.57482,1.57508,1.00,1.12
2015.08.27 13:39:41.688,1.57482,1.57504,1.00,1.12
2015.08.27 13:39:42.218,1.57481,1.57507,1.87,1.27
2015.08.27 13:39:42.485,1.57481,1.57508,1.87,1.20
2015.08.27 13:39:42.993,1.57481,1.57508,1.87,1.57
2015.08.27 13:39:43.112,1.57484,1.57508,1.00,1.57
2015.08.27 13:39:43.854,1.57484,1.57507,1.00,1.37
2015.08.27 13:39:44.714,1.57484,1.57508,1.50,1.27
2015.08.27 13:39:45.474,1.57484,1.57509,1.50,1.90
2015.08.27 13:39:45.926,1.57484,1.57509,1.50,1.90
2015.08.27 13:39:46.231,1.57481,1.57507,1.12,1.95
2015.08.27 13:39:46.765,1.57478,1.57497,1.00,1.00
2015.08.27 13:39:47.529,1.57475,1.57497,1.00,1.00
2015.08.27 13:39:47.947,1.57472,1.57498,2.25,1.50
2015.08.27 13:39:48.847,1.57472,1.57497,2.25,1.17
2015.08.27 13:39:49.488,1.57472,1.57493,1.75,1.37
2015.08.27 13:39:49.640,1.57469,1.57492,1.00,2.10
2015.08.27 13:39:49.742,1.57469,1.57493,1.00,1.20
2015.08.27 13:39:50.018,1.57469,1.57493,2.25,1.37
2015.08.27 13:39:50.323,1.57477,1.575,1.67,1.10
2015.08.27 13:39:50.528,1.57478,1.57498,1.12,1.00
2015.08.27 13:39:50.834,1.57478,1.57496,1.12,1.00
2015.08.27 13:39:51.809,1.57478,1.57499,1.00,1.00
2015.08.27 13:39:52.108,1.57478,1.57495,1.00,1.00
2015.08.27 13:39:52.364,1.57478,1.57497,1.50,1.00
2015.08.27 13:39:52.467,1.57478,1.57499,1.50,1.12
2015.08.27 13:39:52.975,1.57481,1.57502,1.00,1.50
2015.08.27 13:39:53.105,1.57481,1.57502,1.00,1.00
2015.08.27 13:39:53.159,1.57483,1.57505,1.00,1.00
2015.08.27 13:39:53.212,1.57483,1.57507,1.00,1.12
2015.08.27 13:39:53.568,1.57483,1.57504,1.55,1.00
2015.08.27 13:39:53.976,1.57483,1.57507,1.37,1.37
2015.08.27 13:39:54.281,1.57483,1.57508,1.37,1.37
2015.08.27 13:39:54.535,1.57481,1.57502,1.12,1.00
2015.08.27 13:39:54.942,1.57483,1.57502,1.00,1.00
2015.08.27 13:39:55.278,1.57483,1.57503,1.60,1.00
2015.08.27 13:39:55.787,1.57486,1.57502,1.00,1.00
2015.08.27 13:39:56.444,1.57488,1.57503,1.00,1.00
2015.08.27 13:39:56.750,1.57492,1.57511,1.60,1.00
2015.08.27 13:39:56.953,1.57492,1.57508,1.87,1.00
2015.08.27 13:39:59.475,1.57491,1.57508,1.12,1.00
2015.08.27 13:39:59.679,1.57486,1.57507,1.20,1.00
2015.08.27 13:39:59.730,1.57486,1.57501,1.10,1.00
2015.08.27 13:40:00.037,1.57484,1.57502,1.00,1.00
2015.08.27 13:40:00.901,1.57484,1.575,1.00,1.00
2015.08.27 13:40:01.046,1.57484,1.57503,1.00,1.00
2015.08.27 13:40:01.253,1.57484,1.57498,1.00,1.00
2015.08.27 13:40:01.714,1.57484,1.57502,1.00,1.00
2015.08.27 13:40:02.201,1.57484,1.57503,1.87,1.00
2015.08.27 13:40:02.252,1.57489,1.57509,1.00,1.00
2015.08.27 13:40:02.356,1.57489,1.57507,1.00,1.00
2015.08.27 13:40:02.460,1.57487,1.57507,1.20,1.00
2015.08.27 13:40:02.664,1.57487,1.57505,1.10,1.00
2015.08.27 13:40:02.817,1.57487,1.57508,1.10,1.00
2015.08.27 13:40:03.122,1.57487,1.57505,1.10,1.00
2015.08.27 13:40:03.469,1.57487,1.57507,1.00,1.00
2015.08.27 13:40:03.875,1.57487,1.57505,1.00,1.00
2015.08.27 13:40:04.051,1.57485,1.57505,1.00,1.00
2015.08.27 13:40:04.807,1.57485,1.57505,1.00,1.37
2015.08.27 13:40:05.061,1.57476,1.575,1.50,1.87
2015.08.27 13:40:05.316,1.57473,1.57497,1.50,1.57
2015.08.27 13:40:05.419,1.57473,1.57497,1.00,2.40
2015.08.27 13:40:05.521,1.57471,1.57493,1.50,1.12
2015.08.27 13:40:05.967,1.57468,1.57493,2.25,1.12
2015.08.27 13:40:06.225,1.57468,1.5749,1.50,1.37
2015.08.27 13:40:07.302,1.57468,1.57492,1.00,1.92
2015.08.27 13:40:07.834,1.57469,1.57491,1.00,1.20
2015.08.27 13:40:08.030,1.57468,1.57492,1.60,1.92
2015.08.27 13:40:08.285,1.57476,1.57502,1.12,1.12
2015.08.27 13:40:08.337,1.57476,1.57503,1.12,2.70
2015.08.27 13:40:08.541,1.57473,1.575,1.00,1.10
2015.08.27 13:40:08.695,1.57473,1.575,1.10,2.25
2015.08.27 13:40:09.226,1.57473,1.57497,1.00,1.12
2015.08.27 13:40:10.417,1.57473,1.57496,1.00,1.75
2015.08.27 13:40:10.721,1.5747,1.57492,1.00,1.55
2015.08.27 13:40:10.772,1.57467,1.57492,1.00,1.92
2015.08.27 13:40:11.450,1.57467,1.57491,1.00,1.10
2015.08.27 13:40:11.958,1.57468,1.57494,1.00,1.57
2015.08.27 13:40:12.314,1.57469,1.57494,1.00,1.12
2015.08.27 13:40:12.525,1.57469,1.57494,1.00,1.12
2015.08.27 13:40:13.032,1.57469,1.57495,1.00,1.20
2015.08.27 13:40:13.235,1.57471,1.57497,2.10,1.27
2015.08.27 13:40:13.286,1.57471,1.57495,2.10,1.10
2015.08.27 13:40:13.534,1.57476,1.57501,1.00,1.27
2015.08.27 13:40:13.586,1.57479,1.57501,1.00,1.12
2015.08.27 13:40:13.637,1.57474,1.57501,1.00,1.12
2015.08.27 13:40:14.211,1.57472,1.57499,1.00,1.12
2015.08.27 13:40:14.465,1.57473,1.57501,1.00,2.70
2015.08.27 13:40:14.718,1.57473,1.57499,1.00,1.20
2015.08.27 13:40:15.226,1.57472,1.57497,1.00,1.50
2015.08.27 13:40:15.430,1.57472,1.57496,1.00,1.50
2015.08.27 13:40:15.583,1.57474,1.57498,1.00,1.45
2015.08.27 13:40:16.248,1.57474,1.575,1.00,1.37
2015.08.27 13:40:16.786,1.57474,1.575,1.00,1.87
2015.08.27 13:40:17.332,1.57474,1.575,1.00,1.87
2015.08.27 13:40:19.725,1.57474,1.575,1.00,2.25
2015.08.27 13:40:21.358,1.57474,1.575,1.00,1.37
2015.08.27 13:40:21.412,1.57474,1.57499,1.37,1.12
2015.08.27 13:40:21.565,1.57475,1.57499,1.72,1.00
2015.08.27 13:40:21.719,1.57477,1.57502,1.00,1.20
2015.08.27 13:40:23.061,1.57477,1.575,1.00,1.12
2015.08.27 13:40:23.374,1.57475,1.57499,1.00,1.12
2015.08.27 13:40:23.680,1.57475,1.575,1.00,1.95
2015.08.27 13:40:23.781,1.57475,1.575,1.00,1.27
2015.08.27 13:40:24.333,1.57475,1.57499,1.00,1.00
2015.08.27 13:40:24.689,1.57475,1.575,1.00,1.12
2015.08.27 13:40:24.892,1.57475,1.575,1.00,1.12
2015.08.27 13:40:25.045,1.57475,1.575,1.00,1.12
2015.08.27 13:40:25.455,1.57475,1.57499,1.00,1.00
2015.08.27 13:40:25.710,1.57475,1.575,1.37,1.12
2015.08.27 13:40:25.862,1.57472,1.57498,1.87,1.12
2015.08.27 13:40:25.913,1.57474,1.575,1.00,1.75
2015.08.27 13:40:25.964,1.57474,1.575,1.00,1.37
2015.08.27 13:40:26.494,1.57474,1.57501,1.10,1.50
2015.08.27 13:40:27.031,1.57474,1.5749,1.57,1.00
2015.08.27 13:40:27.133,1.5747,1.57494,1.87,1.87
2015.08.27 13:40:27.184,1.5747,1.57492,1.20,1.00
2015.08.27 13:40:27.286,1.57465,1.57489,1.42,1.00
2015.08.27 13:40:27.421,1.57464,1.57489,1.45,1.37
2015.08.27 13:40:27.726,1.57464,1.57485,1.12,1.57
2015.08.27 13:40:27.778,1.57464,1.57483,1.12,1.00
2015.08.27 13:40:27.829,1.57464,1.57485,1.12,1.00
2015.08.27 13:40:27.931,1.57467,1.57485,1.00,1.00
2015.08.27 13:40:28.446,1.57467,1.57491,1.00,1.75
2015.08.27 13:40:28.497,1.57467,1.57491,1.00,1.12
2015.08.27 13:40:28.802,1.57467,1.5749,1.00,1.12
2015.08.27 13:40:29.160,1.57465,1.57489,1.00,1.37
2015.08.27 13:40:29.458,1.5746,1.57486,1.00,1.95
2015.08.27 13:40:29.510,1.5746,1.57484,1.00,1.12
2015.08.27 13:40:29.714,1.5746,1.57485,1.00,1.27
2015.08.27 13:40:30.020,1.57457,1.57481,1.60,1.00
2015.08.27 13:40:30.173,1.57457,1.57482,1.00,1.00
2015.08.27 13:40:30.478,1.57457,1.57482,1.00,1.50
2015.08.27 13:40:30.683,1.57457,1.57482,1.00,1.37
2015.08.27 13:40:30.785,1.57459,1.57482,1.00,1.37
2015.08.27 13:40:31.090,1.5746,1.57482,1.00,1.37
2015.08.27 13:40:31.395,1.57465,1.57482,1.00,1.37
2015.08.27 13:40:31.611,1.57465,1.57482,1.00,1.00
2015.08.27 13:40:32.119,1.57465,1.57484,1.00,1.37
2015.08.27 13:40:32.271,1.57467,1.57484,1.00,1.37
2015.08.27 13:40:33.009,1.57467,1.57484,1.00,1.00
2015.08.27 13:40:33.516,1.57467,1.57485,1.00,1.00
2015.08.27 13:40:33.828,1.57479,1.57492,1.00,2.25
2015.08.27 13:40:33.981,1.57481,1.57501,1.12,3.07
2015.08.27 13:40:34.083,1.57485,1.57501,1.00,2.25
2015.08.27 13:40:34.337,1.57489,1.57506,1.00,1.07
2015.08.27 13:40:34.388,1.57493,1.57506,1.00,1.07
2015.08.27 13:40:34.642,1.57493,1.5751,1.00,1.12
2015.08.27 13:40:35.054,1.57493,1.57509,1.00,1.10
2015.08.27 13:40:35.105,1.57496,1.57509,1.00,1.10
2015.08.27 13:40:35.308,1.57503,1.5752,1.00,1.20
2015.08.27 13:40:35.359,1.57507,1.57521,1.00,1.20
2015.08.27 13:40:35.563,1.57507,1.57528,1.37,1.45
2015.08.27 13:40:35.614,1.57511,1.57528,1.00,1.37
2015.08.27 13:40:35.665,1.57511,1.57532,1.00,1.87
2015.08.27 13:40:35.864,1.57513,1.57532,1.00,1.87
2015.08.27 13:40:36.438,1.57513,1.57532,1.00,2.20
2015.08.27 13:40:36.642,1.57513,1.57532,1.00,1.82
2015.08.27 13:40:37.177,1.57513,1.57532,1.00,1.82
2015.08.27 13:40:37.228,1.57513,1.57532,1.00,2.20
2015.08.27 13:40:37.329,1.57513,1.57532,1.00,1.82
2015.08.27 13:40:37.381,1.57516,1.57532,1.00,1.82
2015.08.27 13:40:37.736,1.57516,1.57534,1.00,1.50
2015.08.27 13:40:38.292,1.57516,1.57535,1.00,1.95
2015.08.27 13:40:38.343,1.57516,1.57535,1.00,2.32
2015.08.27 13:40:38.699,1.57507,1.57535,1.12,1.57
2015.08.27 13:40:38.750,1.57523,1.57537,1.30,1.87
2015.08.27 13:40:39.004,1.57553,1.57566,1.00,1.00
2015.08.27 13:40:39.135,1.57558,1.57578,1.00,2.32
2015.08.27 13:40:39.236,1.57558,1.57575,1.37,1.00
2015.08.27 13:40:39.746,1.57558,1.57576,1.75,1.00
2015.08.27 13:40:40.262,1.57558,1.57576,1.75,1.37
2015.08.27 13:40:40.570,1.57554,1.57573,1.12,1.87
2015.08.27 13:40:40.624,1.57556,1.5757,1.00,1.37
2015.08.27 13:40:40.727,1.5755,1.5757,1.50,1.37
2015.08.27 13:40:40.779,1.57554,1.57568,1.00,1.00
2015.08.27 13:40:40.882,1.57554,1.5757,1.00,1.00
2015.08.27 13:40:40.984,1.57554,1.57573,1.00,2.25
2015.08.27 13:40:41.242,1.57554,1.57576,1.37,1.00
2015.08.27 13:40:42.180,1.57559,1.57576,1.00,1.12
2015.08.27 13:40:42.485,1.57559,1.57576,1.00,1.50
2015.08.27 13:40:42.949,1.57553,1.57576,1.75,2.47
2015.08.27 13:40:43.000,1.57553,1.57576,1.50,2.47
2015.08.27 13:40:43.153,1.57559,1.57577,1.00,1.72
2015.08.27 13:40:43.530,1.57563,1.57576,1.60,1.00
2015.08.27 13:40:43.889,1.57562,1.57577,1.00,1.00
2015.08.27 13:40:44.145,1.57564,1.57575,1.00,1.00
2015.08.27 13:40:44.247,1.57564,1.57577,1.00,1.00
2015.08.27 13:40:44.349,1.57564,1.57579,1.00,1.00
2015.08.27 13:40:44.510,1.57569,1.57581,1.00,1.00
2015.08.27 13:40:44.561,1.57569,1.57585,1.00,1.00
2015.08.27 13:40:44.664,1.57571,1.57585,1.00,1.00
2015.08.27 13:40:44.969,1.57575,1.57589,1.00,1.00
2015.08.27 13:40:45.284,1.57575,1.57586,1.00,1.00
2015.08.27 13:40:45.694,1.57572,1.57584,1.00,1.00
2015.08.27 13:40:45.796,1.5757,1.57584,1.00,1.00
2015.08.27 13:40:46.101,1.5757,1.57586,1.00,1.00
2015.08.27 13:40:46.631,1.5757,1.57585,1.00,1.00
2015.08.27 13:40:47.141,1.5757,1.57585,1.00,1.37
2015.08.27 13:40:47.294,1.57564,1.57585,1.00,1.12
2015.08.27 13:40:47.346,1.57564,1.57585,1.00,1.75
2015.08.27 13:40:47.581,1.57564,1.57583,1.00,1.50
2015.08.27 13:40:47.785,1.57564,1.5758,1.00,1.00
2015.08.27 13:40:48.297,1.57562,1.5758,1.00,1.00
2015.08.27 13:40:48.562,1.57562,1.57578,1.00,1.00
2015.08.27 13:40:48.867,1.57572,1.57582,1.00,1.50
2015.08.27 13:40:49.172,1.57573,1.57587,1.00,1.85
2015.08.27 13:40:49.398,1.57573,1.57585,1.00,1.37
2015.08.27 13:40:49.858,1.57573,1.57587,1.00,1.10
2015.08.27 13:40:49.961,1.57577,1.57587,1.00,1.10
2015.08.27 13:40:50.268,1.57581,1.57595,1.00,1.20
2015.08.27 13:40:50.476,1.57581,1.57599,1.00,2.25
2015.08.27 13:40:51.085,1.57581,1.57598,1.00,1.82
2015.08.27 13:40:51.238,1.57577,1.57598,1.00,1.20
2015.08.27 13:40:52.120,1.57575,1.57598,1.00,1.20
2015.08.27 13:40:52.171,1.57577,1.57594,1.00,1.10
2015.08.27 13:40:52.550,1.57578,1.57598,1.00,1.12
2015.08.27 13:40:52.908,1.57578,1.57599,1.00,1.20
2015.08.27 13:40:54.590,1.57572,1.576,1.00,1.50
2015.08.27 13:40:54.799,1.57572,1.57598,1.00,2.02
2015.08.27 13:40:55.003,1.57572,1.57595,1.60,1.17
2015.08.27 13:40:55.055,1.57572,1.57595,1.00,1.17
2015.08.27 13:40:55.157,1.57575,1.57598,1.00,1.95
2015.08.27 13:40:55.463,1.57568,1.57597,1.00,1.00
2015.08.27 13:40:55.566,1.57566,1.57595,1.55,1.35
2015.08.27 13:40:55.904,1.57568,1.57582,1.00,1.00
2015.08.27 13:40:56.119,1.57572,1.57596,1.00,1.90
2015.08.27 13:40:56.171,1.57574,1.57596,1.00,1.52
2015.08.27 13:40:56.476,1.57577,1.57596,1.00,1.52
2015.08.27 13:40:56.629,1.57574,1.57596,1.00,1.52
2015.08.27 13:40:59.175,1.57574,1.57598,1.00,1.87
2015.08.27 13:40:59.277,1.5757,1.57598,1.00,2.62
2015.08.27 13:40:59.395,1.5757,1.57598,1.00,3.00
2015.08.27 13:40:59.649,1.57582,1.57606,1.00,1.17
2015.08.27 13:40:59.700,1.57586,1.5761,1.00,1.82
2015.08.27 13:40:59.955,1.57592,1.57616,1.00,1.00
2015.08.27 13:41:00.305,1.57592,1.57617,1.00,1.20
2015.08.27 13:41:00.816,1.57591,1.57617,1.00,1.12
2015.08.27 13:41:00.969,1.57591,1.57619,1.00,1.50
2015.08.27 13:41:01.789,1.57588,1.57619,1.00,1.50
2015.08.27 13:41:01.992,1.57588,1.57618,1.00,1.20
2015.08.27 13:41:02.500,1.57588,1.57618,1.00,1.20
2015.08.27 13:41:03.271,1.57586,1.57618,1.17,1.20
2015.08.27 13:41:03.790,1.57586,1.57618,1.50,1.12
2015.08.27 13:41:03.842,1.57586,1.57618,1.87,1.12
2015.08.27 13:41:04.046,1.5759,1.57621,1.37,1.15
2015.08.27 13:41:04.201,1.57586,1.57616,1.57,1.00
2015.08.27 13:41:04.506,1.57585,1.57612,1.00,2.25
2015.08.27 13:41:04.849,1.57589,1.57608,1.00,1.07
2015.08.27 13:41:05.154,1.57588,1.57606,1.00,2.32
2015.08.27 13:41:05.460,1.57582,1.57591,1.00,1.12
2015.08.27 13:41:05.562,1.5758,1.57594,1.00,1.20
2015.08.27 13:41:05.773,1.5758,1.57588,1.00,1.12
2015.08.27 13:41:06.284,1.5758,1.57587,1.00,1.17
2015.08.27 13:41:06.336,1.5758,1.57587,1.00,1.10
2015.08.27 13:41:06.387,1.57583,1.57591,1.00,1.12
2015.08.27 13:41:06.438,1.57583,1.57592,1.00,1.15
2015.08.27 13:41:06.540,1.57584,1.57592,1.00,1.00
2015.08.27 13:41:06.793,1.57581,1.57593,1.00,1.20
2015.08.27 13:41:06.895,1.57579,1.57589,1.00,1.00
2015.08.27 13:41:07.302,1.57576,1.57589,1.00,1.00
2015.08.27 13:41:07.507,1.57564,1.57589,1.12,1.60
2015.08.27 13:41:07.558,1.57564,1.57584,1.12,1.12
2015.08.27 13:41:07.866,1.57554,1.57574,1.00,1.67
2015.08.27 13:41:08.173,1.57545,1.57569,1.00,2.02
2015.08.27 13:41:08.224,1.57541,1.57565,1.12,2.10
2015.08.27 13:41:08.588,1.57532,1.57551,1.00,1.12
2015.08.27 13:41:08.893,1.5753,1.57545,1.00,1.12
2015.08.27 13:41:09.099,1.57532,1.57548,1.00,1.87
2015.08.27 13:41:09.201,1.5753,1.57548,1.00,1.50
2015.08.27 13:41:09.504,1.57524,1.57543,1.00,1.00
2015.08.27 13:41:09.555,1.57524,1.57543,1.00,1.37
2015.08.27 13:41:10.064,1.57526,1.57544,1.00,1.90
2015.08.27 13:41:10.365,1.57537,1.57545,1.00,1.12
2015.08.27 13:41:10.416,1.5754,1.5755,1.00,1.55
2015.08.27 13:41:10.518,1.5754,1.57551,1.00,1.00
2015.08.27 13:41:10.620,1.5754,1.57555,1.00,1.12
2015.08.27 13:41:10.874,1.57538,1.57555,1.00,1.87
2015.08.27 13:41:10.976,1.57536,1.57555,1.00,2.02
2015.08.27 13:41:11.131,1.5753,1.57553,1.00,2.02
2015.08.27 13:41:11.183,1.5753,1.57545,1.00,1.00
2015.08.27 13:41:11.486,1.5753,1.57546,1.00,1.12
2015.08.27 13:41:11.638,1.5753,1.57547,1.00,2.02
2015.08.27 13:41:11.689,1.57528,1.57547,1.00,2.70
2015.08.27 13:41:11.892,1.57528,1.57545,1.00,1.27
2015.08.27 13:41:12.096,1.5753,1.57542,1.00,1.00
2015.08.27 13:41:12.478,1.57533,1.57547,1.00,1.82
2015.08.27 13:41:12.887,1.57529,1.57547,1.00,1.20
2015.08.27 13:41:12.990,1.57529,1.57546,1.00,1.85
2015.08.27 13:41:13.143,1.57533,1.57547,1.00,1.27
2015.08.27 13:41:13.194,1.57533,1.57548,1.00,1.57
2015.08.27 13:41:14.118,1.57533,1.57548,1.00,1.27
2015.08.27 13:41:14.423,1.57533,1.57547,1.00,1.20
2015.08.27 13:41:14.526,1.57531,1.57547,1.00,1.20
2015.08.27 13:41:14.577,1.57531,1.57547,1.00,1.20
2015.08.27 13:41:14.798,1.57531,1.57547,1.00,1.57
2015.08.27 13:41:15.156,1.57527,1.57544,1.00,1.20
2015.08.27 13:41:15.207,1.57527,1.57541,1.00,1.12
2015.08.27 13:41:15.464,1.57524,1.57538,1.00,1.75
2015.08.27 13:41:15.517,1.57521,1.57538,1.00,1.75
2015.08.27 13:41:15.724,1.57521,1.57538,1.00,2.02
2015.08.27 13:41:15.776,1.57518,1.57536,1.00,1.27
2015.08.27 13:41:15.828,1.57518,1.57532,1.00,1.00
2015.08.27 13:41:15.981,1.57513,1.5753,1.00,1.00
2015.08.27 13:41:16.085,1.57515,1.57529,1.00,1.37
2015.08.27 13:41:16.289,1.57515,1.57529,1.00,1.10
2015.08.27 13:41:16.341,1.57515,1.57532,1.00,1.20
2015.08.27 13:41:16.392,1.5752,1.57532,1.00,1.20
2015.08.27 13:41:17.714,1.5752,1.57536,1.00,1.95
2015.08.27 13:41:17.816,1.5752,1.57536,1.00,1.45
2015.08.27 13:41:18.331,1.5752,1.57536,1.00,1.50
2015.08.27 13:41:18.741,1.57522,1.57536,1.00,1.37
2015.08.27 13:41:19.087,1.57528,1.57538,1.00,1.47
2015.08.27 13:41:19.138,1.57529,1.57542,1.00,2.25
2015.08.27 13:41:19.291,1.57532,1.57542,1.00,1.12
2015.08.27 13:41:19.342,1.57532,1.57547,1.00,1.87
2015.08.27 13:41:19.393,1.57535,1.57547,1.00,1.82
2015.08.27 13:41:19.445,1.57535,1.57548,1.00,1.15
2015.08.27 13:41:19.547,1.57535,1.57548,1.00,1.20
2015.08.27 13:41:19.598,1.57537,1.57552,1.00,1.75
2015.08.27 13:41:19.762,1.57537,1.57553,1.00,1.27
2015.08.27 13:41:20.372,1.57541,1.57554,1.00,1.57
2015.08.27 13:41:20.772,1.57541,1.57554,1.00,1.95
2015.08.27 13:41:21.284,1.57542,1.57554,1.00,1.95
2015.08.27 13:41:21.336,1.57544,1.57554,1.00,1.57
2015.08.27 13:41:21.387,1.57545,1.57554,1.00,1.57
2015.08.27 13:41:21.539,1.57549,1.5756,1.00,1.27
2015.08.27 13:41:21.641,1.57549,1.5756,1.00,1.12
2015.08.27 13:41:21.948,1.57551,1.5756,1.00,1.12
2015.08.27 13:41:22.255,1.57551,1.5756,1.00,1.37
2015.08.27 13:41:23.250,1.5755,1.57565,1.00,1.95
2015.08.27 13:41:23.302,1.57541,1.57559,1.00,1.12
2015.08.27 13:41:23.354,1.57541,1.57558,1.00,1.75
2015.08.27 13:41:23.457,1.5754,1.57555,1.00,1.00
2015.08.27 13:41:23.559,1.5754,1.57552,1.00,1.00
2015.08.27 13:41:24.136,1.5754,1.57552,1.00,1.37
2015.08.27 13:41:24.685,1.5754,1.57552,1.00,1.37
2015.08.27 13:41:24.939,1.5754,1.57558,1.00,1.27
2015.08.27 13:41:25.041,1.5754,1.57553,1.00,1.37
2015.08.27 13:41:25.195,1.57537,1.57553,1.00,1.37
2015.08.27 13:41:25.246,1.57544,1.57556,1.00,2.02
2015.08.27 13:41:25.506,1.5755,1.57565,1.00,1.17
2015.08.27 13:41:25.608,1.57552,1.57565,1.00,1.00
2015.08.27 13:41:25.659,1.57552,1.57568,1.00,1.00
2015.08.27 13:41:26.017,1.57552,1.57572,1.00,1.15
2015.08.27 13:41:26.277,1.57555,1.57571,1.00,1.17
2015.08.27 13:41:26.485,1.57554,1.57573,1.00,1.57
2015.08.27 13:41:26.592,1.57554,1.57573,1.00,1.57
2015.08.27 13:41:26.948,1.57551,1.57565,1.00,1.00
2015.08.27 13:41:27.050,1.57548,1.57565,1.00,1.00
2015.08.27 13:41:27.305,1.57548,1.57563,1.00,1.00
2015.08.27 13:41:27.413,1.57548,1.57565,1.00,1.00
2015.08.27 13:41:27.617,1.57548,1.57562,1.00,1.00
2015.08.27 13:41:28.176,1.57552,1.57562,1.00,1.00
2015.08.27 13:41:28.688,1.57552,1.57562,1.00,1.37
2015.08.27 13:41:29.014,1.5755,1.57556,1.00,1.00
2015.08.27 13:41:29.167,1.57551,1.57558,1.00,1.00
2015.08.27 13:41:29.269,1.57552,1.5756,1.00,1.00
2015.08.27 13:41:29.523,1.5755,1.5756,1.00,1.00
2015.08.27 13:41:29.919,1.5755,1.57563,1.00,1.12
2015.08.27 13:41:30.380,1.5755,1.57561,1.00,1.00
2015.08.27 13:41:30.890,1.5755,1.57562,1.00,1.37
2015.08.27 13:41:30.992,1.5755,1.57562,1.00,1.12
2015.08.27 13:41:32.547,1.57553,1.57562,1.00,1.00
2015.08.27 13:41:32.750,1.57556,1.57568,1.00,1.50
2015.08.27 13:41:32.902,1.57556,1.57566,1.00,1.00
2015.08.27 13:41:33.685,1.57553,1.57562,1.00,1.00
2015.08.27 13:41:34.548,1.57555,1.57561,1.00,1.00
2015.08.27 13:41:35.055,1.57558,1.57563,1.00,1.00
2015.08.27 13:41:35.107,1.57558,1.57564,1.00,1.00
2015.08.27 13:41:35.208,1.57559,1.57569,1.00,1.00
2015.08.27 13:41:35.628,1.57561,1.57569,1.00,1.00
2015.08.27 13:41:35.781,1.57561,1.57571,1.00,1.00
2015.08.27 13:41:35.885,1.57564,1.57574,1.00,1.00
2015.08.27 13:41:36.189,1.57567,1.57575,1.00,1.00
2015.08.27 13:41:37.112,1.57567,1.57576,1.00,1.00
2015.08.27 13:41:37.653,1.57567,1.57578,1.00,1.00
2015.08.27 13:41:38.421,1.57567,1.57576,1.00,1.00
2015.08.27 13:41:38.801,1.57558,1.57577,1.87,1.00
2015.08.27 13:41:38.967,1.57558,1.57579,1.87,1.50
2015.08.27 13:41:39.170,1.57558,1.57577,1.87,1.00
2015.08.27 13:41:39.727,1.57558,1.57579,1.87,1.00
2015.08.27 13:41:39.778,1.5756,1.5758,3.97,1.00
2015.08.27 13:41:40.085,1.57558,1.57578,1.20,1.00
2015.08.27 13:41:40.136,1.57557,1.57578,1.95,1.00
2015.08.27 13:41:40.187,1.57557,1.57574,1.87,1.00
2015.08.27 13:41:40.493,1.57557,1.57578,2.62,1.00
2015.08.27 13:41:40.937,1.57561,1.57575,1.50,1.00
2015.08.27 13:41:41.140,1.57558,1.57574,1.00,1.00
2015.08.27 13:41:41.294,1.57557,1.57577,1.00,1.00
2015.08.27 13:41:41.346,1.57555,1.57577,1.00,1.00
2015.08.27 13:41:41.397,1.57555,1.57577,1.75,1.00
2015.08.27 13:41:41.709,1.57552,1.57569,1.12,1.00
2015.08.27 13:41:41.760,1.57552,1.57571,1.87,1.00
2015.08.27 13:41:42.166,1.57552,1.57569,1.12,1.00
2015.08.27 13:41:42.571,1.57552,1.57572,1.00,1.50
2015.08.27 13:41:42.780,1.57552,1.57574,1.00,1.00
2015.08.27 13:41:42.934,1.57552,1.57571,1.00,1.00
2015.08.27 13:41:43.443,1.57551,1.57571,1.20,1.00
2015.08.27 13:41:43.817,1.57551,1.57575,1.12,1.00
2015.08.27 13:41:44.072,1.57551,1.57572,1.12,1.00
2015.08.27 13:41:44.377,1.57545,1.57569,2.02,1.12
2015.08.27 13:41:45.163,1.57547,1.57568,1.50,1.00
2015.08.27 13:41:45.319,1.57546,1.57573,1.37,1.57
2015.08.27 13:41:45.421,1.5755,1.57574,1.00,1.17
2015.08.27 13:41:45.523,1.5755,1.57575,1.00,1.00
2015.08.27 13:41:45.986,1.57551,1.57577,1.00,1.00
2015.08.27 13:41:46.243,1.57553,1.57577,1.00,1.00
2015.08.27 13:41:46.701,1.57553,1.5758,1.12,1.00
2015.08.27 13:41:46.753,1.57554,1.5758,1.12,1.50
2015.08.27 13:41:47.165,1.57553,1.5758,1.27,2.25
2015.08.27 13:41:47.318,1.57553,1.5758,2.02,1.37
2015.08.27 13:41:47.421,1.57558,1.57583,1.00,1.00
2015.08.27 13:41:47.524,1.57559,1.57585,1.75,1.50
2015.08.27 13:41:47.830,1.57565,1.57587,1.00,1.00
2015.08.27 13:41:48.720,1.57563,1.57587,1.50,1.00
2015.08.27 13:41:49.411,1.57563,1.57585,1.50,1.00
2015.08.27 13:41:49.775,1.57563,1.57582,1.00,1.00
2015.08.27 13:41:50.030,1.57553,1.57578,1.20,1.50
2015.08.27 13:41:50.134,1.57553,1.57578,1.10,1.50
2015.08.27 13:41:50.648,1.57559,1.57579,1.00,1.87
2015.08.27 13:41:50.902,1.57565,1.57592,1.50,1.10
2015.08.27 13:41:50.954,1.57569,1.57592,1.00,1.10
2015.08.27 13:41:51.106,1.57569,1.57595,1.12,1.00
2015.08.27 13:41:51.227,1.57569,1.57595,1.57,1.00
2015.08.27 13:41:51.533,1.57569,1.57592,1.17,1.00
2015.08.27 13:41:51.843,1.57564,1.57587,1.85,1.37
2015.08.27 13:41:51.894,1.57563,1.57585,1.27,1.12
2015.08.27 13:41:51.946,1.57562,1.57585,1.12,1.37
2015.08.27 13:41:52.048,1.57559,1.57585,1.45,1.37
2015.08.27 13:41:52.350,1.57558,1.57584,1.82,1.00
2015.08.27 13:41:52.705,1.57562,1.57585,1.00,1.00
2015.08.27 13:41:53.027,1.57557,1.57577,1.20,1.37
2015.08.27 13:41:53.129,1.57554,1.57579,1.50,1.12
2015.08.27 13:41:53.377,1.57556,1.57582,1.57,1.00
2015.08.27 13:41:53.790,1.57556,1.57576,1.65,1.00
2015.08.27 13:41:53.942,1.57553,1.57574,1.87,1.00
2015.08.27 13:41:53.994,1.57551,1.57565,1.75,1.00
2015.08.27 13:41:54.146,1.57543,1.57559,1.07,1.00
2015.08.27 13:41:54.299,1.57543,1.57563,1.00,1.00
2015.08.27 13:41:54.487,1.57543,1.57563,2.10,1.00
2015.08.27 13:41:54.795,1.57539,1.57559,1.35,1.00
2015.08.27 13:41:54.846,1.57539,1.57559,1.35,1.00
2015.08.27 13:41:54.999,1.57539,1.57562,1.35,1.00
2015.08.27 13:41:55.050,1.57541,1.57562,2.10,1.00
2015.08.27 13:41:55.518,1.57541,1.57564,2.85,1.00
2015.08.27 13:41:55.772,1.57543,1.57565,1.95,1.00
2015.08.27 13:41:56.078,1.57538,1.57556,1.00,1.00
2015.08.27 13:41:56.129,1.57535,1.57551,1.00,1.00
2015.08.27 13:41:56.230,1.57529,1.57548,1.17,1.00
2015.08.27 13:41:56.332,1.57527,1.57546,1.00,1.00
2015.08.27 13:41:56.534,1.57522,1.57546,1.07,1.00
2015.08.27 13:41:57.047,1.57522,1.57542,1.50,1.00
2015.08.27 13:41:57.353,1.57512,1.57532,1.37,1.00
2015.08.27 13:41:57.404,1.57512,1.57535,1.00,1.00
2015.08.27 13:41:57.539,1.57511,1.57535,1.12,1.07
2015.08.27 13:41:57.591,1.57505,1.57535,1.12,2.70
2015.08.27 13:41:59.008,1.57508,1.57533,1.12,1.10
2015.08.27 13:41:59.109,1.5751,1.57533,1.00,1.20
2015.08.27 13:41:59.700,1.5751,1.57531,1.00,1.00
2015.08.27 13:42:00.058,1.57509,1.57533,1.75,1.10
2015.08.27 13:42:00.618,1.57509,1.57537,1.87,1.57
2015.08.27 13:42:00.875,1.57507,1.57536,2.62,1.95
2015.08.27 13:42:00.977,1.57507,1.57536,2.62,2.70
2015.08.27 13:42:01.484,1.57507,1.5753,1.00,1.37
2015.08.27 13:42:01.785,1.57497,1.57526,2.25,1.00
2015.08.27 13:42:01.836,1.57494,1.57523,1.50,1.55
2015.08.27 13:42:02.140,1.575,1.57525,1.00,1.95
2015.08.27 13:42:02.344,1.57502,1.57529,1.00,1.52
2015.08.27 13:42:02.395,1.57502,1.57525,1.00,1.12
2015.08.27 13:42:02.711,1.57502,1.57528,1.35,1.20
2015.08.27 13:42:02.864,1.57499,1.57524,1.50,1.37
2015.08.27 13:42:02.915,1.57503,1.57524,1.00,1.37
2015.08.27 13:42:02.966,1.57497,1.5752,1.12,1.00
2015.08.27 13:42:03.069,1.57497,1.57518,1.12,1.00
2015.08.27 13:42:03.376,1.57498,1.5752,1.00,1.12
2015.08.27 13:42:03.509,1.57498,1.57524,1.00,1.95
2015.08.27 13:42:03.560,1.57499,1.57524,1.00,1.55
2015.08.27 13:42:03.663,1.57502,1.57527,1.00,1.90
2015.08.27 13:42:03.968,1.57506,1.57527,1.50,1.00
2015.08.27 13:42:04.070,1.57504,1.57526,1.57,1.00
2015.08.27 13:42:04.499,1.57505,1.57528,1.12,1.00
2015.08.27 13:42:04.854,1.57505,1.57526,1.20,1.00
2015.08.27 13:42:05.058,1.57505,1.57528,1.20,1.00
2015.08.27 13:42:05.110,1.57507,1.57528,1.00,1.00
2015.08.27 13:42:05.263,1.57505,1.57528,1.95,1.00
2015.08.27 13:42:05.315,1.57505,1.5753,2.32,1.00
2015.08.27 13:42:05.661,1.57506,1.57528,1.07,1.00
2015.08.27 13:42:05.967,1.57519,1.57529,1.00,1.00
2015.08.27 13:42:06.271,1.57519,1.57531,1.00,1.00
2015.08.27 13:42:06.374,1.57521,1.57529,1.00,1.00
2015.08.27 13:42:06.684,1.5752,1.57535,1.00,2.32
2015.08.27 13:42:06.786,1.57517,1.57534,1.00,1.37
2015.08.27 13:42:06.939,1.57521,1.57533,1.00,1.00
2015.08.27 13:42:07.192,1.57521,1.57538,1.00,1.90
2015.08.27 13:42:07.497,1.57521,1.57538,1.00,1.37
2015.08.27 13:42:07.599,1.57521,1.57538,1.00,1.75
2015.08.27 13:42:08.116,1.57521,1.57535,1.00,1.17
2015.08.27 13:42:08.726,1.57521,1.57535,1.00,1.00
2015.08.27 13:42:09.043,1.57521,1.57536,1.00,2.77
2015.08.27 13:42:09.145,1.57518,1.57533,1.00,1.37
2015.08.27 13:42:09.400,1.57518,1.57533,1.00,1.10
2015.08.27 13:42:09.604,1.57515,1.57535,1.00,2.77
2015.08.27 13:42:09.706,1.57515,1.57532,1.00,1.37
2015.08.27 13:42:09.871,1.57524,1.57533,1.00,1.17
2015.08.27 13:42:09.924,1.57525,1.57534,1.00,1.00
2015.08.27 13:42:10.027,1.57525,1.57537,1.00,1.50
2015.08.27 13:42:10.129,1.57525,1.57535,1.00,1.00
2015.08.27 13:42:10.232,1.57525,1.57537,1.00,1.00
2015.08.27 13:42:10.537,1.57528,1.57538,1.00,1.00
2015.08.27 13:42:10.588,1.57524,1.5754,1.00,1.00
2015.08.27 13:42:11.093,1.5752,1.57537,1.00,1.00
2015.08.27 13:42:11.600,1.5752,1.57536,1.00,1.00
2015.08.27 13:42:12.123,1.5752,1.57537,1.00,1.50
2015.08.27 13:42:12.175,1.57517,1.57535,1.00,1.00
2015.08.27 13:42:12.227,1.57517,1.57535,1.00,1.72
2015.08.27 13:42:12.381,1.57513,1.57533,1.00,1.00
2015.08.27 13:42:12.635,1.57511,1.5753,1.00,1.12
2015.08.27 13:42:12.839,1.57512,1.57533,1.00,1.95
2015.08.27 13:42:12.890,1.57515,1.5753,1.00,1.00
2015.08.27 13:42:13.093,1.57515,1.57532,1.00,1.00
2015.08.27 13:42:13.195,1.57513,1.57532,1.00,1.00
2015.08.27 13:42:13.449,1.57515,1.57532,1.00,1.00
2015.08.27 13:42:13.655,1.57518,1.57536,1.00,1.00
2015.08.27 13:42:13.892,1.57522,1.5754,1.00,1.00
2015.08.27 13:42:14.399,1.57522,1.57541,1.00,1.00
2015.08.27 13:42:15.080,1.57524,1.57541,1.00,1.00
2015.08.27 13:42:15.385,1.57527,1.57541,1.00,1.00
2015.08.27 13:42:15.437,1.57527,1.57545,1.00,1.00
2015.08.27 13:42:15.489,1.5753,1.57545,1.00,1.00
2015.08.27 13:42:16.048,1.57531,1.57547,1.00,1.00
2015.08.27 13:42:16.595,1.5753,1.57547,1.50,1.00
2015.08.27 13:42:16.758,1.5753,1.57549,1.50,1.12
2015.08.27 13:42:16.961,1.5754,1.57549,1.00,1.00
2015.08.27 13:42:17.063,1.57537,1.57551,1.00,1.00
2015.08.27 13:42:17.204,1.57542,1.57551,1.00,1.00
2015.08.27 13:42:17.257,1.57542,1.57562,1.00,1.00
2015.08.27 13:42:17.308,1.57542,1.57564,1.00,1.00
2015.08.27 13:42:17.765,1.57545,1.57565,1.00,2.32
2015.08.27 13:42:17.918,1.57544,1.57565,1.00,1.00
2015.08.27 13:42:17.969,1.57544,1.57569,1.00,1.15
2015.08.27 13:42:18.476,1.57543,1.57568,1.00,1.17
2015.08.27 13:42:19.372,1.57543,1.57568,1.00,1.55
2015.08.27 13:42:19.575,1.57547,1.57568,1.00,1.55
2015.08.27 13:42:19.831,1.57549,1.57571,1.00,1.17
2015.08.27 13:42:19.882,1.57549,1.57572,1.00,1.57
2015.08.27 13:42:19.933,1.57547,1.57572,1.00,1.57
2015.08.27 13:42:20.445,1.57546,1.57572,1.00,1.95
2015.08.27 13:42:20.953,1.57551,1.57572,1.00,1.57
2015.08.27 13:42:21.258,1.57555,1.57574,1.00,1.00
2015.08.27 13:42:21.360,1.57556,1.57577,1.07,1.00
2015.08.27 13:42:21.884,1.57556,1.57577,1.12,1.50
2015.08.27 13:42:22.138,1.5756,1.57577,1.00,1.00
2015.08.27 13:42:22.240,1.57561,1.57583,1.00,2.35
2015.08.27 13:42:22.342,1.57564,1.57583,1.00,1.00
2015.08.27 13:42:22.653,1.57567,1.57586,1.00,1.00
2015.08.27 13:42:22.856,1.57567,1.57589,1.00,1.00
2015.08.27 13:42:23.364,1.57567,1.57588,1.10,1.50
2015.08.27 13:42:23.881,1.57567,1.57589,1.10,1.00
2015.08.27 13:42:24.338,1.57569,1.57589,1.00,1.00
2015.08.27 13:42:24.992,1.57569,1.5759,1.00,1.00
2015.08.27 13:42:25.501,1.57569,1.57591,1.00,1.50
2015.08.27 13:42:26.741,1.57569,1.57591,1.17,1.87
2015.08.27 13:42:27.258,1.57569,1.57591,1.00,1.87
2015.08.27 13:42:27.715,1.57568,1.57591,1.00,1.37
2015.08.27 13:42:28.329,1.57568,1.5759,1.00,1.00
2015.08.27 13:42:28.838,1.57568,1.57589,1.00,1.00
2015.08.27 13:42:29.348,1.57572,1.5759,1.00,1.50
2015.08.27 13:42:29.487,1.57572,1.57595,1.00,1.50
2015.08.27 13:42:30.046,1.57572,1.57593,1.00,1.00
2015.08.27 13:42:30.300,1.57565,1.57592,2.62,1.00
2015.08.27 13:42:31.309,1.57567,1.57592,1.37,1.35
2015.08.27 13:42:31.656,1.57568,1.57592,1.50,1.00
2015.08.27 13:42:31.711,1.57568,1.57592,1.87,1.35
2015.08.27 13:42:31.762,1.57568,1.57588,2.25,1.00
2015.08.27 13:42:31.915,1.57568,1.57587,1.12,1.00
2015.08.27 13:42:32.018,1.57563,1.57583,1.12,1.00
2015.08.27 13:42:32.171,1.57558,1.57581,1.27,1.00
2015.08.27 13:42:32.587,1.57562,1.57583,1.00,1.00
2015.08.27 13:42:33.097,1.57559,1.57583,1.12,1.00
2015.08.27 13:42:33.199,1.5756,1.57586,1.00,1.00
2015.08.27 13:42:33.251,1.5756,1.57586,1.45,1.00
2015.08.27 13:42:33.566,1.5756,1.5758,1.00,1.00
2015.08.27 13:42:33.871,1.5756,1.57578,1.00,1.00
2015.08.27 13:42:34.077,1.57553,1.57578,1.20,1.00
2015.08.27 13:42:34.872,1.57553,1.57581,1.10,1.12
2015.08.27 13:42:34.923,1.57553,1.57581,1.47,1.12
2015.08.27 13:42:35.282,1.57561,1.57584,2.10,1.95
2015.08.27 13:42:35.485,1.57567,1.57587,1.00,1.95
2015.08.27 13:42:35.537,1.57566,1.5759,1.37,1.50
2015.08.27 13:42:35.695,1.57566,1.57592,1.37,1.27
2015.08.27 13:42:35.797,1.57568,1.57593,2.47,1.57
2015.08.27 13:42:36.001,1.57572,1.57596,1.37,1.00
2015.08.27 13:42:36.206,1.57572,1.57594,1.00,1.00
2015.08.27 13:42:36.733,1.57571,1.57595,1.17,1.00
2015.08.27 13:42:37.091,1.57571,1.57598,1.17,2.25
2015.08.27 13:42:37.195,1.57571,1.57594,1.95,1.00
2015.08.27 13:42:37.298,1.57568,1.57591,1.65,1.00
2015.08.27 13:42:37.349,1.57568,1.57591,1.20,1.50
2015.08.27 13:42:37.503,1.57566,1.57591,1.57,1.50
2015.08.27 13:42:39.831,1.57566,1.57591,1.37,1.00
2015.08.27 13:42:40.513,1.57569,1.57591,1.00,1.00
2015.08.27 13:42:41.348,1.57567,1.57591,1.10,1.12
2015.08.27 13:42:41.856,1.57566,1.57591,1.00,1.37
2015.08.27 13:42:42.390,1.57569,1.57591,1.00,1.12
2015.08.27 13:42:42.693,1.57571,1.57598,2.47,1.50
2015.08.27 13:42:42.846,1.57571,1.57598,2.85,1.12
2015.08.27 13:42:43.051,1.57576,1.57603,1.50,1.85
2015.08.27 13:42:43.102,1.57576,1.57604,1.12,2.80
2015.08.27 13:42:43.556,1.57576,1.57599,1.95,1.08
2015.08.27 13:42:43.810,1.57564,1.57591,1.20,1.50
2015.08.27 13:42:43.911,1.57563,1.57591,1.65,1.50
2015.08.27 13:42:43.962,1.57563,1.57591,2.02,1.75
2015.08.27 13:42:44.064,1.57563,1.5759,1.15,1.00
2015.08.27 13:42:44.526,1.57568,1.5759,1.00,1.00
2015.08.27 13:42:44.629,1.57565,1.5759,1.50,1.00
2015.08.27 13:42:44.680,1.57565,1.57594,2.77,1.00
2015.08.27 13:42:44.782,1.57565,1.57594,2.40,1.75
2015.08.27 13:42:45.341,1.57564,1.57592,2.02,1.12
2015.08.27 13:42:45.489,1.57565,1.5759,1.12,1.37
2015.08.27 13:42:46.106,1.57563,1.57589,1.10,1.00
2015.08.27 13:42:46.620,1.57565,1.57589,1.00,1.00
2015.08.27 13:42:47.745,1.57572,1.57596,1.00,1.30
2015.08.27 13:42:47.900,1.57572,1.57599,1.12,1.48
2015.08.27 13:42:48.259,1.57569,1.57593,2.02,1.00
2015.08.27 13:42:48.311,1.57569,1.57593,1.65,1.12
2015.08.27 13:42:48.363,1.57568,1.57593,1.52,1.87
2015.08.27 13:42:48.414,1.57564,1.57591,1.17,1.12
2015.08.27 13:42:48.516,1.57563,1.57591,1.27,1.87
2015.08.27 13:42:48.665,1.57565,1.57592,1.00,1.12
2015.08.27 13:42:48.821,1.57569,1.57595,1.37,1.10
2015.08.27 13:42:49.025,1.5757,1.57597,1.37,1.00
2015.08.27 13:42:49.076,1.57573,1.57597,1.00,1.00
2015.08.27 13:42:49.452,1.57573,1.57594,1.00,1.00
2015.08.27 13:42:49.503,1.57567,1.57594,1.95,1.50
2015.08.27 13:42:49.669,1.57567,1.57592,1.20,1.12
2015.08.27 13:42:49.974,1.57564,1.57589,1.50,1.00
2015.08.27 13:42:50.480,1.57564,1.57589,1.00,1.50
2015.08.27 13:42:50.852,1.57564,1.57586,1.00,1.00
2015.08.27 13:42:51.157,1.57562,1.57586,1.00,1.00
2015.08.27 13:42:51.843,1.57563,1.57586,1.00,1.00
2015.08.27 13:42:52.301,1.57561,1.57586,1.00,1.00
2015.08.27 13:42:52.981,1.57561,1.57586,1.37,1.37
2015.08.27 13:42:53.289,1.57568,1.5759,1.87,1.00
2015.08.27 13:42:53.799,1.57568,1.57591,1.00,1.00
2015.08.27 13:42:55.346,1.57572,1.57591,1.00,1.00
2015.08.27 13:42:55.849,1.5757,1.57592,1.00,1.12
2015.08.27 13:42:55.900,1.5757,1.57592,1.00,1.47
2015.08.27 13:42:56.306,1.5757,1.57589,1.00,1.37
2015.08.27 13:42:56.574,1.57566,1.57589,1.50,1.57
2015.08.27 13:42:57.437,1.57571,1.57588,1.00,1.37
2015.08.27 13:42:57.640,1.57571,1.5759,1.00,1.00
2015.08.27 13:42:57.756,1.57569,1.57589,1.00,1.00
2015.08.27 13:42:58.451,1.57569,1.5759,1.00,1.00
2015.08.27 13:42:58.976,1.57569,1.57592,1.00,2.02
2015.08.27 13:42:59.179,1.5757,1.57592,1.00,2.62
2015.08.27 13:42:59.383,1.57567,1.57592,1.00,1.87
2015.08.27 13:42:59.435,1.57567,1.5759,1.12,1.00
2015.08.27 13:43:00.553,1.57567,1.57591,1.12,1.00
2015.08.27 13:43:00.604,1.57571,1.57591,1.00,1.00
2015.08.27 13:43:00.913,1.57571,1.57589,1.00,1.00
2015.08.27 13:43:01.863,1.57571,1.57591,1.00,1.12
2015.08.27 13:43:02.016,1.57568,1.57592,1.00,2.25
2015.08.27 13:43:02.122,1.57568,1.57592,1.00,2.25
2015.08.27 13:43:02.430,1.57564,1.57587,1.00,1.37
2015.08.27 13:43:02.939,1.57564,1.57587,1.00,1.75
2015.08.27 13:43:03.148,1.57564,1.57576,1.00,1.00
2015.08.27 13:43:03.199,1.57556,1.57576,1.00,1.00
2015.08.27 13:43:03.352,1.57554,1.57576,1.00,1.50
2015.08.27 13:43:03.743,1.57558,1.57576,1.00,1.20
2015.08.27 13:43:04.078,1.57566,1.57583,1.00,1.12
2015.08.27 13:43:04.384,1.57574,1.5759,1.00,1.87
2015.08.27 13:43:05.365,1.57576,1.5759,1.00,1.65
2015.08.27 13:43:05.467,1.57576,1.5759,1.00,2.40
2015.08.27 13:43:05.569,1.57576,1.5759,1.00,2.02
2015.08.27 13:43:06.167,1.57582,1.57588,1.00,1.15
2015.08.27 13:43:06.370,1.57587,1.57591,1.00,1.00
2015.08.27 13:43:06.422,1.57587,1.57599,1.00,1.50
2015.08.27 13:43:06.676,1.5759,1.57599,1.00,1.00
2015.08.27 13:43:06.931,1.57593,1.57603,1.00,1.20
2015.08.27 13:43:07.261,1.57593,1.57606,1.00,1.00
2015.08.27 13:43:07.566,1.57596,1.57604,1.00,1.00
2015.08.27 13:43:08.815,1.57597,1.57604,1.00,1.00
2015.08.27 13:43:08.917,1.57602,1.57611,1.00,2.02
2015.08.27 13:43:09.070,1.57603,1.57612,1.00,1.00
2015.08.27 13:43:09.324,1.57604,1.57614,1.00,1.00
2015.08.27 13:43:10.538,1.57604,1.57616,1.00,1.00
2015.08.27 13:43:11.278,1.57602,1.57616,1.00,1.00
2015.08.27 13:43:11.633,1.57602,1.57614,1.00,1.00
2015.08.27 13:43:11.685,1.57599,1.57614,1.00,1.00
2015.08.27 13:43:11.736,1.57594,1.57613,1.00,2.10
2015.08.27 13:43:11.878,1.57594,1.57606,1.00,1.00
2015.08.27 13:43:11.931,1.57588,1.57606,1.37,1.00
2015.08.27 13:43:11.982,1.57588,1.576,1.00,1.00
2015.08.27 13:43:13.171,1.57592,1.576,1.00,1.00
2015.08.27 13:43:13.325,1.57593,1.57607,1.00,1.00
2015.08.27 13:43:13.376,1.57596,1.57612,1.00,1.50
2015.08.27 13:43:13.630,1.57592,1.57609,1.37,1.35
2015.08.27 13:43:13.732,1.57592,1.57607,1.37,1.00
2015.08.27 13:43:13.909,1.5759,1.57607,1.00,1.00
2015.08.27 13:43:14.011,1.57592,1.57607,1.00,1.00
2015.08.27 13:43:14.317,1.57595,1.5761,1.00,1.00
2015.08.27 13:43:15.134,1.57593,1.5761,1.12,1.00
2015.08.27 13:43:15.286,1.57589,1.57607,1.75,1.00
2015.08.27 13:43:15.490,1.57587,1.57606,1.50,1.00
2015.08.27 13:43:15.694,1.57587,1.57608,1.00,1.10
2015.08.27 13:43:15.852,1.57587,1.57606,1.00,1.00
2015.08.27 13:43:15.954,1.57587,1.57608,1.00,1.10
2015.08.27 13:43:16.056,1.57587,1.57605,1.00,1.00
2015.08.27 13:43:16.158,1.57587,1.57607,1.00,1.00
2015.08.27 13:43:16.364,1.57585,1.57607,1.12,1.00
2015.08.27 13:43:16.416,1.57582,1.57605,1.12,1.00
2015.08.27 13:43:16.569,1.57582,1.57604,1.00,1.50
2015.08.27 13:43:16.892,1.57582,1.57596,1.00,1.00
2015.08.27 13:43:16.994,1.57578,1.57596,2.47,1.00
2015.08.27 13:43:17.502,1.57579,1.57596,1.00,1.00
2015.08.27 13:43:17.604,1.57579,1.57598,1.00,1.00
2015.08.27 13:43:17.924,1.57581,1.57602,1.60,1.45
2015.08.27 13:43:18.027,1.57583,1.57606,1.35,2.25
2015.08.27 13:43:18.079,1.57585,1.57606,1.00,1.50
2015.08.27 13:43:18.130,1.57585,1.57607,2.85,1.17
2015.08.27 13:43:18.233,1.5759,1.57607,1.00,1.00
2015.08.27 13:43:18.539,1.57594,1.5761,1.00,1.50
2015.08.27 13:43:19.095,1.57594,1.57614,1.00,1.00
2015.08.27 13:43:19.451,1.57594,1.57611,1.00,1.00
2015.08.27 13:43:20.218,1.57594,1.57609,1.00,1.00
2015.08.27 13:43:20.370,1.57587,1.5761,1.00,1.37
2015.08.27 13:43:20.472,1.57582,1.57604,1.20,1.00
2015.08.27 13:43:20.784,1.57588,1.57607,1.00,1.10
2015.08.27 13:43:21.095,1.57591,1.57607,1.00,1.00
2015.08.27 13:43:21.653,1.57591,1.5761,1.00,1.00
2015.08.27 13:43:22.154,1.57592,1.57615,1.00,2.32
2015.08.27 13:43:22.661,1.57593,1.57612,1.00,1.00
2015.08.27 13:43:22.762,1.57595,1.57614,1.00,1.00
2015.08.27 13:43:22.957,1.57593,1.57614,1.00,1.00
2015.08.27 13:43:23.600,1.57593,1.57614,1.87,1.00
2015.08.27 13:43:23.905,1.57596,1.57616,1.00,1.57
2015.08.27 13:43:24.433,1.57597,1.57614,1.00,1.00
2015.08.27 13:43:24.587,1.57594,1.57614,1.00,1.00
2015.08.27 13:43:25.305,1.57594,1.57612,1.00,1.00
2015.08.27 13:43:26.722,1.57594,1.57611,1.00,1.00
2015.08.27 13:43:28.360,1.57594,1.57613,1.00,1.00
2015.08.27 13:43:28.888,1.57594,1.57612,1.00,1.00
2015.08.27 13:43:28.990,1.57594,1.57609,1.00,1.00
2015.08.27 13:43:29.161,1.57589,1.57609,1.00,1.00
2015.08.27 13:43:29.263,1.57585,1.57609,1.87,1.27
2015.08.27 13:43:29.315,1.57588,1.57608,1.00,1.10
2015.08.27 13:43:29.822,1.57589,1.57611,1.00,1.07
2015.08.27 13:43:30.129,1.57592,1.57612,1.00,1.65
2015.08.27 13:43:30.435,1.57594,1.57614,1.00,1.87
2015.08.27 13:43:30.792,1.57594,1.57618,1.37,1.75
2015.08.27 13:43:30.996,1.57596,1.57618,1.00,1.17
2015.08.27 13:43:31.568,1.57597,1.57617,1.00,1.00
2015.08.27 13:43:32.075,1.57596,1.57619,1.12,1.17
2015.08.27 13:43:32.838,1.57596,1.57613,1.12,1.00
2015.08.27 13:43:34.063,1.57596,1.57616,1.12,1.00
2015.08.27 13:43:34.373,1.57603,1.57616,1.00,1.00
2015.08.27 13:43:34.837,1.57603,1.57613,1.00,1.00
2015.08.27 13:43:35.146,1.57603,1.57616,1.00,1.00
2015.08.27 13:43:35.608,1.57603,1.57614,1.00,1.00
2015.08.27 13:43:37.899,1.57603,1.57615,1.00,1.00
2015.08.27 13:43:38.654,1.57603,1.57616,1.00,1.00
2015.08.27 13:43:38.979,1.57607,1.57616,1.00,1.00
2015.08.27 13:43:39.486,1.57607,1.57617,1.00,1.00
2015.08.27 13:43:40.349,1.57607,1.5762,1.00,1.00
2015.08.27 13:43:41.344,1.57607,1.57618,1.00,1.00
2015.08.27 13:43:42.568,1.57607,1.57619,1.00,1.00
2015.08.27 13:43:43.062,1.57604,1.57619,1.00,1.00
2015.08.27 13:43:43.884,1.57604,1.57618,1.00,1.00
2015.08.27 13:43:45.806,1.57604,1.57617,1.00,1.00
2015.08.27 13:43:46.165,1.57601,1.57617,1.00,1.00
2015.08.27 13:43:46.216,1.57596,1.57617,1.00,1.00
2015.08.27 13:43:46.487,1.57596,1.57619,1.37,1.57
2015.08.27 13:43:47.048,1.57597,1.57607,1.12,1.00
2015.08.27 13:43:47.150,1.57595,1.57607,1.00,1.00
2015.08.27 13:43:47.437,1.57592,1.57607,1.00,1.00
2015.08.27 13:43:47.590,1.5759,1.57607,1.50,1.00
2015.08.27 13:43:48.957,1.57591,1.57607,1.00,1.00
2015.08.27 13:43:49.527,1.5759,1.57606,1.00,1.00
2015.08.27 13:43:49.578,1.57592,1.57606,1.00,1.00
2015.08.27 13:43:49.885,1.57587,1.576,1.00,1.00
2015.08.27 13:43:49.936,1.57583,1.576,1.00,1.00
2015.08.27 13:43:50.038,1.57583,1.576,1.00,1.60
2015.08.27 13:43:50.089,1.57579,1.576,1.12,1.60
2015.08.27 13:43:50.809,1.57579,1.57597,1.87,1.00
2015.08.27 13:43:50.963,1.57579,1.57597,2.25,1.00
2015.08.27 13:43:51.505,1.57584,1.57597,1.00,1.00
2015.08.27 13:43:51.556,1.57585,1.576,1.00,1.00
2015.08.27 13:43:51.816,1.5759,1.57602,2.10,1.00
2015.08.27 13:43:51.918,1.57592,1.57605,1.60,1.00
2015.08.27 13:43:52.020,1.57593,1.57607,1.35,1.00
2015.08.27 13:43:52.275,1.57595,1.57607,1.00,1.00
2015.08.27 13:43:52.630,1.57591,1.57601,1.00,1.00
2015.08.27 13:43:52.682,1.57583,1.57596,1.00,1.00
2015.08.27 13:43:52.734,1.57581,1.57595,1.10,1.00
2015.08.27 13:43:52.937,1.57578,1.57595,1.67,1.00
2015.08.27 13:43:53.446,1.5758,1.57595,1.00,1.00
2015.08.27 13:43:53.983,1.57581,1.57595,1.12,1.00
2015.08.27 13:43:56.014,1.57581,1.57595,1.87,1.00
2015.08.27 13:43:56.234,1.57581,1.57595,3.22,1.00
2015.08.27 13:43:56.286,1.57583,1.57604,1.35,1.12
2015.08.27 13:43:56.337,1.57592,1.57604,1.35,1.12
2015.08.27 13:43:56.388,1.57592,1.57609,1.72,1.50
2015.08.27 13:43:56.439,1.57595,1.5761,2.85,1.75
2015.08.27 13:43:56.491,1.57595,1.57611,2.85,1.00
2015.08.27 13:43:56.643,1.576,1.57611,1.00,1.00
2015.08.27 13:43:56.953,1.57599,1.57614,2.17,1.00
2015.08.27 13:43:57.257,1.57604,1.57614,1.00,1.00
2015.08.27 13:43:57.308,1.57604,1.57617,1.00,1.50
2015.08.27 13:43:57.360,1.57602,1.57617,1.35,1.00
2015.08.27 13:43:57.411,1.57607,1.57617,1.00,1.00
2015.08.27 13:43:57.463,1.57604,1.57617,1.00,1.00
2015.08.27 13:43:58.012,1.57605,1.57617,1.00,1.00
2015.08.27 13:43:58.520,1.57604,1.57617,1.12,1.00
2015.08.27 13:43:59.144,1.57604,1.57617,1.37,1.00
2015.08.27 13:43:59.196,1.57604,1.57613,1.00,1.00
2015.08.27 13:43:59.605,1.57603,1.57614,1.00,1.00
2015.08.27 13:43:59.758,1.57603,1.57617,1.00,1.00
2015.08.27 13:44:00.065,1.57609,1.5762,1.00,1.00
2015.08.27 13:44:01.118,1.57611,1.5762,1.00,1.00
2015.08.27 13:44:01.169,1.57609,1.5762,1.50,1.00
2015.08.27 13:44:02.185,1.57609,1.5762,1.87,1.00
2015.08.27 13:44:02.645,1.57609,1.57626,1.87,1.00
2015.08.27 13:44:02.747,1.57614,1.5763,1.37,1.00
2015.08.27 13:44:02.798,1.57614,1.57627,1.50,1.00
2015.08.27 13:44:03.103,1.57618,1.5763,1.37,1.00
2015.08.27 13:44:03.605,1.57618,1.5763,1.12,1.00
2015.08.27 13:44:03.911,1.57618,1.5763,1.37,1.00
2015.08.27 13:44:04.013,1.57618,1.57632,1.37,1.00
2015.08.27 13:44:04.751,1.57619,1.5763,1.37,1.00
2015.08.27 13:44:05.006,1.57615,1.57626,1.12,1.00
2015.08.27 13:44:05.108,1.57617,1.57626,1.00,1.00
2015.08.27 13:44:05.557,1.57615,1.57626,1.00,1.00
2015.08.27 13:44:05.866,1.57615,1.5763,1.00,1.00
2015.08.27 13:44:06.940,1.57615,1.57627,1.00,1.00
2015.08.27 13:44:07.042,1.57613,1.57627,1.10,1.00
2015.08.27 13:44:07.144,1.57615,1.57627,1.00,1.00
2015.08.27 13:44:07.500,1.57615,1.57631,1.00,1.00
2015.08.27 13:44:07.807,1.57612,1.57631,1.00,1.00
2015.08.27 13:44:08.011,1.57612,1.57633,1.37,1.00
2015.08.27 13:44:08.163,1.57615,1.57633,1.00,1.00
2015.08.27 13:44:08.468,1.57621,1.57633,1.00,1.00
2015.08.27 13:44:08.910,1.57618,1.57633,1.00,1.00
2015.08.27 13:44:09.543,1.5762,1.57633,1.00,1.00
2015.08.27 13:44:10.314,1.57618,1.57633,1.00,1.00
2015.08.27 13:44:10.740,1.5762,1.57633,1.00,1.00
2015.08.27 13:44:11.455,1.57619,1.57633,1.00,1.00
2015.08.27 13:44:11.760,1.57611,1.57618,1.00,1.00
2015.08.27 13:44:12.065,1.5761,1.57614,1.00,1.00
2015.08.27 13:44:12.630,1.57611,1.57618,1.00,1.00
2015.08.27 13:44:12.681,1.57611,1.57621,1.00,1.00
2015.08.27 13:44:12.834,1.57604,1.57623,1.00,1.00
2015.08.27 13:44:13.419,1.576,1.57623,1.07,1.00
2015.08.27 13:44:13.470,1.57599,1.5762,2.40,1.00
2015.08.27 13:44:13.979,1.576,1.5762,1.00,1.00
2015.08.27 13:44:14.285,1.57597,1.57613,1.00,1.00
2015.08.27 13:44:14.538,1.57594,1.57613,1.10,1.00
2015.08.27 13:44:16.025,1.5759,1.57613,1.00,1.00
2015.08.27 13:44:16.076,1.5759,1.5761,1.00,1.00
2015.08.27 13:44:16.403,1.57592,1.5761,1.00,1.00
2015.08.27 13:44:16.708,1.57589,1.57605,1.00,1.00
2015.08.27 13:44:16.986,1.57584,1.57605,1.57,1.00
2015.08.27 13:44:17.394,1.57588,1.57605,1.00,1.00
2015.08.27 13:44:17.699,1.57589,1.57605,1.20,1.00
2015.08.27 13:44:18.151,1.57589,1.57604,1.00,1.12
2015.08.27 13:44:18.254,1.57589,1.57607,1.00,1.00
2015.08.27 13:44:18.357,1.57589,1.57607,1.37,1.00
2015.08.27 13:44:18.408,1.57589,1.57611,1.37,1.37
2015.08.27 13:44:18.460,1.57589,1.57607,1.37,1.00
2015.08.27 13:44:18.512,1.5759,1.57609,1.27,1.00
2015.08.27 13:44:18.614,1.57593,1.57605,1.00,1.00
2015.08.27 13:44:18.666,1.57587,1.57605,1.75,1.00
2015.08.27 13:44:18.717,1.57583,1.57605,2.70,1.00
2015.08.27 13:44:18.819,1.57587,1.57608,1.00,1.00
2015.08.27 13:44:19.129,1.57589,1.57608,1.00,1.00
2015.08.27 13:44:19.636,1.57588,1.57608,1.00,1.00
2015.08.27 13:44:19.942,1.57589,1.57606,1.00,1.00
2015.08.27 13:44:20.201,1.57585,1.57603,1.00,1.00
2015.08.27 13:44:20.303,1.57585,1.57601,1.00,1.00
2015.08.27 13:44:20.610,1.57585,1.57603,1.00,1.00
2015.08.27 13:44:21.327,1.57581,1.57603,1.00,1.00
2015.08.27 13:44:21.429,1.57581,1.576,1.00,1.00
2015.08.27 13:44:22.250,1.57577,1.576,1.45,1.00
2015.08.27 13:44:22.447,1.57577,1.57598,1.00,1.00
2015.08.27 13:44:22.900,1.57575,1.57598,1.10,1.00
2015.08.27 13:44:23.615,1.57576,1.57599,2.40,1.00
2015.08.27 13:44:23.970,1.57578,1.57599,1.57,1.00
2015.08.27 13:44:24.275,1.57578,1.57599,2.32,1.00
2015.08.27 13:44:24.326,1.57578,1.57602,2.32,1.00
2015.08.27 13:44:24.377,1.57579,1.57606,1.92,1.50
2015.08.27 13:44:24.879,1.57584,1.57608,1.95,1.00
2015.08.27 13:44:26.493,1.57587,1.57608,1.20,1.00
2015.08.27 13:44:26.812,1.57587,1.57603,1.72,1.00
2015.08.27 13:44:27.068,1.57587,1.57606,1.12,1.00
2015.08.27 13:44:27.391,1.57582,1.576,1.20,1.00
2015.08.27 13:44:27.696,1.57584,1.57598,1.10,1.00
2015.08.27 13:44:27.747,1.57584,1.57601,1.10,1.00
2015.08.27 13:44:28.153,1.57584,1.57603,1.20,1.00
2015.08.27 13:44:28.630,1.57585,1.57606,1.30,1.50
2015.08.27 13:44:28.833,1.57586,1.57604,1.10,1.00
2015.08.27 13:44:29.700,1.57586,1.57608,1.95,1.50
2015.08.27 13:44:30.207,1.57589,1.57608,1.00,1.50
2015.08.27 13:44:30.571,1.57589,1.57608,1.87,1.00
2015.08.27 13:44:30.825,1.5759,1.5761,1.87,1.00
2015.08.27 13:44:31.394,1.57597,1.5761,1.00,1.00
2015.08.27 13:44:31.599,1.57597,1.57612,1.00,1.00
2015.08.27 13:44:32.141,1.57597,1.57614,1.00,1.00
2015.08.27 13:44:32.395,1.57599,1.57614,1.12,1.50
2015.08.27 13:44:32.700,1.57606,1.5762,1.00,1.00
2015.08.27 13:44:33.022,1.57606,1.57618,1.00,1.00
2015.08.27 13:44:33.124,1.57606,1.5762,1.00,1.00
2015.08.27 13:44:33.632,1.57606,1.57621,1.00,1.00
2015.08.27 13:44:33.683,1.57606,1.57619,1.00,1.00
2015.08.27 13:44:33.887,1.57611,1.57628,1.00,1.12
2015.08.27 13:44:34.069,1.57614,1.57632,1.00,1.00
2015.08.27 13:44:34.120,1.57612,1.57632,1.50,1.00
2015.08.27 13:44:34.882,1.57612,1.57631,1.00,1.00
2015.08.27 13:44:35.491,1.57614,1.57631,1.00,1.00
2015.08.27 13:44:36.061,1.57614,1.57632,1.12,1.00
2015.08.27 13:44:36.367,1.57613,1.5763,1.00,1.00
2015.08.27 13:44:36.672,1.57612,1.57628,1.00,1.00
2015.08.27 13:44:37.186,1.57611,1.57628,1.50,1.50
2015.08.27 13:44:37.339,1.57608,1.57628,1.87,1.50
2015.08.27 13:44:38.320,1.57609,1.57626,1.00,1.00
2015.08.27 13:44:38.472,1.57603,1.57623,1.45,1.00
2015.08.27 13:44:38.523,1.57603,1.57623,1.12,1.00
2015.08.27 13:44:39.032,1.576,1.57623,1.50,1.00
2015.08.27 13:44:39.134,1.576,1.57623,1.50,1.00
2015.08.27 13:44:40.532,1.576,1.57623,1.37,1.00
2015.08.27 13:44:40.684,1.576,1.57625,1.37,1.00
2015.08.27 13:44:40.736,1.576,1.57625,1.37,1.00
2015.08.27 13:44:41.194,1.576,1.57626,1.00,1.00
2015.08.27 13:44:41.708,1.576,1.57626,1.07,1.00
2015.08.27 13:44:42.215,1.576,1.57627,1.07,1.00
2015.08.27 13:44:42.267,1.57602,1.57629,1.50,1.50
2015.08.27 13:44:42.554,1.57606,1.57632,1.45,1.75
2015.08.27 13:44:42.605,1.57607,1.57632,1.55,1.00
2015.08.27 13:44:43.574,1.57607,1.57632,2.02,1.00
2015.08.27 13:44:43.881,1.5761,1.57636,1.12,1.12
2015.08.27 13:44:43.932,1.57613,1.57632,1.00,1.00
2015.08.27 13:44:44.238,1.57612,1.57634,1.57,1.00
2015.08.27 13:44:44.797,1.57612,1.57633,1.20,1.00
2015.08.27 13:44:45.148,1.57611,1.57633,1.00,1.00
2015.08.27 13:44:45.453,1.57609,1.57629,1.50,1.00
2015.08.27 13:44:45.605,1.57605,1.57627,1.15,1.00
2015.08.27 13:44:46.020,1.57604,1.57624,1.10,1.00
2015.08.27 13:44:46.327,1.57602,1.5762,1.12,1.00
2015.08.27 13:44:46.751,1.57602,1.57615,1.12,1.00
2015.08.27 13:44:47.005,1.57601,1.5762,1.50,1.00
2015.08.27 13:44:47.317,1.57601,1.57622,1.50,1.00
2015.08.27 13:44:47.824,1.57601,1.57621,1.87,1.00
2015.08.27 13:44:48.794,1.57601,1.57621,1.87,1.00
2015.08.27 13:44:49.362,1.57601,1.57621,1.50,1.00
2015.08.27 13:44:49.679,1.57601,1.57621,1.37,1.00
2015.08.27 13:44:49.730,1.57601,1.57625,2.25,1.12
2015.08.27 13:44:49.832,1.57604,1.57629,1.00,2.10
2015.08.27 13:44:49.934,1.57607,1.5763,1.00,1.60
2015.08.27 13:44:50.036,1.57607,1.5763,1.50,1.00
2015.08.27 13:44:50.540,1.57607,1.5763,1.00,1.00
2015.08.27 13:44:51.049,1.57607,1.57632,1.00,1.00
2015.08.27 13:44:51.396,1.57608,1.57632,1.50,1.00
2015.08.27 13:44:51.498,1.5761,1.57637,1.00,1.00
2015.08.27 13:44:52.670,1.57613,1.57639,1.00,3.15
2015.08.27 13:44:52.974,1.57611,1.57634,1.00,1.37
2015.08.27 13:44:53.279,1.57602,1.57623,1.50,1.00
2015.08.27 13:44:53.590,1.57604,1.5762,1.00,1.00
2015.08.27 13:44:53.642,1.57602,1.5762,1.12,1.00
2015.08.27 13:44:53.744,1.57604,1.5762,1.00,1.00
2015.08.27 13:44:54.558,1.57604,1.57623,1.00,1.00
2015.08.27 13:44:55.359,1.57604,1.57621,1.00,1.00
2015.08.27 13:44:55.615,1.57598,1.57622,2.02,1.35
2015.08.27 13:44:55.771,1.57598,1.57615,1.12,1.00
2015.08.27 13:44:55.822,1.57597,1.57615,1.50,1.00
2015.08.27 13:44:56.381,1.57597,1.57615,1.37,1.00
2015.08.27 13:44:56.433,1.57597,1.57617,1.37,1.00
2015.08.27 13:44:56.484,1.57597,1.57617,1.37,1.00
2015.08.27 13:44:56.536,1.576,1.57616,1.00,1.00
2015.08.27 13:44:56.746,1.57599,1.57619,1.75,1.00
2015.08.27 13:44:56.800,1.57605,1.57622,1.00,1.00
2015.08.27 13:44:56.852,1.57603,1.57622,1.00,1.00
2015.08.27 13:44:56.903,1.57603,1.57624,1.00,1.00
2015.08.27 13:44:57.107,1.57605,1.57624,1.00,1.00
2015.08.27 13:44:57.310,1.57601,1.57621,1.00,1.00
2015.08.27 13:44:57.666,1.57601,1.57623,1.00,1.00
2015.08.27 13:44:57.874,1.57601,1.5762,1.37,1.00
2015.08.27 13:44:58.386,1.57601,1.5762,1.37,1.00
2015.08.27 13:44:58.691,1.57608,1.57624,1.00,1.00
2015.08.27 13:44:58.913,1.57611,1.57635,1.20,2.25
2015.08.27 13:44:58.964,1.57612,1.57633,1.50,1.00
2015.08.27 13:44:59.118,1.57606,1.5763,1.87,1.00
2015.08.27 13:44:59.627,1.57609,1.57627,1.00,1.00
2015.08.27 13:44:59.845,1.57606,1.57627,1.00,1.00
2015.08.27 13:44:59.897,1.57604,1.5763,1.00,1.50
2015.08.27 13:44:59.949,1.57605,1.57628,1.00,1.75
2015.08.27 13:45:00.155,1.57606,1.5763,1.00,1.20
2015.08.27 13:45:00.511,1.576,1.57628,2.25,1.00
2015.08.27 13:45:00.717,1.576,1.57626,1.20,1.00
2015.08.27 13:45:00.770,1.57601,1.57626,1.20,1.00
2015.08.27 13:45:00.822,1.57601,1.57622,1.10,1.00
2015.08.27 13:45:00.975,1.57597,1.57622,1.20,1.00
2015.08.27 13:45:01.026,1.57601,1.57622,1.00,1.00
2015.08.27 13:45:01.236,1.57601,1.57625,1.00,1.50
2015.08.27 13:45:02.249,1.57601,1.57624,1.37,1.00
2015.08.27 13:45:02.351,1.57603,1.57624,1.37,1.00
2015.08.27 13:45:02.403,1.57603,1.57627,1.37,1.00
2015.08.27 13:45:02.752,1.57603,1.57625,1.27,1.00
2015.08.27 13:45:02.956,1.57601,1.57625,1.50,1.00
2015.08.27 13:45:03.765,1.57603,1.57625,1.00,1.00
2015.08.27 13:45:03.816,1.57603,1.57621,1.00,1.00
2015.08.27 13:45:03.969,1.576,1.57619,1.00,1.00
2015.08.27 13:45:04.172,1.57598,1.57619,1.00,1.00
2015.08.27 13:45:04.426,1.57596,1.57619,1.20,1.00
2015.08.27 13:45:06.322,1.57594,1.57619,2.32,1.00
2015.08.27 13:45:06.373,1.57596,1.57622,1.47,1.00
2015.08.27 13:45:06.424,1.57598,1.57622,1.47,1.00
2015.08.27 13:45:06.729,1.57598,1.57622,3.00,1.00
2015.08.27 13:45:07.035,1.57611,1.5763,1.60,1.00
2015.08.27 13:45:07.396,1.5761,1.57633,3.60,1.00
2015.08.27 13:45:07.802,1.57612,1.5763,1.35,1.00
2015.08.27 13:45:08.005,1.57612,1.57633,1.35,1.00
2015.08.27 13:45:09.082,1.57612,1.5763,1.35,1.00
2015.08.27 13:45:09.185,1.57612,1.57633,1.35,1.00
2015.08.27 13:45:09.392,1.57612,1.57629,2.10,1.00
2015.08.27 13:45:09.545,1.57609,1.57629,1.00,1.00
2015.08.27 13:45:09.748,1.57609,1.57626,1.00,1.00
2015.08.27 13:45:10.002,1.57609,1.57629,1.00,1.00
2015.08.27 13:45:10.867,1.57609,1.57629,1.37,1.00
2015.08.27 13:45:11.375,1.57609,1.57629,1.12,1.00
2015.08.27 13:45:12.550,1.57609,1.5763,1.12,1.00
2015.08.27 13:45:12.601,1.57609,1.57627,1.12,1.00
2015.08.27 13:45:13.134,1.57608,1.57627,1.00,1.00
2015.08.27 13:45:13.591,1.57606,1.57625,1.80,1.00
2015.08.27 13:45:14.722,1.5761,1.57627,1.00,1.00
2015.08.27 13:45:15.027,1.57615,1.57629,1.00,1.00
2015.08.27 13:45:15.362,1.57612,1.57628,1.00,1.00
2015.08.27 13:45:15.813,1.57614,1.57628,1.00,1.00
2015.08.27 13:45:16.117,1.57612,1.57624,1.00,1.00
2015.08.27 13:45:16.487,1.57608,1.57621,1.00,1.00
2015.08.27 13:45:16.690,1.57608,1.57624,1.00,1.00
2015.08.27 13:45:16.792,1.57606,1.57624,1.00,1.00
2015.08.27 13:45:17.307,1.57607,1.57624,1.00,1.00
2015.08.27 13:45:17.561,1.57607,1.57615,1.00,1.00
2015.08.27 13:45:17.709,1.57607,1.57618,1.00,1.00
2015.08.27 13:45:19.002,1.57611,1.57618,1.00,1.00
2015.08.27 13:45:19.104,1.57611,1.57622,1.00,1.00
2015.08.27 13:45:19.207,1.57609,1.57624,1.00,1.00
2015.08.27 13:45:19.310,1.57612,1.57624,1.00,1.00
2015.08.27 13:45:19.411,1.57609,1.57624,1.00,1.00
2015.08.27 13:45:19.899,1.57609,1.57631,1.00,1.50
2015.08.27 13:45:20.003,1.57619,1.57634,1.00,1.50
2015.08.27 13:45:20.309,1.57615,1.57628,1.00,1.00
2015.08.27 13:45:20.565,1.57613,1.57628,1.00,1.00
2015.08.27 13:45:20.823,1.57614,1.57631,1.00,1.00
2015.08.27 13:45:20.976,1.57617,1.57631,1.00,1.00
2015.08.27 13:45:21.585,1.57617,1.57634,1.00,1.00
2015.08.27 13:45:21.836,1.5762,1.57634,1.00,1.00
2015.08.27 13:45:22.193,1.5762,1.57636,1.00,1.00
2015.08.27 13:45:22.498,1.57622,1.57636,1.00,1.00
2015.08.27 13:45:22.905,1.57622,1.57634,1.00,1.00
2015.08.27 13:45:23.071,1.57617,1.57634,1.50,1.00
2015.08.27 13:45:23.122,1.57617,1.5763,1.50,1.00
2015.08.27 13:45:23.225,1.57614,1.5763,1.15,1.00
2015.08.27 13:45:23.377,1.57611,1.57635,1.45,1.12
2015.08.27 13:45:23.530,1.57611,1.57635,1.20,1.50
2015.08.27 13:45:23.632,1.57614,1.57635,1.00,1.87
2015.08.27 13:45:23.943,1.57611,1.57632,1.50,1.00
2015.08.27 13:45:24.046,1.57608,1.57632,1.00,1.00
2015.08.27 13:45:24.148,1.57606,1.57632,1.50,1.00
2015.08.27 13:45:24.300,1.57606,1.5763,1.50,1.00
2015.08.27 13:45:24.606,1.57608,1.5763,1.00,1.00
2015.08.27 13:45:25.828,1.57607,1.57631,1.00,1.27
2015.08.27 13:45:25.929,1.57606,1.57632,1.50,1.65
2015.08.27 13:45:26.601,1.57607,1.57632,1.00,2.02
2015.08.27 13:45:26.805,1.57607,1.57635,1.87,2.77
2015.08.27 13:45:26.907,1.57613,1.57635,1.10,1.00
2015.08.27 13:45:26.959,1.57613,1.57633,1.10,1.00
2015.08.27 13:45:27.111,1.57611,1.57633,1.10,1.00
2015.08.27 13:45:27.402,1.57611,1.57629,1.00,1.00
2015.08.27 13:45:27.453,1.57608,1.57629,1.00,1.37
2015.08.27 13:45:27.960,1.57609,1.57629,1.00,1.37
2015.08.27 13:45:28.112,1.57611,1.57629,1.00,1.37
2015.08.27 13:45:28.366,1.57611,1.57629,1.00,1.00
2015.08.27 13:45:28.886,1.57613,1.57629,1.00,1.00
2015.08.27 13:45:29.040,1.57613,1.57632,1.35,1.00
2015.08.27 13:45:29.093,1.57615,1.57635,1.00,1.65
2015.08.27 13:45:29.401,1.5762,1.57636,1.00,1.00
2015.08.27 13:45:29.653,1.57616,1.57633,1.00,1.00
2015.08.27 13:45:29.756,1.57612,1.57631,1.00,1.00
2015.08.27 13:45:30.011,1.57609,1.57631,1.00,1.00
2015.08.27 13:45:30.214,1.57609,1.57629,1.00,1.00
2015.08.27 13:45:30.319,1.5761,1.57631,1.00,1.00
2015.08.27 13:45:30.522,1.57614,1.57631,1.00,1.00
2015.08.27 13:45:31.044,1.57615,1.57631,1.00,1.00
2015.08.27 13:45:32.043,1.57616,1.57631,1.00,1.00
2015.08.27 13:45:32.564,1.57615,1.57631,1.00,1.00
2015.08.27 13:45:33.080,1.57614,1.57631,1.00,1.00
2015.08.27 13:45:33.182,1.57614,1.57633,1.00,1.00
2015.08.27 13:45:33.398,1.57621,1.57639,1.00,1.00
2015.08.27 13:45:33.910,1.57621,1.5764,1.00,1.00
2015.08.27 13:45:34.114,1.57623,1.57643,1.00,1.20
2015.08.27 13:45:34.635,1.57624,1.57643,1.00,1.00
2015.08.27 13:45:35.142,1.57625,1.57643,1.00,1.00
2015.08.27 13:45:36.360,1.57624,1.57643,1.00,1.00
2015.08.27 13:45:36.614,1.57623,1.57642,1.00,1.27
2015.08.27 13:45:37.155,1.57624,1.57642,1.00,1.27
2015.08.27 13:45:38.011,1.57622,1.57642,1.00,1.15
2015.08.27 13:45:38.530,1.57623,1.57642,1.00,1.27
2015.08.27 13:45:38.735,1.57623,1.57642,1.00,1.00
2015.08.27 13:45:39.241,1.57623,1.57643,1.00,1.12
2015.08.27 13:45:39.616,1.57623,1.57644,2.85,1.20
2015.08.27 13:45:39.819,1.57626,1.57649,1.35,1.20
2015.08.27 13:45:39.870,1.57628,1.57649,1.00,1.20
2015.08.27 13:45:40.174,1.57627,1.57647,1.00,1.37
2015.08.27 13:45:40.475,1.57625,1.57642,1.00,1.12
2015.08.27 13:45:40.526,1.57623,1.57642,1.00,1.00
2015.08.27 13:45:41.085,1.57624,1.57642,1.00,1.00
2015.08.27 13:45:41.186,1.57624,1.57646,1.00,1.57
2015.08.27 13:45:41.339,1.57636,1.57647,1.00,2.40
2015.08.27 13:45:43.239,1.57637,1.57647,1.00,1.00
2015.08.27 13:45:43.291,1.5764,1.57648,1.00,1.12
2015.08.27 13:45:43.950,1.5764,1.57651,1.00,1.50
2015.08.27 13:45:44.002,1.57642,1.57651,1.00,1.50
2015.08.27 13:45:44.463,1.57639,1.57652,1.00,1.75
2015.08.27 13:45:44.769,1.57642,1.57651,1.00,1.50
2015.08.27 13:45:47.127,1.57642,1.57651,1.00,1.50
2015.08.27 13:45:47.178,1.57638,1.57651,1.00,2.05
2015.08.27 13:45:47.432,1.57633,1.57646,1.00,1.00
2015.08.27 13:45:47.483,1.57633,1.57646,1.00,1.72
2015.08.27 13:45:47.788,1.5763,1.5764,1.00,1.30
2015.08.27 13:45:47.839,1.57627,1.5764,1.00,1.35
2015.08.27 13:45:47.993,1.5763,1.5764,1.00,1.35
2015.08.27 13:45:48.339,1.5763,1.57638,1.00,1.00
2015.08.27 13:45:48.645,1.57634,1.57643,1.00,1.95
2015.08.27 13:45:49.152,1.57636,1.57645,1.00,1.37
2015.08.27 13:45:49.203,1.57637,1.57645,1.00,1.12
2015.08.27 13:45:49.306,1.57637,1.57648,1.00,1.52
2015.08.27 13:45:49.434,1.57639,1.5765,1.00,1.82
2015.08.27 13:45:49.485,1.57639,1.5765,1.00,1.00
2015.08.27 13:45:49.638,1.57642,1.57651,1.00,1.37
2015.08.27 13:45:50.361,1.57643,1.5765,1.00,1.00
2015.08.27 13:45:50.740,1.57646,1.57651,1.00,1.00
2015.08.27 13:45:50.994,1.57649,1.57656,1.00,1.12
2015.08.27 13:45:52.067,1.57648,1.57656,1.00,1.37
2015.08.27 13:45:52.119,1.57644,1.57656,1.00,1.87
2015.08.27 13:45:52.374,1.57647,1.57656,1.00,1.12
2015.08.27 13:45:52.879,1.57649,1.57656,1.00,1.12
2015.08.27 13:45:53.184,1.5766,1.57668,1.00,1.95
2015.08.27 13:45:53.286,1.57663,1.57671,1.00,1.20
2015.08.27 13:45:53.337,1.57663,1.57672,1.00,1.12
2015.08.27 13:45:53.389,1.57665,1.57674,1.00,1.00
2015.08.27 13:45:53.440,1.57667,1.57677,1.00,1.12
2015.08.27 13:45:53.886,1.57667,1.57681,1.00,1.12
2015.08.27 13:45:54.496,1.57667,1.57681,1.00,1.50
2015.08.27 13:45:54.801,1.57665,1.57678,1.00,1.87
2015.08.27 13:45:55.109,1.57667,1.57675,1.00,1.50
2015.08.27 13:45:55.466,1.57668,1.57679,1.00,1.20
2015.08.27 13:45:55.670,1.5767,1.57679,1.00,1.20
2015.08.27 13:45:55.722,1.5767,1.5768,1.00,1.75
2015.08.27 13:45:56.228,1.5767,1.57681,1.00,1.75
2015.08.27 13:45:56.888,1.57667,1.57681,1.00,1.12
2015.08.27 13:45:57.049,1.57667,1.57678,1.00,1.12
2015.08.27 13:45:57.736,1.57669,1.57675,1.00,1.00
2015.08.27 13:45:57.889,1.57666,1.57675,1.00,1.00
2015.08.27 13:45:58.042,1.57668,1.57677,1.00,1.00
2015.08.27 13:45:58.354,1.57679,1.5769,1.00,1.75
2015.08.27 13:45:58.406,1.57683,1.5769,1.00,1.37
2015.08.27 13:45:58.915,1.57687,1.57693,1.00,1.12
2015.08.27 13:45:59.221,1.57692,1.57696,1.00,1.00
2015.08.27 13:45:59.323,1.57684,1.5769,1.00,1.00
2015.08.27 13:45:59.374,1.5768,1.5769,1.87,1.00
2015.08.27 13:45:59.628,1.57684,1.57699,1.00,1.87
2015.08.27 13:45:59.896,1.57686,1.57699,1.00,1.12
2015.08.27 13:46:00.049,1.57683,1.57699,1.00,1.12
2015.08.27 13:46:00.405,1.57685,1.57699,1.00,1.12
2015.08.27 13:46:00.519,1.57675,1.57694,1.10,1.00
2015.08.27 13:46:00.864,1.57676,1.5769,1.00,1.00
2015.08.27 13:46:01.016,1.57673,1.5769,1.10,1.00
2015.08.27 13:46:01.323,1.5767,1.5769,1.17,1.00
2015.08.27 13:46:01.375,1.5767,1.5769,1.50,1.00
2015.08.27 13:46:01.634,1.57669,1.57688,1.00,1.00
2015.08.27 13:46:01.686,1.57672,1.5769,1.20,1.00
2015.08.27 13:46:02.194,1.57672,1.57691,1.00,1.00
2015.08.27 13:46:02.607,1.57678,1.57696,1.00,1.00
2015.08.27 13:46:02.916,1.57682,1.57699,1.00,1.00
2015.08.27 13:46:03.120,1.57677,1.57696,1.00,1.00
2015.08.27 13:46:03.222,1.57673,1.57696,1.07,1.50
2015.08.27 13:46:03.273,1.57674,1.57693,1.10,1.00
2015.08.27 13:46:03.614,1.57683,1.57698,1.00,1.00
2015.08.27 13:46:03.919,1.57685,1.57699,1.00,1.00
2015.08.27 13:46:04.225,1.57694,1.57708,1.00,1.12
2015.08.27 13:46:04.395,1.57694,1.5771,1.00,1.00
2015.08.27 13:46:04.446,1.57698,1.57713,1.00,1.50
2015.08.27 13:46:04.599,1.57698,1.57717,1.00,1.87
2015.08.27 13:46:04.650,1.577,1.57717,1.00,1.50
2015.08.27 13:46:04.903,1.57704,1.57723,1.00,1.00
2015.08.27 13:46:05.106,1.57703,1.57724,1.00,1.12
2015.08.27 13:46:05.158,1.57698,1.5772,1.00,1.37
2015.08.27 13:46:05.298,1.57698,1.57719,1.00,1.12
2015.08.27 13:46:05.606,1.57704,1.57717,1.00,1.00
2015.08.27 13:46:05.657,1.57704,1.5772,1.00,1.00
2015.08.27 13:46:05.709,1.57704,1.57722,1.00,1.00
2015.08.27 13:46:05.811,1.57704,1.5772,1.00,1.00
2015.08.27 13:46:06.204,1.57704,1.57719,1.00,1.37
2015.08.27 13:46:06.510,1.57707,1.57719,1.00,1.37
2015.08.27 13:46:06.816,1.57704,1.57719,1.00,1.00
2015.08.27 13:46:06.968,1.57704,1.57719,1.00,1.60
2015.08.27 13:46:07.190,1.57702,1.57719,1.00,1.60
2015.08.27 13:46:07.242,1.57702,1.57719,1.00,1.00
2015.08.27 13:46:07.395,1.57704,1.57719,1.00,1.37
2015.08.27 13:46:07.548,1.57704,1.57723,1.00,1.50
2015.08.27 13:46:08.418,1.57704,1.57725,1.00,1.50
2015.08.27 13:46:08.977,1.57704,1.57725,1.00,1.50
2015.08.27 13:46:09.587,1.57699,1.57725,1.75,1.12
2015.08.27 13:46:09.892,1.57699,1.57725,1.12,1.00
2015.08.27 13:46:10.146,1.57702,1.57727,1.00,1.12
2015.08.27 13:46:10.487,1.57707,1.57732,1.37,2.10
2015.08.27 13:46:10.794,1.57703,1.57726,1.50,1.00
2015.08.27 13:46:11.101,1.57703,1.57724,1.00,1.00
2015.08.27 13:46:11.152,1.57703,1.57728,1.00,1.00
2015.08.27 13:46:11.448,1.57703,1.57725,1.00,1.00
2015.08.27 13:46:11.754,1.57699,1.57725,1.00,2.25
2015.08.27 13:46:11.857,1.57696,1.57723,2.25,1.00
2015.08.27 13:46:11.959,1.57696,1.57723,1.50,2.10
2015.08.27 13:46:12.264,1.57696,1.5772,1.00,1.72
2015.08.27 13:46:12.367,1.57696,1.57722,1.00,2.10
2015.08.27 13:46:12.469,1.57694,1.5772,1.75,1.00
2015.08.27 13:46:12.521,1.57694,1.5772,1.00,1.87
2015.08.27 13:46:13.079,1.57694,1.57716,1.00,1.37
2015.08.27 13:46:13.324,1.57696,1.57716,1.00,1.37
2015.08.27 13:46:13.427,1.57696,1.57719,1.00,1.37
2015.08.27 13:46:13.735,1.577,1.57721,1.00,1.87
2015.08.27 13:46:13.787,1.57701,1.57724,1.00,2.62
2015.08.27 13:46:13.839,1.57701,1.57726,1.00,2.47
2015.08.27 13:46:14.249,1.57701,1.57726,1.00,1.37
2015.08.27 13:46:14.404,1.57704,1.57729,1.00,1.75
2015.08.27 13:46:14.506,1.57704,1.57729,1.00,1.00
2015.08.27 13:46:14.558,1.57707,1.57731,1.00,1.12
2015.08.27 13:46:14.863,1.57709,1.57735,1.00,1.35
2015.08.27 13:46:14.965,1.57709,1.57734,1.00,1.30
2015.08.27 13:46:15.169,1.57712,1.57736,1.00,1.50
2015.08.27 13:46:15.321,1.5771,1.57737,1.12,1.12
2015.08.27 13:46:15.524,1.57707,1.57733,1.50,1.87
2015.08.27 13:46:16.031,1.57706,1.57733,1.12,1.87
2015.08.27 13:46:16.587,1.57708,1.57731,1.00,1.37
2015.08.27 13:46:16.739,1.57708,1.57735,1.12,1.87
2015.08.27 13:46:17.145,1.57705,1.57733,2.25,2.25
2015.08.27 13:46:17.355,1.57701,1.57723,1.00,1.00
2015.08.27 13:46:17.710,1.57705,1.57724,1.00,1.00
2015.08.27 13:46:17.913,1.57707,1.57729,1.00,1.37
2015.08.27 13:46:18.116,1.5771,1.5773,1.00,1.00
2015.08.27 13:46:18.218,1.5771,1.57733,1.00,1.00
2015.08.27 13:46:18.483,1.57713,1.57734,1.00,1.37
2015.08.27 13:46:18.534,1.57707,1.5773,1.65,1.35
2015.08.27 13:46:18.636,1.57709,1.5773,1.10,1.72
2015.08.27 13:46:18.739,1.57705,1.5773,1.20,2.10
2015.08.27 13:46:18.791,1.57705,1.5773,1.20,1.87
2015.08.27 13:46:18.943,1.57709,1.57727,1.00,1.00
2015.08.27 13:46:19.300,1.5771,1.57734,1.00,1.10
2015.08.27 13:46:19.503,1.57714,1.57734,1.00,1.00
2015.08.27 13:46:20.012,1.57714,1.57734,1.50,1.00
2015.08.27 13:46:20.681,1.57714,1.57739,1.50,1.57
2015.08.27 13:46:21.189,1.57714,1.57739,1.00,2.17
2015.08.27 13:46:21.290,1.5771,1.57732,1.57,1.60
2015.08.27 13:46:21.599,1.57705,1.57723,1.00,1.00
2015.08.27 13:46:21.650,1.57701,1.57723,1.50,1.00
2015.08.27 13:46:21.752,1.57704,1.57723,1.00,1.00
2015.08.27 13:46:21.956,1.57707,1.57727,1.00,1.00
2015.08.27 13:46:22.059,1.5771,1.57726,1.00,1.00
2015.08.27 13:46:22.111,1.57707,1.57728,1.00,1.00
2015.08.27 13:46:22.315,1.57707,1.57725,1.00,1.00
2015.08.27 13:46:22.678,1.57705,1.57723,1.00,1.00
2015.08.27 13:46:22.985,1.57706,1.57725,1.00,1.00
2015.08.27 13:46:23.036,1.57708,1.57725,1.00,1.00
2015.08.27 13:46:23.087,1.57708,1.57729,1.00,1.50
2015.08.27 13:46:23.189,1.57706,1.57729,1.00,1.50
2015.08.27 13:46:23.444,1.57706,1.57731,1.00,1.12
2015.08.27 13:46:23.547,1.57705,1.57727,1.00,1.00
2015.08.27 13:46:23.852,1.57702,1.57723,1.00,1.00
2015.08.27 13:46:24.158,1.57702,1.57726,1.20,1.12
2015.08.27 13:46:24.315,1.57702,1.57726,1.00,1.12
2015.08.27 13:46:24.978,1.577,1.57723,1.15,1.00
2015.08.27 13:46:25.133,1.57697,1.57722,2.62,1.12
2015.08.27 13:46:25.184,1.57697,1.57722,1.20,1.12
2015.08.27 13:46:25.399,1.57697,1.57722,1.20,1.12
2015.08.27 13:46:25.553,1.57703,1.57722,1.00,1.00
2015.08.27 13:46:25.657,1.57703,1.57727,1.37,1.00
2015.08.27 13:46:25.759,1.57703,1.57731,1.45,1.12
2015.08.27 13:46:25.861,1.57703,1.57731,1.52,2.62
2015.08.27 13:46:26.167,1.57707,1.57729,1.00,1.00
2015.08.27 13:46:26.494,1.57712,1.57737,1.00,1.47
2015.08.27 13:46:26.648,1.57712,1.57741,1.12,2.62
2015.08.27 13:46:26.852,1.5771,1.57737,1.17,1.87
2015.08.27 13:46:26.954,1.57709,1.57731,1.20,1.12
2015.08.27 13:46:27.056,1.57709,1.57731,1.00,1.12
2015.08.27 13:46:27.253,1.57709,1.57725,1.00,1.00
2015.08.27 13:46:27.305,1.57706,1.57725,1.00,1.00
2015.08.27 13:46:27.408,1.57703,1.57725,1.50,1.00
2015.08.27 13:46:27.512,1.577,1.57725,1.00,1.00
2015.08.27 13:46:27.563,1.57699,1.57719,1.00,1.00
2015.08.27 13:46:28.073,1.577,1.57724,1.00,1.20
2015.08.27 13:46:28.278,1.57698,1.57719,1.00,1.37
2015.08.27 13:46:28.329,1.57699,1.57719,1.00,1.12
2015.08.27 13:46:28.584,1.57696,1.57719,1.00,1.75
2015.08.27 13:46:28.838,1.57694,1.5772,1.00,1.12
2015.08.27 13:46:28.940,1.577,1.57721,1.00,1.12
2015.08.27 13:46:29.174,1.57696,1.57724,1.50,1.37
2015.08.27 13:46:29.225,1.577,1.57724,1.00,1.12
2015.08.27 13:46:29.733,1.577,1.57723,1.00,1.00
2015.08.27 13:46:30.039,1.57699,1.5772,1.00,1.60
2015.08.27 13:46:30.143,1.57696,1.5772,1.52,2.10
2015.08.27 13:46:30.297,1.57693,1.57715,1.00,1.00
2015.08.27 13:46:30.348,1.57693,1.57715,1.00,1.50
2015.08.27 13:46:30.554,1.57696,1.57718,1.00,1.00
2015.08.27 13:46:30.605,1.57696,1.5772,1.00,1.00
2015.08.27 13:46:30.656,1.57696,1.5772,1.00,1.37
2015.08.27 13:46:30.859,1.57697,1.5772,1.00,1.00
2015.08.27 13:46:31.115,1.57695,1.57722,1.00,1.37
2015.08.27 13:46:31.370,1.57698,1.57721,1.00,1.00
2015.08.27 13:46:31.624,1.57701,1.57722,1.00,1.00
2015.08.27 13:46:31.929,1.57698,1.57722,1.10,1.12
2015.08.27 13:46:33.172,1.57698,1.57723,1.00,1.75
2015.08.27 13:46:34.194,1.57698,1.57724,1.00,1.87
2015.08.27 13:46:34.544,1.577,1.57723,1.00,1.37
2015.08.27 13:46:34.595,1.577,1.57725,1.00,1.37
2015.08.27 13:46:35.523,1.577,1.57726,1.07,1.12
2015.08.27 13:46:35.777,1.577,1.57726,1.10,1.12
2015.08.27 13:46:35.980,1.57703,1.57728,1.00,1.50
2015.08.27 13:46:36.386,1.57707,1.57729,1.00,1.50
2015.08.27 13:46:36.698,1.57709,1.57729,1.00,1.00
2015.08.27 13:46:37.206,1.57709,1.57731,1.00,1.00
2015.08.27 13:46:37.257,1.57707,1.57731,1.00,1.37
2015.08.27 13:46:37.308,1.57704,1.57729,2.32,1.87
2015.08.27 13:46:37.730,1.57711,1.5773,1.00,1.37
2015.08.27 13:46:37.886,1.57711,1.57731,1.00,1.00
2015.08.27 13:46:38.500,1.57711,1.57733,1.00,1.50
2015.08.27 13:46:38.551,1.57714,1.57733,1.00,1.50
2015.08.27 13:46:38.738,1.5771,1.57733,1.00,1.00
2015.08.27 13:46:38.789,1.57707,1.57723,1.50,2.10
2015.08.27 13:46:38.841,1.57705,1.57721,1.37,1.60
2015.08.27 13:46:38.892,1.57708,1.57721,1.07,1.97
2015.08.27 13:46:38.996,1.57703,1.57717,1.50,1.00
2015.08.27 13:46:39.047,1.57707,1.57714,1.00,1.00
2015.08.27 13:46:39.150,1.57714,1.57722,1.00,1.00
2015.08.27 13:46:39.201,1.57714,1.57731,1.00,2.02
2015.08.27 13:46:39.303,1.57716,1.57735,1.00,1.12
2015.08.27 13:46:39.354,1.57716,1.57736,1.00,1.95
2015.08.27 13:46:39.405,1.57716,1.5774,1.00,1.82
2015.08.27 13:46:39.557,1.57716,1.57733,1.00,1.00
2015.08.27 13:46:39.608,1.57716,1.57738,1.00,1.75
2015.08.27 13:46:39.710,1.57714,1.57738,1.00,2.25
2015.08.27 13:46:39.812,1.57714,1.57733,1.00,1.00
2015.08.27 13:46:40.016,1.57714,1.57735,1.00,1.00
2015.08.27 13:46:40.372,1.57714,1.57737,1.00,1.12
2015.08.27 13:46:40.576,1.57709,1.57719,1.75,1.00
2015.08.27 13:46:40.935,1.57711,1.57718,1.37,1.00
2015.08.27 13:46:41.039,1.57712,1.57719,1.37,1.00
2015.08.27 13:46:41.091,1.57715,1.57731,1.37,1.00
2015.08.27 13:46:41.295,1.57718,1.57735,1.75,1.00
2015.08.27 13:46:41.509,1.57718,1.57735,1.12,1.00
2015.08.27 13:46:42.533,1.57715,1.57731,1.75,1.00
2015.08.27 13:46:42.584,1.57715,1.57731,1.00,1.00
2015.08.27 13:46:42.737,1.57712,1.57729,2.25,1.00
2015.08.27 13:46:42.839,1.57714,1.57733,1.00,1.00
2015.08.27 13:46:43.043,1.57713,1.57733,1.50,1.60
2015.08.27 13:46:43.349,1.5771,1.57731,1.00,1.00
2015.08.27 13:46:43.514,1.57714,1.57733,1.00,1.30
2015.08.27 13:46:43.820,1.5772,1.57737,1.00,1.72
2015.08.27 13:46:44.128,1.57722,1.5774,1.00,2.10
2015.08.27 13:46:44.389,1.57725,1.5774,1.00,1.60
2015.08.27 13:46:44.543,1.57722,1.5774,1.00,1.00
2015.08.27 13:46:45.715,1.57722,1.57745,1.00,1.00
2015.08.27 13:46:47.147,1.57722,1.57745,1.00,1.80
2015.08.27 13:46:47.198,1.57722,1.57745,1.00,1.90
2015.08.27 13:46:48.068,1.57722,1.57743,1.00,1.05
2015.08.27 13:46:48.577,1.57722,1.57744,1.00,1.42
2015.08.27 13:46:48.628,1.5772,1.57744,1.00,1.42
2015.08.27 13:46:49.174,1.57717,1.57744,1.00,1.87
2015.08.27 13:46:49.225,1.57716,1.57744,1.10,2.25
2015.08.27 13:46:49.530,1.57717,1.57741,1.50,1.00
2015.08.27 13:46:49.633,1.57717,1.57743,1.50,1.12
2015.08.27 13:46:50.758,1.57717,1.57743,1.87,1.87
2015.08.27 13:46:51.015,1.5772,1.57743,1.37,1.37
2015.08.27 13:46:51.182,1.5772,1.57744,1.37,1.00
2015.08.27 13:46:51.690,1.5772,1.57745,1.50,1.00
2015.08.27 13:46:51.995,1.57723,1.57745,1.00,1.00
2015.08.27 13:46:52.524,1.57723,1.57745,1.50,1.00
2015.08.27 13:46:52.830,1.57726,1.57745,1.87,1.00
2015.08.27 13:46:52.982,1.57726,1.57747,1.00,1.00
2015.08.27 13:46:53.486,1.57726,1.57746,1.00,1.00
2015.08.27 13:46:53.690,1.57728,1.57745,1.00,1.00
2015.08.27 13:46:53.741,1.57728,1.57747,1.00,1.00
2015.08.27 13:46:53.843,1.57728,1.57749,1.00,1.00
2015.08.27 13:46:54.046,1.57728,1.57752,1.50,2.02
2015.08.27 13:46:54.097,1.57728,1.57747,1.00,1.00
2015.08.27 13:46:54.300,1.57728,1.57749,1.00,1.00
2015.08.27 13:46:54.622,1.57728,1.57746,1.00,1.00
2015.08.27 13:46:54.927,1.57731,1.57746,1.00,1.00
2015.08.27 13:46:55.385,1.57731,1.57743,1.00,1.00
2015.08.27 13:46:55.582,1.57731,1.57746,1.00,1.00
2015.08.27 13:46:55.634,1.57731,1.57748,1.00,1.00
2015.08.27 13:46:56.140,1.57742,1.57752,1.00,1.20
2015.08.27 13:46:56.242,1.57744,1.57748,1.00,1.00
2015.08.27 13:46:56.293,1.57739,1.57748,1.71,1.00
2015.08.27 13:46:56.842,1.5774,1.57748,1.71,1.00
2015.08.27 13:46:56.945,1.57735,1.57753,1.00,2.55
2015.08.27 13:46:56.997,1.57733,1.57752,1.00,1.70
2015.08.27 13:46:57.048,1.57731,1.57752,1.00,1.70
2015.08.27 13:46:57.203,1.57734,1.5775,1.00,1.00
2015.08.27 13:46:57.305,1.57734,1.57753,1.00,1.00
2015.08.27 13:46:57.766,1.57734,1.57752,1.00,2.10
2015.08.27 13:46:57.817,1.57731,1.57752,1.00,2.10
2015.08.27 13:46:58.021,1.5774,1.57752,1.00,2.10
2015.08.27 13:46:58.072,1.57738,1.57752,1.00,2.10
2015.08.27 13:46:58.123,1.57733,1.57752,1.10,2.10
2015.08.27 13:46:58.174,1.57732,1.57753,1.00,1.87
2015.08.27 13:46:58.479,1.57737,1.57754,1.00,1.87
2015.08.27 13:46:58.531,1.57733,1.57751,1.00,1.00
2015.08.27 13:46:58.582,1.57731,1.57751,1.00,1.00
2015.08.27 13:46:58.634,1.57737,1.57751,1.00,1.00
2015.08.27 13:46:58.783,1.57737,1.57758,1.00,1.75
2015.08.27 13:46:58.835,1.57737,1.57758,1.00,1.75
2015.08.27 13:46:58.886,1.57737,1.57753,1.10,2.10
2015.08.27 13:46:59.040,1.57734,1.57753,1.37,1.35
2015.08.27 13:46:59.091,1.5773,1.57753,2.25,1.42
2015.08.27 13:46:59.144,1.57731,1.57751,1.00,1.50
2015.08.27 13:46:59.450,1.57728,1.57749,1.00,2.10
2015.08.27 13:46:59.501,1.57726,1.57749,1.00,2.10
2015.08.27 13:46:59.704,1.57724,1.57743,1.00,1.60
2015.08.27 13:46:59.806,1.57722,1.57742,1.00,1.60
2015.08.27 13:46:59.908,1.57722,1.57739,1.00,1.00
2015.08.27 13:47:00.215,1.57721,1.57736,1.00,1.20
2015.08.27 13:47:00.317,1.57718,1.57736,1.00,1.12
2015.08.27 13:47:00.368,1.57718,1.57741,1.00,1.80
2015.08.27 13:47:00.573,1.57715,1.57736,1.12,1.60
2015.08.27 13:47:01.085,1.57714,1.57738,1.00,1.87
2015.08.27 13:47:01.188,1.57717,1.57738,1.00,1.12
2015.08.27 13:47:01.240,1.57715,1.57738,1.00,1.00
2015.08.27 13:47:01.342,1.57715,1.5774,1.50,1.10
2015.08.27 13:47:01.546,1.57715,1.57738,1.50,1.00
2015.08.27 13:47:01.648,1.57713,1.57738,1.00,1.00
2015.08.27 13:47:01.851,1.57717,1.57738,1.00,1.12
2015.08.27 13:47:01.902,1.57714,1.57738,1.00,1.57
2015.08.27 13:47:02.647,1.57714,1.57735,1.00,1.87
2015.08.27 13:47:02.699,1.57712,1.57735,1.00,1.87
2015.08.27 13:47:02.751,1.57711,1.57735,1.50,1.87
2015.08.27 13:47:02.802,1.57711,1.57735,1.50,1.87
2015.08.27 13:47:02.854,1.57711,1.57732,1.00,1.00
2015.08.27 13:47:03.159,1.57711,1.57732,1.00,1.75
2015.08.27 13:47:03.468,1.57714,1.57734,1.00,1.65
2015.08.27 13:47:03.621,1.57708,1.57734,1.87,1.65
2015.08.27 13:47:04.027,1.57722,1.57732,2.10,1.27
2015.08.27 13:47:04.129,1.57718,1.57729,1.60,1.00
2015.08.27 13:47:04.180,1.57718,1.57736,1.60,1.50
2015.08.27 13:47:04.232,1.57717,1.57736,3.22,1.00
2015.08.27 13:47:04.283,1.5772,1.5774,1.30,1.00
2015.08.27 13:47:04.429,1.57718,1.5774,1.75,2.10
2015.08.27 13:47:04.531,1.57719,1.57739,1.00,1.00
2015.08.27 13:47:04.634,1.57713,1.57742,2.62,1.12
2015.08.27 13:47:04.737,1.57717,1.57743,1.00,2.32
2015.08.27 13:47:05.045,1.57721,1.57746,1.50,1.27
2015.08.27 13:47:05.250,1.57727,1.57751,1.37,1.57
2015.08.27 13:47:05.619,1.57727,1.57747,1.37,1.00
2015.08.27 13:47:05.772,1.57722,1.57744,1.00,1.00
2015.08.27 13:47:05.823,1.57718,1.57741,1.82,1.00
2015.08.27 13:47:05.874,1.57718,1.57741,1.00,1.00
2015.08.27 13:47:05.925,1.57719,1.57745,1.00,1.27
2015.08.27 13:47:05.976,1.57722,1.57745,1.00,1.27
2015.08.27 13:47:06.339,1.5772,1.57742,1.50,2.10
2015.08.27 13:47:06.492,1.57717,1.57741,2.32,1.60
2015.08.27 13:47:06.543,1.57717,1.57741,1.95,1.00
2015.08.27 13:47:06.698,1.57723,1.57746,1.00,1.75
2015.08.27 13:47:06.749,1.57724,1.57747,1.00,1.37
2015.08.27 13:47:06.851,1.57724,1.57749,1.50,1.15
2015.08.27 13:47:06.903,1.57727,1.57751,1.00,1.87
2015.08.27 13:47:07.432,1.57726,1.57751,1.00,1.17
2015.08.27 13:47:07.739,1.57726,1.57751,1.00,2.47
2015.08.27 13:47:08.300,1.57731,1.57753,1.00,1.50
2015.08.27 13:47:08.506,1.57733,1.57756,1.50,1.10
2015.08.27 13:47:08.608,1.57737,1.57756,1.00,1.00
2015.08.27 13:47:08.659,1.57735,1.57759,1.00,1.48
2015.08.27 13:47:08.711,1.57738,1.57759,1.00,1.50
2015.08.27 13:47:09.227,1.57737,1.57762,1.00,1.12
2015.08.27 13:47:09.836,1.57734,1.5776,1.00,1.75
2015.08.27 13:47:10.040,1.57738,1.57761,1.00,2.40
2015.08.27 13:47:10.492,1.5774,1.57763,1.00,2.70
2015.08.27 13:47:10.798,1.57741,1.57763,1.00,1.10
2015.08.27 13:47:11.305,1.57741,1.57763,1.00,1.45
2015.08.27 13:47:11.812,1.57742,1.57761,1.00,1.00
2015.08.27 13:47:12.016,1.5774,1.57756,1.00,1.00
2015.08.27 13:47:12.479,1.57739,1.57758,1.00,1.00
2015.08.27 13:47:13.109,1.57741,1.57758,1.00,1.00
2015.08.27 13:47:13.218,1.57738,1.57761,1.00,1.75
2015.08.27 13:47:13.269,1.5774,1.57761,1.00,1.75
2015.08.27 13:47:13.517,1.57747,1.57771,1.50,1.87
2015.08.27 13:47:13.568,1.57749,1.57771,1.12,1.00
2015.08.27 13:47:13.873,1.57751,1.57771,1.00,1.00
2015.08.27 13:47:14.177,1.57748,1.57768,1.50,1.00
2015.08.27 13:47:14.530,1.5775,1.57768,1.00,1.00
2015.08.27 13:47:14.633,1.57748,1.57768,1.00,1.00
2015.08.27 13:47:15.273,1.57747,1.57768,1.50,1.00
2015.08.27 13:47:17.032,1.57747,1.57764,1.50,1.00
2015.08.27 13:47:17.083,1.57747,1.57772,1.00,1.00
2015.08.27 13:47:17.186,1.57751,1.57773,1.00,1.37
2015.08.27 13:47:17.338,1.57752,1.57774,1.00,1.00
2015.08.27 13:47:18.021,1.57752,1.57772,1.00,1.00
2015.08.27 13:47:18.894,1.57752,1.57772,1.07,1.00
2015.08.27 13:47:19.506,1.57754,1.57775,1.00,1.00
2015.08.27 13:47:19.709,1.57769,1.57781,1.00,2.25
2015.08.27 13:47:21.001,1.57774,1.57783,1.00,1.12
2015.08.27 13:47:21.619,1.57773,1.57782,1.00,1.00
2015.08.27 13:47:21.670,1.57769,1.57782,1.00,1.00
2015.08.27 13:47:21.721,1.57769,1.5778,1.00,1.12
2015.08.27 13:47:22.025,1.57767,1.57773,1.00,1.35
2015.08.27 13:47:22.127,1.57763,1.57773,1.00,1.35
2015.08.27 13:47:22.228,1.57763,1.57768,1.00,1.00
2015.08.27 13:47:22.581,1.57761,1.57765,1.00,1.00
2015.08.27 13:47:22.785,1.57763,1.57768,1.00,1.00
2015.08.27 13:47:23.242,1.57763,1.5777,1.00,1.00
2015.08.27 13:47:23.671,1.57763,1.57773,1.00,1.00
2015.08.27 13:47:23.877,1.57766,1.57772,1.00,1.00
2015.08.27 13:47:24.599,1.57763,1.5777,1.00,1.00
2015.08.27 13:47:24.751,1.57763,1.57768,1.00,1.00
2015.08.27 13:47:24.853,1.5776,1.57767,1.00,1.00
2015.08.27 13:47:24.904,1.57758,1.57767,1.00,1.00
2015.08.27 13:47:24.955,1.5776,1.57767,1.00,1.60
2015.08.27 13:47:25.260,1.57764,1.57769,1.00,1.00
2015.08.27 13:47:25.311,1.57765,1.57771,1.00,1.00
2015.08.27 13:47:25.619,1.57759,1.57772,1.00,1.00
2015.08.27 13:47:25.872,1.57759,1.57777,1.00,1.15
2015.08.27 13:47:25.974,1.57759,1.57778,1.00,1.20
2015.08.27 13:47:26.279,1.57759,1.57777,1.00,1.12
2015.08.27 13:47:26.741,1.57756,1.57777,1.00,1.75
2015.08.27 13:47:27.046,1.57756,1.57777,1.00,1.00
2015.08.27 13:47:27.403,1.57759,1.57777,1.00,1.00
2015.08.27 13:47:27.505,1.57759,1.5778,1.00,1.95
2015.08.27 13:47:27.753,1.57759,1.57781,1.00,1.12
2015.08.27 13:47:28.412,1.57764,1.57783,1.00,1.57
2015.08.27 13:47:28.615,1.57761,1.57783,1.00,1.37
2015.08.27 13:47:28.869,1.57761,1.57783,1.00,1.97
2015.08.27 13:47:29.174,1.57761,1.57783,1.00,1.12
2015.08.27 13:47:29.327,1.57759,1.57783,1.00,1.20
2015.08.27 13:47:29.379,1.57755,1.57776,1.12,1.37
2015.08.27 13:47:29.481,1.57752,1.57772,1.00,1.12
2015.08.27 13:47:29.533,1.57752,1.57772,1.00,1.50
2015.08.27 13:47:29.844,1.57749,1.57768,1.00,1.37
2015.08.27 13:47:30.507,1.57746,1.57768,1.00,1.20
2015.08.27 13:47:30.921,1.57746,1.57765,1.00,1.12
2015.08.27 13:47:31.024,1.57743,1.57764,1.00,1.75
2015.08.27 13:47:31.287,1.57747,1.57762,1.00,1.12
2015.08.27 13:47:31.389,1.57747,1.57765,1.00,1.12
2015.08.27 13:47:31.442,1.57747,1.57766,1.00,1.75
2015.08.27 13:47:31.544,1.57745,1.57768,1.50,1.75
2015.08.27 13:47:32.110,1.57749,1.57764,1.00,1.12
2015.08.27 13:47:32.824,1.57752,1.57764,1.00,1.00
2015.08.27 13:47:33.636,1.57751,1.57766,1.00,1.12
2015.08.27 13:47:36.201,1.57749,1.57765,1.00,1.47
2015.08.27 13:47:36.557,1.57746,1.57766,1.00,1.75
2015.08.27 13:47:36.827,1.57743,1.57763,1.00,1.75
2015.08.27 13:47:36.931,1.5774,1.57762,1.50,1.12
2015.08.27 13:47:37.287,1.57743,1.5776,1.00,1.52
2015.08.27 13:47:37.543,1.57745,1.57764,1.00,1.92
2015.08.27 13:47:37.904,1.57743,1.57763,1.00,2.25
2015.08.27 13:47:38.363,1.57743,1.57762,1.00,1.57
2015.08.27 13:47:39.293,1.57742,1.57762,1.00,1.75
2015.08.27 13:47:40.067,1.5775,1.57762,1.00,1.75
2015.08.27 13:47:40.118,1.57745,1.57763,1.00,1.20
2015.08.27 13:47:40.169,1.57748,1.57764,1.00,2.32
2015.08.27 13:47:40.220,1.57748,1.57763,1.00,1.15
2015.08.27 13:47:40.323,1.57748,1.57764,1.00,1.00
2015.08.27 13:47:40.425,1.57748,1.57771,1.00,1.35
2015.08.27 13:47:40.528,1.5775,1.57774,1.00,1.12
2015.08.27 13:47:41.083,1.57753,1.57774,1.00,1.12
2015.08.27 13:47:41.236,1.57753,1.57775,1.00,1.00
2015.08.27 13:47:41.338,1.57753,1.5778,1.50,1.87
2015.08.27 13:47:41.663,1.57757,1.5778,1.00,1.87
2015.08.27 13:47:41.968,1.57759,1.57781,1.00,1.37
2015.08.27 13:47:42.476,1.57759,1.57781,1.00,1.12
2015.08.27 13:47:42.578,1.57757,1.57781,1.00,1.12
2015.08.27 13:47:42.786,1.57756,1.5778,1.00,1.50
2015.08.27 13:47:43.294,1.57755,1.57779,1.00,1.75
2015.08.27 13:47:43.447,1.57753,1.57776,1.00,1.50
2015.08.27 13:47:43.549,1.57749,1.57773,1.50,1.50
2015.08.27 13:47:43.801,1.57747,1.57771,1.00,1.87
2015.08.27 13:47:44.308,1.57747,1.5777,1.00,1.00
2015.08.27 13:47:44.858,1.57743,1.5777,1.87,3.07
2015.08.27 13:47:44.911,1.57746,1.57768,1.00,1.12
2015.08.27 13:47:45.217,1.57753,1.57774,1.00,1.75
2015.08.27 13:47:46.767,1.57756,1.57776,1.00,1.20
2015.08.27 13:47:47.012,1.57753,1.57775,1.00,1.50
2015.08.27 13:47:47.266,1.5775,1.57775,2.25,1.92
2015.08.27 13:47:47.368,1.5775,1.57773,1.50,2.25
2015.08.27 13:47:47.725,1.57752,1.57773,1.00,1.75
2015.08.27 13:47:47.983,1.57749,1.57772,1.00,1.50
2015.08.27 13:47:48.034,1.57749,1.57772,1.00,1.12
2015.08.27 13:47:48.200,1.57746,1.5777,1.20,1.50
2015.08.27 13:47:48.251,1.57744,1.57762,1.20,1.12
2015.08.27 13:47:48.458,1.5774,1.57762,1.00,2.02
2015.08.27 13:47:48.662,1.57742,1.57759,1.00,1.50
2015.08.27 13:47:49.003,1.57742,1.5776,1.00,1.87
2015.08.27 13:47:49.310,1.57742,1.57758,1.00,1.12
2015.08.27 13:47:49.767,1.57739,1.57758,1.00,1.12
2015.08.27 13:47:49.971,1.57739,1.57756,1.00,1.00
2015.08.27 13:47:50.229,1.57736,1.57756,1.00,1.00
2015.08.27 13:47:50.281,1.57736,1.57756,1.00,1.50
2015.08.27 13:47:50.791,1.57739,1.57757,1.00,1.57
2015.08.27 13:47:50.893,1.57735,1.57754,2.25,1.10
2015.08.27 13:47:51.206,1.5774,1.57754,1.00,1.10
2015.08.27 13:47:51.411,1.57737,1.57754,1.00,1.00
2015.08.27 13:47:51.514,1.57736,1.57751,1.00,1.37
2015.08.27 13:47:51.871,1.57735,1.5775,1.00,1.37
2015.08.27 13:47:52.072,1.57733,1.5775,1.00,1.20
2015.08.27 13:47:52.174,1.57736,1.5775,1.00,1.20
2015.08.27 13:47:52.276,1.57733,1.5775,1.00,1.20
2015.08.27 13:47:52.327,1.57738,1.5775,1.00,1.20
2015.08.27 13:47:52.481,1.57738,1.57752,1.00,1.15
2015.08.27 13:47:52.583,1.5774,1.57754,1.00,1.45
2015.08.27 13:47:52.635,1.5774,1.57756,1.00,1.52
2015.08.27 13:47:53.973,1.57738,1.57756,1.00,1.90
2015.08.27 13:47:54.283,1.57726,1.57742,1.50,1.00
2015.08.27 13:47:54.486,1.57726,1.57747,1.00,1.75
2015.08.27 13:47:54.588,1.5773,1.57747,1.00,1.37
2015.08.27 13:47:55.419,1.57728,1.5775,1.00,1.75
2015.08.27 13:47:55.927,1.57727,1.57748,1.00,1.20
2015.08.27 13:47:56.079,1.57727,1.57746,1.00,1.37
2015.08.27 13:47:56.554,1.57727,1.57748,1.00,2.02
2015.08.27 13:47:56.809,1.57727,1.57748,1.00,1.57
2015.08.27 13:47:56.911,1.57729,1.57748,1.00,1.57
2015.08.27 13:47:57.407,1.57731,1.57748,1.00,1.12
2015.08.27 13:47:57.665,1.57731,1.57752,1.00,1.00
2015.08.27 13:47:57.970,1.57733,1.57752,1.00,1.00
2015.08.27 13:47:58.352,1.57739,1.57755,1.00,1.45
2015.08.27 13:47:58.404,1.57739,1.5776,1.00,1.17
2015.08.27 13:47:58.455,1.57739,1.5776,1.00,1.20
2015.08.27 13:47:58.659,1.57736,1.57758,1.12,1.00
2015.08.27 13:47:58.712,1.57736,1.57752,1.00,1.00
2015.08.27 13:47:58.764,1.5773,1.57752,1.45,1.37
2015.08.27 13:47:58.815,1.57727,1.57752,1.75,1.75
2015.08.27 13:47:59.071,1.5773,1.57751,1.00,1.00
2015.08.27 13:47:59.260,1.57733,1.57753,1.00,1.50
2015.08.27 13:47:59.464,1.57737,1.57759,1.00,1.17
2015.08.27 13:47:59.921,1.57734,1.57757,1.00,1.00
2015.08.27 13:48:00.024,1.57737,1.57755,1.00,1.12
2015.08.27 13:48:00.329,1.57737,1.57759,1.00,3.45
2015.08.27 13:48:00.481,1.57733,1.57756,1.00,1.00
2015.08.27 13:48:00.634,1.57733,1.57752,1.00,1.12
2015.08.27 13:48:01.448,1.57733,1.57754,1.00,1.37
2015.08.27 13:48:01.908,1.5774,1.57754,1.00,1.00
2015.08.27 13:48:02.061,1.57742,1.57761,1.00,1.07
2015.08.27 13:48:02.112,1.57741,1.57763,1.00,1.00
2015.08.27 13:48:02.163,1.57744,1.57763,1.00,1.00
2015.08.27 13:48:02.214,1.57744,1.57765,1.00,1.30
2015.08.27 13:48:02.416,1.57747,1.57768,1.00,2.17
2015.08.27 13:48:03.024,1.57747,1.57769,1.00,1.00
2015.08.27 13:48:03.177,1.57743,1.5776,1.20,1.00
2015.08.27 13:48:03.462,1.57728,1.57751,1.48,2.70
2015.08.27 13:48:03.515,1.57728,1.57748,1.48,1.37
2015.08.27 13:48:03.617,1.57728,1.57749,1.23,1.12
2015.08.27 13:48:03.720,1.57723,1.57745,1.48,1.50
2015.08.27 13:48:03.822,1.57723,1.57744,1.00,1.75
2015.08.27 13:48:04.127,1.5772,1.57744,2.25,1.95
2015.08.27 13:48:04.386,1.57723,1.57744,1.00,1.95
2015.08.27 13:48:04.694,1.57728,1.57744,2.10,1.10
2015.08.27 13:48:05.204,1.57726,1.57744,1.50,1.00
2015.08.27 13:48:05.620,1.57724,1.57745,1.00,1.37
2015.08.27 13:48:05.823,1.57722,1.57745,1.50,1.50
2015.08.27 13:48:06.027,1.57725,1.57745,1.00,1.50
2015.08.27 13:48:06.538,1.57726,1.57745,1.00,1.50
2015.08.27 13:48:06.793,1.57724,1.57745,1.00,1.50
2015.08.27 13:48:07.258,1.57726,1.57747,1.00,1.75
2015.08.27 13:48:07.411,1.57728,1.5775,1.12,1.10
2015.08.27 13:48:07.571,1.5773,1.5775,1.00,1.00
2015.08.27 13:48:07.877,1.57733,1.57753,1.00,1.00
2015.08.27 13:48:08.182,1.57728,1.57747,1.00,1.00
2015.08.27 13:48:08.708,1.57727,1.57747,1.00,1.00
2015.08.27 13:48:09.419,1.57727,1.57749,1.00,1.00
2015.08.27 13:48:09.852,1.57731,1.5775,1.00,1.00
2015.08.27 13:48:10.309,1.57731,1.57753,1.00,1.00
2015.08.27 13:48:10.664,1.57732,1.57755,1.00,1.00
2015.08.27 13:48:11.022,1.57734,1.57755,1.00,1.00
2015.08.27 13:48:11.900,1.57734,1.57755,1.12,1.00
2015.08.27 13:48:12.205,1.57732,1.57747,1.20,1.00
2015.08.27 13:48:12.459,1.57729,1.57743,1.00,1.00
2015.08.27 13:48:12.511,1.57722,1.57743,1.12,1.00
2015.08.27 13:48:12.635,1.57722,1.57743,1.87,1.00
2015.08.27 13:48:12.687,1.57726,1.57743,1.00,1.00
2015.08.27 13:48:12.739,1.57726,1.57747,1.00,1.12
2015.08.27 13:48:13.451,1.57726,1.57737,1.00,1.00
2015.08.27 13:48:13.553,1.57724,1.57737,1.00,1.00
2015.08.27 13:48:13.712,1.5772,1.57737,1.00,1.00
2015.08.27 13:48:13.814,1.57718,1.57734,1.00,1.00
2015.08.27 13:48:14.477,1.57716,1.57734,1.00,1.00
2015.08.27 13:48:14.579,1.57713,1.57734,1.00,1.00
2015.08.27 13:48:15.104,1.57715,1.57738,1.00,2.02
2015.08.27 13:48:15.611,1.57715,1.57738,1.00,1.00
2015.08.27 13:48:15.967,1.57718,1.57739,1.00,1.00
2015.08.27 13:48:16.273,1.5772,1.57742,1.75,1.00
2015.08.27 13:48:16.324,1.5772,1.57747,1.75,1.95
2015.08.27 13:48:16.375,1.57723,1.57749,1.37,1.57
2015.08.27 13:48:16.682,1.5773,1.57751,1.75,1.00
2015.08.27 13:48:16.840,1.57731,1.57751,1.10,1.00
2015.08.27 13:48:16.942,1.57731,1.57751,1.10,1.37
2015.08.27 13:48:17.247,1.57734,1.57752,1.00,1.00
2015.08.27 13:48:17.563,1.57732,1.57752,1.00,1.00
2015.08.27 13:48:17.868,1.57732,1.57749,1.00,1.00
2015.08.27 13:48:18.021,1.5773,1.57749,1.10,1.00
2015.08.27 13:48:18.175,1.57727,1.57749,1.57,1.00
2015.08.27 13:48:18.530,1.57728,1.57749,1.07,1.00
2015.08.27 13:48:18.632,1.57728,1.57753,1.20,1.00
2015.08.27 13:48:18.683,1.5773,1.57754,1.12,1.12
2015.08.27 13:48:18.991,1.57738,1.57758,1.37,1.00
2015.08.27 13:48:19.670,1.57738,1.57758,1.12,1.00
2015.08.27 13:48:19.722,1.57738,1.57756,1.00,1.00
2015.08.27 13:48:19.979,1.57731,1.57754,2.92,1.12
2015.08.27 13:48:20.183,1.57731,1.57751,1.80,1.00
2015.08.27 13:48:20.285,1.57731,1.57751,1.10,1.12
2015.08.27 13:48:20.387,1.57728,1.57751,1.95,1.12
2015.08.27 13:48:20.438,1.57728,1.57747,1.95,1.00
2015.08.27 13:48:20.636,1.57726,1.57747,1.10,1.00
2015.08.27 13:48:21.145,1.57726,1.5775,1.00,1.75
2015.08.27 13:48:21.451,1.57726,1.5775,1.00,1.00
2015.08.27 13:48:22.047,1.57726,1.57747,1.00,1.00
2015.08.27 13:48:22.352,1.5772,1.57741,1.00,1.00
2015.08.27 13:48:23.171,1.57718,1.57741,1.50,1.00
2015.08.27 13:48:23.577,1.5772,1.57745,1.00,1.75
2015.08.27 13:48:23.679,1.5772,1.57745,1.00,1.00
2015.08.27 13:48:23.731,1.57724,1.57745,1.00,1.00
2015.08.27 13:48:24.038,1.57721,1.57743,1.57,1.12
2015.08.27 13:48:24.343,1.57724,1.57746,1.00,1.12
2015.08.27 13:48:24.649,1.57724,1.57746,1.50,1.00
2015.08.27 13:48:24.700,1.57724,1.57744,1.50,1.00
2015.08.27 13:48:24.906,1.57727,1.57748,1.00,1.20
2015.08.27 13:48:25.009,1.57726,1.57748,1.00,1.95
2015.08.27 13:48:25.315,1.57723,1.57743,1.50,1.12
2015.08.27 13:48:25.621,1.57731,1.57747,1.00,1.20
2015.08.27 13:48:25.673,1.57731,1.57747,1.00,1.10
2015.08.27 13:48:26.033,1.57736,1.57751,1.00,1.82
2015.08.27 13:48:26.491,1.5773,1.57748,1.00,1.00
2015.08.27 13:48:26.543,1.5773,1.57748,1.00,1.60
2015.08.27 13:48:26.976,1.57726,1.57744,1.00,1.00
2015.08.27 13:48:27.182,1.5773,1.57747,1.00,1.12
2015.08.27 13:48:27.234,1.57726,1.57741,1.00,1.00
2015.08.27 13:48:27.336,1.57726,1.57745,1.00,1.12
2015.08.27 13:48:27.844,1.57726,1.57746,1.00,1.12
2015.08.27 13:48:28.014,1.57726,1.57746,1.00,1.75
2015.08.27 13:48:28.066,1.57724,1.57746,1.00,1.75
2015.08.27 13:48:28.473,1.57726,1.57746,1.00,1.37
2015.08.27 13:48:28.831,1.57727,1.57747,1.00,1.35
2015.08.27 13:48:28.882,1.57727,1.57747,1.00,1.72
2015.08.27 13:48:29.225,1.57728,1.57747,1.50,1.35
2015.08.27 13:48:29.276,1.57731,1.57751,1.00,1.87
2015.08.27 13:48:29.327,1.57731,1.57751,1.00,1.12
2015.08.27 13:48:29.378,1.57731,1.57751,1.00,1.37
2015.08.27 13:48:29.684,1.57734,1.57754,1.00,2.62
2015.08.27 13:48:29.888,1.5773,1.57752,1.00,1.37
2015.08.27 13:48:30.121,1.57732,1.57752,1.00,1.37
2015.08.27 13:48:30.376,1.57728,1.5775,1.50,1.00
2015.08.27 13:48:31.044,1.57728,1.57748,1.00,1.00
2015.08.27 13:48:31.429,1.5773,1.57752,1.00,1.75
2015.08.27 13:48:31.737,1.57728,1.57748,1.00,1.50
2015.08.27 13:48:31.788,1.57726,1.57748,1.00,1.50
2015.08.27 13:48:33.422,1.57727,1.57748,1.00,1.12
2015.08.27 13:48:33.524,1.57733,1.5775,1.00,1.00
2015.08.27 13:48:33.575,1.57727,1.57749,1.50,1.00
2015.08.27 13:48:34.083,1.57726,1.57748,1.50,1.87
2015.08.27 13:48:34.696,1.57726,1.57748,1.00,1.87
2015.08.27 13:48:35.203,1.57726,1.57748,1.00,2.25
2015.08.27 13:48:35.255,1.57724,1.57746,1.00,1.37
2015.08.27 13:48:35.834,1.57729,1.57749,1.00,1.85
2015.08.27 13:48:36.040,1.5773,1.57752,1.00,1.75
2015.08.27 13:48:36.091,1.57733,1.57753,1.00,1.75
2015.08.27 13:48:36.142,1.57729,1.57749,1.00,1.12
2015.08.27 13:48:36.306,1.57728,1.57747,1.00,1.37
2015.08.27 13:48:36.612,1.57731,1.57747,1.00,1.50
2015.08.27 13:48:36.867,1.57731,1.57749,1.00,1.00
2015.08.27 13:48:37.121,1.57729,1.57749,1.00,1.00
2015.08.27 13:48:37.222,1.57731,1.57751,1.00,1.12
2015.08.27 13:48:37.584,1.57732,1.57754,1.00,1.50
2015.08.27 13:48:37.738,1.57731,1.57751,2.25,1.00
2015.08.27 13:48:38.719,1.57731,1.57748,1.00,1.00
2015.08.27 13:48:39.086,1.57732,1.57751,1.00,1.00
2015.08.27 13:48:39.188,1.57734,1.57751,1.00,1.00
2015.08.27 13:48:39.358,1.57734,1.57753,1.00,1.00
2015.08.27 13:48:39.553,1.57732,1.57753,1.00,1.87
2015.08.27 13:48:39.860,1.5773,1.57749,1.00,1.12
2015.08.27 13:48:40.668,1.57731,1.57751,1.50,1.50
2015.08.27 13:48:40.719,1.57731,1.57751,1.50,1.12
2015.08.27 13:48:40.923,1.57733,1.57751,1.00,1.00
2015.08.27 13:48:40.974,1.57734,1.57754,1.00,1.00
2015.08.27 13:48:41.076,1.57733,1.57752,1.00,1.00
2015.08.27 13:48:41.489,1.5774,1.57752,1.00,1.12
2015.08.27 13:48:41.540,1.5774,1.57754,1.00,1.00
2015.08.27 13:48:41.693,1.57741,1.57761,1.00,1.12
2015.08.27 13:48:42.102,1.57742,1.57763,1.00,1.12
2015.08.27 13:48:42.711,1.57738,1.57756,1.00,1.00
2015.08.27 13:48:43.067,1.57736,1.57756,1.50,1.00
2015.08.27 13:48:43.169,1.57739,1.57759,1.00,1.12
2015.08.27 13:48:43.572,1.57739,1.57759,1.00,1.37
2015.08.27 13:48:43.623,1.57739,1.57759,1.00,1.12
2015.08.27 13:48:43.726,1.5774,1.57757,1.00,1.10
2015.08.27 13:48:43.829,1.57744,1.57766,1.00,1.37
2015.08.27 13:48:43.881,1.57747,1.57767,1.00,1.00
2015.08.27 13:48:43.932,1.57748,1.5777,1.00,1.37
2015.08.27 13:48:44.137,1.57751,1.57773,1.50,1.20
2015.08.27 13:48:44.240,1.57751,1.57773,1.87,1.00
2015.08.27 13:48:45.000,1.57755,1.57775,1.00,1.00
2015.08.27 13:48:45.052,1.57756,1.57777,1.00,1.00
2015.08.27 13:48:45.103,1.57755,1.57775,1.50,1.00
2015.08.27 13:48:45.417,1.57758,1.57778,1.00,1.00
2015.08.27 13:48:45.671,1.57762,1.57783,1.00,1.10
2015.08.27 13:48:46.078,1.57758,1.57779,1.00,1.00
2015.08.27 13:48:46.543,1.57758,1.57776,1.00,1.00
2015.08.27 13:48:46.645,1.57759,1.57779,1.00,1.07
2015.08.27 13:48:46.696,1.57761,1.57779,1.00,1.07
2015.08.27 13:48:47.002,1.57769,1.57779,1.00,1.00
2015.08.27 13:48:47.219,1.57767,1.57779,1.00,1.00
2015.08.27 13:48:47.424,1.57771,1.57779,1.00,1.00
2015.08.27 13:48:47.729,1.57773,1.57779,1.00,1.00
2015.08.27 13:48:47.933,1.57773,1.57788,1.00,1.00
2015.08.27 13:48:47.984,1.57768,1.5779,2.02,1.50
2015.08.27 13:48:48.501,1.57768,1.5779,1.12,1.50
2015.08.27 13:48:48.857,1.57771,1.57791,1.00,1.50
2015.08.27 13:48:49.853,1.57771,1.57791,1.50,1.87
2015.08.27 13:48:50.158,1.5777,1.57787,1.00,1.00
2015.08.27 13:48:50.483,1.57777,1.57794,1.00,1.00
2015.08.27 13:48:50.585,1.57783,1.57803,1.00,1.87
2015.08.27 13:48:50.993,1.57782,1.57805,1.00,1.97
2015.08.27 13:48:51.044,1.57782,1.57805,1.00,1.97
2015.08.27 13:48:51.349,1.57788,1.57802,1.00,2.25
2015.08.27 13:48:51.561,1.57789,1.57806,1.00,1.82
2015.08.27 13:48:51.613,1.57789,1.57809,1.00,1.87
2015.08.27 13:48:51.665,1.57789,1.57809,1.00,1.50
2015.08.27 13:48:51.768,1.57792,1.57808,1.00,1.37
2015.08.27 13:48:52.074,1.57779,1.57794,1.00,1.37
2015.08.27 13:48:52.126,1.57772,1.57796,1.00,2.02
2015.08.27 13:48:52.428,1.5777,1.57793,1.50,1.37
2015.08.27 13:48:52.479,1.57768,1.57786,1.00,1.00
2015.08.27 13:48:52.785,1.57777,1.57792,1.50,1.12
2015.08.27 13:48:53.091,1.57782,1.57794,1.00,1.87
2015.08.27 13:48:53.340,1.57773,1.57793,1.00,1.20
2015.08.27 13:48:53.593,1.57773,1.57793,1.00,1.10
2015.08.27 13:48:53.695,1.57771,1.57793,1.00,1.10
2015.08.27 13:48:53.848,1.57771,1.57791,1.00,1.00
2015.08.27 13:48:54.154,1.57774,1.57789,1.00,1.00
2015.08.27 13:48:54.313,1.57772,1.57789,1.00,1.00
2015.08.27 13:48:54.568,1.57771,1.57791,1.00,1.00
2015.08.27 13:48:54.874,1.57773,1.57791,1.00,1.00
2015.08.27 13:48:55.536,1.57773,1.5779,1.00,1.00
2015.08.27 13:48:56.446,1.57783,1.578,1.00,1.57
2015.08.27 13:48:56.599,1.57786,1.57804,1.00,1.00
2015.08.27 13:48:56.702,1.57787,1.57808,1.00,1.37
2015.08.27 13:48:56.804,1.57788,1.57811,1.00,1.87
2015.08.27 13:48:56.906,1.5779,1.57811,1.00,1.87
2015.08.27 13:48:57.263,1.5779,1.57812,1.00,1.00
2015.08.27 13:48:57.469,1.5779,1.57812,1.00,1.37
2015.08.27 13:48:57.879,1.57788,1.57812,1.00,3.00
2015.08.27 13:48:58.133,1.57781,1.57802,1.00,1.20
2015.08.27 13:48:58.236,1.57784,1.57801,1.00,1.37
2015.08.27 13:48:58.646,1.57784,1.57804,1.00,1.57
2015.08.27 13:48:58.951,1.57781,1.57804,1.00,1.50
2015.08.27 13:48:59.308,1.57781,1.57803,1.00,1.75
2015.08.27 13:48:59.624,1.57774,1.57791,1.00,1.12
2015.08.27 13:48:59.828,1.57767,1.57786,1.00,1.12
2015.08.27 13:49:00.082,1.5777,1.57786,1.00,1.00
2015.08.27 13:49:00.394,1.57773,1.57786,1.00,1.10
2015.08.27 13:49:00.548,1.57773,1.57789,1.00,1.00
2015.08.27 13:49:00.599,1.57776,1.57791,1.00,1.00
2015.08.27 13:49:00.651,1.57776,1.57794,1.00,1.00
2015.08.27 13:49:00.754,1.57776,1.57794,1.00,1.87
2015.08.27 13:49:00.855,1.57776,1.57794,1.00,1.10
2015.08.27 13:49:00.906,1.57779,1.57791,1.00,1.00
2015.08.27 13:49:00.958,1.57779,1.57794,1.00,1.10
2015.08.27 13:49:01.060,1.57779,1.57798,1.00,1.45
2015.08.27 13:49:01.693,1.57782,1.57798,1.00,1.45
2015.08.27 13:49:01.846,1.57782,1.57802,1.00,1.82
2015.08.27 13:49:01.898,1.57782,1.57803,1.00,1.12
2015.08.27 13:49:02.311,1.57786,1.57803,1.00,1.45
2015.08.27 13:49:02.416,1.57786,1.57806,1.00,1.50
2015.08.27 13:49:02.519,1.57786,1.57807,1.00,1.57
2015.08.27 13:49:02.773,1.57784,1.57807,1.00,1.95
2015.08.27 13:49:02.825,1.57784,1.57796,1.00,1.00
2015.08.27 13:49:02.876,1.57784,1.57799,1.00,1.00
2015.08.27 13:49:02.928,1.57784,1.57803,1.00,1.00
2015.08.27 13:49:03.286,1.57785,1.57808,1.35,1.90
2015.08.27 13:49:03.337,1.57787,1.57809,1.00,1.82
2015.08.27 13:49:03.389,1.57787,1.57811,1.50,1.45
2015.08.27 13:49:03.441,1.57789,1.57811,1.37,1.45
2015.08.27 13:49:03.493,1.57793,1.57815,1.50,1.00
2015.08.27 13:49:03.647,1.57791,1.57812,1.37,1.00
2015.08.27 13:49:03.801,1.57789,1.57812,1.75,1.00
2015.08.27 13:49:03.953,1.5779,1.57812,1.00,1.00
2015.08.27 13:49:04.056,1.57791,1.57815,1.00,2.70
2015.08.27 13:49:04.565,1.57792,1.57815,1.00,1.20
2015.08.27 13:49:04.667,1.57797,1.57817,1.00,1.07
2015.08.27 13:49:04.718,1.57797,1.5782,1.00,1.65
2015.08.27 13:49:04.769,1.57798,1.5782,1.00,1.65
2015.08.27 13:49:04.987,1.57798,1.57813,1.00,1.00
2015.08.27 13:49:05.039,1.57792,1.57813,1.00,1.00
2015.08.27 13:49:05.192,1.57788,1.57813,1.00,1.50
2015.08.27 13:49:05.243,1.57791,1.57813,1.00,1.00
2015.08.27 13:49:05.548,1.57791,1.57803,1.00,1.00
2015.08.27 13:49:05.599,1.57788,1.57806,1.00,1.00
2015.08.27 13:49:05.652,1.57788,1.57806,1.50,1.37
2015.08.27 13:49:05.956,1.57783,1.57805,1.00,1.37
2015.08.27 13:49:06.160,1.57784,1.57805,1.12,1.00
2015.08.27 13:49:06.211,1.57784,1.57808,1.12,1.10
2015.08.27 13:49:06.263,1.57784,1.5781,1.50,1.20
2015.08.27 13:49:06.568,1.57788,1.57802,1.00,1.00
2015.08.27 13:49:06.725,1.57782,1.57802,1.00,1.00
2015.08.27 13:49:06.827,1.57796,1.57808,1.00,2.62
2015.08.27 13:49:07.132,1.57798,1.57808,1.00,1.87
2015.08.27 13:49:07.234,1.578,1.57808,1.00,1.87
2015.08.27 13:49:07.387,1.57797,1.57808,1.00,1.00
2015.08.27 13:49:07.438,1.57797,1.57808,1.00,1.12
2015.08.27 13:49:07.489,1.57794,1.57808,1.00,1.50
2015.08.27 13:49:07.613,1.578,1.57808,1.00,1.12
2015.08.27 13:49:07.767,1.57806,1.57817,1.00,1.00
2015.08.27 13:49:08.075,1.57807,1.5782,1.00,2.32
2015.08.27 13:49:08.435,1.57801,1.57816,1.00,1.52
2015.08.27 13:49:08.489,1.57798,1.57813,1.00,1.10
2015.08.27 13:49:08.541,1.57801,1.57813,1.00,1.20
2015.08.27 13:49:08.846,1.57803,1.57813,1.00,1.20
2015.08.27 13:49:09.101,1.57806,1.57818,1.00,1.20
2015.08.27 13:49:09.203,1.57806,1.57818,1.00,1.50
2015.08.27 13:49:09.510,1.57808,1.57818,1.00,1.75
2015.08.27 13:49:09.815,1.5782,1.57832,1.00,1.50
2015.08.27 13:49:09.867,1.57822,1.57834,1.00,1.75
2015.08.27 13:49:09.919,1.57822,1.57837,1.00,1.50
2015.08.27 13:49:10.329,1.57823,1.57839,1.00,1.20
2015.08.27 13:49:10.380,1.57823,1.57839,1.00,1.45
2015.08.27 13:49:10.685,1.57826,1.57834,1.00,1.00
2015.08.27 13:49:10.788,1.57828,1.57841,1.00,1.05
2015.08.27 13:49:10.891,1.57828,1.57842,1.00,1.47
2015.08.27 13:49:10.942,1.57828,1.57842,1.00,2.07
2015.08.27 13:49:11.274,1.57832,1.57844,1.00,2.02
2015.08.27 13:49:11.478,1.57835,1.57844,1.00,1.12
2015.08.27 13:49:11.580,1.57838,1.57848,1.00,1.50
2015.08.27 13:49:11.732,1.57841,1.57851,1.00,1.57
2015.08.27 13:49:11.886,1.57839,1.57851,1.00,2.32
2015.08.27 13:49:11.937,1.57842,1.57851,1.00,1.57
2015.08.27 13:49:11.988,1.57838,1.57851,1.00,1.57
2015.08.27 13:49:12.398,1.57842,1.57852,1.00,1.12
2015.08.27 13:49:12.652,1.57845,1.57863,1.00,1.17
2015.08.27 13:49:13.219,1.57845,1.57865,1.00,1.65
2015.08.27 13:49:13.732,1.57845,1.57863,1.00,1.50
2015.08.27 13:49:13.834,1.57842,1.57863,1.00,1.50
2015.08.27 13:49:13.886,1.57845,1.57862,1.00,1.75
2015.08.27 13:49:14.235,1.57852,1.57862,1.00,1.12
2015.08.27 13:49:14.286,1.57858,1.57865,1.00,1.00
2015.08.27 13:49:14.388,1.57858,1.57868,1.00,1.47
2015.08.27 13:49:14.591,1.57852,1.57866,1.00,1.00
2015.08.27 13:49:15.100,1.57852,1.57867,1.00,1.87
2015.08.27 13:49:15.151,1.57849,1.57866,1.00,1.37
2015.08.27 13:49:15.673,1.57849,1.57866,1.00,1.75
2015.08.27 13:49:15.977,1.57852,1.57866,1.00,1.37
2015.08.27 13:49:16.366,1.57862,1.57871,1.00,1.00
2015.08.27 13:49:16.671,1.57858,1.57872,1.00,1.50
2015.08.27 13:49:17.180,1.57858,1.57873,1.00,1.10
2015.08.27 13:49:17.504,1.57855,1.57873,1.00,1.10
2015.08.27 13:49:17.556,1.57855,1.57872,1.00,1.37
2015.08.27 13:49:17.810,1.57851,1.57866,1.00,1.12
2015.08.27 13:49:18.514,1.57851,1.57867,1.00,1.20
2015.08.27 13:49:18.565,1.57854,1.57868,1.00,1.17
2015.08.27 13:49:19.072,1.57854,1.5787,1.00,1.57
2015.08.27 13:49:19.327,1.57855,1.57872,1.35,1.50
2015.08.27 13:49:19.378,1.57858,1.57875,1.00,1.00
2015.08.27 13:49:19.555,1.57861,1.57891,1.60,3.07
2015.08.27 13:49:19.607,1.57861,1.57891,1.60,2.70
2015.08.27 13:49:19.811,1.57861,1.5789,1.50,1.17
2015.08.27 13:49:20.066,1.57859,1.57883,1.00,1.00
2015.08.27 13:49:20.417,1.57859,1.57885,1.00,1.20
2015.08.27 13:49:20.825,1.57859,1.57885,1.00,1.57
2015.08.27 13:49:21.131,1.57852,1.57873,1.00,1.00
2015.08.27 13:49:21.183,1.57852,1.5788,1.00,1.72
2015.08.27 13:49:21.348,1.57852,1.57876,1.00,2.10
2015.08.27 13:49:22.953,1.57848,1.57876,1.10,2.85
2015.08.27 13:49:23.004,1.57854,1.57873,1.00,1.30
2015.08.27 13:49:23.363,1.57854,1.57867,1.00,2.10
2015.08.27 13:49:23.415,1.57847,1.57867,1.65,2.10
2015.08.27 13:49:23.824,1.57843,1.57867,1.17,2.10
2015.08.27 13:49:24.028,1.57841,1.57863,1.00,2.10
2015.08.27 13:49:24.333,1.57838,1.57863,1.00,2.47
2015.08.27 13:49:25.357,1.57835,1.57859,1.10,2.47
2015.08.27 13:49:26.357,1.57832,1.57859,1.00,2.47
2015.08.27 13:49:26.408,1.5783,1.57852,3.15,2.10
2015.08.27 13:49:26.708,1.57827,1.57849,1.00,1.35
2015.08.27 13:49:26.812,1.57825,1.57849,1.50,1.30
2015.08.27 13:49:26.965,1.57825,1.57847,1.50,2.10
2015.08.27 13:49:27.322,1.57822,1.57847,1.00,2.55
2015.08.27 13:49:27.828,1.57821,1.57844,1.00,1.05
2015.08.27 13:49:28.513,1.57823,1.57845,1.00,1.67
2015.08.27 13:49:28.615,1.57824,1.57848,1.00,1.55
2015.08.27 13:49:28.765,1.57827,1.57848,1.00,2.55
2015.08.27 13:49:28.817,1.57828,1.57851,1.00,1.05
2015.08.27 13:49:29.020,1.57828,1.57847,1.00,2.10
2015.08.27 13:49:30.188,1.57828,1.57849,1.00,1.50
2015.08.27 13:49:30.341,1.57837,1.57849,1.00,1.35
2015.08.27 13:49:30.646,1.5784,1.57849,1.00,1.30
2015.08.27 13:49:31.334,1.5784,1.57854,1.00,1.12
2015.08.27 13:49:31.692,1.57844,1.57857,1.00,1.97
2015.08.27 13:49:32.254,1.57844,1.57857,1.00,1.10
2015.08.27 13:49:32.459,1.57844,1.57859,1.00,1.30
2015.08.27 13:49:32.924,1.57844,1.5786,1.00,2.07
2015.08.27 13:49:33.231,1.57849,1.57859,1.00,1.30
2015.08.27 13:49:33.537,1.57853,1.57865,1.00,1.10
2015.08.27 13:49:33.874,1.57847,1.57866,1.00,2.17
2015.08.27 13:49:34.027,1.57845,1.57865,1.00,1.50
2015.08.27 13:49:34.079,1.57845,1.57861,1.00,1.12
2015.08.27 13:49:34.334,1.5784,1.57856,1.00,1.20
2015.08.27 13:49:34.539,1.57842,1.57857,1.00,1.55
2015.08.27 13:49:34.860,1.57839,1.5785,1.00,1.12
2015.08.27 13:49:34.911,1.57836,1.5785,1.00,1.12
2015.08.27 13:49:35.063,1.57839,1.5785,1.00,1.12
2015.08.27 13:49:35.216,1.5784,1.57856,1.00,1.75
2015.08.27 13:49:35.952,1.57842,1.57856,1.00,1.87
2015.08.27 13:49:36.310,1.57834,1.57856,1.50,1.12
2015.08.27 13:49:36.412,1.57834,1.57858,1.50,1.95
2015.08.27 13:49:36.463,1.57837,1.57858,1.00,1.95
2015.08.27 13:49:36.778,1.57837,1.5786,1.00,1.55
2015.08.27 13:49:36.931,1.57842,1.5786,1.00,1.17
2015.08.27 13:49:37.086,1.57843,1.57866,1.00,1.20
2015.08.27 13:49:37.138,1.57847,1.57867,1.00,1.07
2015.08.27 13:49:37.189,1.57847,1.57868,1.00,1.00
2015.08.27 13:49:37.292,1.57847,1.57871,1.87,1.57
2015.08.27 13:49:37.722,1.57855,1.57875,1.00,2.25
2015.08.27 13:49:37.773,1.57852,1.57875,1.87,2.25
2015.08.27 13:49:37.826,1.57852,1.57873,1.50,1.00
2015.08.27 13:49:37.930,1.57852,1.57873,1.12,1.00
2015.08.27 13:49:38.439,1.57852,1.57873,1.12,1.60
2015.08.27 13:49:38.490,1.57852,1.57873,1.12,1.60
2015.08.27 13:49:38.699,1.57858,1.57877,1.12,1.00
2015.08.27 13:49:38.750,1.57858,1.57877,1.12,3.22
2015.08.27 13:49:38.802,1.57855,1.5787,1.00,1.60
2015.08.27 13:49:38.853,1.57848,1.57869,1.07,1.97
2015.08.27 13:49:38.955,1.57847,1.57864,1.12,1.00
2015.08.27 13:49:39.311,1.57845,1.57862,1.50,1.00
2015.08.27 13:49:39.860,1.57845,1.57863,1.50,1.00
2015.08.27 13:49:40.320,1.57845,1.57863,1.00,1.00
2015.08.27 13:49:40.524,1.57845,1.57866,1.00,1.00
2015.08.27 13:49:40.626,1.57845,1.57862,1.00,1.00
2015.08.27 13:49:41.600,1.57845,1.57864,1.00,1.12
2015.08.27 13:49:42.028,1.57842,1.57865,1.12,1.72
2015.08.27 13:49:42.130,1.57842,1.57861,1.12,2.10
2015.08.27 13:49:42.334,1.57838,1.57863,1.57,1.75
2015.08.27 13:49:42.837,1.5784,1.57863,1.75,1.20
2015.08.27 13:49:43.353,1.5784,1.57864,1.75,2.02
2015.08.27 13:49:43.557,1.57838,1.57864,1.75,3.37
2015.08.27 13:49:44.069,1.57839,1.57862,1.75,1.65
2015.08.27 13:49:45.181,1.57839,1.57862,1.75,2.25
2015.08.27 13:49:45.611,1.57838,1.57861,1.75,1.90
2015.08.27 13:49:45.663,1.57838,1.57859,1.12,1.37
2015.08.27 13:49:46.173,1.57838,1.5786,1.12,1.65
2015.08.27 13:49:47.505,1.5784,1.5786,1.00,2.77
2015.08.27 13:49:47.607,1.5784,1.5786,1.00,2.25
2015.08.27 13:49:47.658,1.57845,1.5786,1.00,1.50
2015.08.27 13:49:47.710,1.57845,1.5786,1.00,1.00
2015.08.27 13:49:47.863,1.57848,1.57867,1.00,1.12
2015.08.27 13:49:47.965,1.57848,1.5787,1.75,1.55
2015.08.27 13:49:48.169,1.57848,1.57872,1.00,1.55
2015.08.27 13:49:48.783,1.57848,1.57872,1.00,1.20
2015.08.27 13:49:48.886,1.57848,1.57873,1.00,2.62
2015.08.27 13:49:49.039,1.57848,1.57874,2.25,2.20
2015.08.27 13:49:49.451,1.57848,1.57874,1.87,2.20
2015.08.27 13:49:50.009,1.57848,1.57871,1.12,1.57
2015.08.27 13:49:50.617,1.57848,1.57869,1.00,1.20
2015.08.27 13:49:50.928,1.57855,1.57869,1.00,1.10
2015.08.27 13:49:51.182,1.57857,1.57874,2.25,1.00
2015.08.27 13:49:51.396,1.57854,1.57875,1.50,1.60
2015.08.27 13:49:51.447,1.57854,1.57872,1.50,1.35
2015.08.27 13:49:51.600,1.57854,1.57871,1.00,1.60
2015.08.27 13:49:51.651,1.57854,1.57872,1.00,1.00
2015.08.27 13:49:51.702,1.57854,1.57868,1.00,1.00
2015.08.27 13:49:51.805,1.57851,1.57866,1.12,1.12
2015.08.27 13:49:51.857,1.57851,1.57861,1.00,1.00
2015.08.27 13:49:51.908,1.57848,1.57861,1.00,1.00
2015.08.27 13:49:51.959,1.5784,1.57861,1.00,1.00
2015.08.27 13:49:52.322,1.57839,1.57859,1.00,1.00
2015.08.27 13:49:52.476,1.57835,1.57859,1.12,1.00
2015.08.27 13:49:52.781,1.57837,1.57859,1.00,1.00
2015.08.27 13:49:53.087,1.57844,1.57865,1.37,1.12
2015.08.27 13:49:53.244,1.57846,1.5787,1.00,1.50
2015.08.27 13:49:53.398,1.57844,1.57869,1.75,1.00
2015.08.27 13:49:53.602,1.57849,1.57871,1.12,1.10
2015.08.27 13:49:53.755,1.57849,1.57871,1.12,1.05
2015.08.27 13:49:54.110,1.57849,1.57869,1.00,2.07
2015.08.27 13:49:54.648,1.57849,1.57868,1.00,1.72
2015.08.27 13:49:55.416,1.57846,1.57864,1.00,1.72
2015.08.27 13:49:55.468,1.57844,1.57862,1.87,1.00
2015.08.27 13:49:55.724,1.57842,1.57862,1.00,3.67
2015.08.27 13:49:55.775,1.5784,1.57859,1.00,1.60
2015.08.27 13:49:55.826,1.57838,1.57859,1.00,1.60
2015.08.27 13:49:55.928,1.5784,1.57859,1.00,1.60
2015.08.27 13:49:56.030,1.57838,1.57862,1.00,4.12
2015.08.27 13:49:56.580,1.57839,1.57862,1.00,4.12
2015.08.27 13:49:56.682,1.57842,1.57862,1.00,4.87
2015.08.27 13:49:56.988,1.57844,1.57862,1.00,3.37
2015.08.27 13:49:58.493,1.57841,1.57862,1.00,2.17
2015.08.27 13:49:59.687,1.57837,1.57858,1.50,1.72
2015.08.27 13:50:00.213,1.57837,1.57858,1.00,2.05
2015.08.27 13:50:00.528,1.5784,1.5786,1.00,2.17
2015.08.27 13:50:00.580,1.5784,1.5786,1.00,1.20
2015.08.27 13:50:00.886,1.57842,1.57863,1.00,1.20
2015.08.27 13:50:01.147,1.57843,1.57865,1.00,1.75
2015.08.27 13:50:01.198,1.57846,1.57862,1.00,1.60
2015.08.27 13:50:01.250,1.57842,1.57859,1.00,1.00
2015.08.27 13:50:01.301,1.5784,1.5785,1.50,2.10
2015.08.27 13:50:01.454,1.57836,1.5785,1.00,2.47
2015.08.27 13:50:01.506,1.57834,1.57856,1.00,1.85
2015.08.27 13:50:01.559,1.57834,1.57856,1.00,1.95
2015.08.27 13:50:01.610,1.57837,1.57857,1.00,1.95
2015.08.27 13:50:01.662,1.57834,1.57856,1.00,1.17
2015.08.27 13:50:01.823,1.57838,1.5786,1.00,1.90
2015.08.27 13:50:01.875,1.57836,1.57858,1.00,1.37
2015.08.27 13:50:02.027,1.57838,1.5786,1.00,1.82
2015.08.27 13:50:02.535,1.57837,1.57857,1.00,1.37
2015.08.27 13:50:03.060,1.57835,1.57857,1.00,1.75
2015.08.27 13:50:03.365,1.57835,1.57857,1.00,1.00
2015.08.27 13:50:04.019,1.57834,1.57854,1.12,1.00
2015.08.27 13:50:04.427,1.57834,1.57854,1.00,1.37
2015.08.27 13:50:04.681,1.57834,1.57856,1.00,1.12
2015.08.27 13:50:04.938,1.57837,1.57856,1.00,1.00
2015.08.27 13:50:05.092,1.57835,1.57856,2.25,1.00
2015.08.27 13:50:05.143,1.57837,1.57857,1.00,1.00
2015.08.27 13:50:05.450,1.57841,1.57861,1.00,1.00
2015.08.27 13:50:06.164,1.57842,1.57864,1.00,1.57
2015.08.27 13:50:07.441,1.57842,1.57864,1.00,1.95
2015.08.27 13:50:07.949,1.57842,1.57864,1.00,1.95
2015.08.27 13:50:08.154,1.57842,1.57862,1.00,1.12
2015.08.27 13:50:08.206,1.5784,1.5786,1.00,1.75
2015.08.27 13:50:08.359,1.57839,1.57858,1.00,1.50
2015.08.27 13:50:08.666,1.57835,1.57849,1.00,1.00
2015.08.27 13:50:08.768,1.57832,1.57849,1.00,1.00
2015.08.27 13:50:09.320,1.5783,1.57849,1.00,1.00
2015.08.27 13:50:10.133,1.5783,1.57849,1.00,1.60
2015.08.27 13:50:10.236,1.5783,1.5785,1.00,2.25
2015.08.27 13:50:10.603,1.57831,1.57851,1.00,1.57
2015.08.27 13:50:10.857,1.5783,1.5785,1.00,1.95
2015.08.27 13:50:11.111,1.57826,1.57848,1.00,1.87
2015.08.27 13:50:11.213,1.57829,1.57848,1.00,1.12
2015.08.27 13:50:11.618,1.57824,1.57846,1.50,1.72
2015.08.27 13:50:11.669,1.57828,1.57844,1.00,1.00
2015.08.27 13:50:11.822,1.57825,1.57844,1.00,1.00
2015.08.27 13:50:11.975,1.57825,1.57845,1.00,1.20
2015.08.27 13:50:12.330,1.57825,1.57843,1.00,2.47
2015.08.27 13:50:12.575,1.57823,1.57842,1.00,1.35
2015.08.27 13:50:12.782,1.57817,1.57839,1.50,1.35
2015.08.27 13:50:13.289,1.57817,1.57839,1.00,1.50
2015.08.27 13:50:13.442,1.57822,1.57841,1.00,1.05
2015.08.27 13:50:13.803,1.57816,1.57838,1.50,1.20
2015.08.27 13:50:14.007,1.5782,1.57839,1.00,1.12
2015.08.27 13:50:14.782,1.57817,1.57839,1.00,1.72
2015.08.27 13:50:14.935,1.57819,1.57839,1.00,1.72
2015.08.27 13:50:15.241,1.57824,1.57845,1.00,2.25
2015.08.27 13:50:15.343,1.57826,1.57847,1.00,1.87
2015.08.27 13:50:15.394,1.57829,1.57844,1.00,1.20
2015.08.27 13:50:15.498,1.57829,1.57846,1.00,1.00
2015.08.27 13:50:15.860,1.57829,1.57848,1.00,1.00
2015.08.27 13:50:15.913,1.5783,1.5785,1.00,1.12
2015.08.27 13:50:16.117,1.57829,1.57846,1.00,1.00
2015.08.27 13:50:16.900,1.5783,1.57852,1.00,2.25
2015.08.27 13:50:16.951,1.5783,1.57852,1.00,1.65
2015.08.27 13:50:17.003,1.5783,1.57852,1.00,1.65
2015.08.27 13:50:17.308,1.57832,1.57849,1.00,1.12
2015.08.27 13:50:17.613,1.5783,1.57846,1.00,1.37
2015.08.27 13:50:18.025,1.5783,1.57846,1.00,1.00
2015.08.27 13:50:18.382,1.57832,1.57848,1.00,1.47
2015.08.27 13:50:18.840,1.57836,1.57853,1.00,1.82
2015.08.27 13:50:19.002,1.57832,1.57852,1.00,1.55
2015.08.27 13:50:19.106,1.57832,1.57852,1.50,1.72
2015.08.27 13:50:19.313,1.57832,1.57854,1.50,1.00
2015.08.27 13:50:19.669,1.57835,1.57854,1.00,1.00
2015.08.27 13:50:19.970,1.57835,1.57854,1.00,1.57
2015.08.27 13:50:20.021,1.57835,1.57854,1.00,1.20
2015.08.27 13:50:20.226,1.57838,1.57856,1.12,1.10
2015.08.27 13:50:20.278,1.57838,1.57858,1.87,1.00
2015.08.27 13:50:20.330,1.57841,1.57863,1.00,1.87
2015.08.27 13:50:20.381,1.57841,1.57863,1.50,1.17
2015.08.27 13:50:20.433,1.57845,1.57862,1.00,1.10
2015.08.27 13:50:20.536,1.57845,1.57867,1.50,1.20
2015.08.27 13:50:20.657,1.57845,1.57867,1.50,1.17
2015.08.27 13:50:20.969,1.57845,1.57867,1.87,1.17
2015.08.27 13:50:21.278,1.57849,1.57869,1.00,1.20
2015.08.27 13:50:21.382,1.57849,1.57869,1.00,1.20
2015.08.27 13:50:22.302,1.57849,1.57869,1.00,1.57
2015.08.27 13:50:22.849,1.57849,1.57869,1.00,1.90
2015.08.27 13:50:22.951,1.57845,1.57867,1.00,2.02
2015.08.27 13:50:23.461,1.57845,1.57867,1.00,1.50
2015.08.27 13:50:23.975,1.57845,1.57862,1.00,1.00
2015.08.27 13:50:24.280,1.57843,1.5786,1.00,1.00
2015.08.27 13:50:24.483,1.57843,1.57863,1.00,1.87
2015.08.27 13:50:24.996,1.57843,1.57863,1.00,1.50
2015.08.27 13:50:25.251,1.57843,1.57859,1.00,1.00
2015.08.27 13:50:25.708,1.57843,1.57865,1.37,1.15
2015.08.27 13:50:25.965,1.57845,1.57858,1.00,1.00
2015.08.27 13:50:26.119,1.57837,1.57854,1.00,1.00
2015.08.27 13:50:26.222,1.57839,1.57857,1.00,1.00
2015.08.27 13:50:26.273,1.57839,1.57859,1.00,1.50
2015.08.27 13:50:26.425,1.57843,1.57862,1.00,1.00
2015.08.27 13:50:27.910,1.57843,1.5786,1.00,1.00
2015.08.27 13:50:27.962,1.5784,1.5786,1.00,1.00
2015.08.27 13:50:28.116,1.5784,1.57856,1.00,1.00
2015.08.27 13:50:28.677,1.5784,1.57858,1.00,1.00
2015.08.27 13:50:28.831,1.5784,1.5786,1.00,1.00
2015.08.27 13:50:28.972,1.57842,1.57862,1.00,1.00
2015.08.27 13:50:29.482,1.57843,1.57863,1.00,1.00
2015.08.27 13:50:29.739,1.57847,1.57869,1.00,1.00
2015.08.27 13:50:29.790,1.57849,1.5787,1.00,1.00
2015.08.27 13:50:30.099,1.57843,1.57865,1.00,2.85
2015.08.27 13:50:30.404,1.57848,1.57868,1.00,1.37
2015.08.27 13:50:30.900,1.57847,1.57865,1.00,1.00
2015.08.27 13:50:30.951,1.57847,1.57867,1.00,1.00
2015.08.27 13:50:32.236,1.57845,1.57867,1.00,1.12
2015.08.27 13:50:32.745,1.57845,1.57863,1.00,1.30
2015.08.27 13:50:33.860,1.57845,1.57867,1.00,1.57
2015.08.27 13:50:33.962,1.57845,1.57867,1.00,1.20
2015.08.27 13:50:34.647,1.57845,1.57867,1.37,1.00
2015.08.27 13:50:34.799,1.5785,1.57869,1.00,1.37
2015.08.27 13:50:35.256,1.5785,1.5787,1.00,1.12
2015.08.27 13:50:35.463,1.57854,1.57872,1.00,1.00
2015.08.27 13:50:35.770,1.57857,1.57872,1.00,1.00
2015.08.27 13:50:36.473,1.57857,1.57875,1.00,1.00
2015.08.27 13:50:36.525,1.57859,1.57879,1.00,1.35
2015.08.27 13:50:37.288,1.57865,1.57879,1.00,1.35
2015.08.27 13:50:37.857,1.57865,1.57878,1.00,1.00
2015.08.27 13:50:38.032,1.57862,1.57878,1.00,1.00
2015.08.27 13:50:38.134,1.57862,1.57875,1.00,1.00
2015.08.27 13:50:38.455,1.57862,1.57875,1.00,2.85
2015.08.27 13:50:38.741,1.57859,1.57874,1.00,1.60
2015.08.27 13:50:38.792,1.57853,1.57867,1.00,2.10
2015.08.27 13:50:38.896,1.57851,1.57867,1.50,2.85
2015.08.27 13:50:39.201,1.57848,1.57867,1.00,3.97
2015.08.27 13:50:39.304,1.57848,1.5786,1.00,1.00
2015.08.27 13:50:40.328,1.57848,1.57867,1.00,3.60
2015.08.27 13:50:40.977,1.57848,1.57862,1.00,1.00
2015.08.27 13:50:41.029,1.57848,1.5786,1.00,1.00
2015.08.27 13:50:41.545,1.57848,1.57861,1.00,1.00
2015.08.27 13:50:43.119,1.57848,1.57859,1.00,1.00
2015.08.27 13:50:43.842,1.57851,1.57859,1.00,1.00
2015.08.27 13:50:43.894,1.57851,1.57865,1.00,1.00
2015.08.27 13:50:43.945,1.57855,1.57865,1.00,1.00
2015.08.27 13:50:44.356,1.57868,1.57873,1.00,1.00
2015.08.27 13:50:44.561,1.57874,1.57889,1.00,1.17
2015.08.27 13:50:44.612,1.57878,1.57889,1.00,1.00
2015.08.27 13:50:44.663,1.57878,1.57892,1.00,1.00
2015.08.27 13:50:44.868,1.57878,1.57896,1.00,1.50
2015.08.27 13:50:45.021,1.57878,1.57888,1.00,1.35
2015.08.27 13:50:45.072,1.57872,1.57888,1.00,1.35
2015.08.27 13:50:45.124,1.57873,1.57889,1.00,1.35
2015.08.27 13:50:45.371,1.57873,1.57882,1.00,1.00
2015.08.27 13:50:45.472,1.57873,1.57891,1.00,2.47
2015.08.27 13:50:45.524,1.57873,1.57891,1.00,1.00
2015.08.27 13:50:45.575,1.57876,1.57891,1.00,1.00
2015.08.27 13:50:45.879,1.57878,1.57895,1.00,1.10
2015.08.27 13:50:46.184,1.57876,1.57893,1.00,1.00
2015.08.27 13:50:46.514,1.57877,1.57891,1.00,1.52
2015.08.27 13:50:46.770,1.57879,1.57894,1.00,1.12
2015.08.27 13:50:46.873,1.57881,1.57894,1.00,1.00
2015.08.27 13:50:47.076,1.57876,1.57891,1.00,1.00
2015.08.27 13:50:47.330,1.57876,1.57896,1.00,2.40
2015.08.27 13:50:47.382,1.57879,1.57896,1.00,2.40
2015.08.27 13:50:47.484,1.57875,1.57893,1.00,1.12
2015.08.27 13:50:47.586,1.57875,1.5789,1.00,1.00
2015.08.27 13:50:47.637,1.57875,1.57892,1.00,1.00
2015.08.27 13:50:47.996,1.57873,1.57892,1.00,1.00
2015.08.27 13:50:48.048,1.57873,1.57888,1.00,1.00
2015.08.27 13:50:48.100,1.5787,1.57888,1.00,1.00
2015.08.27 13:50:48.151,1.5787,1.57883,1.00,1.00
2015.08.27 13:50:48.415,1.57869,1.57889,1.50,1.17
2015.08.27 13:50:48.517,1.57874,1.57889,1.00,1.17
2015.08.27 13:50:48.570,1.57874,1.5789,1.00,1.00
2015.08.27 13:50:48.724,1.57872,1.57894,1.00,1.72
2015.08.27 13:50:48.878,1.5787,1.5789,1.00,1.12
2015.08.27 13:50:49.184,1.57873,1.57879,1.00,1.00
2015.08.27 13:50:49.772,1.57873,1.57886,1.00,1.57
2015.08.27 13:50:50.823,1.57867,1.57886,1.00,1.57
2015.08.27 13:50:50.924,1.57862,1.57883,1.00,1.00
2015.08.27 13:50:51.431,1.57869,1.57883,1.00,1.00
2015.08.27 13:50:51.482,1.57869,1.57886,1.00,1.57
2015.08.27 13:50:51.733,1.57869,1.57888,1.12,1.00
2015.08.27 13:50:51.937,1.5787,1.57892,1.12,1.00
2015.08.27 13:50:52.353,1.57872,1.57892,1.00,1.00
2015.08.27 13:50:52.557,1.57874,1.57896,1.12,1.00
2015.08.27 13:50:52.867,1.57876,1.57896,1.00,1.00
2015.08.27 13:50:52.970,1.57876,1.57898,1.12,1.00
2015.08.27 13:50:53.073,1.57876,1.57895,1.12,1.00
2015.08.27 13:50:53.380,1.57886,1.57906,1.00,1.17
2015.08.27 13:50:53.483,1.57883,1.57904,1.00,1.10
2015.08.27 13:50:53.586,1.57883,1.57901,1.00,1.00
2015.08.27 13:50:53.840,1.57877,1.57898,1.00,1.00
2015.08.27 13:50:53.942,1.57877,1.57893,1.00,1.00
2015.08.27 13:50:54.095,1.57879,1.57896,1.00,1.12
2015.08.27 13:50:54.602,1.57879,1.57895,1.00,1.00
2015.08.27 13:50:54.917,1.57883,1.57896,1.00,1.00
2015.08.27 13:50:56.014,1.57878,1.57896,1.00,1.37
2015.08.27 13:50:56.217,1.57878,1.5789,1.00,1.00
2015.08.27 13:50:56.421,1.57871,1.57891,1.00,1.12
2015.08.27 13:50:56.573,1.5787,1.57884,1.00,1.00
2015.08.27 13:50:56.926,1.5787,1.57883,1.00,1.37
2015.08.27 13:50:57.286,1.57859,1.57883,1.00,1.00
2015.08.27 13:50:57.594,1.57863,1.57883,1.00,1.00
2015.08.27 13:50:57.903,1.57869,1.57886,1.87,1.00
2015.08.27 13:50:57.954,1.57875,1.57897,1.00,1.00
2015.08.27 13:50:58.462,1.57875,1.57896,1.37,1.00
2015.08.27 13:50:58.680,1.57879,1.57897,1.00,1.00
2015.08.27 13:50:58.731,1.57879,1.579,1.00,1.10
2015.08.27 13:50:58.938,1.57877,1.57897,1.37,1.37
2015.08.27 13:50:58.989,1.57873,1.57893,1.00,1.12
2015.08.27 13:50:59.040,1.57868,1.5789,1.87,1.00
2015.08.27 13:50:59.192,1.5787,1.5789,1.00,1.00
2015.08.27 13:50:59.498,1.57874,1.57894,1.50,1.00
2015.08.27 13:50:59.814,1.57876,1.57896,1.00,1.00
2015.08.27 13:51:00.120,1.57874,1.57899,1.00,2.02
2015.08.27 13:51:00.326,1.57875,1.57896,1.00,1.00
2015.08.27 13:51:00.530,1.57877,1.57899,1.00,1.00
2015.08.27 13:51:00.581,1.57875,1.57897,1.10,1.00
2015.08.27 13:51:00.898,1.57875,1.57899,2.25,1.00
2015.08.27 13:51:01.206,1.57879,1.57899,1.50,1.00
2015.08.27 13:51:01.665,1.57882,1.579,1.00,1.35
2015.08.27 13:51:02.013,1.57877,1.57896,1.75,1.37
2015.08.27 13:51:02.735,1.57875,1.57895,1.50,1.12
2015.08.27 13:51:02.939,1.57875,1.57897,1.50,1.00
2015.08.27 13:51:03.296,1.57875,1.57897,1.87,1.00
2015.08.27 13:51:03.651,1.57875,1.57895,1.87,1.00
2015.08.27 13:51:03.797,1.57875,1.57895,1.12,1.00
2015.08.27 13:51:04.105,1.57873,1.57894,1.12,1.00
2015.08.27 13:51:04.207,1.57873,1.5789,1.12,1.00
2015.08.27 13:51:04.513,1.57873,1.57888,1.12,1.00
2015.08.27 13:51:04.976,1.57873,1.57891,1.12,1.00
2015.08.27 13:51:05.181,1.57871,1.57889,1.50,1.00
2015.08.27 13:51:05.753,1.57873,1.5789,1.50,1.00
2015.08.27 13:51:05.804,1.57873,1.57893,1.75,1.00
2015.08.27 13:51:06.706,1.57871,1.57893,1.00,1.00
2015.08.27 13:51:07.016,1.57869,1.57889,2.25,1.00
2015.08.27 13:51:07.363,1.57863,1.57882,1.00,2.10
2015.08.27 13:51:07.466,1.57863,1.57879,1.00,2.47
2015.08.27 13:51:07.517,1.5786,1.57879,1.00,2.47
2015.08.27 13:51:07.568,1.5786,1.57879,1.00,1.42
2015.08.27 13:51:07.670,1.57857,1.57877,1.00,1.00
2015.08.27 13:51:07.823,1.57855,1.57873,1.00,1.00
2015.08.27 13:51:07.874,1.57855,1.57877,1.50,1.00
2015.08.27 13:51:08.340,1.57862,1.57877,1.37,1.00
2015.08.27 13:51:08.544,1.57865,1.57881,1.37,1.10
2015.08.27 13:51:08.646,1.57861,1.57881,1.50,1.00
2015.08.27 13:51:08.697,1.57863,1.57883,1.00,1.00
2015.08.27 13:51:09.052,1.57861,1.57881,1.50,1.00
2015.08.27 13:51:09.360,1.57859,1.57879,1.00,1.00
2015.08.27 13:51:09.717,1.57861,1.57881,1.00,1.60
2015.08.27 13:51:10.285,1.57864,1.57884,1.00,1.37
2015.08.27 13:51:10.796,1.57862,1.57881,1.00,1.00
2015.08.27 13:51:11.311,1.57872,1.57881,1.00,1.00
2015.08.27 13:51:11.973,1.57866,1.57881,1.00,1.00
2015.08.27 13:51:12.025,1.57864,1.5788,1.00,1.50
2015.08.27 13:51:12.076,1.57864,1.57876,1.00,1.72
2015.08.27 13:51:12.178,1.57861,1.57876,1.00,2.47
2015.08.27 13:51:12.230,1.57861,1.57868,1.00,1.00
2015.08.27 13:51:12.628,1.57858,1.57868,1.00,1.00
2015.08.27 13:51:12.883,1.57854,1.57866,1.00,1.00
2015.08.27 13:51:12.935,1.57853,1.57866,1.00,1.37
2015.08.27 13:51:12.987,1.57849,1.57861,1.00,1.00
2015.08.27 13:51:13.140,1.57849,1.57863,1.00,1.12
2015.08.27 13:51:13.344,1.5785,1.57861,1.00,1.20
2015.08.27 13:51:13.649,1.57846,1.57861,1.00,1.50
2015.08.27 13:51:13.751,1.57846,1.5786,1.00,1.37
2015.08.27 13:51:13.854,1.57843,1.57858,1.00,1.50
2015.08.27 13:51:13.905,1.57843,1.57852,1.00,1.00
2015.08.27 13:51:14.522,1.57843,1.57853,1.00,1.12
2015.08.27 13:51:15.252,1.57843,1.57854,1.00,1.00
2015.08.27 13:51:15.728,1.57847,1.57854,1.00,1.00
2015.08.27 13:51:16.394,1.57847,1.57858,1.00,1.00
2015.08.27 13:51:17.768,1.5784,1.57858,1.00,1.00
2015.08.27 13:51:17.820,1.5784,1.57855,1.00,1.12
2015.08.27 13:51:18.124,1.5784,1.57854,1.00,1.52
2015.08.27 13:51:18.176,1.57834,1.57848,1.00,1.00
2015.08.27 13:51:18.227,1.5783,1.57851,1.50,1.00
2015.08.27 13:51:18.278,1.5783,1.57851,1.87,1.00
2015.08.27 13:51:18.583,1.57838,1.57851,1.00,1.00
2015.08.27 13:51:18.736,1.57838,1.57853,1.00,1.00
2015.08.27 13:51:18.954,1.5784,1.5786,1.87,1.00
2015.08.27 13:51:19.006,1.57847,1.5786,1.00,1.00
2015.08.27 13:51:19.059,1.57847,1.57862,1.00,1.00
2015.08.27 13:51:19.364,1.57845,1.57865,1.12,1.00
2015.08.27 13:51:20.286,1.57848,1.57865,1.87,1.00
2015.08.27 13:51:22.243,1.57849,1.57865,1.12,1.00
2015.08.27 13:51:22.295,1.57848,1.57865,2.25,1.00
2015.08.27 13:51:23.370,1.57848,1.57864,2.25,1.00
2015.08.27 13:51:23.515,1.57848,1.57861,2.25,1.00
2015.08.27 13:51:24.143,1.5785,1.57861,1.37,1.00
2015.08.27 13:51:24.398,1.57849,1.57868,1.12,1.00
2015.08.27 13:51:24.557,1.57851,1.5787,1.37,1.00
2015.08.27 13:51:24.608,1.57858,1.57874,1.00,1.00
2015.08.27 13:51:24.660,1.57856,1.57874,1.00,1.00
2015.08.27 13:51:24.712,1.57858,1.57874,1.50,1.00
2015.08.27 13:51:24.815,1.57859,1.57878,1.37,1.00
2015.08.27 13:51:24.867,1.57858,1.57878,1.87,1.00
2015.08.27 13:51:25.172,1.57863,1.5788,1.75,1.00
2015.08.27 13:51:25.224,1.57863,1.57884,1.87,1.10
2015.08.27 13:51:25.276,1.57864,1.57885,1.37,1.17
2015.08.27 13:51:25.589,1.57868,1.57887,1.75,1.00
2015.08.27 13:51:26.097,1.57871,1.57884,1.12,1.00
2015.08.27 13:51:27.373,1.57867,1.57884,1.12,1.00
2015.08.27 13:51:27.500,1.57867,1.57884,1.87,1.00
2015.08.27 13:51:27.909,1.57867,1.5788,1.87,1.00
2015.08.27 13:51:28.165,1.57862,1.5788,1.50,1.00
2015.08.27 13:51:28.748,1.57861,1.57872,1.75,1.00
2015.08.27 13:51:28.800,1.57858,1.57876,1.00,1.00
2015.08.27 13:51:28.904,1.57857,1.57865,1.12,1.00
2015.08.27 13:51:29.006,1.57855,1.57867,1.00,1.00
2015.08.27 13:51:29.057,1.57855,1.57864,1.00,1.00
2015.08.27 13:51:29.108,1.57852,1.57864,1.47,1.00
2015.08.27 13:51:29.159,1.57854,1.57861,1.00,1.00
2015.08.27 13:51:29.210,1.57851,1.57861,1.00,1.00
2015.08.27 13:51:29.262,1.57843,1.57858,1.12,1.00
2015.08.27 13:51:29.411,1.57846,1.5786,1.00,1.00
2015.08.27 13:51:29.515,1.57853,1.57864,1.00,1.00
2015.08.27 13:51:29.819,1.57858,1.57866,1.00,1.50
2015.08.27 13:51:29.921,1.57858,1.57868,1.00,2.10
2015.08.27 13:51:30.382,1.5786,1.57872,1.00,1.00
2015.08.27 13:51:30.892,1.5786,1.57873,1.00,1.00
2015.08.27 13:51:31.455,1.5786,1.57874,1.00,1.00
2015.08.27 13:51:31.862,1.57856,1.57875,1.75,2.10
2015.08.27 13:51:31.913,1.57856,1.57875,1.12,2.10
2015.08.27 13:51:32.067,1.57856,1.57874,1.12,2.85
2015.08.27 13:51:34.149,1.57855,1.57874,1.37,1.50
2015.08.27 13:51:34.252,1.57855,1.57874,1.12,1.00
2015.08.27 13:51:34.455,1.5786,1.57878,1.00,1.00
2015.08.27 13:51:35.270,1.5786,1.57877,1.00,2.10
2015.08.27 13:51:35.526,1.57857,1.57875,1.12,1.50
2015.08.27 13:51:35.577,1.57852,1.57871,1.12,1.00
2015.08.27 13:51:35.629,1.57852,1.57874,1.87,1.00
2015.08.27 13:51:36.300,1.57854,1.57876,1.75,1.00
2015.08.27 13:51:36.402,1.57854,1.57876,1.87,1.00
2015.08.27 13:51:37.220,1.57857,1.57877,1.75,1.00
2015.08.27 13:51:37.730,1.57855,1.57875,1.37,1.00
2015.08.27 13:51:37.832,1.57855,1.57875,1.00,1.00
2015.08.27 13:51:37.934,1.57854,1.57872,1.00,1.00
2015.08.27 13:51:37.985,1.57854,1.57875,1.12,1.00
2015.08.27 13:51:38.134,1.57856,1.57878,1.37,1.00
2015.08.27 13:51:38.439,1.57862,1.57881,1.00,2.10
2015.08.27 13:51:39.148,1.57862,1.57878,1.00,1.00
2015.08.27 13:51:39.330,1.57856,1.57875,1.47,1.00
2015.08.27 13:51:39.434,1.57856,1.57875,1.00,1.00
2015.08.27 13:51:39.487,1.57854,1.57875,1.00,2.25
2015.08.27 13:51:39.844,1.57854,1.57875,1.75,1.00
2015.08.27 13:51:40.234,1.57854,1.57873,1.75,1.00
2015.08.27 13:51:40.744,1.57855,1.57874,1.37,1.50
2015.08.27 13:51:41.259,1.57854,1.57872,1.12,1.00
2015.08.27 13:51:41.514,1.57854,1.57866,1.12,1.00
2015.08.27 13:51:41.769,1.57843,1.57862,1.10,1.00
2015.08.27 13:51:42.194,1.57849,1.57869,1.00,1.87
2015.08.27 13:51:42.507,1.57846,1.57866,1.75,1.50
2015.08.27 13:51:42.559,1.57846,1.57863,1.00,1.00
2015.08.27 13:51:42.610,1.57843,1.57857,1.50,1.00
2015.08.27 13:51:42.864,1.57843,1.57855,1.12,1.00
2015.08.27 13:51:43.167,1.57845,1.57857,1.00,1.00
2015.08.27 13:51:43.269,1.57845,1.5786,1.50,1.00
2015.08.27 13:51:43.425,1.57849,1.5786,1.00,1.00
2015.08.27 13:51:43.528,1.57845,1.57857,1.12,1.00
2015.08.27 13:51:43.632,1.57845,1.57854,1.00,1.00
2015.08.27 13:51:43.886,1.57845,1.57857,1.00,1.00
2015.08.27 13:51:43.988,1.57845,1.57859,1.00,1.00
2015.08.27 13:51:44.198,1.5785,1.57859,1.00,1.00
2015.08.27 13:51:44.249,1.5785,1.57862,1.00,1.00
2015.08.27 13:51:44.556,1.5785,1.57867,1.50,1.00
2015.08.27 13:51:44.608,1.57852,1.57867,1.00,1.00
2015.08.27 13:51:45.110,1.57851,1.57867,1.00,1.00
2015.08.27 13:51:45.872,1.57851,1.57864,1.00,1.00
2015.08.27 13:51:46.405,1.5785,1.57865,1.00,1.00
2015.08.27 13:51:46.660,1.57848,1.57865,1.12,1.00
2015.08.27 13:51:46.762,1.5785,1.57869,1.00,1.00
2015.08.27 13:51:47.168,1.5785,1.57868,1.50,1.00
2015.08.27 13:51:47.516,1.57852,1.57865,1.12,1.00
2015.08.27 13:51:48.125,1.57852,1.57863,1.12,1.00
2015.08.27 13:51:48.176,1.57848,1.57861,1.12,1.00
2015.08.27 13:51:48.228,1.5785,1.57861,1.00,1.00
2015.08.27 13:51:48.392,1.57846,1.57863,1.00,1.00
2015.08.27 13:51:48.900,1.57845,1.57863,1.37,1.50
2015.08.27 13:51:49.205,1.57845,1.57865,1.50,1.00
2015.08.27 13:51:49.584,1.57845,1.57861,1.50,1.00
2015.08.27 13:51:49.686,1.57841,1.57863,1.95,1.50
2015.08.27 13:51:49.738,1.57838,1.57858,2.70,1.00
2015.08.27 13:51:49.790,1.5784,1.5786,1.55,1.00
2015.08.27 13:51:49.842,1.5784,1.5786,1.75,1.00
2015.08.27 13:51:50.619,1.57841,1.57859,1.12,1.00
2015.08.27 13:51:50.924,1.57841,1.57859,1.12,1.60
2015.08.27 13:51:51.078,1.57835,1.57855,1.27,1.60
2015.08.27 13:51:51.129,1.57835,1.57855,1.12,1.60
2015.08.27 13:51:51.644,1.57833,1.57853,1.75,1.60
2015.08.27 13:51:52.514,1.57833,1.57853,1.37,1.60
2015.08.27 13:51:52.916,1.57831,1.57852,1.87,1.60
2015.08.27 13:51:53.423,1.57835,1.57854,1.00,1.60
2015.08.27 13:51:53.532,1.57835,1.57855,1.37,1.60
2015.08.27 13:51:53.736,1.57835,1.57857,1.37,2.10
2015.08.27 13:51:53.787,1.57833,1.57853,1.37,1.60
2015.08.27 13:51:53.891,1.57836,1.57854,1.00,1.60
2015.08.27 13:51:53.943,1.57836,1.57855,1.37,1.00
2015.08.27 13:51:54.248,1.57837,1.57855,1.37,1.00
2015.08.27 13:51:54.756,1.57837,1.57854,1.37,1.00
2015.08.27 13:51:55.268,1.5784,1.57855,1.00,1.00
2015.08.27 13:51:55.574,1.5784,1.57853,1.00,1.00
2015.08.27 13:51:55.675,1.5784,1.57855,1.00,1.00
2015.08.27 13:51:55.980,1.5784,1.57852,1.00,1.00
2015.08.27 13:51:56.236,1.57833,1.57851,1.50,1.50
2015.08.27 13:51:56.288,1.57833,1.57849,1.00,1.00
2015.08.27 13:51:56.595,1.57834,1.57851,1.00,1.00
2015.08.27 13:51:56.951,1.57832,1.5785,1.12,1.00
2015.08.27 13:51:57.053,1.57836,1.57849,1.00,1.00
2015.08.27 13:51:57.299,1.57836,1.57852,1.37,1.00
2015.08.27 13:51:57.811,1.57836,1.57852,1.00,1.37
2015.08.27 13:51:57.863,1.57833,1.57852,1.00,1.37
2015.08.27 13:51:57.914,1.5783,1.57852,1.50,1.87
2015.08.27 13:51:57.966,1.5783,1.5785,1.00,1.00
2015.08.27 13:51:58.018,1.57829,1.57848,1.00,1.00
2015.08.27 13:51:58.494,1.57826,1.57846,1.50,1.00
2015.08.27 13:51:58.596,1.57823,1.57843,1.45,1.35
2015.08.27 13:51:58.648,1.57819,1.57837,1.37,1.00
2015.08.27 13:51:58.699,1.57819,1.57837,1.00,1.00
2015.08.27 13:51:59.058,1.57819,1.57833,1.00,1.00
2015.08.27 13:51:59.367,1.5782,1.57837,1.00,1.00
2015.08.27 13:51:59.520,1.57823,1.57837,1.00,1.00
2015.08.27 13:51:59.571,1.57819,1.57838,1.00,1.00
2015.08.27 13:51:59.674,1.57819,1.57836,1.00,1.00
2015.08.27 13:52:00.882,1.57819,1.57836,1.00,1.37
2015.08.27 13:52:01.288,1.57817,1.57835,1.00,1.37
2015.08.27 13:52:01.818,1.57814,1.57832,1.00,1.37
2015.08.27 13:52:02.224,1.57817,1.57832,1.00,1.37
2015.08.27 13:52:02.276,1.57817,1.57833,1.00,1.50
2015.08.27 13:52:02.327,1.57814,1.57833,1.00,1.50
2015.08.27 13:52:02.378,1.57814,1.5783,1.00,1.37
2015.08.27 13:52:02.530,1.57817,1.57834,1.00,1.50
2015.08.27 13:52:02.775,1.57817,1.57837,1.00,1.00
2015.08.27 13:52:03.283,1.57818,1.57837,1.00,1.00
2015.08.27 13:52:03.537,1.57818,1.57839,1.00,1.00
2015.08.27 13:52:03.824,1.57822,1.57843,1.00,2.70
2015.08.27 13:52:04.078,1.57818,1.5784,1.00,1.12
2015.08.27 13:52:04.383,1.57816,1.57839,1.00,1.50
2015.08.27 13:52:04.688,1.57816,1.57835,1.00,1.87
2015.08.27 13:52:05.420,1.57816,1.57835,1.00,1.87
2015.08.27 13:52:06.340,1.57816,1.57835,1.00,1.87
2015.08.27 13:52:06.747,1.57819,1.57835,1.00,1.00
2015.08.27 13:52:07.314,1.57819,1.57836,1.00,1.00
2015.08.27 13:52:08.027,1.57812,1.57838,1.00,2.47
2015.08.27 13:52:08.231,1.57809,1.5783,1.10,1.37
2015.08.27 13:52:08.939,1.57809,1.5783,1.00,1.00
2015.08.27 13:52:08.990,1.57812,1.57831,1.00,1.50
2015.08.27 13:52:09.244,1.57818,1.57839,1.00,1.10
2015.08.27 13:52:09.295,1.57818,1.57837,1.00,1.00
2015.08.27 13:52:09.346,1.57818,1.5784,1.00,1.50
2015.08.27 13:52:09.642,1.57818,1.57842,1.00,1.00
2015.08.27 13:52:10.049,1.57818,1.57842,1.00,1.37
2015.08.27 13:52:10.773,1.57821,1.57842,1.00,2.02
2015.08.27 13:52:11.284,1.57821,1.57843,1.00,1.20
2015.08.27 13:52:11.589,1.57818,1.57843,1.00,1.57
2015.08.27 13:52:11.742,1.57815,1.57837,1.75,2.10
2015.08.27 13:52:11.910,1.57811,1.57835,1.50,1.20
2015.08.27 13:52:11.961,1.57811,1.57834,1.50,1.47
2015.08.27 13:52:12.166,1.57813,1.57833,1.00,1.12
2015.08.27 13:52:12.268,1.57811,1.57834,1.00,1.00
2015.08.27 13:52:12.628,1.57811,1.5783,1.00,1.00
2015.08.27 13:52:12.947,1.57814,1.57835,1.00,1.00
2015.08.27 13:52:13.100,1.57815,1.57837,1.00,1.00
2015.08.27 13:52:13.354,1.57815,1.5784,1.12,1.27
2015.08.27 13:52:13.863,1.57815,1.57839,1.12,1.37
2015.08.27 13:52:14.173,1.57812,1.57837,1.75,1.37
2015.08.27 13:52:14.428,1.57808,1.57833,1.95,1.37
2015.08.27 13:52:14.938,1.57805,1.57827,1.75,1.60
2015.08.27 13:52:15.104,1.57803,1.57826,1.75,1.37
2015.08.27 13:52:15.157,1.57801,1.57815,1.12,1.00
2015.08.27 13:52:15.209,1.57795,1.57815,1.50,1.37
2015.08.27 13:52:15.260,1.57795,1.57812,1.00,1.37
2015.08.27 13:52:15.312,1.57792,1.57812,1.00,1.37
2015.08.27 13:52:15.363,1.57792,1.57806,1.00,1.00
2015.08.27 13:52:15.566,1.57792,1.57808,1.00,1.00
2015.08.27 13:52:15.617,1.57797,1.57808,1.00,1.00
2015.08.27 13:52:15.669,1.57794,1.57811,1.00,1.12
2015.08.27 13:52:15.720,1.57797,1.57811,1.00,1.00
2015.08.27 13:52:15.889,1.57797,1.57813,1.00,1.00
2015.08.27 13:52:15.940,1.57795,1.57813,1.00,1.00
2015.08.27 13:52:16.144,1.57795,1.57809,1.00,1.00
2015.08.27 13:52:16.553,1.57792,1.57809,1.00,1.00
2015.08.27 13:52:16.656,1.57798,1.57809,1.00,1.00
2015.08.27 13:52:17.169,1.57798,1.57808,1.00,1.00
2015.08.27 13:52:17.220,1.57795,1.57808,1.00,1.00
2015.08.27 13:52:17.272,1.57796,1.57805,1.00,1.00
2015.08.27 13:52:17.373,1.57796,1.57808,1.00,1.00
2015.08.27 13:52:17.476,1.57796,1.57806,1.00,1.00
2015.08.27 13:52:17.780,1.57799,1.57806,1.00,1.00
2015.08.27 13:52:17.882,1.57799,1.57809,1.00,1.00
2015.08.27 13:52:18.137,1.57801,1.57815,1.00,2.25
2015.08.27 13:52:18.239,1.57801,1.57813,1.00,1.00
2015.08.27 13:52:18.341,1.57799,1.57813,1.00,1.37
2015.08.27 13:52:18.597,1.57795,1.5781,1.00,1.50
2015.08.27 13:52:18.865,1.57788,1.57801,1.00,1.57
2015.08.27 13:52:18.921,1.57778,1.57802,1.00,1.92
2015.08.27 13:52:19.023,1.57778,1.57796,1.00,1.00
2015.08.27 13:52:19.074,1.57776,1.57796,1.00,1.00
2015.08.27 13:52:19.272,1.5777,1.57796,1.50,1.37
2015.08.27 13:52:19.331,1.5777,1.57793,1.50,1.12
2015.08.27 13:52:19.637,1.5777,1.57781,1.00,1.00
2015.08.27 13:52:19.790,1.57761,1.57777,1.85,1.00
2015.08.27 13:52:19.943,1.57761,1.57777,1.50,1.00
2015.08.27 13:52:20.457,1.5776,1.57777,1.00,1.00
2015.08.27 13:52:20.712,1.5776,1.57781,1.50,1.00
2015.08.27 13:52:20.916,1.57762,1.57781,1.12,1.00
2015.08.27 13:52:21.068,1.5776,1.57781,1.95,1.00
2015.08.27 13:52:21.444,1.5776,1.57781,1.95,1.00
2015.08.27 13:52:21.801,1.57763,1.57783,2.10,1.00
2015.08.27 13:52:21.903,1.57765,1.57783,1.00,1.00
2015.08.27 13:52:22.209,1.57762,1.57778,1.57,1.00
2015.08.27 13:52:22.422,1.57756,1.57776,1.57,1.00
2015.08.27 13:52:22.932,1.57758,1.57774,1.12,1.00
2015.08.27 13:52:23.236,1.57749,1.5776,1.00,1.00
2015.08.27 13:52:23.391,1.57744,1.5776,1.60,1.00
2015.08.27 13:52:23.544,1.5774,1.57755,1.50,1.00
2015.08.27 13:52:23.645,1.5774,1.57755,1.00,1.00
2015.08.27 13:52:23.697,1.57741,1.57758,1.00,1.00
2015.08.27 13:52:23.798,1.57737,1.57758,1.00,1.00
2015.08.27 13:52:24.053,1.57738,1.57762,1.37,1.12
2015.08.27 13:52:24.105,1.57741,1.57762,1.37,1.00
2015.08.27 13:52:24.444,1.57743,1.57763,1.37,1.00
2015.08.27 13:52:24.647,1.57752,1.57773,1.87,1.00
2015.08.27 13:52:24.698,1.57752,1.57776,2.32,1.00
2015.08.27 13:52:24.750,1.57754,1.57776,1.85,1.00
2015.08.27 13:52:25.211,1.57759,1.57775,1.37,1.00
2015.08.27 13:52:25.366,1.57758,1.57775,1.00,1.00
2015.08.27 13:52:25.519,1.57758,1.57778,1.00,1.00
2015.08.27 13:52:25.570,1.57758,1.57778,1.37,1.00
2015.08.27 13:52:25.876,1.57764,1.57782,1.00,1.00
2015.08.27 13:52:26.183,1.57764,1.57785,1.00,1.00
2015.08.27 13:52:26.393,1.57767,1.57785,1.12,1.00
2015.08.27 13:52:26.850,1.57766,1.57782,1.00,1.00
2015.08.27 13:52:27.003,1.57764,1.57782,1.00,1.00
2015.08.27 13:52:27.055,1.57767,1.57782,1.00,1.00
2015.08.27 13:52:27.571,1.57767,1.57786,1.00,1.00
2015.08.27 13:52:27.622,1.57767,1.57786,1.37,1.00
2015.08.27 13:52:28.081,1.57769,1.57791,1.50,1.20
2015.08.27 13:52:28.438,1.57769,1.57793,1.00,1.80
2015.08.27 13:52:28.683,1.57765,1.57787,1.00,1.70
2015.08.27 13:52:30.356,1.57764,1.57786,1.00,1.12
2015.08.27 13:52:30.458,1.57766,1.57786,1.00,1.12
2015.08.27 13:52:30.763,1.57769,1.57787,1.00,1.42
2015.08.27 13:52:30.865,1.57773,1.57788,1.00,1.55
2015.08.27 13:52:31.017,1.57773,1.57794,1.00,1.75
2015.08.27 13:52:31.069,1.57773,1.57794,1.00,1.00
2015.08.27 13:52:31.171,1.57773,1.57798,1.10,1.37
2015.08.27 13:52:31.273,1.57775,1.57798,1.00,1.97
2015.08.27 13:52:31.476,1.57766,1.57789,1.15,1.60
2015.08.27 13:52:31.680,1.5777,1.57792,1.00,1.00
2015.08.27 13:52:31.967,1.5777,1.57796,1.00,1.57
2015.08.27 13:52:32.272,1.57768,1.57796,1.12,1.57
2015.08.27 13:52:32.476,1.57767,1.57795,1.50,1.20
2015.08.27 13:52:32.781,1.57767,1.57794,1.50,2.32
2015.08.27 13:52:33.189,1.57766,1.57791,1.00,1.57
2015.08.27 13:52:33.240,1.57765,1.57788,1.12,1.37
2015.08.27 13:52:33.545,1.57766,1.57789,1.00,1.80
2015.08.27 13:52:34.774,1.57764,1.57787,1.50,1.30
2015.08.27 13:52:34.825,1.57764,1.57789,1.50,1.42
2015.08.27 13:52:35.129,1.57762,1.57788,1.50,1.35
2015.08.27 13:52:35.677,1.57761,1.57788,1.00,3.00
2015.08.27 13:52:36.184,1.5776,1.57787,1.12,1.37
2015.08.27 13:52:36.562,1.5776,1.57784,1.12,1.97
2015.08.27 13:52:36.867,1.57774,1.57782,1.00,1.00
2015.08.27 13:52:37.267,1.57776,1.57785,1.00,1.00
2015.08.27 13:52:37.318,1.57771,1.57784,3.00,1.00
2015.08.27 13:52:37.471,1.57771,1.57784,1.00,1.00
2015.08.27 13:52:37.624,1.5777,1.57793,1.00,1.27
2015.08.27 13:52:37.676,1.5777,1.57791,1.00,2.02
2015.08.27 13:52:37.829,1.57762,1.57785,1.50,1.37
2015.08.27 13:52:37.931,1.5776,1.57784,1.00,1.20
2015.08.27 13:52:38.084,1.57758,1.57781,1.50,1.75
2015.08.27 13:52:38.498,1.57758,1.57781,1.00,1.10
2015.08.27 13:52:40.185,1.57758,1.57782,1.00,1.20
2015.08.27 13:52:42.184,1.57756,1.57779,1.00,1.47
2015.08.27 13:52:43.807,1.57756,1.57777,1.00,2.70
2015.08.27 13:52:43.858,1.57753,1.57777,1.00,2.70
2015.08.27 13:52:43.910,1.57753,1.57777,1.00,2.32
2015.08.27 13:52:44.012,1.57753,1.57777,1.00,2.77
2015.08.27 13:52:44.164,1.57753,1.57777,1.00,3.07
2015.08.27 13:52:44.317,1.57753,1.57776,1.00,1.20
2015.08.27 13:52:44.826,1.57752,1.57775,1.00,1.27
2015.08.27 13:52:44.877,1.57752,1.57776,1.00,1.20
2015.08.27 13:52:45.492,1.57752,1.57774,1.00,1.07
2015.08.27 13:52:45.799,1.57751,1.57774,1.00,2.25
2015.08.27 13:52:45.850,1.57749,1.57774,1.00,2.25
2015.08.27 13:52:46.444,1.57749,1.57772,1.00,1.55
2015.08.27 13:52:46.496,1.57755,1.57773,1.00,1.20
2015.08.27 13:52:46.598,1.57755,1.57776,1.00,1.20
2015.08.27 13:52:46.649,1.57759,1.57776,1.00,1.20
2015.08.27 13:52:47.589,1.57759,1.5778,1.00,1.50
2015.08.27 13:52:48.097,1.57759,1.57779,1.00,1.65
2015.08.27 13:52:48.148,1.57757,1.57779,1.00,1.95
2015.08.27 13:52:48.352,1.57755,1.57779,1.00,1.95
2015.08.27 13:52:49.026,1.57755,1.57779,1.00,1.95
2015.08.27 13:52:49.078,1.57761,1.57779,1.00,1.95
2015.08.27 13:52:49.383,1.5777,1.57779,1.00,1.00
2015.08.27 13:52:49.729,1.57784,1.57792,1.00,1.00
2015.08.27 13:52:49.780,1.57784,1.57806,1.00,1.12
2015.08.27 13:52:49.883,1.57787,1.57807,1.00,1.12
2015.08.27 13:52:50.189,1.57788,1.57814,1.00,2.32
2015.08.27 13:52:50.241,1.57791,1.57814,1.00,1.65
2015.08.27 13:52:50.591,1.57791,1.57815,1.00,1.00
2015.08.27 13:52:50.643,1.57794,1.57817,1.00,1.47
2015.08.27 13:52:50.746,1.57797,1.5782,1.00,1.12
2015.08.27 13:52:51.256,1.57797,1.57822,1.12,1.57
2015.08.27 13:52:51.411,1.57799,1.57822,1.00,1.95
2015.08.27 13:52:51.760,1.57799,1.57818,1.00,1.37
2015.08.27 13:52:51.811,1.57797,1.57818,1.00,1.87
2015.08.27 13:52:51.914,1.57795,1.57818,1.00,2.32
2015.08.27 13:52:52.067,1.57798,1.57818,1.00,1.57
2015.08.27 13:52:52.118,1.57796,1.57818,1.00,1.57
2015.08.27 13:52:52.825,1.57796,1.57819,1.00,1.27
2015.08.27 13:52:52.927,1.57796,1.57814,1.00,1.12
2015.08.27 13:52:53.081,1.57793,1.57814,1.00,1.12
2015.08.27 13:52:53.335,1.57793,1.57815,1.50,1.85
2015.08.27 13:52:53.386,1.57795,1.57815,1.00,1.12
2015.08.27 13:52:53.698,1.57798,1.5782,1.00,1.37
2015.08.27 13:52:53.801,1.57798,1.57821,1.00,1.75
2015.08.27 13:52:53.852,1.57795,1.57821,1.00,1.75
2015.08.27 13:52:53.903,1.57795,1.57818,1.00,1.12
2015.08.27 13:52:54.107,1.57795,1.57818,1.00,2.32
2015.08.27 13:52:54.718,1.57797,1.57822,1.00,2.02
2015.08.27 13:52:54.820,1.578,1.57822,1.00,1.65
2015.08.27 13:52:55.124,1.57813,1.5783,1.00,1.00
2015.08.27 13:52:55.226,1.57815,1.57841,1.00,2.02
2015.08.27 13:52:55.328,1.57815,1.57839,1.00,1.00
2015.08.27 13:52:55.379,1.57818,1.57839,1.00,1.00
2015.08.27 13:52:55.430,1.57819,1.57844,1.00,3.15
2015.08.27 13:52:55.889,1.57822,1.57844,1.00,1.67
2015.08.27 13:52:56.041,1.57822,1.57848,1.00,1.42
2015.08.27 13:52:56.297,1.57825,1.57849,1.00,2.62
2015.08.27 13:52:56.610,1.5783,1.57849,1.00,2.25
2015.08.27 13:52:56.813,1.57833,1.57851,1.00,1.00
2015.08.27 13:52:57.086,1.57835,1.57851,1.00,1.00
2015.08.27 13:52:57.188,1.57833,1.57851,1.00,1.00
2015.08.27 13:52:57.290,1.57836,1.57851,1.00,1.00
2015.08.27 13:52:57.829,1.57842,1.57851,1.00,1.00
2015.08.27 13:52:57.881,1.57845,1.57855,1.00,1.12
2015.08.27 13:52:57.933,1.57845,1.57863,1.00,2.32
2015.08.27 13:52:57.985,1.57843,1.57863,1.00,1.57
2015.08.27 13:52:58.036,1.57843,1.57865,1.00,1.12
2015.08.27 13:52:58.140,1.5784,1.57864,1.50,2.17
2015.08.27 13:52:58.293,1.57836,1.57862,1.50,1.70
2015.08.27 13:52:58.546,1.5784,1.57863,1.00,1.12
2015.08.27 13:52:58.954,1.57842,1.57861,1.00,1.67
2015.08.27 13:52:59.463,1.57841,1.57861,1.00,1.82
2015.08.27 13:52:59.777,1.57837,1.57855,1.00,1.00
2015.08.27 13:53:00.183,1.5784,1.57855,1.00,1.00
2015.08.27 13:53:00.336,1.5784,1.57857,1.00,1.30
2015.08.27 13:53:00.540,1.5784,1.5786,1.50,1.12
2015.08.27 13:53:00.970,1.57839,1.57859,1.00,1.05
2015.08.27 13:53:01.021,1.57836,1.57859,1.00,1.05
2015.08.27 13:53:01.072,1.57836,1.57858,1.00,1.05
2015.08.27 13:53:01.174,1.57834,1.57858,1.00,1.12
2015.08.27 13:53:01.946,1.57834,1.57856,1.00,1.00
2015.08.27 13:53:03.511,1.57835,1.57856,1.00,1.00
2015.08.27 13:53:04.343,1.57835,1.5785,1.00,1.00
2015.08.27 13:53:06.494,1.57835,1.57847,1.00,1.00
2015.08.27 13:53:07.102,1.57835,1.5785,1.00,1.00
2015.08.27 13:53:08.575,1.57832,1.5784,1.00,1.00
2015.08.27 13:53:08.627,1.57828,1.57847,1.12,1.37
2015.08.27 13:53:08.679,1.57825,1.57847,1.12,1.07
2015.08.27 13:53:09.192,1.57828,1.57847,1.00,1.00
2015.08.27 13:53:10.660,1.57828,1.57844,1.00,1.00
2015.08.27 13:53:11.177,1.57828,1.5784,1.00,1.00
2015.08.27 13:53:11.279,1.57825,1.57839,1.00,1.37
2015.08.27 13:53:11.330,1.57823,1.57839,1.00,1.37
2015.08.27 13:53:11.381,1.57821,1.57839,1.00,1.37
2015.08.27 13:53:11.483,1.57821,1.57839,1.00,1.00
2015.08.27 13:53:11.585,1.57819,1.5784,1.00,1.00
2015.08.27 13:53:11.687,1.57817,1.5784,1.00,1.00
2015.08.27 13:53:11.789,1.57817,1.5784,1.75,1.00
2015.08.27 13:53:12.075,1.57819,1.5784,1.00,1.00
2015.08.27 13:53:12.177,1.57819,1.5784,1.75,1.00
2015.08.27 13:53:12.482,1.57819,1.57839,1.00,1.00
2015.08.27 13:53:12.939,1.57819,1.57844,1.00,1.20
2015.08.27 13:53:13.092,1.57818,1.57842,1.00,1.12
2015.08.27 13:53:13.396,1.57826,1.57846,1.00,2.62
2015.08.27 13:53:13.599,1.57827,1.57847,1.50,1.00
2015.08.27 13:53:14.071,1.5783,1.57847,1.00,1.00
2015.08.27 13:53:14.578,1.57831,1.57847,1.00,1.00
2015.08.27 13:53:14.738,1.57831,1.57856,1.50,1.12
2015.08.27 13:53:14.790,1.57834,1.57857,1.50,1.47
2015.08.27 13:53:14.993,1.57834,1.5786,1.50,1.55
2015.08.27 13:53:15.045,1.57836,1.5786,1.00,1.55
2015.08.27 13:53:15.298,1.57836,1.57862,1.87,1.15
2015.08.27 13:53:15.350,1.57839,1.57862,1.00,1.15
2015.08.27 13:53:15.401,1.57839,1.57862,1.00,1.00
2015.08.27 13:53:15.553,1.57841,1.5786,1.00,1.00
2015.08.27 13:53:16.055,1.57841,1.57859,1.00,1.00
2015.08.27 13:53:16.157,1.57835,1.57858,1.50,1.00
2015.08.27 13:53:16.208,1.57834,1.57858,1.00,1.00
2015.08.27 13:53:16.259,1.57836,1.57858,1.00,1.00
2015.08.27 13:53:16.716,1.57836,1.57861,1.50,1.57
2015.08.27 13:53:17.028,1.57836,1.57857,1.00,1.37
2015.08.27 13:53:17.383,1.5784,1.57859,1.00,2.25
2015.08.27 13:53:17.638,1.57846,1.57865,1.00,1.00
2015.08.27 13:53:18.482,1.57846,1.57865,1.00,1.37
2015.08.27 13:53:18.533,1.57844,1.57865,1.50,1.37
2015.08.27 13:53:19.162,1.57844,1.57866,1.50,2.47
2015.08.27 13:53:19.771,1.57844,1.57866,1.50,1.87
2015.08.27 13:53:20.025,1.57844,1.57866,1.00,1.95
2015.08.27 13:53:20.346,1.57847,1.57866,1.00,1.95
2015.08.27 13:53:20.549,1.57843,1.57866,1.50,1.95
2015.08.27 13:53:20.703,1.57843,1.57861,1.50,1.00
2015.08.27 13:53:20.907,1.57841,1.57861,1.00,1.00
2015.08.27 13:53:21.212,1.5784,1.5786,1.00,1.37
2015.08.27 13:53:21.465,1.57837,1.57859,1.50,1.12
2015.08.27 13:53:21.618,1.57837,1.57859,1.50,1.37
2015.08.27 13:53:22.431,1.57837,1.57859,1.50,1.12
2015.08.27 13:53:22.938,1.57837,1.57859,1.50,1.37
2015.08.27 13:53:23.244,1.57837,1.5786,1.50,1.37
2015.08.27 13:53:23.296,1.57842,1.57859,1.00,1.00
2015.08.27 13:53:23.398,1.57842,1.57861,1.00,1.00
2015.08.27 13:53:23.550,1.57845,1.57865,1.00,1.00
2015.08.27 13:53:23.753,1.57847,1.57865,1.00,1.00
2015.08.27 13:53:24.312,1.57844,1.57866,1.00,1.37
2015.08.27 13:53:24.531,1.57844,1.57859,1.00,1.37
2015.08.27 13:53:24.582,1.5784,1.57859,1.00,1.37
2015.08.27 13:53:24.837,1.5784,1.57855,1.00,1.00
2015.08.27 13:53:24.990,1.57837,1.57855,1.50,1.00
2015.08.27 13:53:25.245,1.57837,1.57857,1.50,1.12
2015.08.27 13:53:25.764,1.57837,1.57856,1.50,1.12
2015.08.27 13:53:26.601,1.57837,1.5786,1.50,1.27
2015.08.27 13:53:26.750,1.57841,1.5786,1.00,1.12
2015.08.27 13:53:27.004,1.57837,1.5786,1.50,1.37
2015.08.27 13:53:27.521,1.57837,1.5786,1.50,1.12
2015.08.27 13:53:27.877,1.5784,1.57859,1.00,1.37
2015.08.27 13:53:27.979,1.57837,1.57859,1.50,1.87
2015.08.27 13:53:28.030,1.57837,1.57857,1.50,1.00
2015.08.27 13:53:28.081,1.57839,1.57857,1.00,1.00
2015.08.27 13:53:28.437,1.57839,1.5786,1.50,1.12
2015.08.27 13:53:28.743,1.57836,1.57852,1.50,1.00
2015.08.27 13:53:28.964,1.57833,1.57853,1.00,1.00
2015.08.27 13:53:29.117,1.5783,1.57852,1.50,1.00
2015.08.27 13:53:29.270,1.57832,1.57853,1.00,1.00
2015.08.27 13:53:29.628,1.57832,1.57852,1.00,1.50
2015.08.27 13:53:30.038,1.57833,1.57853,1.00,1.50
2015.08.27 13:53:30.191,1.57836,1.57855,1.50,1.00
2015.08.27 13:53:30.294,1.57836,1.57858,1.50,1.57
2015.08.27 13:53:30.769,1.57839,1.57859,1.00,1.12
2015.08.27 13:53:31.088,1.57837,1.57859,1.00,1.12
2015.08.27 13:53:31.144,1.57836,1.57857,1.00,1.87
2015.08.27 13:53:31.450,1.57836,1.57854,1.00,1.00
2015.08.27 13:53:31.971,1.57837,1.57854,1.00,1.00
2015.08.27 13:53:32.514,1.57837,1.57857,1.00,1.12
2015.08.27 13:53:32.819,1.57837,1.57857,1.00,1.20
2015.08.27 13:53:34.038,1.57837,1.57857,1.00,1.20
2015.08.27 13:53:34.140,1.57837,1.57858,1.00,1.17
2015.08.27 13:53:34.192,1.57839,1.57858,1.00,1.17
2015.08.27 13:53:34.541,1.57839,1.57861,1.50,2.02
2015.08.27 13:53:34.643,1.57841,1.57861,1.00,1.52
2015.08.27 13:53:34.950,1.5785,1.5787,1.00,1.15
2015.08.27 13:53:35.002,1.57848,1.5787,1.00,1.15
2015.08.27 13:53:35.104,1.57848,1.5787,1.00,1.00
2015.08.27 13:53:35.155,1.57848,1.57865,1.00,1.87
2015.08.27 13:53:35.412,1.57843,1.57865,1.00,2.70
2015.08.27 13:53:35.515,1.57844,1.57863,1.00,1.00
2015.08.27 13:53:36.023,1.57844,1.57864,1.00,1.65
2015.08.27 13:53:36.124,1.57844,1.57864,1.00,2.40
2015.08.27 13:53:37.557,1.57844,1.57863,1.00,1.12
2015.08.27 13:53:37.902,1.57842,1.57862,1.50,1.75
2015.08.27 13:53:38.664,1.57842,1.57862,1.00,1.92
2015.08.27 13:53:39.167,1.57836,1.57857,1.00,1.12
2015.08.27 13:53:39.219,1.57833,1.57855,1.00,1.87
2015.08.27 13:53:39.475,1.57838,1.57854,1.00,1.65
2015.08.27 13:53:39.770,1.57838,1.57858,1.00,1.17
2015.08.27 13:53:39.973,1.5784,1.5786,1.00,1.57
2015.08.27 13:53:40.024,1.57838,1.57858,1.50,1.17
2015.08.27 13:53:40.533,1.57838,1.57858,1.50,1.00
2015.08.27 13:53:41.141,1.5784,1.5786,1.00,1.57
2015.08.27 13:53:41.701,1.57842,1.57863,1.00,1.95
2015.08.27 13:53:42.215,1.57842,1.57863,1.00,1.90
2015.08.27 13:53:42.369,1.57844,1.57864,1.00,1.90
2015.08.27 13:53:42.624,1.57848,1.57866,1.00,1.87
2015.08.27 13:53:42.675,1.57848,1.5787,1.00,1.65
2015.08.27 13:53:42.930,1.57849,1.57871,1.00,1.52
2015.08.27 13:53:43.125,1.57848,1.57867,1.00,1.00
2015.08.27 13:53:43.636,1.57845,1.57867,1.50,1.00
2015.08.27 13:53:43.687,1.57845,1.57867,1.50,1.37
2015.08.27 13:53:43.993,1.57847,1.57867,1.00,1.87
2015.08.27 13:53:44.365,1.57847,1.57866,1.00,1.57
2015.08.27 13:53:44.518,1.57843,1.57861,1.50,1.00
2015.08.27 13:53:45.025,1.57843,1.57863,1.00,1.50
2015.08.27 13:53:45.143,1.57843,1.57865,1.50,1.00
2015.08.27 13:53:45.195,1.57846,1.57867,1.00,1.00
2015.08.27 13:53:45.604,1.57851,1.57867,1.00,1.12
2015.08.27 13:53:45.909,1.57853,1.57869,1.00,1.20
2015.08.27 13:53:46.254,1.57856,1.57874,1.00,1.12
2015.08.27 13:53:47.065,1.57856,1.57871,1.00,1.00
2015.08.27 13:53:48.620,1.57853,1.57871,1.50,1.37
2015.08.27 13:53:48.671,1.5785,1.57869,1.00,1.12
2015.08.27 13:53:48.723,1.5785,1.57867,1.00,1.12
2015.08.27 13:53:49.029,1.5785,1.57867,1.00,1.87
2015.08.27 13:53:49.533,1.5785,1.57865,1.00,1.00
2015.08.27 13:53:50.482,1.57847,1.57865,1.50,1.00
2015.08.27 13:53:50.706,1.57852,1.57865,1.00,1.00
2015.08.27 13:53:51.082,1.57851,1.57867,1.00,1.50
2015.08.27 13:53:51.133,1.57853,1.57867,1.00,1.50
2015.08.27 13:53:52.198,1.57853,1.57869,1.50,1.12
2015.08.27 13:53:52.452,1.57851,1.57869,1.00,1.12
2015.08.27 13:53:52.809,1.57851,1.57869,1.00,1.20
2015.08.27 13:53:53.437,1.57853,1.57871,1.00,1.12
2015.08.27 13:53:53.489,1.57853,1.57872,1.00,1.37
2015.08.27 13:53:53.591,1.57857,1.57873,1.00,1.37
2015.08.27 13:53:53.642,1.57857,1.57873,1.00,1.00
2015.08.27 13:53:53.744,1.57859,1.57875,1.00,1.47
2015.08.27 13:53:54.144,1.57857,1.57875,1.00,1.37
2015.08.27 13:53:54.500,1.57854,1.57873,1.00,1.12
2015.08.27 13:53:55.739,1.57856,1.57875,1.00,1.37
2015.08.27 13:53:56.246,1.57856,1.57872,1.00,1.12
2015.08.27 13:53:56.785,1.57854,1.57875,1.00,1.50
2015.08.27 13:53:57.040,1.57856,1.57875,1.00,1.50
2015.08.27 13:53:57.344,1.57858,1.57875,1.00,1.00
2015.08.27 13:53:57.596,1.57856,1.57878,1.50,1.57
2015.08.27 13:53:59.339,1.57856,1.57876,1.00,1.57
2015.08.27 13:53:59.442,1.57856,1.57876,1.00,1.57
2015.08.27 13:53:59.645,1.57853,1.57873,1.00,1.37
2015.08.27 13:54:00.358,1.57853,1.57873,1.00,1.37
2015.08.27 13:54:00.510,1.5785,1.57871,1.00,1.10
2015.08.27 13:54:00.562,1.5785,1.57872,1.00,2.02
2015.08.27 13:54:00.613,1.57847,1.57867,1.00,1.50
2015.08.27 13:54:01.120,1.57848,1.5787,1.00,1.50
2015.08.27 13:54:01.171,1.5785,1.57863,1.00,1.00
2015.08.27 13:54:01.273,1.5785,1.57866,1.00,1.00
2015.08.27 13:54:01.472,1.57853,1.57872,1.00,1.20
2015.08.27 13:54:01.881,1.57853,1.57868,1.00,1.00
2015.08.27 13:54:01.932,1.57849,1.57869,1.00,1.00
2015.08.27 13:54:01.983,1.57851,1.57871,1.00,1.00
2015.08.27 13:54:02.487,1.57851,1.57871,1.00,1.65
2015.08.27 13:54:02.792,1.57851,1.57868,1.00,1.12
2015.08.27 13:54:02.843,1.57848,1.57868,1.00,1.00
2015.08.27 13:54:02.894,1.57848,1.57866,1.00,1.00
2015.08.27 13:54:03.199,1.57848,1.5786,1.00,1.50
2015.08.27 13:54:03.533,1.57848,1.57858,1.00,1.00
2015.08.27 13:54:03.636,1.5784,1.57853,1.00,1.00
2015.08.27 13:54:03.688,1.57839,1.57858,1.00,1.75
2015.08.27 13:54:03.740,1.57841,1.57858,1.00,1.87
2015.08.27 13:54:03.944,1.57842,1.57859,1.00,1.00
2015.08.27 13:54:04.609,1.57842,1.57862,1.00,1.00
2015.08.27 13:54:04.914,1.57842,1.57862,1.00,1.75
2015.08.27 13:54:05.321,1.57842,1.57857,1.00,1.00
2015.08.27 13:54:05.525,1.57839,1.57857,1.00,1.00
2015.08.27 13:54:05.831,1.57839,1.57858,1.00,1.75
2015.08.27 13:54:05.882,1.57835,1.57857,1.00,1.75
2015.08.27 13:54:06.340,1.57833,1.57855,1.00,1.50
2015.08.27 13:54:06.594,1.57833,1.57854,1.00,1.50
2015.08.27 13:54:07.042,1.57831,1.57852,1.00,1.37
2015.08.27 13:54:07.984,1.57831,1.57852,1.00,1.37
2015.08.27 13:54:08.124,1.57831,1.57853,1.00,1.12
2015.08.27 13:54:08.225,1.57835,1.57854,1.00,1.57
2015.08.27 13:54:08.732,1.57839,1.57852,1.00,1.00
2015.08.27 13:54:08.834,1.57839,1.5786,1.00,1.57
2015.08.27 13:54:08.885,1.57839,1.5786,1.00,1.20
2015.08.27 13:54:09.188,1.57839,1.5786,1.00,1.20
2015.08.27 13:54:09.546,1.57837,1.57857,1.00,1.75
2015.08.27 13:54:09.851,1.57838,1.57858,1.00,1.85
2015.08.27 13:54:09.953,1.57838,1.57858,1.00,1.10
2015.08.27 13:54:10.388,1.57842,1.57862,1.00,2.62
2015.08.27 13:54:10.694,1.57845,1.57857,1.00,1.37
2015.08.27 13:54:10.745,1.57843,1.57857,1.00,1.47
2015.08.27 13:54:10.796,1.57837,1.57857,1.00,1.95
2015.08.27 13:54:10.847,1.57837,1.57854,1.00,1.45
2015.08.27 13:54:10.899,1.57834,1.57854,1.00,1.87
2015.08.27 13:54:10.950,1.57837,1.57854,1.00,1.45
2015.08.27 13:54:11.052,1.57835,1.57855,1.00,1.20
2015.08.27 13:54:11.206,1.57839,1.57855,1.00,1.20
2015.08.27 13:54:11.393,1.57835,1.57855,1.00,1.50
2015.08.27 13:54:12.424,1.57835,1.57852,1.00,1.00
2015.08.27 13:54:13.404,1.57835,1.57854,1.00,1.10
2015.08.27 13:54:13.506,1.57839,1.57857,1.00,1.12
2015.08.27 13:54:13.760,1.57851,1.57871,1.00,1.12
2015.08.27 13:54:13.909,1.57852,1.57874,1.00,1.37
2015.08.27 13:54:13.961,1.57856,1.5788,1.00,1.57
2015.08.27 13:54:14.063,1.57856,1.57881,1.00,1.50
2015.08.27 13:54:14.114,1.57856,1.57876,1.50,1.00
2015.08.27 13:54:14.166,1.57856,1.57881,1.00,1.20
2015.08.27 13:54:14.369,1.57857,1.57885,1.37,1.82
2015.08.27 13:54:14.775,1.57864,1.57884,1.00,1.12
2015.08.27 13:54:15.162,1.57864,1.57884,1.00,1.50
2015.08.27 13:54:15.467,1.57864,1.57882,1.00,1.12
2015.08.27 13:54:17.143,1.57864,1.57884,1.00,1.95
2015.08.27 13:54:18.020,1.57864,1.57884,1.00,1.50
2015.08.27 13:54:18.072,1.57864,1.57882,1.00,1.87
2015.08.27 13:54:18.378,1.5786,1.57879,1.00,1.20
2015.08.27 13:54:18.725,1.57879,1.5789,1.00,1.87
2015.08.27 13:54:18.777,1.57879,1.5789,1.00,1.00
2015.08.27 13:54:18.828,1.57876,1.57899,1.00,1.12
2015.08.27 13:54:18.931,1.57879,1.57899,1.00,1.00
2015.08.27 13:54:18.984,1.57879,1.57904,1.12,1.00
2015.08.27 13:54:19.238,1.57884,1.57904,1.00,1.00
2015.08.27 13:54:19.650,1.57878,1.57909,1.87,1.75
2015.08.27 13:54:19.955,1.57888,1.57907,1.00,1.57
2015.08.27 13:54:20.006,1.57881,1.57907,1.12,1.20
2015.08.27 13:54:20.057,1.57883,1.57908,1.00,1.20
2015.08.27 13:54:20.159,1.57883,1.57908,1.37,1.20
2015.08.27 13:54:20.464,1.57894,1.5791,1.00,1.12
2015.08.27 13:54:20.976,1.57893,1.5791,1.00,1.12
2015.08.27 13:54:21.382,1.57893,1.57905,1.00,1.00
2015.08.27 13:54:21.433,1.57891,1.57905,1.00,1.00
2015.08.27 13:54:21.484,1.57891,1.57907,1.00,1.00
2015.08.27 13:54:21.536,1.57887,1.57907,1.00,1.00
2015.08.27 13:54:21.587,1.57887,1.57908,1.00,1.50
2015.08.27 13:54:21.979,1.57884,1.57904,1.00,1.00
2015.08.27 13:54:22.385,1.57891,1.57904,1.00,1.00
2015.08.27 13:54:22.996,1.57891,1.57906,1.00,1.12
2015.08.27 13:54:23.357,1.57891,1.57903,1.00,1.37
2015.08.27 13:54:23.409,1.57887,1.57901,1.00,1.12
2015.08.27 13:54:23.460,1.57887,1.57901,1.00,1.72
2015.08.27 13:54:23.511,1.57885,1.579,1.00,1.60
2015.08.27 13:54:23.563,1.57887,1.579,1.00,1.00
2015.08.27 13:54:23.614,1.57892,1.57896,1.00,1.00
2015.08.27 13:54:23.717,1.57889,1.57899,1.00,1.00
2015.08.27 13:54:23.769,1.57891,1.57902,1.00,1.00
2015.08.27 13:54:23.871,1.57892,1.57905,1.00,1.50
2015.08.27 13:54:24.264,1.57894,1.57905,1.00,1.00
2015.08.27 13:54:24.571,1.57897,1.57908,1.00,1.12
2015.08.27 13:54:25.252,1.57894,1.57908,1.00,1.30
2015.08.27 13:54:25.354,1.57888,1.57903,1.00,1.60
2015.08.27 13:54:25.659,1.57879,1.57893,1.00,1.50
2015.08.27 13:54:26.065,1.57879,1.57895,1.00,1.75
2015.08.27 13:54:26.330,1.57881,1.57897,1.00,1.35
2015.08.27 13:54:26.381,1.57881,1.57897,1.00,1.35
2015.08.27 13:54:26.808,1.57885,1.57897,1.00,1.35
2015.08.27 13:54:27.011,1.57889,1.57903,1.00,1.37
2015.08.27 13:54:27.062,1.57889,1.57903,1.00,1.00
2015.08.27 13:54:27.571,1.57889,1.57902,1.00,1.00
2015.08.27 13:54:28.328,1.57889,1.57903,1.00,1.00
2015.08.27 13:54:28.432,1.57886,1.57902,1.50,1.72
2015.08.27 13:54:28.748,1.57889,1.57902,1.00,1.50
2015.08.27 13:54:29.206,1.57891,1.57903,1.00,1.75
2015.08.27 13:54:29.460,1.57891,1.57904,1.00,1.00
2015.08.27 13:54:29.585,1.57891,1.57904,1.00,1.37
2015.08.27 13:54:30.470,1.57889,1.57902,1.00,1.00
2015.08.27 13:54:30.673,1.57889,1.57903,1.00,1.12
2015.08.27 13:54:31.394,1.57889,1.57904,1.00,2.62
2015.08.27 13:54:31.446,1.57889,1.57904,1.00,1.12
2015.08.27 13:54:31.498,1.57893,1.57903,1.00,1.00
2015.08.27 13:54:31.803,1.57902,1.57916,1.00,1.75
2015.08.27 13:54:32.008,1.57902,1.57919,1.00,1.37
2015.08.27 13:54:33.198,1.579,1.57919,1.50,1.97
2015.08.27 13:54:33.504,1.579,1.57913,1.00,1.12
2015.08.27 13:54:34.662,1.57898,1.57913,1.00,1.12
2015.08.27 13:54:34.966,1.57894,1.57911,1.00,1.37
2015.08.27 13:54:35.767,1.57897,1.57911,1.00,1.37
2015.08.27 13:54:36.072,1.57893,1.57912,1.00,1.12
2015.08.27 13:54:39.263,1.5789,1.57911,1.00,1.50
2015.08.27 13:54:39.365,1.57892,1.57913,1.00,1.37
2015.08.27 13:54:39.468,1.57894,1.57913,1.00,1.00
2015.08.27 13:54:39.519,1.57898,1.57913,1.00,1.60
2015.08.27 13:54:39.672,1.57892,1.5791,1.00,1.00
2015.08.27 13:54:39.774,1.57891,1.57899,1.00,1.00
2015.08.27 13:54:40.108,1.57893,1.57902,1.00,1.00
2015.08.27 13:54:40.159,1.57896,1.57907,1.00,1.00
2015.08.27 13:54:40.464,1.57891,1.57903,1.12,1.00
2015.08.27 13:54:40.566,1.57894,1.57903,1.00,1.00
2015.08.27 13:54:40.668,1.57894,1.57908,1.00,1.00
2015.08.27 13:54:40.719,1.57896,1.57908,1.00,1.00
2015.08.27 13:54:41.072,1.5789,1.57908,1.00,1.00
2015.08.27 13:54:41.124,1.5789,1.57911,1.00,1.00
2015.08.27 13:54:41.530,1.5789,1.57908,1.00,1.00
2015.08.27 13:54:42.046,1.57889,1.57908,1.00,1.00
2015.08.27 13:54:42.148,1.57889,1.57911,1.50,1.00
2015.08.27 13:54:42.199,1.57891,1.57913,1.00,1.10
2015.08.27 13:54:42.503,1.57909,1.57924,1.00,1.00
2015.08.27 13:54:42.808,1.57916,1.57928,1.00,1.00
2015.08.27 13:54:43.387,1.5792,1.57928,1.00,1.00
2015.08.27 13:54:43.491,1.57917,1.57928,1.00,1.00
2015.08.27 13:54:43.543,1.57917,1.57934,1.00,1.00
2015.08.27 13:54:43.594,1.57919,1.5794,1.00,1.35
2015.08.27 13:54:43.907,1.57921,1.5794,1.00,1.35
2015.08.27 13:54:45.266,1.57921,1.5794,1.00,1.67
2015.08.27 13:54:45.368,1.57919,1.5794,1.00,1.67
2015.08.27 13:54:45.419,1.57918,1.57942,1.00,1.35
2015.08.27 13:54:45.926,1.57917,1.57941,1.00,2.85
2015.08.27 13:54:46.328,1.57914,1.57938,1.00,1.97
2015.08.27 13:54:46.379,1.57914,1.57936,1.00,1.35
2015.08.27 13:54:46.431,1.57914,1.57936,1.00,1.75
2015.08.27 13:54:46.583,1.57913,1.57932,1.00,1.60
2015.08.27 13:54:46.737,1.57908,1.57929,1.00,1.60
2015.08.27 13:54:46.788,1.57906,1.57929,1.00,1.60
2015.08.27 13:54:47.663,1.57906,1.57924,1.00,1.35
2015.08.27 13:54:47.765,1.579,1.57922,1.00,1.30
2015.08.27 13:54:47.816,1.579,1.57922,1.00,1.80
2015.08.27 13:54:47.918,1.57898,1.57921,1.50,1.50
2015.08.27 13:54:49.151,1.57898,1.57921,1.00,1.12
2015.08.27 13:54:49.203,1.57897,1.57918,1.00,1.12
2015.08.27 13:54:49.409,1.57895,1.57919,1.00,1.87
2015.08.27 13:54:49.612,1.57897,1.57918,1.00,2.40
2015.08.27 13:54:50.070,1.57897,1.57916,1.00,1.27
2015.08.27 13:54:50.401,1.57896,1.57914,1.00,1.12
2015.08.27 13:54:50.845,1.57894,1.57914,1.00,1.12
2015.08.27 13:54:50.896,1.57892,1.57913,1.00,1.75
2015.08.27 13:54:51.049,1.57897,1.57914,1.00,1.12
2015.08.27 13:54:51.101,1.57899,1.57917,1.00,3.15
2015.08.27 13:54:51.152,1.57902,1.57917,1.00,2.40
2015.08.27 13:54:51.356,1.57906,1.57925,1.00,1.50
2015.08.27 13:54:51.510,1.57906,1.57928,1.00,1.27
2015.08.27 13:54:51.612,1.57909,1.57929,1.00,1.12
2015.08.27 13:54:51.714,1.57911,1.57932,1.00,1.12
2015.08.27 13:54:51.766,1.57909,1.57932,1.50,1.12
2015.08.27 13:54:51.919,1.57909,1.57928,1.00,1.60
2015.08.27 13:54:51.970,1.57906,1.57928,1.00,1.60
2015.08.27 13:54:52.021,1.57906,1.57928,1.00,1.00
2015.08.27 13:54:52.123,1.57906,1.57929,1.00,1.90
2015.08.27 13:54:52.379,1.57901,1.57923,1.50,1.12
2015.08.27 13:54:52.531,1.57903,1.57923,1.00,1.12
2015.08.27 13:54:52.837,1.57903,1.57922,1.00,1.35
2015.08.27 13:54:52.940,1.57902,1.57922,1.00,1.35
2015.08.27 13:54:53.043,1.57903,1.57925,1.00,1.20
2015.08.27 13:54:53.233,1.57908,1.57927,1.00,2.40
2015.08.27 13:54:53.284,1.57908,1.57927,1.00,1.52
2015.08.27 13:54:53.336,1.57909,1.57929,1.00,1.10
2015.08.27 13:54:53.846,1.5791,1.57929,1.00,1.00
2015.08.27 13:54:53.999,1.5791,1.57932,1.00,1.92
2015.08.27 13:54:54.302,1.57909,1.57922,1.00,1.00
2015.08.27 13:54:54.354,1.57905,1.57922,1.00,1.00
2015.08.27 13:54:54.456,1.57903,1.57922,1.00,1.00
2015.08.27 13:54:54.508,1.57903,1.57922,1.00,1.37
2015.08.27 13:54:54.610,1.57901,1.57922,1.00,1.37
2015.08.27 13:54:54.814,1.579,1.57917,1.00,1.00
2015.08.27 13:54:54.966,1.57897,1.57917,1.00,1.00
2015.08.27 13:54:55.475,1.57898,1.57916,1.00,1.00
2015.08.27 13:54:55.678,1.579,1.57916,1.00,1.00
2015.08.27 13:54:55.982,1.57907,1.57916,1.00,1.00
2015.08.27 13:54:56.390,1.57907,1.5792,1.00,1.00
2015.08.27 13:54:56.441,1.57907,1.57929,1.00,2.40
2015.08.27 13:54:56.594,1.57907,1.57932,1.37,1.12
2015.08.27 13:54:56.645,1.57911,1.57934,1.00,1.12
2015.08.27 13:54:56.747,1.57911,1.57935,1.00,1.15
2015.08.27 13:54:56.850,1.57913,1.57936,1.00,1.12
2015.08.27 13:54:57.154,1.57916,1.57938,1.00,1.70
2015.08.27 13:54:57.506,1.57919,1.57939,1.00,3.60
2015.08.27 13:54:57.660,1.57915,1.57939,1.00,2.85
2015.08.27 13:54:57.711,1.57917,1.57939,1.00,2.47
2015.08.27 13:54:58.017,1.57919,1.57939,1.00,2.10
2015.08.27 13:54:58.583,1.57919,1.57942,1.00,2.17
2015.08.27 13:54:58.888,1.57919,1.5794,1.00,2.85
2015.08.27 13:54:59.510,1.57919,1.57939,1.00,1.35
2015.08.27 13:54:59.611,1.57918,1.57938,1.00,1.35
2015.08.27 13:54:59.662,1.57916,1.57937,1.00,1.67
2015.08.27 13:54:59.714,1.57916,1.57937,1.00,2.05
2015.08.27 13:54:59.866,1.57917,1.57937,1.00,2.05
2015.08.27 13:55:00.173,1.57921,1.57937,1.00,1.67
2015.08.27 13:55:00.481,1.57923,1.5794,1.00,2.25
2015.08.27 13:55:00.786,1.57913,1.57932,1.00,1.85
2015.08.27 13:55:01.142,1.57912,1.57924,1.00,1.10
2015.08.27 13:55:01.296,1.57908,1.57924,1.00,1.10
2015.08.27 13:55:01.821,1.57902,1.57924,1.00,2.32
2015.08.27 13:55:01.872,1.579,1.57922,1.00,1.50
2015.08.27 13:55:01.923,1.579,1.57917,1.00,1.12
2015.08.27 13:55:02.027,1.5789,1.57911,1.07,1.87
2015.08.27 13:55:02.129,1.57886,1.57906,1.00,1.07
2015.08.27 13:55:02.332,1.57884,1.57906,1.00,1.20
2015.08.27 13:55:02.596,1.57887,1.57906,1.00,1.20
2015.08.27 13:55:02.952,1.57884,1.57904,1.00,1.12
2015.08.27 13:55:03.003,1.57884,1.57902,1.00,1.10
2015.08.27 13:55:03.107,1.5788,1.57902,1.00,1.92
2015.08.27 13:55:03.159,1.5788,1.57899,1.00,1.12
2015.08.27 13:55:03.497,1.57878,1.57899,1.00,1.27
2015.08.27 13:55:03.751,1.57875,1.57895,1.00,1.00
2015.08.27 13:55:04.007,1.57875,1.57881,1.00,1.00
2015.08.27 13:55:04.110,1.57865,1.57884,1.50,1.12
2015.08.27 13:55:04.162,1.57861,1.57882,1.15,1.00
2015.08.27 13:55:04.213,1.57861,1.57882,1.00,1.50
2015.08.27 13:55:04.461,1.57858,1.57884,1.00,2.32
2015.08.27 13:55:04.563,1.57861,1.57884,1.00,1.45
2015.08.27 13:55:04.665,1.57861,1.57886,1.00,1.20
2015.08.27 13:55:05.428,1.57869,1.57882,1.00,1.00
2015.08.27 13:55:05.530,1.57869,1.57889,1.00,1.45
2015.08.27 13:55:05.632,1.57871,1.57891,1.00,2.70
2015.08.27 13:55:05.734,1.57871,1.57891,1.00,2.62
2015.08.27 13:55:06.455,1.57869,1.5789,1.00,1.35
2015.08.27 13:55:06.507,1.57864,1.57889,1.00,1.87
2015.08.27 13:55:06.558,1.57865,1.57888,1.00,1.12
2015.08.27 13:55:06.660,1.57862,1.57886,1.00,2.47
2015.08.27 13:55:06.711,1.57862,1.57881,1.00,1.00
2015.08.27 13:55:07.067,1.5786,1.57881,1.00,1.00
2015.08.27 13:55:07.119,1.5786,1.57886,1.00,2.25
2015.08.27 13:55:07.170,1.57865,1.57882,1.00,1.00
2015.08.27 13:55:07.508,1.57871,1.57882,1.00,1.00
2015.08.27 13:55:07.712,1.57877,1.57895,1.00,1.00
2015.08.27 13:55:07.763,1.57877,1.57898,1.00,1.00
2015.08.27 13:55:07.816,1.5788,1.57898,1.00,1.00
2015.08.27 13:55:08.019,1.5788,1.57901,1.00,1.72
2015.08.27 13:55:08.548,1.57877,1.57901,1.00,1.60
2015.08.27 13:55:09.517,1.57875,1.57895,1.00,2.10
2015.08.27 13:55:09.568,1.57873,1.57895,1.87,2.10
2015.08.27 13:55:10.567,1.57873,1.57895,1.12,1.12
2015.08.27 13:55:10.669,1.57873,1.57897,1.12,1.12
2015.08.27 13:55:10.720,1.57874,1.57888,1.00,1.00
2015.08.27 13:55:11.229,1.57869,1.57888,1.75,1.00
2015.08.27 13:55:12.966,1.5787,1.57888,1.87,1.00
2015.08.27 13:55:13.473,1.57872,1.57888,1.37,1.00
2015.08.27 13:55:13.525,1.57872,1.57888,1.12,1.00
2015.08.27 13:55:13.677,1.57866,1.57887,3.00,1.00
2015.08.27 13:55:14.055,1.57869,1.57887,1.87,1.00
2015.08.27 13:55:14.361,1.57872,1.57888,1.37,1.00
2015.08.27 13:55:14.924,1.57872,1.57889,1.00,1.00
2015.08.27 13:55:15.280,1.57868,1.57888,1.00,1.00
2015.08.27 13:55:15.584,1.57872,1.57892,1.00,1.12
2015.08.27 13:55:15.893,1.57873,1.57892,1.75,1.00
2015.08.27 13:55:15.944,1.57874,1.57894,1.87,1.50
2015.08.27 13:55:16.300,1.57874,1.57893,1.00,1.00
2015.08.27 13:55:16.867,1.57875,1.57893,1.12,1.00
2015.08.27 13:55:16.970,1.57875,1.57896,1.87,1.00
2015.08.27 13:55:17.073,1.57878,1.57896,1.00,1.00
2015.08.27 13:55:19.144,1.57875,1.57896,1.87,1.00
2015.08.27 13:55:19.752,1.57875,1.57896,1.00,1.00
2015.08.27 13:55:19.804,1.57879,1.57894,1.00,1.00
2015.08.27 13:55:20.058,1.57877,1.57894,1.00,1.00
2015.08.27 13:55:20.491,1.57874,1.57893,1.00,1.00
2015.08.27 13:55:20.946,1.57877,1.57893,1.00,1.00
2015.08.27 13:55:21.252,1.57877,1.5789,1.00,1.00
2015.08.27 13:55:21.406,1.57874,1.5789,1.00,1.00
2015.08.27 13:55:21.508,1.57874,1.57887,1.00,1.00
2015.08.27 13:55:21.662,1.57871,1.57887,1.00,1.00
2015.08.27 13:55:22.607,1.57874,1.57887,1.00,1.00
2015.08.27 13:55:22.658,1.57874,1.5789,1.00,1.00
2015.08.27 13:55:23.166,1.57876,1.5789,1.00,1.00
2015.08.27 13:55:23.371,1.57867,1.57882,1.00,1.00
2015.08.27 13:55:23.423,1.57865,1.57882,1.00,1.00
2015.08.27 13:55:23.474,1.57862,1.57882,1.00,1.00
2015.08.27 13:55:23.729,1.57862,1.5788,1.00,1.00
2015.08.27 13:55:23.780,1.57862,1.57883,1.00,1.00
2015.08.27 13:55:23.831,1.57865,1.57883,1.00,1.00
2015.08.27 13:55:24.145,1.57868,1.57888,1.75,1.00
2015.08.27 13:55:24.417,1.57871,1.5789,1.12,1.00
2015.08.27 13:55:24.518,1.57873,1.5789,1.00,1.00
2015.08.27 13:55:25.154,1.57873,1.57889,1.00,1.00
2015.08.27 13:55:25.307,1.57871,1.57889,1.12,1.00
2015.08.27 13:55:25.822,1.57873,1.57889,1.00,1.00
2015.08.27 13:55:26.493,1.57873,1.57891,1.37,1.00
2015.08.27 13:55:26.596,1.57873,1.57891,1.50,1.00
2015.08.27 13:55:26.647,1.57875,1.57891,1.00,1.00
2015.08.27 13:55:26.699,1.57875,1.57893,1.00,1.00
2015.08.27 13:55:27.427,1.57875,1.57891,1.00,1.00
2015.08.27 13:55:28.342,1.57875,1.57895,1.12,1.50
2015.08.27 13:55:28.550,1.57878,1.57895,1.00,1.00
2015.08.27 13:55:28.984,1.57882,1.57895,1.00,1.00
2015.08.27 13:55:29.441,1.57882,1.57897,1.00,1.00
2015.08.27 13:55:30.230,1.57882,1.57895,1.00,1.00
2015.08.27 13:55:30.383,1.57877,1.57895,1.00,1.00
2015.08.27 13:55:30.434,1.57875,1.57895,1.00,1.00
2015.08.27 13:55:30.731,1.57874,1.57895,1.50,1.00
2015.08.27 13:55:31.044,1.5788,1.57897,1.00,1.00
2015.08.27 13:55:31.351,1.57882,1.57897,1.00,1.00
2015.08.27 13:55:31.656,1.5788,1.57897,1.00,1.00
2015.08.27 13:55:32.650,1.5788,1.57895,1.00,1.00
2015.08.27 13:55:32.904,1.57876,1.57895,1.00,1.00
2015.08.27 13:55:32.955,1.57876,1.57892,1.00,1.00
2015.08.27 13:55:33.271,1.57876,1.5789,1.00,1.00
2015.08.27 13:55:33.327,1.57874,1.5789,1.00,1.00
2015.08.27 13:55:33.835,1.57875,1.5789,1.00,1.00
2015.08.27 13:55:34.089,1.57873,1.5789,1.00,1.00
2015.08.27 13:55:34.191,1.57873,1.57887,1.00,1.00
2015.08.27 13:55:34.408,1.57871,1.57891,1.00,1.00
2015.08.27 13:55:34.818,1.57874,1.57892,1.00,1.00
2015.08.27 13:55:35.383,1.57876,1.57892,1.50,1.00
2015.08.27 13:55:35.962,1.57878,1.57892,1.00,1.00
2015.08.27 13:55:36.487,1.57877,1.57892,1.00,1.87
2015.08.27 13:55:36.715,1.57874,1.57892,1.50,1.12
2015.08.27 13:55:37.222,1.57873,1.57892,1.00,1.50
2015.08.27 13:55:37.996,1.57873,1.57895,1.50,1.87
2015.08.27 13:55:38.250,1.57877,1.57895,1.00,1.12
2015.08.27 13:55:39.369,1.57877,1.57887,1.00,1.00
2015.08.27 13:55:39.420,1.57877,1.57892,1.00,1.00
2015.08.27 13:55:39.522,1.57871,1.57892,1.50,1.87
2015.08.27 13:55:39.573,1.57874,1.57892,1.00,1.12
2015.08.27 13:55:39.931,1.57884,1.57897,1.00,1.00
2015.08.27 13:55:39.983,1.57884,1.57901,1.00,1.00
2015.08.27 13:55:40.137,1.57885,1.57905,1.00,1.00
2015.08.27 13:55:42.116,1.57885,1.57899,1.00,1.00
2015.08.27 13:55:42.219,1.57883,1.57899,1.00,1.00
2015.08.27 13:55:42.728,1.57884,1.57899,1.00,1.00
2015.08.27 13:55:42.930,1.57884,1.57897,1.00,1.00
2015.08.27 13:55:42.981,1.57879,1.57895,1.00,1.00
2015.08.27 13:55:43.083,1.57879,1.57893,1.00,1.00
2015.08.27 13:55:43.284,1.57877,1.57895,1.00,1.00
2015.08.27 13:55:43.386,1.57881,1.57895,1.00,1.00
2015.08.27 13:55:43.639,1.57879,1.57895,1.00,1.00
2015.08.27 13:55:43.944,1.57882,1.57892,1.00,1.00
2015.08.27 13:55:44.097,1.57878,1.57892,1.12,1.60
2015.08.27 13:55:44.259,1.57873,1.57889,1.00,1.35
2015.08.27 13:55:44.564,1.57873,1.57889,1.00,1.60
2015.08.27 13:55:44.718,1.57873,1.57889,1.00,1.00
2015.08.27 13:55:45.226,1.57874,1.57889,1.00,1.00
2015.08.27 13:55:45.560,1.57873,1.57893,1.12,1.35
2015.08.27 13:55:45.664,1.57878,1.57893,1.00,1.35
2015.08.27 13:55:45.970,1.57873,1.5789,1.50,1.60
2015.08.27 13:55:46.072,1.57872,1.5789,1.75,1.00
2015.08.27 13:55:46.949,1.57873,1.5789,1.50,1.60
2015.08.27 13:55:48.280,1.57876,1.5789,1.00,1.60
2015.08.27 13:55:48.994,1.57875,1.57893,1.00,1.60
2015.08.27 13:55:49.401,1.57873,1.5789,1.00,1.60
2015.08.27 13:55:49.453,1.57874,1.57886,1.00,1.00
2015.08.27 13:55:49.504,1.57871,1.57886,1.00,1.00
2015.08.27 13:55:49.657,1.57871,1.57883,1.00,1.00
2015.08.27 13:55:49.708,1.57869,1.57883,1.10,1.00
2015.08.27 13:55:49.760,1.57869,1.57887,1.00,1.00
2015.08.27 13:55:50.278,1.5787,1.57887,1.00,1.00
2015.08.27 13:55:50.995,1.57874,1.5789,1.00,1.00
2015.08.27 13:55:51.047,1.57874,1.57892,1.00,1.00
2015.08.27 13:55:51.098,1.57874,1.5789,1.00,1.60
2015.08.27 13:55:51.608,1.57873,1.5789,1.50,1.60
2015.08.27 13:55:52.143,1.57874,1.57892,1.00,1.60
2015.08.27 13:55:52.246,1.57874,1.57892,1.00,1.00
2015.08.27 13:55:52.450,1.57879,1.57892,1.00,1.00
2015.08.27 13:55:52.757,1.57878,1.57883,1.00,1.00
2015.08.27 13:55:52.808,1.57878,1.57887,1.00,1.00
2015.08.27 13:55:53.316,1.57878,1.57888,1.00,1.00
2015.08.27 13:55:54.016,1.57879,1.57892,1.00,1.00
2015.08.27 13:55:54.118,1.57881,1.57892,1.00,1.00
2015.08.27 13:55:54.428,1.57879,1.57889,1.00,1.00
2015.08.27 13:55:54.581,1.57875,1.57886,1.00,1.00
2015.08.27 13:55:54.684,1.57873,1.57886,1.00,1.00
2015.08.27 13:55:55.091,1.5787,1.57886,1.00,1.00
2015.08.27 13:55:55.291,1.5787,1.57886,1.00,1.37
2015.08.27 13:55:55.392,1.57871,1.57886,1.00,1.12
2015.08.27 13:55:55.494,1.57871,1.57886,1.00,1.37
2015.08.27 13:55:55.900,1.57871,1.57882,1.00,1.00
2015.08.27 13:55:56.715,1.57871,1.57885,1.00,1.12
2015.08.27 13:55:57.021,1.57873,1.57885,1.00,1.00
2015.08.27 13:55:57.859,1.57873,1.57883,1.00,1.00
2015.08.27 13:55:57.910,1.57871,1.57883,1.00,1.00
2015.08.27 13:55:58.571,1.57872,1.57883,1.00,1.00
2015.08.27 13:55:58.622,1.57872,1.57883,1.00,1.37
2015.08.27 13:55:58.674,1.5787,1.57879,1.00,1.00
2015.08.27 13:55:59.224,1.57868,1.57879,1.00,1.00
2015.08.27 13:55:59.836,1.57868,1.57879,1.00,1.37
2015.08.27 13:56:00.016,1.57864,1.57871,1.50,1.00
2015.08.27 13:56:00.170,1.57856,1.57868,1.00,1.00
2015.08.27 13:56:00.222,1.57856,1.57866,1.00,1.00
2015.08.27 13:56:00.273,1.57856,1.57868,1.00,1.00
2015.08.27 13:56:00.325,1.57853,1.57868,1.00,1.00
2015.08.27 13:56:00.631,1.57855,1.57868,1.00,1.00
2015.08.27 13:56:01.026,1.57855,1.57877,1.50,1.60
2015.08.27 13:56:01.381,1.57858,1.57878,1.00,1.60
2015.08.27 13:56:01.942,1.57858,1.57878,1.00,1.75
2015.08.27 13:56:01.994,1.57858,1.57878,1.00,1.50
2015.08.27 13:56:02.183,1.57865,1.57881,1.00,2.47
2015.08.27 13:56:02.438,1.5786,1.5788,1.37,1.97
2015.08.27 13:56:02.489,1.5786,1.5788,1.50,1.72
2015.08.27 13:56:02.693,1.57859,1.5788,1.00,1.60
2015.08.27 13:56:02.795,1.57862,1.57876,1.00,2.10
2015.08.27 13:56:02.897,1.5786,1.57876,1.00,2.10
2015.08.27 13:56:03.237,1.57854,1.5787,1.12,2.10
2015.08.27 13:56:03.799,1.57852,1.5787,1.00,2.10
2015.08.27 13:56:05.084,1.57852,1.57872,1.00,2.10
2015.08.27 13:56:05.135,1.57852,1.57872,1.50,1.35
2015.08.27 13:56:05.237,1.57854,1.57874,1.00,2.10
2015.08.27 13:56:05.538,1.57859,1.57874,1.00,2.10
2015.08.27 13:56:06.299,1.57857,1.57874,1.50,2.10
2015.08.27 13:56:07.690,1.57861,1.57874,1.00,2.10
2015.08.27 13:56:08.079,1.57857,1.57874,1.00,2.10
2015.08.27 13:56:08.130,1.57857,1.57873,1.50,1.97
2015.08.27 13:56:08.234,1.57857,1.57872,1.00,1.30
2015.08.27 13:56:08.342,1.57859,1.57872,1.00,1.30
2015.08.27 13:56:08.648,1.57859,1.57876,1.00,1.67
2015.08.27 13:56:09.156,1.57859,1.57876,1.00,1.30
2015.08.27 13:56:09.330,1.57856,1.57872,1.00,2.10
2015.08.27 13:56:09.635,1.57853,1.57871,1.00,1.67
2015.08.27 13:56:10.451,1.57853,1.57871,1.00,1.35
2015.08.27 13:56:10.655,1.5785,1.57868,1.00,2.47
2015.08.27 13:56:10.858,1.57853,1.57868,1.00,2.47
2015.08.27 13:56:11.733,1.57856,1.57873,1.00,1.35
2015.08.27 13:56:12.088,1.57858,1.57874,1.00,2.47
2015.08.27 13:56:12.241,1.57856,1.57873,1.50,1.30
2015.08.27 13:56:12.647,1.57856,1.57869,1.00,1.30
2015.08.27 13:56:12.832,1.57851,1.57869,1.00,1.30
2015.08.27 13:56:13.035,1.57856,1.5787,1.00,3.22
2015.08.27 13:56:13.543,1.57856,1.57865,1.00,2.10
2015.08.27 13:56:13.697,1.57854,1.57865,1.00,2.10
2015.08.27 13:56:13.851,1.57851,1.57865,1.00,2.10
2015.08.27 13:56:14.360,1.57847,1.57859,1.00,2.10
2015.08.27 13:56:14.865,1.5785,1.57859,1.00,2.10
2015.08.27 13:56:14.916,1.57847,1.57859,1.00,2.10
2015.08.27 13:56:14.968,1.57847,1.57855,1.00,2.10
2015.08.27 13:56:15.273,1.57849,1.57861,1.00,1.00
2015.08.27 13:56:15.781,1.57849,1.57862,1.00,1.35
2015.08.27 13:56:16.019,1.57849,1.57862,1.00,1.72
2015.08.27 13:56:16.327,1.57852,1.57863,1.00,2.10
2015.08.27 13:56:16.531,1.57843,1.57856,1.00,2.85
2015.08.27 13:56:16.583,1.57847,1.57856,1.00,1.00
2015.08.27 13:56:16.936,1.5785,1.57863,1.00,2.85
2015.08.27 13:56:16.988,1.5785,1.57863,1.00,2.10
2015.08.27 13:56:17.243,1.57847,1.57859,1.00,2.10
2015.08.27 13:56:17.345,1.57845,1.57859,1.00,2.10
2015.08.27 13:56:17.396,1.57842,1.57859,1.00,2.10
2015.08.27 13:56:17.447,1.57839,1.57857,1.50,2.85
2015.08.27 13:56:17.753,1.57832,1.57849,1.00,2.85
2015.08.27 13:56:18.166,1.57832,1.57845,1.00,1.00
2015.08.27 13:56:18.218,1.57832,1.57847,1.00,1.00
2015.08.27 13:56:18.269,1.57835,1.57847,1.00,1.00
2015.08.27 13:56:18.371,1.57835,1.57849,1.00,1.00
2015.08.27 13:56:18.524,1.57833,1.57849,1.00,1.00
2015.08.27 13:56:18.627,1.57829,1.57843,1.00,1.00
2015.08.27 13:56:18.930,1.57821,1.57827,1.00,1.00
2015.08.27 13:56:18.981,1.57811,1.57827,1.12,1.00
2015.08.27 13:56:19.033,1.57805,1.5783,1.87,2.62
2015.08.27 13:56:19.085,1.57805,1.57828,1.50,1.37
2015.08.27 13:56:19.136,1.57802,1.57827,1.00,1.67
2015.08.27 13:56:19.290,1.57802,1.57822,1.00,1.37
2015.08.27 13:56:19.341,1.57799,1.57822,1.00,1.37
2015.08.27 13:56:19.697,1.57797,1.57821,1.00,1.92
2015.08.27 13:56:20.116,1.578,1.5782,1.00,1.50
2015.08.27 13:56:20.475,1.57796,1.57818,1.00,1.00
2015.08.27 13:56:21.049,1.57806,1.57817,1.00,1.00
2015.08.27 13:56:21.152,1.57807,1.57828,1.37,2.25
2015.08.27 13:56:21.203,1.57807,1.57828,1.87,1.00
2015.08.27 13:56:21.255,1.57809,1.57833,1.12,1.00
2015.08.27 13:56:21.357,1.57809,1.57835,1.87,1.00
2015.08.27 13:56:22.224,1.5781,1.57837,1.12,3.07
2015.08.27 13:56:22.630,1.5781,1.57837,1.50,3.45
2015.08.27 13:56:23.036,1.5781,1.57837,1.50,3.45
2015.08.27 13:56:23.549,1.57809,1.57832,1.12,1.00
2015.08.27 13:56:23.703,1.57805,1.5783,1.00,1.12
2015.08.27 13:56:23.755,1.57805,1.5783,1.00,1.27
2015.08.27 13:56:23.908,1.578,1.57826,1.50,1.45
2015.08.27 13:56:23.959,1.578,1.57826,1.50,1.57
2015.08.27 13:56:24.721,1.57797,1.5782,1.50,1.00
2015.08.27 13:56:25.953,1.57797,1.5782,2.62,1.00
2015.08.27 13:56:26.762,1.57799,1.5782,1.37,1.00
2015.08.27 13:56:26.914,1.578,1.57823,1.37,1.20
2015.08.27 13:56:27.067,1.578,1.57823,1.75,1.20
2015.08.27 13:56:27.386,1.57806,1.57827,1.37,1.00
2015.08.27 13:56:27.742,1.57812,1.57827,1.00,1.00
2015.08.27 13:56:27.793,1.57807,1.57827,1.37,1.00
2015.08.27 13:56:28.235,1.57812,1.57828,1.12,1.00
2015.08.27 13:56:28.540,1.57809,1.57828,1.75,1.00
2015.08.27 13:56:28.898,1.57811,1.57832,1.50,1.10
2015.08.27 13:56:29.153,1.57811,1.57834,1.12,1.15
2015.08.27 13:56:29.204,1.57814,1.57834,1.00,1.15
2015.08.27 13:56:29.363,1.57814,1.57834,1.00,1.00
2015.08.27 13:56:29.414,1.57818,1.57834,1.00,1.00
2015.08.27 13:56:29.975,1.57815,1.57834,1.37,1.00
2015.08.27 13:56:30.229,1.57815,1.57838,1.75,1.42
2015.08.27 13:56:30.280,1.57821,1.57838,1.75,1.07
2015.08.27 13:56:30.382,1.57823,1.57843,1.12,1.10
2015.08.27 13:56:30.434,1.57823,1.5784,1.20,1.00
2015.08.27 13:56:30.760,1.57828,1.57843,1.12,1.00
2015.08.27 13:56:31.067,1.5783,1.57843,1.00,1.60
2015.08.27 13:56:31.322,1.57824,1.5784,1.20,1.35
2015.08.27 13:56:31.832,1.57825,1.5784,1.12,1.35
2015.08.27 13:56:31.883,1.57825,1.5784,1.50,1.35
2015.08.27 13:56:31.934,1.57827,1.57844,1.50,1.35
2015.08.27 13:56:31.986,1.57831,1.57844,1.12,1.35
2015.08.27 13:56:33.482,1.57831,1.57846,1.47,1.60
2015.08.27 13:56:34.023,1.57831,1.57846,1.10,1.60
2015.08.27 13:56:34.394,1.57831,1.57846,1.00,2.85
2015.08.27 13:56:34.446,1.5783,1.57846,1.00,1.60
2015.08.27 13:56:35.660,1.5783,1.57846,1.00,1.60
2015.08.27 13:56:36.219,1.57829,1.57846,1.87,1.60
2015.08.27 13:56:36.905,1.57829,1.57846,1.87,1.60
2015.08.27 13:56:37.109,1.57832,1.57848,1.37,1.35
2015.08.27 13:56:37.212,1.57832,1.57854,1.87,1.00
2015.08.27 13:56:37.314,1.57835,1.57854,4.12,1.00
2015.08.27 13:56:37.365,1.57841,1.57854,1.12,1.00
2015.08.27 13:56:37.670,1.57845,1.57859,1.00,1.60
2015.08.27 13:56:37.893,1.57846,1.57859,1.37,1.50
2015.08.27 13:56:37.944,1.57846,1.57862,1.47,1.00
2015.08.27 13:56:38.454,1.57848,1.57862,1.12,1.00
2015.08.27 13:56:39.391,1.57848,1.57856,1.12,1.00
2015.08.27 13:56:39.443,1.57846,1.57859,1.47,1.00
2015.08.27 13:56:39.595,1.57842,1.57859,1.37,1.00
2015.08.27 13:56:39.647,1.57842,1.57857,1.37,1.00
2015.08.27 13:56:39.698,1.57846,1.5786,1.00,1.00
2015.08.27 13:56:39.800,1.57846,1.57863,1.00,1.00
2015.08.27 13:56:40.004,1.57853,1.57863,1.00,1.00
2015.08.27 13:56:40.206,1.57856,1.57869,1.00,1.60
2015.08.27 13:56:40.461,1.57858,1.57869,1.00,1.00
2015.08.27 13:56:40.716,1.57857,1.57872,1.00,1.00
2015.08.27 13:56:41.073,1.57857,1.57872,1.37,1.00
2015.08.27 13:56:41.575,1.57857,1.57872,1.37,1.00
2015.08.27 13:56:41.919,1.57857,1.57875,1.37,1.00
2015.08.27 13:56:41.970,1.57863,1.57875,1.00,1.00
2015.08.27 13:56:42.387,1.57868,1.57881,1.00,1.00
2015.08.27 13:56:43.181,1.57868,1.57881,1.37,1.00
2015.08.27 13:56:45.156,1.57868,1.57881,1.37,1.00
2015.08.27 13:56:45.664,1.5787,1.57881,1.12,1.00
2015.08.27 13:56:47.359,1.57865,1.57882,1.00,1.00
2015.08.27 13:56:47.816,1.57865,1.5788,1.00,1.00
2015.08.27 13:56:48.269,1.57867,1.5788,1.00,1.00
2015.08.27 13:56:48.321,1.57863,1.5788,1.50,1.00
2015.08.27 13:56:48.676,1.57865,1.5788,1.00,1.00
2015.08.27 13:56:48.778,1.57865,1.57882,1.00,1.50
2015.08.27 13:56:48.880,1.57867,1.57882,1.00,1.00
2015.08.27 13:56:50.905,1.57865,1.57882,1.00,1.00
2015.08.27 13:56:50.956,1.57868,1.57879,1.00,1.00
2015.08.27 13:56:51.109,1.57866,1.57879,1.00,1.00
2015.08.27 13:56:51.262,1.57864,1.57879,1.00,1.00
2015.08.27 13:56:51.414,1.57866,1.57883,1.00,1.00
2015.08.27 13:56:51.932,1.57864,1.57883,1.37,1.00
2015.08.27 13:56:52.135,1.57867,1.57883,1.00,1.00
2015.08.27 13:56:52.440,1.57871,1.57883,1.00,1.00
2015.08.27 13:56:52.974,1.5787,1.57883,1.00,1.00
2015.08.27 13:56:54.542,1.57868,1.57872,1.00,1.35
2015.08.27 13:56:54.746,1.5786,1.5787,1.00,1.35
2015.08.27 13:56:54.848,1.57855,1.5787,1.00,1.00
2015.08.27 13:56:54.900,1.57857,1.5787,1.60,1.00
2015.08.27 13:56:55.002,1.57866,1.5788,1.00,1.00
2015.08.27 13:56:55.128,1.57868,1.57885,1.00,1.50
2015.08.27 13:56:55.180,1.57869,1.57885,1.00,1.00
2015.08.27 13:56:55.283,1.57867,1.57885,1.00,1.00
2015.08.27 13:56:55.386,1.57869,1.57885,1.00,1.00
2015.08.27 13:56:56.551,1.57869,1.57887,1.00,1.00
2015.08.27 13:56:57.193,1.57872,1.57887,1.00,1.00
2015.08.27 13:56:57.766,1.57872,1.57888,1.00,1.00
2015.08.27 13:56:59.235,1.57872,1.57879,1.00,1.00
2015.08.27 13:56:59.388,1.57864,1.57877,1.00,1.00
2015.08.27 13:56:59.439,1.57863,1.57873,1.00,1.60
2015.08.27 13:56:59.642,1.57857,1.57873,1.00,1.00
2015.08.27 13:56:59.744,1.57862,1.57873,1.00,1.00
2015.08.27 13:56:59.868,1.57856,1.57873,1.00,1.00
2015.08.27 13:57:00.275,1.57856,1.57873,1.00,1.60
2015.08.27 13:57:00.580,1.57856,1.57869,1.00,2.10
2015.08.27 13:57:00.683,1.57853,1.57869,1.00,2.10
2015.08.27 13:57:00.923,1.57853,1.57862,1.00,1.00
2015.08.27 13:57:01.127,1.57839,1.5786,1.12,1.60
2015.08.27 13:57:01.280,1.57844,1.5786,1.00,1.60
2015.08.27 13:57:01.432,1.57844,1.57863,1.00,1.35
2015.08.27 13:57:01.799,1.57845,1.57863,1.17,1.00
2015.08.27 13:57:02.104,1.57841,1.5786,1.17,1.00
2015.08.27 13:57:02.257,1.57841,1.57857,1.20,1.00
2015.08.27 13:57:02.562,1.57839,1.57853,1.10,1.00
2015.08.27 13:57:03.070,1.57839,1.57848,1.00,1.00
2015.08.27 13:57:03.121,1.57831,1.57849,1.50,1.00
2015.08.27 13:57:03.274,1.57833,1.57852,1.00,1.00
2015.08.27 13:57:03.325,1.57835,1.57852,1.00,1.00
2015.08.27 13:57:04.528,1.57835,1.57849,1.00,1.00
2015.08.27 13:57:04.682,1.57832,1.57849,1.10,1.00
2015.08.27 13:57:05.199,1.57833,1.57849,1.00,1.00
2015.08.27 13:57:05.302,1.57836,1.57851,1.00,1.00
2015.08.27 13:57:05.354,1.57836,1.57855,1.00,1.12
2015.08.27 13:57:05.455,1.5784,1.57861,1.00,1.85
2015.08.27 13:57:05.507,1.57842,1.57861,1.00,1.57
2015.08.27 13:57:05.558,1.57844,1.57861,1.07,1.50
2015.08.27 13:57:05.609,1.57846,1.57866,1.00,1.00
2015.08.27 13:57:05.661,1.57847,1.57868,1.00,1.12
2015.08.27 13:57:05.713,1.57852,1.57868,1.00,1.00
2015.08.27 13:57:06.024,1.57852,1.5787,1.00,1.00
2015.08.27 13:57:06.616,1.57852,1.57871,1.00,1.00
2015.08.27 13:57:07.622,1.57852,1.5787,1.00,1.00
2015.08.27 13:57:08.246,1.57851,1.5787,1.00,1.00
2015.08.27 13:57:08.758,1.57851,1.57869,1.00,1.00
2015.08.27 13:57:08.809,1.57849,1.57869,1.00,1.50
2015.08.27 13:57:09.064,1.57849,1.57869,1.00,1.37
2015.08.27 13:57:09.376,1.57846,1.57866,1.00,1.37
2015.08.27 13:57:09.885,1.57846,1.57864,1.00,1.00
2015.08.27 13:57:10.038,1.57843,1.57862,1.00,1.12
2015.08.27 13:57:10.089,1.57843,1.57862,1.00,1.37
2015.08.27 13:57:10.416,1.57838,1.57858,1.00,2.40
2015.08.27 13:57:10.519,1.57836,1.57858,1.00,2.40
2015.08.27 13:57:10.621,1.57836,1.57858,1.00,2.70
2015.08.27 13:57:11.318,1.57839,1.57859,1.00,2.62
2015.08.27 13:57:11.369,1.57836,1.57856,1.00,1.00
2015.08.27 13:57:11.885,1.57836,1.57856,1.00,1.87
2015.08.27 13:57:12.139,1.57836,1.57855,1.00,1.00
2015.08.27 13:57:12.703,1.57836,1.57856,1.00,1.50
2015.08.27 13:57:12.805,1.57836,1.57856,1.00,1.37
2015.08.27 13:57:13.110,1.57836,1.57856,1.00,1.37
2015.08.27 13:57:13.696,1.57836,1.57856,1.00,1.37
2015.08.27 13:57:14.276,1.57836,1.57856,1.00,1.75
2015.08.27 13:57:14.429,1.57836,1.57853,1.00,1.37
2015.08.27 13:57:14.582,1.57831,1.57853,1.00,3.00
2015.08.27 13:57:15.086,1.5783,1.5785,1.00,1.37
2015.08.27 13:57:15.241,1.5783,1.5785,1.00,2.25
2015.08.27 13:57:16.021,1.5783,1.57846,1.00,1.37
2015.08.27 13:57:16.261,1.5783,1.57848,1.00,1.37
2015.08.27 13:57:16.464,1.57827,1.57847,1.00,1.50
2015.08.27 13:57:16.990,1.57827,1.57845,1.00,1.37
2015.08.27 13:57:17.380,1.57827,1.57847,1.00,2.25
2015.08.27 13:57:18.337,1.57827,1.57847,1.00,2.25
2015.08.27 13:57:19.150,1.57824,1.57844,1.00,1.00
2015.08.27 13:57:19.960,1.57828,1.57845,1.00,1.00
2015.08.27 13:57:20.418,1.57828,1.57847,1.00,1.50
2015.08.27 13:57:20.571,1.57828,1.57847,1.00,1.50
2015.08.27 13:57:20.876,1.57821,1.57837,1.12,1.00
2015.08.27 13:57:21.181,1.57813,1.57834,1.00,1.50
2015.08.27 13:57:21.384,1.57813,1.57819,1.00,1.00
2015.08.27 13:57:21.436,1.57811,1.5783,1.00,1.87
2015.08.27 13:57:21.487,1.57804,1.57821,1.12,1.00
2015.08.27 13:57:21.640,1.5779,1.57804,1.00,1.00
2015.08.27 13:57:21.691,1.57785,1.57804,1.07,1.00
2015.08.27 13:57:21.848,1.57776,1.57806,1.90,1.00
2015.08.27 13:57:21.950,1.57779,1.5781,1.20,1.65
2015.08.27 13:57:22.463,1.5778,1.57808,1.20,1.12
2015.08.27 13:57:22.773,1.57781,1.57801,1.10,2.10
2015.08.27 13:57:23.182,1.57778,1.57801,1.00,2.10
2015.08.27 13:57:23.233,1.57782,1.57801,1.00,2.10
2015.08.27 13:57:24.095,1.5778,1.57801,1.00,2.10
2015.08.27 13:57:24.872,1.57779,1.57801,1.12,2.10
2015.08.27 13:57:24.974,1.57779,1.57799,1.12,1.00
2015.08.27 13:57:25.469,1.57776,1.57798,1.50,1.35
2015.08.27 13:57:25.571,1.57778,1.57798,1.00,1.35
2015.08.27 13:57:26.237,1.57774,1.57797,1.50,1.12
2015.08.27 13:57:26.593,1.57774,1.57796,1.50,1.37
2015.08.27 13:57:26.897,1.57774,1.57792,1.00,2.62
2015.08.27 13:57:26.948,1.57767,1.57792,1.00,2.62
2015.08.27 13:57:27.369,1.57765,1.57792,1.07,1.75
2015.08.27 13:57:27.623,1.57765,1.57792,1.37,1.85
2015.08.27 13:57:28.133,1.57767,1.57792,1.50,1.95
2015.08.27 13:57:28.571,1.57764,1.57792,1.50,1.95
2015.08.27 13:57:28.622,1.57764,1.5779,1.12,1.37
2015.08.27 13:57:29.490,1.57761,1.5779,1.95,2.25
2015.08.27 13:57:29.991,1.57761,1.57786,1.57,1.37
2015.08.27 13:57:30.296,1.57761,1.57781,1.07,1.37
2015.08.27 13:57:30.398,1.57757,1.57781,1.15,1.00
2015.08.27 13:57:30.550,1.57755,1.57781,1.75,1.37
2015.08.27 13:57:30.741,1.57752,1.57779,1.50,1.37
2015.08.27 13:57:30.945,1.57752,1.57778,1.17,1.37
2015.08.27 13:57:31.249,1.57752,1.57781,2.02,1.37
2015.08.27 13:57:31.651,1.57752,1.57773,1.20,1.00
2015.08.27 13:57:31.753,1.57749,1.57773,1.20,1.00
2015.08.27 13:57:32.406,1.57749,1.57773,1.20,1.37
2015.08.27 13:57:32.508,1.57749,1.57773,1.20,1.37
2015.08.27 13:57:32.610,1.57756,1.57775,1.00,1.50
2015.08.27 13:57:33.225,1.57756,1.57775,1.00,1.37
2015.08.27 13:57:33.428,1.57756,1.57775,1.00,2.25
2015.08.27 13:57:33.529,1.57753,1.57775,1.00,1.87
2015.08.27 13:57:34.423,1.57755,1.57775,1.00,1.00
2015.08.27 13:57:34.728,1.57765,1.57783,1.00,1.37
2015.08.27 13:57:35.132,1.57767,1.57783,1.00,1.00
2015.08.27 13:57:35.642,1.57767,1.57784,1.00,1.12
2015.08.27 13:57:36.317,1.57767,1.57786,1.00,1.37
2015.08.27 13:57:37.031,1.57767,1.57786,1.00,1.37
2015.08.27 13:57:37.445,1.57767,1.57788,1.00,1.37
2015.08.27 13:57:37.700,1.57765,1.57788,1.00,1.37
2015.08.27 13:57:37.853,1.57763,1.57785,1.37,1.12
2015.08.27 13:57:38.107,1.57757,1.57785,1.57,1.37
2015.08.27 13:57:38.159,1.57757,1.57785,1.57,2.25
2015.08.27 13:57:38.262,1.57757,1.57785,1.50,2.02
2015.08.27 13:57:38.364,1.5776,1.57785,1.00,1.95
2015.08.27 13:57:38.518,1.57757,1.57785,1.50,2.40
2015.08.27 13:57:38.730,1.57757,1.57785,1.50,3.15
2015.08.27 13:57:39.136,1.57756,1.57782,1.75,1.75
2015.08.27 13:57:39.441,1.57754,1.57781,1.12,1.27
2015.08.27 13:57:39.678,1.57747,1.57775,1.75,1.52
2015.08.27 13:57:39.780,1.57752,1.57777,1.75,1.57
2015.08.27 13:57:39.883,1.57752,1.57777,1.75,1.12
2015.08.27 13:57:40.289,1.57758,1.57779,1.50,1.45
2015.08.27 13:57:40.596,1.57765,1.57787,1.37,1.50
2015.08.27 13:57:40.746,1.57765,1.5779,1.47,1.50
2015.08.27 13:57:41.051,1.57765,1.57793,1.87,1.87
2015.08.27 13:57:41.357,1.57765,1.57788,1.10,1.12
2015.08.27 13:57:42.087,1.57763,1.57786,1.45,1.00
2015.08.27 13:57:43.201,1.57763,1.57783,1.45,1.00
2015.08.27 13:57:43.720,1.5776,1.57783,2.32,1.00
2015.08.27 13:57:44.233,1.57763,1.57783,1.00,1.00
2015.08.27 13:57:45.231,1.57762,1.57789,1.10,1.37
2015.08.27 13:57:45.334,1.57762,1.5779,1.12,1.87
2015.08.27 13:57:45.639,1.57761,1.57789,1.17,1.87
2015.08.27 13:57:46.384,1.5776,1.57789,1.27,3.07
2015.08.27 13:57:46.790,1.5776,1.57787,1.17,1.12
2015.08.27 13:57:47.501,1.57762,1.57785,1.00,1.00
2015.08.27 13:57:47.909,1.57759,1.57787,3.45,1.37
2015.08.27 13:57:48.540,1.57759,1.57781,1.65,1.00
2015.08.27 13:57:49.437,1.57759,1.57776,1.65,1.00
2015.08.27 13:57:49.946,1.57761,1.57777,1.12,1.00
2015.08.27 13:57:50.252,1.57763,1.5777,1.00,1.00
2015.08.27 13:57:50.355,1.57761,1.5777,1.00,1.00
2015.08.27 13:57:50.407,1.57756,1.5777,1.20,1.00
2015.08.27 13:57:50.458,1.57756,1.57773,1.10,1.00
2015.08.27 13:57:50.509,1.57757,1.57773,1.37,1.00
2015.08.27 13:57:50.761,1.57761,1.5778,1.12,1.00
2015.08.27 13:57:50.812,1.57761,1.5778,1.75,1.00
2015.08.27 13:57:50.965,1.57759,1.57784,1.20,1.00
2015.08.27 13:57:51.067,1.5776,1.57784,1.00,1.00
2015.08.27 13:57:51.323,1.57758,1.57786,1.75,1.50
2015.08.27 13:57:51.477,1.57758,1.57783,1.50,1.00
2015.08.27 13:57:51.892,1.57758,1.57776,1.00,1.00
2015.08.27 13:57:52.098,1.57756,1.57776,1.27,1.00
2015.08.27 13:57:52.200,1.57753,1.57762,1.07,1.00
2015.08.27 13:57:52.456,1.57727,1.57746,1.50,1.00
2015.08.27 13:57:52.558,1.57727,1.57739,1.12,1.00
2015.08.27 13:57:52.865,1.57707,1.57713,1.50,1.00
2015.08.27 13:57:52.968,1.5769,1.5771,1.20,1.00
2015.08.27 13:57:53.019,1.57689,1.57707,1.20,1.00
2015.08.27 13:57:53.071,1.57692,1.57716,2.10,1.00
2015.08.27 13:57:53.123,1.57692,1.5771,2.10,1.00
2015.08.27 13:57:53.276,1.57699,1.57714,1.00,1.00
2015.08.27 13:57:53.379,1.57695,1.57712,1.00,1.00
2015.08.27 13:57:53.516,1.57688,1.57709,1.50,1.00
2015.08.27 13:57:53.572,1.57688,1.57709,1.45,1.00
2015.08.27 13:57:53.623,1.57685,1.57707,1.27,1.00
2015.08.27 13:57:53.674,1.57685,1.57709,1.27,1.00
2015.08.27 13:57:53.827,1.57684,1.57714,1.20,1.00
2015.08.27 13:57:53.878,1.57685,1.57715,1.17,1.75
2015.08.27 13:57:54.182,1.57684,1.57713,1.12,1.87
2015.08.27 13:57:54.284,1.57684,1.57713,1.87,1.87
2015.08.27 13:57:54.618,1.57686,1.57713,1.45,1.12
2015.08.27 13:57:54.671,1.57691,1.57715,1.00,1.12
2015.08.27 13:57:54.722,1.57686,1.57711,1.50,1.00
2015.08.27 13:57:54.774,1.57686,1.57711,1.12,1.12
2015.08.27 13:57:54.826,1.57682,1.57711,1.20,1.37
2015.08.27 13:57:55.282,1.57682,1.57697,1.57,1.60
2015.08.27 13:57:55.570,1.57667,1.57688,1.12,1.30
2015.08.27 13:57:55.976,1.57665,1.57692,1.12,1.37
2015.08.27 13:57:56.028,1.57663,1.57692,1.12,1.12
2015.08.27 13:57:56.181,1.57662,1.57689,1.17,1.50
2015.08.27 13:57:56.283,1.57665,1.57693,1.12,2.25
2015.08.27 13:57:56.799,1.57665,1.57692,1.87,1.50
2015.08.27 13:57:56.901,1.57666,1.57692,1.07,1.50
2015.08.27 13:57:57.430,1.57665,1.5769,1.07,1.00
2015.08.27 13:57:57.736,1.57654,1.57668,1.20,1.00
2015.08.27 13:57:57.787,1.57651,1.57668,1.95,1.60
2015.08.27 13:57:57.991,1.57644,1.57664,1.87,1.35
2015.08.27 13:57:58.042,1.57644,1.57664,1.12,1.60
2015.08.27 13:57:58.194,1.57644,1.57658,1.00,1.00
2015.08.27 13:57:58.296,1.57644,1.57656,1.00,1.00
2015.08.27 13:57:59.587,1.57635,1.57656,1.00,1.00
2015.08.27 13:58:00.095,1.57634,1.57656,1.10,1.00
2015.08.27 13:58:01.475,1.57634,1.57658,1.10,1.00
2015.08.27 13:58:01.627,1.57634,1.57648,1.10,1.00
2015.08.27 13:58:01.894,1.57617,1.57642,1.12,1.37
2015.08.27 13:58:01.997,1.57613,1.57638,1.12,1.00
2015.08.27 13:58:02.048,1.57622,1.57645,2.10,1.37
2015.08.27 13:58:02.100,1.57622,1.57645,2.10,1.00
2015.08.27 13:58:02.151,1.57622,1.57647,2.10,1.00
2015.08.27 13:58:02.203,1.5763,1.57649,1.00,1.20
2015.08.27 13:58:02.510,1.57625,1.57645,1.00,1.60
2015.08.27 13:58:02.562,1.5762,1.57645,1.00,1.00
2015.08.27 13:58:02.871,1.5762,1.57645,1.50,1.00
2015.08.27 13:58:02.973,1.5762,1.57648,1.87,1.00
2015.08.27 13:58:03.075,1.57622,1.57648,1.12,1.00
2015.08.27 13:58:03.382,1.57621,1.57648,1.75,1.37
2015.08.27 13:58:03.484,1.5762,1.57648,1.75,1.37
2015.08.27 13:58:03.937,1.57617,1.57647,1.12,1.37
2015.08.27 13:58:04.343,1.57616,1.57641,1.12,1.00
2015.08.27 13:58:04.899,1.57615,1.57641,1.12,1.00
2015.08.27 13:58:05.820,1.57616,1.57641,1.20,1.00
2015.08.27 13:58:06.839,1.57617,1.57641,1.45,1.00
2015.08.27 13:58:07.237,1.57619,1.57646,1.20,1.00
2015.08.27 13:58:07.341,1.57617,1.57646,1.50,1.00
2015.08.27 13:58:07.545,1.57618,1.57646,1.82,1.00
2015.08.27 13:58:08.353,1.57618,1.57641,1.20,1.00
2015.08.27 13:58:09.752,1.57617,1.57641,1.12,1.00
2015.08.27 13:58:10.158,1.57616,1.57636,1.12,1.00
2015.08.27 13:58:10.209,1.57615,1.57645,1.12,1.00
2015.08.27 13:58:10.261,1.57615,1.57644,1.20,1.00
2015.08.27 13:58:10.363,1.57619,1.57648,1.00,1.37
2015.08.27 13:58:10.414,1.57619,1.57649,1.75,1.00
2015.08.27 13:58:10.630,1.5762,1.57652,1.75,1.00
2015.08.27 13:58:10.681,1.57622,1.57652,2.25,1.00
2015.08.27 13:58:11.249,1.57621,1.57652,1.12,1.00
2015.08.27 13:58:11.754,1.5762,1.57652,1.75,1.00
2015.08.27 13:58:11.856,1.5762,1.57655,2.25,1.10
2015.08.27 13:58:13.025,1.57623,1.57653,1.17,1.00
2015.08.27 13:58:13.331,1.57622,1.57651,1.20,1.00
2015.08.27 13:58:13.382,1.57621,1.57651,1.07,1.00
2015.08.27 13:58:13.434,1.57618,1.57648,1.12,1.00
2015.08.27 13:58:13.739,1.57616,1.57648,1.50,1.52
2015.08.27 13:58:14.112,1.57617,1.57649,1.12,1.12
2015.08.27 13:58:14.164,1.57617,1.57651,1.50,1.57
2015.08.27 13:58:14.266,1.57619,1.57651,2.40,1.57
2015.08.27 13:58:14.421,1.57622,1.57657,1.52,2.77
2015.08.27 13:58:14.935,1.57623,1.57651,1.55,1.00
2015.08.27 13:58:15.279,1.57623,1.57651,1.37,1.55
2015.08.27 13:58:16.171,1.57616,1.5765,1.95,1.55
2015.08.27 13:58:17.405,1.57616,1.57646,1.95,1.12
2015.08.27 13:58:17.456,1.57616,1.57646,1.95,1.12
2015.08.27 13:58:17.783,1.57614,1.57645,1.20,1.00
2015.08.27 13:58:17.834,1.57614,1.57645,1.20,1.37
2015.08.27 13:58:18.138,1.57615,1.57646,1.95,1.10
2015.08.27 13:58:18.636,1.57615,1.57646,2.32,1.47
2015.08.27 13:58:18.788,1.57617,1.57646,1.37,1.55
2015.08.27 13:58:19.688,1.57617,1.57646,1.37,1.27
2015.08.27 13:58:19.991,1.57615,1.57646,1.20,1.85
2015.08.27 13:58:20.296,1.57614,1.57631,1.50,1.00
2015.08.27 13:58:20.347,1.57608,1.57631,1.37,1.12
2015.08.27 13:58:20.399,1.57607,1.57631,1.00,1.12
2015.08.27 13:58:20.501,1.57602,1.57627,1.55,1.00
2015.08.27 13:58:20.552,1.57601,1.57627,1.95,1.00
2015.08.27 13:58:21.006,1.57601,1.57629,1.20,1.00
2015.08.27 13:58:21.158,1.57601,1.57631,1.95,1.37
2015.08.27 13:58:21.209,1.57601,1.57634,3.07,1.85
2015.08.27 13:58:21.311,1.57603,1.57634,1.20,1.37
2015.08.27 13:58:21.515,1.57607,1.57635,1.20,1.12
2015.08.27 13:58:21.567,1.57607,1.57629,1.20,1.00
2015.08.27 13:58:21.674,1.57607,1.57631,1.20,1.00
2015.08.27 13:58:21.777,1.57603,1.57631,1.50,1.00
2015.08.27 13:58:22.083,1.57602,1.57631,1.20,1.00
2015.08.27 13:58:22.439,1.57599,1.57631,3.07,1.00
2015.08.27 13:58:22.592,1.57603,1.57629,1.12,1.00
2015.08.27 13:58:22.911,1.57602,1.57626,1.12,1.00
2015.08.27 13:58:23.217,1.57598,1.57622,1.87,1.00
2015.08.27 13:58:23.269,1.57598,1.57619,1.87,1.00
2015.08.27 13:58:23.320,1.57598,1.57619,1.00,1.00
2015.08.27 13:58:23.764,1.57598,1.57625,1.00,1.20
2015.08.27 13:58:24.171,1.57599,1.57627,1.00,1.10
2015.08.27 13:58:24.222,1.57599,1.57627,1.37,1.10
2015.08.27 13:58:24.527,1.57609,1.57633,1.12,1.00
2015.08.27 13:58:24.859,1.57614,1.57642,1.75,1.87
2015.08.27 13:58:25.066,1.5762,1.57644,1.00,1.00
2015.08.27 13:58:25.168,1.5762,1.57647,1.00,2.32
2015.08.27 13:58:25.680,1.5762,1.57649,1.12,1.27
2015.08.27 13:58:26.088,1.5762,1.57649,1.37,1.27
2015.08.27 13:58:26.523,1.5762,1.57649,1.12,1.27
2015.08.27 13:58:26.694,1.57622,1.57649,1.12,1.10
2015.08.27 13:58:26.998,1.57622,1.57649,1.12,2.40
2015.08.27 13:58:27.556,1.5762,1.57647,1.37,1.57
2015.08.27 13:58:27.872,1.5762,1.5765,1.50,2.25
2015.08.27 13:58:28.126,1.57618,1.57648,1.55,1.75
2015.08.27 13:58:28.229,1.57618,1.57644,1.27,1.50
2015.08.27 13:58:28.748,1.57618,1.57646,1.00,1.82
2015.08.27 13:58:29.006,1.57618,1.57645,1.37,1.85
2015.08.27 13:58:29.615,1.5762,1.57648,1.37,2.02
2015.08.27 13:58:29.667,1.5762,1.57645,1.47,1.00
2015.08.27 13:58:29.816,1.5762,1.57649,1.65,1.50
2015.08.27 13:58:30.121,1.5762,1.57652,2.02,3.37
2015.08.27 13:58:30.578,1.57624,1.57652,1.37,1.50
2015.08.27 13:58:31.348,1.57624,1.57652,1.37,1.00
2015.08.27 13:58:31.451,1.57624,1.57652,1.37,1.00
2015.08.27 13:58:31.553,1.57624,1.57652,1.37,1.00
2015.08.27 13:58:32.098,1.5763,1.57652,1.00,1.00
2015.08.27 13:58:32.150,1.5763,1.57654,1.37,1.12
2015.08.27 13:58:32.660,1.5763,1.57655,1.37,1.50
2015.08.27 13:58:32.863,1.5763,1.57652,1.37,1.00
2015.08.27 13:58:32.965,1.57633,1.57656,1.00,2.25
2015.08.27 13:58:33.151,1.57633,1.57656,1.12,1.00
2015.08.27 13:58:33.202,1.57633,1.57661,1.12,1.12
2015.08.27 13:58:33.508,1.57632,1.57654,1.50,1.00
2015.08.27 13:58:33.813,1.57622,1.57646,1.00,1.50
2015.08.27 13:58:33.864,1.57622,1.57646,1.00,1.00
2015.08.27 13:58:33.917,1.57625,1.57647,1.00,1.37
2015.08.27 13:58:34.778,1.57625,1.57647,1.00,1.00
2015.08.27 13:58:35.422,1.57625,1.57647,1.50,1.00
2015.08.27 13:58:35.575,1.57627,1.57649,1.37,1.12
2015.08.27 13:58:35.729,1.57627,1.57649,1.12,1.00
2015.08.27 13:58:36.136,1.57627,1.57652,1.12,1.87
2015.08.27 13:58:37.439,1.57625,1.57652,1.20,1.00
2015.08.27 13:58:37.642,1.57626,1.57652,1.00,1.00
2015.08.27 13:58:38.174,1.57625,1.57653,1.12,1.57
2015.08.27 13:58:38.328,1.57626,1.57653,1.50,1.10
2015.08.27 13:58:38.836,1.57629,1.57653,1.12,1.15
2015.08.27 13:58:39.352,1.57629,1.57653,1.37,1.15
2015.08.27 13:58:39.607,1.57631,1.57653,1.00,1.00
2015.08.27 13:58:39.659,1.5763,1.57645,1.37,1.00
2015.08.27 13:58:39.710,1.57624,1.57645,1.50,1.00
2015.08.27 13:58:39.762,1.5762,1.57645,1.87,1.00
2015.08.27 13:58:39.863,1.5762,1.57645,1.50,1.47
2015.08.27 13:58:39.965,1.57618,1.57645,1.00,1.47
2015.08.27 13:58:40.117,1.57612,1.57637,2.32,1.00
2015.08.27 13:58:40.172,1.57609,1.57637,2.40,1.00
2015.08.27 13:58:40.223,1.57609,1.57637,1.47,2.25
2015.08.27 13:58:40.984,1.57611,1.57634,1.37,1.10
2015.08.27 13:58:41.320,1.57609,1.57633,1.37,1.12
2015.08.27 13:58:41.372,1.57609,1.57636,1.37,1.95
2015.08.27 13:58:41.880,1.57613,1.57636,1.12,1.20
2015.08.27 13:58:42.561,1.5761,1.57636,1.75,1.20
2015.08.27 13:58:42.614,1.5761,1.57639,1.75,1.57
2015.08.27 13:58:42.716,1.57612,1.57639,1.50,1.10
2015.08.27 13:58:42.768,1.57612,1.57639,1.75,1.10
2015.08.27 13:58:43.378,1.57612,1.57639,2.25,1.10
2015.08.27 13:58:43.882,1.57613,1.57639,1.50,1.00
2015.08.27 13:58:44.186,1.57616,1.57643,2.10,1.82
2015.08.27 13:58:44.491,1.57616,1.57635,1.00,1.00
2015.08.27 13:58:44.593,1.57614,1.57634,1.00,1.00
2015.08.27 13:58:44.645,1.57608,1.57634,1.75,1.20
2015.08.27 13:58:44.848,1.57608,1.57635,1.12,1.37
2015.08.27 13:58:45.001,1.57608,1.57637,2.32,1.12
2015.08.27 13:58:45.052,1.57612,1.57638,1.50,1.37
2015.08.27 13:58:45.358,1.5762,1.57646,1.12,1.20
2015.08.27 13:58:45.562,1.57622,1.57651,1.75,1.00
2015.08.27 13:58:45.715,1.57627,1.57651,1.00,1.00
2015.08.27 13:58:46.020,1.57632,1.57655,1.00,1.00
2015.08.27 13:58:46.327,1.57627,1.57653,1.12,1.12
2015.08.27 13:58:46.683,1.57631,1.57655,1.00,1.50
2015.08.27 13:58:47.161,1.5763,1.57654,1.75,1.00
2015.08.27 13:58:47.213,1.5763,1.57656,2.25,1.00
2015.08.27 13:58:47.265,1.57632,1.57659,1.75,1.55
2015.08.27 13:58:47.418,1.57637,1.57661,1.00,1.65
2015.08.27 13:58:48.077,1.57637,1.57654,1.00,1.00
2015.08.27 13:58:48.382,1.57639,1.57657,1.37,1.00
2015.08.27 13:58:48.433,1.57639,1.57661,1.75,1.50
2015.08.27 13:58:48.485,1.57645,1.57661,1.12,1.50
2015.08.27 13:58:48.536,1.57646,1.57664,1.12,1.00
2015.08.27 13:58:48.587,1.57646,1.57664,1.12,1.00
2015.08.27 13:58:48.947,1.57648,1.57666,1.87,1.00
2015.08.27 13:58:49.252,1.5765,1.57662,1.37,1.00
2015.08.27 13:58:49.966,1.5765,1.57666,1.75,1.00
2015.08.27 13:58:50.299,1.57653,1.57668,1.50,1.00
2015.08.27 13:58:50.401,1.57655,1.57668,1.00,1.00
2015.08.27 13:58:50.503,1.57653,1.57668,1.00,1.00
2015.08.27 13:58:50.960,1.57653,1.57668,1.37,1.00
2015.08.27 13:58:51.469,1.57652,1.57672,2.25,1.00
2015.08.27 13:58:51.520,1.57656,1.57675,1.12,1.00
2015.08.27 13:58:51.572,1.57657,1.57675,1.12,1.00
2015.08.27 13:58:51.827,1.57659,1.57675,1.12,1.00
2015.08.27 13:58:52.882,1.57659,1.57671,1.00,1.00
2015.08.27 13:58:52.984,1.57657,1.57671,1.00,1.00
2015.08.27 13:58:53.137,1.57655,1.57671,1.00,1.00
2015.08.27 13:58:53.574,1.57655,1.57675,1.00,1.00
2015.08.27 13:58:53.625,1.57655,1.57675,1.50,1.00
2015.08.27 13:58:53.676,1.57655,1.57679,1.87,1.00
2015.08.27 13:58:53.728,1.57658,1.57679,1.00,1.00
2015.08.27 13:58:53.779,1.57658,1.57679,1.37,1.00
2015.08.27 13:58:54.493,1.57657,1.57679,1.50,1.00
2015.08.27 13:58:54.544,1.5766,1.57679,1.00,1.00
2015.08.27 13:58:54.849,1.57662,1.57679,1.12,1.00
2015.08.27 13:58:56.481,1.57662,1.57673,1.00,1.00
2015.08.27 13:58:56.999,1.57663,1.57673,1.00,1.00
2015.08.27 13:58:57.050,1.57663,1.57679,1.00,1.00
2015.08.27 13:58:57.102,1.57663,1.57679,1.75,1.00
2015.08.27 13:58:57.205,1.57665,1.57679,1.00,1.00
2015.08.27 13:58:57.256,1.57665,1.57673,1.00,1.00
2015.08.27 13:58:57.409,1.57651,1.57671,1.50,1.00
2015.08.27 13:58:57.461,1.57654,1.57671,1.00,1.00
2015.08.27 13:58:57.563,1.57654,1.57675,1.00,1.00
2015.08.27 13:58:57.614,1.57657,1.57675,1.00,1.00
2015.08.27 13:58:57.958,1.57656,1.5767,1.00,1.00
2015.08.27 13:58:58.425,1.57656,1.57675,1.00,1.00
2015.08.27 13:58:58.578,1.5766,1.57675,1.00,1.00
2015.08.27 13:58:58.730,1.57659,1.57678,1.37,1.00
2015.08.27 13:58:59.033,1.57659,1.57678,1.75,1.00
2015.08.27 13:58:59.920,1.57662,1.57678,1.50,1.00
2015.08.27 13:59:00.451,1.57662,1.57678,1.50,1.00
2015.08.27 13:59:00.503,1.57662,1.57682,1.50,1.00
2015.08.27 13:59:00.554,1.57661,1.57675,1.75,1.00
2015.08.27 13:59:00.605,1.57661,1.5768,1.75,1.00
2015.08.27 13:59:00.707,1.57668,1.57685,1.00,1.00
2015.08.27 13:59:01.091,1.57668,1.57688,1.00,1.00
2015.08.27 13:59:01.142,1.57662,1.57682,2.25,1.00
2015.08.27 13:59:01.245,1.57667,1.57685,1.12,1.00
2015.08.27 13:59:01.296,1.5767,1.57691,1.00,1.00
2015.08.27 13:59:01.602,1.57673,1.57693,1.00,1.00
2015.08.27 13:59:01.920,1.5767,1.5769,1.00,1.00
2015.08.27 13:59:02.226,1.57683,1.5769,1.00,1.00
2015.08.27 13:59:02.278,1.57683,1.57692,1.00,1.00
2015.08.27 13:59:02.380,1.57683,1.57696,1.00,1.00
2015.08.27 13:59:02.585,1.57683,1.57698,1.00,1.00
2015.08.27 13:59:02.637,1.57683,1.57701,1.00,1.07
2015.08.27 13:59:02.892,1.57687,1.57701,1.00,1.57
2015.08.27 13:59:03.182,1.57681,1.57701,1.12,1.00
2015.08.27 13:59:03.234,1.57681,1.57694,1.00,1.00
2015.08.27 13:59:03.286,1.57678,1.57702,1.00,2.25
2015.08.27 13:59:03.440,1.57678,1.57695,1.00,1.00
2015.08.27 13:59:03.746,1.57682,1.57701,1.00,1.50
2015.08.27 13:59:03.798,1.57686,1.57701,1.00,1.37
2015.08.27 13:59:03.849,1.57686,1.57702,1.00,1.00
2015.08.27 13:59:03.901,1.57686,1.57704,1.00,1.00
2015.08.27 13:59:04.107,1.57688,1.57711,1.00,1.00
2015.08.27 13:59:04.310,1.57691,1.57711,1.00,1.00
2015.08.27 13:59:04.361,1.57688,1.57711,1.00,1.00
2015.08.27 13:59:04.412,1.57688,1.57711,1.00,1.37
2015.08.27 13:59:04.921,1.57688,1.57708,1.00,1.12
2015.08.27 13:59:05.330,1.57688,1.57704,1.00,1.00
2015.08.27 13:59:05.585,1.57684,1.57704,1.37,1.00
2015.08.27 13:59:05.687,1.57684,1.57702,1.00,1.00
2015.08.27 13:59:06.046,1.57689,1.57704,1.00,1.00
2015.08.27 13:59:06.097,1.57689,1.57708,1.00,1.12
2015.08.27 13:59:06.306,1.57689,1.57706,1.00,1.00
2015.08.27 13:59:06.510,1.57695,1.57714,1.00,1.00
2015.08.27 13:59:06.866,1.57696,1.57717,1.00,1.50
2015.08.27 13:59:06.917,1.57696,1.57715,1.00,1.00
2015.08.27 13:59:07.242,1.57701,1.57715,1.00,1.00
2015.08.27 13:59:07.387,1.57701,1.57718,1.00,1.00
2015.08.27 13:59:07.438,1.57699,1.57718,1.00,1.00
2015.08.27 13:59:07.794,1.57699,1.57716,1.00,1.00
2015.08.27 13:59:09.220,1.57699,1.57718,1.00,1.50
2015.08.27 13:59:09.328,1.57691,1.57716,1.37,1.00
2015.08.27 13:59:09.645,1.57689,1.57703,1.87,1.00
2015.08.27 13:59:09.897,1.57676,1.577,2.25,1.00
2015.08.27 13:59:09.949,1.57676,1.57702,1.50,1.00
2015.08.27 13:59:10.152,1.57673,1.57695,2.77,1.00
2015.08.27 13:59:10.749,1.57673,1.57695,2.77,1.00
2015.08.27 13:59:11.262,1.57676,1.57694,1.12,1.00
2015.08.27 13:59:11.415,1.57676,1.57696,1.12,1.00
2015.08.27 13:59:11.619,1.57676,1.57694,1.75,1.00
2015.08.27 13:59:12.161,1.57674,1.57694,1.00,1.00
2015.08.27 13:59:12.265,1.57674,1.57694,1.00,1.75
2015.08.27 13:59:12.317,1.57671,1.57691,1.00,1.00
2015.08.27 13:59:12.421,1.57668,1.57691,1.00,1.00
2015.08.27 13:59:12.472,1.5767,1.57691,1.00,1.10
2015.08.27 13:59:12.523,1.57667,1.57691,1.00,1.20
2015.08.27 13:59:12.575,1.57667,1.5769,1.00,1.05
2015.08.27 13:59:12.881,1.57658,1.57681,1.17,1.00
2015.08.27 13:59:13.189,1.57658,1.57683,1.17,1.00
2015.08.27 13:59:13.342,1.57658,1.57681,1.17,1.00
2015.08.27 13:59:13.650,1.57662,1.57686,1.87,1.00
2015.08.27 13:59:14.116,1.57667,1.57688,1.27,1.00
2015.08.27 13:59:14.421,1.57668,1.57688,1.92,1.00
2015.08.27 13:59:14.982,1.57665,1.57688,2.62,1.00
2015.08.27 13:59:15.351,1.57668,1.57692,1.27,1.00
2015.08.27 13:59:15.758,1.57668,1.57692,1.45,1.00
2015.08.27 13:59:16.069,1.5767,1.5769,1.37,1.00
2015.08.27 13:59:16.176,1.5767,1.5769,1.00,1.00
2015.08.27 13:59:16.227,1.57669,1.57687,1.10,1.00
2015.08.27 13:59:16.380,1.57665,1.57685,1.15,1.00
2015.08.27 13:59:16.482,1.57661,1.57681,1.57,1.00
2015.08.27 13:59:16.959,1.57661,1.57681,2.32,1.00
2015.08.27 13:59:17.800,1.57661,1.57681,1.75,1.00
2015.08.27 13:59:18.206,1.57661,1.57681,1.12,1.00
2015.08.27 13:59:18.257,1.57658,1.57677,2.02,1.00
2015.08.27 13:59:18.467,1.57646,1.57668,1.47,1.00
2015.08.27 13:59:18.623,1.57644,1.57666,1.55,1.00
2015.08.27 13:59:18.941,1.57642,1.57664,1.90,1.00
2015.08.27 13:59:18.992,1.57642,1.57664,1.17,1.00
2015.08.27 13:59:19.094,1.57637,1.57664,2.25,1.50
2015.08.27 13:59:19.196,1.57636,1.5766,1.82,1.00
2015.08.27 13:59:19.424,1.57636,1.57658,1.45,1.00
2015.08.27 13:59:19.629,1.57635,1.57657,1.52,1.00
2015.08.27 13:59:19.731,1.57634,1.57655,1.12,1.00
2015.08.27 13:59:20.249,1.57632,1.57654,3.60,1.00
2015.08.27 13:59:20.510,1.57634,1.57654,1.30,1.00
2015.08.27 13:59:20.815,1.57634,1.57652,1.30,1.00
2015.08.27 13:59:21.121,1.57632,1.57644,1.12,1.00
2015.08.27 13:59:21.426,1.57633,1.57639,1.00,1.00
2015.08.27 13:59:21.668,1.57614,1.57636,1.00,1.00
2015.08.27 13:59:22.177,1.57614,1.57636,1.00,1.07
2015.08.27 13:59:22.533,1.57614,1.5763,1.00,1.00
2015.08.27 13:59:22.800,1.57605,1.57626,1.12,1.00
2015.08.27 13:59:22.852,1.57605,1.57622,1.12,1.00
2015.08.27 13:59:22.903,1.57601,1.57622,1.37,1.00
2015.08.27 13:59:22.954,1.57601,1.57622,1.00,1.00
2015.08.27 13:59:23.258,1.576,1.57627,1.50,1.57
2015.08.27 13:59:23.781,1.576,1.57627,1.37,1.57
2015.08.27 13:59:23.833,1.57602,1.57627,1.50,1.10
2015.08.27 13:59:24.140,1.57605,1.57629,1.87,1.00
2015.08.27 13:59:24.242,1.57606,1.57633,1.75,2.62
2015.08.27 13:59:24.751,1.57608,1.57625,1.37,1.00
2015.08.27 13:59:24.926,1.57602,1.57625,1.37,1.35
2015.08.27 13:59:25.028,1.576,1.57625,1.75,1.35
2015.08.27 13:59:25.436,1.57598,1.57623,1.75,1.00
2015.08.27 13:59:25.639,1.57595,1.5762,1.37,1.60
2015.08.27 13:59:25.690,1.57594,1.5762,1.50,1.60
2015.08.27 13:59:26.204,1.57592,1.57617,1.12,1.00
2015.08.27 13:59:26.510,1.57591,1.57615,1.20,1.00
2015.08.27 13:59:26.561,1.57591,1.57615,1.37,1.00
2015.08.27 13:59:26.867,1.57591,1.57615,1.37,1.60
2015.08.27 13:59:27.376,1.5759,1.57613,1.37,1.35
2015.08.27 13:59:27.529,1.57589,1.57613,1.00,1.35
2015.08.27 13:59:27.733,1.57588,1.57613,1.12,1.00
2015.08.27 13:59:28.079,1.5759,1.57615,1.82,1.00
2015.08.27 13:59:28.385,1.57581,1.57598,1.57,1.00
2015.08.27 13:59:28.487,1.57576,1.57598,1.95,1.00
2015.08.27 13:59:28.589,1.57576,1.57598,1.00,1.00
2015.08.27 13:59:29.151,1.57576,1.57598,1.37,1.00
2015.08.27 13:59:29.456,1.57574,1.57594,1.47,1.00
2015.08.27 13:59:29.608,1.57573,1.57598,2.02,1.00
2015.08.27 13:59:29.761,1.57575,1.57598,1.75,1.00
2015.08.27 13:59:30.269,1.57576,1.57601,1.50,1.60
2015.08.27 13:59:30.574,1.57572,1.57594,1.27,1.00
2015.08.27 13:59:30.886,1.57569,1.57594,1.20,1.00
2015.08.27 13:59:30.989,1.57568,1.5759,1.12,1.00
2015.08.27 13:59:31.345,1.57568,1.57593,1.00,1.00
2015.08.27 13:59:31.448,1.57569,1.57591,1.00,1.00
2015.08.27 13:59:31.813,1.5756,1.57581,1.07,1.00
2015.08.27 13:59:31.865,1.57557,1.57584,2.62,1.00
2015.08.27 13:59:31.916,1.57573,1.57588,1.00,1.12
2015.08.27 13:59:32.424,1.57573,1.57584,1.00,1.00
2015.08.27 13:59:32.928,1.57573,1.57586,1.00,1.12
2015.08.27 13:59:33.435,1.57568,1.57588,1.00,1.75
2015.08.27 13:59:33.487,1.57568,1.57584,1.00,1.12
2015.08.27 13:59:33.897,1.57565,1.57585,1.00,1.50
2015.08.27 13:59:34.405,1.57565,1.57584,1.00,1.12
2015.08.27 13:59:34.865,1.57565,1.57584,1.00,1.50
2015.08.27 13:59:35.384,1.57565,1.57583,1.00,1.37
2015.08.27 13:59:36.068,1.57565,1.57581,1.00,1.37
2015.08.27 13:59:36.374,1.57574,1.57586,1.00,1.27
2015.08.27 13:59:36.476,1.57571,1.57583,1.00,1.00
2015.08.27 13:59:36.736,1.57564,1.57581,1.00,1.00
2015.08.27 13:59:36.992,1.57561,1.57581,1.00,1.00
2015.08.27 13:59:37.196,1.57561,1.57584,1.00,1.27
2015.08.27 13:59:37.602,1.57565,1.57584,1.00,1.12
2015.08.27 13:59:37.910,1.57558,1.57584,1.00,1.37
2015.08.27 13:59:37.961,1.57561,1.57584,1.00,1.37
2015.08.27 13:59:38.267,1.57567,1.57583,1.00,1.00
2015.08.27 13:59:38.318,1.57567,1.57585,1.00,1.00
2015.08.27 13:59:38.668,1.57573,1.57592,1.00,1.17
2015.08.27 13:59:38.769,1.57573,1.57592,1.00,1.00
2015.08.27 13:59:38.820,1.57576,1.57592,1.00,1.37
2015.08.27 13:59:39.232,1.57581,1.57592,1.00,1.75
2015.08.27 13:59:39.386,1.57586,1.57597,1.00,1.00
2015.08.27 13:59:39.437,1.57586,1.576,1.00,1.00
2015.08.27 13:59:39.591,1.57586,1.57605,1.00,1.75
2015.08.27 13:59:40.154,1.57586,1.57606,1.00,1.75
2015.08.27 13:59:40.306,1.57589,1.57606,1.00,1.50
2015.08.27 13:59:40.408,1.57586,1.57607,1.00,1.85
2015.08.27 13:59:41.118,1.57589,1.57609,1.00,1.12
2015.08.27 13:59:41.321,1.57591,1.5761,1.00,2.32
2015.08.27 13:59:41.987,1.57594,1.57612,1.00,2.02
2015.08.27 13:59:42.090,1.57594,1.57611,1.00,1.00
2015.08.27 13:59:42.242,1.57591,1.57611,1.00,1.00
2015.08.27 13:59:42.447,1.57596,1.57611,1.00,1.50
2015.08.27 13:59:42.498,1.57593,1.57611,1.00,1.50
2015.08.27 13:59:42.717,1.57595,1.57611,1.00,1.50
2015.08.27 13:59:42.937,1.57581,1.57614,1.75,1.47
2015.08.27 13:59:42.988,1.57582,1.57615,1.12,1.27
2015.08.27 13:59:43.293,1.57582,1.57613,1.12,1.17
2015.08.27 13:59:43.906,1.57585,1.57614,1.12,1.57
2015.08.27 13:59:44.281,1.57582,1.57612,1.00,1.20
2015.08.27 13:59:44.434,1.57578,1.5761,2.62,1.37
2015.08.27 13:59:44.945,1.57576,1.57604,1.00,1.37
2015.08.27 13:59:45.307,1.57573,1.57604,1.75,1.87
2015.08.27 13:59:45.359,1.57573,1.57603,1.37,1.12
2015.08.27 13:59:45.461,1.57573,1.57604,1.50,1.75
2015.08.27 13:59:45.564,1.57574,1.57602,1.37,1.00
2015.08.27 13:59:45.864,1.57574,1.57602,1.37,1.00
2015.08.27 13:59:45.916,1.57574,1.57603,1.12,1.50
2015.08.27 13:59:46.333,1.5757,1.57603,1.27,2.25
2015.08.27 13:59:46.384,1.57571,1.57599,1.00,1.00
2015.08.27 13:59:46.435,1.57569,1.57603,2.02,2.25
2015.08.27 13:59:46.486,1.57569,1.57603,2.40,2.25
2015.08.27 13:59:46.740,1.57577,1.57606,1.00,1.50
2015.08.27 13:59:46.866,1.57577,1.57606,1.12,1.12
2015.08.27 13:59:46.968,1.57576,1.57608,1.87,1.75
2015.08.27 13:59:47.019,1.57576,1.57603,1.50,1.00
2015.08.27 13:59:47.324,1.5757,1.57601,1.12,1.75
2015.08.27 13:59:47.578,1.57569,1.57598,1.27,1.00
2015.08.27 13:59:47.680,1.57569,1.57594,1.12,1.00
2015.08.27 13:59:48.001,1.57561,1.57592,1.50,1.12
2015.08.27 13:59:48.204,1.5756,1.5759,1.12,1.75
2015.08.27 13:59:48.256,1.57559,1.5759,1.37,1.75
2015.08.27 13:59:48.409,1.5756,1.5759,1.12,2.62
2015.08.27 13:59:48.868,1.57575,1.57589,1.00,1.87
2015.08.27 13:59:48.921,1.57572,1.57589,1.00,1.50
2015.08.27 13:59:49.074,1.57576,1.57589,1.00,1.50
2015.08.27 13:59:49.278,1.57576,1.57591,1.00,1.12
2015.08.27 13:59:49.329,1.57579,1.57591,1.00,1.12
2015.08.27 13:59:49.635,1.57587,1.57599,1.00,1.20
2015.08.27 13:59:49.836,1.57587,1.57604,1.00,1.50
2015.08.27 13:59:49.888,1.57587,1.57607,1.00,2.32
2015.08.27 13:59:49.939,1.57591,1.57607,1.00,2.32
2015.08.27 13:59:50.550,1.57591,1.57611,1.00,1.10
2015.08.27 13:59:50.721,1.57584,1.57614,1.75,1.20
2015.08.27 13:59:50.975,1.57583,1.57614,1.12,1.20
2015.08.27 13:59:51.129,1.57581,1.57614,1.75,1.57
2015.08.27 13:59:51.485,1.57579,1.57605,2.62,1.50
2015.08.27 13:59:51.693,1.57589,1.57621,1.50,1.75
2015.08.27 13:59:51.744,1.57589,1.57621,1.20,1.37
2015.08.27 13:59:51.795,1.57588,1.57621,1.50,1.87
2015.08.27 13:59:52.049,1.57593,1.57621,1.12,1.37
2015.08.27 13:59:52.101,1.57597,1.57623,1.12,1.00
2015.08.27 13:59:52.303,1.57607,1.57629,1.12,1.00
2015.08.27 13:59:52.406,1.57608,1.57644,1.20,1.12
2015.08.27 13:59:52.458,1.57625,1.57651,1.12,1.15
2015.08.27 13:59:52.560,1.57628,1.57658,1.12,1.15
2015.08.27 13:59:52.663,1.57637,1.57661,1.00,1.75
2015.08.27 13:59:52.967,1.57637,1.57646,1.00,1.00
2015.08.27 13:59:53.171,1.57612,1.57634,1.00,1.12
2015.08.27 13:59:53.222,1.57601,1.57629,1.12,1.12
2015.08.27 13:59:53.274,1.57601,1.57629,1.12,1.87
2015.08.27 13:59:53.477,1.57593,1.5762,1.87,1.12
2015.08.27 13:59:53.529,1.57593,1.57616,1.87,1.12
2015.08.27 13:59:54.146,1.57595,1.57615,1.12,1.12
2015.08.27 13:59:54.198,1.57587,1.57615,1.00,1.12
2015.08.27 13:59:54.299,1.57583,1.57614,1.00,1.00
2015.08.27 13:59:54.351,1.57586,1.57614,1.00,1.00
2015.08.27 13:59:54.605,1.57598,1.57632,1.12,1.12
2015.08.27 13:59:54.656,1.57602,1.57632,1.12,1.12
2015.08.27 13:59:55.006,1.57609,1.57636,1.12,1.00
2015.08.27 13:59:55.057,1.57609,1.57639,1.12,1.00
2015.08.27 13:59:55.108,1.57609,1.57644,1.12,1.57
2015.08.27 13:59:55.160,1.57608,1.57643,1.75,1.45
2015.08.27 13:59:55.211,1.57606,1.57644,1.00,2.62
2015.08.27 13:59:55.262,1.57603,1.57644,1.00,1.87
2015.08.27 13:59:55.415,1.57605,1.57645,1.00,1.12
2015.08.27 13:59:55.466,1.57605,1.57646,1.00,1.57
2015.08.27 13:59:55.517,1.57605,1.57646,1.00,1.15
2015.08.27 13:59:55.568,1.57601,1.57641,1.00,1.00
2015.08.27 13:59:55.670,1.57607,1.57641,1.00,1.00
2015.08.27 13:59:55.990,1.57605,1.57633,1.00,1.00
2015.08.27 13:59:56.041,1.57602,1.57633,1.00,1.00
2015.08.27 13:59:56.550,1.57602,1.57634,1.00,1.00
2015.08.27 13:59:56.601,1.57604,1.57634,1.00,1.00
2015.08.27 13:59:56.652,1.57604,1.57641,1.00,1.50
2015.08.27 13:59:56.857,1.57607,1.57642,1.00,2.25
2015.08.27 13:59:57.055,1.57609,1.57645,1.00,1.20
2015.08.27 13:59:57.462,1.57607,1.57645,1.00,2.32
2015.08.27 13:59:57.768,1.57604,1.57634,1.00,1.10
2015.08.27 13:59:58.070,1.57604,1.57627,0.75,1.50
2015.08.27 13:59:58.122,1.57575,1.57615,1.00,1.00
2015.08.27 13:59:58.378,1.57577,1.57614,1.00,1.00
2015.08.27 13:59:58.429,1.57577,1.57626,1.00,1.20
2015.08.27 13:59:58.583,1.57583,1.57628,1.00,1.87
2015.08.27 13:59:58.887,1.57589,1.57627,1.00,1.12
2015.08.27 13:59:59.123,1.57589,1.57633,1.00,1.15
2015.08.27 13:59:59.226,1.57596,1.57634,1.00,1.50
2015.08.27 13:59:59.531,1.57602,1.57635,1.00,1.12
2015.08.27 13:59:59.684,1.57603,1.57638,1.00,1.12
2015.08.27 13:59:59.940,1.57594,1.57632,1.00,1.00
2015.08.27 13:59:59.992,1.57594,1.57632,1.00,1.50
