2011.10.25 04:00:00.266,1.32802,1.32826,1.11,1.50
2011.10.25 04:00:01.061,1.32802,1.32826,1.11,1.50
2011.10.25 04:00:05.158,1.32799,1.32824,1.11,1.50
2011.10.25 04:00:05.614,1.32802,1.32826,1.11,2.25
2011.10.25 04:00:09.606,1.32802,1.32826,1.11,1.50
2011.10.25 04:00:09.726,1.32805,1.32827,2.48,1.50
2011.10.25 04:00:09.956,1.32805,1.3283,2.48,2.25
2011.10.25 04:00:10.516,1.32809,1.32831,1.11,1.50
2011.10.25 04:00:13.074,1.32809,1.3283,1.11,1.50
2011.10.25 04:00:13.417,1.32809,1.32829,1.11,1.50
2011.10.25 04:00:14.526,1.32809,1.32829,1.11,1.50
2011.10.25 04:00:15.193,1.32809,1.3283,1.11,1.50
2011.10.25 04:00:15.736,1.32809,1.32833,1.11,1.50
2011.10.25 04:00:16.078,1.32809,1.32833,1.11,1.50
2011.10.25 04:00:19.925,1.32813,1.32835,1.11,2.48
2011.10.25 04:00:20.045,1.32813,1.32835,1.11,1.73
2011.10.25 04:00:20.982,1.32813,1.32836,1.11,1.50
2011.10.25 04:00:22.045,1.32813,1.32836,1.11,1.50
2011.10.25 04:00:22.400,1.32806,1.32823,1.11,1.50
2011.10.25 04:00:22.516,1.328,1.32822,1.11,1.50
2011.10.25 04:00:22.748,1.32795,1.32819,1.70,1.50
2011.10.25 04:00:22.977,1.3279,1.32814,2.48,1.50
2011.10.25 04:00:23.095,1.3279,1.32811,2.48,1.50
2011.10.25 04:00:24.938,1.32791,1.3281,2.48,2.25
2011.10.25 04:00:25.058,1.32787,1.3281,2.55,2.25
2011.10.25 04:00:29.365,1.32785,1.32809,2.55,1.50
2011.10.25 04:00:30.159,1.32785,1.3281,2.55,2.25
2011.10.25 04:00:30.429,1.32787,1.3281,2.55,2.25
2011.10.25 04:00:36.912,1.32787,1.3281,2.55,2.25
2011.10.25 04:00:38.135,1.32785,1.3281,2.55,2.25
2011.10.25 04:00:38.696,1.32785,1.3281,2.55,2.25
2011.10.25 04:00:38.816,1.32785,1.3281,2.55,2.25
2011.10.25 04:00:39.663,1.32792,1.3281,2.48,2.25
2011.10.25 04:00:40.004,1.32792,1.32812,2.48,1.50
2011.10.25 04:00:44.485,1.32792,1.32812,2.48,1.50
2011.10.25 04:00:44.731,1.328,1.32817,1.50,1.50
2011.10.25 04:00:44.847,1.32804,1.32825,1.50,1.50
2011.10.25 04:00:45.307,1.32802,1.32817,1.73,2.25
2011.10.25 04:00:45.537,1.32794,1.32817,1.73,2.25
2011.10.25 04:00:45.998,1.32795,1.32817,1.88,2.25
2011.10.25 04:00:47.092,1.32795,1.3282,1.88,1.50
2011.10.25 04:00:47.220,1.32796,1.3282,1.50,1.50
2011.10.25 04:00:49.108,1.32796,1.32819,1.50,1.50
2011.10.25 04:00:50.418,1.328,1.3282,2.48,1.50
2011.10.25 04:00:50.657,1.32799,1.32818,1.50,1.50
2011.10.25 04:00:51.555,1.32795,1.32819,1.13,2.25
2011.10.25 04:00:56.252,1.32795,1.32819,1.13,1.50
2011.10.25 04:00:57.735,1.32795,1.32819,1.13,1.50
2011.10.25 04:00:59.695,1.32795,1.32819,1.88,2.25
2011.10.25 04:01:02.386,1.32795,1.32819,1.88,2.25
2011.10.25 04:01:02.615,1.32795,1.32818,1.88,1.50
2011.10.25 04:01:03.624,1.32795,1.32818,1.13,1.50
2011.10.25 04:01:04.715,1.32795,1.32818,1.88,2.25
2011.10.25 04:01:05.274,1.32791,1.32816,1.50,2.25
2011.10.25 04:01:05.878,1.32791,1.32816,1.50,1.50
2011.10.25 04:01:09.415,1.32792,1.32816,2.48,1.50
2011.10.25 04:01:10.967,1.32792,1.32813,3.23,2.10
2011.10.25 04:01:11.087,1.32791,1.32808,1.50,1.50
2011.10.25 04:01:11.645,1.32791,1.32812,2.48,1.50
2011.10.25 04:01:12.736,1.32791,1.32812,2.48,1.50
2011.10.25 04:01:13.302,1.32791,1.32812,2.48,1.50
2011.10.25 04:01:17.285,1.32791,1.32811,2.48,1.50
2011.10.25 04:01:17.405,1.32785,1.32808,2.01,1.50
2011.10.25 04:01:22.040,1.32785,1.328,1.26,1.73
2011.10.25 04:01:22.164,1.32783,1.32796,1.73,1.50
2011.10.25 04:01:22.293,1.32775,1.32796,1.11,1.50
2011.10.25 04:01:22.898,1.32775,1.328,1.86,1.50
2011.10.25 04:01:23.476,1.3278,1.32802,2.48,1.50
2011.10.25 04:01:27.138,1.3278,1.328,2.83,1.50
2011.10.25 04:01:27.761,1.3278,1.32801,3.58,1.50
2011.10.25 04:01:28.096,1.3278,1.32805,3.23,1.50
2011.10.25 04:01:28.567,1.3278,1.32807,3.23,3.00
2011.10.25 04:01:29.872,1.3278,1.32805,2.48,1.50
2011.10.25 04:01:30.419,1.32779,1.32802,2.83,1.50
2011.10.25 04:01:30.984,1.32779,1.32805,1.86,1.50
2011.10.25 04:01:33.515,1.32783,1.32807,1.50,1.50
2011.10.25 04:01:34.510,1.32784,1.32807,1.50,1.50
2011.10.25 04:01:35.046,1.32784,1.32807,1.50,1.50
2011.10.25 04:01:35.923,1.32784,1.32809,1.50,1.50
2011.10.25 04:01:40.749,1.32786,1.32809,1.50,1.50
2011.10.25 04:01:41.345,1.32788,1.32811,1.50,1.50
2011.10.25 04:01:42.095,1.32788,1.32811,1.50,1.50
2011.10.25 04:01:42.464,1.3279,1.32811,1.50,1.50
2011.10.25 04:01:44.116,1.32789,1.32811,1.50,1.50
2011.10.25 04:01:44.697,1.3279,1.32812,1.50,1.50
2011.10.25 04:01:44.815,1.3279,1.32812,1.50,1.50
2011.10.25 04:01:48.818,1.3279,1.32812,1.50,1.50
2011.10.25 04:01:49.059,1.32785,1.32809,1.73,2.25
2011.10.25 04:01:49.615,1.32785,1.32809,1.73,2.25
2011.10.25 04:01:50.447,1.32783,1.32809,1.73,1.50
2011.10.25 04:01:52.692,1.32782,1.32807,1.33,1.50
2011.10.25 04:02:00.223,1.32785,1.32808,2.10,2.48
2011.10.25 04:02:00.343,1.32785,1.32809,2.48,1.50
2011.10.25 04:02:00.882,1.32789,1.32809,1.50,1.50
2011.10.25 04:02:01.235,1.32797,1.32814,2.48,1.50
2011.10.25 04:02:01.585,1.32794,1.32814,1.50,1.50
2011.10.25 04:02:01.983,1.32793,1.32812,1.50,1.50
2011.10.25 04:02:02.330,1.32788,1.32812,1.33,1.50
2011.10.25 04:02:03.224,1.32787,1.3281,1.50,1.50
2011.10.25 04:02:03.342,1.32785,1.32809,2.83,1.50
2011.10.25 04:02:03.945,1.32784,1.32809,1.33,1.50
2011.10.25 04:02:09.450,1.32784,1.32809,1.71,1.50
2011.10.25 04:02:09.571,1.32787,1.3281,1.50,1.50
2011.10.25 04:02:13.251,1.32787,1.32809,1.50,1.50
2011.10.25 04:02:13.493,1.32784,1.32809,1.33,1.50
2011.10.25 04:02:13.721,1.32782,1.32806,1.33,2.25
2011.10.25 04:02:14.283,1.32781,1.32805,1.73,1.50
2011.10.25 04:02:14.633,1.32778,1.32801,1.73,1.50
2011.10.25 04:02:14.981,1.32775,1.32798,1.25,1.50
2011.10.25 04:02:15.901,1.32774,1.32798,1.38,1.50
2011.10.25 04:02:16.035,1.32767,1.32793,2.83,2.25
2011.10.25 04:02:16.262,1.32768,1.32793,1.11,1.50
2011.10.25 04:02:16.734,1.3277,1.32794,1.50,1.50
2011.10.25 04:02:17.334,1.32771,1.32794,1.13,1.50
2011.10.25 04:02:17.453,1.32772,1.32798,1.11,1.50
2011.10.25 04:02:18.000,1.32773,1.32798,1.11,1.50
2011.10.25 04:02:20.210,1.32771,1.32798,1.48,1.50
2011.10.25 04:02:22.661,1.32773,1.32797,1.11,1.13
2011.10.25 04:02:23.013,1.32766,1.32787,1.26,1.50
2011.10.25 04:02:23.132,1.32766,1.32787,1.26,2.63
2011.10.25 04:02:23.361,1.32759,1.32784,1.26,1.50
2011.10.25 04:02:25.310,1.32759,1.32784,1.26,1.50
2011.10.25 04:02:25.602,1.32759,1.32785,1.11,2.25
2011.10.25 04:02:25.831,1.32758,1.32784,1.11,1.50
2011.10.25 04:02:25.955,1.32758,1.32784,1.18,1.50
2011.10.25 04:02:26.771,1.32766,1.32789,1.18,1.50
2011.10.25 04:02:27.126,1.32761,1.32785,1.18,2.48
2011.10.25 04:02:27.246,1.32763,1.32785,1.58,1.73
2011.10.25 04:02:27.364,1.32763,1.32787,1.58,1.50
2011.10.25 04:02:27.483,1.3276,1.32786,1.93,1.50
2011.10.25 04:02:28.047,1.32761,1.32785,1.18,1.50
2011.10.25 04:02:28.530,1.32764,1.32788,1.58,1.50
2011.10.25 04:02:29.522,1.32764,1.32788,1.50,1.50
2011.10.25 04:02:29.647,1.32764,1.32788,1.50,1.50
2011.10.25 04:02:30.676,1.32764,1.32787,1.50,1.50
2011.10.25 04:02:31.033,1.32761,1.32784,1.11,1.50
2011.10.25 04:02:31.383,1.32758,1.32783,1.50,1.50
2011.10.25 04:02:31.624,1.32758,1.32783,1.50,1.50
2011.10.25 04:02:35.129,1.32758,1.32783,1.50,1.50
2011.10.25 04:02:38.349,1.3276,1.32784,1.11,2.25
2011.10.25 04:02:38.815,1.32758,1.32784,1.50,1.50
2011.10.25 04:02:46.343,1.32765,1.32788,1.50,2.25
2011.10.25 04:02:46.582,1.32765,1.32785,1.50,1.50
2011.10.25 04:02:46.704,1.32765,1.32786,1.50,1.50
2011.10.25 04:02:47.066,1.32757,1.32783,1.11,1.50
2011.10.25 04:02:47.406,1.32754,1.32778,2.48,1.50
2011.10.25 04:02:47.965,1.32754,1.32779,2.48,1.50
2011.10.25 04:02:48.093,1.32767,1.32787,3.23,1.50
2011.10.25 04:02:48.321,1.32767,1.32788,3.23,1.50
2011.10.25 04:02:48.470,1.32767,1.32787,3.23,1.50
2011.10.25 04:02:51.022,1.32767,1.32788,3.23,2.25
2011.10.25 04:02:52.289,1.32767,1.32787,3.23,1.50
2011.10.25 04:02:52.430,1.32767,1.32788,3.23,2.25
2011.10.25 04:02:53.801,1.32767,1.32787,3.23,1.50
2011.10.25 04:02:57.551,1.32767,1.32784,1.73,1.50
2011.10.25 04:02:58.136,1.32762,1.32784,2.48,1.50
2011.10.25 04:02:58.267,1.32758,1.32783,1.11,1.50
2011.10.25 04:02:58.386,1.3276,1.32784,1.50,1.50
2011.10.25 04:02:58.503,1.3276,1.32785,1.50,1.50
2011.10.25 04:02:58.624,1.32763,1.32789,1.11,1.50
2011.10.25 04:02:59.072,1.32761,1.32786,1.11,1.50
2011.10.25 04:03:01.542,1.32761,1.32786,1.11,1.50
2011.10.25 04:03:03.721,1.32762,1.32786,2.48,1.50
2011.10.25 04:03:09.181,1.32766,1.32787,1.50,1.50
2011.10.25 04:03:09.962,1.32766,1.32787,1.50,1.50
2011.10.25 04:03:11.072,1.32766,1.3279,1.50,1.50
2011.10.25 04:03:13.852,1.32764,1.32786,1.11,1.50
2011.10.25 04:03:14.080,1.32764,1.32786,1.11,1.50
2011.10.25 04:03:15.934,1.3276,1.32785,1.50,2.48
2011.10.25 04:03:16.054,1.3276,1.32785,1.50,3.23
2011.10.25 04:03:17.941,1.3276,1.32786,1.50,2.25
2011.10.25 04:03:21.460,1.3276,1.32785,1.50,1.50
2011.10.25 04:03:22.474,1.3276,1.32785,1.50,1.50
2011.10.25 04:03:22.700,1.3276,1.32785,1.50,1.50
2011.10.25 04:03:23.628,1.3276,1.32786,1.50,3.00
2011.10.25 04:03:24.506,1.3276,1.32785,1.50,1.50
2011.10.25 04:03:25.553,1.3276,1.32785,1.50,1.50
2011.10.25 04:03:25.782,1.3276,1.32785,1.50,1.50
2011.10.25 04:03:26.390,1.3276,1.32785,1.50,1.50
2011.10.25 04:03:28.632,1.3276,1.32783,1.50,1.50
2011.10.25 04:03:28.986,1.32759,1.32783,1.50,1.50
2011.10.25 04:03:29.331,1.3276,1.32787,1.11,1.50
2011.10.25 04:03:29.892,1.3276,1.32785,1.11,1.50
2011.10.25 04:03:30.120,1.3276,1.32783,1.11,1.50
2011.10.25 04:03:30.573,1.32764,1.32787,1.13,1.50
2011.10.25 04:03:30.692,1.32765,1.32791,1.50,1.50
2011.10.25 04:03:33.139,1.32764,1.32791,1.86,1.50
2011.10.25 04:03:37.673,1.32766,1.32794,1.11,1.50
2011.10.25 04:03:40.054,1.32768,1.32794,1.11,1.50
2011.10.25 04:03:41.551,1.32766,1.32794,1.11,1.50
2011.10.25 04:03:45.231,1.32766,1.32789,1.11,1.73
2011.10.25 04:03:45.476,1.32763,1.32787,1.86,1.50
2011.10.25 04:03:45.595,1.3277,1.32796,1.11,3.23
2011.10.25 04:03:45.717,1.32771,1.32797,1.50,2.25
2011.10.25 04:03:45.832,1.32774,1.32797,1.50,1.50
2011.10.25 04:03:46.075,1.32774,1.32799,1.50,1.13
2011.10.25 04:03:46.643,1.32776,1.32803,1.50,1.50
2011.10.25 04:03:48.595,1.32776,1.32797,1.50,1.73
2011.10.25 04:03:48.952,1.32772,1.32797,1.50,2.48
2011.10.25 04:03:49.944,1.32778,1.32798,2.48,2.25
2011.10.25 04:03:50.173,1.32779,1.32799,1.50,1.50
2011.10.25 04:03:50.863,1.32779,1.32799,1.50,1.50
2011.10.25 04:03:51.423,1.32779,1.32802,1.50,1.50
2011.10.25 04:03:53.505,1.32777,1.32802,3.23,1.88
2011.10.25 04:03:54.055,1.32779,1.32802,1.50,1.50
2011.10.25 04:03:55.933,1.32782,1.32805,1.11,1.50
2011.10.25 04:03:56.286,1.32785,1.32811,1.50,1.50
2011.10.25 04:03:56.405,1.3279,1.32811,1.11,1.50
2011.10.25 04:03:56.950,1.3279,1.32811,1.11,1.50
2011.10.25 04:04:00.547,1.3279,1.32809,1.11,1.13
2011.10.25 04:04:00.785,1.32779,1.32805,1.86,2.25
2011.10.25 04:04:01.245,1.32779,1.32804,1.11,2.85
2011.10.25 04:04:02.272,1.32777,1.32799,1.11,1.50
2011.10.25 04:04:03.166,1.32777,1.32799,1.11,1.50
2011.10.25 04:04:03.283,1.32777,1.32799,1.11,1.50
2011.10.25 04:04:04.413,1.32778,1.32799,1.11,1.50
2011.10.25 04:04:07.512,1.32779,1.32799,1.11,1.50
2011.10.25 04:04:09.447,1.3278,1.32804,1.86,1.50
2011.10.25 04:04:09.563,1.32784,1.32808,1.11,1.50
2011.10.25 04:04:09.684,1.32785,1.32811,1.86,2.25
2011.10.25 04:04:09.803,1.32785,1.32811,1.86,1.50
2011.10.25 04:04:12.751,1.32785,1.32811,1.86,1.50
2011.10.25 04:04:13.312,1.32783,1.32811,1.86,2.25
2011.10.25 04:04:13.946,1.32784,1.32808,1.11,1.50
2011.10.25 04:04:15.443,1.32785,1.32808,1.50,1.50
2011.10.25 04:04:15.674,1.32788,1.32811,1.11,1.50
2011.10.25 04:04:16.015,1.32789,1.32814,1.50,1.50
2011.10.25 04:04:16.135,1.3279,1.32817,1.11,1.50
2011.10.25 04:04:16.659,1.32791,1.32817,1.11,1.50
2011.10.25 04:04:17.022,1.3279,1.32817,1.11,1.50
2011.10.25 04:04:20.158,1.32789,1.32812,1.11,1.50
2011.10.25 04:04:20.500,1.32789,1.32811,1.11,1.50
2011.10.25 04:04:20.842,1.32789,1.32812,1.11,1.50
2011.10.25 04:04:22.695,1.32792,1.32816,1.11,1.50
2011.10.25 04:04:22.933,1.32789,1.3282,1.11,1.50
2011.10.25 04:04:23.058,1.32804,1.32827,1.05,2.48
2011.10.25 04:04:23.191,1.32804,1.32823,1.58,1.73
2011.10.25 04:04:23.443,1.32819,1.3285,1.13,2.33
2011.10.25 04:04:23.684,1.3282,1.32872,1.05,1.50
2011.10.25 04:04:23.807,1.32834,1.32872,1.11,1.67
2011.10.25 04:04:24.429,1.32865,1.32904,1.50,1.43
2011.10.25 04:04:24.617,1.32848,1.32886,1.65,1.50
2011.10.25 04:04:24.741,1.32844,1.32886,1.35,1.67
2011.10.25 04:04:24.871,1.32843,1.32904,2.46,1.67
2011.10.25 04:04:24.996,1.32848,1.32904,1.35,1.50
2011.10.25 04:04:25.117,1.32863,1.32904,1.11,1.50
2011.10.25 04:04:25.355,1.32856,1.32899,1.11,1.67
2011.10.25 04:04:25.597,1.32853,1.32897,1.11,1.89
2011.10.25 04:04:26.171,1.32855,1.32891,2.08,1.50
2011.10.25 04:04:26.301,1.32853,1.32891,1.11,1.50
2011.10.25 04:04:26.425,1.32853,1.32893,1.11,1.50
2011.10.25 04:04:26.775,1.32853,1.32898,1.11,1.50
2011.10.25 04:04:26.901,1.32853,1.32874,2.83,1.88
2011.10.25 04:04:27.263,1.32839,1.32873,1.50,1.50
2011.10.25 04:04:27.505,1.32838,1.32877,1.50,1.50
2011.10.25 04:04:27.736,1.32835,1.32871,1.11,1.50
2011.10.25 04:04:27.856,1.32836,1.32869,1.11,1.50
2011.10.25 04:04:28.445,1.3286,1.32888,1.11,2.48
2011.10.25 04:04:28.810,1.32887,1.32925,1.50,1.50
2011.10.25 04:04:29.172,1.32887,1.32913,1.11,1.50
2011.10.25 04:04:29.407,1.32884,1.32919,1.11,1.50
2011.10.25 04:04:29.635,1.32887,1.32921,1.13,1.50
2011.10.25 04:04:29.865,1.32884,1.32922,1.11,1.50
2011.10.25 04:04:30.486,1.32896,1.32936,1.11,1.50
2011.10.25 04:04:31.054,1.32897,1.32927,1.11,1.13
2011.10.25 04:04:31.406,1.32916,1.32936,1.50,2.42
2011.10.25 04:04:31.530,1.32916,1.32937,1.50,1.50
2011.10.25 04:04:31.777,1.32905,1.32926,1.50,1.50
2011.10.25 04:04:32.020,1.32892,1.32925,2.63,1.50
2011.10.25 04:04:32.545,1.32891,1.32925,1.05,3.39
2011.10.25 04:04:32.665,1.32881,1.3291,1.11,1.50
2011.10.25 04:04:32.790,1.32881,1.32908,1.11,2.64
2011.10.25 04:04:33.041,1.32889,1.32917,1.11,1.67
2011.10.25 04:04:33.165,1.32894,1.32919,1.11,1.50
2011.10.25 04:04:33.288,1.32879,1.32903,1.11,3.45
2011.10.25 04:04:33.539,1.32877,1.32899,1.11,2.48
2011.10.25 04:04:33.783,1.32872,1.32899,1.11,1.50
2011.10.25 04:04:34.393,1.32872,1.32899,1.11,2.25
2011.10.25 04:04:34.745,1.32871,1.32897,1.86,1.50
2011.10.25 04:04:35.774,1.32877,1.32901,1.11,1.50
2011.10.25 04:04:36.124,1.32878,1.32901,1.11,1.50
2011.10.25 04:04:36.353,1.32882,1.32904,1.11,1.50
2011.10.25 04:04:36.583,1.32882,1.32904,1.11,1.50
2011.10.25 04:04:36.818,1.32875,1.32902,1.11,1.13
2011.10.25 04:04:37.411,1.32875,1.32893,1.11,2.48
2011.10.25 04:04:37.545,1.32867,1.32888,1.11,1.50
2011.10.25 04:04:38.341,1.32867,1.32888,1.11,1.50
2011.10.25 04:04:38.683,1.32867,1.32888,1.11,1.50
2011.10.25 04:04:39.132,1.32861,1.32887,1.11,1.50
2011.10.25 04:04:39.484,1.32861,1.32886,1.11,1.50
2011.10.25 04:04:39.833,1.32855,1.32873,1.11,1.50
2011.10.25 04:04:40.635,1.3285,1.32873,1.11,1.50
2011.10.25 04:04:40.744,1.3285,1.32873,1.11,1.50
2011.10.25 04:04:41.088,1.3285,1.32873,1.11,1.50
2011.10.25 04:04:41.447,1.32846,1.32868,1.11,1.50
2011.10.25 04:04:41.785,1.32864,1.3287,1.13,1.50
2011.10.25 04:04:41.906,1.32859,1.32878,1.35,1.50
2011.10.25 04:04:42.026,1.32861,1.32879,1.35,1.50
2011.10.25 04:04:42.254,1.32855,1.32879,1.88,1.50
2011.10.25 04:04:42.377,1.32853,1.32882,2.08,1.50
2011.10.25 04:04:42.495,1.32853,1.32874,1.13,1.13
2011.10.25 04:04:43.175,1.32845,1.32873,1.11,1.50
2011.10.25 04:04:43.297,1.32843,1.3287,1.71,1.50
2011.10.25 04:04:43.636,1.32842,1.32868,1.86,1.50
2011.10.25 04:04:43.971,1.32838,1.32861,2.48,2.25
2011.10.25 04:04:44.313,1.32843,1.32863,1.73,3.00
2011.10.25 04:04:44.675,1.32834,1.32855,2.48,1.50
2011.10.25 04:04:44.798,1.32829,1.32855,1.50,1.50
2011.10.25 04:04:44.931,1.32829,1.32852,1.50,1.50
2011.10.25 04:04:45.063,1.32824,1.3285,1.50,1.50
2011.10.25 04:04:45.189,1.32824,1.32848,2.48,1.50
2011.10.25 04:04:45.807,1.32825,1.3285,1.35,1.50
2011.10.25 04:04:45.917,1.32821,1.32844,1.73,1.50
2011.10.25 04:04:46.037,1.32821,1.32844,2.48,1.50
2011.10.25 04:04:46.262,1.32821,1.32844,2.48,1.50
2011.10.25 04:04:46.604,1.32823,1.32847,1.13,2.25
2011.10.25 04:04:47.080,1.32825,1.32854,1.73,2.25
2011.10.25 04:04:47.208,1.32825,1.32854,2.08,2.25
2011.10.25 04:04:48.263,1.32829,1.32855,1.11,1.50
2011.10.25 04:04:48.618,1.3283,1.32859,1.11,1.50
2011.10.25 04:04:48.747,1.32831,1.3286,1.50,1.50
2011.10.25 04:04:49.095,1.32836,1.32861,1.11,1.50
2011.10.25 04:04:49.653,1.32835,1.32861,1.86,2.25
2011.10.25 04:04:50.015,1.3284,1.32865,1.86,2.48
2011.10.25 04:04:50.136,1.32839,1.32869,1.86,2.25
2011.10.25 04:04:50.842,1.32845,1.32872,1.11,1.50
2011.10.25 04:04:51.082,1.32838,1.32865,1.11,1.50
2011.10.25 04:04:51.565,1.32839,1.32866,1.11,1.50
2011.10.25 04:04:51.801,1.32842,1.3287,1.86,1.50
2011.10.25 04:04:52.046,1.32849,1.32874,1.11,1.50
2011.10.25 04:04:52.527,1.32842,1.32872,1.86,1.50
2011.10.25 04:04:52.646,1.32845,1.32873,1.11,1.50
2011.10.25 04:04:52.999,1.32849,1.32874,1.11,1.50
2011.10.25 04:04:53.623,1.3285,1.32877,2.08,1.50
2011.10.25 04:04:53.984,1.32849,1.32875,1.86,1.50
2011.10.25 04:04:54.107,1.32847,1.32875,1.11,1.50
2011.10.25 04:04:54.338,1.32854,1.32882,1.11,2.25
2011.10.25 04:04:54.925,1.32858,1.32883,1.11,1.50
2011.10.25 04:04:55.166,1.32857,1.32884,1.11,1.50
2011.10.25 04:04:55.406,1.32862,1.32884,1.73,1.50
2011.10.25 04:04:55.753,1.32864,1.32891,1.11,1.50
2011.10.25 04:04:56.323,1.32863,1.3289,1.11,1.50
2011.10.25 04:04:57.224,1.32862,1.3289,1.73,2.25
2011.10.25 04:04:57.453,1.32862,1.32887,1.73,1.50
2011.10.25 04:04:58.466,1.32862,1.32882,1.73,1.50
2011.10.25 04:04:58.692,1.32862,1.32888,1.73,1.50
2011.10.25 04:04:58.813,1.32863,1.32889,1.50,1.50
2011.10.25 04:04:59.404,1.32866,1.32889,1.11,1.13
2011.10.25 04:04:59.687,1.32865,1.3289,1.11,1.13
2011.10.25 04:05:00.736,1.32865,1.32883,1.11,2.25
2011.10.25 04:05:00.986,1.32859,1.3289,1.11,1.50
2011.10.25 04:05:01.105,1.32865,1.32891,1.11,1.50
2011.10.25 04:05:01.225,1.32864,1.3289,1.11,1.50
2011.10.25 04:05:01.345,1.3286,1.32883,1.11,1.50
2011.10.25 04:05:01.466,1.32854,1.32876,1.50,1.50
2011.10.25 04:05:01.588,1.32846,1.32875,1.11,1.50
2011.10.25 04:05:01.717,1.32841,1.32869,1.86,2.25
2011.10.25 04:05:02.074,1.32837,1.32862,1.11,1.50
2011.10.25 04:05:02.304,1.32837,1.32864,1.11,1.50
2011.10.25 04:05:03.162,1.32837,1.32862,1.11,1.50
2011.10.25 04:05:03.293,1.32833,1.32859,1.11,2.25
2011.10.25 04:05:03.536,1.3283,1.32857,2.08,2.25
2011.10.25 04:05:03.659,1.32829,1.32856,1.11,1.50
2011.10.25 04:05:03.905,1.32826,1.3285,1.11,1.50
2011.10.25 04:05:04.026,1.32819,1.32847,1.11,1.13
2011.10.25 04:05:04.264,1.32816,1.32841,1.73,3.23
2011.10.25 04:05:04.383,1.32815,1.32841,1.11,3.98
2011.10.25 04:05:04.501,1.32813,1.3284,1.11,1.50
2011.10.25 04:05:05.282,1.32812,1.32832,1.50,1.50
2011.10.25 04:05:06.406,1.32813,1.32832,1.50,1.50
2011.10.25 04:05:06.554,1.32815,1.32835,1.50,2.25
2011.10.25 04:05:06.785,1.32817,1.32834,1.73,1.50
2011.10.25 04:05:07.012,1.32817,1.32838,4.20,1.50
2011.10.25 04:05:08.093,1.32817,1.3284,1.73,1.50
2011.10.25 04:05:08.219,1.32814,1.32836,1.35,1.50
2011.10.25 04:05:08.465,1.32817,1.32842,2.08,1.50
2011.10.25 04:05:09.043,1.32817,1.32842,1.73,1.50
2011.10.25 04:05:09.273,1.32813,1.32842,1.11,1.50
2011.10.25 04:05:10.423,1.32813,1.3284,1.11,1.50
2011.10.25 04:05:10.551,1.32814,1.32839,1.11,2.25
2011.10.25 04:05:11.134,1.3281,1.32835,1.73,1.50
2011.10.25 04:05:11.375,1.32814,1.32837,1.50,1.50
2011.10.25 04:05:11.496,1.32812,1.32838,1.50,1.50
2011.10.25 04:05:11.614,1.3281,1.32838,1.50,2.25
2011.10.25 04:05:11.735,1.3281,1.32838,1.11,2.25
2011.10.25 04:05:12.072,1.3281,1.32838,1.11,2.25
2011.10.25 04:05:12.427,1.3281,1.32838,1.11,2.25
2011.10.25 04:05:12.546,1.3281,1.32838,1.11,2.25
2011.10.25 04:05:13.368,1.3281,1.32834,1.11,1.50
2011.10.25 04:05:13.504,1.32824,1.32848,1.50,1.50
2011.10.25 04:05:13.632,1.32826,1.32857,1.11,1.50
2011.10.25 04:05:14.213,1.32828,1.32858,1.11,1.50
2011.10.25 04:05:14.814,1.32829,1.32855,1.11,1.50
2011.10.25 04:05:16.455,1.32826,1.32852,1.86,1.50
2011.10.25 04:05:16.575,1.32826,1.32852,1.86,2.25
2011.10.25 04:05:17.295,1.32826,1.32851,1.11,2.48
2011.10.25 04:05:17.419,1.32825,1.32851,1.11,2.48
2011.10.25 04:05:17.908,1.3282,1.32846,2.08,1.13
2011.10.25 04:05:20.425,1.3282,1.32844,2.08,1.50
2011.10.25 04:05:20.786,1.32819,1.3284,1.13,1.50
2011.10.25 04:05:20.908,1.32823,1.32838,1.50,1.73
2011.10.25 04:05:21.034,1.32823,1.32848,3.23,1.50
2011.10.25 04:05:21.547,1.32823,1.3285,3.58,2.25
2011.10.25 04:05:21.680,1.32825,1.32853,2.25,1.50
2011.10.25 04:05:21.803,1.32827,1.32854,1.11,1.50
2011.10.25 04:05:23.373,1.32827,1.32852,1.11,1.13
2011.10.25 04:05:23.495,1.32826,1.32849,1.11,1.50
2011.10.25 04:05:23.612,1.32824,1.32847,1.11,1.50
2011.10.25 04:05:23.732,1.32822,1.32847,1.11,1.50
2011.10.25 04:05:23.962,1.32819,1.32847,1.11,1.50
2011.10.25 04:05:27.843,1.32819,1.32844,1.11,2.48
2011.10.25 04:05:28.303,1.32819,1.32844,1.11,2.48
2011.10.25 04:05:28.422,1.32819,1.32844,1.11,2.48
2011.10.25 04:05:29.591,1.32819,1.32844,1.11,2.48
2011.10.25 04:05:30.604,1.32819,1.32844,1.11,2.48
2011.10.25 04:05:30.727,1.32818,1.32841,1.11,1.13
2011.10.25 04:05:30.845,1.3281,1.32835,2.83,2.25
2011.10.25 04:05:30.963,1.32808,1.32835,1.11,2.25
2011.10.25 04:05:31.083,1.32806,1.32834,1.11,1.50
2011.10.25 04:05:32.686,1.32804,1.32834,3.43,1.88
2011.10.25 04:05:32.915,1.32801,1.32826,3.45,1.50
2011.10.25 04:05:34.662,1.32803,1.32826,1.73,1.50
2011.10.25 04:05:34.786,1.32799,1.32826,1.71,1.50
2011.10.25 04:05:35.243,1.328,1.32826,1.11,1.50
2011.10.25 04:05:35.473,1.328,1.32826,1.11,1.50
2011.10.25 04:05:35.815,1.32808,1.32828,1.35,1.50
2011.10.25 04:05:35.932,1.3281,1.32833,2.48,1.50
2011.10.25 04:05:36.052,1.3281,1.32833,2.48,2.25
2011.10.25 04:05:36.656,1.3281,1.32835,2.48,1.50
2011.10.25 04:05:37.012,1.3281,1.32836,1.11,2.48
2011.10.25 04:05:37.463,1.32807,1.32831,1.11,1.50
2011.10.25 04:05:38.075,1.32804,1.32831,1.86,1.50
2011.10.25 04:05:38.536,1.32804,1.32831,1.11,1.50
2011.10.25 04:05:38.888,1.32812,1.32836,1.11,2.48
2011.10.25 04:05:39.132,1.32815,1.32842,1.86,2.48
2011.10.25 04:05:39.582,1.32817,1.32842,1.11,2.48
2011.10.25 04:05:40.260,1.3282,1.32842,1.11,2.48
2011.10.25 04:05:41.647,1.32812,1.32838,1.11,1.13
2011.10.25 04:05:41.764,1.32811,1.32832,1.11,1.13
2011.10.25 04:05:41.883,1.32806,1.3283,1.11,2.48
2011.10.25 04:05:42.117,1.32801,1.32823,1.11,2.48
2011.10.25 04:05:42.964,1.32807,1.32831,1.50,1.50
2011.10.25 04:05:43.094,1.32823,1.32849,1.86,1.50
2011.10.25 04:05:43.444,1.32823,1.3285,1.11,1.50
2011.10.25 04:05:43.784,1.32821,1.32849,1.11,2.25
2011.10.25 04:05:44.274,1.32823,1.32848,1.86,1.50
2011.10.25 04:05:48.508,1.32822,1.32848,1.11,1.50
2011.10.25 04:05:49.161,1.3282,1.32848,1.11,1.50
2011.10.25 04:05:52.753,1.32823,1.32849,1.11,1.50
2011.10.25 04:05:53.394,1.32823,1.32851,1.11,1.50
2011.10.25 04:05:55.057,1.32825,1.32851,2.83,2.25
2011.10.25 04:05:55.293,1.3283,1.32855,1.50,1.50
2011.10.25 04:05:56.454,1.32831,1.32857,1.13,2.25
2011.10.25 04:05:56.697,1.32833,1.32859,1.11,2.25
2011.10.25 04:05:57.481,1.32832,1.32857,1.86,1.50
2011.10.25 04:05:57.956,1.32833,1.32854,1.11,1.50
2011.10.25 04:05:58.074,1.32829,1.32854,1.11,1.50
2011.10.25 04:05:58.664,1.32829,1.32854,1.11,2.25
2011.10.25 04:05:59.004,1.32828,1.32854,1.86,2.25
2011.10.25 04:05:59.123,1.32827,1.32848,1.50,1.50
2011.10.25 04:06:00.398,1.32828,1.32851,1.50,1.50
2011.10.25 04:06:01.094,1.32823,1.32852,1.11,1.50
2011.10.25 04:06:01.434,1.32823,1.3285,1.11,1.50
2011.10.25 04:06:01.781,1.32823,1.32847,1.11,1.50
2011.10.25 04:06:02.471,1.32822,1.32846,1.73,1.50
2011.10.25 04:06:03.570,1.32822,1.32844,1.73,1.50
2011.10.25 04:06:03.693,1.32817,1.3284,1.11,1.73
2011.10.25 04:06:03.817,1.32806,1.32828,1.50,1.50
2011.10.25 04:06:03.937,1.32818,1.3284,1.11,1.50
2011.10.25 04:06:04.177,1.3282,1.32845,1.50,1.50
2011.10.25 04:06:04.738,1.32819,1.32846,1.50,1.50
2011.10.25 04:06:04.863,1.3282,1.32848,1.86,1.50
2011.10.25 04:06:05.324,1.3282,1.32841,1.86,1.73
2011.10.25 04:06:05.442,1.3282,1.32841,1.50,1.73
2011.10.25 04:06:05.892,1.32818,1.32841,1.11,2.48
2011.10.25 04:06:06.013,1.32816,1.3284,1.11,1.50
2011.10.25 04:06:06.243,1.32816,1.32834,1.11,2.48
2011.10.25 04:06:06.475,1.32816,1.3284,1.11,2.48
2011.10.25 04:06:07.033,1.32819,1.3284,1.50,2.48
2011.10.25 04:06:09.545,1.32818,1.32844,1.86,2.10
2011.10.25 04:06:10.122,1.32814,1.32838,2.48,1.50
2011.10.25 04:06:10.706,1.32808,1.32828,1.50,1.50
2011.10.25 04:06:10.932,1.32808,1.32827,1.50,1.50
2011.10.25 04:06:12.642,1.32808,1.32828,1.50,2.25
2011.10.25 04:06:15.782,1.32808,1.32834,1.50,1.50
2011.10.25 04:06:15.902,1.32808,1.32836,1.50,1.50
2011.10.25 04:06:16.022,1.32808,1.32836,1.50,1.50
2011.10.25 04:06:18.331,1.32811,1.32837,1.11,2.25
2011.10.25 04:06:18.902,1.32811,1.32837,1.11,1.50
2011.10.25 04:06:20.782,1.32811,1.32836,1.50,1.50
2011.10.25 04:06:21.353,1.32812,1.32837,1.11,1.50
2011.10.25 04:06:24.004,1.32813,1.32837,1.11,1.50
2011.10.25 04:06:24.344,1.32814,1.32836,1.11,1.50
2011.10.25 04:06:26.503,1.32814,1.32837,1.11,1.50
2011.10.25 04:06:29.953,1.32814,1.32836,1.11,1.50
2011.10.25 04:06:30.400,1.32814,1.32836,1.11,1.50
2011.10.25 04:06:31.018,1.32814,1.32837,1.11,1.88
2011.10.25 04:06:31.147,1.32811,1.3283,1.11,1.50
2011.10.25 04:06:31.268,1.32805,1.32829,1.11,1.50
2011.10.25 04:06:31.397,1.32802,1.3283,2.25,1.50
2011.10.25 04:06:31.514,1.32802,1.32828,1.50,1.50
2011.10.25 04:06:31.874,1.32809,1.3283,2.48,1.50
2011.10.25 04:06:31.997,1.32808,1.32832,1.86,1.50
2011.10.25 04:06:32.333,1.32808,1.32831,1.50,1.50
2011.10.25 04:06:34.431,1.32802,1.3283,1.11,1.50
2011.10.25 04:06:34.672,1.32802,1.3283,1.86,1.50
2011.10.25 04:06:34.791,1.32802,1.3283,1.86,1.50
2011.10.25 04:06:35.353,1.32802,1.3283,1.86,1.50
2011.10.25 04:06:36.364,1.3281,1.32837,1.11,2.25
2011.10.25 04:06:36.707,1.32814,1.32837,1.50,1.50
2011.10.25 04:06:36.827,1.32817,1.32839,1.73,1.50
2011.10.25 04:06:37.065,1.32817,1.32841,2.48,1.50
2011.10.25 04:06:37.415,1.32818,1.32841,2.48,1.50
2011.10.25 04:06:37.645,1.32818,1.32842,2.48,1.50
2011.10.25 04:06:37.984,1.32822,1.32848,1.50,1.50
2011.10.25 04:06:38.526,1.32822,1.32848,1.50,1.50
2011.10.25 04:06:38.650,1.32822,1.3285,1.50,1.50
2011.10.25 04:06:41.493,1.32822,1.32849,1.11,1.73
2011.10.25 04:06:42.163,1.32821,1.32849,1.11,1.73
2011.10.25 04:06:44.355,1.32813,1.32842,1.11,2.10
2011.10.25 04:06:44.472,1.3281,1.32837,1.11,1.50
2011.10.25 04:06:44.812,1.3281,1.3284,1.86,1.50
2011.10.25 04:06:46.923,1.32814,1.3284,1.86,1.50
2011.10.25 04:06:48.091,1.32817,1.32842,1.11,1.73
2011.10.25 04:06:50.695,1.32817,1.32836,1.11,1.50
2011.10.25 04:06:50.821,1.32808,1.32829,1.11,1.50
2011.10.25 04:06:50.947,1.32809,1.32832,1.11,2.48
2011.10.25 04:06:51.741,1.32809,1.32834,1.11,1.50
2011.10.25 04:06:52.484,1.32809,1.32834,1.11,1.50
2011.10.25 04:06:53.480,1.3281,1.32835,1.11,1.13
2011.10.25 04:06:53.610,1.32805,1.32832,1.11,1.50
2011.10.25 04:06:53.737,1.32802,1.3283,1.86,2.25
2011.10.25 04:06:54.099,1.32808,1.32832,2.23,1.50
2011.10.25 04:06:54.229,1.32809,1.32836,1.11,1.50
2011.10.25 04:06:54.474,1.32808,1.32836,1.86,1.50
2011.10.25 04:06:54.593,1.32808,1.32833,1.11,1.50
2011.10.25 04:06:56.811,1.32807,1.32833,1.50,1.50
2011.10.25 04:06:56.932,1.32804,1.32829,1.11,1.50
2011.10.25 04:06:57.520,1.32807,1.32833,1.11,1.50
2011.10.25 04:06:57.973,1.32807,1.32833,1.11,1.50
2011.10.25 04:06:58.453,1.32807,1.32834,2.23,1.50
2011.10.25 04:06:58.796,1.32815,1.32838,1.50,1.50
2011.10.25 04:06:59.143,1.32815,1.32842,1.50,1.50
2011.10.25 04:06:59.804,1.32815,1.32841,1.50,1.50
2011.10.25 04:07:03.341,1.32815,1.32841,1.50,1.50
2011.10.25 04:07:03.907,1.32819,1.32843,1.11,1.50
2011.10.25 04:07:05.064,1.32819,1.32843,1.11,1.50
2011.10.25 04:07:09.560,1.32819,1.32843,1.11,1.50
2011.10.25 04:07:10.226,1.32819,1.32843,1.11,1.50
2011.10.25 04:07:14.737,1.32819,1.32843,1.11,1.50
2011.10.25 04:07:21.356,1.32819,1.32843,1.11,3.23
2011.10.25 04:07:21.596,1.32814,1.32839,1.11,1.50
2011.10.25 04:07:21.717,1.32811,1.32839,1.11,1.50
2011.10.25 04:07:23.160,1.32811,1.32837,1.11,1.50
2011.10.25 04:07:30.931,1.32812,1.32836,1.11,2.48
2011.10.25 04:07:31.179,1.32805,1.3283,1.13,1.50
2011.10.25 04:07:31.752,1.32809,1.32833,1.11,1.50
2011.10.25 04:07:32.413,1.32809,1.32833,1.11,1.50
2011.10.25 04:07:32.863,1.32813,1.32839,1.86,1.50
2011.10.25 04:07:33.204,1.32819,1.32841,1.11,1.50
2011.10.25 04:07:33.325,1.32819,1.32843,1.11,1.50
2011.10.25 04:07:33.564,1.32818,1.32847,1.11,1.50
2011.10.25 04:07:34.122,1.32823,1.32847,1.11,2.25
2011.10.25 04:07:36.007,1.32817,1.32836,1.11,1.50
2011.10.25 04:07:36.366,1.3281,1.32832,1.86,1.50
2011.10.25 04:07:36.728,1.32804,1.32818,1.11,1.50
2011.10.25 04:07:37.183,1.32803,1.32826,1.11,1.50
2011.10.25 04:07:38.055,1.32806,1.32827,1.86,1.73
2011.10.25 04:07:38.184,1.3281,1.32832,1.11,1.50
2011.10.25 04:07:38.306,1.3281,1.32834,1.11,1.50
2011.10.25 04:07:38.534,1.3281,1.32834,1.11,1.50
2011.10.25 04:07:39.286,1.32814,1.32838,1.11,1.73
2011.10.25 04:07:39.654,1.32808,1.32828,1.11,1.50
2011.10.25 04:07:39.776,1.32802,1.32829,1.11,2.48
2011.10.25 04:07:40.005,1.32799,1.32829,1.11,1.50
2011.10.25 04:07:40.124,1.32799,1.3283,1.11,2.48
2011.10.25 04:07:40.593,1.32804,1.32834,1.86,1.50
2011.10.25 04:07:41.257,1.32804,1.32833,1.86,1.50
2011.10.25 04:07:41.735,1.32805,1.3283,1.11,1.88
2011.10.25 04:07:41.964,1.32801,1.32826,1.86,1.50
2011.10.25 04:07:46.072,1.32801,1.32825,1.11,2.25
2011.10.25 04:07:49.422,1.328,1.32825,1.11,2.25
2011.10.25 04:07:50.153,1.32801,1.32825,1.11,2.25
2011.10.25 04:07:51.687,1.328,1.32825,1.11,1.50
2011.10.25 04:07:57.353,1.32801,1.32825,1.11,2.25
2011.10.25 04:08:02.431,1.32801,1.32825,1.11,2.25
2011.10.25 04:08:07.729,1.32801,1.32825,1.11,2.25
2011.10.25 04:08:08.824,1.32801,1.32825,1.11,2.25
2011.10.25 04:08:16.483,1.32801,1.32825,1.11,2.25
2011.10.25 04:08:16.824,1.32802,1.32825,1.50,2.25
2011.10.25 04:08:17.189,1.3281,1.3283,1.11,1.95
2011.10.25 04:08:17.924,1.32802,1.32827,1.11,1.50
2011.10.25 04:08:18.055,1.328,1.32827,1.11,2.25
2011.10.25 04:08:19.342,1.328,1.32824,1.11,1.50
2011.10.25 04:08:20.415,1.32802,1.32824,1.50,1.13
2011.10.25 04:08:20.773,1.32791,1.32816,1.11,2.48
2011.10.25 04:08:20.894,1.32789,1.32815,1.11,2.48
2011.10.25 04:08:21.125,1.3279,1.32815,1.13,1.50
2011.10.25 04:08:21.693,1.32795,1.32818,1.11,1.50
2011.10.25 04:08:21.828,1.32795,1.3282,1.11,1.50
2011.10.25 04:08:22.176,1.32798,1.32823,1.11,1.50
2011.10.25 04:08:23.672,1.328,1.32824,1.11,1.50
2011.10.25 04:08:24.224,1.32798,1.3282,1.11,1.50
2011.10.25 04:08:24.574,1.32794,1.3282,1.48,2.25
2011.10.25 04:08:26.349,1.32793,1.32814,1.11,1.50
2011.10.25 04:08:26.482,1.32786,1.32812,1.11,1.50
2011.10.25 04:08:26.712,1.32786,1.32812,1.11,1.50
2011.10.25 04:08:28.305,1.32787,1.32812,2.48,1.50
2011.10.25 04:08:28.534,1.32786,1.32812,1.11,1.50
2011.10.25 04:08:28.657,1.32785,1.32809,3.23,1.50
2011.10.25 04:08:28.774,1.32785,1.32809,1.50,1.50
2011.10.25 04:08:29.732,1.32781,1.32807,1.11,1.50
2011.10.25 04:08:30.675,1.32781,1.32807,1.11,1.50
2011.10.25 04:08:31.419,1.32781,1.32806,1.11,1.50
2011.10.25 04:08:31.547,1.32781,1.32807,1.11,1.50
2011.10.25 04:08:36.292,1.32781,1.32807,1.11,1.50
2011.10.25 04:08:48.014,1.32781,1.32807,1.11,1.50
2011.10.25 04:08:48.611,1.32781,1.32807,1.11,2.25
2011.10.25 04:08:50.251,1.32781,1.32807,1.11,1.50
2011.10.25 04:08:52.326,1.3278,1.32806,1.11,1.50
2011.10.25 04:08:52.860,1.32778,1.32806,1.11,2.48
2011.10.25 04:08:53.225,1.32782,1.32801,1.11,1.73
2011.10.25 04:08:53.351,1.32782,1.32803,1.11,2.25
2011.10.25 04:08:53.702,1.32784,1.32806,1.11,1.73
2011.10.25 04:08:54.053,1.32787,1.3281,1.11,1.50
2011.10.25 04:08:54.975,1.32785,1.32807,1.50,1.50
2011.10.25 04:08:55.205,1.32783,1.32807,1.11,2.48
2011.10.25 04:08:56.005,1.3278,1.32802,2.48,1.50
2011.10.25 04:08:56.346,1.3278,1.32804,2.48,1.50
2011.10.25 04:08:56.793,1.32783,1.32807,1.11,2.48
2011.10.25 04:08:59.067,1.32781,1.32806,1.86,1.50
2011.10.25 04:08:59.820,1.32777,1.32795,1.11,4.20
2011.10.25 04:08:59.946,1.32772,1.32795,1.11,4.20
2011.10.25 04:09:00.304,1.32771,1.32795,1.11,1.73
2011.10.25 04:09:00.867,1.32771,1.32797,1.11,1.50
2011.10.25 04:09:01.435,1.32771,1.32797,1.11,1.50
2011.10.25 04:09:02.017,1.32771,1.32797,1.11,1.50
2011.10.25 04:09:04.154,1.32771,1.32797,1.11,1.50
2011.10.25 04:09:04.397,1.32771,1.32797,1.86,1.50
2011.10.25 04:09:04.745,1.32775,1.32802,1.11,1.50
2011.10.25 04:09:04.864,1.32775,1.32802,1.11,1.50
2011.10.25 04:09:05.422,1.32779,1.32806,1.11,2.48
2011.10.25 04:09:05.876,1.32779,1.32802,1.11,1.50
2011.10.25 04:09:05.995,1.32779,1.32801,1.11,1.73
2011.10.25 04:09:06.691,1.32772,1.32798,1.86,1.50
2011.10.25 04:09:07.055,1.32769,1.32795,1.11,1.50
2011.10.25 04:09:07.624,1.32769,1.32795,1.11,1.50
2011.10.25 04:09:07.852,1.32769,1.32795,1.11,1.50
2011.10.25 04:09:08.412,1.32769,1.32795,1.11,1.50
2011.10.25 04:09:08.982,1.32772,1.32798,1.11,1.50
2011.10.25 04:09:10.073,1.32772,1.32798,1.11,1.50
2011.10.25 04:09:16.063,1.32774,1.328,1.50,3.00
2011.10.25 04:09:17.434,1.32778,1.32802,1.11,2.25
2011.10.25 04:09:17.662,1.32778,1.32802,1.11,1.50
2011.10.25 04:09:18.325,1.32778,1.32802,1.11,1.50
2011.10.25 04:09:20.844,1.32781,1.32805,1.11,1.50
2011.10.25 04:09:21.183,1.32781,1.328,1.11,1.50
2011.10.25 04:09:21.413,1.32775,1.32799,1.11,1.50
2011.10.25 04:09:22.915,1.32775,1.32799,1.11,1.50
2011.10.25 04:09:25.983,1.32775,1.32799,1.11,1.50
2011.10.25 04:09:26.566,1.32775,1.328,1.11,2.25
2011.10.25 04:09:28.062,1.32775,1.32799,1.11,1.50
2011.10.25 04:09:29.104,1.32775,1.32799,1.11,1.50
2011.10.25 04:09:29.827,1.32775,1.32799,1.11,1.50
2011.10.25 04:09:29.964,1.32768,1.32797,1.11,1.67
2011.10.25 04:09:30.087,1.32767,1.32793,1.11,1.50
2011.10.25 04:09:30.203,1.32765,1.32793,1.11,1.50
2011.10.25 04:09:30.762,1.32764,1.3279,1.11,1.50
2011.10.25 04:09:31.157,1.32764,1.3279,1.11,1.67
2011.10.25 04:09:31.518,1.32762,1.32789,1.50,1.50
2011.10.25 04:09:31.995,1.32762,1.32789,1.86,1.50
2011.10.25 04:09:32.708,1.32765,1.32789,1.11,1.50
2011.10.25 04:09:33.222,1.32762,1.32788,1.50,2.25
2011.10.25 04:09:33.354,1.32761,1.32786,1.11,1.50
2011.10.25 04:09:36.485,1.32758,1.32785,1.11,1.50
2011.10.25 04:09:41.968,1.32761,1.32788,1.11,3.00
2011.10.25 04:09:42.205,1.32762,1.32788,1.50,3.00
2011.10.25 04:09:43.112,1.32762,1.32787,1.50,1.50
2011.10.25 04:09:43.998,1.32762,1.32785,1.50,1.50
2011.10.25 04:09:46.443,1.32762,1.32785,1.50,1.50
2011.10.25 04:09:47.023,1.32761,1.32785,1.11,1.50
2011.10.25 04:09:48.962,1.32761,1.32785,1.11,1.50
2011.10.25 04:09:50.516,1.32762,1.32786,1.50,1.50
2011.10.25 04:09:50.866,1.32762,1.32785,1.50,1.50
2011.10.25 04:09:51.098,1.32762,1.32785,1.50,1.50
2011.10.25 04:09:51.774,1.32761,1.32785,1.11,1.50
2011.10.25 04:09:52.547,1.32763,1.32788,1.50,1.50
2011.10.25 04:09:52.665,1.32769,1.32791,1.50,1.50
2011.10.25 04:09:52.895,1.32764,1.32791,1.11,1.50
2011.10.25 04:09:53.245,1.32769,1.32792,3.60,1.50
2011.10.25 04:09:53.729,1.32769,1.32793,3.96,1.50
2011.10.25 04:09:54.224,1.32769,1.32794,3.96,1.50
2011.10.25 04:09:54.343,1.32769,1.32793,3.58,1.50
2011.10.25 04:09:54.912,1.32769,1.32795,1.86,1.50
2011.10.25 04:09:55.653,1.32767,1.3279,1.11,1.50
2011.10.25 04:09:55.774,1.32762,1.32787,3.23,1.50
2011.10.25 04:09:55.894,1.32762,1.32787,3.23,1.50
2011.10.25 04:09:56.355,1.32765,1.32788,2.08,1.50
2011.10.25 04:09:56.716,1.32767,1.3279,1.13,1.50
2011.10.25 04:09:57.465,1.32767,1.3279,1.11,1.50
2011.10.25 04:09:57.806,1.32766,1.3279,1.86,1.50
2011.10.25 04:09:58.032,1.32766,1.3279,1.11,1.50
2011.10.25 04:09:58.458,1.32766,1.3279,1.11,1.50
2011.10.25 04:10:00.441,1.32766,1.3279,1.11,1.50
2011.10.25 04:10:01.042,1.32766,1.3279,1.11,1.50
2011.10.25 04:10:01.418,1.32763,1.32783,2.48,1.50
2011.10.25 04:10:01.765,1.32759,1.32782,3.23,1.50
2011.10.25 04:10:02.488,1.32772,1.32785,1.13,2.48
2011.10.25 04:10:02.616,1.32766,1.32786,1.11,2.48
2011.10.25 04:10:02.733,1.32765,1.32782,1.50,1.50
2011.10.25 04:10:02.855,1.32761,1.32781,1.11,1.50
2011.10.25 04:10:03.446,1.32758,1.32781,1.11,1.50
2011.10.25 04:10:03.567,1.32758,1.3278,1.11,1.35
2011.10.25 04:10:03.684,1.32755,1.32778,1.50,1.50
2011.10.25 04:10:03.925,1.32757,1.32781,2.48,1.50
2011.10.25 04:10:05.106,1.32757,1.32781,2.48,1.50
2011.10.25 04:10:05.442,1.32757,1.32781,2.48,1.50
2011.10.25 04:10:06.777,1.32757,1.32781,1.73,1.50
2011.10.25 04:10:06.896,1.32755,1.32781,1.11,1.50
2011.10.25 04:10:07.352,1.32755,1.32779,1.86,1.50
2011.10.25 04:10:07.478,1.32757,1.32779,1.50,1.50
2011.10.25 04:10:07.716,1.32759,1.32782,3.23,1.50
2011.10.25 04:10:08.272,1.32762,1.32782,1.73,1.50
2011.10.25 04:10:08.613,1.32762,1.32782,2.48,1.50
2011.10.25 04:10:10.902,1.32764,1.32786,1.50,1.50
2011.10.25 04:10:11.466,1.32763,1.32786,1.11,1.50
2011.10.25 04:10:11.585,1.32761,1.32786,1.11,1.50
2011.10.25 04:10:11.703,1.32759,1.32782,1.11,1.50
2011.10.25 04:10:11.944,1.32761,1.32783,1.50,1.50
2011.10.25 04:10:12.294,1.32761,1.32783,1.50,1.50
2011.10.25 04:10:13.013,1.3276,1.32782,1.11,1.50
2011.10.25 04:10:14.794,1.32755,1.3278,1.50,1.50
2011.10.25 04:10:14.912,1.32755,1.3278,1.50,1.50
2011.10.25 04:10:17.151,1.32753,1.32767,1.11,1.13
2011.10.25 04:10:17.283,1.32749,1.32767,2.48,1.50
2011.10.25 04:10:17.529,1.32746,1.32767,1.50,1.88
2011.10.25 04:10:17.766,1.32747,1.32767,1.50,1.50
2011.10.25 04:10:17.995,1.32749,1.32769,1.50,1.50
2011.10.25 04:10:19.324,1.32749,1.32773,1.50,1.50
2011.10.25 04:10:19.882,1.3275,1.32775,1.11,3.23
2011.10.25 04:10:20.451,1.3275,1.32775,1.86,1.50
2011.10.25 04:10:21.381,1.32751,1.32776,1.11,1.13
2011.10.25 04:10:26.423,1.32755,1.32775,1.11,1.13
2011.10.25 04:10:26.929,1.32755,1.32775,1.11,1.13
2011.10.25 04:10:27.204,1.32755,1.32775,1.11,1.13
2011.10.25 04:10:28.184,1.32755,1.32779,1.11,1.20
2011.10.25 04:10:28.304,1.32757,1.32779,1.11,1.20
2011.10.25 04:10:28.642,1.32757,1.32779,1.11,1.20
2011.10.25 04:10:29.591,1.32757,1.32779,1.11,1.20
2011.10.25 04:10:30.150,1.32759,1.32779,2.08,1.20
2011.10.25 04:10:30.276,1.32761,1.32779,1.11,1.20
2011.10.25 04:10:30.634,1.32759,1.3278,1.11,1.20
2011.10.25 04:10:33.755,1.32759,1.3278,1.11,1.20
2011.10.25 04:10:35.283,1.32759,1.3278,1.11,1.20
2011.10.25 04:10:35.882,1.32764,1.3278,1.11,1.20
2011.10.25 04:10:36.331,1.32762,1.32779,1.11,1.20
2011.10.25 04:10:37.022,1.32759,1.32779,1.11,1.20
2011.10.25 04:10:41.205,1.32759,1.32779,1.11,1.20
2011.10.25 04:10:41.862,1.32762,1.32786,1.11,3.60
2011.10.25 04:10:44.186,1.32759,1.32782,1.11,1.35
2011.10.25 04:10:44.535,1.32756,1.32778,1.11,1.67
2011.10.25 04:10:44.653,1.32753,1.32776,1.11,1.13
2011.10.25 04:10:45.167,1.32753,1.32775,1.11,1.13
2011.10.25 04:10:48.773,1.32753,1.32771,1.11,1.13
2011.10.25 04:10:49.003,1.32749,1.32768,1.11,2.48
2011.10.25 04:10:50.413,1.32749,1.32768,1.11,2.48
2011.10.25 04:10:51.093,1.32748,1.32768,1.11,2.48
2011.10.25 04:10:51.559,1.3275,1.32768,1.11,2.48
2011.10.25 04:10:51.685,1.32752,1.32777,1.50,1.13
2011.10.25 04:10:52.257,1.32751,1.32772,1.11,1.13
2011.10.25 04:10:53.566,1.32748,1.3277,1.11,1.50
2011.10.25 04:10:55.301,1.32748,1.3277,1.11,1.50
2011.10.25 04:10:58.223,1.32746,1.32771,2.48,1.50
2011.10.25 04:11:00.214,1.32746,1.32771,1.73,1.50
2011.10.25 04:11:01.231,1.32749,1.32774,1.11,1.50
2011.10.25 04:11:02.040,1.32752,1.32776,1.11,1.50
2011.10.25 04:11:02.875,1.32752,1.32777,1.11,1.50
2011.10.25 04:11:03.106,1.32755,1.32779,1.50,1.88
2011.10.25 04:11:03.591,1.32758,1.32782,1.11,1.50
2011.10.25 04:11:04.242,1.32758,1.32782,1.11,1.50
2011.10.25 04:11:06.513,1.32758,1.32782,1.11,1.50
2011.10.25 04:11:07.100,1.32758,1.32782,1.11,1.50
2011.10.25 04:11:09.355,1.32758,1.32782,1.11,1.50
2011.10.25 04:11:09.586,1.32756,1.3278,1.11,1.13
2011.10.25 04:11:10.665,1.32754,1.32779,1.11,1.50
2011.10.25 04:11:12.367,1.32758,1.32779,1.13,1.50
2011.10.25 04:11:12.603,1.32762,1.32785,1.50,1.50
2011.10.25 04:11:13.185,1.32762,1.32785,1.50,1.50
2011.10.25 04:11:13.306,1.32761,1.32785,1.11,1.50
2011.10.25 04:11:17.493,1.32762,1.32785,1.50,1.50
2011.10.25 04:11:18.052,1.32761,1.32785,1.11,1.50
2011.10.25 04:11:20.174,1.32762,1.32788,1.50,1.88
2011.10.25 04:11:20.524,1.32762,1.32788,1.50,1.50
2011.10.25 04:11:20.972,1.32769,1.3279,1.50,1.50
2011.10.25 04:11:21.573,1.32763,1.3279,1.11,2.25
2011.10.25 04:11:21.932,1.32763,1.3279,1.11,2.25
2011.10.25 04:11:22.726,1.32763,1.3279,1.11,1.50
2011.10.25 04:11:22.847,1.32767,1.32793,1.11,1.50
2011.10.25 04:11:23.587,1.32769,1.32789,1.50,1.50
2011.10.25 04:11:23.947,1.32764,1.32791,1.50,2.63
2011.10.25 04:11:24.174,1.32764,1.32789,1.50,1.13
2011.10.25 04:11:24.512,1.32759,1.32786,2.48,1.50
2011.10.25 04:11:24.933,1.32762,1.32787,1.50,1.88
2011.10.25 04:11:25.534,1.32765,1.3279,1.11,1.05
2011.10.25 04:11:25.656,1.32765,1.3279,1.11,1.05
2011.10.25 04:11:26.113,1.32768,1.32791,1.50,2.55
2011.10.25 04:11:26.452,1.32771,1.32791,1.86,1.05
2011.10.25 04:11:27.952,1.32774,1.32793,1.86,1.05
2011.10.25 04:11:28.184,1.32774,1.32797,1.11,1.13
2011.10.25 04:11:28.302,1.32774,1.32798,1.11,1.88
2011.10.25 04:11:28.426,1.32771,1.32797,1.11,1.13
2011.10.25 04:11:28.765,1.32769,1.32791,1.11,1.50
2011.10.25 04:11:28.993,1.32764,1.32789,1.11,2.04
2011.10.25 04:11:29.443,1.32761,1.32787,1.86,1.13
2011.10.25 04:11:30.786,1.32761,1.32787,1.86,1.88
2011.10.25 04:11:32.672,1.32761,1.32787,1.86,1.88
2011.10.25 04:11:34.578,1.32764,1.32788,1.11,1.13
2011.10.25 04:11:35.838,1.32764,1.32789,1.11,1.50
2011.10.25 04:11:36.186,1.32769,1.32792,1.11,1.13
2011.10.25 04:11:36.763,1.32769,1.32792,1.11,1.13
2011.10.25 04:11:38.055,1.32769,1.32787,1.11,2.48
2011.10.25 04:11:40.754,1.32769,1.32788,1.11,1.73
2011.10.25 04:11:40.873,1.32774,1.32794,1.11,1.50
2011.10.25 04:11:40.997,1.32768,1.32794,2.61,1.50
2011.10.25 04:11:41.235,1.3277,1.32794,1.11,1.50
2011.10.25 04:11:41.683,1.32767,1.32794,1.11,1.50
2011.10.25 04:11:42.243,1.32766,1.32793,1.11,2.25
2011.10.25 04:11:43.813,1.32768,1.32794,1.86,1.50
2011.10.25 04:11:44.387,1.32768,1.32795,1.86,1.50
2011.10.25 04:11:48.514,1.32766,1.32793,1.11,1.50
2011.10.25 04:11:48.989,1.32766,1.32792,1.11,1.50
2011.10.25 04:11:50.245,1.32764,1.3279,1.11,1.50
2011.10.25 04:11:51.826,1.32762,1.32789,1.11,1.50
2011.10.25 04:11:52.163,1.32761,1.32787,1.86,1.50
2011.10.25 04:11:52.503,1.32763,1.32787,1.11,1.50
2011.10.25 04:11:53.063,1.32767,1.32792,1.50,1.50
2011.10.25 04:11:53.182,1.32766,1.32794,1.11,3.00
2011.10.25 04:11:53.303,1.32767,1.32794,1.11,1.50
2011.10.25 04:11:53.874,1.32768,1.32795,1.50,1.50
2011.10.25 04:11:54.319,1.3277,1.32796,1.11,2.25
2011.10.25 04:11:54.676,1.32775,1.32796,1.50,1.50
2011.10.25 04:11:54.912,1.32775,1.328,1.50,1.50
2011.10.25 04:12:04.241,1.32778,1.32799,1.11,1.50
2011.10.25 04:12:05.085,1.32775,1.32796,1.11,1.50
2011.10.25 04:12:05.205,1.32771,1.32796,1.11,1.50
2011.10.25 04:12:08.103,1.32771,1.32793,1.11,1.50
2011.10.25 04:12:08.453,1.32769,1.32793,1.86,1.50
2011.10.25 04:12:08.688,1.32769,1.32789,1.11,1.50
2011.10.25 04:12:08.809,1.32765,1.32787,1.11,1.50
2011.10.25 04:12:09.854,1.32765,1.32793,1.11,1.50
2011.10.25 04:12:11.913,1.32765,1.32789,1.11,1.50
2011.10.25 04:12:12.545,1.32764,1.32792,1.11,2.25
2011.10.25 04:12:13.054,1.32764,1.32789,1.11,1.50
2011.10.25 04:12:13.749,1.32764,1.32792,1.11,1.50
2011.10.25 04:12:15.844,1.32766,1.32792,1.11,2.25
2011.10.25 04:12:16.182,1.32768,1.32792,1.50,1.50
2011.10.25 04:12:17.244,1.32768,1.32794,1.50,1.50
2011.10.25 04:12:20.022,1.32768,1.32793,2.25,1.50
2011.10.25 04:12:20.865,1.3277,1.32793,1.11,1.50
2011.10.25 04:12:21.781,1.3277,1.32793,1.11,1.50
2011.10.25 04:12:23.094,1.32769,1.32796,1.11,1.50
2011.10.25 04:12:23.634,1.32771,1.32796,1.11,2.25
2011.10.25 04:12:24.369,1.32772,1.32796,1.11,2.25
2011.10.25 04:12:24.601,1.32772,1.32794,1.11,1.50
2011.10.25 04:12:29.201,1.32768,1.32792,1.11,1.50
2011.10.25 04:12:32.491,1.32768,1.32792,1.11,1.50
2011.10.25 04:12:33.091,1.32772,1.32795,1.13,1.50
2011.10.25 04:12:33.803,1.32769,1.32796,1.11,2.85
2011.10.25 04:12:34.049,1.32766,1.3279,1.50,1.50
2011.10.25 04:12:34.174,1.32762,1.32789,1.86,1.50
2011.10.25 04:12:34.292,1.32762,1.32789,1.86,1.50
2011.10.25 04:12:34.882,1.32762,1.32789,1.86,1.50
2011.10.25 04:12:35.224,1.32762,1.32789,1.86,1.50
2011.10.25 04:12:35.466,1.32762,1.32786,1.50,1.50
2011.10.25 04:12:35.583,1.32761,1.32786,1.50,1.50
2011.10.25 04:12:36.052,1.32757,1.32783,1.86,1.50
2011.10.25 04:12:36.685,1.32759,1.32783,1.11,1.50
2011.10.25 04:12:37.252,1.32759,1.32783,1.11,1.50
2011.10.25 04:12:38.274,1.32759,1.32783,1.11,1.50
2011.10.25 04:12:39.876,1.32761,1.32783,1.13,1.50
2011.10.25 04:12:40.236,1.32762,1.32789,1.86,1.50
2011.10.25 04:12:44.632,1.32762,1.32788,1.11,1.50
2011.10.25 04:12:48.267,1.32761,1.32784,1.50,1.50
2011.10.25 04:12:48.384,1.32759,1.32784,1.50,1.50
2011.10.25 04:12:48.943,1.32764,1.32788,1.11,1.50
2011.10.25 04:12:49.284,1.32764,1.3279,1.11,1.50
2011.10.25 04:12:49.764,1.32764,1.32791,1.86,2.25
2011.10.25 04:12:50.433,1.32764,1.3279,1.86,1.50
2011.10.25 04:12:52.074,1.32764,1.32791,1.86,1.50
2011.10.25 04:12:52.427,1.32769,1.32796,1.11,1.50
2011.10.25 04:12:52.776,1.32771,1.32796,1.11,1.50
2011.10.25 04:12:53.332,1.32771,1.32797,1.50,2.25
2011.10.25 04:12:53.453,1.32771,1.32795,1.50,1.50
2011.10.25 04:12:54.183,1.32771,1.32794,1.50,1.50
2011.10.25 04:12:54.504,1.32771,1.32794,1.50,1.50
2011.10.25 04:12:55.084,1.32771,1.32792,1.50,1.50
2011.10.25 04:12:57.938,1.32771,1.32792,1.50,1.50
2011.10.25 04:12:58.296,1.32763,1.32787,1.50,3.23
2011.10.25 04:12:58.653,1.32759,1.3278,1.11,1.50
2011.10.25 04:12:58.775,1.32757,1.3278,1.11,1.50
2011.10.25 04:12:59.613,1.32757,1.3278,1.86,1.67
2011.10.25 04:13:00.105,1.32757,1.3278,1.11,1.67
2011.10.25 04:13:00.471,1.32757,1.3278,1.50,1.50
2011.10.25 04:13:00.597,1.3276,1.32784,1.86,1.50
2011.10.25 04:13:01.153,1.3276,1.32784,1.86,2.25
2011.10.25 04:13:01.496,1.32756,1.32778,1.11,1.13
2011.10.25 04:13:01.616,1.32753,1.32773,1.86,1.50
2011.10.25 04:13:02.188,1.32753,1.32777,1.11,1.50
2011.10.25 04:13:05.682,1.32754,1.32778,1.13,2.25
2011.10.25 04:13:06.026,1.32758,1.32783,1.50,2.25
2011.10.25 04:13:06.255,1.32758,1.32783,1.50,2.25
2011.10.25 04:13:06.822,1.32759,1.32784,1.11,1.50
2011.10.25 04:13:08.483,1.32759,1.32785,1.11,2.25
2011.10.25 04:13:11.518,1.32772,1.32789,1.88,1.50
2011.10.25 04:13:11.637,1.32772,1.32794,1.88,1.50
2011.10.25 04:13:11.875,1.32772,1.32797,1.50,1.50
2011.10.25 04:13:12.104,1.32768,1.32795,1.50,1.50
2011.10.25 04:13:12.334,1.32767,1.32792,1.11,1.50
2011.10.25 04:13:12.905,1.32765,1.32792,1.86,1.50
2011.10.25 04:13:13.150,1.32765,1.32784,1.11,1.73
2011.10.25 04:13:13.279,1.32761,1.32784,1.50,2.48
2011.10.25 04:13:13.406,1.32759,1.32784,1.50,3.23
2011.10.25 04:13:13.646,1.32765,1.32785,1.50,3.23
2011.10.25 04:13:13.888,1.32765,1.32789,1.50,1.50
2011.10.25 04:13:14.396,1.3277,1.32793,1.50,1.50
2011.10.25 04:13:14.526,1.3277,1.32793,1.50,1.50
2011.10.25 04:13:15.646,1.32768,1.3279,1.50,2.25
2011.10.25 04:13:18.075,1.32763,1.32789,1.86,1.50
2011.10.25 04:13:18.301,1.32763,1.32789,1.86,1.50
2011.10.25 04:13:18.734,1.32763,1.32789,1.86,1.50
2011.10.25 04:13:26.073,1.32766,1.32792,1.11,1.50
2011.10.25 04:13:26.841,1.32766,1.32792,1.11,1.50
2011.10.25 04:13:29.532,1.32772,1.32794,1.50,1.50
2011.10.25 04:13:30.092,1.32772,1.32794,1.50,1.50
2011.10.25 04:13:30.325,1.32772,1.32796,1.86,1.50
2011.10.25 04:13:30.443,1.32772,1.32798,1.86,2.25
2011.10.25 04:13:34.211,1.32773,1.32798,1.13,2.25
2011.10.25 04:13:34.341,1.32777,1.32801,1.11,1.50
2011.10.25 04:13:34.471,1.32779,1.32803,1.13,2.48
2011.10.25 04:13:34.717,1.32784,1.32805,1.11,1.50
2011.10.25 04:13:35.593,1.32781,1.32805,1.11,1.50
2011.10.25 04:13:41.213,1.32779,1.32805,1.11,1.50
2011.10.25 04:13:41.443,1.32777,1.32803,1.50,1.50
2011.10.25 04:13:47.682,1.32777,1.32802,1.50,1.50
2011.10.25 04:13:48.036,1.32773,1.32798,1.11,1.50
2011.10.25 04:13:48.482,1.32773,1.32799,1.11,3.00
2011.10.25 04:13:56.613,1.32773,1.32797,1.11,3.23
2011.10.25 04:13:57.172,1.32773,1.32796,1.11,2.48
2011.10.25 04:13:57.297,1.32773,1.32799,1.11,2.25
2011.10.25 04:14:00.675,1.32777,1.32799,1.11,1.50
2011.10.25 04:14:00.908,1.32777,1.32805,2.23,2.25
2011.10.25 04:14:01.496,1.32781,1.32805,1.48,1.50
2011.10.25 04:14:01.906,1.32785,1.32807,1.50,1.50
2011.10.25 04:14:02.473,1.32785,1.3281,1.11,1.50
2011.10.25 04:14:02.598,1.32781,1.32807,1.11,1.50
2011.10.25 04:14:04.182,1.3278,1.32807,1.11,1.50
2011.10.25 04:14:06.422,1.32781,1.32807,1.11,1.50
2011.10.25 04:14:07.913,1.32778,1.32805,1.11,1.50
2011.10.25 04:14:11.101,1.32778,1.32805,1.11,1.50
2011.10.25 04:14:15.278,1.32778,1.32805,1.11,2.25
2011.10.25 04:14:15.501,1.32777,1.32802,1.50,1.50
2011.10.25 04:14:16.745,1.32777,1.32802,1.50,2.25
2011.10.25 04:14:21.825,1.32775,1.32799,1.11,1.50
2011.10.25 04:14:22.164,1.32771,1.32797,1.50,1.50
2011.10.25 04:14:25.952,1.32771,1.32795,1.50,1.50
2011.10.25 04:14:30.227,1.32778,1.32801,1.50,1.50
2011.10.25 04:14:30.454,1.32778,1.32801,1.50,1.50
2011.10.25 04:14:41.730,1.32778,1.32801,1.50,1.50
2011.10.25 04:14:44.939,1.32778,1.32801,1.50,2.25
2011.10.25 04:14:45.294,1.32778,1.32798,1.50,1.50
2011.10.25 04:14:49.074,1.32771,1.32798,1.86,1.50
2011.10.25 04:14:49.196,1.32771,1.32798,1.86,1.50
2011.10.25 04:14:50.362,1.32771,1.32798,1.86,2.25
2011.10.25 04:14:51.024,1.32771,1.32798,1.86,1.50
2011.10.25 04:14:54.133,1.32771,1.32798,1.86,1.50
2011.10.25 04:14:55.028,1.32771,1.32798,1.86,1.50
2011.10.25 04:14:57.085,1.32771,1.32798,1.86,1.50
2011.10.25 04:15:06.272,1.32771,1.32798,1.86,1.50
2011.10.25 04:15:10.531,1.32777,1.32798,1.50,1.50
2011.10.25 04:15:13.343,1.32777,1.32799,1.50,1.50
2011.10.25 04:15:14.207,1.32777,1.328,1.50,1.50
2011.10.25 04:15:19.953,1.32778,1.32799,1.50,1.50
2011.10.25 04:15:21.925,1.32776,1.32799,1.50,1.50
2011.10.25 04:15:28.905,1.32775,1.32798,1.50,1.50
2011.10.25 04:15:29.476,1.32777,1.32796,1.50,1.50
2011.10.25 04:15:32.495,1.32772,1.32795,1.50,1.50
2011.10.25 04:15:33.883,1.32772,1.32795,1.50,1.50
2011.10.25 04:15:34.865,1.32777,1.32796,1.50,1.50
2011.10.25 04:15:35.205,1.32778,1.32798,1.50,1.50
2011.10.25 04:15:35.432,1.32778,1.328,1.50,1.50
2011.10.25 04:15:36.286,1.32778,1.32801,1.50,1.50
2011.10.25 04:15:36.624,1.32783,1.32807,1.50,1.50
2011.10.25 04:15:37.213,1.32791,1.32811,1.11,1.50
2011.10.25 04:15:37.796,1.32791,1.32818,2.83,1.50
2011.10.25 04:15:37.917,1.32797,1.32818,1.50,1.50
2011.10.25 04:15:38.154,1.32797,1.32818,1.50,1.50
2011.10.25 04:15:38.867,1.32797,1.32818,1.50,1.50
2011.10.25 04:15:42.806,1.32797,1.32819,1.50,1.50
2011.10.25 04:15:45.848,1.32795,1.32818,1.11,1.50
2011.10.25 04:15:53.104,1.32794,1.32818,1.11,1.50
2011.10.25 04:15:54.221,1.32794,1.32818,1.11,2.25
2011.10.25 04:16:15.053,1.32794,1.32818,1.11,1.50
2011.10.25 04:16:15.284,1.32793,1.32819,1.86,1.50
2011.10.25 04:16:15.984,1.32793,1.32818,1.11,1.50
2011.10.25 04:16:25.872,1.32794,1.32821,1.86,2.48
2011.10.25 04:16:26.217,1.32803,1.32819,1.50,1.73
2011.10.25 04:16:26.454,1.32801,1.32823,1.50,1.50
2011.10.25 04:16:26.573,1.32801,1.32827,1.50,1.50
2011.10.25 04:16:30.403,1.32797,1.3282,1.11,2.48
2011.10.25 04:16:30.525,1.32794,1.3282,1.11,3.98
2011.10.25 04:16:30.961,1.32798,1.32823,1.50,1.50
2011.10.25 04:16:31.208,1.32797,1.3282,1.86,1.73
2011.10.25 04:16:31.767,1.32798,1.32821,1.50,1.50
2011.10.25 04:16:31.994,1.32798,1.32821,1.50,1.50
2011.10.25 04:16:40.361,1.32798,1.32821,1.50,1.50
2011.10.25 04:16:40.592,1.32798,1.32823,1.86,1.50
2011.10.25 04:16:41.208,1.32798,1.32825,2.25,1.50
2011.10.25 04:16:41.436,1.32797,1.32822,1.50,1.50
2011.10.25 04:16:42.384,1.32798,1.32822,1.50,1.50
2011.10.25 04:16:42.949,1.32798,1.32821,1.86,1.50
2011.10.25 04:16:43.062,1.32799,1.32821,1.11,1.50
2011.10.25 04:16:44.059,1.32799,1.32825,1.11,1.50
2011.10.25 04:16:46.169,1.32798,1.32825,2.61,1.50
2011.10.25 04:16:46.394,1.32799,1.32825,1.11,1.50
2011.10.25 04:16:46.940,1.32799,1.32825,1.11,3.23
2011.10.25 04:16:51.222,1.32798,1.32825,2.61,1.50
2011.10.25 04:16:51.934,1.32799,1.32825,1.11,1.50
2011.10.25 04:16:55.942,1.32798,1.3282,1.50,1.50
2011.10.25 04:16:56.512,1.32797,1.32819,1.50,1.50
2011.10.25 04:16:57.112,1.32798,1.32819,1.50,1.50
2011.10.25 04:17:01.904,1.32798,1.3282,1.50,1.50
2011.10.25 04:17:02.244,1.32802,1.3282,1.50,1.50
2011.10.25 04:17:02.475,1.32802,1.32823,1.50,1.50
2011.10.25 04:17:06.284,1.32804,1.32823,1.50,1.50
2011.10.25 04:17:06.998,1.32801,1.32822,1.50,1.50
2011.10.25 04:17:13.173,1.32804,1.32822,1.50,1.50
2011.10.25 04:17:15.988,1.32804,1.32826,1.50,1.50
2011.10.25 04:17:16.442,1.32806,1.32829,1.11,2.48
2011.10.25 04:17:17.093,1.32806,1.32829,1.11,2.48
2011.10.25 04:17:18.498,1.32806,1.3283,1.11,2.48
2011.10.25 04:17:18.837,1.32806,1.32832,1.86,1.50
2011.10.25 04:17:19.064,1.32806,1.32832,1.86,1.50
2011.10.25 04:17:19.783,1.32806,1.32832,1.86,1.50
2011.10.25 04:17:20.254,1.32806,1.32832,1.11,1.65
2011.10.25 04:17:20.989,1.32802,1.32825,1.50,2.48
2011.10.25 04:17:21.119,1.32795,1.32817,1.86,1.44
2011.10.25 04:17:21.242,1.32795,1.32816,2.48,1.65
2011.10.25 04:17:21.367,1.32795,1.32819,2.48,2.25
2011.10.25 04:17:23.007,1.32801,1.32819,1.50,1.50
2011.10.25 04:17:23.251,1.32794,1.32818,1.86,1.13
2011.10.25 04:17:23.499,1.32791,1.32808,1.50,1.50
2011.10.25 04:17:23.627,1.32788,1.32808,1.50,1.50
2011.10.25 04:17:23.865,1.32792,1.32808,1.50,1.50
2011.10.25 04:17:24.558,1.32793,1.32804,1.50,1.50
2011.10.25 04:17:25.658,1.32793,1.32806,1.50,1.50
2011.10.25 04:17:25.780,1.32798,1.32807,1.50,1.50
2011.10.25 04:17:25.907,1.32798,1.32815,1.50,1.50
2011.10.25 04:17:26.258,1.32795,1.3282,2.08,1.73
2011.10.25 04:17:29.593,1.32795,1.32819,1.73,1.50
2011.10.25 04:17:31.532,1.32796,1.32817,1.50,1.50
2011.10.25 04:17:31.653,1.32795,1.32812,1.50,1.73
2011.10.25 04:17:32.344,1.32795,1.32812,1.50,1.73
2011.10.25 04:17:34.205,1.32789,1.32812,1.73,3.23
2011.10.25 04:17:34.897,1.32788,1.32812,1.50,3.23
2011.10.25 04:17:46.073,1.32789,1.32812,1.50,2.25
2011.10.25 04:17:49.731,1.32789,1.32811,1.50,1.50
2011.10.25 04:17:49.964,1.32789,1.3281,1.50,1.50
2011.10.25 04:17:50.084,1.3279,1.32812,2.48,2.25
2011.10.25 04:17:51.025,1.3279,1.32812,1.73,1.50
2011.10.25 04:17:51.145,1.32788,1.32812,1.11,1.50
2011.10.25 04:17:51.264,1.32788,1.32812,1.86,1.50
2011.10.25 04:17:52.874,1.32788,1.32812,1.11,3.23
2011.10.25 04:17:52.993,1.32784,1.32809,1.50,1.50
2011.10.25 04:17:54.645,1.32789,1.32809,1.50,1.50
2011.10.25 04:17:54.996,1.32789,1.32811,1.50,2.25
2011.10.25 04:17:55.117,1.32794,1.32811,1.50,2.25
2011.10.25 04:17:55.735,1.32791,1.32809,1.73,1.50
2011.10.25 04:17:55.855,1.32789,1.32809,1.50,1.50
2011.10.25 04:17:56.083,1.32787,1.3281,1.50,1.50
2011.10.25 04:17:56.662,1.32789,1.32811,1.50,1.50
2011.10.25 04:17:57.012,1.3279,1.32809,2.48,1.50
2011.10.25 04:17:58.545,1.3279,1.32809,2.48,1.50
2011.10.25 04:17:59.513,1.3279,1.32809,2.48,1.50
2011.10.25 04:18:04.245,1.3279,1.32809,1.73,1.50
2011.10.25 04:18:05.131,1.3279,1.32809,1.73,1.50
2011.10.25 04:18:05.461,1.3279,1.32809,1.73,1.50
2011.10.25 04:18:06.339,1.3279,1.32809,1.73,1.50
2011.10.25 04:18:06.793,1.3279,1.32809,1.50,1.50
2011.10.25 04:18:11.013,1.3279,1.32809,1.50,2.48
2011.10.25 04:18:11.352,1.3279,1.32813,1.50,1.50
2011.10.25 04:18:16.234,1.32796,1.32813,1.35,1.50
2011.10.25 04:18:16.574,1.32807,1.32826,1.50,3.23
2011.10.25 04:18:16.804,1.32803,1.32826,1.50,3.23
2011.10.25 04:18:17.034,1.32801,1.32826,1.11,1.50
2011.10.25 04:18:17.265,1.32801,1.32826,1.11,1.50
2011.10.25 04:18:17.605,1.32798,1.32821,1.11,2.48
2011.10.25 04:18:18.163,1.32797,1.32819,1.50,3.23
2011.10.25 04:18:18.393,1.32796,1.32819,1.50,2.48
2011.10.25 04:18:22.070,1.32797,1.32819,1.50,1.50
2011.10.25 04:18:24.483,1.32795,1.32819,1.50,1.50
2011.10.25 04:18:24.604,1.32791,1.32811,1.50,1.50
2011.10.25 04:18:26.353,1.32795,1.32815,1.50,1.50
2011.10.25 04:18:26.803,1.32795,1.32817,1.50,3.23
2011.10.25 04:18:27.633,1.32795,1.32815,1.50,1.73
2011.10.25 04:18:28.840,1.32795,1.32815,1.50,2.48
2011.10.25 04:18:29.415,1.32795,1.32815,1.50,3.23
2011.10.25 04:18:29.766,1.32793,1.32815,1.50,3.23
2011.10.25 04:18:29.887,1.32794,1.32814,1.50,2.48
2011.10.25 04:18:31.115,1.32792,1.32818,1.11,1.50
2011.10.25 04:18:31.477,1.32799,1.32823,1.73,1.50
2011.10.25 04:18:31.704,1.32799,1.32823,2.48,1.50
2011.10.25 04:18:32.360,1.32799,1.32825,2.48,1.50
2011.10.25 04:18:32.606,1.32808,1.32828,1.50,2.25
2011.10.25 04:18:38.154,1.32806,1.32826,1.73,1.50
2011.10.25 04:18:39.725,1.32806,1.32827,1.73,1.50
2011.10.25 04:18:44.714,1.32806,1.32828,1.50,2.25
2011.10.25 04:18:44.943,1.32799,1.32827,1.86,2.25
2011.10.25 04:18:45.294,1.32799,1.32822,1.50,1.13
2011.10.25 04:18:45.900,1.32797,1.3282,1.50,1.50
2011.10.25 04:18:47.924,1.3279,1.32819,1.86,2.25
2011.10.25 04:18:50.987,1.32792,1.32816,1.11,1.50
2011.10.25 04:18:51.104,1.32795,1.32819,1.50,1.50
2011.10.25 04:18:51.223,1.32795,1.32821,1.50,1.50
2011.10.25 04:18:51.475,1.32793,1.32819,1.50,2.25
2011.10.25 04:18:51.705,1.32785,1.32812,1.11,2.25
2011.10.25 04:18:52.313,1.32781,1.32807,2.23,1.50
2011.10.25 04:18:52.763,1.32787,1.32809,1.73,1.50
2011.10.25 04:18:53.004,1.32787,1.32815,1.73,2.25
2011.10.25 04:18:53.124,1.32792,1.32815,1.11,1.50
2011.10.25 04:18:53.696,1.32793,1.32818,1.50,1.50
2011.10.25 04:18:53.994,1.32793,1.32818,1.50,1.50
2011.10.25 04:18:55.110,1.32798,1.32819,1.50,1.50
2011.10.25 04:18:55.226,1.32798,1.32823,1.50,3.23
2011.10.25 04:18:55.812,1.328,1.32823,1.50,3.23
2011.10.25 04:18:56.734,1.32797,1.32823,1.11,3.23
2011.10.25 04:18:56.863,1.32794,1.3282,2.48,1.50
2011.10.25 04:18:57.205,1.32794,1.32818,1.73,1.50
2011.10.25 04:18:57.438,1.32791,1.32816,1.11,1.50
2011.10.25 04:18:57.675,1.32788,1.32813,1.73,1.50
2011.10.25 04:18:58.633,1.32788,1.32813,1.73,2.25
2011.10.25 04:18:59.193,1.32788,1.32816,2.08,1.50
2011.10.25 04:18:59.544,1.32789,1.3282,1.86,2.25
2011.10.25 04:18:59.776,1.32794,1.3282,1.50,2.25
2011.10.25 04:19:00.112,1.32796,1.32819,1.50,1.50
2011.10.25 04:19:00.717,1.328,1.32819,1.50,1.50
2011.10.25 04:19:01.288,1.32801,1.32827,1.11,1.50
2011.10.25 04:19:01.528,1.32807,1.32828,1.50,1.50
2011.10.25 04:19:02.193,1.32807,1.32828,1.50,2.48
2011.10.25 04:19:02.806,1.32806,1.32832,1.86,1.50
2011.10.25 04:19:03.723,1.32806,1.32829,1.50,2.25
2011.10.25 04:19:04.395,1.32801,1.32824,1.73,1.50
2011.10.25 04:19:04.514,1.32797,1.32824,1.11,1.50
2011.10.25 04:19:05.117,1.32797,1.32823,1.11,1.50
2011.10.25 04:19:05.736,1.32794,1.32817,1.73,1.50
2011.10.25 04:19:16.723,1.32794,1.32817,1.73,2.25
2011.10.25 04:19:22.257,1.328,1.32817,1.50,1.50
2011.10.25 04:19:23.066,1.32799,1.32817,1.50,1.50
2011.10.25 04:19:23.540,1.32806,1.32817,1.50,1.50
2011.10.25 04:19:23.664,1.32808,1.32826,1.11,2.48
2011.10.25 04:19:23.783,1.32808,1.32826,1.11,2.48
2011.10.25 04:19:23.903,1.32802,1.32826,1.86,2.48
2011.10.25 04:19:24.462,1.32802,1.32827,2.61,2.48
2011.10.25 04:19:25.533,1.32804,1.32827,1.11,2.48
2011.10.25 04:19:25.912,1.32804,1.32827,1.11,2.48
2011.10.25 04:19:28.704,1.32804,1.32821,1.11,1.73
2011.10.25 04:19:29.052,1.32802,1.32821,1.50,2.48
2011.10.25 04:19:30.059,1.32804,1.32821,1.11,1.73
2011.10.25 04:19:30.286,1.32804,1.32828,2.23,2.48
2011.10.25 04:19:30.408,1.32808,1.32831,1.50,1.50
2011.10.25 04:19:30.524,1.32809,1.32828,1.50,1.73
2011.10.25 04:19:30.754,1.32805,1.3283,1.48,2.04
2011.10.25 04:19:31.092,1.3281,1.3283,1.50,1.13
2011.10.25 04:19:32.224,1.3281,1.32834,1.50,3.23
2011.10.25 04:19:33.095,1.3281,1.32837,2.61,2.25
2011.10.25 04:19:39.147,1.3281,1.32836,1.86,3.98
2011.10.25 04:19:39.529,1.32808,1.32833,1.11,1.50
2011.10.25 04:19:40.217,1.32806,1.32829,1.11,2.48
2011.10.25 04:19:40.923,1.32806,1.32829,1.11,2.48
2011.10.25 04:19:41.044,1.32807,1.32829,1.11,2.48
2011.10.25 04:19:41.587,1.32807,1.32829,1.11,2.48
2011.10.25 04:19:41.922,1.32804,1.32828,1.50,2.48
2011.10.25 04:19:43.652,1.32804,1.32828,1.50,2.48
2011.10.25 04:19:46.633,1.32804,1.3283,1.50,2.85
2011.10.25 04:19:47.272,1.32804,1.3283,1.50,2.85
2011.10.25 04:19:47.392,1.32804,1.3283,1.50,2.85
2011.10.25 04:19:54.350,1.32803,1.32823,1.11,1.35
2011.10.25 04:19:54.942,1.32797,1.3282,1.50,1.50
2011.10.25 04:19:55.072,1.32793,1.32816,1.50,1.50
2011.10.25 04:19:56.348,1.32796,1.32822,1.11,1.50
2011.10.25 04:19:56.465,1.32797,1.32823,1.13,1.50
2011.10.25 04:19:56.588,1.32797,1.32824,1.11,1.50
2011.10.25 04:19:56.706,1.32798,1.32827,1.50,1.50
2011.10.25 04:19:57.232,1.32801,1.32828,1.11,2.25
2011.10.25 04:19:58.216,1.32799,1.32826,1.50,1.50
2011.10.25 04:20:00.784,1.32796,1.32822,2.08,1.50
2011.10.25 04:20:01.016,1.32795,1.3282,1.11,2.48
2011.10.25 04:20:01.135,1.32793,1.32819,1.11,1.50
2011.10.25 04:20:01.255,1.32792,1.32817,1.86,1.50
2011.10.25 04:20:04.492,1.32793,1.32816,1.11,1.50
2011.10.25 04:20:04.615,1.32796,1.32822,1.50,1.50
2011.10.25 04:20:04.735,1.32796,1.32823,1.50,1.50
2011.10.25 04:20:06.363,1.32794,1.32823,1.50,1.50
2011.10.25 04:20:07.142,1.32796,1.32822,1.11,1.50
2011.10.25 04:20:08.953,1.32795,1.32817,1.11,1.88
2011.10.25 04:20:09.195,1.32792,1.32817,1.86,1.50
2011.10.25 04:20:09.316,1.32792,1.32818,1.11,1.50
2011.10.25 04:20:10.736,1.32794,1.32819,1.11,1.50
2011.10.25 04:20:10.857,1.32795,1.32823,1.11,1.50
2011.10.25 04:20:11.195,1.32795,1.32818,1.11,1.13
2011.10.25 04:20:11.546,1.32796,1.32815,1.48,2.48
2011.10.25 04:20:11.790,1.32805,1.32828,1.13,3.23
2011.10.25 04:20:12.025,1.32808,1.32832,1.86,1.50
2011.10.25 04:20:14.104,1.32808,1.32832,1.86,1.50
2011.10.25 04:20:14.255,1.328,1.32824,1.11,2.25
2011.10.25 04:20:14.376,1.32796,1.3282,1.50,1.50
2011.10.25 04:20:14.832,1.32796,1.32818,1.50,1.50
2011.10.25 04:20:15.192,1.32796,1.32817,1.50,1.50
2011.10.25 04:20:16.176,1.32791,1.32815,1.86,1.50
2011.10.25 04:20:16.293,1.32791,1.32813,1.50,1.50
2011.10.25 04:20:16.534,1.32794,1.32816,2.48,2.25
2011.10.25 04:20:17.132,1.32797,1.32816,1.50,1.50
2011.10.25 04:20:19.297,1.32791,1.32815,1.86,1.50
2011.10.25 04:20:19.427,1.32787,1.32815,1.11,1.50
2011.10.25 04:20:20.000,1.32789,1.32815,1.50,1.50
2011.10.25 04:20:20.565,1.32791,1.32817,1.50,3.00
2011.10.25 04:20:20.684,1.32793,1.32817,1.11,2.25
2011.10.25 04:20:21.244,1.32792,1.32817,1.11,2.25
2011.10.25 04:20:21.814,1.32791,1.32816,1.86,1.50
2011.10.25 04:20:21.932,1.32791,1.32815,1.50,1.50
2011.10.25 04:20:22.594,1.32791,1.32815,1.50,1.50
2011.10.25 04:20:23.207,1.32791,1.32815,1.50,1.50
2011.10.25 04:20:24.014,1.32791,1.32811,1.50,1.50
2011.10.25 04:20:24.140,1.32791,1.32813,1.50,1.50
2011.10.25 04:20:24.263,1.32791,1.32809,1.50,1.50
2011.10.25 04:20:24.825,1.32789,1.32811,1.50,2.25
2011.10.25 04:20:25.064,1.32789,1.32811,1.50,1.50
2011.10.25 04:20:25.185,1.32791,1.32815,1.50,2.25
2011.10.25 04:20:25.565,1.32791,1.32815,1.50,1.50
2011.10.25 04:20:25.903,1.32791,1.32817,1.86,2.25
2011.10.25 04:20:26.476,1.32795,1.32818,1.11,1.50
2011.10.25 04:20:27.141,1.32795,1.32822,1.11,2.25
2011.10.25 04:20:27.913,1.32799,1.32826,2.23,1.05
2011.10.25 04:20:28.153,1.32803,1.32831,1.11,3.23
2011.10.25 04:20:31.225,1.32803,1.32825,1.11,1.50
2011.10.25 04:20:31.455,1.32801,1.32825,1.11,1.50
2011.10.25 04:20:34.139,1.32801,1.32821,1.11,1.13
2011.10.25 04:20:34.654,1.3279,1.32817,1.11,1.50
2011.10.25 04:20:34.781,1.32789,1.32815,1.11,1.50
2011.10.25 04:20:36.130,1.3279,1.32818,1.11,1.50
2011.10.25 04:20:36.364,1.32796,1.3282,1.11,1.50
2011.10.25 04:20:36.598,1.32801,1.32825,1.13,1.50
2011.10.25 04:20:36.825,1.328,1.32826,1.11,2.25
2011.10.25 04:20:37.283,1.32798,1.32823,1.11,1.50
2011.10.25 04:20:37.402,1.32795,1.32822,1.11,1.50
2011.10.25 04:20:38.881,1.32799,1.32821,1.11,1.88
2011.10.25 04:20:39.009,1.32793,1.32815,1.50,2.48
2011.10.25 04:20:39.248,1.32791,1.32816,1.50,1.50
2011.10.25 04:20:39.369,1.3279,1.32814,1.11,1.50
2011.10.25 04:20:39.485,1.3279,1.32814,1.11,1.50
2011.10.25 04:20:46.564,1.3279,1.32816,1.11,1.50
2011.10.25 04:20:46.684,1.32793,1.32817,1.50,1.50
2011.10.25 04:20:47.035,1.32801,1.32823,1.11,1.50
2011.10.25 04:20:54.294,1.328,1.32821,1.11,1.50
2011.10.25 04:20:54.881,1.32801,1.32821,1.11,1.50
2011.10.25 04:20:55.472,1.328,1.32821,1.11,1.50
2011.10.25 04:20:56.402,1.32797,1.32821,1.11,1.50
2011.10.25 04:20:58.418,1.32797,1.32815,1.11,1.73
2011.10.25 04:20:58.542,1.32794,1.32815,1.86,3.02
2011.10.25 04:20:59.231,1.32791,1.32815,1.11,1.13
2011.10.25 04:20:59.363,1.32791,1.32817,1.11,1.50
2011.10.25 04:21:02.083,1.32791,1.32816,1.11,1.50
2011.10.25 04:21:02.709,1.32788,1.32816,1.11,1.50
2011.10.25 04:21:10.134,1.32788,1.32815,1.11,1.50
2011.10.25 04:21:10.484,1.32789,1.32809,1.11,1.50
2011.10.25 04:21:11.868,1.32789,1.32809,1.11,1.50
2011.10.25 04:21:12.203,1.32789,1.32809,1.11,1.50
2011.10.25 04:21:12.555,1.32789,1.32809,1.11,1.50
2011.10.25 04:21:14.539,1.32789,1.32811,1.11,2.48
2011.10.25 04:21:15.175,1.32788,1.32814,1.48,1.50
2011.10.25 04:21:15.297,1.3279,1.32815,1.48,1.50
2011.10.25 04:21:15.864,1.32788,1.32813,1.11,1.50
2011.10.25 04:21:16.213,1.32793,1.32818,1.50,1.50
2011.10.25 04:21:16.890,1.32795,1.32819,1.11,1.50
2011.10.25 04:21:17.236,1.32797,1.32823,1.13,1.50
2011.10.25 04:21:17.464,1.32798,1.32825,1.48,2.25
2011.10.25 04:21:20.049,1.32798,1.32823,1.11,1.50
2011.10.25 04:21:20.169,1.32795,1.3282,1.86,1.50
2011.10.25 04:21:21.843,1.32791,1.32819,1.86,1.50
2011.10.25 04:21:21.963,1.32791,1.32819,1.11,1.50
2011.10.25 04:21:23.201,1.32791,1.32815,1.86,1.50
2011.10.25 04:21:28.844,1.32792,1.32817,1.48,1.50
2011.10.25 04:21:29.402,1.32792,1.32819,1.48,2.25
2011.10.25 04:21:30.974,1.32796,1.32819,1.11,1.50
2011.10.25 04:21:34.822,1.32794,1.32818,1.86,1.50
2011.10.25 04:21:35.099,1.32794,1.32818,1.11,1.50
2011.10.25 04:21:35.923,1.32792,1.32819,1.48,2.25
2011.10.25 04:21:36.152,1.32792,1.32819,1.48,2.25
2011.10.25 04:21:36.793,1.32792,1.32819,1.48,2.25
2011.10.25 04:21:40.413,1.32792,1.32819,1.48,2.25
2011.10.25 04:21:55.454,1.32791,1.32819,1.86,2.25
2011.10.25 04:21:56.012,1.32791,1.32814,1.50,1.50
2011.10.25 04:22:00.833,1.3279,1.32812,1.11,1.50
2011.10.25 04:22:01.173,1.32788,1.32812,1.11,1.50
2011.10.25 04:22:01.293,1.32787,1.32811,1.11,1.50
2011.10.25 04:22:01.413,1.32787,1.32811,1.11,1.50
2011.10.25 04:22:03.071,1.32787,1.32811,1.11,1.50
2011.10.25 04:22:05.084,1.3279,1.32811,1.50,1.50
2011.10.25 04:22:05.424,1.3279,1.32813,1.50,2.25
2011.10.25 04:22:11.650,1.3279,1.32811,1.50,1.50
2011.10.25 04:22:11.993,1.32787,1.32811,1.11,2.25
2011.10.25 04:22:27.399,1.32788,1.32811,1.13,1.50
2011.10.25 04:22:27.734,1.32787,1.32811,2.83,2.25
2011.10.25 04:22:28.083,1.32787,1.32811,1.11,2.25
2011.10.25 04:22:32.657,1.32785,1.32811,2.61,2.25
2011.10.25 04:22:33.003,1.32785,1.3281,1.86,2.48
2011.10.25 04:22:33.844,1.32785,1.32807,1.11,1.50
2011.10.25 04:22:44.005,1.32783,1.32806,1.50,1.50
2011.10.25 04:22:44.125,1.32782,1.32804,1.11,2.48
2011.10.25 04:22:44.356,1.3278,1.328,1.50,1.50
2011.10.25 04:22:44.915,1.32779,1.32804,1.11,1.50
2011.10.25 04:22:45.034,1.32779,1.32805,1.11,1.50
2011.10.25 04:22:46.508,1.32789,1.32808,1.13,1.50
2011.10.25 04:22:46.625,1.32791,1.32809,1.50,1.50
2011.10.25 04:22:46.748,1.32787,1.32813,2.48,1.50
2011.10.25 04:22:49.842,1.32789,1.32817,1.11,2.25
2011.10.25 04:22:55.623,1.32791,1.32817,1.50,2.25
2011.10.25 04:22:56.075,1.32792,1.32819,1.11,1.50
2011.10.25 04:22:56.413,1.32795,1.32819,1.11,1.50
2011.10.25 04:23:10.110,1.32793,1.32818,1.11,1.50
2011.10.25 04:23:10.226,1.32791,1.32818,1.86,1.50
2011.10.25 04:23:11.034,1.32791,1.32817,1.86,1.50
2011.10.25 04:23:14.161,1.32793,1.32817,1.11,2.25
2011.10.25 04:23:14.395,1.32792,1.32819,1.11,2.25
2011.10.25 04:23:14.624,1.32794,1.32821,1.50,1.50
2011.10.25 04:23:15.514,1.32795,1.32823,1.11,2.25
2011.10.25 04:23:18.415,1.32795,1.32822,1.11,1.13
2011.10.25 04:23:18.535,1.32794,1.32817,1.86,2.48
2011.10.25 04:23:18.875,1.32795,1.3282,1.11,1.50
2011.10.25 04:23:28.832,1.32793,1.32818,1.11,2.25
2011.10.25 04:23:28.953,1.32792,1.32818,1.11,3.00
2011.10.25 04:23:35.902,1.32793,1.32816,1.13,1.50
2011.10.25 04:23:36.260,1.32799,1.3282,1.50,1.50
2011.10.25 04:23:36.385,1.32797,1.3282,1.11,1.50
2011.10.25 04:23:36.722,1.32793,1.32821,1.86,1.50
2011.10.25 04:23:37.283,1.32793,1.32819,1.86,1.50
2011.10.25 04:23:44.054,1.32793,1.32817,1.86,2.48
2011.10.25 04:23:45.457,1.32795,1.32817,1.13,2.48
2011.10.25 04:23:45.794,1.328,1.3282,1.50,1.50
2011.10.25 04:23:45.913,1.328,1.32821,1.50,2.25
2011.10.25 04:23:46.465,1.328,1.32821,1.50,1.50
2011.10.25 04:23:47.214,1.328,1.32822,1.50,1.50
2011.10.25 04:23:47.334,1.328,1.32823,1.50,2.25
2011.10.25 04:23:48.735,1.32797,1.32821,1.11,1.50
2011.10.25 04:23:49.963,1.32799,1.32821,1.50,1.50
2011.10.25 04:23:50.082,1.32799,1.32821,1.50,1.50
2011.10.25 04:23:50.632,1.328,1.32821,1.50,1.50
2011.10.25 04:23:51.506,1.328,1.32821,1.50,1.50
2011.10.25 04:23:51.754,1.32797,1.32821,1.11,1.50
2011.10.25 04:23:51.984,1.32795,1.32821,1.11,2.25
2011.10.25 04:24:01.240,1.32798,1.32821,1.11,1.50
2011.10.25 04:24:01.584,1.32796,1.32821,2.23,1.50
2011.10.25 04:24:01.814,1.32795,1.32816,1.86,1.50
2011.10.25 04:24:02.538,1.32793,1.32816,1.48,1.50
2011.10.25 04:24:03.055,1.32793,1.3282,2.23,1.50
2011.10.25 04:24:03.593,1.32793,1.3282,2.23,2.25
2011.10.25 04:24:24.774,1.32793,1.32817,1.86,1.50
2011.10.25 04:24:25.123,1.32787,1.3281,1.50,1.50
2011.10.25 04:24:26.311,1.32791,1.32815,1.13,1.50
2011.10.25 04:24:26.715,1.32794,1.32816,1.50,1.50
2011.10.25 04:24:27.856,1.32794,1.32818,1.50,1.50
2011.10.25 04:24:28.474,1.32794,1.32818,1.50,1.50
2011.10.25 04:24:33.448,1.32795,1.3282,1.11,2.25
2011.10.25 04:24:35.764,1.32795,1.32819,1.11,1.50
2011.10.25 04:24:35.994,1.32789,1.32815,1.11,1.50
2011.10.25 04:24:45.457,1.32789,1.32814,1.11,1.50
2011.10.25 04:24:45.576,1.32789,1.32814,1.11,1.50
2011.10.25 04:24:51.789,1.32789,1.32814,1.11,1.50
2011.10.25 04:24:51.906,1.32789,1.32815,1.11,1.50
2011.10.25 04:24:52.253,1.32793,1.32817,1.50,1.50
2011.10.25 04:24:55.485,1.32797,1.32821,1.35,2.25
2011.10.25 04:24:55.603,1.32797,1.32821,2.10,1.50
2011.10.25 04:24:56.165,1.32796,1.32821,1.11,2.25
2011.10.25 04:24:59.107,1.32796,1.32821,2.83,2.25
2011.10.25 04:25:00.514,1.32796,1.3282,2.83,1.50
2011.10.25 04:25:00.745,1.32796,1.3282,2.83,1.50
2011.10.25 04:25:00.864,1.32796,1.32821,2.83,1.50
2011.10.25 04:25:01.824,1.32796,1.32821,2.83,1.50
2011.10.25 04:25:08.384,1.32797,1.32821,2.85,1.50
2011.10.25 04:25:13.475,1.32797,1.32821,2.48,1.50
2011.10.25 04:25:14.756,1.32797,1.32821,2.48,1.50
2011.10.25 04:25:15.710,1.32789,1.32815,1.11,1.50
2011.10.25 04:25:16.373,1.32786,1.32813,1.86,1.50
2011.10.25 04:25:17.735,1.32784,1.32808,1.11,1.50
2011.10.25 04:25:17.856,1.32784,1.32808,1.11,3.98
2011.10.25 04:25:18.084,1.3278,1.32808,1.50,3.98
2011.10.25 04:25:18.203,1.32778,1.32808,1.86,3.98
2011.10.25 04:25:19.245,1.32778,1.32808,2.98,3.23
2011.10.25 04:25:20.037,1.32781,1.32808,1.11,1.50
2011.10.25 04:25:20.817,1.3279,1.32809,2.48,1.50
2011.10.25 04:25:20.937,1.32791,1.32819,4.33,1.50
2011.10.25 04:25:21.058,1.32797,1.3282,2.85,1.50
2011.10.25 04:25:21.639,1.32793,1.32819,1.11,2.25
2011.10.25 04:25:21.754,1.32791,1.32818,2.61,1.50
2011.10.25 04:25:22.093,1.32791,1.32816,1.11,1.50
2011.10.25 04:25:34.814,1.3279,1.32811,1.86,1.50
2011.10.25 04:25:35.045,1.32789,1.32811,1.11,1.50
2011.10.25 04:25:36.995,1.32791,1.32811,1.88,2.25
2011.10.25 04:25:37.226,1.32792,1.32815,1.50,1.50
2011.10.25 04:25:37.344,1.32788,1.32814,1.86,1.50
2011.10.25 04:25:37.463,1.32791,1.32817,1.50,2.25
2011.10.25 04:25:44.002,1.32791,1.32817,1.50,1.50
2011.10.25 04:25:59.015,1.32791,1.32817,1.50,1.50
2011.10.25 04:25:59.356,1.32788,1.3281,1.11,1.73
2011.10.25 04:25:59.474,1.32783,1.3281,1.86,1.73
2011.10.25 04:25:59.704,1.32782,1.32804,1.11,1.50
2011.10.25 04:26:00.587,1.32778,1.32804,1.86,2.25
2011.10.25 04:26:00.716,1.32778,1.32804,1.11,2.25
2011.10.25 04:26:01.065,1.32778,1.32804,1.86,2.25
2011.10.25 04:26:01.416,1.32783,1.32805,1.50,1.50
2011.10.25 04:26:01.647,1.32783,1.32809,1.50,2.25
2011.10.25 04:26:01.765,1.32791,1.32811,1.50,1.50
2011.10.25 04:26:01.994,1.32791,1.32815,1.50,1.50
2011.10.25 04:26:05.234,1.32792,1.32815,1.11,2.48
2011.10.25 04:26:06.594,1.32793,1.32817,1.11,1.50
2011.10.25 04:26:06.714,1.32793,1.32817,1.11,1.50
2011.10.25 04:26:07.303,1.32793,1.32817,1.11,1.50
2011.10.25 04:26:08.816,1.32792,1.32817,1.11,1.50
2011.10.25 04:26:09.575,1.32797,1.32815,1.50,1.73
2011.10.25 04:26:09.693,1.32797,1.32819,1.50,1.50
2011.10.25 04:26:10.365,1.32797,1.3282,1.50,1.50
2011.10.25 04:26:12.678,1.32797,1.32821,1.50,1.50
2011.10.25 04:26:12.797,1.32797,1.32822,1.50,1.50
2011.10.25 04:26:13.935,1.32797,1.32822,1.50,1.50
2011.10.25 04:26:14.273,1.32793,1.32816,1.11,1.50
2011.10.25 04:26:16.151,1.32793,1.32816,1.11,3.23
2011.10.25 04:26:17.590,1.32793,1.32816,1.11,3.23
2011.10.25 04:26:18.315,1.32793,1.32816,1.11,3.23
2011.10.25 04:26:20.092,1.32793,1.32816,1.11,3.23
2011.10.25 04:26:22.512,1.32788,1.32813,1.11,1.50
2011.10.25 04:26:26.447,1.3279,1.32815,2.10,1.50
2011.10.25 04:26:26.573,1.32799,1.32815,1.73,1.50
2011.10.25 04:26:26.941,1.32798,1.32818,1.50,1.73
2011.10.25 04:26:27.404,1.32796,1.32819,1.11,1.50
2011.10.25 04:26:27.746,1.32794,1.32815,1.86,1.50
2011.10.25 04:26:27.863,1.32794,1.32815,1.11,1.50
2011.10.25 04:26:29.654,1.32789,1.32812,1.50,1.50
2011.10.25 04:26:30.306,1.32788,1.32813,1.11,2.25
2011.10.25 04:26:30.535,1.32788,1.32811,1.11,2.48
2011.10.25 04:26:30.657,1.32785,1.32811,1.11,3.23
2011.10.25 04:26:30.777,1.32788,1.32813,1.11,2.48
2011.10.25 04:26:31.003,1.32788,1.32813,1.11,1.50
2011.10.25 04:26:32.206,1.32788,1.32813,1.11,2.25
2011.10.25 04:26:32.329,1.32792,1.32815,1.50,1.50
2011.10.25 04:26:32.566,1.32792,1.32818,1.50,1.50
2011.10.25 04:26:43.353,1.32793,1.32819,1.11,1.50
2011.10.25 04:26:44.506,1.32794,1.32813,1.11,1.50
2011.10.25 04:26:48.031,1.32795,1.32819,2.23,1.50
2011.10.25 04:26:48.275,1.32799,1.32822,1.11,1.50
2011.10.25 04:26:48.509,1.32799,1.32821,1.11,1.73
2011.10.25 04:26:48.735,1.32794,1.3282,1.11,1.50
2011.10.25 04:26:51.365,1.32793,1.32815,1.11,1.50
2011.10.25 04:26:52.295,1.32791,1.32815,1.11,2.25
2011.10.25 04:26:52.525,1.32791,1.32815,1.11,2.25
2011.10.25 04:26:53.778,1.3279,1.32815,1.11,2.25
2011.10.25 04:26:58.036,1.32791,1.32815,1.11,1.50
2011.10.25 04:26:58.788,1.32791,1.32815,1.11,1.50
2011.10.25 04:27:00.282,1.32792,1.32815,1.13,1.50
2011.10.25 04:27:00.413,1.32794,1.32821,1.11,1.50
2011.10.25 04:27:05.083,1.32794,1.32821,1.86,1.50
2011.10.25 04:27:05.203,1.32797,1.32822,1.11,1.50
2011.10.25 04:27:19.685,1.32798,1.32822,1.11,1.50
2011.10.25 04:27:31.902,1.32797,1.32822,1.11,2.25
2011.10.25 04:27:47.462,1.32798,1.32822,1.11,1.50
2011.10.25 04:28:00.194,1.32798,1.32825,1.50,1.50
2011.10.25 04:28:01.374,1.32801,1.32826,1.11,1.50
2011.10.25 04:28:02.069,1.32801,1.32827,1.86,1.50
2011.10.25 04:28:02.195,1.32805,1.32831,1.11,1.50
2011.10.25 04:28:06.854,1.32803,1.32828,1.11,1.50
2011.10.25 04:28:07.727,1.328,1.3282,1.11,2.48
2011.10.25 04:28:08.283,1.32798,1.3282,1.11,2.48
2011.10.25 04:28:09.030,1.32798,1.3282,1.11,2.48
2011.10.25 04:28:09.487,1.32796,1.3282,1.11,2.48
2011.10.25 04:28:14.598,1.32798,1.3282,1.86,2.48
2011.10.25 04:28:14.838,1.328,1.32824,1.11,1.50
2011.10.25 04:28:15.063,1.328,1.32824,1.11,1.50
2011.10.25 04:28:16.003,1.328,1.32824,1.11,1.50
2011.10.25 04:28:17.554,1.328,1.32824,1.11,1.50
2011.10.25 04:28:21.079,1.32802,1.32828,1.11,3.98
2011.10.25 04:28:21.415,1.32802,1.3282,1.11,2.48
2011.10.25 04:28:21.644,1.32797,1.3282,1.11,2.48
2011.10.25 04:28:22.204,1.32794,1.3282,1.86,2.48
2011.10.25 04:28:26.509,1.32794,1.32814,1.86,1.35
2011.10.25 04:28:26.741,1.32788,1.32813,1.11,2.10
2011.10.25 04:28:27.492,1.32794,1.32814,1.50,1.50
2011.10.25 04:28:27.629,1.32789,1.32808,1.11,1.73
2011.10.25 04:28:27.751,1.32784,1.32807,1.11,1.13
2011.10.25 04:28:28.118,1.3278,1.32803,1.73,1.50
2011.10.25 04:28:28.943,1.32781,1.32804,1.50,1.50
2011.10.25 04:28:30.298,1.32786,1.32805,1.50,1.50
2011.10.25 04:28:30.415,1.32786,1.32809,1.50,2.25
2011.10.25 04:28:31.005,1.32786,1.32807,1.50,1.50
2011.10.25 04:28:31.889,1.32786,1.32809,1.50,1.50
2011.10.25 04:28:32.008,1.32786,1.32811,1.86,1.50
2011.10.25 04:28:32.128,1.32786,1.32812,1.86,2.25
2011.10.25 04:28:32.393,1.32786,1.32812,1.86,1.50
2011.10.25 04:28:32.747,1.32786,1.32807,1.50,2.48
2011.10.25 04:28:33.083,1.32785,1.32807,1.50,2.48
2011.10.25 04:28:38.545,1.32785,1.32807,1.50,2.48
2011.10.25 04:28:38.775,1.32786,1.3281,1.50,1.50
2011.10.25 04:28:39.522,1.32786,1.32809,1.50,1.50
2011.10.25 04:28:41.434,1.32786,1.3281,1.50,1.50
2011.10.25 04:28:42.623,1.32786,1.32812,2.61,1.50
2011.10.25 04:28:42.855,1.32787,1.32813,1.11,1.50
2011.10.25 04:28:43.371,1.32792,1.32814,1.50,2.85
2011.10.25 04:28:43.903,1.32792,1.32814,1.50,1.50
2011.10.25 04:28:44.414,1.32792,1.32814,1.50,1.50
2011.10.25 04:28:45.537,1.32787,1.32813,1.11,1.50
2011.10.25 04:28:45.768,1.32787,1.32807,1.11,1.13
2011.10.25 04:28:45.886,1.32779,1.32807,1.86,1.88
2011.10.25 04:28:46.120,1.32779,1.32807,1.86,1.88
2011.10.25 04:28:46.244,1.32779,1.32807,1.86,1.88
2011.10.25 04:28:46.825,1.3278,1.32804,1.11,1.50
2011.10.25 04:28:47.404,1.3278,1.32806,1.11,1.50
2011.10.25 04:28:49.183,1.3278,1.32805,1.11,1.50
2011.10.25 04:28:49.305,1.32781,1.32805,2.25,1.50
2011.10.25 04:28:49.533,1.32783,1.32811,1.11,1.50
2011.10.25 04:28:50.677,1.32785,1.32813,2.61,1.50
2011.10.25 04:28:51.783,1.32789,1.32814,1.11,1.50
2011.10.25 04:28:55.879,1.32786,1.32812,1.50,1.13
2011.10.25 04:28:55.996,1.32785,1.3281,1.50,1.50
2011.10.25 04:28:56.600,1.32786,1.3281,1.50,1.50
2011.10.25 04:28:56.725,1.32791,1.32813,1.50,1.50
2011.10.25 04:28:56.955,1.32795,1.32815,1.73,1.50
2011.10.25 04:28:57.306,1.32798,1.32819,1.50,1.50
2011.10.25 04:29:01.028,1.32793,1.32817,1.11,1.50
2011.10.25 04:29:01.366,1.3279,1.32813,1.50,2.48
2011.10.25 04:29:02.016,1.32786,1.32812,1.50,2.63
2011.10.25 04:29:02.138,1.32785,1.32809,1.11,1.50
2011.10.25 04:29:02.647,1.3278,1.32806,2.83,1.50
2011.10.25 04:29:02.877,1.3278,1.32806,1.11,2.25
2011.10.25 04:29:02.994,1.32779,1.32806,1.86,2.25
2011.10.25 04:29:03.556,1.32778,1.32802,1.50,1.50
2011.10.25 04:29:04.256,1.32778,1.32804,1.50,1.50
2011.10.25 04:29:05.474,1.32785,1.32804,1.50,1.50
2011.10.25 04:29:06.183,1.32785,1.32806,1.50,1.50
2011.10.25 04:29:06.649,1.32785,1.32807,1.50,1.50
2011.10.25 04:29:11.527,1.32785,1.32809,1.50,2.25
2011.10.25 04:29:11.647,1.32787,1.32809,1.11,1.50
2011.10.25 04:29:11.772,1.32794,1.32817,1.11,1.50
2011.10.25 04:29:11.899,1.32796,1.32817,1.13,1.50
2011.10.25 04:29:12.016,1.32799,1.3282,1.50,1.50
2011.10.25 04:29:12.139,1.32796,1.32823,1.50,1.50
2011.10.25 04:29:12.605,1.32796,1.32821,1.50,2.25
2011.10.25 04:29:13.193,1.32792,1.32815,1.50,3.23
2011.10.25 04:29:14.257,1.32792,1.32815,1.50,2.48
2011.10.25 04:29:14.847,1.32792,1.32815,1.50,3.23
2011.10.25 04:29:15.407,1.32792,1.32813,1.50,1.73
2011.10.25 04:29:15.857,1.32794,1.32819,1.11,1.50
2011.10.25 04:29:16.097,1.32794,1.3282,1.11,2.25
2011.10.25 04:29:16.215,1.32794,1.3282,1.11,2.25
2011.10.25 04:29:16.554,1.32797,1.32821,1.11,1.50
2011.10.25 04:29:17.330,1.32792,1.32815,1.86,1.73
2011.10.25 04:29:17.576,1.32792,1.32815,1.86,2.48
2011.10.25 04:29:17.805,1.32795,1.32815,1.11,2.48
2011.10.25 04:29:18.188,1.32792,1.32815,1.50,2.48
2011.10.25 04:29:18.748,1.32792,1.32813,1.11,1.88
2011.10.25 04:29:18.976,1.32788,1.32807,1.11,1.73
2011.10.25 04:29:19.203,1.32787,1.32807,1.50,1.73
2011.10.25 04:29:20.226,1.32787,1.32807,1.50,1.73
2011.10.25 04:29:20.346,1.32791,1.3281,1.50,1.50
2011.10.25 04:29:20.574,1.32792,1.32815,1.50,1.50
2011.10.25 04:29:20.807,1.32792,1.32816,1.50,2.25
2011.10.25 04:29:20.925,1.32792,1.32819,1.86,2.10
2011.10.25 04:29:21.046,1.32792,1.32819,1.86,2.10
2011.10.25 04:29:21.699,1.32792,1.32819,1.86,2.10
2011.10.25 04:29:22.406,1.32792,1.32819,1.86,2.10
2011.10.25 04:29:22.636,1.32792,1.32819,1.86,1.50
2011.10.25 04:29:22.865,1.32792,1.32817,1.86,1.50
2011.10.25 04:29:23.205,1.328,1.32818,1.50,1.50
2011.10.25 04:29:23.326,1.328,1.3282,1.50,1.50
2011.10.25 04:29:23.445,1.32797,1.3282,1.50,1.50
2011.10.25 04:29:23.676,1.32793,1.32818,1.86,1.50
2011.10.25 04:29:24.036,1.32787,1.32814,2.25,1.35
2011.10.25 04:29:24.160,1.32785,1.32811,1.11,1.50
2011.10.25 04:29:25.426,1.32795,1.32822,1.11,2.25
2011.10.25 04:29:25.766,1.328,1.32822,1.11,1.50
2011.10.25 04:29:25.999,1.32801,1.32826,1.11,1.50
2011.10.25 04:29:26.236,1.328,1.32825,1.86,2.48
2011.10.25 04:29:27.959,1.32797,1.32821,1.11,2.25
2011.10.25 04:29:28.200,1.32792,1.32816,1.50,2.48
2011.10.25 04:29:28.948,1.32788,1.3281,1.50,1.50
2011.10.25 04:29:29.665,1.32788,1.32811,1.50,1.50
2011.10.25 04:29:29.907,1.3279,1.32814,1.11,1.50
2011.10.25 04:29:30.499,1.32791,1.32816,1.50,1.50
2011.10.25 04:29:31.714,1.32795,1.3282,1.11,2.25
2011.10.25 04:29:31.835,1.32796,1.32822,1.11,1.50
2011.10.25 04:29:35.861,1.32797,1.3282,1.50,1.50
2011.10.25 04:29:35.989,1.32796,1.32815,1.11,1.73
2011.10.25 04:29:36.214,1.32796,1.32815,1.11,1.73
2011.10.25 04:29:36.554,1.32796,1.32815,1.11,1.73
2011.10.25 04:29:37.144,1.32796,1.32815,1.11,1.73
2011.10.25 04:29:39.443,1.32795,1.32815,1.11,1.73
2011.10.25 04:29:42.828,1.32791,1.32815,1.11,1.73
2011.10.25 04:29:43.054,1.32793,1.32814,1.50,2.48
2011.10.25 04:29:43.704,1.32793,1.32814,1.50,1.73
2011.10.25 04:29:44.026,1.32791,1.32814,1.86,1.73
2011.10.25 04:29:44.479,1.32791,1.32809,1.11,1.73
2011.10.25 04:29:44.596,1.3279,1.32809,1.11,1.73
2011.10.25 04:29:44.714,1.32787,1.32809,1.50,1.73
2011.10.25 04:29:47.887,1.32788,1.32814,1.11,1.50
2011.10.25 04:29:48.005,1.32788,1.32814,1.11,1.50
2011.10.25 04:29:48.123,1.32789,1.32814,1.11,1.50
2011.10.25 04:29:49.639,1.32789,1.32814,1.86,1.50
2011.10.25 04:29:49.765,1.32802,1.32827,1.50,1.50
2011.10.25 04:29:53.783,1.32804,1.32826,1.11,1.50
2011.10.25 04:29:54.015,1.32804,1.32829,1.11,2.25
2011.10.25 04:29:54.245,1.32808,1.32831,1.50,1.50
2011.10.25 04:29:54.476,1.32808,1.32831,1.86,1.50
2011.10.25 04:29:54.995,1.32808,1.32835,1.50,1.50
2011.10.25 04:29:57.260,1.32807,1.32826,1.11,1.13
2011.10.25 04:29:57.496,1.32801,1.32824,1.11,3.23
2011.10.25 04:29:57.725,1.32796,1.32824,1.86,3.98
2011.10.25 04:30:00.576,1.32796,1.32824,1.86,2.25
2011.10.25 04:30:01.224,1.32796,1.32824,1.86,2.25
2011.10.25 04:30:09.210,1.32795,1.32821,1.11,1.50
2011.10.25 04:30:22.027,1.32796,1.32821,1.50,1.50
2011.10.25 04:30:22.595,1.32799,1.32824,1.11,2.25
2011.10.25 04:30:23.175,1.32798,1.32824,1.11,3.98
2011.10.25 04:30:29.108,1.32803,1.32824,1.50,1.50
2011.10.25 04:30:29.457,1.32805,1.3283,1.50,1.50
2011.10.25 04:30:29.685,1.32809,1.3283,1.73,2.25
2011.10.25 04:30:34.620,1.32804,1.32824,1.50,1.50
2011.10.25 04:30:34.861,1.32799,1.32825,1.50,2.25
2011.10.25 04:30:36.005,1.32798,1.32824,2.08,1.50
2011.10.25 04:30:36.601,1.32798,1.32824,2.83,1.50
2011.10.25 04:30:38.014,1.32798,1.32823,1.73,1.50
2011.10.25 04:30:42.418,1.32798,1.32821,1.73,1.50
2011.10.25 04:30:42.755,1.32791,1.32808,1.11,2.48
2011.10.25 04:30:42.876,1.32791,1.32814,1.11,3.23
2011.10.25 04:30:42.997,1.32791,1.32814,1.11,2.48
2011.10.25 04:30:47.797,1.32791,1.32814,1.11,1.73
2011.10.25 04:30:47.917,1.32794,1.32822,1.11,1.50
2011.10.25 04:30:49.796,1.32799,1.32823,1.11,2.25
2011.10.25 04:30:49.916,1.32799,1.32823,2.08,1.50
2011.10.25 04:30:50.976,1.32801,1.32827,1.11,1.50
2011.10.25 04:30:52.054,1.32801,1.32827,1.11,1.50
2011.10.25 04:30:56.515,1.32807,1.32828,1.50,1.50
2011.10.25 04:31:11.907,1.32808,1.32834,1.50,1.50
2011.10.25 04:31:13.484,1.32811,1.32835,1.11,1.50
2011.10.25 04:31:14.227,1.32811,1.32837,1.11,2.25
2011.10.25 04:31:22.436,1.32811,1.32835,1.11,1.50
2011.10.25 04:31:22.775,1.32812,1.32835,1.50,1.50
2011.10.25 04:31:23.818,1.32812,1.32835,1.50,1.50
2011.10.25 04:31:23.936,1.32813,1.32839,1.11,3.23
2011.10.25 04:31:24.496,1.32819,1.32839,1.50,1.50
2011.10.25 04:31:25.031,1.32818,1.32839,1.50,1.50
2011.10.25 04:31:31.849,1.32815,1.32838,1.50,2.48
2011.10.25 04:31:31.967,1.32814,1.32838,1.11,2.48
2011.10.25 04:31:32.315,1.32813,1.32835,1.50,1.35
2011.10.25 04:31:32.658,1.32813,1.32834,1.50,1.50
2011.10.25 04:31:32.996,1.32809,1.32831,1.50,2.48
2011.10.25 04:31:36.561,1.3281,1.3283,1.50,1.50
2011.10.25 04:31:36.904,1.3281,1.32832,1.50,2.48
2011.10.25 04:31:39.518,1.32807,1.32831,1.73,1.13
2011.10.25 04:31:39.641,1.32803,1.32825,1.86,2.48
2011.10.25 04:31:40.224,1.32806,1.32825,1.50,2.48
2011.10.25 04:31:41.717,1.32807,1.32828,1.50,1.50
2011.10.25 04:31:41.955,1.32805,1.32828,1.50,1.50
2011.10.25 04:31:42.304,1.32806,1.32826,1.50,2.48
2011.10.25 04:31:46.864,1.32805,1.32826,1.50,2.48
2011.10.25 04:31:48.475,1.32806,1.32826,1.50,2.63
2011.10.25 04:31:49.037,1.32807,1.32828,1.50,1.50
2011.10.25 04:31:49.496,1.32807,1.32831,1.50,2.48
2011.10.25 04:31:49.614,1.32807,1.32831,1.50,2.48
2011.10.25 04:31:49.956,1.32807,1.32831,1.50,2.48
2011.10.25 04:31:51.500,1.32807,1.32831,1.50,2.48
2011.10.25 04:31:58.395,1.32807,1.32827,1.50,1.50
2011.10.25 04:32:03.824,1.32805,1.32827,1.86,1.50
2011.10.25 04:32:06.335,1.32806,1.32827,1.50,1.50
2011.10.25 04:32:06.952,1.32807,1.32827,1.50,1.50
2011.10.25 04:32:07.524,1.32807,1.32827,1.50,1.50
2011.10.25 04:32:09.043,1.32807,1.32827,1.50,1.50
2011.10.25 04:32:10.876,1.32807,1.32827,1.50,1.50
2011.10.25 04:32:18.283,1.32807,1.32828,1.50,1.50
2011.10.25 04:32:33.533,1.32807,1.32829,1.50,1.50
2011.10.25 04:32:36.424,1.32807,1.32828,1.50,1.50
2011.10.25 04:32:40.536,1.32805,1.3283,1.11,1.50
2011.10.25 04:32:40.767,1.32814,1.32832,1.50,2.48
2011.10.25 04:32:41.228,1.32808,1.32829,1.11,1.50
2011.10.25 04:32:41.346,1.32807,1.32827,1.50,1.50
2011.10.25 04:32:42.140,1.3281,1.32829,1.50,1.50
2011.10.25 04:32:42.293,1.32811,1.3283,1.50,1.50
2011.10.25 04:32:46.534,1.32809,1.3283,1.13,1.50
2011.10.25 04:32:46.769,1.32806,1.32831,1.50,2.25
2011.10.25 04:32:47.116,1.32808,1.32831,1.50,2.25
2011.10.25 04:32:47.772,1.32808,1.32826,1.50,1.50
2011.10.25 04:32:47.896,1.32802,1.32825,1.50,1.50
2011.10.25 04:32:48.346,1.32802,1.32823,1.50,1.50
2011.10.25 04:32:48.914,1.32802,1.32823,1.50,1.50
2011.10.25 04:32:56.355,1.32802,1.32823,1.50,2.25
2011.10.25 04:32:58.414,1.32802,1.32822,1.50,1.50
2011.10.25 04:32:59.394,1.32802,1.32822,1.50,1.50
2011.10.25 04:33:00.703,1.32802,1.32822,1.50,3.23
2011.10.25 04:33:01.054,1.32802,1.32823,1.50,1.50
2011.10.25 04:33:01.744,1.32802,1.32823,1.50,1.50
2011.10.25 04:33:04.098,1.32802,1.32819,1.50,1.50
2011.10.25 04:33:04.459,1.328,1.32819,1.50,1.50
2011.10.25 04:33:05.461,1.328,1.32819,1.50,1.50
2011.10.25 04:33:05.806,1.328,1.32822,1.50,1.50
2011.10.25 04:33:05.924,1.328,1.32824,1.50,1.50
2011.10.25 04:33:06.047,1.328,1.32828,1.50,2.25
2011.10.25 04:33:06.167,1.328,1.32828,1.50,1.50
2011.10.25 04:33:06.287,1.32807,1.32829,1.50,1.50
2011.10.25 04:33:06.746,1.32807,1.32829,1.50,1.50
2011.10.25 04:33:07.098,1.32807,1.32826,1.50,1.50
2011.10.25 04:33:07.446,1.32807,1.32826,1.50,1.50
2011.10.25 04:33:08.252,1.32807,1.32826,1.50,1.50
2011.10.25 04:33:08.732,1.32807,1.32826,1.50,1.50
2011.10.25 04:33:08.858,1.32813,1.32829,1.50,1.50
2011.10.25 04:33:08.979,1.32813,1.32829,1.50,1.50
2011.10.25 04:33:09.097,1.32813,1.32832,1.50,1.50
2011.10.25 04:33:09.696,1.32813,1.32832,1.50,1.50
2011.10.25 04:33:10.598,1.32813,1.32832,1.50,1.50
2011.10.25 04:33:10.826,1.32813,1.32838,1.50,2.25
2011.10.25 04:33:15.943,1.32813,1.32838,1.50,2.25
2011.10.25 04:33:17.275,1.32813,1.32838,1.50,1.50
2011.10.25 04:33:17.997,1.32813,1.32837,1.50,1.50
2011.10.25 04:33:19.328,1.32813,1.32837,1.50,1.50
2011.10.25 04:33:19.566,1.32813,1.32839,1.50,1.50
2011.10.25 04:33:20.996,1.32813,1.32839,1.50,1.50
2011.10.25 04:33:21.259,1.32813,1.32835,1.50,1.73
2011.10.25 04:33:23.044,1.32813,1.32835,1.50,2.48
2011.10.25 04:33:23.386,1.32812,1.32829,1.50,1.73
2011.10.25 04:33:24.505,1.32811,1.32829,1.11,1.73
2011.10.25 04:33:25.228,1.32811,1.32829,1.11,1.73
2011.10.25 04:33:25.350,1.32811,1.32832,1.11,1.73
2011.10.25 04:33:25.468,1.32811,1.32829,1.11,1.73
2011.10.25 04:33:25.697,1.32807,1.32828,1.50,1.73
2011.10.25 04:33:25.925,1.32807,1.32831,1.50,1.50
2011.10.25 04:33:26.157,1.32807,1.32833,1.50,2.25
2011.10.25 04:33:26.274,1.32809,1.32833,1.11,1.50
2011.10.25 04:33:27.264,1.32809,1.32833,1.11,1.50
2011.10.25 04:33:27.386,1.32813,1.32836,1.50,1.50
2011.10.25 04:33:29.628,1.32809,1.32834,1.11,1.50
2011.10.25 04:33:29.745,1.32815,1.32836,1.11,1.73
2011.10.25 04:33:30.086,1.32815,1.3284,1.11,1.50
2011.10.25 04:33:30.315,1.32818,1.32837,1.50,1.73
2011.10.25 04:33:30.668,1.32815,1.32835,1.11,1.73
2011.10.25 04:33:31.016,1.32811,1.32835,1.11,3.60
2011.10.25 04:33:31.250,1.32807,1.32833,1.86,2.25
2011.10.25 04:33:31.596,1.32813,1.32833,1.50,1.50
2011.10.25 04:33:32.238,1.32813,1.32833,1.50,1.50
2011.10.25 04:33:32.355,1.32813,1.32836,1.50,1.50
2011.10.25 04:33:32.476,1.32813,1.32837,1.50,1.50
2011.10.25 04:33:33.856,1.32813,1.32835,1.50,3.23
2011.10.25 04:33:33.981,1.32807,1.32833,1.50,3.23
2011.10.25 04:33:34.445,1.32807,1.32832,1.50,1.50
2011.10.25 04:33:34.804,1.32807,1.32833,1.50,1.50
2011.10.25 04:33:35.987,1.32807,1.32833,1.86,1.50
2011.10.25 04:33:36.546,1.32807,1.32833,1.86,2.63
2011.10.25 04:33:37.105,1.32807,1.3283,1.86,1.73
2011.10.25 04:33:37.875,1.32807,1.3283,1.86,1.73
2011.10.25 04:33:38.236,1.32813,1.32832,1.50,1.73
2011.10.25 04:33:38.923,1.32814,1.32832,1.50,1.73
2011.10.25 04:33:39.052,1.32817,1.32838,1.11,2.48
2011.10.25 04:33:39.298,1.32817,1.32838,1.11,2.48
2011.10.25 04:33:39.855,1.32813,1.32838,1.86,3.23
2011.10.25 04:33:42.103,1.32813,1.32838,1.86,2.48
2011.10.25 04:33:42.540,1.32813,1.32838,1.86,2.48
2011.10.25 04:33:42.767,1.32819,1.32841,1.50,2.48
2011.10.25 04:33:42.997,1.32817,1.3284,1.50,1.50
2011.10.25 04:33:43.225,1.32812,1.32839,1.50,1.73
2011.10.25 04:33:43.896,1.32812,1.32838,1.50,1.50
2011.10.25 04:33:45.929,1.32812,1.32838,1.50,1.50
2011.10.25 04:33:46.385,1.32818,1.3284,1.50,3.23
2011.10.25 04:33:48.086,1.32818,1.32842,1.50,2.48
2011.10.25 04:33:50.606,1.32818,1.32842,1.50,1.73
2011.10.25 04:33:50.945,1.3282,1.32844,1.11,1.73
2011.10.25 04:33:51.177,1.32825,1.32849,1.50,1.50
2011.10.25 04:33:51.544,1.32825,1.32851,1.86,1.50
2011.10.25 04:33:51.887,1.32825,1.32852,1.86,1.50
2011.10.25 04:33:52.225,1.32831,1.32855,1.50,1.50
2011.10.25 04:33:53.240,1.32829,1.32856,2.25,1.50
2011.10.25 04:33:53.363,1.32829,1.32857,1.86,1.50
2011.10.25 04:33:53.848,1.32831,1.32857,1.11,2.25
2011.10.25 04:33:54.515,1.32836,1.32861,1.50,1.88
2011.10.25 04:33:56.096,1.32836,1.32859,1.50,1.13
2011.10.25 04:33:56.222,1.3283,1.32857,1.11,1.88
2011.10.25 04:33:57.375,1.32828,1.32853,1.50,1.50
2011.10.25 04:33:57.727,1.32836,1.32857,1.50,1.50
2011.10.25 04:33:58.066,1.32836,1.3286,1.50,1.50
2011.10.25 04:33:58.717,1.32841,1.3286,1.50,1.50
2011.10.25 04:33:59.166,1.32841,1.32864,1.50,1.50
2011.10.25 04:33:59.395,1.32841,1.32864,1.50,1.50
2011.10.25 04:33:59.802,1.32841,1.32863,1.50,1.50
2011.10.25 04:34:00.536,1.32841,1.32863,1.50,1.50
2011.10.25 04:34:00.985,1.32838,1.32863,1.11,1.50
2011.10.25 04:34:01.558,1.32837,1.32864,1.50,1.50
2011.10.25 04:34:01.907,1.32841,1.32864,1.50,1.50
2011.10.25 04:34:02.616,1.32841,1.32868,1.50,3.23
2011.10.25 04:34:02.739,1.32839,1.32864,1.11,1.88
2011.10.25 04:34:02.858,1.32837,1.32862,1.11,1.50
2011.10.25 04:34:02.978,1.32836,1.32862,1.50,2.25
2011.10.25 04:34:03.098,1.32837,1.32862,2.48,1.50
2011.10.25 04:34:03.664,1.32842,1.32864,1.50,2.25
2011.10.25 04:34:04.124,1.32843,1.32864,3.23,1.50
2011.10.25 04:34:04.247,1.32843,1.32867,3.23,1.50
2011.10.25 04:34:04.475,1.32843,1.32866,1.50,1.50
2011.10.25 04:34:04.705,1.32843,1.32865,1.50,1.50
2011.10.25 04:34:05.205,1.32843,1.32865,1.50,1.50
2011.10.25 04:34:05.825,1.32843,1.32867,1.50,2.25
2011.10.25 04:34:05.947,1.32843,1.32866,3.23,1.50
2011.10.25 04:34:06.286,1.32839,1.32865,1.86,1.50
2011.10.25 04:34:08.465,1.32841,1.32866,1.50,1.50
2011.10.25 04:34:09.224,1.32838,1.32862,1.11,2.25
2011.10.25 04:34:09.465,1.32835,1.32862,1.86,2.25
2011.10.25 04:34:11.786,1.32835,1.32862,1.86,3.98
2011.10.25 04:34:12.356,1.32834,1.32857,1.11,3.60
2011.10.25 04:34:12.706,1.32829,1.3285,1.11,1.50
2011.10.25 04:34:12.827,1.32827,1.32849,1.11,2.48
2011.10.25 04:34:13.452,1.32823,1.32852,2.08,1.50
2011.10.25 04:34:13.580,1.32823,1.3285,1.11,2.25
2011.10.25 04:34:13.697,1.32823,1.3285,1.86,1.50
2011.10.25 04:34:13.925,1.32823,1.3285,1.86,1.50
2011.10.25 04:34:14.047,1.32825,1.32852,1.50,1.50
2011.10.25 04:34:14.779,1.32823,1.3285,1.11,3.98
2011.10.25 04:34:14.894,1.32823,1.3285,1.11,3.98
2011.10.25 04:34:15.345,1.32828,1.32852,1.50,1.50
2011.10.25 04:34:15.470,1.32825,1.3285,1.50,1.50
2011.10.25 04:34:15.827,1.32828,1.32852,1.50,1.50
2011.10.25 04:34:16.062,1.32834,1.32852,1.50,1.50
2011.10.25 04:34:16.185,1.32834,1.32854,1.50,1.50
2011.10.25 04:34:17.098,1.32828,1.32854,1.50,1.50
2011.10.25 04:34:17.764,1.32828,1.32854,1.50,1.50
2011.10.25 04:34:17.995,1.32828,1.32851,1.50,1.50
2011.10.25 04:34:18.988,1.32828,1.32851,1.50,1.50
2011.10.25 04:34:19.549,1.32835,1.32855,1.50,1.50
2011.10.25 04:34:20.123,1.32835,1.32855,1.50,1.50
2011.10.25 04:34:20.515,1.32829,1.32855,2.48,1.50
2011.10.25 04:34:20.745,1.32829,1.32855,1.50,2.25
2011.10.25 04:34:21.085,1.32829,1.32855,1.50,2.25
2011.10.25 04:34:21.207,1.32829,1.32855,1.50,2.25
2011.10.25 04:34:21.985,1.32828,1.32855,1.50,2.25
2011.10.25 04:34:22.799,1.32827,1.32852,1.11,1.50
2011.10.25 04:34:23.857,1.32826,1.32851,1.50,1.50
2011.10.25 04:34:25.826,1.32829,1.32852,1.50,1.50
2011.10.25 04:34:26.694,1.32829,1.32852,1.50,1.50
2011.10.25 04:34:27.877,1.32834,1.32852,1.50,1.50
2011.10.25 04:34:28.417,1.32834,1.32852,1.50,1.50
2011.10.25 04:34:30.031,1.32834,1.32854,1.50,1.50
2011.10.25 04:34:30.385,1.32834,1.32857,1.50,1.50
2011.10.25 04:34:31.056,1.32834,1.32857,1.50,1.50
2011.10.25 04:34:31.514,1.3283,1.32856,1.71,1.50
2011.10.25 04:34:31.977,1.3283,1.32854,1.11,1.50
2011.10.25 04:34:33.384,1.32829,1.32853,1.11,1.50
2011.10.25 04:34:33.724,1.32829,1.32853,1.11,1.50
2011.10.25 04:34:33.965,1.32829,1.32855,1.11,1.50
2011.10.25 04:34:34.624,1.32828,1.32853,1.11,1.50
2011.10.25 04:34:35.206,1.32828,1.32853,1.11,2.25
2011.10.25 04:34:35.814,1.32827,1.32852,1.11,1.50
2011.10.25 04:34:36.675,1.32827,1.32852,1.11,1.13
2011.10.25 04:34:36.795,1.32826,1.32848,1.11,1.50
2011.10.25 04:34:37.026,1.32826,1.32849,1.11,1.50
2011.10.25 04:34:37.374,1.32826,1.32854,1.86,2.25
2011.10.25 04:34:39.391,1.32824,1.32849,1.11,1.50
2011.10.25 04:34:40.551,1.32824,1.3285,1.11,1.50
2011.10.25 04:34:42.916,1.32824,1.3285,1.11,1.50
2011.10.25 04:34:43.479,1.32824,1.3285,1.11,1.50
2011.10.25 04:35:03.491,1.32827,1.3285,1.50,1.50
2011.10.25 04:35:08.156,1.32825,1.3285,1.50,1.50
2011.10.25 04:35:08.387,1.32825,1.3285,1.50,1.50
2011.10.25 04:35:08.725,1.32825,1.32852,1.50,2.63
2011.10.25 04:35:09.437,1.32827,1.32852,1.11,1.13
2011.10.25 04:35:11.175,1.32829,1.32852,1.11,1.35
2011.10.25 04:35:11.406,1.32832,1.32856,1.11,1.73
2011.10.25 04:35:11.529,1.32832,1.32853,1.11,1.73
2011.10.25 04:35:12.084,1.32827,1.32847,2.25,1.13
2011.10.25 04:35:12.214,1.32832,1.32851,1.50,1.50
2011.10.25 04:35:12.577,1.32832,1.32854,1.50,1.73
2011.10.25 04:35:13.148,1.32832,1.32854,1.50,1.73
2011.10.25 04:35:13.846,1.32834,1.32857,1.11,1.73
2011.10.25 04:35:14.668,1.32838,1.3286,1.50,1.73
2011.10.25 04:35:15.423,1.32837,1.3286,1.50,1.73
2011.10.25 04:35:15.876,1.32838,1.32863,1.11,1.50
2011.10.25 04:35:17.156,1.32835,1.32857,1.50,1.50
2011.10.25 04:35:17.971,1.32833,1.32856,2.48,1.50
2011.10.25 04:35:18.098,1.32832,1.32856,1.50,1.50
2011.10.25 04:35:18.328,1.32831,1.32856,1.50,1.50
2011.10.25 04:35:18.666,1.32832,1.32856,1.50,3.39
2011.10.25 04:35:19.587,1.32832,1.32854,1.86,1.50
2011.10.25 04:35:19.722,1.32832,1.32859,1.86,1.50
2011.10.25 04:35:19.847,1.32832,1.32857,1.86,1.50
2011.10.25 04:35:20.186,1.32836,1.32859,1.50,1.50
2011.10.25 04:35:20.526,1.32836,1.32857,1.50,1.50
2011.10.25 04:35:21.028,1.32836,1.32857,1.50,1.50
2011.10.25 04:35:21.711,1.32831,1.32859,1.11,2.25
2011.10.25 04:35:21.829,1.32831,1.32857,1.11,1.50
2011.10.25 04:35:22.332,1.32831,1.32852,1.50,1.50
2011.10.25 04:35:23.296,1.32831,1.32855,1.50,1.50
2011.10.25 04:35:24.045,1.32831,1.32852,1.50,1.50
2011.10.25 04:35:24.561,1.32838,1.32855,1.50,1.50
2011.10.25 04:35:24.688,1.32838,1.32861,1.50,1.50
2011.10.25 04:35:24.809,1.32838,1.32861,1.50,1.50
2011.10.25 04:35:24.923,1.32838,1.32861,1.50,1.50
2011.10.25 04:35:25.156,1.32838,1.32862,1.50,1.50
2011.10.25 04:35:28.268,1.32838,1.32863,1.50,1.50
2011.10.25 04:35:28.388,1.32842,1.32866,1.11,2.25
2011.10.25 04:35:29.676,1.32842,1.32864,1.11,1.50
2011.10.25 04:35:35.425,1.32842,1.32864,1.11,1.50
2011.10.25 04:35:36.194,1.32841,1.32864,1.11,1.50
2011.10.25 04:35:37.240,1.32842,1.32864,1.11,1.50
2011.10.25 04:35:38.341,1.32839,1.32864,1.11,1.50
2011.10.25 04:35:39.040,1.32829,1.32851,1.50,1.50
2011.10.25 04:35:40.375,1.32829,1.32851,1.50,1.50
2011.10.25 04:35:40.496,1.32829,1.32852,1.50,1.50
2011.10.25 04:35:40.616,1.32832,1.32852,1.50,1.50
2011.10.25 04:35:42.776,1.32833,1.32855,1.50,1.50
2011.10.25 04:35:42.896,1.32833,1.32856,1.50,2.25
2011.10.25 04:35:43.127,1.32835,1.32856,1.50,1.50
2011.10.25 04:35:47.483,1.32835,1.32856,1.50,1.50
2011.10.25 04:35:48.044,1.32835,1.32856,1.50,1.50
2011.10.25 04:35:48.165,1.32835,1.32859,1.50,1.65
2011.10.25 04:35:48.505,1.32835,1.32859,1.50,1.65
2011.10.25 04:35:49.705,1.32835,1.32859,1.86,1.65
2011.10.25 04:35:50.135,1.32835,1.32859,1.86,1.65
2011.10.25 04:35:52.077,1.32835,1.3286,1.50,2.40
2011.10.25 04:35:52.826,1.32835,1.3286,1.50,1.65
2011.10.25 04:35:53.406,1.32835,1.32859,1.50,1.65
2011.10.25 04:35:54.033,1.32835,1.32862,1.86,1.65
2011.10.25 04:35:56.465,1.32842,1.32863,1.50,1.65
2011.10.25 04:35:56.584,1.32842,1.32863,1.50,1.50
2011.10.25 04:35:57.567,1.32841,1.32862,1.50,3.23
2011.10.25 04:35:57.796,1.32842,1.32862,1.50,3.60
2011.10.25 04:35:58.026,1.32841,1.32862,1.50,3.23
2011.10.25 04:35:58.822,1.32842,1.32863,1.50,3.60
2011.10.25 04:35:59.050,1.32842,1.32866,1.50,1.50
2011.10.25 04:35:59.172,1.32849,1.32868,1.50,2.25
2011.10.25 04:35:59.891,1.32848,1.3287,1.50,1.73
2011.10.25 04:36:00.417,1.32847,1.3287,1.50,1.73
2011.10.25 04:36:00.540,1.32843,1.32867,1.11,1.50
2011.10.25 04:36:00.658,1.32839,1.32866,1.11,1.50
2011.10.25 04:36:00.903,1.3284,1.32866,1.50,1.88
2011.10.25 04:36:01.142,1.32836,1.32863,1.11,1.50
2011.10.25 04:36:01.608,1.32836,1.32863,1.11,1.50
2011.10.25 04:36:17.697,1.32835,1.32864,1.50,1.88
2011.10.25 04:36:20.327,1.32836,1.32863,1.11,1.50
2011.10.25 04:36:22.718,1.32836,1.32862,1.11,1.88
2011.10.25 04:36:22.839,1.32835,1.3286,1.11,1.29
2011.10.25 04:36:23.177,1.32828,1.32854,1.11,1.50
2011.10.25 04:36:24.558,1.32832,1.32857,1.11,1.13
2011.10.25 04:36:24.790,1.32832,1.3286,1.11,2.25
2011.10.25 04:36:24.908,1.32833,1.3286,1.73,1.50
2011.10.25 04:36:25.247,1.32839,1.32865,1.11,3.00
2011.10.25 04:36:39.461,1.32837,1.3286,1.11,1.88
2011.10.25 04:36:40.142,1.32834,1.32861,1.11,1.50
2011.10.25 04:37:15.170,1.32834,1.3286,1.11,1.88
2011.10.25 04:37:15.736,1.32832,1.32859,1.11,3.23
2011.10.25 04:37:15.859,1.32832,1.32856,1.11,1.50
2011.10.25 04:37:16.419,1.32832,1.32856,1.86,1.50
2011.10.25 04:37:17.008,1.32832,1.32856,1.86,1.50
2011.10.25 04:37:18.217,1.32832,1.32856,2.83,1.50
2011.10.25 04:37:20.733,1.32838,1.32858,1.50,1.50
2011.10.25 04:37:21.288,1.32838,1.32857,1.50,1.50
2011.10.25 04:37:21.993,1.32838,1.32859,1.86,1.50
2011.10.25 04:37:22.338,1.3284,1.32864,1.11,1.73
2011.10.25 04:37:22.788,1.32839,1.32864,1.11,1.73
2011.10.25 04:37:24.035,1.32839,1.32864,1.11,1.73
2011.10.25 04:37:24.390,1.32839,1.32864,1.11,1.73
2011.10.25 04:37:25.207,1.3284,1.32864,1.11,1.73
2011.10.25 04:37:25.768,1.32839,1.32864,1.11,1.73
2011.10.25 04:37:26.108,1.32838,1.32864,1.86,1.73
2011.10.25 04:37:26.449,1.32838,1.32864,2.61,1.73
2011.10.25 04:37:28.657,1.3284,1.32864,1.11,1.73
2011.10.25 04:37:28.779,1.32841,1.32864,1.50,1.73
2011.10.25 04:37:29.639,1.32843,1.32866,1.11,2.70
2011.10.25 04:37:33.734,1.32841,1.32864,1.11,1.73
2011.10.25 04:37:33.858,1.3284,1.32864,1.11,1.88
2011.10.25 04:37:34.200,1.3284,1.32864,1.86,1.88
2011.10.25 04:37:34.798,1.32841,1.32863,1.11,1.05
2011.10.25 04:37:35.808,1.3284,1.32861,1.86,1.13
2011.10.25 04:37:35.941,1.32832,1.32854,1.50,1.50
2011.10.25 04:37:36.061,1.32826,1.32849,1.50,1.13
2011.10.25 04:37:36.299,1.32824,1.32848,1.86,1.13
2011.10.25 04:37:36.539,1.32824,1.32847,1.50,1.13
2011.10.25 04:37:37.109,1.32824,1.32846,1.50,2.25
2011.10.25 04:37:37.339,1.32823,1.32846,1.50,1.50
2011.10.25 04:37:38.122,1.32824,1.32846,1.50,1.50
2011.10.25 04:37:38.961,1.32824,1.3285,1.86,1.50
2011.10.25 04:37:39.082,1.32824,1.3285,1.86,1.50
2011.10.25 04:37:39.308,1.32825,1.32852,1.11,1.50
2011.10.25 04:37:39.429,1.32827,1.32852,1.11,1.50
2011.10.25 04:37:40.259,1.32827,1.32852,1.11,1.50
2011.10.25 04:37:40.390,1.32826,1.32849,1.11,1.13
2011.10.25 04:37:41.059,1.32828,1.32852,1.11,1.80
2011.10.25 04:37:41.621,1.32829,1.32852,1.11,1.95
2011.10.25 04:37:41.962,1.32828,1.32852,1.86,1.65
2011.10.25 04:37:42.187,1.32831,1.32852,1.11,1.65
2011.10.25 04:37:43.990,1.32831,1.32852,1.11,1.65
2011.10.25 04:37:46.370,1.32831,1.32852,1.11,1.65
2011.10.25 04:37:46.910,1.32826,1.3285,1.11,2.85
2011.10.25 04:37:47.041,1.32821,1.32843,1.11,1.50
2011.10.25 04:37:47.377,1.32821,1.32843,1.11,1.50
2011.10.25 04:37:47.624,1.32822,1.32848,1.11,2.25
2011.10.25 04:37:48.087,1.32822,1.32848,1.11,2.25
2011.10.25 04:37:48.491,1.32821,1.32842,1.11,1.50
2011.10.25 04:37:48.954,1.32819,1.32842,1.11,1.50
2011.10.25 04:37:49.308,1.32812,1.32838,1.11,1.50
2011.10.25 04:37:49.549,1.32812,1.32836,1.11,1.50
2011.10.25 04:37:50.281,1.3281,1.32836,1.86,1.50
2011.10.25 04:37:50.787,1.3281,1.32836,1.86,2.25
2011.10.25 04:37:50.908,1.3281,1.32836,1.86,2.25
2011.10.25 04:37:51.140,1.3281,1.32836,1.86,2.25
2011.10.25 04:37:51.369,1.32812,1.32836,1.73,1.50
2011.10.25 04:37:51.721,1.32818,1.3284,1.50,1.50
2011.10.25 04:37:51.951,1.32818,1.32843,1.50,1.50
2011.10.25 04:37:52.751,1.32819,1.32844,1.11,2.25
2011.10.25 04:37:53.296,1.32819,1.32844,1.11,2.25
2011.10.25 04:37:54.581,1.32819,1.32838,1.11,1.50
2011.10.25 04:37:55.360,1.3282,1.32844,1.11,1.50
2011.10.25 04:37:56.148,1.3282,1.32845,1.11,2.25
2011.10.25 04:37:56.710,1.3282,1.32845,1.11,1.50
2011.10.25 04:37:57.047,1.3282,1.32848,1.11,1.50
2011.10.25 04:37:57.615,1.32823,1.32849,1.11,1.50
2011.10.25 04:37:58.177,1.32821,1.32847,1.11,1.50
2011.10.25 04:37:58.778,1.32819,1.32844,1.50,1.50
2011.10.25 04:37:59.339,1.32822,1.32847,1.11,1.50
2011.10.25 04:38:00.459,1.3282,1.32848,1.11,2.25
2011.10.25 04:38:00.804,1.32822,1.32848,1.11,2.25
2011.10.25 04:38:01.169,1.32822,1.32847,1.11,1.50
2011.10.25 04:38:01.431,1.3282,1.32846,1.11,1.50
2011.10.25 04:38:01.547,1.3282,1.32846,1.11,1.50
2011.10.25 04:38:02.661,1.32819,1.32846,1.86,1.50
2011.10.25 04:38:05.667,1.32819,1.32846,1.11,1.50
2011.10.25 04:38:05.898,1.3282,1.32846,1.11,1.50
2011.10.25 04:38:06.472,1.32823,1.32847,1.11,1.50
2011.10.25 04:38:06.992,1.32822,1.32847,1.86,1.50
2011.10.25 04:38:07.724,1.32822,1.32841,1.86,1.50
2011.10.25 04:38:10.606,1.32822,1.32841,1.11,1.50
2011.10.25 04:38:10.839,1.3282,1.32841,1.11,1.50
2011.10.25 04:38:11.069,1.3282,1.32841,1.11,1.50
2011.10.25 04:38:11.298,1.3282,1.32841,1.11,1.50
2011.10.25 04:38:15.080,1.32812,1.32839,1.86,2.25
2011.10.25 04:38:15.200,1.32811,1.32836,1.11,1.50
2011.10.25 04:38:15.650,1.32807,1.32834,1.86,1.50
2011.10.25 04:38:15.768,1.32807,1.32833,1.86,1.50
2011.10.25 04:38:15.997,1.32807,1.32834,1.86,1.50
2011.10.25 04:38:16.668,1.32807,1.32834,1.86,1.50
2011.10.25 04:38:22.758,1.3281,1.32837,1.86,2.25
2011.10.25 04:38:27.212,1.32811,1.32835,1.11,1.50
2011.10.25 04:38:27.768,1.32811,1.32837,1.86,1.50
2011.10.25 04:38:31.452,1.32811,1.32835,1.11,1.50
2011.10.25 04:38:31.680,1.32811,1.32829,1.86,1.73
2011.10.25 04:38:31.799,1.32811,1.32837,1.86,3.98
2011.10.25 04:38:32.528,1.32811,1.32837,1.11,1.50
2011.10.25 04:38:43.626,1.32811,1.32835,1.11,1.88
2011.10.25 04:38:43.757,1.32811,1.32835,1.86,1.65
2011.10.25 04:38:43.877,1.32811,1.32835,1.11,1.65
2011.10.25 04:38:44.582,1.32811,1.32835,1.86,1.65
2011.10.25 04:38:49.247,1.32813,1.32835,1.11,1.65
2011.10.25 04:38:50.122,1.32815,1.32835,1.11,1.65
2011.10.25 04:38:57.677,1.32812,1.32835,1.11,1.65
2011.10.25 04:39:03.147,1.32812,1.32835,1.11,1.65
2011.10.25 04:39:03.268,1.32809,1.32835,1.11,2.40
2011.10.25 04:39:03.941,1.32809,1.32835,1.11,2.40
2011.10.25 04:39:04.601,1.32809,1.32835,1.11,2.40
2011.10.25 04:39:04.827,1.32811,1.32836,1.86,1.65
2011.10.25 04:39:05.340,1.32814,1.32837,1.86,1.07
2011.10.25 04:39:07.892,1.32816,1.32841,1.11,1.65
2011.10.25 04:39:08.134,1.32811,1.32836,1.11,1.65
2011.10.25 04:39:08.261,1.32807,1.32836,1.11,1.65
2011.10.25 04:39:08.721,1.32808,1.32833,1.11,1.50
2011.10.25 04:39:09.281,1.32806,1.32831,1.11,1.50
2011.10.25 04:39:09.521,1.32805,1.32831,1.11,1.50
2011.10.25 04:39:09.863,1.32807,1.32832,1.11,1.50
2011.10.25 04:39:10.676,1.32805,1.32832,1.86,1.50
2011.10.25 04:39:10.798,1.32806,1.32832,1.86,1.50
2011.10.25 04:39:11.600,1.32806,1.32832,1.86,1.50
2011.10.25 04:39:12.113,1.32809,1.32832,1.11,1.50
2011.10.25 04:39:12.458,1.32817,1.32844,1.11,1.65
2011.10.25 04:39:14.012,1.32818,1.32845,1.11,1.05
2011.10.25 04:39:14.558,1.32822,1.32846,1.11,1.34
2011.10.25 04:39:14.822,1.32823,1.32845,1.11,1.34
2011.10.25 04:39:15.948,1.3282,1.32845,1.11,1.34
2011.10.25 04:39:21.504,1.3282,1.32844,1.11,1.65
2011.10.25 04:39:21.732,1.32825,1.32845,1.11,1.34
2011.10.25 04:39:22.507,1.32826,1.32846,1.11,1.34
2011.10.25 04:39:23.917,1.32826,1.32851,1.11,2.25
2011.10.25 04:39:25.289,1.32826,1.3285,1.11,1.50
2011.10.25 04:39:27.219,1.32825,1.3285,1.11,1.88
2011.10.25 04:39:27.558,1.32825,1.3285,1.11,1.88
2011.10.25 04:39:28.207,1.32825,1.3285,1.11,1.88
2011.10.25 04:39:31.867,1.32823,1.32848,1.50,1.50
2011.10.25 04:39:32.682,1.32822,1.32841,1.11,1.73
2011.10.25 04:39:32.801,1.32818,1.32841,1.86,1.73
2011.10.25 04:39:32.921,1.32814,1.32838,1.86,1.50
2011.10.25 04:39:33.038,1.32814,1.32838,1.11,2.25
2011.10.25 04:39:37.349,1.32812,1.32837,1.50,1.50
2011.10.25 04:39:38.430,1.32818,1.32842,1.50,1.50
2011.10.25 04:39:39.094,1.32823,1.32844,1.50,1.50
2011.10.25 04:39:43.989,1.3282,1.32844,2.48,1.50
2011.10.25 04:39:44.329,1.32818,1.32844,1.11,1.50
2011.10.25 04:39:45.316,1.32815,1.32841,1.11,1.50
2011.10.25 04:39:45.561,1.32813,1.32838,1.11,2.25
2011.10.25 04:39:46.412,1.32811,1.32838,1.11,2.25
2011.10.25 04:39:46.912,1.32811,1.32837,1.11,1.50
2011.10.25 04:39:47.263,1.32812,1.32838,1.11,2.25
2011.10.25 04:39:48.118,1.32814,1.32838,1.11,2.25
2011.10.25 04:39:54.488,1.32811,1.32838,1.11,2.25
2011.10.25 04:39:54.827,1.3281,1.32834,1.86,1.50
2011.10.25 04:39:58.509,1.3281,1.32834,1.11,1.50
2011.10.25 04:39:59.989,1.3281,1.32834,1.86,1.50
2011.10.25 04:40:01.237,1.32815,1.32841,1.48,1.50
2011.10.25 04:40:01.361,1.32816,1.32843,1.48,1.50
2011.10.25 04:40:02.140,1.32814,1.3284,1.11,1.50
2011.10.25 04:40:06.471,1.32813,1.3284,1.11,1.50
2011.10.25 04:40:06.723,1.32817,1.32842,1.11,2.64
2011.10.25 04:40:06.838,1.32817,1.32842,1.11,2.64
2011.10.25 04:40:07.598,1.32818,1.32842,1.11,1.73
2011.10.25 04:40:08.190,1.32819,1.32845,1.11,1.50
2011.10.25 04:40:21.567,1.32817,1.32843,1.11,1.50
2011.10.25 04:40:21.799,1.32815,1.32843,1.86,1.50
2011.10.25 04:40:24.660,1.32817,1.32845,1.11,1.50
2011.10.25 04:40:24.782,1.32822,1.32849,1.11,2.25
2011.10.25 04:40:25.481,1.32824,1.32848,1.11,1.50
2011.10.25 04:40:27.667,1.32824,1.32849,1.11,2.25
2011.10.25 04:40:31.037,1.32823,1.32848,1.11,1.50
2011.10.25 04:40:31.382,1.3282,1.32847,1.11,2.25
2011.10.25 04:40:33.273,1.32819,1.32846,1.11,1.50
2011.10.25 04:40:37.598,1.32815,1.32841,1.11,1.50
2011.10.25 04:40:38.178,1.32815,1.32841,1.86,1.50
2011.10.25 04:40:39.073,1.32816,1.32843,1.50,3.23
2011.10.25 04:40:39.429,1.32821,1.32844,1.50,3.23
2011.10.25 04:40:40.029,1.32824,1.32844,1.11,1.73
2011.10.25 04:40:40.383,1.32825,1.32849,1.50,1.50
2011.10.25 04:40:40.504,1.32826,1.32851,1.11,1.50
2011.10.25 04:40:40.741,1.32826,1.32851,1.11,2.25
2011.10.25 04:40:40.861,1.32827,1.32851,1.50,1.50
2011.10.25 04:40:40.982,1.32827,1.32851,2.48,1.50
2011.10.25 04:40:41.637,1.32827,1.32851,1.50,1.50
2011.10.25 04:40:42.311,1.32827,1.32852,1.50,2.25
2011.10.25 04:40:44.901,1.32827,1.32851,1.50,1.50
2011.10.25 04:40:45.021,1.32826,1.32851,1.86,1.50
2011.10.25 04:40:45.359,1.32821,1.32844,1.11,2.48
2011.10.25 04:40:45.811,1.3282,1.32843,1.50,1.73
2011.10.25 04:40:45.930,1.32819,1.32843,1.11,2.64
2011.10.25 04:40:49.616,1.32814,1.32841,1.11,1.67
2011.10.25 04:40:53.308,1.32814,1.3284,1.86,2.25
2011.10.25 04:40:53.433,1.32813,1.32836,1.11,1.50
2011.10.25 04:40:53.549,1.32813,1.32836,1.11,1.50
2011.10.25 04:40:53.668,1.32812,1.32833,1.11,1.50
2011.10.25 04:40:55.866,1.32811,1.32833,1.86,1.50
2011.10.25 04:40:56.208,1.32814,1.32841,1.86,2.25
2011.10.25 04:41:00.531,1.32817,1.32841,1.11,1.50
2011.10.25 04:41:01.059,1.32817,1.32844,1.11,1.50
2011.10.25 04:41:01.398,1.32821,1.32844,1.11,1.50
2011.10.25 04:41:03.301,1.32821,1.32846,1.11,1.50
2011.10.25 04:41:03.537,1.32823,1.3285,1.11,1.50
2011.10.25 04:41:06.360,1.3282,1.32848,1.86,1.67
2011.10.25 04:41:06.484,1.3282,1.32847,1.11,1.50
2011.10.25 04:41:08.861,1.3282,1.32847,1.86,1.50
2011.10.25 04:41:09.198,1.32827,1.3285,1.11,1.50
2011.10.25 04:41:11.420,1.32828,1.32853,1.11,3.23
2011.10.25 04:41:11.799,1.3283,1.32853,1.11,1.50
2011.10.25 04:41:11.922,1.32826,1.32853,1.11,1.50
2011.10.25 04:41:13.809,1.32825,1.32849,1.11,1.50
2011.10.25 04:41:14.373,1.3282,1.32846,1.11,1.50
2011.10.25 04:41:14.819,1.32819,1.32846,1.50,1.50
2011.10.25 04:41:18.758,1.3282,1.32846,1.86,1.50
2011.10.25 04:41:22.121,1.3282,1.32845,1.11,1.50
2011.10.25 04:41:22.459,1.32817,1.32841,1.11,1.50
2011.10.25 04:41:22.689,1.32815,1.32841,1.11,1.50
2011.10.25 04:41:25.588,1.32814,1.32839,2.61,1.50
2011.10.25 04:41:27.454,1.32814,1.32838,1.86,1.50
2011.10.25 04:41:28.119,1.32817,1.32842,1.86,3.23
2011.10.25 04:41:29.608,1.32819,1.32841,1.11,2.48
2011.10.25 04:41:30.530,1.32819,1.32841,1.11,2.48
2011.10.25 04:41:33.128,1.32819,1.32841,1.11,2.48
2011.10.25 04:41:33.466,1.32819,1.32841,1.11,2.48
2011.10.25 04:41:35.060,1.32821,1.32846,1.11,1.50
2011.10.25 04:41:36.138,1.32821,1.32847,1.86,1.50
2011.10.25 04:41:38.961,1.32819,1.3284,1.11,1.50
2011.10.25 04:41:39.199,1.32825,1.32846,1.50,1.50
2011.10.25 04:41:39.429,1.32827,1.32852,1.11,2.63
2011.10.25 04:41:39.550,1.32827,1.32853,1.11,2.40
2011.10.25 04:41:41.421,1.32827,1.32852,1.11,1.65
2011.10.25 04:41:41.990,1.32825,1.32843,1.11,2.48
2011.10.25 04:41:42.117,1.32826,1.3285,1.11,1.65
2011.10.25 04:41:42.644,1.32826,1.32852,1.11,1.65
2011.10.25 04:41:49.029,1.32825,1.3285,1.11,1.50
2011.10.25 04:42:00.668,1.32826,1.32852,1.11,1.50
2011.10.25 04:42:00.805,1.32824,1.32852,1.11,2.85
2011.10.25 04:42:00.935,1.32821,1.32845,1.86,2.48
2011.10.25 04:42:01.184,1.32822,1.32846,1.50,1.50
2011.10.25 04:42:01.662,1.32822,1.32848,1.86,1.50
2011.10.25 04:42:06.868,1.3282,1.32846,1.86,2.25
2011.10.25 04:42:07.775,1.3282,1.32845,1.86,1.73
2011.10.25 04:42:07.905,1.3282,1.32842,1.50,1.50
2011.10.25 04:42:08.139,1.32822,1.32846,1.11,2.25
2011.10.25 04:42:08.260,1.32822,1.32846,1.11,2.25
2011.10.25 04:42:09.990,1.32822,1.32846,1.11,2.25
2011.10.25 04:42:10.548,1.32822,1.32846,2.83,1.50
2011.10.25 04:42:12.839,1.32823,1.3285,1.86,1.50
2011.10.25 04:42:19.691,1.32824,1.32851,1.86,2.25
2011.10.25 04:42:20.249,1.32826,1.32851,1.50,1.50
2011.10.25 04:42:22.568,1.32825,1.32851,1.50,1.50
2011.10.25 04:42:24.600,1.32826,1.32851,3.23,1.50
2011.10.25 04:42:24.938,1.32826,1.32851,3.23,1.50
2011.10.25 04:42:25.060,1.32829,1.32853,1.11,1.50
2011.10.25 04:42:25.638,1.32832,1.32855,1.11,1.50
2011.10.25 04:42:27.598,1.32832,1.32854,1.11,1.50
2011.10.25 04:42:32.140,1.32832,1.32856,1.11,2.25
2011.10.25 04:42:34.167,1.32832,1.32856,1.11,1.50
2011.10.25 04:42:38.209,1.32832,1.32856,1.11,2.25
2011.10.25 04:42:41.750,1.32838,1.32861,1.50,1.50
2011.10.25 04:42:42.608,1.3284,1.32863,1.11,1.50
2011.10.25 04:42:43.801,1.3284,1.32863,1.11,1.50
2011.10.25 04:42:44.744,1.3284,1.32863,1.11,1.50
2011.10.25 04:42:45.780,1.3284,1.32863,1.11,1.50
2011.10.25 04:42:48.160,1.3284,1.32863,1.11,1.50
2011.10.25 04:42:57.362,1.3284,1.32863,1.32,1.50
2011.10.25 04:42:57.722,1.32844,1.32866,2.61,1.05
2011.10.25 04:42:58.748,1.32845,1.32866,1.11,1.05
2011.10.25 04:43:00.748,1.32845,1.32867,1.11,1.05
2011.10.25 04:43:01.200,1.32847,1.32869,2.48,1.50
2011.10.25 04:43:01.541,1.32846,1.32864,1.13,1.50
2011.10.25 04:43:01.660,1.32839,1.32861,1.11,1.50
2011.10.25 04:43:02.412,1.32835,1.3286,1.86,1.50
2011.10.25 04:43:03.758,1.32835,1.3286,1.86,1.88
2011.10.25 04:43:07.530,1.32835,1.32857,1.50,1.50
2011.10.25 04:43:08.238,1.32835,1.32857,1.50,1.50
2011.10.25 04:43:09.031,1.32835,1.32858,1.50,1.50
2011.10.25 04:43:09.369,1.32836,1.3286,1.11,1.50
2011.10.25 04:43:09.490,1.32836,1.32861,1.11,1.50
2011.10.25 04:43:09.828,1.32836,1.32861,1.11,1.50
2011.10.25 04:43:12.589,1.32837,1.32861,1.05,1.50
2011.10.25 04:43:16.390,1.32837,1.32861,1.05,1.50
2011.10.25 04:43:16.901,1.32838,1.32864,1.26,1.50
2011.10.25 04:43:17.239,1.32836,1.32861,1.05,2.63
2011.10.25 04:43:17.579,1.32835,1.32859,1.78,1.13
2011.10.25 04:43:18.821,1.32835,1.32859,1.78,1.13
2011.10.25 04:43:21.269,1.32837,1.32857,1.05,1.50
2011.10.25 04:43:21.391,1.32841,1.32859,2.85,1.50
2011.10.25 04:43:21.512,1.32841,1.3286,1.13,1.50
2011.10.25 04:43:21.630,1.3284,1.3286,1.72,1.50
2011.10.25 04:43:21.870,1.32836,1.32858,1.11,1.13
2011.10.25 04:43:25.120,1.32834,1.32857,1.50,1.50
2011.10.25 04:43:25.728,1.32835,1.32857,1.50,1.50
2011.10.25 04:43:28.679,1.32835,1.32857,1.50,1.50
2011.10.25 04:43:28.803,1.32835,1.3286,1.11,1.88
2011.10.25 04:43:29.378,1.32835,1.3286,1.11,1.88
2011.10.25 04:43:29.958,1.32833,1.32858,1.50,1.50
2011.10.25 04:43:31.019,1.32833,1.32858,1.50,1.50
2011.10.25 04:43:32.351,1.32835,1.32858,1.50,1.50
2011.10.25 04:43:33.566,1.32835,1.32858,1.50,1.50
2011.10.25 04:43:33.813,1.3283,1.32856,1.11,2.25
2011.10.25 04:43:34.053,1.32828,1.32854,2.61,1.50
2011.10.25 04:43:34.282,1.32828,1.32852,1.50,1.50
2011.10.25 04:43:35.049,1.32827,1.32852,1.50,1.50
2011.10.25 04:43:35.183,1.32829,1.32855,1.26,1.50
2011.10.25 04:43:35.489,1.32828,1.32855,1.63,2.04
2011.10.25 04:43:35.828,1.32828,1.32852,1.11,1.50
2011.10.25 04:43:36.729,1.32825,1.32852,1.11,1.50
2011.10.25 04:43:38.132,1.32829,1.32852,2.08,1.50
2011.10.25 04:43:38.359,1.32834,1.32856,1.50,1.50
2011.10.25 04:43:45.013,1.32832,1.32853,1.11,1.73
2011.10.25 04:43:45.458,1.3283,1.32853,2.10,2.48
2011.10.25 04:43:46.310,1.32829,1.32853,1.11,2.48
2011.10.25 04:43:46.538,1.32829,1.32853,1.11,2.48
2011.10.25 04:43:49.271,1.32829,1.32852,1.11,1.50
2011.10.25 04:43:50.187,1.32831,1.32857,1.50,1.50
2011.10.25 04:43:54.251,1.3283,1.32853,1.50,1.50
2011.10.25 04:43:54.477,1.32829,1.32853,1.11,1.50
2011.10.25 04:43:58.198,1.32829,1.32853,1.11,1.50
2011.10.25 04:44:00.570,1.32827,1.32853,1.11,1.50
2011.10.25 04:44:03.242,1.32833,1.32855,1.50,1.50
2011.10.25 04:44:03.365,1.32833,1.32857,1.86,1.50
2011.10.25 04:44:03.483,1.32833,1.32857,1.86,1.50
2011.10.25 04:44:03.602,1.32833,1.32859,1.50,1.65
2011.10.25 04:44:04.330,1.32837,1.32859,1.11,1.65
2011.10.25 04:44:04.999,1.32834,1.32859,1.35,2.40
2011.10.25 04:44:05.691,1.32837,1.32859,2.48,1.65
2011.10.25 04:44:06.770,1.32836,1.32859,1.11,1.65
2011.10.25 04:44:07.441,1.32833,1.32859,1.48,2.40
2011.10.25 04:44:09.020,1.32832,1.32859,1.50,2.40
2011.10.25 04:44:09.372,1.32827,1.32854,1.11,1.50
2011.10.25 04:44:09.719,1.32826,1.32854,1.11,2.25
2011.10.25 04:44:10.528,1.32828,1.32855,1.11,1.50
2011.10.25 04:44:13.121,1.32828,1.32854,1.11,3.23
2011.10.25 04:44:13.361,1.32822,1.32849,1.11,1.50
2011.10.25 04:44:13.485,1.32821,1.32849,1.11,2.25
2011.10.25 04:44:13.609,1.32821,1.32849,1.11,1.50
2011.10.25 04:44:14.521,1.3282,1.32847,2.23,1.50
2011.10.25 04:44:16.821,1.32824,1.3285,1.48,1.50
2011.10.25 04:44:16.941,1.32828,1.32852,1.50,1.50
2011.10.25 04:44:17.292,1.3283,1.32855,3.23,2.25
2011.10.25 04:44:17.524,1.32835,1.32859,1.50,1.50
2011.10.25 04:44:18.067,1.32831,1.32857,2.48,1.50
2011.10.25 04:44:18.195,1.3283,1.32856,1.11,2.25
2011.10.25 04:44:18.831,1.3283,1.32856,1.11,2.25
2011.10.25 04:44:19.765,1.32829,1.32856,1.11,2.25
2011.10.25 04:44:20.110,1.32827,1.32849,1.50,1.50
2011.10.25 04:44:20.561,1.32825,1.3285,1.11,2.42
2011.10.25 04:44:21.159,1.32825,1.32849,1.11,1.50
2011.10.25 04:44:21.498,1.32825,1.32849,1.11,1.50
2011.10.25 04:44:26.490,1.32825,1.3285,1.11,1.50
2011.10.25 04:44:27.600,1.32825,1.32849,1.11,1.50
2011.10.25 04:44:27.831,1.32825,1.32849,1.11,1.50
2011.10.25 04:44:28.860,1.32825,1.32849,1.11,1.50
2011.10.25 04:44:29.199,1.32825,1.32849,1.11,1.50
2011.10.25 04:44:29.808,1.32823,1.32846,1.50,1.50
2011.10.25 04:44:30.888,1.32823,1.32846,1.50,1.50
2011.10.25 04:44:31.472,1.32823,1.32847,1.50,1.50
2011.10.25 04:44:33.323,1.32824,1.32849,1.11,1.50
2011.10.25 04:44:33.669,1.32824,1.32849,1.11,1.50
2011.10.25 04:44:34.398,1.32824,1.32849,1.11,1.50
2011.10.25 04:44:35.290,1.32824,1.32849,1.11,1.50
2011.10.25 04:44:35.520,1.32824,1.32849,1.11,1.50
2011.10.25 04:44:36.089,1.32824,1.32849,1.11,1.50
2011.10.25 04:44:36.430,1.32823,1.32842,1.50,1.73
2011.10.25 04:44:37.120,1.32823,1.32848,1.50,1.50
2011.10.25 04:44:37.252,1.32824,1.32848,1.11,1.50
2011.10.25 04:44:37.371,1.32824,1.32849,1.11,1.50
2011.10.25 04:44:38.084,1.32824,1.32847,1.11,1.50
2011.10.25 04:44:38.215,1.32824,1.32843,1.11,3.23
2011.10.25 04:44:38.697,1.32817,1.32843,1.11,1.88
2011.10.25 04:44:38.824,1.32815,1.32838,1.50,1.67
2011.10.25 04:44:38.942,1.32815,1.32837,1.50,2.85
2011.10.25 04:44:39.522,1.32815,1.32838,2.10,1.50
2011.10.25 04:44:39.643,1.32815,1.32841,1.35,1.50
2011.10.25 04:44:40.205,1.32822,1.32847,1.50,1.67
2011.10.25 04:44:40.329,1.32829,1.32854,1.11,1.50
2011.10.25 04:44:40.451,1.32827,1.32855,1.11,1.50
2011.10.25 04:44:41.019,1.32826,1.32852,1.86,1.50
2011.10.25 04:44:43.889,1.32826,1.3285,1.11,1.50
2011.10.25 04:44:44.241,1.32826,1.3285,1.11,1.67
2011.10.25 04:44:44.362,1.32824,1.32846,1.50,2.48
2011.10.25 04:44:44.481,1.32823,1.3285,1.11,1.50
2011.10.25 04:44:45.101,1.32827,1.3285,1.11,1.50
2011.10.25 04:44:45.449,1.32829,1.32852,1.11,1.50
2011.10.25 04:44:47.648,1.32829,1.32851,1.11,1.50
2011.10.25 04:44:48.222,1.32823,1.32849,2.48,1.50
2011.10.25 04:44:48.573,1.3282,1.32842,1.11,1.50
2011.10.25 04:44:48.690,1.32818,1.32842,1.11,1.50
2011.10.25 04:44:48.920,1.32815,1.32843,1.86,3.98
2011.10.25 04:44:49.829,1.32817,1.32842,2.61,1.50
2011.10.25 04:44:50.388,1.32817,1.32842,2.61,1.50
2011.10.25 04:44:50.842,1.32817,1.32843,1.50,3.23
2011.10.25 04:44:50.959,1.32817,1.32843,1.50,4.14
2011.10.25 04:44:51.300,1.32816,1.32843,1.86,3.39
2011.10.25 04:44:51.640,1.32818,1.32843,1.11,1.50
2011.10.25 04:44:53.808,1.32819,1.32843,1.11,1.50
2011.10.25 04:44:54.813,1.32819,1.32846,1.11,1.50
2011.10.25 04:44:55.771,1.32819,1.32843,1.11,1.50
2011.10.25 04:44:56.351,1.32817,1.32843,2.61,2.25
2011.10.25 04:44:56.701,1.32819,1.32846,1.11,1.50
2011.10.25 04:44:56.819,1.32819,1.32848,1.86,1.50
2011.10.25 04:44:57.378,1.32822,1.32848,1.11,1.50
2011.10.25 04:44:59.121,1.32822,1.3285,1.86,2.33
2011.10.25 04:45:01.301,1.32822,1.3285,1.86,2.33
2011.10.25 04:45:02.419,1.32822,1.3285,1.86,2.33
2011.10.25 04:45:04.692,1.3282,1.32844,1.86,1.50
2011.10.25 04:45:04.930,1.32821,1.32845,1.11,2.48
2011.10.25 04:45:05.499,1.32819,1.32844,1.71,1.50
2011.10.25 04:45:06.364,1.32819,1.32844,1.71,2.25
2011.10.25 04:45:06.920,1.32818,1.32844,1.11,2.25
2011.10.25 04:45:07.478,1.32816,1.32842,1.50,1.50
2011.10.25 04:45:08.128,1.32816,1.32843,1.50,1.50
2011.10.25 04:45:08.469,1.32817,1.32844,2.98,1.50
2011.10.25 04:45:09.077,1.32819,1.32845,1.11,1.50
2011.10.25 04:45:09.641,1.32823,1.32846,1.11,1.50
2011.10.25 04:45:14.042,1.32823,1.32844,1.11,1.50
2011.10.25 04:45:14.272,1.32823,1.32846,1.86,1.50
2011.10.25 04:45:14.503,1.32823,1.32841,1.86,1.73
2011.10.25 04:45:14.622,1.32818,1.32841,1.11,2.48
2011.10.25 04:45:15.083,1.32814,1.32837,1.11,1.50
2011.10.25 04:45:15.201,1.32812,1.32837,1.11,1.50
2011.10.25 04:45:15.760,1.32812,1.32838,1.11,2.42
2011.10.25 04:45:16.443,1.32815,1.32839,1.11,1.50
2011.10.25 04:45:18.956,1.32816,1.32838,1.11,2.48
2011.10.25 04:45:19.193,1.32811,1.32836,1.48,1.50
2011.10.25 04:45:19.311,1.32812,1.32842,1.88,2.42
2011.10.25 04:45:20.542,1.32812,1.32838,1.11,1.50
2011.10.25 04:45:20.770,1.3281,1.32836,1.11,1.50
2011.10.25 04:45:23.501,1.32808,1.32834,1.11,1.50
2011.10.25 04:45:28.491,1.32808,1.32834,1.86,1.50
2011.10.25 04:45:30.288,1.32808,1.32834,1.11,1.50
2011.10.25 04:45:32.631,1.32808,1.32834,1.86,1.50
2011.10.25 04:45:33.187,1.32808,1.32834,1.86,2.25
2011.10.25 04:45:34.061,1.32808,1.32834,1.86,2.25
2011.10.25 04:45:34.398,1.32808,1.32829,1.50,1.50
2011.10.25 04:45:44.641,1.32808,1.32828,1.50,1.13
2011.10.25 04:45:44.985,1.32797,1.3282,1.35,1.50
2011.10.25 04:45:45.797,1.32806,1.32828,1.50,2.25
2011.10.25 04:45:52.072,1.32805,1.32826,1.50,1.50
2011.10.25 04:45:52.195,1.32806,1.32828,1.50,2.25
2011.10.25 04:45:53.987,1.32804,1.32826,1.50,1.50
2011.10.25 04:45:54.113,1.32803,1.32826,2.48,1.50
2011.10.25 04:45:54.578,1.32801,1.32824,1.86,1.50
2011.10.25 04:45:54.951,1.32801,1.32825,1.86,2.25
2011.10.25 04:45:55.509,1.32801,1.32827,1.86,1.50
2011.10.25 04:45:56.149,1.32801,1.32827,1.86,1.50
2011.10.25 04:45:56.730,1.32801,1.32828,1.86,2.25
2011.10.25 04:45:57.143,1.32801,1.32827,1.86,1.50
2011.10.25 04:45:57.261,1.32801,1.32824,1.11,1.73
2011.10.25 04:45:57.384,1.32797,1.32825,2.53,2.42
2011.10.25 04:45:58.202,1.32797,1.32825,1.86,2.25
2011.10.25 04:45:58.340,1.32797,1.32825,1.86,1.50
2011.10.25 04:46:00.330,1.32797,1.32825,1.86,1.50
2011.10.25 04:46:01.252,1.32804,1.32828,1.50,1.50
2011.10.25 04:46:01.492,1.32802,1.32828,1.50,1.50
2011.10.25 04:46:01.612,1.32804,1.3283,1.11,1.50
2011.10.25 04:46:01.728,1.32804,1.3283,1.11,1.50
2011.10.25 04:46:01.854,1.32803,1.32818,1.11,1.73
2011.10.25 04:46:02.503,1.32795,1.32814,1.11,1.50
2011.10.25 04:46:02.635,1.32796,1.32821,1.11,1.50
2011.10.25 04:46:03.721,1.32803,1.32824,1.73,2.25
2011.10.25 04:46:03.844,1.32798,1.32826,1.11,2.25
2011.10.25 04:46:04.180,1.32798,1.32826,1.11,2.25
2011.10.25 04:46:06.546,1.32796,1.32817,1.11,1.50
2011.10.25 04:46:06.790,1.32794,1.32817,1.11,1.50
2011.10.25 04:46:07.279,1.32795,1.32818,1.11,2.48
2011.10.25 04:46:07.404,1.32799,1.32825,1.11,1.50
2011.10.25 04:46:09.012,1.32799,1.32817,1.86,2.48
2011.10.25 04:46:09.255,1.32794,1.32817,1.11,2.48
2011.10.25 04:46:09.381,1.32794,1.32813,1.11,1.50
2011.10.25 04:46:10.412,1.32797,1.32817,1.11,1.73
2011.10.25 04:46:10.759,1.32797,1.32823,1.11,1.50
2011.10.25 04:46:12.721,1.32798,1.32824,1.11,1.50
2011.10.25 04:46:13.444,1.32799,1.32824,1.11,1.50
2011.10.25 04:46:13.681,1.32798,1.32824,1.86,1.50
2011.10.25 04:46:14.800,1.32797,1.32818,1.11,1.50
2011.10.25 04:46:15.029,1.32797,1.32825,2.61,2.25
2011.10.25 04:46:16.462,1.32799,1.32823,1.11,1.50
2011.10.25 04:46:17.079,1.32797,1.32818,1.11,1.50
2011.10.25 04:46:17.321,1.32789,1.32813,1.11,2.25
2011.10.25 04:46:17.552,1.3279,1.32815,1.11,1.50
2011.10.25 04:46:19.254,1.32791,1.32817,1.11,1.50
2011.10.25 04:46:19.590,1.32793,1.32817,1.11,2.25
2011.10.25 04:46:19.709,1.32791,1.32817,1.86,1.50
2011.10.25 04:46:21.662,1.32793,1.32819,1.11,1.50
2011.10.25 04:46:22.218,1.32792,1.32817,1.11,1.50
2011.10.25 04:46:22.779,1.32789,1.32814,1.11,1.50
2011.10.25 04:46:24.259,1.32789,1.32814,1.86,1.50
2011.10.25 04:46:25.588,1.32789,1.32814,1.11,1.50
2011.10.25 04:46:26.227,1.32789,1.32814,1.11,1.50
2011.10.25 04:46:26.629,1.32789,1.32814,1.11,1.50
2011.10.25 04:46:27.414,1.32786,1.32813,1.11,1.29
2011.10.25 04:46:27.550,1.32786,1.32812,1.11,1.67
2011.10.25 04:46:27.676,1.32783,1.32808,1.50,1.50
2011.10.25 04:46:27.808,1.32783,1.32811,1.50,1.50
2011.10.25 04:46:27.932,1.32783,1.32812,1.50,1.67
2011.10.25 04:46:29.329,1.32785,1.32812,1.11,1.67
2011.10.25 04:46:29.451,1.32785,1.32812,1.11,1.67
2011.10.25 04:46:29.802,1.32788,1.32811,1.11,1.50
2011.10.25 04:46:30.042,1.32786,1.32807,1.11,1.50
2011.10.25 04:46:30.162,1.32785,1.32807,1.11,1.50
2011.10.25 04:46:30.959,1.32785,1.32809,1.11,1.50
2011.10.25 04:46:31.755,1.32791,1.3281,2.48,2.25
2011.10.25 04:46:31.990,1.32791,1.32813,2.48,1.50
2011.10.25 04:46:32.219,1.32791,1.32813,2.48,1.50
2011.10.25 04:46:33.843,1.32791,1.32813,2.48,2.48
2011.10.25 04:46:34.080,1.3279,1.32813,1.11,2.48
2011.10.25 04:46:34.580,1.32787,1.32814,1.11,1.50
2011.10.25 04:46:35.167,1.32787,1.32814,1.11,1.50
2011.10.25 04:46:38.451,1.32784,1.32809,1.11,1.50
2011.10.25 04:46:38.682,1.32783,1.32807,1.86,1.50
2011.10.25 04:46:39.978,1.32783,1.32807,1.86,1.50
2011.10.25 04:46:43.583,1.32783,1.32809,1.86,1.50
2011.10.25 04:46:44.264,1.32782,1.32808,1.11,1.50
2011.10.25 04:46:44.383,1.3278,1.32802,1.11,1.50
2011.10.25 04:46:44.950,1.32782,1.32807,1.11,2.48
2011.10.25 04:46:45.300,1.32782,1.32808,3.58,2.25
2011.10.25 04:46:45.640,1.32782,1.32808,1.86,2.25
2011.10.25 04:46:45.762,1.32782,1.32808,1.86,2.25
2011.10.25 04:46:46.121,1.32786,1.32809,3.43,1.50
2011.10.25 04:46:46.680,1.32786,1.32808,1.71,1.50
2011.10.25 04:46:47.302,1.32793,1.32815,1.11,1.50
2011.10.25 04:46:47.662,1.32787,1.3281,1.86,2.48
2011.10.25 04:46:48.000,1.32786,1.32808,1.11,1.50
2011.10.25 04:46:48.120,1.32786,1.32809,1.11,1.50
2011.10.25 04:46:48.858,1.32786,1.32808,1.11,1.50
2011.10.25 04:46:48.983,1.32788,1.32808,1.11,1.50
2011.10.25 04:46:49.222,1.32787,1.32815,1.86,3.30
2011.10.25 04:46:49.450,1.32788,1.32815,1.11,1.58
2011.10.25 04:46:50.127,1.32802,1.32817,2.48,1.58
2011.10.25 04:46:50.371,1.32802,1.32825,2.25,1.32
2011.10.25 04:46:50.494,1.32801,1.32821,1.50,1.58
2011.10.25 04:46:50.831,1.32795,1.3282,1.50,1.58
2011.10.25 04:46:50.953,1.32794,1.3282,1.11,1.58
2011.10.25 04:46:51.511,1.32793,1.32817,1.50,2.33
2011.10.25 04:46:51.630,1.32789,1.32817,1.86,2.33
2011.10.25 04:46:52.244,1.32789,1.32817,1.86,2.49
2011.10.25 04:46:52.359,1.32789,1.32815,1.11,2.55
2011.10.25 04:46:52.591,1.32787,1.3281,1.11,1.50
2011.10.25 04:46:52.711,1.32784,1.3281,1.11,1.50
2011.10.25 04:46:56.579,1.32785,1.3281,1.11,1.50
2011.10.25 04:46:57.562,1.32786,1.32813,1.50,1.50
2011.10.25 04:46:57.681,1.32789,1.32815,1.11,2.33
2011.10.25 04:46:58.226,1.32789,1.32815,1.11,1.58
2011.10.25 04:47:00.085,1.32789,1.32815,1.86,1.58
2011.10.25 04:47:00.649,1.32789,1.32816,1.86,2.33
2011.10.25 04:47:00.769,1.32789,1.32815,1.11,1.58
2011.10.25 04:47:03.941,1.32789,1.32815,1.11,1.74
2011.10.25 04:47:04.189,1.32781,1.32804,3.23,1.50
2011.10.25 04:47:04.799,1.32779,1.32798,1.13,1.73
2011.10.25 04:47:04.932,1.32778,1.32806,1.11,2.25
2011.10.25 04:47:05.174,1.32778,1.32805,1.11,1.50
2011.10.25 04:47:05.761,1.32777,1.32805,1.86,1.50
2011.10.25 04:47:06.099,1.32778,1.32805,1.11,1.50
2011.10.25 04:47:07.340,1.32778,1.32806,1.11,2.25
2011.10.25 04:47:07.809,1.32778,1.32805,1.11,1.50
2011.10.25 04:47:08.930,1.32783,1.32805,1.11,1.50
2011.10.25 04:47:09.491,1.32783,1.32808,1.11,1.50
2011.10.25 04:47:10.398,1.32783,1.3281,1.86,1.50
2011.10.25 04:47:10.641,1.32783,1.3281,1.86,1.50
2011.10.25 04:47:11.540,1.32786,1.32811,1.11,1.50
2011.10.25 04:47:11.662,1.32783,1.3281,1.11,3.98
2011.10.25 04:47:11.784,1.32783,1.32808,1.11,1.13
2011.10.25 04:47:12.133,1.32777,1.32802,1.11,2.25
2011.10.25 04:47:15.295,1.32775,1.32803,1.11,1.50
2011.10.25 04:47:15.530,1.32776,1.32804,2.83,1.50
2011.10.25 04:47:15.652,1.32781,1.32806,1.50,1.50
2011.10.25 04:47:16.382,1.32781,1.32806,1.50,1.50
2011.10.25 04:47:16.740,1.32779,1.32803,1.11,2.25
2011.10.25 04:47:18.381,1.32779,1.32806,1.11,3.23
2011.10.25 04:47:19.741,1.32778,1.32806,2.83,1.50
2011.10.25 04:47:19.861,1.32779,1.32804,1.11,1.50
2011.10.25 04:47:20.221,1.32778,1.32805,1.86,1.50
2011.10.25 04:47:20.901,1.32775,1.32801,1.11,1.50
2011.10.25 04:47:21.558,1.32773,1.32796,1.11,1.50
2011.10.25 04:47:21.924,1.32775,1.32801,1.13,1.50
2011.10.25 04:47:22.165,1.32778,1.32802,1.13,2.25
2011.10.25 04:47:22.633,1.3278,1.32805,1.11,1.50
2011.10.25 04:47:22.992,1.3278,1.32803,1.11,1.50
2011.10.25 04:47:23.231,1.32779,1.32802,1.11,3.23
2011.10.25 04:47:24.242,1.32781,1.32802,1.11,2.48
2011.10.25 04:47:24.374,1.32774,1.32793,1.50,1.50
2011.10.25 04:47:24.731,1.32775,1.32794,2.48,1.50
2011.10.25 04:47:25.093,1.32772,1.32799,1.50,2.25
2011.10.25 04:47:25.210,1.32773,1.32799,1.11,1.50
2011.10.25 04:47:25.332,1.32772,1.32799,1.11,1.50
2011.10.25 04:47:25.792,1.32774,1.32799,1.11,1.50
2011.10.25 04:47:26.949,1.32772,1.32799,1.86,2.48
2011.10.25 04:47:27.072,1.32772,1.32799,1.86,3.23
2011.10.25 04:47:28.191,1.3277,1.32793,1.11,3.23
2011.10.25 04:47:29.132,1.3277,1.32792,1.11,2.48
2011.10.25 04:47:29.475,1.32765,1.32789,1.11,1.50
2011.10.25 04:47:29.719,1.3276,1.32787,1.86,1.50
2011.10.25 04:47:30.318,1.3276,1.32785,1.11,1.13
2011.10.25 04:47:30.452,1.32757,1.32784,1.11,2.25
2011.10.25 04:47:30.823,1.32758,1.32784,1.11,1.50
2011.10.25 04:47:31.281,1.32762,1.32782,1.50,1.73
2011.10.25 04:47:31.863,1.32762,1.32786,1.50,1.13
2011.10.25 04:47:31.986,1.32775,1.32788,1.35,1.50
2011.10.25 04:47:32.233,1.32782,1.32806,1.11,1.67
2011.10.25 04:47:32.475,1.32782,1.32806,1.11,1.50
2011.10.25 04:47:33.186,1.32787,1.32813,1.50,1.50
2011.10.25 04:47:33.318,1.32781,1.32803,1.50,2.48
2011.10.25 04:47:33.552,1.32777,1.32802,1.86,1.50
2011.10.25 04:47:34.118,1.32776,1.32802,1.86,1.50
2011.10.25 04:47:34.570,1.32776,1.32801,1.86,1.50
2011.10.25 04:47:35.171,1.32776,1.32799,1.86,1.50
2011.10.25 04:47:37.521,1.32776,1.32798,1.50,1.50
2011.10.25 04:47:37.864,1.3278,1.32804,1.73,1.50
2011.10.25 04:47:38.101,1.32784,1.3281,1.11,1.50
2011.10.25 04:47:38.220,1.32784,1.3281,1.11,1.50
2011.10.25 04:47:38.339,1.32782,1.3281,1.11,1.50
2011.10.25 04:47:39.250,1.32782,1.32809,1.11,3.02
2011.10.25 04:47:41.599,1.32782,1.32808,1.86,1.67
2011.10.25 04:47:42.540,1.32782,1.32805,1.11,2.48
2011.10.25 04:47:44.410,1.32782,1.32805,1.11,2.48
2011.10.25 04:47:44.749,1.32782,1.32805,1.11,2.48
2011.10.25 04:47:44.979,1.32782,1.32805,1.11,2.48
2011.10.25 04:47:45.209,1.32782,1.32805,1.11,2.48
2011.10.25 04:47:45.943,1.32782,1.32808,1.86,1.50
2011.10.25 04:47:46.609,1.32782,1.32808,1.86,1.50
2011.10.25 04:47:48.138,1.32784,1.32808,1.50,1.50
2011.10.25 04:47:48.491,1.3278,1.32807,1.86,1.50
2011.10.25 04:47:49.450,1.32781,1.32807,1.50,1.50
2011.10.25 04:47:49.579,1.32777,1.32794,1.86,1.13
2011.10.25 04:47:50.189,1.32765,1.32785,1.50,1.50
2011.10.25 04:47:50.310,1.32767,1.32786,1.50,1.50
2011.10.25 04:47:52.080,1.32765,1.32788,1.11,1.50
2011.10.25 04:47:52.659,1.32764,1.32786,1.73,1.50
2011.10.25 04:47:53.176,1.32764,1.32786,1.73,1.50
2011.10.25 04:47:54.152,1.32764,1.32786,1.73,1.50
2011.10.25 04:47:54.504,1.3276,1.32786,1.11,1.50
2011.10.25 04:47:54.620,1.3276,1.32786,1.11,1.67
2011.10.25 04:47:54.980,1.32756,1.32781,1.11,1.35
2011.10.25 04:47:55.555,1.32757,1.32777,1.50,1.50
2011.10.25 04:47:55.672,1.32757,1.32782,1.50,1.73
2011.10.25 04:47:56.023,1.32759,1.32779,1.11,1.14
2011.10.25 04:47:56.370,1.32756,1.32779,1.11,1.89
2011.10.25 04:47:56.489,1.32756,1.32779,1.11,1.73
2011.10.25 04:47:57.289,1.32756,1.32779,1.11,1.73
2011.10.25 04:47:57.421,1.32774,1.32786,1.50,1.73
2011.10.25 04:47:57.782,1.32773,1.32794,1.50,1.22
2011.10.25 04:47:57.902,1.32773,1.32796,1.50,1.50
2011.10.25 04:47:58.025,1.3277,1.32799,1.50,1.50
2011.10.25 04:48:02.209,1.32772,1.32799,1.11,1.50
2011.10.25 04:48:02.551,1.32772,1.32798,1.11,1.29
2011.10.25 04:48:04.749,1.32773,1.32798,1.11,2.25
2011.10.25 04:48:05.452,1.32772,1.32798,1.50,2.25
2011.10.25 04:48:06.892,1.32771,1.32798,1.50,2.25
2011.10.25 04:48:10.242,1.32775,1.32801,1.11,2.25
2011.10.25 04:48:10.591,1.32775,1.32801,1.11,2.25
2011.10.25 04:48:11.039,1.32775,1.32801,1.86,1.50
2011.10.25 04:48:11.551,1.32778,1.32804,1.11,1.50
2011.10.25 04:48:11.783,1.3278,1.32806,1.86,1.58
2011.10.25 04:48:12.316,1.3278,1.32807,1.86,3.24
2011.10.25 04:48:12.469,1.32785,1.32808,1.11,1.58
2011.10.25 04:48:12.822,1.3279,1.32812,1.50,1.58
2011.10.25 04:48:13.732,1.3279,1.32812,1.50,1.58
2011.10.25 04:48:14.291,1.32788,1.32812,1.11,1.58
2011.10.25 04:48:14.410,1.32788,1.32812,1.11,1.50
2011.10.25 04:48:15.410,1.32786,1.32811,1.11,2.25
2011.10.25 04:48:20.281,1.32788,1.3281,1.11,1.50
2011.10.25 04:48:20.508,1.32788,1.32808,1.11,1.50
2011.10.25 04:48:20.861,1.32784,1.32808,1.11,2.25
2011.10.25 04:48:21.092,1.32784,1.32807,1.11,2.48
2011.10.25 04:48:21.210,1.32781,1.32807,1.11,3.23
2011.10.25 04:48:22.045,1.32776,1.32803,1.86,1.50
2011.10.25 04:48:22.394,1.32776,1.328,1.86,2.10
2011.10.25 04:48:28.152,1.32777,1.328,1.11,1.73
2011.10.25 04:48:28.275,1.32781,1.32803,1.11,1.50
2011.10.25 04:48:28.732,1.32781,1.32806,1.11,1.50
2011.10.25 04:48:29.300,1.32785,1.32806,1.11,1.50
2011.10.25 04:48:34.241,1.32785,1.32801,1.11,1.73
2011.10.25 04:48:34.361,1.3278,1.32801,1.11,1.73
2011.10.25 04:48:34.922,1.3278,1.32801,1.11,1.73
2011.10.25 04:48:35.383,1.32779,1.32801,1.11,1.73
2011.10.25 04:48:35.970,1.32778,1.32801,1.11,2.48
2011.10.25 04:48:36.274,1.3278,1.32801,1.11,1.73
2011.10.25 04:48:36.515,1.32778,1.32799,1.73,1.73
2011.10.25 04:48:37.045,1.32775,1.32799,1.71,1.73
2011.10.25 04:48:37.163,1.32778,1.32799,1.11,1.73
2011.10.25 04:48:42.937,1.32779,1.32805,1.48,1.50
2011.10.25 04:48:44.358,1.32779,1.32806,3.36,2.25
2011.10.25 04:48:44.596,1.32779,1.328,1.11,1.73
2011.10.25 04:48:44.720,1.32779,1.32797,1.11,1.50
2011.10.25 04:48:45.073,1.32779,1.32802,1.11,3.00
2011.10.25 04:48:45.629,1.3278,1.32802,3.21,1.50
2011.10.25 04:48:47.213,1.3278,1.32804,2.48,1.50
2011.10.25 04:48:47.562,1.32783,1.32805,1.11,1.50
2011.10.25 04:48:48.333,1.32783,1.32805,1.11,1.50
2011.10.25 04:48:49.216,1.32783,1.32805,1.11,1.50
2011.10.25 04:48:50.661,1.32781,1.32802,1.11,1.50
2011.10.25 04:48:50.891,1.32779,1.32806,3.21,3.23
2011.10.25 04:48:51.118,1.32779,1.32806,3.96,2.25
2011.10.25 04:48:53.632,1.32779,1.32805,3.21,1.73
2011.10.25 04:48:53.750,1.32779,1.32804,2.83,1.50
2011.10.25 04:48:54.313,1.32779,1.32804,2.83,1.50
2011.10.25 04:48:54.432,1.32779,1.32799,1.11,1.50
2011.10.25 04:48:54.791,1.32776,1.32796,1.11,1.50
2011.10.25 04:48:56.404,1.32776,1.32789,1.11,1.73
2011.10.25 04:48:56.644,1.32774,1.32787,1.11,1.50
2011.10.25 04:48:56.766,1.32764,1.32789,1.11,2.10
2011.10.25 04:48:57.009,1.32764,1.3279,1.11,2.55
2011.10.25 04:48:57.238,1.32764,1.3279,1.11,2.25
2011.10.25 04:48:57.539,1.32764,1.3279,1.11,1.50
2011.10.25 04:48:57.768,1.32764,1.3279,1.11,1.50
2011.10.25 04:48:58.459,1.32764,1.3279,1.11,1.50
2011.10.25 04:49:05.588,1.32764,1.3279,1.11,1.50
2011.10.25 04:49:06.412,1.32768,1.3279,2.48,1.50
2011.10.25 04:49:06.530,1.32768,1.32793,2.48,1.50
2011.10.25 04:49:06.869,1.32767,1.32789,1.11,1.73
2011.10.25 04:49:07.641,1.32766,1.32789,1.86,1.73
2011.10.25 04:49:09.382,1.32767,1.32789,1.11,1.73
2011.10.25 04:49:09.612,1.32767,1.32789,1.11,1.73
2011.10.25 04:49:10.090,1.32767,1.32793,1.11,1.50
2011.10.25 04:49:10.318,1.32767,1.32793,1.11,1.50
2011.10.25 04:49:10.880,1.32767,1.32793,1.11,2.25
2011.10.25 04:49:11.231,1.32767,1.32788,1.11,1.73
2011.10.25 04:49:11.356,1.32767,1.32788,1.11,1.50
2011.10.25 04:49:11.480,1.3276,1.32788,1.86,3.98
2011.10.25 04:49:11.600,1.3276,1.32786,1.11,1.50
2011.10.25 04:49:11.949,1.3276,1.32786,1.11,1.50
2011.10.25 04:49:12.524,1.3276,1.32781,1.50,1.50
2011.10.25 04:49:13.045,1.3276,1.32787,2.61,1.50
2011.10.25 04:49:13.192,1.32763,1.32791,1.11,2.42
2011.10.25 04:49:13.317,1.32763,1.32788,1.11,1.67
2011.10.25 04:49:13.452,1.32758,1.32785,1.11,2.25
2011.10.25 04:49:16.259,1.3276,1.32786,2.98,1.50
2011.10.25 04:49:16.929,1.3276,1.32786,2.23,1.50
2011.10.25 04:49:17.061,1.32762,1.3279,1.11,1.50
2011.10.25 04:49:19.353,1.32762,1.32788,1.11,1.50
2011.10.25 04:49:19.930,1.32762,1.32788,1.11,1.50
2011.10.25 04:49:20.490,1.32762,1.32788,1.11,1.50
2011.10.25 04:49:22.060,1.3276,1.32784,1.50,1.50
2011.10.25 04:49:22.413,1.32765,1.32785,1.50,1.50
2011.10.25 04:49:22.532,1.3276,1.32784,1.50,1.50
2011.10.25 04:49:22.868,1.32759,1.32784,1.50,1.50
2011.10.25 04:49:23.100,1.32765,1.32785,1.50,1.50
2011.10.25 04:49:24.609,1.32765,1.32785,1.50,2.25
2011.10.25 04:49:24.841,1.32759,1.32784,1.50,1.50
2011.10.25 04:49:24.962,1.3276,1.32784,1.50,1.50
2011.10.25 04:49:25.301,1.32761,1.32781,1.50,1.50
2011.10.25 04:49:25.639,1.32765,1.32782,1.50,1.50
2011.10.25 04:49:27.673,1.32765,1.32782,3.23,1.50
2011.10.25 04:49:27.790,1.32765,1.32787,1.50,2.25
2011.10.25 04:49:27.909,1.32765,1.32787,1.50,2.25
2011.10.25 04:49:28.468,1.32765,1.32786,1.50,1.50
2011.10.25 04:49:28.820,1.32764,1.32785,3.23,1.50
2011.10.25 04:49:29.543,1.32762,1.32786,1.50,1.50
2011.10.25 04:49:31.438,1.32763,1.32785,1.50,1.50
2011.10.25 04:49:32.148,1.3276,1.32785,1.50,1.50
2011.10.25 04:49:32.269,1.3276,1.32785,1.50,1.50
2011.10.25 04:49:32.829,1.32758,1.32781,1.50,1.50
2011.10.25 04:49:33.319,1.32758,1.3278,1.50,1.50
2011.10.25 04:49:36.230,1.32756,1.3278,1.11,1.50
2011.10.25 04:49:36.579,1.32754,1.32777,2.48,1.50
2011.10.25 04:49:36.700,1.32753,1.32777,1.50,1.50
2011.10.25 04:49:37.045,1.3275,1.32774,1.50,1.50
2011.10.25 04:49:37.172,1.32748,1.32773,1.50,1.50
2011.10.25 04:49:37.291,1.32748,1.32771,1.50,1.50
2011.10.25 04:49:37.409,1.32747,1.32768,1.50,1.50
2011.10.25 04:49:40.900,1.32752,1.3277,2.48,1.50
2011.10.25 04:49:41.025,1.32752,1.32774,1.50,1.50
2011.10.25 04:49:44.532,1.32752,1.32773,2.10,1.50
2011.10.25 04:49:44.650,1.32753,1.32773,1.50,1.50
2011.10.25 04:49:44.772,1.32753,1.32779,1.86,1.50
2011.10.25 04:49:45.014,1.32753,1.32783,1.86,1.67
2011.10.25 04:49:45.241,1.3276,1.32783,1.50,1.67
2011.10.25 04:49:45.591,1.32768,1.32785,1.50,1.50
2011.10.25 04:49:46.191,1.32769,1.32785,1.50,1.50
2011.10.25 04:49:46.708,1.32769,1.32785,1.50,1.50
2011.10.25 04:49:47.338,1.32769,1.32785,1.50,1.50
2011.10.25 04:49:50.098,1.32766,1.32785,1.50,2.25
2011.10.25 04:49:52.142,1.32762,1.32783,1.50,1.50
2011.10.25 04:49:52.864,1.32761,1.3278,1.50,1.50
2011.10.25 04:49:53.104,1.32761,1.3278,1.50,1.50
2011.10.25 04:49:54.762,1.32756,1.32777,1.50,1.50
2011.10.25 04:49:55.539,1.32756,1.32776,1.50,1.50
2011.10.25 04:49:56.875,1.32756,1.32774,1.50,1.50
2011.10.25 04:49:57.552,1.32756,1.32774,1.50,1.50
2011.10.25 04:49:58.509,1.32755,1.32774,1.50,1.50
2011.10.25 04:49:58.853,1.32756,1.32775,1.50,1.50
2011.10.25 04:50:04.872,1.32756,1.32774,1.50,1.50
2011.10.25 04:50:07.433,1.32763,1.32782,1.35,1.50
2011.10.25 04:50:07.561,1.32763,1.32782,2.33,1.50
2011.10.25 04:50:07.688,1.32766,1.3279,1.11,2.25
2011.10.25 04:50:07.819,1.3277,1.32796,1.11,2.48
2011.10.25 04:50:07.949,1.32773,1.32801,2.48,2.25
2011.10.25 04:50:08.524,1.32775,1.32803,1.11,1.13
2011.10.25 04:50:13.714,1.32779,1.32805,1.11,1.50
2011.10.25 04:50:14.060,1.32781,1.32808,1.11,1.50
2011.10.25 04:50:15.751,1.32781,1.32807,1.11,1.50
2011.10.25 04:50:15.874,1.3278,1.32804,1.11,2.48
2011.10.25 04:50:16.209,1.32776,1.32802,1.11,1.50
2011.10.25 04:50:17.885,1.32776,1.32801,1.11,1.13
2011.10.25 04:50:18.016,1.32776,1.32802,1.11,1.50
2011.10.25 04:50:18.138,1.32776,1.32802,1.11,1.50
2011.10.25 04:50:20.268,1.32776,1.32802,1.11,1.50
2011.10.25 04:50:20.501,1.32776,1.32802,1.86,1.88
2011.10.25 04:50:20.954,1.32774,1.32801,1.50,1.50
2011.10.25 04:50:21.530,1.32777,1.32801,1.50,1.50
2011.10.25 04:50:23.079,1.32777,1.32803,1.86,2.25
2011.10.25 04:50:23.197,1.32777,1.32803,1.86,1.50
2011.10.25 04:50:27.717,1.32777,1.32803,1.86,1.88
2011.10.25 04:50:28.058,1.32775,1.32798,1.11,2.48
2011.10.25 04:50:28.181,1.32773,1.32798,1.86,2.48
2011.10.25 04:50:28.801,1.32773,1.32798,1.86,2.48
2011.10.25 04:50:35.662,1.32773,1.32793,1.11,1.73
2011.10.25 04:50:38.109,1.32769,1.32797,1.86,1.50
2011.10.25 04:50:38.232,1.32773,1.32799,1.48,1.50
2011.10.25 04:50:38.460,1.32779,1.32805,1.50,1.50
2011.10.25 04:50:38.691,1.32779,1.32805,1.86,1.73
2011.10.25 04:50:39.150,1.32781,1.32808,1.73,1.50
2011.10.25 04:50:39.920,1.32781,1.32805,1.73,1.73
2011.10.25 04:50:40.041,1.3278,1.32805,1.11,1.73
2011.10.25 04:50:41.780,1.3278,1.32805,1.11,2.48
2011.10.25 04:50:47.419,1.3278,1.32807,1.50,1.50
2011.10.25 04:50:48.899,1.32779,1.32804,1.11,1.73
2011.10.25 04:50:50.198,1.3278,1.32804,1.11,2.48
2011.10.25 04:50:55.879,1.32779,1.32806,1.86,1.50
2011.10.25 04:50:56.489,1.3278,1.32806,1.50,1.50
2011.10.25 04:50:57.049,1.3278,1.32805,1.50,2.48
2011.10.25 04:50:58.820,1.3278,1.32805,1.50,1.73
2011.10.25 04:51:00.689,1.3278,1.32805,1.50,1.73
2011.10.25 04:51:03.951,1.3278,1.32806,1.50,1.50
2011.10.25 04:51:04.399,1.32781,1.32806,1.86,1.50
2011.10.25 04:51:04.959,1.32783,1.32805,1.11,2.48
2011.10.25 04:51:13.380,1.32783,1.32805,1.11,1.73
2011.10.25 04:51:13.624,1.32788,1.32805,1.50,1.73
2011.10.25 04:51:13.746,1.32788,1.32812,1.50,1.50
2011.10.25 04:51:13.873,1.32788,1.32804,1.50,1.50
2011.10.25 04:51:13.994,1.32788,1.32812,1.50,1.50
2011.10.25 04:51:14.114,1.32794,1.32812,1.50,1.50
2011.10.25 04:51:14.714,1.32796,1.32822,1.50,1.50
2011.10.25 04:51:14.834,1.32796,1.32822,1.11,1.50
2011.10.25 04:51:15.062,1.32796,1.32821,1.11,1.73
2011.10.25 04:51:17.149,1.32795,1.32821,1.11,2.48
2011.10.25 04:51:18.059,1.32793,1.32818,1.11,1.50
2011.10.25 04:51:21.801,1.32794,1.32819,1.11,1.50
2011.10.25 04:51:22.142,1.32795,1.32821,1.86,2.25
2011.10.25 04:51:22.262,1.32795,1.32821,1.86,1.50
2011.10.25 04:51:22.384,1.32798,1.32824,1.50,1.50
2011.10.25 04:51:22.611,1.32798,1.32827,1.86,1.88
2011.10.25 04:51:23.041,1.32798,1.32823,1.86,1.50
2011.10.25 04:51:24.959,1.32798,1.32828,1.11,2.25
2011.10.25 04:51:25.488,1.328,1.32828,1.11,2.25
2011.10.25 04:51:26.989,1.328,1.32826,1.50,1.13
2011.10.25 04:51:27.110,1.32798,1.32826,1.86,1.88
2011.10.25 04:51:27.810,1.32798,1.32824,1.86,1.50
2011.10.25 04:51:28.852,1.32798,1.32823,1.86,1.50
2011.10.25 04:51:29.464,1.32796,1.32821,1.50,1.13
2011.10.25 04:51:29.700,1.32792,1.32815,1.86,2.48
2011.10.25 04:51:29.930,1.32792,1.32815,1.50,2.48
2011.10.25 04:51:30.488,1.32791,1.32812,1.50,1.50
2011.10.25 04:51:31.600,1.32792,1.32812,1.50,1.50
2011.10.25 04:51:31.842,1.32787,1.32812,1.11,1.88
2011.10.25 04:51:31.962,1.32785,1.32809,1.86,2.48
2011.10.25 04:51:32.311,1.32785,1.32807,1.11,1.73
2011.10.25 04:51:32.431,1.32778,1.32804,1.11,1.50
2011.10.25 04:51:35.191,1.32775,1.32803,1.86,1.13
2011.10.25 04:51:35.316,1.32774,1.32796,1.86,1.73
2011.10.25 04:51:35.686,1.32774,1.32802,1.11,2.25
2011.10.25 04:51:35.819,1.32775,1.32802,2.08,1.50
2011.10.25 04:51:35.944,1.32781,1.32803,1.11,1.50
2011.10.25 04:51:36.067,1.32781,1.32805,1.11,2.48
2011.10.25 04:51:36.195,1.32781,1.32806,1.86,2.48
2011.10.25 04:51:38.759,1.32781,1.32807,1.86,2.25
2011.10.25 04:51:39.466,1.32781,1.32805,1.86,2.48
2011.10.25 04:51:39.809,1.3278,1.32804,1.50,1.50
2011.10.25 04:51:42.559,1.32781,1.32804,1.50,3.60
2011.10.25 04:51:50.624,1.32781,1.32804,1.50,3.23
2011.10.25 04:51:50.958,1.32781,1.32802,1.50,1.50
2011.10.25 04:51:51.530,1.32778,1.328,1.50,1.50
2011.10.25 04:51:59.209,1.32779,1.32803,1.50,1.50
2011.10.25 04:51:59.548,1.32781,1.32805,1.86,3.23
2011.10.25 04:52:07.879,1.32781,1.32806,1.86,1.50
2011.10.25 04:52:08.240,1.32788,1.32808,1.50,1.50
2011.10.25 04:52:08.362,1.32788,1.3281,1.50,1.50
2011.10.25 04:52:08.602,1.32787,1.32813,1.50,1.50
2011.10.25 04:52:09.320,1.32784,1.32808,1.11,1.50
2011.10.25 04:52:10.086,1.32784,1.32808,1.11,1.50
2011.10.25 04:52:22.359,1.32784,1.32808,1.11,1.50
2011.10.25 04:52:22.588,1.32784,1.32809,1.11,1.50
2011.10.25 04:52:23.944,1.32784,1.3281,1.11,2.25
2011.10.25 04:52:27.139,1.32784,1.3281,1.11,1.50
2011.10.25 04:52:31.131,1.32784,1.3281,1.11,1.50
2011.10.25 04:52:31.640,1.32784,1.3281,1.11,2.25
2011.10.25 04:52:32.293,1.32783,1.32808,1.11,1.50
2011.10.25 04:52:33.063,1.32787,1.32804,1.50,1.50
2011.10.25 04:52:33.423,1.32788,1.32804,1.50,1.50
2011.10.25 04:52:33.785,1.32782,1.32802,1.73,1.50
2011.10.25 04:52:42.121,1.3278,1.32801,1.50,1.50
2011.10.25 04:52:43.510,1.32782,1.32802,1.50,1.50
2011.10.25 04:52:43.873,1.32787,1.32805,1.50,2.25
2011.10.25 04:52:48.010,1.32787,1.32805,1.50,1.50
2011.10.25 04:52:48.240,1.32787,1.32809,1.50,2.25
2011.10.25 04:52:49.753,1.32787,1.32808,1.50,1.50
2011.10.25 04:52:49.871,1.32787,1.32809,1.50,1.50
2011.10.25 04:52:50.405,1.32787,1.32809,1.13,1.50
2011.10.25 04:52:50.645,1.32791,1.32809,1.73,1.50
2011.10.25 04:52:50.772,1.32791,1.32811,1.73,1.50
2011.10.25 04:52:51.440,1.32797,1.32816,1.50,2.25
2011.10.25 04:52:52.949,1.32798,1.32816,1.35,1.50
2011.10.25 04:52:53.198,1.32806,1.32829,1.50,1.50
2011.10.25 04:52:53.800,1.32809,1.32829,1.50,1.50
2011.10.25 04:52:54.353,1.32805,1.32829,1.50,1.50
2011.10.25 04:52:56.041,1.32803,1.32826,1.50,1.73
2011.10.25 04:52:56.587,1.32803,1.32825,1.50,1.50
2011.10.25 04:52:57.126,1.32803,1.32825,1.50,1.50
2011.10.25 04:52:58.873,1.32803,1.32825,1.50,1.50
2011.10.25 04:52:59.112,1.32803,1.32825,1.50,1.50
2011.10.25 04:52:59.344,1.32803,1.32828,1.50,2.48
2011.10.25 04:53:04.789,1.32803,1.32828,1.50,1.50
2011.10.25 04:53:05.129,1.32805,1.32831,1.11,2.25
2011.10.25 04:53:05.252,1.32807,1.32831,1.50,1.50
2011.10.25 04:53:05.592,1.32811,1.32831,1.73,1.50
2011.10.25 04:53:05.712,1.32807,1.32831,1.50,1.50
2011.10.25 04:53:05.830,1.3281,1.32831,1.50,1.50
2011.10.25 04:53:06.061,1.32806,1.32831,1.50,1.50
2011.10.25 04:53:06.530,1.32806,1.32831,1.50,1.50
2011.10.25 04:53:07.331,1.32805,1.32831,1.86,1.50
2011.10.25 04:53:07.451,1.32805,1.32831,1.11,1.88
2011.10.25 04:53:07.810,1.32805,1.3283,1.11,2.48
2011.10.25 04:53:09.514,1.32809,1.32835,1.11,1.50
2011.10.25 04:53:09.750,1.32809,1.32835,1.86,1.50
2011.10.25 04:53:10.200,1.32809,1.32835,1.11,1.50
2011.10.25 04:53:14.613,1.32805,1.32831,1.86,2.25
2011.10.25 04:53:14.730,1.32799,1.32825,1.73,1.50
2011.10.25 04:53:14.850,1.32799,1.32824,2.48,1.50
2011.10.25 04:53:15.193,1.32796,1.3282,1.11,1.50
2011.10.25 04:53:18.753,1.32802,1.3282,1.73,1.50
2011.10.25 04:53:25.219,1.32802,1.3282,1.73,1.50
2011.10.25 04:53:26.580,1.32802,1.32822,1.73,1.50
2011.10.25 04:53:27.347,1.32802,1.32822,1.73,1.50
2011.10.25 04:53:27.484,1.32802,1.32822,1.73,1.50
2011.10.25 04:53:28.074,1.32796,1.32822,2.08,1.50
2011.10.25 04:53:28.642,1.32796,1.3282,1.73,1.50
2011.10.25 04:53:41.384,1.32801,1.32821,1.73,1.50
2011.10.25 04:53:41.505,1.32796,1.3282,1.73,1.13
2011.10.25 04:53:41.623,1.32796,1.3282,1.73,1.13
2011.10.25 04:53:41.962,1.32796,1.32816,1.73,1.50
2011.10.25 04:53:46.034,1.32796,1.3281,1.73,1.50
2011.10.25 04:53:46.594,1.32796,1.3281,1.73,1.50
2011.10.25 04:53:47.169,1.32796,1.3281,1.73,1.50
2011.10.25 04:53:52.242,1.32796,1.3281,1.73,1.50
2011.10.25 04:53:52.592,1.32796,1.32815,1.73,1.50
2011.10.25 04:53:54.160,1.32796,1.32815,1.73,3.23
2011.10.25 04:53:54.390,1.32796,1.32815,1.73,3.23
2011.10.25 04:53:56.692,1.32795,1.3281,1.73,1.50
2011.10.25 04:53:56.813,1.3279,1.3281,1.73,1.50
2011.10.25 04:53:57.381,1.3279,1.32811,1.73,1.50
2011.10.25 04:53:57.610,1.3279,1.32811,1.73,1.50
2011.10.25 04:53:57.732,1.32795,1.32811,1.73,1.50
2011.10.25 04:53:58.948,1.32795,1.32811,1.73,1.50
2011.10.25 04:54:03.472,1.32797,1.32814,3.08,1.50
2011.10.25 04:54:03.703,1.32808,1.32821,1.13,1.50
2011.10.25 04:54:03.824,1.32809,1.32834,1.11,1.67
2011.10.25 04:54:03.946,1.32808,1.32837,1.48,1.50
2011.10.25 04:54:04.186,1.32808,1.32833,1.11,2.48
2011.10.25 04:54:04.522,1.3281,1.32833,2.48,3.23
2011.10.25 04:54:05.802,1.32812,1.32833,1.50,3.23
2011.10.25 04:54:06.032,1.32815,1.32834,1.73,1.50
2011.10.25 04:54:06.718,1.32815,1.32837,1.73,1.50
2011.10.25 04:54:07.584,1.32812,1.32837,1.50,1.50
2011.10.25 04:54:07.706,1.32809,1.32831,1.11,1.13
2011.10.25 04:54:08.074,1.32801,1.32822,1.50,2.48
2011.10.25 04:54:08.191,1.32797,1.32818,1.50,1.50
2011.10.25 04:54:08.434,1.32795,1.32815,1.73,2.48
2011.10.25 04:54:08.990,1.32795,1.32814,1.73,1.50
2011.10.25 04:54:11.027,1.32801,1.32815,1.13,2.48
2011.10.25 04:54:11.381,1.32814,1.32835,1.73,2.48
2011.10.25 04:54:11.501,1.32814,1.32835,1.73,2.48
2011.10.25 04:54:11.742,1.32816,1.3284,1.11,3.23
2011.10.25 04:54:12.501,1.32816,1.3284,1.11,3.23
2011.10.25 04:54:12.840,1.32814,1.32837,1.73,1.50
2011.10.25 04:54:13.181,1.32812,1.32828,1.11,1.73
2011.10.25 04:54:13.520,1.32808,1.32828,1.11,2.48
2011.10.25 04:54:13.943,1.32804,1.32823,1.11,1.13
2011.10.25 04:54:14.172,1.32804,1.32816,1.11,2.48
2011.10.25 04:54:14.293,1.32796,1.32816,1.73,2.48
2011.10.25 04:54:16.844,1.32791,1.3281,1.11,2.48
2011.10.25 04:54:17.514,1.32798,1.32812,2.48,1.50
2011.10.25 04:54:17.633,1.32798,1.32821,2.48,1.50
2011.10.25 04:54:17.752,1.32803,1.32821,1.50,1.50
2011.10.25 04:54:22.501,1.32805,1.32829,1.73,1.50
2011.10.25 04:54:22.734,1.32808,1.32829,1.50,1.50
2011.10.25 04:54:24.681,1.32807,1.32829,1.86,1.50
2011.10.25 04:54:25.861,1.32808,1.32829,1.50,1.50
2011.10.25 04:54:26.743,1.32812,1.3283,1.73,2.48
2011.10.25 04:54:26.864,1.32812,1.32833,2.48,1.50
2011.10.25 04:54:31.752,1.32812,1.32833,1.73,1.50
2011.10.25 04:54:32.100,1.32812,1.32833,1.73,1.50
2011.10.25 04:54:37.080,1.32812,1.3283,1.73,1.50
2011.10.25 04:54:39.575,1.32812,1.32834,1.73,1.50
2011.10.25 04:54:40.993,1.32813,1.32834,1.50,1.50
2011.10.25 04:54:41.112,1.32817,1.32834,1.73,1.50
2011.10.25 04:54:42.471,1.32816,1.32838,1.73,1.50
2011.10.25 04:54:42.703,1.32812,1.32835,1.73,1.50
2011.10.25 04:54:45.730,1.32809,1.32831,1.50,2.48
2011.10.25 04:54:47.332,1.32806,1.32826,1.11,2.48
2011.10.25 04:54:47.453,1.32806,1.32826,1.11,2.48
2011.10.25 04:54:48.015,1.328,1.32826,1.73,2.48
2011.10.25 04:54:48.521,1.32806,1.32823,1.73,1.50
2011.10.25 04:54:49.080,1.32806,1.32824,1.73,1.50
2011.10.25 04:54:50.024,1.32806,1.32824,1.73,1.50
2011.10.25 04:54:50.852,1.32813,1.32824,1.73,1.50
2011.10.25 04:54:50.972,1.32813,1.32835,2.48,1.50
2011.10.25 04:54:51.529,1.32814,1.32838,1.50,1.50
2011.10.25 04:54:52.891,1.32813,1.32837,1.73,2.48
2011.10.25 04:54:53.465,1.32809,1.32831,1.50,2.48
2011.10.25 04:54:54.059,1.32808,1.32829,1.50,1.50
2011.10.25 04:54:54.431,1.32808,1.32831,1.50,2.48
2011.10.25 04:54:54.673,1.32809,1.32829,1.11,2.48
2011.10.25 04:54:54.912,1.3281,1.32835,1.50,1.50
2011.10.25 04:54:55.032,1.32812,1.32835,1.50,1.50
2011.10.25 04:54:55.153,1.32816,1.32835,1.50,1.50
2011.10.25 04:54:55.736,1.32822,1.32839,1.50,2.25
2011.10.25 04:54:56.092,1.32818,1.32842,1.73,1.50
2011.10.25 04:54:59.383,1.32811,1.32836,1.80,1.50
2011.10.25 04:54:59.953,1.32812,1.32831,1.50,1.50
2011.10.25 04:55:00.511,1.3281,1.32831,2.08,1.50
2011.10.25 04:55:00.752,1.3281,1.32835,1.11,1.50
2011.10.25 04:55:00.873,1.3281,1.32835,1.11,1.50
2011.10.25 04:55:03.466,1.32809,1.32833,1.11,1.50
2011.10.25 04:55:03.800,1.32813,1.32836,1.50,1.50
2011.10.25 04:55:05.362,1.32814,1.32839,1.11,1.50
2011.10.25 04:55:05.981,1.32814,1.32839,1.11,1.50
2011.10.25 04:55:08.963,1.32807,1.32834,1.11,1.50
2011.10.25 04:55:11.640,1.32811,1.32831,1.73,1.50
2011.10.25 04:55:11.761,1.32811,1.32831,2.48,1.50
2011.10.25 04:55:15.992,1.32811,1.32835,1.73,1.50
2011.10.25 04:55:18.002,1.32811,1.32832,1.73,2.48
2011.10.25 04:55:18.120,1.32809,1.32832,1.11,2.48
2011.10.25 04:55:18.241,1.32809,1.32832,1.11,2.48
2011.10.25 04:55:20.113,1.32809,1.32835,1.11,1.50
2011.10.25 04:55:24.982,1.32816,1.32836,2.10,1.50
2011.10.25 04:55:25.228,1.3282,1.32847,1.33,2.48
2011.10.25 04:55:25.475,1.3282,1.32843,1.33,2.48
2011.10.25 04:55:25.812,1.32817,1.32842,1.11,1.50
2011.10.25 04:55:26.285,1.3282,1.32837,1.11,2.48
2011.10.25 04:55:26.970,1.32817,1.32842,2.48,2.48
2011.10.25 04:55:27.101,1.32816,1.32838,1.11,1.50
2011.10.25 04:55:27.442,1.32819,1.32838,1.13,1.50
2011.10.25 04:55:27.792,1.32823,1.32843,1.73,1.50
2011.10.25 04:55:28.341,1.32824,1.32843,1.73,1.50
2011.10.25 04:55:31.355,1.32823,1.32843,1.73,1.50
2011.10.25 04:55:31.474,1.3282,1.32843,2.48,1.50
2011.10.25 04:55:31.832,1.32816,1.32842,1.11,1.13
2011.10.25 04:55:32.071,1.32814,1.32838,1.11,1.50
2011.10.25 04:55:34.165,1.32811,1.32835,1.11,1.50
2011.10.25 04:55:34.286,1.32809,1.32835,1.11,2.25
2011.10.25 04:55:34.402,1.3281,1.32835,1.73,1.50
2011.10.25 04:55:34.635,1.3281,1.32835,1.73,1.50
2011.10.25 04:55:35.962,1.32812,1.32834,1.11,1.50
2011.10.25 04:55:36.324,1.32816,1.32834,1.73,1.50
2011.10.25 04:55:36.444,1.32816,1.32834,1.73,1.50
2011.10.25 04:55:36.671,1.32817,1.32834,1.13,1.50
2011.10.25 04:55:37.013,1.32821,1.32836,1.73,1.50
2011.10.25 04:55:37.626,1.32821,1.32838,1.73,1.50
2011.10.25 04:55:39.084,1.32817,1.32838,1.13,1.50
2011.10.25 04:55:43.981,1.32815,1.32836,1.73,1.50
2011.10.25 04:55:44.884,1.32815,1.32836,1.73,1.50
2011.10.25 04:55:45.696,1.32819,1.32836,1.13,1.50
2011.10.25 04:55:46.151,1.32822,1.32844,1.13,1.50
2011.10.25 04:55:46.606,1.32827,1.32852,1.11,1.50
2011.10.25 04:55:46.962,1.32828,1.32852,1.48,1.50
2011.10.25 04:55:50.891,1.32828,1.32852,1.48,1.50
2011.10.25 04:55:52.121,1.32831,1.32852,1.13,1.50
2011.10.25 04:55:52.474,1.32836,1.32855,1.13,1.50
2011.10.25 04:55:52.704,1.32832,1.32855,1.88,1.50
2011.10.25 04:55:52.931,1.32832,1.32858,2.03,2.25
2011.10.25 04:55:54.036,1.32834,1.32857,1.50,1.50
2011.10.25 04:55:54.621,1.32831,1.32856,1.11,1.50
2011.10.25 04:55:54.962,1.32832,1.32856,1.13,1.50
2011.10.25 04:55:55.301,1.32835,1.32858,1.50,1.50
2011.10.25 04:55:55.420,1.32834,1.32858,2.25,2.25
2011.10.25 04:55:55.542,1.32833,1.32857,1.50,1.50
2011.10.25 04:55:56.130,1.32834,1.32857,1.50,1.50
2011.10.25 04:55:57.841,1.32831,1.32857,1.11,2.25
2011.10.25 04:55:59.282,1.32831,1.32857,1.11,2.25
2011.10.25 04:56:02.541,1.32831,1.32857,1.11,2.25
2011.10.25 04:56:04.131,1.32831,1.32857,1.11,2.25
2011.10.25 04:56:06.472,1.32831,1.32857,1.11,2.25
2011.10.25 04:56:06.591,1.32831,1.32857,1.48,1.50
2011.10.25 04:56:07.041,1.32833,1.32857,1.50,1.50
2011.10.25 04:56:07.577,1.32833,1.32857,1.50,1.50
2011.10.25 04:56:08.572,1.32836,1.3286,1.13,1.50
2011.10.25 04:56:08.811,1.32838,1.3286,1.13,1.50
2011.10.25 04:56:08.930,1.32842,1.32862,1.50,2.25
2011.10.25 04:56:09.051,1.32835,1.3286,1.13,1.50
2011.10.25 04:56:09.390,1.32833,1.32857,1.50,1.50
2011.10.25 04:56:10.372,1.32833,1.32857,1.50,1.50
2011.10.25 04:56:11.691,1.32833,1.32857,1.50,2.25
2011.10.25 04:56:11.931,1.32832,1.32855,1.13,1.50
2011.10.25 04:56:12.381,1.3283,1.32852,1.50,1.50
2011.10.25 04:56:14.790,1.32833,1.32855,1.50,1.50
2011.10.25 04:56:15.484,1.32833,1.32855,1.50,1.50
2011.10.25 04:56:15.821,1.32836,1.32856,1.50,1.50
2011.10.25 04:56:17.281,1.32839,1.32859,1.50,1.50
2011.10.25 04:56:20.083,1.32839,1.32858,1.50,1.50
2011.10.25 04:56:21.143,1.32839,1.32858,1.50,1.50
2011.10.25 04:56:22.272,1.32836,1.32858,1.50,1.50
2011.10.25 04:56:22.610,1.32833,1.32858,2.48,1.50
2011.10.25 04:56:24.694,1.32838,1.32858,1.50,1.50
2011.10.25 04:56:25.284,1.3284,1.32863,1.50,1.50
2011.10.25 04:56:25.838,1.3284,1.32863,2.48,1.50
2011.10.25 04:56:25.972,1.32839,1.32861,1.50,2.25
2011.10.25 04:56:26.215,1.32835,1.32858,1.11,2.48
2011.10.25 04:56:26.335,1.32833,1.32853,1.50,1.13
2011.10.25 04:56:26.694,1.32826,1.32849,1.50,1.50
2011.10.25 04:56:27.031,1.32826,1.32849,1.50,1.50
2011.10.25 04:56:28.863,1.32826,1.32848,1.86,1.50
2011.10.25 04:56:29.485,1.32826,1.32848,1.86,1.50
2011.10.25 04:56:34.526,1.32829,1.32854,1.50,1.50
2011.10.25 04:56:34.861,1.32828,1.32854,1.86,1.50
2011.10.25 04:56:37.871,1.32826,1.32851,1.73,1.50
2011.10.25 04:56:39.381,1.32829,1.32851,1.50,1.50
2011.10.25 04:56:43.154,1.32832,1.32851,1.13,1.50
2011.10.25 04:56:43.762,1.32837,1.32855,1.50,1.50
2011.10.25 04:56:43.994,1.32837,1.32855,1.50,1.50
2011.10.25 04:56:44.235,1.32832,1.32855,1.49,1.50
2011.10.25 04:56:44.581,1.32831,1.32855,1.86,1.50
2011.10.25 04:56:44.702,1.32831,1.32854,1.50,1.13
2011.10.25 04:56:45.054,1.32821,1.32845,1.50,1.50
2011.10.25 04:56:45.281,1.32825,1.32848,1.50,1.50
2011.10.25 04:56:45.511,1.32825,1.32848,1.50,1.50
2011.10.25 04:56:47.312,1.32824,1.32848,1.11,1.50
2011.10.25 04:56:47.541,1.32825,1.32848,1.50,1.50
2011.10.25 04:56:47.880,1.32825,1.32848,1.50,1.50
2011.10.25 04:56:48.564,1.32829,1.32849,1.50,1.50
2011.10.25 04:56:48.910,1.32829,1.32852,1.50,1.50
2011.10.25 04:56:49.347,1.32824,1.3285,1.11,1.50
2011.10.25 04:56:49.472,1.32824,1.3285,1.48,1.50
2011.10.25 04:56:49.837,1.3283,1.3285,1.50,1.50
2011.10.25 04:56:50.422,1.3283,1.32851,1.50,2.25
2011.10.25 04:56:51.340,1.32829,1.32855,1.86,1.50
2011.10.25 04:56:54.281,1.32829,1.32853,1.86,1.50
2011.10.25 04:56:58.891,1.32829,1.32853,1.11,1.50
2011.10.25 04:56:59.402,1.32829,1.32853,1.86,1.50
2011.10.25 04:56:59.642,1.32829,1.32853,1.11,1.50
2011.10.25 04:56:59.764,1.32827,1.32853,1.11,3.23
2011.10.25 04:56:59.883,1.32826,1.32849,1.50,1.50
2011.10.25 04:57:00.450,1.3282,1.3285,1.73,1.50
2011.10.25 04:57:03.771,1.32826,1.3285,1.11,1.50
2011.10.25 04:57:04.001,1.32826,1.32852,1.86,1.50
2011.10.25 04:57:06.011,1.32828,1.32854,1.11,2.25
2011.10.25 04:57:06.972,1.32834,1.3286,2.08,1.50
2011.10.25 04:57:11.290,1.32832,1.3286,2.61,4.35
2011.10.25 04:57:11.519,1.32834,1.3286,1.11,4.35
2011.10.25 04:57:13.472,1.32834,1.32854,1.11,2.48
2011.10.25 04:57:13.706,1.32828,1.3285,1.11,1.50
2011.10.25 04:57:13.933,1.3283,1.32854,1.50,1.73
2011.10.25 04:57:14.495,1.3283,1.32854,1.50,1.50
2011.10.25 04:57:14.620,1.32825,1.32853,1.11,3.23
2011.10.25 04:57:14.851,1.32825,1.32851,1.11,2.25
2011.10.25 04:57:15.616,1.32822,1.32848,1.11,1.50
2011.10.25 04:57:17.160,1.3282,1.32846,1.11,1.50
2011.10.25 04:57:18.090,1.3282,1.32846,1.11,2.25
2011.10.25 04:57:18.641,1.3282,1.32846,1.11,2.25
2011.10.25 04:57:19.569,1.3282,1.32846,1.11,2.25
2011.10.25 04:57:20.112,1.32818,1.32844,1.86,1.50
2011.10.25 04:57:20.342,1.32815,1.32841,1.70,1.50
2011.10.25 04:57:21.000,1.32819,1.32841,1.48,1.50
2011.10.25 04:57:21.132,1.32818,1.32845,2.61,1.50
2011.10.25 04:57:21.252,1.32818,1.32846,1.50,2.25
2011.10.25 04:57:21.372,1.32816,1.32841,1.11,1.50
2011.10.25 04:57:21.823,1.32813,1.32838,1.50,1.50
2011.10.25 04:57:21.946,1.3281,1.32835,1.11,1.50
2011.10.25 04:57:22.064,1.32808,1.32835,1.11,1.50
2011.10.25 04:57:22.291,1.32805,1.32832,1.11,1.50
2011.10.25 04:57:22.644,1.32818,1.32837,1.11,2.25
2011.10.25 04:57:22.871,1.32819,1.3284,1.11,1.50
2011.10.25 04:57:23.545,1.32817,1.3284,1.11,1.50
2011.10.25 04:57:23.774,1.32812,1.32836,1.11,1.13
2011.10.25 04:57:23.895,1.32811,1.32835,1.11,1.13
2011.10.25 04:57:24.014,1.32805,1.32832,1.86,1.50
2011.10.25 04:57:24.131,1.32803,1.32831,1.11,1.13
2011.10.25 04:57:24.253,1.32803,1.32829,1.11,1.13
2011.10.25 04:57:24.372,1.328,1.32825,1.50,1.50
2011.10.25 04:57:24.930,1.32799,1.32826,1.11,3.00
2011.10.25 04:57:28.279,1.32802,1.32827,1.11,1.50
2011.10.25 04:57:30.473,1.32804,1.32828,1.11,3.23
2011.10.25 04:57:30.593,1.32807,1.32829,1.50,1.50
2011.10.25 04:57:30.834,1.32811,1.32835,1.11,1.50
2011.10.25 04:57:31.181,1.32817,1.3284,1.48,1.50
2011.10.25 04:57:31.304,1.32819,1.32842,1.11,1.50
2011.10.25 04:57:31.422,1.32819,1.32845,1.86,1.50
2011.10.25 04:57:33.146,1.32826,1.32847,2.25,1.50
2011.10.25 04:57:33.269,1.3283,1.32852,1.73,1.88
2011.10.25 04:57:33.886,1.32828,1.32852,1.11,1.50
2011.10.25 04:57:34.235,1.3283,1.32852,1.11,1.50
2011.10.25 04:57:34.462,1.32826,1.32851,1.86,2.48
2011.10.25 04:57:34.691,1.32827,1.32851,1.11,2.48
2011.10.25 04:57:36.613,1.32826,1.32851,1.86,2.48
2011.10.25 04:57:36.841,1.32827,1.32844,1.11,1.73
2011.10.25 04:57:37.084,1.32827,1.32851,1.11,2.48
2011.10.25 04:57:37.421,1.32826,1.32851,1.86,2.48
2011.10.25 04:57:37.712,1.32827,1.32851,1.11,2.48
2011.10.25 04:57:39.362,1.32826,1.32851,1.86,2.48
2011.10.25 04:57:39.493,1.32824,1.32851,1.86,2.48
2011.10.25 04:57:40.051,1.32824,1.32852,1.11,2.25
2011.10.25 04:57:40.832,1.32822,1.32847,1.86,1.50
2011.10.25 04:57:40.953,1.32822,1.32847,1.11,1.88
2011.10.25 04:57:41.071,1.3282,1.32846,1.11,1.13
2011.10.25 04:57:41.192,1.32815,1.3284,1.11,1.50
2011.10.25 04:57:41.421,1.3281,1.3284,1.11,2.25
2011.10.25 04:57:42.020,1.32811,1.32838,1.11,1.50
2011.10.25 04:57:42.881,1.32818,1.32836,2.25,1.50
2011.10.25 04:57:43.245,1.32806,1.32821,1.20,1.50
2011.10.25 04:57:43.952,1.32803,1.32826,1.58,1.50
2011.10.25 04:57:44.086,1.32797,1.3282,1.50,2.25
2011.10.25 04:57:44.545,1.32805,1.32825,1.50,1.50
2011.10.25 04:57:44.772,1.32808,1.32831,1.13,3.23
2011.10.25 04:57:44.894,1.32808,1.32831,1.13,3.23
2011.10.25 04:57:45.014,1.32812,1.32838,1.86,1.50
2011.10.25 04:57:45.133,1.32815,1.32839,1.50,2.25
2011.10.25 04:57:46.147,1.32818,1.32844,1.11,2.25
2011.10.25 04:57:47.944,1.32818,1.32844,1.86,2.25
2011.10.25 04:57:48.174,1.32818,1.32844,1.86,1.50
2011.10.25 04:57:48.521,1.32819,1.32844,1.11,1.50
2011.10.25 04:57:48.983,1.32821,1.32845,1.11,1.50
2011.10.25 04:57:49.214,1.32823,1.32849,1.50,1.50
2011.10.25 04:57:49.333,1.32824,1.32851,1.11,2.25
2011.10.25 04:58:03.730,1.32824,1.32851,1.11,1.50
2011.10.25 04:58:07.009,1.32824,1.32851,1.11,2.48
2011.10.25 04:58:07.661,1.3282,1.32846,1.11,1.50
2011.10.25 04:58:07.892,1.32817,1.32844,1.11,1.73
2011.10.25 04:58:08.013,1.32814,1.32843,1.11,1.50
2011.10.25 04:58:08.242,1.32813,1.3284,1.11,1.50
2011.10.25 04:58:08.365,1.32813,1.32838,1.11,1.73
2011.10.25 04:58:08.487,1.32813,1.32838,1.48,1.50
2011.10.25 04:58:08.738,1.32822,1.32838,1.11,1.50
2011.10.25 04:58:08.988,1.32814,1.32838,1.11,1.50
2011.10.25 04:58:09.617,1.32813,1.32843,1.11,2.25
2011.10.25 04:58:12.161,1.32814,1.32838,1.11,1.50
2011.10.25 04:58:12.281,1.32812,1.32837,1.50,1.50
2011.10.25 04:58:12.851,1.32812,1.32837,1.50,1.50
2011.10.25 04:58:14.261,1.32812,1.32837,1.50,1.50
2011.10.25 04:58:15.018,1.3281,1.32834,1.11,1.50
2011.10.25 04:58:15.389,1.32818,1.32839,1.50,1.50
2011.10.25 04:58:15.513,1.32814,1.32835,2.48,1.50
2011.10.25 04:58:15.754,1.32813,1.32838,1.13,1.50
2011.10.25 04:58:15.987,1.32813,1.32837,1.11,1.50
2011.10.25 04:58:16.210,1.32813,1.32837,1.11,1.50
2011.10.25 04:58:16.330,1.32811,1.32835,1.50,1.50
2011.10.25 04:58:17.000,1.32811,1.32835,1.50,1.50
2011.10.25 04:58:17.343,1.32808,1.32834,1.18,1.50
2011.10.25 04:58:17.466,1.32808,1.32834,1.11,1.50
2011.10.25 04:58:18.024,1.32805,1.32831,1.93,1.50
2011.10.25 04:58:18.710,1.3281,1.32833,1.13,1.50
2011.10.25 04:58:19.063,1.32812,1.32836,2.85,1.50
2011.10.25 04:58:19.304,1.32812,1.32838,3.96,3.00
2011.10.25 04:58:19.421,1.32812,1.32838,3.96,2.25
2011.10.25 04:58:19.950,1.32819,1.32839,1.88,1.50
2011.10.25 04:58:20.078,1.32821,1.32845,1.50,2.25
2011.10.25 04:58:20.202,1.32821,1.32845,1.50,2.25
2011.10.25 04:58:22.810,1.32819,1.32845,1.11,2.25
2011.10.25 04:58:23.043,1.32817,1.32843,1.50,2.25
2011.10.25 04:58:23.274,1.32813,1.32839,2.63,1.50
2011.10.25 04:58:23.391,1.32813,1.32838,1.88,1.50
2011.10.25 04:58:23.622,1.32814,1.32837,1.13,1.50
2011.10.25 04:58:23.962,1.3281,1.32836,1.11,1.50
2011.10.25 04:58:26.511,1.3281,1.32835,1.11,1.50
2011.10.25 04:58:27.080,1.32808,1.32833,1.48,1.50
2011.10.25 04:58:29.063,1.32816,1.32833,1.50,1.50
2011.10.25 04:58:29.729,1.3282,1.32839,1.50,1.73
2011.10.25 04:58:29.864,1.32825,1.32845,1.11,1.50
2011.10.25 04:58:30.782,1.32822,1.32844,1.50,1.50
2011.10.25 04:58:31.028,1.32819,1.32845,1.11,1.50
2011.10.25 04:58:31.602,1.32819,1.32845,1.11,1.50
2011.10.25 04:58:32.279,1.32819,1.32844,1.11,1.50
2011.10.25 04:58:32.643,1.32805,1.32824,1.86,1.73
2011.10.25 04:58:32.761,1.32804,1.32824,1.11,2.48
2011.10.25 04:58:33.244,1.32804,1.32824,1.11,3.45
2011.10.25 04:58:33.367,1.328,1.32825,1.93,2.48
2011.10.25 04:58:35.271,1.328,1.32828,2.31,1.50
2011.10.25 04:58:35.502,1.32803,1.3283,1.20,1.50
2011.10.25 04:58:36.128,1.32805,1.32831,1.11,1.50
2011.10.25 04:58:37.423,1.3281,1.32837,1.50,2.48
2011.10.25 04:58:37.540,1.32811,1.32837,1.11,2.48
2011.10.25 04:58:37.881,1.32816,1.32841,1.11,3.23
2011.10.25 04:58:38.730,1.32816,1.32831,1.11,1.50
2011.10.25 04:58:39.084,1.32816,1.32835,1.11,2.48
2011.10.25 04:58:39.202,1.32816,1.32836,1.11,1.50
2011.10.25 04:58:39.980,1.32812,1.32836,1.11,1.50
2011.10.25 04:58:40.211,1.32812,1.32836,1.11,1.50
2011.10.25 04:58:40.551,1.32812,1.32829,1.11,1.50
2011.10.25 04:58:42.910,1.3281,1.32829,1.11,1.50
2011.10.25 04:58:44.402,1.3281,1.3283,1.11,1.50
2011.10.25 04:58:48.991,1.32809,1.32828,1.11,2.48
2011.10.25 04:58:49.334,1.32806,1.32827,1.11,1.50
2011.10.25 04:58:49.572,1.32801,1.32823,1.86,1.50
2011.10.25 04:58:49.693,1.328,1.32823,1.11,1.50
2011.10.25 04:58:49.922,1.32797,1.32823,2.68,2.25
2011.10.25 04:58:50.042,1.32797,1.32823,1.93,2.25
2011.10.25 04:58:50.452,1.32797,1.32817,1.18,1.50
2011.10.25 04:58:51.134,1.32794,1.32816,1.18,2.48
2011.10.25 04:58:51.470,1.32794,1.32813,1.18,1.50
2011.10.25 04:58:51.951,1.32794,1.32813,1.11,1.50
2011.10.25 04:58:53.831,1.32796,1.32817,1.11,1.50
2011.10.25 04:58:56.352,1.32796,1.32818,1.11,1.50
2011.10.25 04:58:56.800,1.32797,1.32817,1.86,1.50
2011.10.25 04:58:57.072,1.32799,1.32818,1.11,1.50
2011.10.25 04:58:59.241,1.32799,1.32819,1.86,1.50
2011.10.25 04:59:00.633,1.32803,1.32823,1.50,1.50
2011.10.25 04:59:00.756,1.32802,1.32825,1.50,1.50
2011.10.25 04:59:00.874,1.32805,1.32826,1.11,1.50
2011.10.25 04:59:01.114,1.32799,1.32826,2.23,1.50
2011.10.25 04:59:01.232,1.328,1.32826,1.11,1.50
2011.10.25 04:59:01.572,1.32798,1.32826,1.86,1.50
2011.10.25 04:59:01.804,1.32798,1.3282,1.11,1.50
2011.10.25 04:59:02.961,1.32796,1.32821,1.11,2.48
2011.10.25 04:59:04.197,1.32796,1.32821,1.11,3.23
2011.10.25 04:59:05.981,1.32796,1.3282,1.11,1.50
2011.10.25 04:59:06.101,1.32796,1.32821,1.11,3.23
2011.10.25 04:59:15.771,1.32796,1.3282,1.11,2.48
2011.10.25 04:59:16.331,1.32796,1.32821,1.11,1.50
2011.10.25 04:59:16.451,1.32796,1.32821,1.11,1.50
2011.10.25 04:59:20.210,1.32798,1.32822,1.50,1.50
2011.10.25 04:59:20.549,1.32799,1.32822,1.50,2.25
2011.10.25 04:59:21.781,1.32799,1.32822,1.50,1.50
2011.10.25 04:59:22.201,1.32796,1.3282,3.73,1.50
2011.10.25 04:59:22.543,1.32796,1.3282,1.11,1.50
2011.10.25 04:59:23.743,1.32796,1.3282,1.11,1.50
2011.10.25 04:59:24.005,1.32795,1.32814,1.86,1.50
2011.10.25 04:59:24.673,1.32796,1.32816,1.11,1.50
2011.10.25 04:59:25.254,1.32795,1.32815,1.50,1.50
2011.10.25 04:59:28.821,1.32794,1.32817,1.11,1.50
2011.10.25 04:59:29.599,1.32802,1.32817,2.68,1.50
2011.10.25 04:59:29.734,1.32808,1.32832,1.50,1.50
2011.10.25 04:59:29.963,1.32809,1.32833,1.86,1.50
2011.10.25 04:59:30.302,1.32811,1.32835,1.11,2.25
2011.10.25 04:59:30.424,1.32809,1.32833,1.86,1.50
2011.10.25 04:59:31.911,1.32809,1.32831,1.11,1.50
2011.10.25 04:59:32.032,1.32807,1.32827,1.11,1.50
2011.10.25 04:59:32.851,1.32806,1.32826,1.86,1.50
2011.10.25 04:59:33.800,1.32804,1.32826,1.11,1.50
2011.10.25 04:59:34.141,1.32805,1.32828,1.50,1.50
2011.10.25 04:59:34.704,1.32805,1.3283,1.50,1.50
2011.10.25 04:59:35.980,1.32805,1.3283,1.50,2.25
2011.10.25 04:59:36.880,1.32804,1.32824,1.11,1.50
2011.10.25 04:59:37.298,1.32804,1.32826,1.11,1.50
2011.10.25 04:59:38.460,1.32804,1.32825,1.11,1.50
2011.10.25 04:59:41.535,1.32806,1.32828,1.35,2.25
2011.10.25 04:59:41.772,1.32806,1.32828,1.35,1.50
2011.10.25 04:59:41.892,1.3281,1.3283,1.35,2.25
2011.10.25 04:59:42.014,1.3281,1.32832,1.35,1.50
2011.10.25 04:59:42.131,1.32812,1.32834,1.35,1.50
2011.10.25 04:59:42.251,1.32812,1.32837,1.35,2.25
2011.10.25 04:59:42.484,1.32819,1.32839,1.35,1.50
2011.10.25 04:59:42.721,1.32819,1.32844,1.35,2.25
2011.10.25 04:59:43.612,1.3282,1.32845,1.86,1.50
2011.10.25 04:59:44.793,1.3282,1.32844,1.11,2.48
2011.10.25 04:59:45.314,1.3282,1.32842,1.11,1.50
2011.10.25 04:59:46.462,1.3282,1.32842,1.11,1.50
2011.10.25 04:59:46.991,1.32819,1.32842,1.11,1.50
2011.10.25 04:59:51.452,1.3282,1.32842,1.11,1.50
2011.10.25 04:59:51.696,1.32821,1.32842,1.35,1.50
2011.10.25 04:59:51.815,1.32826,1.32848,1.11,1.50
2011.10.25 04:59:52.047,1.32825,1.32848,1.11,1.50
2011.10.25 04:59:57.144,1.32824,1.32848,2.10,1.50
