2010.01.28 23:00:00.642,1.56135,1.5618,1.00,2.30
2010.01.28 23:00:02.011,1.56155,1.5618,1.50,1.00
2010.01.28 23:00:02.291,1.56155,1.5619,1.50,2.30
2010.01.28 23:00:05.091,1.56185,1.56205,1.50,1.00
2010.01.28 23:00:05.481,1.56175,1.56195,1.50,2.30
2010.01.28 23:00:05.830,1.56195,1.5622,1.50,3.40
2010.01.28 23:00:06.650,1.5618,1.56215,2.80,2.30
2010.01.28 23:00:09.569,1.56185,1.56215,1.50,2.30
2010.01.28 23:00:09.620,1.56185,1.56205,1.50,2.30
2010.01.28 23:00:10.479,1.5617,1.562,1.30,1.00
2010.01.28 23:00:10.829,1.5616,1.562,2.40,1.00
2010.01.28 23:00:12.359,1.5616,1.56195,2.40,1.00
2010.01.28 23:00:24.657,1.56155,1.5619,2.40,1.00
2010.01.28 23:00:33.374,1.56155,1.5619,1.00,2.30
2010.01.28 23:00:37.483,1.56145,1.5618,2.40,1.00
2010.01.28 23:00:39.452,1.5617,1.5618,1.30,1.00
2010.01.28 23:00:39.632,1.5618,1.5622,1.50,2.30
2010.01.28 23:00:41.762,1.5619,1.56195,1.50,1.60
2010.01.28 23:00:41.992,1.56145,1.5619,2.40,1.00
2010.01.28 23:00:45.501,1.56155,1.5619,4.00,1.00
2010.01.28 23:00:46.200,1.5616,1.56195,2.40,1.00
2010.01.28 23:00:48.920,1.5616,1.56195,1.00,2.30
2010.01.28 23:00:48.980,1.56155,1.5619,2.40,1.00
2010.01.28 23:00:52.449,1.5616,1.5619,1.00,1.00
2010.01.28 23:00:53.759,1.5615,1.56185,2.40,1.50
2010.01.28 23:00:54.499,1.5615,1.56185,2.40,3.80
2010.01.28 23:00:55.188,1.56145,1.5618,1.00,1.50
2010.01.28 23:00:55.878,1.56145,1.5618,1.00,1.60
2010.01.28 23:01:02.017,1.5615,1.56185,1.00,3.80
2010.01.28 23:01:02.177,1.56145,1.56185,2.40,3.80
2010.01.28 23:01:02.237,1.56145,1.56175,1.60,1.00
2010.01.28 23:01:02.297,1.5614,1.56175,2.40,1.00
2010.01.28 23:01:02.357,1.5614,1.56175,4.00,1.00
2010.01.28 23:01:02.417,1.5614,1.56175,2.40,1.00
2010.01.28 23:01:08.045,1.56145,1.5618,2.40,1.00
2010.01.28 23:01:10.305,1.56155,1.5618,1.30,1.00
2010.01.28 23:01:10.695,1.5617,1.56195,1.50,2.30
2010.01.28 23:01:11.675,1.5618,1.56195,1.50,1.60
2010.01.28 23:01:11.845,1.5618,1.562,1.50,1.00
2010.01.28 23:01:19.383,1.5618,1.56205,1.50,2.30
2010.01.28 23:01:19.903,1.5619,1.5621,1.50,1.00
2010.01.28 23:01:20.082,1.5619,1.56215,1.50,2.30
2010.01.28 23:01:20.473,1.5619,1.56215,1.50,1.00
2010.01.28 23:01:21.652,1.5618,1.56215,4.00,1.00
2010.01.28 23:01:23.902,1.56195,1.56215,1.50,1.00
2010.01.28 23:01:24.021,1.56195,1.56225,1.50,2.30
2010.01.28 23:01:25.161,1.56195,1.5622,1.50,1.00
2010.01.28 23:01:25.491,1.56185,1.5622,2.40,1.00
2010.01.28 23:01:27.401,1.5619,1.56225,1.00,1.60
2010.01.28 23:01:27.751,1.562,1.5623,1.00,1.00
2010.01.28 23:01:28.460,1.562,1.56235,1.00,1.00
2010.01.28 23:01:29.820,1.562,1.5623,1.00,1.00
2010.01.28 23:01:30.160,1.562,1.5623,1.00,1.00
2010.01.28 23:01:30.510,1.56195,1.5623,1.00,1.00
2010.01.28 23:01:31.200,1.56195,1.56225,1.00,1.00
2010.01.28 23:01:31.910,1.5619,1.56225,1.50,2.30
2010.01.28 23:01:32.320,1.56185,1.56225,2.40,2.30
2010.01.28 23:01:32.440,1.5618,1.5621,1.60,1.00
2010.01.28 23:01:32.610,1.56175,1.5621,2.40,1.00
2010.01.28 23:01:34.089,1.5618,1.56215,2.40,1.00
2010.01.28 23:01:36.469,1.56185,1.5622,2.40,2.30
2010.01.28 23:01:36.919,1.5619,1.5622,1.50,2.30
2010.01.28 23:01:37.258,1.56185,1.5622,2.40,2.30
2010.01.28 23:01:37.498,1.56185,1.5623,1.50,3.80
2010.01.28 23:01:37.678,1.5618,1.5622,2.40,2.30
2010.01.28 23:01:37.848,1.56175,1.5621,2.40,1.00
2010.01.28 23:01:42.717,1.5617,1.56205,1.00,2.30
2010.01.28 23:01:42.887,1.56165,1.562,2.40,1.00
2010.01.28 23:01:43.237,1.56185,1.562,1.50,1.00
2010.01.28 23:01:43.407,1.56185,1.56215,1.50,1.00
2010.01.28 23:01:44.897,1.56185,1.5621,1.50,1.00
2010.01.28 23:01:45.716,1.5619,1.56215,1.50,1.00
2010.01.28 23:01:45.956,1.56175,1.5621,1.00,1.60
2010.01.28 23:01:46.316,1.5617,1.5621,2.40,2.30
2010.01.28 23:01:46.676,1.5617,1.56205,2.40,2.30
2010.01.28 23:02:11.680,1.5619,1.5621,1.50,1.00
2010.01.28 23:02:11.850,1.56185,1.5621,1.50,1.00
2010.01.28 23:02:12.140,1.56185,1.56205,1.50,1.00
2010.01.28 23:02:14.789,1.5619,1.56205,1.50,1.00
2010.01.28 23:02:15.139,1.5619,1.56225,1.50,2.30
2010.01.28 23:02:15.489,1.5619,1.56225,2.40,1.60
2010.01.28 23:02:15.829,1.5619,1.5623,2.40,2.30
2010.01.28 23:02:16.189,1.5619,1.5623,4.00,2.30
2010.01.28 23:02:17.649,1.56195,1.5623,1.50,2.30
2010.01.28 23:02:17.929,1.56195,1.5623,2.40,2.30
2010.01.28 23:02:18.249,1.56195,1.5623,4.00,1.00
2010.01.28 23:02:19.378,1.56195,1.56235,4.00,2.30
2010.01.28 23:02:21.288,1.562,1.56235,1.00,2.30
2010.01.28 23:02:21.518,1.56215,1.56235,1.00,1.60
2010.01.28 23:02:21.748,1.5625,1.56295,1.50,3.90
2010.01.28 23:02:22.038,1.5625,1.56295,1.50,1.00
2010.01.28 23:02:22.857,1.56255,1.56275,1.50,1.00
2010.01.28 23:02:34.125,1.56255,1.5627,1.50,1.00
2010.01.28 23:02:34.345,1.5625,1.5627,1.50,1.00
2010.01.28 23:02:34.694,1.56255,1.5628,1.50,2.30
2010.01.28 23:02:37.874,1.56255,1.5627,1.50,1.00
2010.01.28 23:02:38.034,1.5625,1.5627,1.50,1.00
2010.01.28 23:02:39.084,1.5625,1.5627,1.50,1.60
2010.01.28 23:02:39.203,1.56245,1.56275,2.80,2.30
2010.01.28 23:02:39.383,1.56255,1.56275,1.50,2.30
2010.01.28 23:02:39.673,1.56245,1.56275,2.80,2.30
2010.01.28 23:02:39.783,1.56245,1.56265,1.50,1.00
2010.01.28 23:02:45.992,1.56255,1.5628,1.50,1.00
2010.01.28 23:02:46.222,1.5625,1.5627,1.50,1.00
2010.01.28 23:02:48.351,1.56255,1.56275,1.50,1.00
2010.01.28 23:02:49.541,1.56265,1.56275,1.50,1.00
2010.01.28 23:02:53.180,1.56255,1.56275,1.50,1.00
2010.01.28 23:02:53.580,1.5624,1.5627,1.50,2.30
2010.01.28 23:02:56.149,1.56255,1.56275,1.50,1.00
2010.01.28 23:02:58.749,1.5625,1.56275,1.50,1.00
2010.01.28 23:03:02.028,1.5625,1.56275,3.10,1.00
2010.01.28 23:03:02.318,1.56265,1.5628,1.50,1.00
2010.01.28 23:03:08.436,1.5627,1.56285,1.50,2.30
2010.01.28 23:03:08.726,1.5627,1.5629,1.50,2.30
2010.01.28 23:03:09.946,1.5627,1.56295,1.50,1.00
2010.01.28 23:03:10.186,1.56275,1.56295,1.50,1.00
2010.01.28 23:03:13.795,1.56285,1.56295,1.50,1.00
2010.01.28 23:03:13.915,1.56285,1.5631,1.50,2.30
2010.01.28 23:03:14.095,1.56295,1.5631,1.50,2.30
2010.01.28 23:03:14.875,1.56295,1.56305,1.50,2.30
2010.01.28 23:03:18.424,1.56295,1.56305,1.50,1.00
2010.01.28 23:03:18.664,1.563,1.5631,1.50,2.30
2010.01.28 23:03:18.904,1.563,1.5631,1.50,1.00
2010.01.28 23:03:19.184,1.563,1.5631,3.30,1.00
2010.01.28 23:03:19.404,1.56315,1.5633,1.50,2.30
2010.01.28 23:03:27.462,1.5632,1.5633,1.50,2.30
2010.01.28 23:03:35.580,1.56335,1.5634,1.50,2.30
2010.01.28 23:03:37.429,1.563,1.5633,1.50,2.30
2010.01.28 23:03:38.119,1.56285,1.56325,1.50,1.00
2010.01.28 23:03:40.139,1.56325,1.5633,1.50,1.60
2010.01.28 23:03:40.489,1.56325,1.5635,1.50,1.00
2010.01.28 23:03:41.179,1.56335,1.56355,1.50,2.30
2010.01.28 23:03:43.028,1.56335,1.56355,1.50,2.40
2010.01.28 23:03:44.008,1.56335,1.5635,1.50,1.00
2010.01.28 23:03:45.798,1.5634,1.56365,1.50,2.40
2010.01.28 23:03:46.097,1.56345,1.56365,1.50,2.30
2010.01.28 23:03:46.447,1.56345,1.5636,1.50,2.30
2010.01.28 23:03:49.946,1.56345,1.5637,1.50,1.00
2010.01.28 23:03:50.126,1.5636,1.5637,1.50,1.00
2010.01.28 23:03:51.006,1.56355,1.56365,1.50,2.30
2010.01.28 23:03:51.476,1.56365,1.5637,1.50,1.00
2010.01.28 23:03:51.826,1.5637,1.56375,1.50,2.30
2010.01.28 23:03:53.806,1.56375,1.564,1.50,2.50
2010.01.28 23:03:54.605,1.56365,1.5637,1.50,2.30
2010.01.28 23:03:54.876,1.56365,1.5638,1.50,2.30
2010.01.28 23:03:55.105,1.56375,1.5638,1.50,2.30
2010.01.28 23:03:55.445,1.56385,1.56405,1.50,2.50
2010.01.28 23:03:55.795,1.56375,1.56385,1.50,1.00
2010.01.28 23:03:56.835,1.5636,1.5637,3.30,1.00
2010.01.28 23:03:57.185,1.56355,1.5637,1.50,1.00
2010.01.28 23:04:01.304,1.56365,1.5637,1.50,1.00
2010.01.28 23:04:02.024,1.56365,1.56385,1.50,2.30
2010.01.28 23:04:03.213,1.5635,1.56375,3.10,1.00
2010.01.28 23:04:03.503,1.5636,1.56375,1.50,1.00
2010.01.28 23:04:03.553,1.5636,1.56375,1.50,2.30
2010.01.28 23:04:10.532,1.56365,1.56375,1.50,1.00
2010.01.28 23:04:11.881,1.5636,1.56375,1.50,1.00
2010.01.28 23:04:12.121,1.56355,1.56375,1.50,1.00
2010.01.28 23:04:14.690,1.5637,1.56375,1.50,1.00
2010.01.28 23:04:14.930,1.5637,1.56385,1.50,1.00
2010.01.28 23:04:16.660,1.5636,1.5638,1.50,2.30
2010.01.28 23:04:19.199,1.56345,1.56375,1.50,2.30
2010.01.28 23:04:19.419,1.5634,1.56375,1.50,2.30
2010.01.28 23:04:19.699,1.5634,1.5637,1.50,1.00
2010.01.28 23:04:20.039,1.5635,1.5637,1.50,1.00
2010.01.28 23:04:20.909,1.56355,1.5637,1.50,1.00
2010.01.28 23:04:21.259,1.5637,1.56375,1.50,1.00
2010.01.28 23:04:21.899,1.5633,1.56365,1.50,2.30
2010.01.28 23:04:26.148,1.5632,1.56355,4.00,2.30
2010.01.28 23:04:26.428,1.5633,1.56355,1.50,2.30
2010.01.28 23:04:28.057,1.56335,1.56355,1.50,2.30
2010.01.28 23:04:28.347,1.56335,1.56355,1.50,1.00
2010.01.28 23:04:28.627,1.56335,1.5636,1.50,2.30
2010.01.28 23:04:29.147,1.5633,1.56355,1.50,2.30
2010.01.28 23:04:29.377,1.56345,1.5636,1.50,1.00
2010.01.28 23:04:30.417,1.56335,1.5636,1.50,1.00
2010.01.28 23:04:30.776,1.56345,1.5636,1.50,1.00
2010.01.28 23:04:32.466,1.56335,1.5636,1.50,1.00
2010.01.28 23:04:32.696,1.56335,1.56365,1.50,1.00
2010.01.28 23:04:34.026,1.56335,1.56365,1.50,1.00
2010.01.28 23:04:34.676,1.56335,1.56365,4.00,1.00
2010.01.28 23:04:35.146,1.56335,1.56365,2.40,1.00
2010.01.28 23:04:35.485,1.5633,1.56365,4.00,1.00
2010.01.28 23:04:38.305,1.56325,1.56355,1.50,1.00
2010.01.28 23:04:40.714,1.56335,1.56365,1.50,2.30
2010.01.28 23:04:45.163,1.56325,1.5635,4.00,1.00
2010.01.28 23:04:45.903,1.56325,1.56355,4.00,1.00
2010.01.28 23:04:46.243,1.56335,1.5636,1.50,2.30
2010.01.28 23:04:46.473,1.56335,1.5637,1.50,2.30
2010.01.28 23:04:48.942,1.5633,1.5637,2.40,2.30
2010.01.28 23:04:50.642,1.5633,1.56365,2.40,2.30
2010.01.28 23:04:50.992,1.56325,1.5636,2.40,1.50
2010.01.28 23:04:51.282,1.56325,1.5636,2.40,2.20
2010.01.28 23:04:52.821,1.56325,1.5635,2.40,1.00
2010.01.28 23:04:53.971,1.56325,1.56355,2.40,1.00
2010.01.28 23:04:54.431,1.5633,1.5636,1.00,1.60
2010.01.28 23:04:54.611,1.5633,1.5636,2.40,1.00
2010.01.28 23:04:56.481,1.56345,1.56365,1.50,1.00
2010.01.28 23:04:56.701,1.56345,1.5637,1.50,1.00
2010.01.28 23:04:57.850,1.5634,1.5637,1.50,1.00
2010.01.28 23:04:58.830,1.56345,1.5637,1.50,1.00
2010.01.28 23:04:59.410,1.56345,1.56375,1.60,1.00
2010.01.28 23:05:01.089,1.56345,1.56375,1.50,1.00
2010.01.28 23:05:01.319,1.5634,1.56375,4.00,1.00
2010.01.28 23:05:03.249,1.56335,1.5637,4.00,1.00
2010.01.28 23:05:03.429,1.56335,1.56375,4.00,3.80
2010.01.28 23:05:03.599,1.56335,1.5637,2.40,1.00
2010.01.28 23:05:04.009,1.56335,1.5637,2.40,2.40
2010.01.28 23:05:04.518,1.56335,1.56365,2.40,2.30
2010.01.28 23:05:04.978,1.56335,1.56365,1.00,2.40
2010.01.28 23:05:05.159,1.56335,1.5637,2.40,2.40
2010.01.28 23:05:05.278,1.5633,1.56365,1.00,3.80
2010.01.28 23:05:07.198,1.5633,1.56365,1.00,3.90
2010.01.28 23:05:07.878,1.5633,1.5636,1.00,1.00
2010.01.28 23:05:15.236,1.5632,1.5634,2.20,1.00
2010.01.28 23:05:15.586,1.56325,1.56355,1.00,1.00
2010.01.28 23:05:15.936,1.56325,1.5636,1.00,3.90
2010.01.28 23:05:16.285,1.56325,1.5636,1.00,3.80
2010.01.28 23:05:16.636,1.56325,1.56365,4.00,3.90
2010.01.28 23:05:17.795,1.56335,1.56365,1.50,2.30
2010.01.28 23:05:18.075,1.56335,1.56365,1.50,1.00
2010.01.28 23:05:19.235,1.5633,1.56365,1.50,2.40
2010.01.28 23:05:20.255,1.5633,1.5636,1.50,1.00
2010.01.28 23:05:20.595,1.56325,1.5636,4.00,1.00
2010.01.28 23:05:28.843,1.5633,1.56365,2.40,2.40
2010.01.28 23:05:28.962,1.5633,1.56365,4.00,1.00
2010.01.28 23:05:30.052,1.5633,1.5636,4.00,1.00
2010.01.28 23:05:30.392,1.56325,1.5636,2.40,2.30
2010.01.28 23:05:31.072,1.56325,1.56355,2.40,1.00
2010.01.28 23:05:33.322,1.56325,1.5635,2.40,1.00
2010.01.28 23:05:33.661,1.56325,1.56355,2.40,1.00
2010.01.28 23:05:40.190,1.56335,1.56355,1.00,1.00
2010.01.28 23:05:40.480,1.5634,1.56375,2.40,1.50
2010.01.28 23:05:40.840,1.56345,1.5638,1.50,2.40
2010.01.28 23:05:41.110,1.56345,1.5638,1.50,2.30
2010.01.28 23:05:44.009,1.56345,1.5638,1.50,3.40
2010.01.28 23:05:44.189,1.5634,1.56375,2.40,1.50
2010.01.28 23:05:45.528,1.56345,1.56375,1.00,1.50
2010.01.28 23:05:45.768,1.56345,1.5638,2.40,2.30
2010.01.28 23:05:46.108,1.5635,1.56385,2.40,1.00
2010.01.28 23:05:47.088,1.5635,1.56385,4.00,1.00
2010.01.28 23:05:47.498,1.5635,1.5639,4.00,3.80
2010.01.28 23:05:47.728,1.5636,1.56395,1.00,3.90
2010.01.28 23:05:48.368,1.56365,1.56395,1.00,1.00
2010.01.28 23:05:48.988,1.56365,1.564,2.40,2.30
2010.01.28 23:05:49.348,1.56385,1.564,1.50,2.30
2010.01.28 23:05:49.518,1.56385,1.56415,1.50,3.40
2010.01.28 23:05:49.678,1.56385,1.56415,1.50,2.30
2010.01.28 23:05:55.836,1.56395,1.56415,1.00,2.30
2010.01.28 23:05:56.126,1.5638,1.56405,1.00,2.30
2010.01.28 23:05:57.446,1.5637,1.564,1.00,1.00
2010.01.28 23:05:59.526,1.56375,1.564,1.60,1.00
2010.01.28 23:06:02.684,1.56395,1.564,1.50,1.00
2010.01.28 23:06:02.854,1.56395,1.56415,1.50,1.00
2010.01.28 23:06:03.974,1.56395,1.56415,1.60,1.00
2010.01.28 23:06:04.654,1.56395,1.56415,1.50,1.00
2010.01.28 23:06:04.894,1.56385,1.5641,1.60,2.30
2010.01.28 23:06:06.164,1.56375,1.56405,1.60,2.30
2010.01.28 23:06:06.334,1.56375,1.56405,1.50,2.30
2010.01.28 23:06:06.504,1.5637,1.564,1.60,2.30
2010.01.28 23:06:07.393,1.56375,1.564,1.00,2.30
2010.01.28 23:06:07.623,1.56375,1.564,1.60,2.30
2010.01.28 23:06:08.263,1.56375,1.564,1.50,2.30
2010.01.28 23:06:08.493,1.5637,1.564,1.60,2.30
2010.01.28 23:06:11.762,1.56375,1.564,1.60,2.30
2010.01.28 23:06:12.402,1.56385,1.564,1.50,2.30
2010.01.28 23:06:12.742,1.5639,1.564,1.50,2.30
2010.01.28 23:06:12.912,1.5639,1.5641,1.50,2.30
2010.01.28 23:06:14.192,1.5639,1.5641,1.60,2.30
2010.01.28 23:06:28.508,1.56385,1.564,1.60,1.00
2010.01.28 23:06:29.308,1.5639,1.56405,1.50,1.00
2010.01.28 23:06:31.058,1.5639,1.56405,1.60,1.00
2010.01.28 23:06:45.434,1.5639,1.56405,1.50,1.00
2010.01.28 23:06:46.514,1.56375,1.56405,1.50,2.30
2010.01.28 23:06:46.804,1.56375,1.564,1.50,2.30
2010.01.28 23:06:51.913,1.56365,1.564,2.50,2.30
2010.01.28 23:06:55.202,1.56375,1.564,1.50,2.30
2010.01.28 23:06:57.751,1.56365,1.564,2.50,2.30
2010.01.28 23:07:14.587,1.56375,1.564,1.50,2.30
2010.01.28 23:07:14.647,1.56375,1.56405,1.50,2.30
2010.01.28 23:07:16.587,1.56375,1.564,1.50,1.00
2010.01.28 23:07:16.946,1.56375,1.564,1.50,2.30
2010.01.28 23:07:17.237,1.5638,1.564,1.50,2.30
2010.01.28 23:07:27.404,1.5637,1.56415,2.60,5.20
2010.01.28 23:07:27.694,1.5638,1.56415,2.40,2.30
2010.01.28 23:07:29.014,1.5638,1.56415,1.50,2.90
2010.01.28 23:07:29.124,1.5637,1.5641,2.80,3.80
2010.01.28 23:07:29.364,1.5637,1.5641,2.40,3.80
2010.01.28 23:07:33.403,1.5637,1.5641,2.60,3.80
2010.01.28 23:07:33.513,1.5638,1.5641,1.80,3.80
2010.01.28 23:07:33.853,1.56375,1.56415,4.10,2.30
2010.01.28 23:07:34.492,1.5638,1.56415,1.50,2.30
2010.01.28 23:07:34.772,1.5638,1.56415,1.60,2.30
2010.01.28 23:07:35.002,1.56375,1.56415,4.10,2.30
2010.01.28 23:07:36.032,1.5638,1.5641,1.50,2.30
2010.01.28 23:07:46.280,1.5638,1.56415,2.50,2.30
2010.01.28 23:07:48.519,1.5638,1.56415,2.40,2.30
2010.01.28 23:07:48.689,1.5636,1.56395,2.40,2.20
2010.01.28 23:07:50.129,1.5636,1.5639,2.40,1.00
2010.01.28 23:07:50.818,1.5637,1.5639,1.50,1.00
2010.01.28 23:07:51.148,1.5637,1.564,1.50,2.30
2010.01.28 23:07:53.798,1.5637,1.56405,1.50,2.30
2010.01.28 23:07:55.758,1.5637,1.56405,1.50,2.30
2010.01.28 23:07:55.927,1.5637,1.5639,1.50,1.80
2010.01.28 23:07:56.047,1.5633,1.56385,2.40,1.50
2010.01.28 23:07:56.437,1.5633,1.56385,2.60,1.50
2010.01.28 23:07:56.787,1.5633,1.56385,2.60,3.80
2010.01.28 23:07:57.117,1.5639,1.56415,1.00,7.00
2010.01.28 23:07:57.357,1.56405,1.5644,1.50,1.00
2010.01.28 23:07:57.577,1.5638,1.56435,1.50,2.30
2010.01.28 23:07:57.807,1.56365,1.56435,4.00,2.30
2010.01.28 23:08:00.596,1.56385,1.564,1.00,1.00
2010.01.28 23:08:01.696,1.5634,1.5639,2.40,2.30
2010.01.28 23:08:02.336,1.5634,1.56385,2.40,2.30
2010.01.28 23:08:02.686,1.56335,1.56385,2.60,2.30
2010.01.28 23:08:04.175,1.56345,1.5638,2.60,1.60
2010.01.28 23:08:04.525,1.56345,1.5638,1.00,2.30
2010.01.28 23:08:07.774,1.5637,1.564,1.50,2.30
2010.01.28 23:08:08.014,1.5636,1.5639,1.50,1.00
2010.01.28 23:08:08.944,1.5637,1.5639,1.60,1.00
2010.01.28 23:08:10.054,1.56375,1.5639,1.00,1.00
2010.01.28 23:08:17.332,1.56375,1.56395,1.00,2.30
2010.01.28 23:08:17.502,1.56385,1.56395,1.00,1.00
2010.01.28 23:08:17.732,1.56375,1.56395,1.00,1.00
2010.01.28 23:08:17.962,1.56375,1.5639,1.00,1.00
2010.01.28 23:08:23.691,1.5638,1.564,1.00,2.30
2010.01.28 23:08:24.030,1.5637,1.564,1.00,2.30
2010.01.28 23:08:25.860,1.5637,1.564,1.00,2.30
2010.01.28 23:08:26.130,1.5637,1.564,1.00,2.30
2010.01.28 23:08:29.269,1.5637,1.5639,1.00,1.00
2010.01.28 23:08:30.719,1.5637,1.56395,1.00,1.00
2010.01.28 23:08:33.738,1.56375,1.56395,1.60,1.00
2010.01.28 23:08:34.038,1.56375,1.564,1.60,2.30
2010.01.28 23:08:34.918,1.5638,1.564,1.00,2.30
2010.01.28 23:08:36.057,1.5639,1.56405,1.00,2.30
2010.01.28 23:08:36.747,1.56395,1.56405,1.50,2.30
2010.01.28 23:08:37.107,1.564,1.5642,1.00,1.00
2010.01.28 23:08:37.447,1.5636,1.564,1.00,2.20
2010.01.28 23:08:40.457,1.56375,1.564,1.00,2.20
2010.01.28 23:08:40.746,1.56375,1.5641,1.00,2.30
2010.01.28 23:08:41.536,1.56375,1.5641,2.60,2.30
2010.01.28 23:08:43.836,1.56375,1.5641,2.40,2.30
2010.01.28 23:08:44.296,1.5638,1.5641,1.00,1.60
2010.01.28 23:08:44.595,1.5638,1.56415,1.00,2.30
2010.01.28 23:08:45.055,1.56375,1.5641,1.00,1.00
2010.01.28 23:08:45.275,1.56375,1.56405,1.00,2.30
2010.01.28 23:08:45.515,1.56375,1.5641,1.00,2.30
2010.01.28 23:08:45.685,1.5638,1.56415,1.00,2.30
2010.01.28 23:08:47.755,1.5638,1.56415,2.40,2.30
2010.01.28 23:08:47.875,1.5638,1.56415,1.00,2.30
2010.01.28 23:08:48.994,1.56375,1.5641,2.40,1.00
2010.01.28 23:08:53.183,1.5637,1.56405,2.40,1.00
2010.01.28 23:08:57.782,1.5639,1.56415,1.50,2.30
2010.01.28 23:08:58.902,1.56395,1.56415,1.00,2.30
2010.01.28 23:08:59.252,1.56385,1.56405,1.00,2.30
2010.01.28 23:08:59.922,1.5638,1.56405,1.00,2.30
2010.01.28 23:09:00.082,1.56395,1.56405,1.00,2.30
2010.01.28 23:09:01.022,1.5636,1.56405,2.50,2.30
2010.01.28 23:09:04.011,1.56365,1.564,1.00,1.00
2010.01.28 23:09:04.361,1.5636,1.56395,1.00,2.30
2010.01.28 23:09:06.890,1.5637,1.56395,1.50,2.30
2010.01.28 23:09:07.060,1.5637,1.56395,1.50,1.00
2010.01.28 23:09:07.230,1.5637,1.564,1.50,1.00
2010.01.28 23:09:08.000,1.5637,1.564,1.60,1.00
2010.01.28 23:09:08.979,1.56375,1.564,1.00,1.00
2010.01.28 23:09:09.509,1.5638,1.564,1.00,1.00
2010.01.28 23:09:09.799,1.56375,1.564,1.60,1.00
2010.01.28 23:09:10.019,1.56375,1.564,1.00,1.00
2010.01.28 23:09:14.109,1.56385,1.564,1.00,1.00
2010.01.28 23:09:17.358,1.56375,1.564,1.60,1.00
2010.01.28 23:09:17.477,1.56385,1.564,1.00,1.00
2010.01.28 23:09:18.327,1.56375,1.564,1.60,1.00
2010.01.28 23:09:18.447,1.56385,1.564,1.00,1.00
2010.01.28 23:09:21.866,1.56375,1.564,1.00,1.00
2010.01.28 23:09:31.824,1.56375,1.564,1.00,2.20
2010.01.28 23:09:32.164,1.56375,1.564,1.00,1.00
2010.01.28 23:09:37.643,1.56375,1.564,1.00,2.30
2010.01.28 23:09:39.582,1.56375,1.564,1.00,2.30
2010.01.28 23:09:39.882,1.56375,1.56405,1.60,2.30
2010.01.28 23:09:40.402,1.56365,1.56405,2.40,2.30
2010.01.28 23:09:40.582,1.56365,1.564,1.00,1.50
2010.01.28 23:09:40.742,1.56355,1.5639,1.00,2.30
2010.01.28 23:09:44.881,1.56355,1.56395,2.40,2.30
2010.01.28 23:09:45.981,1.56355,1.56395,2.60,2.30
2010.01.28 23:09:47.060,1.56355,1.5639,1.00,1.60
2010.01.28 23:09:47.460,1.5635,1.5639,2.40,2.30
2010.01.28 23:09:48.140,1.5635,1.56385,1.00,3.10
2010.01.28 23:09:48.480,1.56345,1.56385,1.00,3.80
2010.01.28 23:09:48.760,1.56345,1.5638,1.00,1.60
2010.01.28 23:09:49.090,1.5634,1.5638,1.00,2.30
2010.01.28 23:09:49.440,1.5634,1.56375,1.00,2.30
2010.01.28 23:09:53.499,1.5634,1.56375,2.60,1.00
2010.01.28 23:09:53.669,1.56345,1.5638,1.00,2.30
2010.01.28 23:09:53.899,1.56345,1.56385,1.00,2.30
2010.01.28 23:09:54.199,1.56345,1.56385,2.60,2.30
2010.01.28 23:09:54.469,1.5635,1.56385,1.50,2.30
2010.01.28 23:09:54.869,1.5635,1.56385,3.10,1.00
2010.01.28 23:09:54.979,1.56355,1.5639,1.50,1.00
2010.01.28 23:09:55.139,1.5635,1.5639,4.20,1.00
2010.01.28 23:09:55.488,1.56365,1.5639,1.00,1.00
2010.01.28 23:09:56.009,1.56365,1.56395,1.00,2.30
2010.01.28 23:09:56.708,1.5637,1.56395,1.00,2.30
2010.01.28 23:09:57.978,1.5636,1.56395,2.50,2.30
2010.01.28 23:09:58.138,1.5636,1.56395,1.00,2.30
2010.01.28 23:09:59.537,1.5637,1.5641,2.40,2.30
2010.01.28 23:09:59.887,1.5637,1.5641,2.40,1.00
2010.01.28 23:10:00.057,1.56375,1.5641,1.60,1.00
2010.01.28 23:10:00.177,1.56375,1.5641,2.40,1.00
2010.01.28 23:10:04.836,1.56375,1.56395,2.40,1.20
2010.01.28 23:10:05.016,1.56365,1.5639,1.00,1.50
2010.01.28 23:10:05.996,1.5635,1.56375,2.60,1.50
2010.01.28 23:10:10.055,1.5639,1.56405,1.00,2.30
2010.01.28 23:10:11.054,1.56395,1.56405,1.00,2.30
2010.01.28 23:10:11.934,1.5638,1.56405,1.00,2.30
2010.01.28 23:10:12.224,1.5638,1.564,1.00,2.30
2010.01.28 23:10:13.094,1.5638,1.56395,1.00,2.30
2010.01.28 23:10:14.654,1.5637,1.56395,1.00,2.30
2010.01.28 23:10:14.834,1.5637,1.5639,1.00,2.30
2010.01.28 23:10:18.993,1.5637,1.5638,1.00,1.00
2010.01.28 23:10:19.113,1.5636,1.5638,1.00,1.00
2010.01.28 23:10:19.173,1.5636,1.56375,1.00,1.00
2010.01.28 23:10:19.293,1.5636,1.5637,1.00,1.60
2010.01.28 23:10:19.513,1.5636,1.5637,1.00,2.30
2010.01.28 23:10:19.802,1.5637,1.5639,1.00,2.30
2010.01.28 23:10:20.082,1.56375,1.56395,1.50,1.00
2010.01.28 23:10:20.322,1.5636,1.56385,1.00,2.30
2010.01.28 23:10:21.332,1.56365,1.56385,1.00,2.30
2010.01.28 23:10:21.732,1.56365,1.5639,1.00,2.30
2010.01.28 23:10:22.032,1.56365,1.56385,1.00,2.30
2010.01.28 23:10:22.212,1.56365,1.5639,1.00,2.30
2010.01.28 23:10:22.432,1.56355,1.5639,1.00,2.30
2010.01.28 23:10:22.792,1.56355,1.56385,1.00,2.30
2010.01.28 23:10:23.992,1.56355,1.56375,1.00,1.00
2010.01.28 23:10:24.162,1.5634,1.56365,1.00,1.00
2010.01.28 23:10:24.502,1.5633,1.56365,1.00,1.00
2010.01.28 23:10:24.681,1.5633,1.5636,1.00,2.30
2010.01.28 23:10:25.082,1.56335,1.5638,1.00,3.80
2010.01.28 23:10:25.301,1.56335,1.56365,1.00,2.30
2010.01.28 23:10:25.531,1.5634,1.5637,1.00,2.30
2010.01.28 23:10:26.331,1.56345,1.5637,1.00,2.30
2010.01.28 23:10:26.671,1.5636,1.56385,1.50,1.00
2010.01.28 23:10:28.060,1.56365,1.56385,1.00,1.00
2010.01.28 23:10:28.920,1.5637,1.56395,1.60,2.30
2010.01.28 23:10:29.161,1.5636,1.56395,1.00,2.30
2010.01.28 23:10:29.330,1.5636,1.56385,1.00,1.00
2010.01.28 23:10:31.190,1.56355,1.56385,1.60,1.00
2010.01.28 23:10:31.490,1.56355,1.5638,1.00,2.30
2010.01.28 23:10:32.360,1.5636,1.56385,1.50,1.00
2010.01.28 23:10:32.629,1.56355,1.5638,1.00,2.30
2010.01.28 23:10:33.459,1.56355,1.56375,1.00,1.00
2010.01.28 23:10:33.739,1.56355,1.5638,1.00,2.30
2010.01.28 23:10:34.079,1.56355,1.5638,1.00,1.00
2010.01.28 23:10:35.119,1.56365,1.5638,1.00,1.00
2010.01.28 23:10:36.219,1.5637,1.56385,1.50,1.60
2010.01.28 23:10:36.568,1.5637,1.5639,1.50,1.00
2010.01.28 23:10:38.048,1.56375,1.5639,1.00,1.00
2010.01.28 23:10:41.567,1.5638,1.56405,1.00,2.30
2010.01.28 23:10:41.777,1.56385,1.5641,1.00,2.30
2010.01.28 23:10:42.067,1.56395,1.56415,1.00,2.30
2010.01.28 23:10:42.628,1.56385,1.56415,1.60,2.30
2010.01.28 23:10:42.977,1.56375,1.564,1.00,1.00
2010.01.28 23:10:43.317,1.56375,1.56405,1.60,2.30
2010.01.28 23:10:43.617,1.56375,1.564,1.00,1.00
2010.01.28 23:10:46.056,1.5637,1.564,1.00,2.30
2010.01.28 23:10:46.926,1.56365,1.564,4.10,2.30
2010.01.28 23:10:47.386,1.5637,1.564,1.00,2.30
2010.01.28 23:10:47.616,1.56365,1.564,4.10,2.30
2010.01.28 23:10:48.006,1.5637,1.564,1.00,2.30
2010.01.28 23:10:48.236,1.56365,1.564,4.10,2.30
2010.01.28 23:10:49.345,1.5637,1.564,1.00,2.30
2010.01.28 23:10:49.615,1.56365,1.564,4.10,2.30
2010.01.28 23:10:49.905,1.56375,1.5641,1.50,2.30
2010.01.28 23:10:50.195,1.5637,1.56405,1.00,1.50
2010.01.28 23:10:50.535,1.56355,1.5639,2.60,1.50
2010.01.28 23:10:50.895,1.5636,1.5639,1.00,1.50
2010.01.28 23:10:51.245,1.56355,1.5639,2.60,1.50
2010.01.28 23:10:51.585,1.56355,1.5639,2.60,3.80
2010.01.28 23:10:51.935,1.56365,1.5639,1.00,2.30
2010.01.28 23:10:52.285,1.56365,1.56395,1.00,3.80
2010.01.28 23:10:54.004,1.56345,1.56385,1.60,2.20
2010.01.28 23:10:54.224,1.56345,1.56375,1.00,3.10
2010.01.28 23:10:54.944,1.56345,1.5637,1.00,1.00
2010.01.28 23:10:56.404,1.5634,1.5637,1.00,1.00
2010.01.28 23:10:58.303,1.56345,1.5637,1.00,1.00
2010.01.28 23:10:58.823,1.5634,1.5637,1.00,1.00
2010.01.28 23:10:58.933,1.56345,1.5637,1.00,1.00
2010.01.28 23:10:59.973,1.5634,1.5637,1.00,1.00
2010.01.28 23:11:00.623,1.5635,1.5637,1.00,1.00
2010.01.28 23:11:00.743,1.56345,1.5637,1.00,1.00
2010.01.28 23:11:00.903,1.56345,1.56385,2.50,3.80
2010.01.28 23:11:00.963,1.56345,1.56385,2.40,3.90
2010.01.28 23:11:01.312,1.56305,1.5636,1.00,1.50
2010.01.28 23:11:02.072,1.56305,1.5635,1.00,1.60
2010.01.28 23:11:02.412,1.56315,1.5634,1.00,2.30
2010.01.28 23:11:03.712,1.56315,1.5634,1.00,2.30
2010.01.28 23:11:03.892,1.5632,1.56345,1.60,2.30
2010.01.28 23:11:04.982,1.56325,1.56345,1.00,2.30
2010.01.28 23:11:05.921,1.56325,1.56345,1.00,2.30
2010.01.28 23:11:10.061,1.56335,1.56345,1.00,2.30
2010.01.28 23:11:10.181,1.56335,1.5636,1.60,2.30
2010.01.28 23:11:10.410,1.56335,1.5636,1.60,1.00
2010.01.28 23:11:12.050,1.5634,1.5636,1.00,1.00
2010.01.28 23:11:12.970,1.56335,1.5636,1.60,1.00
2010.01.28 23:11:13.260,1.56335,1.56365,1.00,3.80
2010.01.28 23:11:14.140,1.56335,1.56365,1.00,2.30
2010.01.28 23:11:14.700,1.56345,1.5637,1.00,2.30
2010.01.28 23:11:15.499,1.5634,1.5637,1.60,2.30
2010.01.28 23:11:15.779,1.5634,1.5637,1.00,2.30
2010.01.28 23:11:17.998,1.56345,1.5637,1.00,2.30
2010.01.28 23:11:18.238,1.5635,1.5637,1.00,2.30
2010.01.28 23:11:18.358,1.56345,1.5637,1.00,2.30
2010.01.28 23:11:18.478,1.5635,1.5637,1.50,2.30
2010.01.28 23:11:18.599,1.5635,1.5638,1.50,2.30
2010.01.28 23:11:18.708,1.5635,1.56385,1.50,2.30
2010.01.28 23:11:19.218,1.5635,1.56385,1.60,2.30
2010.01.28 23:11:19.338,1.5635,1.5638,1.00,1.60
2010.01.28 23:11:19.398,1.5635,1.5638,1.00,2.30
2010.01.28 23:11:20.938,1.56355,1.56385,1.50,2.30
2010.01.28 23:11:21.168,1.5635,1.56385,1.00,2.30
2010.01.28 23:11:27.646,1.5634,1.56375,2.40,1.00
2010.01.28 23:11:28.536,1.5635,1.56375,1.50,1.00
2010.01.28 23:11:28.656,1.5635,1.5638,1.50,2.30
2010.01.28 23:11:30.376,1.5635,1.5638,1.60,2.30
2010.01.28 23:11:31.375,1.5634,1.5638,2.40,2.30
2010.01.28 23:11:31.765,1.5634,1.56375,2.40,1.00
2010.01.28 23:11:33.955,1.56345,1.56375,1.00,1.00
2010.01.28 23:11:42.103,1.5634,1.56375,2.60,3.80
2010.01.28 23:11:45.822,1.5634,1.56375,2.60,2.20
2010.01.28 23:11:49.881,1.56345,1.56375,1.00,2.20
2010.01.28 23:11:50.001,1.56345,1.56375,2.40,1.00
2010.01.28 23:11:51.050,1.56345,1.5637,1.00,1.00
2010.01.28 23:11:52.030,1.5634,1.5637,1.00,2.30
2010.01.28 23:11:53.440,1.56335,1.5637,1.50,2.30
2010.01.28 23:11:53.560,1.56335,1.56365,1.50,2.30
2010.01.28 23:11:53.620,1.5633,1.56365,1.00,3.80
2010.01.28 23:11:54.040,1.5633,1.5636,1.00,2.30
2010.01.28 23:11:54.890,1.56335,1.5636,1.00,2.30
2010.01.28 23:11:58.709,1.56335,1.5636,1.60,2.30
2010.01.28 23:11:59.409,1.56335,1.5636,1.50,2.30
2010.01.28 23:11:59.588,1.5632,1.5634,4.00,1.50
2010.01.28 23:11:59.699,1.56315,1.5634,1.00,1.50
2010.01.28 23:11:59.818,1.56315,1.5634,1.00,1.50
2010.01.28 23:11:59.928,1.5632,1.5635,1.50,2.30
2010.01.28 23:12:00.098,1.56315,1.5635,2.60,3.80
2010.01.28 23:12:00.908,1.5632,1.5635,1.00,3.80
2010.01.28 23:12:01.018,1.5632,1.5635,1.00,2.30
2010.01.28 23:12:03.018,1.56325,1.5635,1.60,2.30
2010.01.28 23:12:03.238,1.56325,1.56355,1.60,2.30
2010.01.28 23:12:04.927,1.5633,1.56355,1.00,2.30
2010.01.28 23:12:05.157,1.5633,1.56355,1.00,2.30
2010.01.28 23:12:05.897,1.56335,1.56355,1.00,2.30
2010.01.28 23:12:11.676,1.56325,1.5635,1.00,2.30
2010.01.28 23:12:12.725,1.56325,1.56345,1.00,1.60
2010.01.28 23:12:13.065,1.56325,1.56345,1.00,2.30
2010.01.28 23:12:14.045,1.5632,1.56345,1.50,2.30
2010.01.28 23:12:16.505,1.5629,1.5632,1.00,1.00
2010.01.28 23:12:16.864,1.56285,1.5632,7.40,1.00
2010.01.28 23:12:17.514,1.56295,1.56325,1.00,2.30
2010.01.28 23:12:17.854,1.563,1.56325,1.50,1.00
2010.01.28 23:12:18.884,1.56305,1.56325,1.00,1.00
2010.01.28 23:12:19.234,1.563,1.56325,1.60,1.00
2010.01.28 23:12:20.204,1.56305,1.56325,1.00,1.00
2010.01.28 23:12:33.400,1.5631,1.56335,1.00,2.30
2010.01.28 23:12:34.970,1.5632,1.56335,1.00,2.30
2010.01.28 23:12:37.250,1.56305,1.56335,1.00,2.30
2010.01.28 23:12:38.929,1.56305,1.5633,1.00,1.00
2010.01.28 23:12:41.278,1.5632,1.5633,1.00,1.00
2010.01.28 23:12:43.138,1.5632,1.5634,1.00,2.30
2010.01.28 23:12:43.948,1.56325,1.5634,1.00,2.30
2010.01.28 23:12:44.188,1.56325,1.5634,1.00,2.30
2010.01.28 23:12:45.007,1.56325,1.5634,1.00,1.00
2010.01.28 23:12:46.537,1.5632,1.5635,1.00,2.30
2010.01.28 23:12:47.537,1.56325,1.5635,1.60,1.00
2010.01.28 23:12:47.777,1.56325,1.56355,1.60,2.30
2010.01.28 23:12:48.887,1.5633,1.56355,1.00,2.30
2010.01.28 23:12:49.007,1.5633,1.56355,1.00,2.30
2010.01.28 23:12:49.916,1.56335,1.56355,1.00,2.30
2010.01.28 23:12:50.316,1.5634,1.5636,1.00,2.30
2010.01.28 23:12:50.776,1.5634,1.5636,1.00,1.00
2010.01.28 23:12:51.066,1.56345,1.5636,1.00,1.00
2010.01.28 23:12:51.426,1.56335,1.5636,1.00,1.00
2010.01.28 23:12:51.776,1.56335,1.5637,1.00,3.80
2010.01.28 23:12:52.126,1.56345,1.56375,1.50,2.30
2010.01.28 23:12:52.456,1.5634,1.56375,1.00,2.30
2010.01.28 23:12:53.806,1.56345,1.56375,1.00,2.30
2010.01.28 23:12:54.035,1.5634,1.56375,1.00,2.30
2010.01.28 23:12:54.906,1.5635,1.5638,1.00,3.80
2010.01.28 23:12:55.025,1.5635,1.5638,1.00,2.30
2010.01.28 23:12:55.255,1.56345,1.5638,2.40,2.30
2010.01.28 23:12:55.365,1.56345,1.56375,2.40,1.50
2010.01.28 23:12:58.135,1.5635,1.56385,2.40,3.80
2010.01.28 23:12:58.934,1.56345,1.56375,2.40,1.50
2010.01.28 23:12:59.924,1.56345,1.56375,2.40,2.30
2010.01.28 23:12:59.984,1.56345,1.56365,1.00,1.50
2010.01.28 23:13:00.044,1.5634,1.56365,2.40,1.50
2010.01.28 23:13:03.243,1.56335,1.56365,2.40,1.50
2010.01.28 23:13:06.902,1.56335,1.56365,2.50,1.50
2010.01.28 23:13:07.632,1.56335,1.56365,2.40,1.60
2010.01.28 23:13:18.309,1.5634,1.5636,2.40,1.50
2010.01.28 23:13:18.639,1.5633,1.5636,1.00,1.50
2010.01.28 23:13:19.779,1.5633,1.5636,1.00,2.20
2010.01.28 23:13:19.889,1.5633,1.5636,1.00,2.30
2010.01.28 23:13:19.999,1.5633,1.5636,1.00,2.30
2010.01.28 23:13:23.278,1.56325,1.5636,2.40,2.30
2010.01.28 23:13:31.476,1.56325,1.5636,2.40,3.60
2010.01.28 23:13:31.836,1.56325,1.5636,2.40,2.30
2010.01.28 23:13:32.186,1.5633,1.5636,1.00,1.50
2010.01.28 23:13:33.896,1.5633,1.5636,1.00,1.60
2010.01.28 23:13:34.536,1.5633,1.56355,1.00,1.00
2010.01.28 23:13:34.766,1.56295,1.56335,2.40,1.50
2010.01.28 23:13:34.936,1.56305,1.5635,3.20,3.90
2010.01.28 23:13:35.046,1.56305,1.5635,5.60,3.90
2010.01.28 23:13:35.505,1.56305,1.5635,5.60,2.30
2010.01.28 23:13:35.616,1.5631,1.5635,1.00,1.60
2010.01.28 23:13:35.675,1.5631,1.56355,2.40,2.30
2010.01.28 23:13:36.486,1.56325,1.5636,1.00,3.90
2010.01.28 23:13:38.934,1.56325,1.5636,1.00,3.90
2010.01.28 23:13:40.834,1.56325,1.56355,1.00,1.00
2010.01.28 23:13:41.904,1.5633,1.5636,1.50,1.00
2010.01.28 23:13:43.064,1.56325,1.5636,2.40,2.30
2010.01.28 23:13:43.413,1.56325,1.5636,4.00,1.00
2010.01.28 23:13:43.754,1.56325,1.5636,6.40,1.00
2010.01.28 23:13:48.712,1.56325,1.5636,4.80,2.20
2010.01.28 23:13:48.932,1.56325,1.5636,1.00,3.80
2010.01.28 23:13:50.922,1.56325,1.5636,1.00,3.90
2010.01.28 23:13:53.461,1.5631,1.5635,1.00,3.80
2010.01.28 23:13:53.631,1.5631,1.56345,1.00,2.30
2010.01.28 23:13:54.131,1.5631,1.56345,1.00,2.40
2010.01.28 23:13:54.301,1.563,1.5634,2.40,2.30
2010.01.28 23:13:54.771,1.563,1.56335,2.40,1.00
2010.01.28 23:13:57.370,1.56295,1.5633,2.40,1.00
2010.01.28 23:14:00.109,1.563,1.5633,1.00,1.00
2010.01.28 23:14:03.379,1.563,1.56335,1.00,2.30
2010.01.28 23:14:03.559,1.563,1.56335,1.00,1.00
2010.01.28 23:14:03.789,1.56305,1.5634,1.00,2.30
2010.01.28 23:14:06.778,1.56315,1.5634,1.50,2.30
2010.01.28 23:14:07.128,1.56315,1.5635,1.50,2.30
2010.01.28 23:14:07.478,1.56315,1.5635,2.40,2.30
2010.01.28 23:14:24.454,1.5631,1.5634,2.40,2.30
2010.01.28 23:14:24.684,1.56295,1.5633,1.00,2.30
2010.01.28 23:14:26.823,1.563,1.56335,1.00,2.30
2010.01.28 23:14:27.343,1.563,1.56335,1.00,1.00
2010.01.28 23:14:32.172,1.56305,1.56335,1.00,1.00
2010.01.28 23:14:33.711,1.56305,1.56345,2.40,2.30
2010.01.28 23:14:37.780,1.56305,1.5634,2.40,1.00
2010.01.28 23:14:41.170,1.563,1.56335,4.80,1.00
2010.01.28 23:14:41.690,1.563,1.5633,2.40,1.60
2010.01.28 23:14:42.029,1.563,1.5633,2.40,2.30
2010.01.28 23:14:50.708,1.563,1.5633,2.40,1.00
2010.01.28 23:14:50.877,1.563,1.56335,3.20,2.30
2010.01.28 23:14:51.037,1.56305,1.56335,4.80,2.30
2010.01.28 23:14:53.547,1.56315,1.5634,1.50,1.00
2010.01.28 23:14:54.686,1.5632,1.56355,2.10,2.30
2010.01.28 23:14:55.146,1.56325,1.5636,1.20,2.40
2010.01.28 23:14:55.356,1.56335,1.5636,1.50,1.00
2010.01.28 23:14:55.466,1.56335,1.56365,1.50,2.30
2010.01.28 23:14:57.026,1.56335,1.56365,1.50,1.00
2010.01.28 23:14:57.427,1.5634,1.5637,1.50,2.30
2010.01.28 23:14:59.205,1.56335,1.5637,2.40,3.80
2010.01.28 23:14:59.895,1.56335,1.5637,2.40,2.30
2010.01.28 23:15:00.005,1.5633,1.5637,4.00,2.30
2010.01.28 23:15:00.065,1.5633,1.5637,2.40,3.80
2010.01.28 23:15:00.365,1.5633,1.56365,2.40,1.00
2010.01.28 23:15:01.115,1.56335,1.5637,4.80,1.00
2010.01.28 23:15:04.754,1.56335,1.56365,2.40,1.00
2010.01.28 23:15:04.924,1.5633,1.56365,2.40,1.00
2010.01.28 23:15:05.274,1.5633,1.56365,2.40,2.30
2010.01.28 23:15:15.691,1.56335,1.56365,2.40,1.00
2010.01.28 23:15:15.802,1.5634,1.56365,2.40,1.00
2010.01.28 23:15:15.861,1.5634,1.5637,2.40,2.30
2010.01.28 23:15:15.921,1.5634,1.5637,2.40,1.00
2010.01.28 23:15:17.711,1.56335,1.5637,3.20,2.30
2010.01.28 23:15:22.100,1.56345,1.56385,1.00,2.30
2010.01.28 23:15:22.450,1.5635,1.56385,5.60,2.30
2010.01.28 23:15:22.810,1.5635,1.5639,5.60,2.30
2010.01.28 23:15:23.159,1.56355,1.56395,4.80,1.00
2010.01.28 23:15:23.499,1.56365,1.56395,4.80,1.00
2010.01.28 23:15:26.039,1.56355,1.56395,5.60,3.80
2010.01.28 23:15:26.219,1.56355,1.56385,1.00,1.60
2010.01.28 23:15:26.279,1.5635,1.56385,5.60,2.30
2010.01.28 23:15:27.229,1.5635,1.5638,5.60,1.00
2010.01.28 23:15:27.569,1.56345,1.5638,1.00,2.30
2010.01.28 23:15:27.918,1.56345,1.5638,1.00,1.00
2010.01.28 23:15:28.269,1.5635,1.56385,7.20,1.00
2010.01.28 23:15:28.619,1.5636,1.5639,1.00,1.00
2010.01.28 23:15:30.788,1.5636,1.56375,1.00,1.50
2010.01.28 23:15:30.898,1.56355,1.56375,1.60,1.50
2010.01.28 23:15:31.288,1.5635,1.56375,2.40,1.50
2010.01.28 23:15:32.927,1.5635,1.56375,2.40,1.60
2010.01.28 23:15:39.595,1.56345,1.56375,1.00,1.60
2010.01.28 23:15:39.775,1.56345,1.5638,1.00,2.30
2010.01.28 23:15:42.455,1.56345,1.5638,1.00,3.90
2010.01.28 23:15:44.124,1.56345,1.56375,1.00,1.50
2010.01.28 23:15:44.344,1.5634,1.56375,1.00,3.80
2010.01.28 23:15:45.954,1.5634,1.56375,4.00,2.30
2010.01.28 23:15:48.483,1.5634,1.56375,4.00,1.00
2010.01.28 23:15:48.833,1.5634,1.5638,4.00,3.90
2010.01.28 23:15:53.272,1.5634,1.5636,4.00,1.00
2010.01.28 23:15:53.392,1.56335,1.5636,3.20,1.50
2010.01.28 23:15:53.562,1.56335,1.5636,3.20,1.60
2010.01.28 23:15:53.682,1.56335,1.5636,1.00,1.60
2010.01.28 23:15:55.002,1.56335,1.5636,1.00,1.50
2010.01.28 23:15:55.232,1.5633,1.5636,2.40,1.60
2010.01.28 23:15:56.452,1.5633,1.56355,2.40,1.60
2010.01.28 23:15:56.791,1.56325,1.56355,1.00,1.60
2010.01.28 23:15:57.091,1.56325,1.56355,1.00,2.30
2010.01.28 23:15:57.891,1.56325,1.5635,1.00,1.00
2010.01.28 23:15:58.351,1.56325,1.56355,1.00,2.20
2010.01.28 23:15:58.641,1.56325,1.5635,1.00,1.00
2010.01.28 23:15:58.941,1.5632,1.5635,3.20,1.00
2010.01.28 23:15:59.241,1.56315,1.56345,4.80,1.50
2010.01.28 23:15:59.531,1.56315,1.56345,2.40,1.50
2010.01.28 23:16:00.860,1.56315,1.56345,2.40,1.60
2010.01.28 23:16:00.980,1.56315,1.56345,2.40,1.60
2010.01.28 23:16:01.830,1.56315,1.5634,2.40,1.00
2010.01.28 23:16:02.170,1.56315,1.5634,2.40,1.00
2010.01.28 23:16:04.410,1.56315,1.56345,2.40,1.50
2010.01.28 23:16:04.750,1.56315,1.5634,2.40,1.00
2010.01.28 23:16:05.089,1.5631,1.56335,5.60,1.50
2010.01.28 23:16:05.329,1.5631,1.56335,4.80,1.50
2010.01.28 23:16:05.549,1.5631,1.56335,2.40,1.50
2010.01.28 23:16:05.940,1.5631,1.56345,7.20,1.00
2010.01.28 23:16:06.169,1.5632,1.56345,2.40,1.00
2010.01.28 23:16:06.339,1.5632,1.56355,3.20,3.90
2010.01.28 23:16:06.579,1.5632,1.56355,5.60,3.90
2010.01.28 23:16:07.659,1.5632,1.56355,1.00,3.90
2010.01.28 23:16:07.999,1.5632,1.56355,2.40,2.30
2010.01.28 23:16:08.379,1.5632,1.56355,6.40,2.30
2010.01.28 23:16:08.728,1.5632,1.5636,6.40,3.90
2010.01.28 23:16:08.908,1.56315,1.5636,10.10,3.90
2010.01.28 23:16:08.959,1.5632,1.5636,6.40,3.90
2010.01.28 23:16:09.128,1.5632,1.5636,8.80,3.90
2010.01.28 23:16:09.428,1.5632,1.56355,7.20,1.50
2010.01.28 23:16:09.528,1.5632,1.56355,2.40,1.50
2010.01.28 23:16:09.649,1.5632,1.56355,1.00,3.10
2010.01.28 23:16:09.819,1.5632,1.56355,1.00,3.80
2010.01.28 23:16:10.568,1.56315,1.56345,7.90,1.00
2010.01.28 23:16:10.688,1.56315,1.56345,4.80,1.60
2010.01.28 23:16:11.018,1.5631,1.56345,2.40,1.60
2010.01.28 23:16:12.048,1.5631,1.5634,2.40,1.00
2010.01.28 23:16:12.398,1.5631,1.5634,1.00,1.00
2010.01.28 23:16:13.118,1.5631,1.5634,1.00,1.00
2010.01.28 23:16:14.037,1.56305,1.5634,6.40,1.00
2010.01.28 23:16:14.207,1.56305,1.5634,4.00,1.00
2010.01.28 23:16:17.306,1.56305,1.56345,4.10,3.90
2010.01.28 23:16:20.156,1.5631,1.5634,1.00,1.00
2010.01.28 23:16:21.456,1.5631,1.56345,1.00,3.90
2010.01.28 23:16:22.145,1.56315,1.56345,1.00,3.90
2010.01.28 23:16:26.794,1.56315,1.56345,1.00,1.60
2010.01.28 23:16:48.099,1.5634,1.564,2.40,1.00
2010.01.28 23:16:48.789,1.5634,1.564,1.00,2.20
2010.01.28 23:16:49.129,1.56345,1.564,1.50,1.00
2010.01.28 23:16:49.179,1.56355,1.56385,1.00,1.50
2010.01.28 23:16:49.289,1.56355,1.5639,2.40,1.00
2010.01.28 23:16:49.469,1.5636,1.5639,1.00,1.00
2010.01.28 23:16:50.029,1.5636,1.5639,1.00,1.50
2010.01.28 23:16:50.958,1.5636,1.5639,1.00,2.20
2010.01.28 23:16:52.928,1.56355,1.5639,2.40,2.20
2010.01.28 23:16:55.267,1.5636,1.5639,1.00,2.20
2010.01.28 23:16:56.187,1.5636,1.56395,1.00,3.80
2010.01.28 23:16:56.527,1.56365,1.56395,1.00,1.50
2010.01.28 23:16:57.587,1.56345,1.5638,2.40,1.00
2010.01.28 23:16:57.937,1.5634,1.56375,1.00,2.30
2010.01.28 23:16:58.407,1.5633,1.5637,2.40,2.30
2010.01.28 23:16:59.176,1.5633,1.56365,2.40,2.30
2010.01.28 23:16:59.706,1.5633,1.5637,2.40,2.30
2010.01.28 23:17:00.636,1.56345,1.56365,1.50,1.00
2010.01.28 23:17:00.806,1.56345,1.5638,1.50,2.30
2010.01.28 23:17:01.086,1.56345,1.5638,1.50,1.00
2010.01.28 23:17:03.875,1.56345,1.5637,1.20,1.60
2010.01.28 23:17:04.045,1.56345,1.5637,1.20,3.80
2010.01.28 23:17:04.165,1.5633,1.5636,2.40,1.50
2010.01.28 23:17:04.285,1.5633,1.5636,1.00,1.50
2010.01.28 23:17:04.345,1.56325,1.5636,1.00,1.50
2010.01.28 23:17:04.755,1.56325,1.56355,1.00,1.00
2010.01.28 23:17:05.615,1.5632,1.56355,1.00,1.00
2010.01.28 23:17:05.955,1.5632,1.56355,1.00,2.30
2010.01.28 23:17:06.964,1.5633,1.5636,1.50,2.30
2010.01.28 23:17:08.724,1.5633,1.56365,2.40,2.30
2010.01.28 23:17:15.962,1.5633,1.56365,3.60,2.30
2010.01.28 23:17:16.132,1.56335,1.56365,1.50,2.30
2010.01.28 23:17:16.352,1.5633,1.56365,2.40,2.30
2010.01.28 23:17:21.371,1.5633,1.5636,2.40,1.60
2010.01.28 23:17:21.541,1.56325,1.5636,4.00,2.30
2010.01.28 23:17:28.089,1.56325,1.56355,1.60,2.20
2010.01.28 23:17:28.209,1.5632,1.56355,2.40,2.20
2010.01.28 23:17:30.639,1.56325,1.56355,1.20,2.20
2010.01.28 23:17:30.809,1.5633,1.56355,1.50,1.00
2010.01.28 23:17:30.869,1.5633,1.5636,1.50,2.30
2010.01.28 23:17:32.658,1.5633,1.5636,1.60,2.30
2010.01.28 23:17:33.008,1.56335,1.5636,1.00,2.30
2010.01.28 23:17:34.228,1.56325,1.5636,5.20,2.30
2010.01.28 23:17:34.288,1.56325,1.5636,4.00,2.30
2010.01.28 23:17:34.458,1.56325,1.56355,2.40,1.50
2010.01.28 23:17:34.508,1.56325,1.56355,1.60,1.50
2010.01.28 23:17:34.568,1.5632,1.56355,2.40,1.50
2010.01.28 23:17:41.256,1.5632,1.56355,2.40,1.60
2010.01.28 23:17:46.975,1.5632,1.56355,2.40,3.20
2010.01.28 23:17:47.325,1.5632,1.56355,2.40,3.90
2010.01.28 23:17:54.413,1.56325,1.56355,3.70,1.50
2010.01.28 23:17:54.583,1.5633,1.5636,1.50,1.00
2010.01.28 23:17:55.573,1.5633,1.5636,3.10,1.00
2010.01.28 23:17:55.693,1.5633,1.5636,4.00,1.00
2010.01.28 23:17:57.243,1.5633,1.5636,4.10,1.00
2010.01.28 23:17:57.872,1.5633,1.5636,4.00,1.00
2010.01.28 23:17:58.462,1.5633,1.56365,4.00,1.00
2010.01.28 23:17:58.642,1.5634,1.5637,1.50,1.00
2010.01.28 23:17:58.812,1.5634,1.56375,2.80,2.30
2010.01.28 23:17:58.972,1.56355,1.5639,2.40,3.90
2010.01.28 23:17:59.692,1.5636,1.5639,1.00,1.60
2010.01.28 23:18:00.102,1.56365,1.56395,1.50,3.50
2010.01.28 23:18:00.282,1.56365,1.564,2.40,4.70
2010.01.28 23:18:00.502,1.56365,1.564,2.40,2.30
2010.01.28 23:18:00.792,1.56365,1.564,2.40,2.40
2010.01.28 23:18:01.022,1.56365,1.564,1.00,3.90
2010.01.28 23:18:02.151,1.56365,1.564,2.40,2.30
2010.01.28 23:18:03.181,1.56365,1.564,2.40,2.20
2010.01.28 23:18:03.881,1.56365,1.564,4.00,1.00
2010.01.28 23:18:04.611,1.56365,1.56395,3.10,1.00
2010.01.28 23:18:04.721,1.5636,1.5639,2.10,1.50
2010.01.28 23:18:05.131,1.5636,1.56395,1.00,5.10
2010.01.28 23:18:05.181,1.5636,1.56395,1.00,3.80
2010.01.28 23:18:05.290,1.5636,1.5639,1.00,1.00
2010.01.28 23:18:05.460,1.5636,1.56375,1.00,1.50
2010.01.28 23:18:05.511,1.56345,1.56375,4.80,1.50
2010.01.28 23:18:05.631,1.56345,1.56375,2.40,1.50
2010.01.28 23:18:06.710,1.56345,1.56375,1.60,1.50
2010.01.28 23:18:07.050,1.5634,1.56375,2.40,1.50
2010.01.28 23:18:09.590,1.5634,1.5638,2.40,3.90
2010.01.28 23:18:09.829,1.5634,1.5638,2.40,3.80
2010.01.28 23:18:09.999,1.5634,1.5638,2.40,3.90
2010.01.28 23:18:10.699,1.5634,1.56375,2.40,1.60
2010.01.28 23:18:10.759,1.5634,1.56375,2.40,2.30
2010.01.28 23:18:18.257,1.5635,1.56385,2.40,2.20
2010.01.28 23:18:18.947,1.56345,1.5638,4.00,1.00
2010.01.28 23:18:21.357,1.56355,1.56385,1.50,1.00
2010.01.28 23:18:23.146,1.5635,1.56385,2.40,3.80
2010.01.28 23:18:26.345,1.5635,1.56385,2.40,5.10
2010.01.28 23:18:26.465,1.56345,1.56385,4.00,5.10
2010.01.28 23:18:26.525,1.56345,1.5638,2.40,1.50
2010.01.28 23:18:27.305,1.56345,1.5638,4.00,1.00
2010.01.28 23:18:29.265,1.56345,1.56385,4.00,3.80
2010.01.28 23:18:30.065,1.56345,1.5638,2.40,1.50
2010.01.28 23:18:30.175,1.56345,1.56385,4.00,5.10
2010.01.28 23:18:30.234,1.56345,1.56385,4.00,3.80
2010.01.28 23:18:33.004,1.56345,1.5638,2.40,2.20
2010.01.28 23:18:33.284,1.56345,1.5638,4.00,1.00
2010.01.28 23:18:35.313,1.56345,1.5638,2.40,2.20
2010.01.28 23:18:35.783,1.56345,1.5638,4.00,1.00
2010.01.28 23:18:35.843,1.56345,1.5638,2.40,2.30
2010.01.28 23:18:37.653,1.56345,1.5638,1.00,3.80
2010.01.28 23:18:46.630,1.5634,1.5638,5.40,2.30
2010.01.28 23:18:46.920,1.56345,1.56385,4.00,3.80
2010.01.28 23:18:47.950,1.56345,1.56385,4.00,3.80
2010.01.28 23:18:48.940,1.56345,1.56385,4.00,3.80
2010.01.28 23:18:49.930,1.5635,1.56385,1.00,3.80
2010.01.28 23:18:54.019,1.5635,1.56385,2.40,2.20
2010.01.28 23:18:56.038,1.56325,1.56365,2.40,2.30
2010.01.28 23:18:56.488,1.56325,1.5636,2.40,1.00
2010.01.28 23:18:56.658,1.5633,1.5636,1.50,1.00
2010.01.28 23:18:56.998,1.56325,1.56365,4.00,2.30
2010.01.28 23:19:01.187,1.5633,1.5636,1.00,1.50
2010.01.28 23:19:01.307,1.56325,1.5636,2.40,2.20
2010.01.28 23:19:02.757,1.5633,1.5636,1.50,1.00
2010.01.28 23:19:12.974,1.5633,1.5636,2.40,1.00
2010.01.28 23:19:13.264,1.56335,1.56365,1.50,1.00
2010.01.28 23:19:13.614,1.56335,1.5637,4.00,1.00
2010.01.28 23:19:18.813,1.5633,1.56365,2.40,1.00
2010.01.28 23:19:19.093,1.56325,1.5636,2.40,2.30
2010.01.28 23:19:25.731,1.56325,1.56365,4.10,2.30
2010.01.28 23:19:26.011,1.5633,1.56365,2.40,2.30
2010.01.28 23:19:28.950,1.56325,1.5636,2.40,2.30
2010.01.28 23:19:42.967,1.5633,1.56365,2.40,1.00
2010.01.28 23:19:43.537,1.5633,1.56355,4.80,1.50
2010.01.28 23:19:43.817,1.5632,1.56355,1.00,1.50
2010.01.28 23:19:44.287,1.5632,1.56355,1.00,2.20
2010.01.28 23:19:44.346,1.56315,1.56355,3.90,3.80
2010.01.28 23:19:47.526,1.5632,1.56355,1.00,3.90
2010.01.28 23:19:50.005,1.5632,1.56355,1.00,3.80
2010.01.28 23:19:59.493,1.5634,1.5637,1.50,2.20
2010.01.28 23:20:02.572,1.5633,1.56365,2.40,3.80
2010.01.28 23:20:04.122,1.5633,1.5635,1.00,1.50
2010.01.28 23:20:04.422,1.5632,1.56345,1.00,1.50
2010.01.28 23:20:05.782,1.56315,1.56345,2.40,1.50
2010.01.28 23:20:08.041,1.56315,1.5635,2.40,3.80
2010.01.28 23:20:08.261,1.56315,1.5635,2.40,1.50
2010.01.28 23:20:12.680,1.5632,1.56355,2.40,5.10
2010.01.28 23:20:13.020,1.5632,1.56355,2.40,3.80
2010.01.28 23:20:16.049,1.56325,1.56355,1.60,2.20
2010.01.28 23:20:16.329,1.5633,1.5636,1.50,2.20
2010.01.28 23:20:16.609,1.5633,1.5636,4.00,1.50
2010.01.28 23:20:22.848,1.56325,1.56355,4.00,1.50
2010.01.28 23:20:33.145,1.5635,1.564,1.50,1.50
2010.01.28 23:20:33.495,1.5636,1.5641,1.00,1.50
2010.01.28 23:20:38.994,1.56375,1.564,1.00,1.50
2010.01.28 23:20:39.173,1.56375,1.56405,2.40,1.00
2010.01.28 23:20:40.063,1.56375,1.564,1.00,1.50
2010.01.28 23:20:40.824,1.56375,1.56405,2.40,2.20
2010.01.28 23:20:41.003,1.5638,1.56405,1.00,1.50
2010.01.28 23:20:42.113,1.56375,1.56395,2.40,1.50
2010.01.28 23:20:42.782,1.56375,1.56405,4.00,1.50
2010.01.28 23:20:43.812,1.5636,1.56395,4.00,1.00
2010.01.28 23:20:44.202,1.5636,1.56395,2.40,1.00
2010.01.28 23:20:44.842,1.5638,1.564,1.50,2.30
2010.01.28 23:20:44.902,1.56375,1.564,1.50,1.00
2010.01.28 23:20:45.012,1.56365,1.56395,4.80,1.50
2010.01.28 23:20:45.062,1.56365,1.5639,4.80,1.00
2010.01.28 23:20:45.122,1.56365,1.5639,2.40,2.30
2010.01.28 23:20:45.352,1.56355,1.5639,2.40,2.30
2010.01.28 23:20:45.572,1.56355,1.5639,1.00,2.30
2010.01.28 23:20:46.042,1.56355,1.56385,1.00,1.00
2010.01.28 23:20:46.262,1.5635,1.56385,2.40,1.00
2010.01.28 23:20:46.492,1.56355,1.56385,1.50,1.00
2010.01.28 23:20:46.842,1.5635,1.56385,2.40,3.80
2010.01.28 23:20:47.541,1.5635,1.5638,1.50,2.30
2010.01.28 23:20:48.481,1.56345,1.56375,1.00,1.00
2010.01.28 23:20:48.871,1.5634,1.56375,2.40,1.00
2010.01.28 23:20:49.651,1.5636,1.5638,1.50,1.00
2010.01.28 23:20:49.771,1.5636,1.5639,1.50,3.50
2010.01.28 23:20:50.291,1.56365,1.5639,2.40,1.50
2010.01.28 23:20:52.920,1.56375,1.564,1.50,2.30
2010.01.28 23:20:53.270,1.56375,1.56405,1.50,2.30
2010.01.28 23:20:56.099,1.5637,1.564,1.00,1.50
2010.01.28 23:20:58.309,1.5637,1.564,2.40,1.50
2010.01.28 23:21:05.667,1.56375,1.564,1.60,1.50
2010.01.28 23:21:05.727,1.56375,1.564,2.40,1.50
2010.01.28 23:21:13.055,1.5637,1.56395,1.00,1.50
2010.01.28 23:21:17.934,1.56375,1.564,1.00,1.50
2010.01.28 23:21:22.123,1.5637,1.564,2.60,1.50
2010.01.28 23:21:22.353,1.5637,1.564,2.40,1.50
2010.01.28 23:21:23.912,1.56385,1.56435,1.50,2.20
2010.01.28 23:21:25.112,1.56395,1.56425,1.50,2.30
2010.01.28 23:21:25.172,1.5639,1.56425,1.00,3.90
2010.01.28 23:21:25.232,1.5639,1.56425,1.00,3.90
2010.01.28 23:21:25.522,1.5639,1.5642,2.40,1.60
2010.01.28 23:21:26.122,1.5639,1.56415,1.50,1.00
2010.01.28 23:21:26.392,1.5638,1.56415,2.40,2.20
2010.01.28 23:21:26.682,1.5638,1.56415,2.40,1.50
2010.01.28 23:21:27.022,1.56385,1.56415,2.40,1.50
2010.01.28 23:21:28.072,1.56385,1.5642,4.00,2.30
2010.01.28 23:21:35.330,1.5638,1.56415,2.40,1.00
2010.01.28 23:21:35.440,1.5638,1.56415,1.00,1.00
2010.01.28 23:21:35.840,1.5638,1.56415,1.00,2.30
2010.01.28 23:21:37.909,1.56375,1.5641,1.00,2.30
2010.01.28 23:21:39.629,1.56375,1.5641,1.00,2.30
2010.01.28 23:21:39.689,1.5638,1.56415,2.40,1.00
2010.01.28 23:21:39.929,1.5638,1.56415,4.00,1.00
2010.01.28 23:21:48.877,1.5639,1.56425,1.50,3.90
2010.01.28 23:21:49.176,1.56385,1.5642,2.40,3.80
2010.01.28 23:21:50.506,1.56385,1.5642,2.40,5.60
2010.01.28 23:21:50.556,1.56385,1.5641,1.00,1.50
2010.01.28 23:21:50.796,1.5638,1.5641,1.00,1.50
2010.01.28 23:21:53.715,1.5638,1.5641,2.50,1.50
2010.01.28 23:21:58.004,1.56385,1.5641,1.00,1.50
2010.01.28 23:22:02.563,1.56385,1.5642,2.50,3.80
2010.01.28 23:22:02.913,1.56385,1.5642,2.40,3.80
2010.01.28 23:22:04.053,1.56385,1.5641,1.00,1.60
2010.01.28 23:22:04.283,1.5638,1.5641,2.40,3.80
2010.01.28 23:22:04.513,1.56375,1.5641,2.50,3.80
2010.01.28 23:22:04.743,1.56375,1.5641,2.60,2.30
2010.01.28 23:22:07.462,1.56385,1.5641,1.00,2.30
2010.01.28 23:22:07.752,1.56405,1.56455,2.40,1.50
2010.01.28 23:22:08.102,1.56405,1.5645,2.40,1.50
2010.01.28 23:22:08.452,1.56405,1.56455,2.40,1.50
2010.01.28 23:22:09.902,1.56415,1.56445,2.60,1.50
2010.01.28 23:22:10.482,1.5641,1.5644,2.40,1.50
2010.01.28 23:22:10.541,1.56405,1.5644,5.20,1.50
2010.01.28 23:22:10.601,1.56405,1.5644,4.10,1.50
2010.01.28 23:22:12.371,1.56405,1.5644,4.00,1.50
2010.01.28 23:22:12.611,1.56405,1.56435,2.40,1.50
2010.01.28 23:22:13.251,1.564,1.56435,2.60,2.20
2010.01.28 23:22:13.841,1.56405,1.56435,1.60,1.00
2010.01.28 23:22:14.080,1.564,1.56425,2.40,1.50
2010.01.28 23:22:14.470,1.5639,1.56425,2.40,3.80
2010.01.28 23:22:14.690,1.5639,1.56425,2.40,6.20
2010.01.28 23:22:14.860,1.56385,1.56425,2.40,3.80
2010.01.28 23:22:15.021,1.5638,1.56415,2.40,1.00
2010.01.28 23:22:20.759,1.56395,1.56425,1.50,1.00
2010.01.28 23:22:21.049,1.56395,1.56435,4.00,3.80
2010.01.28 23:22:21.929,1.56395,1.56435,4.10,3.80
2010.01.28 23:22:22.379,1.56405,1.56435,1.50,2.30
2010.01.28 23:22:22.668,1.56405,1.5644,4.00,2.20
2010.01.28 23:22:22.948,1.56405,1.5644,4.10,2.20
2010.01.28 23:22:23.238,1.56405,1.56435,4.00,1.00
2010.01.28 23:22:23.469,1.564,1.56425,2.60,1.50
2010.01.28 23:22:23.708,1.564,1.56425,1.00,1.50
2010.01.28 23:22:24.808,1.5638,1.56405,5.60,1.50
2010.01.28 23:22:25.148,1.5637,1.56405,2.60,2.20
2010.01.28 23:22:25.328,1.5637,1.56405,2.60,1.50
2010.01.28 23:22:25.498,1.56375,1.5641,2.40,2.20
2010.01.28 23:22:25.718,1.56375,1.5641,2.40,1.50
2010.01.28 23:22:26.008,1.56375,1.5641,2.40,1.50
2010.01.28 23:22:28.107,1.5637,1.564,2.40,1.00
2010.01.28 23:22:28.447,1.56365,1.564,2.40,1.00
2010.01.28 23:22:28.807,1.56355,1.5638,3.20,1.50
2010.01.28 23:22:29.087,1.5635,1.56375,1.00,1.50
2010.01.28 23:22:32.396,1.5636,1.5639,1.00,1.50
2010.01.28 23:22:34.386,1.5637,1.56395,1.50,1.60
2010.01.28 23:22:34.676,1.56375,1.56405,1.50,2.30
2010.01.28 23:22:34.965,1.5637,1.56405,2.40,3.80
2010.01.28 23:22:35.265,1.5637,1.56405,2.40,2.20
2010.01.28 23:22:35.325,1.56375,1.56405,1.50,1.00
2010.01.28 23:22:36.015,1.56375,1.56405,1.60,1.00
2010.01.28 23:22:36.195,1.5638,1.56405,1.00,1.00
2010.01.28 23:22:36.315,1.56385,1.5641,1.50,1.00
2010.01.28 23:22:36.485,1.56385,1.56415,1.50,1.00
2010.01.28 23:22:37.835,1.5639,1.56415,1.00,1.00
2010.01.28 23:22:39.795,1.5639,1.5641,1.00,1.00
2010.01.28 23:22:39.965,1.56385,1.56405,1.50,2.30
2010.01.28 23:22:40.084,1.5638,1.56405,4.80,2.30
2010.01.28 23:22:40.194,1.5637,1.56405,1.00,2.30
2010.01.28 23:22:40.315,1.5637,1.56405,2.40,2.30
2010.01.28 23:22:40.434,1.5637,1.56405,1.00,3.80
2010.01.28 23:22:40.554,1.5637,1.56405,2.40,2.30
2010.01.28 23:22:41.894,1.5637,1.56405,2.40,1.60
2010.01.28 23:22:42.134,1.5637,1.5641,4.00,2.30
2010.01.28 23:22:46.163,1.56375,1.5641,2.40,1.00
2010.01.28 23:22:46.503,1.56375,1.5641,2.40,2.30
2010.01.28 23:22:46.793,1.5637,1.5641,4.00,2.30
2010.01.28 23:22:48.042,1.5638,1.5641,1.60,1.00
2010.01.28 23:22:48.262,1.56385,1.5642,1.50,3.60
2010.01.28 23:22:48.442,1.5639,1.56425,4.00,1.00
2010.01.28 23:22:48.612,1.564,1.56435,1.00,2.30
2010.01.28 23:22:49.832,1.56405,1.56435,1.60,1.00
2010.01.28 23:22:50.172,1.56405,1.5644,2.40,2.30
2010.01.28 23:22:51.841,1.5642,1.5644,1.00,2.30
2010.01.28 23:22:51.951,1.5642,1.5644,2.40,1.00
2010.01.28 23:22:52.511,1.56435,1.5646,4.80,1.60
2010.01.28 23:22:52.792,1.56415,1.5644,2.40,1.30
2010.01.28 23:22:53.021,1.5641,1.5643,2.40,1.50
2010.01.28 23:22:53.321,1.5641,1.5643,1.00,1.50
2010.01.28 23:22:53.611,1.56405,1.56435,1.00,1.50
2010.01.28 23:22:53.941,1.5641,1.5644,1.50,2.30
2010.01.28 23:22:54.331,1.5642,1.56445,1.60,2.20
2010.01.28 23:22:54.681,1.56425,1.5646,1.00,1.00
2010.01.28 23:22:55.261,1.56435,1.5646,1.50,1.00
2010.01.28 23:22:55.441,1.56445,1.5647,1.00,1.50
2010.01.28 23:22:56.030,1.5645,1.5647,2.40,1.50
2010.01.28 23:22:56.140,1.5645,1.56485,2.40,1.50
2010.01.28 23:22:56.550,1.56455,1.56485,2.40,1.50
2010.01.28 23:22:57.770,1.5647,1.56495,1.00,1.50
2010.01.28 23:22:58.100,1.5647,1.56505,2.40,2.20
2010.01.28 23:22:58.270,1.56475,1.56505,2.40,1.50
2010.01.28 23:22:58.910,1.5647,1.56505,2.40,1.50
2010.01.28 23:22:59.380,1.5647,1.56505,2.40,3.80
2010.01.28 23:23:00.179,1.56475,1.5651,2.40,2.30
2010.01.28 23:23:00.749,1.5647,1.5651,4.10,3.80
2010.01.28 23:23:01.273,1.56465,1.5649,7.20,1.50
2010.01.28 23:23:01.380,1.56465,1.56495,2.40,1.50
2010.01.28 23:23:02.059,1.5647,1.56495,1.60,1.50
2010.01.28 23:23:02.179,1.5647,1.56495,2.40,1.50
2010.01.28 23:23:02.279,1.5646,1.5648,1.50,1.30
2010.01.28 23:23:02.629,1.5645,1.5647,2.40,1.50
2010.01.28 23:23:03.669,1.56455,1.5648,1.00,1.30
2010.01.28 23:23:04.009,1.56455,1.56485,2.40,1.50
2010.01.28 23:23:04.358,1.5646,1.56485,1.00,1.50
2010.01.28 23:23:07.438,1.5646,1.56485,2.40,1.50
2010.01.28 23:23:07.777,1.5646,1.5648,2.40,1.50
2010.01.28 23:23:08.058,1.56455,1.5648,2.40,1.50
2010.01.28 23:23:12.966,1.56445,1.5647,2.40,1.50
2010.01.28 23:23:13.347,1.5645,1.56475,1.00,1.50
2010.01.28 23:23:13.696,1.56455,1.5649,1.50,3.80
2010.01.28 23:23:14.036,1.56455,1.5649,4.00,2.20
2010.01.28 23:23:14.946,1.5646,1.5649,1.00,2.20
2010.01.28 23:23:15.126,1.5646,1.5649,2.80,1.50
2010.01.28 23:23:17.818,1.56455,1.56485,2.40,1.50
2010.01.28 23:23:18.165,1.56455,1.56485,2.60,1.50
2010.01.28 23:23:18.495,1.56455,1.5649,2.40,1.70
2010.01.28 23:23:19.195,1.5645,1.56475,1.00,1.50
2010.01.28 23:23:20.974,1.5645,1.56485,1.00,3.80
2010.01.28 23:23:21.254,1.5645,1.5649,3.00,5.30
2010.01.28 23:23:21.355,1.56455,1.56485,1.00,1.50
2010.01.28 23:23:21.694,1.56455,1.5649,2.40,2.30
2010.01.28 23:23:21.814,1.56455,1.5649,4.00,2.30
2010.01.28 23:23:21.864,1.56455,1.56495,4.00,3.90
2010.01.28 23:23:21.974,1.56455,1.5649,4.00,1.00
2010.01.28 23:23:22.324,1.56455,1.5649,4.00,1.00
2010.01.28 23:23:22.664,1.5646,1.56485,2.40,1.50
2010.01.28 23:23:22.994,1.56455,1.56495,4.00,3.90
2010.01.28 23:23:23.514,1.56465,1.56495,1.00,1.60
2010.01.28 23:23:23.734,1.5646,1.56495,1.00,1.60
2010.01.28 23:23:23.974,1.5646,1.5649,1.00,2.20
2010.01.28 23:23:24.274,1.56455,1.5649,2.40,1.00
2010.01.28 23:23:24.544,1.56455,1.5649,1.00,2.20
2010.01.28 23:23:25.004,1.56455,1.5649,2.40,1.00
2010.01.28 23:23:25.284,1.56455,1.5649,2.80,1.00
2010.01.28 23:23:25.463,1.56455,1.5649,2.40,1.00
2010.01.28 23:23:25.624,1.56455,1.5649,1.00,2.30
2010.01.28 23:23:26.703,1.56455,1.5649,4.80,2.30
2010.01.28 23:23:26.993,1.5646,1.56495,1.00,2.30
2010.01.28 23:23:27.703,1.5646,1.56495,1.00,2.40
2010.01.28 23:23:27.933,1.56455,1.5649,2.40,2.20
2010.01.28 23:23:28.163,1.56455,1.5649,1.00,3.80
2010.01.28 23:23:29.082,1.56455,1.56485,1.00,1.50
2010.01.28 23:23:29.442,1.5645,1.56485,2.40,3.80
2010.01.28 23:23:30.332,1.5645,1.56485,2.40,3.90
2010.01.28 23:23:30.562,1.5645,1.56485,2.40,5.30
2010.01.28 23:23:30.682,1.5645,1.56485,2.40,3.90
2010.01.28 23:23:31.602,1.56435,1.5647,4.10,2.30
2010.01.28 23:23:32.802,1.5644,1.5647,1.00,2.30
2010.01.28 23:23:33.192,1.5644,1.5648,4.10,1.00
2010.01.28 23:23:33.541,1.5644,1.5648,4.00,1.00
2010.01.28 23:23:34.231,1.56445,1.5648,2.60,1.00
2010.01.28 23:23:35.121,1.56445,1.5648,2.40,1.00
2010.01.28 23:23:35.341,1.56445,1.5648,1.00,2.20
2010.01.28 23:23:36.071,1.56445,1.56475,1.00,1.50
2010.01.28 23:23:37.541,1.56445,1.5648,1.00,3.80
2010.01.28 23:23:38.810,1.5644,1.5648,2.40,2.20
2010.01.28 23:23:39.150,1.56445,1.5648,2.40,2.20
2010.01.28 23:23:42.559,1.56435,1.5647,2.40,1.50
2010.01.28 23:23:43.069,1.56435,1.5647,2.40,2.20
2010.01.28 23:23:46.708,1.56435,1.5647,1.00,2.20
2010.01.28 23:23:46.938,1.56435,1.56465,1.00,1.00
2010.01.28 23:23:47.108,1.56435,1.5645,1.00,1.50
2010.01.28 23:23:47.328,1.5642,1.56445,2.40,1.50
2010.01.28 23:23:47.688,1.56415,1.56445,1.00,1.50
2010.01.28 23:23:48.328,1.56415,1.5645,1.00,3.80
2010.01.28 23:23:48.678,1.56415,1.5645,2.40,2.20
2010.01.28 23:23:49.028,1.56415,1.5644,2.40,1.50
2010.01.28 23:23:49.378,1.56405,1.5644,2.40,3.80
2010.01.28 23:23:51.257,1.56405,1.5643,2.40,1.50
2010.01.28 23:23:52.107,1.56405,1.5644,2.40,3.90
2010.01.28 23:23:52.447,1.56425,1.5646,1.50,2.30
2010.01.28 23:23:52.777,1.56425,1.5645,1.00,1.50
2010.01.28 23:23:53.117,1.5642,1.5645,2.40,1.50
2010.01.28 23:23:53.466,1.56415,1.5645,2.40,2.20
2010.01.28 23:23:54.046,1.56415,1.5645,2.40,2.30
2010.01.28 23:23:54.336,1.56425,1.5645,1.00,1.60
2010.01.28 23:23:55.326,1.56425,1.5645,1.00,1.50
2010.01.28 23:23:55.446,1.56425,1.56455,2.40,2.80
2010.01.28 23:23:55.736,1.56425,1.56455,2.40,1.50
2010.01.28 23:23:57.316,1.5643,1.5646,2.40,1.50
2010.01.28 23:23:57.655,1.56435,1.56465,2.40,2.20
2010.01.28 23:23:58.036,1.56435,1.56465,2.40,1.50
2010.01.28 23:23:58.705,1.56435,1.56455,2.40,1.00
2010.01.28 23:23:58.995,1.56395,1.5644,2.40,1.50
2010.01.28 23:24:03.294,1.56405,1.56425,1.00,1.50
2010.01.28 23:24:03.644,1.564,1.56425,2.40,1.50
2010.01.28 23:24:07.653,1.564,1.56435,2.40,3.80
2010.01.28 23:24:08.003,1.564,1.56435,4.00,1.00
2010.01.28 23:24:13.652,1.56405,1.56435,1.00,1.00
2010.01.28 23:24:15.271,1.564,1.56435,1.00,1.00
2010.01.28 23:24:16.031,1.564,1.56435,1.00,2.20
2010.01.28 23:24:16.251,1.564,1.5643,1.00,1.00
2010.01.28 23:24:16.361,1.5639,1.5643,2.40,1.00
2010.01.28 23:24:17.631,1.56395,1.5643,1.00,1.00
2010.01.28 23:24:17.981,1.56395,1.5643,2.40,1.00
2010.01.28 23:24:19.780,1.564,1.56435,4.00,2.30
2010.01.28 23:24:20.350,1.56405,1.5644,2.40,2.30
2010.01.28 23:24:20.701,1.564,1.56435,2.40,2.30
2010.01.28 23:24:20.880,1.564,1.56435,1.50,2.30
2010.01.28 23:24:21.680,1.56395,1.5643,2.40,1.50
2010.01.28 23:24:22.650,1.56395,1.5643,2.40,3.80
2010.01.28 23:24:23.930,1.564,1.56435,4.00,1.00
2010.01.28 23:24:24.269,1.56405,1.56435,1.50,1.00
2010.01.28 23:24:24.609,1.56405,1.5644,4.00,1.00
2010.01.28 23:24:25.969,1.56405,1.5644,4.10,1.00
2010.01.28 23:24:26.089,1.5641,1.56445,1.00,3.80
2010.01.28 23:24:26.149,1.5641,1.56445,2.40,3.80
2010.01.28 23:24:26.369,1.5641,1.56445,4.00,2.30
2010.01.28 23:24:27.578,1.56415,1.5645,2.50,1.00
2010.01.28 23:24:27.929,1.5643,1.5646,1.50,2.30
2010.01.28 23:24:28.279,1.5643,1.5646,1.60,2.30
2010.01.28 23:24:28.799,1.56435,1.56475,6.30,2.30
2010.01.28 23:24:28.858,1.5644,1.56475,2.40,2.30
2010.01.28 23:24:34.257,1.5644,1.5647,1.00,3.10
2010.01.28 23:24:34.437,1.56435,1.5647,1.00,3.80
2010.01.28 23:24:34.607,1.56435,1.56465,1.00,1.00
2010.01.28 23:24:34.787,1.5643,1.56465,2.60,1.60
2010.01.28 23:24:34.947,1.5643,1.5646,2.40,1.50
2010.01.28 23:24:38.356,1.5644,1.56475,1.00,2.20
2010.01.28 23:24:38.706,1.56445,1.56475,2.40,2.20
2010.01.28 23:24:39.915,1.56445,1.56475,2.40,1.00
2010.01.28 23:24:43.954,1.56445,1.56475,4.00,1.00
2010.01.28 23:24:44.254,1.56445,1.5648,6.40,2.30
2010.01.28 23:24:44.904,1.5645,1.56485,2.40,2.20
2010.01.28 23:24:45.074,1.5645,1.56485,2.60,2.20
2010.01.28 23:24:45.254,1.56455,1.56485,2.40,1.50
2010.01.28 23:24:45.374,1.56455,1.5649,4.00,2.30
2010.01.28 23:24:45.614,1.56455,1.56495,4.00,3.80
2010.01.28 23:24:45.734,1.56455,1.56485,2.40,1.50
2010.01.28 23:24:45.854,1.5646,1.56485,1.00,1.50
2010.01.28 23:24:45.914,1.5646,1.56495,1.00,5.10
2010.01.28 23:24:46.034,1.5646,1.56495,1.00,3.80
2010.01.28 23:24:46.144,1.5646,1.56485,1.00,1.50
2010.01.28 23:24:46.374,1.56455,1.56485,2.40,1.50
2010.01.28 23:24:47.024,1.5646,1.56495,1.00,3.80
2010.01.28 23:24:50.323,1.56455,1.56485,2.40,1.50
2010.01.28 23:24:52.442,1.56455,1.56485,2.60,1.50
2010.01.28 23:24:52.792,1.56455,1.5649,2.60,3.80
2010.01.28 23:24:55.412,1.56455,1.5649,2.40,3.90
2010.01.28 23:24:55.582,1.56455,1.5648,2.40,1.50
2010.01.28 23:24:55.642,1.56455,1.5649,2.40,5.30
2010.01.28 23:24:55.702,1.56455,1.5649,2.40,3.80
2010.01.28 23:24:55.762,1.5645,1.56485,4.10,1.00
2010.01.28 23:24:56.942,1.56455,1.56485,1.00,1.00
2010.01.28 23:24:59.921,1.5646,1.56485,1.50,1.00
2010.01.28 23:25:00.091,1.56465,1.5649,1.60,1.00
2010.01.28 23:25:00.410,1.56465,1.56495,1.50,2.30
2010.01.28 23:25:00.640,1.56465,1.56495,1.60,2.30
2010.01.28 23:25:03.330,1.56465,1.56495,1.50,2.30
2010.01.28 23:25:03.560,1.56465,1.56495,1.60,2.30
2010.01.28 23:25:05.449,1.56465,1.56495,1.60,1.00
2010.01.28 23:25:05.500,1.56465,1.565,2.50,2.30
2010.01.28 23:25:09.209,1.56465,1.56495,1.00,1.60
2010.01.28 23:25:09.388,1.5646,1.56495,2.40,2.30
2010.01.28 23:25:09.568,1.5646,1.56495,1.50,2.30
2010.01.28 23:25:09.738,1.5646,1.5649,1.50,1.00
2010.01.28 23:25:11.808,1.5646,1.56495,1.50,2.30
2010.01.28 23:25:15.247,1.5646,1.56495,2.40,2.30
2010.01.28 23:25:15.467,1.5646,1.56495,4.00,2.30
2010.01.28 23:25:15.867,1.56455,1.56495,4.20,1.60
2010.01.28 23:25:15.987,1.5646,1.565,4.00,3.80
2010.01.28 23:25:26.434,1.5646,1.5649,2.40,1.60
2010.01.28 23:25:26.545,1.5646,1.56475,2.40,1.50
2010.01.28 23:25:26.604,1.5645,1.56475,2.40,1.50
2010.01.28 23:25:28.034,1.5645,1.56475,2.40,1.60
2010.01.28 23:25:28.374,1.5645,1.56475,2.40,1.50
2010.01.28 23:25:28.654,1.56455,1.5649,1.00,2.30
2010.01.28 23:25:28.943,1.56455,1.5649,2.40,1.60
2010.01.28 23:25:29.234,1.5647,1.565,1.50,2.30
2010.01.28 23:25:30.283,1.5646,1.565,2.40,2.30
2010.01.28 23:25:30.524,1.5646,1.5651,2.40,3.90
2010.01.28 23:25:31.583,1.5646,1.56495,2.40,3.80
2010.01.28 23:25:33.183,1.56455,1.56495,2.40,3.80
2010.01.28 23:25:33.912,1.56455,1.56495,2.40,3.90
2010.01.28 23:25:35.103,1.56455,1.56485,2.40,1.50
2010.01.28 23:25:36.132,1.56455,1.56485,1.00,1.50
2010.01.28 23:25:36.362,1.56455,1.5649,1.00,5.10
2010.01.28 23:25:36.482,1.5645,1.56485,3.90,1.00
2010.01.28 23:25:36.822,1.56455,1.56485,1.00,1.60
2010.01.28 23:25:38.041,1.56455,1.56485,1.00,1.50
2010.01.28 23:25:38.371,1.5645,1.56475,2.40,1.50
2010.01.28 23:25:38.651,1.5645,1.56485,4.00,1.00
2010.01.28 23:25:40.521,1.56455,1.5649,1.00,2.30
2010.01.28 23:25:40.931,1.5646,1.5649,1.50,2.30
2010.01.28 23:25:41.531,1.5646,1.5649,1.50,1.00
2010.01.28 23:25:41.751,1.5646,1.56495,2.40,2.30
2010.01.28 23:25:43.380,1.5646,1.56495,1.00,3.80
2010.01.28 23:25:43.730,1.5646,1.56495,2.40,2.30
2010.01.28 23:25:45.910,1.5646,1.5649,1.00,1.60
2010.01.28 23:25:46.029,1.5646,1.56485,1.00,1.50
2010.01.28 23:25:46.319,1.56455,1.56485,1.00,1.50
2010.01.28 23:25:47.069,1.56455,1.5648,1.00,1.00
2010.01.28 23:25:47.289,1.56455,1.5648,1.00,1.00
2010.01.28 23:25:47.459,1.56455,1.5649,2.40,1.00
2010.01.28 23:25:47.629,1.5646,1.5649,1.00,1.00
2010.01.28 23:25:47.909,1.56455,1.5649,2.40,1.00
2010.01.28 23:25:48.259,1.5646,1.5649,1.50,1.00
2010.01.28 23:25:48.599,1.56455,1.56485,2.40,1.00
2010.01.28 23:25:48.949,1.56455,1.56485,1.00,1.00
2010.01.28 23:25:53.148,1.56445,1.56465,2.40,1.50
2010.01.28 23:25:53.498,1.56445,1.5648,2.40,1.50
2010.01.28 23:25:54.168,1.5645,1.5648,1.00,1.60
2010.01.28 23:25:54.698,1.5644,1.56465,1.00,1.50
2010.01.28 23:25:55.857,1.5644,1.5647,2.40,1.50
2010.01.28 23:25:56.147,1.56445,1.5647,1.00,1.50
2010.01.28 23:25:56.437,1.5645,1.5648,2.40,1.60
2010.01.28 23:25:57.977,1.5645,1.5648,2.40,1.50
2010.01.28 23:25:58.206,1.56455,1.5649,2.40,1.60
2010.01.28 23:25:58.846,1.5646,1.5649,2.40,1.60
2010.01.28 23:25:59.136,1.5646,1.5649,2.40,1.50
2010.01.28 23:25:59.366,1.5646,1.56485,2.40,1.50
2010.01.28 23:25:59.587,1.5646,1.5649,2.40,1.00
2010.01.28 23:25:59.756,1.5646,1.56485,2.40,1.50
2010.01.28 23:25:59.976,1.5646,1.5649,2.40,1.60
2010.01.28 23:26:01.516,1.5646,1.5649,2.40,1.50
2010.01.28 23:26:08.024,1.56455,1.5648,2.40,1.60
2010.01.28 23:26:09.264,1.5645,1.5648,2.40,1.60
2010.01.28 23:26:10.644,1.5645,1.5648,2.40,1.50
2010.01.28 23:26:10.823,1.56455,1.5649,1.00,2.30
2010.01.28 23:26:13.163,1.56455,1.5649,1.00,2.30
2010.01.28 23:26:14.353,1.5646,1.5649,1.00,2.30
2010.01.28 23:26:14.903,1.5646,1.5649,1.00,2.20
2010.01.28 23:26:15.412,1.5646,1.5649,1.00,1.00
2010.01.28 23:26:15.872,1.5646,1.56495,1.00,3.90
2010.01.28 23:26:16.802,1.56465,1.56495,1.00,1.60
2010.01.28 23:26:16.923,1.56465,1.565,1.00,3.80
2010.01.28 23:26:17.282,1.56465,1.565,1.00,1.50
2010.01.28 23:26:17.392,1.5647,1.56505,2.40,5.10
2010.01.28 23:26:17.692,1.5647,1.56505,2.40,3.80
2010.01.28 23:26:22.691,1.56465,1.56495,1.00,1.50
2010.01.28 23:26:22.981,1.56475,1.565,1.50,2.30
2010.01.28 23:26:23.261,1.56465,1.565,1.00,5.00
2010.01.28 23:26:23.440,1.56465,1.565,1.00,3.80
2010.01.28 23:26:29.139,1.56465,1.565,1.00,3.80
2010.01.28 23:26:29.829,1.5647,1.565,1.50,2.30
2010.01.28 23:26:30.709,1.5647,1.565,2.40,1.60
2010.01.28 23:26:30.879,1.5647,1.56505,4.00,1.00
2010.01.28 23:26:32.219,1.5647,1.56505,2.40,2.30
2010.01.28 23:26:32.398,1.56465,1.565,2.60,2.30
2010.01.28 23:26:32.778,1.56465,1.56495,2.40,1.50
2010.01.28 23:26:32.949,1.5646,1.56495,2.40,1.50
2010.01.28 23:26:33.828,1.5646,1.5649,2.40,1.50
2010.01.28 23:26:34.168,1.5646,1.56495,2.40,1.50
2010.01.28 23:26:34.798,1.56475,1.5651,1.50,2.40
2010.01.28 23:26:35.098,1.56475,1.5652,1.50,2.30
2010.01.28 23:26:36.707,1.5649,1.56525,1.00,3.90
2010.01.28 23:26:36.998,1.56495,1.56525,1.50,2.30
2010.01.28 23:26:37.517,1.56495,1.56525,2.40,1.60
2010.01.28 23:26:37.797,1.56495,1.5653,2.40,2.30
2010.01.28 23:26:38.037,1.56495,1.5653,2.50,2.30
2010.01.28 23:26:38.647,1.56505,1.56535,1.50,2.30
2010.01.28 23:26:38.877,1.565,1.56525,1.00,1.50
2010.01.28 23:26:39.147,1.5649,1.56525,1.00,3.80
2010.01.28 23:26:39.437,1.56495,1.56525,1.50,2.30
2010.01.28 23:26:40.776,1.5649,1.56525,1.00,3.80
2010.01.28 23:26:41.506,1.5649,1.56525,1.00,3.90
2010.01.28 23:26:41.616,1.56485,1.5652,2.40,2.30
2010.01.28 23:26:41.726,1.5648,1.5652,4.10,3.80
2010.01.28 23:26:42.236,1.5648,1.56515,4.10,2.40
2010.01.28 23:26:42.916,1.56485,1.56515,1.00,2.30
2010.01.28 23:26:44.315,1.56485,1.5651,1.00,2.30
2010.01.28 23:26:45.885,1.56485,1.56495,1.00,1.50
2010.01.28 23:26:46.005,1.5647,1.56495,2.40,1.50
2010.01.28 23:26:46.065,1.5646,1.56495,2.40,1.50
2010.01.28 23:26:46.705,1.5645,1.56485,4.00,1.00
2010.01.28 23:26:47.265,1.5645,1.5648,1.00,1.50
2010.01.28 23:26:49.984,1.5645,1.5648,1.00,1.60
2010.01.28 23:26:50.214,1.5645,1.56485,2.40,2.30
2010.01.28 23:26:50.444,1.5645,1.5648,1.00,1.50
2010.01.28 23:26:51.204,1.5645,1.5648,1.00,1.60
2010.01.28 23:26:51.324,1.5645,1.5647,1.00,1.50
2010.01.28 23:26:51.494,1.56435,1.56465,1.00,1.50
2010.01.28 23:26:51.654,1.56435,1.5647,1.00,3.50
2010.01.28 23:26:51.774,1.56435,1.56475,2.50,2.30
2010.01.28 23:26:52.064,1.56435,1.56475,4.10,2.30
2010.01.28 23:26:52.424,1.56445,1.5647,1.50,1.00
2010.01.28 23:26:52.763,1.56445,1.56475,2.40,1.00
2010.01.28 23:26:54.053,1.56445,1.56475,2.50,1.00
2010.01.28 23:26:54.283,1.5645,1.56475,1.00,1.00
2010.01.28 23:26:56.303,1.56445,1.56475,2.40,1.00
2010.01.28 23:26:57.002,1.5644,1.56475,1.00,3.80
2010.01.28 23:26:57.332,1.5644,1.56475,1.00,3.80
2010.01.28 23:26:57.892,1.5644,1.56475,1.00,3.90
2010.01.28 23:26:58.252,1.5644,1.56475,1.00,3.90
2010.01.28 23:27:02.361,1.56425,1.5646,1.00,2.30
2010.01.28 23:27:03.971,1.56425,1.56455,1.00,1.00
2010.01.28 23:27:04.890,1.56425,1.5646,1.00,2.30
2010.01.28 23:27:05.111,1.56425,1.5646,2.40,2.30
2010.01.28 23:27:05.171,1.56425,1.5646,2.60,2.20
2010.01.28 23:27:05.341,1.56425,1.56465,4.10,2.30
2010.01.28 23:27:05.400,1.5643,1.56465,2.40,2.30
2010.01.28 23:27:05.451,1.5643,1.56465,3.90,2.30
2010.01.28 23:27:05.511,1.56435,1.5647,2.40,1.00
2010.01.28 23:27:05.980,1.56435,1.5647,2.40,1.00
2010.01.28 23:27:06.081,1.5644,1.56475,2.40,1.00
2010.01.28 23:27:08.880,1.56445,1.5648,4.00,2.30
2010.01.28 23:27:14.468,1.56445,1.56475,1.60,1.00
2010.01.28 23:27:14.638,1.56445,1.5648,2.40,2.20
2010.01.28 23:27:17.517,1.56445,1.5648,2.50,2.20
2010.01.28 23:27:17.678,1.56445,1.5648,4.10,1.00
2010.01.28 23:27:26.195,1.56445,1.56475,1.60,1.00
2010.01.28 23:27:26.246,1.56445,1.56475,1.50,1.00
2010.01.28 23:27:26.306,1.5644,1.56475,8.90,1.00
2010.01.28 23:27:26.475,1.5644,1.56475,6.50,1.00
2010.01.28 23:27:26.526,1.5644,1.56475,4.10,1.00
2010.01.28 23:27:27.275,1.5644,1.56475,4.00,1.00
2010.01.28 23:27:27.625,1.5644,1.56465,1.00,1.50
2010.01.28 23:27:28.295,1.5644,1.56475,2.40,2.30
2010.01.28 23:27:28.475,1.5644,1.56475,4.00,1.00
2010.01.28 23:27:29.445,1.56445,1.56475,1.60,1.00
2010.01.28 23:27:33.234,1.56445,1.5648,4.10,2.30
2010.01.28 23:27:36.173,1.56435,1.5647,2.40,2.20
2010.01.28 23:27:39.792,1.56435,1.56465,2.40,1.60
2010.01.28 23:27:40.362,1.56435,1.5646,2.40,1.00
2010.01.28 23:27:40.472,1.5643,1.56455,2.40,1.50
2010.01.28 23:27:41.502,1.5643,1.56455,1.00,1.50
2010.01.28 23:27:42.271,1.5643,1.56455,1.00,1.60
2010.01.28 23:27:49.330,1.5644,1.56475,2.40,2.30
2010.01.28 23:27:49.500,1.5643,1.5647,4.00,1.50
2010.01.28 23:27:49.960,1.5644,1.5647,2.40,1.60
2010.01.28 23:27:50.070,1.5644,1.5647,2.40,1.50
2010.01.28 23:27:50.941,1.5644,1.56465,2.40,1.60
2010.01.28 23:27:51.339,1.5644,1.56465,2.40,1.50
2010.01.28 23:27:51.509,1.5644,1.56465,2.40,1.60
2010.01.28 23:27:52.079,1.5644,1.56455,2.40,1.00
2010.01.28 23:27:52.189,1.5643,1.56455,1.00,1.60
2010.01.28 23:27:53.279,1.5643,1.56455,2.30,1.00
2010.01.28 23:27:53.639,1.56435,1.56465,1.50,1.00
2010.01.28 23:27:53.979,1.56435,1.5647,6.30,1.00
2010.01.28 23:27:55.029,1.56435,1.5647,6.40,1.00
2010.01.28 23:27:55.378,1.56445,1.5647,4.80,1.00
2010.01.28 23:27:56.998,1.56445,1.5647,2.40,1.00
2010.01.28 23:27:57.288,1.5645,1.5648,2.40,2.30
2010.01.28 23:27:57.508,1.5645,1.5648,2.40,2.40
2010.01.28 23:27:58.148,1.5645,1.5648,2.40,2.30
2010.01.28 23:27:59.357,1.56445,1.5648,7.20,2.30
2010.01.28 23:27:59.877,1.56445,1.5648,7.30,2.30
2010.01.28 23:28:01.897,1.5645,1.5648,2.40,2.30
2010.01.28 23:28:02.866,1.56445,1.5648,7.30,2.30
2010.01.28 23:28:04.856,1.5646,1.5649,1.50,2.30
2010.01.28 23:28:05.206,1.56465,1.56495,2.40,2.30
2010.01.28 23:28:05.326,1.5646,1.56495,1.50,2.30
2010.01.28 23:28:06.885,1.5646,1.56495,1.60,2.30
2010.01.28 23:28:07.525,1.5646,1.56495,2.50,2.30
2010.01.28 23:28:08.225,1.5646,1.56495,3.30,2.30
2010.01.28 23:28:08.575,1.56465,1.565,1.00,3.90
2010.01.28 23:28:08.745,1.5647,1.565,3.90,2.30
2010.01.28 23:28:08.905,1.5647,1.565,1.50,2.30
2010.01.28 23:28:09.945,1.5647,1.565,1.60,2.30
2010.01.28 23:28:10.285,1.5647,1.565,1.50,2.30
2010.01.28 23:28:10.615,1.56465,1.565,1.00,3.80
2010.01.28 23:28:11.434,1.56465,1.565,3.20,3.80
2010.01.28 23:28:11.825,1.56465,1.565,3.30,3.80
2010.01.28 23:28:11.885,1.56465,1.565,3.20,3.80
2010.01.28 23:28:13.084,1.56465,1.565,3.20,3.90
2010.01.28 23:28:21.922,1.5646,1.56495,2.50,2.30
2010.01.28 23:28:23.442,1.5647,1.565,1.50,2.30
2010.01.28 23:28:23.792,1.56465,1.56485,2.40,1.50
2010.01.28 23:28:24.082,1.56465,1.5649,1.50,2.30
2010.01.28 23:28:25.461,1.56465,1.56495,1.50,2.30
2010.01.28 23:28:25.751,1.5647,1.56495,1.00,2.30
2010.01.28 23:28:25.981,1.5647,1.56495,1.60,2.30
2010.01.28 23:28:26.441,1.5647,1.56495,1.50,2.30
2010.01.28 23:28:26.561,1.56465,1.56495,1.00,2.30
2010.01.28 23:28:38.028,1.56455,1.5649,7.40,1.50
2010.01.28 23:28:38.428,1.5646,1.56495,4.00,2.30
2010.01.28 23:28:39.518,1.5647,1.56495,1.60,1.00
2010.01.28 23:28:39.998,1.56465,1.56495,1.50,1.00
2010.01.28 23:28:41.907,1.5646,1.56495,4.80,3.80
2010.01.28 23:28:47.746,1.5646,1.56495,2.40,3.80
2010.01.28 23:28:49.945,1.5646,1.56495,2.40,3.90
2010.01.28 23:28:59.123,1.56475,1.56505,1.50,2.30
2010.01.28 23:28:59.353,1.56475,1.565,1.50,1.00
2010.01.28 23:28:59.573,1.56465,1.565,2.40,2.30
2010.01.28 23:29:01.533,1.56465,1.56495,1.00,1.50
2010.01.28 23:29:01.593,1.5647,1.56495,1.00,1.50
2010.01.28 23:29:02.132,1.5647,1.56505,1.00,4.20
2010.01.28 23:29:02.243,1.56475,1.56505,1.50,2.30
2010.01.28 23:29:03.432,1.5647,1.56505,2.40,1.90
2010.01.28 23:29:03.712,1.5648,1.56515,1.20,3.80
2010.01.28 23:29:04.062,1.5647,1.56505,1.50,2.30
2010.01.28 23:29:04.392,1.5647,1.565,1.50,1.00
2010.01.28 23:29:04.742,1.56465,1.565,4.00,1.00
2010.01.28 23:29:05.411,1.56465,1.56505,4.90,2.30
2010.01.28 23:29:05.752,1.5647,1.56505,1.00,2.30
2010.01.28 23:29:06.081,1.5647,1.56505,1.00,2.30
2010.01.28 23:29:06.261,1.56465,1.56505,4.10,2.30
2010.01.28 23:29:07.001,1.5647,1.5651,6.50,1.50
2010.01.28 23:29:07.231,1.56485,1.5651,1.50,2.30
2010.01.28 23:29:07.761,1.56465,1.5651,1.50,2.30
2010.01.28 23:29:07.991,1.56465,1.56505,1.50,2.30
2010.01.28 23:29:08.641,1.5648,1.5651,1.50,2.30
2010.01.28 23:29:08.991,1.5648,1.56515,2.50,2.40
2010.01.28 23:29:09.380,1.56475,1.56515,4.00,3.90
2010.01.28 23:29:09.730,1.56475,1.5651,4.00,1.00
2010.01.28 23:29:10.070,1.56475,1.5651,4.00,1.00
2010.01.28 23:29:12.070,1.56475,1.5651,2.40,2.30
2010.01.28 23:29:12.130,1.56475,1.5651,1.60,2.30
2010.01.28 23:29:12.360,1.56475,1.5651,1.50,2.30
2010.01.28 23:29:12.710,1.56465,1.565,4.00,1.00
2010.01.28 23:29:13.060,1.56465,1.565,2.40,2.30
2010.01.28 23:29:13.420,1.56465,1.56495,1.50,1.00
2010.01.28 23:29:13.939,1.56465,1.56495,1.60,1.00
2010.01.28 23:29:14.559,1.56475,1.56495,1.50,1.00
2010.01.28 23:29:14.789,1.56465,1.565,7.20,1.00
2010.01.28 23:29:15.069,1.56465,1.565,2.40,1.00
2010.01.28 23:29:15.309,1.56465,1.56495,2.40,1.00
2010.01.28 23:29:16.049,1.56465,1.56495,2.50,1.00
2010.01.28 23:29:16.459,1.56465,1.56495,3.80,1.00
2010.01.28 23:29:16.989,1.56475,1.565,1.50,1.00
2010.01.28 23:29:17.338,1.56465,1.565,1.00,3.80
2010.01.28 23:29:17.559,1.5646,1.565,4.00,3.80
2010.01.28 23:29:17.739,1.56475,1.565,1.20,3.10
2010.01.28 23:29:17.959,1.56485,1.5651,1.50,2.30
2010.01.28 23:29:22.157,1.56475,1.565,1.50,1.00
2010.01.28 23:29:23.008,1.5646,1.56495,4.80,2.30
2010.01.28 23:29:23.327,1.56455,1.5649,2.40,2.20
2010.01.28 23:29:23.687,1.5646,1.56495,2.40,2.30
2010.01.28 23:29:24.027,1.56455,1.5649,2.40,2.20
2010.01.28 23:29:25.007,1.5646,1.5649,1.00,2.20
2010.01.28 23:29:25.357,1.5646,1.5649,1.00,1.50
2010.01.28 23:29:25.567,1.5646,1.56495,1.00,1.50
2010.01.28 23:29:26.977,1.56465,1.56495,1.00,1.50
2010.01.28 23:29:27.266,1.5647,1.56505,2.40,2.30
2010.01.28 23:29:27.656,1.5647,1.56505,4.00,1.00
2010.01.28 23:29:27.886,1.5647,1.5651,5.20,2.20
2010.01.28 23:29:28.056,1.5648,1.5651,1.50,1.00
2010.01.28 23:29:28.626,1.56475,1.5651,2.40,2.20
2010.01.28 23:29:29.336,1.56475,1.5651,1.00,2.20
2010.01.28 23:29:29.906,1.56475,1.5651,1.00,3.80
2010.01.28 23:29:30.136,1.56475,1.5651,1.00,3.90
2010.01.28 23:29:30.636,1.5648,1.5651,1.50,1.00
2010.01.28 23:29:30.985,1.56475,1.5651,1.00,2.20
2010.01.28 23:29:31.225,1.56475,1.5651,1.00,3.80
2010.01.28 23:29:31.825,1.56475,1.565,1.00,1.20
2010.01.28 23:29:32.115,1.56455,1.56495,1.00,3.80
2010.01.28 23:29:32.635,1.5646,1.56495,1.00,3.80
2010.01.28 23:29:32.925,1.5646,1.56495,1.00,3.90
2010.01.28 23:29:33.155,1.5646,1.56495,2.40,3.90
2010.01.28 23:29:33.435,1.5646,1.56495,2.40,1.50
2010.01.28 23:29:33.715,1.56455,1.5649,2.40,2.20
2010.01.28 23:29:34.405,1.5646,1.5649,2.40,1.50
2010.01.28 23:29:34.994,1.5646,1.56495,2.40,2.20
2010.01.28 23:29:35.275,1.56465,1.565,2.40,3.80
2010.01.28 23:29:35.764,1.5647,1.56505,2.40,2.30
2010.01.28 23:29:37.044,1.5647,1.56505,2.50,2.30
2010.01.28 23:29:37.854,1.5647,1.56505,2.40,2.30
2010.01.28 23:29:38.894,1.5647,1.565,1.50,1.90
2010.01.28 23:29:39.234,1.5647,1.565,1.50,1.20
2010.01.28 23:29:39.453,1.5647,1.565,1.00,1.50
2010.01.28 23:29:39.673,1.56465,1.56495,2.40,1.50
2010.01.28 23:29:42.493,1.5647,1.5651,2.40,2.30
2010.01.28 23:29:42.662,1.56475,1.5651,1.00,2.30
2010.01.28 23:29:42.883,1.56475,1.56505,1.00,1.50
2010.01.28 23:29:43.232,1.5647,1.56505,2.40,2.20
2010.01.28 23:29:43.572,1.56465,1.565,2.40,3.80
2010.01.28 23:29:43.922,1.56465,1.565,2.40,3.90
2010.01.28 23:29:44.652,1.56465,1.565,1.60,3.90
2010.01.28 23:29:44.992,1.5646,1.565,4.00,3.90
2010.01.28 23:29:46.092,1.5646,1.5649,4.00,1.20
2010.01.28 23:29:46.212,1.5646,1.5648,1.60,2.20
2010.01.28 23:29:46.372,1.56445,1.5648,1.60,3.80
2010.01.28 23:29:46.491,1.5644,1.5648,4.10,3.80
2010.01.28 23:29:51.030,1.5644,1.5648,4.10,4.20
2010.01.28 23:29:51.980,1.56445,1.5648,1.00,4.30
2010.01.28 23:29:52.270,1.56445,1.56475,1.00,1.00
2010.01.28 23:29:52.490,1.56445,1.56475,1.00,2.30
2010.01.28 23:29:54.760,1.56445,1.5647,1.00,1.00
2010.01.28 23:29:56.349,1.56445,1.5647,1.00,2.30
2010.01.28 23:29:56.870,1.5644,1.5647,1.00,2.40
2010.01.28 23:29:58.599,1.5643,1.56465,2.60,4.20
2010.01.28 23:29:58.959,1.5643,1.56465,1.00,4.20
2010.01.28 23:29:59.539,1.5643,1.56465,1.70,4.20
2010.01.28 23:29:59.839,1.5643,1.56465,2.50,4.30
2010.01.28 23:30:00.049,1.5643,1.56465,2.60,4.30
2010.01.28 23:30:01.258,1.56435,1.5647,1.00,2.70
2010.01.28 23:30:02.128,1.56435,1.56465,1.00,2.00
2010.01.28 23:30:02.568,1.56435,1.56465,1.00,1.60
2010.01.28 23:30:04.667,1.56435,1.5647,1.00,2.30
2010.01.28 23:30:05.007,1.56435,1.5647,1.00,2.80
2010.01.28 23:30:05.367,1.56435,1.56465,1.00,1.00
2010.01.28 23:30:05.897,1.56435,1.5647,1.00,2.40
2010.01.28 23:30:07.687,1.5643,1.56465,2.40,2.40
2010.01.28 23:30:09.966,1.56435,1.5647,1.00,2.40
2010.01.28 23:30:11.726,1.5644,1.5647,1.00,1.70
2010.01.28 23:30:11.946,1.5644,1.5647,1.00,1.00
2010.01.28 23:30:16.044,1.5644,1.5647,2.40,1.00
2010.01.28 23:30:17.914,1.5644,1.5647,2.40,1.60
2010.01.28 23:30:18.724,1.56445,1.5648,1.50,2.30
2010.01.28 23:30:19.064,1.5645,1.56485,1.00,3.90
2010.01.28 23:30:20.243,1.5645,1.56485,2.40,1.50
2010.01.28 23:30:20.533,1.5645,1.5649,6.40,1.00
2010.01.28 23:30:20.813,1.56455,1.5649,2.40,1.00
2010.01.28 23:30:21.543,1.56455,1.56485,2.40,1.50
2010.01.28 23:30:23.923,1.56455,1.56485,2.40,1.60
2010.01.28 23:30:25.073,1.56455,1.5649,2.40,2.30
2010.01.28 23:30:28.621,1.5645,1.56475,1.00,1.50
2010.01.28 23:30:28.961,1.5645,1.56485,1.00,3.90
2010.01.28 23:30:37.499,1.5645,1.56485,2.40,3.90
2010.01.28 23:30:39.259,1.56445,1.5647,2.40,1.00
2010.01.28 23:30:39.609,1.56445,1.5648,4.00,1.00
2010.01.28 23:30:39.959,1.5645,1.56485,2.40,3.90
2010.01.28 23:30:47.497,1.5645,1.56485,2.40,2.30
2010.01.28 23:30:47.617,1.5645,1.56485,2.40,1.60
2010.01.28 23:30:49.786,1.5645,1.56485,2.40,1.60
2010.01.28 23:30:54.805,1.56455,1.5649,2.40,1.00
2010.01.28 23:30:55.665,1.5646,1.5649,1.00,1.00
2010.01.28 23:30:55.785,1.5646,1.5649,1.00,2.30
2010.01.28 23:30:55.955,1.56455,1.5649,2.40,3.90
2010.01.28 23:30:56.135,1.56455,1.56485,2.40,1.00
2010.01.28 23:30:56.295,1.56455,1.5649,2.40,3.80
2010.01.28 23:30:56.455,1.56455,1.5649,4.00,1.00
2010.01.28 23:30:56.735,1.5646,1.56495,1.00,3.90
2010.01.28 23:31:00.014,1.5646,1.56495,1.00,3.80
2010.01.28 23:31:00.244,1.56465,1.565,2.40,2.30
2010.01.28 23:31:01.843,1.56465,1.565,2.50,2.30
2010.01.28 23:31:04.493,1.56465,1.565,4.10,1.00
2010.01.28 23:31:15.180,1.5647,1.565,1.60,1.00
2010.01.28 23:31:15.410,1.5647,1.565,2.40,1.00
2010.01.28 23:31:18.250,1.56485,1.5651,1.50,2.30
2010.01.28 23:31:18.600,1.5647,1.56505,4.10,2.30
2010.01.28 23:31:18.949,1.56475,1.56505,1.60,2.30
2010.01.28 23:31:19.299,1.5647,1.56505,2.40,3.80
2010.01.28 23:31:20.619,1.5647,1.56505,2.40,2.20
2010.01.28 23:31:20.909,1.56475,1.5651,1.50,2.30
2010.01.28 23:31:21.139,1.56475,1.5651,2.40,2.30
2010.01.28 23:31:22.969,1.56475,1.5651,2.50,2.30
2010.01.28 23:31:24.748,1.56475,1.56505,1.00,1.00
2010.01.28 23:31:25.098,1.5647,1.56505,4.10,1.00
2010.01.28 23:31:25.658,1.56475,1.5651,2.50,2.30
2010.01.28 23:31:25.898,1.5648,1.5651,1.60,1.00
2010.01.28 23:31:26.358,1.56485,1.5651,1.60,1.00
2010.01.28 23:31:26.637,1.5648,1.5651,1.60,1.00
2010.01.28 23:31:27.378,1.5648,1.56515,1.50,2.40
2010.01.28 23:31:27.498,1.56475,1.56515,4.10,3.90
2010.01.28 23:31:27.887,1.5648,1.56515,1.00,3.80
2010.01.28 23:31:28.227,1.5648,1.56515,1.60,2.30
2010.01.28 23:31:34.695,1.5648,1.5651,1.60,2.30
2010.01.28 23:31:38.915,1.5648,1.5651,1.60,2.30
2010.01.28 23:31:50.762,1.5648,1.5651,1.60,1.00
2010.01.28 23:31:50.931,1.56485,1.56515,2.40,2.30
2010.01.28 23:31:51.102,1.56485,1.56515,4.80,1.00
2010.01.28 23:31:51.971,1.5648,1.56515,8.80,1.00
2010.01.28 23:31:54.901,1.56485,1.56515,5.60,1.00
2010.01.28 23:31:55.191,1.56485,1.5652,6.50,1.00
2010.01.28 23:31:55.760,1.5649,1.5652,1.60,1.00
2010.01.28 23:31:55.980,1.565,1.56525,1.00,1.00
2010.01.28 23:32:15.546,1.5649,1.56525,1.00,2.30
2010.01.28 23:32:18.795,1.56485,1.5652,7.20,3.80
2010.01.28 23:32:19.155,1.56485,1.5652,7.20,3.90
2010.01.28 23:32:19.495,1.5649,1.56525,4.00,2.30
2010.01.28 23:32:20.125,1.565,1.5653,1.70,3.80
2010.01.28 23:32:20.465,1.565,1.5652,1.70,1.50
2010.01.28 23:32:20.815,1.565,1.5653,1.60,1.50
2010.01.28 23:32:20.934,1.565,1.56535,3.10,2.30
2010.01.28 23:32:21.514,1.565,1.5653,1.60,1.50
2010.01.28 23:32:21.914,1.565,1.5653,1.60,3.10
2010.01.28 23:32:22.084,1.565,1.5653,4.00,3.80
2010.01.28 23:32:22.204,1.565,1.5653,7.90,2.30
2010.01.28 23:32:22.374,1.565,1.5653,3.10,2.30
2010.01.28 23:32:24.154,1.565,1.5653,3.20,2.30
2010.01.28 23:32:24.834,1.565,1.5653,3.20,2.30
2010.01.28 23:32:25.863,1.565,1.5653,3.20,1.00
2010.01.28 23:32:26.103,1.565,1.56535,3.20,2.30
2010.01.28 23:32:26.553,1.5651,1.56535,1.00,1.00
2010.01.28 23:32:26.723,1.56515,1.5654,1.50,1.60
2010.01.28 23:32:26.903,1.5652,1.5654,1.60,1.60
2010.01.28 23:32:30.152,1.56535,1.56545,1.00,1.60
2010.01.28 23:32:30.482,1.56525,1.5654,1.00,1.60
2010.01.28 23:32:30.812,1.5652,1.5654,5.70,1.60
2010.01.28 23:32:31.372,1.5652,1.5654,4.10,1.60
2010.01.28 23:32:31.592,1.5652,1.5654,2.50,1.60
2010.01.28 23:32:32.352,1.56525,1.5654,1.00,1.60
2010.01.28 23:32:32.532,1.56525,1.5654,1.60,1.60
2010.01.28 23:32:35.601,1.56535,1.5654,1.00,1.60
2010.01.28 23:32:36.531,1.56535,1.5654,1.80,1.00
2010.01.28 23:32:36.700,1.5654,1.56545,1.60,1.00
2010.01.28 23:32:37.281,1.56535,1.56545,1.80,1.00
2010.01.28 23:32:37.670,1.56535,1.56545,1.60,1.00
2010.01.28 23:32:37.730,1.56535,1.56545,1.00,1.00
2010.01.28 23:32:38.350,1.56535,1.5654,1.00,1.00
2010.01.28 23:32:40.290,1.5653,1.5654,2.60,1.00
2010.01.28 23:32:41.289,1.5653,1.5654,2.40,1.00
2010.01.28 23:32:41.340,1.56525,1.5654,2.40,1.00
2010.01.28 23:32:45.288,1.56525,1.5654,1.00,1.00
2010.01.28 23:32:46.488,1.56525,1.5654,2.40,1.00
2010.01.28 23:32:46.948,1.56525,1.5654,4.80,1.00
2010.01.28 23:32:47.528,1.56525,1.5654,2.40,1.00
2010.01.28 23:32:47.638,1.56535,1.5654,1.00,1.00
2010.01.28 23:32:48.038,1.56535,1.5654,1.00,1.00
2010.01.28 23:32:48.987,1.5653,1.5654,2.40,1.00
2010.01.28 23:32:51.348,1.5653,1.5654,2.60,1.00
2010.01.28 23:32:51.797,1.56535,1.5654,1.00,1.00
2010.01.28 23:32:53.727,1.5654,1.56565,1.00,1.90
2010.01.28 23:32:54.076,1.5654,1.5658,1.00,1.50
2010.01.28 23:33:00.835,1.5653,1.5656,1.00,1.60
2010.01.28 23:33:01.875,1.56535,1.5656,1.00,1.50
2010.01.28 23:33:01.995,1.56535,1.56565,1.00,1.60
2010.01.28 23:33:05.964,1.56535,1.5657,1.00,3.90
2010.01.28 23:33:06.883,1.56535,1.5655,1.00,1.50
2010.01.28 23:33:07.643,1.56535,1.5655,1.00,2.20
2010.01.28 23:33:07.983,1.5652,1.5655,1.00,2.20
2010.01.28 23:33:09.003,1.56515,1.56545,1.00,2.20
2010.01.28 23:33:09.523,1.56515,1.56545,1.00,2.30
2010.01.28 23:33:12.453,1.56495,1.56525,2.40,1.50
2010.01.28 23:33:12.622,1.5649,1.56525,1.00,3.80
2010.01.28 23:33:14.442,1.56485,1.5652,2.60,1.00
2010.01.28 23:33:14.741,1.5649,1.5652,1.00,1.00
2010.01.28 23:33:19.700,1.5649,1.56505,1.00,1.50
2010.01.28 23:33:20.040,1.56455,1.56515,2.40,2.30
2010.01.28 23:33:20.960,1.5646,1.56505,1.00,1.00
2010.01.28 23:33:21.790,1.5647,1.56505,2.40,1.00
2010.01.28 23:33:22.130,1.5647,1.56505,2.60,1.00
2010.01.28 23:33:22.250,1.56485,1.56505,1.50,1.00
2010.01.28 23:33:22.430,1.56485,1.56515,1.50,2.30
2010.01.28 23:33:22.600,1.5649,1.56525,1.00,3.80
2010.01.28 23:33:23.429,1.56485,1.5652,2.40,2.30
2010.01.28 23:33:23.889,1.56485,1.5652,2.50,2.30
2010.01.28 23:33:24.569,1.56485,1.5652,1.00,3.80
2010.01.28 23:33:24.929,1.56485,1.5652,1.50,2.30
2010.01.28 23:33:25.279,1.5647,1.56505,2.40,1.00
2010.01.28 23:33:25.619,1.5647,1.5649,1.00,1.50
2010.01.28 23:33:25.969,1.56465,1.5649,1.00,1.50
2010.01.28 23:33:27.118,1.56455,1.5649,2.60,2.20
2010.01.28 23:33:27.908,1.5647,1.565,1.00,1.60
2010.01.28 23:33:28.148,1.56475,1.56505,1.50,2.30
2010.01.28 23:33:28.318,1.5647,1.565,1.00,1.50
2010.01.28 23:33:28.538,1.56475,1.56505,1.50,2.30
2010.01.28 23:33:28.778,1.56475,1.56505,3.10,2.30
2010.01.28 23:33:28.948,1.56475,1.565,1.60,1.50
2010.01.28 23:33:29.298,1.56475,1.56505,1.50,2.30
2010.01.28 23:33:29.648,1.56475,1.56505,3.10,2.30
2010.01.28 23:33:30.877,1.56475,1.56505,3.10,1.00
2010.01.28 23:33:31.167,1.5648,1.5651,1.00,1.00
2010.01.28 23:33:31.668,1.56485,1.5651,1.00,1.00
2010.01.28 23:33:31.778,1.56495,1.5651,3.10,1.00
2010.01.28 23:33:31.888,1.565,1.5652,1.00,1.00
2010.01.28 23:33:31.998,1.565,1.5653,1.00,3.80
2010.01.28 23:33:32.357,1.565,1.5653,1.50,2.30
2010.01.28 23:33:34.397,1.565,1.5653,1.60,2.30
2010.01.28 23:33:35.107,1.56505,1.56535,1.50,2.30
2010.01.28 23:33:35.926,1.56505,1.56535,1.60,2.30
2010.01.28 23:33:36.906,1.56505,1.56535,1.60,1.00
2010.01.28 23:33:37.016,1.56505,1.5654,1.60,2.30
2010.01.28 23:33:38.686,1.56505,1.56535,1.50,1.60
2010.01.28 23:33:39.046,1.565,1.56535,1.00,2.30
2010.01.28 23:33:39.746,1.565,1.5653,1.00,1.00
2010.01.28 23:33:40.145,1.56495,1.5653,2.40,2.30
2010.01.28 23:33:40.485,1.5649,1.56525,1.00,2.30
2010.01.28 23:33:41.075,1.5649,1.5652,1.00,3.10
2010.01.28 23:33:41.255,1.56485,1.5652,2.40,3.80
2010.01.28 23:33:41.965,1.56485,1.5652,2.60,3.80
2010.01.28 23:33:42.085,1.56485,1.5652,4.10,1.00
2010.01.28 23:33:42.195,1.5649,1.56525,1.00,2.30
2010.01.28 23:33:42.945,1.56495,1.56525,1.00,2.30
2010.01.28 23:33:43.285,1.5649,1.5652,1.00,1.50
2010.01.28 23:33:43.645,1.5649,1.56525,1.00,2.30
2010.01.28 23:33:44.664,1.5649,1.5652,1.00,1.50
2010.01.28 23:33:45.224,1.56485,1.5652,2.60,2.20
2010.01.28 23:33:45.574,1.56485,1.5652,1.00,3.80
2010.01.28 23:33:45.914,1.56485,1.56515,1.00,2.30
2010.01.28 23:33:46.274,1.5648,1.56515,4.10,2.30
2010.01.28 23:33:46.684,1.56485,1.56515,1.00,2.30
2010.01.28 23:33:46.804,1.56485,1.5652,1.60,2.30
2010.01.28 23:33:46.914,1.56485,1.5652,2.50,2.30
2010.01.28 23:33:47.084,1.56485,1.5652,1.00,3.80
2010.01.28 23:33:47.544,1.56485,1.56525,4.10,2.30
2010.01.28 23:33:48.174,1.5649,1.56525,2.40,2.30
2010.01.28 23:33:48.463,1.565,1.56525,1.00,2.30
2010.01.28 23:33:50.123,1.5651,1.56525,1.00,2.30
2010.01.28 23:33:50.473,1.5651,1.5653,1.00,2.30
2010.01.28 23:33:50.873,1.56505,1.5653,1.00,2.30
2010.01.28 23:33:51.503,1.56505,1.56535,1.00,2.30
2010.01.28 23:33:52.272,1.56505,1.56535,1.00,1.00
2010.01.28 23:33:52.622,1.56505,1.56535,1.70,1.00
2010.01.28 23:33:52.852,1.56515,1.56535,1.00,1.00
2010.01.28 23:33:53.072,1.5651,1.56535,1.50,1.00
2010.01.28 23:33:53.252,1.56505,1.56535,2.60,1.00
2010.01.28 23:33:53.843,1.565,1.5653,1.50,1.60
2010.01.28 23:33:54.192,1.56495,1.56525,1.00,1.00
2010.01.28 23:33:59.081,1.56505,1.5653,1.00,2.30
2010.01.28 23:33:59.911,1.5652,1.5654,1.50,2.30
2010.01.28 23:34:00.250,1.5652,1.56545,1.00,2.30
2010.01.28 23:34:00.600,1.5652,1.5655,1.60,2.30
2010.01.28 23:34:00.950,1.56525,1.5655,2.40,1.00
2010.01.28 23:34:02.260,1.56525,1.5655,2.40,1.00
2010.01.28 23:34:02.420,1.56515,1.56545,4.90,2.30
2010.01.28 23:34:02.930,1.56515,1.56535,2.40,1.50
2010.01.28 23:34:03.170,1.5651,1.5654,4.80,3.80
2010.01.28 23:34:04.080,1.56515,1.5654,2.40,2.30
2010.01.28 23:34:04.440,1.56515,1.5654,4.80,2.30
2010.01.28 23:34:08.538,1.5651,1.5653,2.40,1.50
2010.01.28 23:34:08.778,1.56495,1.5653,2.60,1.50
2010.01.28 23:34:08.949,1.56495,1.5653,2.60,3.80
2010.01.28 23:34:09.418,1.56495,1.5653,1.00,3.80
2010.01.28 23:34:09.978,1.56495,1.5653,1.00,3.80
2010.01.28 23:34:11.248,1.56495,1.5653,1.00,3.90
2010.01.28 23:34:11.478,1.56495,1.5652,1.00,1.50
2010.01.28 23:34:11.948,1.5649,1.5652,2.40,1.50
2010.01.28 23:34:12.008,1.5649,1.5652,1.00,1.50
2010.01.28 23:34:12.118,1.56485,1.5652,2.60,2.20
2010.01.28 23:34:12.957,1.56485,1.5652,2.40,2.20
2010.01.28 23:34:13.670,1.5649,1.56525,2.60,2.20
2010.01.28 23:34:13.897,1.565,1.5653,1.00,1.00
2010.01.28 23:34:14.137,1.565,1.56535,1.00,2.20
2010.01.28 23:34:14.317,1.565,1.56535,1.00,2.20
2010.01.28 23:34:14.547,1.565,1.56535,2.60,2.20
2010.01.28 23:34:15.267,1.565,1.5653,1.60,1.50
2010.01.28 23:34:15.617,1.56495,1.5653,1.00,2.20
2010.01.28 23:34:16.007,1.56495,1.5653,1.00,3.80
2010.01.28 23:34:18.246,1.56495,1.5653,1.00,2.20
2010.01.28 23:34:18.766,1.56495,1.5653,1.00,3.80
2010.01.28 23:34:21.596,1.56495,1.5653,4.00,1.00
2010.01.28 23:34:21.775,1.56495,1.5653,4.10,1.00
2010.01.28 23:34:22.015,1.565,1.56535,1.00,3.80
2010.01.28 23:34:22.075,1.565,1.56535,2.40,2.20
2010.01.28 23:34:22.965,1.565,1.56535,4.10,1.00
2010.01.28 23:34:23.495,1.565,1.56535,6.50,1.00
2010.01.28 23:34:24.075,1.56505,1.56535,1.00,1.00
2010.01.28 23:34:29.114,1.565,1.56535,1.60,2.30
2010.01.28 23:34:29.474,1.56495,1.56525,1.00,1.50
2010.01.28 23:34:34.122,1.5649,1.56515,1.00,1.50
2010.01.28 23:34:34.482,1.56485,1.56515,2.40,1.50
2010.01.28 23:34:34.772,1.5649,1.56515,1.00,1.50
2010.01.28 23:34:35.112,1.56485,1.5652,2.40,1.50
2010.01.28 23:34:35.472,1.565,1.56525,1.50,2.30
2010.01.28 23:34:35.762,1.56495,1.5653,2.60,1.50
2010.01.28 23:34:36.092,1.565,1.5653,2.40,1.50
2010.01.28 23:34:36.772,1.5649,1.5652,2.60,1.50
2010.01.28 23:34:39.202,1.5648,1.56515,1.00,3.80
2010.01.28 23:34:39.551,1.5648,1.56515,1.00,3.80
2010.01.28 23:34:39.831,1.5648,1.5651,1.00,1.00
2010.01.28 23:34:40.601,1.5647,1.56505,2.60,1.00
2010.01.28 23:34:40.961,1.5647,1.56505,1.00,1.00
2010.01.28 23:34:41.311,1.56475,1.56505,1.60,2.30
2010.01.28 23:34:42.550,1.5649,1.56505,1.00,1.60
2010.01.28 23:34:42.610,1.5649,1.56505,1.00,1.00
2010.01.28 23:34:42.910,1.5647,1.5651,1.00,2.30
2010.01.28 23:34:43.540,1.5648,1.56505,1.00,1.00
2010.01.28 23:34:48.969,1.56495,1.5652,1.00,2.30
2010.01.28 23:34:49.999,1.5649,1.5652,1.00,2.30
2010.01.28 23:34:50.348,1.56485,1.5651,1.00,1.00
2010.01.28 23:34:50.638,1.56475,1.5651,1.00,1.00
2010.01.28 23:34:50.928,1.56475,1.5651,1.00,2.30
2010.01.28 23:34:51.788,1.56475,1.5651,1.00,3.80
2010.01.28 23:34:52.988,1.56475,1.565,1.00,1.00
2010.01.28 23:34:53.678,1.56465,1.565,4.00,1.00
2010.01.28 23:34:53.848,1.56465,1.565,2.40,2.20
2010.01.28 23:34:54.647,1.56465,1.565,4.10,1.00
2010.01.28 23:34:55.917,1.5647,1.565,1.00,1.00
2010.01.28 23:34:58.777,1.5646,1.56495,1.00,3.80
2010.01.28 23:34:59.916,1.5645,1.56485,2.40,2.20
2010.01.28 23:35:00.256,1.5645,1.56485,1.00,2.20
2010.01.28 23:35:00.616,1.5645,1.56485,1.00,3.80
2010.01.28 23:35:03.125,1.5645,1.56485,4.00,1.00
2010.01.28 23:35:04.025,1.5645,1.56485,4.10,1.00
2010.01.28 23:35:05.225,1.56455,1.56485,1.00,1.00
2010.01.28 23:35:06.065,1.5645,1.56485,2.40,2.20
2010.01.28 23:35:06.634,1.5645,1.56485,2.60,2.20
2010.01.28 23:35:14.093,1.5645,1.56475,2.40,1.50
2010.01.28 23:35:14.393,1.56445,1.56475,1.00,1.50
2010.01.28 23:35:14.623,1.56445,1.5648,2.50,2.30
2010.01.28 23:35:14.972,1.56445,1.5648,4.10,1.00
2010.01.28 23:35:15.682,1.56445,1.56485,4.10,3.80
2010.01.28 23:35:20.781,1.5645,1.56485,1.00,3.80
2010.01.28 23:35:21.071,1.5645,1.5649,4.10,2.30
2010.01.28 23:35:21.841,1.56455,1.5649,1.00,2.30
2010.01.28 23:35:22.001,1.56455,1.5649,1.00,2.30
2010.01.28 23:35:22.751,1.56455,1.5649,2.60,2.30
2010.01.28 23:35:24.040,1.56455,1.5649,2.60,1.00
2010.01.28 23:35:26.120,1.5646,1.56495,2.40,2.30
2010.01.28 23:35:26.280,1.56465,1.56505,2.40,3.80
2010.01.28 23:35:26.930,1.56465,1.56505,2.60,3.80
2010.01.28 23:35:27.919,1.5647,1.56505,1.00,3.80
2010.01.28 23:35:38.017,1.5645,1.5648,2.40,1.50
2010.01.28 23:35:38.377,1.56445,1.5648,2.40,1.50
2010.01.28 23:35:40.116,1.56445,1.5648,2.40,2.20
2010.01.28 23:35:44.905,1.56445,1.5648,2.40,2.30
2010.01.28 23:35:45.235,1.56445,1.5647,1.00,1.50
2010.01.28 23:35:45.575,1.56445,1.5648,1.00,3.80
2010.01.28 23:35:45.795,1.56445,1.5648,1.00,3.80
2010.01.28 23:35:46.085,1.56445,1.5648,4.10,1.00
2010.01.28 23:35:46.315,1.5646,1.56495,1.00,2.30
2010.01.28 23:35:46.485,1.5646,1.56495,1.00,1.00
2010.01.28 23:35:46.655,1.5646,1.56495,1.00,1.00
2010.01.28 23:35:46.825,1.56465,1.56495,1.50,1.00
2010.01.28 23:35:47.585,1.56465,1.56495,2.40,1.00
2010.01.28 23:35:47.925,1.56465,1.56495,2.50,1.00
2010.01.28 23:35:48.904,1.56475,1.5651,1.00,3.80
2010.01.28 23:35:51.114,1.56475,1.56505,1.00,1.00
2010.01.28 23:35:51.274,1.56475,1.56505,1.00,1.60
2010.01.28 23:35:53.084,1.56475,1.5651,1.00,3.80
2010.01.28 23:35:58.072,1.56475,1.56495,1.00,1.50
2010.01.28 23:35:58.252,1.5647,1.56495,2.40,1.50
2010.01.28 23:35:58.482,1.56475,1.5651,1.00,3.80
2010.01.28 23:36:02.861,1.56475,1.565,1.00,1.50
2010.01.28 23:36:03.551,1.5647,1.565,1.00,1.50
2010.01.28 23:36:03.901,1.5647,1.56495,1.00,1.50
2010.01.28 23:36:04.930,1.5647,1.565,2.40,1.50
2010.01.28 23:36:05.280,1.5647,1.5651,2.40,3.80
2010.01.28 23:36:05.660,1.56475,1.5651,2.40,3.80
2010.01.28 23:36:08.210,1.56475,1.56505,2.40,1.50
2010.01.28 23:36:08.560,1.56465,1.565,2.40,2.30
2010.01.28 23:36:08.940,1.56465,1.565,1.00,3.80
2010.01.28 23:36:09.300,1.56475,1.565,1.50,1.60
2010.01.28 23:36:09.629,1.5646,1.5649,2.40,1.50
2010.01.28 23:36:09.969,1.5646,1.56495,2.40,1.00
2010.01.28 23:36:12.189,1.5646,1.5649,2.40,1.50
2010.01.28 23:36:12.469,1.56455,1.5649,2.40,2.20
2010.01.28 23:36:13.158,1.5646,1.56495,2.40,1.00
2010.01.28 23:36:14.288,1.56465,1.565,1.00,3.90
2010.01.28 23:36:15.578,1.5646,1.5649,1.00,1.50
2010.01.28 23:36:20.067,1.5646,1.565,2.40,3.90
2010.01.28 23:36:22.786,1.56465,1.565,1.00,3.90
2010.01.28 23:36:22.846,1.56465,1.565,2.40,2.30
2010.01.28 23:36:22.896,1.56465,1.565,2.40,1.60
2010.01.28 23:36:25.885,1.56465,1.5649,2.40,1.00
2010.01.28 23:36:25.996,1.56465,1.5649,1.60,3.20
2010.01.28 23:36:26.175,1.56455,1.56485,2.40,1.50
2010.01.28 23:36:26.935,1.56455,1.56485,2.40,1.60
2010.01.28 23:36:27.815,1.56455,1.5648,2.40,1.00
2010.01.28 23:36:28.035,1.5645,1.5648,2.40,1.00
2010.01.28 23:36:28.205,1.5645,1.5648,2.40,1.60
2010.01.28 23:36:28.385,1.56445,1.56475,2.40,1.00
2010.01.28 23:36:28.615,1.56445,1.5648,2.40,2.40
2010.01.28 23:36:28.785,1.5644,1.56475,2.40,1.60
2010.01.28 23:36:29.015,1.5644,1.56475,1.00,3.90
2010.01.28 23:36:29.654,1.5644,1.56475,1.00,3.80
2010.01.28 23:36:29.994,1.5644,1.5648,8.80,2.30
2010.01.28 23:36:30.394,1.56435,1.56475,2.40,4.70
2010.01.28 23:36:30.734,1.5644,1.56475,2.40,3.80
2010.01.28 23:36:31.074,1.56435,1.56465,2.40,1.50
2010.01.28 23:36:31.794,1.56435,1.5647,2.40,2.30
2010.01.28 23:36:31.904,1.56435,1.5647,1.00,2.30
2010.01.28 23:36:31.954,1.5643,1.56465,4.10,1.00
2010.01.28 23:36:32.844,1.5644,1.56465,1.00,1.00
2010.01.28 23:36:33.014,1.56455,1.56465,1.50,1.00
2010.01.28 23:36:33.134,1.56455,1.5648,1.50,2.30
2010.01.28 23:36:33.244,1.56445,1.5648,3.70,2.30
2010.01.28 23:36:33.364,1.56445,1.5648,2.40,2.30
2010.01.28 23:36:33.823,1.56445,1.5648,1.00,2.30
2010.01.28 23:36:34.843,1.56445,1.5648,2.40,2.30
2010.01.28 23:36:37.742,1.56445,1.5648,1.00,2.30
2010.01.28 23:36:41.642,1.56445,1.5648,2.40,2.30
2010.01.28 23:36:42.301,1.56445,1.5648,2.40,1.00
2010.01.28 23:36:42.471,1.56445,1.56485,4.10,2.30
2010.01.28 23:36:42.991,1.56445,1.5648,4.10,1.00
2010.01.28 23:36:43.991,1.56445,1.5648,4.00,1.00
2010.01.28 23:36:44.291,1.56445,1.5648,4.10,1.00
2010.01.28 23:36:46.101,1.56445,1.5648,1.00,2.30
2010.01.28 23:36:46.270,1.5644,1.5648,4.00,2.30
2010.01.28 23:36:47.251,1.5644,1.56475,2.40,1.60
2010.01.28 23:36:47.370,1.5644,1.56475,2.40,2.30
2010.01.28 23:37:03.126,1.56445,1.56475,1.60,2.30
2010.01.28 23:37:03.356,1.56445,1.56475,1.60,1.60
2010.01.28 23:37:03.587,1.56445,1.5648,1.00,3.80
2010.01.28 23:37:04.056,1.5644,1.5648,4.10,3.90
2010.01.28 23:37:04.526,1.56445,1.5648,1.00,3.80
2010.01.28 23:37:04.816,1.5644,1.5648,4.10,3.90
2010.01.28 23:37:10.045,1.56435,1.5647,4.00,1.00
2010.01.28 23:37:10.395,1.5645,1.56475,1.50,2.30
2010.01.28 23:37:10.635,1.5645,1.56475,1.50,1.00
2010.01.28 23:37:11.394,1.5644,1.56475,2.40,1.00
2010.01.28 23:37:12.264,1.5644,1.5647,1.00,1.60
2010.01.28 23:37:12.374,1.56435,1.5647,2.60,2.30
2010.01.28 23:37:13.005,1.5643,1.5646,2.40,1.50
2010.01.28 23:37:13.174,1.5643,1.56465,2.40,1.00
2010.01.28 23:37:13.354,1.5644,1.56465,1.50,1.00
2010.01.28 23:37:13.524,1.5643,1.56465,3.20,1.00
2010.01.28 23:37:13.804,1.56435,1.56465,1.50,1.00
2010.01.28 23:37:14.094,1.5644,1.56465,1.50,1.00
2010.01.28 23:37:14.374,1.5643,1.56465,4.10,1.00
2010.01.28 23:37:16.053,1.5644,1.5647,1.50,2.30
2010.01.28 23:37:16.323,1.56435,1.5647,2.50,2.30
2010.01.28 23:37:16.663,1.56435,1.5647,2.40,2.30
2010.01.28 23:37:16.953,1.56435,1.56465,1.00,1.00
2010.01.28 23:37:17.133,1.5643,1.56465,4.10,1.00
2010.01.28 23:37:17.773,1.56435,1.56465,1.00,1.00
2010.01.28 23:37:18.403,1.5643,1.5646,2.40,1.50
2010.01.28 23:37:19.283,1.56435,1.56465,1.00,1.00
2010.01.28 23:37:19.925,1.56435,1.5647,1.00,2.20
2010.01.28 23:37:20.212,1.5644,1.56475,3.20,2.30
2010.01.28 23:37:20.552,1.5645,1.5648,1.50,1.00
2010.01.28 23:37:21.922,1.56455,1.5648,3.10,1.00
2010.01.28 23:37:22.032,1.56455,1.5648,3.20,1.00
2010.01.28 23:37:22.322,1.56465,1.5648,1.00,1.00
2010.01.28 23:37:22.672,1.5646,1.56495,1.60,2.30
2010.01.28 23:37:22.962,1.56455,1.56485,1.60,1.00
2010.01.28 23:37:24.211,1.5646,1.56485,1.00,1.00
2010.01.28 23:37:26.531,1.56465,1.5649,1.50,1.70
2010.01.28 23:37:26.691,1.56455,1.56485,2.40,1.50
2010.01.28 23:37:26.871,1.56455,1.5648,2.40,1.50
2010.01.28 23:37:27.051,1.56445,1.5648,2.40,1.50
2010.01.28 23:37:27.161,1.56445,1.56485,2.40,2.30
2010.01.28 23:37:27.811,1.56445,1.5648,2.40,2.30
2010.01.28 23:37:28.321,1.5644,1.5647,2.40,1.50
2010.01.28 23:37:29.470,1.5644,1.56475,2.40,2.30
2010.01.28 23:37:31.240,1.56445,1.56475,2.40,1.00
2010.01.28 23:37:33.369,1.5645,1.56475,1.00,1.00
2010.01.28 23:37:34.489,1.5645,1.5648,1.00,2.30
2010.01.28 23:37:35.179,1.56445,1.5648,2.50,2.30
2010.01.28 23:37:39.048,1.56445,1.56475,2.50,1.00
2010.01.28 23:37:42.357,1.5645,1.56475,1.00,1.00
2010.01.28 23:37:42.537,1.56445,1.56475,2.50,1.00
2010.01.28 23:37:43.507,1.5644,1.56475,2.40,1.00
2010.01.28 23:37:44.207,1.56445,1.5648,1.00,2.30
2010.01.28 23:37:47.086,1.5644,1.5647,2.40,1.50
2010.01.28 23:37:47.476,1.5644,1.5647,1.60,2.20
2010.01.28 23:37:47.536,1.56435,1.5647,2.40,2.20
2010.01.28 23:37:50.745,1.56435,1.5647,1.00,2.30
2010.01.28 23:37:50.985,1.56435,1.56465,1.00,1.00
2010.01.28 23:37:52.725,1.56435,1.5647,1.00,3.90
2010.01.28 23:37:52.785,1.56435,1.5647,1.00,2.20
2010.01.28 23:37:53.204,1.5643,1.56465,4.10,1.00
2010.01.28 23:37:53.554,1.5643,1.56465,2.50,2.30
2010.01.28 23:37:58.253,1.5643,1.56465,2.50,2.30
2010.01.28 23:38:03.772,1.5644,1.56465,1.60,2.30
2010.01.28 23:38:04.112,1.56445,1.56475,1.60,2.30
2010.01.28 23:38:05.531,1.56445,1.5648,2.50,2.30
2010.01.28 23:38:11.700,1.56445,1.56475,2.50,1.00
2010.01.28 23:38:12.110,1.56445,1.5648,2.50,1.00
2010.01.28 23:38:21.158,1.56465,1.5649,1.00,2.20
2010.01.28 23:38:21.388,1.56465,1.56495,1.60,1.00
2010.01.28 23:38:21.607,1.56455,1.56485,1.00,1.50
2010.01.28 23:38:21.828,1.5645,1.56465,1.60,3.10
2010.01.28 23:38:22.117,1.5644,1.56465,1.60,3.10
2010.01.28 23:38:22.357,1.56425,1.56465,2.40,5.40
2010.01.28 23:38:22.917,1.5642,1.56455,1.50,2.30
2010.01.28 23:38:23.217,1.56415,1.5645,4.10,3.80
2010.01.28 23:38:23.957,1.56425,1.56455,1.50,1.00
2010.01.28 23:38:24.347,1.5643,1.56465,2.40,2.30
2010.01.28 23:38:24.627,1.5643,1.56465,4.00,2.40
2010.01.28 23:38:24.917,1.5643,1.5646,1.00,1.50
2010.01.28 23:38:25.217,1.56425,1.5646,4.00,3.80
2010.01.28 23:38:25.837,1.56425,1.5646,4.00,3.90
2010.01.28 23:38:26.167,1.5644,1.5646,1.50,4.80
2010.01.28 23:38:26.507,1.5644,1.56465,1.50,2.30
2010.01.28 23:38:26.677,1.56435,1.5647,1.00,3.90
2010.01.28 23:38:27.196,1.56435,1.56465,1.00,1.60
2010.01.28 23:38:27.376,1.5643,1.5646,1.00,1.50
2010.01.28 23:38:27.616,1.5643,1.56465,2.40,2.30
2010.01.28 23:38:27.906,1.5643,1.56465,2.50,2.30
2010.01.28 23:38:28.766,1.5643,1.5646,4.00,1.00
2010.01.28 23:38:29.106,1.5642,1.5645,2.40,3.10
2010.01.28 23:38:29.516,1.5642,1.5645,1.00,3.10
2010.01.28 23:38:29.756,1.5644,1.5647,1.50,1.00
2010.01.28 23:38:29.996,1.5644,1.56475,3.10,2.40
2010.01.28 23:38:30.216,1.5644,1.56475,2.40,2.40
2010.01.28 23:38:31.135,1.5644,1.56475,2.50,2.40
2010.01.28 23:38:31.935,1.56445,1.56475,1.00,2.40
2010.01.28 23:38:34.244,1.56445,1.56475,1.00,3.90
2010.01.28 23:38:34.585,1.5645,1.5648,1.50,2.30
2010.01.28 23:38:35.194,1.5645,1.56485,1.60,3.90
2010.01.28 23:38:36.114,1.5645,1.5648,1.60,1.00
2010.01.28 23:38:37.664,1.5646,1.5648,1.00,1.00
2010.01.28 23:38:37.714,1.5646,1.56485,1.00,1.50
2010.01.28 23:38:37.774,1.5646,1.5649,1.00,2.20
2010.01.28 23:38:37.894,1.5646,1.56495,1.60,2.30
2010.01.28 23:38:38.683,1.5647,1.565,3.10,2.30
2010.01.28 23:38:39.023,1.5647,1.565,1.50,2.30
2010.01.28 23:38:39.373,1.5647,1.5649,1.50,1.60
2010.01.28 23:38:39.723,1.56455,1.5649,1.00,3.10
2010.01.28 23:38:40.993,1.56455,1.5649,1.00,3.20
2010.01.28 23:38:42.043,1.56455,1.56485,1.00,1.00
2010.01.28 23:38:42.093,1.5646,1.5649,1.00,3.10
2010.01.28 23:38:42.203,1.5647,1.56495,1.50,2.30
2010.01.28 23:38:42.313,1.5647,1.56495,1.50,1.00
2010.01.28 23:38:42.373,1.5648,1.565,1.50,2.30
2010.01.28 23:38:42.483,1.5648,1.56505,1.50,2.30
2010.01.28 23:38:45.062,1.5648,1.56505,1.60,2.30
2010.01.28 23:38:45.922,1.5647,1.565,1.60,2.30
2010.01.28 23:38:46.372,1.5647,1.56495,1.60,2.30
2010.01.28 23:38:48.291,1.5647,1.56495,1.50,2.30
2010.01.28 23:38:48.521,1.5646,1.56495,4.10,2.30
2010.01.28 23:38:49.271,1.5646,1.56495,2.50,2.30
2010.01.28 23:38:53.090,1.5647,1.565,1.60,1.00
2010.01.28 23:38:53.830,1.5647,1.565,1.00,3.80
2010.01.28 23:38:55.049,1.56465,1.565,1.60,3.90
2010.01.28 23:38:58.019,1.56465,1.56495,1.60,1.00
2010.01.28 23:38:58.079,1.56465,1.56495,1.60,2.30
2010.01.28 23:39:05.957,1.56455,1.5649,4.10,1.50
2010.01.28 23:39:06.287,1.56455,1.5649,4.10,2.20
2010.01.28 23:39:08.396,1.56455,1.5649,4.00,2.30
2010.01.28 23:39:08.726,1.5645,1.56475,1.00,1.00
2010.01.28 23:39:10.246,1.5645,1.5647,1.00,1.00
2010.01.28 23:39:10.536,1.56445,1.5647,1.50,1.00
2010.01.28 23:39:10.886,1.56435,1.5646,1.60,1.00
2010.01.28 23:39:11.806,1.5644,1.5646,1.00,1.00
2010.01.28 23:39:12.335,1.56435,1.5646,1.50,1.00
2010.01.28 23:39:12.445,1.5644,1.5646,1.00,1.00
2010.01.28 23:39:13.166,1.56435,1.5646,1.70,1.00
2010.01.28 23:39:13.335,1.5644,1.5646,1.00,1.00
2010.01.28 23:39:14.145,1.56445,1.5647,1.50,2.30
2010.01.28 23:39:14.545,1.56445,1.5647,1.60,1.00
2010.01.28 23:39:14.895,1.56455,1.5648,1.50,1.00
2010.01.28 23:39:16.594,1.56455,1.5647,1.50,1.60
2010.01.28 23:39:16.945,1.56455,1.5648,1.50,2.30
2010.01.28 23:39:17.005,1.5646,1.5648,1.50,1.00
2010.01.28 23:39:17.634,1.56445,1.5648,4.10,1.00
2010.01.28 23:39:21.253,1.56445,1.5648,1.60,2.30
2010.01.28 23:39:24.653,1.56445,1.5647,1.50,1.00
2010.01.28 23:39:25.063,1.5643,1.56465,4.10,1.00
2010.01.28 23:39:25.702,1.56435,1.56465,3.20,1.00
2010.01.28 23:39:26.102,1.56435,1.5647,4.10,2.30
2010.01.28 23:39:29.201,1.56445,1.5647,1.50,1.00
2010.01.28 23:39:29.651,1.56445,1.56475,1.50,1.00
2010.01.28 23:39:30.051,1.56445,1.5648,1.50,2.30
2010.01.28 23:39:31.071,1.56445,1.5648,1.60,2.30
2010.01.28 23:39:31.481,1.56445,1.5648,1.00,3.80
2010.01.28 23:39:31.771,1.5644,1.5648,4.10,3.80
2010.01.28 23:39:32.900,1.5644,1.5648,4.10,3.90
2010.01.28 23:39:33.870,1.5644,1.5648,4.00,3.90
2010.01.28 23:39:38.319,1.56425,1.56455,1.00,2.30
2010.01.28 23:39:41.028,1.5642,1.56455,2.40,2.30
2010.01.28 23:39:41.388,1.56415,1.56445,1.00,1.50
2010.01.28 23:39:41.788,1.56415,1.5645,1.00,2.30
2010.01.28 23:39:42.918,1.56415,1.5645,1.00,2.30
2010.01.28 23:39:43.138,1.56415,1.5645,1.00,2.30
2010.01.28 23:39:44.678,1.56425,1.56455,1.00,2.20
2010.01.28 23:39:45.018,1.56425,1.56465,1.00,3.80
2010.01.28 23:39:45.367,1.5643,1.56465,2.40,3.80
2010.01.28 23:39:48.637,1.5642,1.56455,1.00,2.20
2010.01.28 23:39:48.977,1.5642,1.5645,1.00,1.00
2010.01.28 23:39:57.444,1.5642,1.56445,1.00,1.50
2010.01.28 23:39:57.605,1.56415,1.56445,1.00,1.50
2010.01.28 23:39:57.714,1.56415,1.56445,1.00,1.50
2010.01.28 23:39:57.894,1.5641,1.56445,4.10,1.50
2010.01.28 23:39:58.355,1.5641,1.56445,4.10,3.80
2010.01.28 23:39:59.724,1.5641,1.5644,1.00,1.60
2010.01.28 23:40:00.404,1.56405,1.5644,4.20,1.50
2010.01.28 23:40:01.403,1.5641,1.56445,2.50,3.80
2010.01.28 23:40:02.503,1.56415,1.56445,1.60,3.80
2010.01.28 23:40:02.623,1.5643,1.56445,1.00,1.50
2010.01.28 23:40:02.733,1.5643,1.5646,1.00,2.30
2010.01.28 23:40:02.853,1.5643,1.5646,1.00,1.00
2010.01.28 23:40:02.963,1.5643,1.56465,1.00,3.90
2010.01.28 23:40:03.073,1.5643,1.56465,1.00,3.90
2010.01.28 23:40:05.892,1.56425,1.56455,1.00,2.20
2010.01.28 23:40:06.242,1.5642,1.56455,4.10,2.20
2010.01.28 23:40:07.692,1.5643,1.56455,1.00,2.20
2010.01.28 23:40:07.872,1.5643,1.56455,1.00,1.00
2010.01.28 23:40:10.511,1.56435,1.56465,1.70,3.80
2010.01.28 23:40:10.861,1.56435,1.56465,1.60,2.30
2010.01.28 23:40:11.991,1.5644,1.56465,1.00,2.30
2010.01.28 23:40:20.529,1.5643,1.5646,1.00,2.30
2010.01.28 23:40:24.748,1.5643,1.56455,1.00,1.00
2010.01.28 23:40:25.148,1.5642,1.56455,4.10,2.20
2010.01.28 23:40:29.837,1.5642,1.56455,2.50,2.30
2010.01.28 23:40:30.117,1.5642,1.5645,1.00,2.20
2010.01.28 23:40:30.457,1.56415,1.5645,1.60,2.20
2010.01.28 23:40:30.796,1.56415,1.5645,1.00,2.30
2010.01.28 23:40:38.445,1.5642,1.5645,1.00,2.30
2010.01.28 23:40:38.564,1.5642,1.5645,1.60,2.30
2010.01.28 23:40:56.140,1.56425,1.56455,1.00,1.50
2010.01.28 23:40:56.531,1.56435,1.5647,1.00,2.30
2010.01.28 23:40:59.839,1.56435,1.56455,1.00,1.50
2010.01.28 23:41:00.189,1.5643,1.56455,2.40,1.50
2010.01.28 23:41:04.788,1.56445,1.56465,1.50,1.00
2010.01.28 23:41:05.068,1.56445,1.5647,1.50,1.00
2010.01.28 23:41:05.408,1.56445,1.56475,1.50,1.00
2010.01.28 23:41:06.058,1.5644,1.56475,2.60,2.20
2010.01.28 23:41:06.458,1.5644,1.56465,2.40,1.50
2010.01.28 23:41:06.638,1.56435,1.56465,2.40,1.50
2010.01.28 23:41:10.797,1.56435,1.56465,1.00,1.50
2010.01.28 23:41:15.426,1.5643,1.5646,1.00,1.00
2010.01.28 23:41:15.766,1.5643,1.56455,1.00,1.50
2010.01.28 23:41:16.055,1.5643,1.56465,1.00,3.80
2010.01.28 23:41:18.415,1.5643,1.56455,1.00,1.50
2010.01.28 23:41:20.335,1.5643,1.5646,1.00,1.50
2010.01.28 23:41:24.894,1.56425,1.56445,2.40,1.50
2010.01.28 23:41:25.233,1.5642,1.56445,2.40,1.50
2010.01.28 23:41:31.562,1.5642,1.56455,2.40,2.30
2010.01.28 23:41:31.942,1.5642,1.56455,2.60,2.20
2010.01.28 23:41:32.122,1.5642,1.56455,2.40,2.30
2010.01.28 23:41:32.942,1.56425,1.56455,1.00,2.20
2010.01.28 23:41:33.111,1.56425,1.56455,2.60,1.50
2010.01.28 23:41:33.272,1.56425,1.56465,4.10,1.50
2010.01.28 23:41:33.451,1.5643,1.56465,1.00,1.50
2010.01.28 23:41:33.571,1.5643,1.56465,2.40,1.50
2010.01.28 23:41:33.921,1.5643,1.56465,2.60,1.50
2010.01.28 23:41:36.591,1.56435,1.56465,2.40,1.50
2010.01.28 23:41:38.600,1.56435,1.56465,1.60,1.50
2010.01.28 23:41:38.660,1.5643,1.56465,2.60,1.50
2010.01.28 23:41:39.590,1.56435,1.5647,1.50,2.30
2010.01.28 23:41:40.270,1.56435,1.5647,1.60,2.30
2010.01.28 23:41:40.600,1.56445,1.5647,1.50,2.30
2010.01.28 23:41:40.949,1.5644,1.5647,1.00,3.80
2010.01.28 23:41:44.579,1.56435,1.56455,1.00,1.00
2010.01.28 23:41:44.749,1.5644,1.5646,1.00,2.30
2010.01.28 23:41:46.478,1.56435,1.5646,1.50,2.30
2010.01.28 23:41:46.818,1.56425,1.5646,2.50,2.30
2010.01.28 23:41:48.018,1.56425,1.56455,1.60,1.00
2010.01.28 23:41:48.308,1.56425,1.5646,1.60,2.30
2010.01.28 23:41:48.418,1.5643,1.56465,1.00,3.90
2010.01.28 23:42:01.245,1.56425,1.56455,1.00,1.50
2010.01.28 23:42:04.534,1.56425,1.5646,2.40,2.30
2010.01.28 23:42:06.113,1.56425,1.5646,2.40,4.00
2010.01.28 23:42:06.334,1.5642,1.56445,2.40,1.50
2010.01.28 23:42:15.101,1.5642,1.56445,2.50,1.50
2010.01.28 23:42:15.441,1.5642,1.56455,2.60,3.80
2010.01.28 23:42:16.871,1.5643,1.56455,1.00,3.80
2010.01.28 23:42:17.051,1.56425,1.56455,1.00,3.80
2010.01.28 23:42:17.641,1.5642,1.56455,2.40,3.80
2010.01.28 23:42:17.861,1.5642,1.56445,2.40,1.50
2010.01.28 23:42:37.856,1.56415,1.5644,2.40,1.50
2010.01.28 23:42:39.496,1.56415,1.5644,2.60,1.50
2010.01.28 23:42:40.835,1.56415,1.5644,2.40,1.50
2010.01.28 23:42:52.422,1.56415,1.5644,2.60,1.50
2010.01.28 23:43:02.000,1.56415,1.5644,2.50,1.50
2010.01.28 23:43:04.109,1.5642,1.56455,2.60,2.20
2010.01.28 23:43:12.698,1.5642,1.56455,2.40,2.20
2010.01.28 23:43:15.547,1.56425,1.56455,1.00,2.20
2010.01.28 23:43:15.947,1.56425,1.56455,1.00,1.00
2010.01.28 23:43:16.297,1.56425,1.56455,1.00,2.20
2010.01.28 23:43:28.624,1.5643,1.5646,1.50,3.80
2010.01.28 23:43:30.184,1.5643,1.5646,1.50,5.40
2010.01.28 23:43:30.413,1.56425,1.5645,1.00,1.50
2010.01.28 23:43:31.853,1.56425,1.5645,1.00,1.50
2010.01.28 23:43:41.221,1.5642,1.5645,4.00,1.50
2010.01.28 23:43:41.451,1.5642,1.5644,2.40,1.50
2010.01.28 23:43:42.560,1.56415,1.5644,1.00,1.50
2010.01.28 23:43:45.420,1.564,1.56435,1.00,2.20
2010.01.28 23:43:45.769,1.564,1.5643,1.00,1.00
2010.01.28 23:43:49.419,1.564,1.5643,1.00,2.20
2010.01.28 23:43:49.479,1.5639,1.5643,4.80,3.80
2010.01.28 23:43:49.859,1.5639,1.5643,2.40,3.80
2010.01.28 23:43:50.538,1.56395,1.5643,1.00,3.80
2010.01.28 23:43:51.558,1.5639,1.5643,4.10,3.80
2010.01.28 23:44:08.134,1.5639,1.56425,1.00,3.80
2010.01.28 23:44:13.003,1.5639,1.56425,1.00,3.80
2010.01.28 23:44:13.453,1.5639,1.5642,1.00,2.20
2010.01.28 23:44:14.702,1.56385,1.5642,1.00,2.20
2010.01.28 23:44:21.011,1.5639,1.5642,1.00,2.20
2010.01.28 23:44:24.200,1.56385,1.5642,1.00,2.20
2010.01.28 23:44:30.259,1.56395,1.56425,1.50,3.80
2010.01.28 23:44:35.987,1.564,1.56425,1.50,2.30
2010.01.28 23:44:36.347,1.56395,1.56425,1.60,3.80
2010.01.28 23:44:36.577,1.56395,1.56425,1.50,3.80
2010.01.28 23:44:39.997,1.56395,1.56425,1.50,3.80
2010.01.28 23:44:40.757,1.56395,1.56425,1.50,3.90
2010.01.28 23:44:41.106,1.56385,1.56415,4.10,1.50
2010.01.28 23:44:42.546,1.56385,1.56415,4.00,1.50
2010.01.28 23:44:42.706,1.5638,1.56405,2.40,1.50
2010.01.28 23:44:42.886,1.56375,1.56405,4.10,1.50
2010.01.28 23:44:46.695,1.5638,1.56405,1.00,1.50
2010.01.28 23:44:46.865,1.56385,1.5641,1.50,2.30
2010.01.28 23:44:47.095,1.5638,1.5641,1.50,3.90
2010.01.28 23:44:48.005,1.5638,1.5641,1.80,3.80
2010.01.28 23:44:54.163,1.5638,1.5641,1.50,3.90
2010.01.28 23:44:54.443,1.56375,1.564,2.40,1.50
2010.01.28 23:45:01.202,1.56375,1.56405,4.10,1.50
2010.01.28 23:45:07.370,1.5638,1.56405,1.00,1.50
2010.01.28 23:45:07.490,1.5638,1.56405,1.00,1.50
2010.01.28 23:45:15.748,1.5638,1.5641,1.00,1.50
2010.01.28 23:45:17.818,1.5638,1.5641,1.00,1.50
2010.01.28 23:45:18.038,1.5638,1.5641,1.00,1.50
2010.01.28 23:45:19.847,1.5638,1.5641,1.00,1.50
2010.01.28 23:45:20.247,1.5638,1.5641,1.00,1.50
2010.01.28 23:45:20.887,1.5638,1.5641,1.00,1.50
2010.01.28 23:45:21.247,1.5638,1.5641,1.00,1.50
2010.01.28 23:45:25.296,1.56385,1.5641,1.00,3.80
2010.01.28 23:45:25.985,1.56385,1.5641,1.00,2.30
2010.01.28 23:45:27.355,1.5638,1.56405,1.00,3.10
2010.01.28 23:45:27.935,1.5638,1.56405,1.00,3.80
2010.01.28 23:45:29.065,1.56365,1.56395,4.10,1.50
2010.01.28 23:45:29.935,1.56365,1.56395,4.00,1.50
2010.01.28 23:45:30.205,1.56365,1.56395,4.10,1.50
2010.01.28 23:45:36.053,1.5637,1.564,4.10,1.50
2010.01.28 23:45:36.383,1.56375,1.564,1.00,1.50
2010.01.28 23:45:36.733,1.5638,1.56405,1.50,2.30
2010.01.28 23:45:37.903,1.5638,1.56405,1.60,2.30
2010.01.28 23:45:49.760,1.5637,1.56395,1.60,1.50
2010.01.28 23:45:50.140,1.56365,1.56395,3.20,2.20
2010.01.28 23:45:50.490,1.56365,1.56395,1.60,2.20
2010.01.28 23:45:52.479,1.5637,1.56395,1.60,1.00
2010.01.28 23:45:52.829,1.5637,1.56395,1.00,2.20
2010.01.28 23:45:52.949,1.56365,1.56395,1.60,2.20
2010.01.28 23:46:34.139,1.56365,1.56395,1.60,3.80
2010.01.28 23:46:34.259,1.5636,1.5639,1.50,2.20
2010.01.28 23:46:36.399,1.56355,1.56385,1.00,1.50
2010.01.28 23:46:36.638,1.5635,1.56385,2.40,1.50
2010.01.28 23:46:36.818,1.5635,1.56385,1.00,1.50
2010.01.28 23:46:37.058,1.5635,1.56385,1.00,3.80
2010.01.28 23:46:38.428,1.5635,1.56385,1.00,4.20
2010.01.28 23:46:39.178,1.56345,1.56385,4.10,4.20
2010.01.28 23:46:39.698,1.56345,1.5638,4.10,2.30
2010.01.28 23:46:42.067,1.56345,1.5638,4.00,2.30
2010.01.28 23:46:42.427,1.5634,1.56375,4.10,2.20
2010.01.28 23:46:42.877,1.5634,1.56375,2.50,3.80
2010.01.28 23:46:45.066,1.56345,1.56375,1.50,1.00
2010.01.28 23:46:46.106,1.56345,1.56375,1.60,1.00
2010.01.28 23:46:51.465,1.5634,1.56375,4.10,2.20
2010.01.28 23:46:52.725,1.5634,1.56365,1.00,1.50
2010.01.28 23:46:53.295,1.5634,1.5637,2.50,3.80
2010.01.28 23:46:53.984,1.5634,1.5637,1.50,3.90
2010.01.28 23:46:54.095,1.56335,1.5636,1.00,1.50
2010.01.28 23:46:54.325,1.5633,1.5636,4.10,1.50
2010.01.28 23:46:55.004,1.5633,1.56355,2.40,1.50
2010.01.28 23:46:55.344,1.56325,1.5636,4.20,1.50
2010.01.28 23:46:56.914,1.5633,1.5636,4.10,1.50
2010.01.28 23:46:58.923,1.5633,1.56355,2.60,1.50
2010.01.28 23:46:59.433,1.5633,1.56355,2.40,1.50
2010.01.28 23:47:06.591,1.56325,1.56355,3.10,1.50
2010.01.28 23:47:06.881,1.56325,1.56355,4.00,1.50
2010.01.28 23:47:13.599,1.56325,1.56355,2.40,1.50
2010.01.28 23:47:13.710,1.56325,1.56355,1.50,1.50
2010.01.28 23:47:15.669,1.56325,1.5636,4.10,1.00
2010.01.28 23:47:21.278,1.56325,1.56365,4.10,3.80
2010.01.28 23:47:21.568,1.56335,1.56365,1.20,3.80
2010.01.28 23:47:21.908,1.5634,1.56375,2.30,2.30
2010.01.28 23:47:22.187,1.5634,1.5637,1.00,1.50
2010.01.28 23:47:27.436,1.5634,1.5637,1.00,1.50
2010.01.28 23:47:27.616,1.56345,1.56375,1.50,2.30
2010.01.28 23:47:27.906,1.5634,1.5637,1.00,1.50
2010.01.28 23:47:28.836,1.5634,1.5637,1.00,1.50
2010.01.28 23:47:28.886,1.5634,1.5637,1.00,1.50
2010.01.28 23:47:51.321,1.56335,1.5637,4.10,2.20
2010.01.28 23:47:51.600,1.56335,1.56365,4.10,1.50
2010.01.28 23:47:51.921,1.56335,1.56365,2.40,1.50
2010.01.28 23:48:05.767,1.56335,1.56365,4.10,1.50
2010.01.28 23:48:23.173,1.56335,1.56365,2.40,1.50
2010.01.28 23:48:23.813,1.56335,1.56365,2.60,1.50
2010.01.28 23:48:23.923,1.56335,1.56365,4.10,1.50
2010.01.28 23:48:31.521,1.56335,1.56365,2.60,1.50
2010.01.28 23:48:31.811,1.56335,1.56365,1.00,3.10
2010.01.28 23:48:32.091,1.56325,1.5635,1.00,1.50
2010.01.28 23:48:32.431,1.56325,1.5635,1.60,1.50
2010.01.28 23:48:32.711,1.56325,1.56355,4.00,1.50
2010.01.28 23:48:33.391,1.5633,1.56365,1.00,1.50
2010.01.28 23:48:37.159,1.5633,1.56365,1.00,3.80
2010.01.28 23:48:42.768,1.5633,1.56365,1.00,3.80
2010.01.28 23:49:01.734,1.5633,1.56365,1.00,3.80
2010.01.28 23:49:01.904,1.56335,1.56365,1.50,2.30
2010.01.28 23:49:02.073,1.5633,1.56365,1.00,3.80
2010.01.28 23:49:03.863,1.5633,1.56365,1.00,3.80
2010.01.28 23:49:04.033,1.5633,1.56365,1.00,3.80
2010.01.28 23:49:04.823,1.5633,1.56365,1.00,3.80
2010.01.28 23:49:05.393,1.56335,1.56365,1.00,1.50
2010.01.28 23:49:05.783,1.56335,1.56365,2.50,1.50
2010.01.28 23:49:13.541,1.56355,1.5638,1.00,3.60
2010.01.28 23:49:13.667,1.56355,1.5638,1.60,2.40
2010.01.28 23:49:13.781,1.5636,1.5638,1.00,2.40
2010.01.28 23:49:13.891,1.5636,1.5639,1.00,1.90
2010.01.28 23:49:13.941,1.5636,1.5639,1.00,1.50
2010.01.28 23:49:20.339,1.56355,1.56385,1.50,1.00
2010.01.28 23:49:20.680,1.5635,1.56385,2.40,2.20
2010.01.28 23:49:35.896,1.5634,1.5637,2.40,1.50
2010.01.28 23:49:36.225,1.5634,1.5637,1.00,1.50
2010.01.28 23:49:50.912,1.5634,1.56375,2.40,3.80
2010.01.28 23:49:51.272,1.5634,1.56375,2.40,3.90
2010.01.28 23:49:51.612,1.5634,1.5637,2.40,1.50
2010.01.28 23:49:51.952,1.5634,1.5638,2.40,3.80
2010.01.28 23:49:52.291,1.56345,1.5638,1.60,3.80
2010.01.28 23:49:52.411,1.56345,1.5638,2.40,3.80
2010.01.28 23:49:57.440,1.5635,1.56385,2.40,3.80
2010.01.28 23:49:59.910,1.5635,1.56385,2.50,3.80
2010.01.28 23:50:00.889,1.5635,1.56385,4.10,1.50
2010.01.28 23:50:08.138,1.56355,1.56385,1.00,1.50
2010.01.28 23:50:08.257,1.56355,1.5639,1.60,3.80
2010.01.28 23:50:11.547,1.5636,1.5639,1.00,3.80
2010.01.28 23:50:11.777,1.56365,1.5639,1.50,1.00
2010.01.28 23:50:12.417,1.56365,1.56395,1.50,1.00
2010.01.28 23:50:12.896,1.56365,1.56395,1.60,1.00
2010.01.28 23:50:18.065,1.5637,1.56395,1.00,1.00
2010.01.28 23:50:18.225,1.5637,1.56395,1.50,1.00
2010.01.28 23:50:18.385,1.5636,1.56395,4.10,2.20
2010.01.28 23:50:18.665,1.5637,1.56395,1.60,1.00
2010.01.28 23:50:19.015,1.5637,1.56395,1.50,1.00
2010.01.28 23:50:19.665,1.5637,1.564,1.50,3.80
2010.01.28 23:50:20.285,1.56365,1.56395,2.50,1.50
2010.01.28 23:50:21.744,1.56365,1.56395,1.00,2.20
2010.01.28 23:50:22.084,1.5636,1.56395,2.60,2.20
2010.01.28 23:50:22.374,1.5636,1.56395,2.60,3.80
2010.01.28 23:50:24.294,1.5636,1.56385,2.40,1.50
2010.01.28 23:50:24.593,1.5636,1.56385,1.60,1.50
2010.01.28 23:50:24.704,1.56355,1.56385,4.10,1.50
2010.01.28 23:50:26.373,1.56355,1.56385,1.60,1.50
2010.01.28 23:50:26.713,1.56355,1.56385,1.60,2.20
2010.01.28 23:50:27.693,1.5635,1.5638,4.10,1.50
2010.01.28 23:50:27.973,1.5635,1.5638,1.60,2.20
2010.01.28 23:50:28.603,1.5635,1.5638,1.60,3.80
2010.01.28 23:50:31.602,1.5635,1.5638,1.50,3.80
2010.01.28 23:50:31.822,1.56345,1.56375,1.00,1.50
2010.01.28 23:50:32.872,1.56345,1.56375,1.00,3.80
2010.01.28 23:50:42.299,1.56345,1.5637,1.00,1.00
2010.01.28 23:50:43.569,1.56345,1.5637,1.00,2.20
2010.01.28 23:50:43.799,1.56345,1.5637,1.00,1.00
2010.01.28 23:50:44.189,1.56345,1.5637,1.00,2.20
2010.01.28 23:50:44.239,1.56335,1.5637,4.10,2.20
2010.01.28 23:50:47.608,1.5634,1.5637,1.50,1.00
2010.01.28 23:50:47.908,1.56345,1.5637,1.00,1.00
2010.01.28 23:50:52.537,1.56345,1.56375,1.00,2.20
2010.01.28 23:51:00.975,1.56345,1.5637,1.00,1.00
2010.01.28 23:51:16.781,1.5634,1.5637,1.50,2.30
2010.01.28 23:51:17.071,1.56335,1.5637,1.00,3.80
2010.01.28 23:51:17.921,1.56335,1.5637,4.10,1.00
2010.01.28 23:51:18.151,1.56335,1.5637,2.60,2.20
2010.01.28 23:51:19.470,1.56335,1.5637,1.00,3.80
2010.01.28 23:51:23.280,1.5633,1.56365,4.00,1.00
2010.01.28 23:51:23.449,1.5633,1.56355,1.00,1.50
2010.01.28 23:51:24.039,1.5633,1.56355,2.40,1.50
2010.01.28 23:51:26.129,1.56335,1.56365,1.00,2.30
2010.01.28 23:51:26.359,1.56335,1.56365,2.40,1.50
2010.01.28 23:51:26.749,1.5634,1.5637,1.00,1.50
2010.01.28 23:51:26.909,1.5634,1.5637,1.00,1.50
2010.01.28 23:51:27.609,1.5634,1.56365,1.00,1.50
2010.01.28 23:51:30.038,1.5634,1.56365,1.00,1.60
2010.01.28 23:51:30.218,1.56335,1.56355,1.00,1.50
2010.01.28 23:51:32.317,1.56335,1.5637,1.00,3.80
2010.01.28 23:51:32.847,1.56335,1.5637,2.40,1.50
2010.01.28 23:51:33.067,1.56335,1.56375,4.00,3.80
2010.01.28 23:51:33.307,1.56335,1.56375,6.40,3.80
2010.01.28 23:51:33.577,1.5634,1.56375,2.40,2.20
2010.01.28 23:51:36.167,1.56345,1.5638,2.60,2.20
2010.01.28 23:51:46.724,1.56345,1.56375,4.10,1.50
2010.01.28 23:51:48.063,1.5635,1.56375,1.00,1.50
2010.01.28 23:52:00.841,1.56345,1.5637,2.40,1.50
2010.01.28 23:52:06.369,1.5634,1.56365,2.40,1.50
2010.01.28 23:52:06.729,1.5634,1.56365,1.00,1.50
2010.01.28 23:52:07.119,1.5634,1.56375,1.00,3.80
2010.01.28 23:52:07.859,1.5634,1.56375,1.00,3.80
2010.01.28 23:52:08.858,1.5634,1.56375,1.00,3.80
2010.01.28 23:52:11.408,1.5635,1.56375,1.00,1.50
2010.01.28 23:52:17.616,1.5635,1.56375,1.00,3.10
2010.01.28 23:52:17.896,1.56345,1.56375,1.60,5.50
2010.01.28 23:52:18.066,1.56345,1.56365,1.00,1.50
2010.01.28 23:52:18.236,1.5634,1.56365,1.00,1.50
2010.01.28 23:52:20.716,1.5635,1.5638,1.60,1.60
2010.01.28 23:52:20.876,1.5635,1.56375,2.60,1.50
2010.01.28 23:52:20.996,1.5635,1.56385,4.10,2.20
2010.01.28 23:52:21.446,1.5635,1.56375,2.60,1.50
2010.01.28 23:52:27.004,1.5635,1.56375,1.00,2.20
2010.01.28 23:52:27.354,1.5634,1.56375,1.00,2.20
2010.01.28 23:52:27.694,1.5634,1.56375,1.00,3.80
2010.01.28 23:52:29.264,1.56345,1.56375,1.00,1.50
2010.01.28 23:52:29.774,1.56345,1.56375,1.00,1.60
2010.01.28 23:52:29.834,1.56345,1.56365,1.00,1.50
2010.01.28 23:52:29.884,1.5634,1.56365,2.60,1.50
2010.01.28 23:52:30.414,1.5634,1.56375,2.60,1.50
2010.01.28 23:52:32.363,1.5634,1.56375,4.20,1.50
2010.01.28 23:52:32.593,1.5635,1.56375,1.00,1.50
2010.01.28 23:52:33.573,1.56345,1.5637,2.60,1.50
2010.01.28 23:52:33.853,1.5635,1.5637,1.00,1.50
2010.01.28 23:52:34.092,1.5635,1.56375,1.00,1.50
2010.01.28 23:52:37.102,1.5635,1.56375,1.00,1.50
2010.01.28 23:52:37.382,1.5635,1.56375,1.00,1.50
2010.01.28 23:52:39.311,1.5635,1.56375,1.00,1.50
2010.01.28 23:52:39.422,1.56355,1.56385,1.00,2.30
2010.01.28 23:52:39.641,1.56355,1.56385,1.00,2.30
2010.01.28 23:52:39.702,1.5635,1.56375,1.00,1.50
2010.01.28 23:52:40.521,1.56355,1.56385,1.00,2.30
2010.01.28 23:52:40.861,1.5635,1.56375,1.00,1.50
2010.01.28 23:52:46.599,1.5635,1.5637,1.00,1.50
2010.01.28 23:52:50.978,1.5634,1.5637,2.40,1.50
2010.01.28 23:52:51.948,1.5634,1.5637,2.60,1.50
2010.01.28 23:52:52.638,1.56345,1.56375,2.40,1.50
2010.01.28 23:52:52.998,1.56355,1.5638,1.00,1.50
2010.01.28 23:52:53.578,1.56355,1.56385,2.50,1.50
2010.01.28 23:52:53.758,1.5636,1.5638,1.00,1.50
2010.01.28 23:52:53.878,1.5636,1.56385,1.00,1.50
2010.01.28 23:52:54.398,1.5636,1.56385,2.40,1.50
2010.01.28 23:52:57.257,1.56365,1.56385,1.00,1.50
2010.01.28 23:52:57.837,1.5636,1.5638,1.00,1.50
2010.01.28 23:52:58.877,1.56355,1.5638,1.00,1.50
2010.01.28 23:53:00.936,1.5635,1.56375,2.40,1.50
2010.01.28 23:53:02.875,1.5635,1.5637,2.40,1.50
2010.01.28 23:53:03.106,1.56345,1.5637,2.40,1.50
2010.01.28 23:53:05.335,1.56345,1.5637,2.60,1.50
2010.01.28 23:53:05.515,1.56345,1.56375,4.10,1.50
2010.01.28 23:53:05.755,1.56345,1.5637,2.40,1.50
2010.01.28 23:53:05.875,1.5635,1.5637,1.00,1.50
2010.01.28 23:53:08.194,1.5635,1.56375,1.00,1.50
2010.01.28 23:53:10.754,1.5635,1.5637,1.00,1.50
2010.01.28 23:53:11.444,1.5635,1.56375,1.00,1.50
2010.01.28 23:53:17.292,1.5635,1.5638,2.60,1.50
2010.01.28 23:53:17.462,1.56355,1.56375,1.00,1.50
2010.01.28 23:53:17.642,1.5635,1.56375,1.00,1.50
2010.01.28 23:53:20.811,1.56345,1.5637,2.40,1.50
2010.01.28 23:53:21.161,1.5634,1.5637,2.60,1.50
2010.01.28 23:53:21.541,1.5634,1.56365,2.40,1.50
2010.01.28 23:53:22.221,1.5633,1.5636,2.40,1.50
2010.01.28 23:53:22.571,1.56325,1.5636,2.40,1.50
2010.01.28 23:53:22.921,1.56325,1.5636,2.40,3.80
2010.01.28 23:53:23.791,1.56325,1.5636,2.40,2.20
2010.01.28 23:53:23.911,1.56335,1.5636,1.00,1.50
2010.01.28 23:53:24.030,1.56335,1.56365,1.00,2.30
2010.01.28 23:53:24.191,1.5633,1.56365,1.50,2.30
2010.01.28 23:53:24.361,1.56325,1.5636,8.80,2.30
2010.01.28 23:53:24.540,1.5632,1.5636,7.20,3.80
2010.01.28 23:53:24.770,1.5632,1.5636,2.40,3.80
2010.01.28 23:53:25.440,1.5632,1.56355,2.40,1.00
2010.01.28 23:53:26.490,1.5632,1.56355,2.60,1.00
2010.01.28 23:53:29.509,1.5633,1.56355,1.50,1.00
2010.01.28 23:53:29.679,1.5633,1.5636,1.50,1.00
2010.01.28 23:53:30.899,1.5633,1.5636,1.60,1.00
2010.01.28 23:53:32.038,1.56325,1.5636,2.40,1.00
2010.01.28 23:53:33.068,1.56325,1.5636,2.40,2.20
2010.01.28 23:53:33.238,1.5632,1.56355,2.60,1.00
2010.01.28 23:53:33.458,1.5632,1.5636,2.40,3.80
2010.01.28 23:53:34.278,1.56315,1.56355,2.40,2.30
2010.01.28 23:53:40.037,1.5631,1.5636,6.40,2.20
2010.01.28 23:53:40.397,1.5632,1.5636,2.40,3.80
2010.01.28 23:53:40.747,1.5632,1.56355,1.00,1.50
2010.01.28 23:53:41.146,1.5632,1.5634,1.00,1.50
2010.01.28 23:53:41.786,1.56315,1.5634,1.00,1.50
2010.01.28 23:53:43.256,1.5632,1.5634,1.00,1.50
2010.01.28 23:53:43.377,1.5632,1.5635,1.00,1.50
2010.01.28 23:53:43.486,1.5632,1.5635,1.00,1.50
2010.01.28 23:53:43.956,1.5632,1.5635,2.40,1.50
2010.01.28 23:53:46.265,1.5632,1.5635,1.00,1.50
2010.01.28 23:53:46.435,1.5632,1.5635,1.00,2.20
2010.01.28 23:53:47.195,1.56315,1.5635,2.60,2.20
2010.01.28 23:53:49.764,1.5631,1.5635,4.00,2.20
2010.01.28 23:53:49.874,1.56315,1.56345,2.40,1.50
2010.01.28 23:53:49.984,1.5631,1.56345,2.60,2.20
2010.01.28 23:53:50.394,1.5632,1.56345,1.60,2.20
2010.01.28 23:53:50.744,1.56325,1.5635,2.40,1.50
2010.01.28 23:53:52.114,1.56325,1.5636,4.00,2.20
2010.01.28 23:53:52.514,1.5634,1.56365,1.50,2.30
2010.01.28 23:53:52.744,1.56335,1.56365,1.60,1.50
2010.01.28 23:53:53.263,1.5633,1.5636,1.00,1.50
2010.01.28 23:53:53.534,1.56325,1.5636,4.10,3.10
2010.01.28 23:53:53.874,1.56325,1.56355,1.00,3.20
2010.01.28 23:53:54.623,1.5632,1.5635,1.00,1.50
2010.01.28 23:53:54.743,1.5632,1.5634,1.00,1.50
2010.01.28 23:53:54.903,1.56315,1.5634,1.00,1.50
2010.01.28 23:53:56.523,1.56315,1.5635,2.40,3.80
2010.01.28 23:53:56.803,1.56315,1.5635,3.90,1.50
2010.01.28 23:53:57.102,1.56325,1.56355,1.50,3.80
2010.01.28 23:53:57.432,1.56325,1.56355,1.50,2.20
2010.01.28 23:53:59.092,1.56325,1.56355,4.00,1.50
2010.01.28 23:53:59.322,1.56335,1.56365,1.00,3.80
2010.01.28 23:54:00.722,1.56325,1.5636,1.00,2.20
2010.01.28 23:54:02.051,1.5633,1.5636,1.50,1.00
2010.01.28 23:54:03.021,1.5633,1.5636,1.60,1.00
2010.01.28 23:54:03.911,1.56335,1.5636,1.00,1.00
2010.01.28 23:54:04.661,1.5633,1.5636,1.50,1.00
2010.01.28 23:54:04.831,1.56325,1.56355,2.50,1.50
2010.01.28 23:54:04.951,1.56325,1.56355,2.50,2.20
2010.01.28 23:54:06.760,1.5633,1.5636,1.50,2.30
2010.01.28 23:54:06.990,1.56335,1.5636,1.00,2.30
2010.01.28 23:54:07.510,1.56335,1.56365,1.00,3.80
2010.01.28 23:54:10.299,1.56335,1.56365,1.00,1.50
2010.01.28 23:54:10.649,1.5633,1.56355,2.40,1.50
2010.01.28 23:54:10.999,1.5633,1.56355,1.00,1.50
2010.01.28 23:54:11.340,1.56335,1.56365,1.00,3.80
2010.01.28 23:54:12.139,1.5633,1.5636,4.00,1.00
2010.01.28 23:54:12.439,1.5633,1.5635,1.00,1.50
2010.01.28 23:54:12.719,1.56325,1.5635,1.00,1.50
2010.01.28 23:54:13.009,1.56325,1.56345,1.00,1.50
2010.01.28 23:54:13.239,1.5632,1.56345,2.40,1.50
2010.01.28 23:54:14.888,1.56325,1.5636,2.40,3.80
2010.01.28 23:54:15.158,1.56325,1.5636,2.40,2.20
2010.01.28 23:54:16.508,1.56325,1.5636,2.50,2.20
2010.01.28 23:54:16.838,1.5633,1.5636,1.50,1.00
2010.01.28 23:54:17.758,1.56335,1.56365,1.50,1.00
2010.01.28 23:54:18.048,1.56335,1.56365,1.60,1.00
2010.01.28 23:54:18.498,1.56335,1.5636,1.00,1.50
2010.01.28 23:54:20.997,1.5634,1.56365,1.00,1.50
2010.01.28 23:54:21.677,1.5634,1.56375,1.00,3.80
2010.01.28 23:54:22.706,1.5634,1.56375,1.00,3.90
2010.01.28 23:54:23.096,1.5634,1.56365,1.00,1.50
2010.01.28 23:54:24.036,1.56335,1.56365,1.00,1.50
2010.01.28 23:54:24.096,1.56335,1.56355,1.00,1.50
2010.01.28 23:54:24.386,1.5633,1.56355,1.00,1.50
2010.01.28 23:54:25.656,1.5633,1.56365,2.50,5.30
2010.01.28 23:54:25.946,1.5633,1.56355,1.00,1.50
2010.01.28 23:54:26.235,1.5633,1.56355,1.00,1.50
2010.01.28 23:54:26.516,1.5632,1.5634,1.00,1.50
2010.01.28 23:54:26.795,1.56315,1.5634,1.00,1.50
2010.01.28 23:54:27.075,1.56315,1.5635,1.00,2.20
2010.01.28 23:54:27.405,1.5632,1.5635,1.00,1.50
2010.01.28 23:54:28.095,1.56315,1.5635,1.00,1.50
2010.01.28 23:54:28.275,1.56315,1.56345,1.00,1.50
2010.01.28 23:54:28.575,1.56315,1.56345,1.00,2.20
2010.01.28 23:54:28.855,1.5631,1.56345,1.00,2.20
2010.01.28 23:54:29.525,1.56315,1.56345,1.00,2.20
2010.01.28 23:54:30.615,1.56315,1.56345,1.00,2.20
2010.01.28 23:54:30.845,1.56315,1.5635,2.60,2.20
2010.01.28 23:54:31.374,1.56315,1.5635,1.00,3.80
2010.01.28 23:54:32.954,1.5632,1.56355,1.00,3.80
2010.01.28 23:54:33.524,1.56325,1.56355,1.50,1.00
2010.01.28 23:54:33.694,1.56325,1.56355,2.40,1.00
2010.01.28 23:54:33.864,1.5632,1.56355,2.60,2.20
2010.01.28 23:54:35.873,1.56315,1.5635,1.00,3.80
2010.01.28 23:54:36.093,1.56315,1.5635,1.00,3.80
2010.01.28 23:54:36.503,1.5632,1.5635,1.00,3.80
2010.01.28 23:54:36.673,1.5632,1.5635,1.00,2.30
2010.01.28 23:54:36.893,1.56315,1.56345,1.00,1.50
2010.01.28 23:54:37.253,1.56325,1.5635,1.00,3.80
2010.01.28 23:54:37.603,1.56325,1.5635,1.00,1.50
2010.01.28 23:54:37.933,1.5632,1.5635,2.50,1.50
2010.01.28 23:54:38.213,1.5632,1.5635,2.40,1.50
2010.01.28 23:54:38.502,1.56315,1.56345,1.00,1.50
2010.01.28 23:54:39.213,1.56315,1.56345,1.00,2.20
2010.01.28 23:54:47.100,1.5632,1.56345,1.60,1.00
2010.01.28 23:54:47.390,1.5632,1.5635,1.60,2.30
2010.01.28 23:54:47.920,1.5632,1.5635,1.50,2.40
2010.01.28 23:54:48.200,1.5631,1.5634,4.10,1.50
2010.01.28 23:54:48.500,1.5632,1.5635,1.00,3.80
2010.01.28 23:54:49.950,1.56315,1.5635,1.60,3.80
2010.01.28 23:54:51.359,1.56315,1.5634,1.00,1.50
2010.01.28 23:54:54.348,1.56315,1.5634,1.00,2.20
2010.01.28 23:55:01.097,1.56305,1.56335,1.00,2.20
2010.01.28 23:55:17.753,1.563,1.56335,2.50,2.20
2010.01.28 23:55:18.213,1.563,1.56335,2.50,3.80
2010.01.28 23:55:18.453,1.563,1.5633,2.50,1.00
2010.01.28 23:55:18.693,1.563,1.5633,1.60,1.00
2010.01.28 23:55:21.032,1.563,1.56325,1.60,1.00
2010.01.28 23:55:26.911,1.563,1.5633,1.60,1.00
2010.01.28 23:55:28.021,1.563,1.56325,1.60,1.00
2010.01.28 23:55:28.361,1.56295,1.56325,1.60,1.00
2010.01.28 23:55:28.420,1.563,1.56325,1.50,1.00
2010.01.28 23:55:28.591,1.563,1.56325,1.00,1.00
2010.01.28 23:55:28.651,1.563,1.56325,1.60,1.00
2010.01.28 23:55:29.670,1.563,1.5633,1.60,1.00
2010.01.28 23:55:30.450,1.563,1.56335,3.20,3.80
2010.01.28 23:55:30.560,1.563,1.56335,4.10,3.80
2010.01.28 23:55:30.800,1.563,1.56335,4.10,1.50
2010.01.28 23:55:31.430,1.563,1.56335,2.50,3.10
2010.01.28 23:55:31.660,1.563,1.56335,1.50,3.80
2010.01.28 23:55:32.000,1.5629,1.56325,4.10,1.00
2010.01.28 23:55:32.400,1.5629,1.56325,2.40,3.80
2010.01.28 23:55:32.749,1.563,1.56335,1.00,2.30
2010.01.28 23:55:33.039,1.56295,1.5632,1.00,1.50
2010.01.28 23:55:33.669,1.5629,1.5632,2.40,1.50
2010.01.28 23:55:34.569,1.56285,1.5632,1.00,3.80
2010.01.28 23:55:35.069,1.5627,1.56305,2.40,1.00
2010.01.28 23:55:35.359,1.5627,1.5631,2.40,3.80
2010.01.28 23:55:35.929,1.5627,1.56295,1.00,1.50
2010.01.28 23:55:36.269,1.56265,1.56295,2.40,1.50
2010.01.28 23:55:36.609,1.56265,1.563,2.40,1.50
2010.01.28 23:55:37.279,1.56275,1.56305,1.00,1.50
2010.01.28 23:55:38.498,1.5628,1.5631,1.00,1.50
2010.01.28 23:55:40.068,1.5628,1.56305,1.00,1.50
2010.01.28 23:55:40.128,1.5626,1.56295,2.40,1.60
2010.01.28 23:55:40.248,1.5626,1.56295,2.40,2.30
2010.01.28 23:55:40.758,1.5626,1.56285,2.40,1.50
2010.01.28 23:55:40.867,1.5626,1.56285,1.00,1.50
2010.01.28 23:55:40.977,1.56255,1.56285,2.40,1.50
2010.01.28 23:55:41.198,1.56255,1.56285,1.00,1.50
2010.01.28 23:55:41.557,1.5625,1.5628,2.40,1.50
2010.01.28 23:55:41.907,1.5625,1.56275,2.40,1.50
2010.01.28 23:55:42.587,1.56245,1.56275,2.40,1.50
2010.01.28 23:55:43.237,1.56255,1.5629,3.10,3.80
2010.01.28 23:55:44.797,1.56255,1.5629,4.00,3.80
2010.01.28 23:55:44.907,1.56255,1.5629,5.70,3.80
2010.01.28 23:55:45.017,1.5626,1.5629,1.00,3.80
2010.01.28 23:55:45.127,1.56265,1.56295,1.50,2.30
2010.01.28 23:55:45.187,1.56265,1.563,2.40,3.80
2010.01.28 23:55:45.666,1.5627,1.56305,2.50,1.00
2010.01.28 23:55:46.307,1.5627,1.56305,4.90,1.00
2010.01.28 23:55:46.646,1.56275,1.56305,2.50,1.00
2010.01.28 23:55:46.886,1.5628,1.5631,1.00,2.30
2010.01.28 23:55:52.875,1.56285,1.56315,1.00,3.80
2010.01.28 23:55:53.045,1.56285,1.56315,1.60,3.80
2010.01.28 23:55:56.904,1.56285,1.56315,1.50,3.90
2010.01.28 23:55:57.533,1.5628,1.56305,1.00,1.50
2010.01.28 23:55:58.813,1.5628,1.56305,1.00,1.50
2010.01.28 23:55:59.103,1.5628,1.56305,1.00,1.50
2010.01.28 23:56:01.023,1.5628,1.563,1.00,1.50
2010.01.28 23:56:01.193,1.56275,1.563,1.00,1.50
2010.01.28 23:56:01.473,1.5628,1.563,1.00,1.50
2010.01.28 23:56:01.583,1.5629,1.56315,1.00,1.50
2010.01.28 23:56:03.552,1.56275,1.5631,4.00,2.30
2010.01.28 23:56:03.842,1.5627,1.56305,2.40,1.50
2010.01.28 23:56:04.082,1.5627,1.56305,1.00,3.80
2010.01.28 23:56:04.482,1.5627,1.563,1.00,1.00
2010.01.28 23:56:05.112,1.56265,1.563,2.50,1.00
2010.01.28 23:56:05.762,1.56265,1.563,2.50,2.30
2010.01.28 23:56:06.111,1.56265,1.56295,2.50,1.00
2010.01.28 23:56:06.451,1.5626,1.5629,8.90,1.50
2010.01.28 23:56:06.681,1.5626,1.5629,1.60,2.20
2010.01.28 23:56:07.141,1.5626,1.5629,1.60,1.50
2010.01.28 23:56:07.371,1.5627,1.563,3.10,3.90
2010.01.28 23:56:13.260,1.5628,1.563,1.00,1.50
2010.01.28 23:56:13.430,1.5628,1.5631,3.20,3.90
2010.01.28 23:56:15.789,1.5629,1.5631,1.00,3.80
2010.01.28 23:56:16.009,1.56295,1.5631,1.50,1.00
2010.01.28 23:56:16.249,1.56285,1.56295,2.40,1.50
2010.01.28 23:56:16.479,1.56275,1.563,1.00,1.50
2010.01.28 23:56:16.769,1.56275,1.56305,1.60,1.00
2010.01.28 23:56:16.999,1.56275,1.5631,1.60,2.30
2010.01.28 23:56:17.349,1.56275,1.5631,2.50,2.30
2010.01.28 23:56:17.879,1.5628,1.5631,1.00,2.30
2010.01.28 23:56:18.629,1.5628,1.56315,2.50,2.30
2010.01.28 23:56:18.918,1.5628,1.56315,1.00,3.90
2010.01.28 23:56:19.158,1.5628,1.563,1.00,1.50
2010.01.28 23:56:20.308,1.5628,1.5631,2.40,1.60
2010.01.28 23:56:20.368,1.56285,1.5631,1.60,1.50
2010.01.28 23:56:20.479,1.5629,1.5632,3.10,2.20
2010.01.28 23:56:20.598,1.5629,1.56325,3.20,3.80
2010.01.28 23:56:20.658,1.563,1.56325,1.50,2.30
2010.01.28 23:56:20.768,1.563,1.56325,1.50,1.00
2010.01.28 23:56:20.828,1.56305,1.5633,1.50,1.00
2010.01.28 23:56:21.398,1.563,1.5633,1.50,3.80
2010.01.28 23:56:22.658,1.563,1.5633,1.50,3.90
2010.01.28 23:56:22.897,1.5629,1.5632,1.60,3.80
2010.01.28 23:56:23.457,1.5629,1.5632,1.50,3.90
2010.01.28 23:56:23.747,1.56285,1.56315,1.00,3.80
2010.01.28 23:56:25.027,1.5628,1.5631,4.10,1.60
2010.01.28 23:56:25.197,1.56285,1.5631,1.00,1.50
2010.01.28 23:56:25.367,1.5629,1.56315,1.50,2.30
2010.01.28 23:56:25.647,1.56305,1.56335,1.50,1.00
2010.01.28 23:56:25.877,1.56305,1.5634,1.50,1.00
2010.01.28 23:56:26.387,1.5631,1.5634,1.00,1.00
2010.01.28 23:56:26.617,1.5631,1.5635,1.00,2.20
2010.01.28 23:56:26.966,1.56315,1.56355,2.40,2.20
2010.01.28 23:56:27.347,1.56315,1.5635,4.00,1.00
2010.01.28 23:56:28.046,1.5632,1.5635,1.00,1.00
2010.01.28 23:56:30.766,1.56315,1.56345,1.50,1.60
2010.01.28 23:56:30.886,1.56315,1.5634,1.50,1.00
2010.01.28 23:56:31.225,1.56305,1.5634,2.50,1.00
2010.01.28 23:56:31.925,1.5631,1.5634,1.00,1.00
2010.01.28 23:56:32.255,1.5631,1.5634,2.50,1.00
2010.01.28 23:56:32.605,1.5631,1.5634,2.40,1.00
2010.01.28 23:56:32.895,1.56305,1.5633,1.00,1.50
2010.01.28 23:56:33.195,1.563,1.5633,1.00,1.50
2010.01.28 23:56:37.874,1.563,1.56325,1.00,1.60
2010.01.28 23:56:37.924,1.56295,1.56325,1.50,2.30
2010.01.28 23:56:37.984,1.5629,1.5632,1.00,1.50
2010.01.28 23:56:38.044,1.56285,1.5632,7.40,1.50
2010.01.28 23:56:38.154,1.56285,1.5632,2.60,1.50
2010.01.28 23:56:38.903,1.56285,1.5632,2.60,2.20
2010.01.28 23:56:39.294,1.5629,1.56325,4.80,1.50
2010.01.28 23:56:39.643,1.56285,1.5632,2.40,2.20
2010.01.28 23:56:41.133,1.56285,1.5632,2.60,2.20
2010.01.28 23:56:41.833,1.56285,1.5632,2.60,1.50
2010.01.28 23:56:42.403,1.56305,1.5633,1.50,2.30
2010.01.28 23:56:42.743,1.56305,1.5633,1.50,1.00
2010.01.28 23:56:43.922,1.56305,1.5633,1.50,1.00
2010.01.28 23:56:43.982,1.56305,1.5633,1.50,2.40
2010.01.28 23:56:46.392,1.5631,1.5633,1.50,1.00
2010.01.28 23:56:46.732,1.56295,1.56325,1.00,1.50
2010.01.28 23:56:48.005,1.5628,1.5631,1.00,1.50
2010.01.28 23:56:48.231,1.5628,1.5631,2.40,1.00
2010.01.28 23:56:48.571,1.5628,1.56315,2.40,2.20
2010.01.28 23:56:48.871,1.56295,1.56315,1.50,1.00
2010.01.28 23:56:49.211,1.5629,1.5632,1.50,3.80
2010.01.28 23:56:49.441,1.56295,1.56325,1.50,3.80
2010.01.28 23:56:49.841,1.56295,1.56325,1.50,3.90
2010.01.28 23:56:50.241,1.56295,1.56325,1.50,2.30
2010.01.28 23:56:50.621,1.5629,1.5632,4.00,1.50
2010.01.28 23:56:52.461,1.56305,1.5633,1.50,1.60
2010.01.28 23:56:52.630,1.56305,1.56335,1.50,3.90
2010.01.28 23:56:52.860,1.56305,1.56335,1.50,3.90
2010.01.28 23:56:53.320,1.56305,1.56335,1.60,3.90
2010.01.28 23:56:54.080,1.56305,1.56335,1.60,2.30
2010.01.28 23:56:55.000,1.5632,1.56335,1.50,1.00
2010.01.28 23:56:55.060,1.5631,1.56335,5.50,1.00
2010.01.28 23:56:55.170,1.5631,1.56335,2.50,1.50
2010.01.28 23:56:55.230,1.56305,1.56335,4.80,1.50
2010.01.28 23:56:55.350,1.56305,1.56335,2.40,1.50
2010.01.28 23:56:55.530,1.56305,1.56335,1.00,1.50
2010.01.28 23:56:56.849,1.56305,1.56335,1.00,1.60
2010.01.28 23:56:58.569,1.563,1.56335,4.10,2.30
2010.01.28 23:57:00.978,1.5631,1.56335,1.00,2.20
2010.01.28 23:57:01.328,1.5631,1.56345,1.60,3.90
2010.01.28 23:57:01.628,1.5631,1.56345,4.10,3.90
2010.01.28 23:57:01.988,1.5631,1.56345,4.10,2.30
2010.01.28 23:57:03.288,1.56315,1.56345,1.00,2.30
2010.01.28 23:57:12.256,1.56325,1.5635,1.00,2.20
2010.01.28 23:57:12.475,1.56325,1.5635,1.00,1.50
2010.01.28 23:57:24.963,1.5632,1.56345,1.00,1.50
2010.01.28 23:57:25.192,1.56315,1.56345,1.00,1.50
2010.01.28 23:57:25.302,1.5631,1.56345,4.10,1.50
2010.01.28 23:57:25.412,1.5631,1.56345,4.10,3.80
2010.01.28 23:57:26.112,1.5631,1.56345,4.10,3.90
2010.01.28 23:57:29.861,1.56325,1.56345,1.00,3.80
2010.01.28 23:57:29.921,1.56325,1.56345,1.60,2.30
2010.01.28 23:57:30.031,1.56325,1.5635,1.60,1.00
2010.01.28 23:57:30.911,1.5633,1.56355,1.50,1.00
2010.01.28 23:57:36.950,1.56325,1.56355,1.60,2.20
2010.01.28 23:57:38.179,1.5633,1.56355,1.50,1.00
2010.01.28 23:57:43.888,1.5632,1.56355,6.40,1.50
2010.01.28 23:57:44.008,1.5632,1.56355,4.10,2.20
2010.01.28 23:57:44.288,1.5632,1.56355,4.00,2.30
2010.01.28 23:57:44.398,1.5632,1.56345,1.00,1.50
2010.01.28 23:57:44.638,1.56315,1.56345,2.40,1.50
2010.01.28 23:57:45.098,1.5631,1.56345,4.10,1.50
2010.01.28 23:57:45.687,1.5631,1.56345,4.10,2.20
2010.01.28 23:57:45.857,1.5631,1.56345,4.00,2.20
2010.01.28 23:57:45.977,1.5631,1.56345,4.10,2.20
2010.01.28 23:57:47.357,1.5631,1.5634,4.00,1.00
2010.01.28 23:57:47.537,1.5631,1.5632,1.00,1.50
2010.01.28 23:57:47.767,1.56305,1.5633,1.50,1.60
2010.01.28 23:57:47.987,1.56305,1.56335,1.50,1.20
2010.01.28 23:57:48.157,1.56305,1.5634,1.50,2.30
2010.01.28 23:57:52.436,1.5631,1.5634,1.50,1.00
2010.01.28 23:57:52.736,1.56305,1.56345,2.40,3.90
2010.01.28 23:57:53.086,1.56305,1.5634,2.40,2.30
2010.01.28 23:57:53.675,1.56305,1.5634,1.00,2.30
2010.01.28 23:57:56.385,1.56305,1.5633,1.00,1.50
2010.01.28 23:57:57.025,1.56305,1.56335,2.40,2.20
2010.01.28 23:57:57.654,1.56305,1.56335,2.40,2.30
2010.01.28 23:57:57.994,1.563,1.56325,1.00,1.50
2010.01.28 23:57:59.514,1.563,1.56335,2.50,3.80
2010.01.28 23:57:59.684,1.5631,1.56335,1.50,1.00
2010.01.28 23:58:00.724,1.56315,1.5634,1.50,1.00
2010.01.28 23:58:01.734,1.5632,1.56345,1.50,2.30
2010.01.28 23:58:02.014,1.56315,1.56345,1.50,2.30
2010.01.28 23:58:03.063,1.56315,1.56345,1.60,2.30
2010.01.28 23:58:05.363,1.56315,1.56345,1.50,4.00
2010.01.28 23:58:05.483,1.56315,1.5634,1.50,1.60
2010.01.28 23:58:05.583,1.56305,1.56335,4.00,1.50
2010.01.28 23:58:06.862,1.56305,1.56335,4.00,1.60
2010.01.28 23:58:07.222,1.56305,1.56335,4.00,1.60
2010.01.28 23:58:08.042,1.56305,1.56335,4.10,1.50
2010.01.28 23:58:08.202,1.5631,1.5634,1.50,2.40
2010.01.28 23:58:09.882,1.5631,1.5634,1.60,2.40
2010.01.28 23:58:10.112,1.56295,1.56315,4.80,1.60
2010.01.28 23:58:10.331,1.56275,1.563,5.20,1.50
2010.01.28 23:58:10.622,1.56275,1.5632,7.10,2.20
2010.01.28 23:58:10.852,1.5628,1.5632,1.00,1.50
2010.01.28 23:58:11.081,1.5628,1.5632,2.40,1.50
2010.01.28 23:58:11.481,1.5628,1.5632,4.00,3.80
2010.01.28 23:58:12.171,1.56285,1.5632,2.40,3.80
2010.01.28 23:58:12.411,1.56285,1.5632,2.40,3.90
2010.01.28 23:58:12.701,1.5629,1.5632,1.50,1.60
2010.01.28 23:58:12.941,1.5629,1.56325,1.50,3.90
2010.01.28 23:58:13.461,1.56285,1.56315,2.40,1.50
2010.01.28 23:58:13.821,1.5628,1.5631,1.60,2.30
2010.01.28 23:58:14.791,1.5628,1.5631,1.60,2.30
2010.01.28 23:58:14.970,1.5628,1.5631,1.60,2.30
2010.01.28 23:58:20.449,1.5628,1.56305,1.50,1.00
2010.01.28 23:58:20.859,1.56285,1.56315,1.60,1.50
2010.01.28 23:58:21.209,1.56295,1.5632,1.50,1.00
2010.01.28 23:58:21.909,1.56295,1.5632,1.50,2.40
2010.01.28 23:58:22.189,1.56295,1.5632,1.50,2.30
2010.01.28 23:58:22.479,1.56285,1.5632,4.00,3.90
2010.01.28 23:58:30.087,1.56285,1.56315,2.40,1.60
2010.01.28 23:58:30.607,1.5628,1.56315,4.10,2.30
2010.01.28 23:58:30.787,1.5628,1.56315,2.50,2.30
2010.01.28 23:58:30.966,1.5628,1.56315,2.50,3.90
2010.01.28 23:58:38.944,1.5628,1.56315,2.50,3.20
2010.01.28 23:58:40.254,1.5628,1.5631,2.50,1.60
2010.01.28 23:58:40.315,1.5628,1.56305,2.40,1.00
2010.01.28 23:58:40.435,1.5628,1.56305,1.00,1.00
2010.01.28 23:58:40.495,1.56275,1.56305,2.50,1.00
2010.01.28 23:58:59.430,1.56285,1.5631,1.50,2.30
2010.01.28 23:58:59.660,1.56285,1.56315,4.00,1.50
2010.01.28 23:59:00.409,1.56285,1.56315,4.00,1.60
2010.01.28 23:59:00.520,1.56285,1.56315,2.40,1.00
2010.01.28 23:59:02.159,1.5629,1.56315,2.40,1.00
2010.01.28 23:59:02.399,1.5629,1.56325,2.60,1.00
2010.01.28 23:59:03.449,1.5629,1.56325,2.60,2.40
2010.01.28 23:59:03.969,1.56295,1.56325,1.00,2.40
2010.01.28 23:59:04.958,1.56295,1.5632,1.00,2.30
2010.01.28 23:59:07.988,1.56285,1.5632,2.60,2.40
2010.01.28 23:59:08.158,1.56285,1.5632,1.00,2.40
2010.01.28 23:59:08.268,1.56285,1.56315,1.00,2.30
2010.01.28 23:59:08.448,1.5628,1.5631,1.00,1.00
2010.01.28 23:59:08.967,1.5628,1.5631,1.00,2.40
2010.01.28 23:59:12.107,1.5628,1.56305,1.00,1.00
2010.01.28 23:59:12.806,1.5628,1.56305,1.00,2.30
2010.01.28 23:59:13.156,1.56265,1.5629,1.00,2.30
2010.01.28 23:59:19.415,1.56265,1.56285,1.00,1.00
2010.01.28 23:59:21.874,1.56255,1.5629,2.60,2.30
2010.01.28 23:59:22.154,1.56255,1.56285,2.40,1.00
2010.01.28 23:59:22.784,1.5625,1.56285,2.60,1.00
2010.01.28 23:59:23.124,1.5625,1.56285,2.60,2.40
2010.01.28 23:59:26.313,1.5626,1.5629,1.00,1.00
2010.01.28 23:59:27.753,1.5626,1.5629,1.00,1.00
2010.01.28 23:59:27.923,1.5626,1.56295,1.00,2.30
2010.01.28 23:59:27.973,1.5626,1.56295,2.60,2.30
2010.01.28 23:59:28.093,1.56265,1.56295,1.60,2.30
2010.01.28 23:59:28.793,1.56265,1.56295,1.60,1.00
2010.01.28 23:59:29.073,1.5627,1.563,1.00,2.30
2010.01.28 23:59:30.962,1.56265,1.563,2.50,2.30
2010.01.28 23:59:31.192,1.56265,1.563,1.00,2.30
2010.01.28 23:59:31.362,1.56265,1.563,1.00,2.30
2010.01.28 23:59:31.992,1.5626,1.563,2.60,2.30
2010.01.28 23:59:32.342,1.5626,1.56295,2.60,2.30
2010.01.28 23:59:33.851,1.5626,1.56295,2.40,2.30
2010.01.28 23:59:34.201,1.56255,1.5629,2.60,1.00
2010.01.28 23:59:34.371,1.5625,1.5629,2.40,1.00
2010.01.28 23:59:34.541,1.5625,1.56285,2.40,1.00
2010.01.28 23:59:34.951,1.5625,1.56285,4.80,1.00
2010.01.28 23:59:35.701,1.5625,1.56285,2.40,1.00
2010.01.28 23:59:36.431,1.5625,1.56285,2.50,1.00
2010.01.28 23:59:36.771,1.5625,1.56285,2.40,1.00
2010.01.28 23:59:37.940,1.5625,1.5628,2.40,1.00
2010.01.28 23:59:39.020,1.5625,1.56275,2.40,1.00
2010.01.28 23:59:43.669,1.5625,1.56285,2.40,1.00
2010.01.28 23:59:45.029,1.5625,1.56285,2.40,1.00
2010.01.28 23:59:46.128,1.5625,1.56285,2.40,1.00
2010.01.28 23:59:47.088,1.5625,1.56285,2.60,1.00
2010.01.28 23:59:48.978,1.56255,1.56285,1.00,1.00
2010.01.28 23:59:49.208,1.5625,1.56285,2.40,1.00
2010.01.28 23:59:50.747,1.56245,1.56285,2.40,2.40
2010.01.28 23:59:50.968,1.5624,1.56275,2.40,1.00
2010.01.28 23:59:51.477,1.5624,1.56275,2.40,2.30
2010.01.28 23:59:52.057,1.5624,1.5628,2.40,2.40
2010.01.28 23:59:52.977,1.5624,1.56275,2.40,1.00
2010.01.28 23:59:53.367,1.5624,1.5627,2.40,1.70
2010.01.28 23:59:54.956,1.5624,1.5626,2.40,1.00
2010.01.28 23:59:55.936,1.5624,1.56265,2.40,1.00
2010.01.28 23:59:57.976,1.5624,1.5627,2.60,1.60
