2014.09.04 21:00:00.245,1.38442,1.38485,0.75,0.75
2014.09.04 21:00:00.345,1.38434,1.38485,0.75,0.75
2014.09.04 21:00:00.396,1.38444,1.38485,0.75,0.75
2014.09.04 21:00:00.697,1.38448,1.38475,0.75,0.75
2014.09.04 21:00:01.005,1.3845,1.38474,0.75,0.75
2014.09.04 21:00:02.465,1.3845,1.38481,0.75,0.75
2014.09.04 21:00:02.566,1.38455,1.38481,0.75,0.75
2014.09.04 21:00:03.071,1.38454,1.38481,0.75,0.75
2014.09.04 21:00:04.624,1.38453,1.38481,0.75,0.75
2014.09.04 21:00:04.998,1.38452,1.38484,1.50,0.75
2014.09.04 21:00:08.670,1.38451,1.38484,0.75,0.75
2014.09.04 21:00:08.721,1.38447,1.38484,0.75,0.75
2014.09.04 21:00:09.173,1.38447,1.38486,0.75,0.75
2014.09.04 21:00:09.274,1.3844,1.38486,0.75,1.50
2014.09.04 21:00:09.881,1.38441,1.38496,0.75,0.75
2014.09.04 21:00:09.982,1.38447,1.38505,0.75,0.75
2014.09.04 21:00:10.234,1.38452,1.38506,0.75,0.75
2014.09.04 21:00:10.284,1.38452,1.38509,1.50,2.25
2014.09.04 21:00:13.382,1.38452,1.385,0.75,0.75
2014.09.04 21:00:13.432,1.3845,1.385,1.50,1.50
2014.09.04 21:00:13.810,1.3845,1.38496,1.50,0.75
2014.09.04 21:00:14.314,1.3845,1.38495,1.50,0.75
2014.09.04 21:00:14.648,1.38456,1.38495,0.75,0.75
2014.09.04 21:00:15.020,1.38454,1.38493,0.75,0.75
2014.09.04 21:00:17.083,1.38455,1.38494,0.75,0.75
2014.09.04 21:00:17.133,1.38455,1.38497,1.50,1.50
2014.09.04 21:00:17.184,1.38455,1.38493,0.75,0.75
2014.09.04 21:00:17.234,1.38451,1.38493,0.75,0.75
2014.09.04 21:00:17.285,1.3845,1.38489,0.75,0.75
2014.09.04 21:00:17.856,1.38449,1.38489,0.75,0.75
2014.09.04 21:00:18.187,1.38443,1.38483,1.20,0.75
2014.09.04 21:00:18.439,1.38438,1.3848,0.75,0.75
2014.09.04 21:00:19.161,1.38445,1.38481,0.75,0.75
2014.09.04 21:00:19.212,1.38445,1.38487,0.75,0.75
2014.09.04 21:00:19.262,1.38445,1.38485,0.75,0.75
2014.09.04 21:00:19.554,1.38441,1.38483,1.50,1.50
2014.09.04 21:00:32.552,1.38442,1.38483,0.75,0.75
2014.09.04 21:00:32.603,1.38443,1.38486,0.75,0.75
2014.09.04 21:00:41.574,1.38451,1.38486,0.75,0.75
2014.09.04 21:00:41.625,1.38452,1.38494,0.75,1.27
2014.09.04 21:00:44.125,1.38444,1.38487,1.50,1.50
2014.09.04 21:00:46.080,1.38451,1.38487,0.75,0.75
2014.09.04 21:00:46.131,1.38452,1.38494,0.75,0.75
2014.09.04 21:00:50.537,1.38457,1.38493,0.75,0.75
2014.09.04 21:00:54.069,1.38457,1.38492,0.75,0.75
2014.09.04 21:00:54.119,1.38444,1.38483,0.75,0.75
2014.09.04 21:01:00.079,1.38455,1.38482,0.37,0.37
2014.09.04 21:01:00.478,1.38449,1.38478,0.37,0.37
2014.09.04 21:01:05.622,1.38449,1.38479,0.37,0.37
2014.09.04 21:01:06.825,1.38452,1.38474,0.37,0.37
2014.09.04 21:01:07.633,1.38451,1.3848,0.37,0.75
2014.09.04 21:01:07.684,1.38451,1.38482,0.37,0.37
2014.09.04 21:01:12.611,1.38453,1.38483,0.37,0.37
2014.09.04 21:01:15.650,1.38461,1.38489,0.37,0.37
2014.09.04 21:01:15.851,1.38452,1.38482,0.37,0.37
2014.09.04 21:01:20.245,1.38452,1.38484,0.37,0.37
2014.09.04 21:01:20.636,1.38453,1.38481,0.37,0.37
2014.09.04 21:01:26.093,1.38464,1.38494,0.37,1.50
2014.09.04 21:01:26.195,1.38472,1.38506,0.37,0.37
2014.09.04 21:01:26.296,1.38472,1.38511,0.37,0.37
2014.09.04 21:01:26.396,1.38471,1.38516,0.37,1.12
2014.09.04 21:01:29.596,1.38463,1.38515,0.37,1.12
2014.09.04 21:01:29.747,1.38463,1.38511,0.37,0.37
2014.09.04 21:01:30.334,1.38462,1.38511,0.37,0.37
2014.09.04 21:01:38.690,1.38469,1.38512,0.37,0.75
2014.09.04 21:01:38.791,1.38462,1.38512,0.37,0.75
2014.09.04 21:01:39.479,1.38462,1.38511,0.37,0.37
2014.09.04 21:01:40.784,1.38469,1.38511,0.37,0.37
2014.09.04 21:01:40.886,1.38469,1.38516,0.37,0.75
2014.09.04 21:01:41.396,1.38469,1.38515,0.37,0.75
2014.09.04 21:01:43.133,1.38469,1.38517,0.37,0.37
2014.09.04 21:01:44.997,1.3847,1.38518,0.37,0.37
2014.09.04 21:01:46.595,1.38489,1.38518,0.75,0.37
2014.09.04 21:01:46.847,1.38491,1.38521,0.37,0.37
2014.09.04 21:01:47.303,1.38489,1.38516,0.75,0.37
2014.09.04 21:01:48.337,1.38489,1.38521,0.75,0.75
2014.09.04 21:01:48.388,1.38481,1.38521,0.37,0.75
2014.09.04 21:01:48.489,1.38477,1.38521,0.37,0.75
2014.09.04 21:01:52.927,1.38472,1.38521,0.37,0.75
2014.09.04 21:01:53.079,1.38468,1.38517,0.37,1.12
2014.09.04 21:01:55.614,1.38468,1.38514,0.37,0.75
2014.09.04 21:01:58.788,1.38471,1.38514,0.37,0.75
2014.09.04 21:01:59.399,1.38473,1.38514,0.37,0.75
2014.09.04 21:02:02.836,1.38473,1.38509,0.37,0.75
2014.09.04 21:02:03.507,1.38473,1.38508,0.37,0.75
2014.09.04 21:02:26.299,1.38469,1.38508,0.37,0.75
2014.09.04 21:02:26.352,1.38469,1.38502,0.37,0.75
2014.09.04 21:02:28.826,1.38468,1.38502,0.37,0.75
2014.09.04 21:02:28.928,1.3846,1.38495,0.37,0.75
2014.09.04 21:02:29.130,1.38467,1.38495,0.37,0.75
2014.09.04 21:02:29.181,1.38467,1.38499,0.37,0.75
2014.09.04 21:02:29.282,1.38467,1.38503,0.37,0.30
2014.09.04 21:02:29.487,1.38467,1.38506,0.37,0.75
2014.09.04 21:02:30.038,1.38467,1.38507,0.37,0.75
2014.09.04 21:02:31.337,1.3848,1.38507,0.37,0.75
2014.09.04 21:02:31.747,1.38483,1.3851,0.75,0.37
2014.09.04 21:02:33.323,1.38483,1.38516,0.75,0.22
2014.09.04 21:02:33.374,1.38476,1.38506,0.75,0.75
2014.09.04 21:02:33.475,1.38472,1.38504,0.75,0.75
2014.09.04 21:02:33.526,1.38468,1.38504,0.37,0.75
2014.09.04 21:02:35.428,1.38472,1.38504,0.37,0.75
2014.09.04 21:02:35.580,1.38472,1.3851,0.37,1.50
2014.09.04 21:02:40.050,1.38495,1.3851,0.37,1.50
2014.09.04 21:02:40.201,1.385,1.38521,0.37,0.30
2014.09.04 21:02:40.251,1.385,1.38519,0.37,0.15
2014.09.04 21:02:40.352,1.38497,1.38519,0.75,0.15
2014.09.04 21:02:40.503,1.38488,1.38519,1.50,0.15
2014.09.04 21:02:40.554,1.38481,1.38521,1.12,0.75
2014.09.04 21:02:40.604,1.38483,1.38521,0.75,0.75
2014.09.04 21:02:40.978,1.38491,1.38529,0.75,0.22
2014.09.04 21:02:41.191,1.38488,1.38527,0.37,1.50
2014.09.04 21:02:41.292,1.38488,1.3853,1.87,1.50
2014.09.04 21:02:46.048,1.38494,1.3853,0.37,1.50
2014.09.04 21:02:46.201,1.38494,1.38533,0.37,0.75
2014.09.04 21:02:47.834,1.38494,1.38532,0.37,0.75
2014.09.04 21:02:47.885,1.38494,1.3853,0.37,0.75
2014.09.04 21:02:51.053,1.38492,1.3853,0.37,0.75
2014.09.04 21:02:51.576,1.38491,1.3853,0.75,0.75
2014.09.04 21:02:51.627,1.38491,1.38522,0.75,0.75
2014.09.04 21:02:51.678,1.3848,1.3852,0.75,0.75
2014.09.04 21:02:56.556,1.38489,1.3852,0.75,0.75
2014.09.04 21:02:56.657,1.38495,1.3853,0.37,1.20
2014.09.04 21:02:57.166,1.38495,1.38529,0.37,0.45
2014.09.04 21:02:59.068,1.38489,1.38529,0.75,0.45
2014.09.04 21:02:59.119,1.38487,1.38523,0.75,0.75
2014.09.04 21:02:59.170,1.38481,1.38523,1.50,1.50
2014.09.04 21:03:00.270,1.385,1.38523,0.37,1.50
2014.09.04 21:03:00.542,1.38501,1.38529,0.37,0.37
2014.09.04 21:03:00.623,1.38504,1.38529,0.75,0.37
2014.09.04 21:03:01.607,1.38504,1.38525,0.75,0.75
2014.09.04 21:03:01.658,1.38494,1.38525,0.75,0.75
2014.09.04 21:03:01.708,1.38494,1.3852,0.75,0.75
2014.09.04 21:03:01.759,1.38478,1.3852,1.50,1.50
2014.09.04 21:03:01.910,1.38478,1.38511,0.75,1.12
2014.09.04 21:03:01.961,1.3847,1.38511,0.75,1.12
2014.09.04 21:03:02.012,1.38469,1.38499,0.75,0.75
2014.09.04 21:03:02.062,1.3846,1.38499,0.75,0.75
2014.09.04 21:03:03.276,1.38492,1.38499,0.37,0.75
2014.09.04 21:03:03.478,1.38501,1.3851,0.37,0.60
2014.09.04 21:03:03.578,1.38501,1.38529,0.37,0.37
2014.09.04 21:03:04.033,1.38503,1.38529,0.75,0.37
2014.09.04 21:03:04.578,1.38503,1.38537,0.75,0.75
2014.09.04 21:03:04.630,1.38495,1.38526,0.75,0.75
2014.09.04 21:03:04.782,1.38477,1.38517,0.75,0.75
2014.09.04 21:03:04.832,1.38476,1.38513,1.12,0.75
2014.09.04 21:03:05.356,1.38475,1.38513,0.37,0.75
2014.09.04 21:03:08.625,1.3848,1.38515,1.12,0.75
2014.09.04 21:03:08.676,1.3848,1.38521,1.87,1.50
2014.09.04 21:03:10.826,1.3848,1.38517,1.12,0.75
2014.09.04 21:03:11.356,1.38476,1.3851,0.37,0.75
2014.09.04 21:03:15.799,1.38471,1.38503,0.37,0.37
2014.09.04 21:03:15.900,1.38463,1.38497,1.50,0.75
2014.09.04 21:03:16.001,1.38458,1.38497,1.50,0.75
2014.09.04 21:03:16.052,1.38455,1.38497,0.75,0.75
2014.09.04 21:03:16.153,1.38465,1.38498,0.75,0.75
2014.09.04 21:03:16.204,1.38465,1.38505,0.75,0.75
2014.09.04 21:03:19.846,1.3848,1.38507,0.75,0.75
2014.09.04 21:03:19.897,1.3848,1.38519,1.50,0.45
2014.09.04 21:03:19.998,1.3848,1.38522,1.50,1.50
2014.09.04 21:03:20.148,1.38482,1.38522,0.37,1.50
2014.09.04 21:03:20.452,1.38485,1.38524,1.50,1.87
2014.09.04 21:03:20.913,1.38485,1.38527,1.50,1.50
2014.09.04 21:03:21.014,1.38488,1.38527,0.75,1.65
2014.09.04 21:03:21.657,1.38488,1.38517,0.75,0.75
2014.09.04 21:03:21.708,1.38478,1.38517,0.75,1.50
2014.09.04 21:03:21.809,1.38475,1.38516,1.50,0.22
2014.09.04 21:03:21.859,1.38475,1.38509,0.75,0.75
2014.09.04 21:03:21.910,1.38468,1.38509,1.50,1.50
2014.09.04 21:03:34.375,1.38463,1.38508,0.75,0.75
2014.09.04 21:03:35.832,1.38466,1.38508,0.75,0.75
2014.09.04 21:03:36.135,1.38492,1.38533,0.75,0.75
2014.09.04 21:03:36.702,1.38493,1.38533,0.75,0.75
2014.09.04 21:03:37.103,1.38493,1.38524,0.75,0.75
2014.09.04 21:03:37.205,1.38482,1.38521,0.75,0.75
2014.09.04 21:03:37.309,1.38477,1.38521,1.50,1.50
2014.09.04 21:03:37.410,1.38477,1.3851,0.75,0.75
2014.09.04 21:03:37.511,1.38468,1.38509,0.75,1.50
2014.09.04 21:03:37.563,1.38464,1.38508,0.75,0.75
2014.09.04 21:03:40.776,1.38465,1.38508,0.37,0.75
2014.09.04 21:03:40.877,1.38494,1.38519,2.32,2.17
2014.09.04 21:03:40.928,1.3851,1.3852,0.75,0.30
2014.09.04 21:03:41.029,1.3851,1.38523,1.50,0.40
2014.09.04 21:03:41.231,1.38487,1.38529,0.75,0.75
2014.09.04 21:03:41.281,1.38486,1.38526,0.75,0.75
2014.09.04 21:03:41.332,1.38484,1.38526,0.75,0.75
2014.09.04 21:03:41.382,1.38483,1.38523,0.75,0.75
2014.09.04 21:03:41.634,1.38477,1.38518,0.75,0.75
2014.09.04 21:03:42.181,1.38476,1.38514,0.75,0.75
2014.09.04 21:03:42.231,1.3847,1.38514,0.75,0.75
2014.09.04 21:03:44.119,1.3846,1.38505,1.50,1.50
2014.09.04 21:03:46.628,1.38467,1.38511,1.50,1.50
2014.09.04 21:03:47.003,1.38474,1.38516,0.75,0.75
2014.09.04 21:03:47.239,1.38469,1.38514,1.50,1.50
2014.09.04 21:03:47.292,1.38469,1.38509,0.75,0.75
2014.09.04 21:03:47.342,1.38465,1.38509,0.75,0.75
2014.09.04 21:03:50.630,1.38497,1.38533,1.50,0.15
2014.09.04 21:03:50.831,1.38497,1.38539,1.50,1.50
2014.09.04 21:03:50.943,1.38476,1.38516,0.75,0.75
2014.09.04 21:03:51.044,1.38476,1.38518,1.50,2.10
2014.09.04 21:03:51.345,1.38478,1.38518,0.75,2.10
2014.09.04 21:03:51.786,1.38485,1.38517,0.75,0.60
2014.09.04 21:03:52.285,1.38502,1.38518,0.75,2.10
2014.09.04 21:03:53.596,1.38502,1.38519,0.75,0.75
2014.09.04 21:03:59.497,1.38512,1.38519,0.75,0.75
2014.09.04 21:03:59.617,1.38514,1.38525,0.75,0.75
2014.09.04 21:04:00.400,1.38502,1.38519,0.75,0.75
2014.09.04 21:04:00.941,1.38483,1.38508,0.75,0.75
2014.09.04 21:04:01.509,1.38483,1.38522,0.75,1.50
2014.09.04 21:04:01.610,1.38481,1.38521,0.75,0.75
2014.09.04 21:04:01.661,1.38477,1.38518,0.75,0.75
2014.09.04 21:04:03.319,1.38476,1.38513,1.00,1.00
2014.09.04 21:04:03.370,1.38471,1.38513,1.00,1.00
2014.09.04 21:04:12.932,1.3847,1.3851,1.00,1.00
2014.09.04 21:04:12.982,1.38468,1.3851,1.00,1.00
2014.09.04 21:04:23.846,1.38467,1.38505,1.00,1.00
2014.09.04 21:04:23.896,1.38463,1.38505,1.50,1.50
2014.09.04 21:04:27.256,1.38463,1.385,1.00,1.00
2014.09.04 21:04:27.307,1.38461,1.385,1.00,1.00
2014.09.04 21:04:27.357,1.38459,1.38498,1.00,1.00
2014.09.04 21:04:27.870,1.38454,1.38494,1.00,1.00
2014.09.04 21:04:28.256,1.38453,1.38492,1.00,1.00
2014.09.04 21:04:28.307,1.3845,1.38492,1.50,1.50
2014.09.04 21:04:28.358,1.3845,1.38486,1.00,1.00
2014.09.04 21:04:28.408,1.38447,1.38486,1.00,1.00
2014.09.04 21:04:31.369,1.38448,1.38488,1.00,1.00
2014.09.04 21:04:31.420,1.38448,1.3849,1.50,1.50
2014.09.04 21:04:33.772,1.38449,1.3849,1.00,1.00
2014.09.04 21:04:34.286,1.38443,1.38485,1.95,1.50
2014.09.04 21:04:38.482,1.38448,1.38488,1.00,1.00
2014.09.04 21:04:38.784,1.38438,1.3848,1.65,1.50
2014.09.04 21:04:43.995,1.38435,1.38477,1.65,1.50
2014.09.04 21:04:44.498,1.38435,1.38477,1.65,1.50
2014.09.04 21:04:54.217,1.3843,1.38472,2.40,1.50
2014.09.04 21:04:54.269,1.3843,1.38472,2.10,1.50
2014.09.04 21:04:54.549,1.3843,1.38472,1.50,1.50
2014.09.04 21:05:00.022,1.38428,1.38469,1.00,1.00
2014.09.04 21:05:00.326,1.38435,1.38477,1.50,1.50
2014.09.04 21:05:01.916,1.38435,1.38473,1.00,1.00
2014.09.04 21:05:01.967,1.38431,1.38472,1.00,1.00
2014.09.04 21:05:02.845,1.38433,1.38475,1.50,1.50
2014.09.04 21:05:03.047,1.38437,1.38481,1.00,1.00
2014.09.04 21:05:03.870,1.38437,1.38481,1.15,1.00
2014.09.04 21:05:04.829,1.38438,1.38481,1.00,1.00
2014.09.04 21:05:05.104,1.38437,1.38481,1.52,1.00
2014.09.04 21:05:05.839,1.38437,1.38481,1.52,1.00
2014.09.04 21:05:06.935,1.38437,1.38481,1.30,1.00
2014.09.04 21:05:07.155,1.38437,1.38481,1.60,1.00
2014.09.04 21:05:07.863,1.38442,1.38481,1.00,1.00
2014.09.04 21:05:08.975,1.3844,1.38481,1.20,1.00
2014.09.04 21:05:10.367,1.38437,1.38481,1.50,1.00
2014.09.04 21:05:10.783,1.38439,1.38481,1.00,1.00
2014.09.04 21:05:14.754,1.3844,1.38481,1.50,1.00
2014.09.04 21:05:15.311,1.38441,1.38481,1.50,1.00
2014.09.04 21:05:15.816,1.3844,1.38481,1.50,1.00
2014.09.04 21:05:16.860,1.38441,1.38481,1.50,1.00
2014.09.04 21:05:17.900,1.3844,1.38481,1.50,1.00
2014.09.04 21:05:18.203,1.38456,1.38481,1.00,1.00
2014.09.04 21:05:18.305,1.38459,1.38489,1.00,1.00
2014.09.04 21:05:18.406,1.38459,1.38486,1.00,1.00
2014.09.04 21:05:22.504,1.3846,1.38486,1.00,1.00
2014.09.04 21:05:23.118,1.38465,1.3849,1.00,1.00
2014.09.04 21:05:23.421,1.38465,1.38485,1.00,1.00
2014.09.04 21:05:24.604,1.38465,1.38503,1.00,1.90
2014.09.04 21:05:24.705,1.38472,1.38503,1.00,1.00
2014.09.04 21:05:25.324,1.3847,1.38503,1.00,1.00
2014.09.04 21:05:27.015,1.38471,1.38503,1.00,1.00
2014.09.04 21:05:27.219,1.38471,1.38499,1.00,1.00
2014.09.04 21:05:28.988,1.38471,1.385,1.00,1.00
2014.09.04 21:05:29.039,1.38471,1.38506,1.00,1.00
2014.09.04 21:05:29.140,1.38475,1.38515,1.00,1.00
2014.09.04 21:05:29.500,1.38475,1.38511,1.00,1.00
2014.09.04 21:05:29.836,1.38471,1.38511,1.00,1.00
2014.09.04 21:05:29.988,1.38471,1.38509,1.00,1.00
2014.09.04 21:05:30.139,1.38465,1.38505,1.50,1.00
2014.09.04 21:05:30.240,1.38463,1.38505,1.00,1.00
2014.09.04 21:05:30.442,1.38469,1.38505,1.00,1.00
2014.09.04 21:05:31.917,1.38463,1.38504,1.00,1.00
2014.09.04 21:05:32.443,1.38462,1.38504,1.00,1.00
2014.09.04 21:05:33.824,1.38465,1.38504,1.00,1.00
2014.09.04 21:05:34.127,1.38473,1.38512,1.92,1.00
2014.09.04 21:05:34.329,1.38463,1.3851,1.00,1.50
2014.09.04 21:05:34.566,1.38471,1.3851,1.00,1.50
2014.09.04 21:05:35.334,1.3847,1.3851,1.00,1.50
2014.09.04 21:05:35.672,1.38492,1.38526,1.00,1.54
2014.09.04 21:05:36.344,1.38492,1.38532,1.00,1.00
2014.09.04 21:05:36.394,1.3849,1.38511,1.00,1.00
2014.09.04 21:05:36.445,1.3848,1.38511,1.50,1.00
2014.09.04 21:05:36.496,1.3848,1.38508,1.50,1.00
2014.09.04 21:05:36.546,1.38478,1.38508,1.50,1.00
2014.09.04 21:05:36.647,1.38472,1.38508,1.50,1.00
2014.09.04 21:05:36.856,1.3847,1.38508,1.00,1.00
2014.09.04 21:05:37.256,1.38474,1.38508,1.00,1.00
2014.09.04 21:05:37.357,1.38474,1.38515,1.00,1.00
2014.09.04 21:05:37.814,1.38474,1.38511,2.25,1.00
2014.09.04 21:05:38.828,1.38474,1.38504,1.00,1.00
2014.09.04 21:05:39.138,1.38471,1.38504,1.00,1.00
2014.09.04 21:05:39.639,1.3847,1.38504,1.00,1.00
2014.09.04 21:05:40.850,1.38489,1.38525,1.00,2.40
2014.09.04 21:05:41.002,1.38491,1.38519,2.25,1.00
2014.09.04 21:05:41.204,1.38491,1.38531,1.00,1.00
2014.09.04 21:05:42.254,1.38499,1.38531,1.50,1.00
2014.09.04 21:05:42.595,1.38499,1.38528,1.50,1.00
2014.09.04 21:05:42.747,1.38496,1.38528,1.50,1.00
2014.09.04 21:05:43.434,1.38497,1.38528,1.50,1.00
2014.09.04 21:05:44.003,1.38496,1.38528,1.50,1.00
2014.09.04 21:05:45.162,1.38497,1.38528,1.50,1.00
2014.09.04 21:05:46.490,1.38496,1.38528,1.50,1.00
2014.09.04 21:05:47.036,1.38497,1.38528,1.50,1.00
2014.09.04 21:05:47.087,1.38495,1.38528,1.50,1.00
2014.09.04 21:05:47.289,1.38493,1.38528,1.50,1.00
2014.09.04 21:05:47.692,1.38496,1.38528,1.50,1.00
2014.09.04 21:05:47.996,1.3849,1.38522,1.50,1.50
2014.09.04 21:05:48.098,1.38488,1.38522,1.00,1.50
2014.09.04 21:05:48.199,1.38486,1.38522,1.50,1.50
2014.09.04 21:05:48.304,1.38492,1.38522,1.50,1.50
2014.09.04 21:05:48.405,1.38489,1.38522,1.50,1.50
2014.09.04 21:05:48.809,1.38486,1.38522,1.50,1.50
2014.09.04 21:05:49.342,1.38487,1.38505,1.50,1.00
2014.09.04 21:05:49.493,1.38471,1.38501,1.50,1.00
2014.09.04 21:05:49.695,1.38469,1.38501,1.50,1.00
2014.09.04 21:05:49.796,1.38461,1.38501,1.00,1.00
2014.09.04 21:05:49.847,1.3846,1.38497,2.25,1.00
2014.09.04 21:05:50.149,1.38455,1.3849,1.00,1.50
2014.09.04 21:05:51.592,1.38456,1.3849,1.00,1.50
2014.09.04 21:05:52.262,1.38456,1.38485,1.00,1.00
2014.09.04 21:05:53.170,1.38452,1.38485,1.00,1.00
2014.09.04 21:05:53.221,1.38452,1.38481,1.00,1.00
2014.09.04 21:05:53.828,1.38465,1.38482,1.00,1.00
2014.09.04 21:05:53.879,1.38465,1.385,1.00,2.28
2014.09.04 21:05:53.930,1.38469,1.385,1.00,2.28
2014.09.04 21:05:54.032,1.38469,1.38504,1.00,1.00
2014.09.04 21:05:54.184,1.38472,1.38509,1.00,1.00
2014.09.04 21:05:54.496,1.3848,1.38509,1.50,1.00
2014.09.04 21:05:54.698,1.3848,1.38511,1.50,1.00
2014.09.04 21:05:55.212,1.38481,1.38511,1.50,1.00
2014.09.04 21:05:55.667,1.38481,1.38496,1.50,1.00
2014.09.04 21:05:55.718,1.38474,1.38496,1.50,1.00
2014.09.04 21:05:55.769,1.38474,1.38493,1.50,1.00
2014.09.04 21:05:55.819,1.38471,1.38493,1.50,1.00
2014.09.04 21:05:55.871,1.38471,1.38486,1.50,1.50
2014.09.04 21:05:55.922,1.38456,1.38486,1.50,1.50
2014.09.04 21:05:55.972,1.38456,1.38481,1.50,1.00
2014.09.04 21:05:56.023,1.38449,1.38481,1.00,1.00
2014.09.04 21:05:56.472,1.38453,1.38481,1.00,1.00
2014.09.04 21:05:56.964,1.38452,1.38477,1.00,1.50
2014.09.04 21:05:57.405,1.38446,1.38477,1.50,1.50
2014.09.04 21:05:59.509,1.38447,1.38477,1.00,1.50
2014.09.04 21:05:59.829,1.38447,1.38473,1.00,1.00
2014.09.04 21:06:01.685,1.38444,1.38473,1.00,1.00
2014.09.04 21:06:01.947,1.38444,1.38468,1.00,1.00
2014.09.04 21:06:01.998,1.38442,1.38468,1.30,1.00
2014.09.04 21:06:02.049,1.38438,1.38468,1.50,1.00
2014.09.04 21:06:02.256,1.38435,1.38468,1.00,1.00
2014.09.04 21:06:02.357,1.38457,1.38469,1.00,1.00
2014.09.04 21:06:02.409,1.38462,1.38486,1.87,1.98
2014.09.04 21:06:02.460,1.38467,1.38486,1.00,1.93
2014.09.04 21:06:02.561,1.38471,1.38502,1.19,1.00
2014.09.04 21:06:02.713,1.38487,1.38502,1.19,1.00
2014.09.04 21:06:03.116,1.38482,1.38505,1.00,1.00
2014.09.04 21:06:03.167,1.38471,1.38499,1.50,1.00
2014.09.04 21:06:03.218,1.38476,1.38499,1.00,1.00
2014.09.04 21:06:03.420,1.3847,1.38499,1.69,1.00
2014.09.04 21:06:03.682,1.3847,1.38502,1.69,1.00
2014.09.04 21:06:03.966,1.3848,1.38502,1.00,1.00
2014.09.04 21:06:05.053,1.3848,1.38488,1.00,1.00
2014.09.04 21:06:05.305,1.38449,1.38473,1.50,1.00
2014.09.04 21:06:05.457,1.38447,1.38468,1.50,1.00
2014.09.04 21:06:05.558,1.38443,1.38465,1.50,1.00
2014.09.04 21:06:05.659,1.38436,1.38465,1.00,1.00
2014.09.04 21:06:08.244,1.38436,1.38466,1.00,1.00
2014.09.04 21:06:08.295,1.38439,1.3847,1.00,1.00
2014.09.04 21:06:08.346,1.38456,1.38472,1.27,1.00
2014.09.04 21:06:08.397,1.38464,1.38484,1.00,2.48
2014.09.04 21:06:08.448,1.38471,1.38486,1.00,1.00
2014.09.04 21:06:08.499,1.38456,1.38486,2.25,1.00
2014.09.04 21:06:08.550,1.38471,1.38487,2.25,1.00
2014.09.04 21:06:08.601,1.38471,1.38489,2.25,1.50
2014.09.04 21:06:08.652,1.38471,1.38483,1.50,1.00
2014.09.04 21:06:08.753,1.38446,1.38483,1.00,1.00
2014.09.04 21:06:08.854,1.38436,1.38483,1.52,1.00
2014.09.04 21:06:08.955,1.38435,1.38478,1.52,1.00
2014.09.04 21:06:09.157,1.38431,1.38477,1.20,1.00
2014.09.04 21:06:09.258,1.38431,1.38476,1.20,1.90
2014.09.04 21:06:09.360,1.38431,1.38475,1.20,1.00
2014.09.04 21:06:09.461,1.38442,1.38475,1.50,1.00
2014.09.04 21:06:09.562,1.38435,1.38476,1.00,1.00
2014.09.04 21:06:09.613,1.38435,1.38479,1.00,1.00
2014.09.04 21:06:09.663,1.38453,1.38478,1.50,1.00
2014.09.04 21:06:09.765,1.38438,1.38478,1.50,1.00
2014.09.04 21:06:10.067,1.3846,1.38478,1.50,1.00
2014.09.04 21:06:10.218,1.38453,1.38478,1.00,1.00
2014.09.04 21:06:10.948,1.38453,1.3848,1.00,1.00
2014.09.04 21:06:11.000,1.38456,1.38487,1.00,1.00
2014.09.04 21:06:11.102,1.38456,1.38476,1.00,1.00
2014.09.04 21:06:11.333,1.38453,1.38475,1.00,1.00
2014.09.04 21:06:13.171,1.38453,1.3849,1.00,1.50
2014.09.04 21:06:13.884,1.38458,1.3849,1.00,1.50
2014.09.04 21:06:13.985,1.38445,1.38478,1.00,1.50
2014.09.04 21:06:14.442,1.38439,1.38478,1.00,1.00
2014.09.04 21:06:15.022,1.38441,1.38478,1.50,1.00
2014.09.04 21:06:15.929,1.3844,1.38478,1.50,1.00
2014.09.04 21:06:16.555,1.38439,1.38478,2.25,1.00
2014.09.04 21:06:17.012,1.38439,1.38476,1.00,1.00
2014.09.04 21:06:17.113,1.38436,1.38475,1.50,1.00
2014.09.04 21:06:17.315,1.3844,1.38475,1.00,1.00
2014.09.04 21:06:22.277,1.3844,1.38474,1.00,1.00
2014.09.04 21:06:28.584,1.3844,1.38475,1.00,1.50
2014.09.04 21:06:29.208,1.3844,1.38474,1.00,1.00
2014.09.04 21:06:29.511,1.38439,1.38469,1.00,1.00
2014.09.04 21:06:29.815,1.38439,1.38474,1.00,1.50
2014.09.04 21:06:32.663,1.38434,1.38474,1.00,1.50
2014.09.04 21:06:32.815,1.38434,1.38478,1.00,1.00
2014.09.04 21:06:32.916,1.38434,1.38476,1.00,1.00
2014.09.04 21:06:33.218,1.38439,1.38476,1.00,1.00
2014.09.04 21:06:33.687,1.38439,1.38479,1.00,1.50
2014.09.04 21:06:35.035,1.38443,1.38479,1.00,1.00
2014.09.04 21:06:37.177,1.38449,1.38479,1.00,1.00
2014.09.04 21:06:37.483,1.38444,1.38479,1.00,1.00
2014.09.04 21:06:39.581,1.38442,1.38479,1.50,1.00
2014.09.04 21:06:39.631,1.3844,1.3847,1.50,1.00
2014.09.04 21:06:39.733,1.38438,1.38471,1.50,1.00
2014.09.04 21:06:39.834,1.38434,1.38466,1.50,1.00
2014.09.04 21:06:39.935,1.38436,1.38469,1.50,1.00
2014.09.04 21:06:40.036,1.3843,1.38469,1.00,1.00
2014.09.04 21:06:40.389,1.38435,1.38469,1.00,1.00
2014.09.04 21:06:43.156,1.38431,1.38469,1.50,1.00
2014.09.04 21:06:43.207,1.38435,1.38469,1.00,1.00
2014.09.04 21:06:43.671,1.38439,1.38472,1.00,1.00
2014.09.04 21:06:44.421,1.38437,1.38473,2.25,1.00
2014.09.04 21:06:44.945,1.38436,1.38473,1.00,1.00
2014.09.04 21:06:45.946,1.38436,1.38472,1.50,1.00
2014.09.04 21:06:45.997,1.38434,1.38472,1.50,1.00
2014.09.04 21:06:46.098,1.38437,1.38472,1.00,1.00
2014.09.04 21:06:46.149,1.38437,1.38481,1.00,1.00
2014.09.04 21:06:46.250,1.38443,1.38479,1.50,1.50
2014.09.04 21:06:46.854,1.38446,1.38479,1.50,1.50
2014.09.04 21:06:47.359,1.38445,1.38479,1.50,1.50
2014.09.04 21:06:47.661,1.38451,1.38483,1.50,1.00
2014.09.04 21:06:48.729,1.38452,1.38483,1.50,1.00
2014.09.04 21:06:48.983,1.38453,1.38486,1.00,1.00
2014.09.04 21:06:49.539,1.38454,1.38486,1.50,1.00
2014.09.04 21:06:50.144,1.38453,1.38486,2.25,1.00
2014.09.04 21:06:50.959,1.38454,1.38486,1.50,1.00
2014.09.04 21:06:51.592,1.38453,1.38486,2.25,1.00
2014.09.04 21:06:57.819,1.38452,1.38485,1.00,1.00
2014.09.04 21:06:58.659,1.38453,1.38485,1.50,1.00
2014.09.04 21:07:00.274,1.38454,1.38485,1.50,1.00
2014.09.04 21:07:00.535,1.38454,1.38482,1.50,1.00
2014.09.04 21:07:00.689,1.38447,1.38482,1.50,1.50
2014.09.04 21:07:01.692,1.38446,1.38482,2.25,1.50
2014.09.04 21:07:02.500,1.38447,1.38482,1.50,1.50
2014.09.04 21:07:03.093,1.38446,1.38482,2.25,1.50
2014.09.04 21:07:03.920,1.38446,1.3848,2.25,1.00
2014.09.04 21:07:03.970,1.38446,1.38482,2.25,1.50
2014.09.04 21:07:04.579,1.38447,1.38482,1.50,1.50
2014.09.04 21:07:05.032,1.38447,1.38479,1.50,1.00
2014.09.04 21:07:05.543,1.38446,1.38479,2.25,1.50
2014.09.04 21:07:07.315,1.38447,1.38479,1.50,1.50
2014.09.04 21:07:08.146,1.38447,1.38478,1.50,1.00
2014.09.04 21:07:08.248,1.38446,1.3848,2.25,1.50
2014.09.04 21:07:08.450,1.38449,1.3848,1.50,1.00
2014.09.04 21:07:08.871,1.3845,1.38482,1.50,1.00
2014.09.04 21:07:09.419,1.38449,1.38483,1.50,1.00
2014.09.04 21:07:09.470,1.38451,1.38484,1.00,1.00
2014.09.04 21:07:10.075,1.38452,1.38485,1.50,1.00
2014.09.04 21:07:10.672,1.38453,1.38485,1.50,1.00
2014.09.04 21:07:10.874,1.3846,1.38493,1.00,1.00
2014.09.04 21:07:11.026,1.38464,1.38493,1.00,1.00
2014.09.04 21:07:11.077,1.38465,1.38498,1.00,1.00
2014.09.04 21:07:11.480,1.38467,1.38502,1.50,1.00
2014.09.04 21:07:12.380,1.38466,1.38502,2.25,1.00
2014.09.04 21:07:16.218,1.38466,1.385,1.00,1.00
2014.09.04 21:07:16.576,1.38463,1.38499,1.50,1.50
2014.09.04 21:07:16.826,1.38459,1.38499,1.50,1.00
2014.09.04 21:07:17.335,1.3846,1.38499,1.50,1.00
2014.09.04 21:07:17.945,1.38459,1.38499,1.50,1.00
2014.09.04 21:07:18.655,1.3846,1.38499,1.50,1.00
2014.09.04 21:07:19.259,1.38459,1.38499,1.50,1.00
2014.09.04 21:07:20.756,1.3846,1.38499,1.50,1.00
2014.09.04 21:07:21.278,1.38459,1.38499,1.50,1.00
2014.09.04 21:07:23.602,1.3846,1.38499,1.50,1.00
2014.09.04 21:07:23.973,1.38463,1.38505,1.00,1.00
2014.09.04 21:07:28.203,1.38463,1.38504,1.50,1.00
2014.09.04 21:07:28.862,1.3846,1.38504,1.50,1.00
2014.09.04 21:07:29.136,1.38461,1.38502,1.50,1.00
2014.09.04 21:07:29.468,1.3846,1.385,1.50,1.00
2014.09.04 21:07:29.927,1.3846,1.38502,3.00,1.50
2014.09.04 21:07:30.678,1.38461,1.38502,1.50,1.50
2014.09.04 21:07:32.511,1.38464,1.38502,1.50,1.50
2014.09.04 21:07:32.972,1.38466,1.38503,1.50,1.50
2014.09.04 21:07:33.476,1.38466,1.38502,1.50,1.00
2014.09.04 21:07:33.527,1.38462,1.38501,1.50,1.00
2014.09.04 21:07:34.073,1.38461,1.38501,2.25,1.00
2014.09.04 21:07:34.579,1.38462,1.38501,1.50,1.00
2014.09.04 21:07:35.639,1.38461,1.38501,2.25,1.00
2014.09.04 21:07:36.172,1.38462,1.38501,1.50,1.00
2014.09.04 21:07:37.456,1.38461,1.38501,2.25,1.00
2014.09.04 21:07:38.366,1.38462,1.38501,1.50,1.00
2014.09.04 21:07:38.870,1.38461,1.38501,1.00,1.00
2014.09.04 21:07:39.072,1.38464,1.38501,1.50,1.00
2014.09.04 21:07:39.965,1.38461,1.38501,2.25,1.00
2014.09.04 21:07:40.167,1.38462,1.38497,1.50,1.00
2014.09.04 21:07:40.268,1.38458,1.38496,1.50,1.00
2014.09.04 21:07:41.468,1.38463,1.38496,1.00,1.00
2014.09.04 21:07:41.908,1.38465,1.38498,1.00,1.00
2014.09.04 21:07:44.379,1.38467,1.38498,1.50,1.00
2014.09.04 21:07:44.983,1.38466,1.38498,1.50,1.00
2014.09.04 21:07:45.922,1.38464,1.38497,1.00,1.00
2014.09.04 21:07:45.973,1.38464,1.38495,1.00,1.00
2014.09.04 21:07:46.024,1.38461,1.38493,1.50,1.00
2014.09.04 21:07:46.968,1.38461,1.38497,3.00,1.50
2014.09.04 21:07:47.253,1.38465,1.38497,1.50,1.50
2014.09.04 21:07:47.507,1.38462,1.38497,1.50,1.50
2014.09.04 21:07:48.414,1.38461,1.38497,3.00,1.50
2014.09.04 21:07:49.168,1.38462,1.38497,1.50,1.50
2014.09.04 21:07:50.446,1.38461,1.38497,3.00,1.50
2014.09.04 21:07:51.882,1.3846,1.38497,1.50,1.00
2014.09.04 21:07:51.984,1.38456,1.38497,1.50,1.00
2014.09.04 21:07:52.274,1.38454,1.38497,1.00,1.00
2014.09.04 21:07:52.375,1.38453,1.38495,1.00,1.00
2014.09.04 21:07:52.678,1.38462,1.38496,1.00,1.00
2014.09.04 21:07:54.361,1.3846,1.38493,3.00,1.00
2014.09.04 21:07:54.715,1.38464,1.38493,1.50,1.00
2014.09.04 21:07:54.816,1.38463,1.38497,1.50,1.00
2014.09.04 21:07:54.917,1.38461,1.38497,2.25,1.00
2014.09.04 21:07:57.861,1.38464,1.38498,1.00,1.00
2014.09.04 21:07:57.912,1.38464,1.385,1.50,1.50
2014.09.04 21:07:58.265,1.38466,1.385,1.50,1.50
2014.09.04 21:07:58.925,1.38465,1.385,1.50,1.50
2014.09.04 21:08:02.066,1.38466,1.385,1.50,1.50
2014.09.04 21:08:03.074,1.38465,1.385,1.50,1.50
2014.09.04 21:08:04.588,1.38466,1.385,1.50,1.50
2014.09.04 21:08:05.321,1.38465,1.385,1.50,1.50
2014.09.04 21:08:06.206,1.38466,1.385,1.50,1.50
2014.09.04 21:08:07.308,1.38465,1.385,1.50,1.50
2014.09.04 21:08:08.119,1.38466,1.385,1.50,1.50
2014.09.04 21:08:09.327,1.38465,1.385,1.50,1.50
2014.09.04 21:08:10.044,1.38466,1.385,1.50,1.50
2014.09.04 21:08:11.381,1.38465,1.385,1.50,1.50
2014.09.04 21:08:13.203,1.38466,1.385,1.50,1.50
2014.09.04 21:08:13.717,1.38464,1.38494,2.25,1.00
2014.09.04 21:08:14.021,1.38453,1.38484,1.50,1.00
2014.09.04 21:08:14.274,1.38454,1.38487,1.00,1.20
2014.09.04 21:08:15.001,1.38455,1.38487,1.50,1.00
2014.09.04 21:08:15.526,1.38456,1.38487,1.50,1.00
2014.09.04 21:08:16.244,1.38455,1.38487,1.50,1.00
2014.09.04 21:08:16.754,1.38456,1.38487,1.50,1.00
2014.09.04 21:08:17.630,1.38455,1.38487,1.50,1.00
2014.09.04 21:08:18.232,1.38455,1.38487,1.50,1.19
2014.09.04 21:08:18.961,1.38455,1.38487,1.50,1.64
2014.09.04 21:08:19.113,1.38452,1.38487,1.00,1.00
2014.09.04 21:08:19.777,1.38455,1.38487,1.50,1.00
2014.09.04 21:08:20.162,1.38452,1.38487,2.25,1.00
2014.09.04 21:08:22.725,1.38456,1.38488,1.00,1.00
2014.09.04 21:08:22.775,1.38456,1.38491,1.00,1.00
2014.09.04 21:08:23.396,1.38457,1.38491,1.50,1.00
2014.09.04 21:08:23.955,1.38456,1.38491,2.25,1.00
2014.09.04 21:08:24.056,1.38457,1.38486,1.50,1.50
2014.09.04 21:08:24.208,1.38455,1.38486,1.50,1.50
2014.09.04 21:08:25.221,1.38454,1.38486,1.50,1.50
2014.09.04 21:08:26.143,1.38455,1.38486,1.50,1.50
2014.09.04 21:08:27.171,1.38455,1.38489,1.50,1.00
2014.09.04 21:08:27.536,1.38453,1.38488,1.50,1.00
2014.09.04 21:08:28.453,1.38452,1.38488,1.50,1.00
2014.09.04 21:08:29.160,1.38453,1.38488,1.50,1.00
2014.09.04 21:08:29.669,1.38452,1.38488,1.50,1.00
2014.09.04 21:08:29.953,1.38452,1.38478,1.50,1.00
2014.09.04 21:08:30.105,1.38445,1.38478,1.50,1.00
2014.09.04 21:08:30.206,1.38448,1.3848,1.50,1.00
2014.09.04 21:08:30.307,1.38448,1.38483,1.00,1.00
2014.09.04 21:08:31.042,1.38452,1.38484,1.00,1.00
2014.09.04 21:08:31.580,1.38452,1.38485,1.00,1.00
2014.09.04 21:08:37.352,1.38451,1.38484,1.50,1.00
2014.09.04 21:08:37.879,1.38452,1.38485,2.25,1.00
2014.09.04 21:08:47.120,1.38453,1.38486,1.00,1.00
2014.09.04 21:08:49.590,1.38454,1.38486,1.50,1.00
2014.09.04 21:08:50.092,1.38453,1.38486,2.25,1.00
2014.09.04 21:08:50.802,1.3845,1.38483,2.25,1.00
2014.09.04 21:08:50.903,1.38451,1.38487,2.25,1.00
2014.09.04 21:08:51.500,1.38455,1.38488,1.00,1.00
2014.09.04 21:08:53.115,1.38454,1.38487,1.50,1.50
2014.09.04 21:08:54.855,1.38453,1.38487,1.50,1.50
2014.09.04 21:08:56.077,1.38452,1.38487,1.50,1.50
2014.09.04 21:08:56.586,1.38453,1.38488,1.00,1.00
2014.09.04 21:08:57.952,1.38451,1.38484,2.25,1.00
2014.09.04 21:08:58.255,1.38458,1.3849,1.00,1.00
2014.09.04 21:09:00.967,1.38458,1.38491,1.00,1.00
2014.09.04 21:09:01.964,1.38458,1.38489,1.00,1.00
2014.09.04 21:09:02.015,1.38456,1.38489,1.50,1.00
2014.09.04 21:09:02.066,1.38454,1.38489,1.00,1.00
2014.09.04 21:09:03.878,1.38454,1.38491,1.00,1.00
2014.09.04 21:09:03.979,1.38456,1.38491,1.50,1.00
2014.09.04 21:09:04.190,1.38454,1.38491,2.25,1.00
2014.09.04 21:09:04.706,1.38455,1.38491,1.50,1.00
2014.09.04 21:09:05.129,1.38454,1.38486,1.50,1.00
2014.09.04 21:09:05.180,1.38451,1.38486,1.00,1.00
2014.09.04 21:09:07.962,1.38453,1.3849,1.00,1.00
2014.09.04 21:09:08.164,1.38451,1.38487,2.25,1.00
2014.09.04 21:09:17.827,1.38451,1.38482,1.00,1.00
2014.09.04 21:09:18.465,1.38451,1.38484,1.00,1.00
2014.09.04 21:09:25.793,1.38449,1.38483,1.50,1.00
2014.09.04 21:09:25.995,1.38452,1.38484,1.00,1.00
2014.09.04 21:09:27.171,1.38451,1.38484,1.00,1.50
2014.09.04 21:09:27.474,1.38453,1.38484,1.00,1.00
2014.09.04 21:09:27.777,1.38455,1.38484,1.00,1.00
2014.09.04 21:09:30.192,1.38452,1.38484,1.00,1.00
2014.09.04 21:09:32.784,1.38452,1.38487,1.00,1.00
2014.09.04 21:09:32.885,1.38453,1.3849,1.00,1.00
2014.09.04 21:09:33.862,1.38454,1.3849,1.50,1.00
2014.09.04 21:09:34.375,1.38453,1.3849,1.00,1.00
2014.09.04 21:09:37.205,1.38455,1.3849,1.50,1.00
2014.09.04 21:09:37.889,1.38454,1.3849,1.50,1.00
2014.09.04 21:09:39.204,1.38455,1.3849,1.50,1.00
2014.09.04 21:09:39.790,1.38454,1.3849,1.50,1.00
2014.09.04 21:09:41.450,1.38455,1.3849,1.50,1.00
2014.09.04 21:09:41.589,1.38457,1.38493,1.00,1.00
2014.09.04 21:09:45.874,1.38457,1.38487,2.25,1.00
2014.09.04 21:09:45.975,1.38454,1.38487,1.50,1.00
2014.09.04 21:09:46.543,1.38453,1.38487,3.00,1.00
2014.09.04 21:09:47.174,1.38454,1.38487,1.50,1.00
2014.09.04 21:09:47.831,1.38453,1.38487,3.00,1.00
2014.09.04 21:09:48.930,1.38454,1.38487,1.50,1.00
2014.09.04 21:09:49.516,1.38453,1.38487,3.00,1.00
2014.09.04 21:09:50.062,1.38454,1.38487,1.50,1.00
2014.09.04 21:09:50.971,1.38453,1.38487,3.00,1.00
2014.09.04 21:09:51.547,1.38454,1.38487,1.50,1.00
2014.09.04 21:09:52.867,1.38453,1.38487,3.00,1.00
2014.09.04 21:09:53.738,1.38454,1.38487,1.50,1.00
2014.09.04 21:09:54.345,1.38453,1.38487,3.00,1.00
2014.09.04 21:09:54.847,1.38454,1.38487,1.50,1.00
2014.09.04 21:09:55.796,1.38453,1.38487,3.00,1.00
2014.09.04 21:09:59.388,1.38454,1.38487,1.50,1.00
2014.09.04 21:09:59.923,1.38453,1.38487,2.25,1.00
2014.09.04 21:10:00.228,1.38455,1.38488,1.00,1.00
2014.09.04 21:10:00.531,1.38458,1.38489,1.00,1.00
2014.09.04 21:10:00.838,1.38458,1.38493,1.00,1.50
2014.09.04 21:10:01.823,1.38457,1.38489,1.50,1.00
2014.09.04 21:10:01.873,1.38455,1.38489,1.00,1.00
2014.09.04 21:10:06.956,1.38452,1.38488,1.50,1.50
2014.09.04 21:10:07.342,1.38449,1.38484,2.25,1.00
2014.09.04 21:10:10.226,1.38448,1.38482,1.00,1.00
2014.09.04 21:10:10.276,1.38446,1.38482,2.25,1.00
2014.09.04 21:10:10.523,1.38449,1.38483,1.00,1.00
2014.09.04 21:10:11.074,1.38449,1.38484,1.00,1.00
2014.09.04 21:10:11.427,1.38448,1.38478,2.25,1.00
2014.09.04 21:10:11.579,1.38444,1.38478,2.25,1.00
2014.09.04 21:10:12.838,1.38443,1.38477,1.50,1.00
2014.09.04 21:10:12.939,1.38439,1.38477,1.50,1.00
2014.09.04 21:10:13.040,1.38436,1.38477,1.50,1.00
2014.09.04 21:10:13.572,1.38437,1.38477,1.50,1.00
2014.09.04 21:10:13.976,1.38441,1.38477,1.50,1.00
2014.09.04 21:10:14.078,1.38437,1.38477,1.50,1.00
2014.09.04 21:10:15.189,1.38438,1.38477,1.50,1.00
2014.09.04 21:10:15.906,1.38437,1.38477,1.50,1.50
2014.09.04 21:10:16.007,1.38439,1.38477,1.50,1.50
2014.09.04 21:10:16.109,1.38437,1.38477,3.00,1.50
2014.09.04 21:10:16.923,1.38438,1.38477,1.50,1.50
2014.09.04 21:10:18.102,1.38437,1.38477,3.00,1.50
2014.09.04 21:10:18.953,1.38437,1.38474,2.25,1.00
2014.09.04 21:10:19.606,1.38436,1.38474,1.50,1.50
2014.09.04 21:10:21.025,1.38435,1.38474,3.00,1.50
2014.09.04 21:10:22.070,1.38436,1.3848,1.00,1.00
2014.09.04 21:10:22.172,1.38442,1.3848,1.50,1.00
2014.09.04 21:10:22.572,1.38444,1.38482,1.50,1.00
2014.09.04 21:10:22.875,1.3845,1.38483,1.00,1.00
2014.09.04 21:10:26.793,1.38447,1.3848,1.00,1.00
2014.09.04 21:10:27.809,1.38448,1.3848,1.50,1.00
2014.09.04 21:10:27.910,1.38442,1.3848,1.50,1.50
2014.09.04 21:10:27.961,1.38442,1.38474,1.50,1.00
2014.09.04 21:10:28.011,1.38436,1.38474,1.50,1.00
2014.09.04 21:10:28.804,1.38437,1.38474,1.50,1.00
2014.09.04 21:10:28.956,1.38438,1.38476,1.00,1.00
2014.09.04 21:10:29.007,1.38438,1.38481,1.00,1.00
2014.09.04 21:10:29.058,1.38442,1.38481,1.50,1.00
2014.09.04 21:10:29.717,1.38441,1.38481,1.50,1.00
2014.09.04 21:10:30.195,1.38441,1.38477,1.50,1.00
2014.09.04 21:10:30.447,1.38437,1.38477,1.50,1.00
2014.09.04 21:10:30.950,1.38438,1.38477,1.50,1.00
2014.09.04 21:10:31.183,1.38439,1.38482,1.00,1.00
2014.09.04 21:10:31.761,1.3844,1.38482,1.50,1.00
2014.09.04 21:10:32.674,1.38441,1.38482,1.50,1.00
2014.09.04 21:10:32.862,1.38441,1.38479,1.50,1.00
2014.09.04 21:10:33.382,1.3844,1.38479,1.50,1.00
2014.09.04 21:10:34.595,1.38441,1.38479,1.50,1.00
2014.09.04 21:10:37.225,1.3844,1.38479,1.50,1.00
2014.09.04 21:10:37.764,1.38441,1.38479,1.50,1.00
2014.09.04 21:10:38.306,1.38447,1.38482,1.00,1.00
2014.09.04 21:10:38.407,1.38448,1.38485,1.00,1.00
2014.09.04 21:10:39.272,1.38446,1.38482,2.25,1.00
2014.09.04 21:10:39.910,1.38445,1.38482,2.25,1.00
2014.09.04 21:10:40.430,1.38446,1.38482,1.50,1.00
2014.09.04 21:10:40.972,1.38445,1.38482,2.25,1.00
2014.09.04 21:10:41.517,1.38446,1.38482,1.50,1.00
2014.09.04 21:10:42.175,1.38447,1.38482,1.50,1.00
2014.09.04 21:10:42.711,1.38446,1.38482,1.50,1.00
2014.09.04 21:10:43.097,1.38448,1.38484,1.00,1.00
2014.09.04 21:10:44.314,1.38449,1.38484,1.00,1.00
2014.09.04 21:10:44.671,1.38451,1.38484,1.00,1.00
2014.09.04 21:10:45.931,1.38451,1.38481,1.00,1.00
2014.09.04 21:10:46.032,1.38446,1.38479,1.00,1.00
2014.09.04 21:10:48.821,1.38446,1.38478,1.00,1.00
2014.09.04 21:10:48.923,1.38442,1.38478,3.00,1.50
2014.09.04 21:10:49.648,1.38443,1.38478,1.50,1.50
2014.09.04 21:10:50.146,1.38442,1.38475,2.25,1.00
2014.09.04 21:10:50.298,1.38443,1.38477,1.00,1.00
2014.09.04 21:10:50.991,1.38444,1.38477,1.50,1.00
2014.09.04 21:10:54.536,1.38443,1.38477,2.25,1.00
2014.09.04 21:10:55.125,1.38444,1.38477,1.50,1.00
2014.09.04 21:10:55.396,1.38446,1.38478,1.00,1.00
2014.09.04 21:10:55.900,1.38446,1.38479,1.00,1.00
2014.09.04 21:10:56.911,1.38449,1.3848,1.00,1.00
2014.09.04 21:10:56.962,1.38449,1.38482,1.00,1.00
2014.09.04 21:10:58.844,1.38446,1.38479,1.50,1.00
2014.09.04 21:10:59.221,1.38448,1.38481,1.00,1.00
2014.09.04 21:11:08.214,1.38452,1.38481,1.19,1.00
2014.09.04 21:11:08.365,1.38475,1.38506,1.00,1.00
2014.09.04 21:11:08.416,1.38473,1.38506,1.00,1.50
2014.09.04 21:11:08.467,1.38471,1.38502,1.50,1.00
2014.09.04 21:11:08.568,1.38461,1.38494,1.00,1.00
2014.09.04 21:11:08.619,1.38459,1.38485,1.00,1.00
2014.09.04 21:11:08.669,1.38452,1.38485,1.00,1.00
2014.09.04 21:11:08.720,1.38455,1.38486,1.00,1.00
2014.09.04 21:11:08.770,1.38455,1.38491,1.50,1.50
2014.09.04 21:11:08.922,1.38476,1.38491,1.00,1.00
2014.09.04 21:11:08.972,1.38477,1.38497,1.00,1.37
2014.09.04 21:11:09.023,1.38467,1.38477,1.20,1.27
2014.09.04 21:11:09.074,1.38434,1.38467,1.45,1.00
2014.09.04 21:11:09.125,1.38436,1.38468,1.00,1.00
2014.09.04 21:11:09.176,1.38436,1.38472,1.50,2.25
2014.09.04 21:11:09.226,1.3844,1.38461,1.00,1.00
2014.09.04 21:11:09.541,1.38442,1.38464,1.00,1.37
2014.09.04 21:11:09.933,1.38442,1.38477,1.00,1.00
2014.09.04 21:11:10.135,1.38446,1.38482,1.00,1.00
2014.09.04 21:11:10.337,1.38454,1.38487,1.00,1.19
2014.09.04 21:11:11.131,1.38454,1.38487,1.00,1.00
2014.09.04 21:11:11.368,1.38451,1.38489,1.50,1.00
2014.09.04 21:11:12.294,1.38452,1.38489,1.50,1.00
2014.09.04 21:11:12.584,1.3845,1.38489,1.50,1.00
2014.09.04 21:11:13.094,1.38452,1.38489,1.50,1.00
2014.09.04 21:11:13.196,1.38449,1.38489,1.00,1.00
2014.09.04 21:11:15.326,1.38458,1.38489,1.50,1.00
2014.09.04 21:11:16.035,1.38452,1.38489,1.50,1.00
2014.09.04 21:11:16.545,1.38453,1.38489,1.50,1.00
2014.09.04 21:11:17.051,1.38452,1.38489,1.50,1.00
2014.09.04 21:11:17.659,1.38453,1.38489,1.50,1.00
2014.09.04 21:11:17.861,1.3845,1.38489,1.50,1.00
2014.09.04 21:11:18.165,1.38448,1.38485,1.50,1.00
2014.09.04 21:11:18.701,1.38447,1.38485,2.25,1.00
2014.09.04 21:11:19.247,1.38448,1.38485,1.50,1.00
2014.09.04 21:11:20.296,1.38447,1.38485,1.00,1.00
2014.09.04 21:11:21.247,1.38447,1.38482,1.50,1.00
2014.09.04 21:11:21.517,1.38443,1.38482,2.25,1.00
2014.09.04 21:11:23.590,1.38442,1.38479,1.50,1.00
2014.09.04 21:11:24.141,1.38443,1.38481,1.00,1.00
2014.09.04 21:11:24.192,1.38443,1.38483,1.50,1.69
2014.09.04 21:11:24.350,1.38445,1.38483,1.50,1.69
2014.09.04 21:11:25.113,1.38444,1.38483,1.50,1.50
2014.09.04 21:11:26.372,1.38445,1.38483,1.50,1.50
2014.09.04 21:11:27.234,1.38444,1.38483,1.50,1.50
2014.09.04 21:11:27.937,1.38443,1.38483,1.50,1.50
2014.09.04 21:11:28.394,1.38447,1.38482,1.50,1.50
2014.09.04 21:11:38.034,1.38447,1.38482,1.50,1.69
2014.09.04 21:11:39.436,1.38447,1.38482,1.50,1.50
2014.09.04 21:11:40.291,1.38446,1.38479,1.50,1.50
2014.09.04 21:11:41.572,1.38445,1.38479,1.50,1.50
2014.09.04 21:11:42.868,1.38446,1.38479,1.50,1.50
2014.09.04 21:11:43.778,1.38448,1.38479,1.50,1.50
2014.09.04 21:11:43.930,1.38447,1.38482,3.00,1.50
2014.09.04 21:11:43.982,1.38447,1.38479,1.00,1.00
2014.09.04 21:11:44.032,1.38445,1.38479,1.50,1.00
2014.09.04 21:11:44.589,1.38444,1.38479,2.25,1.00
2014.09.04 21:11:45.103,1.38445,1.38479,1.50,1.00
2014.09.04 21:11:46.005,1.38444,1.38479,1.00,1.00
2014.09.04 21:11:47.319,1.38442,1.38476,1.50,1.00
2014.09.04 21:11:47.369,1.3844,1.38476,1.00,1.00
2014.09.04 21:11:47.932,1.38441,1.38476,1.50,1.00
2014.09.04 21:11:48.177,1.38444,1.38477,1.00,1.50
2014.09.04 21:11:49.398,1.38446,1.3848,1.00,1.00
2014.09.04 21:11:50.929,1.38443,1.38476,1.50,1.00
2014.09.04 21:11:51.521,1.38442,1.38476,1.00,1.00
2014.09.04 21:11:52.393,1.38442,1.38472,1.00,1.19
2014.09.04 21:11:52.595,1.38432,1.38462,1.00,1.00
2014.09.04 21:11:52.696,1.38432,1.38468,1.00,1.00
2014.09.04 21:11:52.797,1.38436,1.3847,1.00,1.00
2014.09.04 21:11:52.848,1.38436,1.38472,1.00,1.00
2014.09.04 21:11:52.898,1.3844,1.38473,1.00,1.00
2014.09.04 21:11:52.949,1.3844,1.38479,1.50,1.50
2014.09.04 21:11:53.050,1.38443,1.38479,1.50,1.50
2014.09.04 21:11:53.721,1.38442,1.38479,1.50,1.50
2014.09.04 21:11:55.030,1.38443,1.38479,1.50,1.50
2014.09.04 21:11:56.978,1.38442,1.38479,1.50,1.50
2014.09.04 21:11:57.630,1.38443,1.38479,1.50,1.50
2014.09.04 21:11:58.924,1.38446,1.38482,1.00,1.00
2014.09.04 21:12:00.443,1.38444,1.3848,2.25,1.00
2014.09.04 21:12:00.947,1.38445,1.3848,1.50,1.00
2014.09.04 21:12:01.569,1.38444,1.3848,2.25,1.00
2014.09.04 21:12:02.647,1.38445,1.3848,1.50,1.00
2014.09.04 21:12:03.179,1.38444,1.3848,2.25,1.00
2014.09.04 21:12:04.628,1.38445,1.3848,1.50,1.00
2014.09.04 21:12:05.151,1.38444,1.3848,2.25,1.00
2014.09.04 21:12:05.507,1.38447,1.38481,2.25,1.00
2014.09.04 21:12:06.214,1.38447,1.38478,1.50,1.00
2014.09.04 21:12:06.264,1.38444,1.38478,1.50,1.00
2014.09.04 21:12:07.039,1.38445,1.3848,1.50,1.50
2014.09.04 21:12:07.745,1.38444,1.38475,1.50,1.00
2014.09.04 21:12:07.897,1.38441,1.38475,1.00,1.00
2014.09.04 21:12:07.998,1.38444,1.3848,1.50,1.50
2014.09.04 21:12:08.049,1.38441,1.38478,1.50,1.50
2014.09.04 21:12:08.099,1.38444,1.38478,1.50,1.50
2014.09.04 21:12:08.403,1.38445,1.38476,1.50,1.00
2014.09.04 21:12:08.504,1.38443,1.38476,1.00,1.00
2014.09.04 21:12:08.756,1.38442,1.3848,1.00,1.00
2014.09.04 21:12:08.908,1.38444,1.3848,1.50,1.00
2014.09.04 21:12:08.958,1.38446,1.38485,1.50,1.50
2014.09.04 21:12:09.413,1.38446,1.38482,1.00,1.00
2014.09.04 21:12:09.464,1.38444,1.38482,1.00,1.00
2014.09.04 21:12:09.919,1.38444,1.38479,1.00,1.00
2014.09.04 21:12:10.287,1.38446,1.38479,1.50,1.00
2014.09.04 21:12:10.848,1.38445,1.38479,1.50,1.00
2014.09.04 21:12:11.151,1.38447,1.38482,1.00,1.00
2014.09.04 21:12:11.253,1.38449,1.38482,1.50,1.00
2014.09.04 21:12:12.064,1.38451,1.38482,1.50,1.00
2014.09.04 21:12:13.178,1.3845,1.38482,1.50,1.00
2014.09.04 21:12:13.419,1.3845,1.38484,1.50,1.00
2014.09.04 21:12:13.470,1.38451,1.38486,1.50,1.00
2014.09.04 21:12:14.038,1.3845,1.38486,1.50,1.00
2014.09.04 21:12:14.089,1.38452,1.38486,1.50,1.00
2014.09.04 21:12:14.828,1.38453,1.38486,1.50,1.00
2014.09.04 21:12:15.489,1.38452,1.38486,1.50,1.00
2014.09.04 21:12:18.043,1.38453,1.38486,1.50,1.00
2014.09.04 21:12:18.348,1.38451,1.38485,1.50,1.00
2014.09.04 21:12:20.272,1.38452,1.38485,1.50,1.00
2014.09.04 21:12:20.867,1.38453,1.38485,1.50,1.00
2014.09.04 21:12:22.392,1.38452,1.38485,1.50,1.25
2014.09.04 21:12:24.208,1.38453,1.38485,1.50,1.00
2014.09.04 21:12:24.690,1.38451,1.38485,1.50,1.00
2014.09.04 21:12:26.027,1.3845,1.38485,1.50,1.00
2014.09.04 21:12:26.585,1.38451,1.38485,1.50,1.00
2014.09.04 21:12:27.171,1.38451,1.38485,1.50,1.19
2014.09.04 21:12:27.345,1.38453,1.38485,1.50,1.19
2014.09.04 21:12:27.951,1.38452,1.38485,1.50,1.19
2014.09.04 21:12:28.265,1.38449,1.38482,2.25,1.56
2014.09.04 21:12:28.720,1.38449,1.38482,1.00,1.56
2014.09.04 21:12:29.070,1.38451,1.38484,1.00,2.06
2014.09.04 21:12:30.186,1.38453,1.38487,1.00,1.56
2014.09.04 21:12:30.489,1.3845,1.38485,1.50,1.69
2014.09.04 21:12:30.979,1.38452,1.38485,1.00,1.31
2014.09.04 21:12:31.284,1.38447,1.3848,1.00,2.06
2014.09.04 21:12:31.587,1.3845,1.38485,1.50,3.19
2014.09.04 21:12:31.947,1.38447,1.3848,1.00,1.00
2014.09.04 21:12:31.997,1.38447,1.38478,1.00,1.56
2014.09.04 21:12:32.107,1.38443,1.38477,2.25,1.56
2014.09.04 21:12:32.208,1.38443,1.38473,1.50,1.37
2014.09.04 21:12:32.310,1.38439,1.38473,1.50,1.00
2014.09.04 21:12:32.411,1.38443,1.38476,1.00,1.19
2014.09.04 21:12:32.462,1.38443,1.38476,1.00,1.00
2014.09.04 21:12:32.563,1.38448,1.38483,1.50,2.44
2014.09.04 21:12:32.916,1.38446,1.3848,1.50,1.00
2014.09.04 21:12:33.018,1.38444,1.3848,1.00,1.00
2014.09.04 21:12:33.069,1.38444,1.38476,1.00,1.19
2014.09.04 21:12:33.120,1.38442,1.38476,2.25,1.69
2014.09.04 21:12:33.377,1.38442,1.38476,2.25,1.00
2014.09.04 21:12:33.429,1.38445,1.38478,1.00,1.25
2014.09.04 21:12:33.733,1.38448,1.38481,1.00,1.00
2014.09.04 21:12:34.212,1.38448,1.38481,1.00,1.19
2014.09.04 21:12:34.313,1.38444,1.38479,1.50,1.69
2014.09.04 21:12:34.821,1.38446,1.38481,1.00,1.19
2014.09.04 21:12:35.124,1.38443,1.38478,3.00,2.44
2014.09.04 21:12:35.637,1.38445,1.38478,1.00,1.19
2014.09.04 21:12:35.941,1.38443,1.38476,2.25,1.19
2014.09.04 21:12:36.487,1.38443,1.38476,1.00,1.19
2014.09.04 21:12:36.648,1.38446,1.38478,1.00,1.19
2014.09.04 21:12:36.799,1.38446,1.38479,1.00,1.00
2014.09.04 21:12:36.850,1.38445,1.38483,1.50,1.69
2014.09.04 21:12:37.213,1.38445,1.38479,1.50,1.00
2014.09.04 21:12:41.613,1.38445,1.38479,1.00,1.19
2014.09.04 21:12:41.715,1.38442,1.38474,1.50,1.50
2014.09.04 21:12:41.766,1.38442,1.38474,1.50,1.87
2014.09.04 21:12:41.918,1.3844,1.3847,1.50,1.00
2014.09.04 21:12:41.969,1.3844,1.38468,1.50,1.00
2014.09.04 21:12:42.020,1.38435,1.38468,1.00,1.00
2014.09.04 21:12:42.551,1.38436,1.38468,1.50,1.00
2014.09.04 21:12:42.838,1.38437,1.3847,1.00,1.00
2014.09.04 21:12:42.940,1.38441,1.38471,1.50,1.25
2014.09.04 21:12:43.042,1.38438,1.38471,1.50,1.25
2014.09.04 21:12:44.573,1.38437,1.38471,2.25,1.00
2014.09.04 21:12:44.675,1.38436,1.38468,1.50,1.00
2014.09.04 21:12:45.091,1.38438,1.38468,1.50,1.19
2014.09.04 21:12:45.395,1.38435,1.38468,2.25,1.19
2014.09.04 21:12:46.232,1.38435,1.38468,1.00,1.00
2014.09.04 21:12:47.326,1.38435,1.38463,2.25,1.19
2014.09.04 21:12:47.529,1.3843,1.3846,1.50,1.19
2014.09.04 21:12:47.783,1.3843,1.38453,1.50,1.00
2014.09.04 21:12:47.833,1.38426,1.38453,1.50,1.00
2014.09.04 21:12:47.884,1.38426,1.38451,1.50,1.00
2014.09.04 21:12:48.037,1.38417,1.38449,2.25,1.00
2014.09.04 21:12:48.902,1.38418,1.38449,1.50,1.00
2014.09.04 21:12:49.853,1.38417,1.38449,2.25,1.00
2014.09.04 21:12:50.473,1.38418,1.38449,1.50,1.00
2014.09.04 21:12:51.021,1.38417,1.38449,2.25,1.00
2014.09.04 21:12:51.795,1.38418,1.38449,1.50,1.00
2014.09.04 21:12:52.741,1.38417,1.38449,2.25,1.00
2014.09.04 21:12:53.130,1.38417,1.38451,2.25,1.50
2014.09.04 21:12:53.181,1.38417,1.38446,1.50,1.50
2014.09.04 21:12:53.333,1.38411,1.38446,1.50,1.50
2014.09.04 21:12:53.384,1.38415,1.38448,1.00,1.50
2014.09.04 21:12:53.689,1.38413,1.38449,1.50,1.50
2014.09.04 21:12:53.791,1.38419,1.3845,1.00,1.00
2014.09.04 21:12:53.893,1.38416,1.38448,1.00,1.00
2014.09.04 21:12:53.995,1.38422,1.38456,1.50,1.00
2014.09.04 21:12:54.096,1.38418,1.38449,1.50,1.00
2014.09.04 21:12:54.907,1.38416,1.38444,1.50,1.00
2014.09.04 21:12:54.958,1.38417,1.38447,1.50,1.00
2014.09.04 21:12:55.060,1.38413,1.38447,1.50,1.00
2014.09.04 21:12:55.212,1.38415,1.38447,1.50,1.00
2014.09.04 21:12:55.365,1.38411,1.38446,1.50,1.50
2014.09.04 21:12:55.416,1.38415,1.38449,1.00,1.00
2014.09.04 21:12:55.878,1.38415,1.38446,1.00,1.00
2014.09.04 21:12:55.929,1.38413,1.38446,1.00,1.00
2014.09.04 21:12:55.980,1.38416,1.38446,1.00,1.00
2014.09.04 21:12:56.234,1.38411,1.38446,3.00,2.25
2014.09.04 21:12:56.285,1.38414,1.38446,1.00,1.00
2014.09.04 21:12:56.335,1.38414,1.38449,1.50,1.00
2014.09.04 21:12:56.488,1.38414,1.38446,2.25,1.00
2014.09.04 21:12:56.741,1.38416,1.38449,1.00,1.00
2014.09.04 21:12:56.792,1.38414,1.38446,1.00,1.00
2014.09.04 21:12:56.843,1.38412,1.38446,1.50,1.50
2014.09.04 21:12:56.894,1.38416,1.38446,1.00,1.00
2014.09.04 21:12:56.945,1.38416,1.38452,1.50,2.25
2014.09.04 21:12:57.097,1.38416,1.38446,1.00,1.00
2014.09.04 21:12:57.148,1.3841,1.38446,2.25,1.00
2014.09.04 21:12:57.402,1.38414,1.38447,1.00,2.25
2014.09.04 21:12:57.605,1.38412,1.38448,1.50,2.25
2014.09.04 21:12:57.757,1.38412,1.38446,1.50,1.00
2014.09.04 21:12:58.243,1.3841,1.38445,1.00,1.00
2014.09.04 21:13:01.122,1.38407,1.38442,1.00,1.00
2014.09.04 21:13:01.275,1.38404,1.3844,2.25,2.25
2014.09.04 21:13:01.427,1.38404,1.38438,1.00,1.00
2014.09.04 21:13:03.135,1.38408,1.38439,1.00,1.00
2014.09.04 21:13:03.237,1.38405,1.3844,1.50,1.50
2014.09.04 21:13:04.213,1.38408,1.3844,1.00,1.00
2014.09.04 21:13:04.264,1.38408,1.38442,1.50,1.50
2014.09.04 21:13:08.331,1.38409,1.38442,1.00,1.50
2014.09.04 21:13:10.362,1.38409,1.38435,1.50,1.00
2014.09.04 21:13:10.814,1.38409,1.38428,1.00,1.00
2014.09.04 21:13:10.864,1.38403,1.38428,1.00,1.00
2014.09.04 21:13:14.912,1.38403,1.3842,1.00,1.00
2014.09.04 21:13:15.065,1.38399,1.3842,1.00,1.00
2014.09.04 21:13:15.319,1.38399,1.38417,1.00,1.00
2014.09.04 21:13:15.421,1.38399,1.3842,1.00,1.00
2014.09.04 21:13:15.472,1.38396,1.3842,1.00,1.00
2014.09.04 21:13:15.573,1.38396,1.38423,1.00,1.00
2014.09.04 21:13:16.516,1.38396,1.38425,1.00,1.00
2014.09.04 21:13:17.086,1.38396,1.3842,1.00,1.00
2014.09.04 21:13:17.238,1.38391,1.3842,1.00,1.00
2014.09.04 21:13:17.845,1.38391,1.38425,1.00,1.00
2014.09.04 21:13:18.402,1.38393,1.38421,1.00,1.00
2014.09.04 21:13:18.554,1.38391,1.38421,1.00,1.37
2014.09.04 21:13:19.061,1.38393,1.38421,1.00,1.19
2014.09.04 21:13:19.571,1.38393,1.38421,1.00,1.00
2014.09.04 21:13:19.929,1.38393,1.38417,1.00,1.00
2014.09.04 21:13:19.980,1.38391,1.38417,1.00,1.00
2014.09.04 21:13:21.441,1.38393,1.38417,1.00,1.00
2014.09.04 21:13:21.694,1.38393,1.38419,1.00,1.00
2014.09.04 21:13:21.846,1.3839,1.38419,1.50,1.00
2014.09.04 21:13:22.457,1.3839,1.38418,1.50,1.00
2014.09.04 21:13:25.795,1.38393,1.38418,1.50,1.00
2014.09.04 21:13:26.202,1.38395,1.38418,1.00,1.00
2014.09.04 21:13:26.383,1.38395,1.38422,1.00,1.00
2014.09.04 21:13:26.891,1.38395,1.38421,1.00,1.00
2014.09.04 21:13:27.195,1.38393,1.3842,1.50,1.00
2014.09.04 21:13:27.449,1.38393,1.38418,1.50,1.00
2014.09.04 21:13:27.980,1.38393,1.38419,1.00,1.00
2014.09.04 21:13:28.031,1.38386,1.38419,1.50,1.00
2014.09.04 21:13:28.083,1.38392,1.38419,1.00,1.00
2014.09.04 21:13:28.631,1.38393,1.38419,1.50,1.00
2014.09.04 21:13:32.463,1.38396,1.38419,1.00,1.00
2014.09.04 21:13:32.615,1.38392,1.38419,1.50,1.00
2014.09.04 21:13:33.328,1.3839,1.38419,1.50,1.00
2014.09.04 21:13:34.489,1.38391,1.38419,1.00,1.00
2014.09.04 21:13:35.248,1.38391,1.38422,1.00,1.00
2014.09.04 21:13:35.299,1.38399,1.38422,1.00,1.00
2014.09.04 21:13:35.452,1.38399,1.3843,1.00,1.00
2014.09.04 21:13:35.503,1.38403,1.3843,1.00,1.00
2014.09.04 21:13:35.810,1.38406,1.38431,1.00,1.00
2014.09.04 21:13:35.911,1.38406,1.38433,1.00,1.00
2014.09.04 21:13:43.465,1.38406,1.38432,1.00,1.00
2014.09.04 21:13:43.618,1.38404,1.38432,1.50,1.00
2014.09.04 21:13:47.088,1.38403,1.38432,1.00,1.00
2014.09.04 21:13:47.140,1.38401,1.38432,1.00,1.00
2014.09.04 21:13:49.737,1.38404,1.38432,1.00,1.00
2014.09.04 21:13:53.599,1.38408,1.38432,1.00,1.00
2014.09.04 21:13:53.700,1.38407,1.38438,1.50,1.00
2014.09.04 21:13:53.905,1.38406,1.38438,1.00,2.25
2014.09.04 21:13:53.957,1.38403,1.38431,1.00,1.00
2014.09.04 21:14:07.022,1.38403,1.38434,1.00,1.00
2014.09.04 21:14:07.123,1.38409,1.38437,1.00,1.00
2014.09.04 21:14:07.226,1.38404,1.38437,1.00,1.00
2014.09.04 21:14:07.277,1.38404,1.38431,1.00,1.00
2014.09.04 21:14:08.231,1.38402,1.38431,1.50,1.00
2014.09.04 21:14:09.122,1.38405,1.38436,1.50,1.00
2014.09.04 21:14:09.223,1.38402,1.38432,1.50,1.00
2014.09.04 21:14:10.531,1.38402,1.38432,1.50,1.87
2014.09.04 21:14:10.633,1.38399,1.38432,1.00,1.50
2014.09.04 21:14:10.684,1.38399,1.38426,1.00,1.00
2014.09.04 21:14:24.659,1.38402,1.38426,1.00,1.00
2014.09.04 21:14:45.603,1.38401,1.38426,1.00,1.00
2014.09.04 21:15:00.379,1.38401,1.38431,1.00,1.00
2014.09.04 21:15:00.430,1.38404,1.38431,1.00,1.00
2014.09.04 21:15:00.734,1.38404,1.38425,1.50,1.00
2014.09.04 21:15:00.887,1.38402,1.38425,1.00,1.00
2014.09.04 21:15:01.046,1.38402,1.38432,1.00,1.00
2014.09.04 21:15:01.097,1.38406,1.38432,1.50,1.00
2014.09.04 21:15:01.401,1.38408,1.38433,1.00,1.00
2014.09.04 21:15:01.707,1.384,1.38433,2.25,1.00
2014.09.04 21:15:02.246,1.384,1.38432,1.50,1.00
2014.09.04 21:15:03.602,1.38404,1.38432,1.00,1.00
2014.09.04 21:15:11.351,1.38403,1.38432,1.00,1.00
2014.09.04 21:15:11.402,1.38401,1.38432,1.00,1.00
2014.09.04 21:15:23.375,1.38403,1.38432,1.00,1.00
2014.09.04 21:15:24.099,1.38403,1.38433,1.00,1.00
2014.09.04 21:15:24.353,1.38403,1.38437,1.00,1.00
2014.09.04 21:15:24.454,1.38411,1.3844,1.00,1.25
2014.09.04 21:15:24.758,1.38411,1.38444,1.50,1.00
2014.09.04 21:15:24.910,1.38413,1.38444,1.00,1.00
2014.09.04 21:15:25.775,1.38415,1.38444,1.00,1.00
2014.09.04 21:15:26.089,1.38419,1.38444,1.00,1.00
2014.09.04 21:15:26.693,1.38421,1.38444,1.00,1.00
2014.09.04 21:15:35.604,1.38423,1.38444,1.50,1.00
2014.09.04 21:15:40.831,1.38423,1.38446,1.50,1.00
2014.09.04 21:15:42.038,1.38423,1.38444,1.50,1.00
2014.09.04 21:15:42.492,1.38426,1.38444,1.00,1.00
2014.09.04 21:15:50.183,1.38424,1.38444,1.50,1.00
2014.09.04 21:16:06.957,1.38425,1.38444,1.50,1.00
2014.09.04 21:16:09.226,1.38423,1.38444,1.00,1.00
2014.09.04 21:16:27.555,1.38423,1.38449,1.00,1.00
2014.09.04 21:16:27.707,1.38426,1.38449,1.00,1.00
2014.09.04 21:16:28.060,1.38429,1.38449,1.00,1.00
2014.09.04 21:16:28.916,1.38433,1.38459,1.00,1.37
2014.09.04 21:16:29.666,1.38434,1.38459,1.00,1.00
2014.09.04 21:16:32.402,1.38431,1.38459,1.50,1.00
2014.09.04 21:16:32.554,1.38428,1.38459,1.50,1.00
2014.09.04 21:16:33.165,1.38429,1.38459,1.00,1.00
2014.09.04 21:16:33.524,1.38428,1.38452,1.50,1.00
2014.09.04 21:16:34.038,1.38429,1.38452,1.00,1.00
2014.09.04 21:16:34.666,1.38428,1.38452,1.00,1.00
2014.09.04 21:16:35.502,1.38429,1.38452,1.00,1.00
2014.09.04 21:16:36.315,1.38428,1.38452,1.00,1.00
2014.09.04 21:16:37.622,1.38429,1.38452,1.00,1.00
2014.09.04 21:16:38.257,1.38428,1.38452,1.00,1.00
2014.09.04 21:16:38.927,1.38429,1.38452,1.00,1.00
2014.09.04 21:16:39.491,1.38428,1.38452,1.00,1.00
2014.09.04 21:16:40.132,1.38429,1.38452,1.00,1.00
2014.09.04 21:16:41.132,1.38428,1.38452,1.00,1.00
2014.09.04 21:16:41.698,1.38428,1.38459,1.00,1.00
2014.09.04 21:16:41.749,1.3843,1.38459,1.00,1.50
2014.09.04 21:16:42.003,1.38426,1.38459,1.00,1.50
2014.09.04 21:16:42.055,1.38431,1.38459,1.00,1.50
2014.09.04 21:16:42.258,1.3843,1.38461,1.00,1.00
2014.09.04 21:16:42.309,1.38427,1.38459,1.00,1.00
2014.09.04 21:16:42.361,1.38429,1.38459,1.00,1.00
2014.09.04 21:16:42.412,1.38429,1.38461,1.50,1.50
2014.09.04 21:16:42.463,1.3843,1.38463,1.00,2.25
2014.09.04 21:16:42.514,1.3843,1.38458,1.00,1.00
2014.09.04 21:16:42.666,1.3843,1.38461,1.00,1.50
2014.09.04 21:16:42.768,1.3843,1.38455,1.00,1.00
2014.09.04 21:16:42.869,1.38428,1.38455,1.00,1.00
2014.09.04 21:16:42.920,1.38428,1.38461,1.50,1.00
2014.09.04 21:16:42.971,1.3843,1.38461,1.00,1.00
2014.09.04 21:16:43.275,1.38425,1.38452,1.00,1.00
2014.09.04 21:16:43.326,1.38425,1.38457,1.00,1.00
2014.09.04 21:16:43.377,1.38428,1.38457,1.00,1.00
2014.09.04 21:16:43.428,1.38428,1.38459,1.00,1.00
2014.09.04 21:16:43.606,1.38429,1.38457,1.00,1.00
2014.09.04 21:16:43.809,1.38423,1.38452,1.00,1.00
2014.09.04 21:16:44.366,1.38424,1.38452,1.00,1.00
2014.09.04 21:16:44.874,1.38425,1.38452,1.00,1.00
2014.09.04 21:16:52.069,1.38426,1.38452,1.00,1.00
2014.09.04 21:16:54.209,1.38427,1.38452,1.00,1.00
2014.09.04 21:16:55.723,1.38425,1.38452,1.00,1.00
2014.09.04 21:16:55.774,1.38426,1.38454,1.00,1.00
2014.09.04 21:16:55.927,1.38429,1.38454,1.00,1.00
2014.09.04 21:16:56.933,1.38428,1.38454,1.00,1.00
2014.09.04 21:16:58.812,1.38429,1.38454,1.00,1.00
2014.09.04 21:16:59.818,1.38428,1.38454,1.00,1.00
2014.09.04 21:17:00.413,1.38429,1.38454,1.00,1.00
2014.09.04 21:17:01.777,1.38428,1.38454,1.00,1.00
2014.09.04 21:17:02.393,1.38429,1.38454,1.00,1.00
2014.09.04 21:17:02.919,1.3843,1.38454,1.00,1.00
2014.09.04 21:17:18.869,1.3843,1.38442,1.00,1.00
2014.09.04 21:17:18.971,1.38427,1.3844,1.00,1.00
2014.09.04 21:17:19.072,1.38427,1.38447,1.00,1.00
2014.09.04 21:17:19.123,1.38425,1.38447,2.25,1.00
2014.09.04 21:17:19.823,1.38424,1.38447,1.00,1.00
2014.09.04 21:17:20.864,1.38425,1.38447,1.00,1.00
2014.09.04 21:17:21.321,1.38425,1.38456,1.00,1.19
2014.09.04 21:17:21.373,1.38427,1.38457,1.00,1.25
2014.09.04 21:17:21.424,1.38427,1.38454,1.00,1.00
2014.09.04 21:17:21.731,1.3842,1.38446,1.00,1.00
2014.09.04 21:17:22.289,1.3842,1.38444,1.00,1.00
2014.09.04 21:17:23.626,1.38419,1.38444,2.25,1.00
2014.09.04 21:17:24.257,1.3842,1.38444,1.00,1.00
2014.09.04 21:17:24.839,1.38419,1.38444,2.25,1.00
2014.09.04 21:17:27.034,1.3842,1.38444,1.00,1.00
2014.09.04 21:17:27.538,1.38419,1.38444,2.25,1.00
2014.09.04 21:17:28.979,1.3842,1.38444,1.00,1.00
2014.09.04 21:17:30.062,1.38419,1.38444,2.25,1.00
2014.09.04 21:17:34.314,1.38418,1.38444,1.12,1.00
2014.09.04 21:17:35.124,1.38419,1.38444,1.00,1.00
2014.09.04 21:17:35.912,1.38418,1.38444,1.12,1.00
2014.09.04 21:17:36.529,1.38419,1.38444,1.00,1.00
2014.09.04 21:17:37.156,1.38418,1.38444,1.12,1.00
2014.09.04 21:17:40.454,1.38419,1.38444,1.00,1.00
2014.09.04 21:17:41.908,1.38418,1.38444,1.12,1.00
2014.09.04 21:17:44.701,1.38419,1.38444,1.00,1.00
2014.09.04 21:17:45.277,1.38418,1.38444,1.12,1.00
2014.09.04 21:17:46.022,1.38419,1.38444,1.00,1.00
2014.09.04 21:17:46.529,1.3842,1.38444,1.00,1.00
2014.09.04 21:17:50.359,1.3842,1.38441,1.50,1.00
2014.09.04 21:17:50.461,1.38418,1.38441,1.00,1.00
2014.09.04 21:17:50.975,1.38415,1.38441,2.62,1.00
2014.09.04 21:18:08.861,1.38416,1.38441,1.00,1.00
2014.09.04 21:18:21.267,1.38415,1.38441,1.50,1.00
2014.09.04 21:18:22.527,1.38416,1.38441,1.00,1.00
2014.09.04 21:18:37.362,1.38416,1.38441,1.37,1.00
2014.09.04 21:18:37.767,1.3842,1.38441,1.00,1.00
2014.09.04 21:18:38.546,1.38421,1.38441,1.00,1.00
2014.09.04 21:18:39.339,1.3842,1.38441,1.00,1.00
2014.09.04 21:18:40.189,1.38416,1.38441,1.37,1.00
2014.09.04 21:18:41.809,1.38416,1.38441,1.12,1.00
2014.09.04 21:18:55.236,1.3842,1.38441,1.00,1.50
2014.09.04 21:18:56.588,1.38421,1.38441,1.00,1.50
2014.09.04 21:18:56.791,1.38426,1.38447,1.00,1.00
2014.09.04 21:18:56.843,1.38426,1.38449,1.00,1.00
2014.09.04 21:18:56.894,1.38427,1.38444,1.00,1.00
2014.09.04 21:18:56.945,1.38423,1.38444,1.00,1.00
2014.09.04 21:18:56.996,1.38422,1.3845,1.00,1.50
2014.09.04 21:18:57.098,1.38427,1.3845,1.00,1.50
2014.09.04 21:18:57.302,1.38421,1.38445,1.00,1.00
2014.09.04 21:18:57.353,1.38421,1.38441,1.00,1.00
2014.09.04 21:18:58.034,1.3842,1.38441,1.00,1.00
2014.09.04 21:18:58.535,1.38421,1.38441,1.00,1.00
2014.09.04 21:18:59.383,1.3842,1.38441,1.00,1.00
2014.09.04 21:18:59.970,1.38421,1.38441,1.00,1.00
2014.09.04 21:19:02.306,1.3842,1.38441,1.00,1.00
2014.09.04 21:19:02.983,1.38421,1.38441,1.00,1.00
2014.09.04 21:19:03.544,1.3842,1.38441,1.00,1.00
2014.09.04 21:19:04.327,1.38421,1.38441,1.00,1.00
2014.09.04 21:19:05.453,1.3842,1.38441,1.00,1.00
2014.09.04 21:19:06.141,1.38421,1.38441,1.00,1.00
2014.09.04 21:19:06.674,1.3842,1.38441,1.00,1.00
2014.09.04 21:19:07.923,1.38419,1.38441,1.00,1.00
2014.09.04 21:19:08.553,1.38418,1.38441,1.00,1.00
2014.09.04 21:19:09.116,1.38419,1.38441,1.00,1.00
2014.09.04 21:19:10.276,1.38418,1.38441,1.00,1.00
2014.09.04 21:19:12.594,1.38419,1.38441,1.00,1.00
2014.09.04 21:19:13.115,1.38418,1.38441,1.00,1.00
2014.09.04 21:19:13.704,1.38419,1.38441,1.00,1.00
2014.09.04 21:19:14.265,1.38418,1.38441,1.00,1.00
2014.09.04 21:19:14.976,1.38419,1.38441,1.00,1.00
2014.09.04 21:19:15.633,1.38418,1.38441,1.00,1.00
2014.09.04 21:19:16.245,1.38419,1.38441,1.00,1.00
2014.09.04 21:19:16.899,1.38418,1.38441,1.00,1.00
2014.09.04 21:19:17.808,1.38419,1.38441,1.00,1.00
2014.09.04 21:19:18.936,1.38418,1.38441,1.00,1.00
2014.09.04 21:19:21.694,1.38419,1.38441,1.00,1.00
2014.09.04 21:19:22.897,1.3842,1.38441,1.00,1.00
2014.09.04 21:19:23.433,1.38421,1.38441,1.00,1.00
2014.09.04 21:19:23.535,1.3842,1.38447,1.50,1.00
2014.09.04 21:19:23.636,1.38427,1.38447,1.00,1.00
2014.09.04 21:19:24.446,1.38426,1.38447,1.00,1.00
2014.09.04 21:19:25.159,1.38425,1.38447,1.00,1.00
2014.09.04 21:19:26.169,1.38426,1.38447,1.00,1.00
2014.09.04 21:19:27.913,1.38425,1.38447,1.00,1.00
2014.09.04 21:19:28.695,1.38426,1.38447,1.00,1.00
2014.09.04 21:19:29.287,1.38425,1.38447,1.00,1.00
2014.09.04 21:19:30.775,1.38425,1.38449,1.00,1.00
2014.09.04 21:19:30.826,1.38428,1.3845,1.00,1.00
2014.09.04 21:19:31.814,1.38429,1.3845,1.00,1.00
2014.09.04 21:19:32.142,1.38427,1.3845,1.00,1.00
2014.09.04 21:19:32.193,1.38427,1.38446,1.00,1.00
2014.09.04 21:19:32.346,1.38425,1.38446,1.00,1.00
2014.09.04 21:19:32.858,1.38426,1.38446,1.00,1.00
2014.09.04 21:19:33.871,1.38425,1.38446,1.00,1.00
2014.09.04 21:19:34.153,1.38429,1.38446,1.00,1.00
2014.09.04 21:19:34.204,1.38429,1.38449,1.00,1.00
2014.09.04 21:19:34.455,1.38423,1.38449,1.00,1.00
2014.09.04 21:19:43.960,1.38425,1.38449,1.50,1.00
2014.09.04 21:19:50.292,1.38422,1.38449,1.50,1.00
2014.09.04 21:20:07.705,1.38426,1.38449,1.00,1.00
2014.09.04 21:20:08.726,1.38426,1.38452,1.00,1.00
2014.09.04 21:20:17.320,1.38426,1.38454,1.00,1.00
2014.09.04 21:20:25.004,1.38429,1.38454,1.00,1.00
2014.09.04 21:20:25.587,1.38429,1.38455,1.00,1.50
2014.09.04 21:20:34.271,1.38429,1.38455,1.00,1.87
2014.09.04 21:20:34.806,1.38429,1.38455,1.00,1.50
2014.09.04 21:20:37.208,1.38432,1.38455,1.00,1.50
2014.09.04 21:20:38.420,1.38431,1.38455,1.00,1.50
2014.09.04 21:20:38.471,1.38427,1.38455,1.50,1.50
2014.09.04 21:20:53.159,1.38431,1.38455,1.50,1.00
2014.09.04 21:21:06.477,1.38428,1.38455,1.00,1.00
2014.09.04 21:21:15.192,1.38433,1.38455,1.00,1.00
2014.09.04 21:21:28.142,1.38433,1.38465,1.00,1.50
2014.09.04 21:21:28.193,1.3844,1.38465,1.00,1.50
2014.09.04 21:21:28.244,1.3844,1.38468,1.50,1.00
2014.09.04 21:21:28.296,1.38446,1.38468,1.00,1.00
2014.09.04 21:21:28.347,1.38446,1.38476,1.00,1.00
2014.09.04 21:21:28.398,1.38448,1.38476,1.00,1.00
2014.09.04 21:21:29.510,1.38448,1.38479,1.00,1.00
2014.09.04 21:21:35.299,1.38453,1.38479,1.00,1.00
2014.09.04 21:21:35.350,1.38453,1.38481,1.00,1.00
2014.09.04 21:21:35.402,1.38456,1.38481,1.00,1.00
2014.09.04 21:21:35.453,1.38456,1.38484,1.00,1.00
2014.09.04 21:21:35.505,1.38458,1.38484,1.00,1.00
2014.09.04 21:21:35.607,1.38456,1.38487,1.50,1.00
2014.09.04 21:21:35.962,1.38457,1.3849,1.50,1.00
2014.09.04 21:21:41.049,1.38458,1.38493,1.50,1.50
2014.09.04 21:21:41.353,1.38459,1.3849,1.00,1.50
2014.09.04 21:21:42.031,1.38459,1.38491,1.50,1.00
2014.09.04 21:21:42.352,1.38462,1.38492,1.00,1.00
2014.09.04 21:21:44.368,1.38462,1.3849,1.00,1.00
2014.09.04 21:21:45.369,1.38465,1.3849,1.00,1.00
2014.09.04 21:21:45.471,1.38465,1.38493,1.00,1.50
2014.09.04 21:21:46.352,1.38465,1.38491,1.00,1.00
2014.09.04 21:21:46.657,1.3846,1.38485,1.00,1.00
2014.09.04 21:21:46.708,1.38452,1.38485,1.00,1.00
2014.09.04 21:21:50.174,1.38453,1.38485,1.00,1.50
2014.09.04 21:21:50.753,1.38454,1.38485,1.00,1.00
2014.09.04 21:21:52.476,1.38454,1.38487,1.00,1.50
2014.09.04 21:21:53.237,1.38454,1.38485,1.00,1.00
2014.09.04 21:21:53.992,1.38454,1.38482,1.00,1.00
2014.09.04 21:21:54.657,1.38452,1.38482,1.00,1.00
2014.09.04 21:21:57.513,1.38452,1.38483,1.00,1.25
2014.09.04 21:21:58.088,1.38454,1.38483,1.00,1.25
2014.09.04 21:21:58.444,1.3845,1.38483,1.00,1.00
2014.09.04 21:22:00.379,1.38453,1.38483,1.00,1.25
2014.09.04 21:22:01.136,1.38453,1.38484,1.00,1.25
2014.09.04 21:22:01.644,1.38453,1.38483,1.00,1.00
2014.09.04 21:22:03.269,1.38453,1.38485,1.50,1.19
2014.09.04 21:22:03.829,1.38453,1.38486,1.50,1.00
2014.09.04 21:22:08.318,1.38453,1.38485,1.50,1.00
2014.09.04 21:22:08.848,1.38453,1.38487,1.50,1.00
2014.09.04 21:22:09.412,1.38453,1.38488,1.50,1.50
2014.09.04 21:22:13.168,1.38453,1.38487,1.50,1.00
2014.09.04 21:22:15.067,1.38456,1.38487,1.00,1.00
2014.09.04 21:22:16.673,1.38456,1.3849,1.00,1.50
2014.09.04 21:22:16.973,1.38456,1.38488,1.00,1.00
2014.09.04 21:22:17.894,1.38453,1.38484,1.00,1.00
2014.09.04 21:22:18.200,1.38452,1.38481,1.00,1.00
2014.09.04 21:22:18.303,1.38446,1.38481,1.50,1.19
2014.09.04 21:22:18.608,1.38446,1.38478,1.00,1.00
2014.09.04 21:22:19.166,1.38446,1.38481,1.00,1.00
2014.09.04 21:22:19.261,1.38444,1.38479,1.00,1.12
2014.09.04 21:22:19.566,1.38441,1.38473,1.00,1.00
2014.09.04 21:22:19.720,1.38444,1.38477,1.00,1.50
2014.09.04 21:22:19.823,1.38442,1.38473,1.00,1.50
2014.09.04 21:22:19.925,1.38439,1.38471,1.00,1.00
2014.09.04 21:22:20.027,1.38437,1.38471,1.00,1.50
2014.09.04 21:22:20.535,1.38442,1.38476,1.00,1.00
2014.09.04 21:22:20.840,1.38441,1.38473,1.00,1.00
2014.09.04 21:22:20.942,1.38439,1.38473,1.00,1.50
2014.09.04 21:22:21.298,1.38442,1.38474,1.00,1.00
2014.09.04 21:22:21.840,1.38442,1.38475,1.00,1.00
2014.09.04 21:22:26.102,1.38443,1.38477,1.00,1.31
2014.09.04 21:22:27.290,1.38443,1.38479,1.50,1.12
2014.09.04 21:22:29.408,1.38447,1.3848,1.00,2.62
2014.09.04 21:22:30.545,1.38447,1.3848,1.00,1.25
2014.09.04 21:22:31.945,1.38451,1.38483,1.50,1.19
2014.09.04 21:22:31.996,1.38451,1.38483,1.50,1.00
2014.09.04 21:22:32.250,1.38451,1.38486,2.25,1.12
2014.09.04 21:22:32.403,1.38453,1.38487,1.00,2.06
2014.09.04 21:22:32.909,1.38454,1.38487,1.00,2.06
2014.09.04 21:22:33.570,1.38454,1.38487,1.00,2.06
2014.09.04 21:22:34.155,1.3845,1.38479,1.50,1.37
2014.09.04 21:22:34.460,1.3845,1.38474,1.00,1.19
2014.09.04 21:22:34.512,1.3845,1.38474,1.00,1.00
2014.09.04 21:22:34.563,1.38446,1.38477,1.50,1.19
2014.09.04 21:22:34.716,1.38448,1.3848,1.00,1.50
2014.09.04 21:22:34.919,1.38452,1.38481,1.00,1.25
2014.09.04 21:22:35.342,1.38454,1.38485,1.00,1.19
2014.09.04 21:22:35.852,1.38453,1.38487,2.25,1.19
2014.09.04 21:22:35.903,1.38453,1.38488,2.25,1.69
2014.09.04 21:22:36.841,1.38454,1.38488,1.00,2.06
2014.09.04 21:22:36.892,1.38454,1.38488,1.00,1.87
2014.09.04 21:22:36.943,1.38454,1.38488,1.00,2.25
2014.09.04 21:22:37.249,1.3845,1.3848,1.12,1.69
2014.09.04 21:22:37.786,1.38447,1.38476,1.37,1.37
2014.09.04 21:22:37.888,1.38447,1.38477,1.37,2.44
2014.09.04 21:22:38.143,1.38443,1.38477,1.37,1.69
2014.09.04 21:22:40.871,1.38443,1.38472,1.37,1.50
2014.09.04 21:22:42.399,1.38444,1.38468,1.00,1.00
2014.09.04 21:22:42.454,1.38445,1.38476,1.00,2.40
2014.09.04 21:22:42.506,1.38445,1.38481,1.37,2.25
2014.09.04 21:22:42.557,1.38448,1.38481,1.50,1.75
2014.09.04 21:22:42.608,1.38448,1.38482,1.50,1.37
2014.09.04 21:22:42.661,1.3845,1.38484,1.50,1.75
2014.09.04 21:22:42.712,1.3845,1.38485,1.50,1.37
2014.09.04 21:22:42.815,1.3845,1.38472,1.00,1.00
2014.09.04 21:22:42.917,1.38446,1.38472,1.00,1.00
2014.09.04 21:22:42.968,1.38444,1.38472,2.62,1.00
2014.09.04 21:22:43.019,1.38444,1.38468,1.50,1.00
2014.09.04 21:22:43.121,1.38442,1.38471,1.00,1.00
2014.09.04 21:22:43.173,1.38445,1.38471,1.00,1.00
2014.09.04 21:22:43.223,1.38445,1.38476,1.00,1.19
2014.09.04 21:22:43.326,1.3845,1.38477,1.00,1.00
2014.09.04 21:22:43.377,1.3845,1.38481,1.00,1.19
2014.09.04 21:22:43.632,1.38454,1.38484,1.00,1.69
2014.09.04 21:22:43.835,1.38453,1.38486,1.50,1.62
2014.09.04 21:22:44.358,1.38453,1.38481,1.00,1.00
2014.09.04 21:22:44.663,1.38452,1.38472,1.00,1.00
2014.09.04 21:22:44.714,1.38447,1.38472,1.00,1.00
2014.09.04 21:22:44.815,1.38444,1.38472,2.25,1.00
2014.09.04 21:22:44.917,1.38445,1.38479,1.00,1.56
2014.09.04 21:22:44.968,1.38447,1.3848,1.50,1.56
2014.09.04 21:22:45.496,1.38447,1.3848,2.25,1.19
2014.09.04 21:22:45.802,1.38449,1.38482,1.00,2.44
2014.09.04 21:22:46.306,1.38448,1.38482,1.00,2.81
2014.09.04 21:22:49.427,1.3845,1.38482,1.00,2.81
2014.09.04 21:22:49.955,1.38451,1.38484,1.00,1.19
2014.09.04 21:22:50.260,1.38454,1.38484,1.00,1.19
2014.09.04 21:22:50.514,1.38454,1.38487,1.00,1.56
2014.09.04 21:22:51.611,1.38454,1.38487,1.00,1.31
2014.09.04 21:22:58.539,1.38454,1.38487,1.00,1.37
2014.09.04 21:22:59.950,1.38453,1.38487,1.50,1.37
2014.09.04 21:23:01.595,1.38454,1.38487,1.00,1.62
2014.09.04 21:23:02.034,1.38454,1.38481,1.00,1.00
2014.09.04 21:23:02.761,1.38452,1.38481,1.00,1.00
2014.09.04 21:23:04.815,1.38452,1.38484,1.00,1.00
2014.09.04 21:23:07.399,1.38451,1.38484,1.00,3.56
2014.09.04 21:23:07.452,1.38451,1.38474,1.00,1.00
2014.09.04 21:23:07.605,1.38449,1.38474,1.00,1.00
2014.09.04 21:23:21.072,1.38449,1.38472,1.00,1.00
2014.09.04 21:23:21.983,1.38449,1.38466,1.00,1.00
2014.09.04 21:23:22.504,1.38449,1.38467,1.00,1.00
2014.09.04 21:23:25.833,1.38449,1.38466,1.00,1.00
2014.09.04 21:23:26.331,1.38453,1.38466,1.00,1.00
2014.09.04 21:23:36.925,1.38453,1.38473,1.00,1.00
2014.09.04 21:23:38.589,1.38453,1.38484,1.00,1.00
2014.09.04 21:23:38.640,1.38456,1.38484,1.00,1.00
2014.09.04 21:23:39.212,1.38459,1.38484,1.00,1.00
2014.09.04 21:23:41.320,1.38459,1.38477,1.00,1.00
2014.09.04 21:23:46.652,1.38455,1.38477,1.50,1.00
2014.09.04 21:23:49.346,1.38455,1.38477,1.87,1.00
2014.09.04 21:23:49.866,1.38455,1.38477,1.50,1.00
2014.09.04 21:23:49.975,1.38455,1.38471,1.50,1.00
2014.09.04 21:24:02.655,1.38455,1.38474,1.50,1.00
2014.09.04 21:24:02.757,1.38455,1.38476,1.50,1.00
2014.09.04 21:24:04.854,1.38455,1.38486,1.50,2.02
2014.09.04 21:24:05.672,1.38455,1.38486,1.50,1.00
2014.09.04 21:24:06.709,1.38454,1.38486,1.00,1.00
2014.09.04 21:24:08.287,1.38454,1.38486,1.37,1.00
2014.09.04 21:24:08.593,1.38454,1.38481,1.12,1.00
2014.09.04 21:24:11.425,1.38454,1.38481,1.37,1.00
2014.09.04 21:24:12.374,1.38454,1.3848,1.37,1.00
2014.09.04 21:24:12.475,1.38448,1.38479,1.00,1.50
2014.09.04 21:24:12.766,1.38444,1.38479,2.25,1.50
2014.09.04 21:24:17.842,1.38444,1.38471,2.25,1.00
2014.09.04 21:24:18.380,1.38444,1.38472,2.25,1.00
2014.09.04 21:24:18.739,1.38444,1.38467,1.50,1.00
2014.09.04 21:24:18.994,1.38442,1.38467,1.00,1.00
2014.09.04 21:24:19.810,1.38442,1.38471,1.00,1.00
2014.09.04 21:24:21.116,1.38442,1.38472,1.00,1.00
2014.09.04 21:24:21.997,1.38442,1.38473,1.00,1.00
2014.09.04 21:24:22.545,1.38442,1.38472,1.00,1.00
2014.09.04 21:24:22.900,1.38442,1.38475,1.00,1.00
2014.09.04 21:24:23.002,1.38442,1.38473,1.00,1.00
2014.09.04 21:24:23.768,1.38442,1.38474,1.00,1.00
2014.09.04 21:24:24.324,1.38442,1.38475,1.00,1.50
2014.09.04 21:24:25.884,1.38442,1.38474,1.00,1.00
2014.09.04 21:24:27.763,1.38442,1.38475,1.00,1.00
2014.09.04 21:24:28.272,1.38442,1.38474,1.00,1.00
2014.09.04 21:24:28.942,1.38442,1.38475,1.50,1.25
2014.09.04 21:24:31.681,1.38442,1.38474,1.00,1.00
2014.09.04 21:24:32.260,1.38442,1.38475,1.00,1.00
2014.09.04 21:24:32.788,1.38442,1.38474,1.00,1.00
2014.09.04 21:24:33.320,1.38442,1.38475,1.00,1.00
2014.09.04 21:24:39.676,1.38439,1.38475,1.00,1.50
2014.09.04 21:24:57.967,1.38439,1.38468,1.00,1.00
2014.09.04 21:24:58.120,1.38436,1.38468,1.00,1.00
2014.09.04 21:24:58.374,1.3844,1.38469,1.00,1.00
2014.09.04 21:24:58.527,1.38443,1.38476,1.00,1.25
2014.09.04 21:24:58.629,1.38443,1.38469,1.00,1.00
2014.09.04 21:24:58.680,1.3844,1.38469,1.00,1.00
2014.09.04 21:24:58.884,1.38438,1.3847,1.00,1.00
2014.09.04 21:24:59.090,1.38441,1.38474,1.00,1.00
2014.09.04 21:24:59.496,1.38444,1.38476,1.00,1.19
2014.09.04 21:24:59.598,1.38438,1.38469,1.50,1.50
2014.09.04 21:24:59.700,1.38435,1.38468,1.00,1.00
2014.09.04 21:25:00.009,1.38438,1.38471,1.00,1.50
2014.09.04 21:25:00.314,1.38441,1.38474,1.00,1.00
2014.09.04 21:25:02.931,1.38441,1.38474,1.00,1.31
2014.09.04 21:25:02.982,1.38439,1.38472,1.00,1.19
2014.09.04 21:25:03.034,1.38436,1.38472,1.50,1.69
2014.09.04 21:25:03.389,1.38436,1.38472,2.25,1.50
2014.09.04 21:25:03.542,1.38436,1.38472,2.25,2.06
2014.09.04 21:25:03.847,1.38434,1.38467,1.00,1.00
2014.09.04 21:25:03.948,1.38436,1.38471,1.50,1.50
2014.09.04 21:25:04.000,1.38438,1.38473,1.00,1.19
2014.09.04 21:25:04.101,1.38435,1.3847,1.00,1.19
2014.09.04 21:25:04.406,1.38434,1.3847,1.00,1.00
2014.09.04 21:25:04.509,1.38438,1.38471,1.00,1.00
2014.09.04 21:25:04.611,1.38439,1.38475,1.50,1.50
2014.09.04 21:25:05.092,1.38439,1.3847,1.00,1.00
2014.09.04 21:25:05.143,1.38437,1.3847,1.00,1.00
2014.09.04 21:25:05.499,1.38439,1.38474,1.00,1.00
2014.09.04 21:25:06.221,1.38436,1.38471,1.50,1.50
2014.09.04 21:25:06.933,1.38433,1.38468,1.00,1.00
2014.09.04 21:25:07.356,1.38437,1.38468,1.00,1.00
2014.09.04 21:25:07.407,1.38435,1.38469,1.00,1.00
2014.09.04 21:25:07.829,1.38438,1.38471,1.00,1.50
2014.09.04 21:25:08.134,1.38437,1.38469,1.50,1.00
2014.09.04 21:25:08.236,1.38437,1.38472,1.50,3.19
2014.09.04 21:25:08.776,1.38437,1.38472,1.50,1.50
2014.09.04 21:25:08.827,1.38439,1.38472,1.00,1.00
2014.09.04 21:25:08.930,1.38435,1.38469,2.25,1.00
2014.09.04 21:25:09.338,1.3844,1.38471,1.50,1.00
2014.09.04 21:25:09.440,1.38438,1.38471,1.50,1.00
2014.09.04 21:25:09.542,1.38435,1.38469,1.00,1.00
2014.09.04 21:25:09.847,1.38438,1.38472,1.50,1.00
2014.09.04 21:25:10.152,1.38434,1.38469,1.00,1.00
2014.09.04 21:25:10.417,1.38438,1.3847,1.00,1.00
2014.09.04 21:25:10.519,1.38438,1.38472,1.00,1.00
2014.09.04 21:25:10.824,1.38435,1.38468,1.00,1.00
2014.09.04 21:25:11.032,1.38436,1.38472,1.00,1.25
2014.09.04 21:25:11.184,1.38436,1.38472,1.00,2.44
2014.09.04 21:25:11.439,1.38433,1.38467,1.00,1.37
2014.09.04 21:25:11.490,1.38433,1.38467,1.00,1.00
2014.09.04 21:25:11.645,1.38439,1.3847,1.00,1.00
2014.09.04 21:25:11.746,1.38439,1.38472,1.00,1.00
2014.09.04 21:25:11.848,1.38442,1.38476,1.00,1.69
2014.09.04 21:25:12.819,1.38442,1.38476,1.00,1.00
2014.09.04 21:25:20.158,1.38442,1.38476,1.00,1.69
2014.09.04 21:25:21.347,1.38442,1.38476,1.00,1.50
2014.09.04 21:25:22.181,1.38442,1.38475,1.00,1.00
2014.09.04 21:25:22.438,1.38439,1.38474,1.00,1.00
2014.09.04 21:25:42.567,1.38439,1.38472,1.00,1.00
2014.09.04 21:25:43.102,1.38438,1.38471,1.00,1.00
2014.09.04 21:26:10.522,1.38438,1.3847,1.00,1.00
2014.09.04 21:26:10.573,1.38435,1.38469,1.00,1.00
2014.09.04 21:26:12.441,1.38438,1.38472,1.00,1.00
2014.09.04 21:26:19.153,1.38438,1.38472,1.00,2.62
2014.09.04 21:26:19.461,1.38436,1.38463,1.00,1.00
2014.09.04 21:26:19.767,1.38437,1.3847,1.50,1.19
2014.09.04 21:26:19.970,1.38437,1.38464,1.00,1.00
2014.09.04 21:26:20.275,1.38437,1.38469,1.00,1.19
2014.09.04 21:26:20.681,1.38437,1.3847,1.00,1.19
2014.09.04 21:26:20.885,1.38437,1.38469,1.50,1.62
2014.09.04 21:26:21.191,1.38437,1.38469,1.50,1.25
2014.09.04 21:26:21.662,1.38437,1.38471,1.50,1.25
2014.09.04 21:26:21.713,1.38437,1.38469,1.50,1.00
2014.09.04 21:26:22.409,1.38436,1.38469,1.00,1.50
2014.09.04 21:26:22.770,1.38438,1.38469,1.00,1.25
2014.09.04 21:26:23.318,1.38438,1.38468,1.00,1.00
2014.09.04 21:26:24.770,1.38438,1.3847,1.00,1.19
2014.09.04 21:26:25.813,1.38438,1.38472,1.00,1.69
2014.09.04 21:26:26.775,1.38438,1.38472,1.00,2.44
2014.09.04 21:26:27.700,1.38437,1.38469,1.00,1.25
2014.09.04 21:26:28.004,1.38436,1.38469,1.00,1.19
2014.09.04 21:26:29.488,1.38436,1.38469,1.00,1.25
2014.09.04 21:26:33.319,1.38437,1.38471,1.00,1.69
2014.09.04 21:26:36.719,1.38437,1.38469,1.00,1.00
2014.09.04 21:26:37.260,1.38436,1.38469,1.50,1.50
2014.09.04 21:26:38.800,1.38436,1.38469,1.00,1.69
2014.09.04 21:26:39.852,1.38436,1.38469,1.00,2.44
2014.09.04 21:26:40.004,1.38436,1.38461,1.00,1.00
2014.09.04 21:26:42.645,1.38436,1.38457,1.00,1.00
2014.09.04 21:26:43.475,1.38436,1.38459,1.00,1.00
2014.09.04 21:26:45.916,1.38436,1.38467,1.00,1.19
2014.09.04 21:26:46.119,1.38436,1.38459,1.00,1.00
2014.09.04 21:26:48.095,1.38436,1.38467,1.00,1.19
2014.09.04 21:26:48.248,1.38436,1.38462,1.00,1.00
2014.09.04 21:26:48.767,1.38436,1.38463,1.00,1.00
2014.09.04 21:26:50.774,1.38436,1.38464,1.00,1.00
2014.09.04 21:26:51.089,1.38436,1.38462,1.00,1.00
2014.09.04 21:26:51.801,1.38436,1.38463,1.00,1.00
2014.09.04 21:26:53.287,1.38436,1.38462,1.00,1.00
2014.09.04 21:26:54.837,1.38436,1.38467,1.00,1.19
2014.09.04 21:26:55.446,1.38436,1.38467,1.00,1.19
2014.09.04 21:26:56.674,1.38436,1.38467,1.00,1.19
2014.09.04 21:26:57.548,1.38434,1.38467,1.50,1.19
2014.09.04 21:26:58.040,1.38434,1.38467,1.00,1.00
2014.09.04 21:26:59.144,1.38434,1.38467,1.00,1.19
2014.09.04 21:27:00.547,1.38434,1.38467,1.00,1.00
2014.09.04 21:27:01.549,1.38434,1.38467,1.00,1.19
2014.09.04 21:27:02.051,1.38434,1.38465,1.00,1.00
2014.09.04 21:27:03.093,1.38434,1.38468,1.00,1.69
2014.09.04 21:27:04.083,1.38434,1.38468,1.00,1.69
2014.09.04 21:27:05.492,1.38434,1.38468,1.00,1.69
2014.09.04 21:27:06.461,1.38434,1.38468,1.00,1.69
2014.09.04 21:27:07.785,1.38434,1.3846,1.00,1.00
2014.09.04 21:27:16.277,1.38434,1.38462,1.00,1.00
2014.09.04 21:27:17.358,1.38433,1.38462,1.50,1.00
2014.09.04 21:27:17.479,1.38433,1.3846,1.00,1.00
2014.09.04 21:27:17.581,1.38432,1.38463,1.50,1.00
2014.09.04 21:27:18.604,1.38433,1.38463,1.00,1.00
2014.09.04 21:27:19.717,1.38432,1.38463,1.50,1.00
2014.09.04 21:27:21.644,1.38432,1.3846,1.50,1.00
2014.09.04 21:27:21.797,1.38433,1.38463,1.00,1.00
2014.09.04 21:27:22.085,1.38433,1.38461,1.00,1.00
2014.09.04 21:27:22.696,1.38433,1.38462,1.00,1.00
2014.09.04 21:27:22.899,1.38433,1.38465,1.00,1.25
2014.09.04 21:27:23.454,1.38432,1.38465,1.50,1.25
2014.09.04 21:27:24.044,1.38433,1.38465,1.00,1.25
2014.09.04 21:27:24.987,1.38432,1.38465,1.50,1.25
2014.09.04 21:27:27.103,1.38433,1.38465,1.00,1.00
2014.09.04 21:27:27.816,1.38432,1.38465,1.50,1.00
2014.09.04 21:27:29.127,1.38433,1.38465,1.00,1.00
2014.09.04 21:27:30.208,1.38432,1.38465,1.50,1.25
2014.09.04 21:27:30.774,1.38433,1.38465,1.00,1.25
2014.09.04 21:27:32.315,1.38432,1.38465,1.50,1.25
2014.09.04 21:27:32.808,1.38434,1.38466,1.00,1.25
2014.09.04 21:27:33.832,1.38435,1.38467,1.00,1.19
2014.09.04 21:27:34.340,1.38434,1.38467,1.50,1.00
2014.09.04 21:27:35.068,1.38435,1.38467,1.00,1.00
2014.09.04 21:27:35.569,1.38434,1.38467,1.50,1.00
2014.09.04 21:27:36.092,1.38434,1.38466,1.50,1.00
2014.09.04 21:27:36.673,1.38435,1.38466,1.00,1.00
2014.09.04 21:27:37.378,1.38434,1.38466,1.50,1.00
2014.09.04 21:27:37.907,1.38435,1.38467,1.00,1.19
2014.09.04 21:27:38.775,1.38434,1.38467,1.50,1.19
2014.09.04 21:27:39.360,1.38434,1.38467,1.50,1.19
2014.09.04 21:27:40.338,1.38434,1.38467,1.50,1.19
2014.09.04 21:27:41.322,1.38435,1.38467,1.00,1.19
2014.09.04 21:27:41.829,1.38434,1.38467,1.50,1.19
2014.09.04 21:27:42.409,1.38436,1.38467,1.00,1.19
2014.09.04 21:27:43.476,1.38436,1.38467,1.00,1.19
2014.09.04 21:27:44.438,1.38436,1.38467,1.00,1.19
2014.09.04 21:27:46.247,1.38436,1.38467,1.00,1.00
2014.09.04 21:27:58.980,1.38435,1.38467,1.00,2.25
2014.09.04 21:28:01.001,1.38434,1.38467,1.00,2.25
2014.09.04 21:28:02.821,1.38435,1.38467,1.00,2.25
2014.09.04 21:28:03.628,1.38434,1.38467,1.00,2.25
2014.09.04 21:28:04.134,1.38435,1.38467,1.00,2.44
2014.09.04 21:28:04.438,1.38432,1.38467,1.50,3.19
2014.09.04 21:28:04.947,1.38435,1.38466,1.00,1.00
2014.09.04 21:28:05.472,1.38434,1.38466,1.00,1.00
2014.09.04 21:28:06.007,1.38435,1.38466,1.00,1.00
2014.09.04 21:28:09.084,1.38434,1.38466,1.00,1.00
2014.09.04 21:28:09.587,1.38435,1.38467,1.00,2.25
2014.09.04 21:28:10.198,1.38434,1.38467,1.00,2.25
2014.09.04 21:28:10.755,1.38434,1.38467,1.00,2.44
2014.09.04 21:28:12.235,1.38435,1.38467,1.00,2.44
2014.09.04 21:28:12.728,1.38432,1.38467,1.50,2.44
2014.09.04 21:28:13.233,1.38434,1.38467,1.00,2.44
2014.09.04 21:28:14.056,1.38435,1.38467,1.00,2.44
2014.09.04 21:28:14.636,1.38434,1.38467,1.00,2.44
2014.09.04 21:28:15.193,1.38435,1.38467,1.00,2.25
2014.09.04 21:28:15.710,1.38434,1.38467,1.00,2.25
2014.09.04 21:28:16.246,1.38435,1.38467,1.00,2.44
2014.09.04 21:28:17.297,1.38435,1.38467,1.00,2.44
2014.09.04 21:28:18.017,1.38436,1.38467,1.00,1.25
2014.09.04 21:28:27.527,1.38435,1.38467,1.00,1.69
2014.09.04 21:28:27.846,1.38437,1.38467,1.00,1.69
2014.09.04 21:28:28.373,1.38436,1.38467,1.00,1.25
2014.09.04 21:28:28.913,1.38437,1.38467,1.00,1.00
2014.09.04 21:28:29.870,1.38436,1.38467,1.00,1.00
2014.09.04 21:28:31.884,1.38437,1.38467,1.00,1.00
2014.09.04 21:28:32.407,1.38436,1.3847,1.00,2.25
2014.09.04 21:28:33.692,1.38437,1.3847,1.00,2.25
2014.09.04 21:28:34.524,1.38436,1.3847,1.00,2.25
2014.09.04 21:28:35.034,1.38437,1.3847,1.00,2.44
2014.09.04 21:28:36.132,1.38437,1.3847,1.00,2.44
2014.09.04 21:28:36.698,1.38436,1.3847,1.00,2.44
2014.09.04 21:28:37.735,1.38436,1.3847,1.00,2.44
2014.09.04 21:28:38.268,1.38437,1.3847,1.00,2.44
2014.09.04 21:28:39.940,1.38437,1.3847,1.00,2.44
2014.09.04 21:28:40.652,1.38436,1.3847,1.00,2.44
2014.09.04 21:28:41.049,1.38437,1.3847,1.00,2.44
2014.09.04 21:28:41.785,1.38436,1.3847,1.00,2.44
2014.09.04 21:28:42.496,1.38437,1.3847,1.00,2.44
2014.09.04 21:28:43.156,1.38437,1.3847,1.00,2.25
2014.09.04 21:28:43.765,1.38436,1.3847,1.00,2.25
2014.09.04 21:28:44.363,1.38437,1.3847,1.00,2.44
2014.09.04 21:28:46.816,1.38436,1.3847,1.00,2.44
2014.09.04 21:28:47.356,1.38436,1.3847,1.00,2.44
2014.09.04 21:28:48.459,1.38437,1.3847,1.00,2.44
2014.09.04 21:28:49.047,1.38436,1.3847,1.00,2.44
2014.09.04 21:28:49.588,1.38437,1.3847,1.00,2.44
2014.09.04 21:28:50.145,1.38436,1.3847,1.00,2.25
2014.09.04 21:28:51.510,1.38437,1.3847,1.00,2.25
2014.09.04 21:28:53.970,1.38437,1.3847,1.00,2.44
2014.09.04 21:28:54.491,1.38436,1.3847,1.00,2.44
2014.09.04 21:28:55.094,1.38437,1.3847,1.00,2.44
2014.09.04 21:28:55.623,1.38437,1.3847,1.00,2.44
2014.09.04 21:28:56.263,1.38436,1.3847,1.00,2.44
2014.09.04 21:28:56.875,1.38436,1.3847,1.00,2.25
2014.09.04 21:28:57.618,1.38437,1.3847,1.00,2.25
2014.09.04 21:28:58.145,1.38436,1.3847,1.00,2.25
2014.09.04 21:28:59.838,1.38437,1.3847,1.00,2.44
2014.09.04 21:29:01.183,1.38437,1.3847,1.00,2.44
2014.09.04 21:29:02.300,1.38437,1.3847,1.00,2.44
2014.09.04 21:29:03.389,1.38437,1.3847,1.00,2.44
2014.09.04 21:29:03.900,1.38436,1.3847,1.00,2.44
2014.09.04 21:29:04.488,1.38436,1.3847,1.00,2.44
2014.09.04 21:29:05.991,1.38436,1.3847,1.00,2.44
2014.09.04 21:29:07.614,1.38437,1.3847,1.00,2.44
2014.09.04 21:29:08.658,1.38436,1.3847,1.00,2.44
2014.09.04 21:29:09.180,1.38437,1.3847,1.00,2.44
2014.09.04 21:29:09.681,1.38436,1.3847,1.00,2.44
2014.09.04 21:29:10.187,1.38437,1.3847,1.00,2.44
2014.09.04 21:29:10.238,1.38437,1.3847,1.00,2.44
2014.09.04 21:29:11.522,1.38437,1.3847,1.00,2.44
2014.09.04 21:29:12.151,1.38436,1.3847,1.00,2.44
2014.09.04 21:29:13.567,1.38437,1.3847,1.00,1.69
2014.09.04 21:29:14.119,1.38437,1.3847,1.00,1.69
2014.09.04 21:29:14.755,1.38436,1.3847,1.50,1.69
2014.09.04 21:29:15.725,1.38437,1.3847,1.00,1.50
2014.09.04 21:29:16.613,1.38437,1.3847,1.00,1.69
2014.09.04 21:29:17.244,1.38436,1.3847,1.50,1.69
2014.09.04 21:29:17.347,1.38439,1.3847,1.00,1.69
2014.09.04 21:29:18.245,1.38439,1.3847,1.50,1.00
2014.09.04 21:29:20.454,1.38439,1.38472,1.50,1.00
2014.09.04 21:29:22.022,1.38439,1.38472,1.50,1.69
2014.09.04 21:29:24.828,1.38439,1.38472,1.50,1.69
2014.09.04 21:29:25.930,1.38439,1.38472,1.50,1.69
2014.09.04 21:29:27.054,1.38439,1.38472,1.50,1.50
2014.09.04 21:29:28.135,1.38439,1.38472,1.50,1.69
2014.09.04 21:29:29.237,1.38439,1.38472,1.50,1.69
2014.09.04 21:29:30.739,1.38439,1.38472,1.50,1.69
2014.09.04 21:29:32.141,1.38439,1.38472,1.50,1.69
2014.09.04 21:29:33.056,1.38439,1.38473,1.50,1.00
2014.09.04 21:29:33.260,1.38441,1.38473,1.00,1.00
2014.09.04 21:29:33.934,1.38442,1.38477,1.50,1.19
2014.09.04 21:29:34.147,1.38442,1.38477,1.50,1.25
2014.09.04 21:29:49.636,1.38447,1.38477,1.00,1.00
2014.09.04 21:29:49.737,1.38447,1.38479,1.00,1.00
2014.09.04 21:29:50.260,1.38447,1.3848,1.00,1.25
2014.09.04 21:29:52.438,1.38451,1.38481,1.00,1.00
2014.09.04 21:29:52.590,1.38451,1.38483,1.00,1.00
2014.09.04 21:29:53.891,1.38451,1.38483,1.00,1.19
2014.09.04 21:29:53.943,1.38454,1.38483,1.00,1.19
2014.09.04 21:29:54.198,1.3845,1.3848,1.00,1.00
2014.09.04 21:29:54.249,1.38448,1.38475,1.00,1.00
2014.09.04 21:29:54.452,1.3845,1.38479,1.00,1.00
2014.09.04 21:29:54.604,1.38454,1.38479,1.00,1.00
2014.09.04 21:29:54.808,1.38447,1.38477,1.00,1.00
2014.09.04 21:29:55.073,1.3845,1.38475,1.00,1.00
2014.09.04 21:29:55.225,1.3845,1.38479,1.00,1.00
2014.09.04 21:29:55.434,1.38453,1.38479,1.00,1.00
2014.09.04 21:29:55.740,1.38443,1.38479,3.00,1.69
2014.09.04 21:29:55.791,1.38443,1.38474,2.25,1.00
2014.09.04 21:29:55.994,1.38445,1.38479,1.00,1.50
2014.09.04 21:29:56.046,1.38449,1.38482,1.50,1.25
2014.09.04 21:29:56.199,1.38449,1.38484,1.50,1.50
2014.09.04 21:29:56.251,1.38453,1.38485,1.00,1.00
2014.09.04 21:29:56.557,1.38446,1.38474,1.00,1.00
2014.09.04 21:29:56.761,1.38446,1.38477,1.50,1.00
2014.09.04 21:29:56.812,1.38451,1.38477,1.00,1.00
2014.09.04 21:29:56.965,1.38453,1.38486,1.50,1.25
2014.09.04 21:29:57.168,1.38453,1.38481,1.50,1.37
2014.09.04 21:29:57.219,1.38451,1.38481,1.00,2.06
2014.09.04 21:29:57.270,1.38451,1.38481,1.00,2.44
2014.09.04 21:29:57.321,1.38446,1.38475,1.00,1.37
2014.09.04 21:29:57.474,1.38445,1.38475,1.00,1.00
2014.09.04 21:29:57.677,1.38449,1.38476,1.00,1.00
2014.09.04 21:29:57.728,1.38449,1.38479,1.00,1.00
2014.09.04 21:29:57.882,1.38446,1.38479,1.50,1.00
2014.09.04 21:29:58.864,1.38447,1.38479,1.00,1.00
2014.09.04 21:29:59.401,1.38446,1.38479,1.00,1.00
2014.09.04 21:30:00.862,1.38443,1.38478,1.50,1.50
2014.09.04 21:30:01.064,1.38446,1.3848,1.00,1.50
2014.09.04 21:30:04.801,1.38446,1.38479,1.00,1.00
2014.09.04 21:30:05.107,1.38446,1.38478,1.00,1.56
2014.09.04 21:30:05.323,1.38446,1.38477,1.00,1.00
2014.09.04 21:30:05.425,1.38446,1.3848,1.50,1.87
2014.09.04 21:30:05.527,1.38449,1.3848,1.00,1.50
2014.09.04 21:30:06.056,1.3845,1.3848,1.00,1.00
2014.09.04 21:30:06.912,1.38449,1.3848,1.00,1.00
2014.09.04 21:30:07.416,1.38448,1.3848,1.00,1.50
2014.09.04 21:30:07.509,1.38446,1.3848,1.00,1.50
2014.09.04 21:30:12.275,1.38448,1.3848,1.00,1.00
2014.09.04 21:30:12.659,1.3845,1.3848,1.00,1.00
2014.09.04 21:30:13.621,1.38449,1.3848,1.00,1.00
2014.09.04 21:30:13.977,1.38446,1.3848,1.00,1.50
2014.09.04 21:30:21.556,1.38446,1.38479,1.00,1.00
2014.09.04 21:30:23.876,1.38445,1.38479,1.00,1.00
2014.09.04 21:30:25.995,1.38446,1.38479,1.00,1.00
2014.09.04 21:30:27.611,1.38445,1.38479,1.00,1.00
2014.09.04 21:30:30.541,1.38446,1.38479,1.00,1.00
2014.09.04 21:30:31.552,1.38445,1.38479,1.00,1.00
2014.09.04 21:30:33.141,1.38448,1.38479,1.00,1.00
2014.09.04 21:30:34.085,1.38449,1.38479,1.00,1.00
2014.09.04 21:30:35.190,1.38448,1.38479,1.00,1.00
2014.09.04 21:30:36.060,1.38449,1.38479,1.00,1.00
2014.09.04 21:30:37.562,1.38448,1.38479,1.00,1.00
2014.09.04 21:30:38.074,1.38449,1.38479,1.00,1.00
2014.09.04 21:30:38.769,1.38448,1.38479,1.00,1.00
2014.09.04 21:30:39.883,1.38449,1.38479,1.00,1.00
2014.09.04 21:30:40.587,1.38444,1.38479,1.50,1.00
2014.09.04 21:30:43.769,1.3845,1.38479,1.00,1.00
2014.09.04 21:30:43.820,1.3845,1.38482,1.00,1.50
2014.09.04 21:30:43.871,1.38453,1.38482,1.00,1.50
2014.09.04 21:30:44.177,1.38448,1.38476,1.00,1.50
2014.09.04 21:30:44.228,1.38443,1.38476,1.00,2.25
2014.09.04 21:30:44.331,1.38445,1.38475,1.00,1.00
2014.09.04 21:30:44.637,1.3845,1.38479,1.00,1.00
2014.09.04 21:30:45.925,1.38451,1.38479,1.00,1.00
2014.09.04 21:30:46.255,1.38447,1.38479,1.00,1.00
2014.09.04 21:30:46.795,1.38448,1.38479,1.00,1.00
2014.09.04 21:30:46.898,1.38451,1.38481,1.00,1.00
2014.09.04 21:30:46.949,1.38451,1.38484,1.00,1.50
2014.09.04 21:30:47.204,1.38454,1.38486,1.00,1.69
2014.09.04 21:30:47.716,1.38454,1.38486,1.00,1.25
2014.09.04 21:30:53.946,1.38454,1.38487,1.00,1.00
2014.09.04 21:30:54.684,1.38454,1.38485,1.00,1.00
2014.09.04 21:30:54.939,1.38445,1.38478,1.00,1.00
2014.09.04 21:30:55.041,1.38449,1.38478,1.00,1.00
2014.09.04 21:30:55.362,1.38451,1.38485,1.00,2.44
2014.09.04 21:30:56.026,1.38451,1.38485,1.00,1.69
2014.09.04 21:30:58.045,1.38448,1.38482,1.00,1.31
2014.09.04 21:30:58.466,1.38448,1.38482,1.00,1.69
2014.09.04 21:30:59.330,1.38446,1.38479,1.50,1.25
2014.09.04 21:30:59.895,1.38446,1.38479,1.00,1.19
2014.09.04 21:31:01.640,1.38446,1.38479,1.00,1.00
2014.09.04 21:31:04.974,1.38444,1.38478,1.00,1.00
2014.09.04 21:31:05.670,1.38443,1.38478,1.00,1.00
2014.09.04 21:31:07.311,1.38444,1.38478,1.00,1.00
2014.09.04 21:31:09.336,1.38443,1.38478,1.00,1.00
2014.09.04 21:31:11.341,1.38444,1.38478,1.00,1.00
2014.09.04 21:31:11.943,1.38443,1.38478,1.00,1.00
2014.09.04 21:31:13.274,1.38444,1.38478,1.00,1.00
2014.09.04 21:31:14.195,1.38443,1.38478,1.00,1.00
2014.09.04 21:31:15.004,1.38442,1.38478,1.12,1.00
2014.09.04 21:31:15.487,1.38442,1.38478,1.37,1.00
2014.09.04 21:31:15.974,1.38448,1.38481,1.50,1.31
2014.09.04 21:31:16.342,1.38448,1.38481,1.37,1.25
2014.09.04 21:31:16.759,1.38448,1.38481,1.00,1.25
2014.09.04 21:31:18.484,1.38448,1.38481,1.37,1.00
2014.09.04 21:31:29.186,1.38448,1.38481,1.00,1.00
2014.09.04 21:31:31.590,1.38448,1.38481,1.37,1.12
2014.09.04 21:31:33.783,1.38448,1.38481,1.37,1.31
2014.09.04 21:31:33.939,1.38448,1.38481,1.12,1.31
2014.09.04 21:31:34.929,1.38448,1.38481,1.12,1.31
2014.09.04 21:31:35.624,1.38447,1.38483,1.87,2.81
2014.09.04 21:31:36.324,1.38447,1.38483,1.87,2.06
2014.09.04 21:31:37.403,1.38447,1.38483,2.25,2.06
2014.09.04 21:31:53.851,1.38451,1.38483,1.37,1.56
2014.09.04 21:31:54.965,1.38451,1.38483,1.37,1.56
2014.09.04 21:31:56.938,1.38451,1.38483,1.37,1.56
2014.09.04 21:31:58.130,1.38451,1.38483,1.87,1.56
2014.09.04 21:32:03.969,1.38451,1.38484,1.00,2.06
2014.09.04 21:32:04.173,1.38445,1.38478,1.00,1.37
2014.09.04 21:32:04.427,1.3844,1.38474,1.50,1.00
2014.09.04 21:32:13.685,1.3844,1.38474,1.00,1.19
2014.09.04 21:32:14.192,1.3844,1.38474,1.87,1.56
2014.09.04 21:32:14.293,1.3844,1.38474,1.37,1.56
2014.09.04 21:32:14.819,1.3844,1.38474,1.37,1.56
2014.09.04 21:32:15.872,1.3844,1.38474,1.37,1.37
2014.09.04 21:32:16.030,1.38438,1.38471,1.50,1.00
2014.09.04 21:32:16.183,1.38434,1.3847,1.31,1.00
2014.09.04 21:32:18.108,1.38434,1.3847,1.87,1.00
2014.09.04 21:32:19.800,1.38434,1.3847,1.12,1.19
2014.09.04 21:32:20.387,1.38434,1.3847,1.12,1.19
2014.09.04 21:32:23.785,1.38434,1.3847,1.87,1.00
2014.09.04 21:32:24.951,1.38436,1.3847,1.00,1.00
2014.09.04 21:32:26.061,1.38437,1.3847,1.00,1.00
2014.09.04 21:32:26.659,1.38436,1.3847,1.00,1.00
2014.09.04 21:32:27.273,1.38437,1.3847,1.00,1.00
2014.09.04 21:32:27.792,1.38436,1.3847,1.00,1.25
2014.09.04 21:32:28.304,1.38437,1.3847,1.00,1.25
2014.09.04 21:32:30.226,1.38437,1.3847,1.00,1.19
2014.09.04 21:32:30.936,1.38436,1.3847,1.00,1.19
2014.09.04 21:32:32.251,1.38436,1.3847,1.00,1.25
2014.09.04 21:32:34.104,1.38436,1.3847,1.00,1.19
2014.09.04 21:32:34.637,1.38437,1.3847,1.00,1.31
2014.09.04 21:32:35.306,1.38437,1.3847,1.00,1.12
2014.09.04 21:32:37.945,1.38436,1.38471,1.00,1.87
2014.09.04 21:32:44.323,1.38436,1.38471,1.00,2.06
2014.09.04 21:32:45.529,1.38436,1.38471,1.00,2.06
2014.09.04 21:32:47.429,1.38436,1.38471,1.00,1.87
2014.09.04 21:32:47.832,1.38436,1.38471,1.00,2.06
2014.09.04 21:32:50.336,1.38436,1.38471,1.00,2.06
2014.09.04 21:32:53.201,1.38437,1.38471,1.00,2.06
2014.09.04 21:32:55.223,1.38436,1.38471,1.50,2.06
2014.09.04 21:32:55.937,1.38437,1.38471,1.00,2.06
2014.09.04 21:32:56.694,1.38436,1.38471,1.50,2.06
2014.09.04 21:32:57.350,1.38437,1.38471,1.00,2.06
2014.09.04 21:32:57.880,1.38436,1.38471,1.50,2.06
2014.09.04 21:32:59.356,1.38437,1.38471,1.00,2.06
2014.09.04 21:32:59.895,1.38436,1.3847,1.50,1.31
2014.09.04 21:33:00.520,1.38437,1.3847,1.00,1.31
2014.09.04 21:33:00.774,1.38437,1.3847,1.00,1.31
2014.09.04 21:33:01.284,1.38436,1.3847,1.50,1.31
2014.09.04 21:33:01.860,1.38437,1.3847,1.00,1.31
2014.09.04 21:33:02.496,1.38436,1.3847,1.50,1.31
2014.09.04 21:33:03.256,1.38436,1.3847,1.50,1.12
2014.09.04 21:33:04.115,1.38437,1.3847,1.00,1.31
2014.09.04 21:33:04.893,1.38436,1.3847,1.50,1.31
2014.09.04 21:33:06.096,1.38436,1.3847,1.00,1.31
2014.09.04 21:33:08.129,1.38436,1.38468,1.00,1.00
2014.09.04 21:33:08.230,1.38432,1.38468,1.87,2.25
2014.09.04 21:33:09.336,1.38436,1.38469,1.00,1.69
2014.09.04 21:33:12.261,1.38433,1.38467,1.00,1.00
2014.09.04 21:33:12.924,1.38433,1.38467,1.19,1.19
2014.09.04 21:33:14.755,1.38435,1.38468,1.50,1.19
2014.09.04 21:33:15.192,1.38435,1.38468,1.50,1.00
2014.09.04 21:33:16.202,1.38435,1.38467,1.50,1.00
2014.09.04 21:33:16.719,1.38435,1.38468,1.50,1.00
2014.09.04 21:33:16.893,1.38435,1.38468,1.50,1.19
2014.09.04 21:33:18.222,1.38435,1.38468,1.50,1.19
2014.09.04 21:33:19.234,1.38435,1.38468,1.50,1.19
2014.09.04 21:33:21.327,1.38435,1.38468,1.50,1.25
2014.09.04 21:33:23.909,1.38435,1.38468,1.50,1.19
2014.09.04 21:33:24.911,1.38435,1.38468,1.50,1.19
2014.09.04 21:33:26.132,1.38435,1.38468,1.50,1.00
2014.09.04 21:33:26.740,1.38435,1.38469,1.50,1.25
2014.09.04 21:33:28.150,1.38435,1.38468,1.50,1.00
2014.09.04 21:33:34.232,1.38432,1.38468,1.87,2.44
2014.09.04 21:33:35.079,1.38434,1.38468,1.00,1.25
2014.09.04 21:33:35.509,1.38436,1.38469,1.00,1.69
2014.09.04 21:33:36.034,1.38436,1.38469,1.00,1.69
2014.09.04 21:33:37.354,1.38436,1.38469,1.00,1.69
2014.09.04 21:33:40.442,1.38436,1.38468,1.00,1.19
2014.09.04 21:33:41.747,1.38436,1.38468,1.00,1.25
2014.09.04 21:33:42.855,1.38436,1.38468,1.00,1.19
2014.09.04 21:33:44.049,1.38436,1.38468,1.00,1.19
2014.09.04 21:33:45.052,1.38436,1.38468,1.00,1.19
2014.09.04 21:33:46.171,1.38436,1.38468,1.00,1.19
2014.09.04 21:33:47.203,1.38436,1.38468,1.00,1.25
2014.09.04 21:33:48.159,1.38436,1.38468,1.00,1.31
2014.09.04 21:33:49.963,1.38436,1.38468,1.00,1.31
2014.09.04 21:33:50.142,1.38434,1.38468,1.00,2.06
2014.09.04 21:33:50.846,1.38436,1.38466,1.00,1.25
2014.09.04 21:33:53.370,1.38436,1.38466,1.00,1.19
2014.09.04 21:33:54.488,1.38435,1.38466,1.00,1.19
2014.09.04 21:33:54.640,1.38433,1.38466,1.00,1.19
2014.09.04 21:33:55.907,1.38433,1.38468,1.00,2.81
2014.09.04 21:33:56.658,1.38434,1.38468,1.00,2.81
2014.09.04 21:33:58.138,1.38433,1.38468,1.00,2.81
2014.09.04 21:33:58.750,1.38434,1.38468,1.00,2.81
2014.09.04 21:34:00.084,1.38434,1.38468,1.00,2.62
2014.09.04 21:34:00.806,1.38433,1.38468,1.00,2.62
2014.09.04 21:34:01.387,1.38433,1.38468,1.19,2.62
2014.09.04 21:34:02.409,1.38435,1.38468,1.00,1.12
2014.09.04 21:34:04.193,1.38435,1.3847,1.00,1.87
2014.09.04 21:34:06.138,1.38434,1.38468,1.50,1.00
2014.09.04 21:34:06.240,1.38436,1.38469,1.00,2.06
2014.09.04 21:34:08.950,1.38435,1.38468,1.00,1.00
2014.09.04 21:34:09.720,1.38434,1.38468,1.00,1.50
2014.09.04 21:34:10.282,1.38433,1.38468,1.00,1.50
2014.09.04 21:34:12.921,1.38434,1.38468,1.00,1.50
2014.09.04 21:34:14.220,1.38433,1.38468,1.25,1.69
2014.09.04 21:34:15.003,1.38434,1.38468,1.25,1.50
2014.09.04 21:34:17.968,1.38434,1.38468,1.00,1.69
2014.09.04 21:34:18.560,1.38433,1.38468,1.00,1.69
2014.09.04 21:34:19.568,1.38434,1.38468,1.00,1.69
2014.09.04 21:34:20.172,1.38434,1.38468,1.00,1.69
2014.09.04 21:34:20.945,1.38433,1.38468,1.00,1.69
2014.09.04 21:34:22.700,1.38434,1.38468,1.00,1.69
2014.09.04 21:34:23.448,1.38432,1.38468,2.44,2.06
2014.09.04 21:34:23.753,1.38432,1.38464,1.19,1.12
2014.09.04 21:34:24.471,1.38432,1.38464,1.00,1.31
2014.09.04 21:34:25.006,1.38431,1.38464,2.06,1.31
2014.09.04 21:34:25.528,1.38431,1.38464,1.87,1.31
2014.09.04 21:34:26.225,1.38432,1.38464,1.00,1.31
2014.09.04 21:34:26.738,1.38431,1.38464,1.87,1.31
2014.09.04 21:34:27.239,1.38431,1.38464,1.87,1.31
2014.09.04 21:34:27.803,1.38428,1.38463,1.00,1.69
2014.09.04 21:34:28.108,1.38431,1.38464,1.00,1.31
2014.09.04 21:34:30.128,1.38431,1.38464,1.00,1.31
2014.09.04 21:34:31.120,1.38431,1.38463,1.00,1.19
2014.09.04 21:34:31.700,1.38431,1.38464,1.00,1.31
2014.09.04 21:34:31.900,1.38431,1.38464,1.00,1.12
2014.09.04 21:34:46.214,1.38428,1.38462,2.06,1.00
2014.09.04 21:34:53.024,1.38431,1.38465,1.00,1.37
2014.09.04 21:34:57.670,1.38431,1.38465,1.00,1.87
2014.09.04 21:34:58.171,1.38431,1.38465,1.00,1.69
2014.09.04 21:34:59.680,1.38431,1.38465,1.00,1.50
2014.09.04 21:35:00.685,1.38431,1.38465,1.00,1.69
2014.09.04 21:35:01.764,1.38431,1.38465,1.00,1.69
2014.09.04 21:35:03.279,1.38431,1.38465,1.00,1.69
2014.09.04 21:35:04.151,1.38434,1.38466,1.00,1.56
2014.09.04 21:35:04.202,1.38434,1.38468,1.00,2.25
2014.09.04 21:35:04.253,1.38437,1.38468,1.00,1.00
2014.09.04 21:35:04.405,1.3844,1.38472,2.25,1.00
2014.09.04 21:35:04.816,1.38441,1.38475,1.00,1.00
2014.09.04 21:35:07.872,1.38442,1.38478,1.00,1.50
2014.09.04 21:35:10.077,1.38442,1.38478,1.00,1.69
2014.09.04 21:35:11.150,1.38442,1.38476,1.00,1.00
2014.09.04 21:35:11.201,1.38441,1.38474,1.50,1.00
2014.09.04 21:35:11.505,1.38438,1.38472,1.50,1.50
2014.09.04 21:35:12.875,1.38439,1.38472,1.00,1.69
2014.09.04 21:35:17.842,1.38439,1.38471,1.00,1.00
2014.09.04 21:35:17.895,1.38439,1.38469,1.00,1.00
2014.09.04 21:35:26.003,1.38437,1.38469,1.00,1.00
2014.09.04 21:35:26.654,1.38437,1.38469,1.00,1.19
2014.09.04 21:35:27.919,1.38437,1.38469,1.00,1.19
2014.09.04 21:35:29.737,1.38437,1.38469,1.00,1.19
2014.09.04 21:35:31.346,1.38437,1.38469,1.00,1.19
2014.09.04 21:35:33.352,1.38441,1.38469,1.00,1.69
2014.09.04 21:35:33.454,1.38437,1.38469,1.00,1.69
2014.09.04 21:35:33.987,1.38438,1.38469,1.00,1.69
2014.09.04 21:35:34.490,1.38438,1.38469,1.00,1.69
2014.09.04 21:35:36.462,1.38438,1.38469,1.00,1.69
2014.09.04 21:35:39.279,1.38438,1.38469,1.00,1.19
2014.09.04 21:35:40.958,1.38438,1.38469,1.00,1.00
2014.09.04 21:35:53.288,1.38442,1.38469,1.00,1.00
2014.09.04 21:35:53.390,1.38438,1.38469,1.00,1.00
2014.09.04 21:35:55.558,1.38439,1.38469,1.00,1.00
2014.09.04 21:35:56.079,1.38439,1.38473,1.00,2.06
2014.09.04 21:35:58.226,1.38437,1.38473,1.50,2.06
2014.09.04 21:35:58.809,1.38437,1.38473,1.50,2.06
2014.09.04 21:36:00.497,1.38438,1.38473,1.00,2.06
2014.09.04 21:36:01.158,1.38437,1.38473,1.00,2.06
2014.09.04 21:36:02.283,1.38439,1.38473,1.00,2.06
2014.09.04 21:36:03.097,1.38439,1.38473,1.00,2.06
2014.09.04 21:36:03.282,1.38437,1.38473,1.00,2.06
2014.09.04 21:36:04.179,1.38437,1.38473,1.00,2.06
2014.09.04 21:36:06.360,1.38438,1.38473,1.00,1.69
2014.09.04 21:36:06.890,1.38437,1.38473,1.00,1.69
2014.09.04 21:36:08.857,1.38439,1.38473,1.00,1.69
2014.09.04 21:36:09.989,1.38439,1.38473,1.00,2.06
2014.09.04 21:36:10.863,1.3844,1.38473,1.00,1.31
2014.09.04 21:36:11.994,1.3844,1.38474,1.50,1.25
2014.09.04 21:36:13.002,1.38443,1.38474,1.00,1.87
2014.09.04 21:36:13.104,1.3844,1.38474,2.25,1.87
2014.09.04 21:36:13.598,1.38438,1.38472,1.50,1.50
2014.09.04 21:36:13.801,1.38438,1.38468,1.00,1.00
2014.09.04 21:36:14.004,1.38437,1.3847,2.25,1.00
2014.09.04 21:36:14.551,1.38438,1.3847,1.00,1.00
2014.09.04 21:36:16.610,1.3844,1.3847,1.00,1.00
2014.09.04 21:36:16.712,1.38438,1.3847,1.00,1.00
2014.09.04 21:36:17.922,1.38441,1.3847,1.00,1.00
2014.09.04 21:36:18.024,1.38438,1.3847,1.50,1.00
2014.09.04 21:36:18.940,1.38441,1.3847,1.00,1.12
2014.09.04 21:36:19.043,1.38438,1.3847,1.50,1.00
2014.09.04 21:36:20.702,1.38438,1.3847,1.00,1.37
2014.09.04 21:36:21.008,1.38432,1.38462,1.00,1.00
2014.09.04 21:36:21.593,1.38432,1.38465,1.00,1.87
2014.09.04 21:36:23.887,1.38432,1.38465,1.00,1.50
2014.09.04 21:36:24.039,1.38432,1.38465,1.00,1.69
2014.09.04 21:36:24.391,1.38432,1.38465,1.00,1.50
2014.09.04 21:36:25.322,1.38432,1.38465,1.00,2.44
2014.09.04 21:36:27.362,1.38432,1.38465,1.00,2.62
2014.09.04 21:36:30.040,1.38432,1.38462,1.00,1.00
2014.09.04 21:36:33.190,1.38429,1.38462,1.00,1.25
2014.09.04 21:36:34.944,1.38429,1.38462,1.00,1.19
2014.09.04 21:36:36.661,1.38429,1.38462,1.00,1.19
2014.09.04 21:36:36.873,1.38429,1.38462,1.00,1.00
2014.09.04 21:37:10.199,1.38429,1.38465,2.25,2.25
2014.09.04 21:37:19.356,1.38429,1.38465,2.25,2.44
2014.09.04 21:37:23.782,1.38429,1.38464,2.25,1.69
2014.09.04 21:37:28.271,1.38429,1.38464,2.25,1.69
2014.09.04 21:37:29.500,1.38432,1.38464,1.00,1.19
2014.09.04 21:37:30.160,1.38432,1.38465,1.00,3.19
2014.09.04 21:37:31.595,1.38432,1.38465,1.00,3.19
2014.09.04 21:37:32.596,1.38432,1.38465,1.00,3.00
2014.09.04 21:37:32.698,1.38437,1.38465,1.00,1.50
2014.09.04 21:37:32.800,1.38439,1.3847,1.00,2.25
2014.09.04 21:37:32.851,1.38441,1.3847,1.00,1.50
2014.09.04 21:37:37.956,1.38442,1.38474,1.00,2.25
2014.09.04 21:37:52.870,1.38442,1.38474,1.00,2.44
2014.09.04 21:37:55.077,1.38442,1.38473,1.00,1.75
2014.09.04 21:37:56.158,1.38442,1.38473,1.00,1.75
2014.09.04 21:38:12.105,1.38442,1.38475,1.50,1.87
2014.09.04 21:38:12.207,1.38439,1.3847,1.50,1.00
2014.09.04 21:38:16.121,1.38437,1.3847,1.50,1.00
2014.09.04 21:38:25.038,1.38438,1.3847,1.00,1.00
2014.09.04 21:38:30.626,1.38449,1.38475,1.00,1.00
2014.09.04 21:38:30.932,1.38451,1.38482,2.25,1.00
2014.09.04 21:38:34.148,1.38451,1.38482,1.50,1.69
2014.09.04 21:38:35.104,1.38451,1.38482,1.50,1.87
2014.09.04 21:38:35.607,1.38451,1.38482,1.00,2.06
2014.09.04 21:38:35.709,1.38448,1.38479,1.00,2.00
2014.09.04 21:38:35.761,1.38448,1.38474,1.00,1.00
2014.09.04 21:38:35.965,1.38443,1.38474,1.00,1.00
2014.09.04 21:38:45.954,1.38443,1.38472,1.00,1.00
2014.09.04 21:38:49.264,1.38441,1.38472,1.69,1.00
2014.09.04 21:38:49.833,1.38441,1.38472,1.69,1.00
2014.09.04 21:38:50.840,1.3844,1.38465,1.00,1.00
2014.09.04 21:38:51.146,1.38437,1.38459,1.00,1.00
2014.09.04 21:38:51.198,1.38437,1.38463,1.00,1.00
2014.09.04 21:38:51.249,1.38435,1.38463,1.00,1.00
2014.09.04 21:38:51.300,1.38435,1.38468,1.50,1.25
2014.09.04 21:38:55.168,1.38438,1.38469,1.50,1.25
2014.09.04 21:38:55.689,1.38439,1.38469,1.00,1.25
2014.09.04 21:39:04.256,1.38439,1.3847,1.00,1.00
2014.09.04 21:39:04.408,1.3844,1.38472,1.00,1.00
2014.09.04 21:39:08.074,1.3844,1.38468,1.50,1.19
2014.09.04 21:39:08.226,1.38436,1.38468,1.12,1.19
2014.09.04 21:39:08.277,1.38436,1.38468,1.37,1.19
2014.09.04 21:39:10.749,1.38435,1.38468,1.00,1.56
2014.09.04 21:39:11.685,1.38435,1.38468,1.00,1.25
2014.09.04 21:39:11.886,1.38434,1.38465,2.62,1.00
2014.09.04 21:39:12.398,1.38434,1.38465,2.25,1.00
2014.09.04 21:39:13.385,1.38434,1.38464,1.00,1.19
2014.09.04 21:39:13.895,1.38434,1.38462,1.00,1.00
2014.09.04 21:39:15.014,1.38434,1.38462,1.00,1.19
2014.09.04 21:39:16.581,1.38434,1.38462,1.00,1.00
2014.09.04 21:39:17.419,1.38434,1.38464,1.00,1.69
2014.09.04 21:39:18.137,1.38434,1.38464,1.00,1.00
2014.09.04 21:39:23.376,1.38434,1.38465,1.00,1.00
2014.09.04 21:39:25.595,1.38434,1.38465,1.00,1.19
2014.09.04 21:39:31.314,1.38434,1.38465,1.00,1.25
2014.09.04 21:39:39.899,1.38434,1.38464,1.00,1.00
2014.09.04 21:39:40.431,1.38433,1.38464,2.25,1.00
2014.09.04 21:39:42.426,1.38433,1.38464,2.25,1.19
2014.09.04 21:39:43.413,1.38434,1.38464,1.00,1.19
2014.09.04 21:39:43.921,1.38434,1.38464,1.00,1.25
2014.09.04 21:39:46.783,1.38433,1.38464,2.25,1.00
2014.09.04 21:39:47.461,1.38433,1.38464,2.25,1.37
2014.09.04 21:39:48.022,1.38434,1.38464,1.00,1.37
2014.09.04 21:39:48.523,1.38433,1.38464,2.25,1.00
2014.09.04 21:39:49.030,1.38434,1.38464,1.00,1.00
2014.09.04 21:39:50.609,1.38433,1.38464,2.25,1.00
2014.09.04 21:39:51.052,1.38433,1.38459,2.25,1.00
2014.09.04 21:39:51.560,1.38433,1.38461,1.00,1.19
2014.09.04 21:39:52.471,1.38433,1.38462,1.00,1.19
2014.09.04 21:39:53.141,1.38434,1.38463,1.00,1.19
2014.09.04 21:39:53.747,1.38434,1.38463,1.00,1.19
2014.09.04 21:39:54.785,1.38434,1.38463,1.00,1.19
2014.09.04 21:39:56.552,1.38434,1.38463,1.00,1.00
2014.09.04 21:40:01.219,1.38434,1.38465,1.00,1.12
2014.09.04 21:40:02.816,1.38433,1.38465,1.00,1.00
2014.09.04 21:40:03.842,1.38434,1.38465,1.00,1.12
2014.09.04 21:40:07.575,1.38434,1.38465,1.00,1.19
2014.09.04 21:40:08.626,1.38434,1.38464,1.00,1.19
2014.09.04 21:40:09.880,1.38434,1.38464,1.00,1.25
2014.09.04 21:40:17.815,1.38435,1.38464,1.00,1.00
2014.09.04 21:40:20.850,1.38435,1.38465,1.12,1.25
2014.09.04 21:40:27.445,1.38436,1.38465,1.00,1.00
2014.09.04 21:40:31.019,1.38436,1.38465,1.00,1.19
2014.09.04 21:40:32.000,1.38436,1.38465,1.00,1.00
2014.09.04 21:40:35.890,1.38436,1.38464,1.12,1.00
2014.09.04 21:40:43.521,1.38436,1.38464,1.12,1.19
2014.09.04 21:40:46.226,1.38436,1.38464,1.12,1.00
2014.09.04 21:41:06.416,1.38436,1.38466,1.37,1.31
2014.09.04 21:41:06.518,1.38436,1.38466,1.37,1.56
2014.09.04 21:41:06.620,1.38436,1.38466,1.37,1.31
2014.09.04 21:41:06.999,1.38436,1.38466,1.37,1.31
2014.09.04 21:41:08.766,1.38435,1.38466,1.37,1.31
2014.09.04 21:41:10.268,1.38435,1.38466,1.37,1.31
2014.09.04 21:41:12.005,1.38435,1.38466,1.37,1.12
2014.09.04 21:41:12.852,1.38435,1.38466,1.37,1.37
2014.09.04 21:41:13.371,1.38435,1.38466,1.37,1.69
2014.09.04 21:41:13.742,1.38435,1.38466,1.37,2.44
2014.09.04 21:41:14.783,1.38435,1.38466,1.37,1.69
2014.09.04 21:41:14.946,1.38435,1.38466,1.12,2.81
2014.09.04 21:41:16.581,1.38435,1.38465,1.12,2.06
2014.09.04 21:41:18.822,1.38435,1.38465,1.12,1.37
2014.09.04 21:41:19.350,1.38435,1.38465,1.12,1.56
2014.09.04 21:41:22.392,1.38435,1.38465,1.12,1.56
2014.09.04 21:41:23.001,1.38435,1.38462,1.12,1.00
2014.09.04 21:41:34.680,1.38433,1.38462,1.87,1.37
2014.09.04 21:41:38.307,1.38433,1.38462,1.87,1.56
2014.09.04 21:41:39.661,1.38433,1.38462,1.87,1.56
2014.09.04 21:41:41.347,1.38433,1.38462,1.87,2.06
2014.09.04 21:41:42.327,1.38433,1.38462,1.87,1.56
2014.09.04 21:41:42.379,1.38433,1.38462,1.50,1.56
2014.09.04 21:41:46.164,1.38433,1.38462,1.50,1.56
2014.09.04 21:41:47.245,1.38433,1.38463,1.50,2.81
2014.09.04 21:41:47.574,1.38434,1.38463,1.37,2.06
2014.09.04 21:41:48.840,1.38434,1.38463,1.37,1.56
2014.09.04 21:41:51.355,1.38434,1.38462,1.37,1.31
2014.09.04 21:41:54.189,1.38434,1.38462,1.37,1.31
2014.09.04 21:41:55.362,1.38434,1.38462,1.37,1.31
2014.09.04 21:41:57.755,1.38434,1.38464,1.87,2.06
2014.09.04 21:41:59.299,1.38434,1.38464,1.87,2.06
2014.09.04 21:42:01.651,1.38433,1.38457,1.50,1.00
2014.09.04 21:42:01.955,1.38433,1.38459,1.37,1.56
2014.09.04 21:42:02.006,1.38433,1.38459,1.37,1.37
2014.09.04 21:42:02.932,1.38433,1.38461,1.87,2.06
2014.09.04 21:42:03.465,1.38434,1.38461,1.12,1.31
2014.09.04 21:42:04.906,1.38434,1.38461,1.12,1.31
2014.09.04 21:42:05.893,1.38434,1.38461,1.12,2.06
2014.09.04 21:42:06.680,1.38433,1.38461,2.62,1.62
2014.09.04 21:42:08.094,1.38433,1.38461,2.62,1.56
2014.09.04 21:42:12.381,1.38433,1.38461,2.62,1.56
2014.09.04 21:42:12.481,1.38433,1.38461,2.62,1.56
2014.09.04 21:42:14.326,1.38433,1.38461,2.62,1.56
2014.09.04 21:42:18.090,1.38434,1.38461,1.00,1.31
2014.09.04 21:42:19.623,1.38434,1.38461,1.00,1.31
2014.09.04 21:42:23.089,1.38434,1.38464,1.37,2.06
2014.09.04 21:42:23.394,1.38434,1.38463,1.00,2.06
2014.09.04 21:42:24.901,1.38434,1.38464,1.00,1.56
2014.09.04 21:42:26.905,1.38434,1.38464,1.00,1.56
2014.09.04 21:42:28.091,1.38434,1.38464,1.37,1.56
2014.09.04 21:42:28.396,1.38437,1.38466,1.37,1.56
2014.09.04 21:42:29.412,1.38437,1.38466,1.62,1.37
2014.09.04 21:42:33.372,1.38437,1.38466,1.37,1.56
2014.09.04 21:42:34.618,1.38437,1.38466,1.37,1.56
2014.09.04 21:42:38.925,1.38437,1.38466,1.37,1.56
2014.09.04 21:42:41.028,1.38437,1.38466,1.37,1.56
2014.09.04 21:42:42.130,1.38437,1.38466,1.37,1.56
2014.09.04 21:42:43.032,1.38437,1.38466,1.37,1.37
2014.09.04 21:42:43.134,1.38437,1.38467,1.50,1.12
2014.09.04 21:42:43.186,1.38439,1.38469,1.00,1.37
2014.09.04 21:42:43.491,1.38446,1.3847,1.00,1.25
2014.09.04 21:42:43.644,1.38443,1.38473,1.00,1.19
2014.09.04 21:42:43.999,1.38445,1.38474,1.50,1.69
2014.09.04 21:42:44.456,1.38445,1.38474,1.50,1.19
2014.09.04 21:42:44.507,1.38445,1.38474,1.50,2.06
2014.09.04 21:42:44.767,1.38446,1.38474,1.00,1.69
2014.09.04 21:42:45.275,1.38445,1.38474,1.00,2.06
2014.09.04 21:42:45.782,1.38445,1.38474,1.50,1.56
2014.09.04 21:42:45.884,1.38445,1.38474,1.50,1.00
2014.09.04 21:42:46.088,1.38445,1.38475,1.50,2.62
2014.09.04 21:42:46.292,1.38445,1.38474,1.50,1.00
2014.09.04 21:42:46.495,1.38445,1.38474,1.00,1.37
2014.09.04 21:42:46.546,1.38443,1.38474,1.69,1.37
2014.09.04 21:42:46.698,1.38443,1.38474,1.25,1.12
2014.09.04 21:42:46.812,1.38445,1.38474,1.00,1.12
2014.09.04 21:42:47.067,1.38443,1.38474,1.00,1.12
2014.09.04 21:42:47.197,1.38446,1.38474,1.00,1.12
2014.09.04 21:42:47.502,1.38445,1.38474,1.00,1.37
2014.09.04 21:42:48.465,1.38445,1.38469,1.00,1.00
2014.09.04 21:42:48.567,1.38445,1.38474,1.00,1.37
2014.09.04 21:42:48.720,1.38445,1.38469,1.00,1.00
2014.09.04 21:42:50.431,1.38445,1.38474,1.50,1.37
2014.09.04 21:42:53.064,1.38445,1.3847,1.50,1.00
2014.09.04 21:42:53.571,1.38445,1.38469,3.00,1.00
2014.09.04 21:42:54.176,1.38446,1.38469,1.50,1.00
2014.09.04 21:42:54.731,1.38445,1.38469,3.00,1.00
2014.09.04 21:42:55.311,1.38446,1.38469,1.50,1.00
2014.09.04 21:42:56.345,1.38445,1.38469,3.00,1.00
2014.09.04 21:42:58.063,1.38445,1.38475,1.00,3.19
2014.09.04 21:42:58.114,1.38445,1.38472,1.00,1.00
2014.09.04 21:42:58.624,1.38444,1.38475,1.00,2.44
2014.09.04 21:42:58.726,1.38446,1.38475,1.00,2.44
2014.09.04 21:42:58.980,1.38443,1.38472,2.25,1.00
2014.09.04 21:42:59.031,1.38443,1.38475,2.25,1.69
2014.09.04 21:42:59.183,1.38446,1.38475,1.00,1.69
2014.09.04 21:42:59.488,1.38444,1.38472,1.00,1.00
2014.09.04 21:43:00.198,1.38446,1.38472,1.50,1.00
2014.09.04 21:43:00.299,1.38444,1.38472,1.00,1.00
2014.09.04 21:43:00.553,1.38445,1.38475,1.00,1.50
2014.09.04 21:43:00.705,1.38443,1.38475,2.25,1.50
2014.09.04 21:43:00.941,1.38446,1.38473,1.00,1.00
2014.09.04 21:43:01.147,1.38443,1.38473,2.25,1.12
2014.09.04 21:43:01.350,1.38445,1.38473,1.00,1.00
2014.09.04 21:43:01.452,1.38443,1.38473,2.25,1.00
2014.09.04 21:43:01.604,1.38446,1.38473,1.00,1.12
2014.09.04 21:43:02.259,1.38444,1.38473,1.00,1.00
2014.09.04 21:43:02.462,1.38446,1.38473,1.00,1.12
2014.09.04 21:43:02.715,1.38443,1.38473,3.75,1.00
2014.09.04 21:43:02.918,1.38445,1.38473,1.00,1.00
2014.09.04 21:43:03.424,1.38444,1.38475,1.00,1.87
2014.09.04 21:43:03.525,1.38445,1.38475,1.50,1.87
2014.09.04 21:43:03.728,1.38444,1.38475,1.12,1.87
2014.09.04 21:43:03.931,1.38444,1.38475,1.00,2.62
2014.09.04 21:43:04.134,1.38444,1.38475,1.12,1.50
2014.09.04 21:43:04.437,1.38446,1.38475,1.00,2.62
2014.09.04 21:43:04.957,1.38446,1.38474,1.00,1.00
2014.09.04 21:43:05.466,1.38443,1.38474,4.50,1.00
2014.09.04 21:43:05.516,1.38443,1.38472,3.75,1.00
2014.09.04 21:43:05.821,1.38446,1.38472,1.00,1.00
2014.09.04 21:43:05.873,1.38443,1.38472,2.25,1.00
2014.09.04 21:43:06.278,1.38445,1.38472,1.50,1.00
2014.09.04 21:43:06.329,1.38445,1.38475,2.25,1.50
2014.09.04 21:43:06.380,1.38445,1.38475,1.00,1.87
2014.09.04 21:43:07.477,1.38447,1.38474,1.87,1.12
2014.09.04 21:43:07.781,1.38445,1.38475,1.00,1.50
2014.09.04 21:43:09.541,1.38445,1.38475,1.37,1.50
2014.09.04 21:43:10.056,1.38445,1.38475,1.00,1.87
2014.09.04 21:43:10.946,1.38445,1.38475,1.00,1.87
2014.09.04 21:43:12.777,1.38445,1.38475,1.37,1.69
2014.09.04 21:43:12.879,1.38445,1.38475,1.87,2.06
2014.09.04 21:43:13.031,1.38445,1.38475,3.37,1.50
2014.09.04 21:43:13.538,1.38445,1.38475,1.50,1.50
2014.09.04 21:43:14.388,1.38445,1.38475,1.87,1.87
2014.09.04 21:43:14.591,1.38445,1.38475,1.50,1.87
2014.09.04 21:43:18.673,1.38445,1.38475,1.87,1.87
2014.09.04 21:43:25.430,1.38446,1.38474,1.00,1.12
2014.09.04 21:43:25.980,1.38447,1.38474,1.00,1.12
2014.09.04 21:43:28.611,1.38445,1.38474,1.87,1.12
2014.09.04 21:43:30.416,1.38445,1.38474,1.12,1.37
2014.09.04 21:43:30.669,1.38445,1.38475,2.25,1.00
2014.09.04 21:43:32.749,1.38445,1.38475,1.00,1.87
2014.09.04 21:43:34.647,1.38445,1.38475,1.00,1.50
2014.09.04 21:43:35.052,1.38445,1.38475,1.00,1.87
2014.09.04 21:43:35.154,1.38445,1.38475,1.00,1.50
2014.09.04 21:43:37.081,1.38445,1.38475,1.62,1.87
2014.09.04 21:43:37.183,1.38445,1.38475,1.12,2.81
2014.09.04 21:43:37.555,1.38445,1.38475,1.00,1.69
2014.09.04 21:43:39.184,1.38446,1.38474,1.50,1.37
2014.09.04 21:43:39.286,1.38445,1.38474,1.87,1.00
2014.09.04 21:43:39.829,1.38445,1.38474,1.00,1.00
2014.09.04 21:43:40.352,1.38445,1.38473,1.00,1.00
2014.09.04 21:43:40.403,1.38445,1.38473,1.87,1.00
2014.09.04 21:43:40.505,1.38445,1.38473,2.25,1.00
2014.09.04 21:43:41.041,1.38446,1.38473,1.50,1.00
2014.09.04 21:43:41.725,1.38445,1.38473,1.00,1.00
2014.09.04 21:43:42.603,1.38446,1.38473,1.50,1.00
2014.09.04 21:43:43.108,1.38445,1.38473,2.62,1.37
2014.09.04 21:43:43.706,1.38445,1.38473,1.31,1.37
2014.09.04 21:43:44.222,1.38445,1.38473,1.19,1.00
2014.09.04 21:43:45.178,1.38445,1.38473,2.81,1.00
2014.09.04 21:43:45.781,1.38446,1.38473,1.50,1.00
2014.09.04 21:43:46.292,1.38445,1.38472,2.44,1.00
2014.09.04 21:43:46.495,1.38445,1.38472,1.56,1.00
2014.09.04 21:43:47.493,1.38445,1.38472,1.19,1.00
2014.09.04 21:43:50.082,1.38446,1.38473,1.00,1.00
2014.09.04 21:43:50.687,1.38446,1.38472,1.00,1.00
2014.09.04 21:43:53.638,1.38446,1.38472,1.37,1.00
2014.09.04 21:43:54.350,1.38446,1.38472,1.00,1.00
2014.09.04 21:43:54.952,1.38446,1.38472,1.37,1.00
2014.09.04 21:43:55.463,1.38446,1.38472,1.50,1.00
2014.09.04 21:44:07.063,1.38446,1.38473,1.50,1.00
2014.09.04 21:44:07.924,1.38448,1.38473,1.00,1.00
2014.09.04 21:44:08.438,1.38446,1.38473,1.50,1.00
2014.09.04 21:44:08.489,1.38448,1.38473,1.00,1.00
2014.09.04 21:44:09.303,1.38448,1.38472,1.00,1.00
2014.09.04 21:44:12.860,1.38446,1.38472,2.25,1.00
2014.09.04 21:44:14.784,1.38446,1.38473,2.25,1.00
2014.09.04 21:44:15.399,1.38446,1.38473,2.62,1.00
2014.09.04 21:44:19.005,1.38446,1.38473,2.25,1.00
2014.09.04 21:44:19.569,1.38446,1.38472,2.62,1.00
2014.09.04 21:44:21.181,1.38446,1.38473,2.62,1.00
2014.09.04 21:44:21.698,1.38446,1.38472,2.62,1.00
2014.09.04 21:44:22.242,1.38446,1.38473,2.62,1.00
2014.09.04 21:44:22.752,1.38446,1.38472,2.62,1.00
2014.09.04 21:44:23.713,1.38446,1.38473,2.62,1.00
2014.09.04 21:44:24.219,1.38446,1.38472,2.62,1.00
2014.09.04 21:44:24.726,1.38446,1.38473,2.62,1.00
2014.09.04 21:44:25.963,1.38446,1.38473,2.62,1.00
2014.09.04 21:44:26.166,1.38446,1.38472,2.25,1.00
2014.09.04 21:44:26.368,1.38446,1.38472,2.62,1.00
2014.09.04 21:44:26.571,1.38446,1.38472,2.25,1.00
2014.09.04 21:44:26.763,1.38446,1.38472,2.62,1.00
2014.09.04 21:44:27.004,1.38446,1.38472,2.25,1.00
2014.09.04 21:44:27.165,1.38446,1.38472,2.62,1.00
2014.09.04 21:44:27.367,1.38446,1.38472,2.25,1.00
2014.09.04 21:44:27.592,1.38446,1.38472,2.62,1.00
2014.09.04 21:44:27.795,1.38446,1.38472,2.25,1.00
2014.09.04 21:44:27.998,1.38446,1.38472,2.62,1.00
2014.09.04 21:44:28.200,1.38446,1.38472,2.25,1.00
2014.09.04 21:44:28.403,1.38446,1.38472,2.62,1.00
2014.09.04 21:44:28.606,1.38446,1.38472,2.25,1.00
2014.09.04 21:44:28.809,1.38446,1.38473,1.87,1.00
2014.09.04 21:44:29.011,1.38446,1.38472,1.50,1.00
2014.09.04 21:44:29.214,1.38446,1.38472,1.87,1.00
2014.09.04 21:44:29.423,1.38446,1.38472,1.50,1.00
2014.09.04 21:44:29.981,1.38446,1.38472,1.87,1.00
2014.09.04 21:44:30.184,1.38446,1.38473,1.50,1.00
2014.09.04 21:44:30.786,1.38446,1.38473,1.87,1.00
2014.09.04 21:44:31.293,1.38446,1.38472,1.87,1.00
2014.09.04 21:44:31.838,1.38446,1.38472,1.50,1.00
2014.09.04 21:44:32.410,1.38446,1.38472,1.87,1.00
2014.09.04 21:44:32.946,1.38446,1.38472,1.87,1.00
2014.09.04 21:44:32.997,1.38446,1.38472,1.50,1.00
2014.09.04 21:44:33.620,1.38446,1.38472,1.87,1.00
2014.09.04 21:44:34.206,1.38446,1.38472,1.50,1.00
2014.09.04 21:44:34.814,1.38446,1.38472,1.87,1.00
2014.09.04 21:44:35.016,1.38446,1.38473,1.50,1.00
2014.09.04 21:44:35.523,1.38446,1.38472,1.50,1.00
2014.09.04 21:44:35.574,1.38446,1.38474,1.50,1.00
2014.09.04 21:44:36.032,1.38446,1.38474,1.87,1.00
2014.09.04 21:44:36.235,1.38446,1.38474,1.50,1.00
2014.09.04 21:44:36.843,1.38446,1.38474,1.87,1.00
2014.09.04 21:44:37.046,1.38446,1.38474,1.50,1.00
2014.09.04 21:44:37.265,1.38446,1.38474,1.87,1.00
2014.09.04 21:44:37.425,1.38446,1.38474,2.25,1.00
2014.09.04 21:44:47.258,1.38446,1.38474,2.62,1.00
2014.09.04 21:44:47.498,1.38446,1.38474,2.25,1.00
2014.09.04 21:44:47.804,1.38446,1.38474,2.62,1.00
2014.09.04 21:44:48.008,1.38446,1.38474,2.25,1.00
2014.09.04 21:44:48.261,1.38446,1.38474,2.62,1.00
2014.09.04 21:44:48.464,1.38446,1.38474,2.25,1.00
2014.09.04 21:44:48.771,1.38446,1.38474,2.62,1.00
2014.09.04 21:44:48.974,1.38446,1.38474,2.25,1.00
2014.09.04 21:44:49.265,1.38446,1.38474,2.62,1.00
2014.09.04 21:44:49.468,1.38446,1.38475,2.25,1.00
2014.09.04 21:44:49.786,1.38446,1.38474,2.62,1.00
2014.09.04 21:44:49.990,1.38446,1.38474,2.25,1.00
2014.09.04 21:44:50.267,1.38446,1.38474,2.62,1.00
2014.09.04 21:44:50.475,1.38446,1.38474,2.25,1.00
2014.09.04 21:44:50.772,1.38446,1.38474,2.62,1.00
2014.09.04 21:44:50.969,1.38446,1.38475,2.25,1.00
2014.09.04 21:44:51.309,1.38446,1.38475,2.62,1.00
2014.09.04 21:44:51.470,1.38446,1.38475,2.25,1.00
2014.09.04 21:44:51.771,1.38446,1.38474,2.62,1.00
2014.09.04 21:44:52.013,1.38446,1.38475,2.25,1.00
2014.09.04 21:44:52.289,1.38446,1.38475,2.62,1.00
2014.09.04 21:44:52.493,1.38446,1.38474,2.25,1.00
2014.09.04 21:44:52.803,1.38446,1.38474,2.62,1.00
2014.09.04 21:44:53.005,1.38446,1.38474,2.25,1.00
2014.09.04 21:44:53.309,1.38446,1.38474,2.62,1.00
2014.09.04 21:44:53.513,1.38446,1.38475,2.25,1.00
2014.09.04 21:44:53.806,1.38446,1.38475,2.62,1.00
2014.09.04 21:44:54.010,1.38446,1.38475,2.25,1.00
2014.09.04 21:44:54.315,1.38446,1.38475,2.62,1.00
2014.09.04 21:44:54.518,1.38446,1.38474,2.25,1.00
2014.09.04 21:44:54.823,1.38446,1.38474,2.62,1.00
2014.09.04 21:44:55.026,1.38446,1.38475,2.25,1.00
2014.09.04 21:44:55.326,1.38446,1.38475,2.62,1.00
2014.09.04 21:44:55.565,1.38446,1.38474,2.25,1.00
2014.09.04 21:44:55.820,1.38446,1.38475,2.62,1.00
2014.09.04 21:44:56.024,1.38446,1.38474,2.25,1.00
2014.09.04 21:44:56.285,1.38446,1.38475,2.62,1.00
2014.09.04 21:44:56.515,1.38446,1.38475,2.25,1.00
2014.09.04 21:44:56.788,1.38446,1.38475,2.62,1.00
2014.09.04 21:44:56.992,1.38446,1.38474,2.25,1.00
2014.09.04 21:44:57.286,1.38446,1.38475,2.62,1.00
2014.09.04 21:44:57.489,1.38446,1.38475,2.25,1.00
2014.09.04 21:44:57.793,1.38446,1.38474,2.62,1.00
2014.09.04 21:44:58.020,1.38446,1.38474,2.25,1.00
2014.09.04 21:44:58.289,1.38446,1.38474,2.62,1.00
2014.09.04 21:44:58.489,1.38446,1.38474,2.25,1.00
2014.09.04 21:44:58.790,1.38446,1.38474,2.62,1.00
2014.09.04 21:44:58.994,1.38446,1.38474,2.25,1.00
2014.09.04 21:44:59.339,1.38446,1.38474,2.62,1.00
2014.09.04 21:44:59.492,1.38446,1.38475,1.50,1.00
2014.09.04 21:44:59.797,1.38446,1.38474,1.87,1.00
2014.09.04 21:44:59.999,1.38446,1.38474,1.50,1.00
2014.09.04 21:45:00.329,1.38446,1.38474,1.87,1.00
2014.09.04 21:45:00.545,1.38446,1.38474,1.50,1.00
2014.09.04 21:45:00.796,1.38446,1.38474,1.87,1.00
2014.09.04 21:45:01.007,1.38446,1.38474,1.50,1.00
2014.09.04 21:45:01.336,1.38446,1.38474,1.87,1.00
2014.09.04 21:45:01.540,1.38446,1.38473,1.00,1.00
2014.09.04 21:45:01.642,1.38446,1.38473,1.12,2.44
2014.09.04 21:45:02.277,1.3844,1.38471,1.50,1.25
2014.09.04 21:45:02.815,1.3844,1.38471,1.50,1.19
2014.09.04 21:45:03.138,1.3844,1.38471,1.75,1.56
2014.09.04 21:45:03.416,1.3844,1.3847,2.62,1.62
2014.09.04 21:45:03.932,1.3844,1.38467,1.37,1.37
2014.09.04 21:45:04.119,1.38438,1.38467,3.37,2.06
2014.09.04 21:45:04.946,1.38438,1.38467,2.62,1.87
2014.09.04 21:45:20.251,1.38438,1.38468,2.62,2.06
2014.09.04 21:45:20.456,1.38439,1.38468,1.37,2.06
2014.09.04 21:45:20.762,1.38439,1.38466,1.37,2.06
2014.09.04 21:45:20.864,1.38439,1.38466,1.37,1.69
2014.09.04 21:45:21.386,1.38439,1.38466,1.50,1.25
2014.09.04 21:45:22.314,1.38441,1.38468,1.37,2.06
2014.09.04 21:45:22.416,1.3844,1.38468,1.87,2.81
2014.09.04 21:45:22.721,1.38438,1.38466,1.87,1.37
2014.09.04 21:45:23.026,1.38439,1.38468,1.37,1.62
2014.09.04 21:45:23.331,1.3844,1.38464,1.37,1.00
2014.09.04 21:45:25.183,1.38438,1.38466,1.87,1.31
2014.09.04 21:45:26.867,1.38438,1.38466,1.87,1.31
2014.09.04 21:45:28.823,1.38438,1.38466,1.87,1.62
2014.09.04 21:45:28.874,1.3844,1.38468,1.37,1.62
2014.09.04 21:45:32.881,1.38442,1.3847,1.37,1.37
2014.09.04 21:45:41.092,1.38442,1.3847,1.12,1.37
2014.09.04 21:45:50.310,1.38442,1.3847,1.37,1.87
2014.09.04 21:45:52.315,1.38442,1.3847,1.37,1.87
2014.09.04 21:45:52.418,1.38441,1.38468,1.00,1.37
2014.09.04 21:45:52.469,1.38439,1.38468,1.00,1.87
2014.09.04 21:45:52.979,1.38438,1.38467,1.00,1.87
2014.09.04 21:45:53.493,1.38438,1.38467,1.00,1.87
2014.09.04 21:45:53.596,1.38435,1.38467,1.25,2.62
2014.09.04 21:45:53.647,1.38435,1.38467,1.25,2.25
2014.09.04 21:45:54.021,1.38435,1.38467,1.25,2.62
2014.09.04 21:46:03.089,1.38439,1.38467,1.00,2.62
2014.09.04 21:46:03.241,1.38441,1.38468,1.00,1.00
2014.09.04 21:46:03.648,1.38444,1.38468,1.00,1.00
2014.09.04 21:46:08.678,1.38444,1.38469,1.00,1.00
2014.09.04 21:46:15.091,1.3845,1.3847,1.00,1.00
2014.09.04 21:46:16.034,1.3845,1.3847,1.00,1.37
2014.09.04 21:46:17.337,1.3845,1.3847,1.00,1.00
2014.09.04 21:46:17.654,1.38457,1.38473,1.00,1.00
2014.09.04 21:46:18.099,1.38457,1.38475,1.00,1.00
2014.09.04 21:46:18.604,1.38457,1.38476,1.00,1.00
2014.09.04 21:46:19.858,1.38454,1.38476,1.00,1.00
2014.09.04 21:46:22.919,1.3845,1.38476,1.00,1.00
2014.09.04 21:46:23.577,1.3845,1.38475,1.00,1.00
2014.09.04 21:46:24.110,1.38451,1.38475,1.00,1.00
2014.09.04 21:46:24.821,1.3845,1.38474,1.00,1.00
2014.09.04 21:46:25.763,1.38454,1.38474,1.00,1.00
2014.09.04 21:46:25.865,1.38451,1.38474,1.00,1.00
2014.09.04 21:46:34.919,1.38454,1.38474,1.00,1.00
2014.09.04 21:46:47.425,1.38454,1.38476,1.00,1.50
2014.09.04 21:46:47.972,1.38451,1.38476,1.00,1.69
2014.09.04 21:46:50.610,1.38451,1.38474,1.00,1.00
2014.09.04 21:46:57.342,1.38451,1.38475,1.00,1.00
2014.09.04 21:46:58.425,1.38451,1.38474,1.00,1.00
2014.09.04 21:47:00.023,1.38451,1.38474,1.00,2.44
2014.09.04 21:47:02.747,1.38451,1.38471,1.00,1.00
2014.09.04 21:47:02.952,1.38451,1.38473,1.00,1.00
2014.09.04 21:47:04.288,1.38454,1.38473,1.00,1.00
2014.09.04 21:47:08.907,1.38458,1.38473,1.00,1.00
2014.09.04 21:47:09.060,1.38461,1.38477,1.00,1.69
2014.09.04 21:47:15.928,1.38455,1.38477,1.00,1.00
2014.09.04 21:47:16.589,1.38459,1.38477,1.00,1.00
2014.09.04 21:47:16.954,1.38459,1.38481,1.00,2.44
2014.09.04 21:47:17.826,1.38459,1.38481,1.00,2.25
2014.09.04 21:47:18.352,1.3846,1.38481,1.00,2.25
2014.09.04 21:47:19.874,1.3846,1.38481,1.00,2.44
2014.09.04 21:47:20.672,1.38459,1.38481,1.00,2.44
2014.09.04 21:47:21.191,1.38458,1.38481,1.00,1.00
2014.09.04 21:47:22.196,1.38459,1.38481,1.00,1.00
2014.09.04 21:47:23.357,1.38459,1.38481,1.00,1.19
2014.09.04 21:47:23.914,1.38458,1.38481,1.00,1.25
2014.09.04 21:47:24.471,1.38459,1.38481,1.00,1.00
2014.09.04 21:47:25.941,1.38458,1.38481,1.00,1.25
2014.09.04 21:47:26.445,1.38458,1.38481,1.00,1.19
2014.09.04 21:47:27.020,1.38459,1.38481,1.00,1.19
2014.09.04 21:47:27.560,1.38459,1.38481,1.00,1.00
2014.09.04 21:47:28.102,1.38459,1.38482,1.00,1.19
2014.09.04 21:47:29.330,1.38458,1.38482,1.00,1.19
2014.09.04 21:47:29.837,1.38459,1.38481,1.00,1.19
2014.09.04 21:47:30.368,1.38459,1.38481,1.00,1.00
2014.09.04 21:47:30.517,1.38454,1.38479,1.00,1.00
2014.09.04 21:47:31.080,1.38454,1.38481,1.00,1.00
2014.09.04 21:47:31.348,1.38461,1.38481,1.00,1.00
2014.09.04 21:47:31.551,1.38459,1.38482,1.00,1.00
2014.09.04 21:47:35.717,1.3846,1.38482,1.00,1.00
2014.09.04 21:47:39.708,1.38458,1.38482,1.00,1.25
2014.09.04 21:47:41.705,1.38458,1.38481,1.00,1.00
2014.09.04 21:47:43.847,1.38451,1.38481,1.50,1.00
2014.09.04 21:47:44.503,1.38451,1.3848,1.50,1.25
2014.09.04 21:47:45.151,1.38451,1.38479,1.00,1.00
2014.09.04 21:47:46.852,1.38452,1.38479,1.00,1.00
2014.09.04 21:47:47.359,1.38452,1.3848,1.00,1.00
2014.09.04 21:47:47.562,1.38453,1.38476,1.00,1.00
2014.09.04 21:47:47.917,1.38449,1.38475,1.00,1.00
2014.09.04 21:47:48.069,1.3845,1.38473,1.00,1.00
2014.09.04 21:47:48.472,1.38448,1.38472,1.00,1.00
2014.09.04 21:47:49.280,1.38451,1.38472,1.00,1.00
2014.09.04 21:47:49.389,1.38448,1.38472,1.00,1.00
2014.09.04 21:47:53.850,1.38446,1.38472,1.00,1.00
2014.09.04 21:47:54.002,1.38443,1.38471,1.00,1.00
2014.09.04 21:47:54.104,1.38443,1.38461,1.50,1.00
2014.09.04 21:47:54.468,1.3844,1.38461,1.00,1.87
2014.09.04 21:47:54.519,1.38434,1.38461,1.00,1.87
2014.09.04 21:47:54.629,1.38435,1.38461,1.00,2.62
2014.09.04 21:47:54.681,1.38435,1.38461,1.00,1.00
2014.09.04 21:47:54.732,1.38435,1.38463,2.02,1.00
2014.09.04 21:47:54.986,1.38437,1.38465,1.00,1.00
2014.09.04 21:47:55.202,1.38439,1.38465,1.00,1.00
2014.09.04 21:47:55.404,1.38437,1.38465,1.00,1.00
2014.09.04 21:47:55.608,1.38439,1.38465,1.00,1.00
2014.09.04 21:47:55.964,1.38437,1.38465,1.00,1.00
2014.09.04 21:47:56.369,1.38436,1.38465,1.00,1.37
2014.09.04 21:47:56.522,1.38435,1.38465,1.50,1.12
2014.09.04 21:47:56.775,1.38436,1.38465,1.00,1.37
2014.09.04 21:47:56.978,1.38436,1.38465,1.50,1.00
2014.09.04 21:47:57.437,1.38436,1.38462,1.00,1.00
2014.09.04 21:47:57.967,1.38435,1.38462,1.50,1.00
2014.09.04 21:47:58.499,1.38436,1.38462,1.00,1.00
2014.09.04 21:47:58.550,1.38436,1.38466,1.00,2.81
2014.09.04 21:47:58.855,1.38442,1.38466,1.00,2.25
2014.09.04 21:47:59.363,1.38442,1.38466,1.00,1.87
2014.09.04 21:47:59.567,1.38442,1.38466,1.00,1.87
2014.09.04 21:48:01.226,1.38439,1.38466,1.00,1.12
2014.09.04 21:48:02.242,1.38445,1.38466,1.00,1.12
2014.09.04 21:48:02.546,1.38437,1.3846,1.60,1.00
2014.09.04 21:48:02.699,1.38435,1.3846,1.00,1.87
2014.09.04 21:48:03.238,1.38434,1.3846,1.50,1.87
2014.09.04 21:48:07.331,1.38434,1.38461,1.12,1.37
2014.09.04 21:48:08.028,1.38434,1.38462,1.00,1.37
2014.09.04 21:48:08.130,1.38436,1.38463,1.00,1.87
2014.09.04 21:48:08.435,1.3845,1.38462,1.00,1.00
2014.09.04 21:48:08.486,1.3845,1.38469,1.00,1.62
2014.09.04 21:48:22.566,1.38448,1.3847,1.00,1.37
2014.09.04 21:48:24.065,1.38448,1.38469,1.00,1.56
2014.09.04 21:48:24.116,1.3845,1.38464,1.00,1.00
2014.09.04 21:48:24.217,1.38438,1.38459,1.00,1.50
2014.09.04 21:48:24.725,1.38438,1.38459,1.00,1.56
2014.09.04 21:48:25.254,1.38437,1.38458,1.00,1.62
2014.09.04 21:48:25.562,1.38437,1.38458,1.00,1.56
2014.09.04 21:48:25.664,1.38434,1.38461,1.00,1.50
2014.09.04 21:48:25.766,1.38443,1.38462,1.00,1.50
2014.09.04 21:48:26.275,1.38443,1.38465,1.00,1.37
2014.09.04 21:48:28.223,1.38438,1.38464,1.00,1.37
2014.09.04 21:48:28.751,1.38438,1.38462,1.00,1.50
2014.09.04 21:48:29.005,1.38436,1.38462,1.00,1.50
2014.09.04 21:48:34.381,1.38436,1.38462,1.37,1.50
2014.09.04 21:48:34.635,1.38438,1.38464,1.00,1.00
2014.09.04 21:48:35.317,1.38438,1.38465,1.00,1.12
2014.09.04 21:48:36.283,1.38438,1.38465,1.00,1.31
2014.09.04 21:48:37.069,1.38438,1.38465,1.37,1.31
2014.09.04 21:48:37.403,1.38438,1.38464,1.00,1.56
2014.09.04 21:48:38.678,1.38438,1.38465,1.12,2.06
2014.09.04 21:48:39.184,1.38438,1.38465,1.00,1.69
2014.09.04 21:48:39.384,1.38438,1.38464,1.00,1.56
2014.09.04 21:48:39.587,1.38438,1.38465,1.00,1.69
2014.09.04 21:48:39.805,1.38438,1.38464,1.00,1.37
2014.09.04 21:48:40.008,1.38438,1.38465,1.00,1.50
2014.09.04 21:48:40.630,1.38438,1.38465,1.12,1.87
2014.09.04 21:48:42.944,1.38438,1.38463,1.00,1.12
2014.09.04 21:48:49.167,1.38438,1.38461,1.00,1.00
2014.09.04 21:48:52.364,1.38438,1.38462,1.00,1.37
2014.09.04 21:49:02.365,1.38438,1.38463,1.00,1.56
2014.09.04 21:49:04.640,1.38438,1.38462,1.00,1.31
2014.09.04 21:49:06.270,1.38436,1.38462,1.37,1.19
2014.09.04 21:49:06.817,1.38436,1.38461,1.12,1.25
2014.09.04 21:49:07.276,1.38436,1.38461,1.00,1.19
2014.09.04 21:49:14.500,1.38438,1.38459,1.00,1.25
2014.09.04 21:49:14.805,1.38438,1.38461,1.00,1.56
2014.09.04 21:49:19.516,1.38438,1.38461,1.00,1.37
2014.09.04 21:49:19.567,1.38436,1.38461,1.00,1.37
2014.09.04 21:49:22.231,1.38436,1.3846,1.00,1.00
2014.09.04 21:49:22.864,1.38431,1.3846,1.12,1.50
2014.09.04 21:49:23.427,1.38431,1.38461,1.12,2.62
2014.09.04 21:49:23.545,1.38431,1.38456,1.12,1.00
2014.09.04 21:49:24.775,1.38431,1.38456,1.31,1.00
2014.09.04 21:49:25.322,1.38431,1.38455,1.56,1.00
2014.09.04 21:49:27.093,1.38431,1.38454,1.56,1.00
2014.09.04 21:49:28.725,1.3843,1.38454,1.62,1.00
2014.09.04 21:49:29.880,1.3843,1.38452,1.87,1.00
2014.09.04 21:49:38.570,1.38429,1.38452,2.62,1.00
2014.09.04 21:49:56.240,1.3843,1.38456,1.50,1.00
2014.09.04 21:50:06.177,1.38429,1.38456,3.00,1.12
2014.09.04 21:50:07.292,1.38429,1.38456,3.00,1.37
2014.09.04 21:50:09.203,1.38429,1.3845,2.25,1.37
2014.09.04 21:50:09.758,1.3843,1.38451,1.50,1.37
2014.09.04 21:50:10.541,1.38429,1.38452,2.25,1.37
2014.09.04 21:50:10.643,1.38429,1.38453,2.62,1.00
2014.09.04 21:50:11.201,1.3843,1.38455,1.87,1.56
2014.09.04 21:50:13.935,1.38429,1.38455,2.62,1.00
2014.09.04 21:50:14.666,1.38429,1.38456,2.62,1.50
2014.09.04 21:50:15.173,1.38429,1.38455,3.37,1.00
2014.09.04 21:50:16.447,1.38429,1.38455,2.62,1.00
2014.09.04 21:50:16.969,1.3843,1.38455,1.87,1.87
2014.09.04 21:50:17.499,1.3843,1.38455,1.50,2.25
2014.09.04 21:50:17.956,1.38429,1.38455,3.00,1.37
2014.09.04 21:50:18.159,1.3843,1.38455,1.50,1.50
2014.09.04 21:50:18.768,1.3843,1.38455,1.50,2.62
2014.09.04 21:50:20.841,1.3843,1.38455,1.50,2.62
2014.09.04 21:50:21.147,1.38441,1.38457,1.00,1.00
2014.09.04 21:50:21.622,1.38441,1.38462,1.00,2.62
2014.09.04 21:50:22.818,1.38443,1.38463,1.00,1.37
2014.09.04 21:50:22.869,1.38443,1.38463,1.00,1.00
2014.09.04 21:50:23.428,1.38443,1.38464,1.00,1.00
2014.09.04 21:50:24.079,1.38443,1.38466,1.00,1.00
2014.09.04 21:50:24.130,1.38443,1.38469,1.00,1.50
2014.09.04 21:50:24.659,1.38443,1.38469,1.00,1.87
2014.09.04 21:50:25.176,1.38443,1.38469,1.00,1.87
2014.09.04 21:50:26.291,1.38443,1.38469,1.00,1.87
2014.09.04 21:50:26.929,1.38443,1.38469,1.00,1.50
2014.09.04 21:50:29.874,1.38443,1.38469,1.00,1.69
2014.09.04 21:50:32.047,1.38443,1.38469,1.00,1.50
2014.09.04 21:50:32.785,1.38443,1.38462,1.00,1.00
2014.09.04 21:50:32.938,1.38435,1.38457,1.00,1.37
2014.09.04 21:50:33.396,1.38429,1.38456,3.00,1.37
2014.09.04 21:50:36.500,1.3843,1.38455,1.50,1.12
2014.09.04 21:50:37.363,1.3843,1.38455,1.50,1.62
2014.09.04 21:50:37.465,1.3843,1.38455,1.50,1.25
2014.09.04 21:50:38.017,1.3843,1.38456,1.50,2.67
2014.09.04 21:50:38.119,1.3843,1.38455,1.50,1.25
2014.09.04 21:50:38.221,1.38443,1.38457,1.00,1.36
2014.09.04 21:50:38.526,1.38433,1.38454,1.52,1.53
2014.09.04 21:50:38.681,1.38443,1.38466,1.00,1.25
2014.09.04 21:50:39.589,1.38443,1.38467,1.00,1.00
2014.09.04 21:50:42.126,1.38443,1.38469,1.00,1.00
2014.09.04 21:50:42.278,1.38449,1.3847,1.00,1.69
2014.09.04 21:50:44.197,1.38449,1.38472,1.00,1.25
2014.09.04 21:50:44.682,1.38443,1.38473,1.00,1.56
2014.09.04 21:50:45.215,1.38443,1.38471,1.00,1.00
2014.09.04 21:50:48.622,1.3844,1.38458,1.00,1.00
2014.09.04 21:50:48.775,1.38436,1.3846,1.00,1.56
2014.09.04 21:50:48.878,1.38436,1.38457,1.00,1.37
2014.09.04 21:50:49.152,1.3843,1.38457,1.87,1.37
2014.09.04 21:50:49.433,1.38439,1.38459,1.00,1.37
2014.09.04 21:50:49.485,1.38439,1.3846,1.00,1.37
2014.09.04 21:50:49.536,1.38433,1.3846,1.00,1.37
2014.09.04 21:50:49.751,1.38433,1.38462,1.37,1.25
2014.09.04 21:50:50.811,1.38434,1.38464,1.12,1.00
2014.09.04 21:50:50.913,1.38434,1.38466,1.12,1.00
2014.09.04 21:50:51.015,1.38437,1.38466,1.00,1.00
2014.09.04 21:51:00.996,1.38439,1.38466,1.00,1.00
2014.09.04 21:51:01.948,1.38442,1.38468,1.00,1.12
2014.09.04 21:51:17.250,1.38442,1.38469,1.00,1.12
2014.09.04 21:51:27.100,1.38442,1.38469,1.50,1.37
2014.09.04 21:51:27.253,1.38436,1.38465,1.50,1.56
2014.09.04 21:51:27.760,1.38435,1.38465,1.00,2.81
2014.09.04 21:51:28.338,1.38434,1.38465,1.00,2.81
2014.09.04 21:51:28.785,1.38434,1.38462,1.00,1.00
2014.09.04 21:51:30.927,1.38434,1.38461,1.50,1.00
2014.09.04 21:51:35.094,1.38436,1.38461,1.00,1.00
2014.09.04 21:51:35.645,1.38436,1.38462,1.00,1.00
2014.09.04 21:51:36.178,1.38436,1.38461,1.00,1.00
2014.09.04 21:51:48.586,1.38435,1.38461,2.25,1.00
2014.09.04 21:51:55.892,1.38435,1.38462,2.25,1.00
2014.09.04 21:51:57.379,1.38436,1.38462,1.00,1.00
2014.09.04 21:52:00.725,1.38435,1.38462,1.50,1.19
2014.09.04 21:52:00.827,1.38433,1.38459,1.00,1.25
2014.09.04 21:52:00.879,1.38433,1.38456,1.00,1.00
2014.09.04 21:52:01.032,1.3843,1.38456,2.25,1.87
2014.09.04 21:52:01.554,1.38431,1.38456,1.50,1.87
2014.09.04 21:52:02.076,1.3843,1.38455,2.25,1.37
2014.09.04 21:52:02.601,1.3843,1.38453,2.25,1.00
2014.09.04 21:52:03.043,1.38431,1.38451,1.50,1.00
2014.09.04 21:52:04.044,1.38431,1.3845,1.50,1.00
2014.09.04 21:52:05.560,1.38431,1.38452,1.50,1.00
2014.09.04 21:52:06.072,1.38432,1.38452,1.00,1.00
2014.09.04 21:52:06.376,1.38433,1.3846,1.00,1.50
2014.09.04 21:52:14.130,1.38435,1.3846,1.00,1.00
2014.09.04 21:52:14.634,1.38433,1.3846,1.00,1.00
2014.09.04 21:52:15.752,1.38433,1.38459,1.00,1.00
2014.09.04 21:52:19.714,1.38435,1.38459,1.00,1.00
2014.09.04 21:52:20.170,1.38435,1.38461,1.00,1.00
2014.09.04 21:52:42.651,1.38435,1.3846,1.00,1.00
2014.09.04 21:52:43.585,1.38435,1.38461,1.50,1.00
2014.09.04 21:52:47.095,1.38435,1.38461,1.00,1.62
2014.09.04 21:52:47.146,1.38433,1.38461,1.00,2.06
2014.09.04 21:52:47.198,1.38431,1.38458,2.25,1.12
2014.09.04 21:52:47.249,1.38431,1.38458,3.00,1.37
2014.09.04 21:52:47.758,1.38431,1.38456,1.50,1.56
2014.09.04 21:52:48.557,1.38431,1.38452,1.50,1.00
2014.09.04 21:52:49.550,1.3843,1.38451,2.25,1.00
2014.09.04 21:52:50.531,1.38431,1.38449,1.50,1.00
2014.09.04 21:52:51.340,1.3843,1.38449,3.00,1.00
2014.09.04 21:52:53.082,1.3843,1.38448,3.00,1.00
2014.09.04 21:52:54.198,1.3843,1.38457,3.00,1.31
2014.09.04 21:52:56.682,1.3843,1.38457,2.25,1.62
2014.09.04 21:52:59.882,1.3843,1.38457,2.25,1.37
2014.09.04 21:53:03.001,1.3843,1.38457,2.25,1.37
2014.09.04 21:53:05.351,1.3843,1.38457,2.25,1.37
2014.09.04 21:53:06.004,1.3843,1.38457,2.25,1.37
2014.09.04 21:53:06.107,1.3843,1.38457,2.25,1.12
2014.09.04 21:53:07.408,1.3843,1.38457,2.25,1.37
2014.09.04 21:53:08.073,1.38431,1.38458,1.50,1.37
2014.09.04 21:53:09.213,1.38431,1.38458,1.50,1.37
2014.09.04 21:53:17.714,1.3843,1.38457,3.00,1.37
2014.09.04 21:53:18.659,1.3843,1.38457,2.25,1.37
2014.09.04 21:53:24.218,1.38431,1.38456,1.50,1.37
2014.09.04 21:53:36.826,1.38431,1.38457,1.50,2.62
2014.09.04 21:53:37.338,1.38432,1.38461,1.00,1.19
2014.09.04 21:53:37.510,1.38432,1.38461,1.00,1.00
2014.09.04 21:53:37.723,1.38434,1.38465,1.00,1.69
2014.09.04 21:53:38.735,1.38434,1.38465,1.50,1.00
2014.09.04 21:53:38.947,1.38437,1.38465,1.00,1.00
2014.09.04 21:53:39.251,1.38432,1.38462,2.25,1.00
2014.09.04 21:53:40.112,1.38432,1.38461,2.25,1.00
2014.09.04 21:53:40.622,1.38432,1.38461,2.25,1.00
2014.09.04 21:53:41.144,1.38432,1.38459,2.25,1.00
2014.09.04 21:53:44.871,1.38433,1.3846,1.75,1.00
2014.09.04 21:53:45.383,1.38434,1.38458,1.75,1.00
2014.09.04 21:53:45.434,1.38432,1.38458,1.00,1.25
2014.09.04 21:53:45.739,1.38432,1.38458,1.37,1.25
2014.09.04 21:53:54.407,1.38432,1.38459,1.37,1.25
2014.09.04 21:53:58.400,1.38432,1.38459,1.37,1.19
2014.09.04 21:54:00.855,1.38431,1.38459,1.87,1.25
2014.09.04 21:54:02.100,1.3843,1.3846,1.37,1.00
2014.09.04 21:54:02.806,1.3843,1.3846,1.50,1.00
2014.09.04 21:54:03.761,1.3843,1.38458,3.00,1.00
2014.09.04 21:54:05.376,1.3843,1.38458,3.00,1.00
2014.09.04 21:54:07.786,1.3843,1.38458,2.62,1.00
2014.09.04 21:54:12.491,1.3843,1.38458,2.25,1.00
2014.09.04 21:54:14.330,1.38432,1.38458,1.75,1.00
2014.09.04 21:54:18.814,1.38432,1.38458,1.00,1.00
2014.09.04 21:54:18.866,1.3843,1.38459,1.00,2.40
2014.09.04 21:54:19.182,1.38429,1.38443,3.75,1.00
2014.09.04 21:54:22.921,1.38429,1.38452,2.25,1.50
2014.09.04 21:54:27.263,1.3843,1.38452,1.50,1.00
2014.09.04 21:54:27.365,1.3843,1.38452,2.25,1.00
2014.09.04 21:54:27.672,1.38431,1.38452,1.75,1.00
2014.09.04 21:54:29.749,1.38431,1.38452,1.75,1.00
2014.09.04 21:54:35.401,1.38431,1.38452,2.25,1.00
2014.09.04 21:54:42.824,1.38431,1.38453,1.75,1.00
2014.09.04 21:54:47.991,1.38431,1.38453,1.75,1.00
2014.09.04 21:54:51.016,1.38431,1.38453,1.37,1.00
2014.09.04 21:54:51.117,1.3843,1.38453,2.25,1.00
2014.09.04 21:54:51.651,1.3843,1.38453,3.00,1.00
2014.09.04 21:55:02.032,1.38431,1.38453,1.00,1.00
2014.09.04 21:55:02.195,1.3843,1.38442,1.50,1.00
2014.09.04 21:55:02.704,1.38429,1.38442,2.25,1.00
2014.09.04 21:55:03.511,1.3843,1.38442,1.50,1.00
2014.09.04 21:55:09.144,1.3843,1.38452,1.50,2.77
2014.09.04 21:55:09.246,1.3843,1.38453,1.50,2.25
2014.09.04 21:55:09.701,1.38429,1.38456,2.25,1.50
2014.09.04 21:55:10.208,1.3843,1.38456,1.50,1.00
2014.09.04 21:55:17.073,1.3843,1.38462,1.50,1.00
2014.09.04 21:55:17.597,1.38431,1.38462,1.00,1.00
2014.09.04 21:55:27.812,1.38431,1.38463,1.00,1.50
2014.09.04 21:55:28.129,1.38434,1.38463,1.00,1.50
2014.09.04 21:55:37.163,1.38434,1.38466,1.00,2.44
2014.09.04 21:55:37.416,1.38436,1.38466,1.00,1.00
2014.09.04 21:55:37.721,1.38441,1.38468,1.00,1.00
2014.09.04 21:55:38.069,1.38443,1.3847,1.00,1.00
2014.09.04 21:55:38.273,1.38444,1.38472,1.00,1.50
2014.09.04 21:55:38.729,1.38446,1.38473,1.00,1.00
2014.09.04 21:55:41.125,1.38445,1.38473,1.00,1.00
2014.09.04 21:55:41.578,1.38441,1.38469,1.00,1.00
2014.09.04 21:55:41.885,1.38436,1.38456,1.00,1.00
2014.09.04 21:55:42.137,1.38434,1.38456,1.00,1.00
2014.09.04 21:55:42.355,1.38432,1.38456,1.00,1.00
2014.09.04 21:55:44.300,1.38434,1.38456,1.00,1.00
2014.09.04 21:55:44.351,1.38434,1.38465,1.00,3.52
2014.09.04 21:55:44.554,1.38436,1.38466,1.00,1.50
2014.09.04 21:55:44.858,1.38436,1.38462,1.00,1.00
2014.09.04 21:55:45.401,1.38437,1.38462,1.00,1.00
2014.09.04 21:55:49.035,1.38436,1.38462,1.00,1.00
2014.09.04 21:55:49.340,1.38435,1.38456,1.00,1.00
2014.09.04 21:55:49.390,1.38432,1.38456,1.50,1.00
2014.09.04 21:55:52.038,1.38435,1.38456,1.00,1.00
2014.09.04 21:55:52.140,1.38435,1.38465,1.00,1.50
2014.09.04 21:55:52.191,1.38439,1.38465,1.00,1.00
2014.09.04 21:55:52.343,1.3844,1.38468,1.00,1.00
2014.09.04 21:55:52.445,1.38436,1.38468,1.00,1.50
2014.09.04 21:55:52.548,1.3844,1.38468,1.00,1.50
2014.09.04 21:55:52.752,1.3844,1.3847,1.00,1.50
2014.09.04 21:55:52.955,1.38443,1.3847,1.00,1.00
2014.09.04 21:55:54.438,1.38443,1.38474,1.00,1.00
2014.09.04 21:55:56.090,1.38443,1.38475,1.00,1.00
2014.09.04 21:56:00.310,1.38443,1.38473,1.50,1.00
2014.09.04 21:56:14.131,1.38453,1.38473,1.50,1.00
2014.09.04 21:56:14.437,1.38458,1.38479,1.50,1.00
2014.09.04 21:56:14.692,1.38458,1.38489,1.00,1.00
2014.09.04 21:56:14.997,1.3846,1.3849,1.00,1.00
2014.09.04 21:56:15.677,1.38457,1.3849,1.50,1.50
2014.09.04 21:56:17.642,1.38457,1.3849,1.87,1.00
2014.09.04 21:56:17.743,1.3846,1.38492,1.12,1.00
2014.09.04 21:56:17.846,1.38463,1.38493,1.00,1.00
2014.09.04 21:56:18.152,1.38466,1.38494,1.50,1.00
2014.09.04 21:56:18.457,1.3847,1.38483,1.00,1.00
2014.09.04 21:56:18.661,1.38469,1.3849,1.00,1.00
2014.09.04 21:56:18.762,1.38461,1.3849,1.00,1.00
2014.09.04 21:56:18.813,1.38459,1.38489,1.50,1.00
2014.09.04 21:56:18.915,1.38459,1.38487,1.00,1.00
2014.09.04 21:56:19.239,1.38456,1.38487,1.00,1.00
2014.09.04 21:56:21.441,1.38454,1.38487,1.00,1.50
2014.09.04 21:56:22.127,1.38459,1.38488,1.00,1.00
2014.09.04 21:56:22.431,1.38466,1.3849,1.00,2.25
2014.09.04 21:56:22.915,1.38465,1.38492,1.00,1.00
2014.09.04 21:56:23.454,1.38461,1.38491,1.00,1.00
2014.09.04 21:56:23.505,1.38461,1.38489,1.00,1.00
2014.09.04 21:56:23.607,1.38458,1.38489,1.00,1.00
2014.09.04 21:56:24.141,1.38457,1.38489,1.00,1.00
2014.09.04 21:56:24.654,1.38457,1.38488,1.00,1.50
2014.09.04 21:56:25.151,1.38455,1.38488,1.00,2.25
2014.09.04 21:56:25.656,1.38455,1.38487,1.00,1.00
2014.09.04 21:56:27.661,1.3846,1.38487,1.37,1.00
2014.09.04 21:56:27.966,1.38466,1.38489,1.00,1.00
2014.09.04 21:56:28.473,1.38465,1.38489,1.00,1.00
2014.09.04 21:56:28.702,1.38461,1.38489,1.00,1.00
2014.09.04 21:56:28.753,1.38459,1.38489,1.00,1.00
2014.09.04 21:56:29.260,1.38459,1.38488,1.00,1.50
2014.09.04 21:56:29.437,1.38457,1.38488,1.00,1.50
2014.09.04 21:56:33.771,1.38457,1.38476,1.00,1.19
2014.09.04 21:56:33.873,1.38451,1.38468,1.50,1.00
2014.09.04 21:56:33.975,1.3845,1.38466,1.00,1.19
2014.09.04 21:56:34.178,1.38442,1.38462,1.00,3.19
2014.09.04 21:56:34.280,1.38432,1.38457,1.00,1.25
2014.09.04 21:56:34.399,1.3843,1.38458,1.00,1.19
2014.09.04 21:56:34.703,1.3843,1.38458,1.50,1.69
2014.09.04 21:56:35.661,1.38431,1.38455,1.00,1.50
2014.09.04 21:56:36.168,1.38432,1.38455,1.00,1.00
2014.09.04 21:56:40.374,1.38432,1.38457,1.00,1.00
2014.09.04 21:56:40.828,1.38432,1.3846,1.00,1.00
2014.09.04 21:56:40.879,1.38432,1.38462,1.00,1.00
2014.09.04 21:56:41.133,1.38435,1.38462,1.00,1.00
2014.09.04 21:56:41.671,1.38435,1.38463,1.00,1.00
2014.09.04 21:56:44.852,1.3844,1.38465,1.50,1.00
2014.09.04 21:56:45.156,1.38452,1.38466,1.50,1.00
2014.09.04 21:56:45.308,1.38452,1.38477,1.50,1.37
2014.09.04 21:56:45.410,1.38452,1.38478,1.50,1.00
2014.09.04 21:56:45.461,1.38452,1.38482,1.50,1.87
2014.09.04 21:56:46.119,1.38452,1.38482,1.00,1.00
2014.09.04 21:56:46.272,1.3845,1.38482,1.50,1.00
2014.09.04 21:56:46.424,1.3845,1.3848,1.00,1.00
2014.09.04 21:56:46.697,1.38447,1.3848,1.00,1.00
2014.09.04 21:56:49.113,1.38447,1.38479,1.00,1.00
2014.09.04 21:56:49.468,1.38447,1.38481,1.00,1.50
2014.09.04 21:56:52.058,1.38448,1.38481,1.00,1.50
2014.09.04 21:56:52.109,1.38452,1.38481,1.50,1.00
2014.09.04 21:56:52.414,1.38458,1.3848,1.50,1.00
2014.09.04 21:56:52.717,1.38458,1.38481,1.87,1.00
2014.09.04 21:56:52.970,1.3846,1.38492,1.37,1.87
2014.09.04 21:56:53.173,1.38459,1.38489,1.00,1.50
2014.09.04 21:56:53.478,1.38455,1.38486,1.00,1.00
2014.09.04 21:56:53.529,1.3846,1.38486,1.00,1.00
2014.09.04 21:56:53.732,1.3846,1.38489,1.00,1.00
2014.09.04 21:56:53.834,1.38456,1.38489,1.00,1.00
2014.09.04 21:56:55.922,1.38456,1.38488,1.00,1.00
2014.09.04 21:56:56.024,1.38452,1.38488,1.50,2.25
2014.09.04 21:57:01.652,1.38455,1.38489,1.00,1.00
2014.09.04 21:57:01.956,1.38458,1.38491,1.00,1.19
2014.09.04 21:57:02.470,1.38458,1.38491,1.00,1.00
2014.09.04 21:57:03.033,1.38459,1.38491,1.00,1.00
2014.09.04 21:57:07.260,1.3846,1.38491,1.00,1.00
2014.09.04 21:57:07.466,1.38461,1.38494,1.00,1.00
2014.09.04 21:57:07.569,1.38459,1.38489,1.00,1.00
2014.09.04 21:57:07.873,1.38456,1.38489,1.00,1.00
2014.09.04 21:57:08.253,1.38458,1.38493,1.50,1.00
2014.09.04 21:57:08.472,1.38458,1.38489,1.50,1.25
2014.09.04 21:57:08.574,1.38455,1.38487,2.25,1.12
2014.09.04 21:57:08.928,1.38453,1.38487,1.50,1.50
2014.09.04 21:57:09.184,1.38456,1.38488,1.00,3.00
2014.09.04 21:57:09.726,1.38456,1.38489,1.50,1.00
2014.09.04 21:57:10.254,1.38456,1.3849,1.50,1.00
2014.09.04 21:57:13.348,1.38457,1.3849,1.00,1.00
2014.09.04 21:57:14.562,1.38456,1.3849,1.50,1.00
2014.09.04 21:57:14.979,1.38456,1.38487,1.00,1.00
2014.09.04 21:57:18.895,1.38456,1.38489,1.00,1.00
2014.09.04 21:57:19.704,1.38456,1.38488,1.00,1.00
2014.09.04 21:57:19.907,1.38457,1.38486,1.00,1.00
2014.09.04 21:57:20.009,1.38455,1.38486,1.00,1.00
2014.09.04 21:57:20.514,1.38456,1.38487,1.00,2.25
2014.09.04 21:57:24.124,1.38462,1.38487,1.00,1.00
2014.09.04 21:57:24.328,1.38463,1.3849,3.00,1.00
2014.09.04 21:57:24.429,1.3847,1.3849,1.00,1.00
2014.09.04 21:57:24.583,1.3847,1.38492,1.00,1.00
2014.09.04 21:57:24.634,1.3846,1.38492,1.00,1.00
2014.09.04 21:57:24.887,1.3846,1.38489,1.00,1.00
2014.09.04 21:57:25.432,1.38459,1.38489,1.00,1.00
2014.09.04 21:57:27.632,1.38464,1.38489,1.00,1.00
2014.09.04 21:57:27.936,1.38469,1.38492,1.00,1.00
2014.09.04 21:57:28.038,1.3846,1.38491,1.00,1.00
2014.09.04 21:57:28.241,1.38458,1.38489,1.50,1.50
2014.09.04 21:57:28.546,1.38458,1.38485,1.00,1.00
2014.09.04 21:57:28.749,1.38455,1.38485,1.50,1.00
2014.09.04 21:57:29.285,1.38456,1.38485,1.00,1.00
2014.09.04 21:57:30.068,1.38456,1.38486,1.00,1.50
2014.09.04 21:57:30.818,1.38453,1.38486,1.50,1.50
2014.09.04 21:57:30.869,1.38453,1.38481,1.50,1.00
2014.09.04 21:57:31.972,1.38453,1.38479,1.50,1.00
2014.09.04 21:57:34.598,1.38453,1.38478,1.00,1.00
2014.09.04 21:57:35.714,1.38452,1.38478,1.00,1.00
2014.09.04 21:57:36.509,1.38452,1.38477,1.00,1.00
2014.09.04 21:57:41.249,1.38454,1.38477,1.00,1.00
2014.09.04 21:57:41.553,1.38455,1.38483,1.50,1.00
2014.09.04 21:57:43.013,1.38454,1.38483,1.00,1.50
2014.09.04 21:57:43.064,1.38452,1.38483,1.50,1.50
2014.09.04 21:57:43.116,1.38457,1.38483,1.50,1.00
2014.09.04 21:57:43.421,1.38466,1.38484,1.00,1.00
2014.09.04 21:57:43.472,1.38458,1.38484,1.00,1.00
2014.09.04 21:57:43.523,1.38456,1.38483,1.50,1.00
2014.09.04 21:57:43.625,1.38456,1.38487,1.00,1.00
2014.09.04 21:57:43.866,1.38454,1.38487,1.50,1.50
2014.09.04 21:57:43.917,1.38454,1.38484,1.50,1.00
2014.09.04 21:57:44.171,1.38452,1.38484,3.00,1.00
2014.09.04 21:57:44.599,1.38452,1.38479,2.25,1.00
2014.09.04 21:57:45.453,1.38451,1.38473,1.00,1.00
2014.09.04 21:57:47.025,1.38451,1.38469,1.00,1.00
2014.09.04 21:57:48.789,1.38451,1.38468,1.00,1.00
2014.09.04 21:57:50.742,1.3845,1.38468,1.00,1.00
2014.09.04 21:57:51.352,1.3845,1.38467,1.00,1.00
2014.09.04 21:57:51.675,1.3845,1.38469,1.00,1.00
2014.09.04 21:57:58.243,1.3845,1.38472,1.00,1.00
2014.09.04 21:58:04.757,1.38452,1.38472,1.00,1.00
2014.09.04 21:58:05.270,1.38451,1.38473,1.00,1.00
2014.09.04 21:58:05.321,1.38451,1.38475,1.00,1.00
2014.09.04 21:58:06.659,1.38453,1.38475,1.00,1.00
2014.09.04 21:58:07.369,1.3845,1.38475,1.50,1.00
2014.09.04 21:58:08.636,1.3845,1.38473,1.50,1.00
2014.09.04 21:58:09.162,1.38451,1.38473,1.00,1.00
2014.09.04 21:58:15.969,1.3845,1.38473,1.00,1.00
2014.09.04 21:58:19.526,1.3845,1.38472,1.00,1.00
2014.09.04 21:58:24.878,1.38449,1.38472,1.50,1.00
2014.09.04 21:58:29.301,1.38448,1.38472,1.00,1.00
2014.09.04 21:58:29.504,1.38446,1.38472,2.25,1.00
2014.09.04 21:58:30.719,1.38446,1.38473,1.00,1.00
2014.09.04 21:58:32.591,1.38443,1.38473,1.50,1.00
2014.09.04 21:58:32.642,1.38447,1.38473,1.00,1.00
2014.09.04 21:58:32.794,1.38447,1.38478,1.00,1.50
2014.09.04 21:58:33.330,1.38449,1.38479,1.00,1.00
2014.09.04 21:58:37.895,1.38447,1.38479,1.00,1.00
2014.09.04 21:58:41.023,1.38448,1.38479,1.00,1.00
2014.09.04 21:58:41.531,1.38447,1.38479,1.00,1.00
2014.09.04 21:58:42.530,1.38452,1.38482,1.00,1.00
2014.09.04 21:58:43.361,1.38452,1.38483,1.00,2.25
2014.09.04 21:58:47.409,1.38451,1.38483,1.50,1.50
2014.09.04 21:58:48.056,1.3845,1.38483,1.00,1.50
2014.09.04 21:58:56.148,1.3845,1.38481,1.00,1.00
2014.09.04 21:58:56.474,1.3845,1.38479,1.00,1.00
2014.09.04 21:59:05.638,1.38457,1.38479,0.75,0.75
2014.09.04 21:59:05.943,1.38471,1.38482,0.75,0.75
2014.09.04 21:59:05.994,1.38471,1.38485,0.75,0.75
2014.09.04 21:59:06.096,1.38471,1.38487,0.75,0.75
2014.09.04 21:59:06.500,1.38471,1.38491,0.75,0.75
2014.09.04 21:59:06.602,1.38471,1.38493,0.75,0.75
2014.09.04 21:59:06.653,1.38471,1.38491,0.75,0.75
2014.09.04 21:59:06.704,1.38465,1.38491,0.75,0.75
2014.09.04 21:59:06.755,1.38463,1.38491,0.75,0.75
2014.09.04 21:59:07.059,1.3846,1.38491,0.75,0.75
2014.09.04 21:59:07.515,1.3846,1.38489,0.75,0.75
2014.09.04 21:59:07.566,1.38457,1.38489,0.75,1.50
2014.09.04 21:59:07.971,1.38456,1.38487,0.75,0.75
2014.09.04 21:59:08.276,1.38454,1.38474,0.75,1.50
2014.09.04 21:59:08.377,1.38454,1.38478,0.75,0.75
2014.09.04 21:59:08.479,1.38454,1.38473,0.75,0.75
2014.09.04 21:59:08.733,1.38448,1.38473,0.75,0.75
2014.09.04 21:59:09.038,1.38448,1.38466,0.75,0.75
2014.09.04 21:59:09.237,1.38444,1.38465,1.50,1.50
2014.09.04 21:59:09.760,1.38444,1.38466,1.50,0.75
2014.09.04 21:59:12.736,1.38444,1.38467,1.50,0.75
2014.09.04 21:59:13.243,1.38444,1.38468,1.50,0.75
2014.09.04 21:59:18.964,1.38444,1.38469,1.50,0.75
2014.09.04 21:59:21.178,1.38444,1.38468,1.50,0.75
2014.09.04 21:59:21.746,1.38444,1.38469,1.50,0.75
2014.09.04 21:59:22.006,1.3844,1.38469,0.75,0.75
2014.09.04 21:59:22.250,1.3844,1.38467,0.75,0.75
2014.09.04 21:59:23.062,1.38441,1.38467,1.50,0.75
2014.09.04 21:59:24.900,1.38441,1.38466,1.50,0.75
2014.09.04 21:59:31.996,1.38441,1.38465,1.50,0.75
2014.09.04 21:59:37.327,1.38441,1.38466,1.50,0.75
2014.09.04 21:59:39.375,1.38447,1.38466,0.52,0.75
2014.09.04 21:59:39.681,1.38446,1.38472,0.75,0.75
2014.09.04 21:59:40.138,1.38445,1.38475,1.50,0.75
2014.09.04 21:59:40.190,1.38445,1.38472,0.75,0.75
2014.09.04 21:59:40.734,1.38445,1.38471,0.75,0.75
2014.09.04 21:59:41.420,1.38445,1.38469,0.75,0.75
2014.09.04 21:59:42.129,1.38445,1.38467,0.75,0.75
2014.09.04 21:59:43.137,1.38445,1.38466,0.75,0.75
2014.09.04 21:59:44.090,1.38443,1.38466,0.75,0.75
2014.09.04 21:59:44.192,1.38441,1.38466,2.25,0.75
2014.09.04 21:59:44.759,1.38441,1.38469,2.25,0.75
2014.09.04 21:59:46.498,1.38441,1.38467,2.25,0.75
2014.09.04 21:59:49.927,1.38441,1.38461,0.75,0.75
2014.09.04 21:59:50.180,1.38441,1.38466,0.75,0.75
2014.09.04 21:59:50.282,1.38441,1.38468,0.75,0.75
2014.09.04 21:59:50.436,1.38444,1.38468,0.75,0.75
2014.09.04 21:59:51.371,1.38444,1.38467,0.75,0.75
2014.09.04 21:59:52.950,1.38444,1.38464,0.75,0.37
2014.09.04 21:59:53.052,1.38437,1.38464,0.75,1.12
2014.09.04 21:59:53.697,1.38437,1.38467,0.75,0.37
2014.09.04 21:59:54.096,1.38437,1.38461,0.75,0.75
2014.09.04 21:59:54.401,1.38445,1.3846,1.50,0.75
2014.09.04 21:59:54.604,1.38445,1.38472,0.75,1.50
2014.09.04 21:59:54.858,1.38442,1.3847,1.50,0.75
2014.09.04 21:59:55.011,1.38439,1.38469,3.00,0.75
2014.09.04 21:59:55.062,1.38444,1.38469,0.75,0.75
2014.09.04 21:59:55.366,1.38446,1.38471,0.75,0.75
2014.09.04 21:59:55.603,1.38446,1.38474,0.75,0.75
2014.09.04 21:59:57.864,1.38444,1.38474,0.75,0.75
