2009.04.16 02:00:00.632,1.8152,1.8167,1.60,1.00
2009.04.16 02:00:00.812,1.81515,1.8167,1.60,1.00
2009.04.16 02:00:02.582,1.81515,1.8166,1.60,4.20
2009.04.16 02:00:03.212,1.81515,1.8166,1.60,2.60
2009.04.16 02:00:04.062,1.8153,1.81665,1.60,2.40
2009.04.16 02:00:04.511,1.81515,1.8167,1.60,1.40
2009.04.16 02:00:04.852,1.81515,1.81655,2.00,1.40
2009.04.16 02:00:05.302,1.8152,1.81665,1.60,1.40
2009.04.16 02:00:05.881,1.8175,1.8193,1.60,1.00
2009.04.16 02:00:06.231,1.81715,1.8191,1.60,1.00
2009.04.16 02:00:06.581,1.817,1.81785,2.20,1.60
2009.04.16 02:00:06.871,1.8176,1.8181,1.20,1.20
2009.04.16 02:00:07.261,1.81705,1.8179,6.00,4.20
2009.04.16 02:00:07.551,1.81705,1.8178,5.40,1.00
2009.04.16 02:00:07.901,1.8175,1.81775,2.00,1.60
2009.04.16 02:00:08.181,1.81825,1.8183,1.60,8.90
2009.04.16 02:00:08.511,1.818,1.81895,3.00,1.00
2009.04.16 02:00:08.811,1.81815,1.81845,1.60,1.40
2009.04.16 02:00:09.151,1.8181,1.8182,1.60,1.40
2009.04.16 02:00:09.450,1.8177,1.8186,1.40,1.60
2009.04.16 02:00:09.801,1.8181,1.8184,2.00,1.60
2009.04.16 02:00:10.141,1.818,1.8186,1.60,1.80
2009.04.16 02:00:10.720,1.81805,1.81865,1.60,3.20
2009.04.16 02:00:11.110,1.81825,1.81855,1.20,1.00
2009.04.16 02:00:11.450,1.81845,1.81875,2.00,1.40
2009.04.16 02:00:11.970,1.81845,1.8186,2.60,1.40
2009.04.16 02:00:12.370,1.8184,1.81855,1.20,1.40
2009.04.16 02:00:12.770,1.81865,1.8188,1.40,1.40
2009.04.16 02:00:13.060,1.81865,1.8191,2.40,1.00
2009.04.16 02:00:13.360,1.81835,1.8191,2.80,1.00
2009.04.16 02:00:13.699,1.8183,1.81895,2.00,1.00
2009.04.16 02:00:14.000,1.81865,1.819,1.40,2.20
2009.04.16 02:00:14.390,1.8187,1.81925,1.20,1.40
2009.04.16 02:00:14.720,1.8186,1.81915,2.00,1.40
2009.04.16 02:00:15.299,1.8189,1.8193,2.00,1.40
2009.04.16 02:00:15.639,1.81875,1.81915,2.00,1.40
2009.04.16 02:00:16.139,1.8187,1.819,3.60,1.40
2009.04.16 02:00:16.539,1.8187,1.81915,1.20,1.40
2009.04.16 02:00:16.949,1.8187,1.8191,1.20,1.40
2009.04.16 02:00:17.119,1.81875,1.81965,1.20,1.40
2009.04.16 02:00:17.399,1.8186,1.8196,4.80,3.20
2009.04.16 02:00:17.878,1.8185,1.8192,2.20,1.00
2009.04.16 02:00:18.208,1.81845,1.8194,3.60,2.00
2009.04.16 02:00:18.508,1.8186,1.81925,2.00,4.00
2009.04.16 02:00:18.848,1.8186,1.81915,1.60,1.00
2009.04.16 02:00:19.188,1.81855,1.81895,1.60,1.00
2009.04.16 02:00:19.248,1.81855,1.81905,2.00,1.20
2009.04.16 02:00:19.808,1.81875,1.8194,1.20,1.00
2009.04.16 02:00:20.158,1.81875,1.8194,1.20,2.00
2009.04.16 02:00:20.498,1.81835,1.81885,1.60,1.00
2009.04.16 02:00:20.958,1.8183,1.8189,1.60,1.80
2009.04.16 02:00:21.428,1.81825,1.81915,2.00,2.40
2009.04.16 02:00:21.767,1.8185,1.81895,1.20,1.60
2009.04.16 02:00:22.058,1.81825,1.81885,3.20,1.00
2009.04.16 02:00:22.517,1.818,1.81885,1.60,2.60
2009.04.16 02:00:22.977,1.81795,1.8186,1.60,1.00
2009.04.16 02:00:23.437,1.818,1.8186,1.60,3.20
2009.04.16 02:00:23.788,1.81815,1.81835,1.60,1.00
2009.04.16 02:00:24.237,1.81825,1.81845,1.60,2.00
2009.04.16 02:00:24.587,1.81815,1.8187,2.00,1.60
2009.04.16 02:00:24.827,1.8182,1.8188,1.60,1.00
2009.04.16 02:00:25.347,1.81805,1.81865,1.60,1.80
2009.04.16 02:00:25.647,1.8175,1.81805,1.60,1.00
2009.04.16 02:00:25.986,1.8174,1.81815,1.60,1.00
2009.04.16 02:00:26.326,1.81745,1.81825,1.60,1.80
2009.04.16 02:00:27.486,1.8175,1.8183,1.60,2.40
2009.04.16 02:00:27.786,1.8177,1.8183,3.60,1.00
2009.04.16 02:00:28.546,1.81755,1.81835,1.60,2.60
2009.04.16 02:00:28.886,1.81765,1.8182,1.60,1.00
2009.04.16 02:00:29.166,1.817,1.81825,1.60,4.80
2009.04.16 02:00:29.506,1.817,1.81745,1.60,1.80
2009.04.16 02:00:29.796,1.817,1.8174,1.60,1.00
2009.04.16 02:00:30.425,1.81705,1.8174,1.60,1.00
2009.04.16 02:00:30.815,1.817,1.8176,1.60,1.60
2009.04.16 02:00:31.396,1.8171,1.8176,2.80,1.60
2009.04.16 02:00:31.735,1.8171,1.81805,2.00,1.80
2009.04.16 02:00:32.295,1.81705,1.81805,2.00,1.80
2009.04.16 02:00:32.815,1.8171,1.8177,2.80,1.40
2009.04.16 02:00:33.215,1.81695,1.81755,1.60,3.20
2009.04.16 02:00:33.505,1.8168,1.8174,1.60,1.00
2009.04.16 02:00:33.855,1.81625,1.81715,2.40,1.40
2009.04.16 02:00:34.184,1.816,1.81755,3.20,4.00
2009.04.16 02:00:34.744,1.81615,1.81745,1.60,1.60
2009.04.16 02:00:35.084,1.81665,1.8175,1.60,3.20
2009.04.16 02:00:35.424,1.81675,1.81725,1.60,1.00
2009.04.16 02:00:35.814,1.81655,1.81725,1.60,4.00
2009.04.16 02:00:36.164,1.81655,1.8179,1.60,1.00
2009.04.16 02:00:36.444,1.81655,1.81775,1.60,1.00
2009.04.16 02:00:36.954,1.8162,1.8173,3.20,1.00
2009.04.16 02:00:37.254,1.81605,1.81715,1.60,1.00
2009.04.16 02:00:37.604,1.8159,1.8172,1.60,1.00
2009.04.16 02:00:37.895,1.816,1.8172,1.60,1.00
2009.04.16 02:00:38.234,1.81625,1.8171,1.60,1.60
2009.04.16 02:00:38.533,1.816,1.81685,1.60,1.00
2009.04.16 02:00:38.873,1.81605,1.8169,1.60,1.20
2009.04.16 02:00:39.294,1.816,1.8168,1.60,1.60
2009.04.16 02:00:39.633,1.81625,1.8172,1.60,1.00
2009.04.16 02:00:40.323,1.81615,1.81735,2.00,1.40
2009.04.16 02:00:40.903,1.8162,1.8172,2.00,1.40
2009.04.16 02:00:41.283,1.8163,1.81705,2.00,1.40
2009.04.16 02:00:41.583,1.81635,1.81695,1.60,1.40
2009.04.16 02:00:42.173,1.81635,1.817,1.60,1.40
2009.04.16 02:00:42.472,1.8164,1.81685,2.00,1.40
2009.04.16 02:00:42.803,1.8165,1.81725,2.00,1.40
2009.04.16 02:00:43.142,1.8165,1.81745,2.00,1.40
2009.04.16 02:00:43.322,1.8166,1.81745,1.20,1.40
2009.04.16 02:00:43.942,1.81675,1.81735,2.00,1.40
2009.04.16 02:00:44.232,1.81675,1.81755,2.00,1.40
2009.04.16 02:00:44.742,1.8168,1.8175,3.60,1.40
2009.04.16 02:00:45.072,1.81685,1.81795,1.60,1.40
2009.04.16 02:00:45.362,1.81695,1.81805,2.80,1.40
2009.04.16 02:00:45.651,1.81695,1.8182,2.00,1.40
2009.04.16 02:00:45.992,1.817,1.8183,1.60,1.40
2009.04.16 02:00:46.701,1.81695,1.81825,2.00,1.40
2009.04.16 02:00:46.762,1.81695,1.818,2.00,1.40
2009.04.16 02:00:47.231,1.81695,1.818,3.60,1.40
2009.04.16 02:00:47.581,1.81705,1.81835,2.80,1.40
2009.04.16 02:00:48.111,1.8172,1.818,1.20,1.00
2009.04.16 02:00:48.801,1.81715,1.818,2.60,1.00
2009.04.16 02:00:49.151,1.81715,1.81855,1.60,1.60
2009.04.16 02:00:49.711,1.81715,1.81815,2.60,1.00
2009.04.16 02:00:50.241,1.8171,1.818,2.00,1.00
2009.04.16 02:00:50.581,1.81725,1.8181,2.00,1.00
2009.04.16 02:00:50.880,1.81705,1.81785,1.60,1.80
2009.04.16 02:00:51.280,1.817,1.81785,2.00,1.80
2009.04.16 02:00:51.810,1.8173,1.8182,2.00,1.60
2009.04.16 02:00:52.160,1.8174,1.8182,1.20,1.40
2009.04.16 02:00:52.510,1.8172,1.81805,1.60,1.00
2009.04.16 02:00:53.190,1.81725,1.81795,2.00,1.00
2009.04.16 02:00:53.640,1.81735,1.8183,1.40,1.80
2009.04.16 02:00:54.120,1.81755,1.81825,2.00,1.40
2009.04.16 02:00:54.360,1.81765,1.8185,2.00,1.40
2009.04.16 02:00:54.810,1.81765,1.8186,2.00,3.40
2009.04.16 02:00:55.270,1.81765,1.8179,2.00,1.00
2009.04.16 02:00:55.609,1.8171,1.8178,1.20,1.00
2009.04.16 02:00:55.959,1.8171,1.81805,1.20,1.40
2009.04.16 02:00:56.309,1.8176,1.818,2.40,2.60
2009.04.16 02:00:56.779,1.8175,1.8182,2.40,1.60
2009.04.16 02:00:57.069,1.81765,1.81835,1.20,4.20
2009.04.16 02:00:57.459,1.81785,1.8185,1.20,2.60
2009.04.16 02:00:57.819,1.81785,1.8182,1.20,1.40
2009.04.16 02:00:58.338,1.81805,1.81855,1.40,1.40
2009.04.16 02:00:58.799,1.81785,1.81855,2.00,1.00
2009.04.16 02:00:59.938,1.8177,1.8181,1.60,1.00
2009.04.16 02:01:00.648,1.8171,1.8181,2.00,1.00
2009.04.16 02:01:01.318,1.81725,1.81815,2.00,3.20
2009.04.16 02:01:01.778,1.8175,1.8182,2.00,1.00
2009.04.16 02:01:02.228,1.8182,1.81825,1.40,1.50
2009.04.16 02:01:02.687,1.81855,1.8196,2.80,1.40
2009.04.16 02:01:02.857,1.81855,1.8195,2.80,1.60
2009.04.16 02:01:03.137,1.81855,1.8198,2.80,1.60
2009.04.16 02:01:03.537,1.81895,1.82005,1.20,3.40
2009.04.16 02:01:03.927,1.81905,1.8199,1.20,4.20
2009.04.16 02:01:04.277,1.81895,1.8199,2.80,1.80
2009.04.16 02:01:05.037,1.81905,1.8199,1.20,2.60
2009.04.16 02:01:05.507,1.81895,1.8197,2.00,1.00
2009.04.16 02:01:05.797,1.81895,1.81965,2.00,1.00
2009.04.16 02:01:07.716,1.819,1.8197,2.00,1.80
2009.04.16 02:01:08.156,1.81885,1.8196,2.00,1.80
2009.04.16 02:01:09.046,1.8188,1.8195,2.00,1.80
2009.04.16 02:01:10.895,1.8188,1.8195,2.00,1.00
2009.04.16 02:01:15.834,1.81775,1.8186,1.20,1.00
2009.04.16 02:01:16.124,1.8178,1.81895,1.60,1.60
2009.04.16 02:01:16.594,1.8178,1.8194,1.60,1.40
2009.04.16 02:01:17.624,1.81765,1.81865,2.00,1.00
2009.04.16 02:01:17.914,1.8176,1.8186,3.60,1.00
2009.04.16 02:01:18.094,1.81755,1.8186,2.00,1.00
2009.04.16 02:01:19.344,1.81755,1.8185,2.00,1.00
2009.04.16 02:01:19.583,1.8176,1.8186,2.00,2.40
2009.04.16 02:01:19.934,1.8177,1.8193,1.60,1.40
2009.04.16 02:01:20.643,1.8176,1.81915,1.60,1.40
2009.04.16 02:01:21.393,1.8182,1.8192,2.00,1.00
2009.04.16 02:01:21.863,1.8181,1.81915,2.00,1.00
2009.04.16 02:01:22.843,1.8183,1.81905,2.00,1.00
2009.04.16 02:01:23.073,1.8183,1.81905,2.00,1.80
2009.04.16 02:01:23.473,1.81845,1.81905,2.00,1.00
2009.04.16 02:01:23.822,1.8183,1.81905,2.00,1.80
2009.04.16 02:01:24.742,1.8183,1.81905,2.00,2.60
2009.04.16 02:01:25.152,1.81795,1.8189,1.60,1.40
2009.04.16 02:01:25.442,1.8173,1.8189,1.60,1.40
2009.04.16 02:01:26.422,1.8181,1.81885,1.20,1.40
2009.04.16 02:01:26.602,1.81805,1.8187,1.60,1.40
2009.04.16 02:01:27.072,1.81715,1.81875,1.60,2.60
2009.04.16 02:01:27.492,1.81715,1.8185,1.60,3.20
2009.04.16 02:01:27.721,1.81725,1.8184,1.20,1.00
2009.04.16 02:01:29.911,1.81755,1.8184,2.00,1.00
2009.04.16 02:01:30.651,1.8177,1.81855,2.00,1.80
2009.04.16 02:01:32.110,1.8178,1.81855,2.00,1.00
2009.04.16 02:01:32.350,1.8178,1.81855,2.00,1.80
2009.04.16 02:01:32.830,1.81765,1.8184,2.00,1.80
2009.04.16 02:01:34.560,1.8177,1.8185,2.00,1.80
2009.04.16 02:01:36.509,1.8177,1.8183,2.00,3.20
2009.04.16 02:01:36.729,1.8177,1.81815,2.00,1.00
2009.04.16 02:01:37.129,1.8176,1.81835,2.00,1.00
2009.04.16 02:01:38.039,1.81775,1.8183,2.00,3.20
2009.04.16 02:01:38.339,1.8177,1.8182,2.00,1.00
2009.04.16 02:01:38.459,1.8176,1.8182,2.00,1.00
2009.04.16 02:01:38.769,1.8176,1.8184,2.00,1.80
2009.04.16 02:01:39.109,1.8177,1.81835,2.00,1.00
2009.04.16 02:01:39.888,1.81765,1.8184,2.00,1.80
2009.04.16 02:01:40.838,1.81775,1.8184,2.00,1.00
2009.04.16 02:01:41.228,1.81775,1.8185,2.00,1.00
2009.04.16 02:01:42.108,1.81785,1.8186,2.00,1.80
2009.04.16 02:01:43.128,1.81775,1.8185,2.00,1.00
2009.04.16 02:01:44.038,1.8179,1.81865,2.00,1.80
2009.04.16 02:01:44.497,1.8179,1.81865,2.00,1.00
2009.04.16 02:01:44.787,1.818,1.81875,2.00,1.80
2009.04.16 02:01:45.008,1.8179,1.8186,2.00,1.80
2009.04.16 02:01:45.477,1.81775,1.8185,3.60,1.80
2009.04.16 02:01:45.987,1.81775,1.8185,2.00,1.80
2009.04.16 02:01:46.627,1.81785,1.81865,2.00,1.80
2009.04.16 02:01:47.077,1.81805,1.81865,1.20,1.00
2009.04.16 02:01:47.517,1.81805,1.8186,1.60,1.80
2009.04.16 02:01:47.756,1.81795,1.81875,2.00,1.80
2009.04.16 02:01:47.807,1.81795,1.81875,2.00,1.00
2009.04.16 02:01:50.136,1.81715,1.8187,1.60,2.60
2009.04.16 02:01:50.366,1.8178,1.8185,1.40,1.40
2009.04.16 02:01:50.606,1.818,1.81885,2.00,1.60
2009.04.16 02:01:50.836,1.8176,1.8188,2.40,1.00
2009.04.16 02:01:51.306,1.81695,1.8186,1.60,1.40
2009.04.16 02:01:51.946,1.81745,1.8185,1.40,1.40
2009.04.16 02:01:52.126,1.81755,1.8185,1.20,1.40
2009.04.16 02:01:52.475,1.8175,1.81855,4.40,1.00
2009.04.16 02:01:52.655,1.81765,1.8186,1.20,1.00
2009.04.16 02:01:53.395,1.81765,1.81835,3.60,1.00
2009.04.16 02:01:53.555,1.81765,1.8183,1.60,1.00
2009.04.16 02:01:54.015,1.8175,1.8183,2.00,1.00
2009.04.16 02:01:57.384,1.81735,1.8181,2.00,1.80
2009.04.16 02:01:58.344,1.81735,1.8181,2.00,1.00
2009.04.16 02:01:58.794,1.8174,1.81815,2.00,1.00
2009.04.16 02:01:59.204,1.8175,1.81825,2.00,1.80
2009.04.16 02:02:00.804,1.81745,1.8184,2.80,3.40
2009.04.16 02:02:01.443,1.81745,1.8184,2.80,1.80
2009.04.16 02:02:01.683,1.81745,1.81825,2.80,1.00
2009.04.16 02:02:01.913,1.81745,1.81825,2.00,1.80
2009.04.16 02:02:02.593,1.81755,1.8183,2.00,1.80
2009.04.16 02:02:04.263,1.81755,1.8183,2.00,2.60
2009.04.16 02:02:04.773,1.8175,1.81825,2.80,1.00
2009.04.16 02:02:05.352,1.8176,1.8183,2.00,1.00
2009.04.16 02:02:06.262,1.81765,1.8184,2.00,1.00
2009.04.16 02:02:06.602,1.81765,1.8184,2.00,2.60
2009.04.16 02:02:07.062,1.81755,1.81825,2.00,1.80
2009.04.16 02:02:07.392,1.81755,1.81825,2.80,1.00
2009.04.16 02:02:07.832,1.81755,1.81825,2.00,1.00
2009.04.16 02:02:08.191,1.81755,1.81825,2.00,1.80
2009.04.16 02:02:08.922,1.81765,1.81835,2.00,1.00
2009.04.16 02:02:09.851,1.8177,1.81845,2.00,1.80
2009.04.16 02:02:10.731,1.8177,1.81845,2.80,1.00
2009.04.16 02:02:14.241,1.81755,1.81855,2.80,1.00
2009.04.16 02:02:14.600,1.8175,1.81855,6.00,1.80
2009.04.16 02:02:14.990,1.8176,1.81855,2.80,1.80
2009.04.16 02:02:15.870,1.8177,1.81855,2.00,1.00
2009.04.16 02:02:16.240,1.8177,1.81855,1.20,1.80
2009.04.16 02:02:16.712,1.8176,1.81855,4.40,1.80
2009.04.16 02:02:17.359,1.81755,1.8184,2.00,1.00
2009.04.16 02:02:17.939,1.8175,1.8184,2.80,1.00
2009.04.16 02:02:18.349,1.8175,1.8186,2.00,1.60
2009.04.16 02:02:18.689,1.8177,1.81855,1.20,2.40
2009.04.16 02:02:18.909,1.8177,1.81855,1.20,1.00
2009.04.16 02:02:20.479,1.81775,1.81865,1.20,1.80
2009.04.16 02:02:21.229,1.81775,1.81865,1.20,5.00
2009.04.16 02:02:21.399,1.8176,1.8185,1.20,1.80
2009.04.16 02:02:21.848,1.8176,1.8184,1.20,1.00
2009.04.16 02:02:23.478,1.8176,1.8183,1.20,2.60
2009.04.16 02:02:23.648,1.8175,1.81825,2.00,1.80
2009.04.16 02:02:25.447,1.8176,1.81825,2.00,1.00
2009.04.16 02:02:25.747,1.8175,1.81825,2.00,1.80
2009.04.16 02:02:27.137,1.81765,1.8184,2.00,1.80
2009.04.16 02:02:31.216,1.81775,1.81845,2.00,1.00
2009.04.16 02:02:31.656,1.81775,1.8183,1.60,1.00
2009.04.16 02:02:31.836,1.81755,1.8183,2.00,1.40
2009.04.16 02:02:32.126,1.81755,1.8184,2.00,1.00
2009.04.16 02:02:32.306,1.81745,1.81825,4.40,1.00
2009.04.16 02:02:32.586,1.81745,1.81825,2.80,1.00
2009.04.16 02:02:33.396,1.8176,1.81815,1.20,1.00
2009.04.16 02:02:33.796,1.81745,1.81805,1.00,1.00
2009.04.16 02:02:34.135,1.81755,1.81825,1.40,1.00
2009.04.16 02:02:34.485,1.81755,1.81835,2.00,1.00
2009.04.16 02:02:35.325,1.81765,1.81835,2.00,1.00
2009.04.16 02:02:35.905,1.8175,1.81825,2.00,1.00
2009.04.16 02:02:36.135,1.8174,1.8182,2.00,1.00
2009.04.16 02:02:36.805,1.81725,1.81805,4.40,1.00
2009.04.16 02:02:36.984,1.81725,1.81805,2.80,1.00
2009.04.16 02:02:37.504,1.81715,1.81795,2.00,1.00
2009.04.16 02:02:38.274,1.81725,1.81795,2.00,1.00
2009.04.16 02:02:38.564,1.81725,1.81795,2.80,1.00
2009.04.16 02:02:39.124,1.81725,1.8181,2.80,1.00
2009.04.16 02:02:40.024,1.81725,1.81795,2.80,1.00
2009.04.16 02:02:40.414,1.81725,1.8181,2.80,1.00
2009.04.16 02:02:40.774,1.81725,1.81795,2.80,1.00
2009.04.16 02:02:41.334,1.81725,1.8181,2.80,1.00
2009.04.16 02:02:42.523,1.81725,1.8179,1.00,1.00
2009.04.16 02:02:43.153,1.81725,1.81795,2.00,1.00
2009.04.16 02:02:43.713,1.81725,1.8179,2.40,1.00
2009.04.16 02:02:44.053,1.81715,1.8179,2.80,1.00
2009.04.16 02:02:45.143,1.8172,1.81785,2.20,1.00
2009.04.16 02:02:45.313,1.8171,1.81785,3.00,1.00
2009.04.16 02:02:45.713,1.8171,1.81795,1.20,1.80
2009.04.16 02:02:45.882,1.8173,1.81795,1.20,1.00
2009.04.16 02:02:46.342,1.81735,1.8177,1.60,3.20
2009.04.16 02:02:46.642,1.817,1.81755,1.60,1.00
2009.04.16 02:02:47.362,1.8163,1.81715,1.60,3.20
2009.04.16 02:02:47.812,1.8159,1.81705,1.20,4.20
2009.04.16 02:02:48.322,1.8159,1.81705,1.20,1.00
2009.04.16 02:02:48.722,1.8156,1.81705,1.60,1.60
2009.04.16 02:02:48.952,1.81615,1.81695,2.00,1.40
2009.04.16 02:02:49.402,1.81615,1.8171,2.00,2.60
2009.04.16 02:02:49.582,1.81615,1.81705,2.00,3.20
2009.04.16 02:02:49.862,1.81595,1.8169,3.80,1.00
2009.04.16 02:02:50.101,1.8161,1.8166,3.80,1.00
2009.04.16 02:02:50.571,1.81605,1.8166,1.60,1.00
2009.04.16 02:02:51.161,1.8157,1.8166,2.40,1.80
2009.04.16 02:02:51.671,1.8158,1.8166,2.00,1.00
2009.04.16 02:02:52.021,1.81565,1.8165,2.80,1.00
2009.04.16 02:02:52.301,1.8159,1.8167,2.80,2.00
2009.04.16 02:02:52.771,1.8157,1.8165,2.40,1.00
2009.04.16 02:02:52.951,1.81565,1.8165,2.80,1.00
2009.04.16 02:02:54.030,1.8158,1.8165,2.40,1.00
2009.04.16 02:02:54.200,1.8159,1.8165,1.20,1.00
2009.04.16 02:02:54.261,1.8159,1.8166,2.00,2.60
2009.04.16 02:02:54.320,1.8159,1.8166,2.00,1.00
2009.04.16 02:02:54.780,1.8158,1.81655,4.40,1.00
2009.04.16 02:02:54.940,1.8158,1.81655,4.40,2.60
2009.04.16 02:02:55.220,1.8157,1.81635,4.20,1.00
2009.04.16 02:02:55.720,1.8157,1.81635,2.80,1.00
2009.04.16 02:02:58.119,1.8152,1.81595,1.20,2.60
2009.04.16 02:02:58.350,1.8152,1.8158,1.20,2.60
2009.04.16 02:02:58.699,1.8152,1.81575,1.20,1.00
2009.04.16 02:03:00.419,1.8154,1.8158,1.20,1.00
2009.04.16 02:03:00.709,1.81545,1.8158,1.40,1.00
2009.04.16 02:03:01.179,1.8156,1.8159,1.20,1.00
2009.04.16 02:03:01.988,1.8155,1.8159,1.20,1.00
2009.04.16 02:03:02.509,1.8156,1.81595,1.20,1.00
2009.04.16 02:03:02.958,1.81565,1.81595,1.20,1.00
2009.04.16 02:03:03.358,1.8155,1.81605,2.40,1.00
2009.04.16 02:03:03.708,1.8157,1.8161,1.20,1.00
2009.04.16 02:03:06.008,1.8157,1.8161,2.40,1.00
2009.04.16 02:03:06.608,1.81585,1.81615,1.20,1.00
2009.04.16 02:03:08.717,1.81595,1.81615,1.40,1.00
2009.04.16 02:03:08.897,1.8161,1.81655,1.20,1.60
2009.04.16 02:03:09.067,1.8161,1.8168,1.20,2.80
2009.04.16 02:03:09.827,1.81605,1.8167,1.20,1.20
2009.04.16 02:03:10.396,1.816,1.8166,1.20,1.20
2009.04.16 02:03:10.846,1.81605,1.8166,1.40,1.20
2009.04.16 02:03:11.026,1.81615,1.8166,1.20,1.20
2009.04.16 02:03:11.926,1.8162,1.8168,1.20,1.60
2009.04.16 02:03:12.336,1.81625,1.8168,1.20,1.60
2009.04.16 02:03:12.496,1.81625,1.8169,1.20,1.60
2009.04.16 02:03:12.966,1.81625,1.81695,1.20,1.00
2009.04.16 02:03:13.386,1.81625,1.817,1.20,2.40
2009.04.16 02:03:13.896,1.81625,1.817,1.20,1.40
2009.04.16 02:03:15.255,1.8163,1.8176,1.60,1.60
2009.04.16 02:03:15.585,1.8163,1.8177,1.60,1.60
2009.04.16 02:03:19.414,1.81645,1.81735,1.20,8.80
2009.04.16 02:03:19.874,1.81635,1.8172,1.20,1.00
2009.04.16 02:03:20.154,1.81635,1.81715,1.20,1.20
2009.04.16 02:03:21.494,1.8165,1.8173,1.20,1.00
2009.04.16 02:03:23.223,1.81645,1.81705,1.20,1.00
2009.04.16 02:03:23.733,1.8164,1.81705,1.20,1.00
2009.04.16 02:03:24.243,1.81655,1.8171,1.20,1.00
2009.04.16 02:03:25.753,1.81655,1.81705,1.20,1.00
2009.04.16 02:03:26.263,1.81655,1.8171,1.20,1.00
2009.04.16 02:03:29.732,1.8165,1.817,1.20,1.00
2009.04.16 02:03:30.012,1.8165,1.81705,1.20,1.00
2009.04.16 02:03:30.422,1.81645,1.81705,1.20,1.00
2009.04.16 02:03:30.602,1.81635,1.81695,2.40,1.00
2009.04.16 02:03:31.061,1.8164,1.8168,2.20,1.00
2009.04.16 02:03:31.332,1.8164,1.8169,2.20,1.00
2009.04.16 02:03:31.662,1.8163,1.8169,1.20,1.00
2009.04.16 02:03:32.581,1.81625,1.8168,1.00,1.00
2009.04.16 02:03:33.511,1.8157,1.81645,1.60,1.00
2009.04.16 02:03:33.911,1.8157,1.8168,1.20,1.00
2009.04.16 02:03:34.881,1.8159,1.81665,1.20,1.00
2009.04.16 02:03:36.160,1.8158,1.8168,1.00,1.60
2009.04.16 02:03:36.551,1.8161,1.8168,1.20,1.60
2009.04.16 02:03:36.660,1.8161,1.81725,1.20,3.40
2009.04.16 02:03:36.890,1.8161,1.81725,1.20,1.80
2009.04.16 02:03:37.690,1.81625,1.8172,1.20,1.00
2009.04.16 02:03:38.200,1.8163,1.8172,1.20,4.00
2009.04.16 02:03:38.610,1.81615,1.81735,2.80,2.60
2009.04.16 02:03:38.720,1.8163,1.8174,1.60,1.60
2009.04.16 02:03:39.010,1.8163,1.8173,1.60,3.20
2009.04.16 02:03:39.359,1.81645,1.81715,1.60,1.00
2009.04.16 02:03:39.540,1.8162,1.81715,1.20,1.00
2009.04.16 02:03:41.909,1.8162,1.817,2.20,1.00
2009.04.16 02:03:42.139,1.8161,1.817,6.20,1.00
2009.04.16 02:03:42.529,1.81625,1.81705,1.20,1.00
2009.04.16 02:03:44.888,1.81615,1.817,1.20,1.00
2009.04.16 02:03:46.957,1.81605,1.8172,4.60,1.00
2009.04.16 02:03:47.068,1.8162,1.81725,1.60,1.60
2009.04.16 02:03:47.357,1.8162,1.8174,1.60,1.60
2009.04.16 02:03:47.828,1.81635,1.818,1.60,1.80
2009.04.16 02:03:50.097,1.81665,1.8181,1.60,1.40
2009.04.16 02:03:52.156,1.81665,1.81755,1.60,1.00
2009.04.16 02:03:52.546,1.81655,1.81755,2.80,1.00
2009.04.16 02:03:52.826,1.81665,1.8177,2.00,4.00
2009.04.16 02:03:53.056,1.81665,1.81765,2.00,1.00
2009.04.16 02:03:53.226,1.81665,1.8174,2.00,1.00
2009.04.16 02:03:53.456,1.81665,1.8174,1.00,1.00
2009.04.16 02:03:53.626,1.8166,1.8175,2.80,1.00
2009.04.16 02:03:54.206,1.81675,1.81765,1.60,1.60
2009.04.16 02:03:54.546,1.81665,1.8176,3.20,3.20
2009.04.16 02:03:54.896,1.8165,1.8175,2.80,1.00
2009.04.16 02:03:55.626,1.81655,1.81745,1.60,1.00
2009.04.16 02:03:55.975,1.81655,1.8176,1.60,1.60
2009.04.16 02:03:56.365,1.81655,1.8176,4.40,1.60
2009.04.16 02:03:56.815,1.81675,1.81835,1.60,1.40
2009.04.16 02:03:58.135,1.81675,1.8182,1.60,3.00
2009.04.16 02:03:58.485,1.81665,1.81805,1.60,1.00
2009.04.16 02:03:58.935,1.8166,1.81805,1.60,1.00
2009.04.16 02:03:59.455,1.8166,1.81795,1.60,1.00
2009.04.16 02:03:59.965,1.81655,1.81785,1.60,1.00
2009.04.16 02:04:00.594,1.8168,1.8179,1.40,1.60
2009.04.16 02:04:01.174,1.81695,1.8179,1.20,1.00
2009.04.16 02:04:01.754,1.81715,1.818,1.20,1.60
2009.04.16 02:04:02.454,1.817,1.81775,1.60,1.00
2009.04.16 02:04:02.694,1.817,1.81775,1.60,2.60
2009.04.16 02:04:02.864,1.8169,1.81765,3.00,1.00
2009.04.16 02:04:03.224,1.81685,1.81775,2.00,1.80
2009.04.16 02:04:03.634,1.81695,1.8177,2.00,1.00
2009.04.16 02:04:04.703,1.81715,1.8179,1.20,1.60
2009.04.16 02:04:05.393,1.81715,1.818,1.20,1.00
2009.04.16 02:04:05.623,1.817,1.81835,3.60,1.60
2009.04.16 02:04:06.143,1.817,1.8184,5.20,1.00
2009.04.16 02:04:06.423,1.817,1.8184,3.60,1.00
2009.04.16 02:04:06.943,1.81715,1.8183,2.00,1.00
2009.04.16 02:04:08.092,1.8172,1.81815,1.20,1.80
2009.04.16 02:04:08.742,1.8177,1.81825,2.00,2.40
2009.04.16 02:04:09.273,1.8177,1.81815,2.00,1.20
2009.04.16 02:04:09.772,1.81785,1.8186,2.00,1.00
2009.04.16 02:04:11.592,1.8177,1.8183,2.00,3.20
2009.04.16 02:04:11.992,1.8177,1.81815,1.60,1.00
2009.04.16 02:04:12.162,1.81755,1.81815,1.60,1.00
2009.04.16 02:04:12.571,1.81745,1.81815,1.60,1.00
2009.04.16 02:04:12.792,1.81735,1.81815,1.20,3.20
2009.04.16 02:04:13.021,1.8172,1.81805,1.20,1.80
2009.04.16 02:04:15.561,1.8172,1.81805,2.40,1.80
2009.04.16 02:04:15.791,1.81735,1.81805,2.00,1.00
2009.04.16 02:04:16.481,1.81725,1.81805,2.00,1.00
2009.04.16 02:04:16.940,1.81725,1.8179,1.20,1.00
2009.04.16 02:04:17.390,1.8171,1.8179,2.80,1.00
2009.04.16 02:04:18.520,1.81695,1.8178,4.40,1.00
2009.04.16 02:04:18.870,1.8171,1.8178,1.20,1.00
2009.04.16 02:04:19.510,1.81695,1.8177,2.00,1.00
2009.04.16 02:04:19.690,1.81675,1.8175,5.00,1.00
2009.04.16 02:04:19.920,1.81675,1.8175,3.60,1.00
2009.04.16 02:04:20.450,1.81675,1.8175,2.00,1.00
2009.04.16 02:04:21.729,1.81675,1.8175,3.40,1.00
2009.04.16 02:04:21.959,1.81685,1.8176,2.80,1.00
2009.04.16 02:04:23.069,1.81685,1.8176,2.00,1.00
2009.04.16 02:04:23.689,1.817,1.8178,1.60,1.60
2009.04.16 02:04:23.979,1.8171,1.818,1.60,1.80
2009.04.16 02:04:24.099,1.81695,1.818,2.80,1.80
2009.04.16 02:04:25.888,1.81705,1.8178,2.00,1.00
2009.04.16 02:04:26.058,1.817,1.81795,4.40,5.00
2009.04.16 02:04:26.338,1.81685,1.81755,1.60,1.00
2009.04.16 02:04:26.858,1.81705,1.81775,2.80,1.40
2009.04.16 02:04:27.318,1.81705,1.8178,2.80,1.60
2009.04.16 02:04:27.658,1.81705,1.8181,2.80,1.80
2009.04.16 02:04:28.008,1.81725,1.8181,2.00,1.00
2009.04.16 02:04:28.418,1.81725,1.8183,2.80,3.40
2009.04.16 02:04:28.877,1.81725,1.8182,2.80,1.80
2009.04.16 02:04:29.108,1.81725,1.8181,1.20,1.00
2009.04.16 02:04:29.168,1.81725,1.81785,2.40,3.20
2009.04.16 02:04:29.827,1.81705,1.8176,1.60,1.00
2009.04.16 02:04:30.117,1.81715,1.81785,1.20,3.20
2009.04.16 02:04:30.417,1.81725,1.8178,1.20,1.60
2009.04.16 02:04:30.837,1.81725,1.81825,1.20,1.00
2009.04.16 02:04:31.187,1.81725,1.8182,1.20,1.00
2009.04.16 02:04:31.867,1.8172,1.8179,2.00,1.00
2009.04.16 02:04:34.366,1.8175,1.81795,2.00,1.00
2009.04.16 02:04:34.806,1.81745,1.81795,2.00,1.00
2009.04.16 02:04:35.086,1.81745,1.8181,2.00,3.20
2009.04.16 02:04:35.326,1.81745,1.8182,2.00,1.80
2009.04.16 02:04:36.655,1.8174,1.8181,2.00,1.00
2009.04.16 02:04:36.876,1.8173,1.81805,2.80,1.00
2009.04.16 02:04:37.105,1.8173,1.81805,2.00,1.00
2009.04.16 02:04:37.505,1.8172,1.8179,2.80,3.20
2009.04.16 02:04:40.105,1.81725,1.818,2.00,1.80
2009.04.16 02:04:40.654,1.81715,1.8179,2.00,1.00
2009.04.16 02:04:41.455,1.8173,1.81805,2.00,1.80
2009.04.16 02:04:41.915,1.8172,1.818,2.00,1.80
2009.04.16 02:04:43.814,1.81755,1.818,2.00,1.00
2009.04.16 02:04:44.453,1.8174,1.8182,2.00,1.00
2009.04.16 02:04:45.804,1.81725,1.818,2.00,1.80
2009.04.16 02:04:50.462,1.81695,1.8177,2.00,1.00
2009.04.16 02:04:50.972,1.817,1.8177,2.00,1.00
2009.04.16 02:04:51.152,1.817,1.81775,2.00,1.00
2009.04.16 02:04:52.882,1.817,1.8177,2.00,1.00
2009.04.16 02:04:53.222,1.81695,1.8177,3.60,1.00
2009.04.16 02:04:53.332,1.81695,1.8177,2.00,1.00
2009.04.16 02:04:58.341,1.81705,1.81775,2.00,1.00
2009.04.16 02:05:00.380,1.81705,1.8178,2.00,1.00
2009.04.16 02:05:00.780,1.81705,1.818,2.00,1.20
2009.04.16 02:05:01.290,1.8171,1.81775,3.60,1.40
2009.04.16 02:05:01.580,1.8171,1.81775,1.60,2.60
2009.04.16 02:05:02.109,1.81695,1.81775,2.00,2.60
2009.04.16 02:05:03.869,1.8171,1.81765,1.20,1.00
2009.04.16 02:05:03.919,1.8171,1.81775,1.20,1.00
2009.04.16 02:05:05.708,1.81715,1.81775,2.40,1.00
2009.04.16 02:05:05.819,1.81715,1.8177,1.20,1.00
2009.04.16 02:05:07.958,1.81715,1.8176,1.20,1.00
2009.04.16 02:05:08.298,1.81675,1.8176,3.60,2.60
2009.04.16 02:05:10.287,1.81685,1.8176,2.80,2.60
2009.04.16 02:05:10.497,1.8168,1.81755,2.80,2.60
2009.04.16 02:05:12.097,1.8169,1.8176,2.80,2.60
2009.04.16 02:05:14.016,1.81705,1.8176,2.00,1.00
2009.04.16 02:05:14.646,1.8172,1.8177,2.00,3.20
2009.04.16 02:05:14.766,1.8172,1.8177,2.00,1.00
2009.04.16 02:05:14.936,1.81735,1.8177,1.40,1.00
2009.04.16 02:05:15.286,1.81745,1.8183,2.80,1.40
2009.04.16 02:05:17.915,1.81745,1.8179,2.80,3.20
2009.04.16 02:05:18.036,1.8175,1.8179,1.20,3.20
2009.04.16 02:05:18.316,1.8173,1.8178,1.60,1.00
2009.04.16 02:05:18.375,1.8172,1.81775,3.60,1.00
2009.04.16 02:05:18.646,1.8172,1.81775,2.00,1.00
2009.04.16 02:05:20.245,1.8172,1.818,2.00,1.00
2009.04.16 02:05:20.595,1.8173,1.8181,3.60,1.40
2009.04.16 02:05:20.895,1.81745,1.81865,1.60,1.00
2009.04.16 02:05:22.275,1.81745,1.81855,1.60,1.00
2009.04.16 02:05:22.794,1.81745,1.81785,1.60,1.00
2009.04.16 02:05:22.904,1.81725,1.81785,3.60,1.00
2009.04.16 02:05:23.374,1.81725,1.81785,2.00,1.00
2009.04.16 02:05:24.524,1.81725,1.8177,2.00,1.00
2009.04.16 02:05:24.984,1.8173,1.8177,2.00,1.00
2009.04.16 02:05:25.094,1.8173,1.8178,2.00,1.00
2009.04.16 02:05:26.004,1.81745,1.818,1.20,1.00
2009.04.16 02:05:28.563,1.8175,1.8181,1.20,1.00
2009.04.16 02:05:29.483,1.81755,1.8181,1.20,1.00
2009.04.16 02:05:30.692,1.8174,1.818,2.40,1.00
2009.04.16 02:05:30.972,1.81745,1.818,1.20,1.00
2009.04.16 02:05:31.433,1.81755,1.81815,1.20,2.60
2009.04.16 02:05:33.622,1.81755,1.81815,1.20,1.40
2009.04.16 02:05:33.902,1.8176,1.81835,2.00,1.60
2009.04.16 02:05:34.202,1.8176,1.81835,2.00,1.00
2009.04.16 02:05:35.121,1.8176,1.8185,2.80,1.00
2009.04.16 02:05:35.291,1.81765,1.8185,1.20,1.00
2009.04.16 02:05:35.821,1.8178,1.8186,1.20,1.80
2009.04.16 02:05:37.171,1.8178,1.81865,2.00,1.80
2009.04.16 02:05:39.320,1.81785,1.81865,2.80,3.20
2009.04.16 02:05:39.431,1.81785,1.81855,2.00,1.00
2009.04.16 02:05:39.730,1.81785,1.8186,2.00,1.80
2009.04.16 02:05:40.141,1.818,1.8188,2.40,2.40
2009.04.16 02:05:40.370,1.81805,1.81885,1.20,1.60
2009.04.16 02:05:40.780,1.8181,1.81895,2.00,3.20
2009.04.16 02:05:41.230,1.81795,1.8189,4.40,1.80
2009.04.16 02:05:41.530,1.8179,1.81865,1.60,1.00
2009.04.16 02:05:41.880,1.8178,1.81865,1.60,1.00
2009.04.16 02:05:42.110,1.81775,1.81865,1.00,1.00
2009.04.16 02:05:42.680,1.8177,1.81865,3.60,5.00
2009.04.16 02:05:42.950,1.8178,1.81865,3.00,1.80
2009.04.16 02:05:44.719,1.8178,1.8186,3.00,3.20
2009.04.16 02:05:44.999,1.8178,1.81845,3.00,1.00
2009.04.16 02:05:45.119,1.81765,1.8184,1.60,1.00
2009.04.16 02:05:45.399,1.8176,1.8184,5.60,1.00
2009.04.16 02:05:45.799,1.8176,1.8184,4.00,1.00
2009.04.16 02:05:46.099,1.8176,1.81825,3.00,1.00
2009.04.16 02:05:50.108,1.8176,1.81815,3.00,1.00
2009.04.16 02:05:50.558,1.8177,1.81855,2.00,3.20
2009.04.16 02:05:50.778,1.8177,1.8186,2.80,1.00
2009.04.16 02:05:51.057,1.8178,1.81865,2.00,2.60
2009.04.16 02:05:51.338,1.8178,1.81865,2.00,1.00
2009.04.16 02:05:51.867,1.81785,1.81865,2.00,2.60
2009.04.16 02:05:52.557,1.81785,1.81865,2.00,1.80
2009.04.16 02:05:53.417,1.81785,1.8185,2.00,1.00
2009.04.16 02:05:53.537,1.8178,1.8184,1.60,1.00
2009.04.16 02:05:53.707,1.8177,1.8184,2.40,1.00
2009.04.16 02:05:53.767,1.8177,1.8184,1.20,1.00
2009.04.16 02:05:54.757,1.81775,1.8184,1.20,1.00
2009.04.16 02:05:54.987,1.8177,1.81845,2.80,1.00
2009.04.16 02:05:57.996,1.8178,1.81845,1.20,1.00
2009.04.16 02:05:58.296,1.81775,1.81855,2.80,1.00
2009.04.16 02:05:58.406,1.8179,1.81865,1.20,1.00
2009.04.16 02:05:58.866,1.81795,1.8188,1.20,2.80
2009.04.16 02:05:59.256,1.81805,1.8188,1.40,1.80
2009.04.16 02:05:59.586,1.8181,1.81885,2.80,1.60
2009.04.16 02:05:59.756,1.8181,1.8188,2.40,1.00
2009.04.16 02:06:00.315,1.8181,1.8188,1.20,1.00
2009.04.16 02:06:00.595,1.81815,1.81885,2.40,1.00
2009.04.16 02:06:01.105,1.81835,1.819,1.20,1.60
2009.04.16 02:06:01.396,1.81835,1.81915,1.20,1.60
2009.04.16 02:06:01.855,1.81835,1.8192,1.20,1.00
2009.04.16 02:06:02.145,1.8182,1.8193,1.40,4.20
2009.04.16 02:06:02.385,1.8182,1.81915,2.40,1.00
2009.04.16 02:06:03.085,1.8182,1.81915,1.20,1.00
2009.04.16 02:06:03.495,1.8181,1.81915,1.40,3.20
2009.04.16 02:06:03.675,1.8182,1.819,1.20,1.00
2009.04.16 02:06:04.024,1.81835,1.81895,1.20,3.20
2009.04.16 02:06:04.444,1.8182,1.8189,2.00,1.00
2009.04.16 02:06:04.804,1.8181,1.8188,1.20,1.00
2009.04.16 02:06:05.215,1.818,1.8188,2.00,1.80
2009.04.16 02:06:10.233,1.8177,1.8185,1.20,1.80
2009.04.16 02:06:10.633,1.8176,1.8185,2.00,1.80
2009.04.16 02:06:15.212,1.8176,1.8185,2.00,1.80
2009.04.16 02:06:15.882,1.8175,1.81835,1.60,1.00
2009.04.16 02:06:16.421,1.8174,1.81835,2.00,1.00
2009.04.16 02:06:22.360,1.8174,1.8183,2.00,4.00
2009.04.16 02:06:22.890,1.8174,1.8182,2.00,1.00
2009.04.16 02:06:23.000,1.81755,1.8182,2.00,1.00
2009.04.16 02:06:25.829,1.8175,1.8182,2.00,1.00
2009.04.16 02:06:27.969,1.8175,1.8183,2.00,1.00
2009.04.16 02:06:32.717,1.8178,1.8185,2.00,1.00
2009.04.16 02:06:33.527,1.8178,1.8185,2.00,1.60
2009.04.16 02:06:34.467,1.81765,1.81845,2.00,1.80
2009.04.16 02:06:40.616,1.8175,1.81835,4.40,1.00
2009.04.16 02:06:41.006,1.81755,1.81835,2.00,1.00
2009.04.16 02:06:41.425,1.81755,1.8183,1.20,1.00
2009.04.16 02:06:41.485,1.81755,1.8183,1.20,2.00
2009.04.16 02:06:42.025,1.8176,1.8184,2.00,2.80
2009.04.16 02:06:42.435,1.8176,1.81825,2.00,1.00
2009.04.16 02:06:42.605,1.8176,1.8182,2.00,1.20
2009.04.16 02:06:44.105,1.81765,1.8182,2.00,1.20
2009.04.16 02:06:45.625,1.8175,1.8183,2.80,2.00
2009.04.16 02:07:02.480,1.8174,1.818,2.00,1.00
2009.04.16 02:07:02.690,1.8174,1.81795,2.20,1.00
2009.04.16 02:07:02.800,1.8172,1.81795,2.40,1.00
2009.04.16 02:07:03.030,1.81715,1.81795,2.80,1.00
2009.04.16 02:07:04.300,1.81725,1.81805,2.00,1.80
2009.04.16 02:07:05.359,1.8172,1.8179,2.00,1.20
2009.04.16 02:07:11.228,1.8172,1.81795,2.80,1.80
2009.04.16 02:07:13.298,1.81725,1.81795,4.00,1.80
2009.04.16 02:07:13.588,1.81725,1.8179,4.00,1.60
2009.04.16 02:07:13.707,1.8175,1.818,1.20,1.20
2009.04.16 02:07:14.147,1.8174,1.8181,2.40,1.60
2009.04.16 02:07:14.477,1.8174,1.8181,1.20,1.00
2009.04.16 02:07:14.877,1.8175,1.8182,1.20,1.80
2009.04.16 02:07:15.267,1.8174,1.8181,1.20,1.00
2009.04.16 02:07:15.497,1.8174,1.8181,1.20,2.60
2009.04.16 02:07:15.947,1.81745,1.8182,2.00,4.40
2009.04.16 02:07:16.007,1.81745,1.8182,2.00,3.40
2009.04.16 02:07:16.487,1.81745,1.8182,2.00,1.80
2009.04.16 02:07:17.077,1.81735,1.81805,2.00,1.00
2009.04.16 02:07:17.367,1.8174,1.81815,2.00,1.80
2009.04.16 02:07:17.957,1.8172,1.818,1.20,1.00
2009.04.16 02:07:18.306,1.8172,1.818,1.20,1.80
2009.04.16 02:07:18.416,1.8172,1.818,1.20,2.80
2009.04.16 02:07:19.296,1.8173,1.818,1.20,4.20
2009.04.16 02:07:19.566,1.8173,1.818,1.20,3.20
2009.04.16 02:07:19.856,1.8171,1.8178,2.00,1.00
2009.04.16 02:07:23.725,1.817,1.81775,2.80,1.00
2009.04.16 02:07:23.845,1.817,1.81775,2.00,1.00
2009.04.16 02:07:25.575,1.8171,1.81785,2.00,1.80
2009.04.16 02:07:26.205,1.8171,1.81785,2.00,2.60
2009.04.16 02:07:34.313,1.8175,1.8179,2.00,1.20
2009.04.16 02:07:34.432,1.8175,1.81795,2.00,1.00
2009.04.16 02:07:34.792,1.8176,1.818,2.00,1.60
2009.04.16 02:07:34.972,1.8176,1.81805,2.00,1.00
2009.04.16 02:07:38.122,1.8175,1.81805,2.00,1.00
2009.04.16 02:07:40.291,1.81755,1.8181,2.00,1.60
2009.04.16 02:07:41.221,1.81755,1.81815,2.00,1.00
2009.04.16 02:07:42.071,1.8177,1.81815,1.20,1.00
2009.04.16 02:07:42.311,1.81775,1.8182,2.00,1.60
2009.04.16 02:07:42.790,1.81775,1.8182,2.00,1.20
2009.04.16 02:07:43.290,1.81775,1.81835,2.80,1.80
2009.04.16 02:07:43.650,1.81785,1.8184,2.00,1.60
2009.04.16 02:07:43.830,1.81785,1.81845,2.00,1.00
2009.04.16 02:07:44.980,1.8178,1.8185,2.00,1.80
2009.04.16 02:07:47.709,1.81785,1.81845,2.00,1.00
2009.04.16 02:07:47.869,1.81785,1.8185,2.00,1.00
2009.04.16 02:07:52.488,1.81785,1.8183,2.00,3.20
2009.04.16 02:07:52.658,1.81765,1.81815,1.60,1.00
2009.04.16 02:07:53.008,1.81765,1.81825,1.60,1.00
2009.04.16 02:07:53.188,1.8177,1.81835,2.00,1.60
2009.04.16 02:07:53.428,1.8177,1.8184,2.00,1.60
2009.04.16 02:07:55.567,1.8178,1.8184,1.20,1.60
2009.04.16 02:07:55.678,1.81785,1.8184,2.00,1.00
2009.04.16 02:07:57.637,1.81785,1.8185,2.80,2.40
2009.04.16 02:07:58.027,1.818,1.8187,2.00,1.60
2009.04.16 02:07:58.207,1.818,1.8188,2.00,4.80
2009.04.16 02:07:58.567,1.818,1.8188,2.00,4.00
2009.04.16 02:07:58.686,1.818,1.81875,2.00,1.00
2009.04.16 02:07:59.297,1.8181,1.81885,2.00,1.00
2009.04.16 02:08:02.236,1.81805,1.8188,2.00,1.00
2009.04.16 02:08:02.686,1.81795,1.8188,2.00,1.80
2009.04.16 02:08:04.375,1.81795,1.81875,2.00,1.80
2009.04.16 02:08:05.655,1.81795,1.81875,2.80,1.00
2009.04.16 02:08:05.815,1.8181,1.8188,2.00,1.60
2009.04.16 02:08:05.935,1.8181,1.8189,2.00,3.60
2009.04.16 02:08:06.155,1.8183,1.8188,2.00,1.20
2009.04.16 02:08:07.395,1.81845,1.81885,2.00,1.00
2009.04.16 02:08:07.625,1.81845,1.8189,2.00,1.00
2009.04.16 02:08:09.474,1.81855,1.8191,2.00,1.20
2009.04.16 02:08:09.994,1.81855,1.81915,2.00,1.00
2009.04.16 02:08:10.804,1.81855,1.8192,2.00,1.20
2009.04.16 02:08:11.084,1.81855,1.81925,2.00,1.00
2009.04.16 02:08:11.843,1.81855,1.81925,2.00,1.80
2009.04.16 02:08:12.133,1.8185,1.81925,2.00,1.80
2009.04.16 02:08:13.113,1.8184,1.81905,2.00,3.20
2009.04.16 02:08:13.533,1.81835,1.8191,2.00,2.80
2009.04.16 02:08:14.323,1.81845,1.8191,1.20,2.00
2009.04.16 02:08:14.663,1.8184,1.819,2.80,1.20
2009.04.16 02:08:15.113,1.8186,1.819,1.40,1.20
2009.04.16 02:08:15.293,1.81875,1.8192,2.00,1.00
2009.04.16 02:08:15.932,1.8185,1.81905,1.60,1.00
2009.04.16 02:08:15.983,1.8184,1.8189,2.40,1.20
2009.04.16 02:08:16.263,1.8184,1.8189,1.20,1.20
2009.04.16 02:08:16.742,1.8183,1.8187,1.40,1.00
2009.04.16 02:08:17.192,1.8186,1.81915,2.00,3.00
2009.04.16 02:08:17.722,1.8186,1.8195,2.00,2.80
2009.04.16 02:08:18.192,1.81895,1.8195,1.20,1.20
2009.04.16 02:08:18.482,1.81895,1.81985,4.40,1.40
2009.04.16 02:08:18.822,1.81895,1.81995,1.60,1.80
2009.04.16 02:08:19.122,1.8189,1.81995,2.00,1.80
2009.04.16 02:08:19.562,1.8189,1.81985,2.00,1.00
2009.04.16 02:08:20.132,1.8188,1.8197,1.60,1.00
2009.04.16 02:08:20.571,1.81865,1.81955,1.60,1.00
2009.04.16 02:08:20.902,1.8183,1.8195,1.60,1.00
2009.04.16 02:08:21.371,1.8184,1.81955,2.00,2.60
2009.04.16 02:08:24.180,1.81875,1.8201,2.00,1.60
2009.04.16 02:08:24.620,1.81855,1.81995,3.60,1.60
2009.04.16 02:08:24.960,1.81855,1.82,3.60,3.00
2009.04.16 02:08:25.360,1.81855,1.8196,3.60,3.20
2009.04.16 02:08:25.580,1.81855,1.81945,1.60,1.00
2009.04.16 02:08:26.090,1.81845,1.81945,1.20,1.00
2009.04.16 02:08:26.380,1.81835,1.8192,2.00,1.00
2009.04.16 02:08:30.499,1.8187,1.8193,1.60,1.00
2009.04.16 02:08:30.969,1.81845,1.8195,2.80,1.80
2009.04.16 02:08:31.549,1.81845,1.8195,4.40,1.80
2009.04.16 02:08:31.989,1.8188,1.81955,1.40,1.80
2009.04.16 02:08:32.519,1.819,1.8199,2.00,2.60
2009.04.16 02:08:32.749,1.819,1.8199,2.00,1.00
2009.04.16 02:08:33.788,1.81915,1.8199,2.00,1.80
2009.04.16 02:08:34.398,1.81915,1.8198,2.00,3.20
2009.04.16 02:08:34.508,1.81915,1.81965,1.60,1.80
2009.04.16 02:08:34.808,1.81895,1.81965,2.00,1.80
2009.04.16 02:08:40.266,1.8192,1.8199,2.00,1.40
2009.04.16 02:08:40.537,1.819,1.8198,1.60,1.00
2009.04.16 02:08:40.836,1.81895,1.8198,2.00,1.00
2009.04.16 02:08:41.726,1.8195,1.8198,1.20,1.00
2009.04.16 02:08:41.896,1.8195,1.82,1.20,1.60
2009.04.16 02:08:42.076,1.8195,1.8201,1.20,1.60
2009.04.16 02:08:42.596,1.8195,1.82065,1.20,1.80
2009.04.16 02:08:43.846,1.8196,1.82035,1.20,1.00
2009.04.16 02:08:44.245,1.8195,1.8203,2.00,1.00
2009.04.16 02:08:45.165,1.81955,1.8205,2.80,5.00
2009.04.16 02:08:45.505,1.8195,1.82035,2.80,1.00
2009.04.16 02:08:45.805,1.8196,1.82045,1.20,1.80
2009.04.16 02:08:46.085,1.81975,1.82045,2.00,1.00
2009.04.16 02:08:47.065,1.8197,1.8204,2.00,1.00
2009.04.16 02:08:47.605,1.81955,1.8203,2.00,1.00
2009.04.16 02:08:47.845,1.81965,1.8203,1.40,1.00
2009.04.16 02:08:48.135,1.8198,1.8203,1.60,1.00
2009.04.16 02:08:48.604,1.8198,1.82065,2.00,1.80
2009.04.16 02:08:48.765,1.8198,1.82065,2.00,1.00
2009.04.16 02:08:50.734,1.8197,1.8204,2.00,2.00
2009.04.16 02:08:50.904,1.8198,1.8204,2.00,1.20
2009.04.16 02:08:51.294,1.8198,1.82055,2.00,1.00
2009.04.16 02:08:52.173,1.81985,1.8207,4.40,1.20
2009.04.16 02:08:52.674,1.81985,1.82105,3.60,3.60
2009.04.16 02:08:52.894,1.81985,1.82105,2.00,3.60
2009.04.16 02:08:53.174,1.8198,1.8207,1.60,1.40
2009.04.16 02:08:53.413,1.81925,1.8207,2.60,1.40
2009.04.16 02:08:53.643,1.8194,1.8209,2.60,4.00
2009.04.16 02:08:54.033,1.8195,1.82065,1.20,1.00
2009.04.16 02:08:54.433,1.8197,1.8205,2.00,1.00
2009.04.16 02:08:54.833,1.8197,1.82065,2.00,1.80
2009.04.16 02:08:55.293,1.8199,1.82055,2.00,1.00
2009.04.16 02:08:55.753,1.8199,1.82075,2.00,1.80
2009.04.16 02:08:58.972,1.8198,1.8206,1.60,1.00
2009.04.16 02:08:59.472,1.81975,1.8206,2.00,1.00
2009.04.16 02:08:59.702,1.81975,1.8206,2.00,2.00
2009.04.16 02:09:00.962,1.8196,1.82015,3.80,1.00
2009.04.16 02:09:01.251,1.8196,1.82015,1.60,1.00
2009.04.16 02:09:01.652,1.81955,1.82045,2.00,2.80
2009.04.16 02:09:02.181,1.8196,1.82015,2.00,1.00
2009.04.16 02:09:02.741,1.8196,1.82075,2.00,1.00
2009.04.16 02:09:04.461,1.8196,1.8204,2.00,1.00
2009.04.16 02:09:04.571,1.8197,1.8205,2.00,1.00
2009.04.16 02:09:05.560,1.8197,1.82035,2.00,1.00
2009.04.16 02:09:05.780,1.81965,1.82035,2.00,1.00
2009.04.16 02:09:09.680,1.8196,1.82055,2.00,1.00
2009.04.16 02:09:10.029,1.8195,1.8205,1.60,1.00
2009.04.16 02:09:10.599,1.81935,1.82045,1.60,1.00
2009.04.16 02:09:13.549,1.8195,1.82045,1.40,1.00
2009.04.16 02:09:13.659,1.8196,1.82045,1.20,1.00
2009.04.16 02:09:13.888,1.8197,1.8205,2.00,3.00
2009.04.16 02:09:14.058,1.8197,1.8205,2.00,1.40
2009.04.16 02:09:14.388,1.8196,1.8204,2.00,1.00
2009.04.16 02:09:14.678,1.8196,1.8204,2.00,1.80
2009.04.16 02:09:14.908,1.8197,1.8204,2.00,2.80
2009.04.16 02:09:16.428,1.81955,1.82025,6.00,1.00
2009.04.16 02:09:16.768,1.81955,1.82025,2.00,1.00
2009.04.16 02:09:17.228,1.81955,1.82025,2.00,1.80
2009.04.16 02:09:17.517,1.8195,1.8202,2.20,1.80
2009.04.16 02:09:17.898,1.8195,1.8201,2.20,2.60
2009.04.16 02:09:18.068,1.81935,1.8201,1.60,2.60
2009.04.16 02:09:18.417,1.81935,1.82,1.60,2.60
2009.04.16 02:09:20.127,1.81935,1.8199,1.60,1.00
2009.04.16 02:09:20.707,1.81935,1.82,1.60,2.60
2009.04.16 02:09:23.546,1.81935,1.82,1.60,1.80
2009.04.16 02:09:24.066,1.81935,1.8199,1.60,2.60
2009.04.16 02:09:24.526,1.81935,1.82,1.60,2.80
2009.04.16 02:09:24.876,1.81935,1.82,3.60,1.60
2009.04.16 02:09:25.106,1.81935,1.8201,3.60,4.40
2009.04.16 02:09:25.216,1.81935,1.8201,3.60,1.80
2009.04.16 02:09:25.835,1.8194,1.8201,2.00,1.80
2009.04.16 02:09:26.355,1.81955,1.8201,2.00,1.20
2009.04.16 02:09:26.635,1.81955,1.82,2.00,3.20
2009.04.16 02:09:27.045,1.81955,1.8199,2.00,1.00
2009.04.16 02:09:27.275,1.81955,1.81995,2.40,1.00
2009.04.16 02:09:27.505,1.81955,1.81995,3.60,1.00
2009.04.16 02:09:27.735,1.81955,1.8203,2.00,1.00
2009.04.16 02:09:28.185,1.8195,1.8203,4.00,1.80
2009.04.16 02:09:28.415,1.8195,1.8203,4.00,2.80
2009.04.16 02:09:28.645,1.8195,1.8203,4.00,1.80
2009.04.16 02:09:30.384,1.8195,1.82005,3.00,1.00
2009.04.16 02:09:30.614,1.8194,1.82005,5.00,1.00
2009.04.16 02:09:30.734,1.8194,1.82005,2.00,1.00
2009.04.16 02:09:32.014,1.81935,1.82005,2.00,1.00
2009.04.16 02:09:32.484,1.81935,1.8199,2.00,1.00
2009.04.16 02:09:32.724,1.8192,1.8199,1.60,1.00
2009.04.16 02:09:33.214,1.81905,1.8199,1.60,1.00
2009.04.16 02:09:33.453,1.819,1.8199,1.20,1.00
2009.04.16 02:09:36.613,1.81915,1.8199,1.40,1.80
2009.04.16 02:09:37.253,1.81935,1.81985,2.00,3.20
2009.04.16 02:09:37.543,1.81915,1.8197,1.60,1.00
2009.04.16 02:09:37.723,1.8188,1.8197,1.20,1.00
2009.04.16 02:09:38.412,1.8188,1.8197,1.20,3.20
2009.04.16 02:09:38.812,1.81875,1.8196,4.00,1.00
2009.04.16 02:09:39.802,1.8188,1.8197,2.00,4.00
2009.04.16 02:09:40.032,1.8188,1.81965,2.00,1.00
2009.04.16 02:09:41.432,1.81895,1.81965,2.00,1.00
2009.04.16 02:09:41.772,1.8187,1.81965,2.00,1.00
2009.04.16 02:09:42.252,1.8187,1.81965,3.40,1.00
2009.04.16 02:09:42.591,1.81905,1.8198,2.00,2.40
2009.04.16 02:09:42.761,1.819,1.8197,2.00,1.00
2009.04.16 02:09:43.391,1.81895,1.81975,2.00,1.80
2009.04.16 02:09:45.151,1.81895,1.8197,2.80,1.80
2009.04.16 02:09:45.271,1.81895,1.8197,2.00,1.80
2009.04.16 02:09:48.670,1.81895,1.81965,2.00,3.20
2009.04.16 02:09:49.090,1.81895,1.81955,2.00,1.00
2009.04.16 02:09:49.210,1.81885,1.81955,2.00,1.80
2009.04.16 02:09:49.830,1.8188,1.8195,2.00,1.00
2009.04.16 02:09:52.949,1.8189,1.81965,2.00,1.80
2009.04.16 02:09:53.069,1.8188,1.8195,2.00,1.00
2009.04.16 02:09:53.519,1.8188,1.8195,2.80,1.00
2009.04.16 02:09:54.268,1.81885,1.8195,2.40,1.00
2009.04.16 02:09:54.489,1.8189,1.81965,2.80,1.00
2009.04.16 02:09:54.959,1.81895,1.81975,2.80,1.00
2009.04.16 02:09:58.078,1.81895,1.81975,2.00,2.60
2009.04.16 02:09:58.248,1.8189,1.81965,2.80,1.00
2009.04.16 02:09:59.577,1.8189,1.81945,2.00,1.40
2009.04.16 02:09:59.697,1.8189,1.8194,3.00,1.00
2009.04.16 02:09:59.927,1.8189,1.8194,2.20,1.00
2009.04.16 02:10:00.147,1.8188,1.8194,1.20,1.00
2009.04.16 02:10:05.876,1.8188,1.8195,2.80,1.00
2009.04.16 02:10:06.456,1.8189,1.8195,1.20,1.00
2009.04.16 02:10:06.865,1.8189,1.8196,1.20,1.00
2009.04.16 02:10:07.435,1.81895,1.81965,2.00,1.00
2009.04.16 02:10:07.895,1.8189,1.8196,1.20,1.00
2009.04.16 02:10:10.455,1.819,1.8196,1.20,1.00
2009.04.16 02:10:10.894,1.81895,1.81965,2.80,1.00
2009.04.16 02:10:11.764,1.81895,1.81965,2.00,1.00
2009.04.16 02:10:13.384,1.81875,1.8195,1.40,1.00
2009.04.16 02:10:13.724,1.8187,1.8195,1.60,1.00
2009.04.16 02:10:14.064,1.8186,1.8194,5.60,1.00
2009.04.16 02:10:14.244,1.81855,1.8194,3.60,1.00
2009.04.16 02:10:14.713,1.81865,1.81935,1.20,1.00
2009.04.16 02:10:15.004,1.81855,1.81935,5.20,2.60
2009.04.16 02:10:15.413,1.8185,1.81925,2.80,1.00
2009.04.16 02:10:15.634,1.81855,1.819,1.20,1.00
2009.04.16 02:10:15.983,1.81865,1.8191,2.80,1.40
2009.04.16 02:10:16.463,1.81825,1.819,8.80,1.00
2009.04.16 02:10:17.044,1.8185,1.81925,1.40,1.00
2009.04.16 02:10:17.453,1.8186,1.81925,1.20,1.00
2009.04.16 02:10:17.903,1.8186,1.81955,2.80,1.00
2009.04.16 02:10:18.823,1.81875,1.81955,2.40,1.00
2009.04.16 02:10:19.063,1.81885,1.81955,2.80,1.00
2009.04.16 02:10:20.192,1.81885,1.81955,2.00,1.00
2009.04.16 02:10:20.412,1.81875,1.8195,3.20,1.00
2009.04.16 02:10:20.752,1.8188,1.81945,2.20,1.00
2009.04.16 02:10:21.512,1.8188,1.81925,2.20,1.00
2009.04.16 02:10:21.872,1.8187,1.81925,3.20,1.00
2009.04.16 02:10:22.612,1.81865,1.81935,3.60,1.00
2009.04.16 02:10:23.412,1.8188,1.81935,1.20,1.00
2009.04.16 02:10:23.702,1.8189,1.81955,2.00,1.80
2009.04.16 02:10:24.511,1.81895,1.81965,2.00,1.80
2009.04.16 02:10:24.971,1.81895,1.8195,2.00,1.40
2009.04.16 02:10:25.371,1.8186,1.81935,5.60,1.00
2009.04.16 02:10:25.551,1.81855,1.81935,3.60,1.00
2009.04.16 02:10:27.340,1.81865,1.81935,5.20,1.00
2009.04.16 02:10:27.501,1.81875,1.81935,1.20,1.00
2009.04.16 02:10:27.850,1.8187,1.81945,2.80,1.00
2009.04.16 02:10:28.900,1.81875,1.81945,2.40,1.00
2009.04.16 02:10:28.960,1.81885,1.81955,2.80,1.00
2009.04.16 02:10:29.700,1.81895,1.8197,2.00,1.80
2009.04.16 02:10:30.090,1.81895,1.8197,2.80,1.00
2009.04.16 02:10:31.479,1.81895,1.8197,4.40,1.00
2009.04.16 02:10:31.759,1.81905,1.81975,2.80,1.00
2009.04.16 02:10:33.909,1.81905,1.81975,4.40,1.00
2009.04.16 02:10:34.079,1.81905,1.81985,4.40,1.00
2009.04.16 02:10:34.439,1.8192,1.81985,1.20,1.00
2009.04.16 02:10:34.619,1.81915,1.8199,3.20,1.00
2009.04.16 02:10:34.979,1.8192,1.81985,1.20,1.00
2009.04.16 02:10:35.429,1.81905,1.8198,1.20,3.20
2009.04.16 02:10:35.668,1.81905,1.8199,1.20,5.00
2009.04.16 02:10:36.179,1.81885,1.81975,2.80,1.00
2009.04.16 02:10:36.658,1.81885,1.81965,2.00,1.00
2009.04.16 02:10:40.967,1.81895,1.8197,2.00,2.00
2009.04.16 02:10:41.027,1.81895,1.8197,2.00,1.00
2009.04.16 02:10:41.147,1.81895,1.8197,2.00,2.60
2009.04.16 02:10:41.257,1.81885,1.81955,2.00,1.00
2009.04.16 02:10:42.737,1.81885,1.8196,2.00,1.00
2009.04.16 02:10:43.477,1.81885,1.81905,2.00,3.20
2009.04.16 02:10:43.827,1.8187,1.8189,2.20,1.00
2009.04.16 02:10:44.006,1.81865,1.81905,1.60,1.00
2009.04.16 02:10:44.176,1.8182,1.81905,1.60,1.00
2009.04.16 02:10:44.576,1.81795,1.81885,5.00,1.00
2009.04.16 02:10:45.036,1.81795,1.81885,2.60,1.00
2009.04.16 02:10:46.156,1.81835,1.81885,1.40,1.00
2009.04.16 02:10:46.386,1.81845,1.81885,2.20,1.00
2009.04.16 02:10:46.796,1.8179,1.81885,1.60,1.00
2009.04.16 02:10:47.096,1.81835,1.81925,2.00,1.00
2009.04.16 02:10:48.356,1.81815,1.8189,1.60,1.00
2009.04.16 02:10:48.595,1.8179,1.8189,2.00,1.00
2009.04.16 02:10:48.765,1.8179,1.81915,2.00,1.60
2009.04.16 02:10:48.935,1.8179,1.8189,2.00,3.20
2009.04.16 02:10:49.416,1.8179,1.81865,2.00,1.00
2009.04.16 02:10:49.975,1.818,1.8186,2.00,1.00
2009.04.16 02:10:50.845,1.8179,1.81865,4.40,1.80
2009.04.16 02:10:51.005,1.8179,1.81865,2.80,1.80
2009.04.16 02:10:51.465,1.81795,1.81865,2.00,1.00
2009.04.16 02:10:51.875,1.81795,1.81865,3.60,1.00
2009.04.16 02:10:52.734,1.81795,1.8188,2.00,1.00
2009.04.16 02:10:53.194,1.8181,1.8189,1.20,1.00
2009.04.16 02:10:54.994,1.818,1.8189,1.20,1.80
2009.04.16 02:10:55.984,1.81805,1.8189,1.20,1.80
2009.04.16 02:10:57.333,1.81815,1.81895,1.20,1.80
2009.04.16 02:11:00.522,1.81805,1.8189,1.20,4.20
2009.04.16 02:11:00.862,1.8179,1.8187,5.20,1.40
2009.04.16 02:11:01.033,1.818,1.81865,3.00,1.00
2009.04.16 02:11:01.272,1.818,1.81865,4.00,1.00
2009.04.16 02:11:01.442,1.81795,1.8187,3.60,1.00
2009.04.16 02:11:03.272,1.81805,1.8187,1.20,1.00
2009.04.16 02:11:03.562,1.81805,1.8188,2.00,1.00
2009.04.16 02:11:04.202,1.81795,1.8187,3.60,1.00
2009.04.16 02:11:06.011,1.81805,1.8188,2.00,1.00
2009.04.16 02:11:08.381,1.81805,1.8188,2.00,1.80
2009.04.16 02:11:08.551,1.8181,1.81865,2.20,1.00
2009.04.16 02:11:08.610,1.818,1.81865,3.00,1.00
2009.04.16 02:11:12.400,1.81805,1.81865,1.00,1.00
2009.04.16 02:11:12.840,1.8181,1.81875,2.20,1.00
2009.04.16 02:11:13.410,1.8181,1.81855,2.20,1.00
2009.04.16 02:11:13.829,1.8181,1.81845,2.20,1.00
2009.04.16 02:11:18.668,1.8181,1.81855,3.00,1.00
2009.04.16 02:11:19.488,1.8181,1.81875,2.20,1.00
2009.04.16 02:11:20.758,1.81805,1.81875,1.20,1.00
2009.04.16 02:11:21.328,1.81795,1.81875,2.80,1.00
2009.04.16 02:11:21.567,1.818,1.81855,3.00,1.00
2009.04.16 02:11:22.027,1.8178,1.81855,6.00,1.00
2009.04.16 02:11:24.007,1.8178,1.81855,5.20,1.00
2009.04.16 02:11:26.266,1.81745,1.81845,1.60,1.00
2009.04.16 02:11:26.706,1.81725,1.81845,2.60,1.00
2009.04.16 02:11:26.946,1.81725,1.81845,2.60,2.60
2009.04.16 02:11:27.976,1.81735,1.8185,2.60,2.60
2009.04.16 02:11:28.426,1.81795,1.8185,1.20,1.00
2009.04.16 02:11:28.936,1.81795,1.8186,1.20,2.60
2009.04.16 02:11:29.216,1.81795,1.8186,1.20,2.00
2009.04.16 02:11:29.385,1.81795,1.81855,1.20,1.00
2009.04.16 02:11:29.735,1.81745,1.8185,1.60,1.00
2009.04.16 02:11:29.845,1.81745,1.81845,2.40,1.00
2009.04.16 02:11:30.196,1.81745,1.8185,1.20,1.80
2009.04.16 02:11:30.805,1.8176,1.8185,1.20,3.40
2009.04.16 02:11:31.325,1.81765,1.8185,1.20,2.40
2009.04.16 02:11:31.955,1.81765,1.8185,1.20,1.80
2009.04.16 02:11:32.355,1.81765,1.8185,1.20,2.40
2009.04.16 02:11:32.525,1.81765,1.8185,1.20,1.00
2009.04.16 02:11:33.384,1.8176,1.8185,1.20,1.80
2009.04.16 02:11:37.383,1.81755,1.8185,2.80,1.80
2009.04.16 02:11:38.373,1.8179,1.8185,1.40,1.80
2009.04.16 02:11:38.773,1.818,1.8185,1.20,1.00
2009.04.16 02:11:39.183,1.8181,1.8186,1.20,2.00
2009.04.16 02:11:40.123,1.8183,1.8186,1.20,1.20
2009.04.16 02:11:40.533,1.8183,1.81865,1.20,1.00
2009.04.16 02:11:42.332,1.81825,1.8186,1.20,1.00
2009.04.16 02:11:42.883,1.81755,1.81845,2.00,1.00
2009.04.16 02:11:45.242,1.81785,1.8185,2.00,1.00
2009.04.16 02:11:45.582,1.81785,1.81865,2.00,4.80
2009.04.16 02:11:45.692,1.81795,1.81865,2.00,1.60
2009.04.16 02:11:50.180,1.81785,1.8186,2.00,1.80
2009.04.16 02:11:50.230,1.81785,1.8186,2.00,1.00
2009.04.16 02:11:50.770,1.8178,1.81855,2.00,1.00
2009.04.16 02:11:51.340,1.818,1.8186,1.20,1.40
2009.04.16 02:11:51.690,1.8178,1.81875,2.80,3.40
2009.04.16 02:11:54.809,1.81785,1.8187,2.00,3.20
2009.04.16 02:11:54.929,1.81785,1.81875,2.00,2.60
2009.04.16 02:11:55.479,1.81785,1.81875,2.00,1.00
2009.04.16 02:11:57.349,1.8178,1.81865,2.00,1.80
2009.04.16 02:11:58.089,1.8178,1.81855,2.00,1.00
2009.04.16 02:12:00.898,1.81805,1.81865,1.20,1.00
2009.04.16 02:12:01.178,1.81775,1.81865,1.20,1.00
2009.04.16 02:12:02.847,1.81785,1.81865,2.80,1.00
2009.04.16 02:12:05.407,1.8179,1.81865,1.20,1.00
2009.04.16 02:12:05.817,1.81795,1.81865,1.20,1.00
2009.04.16 02:12:05.986,1.81795,1.81865,1.20,4.20
2009.04.16 02:12:06.387,1.8178,1.8185,2.00,1.00
2009.04.16 02:12:06.556,1.8178,1.81865,2.00,1.80
2009.04.16 02:12:07.246,1.8178,1.81865,2.40,1.00
2009.04.16 02:12:07.586,1.81775,1.8188,2.00,1.60
2009.04.16 02:12:08.286,1.81785,1.81875,2.00,1.60
2009.04.16 02:12:08.696,1.81785,1.8192,1.60,1.60
2009.04.16 02:12:08.936,1.8178,1.81935,3.20,3.00
2009.04.16 02:12:09.166,1.8178,1.81935,1.60,1.40
2009.04.16 02:12:09.996,1.8178,1.81915,1.60,1.00
2009.04.16 02:12:13.405,1.8178,1.8191,1.60,1.00
2009.04.16 02:12:16.754,1.8178,1.8186,1.20,1.00
2009.04.16 02:12:17.224,1.8178,1.81845,3.20,1.00
2009.04.16 02:12:17.724,1.81795,1.8187,1.20,1.60
2009.04.16 02:12:17.954,1.81805,1.8187,1.20,1.60
2009.04.16 02:12:18.414,1.81795,1.8187,1.60,1.60
2009.04.16 02:12:18.834,1.8177,1.81875,2.00,1.00
2009.04.16 02:12:19.243,1.81775,1.81915,3.60,1.60
2009.04.16 02:12:19.703,1.81775,1.8192,5.20,1.00
2009.04.16 02:12:20.833,1.81805,1.81885,1.20,1.00
2009.04.16 02:12:21.073,1.81795,1.8188,1.20,1.00
2009.04.16 02:12:21.783,1.8179,1.8188,2.40,1.00
2009.04.16 02:12:22.243,1.81795,1.8187,1.20,1.00
2009.04.16 02:12:22.753,1.81785,1.81855,1.20,1.00
2009.04.16 02:12:23.223,1.8177,1.8184,3.20,1.00
2009.04.16 02:12:23.703,1.8179,1.81865,1.20,1.60
2009.04.16 02:12:24.162,1.818,1.81885,1.20,2.60
2009.04.16 02:12:24.622,1.81795,1.8187,1.20,1.00
2009.04.16 02:12:25.032,1.8181,1.8186,1.20,1.00
2009.04.16 02:12:25.782,1.8181,1.819,1.20,2.60
2009.04.16 02:12:26.022,1.81795,1.81865,1.40,1.40
2009.04.16 02:12:26.482,1.81795,1.8186,1.40,1.00
2009.04.16 02:12:26.762,1.81795,1.81875,1.20,1.00
2009.04.16 02:12:27.482,1.81795,1.8186,2.40,1.00
2009.04.16 02:12:27.721,1.8181,1.81865,1.20,1.00
2009.04.16 02:12:31.331,1.81815,1.819,1.20,2.60
2009.04.16 02:12:32.001,1.81815,1.819,1.20,1.00
2009.04.16 02:12:34.380,1.81795,1.8189,2.00,1.00
2009.04.16 02:12:34.729,1.8179,1.81885,3.80,1.00
2009.04.16 02:12:34.840,1.8179,1.81885,1.60,1.00
2009.04.16 02:12:35.070,1.81785,1.81885,1.60,1.00
2009.04.16 02:12:35.539,1.81745,1.8188,1.60,1.40
2009.04.16 02:12:35.590,1.81745,1.8187,1.60,1.00
2009.04.16 02:12:36.050,1.8179,1.8188,2.00,2.60
2009.04.16 02:12:36.500,1.81765,1.8187,1.60,1.00
2009.04.16 02:12:36.959,1.8176,1.8187,1.60,1.00
2009.04.16 02:12:37.179,1.8172,1.8187,4.40,1.00
2009.04.16 02:12:41.298,1.81745,1.8186,1.60,1.00
2009.04.16 02:12:49.416,1.81745,1.81845,1.60,3.20
2009.04.16 02:12:49.526,1.81745,1.81825,1.60,1.00
2009.04.16 02:12:49.586,1.81745,1.81825,2.60,1.00
2009.04.16 02:12:49.696,1.8175,1.81825,1.20,1.00
2009.04.16 02:12:50.396,1.81735,1.8182,2.40,1.00
2009.04.16 02:12:50.686,1.8175,1.8181,1.20,1.00
2009.04.16 02:12:51.026,1.8175,1.81815,1.20,1.00
2009.04.16 02:12:59.904,1.8177,1.81815,1.40,1.00
2009.04.16 02:13:00.133,1.8178,1.8183,1.20,1.00
2009.04.16 02:13:01.434,1.818,1.81835,1.20,1.00
2009.04.16 02:13:02.014,1.81785,1.8185,1.20,1.00
2009.04.16 02:13:04.393,1.81785,1.81845,1.20,1.00
2009.04.16 02:13:05.762,1.81785,1.81855,2.40,1.00
2009.04.16 02:13:10.191,1.818,1.81845,1.20,1.00
2009.04.16 02:13:10.471,1.818,1.8185,1.20,1.00
2009.04.16 02:13:11.011,1.818,1.81845,1.20,1.00
2009.04.16 02:13:11.392,1.81785,1.81845,1.20,1.00
2009.04.16 02:13:12.261,1.818,1.8185,1.20,1.00
2009.04.16 02:13:13.630,1.818,1.8186,1.20,1.00
2009.04.16 02:13:14.870,1.81815,1.8186,1.20,1.00
2009.04.16 02:13:17.260,1.81815,1.8185,1.20,1.00
2009.04.16 02:13:17.439,1.8181,1.8185,1.20,1.00
2009.04.16 02:13:18.059,1.81815,1.81865,1.20,1.00
2009.04.16 02:13:18.889,1.81815,1.8186,1.20,1.00
2009.04.16 02:13:19.289,1.81805,1.8184,2.40,1.00
2009.04.16 02:13:19.409,1.81815,1.8186,1.20,1.00
2009.04.16 02:13:20.729,1.81815,1.8186,2.40,1.00
2009.04.16 02:13:21.009,1.8183,1.8187,1.20,1.00
2009.04.16 02:13:22.098,1.81815,1.8187,1.60,1.00
2009.04.16 02:13:22.458,1.81815,1.8188,1.60,2.60
2009.04.16 02:13:22.958,1.8177,1.8188,2.00,1.00
2009.04.16 02:13:23.528,1.8177,1.8188,5.20,1.00
2009.04.16 02:13:23.768,1.81795,1.8188,1.40,1.00
2009.04.16 02:13:24.048,1.81805,1.8188,1.20,1.00
2009.04.16 02:13:27.287,1.81825,1.8188,1.40,1.00
2009.04.16 02:13:27.577,1.8184,1.8188,1.20,1.00
2009.04.16 02:13:32.026,1.8172,1.81885,1.60,1.40
2009.04.16 02:13:32.536,1.81715,1.8188,4.40,1.40
2009.04.16 02:13:33.465,1.8173,1.8187,2.60,1.40
2009.04.16 02:13:33.736,1.8173,1.81875,4.40,1.40
2009.04.16 02:13:34.006,1.8173,1.8186,1.60,1.00
2009.04.16 02:13:34.245,1.8173,1.8183,1.60,1.00
2009.04.16 02:13:34.655,1.81695,1.8183,4.00,1.00
2009.04.16 02:13:35.055,1.81695,1.8183,3.20,1.00
2009.04.16 02:13:36.375,1.8175,1.8182,1.40,1.00
2009.04.16 02:13:36.935,1.8176,1.8182,1.20,1.00
2009.04.16 02:13:37.045,1.81765,1.8182,1.20,1.00
2009.04.16 02:13:40.434,1.81775,1.8182,1.20,1.00
2009.04.16 02:13:42.503,1.8174,1.8184,1.60,1.60
2009.04.16 02:13:42.733,1.8174,1.819,1.60,1.00
2009.04.16 02:13:42.973,1.8174,1.819,1.60,2.60
2009.04.16 02:13:43.434,1.81735,1.8189,3.20,1.00
2009.04.16 02:13:43.893,1.81745,1.81875,1.60,1.00
2009.04.16 02:13:44.133,1.8176,1.8188,2.00,2.60
2009.04.16 02:13:44.583,1.8176,1.8188,2.00,2.40
2009.04.16 02:13:44.703,1.81755,1.81885,1.60,1.60
2009.04.16 02:13:44.873,1.81755,1.8189,1.60,2.40
2009.04.16 02:13:45.222,1.81755,1.8189,1.60,3.00
2009.04.16 02:13:45.342,1.81745,1.8189,1.60,3.00
2009.04.16 02:13:46.033,1.8174,1.8188,3.60,1.40
2009.04.16 02:13:46.482,1.8174,1.8188,3.80,2.20
2009.04.16 02:13:46.772,1.81745,1.8188,1.20,2.20
2009.04.16 02:13:47.012,1.8174,1.8188,4.40,2.40
2009.04.16 02:13:47.452,1.81745,1.8189,1.60,3.20
2009.04.16 02:13:48.382,1.81745,1.8189,1.60,2.40
2009.04.16 02:13:48.902,1.81785,1.8188,1.20,1.40
2009.04.16 02:13:49.132,1.81785,1.8188,1.20,2.20
2009.04.16 02:13:49.472,1.81785,1.8188,1.20,1.60
2009.04.16 02:13:50.571,1.81795,1.8188,1.20,2.40
2009.04.16 02:13:50.931,1.8174,1.8189,1.60,2.40
2009.04.16 02:13:51.341,1.8173,1.8188,1.60,1.60
2009.04.16 02:13:51.511,1.8173,1.8189,1.60,2.40
2009.04.16 02:13:52.301,1.8178,1.8188,1.40,1.40
2009.04.16 02:13:52.661,1.81785,1.8189,2.40,1.60
2009.04.16 02:13:53.061,1.8179,1.8189,1.20,1.60
2009.04.16 02:13:53.990,1.8181,1.8189,1.20,1.00
2009.04.16 02:13:56.320,1.8181,1.81895,1.20,1.00
2009.04.16 02:13:56.500,1.81805,1.8189,1.20,1.00
2009.04.16 02:13:56.920,1.818,1.8189,2.40,1.00
2009.04.16 02:13:57.790,1.8181,1.81895,1.20,1.40
2009.04.16 02:13:58.390,1.818,1.81895,2.40,1.40
2009.04.16 02:13:58.809,1.81785,1.8184,1.60,1.00
2009.04.16 02:13:58.979,1.8177,1.8184,3.20,1.00
2009.04.16 02:13:59.139,1.8177,1.8184,1.60,1.00
2009.04.16 02:14:02.249,1.81745,1.81815,2.40,1.00
2009.04.16 02:14:03.228,1.81755,1.81815,1.40,1.00
2009.04.16 02:14:03.518,1.8177,1.81835,1.20,1.60
2009.04.16 02:14:03.888,1.81775,1.81845,1.20,1.00
2009.04.16 02:14:07.117,1.8176,1.8183,2.40,1.40
2009.04.16 02:14:07.357,1.8176,1.8182,1.20,1.00
2009.04.16 02:14:07.917,1.81775,1.81855,1.20,2.60
2009.04.16 02:14:11.356,1.81705,1.818,2.00,1.60
2009.04.16 02:14:11.826,1.81715,1.818,1.60,1.60
2009.04.16 02:14:11.996,1.81715,1.81855,1.60,1.00
2009.04.16 02:14:12.576,1.8172,1.81855,1.60,1.00
2009.04.16 02:14:13.256,1.8174,1.8184,1.40,1.00
2009.04.16 02:14:13.536,1.81755,1.8183,1.20,3.20
2009.04.16 02:14:13.775,1.8172,1.81805,1.20,1.00
2009.04.16 02:14:14.415,1.8171,1.81805,5.40,2.60
2009.04.16 02:14:14.706,1.8171,1.8179,4.00,1.00
2009.04.16 02:14:15.045,1.81735,1.81795,1.40,1.00
2009.04.16 02:14:15.385,1.81745,1.8181,1.20,1.60
2009.04.16 02:14:15.835,1.81745,1.8183,1.20,1.00
2009.04.16 02:14:17.485,1.81745,1.81805,1.20,1.00
2009.04.16 02:14:18.155,1.81725,1.8179,2.40,1.00
2009.04.16 02:14:18.394,1.8174,1.8179,1.20,1.00
2009.04.16 02:14:18.855,1.8174,1.8178,1.20,1.00
2009.04.16 02:14:19.904,1.81725,1.8178,2.40,1.00
2009.04.16 02:14:20.254,1.81725,1.81775,2.40,1.00
2009.04.16 02:14:20.474,1.8173,1.81775,1.20,1.00
2009.04.16 02:14:22.074,1.8173,1.8178,2.40,1.40
2009.04.16 02:14:22.523,1.81745,1.8179,1.20,1.00
2009.04.16 02:14:25.853,1.81745,1.8179,1.20,1.00
2009.04.16 02:14:26.753,1.8175,1.818,1.20,1.00
2009.04.16 02:14:27.742,1.81735,1.81785,1.20,1.00
2009.04.16 02:14:29.192,1.8175,1.81775,1.40,1.00
2009.04.16 02:14:29.302,1.81755,1.8181,2.80,1.60
2009.04.16 02:14:29.602,1.81755,1.8182,2.80,1.60
2009.04.16 02:14:29.722,1.8174,1.81825,1.20,1.00
2009.04.16 02:14:32.581,1.81735,1.81815,1.20,1.00
2009.04.16 02:14:33.041,1.81725,1.81815,1.20,1.80
2009.04.16 02:14:33.161,1.81725,1.81815,1.20,5.00
2009.04.16 02:14:33.551,1.8172,1.81805,2.40,1.80
2009.04.16 02:14:36.230,1.8172,1.81805,2.40,3.40
2009.04.16 02:14:42.329,1.81715,1.8178,2.40,2.00
2009.04.16 02:14:42.669,1.81715,1.8177,2.40,1.00
2009.04.16 02:14:43.079,1.8171,1.8177,1.20,1.00
2009.04.16 02:14:43.308,1.8172,1.81775,1.20,1.00
2009.04.16 02:14:43.899,1.81705,1.81755,1.60,1.00
2009.04.16 02:14:44.348,1.817,1.81755,2.40,1.00
2009.04.16 02:14:44.459,1.81715,1.81775,1.20,1.00
2009.04.16 02:14:45.208,1.8172,1.81775,1.20,1.00
2009.04.16 02:14:48.007,1.81735,1.81775,1.20,1.00
2009.04.16 02:14:48.277,1.81735,1.81795,1.20,1.60
2009.04.16 02:14:48.497,1.81735,1.81815,1.20,1.60
2009.04.16 02:14:49.117,1.81735,1.8182,1.20,2.40
2009.04.16 02:14:52.116,1.81735,1.8182,1.20,3.20
2009.04.16 02:14:52.456,1.8172,1.8179,4.00,1.00
2009.04.16 02:14:55.415,1.8173,1.81775,1.00,1.00
2009.04.16 02:14:55.476,1.81735,1.81775,1.20,1.00
2009.04.16 02:14:55.835,1.81735,1.8179,1.20,1.00
2009.04.16 02:14:57.545,1.81735,1.8179,1.60,1.00
2009.04.16 02:14:58.575,1.8175,1.8179,1.00,1.00
2009.04.16 02:14:58.925,1.8175,1.8181,3.00,1.60
2009.04.16 02:14:59.095,1.8175,1.8182,3.00,1.60
2009.04.16 02:14:59.334,1.8175,1.8182,2.20,1.60
2009.04.16 02:14:59.515,1.81755,1.8183,2.80,1.60
2009.04.16 02:14:59.854,1.81755,1.81825,2.80,1.60
2009.04.16 02:14:59.974,1.81755,1.8184,2.80,1.60
2009.04.16 02:15:01.204,1.81755,1.81835,2.00,1.00
2009.04.16 02:15:01.444,1.8175,1.81835,2.00,1.60
2009.04.16 02:15:03.503,1.81775,1.81835,1.20,1.00
2009.04.16 02:15:03.664,1.81775,1.8184,1.20,2.40
2009.04.16 02:15:03.724,1.81745,1.8184,1.60,2.40
2009.04.16 02:15:03.784,1.81745,1.8184,1.60,1.60
2009.04.16 02:15:04.094,1.81755,1.81885,1.60,1.60
2009.04.16 02:15:04.213,1.81755,1.8189,1.60,1.60
2009.04.16 02:15:04.333,1.8175,1.819,1.60,1.00
2009.04.16 02:15:05.103,1.8177,1.819,1.60,1.00
2009.04.16 02:15:05.613,1.8176,1.8188,1.60,1.00
2009.04.16 02:15:05.963,1.8175,1.8188,1.60,1.00
2009.04.16 02:15:06.773,1.81765,1.8188,1.60,1.00
2009.04.16 02:15:07.343,1.81745,1.8182,1.00,1.00
2009.04.16 02:15:07.803,1.81735,1.8183,1.60,1.60
2009.04.16 02:15:08.203,1.81725,1.8184,5.60,1.00
2009.04.16 02:15:08.662,1.8175,1.8182,1.20,1.00
2009.04.16 02:15:09.872,1.81745,1.818,3.20,1.00
2009.04.16 02:15:10.092,1.8175,1.8181,1.40,1.40
2009.04.16 02:15:10.252,1.8176,1.8183,1.20,1.00
2009.04.16 02:15:10.662,1.8176,1.81825,1.20,1.60
2009.04.16 02:15:10.772,1.8176,1.8183,1.20,1.00
2009.04.16 02:15:12.172,1.8175,1.818,2.20,1.00
2009.04.16 02:15:12.472,1.81745,1.818,1.00,1.00
2009.04.16 02:15:13.421,1.81745,1.8177,1.00,1.00
2009.04.16 02:15:13.541,1.81685,1.8177,2.40,1.00
2009.04.16 02:15:14.041,1.81685,1.8177,1.20,1.00
2009.04.16 02:15:14.691,1.817,1.81785,1.20,2.40
2009.04.16 02:15:14.811,1.817,1.81785,1.20,1.00
2009.04.16 02:15:16.031,1.817,1.81785,2.40,1.00
2009.04.16 02:15:16.141,1.8171,1.8179,1.20,1.60
2009.04.16 02:15:17.070,1.8171,1.81795,1.20,2.40
2009.04.16 02:15:23.889,1.8171,1.81795,1.20,1.00
2009.04.16 02:15:26.948,1.81705,1.81795,2.40,1.00
2009.04.16 02:15:27.288,1.8172,1.818,1.20,1.60
2009.04.16 02:15:27.968,1.8172,1.81805,1.20,2.40
2009.04.16 02:15:29.127,1.8172,1.81805,1.20,4.80
2009.04.16 02:15:29.308,1.8171,1.8178,3.00,1.00
2009.04.16 02:15:31.817,1.8173,1.81765,1.40,1.00
2009.04.16 02:15:32.167,1.81745,1.81765,1.20,1.00
2009.04.16 02:15:32.687,1.81725,1.81855,1.60,1.60
2009.04.16 02:15:33.086,1.81725,1.81865,1.60,2.60
2009.04.16 02:15:33.436,1.8172,1.81865,1.60,2.60
2009.04.16 02:15:35.576,1.8172,1.81845,1.60,1.00
2009.04.16 02:15:35.636,1.8171,1.81845,1.60,1.00
2009.04.16 02:15:37.696,1.81725,1.8185,1.60,2.60
2009.04.16 02:15:38.176,1.81725,1.8185,1.60,1.60
2009.04.16 02:15:38.406,1.8173,1.8185,1.60,1.60
2009.04.16 02:15:38.815,1.81745,1.8184,1.20,1.80
2009.04.16 02:15:46.073,1.81755,1.81835,1.20,3.20
2009.04.16 02:15:46.593,1.8174,1.8182,1.20,2.60
2009.04.16 02:15:47.713,1.81725,1.81795,1.40,1.40
2009.04.16 02:15:47.943,1.8172,1.8179,3.00,1.00
2009.04.16 02:15:48.413,1.8172,1.8178,2.20,1.00
2009.04.16 02:15:48.873,1.8171,1.81765,3.00,1.00
2009.04.16 02:15:49.053,1.8171,1.8176,2.20,1.00
2009.04.16 02:15:49.633,1.81705,1.81765,1.20,1.00
2009.04.16 02:15:50.032,1.8171,1.81765,2.40,1.00
2009.04.16 02:15:51.772,1.8171,1.8176,1.60,1.00
2009.04.16 02:15:51.942,1.817,1.8176,1.20,1.00
2009.04.16 02:15:52.492,1.8171,1.8176,1.20,1.00
2009.04.16 02:15:52.722,1.8171,1.8178,1.20,1.60
2009.04.16 02:15:52.772,1.8171,1.81795,1.20,2.40
2009.04.16 02:15:53.482,1.81695,1.81785,2.80,1.00
2009.04.16 02:15:53.882,1.817,1.81785,1.20,1.00
2009.04.16 02:15:54.111,1.817,1.81785,1.20,2.40
2009.04.16 02:15:55.851,1.81695,1.8177,1.20,1.40
2009.04.16 02:15:56.021,1.81695,1.8176,1.20,1.00
2009.04.16 02:15:56.321,1.81695,1.8176,2.40,1.00
2009.04.16 02:15:56.491,1.81705,1.81775,1.20,1.00
2009.04.16 02:16:00.410,1.8174,1.81815,2.80,1.00
2009.04.16 02:16:00.990,1.81745,1.81815,4.00,1.00
2009.04.16 02:16:01.100,1.81755,1.8182,1.20,1.00
2009.04.16 02:16:04.979,1.81755,1.81815,1.20,1.00
2009.04.16 02:16:05.359,1.8175,1.81815,2.40,1.00
2009.04.16 02:16:07.598,1.8175,1.81805,1.60,1.00
2009.04.16 02:16:07.778,1.81735,1.81805,1.20,1.00
2009.04.16 02:16:15.426,1.8173,1.81805,2.40,1.00
2009.04.16 02:16:15.486,1.8174,1.81805,1.20,1.00
2009.04.16 02:16:18.895,1.81735,1.81805,2.40,1.00
2009.04.16 02:16:19.075,1.8175,1.81805,1.20,1.00
2009.04.16 02:16:19.435,1.8175,1.81815,1.20,1.00
2009.04.16 02:16:23.994,1.8175,1.81805,1.20,1.00
2009.04.16 02:16:24.224,1.81735,1.81805,5.60,1.00
2009.04.16 02:16:24.284,1.8175,1.81815,1.20,1.00
2009.04.16 02:16:32.652,1.8175,1.818,1.20,1.00
2009.04.16 02:16:32.822,1.81735,1.818,2.40,1.00
2009.04.16 02:16:36.631,1.81735,1.818,1.20,1.00
2009.04.16 02:16:43.899,1.8173,1.818,2.40,1.00
2009.04.16 02:16:44.010,1.81745,1.81805,1.20,1.00
2009.04.16 02:16:45.069,1.81745,1.818,1.20,1.00
2009.04.16 02:16:47.878,1.8173,1.818,2.80,2.60
2009.04.16 02:16:47.998,1.81735,1.81795,1.20,1.00
2009.04.16 02:16:50.158,1.8173,1.81785,1.60,1.00
2009.04.16 02:16:50.268,1.8173,1.81785,1.20,1.00
2009.04.16 02:17:02.115,1.8174,1.81805,1.20,1.00
2009.04.16 02:17:07.634,1.81735,1.81805,2.40,1.00
2009.04.16 02:17:07.754,1.8175,1.81815,1.20,1.00
2009.04.16 02:17:08.124,1.81755,1.8182,1.20,1.00
2009.04.16 02:17:12.702,1.8175,1.81825,2.80,1.00
2009.04.16 02:17:13.283,1.81755,1.81825,2.40,1.00
2009.04.16 02:17:13.582,1.8177,1.8183,1.20,1.00
2009.04.16 02:17:19.931,1.81775,1.8183,1.20,1.00
2009.04.16 02:17:20.041,1.81775,1.81845,2.80,1.00
2009.04.16 02:17:23.989,1.81775,1.81845,2.00,1.00
2009.04.16 02:17:29.299,1.81765,1.8184,2.80,1.00
2009.04.16 02:17:31.628,1.8177,1.81845,2.00,1.00
2009.04.16 02:17:32.728,1.8177,1.81845,2.00,1.80
2009.04.16 02:17:33.128,1.81755,1.8183,2.00,1.00
2009.04.16 02:17:35.107,1.8177,1.8183,1.20,1.00
2009.04.16 02:17:35.167,1.8177,1.81845,2.00,1.00
2009.04.16 02:17:40.496,1.8178,1.81855,2.00,1.80
2009.04.16 02:17:42.165,1.8179,1.8186,2.00,2.80
2009.04.16 02:17:53.822,1.81795,1.8187,2.00,2.00
2009.04.16 02:17:54.003,1.81795,1.8187,2.00,1.80
2009.04.16 02:17:54.632,1.81805,1.81875,2.00,2.80
2009.04.16 02:17:57.241,1.8177,1.8186,4.60,1.00
2009.04.16 02:17:57.422,1.81765,1.8186,1.60,1.00
2009.04.16 02:17:57.811,1.81755,1.8186,2.00,1.00
2009.04.16 02:18:00.351,1.81765,1.8186,2.00,1.00
2009.04.16 02:18:00.461,1.81765,1.8185,2.00,1.00
2009.04.16 02:18:03.890,1.81765,1.8185,3.40,1.00
2009.04.16 02:18:04.070,1.8178,1.81865,2.00,2.40
2009.04.16 02:18:04.640,1.8178,1.81865,2.00,1.00
2009.04.16 02:18:06.329,1.8178,1.8187,2.00,4.00
2009.04.16 02:18:06.440,1.8178,1.81855,2.00,1.00
2009.04.16 02:18:06.729,1.8177,1.81855,2.00,1.00
2009.04.16 02:18:08.369,1.8177,1.81855,2.80,1.00
2009.04.16 02:18:08.829,1.8177,1.8186,2.80,1.60
2009.04.16 02:18:13.378,1.81775,1.81855,1.60,1.00
2009.04.16 02:18:13.657,1.8176,1.81855,2.80,1.00
2009.04.16 02:18:14.627,1.8178,1.81865,1.20,1.80
2009.04.16 02:18:15.068,1.8178,1.81865,2.00,1.00
2009.04.16 02:18:17.577,1.81775,1.8187,2.80,1.80
2009.04.16 02:18:19.786,1.818,1.81865,2.00,1.00
2009.04.16 02:18:19.956,1.818,1.81875,2.00,1.60
2009.04.16 02:18:20.296,1.818,1.8188,2.00,2.40
2009.04.16 02:18:20.476,1.818,1.8188,2.00,1.20
2009.04.16 02:18:23.025,1.81805,1.8187,1.60,1.80
2009.04.16 02:18:23.255,1.81785,1.8187,1.60,1.80
2009.04.16 02:18:23.375,1.81775,1.8187,2.80,1.80
2009.04.16 02:18:24.695,1.81775,1.81865,2.80,3.20
2009.04.16 02:18:24.805,1.8178,1.81845,1.20,1.00
2009.04.16 02:18:24.925,1.8177,1.81845,2.00,1.00
2009.04.16 02:18:27.304,1.81765,1.8184,2.00,1.00
2009.04.16 02:18:31.683,1.81765,1.8184,2.00,4.20
2009.04.16 02:18:32.163,1.81745,1.8182,2.00,1.00
2009.04.16 02:18:33.823,1.8173,1.81805,2.80,1.00
2009.04.16 02:18:34.063,1.8173,1.81805,2.80,1.00
2009.04.16 02:18:34.293,1.8174,1.8181,2.00,1.00
2009.04.16 02:18:34.643,1.81725,1.8181,2.00,1.80
2009.04.16 02:18:34.992,1.81725,1.8181,2.00,2.80
2009.04.16 02:18:37.072,1.8174,1.8181,1.20,2.00
2009.04.16 02:18:37.312,1.8174,1.8182,2.00,2.60
2009.04.16 02:18:37.552,1.8174,1.8182,2.00,1.00
2009.04.16 02:18:48.679,1.8174,1.8181,2.00,1.00
2009.04.16 02:18:48.790,1.8173,1.81805,2.00,1.00
2009.04.16 02:18:49.129,1.8173,1.81805,2.00,1.80
2009.04.16 02:18:49.479,1.8173,1.81795,2.00,1.00
2009.04.16 02:18:49.589,1.81725,1.81795,2.00,1.00
2009.04.16 02:18:50.109,1.8171,1.81795,2.00,1.80
2009.04.16 02:18:56.317,1.8171,1.81795,3.40,1.80
2009.04.16 02:18:56.438,1.81725,1.81795,1.20,1.00
2009.04.16 02:18:56.607,1.81725,1.818,2.00,1.20
2009.04.16 02:19:00.746,1.8174,1.818,1.20,1.20
2009.04.16 02:19:00.866,1.81755,1.818,2.00,1.20
2009.04.16 02:19:01.376,1.81735,1.8182,2.00,2.80
2009.04.16 02:19:01.896,1.81735,1.8182,2.00,1.80
2009.04.16 02:19:06.325,1.8175,1.81835,2.00,2.60
2009.04.16 02:19:06.835,1.8175,1.81835,2.00,1.80
2009.04.16 02:19:18.262,1.8179,1.8188,2.00,2.80
2009.04.16 02:19:23.061,1.81785,1.8186,2.00,1.80
2009.04.16 02:19:23.591,1.81785,1.8186,2.00,2.80
2009.04.16 02:19:24.281,1.81795,1.8186,1.20,2.80
2009.04.16 02:19:24.680,1.81795,1.8187,2.00,1.00
2009.04.16 02:19:25.240,1.818,1.8187,2.00,1.00
2009.04.16 02:19:26.280,1.818,1.8188,2.00,1.20
2009.04.16 02:19:26.340,1.81815,1.81885,1.20,1.00
2009.04.16 02:19:26.670,1.8182,1.8189,2.00,2.00
2009.04.16 02:19:27.140,1.8182,1.8189,2.00,1.00
2009.04.16 02:19:31.559,1.8182,1.8189,2.00,1.80
2009.04.16 02:19:31.849,1.8181,1.81885,2.00,1.00
2009.04.16 02:19:32.748,1.8181,1.81875,2.00,1.00
2009.04.16 02:19:33.089,1.81795,1.8187,2.00,1.00
2009.04.16 02:19:37.478,1.81795,1.8187,2.80,1.00
2009.04.16 02:19:37.977,1.818,1.8188,2.00,1.80
2009.04.16 02:19:38.507,1.8182,1.8189,2.00,1.00
2009.04.16 02:19:39.547,1.8182,1.8189,2.00,1.80
2009.04.16 02:19:40.007,1.8181,1.81885,2.00,1.00
2009.04.16 02:19:51.514,1.8182,1.8189,2.00,1.80
2009.04.16 02:19:51.574,1.8182,1.8189,2.00,1.00
2009.04.16 02:19:53.424,1.81805,1.81875,2.80,1.00
2009.04.16 02:19:53.663,1.81815,1.81875,1.00,1.00
2009.04.16 02:19:59.242,1.81815,1.81875,2.20,1.00
2009.04.16 02:19:59.582,1.8183,1.81885,3.00,1.00
2009.04.16 02:19:59.872,1.8183,1.81885,2.20,1.00
2009.04.16 02:19:59.982,1.8182,1.81885,3.20,1.00
2009.04.16 02:20:06.460,1.8182,1.81885,2.20,1.00
2009.04.16 02:20:06.570,1.81815,1.81885,1.20,1.00
2009.04.16 02:20:09.549,1.81805,1.8188,1.20,1.00
2009.04.16 02:20:09.950,1.8181,1.8188,1.40,1.00
2009.04.16 02:20:10.239,1.81805,1.8188,1.20,1.00
2009.04.16 02:20:10.769,1.818,1.8188,2.80,1.00
2009.04.16 02:20:11.049,1.818,1.8188,2.00,1.00
2009.04.16 02:20:11.479,1.81785,1.8187,6.00,1.80
2009.04.16 02:20:11.949,1.81785,1.8187,2.00,1.80
2009.04.16 02:20:13.509,1.81785,1.8188,5.20,1.60
2009.04.16 02:20:13.809,1.81785,1.81885,5.20,1.60
2009.04.16 02:20:20.037,1.8178,1.8188,1.60,2.80
2009.04.16 02:20:20.437,1.81775,1.8187,1.60,3.20
2009.04.16 02:20:20.607,1.8177,1.81855,1.20,1.00
2009.04.16 02:20:21.177,1.81775,1.8187,2.00,1.60
2009.04.16 02:20:21.517,1.81785,1.8191,2.00,1.60
2009.04.16 02:20:21.787,1.818,1.8191,2.00,1.60
2009.04.16 02:20:22.027,1.8182,1.8191,1.20,1.60
2009.04.16 02:20:22.317,1.8182,1.81915,1.20,1.00
2009.04.16 02:20:33.024,1.81835,1.8191,2.80,1.00
2009.04.16 02:20:33.314,1.81835,1.819,2.00,1.00
2009.04.16 02:20:33.544,1.8182,1.81905,1.40,1.80
2009.04.16 02:20:33.784,1.8183,1.81905,1.20,1.00
2009.04.16 02:20:34.354,1.81835,1.8191,2.00,1.00
2009.04.16 02:20:35.104,1.8184,1.81915,2.00,1.80
2009.04.16 02:20:35.663,1.8184,1.81925,2.00,2.40
2009.04.16 02:20:36.003,1.81835,1.8193,2.80,3.40
2009.04.16 02:20:36.413,1.81835,1.8193,2.80,1.80
2009.04.16 02:20:38.703,1.81855,1.8193,1.40,1.80
2009.04.16 02:20:38.943,1.8187,1.8194,2.00,1.60
2009.04.16 02:20:39.362,1.8187,1.81945,2.00,2.60
2009.04.16 02:20:39.542,1.8187,1.81945,2.00,1.80
2009.04.16 02:20:46.621,1.8188,1.8195,2.00,2.00
2009.04.16 02:20:47.701,1.8188,1.8195,2.00,1.00
2009.04.16 02:20:47.871,1.8189,1.81955,2.80,1.20
2009.04.16 02:20:48.290,1.8189,1.81995,2.80,2.60
2009.04.16 02:20:53.389,1.8189,1.8198,2.80,3.20
2009.04.16 02:20:53.859,1.8189,1.8197,2.00,1.80
2009.04.16 02:20:54.209,1.819,1.81975,2.00,2.60
2009.04.16 02:20:54.669,1.819,1.81975,2.00,1.80
2009.04.16 02:20:54.899,1.8189,1.8197,2.00,1.80
2009.04.16 02:20:56.348,1.81885,1.8196,2.00,1.80
2009.04.16 02:20:56.938,1.81865,1.8194,5.00,1.00
2009.04.16 02:20:57.338,1.81865,1.8194,3.60,1.00
2009.04.16 02:20:57.568,1.81865,1.8193,2.00,1.00
2009.04.16 02:20:57.908,1.8183,1.81925,2.40,1.80
2009.04.16 02:20:58.198,1.8184,1.8193,2.00,1.00
2009.04.16 02:20:59.008,1.81875,1.8202,2.00,1.80
2009.04.16 02:20:59.118,1.81875,1.82025,1.60,1.60
2009.04.16 02:20:59.408,1.81875,1.82025,2.00,1.60
2009.04.16 02:21:00.627,1.81885,1.82,2.00,1.00
2009.04.16 02:21:01.027,1.81885,1.82,2.00,2.60
2009.04.16 02:21:02.737,1.81885,1.8198,2.00,3.20
2009.04.16 02:21:02.787,1.81885,1.8196,2.00,1.00
2009.04.16 02:21:03.247,1.81895,1.81975,2.00,1.80
2009.04.16 02:21:03.537,1.81895,1.81975,2.00,4.20
2009.04.16 02:21:04.006,1.81895,1.81975,2.00,2.60
2009.04.16 02:21:04.476,1.81895,1.81975,2.00,1.80
2009.04.16 02:21:05.356,1.81895,1.8196,2.00,1.00
2009.04.16 02:21:05.656,1.8188,1.8196,2.00,1.80
2009.04.16 02:21:12.514,1.8187,1.8194,2.00,1.80
2009.04.16 02:21:12.744,1.8186,1.8193,2.00,1.00
2009.04.16 02:21:13.794,1.8186,1.8194,2.80,1.20
2009.04.16 02:21:14.094,1.8186,1.81945,2.80,1.00
2009.04.16 02:21:14.844,1.8186,1.81935,2.00,1.00
2009.04.16 02:21:15.004,1.81845,1.81925,3.60,1.00
2009.04.16 02:21:15.644,1.8184,1.81925,2.80,1.00
2009.04.16 02:21:16.363,1.81845,1.81925,2.40,1.00
2009.04.16 02:21:16.864,1.81865,1.81935,2.00,1.00
2009.04.16 02:21:17.423,1.81845,1.81915,2.00,1.00
2009.04.16 02:21:17.753,1.81835,1.8192,1.60,5.00
2009.04.16 02:21:18.193,1.8182,1.81905,2.80,1.00
2009.04.16 02:21:18.953,1.8183,1.8192,2.80,2.40
2009.04.16 02:21:19.303,1.8183,1.8192,2.80,1.00
2009.04.16 02:21:19.823,1.81845,1.81925,1.20,1.00
2009.04.16 02:21:20.003,1.81845,1.8192,1.20,3.20
2009.04.16 02:21:20.343,1.81835,1.81905,2.00,1.00
2009.04.16 02:21:20.752,1.81815,1.819,2.00,1.00
2009.04.16 02:21:21.212,1.8181,1.819,6.60,1.00
2009.04.16 02:21:21.383,1.8183,1.8191,2.80,3.20
2009.04.16 02:21:22.292,1.81815,1.819,2.00,1.80
2009.04.16 02:21:23.452,1.8182,1.8189,2.00,1.80
2009.04.16 02:21:24.691,1.81835,1.8189,1.20,1.00
2009.04.16 02:21:24.921,1.81835,1.81925,2.00,2.40
2009.04.16 02:21:25.321,1.81835,1.81925,2.00,1.00
2009.04.16 02:21:25.681,1.81835,1.8193,1.20,1.80
2009.04.16 02:21:28.061,1.8184,1.8193,1.20,1.80
2009.04.16 02:21:29.940,1.81845,1.81925,2.00,1.00
2009.04.16 02:21:32.369,1.8184,1.8192,2.00,1.00
2009.04.16 02:21:36.259,1.8184,1.81905,2.00,1.00
2009.04.16 02:21:36.309,1.81825,1.81905,3.60,1.00
2009.04.16 02:21:36.419,1.81835,1.81905,2.00,1.00
2009.04.16 02:21:36.699,1.81865,1.8191,1.40,1.00
2009.04.16 02:21:36.879,1.81895,1.8193,2.00,1.20
2009.04.16 02:21:37.309,1.8188,1.81965,2.00,3.20
2009.04.16 02:21:37.728,1.81895,1.8197,2.00,1.60
2009.04.16 02:21:39.608,1.8191,1.8197,2.00,1.20
2009.04.16 02:21:39.788,1.8191,1.81985,2.00,3.20
2009.04.16 02:21:39.908,1.8191,1.8199,2.00,2.60
2009.04.16 02:21:40.878,1.8192,1.8199,2.00,1.80
2009.04.16 02:21:41.227,1.8192,1.81975,2.00,3.20
2009.04.16 02:21:41.397,1.81885,1.81965,3.60,4.20
2009.04.16 02:21:41.517,1.81885,1.8195,3.60,1.00
2009.04.16 02:21:41.687,1.81885,1.8195,2.00,1.00
2009.04.16 02:21:41.917,1.81875,1.8195,1.60,1.00
2009.04.16 02:21:42.207,1.8186,1.8195,1.20,1.00
2009.04.16 02:21:43.827,1.81855,1.8194,2.40,1.00
2009.04.16 02:21:44.057,1.8185,1.81925,3.00,1.00
2009.04.16 02:21:44.457,1.81865,1.81945,2.00,1.80
2009.04.16 02:21:46.246,1.8187,1.8194,2.00,1.00
2009.04.16 02:21:46.996,1.8187,1.8195,2.00,1.00
2009.04.16 02:21:47.456,1.81885,1.8195,2.00,1.00
2009.04.16 02:21:47.566,1.81885,1.8196,2.00,1.60
2009.04.16 02:21:48.256,1.81885,1.81955,2.00,1.00
2009.04.16 02:21:48.606,1.8189,1.8196,2.00,1.80
2009.04.16 02:21:55.504,1.8189,1.81945,2.00,1.00
2009.04.16 02:21:55.964,1.8188,1.81945,2.00,1.00
2009.04.16 02:21:57.453,1.8188,1.81955,2.00,1.80
2009.04.16 02:21:58.033,1.8188,1.8195,2.00,3.20
2009.04.16 02:21:58.323,1.8186,1.81935,2.00,1.80
2009.04.16 02:22:00.743,1.81875,1.81945,2.00,1.80
2009.04.16 02:22:05.042,1.8189,1.8196,2.00,2.80
2009.04.16 02:22:05.452,1.8188,1.81955,2.00,1.80
2009.04.16 02:22:06.731,1.819,1.8195,2.00,1.00
2009.04.16 02:22:07.081,1.819,1.8196,2.00,1.60
2009.04.16 02:22:07.311,1.819,1.8196,2.00,1.20
2009.04.16 02:22:07.991,1.81915,1.8197,2.00,1.20
2009.04.16 02:22:08.231,1.81915,1.81965,2.00,1.00
2009.04.16 02:22:09.141,1.8189,1.81965,2.00,1.00
2009.04.16 02:22:12.760,1.8191,1.8196,1.40,1.00
2009.04.16 02:22:12.980,1.8194,1.8197,2.00,1.20
2009.04.16 02:22:13.219,1.81915,1.8198,2.40,2.40
2009.04.16 02:22:13.450,1.81915,1.8198,2.00,1.60
2009.04.16 02:22:13.730,1.8191,1.8198,2.00,1.60
2009.04.16 02:22:13.970,1.8191,1.8198,2.00,1.00
2009.04.16 02:22:14.259,1.81885,1.8198,2.00,1.00
2009.04.16 02:22:15.289,1.81895,1.81975,2.00,3.20
2009.04.16 02:22:15.459,1.81895,1.8196,2.00,1.00
2009.04.16 02:22:15.819,1.81895,1.81955,2.00,3.20
2009.04.16 02:22:16.249,1.81875,1.8194,1.60,1.00
2009.04.16 02:22:16.369,1.81855,1.8194,1.20,1.00
2009.04.16 02:22:16.939,1.81855,1.81945,1.20,4.00
2009.04.16 02:22:16.999,1.81845,1.81935,2.80,1.00
2009.04.16 02:22:17.318,1.8185,1.81935,1.20,1.00
2009.04.16 02:22:18.009,1.8185,1.81935,1.20,3.20
2009.04.16 02:22:18.358,1.8184,1.8192,2.00,1.00
2009.04.16 02:22:23.818,1.81845,1.8193,2.00,1.00
2009.04.16 02:22:29.586,1.8186,1.8193,2.00,1.80
2009.04.16 02:22:29.696,1.81865,1.81925,2.00,3.20
2009.04.16 02:22:30.045,1.8183,1.8191,1.60,1.00
2009.04.16 02:22:30.456,1.8182,1.8192,2.40,1.00
2009.04.16 02:22:30.915,1.8183,1.81925,1.20,1.00
2009.04.16 02:22:32.065,1.81825,1.8191,2.80,1.00
2009.04.16 02:22:32.585,1.8186,1.8191,2.00,1.00
2009.04.16 02:22:32.815,1.81825,1.81915,1.60,1.00
2009.04.16 02:22:33.165,1.81825,1.819,1.60,1.00
2009.04.16 02:22:33.455,1.81785,1.8192,2.00,1.60
2009.04.16 02:22:33.685,1.818,1.819,1.20,1.00
2009.04.16 02:22:34.325,1.8186,1.81935,2.00,1.60
2009.04.16 02:22:34.495,1.8185,1.81925,1.20,3.20
2009.04.16 02:22:34.715,1.8183,1.81915,1.60,1.00
2009.04.16 02:22:35.064,1.81845,1.81945,2.00,1.40
2009.04.16 02:22:35.174,1.81845,1.81935,2.00,1.60
2009.04.16 02:22:35.534,1.8186,1.8195,2.00,2.80
2009.04.16 02:22:35.774,1.81855,1.8194,2.00,1.20
2009.04.16 02:22:37.204,1.81855,1.81935,2.00,1.80
2009.04.16 02:22:37.544,1.8184,1.8192,2.80,1.00
2009.04.16 02:22:39.703,1.8184,1.81905,2.00,1.00
2009.04.16 02:22:39.863,1.8182,1.81895,5.60,1.00
2009.04.16 02:22:40.313,1.81815,1.81895,3.60,1.00
2009.04.16 02:22:42.853,1.8182,1.8191,2.00,1.80
2009.04.16 02:22:46.122,1.8182,1.819,2.00,1.00
2009.04.16 02:22:46.531,1.81815,1.81895,3.60,1.00
2009.04.16 02:22:53.560,1.81825,1.81895,1.20,1.00
2009.04.16 02:22:53.950,1.81825,1.819,2.00,1.00
2009.04.16 02:22:57.979,1.8184,1.81915,2.00,1.00
2009.04.16 02:22:58.269,1.81855,1.8193,2.00,2.60
2009.04.16 02:22:59.238,1.81865,1.81935,2.00,1.80
2009.04.16 02:22:59.689,1.81855,1.8193,2.00,1.00
2009.04.16 02:22:59.978,1.8187,1.81945,1.00,1.60
2009.04.16 02:23:00.438,1.8187,1.8195,1.60,1.60
2009.04.16 02:23:00.668,1.8187,1.81965,3.00,2.60
2009.04.16 02:23:01.088,1.8189,1.81965,1.00,1.60
2009.04.16 02:23:01.538,1.8189,1.8198,1.00,2.40
2009.04.16 02:23:01.778,1.8189,1.8198,1.00,1.60
2009.04.16 02:23:02.478,1.81875,1.8198,2.00,1.60
2009.04.16 02:23:03.158,1.8189,1.8198,3.00,1.60
2009.04.16 02:23:03.508,1.8189,1.81985,3.00,1.60
2009.04.16 02:23:04.027,1.819,1.81985,2.00,1.60
2009.04.16 02:23:04.318,1.819,1.81995,2.00,1.20
2009.04.16 02:23:05.827,1.819,1.82005,2.00,1.60
2009.04.16 02:23:06.177,1.819,1.82015,2.00,2.60
2009.04.16 02:23:06.947,1.8191,1.82015,2.00,2.60
2009.04.16 02:23:07.287,1.81925,1.82005,1.20,1.00
2009.04.16 02:23:09.916,1.81905,1.82015,1.60,1.00
2009.04.16 02:23:10.026,1.81905,1.82015,1.60,2.60
2009.04.16 02:23:10.086,1.81895,1.82015,3.40,2.60
2009.04.16 02:23:12.365,1.819,1.82,1.20,1.80
2009.04.16 02:23:13.235,1.819,1.81995,2.00,1.00
2009.04.16 02:23:13.515,1.819,1.8199,2.80,2.40
2009.04.16 02:23:13.795,1.819,1.81995,2.80,1.80
2009.04.16 02:23:14.315,1.81915,1.82,1.20,1.60
2009.04.16 02:23:14.705,1.81915,1.82,2.80,1.60
2009.04.16 02:23:14.875,1.81915,1.8202,2.80,1.80
2009.04.16 02:23:16.894,1.81925,1.82,2.00,1.00
2009.04.16 02:23:17.124,1.81915,1.82005,2.80,1.80
2009.04.16 02:23:17.294,1.81915,1.82005,4.40,1.80
2009.04.16 02:23:17.694,1.81915,1.82005,2.80,1.80
2009.04.16 02:23:19.834,1.81925,1.82005,2.00,1.00
2009.04.16 02:23:23.743,1.8191,1.81985,4.20,1.00
2009.04.16 02:23:24.173,1.8193,1.82,2.00,2.40
2009.04.16 02:23:24.293,1.81915,1.81995,2.00,1.00
2009.04.16 02:23:25.053,1.8192,1.8198,2.20,1.00
2009.04.16 02:23:25.402,1.819,1.8198,1.60,1.00
2009.04.16 02:23:25.872,1.819,1.8198,2.00,1.00
2009.04.16 02:23:25.992,1.8191,1.81985,2.00,1.00
2009.04.16 02:23:33.230,1.8192,1.8197,1.20,1.00
2009.04.16 02:23:33.460,1.8192,1.82005,3.40,2.60
2009.04.16 02:23:34.100,1.8194,1.8202,2.80,1.60
2009.04.16 02:23:34.560,1.8194,1.82035,1.20,1.00
2009.04.16 02:23:35.550,1.81945,1.82035,2.80,3.40
2009.04.16 02:23:35.970,1.8193,1.82025,2.80,1.80
2009.04.16 02:23:36.939,1.8194,1.82025,1.20,1.80
2009.04.16 02:23:37.109,1.8194,1.82025,1.20,1.00
2009.04.16 02:23:37.909,1.8193,1.8204,2.00,1.60
2009.04.16 02:23:38.699,1.8193,1.82045,2.00,2.60
2009.04.16 02:23:38.929,1.81925,1.82015,3.00,1.80
2009.04.16 02:23:39.389,1.8193,1.8203,2.80,1.60
2009.04.16 02:23:39.829,1.8193,1.8204,2.80,1.80
2009.04.16 02:23:40.638,1.8192,1.82005,2.20,1.80
2009.04.16 02:23:40.859,1.81915,1.81995,1.60,1.00
2009.04.16 02:23:41.079,1.81915,1.82,1.60,1.80
2009.04.16 02:23:41.198,1.81895,1.8201,1.60,1.60
2009.04.16 02:23:41.549,1.8189,1.82025,1.60,2.60
2009.04.16 02:23:41.788,1.81895,1.82015,1.60,2.60
2009.04.16 02:23:42.198,1.81895,1.81995,1.60,1.00
2009.04.16 02:23:42.498,1.81895,1.8199,1.60,1.00
2009.04.16 02:23:42.818,1.8188,1.8199,1.60,1.00
2009.04.16 02:23:43.118,1.8188,1.8199,1.60,2.60
2009.04.16 02:23:43.978,1.819,1.8199,1.20,1.60
2009.04.16 02:23:44.348,1.819,1.81995,1.20,1.80
2009.04.16 02:23:47.577,1.8189,1.8199,1.60,1.00
2009.04.16 02:23:48.077,1.819,1.8199,1.20,1.80
2009.04.16 02:23:57.655,1.81895,1.8198,2.40,1.00
2009.04.16 02:23:57.894,1.819,1.8198,1.20,1.00
2009.04.16 02:23:58.224,1.819,1.8198,1.20,3.20
2009.04.16 02:23:58.574,1.8188,1.81965,2.40,1.80
2009.04.16 02:23:59.084,1.8188,1.8196,2.00,1.80
2009.04.16 02:23:59.294,1.8187,1.8195,2.00,1.00
2009.04.16 02:23:59.754,1.8187,1.8194,2.00,1.00
2009.04.16 02:24:00.044,1.81855,1.8194,1.20,1.00
2009.04.16 02:24:00.224,1.81865,1.81925,2.00,1.00
2009.04.16 02:24:00.674,1.8185,1.81925,1.60,1.00
2009.04.16 02:24:01.094,1.81845,1.81925,1.20,1.00
2009.04.16 02:24:02.713,1.81855,1.81925,1.40,1.00
2009.04.16 02:24:03.243,1.8187,1.8194,2.40,1.60
2009.04.16 02:24:03.583,1.8188,1.81975,1.20,1.00
2009.04.16 02:24:04.283,1.8189,1.81975,1.40,1.00
2009.04.16 02:24:04.743,1.81895,1.8197,2.80,1.20
2009.04.16 02:24:05.153,1.81895,1.8199,2.80,1.80
2009.04.16 02:24:05.383,1.81895,1.81975,2.80,3.20
2009.04.16 02:24:05.833,1.81895,1.81965,1.20,1.00
2009.04.16 02:24:07.152,1.81895,1.8195,1.20,1.00
2009.04.16 02:24:08.412,1.81895,1.8195,2.00,1.00
2009.04.16 02:24:08.692,1.8191,1.81965,1.20,3.20
2009.04.16 02:24:08.912,1.81895,1.8197,2.00,1.00
2009.04.16 02:24:09.421,1.8191,1.8198,1.20,1.60
2009.04.16 02:24:09.651,1.81915,1.8198,1.40,1.60
2009.04.16 02:24:10.042,1.8192,1.82,2.80,1.60
2009.04.16 02:24:10.261,1.8192,1.82005,2.80,1.00
2009.04.16 02:24:10.431,1.8191,1.82,2.80,1.80
2009.04.16 02:24:11.591,1.81915,1.82,2.40,1.80
2009.04.16 02:24:11.831,1.8193,1.82,2.00,1.20
2009.04.16 02:24:12.181,1.8193,1.82005,2.00,1.00
2009.04.16 02:24:13.761,1.8191,1.82,4.40,1.80
2009.04.16 02:24:16.710,1.81895,1.81975,2.00,1.80
2009.04.16 02:24:17.360,1.81905,1.81985,2.00,1.00
2009.04.16 02:24:19.579,1.81905,1.81985,3.40,1.00
2009.04.16 02:24:19.749,1.8192,1.82,2.00,3.60
2009.04.16 02:24:22.359,1.8192,1.82,2.00,2.80
2009.04.16 02:24:22.869,1.8192,1.8201,2.80,4.00
2009.04.16 02:24:23.348,1.8191,1.82,2.80,1.80
2009.04.16 02:24:23.819,1.8192,1.8201,1.20,4.00
2009.04.16 02:24:24.408,1.8191,1.82,2.80,1.80
2009.04.16 02:24:25.968,1.8192,1.82,1.20,1.00
2009.04.16 02:24:26.088,1.8192,1.82005,1.20,1.00
2009.04.16 02:24:26.698,1.8192,1.82,1.20,1.00
2009.04.16 02:24:27.097,1.81905,1.8199,1.20,1.00
2009.04.16 02:24:31.676,1.81905,1.81985,1.20,3.20
2009.04.16 02:24:31.786,1.8189,1.81975,2.40,1.00
2009.04.16 02:24:32.196,1.81885,1.81975,2.80,1.00
2009.04.16 02:24:32.896,1.81885,1.81975,2.80,3.20
2009.04.16 02:24:33.116,1.8188,1.81965,3.00,1.00
2009.04.16 02:24:33.516,1.81885,1.81975,2.80,1.00
2009.04.16 02:24:39.145,1.81885,1.81975,4.40,1.00
2009.04.16 02:24:39.314,1.81895,1.81975,2.00,1.80
2009.04.16 02:24:50.292,1.8191,1.8199,2.80,2.00
2009.04.16 02:24:50.352,1.8191,1.8199,2.00,2.80
2009.04.16 02:24:50.872,1.8191,1.8199,2.00,1.80
2009.04.16 02:24:51.941,1.8191,1.8199,2.00,1.00
2009.04.16 02:24:52.121,1.8192,1.82,2.00,1.80
2009.04.16 02:24:52.331,1.8192,1.82,2.80,2.00
2009.04.16 02:24:52.571,1.8192,1.82,2.80,1.00
2009.04.16 02:24:54.991,1.8192,1.82,2.00,1.80
2009.04.16 02:24:55.101,1.8191,1.8199,2.00,1.00
2009.04.16 02:24:56.220,1.8192,1.81995,2.00,1.80
2009.04.16 02:24:56.330,1.8192,1.81995,2.00,1.00
2009.04.16 02:25:03.819,1.81935,1.82005,2.00,1.00
2009.04.16 02:25:04.279,1.81935,1.82005,2.00,2.60
2009.04.16 02:25:04.688,1.8195,1.81995,1.40,1.00
2009.04.16 02:25:04.848,1.8196,1.82035,2.00,1.60
2009.04.16 02:25:05.068,1.8195,1.82035,2.00,1.60
2009.04.16 02:25:05.188,1.8195,1.8204,2.00,1.00
2009.04.16 02:25:22.824,1.8196,1.8201,2.20,1.00
2009.04.16 02:25:22.934,1.8194,1.8201,2.00,1.00
2009.04.16 02:25:23.224,1.8194,1.82,1.20,1.00
2009.04.16 02:25:23.794,1.81925,1.82,2.80,1.00
2009.04.16 02:25:24.144,1.81965,1.82,1.20,1.00
2009.04.16 02:25:24.483,1.81965,1.8206,2.00,1.60
2009.04.16 02:25:24.903,1.81965,1.82065,2.00,2.80
2009.04.16 02:25:26.413,1.8198,1.8205,2.00,2.00
2009.04.16 02:25:26.933,1.8198,1.8205,2.00,1.00
2009.04.16 02:25:30.112,1.8198,1.8205,2.00,2.60
2009.04.16 02:25:30.452,1.81975,1.82045,2.00,1.00
2009.04.16 02:25:30.672,1.81975,1.82045,2.00,2.60
2009.04.16 02:25:30.792,1.81975,1.82045,2.80,1.20
2009.04.16 02:25:31.142,1.81975,1.8205,2.80,1.00
2009.04.16 02:25:31.202,1.81975,1.8205,2.80,2.00
2009.04.16 02:25:32.232,1.8198,1.8205,2.40,2.00
2009.04.16 02:25:32.402,1.8199,1.8205,1.20,2.00
2009.04.16 02:25:32.861,1.8199,1.8206,2.00,1.00
2009.04.16 02:25:33.561,1.8199,1.8206,2.00,1.80
2009.04.16 02:25:33.951,1.8198,1.82055,2.80,2.00
2009.04.16 02:25:34.291,1.81985,1.82055,2.40,2.00
2009.04.16 02:25:34.821,1.81995,1.82065,2.80,3.60
2009.04.16 02:25:35.051,1.81995,1.82065,2.80,1.00
2009.04.16 02:25:35.231,1.82005,1.8207,2.80,1.60
2009.04.16 02:25:35.461,1.82005,1.8208,2.80,2.00
2009.04.16 02:25:35.641,1.82005,1.82075,1.20,1.00
2009.04.16 02:25:36.101,1.82005,1.82075,1.20,2.00
2009.04.16 02:25:36.220,1.82005,1.82075,1.20,2.80
2009.04.16 02:25:37.011,1.81985,1.8206,2.80,1.00
2009.04.16 02:25:37.481,1.82005,1.82065,1.20,2.00
2009.04.16 02:25:37.770,1.81995,1.82065,2.00,1.00
2009.04.16 02:25:40.370,1.82045,1.82075,1.40,1.00
2009.04.16 02:25:40.820,1.82045,1.82065,2.00,3.20
2009.04.16 02:25:41.350,1.8203,1.8208,1.60,1.00
2009.04.16 02:25:41.699,1.8199,1.82085,1.20,2.40
2009.04.16 02:25:42.049,1.8199,1.82085,1.20,1.60
2009.04.16 02:25:42.209,1.8199,1.82085,1.20,1.00
2009.04.16 02:25:43.619,1.81995,1.82075,1.40,1.00
2009.04.16 02:25:43.959,1.82005,1.82085,1.20,1.00
2009.04.16 02:25:44.129,1.8201,1.8206,2.00,1.00
2009.04.16 02:25:44.529,1.81975,1.82085,6.00,1.00
2009.04.16 02:25:44.879,1.82,1.8206,2.00,1.00
2009.04.16 02:25:50.767,1.81955,1.8205,2.80,3.40
2009.04.16 02:25:52.857,1.81955,1.8205,2.80,1.80
2009.04.16 02:25:54.756,1.81955,1.8205,2.80,5.00
2009.04.16 02:25:55.046,1.8197,1.8204,2.00,1.00
2009.04.16 02:25:58.005,1.81955,1.82025,1.20,1.80
2009.04.16 02:25:58.115,1.81945,1.82025,1.60,1.80
2009.04.16 02:25:58.455,1.81935,1.82025,2.40,1.80
2009.04.16 02:25:58.745,1.8193,1.82025,2.80,1.80
2009.04.16 02:25:59.275,1.8193,1.82,2.80,3.20
2009.04.16 02:25:59.445,1.8192,1.8199,1.60,4.00
2009.04.16 02:25:59.615,1.81915,1.81985,1.60,1.80
2009.04.16 02:25:59.965,1.81905,1.81985,1.60,1.80
2009.04.16 02:26:00.135,1.81865,1.8197,4.40,1.00
2009.04.16 02:26:00.475,1.81865,1.8196,2.80,1.00
2009.04.16 02:26:00.875,1.81885,1.81955,2.00,1.00
2009.04.16 02:26:01.175,1.8189,1.8197,1.20,1.00
2009.04.16 02:26:01.345,1.8189,1.81975,1.20,3.20
2009.04.16 02:26:01.465,1.8191,1.81975,1.40,1.00
2009.04.16 02:26:01.805,1.81925,1.81975,1.20,1.60
2009.04.16 02:26:01.914,1.81925,1.8199,1.20,1.60
2009.04.16 02:26:02.314,1.81925,1.82005,1.20,1.00
2009.04.16 02:26:02.944,1.8192,1.82005,2.40,1.00
2009.04.16 02:26:03.304,1.8193,1.82015,1.20,1.00
2009.04.16 02:26:03.834,1.81925,1.82005,1.20,1.00
2009.04.16 02:26:04.294,1.81915,1.82,1.20,3.20
2009.04.16 02:26:04.474,1.819,1.81985,4.40,1.00
2009.04.16 02:26:04.814,1.819,1.81985,2.80,1.00
2009.04.16 02:26:05.044,1.8191,1.81985,1.20,1.00
2009.04.16 02:26:05.223,1.8192,1.81985,2.00,1.00
2009.04.16 02:26:08.363,1.81935,1.8198,2.00,1.00
2009.04.16 02:26:08.883,1.8192,1.8198,2.00,1.00
2009.04.16 02:26:10.092,1.81915,1.81965,2.00,1.00
2009.04.16 02:26:10.492,1.81915,1.8197,2.00,4.00
2009.04.16 02:26:10.722,1.8191,1.8197,2.00,4.00
2009.04.16 02:26:10.953,1.8191,1.81955,2.00,1.00
2009.04.16 02:26:15.741,1.8191,1.8195,2.00,1.00
2009.04.16 02:26:15.921,1.8189,1.8195,2.00,1.00
2009.04.16 02:26:17.911,1.8188,1.81945,2.00,1.00
2009.04.16 02:26:21.640,1.8189,1.8195,2.00,1.00
2009.04.16 02:26:26.718,1.8189,1.81955,2.00,4.00
2009.04.16 02:26:27.128,1.81875,1.81945,1.00,1.00
2009.04.16 02:26:27.248,1.81865,1.8196,4.40,1.80
2009.04.16 02:26:27.468,1.81865,1.8196,2.80,3.40
2009.04.16 02:26:27.648,1.81865,1.8196,2.80,1.80
2009.04.16 02:26:28.308,1.81865,1.81935,2.00,1.00
2009.04.16 02:26:31.387,1.81865,1.81935,2.00,1.80
2009.04.16 02:26:31.567,1.81865,1.8193,2.00,1.00
2009.04.16 02:26:33.087,1.81855,1.8192,2.00,1.00
2009.04.16 02:26:33.557,1.8187,1.8192,2.00,1.00
2009.04.16 02:26:34.467,1.8185,1.81925,2.00,5.00
2009.04.16 02:26:34.817,1.8185,1.8191,2.00,1.00
2009.04.16 02:26:35.676,1.8185,1.81915,2.00,1.00
2009.04.16 02:26:38.196,1.8184,1.81905,2.00,1.00
2009.04.16 02:26:43.275,1.8185,1.81925,2.80,1.80
2009.04.16 02:26:43.684,1.81865,1.81925,2.00,1.00
2009.04.16 02:26:45.234,1.81855,1.8193,2.00,1.80
2009.04.16 02:26:45.634,1.81855,1.81915,2.00,1.00
2009.04.16 02:26:45.754,1.81865,1.8193,2.00,4.00
2009.04.16 02:26:46.134,1.81865,1.81925,2.00,1.00
2009.04.16 02:26:46.314,1.81865,1.81935,2.80,1.80
2009.04.16 02:26:47.154,1.8187,1.8193,2.00,1.00
2009.04.16 02:26:47.564,1.8187,1.8194,2.00,5.00
2009.04.16 02:26:47.733,1.81875,1.81935,2.00,1.00
2009.04.16 02:26:48.244,1.8189,1.8195,2.00,1.00
2009.04.16 02:26:50.743,1.8189,1.8196,2.00,1.80
2009.04.16 02:26:51.033,1.81905,1.8196,2.00,1.00
2009.04.16 02:26:52.302,1.81915,1.8197,2.00,1.20
2009.04.16 02:26:52.423,1.81925,1.82005,2.00,5.60
2009.04.16 02:26:52.712,1.81925,1.82,2.00,1.00
2009.04.16 02:26:54.132,1.81925,1.81995,2.00,4.00
2009.04.16 02:26:54.362,1.8192,1.8199,2.00,1.80
2009.04.16 02:26:54.862,1.81905,1.8197,2.00,1.00
2009.04.16 02:26:58.131,1.81905,1.8197,2.00,1.00
2009.04.16 02:26:59.250,1.81905,1.8198,2.00,1.80
2009.04.16 02:26:59.360,1.81915,1.81985,2.00,5.00
2009.04.16 02:26:59.700,1.81915,1.81985,2.00,1.80
2009.04.16 02:26:59.940,1.81915,1.81985,2.00,5.00
2009.04.16 02:27:00.290,1.81915,1.8197,2.00,1.00
2009.04.16 02:27:00.460,1.81905,1.8197,2.00,1.00
2009.04.16 02:27:00.950,1.8192,1.81985,2.00,3.20
2009.04.16 02:27:01.070,1.81925,1.81995,2.00,5.40
2009.04.16 02:27:01.340,1.81925,1.81995,2.00,2.20
2009.04.16 02:27:01.460,1.81925,1.8199,2.00,1.00
2009.04.16 02:27:02.010,1.8193,1.82005,2.00,1.80
2009.04.16 02:27:03.590,1.8193,1.82,2.00,3.20
2009.04.16 02:27:04.050,1.8192,1.8199,2.00,1.80
2009.04.16 02:27:06.239,1.81915,1.81985,2.00,1.80
2009.04.16 02:27:07.069,1.81915,1.8199,2.00,4.00
2009.04.16 02:27:07.349,1.81915,1.81985,2.00,1.00
2009.04.16 02:27:07.799,1.81925,1.8199,2.00,1.00
2009.04.16 02:27:08.038,1.81925,1.82,2.00,1.80
2009.04.16 02:27:08.319,1.81915,1.81985,2.80,1.00
2009.04.16 02:27:08.718,1.8192,1.81995,2.00,1.80
2009.04.16 02:27:09.528,1.81935,1.8199,2.00,1.00
2009.04.16 02:27:09.768,1.81935,1.82005,2.00,1.80
2009.04.16 02:27:15.876,1.81945,1.8202,2.00,1.80
2009.04.16 02:27:19.156,1.81945,1.8201,2.00,3.20
2009.04.16 02:27:19.506,1.81945,1.82,2.00,1.00
2009.04.16 02:27:19.616,1.8195,1.82005,3.00,1.80
2009.04.16 02:27:20.365,1.8195,1.8199,3.00,1.00
2009.04.16 02:27:20.655,1.8194,1.81995,2.20,1.80
2009.04.16 02:27:21.345,1.8194,1.82,2.20,1.80
2009.04.16 02:27:21.685,1.8193,1.82,5.00,1.00
2009.04.16 02:27:22.035,1.8193,1.82005,5.00,1.00
2009.04.16 02:27:22.835,1.8194,1.8202,2.00,1.80
2009.04.16 02:27:23.115,1.8194,1.8201,2.00,1.80
2009.04.16 02:27:28.963,1.8194,1.81995,2.00,3.20
2009.04.16 02:27:29.123,1.8194,1.8198,2.00,1.00
2009.04.16 02:27:29.413,1.8194,1.8198,2.20,1.00
2009.04.16 02:27:29.583,1.8194,1.8202,2.00,1.80
2009.04.16 02:27:29.753,1.8194,1.8202,2.00,3.40
2009.04.16 02:27:30.113,1.8194,1.8202,2.00,1.80
2009.04.16 02:27:33.212,1.8194,1.8201,2.00,4.20
2009.04.16 02:27:33.432,1.8194,1.82,2.00,1.00
2009.04.16 02:27:33.662,1.81935,1.82,1.00,1.80
2009.04.16 02:27:33.942,1.8195,1.8202,2.00,1.20
2009.04.16 02:27:34.172,1.8195,1.82025,2.00,2.60
2009.04.16 02:27:34.462,1.8195,1.8202,2.00,1.20
2009.04.16 02:27:35.312,1.81945,1.82005,1.00,1.80
2009.04.16 02:27:35.612,1.8193,1.82005,6.60,1.80
2009.04.16 02:27:35.792,1.8193,1.82005,5.00,1.80
2009.04.16 02:27:36.201,1.8193,1.8199,5.00,1.00
2009.04.16 02:27:36.592,1.8194,1.81995,2.20,1.80
2009.04.16 02:27:36.771,1.81925,1.81995,2.00,1.80
2009.04.16 02:27:41.001,1.81905,1.81975,4.40,1.80
2009.04.16 02:27:41.301,1.81905,1.81975,5.80,1.80
2009.04.16 02:27:41.650,1.81925,1.8198,1.40,1.20
2009.04.16 02:27:41.951,1.81935,1.82,1.20,4.80
2009.04.16 02:27:42.290,1.8193,1.8198,1.20,1.00
2009.04.16 02:27:42.630,1.8193,1.82015,1.20,1.60
2009.04.16 02:27:43.090,1.81925,1.8201,2.80,1.40
2009.04.16 02:27:43.600,1.81925,1.8202,2.80,3.40
2009.04.16 02:27:44.170,1.8192,1.8201,2.80,2.20
2009.04.16 02:27:44.450,1.8192,1.81995,2.80,1.00
2009.04.16 02:27:45.109,1.8191,1.8198,3.60,1.00
2009.04.16 02:27:45.460,1.81925,1.8198,1.20,1.00
2009.04.16 02:27:45.979,1.81915,1.82015,4.40,1.60
2009.04.16 02:27:46.319,1.8192,1.81985,2.00,1.00
2009.04.16 02:27:46.609,1.8193,1.8201,2.00,1.80
2009.04.16 02:27:47.399,1.81915,1.81995,2.00,1.00
2009.04.16 02:27:52.418,1.81935,1.81985,1.40,1.00
2009.04.16 02:27:52.758,1.8195,1.82005,2.00,1.20
2009.04.16 02:27:53.338,1.8195,1.8205,2.00,2.60
2009.04.16 02:27:53.917,1.8196,1.8205,2.00,1.80
2009.04.16 02:27:54.207,1.8196,1.8205,2.00,2.80
2009.04.16 02:27:54.497,1.8197,1.8203,2.00,1.20
2009.04.16 02:27:54.727,1.81935,1.8203,2.40,1.00
2009.04.16 02:27:55.237,1.81945,1.8203,1.60,3.20
2009.04.16 02:27:55.537,1.81965,1.8205,2.00,2.80
2009.04.16 02:27:55.897,1.8198,1.8203,1.20,1.40
2009.04.16 02:27:56.007,1.81965,1.82045,4.60,1.60
2009.04.16 02:27:56.297,1.81985,1.82065,1.20,1.60
2009.04.16 02:27:56.407,1.81985,1.8207,2.00,1.00
2009.04.16 02:27:57.346,1.81975,1.82015,2.40,1.00
2009.04.16 02:27:57.807,1.81975,1.8203,2.80,1.00
2009.04.16 02:27:58.686,1.81975,1.8201,2.80,1.00
2009.04.16 02:27:59.026,1.81975,1.8201,2.00,1.00
2009.04.16 02:27:59.376,1.81965,1.82,2.80,1.00
2009.04.16 02:28:02.365,1.8197,1.82035,3.20,1.00
2009.04.16 02:28:02.605,1.8197,1.82035,1.20,1.00
2009.04.16 02:28:02.876,1.8196,1.8201,2.00,1.00
2009.04.16 02:28:03.385,1.8197,1.8202,2.00,1.00
2009.04.16 02:28:03.965,1.8197,1.81995,2.00,3.20
2009.04.16 02:28:04.425,1.81935,1.81985,4.40,1.00
2009.04.16 02:28:04.655,1.81935,1.81985,2.80,1.00
2009.04.16 02:28:05.155,1.8194,1.81975,2.20,1.00
2009.04.16 02:28:05.675,1.8194,1.81985,5.00,1.00
2009.04.16 02:28:06.155,1.81945,1.82,2.00,1.00
2009.04.16 02:28:06.385,1.81945,1.8201,2.80,4.00
2009.04.16 02:28:06.624,1.8196,1.82025,2.80,4.00
2009.04.16 02:28:06.904,1.81955,1.8201,2.00,1.00
2009.04.16 02:28:09.924,1.81955,1.82005,2.00,4.00
2009.04.16 02:28:11.993,1.81945,1.81995,2.00,1.00
2009.04.16 02:28:12.563,1.8197,1.82055,2.00,2.40
2009.04.16 02:28:12.853,1.81985,1.82035,1.60,1.00
2009.04.16 02:28:13.313,1.8198,1.82045,3.60,1.00
2009.04.16 02:28:13.873,1.81995,1.8203,2.00,1.00
2009.04.16 02:28:16.112,1.82005,1.8209,2.00,1.00
2009.04.16 02:28:18.511,1.82015,1.8208,2.80,1.00
2009.04.16 02:28:19.032,1.82015,1.82075,2.00,3.20
2009.04.16 02:28:20.001,1.82015,1.8207,2.00,3.20
2009.04.16 02:28:20.291,1.8202,1.82075,2.00,1.00
2009.04.16 02:28:20.581,1.8202,1.8208,2.00,1.00
2009.04.16 02:28:21.091,1.82015,1.8208,2.00,1.00
2009.04.16 02:28:21.501,1.82025,1.821,2.00,6.00
2009.04.16 02:28:21.911,1.82015,1.8208,2.80,1.00
2009.04.16 02:28:23.000,1.8203,1.8208,1.40,1.00
2009.04.16 02:28:23.240,1.82045,1.8208,1.20,1.00
2009.04.16 02:28:23.690,1.8207,1.8209,1.40,1.00
2009.04.16 02:28:23.920,1.82085,1.82105,1.20,1.80
2009.04.16 02:28:24.330,1.82085,1.8211,1.20,2.40
2009.04.16 02:28:24.740,1.8206,1.82095,2.40,1.00
2009.04.16 02:28:25.250,1.8207,1.8213,1.20,1.80
2009.04.16 02:28:25.750,1.82075,1.82125,2.40,1.00
2009.04.16 02:28:28.229,1.8207,1.82105,1.20,1.00
2009.04.16 02:28:28.449,1.8205,1.821,2.40,1.00
2009.04.16 02:28:28.669,1.8205,1.82105,2.40,1.40
2009.04.16 02:28:29.199,1.82065,1.8212,1.20,2.60
2009.04.16 02:28:29.489,1.8205,1.8209,1.20,1.00
2009.04.16 02:28:31.328,1.8205,1.8209,1.20,1.80
2009.04.16 02:28:31.668,1.8207,1.82075,1.20,1.00
2009.04.16 02:28:32.068,1.8206,1.82075,1.20,1.00
2009.04.16 02:28:32.488,1.8206,1.82075,1.20,1.80
2009.04.16 02:28:32.708,1.8205,1.82065,1.20,1.80
2009.04.16 02:28:33.518,1.82045,1.8206,1.20,1.00
2009.04.16 02:28:34.428,1.8203,1.8206,1.20,2.60
2009.04.16 02:28:34.718,1.8203,1.8205,1.20,1.00
2009.04.16 02:28:35.007,1.8202,1.8205,2.40,2.60
2009.04.16 02:28:35.247,1.8202,1.8204,2.40,1.00
2009.04.16 02:28:35.738,1.8203,1.82055,1.20,1.00
2009.04.16 02:28:35.857,1.8201,1.82055,1.20,1.00
2009.04.16 02:28:40.436,1.8202,1.82065,1.20,1.00
2009.04.16 02:28:41.826,1.8202,1.82055,1.20,1.00
2009.04.16 02:28:42.296,1.82025,1.82055,1.40,1.00
2009.04.16 02:28:42.746,1.8204,1.8209,2.40,1.60
2009.04.16 02:28:43.146,1.8205,1.8212,1.20,2.40
2009.04.16 02:28:43.505,1.8205,1.8212,1.20,1.20
2009.04.16 02:28:44.525,1.8206,1.82115,1.20,1.00
2009.04.16 02:28:45.775,1.8207,1.82095,1.20,1.00
2009.04.16 02:28:46.175,1.8207,1.82115,1.20,1.80
2009.04.16 02:28:46.625,1.8203,1.82095,2.00,1.00
2009.04.16 02:28:47.044,1.8204,1.82105,1.20,1.00
2009.04.16 02:28:47.924,1.8206,1.82105,1.20,1.00
2009.04.16 02:28:48.764,1.82005,1.8207,3.20,1.00
2009.04.16 02:28:49.114,1.81985,1.82065,1.60,1.00
2009.04.16 02:28:49.404,1.8196,1.82075,1.20,1.00
2009.04.16 02:28:50.214,1.8197,1.82055,1.20,1.80
2009.04.16 02:28:51.873,1.81965,1.82055,2.40,1.80
2009.04.16 02:28:52.393,1.81975,1.8206,1.20,1.80
2009.04.16 02:28:53.333,1.81985,1.8207,1.20,6.60
2009.04.16 02:28:53.663,1.81985,1.8207,1.20,1.80
2009.04.16 02:28:54.263,1.81965,1.82055,2.80,1.00
2009.04.16 02:28:56.742,1.81985,1.82045,1.20,1.00
2009.04.16 02:28:56.912,1.81965,1.82045,4.40,1.00
2009.04.16 02:28:57.132,1.81965,1.8203,1.40,1.00
2009.04.16 02:28:57.532,1.81965,1.82045,2.80,1.00
2009.04.16 02:28:57.592,1.81975,1.8205,2.80,1.00
2009.04.16 02:28:58.062,1.81965,1.82045,2.80,1.00
2009.04.16 02:28:58.352,1.81975,1.82045,1.20,1.00
2009.04.16 02:28:58.762,1.8196,1.82045,3.20,1.80
2009.04.16 02:28:59.052,1.81945,1.8203,2.00,1.00
2009.04.16 02:28:59.342,1.8196,1.82045,1.20,1.80
2009.04.16 02:29:01.751,1.8195,1.8203,1.40,1.80
2009.04.16 02:29:01.801,1.81945,1.8203,1.20,1.80
2009.04.16 02:29:02.711,1.81945,1.8203,2.00,1.00
2009.04.16 02:29:03.190,1.81965,1.8204,2.00,1.60
2009.04.16 02:29:03.471,1.81965,1.82045,2.00,1.80
2009.04.16 02:29:03.950,1.81965,1.82045,1.20,1.00
2009.04.16 02:29:04.231,1.8198,1.8206,2.00,1.80
2009.04.16 02:29:08.560,1.8196,1.8202,3.20,1.00
2009.04.16 02:29:08.849,1.819,1.82,1.60,1.00
2009.04.16 02:29:09.129,1.81895,1.82,2.40,1.00
2009.04.16 02:29:09.689,1.8189,1.81985,1.40,1.80
2009.04.16 02:29:09.979,1.81915,1.8199,2.80,1.00
2009.04.16 02:29:14.048,1.8191,1.8198,3.00,1.80
2009.04.16 02:29:14.568,1.81905,1.8198,1.00,1.80
2009.04.16 02:29:14.848,1.81905,1.8198,1.00,1.00
2009.04.16 02:29:15.388,1.81905,1.8197,1.00,1.00
2009.04.16 02:29:15.668,1.819,1.81985,1.20,1.80
2009.04.16 02:29:19.827,1.81915,1.81985,2.00,1.80
2009.04.16 02:29:20.247,1.81895,1.81975,6.60,1.00
2009.04.16 02:29:20.707,1.81895,1.81975,2.80,1.00
2009.04.16 02:29:21.177,1.819,1.81975,2.00,1.00
2009.04.16 02:29:21.347,1.81895,1.81975,2.80,1.00
2009.04.16 02:29:21.876,1.81895,1.81975,2.00,1.00
2009.04.16 02:29:22.866,1.8191,1.8198,2.00,3.20
2009.04.16 02:29:23.276,1.8191,1.8198,2.00,1.00
2009.04.16 02:29:24.205,1.8191,1.8199,2.00,1.80
2009.04.16 02:29:25.305,1.8191,1.8199,1.20,1.80
2009.04.16 02:29:25.595,1.81895,1.8199,3.60,1.80
2009.04.16 02:29:26.665,1.81895,1.8199,5.20,1.80
2009.04.16 02:29:26.725,1.8191,1.8199,2.00,1.80
2009.04.16 02:29:27.835,1.8191,1.8199,4.20,1.80
2009.04.16 02:29:28.755,1.8192,1.8199,2.80,1.00
2009.04.16 02:29:34.163,1.81925,1.82,2.80,2.80
2009.04.16 02:29:35.373,1.81935,1.82005,2.00,1.80
2009.04.16 02:29:35.433,1.81935,1.82005,2.80,1.80
2009.04.16 02:29:38.142,1.81955,1.8202,2.00,1.20
2009.04.16 02:29:38.482,1.81955,1.82025,2.00,1.80
2009.04.16 02:29:39.302,1.8195,1.8202,2.00,2.00
2009.04.16 02:29:39.942,1.8195,1.8202,2.00,1.80
2009.04.16 02:29:40.122,1.81935,1.8201,2.00,1.00
2009.04.16 02:29:42.381,1.8194,1.82015,2.00,1.80
2009.04.16 02:29:42.431,1.8194,1.82015,2.00,1.00
2009.04.16 02:29:42.831,1.8194,1.8201,2.00,3.20
2009.04.16 02:29:43.071,1.8194,1.82,2.00,1.00
2009.04.16 02:29:43.591,1.8196,1.82035,1.40,1.00
2009.04.16 02:29:43.931,1.8197,1.82065,2.80,1.60
2009.04.16 02:29:44.281,1.8197,1.8208,2.80,2.60
2009.04.16 02:29:44.691,1.8198,1.8208,2.80,1.80
2009.04.16 02:29:46.590,1.81985,1.8205,1.20,1.00
2009.04.16 02:29:47.110,1.81985,1.8204,1.20,1.00
2009.04.16 02:29:48.600,1.81985,1.82025,1.20,1.00
2009.04.16 02:29:48.890,1.8194,1.8202,2.00,4.60
2009.04.16 02:29:49.120,1.81935,1.82,1.60,1.00
2009.04.16 02:29:49.410,1.8193,1.8199,2.00,1.40
2009.04.16 02:29:49.640,1.8193,1.8198,2.20,1.00
2009.04.16 02:29:50.099,1.8193,1.8198,1.00,1.00
2009.04.16 02:29:51.299,1.81945,1.8198,1.00,1.00
2009.04.16 02:29:51.879,1.8195,1.81985,2.20,1.00
2009.04.16 02:29:52.219,1.8193,1.81985,1.20,1.00
2009.04.16 02:29:52.569,1.8193,1.81985,2.40,1.00
2009.04.16 02:29:53.099,1.81945,1.82005,1.20,2.60
2009.04.16 02:29:53.618,1.8196,1.82015,1.20,1.00
2009.04.16 02:29:54.008,1.8192,1.82,2.80,1.00
2009.04.16 02:29:55.088,1.81935,1.82,1.20,1.00
2009.04.16 02:29:58.727,1.819,1.81955,2.20,1.00
2009.04.16 02:29:59.017,1.81885,1.81955,1.20,1.00
2009.04.16 02:29:59.657,1.8187,1.8193,2.20,2.60
2009.04.16 02:30:00.067,1.8187,1.81935,1.20,1.00
2009.04.16 02:30:00.587,1.8187,1.8193,1.20,1.00
2009.04.16 02:30:01.007,1.81865,1.8192,1.20,1.00
2009.04.16 02:30:01.467,1.8187,1.81925,1.20,1.00
2009.04.16 02:30:01.686,1.8187,1.8193,1.20,1.00
2009.04.16 02:30:01.976,1.81875,1.8194,2.00,1.40
2009.04.16 02:30:02.376,1.8189,1.81955,1.20,1.60
2009.04.16 02:30:02.656,1.8188,1.81955,1.20,1.00
2009.04.16 02:30:02.836,1.8188,1.81955,2.40,1.00
2009.04.16 02:30:03.126,1.81885,1.81955,2.40,1.00
2009.04.16 02:30:03.346,1.81895,1.81955,1.20,1.00
2009.04.16 02:30:03.826,1.81895,1.81955,1.20,1.00
2009.04.16 02:30:05.446,1.81915,1.8197,2.00,1.40
2009.04.16 02:30:05.786,1.819,1.81965,1.20,1.00
2009.04.16 02:30:05.836,1.81915,1.81965,1.60,1.00
2009.04.16 02:30:06.186,1.81895,1.8198,1.20,2.60
2009.04.16 02:30:06.475,1.81895,1.81965,1.20,1.00
2009.04.16 02:30:07.945,1.81895,1.81975,1.20,1.40
2009.04.16 02:30:08.765,1.81895,1.81975,2.40,1.40
2009.04.16 02:30:09.045,1.8191,1.8198,2.00,1.20
2009.04.16 02:30:09.824,1.8191,1.8199,2.00,6.40
2009.04.16 02:30:10.095,1.81895,1.81975,1.20,1.40
2009.04.16 02:30:13.024,1.81895,1.8197,1.20,1.40
2009.04.16 02:30:13.313,1.81895,1.81955,1.20,1.00
2009.04.16 02:30:14.693,1.81895,1.81955,2.40,1.00
2009.04.16 02:30:14.803,1.81905,1.8197,1.20,1.00
2009.04.16 02:30:18.672,1.81895,1.8197,4.40,2.60
2009.04.16 02:30:18.902,1.81895,1.8196,2.40,1.00
2009.04.16 02:30:19.242,1.819,1.8196,1.20,1.00
2009.04.16 02:30:23.201,1.819,1.81955,1.20,1.00
2009.04.16 02:30:23.691,1.81895,1.81955,1.20,1.00
2009.04.16 02:30:25.481,1.81895,1.8195,1.20,1.00
2009.04.16 02:30:25.881,1.81885,1.8195,1.20,1.00
2009.04.16 02:30:28.320,1.81895,1.81955,1.20,1.00
2009.04.16 02:30:28.720,1.81885,1.8195,1.20,1.00
2009.04.16 02:30:36.128,1.81875,1.8195,2.00,1.00
2009.04.16 02:30:38.727,1.8188,1.81955,2.00,1.00
2009.04.16 02:30:44.026,1.8188,1.8195,2.00,3.20
2009.04.16 02:30:44.266,1.81875,1.8194,2.40,1.00
2009.04.16 02:30:44.376,1.81855,1.8194,1.60,1.80
2009.04.16 02:30:44.716,1.81845,1.8194,2.80,1.80
2009.04.16 02:30:52.244,1.81845,1.8194,2.80,1.80
2009.04.16 02:30:57.813,1.8184,1.8192,2.20,1.00
2009.04.16 02:30:58.233,1.8183,1.8193,1.60,1.00
2009.04.16 02:30:58.523,1.8182,1.8193,3.80,1.00
2009.04.16 02:30:58.863,1.81815,1.8193,2.00,1.00
2009.04.16 02:30:59.202,1.8181,1.81905,1.20,1.00
2009.04.16 02:31:00.092,1.81795,1.81915,1.60,1.00
2009.04.16 02:31:00.332,1.8181,1.8197,1.60,1.80
2009.04.16 02:31:00.842,1.8182,1.8197,1.60,1.00
2009.04.16 02:31:01.132,1.8182,1.8198,1.60,1.80
2009.04.16 02:31:01.652,1.81835,1.8197,2.00,1.40
2009.04.16 02:31:04.761,1.81875,1.8201,2.00,1.40
2009.04.16 02:31:04.811,1.8188,1.82025,1.60,3.00
2009.04.16 02:31:07.151,1.8188,1.82025,1.60,2.60
2009.04.16 02:31:07.381,1.8189,1.82025,2.00,1.40
2009.04.16 02:31:07.851,1.8189,1.8203,2.00,4.60
2009.04.16 02:31:08.030,1.8189,1.8203,2.00,3.00
2009.04.16 02:31:08.440,1.8189,1.82025,2.00,1.00
2009.04.16 02:31:08.800,1.81885,1.8202,3.20,1.80
2009.04.16 02:31:09.130,1.8188,1.8202,5.20,2.80
2009.04.16 02:31:11.090,1.8188,1.8202,3.60,2.60
2009.04.16 02:31:13.409,1.8189,1.82025,2.00,3.00
2009.04.16 02:31:13.749,1.8189,1.82025,2.00,1.40
2009.04.16 02:31:14.999,1.81885,1.8202,1.60,1.00
2009.04.16 02:31:15.179,1.81885,1.82015,1.60,1.00
2009.04.16 02:31:15.699,1.81875,1.8201,3.60,1.40
2009.04.16 02:31:18.178,1.8189,1.81995,1.60,2.60
2009.04.16 02:31:18.408,1.81835,1.81995,5.20,2.60
2009.04.16 02:31:19.028,1.8184,1.81995,1.60,1.00
2009.04.16 02:31:19.368,1.8184,1.82,1.60,2.80
2009.04.16 02:31:19.818,1.81865,1.82005,1.60,1.60
2009.04.16 02:31:20.218,1.81875,1.8202,1.60,1.40
2009.04.16 02:31:20.397,1.81885,1.8203,3.60,3.00
2009.04.16 02:31:20.678,1.819,1.8203,1.60,1.60
2009.04.16 02:31:20.857,1.819,1.82045,1.60,1.80
2009.04.16 02:31:21.087,1.81895,1.81995,1.60,1.00
2009.04.16 02:31:21.257,1.81885,1.81995,2.80,1.80
2009.04.16 02:31:22.107,1.8189,1.82,2.80,1.80
2009.04.16 02:31:22.367,1.81885,1.8198,2.80,1.80
2009.04.16 02:31:22.657,1.8189,1.81975,1.20,3.20
2009.04.16 02:31:22.767,1.81885,1.8196,1.60,1.00
2009.04.16 02:31:22.877,1.8188,1.8196,2.40,1.00
2009.04.16 02:31:23.287,1.8188,1.8196,1.20,1.00
2009.04.16 02:31:26.046,1.81875,1.8196,2.40,1.00
2009.04.16 02:31:26.466,1.8189,1.81975,1.20,1.00
2009.04.16 02:31:36.393,1.8189,1.8198,1.20,4.00
2009.04.16 02:31:36.684,1.81885,1.8197,1.20,1.00
2009.04.16 02:31:38.293,1.8189,1.81975,1.20,1.00
2009.04.16 02:31:46.241,1.819,1.81985,1.20,1.00
2009.04.16 02:31:52.180,1.81865,1.81965,2.00,1.00
2009.04.16 02:31:56.350,1.8188,1.81955,2.00,1.00
2009.04.16 02:31:56.749,1.81875,1.8195,2.00,1.00
2009.04.16 02:32:04.597,1.8188,1.81955,2.00,1.00
2009.04.16 02:32:08.776,1.8188,1.81945,2.00,1.00
2009.04.16 02:32:08.836,1.8187,1.81945,2.00,1.00
2009.04.16 02:32:11.795,1.8187,1.81955,2.00,4.00
2009.04.16 02:32:11.905,1.81875,1.81955,2.00,4.00
2009.04.16 02:32:14.045,1.81875,1.81945,2.00,1.00
2009.04.16 02:32:20.333,1.8186,1.8191,2.00,3.20
2009.04.16 02:32:20.653,1.8185,1.81895,1.00,1.00
2009.04.16 02:32:20.823,1.8183,1.81895,1.60,1.00
2009.04.16 02:32:20.993,1.81815,1.81895,1.60,1.00
2009.04.16 02:32:21.403,1.8181,1.81885,2.00,1.00
2009.04.16 02:32:25.472,1.81815,1.8189,2.00,1.00
2009.04.16 02:32:30.710,1.81835,1.8191,2.00,1.80
2009.04.16 02:32:30.761,1.81835,1.8191,2.00,1.00
2009.04.16 02:32:31.270,1.81835,1.8191,2.80,1.00
2009.04.16 02:32:31.391,1.81845,1.81915,2.00,1.00
2009.04.16 02:32:31.790,1.81845,1.81905,2.00,1.00
2009.04.16 02:32:31.900,1.8184,1.819,1.60,1.00
2009.04.16 02:32:32.280,1.8186,1.81895,1.20,1.00
2009.04.16 02:32:32.630,1.8188,1.8195,2.00,1.40
2009.04.16 02:32:33.030,1.8188,1.8198,2.00,2.40
2009.04.16 02:32:33.370,1.8189,1.81975,2.00,1.00
2009.04.16 02:32:33.810,1.8189,1.8196,2.00,2.00
2009.04.16 02:32:34.340,1.81845,1.81945,1.20,3.20
2009.04.16 02:32:34.690,1.81875,1.81965,2.00,3.20
2009.04.16 02:32:35.089,1.81855,1.8195,1.60,1.00
2009.04.16 02:32:35.269,1.8185,1.8195,1.60,1.00
2009.04.16 02:32:35.889,1.81855,1.8194,1.20,1.00
2009.04.16 02:32:38.159,1.8188,1.82005,2.00,1.60
2009.04.16 02:32:38.279,1.81915,1.82015,1.20,1.60
2009.04.16 02:32:38.689,1.8193,1.82015,1.20,1.00
2009.04.16 02:32:39.369,1.81915,1.8197,2.00,3.20
2009.04.16 02:32:40.028,1.81905,1.81955,1.60,1.00
2009.04.16 02:32:40.428,1.8189,1.81995,2.80,1.00
2009.04.16 02:32:40.658,1.81885,1.8198,1.20,1.00
2009.04.16 02:32:42.908,1.8187,1.8198,1.40,3.20
2009.04.16 02:32:43.147,1.8186,1.8198,1.60,1.00
2009.04.16 02:32:43.608,1.81845,1.8198,3.60,1.00
2009.04.16 02:32:43.717,1.8184,1.8198,3.20,1.00
2009.04.16 02:32:44.257,1.8184,1.8198,1.60,2.60
2009.04.16 02:32:44.727,1.81835,1.8194,1.60,3.20
2009.04.16 02:32:44.907,1.8183,1.81935,4.40,1.80
2009.04.16 02:32:45.197,1.81835,1.81915,1.00,1.00
2009.04.16 02:32:45.367,1.8182,1.8191,3.80,1.80
2009.04.16 02:32:45.817,1.8181,1.81895,5.00,1.80
2009.04.16 02:32:46.337,1.81825,1.81895,2.00,1.00
2009.04.16 02:32:46.976,1.81825,1.81895,1.00,1.80
2009.04.16 02:32:47.426,1.8181,1.81895,5.00,1.80
2009.04.16 02:32:47.836,1.81825,1.81895,2.00,1.00
2009.04.16 02:32:49.916,1.8182,1.81895,3.00,1.80
2009.04.16 02:32:51.455,1.81815,1.81895,2.80,1.80
2009.04.16 02:32:52.235,1.81825,1.81895,1.40,1.80
2009.04.16 02:32:52.395,1.8183,1.81895,2.00,1.00
2009.04.16 02:32:52.685,1.81845,1.8191,1.20,1.60
2009.04.16 02:32:52.735,1.8184,1.81915,2.80,1.60
2009.04.16 02:32:53.315,1.8184,1.81925,2.80,1.00
2009.04.16 02:32:53.555,1.81845,1.8193,2.00,3.20
2009.04.16 02:32:53.955,1.81845,1.8192,2.00,1.00
2009.04.16 02:32:54.475,1.81845,1.81955,2.00,1.60
2009.04.16 02:32:54.805,1.81845,1.8194,2.00,3.20
2009.04.16 02:32:55.145,1.8184,1.8193,1.60,1.80
2009.04.16 02:32:55.424,1.81835,1.8193,1.60,1.80
2009.04.16 02:32:55.484,1.8183,1.8192,2.00,1.80
2009.04.16 02:32:56.424,1.8183,1.8191,2.00,1.00
2009.04.16 02:32:56.484,1.8183,1.8191,2.00,1.80
2009.04.16 02:32:58.274,1.8184,1.8191,1.40,1.80
2009.04.16 02:32:58.434,1.8184,1.8191,3.40,1.00
2009.04.16 02:32:58.544,1.8186,1.8193,1.20,2.40
2009.04.16 02:32:58.964,1.8186,1.81945,1.20,1.00
2009.04.16 02:33:01.243,1.8186,1.8193,1.20,3.20
2009.04.16 02:33:01.583,1.8184,1.8192,1.60,1.80
2009.04.16 02:33:01.803,1.81835,1.8192,1.60,1.80
2009.04.16 02:33:01.973,1.8183,1.8192,2.00,1.80
2009.04.16 02:33:06.102,1.8186,1.8191,1.40,1.80
2009.04.16 02:33:06.332,1.81875,1.8191,2.00,1.00
2009.04.16 02:33:06.512,1.81875,1.81925,2.00,1.60
2009.04.16 02:33:06.782,1.81875,1.81935,2.00,1.60
2009.04.16 02:33:06.962,1.81875,1.8198,2.00,1.80
2009.04.16 02:33:08.641,1.8191,1.8198,2.00,1.00
2009.04.16 02:33:10.801,1.81915,1.8199,2.00,1.80
2009.04.16 02:33:10.861,1.81915,1.8199,2.00,1.00
2009.04.16 02:33:11.761,1.81905,1.81975,2.00,1.00
2009.04.16 02:33:12.670,1.81905,1.81985,2.00,1.00
2009.04.16 02:33:12.901,1.81905,1.81985,2.80,1.00
2009.04.16 02:33:13.130,1.81905,1.81995,2.80,2.40
2009.04.16 02:33:13.411,1.81905,1.81995,4.40,2.40
2009.04.16 02:33:13.860,1.81915,1.82,1.20,1.00
2009.04.16 02:33:14.450,1.8192,1.82,1.40,1.00
2009.04.16 02:33:15.030,1.8193,1.82015,1.20,1.00
2009.04.16 02:33:15.210,1.81945,1.82025,2.00,3.20
2009.04.16 02:33:15.670,1.81945,1.8203,2.00,1.00
2009.04.16 02:33:16.639,1.81945,1.82035,2.00,4.00
2009.04.16 02:33:16.870,1.81945,1.8202,2.00,1.00
2009.04.16 02:33:17.609,1.81945,1.82015,2.00,1.00
2009.04.16 02:33:18.169,1.81945,1.8202,2.00,1.00
2009.04.16 02:33:18.499,1.8195,1.82025,2.00,1.00
2009.04.16 02:33:19.238,1.8195,1.8203,2.00,4.00
2009.04.16 02:33:19.519,1.81945,1.82015,1.20,3.20
2009.04.16 02:33:19.879,1.8191,1.82,2.40,1.00
2009.04.16 02:33:20.178,1.81915,1.8201,1.20,1.00
2009.04.16 02:33:20.988,1.8191,1.81995,1.20,1.00
2009.04.16 02:33:21.618,1.8191,1.82,1.20,4.00
2009.04.16 02:33:22.028,1.8192,1.82,1.20,1.00
2009.04.16 02:33:22.828,1.81905,1.8199,1.20,1.00
2009.04.16 02:33:23.068,1.8192,1.82,1.20,1.00
2009.04.16 02:33:23.528,1.81905,1.81995,2.40,1.00
2009.04.16 02:33:23.868,1.8191,1.81995,1.20,1.00
2009.04.16 02:33:25.197,1.8192,1.82,1.20,1.00
2009.04.16 02:33:25.707,1.81935,1.82,1.40,1.00
2009.04.16 02:33:25.947,1.8195,1.8204,2.00,1.40
2009.04.16 02:33:29.396,1.8195,1.8203,2.00,1.00
2009.04.16 02:33:35.585,1.8195,1.8203,2.00,1.40
2009.04.16 02:33:36.865,1.8195,1.8202,2.00,1.20
2009.04.16 02:33:38.194,1.8195,1.8202,2.00,2.00
2009.04.16 02:33:46.832,1.8195,1.8202,1.20,2.00
2009.04.16 02:33:46.882,1.81915,1.8202,4.40,1.80
2009.04.16 02:33:47.772,1.81915,1.8202,2.80,1.80
2009.04.16 02:33:47.992,1.81925,1.8201,2.00,1.00
2009.04.16 02:33:48.112,1.8192,1.82015,6.00,5.00
2009.04.16 02:33:48.272,1.8193,1.81995,1.60,1.00
2009.04.16 02:33:48.562,1.8193,1.81985,1.60,1.00
2009.04.16 02:33:48.912,1.8193,1.82,1.60,3.20
2009.04.16 02:33:49.511,1.8189,1.8202,1.60,3.20
2009.04.16 02:33:49.622,1.81895,1.8202,1.60,1.60
2009.04.16 02:33:50.002,1.8192,1.82015,1.20,1.00
2009.04.16 02:33:50.411,1.81915,1.82,2.80,3.20
2009.04.16 02:33:50.581,1.8192,1.81995,1.60,1.00
2009.04.16 02:33:51.381,1.8191,1.82,4.40,1.00
2009.04.16 02:33:51.721,1.8192,1.82,1.40,1.00
2009.04.16 02:33:52.171,1.81925,1.81985,1.60,1.00
2009.04.16 02:33:52.411,1.81925,1.81995,1.60,1.00
2009.04.16 02:33:52.980,1.81905,1.81995,2.80,1.00
2009.04.16 02:33:53.160,1.81905,1.81995,4.40,1.00
2009.04.16 02:33:53.560,1.8192,1.8199,2.00,1.00
2009.04.16 02:33:54.843,1.81925,1.81995,2.00,1.00
2009.04.16 02:33:55.240,1.8192,1.8199,3.60,1.00
2009.04.16 02:33:55.400,1.8192,1.8199,2.00,1.00
2009.04.16 02:33:59.829,1.8193,1.82005,2.00,1.80
2009.04.16 02:34:05.118,1.8193,1.82005,2.00,2.60
2009.04.16 02:34:05.427,1.8192,1.82,2.00,1.80
2009.04.16 02:34:05.538,1.8192,1.82,2.00,2.80
2009.04.16 02:34:06.727,1.8192,1.82,2.00,2.00
2009.04.16 02:34:07.127,1.8193,1.82,2.00,1.20
2009.04.16 02:34:08.997,1.81925,1.81995,2.80,1.00
2009.04.16 02:34:09.116,1.81925,1.81995,2.00,1.00
2009.04.16 02:34:09.517,1.8193,1.82005,2.00,1.80
2009.04.16 02:34:14.555,1.8192,1.8199,2.00,1.00
2009.04.16 02:34:17.795,1.8193,1.8199,1.40,1.00
2009.04.16 02:34:17.974,1.81945,1.8199,1.20,1.00
2009.04.16 02:34:26.412,1.81915,1.8197,1.60,1.00
2009.04.16 02:34:26.532,1.819,1.8197,2.80,1.00
2009.04.16 02:34:27.642,1.819,1.8197,3.60,1.00
2009.04.16 02:34:27.932,1.8191,1.81985,2.00,1.00
2009.04.16 02:34:31.121,1.81905,1.81975,2.00,1.00
2009.04.16 02:34:31.641,1.81915,1.81975,1.40,1.00
2009.04.16 02:34:32.001,1.8193,1.81995,2.00,1.60
2009.04.16 02:34:32.111,1.8193,1.82,2.00,2.00
2009.04.16 02:34:32.451,1.8193,1.82,2.00,3.40
2009.04.16 02:34:32.791,1.8192,1.81995,2.00,1.00
2009.04.16 02:34:32.901,1.8191,1.8198,2.00,1.00
2009.04.16 02:34:33.191,1.81915,1.8199,2.00,1.80
2009.04.16 02:34:33.641,1.81915,1.81995,2.00,1.60
2009.04.16 02:34:33.871,1.8192,1.81995,2.00,1.60
2009.04.16 02:34:35.131,1.81925,1.81995,2.00,1.00
2009.04.16 02:34:35.371,1.81905,1.8198,1.60,1.00
2009.04.16 02:34:36.360,1.819,1.81995,1.20,1.60
2009.04.16 02:34:36.690,1.819,1.81985,2.40,1.00
2009.04.16 02:34:37.050,1.81915,1.8199,1.20,3.20
2009.04.16 02:34:37.560,1.8188,1.8197,2.80,1.00
2009.04.16 02:34:38.180,1.81885,1.81975,2.00,1.40
2009.04.16 02:34:38.410,1.81885,1.8199,2.00,1.60
2009.04.16 02:34:38.859,1.8192,1.82025,1.20,1.00
2009.04.16 02:34:43.118,1.81935,1.8201,3.40,1.00
2009.04.16 02:34:43.398,1.81945,1.8202,1.20,1.20
2009.04.16 02:34:43.638,1.81965,1.8203,1.20,1.60
2009.04.16 02:34:44.168,1.81965,1.82045,1.20,5.80
2009.04.16 02:34:44.618,1.8194,1.8203,3.60,2.00
2009.04.16 02:34:44.858,1.8194,1.8203,2.00,2.00
2009.04.16 02:34:45.608,1.81965,1.8203,2.00,1.20
2009.04.16 02:34:45.848,1.81965,1.8204,2.00,1.60
2009.04.16 02:34:46.128,1.81965,1.82045,2.00,1.00
2009.04.16 02:34:47.447,1.8198,1.82035,1.60,1.00
2009.04.16 02:34:47.508,1.81975,1.82035,1.60,1.00
2009.04.16 02:34:47.797,1.81975,1.82045,2.00,1.00
2009.04.16 02:34:48.377,1.81975,1.82045,2.00,1.80
2009.04.16 02:34:53.996,1.8197,1.82045,2.00,2.40
2009.04.16 02:34:54.336,1.8197,1.82045,2.00,1.20
2009.04.16 02:34:55.595,1.81945,1.82015,1.60,1.00
2009.04.16 02:34:55.885,1.81935,1.82015,1.60,1.80
2009.04.16 02:34:56.285,1.81905,1.82015,1.60,1.80
2009.04.16 02:34:56.405,1.81895,1.82015,2.80,1.80
2009.04.16 02:34:59.694,1.8192,1.8201,1.20,3.40
2009.04.16 02:35:00.024,1.8192,1.8201,1.20,1.80
2009.04.16 02:35:00.724,1.8192,1.8201,2.40,1.80
2009.04.16 02:35:01.124,1.8193,1.8201,2.80,1.00
2009.04.16 02:35:01.304,1.8193,1.8201,2.00,1.00
2009.04.16 02:35:02.114,1.8193,1.82,1.20,1.00
2009.04.16 02:35:02.354,1.8192,1.82,2.00,1.00
2009.04.16 02:35:02.994,1.81935,1.82,1.40,1.00
2009.04.16 02:35:03.343,1.81945,1.82005,2.00,1.00
2009.04.16 02:35:03.463,1.81925,1.8201,3.20,1.00
2009.04.16 02:35:03.633,1.8192,1.8201,2.00,1.00
2009.04.16 02:35:03.863,1.81925,1.8201,1.60,1.00
2009.04.16 02:35:03.974,1.8192,1.8201,2.00,1.00
2009.04.16 02:35:05.513,1.8193,1.8201,2.00,1.80
2009.04.16 02:35:06.093,1.8193,1.8201,2.00,4.20
2009.04.16 02:35:06.423,1.8192,1.82,2.00,1.80
2009.04.16 02:35:18.590,1.8192,1.81995,2.00,3.20
2009.04.16 02:35:18.750,1.81925,1.81985,1.60,1.80
2009.04.16 02:35:19.040,1.81905,1.81985,2.00,1.80
2009.04.16 02:35:19.280,1.81915,1.81985,1.20,1.00
2009.04.16 02:35:19.440,1.8192,1.82,2.80,1.00
2009.04.16 02:35:19.679,1.8193,1.8201,2.00,1.80
2009.04.16 02:35:30.927,1.8193,1.82,2.00,2.60
2009.04.16 02:35:30.987,1.81915,1.81985,3.60,1.00
2009.04.16 02:35:31.297,1.81915,1.81985,2.80,1.00
2009.04.16 02:35:31.867,1.8193,1.81985,1.20,1.00
2009.04.16 02:35:32.277,1.81925,1.81995,2.40,1.00
2009.04.16 02:35:32.507,1.81935,1.81995,1.20,1.00
2009.04.16 02:35:32.917,1.8194,1.8203,1.20,1.60
2009.04.16 02:35:33.376,1.8194,1.82035,1.20,5.80
2009.04.16 02:35:33.796,1.8192,1.8201,1.60,1.00
2009.04.16 02:35:34.146,1.81875,1.8201,2.00,1.00
2009.04.16 02:35:34.486,1.81875,1.81995,2.00,3.20
2009.04.16 02:35:34.996,1.81875,1.81975,2.00,1.80
2009.04.16 02:35:37.205,1.8188,1.8196,2.80,1.00
2009.04.16 02:35:37.315,1.8188,1.8196,2.00,1.00
2009.04.16 02:35:38.765,1.8189,1.81965,2.00,1.80
2009.04.16 02:35:39.205,1.8189,1.81965,2.00,1.00
2009.04.16 02:35:40.924,1.819,1.81965,1.20,1.00
2009.04.16 02:35:41.334,1.8191,1.81975,2.00,1.00
2009.04.16 02:35:41.634,1.81905,1.81975,1.60,1.80
2009.04.16 02:35:42.094,1.8192,1.8199,2.00,2.00
2009.04.16 02:35:42.304,1.81905,1.8198,2.00,1.00
2009.04.16 02:35:42.774,1.8191,1.82015,2.80,1.80
2009.04.16 02:35:42.954,1.8191,1.82005,2.80,3.20
2009.04.16 02:35:43.114,1.81905,1.8199,2.00,1.00
2009.04.16 02:35:45.363,1.81915,1.81985,2.00,1.00
2009.04.16 02:35:45.644,1.8192,1.81995,2.00,1.00
2009.04.16 02:35:46.333,1.81925,1.82005,2.00,1.80
2009.04.16 02:35:47.163,1.81935,1.8202,1.20,2.40
2009.04.16 02:35:47.613,1.81935,1.82025,1.20,1.80
2009.04.16 02:35:48.003,1.81935,1.8202,2.40,1.00
2009.04.16 02:35:48.413,1.81945,1.8203,1.20,2.40
2009.04.16 02:35:48.582,1.81945,1.8203,1.20,1.00
2009.04.16 02:35:57.440,1.81945,1.82025,1.20,1.00
2009.04.16 02:36:00.390,1.81945,1.82005,1.20,3.20
2009.04.16 02:36:00.560,1.8191,1.81995,3.60,1.00
2009.04.16 02:36:00.920,1.8192,1.81995,1.00,1.00
2009.04.16 02:36:01.089,1.8192,1.81995,3.00,1.00
2009.04.16 02:36:01.540,1.8192,1.8199,3.00,1.00
2009.04.16 02:36:01.939,1.8193,1.8199,2.20,1.80
2009.04.16 02:36:02.209,1.8189,1.8199,3.60,5.00
2009.04.16 02:36:02.559,1.8189,1.8198,2.20,1.00
2009.04.16 02:36:02.839,1.8189,1.8199,2.00,1.80
2009.04.16 02:36:05.258,1.8191,1.8199,1.60,1.80
2009.04.16 02:36:05.538,1.8191,1.8199,2.00,1.80
2009.04.16 02:36:06.418,1.8193,1.8199,2.40,1.00
2009.04.16 02:36:06.928,1.8191,1.81995,2.00,1.00
2009.04.16 02:36:07.438,1.8193,1.81995,1.20,1.00
2009.04.16 02:36:07.608,1.81935,1.82005,2.00,1.00
2009.04.16 02:36:08.298,1.81925,1.82,2.00,1.00
2009.04.16 02:36:09.928,1.81925,1.82,2.00,4.20
2009.04.16 02:36:10.527,1.81905,1.81985,1.60,1.00
2009.04.16 02:36:10.877,1.8192,1.82,1.20,1.80
2009.04.16 02:36:11.057,1.819,1.82,2.00,1.00
2009.04.16 02:36:25.394,1.8192,1.8199,1.40,1.00
2009.04.16 02:36:25.684,1.81925,1.8199,2.40,1.00
2009.04.16 02:36:25.863,1.81925,1.82,2.00,1.00
2009.04.16 02:36:26.273,1.81905,1.8198,4.40,1.00
2009.04.16 02:36:26.554,1.81905,1.81985,4.40,4.00
2009.04.16 02:36:27.013,1.8191,1.81985,2.00,1.00
2009.04.16 02:36:27.243,1.8191,1.82,2.00,1.00
2009.04.16 02:36:30.193,1.8191,1.8199,2.00,2.60
2009.04.16 02:36:30.422,1.81905,1.8198,2.00,1.00
2009.04.16 02:36:32.552,1.819,1.8197,2.00,1.00
2009.04.16 02:36:33.772,1.81895,1.81965,2.00,1.00
2009.04.16 02:36:34.191,1.8188,1.8196,2.00,1.00
2009.04.16 02:36:34.532,1.8188,1.81975,2.20,1.00
2009.04.16 02:36:34.941,1.81865,1.8197,1.60,1.00
2009.04.16 02:36:35.231,1.81855,1.8197,3.60,1.00
2009.04.16 02:36:35.681,1.81855,1.81955,1.60,1.00
2009.04.16 02:36:35.971,1.8184,1.81955,3.60,1.00
2009.04.16 02:36:37.191,1.81855,1.81945,2.00,1.00
2009.04.16 02:36:37.901,1.8184,1.81945,3.60,1.00
2009.04.16 02:36:38.251,1.81845,1.81945,1.60,1.00
2009.04.16 02:36:38.540,1.8184,1.81945,3.60,1.00
2009.04.16 02:36:39.240,1.8184,1.81945,2.00,2.60
2009.04.16 02:36:39.700,1.8184,1.81935,2.00,1.00
2009.04.16 02:36:39.930,1.8183,1.8193,5.60,1.00
2009.04.16 02:36:40.440,1.8183,1.8193,1.60,1.00
2009.04.16 02:36:40.680,1.81845,1.81935,2.00,1.00
2009.04.16 02:36:40.890,1.81845,1.81935,2.00,2.60
2009.04.16 02:36:41.370,1.81845,1.81935,2.00,1.00
2009.04.16 02:36:43.949,1.81855,1.8193,2.00,3.20
2009.04.16 02:36:44.059,1.81855,1.8192,2.00,1.00
2009.04.16 02:36:58.156,1.81855,1.81925,2.00,1.00
2009.04.16 02:37:01.045,1.8186,1.8194,2.00,1.80
2009.04.16 02:37:05.495,1.8185,1.8192,2.80,1.00
2009.04.16 02:37:05.664,1.8185,1.8192,2.00,1.00
2009.04.16 02:37:06.064,1.81855,1.8193,2.00,1.80
2009.04.16 02:37:07.793,1.81845,1.81925,2.00,1.80
2009.04.16 02:37:08.143,1.81835,1.81915,1.60,1.00
2009.04.16 02:37:08.194,1.8183,1.81915,3.60,1.00
2009.04.16 02:37:08.713,1.8183,1.81915,2.00,1.00
2009.04.16 02:37:12.752,1.8184,1.81925,1.20,1.80
2009.04.16 02:37:13.163,1.81845,1.81925,2.00,5.00
2009.04.16 02:37:13.582,1.8183,1.8191,2.00,1.80
2009.04.16 02:37:14.062,1.8185,1.8191,1.60,1.80
2009.04.16 02:37:14.402,1.81865,1.81945,2.00,1.60
2009.04.16 02:37:14.702,1.8186,1.81965,1.20,1.00
2009.04.16 02:37:15.212,1.8186,1.81975,2.00,1.60
2009.04.16 02:37:15.492,1.8186,1.8202,3.60,1.40
2009.04.16 02:37:16.711,1.81875,1.81995,1.40,3.20
2009.04.16 02:37:16.771,1.81885,1.8198,1.20,1.00
2009.04.16 02:37:17.141,1.8188,1.82025,2.00,3.00
2009.04.16 02:37:17.361,1.819,1.82025,2.00,1.60
2009.04.16 02:37:17.781,1.81905,1.8206,1.60,1.40
2009.04.16 02:37:17.891,1.819,1.82055,3.20,1.40
2009.04.16 02:37:18.061,1.81905,1.8206,1.60,1.40
2009.04.16 02:37:18.411,1.8191,1.8206,2.00,1.40
2009.04.16 02:37:20.320,1.8191,1.8205,2.00,2.20
2009.04.16 02:37:20.441,1.8191,1.82045,2.00,1.40
2009.04.16 02:37:20.551,1.81905,1.82045,1.60,2.60
2009.04.16 02:37:20.861,1.81905,1.8204,1.60,1.40
2009.04.16 02:37:21.140,1.81905,1.8203,1.60,1.40
2009.04.16 02:37:21.610,1.81885,1.8203,3.60,1.40
2009.04.16 02:37:22.460,1.8189,1.82035,1.60,1.40
2009.04.16 02:37:22.630,1.81885,1.82025,2.00,1.40
2009.04.16 02:37:23.569,1.81885,1.8203,3.60,1.40
2009.04.16 02:37:24.389,1.81885,1.81995,1.60,3.20
2009.04.16 02:37:24.690,1.8188,1.8198,4.40,1.00
2009.04.16 02:37:25.169,1.8188,1.81985,2.80,1.00
2009.04.16 02:37:25.499,1.8189,1.81965,2.00,1.00
2009.04.16 02:37:26.159,1.81885,1.81965,2.00,1.00
2009.04.16 02:37:28.019,1.8188,1.8197,2.80,1.00
2009.04.16 02:37:29.738,1.81895,1.81985,2.00,1.60
2009.04.16 02:37:30.078,1.81895,1.8199,2.00,1.60
2009.04.16 02:37:30.448,1.81895,1.82045,2.00,1.40
2009.04.16 02:37:32.008,1.8194,1.8204,1.20,1.60
2009.04.16 02:37:32.338,1.8194,1.8204,1.20,1.00
2009.04.16 02:37:32.747,1.8193,1.8203,1.20,1.00
2009.04.16 02:37:34.637,1.81935,1.82025,2.40,1.00
2009.04.16 02:37:34.867,1.81925,1.8201,2.80,1.00
2009.04.16 02:37:35.147,1.8192,1.82005,3.20,1.00
2009.04.16 02:37:35.447,1.8193,1.82015,1.60,4.00
2009.04.16 02:37:35.797,1.8194,1.8201,1.20,1.60
2009.04.16 02:37:36.127,1.8192,1.82,1.20,1.00
2009.04.16 02:37:36.407,1.81935,1.82,2.00,1.00
2009.04.16 02:37:36.746,1.81935,1.82015,2.00,1.80
2009.04.16 02:37:37.536,1.81925,1.81995,2.00,1.00
2009.04.16 02:37:38.816,1.8194,1.8201,2.00,4.20
2009.04.16 02:37:39.036,1.8194,1.8201,2.00,1.80
2009.04.16 02:37:40.826,1.81945,1.81995,1.40,1.00
2009.04.16 02:37:41.636,1.8196,1.8204,2.00,3.20
2009.04.16 02:37:41.965,1.81945,1.82035,1.60,1.80
2009.04.16 02:37:42.255,1.81955,1.8204,2.00,1.80
2009.04.16 02:37:43.215,1.8196,1.82035,2.00,1.00
2009.04.16 02:37:46.174,1.8196,1.8203,2.00,1.20
2009.04.16 02:37:46.494,1.8197,1.8204,2.00,2.80
2009.04.16 02:37:46.944,1.81955,1.82005,1.60,1.00
2009.04.16 02:37:47.414,1.8195,1.82035,1.20,1.60
2009.04.16 02:37:47.594,1.8195,1.8205,1.20,1.80
2009.04.16 02:37:49.134,1.8195,1.8203,1.20,1.00
2009.04.16 02:37:49.593,1.8196,1.8204,1.20,2.60
2009.04.16 02:37:49.763,1.8196,1.8204,1.20,3.60
2009.04.16 02:37:51.503,1.81945,1.8202,1.20,1.40
2009.04.16 02:37:51.673,1.81945,1.82015,1.20,1.00
2009.04.16 02:37:55.092,1.8194,1.8201,1.20,1.00
2009.04.16 02:37:56.442,1.8194,1.8201,1.20,4.20
2009.04.16 02:37:56.662,1.81905,1.8199,1.60,1.40
2009.04.16 02:37:56.882,1.81905,1.8197,2.40,1.00
2009.04.16 02:37:59.281,1.81915,1.81975,2.40,1.00
2009.04.16 02:37:59.631,1.81915,1.8196,2.40,1.00
2009.04.16 02:37:59.931,1.81915,1.81975,2.40,1.00
2009.04.16 02:38:00.501,1.81935,1.81975,1.20,1.00
2009.04.16 02:38:00.671,1.81955,1.81975,1.40,1.00
2009.04.16 02:38:00.961,1.81935,1.81975,1.20,1.00
2009.04.16 02:38:01.191,1.81925,1.8201,2.40,1.60
2009.04.16 02:38:01.600,1.8194,1.8202,1.20,1.00
2009.04.16 02:38:02.780,1.81935,1.82005,1.20,1.00
2009.04.16 02:38:03.200,1.8194,1.8201,1.20,1.00
2009.04.16 02:38:06.589,1.81945,1.8201,1.20,1.00
2009.04.16 02:38:08.799,1.81945,1.8201,2.40,1.00
2009.04.16 02:38:09.089,1.8195,1.82025,2.80,3.40
2009.04.16 02:38:09.209,1.8195,1.82025,2.80,1.00
2009.04.16 02:38:10.988,1.8195,1.82025,2.00,2.60
2009.04.16 02:38:11.268,1.8194,1.8201,2.80,1.00
2009.04.16 02:38:11.438,1.81945,1.8201,1.20,1.00
2009.04.16 02:38:13.787,1.81955,1.8201,1.20,1.00
2009.04.16 02:38:13.957,1.81955,1.8202,1.20,1.20
2009.04.16 02:38:14.197,1.81955,1.8203,1.20,1.60
2009.04.16 02:38:14.418,1.8196,1.82035,1.20,1.60
2009.04.16 02:38:14.587,1.8196,1.8204,1.20,2.60
2009.04.16 02:38:14.987,1.8196,1.8204,1.20,2.80
2009.04.16 02:38:17.247,1.81955,1.8204,1.20,3.60
2009.04.16 02:38:20.956,1.81935,1.82045,3.20,3.20
2009.04.16 02:38:21.236,1.8195,1.82035,1.20,1.00
2009.04.16 02:38:21.516,1.8195,1.82035,1.20,1.80
2009.04.16 02:38:22.195,1.81955,1.82035,1.20,1.00
2009.04.16 02:38:22.546,1.8195,1.82025,1.20,1.00
2009.04.16 02:38:23.185,1.8195,1.82035,1.20,1.80
2009.04.16 02:38:23.565,1.81955,1.82035,1.20,1.00
2009.04.16 02:38:24.265,1.8195,1.82025,1.20,1.00
2009.04.16 02:38:24.605,1.8195,1.8202,1.20,1.00
2009.04.16 02:38:25.065,1.8194,1.8202,1.20,1.00
2009.04.16 02:38:25.685,1.8194,1.8202,2.00,1.00
2009.04.16 02:38:25.915,1.81955,1.82025,2.00,1.00
2009.04.16 02:38:28.024,1.8195,1.8203,2.80,1.00
2009.04.16 02:38:29.754,1.8195,1.82025,2.80,3.20
2009.04.16 02:38:30.044,1.8195,1.82015,2.00,1.00
2009.04.16 02:38:30.833,1.8195,1.8203,2.00,1.80
2009.04.16 02:38:31.123,1.8196,1.82025,2.00,1.00
2009.04.16 02:38:32.383,1.8196,1.8203,2.00,4.00
2009.04.16 02:38:32.443,1.8196,1.8202,2.00,1.00
2009.04.16 02:38:36.412,1.81965,1.8202,2.00,1.00
2009.04.16 02:38:39.741,1.8197,1.82025,2.00,1.00
2009.04.16 02:38:40.381,1.8196,1.82015,2.00,1.00
2009.04.16 02:38:41.291,1.8197,1.82025,2.00,1.00
2009.04.16 02:38:41.641,1.8197,1.82015,2.00,1.00
2009.04.16 02:38:41.761,1.8196,1.82015,2.00,1.00
2009.04.16 02:38:43.330,1.81955,1.8202,1.60,1.80
2009.04.16 02:38:44.130,1.81955,1.82025,1.60,1.00
2009.04.16 02:38:44.360,1.81945,1.82025,1.20,1.00
2009.04.16 02:38:46.370,1.81945,1.8198,1.20,3.20
2009.04.16 02:38:46.550,1.81905,1.81965,3.20,1.80
2009.04.16 02:38:46.730,1.81905,1.81965,1.60,1.80
2009.04.16 02:38:47.119,1.81855,1.81965,2.00,1.80
2009.04.16 02:38:47.339,1.8184,1.8195,2.00,1.00
2009.04.16 02:38:47.749,1.8183,1.81925,1.20,1.00
2009.04.16 02:38:49.589,1.81845,1.81925,2.00,1.00
2009.04.16 02:38:49.699,1.8184,1.81935,1.40,1.00
2009.04.16 02:38:50.219,1.8184,1.81925,2.40,1.00
2009.04.16 02:38:50.729,1.8183,1.81935,1.60,1.00
2009.04.16 02:38:50.959,1.8182,1.81935,2.00,1.00
2009.04.16 02:38:51.688,1.81855,1.8194,2.80,1.60
2009.04.16 02:38:52.148,1.8186,1.81955,2.00,2.60
2009.04.16 02:38:52.268,1.81855,1.8195,4.40,1.00
2009.04.16 02:38:52.678,1.81855,1.8195,2.00,1.80
2009.04.16 02:38:55.917,1.8188,1.8195,1.40,1.80
2009.04.16 02:38:56.137,1.81895,1.81965,2.00,1.60
2009.04.16 02:38:56.307,1.81905,1.81965,2.80,1.60
2009.04.16 02:38:56.537,1.81905,1.81975,2.80,2.60
2009.04.16 02:38:56.707,1.81905,1.81975,2.80,1.00
2009.04.16 02:38:56.827,1.8191,1.81975,2.40,1.00
2009.04.16 02:38:57.178,1.81915,1.8199,2.00,1.00
2009.04.16 02:38:57.347,1.8193,1.8198,2.00,1.00
2009.04.16 02:38:57.687,1.81895,1.8198,1.60,1.00
2009.04.16 02:38:57.857,1.819,1.8198,1.60,1.00
2009.04.16 02:38:58.027,1.8189,1.8198,1.20,1.00
2009.04.16 02:39:01.436,1.8189,1.82015,1.60,1.60
2009.04.16 02:39:01.946,1.8188,1.82025,3.20,1.00
2009.04.16 02:39:02.366,1.8189,1.82025,1.60,1.00
2009.04.16 02:39:02.476,1.8189,1.8202,1.60,2.60
2009.04.16 02:39:02.886,1.8189,1.8202,1.60,1.00
2009.04.16 02:39:03.355,1.8188,1.8202,3.60,1.00
2009.04.16 02:39:03.475,1.81885,1.82,1.40,3.20
2009.04.16 02:39:03.906,1.8188,1.8201,2.00,2.60
2009.04.16 02:39:04.205,1.81875,1.82015,3.20,1.60
2009.04.16 02:39:04.705,1.8189,1.81985,1.20,1.00
2009.04.16 02:39:06.145,1.8191,1.82,1.20,4.00
2009.04.16 02:39:06.605,1.8191,1.81995,1.20,1.00
2009.04.16 02:39:09.374,1.81905,1.81995,2.40,1.00
2009.04.16 02:39:09.724,1.81915,1.82,1.20,1.00
2009.04.16 02:39:10.244,1.8191,1.81995,1.20,1.00
2009.04.16 02:39:11.933,1.8191,1.81995,2.40,1.00
2009.04.16 02:39:12.213,1.81915,1.8201,2.80,1.80
2009.04.16 02:39:12.613,1.8192,1.82005,1.20,1.80
2009.04.16 02:39:12.963,1.8191,1.82005,2.80,1.80
2009.04.16 02:39:15.383,1.81905,1.82,4.40,1.80
2009.04.16 02:39:16.052,1.8191,1.8198,2.00,1.00
2009.04.16 02:39:17.582,1.81915,1.8199,2.00,1.00
2009.04.16 02:39:18.842,1.81905,1.81985,2.00,1.80
2009.04.16 02:39:21.601,1.8192,1.81985,1.20,1.00
2009.04.16 02:39:21.941,1.8192,1.82,1.20,1.60
2009.04.16 02:39:22.001,1.8192,1.8201,1.20,1.00
2009.04.16 02:39:22.121,1.8191,1.82005,1.20,1.00
2009.04.16 02:39:26.350,1.8193,1.8201,1.20,1.00
2009.04.16 02:39:27.160,1.81925,1.8201,2.40,1.00
2009.04.16 02:39:27.340,1.81935,1.8202,1.20,1.00
2009.04.16 02:39:28.829,1.8192,1.81995,2.00,1.00
2009.04.16 02:39:29.000,1.81905,1.8199,3.60,1.00
2009.04.16 02:39:29.539,1.81905,1.8199,2.00,1.00
2009.04.16 02:39:42.886,1.81905,1.8196,2.00,2.40
2009.04.16 02:39:42.946,1.8189,1.8196,2.00,2.40
2009.04.16 02:39:43.346,1.8189,1.8196,2.00,1.60
2009.04.16 02:39:43.406,1.8189,1.81965,2.00,2.60
2009.04.16 02:39:43.466,1.8189,1.81965,2.00,1.00
2009.04.16 02:39:47.345,1.81885,1.81955,2.00,1.00
2009.04.16 02:39:47.575,1.8189,1.81965,2.00,1.00
2009.04.16 02:39:50.454,1.8188,1.8196,2.00,1.80
2009.04.16 02:39:58.352,1.8188,1.8196,3.40,1.80
2009.04.16 02:39:58.582,1.8189,1.8196,1.20,1.00
2009.04.16 02:39:58.642,1.8189,1.8197,2.00,1.00
2009.04.16 02:39:59.272,1.81885,1.81955,2.00,1.00
2009.04.16 02:39:59.552,1.81885,1.81955,2.80,1.00
2009.04.16 02:39:59.722,1.8189,1.8197,2.00,2.00
2009.04.16 02:40:00.242,1.8189,1.8196,2.00,1.00
2009.04.16 02:40:00.542,1.8189,1.81965,2.00,1.00
2009.04.16 02:40:01.312,1.81885,1.81955,2.00,1.00
2009.04.16 02:40:06.330,1.8188,1.81955,2.00,1.00
2009.04.16 02:40:06.630,1.8188,1.81955,3.40,1.00
2009.04.16 02:40:07.250,1.8189,1.81955,1.40,1.00
2009.04.16 02:40:07.660,1.81905,1.8197,2.00,1.20
2009.04.16 02:40:07.990,1.819,1.81975,2.00,2.60
2009.04.16 02:40:08.170,1.819,1.81975,2.00,1.00
2009.04.16 02:40:09.460,1.81895,1.81965,2.00,1.00
2009.04.16 02:40:09.630,1.8189,1.8196,2.00,1.00
2009.04.16 02:40:10.759,1.81875,1.8195,2.00,1.00
2009.04.16 02:40:11.049,1.81875,1.81945,2.00,1.00
2009.04.16 02:40:12.889,1.81865,1.81945,2.00,1.80
2009.04.16 02:40:12.949,1.81875,1.81945,1.40,1.80
2009.04.16 02:40:13.189,1.81885,1.81945,1.20,1.00
2009.04.16 02:40:13.249,1.81885,1.81965,1.20,1.60
2009.04.16 02:40:13.309,1.8188,1.81965,1.20,2.40
2009.04.16 02:40:13.809,1.81865,1.81945,2.00,1.00
2009.04.16 02:40:14.138,1.8186,1.81945,1.20,1.00
2009.04.16 02:40:14.679,1.81855,1.8193,1.60,1.00
2009.04.16 02:40:15.208,1.81845,1.8193,1.20,1.00
2009.04.16 02:40:15.738,1.8186,1.8194,2.00,1.00
2009.04.16 02:40:16.078,1.8186,1.8194,1.20,1.00
2009.04.16 02:40:16.368,1.8186,1.8194,2.00,1.00
2009.04.16 02:40:17.218,1.8186,1.8194,3.40,1.00
2009.04.16 02:40:17.387,1.8187,1.8194,1.20,1.00
2009.04.16 02:40:17.607,1.8187,1.81955,1.20,1.00
2009.04.16 02:40:18.228,1.8187,1.8195,1.20,3.20
2009.04.16 02:40:18.287,1.81855,1.8194,1.60,2.60
2009.04.16 02:40:18.628,1.81855,1.81935,1.60,5.00
2009.04.16 02:40:18.967,1.81855,1.81945,4.40,4.00
2009.04.16 02:40:19.197,1.81855,1.81945,4.40,3.20
2009.04.16 02:40:19.317,1.81865,1.81935,1.20,1.00
2009.04.16 02:40:19.667,1.8188,1.81955,2.00,1.80
2009.04.16 02:40:20.247,1.819,1.8195,1.60,1.00
2009.04.16 02:40:20.587,1.81895,1.8196,2.00,1.00
2009.04.16 02:40:20.927,1.819,1.81955,1.60,1.00
2009.04.16 02:40:21.217,1.81895,1.8199,2.00,2.60
2009.04.16 02:40:21.507,1.81895,1.81985,2.00,1.80
2009.04.16 02:40:21.967,1.81905,1.8199,2.00,1.80
2009.04.16 02:40:22.076,1.8189,1.8197,1.20,1.00
2009.04.16 02:40:22.356,1.81895,1.81975,2.00,1.80
2009.04.16 02:40:24.497,1.81895,1.81965,2.00,1.00
2009.04.16 02:40:24.886,1.8191,1.82,2.00,5.80
2009.04.16 02:40:25.416,1.8193,1.82015,2.00,1.00
2009.04.16 02:40:26.216,1.8192,1.8199,2.00,1.00
2009.04.16 02:40:26.695,1.8192,1.8199,2.00,1.80
2009.04.16 02:40:27.195,1.8192,1.8199,2.00,1.00
2009.04.16 02:40:27.945,1.8192,1.8199,2.00,1.80
2009.04.16 02:40:32.124,1.81915,1.8199,2.80,1.80
2009.04.16 02:40:32.244,1.81915,1.8199,2.00,1.80
2009.04.16 02:40:32.934,1.8192,1.8199,2.00,1.00
2009.04.16 02:40:35.543,1.8192,1.82005,2.00,1.00
2009.04.16 02:40:36.413,1.8192,1.8199,2.00,1.40
2009.04.16 02:40:36.803,1.8192,1.81975,1.20,1.00
2009.04.16 02:40:37.153,1.81925,1.81975,1.20,1.00
2009.04.16 02:40:37.493,1.81925,1.81985,1.20,1.00
2009.04.16 02:40:40.222,1.81925,1.8198,1.20,1.00
2009.04.16 02:40:41.192,1.8192,1.82015,2.80,1.60
2009.04.16 02:40:41.642,1.81905,1.8202,1.60,2.00
2009.04.16 02:40:42.042,1.81925,1.81995,1.40,1.00
2009.04.16 02:40:42.451,1.8189,1.81995,4.00,1.00
2009.04.16 02:40:42.622,1.81895,1.8201,2.80,1.80
2009.04.16 02:40:43.541,1.8191,1.81975,1.20,1.00
2009.04.16 02:40:47.001,1.8189,1.8195,2.00,1.00
2009.04.16 02:40:47.161,1.8189,1.81945,3.80,1.00
2009.04.16 02:40:47.440,1.81905,1.8196,1.20,1.00
2009.04.16 02:40:47.840,1.81895,1.8195,1.20,1.00
2009.04.16 02:40:48.680,1.8186,1.81945,2.00,1.00
2009.04.16 02:40:48.901,1.8189,1.8198,2.80,3.00
2009.04.16 02:40:49.130,1.8189,1.8197,2.80,1.60
2009.04.16 02:40:49.600,1.8188,1.8198,1.20,1.60
2009.04.16 02:40:52.219,1.81895,1.8204,1.60,2.20
2009.04.16 02:40:52.869,1.81895,1.82035,1.60,5.00
2009.04.16 02:40:52.979,1.8191,1.8203,1.60,1.20
2009.04.16 02:40:53.209,1.81915,1.8204,2.00,1.60
2009.04.16 02:40:53.619,1.81915,1.8205,2.00,1.40
2009.04.16 02:40:53.959,1.81915,1.82055,3.60,3.20
2009.04.16 02:40:54.249,1.8193,1.82055,1.60,1.60
2009.04.16 02:40:54.539,1.8193,1.8206,1.60,1.60
2009.04.16 02:40:54.819,1.81975,1.82095,1.40,1.40
2009.04.16 02:40:55.348,1.81985,1.82095,1.20,1.00
2009.04.16 02:40:55.938,1.81985,1.821,2.00,1.00
2009.04.16 02:40:56.348,1.8199,1.82105,2.00,1.60
2009.04.16 02:40:56.518,1.8199,1.82085,2.00,3.20
2009.04.16 02:40:56.918,1.8198,1.82065,3.60,1.00
2009.04.16 02:40:57.098,1.8198,1.82065,2.00,1.00
2009.04.16 02:40:59.798,1.81975,1.82065,1.20,2.60
2009.04.16 02:41:00.617,1.8198,1.82065,2.40,2.60
2009.04.16 02:41:01.187,1.8198,1.8206,1.20,1.40
2009.04.16 02:41:01.757,1.81975,1.8208,1.60,1.60
2009.04.16 02:41:02.137,1.81985,1.82145,1.60,2.60
2009.04.16 02:41:02.187,1.81995,1.8215,1.60,1.60
2009.04.16 02:41:02.677,1.8199,1.8205,1.60,3.20
2009.04.16 02:41:03.327,1.8191,1.82035,4.40,1.00
2009.04.16 02:41:03.737,1.8191,1.81995,1.60,1.00
2009.04.16 02:41:04.007,1.81895,1.81995,5.00,1.00
2009.04.16 02:41:04.456,1.81925,1.81995,2.00,3.20
2009.04.16 02:41:04.697,1.81925,1.8199,1.60,1.00
2009.04.16 02:41:05.166,1.81915,1.82035,1.60,1.60
2009.04.16 02:41:05.696,1.81895,1.8205,1.60,4.20
2009.04.16 02:41:05.986,1.81895,1.82045,1.60,1.60
2009.04.16 02:41:12.105,1.8199,1.8216,1.60,1.80
2009.04.16 02:41:13.994,1.82005,1.8212,1.40,3.20
2009.04.16 02:41:14.164,1.82015,1.82105,2.40,1.40
2009.04.16 02:41:14.744,1.82015,1.82105,1.20,2.60
2009.04.16 02:41:15.264,1.82025,1.82095,1.20,1.00
2009.04.16 02:41:15.564,1.8202,1.82095,2.80,1.00
2009.04.16 02:41:16.603,1.8203,1.821,2.00,2.60
2009.04.16 02:41:16.843,1.8203,1.821,2.80,1.00
2009.04.16 02:41:19.513,1.82025,1.82095,2.00,1.00
2009.04.16 02:41:19.972,1.8202,1.82095,2.80,1.00
2009.04.16 02:41:20.702,1.82025,1.82105,2.00,1.00
2009.04.16 02:41:20.982,1.8202,1.8212,1.60,1.60
2009.04.16 02:41:21.412,1.8202,1.82175,1.60,1.00
2009.04.16 02:41:22.502,1.82015,1.82155,1.60,1.40
2009.04.16 02:41:22.952,1.8202,1.8216,1.60,1.00
2009.04.16 02:41:23.512,1.82035,1.82135,1.20,1.40
2009.04.16 02:41:23.991,1.82035,1.8214,1.20,2.80
2009.04.16 02:41:24.102,1.82005,1.8211,2.80,1.40
2009.04.16 02:41:24.161,1.8201,1.821,1.20,1.00
2009.04.16 02:41:24.801,1.8199,1.8209,2.80,1.00
2009.04.16 02:41:26.371,1.82005,1.8207,1.20,1.00
2009.04.16 02:41:26.601,1.81995,1.8207,2.80,1.00
2009.04.16 02:41:28.061,1.81995,1.8207,2.00,2.60
2009.04.16 02:41:28.420,1.81985,1.82055,1.60,1.00
2009.04.16 02:41:28.711,1.8198,1.82055,1.00,1.00
2009.04.16 02:41:29.211,1.8198,1.8206,2.00,1.00
2009.04.16 02:41:29.450,1.81965,1.82035,2.80,1.00
2009.04.16 02:41:29.850,1.81995,1.8207,1.20,1.60
2009.04.16 02:41:30.170,1.81995,1.821,1.20,2.60
2009.04.16 02:41:34.499,1.8201,1.82075,1.20,3.20
2009.04.16 02:41:34.899,1.8197,1.8206,3.60,1.00
2009.04.16 02:41:35.189,1.8197,1.8206,2.00,1.00
2009.04.16 02:41:36.888,1.8197,1.82045,2.80,1.00
2009.04.16 02:41:37.198,1.8198,1.82045,1.20,1.00
2009.04.16 02:41:37.469,1.8198,1.8205,2.00,1.00
2009.04.16 02:41:39.588,1.8199,1.82065,2.00,2.60
2009.04.16 02:41:43.647,1.8198,1.8205,2.00,1.00
2009.04.16 02:41:50.065,1.81965,1.82035,2.80,1.00
2009.04.16 02:41:50.295,1.81955,1.82025,3.60,2.60
2009.04.16 02:41:50.585,1.81955,1.82025,2.00,2.60
2009.04.16 02:41:52.774,1.8196,1.8203,2.00,2.60
2009.04.16 02:41:53.235,1.81965,1.8204,2.00,2.60
2009.04.16 02:41:54.244,1.81965,1.8204,2.00,1.80
2009.04.16 02:41:54.764,1.81965,1.8201,1.60,1.00
2009.04.16 02:41:55.094,1.8191,1.8201,2.00,1.00
2009.04.16 02:41:55.754,1.8191,1.81995,3.40,1.00
2009.04.16 02:41:55.984,1.81925,1.82005,2.00,1.40
2009.04.16 02:41:56.284,1.8194,1.8202,2.00,3.00
2009.04.16 02:41:56.583,1.8194,1.82015,2.00,1.60
2009.04.16 02:41:56.883,1.8194,1.8202,2.00,1.40
2009.04.16 02:41:57.343,1.81945,1.82025,2.00,1.40
2009.04.16 02:41:57.463,1.8196,1.82035,2.00,2.40
2009.04.16 02:41:57.743,1.8196,1.82035,2.00,1.00
2009.04.16 02:41:57.863,1.81965,1.8204,2.00,1.20
2009.04.16 02:41:58.143,1.81965,1.82035,2.00,1.00
2009.04.16 02:41:58.543,1.81975,1.8205,1.20,2.00
2009.04.16 02:41:58.723,1.8198,1.8204,2.00,1.20
2009.04.16 02:41:58.953,1.8198,1.8204,2.80,1.20
2009.04.16 02:41:59.133,1.8197,1.8206,2.00,1.80
2009.04.16 02:41:59.713,1.81955,1.8204,4.40,1.00
2009.04.16 02:42:00.063,1.8197,1.8206,2.80,1.60
2009.04.16 02:42:00.973,1.8197,1.8207,2.80,2.40
2009.04.16 02:42:01.253,1.8198,1.82075,2.80,3.40
2009.04.16 02:42:01.983,1.8198,1.82075,2.80,1.80
2009.04.16 02:42:02.622,1.8198,1.82055,2.00,1.00
2009.04.16 02:42:03.262,1.8197,1.82045,2.00,1.40
2009.04.16 02:42:03.552,1.81965,1.82035,2.80,1.00
2009.04.16 02:42:05.091,1.81965,1.82035,2.00,1.00
2009.04.16 02:42:05.731,1.81965,1.82035,2.80,1.00
2009.04.16 02:42:05.951,1.8198,1.8207,2.80,5.80
2009.04.16 02:42:06.222,1.8198,1.8207,2.80,2.60
2009.04.16 02:42:06.461,1.8197,1.8207,2.00,1.80
2009.04.16 02:42:17.049,1.8197,1.8205,2.00,1.00
2009.04.16 02:42:17.918,1.8197,1.8206,2.00,2.60
2009.04.16 02:42:18.259,1.81965,1.8205,2.80,1.00
2009.04.16 02:42:20.468,1.8198,1.82065,2.80,5.80
2009.04.16 02:42:20.998,1.8198,1.82065,2.80,1.00
2009.04.16 02:42:21.578,1.8198,1.82065,2.80,4.20
2009.04.16 02:42:27.216,1.8197,1.8205,2.00,2.60
2009.04.16 02:42:27.516,1.81965,1.8204,2.00,1.00
2009.04.16 02:42:28.426,1.8198,1.8204,1.40,1.00
2009.04.16 02:42:28.646,1.8199,1.8205,2.00,1.20
2009.04.16 02:42:28.756,1.8199,1.8205,2.40,1.00
2009.04.16 02:42:28.866,1.8198,1.8205,2.00,1.00
2009.04.16 02:42:29.036,1.8198,1.8205,2.00,1.80
2009.04.16 02:42:29.336,1.8198,1.8205,2.00,2.60
2009.04.16 02:42:29.396,1.81965,1.8204,2.00,1.00
2009.04.16 02:42:29.456,1.81965,1.8204,3.40,1.00
2009.04.16 02:42:29.626,1.8198,1.8205,2.00,2.60
2009.04.16 02:42:29.925,1.8198,1.8205,2.00,1.80
2009.04.16 02:42:30.266,1.8198,1.8205,2.00,1.00
2009.04.16 02:42:31.465,1.8198,1.8205,2.00,2.60
2009.04.16 02:42:31.695,1.81965,1.8204,2.00,1.00
2009.04.16 02:42:35.694,1.8195,1.82035,3.80,1.00
2009.04.16 02:42:35.814,1.8195,1.82035,1.60,1.00
2009.04.16 02:42:36.104,1.81945,1.82035,2.00,1.00
2009.04.16 02:42:36.214,1.8194,1.82025,2.00,1.00
2009.04.16 02:42:37.094,1.81965,1.82015,2.40,1.00
2009.04.16 02:42:37.334,1.8198,1.82035,2.40,1.00
2009.04.16 02:42:37.694,1.81945,1.82035,1.20,2.60
2009.04.16 02:42:39.993,1.8195,1.82035,2.40,2.60
2009.04.16 02:42:40.283,1.81965,1.8204,2.00,1.00
2009.04.16 02:42:40.583,1.8197,1.8204,2.00,1.00
2009.04.16 02:42:41.733,1.8197,1.82035,2.00,3.20
2009.04.16 02:42:41.853,1.81935,1.82015,3.60,1.00
2009.04.16 02:42:42.023,1.8194,1.82015,3.80,1.00
2009.04.16 02:42:42.133,1.8195,1.82015,1.20,1.00
2009.04.16 02:42:42.653,1.8196,1.8205,2.00,1.00
2009.04.16 02:42:44.402,1.81955,1.8203,2.00,1.80
2009.04.16 02:42:47.771,1.81955,1.8203,2.00,1.00
2009.04.16 02:42:48.061,1.81965,1.82035,2.00,1.00
2009.04.16 02:42:48.171,1.81955,1.82025,2.00,1.00
2009.04.16 02:42:48.291,1.81955,1.82025,2.00,1.80
2009.04.16 02:42:51.810,1.81955,1.82025,2.00,4.20
2009.04.16 02:42:51.930,1.81955,1.82015,2.00,1.00
2009.04.16 02:42:52.271,1.8194,1.8201,2.00,1.00
2009.04.16 02:42:54.460,1.81955,1.82025,2.00,1.00
2009.04.16 02:42:55.779,1.81955,1.82025,2.00,1.80
2009.04.16 02:42:56.699,1.81955,1.82025,2.00,4.20
2009.04.16 02:42:56.979,1.81945,1.82015,1.20,1.00
2009.04.16 02:42:57.159,1.81955,1.82025,2.00,1.80
2009.04.16 02:42:57.779,1.8192,1.8201,1.60,1.00
2009.04.16 02:42:58.229,1.8192,1.82025,2.00,1.00
2009.04.16 02:43:00.978,1.8193,1.82025,2.80,5.80
2009.04.16 02:43:01.218,1.81935,1.82025,2.00,4.80
2009.04.16 02:43:01.388,1.81935,1.8202,2.00,1.00
2009.04.16 02:43:05.027,1.8195,1.8203,2.00,2.80
2009.04.16 02:43:05.557,1.8195,1.8203,2.00,2.00
2009.04.16 02:43:06.627,1.8196,1.8203,2.00,1.00
2009.04.16 02:43:07.047,1.81925,1.8202,4.40,1.00
2009.04.16 02:43:07.227,1.81925,1.8202,3.60,1.00
2009.04.16 02:43:07.406,1.81925,1.8202,2.00,1.00
2009.04.16 02:43:07.816,1.8194,1.8203,1.20,1.80
2009.04.16 02:43:11.065,1.81995,1.8205,2.00,1.60
2009.04.16 02:43:11.346,1.81995,1.8207,2.00,2.80
2009.04.16 02:43:12.225,1.81995,1.8206,2.00,1.60
2009.04.16 02:43:12.335,1.81995,1.82055,2.00,1.00
2009.04.16 02:43:12.625,1.8198,1.8205,2.00,1.00
2009.04.16 02:43:12.735,1.8198,1.8205,2.00,2.00
2009.04.16 02:43:15.164,1.8199,1.8205,2.00,1.20
2009.04.16 02:43:15.444,1.8199,1.8206,2.00,1.20
2009.04.16 02:43:17.364,1.8198,1.82045,2.00,1.00
2009.04.16 02:43:18.944,1.8199,1.82065,2.00,1.80
2009.04.16 02:43:18.994,1.8199,1.8206,2.00,1.20
2009.04.16 02:43:21.083,1.8198,1.82035,1.60,1.00
2009.04.16 02:43:21.193,1.8197,1.8203,1.60,1.00
2009.04.16 02:43:21.473,1.8195,1.8203,2.00,1.00
2009.04.16 02:43:21.823,1.81965,1.8205,2.00,1.00
2009.04.16 02:43:26.322,1.82025,1.82105,2.00,1.80
2009.04.16 02:43:26.612,1.82025,1.82095,2.00,1.00
2009.04.16 02:43:26.842,1.82005,1.82095,4.40,1.00
2009.04.16 02:43:27.072,1.82005,1.82095,2.80,1.00
2009.04.16 02:43:28.072,1.82005,1.8209,2.00,1.00
2009.04.16 02:43:28.421,1.82,1.8207,2.80,3.20
2009.04.16 02:43:28.532,1.82,1.8206,2.00,1.00
2009.04.16 02:43:28.871,1.8199,1.8206,1.60,1.80
2009.04.16 02:43:28.991,1.81985,1.8206,2.00,1.80
2009.04.16 02:43:29.171,1.8198,1.82055,2.00,1.00
2009.04.16 02:43:31.791,1.8198,1.82045,2.00,1.00
2009.04.16 02:43:32.190,1.8197,1.82035,2.00,1.00
2009.04.16 02:43:32.710,1.8197,1.8202,3.00,1.00
2009.04.16 02:43:32.940,1.8197,1.8203,2.00,1.00
2009.04.16 02:43:33.450,1.81975,1.82025,1.60,1.00
2009.04.16 02:43:33.790,1.81965,1.82015,1.60,1.00
2009.04.16 02:43:33.890,1.8195,1.82015,3.00,1.00
2009.04.16 02:43:36.170,1.81945,1.8202,3.60,1.00
2009.04.16 02:43:38.269,1.8194,1.8202,1.20,1.00
2009.04.16 02:43:39.149,1.8192,1.82015,4.20,1.80
2009.04.16 02:43:39.519,1.81925,1.82015,1.20,1.80
2009.04.16 02:43:40.499,1.81915,1.82,1.20,1.00
2009.04.16 02:43:40.719,1.81915,1.81995,1.20,1.00
2009.04.16 02:43:40.998,1.8193,1.81995,1.20,1.00
2009.04.16 02:43:41.278,1.8194,1.82005,1.20,2.60
2009.04.16 02:43:41.449,1.81945,1.82005,2.00,1.60
2009.04.16 02:43:41.908,1.81945,1.82015,2.00,1.00
2009.04.16 02:43:43.008,1.8196,1.8203,2.80,1.00
2009.04.16 02:43:44.367,1.81965,1.82035,2.00,1.00
2009.04.16 02:43:44.428,1.81965,1.82035,2.80,1.00
2009.04.16 02:43:44.547,1.8197,1.82045,2.00,1.00
2009.04.16 02:43:45.058,1.81985,1.8205,2.00,2.60
2009.04.16 02:43:45.637,1.81985,1.8205,2.00,1.00
2009.04.16 02:43:45.867,1.81995,1.82055,2.00,1.00
2009.04.16 02:43:47.627,1.82005,1.82075,2.00,1.00
2009.04.16 02:43:49.816,1.82005,1.82075,2.00,1.80
2009.04.16 02:43:49.866,1.82005,1.82075,2.00,6.80
2009.04.16 02:43:54.605,1.8198,1.82055,3.60,2.60
2009.04.16 02:43:54.845,1.8197,1.82045,2.00,1.00
2009.04.16 02:43:55.445,1.81975,1.8205,2.00,1.00
2009.04.16 02:43:56.794,1.81985,1.8205,1.20,1.00
2009.04.16 02:43:57.155,1.81985,1.8206,2.00,1.00
2009.04.16 02:43:59.834,1.81995,1.8206,1.20,1.00
2009.04.16 02:44:00.424,1.81985,1.8204,2.00,3.20
2009.04.16 02:44:00.944,1.81965,1.8203,1.60,1.00
2009.04.16 02:44:01.333,1.8196,1.8204,2.00,1.00
2009.04.16 02:44:03.173,1.8196,1.8204,2.00,1.00
2009.04.16 02:44:03.223,1.8197,1.82045,2.00,1.00
2009.04.16 02:44:04.543,1.8197,1.82055,2.00,1.80
2009.04.16 02:44:05.813,1.8197,1.82055,2.00,4.20
2009.04.16 02:44:05.872,1.8196,1.8204,2.00,1.00
2009.04.16 02:44:06.823,1.81955,1.8203,1.00,1.80
2009.04.16 02:44:09.751,1.81955,1.8203,1.00,4.20
2009.04.16 02:44:10.391,1.81935,1.82015,2.00,1.00
2009.04.16 02:44:11.741,1.81955,1.8203,1.00,2.60
2009.04.16 02:44:12.021,1.81955,1.8203,1.00,1.80
2009.04.16 02:44:14.710,1.81945,1.8203,2.00,1.80
2009.04.16 02:44:16.100,1.81945,1.8203,3.40,1.80
2009.04.16 02:44:16.440,1.8196,1.8203,2.00,1.00
2009.04.16 02:44:17.350,1.8196,1.8204,2.00,1.80
2009.04.16 02:44:17.529,1.8196,1.8205,2.80,3.20
2009.04.16 02:44:21.689,1.8196,1.82055,3.60,1.80
2009.04.16 02:44:22.888,1.8196,1.8204,3.60,1.00
2009.04.16 02:44:23.338,1.8197,1.82045,2.00,1.00
2009.04.16 02:44:23.688,1.81975,1.82055,2.00,1.00
2009.04.16 02:44:24.688,1.8196,1.8204,4.40,1.00
2009.04.16 02:44:25.308,1.8196,1.8204,2.80,1.00
2009.04.16 02:44:25.997,1.81975,1.82055,2.00,1.80
2009.04.16 02:44:26.697,1.8196,1.82045,2.80,1.00
2009.04.16 02:44:28.847,1.81965,1.82045,2.40,1.00
2009.04.16 02:44:29.067,1.81975,1.82045,1.20,1.00
2009.04.16 02:44:29.127,1.81975,1.82055,2.00,1.80
2009.04.16 02:44:31.656,1.81965,1.8204,3.00,1.80
2009.04.16 02:44:31.996,1.81955,1.8204,2.40,1.80
2009.04.16 02:44:32.166,1.81945,1.8203,2.00,1.80
2009.04.16 02:44:32.396,1.81945,1.8203,2.00,2.60
2009.04.16 02:44:32.576,1.81945,1.8203,2.00,3.60
2009.04.16 02:44:33.546,1.8196,1.8203,1.20,2.00
2009.04.16 02:44:33.836,1.8196,1.8204,2.00,2.00
2009.04.16 02:44:34.236,1.8196,1.82045,2.00,1.00
2009.04.16 02:44:34.346,1.8196,1.8205,2.80,3.20
2009.04.16 02:44:35.025,1.8196,1.82045,1.20,1.00
2009.04.16 02:44:36.745,1.8195,1.8203,2.00,1.00
2009.04.16 02:44:36.975,1.8195,1.82035,1.20,1.80
2009.04.16 02:44:38.015,1.8195,1.82035,2.40,1.80
2009.04.16 02:44:38.355,1.8195,1.8204,4.40,1.80
2009.04.16 02:44:38.515,1.8195,1.8204,2.80,2.80
2009.04.16 02:44:39.144,1.81955,1.8203,1.20,1.00
2009.04.16 02:44:39.374,1.81945,1.8203,2.00,1.80
2009.04.16 02:44:40.354,1.81945,1.8202,2.00,1.00
2009.04.16 02:44:40.644,1.81935,1.8203,2.80,3.40
2009.04.16 02:44:40.934,1.81935,1.8203,2.80,1.80
2009.04.16 02:44:44.883,1.8195,1.8203,1.20,1.00
2009.04.16 02:44:45.183,1.81945,1.8203,1.60,4.20
2009.04.16 02:44:45.473,1.8194,1.8202,2.00,1.00
2009.04.16 02:44:45.823,1.8194,1.82025,2.00,1.00
2009.04.16 02:44:46.113,1.8193,1.82005,5.20,1.00
2009.04.16 02:44:46.633,1.8192,1.82,1.60,1.80
2009.04.16 02:44:46.973,1.8192,1.82,2.00,1.00
2009.04.16 02:44:48.692,1.8191,1.81985,2.00,1.00
2009.04.16 02:44:48.862,1.8191,1.81985,2.00,2.60
2009.04.16 02:44:49.522,1.81915,1.8199,2.00,1.00
2009.04.16 02:44:49.932,1.8191,1.81985,2.00,1.80
2009.04.16 02:44:50.162,1.81925,1.8199,2.00,1.20
2009.04.16 02:44:50.692,1.81905,1.8197,3.00,1.00
2009.04.16 02:44:51.372,1.81915,1.81985,2.00,1.00
2009.04.16 02:44:51.671,1.8194,1.81995,2.00,2.40
2009.04.16 02:44:52.011,1.81915,1.82,2.00,3.60
2009.04.16 02:44:52.741,1.81925,1.82,1.40,1.00
2009.04.16 02:44:53.141,1.81945,1.82,1.20,1.00
2009.04.16 02:44:53.601,1.81945,1.8204,1.20,1.00
2009.04.16 02:44:54.181,1.81945,1.82045,1.20,4.00
2009.04.16 02:44:54.361,1.81935,1.8203,2.80,1.00
2009.04.16 02:44:55.330,1.81925,1.82025,1.60,1.00
2009.04.16 02:44:55.670,1.81885,1.82025,1.60,1.00
2009.04.16 02:44:55.850,1.8189,1.8203,1.60,1.60
2009.04.16 02:44:56.370,1.8189,1.82035,1.60,1.00
2009.04.16 02:44:58.060,1.8194,1.82035,1.40,1.00
2009.04.16 02:44:58.340,1.81955,1.8204,2.00,3.00
2009.04.16 02:44:58.630,1.81955,1.82055,2.00,1.80
2009.04.16 02:44:59.100,1.8196,1.8205,2.00,1.80
2009.04.16 02:44:59.450,1.8196,1.8204,2.00,1.80
2009.04.16 02:45:00.139,1.8197,1.8204,2.00,1.00
2009.04.16 02:45:01.089,1.81985,1.8204,1.40,1.00
2009.04.16 02:45:01.649,1.81995,1.82085,2.00,2.60
2009.04.16 02:45:02.119,1.81995,1.82075,2.00,1.00
2009.04.16 02:45:04.768,1.82005,1.82075,2.00,1.20
2009.04.16 02:45:04.878,1.82025,1.82085,1.20,1.60
2009.04.16 02:45:05.218,1.82035,1.82085,2.00,1.60
2009.04.16 02:45:05.338,1.82035,1.8212,2.00,1.60
2009.04.16 02:45:05.688,1.82035,1.8213,2.00,2.40
2009.04.16 02:45:07.247,1.8203,1.82105,3.60,1.00
2009.04.16 02:45:07.938,1.8203,1.821,2.00,1.00
2009.04.16 02:45:10.946,1.82015,1.8209,2.00,1.00
2009.04.16 02:45:11.476,1.82015,1.8209,2.00,2.00
2009.04.16 02:45:11.876,1.82015,1.8209,2.00,1.00
2009.04.16 02:45:12.506,1.82015,1.8209,2.00,1.80
2009.04.16 02:45:12.976,1.82005,1.82075,2.00,1.00
2009.04.16 02:45:14.236,1.82005,1.8208,2.00,1.00
2009.04.16 02:45:18.155,1.82015,1.82085,2.00,1.00
2009.04.16 02:45:18.675,1.82005,1.8208,2.00,1.00
2009.04.16 02:45:19.085,1.82005,1.8208,1.60,1.80
2009.04.16 02:45:19.445,1.8202,1.8209,1.60,2.00
2009.04.16 02:45:20.175,1.8202,1.8209,2.00,2.00
2009.04.16 02:45:20.974,1.8203,1.8209,2.00,1.20
2009.04.16 02:45:21.304,1.8203,1.82105,2.00,2.60
2009.04.16 02:45:21.584,1.82025,1.82095,2.00,1.80
2009.04.16 02:45:22.084,1.8203,1.821,2.00,1.20
2009.04.16 02:45:22.634,1.8204,1.8211,2.00,2.80
2009.04.16 02:45:23.044,1.8204,1.8211,2.00,3.60
2009.04.16 02:45:25.793,1.8203,1.82105,2.00,2.60
2009.04.16 02:45:26.483,1.8204,1.8211,2.00,3.60
2009.04.16 02:45:26.843,1.8203,1.82105,2.00,1.80
2009.04.16 02:45:27.293,1.8202,1.8209,2.00,1.00
2009.04.16 02:45:29.572,1.8203,1.82095,2.00,1.00
2009.04.16 02:45:29.752,1.8204,1.8211,2.00,2.80
2009.04.16 02:45:30.152,1.8205,1.8211,2.00,1.20
2009.04.16 02:45:30.543,1.8203,1.82105,4.60,1.80
2009.04.16 02:45:30.782,1.8203,1.82105,3.80,1.80
2009.04.16 02:45:31.192,1.82025,1.82105,1.00,1.80
2009.04.16 02:45:31.782,1.82025,1.82105,2.00,1.80
2009.04.16 02:45:32.262,1.82025,1.821,2.00,1.00
2009.04.16 02:45:32.681,1.82035,1.82105,2.00,1.80
2009.04.16 02:45:33.141,1.82035,1.82105,2.00,1.00
2009.04.16 02:45:34.101,1.82035,1.82125,2.80,3.20
2009.04.16 02:45:34.501,1.82035,1.8213,4.40,1.80
2009.04.16 02:45:34.721,1.8204,1.82125,2.00,1.00
2009.04.16 02:45:35.241,1.8204,1.8213,2.40,1.80
2009.04.16 02:45:35.811,1.8204,1.82115,1.20,4.20
2009.04.16 02:45:36.221,1.82025,1.82105,3.60,1.80
2009.04.16 02:45:36.791,1.82025,1.82105,2.00,4.20
2009.04.16 02:45:37.310,1.8201,1.8209,2.00,1.00
2009.04.16 02:45:39.540,1.8201,1.8209,2.00,1.80
2009.04.16 02:45:40.719,1.8201,1.8208,2.00,3.20
2009.04.16 02:45:41.000,1.81995,1.82065,1.60,1.00
2009.04.16 02:45:41.399,1.8196,1.8205,3.20,1.00
2009.04.16 02:45:41.620,1.8196,1.8205,1.20,1.00
2009.04.16 02:45:41.979,1.81935,1.8205,1.60,1.00
2009.04.16 02:45:42.499,1.8193,1.8204,1.60,1.00
2009.04.16 02:45:42.899,1.819,1.8204,3.60,1.00
2009.04.16 02:45:44.868,1.81935,1.82025,1.20,1.00
2009.04.16 02:45:49.117,1.81945,1.82015,1.20,3.20
2009.04.16 02:45:49.277,1.81945,1.82025,1.20,1.00
2009.04.16 02:45:49.397,1.81905,1.82025,1.60,2.60
2009.04.16 02:45:49.747,1.81905,1.82015,1.60,1.00
2009.04.16 02:45:49.867,1.8189,1.8202,2.00,1.60
2009.04.16 02:45:50.797,1.81905,1.82,1.20,1.00
2009.04.16 02:45:51.137,1.8191,1.82015,4.40,1.80
2009.04.16 02:45:51.467,1.8192,1.82015,1.20,1.00
2009.04.16 02:45:51.807,1.81925,1.82005,2.00,1.00
2009.04.16 02:45:52.097,1.81935,1.8202,1.20,2.40
2009.04.16 02:45:52.447,1.81935,1.8202,1.20,1.00
2009.04.16 02:45:52.567,1.8192,1.82035,1.60,1.60
2009.04.16 02:45:52.967,1.8192,1.8204,1.60,1.60
2009.04.16 02:45:53.256,1.81915,1.82045,1.60,3.00
2009.04.16 02:45:53.486,1.81955,1.8205,2.00,1.60
2009.04.16 02:45:53.666,1.81955,1.8206,2.00,1.00
2009.04.16 02:45:55.926,1.8199,1.82065,1.20,1.00
2009.04.16 02:45:56.396,1.8196,1.8205,2.80,1.00
2009.04.16 02:45:56.965,1.8197,1.82055,1.20,1.00
2009.04.16 02:45:57.195,1.8197,1.82065,1.20,1.80
2009.04.16 02:46:01.065,1.8199,1.82065,1.20,1.00
2009.04.16 02:46:01.534,1.81985,1.82075,2.00,2.60
2009.04.16 02:46:01.694,1.81985,1.82075,2.00,1.00
2009.04.16 02:46:02.274,1.81985,1.82085,3.60,1.60
2009.04.16 02:46:02.334,1.82,1.82085,1.40,1.60
2009.04.16 02:46:02.654,1.8201,1.82085,1.20,1.60
2009.04.16 02:46:03.124,1.82,1.8212,2.00,3.20
2009.04.16 02:46:03.184,1.82,1.8212,2.00,2.40
2009.04.16 02:46:03.364,1.82,1.8212,2.00,1.60
2009.04.16 02:46:03.774,1.82,1.821,2.00,3.20
2009.04.16 02:46:03.894,1.82,1.8209,2.00,1.00
2009.04.16 02:46:04.304,1.82,1.8209,2.80,1.80
2009.04.16 02:46:05.173,1.82,1.8209,4.40,1.80
2009.04.16 02:46:05.463,1.82005,1.8209,1.60,1.80
2009.04.16 02:46:06.024,1.82025,1.82095,2.00,1.00
2009.04.16 02:46:06.673,1.82045,1.82095,1.20,1.00
2009.04.16 02:46:06.913,1.82045,1.8213,1.20,1.60
2009.04.16 02:46:07.303,1.82045,1.8214,1.20,1.80
2009.04.16 02:46:08.413,1.8203,1.82125,1.60,1.00
2009.04.16 02:46:08.713,1.81985,1.82125,1.60,1.00
2009.04.16 02:46:09.122,1.81985,1.8206,1.60,1.40
2009.04.16 02:46:09.303,1.81975,1.8204,1.60,1.00
2009.04.16 02:46:09.702,1.81955,1.8204,1.60,1.00
2009.04.16 02:46:16.401,1.8195,1.8202,2.00,1.00
2009.04.16 02:46:19.600,1.8195,1.8202,2.00,1.80
2009.04.16 02:46:19.830,1.81935,1.8201,2.00,1.00
2009.04.16 02:46:24.259,1.81935,1.8201,3.40,1.00
2009.04.16 02:46:24.659,1.8195,1.8202,2.00,1.00
2009.04.16 02:46:24.879,1.8196,1.8202,1.20,1.00
2009.04.16 02:46:25.459,1.8196,1.8204,1.20,3.20
2009.04.16 02:46:25.829,1.81975,1.82045,1.20,1.80
2009.04.16 02:46:26.149,1.8197,1.8206,2.80,2.60
2009.04.16 02:46:26.499,1.81955,1.82045,4.40,1.00
2009.04.16 02:46:26.848,1.81975,1.8206,1.20,1.80
2009.04.16 02:46:27.188,1.81965,1.82045,2.00,1.00
2009.04.16 02:46:30.008,1.8197,1.82045,2.00,1.00
2009.04.16 02:46:30.528,1.81965,1.82035,2.00,1.00
2009.04.16 02:46:51.962,1.8195,1.82035,4.40,1.00
2009.04.16 02:46:52.192,1.8195,1.82035,2.80,1.00
2009.04.16 02:46:52.602,1.81945,1.82015,2.00,1.00
2009.04.16 02:46:55.701,1.81945,1.82015,2.00,2.60
2009.04.16 02:46:56.121,1.8193,1.82,2.00,1.00
2009.04.16 02:46:57.901,1.81925,1.81995,2.00,1.00
2009.04.16 02:46:58.371,1.81915,1.8199,2.00,1.00
2009.04.16 02:46:59.490,1.8192,1.81995,2.00,1.00
2009.04.16 02:46:59.951,1.8192,1.81995,3.40,1.00
2009.04.16 02:47:00.180,1.81935,1.82015,2.00,1.60
2009.04.16 02:47:00.870,1.81935,1.8202,2.00,1.00
2009.04.16 02:47:01.210,1.8196,1.8204,1.20,1.60
2009.04.16 02:47:01.560,1.81975,1.8208,1.20,1.80
2009.04.16 02:47:02.030,1.8196,1.82065,3.00,1.00
2009.04.16 02:47:02.150,1.81975,1.8208,1.20,1.80
2009.04.16 02:47:02.550,1.8197,1.82065,1.20,1.00
2009.04.16 02:47:04.289,1.8197,1.82055,1.20,3.20
2009.04.16 02:47:04.409,1.8196,1.8204,1.20,1.00
2009.04.16 02:47:04.649,1.8196,1.82045,1.20,1.80
2009.04.16 02:47:09.008,1.8196,1.8204,1.20,3.20
2009.04.16 02:47:09.248,1.81945,1.8202,2.00,1.00
2009.04.16 02:47:10.048,1.81945,1.8202,3.40,1.00
2009.04.16 02:47:10.388,1.81945,1.8202,2.00,1.00
2009.04.16 02:47:13.137,1.81945,1.82015,1.20,1.00
2009.04.16 02:47:13.527,1.81935,1.82015,2.00,1.00
2009.04.16 02:47:13.697,1.8195,1.82025,2.00,4.20
2009.04.16 02:47:14.097,1.8194,1.82005,2.40,1.00
2009.04.16 02:47:14.517,1.8195,1.8205,1.20,1.80
2009.04.16 02:47:14.797,1.81945,1.8204,1.20,1.80
2009.04.16 02:47:22.215,1.81945,1.8203,2.40,1.80
2009.04.16 02:47:22.335,1.81955,1.8203,1.20,1.00
2009.04.16 02:47:22.735,1.8194,1.82025,2.80,1.00
2009.04.16 02:47:22.915,1.81925,1.82005,3.60,1.00
2009.04.16 02:47:23.195,1.8193,1.82005,1.60,1.00
2009.04.16 02:47:23.465,1.81925,1.82005,2.00,1.00
2009.04.16 02:47:26.524,1.81905,1.8197,1.60,1.00
2009.04.16 02:47:27.044,1.819,1.81985,1.60,1.60
2009.04.16 02:47:27.274,1.8189,1.81975,2.00,1.00
2009.04.16 02:47:27.614,1.8188,1.81965,1.20,1.00
2009.04.16 02:47:30.493,1.81895,1.81965,1.40,1.00
2009.04.16 02:47:30.673,1.81915,1.81985,2.00,1.60
2009.04.16 02:47:30.903,1.81915,1.81995,2.00,2.60
2009.04.16 02:47:31.123,1.81915,1.81995,2.00,1.00
2009.04.16 02:47:33.862,1.81925,1.81965,2.00,3.20
2009.04.16 02:47:33.922,1.81885,1.8195,1.60,1.00
2009.04.16 02:47:34.082,1.81855,1.8195,1.60,1.00
2009.04.16 02:47:34.502,1.8185,1.8195,2.00,1.00
2009.04.16 02:47:35.362,1.81875,1.81935,1.40,1.00
2009.04.16 02:47:35.542,1.8189,1.81935,1.20,1.00
2009.04.16 02:47:35.782,1.8189,1.81945,1.20,2.60
2009.04.16 02:47:37.041,1.819,1.8194,1.20,1.00
2009.04.16 02:47:42.660,1.81905,1.81955,1.20,2.60
2009.04.16 02:47:43.120,1.819,1.8195,1.20,2.60
2009.04.16 02:47:43.510,1.819,1.8195,2.40,2.60
2009.04.16 02:47:43.790,1.8191,1.81965,1.20,4.20
2009.04.16 02:47:44.030,1.81925,1.81965,1.40,4.20
2009.04.16 02:47:44.080,1.8188,1.8197,2.00,1.60
2009.04.16 02:47:44.140,1.8188,1.8197,2.00,1.20
2009.04.16 02:47:44.490,1.8188,1.8199,2.00,1.60
2009.04.16 02:47:50.548,1.819,1.81975,2.00,1.00
2009.04.16 02:47:51.118,1.81895,1.81975,2.00,1.00
2009.04.16 02:47:51.468,1.81895,1.81975,3.60,1.00
2009.04.16 02:47:51.958,1.81895,1.81975,2.00,1.00
2009.04.16 02:47:55.137,1.81895,1.81975,2.00,1.80
2009.04.16 02:47:55.707,1.81895,1.8201,2.00,3.60
2009.04.16 02:47:56.237,1.8191,1.82005,2.00,1.60
2009.04.16 02:47:56.536,1.8191,1.8201,2.00,1.00
2009.04.16 02:47:57.167,1.8192,1.82,2.00,1.80
2009.04.16 02:47:57.966,1.81915,1.81995,2.00,1.00
2009.04.16 02:48:00.876,1.81925,1.8198,1.20,1.00
2009.04.16 02:48:02.945,1.8189,1.8196,2.80,1.40
2009.04.16 02:48:03.295,1.81895,1.8195,1.60,1.40
2009.04.16 02:48:03.406,1.8188,1.81945,3.00,1.00
2009.04.16 02:48:03.465,1.8188,1.81945,1.00,1.00
2009.04.16 02:48:03.745,1.81875,1.81945,1.20,1.00
2009.04.16 02:48:06.954,1.81875,1.81945,2.00,2.60
2009.04.16 02:48:07.064,1.81875,1.81925,2.40,1.00
2009.04.16 02:48:07.294,1.8188,1.81925,1.60,1.00
2009.04.16 02:48:11.233,1.8188,1.81935,1.60,1.00
2009.04.16 02:48:11.593,1.8188,1.81935,2.40,1.00
2009.04.16 02:48:13.832,1.81875,1.81955,2.80,1.00
2009.04.16 02:48:13.892,1.8188,1.8194,1.60,1.00
2009.04.16 02:48:14.282,1.8186,1.8194,2.80,1.00
2009.04.16 02:48:15.662,1.8185,1.81925,4.20,1.00
2009.04.16 02:48:16.002,1.81845,1.81915,6.00,1.00
2009.04.16 02:48:16.462,1.81835,1.81915,3.60,1.00
2009.04.16 02:48:17.502,1.8184,1.81915,3.20,1.00
2009.04.16 02:48:18.021,1.8186,1.81925,2.20,1.00
2009.04.16 02:48:18.242,1.8186,1.81925,3.00,1.00
2009.04.16 02:48:18.872,1.81865,1.81925,1.20,1.00
2009.04.16 02:48:19.271,1.81865,1.8193,1.20,1.00
2009.04.16 02:48:19.321,1.8187,1.8194,1.20,1.20
2009.04.16 02:48:19.731,1.8187,1.8194,1.20,1.60
2009.04.16 02:48:21.171,1.8187,1.8194,1.20,1.20
2009.04.16 02:48:21.521,1.81865,1.8194,1.60,2.00
2009.04.16 02:48:21.700,1.8186,1.8194,2.80,1.00
2009.04.16 02:48:24.071,1.8186,1.8195,6.00,1.00
2009.04.16 02:48:24.350,1.8188,1.8196,2.80,1.00
2009.04.16 02:48:25.870,1.8188,1.8195,4.20,1.00
2009.04.16 02:48:26.160,1.81885,1.8196,2.00,1.00
2009.04.16 02:48:26.460,1.81885,1.8196,2.00,1.80
2009.04.16 02:48:26.969,1.81875,1.81955,1.20,1.80
2009.04.16 02:48:29.489,1.81875,1.8194,1.20,1.00
2009.04.16 02:48:29.599,1.8187,1.8194,3.00,1.00
2009.04.16 02:48:36.468,1.81875,1.81955,1.60,1.80
2009.04.16 02:48:36.697,1.81875,1.81955,1.20,1.80
2009.04.16 02:48:37.347,1.81875,1.81955,2.80,1.00
2009.04.16 02:48:44.175,1.8186,1.8194,2.80,1.00
2009.04.16 02:48:45.515,1.81875,1.8194,1.20,1.00
2009.04.16 02:48:45.695,1.81875,1.8195,1.20,1.20
2009.04.16 02:48:48.834,1.81875,1.81955,1.20,1.80
2009.04.16 02:48:52.343,1.81875,1.8194,1.20,1.00
2009.04.16 02:48:52.623,1.8186,1.8194,2.80,1.00
2009.04.16 02:48:54.643,1.8186,1.8194,2.80,2.60
2009.04.16 02:48:54.703,1.8186,1.8193,2.80,1.00
2009.04.16 02:48:57.282,1.8186,1.8193,2.00,1.00
2009.04.16 02:49:04.810,1.8187,1.81945,2.00,2.60
2009.04.16 02:49:04.860,1.8187,1.81945,2.00,1.00
2009.04.16 02:49:05.270,1.81875,1.8193,1.60,1.00
2009.04.16 02:49:05.560,1.8186,1.8193,2.00,1.00
2009.04.16 02:49:11.658,1.81845,1.8192,2.00,1.00
2009.04.16 02:49:14.628,1.81845,1.8192,3.40,1.00
2009.04.16 02:49:14.918,1.81855,1.8194,1.20,2.60
2009.04.16 02:49:15.148,1.81855,1.8194,1.20,1.80
2009.04.16 02:49:15.727,1.81855,1.8194,2.40,1.80
2009.04.16 02:49:15.967,1.8187,1.81945,2.00,1.00
2009.04.16 02:49:24.775,1.8186,1.8193,2.00,1.80
2009.04.16 02:49:24.946,1.81845,1.8192,3.60,1.00
2009.04.16 02:49:25.565,1.81845,1.8192,2.00,1.00
2009.04.16 02:49:27.684,1.81845,1.8192,2.00,1.80
2009.04.16 02:49:27.794,1.81835,1.81905,2.00,1.00
2009.04.16 02:49:31.414,1.81835,1.81905,2.00,4.20
2009.04.16 02:49:31.634,1.81815,1.8189,1.60,4.20
2009.04.16 02:49:31.864,1.81815,1.8188,1.60,1.00
2009.04.16 02:49:32.083,1.81795,1.8188,1.20,1.00
2009.04.16 02:49:32.503,1.8181,1.8189,1.20,1.80
2009.04.16 02:49:33.593,1.8181,1.8189,1.20,1.00
2009.04.16 02:49:34.923,1.8182,1.81895,2.00,1.00
2009.04.16 02:49:36.393,1.81805,1.8188,2.80,1.00
2009.04.16 02:49:36.802,1.81805,1.81865,1.60,1.00
2009.04.16 02:49:37.092,1.81785,1.81865,2.80,1.00
2009.04.16 02:49:37.272,1.81785,1.81865,2.00,1.80
2009.04.16 02:49:37.502,1.81785,1.81865,2.00,2.60
2009.04.16 02:49:37.732,1.8179,1.8185,1.20,1.00
2009.04.16 02:49:37.973,1.8179,1.8186,1.20,1.40
2009.04.16 02:49:38.394,1.81795,1.81865,2.80,1.40
2009.04.16 02:49:38.672,1.8178,1.81875,2.00,1.00
2009.04.16 02:49:38.902,1.81795,1.81875,1.40,1.00
2009.04.16 02:49:39.192,1.81805,1.81875,1.20,1.00
2009.04.16 02:49:40.411,1.81775,1.81885,3.60,1.60
2009.04.16 02:49:40.631,1.81785,1.8189,1.60,1.60
2009.04.16 02:49:40.811,1.8178,1.81895,1.60,1.60
2009.04.16 02:49:41.052,1.8178,1.81935,1.60,1.00
2009.04.16 02:49:41.621,1.81785,1.8192,2.00,1.20
2009.04.16 02:49:41.801,1.8181,1.8192,1.40,1.20
2009.04.16 02:49:42.041,1.81825,1.8192,1.20,2.40
2009.04.16 02:49:42.511,1.8181,1.81895,1.20,2.20
2009.04.16 02:49:42.861,1.8181,1.8189,1.20,1.00
2009.04.16 02:49:44.251,1.81815,1.8189,2.40,1.00
2009.04.16 02:49:44.551,1.8183,1.819,1.20,2.60
2009.04.16 02:49:44.671,1.81835,1.819,1.20,2.60
2009.04.16 02:49:45.131,1.81835,1.819,1.20,1.00
2009.04.16 02:49:46.800,1.8182,1.819,1.20,2.60
2009.04.16 02:49:46.920,1.8182,1.8189,1.20,1.00
2009.04.16 02:49:47.160,1.81825,1.8189,1.40,1.00
2009.04.16 02:49:47.620,1.81835,1.819,1.20,1.00
2009.04.16 02:49:48.249,1.8184,1.819,1.20,1.00
2009.04.16 02:49:50.089,1.8183,1.8189,1.20,1.00
2009.04.16 02:49:50.909,1.81795,1.81875,1.20,1.00
2009.04.16 02:49:51.549,1.8178,1.81875,1.20,1.00
2009.04.16 02:49:59.297,1.8179,1.81865,2.40,1.00
2009.04.16 02:49:59.477,1.81795,1.81875,2.80,1.00
2009.04.16 02:49:59.936,1.81795,1.81875,2.00,1.80
2009.04.16 02:50:00.347,1.8179,1.81865,2.40,1.00
2009.04.16 02:50:00.806,1.81805,1.81865,1.20,1.00
2009.04.16 02:50:01.026,1.81805,1.81885,1.20,4.80
2009.04.16 02:50:01.297,1.8178,1.81865,5.60,1.00
2009.04.16 02:50:01.716,1.8178,1.81865,4.00,1.00
2009.04.16 02:50:03.116,1.818,1.81865,1.40,1.00
2009.04.16 02:50:03.296,1.81815,1.81865,1.20,1.00
2009.04.16 02:50:03.476,1.81815,1.81885,1.20,1.60
2009.04.16 02:50:03.766,1.81815,1.8189,1.20,1.00
2009.04.16 02:50:06.445,1.8183,1.8189,1.20,1.00
2009.04.16 02:50:06.775,1.81825,1.819,2.80,1.00
2009.04.16 02:50:06.957,1.8183,1.819,1.20,1.00
2009.04.16 02:50:07.925,1.81835,1.81915,1.20,1.00
2009.04.16 02:50:21.991,1.8183,1.819,1.20,1.00
2009.04.16 02:50:37.988,1.8183,1.8191,2.00,1.80
2009.04.16 02:50:44.556,1.8183,1.8191,2.80,1.00
2009.04.16 02:50:44.616,1.8184,1.81915,2.00,1.00
2009.04.16 02:50:46.665,1.81845,1.8192,2.00,1.00
2009.04.16 02:50:47.605,1.81855,1.81925,2.00,1.00
2009.04.16 02:50:48.755,1.81855,1.81935,2.00,1.00
2009.04.16 02:50:50.475,1.81865,1.81935,1.20,1.00
2009.04.16 02:50:50.535,1.8187,1.8194,2.00,1.80
2009.04.16 02:50:51.145,1.8187,1.8194,2.00,1.00
2009.04.16 02:50:51.494,1.8185,1.8194,2.40,1.80
2009.04.16 02:50:51.794,1.81845,1.8192,2.80,3.20
2009.04.16 02:50:52.264,1.81835,1.81895,1.60,1.00
2009.04.16 02:50:52.494,1.818,1.81895,2.00,1.00
2009.04.16 02:50:53.304,1.818,1.8187,4.00,1.00
2009.04.16 02:50:53.424,1.818,1.8187,1.20,1.00
2009.04.16 02:50:54.643,1.81805,1.8187,2.40,1.80
2009.04.16 02:50:54.974,1.81795,1.8187,3.60,1.80
2009.04.16 02:50:55.213,1.81785,1.8186,2.00,1.00
2009.04.16 02:50:58.442,1.8179,1.81865,2.00,1.00
2009.04.16 02:51:01.132,1.8179,1.81865,3.40,1.00
2009.04.16 02:51:01.482,1.81805,1.8188,2.00,2.80
2009.04.16 02:51:01.982,1.81805,1.8188,2.00,1.00
2009.04.16 02:51:07.840,1.818,1.81875,2.00,1.00
2009.04.16 02:51:07.950,1.818,1.81875,2.00,1.80
2009.04.16 02:51:09.740,1.81815,1.81875,1.40,1.80
2009.04.16 02:51:10.040,1.81825,1.81895,1.20,1.60
2009.04.16 02:51:10.320,1.8182,1.81895,2.80,1.60
2009.04.16 02:51:10.430,1.8184,1.81905,1.20,1.60
2009.04.16 02:51:10.780,1.8184,1.8192,1.20,1.00
2009.04.16 02:51:14.199,1.8184,1.8191,1.20,3.20
2009.04.16 02:51:14.539,1.8184,1.8189,1.20,1.00
2009.04.16 02:51:14.649,1.81805,1.8189,3.60,1.00
2009.04.16 02:51:14.879,1.81805,1.8189,2.00,1.00
2009.04.16 02:51:18.898,1.8181,1.81885,4.20,1.00
2009.04.16 02:51:19.138,1.8181,1.81885,2.00,1.00
2009.04.16 02:51:20.307,1.8183,1.81885,1.20,1.00
2009.04.16 02:51:20.477,1.8183,1.81905,1.20,4.80
2009.04.16 02:51:20.877,1.8183,1.81885,1.20,1.00
2009.04.16 02:51:21.117,1.8183,1.8192,1.20,1.60
2009.04.16 02:51:21.407,1.8183,1.81925,1.20,2.40
2009.04.16 02:51:21.637,1.81825,1.81925,2.40,1.00
2009.04.16 02:51:21.917,1.8184,1.8193,1.20,1.00
2009.04.16 02:51:24.406,1.8184,1.8191,1.20,3.20
2009.04.16 02:51:24.566,1.8182,1.819,3.60,1.00
2009.04.16 02:51:24.626,1.81815,1.8189,3.60,1.00
2009.04.16 02:51:25.026,1.81815,1.8189,2.00,1.00
2009.04.16 02:51:27.506,1.81825,1.8189,1.00,1.00
2009.04.16 02:51:27.836,1.81825,1.819,2.00,1.00
2009.04.16 02:51:28.765,1.81835,1.819,1.40,1.00
2009.04.16 02:51:29.275,1.8185,1.8194,2.00,1.80
2009.04.16 02:51:29.515,1.8185,1.8194,2.00,1.00
2009.04.16 02:51:29.915,1.81855,1.8195,2.00,1.80
2009.04.16 02:51:30.265,1.81875,1.81965,2.40,2.40
2009.04.16 02:51:30.615,1.81905,1.81995,1.20,1.60
2009.04.16 02:51:31.185,1.8191,1.82005,1.20,1.00
2009.04.16 02:51:31.765,1.81895,1.82015,1.60,1.00
2009.04.16 02:51:32.065,1.8189,1.82015,1.60,1.00
2009.04.16 02:51:32.414,1.8189,1.82005,1.60,1.00
2009.04.16 02:51:32.704,1.819,1.81985,1.20,1.00
2009.04.16 02:51:36.233,1.81895,1.81975,1.20,3.20
2009.04.16 02:51:36.463,1.81875,1.8197,2.80,1.80
2009.04.16 02:51:37.393,1.81875,1.8197,2.80,5.00
2009.04.16 02:51:37.973,1.81875,1.81955,1.20,1.00
2009.04.16 02:51:38.373,1.8187,1.81965,2.20,1.00
2009.04.16 02:51:38.543,1.8186,1.8195,1.60,1.00
2009.04.16 02:51:38.833,1.81825,1.8195,1.60,1.00
2009.04.16 02:51:39.583,1.8181,1.81935,1.60,1.00
2009.04.16 02:51:40.233,1.81815,1.81925,1.40,1.00
2009.04.16 02:51:40.632,1.8182,1.819,1.20,1.00
2009.04.16 02:51:40.972,1.8181,1.81955,2.00,3.00
2009.04.16 02:51:41.672,1.81845,1.81955,1.20,1.00
2009.04.16 02:51:42.602,1.8183,1.81955,1.40,3.20
2009.04.16 02:51:42.952,1.8184,1.81975,3.60,1.00
2009.04.16 02:51:44.742,1.81845,1.81955,1.40,3.20
2009.04.16 02:51:45.021,1.81865,1.81955,1.20,4.00
2009.04.16 02:51:45.451,1.8187,1.81955,1.20,1.00
2009.04.16 02:51:45.681,1.8186,1.8195,2.40,1.00
2009.04.16 02:51:46.131,1.81865,1.8195,1.20,1.00
2009.04.16 02:51:49.770,1.81865,1.8195,2.40,1.00
2009.04.16 02:51:50.060,1.8188,1.81965,1.20,1.80
2009.04.16 02:52:00.038,1.81865,1.8196,2.80,1.80
2009.04.16 02:52:02.937,1.8186,1.81955,2.80,5.00
2009.04.16 02:52:03.327,1.81855,1.81945,2.40,1.80
2009.04.16 02:52:03.557,1.8185,1.81945,2.80,1.80
2009.04.16 02:52:04.137,1.8185,1.81945,2.80,5.00
2009.04.16 02:52:04.717,1.81845,1.8194,2.80,1.80
2009.04.16 02:52:09.155,1.81865,1.8194,1.40,1.80
2009.04.16 02:52:09.436,1.8188,1.81955,2.00,2.60
2009.04.16 02:52:09.665,1.8188,1.8195,2.00,1.20
2009.04.16 02:52:12.764,1.8188,1.81945,2.00,3.20
2009.04.16 02:52:12.875,1.8186,1.8194,1.60,1.80
2009.04.16 02:52:13.335,1.81845,1.8194,2.80,1.80
2009.04.16 02:52:17.573,1.8186,1.8194,1.20,1.80
2009.04.16 02:52:17.743,1.8187,1.8194,2.00,1.80
2009.04.16 02:52:17.983,1.8188,1.81935,2.00,1.00
2009.04.16 02:52:18.094,1.8188,1.8195,2.00,1.60
2009.04.16 02:52:18.213,1.8188,1.81955,2.00,1.00
2009.04.16 02:52:21.842,1.8188,1.81935,2.00,3.20
2009.04.16 02:52:22.252,1.8186,1.81925,1.60,1.80
2009.04.16 02:52:22.432,1.81845,1.81925,2.00,1.80
2009.04.16 02:52:29.250,1.8183,1.8191,4.40,1.80
2009.04.16 02:52:29.351,1.8183,1.8191,2.00,1.80
2009.04.16 02:52:30.340,1.8183,1.8191,2.80,1.00
2009.04.16 02:52:33.110,1.8183,1.81905,2.80,4.80
2009.04.16 02:52:33.340,1.8183,1.81905,2.00,4.80
2009.04.16 02:52:33.510,1.8183,1.8189,1.60,1.00
2009.04.16 02:52:33.740,1.81815,1.8189,1.60,1.00
2009.04.16 02:52:33.960,1.81835,1.819,2.00,2.40
2009.04.16 02:52:34.199,1.81835,1.819,2.00,1.20
2009.04.16 02:52:34.609,1.81825,1.819,2.00,1.60
2009.04.16 02:52:34.790,1.81825,1.81905,2.00,1.00
2009.04.16 02:52:35.699,1.81835,1.81905,3.40,1.00
2009.04.16 02:52:35.989,1.81845,1.81915,2.00,1.00
2009.04.16 02:52:36.099,1.81845,1.819,2.00,1.00
2009.04.16 02:52:36.859,1.8183,1.8192,1.60,1.00
2009.04.16 02:52:37.379,1.81825,1.8191,1.20,1.80
2009.04.16 02:52:37.669,1.8182,1.8192,2.00,1.60
2009.04.16 02:52:38.009,1.81835,1.81925,1.20,1.00
2009.04.16 02:52:42.737,1.81845,1.8192,1.20,3.20
2009.04.16 02:52:43.097,1.81835,1.81905,2.00,1.00
2009.04.16 02:52:43.207,1.8183,1.819,1.60,1.00
2009.04.16 02:52:43.257,1.8182,1.819,2.00,1.00
2009.04.16 02:52:45.307,1.8183,1.819,1.40,1.00
2009.04.16 02:52:45.367,1.81835,1.81905,2.00,1.00
2009.04.16 02:52:45.647,1.81845,1.8192,1.20,1.60
2009.04.16 02:52:46.396,1.81845,1.81925,1.20,1.00
2009.04.16 02:52:53.095,1.81845,1.8192,1.20,3.20
2009.04.16 02:52:53.155,1.81835,1.81905,2.00,1.00
2009.04.16 02:52:53.505,1.8183,1.819,1.60,1.00
2009.04.16 02:52:53.615,1.8182,1.819,3.60,1.00
2009.04.16 02:52:53.785,1.8182,1.819,2.00,1.00
2009.04.16 02:52:58.084,1.8182,1.8189,2.00,1.00
2009.04.16 02:52:58.534,1.81815,1.8189,2.00,1.00
2009.04.16 02:52:59.143,1.81815,1.8189,2.80,1.00
2009.04.16 02:52:59.203,1.81815,1.8189,3.60,1.00
2009.04.16 02:52:59.364,1.81825,1.81895,2.00,1.00
2009.04.16 02:53:02.623,1.8182,1.81885,4.00,1.00
2009.04.16 02:53:02.743,1.8181,1.81885,2.00,1.00
2009.04.16 02:53:06.911,1.81815,1.81885,1.40,1.00
2009.04.16 02:53:07.361,1.8183,1.81885,1.20,1.00
2009.04.16 02:53:07.531,1.8183,1.81895,1.20,2.60
2009.04.16 02:53:30.176,1.81845,1.81895,1.40,2.60
2009.04.16 02:53:30.456,1.81835,1.81895,2.00,1.40
2009.04.16 02:53:30.566,1.81855,1.8193,1.20,2.60
2009.04.16 02:53:30.686,1.81855,1.8193,1.20,2.80
2009.04.16 02:53:32.405,1.81845,1.81905,2.00,1.00
2009.04.16 02:53:32.916,1.8184,1.81905,2.00,1.00
2009.04.16 02:53:38.794,1.81835,1.81905,2.00,1.80
2009.04.16 02:53:41.093,1.81835,1.81905,2.00,5.00
2009.04.16 02:53:41.143,1.8183,1.819,2.00,1.80
2009.04.16 02:53:41.374,1.81825,1.819,2.00,1.80
2009.04.16 02:53:44.742,1.81835,1.81895,2.00,1.00
2009.04.16 02:53:45.612,1.81835,1.81905,2.00,4.00
2009.04.16 02:53:45.852,1.8183,1.81885,2.00,1.00
2009.04.16 02:53:48.741,1.81875,1.81905,1.20,1.00
2009.04.16 02:53:48.911,1.8188,1.8191,2.00,1.20
2009.04.16 02:53:49.261,1.8188,1.81945,2.80,1.60
2009.04.16 02:53:49.371,1.8189,1.81955,2.00,1.00
2009.04.16 02:53:51.161,1.81885,1.81945,1.20,1.00
2009.04.16 02:53:53.780,1.81845,1.8193,4.40,1.40
2009.04.16 02:53:54.240,1.81845,1.8193,2.80,1.40
2009.04.16 02:53:55.830,1.81855,1.8192,2.00,1.40
2009.04.16 02:53:56.060,1.8185,1.8192,2.80,1.40
2009.04.16 02:53:56.629,1.8187,1.81935,1.20,3.20
2009.04.16 02:53:56.910,1.8187,1.8193,1.20,1.00
2009.04.16 02:53:57.449,1.8185,1.81905,2.40,1.00
2009.04.16 02:53:57.780,1.8186,1.8193,1.20,1.60
2009.04.16 02:53:58.179,1.8186,1.81935,1.20,1.40
2009.04.16 02:53:58.819,1.81855,1.81925,1.20,1.40
2009.04.16 02:54:00.249,1.81845,1.8192,2.00,1.40
2009.04.16 02:54:00.529,1.8184,1.81915,1.20,1.40
2009.04.16 02:54:00.828,1.81835,1.81905,1.20,1.40
2009.04.16 02:54:00.879,1.81845,1.81905,1.40,1.40
2009.04.16 02:54:01.279,1.81865,1.8194,1.60,1.60
2009.04.16 02:54:01.738,1.81865,1.81955,1.60,1.60
2009.04.16 02:54:02.289,1.81885,1.82045,1.60,1.00
2009.04.16 02:54:02.578,1.819,1.8206,1.60,1.00
2009.04.16 02:54:03.168,1.819,1.82045,1.60,1.00
2009.04.16 02:54:03.858,1.8189,1.82035,1.60,1.80
2009.04.16 02:54:04.028,1.819,1.82035,1.60,1.00
2009.04.16 02:54:04.738,1.8189,1.8203,1.60,1.00
2009.04.16 02:54:05.198,1.8185,1.8197,4.00,1.00
2009.04.16 02:54:05.427,1.8185,1.8197,4.40,1.00
2009.04.16 02:54:05.717,1.81855,1.8197,1.20,1.00
2009.04.16 02:54:06.367,1.8185,1.81935,1.60,1.00
2009.04.16 02:54:06.897,1.8183,1.81925,2.40,1.00
2009.04.16 02:54:07.077,1.8182,1.8196,3.20,1.60
2009.04.16 02:54:07.617,1.8184,1.81975,2.00,1.60
2009.04.16 02:54:08.017,1.8184,1.8198,2.00,2.60
2009.04.16 02:54:08.717,1.81855,1.8197,1.40,2.60
2009.04.16 02:54:08.887,1.8187,1.81955,1.20,2.60
2009.04.16 02:54:09.286,1.8188,1.8195,2.00,1.00
2009.04.16 02:54:09.526,1.8188,1.8196,2.80,1.00
2009.04.16 02:54:14.265,1.8189,1.8196,2.00,1.00
2009.04.16 02:54:14.445,1.81895,1.81995,3.60,1.60
2009.04.16 02:54:14.765,1.81895,1.82045,3.60,2.00
2009.04.16 02:54:14.925,1.81895,1.82045,3.60,1.40
2009.04.16 02:54:17.934,1.81895,1.82035,6.40,2.60
2009.04.16 02:54:18.044,1.8194,1.82035,1.40,2.60
2009.04.16 02:54:18.214,1.8195,1.8203,2.80,1.20
2009.04.16 02:54:18.964,1.8195,1.8203,4.40,1.20
2009.04.16 02:54:19.204,1.8197,1.8203,2.80,1.20
2009.04.16 02:54:19.324,1.8197,1.82045,2.80,1.80
2009.04.16 02:54:20.484,1.8197,1.82045,2.00,3.40
2009.04.16 02:54:20.704,1.81965,1.82035,2.80,1.80
2009.04.16 02:54:22.723,1.81965,1.82035,2.80,4.20
2009.04.16 02:54:22.783,1.8197,1.82035,1.20,4.20
2009.04.16 02:54:23.153,1.81935,1.82025,1.60,1.00
2009.04.16 02:54:23.383,1.8193,1.82025,1.20,1.00
2009.04.16 02:54:31.971,1.8194,1.82015,1.20,3.20
2009.04.16 02:54:32.431,1.81925,1.81975,1.00,1.00
2009.04.16 02:54:33.401,1.81925,1.81975,1.00,2.60
2009.04.16 02:54:33.461,1.8192,1.81955,2.20,1.00
2009.04.16 02:54:33.851,1.8192,1.8196,2.20,2.60
2009.04.16 02:54:33.911,1.8192,1.8196,3.20,1.00
2009.04.16 02:54:34.030,1.8192,1.8196,4.00,1.00
2009.04.16 02:54:35.320,1.8192,1.8196,3.00,1.00
2009.04.16 02:54:35.440,1.8188,1.8196,2.80,1.00
2009.04.16 02:54:36.980,1.81875,1.8195,3.60,1.00
2009.04.16 02:54:38.170,1.81875,1.8194,2.80,1.40
2009.04.16 02:54:38.280,1.81865,1.81935,2.80,1.00
2009.04.16 02:54:39.029,1.8187,1.81935,1.20,1.00
2009.04.16 02:54:40.069,1.81875,1.81945,1.20,1.00
2009.04.16 02:54:40.699,1.81875,1.8195,1.20,2.60
2009.04.16 02:54:40.749,1.8188,1.8195,1.20,1.00
2009.04.16 02:54:42.888,1.8187,1.8195,1.20,3.40
2009.04.16 02:54:43.118,1.8187,1.8195,1.20,4.20
2009.04.16 02:54:47.967,1.8187,1.8192,1.20,3.20
2009.04.16 02:54:53.016,1.81805,1.81875,2.40,1.00
2009.04.16 02:54:53.486,1.81815,1.81895,1.20,1.60
2009.04.16 02:54:53.656,1.81815,1.819,1.20,1.00
2009.04.16 02:54:55.515,1.8184,1.819,1.40,1.00
2009.04.16 02:54:55.975,1.8186,1.81955,2.00,1.60
2009.04.16 02:54:56.155,1.8186,1.8195,2.00,1.60
2009.04.16 02:54:56.455,1.8186,1.81955,2.00,1.60
2009.04.16 02:54:57.585,1.8188,1.8194,2.00,1.60
2009.04.16 02:55:01.014,1.8188,1.8193,2.00,1.00
2009.04.16 02:55:01.294,1.8188,1.8193,2.00,1.60
2009.04.16 02:55:03.234,1.8188,1.8193,2.00,1.20
2009.04.16 02:55:09.852,1.8188,1.8194,2.00,1.20
2009.04.16 02:55:10.012,1.8188,1.81945,2.00,1.00
2009.04.16 02:55:10.412,1.8188,1.8195,2.00,3.20
2009.04.16 02:55:11.262,1.819,1.8195,2.00,3.20
2009.04.16 02:55:11.661,1.81905,1.8194,2.00,1.20
2009.04.16 02:55:12.021,1.81905,1.8196,2.00,1.20
2009.04.16 02:55:12.761,1.81905,1.8196,2.00,1.60
2009.04.16 02:55:12.991,1.8191,1.81935,2.00,1.40
2009.04.16 02:55:13.202,1.8189,1.81925,3.00,1.00
2009.04.16 02:55:13.431,1.8189,1.81965,1.20,1.20
2009.04.16 02:55:13.791,1.81885,1.81975,1.20,1.40
2009.04.16 02:55:14.611,1.8188,1.8196,2.80,1.40
2009.04.16 02:55:17.180,1.81885,1.8196,2.00,1.40
2009.04.16 02:55:17.420,1.81885,1.81965,2.80,1.40
2009.04.16 02:55:23.388,1.8189,1.81965,1.20,1.40
2009.04.16 02:55:45.883,1.81895,1.81965,1.40,1.40
2009.04.16 02:55:46.223,1.81905,1.8198,1.20,1.40
2009.04.16 02:55:46.793,1.8192,1.8199,1.20,4.80
2009.04.16 02:55:47.353,1.8193,1.8199,1.20,1.20
2009.04.16 02:55:47.653,1.8194,1.82025,1.20,3.00
2009.04.16 02:55:48.542,1.8194,1.82025,1.20,1.40
2009.04.16 02:55:50.792,1.8193,1.82005,1.20,1.40
2009.04.16 02:55:53.011,1.81925,1.82,1.20,1.40
2009.04.16 02:55:53.931,1.8192,1.82,2.40,1.40
2009.04.16 02:55:54.271,1.8193,1.82005,1.20,1.40
2009.04.16 02:56:07.958,1.81915,1.81975,1.20,1.00
2009.04.16 02:56:15.826,1.8192,1.8199,2.00,1.00
2009.04.16 02:56:55.896,1.8192,1.82,2.00,1.80
2009.04.16 02:56:59.975,1.8192,1.8199,2.00,1.00
2009.04.16 02:57:00.205,1.81925,1.81995,2.00,1.00
2009.04.16 02:57:00.725,1.8192,1.8199,2.00,1.00
2009.04.16 02:57:09.353,1.819,1.8197,2.00,1.00
2009.04.16 02:57:09.983,1.8191,1.81975,2.00,1.00
2009.04.16 02:57:12.302,1.8191,1.8198,2.00,4.00
2009.04.16 02:57:12.362,1.8191,1.8197,2.00,1.00
2009.04.16 02:57:12.832,1.81905,1.81975,2.00,1.80
2009.04.16 02:57:13.292,1.81895,1.8196,2.00,1.00
2009.04.16 02:57:13.822,1.81905,1.81975,2.00,1.80
2009.04.16 02:57:20.740,1.81895,1.8197,2.00,1.80
2009.04.16 02:57:20.860,1.81895,1.8196,2.00,1.00
2009.04.16 02:57:21.910,1.81895,1.81965,2.00,4.00
2009.04.16 02:57:22.250,1.81895,1.8195,2.00,1.00
2009.04.16 02:57:22.580,1.8191,1.8196,2.00,1.00
2009.04.16 02:57:23.500,1.8191,1.81995,2.00,1.00
2009.04.16 02:57:23.739,1.8191,1.81985,2.00,3.20
2009.04.16 02:57:23.849,1.8191,1.8197,2.00,1.00
2009.04.16 02:57:24.149,1.819,1.8197,2.20,1.00
2009.04.16 02:57:24.259,1.8189,1.8197,1.60,1.00
2009.04.16 02:57:24.379,1.8188,1.8196,1.20,1.00
2009.04.16 02:57:25.949,1.81865,1.8195,2.00,1.00
2009.04.16 02:57:26.249,1.8186,1.81955,4.40,1.80
2009.04.16 02:57:26.549,1.8186,1.81955,2.80,1.80
2009.04.16 02:57:27.528,1.81875,1.81955,2.00,1.80
2009.04.16 02:57:33.727,1.8189,1.8195,2.00,1.00
2009.04.16 02:57:33.847,1.8189,1.81955,2.00,1.00
2009.04.16 02:57:43.805,1.819,1.8197,2.00,1.80
2009.04.16 02:57:50.063,1.81905,1.8197,2.00,1.00
2009.04.16 02:57:52.102,1.819,1.8197,2.00,1.80
2009.04.16 02:57:52.453,1.81905,1.8197,2.00,1.00
2009.04.16 02:57:53.092,1.8191,1.81985,2.00,1.80
2009.04.16 02:57:53.562,1.8192,1.8199,2.00,1.80
2009.04.16 02:57:53.913,1.81925,1.8199,2.00,1.00
2009.04.16 02:57:54.752,1.81925,1.81985,2.00,1.00
2009.04.16 02:57:54.972,1.8192,1.8199,2.00,1.80
2009.04.16 02:58:00.780,1.81905,1.8198,2.80,2.60
2009.04.16 02:58:00.960,1.81905,1.8198,2.00,2.60
2009.04.16 02:58:12.028,1.819,1.8197,2.80,2.60
2009.04.16 02:58:12.368,1.819,1.8197,2.00,2.60
2009.04.16 02:58:22.595,1.81895,1.81965,2.80,1.00
2009.04.16 02:58:22.815,1.81895,1.81965,2.80,2.60
2009.04.16 02:58:22.995,1.8189,1.81965,2.00,2.60
2009.04.16 02:58:32.943,1.819,1.8197,2.00,2.60
2009.04.16 02:58:33.953,1.8189,1.81965,2.00,2.60
2009.04.16 02:58:34.012,1.81885,1.8196,2.00,1.00
2009.04.16 02:58:34.352,1.81885,1.8196,2.00,2.60
2009.04.16 02:58:38.861,1.8188,1.8195,2.80,1.00
2009.04.16 02:58:39.091,1.8188,1.8195,2.00,2.60
2009.04.16 02:58:39.551,1.81885,1.8196,2.00,2.60
2009.04.16 02:58:40.291,1.81885,1.8196,2.00,1.00
2009.04.16 02:58:40.521,1.81895,1.81965,2.00,2.60
2009.04.16 02:58:47.169,1.81895,1.81975,2.00,2.60
2009.04.16 02:58:53.308,1.81895,1.81965,2.00,2.60
2009.04.16 02:58:54.048,1.81895,1.81965,2.80,2.60
2009.04.16 02:58:58.646,1.819,1.8196,2.20,2.60
2009.04.16 02:58:58.926,1.8189,1.8196,3.00,2.60
2009.04.16 02:58:59.307,1.8189,1.8196,3.00,1.80
2009.04.16 02:58:59.537,1.8188,1.81945,5.00,3.20
2009.04.16 02:58:59.777,1.8188,1.8193,5.00,1.00
2009.04.16 02:58:59.956,1.8188,1.8195,4.20,1.00
2009.04.16 02:59:00.236,1.81895,1.8197,2.00,2.40
2009.04.16 02:59:00.466,1.8188,1.8195,2.00,1.00
2009.04.16 02:59:00.967,1.81915,1.8196,1.40,1.00
2009.04.16 02:59:01.186,1.81925,1.8198,1.20,1.60
2009.04.16 02:59:01.656,1.81915,1.8199,2.40,1.00
2009.04.16 02:59:02.296,1.81915,1.8198,1.20,1.40
2009.04.16 02:59:02.446,1.8191,1.8199,2.20,1.60
2009.04.16 02:59:02.995,1.8191,1.8197,2.20,1.00
2009.04.16 02:59:03.515,1.8193,1.8197,1.20,1.00
2009.04.16 02:59:04.005,1.81935,1.82005,1.20,1.80
2009.04.16 02:59:04.355,1.81915,1.82005,2.80,1.20
2009.04.16 02:59:04.895,1.81915,1.82015,4.60,1.00
2009.04.16 02:59:05.245,1.81915,1.82025,2.00,3.20
2009.04.16 02:59:05.425,1.81915,1.8203,2.00,1.60
2009.04.16 02:59:05.885,1.81905,1.8203,3.20,1.60
2009.04.16 02:59:06.355,1.81915,1.8203,1.60,1.60
2009.04.16 02:59:07.105,1.81915,1.8203,3.60,1.60
2009.04.16 02:59:07.574,1.8193,1.8203,1.40,1.00
2009.04.16 02:59:07.694,1.8194,1.82025,2.00,1.00
2009.04.16 02:59:09.144,1.8193,1.8203,1.60,1.00
2009.04.16 02:59:09.594,1.81915,1.8203,6.40,1.00
2009.04.16 02:59:09.934,1.8193,1.8203,1.40,1.00
2009.04.16 02:59:10.404,1.8194,1.82025,2.80,1.00
2009.04.16 02:59:17.322,1.8193,1.82005,3.00,1.80
2009.04.16 02:59:17.772,1.81935,1.8202,1.20,1.00
2009.04.16 02:59:18.282,1.8193,1.82005,1.20,2.60
2009.04.16 02:59:20.221,1.81885,1.8198,2.40,1.00
2009.04.16 02:59:20.341,1.8188,1.8198,1.60,1.00
2009.04.16 02:59:20.641,1.8186,1.8198,2.60,1.00
2009.04.16 02:59:21.191,1.8187,1.81965,1.20,1.00
2009.04.16 02:59:21.481,1.8189,1.8197,2.00,4.00
2009.04.16 02:59:22.101,1.8189,1.8196,2.00,1.00
2009.04.16 02:59:23.541,1.8188,1.81955,3.60,1.00
2009.04.16 02:59:23.960,1.8188,1.81955,2.00,1.00
2009.04.16 02:59:27.410,1.81885,1.81995,2.00,1.60
2009.04.16 02:59:27.700,1.81885,1.81995,3.60,1.60
2009.04.16 02:59:27.759,1.81885,1.82015,3.60,1.20
2009.04.16 02:59:28.899,1.8195,1.82005,1.40,1.20
2009.04.16 02:59:29.429,1.8196,1.82005,1.20,1.00
2009.04.16 02:59:29.719,1.8196,1.8204,1.20,2.40
2009.04.16 02:59:29.779,1.8196,1.8205,1.20,2.80
2009.04.16 02:59:30.139,1.81975,1.8205,1.20,2.80
2009.04.16 02:59:31.349,1.81935,1.82015,1.60,1.00
2009.04.16 02:59:31.509,1.81935,1.82035,1.60,1.00
2009.04.16 02:59:32.258,1.81955,1.8204,3.40,3.00
2009.04.16 02:59:32.438,1.81975,1.8203,1.20,1.60
2009.04.16 02:59:32.898,1.81975,1.8204,1.20,1.80
2009.04.16 02:59:33.428,1.8197,1.8204,2.40,1.80
2009.04.16 02:59:33.718,1.8198,1.8204,1.20,1.80
2009.04.16 02:59:38.997,1.81895,1.82035,3.60,4.60
2009.04.16 02:59:39.107,1.81945,1.82035,1.40,4.60
2009.04.16 02:59:39.327,1.81945,1.82035,1.40,4.20
2009.04.16 02:59:39.437,1.8196,1.82035,2.00,1.60
2009.04.16 02:59:39.776,1.8196,1.8204,2.00,1.20
2009.04.16 02:59:41.976,1.8198,1.8204,2.00,1.20
2009.04.16 02:59:42.696,1.8198,1.82055,2.00,1.00
2009.04.16 02:59:43.556,1.8199,1.8206,2.80,1.60
2009.04.16 02:59:44.016,1.82,1.82075,1.20,2.40
2009.04.16 02:59:44.136,1.82,1.8208,1.20,1.20
2009.04.16 02:59:44.475,1.82015,1.82095,1.20,1.60
2009.04.16 02:59:44.705,1.82015,1.821,1.20,2.60
2009.04.16 02:59:44.825,1.8202,1.821,1.20,1.00
2009.04.16 02:59:45.145,1.8202,1.82105,1.20,3.80
2009.04.16 02:59:45.375,1.8202,1.8211,1.20,3.40
2009.04.16 02:59:46.735,1.8202,1.821,1.20,1.00
2009.04.16 02:59:46.955,1.82015,1.821,1.20,3.40
2009.04.16 02:59:48.204,1.8201,1.821,2.40,3.40
2009.04.16 02:59:48.475,1.8202,1.821,2.00,1.00
2009.04.16 02:59:49.494,1.8202,1.82085,2.00,3.20
2009.04.16 02:59:49.614,1.8202,1.82075,2.00,1.00
2009.04.16 02:59:49.894,1.82005,1.82075,1.60,1.00
2009.04.16 02:59:50.005,1.8199,1.82085,1.60,3.20
2009.04.16 02:59:50.064,1.8199,1.82095,1.60,1.00
2009.04.16 02:59:50.404,1.81945,1.82095,1.60,2.60
2009.04.16 02:59:50.694,1.8193,1.82085,1.60,2.60
2009.04.16 02:59:57.712,1.8199,1.82085,2.80,2.60
2009.04.16 02:59:58.002,1.81965,1.82085,2.40,1.00
2009.04.16 02:59:58.342,1.81975,1.82085,1.60,2.60
2009.04.16 02:59:58.642,1.81925,1.82085,1.60,2.60
2009.04.16 02:59:59.632,1.81925,1.8208,1.60,1.40
