2015.09.23 05:00:00.971,1.58451,1.5848,1.37,2.25
2015.09.23 05:00:01.073,1.58451,1.5848,1.37,1.87
2015.09.23 05:00:01.439,1.58455,1.5848,1.12,1.00
2015.09.23 05:00:01.490,1.58462,1.58488,1.12,2.40
2015.09.23 05:00:01.594,1.58455,1.58486,1.37,1.50
2015.09.23 05:00:02.053,1.58453,1.58482,1.00,1.37
2015.09.23 05:00:02.104,1.58458,1.58482,1.00,1.37
2015.09.23 05:00:02.360,1.58458,1.58487,1.00,1.57
2015.09.23 05:00:02.720,1.58458,1.58485,1.00,1.12
2015.09.23 05:00:02.824,1.58452,1.58485,1.37,1.12
2015.09.23 05:00:03.365,1.58454,1.58484,1.00,1.12
2015.09.23 05:00:06.277,1.58449,1.5848,1.37,1.37
2015.09.23 05:00:06.380,1.58445,1.58477,1.37,1.12
2015.09.23 05:00:06.431,1.58445,1.58477,1.12,1.12
2015.09.23 05:00:09.085,1.58442,1.58474,1.75,1.37
2015.09.23 05:00:10.120,1.58442,1.58474,1.75,1.37
2015.09.23 05:00:13.388,1.58452,1.58474,1.00,1.37
2015.09.23 05:00:13.593,1.58449,1.58474,1.00,1.37
2015.09.23 05:00:16.138,1.58452,1.58475,1.00,1.75
2015.09.23 05:00:17.964,1.58454,1.58481,1.75,1.50
2015.09.23 05:00:18.016,1.58472,1.58495,1.00,1.12
2015.09.23 05:00:18.118,1.5847,1.58495,1.00,1.50
2015.09.23 05:00:18.169,1.5847,1.58486,1.00,1.00
2015.09.23 05:00:18.220,1.58465,1.58486,1.00,1.00
2015.09.23 05:00:18.322,1.58465,1.58485,1.00,1.37
2015.09.23 05:00:18.576,1.58461,1.58482,1.00,1.12
2015.09.23 05:00:19.114,1.58459,1.58482,1.00,2.25
2015.09.23 05:00:19.521,1.58459,1.58478,1.00,1.12
2015.09.23 05:00:19.573,1.58456,1.58477,1.00,1.37
2015.09.23 05:00:20.304,1.58454,1.58477,1.00,1.37
2015.09.23 05:00:21.072,1.58452,1.58476,1.00,1.00
2015.09.23 05:00:21.962,1.58452,1.58476,1.00,1.50
2015.09.23 05:00:22.015,1.58452,1.58475,1.00,1.12
2015.09.23 05:00:24.043,1.58451,1.58473,1.00,1.00
2015.09.23 05:00:24.838,1.5845,1.58473,1.00,1.00
2015.09.23 05:00:29.369,1.58447,1.58477,1.50,1.75
2015.09.23 05:00:29.421,1.58449,1.58479,1.12,1.47
2015.09.23 05:00:29.574,1.58451,1.58481,1.37,2.32
2015.09.23 05:00:29.625,1.58451,1.58478,1.00,1.37
2015.09.23 05:00:30.239,1.58445,1.58463,1.00,1.50
2015.09.23 05:00:30.291,1.58435,1.58461,1.00,1.00
2015.09.23 05:00:30.342,1.58433,1.58461,1.12,1.00
2015.09.23 05:00:30.646,1.58433,1.58461,1.00,1.37
2015.09.23 05:00:30.967,1.58435,1.58461,1.00,1.37
2015.09.23 05:00:31.672,1.58435,1.58461,1.00,1.75
2015.09.23 05:00:33.922,1.58433,1.58461,1.00,1.75
2015.09.23 05:00:34.749,1.58434,1.58461,1.00,1.75
2015.09.23 05:00:35.312,1.58436,1.58461,1.00,1.50
2015.09.23 05:00:35.750,1.58439,1.58465,1.00,1.00
2015.09.23 05:00:35.853,1.5844,1.58465,1.00,1.37
2015.09.23 05:00:36.158,1.58441,1.58463,1.00,1.12
2015.09.23 05:00:36.591,1.58438,1.58463,1.00,1.12
2015.09.23 05:00:37.131,1.58438,1.58462,1.00,1.00
2015.09.23 05:00:38.384,1.58444,1.58465,1.00,1.47
2015.09.23 05:00:38.435,1.58444,1.58465,1.00,1.10
2015.09.23 05:00:38.589,1.5845,1.58465,1.00,1.00
2015.09.23 05:00:39.916,1.58442,1.58465,1.00,1.87
2015.09.23 05:00:40.120,1.5844,1.58462,1.12,1.37
2015.09.23 05:00:40.750,1.5844,1.58462,1.12,1.12
2015.09.23 05:00:41.285,1.5844,1.58462,1.00,1.37
2015.09.23 05:00:42.123,1.58436,1.58462,1.50,1.00
2015.09.23 05:00:42.225,1.58443,1.58468,1.00,1.95
2015.09.23 05:00:42.531,1.5845,1.58468,1.00,1.95
2015.09.23 05:00:43.099,1.58442,1.58468,1.00,1.95
2015.09.23 05:00:43.202,1.58442,1.58466,1.00,1.37
2015.09.23 05:00:43.700,1.58444,1.58466,1.00,1.12
2015.09.23 05:00:43.752,1.58446,1.58469,1.00,1.20
2015.09.23 05:00:43.854,1.58443,1.58471,1.87,1.57
2015.09.23 05:00:43.956,1.5845,1.58475,1.00,1.27
2015.09.23 05:00:44.261,1.58452,1.58475,1.00,1.12
2015.09.23 05:00:44.567,1.58455,1.58475,1.00,1.12
2015.09.23 05:00:47.230,1.58471,1.58478,1.12,1.12
2015.09.23 05:00:47.282,1.58474,1.58503,1.50,1.50
2015.09.23 05:00:47.384,1.58485,1.58492,1.00,1.00
2015.09.23 05:00:47.435,1.58482,1.58505,1.00,1.12
2015.09.23 05:00:47.537,1.58485,1.58509,1.00,1.12
2015.09.23 05:00:47.589,1.5848,1.58509,1.50,1.12
2015.09.23 05:00:47.793,1.58479,1.58501,1.00,1.00
2015.09.23 05:00:47.844,1.58476,1.58501,1.00,1.00
2015.09.23 05:00:47.953,1.58476,1.58501,1.00,1.75
2015.09.23 05:00:48.583,1.58477,1.58494,1.00,1.00
2015.09.23 05:00:48.838,1.58474,1.58494,1.00,1.00
2015.09.23 05:00:49.098,1.58474,1.58492,1.00,1.00
2015.09.23 05:00:49.353,1.58461,1.58485,1.12,1.12
2015.09.23 05:00:49.455,1.58458,1.58485,1.00,1.75
2015.09.23 05:00:49.962,1.58457,1.58485,1.00,1.12
2015.09.23 05:00:50.493,1.58456,1.58483,1.00,1.37
2015.09.23 05:00:50.544,1.58455,1.58478,1.00,1.12
2015.09.23 05:00:50.952,1.58455,1.58475,1.00,1.12
2015.09.23 05:00:51.256,1.58452,1.58475,1.00,1.12
2015.09.23 05:00:51.460,1.58447,1.58473,1.00,1.50
2015.09.23 05:00:51.562,1.58447,1.58471,1.00,1.75
2015.09.23 05:00:51.900,1.5844,1.58467,1.00,1.12
2015.09.23 05:00:51.953,1.58441,1.58461,1.00,1.00
2015.09.23 05:00:52.780,1.58439,1.58461,1.00,1.00
2015.09.23 05:00:53.502,1.58438,1.58461,1.00,1.37
2015.09.23 05:00:53.553,1.58441,1.58461,1.00,1.37
2015.09.23 05:00:54.172,1.58441,1.58463,1.00,1.12
2015.09.23 05:00:54.375,1.58441,1.58465,1.00,1.12
2015.09.23 05:00:54.477,1.58441,1.58465,1.00,1.12
2015.09.23 05:00:54.629,1.58438,1.58465,1.00,1.12
2015.09.23 05:01:00.913,1.58435,1.58465,1.12,1.12
2015.09.23 05:01:02.518,1.58435,1.58463,1.00,2.62
2015.09.23 05:01:02.822,1.58435,1.58456,1.00,1.00
2015.09.23 05:01:03.353,1.58434,1.58456,1.00,1.00
2015.09.23 05:01:04.266,1.58432,1.58447,1.00,1.12
2015.09.23 05:01:04.419,1.58416,1.58441,1.00,1.12
2015.09.23 05:01:04.521,1.58416,1.58442,1.00,1.57
2015.09.23 05:01:04.572,1.58412,1.58442,1.12,2.70
2015.09.23 05:01:04.876,1.58409,1.58433,1.37,1.00
2015.09.23 05:01:05.181,1.58406,1.58435,1.12,1.00
2015.09.23 05:01:05.283,1.58406,1.58428,1.12,1.00
2015.09.23 05:01:06.239,1.58406,1.58433,1.87,1.00
2015.09.23 05:01:06.443,1.58414,1.58433,1.00,1.00
2015.09.23 05:01:06.749,1.58414,1.58429,1.00,1.00
2015.09.23 05:01:07.798,1.58414,1.5843,1.00,1.00
2015.09.23 05:01:10.682,1.58422,1.58451,2.47,1.50
2015.09.23 05:01:10.733,1.58422,1.58452,2.47,1.50
2015.09.23 05:01:10.835,1.58431,1.58452,1.00,1.50
2015.09.23 05:01:11.038,1.58429,1.58452,1.00,1.50
2015.09.23 05:01:11.578,1.58429,1.58452,1.00,1.12
2015.09.23 05:01:16.108,1.58433,1.58452,1.00,1.00
2015.09.23 05:01:21.313,1.5843,1.58452,1.00,1.00
2015.09.23 05:01:21.802,1.58433,1.58452,1.00,1.00
2015.09.23 05:01:22.309,1.58433,1.58451,1.00,1.00
2015.09.23 05:01:22.412,1.58433,1.58457,1.00,1.12
2015.09.23 05:01:28.852,1.58433,1.58457,1.00,1.37
2015.09.23 05:01:29.955,1.58433,1.58457,1.00,1.00
2015.09.23 05:01:31.163,1.58434,1.58457,1.00,1.12
2015.09.23 05:01:33.582,1.58432,1.58457,1.00,1.00
2015.09.23 05:01:40.458,1.58432,1.58452,1.00,1.00
2015.09.23 05:01:40.967,1.58433,1.58452,1.00,1.00
2015.09.23 05:01:41.781,1.58422,1.58439,1.37,1.00
2015.09.23 05:01:41.833,1.58421,1.58439,1.00,1.00
2015.09.23 05:01:41.935,1.58421,1.58444,1.00,1.12
2015.09.23 05:01:42.141,1.58421,1.5844,1.00,1.00
2015.09.23 05:01:42.649,1.58421,1.58439,1.00,1.00
2015.09.23 05:01:45.287,1.58422,1.58439,1.00,1.00
2015.09.23 05:01:45.561,1.5842,1.58439,1.00,1.00
2015.09.23 05:01:46.117,1.5842,1.5844,1.00,1.00
2015.09.23 05:01:51.193,1.5842,1.5844,1.00,1.37
2015.09.23 05:01:51.295,1.58411,1.58437,1.50,1.37
2015.09.23 05:01:51.397,1.5841,1.58436,1.00,1.75
2015.09.23 05:01:52.198,1.58407,1.58432,1.00,1.20
2015.09.23 05:01:52.503,1.58405,1.58426,1.00,1.00
2015.09.23 05:01:56.671,1.58399,1.58426,1.87,1.00
2015.09.23 05:01:56.874,1.584,1.5842,1.12,1.00
2015.09.23 05:01:57.505,1.58401,1.58417,1.00,1.00
2015.09.23 05:01:57.659,1.58396,1.58416,1.37,1.00
2015.09.23 05:01:57.710,1.58396,1.58412,1.00,1.00
2015.09.23 05:01:58.016,1.58392,1.58408,1.00,1.00
2015.09.23 05:01:58.835,1.58392,1.58409,1.00,1.00
2015.09.23 05:01:58.886,1.5839,1.58409,1.00,1.00
2015.09.23 05:01:59.521,1.5839,1.5842,1.00,2.20
2015.09.23 05:02:00.291,1.58391,1.5842,1.00,2.20
2015.09.23 05:02:01.308,1.58391,1.58411,1.00,1.00
2015.09.23 05:02:01.613,1.58391,1.58408,1.00,1.00
2015.09.23 05:02:01.766,1.58389,1.58408,1.00,1.00
2015.09.23 05:02:02.020,1.58389,1.5841,1.00,1.00
2015.09.23 05:02:02.935,1.5839,1.5841,1.00,1.00
2015.09.23 05:02:03.199,1.58388,1.5841,1.00,1.00
2015.09.23 05:02:03.557,1.58387,1.58406,1.00,1.37
2015.09.23 05:02:03.608,1.58378,1.58406,1.50,1.37
2015.09.23 05:02:04.116,1.58377,1.58404,1.12,1.55
2015.09.23 05:02:04.485,1.58377,1.58406,1.12,1.57
2015.09.23 05:02:04.536,1.58382,1.58406,1.00,1.20
2015.09.23 05:02:05.233,1.58382,1.58406,1.87,1.20
2015.09.23 05:02:05.954,1.58382,1.58406,1.87,1.00
2015.09.23 05:02:07.857,1.58382,1.58401,1.00,1.00
2015.09.23 05:02:08.010,1.58377,1.58399,1.12,1.00
2015.09.23 05:02:08.111,1.58377,1.58396,1.12,1.00
2015.09.23 05:02:08.366,1.58374,1.58396,1.00,1.00
2015.09.23 05:02:08.417,1.58374,1.58402,1.00,1.10
2015.09.23 05:02:08.570,1.58373,1.58402,1.00,1.17
2015.09.23 05:02:09.122,1.58375,1.58391,1.00,1.00
2015.09.23 05:02:09.181,1.58369,1.58391,1.37,1.00
2015.09.23 05:02:09.689,1.58368,1.58392,1.37,1.00
2015.09.23 05:02:10.045,1.58377,1.58392,1.00,1.00
2015.09.23 05:02:10.147,1.58377,1.58403,1.37,1.50
2015.09.23 05:02:10.198,1.58379,1.58404,1.37,1.75
2015.09.23 05:02:10.249,1.58379,1.58408,1.37,1.10
2015.09.23 05:02:10.301,1.5838,1.58398,1.12,1.00
2015.09.23 05:02:10.698,1.58371,1.58386,1.00,1.00
2015.09.23 05:02:11.063,1.5837,1.58383,1.00,1.00
2015.09.23 05:02:11.418,1.5837,1.58389,1.37,1.00
2015.09.23 05:02:12.078,1.58371,1.58389,1.37,1.00
2015.09.23 05:02:12.130,1.58371,1.58392,1.37,1.00
2015.09.23 05:02:12.883,1.58378,1.58389,1.00,1.00
2015.09.23 05:02:12.941,1.58378,1.58406,1.87,1.50
2015.09.23 05:02:12.993,1.58379,1.58407,1.87,1.12
2015.09.23 05:02:13.146,1.58382,1.58401,1.00,1.00
2015.09.23 05:02:13.453,1.58377,1.58389,1.12,1.00
2015.09.23 05:02:13.708,1.58376,1.58389,1.00,1.00
2015.09.23 05:02:13.912,1.58373,1.58389,1.87,1.00
2015.09.23 05:02:14.505,1.58373,1.5839,1.87,1.00
2015.09.23 05:02:14.556,1.58366,1.5839,1.00,1.12
2015.09.23 05:02:14.608,1.58362,1.5839,1.00,1.12
2015.09.23 05:02:15.116,1.58362,1.58389,1.00,1.00
2015.09.23 05:02:15.778,1.58367,1.58389,1.75,1.00
2015.09.23 05:02:16.240,1.58376,1.58389,2.25,1.00
2015.09.23 05:02:16.292,1.58371,1.5839,1.37,1.00
2015.09.23 05:02:16.445,1.5837,1.58384,1.37,1.00
2015.09.23 05:02:16.547,1.5837,1.58388,1.37,1.00
2015.09.23 05:02:17.326,1.58371,1.58389,1.37,1.00
2015.09.23 05:02:17.379,1.58374,1.58395,1.00,1.00
2015.09.23 05:02:17.924,1.58374,1.58394,1.12,1.00
2015.09.23 05:02:18.774,1.58375,1.58394,1.00,1.00
2015.09.23 05:02:19.559,1.58374,1.58394,1.12,1.00
2015.09.23 05:02:20.004,1.58381,1.58404,1.00,1.37
2015.09.23 05:02:22.276,1.58386,1.58405,1.00,1.12
2015.09.23 05:02:22.429,1.58386,1.58405,1.00,1.00
2015.09.23 05:02:22.481,1.58386,1.58412,1.00,1.65
2015.09.23 05:02:22.735,1.58386,1.58409,1.00,1.50
2015.09.23 05:02:22.788,1.58378,1.58408,1.37,1.37
2015.09.23 05:02:22.839,1.58378,1.58405,1.50,1.00
2015.09.23 05:02:22.940,1.58377,1.58403,1.87,1.00
2015.09.23 05:02:22.992,1.58377,1.58402,1.00,1.87
2015.09.23 05:02:23.296,1.58375,1.58401,1.00,1.75
2015.09.23 05:02:24.160,1.58375,1.58401,1.37,1.12
2015.09.23 05:02:24.763,1.58375,1.584,1.37,1.37
2015.09.23 05:02:25.288,1.58381,1.58403,1.50,1.20
2015.09.23 05:02:25.391,1.58382,1.58407,1.87,1.00
2015.09.23 05:02:25.812,1.58387,1.58412,1.37,1.87
2015.09.23 05:02:28.957,1.58387,1.58411,1.50,1.75
2015.09.23 05:02:29.767,1.58387,1.58406,1.50,1.00
2015.09.23 05:02:30.397,1.58388,1.58412,1.75,1.75
2015.09.23 05:02:30.499,1.58389,1.58411,1.75,1.00
2015.09.23 05:02:30.702,1.58392,1.58416,1.37,1.12
2015.09.23 05:02:31.902,1.58392,1.58417,1.37,1.37
2015.09.23 05:02:32.803,1.58392,1.58417,1.00,1.37
2015.09.23 05:02:33.573,1.584,1.58417,1.12,1.00
2015.09.23 05:02:33.624,1.58405,1.58423,1.12,1.00
2015.09.23 05:02:33.675,1.58405,1.58417,1.00,1.00
2015.09.23 05:02:33.727,1.58402,1.58417,1.00,1.00
2015.09.23 05:02:34.234,1.58401,1.58416,1.00,1.00
2015.09.23 05:02:36.106,1.58401,1.58417,1.00,1.00
2015.09.23 05:02:36.411,1.58396,1.58416,1.50,1.00
2015.09.23 05:02:37.406,1.58397,1.58417,1.00,1.00
2015.09.23 05:02:38.317,1.58397,1.58416,1.00,1.00
2015.09.23 05:02:39.197,1.58397,1.58417,1.00,1.00
2015.09.23 05:02:39.916,1.58397,1.58417,1.00,1.87
2015.09.23 05:02:40.351,1.58393,1.58417,1.00,1.87
2015.09.23 05:02:40.402,1.58393,1.58412,1.00,1.00
2015.09.23 05:02:42.301,1.58394,1.58412,1.00,1.00
2015.09.23 05:02:42.454,1.58394,1.58422,2.62,1.20
2015.09.23 05:02:42.505,1.584,1.58423,1.00,1.00
2015.09.23 05:02:42.809,1.58408,1.58427,1.00,1.00
2015.09.23 05:02:43.316,1.58409,1.58428,1.00,1.00
2015.09.23 05:02:43.831,1.58409,1.58427,1.00,1.00
2015.09.23 05:02:44.738,1.58407,1.58427,1.00,1.00
2015.09.23 05:02:44.840,1.58407,1.58424,1.00,1.00
2015.09.23 05:02:45.400,1.58406,1.58423,1.00,1.00
2015.09.23 05:02:46.049,1.58409,1.58423,1.00,1.00
2015.09.23 05:02:46.203,1.58405,1.58422,1.00,1.00
2015.09.23 05:02:47.278,1.58403,1.58422,1.00,1.00
2015.09.23 05:02:49.804,1.58403,1.58421,1.00,1.00
2015.09.23 05:02:52.021,1.58403,1.58422,1.00,1.00
2015.09.23 05:02:55.125,1.58403,1.58423,1.00,1.00
2015.09.23 05:03:00.632,1.58403,1.58421,1.00,1.00
2015.09.23 05:03:01.475,1.58401,1.58421,1.00,1.00
2015.09.23 05:03:06.341,1.58395,1.58415,1.50,1.00
2015.09.23 05:03:06.444,1.58392,1.5842,1.75,1.50
2015.09.23 05:03:06.546,1.58399,1.5842,1.00,1.50
2015.09.23 05:03:06.958,1.58395,1.58414,1.12,1.00
2015.09.23 05:03:07.466,1.58396,1.58414,1.00,1.00
2015.09.23 05:03:08.959,1.58395,1.58414,1.00,1.00
2015.09.23 05:03:09.163,1.5839,1.58411,1.00,1.00
2015.09.23 05:03:09.265,1.58391,1.58409,1.00,1.00
2015.09.23 05:03:09.570,1.58391,1.58407,1.00,1.00
2015.09.23 05:03:10.484,1.58384,1.58407,2.25,1.00
2015.09.23 05:03:10.586,1.58387,1.58408,1.00,1.00
2015.09.23 05:03:10.891,1.58387,1.58406,1.00,1.00
2015.09.23 05:03:10.942,1.58385,1.58406,1.00,1.00
2015.09.23 05:03:11.094,1.58384,1.58404,1.87,1.00
2015.09.23 05:03:12.284,1.58381,1.5839,1.00,1.00
2015.09.23 05:03:12.589,1.58374,1.5839,1.00,1.00
2015.09.23 05:03:13.098,1.58374,1.58391,1.00,1.00
2015.09.23 05:03:13.729,1.58374,1.58388,1.00,1.00
2015.09.23 05:03:14.289,1.58374,1.58395,1.00,1.00
2015.09.23 05:03:14.539,1.58376,1.58395,1.00,1.00
2015.09.23 05:03:16.190,1.58376,1.58396,1.37,1.00
2015.09.23 05:03:16.293,1.58376,1.58398,1.37,1.00
2015.09.23 05:03:16.344,1.58379,1.58398,1.00,1.00
2015.09.23 05:03:16.719,1.58382,1.584,1.00,1.00
2015.09.23 05:03:17.714,1.58384,1.584,1.00,1.00
2015.09.23 05:03:18.222,1.58385,1.58401,1.00,1.00
2015.09.23 05:03:18.880,1.58385,1.58398,1.00,1.00
2015.09.23 05:03:19.282,1.58385,1.58401,1.00,1.00
2015.09.23 05:03:19.336,1.58381,1.584,1.00,1.00
2015.09.23 05:03:19.388,1.58379,1.584,1.00,1.00
2015.09.23 05:03:19.490,1.58379,1.58403,1.00,1.00
2015.09.23 05:03:19.541,1.58377,1.58403,1.00,1.00
2015.09.23 05:03:19.644,1.5838,1.58404,1.00,1.50
2015.09.23 05:03:19.949,1.5838,1.58399,1.00,1.00
2015.09.23 05:03:20.482,1.58379,1.58399,1.00,1.00
2015.09.23 05:03:21.630,1.58379,1.58394,1.00,1.00
2015.09.23 05:03:23.624,1.58379,1.5839,1.00,1.00
2015.09.23 05:03:24.348,1.58374,1.5839,1.00,1.00
2015.09.23 05:03:24.501,1.58373,1.58386,1.00,1.00
2015.09.23 05:03:25.110,1.58373,1.58385,1.00,1.00
2015.09.23 05:03:25.625,1.58374,1.58386,1.00,1.00
2015.09.23 05:03:26.731,1.58374,1.58391,1.00,1.00
2015.09.23 05:03:26.883,1.58376,1.58392,1.00,1.00
2015.09.23 05:03:27.190,1.58378,1.58392,1.00,1.00
2015.09.23 05:03:30.599,1.58375,1.58392,1.00,1.00
2015.09.23 05:03:44.819,1.58375,1.58393,1.00,1.00
2015.09.23 05:03:45.022,1.58373,1.58392,1.00,1.00
2015.09.23 05:03:45.603,1.58373,1.58392,1.00,1.37
2015.09.23 05:03:47.337,1.58371,1.58392,1.00,1.37
2015.09.23 05:03:55.902,1.5837,1.58393,1.00,1.87
2015.09.23 05:03:56.934,1.58366,1.58391,1.00,1.00
2015.09.23 05:03:57.762,1.58368,1.58391,1.00,1.00
2015.09.23 05:03:59.357,1.58372,1.58391,1.00,1.00
2015.09.23 05:03:59.408,1.58372,1.58401,1.37,1.37
2015.09.23 05:03:59.714,1.58372,1.58398,1.37,1.12
2015.09.23 05:03:59.765,1.5837,1.58398,1.50,1.12
2015.09.23 05:03:59.817,1.5837,1.58396,1.50,1.00
2015.09.23 05:04:00.123,1.5837,1.58394,1.00,1.00
2015.09.23 05:04:00.752,1.58371,1.58394,1.00,1.37
2015.09.23 05:04:02.454,1.58371,1.58394,1.00,1.12
2015.09.23 05:04:06.624,1.58369,1.58394,1.00,1.00
2015.09.23 05:04:06.829,1.58369,1.58391,1.00,1.00
2015.09.23 05:04:12.910,1.58369,1.58394,1.50,1.00
2015.09.23 05:04:18.135,1.58369,1.58394,1.50,1.37
2015.09.23 05:04:18.575,1.58371,1.58394,1.00,1.37
2015.09.23 05:04:24.455,1.58371,1.58395,1.00,3.00
2015.09.23 05:04:25.090,1.58369,1.58395,1.50,3.00
2015.09.23 05:04:25.607,1.58369,1.58393,1.00,1.00
2015.09.23 05:04:26.501,1.58369,1.58393,1.50,1.37
2015.09.23 05:04:27.138,1.58369,1.58393,1.50,1.37
2015.09.23 05:04:27.494,1.58374,1.58393,1.00,1.37
2015.09.23 05:04:27.596,1.58371,1.58393,1.00,1.37
2015.09.23 05:04:27.800,1.58374,1.58394,1.00,1.37
2015.09.23 05:04:28.491,1.58374,1.58394,1.00,1.12
2015.09.23 05:04:30.186,1.58374,1.58394,1.00,1.37
2015.09.23 05:04:30.350,1.58371,1.58394,1.00,1.37
2015.09.23 05:04:31.070,1.58371,1.58388,1.00,1.00
2015.09.23 05:04:31.607,1.58371,1.58389,1.00,1.00
2015.09.23 05:04:31.862,1.58365,1.58384,1.00,1.00
2015.09.23 05:04:32.066,1.58364,1.58381,1.00,1.00
2015.09.23 05:04:32.620,1.58351,1.58373,1.50,1.00
2015.09.23 05:04:32.671,1.58351,1.58374,1.12,1.00
2015.09.23 05:04:32.773,1.58351,1.58371,1.00,1.00
2015.09.23 05:04:33.333,1.58348,1.58371,1.00,1.00
2015.09.23 05:04:33.850,1.58348,1.58372,1.12,1.00
2015.09.23 05:04:34.866,1.58348,1.58371,1.00,1.00
2015.09.23 05:04:34.917,1.58345,1.58371,1.00,1.00
2015.09.23 05:04:34.968,1.58345,1.58367,1.00,1.00
2015.09.23 05:04:35.323,1.58342,1.58367,1.37,1.00
2015.09.23 05:04:35.476,1.58342,1.58361,1.00,1.00
2015.09.23 05:04:36.786,1.58344,1.5836,1.87,1.00
2015.09.23 05:04:37.042,1.58348,1.5837,1.00,1.00
2015.09.23 05:04:37.553,1.58348,1.58367,1.00,1.00
2015.09.23 05:04:37.604,1.58344,1.58367,1.12,1.00
2015.09.23 05:04:38.221,1.58347,1.58369,1.00,1.00
2015.09.23 05:04:38.729,1.58348,1.58369,1.00,1.00
2015.09.23 05:04:38.780,1.58348,1.58373,1.12,1.12
2015.09.23 05:04:39.290,1.58349,1.58372,1.00,1.00
2015.09.23 05:04:39.392,1.58347,1.58372,1.00,1.00
2015.09.23 05:04:39.905,1.58347,1.58373,1.00,1.50
2015.09.23 05:04:40.172,1.58347,1.58367,1.00,1.00
2015.09.23 05:04:40.702,1.58346,1.58367,1.00,1.00
2015.09.23 05:04:41.241,1.58343,1.58367,1.12,1.00
2015.09.23 05:04:43.308,1.58345,1.58367,1.00,1.00
2015.09.23 05:04:49.569,1.58345,1.58368,1.00,1.00
2015.09.23 05:04:56.448,1.58347,1.58368,1.00,1.00
2015.09.23 05:04:59.610,1.58346,1.58366,1.00,1.00
2015.09.23 05:05:00.118,1.58346,1.58365,1.00,1.00
2015.09.23 05:05:00.359,1.58344,1.58365,1.12,1.00
2015.09.23 05:05:03.465,1.58344,1.58364,1.00,1.00
2015.09.23 05:05:03.567,1.5834,1.58364,1.00,1.12
2015.09.23 05:05:03.619,1.5834,1.58362,1.00,1.00
2015.09.23 05:05:03.924,1.58343,1.58362,1.00,1.00
2015.09.23 05:05:04.334,1.58333,1.58362,1.50,1.87
2015.09.23 05:05:04.436,1.58331,1.58355,1.87,1.00
2015.09.23 05:05:04.847,1.58331,1.5835,1.00,1.00
2015.09.23 05:05:04.909,1.58329,1.5835,1.12,1.00
2015.09.23 05:05:05.715,1.58328,1.58351,1.50,1.00
2015.09.23 05:05:06.542,1.58328,1.58352,1.50,1.00
2015.09.23 05:05:06.907,1.58326,1.58352,1.50,1.12
2015.09.23 05:05:07.443,1.58327,1.58352,1.00,1.00
2015.09.23 05:05:08.912,1.5833,1.58352,1.00,1.00
2015.09.23 05:05:10.366,1.58332,1.58352,1.00,1.00
2015.09.23 05:05:10.607,1.58332,1.58357,1.00,3.97
2015.09.23 05:05:11.407,1.58329,1.58356,1.00,1.50
2015.09.23 05:05:11.915,1.58329,1.58354,1.00,1.12
2015.09.23 05:05:13.439,1.58329,1.58354,1.00,1.50
2015.09.23 05:05:13.557,1.58332,1.58354,1.00,1.50
2015.09.23 05:05:13.814,1.58329,1.58354,1.00,1.50
2015.09.23 05:05:13.917,1.58331,1.58353,1.00,1.00
2015.09.23 05:05:13.968,1.58331,1.58356,1.00,2.25
2015.09.23 05:05:18.847,1.58331,1.58353,1.00,1.00
2015.09.23 05:05:20.414,1.58333,1.58353,1.00,1.00
2015.09.23 05:05:20.861,1.5833,1.58353,1.00,1.00
2015.09.23 05:05:23.480,1.5833,1.58355,1.00,1.87
2015.09.23 05:05:24.729,1.5833,1.58355,1.00,1.87
2015.09.23 05:05:25.888,1.58327,1.58355,1.50,2.25
2015.09.23 05:05:26.852,1.58327,1.58352,1.00,1.37
2015.09.23 05:05:29.172,1.58329,1.58351,1.00,1.00
2015.09.23 05:05:35.113,1.58329,1.58338,1.00,1.00
2015.09.23 05:05:35.164,1.58316,1.58338,1.00,1.00
2015.09.23 05:05:35.216,1.58314,1.58336,1.00,1.00
2015.09.23 05:05:35.318,1.58312,1.58336,1.00,1.50
2015.09.23 05:05:35.694,1.58306,1.5833,1.00,1.00
2015.09.23 05:05:35.999,1.58304,1.58325,1.87,1.00
2015.09.23 05:05:36.517,1.58307,1.58325,1.00,1.00
2015.09.23 05:05:36.568,1.58304,1.58325,1.00,1.00
2015.09.23 05:05:37.884,1.58297,1.58309,1.50,1.00
2015.09.23 05:05:37.936,1.58291,1.58309,1.00,1.00
2015.09.23 05:05:38.292,1.5829,1.58309,1.50,1.00
2015.09.23 05:05:38.800,1.58294,1.58309,1.00,1.00
2015.09.23 05:05:40.287,1.58296,1.58309,1.00,1.00
2015.09.23 05:05:40.886,1.58294,1.58309,1.00,1.00
2015.09.23 05:05:42.143,1.58294,1.58313,1.00,1.00
2015.09.23 05:05:43.869,1.58294,1.58314,1.00,1.00
2015.09.23 05:05:48.367,1.58294,1.58317,1.00,1.00
2015.09.23 05:05:49.979,1.58294,1.58316,1.00,1.00
2015.09.23 05:05:50.334,1.58296,1.58316,1.00,1.00
2015.09.23 05:05:50.844,1.58296,1.58317,1.00,1.00
2015.09.23 05:05:51.098,1.58294,1.58317,1.00,1.00
2015.09.23 05:05:51.150,1.58294,1.58315,1.00,1.00
2015.09.23 05:05:51.201,1.58291,1.58315,1.12,1.00
2015.09.23 05:05:51.253,1.58291,1.58318,1.12,1.00
2015.09.23 05:05:51.305,1.58296,1.58318,1.00,1.00
2015.09.23 05:05:51.808,1.58294,1.58318,1.00,1.00
2015.09.23 05:05:52.319,1.58295,1.58318,1.00,1.50
2015.09.23 05:05:53.933,1.58296,1.58318,1.00,1.50
2015.09.23 05:05:56.006,1.58294,1.58318,1.00,1.50
2015.09.23 05:05:56.645,1.58294,1.58317,1.00,1.00
2015.09.23 05:05:56.747,1.58294,1.58321,1.12,1.87
2015.09.23 05:05:56.798,1.58298,1.58321,1.00,1.50
2015.09.23 05:05:57.103,1.583,1.5832,1.00,1.00
2015.09.23 05:05:58.462,1.583,1.58321,1.00,1.00
2015.09.23 05:05:59.020,1.58299,1.58321,1.00,1.00
2015.09.23 05:06:00.642,1.583,1.58321,1.00,1.12
2015.09.23 05:06:00.947,1.58302,1.58325,1.00,1.00
2015.09.23 05:06:01.818,1.58303,1.58324,1.00,1.00
2015.09.23 05:06:01.870,1.58306,1.58324,1.00,1.00
2015.09.23 05:06:02.725,1.58304,1.58324,1.00,1.00
2015.09.23 05:06:05.187,1.58306,1.58324,1.00,1.00
2015.09.23 05:06:05.763,1.58303,1.58324,1.00,1.00
2015.09.23 05:06:06.273,1.58303,1.58326,1.00,2.62
2015.09.23 05:06:06.325,1.58303,1.58326,1.00,1.87
2015.09.23 05:06:07.327,1.58303,1.58326,1.00,1.87
2015.09.23 05:06:08.052,1.58304,1.58326,1.00,1.87
2015.09.23 05:06:08.691,1.58302,1.58326,1.00,1.87
2015.09.23 05:06:09.315,1.58302,1.58326,1.00,1.87
2015.09.23 05:06:10.999,1.58304,1.58325,1.00,1.12
2015.09.23 05:06:11.303,1.58306,1.58325,1.00,1.12
2015.09.23 05:06:20.430,1.58306,1.58327,1.00,1.37
2015.09.23 05:06:22.897,1.58306,1.58326,1.00,2.25
2015.09.23 05:06:29.486,1.58306,1.58324,1.00,1.12
2015.09.23 05:06:30.023,1.58306,1.58323,1.00,1.12
2015.09.23 05:06:36.944,1.58305,1.58323,1.00,1.12
2015.09.23 05:06:37.246,1.58307,1.58325,1.00,1.12
2015.09.23 05:06:37.297,1.58307,1.58327,1.00,1.12
2015.09.23 05:06:37.401,1.58309,1.58327,1.00,1.12
2015.09.23 05:06:37.554,1.58309,1.58332,1.87,1.12
2015.09.23 05:06:37.606,1.58314,1.58332,1.00,1.12
2015.09.23 05:06:37.759,1.58318,1.58336,1.00,1.50
2015.09.23 05:06:38.477,1.58316,1.58336,1.00,1.50
2015.09.23 05:06:38.631,1.58314,1.58336,1.00,1.87
2015.09.23 05:06:38.734,1.58311,1.58337,1.00,1.87
2015.09.23 05:06:38.836,1.58316,1.58337,1.00,1.87
2015.09.23 05:06:41.366,1.58314,1.58335,1.00,1.87
2015.09.23 05:06:43.586,1.58314,1.5833,1.00,1.00
2015.09.23 05:06:44.880,1.58316,1.5833,1.00,1.00
2015.09.23 05:06:44.982,1.58316,1.58332,1.00,1.00
2015.09.23 05:06:50.456,1.58316,1.58337,1.00,1.12
2015.09.23 05:06:50.959,1.58316,1.58333,1.00,1.00
2015.09.23 05:06:59.388,1.58316,1.58326,1.00,1.00
2015.09.23 05:07:00.473,1.58316,1.58332,1.00,1.00
2015.09.23 05:07:00.917,1.58316,1.58326,1.00,1.00
2015.09.23 05:07:08.108,1.58318,1.58326,1.00,1.00
2015.09.23 05:07:09.717,1.58315,1.58326,1.00,1.00
2015.09.23 05:07:10.763,1.58315,1.58332,1.00,1.00
2015.09.23 05:07:10.916,1.58315,1.58327,1.00,1.00
2015.09.23 05:07:14.325,1.58315,1.58326,1.00,1.00
2015.09.23 05:07:14.579,1.58307,1.58326,2.25,1.00
2015.09.23 05:07:14.631,1.58307,1.58321,1.12,1.00
2015.09.23 05:07:15.922,1.58307,1.5832,1.00,1.00
2015.09.23 05:07:16.126,1.58307,1.58327,1.00,1.87
2015.09.23 05:07:17.849,1.58309,1.58327,1.75,1.00
2015.09.23 05:07:17.951,1.58307,1.58333,1.87,1.75
2015.09.23 05:07:18.053,1.5831,1.58333,1.75,1.00
2015.09.23 05:07:18.105,1.58318,1.58333,1.00,1.00
2015.09.23 05:07:18.409,1.58318,1.5833,1.00,1.00
2015.09.23 05:07:18.511,1.58318,1.58332,1.00,1.00
2015.09.23 05:07:19.340,1.58317,1.58332,1.00,1.00
2015.09.23 05:07:20.296,1.58318,1.58332,1.00,1.00
2015.09.23 05:07:20.757,1.58318,1.58338,1.00,1.75
2015.09.23 05:07:22.741,1.58318,1.58339,1.00,1.37
2015.09.23 05:07:22.794,1.58318,1.58339,1.12,1.00
2015.09.23 05:07:22.845,1.58321,1.58339,1.00,1.00
2015.09.23 05:07:23.245,1.58335,1.58347,1.37,1.00
2015.09.23 05:07:23.297,1.58337,1.58367,1.37,1.75
2015.09.23 05:07:23.808,1.58341,1.58367,1.00,1.75
2015.09.23 05:07:25.814,1.58344,1.58367,1.00,1.75
2015.09.23 05:07:28.344,1.58342,1.58367,1.00,1.75
2015.09.23 05:07:34.037,1.5834,1.58366,1.12,1.50
2015.09.23 05:07:38.547,1.58342,1.58366,1.00,1.50
2015.09.23 05:07:38.899,1.58339,1.58366,1.12,1.50
2015.09.23 05:07:39.894,1.58339,1.58366,1.00,1.75
2015.09.23 05:07:40.464,1.58339,1.58366,1.00,1.87
2015.09.23 05:07:59.760,1.58339,1.58364,1.00,1.50
2015.09.23 05:08:04.899,1.58342,1.58364,1.00,1.75
2015.09.23 05:08:05.598,1.58343,1.58364,1.00,1.75
2015.09.23 05:08:07.116,1.58343,1.58354,1.00,1.87
2015.09.23 05:08:07.435,1.58333,1.58351,1.00,1.75
2015.09.23 05:08:07.487,1.58334,1.58347,1.00,1.12
2015.09.23 05:08:08.475,1.5833,1.58345,1.00,1.87
2015.09.23 05:08:08.526,1.5833,1.58343,1.00,1.12
2015.09.23 05:08:14.749,1.58328,1.58343,1.00,1.12
2015.09.23 05:08:14.851,1.58332,1.58343,1.00,1.12
2015.09.23 05:08:15.055,1.58329,1.58343,1.00,1.12
2015.09.23 05:08:16.123,1.58328,1.58343,1.00,1.12
2015.09.23 05:08:24.542,1.58328,1.58347,1.00,1.75
2015.09.23 05:08:24.644,1.58328,1.58349,1.00,1.87
2015.09.23 05:08:24.746,1.5833,1.58349,1.75,1.00
2015.09.23 05:08:25.257,1.58334,1.58354,1.95,1.00
2015.09.23 05:08:25.308,1.58343,1.58354,1.00,1.00
2015.09.23 05:08:25.359,1.58343,1.58357,1.00,1.00
2015.09.23 05:08:25.461,1.58343,1.58362,1.00,1.00
2015.09.23 05:08:25.512,1.58345,1.58362,1.00,1.00
2015.09.23 05:08:26.049,1.58344,1.58362,1.00,1.00
2015.09.23 05:08:26.100,1.58342,1.58362,1.00,1.00
2015.09.23 05:08:26.151,1.58342,1.58359,1.00,1.00
2015.09.23 05:08:27.162,1.58343,1.58359,1.00,1.00
2015.09.23 05:08:30.058,1.58343,1.5836,1.00,1.00
2015.09.23 05:08:46.436,1.58344,1.5836,1.00,1.00
2015.09.23 05:08:47.850,1.58344,1.58359,1.00,1.00
2015.09.23 05:08:50.430,1.58341,1.58359,1.00,1.00
2015.09.23 05:08:52.850,1.58341,1.5836,1.00,1.00
2015.09.23 05:08:53.518,1.58341,1.58359,1.00,1.00
2015.09.23 05:08:55.552,1.58341,1.5836,1.00,1.00
2015.09.23 05:08:56.669,1.58341,1.58359,1.00,1.00
2015.09.23 05:08:57.711,1.58341,1.5836,1.00,1.00
2015.09.23 05:08:59.529,1.58341,1.58359,1.00,1.00
2015.09.23 05:09:03.241,1.58342,1.58359,1.00,1.00
2015.09.23 05:09:03.293,1.58345,1.58359,1.37,1.00
2015.09.23 05:09:03.344,1.58345,1.58364,1.87,1.00
2015.09.23 05:09:03.396,1.58347,1.58366,1.37,1.00
2015.09.23 05:09:03.448,1.58347,1.58372,1.75,1.00
2015.09.23 05:09:03.500,1.58349,1.58376,1.87,1.00
2015.09.23 05:09:03.551,1.58349,1.58378,1.87,1.37
2015.09.23 05:09:03.857,1.5836,1.5838,1.00,1.37
2015.09.23 05:09:04.513,1.58363,1.5838,1.00,1.00
2015.09.23 05:09:10.297,1.58364,1.5838,1.00,1.00
2015.09.23 05:09:17.675,1.58364,1.58381,1.00,1.00
2015.09.23 05:09:18.309,1.58363,1.5838,1.00,1.00
2015.09.23 05:09:20.173,1.58361,1.5838,1.00,1.00
2015.09.23 05:09:24.928,1.58361,1.58381,1.37,1.00
2015.09.23 05:09:25.030,1.58362,1.5838,1.00,1.00
2015.09.23 05:09:25.132,1.58362,1.58381,1.12,1.00
2015.09.23 05:09:25.234,1.58373,1.58393,1.00,1.00
2015.09.23 05:09:25.286,1.5838,1.58396,1.00,1.12
2015.09.23 05:09:25.337,1.5838,1.58401,1.00,1.75
2015.09.23 05:09:25.439,1.5838,1.58406,1.50,1.37
2015.09.23 05:09:26.052,1.5838,1.58411,1.50,1.50
2015.09.23 05:09:27.132,1.58389,1.58412,1.00,1.12
2015.09.23 05:09:28.463,1.58389,1.58401,1.00,1.87
2015.09.23 05:09:28.527,1.58373,1.58401,1.12,2.62
2015.09.23 05:09:30.295,1.58375,1.58398,1.00,1.00
2015.09.23 05:09:30.754,1.58372,1.584,1.00,1.12
2015.09.23 05:09:40.957,1.58372,1.58397,1.00,1.75
2015.09.23 05:09:41.823,1.58372,1.58395,1.00,1.50
2015.09.23 05:09:41.875,1.5837,1.58395,1.00,1.50
2015.09.23 05:09:42.586,1.5837,1.58395,1.00,1.87
2015.09.23 05:09:42.637,1.58373,1.58397,1.00,1.20
2015.09.23 05:09:42.689,1.58373,1.58398,1.00,1.92
2015.09.23 05:09:43.898,1.58373,1.58398,1.00,1.00
2015.09.23 05:09:47.633,1.58373,1.58399,1.00,1.12
2015.09.23 05:09:48.131,1.58373,1.58399,1.00,1.50
2015.09.23 05:09:53.091,1.58375,1.58399,1.00,1.50
2015.09.23 05:09:57.001,1.58375,1.58397,1.00,1.00
2015.09.23 05:09:57.155,1.58372,1.58397,1.00,1.12
2015.09.23 05:09:58.284,1.58372,1.58397,1.00,1.37
2015.09.23 05:10:00.049,1.58372,1.58397,1.00,1.00
2015.09.23 05:10:00.327,1.58374,1.58397,1.00,1.00
2015.09.23 05:10:00.871,1.58373,1.58397,1.00,1.00
2015.09.23 05:10:03.952,1.5837,1.58397,1.50,1.50
2015.09.23 05:10:10.874,1.58372,1.58397,1.00,1.87
2015.09.23 05:10:14.020,1.58372,1.58397,1.00,1.87
2015.09.23 05:10:16.021,1.58372,1.58397,1.00,1.87
2015.09.23 05:10:16.500,1.58372,1.58396,1.00,1.50
2015.09.23 05:10:19.574,1.58369,1.58396,1.12,1.75
2015.09.23 05:10:20.933,1.58373,1.58396,1.00,1.87
2015.09.23 05:10:21.918,1.5837,1.58396,1.00,1.87
2015.09.23 05:10:26.515,1.5837,1.58396,1.00,1.37
2015.09.23 05:10:27.027,1.5837,1.58396,1.00,1.00
2015.09.23 05:10:27.179,1.58373,1.58396,1.00,1.00
2015.09.23 05:10:27.691,1.58373,1.58397,1.00,2.62
2015.09.23 05:10:28.887,1.58373,1.58396,1.00,1.12
2015.09.23 05:10:32.185,1.58373,1.58398,1.00,2.62
2015.09.23 05:10:32.492,1.58375,1.58399,1.37,1.00
2015.09.23 05:10:32.872,1.58378,1.58402,1.37,1.00
2015.09.23 05:10:33.828,1.58377,1.58402,1.12,1.37
2015.09.23 05:10:34.082,1.58376,1.58402,1.37,1.37
2015.09.23 05:10:34.184,1.58376,1.58399,1.00,1.37
2015.09.23 05:10:34.287,1.58376,1.58399,1.00,1.37
2015.09.23 05:10:34.847,1.58376,1.58397,1.00,1.50
2015.09.23 05:10:34.899,1.58374,1.58398,1.00,1.00
2015.09.23 05:10:35.431,1.58374,1.58398,1.00,1.37
2015.09.23 05:10:36.199,1.58374,1.58398,1.00,1.87
2015.09.23 05:10:36.302,1.58377,1.58398,1.12,1.12
2015.09.23 05:10:36.404,1.58377,1.58401,1.12,1.00
2015.09.23 05:10:36.506,1.58377,1.58403,1.12,1.00
2015.09.23 05:10:38.655,1.58377,1.58402,1.50,1.00
2015.09.23 05:10:39.421,1.58377,1.58402,1.50,1.00
2015.09.23 05:10:40.374,1.58377,1.58402,1.50,1.00
2015.09.23 05:10:40.912,1.58378,1.58403,1.37,1.00
2015.09.23 05:10:41.719,1.58378,1.58403,1.00,1.00
2015.09.23 05:10:42.240,1.58378,1.58402,1.00,1.00
2015.09.23 05:10:45.349,1.58376,1.58406,1.75,1.50
2015.09.23 05:10:45.976,1.58381,1.58406,1.00,1.50
2015.09.23 05:10:52.638,1.58381,1.58406,1.00,1.12
2015.09.23 05:10:53.044,1.58377,1.58405,1.37,1.50
2015.09.23 05:10:53.197,1.58378,1.58401,1.00,1.37
2015.09.23 05:10:53.712,1.58378,1.584,1.00,1.37
2015.09.23 05:10:53.814,1.58375,1.584,1.00,1.75
2015.09.23 05:10:54.543,1.58377,1.584,1.50,1.00
2015.09.23 05:10:55.071,1.58377,1.58401,1.50,1.00
2015.09.23 05:10:55.810,1.58377,1.58402,1.50,1.00
2015.09.23 05:10:56.318,1.58377,1.58403,1.50,1.50
2015.09.23 05:11:00.305,1.58378,1.58401,1.00,1.00
2015.09.23 05:11:00.954,1.58377,1.58397,1.37,1.12
2015.09.23 05:11:03.784,1.58377,1.58398,1.37,1.37
2015.09.23 05:11:04.140,1.58377,1.58395,1.37,1.37
2015.09.23 05:11:05.090,1.58373,1.58395,2.62,1.37
2015.09.23 05:11:06.214,1.58373,1.58395,2.62,1.37
2015.09.23 05:11:07.102,1.58373,1.58395,2.62,1.37
2015.09.23 05:11:08.095,1.58373,1.58395,2.62,1.37
2015.09.23 05:11:11.293,1.58373,1.58395,2.25,1.37
2015.09.23 05:11:15.141,1.58373,1.58395,2.25,1.37
2015.09.23 05:11:15.905,1.58375,1.58395,1.00,1.37
2015.09.23 05:11:16.297,1.58375,1.58398,1.00,1.37
2015.09.23 05:11:16.349,1.58377,1.58398,1.00,1.37
2015.09.23 05:11:16.874,1.58377,1.58396,1.37,1.00
2015.09.23 05:11:17.173,1.58375,1.58399,1.75,1.12
2015.09.23 05:11:17.338,1.58384,1.58399,1.00,1.12
2015.09.23 05:11:19.909,1.58387,1.584,1.37,1.00
2015.09.23 05:11:19.961,1.58388,1.58403,1.12,1.37
2015.09.23 05:11:20.012,1.58393,1.58402,1.12,1.00
2015.09.23 05:11:20.166,1.58394,1.58409,2.32,1.00
2015.09.23 05:11:20.546,1.58407,1.58428,1.00,1.75
2015.09.23 05:11:20.661,1.58416,1.58428,1.00,1.75
2015.09.23 05:11:21.000,1.58417,1.5843,1.00,1.75
2015.09.23 05:11:21.542,1.58418,1.58433,1.00,2.25
2015.09.23 05:11:22.532,1.58419,1.58434,1.00,1.12
2015.09.23 05:11:22.635,1.58425,1.58434,1.00,1.00
2015.09.23 05:11:22.686,1.58425,1.58437,1.00,1.37
2015.09.23 05:11:22.738,1.58423,1.58443,1.00,1.12
2015.09.23 05:11:23.112,1.58435,1.58449,1.00,1.95
2015.09.23 05:11:23.163,1.58435,1.58449,1.00,1.50
2015.09.23 05:11:23.418,1.58435,1.58449,1.00,1.75
2015.09.23 05:11:23.722,1.58432,1.58449,1.00,1.75
2015.09.23 05:11:24.717,1.58431,1.58449,1.00,1.75
2015.09.23 05:11:25.298,1.5843,1.58449,1.00,3.37
2015.09.23 05:11:27.129,1.5843,1.58448,1.00,1.87
2015.09.23 05:11:27.232,1.58433,1.58448,1.00,1.50
2015.09.23 05:11:27.740,1.58434,1.58448,1.00,1.50
2015.09.23 05:11:28.122,1.58436,1.58448,1.00,1.50
2015.09.23 05:11:28.182,1.58434,1.58448,1.00,1.50
2015.09.23 05:11:28.896,1.58432,1.58452,1.00,3.00
2015.09.23 05:11:28.998,1.58436,1.58452,1.00,3.00
2015.09.23 05:11:30.227,1.58436,1.58452,1.00,2.25
2015.09.23 05:11:32.421,1.58439,1.58452,1.00,2.25
2015.09.23 05:11:39.173,1.58439,1.58452,1.00,1.00
2015.09.23 05:11:39.641,1.58439,1.58456,1.00,1.37
2015.09.23 05:11:40.257,1.58439,1.58456,1.00,1.12
2015.09.23 05:11:42.260,1.58442,1.58456,1.00,1.12
2015.09.23 05:11:44.452,1.58439,1.5846,1.00,1.37
2015.09.23 05:11:44.605,1.58444,1.58463,1.00,1.12
2015.09.23 05:11:44.657,1.58444,1.58463,1.00,1.00
2015.09.23 05:11:44.811,1.58444,1.58464,1.00,1.75
2015.09.23 05:11:44.964,1.5844,1.58464,1.00,1.12
2015.09.23 05:11:45.066,1.58443,1.58464,1.00,1.12
2015.09.23 05:11:45.861,1.58441,1.58464,1.00,1.12
2015.09.23 05:11:46.597,1.58438,1.58463,1.50,1.00
2015.09.23 05:11:46.750,1.58438,1.58471,3.00,2.02
2015.09.23 05:11:46.801,1.5844,1.58473,1.37,1.12
2015.09.23 05:11:46.852,1.58452,1.5847,1.00,1.00
2015.09.23 05:11:47.157,1.58455,1.58476,1.00,1.12
2015.09.23 05:11:47.545,1.58453,1.58476,1.00,1.12
2015.09.23 05:11:49.914,1.58453,1.58475,1.00,1.00
2015.09.23 05:11:50.320,1.58455,1.58475,1.00,1.00
2015.09.23 05:11:51.107,1.58453,1.58476,1.00,1.50
2015.09.23 05:11:53.347,1.58453,1.58475,1.00,1.50
2015.09.23 05:11:54.802,1.58453,1.58475,1.00,2.25
2015.09.23 05:11:56.757,1.58453,1.58475,1.00,1.87
2015.09.23 05:11:57.330,1.58453,1.58477,2.25,1.12
2015.09.23 05:11:57.433,1.58461,1.58484,1.00,1.27
2015.09.23 05:11:57.535,1.5846,1.58489,1.75,2.25
2015.09.23 05:11:57.587,1.58463,1.5849,1.00,1.50
2015.09.23 05:11:57.690,1.58463,1.58495,1.00,1.17
2015.09.23 05:11:58.157,1.58478,1.58495,1.00,1.00
2015.09.23 05:11:58.692,1.58478,1.58496,1.00,1.87
2015.09.23 05:11:59.002,1.58477,1.58494,1.00,1.87
2015.09.23 05:11:59.357,1.58477,1.58494,1.00,1.87
2015.09.23 05:12:00.087,1.58477,1.58494,1.00,1.37
2015.09.23 05:12:00.635,1.58478,1.58498,1.00,1.75
2015.09.23 05:12:00.687,1.58478,1.58498,1.00,1.75
2015.09.23 05:12:01.747,1.58471,1.58497,1.00,1.75
2015.09.23 05:12:01.798,1.58471,1.58496,1.00,1.00
2015.09.23 05:12:01.900,1.58471,1.58489,1.00,1.00
2015.09.23 05:12:02.103,1.58462,1.58487,1.00,1.37
2015.09.23 05:12:02.205,1.58462,1.58479,1.00,1.00
2015.09.23 05:12:02.663,1.58451,1.5848,3.22,1.00
2015.09.23 05:12:02.714,1.58451,1.58484,3.97,1.00
2015.09.23 05:12:03.067,1.58451,1.58476,1.50,1.00
2015.09.23 05:12:03.379,1.58453,1.58476,1.00,1.00
2015.09.23 05:12:03.684,1.58457,1.58476,1.00,1.00
2015.09.23 05:12:04.089,1.58455,1.58476,1.00,1.00
2015.09.23 05:12:04.814,1.58454,1.58475,1.00,1.00
2015.09.23 05:12:05.335,1.58453,1.58475,1.00,1.00
2015.09.23 05:12:06.611,1.58453,1.58474,1.00,1.00
2015.09.23 05:12:07.397,1.58451,1.58475,1.00,1.37
2015.09.23 05:12:07.907,1.58451,1.58475,1.12,1.00
2015.09.23 05:12:09.108,1.58451,1.58474,1.12,1.00
2015.09.23 05:12:10.501,1.58453,1.58474,1.00,1.00
2015.09.23 05:12:14.528,1.58453,1.58475,1.37,1.00
2015.09.23 05:12:14.732,1.58453,1.58474,1.00,1.50
2015.09.23 05:12:14.885,1.58451,1.58474,1.12,1.00
2015.09.23 05:12:18.184,1.58452,1.58474,1.00,1.00
2015.09.23 05:12:18.976,1.58451,1.58474,1.12,1.00
2015.09.23 05:12:19.758,1.58451,1.58472,1.12,1.00
2015.09.23 05:12:22.168,1.58448,1.58469,1.00,1.00
2015.09.23 05:12:22.810,1.58446,1.58469,1.00,1.12
2015.09.23 05:12:22.861,1.58446,1.58469,1.00,1.37
2015.09.23 05:12:23.390,1.58447,1.58469,1.00,1.37
2015.09.23 05:12:23.912,1.58446,1.58468,1.00,1.37
2015.09.23 05:12:24.419,1.58447,1.58468,1.00,1.37
2015.09.23 05:12:28.260,1.58447,1.58468,1.00,1.12
2015.09.23 05:12:30.225,1.58437,1.5845,1.37,1.00
2015.09.23 05:12:30.277,1.58432,1.5845,1.47,1.00
2015.09.23 05:12:30.379,1.58434,1.5846,1.12,1.00
2015.09.23 05:12:30.430,1.58437,1.58465,1.12,1.00
2015.09.23 05:12:30.585,1.58448,1.58466,1.00,1.00
2015.09.23 05:12:31.302,1.58448,1.58466,1.00,1.37
2015.09.23 05:12:31.353,1.5844,1.58462,1.37,1.00
2015.09.23 05:12:31.404,1.5844,1.5846,1.37,1.00
2015.09.23 05:12:31.456,1.5844,1.5846,1.00,1.00
2015.09.23 05:12:31.507,1.5844,1.58457,1.00,1.37
2015.09.23 05:12:32.077,1.58433,1.58452,1.12,1.37
2015.09.23 05:12:34.700,1.5844,1.58459,1.00,1.50
2015.09.23 05:12:34.802,1.5844,1.58465,1.12,1.00
2015.09.23 05:12:34.904,1.58438,1.58461,1.37,1.00
2015.09.23 05:12:34.955,1.58438,1.58461,1.00,1.00
2015.09.23 05:12:35.475,1.58437,1.58461,1.12,1.00
2015.09.23 05:12:36.973,1.58436,1.58461,1.12,1.00
2015.09.23 05:12:40.199,1.58436,1.58459,1.12,1.00
2015.09.23 05:12:41.296,1.58435,1.58453,1.00,1.00
2015.09.23 05:12:41.602,1.58431,1.58448,1.00,1.00
2015.09.23 05:12:42.453,1.58431,1.58448,1.00,1.37
2015.09.23 05:12:42.760,1.58431,1.58448,1.00,1.37
2015.09.23 05:12:43.296,1.58435,1.58452,1.00,1.37
2015.09.23 05:12:43.806,1.58435,1.58452,1.00,1.37
2015.09.23 05:12:45.210,1.58433,1.58452,1.00,1.37
2015.09.23 05:12:47.628,1.58433,1.58452,1.00,1.37
2015.09.23 05:12:52.823,1.58435,1.58452,1.00,1.37
2015.09.23 05:12:54.437,1.58435,1.58453,1.00,1.37
2015.09.23 05:12:54.540,1.58435,1.58456,1.00,1.00
2015.09.23 05:12:54.693,1.5844,1.58455,1.00,1.00
2015.09.23 05:12:54.846,1.58441,1.58457,1.00,1.00
2015.09.23 05:12:54.898,1.58445,1.58457,1.00,1.00
2015.09.23 05:12:55.051,1.58445,1.58459,1.00,1.00
2015.09.23 05:12:55.154,1.5844,1.58457,1.00,1.00
2015.09.23 05:12:55.205,1.5844,1.58451,1.00,1.00
2015.09.23 05:12:55.610,1.58438,1.58452,1.00,1.00
2015.09.23 05:12:58.464,1.58438,1.58452,1.00,1.37
2015.09.23 05:12:58.852,1.58436,1.58452,1.00,1.37
2015.09.23 05:12:59.223,1.58436,1.58452,1.00,1.37
2015.09.23 05:13:01.978,1.58435,1.58452,1.00,1.37
2015.09.23 05:13:02.082,1.58433,1.58456,1.00,1.75
2015.09.23 05:13:05.356,1.58433,1.5845,1.00,1.37
2015.09.23 05:13:05.701,1.58431,1.5845,1.00,1.37
2015.09.23 05:13:08.026,1.5843,1.58449,1.00,1.37
2015.09.23 05:13:08.128,1.58428,1.58446,1.00,1.75
2015.09.23 05:13:08.231,1.58424,1.58446,1.00,2.25
2015.09.23 05:13:08.675,1.58416,1.58436,1.37,1.37
2015.09.23 05:13:08.789,1.58416,1.58436,1.00,1.37
2015.09.23 05:13:08.892,1.58419,1.58436,1.00,1.37
2015.09.23 05:13:09.871,1.58419,1.58436,1.00,1.37
2015.09.23 05:13:17.669,1.58417,1.58435,1.00,1.37
2015.09.23 05:13:18.292,1.58417,1.58435,1.00,1.37
2015.09.23 05:13:18.774,1.58417,1.58432,1.00,1.37
2015.09.23 05:13:19.777,1.58415,1.5843,1.00,1.37
2015.09.23 05:13:19.885,1.58411,1.5843,1.00,2.62
2015.09.23 05:13:19.989,1.58405,1.58426,1.00,1.12
2015.09.23 05:13:20.091,1.58406,1.58423,1.00,1.00
2015.09.23 05:13:20.601,1.58406,1.58422,1.00,1.00
2015.09.23 05:13:21.236,1.58404,1.58422,1.00,1.00
2015.09.23 05:13:21.440,1.58403,1.58426,1.12,1.37
2015.09.23 05:13:22.074,1.58405,1.58427,1.00,1.87
2015.09.23 05:13:23.079,1.58407,1.58427,1.00,1.37
2015.09.23 05:13:24.860,1.58407,1.58427,1.00,1.37
2015.09.23 05:13:25.400,1.58406,1.58426,1.00,1.37
2015.09.23 05:13:25.741,1.58406,1.58426,1.00,1.50
2015.09.23 05:13:28.133,1.58404,1.58424,1.00,1.37
2015.09.23 05:13:30.109,1.58404,1.58426,1.00,2.25
2015.09.23 05:13:31.538,1.58404,1.58426,1.00,1.87
2015.09.23 05:13:33.949,1.58406,1.58426,1.00,1.37
2015.09.23 05:13:40.580,1.58405,1.58428,1.00,1.37
2015.09.23 05:13:41.702,1.58405,1.58428,1.00,1.37
2015.09.23 05:13:44.306,1.58405,1.58427,1.00,1.12
2015.09.23 05:13:44.892,1.58406,1.58427,1.00,1.12
2015.09.23 05:13:45.405,1.58406,1.58426,1.00,1.00
2015.09.23 05:13:47.671,1.58408,1.58427,1.00,1.12
2015.09.23 05:13:47.750,1.58405,1.58429,1.00,1.00
2015.09.23 05:13:47.801,1.58409,1.5843,1.00,1.50
2015.09.23 05:13:48.308,1.58409,1.58431,1.00,1.00
2015.09.23 05:13:49.198,1.58409,1.58432,1.50,1.00
2015.09.23 05:13:49.505,1.58415,1.58438,1.37,1.00
2015.09.23 05:13:50.682,1.58415,1.58438,1.12,1.00
2015.09.23 05:13:53.032,1.58416,1.58438,1.00,1.50
2015.09.23 05:14:03.895,1.58416,1.58439,1.00,1.50
2015.09.23 05:14:06.852,1.58418,1.58439,1.00,1.00
2015.09.23 05:14:07.378,1.58418,1.5844,1.00,1.00
2015.09.23 05:14:15.543,1.58417,1.5844,1.00,1.00
2015.09.23 05:14:20.359,1.58417,1.58439,1.00,1.00
2015.09.23 05:14:21.238,1.58418,1.58439,1.00,1.00
2015.09.23 05:14:22.364,1.58418,1.5844,1.00,1.00
2015.09.23 05:14:29.004,1.58418,1.58439,1.00,1.00
2015.09.23 05:14:36.214,1.58418,1.58442,1.00,1.00
2015.09.23 05:14:40.495,1.58418,1.58441,1.00,1.00
2015.09.23 05:14:40.597,1.58422,1.58441,1.00,1.00
2015.09.23 05:14:45.717,1.58422,1.58442,1.00,1.00
2015.09.23 05:14:46.168,1.58422,1.5844,1.00,1.00
2015.09.23 05:14:46.221,1.58417,1.5844,1.12,1.00
2015.09.23 05:14:50.276,1.58417,1.58438,1.12,1.00
2015.09.23 05:14:50.530,1.58416,1.58442,1.75,1.50
2015.09.23 05:14:51.129,1.58416,1.58441,1.75,1.00
2015.09.23 05:14:51.821,1.58416,1.58441,1.37,1.00
2015.09.23 05:14:52.939,1.58416,1.58438,1.37,1.00
2015.09.23 05:14:55.813,1.58416,1.58441,1.37,1.50
2015.09.23 05:14:56.364,1.58416,1.58441,1.12,1.50
2015.09.23 05:14:57.872,1.58416,1.58438,1.12,1.00
2015.09.23 05:15:03.228,1.58416,1.5844,1.12,1.00
2015.09.23 05:15:05.816,1.58416,1.58442,1.12,1.00
2015.09.23 05:15:07.658,1.58416,1.58443,1.12,1.50
2015.09.23 05:15:09.877,1.58416,1.5844,1.12,1.00
2015.09.23 05:15:10.401,1.58417,1.5844,1.00,1.00
2015.09.23 05:15:11.294,1.58415,1.5844,1.50,1.00
2015.09.23 05:15:19.403,1.58415,1.58441,1.37,1.00
2015.09.23 05:15:22.289,1.58414,1.58438,1.75,1.00
2015.09.23 05:15:23.102,1.58406,1.58429,1.65,1.00
2015.09.23 05:15:23.164,1.58403,1.58427,1.00,1.00
2015.09.23 05:15:23.317,1.58404,1.58429,1.00,1.00
2015.09.23 05:15:23.419,1.58402,1.58433,1.00,1.50
2015.09.23 05:15:23.471,1.58405,1.58433,1.00,1.50
2015.09.23 05:15:23.776,1.58413,1.58432,1.00,1.00
2015.09.23 05:15:24.210,1.58406,1.58428,1.00,1.00
2015.09.23 05:15:24.616,1.58408,1.58428,1.00,1.00
2015.09.23 05:15:25.315,1.58408,1.58428,1.80,1.00
2015.09.23 05:15:25.708,1.58413,1.58434,1.35,1.00
2015.09.23 05:15:25.759,1.58415,1.58437,1.75,1.00
2015.09.23 05:15:25.862,1.58413,1.58437,1.37,1.00
2015.09.23 05:15:26.371,1.58414,1.58435,1.37,1.00
2015.09.23 05:15:26.473,1.58409,1.58434,1.85,1.00
2015.09.23 05:15:26.583,1.58412,1.58437,1.12,1.00
2015.09.23 05:15:26.787,1.58411,1.58437,1.00,1.37
2015.09.23 05:15:27.165,1.58414,1.58437,1.00,1.12
2015.09.23 05:15:29.185,1.58414,1.58433,1.00,1.00
2015.09.23 05:15:29.736,1.58414,1.58437,1.00,1.87
2015.09.23 05:15:36.746,1.58411,1.58436,1.75,1.75
2015.09.23 05:15:40.236,1.58411,1.58437,1.37,2.62
2015.09.23 05:15:41.137,1.58411,1.58437,1.75,2.62
2015.09.23 05:15:42.139,1.5841,1.58437,1.75,2.62
2015.09.23 05:15:46.567,1.58411,1.58437,1.75,1.37
2015.09.23 05:15:47.758,1.58411,1.58438,1.75,2.25
2015.09.23 05:15:48.171,1.58415,1.58438,1.37,1.50
2015.09.23 05:15:48.272,1.58415,1.58442,1.75,1.00
2015.09.23 05:15:48.375,1.58412,1.58439,1.27,1.00
2015.09.23 05:15:48.579,1.58412,1.58437,1.12,1.00
2015.09.23 05:15:49.206,1.58412,1.58437,1.37,1.00
2015.09.23 05:15:49.721,1.58412,1.58437,1.00,1.00
2015.09.23 05:15:50.990,1.58412,1.58436,1.00,1.00
2015.09.23 05:15:51.596,1.58411,1.58436,1.12,1.00
2015.09.23 05:15:51.698,1.58411,1.58436,1.12,1.00
2015.09.23 05:15:52.442,1.58414,1.58438,1.37,1.00
2015.09.23 05:15:54.896,1.58414,1.58438,1.75,1.00
2015.09.23 05:15:55.567,1.58414,1.58438,1.50,1.00
2015.09.23 05:15:57.082,1.58414,1.58439,1.50,1.00
2015.09.23 05:15:57.740,1.58414,1.58439,1.75,1.00
2015.09.23 05:15:57.842,1.58415,1.58439,1.00,1.00
2015.09.23 05:16:00.179,1.58414,1.58439,1.75,1.00
2015.09.23 05:16:01.321,1.58414,1.58439,1.50,1.00
2015.09.23 05:16:05.515,1.58414,1.58439,1.75,1.00
2015.09.23 05:16:06.773,1.58414,1.58438,1.37,1.00
2015.09.23 05:16:06.824,1.58414,1.58438,1.00,1.00
2015.09.23 05:16:06.977,1.58409,1.58436,1.50,1.00
2015.09.23 05:16:07.029,1.58409,1.58436,1.12,1.00
2015.09.23 05:16:07.744,1.58408,1.5843,1.00,1.00
2015.09.23 05:16:07.847,1.58406,1.5843,1.00,1.00
2015.09.23 05:16:12.368,1.58402,1.58429,2.32,1.00
2015.09.23 05:16:12.419,1.58402,1.58426,1.57,1.00
2015.09.23 05:16:12.725,1.58402,1.58424,1.12,1.50
2015.09.23 05:16:12.835,1.58402,1.58424,1.12,1.50
2015.09.23 05:16:13.837,1.58399,1.58424,1.12,1.00
2015.09.23 05:16:14.825,1.58399,1.58424,1.37,1.00
2015.09.23 05:16:16.802,1.58399,1.58424,1.12,2.25
2015.09.23 05:16:16.904,1.58399,1.58416,1.00,1.00
2015.09.23 05:16:16.955,1.58393,1.58416,1.75,1.00
2015.09.23 05:16:17.007,1.58389,1.58411,1.12,1.00
2015.09.23 05:16:17.058,1.58387,1.58411,1.12,1.00
2015.09.23 05:16:17.212,1.58385,1.58408,1.12,1.00
2015.09.23 05:16:17.416,1.58385,1.58412,1.37,1.00
2015.09.23 05:16:20.083,1.58382,1.58409,1.92,1.00
2015.09.23 05:16:20.876,1.58382,1.58409,1.50,1.50
2015.09.23 05:16:21.244,1.58382,1.58408,1.50,1.12
2015.09.23 05:16:22.239,1.58382,1.58408,1.50,1.12
2015.09.23 05:16:23.378,1.58383,1.58407,1.12,1.00
2015.09.23 05:16:23.429,1.58383,1.58407,1.37,1.00
2015.09.23 05:16:24.426,1.58383,1.58407,1.12,1.00
2015.09.23 05:16:28.440,1.58383,1.58407,1.37,1.00
2015.09.23 05:16:29.458,1.58383,1.58407,1.12,1.00
2015.09.23 05:16:31.548,1.58383,1.58407,1.37,1.00
2015.09.23 05:16:32.043,1.58378,1.58402,1.20,1.37
2015.09.23 05:16:32.399,1.58381,1.58405,1.00,1.37
2015.09.23 05:16:32.603,1.58375,1.58405,1.12,1.00
2015.09.23 05:16:32.705,1.58375,1.58402,1.12,1.00
2015.09.23 05:16:33.186,1.58375,1.58401,1.12,1.00
2015.09.23 05:16:34.682,1.58379,1.58399,1.00,1.00
2015.09.23 05:16:39.693,1.58378,1.58399,1.00,1.00
2015.09.23 05:16:41.639,1.58376,1.58399,1.87,1.00
2015.09.23 05:16:43.141,1.58378,1.58399,1.00,1.00
2015.09.23 05:16:45.180,1.58377,1.58399,1.00,1.00
2015.09.23 05:16:45.801,1.58376,1.58399,1.87,1.00
2015.09.23 05:16:47.162,1.58376,1.58399,1.87,1.00
2015.09.23 05:16:47.269,1.58376,1.58399,1.87,1.00
2015.09.23 05:16:48.264,1.58376,1.58399,1.37,1.00
2015.09.23 05:16:49.723,1.58376,1.58399,1.12,1.00
2015.09.23 05:16:50.125,1.58376,1.58399,1.75,1.00
2015.09.23 05:16:50.532,1.58376,1.58402,1.75,1.50
2015.09.23 05:16:52.644,1.58376,1.584,1.12,1.00
2015.09.23 05:16:53.267,1.58375,1.584,1.12,1.00
2015.09.23 05:16:55.246,1.58375,1.58399,1.12,1.00
2015.09.23 05:16:56.549,1.58375,1.584,1.12,1.00
2015.09.23 05:16:57.260,1.58375,1.584,1.12,1.50
2015.09.23 05:17:01.266,1.58375,1.584,1.87,1.50
2015.09.23 05:17:02.291,1.58375,1.584,1.87,1.00
2015.09.23 05:17:06.929,1.58375,1.58398,1.37,1.00
2015.09.23 05:17:08.361,1.58375,1.58398,1.12,1.00
2015.09.23 05:17:08.910,1.58375,1.58398,1.37,1.00
2015.09.23 05:17:09.429,1.58375,1.58398,1.12,1.00
2015.09.23 05:17:10.013,1.58375,1.58398,1.00,1.37
2015.09.23 05:17:10.417,1.58375,1.58398,1.37,1.12
2015.09.23 05:17:11.441,1.58375,1.58398,1.37,1.12
2015.09.23 05:17:11.972,1.58374,1.58398,1.75,1.37
2015.09.23 05:17:13.345,1.58375,1.58398,1.37,1.00
2015.09.23 05:17:16.467,1.58375,1.58398,1.00,1.00
2015.09.23 05:17:19.023,1.58369,1.58397,2.25,1.00
2015.09.23 05:17:19.593,1.58373,1.58397,1.50,1.00
2015.09.23 05:17:20.395,1.58373,1.58398,1.50,1.75
2015.09.23 05:17:20.898,1.58373,1.58398,1.50,1.75
2015.09.23 05:17:21.558,1.58373,1.58398,1.50,1.75
2015.09.23 05:17:22.397,1.58373,1.58398,1.50,1.75
2015.09.23 05:17:22.808,1.58373,1.5839,1.37,1.37
2015.09.23 05:17:23.625,1.58358,1.5838,1.37,1.87
2015.09.23 05:17:24.044,1.58358,1.5838,1.00,1.87
2015.09.23 05:17:24.986,1.58358,1.5838,1.12,1.50
2015.09.23 05:17:25.038,1.58361,1.58378,1.00,1.00
2015.09.23 05:17:25.491,1.5837,1.58388,1.00,1.00
2015.09.23 05:17:25.999,1.5837,1.58389,1.00,1.00
2015.09.23 05:17:27.577,1.58373,1.58389,1.00,1.00
2015.09.23 05:17:29.253,1.58373,1.58394,1.00,1.37
2015.09.23 05:17:29.305,1.58371,1.58394,1.00,1.37
2015.09.23 05:17:29.780,1.58371,1.58394,1.00,1.75
2015.09.23 05:17:29.882,1.58369,1.58388,1.00,1.37
2015.09.23 05:17:30.035,1.58366,1.58391,1.37,1.50
2015.09.23 05:17:30.087,1.58365,1.58391,1.12,2.25
2015.09.23 05:17:30.815,1.58361,1.58388,1.00,1.37
2015.09.23 05:17:30.867,1.58361,1.58388,1.00,1.12
2015.09.23 05:17:31.434,1.58362,1.58386,1.00,1.75
2015.09.23 05:17:31.984,1.58361,1.58388,1.00,1.12
2015.09.23 05:17:33.593,1.58361,1.58388,1.00,1.12
2015.09.23 05:17:37.899,1.58361,1.58388,1.00,1.12
2015.09.23 05:17:38.422,1.58361,1.58383,1.00,1.12
2015.09.23 05:17:39.977,1.58361,1.58385,1.37,1.37
2015.09.23 05:17:40.856,1.5836,1.58385,3.00,1.37
2015.09.23 05:17:41.916,1.58368,1.58391,2.25,1.00
2015.09.23 05:17:41.968,1.5837,1.58393,1.75,1.00
2015.09.23 05:17:42.070,1.58374,1.58398,1.87,1.20
2015.09.23 05:17:42.172,1.58379,1.58398,1.00,1.00
2015.09.23 05:17:42.993,1.58379,1.58401,1.00,1.12
2015.09.23 05:17:43.146,1.58379,1.58401,1.37,1.12
2015.09.23 05:17:43.738,1.58379,1.58404,1.37,1.75
2015.09.23 05:17:44.454,1.58379,1.58404,1.37,1.75
2015.09.23 05:17:46.456,1.58379,1.584,1.37,1.37
2015.09.23 05:17:47.483,1.58379,1.58404,1.37,1.87
2015.09.23 05:17:48.651,1.58379,1.58399,1.12,1.00
2015.09.23 05:17:50.086,1.58379,1.58398,1.00,1.00
2015.09.23 05:17:50.884,1.58379,1.58399,1.37,1.00
2015.09.23 05:17:51.476,1.58379,1.58399,1.12,1.00
2015.09.23 05:17:52.414,1.58379,1.58399,1.12,1.37
2015.09.23 05:18:00.278,1.58379,1.58398,1.37,1.12
2015.09.23 05:18:01.858,1.58379,1.584,1.37,1.37
2015.09.23 05:18:02.400,1.58379,1.584,1.12,1.37
2015.09.23 05:18:03.283,1.58379,1.584,1.37,1.37
2015.09.23 05:18:03.895,1.58379,1.584,1.37,1.12
2015.09.23 05:18:04.400,1.58379,1.584,1.37,1.37
2015.09.23 05:18:05.272,1.58379,1.584,1.12,1.37
2015.09.23 05:18:08.485,1.58379,1.584,1.37,1.00
2015.09.23 05:18:08.793,1.58389,1.58404,1.00,1.00
2015.09.23 05:18:08.896,1.58389,1.58408,1.00,1.00
2015.09.23 05:18:08.999,1.58389,1.58409,1.37,1.00
2015.09.23 05:18:09.101,1.58389,1.58411,1.50,1.12
2015.09.23 05:18:09.304,1.58391,1.58415,1.37,1.00
2015.09.23 05:18:10.069,1.58397,1.58419,1.00,1.00
2015.09.23 05:18:11.747,1.58401,1.58419,1.00,1.00
2015.09.23 05:18:19.637,1.58404,1.58422,1.00,1.00
2015.09.23 05:18:19.942,1.58405,1.58429,1.00,1.00
2015.09.23 05:18:20.146,1.58405,1.58432,1.50,1.00
2015.09.23 05:18:21.038,1.5841,1.58433,1.00,1.37
2015.09.23 05:18:23.458,1.58409,1.58433,1.00,1.37
2015.09.23 05:18:23.764,1.58413,1.58421,1.00,1.00
2015.09.23 05:18:23.866,1.58413,1.58423,1.00,1.00
2015.09.23 05:18:23.968,1.58405,1.58423,1.00,1.00
2015.09.23 05:18:24.071,1.58405,1.58421,1.00,1.00
2015.09.23 05:18:24.612,1.58405,1.58419,1.00,1.00
2015.09.23 05:18:25.367,1.58402,1.58419,1.50,1.00
2015.09.23 05:18:29.067,1.58393,1.58404,1.00,1.00
2015.09.23 05:18:29.169,1.58393,1.58415,1.00,1.37
2015.09.23 05:18:29.271,1.58393,1.5842,1.00,1.57
2015.09.23 05:18:29.322,1.58393,1.5842,1.00,1.12
2015.09.23 05:18:29.574,1.58395,1.58419,1.00,1.00
2015.09.23 05:18:30.084,1.58395,1.5842,1.00,1.12
2015.09.23 05:18:30.655,1.58402,1.5842,1.00,1.12
2015.09.23 05:18:30.708,1.58402,1.58424,1.00,1.00
2015.09.23 05:18:31.253,1.58402,1.58423,1.00,1.00
2015.09.23 05:18:32.843,1.58398,1.58423,2.25,1.00
2015.09.23 05:18:32.895,1.58396,1.58407,1.00,1.00
2015.09.23 05:18:33.408,1.58395,1.58408,1.00,1.00
2015.09.23 05:18:34.139,1.58395,1.58407,1.00,1.00
2015.09.23 05:18:37.787,1.58395,1.58408,1.00,1.00
2015.09.23 05:18:37.889,1.58395,1.5841,1.00,1.00
2015.09.23 05:18:42.905,1.58395,1.58411,1.00,1.00
2015.09.23 05:18:45.220,1.58395,1.58408,1.00,1.00
2015.09.23 05:18:45.728,1.58395,1.58407,1.00,1.00
2015.09.23 05:18:46.622,1.58391,1.58403,1.00,1.00
2015.09.23 05:18:47.139,1.58391,1.58402,1.00,1.00
2015.09.23 05:18:53.991,1.58391,1.58403,1.00,1.00
2015.09.23 05:18:57.299,1.58391,1.58405,1.00,1.00
2015.09.23 05:18:58.760,1.58391,1.58405,1.00,1.07
2015.09.23 05:18:59.108,1.58391,1.584,1.00,1.00
2015.09.23 05:18:59.312,1.58391,1.58402,1.00,1.00
2015.09.23 05:18:59.820,1.58391,1.58401,1.00,1.00
2015.09.23 05:18:59.923,1.58391,1.58399,1.00,1.00
2015.09.23 05:19:00.475,1.58391,1.584,1.00,1.00
2015.09.23 05:19:01.617,1.58384,1.584,1.75,1.00
2015.09.23 05:19:03.673,1.58384,1.584,1.12,1.00
2015.09.23 05:19:03.926,1.58384,1.58398,1.00,1.00
2015.09.23 05:19:04.542,1.58384,1.58397,1.00,1.00
2015.09.23 05:19:06.639,1.58384,1.584,1.00,1.50
2015.09.23 05:19:08.850,1.58383,1.584,1.00,1.50
2015.09.23 05:19:10.467,1.58383,1.58398,1.00,1.00
2015.09.23 05:19:11.404,1.58383,1.584,1.00,1.00
2015.09.23 05:19:11.733,1.58379,1.584,1.50,1.00
2015.09.23 05:19:11.937,1.58379,1.58398,1.00,1.00
2015.09.23 05:19:12.294,1.58375,1.58397,1.37,1.00
2015.09.23 05:19:12.447,1.58373,1.58402,2.62,1.12
2015.09.23 05:19:12.499,1.58373,1.58403,2.62,1.57
2015.09.23 05:19:12.601,1.58376,1.58403,1.12,1.50
2015.09.23 05:19:13.265,1.58376,1.58398,1.12,1.00
2015.09.23 05:19:13.470,1.58376,1.584,1.00,1.00
2015.09.23 05:19:13.676,1.58376,1.58402,1.87,1.00
2015.09.23 05:19:13.778,1.58376,1.58408,2.62,1.95
2015.09.23 05:19:13.830,1.58386,1.58408,1.00,1.37
2015.09.23 05:19:14.135,1.58384,1.58409,1.00,1.37
2015.09.23 05:19:14.590,1.58386,1.58409,1.00,1.12
2015.09.23 05:19:15.257,1.58383,1.58407,1.00,1.37
2015.09.23 05:19:16.715,1.58383,1.58407,1.00,2.25
2015.09.23 05:19:17.402,1.58382,1.58407,1.00,2.25
2015.09.23 05:19:17.915,1.58382,1.58407,1.00,2.25
2015.09.23 05:19:18.436,1.58383,1.58407,1.00,2.25
2015.09.23 05:19:19.653,1.58381,1.58406,1.00,1.00
2015.09.23 05:19:24.287,1.58383,1.58407,1.00,2.25
2015.09.23 05:19:30.844,1.58385,1.58407,1.00,1.87
2015.09.23 05:19:31.418,1.58384,1.58407,1.00,1.37
2015.09.23 05:19:37.554,1.58383,1.58409,1.00,1.75
2015.09.23 05:19:38.067,1.58384,1.58409,1.00,1.75
2015.09.23 05:19:39.768,1.58384,1.58409,1.00,1.00
2015.09.23 05:19:40.728,1.58387,1.5841,1.00,2.55
2015.09.23 05:19:43.753,1.58386,1.5841,1.00,1.95
2015.09.23 05:19:44.412,1.58383,1.5841,1.00,1.57
2015.09.23 05:19:44.615,1.58385,1.5841,1.00,1.57
2015.09.23 05:19:45.367,1.58385,1.58409,1.00,1.12
2015.09.23 05:19:45.805,1.58383,1.58408,1.12,1.12
2015.09.23 05:19:59.809,1.58383,1.58408,1.00,1.00
2015.09.23 05:20:00.884,1.58382,1.58408,1.00,1.87
2015.09.23 05:20:01.761,1.58384,1.58408,1.00,1.87
2015.09.23 05:20:02.067,1.58384,1.58408,1.00,1.87
2015.09.23 05:20:05.204,1.58382,1.58408,1.00,1.87
2015.09.23 05:20:07.560,1.58382,1.58408,1.00,1.87
2015.09.23 05:20:09.869,1.58382,1.58408,1.00,1.50
2015.09.23 05:20:10.414,1.58383,1.58408,1.00,1.65
2015.09.23 05:20:11.125,1.58385,1.5841,1.00,1.57
2015.09.23 05:20:11.430,1.58389,1.58414,1.12,2.25
2015.09.23 05:20:11.583,1.58386,1.58415,1.37,1.65
2015.09.23 05:20:11.687,1.58393,1.58418,1.00,3.37
2015.09.23 05:20:12.750,1.58396,1.58418,1.00,2.32
2015.09.23 05:20:12.802,1.58393,1.58414,1.00,1.00
2015.09.23 05:20:12.853,1.58393,1.58415,1.00,1.12
2015.09.23 05:20:13.223,1.58392,1.58412,1.00,1.37
2015.09.23 05:20:13.733,1.58391,1.58412,1.00,1.37
2015.09.23 05:20:14.433,1.5839,1.58412,1.00,1.37
2015.09.23 05:20:16.306,1.58392,1.58413,1.00,1.87
2015.09.23 05:20:16.631,1.58389,1.58413,1.00,1.87
2015.09.23 05:20:17.108,1.58391,1.58416,1.37,2.62
2015.09.23 05:20:17.366,1.58398,1.58426,1.37,1.12
2015.09.23 05:20:17.417,1.58403,1.58427,1.00,1.87
2015.09.23 05:20:17.949,1.58403,1.58427,1.00,1.00
2015.09.23 05:20:18.293,1.58414,1.58429,1.00,1.12
2015.09.23 05:20:18.395,1.58407,1.58429,1.00,1.12
2015.09.23 05:20:18.599,1.58418,1.58429,1.00,1.00
2015.09.23 05:20:18.965,1.58418,1.58434,1.00,1.50
2015.09.23 05:20:20.619,1.5841,1.58436,1.50,1.37
2015.09.23 05:20:20.671,1.58415,1.58435,1.37,1.00
2015.09.23 05:20:20.722,1.58415,1.5844,1.87,1.00
2015.09.23 05:20:20.773,1.58417,1.58444,1.87,1.20
2015.09.23 05:20:21.027,1.58417,1.58443,1.87,1.00
2015.09.23 05:20:21.534,1.58416,1.58443,1.50,1.12
2015.09.23 05:20:21.686,1.58416,1.58445,1.37,1.87
2015.09.23 05:20:22.297,1.5842,1.58442,1.00,1.12
2015.09.23 05:20:28.306,1.58417,1.58442,1.50,1.12
2015.09.23 05:20:28.660,1.58419,1.58442,1.00,2.25
2015.09.23 05:20:28.817,1.58416,1.58439,1.00,1.37
2015.09.23 05:20:30.364,1.58411,1.58435,1.50,1.00
2015.09.23 05:20:30.618,1.58408,1.58434,1.50,1.00
2015.09.23 05:20:34.091,1.58408,1.58435,1.00,2.25
2015.09.23 05:20:36.310,1.58409,1.58435,1.00,1.00
2015.09.23 05:20:36.464,1.5841,1.58437,1.87,1.00
2015.09.23 05:20:36.769,1.58414,1.58439,1.00,1.50
2015.09.23 05:20:37.753,1.58414,1.58439,1.00,1.00
2015.09.23 05:20:44.239,1.58414,1.58438,1.00,1.00
2015.09.23 05:20:47.137,1.58417,1.58443,1.00,1.12
2015.09.23 05:20:47.452,1.58425,1.58453,1.37,1.95
2015.09.23 05:20:47.858,1.58427,1.58453,1.12,1.00
2015.09.23 05:20:49.015,1.58429,1.58453,1.00,1.00
2015.09.23 05:20:49.598,1.58429,1.58453,1.87,1.00
2015.09.23 05:20:49.920,1.58429,1.58447,1.87,1.00
2015.09.23 05:20:50.124,1.58429,1.58457,1.50,1.50
2015.09.23 05:20:50.175,1.58427,1.58457,1.12,2.25
2015.09.23 05:20:50.226,1.58426,1.58456,1.87,2.62
2015.09.23 05:20:50.669,1.58426,1.58448,1.37,1.00
2015.09.23 05:20:51.240,1.58426,1.58448,1.00,1.00
2015.09.23 05:20:51.623,1.58426,1.58452,1.00,1.37
2015.09.23 05:20:55.282,1.58426,1.58452,1.00,1.12
2015.09.23 05:20:55.387,1.58424,1.58452,1.00,1.12
2015.09.23 05:20:55.828,1.58421,1.58452,2.25,1.87
2015.09.23 05:20:56.346,1.58421,1.58449,1.00,1.75
2015.09.23 05:20:56.887,1.58421,1.58449,1.00,1.75
2015.09.23 05:20:57.488,1.58421,1.58448,1.00,1.00
2015.09.23 05:20:58.000,1.58421,1.58449,1.37,1.37
2015.09.23 05:20:58.852,1.58421,1.58449,1.12,1.37
2015.09.23 05:20:59.275,1.58423,1.58449,1.00,1.00
2015.09.23 05:20:59.631,1.58423,1.58453,1.50,1.50
2015.09.23 05:21:00.462,1.58423,1.58453,1.12,1.12
2015.09.23 05:21:04.398,1.58422,1.58451,2.25,1.37
2015.09.23 05:21:04.992,1.58424,1.58451,1.50,1.00
2015.09.23 05:21:05.500,1.58424,1.58451,1.50,1.00
2015.09.23 05:21:06.105,1.58425,1.58452,1.00,1.00
2015.09.23 05:21:07.491,1.58426,1.58453,1.00,1.50
2015.09.23 05:21:08.076,1.58426,1.58453,1.00,1.12
2015.09.23 05:21:08.482,1.58426,1.58453,1.37,1.00
2015.09.23 05:21:10.371,1.58426,1.58453,1.12,1.00
2015.09.23 05:21:10.922,1.58427,1.58453,1.00,1.00
2015.09.23 05:21:14.102,1.58424,1.58454,2.62,1.50
2015.09.23 05:21:14.204,1.58424,1.58453,2.25,1.12
2015.09.23 05:21:22.234,1.58424,1.58453,1.37,1.75
2015.09.23 05:21:22.775,1.58427,1.58455,1.00,1.50
2015.09.23 05:21:23.089,1.58427,1.58455,1.00,1.00
2015.09.23 05:21:24.875,1.58427,1.58456,1.37,1.12
2015.09.23 05:21:25.146,1.58429,1.58456,1.37,1.00
2015.09.23 05:21:25.352,1.58429,1.58459,2.25,1.50
2015.09.23 05:21:25.606,1.58436,1.58461,1.00,1.50
2015.09.23 05:21:25.709,1.58433,1.58461,1.00,1.50
2015.09.23 05:21:26.148,1.5843,1.58459,1.87,1.75
2015.09.23 05:21:26.659,1.5843,1.58458,1.00,1.75
2015.09.23 05:21:26.965,1.58431,1.58458,1.00,2.25
2015.09.23 05:21:27.270,1.58429,1.58458,1.50,2.25
2015.09.23 05:21:27.812,1.5843,1.58457,1.00,1.12
2015.09.23 05:21:27.915,1.58432,1.58457,1.00,1.12
2015.09.23 05:21:28.068,1.58435,1.58458,1.00,1.00
2015.09.23 05:21:28.119,1.58435,1.58463,1.00,1.75
2015.09.23 05:21:28.373,1.58437,1.58463,1.00,1.12
2015.09.23 05:21:28.858,1.58439,1.58463,1.00,1.12
2015.09.23 05:21:29.063,1.58439,1.58466,1.87,1.00
2015.09.23 05:21:29.114,1.58439,1.58466,1.87,1.00
2015.09.23 05:21:29.216,1.58439,1.58466,1.00,3.37
2015.09.23 05:21:29.586,1.58438,1.58459,1.00,1.12
2015.09.23 05:21:30.169,1.58439,1.58455,1.00,1.00
2015.09.23 05:21:31.121,1.58438,1.58455,1.00,1.00
2015.09.23 05:21:31.786,1.58434,1.58455,1.00,1.37
2015.09.23 05:21:31.888,1.58431,1.58455,1.00,1.50
2015.09.23 05:21:31.940,1.5843,1.58452,1.00,1.12
2015.09.23 05:21:31.992,1.58426,1.58451,1.50,1.75
2015.09.23 05:21:32.450,1.58428,1.58451,1.00,1.75
2015.09.23 05:21:32.949,1.58426,1.58451,1.00,1.75
2015.09.23 05:21:35.132,1.58426,1.58452,1.00,1.37
2015.09.23 05:21:40.348,1.58424,1.58452,1.00,1.37
2015.09.23 05:21:40.602,1.58426,1.58452,1.00,1.37
2015.09.23 05:21:41.478,1.58425,1.58452,1.00,1.37
2015.09.23 05:21:43.872,1.58427,1.58452,1.00,1.37
2015.09.23 05:21:43.974,1.58425,1.58452,1.00,1.37
2015.09.23 05:21:45.941,1.58427,1.58452,1.00,1.37
2015.09.23 05:21:47.344,1.58429,1.58452,1.00,1.37
2015.09.23 05:21:48.385,1.58431,1.58452,1.00,1.37
2015.09.23 05:21:49.581,1.5843,1.58452,1.00,1.37
2015.09.23 05:21:50.361,1.58429,1.58452,1.00,1.12
2015.09.23 05:21:50.881,1.58429,1.5845,1.00,1.37
2015.09.23 05:21:51.035,1.58426,1.5845,1.00,1.37
2015.09.23 05:21:52.873,1.58429,1.5845,1.00,1.37
2015.09.23 05:21:59.380,1.5843,1.5845,1.00,1.12
2015.09.23 05:22:00.382,1.58428,1.5845,1.00,1.12
2015.09.23 05:22:00.536,1.58428,1.5845,1.00,1.37
2015.09.23 05:22:00.587,1.58419,1.5845,1.65,1.87
2015.09.23 05:22:01.342,1.58416,1.58448,1.27,1.87
2015.09.23 05:22:02.299,1.58419,1.58446,1.12,1.00
2015.09.23 05:22:03.306,1.58419,1.58446,1.37,1.00
2015.09.23 05:22:03.852,1.58421,1.58446,1.00,1.00
2015.09.23 05:22:08.742,1.58419,1.58448,1.00,3.00
2015.09.23 05:22:09.405,1.5842,1.58448,1.00,2.25
2015.09.23 05:22:10.374,1.58419,1.58448,1.00,2.25
2015.09.23 05:22:10.707,1.58421,1.58448,1.00,2.25
2015.09.23 05:22:11.924,1.58421,1.58448,1.00,2.62
2015.09.23 05:22:12.134,1.58419,1.58448,1.12,2.25
2015.09.23 05:22:13.121,1.58421,1.58447,1.00,1.75
2015.09.23 05:22:19.426,1.58423,1.58448,1.00,2.62
2015.09.23 05:22:20.413,1.58421,1.58447,1.00,1.12
2015.09.23 05:22:21.607,1.58423,1.58447,1.00,1.37
2015.09.23 05:22:24.297,1.58422,1.58447,1.00,1.37
2015.09.23 05:22:24.552,1.58423,1.5845,1.00,1.87
2015.09.23 05:22:24.705,1.58423,1.5845,1.00,1.87
2015.09.23 05:22:25.010,1.58423,1.58447,1.00,1.87
2015.09.23 05:22:26.111,1.58422,1.58447,1.00,1.87
2015.09.23 05:22:26.422,1.58424,1.58447,1.00,1.87
2015.09.23 05:22:27.081,1.58423,1.58447,1.00,1.87
2015.09.23 05:22:28.625,1.58423,1.58445,1.00,1.75
2015.09.23 05:22:30.513,1.58424,1.58445,1.00,1.75
2015.09.23 05:22:30.869,1.58421,1.58444,1.00,1.37
2015.09.23 05:22:32.160,1.58422,1.58444,1.00,1.37
2015.09.23 05:22:32.622,1.5842,1.58444,1.12,1.37
2015.09.23 05:22:33.129,1.58421,1.58445,1.00,1.12
2015.09.23 05:22:33.979,1.58423,1.58445,1.12,1.12
2015.09.23 05:22:36.625,1.58422,1.58445,1.00,1.12
2015.09.23 05:22:37.166,1.58419,1.58444,1.37,1.12
2015.09.23 05:22:37.321,1.58413,1.5844,1.00,1.12
2015.09.23 05:22:37.372,1.58413,1.58443,1.12,1.00
2015.09.23 05:22:37.424,1.58416,1.58443,1.00,1.00
2015.09.23 05:22:37.628,1.58414,1.58442,1.00,1.12
2015.09.23 05:22:37.679,1.58412,1.58442,1.00,1.12
2015.09.23 05:22:38.094,1.5841,1.58438,1.12,1.37
2015.09.23 05:22:38.350,1.58406,1.58436,1.37,1.50
2015.09.23 05:22:39.131,1.58405,1.58436,1.75,1.87
2015.09.23 05:22:39.639,1.58408,1.58436,1.00,2.25
2015.09.23 05:22:40.251,1.58408,1.58436,1.00,2.25
2015.09.23 05:22:42.253,1.58408,1.58436,1.12,2.25
2015.09.23 05:22:50.533,1.5841,1.58435,1.00,1.37
2015.09.23 05:22:53.829,1.58408,1.58435,1.00,1.00
2015.09.23 05:22:53.880,1.58408,1.58435,1.75,1.00
2015.09.23 05:22:54.187,1.5842,1.58448,1.75,1.37
2015.09.23 05:22:56.055,1.58421,1.58448,1.00,1.37
2015.09.23 05:23:00.388,1.5842,1.5845,1.75,2.62
2015.09.23 05:23:01.214,1.58424,1.5845,1.00,2.62
2015.09.23 05:23:01.418,1.58422,1.5845,1.00,1.87
2015.09.23 05:23:01.622,1.5843,1.5845,1.00,1.87
2015.09.23 05:23:02.339,1.5843,1.5845,1.00,1.87
2015.09.23 05:23:03.516,1.5843,1.58453,1.00,2.25
2015.09.23 05:23:03.620,1.58426,1.58453,1.00,2.25
2015.09.23 05:23:03.774,1.58427,1.58452,1.00,1.12
2015.09.23 05:23:04.080,1.58424,1.58452,1.50,1.12
2015.09.23 05:23:04.847,1.58427,1.5845,1.00,1.37
2015.09.23 05:23:05.080,1.58427,1.58452,1.00,1.00
2015.09.23 05:23:06.491,1.58427,1.58454,1.00,2.25
2015.09.23 05:23:06.710,1.58425,1.58454,1.12,2.25
2015.09.23 05:23:07.223,1.58422,1.58445,1.00,1.12
2015.09.23 05:23:07.426,1.58417,1.58445,1.00,1.50
2015.09.23 05:23:07.935,1.58416,1.58445,1.00,2.62
2015.09.23 05:23:08.188,1.58416,1.58445,1.00,2.25
2015.09.23 05:23:08.935,1.58417,1.58447,1.00,2.40
2015.09.23 05:23:08.986,1.58417,1.58447,1.87,2.02
2015.09.23 05:23:09.291,1.58425,1.58446,1.00,1.87
2015.09.23 05:23:09.343,1.58418,1.58446,1.50,1.87
2015.09.23 05:23:10.292,1.58419,1.58446,1.37,1.87
2015.09.23 05:23:11.280,1.58419,1.58446,1.37,1.87
2015.09.23 05:23:12.010,1.58419,1.58446,1.37,2.25
2015.09.23 05:23:13.940,1.58419,1.58443,1.00,1.00
2015.09.23 05:23:21.187,1.58419,1.58445,1.00,1.50
2015.09.23 05:23:21.586,1.58416,1.58445,1.12,1.37
2015.09.23 05:23:26.750,1.58418,1.58441,1.00,1.00
2015.09.23 05:23:27.056,1.5842,1.58441,1.00,1.00
2015.09.23 05:23:28.905,1.58419,1.58444,1.00,2.25
2015.09.23 05:23:30.352,1.58421,1.58443,1.00,1.75
2015.09.23 05:23:30.931,1.58419,1.58443,1.00,1.75
2015.09.23 05:23:36.049,1.5842,1.5844,1.00,1.00
2015.09.23 05:23:37.085,1.58419,1.58443,1.00,1.50
2015.09.23 05:23:37.936,1.58419,1.58443,1.00,1.50
2015.09.23 05:23:39.361,1.58419,1.58443,1.00,1.00
2015.09.23 05:23:39.464,1.5842,1.58446,1.50,1.12
2015.09.23 05:23:39.771,1.58427,1.58449,1.00,1.12
2015.09.23 05:23:39.874,1.58427,1.58453,1.00,2.25
2015.09.23 05:23:40.312,1.58431,1.58453,1.00,1.87
2015.09.23 05:23:42.395,1.58422,1.58452,1.37,1.75
2015.09.23 05:23:42.447,1.58422,1.58451,1.37,1.37
2015.09.23 05:23:42.751,1.58425,1.58451,1.00,1.37
2015.09.23 05:23:43.330,1.58424,1.58451,1.00,1.37
2015.09.23 05:23:43.925,1.58424,1.58451,1.00,1.50
2015.09.23 05:23:46.411,1.58422,1.58451,1.00,1.37
2015.09.23 05:23:46.513,1.58422,1.58451,1.00,1.12
2015.09.23 05:23:48.621,1.58422,1.5845,1.00,1.67
2015.09.23 05:23:48.827,1.58422,1.58451,1.37,2.10
2015.09.23 05:23:49.609,1.58424,1.58451,1.00,2.10
2015.09.23 05:23:50.496,1.58423,1.58451,1.12,1.37
2015.09.23 05:23:54.675,1.58423,1.58451,1.12,1.12
2015.09.23 05:23:59.702,1.58423,1.58451,1.00,1.12
2015.09.23 05:24:00.407,1.58426,1.58452,1.00,1.87
2015.09.23 05:24:01.589,1.58426,1.58452,1.00,1.87
2015.09.23 05:24:01.903,1.58426,1.58452,1.00,2.25
2015.09.23 05:24:04.265,1.58426,1.5845,1.00,1.37
2015.09.23 05:24:04.675,1.58426,1.58449,1.00,1.00
2015.09.23 05:24:07.601,1.58426,1.58447,1.00,1.00
2015.09.23 05:24:08.609,1.58425,1.58447,1.00,1.00
2015.09.23 05:24:10.264,1.58423,1.58447,1.00,1.00
2015.09.23 05:24:10.370,1.58426,1.58447,1.00,1.00
2015.09.23 05:24:11.398,1.58428,1.58447,1.00,1.00
2015.09.23 05:24:13.991,1.58429,1.58447,1.00,1.00
2015.09.23 05:24:14.587,1.58422,1.58447,1.00,1.37
2015.09.23 05:24:15.096,1.58422,1.58447,1.00,1.00
2015.09.23 05:24:15.584,1.58431,1.58447,1.00,1.00
2015.09.23 05:24:17.093,1.5843,1.58447,1.00,1.00
2015.09.23 05:24:18.310,1.58424,1.58447,1.00,1.12
2015.09.23 05:24:20.284,1.58425,1.58447,1.00,1.00
2015.09.23 05:24:20.791,1.58426,1.58447,1.00,1.00
2015.09.23 05:24:21.337,1.58426,1.58448,1.00,1.00
2015.09.23 05:24:22.009,1.58426,1.58449,1.00,1.00
2015.09.23 05:24:27.346,1.58426,1.5845,1.00,1.75
2015.09.23 05:24:27.631,1.58426,1.58444,1.00,1.00
2015.09.23 05:24:31.147,1.58426,1.58449,1.00,1.00
2015.09.23 05:24:32.952,1.58426,1.5845,1.00,1.12
2015.09.23 05:24:34.938,1.58426,1.5845,1.00,1.37
2015.09.23 05:24:35.425,1.58426,1.5845,1.50,1.37
2015.09.23 05:24:35.477,1.58428,1.58454,1.75,1.17
2015.09.23 05:24:35.921,1.58429,1.58452,1.00,1.00
2015.09.23 05:24:35.973,1.58429,1.58449,1.00,1.00
2015.09.23 05:24:36.024,1.58427,1.58449,1.12,1.00
2015.09.23 05:24:36.177,1.58427,1.58451,1.12,1.00
2015.09.23 05:24:36.483,1.5843,1.58451,1.00,1.00
2015.09.23 05:24:36.789,1.58434,1.58454,1.00,1.00
2015.09.23 05:24:36.841,1.58434,1.58459,1.00,1.37
2015.09.23 05:24:37.749,1.58434,1.58459,1.00,1.00
2015.09.23 05:24:40.208,1.58431,1.58459,1.75,1.00
2015.09.23 05:24:40.288,1.58437,1.58459,1.00,1.00
2015.09.23 05:24:40.774,1.58437,1.58461,1.00,1.12
2015.09.23 05:24:44.106,1.58437,1.58461,1.00,1.50
2015.09.23 05:24:44.762,1.58437,1.58461,1.00,1.50
2015.09.23 05:24:45.886,1.58437,1.58461,1.00,1.50
2015.09.23 05:24:46.873,1.58437,1.58461,1.00,1.12
2015.09.23 05:24:49.598,1.58437,1.5846,1.00,1.50
2015.09.23 05:24:50.138,1.58437,1.5846,1.00,1.87
2015.09.23 05:24:50.395,1.58436,1.5846,1.00,2.25
2015.09.23 05:24:50.925,1.58433,1.58456,1.00,1.00
2015.09.23 05:24:51.129,1.58429,1.58455,1.12,1.12
2015.09.23 05:24:51.181,1.58429,1.58451,1.00,1.00
2015.09.23 05:24:51.486,1.58428,1.58448,1.50,1.12
2015.09.23 05:24:51.996,1.58427,1.58448,1.00,1.12
2015.09.23 05:24:54.172,1.58427,1.58451,1.00,1.50
2015.09.23 05:24:54.834,1.58427,1.58451,1.00,1.50
2015.09.23 05:24:57.875,1.58427,1.58451,1.00,1.87
2015.09.23 05:24:59.111,1.58427,1.5845,1.00,1.75
2015.09.23 05:25:00.314,1.58424,1.58446,1.00,1.00
2015.09.23 05:25:00.519,1.58424,1.58446,1.00,1.37
2015.09.23 05:25:00.570,1.5842,1.58444,1.00,1.37
2015.09.23 05:25:01.411,1.58416,1.58437,1.12,1.00
2015.09.23 05:25:02.137,1.58416,1.58436,1.00,1.00
2015.09.23 05:25:02.240,1.58414,1.58436,1.00,1.00
2015.09.23 05:25:02.291,1.58418,1.58436,1.00,1.00
2015.09.23 05:25:02.444,1.58418,1.58438,1.00,1.00
2015.09.23 05:25:03.129,1.58415,1.58438,1.00,1.00
2015.09.23 05:25:03.649,1.58414,1.58438,1.00,1.00
2015.09.23 05:25:05.243,1.58414,1.58436,1.00,1.37
2015.09.23 05:25:05.397,1.58407,1.58429,1.00,1.00
2015.09.23 05:25:05.450,1.58401,1.58429,1.00,1.37
2015.09.23 05:25:05.501,1.58401,1.58426,1.00,1.87
2015.09.23 05:25:05.849,1.58396,1.58421,1.00,1.87
2015.09.23 05:25:06.154,1.58396,1.58417,1.00,1.12
2015.09.23 05:25:07.598,1.58397,1.58417,1.00,1.87
2015.09.23 05:25:07.806,1.58386,1.58416,1.50,1.12
2015.09.23 05:25:07.959,1.58383,1.58415,1.37,1.50
2015.09.23 05:25:08.013,1.58382,1.58412,1.50,1.00
2015.09.23 05:25:08.401,1.58381,1.58409,1.50,1.00
2015.09.23 05:25:08.912,1.58381,1.58409,1.12,1.37
2015.09.23 05:25:10.004,1.58382,1.58409,1.00,1.37
2015.09.23 05:25:10.309,1.58384,1.58411,1.00,1.75
2015.09.23 05:25:12.855,1.58382,1.58411,1.00,1.75
2015.09.23 05:25:13.162,1.58387,1.58411,1.00,1.75
2015.09.23 05:25:13.503,1.58393,1.58411,1.75,1.00
2015.09.23 05:25:13.554,1.584,1.58421,1.00,1.50
2015.09.23 05:25:14.252,1.584,1.58423,1.00,1.00
2015.09.23 05:25:15.879,1.584,1.58425,1.00,1.00
2015.09.23 05:25:16.083,1.58405,1.58425,1.00,1.00
2015.09.23 05:25:16.728,1.58405,1.58427,1.00,1.12
2015.09.23 05:25:17.532,1.5841,1.58428,1.00,1.00
2015.09.23 05:25:17.685,1.5841,1.58432,1.00,1.00
2015.09.23 05:25:17.787,1.58406,1.58436,1.00,1.37
2015.09.23 05:25:17.839,1.58411,1.58435,1.00,1.37
2015.09.23 05:25:17.941,1.58407,1.58434,1.00,2.10
2015.09.23 05:25:18.297,1.58405,1.5843,1.00,1.75
2015.09.23 05:25:18.833,1.58404,1.5843,1.50,1.87
2015.09.23 05:25:19.419,1.58404,1.58429,1.50,1.12
2015.09.23 05:25:20.710,1.58402,1.58428,1.50,1.50
2015.09.23 05:25:22.092,1.58405,1.58428,1.00,1.50
2015.09.23 05:25:25.528,1.58405,1.58427,1.00,1.50
2015.09.23 05:25:26.529,1.58405,1.58427,1.00,1.50
2015.09.23 05:25:27.078,1.58404,1.58429,1.00,2.25
2015.09.23 05:25:27.582,1.58405,1.58429,1.00,2.25
2015.09.23 05:25:30.600,1.58407,1.58429,1.00,2.62
2015.09.23 05:25:31.479,1.58409,1.5843,1.00,1.87
2015.09.23 05:25:31.531,1.58409,1.5843,1.00,1.00
2015.09.23 05:25:31.633,1.58409,1.58436,1.87,1.20
2015.09.23 05:25:31.684,1.58412,1.58437,1.00,2.25
2015.09.23 05:25:31.990,1.58414,1.58437,1.00,1.12
2015.09.23 05:25:32.323,1.58416,1.58437,1.00,1.12
2015.09.23 05:25:35.840,1.58415,1.58437,1.00,1.75
2015.09.23 05:25:40.223,1.58415,1.58438,1.00,1.87
2015.09.23 05:25:40.274,1.58415,1.58438,1.00,1.50
2015.09.23 05:25:40.376,1.58417,1.58438,1.00,1.50
2015.09.23 05:25:40.820,1.58414,1.58438,1.00,1.50
2015.09.23 05:25:40.871,1.58417,1.58438,1.00,1.50
2015.09.23 05:25:41.176,1.58423,1.58443,1.12,1.00
2015.09.23 05:25:41.780,1.58423,1.58444,1.12,1.00
2015.09.23 05:25:42.290,1.58423,1.58443,1.00,1.00
2015.09.23 05:25:42.544,1.58426,1.58451,1.00,1.50
2015.09.23 05:25:43.051,1.58426,1.58451,1.00,1.37
2015.09.23 05:25:44.699,1.58426,1.58452,1.00,1.50
2015.09.23 05:25:50.537,1.58423,1.58453,1.37,1.37
2015.09.23 05:25:50.690,1.58423,1.58454,1.37,1.87
2015.09.23 05:25:53.161,1.58426,1.58453,1.00,2.25
2015.09.23 05:25:53.365,1.58423,1.58451,1.00,1.37
2015.09.23 05:25:53.569,1.58423,1.5845,1.00,2.25
2015.09.23 05:25:53.873,1.58423,1.58444,1.00,1.37
2015.09.23 05:25:54.873,1.58422,1.5844,1.00,1.00
2015.09.23 05:25:57.315,1.58418,1.5844,1.00,1.00
2015.09.23 05:25:58.851,1.58418,1.58442,1.00,1.37
2015.09.23 05:25:59.861,1.58417,1.58442,1.00,2.25
2015.09.23 05:26:00.166,1.58417,1.58437,1.00,1.12
2015.09.23 05:26:00.679,1.58416,1.58437,1.00,1.12
2015.09.23 05:26:03.014,1.58416,1.58437,1.00,1.12
2015.09.23 05:26:10.661,1.58412,1.58437,1.12,1.12
2015.09.23 05:26:11.323,1.58412,1.58437,1.37,1.12
2015.09.23 05:26:11.927,1.58412,1.58437,1.37,1.12
2015.09.23 05:26:12.803,1.58412,1.58437,1.37,1.12
2015.09.23 05:26:13.835,1.58412,1.58437,1.37,1.12
2015.09.23 05:26:14.806,1.58412,1.58437,1.37,1.12
2015.09.23 05:26:15.643,1.58412,1.58437,1.00,1.12
2015.09.23 05:26:16.150,1.58413,1.58437,1.00,1.12
2015.09.23 05:26:16.252,1.58413,1.58437,1.00,1.37
2015.09.23 05:26:16.405,1.58413,1.58439,1.00,1.37
2015.09.23 05:26:16.558,1.58415,1.58439,1.00,1.37
2015.09.23 05:26:17.907,1.58416,1.58438,1.00,1.37
2015.09.23 05:26:18.013,1.58414,1.58439,1.12,1.37
2015.09.23 05:26:18.311,1.58414,1.58439,1.37,1.37
2015.09.23 05:26:19.312,1.58415,1.58438,1.12,1.37
2015.09.23 05:26:20.483,1.58415,1.5844,1.37,2.25
2015.09.23 05:26:20.643,1.58415,1.5844,1.37,2.25
2015.09.23 05:26:21.345,1.58415,1.5844,1.37,2.25
2015.09.23 05:26:22.323,1.58415,1.5844,1.37,2.25
2015.09.23 05:26:25.793,1.58415,1.58441,1.37,1.85
2015.09.23 05:26:27.028,1.58412,1.58442,1.37,1.27
2015.09.23 05:26:27.340,1.58414,1.58439,1.37,1.00
2015.09.23 05:26:27.493,1.58415,1.58439,1.12,1.37
2015.09.23 05:26:28.991,1.58411,1.58436,1.37,1.50
2015.09.23 05:26:29.051,1.58411,1.58435,1.00,1.37
2015.09.23 05:26:29.103,1.58411,1.58435,1.00,2.25
2015.09.23 05:26:29.613,1.58406,1.58431,1.37,1.37
2015.09.23 05:26:30.253,1.58406,1.58431,1.37,1.37
2015.09.23 05:26:32.231,1.58406,1.58431,1.12,1.37
2015.09.23 05:26:33.277,1.58406,1.58431,1.37,1.37
2015.09.23 05:26:34.233,1.58406,1.58431,1.12,1.37
2015.09.23 05:26:35.038,1.58407,1.58432,1.37,1.12
2015.09.23 05:26:35.343,1.58407,1.58432,1.37,1.37
2015.09.23 05:26:36.724,1.58407,1.58432,1.37,1.37
2015.09.23 05:26:37.289,1.58409,1.58432,1.37,1.37
2015.09.23 05:26:38.726,1.58408,1.58433,1.37,1.00
2015.09.23 05:26:39.580,1.58408,1.58433,1.37,1.00
2015.09.23 05:26:39.859,1.58408,1.58431,1.37,1.00
2015.09.23 05:26:43.723,1.58407,1.58431,1.37,1.37
2015.09.23 05:26:44.472,1.58407,1.58431,1.12,1.87
2015.09.23 05:26:50.354,1.58406,1.58431,1.12,1.87
2015.09.23 05:26:50.891,1.58406,1.58431,1.37,1.37
2015.09.23 05:26:52.459,1.58406,1.58431,1.12,1.87
2015.09.23 05:26:53.491,1.58406,1.5843,1.37,1.37
2015.09.23 05:26:55.464,1.58406,1.5843,1.12,1.37
2015.09.23 05:26:59.834,1.58406,1.58431,1.37,1.87
2015.09.23 05:27:00.556,1.58408,1.58431,1.00,1.87
2015.09.23 05:27:01.069,1.58408,1.58431,1.00,2.62
2015.09.23 05:27:01.482,1.58406,1.58431,1.12,3.37
2015.09.23 05:27:03.155,1.58406,1.58429,1.00,1.50
2015.09.23 05:27:03.307,1.58408,1.58429,1.00,1.50
2015.09.23 05:27:03.626,1.58406,1.58429,1.00,1.50
2015.09.23 05:27:04.059,1.58406,1.58429,1.00,1.50
2015.09.23 05:27:07.126,1.58404,1.58417,1.00,1.67
2015.09.23 05:27:07.178,1.58396,1.58417,1.37,2.05
2015.09.23 05:27:07.284,1.58393,1.58414,1.37,1.35
2015.09.23 05:27:07.794,1.58392,1.58417,1.37,1.00
2015.09.23 05:27:07.896,1.58392,1.5842,1.37,1.30
2015.09.23 05:27:08.151,1.58395,1.58422,1.37,1.00
2015.09.23 05:27:08.790,1.58395,1.58422,1.50,1.12
2015.09.23 05:27:09.786,1.58395,1.58422,1.50,1.12
2015.09.23 05:27:13.841,1.58395,1.58422,1.50,1.12
2015.09.23 05:27:14.155,1.58395,1.58422,1.87,1.00
2015.09.23 05:27:14.206,1.58395,1.58425,2.25,1.87
2015.09.23 05:27:14.964,1.58395,1.58423,1.87,1.30
2015.09.23 05:27:15.066,1.58395,1.58425,1.87,1.50
2015.09.23 05:27:15.586,1.58395,1.58425,1.87,1.50
2015.09.23 05:27:16.094,1.58395,1.58423,2.25,1.35
2015.09.23 05:27:17.917,1.58395,1.58423,1.37,1.35
2015.09.23 05:27:21.008,1.58394,1.58423,1.75,1.35
2015.09.23 05:27:22.015,1.58395,1.58423,1.12,1.30
2015.09.23 05:27:22.219,1.58395,1.58425,1.50,1.00
2015.09.23 05:27:22.885,1.58395,1.58424,1.50,1.30
2015.09.23 05:27:23.044,1.58395,1.58424,1.37,1.30
2015.09.23 05:27:23.983,1.58395,1.58423,1.37,1.00
2015.09.23 05:27:24.631,1.58395,1.58424,1.12,1.30
2015.09.23 05:27:25.173,1.58394,1.58424,1.75,1.35
2015.09.23 05:27:26.041,1.58394,1.58424,1.75,1.35
2015.09.23 05:27:27.033,1.58395,1.58425,1.50,1.50
2015.09.23 05:27:29.211,1.58398,1.58424,1.12,1.12
2015.09.23 05:27:31.085,1.58398,1.58424,1.12,1.12
2015.09.23 05:27:32.040,1.58398,1.58424,1.12,1.12
2015.09.23 05:27:33.022,1.58398,1.58425,1.12,1.37
2015.09.23 05:27:36.130,1.58398,1.58425,1.12,1.37
2015.09.23 05:27:36.623,1.58395,1.58425,1.37,1.37
2015.09.23 05:27:38.982,1.58394,1.58423,2.25,1.37
2015.09.23 05:27:39.777,1.58394,1.58423,2.25,1.37
2015.09.23 05:27:40.281,1.58394,1.58422,2.25,1.37
2015.09.23 05:27:42.177,1.58394,1.58423,1.87,1.37
2015.09.23 05:27:44.155,1.58394,1.58423,1.87,1.37
2015.09.23 05:27:46.567,1.58394,1.58422,1.87,1.37
2015.09.23 05:27:46.619,1.58394,1.58427,2.25,2.10
2015.09.23 05:27:46.873,1.58405,1.58426,1.00,1.12
2015.09.23 05:27:52.031,1.58405,1.58423,1.00,1.37
2015.09.23 05:28:00.743,1.58405,1.58423,1.00,1.37
2015.09.23 05:28:00.846,1.58403,1.58421,1.12,1.37
2015.09.23 05:28:01.000,1.58399,1.58421,1.00,1.12
2015.09.23 05:28:01.051,1.584,1.58421,1.00,1.37
2015.09.23 05:28:01.775,1.58399,1.58423,1.00,1.37
2015.09.23 05:28:02.097,1.58401,1.58423,1.00,1.37
2015.09.23 05:28:04.051,1.58403,1.58424,1.00,1.50
2015.09.23 05:28:07.355,1.584,1.58424,1.00,1.50
2015.09.23 05:28:08.669,1.584,1.5842,1.12,1.12
2015.09.23 05:28:10.666,1.58403,1.5842,1.00,1.12
2015.09.23 05:28:10.874,1.58399,1.5842,1.87,1.12
2015.09.23 05:28:11.996,1.58399,1.58424,1.87,1.87
2015.09.23 05:28:14.997,1.58399,1.58424,1.00,1.37
2015.09.23 05:28:15.500,1.58399,1.58424,1.00,1.37
2015.09.23 05:28:18.806,1.58399,1.58424,1.00,1.00
2015.09.23 05:28:18.858,1.58399,1.58422,1.00,1.00
2015.09.23 05:28:18.959,1.58399,1.58424,1.00,1.00
2015.09.23 05:28:19.010,1.58399,1.58424,1.37,1.00
2015.09.23 05:28:19.315,1.58402,1.58424,1.37,1.00
2015.09.23 05:28:19.859,1.58402,1.58425,1.37,1.00
2015.09.23 05:28:21.104,1.58402,1.58425,1.12,1.00
2015.09.23 05:28:21.630,1.58402,1.58426,1.12,2.85
2015.09.23 05:28:23.517,1.58401,1.58424,1.00,1.12
2015.09.23 05:28:25.997,1.58401,1.58423,1.00,1.30
2015.09.23 05:28:26.352,1.58403,1.58425,1.00,3.22
2015.09.23 05:28:30.317,1.584,1.58425,1.12,2.47
2015.09.23 05:28:30.520,1.58403,1.58425,1.00,2.47
2015.09.23 05:28:33.955,1.58401,1.58425,1.00,2.47
2015.09.23 05:28:34.534,1.58402,1.58425,1.00,2.47
2015.09.23 05:28:40.339,1.584,1.58424,1.37,1.00
2015.09.23 05:28:40.548,1.58403,1.58423,1.00,1.30
2015.09.23 05:28:41.131,1.58403,1.58424,1.00,1.00
2015.09.23 05:28:45.321,1.58403,1.58425,1.00,1.87
2015.09.23 05:28:51.135,1.58399,1.58425,1.37,3.60
2015.09.23 05:28:51.707,1.58399,1.58425,1.37,3.60
2015.09.23 05:28:52.211,1.58399,1.58425,1.37,3.60
2015.09.23 05:28:53.284,1.58399,1.58425,1.37,3.60
2015.09.23 05:28:55.375,1.58403,1.58425,1.00,2.85
2015.09.23 05:29:00.773,1.584,1.58417,1.00,1.37
2015.09.23 05:29:01.707,1.584,1.58417,1.00,1.35
2015.09.23 05:29:01.860,1.584,1.58422,1.00,1.12
2015.09.23 05:29:04.311,1.58403,1.58422,1.00,1.75
2015.09.23 05:29:05.781,1.58403,1.5842,1.00,1.00
2015.09.23 05:29:06.296,1.58403,1.58422,1.00,1.75
2015.09.23 05:29:10.931,1.584,1.58422,1.12,1.75
2015.09.23 05:29:11.489,1.584,1.58416,1.12,1.00
2015.09.23 05:29:11.844,1.584,1.58419,1.12,1.12
2015.09.23 05:29:12.646,1.584,1.58422,1.12,1.12
2015.09.23 05:29:16.335,1.584,1.58422,1.00,1.75
2015.09.23 05:29:27.074,1.58389,1.58417,1.75,1.12
2015.09.23 05:29:27.126,1.58389,1.58417,1.37,1.50
2015.09.23 05:29:27.229,1.58388,1.5841,1.05,1.12
2015.09.23 05:29:27.432,1.58388,1.5841,1.05,1.00
2015.09.23 05:29:27.483,1.58388,1.58412,1.05,1.10
2015.09.23 05:29:27.535,1.58388,1.58412,1.05,1.00
2015.09.23 05:29:27.687,1.58389,1.58414,1.87,1.00
2015.09.23 05:29:27.739,1.58386,1.58412,1.12,1.00
2015.09.23 05:29:27.790,1.58384,1.58409,1.12,1.00
2015.09.23 05:29:27.841,1.58382,1.58409,1.75,1.00
2015.09.23 05:29:28.385,1.58384,1.58408,1.37,1.72
2015.09.23 05:29:28.436,1.58384,1.58408,1.37,1.72
2015.09.23 05:29:28.588,1.58384,1.58411,1.37,1.00
2015.09.23 05:29:28.640,1.58393,1.58411,1.12,1.00
2015.09.23 05:29:28.893,1.58393,1.58413,1.12,1.00
2015.09.23 05:29:29.619,1.58393,1.58413,1.37,1.00
2015.09.23 05:29:30.884,1.584,1.58413,1.00,1.00
2015.09.23 05:29:32.870,1.584,1.58417,1.00,1.37
2015.09.23 05:29:33.376,1.58397,1.58417,1.12,1.37
2015.09.23 05:29:34.866,1.58392,1.58417,1.37,1.37
2015.09.23 05:29:35.682,1.5839,1.58413,1.37,1.00
2015.09.23 05:29:40.386,1.58393,1.58413,1.00,1.00
2015.09.23 05:29:40.488,1.58395,1.58413,1.00,1.00
2015.09.23 05:29:41.005,1.58395,1.58414,1.00,1.00
2015.09.23 05:29:45.561,1.58392,1.58414,1.12,1.00
2015.09.23 05:29:46.632,1.58392,1.58414,1.37,1.00
2015.09.23 05:29:47.089,1.58395,1.58415,1.00,1.87
2015.09.23 05:29:50.904,1.58395,1.58414,1.37,1.00
2015.09.23 05:29:51.633,1.58395,1.58414,1.00,1.00
2015.09.23 05:29:52.142,1.58395,1.58415,1.00,1.87
2015.09.23 05:29:55.340,1.58392,1.58415,1.37,1.12
2015.09.23 05:29:55.910,1.58392,1.58415,1.37,1.12
2015.09.23 05:29:57.725,1.58394,1.58414,1.12,1.00
2015.09.23 05:29:58.267,1.58394,1.58415,1.12,1.12
2015.09.23 05:30:00.302,1.58395,1.58415,1.00,1.12
2015.09.23 05:30:00.972,1.58395,1.58414,1.00,1.00
2015.09.23 05:30:04.856,1.58395,1.58415,1.00,1.12
2015.09.23 05:30:08.190,1.58395,1.58414,1.00,1.00
2015.09.23 05:30:12.200,1.58395,1.58415,1.00,1.00
2015.09.23 05:30:16.143,1.58395,1.58415,1.00,1.75
2015.09.23 05:30:16.347,1.58385,1.58411,1.50,1.00
2015.09.23 05:30:16.399,1.58385,1.58408,1.50,1.00
2015.09.23 05:30:16.805,1.58392,1.58408,1.00,1.50
2015.09.23 05:30:16.907,1.58386,1.5841,1.37,1.75
2015.09.23 05:30:17.163,1.58386,1.58408,1.37,1.87
2015.09.23 05:30:17.842,1.58383,1.58404,1.37,1.00
2015.09.23 05:30:18.481,1.58383,1.58404,1.37,1.00
2015.09.23 05:30:19.071,1.58383,1.58404,1.00,1.00
2015.09.23 05:30:21.615,1.58381,1.58404,1.12,1.00
2015.09.23 05:30:24.085,1.58379,1.58404,1.37,1.00
2015.09.23 05:30:24.611,1.58382,1.58404,1.37,1.00
2015.09.23 05:30:25.400,1.58375,1.58401,1.50,1.00
2015.09.23 05:30:25.502,1.58375,1.58401,1.37,1.37
2015.09.23 05:30:26.207,1.58378,1.58399,1.12,1.00
2015.09.23 05:30:28.055,1.58377,1.58399,1.12,1.00
2015.09.23 05:30:31.388,1.58375,1.58399,1.87,1.00
2015.09.23 05:30:31.490,1.58375,1.58399,1.87,1.75
2015.09.23 05:30:32.218,1.58375,1.58389,1.12,2.05
2015.09.23 05:30:32.269,1.58358,1.58386,1.37,1.37
2015.09.23 05:30:32.372,1.58359,1.58386,1.12,1.37
2015.09.23 05:30:32.525,1.58359,1.58386,1.12,1.37
2015.09.23 05:30:33.503,1.58359,1.58386,1.12,1.37
2015.09.23 05:30:34.532,1.5836,1.58386,1.50,1.37
2015.09.23 05:30:36.840,1.58363,1.58386,1.00,1.37
2015.09.23 05:30:37.343,1.58363,1.58384,1.00,1.37
2015.09.23 05:30:37.395,1.58361,1.58384,1.00,1.37
2015.09.23 05:30:37.446,1.58361,1.58384,1.00,1.37
2015.09.23 05:30:37.498,1.58363,1.58384,1.00,1.37
2015.09.23 05:30:38.005,1.5836,1.58386,1.37,1.87
2015.09.23 05:30:38.737,1.58362,1.58385,1.37,1.50
2015.09.23 05:30:41.715,1.58359,1.58384,1.37,1.37
2015.09.23 05:30:45.723,1.58359,1.58384,1.37,1.37
2015.09.23 05:30:46.750,1.58359,1.58384,1.37,1.37
2015.09.23 05:30:50.819,1.58361,1.58382,1.12,1.00
2015.09.23 05:30:56.061,1.58361,1.58381,1.00,1.00
2015.09.23 05:31:00.493,1.58363,1.58381,1.00,1.00
2015.09.23 05:31:00.927,1.58361,1.58381,1.00,1.00
2015.09.23 05:31:09.057,1.58359,1.58381,1.00,1.00
2015.09.23 05:31:10.235,1.58357,1.58381,1.37,1.00
2015.09.23 05:31:10.456,1.5836,1.58381,1.00,1.00
2015.09.23 05:31:11.004,1.58359,1.58381,1.00,1.00
2015.09.23 05:31:11.540,1.58358,1.58381,1.12,1.00
2015.09.23 05:31:14.588,1.58358,1.58381,1.37,1.00
2015.09.23 05:31:20.604,1.58358,1.58381,1.00,1.00
2015.09.23 05:31:21.686,1.58355,1.58377,1.37,1.00
2015.09.23 05:31:22.188,1.58345,1.5837,1.95,1.00
2015.09.23 05:31:22.240,1.58345,1.5837,1.12,1.00
2015.09.23 05:31:22.393,1.58345,1.58368,1.12,1.00
2015.09.23 05:31:22.699,1.58347,1.58372,1.37,1.50
2015.09.23 05:31:22.802,1.58352,1.58371,1.00,1.00
2015.09.23 05:31:23.107,1.5835,1.58371,1.12,1.00
2015.09.23 05:31:23.711,1.58353,1.58371,1.00,1.00
2015.09.23 05:31:24.851,1.58353,1.58374,1.00,1.37
2015.09.23 05:31:25.157,1.58359,1.58381,1.75,1.00
2015.09.23 05:31:25.209,1.58359,1.58387,1.75,1.12
2015.09.23 05:31:26.151,1.58359,1.58384,1.75,1.00
2015.09.23 05:31:26.507,1.58355,1.58383,1.75,1.37
2015.09.23 05:31:26.710,1.58353,1.5838,1.87,1.00
2015.09.23 05:31:26.812,1.58353,1.5838,1.75,1.37
2015.09.23 05:31:26.964,1.58356,1.5838,1.37,1.00
2015.09.23 05:31:27.302,1.58356,1.58382,1.37,1.00
2015.09.23 05:31:27.809,1.58358,1.58382,1.00,1.00
2015.09.23 05:31:28.063,1.58358,1.5838,1.00,1.00
2015.09.23 05:31:28.709,1.58356,1.5838,1.12,1.00
2015.09.23 05:31:29.412,1.58356,1.58379,1.12,1.00
2015.09.23 05:31:30.132,1.58356,1.58378,1.12,1.00
2015.09.23 05:31:31.712,1.58356,1.58378,1.12,1.00
2015.09.23 05:31:32.396,1.58356,1.58378,1.75,1.00
2015.09.23 05:31:32.752,1.58361,1.58385,1.37,1.00
2015.09.23 05:31:33.363,1.58361,1.58384,1.37,1.00
2015.09.23 05:31:33.902,1.58361,1.58384,1.00,1.00
2015.09.23 05:31:34.425,1.58361,1.58383,1.00,1.00
2015.09.23 05:31:35.735,1.58361,1.58383,1.37,1.00
2015.09.23 05:31:36.694,1.58361,1.58383,1.37,1.00
2015.09.23 05:31:37.734,1.58361,1.58383,1.37,1.00
2015.09.23 05:31:38.724,1.58361,1.5838,1.37,1.00
2015.09.23 05:31:39.763,1.58361,1.58382,1.37,1.00
2015.09.23 05:31:40.298,1.58361,1.58381,1.12,1.00
2015.09.23 05:31:40.400,1.58361,1.58384,1.12,1.00
2015.09.23 05:31:40.857,1.58361,1.5838,1.00,1.00
2015.09.23 05:31:41.264,1.58361,1.58382,1.00,1.00
2015.09.23 05:31:41.670,1.58359,1.5838,1.37,1.00
2015.09.23 05:31:43.613,1.58361,1.58383,1.00,1.00
2015.09.23 05:31:43.851,1.58361,1.58381,1.00,1.00
2015.09.23 05:31:45.574,1.58361,1.58381,1.37,1.00
2015.09.23 05:31:46.099,1.58361,1.58381,1.12,1.00
2015.09.23 05:31:46.612,1.5836,1.58383,1.12,1.00
2015.09.23 05:31:46.715,1.5836,1.58383,1.12,1.00
2015.09.23 05:31:47.956,1.5836,1.58383,1.12,1.00
2015.09.23 05:31:48.711,1.5836,1.58383,1.12,1.00
2015.09.23 05:31:49.742,1.5836,1.58383,1.12,1.00
2015.09.23 05:31:50.332,1.58359,1.58383,1.50,1.00
2015.09.23 05:31:50.873,1.58359,1.58382,1.37,1.12
2015.09.23 05:31:54.756,1.58361,1.58381,1.00,1.00
2015.09.23 05:31:55.901,1.58361,1.58382,1.00,1.50
2015.09.23 05:32:00.370,1.58357,1.58381,1.75,1.00
2015.09.23 05:32:00.776,1.58357,1.58382,1.50,1.00
2015.09.23 05:32:01.577,1.58357,1.58383,1.50,1.00
2015.09.23 05:32:04.063,1.58357,1.58385,1.75,1.50
2015.09.23 05:32:05.291,1.58359,1.58384,1.00,1.00
2015.09.23 05:32:05.831,1.58357,1.58384,1.75,1.00
2015.09.23 05:32:06.373,1.58357,1.58383,1.75,1.00
2015.09.23 05:32:06.880,1.58357,1.58383,1.75,1.50
2015.09.23 05:32:09.842,1.58357,1.58383,1.75,1.50
2015.09.23 05:32:10.428,1.58357,1.58383,1.75,1.50
2015.09.23 05:32:11.344,1.58357,1.58386,1.75,1.50
2015.09.23 05:32:12.370,1.58357,1.58385,1.75,1.00
2015.09.23 05:32:13.902,1.58357,1.58384,1.75,1.00
2015.09.23 05:32:14.487,1.58357,1.58385,1.50,1.00
2015.09.23 05:32:14.538,1.58357,1.58379,1.50,1.00
2015.09.23 05:32:14.691,1.58348,1.58376,1.50,1.12
2015.09.23 05:32:14.793,1.58346,1.58376,1.87,1.12
2015.09.23 05:32:15.906,1.58346,1.58375,1.87,1.87
2015.09.23 05:32:16.424,1.58343,1.5836,1.00,1.12
2015.09.23 05:32:16.475,1.58327,1.58357,1.75,1.50
2015.09.23 05:32:16.881,1.58327,1.58351,1.37,1.37
2015.09.23 05:32:16.983,1.5832,1.58351,1.87,1.50
2015.09.23 05:32:18.859,1.5832,1.58351,1.75,1.37
2015.09.23 05:32:19.114,1.58319,1.58349,1.37,1.12
2015.09.23 05:32:19.165,1.58317,1.58348,1.37,1.75
2015.09.23 05:32:20.293,1.58317,1.58347,1.37,1.75
2015.09.23 05:32:20.584,1.58315,1.58345,1.12,1.87
2015.09.23 05:32:20.686,1.58311,1.5834,1.37,1.87
2015.09.23 05:32:20.737,1.58306,1.58335,1.50,1.00
2015.09.23 05:32:20.789,1.58306,1.58335,1.50,1.00
2015.09.23 05:32:20.942,1.58306,1.58332,1.50,1.00
2015.09.23 05:32:21.582,1.583,1.58326,1.12,1.00
2015.09.23 05:32:21.786,1.58302,1.5833,1.00,1.50
2015.09.23 05:32:22.294,1.58302,1.5833,1.12,1.12
2015.09.23 05:32:22.674,1.58303,1.58328,1.37,1.00
2015.09.23 05:32:23.299,1.58303,1.58328,1.12,1.00
2015.09.23 05:32:23.841,1.58303,1.58327,1.12,1.00
2015.09.23 05:32:24.578,1.58301,1.58327,1.75,1.00
2015.09.23 05:32:25.144,1.58288,1.58318,1.75,1.75
2015.09.23 05:32:25.195,1.58287,1.58315,1.37,1.00
2015.09.23 05:32:25.702,1.58287,1.58316,1.37,1.00
2015.09.23 05:32:26.234,1.58287,1.58316,1.37,1.00
2015.09.23 05:32:27.126,1.58287,1.58316,1.12,1.50
2015.09.23 05:32:27.177,1.58287,1.58316,1.37,1.00
2015.09.23 05:32:28.187,1.58287,1.58316,1.75,1.00
2015.09.23 05:32:29.339,1.58287,1.58316,1.75,1.00
2015.09.23 05:32:30.213,1.58287,1.58316,1.75,1.00
2015.09.23 05:32:30.560,1.58287,1.58316,1.37,1.37
2015.09.23 05:32:30.612,1.58287,1.58311,1.00,1.00
2015.09.23 05:32:30.976,1.58277,1.58296,1.12,2.25
2015.09.23 05:32:31.028,1.58264,1.58291,1.00,1.12
2015.09.23 05:32:32.240,1.58265,1.58293,1.00,1.12
2015.09.23 05:32:32.298,1.58265,1.58293,1.75,1.00
2015.09.23 05:32:32.604,1.58273,1.58294,1.00,1.00
2015.09.23 05:32:33.553,1.58273,1.58293,1.00,1.00
2015.09.23 05:32:34.069,1.58273,1.58291,1.00,1.00
2015.09.23 05:32:35.418,1.58272,1.58291,1.12,1.00
2015.09.23 05:32:35.884,1.58272,1.58295,1.37,1.00
2015.09.23 05:32:36.423,1.58272,1.58295,1.12,1.00
2015.09.23 05:32:36.634,1.58272,1.58297,1.12,1.00
2015.09.23 05:32:36.736,1.58272,1.58294,1.12,1.00
2015.09.23 05:32:37.203,1.58272,1.58297,1.12,1.00
2015.09.23 05:32:38.323,1.58272,1.58301,1.12,1.50
2015.09.23 05:32:38.841,1.58272,1.58301,1.37,1.50
2015.09.23 05:32:39.419,1.58272,1.58301,1.75,1.12
2015.09.23 05:32:40.692,1.58272,1.583,1.75,1.00
2015.09.23 05:32:41.918,1.58273,1.583,1.00,1.00
2015.09.23 05:32:42.452,1.58272,1.583,1.12,1.00
2015.09.23 05:32:44.015,1.58272,1.583,1.75,1.37
2015.09.23 05:32:44.524,1.58272,1.583,1.12,1.00
2015.09.23 05:32:45.466,1.58272,1.58298,1.12,1.00
2015.09.23 05:32:46.567,1.58272,1.583,1.12,1.00
2015.09.23 05:32:47.490,1.58273,1.58302,1.37,1.87
2015.09.23 05:32:48.577,1.58273,1.58303,1.37,1.50
2015.09.23 05:32:50.883,1.58272,1.58302,1.75,1.30
2015.09.23 05:32:51.412,1.58272,1.58303,1.37,1.50
2015.09.23 05:32:51.934,1.58272,1.58303,1.37,2.02
2015.09.23 05:32:53.551,1.58271,1.58303,1.75,2.40
2015.09.23 05:32:53.602,1.58271,1.58303,1.75,2.40
2015.09.23 05:32:54.076,1.58278,1.58302,1.00,1.37
2015.09.23 05:32:54.333,1.58284,1.58311,1.37,1.12
2015.09.23 05:32:54.384,1.58282,1.58315,1.37,2.40
2015.09.23 05:32:54.486,1.58285,1.58313,1.00,1.05
2015.09.23 05:32:54.590,1.58282,1.58315,1.00,3.00
2015.09.23 05:32:55.138,1.58278,1.58309,1.12,1.30
2015.09.23 05:32:55.190,1.58277,1.58308,1.37,1.00
2015.09.23 05:32:56.760,1.58277,1.58307,1.50,1.37
2015.09.23 05:32:58.791,1.58273,1.58306,1.87,1.12
2015.09.23 05:32:59.357,1.58273,1.58303,1.87,1.37
2015.09.23 05:32:59.874,1.58273,1.58303,1.12,1.37
2015.09.23 05:33:01.468,1.58273,1.58303,1.12,1.37
2015.09.23 05:33:01.974,1.58277,1.58304,1.00,1.37
2015.09.23 05:33:02.629,1.58272,1.58304,1.87,1.87
2015.09.23 05:33:03.302,1.58272,1.58304,1.12,1.95
2015.09.23 05:33:03.403,1.58272,1.58296,1.12,1.00
2015.09.23 05:33:03.454,1.58271,1.58296,1.12,1.12
2015.09.23 05:33:03.557,1.58267,1.58296,1.50,1.12
2015.09.23 05:33:04.400,1.58269,1.58294,1.00,1.37
2015.09.23 05:33:04.706,1.58268,1.58297,1.12,1.50
2015.09.23 05:33:04.757,1.58268,1.58297,1.75,1.50
2015.09.23 05:33:05.115,1.58269,1.58297,1.00,1.00
2015.09.23 05:33:05.707,1.58268,1.58296,1.50,1.00
2015.09.23 05:33:06.598,1.58268,1.58296,1.50,1.00
2015.09.23 05:33:07.419,1.5827,1.58297,1.00,1.12
2015.09.23 05:33:07.674,1.5827,1.58297,1.00,1.87
2015.09.23 05:33:08.413,1.58265,1.58293,2.25,1.37
2015.09.23 05:33:08.573,1.58265,1.58293,1.37,1.37
2015.09.23 05:33:09.337,1.58265,1.58288,1.37,1.00
2015.09.23 05:33:09.650,1.58261,1.58288,1.37,1.00
2015.09.23 05:33:09.810,1.58261,1.58286,1.37,1.00
2015.09.23 05:33:10.116,1.58255,1.58281,1.87,1.12
2015.09.23 05:33:10.708,1.58254,1.58281,1.00,1.12
2015.09.23 05:33:13.432,1.58254,1.58281,1.37,1.12
2015.09.23 05:33:13.635,1.58258,1.58283,1.00,2.25
2015.09.23 05:33:15.285,1.58256,1.58283,1.37,1.87
2015.09.23 05:33:15.548,1.58256,1.58283,2.62,1.00
2015.09.23 05:33:16.563,1.58258,1.58284,2.25,1.00
2015.09.23 05:33:16.716,1.58256,1.58283,1.37,1.00
2015.09.23 05:33:16.768,1.58256,1.58283,1.00,1.00
2015.09.23 05:33:16.819,1.58255,1.58279,1.87,1.00
2015.09.23 05:33:17.348,1.58255,1.5828,1.87,1.00
2015.09.23 05:33:21.429,1.58256,1.5828,1.00,1.12
2015.09.23 05:33:21.870,1.58256,1.58278,1.00,1.75
2015.09.23 05:33:23.187,1.58256,1.58272,1.00,1.37
2015.09.23 05:33:23.676,1.58248,1.58273,1.00,1.75
2015.09.23 05:33:25.612,1.58246,1.58273,1.50,2.25
2015.09.23 05:33:26.231,1.58246,1.58273,1.75,1.87
2015.09.23 05:33:26.435,1.58247,1.58275,1.50,1.50
2015.09.23 05:33:28.305,1.58247,1.58277,1.75,1.75
2015.09.23 05:33:28.809,1.58251,1.58277,1.00,1.50
2015.09.23 05:33:29.171,1.58251,1.58277,1.00,1.12
2015.09.23 05:33:29.687,1.58252,1.58277,1.00,1.12
2015.09.23 05:33:35.258,1.58252,1.58277,1.00,1.37
2015.09.23 05:33:37.186,1.58252,1.58278,1.00,1.82
2015.09.23 05:33:42.407,1.58252,1.58276,1.00,2.02
2015.09.23 05:33:42.560,1.58249,1.58271,1.00,1.57
2015.09.23 05:33:42.663,1.58245,1.58274,1.75,1.27
2015.09.23 05:33:42.714,1.58247,1.58276,1.50,4.87
2015.09.23 05:33:42.766,1.58247,1.58276,1.37,4.12
2015.09.23 05:33:43.255,1.58251,1.58276,1.00,1.82
2015.09.23 05:33:49.046,1.58252,1.58276,1.00,1.12
2015.09.23 05:33:49.250,1.5825,1.58275,1.00,1.00
2015.09.23 05:33:49.691,1.58248,1.58274,1.00,1.00
2015.09.23 05:33:50.229,1.58249,1.58274,1.00,1.12
2015.09.23 05:33:51.197,1.58254,1.58273,1.00,1.00
2015.09.23 05:33:51.249,1.5825,1.58273,1.00,1.00
2015.09.23 05:33:51.901,1.5825,1.58274,1.00,1.00
2015.09.23 05:33:52.230,1.5825,1.58272,1.00,1.00
2015.09.23 05:33:55.511,1.5825,1.58275,1.00,1.12
2015.09.23 05:33:55.664,1.58248,1.58275,1.50,1.12
2015.09.23 05:33:55.716,1.58248,1.58273,1.50,1.00
2015.09.23 05:33:57.292,1.58248,1.58274,1.87,1.00
2015.09.23 05:33:57.602,1.58248,1.58272,1.87,1.00
2015.09.23 05:33:58.503,1.58248,1.58275,1.87,1.12
2015.09.23 05:33:58.757,1.58248,1.58273,1.87,1.00
2015.09.23 05:33:59.222,1.5825,1.58273,1.00,1.00
2015.09.23 05:34:00.271,1.5825,1.58275,1.00,1.00
2015.09.23 05:34:01.078,1.5825,1.58276,1.12,1.50
2015.09.23 05:34:01.844,1.5825,1.58275,1.12,1.00
2015.09.23 05:34:05.855,1.58252,1.58275,1.00,1.00
2015.09.23 05:34:08.981,1.5825,1.58275,1.00,1.00
2015.09.23 05:34:09.834,1.5825,1.58276,1.00,1.00
2015.09.23 05:34:10.484,1.58251,1.58276,1.00,1.00
2015.09.23 05:34:10.586,1.58257,1.58276,1.00,1.00
2015.09.23 05:34:10.740,1.58254,1.58276,1.00,1.00
2015.09.23 05:34:19.813,1.58254,1.58278,1.00,1.50
2015.09.23 05:34:26.656,1.58255,1.58278,1.00,1.50
2015.09.23 05:34:27.232,1.58256,1.58282,1.00,1.00
2015.09.23 05:34:27.338,1.58259,1.58283,1.00,1.50
2015.09.23 05:34:27.760,1.58262,1.58285,1.00,2.25
2015.09.23 05:34:27.862,1.58262,1.58285,1.00,1.12
2015.09.23 05:34:27.964,1.58259,1.58285,1.12,1.12
2015.09.23 05:34:29.511,1.58259,1.58287,1.12,1.50
2015.09.23 05:34:29.940,1.58262,1.58287,1.00,1.50
2015.09.23 05:34:30.424,1.58264,1.5829,1.00,1.75
2015.09.23 05:34:30.764,1.58269,1.58291,1.00,1.95
2015.09.23 05:34:30.816,1.58269,1.58292,1.00,1.37
2015.09.23 05:34:31.070,1.58272,1.58293,1.00,1.12
2015.09.23 05:34:31.274,1.58268,1.58293,1.00,1.12
2015.09.23 05:34:37.336,1.58269,1.58292,1.00,1.37
2015.09.23 05:34:40.859,1.58269,1.5829,1.00,1.50
2015.09.23 05:34:40.911,1.58269,1.5829,1.00,2.25
2015.09.23 05:34:40.963,1.58261,1.5829,1.12,2.25
2015.09.23 05:34:41.015,1.5826,1.5829,2.25,2.70
2015.09.23 05:34:41.757,1.58263,1.58289,1.00,1.37
2015.09.23 05:34:41.859,1.58265,1.58289,1.00,1.00
2015.09.23 05:34:42.932,1.58262,1.58289,1.00,1.12
2015.09.23 05:34:43.462,1.58262,1.58289,1.37,1.12
2015.09.23 05:34:45.845,1.58262,1.58289,1.37,1.12
2015.09.23 05:34:48.099,1.58262,1.58291,1.12,1.75
2015.09.23 05:34:48.712,1.58262,1.58291,1.12,1.75
2015.09.23 05:34:49.241,1.58262,1.58288,1.12,1.00
2015.09.23 05:34:49.786,1.58262,1.58288,1.12,1.00
2015.09.23 05:34:50.670,1.58264,1.58292,1.00,1.75
2015.09.23 05:34:51.180,1.58262,1.58289,1.12,1.12
2015.09.23 05:34:51.692,1.58263,1.58289,1.00,1.12
2015.09.23 05:34:52.691,1.58262,1.58294,1.87,1.75
2015.09.23 05:34:53.716,1.58262,1.58294,1.87,1.75
2015.09.23 05:34:54.838,1.58263,1.5829,1.00,1.50
2015.09.23 05:34:58.479,1.58263,1.58288,1.00,1.00
2015.09.23 05:34:58.530,1.58263,1.58288,1.37,1.00
2015.09.23 05:34:59.061,1.58264,1.58288,1.12,1.00
2015.09.23 05:35:00.315,1.58265,1.58288,1.12,1.00
2015.09.23 05:35:01.323,1.58264,1.58288,1.12,1.00
2015.09.23 05:35:02.407,1.58266,1.58293,1.00,1.50
2015.09.23 05:35:06.339,1.58263,1.58293,2.25,1.87
2015.09.23 05:35:09.161,1.58265,1.58293,1.37,1.50
2015.09.23 05:35:13.162,1.58265,1.58292,1.12,1.00
2015.09.23 05:35:14.160,1.58265,1.58292,1.00,1.37
2015.09.23 05:35:16.164,1.58265,1.58292,1.00,1.37
2015.09.23 05:35:18.824,1.58263,1.58293,1.87,1.87
2015.09.23 05:35:19.856,1.58263,1.58293,1.87,1.87
2015.09.23 05:35:20.360,1.58263,1.58292,1.87,1.12
2015.09.23 05:35:22.106,1.58263,1.58293,1.12,2.62
2015.09.23 05:35:24.281,1.58261,1.58291,1.12,1.50
2015.09.23 05:35:24.763,1.58263,1.58291,1.12,1.50
2015.09.23 05:35:25.857,1.58263,1.58291,1.12,2.25
2015.09.23 05:35:26.837,1.58263,1.58291,1.27,2.25
2015.09.23 05:35:28.374,1.58263,1.58291,1.37,1.12
2015.09.23 05:35:28.702,1.5826,1.5828,1.87,1.00
2015.09.23 05:35:28.753,1.5826,1.5828,1.00,1.00
2015.09.23 05:35:29.008,1.58255,1.58281,1.00,1.50
2015.09.23 05:35:29.059,1.58254,1.58274,1.87,1.00
2015.09.23 05:35:29.364,1.58252,1.5827,1.12,1.00
2015.09.23 05:35:37.721,1.58251,1.58272,1.87,1.00
2015.09.23 05:35:40.585,1.58251,1.58275,1.75,1.00
2015.09.23 05:35:41.108,1.58251,1.58276,1.12,1.00
2015.09.23 05:35:41.682,1.58251,1.58276,1.37,1.00
2015.09.23 05:35:41.733,1.58251,1.58276,1.00,1.00
2015.09.23 05:35:43.390,1.5825,1.58276,1.12,1.00
2015.09.23 05:35:44.194,1.58251,1.58272,1.00,1.00
2015.09.23 05:35:45.003,1.5825,1.58269,1.50,1.00
2015.09.23 05:35:45.743,1.5825,1.58268,1.37,1.00
2015.09.23 05:35:47.342,1.5825,1.58272,1.50,1.00
2015.09.23 05:35:48.394,1.5825,1.58272,1.12,1.00
2015.09.23 05:35:48.822,1.58253,1.58272,1.37,1.00
2015.09.23 05:35:49.026,1.5825,1.58271,1.12,1.00
2015.09.23 05:35:49.139,1.5825,1.58268,1.12,1.00
2015.09.23 05:35:50.340,1.5825,1.58268,1.75,1.00
2015.09.23 05:35:50.391,1.58252,1.58271,1.00,1.00
2015.09.23 05:35:50.493,1.58252,1.58276,1.00,1.00
2015.09.23 05:35:50.833,1.58252,1.58271,1.00,1.00
2015.09.23 05:35:51.644,1.58252,1.58267,1.00,1.00
2015.09.23 05:35:51.803,1.58251,1.58272,1.37,1.00
2015.09.23 05:35:53.288,1.5825,1.58272,1.87,1.00
2015.09.23 05:35:53.985,1.5825,1.58275,1.12,1.00
2015.09.23 05:35:54.712,1.58251,1.58275,1.00,1.00
2015.09.23 05:35:55.637,1.58251,1.58271,1.00,1.00
2015.09.23 05:35:56.779,1.5825,1.58268,1.37,1.00
2015.09.23 05:35:56.881,1.5825,1.58273,1.37,1.00
2015.09.23 05:35:59.260,1.58249,1.58274,1.75,1.50
2015.09.23 05:36:00.530,1.58249,1.58273,1.75,1.00
2015.09.23 05:36:02.820,1.5825,1.58271,1.00,1.00
2015.09.23 05:36:03.125,1.58253,1.58271,1.00,1.00
2015.09.23 05:36:03.582,1.58249,1.58271,1.00,1.00
2015.09.23 05:36:06.232,1.58248,1.58272,1.87,1.00
2015.09.23 05:36:07.566,1.58256,1.58272,1.00,1.00
2015.09.23 05:36:08.265,1.58256,1.58272,1.12,1.00
2015.09.23 05:36:08.316,1.58256,1.58278,1.12,1.00
2015.09.23 05:36:09.327,1.5826,1.58278,1.12,1.00
2015.09.23 05:36:09.633,1.58274,1.58293,1.12,1.00
2015.09.23 05:36:09.684,1.58274,1.58297,1.12,1.00
2015.09.23 05:36:09.889,1.58274,1.58295,1.12,1.00
2015.09.23 05:36:09.991,1.58274,1.58297,1.12,1.00
2015.09.23 05:36:10.144,1.58274,1.58301,1.12,1.50
2015.09.23 05:36:10.966,1.58274,1.583,1.12,1.00
2015.09.23 05:36:13.679,1.58276,1.58301,1.37,1.00
2015.09.23 05:36:14.950,1.58276,1.58302,1.37,1.00
2015.09.23 05:36:17.110,1.58275,1.58303,1.87,1.12
2015.09.23 05:36:17.212,1.58275,1.58301,1.87,1.00
2015.09.23 05:36:17.568,1.58277,1.58301,1.12,1.00
2015.09.23 05:36:19.868,1.58279,1.58308,1.75,1.50
2015.09.23 05:36:20.689,1.58304,1.58316,1.12,1.50
2015.09.23 05:36:20.741,1.58304,1.58332,1.12,1.00
2015.09.23 05:36:20.792,1.58303,1.58332,1.12,1.00
2015.09.23 05:36:21.301,1.58303,1.58331,1.12,1.37
2015.09.23 05:36:21.352,1.58304,1.58331,1.00,1.37
2015.09.23 05:36:22.416,1.58303,1.58331,1.12,1.12
2015.09.23 05:36:23.329,1.58304,1.58331,1.00,1.12
2015.09.23 05:36:27.372,1.58303,1.58333,1.87,1.37
2015.09.23 05:36:27.423,1.58304,1.58333,1.37,1.00
2015.09.23 05:36:27.479,1.58305,1.58334,1.75,2.25
2015.09.23 05:36:27.784,1.58316,1.58336,1.12,1.00
2015.09.23 05:36:28.089,1.58322,1.58339,1.00,1.00
2015.09.23 05:36:28.140,1.58322,1.58346,1.00,1.12
2015.09.23 05:36:28.343,1.58319,1.58346,1.50,1.87
2015.09.23 05:36:28.941,1.58319,1.58346,1.50,1.50
2015.09.23 05:36:29.194,1.58319,1.58346,1.50,1.50
2015.09.23 05:36:29.499,1.58319,1.58343,1.00,1.12
2015.09.23 05:36:30.007,1.58319,1.58345,1.87,1.12
2015.09.23 05:36:30.742,1.58319,1.58345,1.87,1.12
2015.09.23 05:36:32.652,1.58319,1.58345,1.87,1.12
2015.09.23 05:36:34.655,1.58319,1.58345,1.87,1.12
2015.09.23 05:36:35.666,1.58319,1.58345,1.87,1.75
2015.09.23 05:36:37.112,1.58319,1.58345,1.87,1.75
2015.09.23 05:36:38.890,1.5832,1.58345,1.37,1.75
2015.09.23 05:36:39.672,1.5832,1.58347,1.37,1.12
2015.09.23 05:36:39.723,1.5832,1.5835,1.37,2.25
2015.09.23 05:36:42.499,1.5832,1.5835,1.37,3.00
2015.09.23 05:36:43.508,1.5832,1.5835,1.37,3.00
2015.09.23 05:36:44.371,1.58322,1.5835,1.00,1.50
2015.09.23 05:36:44.474,1.58322,1.5835,1.50,1.37
2015.09.23 05:36:46.034,1.58322,1.58352,1.87,1.50
2015.09.23 05:36:46.481,1.58322,1.58352,2.25,1.37
2015.09.23 05:36:48.691,1.58322,1.58352,2.25,1.37
2015.09.23 05:36:50.651,1.58325,1.58352,1.00,1.37
2015.09.23 05:36:51.263,1.58325,1.58352,1.00,1.75
2015.09.23 05:36:51.720,1.58322,1.58352,1.87,1.75
2015.09.23 05:36:53.774,1.58322,1.58352,1.12,1.75
2015.09.23 05:36:57.918,1.58325,1.58352,1.00,1.75
2015.09.23 05:36:59.227,1.58325,1.58353,1.00,1.75
2015.09.23 05:36:59.739,1.58325,1.58353,1.00,1.75
2015.09.23 05:37:00.271,1.58325,1.58353,1.00,1.37
2015.09.23 05:37:00.444,1.58325,1.58353,1.00,1.37
2015.09.23 05:37:00.953,1.58326,1.58353,1.00,1.37
2015.09.23 05:37:03.341,1.58326,1.58353,1.00,1.75
2015.09.23 05:37:03.646,1.58328,1.58355,1.00,2.62
2015.09.23 05:37:04.458,1.58328,1.58354,1.00,1.12
2015.09.23 05:37:05.105,1.58328,1.58355,1.00,1.87
2015.09.23 05:37:05.460,1.58328,1.58355,1.00,1.75
2015.09.23 05:37:12.716,1.58328,1.58353,1.00,1.50
2015.09.23 05:37:13.831,1.58328,1.58353,1.00,1.50
2015.09.23 05:37:14.743,1.58328,1.58354,1.00,1.75
2015.09.23 05:37:14.947,1.58322,1.58354,1.75,2.25
2015.09.23 05:37:15.951,1.58322,1.58354,1.75,2.25
2015.09.23 05:37:16.808,1.58324,1.58353,1.00,1.00
2015.09.23 05:37:18.959,1.58325,1.58353,1.00,1.00
2015.09.23 05:37:19.112,1.58325,1.58357,1.37,1.82
2015.09.23 05:37:20.478,1.58325,1.58357,1.37,2.25
2015.09.23 05:37:22.015,1.58325,1.58356,1.50,1.00
2015.09.23 05:37:22.893,1.58329,1.58356,1.00,1.00
2015.09.23 05:37:23.199,1.58332,1.58356,1.00,1.00
2015.09.23 05:37:23.251,1.58332,1.58358,1.12,1.00
2015.09.23 05:37:23.455,1.58332,1.5836,1.75,1.00
2015.09.23 05:37:25.201,1.58332,1.58359,1.75,1.50
2015.09.23 05:37:25.353,1.58328,1.58356,1.00,1.00
2015.09.23 05:37:25.455,1.58328,1.58355,1.00,1.75
2015.09.23 05:37:25.506,1.58322,1.58354,2.70,1.50
2015.09.23 05:37:25.898,1.58322,1.58348,1.50,1.00
2015.09.23 05:37:26.154,1.58314,1.58342,1.10,1.00
2015.09.23 05:37:26.205,1.5831,1.58338,2.25,1.50
2015.09.23 05:37:26.307,1.58307,1.58338,1.87,1.87
2015.09.23 05:37:27.489,1.58309,1.58338,1.50,1.87
2015.09.23 05:37:28.223,1.58309,1.58338,1.50,1.87
2015.09.23 05:37:29.235,1.58307,1.58338,2.62,1.87
2015.09.23 05:37:30.351,1.58307,1.58335,2.62,1.00
2015.09.23 05:37:31.068,1.58308,1.58338,1.12,1.50
2015.09.23 05:37:31.170,1.58308,1.58338,1.12,1.50
2015.09.23 05:37:33.031,1.58307,1.58338,2.62,1.87
2015.09.23 05:37:34.377,1.58307,1.58338,3.00,1.87
2015.09.23 05:37:35.142,1.58308,1.58338,1.75,1.87
2015.09.23 05:37:40.184,1.58309,1.58338,1.37,1.12
2015.09.23 05:37:43.758,1.58309,1.58338,1.37,1.12
2015.09.23 05:37:46.607,1.58309,1.58337,1.00,1.75
2015.09.23 05:37:48.192,1.58309,1.58336,1.00,1.00
2015.09.23 05:37:57.597,1.58309,1.58337,1.00,1.12
2015.09.23 05:38:00.636,1.58307,1.58337,1.12,1.37
2015.09.23 05:38:02.284,1.58308,1.58337,1.12,1.50
2015.09.23 05:38:03.637,1.58308,1.58337,1.12,2.25
2015.09.23 05:38:05.897,1.58307,1.58335,1.75,1.12
2015.09.23 05:38:06.899,1.58317,1.58341,1.00,1.00
2015.09.23 05:38:06.951,1.58317,1.58345,1.00,1.50
2015.09.23 05:38:07.005,1.58317,1.58345,1.75,1.50
2015.09.23 05:38:07.056,1.58319,1.58347,1.37,1.00
2015.09.23 05:38:07.478,1.58319,1.58345,1.37,1.00
2015.09.23 05:38:08.482,1.58317,1.58344,1.37,1.50
2015.09.23 05:38:08.538,1.58317,1.58344,1.00,1.87
2015.09.23 05:38:08.692,1.58315,1.58341,1.37,1.00
2015.09.23 05:38:08.844,1.58315,1.58344,1.12,3.00
2015.09.23 05:38:10.466,1.58315,1.58344,1.00,2.62
2015.09.23 05:38:11.353,1.58315,1.58344,1.37,2.62
2015.09.23 05:38:11.734,1.58315,1.58342,1.00,1.37
2015.09.23 05:38:12.344,1.58315,1.58344,1.37,1.50
2015.09.23 05:38:12.447,1.58315,1.58345,2.62,2.25
2015.09.23 05:38:13.121,1.5832,1.58345,1.00,1.12
2015.09.23 05:38:14.050,1.58318,1.58345,1.12,1.87
2015.09.23 05:38:15.034,1.58318,1.58345,1.12,1.87
2015.09.23 05:38:17.109,1.58318,1.58345,1.12,1.37
2015.09.23 05:38:17.575,1.58313,1.58342,1.87,1.00
2015.09.23 05:38:18.083,1.58313,1.58344,1.87,2.25
2015.09.23 05:38:18.430,1.58313,1.58341,1.50,1.37
2015.09.23 05:38:18.584,1.58313,1.58341,1.50,1.12
2015.09.23 05:38:22.192,1.58312,1.58342,1.12,2.25
2015.09.23 05:38:24.132,1.58322,1.58342,1.12,1.00
2015.09.23 05:38:24.183,1.58327,1.58349,1.00,1.00
2015.09.23 05:38:24.538,1.58325,1.58349,1.00,1.00
2015.09.23 05:38:24.886,1.58325,1.58347,1.00,1.00
2015.09.23 05:38:26.146,1.58325,1.58349,1.00,1.12
2015.09.23 05:38:27.471,1.58325,1.58353,1.00,3.00
2015.09.23 05:38:31.139,1.58325,1.58353,1.12,1.37
2015.09.23 05:38:37.476,1.58325,1.58353,1.50,1.37
2015.09.23 05:38:38.771,1.58328,1.58353,1.00,1.87
2015.09.23 05:38:39.621,1.58328,1.58354,1.50,1.37
2015.09.23 05:38:39.673,1.58328,1.58354,1.87,1.00
2015.09.23 05:38:40.181,1.58328,1.58353,1.50,1.00
2015.09.23 05:38:40.486,1.58328,1.58358,1.87,1.50
2015.09.23 05:38:47.098,1.58329,1.58358,1.12,1.37
2015.09.23 05:38:50.795,1.58329,1.58356,1.00,1.37
2015.09.23 05:38:51.101,1.58324,1.58354,1.87,1.12
2015.09.23 05:38:52.874,1.58324,1.58354,2.25,1.37
2015.09.23 05:38:53.449,1.58324,1.58354,2.25,1.12
2015.09.23 05:38:55.175,1.58328,1.58354,1.00,1.12
2015.09.23 05:38:55.227,1.58329,1.58358,1.00,1.75
2015.09.23 05:38:55.278,1.58329,1.58358,1.00,1.50
2015.09.23 05:38:55.635,1.58328,1.58354,1.00,1.37
2015.09.23 05:38:55.737,1.58325,1.58354,1.37,1.37
2015.09.23 05:39:01.541,1.58325,1.58353,1.00,1.12
2015.09.23 05:39:06.155,1.58321,1.58349,3.00,1.37
2015.09.23 05:39:06.693,1.58321,1.58349,3.00,1.37
2015.09.23 05:39:08.736,1.58321,1.58349,3.00,1.37
2015.09.23 05:39:10.717,1.58321,1.58349,2.25,1.37
2015.09.23 05:39:13.046,1.58321,1.58349,1.87,1.37
2015.09.23 05:39:13.744,1.58321,1.58349,2.25,1.37
2015.09.23 05:39:14.748,1.58321,1.58349,2.25,1.37
2015.09.23 05:39:16.373,1.58321,1.5835,2.25,1.12
2015.09.23 05:39:19.726,1.58322,1.58349,1.12,1.00
2015.09.23 05:39:30.659,1.58322,1.58349,1.50,1.00
2015.09.23 05:39:31.037,1.58325,1.58349,1.00,1.00
2015.09.23 05:39:32.396,1.58323,1.58349,1.12,1.00
2015.09.23 05:39:34.004,1.58323,1.58349,1.37,1.00
2015.09.23 05:39:35.654,1.58322,1.58349,1.87,1.00
2015.09.23 05:39:38.158,1.58322,1.58349,1.37,1.00
2015.09.23 05:39:38.704,1.58322,1.5835,1.37,1.12
2015.09.23 05:39:40.364,1.58322,1.5835,1.00,1.00
2015.09.23 05:39:40.902,1.58321,1.5835,3.00,1.00
2015.09.23 05:39:51.397,1.58321,1.5835,3.00,1.00
2015.09.23 05:39:51.737,1.58323,1.5835,1.50,1.00
2015.09.23 05:39:52.338,1.58324,1.5835,1.00,1.00
2015.09.23 05:39:52.795,1.58321,1.5835,2.62,1.12
2015.09.23 05:39:53.219,1.58317,1.58349,2.02,1.75
2015.09.23 05:39:53.691,1.58317,1.58347,1.87,1.12
2015.09.23 05:39:54.736,1.58317,1.58345,2.62,1.37
2015.09.23 05:39:55.646,1.58317,1.58345,1.50,1.12
2015.09.23 05:39:56.246,1.58316,1.58344,1.12,1.12
2015.09.23 05:39:56.782,1.58316,1.58344,1.37,1.75
2015.09.23 05:39:57.698,1.58316,1.58344,1.12,1.12
2015.09.23 05:39:58.234,1.58317,1.58344,1.12,1.12
2015.09.23 05:39:58.914,1.58317,1.58344,1.37,1.75
2015.09.23 05:39:59.536,1.58318,1.58345,1.12,1.75
2015.09.23 05:40:00.500,1.58318,1.58345,1.37,1.75
2015.09.23 05:40:05.486,1.58318,1.58346,1.50,1.87
2015.09.23 05:40:06.031,1.58319,1.58346,1.00,1.75
2015.09.23 05:40:06.565,1.58318,1.58346,2.25,1.87
2015.09.23 05:40:07.531,1.58318,1.58346,2.25,1.75
2015.09.23 05:40:08.742,1.58318,1.58346,2.25,1.87
2015.09.23 05:40:09.282,1.58318,1.58346,2.25,1.75
2015.09.23 05:40:10.694,1.58318,1.58346,2.25,1.75
2015.09.23 05:40:11.605,1.58323,1.58346,1.87,1.75
2015.09.23 05:40:11.657,1.58323,1.58346,1.87,1.00
2015.09.23 05:40:11.708,1.58325,1.58346,1.75,1.00
2015.09.23 05:40:12.115,1.58328,1.58349,1.50,1.00
2015.09.23 05:40:13.884,1.58328,1.5835,1.00,1.00
2015.09.23 05:40:13.986,1.58328,1.58347,1.00,1.00
2015.09.23 05:40:14.037,1.58325,1.58347,1.00,1.00
2015.09.23 05:40:14.546,1.58325,1.58346,1.00,1.00
2015.09.23 05:40:15.784,1.58326,1.58346,1.00,1.00
2015.09.23 05:40:15.835,1.58326,1.58346,1.37,1.00
2015.09.23 05:40:15.886,1.58326,1.58348,1.37,1.00
2015.09.23 05:40:15.938,1.5833,1.58348,1.12,1.00
2015.09.23 05:40:16.192,1.5833,1.5835,1.12,1.00
2015.09.23 05:40:16.396,1.58331,1.5835,1.00,1.00
2015.09.23 05:40:16.549,1.58326,1.58347,1.50,1.00
2015.09.23 05:40:17.422,1.58326,1.5835,1.00,1.00
2015.09.23 05:40:19.781,1.58323,1.5835,1.50,1.12
2015.09.23 05:40:19.884,1.58323,1.58348,1.50,1.00
2015.09.23 05:40:20.563,1.58323,1.58345,1.50,1.00
2015.09.23 05:40:20.666,1.58323,1.58348,1.50,1.00
2015.09.23 05:40:21.415,1.58323,1.58346,1.50,1.00
2015.09.23 05:40:28.782,1.58321,1.58348,1.12,1.00
2015.09.23 05:40:29.131,1.58321,1.58351,1.12,1.50
2015.09.23 05:40:30.929,1.58326,1.58351,1.00,1.50
2015.09.23 05:40:34.684,1.58325,1.5835,1.00,1.12
2015.09.23 05:40:34.990,1.58327,1.5835,1.00,1.12
2015.09.23 05:40:37.993,1.58326,1.58352,1.00,2.62
2015.09.23 05:40:38.298,1.5833,1.58354,2.25,1.00
2015.09.23 05:40:38.602,1.58333,1.58356,1.00,1.50
2015.09.23 05:40:39.723,1.58333,1.58357,1.00,1.00
2015.09.23 05:40:40.247,1.58332,1.58356,1.12,1.00
2015.09.23 05:40:44.559,1.58334,1.58356,1.00,1.50
2015.09.23 05:40:52.506,1.58335,1.58359,1.00,1.87
2015.09.23 05:40:57.313,1.58333,1.58359,1.37,2.25
2015.09.23 05:40:59.993,1.58334,1.58359,1.37,1.87
2015.09.23 05:41:09.329,1.58335,1.58362,1.87,1.00
2015.09.23 05:41:09.431,1.58335,1.58364,2.62,1.50
2015.09.23 05:41:09.685,1.5834,1.58367,1.12,1.00
2015.09.23 05:41:09.736,1.58342,1.5837,1.37,1.37
2015.09.23 05:41:09.788,1.58342,1.5837,1.37,1.00
2015.09.23 05:41:09.891,1.58344,1.5837,1.37,1.00
2015.09.23 05:41:10.659,1.58346,1.58373,1.75,1.37
2015.09.23 05:41:11.098,1.58346,1.58376,1.87,1.50
2015.09.23 05:41:13.056,1.58346,1.58376,1.12,1.75
2015.09.23 05:41:13.158,1.58347,1.58376,1.12,1.50
2015.09.23 05:41:16.138,1.58349,1.58376,1.00,1.12
2015.09.23 05:41:19.951,1.58347,1.58376,2.25,1.12
2015.09.23 05:41:26.611,1.58347,1.58376,2.62,1.50
2015.09.23 05:41:27.259,1.58347,1.58376,2.62,1.50
2015.09.23 05:41:27.772,1.58347,1.58374,2.62,1.12
2015.09.23 05:41:28.741,1.58347,1.58374,1.87,1.50
2015.09.23 05:41:30.434,1.58347,1.58372,1.12,1.00
2015.09.23 05:41:33.297,1.58347,1.58375,2.25,1.50
2015.09.23 05:41:33.842,1.58347,1.58375,2.62,1.50
2015.09.23 05:41:35.455,1.58348,1.58375,1.12,1.12
2015.09.23 05:41:36.366,1.5835,1.58379,1.37,1.87
2015.09.23 05:41:36.978,1.5835,1.58377,1.37,1.00
2015.09.23 05:41:37.283,1.58347,1.58375,1.12,1.75
2015.09.23 05:41:40.888,1.58347,1.58373,1.12,1.00
2015.09.23 05:41:52.167,1.58347,1.58373,1.12,1.37
2015.09.23 05:41:52.701,1.58347,1.58373,1.12,1.12
2015.09.23 05:41:53.208,1.58347,1.58373,1.12,1.50
2015.09.23 05:41:59.135,1.58347,1.58373,1.12,1.50
2015.09.23 05:41:59.655,1.58347,1.58373,1.50,1.50
2015.09.23 05:42:05.413,1.58347,1.58374,1.87,1.50
2015.09.23 05:42:16.216,1.5835,1.58379,1.50,1.87
2015.09.23 05:42:16.723,1.5835,1.58376,1.37,1.12
2015.09.23 05:42:28.637,1.5835,1.58379,1.87,2.62
2015.09.23 05:42:29.161,1.5835,1.58379,2.25,2.62
2015.09.23 05:42:31.422,1.5835,1.58379,1.50,1.87
2015.09.23 05:42:40.132,1.58349,1.58379,1.87,1.87
2015.09.23 05:42:41.528,1.58349,1.58377,1.50,1.37
2015.09.23 05:42:42.135,1.58349,1.58377,1.50,1.12
2015.09.23 05:42:51.286,1.58348,1.58377,1.75,1.37
2015.09.23 05:42:56.990,1.58348,1.58378,2.25,1.37
2015.09.23 05:42:57.893,1.58348,1.58378,1.50,1.00
2015.09.23 05:42:59.286,1.58348,1.58379,2.25,2.25
2015.09.23 05:43:00.728,1.58348,1.58379,2.25,1.12
2015.09.23 05:43:01.276,1.5835,1.58378,1.37,1.00
2015.09.23 05:43:02.084,1.58353,1.58378,1.00,1.00
2015.09.23 05:43:04.274,1.58353,1.58379,1.00,1.12
2015.09.23 05:43:05.605,1.58353,1.58379,1.00,1.37
2015.09.23 05:43:07.808,1.58351,1.58379,1.12,1.75
2015.09.23 05:43:10.135,1.58349,1.58377,1.12,1.00
2015.09.23 05:43:17.248,1.5835,1.58377,1.00,1.00
2015.09.23 05:43:19.029,1.5835,1.58377,1.00,1.50
2015.09.23 05:43:19.131,1.5835,1.58375,1.00,1.37
2015.09.23 05:43:19.487,1.58348,1.58373,1.00,1.00
2015.09.23 05:43:28.650,1.58348,1.58373,1.00,1.75
2015.09.23 05:43:28.803,1.58345,1.58372,1.12,1.12
2015.09.23 05:43:29.336,1.58345,1.58371,1.12,1.12
2015.09.23 05:43:30.650,1.58345,1.58371,1.00,1.75
2015.09.23 05:43:31.279,1.58345,1.58363,1.00,1.00
2015.09.23 05:43:31.585,1.58339,1.58356,1.00,1.12
2015.09.23 05:43:31.687,1.58337,1.58356,1.00,1.12
2015.09.23 05:43:32.167,1.58334,1.58356,1.00,1.12
2015.09.23 05:43:32.779,1.58336,1.58356,1.00,1.12
2015.09.23 05:43:33.084,1.58343,1.58361,1.00,1.75
2015.09.23 05:43:33.135,1.58343,1.58361,1.00,1.00
2015.09.23 05:43:33.238,1.58343,1.58363,1.12,1.00
2015.09.23 05:43:33.290,1.58341,1.58365,1.87,1.00
2015.09.23 05:43:33.650,1.58352,1.58365,1.00,1.00
2015.09.23 05:43:33.702,1.58352,1.58374,1.00,1.07
2015.09.23 05:43:33.959,1.58352,1.58377,1.00,1.50
2015.09.23 05:43:34.221,1.58357,1.58378,1.00,1.75
2015.09.23 05:43:34.425,1.58361,1.58383,1.00,1.12
2015.09.23 05:43:37.907,1.58357,1.58383,1.12,1.12
2015.09.23 05:43:37.959,1.58356,1.58383,1.37,1.87
2015.09.23 05:43:38.600,1.58354,1.58378,1.87,1.37
2015.09.23 05:43:38.959,1.58354,1.58375,1.00,1.37
2015.09.23 05:43:39.062,1.58347,1.58371,1.00,1.50
2015.09.23 05:43:39.165,1.58345,1.58371,1.00,1.50
2015.09.23 05:43:39.216,1.58351,1.58371,1.00,1.50
2015.09.23 05:43:39.369,1.58351,1.58376,1.00,1.87
2015.09.23 05:43:39.472,1.58351,1.58376,1.12,1.50
2015.09.23 05:43:40.251,1.58351,1.58375,1.12,1.00
2015.09.23 05:43:40.786,1.58351,1.58377,1.12,1.37
2015.09.23 05:43:40.837,1.58354,1.58377,1.00,1.37
2015.09.23 05:43:41.143,1.5836,1.58383,1.37,1.37
2015.09.23 05:43:41.727,1.5836,1.58383,1.37,1.37
2015.09.23 05:43:41.779,1.5836,1.58383,1.37,1.00
2015.09.23 05:43:42.174,1.5836,1.58382,1.75,1.00
2015.09.23 05:43:42.429,1.5836,1.58384,1.75,1.00
2015.09.23 05:43:42.684,1.5836,1.58386,1.75,1.00
2015.09.23 05:43:42.976,1.5836,1.58386,1.75,1.00
2015.09.23 05:43:43.519,1.5836,1.58385,1.75,1.00
2015.09.23 05:43:44.085,1.5836,1.58386,1.75,1.00
2015.09.23 05:43:45.571,1.58361,1.58386,1.50,1.00
2015.09.23 05:43:46.502,1.58361,1.58386,1.37,1.00
2015.09.23 05:43:46.870,1.58361,1.58386,1.37,1.00
2015.09.23 05:43:47.679,1.58361,1.58386,1.37,1.87
2015.09.23 05:43:49.809,1.5836,1.58386,1.37,1.75
2015.09.23 05:43:50.321,1.58359,1.58386,1.87,1.75
2015.09.23 05:43:51.612,1.58359,1.58383,1.87,1.00
2015.09.23 05:43:52.426,1.58359,1.58384,1.87,1.12
2015.09.23 05:43:52.842,1.58359,1.58384,1.50,1.12
2015.09.23 05:43:53.875,1.5836,1.58384,1.00,1.12
2015.09.23 05:43:54.380,1.58359,1.58384,1.00,1.12
2015.09.23 05:43:56.014,1.5836,1.58384,1.00,1.12
2015.09.23 05:43:56.116,1.58362,1.58385,1.00,1.50
2015.09.23 05:43:56.637,1.58363,1.58386,1.00,1.87
2015.09.23 05:43:57.771,1.58362,1.58386,1.00,1.87
2015.09.23 05:43:59.690,1.58362,1.58386,1.00,1.50
2015.09.23 05:44:00.272,1.58362,1.58386,1.00,1.12
2015.09.23 05:44:02.382,1.58361,1.58386,1.00,1.12
2015.09.23 05:44:04.272,1.58361,1.58386,1.00,1.37
2015.09.23 05:44:06.985,1.58362,1.58385,1.00,1.37
2015.09.23 05:44:07.623,1.58362,1.58385,1.00,1.87
2015.09.23 05:44:08.337,1.58361,1.58385,1.00,1.12
2015.09.23 05:44:10.279,1.58359,1.58385,1.12,1.12
2015.09.23 05:44:16.796,1.58359,1.58384,1.00,1.12
2015.09.23 05:44:17.994,1.58358,1.58384,1.00,1.75
2015.09.23 05:44:18.369,1.58355,1.58384,1.00,2.25
2015.09.23 05:44:19.070,1.58354,1.58384,1.00,2.25
2015.09.23 05:44:23.924,1.58354,1.58384,1.50,1.87
2015.09.23 05:44:24.437,1.58356,1.58383,1.00,1.12
2015.09.23 05:44:24.941,1.58356,1.58383,1.37,1.12
2015.09.23 05:44:26.750,1.58356,1.58383,1.37,1.00
2015.09.23 05:44:28.942,1.58356,1.58383,1.37,1.00
2015.09.23 05:44:31.957,1.58356,1.58383,1.37,1.00
2015.09.23 05:44:32.951,1.58356,1.58383,1.37,1.00
2015.09.23 05:44:37.957,1.58357,1.58383,1.37,1.00
2015.09.23 05:44:41.858,1.58359,1.58384,1.00,1.12
2015.09.23 05:44:47.624,1.58357,1.58384,1.37,1.12
2015.09.23 05:44:47.929,1.58362,1.58386,1.00,1.12
2015.09.23 05:44:48.436,1.58363,1.58387,1.00,1.12
2015.09.23 05:44:51.533,1.58361,1.58384,1.00,2.62
2015.09.23 05:44:51.635,1.58358,1.58384,1.00,2.62
2015.09.23 05:44:51.687,1.58358,1.58381,1.00,1.12
2015.09.23 05:44:52.198,1.58353,1.5838,1.87,1.75
2015.09.23 05:44:52.779,1.5835,1.58377,1.12,1.50
2015.09.23 05:44:53.101,1.58352,1.58373,1.00,1.00
2015.09.23 05:44:54.197,1.58349,1.58373,1.87,1.00
2015.09.23 05:45:00.267,1.58348,1.58373,1.50,1.00
2015.09.23 05:45:04.274,1.58349,1.58373,1.00,1.00
2015.09.23 05:45:06.736,1.58349,1.58373,2.25,1.00
2015.09.23 05:45:07.421,1.58352,1.58373,1.00,1.00
2015.09.23 05:45:14.260,1.58352,1.58377,1.12,1.12
2015.09.23 05:45:16.454,1.58353,1.58377,1.00,1.12
2015.09.23 05:45:16.989,1.58354,1.58378,1.12,1.87
2015.09.23 05:45:17.636,1.58354,1.58378,1.37,1.75
2015.09.23 05:45:25.874,1.58354,1.5838,1.00,2.25
2015.09.23 05:45:26.976,1.58354,1.5838,1.37,1.87
2015.09.23 05:45:27.027,1.58354,1.5838,1.50,1.00
2015.09.23 05:45:27.129,1.58354,1.58378,1.37,1.00
2015.09.23 05:45:27.672,1.58354,1.58378,1.00,1.00
2015.09.23 05:45:41.884,1.58352,1.58378,2.62,1.00
2015.09.23 05:45:43.416,1.58353,1.58378,1.37,1.00
2015.09.23 05:45:44.136,1.58352,1.58378,3.75,1.00
2015.09.23 05:45:46.556,1.58352,1.5838,3.00,1.50
2015.09.23 05:46:05.669,1.58358,1.58386,1.75,1.27
2015.09.23 05:46:06.246,1.58359,1.58387,1.50,1.00
2015.09.23 05:46:07.192,1.58358,1.58387,1.75,1.00
2015.09.23 05:46:07.245,1.58358,1.58387,1.87,1.00
2015.09.23 05:46:09.008,1.58358,1.58387,1.75,1.00
2015.09.23 05:46:13.162,1.58358,1.58387,1.12,1.50
2015.09.23 05:46:13.467,1.5835,1.58373,1.00,1.37
2015.09.23 05:46:13.828,1.58343,1.5837,1.12,1.12
2015.09.23 05:46:13.880,1.58338,1.5837,2.25,2.25
2015.09.23 05:46:14.752,1.58338,1.5837,1.87,3.00
2015.09.23 05:46:15.289,1.58338,1.58368,2.25,1.12
2015.09.23 05:46:18.818,1.58338,1.58368,1.75,1.12
2015.09.23 05:46:20.822,1.58339,1.58367,1.00,1.37
2015.09.23 05:46:21.831,1.58337,1.58367,1.12,1.37
2015.09.23 05:46:23.831,1.58339,1.58367,1.00,1.37
2015.09.23 05:46:24.839,1.58337,1.58367,1.12,1.37
2015.09.23 05:46:26.060,1.58342,1.58367,1.00,1.37
2015.09.23 05:46:26.593,1.5834,1.58367,1.37,1.37
2015.09.23 05:46:27.341,1.5834,1.58367,1.12,1.37
2015.09.23 05:46:34.578,1.5834,1.58367,1.50,1.37
2015.09.23 05:46:35.692,1.58342,1.58367,1.00,1.37
2015.09.23 05:46:38.570,1.58342,1.58368,1.87,1.37
2015.09.23 05:46:39.599,1.58343,1.58368,1.12,1.12
2015.09.23 05:46:40.889,1.58344,1.58368,1.00,1.12
2015.09.23 05:46:48.737,1.58345,1.58368,1.00,1.00
2015.09.23 05:46:52.533,1.58346,1.58372,1.00,1.87
2015.09.23 05:46:52.961,1.58348,1.58372,1.00,1.37
2015.09.23 05:46:54.463,1.58347,1.58372,1.12,1.37
2015.09.23 05:46:57.783,1.58344,1.58372,2.25,1.12
2015.09.23 05:46:57.834,1.58344,1.58372,2.25,1.37
2015.09.23 05:46:59.810,1.58344,1.58374,2.62,1.12
2015.09.23 05:47:00.457,1.58347,1.58374,1.75,1.12
2015.09.23 05:47:01.361,1.58346,1.58378,3.37,1.87
2015.09.23 05:47:02.162,1.5835,1.58381,1.75,1.87
2015.09.23 05:47:02.264,1.58353,1.58382,1.37,2.62
2015.09.23 05:47:02.671,1.58356,1.58385,1.50,1.87
2015.09.23 05:47:02.875,1.58363,1.58384,1.00,1.12
2015.09.23 05:47:03.872,1.5836,1.58385,1.00,1.12
2015.09.23 05:47:05.804,1.58358,1.58385,1.12,1.12
2015.09.23 05:47:07.588,1.58358,1.58385,1.87,1.12
2015.09.23 05:47:07.852,1.58358,1.58385,1.50,1.00
2015.09.23 05:47:08.228,1.58357,1.58385,1.50,1.12
2015.09.23 05:47:08.741,1.58357,1.58384,1.12,1.00
2015.09.23 05:47:10.573,1.58358,1.58384,1.00,1.00
2015.09.23 05:47:12.113,1.58357,1.58384,1.87,1.00
2015.09.23 05:47:12.168,1.58357,1.58384,1.50,1.37
2015.09.23 05:47:12.474,1.58354,1.58379,1.00,1.50
2015.09.23 05:47:12.779,1.58351,1.58371,1.00,1.00
2015.09.23 05:47:13.084,1.58348,1.58372,1.00,1.87
2015.09.23 05:47:14.307,1.58343,1.58372,1.95,1.87
2015.09.23 05:47:14.410,1.58343,1.58371,1.12,1.37
2015.09.23 05:47:14.767,1.58339,1.58367,1.12,1.37
2015.09.23 05:47:14.818,1.58339,1.58367,1.12,1.00
2015.09.23 05:47:14.921,1.5834,1.58368,1.37,1.00
2015.09.23 05:47:15.485,1.58341,1.58368,1.75,1.00
2015.09.23 05:47:17.287,1.58339,1.58366,2.25,1.00
2015.09.23 05:47:17.712,1.58332,1.58356,1.50,1.00
2015.09.23 05:47:17.763,1.58328,1.58356,1.45,1.00
2015.09.23 05:47:18.390,1.58327,1.58355,1.37,1.00
2015.09.23 05:47:18.830,1.58327,1.58355,1.00,1.50
2015.09.23 05:47:20.348,1.58327,1.58355,1.00,1.50
2015.09.23 05:47:23.069,1.58327,1.58355,1.00,2.25
2015.09.23 05:47:23.577,1.58327,1.58355,1.00,1.50
2015.09.23 05:47:24.439,1.58327,1.58355,1.37,1.50
2015.09.23 05:47:34.123,1.58326,1.58354,1.12,1.37
2015.09.23 05:47:34.968,1.58327,1.58353,1.00,1.00
2015.09.23 05:47:35.470,1.58326,1.58354,1.12,1.37
2015.09.23 05:47:35.972,1.58327,1.58353,1.00,1.00
2015.09.23 05:47:40.324,1.58325,1.58353,1.50,1.00
2015.09.23 05:47:40.832,1.58326,1.58354,1.00,2.25
2015.09.23 05:47:45.025,1.58323,1.58351,1.75,1.00
2015.09.23 05:47:49.630,1.58322,1.58351,1.87,1.00
2015.09.23 05:47:50.394,1.58325,1.58353,1.75,1.12
2015.09.23 05:47:50.825,1.58322,1.58352,2.25,1.12
2015.09.23 05:47:51.131,1.58322,1.58348,1.37,1.87
2015.09.23 05:47:51.640,1.58318,1.58347,1.12,1.12
2015.09.23 05:47:52.075,1.58317,1.58347,1.12,1.37
2015.09.23 05:47:53.982,1.58317,1.58347,1.12,1.12
2015.09.23 05:47:54.775,1.58316,1.58347,1.75,1.12
2015.09.23 05:47:54.980,1.58316,1.58346,1.12,1.00
2015.09.23 05:47:55.502,1.58318,1.58347,1.12,1.12
2015.09.23 05:47:56.158,1.58318,1.58346,1.50,1.00
2015.09.23 05:47:56.353,1.5832,1.58346,1.00,1.00
2015.09.23 05:47:58.443,1.5832,1.58347,1.00,1.87
2015.09.23 05:48:00.458,1.5832,1.58349,1.37,1.75
2015.09.23 05:48:00.763,1.58324,1.58352,1.37,1.50
2015.09.23 05:48:03.603,1.58324,1.58352,1.75,1.50
2015.09.23 05:48:07.774,1.58324,1.58353,1.12,1.12
2015.09.23 05:48:08.486,1.58323,1.58353,1.87,1.12
2015.09.23 05:48:08.687,1.58323,1.58352,1.87,1.37
2015.09.23 05:48:12.621,1.58328,1.5835,1.00,1.12
2015.09.23 05:48:12.825,1.58319,1.58348,1.87,1.87
2015.09.23 05:48:13.652,1.58319,1.58348,1.87,1.87
2015.09.23 05:48:13.704,1.58321,1.5835,1.00,1.75
2015.09.23 05:48:15.219,1.5832,1.58346,1.12,1.50
2015.09.23 05:48:15.669,1.58318,1.58343,1.37,1.00
2015.09.23 05:48:16.178,1.58318,1.58343,1.37,1.37
2015.09.23 05:48:16.718,1.58318,1.58343,1.00,1.37
2015.09.23 05:48:30.322,1.58317,1.58343,1.12,1.87
2015.09.23 05:48:31.358,1.58321,1.58349,1.50,1.12
2015.09.23 05:48:31.460,1.58323,1.5835,1.00,1.50
2015.09.23 05:48:32.103,1.58323,1.58348,1.12,1.37
2015.09.23 05:48:33.805,1.5832,1.58348,2.25,1.00
2015.09.23 05:48:34.264,1.58324,1.5835,1.00,1.00
2015.09.23 05:48:34.367,1.58322,1.58354,1.87,1.75
2015.09.23 05:48:34.875,1.58328,1.58355,1.37,1.12
2015.09.23 05:48:35.078,1.58333,1.58358,1.00,1.75
2015.09.23 05:48:37.911,1.58331,1.58358,1.00,1.75
2015.09.23 05:48:40.665,1.58329,1.58357,1.75,1.87
2015.09.23 05:48:48.770,1.58321,1.58345,1.75,1.37
2015.09.23 05:48:48.834,1.5832,1.58345,1.37,1.87
2015.09.23 05:48:48.887,1.58316,1.58342,2.62,1.12
2015.09.23 05:48:48.943,1.58313,1.5834,1.75,1.37
2015.09.23 05:48:48.995,1.58308,1.58337,1.82,1.12
2015.09.23 05:48:49.097,1.58308,1.58337,1.50,1.12
2015.09.23 05:48:49.149,1.58308,1.58331,1.00,1.00
2015.09.23 05:48:49.454,1.583,1.5833,1.47,1.87
2015.09.23 05:48:50.872,1.58301,1.58326,1.50,1.50
2015.09.23 05:48:51.826,1.58301,1.58328,1.12,1.12
2015.09.23 05:48:52.376,1.58301,1.58328,1.37,1.12
2015.09.23 05:48:55.034,1.58302,1.5833,1.60,1.12
2015.09.23 05:48:55.458,1.58313,1.58336,1.75,1.75
2015.09.23 05:48:55.514,1.58315,1.58344,1.37,1.87
2015.09.23 05:49:00.438,1.58321,1.58345,1.00,1.87
2015.09.23 05:49:01.306,1.58322,1.58345,1.00,1.87
2015.09.23 05:49:12.868,1.58321,1.58346,1.87,1.12
2015.09.23 05:49:13.347,1.58319,1.58341,1.00,1.00
2015.09.23 05:49:13.398,1.58316,1.58341,1.50,1.00
2015.09.23 05:49:14.098,1.58318,1.58341,1.00,1.00
2015.09.23 05:49:14.268,1.5832,1.58341,1.00,1.00
2015.09.23 05:49:20.354,1.58318,1.58341,1.50,1.00
2015.09.23 05:49:20.876,1.5832,1.58341,1.00,1.00
2015.09.23 05:49:21.414,1.58319,1.58341,1.12,1.00
2015.09.23 05:49:21.758,1.58319,1.58346,1.37,2.25
2015.09.23 05:49:25.918,1.58319,1.58348,1.37,1.87
2015.09.23 05:49:26.427,1.58322,1.58349,1.37,1.75
2015.09.23 05:49:33.287,1.58319,1.58349,1.75,2.32
2015.09.23 05:49:33.874,1.58316,1.58342,1.87,1.00
2015.09.23 05:49:34.078,1.58311,1.58337,1.00,1.00
2015.09.23 05:49:34.978,1.58309,1.58335,1.12,1.12
2015.09.23 05:49:35.808,1.58306,1.58335,1.12,1.37
2015.09.23 05:49:36.012,1.58306,1.58335,1.37,1.12
2015.09.23 05:49:36.354,1.58306,1.58335,1.12,1.75
2015.09.23 05:49:36.904,1.58306,1.58334,1.00,1.00
2015.09.23 05:49:38.096,1.58306,1.58334,1.00,1.87
2015.09.23 05:49:38.874,1.58308,1.58338,1.12,2.85
2015.09.23 05:49:38.925,1.58312,1.58338,1.12,1.35
2015.09.23 05:49:39.028,1.58314,1.58342,1.87,1.20
2015.09.23 05:49:39.809,1.58314,1.5834,1.75,1.00
2015.09.23 05:49:39.861,1.58309,1.58339,1.75,1.37
2015.09.23 05:49:40.166,1.58309,1.58338,1.12,2.62
2015.09.23 05:49:40.268,1.58309,1.58335,1.00,1.00
2015.09.23 05:49:40.523,1.58297,1.58329,1.87,1.50
2015.09.23 05:49:41.039,1.58304,1.58331,1.00,1.37
2015.09.23 05:49:41.192,1.58305,1.58334,1.00,1.37
2015.09.23 05:49:41.700,1.58306,1.58334,1.00,1.37
2015.09.23 05:49:41.954,1.58306,1.58334,1.87,1.00
2015.09.23 05:49:43.446,1.58309,1.58334,1.50,1.00
2015.09.23 05:49:45.044,1.58311,1.58334,1.00,1.00
2015.09.23 05:49:45.700,1.58311,1.58334,1.37,1.00
2015.09.23 05:49:45.965,1.58311,1.58334,1.75,1.00
2015.09.23 05:49:46.571,1.58312,1.58339,1.37,1.12
2015.09.23 05:49:46.622,1.58312,1.58338,1.37,1.00
2015.09.23 05:49:47.348,1.58311,1.58338,1.75,1.00
2015.09.23 05:49:48.743,1.58309,1.58325,1.87,1.00
2015.09.23 05:49:49.275,1.58297,1.58303,1.00,1.00
2015.09.23 05:49:49.327,1.58278,1.58306,1.00,1.12
2015.09.23 05:49:49.378,1.5828,1.58306,1.60,1.12
2015.09.23 05:49:49.634,1.58289,1.58318,1.12,1.87
2015.09.23 05:49:49.685,1.58289,1.58312,1.12,1.00
2015.09.23 05:49:49.990,1.5829,1.58306,1.00,1.00
2015.09.23 05:49:50.041,1.58287,1.58306,1.00,1.00
2015.09.23 05:49:50.500,1.58285,1.58306,1.50,1.00
2015.09.23 05:49:50.944,1.58287,1.58306,1.00,1.00
2015.09.23 05:49:51.575,1.5829,1.58306,1.00,1.00
2015.09.23 05:49:52.038,1.58287,1.58306,1.00,1.00
2015.09.23 05:49:52.443,1.58285,1.58306,1.00,1.00
2015.09.23 05:49:53.795,1.58284,1.58306,1.12,1.00
2015.09.23 05:49:54.337,1.58283,1.58306,1.00,1.00
2015.09.23 05:49:55.354,1.58282,1.58303,1.00,1.87
2015.09.23 05:49:55.457,1.58274,1.58299,1.30,1.37
2015.09.23 05:49:55.562,1.58272,1.58298,1.12,1.12
2015.09.23 05:49:55.769,1.5827,1.58297,1.00,1.12
2015.09.23 05:49:56.571,1.58271,1.58297,1.12,1.87
2015.09.23 05:49:56.724,1.58271,1.58294,1.12,1.37
2015.09.23 05:49:56.966,1.58269,1.58294,1.12,1.12
2015.09.23 05:49:57.475,1.58269,1.58294,1.37,1.12
2015.09.23 05:50:01.486,1.58269,1.58294,1.37,1.12
2015.09.23 05:50:02.667,1.58268,1.58294,1.12,1.12
2015.09.23 05:50:05.649,1.58265,1.58293,3.00,1.12
2015.09.23 05:50:20.905,1.58264,1.58289,2.25,1.00
2015.09.23 05:50:22.035,1.58265,1.58289,1.50,1.00
2015.09.23 05:50:22.738,1.58265,1.58289,1.50,1.00
2015.09.23 05:50:24.614,1.58265,1.5829,1.37,1.12
2015.09.23 05:50:24.665,1.58265,1.58285,1.37,1.00
2015.09.23 05:50:24.768,1.58265,1.58293,1.37,2.25
2015.09.23 05:50:24.921,1.58265,1.58293,1.37,2.62
2015.09.23 05:50:25.965,1.58264,1.58293,1.37,3.00
2015.09.23 05:50:30.442,1.58259,1.58285,2.25,1.00
2015.09.23 05:50:30.697,1.58256,1.58284,2.25,1.37
2015.09.23 05:50:32.334,1.58256,1.58285,2.25,1.12
2015.09.23 05:50:32.885,1.58256,1.58284,2.25,1.12
2015.09.23 05:50:33.518,1.5826,1.58284,1.00,1.12
2015.09.23 05:50:33.672,1.58267,1.58294,1.75,1.00
2015.09.23 05:50:33.877,1.58268,1.58294,2.25,1.00
2015.09.23 05:50:35.388,1.5827,1.58294,1.00,1.00
2015.09.23 05:50:35.973,1.58268,1.58294,2.25,1.00
2015.09.23 05:50:36.279,1.58272,1.58294,1.37,1.00
2015.09.23 05:50:36.382,1.58272,1.58299,1.37,2.25
2015.09.23 05:50:36.929,1.58272,1.58297,1.12,1.50
2015.09.23 05:50:37.389,1.58272,1.58296,1.00,1.37
2015.09.23 05:50:37.932,1.58269,1.58296,1.12,1.37
2015.09.23 05:50:39.352,1.5827,1.58296,1.37,1.12
2015.09.23 05:50:40.756,1.58266,1.58293,1.75,1.50
2015.09.23 05:50:43.060,1.58266,1.58293,2.25,1.50
2015.09.23 05:50:43.652,1.58267,1.58293,1.12,1.12
2015.09.23 05:50:44.190,1.58269,1.58293,1.37,1.00
2015.09.23 05:50:44.292,1.58269,1.58295,1.37,1.00
2015.09.23 05:50:44.799,1.58269,1.58296,1.87,1.00
2015.09.23 05:50:46.219,1.58269,1.58293,1.87,1.00
2015.09.23 05:50:49.091,1.58269,1.58294,1.87,1.00
2015.09.23 05:50:50.291,1.58269,1.58297,1.87,1.50
2015.09.23 05:50:50.342,1.58269,1.58294,1.87,1.00
2015.09.23 05:50:50.672,1.58269,1.58296,1.87,1.00
2015.09.23 05:50:51.473,1.58269,1.58296,1.50,1.00
2015.09.23 05:50:51.878,1.58269,1.58293,1.75,1.00
2015.09.23 05:50:53.383,1.58269,1.58295,1.75,1.00
2015.09.23 05:50:53.932,1.58269,1.58295,1.87,1.00
2015.09.23 05:50:56.081,1.5827,1.58295,1.50,1.00
2015.09.23 05:50:56.894,1.58277,1.58297,1.50,1.00
2015.09.23 05:50:57.048,1.58281,1.583,1.87,1.00
2015.09.23 05:50:57.100,1.58285,1.583,1.37,1.00
2015.09.23 05:50:57.152,1.58286,1.58314,1.00,1.87
2015.09.23 05:50:57.203,1.58286,1.58316,1.50,1.12
2015.09.23 05:50:57.356,1.58288,1.58316,1.00,1.12
2015.09.23 05:50:57.611,1.58285,1.58315,1.37,1.87
2015.09.23 05:50:57.663,1.58285,1.58315,1.00,3.22
2015.09.23 05:50:57.816,1.58285,1.58314,1.50,1.00
2015.09.23 05:50:59.032,1.58285,1.58314,3.37,1.00
2015.09.23 05:50:59.423,1.58285,1.58311,1.50,1.37
2015.09.23 05:50:59.813,1.58285,1.58302,1.12,1.00
2015.09.23 05:50:59.864,1.5828,1.58302,1.37,1.00
2015.09.23 05:51:00.422,1.5828,1.58302,1.87,1.00
2015.09.23 05:51:00.524,1.58281,1.58302,1.00,1.00
2015.09.23 05:51:01.031,1.5828,1.58302,1.87,1.00
2015.09.23 05:51:01.631,1.5828,1.58303,1.87,1.00
2015.09.23 05:51:02.070,1.5828,1.58306,1.87,1.00
2015.09.23 05:51:02.659,1.58281,1.58308,1.37,1.00
2015.09.23 05:51:02.864,1.58281,1.58306,1.37,1.00
2015.09.23 05:51:03.367,1.58281,1.58305,1.37,1.00
2015.09.23 05:51:03.825,1.58281,1.58301,1.00,1.00
2015.09.23 05:51:04.270,1.58281,1.58303,1.00,1.00
2015.09.23 05:51:04.724,1.58281,1.58296,1.00,1.00
2015.09.23 05:51:05.133,1.58278,1.58298,1.12,1.00
2015.09.23 05:51:05.643,1.58278,1.58297,1.12,1.00
2015.09.23 05:51:08.787,1.58278,1.58299,1.12,1.00
2015.09.23 05:51:08.991,1.58278,1.58302,1.12,1.00
2015.09.23 05:51:09.094,1.58276,1.58299,1.12,1.00
2015.09.23 05:51:09.196,1.58274,1.58299,1.12,1.00
2015.09.23 05:51:09.298,1.58274,1.58302,1.12,1.00
2015.09.23 05:51:09.812,1.58274,1.58302,1.12,1.00
2015.09.23 05:51:10.297,1.58274,1.58298,1.12,1.00
2015.09.23 05:51:10.918,1.58271,1.58298,1.75,1.37
2015.09.23 05:51:11.426,1.58271,1.58298,1.75,1.37
2015.09.23 05:51:12.436,1.58273,1.58301,1.50,1.75
2015.09.23 05:51:12.741,1.58273,1.58301,2.62,1.75
2015.09.23 05:51:13.263,1.58273,1.58301,2.25,1.75
2015.09.23 05:51:14.140,1.58274,1.583,1.12,1.75
2015.09.23 05:51:16.207,1.58275,1.58301,1.12,1.00
2015.09.23 05:51:18.899,1.58275,1.58303,1.87,1.50
2015.09.23 05:51:20.296,1.58275,1.583,1.87,1.00
2015.09.23 05:51:20.511,1.58275,1.58302,1.87,1.12
2015.09.23 05:51:34.884,1.58277,1.58305,1.37,1.75
2015.09.23 05:51:39.865,1.58277,1.58305,1.50,1.37
2015.09.23 05:51:41.799,1.58277,1.58305,1.12,1.75
2015.09.23 05:51:44.226,1.58277,1.58306,1.50,3.37
2015.09.23 05:51:46.004,1.58275,1.58304,2.62,1.37
2015.09.23 05:51:46.310,1.58275,1.58301,1.87,1.37
2015.09.23 05:51:47.204,1.58275,1.58301,1.87,1.37
2015.09.23 05:51:49.101,1.58275,1.58301,1.87,1.50
2015.09.23 05:51:54.532,1.58275,1.58301,1.37,1.37
2015.09.23 05:52:00.011,1.58274,1.58301,1.12,1.87
2015.09.23 05:52:00.265,1.58271,1.583,1.75,1.12
2015.09.23 05:52:00.570,1.58266,1.58295,1.12,1.87
2015.09.23 05:52:00.622,1.58265,1.58295,1.12,1.87
2015.09.23 05:52:05.540,1.5827,1.58297,1.37,1.12
2015.09.23 05:52:06.083,1.58271,1.583,1.50,1.50
2015.09.23 05:52:06.820,1.58271,1.583,1.50,1.37
2015.09.23 05:52:07.494,1.58271,1.583,1.50,1.37
2015.09.23 05:52:07.698,1.58271,1.583,1.50,1.37
2015.09.23 05:52:08.538,1.58273,1.583,1.50,1.37
2015.09.23 05:52:12.254,1.58279,1.58306,1.12,1.50
2015.09.23 05:52:14.004,1.58279,1.58305,1.00,1.37
2015.09.23 05:52:14.208,1.58282,1.58307,1.00,1.87
2015.09.23 05:52:14.260,1.58282,1.58307,1.37,1.50
2015.09.23 05:52:14.730,1.58283,1.58309,1.87,1.00
2015.09.23 05:52:16.154,1.58295,1.58309,1.00,1.00
2015.09.23 05:52:16.409,1.583,1.58327,1.87,1.82
2015.09.23 05:52:16.614,1.58306,1.58329,1.00,1.87
2015.09.23 05:52:16.665,1.58306,1.58329,1.37,1.37
2015.09.23 05:52:17.072,1.58302,1.58329,2.25,1.12
2015.09.23 05:52:17.123,1.58302,1.58329,1.12,1.12
2015.09.23 05:52:17.174,1.58302,1.58329,1.37,1.00
2015.09.23 05:52:17.627,1.583,1.58325,1.75,1.00
2015.09.23 05:52:17.679,1.58299,1.58325,1.12,1.00
2015.09.23 05:52:18.188,1.58299,1.58325,1.37,1.00
2015.09.23 05:52:18.451,1.58299,1.58325,1.37,1.50
2015.09.23 05:52:19.425,1.58297,1.58325,1.12,1.37
2015.09.23 05:52:19.847,1.58297,1.58325,1.12,1.75
2015.09.23 05:52:20.471,1.58296,1.58325,1.87,1.37
2015.09.23 05:52:21.876,1.58302,1.58327,1.50,1.12
2015.09.23 05:52:21.978,1.58305,1.58331,1.50,1.65
2015.09.23 05:52:22.080,1.58307,1.58331,1.37,1.12
2015.09.23 05:52:22.131,1.58307,1.58337,1.87,1.65
2015.09.23 05:52:22.335,1.58307,1.58337,1.87,1.00
2015.09.23 05:52:24.002,1.5831,1.58338,1.00,1.12
2015.09.23 05:52:24.548,1.5831,1.58339,1.00,3.37
2015.09.23 05:52:25.365,1.5831,1.58338,1.00,1.12
2015.09.23 05:52:26.471,1.5831,1.58339,1.00,2.62
2015.09.23 05:52:27.216,1.5831,1.58336,1.00,1.75
2015.09.23 05:52:27.724,1.58306,1.58336,1.75,1.87
2015.09.23 05:52:28.030,1.58305,1.58332,2.62,1.75
2015.09.23 05:52:28.335,1.58305,1.5833,1.00,1.87
2015.09.23 05:52:30.335,1.58298,1.58325,1.37,1.37
2015.09.23 05:52:30.832,1.58298,1.58325,1.12,1.37
2015.09.23 05:52:32.591,1.58298,1.58324,1.12,1.37
2015.09.23 05:52:32.694,1.58298,1.58326,1.87,1.37
2015.09.23 05:52:32.796,1.58298,1.58326,2.25,1.37
2015.09.23 05:52:33.705,1.58301,1.58326,1.12,1.12
2015.09.23 05:52:35.322,1.583,1.58325,1.75,1.00
2015.09.23 05:52:41.755,1.583,1.58324,1.00,1.00
2015.09.23 05:52:45.009,1.58302,1.58324,1.00,1.00
2015.09.23 05:52:45.111,1.58304,1.58327,1.00,1.00
2015.09.23 05:52:45.643,1.58311,1.58336,1.12,1.00
2015.09.23 05:52:45.998,1.58311,1.58338,1.87,1.00
2015.09.23 05:52:46.353,1.58311,1.58338,1.12,1.75
2015.09.23 05:52:49.952,1.58311,1.58337,1.12,1.50
2015.09.23 05:52:50.370,1.58311,1.58336,1.37,1.37
2015.09.23 05:52:51.617,1.58311,1.58337,1.37,1.00
2015.09.23 05:52:51.668,1.58311,1.58338,1.37,1.75
2015.09.23 05:52:52.392,1.58311,1.58339,1.37,1.87
2015.09.23 05:52:53.540,1.58311,1.58339,1.37,1.87
2015.09.23 05:52:53.961,1.58313,1.58339,1.12,1.37
2015.09.23 05:52:54.513,1.58314,1.58339,1.87,1.37
2015.09.23 05:52:55.579,1.58316,1.58339,1.12,1.37
2015.09.23 05:53:04.342,1.58316,1.58343,1.75,1.37
2015.09.23 05:53:05.852,1.58319,1.58346,1.00,1.87
2015.09.23 05:53:05.903,1.58322,1.58346,1.00,1.12
2015.09.23 05:53:06.107,1.58322,1.58346,1.50,1.50
2015.09.23 05:53:06.463,1.58322,1.58345,1.50,1.00
2015.09.23 05:53:06.565,1.58323,1.58349,1.00,1.12
2015.09.23 05:53:06.671,1.58326,1.58349,1.00,1.12
2015.09.23 05:53:07.099,1.58326,1.58351,2.25,1.00
2015.09.23 05:53:13.853,1.58327,1.58351,1.87,1.00
2015.09.23 05:53:14.836,1.58326,1.58348,1.00,1.75
2015.09.23 05:53:14.938,1.58326,1.58348,1.00,1.12
2015.09.23 05:53:15.447,1.58322,1.58348,1.75,1.37
2015.09.23 05:53:15.707,1.58322,1.58348,1.37,1.37
2015.09.23 05:53:17.801,1.58322,1.58348,1.75,1.00
2015.09.23 05:53:18.005,1.58322,1.58348,1.87,1.00
2015.09.23 05:53:18.806,1.58323,1.58348,1.12,1.00
2015.09.23 05:53:20.300,1.58323,1.58347,1.75,1.00
2015.09.23 05:53:20.943,1.58323,1.58349,1.12,1.00
2015.09.23 05:53:20.994,1.58322,1.58342,1.12,1.00
2015.09.23 05:53:22.925,1.58321,1.58343,1.12,1.00
2015.09.23 05:53:23.625,1.58321,1.5834,1.12,1.00
2015.09.23 05:53:24.734,1.5832,1.5834,1.12,1.00
2015.09.23 05:53:24.785,1.58319,1.5834,1.75,1.00
2015.09.23 05:53:25.141,1.58319,1.58341,1.87,1.00
2015.09.23 05:53:25.446,1.58323,1.58341,1.12,1.00
2015.09.23 05:53:26.337,1.58323,1.58341,1.75,1.00
2015.09.23 05:53:29.945,1.58323,1.58341,1.12,1.00
2015.09.23 05:53:30.649,1.58323,1.58343,1.12,1.00
2015.09.23 05:53:31.301,1.58323,1.58341,1.75,1.00
2015.09.23 05:53:35.089,1.58323,1.58341,1.12,1.00
2015.09.23 05:53:37.455,1.58325,1.58341,1.00,1.00
2015.09.23 05:53:37.963,1.58323,1.58341,1.12,1.00
2015.09.23 05:53:38.267,1.58324,1.58341,1.12,1.00
2015.09.23 05:53:40.019,1.58324,1.58343,1.12,1.00
2015.09.23 05:53:42.516,1.58325,1.58343,1.75,1.00
2015.09.23 05:53:44.215,1.58325,1.58346,1.75,1.00
2015.09.23 05:53:44.317,1.58326,1.58346,1.12,1.00
2015.09.23 05:53:44.419,1.58328,1.58356,1.12,1.07
2015.09.23 05:53:44.521,1.58331,1.58357,1.75,1.12
2015.09.23 05:53:45.048,1.58333,1.58359,1.37,1.12
2015.09.23 05:53:45.627,1.58333,1.58361,1.37,1.45
2015.09.23 05:53:46.619,1.58334,1.58361,1.50,1.07
2015.09.23 05:53:49.263,1.58334,1.58358,1.37,1.00
2015.09.23 05:53:50.357,1.58334,1.58358,1.50,1.00
2015.09.23 05:53:51.065,1.58331,1.58357,1.37,1.87
2015.09.23 05:53:51.116,1.58328,1.5835,1.12,1.00
2015.09.23 05:53:56.819,1.58328,1.58348,1.00,1.00
2015.09.23 05:54:04.724,1.5832,1.58346,1.37,1.00
2015.09.23 05:54:10.254,1.5832,1.58344,1.87,1.00
2015.09.23 05:54:10.635,1.5832,1.58346,1.87,1.00
2015.09.23 05:54:10.790,1.5832,1.58347,1.87,1.00
2015.09.23 05:54:11.316,1.58321,1.58347,1.12,1.00
2015.09.23 05:54:12.373,1.58324,1.58345,1.37,1.00
2015.09.23 05:54:14.105,1.58322,1.58344,1.12,1.00
2015.09.23 05:54:14.612,1.58322,1.58345,1.12,1.00
2015.09.23 05:54:16.221,1.5832,1.58347,1.12,1.37
2015.09.23 05:54:16.424,1.58316,1.58343,1.75,1.00
2015.09.23 05:54:16.526,1.58315,1.58342,1.12,1.37
2015.09.23 05:54:16.628,1.58314,1.58342,1.37,1.37
2015.09.23 05:54:16.680,1.58314,1.58338,1.37,1.00
2015.09.23 05:54:25.040,1.58314,1.58338,1.12,1.00
2015.09.23 05:54:26.996,1.58314,1.58335,1.12,1.00
2015.09.23 05:54:29.788,1.58314,1.58337,1.12,1.00
2015.09.23 05:54:30.340,1.58314,1.58335,1.12,1.00
2015.09.23 05:54:30.557,1.58313,1.58338,1.12,1.00
2015.09.23 05:54:30.659,1.58315,1.58335,1.00,1.00
2015.09.23 05:54:34.748,1.58302,1.5833,1.87,1.37
2015.09.23 05:54:34.799,1.58301,1.5833,1.75,1.85
2015.09.23 05:54:35.206,1.583,1.58326,1.00,1.12
2015.09.23 05:54:35.409,1.58298,1.58326,2.25,1.37
2015.09.23 05:54:36.369,1.58299,1.58325,1.37,1.00
2015.09.23 05:54:37.313,1.58302,1.58325,1.00,1.00
2015.09.23 05:54:38.025,1.58304,1.58327,1.00,1.12
2015.09.23 05:54:38.655,1.58302,1.58327,1.12,1.12
2015.09.23 05:54:39.423,1.58304,1.58327,1.00,1.00
2015.09.23 05:54:40.272,1.58306,1.58329,1.50,1.00
2015.09.23 05:54:40.678,1.58306,1.58329,1.87,1.00
2015.09.23 05:54:42.631,1.58308,1.58329,1.12,1.00
2015.09.23 05:54:45.622,1.58308,1.58327,1.12,1.00
2015.09.23 05:54:45.807,1.58308,1.58329,1.12,1.00
2015.09.23 05:54:49.236,1.5831,1.58332,1.00,1.00
2015.09.23 05:54:50.388,1.58309,1.58332,1.87,1.00
2015.09.23 05:54:58.478,1.5831,1.58333,1.12,1.00
2015.09.23 05:55:00.264,1.58312,1.58333,1.87,1.00
2015.09.23 05:55:00.367,1.58312,1.58335,1.87,1.00
2015.09.23 05:55:00.519,1.58312,1.58335,2.62,1.00
2015.09.23 05:55:01.114,1.58312,1.58335,2.62,1.00
2015.09.23 05:55:01.617,1.58312,1.58335,2.62,1.00
2015.09.23 05:55:03.977,1.58312,1.58333,2.62,1.00
2015.09.23 05:55:12.251,1.58312,1.58331,1.50,1.00
2015.09.23 05:55:12.758,1.58312,1.58332,1.87,1.00
2015.09.23 05:55:13.856,1.5831,1.58331,1.75,1.00
2015.09.23 05:55:13.959,1.58306,1.58331,1.75,1.00
2015.09.23 05:55:14.010,1.58305,1.58329,1.50,1.00
2015.09.23 05:55:15.014,1.58301,1.58325,1.12,1.00
2015.09.23 05:55:15.076,1.58299,1.58317,1.12,1.00
2015.09.23 05:55:15.614,1.58295,1.58316,1.12,1.00
2015.09.23 05:55:15.919,1.58289,1.58316,2.62,1.50
2015.09.23 05:55:16.427,1.58289,1.58313,2.62,1.00
2015.09.23 05:55:16.974,1.58289,1.58313,1.00,1.00
2015.09.23 05:55:17.279,1.58289,1.5831,1.00,1.00
2015.09.23 05:55:17.914,1.58285,1.5831,1.00,1.00
2015.09.23 05:55:18.274,1.58285,1.58308,1.00,1.00
2015.09.23 05:55:19.771,1.58284,1.58308,1.00,1.12
2015.09.23 05:55:20.127,1.58286,1.58311,1.00,1.12
2015.09.23 05:55:22.974,1.58287,1.58312,1.00,1.87
2015.09.23 05:55:23.278,1.58286,1.5831,1.00,1.12
2015.09.23 05:55:25.122,1.58286,1.5831,1.00,1.75
2015.09.23 05:55:26.471,1.58286,1.5831,1.00,1.12
2015.09.23 05:55:27.602,1.58284,1.5831,1.37,1.12
2015.09.23 05:55:28.181,1.58282,1.5831,1.37,1.87
2015.09.23 05:55:28.881,1.58284,1.5831,1.00,1.87
2015.09.23 05:55:30.083,1.58283,1.58308,1.00,1.50
2015.09.23 05:55:30.185,1.58283,1.58308,1.12,1.87
2015.09.23 05:55:30.491,1.5828,1.58297,1.00,1.75
2015.09.23 05:55:30.593,1.58271,1.58297,1.37,1.75
2015.09.23 05:55:30.793,1.58271,1.58289,1.12,1.00
2015.09.23 05:55:30.844,1.58263,1.58289,1.20,1.00
2015.09.23 05:55:30.896,1.58261,1.58289,2.25,1.12
2015.09.23 05:55:31.271,1.58262,1.58289,1.50,1.50
2015.09.23 05:55:31.577,1.58256,1.58284,1.65,1.37
2015.09.23 05:55:31.882,1.58251,1.5828,1.95,1.75
2015.09.23 05:55:32.136,1.58251,1.5828,1.87,1.75
2015.09.23 05:55:33.171,1.58251,1.5828,1.87,1.75
2015.09.23 05:55:33.778,1.58251,1.58279,1.37,1.12
2015.09.23 05:55:34.133,1.58251,1.5827,1.00,1.75
2015.09.23 05:55:34.184,1.58244,1.5827,1.12,1.50
2015.09.23 05:55:34.692,1.58245,1.5827,1.67,1.37
2015.09.23 05:55:34.861,1.58245,1.58272,1.35,1.75
2015.09.23 05:55:35.940,1.58245,1.58272,1.67,1.50
2015.09.23 05:55:36.437,1.58245,1.58272,2.05,1.37
2015.09.23 05:55:37.503,1.58249,1.58272,1.12,1.00
2015.09.23 05:55:37.556,1.58249,1.58277,1.75,1.37
2015.09.23 05:55:37.913,1.58256,1.58282,1.12,1.75
2015.09.23 05:55:37.964,1.58256,1.58283,1.50,1.12
2015.09.23 05:55:38.016,1.58257,1.58284,1.87,1.50
2015.09.23 05:55:38.118,1.5826,1.58286,1.00,1.12
2015.09.23 05:55:38.615,1.58262,1.58289,1.37,1.12
2015.09.23 05:55:38.870,1.58262,1.58289,1.87,1.00
2015.09.23 05:55:39.430,1.58266,1.58295,1.37,1.00
2015.09.23 05:55:39.879,1.58266,1.58293,1.00,1.37
2015.09.23 05:55:40.186,1.58263,1.58291,1.37,1.12
2015.09.23 05:55:40.832,1.58258,1.58279,2.32,1.50
2015.09.23 05:55:40.883,1.58254,1.58276,1.12,1.50
2015.09.23 05:55:41.896,1.58253,1.58276,1.12,1.50
2015.09.23 05:55:42.515,1.5825,1.58272,1.37,1.00
2015.09.23 05:55:42.899,1.58246,1.58267,1.37,1.37
2015.09.23 05:55:43.415,1.58246,1.58267,1.75,1.00
2015.09.23 05:55:43.517,1.58247,1.58273,1.75,1.87
2015.09.23 05:55:43.619,1.58248,1.58273,1.87,1.12
2015.09.23 05:55:43.873,1.58248,1.58273,1.87,1.00
2015.09.23 05:55:46.441,1.5825,1.58275,1.75,1.12
2015.09.23 05:55:46.596,1.58253,1.58276,1.37,1.50
2015.09.23 05:55:48.276,1.5825,1.58275,1.37,1.50
2015.09.23 05:55:48.586,1.5825,1.5827,1.37,1.00
2015.09.23 05:55:48.763,1.5825,1.5827,1.37,1.00
2015.09.23 05:55:49.787,1.5825,1.5827,1.37,1.37
2015.09.23 05:55:49.848,1.5825,1.5827,1.37,1.00
2015.09.23 05:55:50.362,1.5825,1.58269,1.37,1.00
2015.09.23 05:55:50.465,1.5825,1.58275,1.37,1.50
2015.09.23 05:55:51.010,1.5825,1.58275,1.37,1.50
2015.09.23 05:55:51.699,1.5825,1.58275,1.37,1.50
2015.09.23 05:55:52.245,1.5825,1.58275,1.37,1.50
2015.09.23 05:55:53.870,1.5825,1.58275,1.37,1.50
2015.09.23 05:55:54.911,1.5825,1.58275,1.37,1.50
2015.09.23 05:55:55.225,1.5825,1.58275,1.37,1.50
2015.09.23 05:55:56.117,1.5825,1.58275,1.12,1.50
2015.09.23 05:55:56.933,1.5825,1.58276,1.12,1.12
2015.09.23 05:55:59.742,1.58248,1.58277,1.75,1.87
2015.09.23 05:56:00.158,1.58248,1.58277,1.87,1.75
2015.09.23 05:56:00.260,1.58248,1.58277,1.87,2.25
2015.09.23 05:56:00.362,1.58248,1.58277,1.87,1.75
2015.09.23 05:56:00.996,1.58248,1.58277,1.87,1.75
2015.09.23 05:56:01.920,1.58249,1.58272,1.00,1.37
2015.09.23 05:56:02.804,1.58249,1.58272,1.00,1.37
2015.09.23 05:56:03.536,1.58264,1.58272,1.00,1.00
2015.09.23 05:56:03.587,1.58252,1.58275,2.25,1.00
2015.09.23 05:56:03.639,1.58259,1.58279,2.47,1.00
2015.09.23 05:56:03.741,1.58262,1.58281,1.12,1.00
2015.09.23 05:56:03.793,1.58264,1.58281,1.00,1.00
2015.09.23 05:56:03.844,1.58264,1.58289,1.37,1.12
2015.09.23 05:56:04.285,1.58262,1.58286,1.12,2.25
2015.09.23 05:56:04.979,1.5826,1.58284,1.12,1.37
2015.09.23 05:56:05.351,1.58257,1.58283,2.62,1.75
2015.09.23 05:56:05.894,1.58253,1.58276,1.12,1.37
2015.09.23 05:56:05.946,1.58252,1.58278,1.75,1.75
2015.09.23 05:56:08.329,1.58253,1.58278,1.00,1.75
2015.09.23 05:56:08.841,1.58252,1.58277,1.75,1.50
2015.09.23 05:56:09.631,1.58252,1.58277,1.50,1.50
2015.09.23 05:56:10.354,1.58252,1.5828,1.50,1.12
2015.09.23 05:56:10.901,1.58252,1.5828,1.75,1.12
2015.09.23 05:56:12.802,1.58252,1.5828,1.50,1.12
2015.09.23 05:56:14.834,1.58252,1.5828,1.75,1.12
2015.09.23 05:56:15.850,1.58253,1.5828,1.00,1.12
2015.09.23 05:56:16.494,1.58253,1.5828,1.00,1.12
2015.09.23 05:56:20.682,1.58252,1.58281,1.50,1.87
2015.09.23 05:56:21.757,1.58252,1.5828,1.50,1.37
2015.09.23 05:56:22.401,1.58251,1.58276,1.00,1.75
2015.09.23 05:56:22.454,1.58243,1.58272,1.12,2.62
2015.09.23 05:56:22.505,1.58244,1.58272,1.50,2.25
2015.09.23 05:56:22.608,1.58245,1.58274,1.12,2.62
2015.09.23 05:56:22.711,1.58248,1.58275,1.00,1.00
2015.09.23 05:56:23.068,1.58249,1.58277,1.00,1.50
2015.09.23 05:56:23.120,1.58251,1.58277,1.00,1.50
2015.09.23 05:56:23.324,1.58253,1.5828,1.00,1.00
2015.09.23 05:56:23.859,1.58253,1.58281,1.37,1.12
2015.09.23 05:56:24.546,1.58253,1.58281,1.37,1.12
2015.09.23 05:56:25.184,1.58253,1.58281,1.37,1.50
2015.09.23 05:56:25.859,1.58253,1.58281,1.12,1.50
2015.09.23 05:56:26.498,1.58253,1.58281,1.12,1.75
2015.09.23 05:56:27.207,1.58253,1.58281,1.12,1.37
2015.09.23 05:56:27.616,1.5826,1.58284,1.87,1.37
2015.09.23 05:56:27.870,1.58257,1.58284,1.50,1.50
2015.09.23 05:56:28.473,1.58257,1.58284,1.50,1.87
2015.09.23 05:56:28.575,1.58257,1.58282,1.12,1.12
2015.09.23 05:56:29.427,1.58255,1.58282,1.12,1.75
2015.09.23 05:56:30.447,1.58255,1.58282,1.37,1.75
2015.09.23 05:56:31.702,1.58255,1.58282,1.12,1.75
2015.09.23 05:56:39.700,1.58255,1.58282,1.87,1.37
2015.09.23 05:56:43.340,1.58255,1.58284,2.62,3.00
2015.09.23 05:56:50.733,1.58255,1.58282,1.50,1.12
2015.09.23 05:56:51.566,1.58253,1.58281,2.62,1.12
2015.09.23 05:56:55.112,1.58252,1.58281,1.37,1.12
2015.09.23 05:56:55.433,1.58252,1.5828,1.37,1.12
2015.09.23 05:56:55.484,1.5825,1.58278,1.87,1.37
2015.09.23 05:56:55.637,1.5825,1.58275,1.00,1.12
2015.09.23 05:56:56.468,1.58246,1.58273,1.00,1.12
2015.09.23 05:56:56.617,1.58246,1.58273,1.00,1.12
2015.09.23 05:56:57.322,1.58245,1.58273,1.37,1.12
2015.09.23 05:56:58.011,1.58241,1.5827,1.87,1.75
2015.09.23 05:56:58.113,1.58241,1.5827,1.87,1.75
2015.09.23 05:56:59.078,1.5824,1.58266,1.37,1.50
2015.09.23 05:57:01.073,1.5824,1.58265,1.37,1.37
2015.09.23 05:57:01.882,1.5824,1.58265,1.37,1.37
2015.09.23 05:57:02.300,1.58238,1.58264,1.37,1.37
2015.09.23 05:57:02.453,1.5824,1.58264,1.00,1.75
2015.09.23 05:57:02.504,1.58235,1.58262,1.37,1.75
2015.09.23 05:57:02.657,1.58232,1.58262,2.25,1.50
2015.09.23 05:57:02.962,1.58235,1.58262,1.50,1.12
2015.09.23 05:57:03.559,1.58232,1.58258,1.87,1.50
2015.09.23 05:57:03.617,1.58232,1.58258,1.87,1.50
2015.09.23 05:57:03.769,1.58232,1.58256,1.37,1.50
2015.09.23 05:57:04.176,1.58227,1.58255,1.75,1.12
2015.09.23 05:57:04.227,1.58226,1.5825,1.87,1.37
2015.09.23 05:57:04.279,1.58226,1.5825,1.87,1.37
2015.09.23 05:57:04.865,1.58222,1.58249,1.12,1.75
2015.09.23 05:57:05.018,1.58222,1.58249,1.12,1.75
2015.09.23 05:57:09.093,1.58221,1.58249,1.12,1.75
2015.09.23 05:57:09.634,1.58221,1.58249,1.12,1.75
2015.09.23 05:57:10.194,1.58221,1.58249,1.12,2.25
2015.09.23 05:57:11.953,1.58222,1.58249,1.12,2.25
2015.09.23 05:57:12.477,1.58222,1.58249,1.12,1.75
2015.09.23 05:57:12.906,1.58212,1.58235,1.00,1.75
2015.09.23 05:57:13.060,1.58203,1.58229,1.50,1.12
2015.09.23 05:57:13.111,1.58203,1.58229,1.50,1.12
2015.09.23 05:57:13.166,1.58203,1.58229,1.00,1.12
2015.09.23 05:57:21.982,1.58203,1.58226,1.50,1.50
2015.09.23 05:57:22.135,1.58203,1.58227,2.62,1.37
2015.09.23 05:57:22.573,1.58202,1.58226,1.87,1.37
2015.09.23 05:57:23.446,1.58202,1.58226,1.87,1.37
2015.09.23 05:57:23.927,1.58202,1.58226,1.87,1.37
2015.09.23 05:57:24.364,1.58203,1.58225,1.37,1.87
2015.09.23 05:57:24.619,1.58203,1.58225,1.37,1.87
2015.09.23 05:57:25.135,1.58203,1.58225,1.00,1.12
2015.09.23 05:57:25.922,1.58203,1.58225,1.37,1.12
2015.09.23 05:57:26.685,1.58203,1.58225,1.37,1.37
2015.09.23 05:57:27.467,1.58202,1.58229,1.37,3.00
2015.09.23 05:57:29.413,1.58209,1.58229,1.37,1.50
2015.09.23 05:57:29.465,1.58209,1.58237,1.87,1.50
2015.09.23 05:57:29.516,1.58209,1.58235,1.87,1.00
2015.09.23 05:57:29.568,1.58209,1.58235,1.37,1.00
2015.09.23 05:57:29.621,1.58209,1.58231,1.37,1.00
2015.09.23 05:57:29.672,1.58209,1.5823,1.00,1.00
2015.09.23 05:57:29.826,1.58203,1.5823,1.50,1.00
2015.09.23 05:57:30.621,1.58202,1.58231,1.87,1.00
2015.09.23 05:57:31.191,1.58202,1.58231,1.87,1.50
2015.09.23 05:57:33.064,1.58204,1.58231,1.37,1.50
2015.09.23 05:57:34.095,1.58204,1.58231,1.75,1.50
2015.09.23 05:57:34.248,1.58205,1.58235,1.87,1.50
2015.09.23 05:57:34.401,1.5821,1.58235,1.00,2.25
2015.09.23 05:57:35.491,1.5821,1.58233,1.12,1.12
2015.09.23 05:57:36.039,1.58211,1.58233,1.12,1.12
2015.09.23 05:57:37.533,1.58211,1.58233,1.12,1.12
2015.09.23 05:57:37.839,1.58207,1.58233,1.37,1.12
2015.09.23 05:57:38.145,1.58202,1.58224,1.37,1.75
2015.09.23 05:57:39.256,1.58203,1.58224,1.00,1.12
2015.09.23 05:57:39.715,1.58203,1.5822,1.00,1.75
2015.09.23 05:57:40.701,1.58203,1.58224,1.00,1.75
2015.09.23 05:57:40.752,1.58203,1.58224,1.37,1.75
2015.09.23 05:57:40.854,1.58203,1.58227,1.37,1.12
2015.09.23 05:57:40.957,1.58203,1.58227,1.87,1.37
2015.09.23 05:57:41.264,1.58203,1.58227,1.37,1.12
2015.09.23 05:57:41.571,1.58203,1.58225,1.37,1.12
2015.09.23 05:57:42.056,1.58203,1.5822,1.12,1.00
2015.09.23 05:57:42.159,1.58203,1.58226,1.12,1.12
2015.09.23 05:57:42.711,1.58203,1.58221,1.12,1.00
2015.09.23 05:57:44.138,1.58203,1.58221,1.00,1.37
2015.09.23 05:57:44.647,1.58203,1.58219,1.00,1.12
2015.09.23 05:57:45.159,1.58203,1.58219,1.00,1.12
2015.09.23 05:57:46.267,1.58203,1.58219,1.00,1.12
2015.09.23 05:57:46.605,1.58202,1.58211,1.00,1.12
2015.09.23 05:57:46.758,1.58196,1.58208,1.00,1.37
2015.09.23 05:57:46.860,1.58181,1.58208,1.37,1.12
2015.09.23 05:57:47.064,1.58178,1.58206,1.87,1.87
2015.09.23 05:57:47.467,1.58175,1.58204,1.75,1.50
2015.09.23 05:57:47.569,1.58175,1.58204,1.37,1.87
2015.09.23 05:57:47.781,1.58175,1.58204,1.37,1.87
2015.09.23 05:57:48.187,1.58172,1.58202,2.25,1.75
2015.09.23 05:57:49.010,1.58172,1.58201,2.25,1.12
2015.09.23 05:57:49.999,1.58172,1.58201,2.25,1.37
2015.09.23 05:57:50.788,1.58172,1.58201,1.50,1.12
2015.09.23 05:57:50.894,1.58172,1.58201,1.50,1.12
2015.09.23 05:57:53.324,1.58171,1.58201,1.87,1.87
2015.09.23 05:57:53.869,1.58171,1.58201,1.87,1.87
2015.09.23 05:57:56.809,1.58171,1.58201,1.87,1.87
2015.09.23 05:57:57.775,1.58171,1.58201,1.87,1.87
2015.09.23 05:57:58.815,1.58171,1.58201,1.87,1.87
2015.09.23 05:57:59.220,1.58172,1.58201,1.50,1.50
2015.09.23 05:58:00.879,1.58179,1.58202,1.00,1.75
2015.09.23 05:58:02.107,1.58179,1.58202,1.00,1.75
2015.09.23 05:58:03.929,1.58177,1.58205,1.37,1.87
2015.09.23 05:58:05.525,1.58177,1.58202,1.37,1.37
2015.09.23 05:58:06.488,1.58177,1.58202,1.37,1.50
2015.09.23 05:58:07.025,1.58177,1.58204,1.37,1.75
2015.09.23 05:58:07.829,1.58177,1.58204,1.12,1.75
2015.09.23 05:58:08.369,1.58177,1.58205,1.12,1.87
2015.09.23 05:58:08.874,1.58177,1.58205,1.37,1.87
2015.09.23 05:58:09.800,1.58177,1.58205,1.37,1.87
2015.09.23 05:58:10.827,1.58177,1.58205,1.37,1.87
2015.09.23 05:58:11.663,1.58177,1.58205,1.37,1.87
2015.09.23 05:58:12.198,1.58177,1.58205,1.37,1.87
2015.09.23 05:58:12.717,1.58177,1.58205,1.37,1.87
2015.09.23 05:58:13.571,1.58181,1.58205,1.50,1.50
2015.09.23 05:58:14.436,1.58196,1.58216,1.00,1.00
2015.09.23 05:58:14.589,1.58196,1.58218,1.00,1.00
2015.09.23 05:58:14.905,1.58196,1.58218,1.37,1.00
2015.09.23 05:58:15.214,1.58196,1.58219,1.37,1.87
2015.09.23 05:58:15.266,1.58196,1.58219,1.37,1.87
2015.09.23 05:58:15.470,1.58197,1.58223,1.37,1.12
2015.09.23 05:58:15.521,1.58197,1.58225,1.75,1.87
2015.09.23 05:58:16.145,1.582,1.58226,1.12,1.50
2015.09.23 05:58:16.680,1.582,1.58227,1.50,1.12
2015.09.23 05:58:17.823,1.58202,1.58229,1.87,1.12
2015.09.23 05:58:18.340,1.58206,1.58231,1.00,1.12
2015.09.23 05:58:18.891,1.58207,1.58231,1.00,1.50
2015.09.23 05:58:20.299,1.58207,1.58232,1.00,1.50
2015.09.23 05:58:21.499,1.58208,1.58232,1.50,1.50
2015.09.23 05:58:22.017,1.58208,1.58231,1.87,1.37
2015.09.23 05:58:22.068,1.58208,1.58231,1.87,1.12
2015.09.23 05:58:22.893,1.58212,1.58231,1.00,1.12
2015.09.23 05:58:24.260,1.58217,1.58231,1.00,1.00
2015.09.23 05:58:25.044,1.58218,1.58237,1.00,1.00
2015.09.23 05:58:25.372,1.58218,1.58244,1.12,1.37
2015.09.23 05:58:26.114,1.58218,1.58246,1.12,1.50
2015.09.23 05:58:27.014,1.58218,1.58246,1.37,1.50
2015.09.23 05:58:27.382,1.58218,1.58246,1.37,1.37
2015.09.23 05:58:29.778,1.58218,1.58246,1.37,1.37
2015.09.23 05:58:30.289,1.58218,1.58246,1.37,1.50
2015.09.23 05:58:30.492,1.58218,1.58246,1.37,1.37
2015.09.23 05:58:31.338,1.58218,1.58246,1.37,1.37
2015.09.23 05:58:32.134,1.58218,1.58246,1.37,1.37
2015.09.23 05:58:33.517,1.58218,1.58246,1.37,1.37
2015.09.23 05:58:34.170,1.58217,1.58243,2.62,1.12
2015.09.23 05:58:34.541,1.58217,1.58243,2.62,1.37
2015.09.23 05:58:35.844,1.58217,1.58243,2.62,1.37
2015.09.23 05:58:35.899,1.58217,1.58243,2.62,1.37
2015.09.23 05:58:39.741,1.58217,1.58244,2.62,1.37
2015.09.23 05:58:40.554,1.5822,1.58237,1.00,1.00
2015.09.23 05:58:40.925,1.5822,1.58243,1.00,1.37
2015.09.23 05:58:46.615,1.5822,1.58247,1.00,1.12
2015.09.23 05:58:47.187,1.58219,1.58247,1.87,1.12
2015.09.23 05:58:48.221,1.5822,1.58247,1.00,1.12
2015.09.23 05:58:48.787,1.5822,1.58247,1.00,1.37
2015.09.23 05:58:50.910,1.58219,1.58244,1.37,1.37
2015.09.23 05:58:51.950,1.58219,1.58243,1.37,1.37
2015.09.23 05:58:53.988,1.58219,1.58242,1.37,1.37
2015.09.23 05:58:54.339,1.58219,1.58242,1.37,1.37
2015.09.23 05:59:00.505,1.58219,1.58248,1.50,1.12
2015.09.23 05:59:00.611,1.58219,1.58248,1.50,1.12
2015.09.23 05:59:00.713,1.58219,1.58243,1.37,1.12
2015.09.23 05:59:01.221,1.58219,1.58243,1.12,1.12
2015.09.23 05:59:02.671,1.58217,1.58243,1.37,1.12
2015.09.23 05:59:03.168,1.5822,1.58243,1.00,1.12
2015.09.23 05:59:03.335,1.58218,1.58243,1.12,1.12
2015.09.23 05:59:04.018,1.58218,1.58243,1.12,1.12
2015.09.23 05:59:04.547,1.58218,1.58243,1.37,1.12
2015.09.23 05:59:05.722,1.58218,1.58243,1.37,1.37
2015.09.23 05:59:06.238,1.58218,1.58243,1.00,1.37
2015.09.23 05:59:11.209,1.58218,1.58243,1.37,1.37
2015.09.23 05:59:11.754,1.58218,1.58244,1.37,1.12
2015.09.23 05:59:13.611,1.58216,1.58244,1.50,1.12
2015.09.23 05:59:14.689,1.58216,1.58244,1.50,1.12
2015.09.23 05:59:15.614,1.58216,1.58244,1.50,1.12
2015.09.23 05:59:17.728,1.58216,1.58244,1.50,1.12
2015.09.23 05:59:18.723,1.58218,1.58244,1.37,1.12
2015.09.23 05:59:20.332,1.58218,1.58244,1.37,1.87
2015.09.23 05:59:21.339,1.58218,1.58244,1.12,1.87
2015.09.23 05:59:22.475,1.58218,1.58244,1.37,1.87
2015.09.23 05:59:23.164,1.58218,1.58244,1.37,1.87
2015.09.23 05:59:26.862,1.58218,1.58244,1.12,1.87
2015.09.23 05:59:28.337,1.58218,1.58244,1.37,1.87
2015.09.23 05:59:29.274,1.58216,1.58244,1.87,1.50
2015.09.23 05:59:30.348,1.58216,1.58244,1.87,1.87
2015.09.23 05:59:30.551,1.58216,1.58244,1.87,1.50
2015.09.23 05:59:30.755,1.58216,1.58244,1.87,1.87
2015.09.23 05:59:31.357,1.58216,1.58244,1.87,1.87
2015.09.23 05:59:38.807,1.5822,1.58244,1.00,1.50
2015.09.23 05:59:38.858,1.58222,1.58245,1.00,1.75
2015.09.23 05:59:38.910,1.58222,1.58245,1.00,1.12
2015.09.23 05:59:39.348,1.58221,1.58246,1.00,1.87
2015.09.23 05:59:39.500,1.5822,1.58246,1.12,1.50
2015.09.23 05:59:39.806,1.58218,1.58244,1.87,1.37
2015.09.23 05:59:39.857,1.58218,1.58244,1.12,1.37
2015.09.23 05:59:44.596,1.58217,1.58244,1.87,1.37
2015.09.23 05:59:45.964,1.58219,1.58244,1.37,1.37
2015.09.23 05:59:46.574,1.58219,1.58245,1.12,1.37
2015.09.23 05:59:48.607,1.5822,1.58245,1.00,1.37
2015.09.23 05:59:49.268,1.5822,1.58245,1.00,1.37
2015.09.23 05:59:49.980,1.5822,1.58245,1.37,1.37
2015.09.23 05:59:50.633,1.58223,1.58245,1.00,1.37
2015.09.23 05:59:53.446,1.58223,1.58245,1.12,1.12
2015.09.23 05:59:54.674,1.58223,1.58245,1.37,1.12
2015.09.23 05:59:55.675,1.58223,1.58245,1.37,1.12
2015.09.23 05:59:56.890,1.58223,1.58248,1.37,1.87
2015.09.23 05:59:58.375,1.58223,1.58247,1.00,1.50
2015.09.23 05:59:59.162,1.5822,1.58247,2.25,1.50
2015.09.23 05:59:59.738,1.5822,1.58247,2.25,1.50
