2013.12.10 13:00:01.060,1.50789,1.50801,1.00,1.00
2013.12.10 13:00:01.645,1.50789,1.50799,1.00,1.00
2013.12.10 13:00:01.746,1.50786,1.50799,1.00,1.00
2013.12.10 13:00:03.258,1.50783,1.50799,1.00,1.00
2013.12.10 13:00:03.565,1.50785,1.50799,1.00,1.15
2013.12.10 13:00:04.168,1.50782,1.50799,1.13,1.58
2013.12.10 13:00:04.593,1.50782,1.50794,1.13,1.00
2013.12.10 13:00:04.695,1.50779,1.50792,1.00,1.00
2013.12.10 13:00:04.847,1.50777,1.50792,1.00,1.50
2013.12.10 13:00:04.955,1.50775,1.50788,1.13,1.00
2013.12.10 13:00:05.158,1.50773,1.50787,1.13,1.00
2013.12.10 13:00:05.563,1.50773,1.50785,1.00,1.00
2013.12.10 13:00:06.072,1.50769,1.50785,1.00,1.00
2013.12.10 13:00:06.593,1.50769,1.50784,1.00,1.00
2013.12.10 13:00:07.015,1.50769,1.50782,1.00,1.00
2013.12.10 13:00:07.470,1.5077,1.50784,1.50,1.00
2013.12.10 13:00:07.622,1.5077,1.50786,1.50,1.50
2013.12.10 13:00:08.200,1.5077,1.50785,1.00,1.00
2013.12.10 13:00:08.967,1.5077,1.50786,1.00,1.00
2013.12.10 13:00:11.185,1.50771,1.50786,1.00,1.00
2013.12.10 13:00:12.629,1.50775,1.50789,1.00,2.03
2013.12.10 13:00:13.363,1.50774,1.50789,1.00,2.03
2013.12.10 13:00:13.890,1.50773,1.50786,1.00,1.00
2013.12.10 13:00:13.950,1.5077,1.50786,1.50,1.00
2013.12.10 13:00:14.152,1.5077,1.50786,1.88,1.00
2013.12.10 13:00:14.678,1.50771,1.50787,1.38,1.13
2013.12.10 13:00:18.538,1.50779,1.5079,1.00,1.48
2013.12.10 13:00:19.784,1.50781,1.5079,1.00,1.48
2013.12.10 13:00:19.971,1.50781,1.5079,1.00,1.20
2013.12.10 13:00:21.837,1.50777,1.5079,1.00,1.20
2013.12.10 13:00:23.603,1.50777,1.5079,1.00,1.28
2013.12.10 13:00:23.931,1.50784,1.50791,1.00,1.00
2013.12.10 13:00:23.982,1.50784,1.50794,1.00,1.00
2013.12.10 13:00:24.193,1.50784,1.50797,1.00,1.55
2013.12.10 13:00:24.367,1.50782,1.50797,1.00,1.55
2013.12.10 13:00:24.882,1.50781,1.50796,1.00,2.18
2013.12.10 13:00:24.983,1.50778,1.5079,1.00,1.00
2013.12.10 13:00:26.677,1.50778,1.5079,1.00,1.18
2013.12.10 13:00:28.960,1.50778,1.50794,1.00,1.18
2013.12.10 13:00:29.538,1.50782,1.50794,1.00,1.18
2013.12.10 13:00:29.841,1.50783,1.50796,1.00,1.00
2013.12.10 13:00:32.288,1.50783,1.50794,1.00,1.00
2013.12.10 13:00:32.592,1.50776,1.50789,1.00,1.55
2013.12.10 13:00:34.047,1.50771,1.50789,1.88,2.03
2013.12.10 13:00:35.429,1.50771,1.50788,1.00,1.43
2013.12.10 13:00:35.620,1.50769,1.50784,1.00,1.00
2013.12.10 13:00:36.380,1.50768,1.50782,1.00,1.00
2013.12.10 13:00:36.893,1.50768,1.50782,1.00,1.18
2013.12.10 13:00:37.467,1.50768,1.50782,1.00,1.00
2013.12.10 13:00:37.936,1.50768,1.50784,1.00,1.10
2013.12.10 13:00:39.473,1.50768,1.50785,1.00,2.85
2013.12.10 13:00:39.768,1.5077,1.50785,1.00,2.10
2013.12.10 13:00:40.276,1.5077,1.50786,1.00,1.28
2013.12.10 13:00:40.598,1.50774,1.50787,1.00,1.88
2013.12.10 13:00:40.911,1.50774,1.50787,1.00,2.25
2013.12.10 13:00:42.078,1.5077,1.50786,1.00,1.65
2013.12.10 13:00:42.129,1.5077,1.50786,1.00,1.65
2013.12.10 13:00:42.687,1.5077,1.50786,1.00,1.65
2013.12.10 13:00:42.857,1.50774,1.50787,1.00,2.25
2013.12.10 13:00:43.438,1.50774,1.50786,1.00,1.20
2013.12.10 13:00:45.572,1.50774,1.50787,1.00,2.25
2013.12.10 13:00:45.623,1.50769,1.50787,1.00,2.63
2013.12.10 13:00:45.725,1.50769,1.50787,1.00,3.30
2013.12.10 13:00:46.438,1.50768,1.50784,1.50,1.28
2013.12.10 13:00:46.834,1.50767,1.50781,1.00,1.00
2013.12.10 13:00:47.348,1.50769,1.50784,1.00,1.28
2013.12.10 13:00:48.722,1.50769,1.50784,1.00,2.70
2013.12.10 13:00:49.229,1.50769,1.50784,1.00,2.03
2013.12.10 13:00:50.131,1.50769,1.50781,1.00,1.00
2013.12.10 13:00:50.182,1.50765,1.5078,1.00,1.00
2013.12.10 13:00:50.688,1.50764,1.50781,1.00,1.00
2013.12.10 13:00:50.989,1.50764,1.50779,1.00,1.00
2013.12.10 13:00:51.538,1.50764,1.50781,1.00,1.00
2013.12.10 13:00:52.075,1.50765,1.50781,1.00,1.00
2013.12.10 13:00:54.189,1.50766,1.50781,1.00,1.00
2013.12.10 13:00:54.957,1.50765,1.50781,1.50,1.00
2013.12.10 13:00:55.735,1.50765,1.50783,1.50,2.03
2013.12.10 13:00:56.200,1.50771,1.50783,1.00,1.13
2013.12.10 13:00:56.507,1.50771,1.50785,1.00,1.43
2013.12.10 13:00:56.768,1.50771,1.50783,1.00,1.00
2013.12.10 13:00:57.071,1.50771,1.50779,1.00,1.18
2013.12.10 13:00:58.238,1.50769,1.50779,1.00,1.18
2013.12.10 13:00:58.578,1.50765,1.50779,1.00,1.18
2013.12.10 13:00:58.629,1.50765,1.50779,1.75,1.18
2013.12.10 13:00:58.831,1.50767,1.50785,1.38,1.55
2013.12.10 13:00:59.949,1.50767,1.50785,1.00,1.48
2013.12.10 13:01:00.000,1.5077,1.50787,1.00,2.03
2013.12.10 13:01:00.526,1.50769,1.50785,1.00,1.48
2013.12.10 13:01:00.889,1.5077,1.50783,1.00,1.35
2013.12.10 13:01:01.887,1.50771,1.50782,1.00,2.10
2013.12.10 13:01:02.648,1.50771,1.50778,1.00,1.00
2013.12.10 13:01:03.168,1.5077,1.50778,1.00,1.00
2013.12.10 13:01:05.588,1.50765,1.50778,1.00,1.00
2013.12.10 13:01:06.028,1.5077,1.50778,1.00,1.00
2013.12.10 13:01:06.616,1.5077,1.50779,1.00,1.00
2013.12.10 13:01:08.240,1.50767,1.50779,1.00,1.10
2013.12.10 13:01:08.291,1.50767,1.50779,1.00,1.58
2013.12.10 13:01:08.392,1.50767,1.50778,1.00,1.20
2013.12.10 13:01:08.914,1.50764,1.50779,1.00,1.00
2013.12.10 13:01:09.549,1.50768,1.50779,1.00,1.00
2013.12.10 13:01:12.114,1.50768,1.50778,1.00,1.00
2013.12.10 13:01:13.331,1.50769,1.50778,1.00,1.00
2013.12.10 13:01:13.544,1.50769,1.50782,1.00,1.65
2013.12.10 13:01:14.166,1.50768,1.50782,1.00,1.65
2013.12.10 13:01:14.702,1.50768,1.50782,1.00,1.58
2013.12.10 13:01:14.869,1.50775,1.50781,1.00,1.38
2013.12.10 13:01:14.971,1.50774,1.50784,1.13,1.88
2013.12.10 13:01:15.072,1.50774,1.50781,1.13,1.38
2013.12.10 13:01:15.174,1.50767,1.50781,1.10,1.38
2013.12.10 13:01:15.325,1.50767,1.50781,1.10,1.00
2013.12.10 13:01:15.870,1.50768,1.50781,1.00,1.00
2013.12.10 13:01:16.533,1.50769,1.50781,1.00,1.00
2013.12.10 13:01:20.558,1.50765,1.50781,1.13,1.00
2013.12.10 13:01:20.761,1.50765,1.50778,1.00,1.00
2013.12.10 13:01:21.318,1.50766,1.50778,1.00,1.00
2013.12.10 13:01:21.844,1.50765,1.50778,1.00,1.00
2013.12.10 13:01:24.763,1.50765,1.50781,1.50,1.38
2013.12.10 13:01:25.054,1.50765,1.50781,1.50,1.00
2013.12.10 13:01:25.388,1.5077,1.50781,1.00,1.00
2013.12.10 13:01:26.620,1.50765,1.50781,1.50,1.10
2013.12.10 13:01:27.373,1.50769,1.50782,1.50,1.18
2013.12.10 13:01:27.676,1.50769,1.50784,1.50,1.30
2013.12.10 13:01:27.777,1.50769,1.50784,1.00,1.30
2013.12.10 13:01:28.220,1.50772,1.50785,1.00,3.30
2013.12.10 13:01:29.997,1.5077,1.50785,1.00,2.55
2013.12.10 13:01:30.048,1.5077,1.50778,1.00,1.00
2013.12.10 13:01:30.352,1.50754,1.50763,1.00,1.00
2013.12.10 13:01:30.504,1.50754,1.50761,1.00,1.00
2013.12.10 13:01:30.807,1.50756,1.50761,1.00,1.00
2013.12.10 13:01:30.909,1.50756,1.50764,1.00,1.10
2013.12.10 13:01:31.811,1.50756,1.50765,1.00,1.10
2013.12.10 13:01:32.140,1.50759,1.50766,1.00,1.00
2013.12.10 13:01:32.355,1.50757,1.50765,1.00,1.00
2013.12.10 13:01:36.540,1.50757,1.50766,1.00,1.95
2013.12.10 13:01:37.056,1.50756,1.50764,1.00,1.95
2013.12.10 13:01:37.213,1.50756,1.50761,1.00,1.00
2013.12.10 13:01:37.645,1.50753,1.50761,1.00,1.00
2013.12.10 13:01:37.747,1.50753,1.50764,1.50,1.20
2013.12.10 13:01:38.311,1.50753,1.50765,1.00,1.00
2013.12.10 13:01:38.413,1.50758,1.50767,1.00,1.50
2013.12.10 13:01:38.722,1.50756,1.50765,1.00,1.00
2013.12.10 13:01:39.448,1.50756,1.50767,1.00,1.00
2013.12.10 13:01:39.984,1.50756,1.50767,1.00,1.18
2013.12.10 13:01:40.512,1.50755,1.50767,1.00,1.18
2013.12.10 13:01:40.703,1.50757,1.50767,1.00,1.18
2013.12.10 13:01:41.354,1.50752,1.50767,1.50,1.18
2013.12.10 13:01:41.506,1.5075,1.50765,1.00,1.00
2013.12.10 13:01:41.557,1.5075,1.50763,1.00,1.00
2013.12.10 13:01:41.941,1.50752,1.50764,1.00,1.00
2013.12.10 13:01:43.355,1.5075,1.50764,1.00,1.00
2013.12.10 13:01:43.456,1.50745,1.50763,1.13,1.13
2013.12.10 13:01:43.559,1.50744,1.50761,1.00,1.00
2013.12.10 13:01:43.862,1.50742,1.50758,1.00,2.33
2013.12.10 13:01:44.166,1.50744,1.50758,1.00,2.33
2013.12.10 13:01:44.470,1.50744,1.50753,1.00,1.15
2013.12.10 13:01:46.027,1.50744,1.50755,1.00,2.33
2013.12.10 13:01:46.079,1.50738,1.50755,1.88,2.33
2013.12.10 13:01:46.231,1.50738,1.50753,1.88,1.80
2013.12.10 13:01:46.556,1.50738,1.50749,1.13,2.33
2013.12.10 13:01:46.657,1.50735,1.50749,1.00,1.58
2013.12.10 13:01:47.596,1.50735,1.50749,1.00,3.83
2013.12.10 13:01:47.647,1.50735,1.50746,1.00,1.13
2013.12.10 13:01:47.749,1.50733,1.50745,1.00,1.18
2013.12.10 13:01:48.622,1.50732,1.50746,1.00,1.58
2013.12.10 13:01:48.673,1.50729,1.50743,1.00,1.10
2013.12.10 13:01:48.775,1.50729,1.50742,1.00,1.15
2013.12.10 13:01:49.079,1.50729,1.50738,1.00,1.10
2013.12.10 13:01:49.382,1.50729,1.50739,1.00,3.75
2013.12.10 13:01:49.832,1.50724,1.50739,1.88,3.75
2013.12.10 13:01:50.516,1.50724,1.50739,1.88,1.18
2013.12.10 13:01:50.737,1.50724,1.50739,1.50,1.18
2013.12.10 13:01:50.788,1.50724,1.50735,1.00,1.00
2013.12.10 13:01:51.125,1.50728,1.50739,1.00,1.65
2013.12.10 13:01:51.654,1.50728,1.50739,1.00,1.50
2013.12.10 13:01:53.346,1.50728,1.50739,1.00,1.65
2013.12.10 13:01:54.888,1.50734,1.50739,1.00,1.08
2013.12.10 13:01:55.039,1.50734,1.5074,1.00,1.00
2013.12.10 13:01:55.242,1.50734,1.50744,1.00,2.85
2013.12.10 13:01:55.546,1.50732,1.50744,1.00,2.78
2013.12.10 13:01:56.051,1.50732,1.50744,1.00,2.10
2013.12.10 13:01:56.102,1.50738,1.50744,1.00,1.00
2013.12.10 13:01:56.611,1.50739,1.50743,1.00,1.00
2013.12.10 13:01:56.662,1.50732,1.50743,1.00,1.00
2013.12.10 13:01:57.801,1.50739,1.50747,1.00,1.28
2013.12.10 13:01:57.904,1.50728,1.50742,1.00,1.35
2013.12.10 13:01:58.588,1.50728,1.50742,1.38,1.35
2013.12.10 13:01:58.912,1.50736,1.50745,1.00,1.10
2013.12.10 13:01:58.963,1.50735,1.50745,1.00,1.10
2013.12.10 13:02:01.156,1.50732,1.50746,1.50,1.18
2013.12.10 13:02:01.257,1.50732,1.5074,1.00,2.10
2013.12.10 13:02:01.308,1.5073,1.5074,1.00,2.10
2013.12.10 13:02:01.409,1.5073,1.50737,1.00,1.00
2013.12.10 13:02:01.612,1.50728,1.50737,1.00,1.00
2013.12.10 13:02:02.169,1.50727,1.50737,1.00,1.13
2013.12.10 13:02:02.475,1.50729,1.50737,1.00,1.13
2013.12.10 13:02:03.489,1.50724,1.50737,1.00,1.13
2013.12.10 13:02:04.458,1.50722,1.50737,1.00,1.13
2013.12.10 13:02:04.975,1.50722,1.50737,1.00,2.10
2013.12.10 13:02:05.127,1.50727,1.50734,1.00,1.00
2013.12.10 13:02:05.904,1.50726,1.50734,1.00,1.00
2013.12.10 13:02:06.546,1.50722,1.50734,1.00,1.00
2013.12.10 13:02:08.647,1.50727,1.50734,1.00,1.00
2013.12.10 13:02:09.187,1.50728,1.50734,1.00,1.00
2013.12.10 13:02:10.396,1.50723,1.50734,1.00,1.00
2013.12.10 13:02:10.945,1.50724,1.50734,1.00,1.00
2013.12.10 13:02:12.277,1.50724,1.50732,1.00,2.10
2013.12.10 13:02:12.378,1.50718,1.50732,1.50,2.10
2013.12.10 13:02:17.579,1.5072,1.50732,1.00,2.10
2013.12.10 13:02:18.160,1.50722,1.50732,1.00,2.18
2013.12.10 13:02:18.662,1.5072,1.50732,1.00,2.10
2013.12.10 13:02:21.835,1.50724,1.50732,1.00,2.10
2013.12.10 13:02:21.887,1.50724,1.50736,1.00,1.58
2013.12.10 13:02:22.041,1.50724,1.50736,1.00,1.20
2013.12.10 13:02:25.794,1.50722,1.50736,1.00,1.20
2013.12.10 13:02:26.675,1.50728,1.50736,1.00,1.20
2013.12.10 13:02:28.036,1.50729,1.50736,1.00,1.20
2013.12.10 13:02:28.892,1.50728,1.50736,1.00,1.00
2013.12.10 13:02:31.768,1.50729,1.50736,1.00,1.00
2013.12.10 13:02:32.328,1.50725,1.50736,1.00,1.13
2013.12.10 13:02:32.431,1.50729,1.50736,1.00,1.13
2013.12.10 13:02:32.966,1.50728,1.50737,1.00,1.35
2013.12.10 13:02:33.546,1.50729,1.50737,1.00,1.35
2013.12.10 13:02:34.747,1.50731,1.50737,1.00,1.35
2013.12.10 13:02:35.584,1.50725,1.50738,1.00,2.85
2013.12.10 13:02:36.136,1.5073,1.50738,1.00,2.85
2013.12.10 13:02:36.795,1.50725,1.50738,1.00,2.85
2013.12.10 13:02:38.775,1.50729,1.50738,1.00,2.85
2013.12.10 13:02:40.425,1.50731,1.50738,1.00,2.10
2013.12.10 13:02:40.734,1.50719,1.50731,1.38,1.00
2013.12.10 13:02:40.785,1.50727,1.50736,1.00,1.00
2013.12.10 13:02:40.887,1.50725,1.50736,1.00,1.15
2013.12.10 13:02:40.988,1.50725,1.50733,1.00,1.00
2013.12.10 13:02:41.089,1.50725,1.50735,1.00,1.20
2013.12.10 13:02:41.191,1.50725,1.50735,1.00,1.15
2013.12.10 13:02:41.292,1.50725,1.50736,1.00,1.00
2013.12.10 13:02:41.856,1.50725,1.50731,1.00,1.00
2013.12.10 13:02:41.907,1.50719,1.50731,1.00,1.00
2013.12.10 13:02:41.958,1.50718,1.50729,1.00,1.00
2013.12.10 13:02:42.308,1.50721,1.50729,1.00,1.00
2013.12.10 13:02:43.089,1.50722,1.50732,1.00,1.15
2013.12.10 13:02:43.242,1.50726,1.50734,1.00,1.88
2013.12.10 13:02:43.476,1.50725,1.50731,1.00,1.00
2013.12.10 13:02:43.743,1.50715,1.50731,1.38,1.00
2013.12.10 13:02:43.794,1.50716,1.50733,1.13,2.48
2013.12.10 13:02:44.341,1.50716,1.50733,1.75,2.48
2013.12.10 13:02:44.645,1.50726,1.50737,1.00,3.00
2013.12.10 13:02:44.979,1.50718,1.50733,1.00,1.00
2013.12.10 13:02:45.081,1.50721,1.50737,1.00,2.10
2013.12.10 13:02:45.428,1.50732,1.50741,1.00,1.00
2013.12.10 13:02:45.530,1.50732,1.50743,1.00,2.25
2013.12.10 13:02:45.581,1.50732,1.50741,1.00,1.00
2013.12.10 13:02:45.884,1.50732,1.50738,1.00,1.00
2013.12.10 13:02:46.196,1.5073,1.50738,1.00,1.00
2013.12.10 13:02:46.647,1.50734,1.5074,1.00,1.00
2013.12.10 13:02:46.698,1.50734,1.5074,1.00,1.00
2013.12.10 13:02:47.052,1.50724,1.50739,1.50,1.00
2013.12.10 13:02:47.587,1.50724,1.50739,2.25,1.00
2013.12.10 13:02:47.891,1.5073,1.50738,1.00,1.50
2013.12.10 13:02:47.943,1.50728,1.50738,1.00,1.50
2013.12.10 13:02:48.147,1.50726,1.50738,1.00,1.50
2013.12.10 13:02:48.685,1.50725,1.50738,1.00,1.50
2013.12.10 13:02:54.855,1.50728,1.50738,1.00,1.50
2013.12.10 13:02:55.845,1.50727,1.50738,1.00,1.50
2013.12.10 13:02:56.379,1.50728,1.50738,1.00,1.50
2013.12.10 13:03:04.651,1.50723,1.50738,1.50,1.50
2013.12.10 13:03:08.054,1.50722,1.50738,1.50,1.50
2013.12.10 13:03:14.381,1.50721,1.50738,1.13,2.25
2013.12.10 13:03:14.585,1.50718,1.50735,1.13,1.00
2013.12.10 13:03:14.687,1.50719,1.50737,1.13,1.10
2013.12.10 13:03:16.636,1.5072,1.50737,1.00,1.00
2013.12.10 13:03:16.916,1.50722,1.50737,1.00,1.00
2013.12.10 13:03:17.221,1.50728,1.50738,1.00,1.50
2013.12.10 13:03:18.397,1.50723,1.50738,1.88,1.50
2013.12.10 13:03:18.943,1.50723,1.50739,1.88,1.20
2013.12.10 13:03:19.510,1.50723,1.50739,1.88,1.18
2013.12.10 13:03:25.335,1.50725,1.5074,1.00,1.15
2013.12.10 13:03:26.142,1.50725,1.5074,1.00,1.15
2013.12.10 13:03:26.448,1.50726,1.50743,1.00,1.10
2013.12.10 13:03:26.550,1.50731,1.50742,1.13,1.00
2013.12.10 13:03:26.675,1.50731,1.50744,1.00,1.50
2013.12.10 13:03:26.777,1.50731,1.50746,1.00,1.95
2013.12.10 13:03:28.141,1.50731,1.50745,1.00,1.13
2013.12.10 13:03:29.266,1.50728,1.50745,1.13,1.13
2013.12.10 13:03:30.453,1.50728,1.50743,1.13,1.00
2013.12.10 13:03:30.756,1.50726,1.50741,1.50,1.00
2013.12.10 13:03:30.858,1.50726,1.50741,1.00,1.00
2013.12.10 13:03:31.960,1.50724,1.50741,1.38,1.00
2013.12.10 13:03:33.815,1.50724,1.5074,1.38,1.00
2013.12.10 13:03:34.583,1.50724,1.50739,1.38,1.00
2013.12.10 13:03:35.377,1.50726,1.50742,1.00,1.10
2013.12.10 13:03:35.915,1.50724,1.50742,1.88,1.20
2013.12.10 13:03:37.055,1.50726,1.50742,1.00,1.20
2013.12.10 13:03:37.907,1.50724,1.50742,1.88,1.00
2013.12.10 13:03:38.184,1.50727,1.50743,1.00,1.20
2013.12.10 13:03:39.636,1.50725,1.50743,1.13,2.03
2013.12.10 13:03:40.169,1.50726,1.50743,1.00,2.03
2013.12.10 13:03:41.315,1.50728,1.50743,1.00,1.28
2013.12.10 13:03:43.542,1.50726,1.50743,1.00,2.03
2013.12.10 13:03:44.596,1.50725,1.50743,1.88,2.03
2013.12.10 13:03:44.716,1.50722,1.50738,1.75,1.00
2013.12.10 13:03:44.919,1.50722,1.50741,1.75,1.45
2013.12.10 13:03:44.970,1.50722,1.50738,1.85,1.00
2013.12.10 13:03:45.021,1.50722,1.50738,1.10,1.00
2013.12.10 13:03:45.225,1.50725,1.50739,1.00,1.28
2013.12.10 13:03:45.276,1.50725,1.50739,1.00,1.00
2013.12.10 13:03:45.428,1.50727,1.50739,1.00,1.00
2013.12.10 13:03:45.630,1.50729,1.50745,1.13,2.63
2013.12.10 13:03:45.934,1.5073,1.50747,1.00,3.75
2013.12.10 13:03:45.985,1.5073,1.50747,1.00,3.38
2013.12.10 13:03:46.503,1.5073,1.50744,1.00,1.38
2013.12.10 13:03:47.232,1.50731,1.50745,1.00,1.38
2013.12.10 13:03:47.743,1.50733,1.50747,1.00,3.98
2013.12.10 13:03:47.866,1.50733,1.50747,1.00,3.98
2013.12.10 13:03:49.062,1.50732,1.50747,1.00,3.98
2013.12.10 13:03:49.319,1.50733,1.50747,1.00,2.85
2013.12.10 13:03:49.420,1.50735,1.50747,1.00,3.23
2013.12.10 13:03:51.167,1.50733,1.50747,1.00,2.10
2013.12.10 13:03:51.807,1.50734,1.50747,1.00,2.10
2013.12.10 13:03:52.468,1.50733,1.50747,1.50,2.10
2013.12.10 13:03:55.485,1.50733,1.50743,1.00,1.00
2013.12.10 13:03:55.687,1.50731,1.50743,1.13,1.00
2013.12.10 13:03:55.840,1.50731,1.50745,1.13,1.00
2013.12.10 13:03:56.093,1.50729,1.50745,1.50,1.50
2013.12.10 13:03:56.145,1.50729,1.50743,1.00,1.00
2013.12.10 13:03:56.478,1.50729,1.50743,1.38,1.00
2013.12.10 13:03:56.923,1.50729,1.50746,1.38,1.00
2013.12.10 13:03:58.238,1.50729,1.50745,1.38,1.00
2013.12.10 13:03:59.658,1.5073,1.50745,1.00,1.50
2013.12.10 13:03:59.877,1.5073,1.50741,1.00,1.50
2013.12.10 13:04:00.029,1.50725,1.5074,1.00,1.00
2013.12.10 13:04:00.231,1.50721,1.50739,1.28,1.00
2013.12.10 13:04:00.780,1.50721,1.50739,1.13,1.00
2013.12.10 13:04:01.658,1.50721,1.50737,1.13,1.00
2013.12.10 13:04:02.204,1.5072,1.50736,1.38,1.00
2013.12.10 13:04:03.293,1.50718,1.50734,2.78,1.00
2013.12.10 13:04:04.307,1.50721,1.50737,1.13,1.00
2013.12.10 13:04:04.408,1.50721,1.50735,1.13,1.00
2013.12.10 13:04:04.525,1.50718,1.50737,2.03,1.00
2013.12.10 13:04:04.627,1.5072,1.50734,1.38,1.00
2013.12.10 13:04:05.374,1.5072,1.50736,1.38,1.00
2013.12.10 13:04:05.728,1.5072,1.50733,1.00,1.00
2013.12.10 13:04:05.783,1.50718,1.50733,1.88,1.00
2013.12.10 13:04:06.220,1.50718,1.50733,2.25,1.10
2013.12.10 13:04:06.372,1.50723,1.50737,1.00,1.00
2013.12.10 13:04:06.474,1.50723,1.50739,1.00,1.00
2013.12.10 13:04:06.845,1.50731,1.50742,1.00,1.58
2013.12.10 13:04:07.813,1.50731,1.50741,1.00,1.00
2013.12.10 13:04:08.135,1.50731,1.50743,1.38,1.10
2013.12.10 13:04:08.445,1.50731,1.50741,1.00,1.00
2013.12.10 13:04:08.800,1.50723,1.50741,1.00,1.00
2013.12.10 13:04:09.071,1.50723,1.50741,1.38,1.00
2013.12.10 13:04:09.374,1.5073,1.50743,1.00,2.85
2013.12.10 13:04:09.425,1.50726,1.50741,1.00,1.00
2013.12.10 13:04:09.937,1.50725,1.50741,1.00,1.20
2013.12.10 13:04:10.091,1.50725,1.50741,1.88,1.20
2013.12.10 13:04:10.142,1.50731,1.50743,1.38,1.13
2013.12.10 13:04:10.445,1.50731,1.50741,1.00,1.00
2013.12.10 13:04:10.955,1.5073,1.50741,1.00,1.00
2013.12.10 13:04:11.325,1.50735,1.50746,1.00,1.20
2013.12.10 13:04:12.624,1.50735,1.5075,1.50,1.55
2013.12.10 13:04:13.130,1.50734,1.5075,2.25,2.03
2013.12.10 13:04:15.632,1.50737,1.5075,1.13,1.00
2013.12.10 13:04:16.238,1.50737,1.50753,1.13,1.50
2013.12.10 13:04:16.863,1.50739,1.50753,1.00,1.00
2013.12.10 13:04:17.455,1.50738,1.50754,1.00,1.08
2013.12.10 13:04:18.174,1.50737,1.50754,1.13,1.20
2013.12.10 13:04:23.408,1.50738,1.50755,1.00,3.94
2013.12.10 13:04:23.711,1.50741,1.50755,1.00,1.32
2013.12.10 13:04:24.237,1.50739,1.50755,1.88,2.55
2013.12.10 13:04:24.398,1.50737,1.5075,1.00,2.10
2013.12.10 13:04:24.500,1.50735,1.5075,1.10,2.10
2013.12.10 13:04:25.381,1.50733,1.50748,1.00,1.00
2013.12.10 13:04:26.534,1.50733,1.50749,1.00,1.00
2013.12.10 13:04:27.055,1.50731,1.50749,1.38,1.00
2013.12.10 13:04:27.839,1.50734,1.50749,1.00,1.00
2013.12.10 13:04:28.142,1.50738,1.5075,1.00,2.10
2013.12.10 13:04:28.193,1.50734,1.5075,1.00,2.85
2013.12.10 13:04:28.734,1.50733,1.50748,1.00,1.10
2013.12.10 13:04:29.108,1.50737,1.5075,1.50,2.63
2013.12.10 13:04:29.310,1.50737,1.50749,1.13,1.00
2013.12.10 13:04:30.570,1.50737,1.50747,1.13,1.50
2013.12.10 13:04:30.620,1.5073,1.50747,1.38,2.25
2013.12.10 13:04:30.671,1.5073,1.50747,1.00,2.25
2013.12.10 13:04:30.933,1.50729,1.50747,1.50,2.70
2013.12.10 13:04:31.281,1.50729,1.50747,1.50,2.63
2013.12.10 13:04:32.040,1.50737,1.50747,1.50,1.50
2013.12.10 13:04:32.141,1.50738,1.50751,1.38,1.32
2013.12.10 13:04:32.634,1.50734,1.50748,1.38,1.00
2013.12.10 13:04:33.151,1.50736,1.5075,1.00,2.25
2013.12.10 13:04:35.333,1.50736,1.5075,1.38,2.25
2013.12.10 13:04:35.661,1.50742,1.50753,1.13,1.00
2013.12.10 13:04:35.965,1.50736,1.50752,1.00,1.10
2013.12.10 13:04:36.934,1.50734,1.50751,1.13,1.00
2013.12.10 13:04:38.136,1.50733,1.50751,1.88,1.00
2013.12.10 13:04:40.312,1.50736,1.50751,1.13,1.10
2013.12.10 13:04:40.415,1.50741,1.50754,1.38,1.00
2013.12.10 13:04:40.705,1.50736,1.50753,1.00,1.00
2013.12.10 13:04:40.806,1.50735,1.50751,1.00,1.00
2013.12.10 13:04:42.073,1.50737,1.50751,1.13,1.00
2013.12.10 13:04:42.684,1.50741,1.50752,1.38,1.00
2013.12.10 13:04:44.118,1.50744,1.50752,1.00,1.00
2013.12.10 13:04:44.220,1.50742,1.50753,1.00,2.10
2013.12.10 13:04:44.321,1.50744,1.50753,1.00,2.10
2013.12.10 13:04:44.423,1.50738,1.50752,1.38,1.00
2013.12.10 13:04:44.474,1.50738,1.50752,1.75,1.00
2013.12.10 13:04:44.626,1.50738,1.50752,1.00,1.10
2013.12.10 13:04:45.143,1.50733,1.50751,2.25,1.58
2013.12.10 13:04:45.433,1.50733,1.50749,1.75,1.00
2013.12.10 13:04:45.585,1.50732,1.50749,1.38,1.00
2013.12.10 13:04:45.737,1.50731,1.50746,1.00,1.00
2013.12.10 13:04:46.813,1.50731,1.50743,1.00,1.00
2013.12.10 13:04:47.453,1.50731,1.50742,1.00,1.00
2013.12.10 13:04:48.149,1.50731,1.50747,1.50,1.50
2013.12.10 13:04:48.667,1.50732,1.50747,1.00,1.00
2013.12.10 13:04:49.231,1.50731,1.50747,1.00,1.13
2013.12.10 13:04:50.645,1.5073,1.50747,1.13,1.20
2013.12.10 13:04:51.172,1.5073,1.50748,1.58,2.10
2013.12.10 13:04:57.682,1.50732,1.50748,1.00,2.48
2013.12.10 13:04:58.583,1.50729,1.50744,1.65,1.00
2013.12.10 13:05:08.573,1.5073,1.50741,1.38,1.00
2013.12.10 13:05:11.023,1.5073,1.50744,1.38,1.00
2013.12.10 13:05:11.752,1.5073,1.50743,1.38,1.00
2013.12.10 13:05:12.847,1.5073,1.50743,1.00,1.00
2013.12.10 13:05:13.003,1.50731,1.50741,1.00,1.00
2013.12.10 13:05:13.055,1.50724,1.50741,1.00,1.08
2013.12.10 13:05:13.217,1.50721,1.50741,1.38,1.65
2013.12.10 13:05:13.731,1.50721,1.50741,1.38,2.70
2013.12.10 13:05:14.150,1.5072,1.50735,3.00,1.00
2013.12.10 13:05:14.201,1.5072,1.50735,1.50,1.00
2013.12.10 13:05:14.252,1.5072,1.50733,1.50,1.00
2013.12.10 13:05:14.455,1.50718,1.50734,1.00,1.65
2013.12.10 13:05:14.506,1.50718,1.50734,1.00,2.70
2013.12.10 13:05:14.962,1.50712,1.5073,1.13,1.10
2013.12.10 13:05:15.063,1.50712,1.5073,1.13,1.15
2013.12.10 13:05:15.382,1.50717,1.50732,1.00,1.53
2013.12.10 13:05:18.065,1.50719,1.50733,1.00,1.50
2013.12.10 13:05:18.116,1.50719,1.50733,1.00,1.08
2013.12.10 13:05:18.373,1.50717,1.50733,1.00,1.58
2013.12.10 13:05:18.580,1.50717,1.50732,1.00,1.20
2013.12.10 13:05:20.138,1.50719,1.50732,1.00,1.95
2013.12.10 13:05:20.240,1.50716,1.50732,1.00,2.63
2013.12.10 13:05:20.341,1.50716,1.50732,1.00,1.88
2013.12.10 13:05:20.392,1.50716,1.50728,1.00,1.00
2013.12.10 13:05:20.443,1.50713,1.50728,1.13,1.00
2013.12.10 13:05:21.031,1.50713,1.50727,1.13,1.00
2013.12.10 13:05:21.949,1.50715,1.50727,1.00,1.00
2013.12.10 13:05:22.387,1.50713,1.50728,1.13,1.00
2013.12.10 13:05:22.700,1.50713,1.50726,1.13,1.00
2013.12.10 13:05:23.494,1.50716,1.50726,1.00,1.00
2013.12.10 13:05:24.023,1.50717,1.50726,1.00,1.00
2013.12.10 13:05:25.436,1.50717,1.50727,1.00,1.00
2013.12.10 13:05:25.899,1.50714,1.50727,1.00,1.00
2013.12.10 13:05:26.224,1.50716,1.50727,1.00,1.00
2013.12.10 13:05:26.889,1.50714,1.50727,1.00,1.00
2013.12.10 13:05:27.418,1.50714,1.50726,1.00,1.00
2013.12.10 13:05:30.297,1.50711,1.50726,1.13,1.00
2013.12.10 13:05:30.885,1.50712,1.50726,1.00,1.00
2013.12.10 13:05:31.583,1.50712,1.50728,1.00,1.18
2013.12.10 13:05:31.686,1.50711,1.50726,1.50,1.08
2013.12.10 13:05:34.501,1.5071,1.50726,1.13,1.08
2013.12.10 13:05:36.314,1.50717,1.50726,1.00,1.08
2013.12.10 13:05:36.416,1.50717,1.50731,1.38,2.03
2013.12.10 13:05:36.720,1.50717,1.50729,1.00,1.88
2013.12.10 13:05:36.872,1.50713,1.50727,1.00,1.15
2013.12.10 13:05:38.678,1.50713,1.50729,1.00,1.18
2013.12.10 13:05:39.864,1.50711,1.50729,1.00,1.18
2013.12.10 13:05:41.123,1.50711,1.50729,1.00,1.58
2013.12.10 13:05:41.663,1.50711,1.50729,1.00,3.75
2013.12.10 13:05:45.735,1.50711,1.50726,1.50,1.18
2013.12.10 13:05:46.353,1.50714,1.50727,1.00,1.50
2013.12.10 13:05:47.657,1.50711,1.50727,1.50,1.50
2013.12.10 13:05:47.809,1.50712,1.50722,1.00,1.50
2013.12.10 13:05:47.910,1.5071,1.50722,1.50,3.00
2013.12.10 13:05:48.214,1.5071,1.50715,1.00,1.00
2013.12.10 13:05:48.315,1.507,1.50715,1.50,1.15
2013.12.10 13:05:48.820,1.507,1.50715,1.00,1.13
2013.12.10 13:05:49.385,1.50699,1.50715,1.10,1.13
2013.12.10 13:05:50.859,1.507,1.50715,2.25,1.00
2013.12.10 13:05:51.163,1.50708,1.50714,1.00,1.00
2013.12.10 13:05:51.213,1.50701,1.50714,1.08,1.00
2013.12.10 13:05:51.748,1.50701,1.50714,1.00,1.00
2013.12.10 13:05:52.511,1.50701,1.50711,1.00,1.00
2013.12.10 13:05:53.116,1.50701,1.50711,1.50,1.00
2013.12.10 13:05:53.168,1.50702,1.50719,1.53,1.00
2013.12.10 13:05:53.370,1.50706,1.50717,1.00,1.00
2013.12.10 13:05:53.421,1.50704,1.50716,1.10,1.00
2013.12.10 13:05:53.685,1.50701,1.50716,1.00,1.50
2013.12.10 13:05:54.173,1.50701,1.50714,1.00,1.00
2013.12.10 13:05:54.476,1.50695,1.50707,3.00,1.13
2013.12.10 13:05:54.527,1.50695,1.50707,1.00,1.13
2013.12.10 13:05:55.050,1.50695,1.50709,1.00,1.95
2013.12.10 13:05:55.252,1.50691,1.50709,1.50,1.58
2013.12.10 13:05:55.506,1.50688,1.50705,1.00,1.13
2013.12.10 13:05:56.316,1.50688,1.50706,1.38,1.88
2013.12.10 13:05:56.621,1.50692,1.50706,1.18,1.00
2013.12.10 13:05:56.924,1.5069,1.50705,1.10,1.00
2013.12.10 13:05:57.127,1.50687,1.50705,1.00,1.65
2013.12.10 13:05:57.574,1.5069,1.50705,1.00,1.28
2013.12.10 13:05:57.777,1.5069,1.50706,1.00,1.88
2013.12.10 13:05:57.930,1.50692,1.50708,1.00,1.88
2013.12.10 13:05:58.189,1.50693,1.50708,1.00,1.00
2013.12.10 13:05:58.501,1.50691,1.50708,1.00,1.38
2013.12.10 13:05:59.022,1.50691,1.50709,1.50,2.78
2013.12.10 13:05:59.184,1.50691,1.50701,1.00,1.00
2013.12.10 13:05:59.243,1.50684,1.507,1.00,1.00
2013.12.10 13:05:59.294,1.50687,1.50701,1.00,1.00
2013.12.10 13:05:59.395,1.50684,1.50699,1.00,1.00
2013.12.10 13:05:59.988,1.50684,1.50697,1.00,1.00
2013.12.10 13:06:00.291,1.50684,1.50695,1.00,1.45
2013.12.10 13:06:00.342,1.50679,1.50695,1.50,1.55
2013.12.10 13:06:00.494,1.50681,1.50696,1.00,2.70
2013.12.10 13:06:00.798,1.50688,1.50693,1.00,1.35
2013.12.10 13:06:00.899,1.5068,1.50692,1.50,1.15
2013.12.10 13:06:01.001,1.5068,1.50692,1.00,1.00
2013.12.10 13:06:01.650,1.5068,1.50693,1.18,1.00
2013.12.10 13:06:02.200,1.50682,1.50692,1.00,1.00
2013.12.10 13:06:02.384,1.50684,1.50698,1.00,1.38
2013.12.10 13:06:02.435,1.50686,1.507,1.00,1.00
2013.12.10 13:06:02.789,1.50686,1.50702,1.00,1.00
2013.12.10 13:06:03.102,1.50687,1.50704,1.00,1.00
2013.12.10 13:06:03.254,1.50685,1.50702,2.48,1.10
2013.12.10 13:06:03.609,1.5069,1.50701,2.10,1.00
2013.12.10 13:06:03.913,1.50696,1.50703,1.00,1.13
2013.12.10 13:06:04.293,1.50695,1.50713,1.50,1.10
2013.12.10 13:06:04.540,1.50698,1.50714,1.00,1.00
2013.12.10 13:06:04.843,1.50705,1.50717,1.00,1.15
2013.12.10 13:06:05.149,1.50705,1.50718,1.00,1.20
2013.12.10 13:06:06.314,1.50705,1.50718,1.00,1.58
2013.12.10 13:06:06.416,1.507,1.50716,1.00,1.18
2013.12.10 13:06:06.567,1.507,1.50716,1.00,2.25
2013.12.10 13:06:06.618,1.50696,1.5071,1.13,1.50
2013.12.10 13:06:06.669,1.50693,1.50702,1.25,1.00
2013.12.10 13:06:06.771,1.50692,1.50706,1.00,1.48
2013.12.10 13:06:06.872,1.507,1.50709,1.00,1.95
2013.12.10 13:06:06.973,1.507,1.50709,1.00,1.10
2013.12.10 13:06:07.075,1.50696,1.50709,1.50,1.10
2013.12.10 13:06:07.580,1.50696,1.50711,1.50,1.58
2013.12.10 13:06:07.934,1.50696,1.50711,1.50,1.18
2013.12.10 13:06:09.907,1.50695,1.5071,1.00,1.10
2013.12.10 13:06:11.566,1.50694,1.50709,1.00,1.00
2013.12.10 13:06:11.921,1.50692,1.50705,1.00,1.00
2013.12.10 13:06:12.377,1.50688,1.50706,1.88,1.50
2013.12.10 13:06:12.691,1.50688,1.50704,1.88,1.00
2013.12.10 13:06:13.212,1.50688,1.50704,1.88,1.00
2013.12.10 13:06:13.652,1.50688,1.50701,1.88,1.00
2013.12.10 13:06:13.924,1.50686,1.50701,1.35,1.00
2013.12.10 13:06:14.126,1.50686,1.5069,1.00,1.00
2013.12.10 13:06:14.178,1.50678,1.5069,3.08,1.00
2013.12.10 13:06:14.330,1.50678,1.5069,1.00,1.00
2013.12.10 13:06:14.968,1.50678,1.5069,1.00,1.18
2013.12.10 13:06:15.070,1.50676,1.5069,1.00,1.18
2013.12.10 13:06:16.079,1.50676,1.50692,1.88,1.65
2013.12.10 13:06:16.615,1.50677,1.50692,1.00,1.18
2013.12.10 13:06:16.716,1.50676,1.5069,1.00,1.58
2013.12.10 13:06:17.226,1.50676,1.50686,1.00,1.00
2013.12.10 13:06:17.378,1.50674,1.50686,1.00,1.00
2013.12.10 13:06:17.480,1.5067,1.50686,1.00,1.00
2013.12.10 13:06:17.632,1.50669,1.50683,1.50,1.00
2013.12.10 13:06:18.062,1.50669,1.50687,1.50,1.58
2013.12.10 13:06:18.164,1.50669,1.50685,1.50,1.00
2013.12.10 13:06:18.467,1.50666,1.50682,1.13,1.00
2013.12.10 13:06:18.720,1.50668,1.50686,1.00,1.65
2013.12.10 13:06:19.182,1.50671,1.50685,1.00,1.00
2013.12.10 13:06:19.386,1.50675,1.5069,1.35,1.50
2013.12.10 13:06:19.892,1.50676,1.5069,1.00,1.00
2013.12.10 13:06:20.547,1.50676,1.5069,1.00,1.38
2013.12.10 13:06:20.648,1.50674,1.50689,1.00,1.38
2013.12.10 13:06:21.065,1.50677,1.50689,1.00,1.38
2013.12.10 13:06:21.116,1.50677,1.50689,1.00,1.00
2013.12.10 13:06:21.167,1.50677,1.50692,1.00,1.58
2013.12.10 13:06:21.725,1.50676,1.50691,1.00,1.00
2013.12.10 13:06:22.243,1.50676,1.5069,1.00,1.00
2013.12.10 13:06:22.373,1.50676,1.50692,1.00,1.00
2013.12.10 13:06:23.771,1.50677,1.50695,1.00,2.40
2013.12.10 13:06:24.075,1.5068,1.50694,1.00,1.38
2013.12.10 13:06:24.289,1.5068,1.50696,1.50,1.50
2013.12.10 13:06:24.593,1.50684,1.50696,1.00,1.00
2013.12.10 13:06:25.118,1.50687,1.50697,1.00,1.00
2013.12.10 13:06:25.594,1.50686,1.50705,1.60,1.78
2013.12.10 13:06:25.644,1.50688,1.50705,1.68,1.78
2013.12.10 13:06:25.796,1.50689,1.50706,1.55,1.05
2013.12.10 13:06:26.494,1.50688,1.50706,2.18,1.13
2013.12.10 13:06:26.999,1.50689,1.50706,1.90,1.00
2013.12.10 13:06:27.314,1.50689,1.50703,1.53,1.00
2013.12.10 13:06:27.516,1.50688,1.50706,2.18,1.00
2013.12.10 13:06:28.044,1.50692,1.50706,1.00,1.00
2013.12.10 13:06:29.319,1.50692,1.50708,1.00,1.88
2013.12.10 13:06:30.418,1.50692,1.50706,1.00,1.00
2013.12.10 13:06:35.014,1.50702,1.50711,1.27,2.25
2013.12.10 13:06:35.065,1.50707,1.50718,5.48,1.00
2013.12.10 13:06:35.166,1.50715,1.50725,1.00,1.75
2013.12.10 13:06:35.232,1.50717,1.50728,1.75,2.93
2013.12.10 13:06:35.335,1.50717,1.50728,1.00,2.03
2013.12.10 13:06:35.556,1.50717,1.50728,1.00,2.03
2013.12.10 13:06:35.608,1.50713,1.50728,1.00,2.03
2013.12.10 13:06:35.659,1.50715,1.50728,1.00,1.65
2013.12.10 13:06:35.710,1.50717,1.50728,1.00,1.65
2013.12.10 13:06:35.913,1.50717,1.50728,1.75,1.00
2013.12.10 13:06:36.067,1.50717,1.50731,1.93,1.00
2013.12.10 13:06:36.169,1.5072,1.50734,1.38,1.00
2013.12.10 13:06:36.270,1.5072,1.50734,1.38,1.50
2013.12.10 13:06:36.574,1.50714,1.50722,1.00,1.00
2013.12.10 13:06:36.675,1.5071,1.50721,1.08,1.00
2013.12.10 13:06:36.827,1.5071,1.50717,1.00,1.00
2013.12.10 13:06:37.782,1.5071,1.50719,1.00,1.00
2013.12.10 13:06:37.986,1.50707,1.50719,1.00,1.00
2013.12.10 13:06:38.706,1.50707,1.5072,1.00,1.00
2013.12.10 13:06:40.655,1.50708,1.5072,1.00,1.00
2013.12.10 13:06:41.036,1.50708,1.5072,1.00,1.50
2013.12.10 13:06:41.249,1.50699,1.50712,1.20,1.38
2013.12.10 13:06:41.402,1.50697,1.50712,1.38,1.10
2013.12.10 13:06:41.902,1.50697,1.5071,1.00,1.00
2013.12.10 13:06:42.491,1.507,1.5071,1.00,1.00
2013.12.10 13:06:42.542,1.507,1.50713,1.00,1.38
2013.12.10 13:06:42.694,1.50698,1.50713,1.13,1.13
2013.12.10 13:06:43.008,1.50698,1.5071,1.13,1.00
2013.12.10 13:06:43.443,1.50698,1.50712,1.13,1.00
2013.12.10 13:06:43.788,1.50698,1.50713,1.50,1.13
2013.12.10 13:06:44.320,1.50698,1.50714,1.50,1.00
2013.12.10 13:06:44.945,1.50698,1.50713,1.50,1.00
2013.12.10 13:06:45.310,1.50698,1.50709,1.50,1.00
2013.12.10 13:06:47.138,1.50698,1.50711,1.50,1.00
2013.12.10 13:06:47.540,1.50698,1.50711,1.38,1.00
2013.12.10 13:06:48.054,1.50698,1.50712,1.38,1.00
2013.12.10 13:06:48.581,1.50699,1.50714,1.13,1.00
2013.12.10 13:06:48.734,1.50701,1.50715,1.00,1.00
2013.12.10 13:06:49.285,1.50701,1.50715,1.38,1.00
2013.12.10 13:06:50.986,1.50701,1.50715,1.00,1.00
2013.12.10 13:06:51.292,1.50701,1.50715,1.55,1.00
2013.12.10 13:06:51.784,1.50701,1.50718,2.03,1.00
2013.12.10 13:06:53.678,1.50701,1.50717,2.03,1.00
2013.12.10 13:06:54.968,1.50701,1.50714,1.38,1.00
2013.12.10 13:06:55.272,1.50707,1.50714,1.50,1.00
2013.12.10 13:06:55.425,1.50701,1.50712,1.15,1.00
2013.12.10 13:06:55.527,1.507,1.50712,1.00,1.00
2013.12.10 13:06:56.057,1.50699,1.50711,1.13,1.00
2013.12.10 13:06:56.594,1.50699,1.5071,1.13,1.00
2013.12.10 13:06:57.640,1.50699,1.50712,1.13,1.00
2013.12.10 13:06:58.132,1.50699,1.50709,1.00,1.00
2013.12.10 13:06:58.438,1.50699,1.50707,1.00,1.00
2013.12.10 13:06:59.290,1.50699,1.50706,1.00,1.00
2013.12.10 13:06:59.605,1.50698,1.50703,1.00,1.00
2013.12.10 13:06:59.655,1.50696,1.50703,1.10,1.00
2013.12.10 13:06:59.706,1.50691,1.50703,1.50,1.00
2013.12.10 13:07:00.153,1.50688,1.50703,1.88,1.00
2013.12.10 13:07:00.355,1.50687,1.50703,1.00,1.00
2013.12.10 13:07:01.890,1.50686,1.50701,1.73,1.00
2013.12.10 13:07:02.213,1.50686,1.50697,1.73,1.00
2013.12.10 13:07:02.599,1.50686,1.50699,1.73,1.00
2013.12.10 13:07:03.104,1.50686,1.50698,1.08,1.00
2013.12.10 13:07:03.626,1.50686,1.50698,1.00,1.00
2013.12.10 13:07:04.331,1.50686,1.50696,1.00,1.00
2013.12.10 13:07:04.896,1.50686,1.50693,1.00,1.00
2013.12.10 13:07:04.947,1.50684,1.50693,1.00,1.00
2013.12.10 13:07:05.048,1.50682,1.50693,1.10,1.00
2013.12.10 13:07:05.359,1.50682,1.5069,1.00,1.00
2013.12.10 13:07:05.460,1.50676,1.50692,3.15,1.00
2013.12.10 13:07:06.161,1.50679,1.50692,1.00,1.00
2013.12.10 13:07:06.262,1.50679,1.50692,1.28,1.00
2013.12.10 13:07:06.787,1.50679,1.50693,2.03,1.00
2013.12.10 13:07:07.634,1.50679,1.50696,2.03,1.00
2013.12.10 13:07:08.309,1.50679,1.50693,2.03,1.00
2013.12.10 13:07:08.731,1.5068,1.50695,1.00,1.00
2013.12.10 13:07:08.863,1.50678,1.50694,1.20,1.00
2013.12.10 13:07:09.872,1.50679,1.50695,1.00,1.00
2013.12.10 13:07:09.942,1.50679,1.50697,1.00,1.00
2013.12.10 13:07:10.305,1.50678,1.50694,1.65,1.00
2013.12.10 13:07:10.582,1.5068,1.50696,1.10,1.00
2013.12.10 13:07:12.046,1.50683,1.50696,1.00,1.00
2013.12.10 13:07:12.388,1.50683,1.50692,1.00,1.00
2013.12.10 13:07:12.439,1.50683,1.50696,1.00,1.00
2013.12.10 13:07:12.491,1.50681,1.50696,1.00,1.00
2013.12.10 13:07:12.643,1.5068,1.50698,1.80,1.00
2013.12.10 13:07:13.151,1.5068,1.50698,1.58,1.00
2013.12.10 13:07:14.310,1.50682,1.507,1.00,2.63
2013.12.10 13:07:14.824,1.50682,1.507,1.00,2.70
2013.12.10 13:07:15.345,1.50682,1.50696,1.00,1.00
2013.12.10 13:07:16.026,1.50679,1.50694,1.48,1.00
2013.12.10 13:07:16.458,1.50679,1.50696,1.10,1.50
2013.12.10 13:07:17.132,1.50686,1.50696,2.10,1.50
2013.12.10 13:07:17.335,1.50691,1.507,1.13,1.00
2013.12.10 13:07:17.437,1.50694,1.50706,1.00,1.38
2013.12.10 13:07:18.058,1.50694,1.50706,1.10,1.00
2013.12.10 13:07:18.192,1.50694,1.50708,1.10,1.00
2013.12.10 13:07:18.412,1.50694,1.50705,1.10,1.00
2013.12.10 13:07:19.421,1.50694,1.50705,1.38,1.00
2013.12.10 13:07:19.624,1.50693,1.50708,1.75,1.00
2013.12.10 13:07:19.777,1.50697,1.50708,1.00,1.00
2013.12.10 13:07:20.172,1.50694,1.50708,1.00,1.00
2013.12.10 13:07:20.282,1.50694,1.50706,1.00,1.00
2013.12.10 13:07:20.975,1.50696,1.50708,1.00,1.00
2013.12.10 13:07:21.180,1.50699,1.50712,1.50,1.00
2013.12.10 13:07:22.581,1.50699,1.50714,1.00,1.00
2013.12.10 13:07:23.786,1.50702,1.50714,1.00,1.00
2013.12.10 13:07:24.091,1.5071,1.50718,1.00,1.00
2013.12.10 13:07:24.193,1.5071,1.50721,1.00,1.00
2013.12.10 13:07:24.294,1.50711,1.50722,1.30,1.00
2013.12.10 13:07:24.396,1.50715,1.50731,1.28,1.95
2013.12.10 13:07:24.902,1.50716,1.50728,1.20,1.00
2013.12.10 13:07:25.359,1.50716,1.5073,1.20,1.00
2013.12.10 13:07:25.927,1.50714,1.50722,1.05,1.00
2013.12.10 13:07:26.130,1.50713,1.50724,1.38,1.00
2013.12.10 13:07:26.250,1.50706,1.50723,4.50,1.00
2013.12.10 13:07:26.656,1.50708,1.50718,1.43,1.00
2013.12.10 13:07:26.707,1.50708,1.50718,1.00,1.00
2013.12.10 13:07:26.758,1.50708,1.5072,1.00,1.00
2013.12.10 13:07:26.809,1.50713,1.5072,1.00,1.00
2013.12.10 13:07:26.911,1.50708,1.50717,1.00,1.00
2013.12.10 13:07:26.962,1.50698,1.50714,2.40,1.00
2013.12.10 13:07:27.012,1.50698,1.50714,1.15,1.00
2013.12.10 13:07:27.164,1.507,1.50717,1.00,1.00
2013.12.10 13:07:27.348,1.50699,1.50712,1.10,1.00
2013.12.10 13:07:27.624,1.50696,1.50712,1.50,1.00
2013.12.10 13:07:27.675,1.50696,1.50707,1.00,1.00
2013.12.10 13:07:28.209,1.50696,1.50708,1.00,1.00
2013.12.10 13:07:28.310,1.50698,1.50711,1.00,1.13
2013.12.10 13:07:28.361,1.50702,1.50714,1.13,1.00
2013.12.10 13:07:28.664,1.50696,1.50713,1.15,1.00
2013.12.10 13:07:28.715,1.50696,1.5071,1.50,1.00
2013.12.10 13:07:28.817,1.50696,1.5071,1.35,1.00
2013.12.10 13:07:28.918,1.50696,1.50713,1.35,1.00
2013.12.10 13:07:29.955,1.50696,1.50714,1.73,1.50
2013.12.10 13:07:31.536,1.50696,1.50714,1.88,1.00
2013.12.10 13:07:32.268,1.50698,1.50715,1.00,1.00
2013.12.10 13:07:32.555,1.50698,1.50715,1.38,1.10
2013.12.10 13:07:32.859,1.50702,1.50719,1.50,1.13
2013.12.10 13:07:33.208,1.50704,1.50719,1.00,1.00
2013.12.10 13:07:33.751,1.50706,1.50719,1.00,1.00
2013.12.10 13:07:34.284,1.50706,1.50723,1.00,1.65
2013.12.10 13:07:34.818,1.50705,1.50723,1.13,1.65
2013.12.10 13:07:35.408,1.50705,1.50721,1.00,1.00
2013.12.10 13:07:35.510,1.50703,1.50716,1.20,1.00
2013.12.10 13:07:35.814,1.507,1.50712,1.00,1.00
2013.12.10 13:07:35.865,1.50698,1.50712,1.28,1.00
2013.12.10 13:07:36.441,1.50696,1.50712,1.38,1.18
2013.12.10 13:07:36.644,1.50698,1.50714,1.00,1.15
2013.12.10 13:07:38.131,1.50699,1.50714,1.00,1.00
2013.12.10 13:07:38.232,1.50702,1.50714,1.00,1.00
2013.12.10 13:07:38.284,1.50702,1.50716,1.00,1.13
2013.12.10 13:07:38.548,1.50703,1.50716,1.38,1.10
2013.12.10 13:07:38.892,1.50709,1.5072,1.00,1.10
2013.12.10 13:07:38.946,1.50709,1.50723,1.00,1.08
2013.12.10 13:07:39.048,1.50711,1.50723,1.00,1.00
2013.12.10 13:07:39.200,1.50713,1.50727,1.13,1.50
2013.12.10 13:07:39.302,1.50713,1.50729,1.13,1.88
2013.12.10 13:07:39.856,1.50713,1.50729,1.13,1.58
2013.12.10 13:07:40.401,1.50713,1.50729,1.13,1.50
2013.12.10 13:07:41.135,1.50717,1.50729,1.00,1.00
2013.12.10 13:07:41.963,1.50717,1.50732,1.00,1.00
2013.12.10 13:07:42.952,1.50717,1.50725,1.00,1.00
2013.12.10 13:07:43.003,1.50714,1.50725,1.38,1.00
2013.12.10 13:07:43.054,1.50715,1.50727,1.13,1.00
2013.12.10 13:07:43.155,1.50714,1.50729,1.38,1.10
2013.12.10 13:07:43.359,1.50715,1.50733,1.13,1.13
2013.12.10 13:07:43.461,1.50715,1.50733,1.08,1.00
2013.12.10 13:07:43.884,1.50727,1.50734,1.13,1.00
2013.12.10 13:07:43.989,1.50724,1.50737,1.38,1.20
2013.12.10 13:07:44.191,1.50722,1.50732,1.00,1.00
2013.12.10 13:07:44.496,1.50722,1.50734,1.00,1.88
2013.12.10 13:07:44.547,1.50717,1.50734,2.40,1.88
2013.12.10 13:07:45.089,1.5072,1.50734,1.00,1.38
2013.12.10 13:07:45.623,1.5072,1.50734,1.00,1.38
2013.12.10 13:07:45.928,1.50715,1.50729,1.88,1.15
2013.12.10 13:07:46.181,1.50713,1.50728,1.13,1.08
2013.12.10 13:07:46.728,1.50711,1.50729,2.03,1.58
2013.12.10 13:07:47.312,1.50711,1.50729,1.00,1.50
2013.12.10 13:07:47.363,1.50711,1.50726,1.50,1.00
2013.12.10 13:07:47.668,1.5071,1.50723,1.00,1.00
2013.12.10 13:07:47.793,1.5071,1.50726,1.00,1.50
2013.12.10 13:07:48.248,1.50712,1.50725,1.00,1.00
2013.12.10 13:07:48.451,1.5071,1.50724,1.00,1.00
2013.12.10 13:07:48.653,1.50708,1.50724,1.00,2.25
2013.12.10 13:07:49.467,1.50711,1.50724,1.00,1.50
2013.12.10 13:07:49.569,1.50709,1.50724,1.00,1.00
2013.12.10 13:07:50.348,1.50708,1.50724,1.00,1.00
2013.12.10 13:07:50.885,1.50709,1.50724,1.00,1.00
2013.12.10 13:07:51.555,1.50708,1.50724,1.00,1.00
2013.12.10 13:07:51.939,1.50707,1.50722,1.00,1.00
2013.12.10 13:07:52.192,1.50703,1.50719,1.20,1.13
2013.12.10 13:07:52.243,1.50703,1.50715,1.20,1.00
2013.12.10 13:07:52.445,1.50702,1.50717,1.50,1.00
2013.12.10 13:07:52.496,1.507,1.50717,1.00,1.00
2013.12.10 13:07:53.002,1.50701,1.50717,1.00,2.63
2013.12.10 13:07:53.523,1.50701,1.50717,1.38,2.63
2013.12.10 13:07:53.574,1.507,1.50715,1.00,1.00
2013.12.10 13:07:53.979,1.50701,1.50717,1.00,1.58
2013.12.10 13:07:54.162,1.507,1.50715,1.00,1.00
2013.12.10 13:07:54.264,1.50701,1.50717,1.00,1.58
2013.12.10 13:07:54.365,1.50703,1.50717,1.00,1.10
2013.12.10 13:07:54.467,1.507,1.50718,1.00,1.08
2013.12.10 13:07:54.878,1.507,1.50715,1.00,1.00
2013.12.10 13:07:55.578,1.50707,1.50715,1.00,1.00
2013.12.10 13:07:55.630,1.50707,1.50717,1.00,1.00
2013.12.10 13:07:55.883,1.50708,1.50722,1.00,1.50
2013.12.10 13:07:55.985,1.50708,1.50718,1.00,1.00
2013.12.10 13:07:56.086,1.50706,1.50718,1.00,1.00
2013.12.10 13:07:56.616,1.50706,1.50716,1.00,1.00
2013.12.10 13:07:57.151,1.50707,1.50717,1.00,1.00
2013.12.10 13:07:57.492,1.50707,1.50717,1.00,1.55
2013.12.10 13:07:57.797,1.50706,1.50711,1.00,1.00
2013.12.10 13:07:57.949,1.50699,1.50711,1.00,1.00
2013.12.10 13:07:58.151,1.50699,1.50713,1.00,1.00
2013.12.10 13:07:58.202,1.50697,1.5071,1.00,1.00
2013.12.10 13:07:58.815,1.50699,1.50714,1.00,1.00
2013.12.10 13:07:58.917,1.50701,1.50714,1.00,1.00
2013.12.10 13:07:59.241,1.50707,1.5072,1.00,1.00
2013.12.10 13:07:59.545,1.50711,1.50722,1.00,1.50
2013.12.10 13:08:00.363,1.50706,1.50722,1.00,1.00
2013.12.10 13:08:00.628,1.50705,1.50724,1.28,1.00
2013.12.10 13:08:00.881,1.50706,1.50724,1.45,1.00
2013.12.10 13:08:01.185,1.50711,1.50727,1.18,1.00
2013.12.10 13:08:01.488,1.50715,1.50731,1.48,1.50
2013.12.10 13:08:01.892,1.50715,1.50722,1.10,1.00
2013.12.10 13:08:01.993,1.50711,1.50724,2.25,1.00
2013.12.10 13:08:02.044,1.50709,1.50724,1.20,1.00
2013.12.10 13:08:02.196,1.50709,1.50726,1.13,1.00
2013.12.10 13:08:02.701,1.50709,1.50726,1.28,1.00
2013.12.10 13:08:03.014,1.50707,1.50719,3.08,1.00
2013.12.10 13:08:03.217,1.50705,1.50719,1.18,1.00
2013.12.10 13:08:03.324,1.50705,1.50719,1.58,1.00
2013.12.10 13:08:03.798,1.50705,1.50723,1.58,2.25
2013.12.10 13:08:03.950,1.50705,1.50721,1.50,1.00
2013.12.10 13:08:04.001,1.50704,1.50721,1.10,1.50
2013.12.10 13:08:04.522,1.50705,1.5072,1.00,1.00
2013.12.10 13:08:04.574,1.50705,1.50716,1.00,1.00
2013.12.10 13:08:04.878,1.50701,1.50716,1.10,1.00
2013.12.10 13:08:05.396,1.50702,1.50715,1.10,1.00
2013.12.10 13:08:05.552,1.50702,1.50715,1.15,1.00
2013.12.10 13:08:05.856,1.50705,1.50713,1.00,1.00
2013.12.10 13:08:05.907,1.50705,1.50717,1.00,1.00
2013.12.10 13:08:06.250,1.50705,1.50719,1.00,1.00
2013.12.10 13:08:06.301,1.50707,1.50719,1.00,1.00
2013.12.10 13:08:07.334,1.50705,1.50719,1.00,1.00
2013.12.10 13:08:07.774,1.50707,1.50719,1.00,1.00
2013.12.10 13:08:08.084,1.50711,1.5072,1.88,1.00
2013.12.10 13:08:08.236,1.50713,1.50725,1.13,1.00
2013.12.10 13:08:08.287,1.50719,1.50725,1.00,1.00
2013.12.10 13:08:08.338,1.50719,1.50728,1.00,1.10
2013.12.10 13:08:08.490,1.50719,1.5073,1.13,1.10
2013.12.10 13:08:08.794,1.50719,1.50732,1.13,1.00
2013.12.10 13:08:08.895,1.50717,1.50734,1.88,1.00
2013.12.10 13:08:09.250,1.50717,1.50734,1.20,1.00
2013.12.10 13:08:09.352,1.50718,1.50736,1.00,1.50
2013.12.10 13:08:10.076,1.50715,1.50731,2.40,1.00
2013.12.10 13:08:10.404,1.5072,1.50734,1.00,1.00
2013.12.10 13:08:10.593,1.50718,1.50734,1.00,1.00
2013.12.10 13:08:10.729,1.50715,1.50729,1.00,1.00
2013.12.10 13:08:11.035,1.50711,1.50727,1.50,1.00
2013.12.10 13:08:11.914,1.5071,1.50727,1.38,1.50
2013.12.10 13:08:12.016,1.5071,1.50727,1.38,1.08
2013.12.10 13:08:12.613,1.50709,1.50727,1.38,1.00
2013.12.10 13:08:13.392,1.50715,1.50728,1.00,1.00
2013.12.10 13:08:13.646,1.50717,1.50732,1.00,1.15
2013.12.10 13:08:13.697,1.50717,1.50727,1.00,1.00
2013.12.10 13:08:13.900,1.50711,1.50727,1.75,1.58
2013.12.10 13:08:14.552,1.50711,1.50721,1.75,1.00
2013.12.10 13:08:14.654,1.50711,1.50721,1.00,1.00
2013.12.10 13:08:14.705,1.50709,1.50721,1.00,1.00
2013.12.10 13:08:14.916,1.5071,1.50721,1.38,1.00
2013.12.10 13:08:15.136,1.50714,1.5073,1.50,3.00
2013.12.10 13:08:15.237,1.50714,1.5073,1.50,1.00
2013.12.10 13:08:15.971,1.50714,1.50728,1.50,1.00
2013.12.10 13:08:16.288,1.50714,1.50725,1.00,1.00
2013.12.10 13:08:16.642,1.50711,1.50726,1.00,1.00
2013.12.10 13:08:18.110,1.50709,1.50726,1.88,1.50
2013.12.10 13:08:18.211,1.50707,1.50721,1.00,1.00
2013.12.10 13:08:18.620,1.50707,1.50724,1.13,1.00
2013.12.10 13:08:19.216,1.5071,1.50724,1.00,1.00
2013.12.10 13:08:19.722,1.5071,1.50721,1.00,1.00
2013.12.10 13:08:20.201,1.5071,1.50725,1.00,1.50
2013.12.10 13:08:20.391,1.5071,1.50723,1.00,1.00
2013.12.10 13:08:20.955,1.50703,1.50717,1.58,1.00
2013.12.10 13:08:21.006,1.50703,1.50717,1.00,1.00
2013.12.10 13:08:21.158,1.50705,1.50717,1.38,1.00
2013.12.10 13:08:21.461,1.50697,1.50713,1.95,1.00
2013.12.10 13:08:21.563,1.50696,1.50711,2.85,1.00
2013.12.10 13:08:21.664,1.50697,1.50713,1.88,1.20
2013.12.10 13:08:21.816,1.50697,1.50713,1.00,1.00
2013.12.10 13:08:22.081,1.50696,1.50712,1.00,1.88
2013.12.10 13:08:22.384,1.50694,1.50708,1.65,1.00
2013.12.10 13:08:22.894,1.50693,1.50708,2.40,1.00
2013.12.10 13:08:23.619,1.50693,1.50713,2.85,1.58
2013.12.10 13:08:24.170,1.50693,1.50713,2.63,1.50
2013.12.10 13:08:24.951,1.50694,1.50713,1.88,1.18
2013.12.10 13:08:25.002,1.50694,1.5071,1.88,1.00
2013.12.10 13:08:26.070,1.50694,1.50706,1.38,1.38
2013.12.10 13:08:26.273,1.5069,1.50706,1.73,1.88
2013.12.10 13:08:26.805,1.50689,1.50702,1.88,1.00
2013.12.10 13:08:27.339,1.50689,1.50706,1.88,1.95
2013.12.10 13:08:27.391,1.50689,1.50706,1.88,1.95
2013.12.10 13:08:27.644,1.50692,1.50707,1.13,1.18
2013.12.10 13:08:28.162,1.50692,1.50707,1.13,1.00
2013.12.10 13:08:29.563,1.50694,1.50707,1.00,1.00
2013.12.10 13:08:29.613,1.50694,1.50709,1.00,1.20
2013.12.10 13:08:29.967,1.50694,1.5071,1.38,1.15
2013.12.10 13:08:30.334,1.50692,1.50712,1.75,1.00
2013.12.10 13:08:30.933,1.50692,1.50712,1.75,1.00
2013.12.10 13:08:31.142,1.50691,1.50712,2.40,1.38
2013.12.10 13:08:31.498,1.50691,1.50711,1.88,1.38
2013.12.10 13:08:31.803,1.50691,1.50706,1.38,1.00
2013.12.10 13:08:33.667,1.50697,1.50706,1.00,1.00
2013.12.10 13:08:33.769,1.50694,1.5071,1.30,1.00
2013.12.10 13:08:34.018,1.50694,1.5071,1.23,1.00
2013.12.10 13:08:34.122,1.50696,1.50712,1.23,1.50
2013.12.10 13:08:34.643,1.50698,1.50713,1.23,1.13
2013.12.10 13:08:35.183,1.50696,1.50713,1.48,1.00
2013.12.10 13:08:35.285,1.50697,1.50715,1.38,1.13
2013.12.10 13:08:35.387,1.50694,1.50712,1.55,1.00
2013.12.10 13:08:35.547,1.50694,1.50712,1.38,1.08
2013.12.10 13:08:35.749,1.50693,1.50709,2.10,1.00
2013.12.10 13:08:36.447,1.50693,1.50709,1.73,1.00
2013.12.10 13:08:36.827,1.50695,1.50712,1.00,1.08
2013.12.10 13:08:36.878,1.50695,1.50712,1.38,1.08
2013.12.10 13:08:36.979,1.50695,1.50712,1.00,1.08
2013.12.10 13:08:37.817,1.50694,1.5071,1.13,1.00
2013.12.10 13:08:38.956,1.50694,1.5071,1.28,1.00
2013.12.10 13:08:39.007,1.50693,1.50712,3.30,1.00
2013.12.10 13:08:39.494,1.50695,1.50711,1.38,1.00
2013.12.10 13:08:40.024,1.50695,1.50711,1.38,1.00
2013.12.10 13:08:40.714,1.50695,1.5071,1.38,1.00
2013.12.10 13:08:40.934,1.50697,1.50712,1.13,1.00
2013.12.10 13:08:41.204,1.50698,1.50715,1.13,1.00
2013.12.10 13:08:41.306,1.50698,1.50717,1.45,1.00
2013.12.10 13:08:41.610,1.50698,1.50713,1.58,1.00
2013.12.10 13:08:41.672,1.50698,1.50713,1.08,1.00
2013.12.10 13:08:41.773,1.50697,1.50712,1.00,1.00
2013.12.10 13:08:41.824,1.50697,1.50712,1.38,1.00
2013.12.10 13:08:42.128,1.50702,1.50719,1.98,1.00
2013.12.10 13:08:42.381,1.50707,1.50723,1.38,1.10
2013.12.10 13:08:42.654,1.50705,1.50721,1.38,1.00
2013.12.10 13:08:42.957,1.50702,1.50718,2.03,1.00
2013.12.10 13:08:43.058,1.50702,1.50721,1.38,1.20
2013.12.10 13:08:43.312,1.50702,1.50721,1.88,1.18
2013.12.10 13:08:43.362,1.50702,1.50719,1.88,1.08
2013.12.10 13:08:43.413,1.50702,1.50719,1.88,1.08
2013.12.10 13:08:43.758,1.50702,1.50716,1.00,1.00
2013.12.10 13:08:44.116,1.50701,1.50714,1.00,1.00
2013.12.10 13:08:44.370,1.50701,1.50716,1.13,1.50
2013.12.10 13:08:44.624,1.507,1.50719,1.38,1.20
2013.12.10 13:08:44.675,1.507,1.50717,1.38,1.00
2013.12.10 13:08:44.979,1.50698,1.50714,1.00,1.00
2013.12.10 13:08:45.549,1.50697,1.50714,1.13,1.50
2013.12.10 13:08:45.852,1.50698,1.50715,1.38,1.10
2013.12.10 13:08:46.489,1.50697,1.50714,1.38,1.00
2013.12.10 13:08:47.360,1.50697,1.50714,1.00,1.08
2013.12.10 13:08:47.903,1.50698,1.50714,1.00,1.65
2013.12.10 13:08:48.207,1.50697,1.5071,1.00,1.18
2013.12.10 13:08:48.511,1.50691,1.50705,1.88,1.00
2013.12.10 13:08:48.561,1.50691,1.50705,1.50,1.00
2013.12.10 13:08:49.133,1.50689,1.50703,1.88,1.00
2013.12.10 13:08:49.622,1.50689,1.50705,1.00,3.83
2013.12.10 13:08:49.733,1.50687,1.50702,1.50,1.00
2013.12.10 13:08:49.784,1.50687,1.50702,1.50,3.00
2013.12.10 13:08:50.088,1.50684,1.50688,1.00,1.10
2013.12.10 13:08:50.189,1.50671,1.50688,1.88,1.10
2013.12.10 13:08:50.240,1.50671,1.50688,1.88,1.10
2013.12.10 13:08:50.543,1.50671,1.50688,1.88,1.13
2013.12.10 13:08:50.695,1.50671,1.50681,1.50,2.25
2013.12.10 13:08:50.999,1.50663,1.50672,1.00,3.08
2013.12.10 13:08:51.201,1.50665,1.50674,1.00,3.75
2013.12.10 13:08:51.304,1.50665,1.50674,1.00,1.18
2013.12.10 13:08:51.558,1.50667,1.50675,1.00,1.08
2013.12.10 13:08:51.609,1.50667,1.50678,1.00,1.28
2013.12.10 13:08:51.660,1.50667,1.50678,1.00,1.20
2013.12.10 13:08:51.812,1.50669,1.50678,1.00,1.20
2013.12.10 13:08:52.137,1.50669,1.50678,1.00,1.15
2013.12.10 13:08:52.441,1.50672,1.50679,1.00,1.15
2013.12.10 13:08:52.772,1.50672,1.50679,1.00,1.20
2013.12.10 13:08:53.312,1.50673,1.5068,1.00,1.00
2013.12.10 13:08:53.363,1.50668,1.5068,1.00,1.00
2013.12.10 13:08:54.053,1.50668,1.50684,1.00,1.55
2013.12.10 13:08:54.104,1.50675,1.50684,1.00,1.48
2013.12.10 13:08:54.458,1.50674,1.50682,1.00,1.13
2013.12.10 13:08:54.812,1.50668,1.50684,1.00,3.00
2013.12.10 13:08:55.111,1.50673,1.50684,1.00,3.00
2013.12.10 13:08:56.181,1.50673,1.50683,1.00,2.33
2013.12.10 13:08:56.451,1.50672,1.50685,1.00,1.95
2013.12.10 13:08:56.552,1.50674,1.50685,1.00,1.95
2013.12.10 13:08:56.856,1.50674,1.50684,1.00,2.70
2013.12.10 13:08:57.496,1.50673,1.50682,1.00,1.18
2013.12.10 13:08:57.775,1.50671,1.5068,1.00,1.18
2013.12.10 13:08:58.332,1.50662,1.50678,1.38,1.00
2013.12.10 13:08:58.383,1.50661,1.50676,1.38,1.35
2013.12.10 13:08:58.434,1.50661,1.50676,1.00,1.35
2013.12.10 13:08:58.535,1.50659,1.50675,1.00,1.00
2013.12.10 13:08:58.738,1.50659,1.50675,1.00,1.58
2013.12.10 13:08:59.838,1.5066,1.50675,1.00,1.58
2013.12.10 13:09:00.211,1.50664,1.50675,1.00,1.58
2013.12.10 13:09:00.363,1.50664,1.50675,1.00,1.00
2013.12.10 13:09:01.061,1.50659,1.50675,1.00,1.00
2013.12.10 13:09:01.480,1.50659,1.50671,1.00,1.00
2013.12.10 13:09:01.892,1.50663,1.50671,1.00,1.00
2013.12.10 13:09:03.400,1.50665,1.50674,1.00,1.00
2013.12.10 13:09:03.552,1.50665,1.50673,1.00,1.15
2013.12.10 13:09:03.873,1.50667,1.50673,1.00,1.10
2013.12.10 13:09:04.545,1.50657,1.50673,1.50,1.58
2013.12.10 13:09:04.646,1.50666,1.50673,1.00,1.20
2013.12.10 13:09:05.130,1.50667,1.50673,1.00,1.20
2013.12.10 13:09:05.650,1.50667,1.50676,1.00,1.15
2013.12.10 13:09:06.073,1.50657,1.50673,1.50,2.18
2013.12.10 13:09:06.124,1.50666,1.50673,1.00,2.48
2013.12.10 13:09:06.595,1.50654,1.50668,1.00,1.00
2013.12.10 13:09:07.885,1.50652,1.50668,1.38,1.00
2013.12.10 13:09:08.102,1.50661,1.50671,1.00,1.45
2013.12.10 13:09:08.890,1.50662,1.50668,1.00,1.00
2013.12.10 13:09:09.651,1.50662,1.50667,1.00,1.00
2013.12.10 13:09:09.752,1.50659,1.50668,1.00,1.98
2013.12.10 13:09:10.009,1.50657,1.50662,1.00,1.00
2013.12.10 13:09:10.212,1.50657,1.50664,1.00,1.00
2013.12.10 13:09:10.313,1.50659,1.50667,1.00,1.80
2013.12.10 13:09:10.856,1.5066,1.50667,1.00,1.60
2013.12.10 13:09:10.958,1.5066,1.50671,1.00,1.73
2013.12.10 13:09:11.489,1.5066,1.50671,1.00,1.80
2013.12.10 13:09:12.046,1.5066,1.50671,1.00,1.73
2013.12.10 13:09:12.718,1.50662,1.50671,1.00,1.73
2013.12.10 13:09:13.089,1.5066,1.50675,1.13,2.55
2013.12.10 13:09:13.595,1.50657,1.50671,1.88,1.00
2013.12.10 13:09:14.644,1.50655,1.50667,1.00,1.00
2013.12.10 13:09:14.796,1.50655,1.50671,1.00,1.18
2013.12.10 13:09:15.399,1.50656,1.5067,1.00,1.00
2013.12.10 13:09:16.450,1.50657,1.5067,1.00,1.00
2013.12.10 13:09:16.691,1.50656,1.50673,1.88,2.10
2013.12.10 13:09:16.843,1.50656,1.50668,1.00,1.00
2013.12.10 13:09:17.507,1.50656,1.50666,1.00,1.00
2013.12.10 13:09:17.558,1.50654,1.50666,1.00,1.50
2013.12.10 13:09:18.064,1.50654,1.50669,1.00,1.08
2013.12.10 13:09:18.267,1.50654,1.5067,1.50,1.10
2013.12.10 13:09:19.218,1.50655,1.5067,1.00,1.00
2013.12.10 13:09:19.916,1.50654,1.5067,1.00,1.00
2013.12.10 13:09:20.432,1.50654,1.50669,1.00,1.00
2013.12.10 13:09:21.345,1.50654,1.50668,1.00,1.00
2013.12.10 13:09:22.634,1.50654,1.50666,1.00,1.00
2013.12.10 13:09:22.887,1.50654,1.50668,1.00,1.10
2013.12.10 13:09:23.405,1.50655,1.5067,1.00,1.15
2013.12.10 13:09:23.608,1.50655,1.50666,1.00,1.50
2013.12.10 13:09:23.659,1.5065,1.50664,1.00,1.00
2013.12.10 13:09:23.863,1.50647,1.50665,1.00,1.53
2013.12.10 13:09:23.965,1.50645,1.50662,1.50,1.13
2013.12.10 13:09:24.197,1.50645,1.50662,1.50,1.15
2013.12.10 13:09:25.372,1.50645,1.50656,1.00,1.00
2013.12.10 13:09:25.677,1.50631,1.50644,1.38,1.00
2013.12.10 13:09:25.728,1.50631,1.50641,1.00,1.00
2013.12.10 13:09:25.779,1.50631,1.50645,1.00,1.20
2013.12.10 13:09:25.881,1.50631,1.50643,1.00,1.08
2013.12.10 13:09:26.386,1.5063,1.50643,1.38,1.10
2013.12.10 13:09:27.417,1.5063,1.50644,1.38,1.00
2013.12.10 13:09:27.735,1.5063,1.50644,1.38,1.18
2013.12.10 13:09:28.038,1.50635,1.50648,1.00,1.20
2013.12.10 13:09:28.089,1.50635,1.50648,1.00,2.25
2013.12.10 13:09:28.140,1.50629,1.50641,1.13,1.00
2013.12.10 13:09:28.191,1.50627,1.50641,1.00,1.00
2013.12.10 13:09:28.596,1.50626,1.50639,1.50,1.00
2013.12.10 13:09:29.123,1.50625,1.5064,1.50,1.00
2013.12.10 13:09:29.258,1.50626,1.50642,1.00,1.10
2013.12.10 13:09:29.309,1.50628,1.50642,1.00,1.10
2013.12.10 13:09:29.411,1.50625,1.50644,1.50,1.18
2013.12.10 13:09:29.563,1.50625,1.50643,1.50,2.33
2013.12.10 13:09:29.880,1.50627,1.5064,1.00,2.25
2013.12.10 13:09:30.183,1.50627,1.50638,1.00,1.58
2013.12.10 13:09:31.080,1.50616,1.50627,1.50,2.25
2013.12.10 13:09:31.182,1.50619,1.50631,1.00,1.08
2013.12.10 13:09:31.232,1.50616,1.50625,1.00,1.00
2013.12.10 13:09:31.385,1.50614,1.50625,1.00,1.00
2013.12.10 13:09:31.883,1.50612,1.50625,1.00,1.00
2013.12.10 13:09:32.037,1.50608,1.50624,1.50,1.08
2013.12.10 13:09:32.087,1.50608,1.50619,1.00,1.00
2013.12.10 13:09:32.290,1.50604,1.50619,1.50,1.08
2013.12.10 13:09:32.392,1.50607,1.50621,1.00,1.50
2013.12.10 13:09:32.730,1.50614,1.50623,1.00,1.10
2013.12.10 13:09:33.033,1.50614,1.50624,1.00,4.50
2013.12.10 13:09:33.185,1.50611,1.50622,1.00,2.33
2013.12.10 13:09:33.338,1.50611,1.50624,1.00,3.00
2013.12.10 13:09:33.861,1.50612,1.50624,1.00,3.75
2013.12.10 13:09:34.071,1.50612,1.50624,1.00,1.15
2013.12.10 13:09:34.241,1.50612,1.50624,1.00,3.08
2013.12.10 13:09:34.547,1.50612,1.50622,1.00,2.33
2013.12.10 13:09:34.875,1.50601,1.50614,1.26,2.25
2013.12.10 13:09:34.927,1.506,1.50614,1.50,2.33
2013.12.10 13:09:35.180,1.506,1.50616,1.88,3.00
2013.12.10 13:09:35.861,1.50599,1.50615,1.00,1.58
2013.12.10 13:09:36.269,1.50598,1.50615,1.00,1.18
2013.12.10 13:09:36.371,1.50598,1.50615,1.38,1.08
2013.12.10 13:09:36.674,1.50604,1.50618,1.00,2.33
2013.12.10 13:09:36.826,1.50604,1.5062,1.00,1.50
2013.12.10 13:09:36.927,1.506,1.50618,2.23,2.33
2013.12.10 13:09:37.578,1.50605,1.50618,1.00,2.33
2013.12.10 13:09:37.780,1.50605,1.50621,1.00,1.58
2013.12.10 13:09:38.283,1.50605,1.50621,1.00,3.75
2013.12.10 13:09:38.588,1.506,1.50618,1.86,1.15
2013.12.10 13:09:38.639,1.506,1.50618,1.86,3.45
2013.12.10 13:09:38.892,1.50597,1.50612,1.00,1.00
2013.12.10 13:09:39.094,1.50595,1.50612,2.98,1.18
2013.12.10 13:09:39.197,1.50595,1.50612,2.61,1.00
2013.12.10 13:09:39.737,1.50597,1.50612,1.00,1.00
2013.12.10 13:09:40.300,1.50597,1.50617,1.88,1.58
2013.12.10 13:09:40.604,1.506,1.50618,1.63,1.58
2013.12.10 13:09:41.086,1.50599,1.50609,1.38,1.38
2013.12.10 13:09:41.137,1.50599,1.50608,1.00,2.25
2013.12.10 13:09:41.188,1.50591,1.50608,3.08,2.63
2013.12.10 13:09:41.405,1.50591,1.50602,1.00,1.00
2013.12.10 13:09:41.609,1.50591,1.50605,1.00,1.00
2013.12.10 13:09:41.710,1.50585,1.50605,2.23,1.00
2013.12.10 13:09:41.761,1.50587,1.50602,2.23,1.50
2013.12.10 13:09:42.065,1.50593,1.50602,1.00,2.33
2013.12.10 13:09:42.166,1.50593,1.50604,1.00,2.33
2013.12.10 13:09:42.217,1.50593,1.50606,1.00,3.75
2013.12.10 13:09:42.318,1.50596,1.50605,1.00,1.58
2013.12.10 13:09:42.622,1.50592,1.506,1.00,2.33
2013.12.10 13:09:42.723,1.50592,1.50602,1.00,3.00
2013.12.10 13:09:43.379,1.50588,1.50601,1.00,1.15
2013.12.10 13:09:43.735,1.50588,1.50601,1.00,1.00
2013.12.10 13:09:44.038,1.50586,1.50601,1.00,1.00
2013.12.10 13:09:44.641,1.50586,1.50601,1.00,2.33
2013.12.10 13:09:44.692,1.50586,1.506,1.00,1.55
2013.12.10 13:09:44.946,1.50573,1.50588,1.00,1.58
2013.12.10 13:09:44.997,1.50571,1.50587,1.10,1.00
2013.12.10 13:09:45.405,1.50572,1.50585,1.00,1.00
2013.12.10 13:09:45.708,1.50568,1.5058,1.00,1.08
2013.12.10 13:09:45.870,1.50564,1.50576,1.00,1.10
2013.12.10 13:09:45.923,1.50564,1.50576,1.00,1.55
2013.12.10 13:09:46.226,1.50564,1.50569,1.00,1.00
2013.12.10 13:09:46.529,1.5055,1.50571,1.00,4.13
2013.12.10 13:09:46.782,1.50555,1.50571,1.00,1.45
2013.12.10 13:09:47.114,1.50555,1.50571,1.00,1.20
2013.12.10 13:09:49.091,1.50553,1.5057,1.00,1.28
2013.12.10 13:09:49.344,1.50553,1.50566,1.00,1.50
2013.12.10 13:09:49.870,1.50548,1.50564,1.00,1.00
2013.12.10 13:09:49.972,1.50542,1.50563,1.00,2.40
2013.12.10 13:09:50.276,1.5054,1.50556,1.00,1.00
2013.12.10 13:09:50.378,1.50544,1.5056,1.25,1.28
2013.12.10 13:09:50.479,1.50544,1.5056,1.25,1.58
2013.12.10 13:09:50.783,1.50546,1.50561,1.00,2.03
2013.12.10 13:09:51.111,1.50546,1.50561,1.87,1.28
2013.12.10 13:09:51.263,1.50552,1.50565,1.00,1.50
2013.12.10 13:09:51.516,1.50551,1.50563,1.00,1.00
2013.12.10 13:09:52.033,1.50551,1.50562,1.00,1.50
2013.12.10 13:09:52.492,1.50551,1.50564,1.00,1.50
2013.12.10 13:09:52.829,1.50557,1.50565,1.00,3.00
2013.12.10 13:09:52.982,1.50557,1.5057,1.17,1.53
2013.12.10 13:09:53.134,1.50562,1.50573,1.00,5.25
2013.12.10 13:09:53.236,1.50556,1.50571,2.00,1.15
2013.12.10 13:09:53.337,1.50561,1.50573,1.00,1.50
2013.12.10 13:09:53.388,1.50561,1.50573,1.00,1.50
2013.12.10 13:09:53.439,1.50555,1.50571,2.00,1.00
2013.12.10 13:09:53.692,1.50559,1.50573,1.00,1.65
2013.12.10 13:09:54.021,1.50568,1.50578,1.00,1.50
2013.12.10 13:09:54.072,1.50568,1.50585,1.00,1.65
2013.12.10 13:09:54.713,1.50569,1.50585,1.00,1.30
2013.12.10 13:09:54.931,1.50571,1.50585,1.00,1.30
2013.12.10 13:09:55.390,1.50571,1.50576,1.00,1.00
2013.12.10 13:09:55.441,1.50567,1.50576,1.00,1.00
2013.12.10 13:09:56.038,1.50566,1.50576,1.00,1.00
2013.12.10 13:09:56.488,1.50565,1.50578,1.00,1.00
2013.12.10 13:09:57.010,1.50566,1.50578,1.00,1.00
2013.12.10 13:09:57.550,1.50566,1.50579,1.50,1.00
2013.12.10 13:09:57.752,1.50568,1.50583,1.00,1.20
2013.12.10 13:09:58.272,1.50569,1.50583,1.00,1.20
2013.12.10 13:09:58.585,1.50572,1.50584,1.00,1.15
2013.12.10 13:09:58.889,1.50574,1.50586,1.60,1.65
2013.12.10 13:09:59.793,1.50571,1.50588,1.58,1.15
2013.12.10 13:10:00.388,1.5057,1.50585,2.25,1.15
2013.12.10 13:10:00.930,1.50572,1.50585,1.15,1.15
2013.12.10 13:10:01.437,1.50572,1.50585,1.15,1.15
2013.12.10 13:10:01.981,1.50572,1.50585,1.18,1.15
2013.12.10 13:10:03.036,1.50572,1.50585,1.00,1.15
2013.12.10 13:10:03.592,1.50572,1.50584,1.00,2.40
2013.12.10 13:10:04.142,1.50571,1.50584,1.10,2.40
2013.12.10 13:10:04.784,1.50571,1.50584,1.10,1.65
2013.12.10 13:10:05.319,1.50571,1.50584,1.10,1.15
2013.12.10 13:10:05.620,1.50571,1.50578,1.10,1.00
2013.12.10 13:10:05.773,1.50566,1.50578,1.10,1.00
2013.12.10 13:10:06.287,1.50566,1.50579,1.10,1.00
2013.12.10 13:10:06.576,1.50566,1.50577,1.10,1.00
2013.12.10 13:10:07.258,1.50566,1.50579,1.10,2.25
2013.12.10 13:10:08.594,1.5057,1.5058,1.00,1.00
2013.12.10 13:10:08.846,1.50572,1.50585,1.00,1.15
2013.12.10 13:10:09.554,1.50571,1.50585,1.50,1.15
2013.12.10 13:10:10.682,1.50569,1.50584,1.35,1.20
2013.12.10 13:10:10.884,1.50569,1.50578,1.00,1.00
2013.12.10 13:10:10.986,1.50567,1.50579,1.50,1.00
2013.12.10 13:10:11.413,1.50565,1.50579,1.58,1.00
2013.12.10 13:10:11.945,1.50565,1.50578,1.00,1.13
2013.12.10 13:10:11.996,1.50565,1.50573,1.00,1.00
2013.12.10 13:10:12.201,1.50558,1.50569,1.00,1.00
2013.12.10 13:10:12.761,1.50558,1.5057,1.00,1.50
2013.12.10 13:10:12.812,1.50558,1.50572,1.00,3.00
2013.12.10 13:10:12.863,1.5056,1.50572,1.00,3.00
2013.12.10 13:10:13.182,1.50562,1.50571,1.00,1.00
2013.12.10 13:10:13.284,1.50558,1.50571,1.00,1.00
2013.12.10 13:10:13.334,1.50558,1.50571,1.48,1.00
2013.12.10 13:10:13.588,1.50558,1.50575,2.38,1.00
2013.12.10 13:10:13.689,1.5056,1.50577,1.23,1.13
2013.12.10 13:10:13.952,1.50561,1.50575,1.50,1.00
2013.12.10 13:10:14.141,1.50561,1.50577,1.50,3.75
2013.12.10 13:10:14.192,1.50563,1.50577,1.00,3.75
2013.12.10 13:10:14.500,1.5056,1.50571,1.00,1.00
2013.12.10 13:10:14.601,1.50557,1.50571,1.50,1.00
2013.12.10 13:10:14.816,1.50556,1.50571,1.48,1.50
2013.12.10 13:10:15.120,1.50564,1.50577,1.00,1.88
2013.12.10 13:10:15.373,1.50559,1.50574,1.00,1.00
2013.12.10 13:10:15.901,1.50559,1.50573,1.00,1.00
2013.12.10 13:10:16.790,1.50559,1.50574,1.00,1.13
2013.12.10 13:10:17.322,1.50559,1.50573,1.00,1.50
2013.12.10 13:10:17.423,1.50561,1.50575,1.00,1.00
2013.12.10 13:10:17.784,1.50561,1.50573,1.00,1.00
2013.12.10 13:10:18.239,1.50559,1.50574,1.00,1.95
2013.12.10 13:10:18.525,1.50559,1.50574,1.00,1.95
2013.12.10 13:10:18.576,1.50556,1.50572,1.13,1.13
2013.12.10 13:10:18.628,1.50553,1.50569,1.38,1.00
2013.12.10 13:10:19.158,1.50553,1.5057,1.38,1.20
2013.12.10 13:10:19.462,1.50553,1.50569,1.38,1.38
2013.12.10 13:10:20.375,1.50552,1.50568,2.23,1.00
2013.12.10 13:10:20.883,1.50552,1.50569,1.48,1.00
2013.12.10 13:10:21.433,1.50553,1.50571,1.00,1.15
2013.12.10 13:10:21.990,1.50553,1.50571,1.00,1.00
2013.12.10 13:10:22.242,1.50553,1.50571,1.00,1.88
2013.12.10 13:10:22.783,1.50554,1.50566,1.00,1.00
2013.12.10 13:10:22.834,1.5055,1.50566,2.85,1.00
2013.12.10 13:10:22.884,1.5055,1.50562,2.25,1.00
2013.12.10 13:10:23.189,1.5055,1.50559,1.00,1.00
2013.12.10 13:10:23.493,1.50542,1.5055,1.00,1.00
2013.12.10 13:10:23.709,1.50542,1.50554,2.10,1.00
2013.12.10 13:10:23.760,1.50542,1.50558,2.85,1.00
2013.12.10 13:10:24.065,1.50551,1.50563,1.00,1.50
2013.12.10 13:10:24.117,1.50551,1.50563,1.00,1.00
2013.12.10 13:10:24.168,1.50554,1.50563,1.00,1.00
2013.12.10 13:10:24.270,1.5055,1.50563,1.00,1.00
2013.12.10 13:10:24.372,1.50548,1.50564,1.50,1.00
2013.12.10 13:10:24.625,1.50549,1.50562,1.00,1.00
2013.12.10 13:10:25.301,1.50549,1.50563,1.00,1.00
2013.12.10 13:10:25.928,1.50549,1.50565,1.00,1.00
2013.12.10 13:10:26.475,1.50552,1.50566,1.00,1.00
2013.12.10 13:10:26.678,1.5055,1.50566,1.58,1.00
2013.12.10 13:10:26.829,1.50548,1.50564,1.00,1.00
2013.12.10 13:10:27.586,1.50552,1.50566,1.00,1.00
2013.12.10 13:10:27.890,1.50554,1.5057,1.00,1.38
2013.12.10 13:10:28.207,1.50552,1.50566,1.00,1.00
2013.12.10 13:10:28.258,1.5055,1.50566,1.00,1.10
2013.12.10 13:10:28.360,1.50554,1.50566,1.00,1.10
2013.12.10 13:10:28.866,1.50554,1.50565,1.00,1.00
2013.12.10 13:10:29.120,1.50545,1.50561,1.41,1.00
2013.12.10 13:10:29.171,1.50545,1.50561,1.41,1.38
2013.12.10 13:10:29.374,1.50543,1.50559,1.55,1.38
2013.12.10 13:10:29.836,1.50546,1.50562,1.13,1.38
2013.12.10 13:10:29.937,1.50545,1.50561,1.86,1.38
2013.12.10 13:10:30.277,1.50543,1.5056,1.51,1.38
2013.12.10 13:10:30.587,1.50547,1.50561,1.48,1.38
2013.12.10 13:10:30.739,1.50551,1.50562,1.55,1.38
2013.12.10 13:10:30.941,1.50546,1.50562,1.20,2.63
2013.12.10 13:10:31.093,1.50548,1.50562,1.38,1.13
2013.12.10 13:10:31.144,1.5055,1.50564,1.51,1.13
2013.12.10 13:10:31.917,1.50551,1.50565,1.26,1.00
2013.12.10 13:10:32.127,1.50548,1.50564,1.63,1.00
2013.12.10 13:10:32.331,1.50548,1.50562,1.17,1.00
2013.12.10 13:10:33.500,1.50548,1.50564,1.17,1.13
2013.12.10 13:10:34.759,1.50548,1.50564,1.38,1.13
2013.12.10 13:10:34.810,1.50555,1.50565,1.00,1.38
2013.12.10 13:10:34.962,1.50553,1.50568,1.00,1.18
2013.12.10 13:10:35.063,1.50553,1.50568,1.00,1.00
2013.12.10 13:10:37.440,1.50553,1.50567,1.00,1.00
2013.12.10 13:10:38.040,1.50553,1.50569,1.00,1.00
2013.12.10 13:10:39.263,1.50553,1.50568,1.00,1.00
2013.12.10 13:10:40.381,1.50553,1.50569,1.00,1.58
2013.12.10 13:10:41.032,1.50553,1.50568,1.50,1.00
2013.12.10 13:10:41.401,1.50554,1.50567,1.00,1.08
2013.12.10 13:10:41.862,1.50549,1.50565,2.10,1.00
2013.12.10 13:10:41.964,1.50549,1.50561,1.00,1.00
2013.12.10 13:10:42.218,1.50547,1.50562,1.10,1.50
2013.12.10 13:10:42.319,1.50547,1.5056,1.10,1.00
2013.12.10 13:10:42.782,1.50544,1.5056,2.40,1.50
2013.12.10 13:10:42.883,1.50544,1.50557,1.58,1.00
2013.12.10 13:10:43.169,1.50542,1.50557,1.00,1.00
2013.12.10 13:10:43.220,1.50544,1.50557,1.00,1.00
2013.12.10 13:10:43.863,1.50546,1.5056,1.00,1.00
2013.12.10 13:10:44.928,1.50544,1.50557,1.10,1.00
2013.12.10 13:10:45.589,1.50545,1.5056,1.00,1.00
2013.12.10 13:10:45.741,1.50547,1.5056,1.00,1.00
2013.12.10 13:10:47.389,1.50544,1.50559,1.08,1.38
2013.12.10 13:10:47.710,1.50544,1.50559,1.00,1.38
2013.12.10 13:10:48.266,1.50543,1.50558,1.00,1.38
2013.12.10 13:10:49.150,1.50543,1.50558,1.00,1.38
2013.12.10 13:10:49.666,1.50542,1.50557,1.10,1.38
2013.12.10 13:10:49.970,1.50535,1.50551,1.50,1.38
2013.12.10 13:10:50.021,1.50535,1.50551,1.00,1.38
2013.12.10 13:10:50.072,1.50537,1.50553,1.00,1.88
2013.12.10 13:10:50.836,1.50538,1.50553,1.00,1.38
2013.12.10 13:10:50.938,1.50536,1.50553,1.00,1.38
2013.12.10 13:10:51.141,1.50539,1.50554,1.00,1.38
2013.12.10 13:10:51.485,1.50536,1.5055,1.10,1.38
2013.12.10 13:10:51.653,1.50531,1.50547,1.58,1.00
2013.12.10 13:10:51.704,1.50531,1.50547,1.18,1.00
2013.12.10 13:10:51.855,1.50538,1.50548,1.13,1.00
2013.12.10 13:10:51.907,1.50538,1.50553,1.13,1.53
2013.12.10 13:10:52.160,1.50538,1.50553,1.13,1.10
2013.12.10 13:10:56.203,1.5054,1.50554,1.00,1.08
2013.12.10 13:10:56.434,1.50541,1.50558,1.50,1.20
2013.12.10 13:10:59.793,1.50541,1.50556,1.00,1.13
2013.12.10 13:11:00.323,1.50542,1.50558,1.00,1.38
2013.12.10 13:11:00.887,1.50542,1.50558,1.08,1.38
2013.12.10 13:11:00.989,1.50545,1.50559,1.00,1.38
2013.12.10 13:11:01.681,1.50543,1.50558,1.00,1.38
2013.12.10 13:11:02.440,1.50543,1.50558,1.00,1.38
2013.12.10 13:11:02.971,1.50542,1.50558,1.50,1.38
2013.12.10 13:11:04.750,1.50542,1.50558,1.50,1.38
2013.12.10 13:11:05.265,1.50541,1.50556,1.50,1.00
2013.12.10 13:11:05.567,1.50541,1.50555,1.00,1.38
2013.12.10 13:11:05.769,1.50536,1.5055,1.00,1.00
2013.12.10 13:11:05.921,1.50536,1.50552,1.58,1.00
2013.12.10 13:11:06.141,1.50538,1.50554,1.00,1.88
2013.12.10 13:11:06.399,1.50541,1.50554,1.00,1.13
2013.12.10 13:11:06.606,1.50541,1.50557,1.00,1.50
2013.12.10 13:11:06.708,1.50541,1.50554,1.00,1.00
2013.12.10 13:11:07.272,1.5054,1.50554,1.00,1.00
2013.12.10 13:11:08.360,1.50542,1.50554,1.00,1.00
2013.12.10 13:11:08.411,1.50542,1.50558,1.00,1.88
2013.12.10 13:11:09.712,1.50542,1.50558,1.00,1.88
2013.12.10 13:11:10.842,1.50544,1.50558,1.00,1.38
2013.12.10 13:11:11.390,1.50544,1.50558,1.00,1.00
2013.12.10 13:11:12.155,1.50546,1.5056,1.00,1.88
2013.12.10 13:11:12.357,1.50544,1.5056,1.28,1.00
2013.12.10 13:11:12.518,1.50547,1.50559,1.00,1.00
2013.12.10 13:11:12.672,1.50545,1.50559,1.00,1.00
2013.12.10 13:11:12.773,1.50545,1.50557,1.00,1.00
2013.12.10 13:11:13.544,1.50544,1.50557,1.00,1.00
2013.12.10 13:11:13.848,1.50541,1.50552,1.00,1.00
2013.12.10 13:11:13.900,1.50541,1.50556,1.08,1.13
2013.12.10 13:11:13.951,1.50545,1.50557,1.00,1.38
2013.12.10 13:11:14.470,1.50545,1.50555,1.00,1.13
2013.12.10 13:11:14.521,1.50543,1.50556,1.00,1.38
2013.12.10 13:11:15.068,1.50542,1.50556,1.50,1.38
2013.12.10 13:11:15.119,1.50547,1.50556,1.00,1.38
2013.12.10 13:11:16.914,1.50542,1.50556,1.65,1.38
2013.12.10 13:11:17.620,1.50542,1.50553,1.15,1.00
2013.12.10 13:11:18.821,1.5054,1.50553,1.58,1.00
2013.12.10 13:11:18.872,1.5054,1.50556,1.93,1.88
2013.12.10 13:11:18.922,1.50544,1.50556,1.00,1.38
2013.12.10 13:11:19.124,1.50541,1.50555,1.10,1.00
2013.12.10 13:11:19.276,1.50542,1.50558,2.10,1.38
2013.12.10 13:11:19.377,1.50543,1.50559,1.88,1.00
2013.12.10 13:11:19.429,1.50549,1.50564,1.00,1.38
2013.12.10 13:11:19.732,1.50551,1.50557,1.00,1.00
2013.12.10 13:11:20.036,1.5054,1.50551,1.58,1.00
2013.12.10 13:11:20.390,1.5054,1.50556,1.10,1.00
2013.12.10 13:11:20.441,1.5054,1.50559,1.10,1.38
2013.12.10 13:11:20.492,1.5054,1.50559,1.58,1.38
2013.12.10 13:11:20.745,1.50543,1.5056,1.18,1.50
2013.12.10 13:11:21.264,1.50545,1.5056,1.00,1.00
2013.12.10 13:11:22.029,1.50545,1.50561,1.00,1.00
2013.12.10 13:11:24.252,1.50543,1.50561,1.00,1.50
2013.12.10 13:11:25.110,1.50543,1.50561,1.20,1.00
2013.12.10 13:11:25.160,1.50546,1.50563,1.00,1.00
2013.12.10 13:11:25.704,1.50546,1.50563,1.18,1.00
2013.12.10 13:11:26.736,1.50546,1.50563,1.20,1.00
2013.12.10 13:11:27.041,1.50546,1.50564,1.65,1.00
2013.12.10 13:11:27.349,1.50553,1.50566,1.00,1.00
2013.12.10 13:11:27.764,1.50549,1.50566,1.00,1.00
2013.12.10 13:11:27.913,1.50547,1.50563,1.08,1.00
2013.12.10 13:11:28.221,1.5055,1.50566,1.00,1.50
2013.12.10 13:11:28.723,1.5055,1.50565,1.00,1.00
2013.12.10 13:11:29.684,1.50551,1.50568,1.00,1.00
2013.12.10 13:11:30.180,1.50557,1.50568,1.00,1.00
2013.12.10 13:11:30.908,1.50552,1.50568,1.00,1.50
2013.12.10 13:11:31.010,1.50549,1.50565,1.00,1.38
2013.12.10 13:11:31.111,1.50551,1.50567,1.00,1.38
2013.12.10 13:11:31.436,1.50554,1.50567,1.00,1.95
2013.12.10 13:11:31.494,1.50552,1.50567,1.00,1.95
2013.12.10 13:11:31.698,1.50554,1.50567,1.00,1.95
2013.12.10 13:11:32.319,1.50547,1.50562,1.00,1.00
2013.12.10 13:11:33.839,1.50545,1.50559,1.35,1.00
2013.12.10 13:11:34.143,1.50541,1.50557,1.00,1.00
2013.12.10 13:11:34.682,1.5054,1.50557,1.35,1.00
2013.12.10 13:11:35.216,1.50541,1.50557,1.00,1.00
2013.12.10 13:11:35.396,1.50541,1.50557,1.38,1.00
2013.12.10 13:11:35.625,1.50543,1.50561,1.00,2.03
2013.12.10 13:11:36.218,1.50543,1.50561,1.00,1.58
2013.12.10 13:11:36.754,1.50544,1.50561,1.00,1.00
2013.12.10 13:11:36.856,1.50546,1.50562,1.00,1.13
2013.12.10 13:11:38.580,1.50544,1.5056,1.50,1.00
2013.12.10 13:11:38.883,1.50541,1.50559,1.38,1.38
2013.12.10 13:11:39.210,1.50541,1.50559,1.38,1.38
2013.12.10 13:11:39.869,1.50541,1.50559,1.38,1.38
2013.12.10 13:11:41.252,1.50546,1.50561,1.00,1.53
2013.12.10 13:11:41.353,1.50541,1.50559,1.38,1.48
2013.12.10 13:11:41.696,1.50547,1.50559,1.00,1.18
2013.12.10 13:11:41.900,1.50548,1.50565,1.00,1.88
2013.12.10 13:11:42.002,1.5055,1.50564,1.00,1.38
2013.12.10 13:11:42.254,1.50545,1.50562,1.13,1.38
2013.12.10 13:11:42.356,1.50543,1.50556,1.35,1.00
2013.12.10 13:11:42.950,1.50542,1.50556,1.88,1.00
2013.12.10 13:11:43.609,1.50542,1.50556,1.00,1.38
2013.12.10 13:11:43.660,1.50538,1.50556,1.20,1.88
2013.12.10 13:11:43.938,1.50538,1.50556,1.00,1.88
2013.12.10 13:11:44.262,1.50542,1.50558,1.00,1.58
2013.12.10 13:11:44.643,1.50542,1.50554,1.00,1.13
2013.12.10 13:11:44.837,1.50538,1.50554,1.10,1.00
2013.12.10 13:11:44.888,1.50542,1.50554,1.00,1.00
2013.12.10 13:11:45.043,1.5054,1.50554,1.00,1.00
2013.12.10 13:11:45.094,1.50544,1.50557,1.00,1.38
2013.12.10 13:11:45.919,1.50544,1.5056,1.00,1.38
2013.12.10 13:11:47.647,1.50545,1.5056,1.00,1.38
2013.12.10 13:11:47.945,1.50545,1.5056,1.00,1.38
2013.12.10 13:11:48.660,1.50545,1.5056,1.00,1.38
2013.12.10 13:11:49.427,1.50545,1.50559,1.00,1.38
2013.12.10 13:11:50.313,1.50545,1.50561,1.00,1.88
2013.12.10 13:11:50.994,1.50545,1.50561,1.00,1.38
2013.12.10 13:11:51.305,1.50544,1.50561,1.00,1.38
2013.12.10 13:11:51.631,1.50544,1.50561,1.00,1.38
2013.12.10 13:11:52.220,1.50545,1.50561,1.00,1.38
2013.12.10 13:11:52.761,1.50545,1.50561,1.00,1.95
2013.12.10 13:11:53.407,1.50546,1.50561,1.00,1.48
2013.12.10 13:11:53.729,1.50546,1.5056,1.00,1.38
2013.12.10 13:11:53.882,1.50547,1.50562,1.00,1.48
2013.12.10 13:11:54.430,1.50546,1.50561,1.00,1.13
2013.12.10 13:11:55.129,1.50547,1.50563,1.00,1.38
2013.12.10 13:11:55.282,1.50548,1.50564,1.38,1.10
2013.12.10 13:11:55.333,1.50553,1.50566,1.00,1.45
2013.12.10 13:11:55.384,1.50553,1.5057,1.50,3.45
2013.12.10 13:11:55.487,1.50556,1.50568,1.00,1.00
2013.12.10 13:11:55.772,1.50554,1.50569,1.00,1.13
2013.12.10 13:11:55.880,1.5055,1.50566,1.65,1.00
2013.12.10 13:11:56.145,1.5055,1.50568,1.50,1.95
2013.12.10 13:11:56.196,1.5055,1.50564,1.00,1.00
2013.12.10 13:11:56.247,1.50548,1.50564,1.58,1.00
2013.12.10 13:11:56.791,1.50549,1.50567,1.00,1.38
2013.12.10 13:11:57.698,1.50549,1.50566,1.45,1.13
2013.12.10 13:11:58.002,1.50546,1.5056,3.00,1.00
2013.12.10 13:11:58.053,1.50546,1.5056,1.00,1.00
2013.12.10 13:11:58.155,1.50545,1.5056,1.95,1.00
2013.12.10 13:11:58.504,1.50548,1.50563,1.50,1.13
2013.12.10 13:11:58.894,1.50547,1.50563,1.15,1.38
2013.12.10 13:11:59.401,1.50547,1.50563,1.95,1.38
2013.12.10 13:11:59.869,1.50547,1.5056,1.88,1.00
2013.12.10 13:11:59.974,1.50547,1.5056,1.38,1.00
2013.12.10 13:12:00.393,1.50547,1.50563,1.38,1.13
2013.12.10 13:12:00.619,1.50552,1.50563,1.00,1.38
2013.12.10 13:12:00.821,1.5055,1.50563,1.00,1.00
2013.12.10 13:12:00.872,1.5055,1.50563,1.18,1.00
2013.12.10 13:12:01.192,1.5055,1.50563,3.75,1.00
2013.12.10 13:12:01.307,1.5055,1.50563,1.15,1.00
2013.12.10 13:12:01.915,1.50549,1.50563,3.75,1.00
2013.12.10 13:12:01.966,1.50551,1.50563,2.33,1.00
2013.12.10 13:12:02.324,1.50553,1.50564,3.00,1.13
2013.12.10 13:12:03.275,1.50551,1.50564,3.00,1.13
2013.12.10 13:12:03.728,1.50551,1.50568,3.75,1.38
2013.12.10 13:12:03.779,1.50553,1.50568,2.33,1.38
2013.12.10 13:12:03.931,1.50553,1.50569,1.48,1.38
2013.12.10 13:12:04.658,1.50554,1.50569,1.00,1.38
2013.12.10 13:12:04.709,1.50559,1.50571,1.00,1.38
2013.12.10 13:12:04.811,1.50559,1.50571,1.00,1.38
2013.12.10 13:12:05.013,1.50557,1.50572,1.00,1.38
2013.12.10 13:12:05.064,1.50557,1.50572,1.00,1.13
2013.12.10 13:12:05.115,1.50553,1.50572,2.03,1.13
2013.12.10 13:12:05.166,1.50553,1.50572,1.55,1.38
2013.12.10 13:12:05.267,1.50553,1.50572,1.48,1.38
2013.12.10 13:12:05.957,1.50555,1.50573,1.18,1.38
2013.12.10 13:12:06.296,1.50554,1.50573,1.65,1.38
2013.12.10 13:12:06.661,1.50555,1.50573,1.08,1.38
2013.12.10 13:12:07.557,1.50555,1.50573,1.18,1.38
2013.12.10 13:12:08.107,1.50555,1.50573,1.18,1.00
2013.12.10 13:12:09.876,1.50559,1.50578,1.00,1.10
2013.12.10 13:12:10.387,1.5056,1.50578,1.00,1.10
2013.12.10 13:12:10.937,1.50559,1.50575,1.50,1.00
2013.12.10 13:12:11.609,1.50559,1.50575,1.50,1.50
2013.12.10 13:12:12.358,1.50559,1.50573,1.00,1.00
2013.12.10 13:12:12.408,1.50555,1.50573,1.18,1.38
2013.12.10 13:12:12.510,1.50555,1.50576,1.65,1.88
2013.12.10 13:12:12.560,1.50555,1.50576,3.00,1.88
2013.12.10 13:12:13.326,1.50556,1.50576,2.33,1.00
2013.12.10 13:12:13.687,1.50564,1.50575,1.20,1.00
2013.12.10 13:12:14.043,1.50564,1.50575,1.15,1.00
2013.12.10 13:12:14.296,1.50564,1.50576,1.10,1.00
2013.12.10 13:12:14.397,1.50564,1.50581,1.10,1.50
2013.12.10 13:12:15.122,1.50564,1.50581,1.48,1.00
2013.12.10 13:12:15.426,1.50566,1.50576,1.15,1.75
2013.12.10 13:12:15.476,1.50566,1.50576,1.00,1.75
2013.12.10 13:12:15.527,1.50562,1.50576,1.00,1.75
2013.12.10 13:12:15.629,1.50563,1.50576,1.00,1.00
2013.12.10 13:12:16.135,1.50564,1.50575,1.18,1.00
2013.12.10 13:12:16.237,1.50563,1.50577,1.15,1.00
2013.12.10 13:12:17.679,1.50566,1.50577,1.00,1.00
2013.12.10 13:12:18.184,1.50565,1.50578,1.00,1.00
2013.12.10 13:12:18.633,1.50567,1.50577,1.00,1.00
2013.12.10 13:12:19.635,1.50565,1.50577,1.20,1.00
2013.12.10 13:12:19.858,1.50565,1.50582,1.20,1.88
2013.12.10 13:12:20.073,1.50568,1.50582,1.00,1.88
2013.12.10 13:12:20.775,1.50566,1.50582,1.00,1.50
2013.12.10 13:12:21.470,1.50565,1.50582,1.20,1.50
2013.12.10 13:12:24.318,1.50562,1.5058,2.70,1.75
2013.12.10 13:12:24.470,1.50562,1.50574,1.00,1.38
2013.12.10 13:12:24.622,1.50567,1.50574,1.38,1.38
2013.12.10 13:12:24.672,1.50567,1.5058,1.38,1.85
2013.12.10 13:12:24.723,1.50567,1.5058,1.38,1.85
2013.12.10 13:12:24.774,1.50567,1.50584,1.48,1.75
2013.12.10 13:12:24.977,1.50567,1.50584,2.03,1.00
2013.12.10 13:12:25.382,1.50572,1.50584,1.00,1.00
2013.12.10 13:12:25.696,1.50569,1.50585,1.38,1.38
2013.12.10 13:12:26.259,1.50568,1.50583,1.38,1.00
2013.12.10 13:12:26.771,1.50568,1.50584,1.38,1.88
2013.12.10 13:12:27.285,1.50566,1.50583,1.38,1.00
2013.12.10 13:12:29.560,1.50568,1.50584,2.63,1.88
2013.12.10 13:12:29.662,1.50569,1.50584,1.45,1.50
2013.12.10 13:12:29.976,1.50575,1.50586,1.00,1.38
2013.12.10 13:12:30.180,1.50573,1.50586,1.00,1.00
2013.12.10 13:12:30.836,1.50569,1.50579,1.53,1.50
2013.12.10 13:12:30.887,1.50567,1.50577,1.00,1.38
2013.12.10 13:12:30.989,1.50563,1.50577,1.00,1.38
2013.12.10 13:12:31.292,1.50563,1.50577,1.20,1.38
2013.12.10 13:12:31.393,1.5057,1.50586,1.38,1.38
2013.12.10 13:12:31.646,1.50571,1.50585,1.00,1.00
2013.12.10 13:12:31.899,1.50569,1.50587,1.50,1.95
2013.12.10 13:12:32.155,1.50569,1.50586,1.50,1.48
2013.12.10 13:12:32.488,1.50574,1.50581,1.00,1.00
2013.12.10 13:12:32.589,1.50574,1.50587,1.00,1.75
2013.12.10 13:12:32.640,1.50574,1.50587,1.00,1.00
2013.12.10 13:12:32.792,1.50574,1.50593,1.10,1.50
2013.12.10 13:12:33.272,1.50575,1.50589,1.00,1.00
2013.12.10 13:12:33.431,1.50573,1.50589,1.20,1.00
2013.12.10 13:12:33.583,1.50572,1.50588,1.00,1.88
2013.12.10 13:12:34.523,1.5057,1.50588,2.18,1.50
2013.12.10 13:12:34.848,1.50575,1.50588,1.00,1.00
2013.12.10 13:12:35.390,1.50575,1.50587,1.00,1.00
2013.12.10 13:12:37.080,1.50575,1.5059,1.00,1.00
2013.12.10 13:12:37.181,1.50567,1.50576,1.00,1.00
2013.12.10 13:12:37.282,1.50563,1.50575,1.13,1.00
2013.12.10 13:12:37.333,1.50566,1.50578,1.00,1.38
2013.12.10 13:12:37.435,1.50571,1.50583,1.38,1.00
2013.12.10 13:12:38.875,1.5057,1.50588,1.95,1.50
2013.12.10 13:12:38.926,1.5057,1.50588,1.95,1.50
2013.12.10 13:12:39.088,1.50571,1.50584,1.38,1.00
2013.12.10 13:12:39.139,1.50571,1.50584,1.00,1.00
2013.12.10 13:12:39.241,1.50568,1.50584,1.45,1.50
2013.12.10 13:12:39.494,1.50568,1.50581,1.45,1.00
2013.12.10 13:12:39.545,1.50566,1.50584,1.45,1.88
2013.12.10 13:12:39.596,1.50565,1.50584,2.03,1.88
2013.12.10 13:12:39.799,1.50569,1.50584,1.58,1.38
2013.12.10 13:12:40.003,1.50566,1.50582,1.45,1.00
2013.12.10 13:12:40.105,1.50566,1.50581,1.45,1.00
2013.12.10 13:12:40.596,1.50569,1.50584,1.38,1.00
2013.12.10 13:12:41.055,1.50569,1.50582,1.38,1.00
2013.12.10 13:12:41.106,1.50569,1.50582,1.00,1.00
2013.12.10 13:12:41.157,1.50567,1.50582,2.25,1.00
2013.12.10 13:12:41.688,1.50561,1.50579,3.45,1.00
2013.12.10 13:12:41.789,1.50566,1.50582,1.13,1.50
2013.12.10 13:12:45.358,1.50566,1.50582,3.08,1.00
2013.12.10 13:12:45.612,1.50566,1.50582,1.65,1.50
2013.12.10 13:12:46.201,1.50565,1.50583,1.65,1.00
2013.12.10 13:12:46.606,1.50567,1.50583,2.33,1.00
2013.12.10 13:12:46.758,1.50565,1.50583,2.33,1.00
2013.12.10 13:12:47.124,1.50569,1.50585,1.10,1.00
2013.12.10 13:12:47.329,1.50569,1.50587,1.58,1.13
2013.12.10 13:12:47.833,1.5057,1.50587,1.00,1.13
2013.12.10 13:12:48.553,1.50569,1.50587,1.00,1.45
2013.12.10 13:12:48.888,1.50567,1.50583,1.50,1.00
2013.12.10 13:12:49.407,1.50568,1.50583,1.10,1.00
2013.12.10 13:12:50.742,1.50569,1.50586,1.00,1.10
2013.12.10 13:12:50.970,1.50568,1.50584,1.00,1.00
2013.12.10 13:12:51.630,1.50568,1.50584,1.00,1.08
2013.12.10 13:12:52.480,1.50566,1.50583,1.00,1.08
2013.12.10 13:12:52.532,1.50566,1.50584,1.00,1.15
2013.12.10 13:12:52.786,1.50564,1.5058,1.50,1.00
2013.12.10 13:12:53.090,1.50564,1.5058,1.00,1.58
2013.12.10 13:12:53.611,1.50563,1.50582,1.00,1.20
2013.12.10 13:12:54.148,1.50563,1.50583,1.00,1.95
2013.12.10 13:12:54.800,1.50564,1.5058,1.00,1.10
2013.12.10 13:12:54.851,1.50564,1.5058,1.00,1.15
2013.12.10 13:12:55.164,1.50563,1.50576,1.00,1.00
2013.12.10 13:12:55.378,1.50563,1.50578,1.00,1.10
2013.12.10 13:12:55.890,1.50561,1.50578,1.00,1.10
2013.12.10 13:12:55.992,1.50559,1.50578,1.00,1.58
2013.12.10 13:12:56.043,1.50559,1.50576,1.00,1.00
2013.12.10 13:12:56.357,1.50561,1.50576,1.00,1.00
2013.12.10 13:12:56.408,1.50559,1.50576,1.00,1.00
2013.12.10 13:12:56.587,1.50559,1.50578,1.00,1.20
2013.12.10 13:12:56.696,1.5056,1.50576,1.00,1.00
2013.12.10 13:12:57.681,1.5056,1.50576,1.00,1.08
2013.12.10 13:12:58.149,1.50562,1.50576,1.00,1.00
2013.12.10 13:12:58.453,1.50562,1.50575,1.75,1.00
2013.12.10 13:12:58.504,1.50562,1.5058,1.38,1.58
2013.12.10 13:12:58.913,1.5056,1.50572,2.25,1.50
2013.12.10 13:12:59.065,1.50559,1.50572,1.00,1.00
2013.12.10 13:12:59.218,1.5056,1.50574,1.00,1.00
2013.12.10 13:12:59.381,1.5056,1.50572,1.00,1.00
2013.12.10 13:12:59.906,1.50557,1.50572,1.00,1.00
2013.12.10 13:13:00.007,1.50555,1.50572,1.58,1.00
2013.12.10 13:13:00.349,1.50555,1.50572,1.65,1.00
2013.12.10 13:13:00.461,1.50555,1.50572,1.58,1.00
2013.12.10 13:13:00.976,1.50555,1.50573,1.58,1.50
2013.12.10 13:13:01.569,1.50557,1.50569,1.10,1.00
2013.12.10 13:13:02.123,1.50555,1.50568,1.18,1.00
2013.12.10 13:13:02.868,1.50555,1.50569,1.00,1.00
2013.12.10 13:13:03.246,1.50555,1.50567,1.00,1.00
2013.12.10 13:13:03.639,1.50555,1.50573,1.58,2.25
2013.12.10 13:13:04.038,1.50554,1.50568,3.00,1.00
2013.12.10 13:13:04.190,1.50551,1.50563,1.00,1.50
2013.12.10 13:13:04.242,1.50548,1.50563,1.10,1.50
2013.12.10 13:13:04.849,1.50549,1.50564,1.00,1.75
2013.12.10 13:13:05.191,1.50551,1.50565,1.00,1.75
2013.12.10 13:13:05.495,1.50542,1.50551,3.00,1.00
2013.12.10 13:13:05.749,1.50543,1.50552,1.00,1.38
2013.12.10 13:13:05.851,1.50535,1.50549,1.65,1.00
2013.12.10 13:13:05.953,1.50535,1.50545,1.00,1.88
2013.12.10 13:13:06.258,1.5052,1.50536,3.15,1.00
2013.12.10 13:13:06.309,1.50532,1.50542,1.00,1.53
2013.12.10 13:13:06.523,1.50525,1.50538,1.00,1.00
2013.12.10 13:13:06.779,1.50523,1.50535,1.38,1.00
2013.12.10 13:13:07.184,1.50521,1.50538,1.00,1.58
2013.12.10 13:13:07.286,1.50521,1.50537,1.00,4.50
2013.12.10 13:13:07.590,1.50517,1.5053,1.73,3.75
2013.12.10 13:13:07.921,1.50521,1.50529,1.00,3.00
2013.12.10 13:13:08.194,1.50523,1.50532,1.00,3.08
2013.12.10 13:13:08.719,1.50523,1.50532,1.00,1.58
2013.12.10 13:13:08.889,1.50523,1.50532,1.00,1.10
2013.12.10 13:13:09.424,1.50522,1.50534,1.00,1.15
2013.12.10 13:13:09.684,1.50524,1.50534,1.00,1.15
2013.12.10 13:13:09.837,1.50517,1.50535,1.50,2.25
2013.12.10 13:13:10.140,1.50517,1.50528,1.00,1.00
2013.12.10 13:13:10.241,1.50513,1.50528,1.38,1.10
2013.12.10 13:13:10.343,1.50512,1.50528,1.73,1.65
2013.12.10 13:13:10.660,1.50512,1.50528,1.73,3.83
2013.12.10 13:13:10.971,1.50508,1.5052,1.38,1.38
2013.12.10 13:13:11.229,1.5051,1.5052,1.38,1.00
2013.12.10 13:13:11.381,1.5051,1.50525,1.38,1.50
2013.12.10 13:13:12.136,1.50508,1.50524,1.30,1.00
2013.12.10 13:13:12.187,1.50508,1.50521,1.38,1.00
2013.12.10 13:13:12.505,1.50499,1.50514,1.00,1.00
2013.12.10 13:13:12.606,1.50492,1.50512,1.50,1.00
2013.12.10 13:13:12.809,1.50502,1.50512,1.00,1.00
2013.12.10 13:13:12.918,1.50502,1.50514,1.00,1.00
2013.12.10 13:13:13.019,1.505,1.50511,1.00,1.00
2013.12.10 13:13:13.326,1.5049,1.50503,1.13,1.13
2013.12.10 13:13:13.630,1.50501,1.50513,1.00,1.00
2013.12.10 13:13:13.833,1.50506,1.50514,1.00,1.00
2013.12.10 13:13:14.366,1.50508,1.50514,1.00,1.00
2013.12.10 13:13:14.670,1.50503,1.50514,1.00,3.75
2013.12.10 13:13:14.873,1.50503,1.5051,1.00,1.05
2013.12.10 13:13:14.924,1.50492,1.5051,1.38,1.43
2013.12.10 13:13:14.975,1.50491,1.50507,1.38,1.95
2013.12.10 13:13:15.329,1.50489,1.50504,1.13,1.00
2013.12.10 13:13:15.430,1.50489,1.50504,1.00,1.15
2013.12.10 13:13:15.766,1.50491,1.50499,1.00,1.10
2013.12.10 13:13:16.097,1.50487,1.50499,1.00,1.00
2013.12.10 13:13:16.619,1.50487,1.50499,1.00,1.18
2013.12.10 13:13:17.136,1.50485,1.50499,1.00,1.18
2013.12.10 13:13:17.559,1.50485,1.50496,1.00,1.00
2013.12.10 13:13:17.882,1.50481,1.50493,1.00,1.00
2013.12.10 13:13:18.426,1.5048,1.50495,1.75,1.08
2013.12.10 13:13:18.578,1.50491,1.50497,1.00,1.00
2013.12.10 13:13:18.730,1.50492,1.50501,1.00,1.00
2013.12.10 13:13:18.831,1.50492,1.50505,1.75,1.00
2013.12.10 13:13:18.983,1.50502,1.50509,1.00,1.00
2013.12.10 13:13:19.085,1.50493,1.50509,1.45,1.00
2013.12.10 13:13:19.186,1.50492,1.50508,1.28,1.00
2013.12.10 13:13:19.237,1.5049,1.50503,1.00,1.00
2013.12.10 13:13:19.585,1.50491,1.50503,1.38,1.00
2013.12.10 13:13:19.829,1.50491,1.50505,1.48,1.00
2013.12.10 13:13:20.203,1.50491,1.50501,1.10,1.00
2013.12.10 13:13:20.409,1.50492,1.50504,1.00,1.00
2013.12.10 13:13:20.923,1.50491,1.50504,1.00,1.20
2013.12.10 13:13:21.126,1.50493,1.50507,1.00,1.20
2013.12.10 13:13:21.227,1.50493,1.50509,1.00,1.10
2013.12.10 13:13:22.249,1.5049,1.50506,1.88,1.00
2013.12.10 13:13:22.300,1.5049,1.50506,1.13,1.10
2013.12.10 13:13:22.351,1.50488,1.50504,1.88,1.00
2013.12.10 13:13:22.669,1.50493,1.50508,1.75,1.15
2013.12.10 13:13:22.771,1.50494,1.50508,1.50,1.00
2013.12.10 13:13:22.925,1.50494,1.50511,1.50,1.95
2013.12.10 13:13:23.743,1.50494,1.50512,2.25,1.10
2013.12.10 13:13:26.520,1.50495,1.50512,1.38,1.00
2013.12.10 13:13:27.313,1.50494,1.50514,1.38,1.18
2013.12.10 13:13:27.851,1.50497,1.50513,1.00,1.08
2013.12.10 13:13:28.105,1.50497,1.50515,1.00,1.08
2013.12.10 13:13:28.878,1.50503,1.50517,1.00,1.58
2013.12.10 13:13:29.307,1.50504,1.50519,1.00,1.20
2013.12.10 13:13:29.409,1.50503,1.50519,1.00,1.58
2013.12.10 13:13:30.329,1.50503,1.50516,1.00,2.10
2013.12.10 13:13:30.430,1.50501,1.50516,1.00,2.48
2013.12.10 13:13:30.481,1.50496,1.50516,1.65,3.23
2013.12.10 13:13:30.532,1.50496,1.50514,1.65,1.35
2013.12.10 13:13:30.744,1.50497,1.50512,1.00,1.05
2013.12.10 13:13:30.795,1.50495,1.50511,1.50,1.00
2013.12.10 13:13:30.896,1.50502,1.50512,1.00,1.05
2013.12.10 13:13:31.200,1.50505,1.50512,1.00,1.30
2013.12.10 13:13:31.712,1.50498,1.50512,1.00,1.35
2013.12.10 13:13:31.915,1.50495,1.50511,1.00,1.00
2013.12.10 13:13:32.168,1.50495,1.50511,1.00,1.15
2013.12.10 13:13:32.370,1.50489,1.50507,2.25,1.00
2013.12.10 13:13:33.129,1.50494,1.5051,1.50,1.00
2013.12.10 13:13:33.434,1.50504,1.50516,1.00,1.20
2013.12.10 13:13:33.628,1.50504,1.50519,1.00,2.63
2013.12.10 13:13:33.687,1.50504,1.50519,1.00,2.25
2013.12.10 13:13:33.978,1.50504,1.50515,1.00,1.50
2013.12.10 13:13:34.196,1.50504,1.5052,1.00,1.38
2013.12.10 13:13:35.036,1.50506,1.50519,1.00,1.00
2013.12.10 13:13:35.339,1.50509,1.50519,1.00,1.00
2013.12.10 13:13:35.666,1.50513,1.50522,1.00,1.00
2013.12.10 13:13:36.232,1.50515,1.50522,1.00,1.00
2013.12.10 13:13:36.334,1.50515,1.50524,1.00,1.00
2013.12.10 13:13:36.435,1.50511,1.50524,1.00,1.00
2013.12.10 13:13:36.890,1.50511,1.50529,1.00,2.93
2013.12.10 13:13:36.941,1.50513,1.50529,1.00,2.18
2013.12.10 13:13:37.396,1.50515,1.50531,1.00,2.10
2013.12.10 13:13:37.598,1.50515,1.50531,1.00,1.50
2013.12.10 13:13:38.065,1.50513,1.50531,1.58,1.35
2013.12.10 13:13:38.329,1.50512,1.50529,1.00,1.08
2013.12.10 13:13:38.826,1.50512,1.50531,1.00,3.00
2013.12.10 13:13:40.031,1.50511,1.5053,1.00,1.13
2013.12.10 13:13:40.624,1.50514,1.5053,1.00,2.33
2013.12.10 13:13:40.947,1.50516,1.50526,1.00,1.00
2013.12.10 13:13:41.155,1.50516,1.50528,1.00,1.00
2013.12.10 13:13:41.595,1.50513,1.50531,1.18,1.38
2013.12.10 13:13:41.825,1.50516,1.50532,1.00,1.13
2013.12.10 13:13:43.181,1.50516,1.50531,1.00,1.00
2013.12.10 13:13:43.232,1.50518,1.50531,1.00,1.00
2013.12.10 13:13:43.351,1.50515,1.50531,1.50,1.50
2013.12.10 13:13:43.452,1.50518,1.5053,1.00,1.00
2013.12.10 13:13:43.806,1.50519,1.50534,1.00,1.00
2013.12.10 13:13:45.485,1.50519,1.50532,1.00,1.00
2013.12.10 13:13:45.788,1.50517,1.50532,1.00,1.00
2013.12.10 13:13:46.703,1.50519,1.50532,1.00,1.00
2013.12.10 13:13:46.964,1.50519,1.50535,1.00,1.65
2013.12.10 13:13:48.250,1.50519,1.50535,1.00,1.58
2013.12.10 13:13:48.680,1.5052,1.50537,1.00,1.20
2013.12.10 13:13:48.782,1.50524,1.50537,1.00,1.13
2013.12.10 13:13:49.083,1.50524,1.50535,1.00,1.00
2013.12.10 13:13:49.235,1.50521,1.50533,1.00,1.00
2013.12.10 13:13:49.488,1.5052,1.50536,1.00,1.18
2013.12.10 13:13:49.989,1.50519,1.50532,1.00,1.00
2013.12.10 13:13:50.322,1.50519,1.50537,1.50,2.70
2013.12.10 13:13:50.895,1.50519,1.50535,1.15,1.65
2013.12.10 13:13:51.097,1.50514,1.50531,1.00,1.18
2013.12.10 13:13:51.299,1.50515,1.50529,1.03,1.10
2013.12.10 13:13:51.788,1.50514,1.50528,1.02,1.08
2013.12.10 13:13:51.889,1.50524,1.50533,1.14,3.00
2013.12.10 13:13:52.215,1.50519,1.50531,1.03,1.20
2013.12.10 13:13:52.519,1.5052,1.50536,1.03,1.48
2013.12.10 13:13:52.681,1.5052,1.50536,1.03,1.00
2013.12.10 13:13:53.339,1.50522,1.50538,1.53,1.20
2013.12.10 13:13:53.751,1.50526,1.50538,1.00,1.13
2013.12.10 13:13:53.902,1.50527,1.50543,1.00,1.73
2013.12.10 13:13:54.004,1.50529,1.50543,1.00,1.73
2013.12.10 13:13:54.206,1.50527,1.50543,1.50,2.55
2013.12.10 13:13:54.751,1.50527,1.50542,1.00,1.48
2013.12.10 13:13:55.039,1.50526,1.50538,1.00,1.00
2013.12.10 13:13:55.141,1.50522,1.50536,1.58,1.00
2013.12.10 13:13:55.445,1.50525,1.50538,1.00,1.10
2013.12.10 13:13:55.654,1.50527,1.50541,1.00,1.13
2013.12.10 13:13:55.858,1.50523,1.50542,1.00,1.10
2013.12.10 13:13:56.010,1.50528,1.50544,1.00,1.13
2013.12.10 13:13:56.577,1.50527,1.50543,3.00,1.05
2013.12.10 13:13:56.735,1.50536,1.5055,1.00,2.25
2013.12.10 13:13:57.140,1.50531,1.5055,1.58,1.00
2013.12.10 13:13:57.242,1.50531,1.50547,1.58,1.00
2013.12.10 13:13:57.344,1.50531,1.50547,1.00,1.00
2013.12.10 13:13:57.851,1.5053,1.50547,1.00,1.00
2013.12.10 13:13:58.085,1.50532,1.50553,1.00,4.50
2013.12.10 13:13:58.389,1.5053,1.50548,1.38,1.15
2013.12.10 13:13:58.996,1.5053,1.50548,1.13,1.15
2013.12.10 13:14:00.308,1.5053,1.50547,1.00,1.00
2013.12.10 13:14:02.177,1.5053,1.50546,1.00,1.00
2013.12.10 13:14:02.704,1.50531,1.50546,1.00,1.00
2013.12.10 13:14:03.327,1.50529,1.50546,1.50,1.50
2013.12.10 13:14:03.378,1.50529,1.50546,1.50,1.88
2013.12.10 13:14:03.792,1.50529,1.5054,1.00,1.00
2013.12.10 13:14:03.937,1.50526,1.5054,1.10,1.00
2013.12.10 13:14:04.436,1.50526,1.50543,1.10,1.38
2013.12.10 13:14:05.022,1.50525,1.50539,1.10,1.38
2013.12.10 13:14:05.350,1.50514,1.50527,2.18,4.23
2013.12.10 13:14:05.404,1.50516,1.5052,1.00,1.13
2013.12.10 13:14:05.455,1.50505,1.50517,1.75,1.00
2013.12.10 13:14:05.506,1.50505,1.50517,1.00,1.00
2013.12.10 13:14:05.658,1.50505,1.50514,1.00,1.38
2013.12.10 13:14:05.911,1.50499,1.50514,3.38,1.38
2013.12.10 13:14:06.012,1.50499,1.50514,3.00,1.38
2013.12.10 13:14:06.216,1.50495,1.50511,1.88,1.38
2013.12.10 13:14:06.469,1.50492,1.50509,1.65,1.13
2013.12.10 13:14:06.672,1.50495,1.50509,1.00,1.38
2013.12.10 13:14:06.875,1.50491,1.50509,2.63,1.38
2013.12.10 13:14:07.389,1.50491,1.50509,1.13,1.88
2013.12.10 13:14:08.303,1.50491,1.50502,1.13,1.00
2013.12.10 13:14:08.558,1.50486,1.50502,1.00,1.88
2013.12.10 13:14:08.724,1.5048,1.50497,2.78,1.38
2013.12.10 13:14:08.775,1.50479,1.50493,1.20,1.13
2013.12.10 13:14:09.332,1.50478,1.50493,1.00,1.13
2013.12.10 13:14:09.833,1.50477,1.50493,1.50,1.13
2013.12.10 13:14:10.086,1.50479,1.50495,1.00,1.50
2013.12.10 13:14:10.535,1.50479,1.50495,1.00,2.25
2013.12.10 13:14:10.839,1.50471,1.50485,1.10,1.00
2013.12.10 13:14:11.178,1.50473,1.50488,1.00,1.38
2013.12.10 13:14:11.883,1.50474,1.50489,1.00,1.30
2013.12.10 13:14:12.398,1.50474,1.50491,2.10,1.65
2013.12.10 13:14:12.601,1.50479,1.50494,1.00,1.20
2013.12.10 13:14:12.653,1.50487,1.50496,1.00,1.15
2013.12.10 13:14:12.804,1.50487,1.50496,1.00,1.00
2013.12.10 13:14:13.057,1.50484,1.50496,1.00,1.00
2013.12.10 13:14:13.108,1.50484,1.50496,1.38,1.00
2013.12.10 13:14:13.361,1.50478,1.50487,1.00,1.05
2013.12.10 13:14:13.411,1.50476,1.50484,3.00,1.38
2013.12.10 13:14:13.714,1.50461,1.50476,1.00,1.38
2013.12.10 13:14:14.174,1.50455,1.50471,2.33,1.00
2013.12.10 13:14:14.225,1.50456,1.50471,1.13,1.00
2013.12.10 13:14:14.327,1.50456,1.50471,1.00,1.15
2013.12.10 13:14:14.481,1.50453,1.50471,1.00,1.15
2013.12.10 13:14:15.006,1.50453,1.50471,1.00,1.58
2013.12.10 13:14:15.480,1.50459,1.50471,1.00,1.58
2013.12.10 13:14:15.581,1.50453,1.50466,1.00,1.18
2013.12.10 13:14:15.783,1.50447,1.50466,1.00,1.00
2013.12.10 13:14:16.104,1.50451,1.50462,4.43,1.00
2013.12.10 13:14:17.075,1.50452,1.50462,1.00,1.00
2013.12.10 13:14:17.554,1.50452,1.50466,1.00,1.00
2013.12.10 13:14:17.706,1.50451,1.50465,3.83,1.38
2013.12.10 13:14:18.010,1.5044,1.5045,1.58,1.38
2013.12.10 13:14:18.163,1.50442,1.50451,1.73,1.00
2013.12.10 13:14:18.214,1.50446,1.50459,1.00,1.00
2013.12.10 13:14:18.265,1.50446,1.50458,1.00,2.25
2013.12.10 13:14:18.366,1.50442,1.50457,1.50,1.50
2013.12.10 13:14:18.417,1.50442,1.50458,2.25,1.00
2013.12.10 13:14:18.670,1.50447,1.5046,1.00,1.20
2013.12.10 13:14:18.721,1.50447,1.50462,1.00,1.00
2013.12.10 13:14:19.239,1.50447,1.50461,1.00,1.13
2013.12.10 13:14:19.647,1.50443,1.50459,1.50,1.00
2013.12.10 13:14:19.871,1.50447,1.50459,1.00,1.38
2013.12.10 13:14:20.294,1.50447,1.50461,1.73,1.38
2013.12.10 13:14:20.606,1.50458,1.50466,1.00,1.13
2013.12.10 13:14:20.708,1.50448,1.50466,1.65,1.43
2013.12.10 13:14:21.365,1.50448,1.50456,1.65,1.13
2013.12.10 13:14:21.669,1.50449,1.50467,1.00,3.20
2013.12.10 13:14:21.719,1.50455,1.50467,1.00,2.18
2013.12.10 13:14:21.873,1.50449,1.50466,1.00,1.65
2013.12.10 13:14:22.025,1.50445,1.50462,1.23,1.38
2013.12.10 13:14:22.126,1.50445,1.50462,1.20,1.41
2013.12.10 13:14:23.360,1.50448,1.50465,1.73,1.58
2013.12.10 13:14:23.663,1.50455,1.50466,1.00,2.65
2013.12.10 13:14:23.918,1.50448,1.50464,1.00,1.48
2013.12.10 13:14:23.969,1.50443,1.50459,1.53,1.03
2013.12.10 13:14:24.070,1.50443,1.50459,1.50,1.00
2013.12.10 13:14:24.171,1.50444,1.50462,1.10,1.38
2013.12.10 13:14:24.552,1.50446,1.50464,1.00,1.15
2013.12.10 13:14:24.901,1.50448,1.50466,1.50,1.58
2013.12.10 13:14:25.369,1.50458,1.50468,1.00,2.33
2013.12.10 13:14:25.672,1.50445,1.50461,3.75,1.00
2013.12.10 13:14:25.723,1.50454,1.50461,1.00,1.38
2013.12.10 13:14:25.825,1.50454,1.50464,1.00,1.55
2013.12.10 13:14:26.176,1.50452,1.50464,1.00,1.55
2013.12.10 13:14:26.567,1.50452,1.50464,1.00,1.55
2013.12.10 13:14:27.334,1.50448,1.50464,1.50,2.03
2013.12.10 13:14:27.485,1.50448,1.50464,1.50,2.03
2013.12.10 13:14:28.035,1.50448,1.5046,1.00,1.25
2013.12.10 13:14:28.476,1.50448,1.50461,1.00,1.15
2013.12.10 13:14:28.913,1.50454,1.50461,1.00,1.20
2013.12.10 13:14:29.217,1.50443,1.50454,1.00,1.32
2013.12.10 13:14:29.504,1.50445,1.50455,1.00,1.00
2013.12.10 13:14:29.555,1.50445,1.50455,1.00,1.00
2013.12.10 13:14:29.758,1.50444,1.50455,1.00,1.58
2013.12.10 13:14:30.065,1.50438,1.50455,1.00,2.35
2013.12.10 13:14:30.682,1.50444,1.5045,1.00,1.00
2013.12.10 13:14:30.840,1.50434,1.5045,1.38,3.36
2013.12.10 13:14:30.891,1.50432,1.50441,1.38,1.00
2013.12.10 13:14:31.146,1.5043,1.50441,1.00,3.00
2013.12.10 13:14:31.247,1.5043,1.50439,1.00,1.58
2013.12.10 13:14:31.298,1.50423,1.50439,1.50,1.58
2013.12.10 13:14:32.736,1.50423,1.50433,1.00,1.00
2013.12.10 13:14:32.894,1.50417,1.50432,1.00,1.08
2013.12.10 13:14:33.300,1.50414,1.50429,1.13,1.00
2013.12.10 13:14:33.502,1.50415,1.50431,1.50,1.00
2013.12.10 13:14:33.654,1.50418,1.50433,1.50,1.18
2013.12.10 13:14:33.705,1.5042,1.50436,1.00,1.65
2013.12.10 13:14:33.857,1.50418,1.50434,1.13,1.00
2013.12.10 13:14:33.908,1.50418,1.50436,1.88,1.58
2013.12.10 13:14:34.814,1.50423,1.50436,1.00,1.00
2013.12.10 13:14:35.279,1.50416,1.50434,1.88,1.00
2013.12.10 13:14:35.430,1.50416,1.50434,1.88,1.00
2013.12.10 13:14:35.602,1.50421,1.50438,1.00,1.15
2013.12.10 13:14:35.703,1.50421,1.5044,1.13,1.65
2013.12.10 13:14:35.855,1.50421,1.5044,1.13,1.58
2013.12.10 13:14:36.159,1.50425,1.50441,1.00,1.18
2013.12.10 13:14:36.674,1.50425,1.50441,1.00,1.00
2013.12.10 13:14:36.978,1.50421,1.50437,1.00,2.48
2013.12.10 13:14:37.029,1.50419,1.50436,1.00,1.00
2013.12.10 13:14:37.181,1.50419,1.50435,1.00,1.50
2013.12.10 13:14:37.485,1.50409,1.50424,1.00,1.00
2013.12.10 13:14:37.789,1.50404,1.50419,1.00,1.13
2013.12.10 13:14:38.041,1.50402,1.50419,1.50,1.13
2013.12.10 13:14:38.399,1.50402,1.50418,2.25,1.00
2013.12.10 13:14:38.807,1.5041,1.50421,1.00,1.75
2013.12.10 13:14:38.860,1.5041,1.50421,1.00,1.00
2013.12.10 13:14:38.961,1.5041,1.50423,1.00,1.30
2013.12.10 13:14:39.324,1.50406,1.50422,1.15,1.00
2013.12.10 13:14:39.691,1.5041,1.50424,1.00,1.73
2013.12.10 13:14:40.095,1.50407,1.50423,1.18,1.35
2013.12.10 13:14:40.348,1.50404,1.50418,1.10,1.00
2013.12.10 13:14:40.651,1.50402,1.50416,1.15,2.10
2013.12.10 13:14:40.963,1.50403,1.50416,1.50,2.10
2013.12.10 13:14:41.418,1.504,1.5041,1.15,1.00
2013.12.10 13:14:41.519,1.504,1.5041,1.00,1.00
2013.12.10 13:14:42.097,1.50402,1.5041,1.00,1.00
2013.12.10 13:14:42.427,1.504,1.5041,1.00,1.00
2013.12.10 13:14:42.881,1.50396,1.5041,1.00,1.00
2013.12.10 13:14:43.417,1.50396,1.5041,1.08,1.00
2013.12.10 13:14:43.948,1.50396,1.5041,1.00,1.00
2013.12.10 13:14:45.677,1.50396,1.5041,1.88,1.50
2013.12.10 13:14:45.728,1.50404,1.5041,1.00,1.50
2013.12.10 13:14:45.931,1.50404,1.50417,1.00,1.50
2013.12.10 13:14:46.150,1.50406,1.50417,1.00,1.50
2013.12.10 13:14:46.453,1.50413,1.50425,1.00,1.50
2013.12.10 13:14:46.504,1.50413,1.50418,1.00,1.00
2013.12.10 13:14:46.807,1.50411,1.50418,1.00,1.00
2013.12.10 13:14:46.908,1.50411,1.50424,1.00,1.20
2013.12.10 13:14:48.156,1.50414,1.50424,1.00,1.00
2013.12.10 13:14:48.207,1.50414,1.50426,1.00,1.13
2013.12.10 13:14:49.020,1.50412,1.50422,1.00,1.00
2013.12.10 13:14:49.324,1.50412,1.5042,1.00,1.00
2013.12.10 13:14:49.684,1.50409,1.50421,1.08,1.00
2013.12.10 13:14:49.944,1.50409,1.50423,1.00,1.00
2013.12.10 13:14:50.350,1.50407,1.50421,1.00,1.00
2013.12.10 13:14:50.863,1.50405,1.50421,1.58,1.50
2013.12.10 13:14:51.185,1.50405,1.50421,1.58,1.88
2013.12.10 13:14:51.651,1.50405,1.50421,1.20,1.88
2013.12.10 13:14:52.228,1.50405,1.50421,1.20,1.88
2013.12.10 13:14:52.329,1.50405,1.50421,1.20,1.88
2013.12.10 13:14:52.560,1.50407,1.50421,1.00,1.88
2013.12.10 13:14:53.066,1.50406,1.5042,1.18,1.00
2013.12.10 13:14:53.385,1.5041,1.50425,1.00,1.75
2013.12.10 13:14:53.739,1.50407,1.5042,1.18,1.38
2013.12.10 13:14:53.941,1.50408,1.50425,1.10,1.75
2013.12.10 13:14:53.992,1.5041,1.50425,1.00,1.75
2013.12.10 13:14:54.143,1.50401,1.50416,1.50,1.13
2013.12.10 13:14:54.374,1.50401,1.50413,1.00,1.00
2013.12.10 13:14:54.913,1.50401,1.50413,1.00,1.38
2013.12.10 13:14:55.439,1.50401,1.50413,1.00,1.13
2013.12.10 13:14:55.762,1.50402,1.50413,1.00,1.00
2013.12.10 13:14:56.374,1.50396,1.50413,1.10,1.00
2013.12.10 13:14:56.685,1.50397,1.50415,1.00,1.38
2013.12.10 13:14:56.854,1.50396,1.50415,1.58,1.00
2013.12.10 13:14:57.165,1.50399,1.50415,1.00,1.38
2013.12.10 13:14:57.216,1.50399,1.50415,1.00,1.13
2013.12.10 13:14:57.317,1.504,1.50417,1.00,1.50
2013.12.10 13:14:57.519,1.50404,1.5042,1.00,1.48
2013.12.10 13:14:57.823,1.50404,1.5042,1.00,2.20
2013.12.10 13:14:58.126,1.50401,1.50414,1.10,1.00
2013.12.10 13:14:58.329,1.50397,1.50413,1.10,1.00
2013.12.10 13:14:58.380,1.50396,1.50412,1.08,1.38
2013.12.10 13:14:58.715,1.50403,1.50416,1.00,1.83
2013.12.10 13:14:59.083,1.50397,1.50413,1.00,1.00
2013.12.10 13:14:59.285,1.50395,1.50413,1.50,1.18
2013.12.10 13:14:59.806,1.50398,1.50414,1.00,1.95
2013.12.10 13:14:59.958,1.50392,1.50412,1.00,3.08
2013.12.10 13:15:00.009,1.50388,1.5041,1.50,2.23
2013.12.10 13:15:00.060,1.50388,1.5041,1.00,3.08
2013.12.10 13:15:00.111,1.50385,1.50405,1.00,2.20
2013.12.10 13:15:00.263,1.50385,1.50405,3.00,1.10
2013.12.10 13:15:00.567,1.50389,1.50405,1.08,1.00
2013.12.10 13:15:00.972,1.50391,1.50408,1.00,1.38
2013.12.10 13:15:01.023,1.50388,1.50408,1.08,2.13
2013.12.10 13:15:01.330,1.50389,1.50408,1.50,1.13
2013.12.10 13:15:01.583,1.50393,1.50409,1.50,1.95
2013.12.10 13:15:01.836,1.50393,1.50409,1.00,1.00
2013.12.10 13:15:01.959,1.50389,1.50409,2.25,1.00
2013.12.10 13:15:02.346,1.50389,1.50404,1.08,1.00
2013.12.10 13:15:02.719,1.50384,1.50401,4.50,1.00
2013.12.10 13:15:02.973,1.50386,1.50402,1.00,1.00
2013.12.10 13:15:03.176,1.50386,1.50399,1.10,1.00
2013.12.10 13:15:03.517,1.50384,1.50399,2.33,1.00
2013.12.10 13:15:03.719,1.50383,1.50399,1.15,1.38
2013.12.10 13:15:04.045,1.50381,1.504,2.25,1.13
2013.12.10 13:15:04.622,1.50385,1.50401,1.00,1.00
2013.12.10 13:15:05.124,1.50382,1.50399,1.15,1.00
2013.12.10 13:15:05.446,1.50383,1.50398,1.10,1.00
2013.12.10 13:15:05.598,1.50378,1.50398,1.00,2.28
2013.12.10 13:15:06.104,1.50386,1.50398,1.00,1.13
2013.12.10 13:15:06.206,1.50386,1.50398,1.00,1.00
2013.12.10 13:15:06.408,1.50386,1.504,1.00,1.00
2013.12.10 13:15:06.901,1.50391,1.50403,1.00,1.38
2013.12.10 13:15:07.105,1.50386,1.50403,1.08,1.00
2013.12.10 13:15:07.611,1.50386,1.50402,1.00,3.33
2013.12.10 13:15:07.662,1.50384,1.50402,1.35,2.58
2013.12.10 13:15:07.712,1.50386,1.50402,1.00,2.61
2013.12.10 13:15:07.763,1.50386,1.50402,1.00,1.00
2013.12.10 13:15:08.305,1.50386,1.50402,1.15,1.00
2013.12.10 13:15:08.836,1.50386,1.50402,1.00,1.00
2013.12.10 13:15:08.887,1.5039,1.50402,1.00,1.00
2013.12.10 13:15:09.190,1.50396,1.5041,1.35,1.58
2013.12.10 13:15:09.494,1.5041,1.50418,1.00,2.33
2013.12.10 13:15:09.545,1.50413,1.5042,1.00,1.00
2013.12.10 13:15:09.596,1.50413,1.50429,1.00,1.65
2013.12.10 13:15:09.647,1.50423,1.50429,1.00,1.00
2013.12.10 13:15:09.749,1.50421,1.50433,1.00,1.50
2013.12.10 13:15:09.901,1.50424,1.50433,1.00,1.50
2013.12.10 13:15:09.952,1.50424,1.50433,1.00,1.13
2013.12.10 13:15:10.105,1.50428,1.50433,1.00,1.13
2013.12.10 13:15:10.206,1.50429,1.5044,1.00,1.20
2013.12.10 13:15:10.411,1.50431,1.50441,1.00,1.00
2013.12.10 13:15:10.514,1.50431,1.50445,1.00,1.65
2013.12.10 13:15:11.028,1.50427,1.50444,1.20,1.00
2013.12.10 13:15:11.079,1.50436,1.50444,1.13,1.00
2013.12.10 13:15:11.484,1.50428,1.50445,3.83,1.00
2013.12.10 13:15:11.940,1.50425,1.50441,4.50,1.00
2013.12.10 13:15:12.041,1.50425,1.50441,1.65,1.00
2013.12.10 13:15:12.092,1.50425,1.50441,2.78,1.00
2013.12.10 13:15:12.143,1.50429,1.50447,1.00,1.00
2013.12.10 13:15:12.245,1.50426,1.50441,1.48,1.00
2013.12.10 13:15:12.448,1.50432,1.50449,1.38,1.08
2013.12.10 13:15:12.958,1.50436,1.50451,1.00,1.00
2013.12.10 13:15:13.392,1.50437,1.50451,1.50,1.00
2013.12.10 13:15:13.646,1.50438,1.50453,1.38,1.00
2013.12.10 13:15:14.051,1.50431,1.5045,4.13,1.13
2013.12.10 13:15:14.253,1.50431,1.50448,1.80,1.00
2013.12.10 13:15:14.760,1.50435,1.50449,1.00,1.00
2013.12.10 13:15:15.170,1.50435,1.50452,1.00,1.08
2013.12.10 13:15:15.564,1.50435,1.50448,1.00,1.00
2013.12.10 13:15:15.665,1.50432,1.50448,1.00,1.00
2013.12.10 13:15:15.868,1.50429,1.50445,1.00,1.00
2013.12.10 13:15:16.121,1.50424,1.50441,1.10,1.50
2013.12.10 13:15:16.172,1.50424,1.50439,1.10,1.00
2013.12.10 13:15:16.475,1.50421,1.50439,1.10,1.13
2013.12.10 13:15:18.974,1.50424,1.50439,1.00,1.00
2013.12.10 13:15:19.406,1.50424,1.50441,1.00,1.00
2013.12.10 13:15:19.507,1.50424,1.50441,1.58,1.00
2013.12.10 13:15:19.710,1.50427,1.50443,1.18,1.50
2013.12.10 13:15:19.912,1.50423,1.50441,1.28,1.00
2013.12.10 13:15:20.013,1.50421,1.50439,1.55,1.00
2013.12.10 13:15:20.966,1.50421,1.50439,1.00,1.00
2013.12.10 13:15:21.247,1.50421,1.50439,1.00,1.08
2013.12.10 13:15:21.719,1.5042,1.50433,1.00,1.00
2013.12.10 13:15:22.145,1.50417,1.50433,1.38,1.50
2013.12.10 13:15:22.501,1.50414,1.50433,2.55,1.50
2013.12.10 13:15:22.603,1.50414,1.50431,1.38,1.00
2013.12.10 13:15:22.856,1.5041,1.50427,1.00,1.50
2013.12.10 13:15:23.384,1.50409,1.50426,1.50,1.00
2013.12.10 13:15:23.687,1.50405,1.50422,1.45,1.00
2013.12.10 13:15:23.738,1.50403,1.50422,3.38,1.00
2013.12.10 13:15:23.839,1.50403,1.50422,1.73,1.00
2013.12.10 13:15:23.890,1.50403,1.50417,1.00,1.00
2013.12.10 13:15:24.318,1.50403,1.50421,1.50,1.00
2013.12.10 13:15:24.419,1.5041,1.50421,1.00,1.13
2013.12.10 13:15:24.521,1.50409,1.50427,1.50,1.48
2013.12.10 13:15:24.622,1.50408,1.50424,1.55,1.00
2013.12.10 13:15:24.875,1.50406,1.50423,1.28,1.00
2013.12.10 13:15:24.926,1.50409,1.50425,1.00,1.00
2013.12.10 13:15:25.443,1.50412,1.5043,1.00,1.15
2013.12.10 13:15:25.544,1.5041,1.50429,1.50,1.15
2013.12.10 13:15:25.723,1.5041,1.50425,1.00,1.00
2013.12.10 13:15:26.027,1.50412,1.50425,1.00,1.00
2013.12.10 13:15:26.101,1.50412,1.50427,1.50,1.00
2013.12.10 13:15:26.253,1.50413,1.5043,1.00,1.28
2013.12.10 13:15:26.864,1.50413,1.5043,1.00,1.18
2013.12.10 13:15:27.167,1.50413,1.50426,1.00,1.00
2013.12.10 13:15:27.218,1.50408,1.50423,1.00,1.13
2013.12.10 13:15:27.320,1.50406,1.50424,1.00,1.38
2013.12.10 13:15:27.623,1.50413,1.5043,1.50,2.63
2013.12.10 13:15:27.987,1.50418,1.50432,1.00,1.88
2013.12.10 13:15:28.165,1.50415,1.50432,1.50,1.38
2013.12.10 13:15:28.266,1.50415,1.50432,1.58,1.00
2013.12.10 13:15:28.798,1.50414,1.5043,1.00,1.00
2013.12.10 13:15:29.103,1.5042,1.50432,1.00,1.00
2013.12.10 13:15:29.205,1.50421,1.50435,1.00,1.38
2013.12.10 13:15:29.535,1.50417,1.50436,1.20,1.38
2013.12.10 13:15:30.153,1.50417,1.50436,1.18,1.38
2013.12.10 13:15:30.456,1.50422,1.50438,1.00,1.38
2013.12.10 13:15:30.658,1.50422,1.50438,1.00,1.00
2013.12.10 13:15:30.709,1.50424,1.50442,1.08,2.33
2013.12.10 13:15:30.911,1.50424,1.50442,2.25,1.13
2013.12.10 13:15:31.822,1.5043,1.50446,1.00,1.13
2013.12.10 13:15:31.923,1.50424,1.50438,1.58,1.00
2013.12.10 13:15:32.125,1.50425,1.50442,1.58,1.00
2013.12.10 13:15:32.227,1.50428,1.50444,1.10,1.13
2013.12.10 13:15:32.429,1.50428,1.50447,2.33,1.50
2013.12.10 13:15:32.682,1.50426,1.50447,3.38,2.63
2013.12.10 13:15:32.783,1.50425,1.50444,1.88,1.13
2013.12.10 13:15:33.137,1.50431,1.50447,1.00,1.38
2013.12.10 13:15:33.440,1.50431,1.50448,1.55,1.00
2013.12.10 13:15:33.541,1.50433,1.50448,3.00,1.38
2013.12.10 13:15:33.693,1.50432,1.50449,1.20,1.88
2013.12.10 13:15:33.917,1.50434,1.50449,1.00,1.88
2013.12.10 13:15:34.220,1.50433,1.50451,1.58,1.13
2013.12.10 13:15:34.519,1.5043,1.50449,1.15,1.38
2013.12.10 13:15:34.570,1.50434,1.50449,1.00,1.38
2013.12.10 13:15:34.671,1.50433,1.50453,1.10,1.48
2013.12.10 13:15:34.773,1.50433,1.50453,1.58,1.38
2013.12.10 13:15:34.977,1.50435,1.50454,1.08,1.88
2013.12.10 13:15:35.504,1.50435,1.50456,1.15,1.88
2013.12.10 13:15:35.657,1.50438,1.50456,3.00,1.38
2013.12.10 13:15:35.960,1.5044,1.50457,1.65,1.30
2013.12.10 13:15:36.482,1.5044,1.50457,1.58,1.35
2013.12.10 13:15:36.583,1.5044,1.50457,1.58,2.10
2013.12.10 13:15:36.735,1.50437,1.50452,1.00,1.38
2013.12.10 13:15:36.938,1.50437,1.50454,1.08,1.00
2013.12.10 13:15:37.090,1.5044,1.50458,1.00,1.98
2013.12.10 13:15:37.611,1.5044,1.50457,1.10,1.73
2013.12.10 13:15:38.175,1.50441,1.50457,1.00,1.73
2013.12.10 13:15:38.912,1.50441,1.50458,1.00,1.00
2013.12.10 13:15:39.466,1.50441,1.50458,1.00,1.38
2013.12.10 13:15:39.726,1.50441,1.50456,1.00,1.00
2013.12.10 13:15:39.828,1.50443,1.50456,1.00,1.00
2013.12.10 13:15:40.131,1.50444,1.50455,2.33,1.13
2013.12.10 13:15:40.233,1.50443,1.5046,1.10,1.75
2013.12.10 13:15:40.335,1.50443,1.5046,1.15,1.38
2013.12.10 13:15:40.591,1.50445,1.50462,1.65,1.38
2013.12.10 13:15:40.743,1.50449,1.50464,1.00,1.75
2013.12.10 13:15:41.047,1.50447,1.50462,1.00,1.50
2013.12.10 13:15:41.249,1.50445,1.50457,1.50,1.13
2013.12.10 13:15:41.351,1.50442,1.50457,1.00,1.13
2013.12.10 13:15:41.920,1.50442,1.50457,1.00,1.38
2013.12.10 13:15:42.400,1.50442,1.50455,1.00,1.38
2013.12.10 13:15:42.451,1.50436,1.50452,1.63,1.00
2013.12.10 13:15:42.654,1.50442,1.50455,1.00,1.00
2013.12.10 13:15:43.183,1.50442,1.50454,1.00,1.00
2013.12.10 13:15:43.436,1.50442,1.50458,1.00,1.38
2013.12.10 13:15:43.689,1.50443,1.50459,1.10,1.73
2013.12.10 13:15:43.894,1.50442,1.50458,1.15,1.38
2013.12.10 13:15:44.362,1.50447,1.50458,1.00,1.38
2013.12.10 13:15:44.464,1.50447,1.50458,1.00,1.00
2013.12.10 13:15:44.565,1.50449,1.50464,1.00,1.75
2013.12.10 13:15:44.616,1.50449,1.50463,1.58,1.00
2013.12.10 13:15:45.392,1.50449,1.50464,1.18,1.50
2013.12.10 13:15:45.914,1.50449,1.50464,1.00,1.38
2013.12.10 13:15:46.548,1.50449,1.50464,1.00,1.75
2013.12.10 13:15:46.705,1.50447,1.50463,1.00,1.13
2013.12.10 13:15:46.755,1.50443,1.5046,3.15,1.00
2013.12.10 13:15:47.068,1.50451,1.50462,1.35,1.00
2013.12.10 13:15:47.169,1.50455,1.50468,1.08,1.00
2013.12.10 13:15:47.271,1.50459,1.50468,1.00,1.00
2013.12.10 13:15:47.423,1.50455,1.50468,1.15,1.00
2013.12.10 13:15:47.928,1.50455,1.50467,1.10,1.00
2013.12.10 13:15:48.029,1.50455,1.50472,1.10,1.88
2013.12.10 13:15:50.657,1.50452,1.50472,2.93,1.38
2013.12.10 13:15:50.978,1.5045,1.50469,1.65,1.00
2013.12.10 13:15:51.034,1.50456,1.50469,1.00,1.00
2013.12.10 13:15:51.591,1.50456,1.50472,1.00,1.38
2013.12.10 13:15:51.692,1.50456,1.50472,1.00,1.00
2013.12.10 13:15:52.235,1.50456,1.50473,1.50,1.00
2013.12.10 13:15:52.744,1.50457,1.50473,1.00,1.00
2013.12.10 13:15:53.275,1.50456,1.50473,1.00,1.00
2013.12.10 13:15:53.801,1.50461,1.50473,1.75,1.00
2013.12.10 13:15:53.903,1.50466,1.50478,1.75,1.53
2013.12.10 13:15:54.004,1.50466,1.50481,1.75,1.00
2013.12.10 13:15:54.055,1.50466,1.50484,1.75,1.38
2013.12.10 13:15:54.157,1.50468,1.50483,1.00,1.88
2013.12.10 13:15:54.208,1.50464,1.5048,1.38,1.00
2013.12.10 13:15:54.309,1.50464,1.5048,1.00,1.00
2013.12.10 13:15:55.528,1.50463,1.50477,1.00,1.00
2013.12.10 13:15:55.680,1.50461,1.50479,1.13,1.38
2013.12.10 13:15:56.257,1.5046,1.50476,1.50,1.38
2013.12.10 13:15:56.863,1.5046,1.50476,1.58,1.38
2013.12.10 13:15:57.687,1.5046,1.50476,1.58,1.00
2013.12.10 13:15:57.856,1.5046,1.50474,1.20,1.00
2013.12.10 13:15:58.380,1.50457,1.50474,1.38,1.50
2013.12.10 13:15:58.683,1.50457,1.50472,1.48,1.00
2013.12.10 13:15:58.940,1.5046,1.50476,1.00,1.00
2013.12.10 13:15:59.142,1.50458,1.50473,1.95,1.00
2013.12.10 13:15:59.851,1.50457,1.50469,1.38,1.00
2013.12.10 13:15:59.952,1.50457,1.50471,1.38,1.00
2013.12.10 13:16:00.054,1.50457,1.50471,1.00,1.00
2013.12.10 13:16:00.105,1.50452,1.50469,3.38,1.00
2013.12.10 13:16:00.206,1.50454,1.50471,1.10,1.50
2013.12.10 13:16:00.307,1.50456,1.50471,1.10,1.50
2013.12.10 13:16:00.611,1.50461,1.50475,1.58,1.38
2013.12.10 13:16:00.663,1.50461,1.50475,1.50,1.00
2013.12.10 13:16:01.315,1.5046,1.50475,1.00,1.00
2013.12.10 13:16:01.588,1.50463,1.50475,1.00,1.00
2013.12.10 13:16:01.679,1.50463,1.50479,1.00,1.10
2013.12.10 13:16:01.730,1.50462,1.50477,1.10,1.00
2013.12.10 13:16:02.369,1.50459,1.50477,1.65,1.50
2013.12.10 13:16:02.917,1.50462,1.50482,1.00,2.25
2013.12.10 13:16:02.968,1.50462,1.50481,1.00,1.00
2013.12.10 13:16:03.228,1.50463,1.50479,1.00,1.00
2013.12.10 13:16:03.916,1.50463,1.50478,1.10,1.00
2013.12.10 13:16:04.380,1.50463,1.50469,1.00,1.00
2013.12.10 13:16:04.583,1.50457,1.50473,2.33,1.00
2013.12.10 13:16:04.634,1.50463,1.50473,1.00,1.00
2013.12.10 13:16:05.158,1.50463,1.50475,1.10,1.00
2013.12.10 13:16:05.335,1.50463,1.50481,1.10,1.38
2013.12.10 13:16:05.872,1.50463,1.50481,1.00,1.13
2013.12.10 13:16:06.074,1.50463,1.50481,1.00,2.10
2013.12.10 13:16:06.378,1.50461,1.50474,1.00,1.50
2013.12.10 13:16:06.702,1.50457,1.50474,1.65,1.88
2013.12.10 13:16:07.203,1.50457,1.50474,1.65,1.88
2013.12.10 13:16:07.552,1.50462,1.50478,1.18,1.38
2013.12.10 13:16:07.653,1.50463,1.50479,1.10,1.13
2013.12.10 13:16:08.636,1.50463,1.50479,1.00,1.38
2013.12.10 13:16:09.396,1.50463,1.50479,1.08,1.38
2013.12.10 13:16:10.836,1.50461,1.50479,1.58,1.75
2013.12.10 13:16:11.139,1.50462,1.50472,1.00,1.13
2013.12.10 13:16:11.241,1.50456,1.50472,2.33,1.13
2013.12.10 13:16:11.576,1.50459,1.50475,2.33,1.38
2013.12.10 13:16:11.728,1.50462,1.50478,1.18,1.00
2013.12.10 13:16:11.779,1.50466,1.50478,1.00,1.00
2013.12.10 13:16:11.917,1.50466,1.50482,1.50,1.13
2013.12.10 13:16:12.277,1.50465,1.5048,1.58,1.00
2013.12.10 13:16:12.567,1.50463,1.50479,1.10,1.00
2013.12.10 13:16:13.614,1.50463,1.50475,1.10,1.00
2013.12.10 13:16:13.960,1.50463,1.50473,1.10,1.00
2013.12.10 13:16:14.144,1.50463,1.50478,1.10,1.00
2013.12.10 13:16:14.686,1.50464,1.50479,1.20,1.00
2013.12.10 13:16:16.060,1.50464,1.50478,1.20,1.00
2013.12.10 13:16:16.533,1.50462,1.50478,1.53,1.00
2013.12.10 13:16:16.836,1.50471,1.50478,1.35,1.00
2013.12.10 13:16:16.887,1.50471,1.50488,2.48,1.18
2013.12.10 13:16:16.938,1.50475,1.50488,1.00,1.18
2013.12.10 13:16:17.359,1.50475,1.50489,1.00,1.00
2013.12.10 13:16:17.796,1.50475,1.50487,1.00,1.00
2013.12.10 13:16:17.898,1.50472,1.50487,1.08,1.00
2013.12.10 13:16:18.308,1.50472,1.50487,1.75,1.00
2013.12.10 13:16:18.359,1.50473,1.50493,1.50,1.20
2013.12.10 13:16:18.410,1.50477,1.50493,1.00,1.28
2013.12.10 13:16:18.511,1.50479,1.50496,1.00,1.13
2013.12.10 13:16:18.663,1.50479,1.50497,1.00,1.28
2013.12.10 13:16:19.194,1.50478,1.50497,1.00,1.48
2013.12.10 13:16:19.776,1.50479,1.50499,1.00,1.20
2013.12.10 13:16:20.085,1.50478,1.50501,1.50,2.40
2013.12.10 13:16:20.671,1.50481,1.50501,1.00,1.65
2013.12.10 13:16:20.974,1.50485,1.505,1.00,1.00
2013.12.10 13:16:21.310,1.50485,1.50495,1.00,1.00
2013.12.10 13:16:21.411,1.50478,1.50495,1.15,1.00
2013.12.10 13:16:21.917,1.5048,1.50495,1.00,1.00
2013.12.10 13:16:23.334,1.50478,1.50492,1.58,1.00
2013.12.10 13:16:23.638,1.50475,1.50486,1.50,1.00
2013.12.10 13:16:23.689,1.50472,1.50486,2.10,1.00
2013.12.10 13:16:24.206,1.50473,1.50485,1.10,1.00
2013.12.10 13:16:24.257,1.50474,1.50488,1.00,1.13
2013.12.10 13:16:24.409,1.50475,1.50494,1.50,1.95
2013.12.10 13:16:24.511,1.50476,1.50494,1.00,1.10
2013.12.10 13:16:25.020,1.50476,1.50495,1.00,1.13
2013.12.10 13:16:25.121,1.50478,1.50495,1.00,1.50
2013.12.10 13:16:25.425,1.50477,1.50493,1.00,1.00
2013.12.10 13:16:25.729,1.50477,1.50491,1.00,1.10
2013.12.10 13:16:26.106,1.50477,1.50493,1.00,1.50
2013.12.10 13:16:26.258,1.50477,1.50493,1.00,1.58
2013.12.10 13:16:26.823,1.50477,1.50493,1.00,2.03
2013.12.10 13:16:27.026,1.50478,1.50494,1.00,1.55
2013.12.10 13:16:27.569,1.50478,1.50494,1.00,1.00
2013.12.10 13:16:28.536,1.50478,1.50496,1.00,1.00
2013.12.10 13:16:28.587,1.50482,1.50498,1.00,2.03
2013.12.10 13:16:29.012,1.50481,1.50495,1.00,1.00
2013.12.10 13:16:29.315,1.50483,1.50501,1.50,1.95
2013.12.10 13:16:29.417,1.50485,1.50502,1.38,1.88
2013.12.10 13:16:29.953,1.50485,1.50502,1.13,1.20
2013.12.10 13:16:31.633,1.50483,1.50501,1.38,1.55
2013.12.10 13:16:34.697,1.50486,1.50502,1.00,1.38
2013.12.10 13:16:35.767,1.50486,1.50502,1.00,1.10
2013.12.10 13:16:36.343,1.50486,1.505,1.00,1.00
2013.12.10 13:16:36.707,1.50491,1.50502,1.00,1.20
2013.12.10 13:16:36.898,1.50488,1.50502,1.13,1.00
2013.12.10 13:16:37.152,1.50485,1.50502,2.40,1.00
2013.12.10 13:16:37.271,1.50487,1.50502,1.38,1.00
2013.12.10 13:16:37.801,1.50487,1.50504,1.38,1.20
2013.12.10 13:16:38.314,1.50488,1.50503,1.38,1.00
2013.12.10 13:16:38.854,1.50488,1.50503,1.00,1.00
2013.12.10 13:16:39.167,1.50488,1.50505,1.88,1.20
2013.12.10 13:16:39.479,1.50491,1.50507,1.00,1.88
2013.12.10 13:16:39.750,1.5049,1.50501,1.13,1.00
2013.12.10 13:16:39.952,1.50483,1.50496,1.00,1.00
2013.12.10 13:16:40.053,1.50479,1.50496,1.38,1.00
2013.12.10 13:16:40.466,1.50477,1.50493,1.95,1.00
2013.12.10 13:16:40.770,1.50476,1.5049,1.38,1.00
2013.12.10 13:16:40.821,1.50476,1.5049,1.00,1.00
2013.12.10 13:16:40.872,1.50473,1.5049,2.25,1.50
2013.12.10 13:16:43.025,1.50473,1.5049,2.78,1.00
2013.12.10 13:16:43.177,1.50478,1.50494,1.50,1.00
2013.12.10 13:16:43.345,1.50478,1.50494,2.25,1.00
2013.12.10 13:16:43.447,1.50482,1.50498,1.73,1.20
2013.12.10 13:16:43.649,1.50482,1.50496,1.30,1.00
2013.12.10 13:16:43.952,1.50483,1.50498,1.00,1.00
2013.12.10 13:16:44.154,1.50486,1.50502,1.00,1.08
2013.12.10 13:16:44.518,1.50486,1.50504,1.00,1.00
2013.12.10 13:16:44.569,1.50489,1.50504,1.00,1.00
2013.12.10 13:16:45.114,1.5049,1.50508,1.00,1.58
2013.12.10 13:16:45.659,1.5049,1.50505,1.00,1.18
2013.12.10 13:16:46.181,1.50491,1.50505,1.00,1.18
2013.12.10 13:16:46.686,1.5049,1.50504,1.00,1.15
2013.12.10 13:16:46.926,1.50488,1.50504,1.00,1.15
2013.12.10 13:16:47.458,1.5049,1.50504,1.00,1.10
2013.12.10 13:16:47.795,1.50486,1.50502,1.13,1.00
2013.12.10 13:16:48.056,1.50486,1.50502,1.00,1.15
2013.12.10 13:16:48.841,1.50486,1.50501,1.00,2.33
2013.12.10 13:16:49.513,1.50485,1.50497,1.00,1.00
2013.12.10 13:16:50.751,1.50486,1.50497,1.00,1.00
2013.12.10 13:16:51.275,1.50485,1.50497,1.00,1.00
2013.12.10 13:16:53.873,1.50489,1.50497,1.00,1.00
2013.12.10 13:16:54.075,1.50485,1.50497,1.13,1.00
2013.12.10 13:16:54.126,1.50487,1.50497,2.10,1.00
2013.12.10 13:16:54.228,1.50487,1.505,2.10,1.18
2013.12.10 13:16:55.132,1.50487,1.505,2.10,1.10
2013.12.10 13:16:55.506,1.50487,1.50497,2.10,1.00
2013.12.10 13:17:01.132,1.50492,1.50497,1.00,1.50
2013.12.10 13:17:01.413,1.50492,1.50501,1.00,1.88
2013.12.10 13:17:01.666,1.50492,1.50501,1.23,1.88
2013.12.10 13:17:02.210,1.50492,1.50499,1.57,1.00
2013.12.10 13:17:02.261,1.50492,1.50498,1.00,1.00
2013.12.10 13:17:04.171,1.50493,1.50498,1.00,1.00
2013.12.10 13:17:04.424,1.50493,1.50501,1.00,1.50
2013.12.10 13:17:04.626,1.50487,1.50501,3.23,1.50
2013.12.10 13:17:04.727,1.50487,1.50498,3.23,1.00
2013.12.10 13:17:05.343,1.50487,1.50498,1.38,1.00
2013.12.10 13:17:05.394,1.50486,1.50495,1.38,1.00
2013.12.10 13:17:05.445,1.50486,1.50494,1.00,1.00
2013.12.10 13:17:05.964,1.50486,1.50493,1.00,1.00
2013.12.10 13:17:07.939,1.50486,1.50495,1.00,1.00
2013.12.10 13:17:08.033,1.50482,1.50495,2.10,1.75
2013.12.10 13:17:08.135,1.50479,1.50489,1.69,1.38
2013.12.10 13:17:08.287,1.50475,1.50489,1.00,1.13
2013.12.10 13:17:08.337,1.50482,1.5049,2.10,1.38
2013.12.10 13:17:08.439,1.50483,1.50491,1.60,1.10
2013.12.10 13:17:08.540,1.50486,1.505,2.10,1.58
2013.12.10 13:17:08.591,1.50486,1.505,2.10,1.00
2013.12.10 13:17:08.844,1.5049,1.50501,1.00,1.00
2013.12.10 13:17:09.097,1.50496,1.50516,1.18,1.88
2013.12.10 13:17:09.148,1.50496,1.50513,1.58,1.00
2013.12.10 13:17:09.249,1.50496,1.50508,1.00,1.00
2013.12.10 13:17:09.351,1.50492,1.50508,1.28,1.00
2013.12.10 13:17:10.853,1.50492,1.50508,3.00,1.00
2013.12.10 13:17:11.056,1.50494,1.5051,2.25,1.00
2013.12.10 13:17:11.157,1.50495,1.5051,1.43,1.00
2013.12.10 13:17:11.561,1.50495,1.50508,3.00,1.00
2013.12.10 13:17:11.865,1.50492,1.50503,3.00,1.00
2013.12.10 13:17:11.966,1.5049,1.50503,1.00,1.00
2013.12.10 13:17:12.695,1.5049,1.50503,1.38,1.00
2013.12.10 13:17:13.467,1.5049,1.50507,1.88,1.65
2013.12.10 13:17:13.569,1.50494,1.50507,1.00,1.00
2013.12.10 13:17:14.402,1.50495,1.50507,1.00,1.00
2013.12.10 13:17:14.705,1.50496,1.50508,1.60,1.00
2013.12.10 13:17:14.756,1.50496,1.50511,1.60,1.45
2013.12.10 13:17:14.807,1.50496,1.5051,1.00,2.55
2013.12.10 13:17:15.110,1.50486,1.50496,1.50,1.00
2013.12.10 13:17:15.161,1.50486,1.505,2.25,1.00
2013.12.10 13:17:15.262,1.50483,1.50498,3.00,1.00
2013.12.10 13:17:15.313,1.50484,1.50498,1.28,1.00
2013.12.10 13:17:15.363,1.50484,1.505,1.28,1.00
2013.12.10 13:17:15.768,1.50485,1.50504,1.15,1.00
2013.12.10 13:17:15.920,1.50489,1.50505,2.10,1.00
2013.12.10 13:17:15.971,1.50492,1.50508,1.10,2.25
2013.12.10 13:17:16.072,1.50495,1.50508,1.10,1.50
2013.12.10 13:17:16.375,1.50497,1.50509,1.15,1.00
2013.12.10 13:17:16.951,1.50497,1.50508,1.15,1.00
2013.12.10 13:17:18.373,1.50497,1.50508,1.15,1.50
2013.12.10 13:17:18.475,1.50497,1.50505,1.00,1.38
2013.12.10 13:17:18.981,1.50493,1.50505,1.00,1.00
2013.12.10 13:17:19.032,1.50496,1.50505,1.50,1.00
2013.12.10 13:17:19.335,1.50489,1.50501,1.50,1.00
2013.12.10 13:17:19.927,1.50487,1.50501,2.33,1.00
2013.12.10 13:17:20.874,1.50485,1.50501,2.33,1.00
2013.12.10 13:17:21.096,1.50488,1.50501,1.05,1.00
2013.12.10 13:17:21.148,1.50493,1.50504,1.38,1.13
2013.12.10 13:17:21.199,1.50493,1.5051,1.38,1.58
2013.12.10 13:17:21.401,1.50492,1.50508,1.00,1.13
2013.12.10 13:17:21.452,1.50492,1.50508,1.18,1.00
2013.12.10 13:17:21.503,1.50492,1.5051,1.33,1.50
2013.12.10 13:17:21.907,1.50496,1.50509,1.00,1.00
2013.12.10 13:17:22.163,1.50496,1.50514,1.38,1.10
2013.12.10 13:17:22.214,1.50503,1.50518,1.00,3.38
2013.12.10 13:17:22.316,1.50503,1.50519,1.00,1.13
2013.12.10 13:17:22.406,1.50502,1.5052,1.48,2.10
2013.12.10 13:17:22.929,1.50503,1.50517,1.53,1.00
2013.12.10 13:17:23.135,1.50505,1.50522,1.20,1.13
2013.12.10 13:17:23.337,1.5051,1.50528,1.00,1.20
2013.12.10 13:17:23.388,1.5051,1.50528,1.38,1.20
2013.12.10 13:17:23.743,1.50511,1.50528,1.88,1.20
2013.12.10 13:17:23.844,1.5051,1.50524,1.00,1.68
2013.12.10 13:17:23.896,1.50507,1.50522,1.00,1.00
2013.12.10 13:17:24.048,1.50505,1.5052,1.38,2.10
2013.12.10 13:17:25.547,1.50503,1.50517,1.48,1.00
2013.12.10 13:17:25.648,1.505,1.50517,1.58,1.95
2013.12.10 13:17:25.699,1.505,1.50517,1.50,1.88
2013.12.10 13:17:25.850,1.505,1.50515,1.00,2.85
2013.12.10 13:17:26.276,1.505,1.50515,1.38,3.23
2013.12.10 13:17:26.428,1.50502,1.5052,1.38,2.63
2013.12.10 13:17:26.947,1.50504,1.50522,1.38,2.18
2013.12.10 13:17:28.238,1.50509,1.50523,1.00,1.00
2013.12.10 13:17:28.672,1.50508,1.50525,1.18,1.73
2013.12.10 13:17:28.774,1.50506,1.50519,1.20,2.10
2013.12.10 13:17:28.877,1.50501,1.50516,1.55,1.30
2013.12.10 13:17:29.381,1.50501,1.50516,1.00,1.30
2013.12.10 13:17:29.497,1.50501,1.50516,1.00,1.68
2013.12.10 13:17:30.203,1.50501,1.50515,1.00,1.13
2013.12.10 13:17:30.523,1.50501,1.50514,1.00,2.10
2013.12.10 13:17:30.679,1.50498,1.50513,1.20,2.85
2013.12.10 13:17:30.730,1.50498,1.50512,1.48,2.10
2013.12.10 13:17:31.278,1.50495,1.50511,1.88,1.68
2013.12.10 13:17:32.823,1.50493,1.50506,2.20,1.00
2013.12.10 13:17:33.025,1.50492,1.50505,1.60,1.00
2013.12.10 13:17:34.155,1.50488,1.50505,2.28,1.88
2013.12.10 13:17:34.932,1.50493,1.50505,1.38,1.00
2013.12.10 13:17:36.269,1.50493,1.50509,1.45,2.85
2013.12.10 13:17:36.863,1.50495,1.50507,1.00,2.10
2013.12.10 13:17:37.224,1.50492,1.50506,1.70,1.50
2013.12.10 13:17:37.375,1.50495,1.50509,1.38,1.60
2013.12.10 13:17:37.533,1.50495,1.50511,1.38,1.00
2013.12.10 13:17:38.292,1.50495,1.50512,1.88,1.35
2013.12.10 13:17:39.988,1.50495,1.5051,1.38,1.00
2013.12.10 13:17:40.561,1.50496,1.50511,1.38,1.00
2013.12.10 13:17:41.092,1.50496,1.50513,1.38,1.98
2013.12.10 13:17:41.710,1.50497,1.50507,1.38,1.00
2013.12.10 13:17:41.761,1.50497,1.50507,1.00,1.00
2013.12.10 13:17:41.812,1.50497,1.50507,1.00,1.38
2013.12.10 13:17:41.863,1.50494,1.50507,1.23,1.38
2013.12.10 13:17:42.116,1.50494,1.50507,1.23,1.35
2013.12.10 13:17:42.811,1.50494,1.50507,1.08,1.73
2013.12.10 13:17:44.461,1.50495,1.50507,1.00,1.73
2013.12.10 13:17:45.905,1.50489,1.50506,1.90,1.88
2013.12.10 13:17:46.480,1.5049,1.50507,1.70,2.10
2013.12.10 13:17:47.013,1.5049,1.50507,1.70,1.71
2013.12.10 13:17:48.035,1.50488,1.50506,1.78,1.38
2013.12.10 13:17:48.137,1.50488,1.50506,1.78,1.13
2013.12.10 13:17:48.451,1.50488,1.50504,1.70,1.00
2013.12.10 13:17:49.883,1.50491,1.50506,2.20,1.60
2013.12.10 13:17:50.035,1.50491,1.50509,1.70,1.80
2013.12.10 13:17:50.562,1.5049,1.50506,2.20,1.00
2013.12.10 13:17:51.092,1.50495,1.50506,1.00,1.13
2013.12.10 13:17:51.642,1.50494,1.50506,1.00,1.00
2013.12.10 13:17:52.229,1.50494,1.50505,1.08,1.13
2013.12.10 13:17:52.732,1.50489,1.50505,1.33,1.00
2013.12.10 13:17:53.222,1.50489,1.50505,1.33,1.38
2013.12.10 13:17:53.885,1.50489,1.50505,1.33,1.38
2013.12.10 13:17:54.732,1.50489,1.50505,1.33,1.00
2013.12.10 13:17:55.535,1.50489,1.50505,1.33,1.13
2013.12.10 13:17:55.586,1.50486,1.50503,1.33,1.00
2013.12.10 13:17:55.890,1.50486,1.505,1.18,2.85
2013.12.10 13:17:56.042,1.5049,1.50499,1.20,1.73
2013.12.10 13:17:56.244,1.50485,1.50501,1.00,1.88
2013.12.10 13:17:57.057,1.50482,1.50497,1.00,1.00
2013.12.10 13:17:57.333,1.50481,1.50495,1.13,1.00
2013.12.10 13:17:57.790,1.50483,1.50495,1.00,1.00
2013.12.10 13:17:58.755,1.50479,1.50495,1.08,1.00
2013.12.10 13:17:58.806,1.50479,1.50493,1.08,1.00
2013.12.10 13:17:58.909,1.5048,1.50497,1.10,2.48
2013.12.10 13:17:59.363,1.50482,1.50497,1.00,1.60
2013.12.10 13:18:00.665,1.50485,1.50498,1.00,2.48
2013.12.10 13:18:01.093,1.50485,1.50496,1.00,2.48
2013.12.10 13:18:01.194,1.50479,1.50493,1.00,2.10
2013.12.10 13:18:01.245,1.50477,1.50493,2.33,2.10
2013.12.10 13:18:01.397,1.5048,1.50493,1.00,1.43
2013.12.10 13:18:01.448,1.5048,1.50493,1.00,1.05
2013.12.10 13:18:01.991,1.5048,1.50493,1.00,1.68
2013.12.10 13:18:03.376,1.50478,1.50493,1.00,1.68
2013.12.10 13:18:03.499,1.50473,1.50489,1.50,1.00
2013.12.10 13:18:03.852,1.50475,1.50489,1.00,1.13
2013.12.10 13:18:04.055,1.50471,1.50487,1.00,1.13
2013.12.10 13:18:04.656,1.50471,1.50487,1.00,1.38
2013.12.10 13:18:05.195,1.5047,1.50485,1.00,1.13
2013.12.10 13:18:12.508,1.5047,1.50488,1.50,1.28
2013.12.10 13:18:13.185,1.50471,1.50488,1.00,1.28
2013.12.10 13:18:14.582,1.50471,1.50488,1.00,1.55
2013.12.10 13:18:14.886,1.5047,1.50479,1.00,3.30
2013.12.10 13:18:14.937,1.50466,1.50476,1.00,1.10
2013.12.10 13:18:14.988,1.50458,1.50476,1.50,1.10
2013.12.10 13:18:15.243,1.50458,1.50474,1.08,1.00
2013.12.10 13:18:15.914,1.50458,1.50474,1.00,1.00
2013.12.10 13:18:16.571,1.50456,1.50474,1.08,1.00
2013.12.10 13:18:16.987,1.50456,1.50472,1.00,1.00
2013.12.10 13:18:17.290,1.50447,1.50453,1.00,1.00
2013.12.10 13:18:17.392,1.50445,1.50456,1.00,1.95
2013.12.10 13:18:17.494,1.50437,1.50448,1.00,2.25
2013.12.10 13:18:17.595,1.50435,1.50449,1.00,1.58
2013.12.10 13:18:17.646,1.50433,1.50449,1.38,1.18
2013.12.10 13:18:17.798,1.50434,1.50451,1.83,1.00
2013.12.10 13:18:17.918,1.50437,1.50454,1.00,1.00
2013.12.10 13:18:17.970,1.50448,1.50457,1.00,1.10
2013.12.10 13:18:18.125,1.50448,1.50457,1.00,1.00
2013.12.10 13:18:18.478,1.50444,1.50457,1.00,1.00
2013.12.10 13:18:18.580,1.50451,1.50457,1.00,1.13
2013.12.10 13:18:18.681,1.50447,1.50462,1.00,1.10
2013.12.10 13:18:18.883,1.5045,1.50464,1.00,1.08
2013.12.10 13:18:19.096,1.50451,1.50466,1.00,1.53
2013.12.10 13:18:19.248,1.50454,1.50466,1.00,1.55
2013.12.10 13:18:19.349,1.5045,1.50466,1.00,1.55
2013.12.10 13:18:19.883,1.5045,1.50466,1.10,1.00
2013.12.10 13:18:20.346,1.50453,1.50466,1.00,1.00
2013.12.10 13:18:21.515,1.50453,1.50468,1.00,1.00
2013.12.10 13:18:22.442,1.50454,1.50468,1.00,1.00
2013.12.10 13:18:22.634,1.50452,1.50468,1.50,1.00
2013.12.10 13:18:23.150,1.50453,1.5047,1.00,1.13
2013.12.10 13:18:25.748,1.50454,1.50471,1.00,1.88
2013.12.10 13:18:25.799,1.50454,1.50468,1.00,1.00
2013.12.10 13:18:26.819,1.50451,1.50468,1.10,1.00
2013.12.10 13:18:26.921,1.50453,1.50472,1.00,2.63
2013.12.10 13:18:26.971,1.50453,1.50473,1.20,1.18
2013.12.10 13:18:27.022,1.50456,1.50472,1.00,1.00
2013.12.10 13:18:27.620,1.50454,1.5047,1.00,1.00
2013.12.10 13:18:28.711,1.50455,1.50473,1.00,1.38
2013.12.10 13:18:30.369,1.50459,1.50473,1.38,1.38
2013.12.10 13:18:30.646,1.50457,1.5047,1.00,1.00
2013.12.10 13:18:30.748,1.50453,1.50468,1.15,1.00
2013.12.10 13:18:30.799,1.50453,1.50468,1.00,1.00
2013.12.10 13:18:30.951,1.50455,1.50471,1.00,1.00
2013.12.10 13:18:31.520,1.50454,1.50472,1.00,1.10
2013.12.10 13:18:32.056,1.50452,1.5047,1.88,1.00
2013.12.10 13:18:33.049,1.50452,1.5047,1.95,1.00
2013.12.10 13:18:33.400,1.50452,1.5047,2.70,1.00
2013.12.10 13:18:34.421,1.50454,1.50472,1.18,1.00
2013.12.10 13:18:34.623,1.50457,1.50472,1.00,1.00
2013.12.10 13:18:34.940,1.50458,1.50468,1.00,1.13
2013.12.10 13:18:37.132,1.50458,1.50468,1.00,1.38
2013.12.10 13:18:37.183,1.50451,1.50468,1.10,1.38
2013.12.10 13:18:37.234,1.50448,1.50464,1.18,1.00
2013.12.10 13:18:37.961,1.50449,1.50467,1.15,1.00
2013.12.10 13:18:38.124,1.50449,1.50467,1.10,1.00
2013.12.10 13:18:38.175,1.50454,1.50468,1.00,1.00
2013.12.10 13:18:38.428,1.50452,1.5047,1.55,1.00
2013.12.10 13:18:38.479,1.50457,1.50474,1.00,1.50
2013.12.10 13:18:40.389,1.50457,1.50469,1.00,1.00
2013.12.10 13:18:40.491,1.50453,1.50469,1.88,1.00
2013.12.10 13:18:40.542,1.50455,1.50471,1.00,1.20
2013.12.10 13:18:40.845,1.50452,1.5046,1.00,1.10
2013.12.10 13:18:40.897,1.50444,1.5046,1.95,1.00
2013.12.10 13:18:40.998,1.50442,1.5046,1.50,1.00
2013.12.10 13:18:41.346,1.50447,1.50463,1.00,1.28
2013.12.10 13:18:41.663,1.50452,1.50463,1.00,1.00
2013.12.10 13:18:41.765,1.50452,1.50467,1.50,1.00
2013.12.10 13:18:42.688,1.50454,1.5047,1.00,1.45
2013.12.10 13:18:42.891,1.50449,1.50465,1.10,1.00
2013.12.10 13:18:42.992,1.50448,1.50461,1.08,1.10
2013.12.10 13:18:43.498,1.50448,1.50462,1.00,1.18
2013.12.10 13:18:44.219,1.50446,1.50464,1.00,2.85
2013.12.10 13:18:44.321,1.50446,1.50464,1.38,1.73
2013.12.10 13:18:44.627,1.50454,1.50472,1.00,3.90
2013.12.10 13:18:44.880,1.50448,1.50464,1.58,1.13
2013.12.10 13:18:45.032,1.50448,1.50464,1.00,1.13
2013.12.10 13:18:45.185,1.50446,1.50458,1.10,1.00
2013.12.10 13:18:45.489,1.50445,1.50458,1.00,1.08
2013.12.10 13:18:45.642,1.50443,1.50458,1.00,1.48
2013.12.10 13:18:45.693,1.50443,1.50454,1.00,1.08
2013.12.10 13:18:45.794,1.50443,1.50456,1.00,1.28
2013.12.10 13:18:45.845,1.50443,1.50456,1.00,1.20
2013.12.10 13:18:46.199,1.50443,1.50448,1.00,1.00
2013.12.10 13:18:46.301,1.50438,1.50454,1.00,1.88
2013.12.10 13:18:46.352,1.50438,1.50447,1.00,2.25
2013.12.10 13:18:46.504,1.50438,1.50453,1.00,1.20
2013.12.10 13:18:46.657,1.50437,1.50447,1.00,1.00
2013.12.10 13:18:46.809,1.50437,1.50449,1.00,1.00
2013.12.10 13:18:47.011,1.50437,1.50444,1.00,1.50
2013.12.10 13:18:47.113,1.50432,1.50446,1.00,2.33
2013.12.10 13:18:47.164,1.50432,1.50447,1.00,1.88
2013.12.10 13:18:47.265,1.50428,1.50445,1.00,2.25
2013.12.10 13:18:47.417,1.50428,1.5044,1.00,1.00
2013.12.10 13:18:47.733,1.50427,1.50438,1.00,1.00
2013.12.10 13:18:47.936,1.50428,1.50444,1.00,2.33
2013.12.10 13:18:48.088,1.50428,1.50444,2.85,1.38
2013.12.10 13:18:48.391,1.50436,1.50445,1.00,1.00
2013.12.10 13:18:49.325,1.50436,1.50448,1.50,2.25
2013.12.10 13:18:49.477,1.50437,1.50446,1.00,1.00
2013.12.10 13:18:49.947,1.50437,1.50443,1.00,1.00
2013.12.10 13:18:50.150,1.50433,1.50444,1.00,1.50
2013.12.10 13:18:50.251,1.50433,1.50446,1.00,1.50
2013.12.10 13:18:50.583,1.50437,1.50446,1.00,1.88
2013.12.10 13:18:50.734,1.50437,1.50446,1.00,1.10
2013.12.10 13:18:50.940,1.50437,1.50451,1.00,1.18
2013.12.10 13:18:51.243,1.50437,1.50453,1.00,2.63
2013.12.10 13:18:51.854,1.50437,1.50451,1.00,1.00
2013.12.10 13:18:51.956,1.50437,1.50449,1.00,1.00
2013.12.10 13:18:52.259,1.50437,1.50448,1.00,1.15
2013.12.10 13:18:52.360,1.50432,1.50448,1.00,1.15
2013.12.10 13:18:52.562,1.50438,1.50449,1.00,1.80
2013.12.10 13:18:53.308,1.50438,1.50451,1.00,1.28
2013.12.10 13:18:54.201,1.50435,1.50451,1.00,1.28
2013.12.10 13:18:54.303,1.50435,1.5045,1.00,1.43
2013.12.10 13:18:54.455,1.50429,1.50446,1.50,2.33
2013.12.10 13:18:54.963,1.50429,1.50446,1.50,2.25
2013.12.10 13:18:55.292,1.50429,1.50446,1.50,1.30
2013.12.10 13:18:55.342,1.50434,1.50447,1.00,1.05
2013.12.10 13:18:55.644,1.50432,1.50446,1.00,1.13
2013.12.10 13:18:55.695,1.50429,1.50446,1.00,1.83
2013.12.10 13:18:56.873,1.50429,1.50446,1.00,1.43
2013.12.10 13:18:56.924,1.50429,1.50446,1.00,1.43
2013.12.10 13:18:57.076,1.50427,1.50441,1.00,1.20
2013.12.10 13:18:57.532,1.50427,1.50443,1.50,1.08
2013.12.10 13:18:57.583,1.50427,1.50441,1.00,2.10
2013.12.10 13:18:57.634,1.50424,1.50441,1.10,2.10
2013.12.10 13:18:57.685,1.50425,1.50441,1.00,3.23
2013.12.10 13:18:57.786,1.50423,1.50438,1.00,1.73
2013.12.10 13:18:57.888,1.50425,1.50441,1.00,1.15
2013.12.10 13:18:58.039,1.50425,1.50441,1.00,1.00
2013.12.10 13:18:59.370,1.5043,1.50445,1.00,1.90
2013.12.10 13:19:01.081,1.50432,1.50446,1.00,1.58
2013.12.10 13:19:03.829,1.50432,1.50448,1.08,1.38
2013.12.10 13:19:04.136,1.50435,1.50453,1.00,3.45
2013.12.10 13:19:04.191,1.50435,1.50453,1.00,3.45
2013.12.10 13:19:04.292,1.50435,1.50452,1.00,1.58
2013.12.10 13:19:04.903,1.50436,1.50448,1.00,1.00
2013.12.10 13:19:07.802,1.50436,1.50451,1.00,1.53
2013.12.10 13:19:08.134,1.5044,1.50451,1.00,1.20
2013.12.10 13:19:08.387,1.50438,1.5045,1.00,1.13
2013.12.10 13:19:08.635,1.50435,1.5045,1.00,1.38
2013.12.10 13:19:09.380,1.50433,1.5045,1.00,1.48
2013.12.10 13:19:10.138,1.50433,1.5045,1.00,1.95
2013.12.10 13:19:10.713,1.50433,1.50449,1.00,1.58
2013.12.10 13:19:14.261,1.50433,1.50447,1.00,1.58
2013.12.10 13:19:14.321,1.50431,1.50446,1.00,1.00
2013.12.10 13:19:14.631,1.50431,1.50446,1.00,1.55
2013.12.10 13:19:16.905,1.50431,1.50447,1.00,1.58
2013.12.10 13:19:17.232,1.50428,1.50443,1.50,1.35
2013.12.10 13:19:17.384,1.50425,1.50443,1.08,2.10
2013.12.10 13:19:17.637,1.50423,1.50438,1.00,1.00
2013.12.10 13:19:18.144,1.50419,1.50438,3.00,1.38
2013.12.10 13:19:18.195,1.50418,1.50438,1.58,1.38
2013.12.10 13:19:18.397,1.50423,1.50438,1.00,1.00
2013.12.10 13:19:18.447,1.50423,1.50441,1.00,1.00
2013.12.10 13:19:18.549,1.50423,1.50441,3.75,1.00
2013.12.10 13:19:19.163,1.50423,1.50442,3.75,1.00
2013.12.10 13:19:19.327,1.50423,1.50442,1.18,1.38
2013.12.10 13:19:20.301,1.50425,1.50442,1.58,1.13
2013.12.10 13:19:21.064,1.50425,1.50443,1.65,1.00
2013.12.10 13:19:22.245,1.50428,1.50443,1.00,1.00
2013.12.10 13:19:23.141,1.5043,1.50443,1.00,1.00
2013.12.10 13:19:23.243,1.5043,1.50449,1.50,1.58
2013.12.10 13:19:23.749,1.50431,1.50451,1.00,1.05
2013.12.10 13:19:24.256,1.50431,1.50451,1.50,1.05
2013.12.10 13:19:24.559,1.50435,1.50452,1.00,1.88
2013.12.10 13:19:24.762,1.50441,1.5046,1.00,1.95
2013.12.10 13:19:25.116,1.50442,1.50461,1.00,1.65
2013.12.10 13:19:25.344,1.5044,1.50461,1.10,1.58
2013.12.10 13:19:25.656,1.50444,1.5046,1.00,1.00
2013.12.10 13:19:25.964,1.50446,1.50464,1.00,2.70
2013.12.10 13:19:26.652,1.50444,1.5046,1.00,1.13
2013.12.10 13:19:27.210,1.50445,1.50463,1.00,1.58
2013.12.10 13:19:27.463,1.5045,1.50463,1.00,1.20
2013.12.10 13:19:27.564,1.50451,1.50467,1.00,1.95
2013.12.10 13:19:27.666,1.50447,1.50462,1.00,1.00
2013.12.10 13:19:27.767,1.50447,1.50465,1.00,1.00
2013.12.10 13:19:27.970,1.5045,1.50466,1.00,1.28
2013.12.10 13:19:28.281,1.50448,1.50464,1.00,1.00
2013.12.10 13:19:28.584,1.5045,1.50467,1.00,1.45
2013.12.10 13:19:28.896,1.50447,1.50465,1.00,1.13
2013.12.10 13:19:29.421,1.50446,1.50464,1.10,1.00
2013.12.10 13:19:29.624,1.5045,1.50464,1.00,1.10
2013.12.10 13:19:30.224,1.5045,1.50464,1.00,1.18
2013.12.10 13:19:30.732,1.50449,1.50464,1.00,1.15
2013.12.10 13:19:30.820,1.50446,1.50464,1.00,1.15
2013.12.10 13:19:31.326,1.50444,1.50462,1.88,1.00
2013.12.10 13:19:32.211,1.50443,1.5046,1.65,1.00
2013.12.10 13:19:32.589,1.50449,1.50464,1.00,1.18
2013.12.10 13:19:32.690,1.50449,1.50464,1.00,1.10
2013.12.10 13:19:33.206,1.5045,1.50464,1.00,1.00
2013.12.10 13:19:34.382,1.50449,1.50464,1.00,1.00
2013.12.10 13:19:34.922,1.50449,1.50462,1.00,1.00
2013.12.10 13:19:35.632,1.50449,1.50466,1.00,1.28
2013.12.10 13:19:35.683,1.50451,1.50466,1.00,1.15
2013.12.10 13:19:35.995,1.50451,1.50466,1.00,3.75
2013.12.10 13:19:36.343,1.50446,1.5046,1.00,2.25
2013.12.10 13:19:36.697,1.50439,1.50455,1.38,3.75
2013.12.10 13:19:36.748,1.50435,1.50449,1.88,1.00
2013.12.10 13:19:36.799,1.50435,1.50449,1.50,1.00
2013.12.10 13:19:37.329,1.50434,1.50452,1.50,1.95
2013.12.10 13:19:37.431,1.50436,1.50452,1.00,1.20
2013.12.10 13:19:37.528,1.50434,1.50452,1.50,1.20
2013.12.10 13:19:37.682,1.50439,1.50453,1.00,1.50
2013.12.10 13:19:37.733,1.50439,1.50453,1.00,1.00
2013.12.10 13:19:38.659,1.50437,1.50453,1.50,1.00
2013.12.10 13:19:39.261,1.50439,1.50453,1.00,1.00
2013.12.10 13:19:47.732,1.50439,1.50449,1.00,1.00
2013.12.10 13:19:47.834,1.50435,1.50449,1.00,1.18
2013.12.10 13:19:49.329,1.50435,1.50453,1.50,5.85
2013.12.10 13:19:49.561,1.50436,1.50453,1.00,1.50
2013.12.10 13:19:50.348,1.50436,1.50449,1.00,1.00
2013.12.10 13:19:50.652,1.50438,1.50453,1.00,2.18
2013.12.10 13:19:51.170,1.50438,1.50451,1.00,1.00
2013.12.10 13:19:52.120,1.50433,1.50451,1.75,1.13
2013.12.10 13:19:52.221,1.50432,1.50448,1.95,1.00
2013.12.10 13:19:52.575,1.50433,1.50444,1.00,1.00
2013.12.10 13:19:52.879,1.50428,1.50442,1.00,1.08
2013.12.10 13:19:52.980,1.50426,1.50442,1.13,1.08
2013.12.10 13:19:53.182,1.50426,1.50442,1.38,1.15
2013.12.10 13:19:53.644,1.50426,1.50442,1.00,1.58
2013.12.10 13:19:54.147,1.50426,1.50438,1.38,1.00
2013.12.10 13:19:56.262,1.50427,1.50438,1.38,1.00
2013.12.10 13:19:56.314,1.50427,1.5044,1.38,1.00
2013.12.10 13:19:56.850,1.50429,1.5044,1.00,1.00
2013.12.10 13:19:57.090,1.50424,1.5044,1.38,1.00
2013.12.10 13:19:57.422,1.50429,1.50442,1.00,1.00
2013.12.10 13:19:57.726,1.50432,1.50444,1.38,1.00
2013.12.10 13:19:58.319,1.5043,1.50444,1.38,1.00
2013.12.10 13:19:58.471,1.5043,1.50442,1.00,1.00
2013.12.10 13:19:58.522,1.50426,1.50435,1.68,1.38
2013.12.10 13:19:58.674,1.50418,1.50425,1.00,1.75
2013.12.10 13:19:58.725,1.50413,1.5042,1.00,1.00
2013.12.10 13:19:58.775,1.50407,1.50418,1.20,1.00
2013.12.10 13:19:59.281,1.50407,1.50417,1.00,1.00
2013.12.10 13:19:59.383,1.50409,1.50418,1.00,1.00
2013.12.10 13:19:59.535,1.50412,1.50424,1.00,1.15
2013.12.10 13:19:59.686,1.50401,1.50416,1.73,1.38
2013.12.10 13:19:59.737,1.50406,1.50416,1.60,1.38
2013.12.10 13:19:59.838,1.50402,1.50415,1.75,1.13
2013.12.10 13:19:59.890,1.50402,1.5041,1.75,1.38
2013.12.10 13:19:59.941,1.50398,1.50409,1.15,1.38
2013.12.10 13:19:59.992,1.50398,1.50403,1.00,1.00
2013.12.10 13:20:00.297,1.50386,1.50403,1.98,2.95
2013.12.10 13:20:00.414,1.50393,1.50402,1.00,1.00
2013.12.10 13:20:00.620,1.50391,1.50402,1.00,1.13
2013.12.10 13:20:01.027,1.50382,1.50402,1.43,1.38
2013.12.10 13:20:01.280,1.50383,1.50397,1.13,1.00
2013.12.10 13:20:01.536,1.50366,1.50389,2.51,1.38
2013.12.10 13:20:01.893,1.50368,1.50386,1.00,2.88
2013.12.10 13:20:02.424,1.50366,1.50381,1.01,1.38
2013.12.10 13:20:02.971,1.50368,1.50381,1.00,1.38
2013.12.10 13:20:03.248,1.50369,1.50381,1.00,1.38
2013.12.10 13:20:03.753,1.5037,1.50386,1.00,1.38
2013.12.10 13:20:03.971,1.5037,1.50386,1.00,1.38
2013.12.10 13:20:04.143,1.5037,1.50386,1.00,1.38
2013.12.10 13:20:04.245,1.5037,1.50386,1.38,1.00
2013.12.10 13:20:04.419,1.5037,1.50386,1.00,1.00
2013.12.10 13:20:04.627,1.50376,1.50391,1.00,1.50
2013.12.10 13:20:04.930,1.50376,1.50392,1.50,1.38
2013.12.10 13:20:05.270,1.50379,1.50392,1.00,1.38
2013.12.10 13:20:05.734,1.5038,1.50392,1.00,1.38
2013.12.10 13:20:06.134,1.50382,1.50392,1.00,1.38
2013.12.10 13:20:06.679,1.5038,1.50394,1.00,1.38
2013.12.10 13:20:06.730,1.5038,1.50396,1.00,2.63
2013.12.10 13:20:06.781,1.50378,1.50396,1.00,1.38
2013.12.10 13:20:06.933,1.50377,1.50392,1.00,1.00
2013.12.10 13:20:07.135,1.50377,1.50392,1.00,1.00
2013.12.10 13:20:07.581,1.50377,1.50392,1.38,1.00
2013.12.10 13:20:07.885,1.50384,1.50396,1.00,1.88
2013.12.10 13:20:08.033,1.50377,1.50394,1.38,2.13
2013.12.10 13:20:08.236,1.50377,1.50394,1.00,3.73
2013.12.10 13:20:08.691,1.50378,1.50395,1.00,1.55
2013.12.10 13:20:09.212,1.50379,1.50397,1.00,1.95
2013.12.10 13:20:09.263,1.50377,1.50397,1.13,2.20
2013.12.10 13:20:09.427,1.50377,1.50397,1.38,2.20
2013.12.10 13:20:09.477,1.5038,1.50397,1.00,1.53
2013.12.10 13:20:09.579,1.50377,1.50397,1.38,1.00
2013.12.10 13:20:09.641,1.50377,1.50397,1.88,1.38
2013.12.10 13:20:09.692,1.50377,1.50397,1.88,1.88
2013.12.10 13:20:09.794,1.50378,1.50397,1.13,2.66
2013.12.10 13:20:09.845,1.50382,1.50397,1.00,2.66
2013.12.10 13:20:09.997,1.50382,1.50397,1.00,1.38
2013.12.10 13:20:10.149,1.50382,1.50393,1.00,1.00
2013.12.10 13:20:10.200,1.5038,1.50393,1.00,1.00
2013.12.10 13:20:10.251,1.5038,1.50393,1.00,1.00
2013.12.10 13:20:10.353,1.50379,1.50391,1.00,1.00
2013.12.10 13:20:10.454,1.5038,1.50395,1.00,1.88
2013.12.10 13:20:10.556,1.5038,1.50395,1.00,1.53
2013.12.10 13:20:10.859,1.50384,1.50395,1.00,1.38
2013.12.10 13:20:11.181,1.50375,1.50395,1.10,1.38
2013.12.10 13:20:11.283,1.50382,1.50395,1.00,1.48
2013.12.10 13:20:11.333,1.50382,1.50395,1.00,1.48
2013.12.10 13:20:11.488,1.50382,1.50395,1.00,1.20
2013.12.10 13:20:11.643,1.5038,1.50396,1.00,1.38
2013.12.10 13:20:11.744,1.50381,1.50397,1.00,1.13
2013.12.10 13:20:11.846,1.50384,1.50397,1.00,1.38
2013.12.10 13:20:12.257,1.50382,1.50397,1.00,1.38
2013.12.10 13:20:12.358,1.50382,1.50397,2.10,1.38
2013.12.10 13:20:12.409,1.50394,1.50402,1.00,1.80
2013.12.10 13:20:12.511,1.5039,1.50405,1.38,1.90
2013.12.10 13:20:12.612,1.50391,1.50405,1.13,1.38
2013.12.10 13:20:12.713,1.50391,1.50403,1.00,1.00
2013.12.10 13:20:13.168,1.50385,1.50403,1.00,1.38
2013.12.10 13:20:13.370,1.5038,1.50403,1.65,3.03
2013.12.10 13:20:13.572,1.50385,1.50403,1.00,3.03
2013.12.10 13:20:14.113,1.50385,1.50403,1.00,1.38
2013.12.10 13:20:14.264,1.50382,1.50403,1.15,1.38
2013.12.10 13:20:14.416,1.50382,1.50398,1.20,1.00
2013.12.10 13:20:14.810,1.50377,1.50397,1.88,2.13
2013.12.10 13:20:14.911,1.50377,1.50397,1.50,1.30
2013.12.10 13:20:15.216,1.5038,1.50397,1.00,1.45
2013.12.10 13:20:15.267,1.50381,1.50397,1.00,1.45
2013.12.10 13:20:15.675,1.50384,1.50397,1.00,1.13
2013.12.10 13:20:15.777,1.50376,1.50394,1.65,2.13
2013.12.10 13:20:16.081,1.50379,1.50397,2.25,3.75
2013.12.10 13:20:16.334,1.50382,1.50399,1.13,1.13
2013.12.10 13:20:17.121,1.50383,1.50399,1.13,1.13
2013.12.10 13:20:17.816,1.50383,1.50399,1.00,1.20
2013.12.10 13:20:18.764,1.50383,1.50399,1.00,3.45
2013.12.10 13:20:19.193,1.50381,1.50399,1.50,1.28
2013.12.10 13:20:19.244,1.50381,1.50399,1.13,1.90
2013.12.10 13:20:19.571,1.50369,1.50381,1.10,3.26
2013.12.10 13:20:19.673,1.50368,1.50381,1.50,2.20
2013.12.10 13:20:19.876,1.50369,1.50382,1.52,1.00
2013.12.10 13:20:19.978,1.50375,1.50384,1.00,1.18
2013.12.10 13:20:20.282,1.50381,1.50395,1.00,1.75
2013.12.10 13:20:20.383,1.50384,1.50395,1.00,1.38
2013.12.10 13:20:20.535,1.50384,1.50395,1.00,1.13
2013.12.10 13:20:20.687,1.50381,1.50399,1.15,1.38
2013.12.10 13:20:20.991,1.50382,1.50399,1.15,1.38
2013.12.10 13:20:21.632,1.50382,1.50399,1.10,1.38
2013.12.10 13:20:21.986,1.50377,1.50396,1.20,1.38
2013.12.10 13:20:22.240,1.50367,1.50381,1.58,2.13
2013.12.10 13:20:22.494,1.50365,1.50381,1.58,1.50
2013.12.10 13:20:22.612,1.50368,1.50381,1.00,1.50
2013.12.10 13:20:23.041,1.50365,1.50381,1.13,1.13
2013.12.10 13:20:23.606,1.50366,1.50381,2.10,1.38
2013.12.10 13:20:23.910,1.50371,1.50386,1.00,1.38
2013.12.10 13:20:24.189,1.50367,1.50386,1.30,1.38
2013.12.10 13:20:24.603,1.50369,1.50386,1.00,1.38
2013.12.10 13:20:24.705,1.50367,1.50386,1.73,1.38
2013.12.10 13:20:24.807,1.50377,1.50386,1.00,1.38
2013.12.10 13:20:24.959,1.50375,1.50386,1.00,1.00
2013.12.10 13:20:25.060,1.50375,1.50391,1.58,1.38
2013.12.10 13:20:25.364,1.5038,1.50393,1.00,1.38
2013.12.10 13:20:25.466,1.5038,1.50393,1.00,1.13
2013.12.10 13:20:25.790,1.50377,1.50393,1.50,1.38
2013.12.10 13:20:25.841,1.50379,1.50394,1.00,1.38
2013.12.10 13:20:26.144,1.50379,1.50394,1.15,1.38
2013.12.10 13:20:26.449,1.50397,1.50405,1.00,1.13
2013.12.10 13:20:27.405,1.50395,1.50408,1.10,1.38
2013.12.10 13:20:27.607,1.5039,1.50408,1.58,2.25
2013.12.10 13:20:27.658,1.50392,1.50408,1.18,2.25
2013.12.10 13:20:28.180,1.50392,1.50408,1.00,2.25
2013.12.10 13:20:28.333,1.50392,1.50408,1.00,2.25
2013.12.10 13:20:28.485,1.50394,1.50408,1.00,1.75
2013.12.10 13:20:29.110,1.50393,1.50408,1.18,1.75
2013.12.10 13:20:29.460,1.50392,1.50408,1.00,1.75
2013.12.10 13:20:29.718,1.50394,1.50409,1.38,1.00
2013.12.10 13:20:29.819,1.50396,1.50409,2.25,1.00
2013.12.10 13:20:29.921,1.50397,1.50415,3.00,1.50
2013.12.10 13:20:30.022,1.50397,1.50415,3.08,1.38
2013.12.10 13:20:30.073,1.50397,1.50415,3.08,1.38
2013.12.10 13:20:30.429,1.50398,1.50415,1.53,1.88
2013.12.10 13:20:30.583,1.504,1.50417,1.48,1.13
2013.12.10 13:20:30.634,1.50404,1.50417,1.00,1.00
2013.12.10 13:20:30.685,1.50404,1.50421,1.00,1.38
2013.12.10 13:20:30.736,1.50404,1.50421,1.38,1.00
2013.12.10 13:20:31.152,1.50408,1.50422,1.38,1.50
2013.12.10 13:20:31.922,1.50409,1.50423,1.50,1.00
2013.12.10 13:20:32.233,1.50409,1.50423,1.50,1.00
2013.12.10 13:20:32.472,1.50409,1.50423,1.50,1.00
2013.12.10 13:20:32.629,1.5041,1.50426,1.13,1.00
2013.12.10 13:20:33.620,1.50409,1.50426,1.50,1.00
2013.12.10 13:20:33.931,1.50409,1.50426,2.33,1.00
2013.12.10 13:20:34.222,1.5041,1.50427,1.28,1.00
2013.12.10 13:20:34.661,1.50414,1.50428,1.00,1.13
2013.12.10 13:20:34.991,1.50414,1.50428,2.63,1.00
2013.12.10 13:20:35.092,1.50418,1.5043,1.00,1.00
2013.12.10 13:20:35.143,1.50423,1.50433,1.38,1.38
2013.12.10 13:20:35.396,1.50425,1.50436,2.33,1.00
2013.12.10 13:20:35.547,1.5043,1.50437,1.00,1.00
2013.12.10 13:20:35.649,1.50428,1.50437,1.10,1.00
2013.12.10 13:20:35.750,1.50428,1.50445,1.53,1.50
2013.12.10 13:20:36.375,1.50424,1.50444,1.88,2.58
2013.12.10 13:20:36.678,1.50421,1.50442,1.10,3.15
2013.12.10 13:20:37.301,1.50421,1.50441,1.05,3.16
2013.12.10 13:20:38.444,1.50422,1.5044,1.00,2.43
2013.12.10 13:20:38.697,1.50421,1.50439,1.10,1.00
2013.12.10 13:20:39.248,1.50421,1.50439,1.10,1.38
2013.12.10 13:20:39.754,1.50421,1.50439,1.10,1.00
2013.12.10 13:20:40.658,1.50421,1.50439,1.10,1.13
2013.12.10 13:20:40.973,1.50419,1.50435,1.08,4.13
2013.12.10 13:20:41.080,1.50419,1.50433,1.00,3.48
2013.12.10 13:20:41.288,1.50415,1.50432,1.38,2.58
2013.12.10 13:20:41.770,1.50415,1.50431,1.00,1.00
2013.12.10 13:20:42.298,1.50415,1.50431,1.13,1.00
2013.12.10 13:20:44.002,1.50418,1.50431,1.00,1.00
2013.12.10 13:20:44.104,1.50413,1.50432,2.03,1.38
2013.12.10 13:20:44.155,1.50413,1.50432,3.53,1.38
2013.12.10 13:20:44.458,1.50416,1.50432,1.48,1.00
2013.12.10 13:20:44.509,1.50417,1.50432,1.38,1.00
2013.12.10 13:20:44.611,1.50417,1.50432,1.38,1.00
2013.12.10 13:20:44.717,1.50417,1.50432,1.00,1.50
2013.12.10 13:20:44.871,1.50412,1.50432,1.75,1.50
2013.12.10 13:20:45.225,1.50411,1.50432,1.78,2.20
2013.12.10 13:20:45.813,1.50414,1.50432,1.43,4.78
2013.12.10 13:20:46.069,1.50414,1.50432,1.68,1.00
2013.12.10 13:20:46.603,1.50421,1.50437,1.13,1.55
2013.12.10 13:20:46.654,1.50421,1.50437,1.43,1.00
2013.12.10 13:20:46.706,1.50423,1.5044,1.00,1.28
2013.12.10 13:20:46.808,1.50423,1.50441,1.00,1.13
2013.12.10 13:20:46.910,1.50422,1.50441,1.15,1.00
2013.12.10 13:20:46.960,1.50422,1.50441,1.10,1.38
2013.12.10 13:20:47.473,1.50421,1.50441,1.13,1.88
2013.12.10 13:20:47.726,1.5042,1.50438,1.38,2.13
2013.12.10 13:20:47.777,1.50418,1.50438,2.70,4.30
2013.12.10 13:20:47.828,1.50418,1.50435,2.63,2.35
2013.12.10 13:20:47.980,1.50413,1.50435,1.20,2.73
2013.12.10 13:20:48.486,1.50414,1.50435,1.55,2.81
2013.12.10 13:20:48.741,1.50415,1.50434,1.10,2.13
2013.12.10 13:20:48.842,1.50417,1.50435,1.10,1.73
2013.12.10 13:20:49.387,1.50417,1.50435,1.00,1.80
2013.12.10 13:20:49.440,1.50415,1.50435,1.00,2.81
2013.12.10 13:20:49.946,1.50415,1.50434,1.50,2.20
2013.12.10 13:20:50.378,1.50415,1.50434,1.18,1.88
2013.12.10 13:20:50.833,1.50415,1.50434,1.28,1.88
2013.12.10 13:20:50.951,1.50415,1.50434,1.58,1.88
2013.12.10 13:20:51.456,1.5042,1.50438,1.00,4.05
2013.12.10 13:20:51.687,1.5042,1.50438,1.00,4.30
2013.12.10 13:20:52.155,1.50418,1.50436,1.00,2.73
2013.12.10 13:20:52.678,1.50419,1.50436,1.10,1.73
2013.12.10 13:20:53.192,1.50416,1.50436,1.58,1.00
2013.12.10 13:20:53.293,1.50415,1.50435,3.38,2.05
2013.12.10 13:20:53.344,1.50415,1.50435,2.03,1.00
2013.12.10 13:20:53.782,1.50424,1.50438,1.75,1.88
2013.12.10 13:20:53.934,1.5043,1.50445,1.13,1.38
2013.12.10 13:20:54.009,1.50433,1.50445,1.88,1.00
2013.12.10 13:20:54.060,1.50437,1.50447,1.00,1.00
2013.12.10 13:20:54.567,1.50436,1.50447,1.28,1.00
2013.12.10 13:20:55.266,1.50439,1.50448,1.00,1.00
2013.12.10 13:20:55.773,1.50434,1.50448,1.58,1.13
2013.12.10 13:20:55.824,1.50434,1.50448,1.58,1.13
2013.12.10 13:20:55.976,1.50431,1.50448,1.83,2.13
2013.12.10 13:20:56.190,1.50433,1.50448,1.00,2.13
2013.12.10 13:20:57.072,1.50432,1.50448,1.75,1.00
2013.12.10 13:20:57.174,1.50432,1.50448,1.75,1.00
2013.12.10 13:20:57.491,1.50432,1.50448,1.75,1.00
2013.12.10 13:20:57.999,1.50433,1.50448,1.00,1.00
2013.12.10 13:20:59.291,1.5043,1.50446,1.10,2.13
2013.12.10 13:20:59.342,1.50426,1.50444,1.65,2.13
2013.12.10 13:20:59.444,1.50424,1.50441,1.58,2.35
2013.12.10 13:20:59.546,1.50423,1.50441,1.28,2.35
2013.12.10 13:20:59.852,1.50427,1.50441,1.00,1.38
2013.12.10 13:20:59.903,1.50422,1.50441,1.15,1.38
2013.12.10 13:21:00.006,1.50422,1.50439,1.10,1.00
2013.12.10 13:21:00.433,1.50425,1.50439,1.00,1.00
2013.12.10 13:21:00.907,1.50418,1.50437,1.45,2.88
2013.12.10 13:21:01.650,1.5042,1.50437,1.20,2.13
2013.12.10 13:21:02.389,1.50417,1.50437,1.65,2.63
2013.12.10 13:21:02.951,1.50419,1.50437,1.38,2.88
2013.12.10 13:21:03.052,1.50424,1.50437,1.00,1.38
2013.12.10 13:21:03.832,1.50426,1.5044,1.00,1.88
2013.12.10 13:21:03.935,1.50428,1.5044,1.00,1.50
2013.12.10 13:21:04.088,1.50429,1.50443,1.00,1.00
2013.12.10 13:21:04.151,1.50429,1.50443,1.08,1.00
2013.12.10 13:21:04.252,1.50428,1.50444,1.58,1.88
2013.12.10 13:21:04.406,1.50427,1.50444,3.38,2.88
2013.12.10 13:21:04.610,1.50425,1.50444,1.00,2.78
2013.12.10 13:21:04.661,1.50425,1.50443,1.00,2.13
2013.12.10 13:21:04.763,1.50421,1.50443,1.53,2.13
2013.12.10 13:21:04.864,1.5042,1.50439,1.88,2.13
2013.12.10 13:21:05.071,1.5042,1.50439,1.20,1.13
2013.12.10 13:21:05.180,1.50421,1.50439,1.15,1.13
2013.12.10 13:21:05.434,1.50418,1.50439,3.75,1.13
2013.12.10 13:21:05.637,1.5042,1.50439,2.70,1.38
2013.12.10 13:21:05.738,1.50419,1.50439,1.65,1.38
2013.12.10 13:21:05.840,1.50419,1.50439,1.15,1.00
2013.12.10 13:21:06.210,1.50417,1.50438,1.50,1.88
2013.12.10 13:21:06.316,1.50419,1.50438,1.00,1.13
2013.12.10 13:21:06.418,1.50422,1.50438,1.00,1.38
2013.12.10 13:21:06.721,1.50427,1.50443,1.00,2.70
2013.12.10 13:21:06.879,1.50427,1.50443,1.00,2.70
2013.12.10 13:21:06.930,1.50425,1.50443,1.00,2.96
2013.12.10 13:21:06.981,1.50425,1.50443,1.00,2.96
2013.12.10 13:21:07.756,1.50425,1.50443,1.00,1.38
2013.12.10 13:21:07.858,1.50425,1.50443,1.00,1.38
2013.12.10 13:21:08.221,1.50432,1.50444,1.00,1.05
2013.12.10 13:21:08.323,1.50428,1.50444,1.50,1.38
2013.12.10 13:21:08.424,1.50428,1.50444,1.00,1.38
2013.12.10 13:21:08.475,1.50425,1.50444,1.08,1.88
2013.12.10 13:21:08.526,1.50428,1.50444,1.00,1.88
2013.12.10 13:21:08.627,1.50425,1.50444,1.10,1.38
2013.12.10 13:21:09.185,1.50423,1.50444,1.08,1.38
2013.12.10 13:21:09.236,1.50423,1.50442,1.00,2.81
2013.12.10 13:21:09.634,1.50423,1.50442,1.00,3.56
2013.12.10 13:21:09.735,1.50421,1.5044,1.00,1.38
2013.12.10 13:21:10.264,1.50421,1.50439,1.00,2.88
2013.12.10 13:21:10.480,1.50421,1.50437,1.00,2.13
2013.12.10 13:21:11.000,1.50422,1.50437,1.00,1.00
2013.12.10 13:21:11.101,1.5042,1.50437,1.00,1.00
2013.12.10 13:21:11.635,1.5042,1.50437,1.00,1.38
2013.12.10 13:21:11.686,1.50422,1.50438,1.00,1.38
2013.12.10 13:21:12.193,1.50422,1.50438,1.00,1.38
2013.12.10 13:21:12.708,1.50422,1.5044,1.00,2.48
2013.12.10 13:21:12.911,1.50424,1.5044,1.00,1.13
2013.12.10 13:21:13.215,1.50425,1.50442,1.10,1.50
2013.12.10 13:21:13.316,1.50426,1.50444,1.00,1.75
2013.12.10 13:21:13.531,1.50426,1.50444,1.00,2.50
2013.12.10 13:21:13.874,1.50422,1.50443,2.63,2.50
2013.12.10 13:21:14.077,1.50426,1.50443,1.00,2.25
2013.12.10 13:21:14.420,1.50426,1.50443,1.00,1.88
2013.12.10 13:21:14.523,1.50423,1.50443,1.55,1.00
2013.12.10 13:21:14.850,1.50428,1.50446,1.38,1.95
2013.12.10 13:21:15.494,1.50428,1.50446,1.38,1.00
2013.12.10 13:21:15.961,1.50432,1.50449,1.38,2.63
2013.12.10 13:21:16.332,1.50433,1.50451,1.20,1.88
2013.12.10 13:21:16.383,1.50433,1.50451,1.28,1.88
2013.12.10 13:21:16.862,1.50431,1.50451,1.55,1.50
2013.12.10 13:21:17.394,1.50434,1.5045,1.00,2.13
2013.12.10 13:21:17.575,1.50434,1.5045,1.38,2.13
2013.12.10 13:21:17.880,1.50437,1.50446,1.00,1.00
2013.12.10 13:21:17.931,1.5043,1.50445,1.58,2.13
2013.12.10 13:21:18.033,1.50428,1.50445,1.38,2.13
2013.12.10 13:21:18.388,1.50428,1.50444,1.00,3.38
2013.12.10 13:21:18.652,1.50424,1.5044,1.00,2.65
2013.12.10 13:21:18.703,1.50416,1.50437,1.88,2.50
2013.12.10 13:21:21.243,1.50416,1.50435,1.73,2.65
2013.12.10 13:21:21.458,1.50413,1.50431,1.38,2.13
2013.12.10 13:21:21.509,1.5041,1.50431,1.55,2.13
2013.12.10 13:21:21.813,1.5041,1.50425,1.00,2.50
2013.12.10 13:21:22.117,1.5041,1.50425,1.00,1.13
2013.12.10 13:21:22.344,1.5041,1.50425,1.00,2.65
2013.12.10 13:21:22.708,1.50404,1.50423,1.38,2.13
2013.12.10 13:21:23.729,1.50403,1.50423,1.53,2.63
2013.12.10 13:21:23.830,1.50402,1.50422,1.50,2.50
2013.12.10 13:21:24.083,1.50401,1.50419,1.48,2.13
2013.12.10 13:21:24.204,1.50401,1.50419,1.48,2.13
2013.12.10 13:21:24.407,1.50396,1.50416,2.18,3.25
2013.12.10 13:21:24.710,1.50403,1.50419,1.00,1.50
2013.12.10 13:21:25.014,1.50405,1.5042,1.00,1.38
2013.12.10 13:21:25.115,1.50405,1.50421,1.00,1.38
2013.12.10 13:21:25.217,1.50405,1.50421,1.00,1.38
2013.12.10 13:21:25.523,1.50405,1.50421,1.00,1.38
2013.12.10 13:21:25.829,1.50407,1.50421,1.00,1.38
2013.12.10 13:21:26.332,1.50407,1.50424,1.00,1.88
2013.12.10 13:21:26.638,1.50407,1.50424,1.00,1.88
2013.12.10 13:21:26.739,1.50404,1.50424,1.10,1.38
2013.12.10 13:21:26.841,1.50403,1.50424,1.08,2.58
2013.12.10 13:21:26.950,1.50403,1.50424,3.75,1.38
2013.12.10 13:21:27.006,1.50403,1.50424,1.00,1.38
2013.12.10 13:21:27.108,1.50403,1.50424,1.18,1.38
2013.12.10 13:21:27.633,1.50404,1.50424,1.58,1.48
2013.12.10 13:21:28.172,1.50402,1.50424,1.58,1.38
2013.12.10 13:21:28.223,1.50402,1.50424,1.50,1.38
2013.12.10 13:21:28.325,1.50404,1.50426,1.00,2.70
2013.12.10 13:21:28.868,1.50404,1.50426,1.10,1.38
2013.12.10 13:21:28.970,1.50405,1.50426,1.00,2.03
2013.12.10 13:21:29.021,1.50408,1.50426,1.00,1.38
2013.12.10 13:21:29.223,1.50405,1.50426,1.00,1.28
2013.12.10 13:21:29.611,1.50405,1.50426,1.88,3.08
2013.12.10 13:21:29.965,1.50408,1.50427,1.00,1.53
2013.12.10 13:21:30.066,1.50408,1.50427,1.00,1.88
2013.12.10 13:21:30.168,1.50408,1.50427,1.00,1.88
2013.12.10 13:21:30.479,1.50408,1.50427,1.10,1.98
2013.12.10 13:21:30.936,1.50408,1.50423,1.10,1.00
2013.12.10 13:21:31.143,1.50408,1.50423,1.00,1.38
2013.12.10 13:21:31.716,1.5041,1.50426,1.00,1.88
2013.12.10 13:21:32.252,1.5041,1.50426,1.00,1.88
2013.12.10 13:21:32.869,1.5041,1.50426,1.00,1.88
2013.12.10 13:21:33.173,1.50407,1.50426,1.50,1.48
2013.12.10 13:21:33.701,1.50408,1.50426,1.00,1.48
2013.12.10 13:21:34.207,1.50407,1.50426,1.00,2.88
2013.12.10 13:21:34.713,1.5041,1.50426,1.00,1.38
2013.12.10 13:21:35.200,1.5041,1.50427,1.00,2.10
2013.12.10 13:21:35.783,1.50411,1.50427,1.00,2.10
2013.12.10 13:21:36.162,1.50411,1.50427,1.00,2.10
2013.12.10 13:21:36.793,1.5041,1.50427,1.00,2.10
2013.12.10 13:21:37.311,1.50411,1.50427,1.00,2.10
2013.12.10 13:21:37.988,1.50411,1.50427,1.00,2.03
2013.12.10 13:21:38.629,1.50409,1.50427,1.00,2.10
2013.12.10 13:21:39.209,1.50411,1.50427,1.00,2.86
2013.12.10 13:21:39.652,1.50405,1.50427,2.03,3.10
2013.12.10 13:21:39.703,1.50405,1.5042,1.18,1.00
2013.12.10 13:21:39.804,1.50404,1.5042,1.13,1.00
2013.12.10 13:21:39.906,1.50404,1.5042,1.13,1.13
2013.12.10 13:21:40.832,1.50407,1.5042,1.00,1.13
2013.12.10 13:21:42.300,1.50407,1.5042,1.00,1.00
2013.12.10 13:21:42.351,1.504,1.5042,1.95,1.00
2013.12.10 13:21:42.401,1.50399,1.50417,1.15,1.00
2013.12.10 13:21:42.604,1.50399,1.50417,1.50,1.00
2013.12.10 13:21:42.706,1.50404,1.50417,1.00,1.18
2013.12.10 13:21:43.243,1.50404,1.50417,1.50,1.00
2013.12.10 13:21:43.549,1.50402,1.50417,1.00,1.00
2013.12.10 13:21:46.449,1.50403,1.50417,1.00,1.13
2013.12.10 13:21:47.192,1.50407,1.50417,1.00,1.13
2013.12.10 13:21:47.762,1.50407,1.5042,1.00,1.38
2013.12.10 13:21:48.656,1.50404,1.50422,1.00,1.48
2013.12.10 13:21:49.210,1.50404,1.50422,1.00,2.98
2013.12.10 13:21:49.739,1.50402,1.50422,1.80,2.70
2013.12.10 13:21:50.039,1.50408,1.50422,1.00,2.70
2013.12.10 13:21:50.594,1.50408,1.50423,1.00,1.53
2013.12.10 13:21:51.192,1.50407,1.50424,1.00,1.65
2013.12.10 13:21:51.724,1.50408,1.50424,1.13,1.50
2013.12.10 13:21:53.120,1.50408,1.50424,1.00,1.58
2013.12.10 13:21:53.271,1.50406,1.50424,1.13,1.58
2013.12.10 13:21:54.661,1.50405,1.50424,1.00,1.58
2013.12.10 13:21:54.915,1.50404,1.50424,1.38,1.10
2013.12.10 13:21:55.017,1.50408,1.50425,1.00,2.33
2013.12.10 13:21:55.603,1.50408,1.50425,1.00,1.85
2013.12.10 13:21:55.931,1.50408,1.50425,1.00,2.66
2013.12.10 13:21:55.982,1.50405,1.50425,1.13,2.66
2013.12.10 13:21:56.033,1.50405,1.50424,1.00,2.96
2013.12.10 13:21:56.185,1.50407,1.50425,1.13,1.95
2013.12.10 13:21:56.727,1.50407,1.50425,1.88,1.00
2013.12.10 13:21:58.951,1.50407,1.50425,1.88,1.58
2013.12.10 13:21:59.916,1.50407,1.50425,1.38,1.20
2013.12.10 13:22:00.207,1.50406,1.50425,1.30,1.00
2013.12.10 13:22:01.036,1.50403,1.50425,1.48,2.20
2013.12.10 13:22:01.087,1.50403,1.50423,1.48,2.63
2013.12.10 13:22:01.138,1.50398,1.50421,2.18,2.28
2013.12.10 13:22:01.189,1.50398,1.5042,2.18,2.28
2013.12.10 13:22:01.290,1.504,1.5042,1.30,2.78
2013.12.10 13:22:01.849,1.50398,1.50416,1.38,2.13
2013.12.10 13:22:04.339,1.504,1.50418,1.13,2.78
2013.12.10 13:22:05.945,1.504,1.50418,1.13,2.70
2013.12.10 13:22:07.842,1.504,1.50418,1.13,2.70
2013.12.10 13:22:08.644,1.50399,1.50418,1.38,2.13
2013.12.10 13:22:08.998,1.50399,1.50418,1.38,1.00
2013.12.10 13:22:09.674,1.50399,1.50418,1.30,1.00
2013.12.10 13:22:10.997,1.504,1.50418,1.38,1.00
2013.12.10 13:22:11.498,1.504,1.50418,1.73,1.00
2013.12.10 13:22:12.359,1.504,1.50418,1.73,2.13
2013.12.10 13:22:13.918,1.50403,1.50418,1.38,1.50
2013.12.10 13:22:14.221,1.50403,1.50419,1.38,1.58
2013.12.10 13:22:14.323,1.50403,1.50419,1.38,1.95
2013.12.10 13:22:14.853,1.50403,1.50419,1.38,1.95
2013.12.10 13:22:15.387,1.50401,1.50419,1.38,1.48
2013.12.10 13:22:15.912,1.50396,1.50416,1.88,2.65
2013.12.10 13:22:16.013,1.50395,1.50414,1.38,3.36
2013.12.10 13:22:16.064,1.50395,1.50414,1.38,3.36
2013.12.10 13:22:16.216,1.50395,1.50414,1.38,1.18
2013.12.10 13:22:16.523,1.50395,1.50411,1.38,2.20
2013.12.10 13:22:17.035,1.50399,1.50415,1.00,2.33
2013.12.10 13:22:18.102,1.50406,1.50415,1.00,1.55
2013.12.10 13:22:18.203,1.50406,1.50416,1.00,1.00
2013.12.10 13:22:18.658,1.50406,1.5042,1.13,1.00
2013.12.10 13:22:19.215,1.50407,1.5042,1.00,1.00
2013.12.10 13:22:19.468,1.50407,1.5042,1.00,1.00
2013.12.10 13:22:19.670,1.50405,1.5042,1.13,1.10
2013.12.10 13:22:19.873,1.50408,1.5042,1.00,1.13
2013.12.10 13:22:19.974,1.50409,1.50424,1.00,1.58
2013.12.10 13:22:20.176,1.50407,1.50424,1.13,2.58
2013.12.10 13:22:20.586,1.50407,1.50424,1.00,2.58
2013.12.10 13:22:21.212,1.50406,1.50424,1.13,3.45
2013.12.10 13:22:21.263,1.50406,1.50423,1.00,4.96
2013.12.10 13:22:21.364,1.50406,1.50423,1.00,1.88
2013.12.10 13:22:21.896,1.50406,1.50423,1.00,3.08
2013.12.10 13:22:22.418,1.50406,1.50423,1.00,3.33
2013.12.10 13:22:22.931,1.50405,1.50423,1.00,5.58
2013.12.10 13:22:22.983,1.50408,1.50423,1.00,4.91
2013.12.10 13:22:23.387,1.5041,1.50423,1.00,3.83
2013.12.10 13:22:23.892,1.5041,1.50426,1.38,1.28
2013.12.10 13:22:24.321,1.5041,1.50428,1.38,1.95
2013.12.10 13:22:24.384,1.5041,1.50428,1.38,1.95
2013.12.10 13:22:28.080,1.50412,1.50428,1.00,1.55
2013.12.10 13:22:28.131,1.50412,1.50428,1.38,1.18
2013.12.10 13:22:28.283,1.50412,1.50429,1.88,1.00
2013.12.10 13:22:28.421,1.50412,1.50429,1.88,1.10
2013.12.10 13:22:29.075,1.50412,1.50429,1.00,1.28
2013.12.10 13:22:29.226,1.50414,1.50431,1.00,1.55
2013.12.10 13:22:29.659,1.50414,1.50431,1.38,1.28
2013.12.10 13:22:30.647,1.50414,1.50431,1.38,1.00
2013.12.10 13:22:31.621,1.50415,1.50432,1.38,1.10
2013.12.10 13:22:32.148,1.50415,1.50434,2.33,1.75
2013.12.10 13:22:32.700,1.50416,1.50434,1.00,1.13
2013.12.10 13:22:33.086,1.50414,1.50434,2.63,1.13
2013.12.10 13:22:33.138,1.50414,1.50434,2.25,1.38
2013.12.10 13:22:33.442,1.50416,1.50432,1.00,2.88
2013.12.10 13:22:33.764,1.50416,1.50432,1.00,2.88
2013.12.10 13:22:33.815,1.50416,1.50432,1.00,2.88
2013.12.10 13:22:36.933,1.50414,1.50424,1.00,3.38
2013.12.10 13:22:36.984,1.50414,1.50424,1.50,3.38
2013.12.10 13:22:37.035,1.50411,1.50418,1.00,3.00
2013.12.10 13:22:37.087,1.50401,1.50413,1.88,2.10
2013.12.10 13:22:37.138,1.50399,1.50411,1.00,3.68
2013.12.10 13:22:37.240,1.50393,1.50407,1.38,3.23
2013.12.10 13:22:37.341,1.50389,1.50405,1.00,3.30
2013.12.10 13:22:37.392,1.50389,1.50402,1.00,2.70
2013.12.10 13:22:37.544,1.50382,1.50398,1.13,2.80
2013.12.10 13:22:37.645,1.5038,1.50395,1.38,3.48
2013.12.10 13:22:37.948,1.50378,1.50388,1.38,1.00
2013.12.10 13:22:38.274,1.50367,1.50388,1.00,3.58
2013.12.10 13:22:38.606,1.5037,1.50388,1.00,4.33
2013.12.10 13:22:38.657,1.50368,1.50385,1.00,3.86
2013.12.10 13:22:38.761,1.50368,1.50383,1.00,3.31
2013.12.10 13:22:38.812,1.50373,1.50383,1.00,3.31
2013.12.10 13:22:39.115,1.50368,1.50385,1.38,1.55
2013.12.10 13:22:39.590,1.50368,1.50385,2.03,1.38
2013.12.10 13:22:39.843,1.50366,1.50385,1.08,2.73
2013.12.10 13:22:40.379,1.50366,1.50385,1.00,2.73
2013.12.10 13:22:40.484,1.50376,1.50385,1.00,1.00
2013.12.10 13:22:40.536,1.50377,1.50385,1.00,1.00
2013.12.10 13:22:40.587,1.50377,1.50389,1.00,2.33
2013.12.10 13:22:40.638,1.50377,1.50389,1.00,1.50
2013.12.10 13:22:40.791,1.50377,1.50389,1.00,1.38
2013.12.10 13:22:41.045,1.50377,1.50389,1.00,1.00
2013.12.10 13:22:41.096,1.50377,1.50392,1.00,1.38
2013.12.10 13:22:41.148,1.50382,1.50392,1.00,1.38
2013.12.10 13:22:41.301,1.50382,1.50393,1.00,1.38
2013.12.10 13:22:41.403,1.50382,1.50393,1.00,1.00
2013.12.10 13:22:41.504,1.50382,1.50393,1.58,1.00
2013.12.10 13:22:41.674,1.50382,1.50397,1.58,1.38
2013.12.10 13:22:42.138,1.5038,1.50398,1.28,2.63
2013.12.10 13:22:42.685,1.5038,1.50398,1.18,2.88
2013.12.10 13:22:42.837,1.5038,1.50398,1.00,2.63
2013.12.10 13:22:43.458,1.5038,1.50398,1.00,2.63
2013.12.10 13:22:44.127,1.5038,1.50398,1.08,2.63
2013.12.10 13:22:44.498,1.5038,1.50398,1.58,1.50
2013.12.10 13:22:44.801,1.50383,1.50398,1.00,1.38
2013.12.10 13:22:45.307,1.50382,1.50398,1.00,1.38
2013.12.10 13:22:45.874,1.50379,1.50395,1.00,2.26
2013.12.10 13:22:45.975,1.50376,1.50392,1.00,2.91
2013.12.10 13:22:46.178,1.50376,1.50392,1.00,2.98
2013.12.10 13:22:46.229,1.50371,1.50387,1.00,2.33
2013.12.10 13:22:46.280,1.50369,1.50387,1.00,4.08
2013.12.10 13:22:46.533,1.50367,1.50386,1.00,3.68
2013.12.10 13:22:46.858,1.5037,1.50386,1.00,3.38
2013.12.10 13:22:47.314,1.50371,1.50387,1.00,1.13
2013.12.10 13:22:47.830,1.5037,1.50387,1.00,1.13
2013.12.10 13:22:48.948,1.50371,1.50387,1.00,1.20
2013.12.10 13:22:49.158,1.50371,1.50387,1.00,1.20
2013.12.10 13:22:49.590,1.50368,1.50386,1.10,2.51
2013.12.10 13:22:49.641,1.50368,1.50383,1.00,1.00
2013.12.10 13:22:50.148,1.50367,1.50381,1.00,3.01
2013.12.10 13:22:51.581,1.50371,1.50381,1.00,2.63
2013.12.10 13:22:51.733,1.50371,1.50383,1.00,1.38
2013.12.10 13:22:51.935,1.50371,1.50383,1.00,1.00
2013.12.10 13:22:52.299,1.50371,1.50385,1.50,1.00
2013.12.10 13:22:52.350,1.50376,1.50385,1.00,1.00
2013.12.10 13:22:52.887,1.50374,1.50385,1.00,1.00
2013.12.10 13:22:53.140,1.5038,1.50391,1.00,1.18
2013.12.10 13:22:53.241,1.5038,1.50392,1.00,1.00
2013.12.10 13:22:53.890,1.5038,1.50393,1.00,1.00
2013.12.10 13:22:53.992,1.5038,1.50396,1.00,1.88
2013.12.10 13:22:54.358,1.5038,1.50396,1.38,1.13
2013.12.10 13:22:54.906,1.50381,1.50396,1.13,1.13
2013.12.10 13:22:55.219,1.50383,1.50396,1.00,1.13
2013.12.10 13:22:56.205,1.50382,1.50396,1.00,1.00
2013.12.10 13:22:56.509,1.50379,1.50393,1.00,4.13
2013.12.10 13:22:56.560,1.50376,1.50393,1.00,5.26
2013.12.10 13:22:56.813,1.50376,1.5039,1.00,2.50
2013.12.10 13:22:56.864,1.50371,1.50388,1.20,2.51
2013.12.10 13:22:57.169,1.50371,1.50388,1.00,4.08
2013.12.10 13:22:57.220,1.50369,1.50386,1.00,2.66
2013.12.10 13:22:57.272,1.50369,1.50386,1.00,3.78
2013.12.10 13:22:57.489,1.50369,1.50385,1.00,3.03
2013.12.10 13:22:58.094,1.50373,1.50385,1.00,3.03
2013.12.10 13:22:58.599,1.50373,1.50385,1.00,1.20
2013.12.10 13:22:59.073,1.50376,1.50386,1.00,1.50
2013.12.10 13:23:01.060,1.50376,1.50388,1.00,1.38
2013.12.10 13:23:01.111,1.50376,1.50388,1.00,1.00
2013.12.10 13:23:01.162,1.50378,1.50388,1.00,1.00
2013.12.10 13:23:01.263,1.50378,1.50395,1.00,3.08
2013.12.10 13:23:01.314,1.50378,1.50395,1.00,3.38
2013.12.10 13:23:01.365,1.50376,1.50393,1.10,2.63
2013.12.10 13:23:01.466,1.50373,1.50393,1.48,3.45
2013.12.10 13:23:01.872,1.50373,1.50389,1.10,2.51
2013.12.10 13:23:02.274,1.50371,1.50388,1.00,2.88
2013.12.10 13:23:02.627,1.50367,1.50384,1.45,2.13
2013.12.10 13:23:03.214,1.50367,1.50384,1.45,2.13
2013.12.10 13:23:03.752,1.50369,1.50384,1.00,1.00
2013.12.10 13:23:04.285,1.50368,1.50384,1.55,2.13
2013.12.10 13:23:04.696,1.5037,1.50384,1.50,1.00
2013.12.10 13:23:04.899,1.50371,1.50385,1.00,1.50
2013.12.10 13:23:05.416,1.50371,1.50385,1.30,1.50
2013.12.10 13:23:05.900,1.50374,1.50387,1.00,1.38
2013.12.10 13:23:06.230,1.50376,1.50387,1.00,1.48
2013.12.10 13:23:06.383,1.50376,1.50389,1.00,1.18
2013.12.10 13:23:06.484,1.50375,1.50391,1.88,1.20
2013.12.10 13:23:06.535,1.50375,1.50391,1.88,1.13
2013.12.10 13:23:06.687,1.50381,1.50396,1.00,1.75
2013.12.10 13:23:06.738,1.50381,1.50398,1.00,1.38
2013.12.10 13:23:06.890,1.50386,1.50398,1.00,1.83
2013.12.10 13:23:06.991,1.50386,1.50399,1.00,1.20
2013.12.10 13:23:07.092,1.50379,1.50399,1.00,2.60
2013.12.10 13:23:07.143,1.50379,1.50399,1.00,1.75
2013.12.10 13:23:07.195,1.50375,1.50397,1.15,1.13
2013.12.10 13:23:07.448,1.50373,1.50393,1.00,2.28
2013.12.10 13:23:07.664,1.50377,1.50393,1.00,2.33
2013.12.10 13:23:08.181,1.50377,1.50393,1.00,1.13
2013.12.10 13:23:08.521,1.50374,1.50393,1.10,2.13
2013.12.10 13:23:09.209,1.50372,1.50393,1.10,1.00
2013.12.10 13:23:09.809,1.50369,1.50387,1.13,1.00
2013.12.10 13:23:09.860,1.50367,1.50387,1.38,1.00
2013.12.10 13:23:09.911,1.50367,1.50387,2.25,1.00
2013.12.10 13:23:09.962,1.50367,1.50387,1.88,1.00
2013.12.10 13:23:10.216,1.50367,1.50386,1.13,2.13
2013.12.10 13:23:10.623,1.50368,1.50385,1.13,1.00
2013.12.10 13:23:12.218,1.50367,1.50385,1.00,2.95
2013.12.10 13:23:12.849,1.50367,1.50384,1.08,2.88
2013.12.10 13:23:12.950,1.50367,1.50384,1.08,1.00
2013.12.10 13:23:13.001,1.50367,1.50384,1.00,1.00
2013.12.10 13:23:13.521,1.50364,1.50384,1.38,1.00
2013.12.10 13:23:13.623,1.50366,1.50384,1.13,2.20
2013.12.10 13:23:14.325,1.50368,1.50384,1.00,1.48
2013.12.10 13:23:14.738,1.50369,1.50385,1.00,1.00
2013.12.10 13:23:16.635,1.5037,1.50386,1.00,1.68
2013.12.10 13:23:16.861,1.50369,1.50387,1.13,1.00
2013.12.10 13:23:16.962,1.5037,1.50388,1.08,1.20
2013.12.10 13:23:17.265,1.5037,1.50388,1.00,1.88
2013.12.10 13:23:17.823,1.50372,1.50388,1.00,1.00
2013.12.10 13:23:18.452,1.50372,1.50389,1.65,1.00
2013.12.10 13:23:18.643,1.50373,1.50391,1.10,2.48
2013.12.10 13:23:18.980,1.50377,1.50393,1.00,1.38
2013.12.10 13:23:19.031,1.50377,1.50393,1.00,1.00
2013.12.10 13:23:19.385,1.50379,1.50395,1.08,1.38
2013.12.10 13:23:19.718,1.50376,1.50395,1.50,1.95
2013.12.10 13:23:19.768,1.50372,1.50389,1.00,2.13
2013.12.10 13:23:19.819,1.5037,1.50389,1.58,2.88
2013.12.10 13:23:20.815,1.50374,1.50388,1.00,2.35
2013.12.10 13:23:20.866,1.50374,1.50388,1.00,1.35
2013.12.10 13:23:21.020,1.50375,1.50393,1.58,1.88
2013.12.10 13:23:21.071,1.50375,1.50393,1.58,1.00
2013.12.10 13:23:21.223,1.50375,1.50393,3.75,1.00
2013.12.10 13:23:21.375,1.50377,1.50393,1.20,1.00
2013.12.10 13:23:21.780,1.50377,1.50395,1.00,1.00
2013.12.10 13:23:21.831,1.50377,1.50395,1.50,1.00
2013.12.10 13:23:22.033,1.50378,1.50395,1.00,1.00
2013.12.10 13:23:22.084,1.50375,1.50395,1.00,1.00
2013.12.10 13:23:22.388,1.50374,1.50395,1.08,2.58
2013.12.10 13:23:22.868,1.50374,1.50394,1.00,3.38
2013.12.10 13:23:23.020,1.50375,1.50394,1.00,1.00
2013.12.10 13:23:24.199,1.50375,1.50394,1.08,1.00
2013.12.10 13:23:24.300,1.50376,1.50397,1.58,1.88
2013.12.10 13:23:25.068,1.50378,1.50397,1.50,1.30
2013.12.10 13:23:25.371,1.50381,1.50397,1.00,1.05
2013.12.10 13:23:25.624,1.50381,1.50399,1.00,1.40
2013.12.10 13:23:25.725,1.50383,1.504,1.00,1.95
2013.12.10 13:23:25.927,1.50379,1.504,1.18,3.33
2013.12.10 13:23:26.180,1.50379,1.50396,1.10,2.88
2013.12.10 13:23:26.332,1.50372,1.50392,1.00,3.15
2013.12.10 13:23:26.645,1.50372,1.50392,1.50,1.58
2013.12.10 13:23:26.696,1.50376,1.50392,1.00,1.95
2013.12.10 13:23:26.747,1.50376,1.50392,1.00,1.20
2013.12.10 13:23:27.729,1.50375,1.50394,1.15,1.00
2013.12.10 13:23:28.263,1.50375,1.50394,1.10,1.00
2013.12.10 13:23:28.364,1.50375,1.50394,1.10,2.48
2013.12.10 13:23:28.516,1.50367,1.50383,1.13,3.33
2013.12.10 13:23:28.635,1.50369,1.50383,1.00,2.20
2013.12.10 13:23:28.737,1.50369,1.50384,1.00,3.00
2013.12.10 13:23:28.838,1.50369,1.50385,1.00,1.88
2013.12.10 13:23:29.323,1.5037,1.50385,1.00,1.00
2013.12.10 13:23:29.627,1.50368,1.50385,1.00,1.00
2013.12.10 13:23:32.225,1.50367,1.50385,1.20,1.00
2013.12.10 13:23:32.563,1.50372,1.50385,1.00,1.00
2013.12.10 13:23:32.794,1.5037,1.50385,1.00,1.00
2013.12.10 13:23:32.947,1.5037,1.50385,1.18,1.00
2013.12.10 13:23:33.048,1.5037,1.50385,1.58,1.00
2013.12.10 13:23:33.438,1.5037,1.50385,1.00,1.00
2013.12.10 13:23:33.910,1.5037,1.50388,1.00,1.00
2013.12.10 13:23:34.012,1.50373,1.50389,1.00,1.00
2013.12.10 13:23:34.553,1.50371,1.50389,1.15,1.00
2013.12.10 13:23:34.885,1.50371,1.50389,1.58,1.00
2013.12.10 13:23:35.637,1.5037,1.50389,2.33,1.38
2013.12.10 13:23:35.840,1.50368,1.50389,2.70,1.88
2013.12.10 13:23:38.404,1.50368,1.50385,1.50,3.11
2013.12.10 13:23:38.455,1.50366,1.50385,1.10,3.11
2013.12.10 13:23:38.506,1.50366,1.50383,1.18,2.26
2013.12.10 13:23:38.719,1.50366,1.50383,1.08,1.38
2013.12.10 13:23:38.771,1.50363,1.50383,1.20,1.88
2013.12.10 13:23:38.823,1.50363,1.50383,1.88,1.50
2013.12.10 13:23:38.874,1.50366,1.50383,1.28,1.00
2013.12.10 13:23:39.077,1.50364,1.50383,1.18,1.50
2013.12.10 13:23:39.128,1.50364,1.50383,1.55,1.50
2013.12.10 13:23:39.179,1.50367,1.50383,1.00,1.88
2013.12.10 13:23:39.280,1.50367,1.50383,1.10,2.26
2013.12.10 13:23:39.482,1.50364,1.50383,2.63,1.50
2013.12.10 13:23:39.634,1.50366,1.50383,1.58,1.13
2013.12.10 13:23:39.866,1.50366,1.50382,1.20,2.51
2013.12.10 13:23:40.386,1.50365,1.50382,1.00,1.50
2013.12.10 13:23:40.487,1.50365,1.50381,1.88,2.13
2013.12.10 13:23:40.538,1.50368,1.50381,1.00,2.13
2013.12.10 13:23:41.095,1.50371,1.50383,1.00,1.13
2013.12.10 13:23:41.399,1.50374,1.5039,1.00,1.85
2013.12.10 13:23:41.450,1.50374,1.5039,1.00,1.85
2013.12.10 13:23:41.551,1.50374,1.5039,1.50,1.13
2013.12.10 13:23:41.854,1.50385,1.50396,1.15,1.00
2013.12.10 13:23:41.956,1.50385,1.50396,1.10,1.38
2013.12.10 13:23:42.057,1.50385,1.50399,1.10,1.00
2013.12.10 13:23:42.109,1.50385,1.50399,1.10,2.10
2013.12.10 13:23:42.311,1.5038,1.50397,1.00,2.73
2013.12.10 13:23:42.413,1.5038,1.50397,1.00,1.73
2013.12.10 13:23:42.938,1.5038,1.50397,1.13,1.00
2013.12.10 13:23:44.364,1.50379,1.50397,1.13,1.13
2013.12.10 13:23:44.466,1.50379,1.50397,1.00,1.38
2013.12.10 13:23:45.026,1.50378,1.50397,1.10,1.38
2013.12.10 13:23:46.118,1.5038,1.50397,1.00,1.38
2013.12.10 13:23:46.904,1.50378,1.50397,1.10,1.38
2013.12.10 13:23:47.309,1.50378,1.50397,1.08,1.38
2013.12.10 13:23:48.349,1.50378,1.50396,1.18,2.13
2013.12.10 13:23:48.656,1.50378,1.50396,1.18,1.38
2013.12.10 13:23:49.314,1.5038,1.50396,1.10,1.13
2013.12.10 13:23:49.517,1.50376,1.50394,1.45,2.48
2013.12.10 13:23:49.668,1.50376,1.50394,1.00,1.73
2013.12.10 13:23:49.972,1.50372,1.5039,1.08,2.13
2013.12.10 13:23:50.023,1.50372,1.5039,1.00,2.20
2013.12.10 13:23:50.124,1.50374,1.5039,1.00,1.48
2013.12.10 13:23:50.439,1.50374,1.5039,1.00,1.38
2013.12.10 13:23:52.046,1.50375,1.50393,1.00,1.48
2013.12.10 13:23:52.792,1.50375,1.50393,1.00,1.38
2013.12.10 13:23:53.624,1.50378,1.50393,1.00,1.13
2013.12.10 13:23:54.035,1.50375,1.50393,1.00,1.00
2013.12.10 13:23:54.649,1.50375,1.50393,1.00,1.38
2013.12.10 13:23:55.235,1.50375,1.50393,1.08,1.38
2013.12.10 13:23:56.364,1.50375,1.50393,1.28,1.38
2013.12.10 13:24:00.048,1.50375,1.50393,1.55,1.00
2013.12.10 13:24:01.094,1.50375,1.50393,1.48,1.00
2013.12.10 13:24:01.195,1.50375,1.50393,1.48,1.13
2013.12.10 13:24:02.597,1.50377,1.50393,1.38,1.00
2013.12.10 13:24:02.715,1.50381,1.50397,1.10,1.00
2013.12.10 13:24:02.766,1.50384,1.50398,1.00,1.13
2013.12.10 13:24:02.969,1.50386,1.50402,1.10,1.50
2013.12.10 13:24:03.071,1.50384,1.50402,1.20,1.50
2013.12.10 13:24:03.172,1.50389,1.50405,1.13,1.75
2013.12.10 13:24:03.570,1.50387,1.50405,1.95,1.13
2013.12.10 13:24:03.722,1.5039,1.50408,1.00,1.95
2013.12.10 13:24:03.824,1.5039,1.50408,1.00,1.13
2013.12.10 13:24:03.876,1.50398,1.50411,1.00,1.20
2013.12.10 13:24:03.927,1.50398,1.50414,1.38,1.58
2013.12.10 13:24:04.029,1.50398,1.50414,1.38,1.00
2013.12.10 13:24:04.558,1.50399,1.50415,1.13,1.13
2013.12.10 13:24:05.274,1.504,1.50416,1.00,1.55
2013.12.10 13:24:05.326,1.50407,1.50417,2.10,1.90
2013.12.10 13:24:05.630,1.50417,1.50421,1.00,1.00
2013.12.10 13:24:05.681,1.50411,1.50421,1.20,1.00
2013.12.10 13:24:06.135,1.50415,1.50431,1.38,1.35
2013.12.10 13:24:06.186,1.5042,1.50435,1.00,2.33
2013.12.10 13:24:06.237,1.5042,1.50435,1.38,2.33
2013.12.10 13:24:06.389,1.50424,1.50435,1.00,1.00
2013.12.10 13:24:06.440,1.50424,1.50435,1.38,1.00
2013.12.10 13:24:06.491,1.50426,1.50441,1.13,1.00
2013.12.10 13:24:06.592,1.50426,1.50444,1.13,1.13
2013.12.10 13:24:06.693,1.50426,1.50444,1.55,1.00
2013.12.10 13:24:07.800,1.50425,1.50444,1.20,2.13
2013.12.10 13:24:07.850,1.50423,1.50444,1.95,2.13
2013.12.10 13:24:07.901,1.50427,1.50444,1.00,1.00
2013.12.10 13:24:08.786,1.50434,1.50444,1.00,1.00
2013.12.10 13:24:08.989,1.50433,1.50447,1.88,1.00
2013.12.10 13:24:09.040,1.50439,1.5045,1.00,2.03
2013.12.10 13:24:09.091,1.50439,1.5045,1.10,1.88
2013.12.10 13:24:09.293,1.50439,1.50453,1.00,1.50
2013.12.10 13:24:09.344,1.5044,1.50456,1.50,2.03
2013.12.10 13:24:09.647,1.50437,1.50452,3.08,2.13
2013.12.10 13:24:09.749,1.50433,1.50452,2.63,2.20
2013.12.10 13:24:09.850,1.50434,1.50449,2.63,3.83
2013.12.10 13:24:09.952,1.50425,1.50444,2.70,2.88
2013.12.10 13:24:10.407,1.50422,1.50444,2.70,2.13
2013.12.10 13:24:10.509,1.50421,1.50443,1.58,2.28
2013.12.10 13:24:10.560,1.5042,1.5044,1.20,2.13
2013.12.10 13:24:10.863,1.50413,1.50434,1.38,2.58
2013.12.10 13:24:10.965,1.50409,1.5043,2.03,1.00
2013.12.10 13:24:11.017,1.50409,1.5043,2.03,1.00
2013.12.10 13:24:11.169,1.50409,1.5043,1.55,1.00
2013.12.10 13:24:11.840,1.50408,1.5043,1.95,1.00
2013.12.10 13:24:12.338,1.50409,1.50427,1.55,1.00
2013.12.10 13:24:12.431,1.50409,1.50427,1.55,1.00
2013.12.10 13:24:12.741,1.5041,1.50427,2.33,2.48
2013.12.10 13:24:12.796,1.50406,1.50425,2.63,2.26
2013.12.10 13:24:13.302,1.5041,1.50426,1.00,1.50
2013.12.10 13:24:13.746,1.50407,1.50425,3.00,1.00
2013.12.10 13:24:13.898,1.50405,1.50425,2.63,1.00
2013.12.10 13:24:13.949,1.50406,1.50425,1.53,1.13
2013.12.10 13:24:14.453,1.5041,1.50425,1.00,1.00
2013.12.10 13:24:14.858,1.5041,1.50427,1.10,1.35
2013.12.10 13:24:15.262,1.50413,1.50427,1.00,1.30
2013.12.10 13:24:15.616,1.50412,1.50427,1.48,1.00
2013.12.10 13:24:15.919,1.50416,1.50431,1.20,1.00
2013.12.10 13:24:16.433,1.50418,1.50432,1.00,1.00
2013.12.10 13:24:17.215,1.50416,1.50432,1.95,1.00
2013.12.10 13:24:17.569,1.50417,1.50436,1.28,1.38
2013.12.10 13:24:17.620,1.50417,1.50436,3.45,2.13
2013.12.10 13:24:17.773,1.50416,1.50435,1.58,2.13
2013.12.10 13:24:17.874,1.50417,1.50435,1.38,1.00
2013.12.10 13:24:18.177,1.50417,1.50434,1.08,2.13
2013.12.10 13:24:18.683,1.50417,1.50434,1.00,2.13
2013.12.10 13:24:19.216,1.50418,1.50434,1.00,1.00
2013.12.10 13:24:19.374,1.50416,1.50434,1.10,2.10
2013.12.10 13:24:19.576,1.50414,1.50432,1.58,2.35
2013.12.10 13:24:19.880,1.50421,1.50432,3.00,1.00
2013.12.10 13:24:20.133,1.50423,1.50437,1.50,1.00
2013.12.10 13:24:20.184,1.50423,1.50441,1.50,2.63
2013.12.10 13:24:20.286,1.50423,1.50441,1.50,1.38
2013.12.10 13:24:20.844,1.50422,1.50441,1.58,2.73
2013.12.10 13:24:21.718,1.50424,1.50441,1.08,1.38
2013.12.10 13:24:22.022,1.50424,1.50442,3.08,1.98
2013.12.10 13:24:22.835,1.50424,1.50442,2.33,1.98
2013.12.10 13:24:23.138,1.50421,1.50438,1.50,3.48
2013.12.10 13:24:23.667,1.50419,1.50434,2.33,2.35
2013.12.10 13:24:23.768,1.50414,1.5043,1.48,2.50
2013.12.10 13:24:23.921,1.50411,1.50429,1.48,3.10
2013.12.10 13:24:24.074,1.5041,1.50427,1.55,2.35
2013.12.10 13:24:24.176,1.50407,1.50426,1.88,4.35
2013.12.10 13:24:24.328,1.50407,1.50425,1.73,6.30
2013.12.10 13:24:24.430,1.50402,1.50423,2.03,2.73
2013.12.10 13:24:24.582,1.50402,1.50421,1.88,2.73
2013.12.10 13:24:24.886,1.50402,1.50419,1.00,2.88
2013.12.10 13:24:25.242,1.50401,1.50416,1.00,2.43
2013.12.10 13:24:25.343,1.50397,1.50416,1.00,3.18
2013.12.10 13:24:25.495,1.50399,1.50416,1.00,3.30
2013.12.10 13:24:25.653,1.50391,1.50411,1.55,3.00
2013.12.10 13:24:25.704,1.50389,1.50409,1.53,2.50
2013.12.10 13:24:25.755,1.50389,1.50408,1.53,2.50
2013.12.10 13:24:25.806,1.50389,1.50406,1.45,2.50
2013.12.10 13:24:26.110,1.50387,1.50405,1.38,2.95
2013.12.10 13:24:26.751,1.50387,1.50405,1.38,2.95
2013.12.10 13:24:27.397,1.50387,1.50405,1.30,2.95
2013.12.10 13:24:27.965,1.50385,1.50403,1.30,3.35
2013.12.10 13:24:28.168,1.50385,1.50401,1.30,3.08
2013.12.10 13:24:28.473,1.50384,1.50394,1.00,2.51
2013.12.10 13:24:28.626,1.50374,1.50391,1.13,2.50
2013.12.10 13:24:28.677,1.50372,1.50389,1.88,2.88
2013.12.10 13:24:28.997,1.50366,1.50384,1.38,2.13
2013.12.10 13:24:29.457,1.50359,1.50379,1.13,1.00
2013.12.10 13:24:29.863,1.50358,1.50375,1.13,2.61
2013.12.10 13:24:30.199,1.50359,1.50375,1.13,1.10
2013.12.10 13:24:30.456,1.50358,1.50374,1.00,2.13
2013.12.10 13:24:30.659,1.50353,1.50373,1.88,2.58
2013.12.10 13:24:31.193,1.50353,1.50373,1.38,2.95
2013.12.10 13:24:32.119,1.50352,1.50371,1.73,4.21
2013.12.10 13:24:32.422,1.50352,1.5037,1.73,3.25
2013.12.10 13:24:33.199,1.50352,1.50368,1.73,3.08
2013.12.10 13:24:33.577,1.50352,1.50368,1.73,2.50
2013.12.10 13:24:34.111,1.50352,1.50368,2.48,1.00
2013.12.10 13:24:34.340,1.50358,1.50368,1.00,1.00
2013.12.10 13:24:34.492,1.50358,1.50372,1.50,1.00
2013.12.10 13:24:34.846,1.50358,1.50374,1.50,1.00
2013.12.10 13:24:35.411,1.50361,1.50375,1.13,1.50
2013.12.10 13:24:35.628,1.50363,1.50378,1.00,1.10
2013.12.10 13:24:36.405,1.50363,1.50378,1.00,1.00
2013.12.10 13:24:37.514,1.50361,1.50378,1.50,1.00
2013.12.10 13:24:38.069,1.50361,1.50378,1.50,1.38
2013.12.10 13:24:38.120,1.50361,1.50375,1.00,2.20
2013.12.10 13:24:38.324,1.50357,1.50375,1.50,2.96
2013.12.10 13:24:38.375,1.50357,1.50375,1.50,2.95
2013.12.10 13:24:38.476,1.50357,1.50375,1.88,2.28
2013.12.10 13:24:38.578,1.50359,1.50376,1.13,1.38
2013.12.10 13:24:38.629,1.50362,1.50378,1.00,4.65
2013.12.10 13:24:38.687,1.50362,1.50378,1.00,4.65
2013.12.10 13:24:38.840,1.50365,1.50378,1.00,2.63
2013.12.10 13:24:39.296,1.50362,1.50379,1.10,1.00
2013.12.10 13:24:40.695,1.50362,1.50381,1.00,1.53
2013.12.10 13:24:40.995,1.50362,1.50381,1.00,1.53
2013.12.10 13:24:41.107,1.50362,1.50381,1.38,1.53
2013.12.10 13:24:41.680,1.50362,1.50381,1.38,1.88
2013.12.10 13:24:42.295,1.50362,1.50381,1.58,1.50
2013.12.10 13:24:43.237,1.50364,1.50382,1.38,1.50
2013.12.10 13:24:43.775,1.50364,1.50382,2.25,1.50
2013.12.10 13:24:44.167,1.50364,1.50382,2.25,1.15
2013.12.10 13:24:44.470,1.50369,1.50382,1.00,2.31
2013.12.10 13:24:45.375,1.50369,1.50382,1.00,2.20
2013.12.10 13:24:47.083,1.5037,1.50382,1.00,2.20
2013.12.10 13:24:47.202,1.50368,1.50382,1.00,1.95
2013.12.10 13:24:47.765,1.50368,1.50382,1.38,2.20
2013.12.10 13:24:48.337,1.50364,1.50382,1.38,1.65
2013.12.10 13:24:48.388,1.50363,1.50382,1.38,2.61
2013.12.10 13:24:48.489,1.50359,1.50378,1.00,4.58
2013.12.10 13:24:48.996,1.50358,1.50376,1.38,4.58
2013.12.10 13:24:49.524,1.50358,1.50374,1.38,2.40
2013.12.10 13:24:50.582,1.50358,1.50374,1.38,1.55
2013.12.10 13:24:53.097,1.50358,1.50375,1.38,1.53
2013.12.10 13:24:53.480,1.50361,1.50376,1.00,1.58
2013.12.10 13:24:53.683,1.50358,1.50376,1.38,1.95
2013.12.10 13:24:54.209,1.50358,1.50376,1.38,1.55
2013.12.10 13:24:55.377,1.50358,1.50376,1.38,2.03
2013.12.10 13:24:55.666,1.50358,1.50376,1.38,1.65
2013.12.10 13:24:55.767,1.50358,1.50376,1.38,3.25
2013.12.10 13:24:56.196,1.50355,1.50375,2.93,1.00
2013.12.10 13:24:56.297,1.50355,1.50374,2.93,3.35
2013.12.10 13:24:56.550,1.50357,1.50374,1.30,1.15
2013.12.10 13:24:56.855,1.50355,1.50374,1.30,2.03
2013.12.10 13:24:56.958,1.50354,1.50374,1.30,2.78
2013.12.10 13:24:57.191,1.50353,1.50371,1.30,1.00
2013.12.10 13:24:57.626,1.50353,1.50371,1.88,1.20
2013.12.10 13:24:58.204,1.50353,1.50371,2.03,1.00
2013.12.10 13:24:58.921,1.50353,1.50371,2.03,1.00
2013.12.10 13:24:59.130,1.50353,1.50371,2.03,1.00
2013.12.10 13:24:59.439,1.50353,1.50373,1.53,1.38
2013.12.10 13:25:00.647,1.50353,1.50372,1.55,2.13
2013.12.10 13:25:01.179,1.50353,1.50372,1.23,2.13
2013.12.10 13:25:02.875,1.50352,1.50372,1.38,2.66
2013.12.10 13:25:03.784,1.50352,1.50372,1.38,2.50
2013.12.10 13:25:04.208,1.50352,1.50372,1.38,2.51
2013.12.10 13:25:04.524,1.50348,1.50368,1.35,3.03
2013.12.10 13:25:04.828,1.50348,1.50368,1.50,2.88
2013.12.10 13:25:05.271,1.5035,1.50368,1.15,1.13
2013.12.10 13:25:05.655,1.5035,1.50368,1.18,1.38
2013.12.10 13:25:06.378,1.50348,1.50368,1.58,1.13
2013.12.10 13:25:07.595,1.5035,1.50368,1.18,1.38
2013.12.10 13:25:07.696,1.50349,1.50368,1.00,1.38
2013.12.10 13:25:08.553,1.50349,1.50368,1.18,1.38
2013.12.10 13:25:10.689,1.50349,1.50368,1.18,4.38
2013.12.10 13:25:11.447,1.50349,1.50366,1.00,3.38
2013.12.10 13:25:11.776,1.50349,1.50366,1.00,1.13
2013.12.10 13:25:12.290,1.50349,1.50366,1.00,3.63
2013.12.10 13:25:12.841,1.50349,1.50366,1.00,3.38
2013.12.10 13:25:13.091,1.5034,1.50363,1.53,2.13
2013.12.10 13:25:13.193,1.50348,1.50363,1.00,2.33
2013.12.10 13:25:13.497,1.5035,1.50366,1.00,1.00
2013.12.10 13:25:13.549,1.5035,1.50366,1.38,1.00
2013.12.10 13:25:13.600,1.50352,1.50369,1.88,1.00
2013.12.10 13:25:13.701,1.50352,1.50369,1.88,1.00
2013.12.10 13:25:13.903,1.50356,1.50373,1.13,3.15
2013.12.10 13:25:14.207,1.50359,1.50373,1.05,2.25
2013.12.10 13:25:14.596,1.50359,1.50373,1.53,2.25
2013.12.10 13:25:15.211,1.50359,1.50373,1.28,2.25
2013.12.10 13:25:15.570,1.50359,1.50373,1.13,2.25
2013.12.10 13:25:15.848,1.50363,1.50373,1.00,2.25
2013.12.10 13:25:15.950,1.50359,1.50373,1.38,3.00
2013.12.10 13:25:16.112,1.50363,1.50373,1.00,1.50
2013.12.10 13:25:16.264,1.50363,1.50378,1.00,1.58
2013.12.10 13:25:17.267,1.50363,1.50379,1.00,1.88
2013.12.10 13:25:18.154,1.50358,1.50376,1.88,2.13
2013.12.10 13:25:18.719,1.50356,1.50375,1.95,2.50
2013.12.10 13:25:19.378,1.50356,1.50375,2.70,2.50
2013.12.10 13:25:19.877,1.50356,1.50375,2.70,2.50
2013.12.10 13:25:20.540,1.50357,1.50375,1.53,1.00
2013.12.10 13:25:21.300,1.50358,1.50375,1.53,1.00
2013.12.10 13:25:21.802,1.5036,1.50375,1.48,1.00
2013.12.10 13:25:24.636,1.50361,1.50377,1.38,1.50
2013.12.10 13:25:25.154,1.50361,1.50377,1.48,1.50
2013.12.10 13:25:26.708,1.50361,1.50377,1.48,2.50
2013.12.10 13:25:27.827,1.50361,1.50377,1.48,1.00
2013.12.10 13:25:28.230,1.50364,1.50381,1.38,2.25
2013.12.10 13:25:28.890,1.50364,1.50382,1.38,3.75
2013.12.10 13:25:29.400,1.50367,1.50382,1.00,3.75
2013.12.10 13:25:29.451,1.50365,1.50382,1.13,4.00
2013.12.10 13:25:29.777,1.50362,1.50381,1.55,2.50
2013.12.10 13:25:31.464,1.50362,1.50379,1.38,2.50
2013.12.10 13:25:33.076,1.50362,1.50378,1.30,3.75
2013.12.10 13:25:33.379,1.50367,1.50378,1.00,1.00
2013.12.10 13:25:33.683,1.50371,1.50387,1.38,2.03
2013.12.10 13:25:33.734,1.50371,1.50387,1.38,1.95
2013.12.10 13:25:33.785,1.50371,1.50387,1.38,1.00
2013.12.10 13:25:33.894,1.50374,1.50387,1.38,1.00
2013.12.10 13:25:34.400,1.50374,1.50387,1.38,1.00
2013.12.10 13:25:34.876,1.50375,1.5039,1.38,1.00
2013.12.10 13:25:35.129,1.50375,1.5039,1.38,1.00
2013.12.10 13:25:35.332,1.5038,1.50392,1.00,1.00
2013.12.10 13:25:35.383,1.50382,1.50392,1.00,1.00
2013.12.10 13:25:35.434,1.50382,1.50398,1.00,3.75
2013.12.10 13:25:35.535,1.50382,1.50398,1.38,2.25
2013.12.10 13:25:35.586,1.50387,1.50398,1.00,1.50
2013.12.10 13:25:35.688,1.50384,1.50398,1.50,1.00
2013.12.10 13:25:35.789,1.50384,1.50398,1.13,1.00
2013.12.10 13:25:35.891,1.50383,1.50398,1.50,1.00
2013.12.10 13:25:36.043,1.50383,1.50401,2.25,1.58
2013.12.10 13:25:36.185,1.50383,1.50401,1.50,1.00
2013.12.10 13:25:37.877,1.50383,1.50401,1.50,2.28
2013.12.10 13:25:38.205,1.50387,1.50403,1.00,1.13
2013.12.10 13:25:38.419,1.50387,1.50405,1.00,1.53
2013.12.10 13:25:39.768,1.50387,1.50405,1.38,1.53
2013.12.10 13:25:39.869,1.5039,1.50407,1.00,1.50
2013.12.10 13:25:39.920,1.50393,1.50407,1.00,1.50
2013.12.10 13:25:40.173,1.50395,1.5041,1.00,1.13
2013.12.10 13:25:40.224,1.50395,1.50414,1.50,1.48
2013.12.10 13:25:40.528,1.50392,1.50414,1.95,3.03
2013.12.10 13:25:40.841,1.50392,1.50412,1.00,1.00
2013.12.10 13:25:41.147,1.50391,1.50412,1.50,3.26
2013.12.10 13:25:41.403,1.50391,1.50411,1.50,2.05
2013.12.10 13:25:41.939,1.50392,1.50411,1.00,1.48
2013.12.10 13:25:42.516,1.50392,1.50411,1.00,1.38
2013.12.10 13:25:43.936,1.50392,1.50411,1.00,3.56
2013.12.10 13:25:44.478,1.50392,1.50411,1.00,2.81
2013.12.10 13:25:45.045,1.50392,1.50411,1.00,2.81
2013.12.10 13:25:45.198,1.50394,1.50411,1.00,1.38
2013.12.10 13:25:45.351,1.50394,1.50411,1.38,1.00
2013.12.10 13:25:45.402,1.504,1.50412,1.00,1.58
2013.12.10 13:25:45.554,1.50397,1.50412,1.10,2.25
2013.12.10 13:25:46.756,1.50394,1.50412,1.38,1.00
2013.12.10 13:25:46.908,1.50396,1.50414,1.38,2.25
2013.12.10 13:25:47.638,1.50396,1.50414,1.38,2.25
2013.12.10 13:25:48.571,1.50396,1.50414,1.38,2.50
2013.12.10 13:25:48.925,1.50398,1.50414,1.13,1.50
2013.12.10 13:25:49.178,1.50398,1.50414,1.50,1.00
2013.12.10 13:25:49.542,1.50406,1.50415,1.00,1.00
2013.12.10 13:25:49.848,1.50406,1.50415,1.38,1.00
2013.12.10 13:25:50.373,1.50406,1.50415,1.13,1.00
2013.12.10 13:25:51.466,1.50406,1.50415,1.38,1.00
2013.12.10 13:25:52.472,1.50406,1.50415,1.13,1.00
2013.12.10 13:25:55.934,1.50406,1.50416,1.00,1.00
2013.12.10 13:25:56.036,1.50408,1.50416,1.00,1.00
2013.12.10 13:25:56.459,1.50404,1.50416,1.13,1.00
2013.12.10 13:25:56.946,1.50404,1.50418,1.13,1.00
2013.12.10 13:25:58.834,1.50402,1.50418,1.55,1.00
2013.12.10 13:25:58.936,1.50399,1.50418,1.85,1.00
2013.12.10 13:25:59.189,1.50399,1.50417,1.13,2.20
2013.12.10 13:25:59.239,1.50395,1.50417,1.45,2.20
2013.12.10 13:25:59.543,1.50397,1.50417,1.48,1.00
2013.12.10 13:25:59.644,1.50397,1.50417,1.55,1.00
2013.12.10 13:25:59.745,1.50397,1.50417,1.55,2.13
2013.12.10 13:25:59.939,1.50397,1.50417,1.55,1.00
2013.12.10 13:26:01.108,1.50397,1.50417,1.55,1.00
2013.12.10 13:26:01.925,1.50397,1.50417,1.55,1.00
2013.12.10 13:26:02.567,1.50397,1.50417,1.55,1.00
2013.12.10 13:26:04.188,1.50403,1.50419,1.00,2.03
2013.12.10 13:26:04.239,1.50403,1.50419,1.38,1.65
2013.12.10 13:26:04.443,1.50412,1.50427,1.00,1.00
2013.12.10 13:26:04.545,1.5041,1.50427,1.95,1.00
2013.12.10 13:26:04.891,1.50412,1.50428,1.20,1.00
2013.12.10 13:26:05.098,1.50416,1.50432,1.00,1.38
2013.12.10 13:26:05.397,1.50416,1.50432,1.13,1.13
2013.12.10 13:26:05.654,1.50418,1.50433,1.00,1.38
2013.12.10 13:26:06.374,1.50419,1.50433,1.00,1.55
2013.12.10 13:26:06.677,1.50421,1.50433,1.00,1.00
2013.12.10 13:26:07.308,1.50421,1.50433,1.38,1.00
2013.12.10 13:26:07.829,1.50421,1.50434,1.38,1.00
2013.12.10 13:26:08.338,1.50421,1.50434,1.75,1.00
2013.12.10 13:26:08.439,1.50425,1.50438,1.38,1.00
2013.12.10 13:26:08.490,1.50431,1.50442,1.00,1.13
2013.12.10 13:26:08.541,1.50431,1.50444,1.00,1.00
2013.12.10 13:26:08.592,1.50428,1.50444,1.00,1.88
2013.12.10 13:26:08.794,1.5043,1.50444,1.38,1.00
2013.12.10 13:26:08.845,1.5043,1.50442,1.38,1.00
2013.12.10 13:26:08.946,1.50426,1.50442,1.48,1.00
2013.12.10 13:26:09.407,1.50424,1.50442,2.40,1.00
2013.12.10 13:26:09.559,1.50427,1.50442,1.58,1.50
2013.12.10 13:26:10.409,1.50424,1.50442,3.83,1.50
2013.12.10 13:26:12.315,1.50426,1.50442,1.83,1.50
2013.12.10 13:26:12.875,1.50424,1.50442,2.40,1.00
2013.12.10 13:26:15.097,1.50424,1.50442,2.33,1.00
2013.12.10 13:26:15.306,1.50424,1.50442,1.38,1.58
2013.12.10 13:26:15.609,1.50423,1.50441,1.13,2.13
2013.12.10 13:26:15.711,1.50426,1.50441,1.00,1.00
2013.12.10 13:26:15.862,1.50426,1.50441,1.00,1.00
2013.12.10 13:26:15.939,1.50426,1.50441,1.38,1.00
2013.12.10 13:26:17.188,1.50426,1.50441,1.00,1.00
2013.12.10 13:26:17.390,1.50422,1.50441,1.38,2.03
2013.12.10 13:26:17.441,1.5042,1.5044,1.38,2.28
2013.12.10 13:26:18.003,1.50421,1.50439,1.00,2.20
2013.12.10 13:26:18.105,1.50421,1.50439,1.50,1.38
2013.12.10 13:26:18.156,1.50421,1.50439,1.88,1.00
2013.12.10 13:26:18.911,1.50421,1.50439,1.88,1.00
2013.12.10 13:26:19.898,1.50421,1.50439,2.03,1.00
2013.12.10 13:26:20.211,1.50418,1.50437,1.38,2.13
2013.12.10 13:26:20.262,1.50418,1.50437,1.38,2.20
2013.12.10 13:26:20.798,1.50418,1.50437,1.38,2.28
2013.12.10 13:26:21.345,1.50418,1.50437,1.88,2.13
2013.12.10 13:26:21.656,1.50422,1.50437,1.38,1.00
2013.12.10 13:26:22.193,1.50424,1.50437,1.38,1.00
2013.12.10 13:26:24.525,1.50424,1.5044,1.45,1.00
2013.12.10 13:26:25.004,1.50429,1.50445,1.00,1.38
2013.12.10 13:26:25.850,1.50429,1.50442,1.00,2.13
2013.12.10 13:26:26.053,1.50426,1.50442,1.13,2.88
2013.12.10 13:26:26.346,1.50431,1.50442,1.00,1.00
2013.12.10 13:26:26.599,1.50429,1.50446,2.03,1.00
2013.12.10 13:26:26.650,1.50434,1.50446,1.00,1.00
2013.12.10 13:26:26.802,1.50434,1.50449,1.38,1.00
2013.12.10 13:26:26.852,1.50439,1.50452,1.00,1.48
2013.12.10 13:26:27.055,1.50441,1.50456,1.00,1.50
2013.12.10 13:26:27.156,1.50441,1.50456,1.38,1.00
2013.12.10 13:26:27.730,1.50441,1.50456,1.38,1.00
2013.12.10 13:26:28.295,1.50438,1.50456,1.38,1.00
2013.12.10 13:26:28.346,1.50438,1.50455,1.38,1.00
2013.12.10 13:26:28.397,1.50438,1.50454,1.00,2.51
2013.12.10 13:26:28.448,1.50434,1.50448,1.50,1.00
2013.12.10 13:26:28.498,1.50434,1.50447,1.08,2.13
2013.12.10 13:26:28.990,1.50434,1.50447,1.88,1.00
2013.12.10 13:26:29.041,1.50437,1.50449,1.38,1.10
2013.12.10 13:26:29.258,1.50443,1.50456,1.13,1.13
2013.12.10 13:26:29.309,1.50443,1.50456,1.50,1.00
2013.12.10 13:26:29.513,1.50442,1.50456,1.38,1.00
2013.12.10 13:26:29.564,1.50441,1.50456,1.38,1.00
2013.12.10 13:26:29.918,1.50441,1.50456,1.90,1.00
2013.12.10 13:26:29.969,1.50443,1.50456,1.95,1.00
2013.12.10 13:26:30.223,1.50446,1.50459,1.28,1.00
2013.12.10 13:26:30.577,1.50446,1.50459,1.95,1.00
2013.12.10 13:26:30.779,1.50446,1.50459,1.20,1.00
2013.12.10 13:26:31.264,1.50446,1.50459,1.88,1.00
2013.12.10 13:26:31.467,1.50446,1.50459,1.13,1.00
2013.12.10 13:26:32.020,1.50446,1.50459,1.50,1.00
2013.12.10 13:26:32.122,1.50447,1.50459,1.13,1.00
2013.12.10 13:26:32.223,1.50442,1.50462,1.55,1.00
2013.12.10 13:26:32.475,1.50442,1.50462,1.38,1.00
2013.12.10 13:26:33.016,1.50442,1.50462,1.38,1.00
2013.12.10 13:26:33.858,1.5044,1.50462,1.38,2.13
2013.12.10 13:26:34.117,1.5044,1.50461,1.38,1.00
2013.12.10 13:26:34.219,1.5044,1.50461,1.88,1.00
2013.12.10 13:26:34.769,1.50442,1.50461,1.38,1.38
2013.12.10 13:26:37.837,1.50441,1.50462,2.03,1.38
2013.12.10 13:26:38.110,1.50441,1.50462,2.03,1.38
2013.12.10 13:26:38.623,1.50441,1.50462,1.55,1.38
2013.12.10 13:26:41.254,1.50439,1.50461,2.03,2.58
2013.12.10 13:26:41.868,1.50439,1.50457,1.38,2.43
2013.12.10 13:26:42.171,1.50433,1.50453,1.50,1.00
2013.12.10 13:26:42.476,1.50434,1.50453,1.38,2.13
2013.12.10 13:26:43.268,1.50434,1.50452,1.13,1.00
2013.12.10 13:26:44.857,1.50434,1.50446,1.10,1.00
2013.12.10 13:26:45.111,1.50434,1.50452,1.38,1.50
2013.12.10 13:26:45.263,1.50436,1.50452,1.08,1.38
2013.12.10 13:26:46.265,1.50439,1.50452,1.00,1.38
2013.12.10 13:26:47.424,1.50442,1.50452,1.00,1.38
2013.12.10 13:26:47.626,1.50439,1.50452,1.00,1.13
2013.12.10 13:26:47.829,1.50441,1.50456,1.00,2.10
2013.12.10 13:26:47.930,1.50438,1.50456,1.00,2.10
2013.12.10 13:26:49.795,1.50438,1.50456,1.00,2.10
2013.12.10 13:26:50.100,1.50433,1.5045,1.00,4.23
2013.12.10 13:26:50.252,1.50433,1.5045,1.00,1.95
2013.12.10 13:26:50.437,1.50429,1.50448,1.00,2.20
2013.12.10 13:26:50.489,1.50428,1.50448,1.10,1.50
2013.12.10 13:26:50.805,1.5043,1.50447,1.00,3.08
2013.12.10 13:26:50.856,1.50426,1.50447,1.13,3.08
2013.12.10 13:26:50.957,1.50428,1.50447,1.00,2.98
2013.12.10 13:26:51.538,1.5043,1.50447,1.00,2.98
2013.12.10 13:26:52.198,1.5043,1.50447,1.00,1.48
2013.12.10 13:26:52.808,1.5043,1.50447,1.00,1.48
2013.12.10 13:26:53.379,1.5043,1.50447,1.00,1.48
2013.12.10 13:26:54.887,1.50431,1.50447,1.00,1.38
2013.12.10 13:26:54.988,1.50432,1.50448,1.00,1.38
2013.12.10 13:26:55.090,1.50434,1.50452,1.50,2.25
2013.12.10 13:26:55.544,1.50436,1.50452,1.00,3.21
2013.12.10 13:26:55.882,1.50434,1.50452,1.00,3.21
2013.12.10 13:26:56.733,1.50432,1.50451,1.00,2.66
2013.12.10 13:26:57.071,1.50434,1.50451,1.00,1.38
2013.12.10 13:26:58.213,1.50433,1.50451,1.00,1.38
2013.12.10 13:26:58.549,1.50432,1.50449,1.00,2.28
2013.12.10 13:27:00.198,1.50432,1.50448,1.00,1.00
2013.12.10 13:27:00.300,1.50429,1.50448,1.00,3.63
2013.12.10 13:27:00.805,1.50429,1.50448,1.00,1.38
2013.12.10 13:27:01.435,1.50429,1.50448,1.00,2.28
2013.12.10 13:27:03.462,1.50431,1.50448,1.00,2.88
2013.12.10 13:27:08.834,1.50434,1.50448,1.00,1.13
2013.12.10 13:27:09.365,1.50434,1.50448,1.00,1.38
2013.12.10 13:27:10.654,1.50434,1.50448,1.00,1.00
2013.12.10 13:27:11.204,1.50434,1.50448,1.00,1.38
2013.12.10 13:27:12.194,1.50434,1.50448,1.00,2.20
2013.12.10 13:27:13.453,1.50432,1.50448,1.00,2.20
2013.12.10 13:27:13.895,1.50434,1.50448,1.00,2.20
2013.12.10 13:27:18.453,1.50432,1.50448,1.00,2.20
2013.12.10 13:27:24.153,1.50431,1.50448,1.00,3.63
2013.12.10 13:27:24.256,1.50431,1.50444,1.00,2.13
2013.12.10 13:27:24.408,1.50427,1.50444,1.13,2.70
2013.12.10 13:27:24.853,1.50425,1.50444,1.13,2.60
2013.12.10 13:27:25.056,1.50425,1.50443,1.13,2.28
2013.12.10 13:27:25.564,1.50425,1.50443,1.00,3.78
2013.12.10 13:27:26.371,1.50421,1.5044,1.13,2.50
2013.12.10 13:27:28.365,1.50423,1.5044,1.35,2.78
2013.12.10 13:27:28.415,1.50423,1.5044,1.35,2.33
2013.12.10 13:27:28.466,1.50432,1.50443,1.38,2.03
2013.12.10 13:27:28.619,1.50431,1.50444,1.13,1.38
2013.12.10 13:27:28.720,1.50431,1.50444,1.00,1.00
2013.12.10 13:27:28.872,1.50429,1.50444,1.20,1.00
2013.12.10 13:27:28.923,1.50429,1.50444,1.48,1.00
2013.12.10 13:27:29.024,1.50432,1.50446,1.00,1.00
2013.12.10 13:27:29.573,1.50432,1.50448,1.00,1.38
2013.12.10 13:27:30.376,1.50432,1.50448,1.00,2.13
2013.12.10 13:27:31.181,1.50432,1.50448,1.00,2.13
2013.12.10 13:27:31.484,1.50437,1.50448,1.00,1.00
2013.12.10 13:27:31.586,1.50433,1.50448,1.38,1.00
2013.12.10 13:27:31.687,1.50433,1.50449,1.38,1.00
2013.12.10 13:27:31.788,1.50433,1.50449,1.88,1.00
2013.12.10 13:27:31.889,1.50433,1.50449,1.88,1.00
2013.12.10 13:27:32.195,1.50433,1.50449,1.88,1.00
2013.12.10 13:27:34.872,1.50433,1.50449,1.38,1.00
2013.12.10 13:27:35.391,1.50433,1.50449,1.45,1.00
2013.12.10 13:27:35.692,1.50435,1.50449,1.38,1.00
2013.12.10 13:27:36.309,1.50435,1.50449,1.38,1.00
2013.12.10 13:27:37.913,1.50435,1.50449,1.13,1.00
2013.12.10 13:27:38.308,1.50433,1.50451,1.45,1.00
2013.12.10 13:27:38.360,1.50433,1.50451,1.45,1.00
2013.12.10 13:27:38.702,1.50431,1.50451,1.95,1.00
2013.12.10 13:27:40.927,1.50431,1.50451,1.95,1.00
2013.12.10 13:27:43.026,1.50434,1.50451,1.38,1.00
2013.12.10 13:27:45.085,1.50436,1.50451,1.13,1.00
2013.12.10 13:27:45.237,1.50436,1.50451,1.88,1.00
2013.12.10 13:27:45.390,1.50438,1.50452,1.20,1.00
2013.12.10 13:27:45.896,1.50436,1.50453,1.55,1.00
2013.12.10 13:27:46.466,1.50436,1.50453,1.38,1.00
2013.12.10 13:27:47.002,1.50439,1.50453,1.38,1.00
2013.12.10 13:27:47.635,1.50437,1.50453,1.38,1.00
2013.12.10 13:27:48.153,1.50437,1.50453,1.38,1.00
2013.12.10 13:27:50.076,1.50437,1.50453,1.38,1.13
2013.12.10 13:27:50.685,1.50437,1.50453,1.38,1.13
2013.12.10 13:27:51.076,1.50433,1.50452,1.20,2.13
2013.12.10 13:27:51.592,1.50432,1.50452,1.13,2.13
2013.12.10 13:27:52.835,1.50432,1.50452,1.13,2.13
2013.12.10 13:27:53.376,1.50434,1.50452,1.48,2.13
2013.12.10 13:27:53.692,1.50434,1.50451,1.38,2.13
2013.12.10 13:27:54.782,1.50434,1.50451,1.38,1.00
2013.12.10 13:27:55.304,1.50435,1.50451,1.13,1.00
2013.12.10 13:27:58.657,1.50431,1.50451,1.38,1.00
2013.12.10 13:27:59.316,1.50431,1.50451,1.38,1.50
2013.12.10 13:28:00.747,1.50434,1.50451,1.38,1.00
2013.12.10 13:28:05.363,1.50434,1.50451,1.38,1.00
2013.12.10 13:28:13.702,1.50436,1.50451,1.13,1.00
2013.12.10 13:28:14.938,1.50433,1.50451,1.38,1.65
2013.12.10 13:28:15.743,1.50433,1.50451,1.38,1.65
2013.12.10 13:28:18.143,1.50433,1.50451,1.38,1.58
2013.12.10 13:28:19.223,1.50433,1.50451,1.38,1.00
2013.12.10 13:28:20.542,1.50436,1.50451,1.38,1.00
2013.12.10 13:28:23.883,1.50434,1.50451,1.38,1.00
2013.12.10 13:28:24.082,1.50436,1.50451,1.13,1.10
2013.12.10 13:28:24.145,1.5044,1.50455,1.00,3.75
2013.12.10 13:28:24.348,1.5044,1.50455,1.00,1.00
2013.12.10 13:28:24.957,1.50437,1.50455,1.53,1.50
2013.12.10 13:28:25.452,1.50442,1.50455,1.00,1.00
2013.12.10 13:28:25.950,1.5044,1.50455,1.00,1.00
2013.12.10 13:28:32.466,1.50443,1.50455,1.00,1.00
2013.12.10 13:28:33.573,1.50443,1.50455,1.00,1.45
2013.12.10 13:28:33.686,1.50437,1.50452,1.10,1.00
2013.12.10 13:28:33.889,1.50437,1.50452,1.00,1.00
2013.12.10 13:28:34.432,1.50433,1.50452,1.38,1.50
2013.12.10 13:28:34.735,1.50435,1.50452,1.38,2.65
2013.12.10 13:28:34.887,1.50435,1.50452,1.38,1.00
2013.12.10 13:28:35.231,1.50438,1.50454,1.00,1.00
2013.12.10 13:28:38.143,1.50438,1.50454,1.00,1.00
2013.12.10 13:28:38.620,1.5044,1.50454,1.00,1.00
2013.12.10 13:28:38.823,1.50438,1.50454,1.00,1.00
2013.12.10 13:28:39.513,1.5044,1.50456,1.00,1.00
2013.12.10 13:28:39.614,1.5044,1.50458,1.30,1.10
2013.12.10 13:28:40.126,1.50444,1.5046,1.00,1.50
2013.12.10 13:28:40.492,1.50442,1.5046,1.20,1.00
2013.12.10 13:28:41.338,1.50442,1.5046,1.20,1.00
2013.12.10 13:28:42.009,1.50442,1.5046,1.28,1.00
2013.12.10 13:28:43.749,1.50442,1.5046,1.20,1.00
2013.12.10 13:28:43.800,1.50442,1.5046,1.20,1.00
2013.12.10 13:28:44.135,1.50441,1.5046,1.95,1.00
2013.12.10 13:28:44.186,1.50441,1.5046,1.20,1.00
2013.12.10 13:28:45.537,1.5044,1.5046,1.48,1.50
2013.12.10 13:28:45.741,1.50442,1.5046,1.00,1.00
2013.12.10 13:28:45.843,1.50439,1.5046,1.45,1.00
2013.12.10 13:28:46.147,1.50435,1.50456,1.53,2.26
2013.12.10 13:28:46.450,1.50442,1.5046,1.00,1.20
2013.12.10 13:28:47.072,1.50442,1.50456,1.20,1.00
2013.12.10 13:28:47.556,1.50436,1.50453,1.48,2.13
2013.12.10 13:28:48.306,1.50436,1.50453,1.48,2.13
2013.12.10 13:28:49.031,1.5044,1.50453,1.00,1.13
2013.12.10 13:28:49.082,1.5044,1.50455,1.13,1.50
2013.12.10 13:28:49.365,1.5044,1.50455,1.13,2.25
2013.12.10 13:28:49.627,1.50438,1.50455,1.20,2.63
2013.12.10 13:28:53.405,1.50435,1.50455,1.58,2.63
2013.12.10 13:28:53.456,1.50433,1.50453,1.53,2.50
2013.12.10 13:28:53.765,1.50433,1.50451,1.48,2.35
2013.12.10 13:28:53.816,1.50433,1.50451,1.48,2.35
2013.12.10 13:28:54.412,1.50433,1.50451,1.55,1.00
2013.12.10 13:28:54.463,1.50433,1.50451,1.55,1.00
2013.12.10 13:28:55.903,1.50434,1.50451,1.48,1.00
2013.12.10 13:28:57.868,1.50435,1.50453,1.38,1.13
2013.12.10 13:28:58.920,1.50435,1.50453,3.45,1.13
2013.12.10 13:28:59.243,1.50435,1.50453,1.38,2.13
2013.12.10 13:29:00.451,1.50435,1.50453,1.55,1.00
2013.12.10 13:29:01.012,1.50435,1.50453,1.55,1.00
2013.12.10 13:29:04.693,1.50435,1.50453,1.38,1.00
2013.12.10 13:29:05.029,1.50433,1.50453,1.55,2.35
2013.12.10 13:29:05.673,1.50433,1.50453,1.38,3.25
2013.12.10 13:29:06.221,1.50433,1.50453,1.00,3.25
2013.12.10 13:29:08.656,1.50436,1.50453,1.38,2.25
2013.12.10 13:29:09.877,1.50436,1.50453,1.13,1.68
2013.12.10 13:29:10.511,1.50435,1.50453,1.95,1.68
2013.12.10 13:29:10.935,1.50434,1.50452,1.53,2.26
2013.12.10 13:29:10.985,1.50434,1.50452,1.95,2.26
2013.12.10 13:29:11.586,1.50435,1.50452,1.48,1.50
2013.12.10 13:29:12.522,1.50435,1.50452,1.20,1.88
2013.12.10 13:29:13.140,1.50435,1.50452,1.20,1.88
2013.12.10 13:29:15.893,1.50433,1.50452,1.20,1.00
2013.12.10 13:29:16.969,1.50437,1.50452,1.00,1.00
2013.12.10 13:29:19.383,1.50435,1.50452,1.45,1.00
2013.12.10 13:29:20.948,1.50435,1.50452,1.38,1.00
2013.12.10 13:29:21.393,1.50438,1.50452,1.00,1.00
2013.12.10 13:29:21.495,1.50438,1.50455,1.20,1.73
2013.12.10 13:29:21.546,1.50438,1.50455,1.20,1.73
2013.12.10 13:29:21.647,1.50438,1.50455,1.58,1.35
2013.12.10 13:29:24.917,1.50438,1.50455,1.00,2.48
2013.12.10 13:29:25.258,1.5044,1.50455,1.00,1.00
2013.12.10 13:29:25.808,1.5044,1.50455,1.00,1.00
2013.12.10 13:29:27.670,1.5044,1.50455,1.00,1.00
2013.12.10 13:29:28.633,1.50439,1.50455,1.00,1.00
2013.12.10 13:29:28.990,1.50437,1.50455,1.20,2.73
2013.12.10 13:29:34.251,1.50437,1.50455,1.13,2.73
2013.12.10 13:29:34.510,1.5044,1.50455,1.00,1.00
2013.12.10 13:29:34.911,1.50435,1.50454,1.55,2.13
2013.12.10 13:29:35.164,1.50436,1.50452,1.00,1.00
2013.12.10 13:29:35.494,1.50436,1.50449,1.00,1.00
2013.12.10 13:29:35.595,1.50433,1.50449,1.38,1.00
2013.12.10 13:29:35.798,1.50433,1.5045,1.00,1.10
2013.12.10 13:29:38.197,1.50433,1.50451,1.13,1.50
2013.12.10 13:29:38.300,1.50433,1.50451,1.13,1.00
2013.12.10 13:29:38.844,1.50431,1.50449,1.38,2.20
2013.12.10 13:29:39.389,1.50431,1.50449,1.38,2.20
2013.12.10 13:29:39.693,1.50436,1.5045,1.00,1.00
2013.12.10 13:29:41.071,1.50437,1.5045,1.00,1.00
2013.12.10 13:29:41.666,1.50437,1.5045,1.00,1.00
2013.12.10 13:29:42.033,1.50437,1.50451,1.00,1.00
2013.12.10 13:29:43.811,1.50435,1.50451,1.20,1.00
2013.12.10 13:29:45.116,1.50438,1.50451,1.00,1.00
2013.12.10 13:29:45.738,1.50438,1.50456,1.00,2.33
2013.12.10 13:29:45.891,1.50437,1.50456,1.65,1.88
2013.12.10 13:29:46.548,1.5044,1.50456,1.10,1.13
2013.12.10 13:29:49.201,1.5044,1.50456,1.38,1.50
2013.12.10 13:29:49.516,1.50442,1.50458,2.03,1.00
2013.12.10 13:29:50.068,1.50442,1.50458,1.53,1.00
2013.12.10 13:29:51.625,1.50447,1.50458,1.35,1.00
2013.12.10 13:29:51.828,1.50454,1.5047,1.00,1.38
2013.12.10 13:29:52.031,1.50454,1.5047,1.00,2.28
2013.12.10 13:29:52.081,1.50448,1.5047,1.55,3.03
2013.12.10 13:29:52.234,1.50448,1.50468,1.95,2.20
2013.12.10 13:29:52.488,1.50452,1.50468,1.00,1.00
2013.12.10 13:29:52.843,1.50451,1.50468,1.00,1.00
2013.12.10 13:29:52.944,1.50448,1.50466,1.13,2.13
2013.12.10 13:29:53.392,1.50448,1.50465,1.13,1.00
2013.12.10 13:29:53.837,1.50448,1.50465,1.13,1.13
2013.12.10 13:29:54.108,1.50446,1.50464,1.10,2.13
2013.12.10 13:29:54.159,1.50445,1.50464,1.20,2.13
2013.12.10 13:29:54.673,1.50444,1.50461,1.55,2.13
2013.12.10 13:29:55.122,1.50444,1.50461,1.55,1.00
2013.12.10 13:29:55.223,1.50448,1.50465,1.13,1.00
2013.12.10 13:29:55.528,1.50448,1.50465,1.10,2.25
2013.12.10 13:29:55.629,1.50449,1.50465,1.38,1.00
2013.12.10 13:29:55.680,1.50449,1.50467,1.48,1.00
2013.12.10 13:29:55.782,1.50448,1.50467,1.18,1.38
2013.12.10 13:29:56.085,1.50443,1.50464,1.53,2.88
2013.12.10 13:29:56.442,1.50444,1.50464,1.95,1.00
2013.12.10 13:29:56.544,1.50447,1.50464,1.13,1.00
2013.12.10 13:29:56.696,1.50446,1.50464,1.20,1.00
2013.12.10 13:29:56.747,1.50445,1.50464,2.03,1.38
2013.12.10 13:29:56.849,1.50445,1.50464,1.58,1.38
2013.12.10 13:29:57.119,1.50446,1.50464,1.00,1.38
2013.12.10 13:29:57.420,1.50446,1.50464,1.00,1.38
2013.12.10 13:29:57.630,1.50446,1.50464,1.00,1.13
2013.12.10 13:29:57.732,1.50454,1.50467,1.00,1.58
2013.12.10 13:29:57.833,1.50448,1.50467,2.03,1.50
2013.12.10 13:29:58.035,1.50448,1.50467,1.38,1.00
2013.12.10 13:29:58.338,1.50448,1.50467,1.10,1.38
2013.12.10 13:29:58.389,1.50448,1.50467,1.48,1.13
2013.12.10 13:29:58.986,1.50449,1.50467,1.20,1.38
2013.12.10 13:30:00.122,1.50449,1.50467,1.95,1.38
2013.12.10 13:30:00.324,1.50449,1.50467,1.95,1.13
2013.12.10 13:30:00.868,1.50449,1.50467,1.20,1.00
2013.12.10 13:30:01.404,1.50453,1.5047,1.00,1.88
2013.12.10 13:30:01.455,1.50455,1.5047,1.00,1.50
2013.12.10 13:30:01.557,1.50455,1.50473,1.00,2.33
2013.12.10 13:30:01.659,1.50459,1.50473,1.00,1.45
2013.12.10 13:30:01.710,1.50459,1.50473,1.00,1.08
2013.12.10 13:30:01.862,1.50459,1.50474,1.00,2.25
2013.12.10 13:30:02.353,1.50461,1.50474,1.00,1.00
2013.12.10 13:30:02.658,1.50461,1.50474,1.18,1.13
2013.12.10 13:30:02.860,1.50456,1.50474,2.25,1.88
2013.12.10 13:30:03.214,1.50456,1.50474,1.00,3.53
2013.12.10 13:30:03.416,1.50456,1.50474,1.00,2.78
2013.12.10 13:30:04.063,1.50456,1.50474,1.00,3.03
2013.12.10 13:30:05.301,1.50456,1.50472,1.00,2.26
2013.12.10 13:30:05.403,1.50452,1.50472,1.65,2.51
2013.12.10 13:30:05.504,1.50447,1.5047,3.00,2.63
2013.12.10 13:30:05.606,1.5045,1.5047,2.03,1.13
2013.12.10 13:30:05.912,1.50447,1.50469,2.03,2.95
2013.12.10 13:30:06.622,1.50455,1.50469,1.00,2.71
2013.12.10 13:30:07.138,1.50455,1.5047,1.00,1.38
2013.12.10 13:30:07.463,1.50458,1.5047,1.00,1.13
2013.12.10 13:30:07.918,1.5046,1.50476,1.50,1.95
2013.12.10 13:30:08.222,1.5046,1.50476,1.65,1.38
2013.12.10 13:30:08.787,1.50461,1.50476,1.00,1.38
2013.12.10 13:30:09.449,1.50461,1.50476,1.00,1.38
2013.12.10 13:30:10.710,1.50461,1.50476,1.00,1.38
2013.12.10 13:30:11.532,1.5046,1.50476,1.50,1.38
2013.12.10 13:30:11.836,1.50455,1.50476,1.58,2.51
2013.12.10 13:30:11.937,1.50456,1.50476,1.00,2.66
2013.12.10 13:30:11.988,1.50459,1.50476,1.00,1.38
2013.12.10 13:30:12.039,1.50459,1.50476,1.00,1.88
2013.12.10 13:30:12.248,1.50459,1.50476,1.00,1.38
2013.12.10 13:30:12.754,1.50458,1.50475,1.00,2.58
2013.12.10 13:30:13.280,1.50457,1.50475,1.00,2.58
2013.12.10 13:30:13.589,1.50457,1.50475,1.00,2.66
2013.12.10 13:30:13.850,1.50455,1.50475,1.00,2.66
2013.12.10 13:30:14.146,1.50455,1.50473,1.00,3.48
2013.12.10 13:30:14.197,1.50452,1.50473,1.58,2.81
2013.12.10 13:30:14.248,1.50452,1.50473,1.50,2.91
2013.12.10 13:30:14.457,1.50452,1.50473,1.50,3.66
2013.12.10 13:30:16.099,1.50448,1.5047,1.00,4.46
2013.12.10 13:30:16.150,1.50448,1.50468,1.00,2.66
2013.12.10 13:30:16.353,1.50448,1.50468,1.00,2.58
2013.12.10 13:30:17.016,1.50447,1.50467,1.65,2.88
2013.12.10 13:30:17.239,1.50447,1.50467,1.65,1.38
2013.12.10 13:30:17.745,1.50447,1.50467,1.58,1.50
2013.12.10 13:30:19.128,1.50447,1.50467,1.10,1.38
2013.12.10 13:30:20.644,1.50447,1.50467,1.50,6.00
2013.12.10 13:30:21.106,1.50452,1.50467,1.00,5.25
2013.12.10 13:30:21.208,1.50452,1.50467,1.00,5.25
2013.12.10 13:30:22.182,1.50452,1.50467,1.00,4.58
2013.12.10 13:30:23.511,1.50453,1.50466,1.00,2.33
2013.12.10 13:30:27.910,1.50454,1.50466,1.00,2.50
2013.12.10 13:30:29.311,1.50454,1.50465,1.00,1.00
2013.12.10 13:30:31.760,1.50453,1.50465,1.00,1.00
2013.12.10 13:30:31.948,1.50453,1.50467,1.00,1.13
2013.12.10 13:30:32.201,1.50454,1.50467,1.08,1.00
2013.12.10 13:30:32.822,1.50454,1.50467,1.00,1.38
2013.12.10 13:30:33.438,1.50452,1.50467,1.00,1.38
2013.12.10 13:30:34.009,1.50452,1.50467,1.00,1.13
2013.12.10 13:30:34.622,1.50451,1.50467,1.00,1.13
2013.12.10 13:30:34.673,1.50451,1.50467,1.00,2.26
2013.12.10 13:30:34.775,1.50447,1.50464,1.18,3.23
2013.12.10 13:30:34.826,1.50447,1.50463,1.18,2.73
2013.12.10 13:30:34.928,1.50443,1.50463,1.00,3.48
2013.12.10 13:30:35.080,1.50441,1.5046,1.00,1.00
2013.12.10 13:30:35.283,1.50441,1.5046,1.38,1.00
2013.12.10 13:30:35.435,1.50451,1.5046,1.00,1.00
2013.12.10 13:30:35.821,1.50453,1.5046,1.00,1.13
2013.12.10 13:30:36.163,1.50454,1.5046,1.00,1.00
2013.12.10 13:30:36.710,1.50453,1.5046,1.00,1.13
2013.12.10 13:30:36.864,1.50441,1.50458,1.30,2.28
2013.12.10 13:30:36.965,1.50441,1.50457,1.30,1.00
2013.12.10 13:30:37.016,1.50441,1.50457,1.00,1.13
2013.12.10 13:30:38.357,1.50441,1.50454,1.00,1.00
2013.12.10 13:30:38.459,1.50441,1.50454,1.00,1.00
2013.12.10 13:30:43.447,1.5044,1.50454,1.00,1.00
2013.12.10 13:30:44.719,1.5044,1.50454,1.00,1.00
2013.12.10 13:30:45.260,1.5044,1.50454,1.00,1.13
2013.12.10 13:30:45.762,1.5044,1.50454,1.00,1.00
2013.12.10 13:30:46.758,1.50441,1.50454,1.00,1.00
2013.12.10 13:30:47.413,1.5044,1.50454,1.00,1.13
2013.12.10 13:30:49.055,1.50437,1.50454,1.55,1.13
2013.12.10 13:30:50.187,1.50437,1.50454,1.13,1.00
2013.12.10 13:30:51.152,1.50439,1.50454,1.00,1.00
2013.12.10 13:30:51.507,1.50439,1.50455,1.13,1.00
2013.12.10 13:30:52.024,1.50439,1.50456,1.88,1.00
2013.12.10 13:30:52.075,1.50439,1.50457,1.88,1.50
2013.12.10 13:30:52.378,1.50441,1.50457,1.00,1.00
2013.12.10 13:30:52.702,1.50443,1.50457,1.00,1.13
2013.12.10 13:30:53.252,1.50444,1.50457,1.00,1.13
2013.12.10 13:30:54.458,1.50445,1.50457,1.00,1.13
2013.12.10 13:30:54.762,1.50445,1.5046,1.00,1.38
2013.12.10 13:30:54.812,1.50447,1.5046,1.00,1.13
2013.12.10 13:30:55.345,1.50446,1.5046,1.00,1.00
2013.12.10 13:30:56.438,1.50445,1.50461,1.38,1.00
2013.12.10 13:30:56.741,1.50444,1.50461,1.18,1.00
2013.12.10 13:30:57.090,1.50448,1.50461,1.00,1.00
2013.12.10 13:30:58.299,1.50449,1.50461,1.00,1.00
2013.12.10 13:30:59.839,1.50448,1.50461,1.00,1.00
2013.12.10 13:31:00.179,1.50451,1.50461,1.00,1.00
2013.12.10 13:31:00.488,1.50453,1.50461,1.00,1.00
2013.12.10 13:31:01.647,1.5045,1.50461,1.00,1.00
2013.12.10 13:31:02.287,1.50451,1.50461,1.00,1.00
2013.12.10 13:31:02.717,1.50449,1.50461,1.00,1.00
2013.12.10 13:31:05.779,1.50446,1.50461,1.00,1.00
2013.12.10 13:31:09.091,1.50442,1.50461,1.48,1.00
2013.12.10 13:31:09.193,1.5044,1.50459,1.10,2.88
2013.12.10 13:31:09.875,1.5044,1.50459,1.10,3.01
2013.12.10 13:31:10.071,1.50443,1.50459,1.00,3.01
2013.12.10 13:31:10.587,1.50443,1.50459,1.00,3.16
2013.12.10 13:31:11.105,1.50443,1.50458,1.00,2.88
2013.12.10 13:31:11.750,1.50442,1.50457,1.00,1.00
2013.12.10 13:31:14.139,1.50442,1.50457,1.00,2.88
2013.12.10 13:31:14.342,1.50443,1.50457,1.00,1.13
2013.12.10 13:31:14.393,1.5045,1.50457,1.00,1.13
2013.12.10 13:31:14.443,1.5045,1.5046,1.00,1.00
2013.12.10 13:31:14.646,1.5045,1.50462,1.00,1.00
2013.12.10 13:31:14.949,1.5045,1.50462,1.00,1.00
2013.12.10 13:31:16.114,1.5045,1.50462,1.00,1.00
2013.12.10 13:31:16.380,1.50454,1.50463,1.00,1.00
2013.12.10 13:31:16.431,1.50454,1.50465,1.00,1.13
2013.12.10 13:31:16.640,1.50454,1.50465,1.00,1.00
2013.12.10 13:31:17.179,1.50454,1.50465,1.00,1.00
2013.12.10 13:31:17.717,1.50454,1.50465,1.00,1.38
2013.12.10 13:31:18.283,1.50454,1.50465,1.00,1.00
2013.12.10 13:31:18.782,1.5045,1.50465,1.38,1.00
2013.12.10 13:31:18.935,1.5045,1.50465,1.13,1.00
2013.12.10 13:31:19.362,1.50453,1.50465,1.00,1.00
2013.12.10 13:31:19.564,1.50448,1.50465,1.13,1.00
2013.12.10 13:31:19.615,1.50458,1.50465,1.35,1.20
2013.12.10 13:31:19.767,1.50465,1.50472,1.00,1.20
2013.12.10 13:31:20.121,1.50456,1.50472,1.50,1.00
2013.12.10 13:31:20.182,1.50456,1.50472,1.13,1.38
2013.12.10 13:31:20.780,1.50456,1.50472,1.13,1.13
2013.12.10 13:31:20.881,1.50454,1.50472,1.00,1.13
2013.12.10 13:31:20.932,1.50452,1.5047,1.13,2.13
2013.12.10 13:31:21.649,1.50454,1.50471,1.00,1.38
2013.12.10 13:31:21.952,1.50456,1.50471,1.00,1.38
2013.12.10 13:31:22.262,1.50456,1.50471,1.00,1.13
2013.12.10 13:31:22.582,1.50456,1.5047,1.00,1.00
2013.12.10 13:31:22.684,1.50453,1.5047,1.00,1.58
2013.12.10 13:31:22.785,1.50451,1.5047,1.00,3.03
2013.12.10 13:31:22.887,1.5045,1.50468,1.00,3.63
2013.12.10 13:31:22.988,1.5045,1.50467,1.00,3.78
2013.12.10 13:31:23.191,1.50446,1.50466,1.00,4.38
2013.12.10 13:31:23.709,1.50446,1.50466,1.00,4.38
2013.12.10 13:31:23.861,1.5045,1.50466,1.00,4.38
2013.12.10 13:31:23.911,1.5045,1.50466,1.00,4.38
2013.12.10 13:31:23.962,1.50452,1.50466,1.00,3.38
2013.12.10 13:31:24.013,1.50452,1.50467,1.00,2.33
2013.12.10 13:31:24.569,1.5045,1.50467,1.50,1.48
2013.12.10 13:31:25.655,1.50452,1.50467,1.00,1.50
2013.12.10 13:31:25.757,1.5045,1.50467,1.00,1.38
2013.12.10 13:31:26.204,1.50452,1.50467,1.00,1.50
2013.12.10 13:31:26.441,1.50452,1.50467,1.00,1.50
2013.12.10 13:31:26.745,1.50453,1.50469,1.00,1.75
2013.12.10 13:31:26.847,1.50453,1.50469,1.00,1.75
2013.12.10 13:31:26.999,1.50455,1.50471,1.00,1.38
2013.12.10 13:31:27.101,1.50455,1.50471,1.00,1.38
2013.12.10 13:31:27.167,1.50457,1.50473,1.00,2.25
2013.12.10 13:31:27.567,1.50455,1.50473,1.00,2.25
2013.12.10 13:31:27.669,1.50453,1.50472,1.00,2.58
2013.12.10 13:31:28.351,1.50453,1.50472,1.00,2.58
2013.12.10 13:31:28.715,1.50456,1.50472,1.00,1.10
2013.12.10 13:31:28.915,1.50454,1.50472,1.13,1.00
2013.12.10 13:31:29.168,1.50454,1.50472,1.00,2.51
2013.12.10 13:31:29.473,1.5045,1.5047,1.50,1.38
2013.12.10 13:31:30.022,1.5045,1.50468,1.13,1.00
2013.12.10 13:31:30.580,1.5045,1.50468,1.30,1.00
2013.12.10 13:31:31.394,1.5045,1.50468,1.38,1.00
2013.12.10 13:31:32.004,1.5045,1.50468,1.13,1.00
2013.12.10 13:31:32.348,1.50456,1.50468,1.00,1.00
2013.12.10 13:31:33.081,1.50451,1.50468,1.13,1.00
2013.12.10 13:31:33.898,1.50455,1.50468,1.00,1.00
2013.12.10 13:31:34.847,1.50455,1.50468,1.00,1.00
2013.12.10 13:31:35.101,1.50451,1.50468,1.00,1.00
2013.12.10 13:31:35.405,1.50445,1.50467,1.38,2.41
2013.12.10 13:31:35.456,1.50444,1.50463,1.48,3.63
2013.12.10 13:31:35.507,1.50444,1.50462,1.20,2.13
2013.12.10 13:31:35.558,1.50444,1.5046,1.13,2.20
2013.12.10 13:31:35.659,1.5044,1.50459,1.38,2.65
2013.12.10 13:31:36.946,1.5044,1.50459,1.38,3.03
2013.12.10 13:31:37.311,1.5044,1.50458,1.38,4.30
2013.12.10 13:31:37.412,1.50439,1.50455,1.38,3.53
2013.12.10 13:31:37.564,1.50437,1.50452,1.38,2.63
2013.12.10 13:31:37.666,1.50439,1.50452,1.00,1.00
2013.12.10 13:31:37.969,1.50441,1.50453,1.20,1.00
2013.12.10 13:31:38.273,1.50461,1.50466,1.00,1.13
2013.12.10 13:31:38.323,1.50462,1.50475,1.00,1.35
2013.12.10 13:31:38.425,1.50462,1.5048,1.18,1.13
2013.12.10 13:31:38.526,1.50462,1.5048,1.48,2.13
2013.12.10 13:31:38.628,1.50463,1.5048,1.13,2.43
2013.12.10 13:31:38.931,1.50476,1.50484,1.38,1.68
2013.12.10 13:31:38.982,1.50476,1.50484,1.38,1.15
2013.12.10 13:31:39.184,1.50476,1.50493,1.38,1.18
2013.12.10 13:31:39.710,1.50476,1.50493,1.38,1.10
2013.12.10 13:31:40.166,1.50481,1.50495,1.13,1.15
2013.12.10 13:31:40.289,1.50478,1.50495,1.38,1.20
2013.12.10 13:31:40.390,1.50478,1.50494,1.38,4.50
2013.12.10 13:31:40.598,1.50478,1.50495,1.38,1.28
2013.12.10 13:31:40.649,1.50476,1.50495,1.88,1.18
2013.12.10 13:31:40.751,1.50476,1.50495,1.88,1.18
2013.12.10 13:31:41.139,1.50476,1.50493,1.38,1.00
2013.12.10 13:31:41.245,1.50479,1.50495,1.13,1.15
2013.12.10 13:31:41.296,1.50479,1.50495,1.38,1.15
2013.12.10 13:31:41.599,1.50481,1.50497,1.88,1.13
2013.12.10 13:31:42.169,1.50481,1.50497,1.88,1.13
2013.12.10 13:31:42.522,1.50481,1.50497,1.38,1.00
2013.12.10 13:31:42.674,1.50482,1.50498,1.38,2.63
2013.12.10 13:31:43.297,1.50481,1.50498,1.38,2.88
2013.12.10 13:31:46.155,1.50481,1.50498,1.88,1.48
2013.12.10 13:31:47.642,1.50481,1.50498,1.38,1.00
2013.12.10 13:31:48.703,1.50477,1.50495,1.38,2.65
2013.12.10 13:31:48.754,1.50479,1.50495,1.38,3.40
2013.12.10 13:31:48.804,1.50479,1.50493,1.38,2.51
2013.12.10 13:31:48.855,1.50475,1.50492,1.75,2.91
2013.12.10 13:31:49.007,1.50471,1.50489,1.38,1.00
2013.12.10 13:31:49.219,1.5047,1.50487,1.88,1.00
2013.12.10 13:31:49.768,1.50468,1.50487,1.38,1.00
2013.12.10 13:31:51.599,1.50468,1.50487,1.38,1.00
2013.12.10 13:31:51.801,1.50469,1.50487,1.38,1.00
2013.12.10 13:31:51.903,1.50466,1.50487,1.88,1.00
2013.12.10 13:31:52.054,1.50466,1.50487,1.00,2.71
2013.12.10 13:31:52.156,1.50463,1.50486,1.38,5.20
2013.12.10 13:31:52.459,1.50473,1.50486,1.00,1.95
2013.12.10 13:31:52.561,1.50473,1.50489,1.00,1.13
2013.12.10 13:31:52.612,1.50476,1.50491,1.00,1.13
2013.12.10 13:31:52.926,1.50475,1.50491,1.50,1.00
2013.12.10 13:31:53.027,1.50475,1.50491,1.13,1.13
2013.12.10 13:31:53.128,1.50481,1.50497,1.13,2.70
2013.12.10 13:31:53.179,1.50481,1.50497,1.88,1.00
2013.12.10 13:31:53.334,1.50481,1.50497,1.13,1.13
2013.12.10 13:31:53.486,1.50475,1.50494,1.10,4.46
2013.12.10 13:31:54.009,1.50477,1.50494,1.00,4.53
2013.12.10 13:31:54.163,1.50472,1.50491,1.28,2.13
2013.12.10 13:31:54.213,1.50472,1.5049,1.28,2.13
2013.12.10 13:31:54.568,1.50471,1.50488,1.38,2.13
2013.12.10 13:31:54.670,1.50471,1.50488,1.00,2.13
2013.12.10 13:31:54.926,1.50471,1.50488,1.50,1.00
2013.12.10 13:31:55.236,1.50471,1.50488,1.50,1.38
2013.12.10 13:31:55.765,1.50471,1.50488,1.50,1.38
2013.12.10 13:31:56.550,1.50472,1.50488,1.80,1.38
2013.12.10 13:31:56.652,1.50476,1.50494,1.88,1.58
2013.12.10 13:31:56.703,1.50476,1.50494,1.88,1.13
2013.12.10 13:31:57.059,1.50484,1.50496,1.13,1.38
2013.12.10 13:31:57.463,1.50486,1.50501,1.00,1.55
2013.12.10 13:31:57.518,1.50486,1.50501,1.00,1.55
2013.12.10 13:31:57.620,1.50484,1.50501,2.25,1.20
2013.12.10 13:31:58.418,1.50483,1.50501,1.38,1.00
2013.12.10 13:31:58.739,1.50487,1.50501,1.00,1.38
2013.12.10 13:31:59.440,1.50485,1.50501,1.00,1.38
2013.12.10 13:32:00.060,1.50486,1.50501,1.00,1.38
2013.12.10 13:32:00.487,1.50486,1.50501,1.00,1.38
2013.12.10 13:32:00.842,1.50482,1.50501,1.13,1.88
2013.12.10 13:32:00.922,1.50482,1.50501,1.00,1.88
2013.12.10 13:32:01.278,1.50486,1.50501,1.00,1.13
2013.12.10 13:32:02.189,1.50485,1.50501,1.00,1.55
2013.12.10 13:32:02.593,1.50485,1.505,1.00,2.21
2013.12.10 13:32:03.108,1.50485,1.50499,1.00,2.20
2013.12.10 13:32:03.720,1.50484,1.50499,1.13,2.20
2013.12.10 13:32:04.150,1.50484,1.50499,1.13,1.00
2013.12.10 13:32:04.632,1.50481,1.50499,2.63,2.63
2013.12.10 13:32:05.039,1.50481,1.50499,2.63,1.28
2013.12.10 13:32:05.570,1.50485,1.50499,1.00,1.55
2013.12.10 13:32:06.253,1.50486,1.50499,1.00,1.18
2013.12.10 13:32:06.606,1.50486,1.505,1.00,1.10
2013.12.10 13:32:06.708,1.50489,1.505,1.00,1.00
2013.12.10 13:32:07.252,1.50489,1.505,1.00,1.00
2013.12.10 13:32:08.342,1.50484,1.505,1.00,1.00
2013.12.10 13:32:08.919,1.50482,1.505,1.38,1.38
2013.12.10 13:32:09.070,1.50482,1.505,1.00,1.38
2013.12.10 13:32:09.121,1.50481,1.505,1.20,1.75
2013.12.10 13:32:09.424,1.50476,1.50494,1.53,1.00
2013.12.10 13:32:09.936,1.50475,1.50493,1.20,1.50
2013.12.10 13:32:10.469,1.50478,1.50493,1.20,2.13
2013.12.10 13:32:10.519,1.50478,1.50493,1.20,2.13
2013.12.10 13:32:10.722,1.50475,1.50493,1.20,2.13
2013.12.10 13:32:10.823,1.50475,1.50493,1.95,1.88
2013.12.10 13:32:10.924,1.50475,1.50492,1.20,1.00
2013.12.10 13:32:10.975,1.50474,1.50492,1.45,1.00
2013.12.10 13:32:11.513,1.50474,1.50491,1.38,1.00
2013.12.10 13:32:11.716,1.5047,1.5049,1.58,2.58
2013.12.10 13:32:13.805,1.50472,1.5049,1.50,2.28
2013.12.10 13:32:14.421,1.50469,1.5049,2.25,2.28
2013.12.10 13:32:14.624,1.50472,1.50489,1.00,2.28
2013.12.10 13:32:14.826,1.5047,1.50489,1.48,2.20
2013.12.10 13:32:14.928,1.5047,1.50489,1.55,1.00
2013.12.10 13:32:15.080,1.50468,1.50487,1.20,2.13
2013.12.10 13:32:15.181,1.5047,1.50486,1.00,1.00
2013.12.10 13:32:15.383,1.50467,1.50485,1.00,2.13
2013.12.10 13:32:15.856,1.50469,1.50485,1.00,1.00
2013.12.10 13:32:16.130,1.50471,1.50485,1.00,1.00
2013.12.10 13:32:16.480,1.5047,1.50485,1.38,1.00
2013.12.10 13:32:17.338,1.5047,1.50485,1.38,1.00
2013.12.10 13:32:17.490,1.5047,1.50488,2.55,1.00
2013.12.10 13:32:17.692,1.5047,1.50488,2.63,1.00
2013.12.10 13:32:17.892,1.5047,1.50488,1.80,1.00
2013.12.10 13:32:18.044,1.50474,1.50489,1.38,1.00
2013.12.10 13:32:18.546,1.50474,1.50489,1.13,1.00
2013.12.10 13:32:19.539,1.50482,1.50489,1.00,1.00
2013.12.10 13:32:19.793,1.50484,1.50498,1.00,1.00
2013.12.10 13:32:19.895,1.50481,1.50498,1.65,1.88
2013.12.10 13:32:20.097,1.5048,1.50498,1.00,2.25
2013.12.10 13:32:20.654,1.50477,1.50498,1.53,2.26
2013.12.10 13:32:20.839,1.50477,1.50498,1.53,3.00
2013.12.10 13:32:21.142,1.50476,1.50493,1.38,2.58
2013.12.10 13:32:21.193,1.50476,1.50493,1.38,2.58
2013.12.10 13:32:21.885,1.50475,1.50493,2.08,1.00
2013.12.10 13:32:22.180,1.50476,1.50493,1.38,1.00
2013.12.10 13:32:22.704,1.50476,1.50493,1.38,1.00
2013.12.10 13:32:23.085,1.50477,1.50495,1.38,1.88
2013.12.10 13:32:23.392,1.50477,1.50495,1.15,2.25
2013.12.10 13:32:23.940,1.50477,1.50495,1.38,2.25
2013.12.10 13:32:24.518,1.50477,1.50495,1.13,2.25
2013.12.10 13:32:25.208,1.50477,1.50495,1.13,2.50
2013.12.10 13:32:25.564,1.50477,1.50495,1.13,2.51
2013.12.10 13:32:25.716,1.50476,1.50495,1.58,1.88
2013.12.10 13:32:25.857,1.5048,1.50493,1.13,2.13
2013.12.10 13:32:25.909,1.50482,1.50493,1.38,1.00
2013.12.10 13:32:25.960,1.50482,1.50498,1.38,3.38
2013.12.10 13:32:27.905,1.50482,1.50498,1.00,1.75
2013.12.10 13:32:28.107,1.50476,1.50497,3.38,1.00
2013.12.10 13:32:28.158,1.50476,1.50497,1.38,1.13
2013.12.10 13:32:28.209,1.50479,1.50497,1.10,1.50
2013.12.10 13:32:28.775,1.50477,1.50497,1.15,1.88
2013.12.10 13:32:29.734,1.5048,1.50497,2.25,1.88
2013.12.10 13:32:29.886,1.5048,1.50497,1.08,1.75
2013.12.10 13:32:29.987,1.50479,1.50497,1.10,1.75
2013.12.10 13:32:30.089,1.50479,1.50497,1.75,1.75
2013.12.10 13:32:30.190,1.50483,1.50498,1.38,1.38
2013.12.10 13:32:30.811,1.50483,1.50498,1.00,1.75
2013.12.10 13:32:31.527,1.50484,1.50498,1.00,1.38
2013.12.10 13:32:32.111,1.50481,1.50498,1.18,1.38
2013.12.10 13:32:32.522,1.50483,1.505,1.10,1.88
2013.12.10 13:32:32.623,1.50482,1.505,1.08,1.38
2013.12.10 13:32:32.733,1.50484,1.505,1.00,1.88
2013.12.10 13:32:32.835,1.50484,1.505,1.18,1.88
2013.12.10 13:32:33.039,1.50484,1.505,1.00,1.88
2013.12.10 13:32:34.008,1.50486,1.505,1.00,1.38
2013.12.10 13:32:34.058,1.50486,1.505,1.00,1.13
2013.12.10 13:32:34.110,1.50489,1.50503,1.00,1.38
2013.12.10 13:32:34.161,1.50489,1.50503,1.00,1.38
2013.12.10 13:32:34.363,1.50489,1.50505,1.73,3.00
2013.12.10 13:32:34.476,1.50492,1.50505,1.00,1.13
2013.12.10 13:32:35.417,1.50493,1.50506,1.00,1.38
2013.12.10 13:32:35.518,1.50489,1.50506,1.28,2.13
2013.12.10 13:32:35.619,1.50492,1.50506,1.00,1.38
2013.12.10 13:32:35.772,1.50489,1.50506,1.00,1.38
2013.12.10 13:32:35.823,1.50493,1.50506,1.00,1.48
2013.12.10 13:32:35.924,1.50491,1.50506,1.00,1.38
2013.12.10 13:32:36.143,1.50493,1.50508,1.00,1.38
2013.12.10 13:32:36.245,1.50491,1.50509,1.00,2.25
2013.12.10 13:32:36.550,1.50491,1.50506,1.00,2.58
2013.12.10 13:32:36.601,1.50485,1.50504,1.13,2.70
2013.12.10 13:32:36.703,1.50485,1.50504,1.00,1.88
2013.12.10 13:32:36.854,1.50481,1.50503,2.93,2.78
2013.12.10 13:32:37.568,1.50483,1.50503,1.13,1.38
2013.12.10 13:32:39.137,1.50487,1.50503,1.00,1.38
2013.12.10 13:32:39.448,1.50487,1.50503,1.15,1.38
2013.12.10 13:32:41.599,1.50487,1.50503,1.15,1.38
2013.12.10 13:32:43.398,1.50491,1.50504,1.00,1.38
2013.12.10 13:32:45.783,1.50491,1.50504,1.00,1.38
2013.12.10 13:32:45.936,1.50487,1.50504,1.00,1.38
2013.12.10 13:32:46.423,1.50483,1.50502,1.73,2.96
2013.12.10 13:32:46.854,1.50487,1.50502,1.00,1.38
2013.12.10 13:32:47.107,1.50488,1.50503,1.00,1.13
2013.12.10 13:32:47.648,1.50486,1.50503,3.00,2.13
2013.12.10 13:32:47.920,1.50486,1.50503,1.58,1.38
2013.12.10 13:32:48.224,1.50486,1.50503,1.00,1.88
2013.12.10 13:32:48.275,1.50485,1.50503,2.63,2.13
2013.12.10 13:32:48.427,1.50491,1.50506,1.13,1.00
2013.12.10 13:32:48.479,1.50491,1.50506,1.20,1.00
2013.12.10 13:32:48.833,1.50491,1.50506,1.20,1.00
2013.12.10 13:32:50.279,1.50491,1.50506,1.38,1.13
2013.12.10 13:32:50.915,1.50499,1.50513,1.00,1.38
2013.12.10 13:32:51.464,1.50499,1.50514,1.00,1.50
2013.12.10 13:32:52.389,1.50499,1.50514,1.38,1.50
2013.12.10 13:32:52.945,1.50502,1.50514,1.00,1.00
2013.12.10 13:32:53.866,1.505,1.50514,1.38,1.00
2013.12.10 13:32:54.458,1.50499,1.50514,1.00,1.13
2013.12.10 13:32:54.509,1.50499,1.50514,1.00,1.00
2013.12.10 13:32:54.995,1.50497,1.50512,1.00,1.00
2013.12.10 13:32:55.300,1.50496,1.50512,1.75,1.18
2013.12.10 13:32:55.560,1.50491,1.50505,2.18,2.10
2013.12.10 13:32:55.865,1.50479,1.50494,2.85,1.00
2013.12.10 13:32:55.968,1.50479,1.50496,3.23,1.15
2013.12.10 13:32:56.019,1.50479,1.50496,3.30,1.00
2013.12.10 13:32:56.247,1.50487,1.50498,1.13,1.00
2013.12.10 13:32:56.298,1.50487,1.50498,1.38,1.00
2013.12.10 13:32:56.503,1.50485,1.50499,1.75,1.00
2013.12.10 13:32:56.604,1.50485,1.50503,2.40,1.00
2013.12.10 13:32:56.756,1.50485,1.50503,2.40,1.00
2013.12.10 13:32:57.598,1.50485,1.50503,1.58,2.13
2013.12.10 13:32:57.700,1.50485,1.50503,1.00,2.70
2013.12.10 13:32:57.751,1.50481,1.505,1.38,1.00
2013.12.10 13:32:57.954,1.50482,1.50497,1.00,2.23
2013.12.10 13:32:58.468,1.50481,1.50497,1.00,1.18
2013.12.10 13:32:59.220,1.50481,1.50498,1.50,1.20
2013.12.10 13:32:59.372,1.50481,1.50498,1.88,1.00
2013.12.10 13:32:59.877,1.50484,1.50498,1.38,1.00
2013.12.10 13:33:00.339,1.50484,1.50499,1.38,1.00
2013.12.10 13:33:00.687,1.50486,1.50499,1.38,1.00
2013.12.10 13:33:00.790,1.50484,1.50499,1.38,1.00
2013.12.10 13:33:01.043,1.50484,1.50499,1.13,1.00
2013.12.10 13:33:01.479,1.50484,1.50499,1.38,1.00
2013.12.10 13:33:02.022,1.50484,1.50499,1.38,1.00
2013.12.10 13:33:02.648,1.50485,1.50499,1.13,1.00
2013.12.10 13:33:03.231,1.50482,1.50499,1.55,1.00
2013.12.10 13:33:03.758,1.5048,1.50498,1.38,3.45
2013.12.10 13:33:03.866,1.50485,1.50498,1.00,1.00
2013.12.10 13:33:04.703,1.5048,1.50498,1.48,1.50
2013.12.10 13:33:05.224,1.5048,1.50498,1.38,1.95
2013.12.10 13:33:05.498,1.50486,1.50498,1.00,1.00
2013.12.10 13:33:06.956,1.50486,1.50498,1.00,1.00
2013.12.10 13:33:07.006,1.50481,1.50498,1.38,1.00
2013.12.10 13:33:07.058,1.50481,1.50498,1.00,1.38
2013.12.10 13:33:07.211,1.50477,1.50497,1.88,1.13
2013.12.10 13:33:07.731,1.50478,1.50497,1.13,3.03
2013.12.10 13:33:07.832,1.50479,1.50497,1.00,1.38
2013.12.10 13:33:07.883,1.5048,1.50497,1.00,1.13
2013.12.10 13:33:08.417,1.50482,1.50497,1.00,1.00
2013.12.10 13:33:08.878,1.50479,1.50497,2.70,2.50
2013.12.10 13:33:09.030,1.50479,1.50493,1.50,1.00
2013.12.10 13:33:09.081,1.50479,1.50494,1.00,1.00
2013.12.10 13:33:09.283,1.50478,1.50494,1.38,1.00
2013.12.10 13:33:09.385,1.50478,1.50494,1.00,1.00
2013.12.10 13:33:09.992,1.50478,1.50494,1.00,1.13
2013.12.10 13:33:10.148,1.50478,1.50494,1.38,1.00
2013.12.10 13:33:10.198,1.50478,1.50495,2.70,1.00
2013.12.10 13:33:10.570,1.5048,1.50495,1.20,1.00
2013.12.10 13:33:10.910,1.50485,1.50499,1.00,1.50
2013.12.10 13:33:10.961,1.50485,1.50499,1.00,1.00
2013.12.10 13:33:11.483,1.50485,1.50499,1.38,1.00
2013.12.10 13:33:13.099,1.50485,1.505,1.38,1.00
2013.12.10 13:33:13.414,1.50485,1.505,1.48,1.00
2013.12.10 13:33:13.566,1.50485,1.50501,1.48,1.00
2013.12.10 13:33:13.870,1.50488,1.50503,1.00,1.38
2013.12.10 13:33:14.174,1.50488,1.50503,1.38,1.00
2013.12.10 13:33:14.480,1.50491,1.50508,1.00,1.53
2013.12.10 13:33:14.783,1.50491,1.50508,1.00,1.20
2013.12.10 13:33:16.299,1.50491,1.50508,1.50,1.28
2013.12.10 13:33:16.350,1.50491,1.50508,1.00,1.00
2013.12.10 13:33:16.654,1.50489,1.50507,1.00,2.93
2013.12.10 13:33:16.958,1.50488,1.50506,1.00,3.26
2013.12.10 13:33:17.296,1.50487,1.50504,1.00,4.40
2013.12.10 13:33:17.651,1.50488,1.50504,1.00,1.28
2013.12.10 13:33:17.753,1.50492,1.50508,1.00,1.95
2013.12.10 13:33:18.057,1.5049,1.50508,1.00,1.53
2013.12.10 13:33:19.154,1.5049,1.50508,1.00,1.38
2013.12.10 13:33:21.119,1.5049,1.50508,1.00,1.45
2013.12.10 13:33:21.332,1.50488,1.50508,1.50,1.38
2013.12.10 13:33:23.744,1.50488,1.50508,1.00,3.63
2013.12.10 13:33:23.795,1.50486,1.50507,1.00,2.98
2013.12.10 13:33:24.100,1.50486,1.50504,1.00,2.68
2013.12.10 13:33:24.202,1.50482,1.50504,1.10,2.66
2013.12.10 13:33:24.405,1.50486,1.50504,1.00,1.65
2013.12.10 13:33:24.557,1.50489,1.50504,1.00,1.50
2013.12.10 13:33:24.608,1.50485,1.50504,1.38,1.00
2013.12.10 13:33:24.984,1.50481,1.505,1.38,3.41
2013.12.10 13:33:25.186,1.50478,1.50498,1.38,2.58
2013.12.10 13:33:25.237,1.5048,1.50498,1.00,1.43
2013.12.10 13:33:25.776,1.5048,1.50498,1.50,1.00
2013.12.10 13:33:26.334,1.50481,1.50498,1.00,1.38
2013.12.10 13:33:27.338,1.5048,1.50498,1.00,1.38
2013.12.10 13:33:27.870,1.5048,1.50498,1.00,1.00
2013.12.10 13:33:28.373,1.50477,1.50498,1.95,1.00
2013.12.10 13:33:29.385,1.50476,1.50498,2.03,1.00
2013.12.10 13:33:29.819,1.50482,1.50498,1.00,1.00
2013.12.10 13:33:30.956,1.50482,1.50498,1.00,1.00
2013.12.10 13:33:31.525,1.50483,1.50498,1.00,1.00
2013.12.10 13:33:35.696,1.50483,1.50498,1.00,1.38
2013.12.10 13:33:35.999,1.50483,1.50498,1.00,1.38
2013.12.10 13:33:36.252,1.50485,1.505,1.50,1.48
2013.12.10 13:33:36.555,1.5049,1.50507,1.00,1.38
2013.12.10 13:33:36.606,1.50488,1.50507,1.00,1.38
2013.12.10 13:33:36.657,1.50488,1.50507,1.00,1.38
2013.12.10 13:33:37.047,1.50489,1.50507,1.00,1.38
2013.12.10 13:33:37.622,1.50488,1.50507,1.50,1.45
2013.12.10 13:33:37.672,1.50488,1.50507,1.50,1.45
2013.12.10 13:33:38.197,1.50488,1.50507,1.00,1.13
2013.12.10 13:33:38.299,1.50485,1.50507,1.58,1.88
2013.12.10 13:33:38.440,1.50485,1.50507,1.95,1.88
2013.12.10 13:33:38.789,1.50489,1.50507,1.00,3.03
2013.12.10 13:33:39.316,1.50489,1.50506,1.00,2.96
2013.12.10 13:33:39.860,1.50489,1.50506,1.00,2.96
2013.12.10 13:33:40.377,1.5049,1.50506,1.00,1.38
2013.12.10 13:33:40.888,1.5049,1.50506,1.00,1.38
2013.12.10 13:33:40.939,1.5049,1.50507,1.00,1.38
2013.12.10 13:33:41.583,1.5049,1.50507,1.00,1.38
2013.12.10 13:33:42.344,1.50488,1.50507,1.00,1.13
2013.12.10 13:33:42.395,1.50488,1.50507,1.00,1.38
2013.12.10 13:33:42.702,1.50488,1.50507,1.00,1.13
2013.12.10 13:33:43.296,1.50487,1.50505,1.88,2.13
2013.12.10 13:33:43.622,1.50489,1.50505,1.00,1.00
2013.12.10 13:33:43.944,1.50487,1.50504,1.50,2.13
2013.12.10 13:33:45.023,1.50487,1.50504,1.88,1.00
2013.12.10 13:33:45.567,1.50492,1.50508,1.00,1.45
2013.12.10 13:33:46.448,1.50493,1.50508,1.00,1.45
2013.12.10 13:33:46.550,1.50493,1.50508,1.00,1.48
2013.12.10 13:33:47.056,1.50492,1.50508,1.00,1.45
2013.12.10 13:33:47.677,1.50492,1.50508,1.00,1.38
2013.12.10 13:33:47.978,1.5049,1.50508,1.00,2.58
2013.12.10 13:33:48.332,1.50493,1.50508,1.00,1.48
2013.12.10 13:33:48.683,1.50491,1.5051,1.50,1.53
2013.12.10 13:33:49.198,1.50491,1.5051,1.00,1.38
2013.12.10 13:33:50.329,1.50493,1.5051,1.00,1.38
2013.12.10 13:33:50.380,1.50493,1.5051,1.00,1.38
2013.12.10 13:33:50.633,1.50503,1.5051,1.00,1.38
2013.12.10 13:33:51.057,1.50499,1.5051,1.13,1.00
2013.12.10 13:33:51.158,1.50499,1.5051,1.38,1.00
2013.12.10 13:33:51.360,1.50499,1.50516,1.88,1.88
2013.12.10 13:33:52.241,1.50501,1.50516,1.00,1.00
2013.12.10 13:33:52.544,1.50505,1.50516,1.00,1.00
2013.12.10 13:33:53.082,1.50505,1.50516,1.00,1.18
2013.12.10 13:33:55.555,1.50505,1.50517,1.00,1.08
2013.12.10 13:33:55.982,1.50505,1.50517,1.00,1.15
2013.12.10 13:33:56.540,1.50505,1.50517,1.00,1.10
2013.12.10 13:33:57.546,1.50503,1.50517,1.00,1.10
2013.12.10 13:33:58.087,1.50503,1.50517,1.00,1.00
2013.12.10 13:33:59.127,1.50504,1.50517,1.00,1.00
2013.12.10 13:34:00.635,1.50501,1.50517,1.00,1.00
2013.12.10 13:34:00.745,1.50497,1.50515,1.28,1.00
2013.12.10 13:34:00.840,1.50497,1.50515,1.13,1.00
2013.12.10 13:34:01.043,1.50494,1.50515,1.38,1.00
2013.12.10 13:34:01.580,1.50494,1.50515,1.13,1.00
2013.12.10 13:34:02.369,1.50494,1.50515,1.75,1.00
2013.12.10 13:34:02.419,1.50499,1.50516,1.00,1.55
2013.12.10 13:34:02.571,1.505,1.50517,1.28,1.38
2013.12.10 13:34:03.092,1.50499,1.50517,1.50,1.38
2013.12.10 13:34:03.143,1.50499,1.50517,1.20,1.38
2013.12.10 13:34:03.361,1.50496,1.50517,1.95,1.00
2013.12.10 13:34:03.727,1.50497,1.50517,1.38,1.13
2013.12.10 13:34:05.740,1.50497,1.50517,1.38,1.00
2013.12.10 13:34:06.192,1.50504,1.50521,1.00,2.70
2013.12.10 13:34:06.297,1.50504,1.50521,1.38,1.10
2013.12.10 13:34:06.450,1.50506,1.50521,1.00,1.00
2013.12.10 13:34:06.999,1.50505,1.50521,1.13,1.00
2013.12.10 13:34:07.327,1.50506,1.50517,1.00,3.30
2013.12.10 13:34:07.378,1.50502,1.50516,1.00,2.33
2013.12.10 13:34:07.429,1.505,1.50516,1.00,2.41
2013.12.10 13:34:07.947,1.505,1.50516,1.00,2.03
2013.12.10 13:34:08.357,1.50496,1.50514,1.00,2.13
2013.12.10 13:34:08.827,1.50496,1.50514,1.00,1.38
2013.12.10 13:34:09.362,1.50499,1.50514,1.00,1.38
2013.12.10 13:34:09.412,1.50499,1.50514,1.00,1.38
2013.12.10 13:34:09.929,1.50499,1.50514,1.00,1.28
2013.12.10 13:34:11.091,1.505,1.50514,1.00,1.28
2013.12.10 13:34:11.616,1.50501,1.50516,1.00,2.70
2013.12.10 13:34:14.686,1.50501,1.50516,1.00,1.08
2013.12.10 13:34:14.787,1.50501,1.50516,1.00,1.00
2013.12.10 13:34:15.203,1.50501,1.50516,1.00,1.38
2013.12.10 13:34:16.076,1.505,1.50516,1.00,1.53
2013.12.10 13:34:16.656,1.505,1.50516,1.00,1.53
2013.12.10 13:34:16.965,1.50498,1.50516,1.00,1.55
2013.12.10 13:34:17.394,1.50498,1.50516,1.00,6.38
2013.12.10 13:34:17.944,1.50499,1.50516,1.00,6.38
2013.12.10 13:34:18.467,1.50498,1.50516,1.00,7.13
2013.12.10 13:34:20.549,1.50496,1.50515,1.00,3.63
2013.12.10 13:34:21.127,1.50496,1.50514,1.00,5.16
2013.12.10 13:34:21.635,1.50497,1.50511,1.00,2.53
2013.12.10 13:34:21.685,1.50497,1.5051,1.00,1.38
2013.12.10 13:34:21.736,1.50486,1.50508,2.03,3.75
2013.12.10 13:34:21.787,1.50486,1.50502,1.58,3.26
2013.12.10 13:34:21.838,1.50486,1.50501,1.00,4.38
2013.12.10 13:34:21.889,1.50483,1.505,1.13,3.46
2013.12.10 13:34:21.940,1.50483,1.505,1.00,3.73
2013.12.10 13:34:22.091,1.50478,1.50497,3.00,2.63
2013.12.10 13:34:22.244,1.50478,1.50497,1.88,2.88
2013.12.10 13:34:23.266,1.50478,1.50497,1.88,4.38
2013.12.10 13:34:23.570,1.5047,1.50487,1.00,2.61
2013.12.10 13:34:23.873,1.50467,1.50484,1.00,2.98
2013.12.10 13:34:23.924,1.50467,1.50484,1.00,2.98
2013.12.10 13:34:24.427,1.50467,1.50484,1.00,1.38
2013.12.10 13:34:25.622,1.50465,1.50484,1.00,1.38
2013.12.10 13:34:25.673,1.50465,1.50484,1.00,1.38
2013.12.10 13:34:26.010,1.50465,1.50484,1.00,1.38
2013.12.10 13:34:26.329,1.50465,1.50484,1.00,1.38
2013.12.10 13:34:27.181,1.50462,1.50484,1.00,3.38
2013.12.10 13:34:27.986,1.50463,1.50484,1.00,3.63
2013.12.10 13:34:28.596,1.5046,1.50479,1.00,2.58
2013.12.10 13:34:28.647,1.5046,1.50479,1.00,2.96
2013.12.10 13:34:28.698,1.50457,1.50477,1.10,1.38
2013.12.10 13:34:28.749,1.50457,1.50477,1.10,1.38
2013.12.10 13:34:28.856,1.50456,1.50477,1.00,3.03
2013.12.10 13:34:29.165,1.50454,1.50473,1.13,2.63
2013.12.10 13:34:29.216,1.50454,1.50473,1.15,1.75
2013.12.10 13:34:29.368,1.50454,1.50472,1.00,2.63
2013.12.10 13:34:30.167,1.50454,1.50472,1.00,2.25
2013.12.10 13:34:30.269,1.50455,1.50472,1.00,1.75
2013.12.10 13:34:30.471,1.50457,1.50473,1.00,1.85
2013.12.10 13:34:32.879,1.50461,1.50473,1.00,1.48
2013.12.10 13:34:33.134,1.50461,1.50473,1.00,1.00
2013.12.10 13:34:34.577,1.50465,1.50477,1.38,1.95
2013.12.10 13:34:34.830,1.50468,1.50482,1.88,1.50
2013.12.10 13:34:34.881,1.50468,1.50482,1.88,1.50
2013.12.10 13:34:35.033,1.50463,1.50479,1.00,2.51
2013.12.10 13:34:35.235,1.5046,1.50479,1.20,1.88
2013.12.10 13:34:35.607,1.5046,1.50477,1.10,2.13
2013.12.10 13:34:36.108,1.50461,1.50478,1.00,1.38
2013.12.10 13:34:37.122,1.50459,1.50478,1.50,1.38
2013.12.10 13:34:37.426,1.50456,1.50477,1.00,7.40
2013.12.10 13:34:37.931,1.50454,1.50476,1.30,4.21
2013.12.10 13:34:38.920,1.50454,1.50473,1.13,2.20
2013.12.10 13:34:40.164,1.50454,1.50473,1.13,1.38
2013.12.10 13:34:41.558,1.50457,1.50473,1.00,2.70
2013.12.10 13:34:42.257,1.50453,1.50473,1.35,2.98
2013.12.10 13:34:43.228,1.50453,1.50473,1.35,4.48
2013.12.10 13:34:44.035,1.50454,1.50473,1.00,6.38
2013.12.10 13:34:44.136,1.50452,1.50472,1.00,3.63
2013.12.10 13:34:44.238,1.50451,1.50472,1.38,2.63
2013.12.10 13:34:44.867,1.50451,1.50472,1.13,2.63
2013.12.10 13:34:45.554,1.50451,1.50472,1.28,1.38
2013.12.10 13:34:46.675,1.50455,1.50472,1.00,1.38
2013.12.10 13:34:46.877,1.50453,1.50472,1.20,1.38
2013.12.10 13:34:46.981,1.50457,1.50472,1.00,1.88
2013.12.10 13:34:47.549,1.50455,1.50472,1.00,1.38
2013.12.10 13:34:47.650,1.50452,1.50472,1.38,1.38
2013.12.10 13:34:48.685,1.5045,1.50472,1.28,3.08
2013.12.10 13:34:48.938,1.5045,1.50472,2.18,2.70
2013.12.10 13:34:49.267,1.50458,1.50472,1.00,1.00
2013.12.10 13:34:49.860,1.50458,1.50476,1.00,1.75
2013.12.10 13:34:49.962,1.50458,1.50476,1.00,1.50
2013.12.10 13:34:50.475,1.50458,1.50476,1.08,1.50
2013.12.10 13:34:50.687,1.50458,1.50476,1.08,1.13
2013.12.10 13:34:50.788,1.50458,1.50476,1.50,1.13
2013.12.10 13:34:51.311,1.50459,1.50476,1.38,1.00
2013.12.10 13:34:51.362,1.50459,1.50476,1.13,2.13
2013.12.10 13:34:51.865,1.50459,1.50476,1.13,2.88
2013.12.10 13:34:51.971,1.50459,1.50476,1.13,2.88
2013.12.10 13:34:52.072,1.5046,1.50476,1.00,2.13
2013.12.10 13:34:52.427,1.50461,1.50477,1.08,1.75
2013.12.10 13:34:52.680,1.50462,1.50477,1.18,1.13
2013.12.10 13:34:52.781,1.50464,1.50479,1.00,1.38
2013.12.10 13:34:53.219,1.50464,1.50479,1.00,1.13
2013.12.10 13:34:53.734,1.50465,1.50479,1.00,1.38
2013.12.10 13:34:53.835,1.50465,1.5048,1.00,1.00
2013.12.10 13:34:53.886,1.50467,1.50483,1.00,2.25
2013.12.10 13:34:53.987,1.50467,1.50483,1.00,1.88
2013.12.10 13:34:56.396,1.50467,1.50483,1.00,1.88
2013.12.10 13:34:57.890,1.50467,1.50483,1.08,1.38
2013.12.10 13:34:59.377,1.50467,1.50483,1.08,1.38
2013.12.10 13:34:59.428,1.50466,1.50483,1.00,1.38
2013.12.10 13:34:59.996,1.50464,1.50483,1.15,1.38
2013.12.10 13:35:00.136,1.50464,1.50483,1.15,1.13
2013.12.10 13:35:02.118,1.50465,1.50483,1.20,1.38
2013.12.10 13:35:04.056,1.50466,1.50483,1.00,2.03
2013.12.10 13:35:04.498,1.50468,1.50483,1.00,1.38
2013.12.10 13:35:04.549,1.50468,1.50485,1.50,1.58
2013.12.10 13:35:05.132,1.50468,1.50485,1.88,1.00
2013.12.10 13:35:06.373,1.50467,1.50485,1.38,1.00
2013.12.10 13:35:06.424,1.50467,1.50485,1.13,1.00
2013.12.10 13:35:06.476,1.50469,1.50485,1.00,1.38
2013.12.10 13:35:06.780,1.50468,1.50482,1.00,2.58
2013.12.10 13:35:06.983,1.50467,1.50482,1.00,3.33
2013.12.10 13:35:07.598,1.50464,1.50482,1.38,1.00
2013.12.10 13:35:07.955,1.50464,1.50479,1.38,1.00
2013.12.10 13:35:08.056,1.50464,1.50481,1.38,1.13
2013.12.10 13:35:08.569,1.50466,1.50482,1.13,1.13
2013.12.10 13:35:09.248,1.50466,1.50482,1.00,1.38
2013.12.10 13:35:09.755,1.50466,1.50482,1.00,1.38
2013.12.10 13:35:10.352,1.50466,1.50482,1.00,1.38
2013.12.10 13:35:10.939,1.50463,1.50482,1.58,1.45
2013.12.10 13:35:11.143,1.5046,1.50481,1.00,3.03
2013.12.10 13:35:12.047,1.50461,1.50481,1.10,3.03
2013.12.10 13:35:12.728,1.50461,1.50481,1.00,1.38
2013.12.10 13:35:14.149,1.50458,1.50479,1.20,1.00
2013.12.10 13:35:14.708,1.50459,1.50479,1.00,1.13
2013.12.10 13:35:19.937,1.50459,1.50478,1.38,2.13
2013.12.10 13:35:20.441,1.50463,1.50478,1.00,1.50
2013.12.10 13:35:20.542,1.5046,1.50478,1.58,1.50
2013.12.10 13:35:21.050,1.5046,1.50478,1.38,2.25
2013.12.10 13:35:23.921,1.5046,1.50478,1.38,1.00
2013.12.10 13:35:24.459,1.50462,1.50479,1.38,1.13
2013.12.10 13:35:26.769,1.50462,1.50479,1.00,1.38
2013.12.10 13:35:26.870,1.50458,1.50479,1.58,2.13
2013.12.10 13:35:27.195,1.50458,1.50479,1.58,2.13
2013.12.10 13:35:28.210,1.50458,1.50479,1.58,1.00
2013.12.10 13:35:28.421,1.50459,1.50479,1.13,1.00
2013.12.10 13:35:28.472,1.50463,1.50479,1.00,1.38
2013.12.10 13:35:28.927,1.50463,1.50481,1.55,1.38
2013.12.10 13:35:29.448,1.50463,1.50481,1.53,1.13
2013.12.10 13:35:30.458,1.50464,1.50481,1.20,1.00
2013.12.10 13:35:30.712,1.50463,1.50481,1.53,1.00
2013.12.10 13:35:30.813,1.50463,1.50481,1.20,1.38
2013.12.10 13:35:31.454,1.50462,1.50481,1.38,1.13
2013.12.10 13:35:32.086,1.50462,1.50481,1.13,1.38
2013.12.10 13:35:32.766,1.50462,1.50481,1.00,1.38
2013.12.10 13:35:34.167,1.5046,1.50481,1.48,2.96
2013.12.10 13:35:34.527,1.50464,1.50481,1.00,1.55
2013.12.10 13:35:34.578,1.50464,1.50483,1.00,4.50
2013.12.10 13:35:35.084,1.50465,1.50483,1.00,1.48
2013.12.10 13:35:35.605,1.50465,1.50483,1.00,1.48
2013.12.10 13:35:38.257,1.50467,1.50483,1.00,1.38
2013.12.10 13:35:38.830,1.50467,1.50483,1.00,1.38
2013.12.10 13:35:38.938,1.50467,1.50483,1.00,1.13
2013.12.10 13:35:39.091,1.5047,1.50483,1.00,1.00
2013.12.10 13:35:39.246,1.50466,1.50482,1.00,2.13
2013.12.10 13:35:39.347,1.50462,1.50482,1.55,1.00
2013.12.10 13:35:39.673,1.50463,1.50482,1.20,1.13
2013.12.10 13:35:40.598,1.50463,1.5048,1.20,2.13
2013.12.10 13:35:41.144,1.50463,1.5048,1.20,2.13
2013.12.10 13:35:41.195,1.50462,1.5048,1.53,2.13
2013.12.10 13:35:41.792,1.50462,1.5048,1.95,2.13
2013.12.10 13:35:41.944,1.5046,1.50478,1.95,2.13
2013.12.10 13:35:42.473,1.5046,1.50478,1.15,2.13
2013.12.10 13:35:42.999,1.5046,1.50478,1.18,2.13
2013.12.10 13:35:43.508,1.5046,1.50478,1.10,2.13
2013.12.10 13:35:43.627,1.5046,1.50478,1.10,1.13
2013.12.10 13:35:44.694,1.50457,1.50478,1.20,1.13
2013.12.10 13:35:44.796,1.5046,1.50478,1.00,1.38
2013.12.10 13:35:45.226,1.50464,1.50478,1.00,1.13
2013.12.10 13:35:45.589,1.50464,1.5048,1.08,1.50
2013.12.10 13:35:46.255,1.50464,1.5048,1.18,1.50
2013.12.10 13:35:46.809,1.50464,1.5048,1.10,1.50
2013.12.10 13:35:47.623,1.50464,1.5048,1.08,1.50
2013.12.10 13:35:48.299,1.50465,1.5048,1.08,1.50
2013.12.10 13:35:48.775,1.50461,1.5048,1.28,2.26
2013.12.10 13:35:49.285,1.50461,1.5048,1.18,2.51
2013.12.10 13:35:52.703,1.50461,1.5048,1.00,2.58
2013.12.10 13:35:53.214,1.50461,1.5048,1.00,2.58
2013.12.10 13:35:53.332,1.50465,1.5048,1.00,1.38
2013.12.10 13:35:53.383,1.50465,1.5048,1.00,1.13
2013.12.10 13:35:55.047,1.50465,1.5048,1.00,1.50
2013.12.10 13:35:55.571,1.50464,1.5048,1.00,2.25
2013.12.10 13:35:57.146,1.50464,1.5048,1.00,1.50
2013.12.10 13:35:58.005,1.50464,1.5048,1.00,1.50
2013.12.10 13:35:59.627,1.50464,1.5048,1.13,1.50
2013.12.10 13:36:00.460,1.50463,1.50482,1.13,1.50
2013.12.10 13:36:00.990,1.50463,1.50482,1.13,1.00
2013.12.10 13:36:01.222,1.50463,1.50482,1.00,3.33
2013.12.10 13:36:01.442,1.50463,1.50482,1.00,3.83
2013.12.10 13:36:03.352,1.50461,1.50482,1.00,4.51
2013.12.10 13:36:03.454,1.5046,1.50481,1.00,2.20
2013.12.10 13:36:03.992,1.50461,1.50481,1.13,1.53
2013.12.10 13:36:09.435,1.50461,1.50481,1.13,1.55
2013.12.10 13:36:13.725,1.5046,1.50481,1.00,2.98
2013.12.10 13:36:14.106,1.50463,1.50481,1.00,2.70
2013.12.10 13:36:14.328,1.5046,1.50481,1.13,1.13
2013.12.10 13:36:15.097,1.5046,1.5048,1.13,2.70
2013.12.10 13:36:15.304,1.50462,1.5048,1.00,2.70
2013.12.10 13:36:15.708,1.50462,1.5048,1.00,2.95
2013.12.10 13:36:15.942,1.50461,1.5048,1.00,2.70
2013.12.10 13:36:17.018,1.5046,1.50478,1.13,2.23
2013.12.10 13:36:17.069,1.5046,1.50477,1.38,2.28
2013.12.10 13:36:17.372,1.50456,1.50474,1.13,2.13
2013.12.10 13:36:17.908,1.50456,1.50474,1.13,1.38
2013.12.10 13:36:20.218,1.50456,1.50474,1.00,1.38
2013.12.10 13:36:20.477,1.5046,1.50478,1.88,1.53
2013.12.10 13:36:20.787,1.5046,1.50478,1.00,3.33
2013.12.10 13:36:21.295,1.5046,1.50478,1.00,4.21
2013.12.10 13:36:21.838,1.5046,1.50477,1.00,1.38
2013.12.10 13:36:21.939,1.50454,1.50475,2.03,3.38
2013.12.10 13:36:22.286,1.50454,1.50475,1.65,3.38
2013.12.10 13:36:23.064,1.50457,1.50475,1.00,3.38
2013.12.10 13:36:24.337,1.50456,1.50475,1.00,1.55
2013.12.10 13:36:24.962,1.50454,1.50475,1.00,4.11
2013.12.10 13:36:25.273,1.50456,1.50475,1.00,1.55
2013.12.10 13:36:28.679,1.50454,1.50475,1.00,4.48
2013.12.10 13:36:28.882,1.50457,1.50474,1.00,4.48
2013.12.10 13:36:29.186,1.50459,1.50474,1.00,1.48
2013.12.10 13:36:29.372,1.50454,1.50474,1.20,1.00
2013.12.10 13:36:29.663,1.50456,1.50474,1.00,1.38
2013.12.10 13:36:29.966,1.50461,1.50475,1.00,1.38
2013.12.10 13:36:30.270,1.50474,1.50484,1.00,1.48
2013.12.10 13:36:30.371,1.50471,1.50487,1.00,1.95
2013.12.10 13:36:30.473,1.50471,1.50487,1.00,1.48
2013.12.10 13:36:30.776,1.50473,1.50487,1.00,1.13
2013.12.10 13:36:31.286,1.50472,1.50487,1.00,1.38
2013.12.10 13:36:31.852,1.50472,1.50487,1.00,1.13
2013.12.10 13:36:32.626,1.50472,1.50487,1.00,1.38
2013.12.10 13:36:32.958,1.50468,1.50487,1.13,3.03
2013.12.10 13:36:33.325,1.50468,1.50483,1.00,2.50
2013.12.10 13:36:33.377,1.50463,1.50483,1.38,3.00
2013.12.10 13:36:33.428,1.50462,1.50483,1.20,3.01
2013.12.10 13:36:33.731,1.50466,1.50483,1.00,3.03
2013.12.10 13:36:34.036,1.50462,1.50483,3.38,2.28
2013.12.10 13:36:34.357,1.5046,1.50481,1.88,2.20
2013.12.10 13:36:34.610,1.50465,1.50481,1.00,1.13
2013.12.10 13:36:35.797,1.50465,1.50481,1.00,1.38
2013.12.10 13:36:36.349,1.50465,1.50481,1.13,1.00
2013.12.10 13:36:36.882,1.50465,1.50483,1.00,1.88
2013.12.10 13:36:36.933,1.50465,1.50483,1.38,1.88
2013.12.10 13:36:37.008,1.50465,1.50483,1.00,1.88
2013.12.10 13:36:37.160,1.50468,1.50483,1.13,1.00
2013.12.10 13:36:37.690,1.50468,1.50484,1.38,1.38
2013.12.10 13:36:37.997,1.50468,1.50486,1.13,2.78
2013.12.10 13:36:38.149,1.50468,1.50486,1.38,2.25
2013.12.10 13:36:38.370,1.50468,1.50486,1.13,3.45
2013.12.10 13:36:38.922,1.50468,1.50485,1.38,2.51
2013.12.10 13:36:39.024,1.50468,1.50485,1.00,1.50
2013.12.10 13:36:39.129,1.50466,1.50485,1.00,2.26
2013.12.10 13:36:39.332,1.50462,1.50484,3.23,2.28
2013.12.10 13:36:39.636,1.50466,1.50484,1.00,2.25
2013.12.10 13:36:40.361,1.50466,1.50481,1.00,2.13
2013.12.10 13:36:43.855,1.50467,1.50481,1.00,1.00
2013.12.10 13:36:45.320,1.50466,1.50481,1.00,1.00
2013.12.10 13:36:46.310,1.50466,1.50481,1.00,1.00
2013.12.10 13:36:47.384,1.50466,1.50481,1.00,1.00
2013.12.10 13:36:47.714,1.50466,1.50481,1.00,1.38
2013.12.10 13:36:47.765,1.50466,1.50481,1.00,1.00
2013.12.10 13:36:49.077,1.50466,1.50481,1.00,1.38
2013.12.10 13:36:49.380,1.50467,1.50483,1.00,1.88
2013.12.10 13:36:50.066,1.50466,1.50483,1.00,2.63
2013.12.10 13:36:50.153,1.50466,1.50483,1.00,2.88
2013.12.10 13:36:50.306,1.50467,1.50483,1.00,1.38
2013.12.10 13:36:50.515,1.50465,1.50483,1.00,2.88
2013.12.10 13:36:51.021,1.50465,1.50483,1.00,2.25
2013.12.10 13:36:51.365,1.50465,1.50483,1.05,1.88
2013.12.10 13:36:51.875,1.50466,1.50483,1.00,1.38
2013.12.10 13:36:52.580,1.50466,1.50483,1.00,2.51
2013.12.10 13:36:53.108,1.50466,1.50483,1.00,2.26
2013.12.10 13:36:53.328,1.50466,1.50483,1.00,2.51
2013.12.10 13:36:53.869,1.50466,1.50483,1.00,2.26
2013.12.10 13:36:54.422,1.50466,1.50482,1.00,2.13
2013.12.10 13:36:56.420,1.50465,1.50483,1.88,1.00
2013.12.10 13:36:56.530,1.50467,1.50483,1.38,1.00
2013.12.10 13:36:56.734,1.50466,1.50483,1.13,1.00
2013.12.10 13:36:56.877,1.50466,1.50483,1.38,1.00
2013.12.10 13:36:56.927,1.50467,1.50484,1.38,1.00
2013.12.10 13:36:57.509,1.50467,1.50484,1.38,1.00
2013.12.10 13:36:57.614,1.50467,1.50484,1.00,1.38
2013.12.10 13:36:58.057,1.50465,1.50484,1.88,1.13
2013.12.10 13:36:58.855,1.50465,1.50484,1.88,1.00
2013.12.10 13:36:59.057,1.50465,1.50484,1.50,1.38
2013.12.10 13:36:59.159,1.50465,1.50484,1.88,1.13
2013.12.10 13:36:59.835,1.50465,1.50484,1.50,1.38
2013.12.10 13:37:00.192,1.50465,1.50484,1.88,1.13
2013.12.10 13:37:00.546,1.50469,1.50484,1.00,1.38
2013.12.10 13:37:00.597,1.50469,1.50485,1.00,1.00
2013.12.10 13:37:00.850,1.50467,1.50484,1.38,1.00
2013.12.10 13:37:00.901,1.50467,1.50484,1.00,1.00
2013.12.10 13:37:01.254,1.50462,1.50479,2.25,2.13
2013.12.10 13:37:01.306,1.5046,1.50479,1.80,2.13
2013.12.10 13:37:01.356,1.5046,1.50479,1.10,1.38
2013.12.10 13:37:01.684,1.50465,1.50479,1.00,1.38
2013.12.10 13:37:01.827,1.50465,1.50479,1.00,1.00
2013.12.10 13:37:02.350,1.50465,1.50479,1.00,1.13
2013.12.10 13:37:02.893,1.50465,1.50479,1.00,1.38
2013.12.10 13:37:03.148,1.50465,1.50479,1.00,1.00
2013.12.10 13:37:04.145,1.50461,1.50479,1.10,2.26
2013.12.10 13:37:04.671,1.50461,1.50479,1.10,3.01
2013.12.10 13:37:06.683,1.50461,1.50479,1.00,4.88
2013.12.10 13:37:08.505,1.50461,1.50479,1.00,1.88
2013.12.10 13:37:09.494,1.50461,1.50476,1.10,2.13
2013.12.10 13:37:10.295,1.50461,1.50476,1.48,2.13
2013.12.10 13:37:10.928,1.50463,1.50478,1.10,1.88
2013.12.10 13:37:11.443,1.50464,1.50479,1.00,1.38
2013.12.10 13:37:11.494,1.50461,1.50479,1.20,1.13
2013.12.10 13:37:11.595,1.50462,1.50479,1.00,1.38
2013.12.10 13:37:11.697,1.50462,1.50479,1.00,1.38
2013.12.10 13:37:17.933,1.5046,1.50479,1.58,1.38
2013.12.10 13:37:18.407,1.5046,1.50479,1.08,1.38
2013.12.10 13:37:18.605,1.5046,1.50479,1.08,1.38
2013.12.10 13:37:19.395,1.5046,1.50478,1.08,2.13
2013.12.10 13:37:19.937,1.5046,1.50478,1.15,2.13
2013.12.10 13:37:20.038,1.5046,1.50478,1.20,2.13
2013.12.10 13:37:22.083,1.5046,1.50474,1.00,1.00
2013.12.10 13:37:22.185,1.50458,1.50474,1.00,2.13
2013.12.10 13:37:22.336,1.50456,1.50471,1.00,2.13
2013.12.10 13:37:22.488,1.50457,1.50474,1.08,1.13
2013.12.10 13:37:22.539,1.50461,1.50475,1.00,1.38
2013.12.10 13:37:23.085,1.50461,1.50475,1.00,1.13
2013.12.10 13:37:29.732,1.50461,1.50476,1.10,1.50
2013.12.10 13:37:30.256,1.50461,1.50476,1.10,1.88
2013.12.10 13:37:30.787,1.50461,1.50476,1.10,1.88
2013.12.10 13:37:31.323,1.50461,1.50476,1.10,2.13
2013.12.10 13:37:32.035,1.50461,1.50476,1.48,1.00
2013.12.10 13:37:32.342,1.50465,1.50479,1.00,1.75
2013.12.10 13:37:32.544,1.50456,1.50474,1.45,2.13
2013.12.10 13:37:32.646,1.50459,1.50476,1.13,1.88
2013.12.10 13:37:33.182,1.50459,1.50476,1.28,1.00
2013.12.10 13:37:33.541,1.50458,1.50476,1.53,1.00
2013.12.10 13:37:34.037,1.5046,1.50477,1.20,1.13
2013.12.10 13:37:34.578,1.5046,1.50477,1.20,2.13
2013.12.10 13:37:36.444,1.5046,1.50477,1.28,1.88
2013.12.10 13:37:37.394,1.5046,1.50477,1.58,1.00
2013.12.10 13:37:37.446,1.50463,1.50478,1.00,1.00
2013.12.10 13:37:37.756,1.50469,1.50483,1.00,1.10
2013.12.10 13:37:37.908,1.50469,1.50485,1.00,1.13
2013.12.10 13:37:38.009,1.5047,1.50488,1.20,1.88
2013.12.10 13:37:38.927,1.5047,1.50488,1.08,1.38
2013.12.10 13:37:39.444,1.5047,1.50488,1.00,1.38
2013.12.10 13:37:45.143,1.5047,1.50488,1.08,1.38
2013.12.10 13:37:47.934,1.5047,1.50488,1.08,1.38
2013.12.10 13:37:48.443,1.5047,1.50488,1.00,1.38
2013.12.10 13:37:50.284,1.5047,1.50488,1.38,1.88
2013.12.10 13:37:50.926,1.5047,1.50488,1.45,1.88
2013.12.10 13:37:51.563,1.5047,1.50488,1.45,1.00
2013.12.10 13:37:52.176,1.50473,1.5049,1.13,1.50
2013.12.10 13:37:52.714,1.50472,1.5049,1.38,1.13
2013.12.10 13:37:53.892,1.50471,1.5049,1.88,1.13
2013.12.10 13:37:54.095,1.50471,1.5049,1.88,1.38
2013.12.10 13:37:54.668,1.50474,1.5049,1.10,1.38
2013.12.10 13:37:59.202,1.50472,1.5049,1.15,2.13
2013.12.10 13:38:00.597,1.50473,1.5049,1.18,1.88
2013.12.10 13:38:02.232,1.50473,1.5049,1.10,1.88
2013.12.10 13:38:02.735,1.50471,1.5049,1.88,2.13
2013.12.10 13:38:03.414,1.50471,1.5049,1.50,1.38
2013.12.10 13:38:04.445,1.50471,1.5049,1.50,1.38
2013.12.10 13:38:07.683,1.50471,1.50488,1.50,2.13
2013.12.10 13:38:08.259,1.50471,1.5049,2.25,1.88
2013.12.10 13:38:08.884,1.50474,1.5049,1.20,1.38
2013.12.10 13:38:09.332,1.50474,1.5049,1.20,1.38
2013.12.10 13:38:09.875,1.50474,1.5049,1.28,1.13
2013.12.10 13:38:10.789,1.50474,1.5049,1.58,1.00
2013.12.10 13:38:10.993,1.50477,1.50491,1.00,1.00
2013.12.10 13:38:11.296,1.50481,1.50493,1.00,1.00
2013.12.10 13:38:11.398,1.50481,1.50496,1.18,1.38
2013.12.10 13:38:11.622,1.50481,1.50496,1.58,1.38
2013.12.10 13:38:12.234,1.50481,1.50497,1.58,1.38
2013.12.10 13:38:14.508,1.50481,1.50495,1.50,1.00
2013.12.10 13:38:14.559,1.50481,1.50495,1.10,1.00
2013.12.10 13:38:14.661,1.50477,1.50494,1.45,2.13
2013.12.10 13:38:14.863,1.50477,1.50494,1.48,2.13
2013.12.10 13:38:15.128,1.50479,1.50494,1.18,1.00
2013.12.10 13:38:15.822,1.50479,1.50495,1.15,1.88
2013.12.10 13:38:16.403,1.50479,1.50495,1.28,1.88
2013.12.10 13:38:19.268,1.5048,1.50495,1.08,1.00
2013.12.10 13:38:19.376,1.50479,1.50495,1.28,1.00
2013.12.10 13:38:19.697,1.5048,1.50496,1.08,1.00
2013.12.10 13:38:21.162,1.50479,1.50496,1.28,1.00
2013.12.10 13:38:22.568,1.50479,1.50496,3.45,1.00
2013.12.10 13:38:22.670,1.50479,1.50496,2.03,1.00
2013.12.10 13:38:23.754,1.50479,1.50496,1.88,1.00
2013.12.10 13:38:24.057,1.50491,1.50502,1.13,1.00
2013.12.10 13:38:24.108,1.50496,1.50504,1.00,1.50
2013.12.10 13:38:24.412,1.50496,1.50508,1.38,1.00
2013.12.10 13:38:24.741,1.50498,1.50508,1.55,1.00
2013.12.10 13:38:24.993,1.50507,1.50519,1.00,1.00
2013.12.10 13:38:25.095,1.50505,1.5052,1.88,1.13
2013.12.10 13:38:25.196,1.50509,1.50522,1.00,1.38
2013.12.10 13:38:25.499,1.50504,1.50521,1.55,2.13
2013.12.10 13:38:25.754,1.50509,1.50525,1.00,1.38
2013.12.10 13:38:26.338,1.50506,1.50525,1.15,1.38
2013.12.10 13:38:26.884,1.50505,1.50525,1.58,1.13
2013.12.10 13:38:26.985,1.50505,1.50525,1.08,1.00
2013.12.10 13:38:27.036,1.50504,1.50525,2.78,1.38
2013.12.10 13:38:27.421,1.50504,1.50525,1.13,1.38
2013.12.10 13:38:28.060,1.50504,1.50525,1.28,1.38
2013.12.10 13:38:28.363,1.50511,1.50524,1.00,2.51
2013.12.10 13:38:28.666,1.50499,1.50514,1.10,2.13
2013.12.10 13:38:29.362,1.50499,1.50514,1.10,1.38
2013.12.10 13:38:31.612,1.50499,1.50514,1.00,1.38
2013.12.10 13:38:32.922,1.50499,1.50514,1.50,1.38
2013.12.10 13:38:33.175,1.50505,1.50516,1.10,1.13
2013.12.10 13:38:34.210,1.50505,1.50517,1.00,1.13
2013.12.10 13:38:34.455,1.50503,1.50517,1.00,1.13
2013.12.10 13:38:35.383,1.50503,1.5052,1.13,1.13
2013.12.10 13:38:35.434,1.50503,1.5052,3.38,1.13
2013.12.10 13:38:35.889,1.50509,1.50522,1.00,1.38
2013.12.10 13:38:41.011,1.50509,1.50523,1.00,1.38
2013.12.10 13:38:41.628,1.50509,1.50523,1.00,1.38
2013.12.10 13:38:43.978,1.50509,1.50523,1.00,1.13
2013.12.10 13:38:47.894,1.50508,1.50523,1.10,1.13
2013.12.10 13:38:48.209,1.50511,1.50523,1.00,1.13
2013.12.10 13:38:48.791,1.50514,1.50526,1.00,1.00
2013.12.10 13:38:49.094,1.50515,1.50529,1.18,1.38
2013.12.10 13:38:49.901,1.50515,1.50531,1.18,1.38
2013.12.10 13:38:50.235,1.50519,1.50531,1.00,1.13
2013.12.10 13:38:50.569,1.50516,1.50531,1.10,1.00
2013.12.10 13:38:50.898,1.50519,1.50531,1.00,1.00
2013.12.10 13:38:51.100,1.50517,1.50531,1.00,1.00
2013.12.10 13:38:51.151,1.50517,1.50528,1.00,1.00
2013.12.10 13:38:51.202,1.50515,1.50528,1.00,1.00
2013.12.10 13:38:51.253,1.50515,1.50524,1.00,1.00
2013.12.10 13:38:51.708,1.50515,1.50524,1.00,1.00
2013.12.10 13:38:52.252,1.50514,1.50524,1.00,1.00
2013.12.10 13:38:52.606,1.50514,1.50523,1.00,1.00
2013.12.10 13:38:52.656,1.50512,1.50523,1.00,1.00
2013.12.10 13:38:53.906,1.50512,1.50525,1.00,1.38
2013.12.10 13:38:54.744,1.5051,1.50525,1.00,1.13
2013.12.10 13:38:55.276,1.50511,1.50525,1.00,1.38
2013.12.10 13:38:57.282,1.50511,1.50525,1.00,1.13
2013.12.10 13:38:57.384,1.50513,1.50525,1.00,1.13
2013.12.10 13:38:58.085,1.50513,1.50525,1.00,1.00
2013.12.10 13:38:58.194,1.50511,1.50525,1.10,1.00
2013.12.10 13:38:58.295,1.50516,1.50525,1.00,1.00
2013.12.10 13:38:58.447,1.50516,1.50527,1.00,1.00
2013.12.10 13:38:59.490,1.50516,1.50527,1.00,1.00
2013.12.10 13:38:59.731,1.50516,1.50527,1.00,1.00
2013.12.10 13:39:01.709,1.50516,1.50527,1.38,1.00
2013.12.10 13:39:01.861,1.50517,1.50529,1.00,1.88
2013.12.10 13:39:02.013,1.50519,1.50529,1.00,1.00
2013.12.10 13:39:02.367,1.50519,1.50529,1.00,2.71
2013.12.10 13:39:02.469,1.50513,1.50526,1.38,2.13
2013.12.10 13:39:02.722,1.50508,1.50526,1.38,2.50
2013.12.10 13:39:02.823,1.50508,1.50521,1.38,1.00
2013.12.10 13:39:02.925,1.50509,1.50521,1.38,1.00
2013.12.10 13:39:03.228,1.5051,1.50525,1.73,1.00
2013.12.10 13:39:03.409,1.5051,1.50525,1.73,1.00
2013.12.10 13:39:03.460,1.5051,1.50525,1.73,1.00
2013.12.10 13:39:04.894,1.50511,1.50525,1.38,1.00
2013.12.10 13:39:04.945,1.50511,1.50528,1.48,1.00
2013.12.10 13:39:05.490,1.50511,1.50528,1.48,1.00
2013.12.10 13:39:05.789,1.50508,1.50528,3.23,1.00
2013.12.10 13:39:05.945,1.50509,1.50526,1.60,2.71
2013.12.10 13:39:05.996,1.50508,1.50524,2.10,2.98
2013.12.10 13:39:06.198,1.50502,1.50524,1.38,3.83
2013.12.10 13:39:06.555,1.50506,1.50524,1.38,1.00
2013.12.10 13:39:06.757,1.50505,1.50524,1.50,1.00
2013.12.10 13:39:07.130,1.50505,1.50524,1.38,2.88
2013.12.10 13:39:07.282,1.50505,1.50524,1.38,2.78
2013.12.10 13:39:07.792,1.50502,1.50523,2.55,2.58
2013.12.10 13:39:09.244,1.50509,1.50523,1.13,1.00
2013.12.10 13:39:09.347,1.50505,1.50523,1.38,1.00
2013.12.10 13:39:09.707,1.50507,1.50523,1.88,1.00
2013.12.10 13:39:09.808,1.50507,1.50523,1.38,1.00
2013.12.10 13:39:10.682,1.50507,1.50523,1.13,1.00
2013.12.10 13:39:10.733,1.50507,1.50523,1.13,1.00
2013.12.10 13:39:11.797,1.50506,1.50523,1.13,1.00
2013.12.10 13:39:13.261,1.50503,1.50522,2.48,2.28
2013.12.10 13:39:14.204,1.50503,1.50522,2.48,2.28
2013.12.10 13:39:14.720,1.50502,1.50522,1.50,1.50
2013.12.10 13:39:14.771,1.50502,1.5052,1.50,2.20
2013.12.10 13:39:15.084,1.505,1.50518,1.73,2.20
2013.12.10 13:39:15.185,1.505,1.50518,1.35,2.20
2013.12.10 13:39:15.347,1.505,1.50517,1.73,2.13
2013.12.10 13:39:15.991,1.505,1.50517,2.10,1.00
2013.12.10 13:39:16.944,1.505,1.50517,1.35,2.13
2013.12.10 13:39:17.473,1.50499,1.50516,1.00,2.23
2013.12.10 13:39:17.913,1.50497,1.50516,1.13,2.71
2013.12.10 13:39:18.455,1.50502,1.50515,1.00,2.13
2013.12.10 13:39:18.557,1.50499,1.50517,1.00,2.03
2013.12.10 13:39:18.608,1.50499,1.50517,1.00,2.03
2013.12.10 13:39:18.932,1.50502,1.50517,1.00,1.28
2013.12.10 13:39:18.983,1.50498,1.50517,2.85,2.30
2013.12.10 13:39:20.355,1.50498,1.50517,2.85,1.20
2013.12.10 13:39:20.457,1.50498,1.50516,2.10,2.20
2013.12.10 13:39:20.760,1.50498,1.50516,1.00,3.73
2013.12.10 13:39:23.222,1.50499,1.50516,1.00,1.00
2013.12.10 13:39:23.425,1.50503,1.50516,1.00,1.00
2013.12.10 13:39:23.586,1.50503,1.50516,1.00,1.13
2013.12.10 13:39:23.990,1.50502,1.50516,1.13,1.00
2013.12.10 13:39:24.395,1.50499,1.50515,1.13,2.13
2013.12.10 13:39:24.496,1.50494,1.50514,2.33,3.38
2013.12.10 13:39:24.547,1.50494,1.50514,1.50,5.03
2013.12.10 13:39:24.851,1.50483,1.50505,2.85,3.08
2013.12.10 13:39:24.902,1.50483,1.50505,2.25,3.83
2013.12.10 13:39:25.407,1.50483,1.50501,1.55,2.88
2013.12.10 13:39:25.932,1.50483,1.50501,1.55,1.50
2013.12.10 13:39:26.142,1.50483,1.50501,1.18,1.50
2013.12.10 13:39:26.720,1.50483,1.50501,1.10,1.50
2013.12.10 13:39:27.223,1.50483,1.50501,1.00,2.51
2013.12.10 13:39:28.122,1.50483,1.505,1.00,1.00
2013.12.10 13:39:29.795,1.50482,1.505,1.00,2.88
2013.12.10 13:39:35.907,1.50482,1.505,1.38,2.88
2013.12.10 13:39:36.213,1.50482,1.505,1.38,2.50
2013.12.10 13:39:36.567,1.50482,1.505,1.13,2.13
2013.12.10 13:39:37.762,1.50482,1.505,1.38,1.00
2013.12.10 13:39:38.068,1.50483,1.505,1.53,1.00
2013.12.10 13:39:38.119,1.50483,1.50501,1.53,2.63
2013.12.10 13:39:38.220,1.50483,1.50501,1.53,1.50
2013.12.10 13:39:38.372,1.50488,1.50503,1.38,1.00
2013.12.10 13:39:38.644,1.50488,1.50503,1.38,1.00
2013.12.10 13:39:39.149,1.50488,1.50504,1.00,1.88
2013.12.10 13:39:39.766,1.50486,1.50504,1.38,1.00
2013.12.10 13:39:39.901,1.50486,1.50504,1.13,2.13
2013.12.10 13:39:40.373,1.50486,1.50504,1.13,2.50
2013.12.10 13:39:42.863,1.50486,1.50504,1.00,3.15
2013.12.10 13:39:43.015,1.50486,1.50502,1.00,3.46
2013.12.10 13:39:43.066,1.50484,1.50502,1.00,3.46
2013.12.10 13:39:43.238,1.50484,1.50502,1.00,3.71
2013.12.10 13:39:43.491,1.50484,1.50502,1.00,3.71
2013.12.10 13:39:45.501,1.50484,1.50499,1.00,2.13
2013.12.10 13:39:48.252,1.50484,1.505,1.00,1.88
2013.12.10 13:39:48.846,1.50484,1.50501,1.00,1.38
2013.12.10 13:39:49.383,1.50484,1.50501,1.00,1.38
2013.12.10 13:39:51.047,1.50484,1.50501,1.00,1.38
2013.12.10 13:39:51.552,1.50484,1.50501,1.00,1.38
2013.12.10 13:39:51.707,1.50484,1.50501,1.00,1.38
2013.12.10 13:39:51.968,1.50484,1.50501,1.00,1.38
2013.12.10 13:39:57.323,1.50484,1.50501,1.00,1.38
2013.12.10 13:39:57.526,1.50482,1.50501,1.00,3.83
2013.12.10 13:39:59.403,1.50482,1.50499,1.00,3.41
2013.12.10 13:39:59.763,1.50482,1.50498,1.00,2.88
2013.12.10 13:40:00.442,1.50483,1.50499,1.00,1.50
2013.12.10 13:40:00.545,1.5048,1.50499,1.58,1.38
2013.12.10 13:40:00.646,1.50484,1.50501,1.00,1.88
2013.12.10 13:40:00.698,1.50484,1.50501,1.00,1.88
2013.12.10 13:40:00.799,1.50484,1.50501,1.10,1.88
2013.12.10 13:40:01.341,1.50485,1.50503,1.20,1.88
2013.12.10 13:40:01.594,1.50485,1.50503,1.48,1.13
2013.12.10 13:40:01.645,1.50489,1.50503,1.10,1.13
2013.12.10 13:40:01.950,1.50489,1.50503,1.00,1.38
2013.12.10 13:40:03.169,1.50485,1.50501,1.20,1.00
2013.12.10 13:40:03.271,1.50486,1.50504,1.00,1.38
2013.12.10 13:40:03.321,1.50486,1.50504,1.00,4.13
2013.12.10 13:40:03.474,1.50482,1.50496,1.65,2.26
2013.12.10 13:40:03.525,1.50482,1.50496,1.00,2.26
2013.12.10 13:40:03.626,1.50481,1.50497,1.00,1.38
2013.12.10 13:40:03.678,1.50477,1.50497,1.28,1.00
2013.12.10 13:40:03.880,1.50476,1.50495,1.50,3.91
2013.12.10 13:40:04.513,1.50475,1.50494,1.38,3.68
2013.12.10 13:40:05.210,1.50475,1.50494,1.38,1.00
2013.12.10 13:40:05.313,1.50475,1.50494,1.38,1.00
2013.12.10 13:40:05.959,1.50476,1.50494,1.38,1.13
2013.12.10 13:40:08.267,1.50476,1.50494,1.38,1.13
2013.12.10 13:40:08.811,1.50476,1.50494,1.38,1.13
2013.12.10 13:40:09.481,1.50476,1.50494,1.38,1.13
2013.12.10 13:40:09.992,1.50473,1.50493,1.73,2.88
2013.12.10 13:40:10.043,1.50473,1.50493,1.73,2.88
2013.12.10 13:40:10.647,1.50476,1.50493,1.38,1.00
2013.12.10 13:40:12.182,1.50475,1.50493,1.38,2.20
2013.12.10 13:40:12.385,1.50479,1.50493,1.00,1.00
2013.12.10 13:40:12.487,1.5048,1.50496,1.38,1.00
2013.12.10 13:40:12.588,1.50482,1.50498,1.05,1.13
2013.12.10 13:40:12.639,1.50482,1.50498,1.13,1.13
2013.12.10 13:40:12.942,1.50487,1.50502,1.28,1.13
2013.12.10 13:40:13.274,1.5049,1.50505,1.13,1.00
2013.12.10 13:40:13.602,1.5049,1.50505,1.38,1.00
2013.12.10 13:40:13.832,1.5049,1.50505,1.13,1.00
2013.12.10 13:40:14.264,1.5049,1.50505,1.38,1.00
2013.12.10 13:40:14.803,1.5049,1.50505,1.38,1.00
2013.12.10 13:40:16.717,1.5049,1.50505,1.13,1.00
2013.12.10 13:40:16.927,1.5049,1.50507,1.13,1.10
2013.12.10 13:40:17.130,1.5049,1.50503,1.00,2.13
2013.12.10 13:40:17.282,1.50485,1.50503,1.00,1.50
2013.12.10 13:40:17.586,1.5048,1.50501,1.88,3.38
2013.12.10 13:40:17.704,1.5048,1.50501,1.00,4.13
2013.12.10 13:40:18.151,1.50478,1.505,1.50,5.63
2013.12.10 13:40:18.781,1.50479,1.505,1.00,3.53
2013.12.10 13:40:19.553,1.50478,1.505,1.00,2.78
2013.12.10 13:40:20.095,1.50482,1.505,1.00,2.78
2013.12.10 13:40:21.601,1.50483,1.505,1.00,3.03
2013.12.10 13:40:21.904,1.50483,1.50499,1.00,1.00
2013.12.10 13:40:24.143,1.50479,1.50496,1.13,2.13
2013.12.10 13:40:24.194,1.50477,1.50496,2.25,1.13
2013.12.10 13:40:25.655,1.50478,1.50496,1.15,1.88
2013.12.10 13:40:25.976,1.50478,1.50496,1.10,1.38
2013.12.10 13:40:26.471,1.50478,1.50496,1.10,1.38
2013.12.10 13:40:26.573,1.50481,1.50496,1.00,1.38
2013.12.10 13:40:26.674,1.50481,1.50496,1.00,1.00
2013.12.10 13:40:26.883,1.50479,1.50496,1.38,1.00
2013.12.10 13:40:27.417,1.50479,1.50496,1.00,2.28
2013.12.10 13:40:27.918,1.50477,1.50496,1.38,1.38
2013.12.10 13:40:28.225,1.50478,1.50496,1.38,1.00
2013.12.10 13:40:28.327,1.50481,1.50496,1.88,1.10
2013.12.10 13:40:28.681,1.50482,1.50496,1.38,1.00
2013.12.10 13:40:28.864,1.50482,1.50496,1.13,1.00
2013.12.10 13:40:29.852,1.50482,1.50496,1.13,1.00
2013.12.10 13:40:30.444,1.50482,1.50496,1.13,1.00
2013.12.10 13:40:32.730,1.50482,1.50496,1.13,1.00
2013.12.10 13:40:33.303,1.50482,1.50496,1.00,2.13
2013.12.10 13:40:33.455,1.50475,1.50495,1.00,4.58
2013.12.10 13:40:37.585,1.50475,1.50494,1.50,3.03
2013.12.10 13:40:38.127,1.50478,1.50494,1.00,2.40
2013.12.10 13:40:38.481,1.50479,1.50495,1.00,1.00
2013.12.10 13:40:39.202,1.5048,1.50495,1.00,1.00
2013.12.10 13:40:41.402,1.5048,1.50495,1.38,1.00
2013.12.10 13:40:42.553,1.5048,1.50495,1.88,1.00
2013.12.10 13:40:44.390,1.5048,1.50496,1.88,1.50
2013.12.10 13:40:45.984,1.5048,1.50496,1.38,1.50
2013.12.10 13:40:46.345,1.50486,1.50501,1.00,3.08
2013.12.10 13:40:46.447,1.50484,1.50501,1.13,2.50
2013.12.10 13:40:46.960,1.50482,1.50501,1.00,1.88
2013.12.10 13:40:48.257,1.50481,1.50498,1.10,2.13
2013.12.10 13:40:50.161,1.50482,1.50498,1.00,1.13
2013.12.10 13:40:50.812,1.50482,1.50498,1.00,1.38
2013.12.10 13:40:51.330,1.50481,1.50498,1.00,1.38
2013.12.10 13:40:54.329,1.5048,1.50495,1.00,2.13
2013.12.10 13:40:55.772,1.50477,1.50495,1.38,1.00
2013.12.10 13:40:56.602,1.50481,1.50496,1.00,1.58
2013.12.10 13:40:57.315,1.50481,1.50496,1.00,1.58
2013.12.10 13:41:00.268,1.5048,1.50496,1.00,1.58
2013.12.10 13:41:00.781,1.50475,1.50496,2.85,1.13
2013.12.10 13:41:02.186,1.50475,1.50496,2.85,1.13
2013.12.10 13:41:02.703,1.50475,1.50496,2.85,1.13
2013.12.10 13:41:02.804,1.50475,1.50496,2.25,1.00
2013.12.10 13:41:03.204,1.50477,1.50496,1.13,1.53
2013.12.10 13:41:03.306,1.50477,1.50494,1.00,1.00
2013.12.10 13:41:04.447,1.50477,1.50494,1.00,1.00
2013.12.10 13:41:04.824,1.5048,1.50494,1.00,1.13
2013.12.10 13:41:05.135,1.50481,1.50495,1.88,1.00
2013.12.10 13:41:07.493,1.50482,1.50499,1.38,1.50
2013.12.10 13:41:07.747,1.50481,1.50499,1.88,1.00
2013.12.10 13:41:07.899,1.50481,1.50499,2.25,1.13
2013.12.10 13:41:08.103,1.50487,1.50503,1.00,1.75
2013.12.10 13:41:08.438,1.50486,1.50503,1.38,1.00
2013.12.10 13:41:08.540,1.50488,1.50503,1.38,1.00
2013.12.10 13:41:09.049,1.5049,1.50504,1.20,1.00
2013.12.10 13:41:09.354,1.50492,1.50512,1.00,3.08
2013.12.10 13:41:09.903,1.50492,1.50512,1.00,2.33
2013.12.10 13:41:10.891,1.50492,1.50512,1.00,1.58
2013.12.10 13:41:11.463,1.50492,1.50512,1.10,1.48
2013.12.10 13:41:12.440,1.50492,1.50512,1.00,2.03
2013.12.10 13:41:12.975,1.50493,1.50512,1.00,1.45
2013.12.10 13:41:13.127,1.50496,1.50513,1.00,1.55
2013.12.10 13:41:13.228,1.50496,1.50513,1.00,1.48
2013.12.10 13:41:13.732,1.50496,1.50513,1.13,1.48
2013.12.10 13:41:14.282,1.50497,1.50514,1.00,1.55
2013.12.10 13:41:15.513,1.50497,1.50515,1.38,2.03
2013.12.10 13:41:15.817,1.50504,1.50517,1.38,1.00
2013.12.10 13:41:15.867,1.50505,1.5052,1.38,1.38
2013.12.10 13:41:16.071,1.50508,1.50522,1.00,1.00
2013.12.10 13:41:16.274,1.5051,1.50526,1.00,2.70
2013.12.10 13:41:18.141,1.50508,1.50526,1.13,3.03
2013.12.10 13:41:18.654,1.50509,1.50526,1.00,1.28
2013.12.10 13:41:25.081,1.50509,1.50527,1.50,1.95
2013.12.10 13:41:25.335,1.50504,1.50525,1.38,5.63
2013.12.10 13:41:25.436,1.50504,1.50522,1.13,2.21
2013.12.10 13:41:25.740,1.50504,1.50522,1.00,3.03
2013.12.10 13:41:25.952,1.505,1.50519,1.08,2.88
2013.12.10 13:41:26.478,1.505,1.50519,1.00,3.70
2013.12.10 13:41:26.731,1.50498,1.50517,1.38,2.13
2013.12.10 13:41:27.131,1.50499,1.50517,1.13,2.13
2013.12.10 13:41:27.716,1.50499,1.50517,1.38,1.13
2013.12.10 13:41:28.129,1.50498,1.50515,1.38,2.13
2013.12.10 13:41:28.698,1.50498,1.50515,1.50,1.13
2013.12.10 13:41:31.071,1.50499,1.50515,1.00,1.38
2013.12.10 13:41:31.260,1.50495,1.50515,1.38,1.88
2013.12.10 13:41:31.773,1.50495,1.50515,1.38,3.03
2013.12.10 13:41:32.690,1.50498,1.50515,1.00,1.95
2013.12.10 13:41:32.792,1.50498,1.50515,1.00,1.88
2013.12.10 13:41:32.893,1.50498,1.50515,1.00,1.88
2013.12.10 13:41:32.994,1.50495,1.50515,1.55,1.38
2013.12.10 13:41:35.353,1.50494,1.50514,1.55,2.13
2013.12.10 13:41:35.454,1.50494,1.50514,1.28,2.20
2013.12.10 13:41:35.657,1.50495,1.50514,1.38,1.38
2013.12.10 13:41:36.199,1.50498,1.50514,1.00,1.88
2013.12.10 13:41:37.419,1.50498,1.50514,1.38,1.00
2013.12.10 13:41:38.430,1.50498,1.50514,1.00,1.13
2013.12.10 13:41:41.430,1.50498,1.50514,1.00,1.50
2013.12.10 13:41:42.269,1.50498,1.50514,1.00,2.65
2013.12.10 13:41:42.499,1.50496,1.50514,1.38,1.20
2013.12.10 13:41:42.550,1.50496,1.50514,1.38,1.20
2013.12.10 13:41:42.853,1.50501,1.50517,1.00,1.48
2013.12.10 13:41:43.157,1.50508,1.50522,1.00,1.00
2013.12.10 13:41:43.682,1.50508,1.50522,1.38,1.00
2013.12.10 13:41:43.969,1.50509,1.50524,1.13,1.00
2013.12.10 13:41:44.176,1.50509,1.50524,1.38,1.00
2013.12.10 13:41:45.250,1.50509,1.50524,1.38,1.00
2013.12.10 13:41:46.154,1.50509,1.50524,1.38,1.00
2013.12.10 13:41:47.248,1.50509,1.50524,1.38,1.00
2013.12.10 13:41:47.502,1.50508,1.50524,1.13,1.28
2013.12.10 13:41:47.552,1.50506,1.50524,1.38,1.00
2013.12.10 13:41:47.603,1.50506,1.50524,1.00,1.13
2013.12.10 13:41:48.147,1.50504,1.50523,1.28,2.63
2013.12.10 13:41:48.248,1.50503,1.50522,1.53,1.00
2013.12.10 13:41:48.400,1.50501,1.50519,1.00,2.78
2013.12.10 13:41:48.451,1.505,1.50517,1.88,4.20
2013.12.10 13:41:48.755,1.505,1.50515,1.00,2.95
2013.12.10 13:41:49.305,1.50497,1.50515,2.48,2.20
2013.12.10 13:41:49.356,1.50496,1.50515,1.38,3.70
2013.12.10 13:41:49.910,1.50494,1.50513,1.50,2.28
2013.12.10 13:41:51.340,1.50494,1.50513,1.50,2.20
2013.12.10 13:41:52.377,1.50495,1.50513,1.13,2.30
2013.12.10 13:41:54.638,1.50494,1.50511,1.38,2.20
2013.12.10 13:41:55.170,1.50494,1.50511,1.13,1.13
2013.12.10 13:41:55.853,1.50495,1.50511,1.00,1.48
2013.12.10 13:41:59.645,1.50495,1.50511,1.00,1.10
2013.12.10 13:41:59.746,1.50495,1.50511,1.38,1.10
2013.12.10 13:42:00.294,1.50497,1.50511,1.05,1.10
2013.12.10 13:42:00.810,1.50497,1.50511,1.30,1.10
2013.12.10 13:42:01.285,1.50497,1.50511,1.38,1.10
2013.12.10 13:42:01.588,1.50504,1.50513,1.00,1.00
2013.12.10 13:42:01.841,1.50498,1.50513,2.33,1.00
2013.12.10 13:42:02.402,1.50498,1.50513,2.63,1.00
2013.12.10 13:42:02.911,1.50498,1.50513,4.13,1.00
2013.12.10 13:42:06.196,1.50496,1.50513,1.20,1.00
2013.12.10 13:42:06.246,1.50496,1.50512,1.20,1.00
2013.12.10 13:42:07.913,1.50497,1.50512,1.53,1.00
2013.12.10 13:42:08.115,1.50498,1.50512,3.38,1.00
2013.12.10 13:42:08.217,1.50502,1.50514,1.10,1.00
2013.12.10 13:42:08.268,1.50502,1.50514,1.88,1.00
2013.12.10 13:42:08.420,1.50503,1.5052,2.78,1.50
2013.12.10 13:42:08.521,1.50508,1.50521,1.20,1.50
2013.12.10 13:42:09.199,1.50508,1.50521,1.20,1.00
2013.12.10 13:42:09.749,1.50509,1.50521,1.50,1.00
2013.12.10 13:42:10.555,1.50507,1.50521,1.20,1.00
2013.12.10 13:42:10.880,1.50503,1.50521,1.45,1.50
2013.12.10 13:42:11.032,1.50503,1.5052,2.33,2.63
2013.12.10 13:42:11.335,1.50496,1.50515,1.53,2.88
2013.12.10 13:42:11.973,1.50496,1.50514,1.58,2.13
2013.12.10 13:42:12.586,1.50496,1.50514,1.58,1.88
2013.12.10 13:42:13.140,1.50497,1.50514,1.50,1.88
2013.12.10 13:42:14.753,1.50497,1.50514,1.88,3.01
2013.12.10 13:42:15.224,1.50499,1.50513,1.15,2.13
2013.12.10 13:42:15.528,1.50494,1.50511,2.63,2.26
2013.12.10 13:42:16.163,1.50494,1.50511,1.88,2.13
2013.12.10 13:42:16.288,1.50497,1.50511,1.20,2.13
2013.12.10 13:42:17.052,1.50493,1.50511,1.53,2.88
2013.12.10 13:42:18.535,1.50491,1.5051,1.88,1.00
2013.12.10 13:42:18.638,1.50491,1.50509,2.63,2.63
2013.12.10 13:42:18.967,1.50492,1.50509,1.53,1.00
2013.12.10 13:42:25.149,1.50493,1.50509,1.88,1.00
2013.12.10 13:42:36.112,1.50501,1.50509,2.25,1.00
2013.12.10 13:42:36.280,1.50497,1.50509,3.00,1.00
2013.12.10 13:42:36.782,1.50494,1.50509,1.20,1.00
2013.12.10 13:42:37.264,1.50494,1.50509,1.20,1.00
2013.12.10 13:42:37.316,1.50491,1.50509,1.95,1.00
2013.12.10 13:42:37.825,1.50491,1.50509,1.95,1.00
2013.12.10 13:42:38.485,1.50491,1.50509,1.20,1.00
2013.12.10 13:42:43.299,1.50491,1.50509,1.20,2.50
2013.12.10 13:42:44.084,1.50493,1.50509,1.55,1.00
2013.12.10 13:42:44.185,1.50494,1.50509,1.20,1.00
2013.12.10 13:42:44.388,1.50497,1.50512,1.95,1.50
2013.12.10 13:42:44.742,1.50495,1.50512,3.30,1.50
2013.12.10 13:42:47.394,1.50499,1.50512,1.50,1.00
2013.12.10 13:42:47.648,1.50503,1.50514,1.13,1.00
2013.12.10 13:42:47.749,1.50503,1.50519,1.88,1.13
2013.12.10 13:42:47.851,1.50503,1.50519,1.50,1.00
2013.12.10 13:42:48.155,1.50499,1.50516,1.38,2.50
2013.12.10 13:42:48.358,1.50494,1.50514,3.45,2.50
2013.12.10 13:42:48.460,1.50492,1.5051,2.25,1.00
2013.12.10 13:42:48.662,1.50491,1.50509,1.38,1.00
2013.12.10 13:42:48.713,1.50491,1.50506,1.00,2.13
2013.12.10 13:42:48.814,1.50491,1.50506,1.00,1.50
2013.12.10 13:42:48.969,1.50491,1.50506,1.88,1.00
2013.12.10 13:42:49.070,1.50495,1.50506,1.35,1.00
2013.12.10 13:42:49.171,1.50499,1.5051,1.38,1.00
2013.12.10 13:42:49.720,1.50495,1.5051,2.25,1.00
2013.12.10 13:42:51.841,1.50501,1.5051,1.13,1.00
2013.12.10 13:42:51.992,1.50501,1.50514,2.63,1.00
2013.12.10 13:42:52.043,1.50501,1.50514,1.88,1.13
2013.12.10 13:42:52.547,1.50498,1.50514,2.70,1.50
2013.12.10 13:42:52.905,1.505,1.50514,1.13,1.00
2013.12.10 13:42:53.107,1.50498,1.50514,1.28,2.13
2013.12.10 13:42:57.130,1.50499,1.50514,1.20,1.00
2013.12.10 13:42:57.232,1.50499,1.50514,1.53,1.00
2013.12.10 13:42:58.232,1.505,1.50514,3.38,1.00
2013.12.10 13:42:58.334,1.50499,1.50514,1.95,1.00
2013.12.10 13:42:59.620,1.505,1.50514,1.88,1.00
2013.12.10 13:43:00.906,1.50499,1.50514,1.20,1.50
2013.12.10 13:43:01.456,1.50499,1.50514,1.53,1.00
2013.12.10 13:43:01.608,1.50499,1.50514,1.20,1.50
2013.12.10 13:43:01.912,1.50492,1.5051,1.88,1.00
2013.12.10 13:43:02.271,1.50492,1.50509,1.38,2.88
2013.12.10 13:43:02.614,1.50496,1.50509,1.00,1.00
2013.12.10 13:43:02.918,1.50497,1.50509,1.38,1.00
2013.12.10 13:43:03.019,1.50497,1.50512,1.38,1.13
2013.12.10 13:43:03.580,1.50497,1.50513,1.55,1.00
2013.12.10 13:43:04.160,1.50497,1.50513,1.55,1.00
2013.12.10 13:43:05.253,1.50497,1.50513,1.90,1.00
2013.12.10 13:43:05.470,1.50497,1.50513,2.33,1.00
2013.12.10 13:43:06.198,1.50497,1.50513,3.08,1.00
2013.12.10 13:43:07.868,1.505,1.50513,1.48,1.00
2013.12.10 13:43:08.174,1.505,1.50517,2.03,1.00
2013.12.10 13:43:08.708,1.505,1.50517,2.03,1.00
2013.12.10 13:43:08.928,1.50503,1.5052,1.38,1.50
2013.12.10 13:43:09.561,1.50503,1.5052,1.45,1.00
2013.12.10 13:43:15.679,1.50503,1.5052,1.08,1.38
2013.12.10 13:43:16.221,1.50501,1.5052,2.33,1.13
2013.12.10 13:43:16.705,1.50501,1.50519,2.33,2.88
2013.12.10 13:43:17.106,1.50502,1.50519,1.28,1.13
2013.12.10 13:43:17.643,1.505,1.50519,1.48,1.13
2013.12.10 13:43:19.700,1.50504,1.50519,1.00,1.13
2013.12.10 13:43:19.853,1.50504,1.50519,1.13,1.00
2013.12.10 13:43:20.004,1.50506,1.50519,1.00,1.00
2013.12.10 13:43:20.156,1.50507,1.50522,1.00,1.13
2013.12.10 13:43:20.611,1.50508,1.50521,1.00,1.00
2013.12.10 13:43:20.662,1.50501,1.50519,1.00,2.70
2013.12.10 13:43:20.713,1.505,1.50519,1.00,3.83
2013.12.10 13:43:20.879,1.50498,1.50516,1.10,2.63
2013.12.10 13:43:21.031,1.50497,1.50514,1.45,2.13
2013.12.10 13:43:21.559,1.50497,1.50514,1.53,2.13
2013.12.10 13:43:22.083,1.50497,1.50514,1.48,2.13
2013.12.10 13:43:23.576,1.50496,1.50514,1.88,1.38
2013.12.10 13:43:23.855,1.50496,1.50514,1.13,2.88
2013.12.10 13:43:24.109,1.50496,1.50514,1.13,3.03
2013.12.10 13:43:24.362,1.50496,1.50514,1.13,2.78
2013.12.10 13:43:24.464,1.50496,1.50514,1.13,3.03
2013.12.10 13:43:24.717,1.50494,1.50511,1.10,2.51
2013.12.10 13:43:24.935,1.5049,1.50511,2.70,1.00
2013.12.10 13:43:27.100,1.5049,1.50511,1.53,1.00
2013.12.10 13:43:27.905,1.50492,1.50511,1.00,1.38
2013.12.10 13:43:28.425,1.5049,1.50511,1.15,1.00
2013.12.10 13:43:28.807,1.5049,1.50511,1.58,1.00
2013.12.10 13:43:29.136,1.5049,1.50511,1.15,1.38
2013.12.10 13:43:29.661,1.50489,1.50511,1.43,1.38
2013.12.10 13:43:30.173,1.5049,1.50509,1.20,2.63
2013.12.10 13:43:30.274,1.5049,1.50509,1.15,1.88
2013.12.10 13:43:30.629,1.50486,1.50503,1.13,2.18
2013.12.10 13:43:30.832,1.50481,1.50498,1.15,2.51
2013.12.10 13:43:30.984,1.50477,1.50498,1.45,1.88
2013.12.10 13:43:31.035,1.50477,1.50498,1.08,1.88
2013.12.10 13:43:31.559,1.50477,1.50497,1.00,4.88
2013.12.10 13:43:32.098,1.50476,1.50497,1.50,3.38
2013.12.10 13:43:32.663,1.50475,1.50494,1.00,2.98
2013.12.10 13:43:33.326,1.50475,1.50494,1.00,1.38
2013.12.10 13:43:34.334,1.50478,1.50494,1.00,1.38
2013.12.10 13:43:34.436,1.50478,1.50494,1.00,1.38
2013.12.10 13:43:35.099,1.50475,1.50494,1.15,1.38
2013.12.10 13:43:35.188,1.50475,1.50494,1.15,1.38
2013.12.10 13:43:35.506,1.50484,1.50494,1.00,1.38
2013.12.10 13:43:35.660,1.50482,1.50494,1.00,1.88
2013.12.10 13:43:36.116,1.50479,1.50494,1.00,1.38
2013.12.10 13:43:36.217,1.50479,1.50494,1.00,1.55
2013.12.10 13:43:38.181,1.50479,1.50492,1.00,4.20
2013.12.10 13:43:38.345,1.50479,1.50492,1.00,1.95
2013.12.10 13:43:38.396,1.50485,1.50494,1.00,1.10
2013.12.10 13:43:38.904,1.50485,1.50498,1.00,1.58
2013.12.10 13:43:47.066,1.50485,1.505,1.00,2.40
2013.12.10 13:43:48.667,1.50486,1.505,1.00,2.63
2013.12.10 13:43:48.718,1.50486,1.505,1.00,2.63
2013.12.10 13:43:48.971,1.50486,1.50502,1.50,1.48
2013.12.10 13:43:49.094,1.50488,1.50504,1.00,1.53
2013.12.10 13:43:49.436,1.50486,1.50504,1.00,1.38
2013.12.10 13:43:50.802,1.50486,1.50504,1.00,1.38
2013.12.10 13:43:50.925,1.50486,1.50504,1.00,1.38
2013.12.10 13:43:53.659,1.50486,1.50504,1.00,1.38
2013.12.10 13:43:55.461,1.50486,1.50504,1.50,1.38
2013.12.10 13:43:55.563,1.50488,1.50504,1.50,1.48
2013.12.10 13:43:56.103,1.50488,1.50504,1.50,1.53
2013.12.10 13:43:56.452,1.50486,1.50504,1.00,1.53
2013.12.10 13:43:59.847,1.50491,1.50504,1.00,1.53
2013.12.10 13:44:00.290,1.50489,1.50504,1.00,1.38
2013.12.10 13:44:01.297,1.50489,1.50504,1.00,1.48
2013.12.10 13:44:01.607,1.50485,1.50504,1.00,1.53
2013.12.10 13:44:01.709,1.50484,1.50504,2.25,3.71
2013.12.10 13:44:02.012,1.5049,1.50504,1.00,4.41
2013.12.10 13:44:02.550,1.5049,1.50502,1.00,3.45
2013.12.10 13:44:03.338,1.5049,1.50502,1.00,3.73
2013.12.10 13:44:03.849,1.5049,1.50502,1.00,3.73
2013.12.10 13:44:04.960,1.5049,1.50502,1.00,1.48
2013.12.10 13:44:07.707,1.5049,1.50502,1.00,1.55
2013.12.10 13:44:08.098,1.50485,1.50502,1.50,1.55
2013.12.10 13:44:08.148,1.50485,1.50502,1.50,1.55
2013.12.10 13:44:15.144,1.50482,1.50502,1.00,1.38
2013.12.10 13:44:15.694,1.50482,1.505,1.00,2.98
2013.12.10 13:44:18.279,1.50482,1.505,1.38,2.98
2013.12.10 13:44:18.539,1.5049,1.50505,1.00,1.95
2013.12.10 13:44:18.590,1.50488,1.50505,1.00,2.55
2013.12.10 13:44:18.742,1.50483,1.50503,1.00,5.13
2013.12.10 13:44:19.269,1.50483,1.50502,1.00,2.96
2013.12.10 13:44:19.929,1.50483,1.50499,1.00,5.16
2013.12.10 13:44:20.031,1.50477,1.50498,2.63,3.91
2013.12.10 13:44:20.436,1.50474,1.50494,1.00,2.63
2013.12.10 13:44:20.714,1.50474,1.50494,1.00,2.96
2013.12.10 13:44:22.342,1.50476,1.50494,1.00,2.96
2013.12.10 13:44:23.229,1.50476,1.50494,1.00,2.96
2013.12.10 13:44:25.419,1.50475,1.50494,1.00,3.71
2013.12.10 13:44:25.723,1.50484,1.50495,1.00,1.38
2013.12.10 13:44:25.875,1.50488,1.50501,1.00,1.85
2013.12.10 13:44:25.976,1.50486,1.50501,1.00,1.38
2013.12.10 13:44:28.896,1.50487,1.50501,1.00,1.38
2013.12.10 13:44:30.026,1.50487,1.50501,1.38,1.38
2013.12.10 13:44:30.279,1.50493,1.50505,1.00,1.13
2013.12.10 13:44:30.482,1.50493,1.50507,1.00,1.00
2013.12.10 13:44:30.584,1.50498,1.50507,1.00,1.00
2013.12.10 13:44:31.217,1.50494,1.50507,1.38,1.00
2013.12.10 13:44:31.766,1.50495,1.50507,1.00,1.00
2013.12.10 13:44:32.248,1.50497,1.50507,1.00,1.00
2013.12.10 13:44:32.551,1.50495,1.50507,1.00,1.00
2013.12.10 13:44:33.060,1.50496,1.50507,1.00,1.08
2013.12.10 13:44:33.647,1.50495,1.50507,1.00,1.08
2013.12.10 13:44:34.410,1.50495,1.50507,1.00,1.00
2013.12.10 13:44:34.582,1.50495,1.50507,1.00,1.28
2013.12.10 13:44:35.006,1.50496,1.50507,1.00,1.10
2013.12.10 13:44:35.309,1.50493,1.50507,1.00,1.15
2013.12.10 13:44:35.829,1.50493,1.50507,1.00,2.03
2013.12.10 13:44:39.594,1.50488,1.50507,1.88,3.15
2013.12.10 13:44:39.747,1.50488,1.50506,1.00,3.03
2013.12.10 13:44:40.075,1.50488,1.50502,1.00,2.21
2013.12.10 13:44:40.602,1.50488,1.50502,1.00,2.95
2013.12.10 13:44:41.127,1.50488,1.50502,1.00,2.96
2013.12.10 13:44:41.437,1.50491,1.50501,1.00,2.20
2013.12.10 13:44:41.962,1.50491,1.50501,1.00,1.48
2013.12.10 13:44:42.427,1.50488,1.50501,1.00,1.48
2013.12.10 13:44:47.367,1.50488,1.50501,1.00,1.53
2013.12.10 13:44:48.043,1.50486,1.50501,1.00,1.38
2013.12.10 13:44:48.602,1.50487,1.505,1.00,3.45
2013.12.10 13:44:48.806,1.50489,1.505,1.00,3.45
2013.12.10 13:44:49.180,1.50481,1.50498,1.00,2.98
2013.12.10 13:44:49.348,1.50481,1.50498,1.00,2.98
2013.12.10 13:44:49.818,1.50481,1.50498,1.00,2.71
2013.12.10 13:44:54.380,1.50481,1.50498,1.00,3.35
2013.12.10 13:44:54.687,1.50481,1.50493,1.00,3.40
2013.12.10 13:44:54.954,1.5047,1.50489,1.50,2.66
2013.12.10 13:44:56.956,1.50472,1.50489,1.00,2.66
2013.12.10 13:44:57.057,1.50472,1.50489,1.00,2.66
2013.12.10 13:44:58.146,1.50472,1.50489,1.38,2.65
2013.12.10 13:44:58.300,1.50472,1.50489,1.00,2.66
2013.12.10 13:45:00.289,1.50471,1.50488,1.00,2.66
2013.12.10 13:45:00.814,1.5047,1.50488,1.00,1.65
2013.12.10 13:45:02.107,1.5047,1.50488,1.38,1.15
2013.12.10 13:45:02.209,1.50476,1.50489,1.38,1.58
2013.12.10 13:45:02.793,1.50476,1.5049,1.00,1.10
2013.12.10 13:45:03.460,1.50476,1.5049,1.00,1.00
2013.12.10 13:45:04.677,1.50473,1.5049,1.00,2.96
2013.12.10 13:45:04.779,1.50471,1.5049,1.50,2.28
2013.12.10 13:45:05.084,1.50475,1.50489,1.00,2.23
2013.12.10 13:45:05.387,1.50478,1.50489,1.00,1.18
2013.12.10 13:45:05.903,1.50478,1.50489,1.00,1.00
2013.12.10 13:45:06.254,1.50478,1.5049,1.00,1.13
2013.12.10 13:45:06.356,1.50478,1.5049,1.38,1.00
2013.12.10 13:45:06.458,1.50478,1.50494,1.38,1.08
2013.12.10 13:45:06.510,1.50478,1.50494,1.38,1.00
2013.12.10 13:45:07.098,1.50478,1.50494,1.38,1.00
2013.12.10 13:45:07.404,1.50477,1.50494,1.13,1.00
2013.12.10 13:45:07.455,1.50477,1.50494,1.13,1.00
2013.12.10 13:45:07.678,1.50477,1.50494,1.50,1.10
2013.12.10 13:45:08.061,1.50479,1.50494,1.00,1.13
2013.12.10 13:45:08.387,1.50477,1.50494,1.00,1.00
2013.12.10 13:45:09.058,1.50477,1.50494,1.13,1.00
2013.12.10 13:45:09.463,1.50477,1.50495,1.88,1.13
2013.12.10 13:45:11.638,1.50479,1.50496,1.00,1.48
2013.12.10 13:45:14.040,1.5048,1.50496,1.00,1.48
2013.12.10 13:45:14.906,1.50479,1.50496,1.00,1.48
2013.12.10 13:45:15.210,1.50478,1.50495,1.00,2.28
2013.12.10 13:45:15.565,1.5048,1.50494,1.00,4.50
2013.12.10 13:45:15.616,1.5048,1.50494,1.13,1.13
2013.12.10 13:45:15.718,1.50483,1.50496,1.00,1.65
2013.12.10 13:45:16.037,1.50482,1.50496,1.00,1.45
2013.12.10 13:45:16.088,1.5048,1.50496,1.00,1.95
2013.12.10 13:45:16.139,1.50483,1.50496,1.00,2.63
2013.12.10 13:45:16.641,1.50481,1.50496,1.50,1.20
2013.12.10 13:45:16.691,1.50483,1.50496,1.00,1.20
2013.12.10 13:45:16.843,1.50483,1.50497,1.00,1.55
2013.12.10 13:45:19.338,1.50483,1.50497,1.00,1.93
2013.12.10 13:45:19.844,1.50484,1.50497,1.00,1.55
2013.12.10 13:45:19.895,1.50484,1.50497,1.00,1.18
2013.12.10 13:45:20.343,1.50484,1.50498,1.00,1.58
2013.12.10 13:45:20.953,1.50485,1.50498,1.00,1.58
2013.12.10 13:45:21.587,1.50483,1.50498,1.00,1.58
2013.12.10 13:45:24.355,1.50483,1.50498,1.00,1.95
2013.12.10 13:45:24.912,1.50485,1.50498,1.00,2.96
2013.12.10 13:45:28.102,1.50486,1.50498,1.00,3.33
2013.12.10 13:45:28.704,1.50486,1.50498,1.00,2.95
2013.12.10 13:45:28.755,1.50484,1.50498,1.00,3.08
2013.12.10 13:45:28.856,1.50484,1.50496,1.00,2.58
2013.12.10 13:45:29.059,1.50484,1.50496,1.00,2.33
2013.12.10 13:45:29.641,1.50485,1.50496,1.00,2.58
2013.12.10 13:45:30.182,1.50485,1.50496,1.00,2.28
2013.12.10 13:45:30.742,1.50485,1.50495,1.00,2.50
2013.12.10 13:45:30.944,1.50479,1.50491,1.00,2.13
2013.12.10 13:45:31.045,1.50479,1.50491,1.00,2.13
2013.12.10 13:45:31.359,1.5048,1.50491,1.00,2.13
2013.12.10 13:45:31.562,1.5048,1.50492,1.00,1.58
2013.12.10 13:45:31.714,1.50484,1.50492,1.00,1.50
2013.12.10 13:45:32.020,1.50503,1.50511,1.00,1.00
2013.12.10 13:45:32.495,1.50506,1.50516,1.00,1.13
2013.12.10 13:45:33.182,1.50507,1.50516,1.00,1.10
2013.12.10 13:45:33.385,1.50507,1.50516,1.00,1.08
2013.12.10 13:45:33.688,1.50512,1.50523,3.10,1.13
2013.12.10 13:45:33.741,1.50516,1.50523,1.98,1.15
2013.12.10 13:45:33.894,1.50522,1.5053,1.00,1.00
2013.12.10 13:45:34.197,1.50517,1.5053,1.60,2.13
2013.12.10 13:45:34.299,1.50523,1.5053,1.00,1.00
2013.12.10 13:45:34.400,1.50521,1.5053,1.00,1.00
2013.12.10 13:45:34.906,1.50522,1.5053,1.00,1.08
2013.12.10 13:45:34.957,1.50521,1.50532,1.00,1.45
2013.12.10 13:45:35.473,1.50524,1.50532,1.00,1.45
2013.12.10 13:45:35.626,1.50519,1.50532,1.00,1.00
2013.12.10 13:45:35.729,1.50525,1.50532,1.00,1.00
2013.12.10 13:45:36.064,1.50524,1.50532,1.00,1.13
2013.12.10 13:45:36.367,1.50512,1.50531,2.07,3.30
2013.12.10 13:45:36.419,1.50512,1.5053,1.57,2.50
2013.12.10 13:45:36.722,1.50513,1.50528,1.00,1.30
2013.12.10 13:45:36.823,1.50511,1.50528,1.00,1.38
2013.12.10 13:45:37.026,1.50506,1.50527,1.15,1.38
2013.12.10 13:45:37.443,1.50509,1.50527,1.10,1.38
2013.12.10 13:45:37.696,1.5051,1.50527,1.00,1.38
2013.12.10 13:45:37.747,1.50506,1.50527,2.40,1.38
2013.12.10 13:45:37.798,1.50506,1.50527,2.40,1.38
2013.12.10 13:45:37.899,1.50506,1.50527,2.33,1.38
2013.12.10 13:45:38.503,1.50507,1.50527,1.00,1.38
2013.12.10 13:45:39.031,1.50507,1.50527,1.08,1.38
2013.12.10 13:45:40.278,1.50507,1.50527,1.45,2.51
2013.12.10 13:45:40.582,1.50515,1.50528,1.00,1.38
2013.12.10 13:45:40.637,1.50515,1.50528,1.00,1.38
2013.12.10 13:45:41.853,1.50513,1.50529,1.00,1.38
2013.12.10 13:45:42.006,1.50513,1.50529,1.00,1.38
2013.12.10 13:45:42.107,1.50515,1.5053,1.00,1.95
2013.12.10 13:45:42.349,1.50513,1.5053,1.00,1.75
2013.12.10 13:45:42.400,1.50509,1.5053,1.18,2.95
2013.12.10 13:45:43.054,1.50508,1.50527,1.00,1.38
2013.12.10 13:45:43.206,1.50509,1.50527,1.00,1.38
2013.12.10 13:45:43.509,1.50508,1.50527,1.00,1.38
2013.12.10 13:45:44.049,1.50508,1.50527,1.00,1.38
2013.12.10 13:45:45.108,1.50508,1.50527,1.50,1.38
2013.12.10 13:45:45.418,1.50519,1.50531,1.00,1.38
2013.12.10 13:45:46.609,1.50514,1.50531,1.00,1.93
2013.12.10 13:45:46.811,1.50509,1.5053,1.88,1.00
2013.12.10 13:45:47.146,1.50509,1.50529,1.50,3.73
2013.12.10 13:45:47.672,1.50509,1.50529,1.00,3.73
2013.12.10 13:45:48.458,1.50509,1.50529,1.00,3.73
2013.12.10 13:45:50.011,1.50509,1.50529,1.00,1.75
2013.12.10 13:45:50.214,1.50496,1.50516,1.75,3.33
2013.12.10 13:45:50.416,1.50498,1.50516,1.38,3.35
2013.12.10 13:45:50.518,1.50498,1.50516,1.00,3.73
2013.12.10 13:45:50.586,1.50496,1.50516,1.00,3.71
2013.12.10 13:45:51.132,1.50497,1.50515,1.00,1.38
2013.12.10 13:45:51.694,1.50497,1.50514,1.00,2.33
2013.12.10 13:45:52.517,1.50496,1.50514,1.50,2.33
2013.12.10 13:45:52.882,1.50496,1.50514,1.50,1.95
2013.12.10 13:45:52.983,1.50508,1.50516,1.00,1.48
2013.12.10 13:45:53.185,1.50508,1.50518,1.00,1.08
2013.12.10 13:45:53.236,1.50508,1.50519,1.00,1.13
2013.12.10 13:45:53.740,1.50507,1.50523,1.00,1.55
2013.12.10 13:45:54.923,1.50507,1.50523,1.00,2.88
2013.12.10 13:45:55.647,1.50505,1.50523,1.00,2.88
2013.12.10 13:45:55.698,1.50505,1.50523,1.00,2.88
2013.12.10 13:45:57.654,1.50505,1.50523,1.50,1.13
2013.12.10 13:45:57.806,1.50503,1.50521,1.10,2.13
2013.12.10 13:45:58.413,1.50502,1.5052,1.00,2.20
2013.12.10 13:45:58.797,1.50506,1.5052,1.00,1.00
2013.12.10 13:45:58.949,1.50506,1.5052,1.00,1.48
2013.12.10 13:45:59.274,1.50506,1.5052,1.00,1.10
2013.12.10 13:45:59.426,1.50506,1.5052,1.00,1.48
2013.12.10 13:45:59.729,1.50509,1.5052,1.00,1.55
2013.12.10 13:46:00.219,1.5051,1.5052,1.00,1.00
2013.12.10 13:46:00.321,1.5051,1.5052,1.00,1.38
2013.12.10 13:46:00.862,1.50509,1.50521,1.00,1.95
2013.12.10 13:46:01.078,1.50509,1.50521,1.00,1.95
2013.12.10 13:46:01.331,1.50503,1.50521,1.00,1.58
2013.12.10 13:46:01.483,1.50508,1.50521,1.00,2.33
2013.12.10 13:46:01.787,1.5051,1.50521,1.00,1.38
2013.12.10 13:46:01.888,1.5051,1.50521,1.00,1.13
2013.12.10 13:46:02.538,1.50509,1.50521,1.00,1.13
2013.12.10 13:46:03.001,1.50508,1.50526,1.50,1.95
2013.12.10 13:46:03.526,1.50508,1.50526,1.00,1.38
2013.12.10 13:46:03.979,1.50507,1.50526,1.50,2.13
2013.12.10 13:46:04.516,1.50508,1.50526,1.00,2.98
2013.12.10 13:46:05.174,1.50508,1.50526,1.50,1.38
2013.12.10 13:46:05.629,1.50518,1.50526,1.00,1.38
2013.12.10 13:46:05.731,1.50518,1.50526,1.00,1.00
2013.12.10 13:46:05.882,1.50514,1.5053,1.00,1.13
2013.12.10 13:46:05.933,1.50514,1.5053,1.00,1.20
2013.12.10 13:46:05.984,1.50512,1.5053,2.25,1.95
2013.12.10 13:46:07.030,1.50512,1.5053,1.00,3.45
2013.12.10 13:46:08.469,1.50512,1.5053,1.00,2.70
2013.12.10 13:46:10.565,1.5051,1.5053,2.25,2.70
2013.12.10 13:46:12.003,1.50514,1.5053,1.00,2.70
2013.12.10 13:46:15.297,1.50514,1.5053,1.00,1.75
2013.12.10 13:46:15.964,1.50516,1.5053,1.00,1.75
2013.12.10 13:46:16.121,1.50516,1.50531,1.00,1.38
2013.12.10 13:46:16.222,1.50522,1.50531,1.00,1.38
2013.12.10 13:46:16.273,1.50522,1.50532,1.00,1.38
2013.12.10 13:46:16.525,1.50525,1.50534,1.00,1.38
2013.12.10 13:46:16.627,1.50525,1.50534,1.00,1.13
2013.12.10 13:46:16.880,1.50527,1.50536,1.00,1.13
2013.12.10 13:46:17.209,1.50529,1.50536,1.00,1.00
2013.12.10 13:46:17.807,1.50529,1.50538,1.00,1.38
2013.12.10 13:46:17.959,1.50524,1.50538,1.00,1.95
2013.12.10 13:46:18.460,1.50525,1.50538,1.00,1.38
2013.12.10 13:46:18.989,1.50525,1.50538,1.00,2.51
2013.12.10 13:46:19.478,1.50525,1.50538,1.00,1.38
2013.12.10 13:46:20.222,1.50525,1.50538,1.00,1.50
2013.12.10 13:46:20.273,1.50519,1.50538,1.00,2.33
2013.12.10 13:46:20.374,1.50519,1.50537,1.00,2.58
2013.12.10 13:46:20.802,1.50519,1.50536,1.00,3.03
2013.12.10 13:46:21.147,1.50526,1.50536,1.00,2.20
2013.12.10 13:46:21.299,1.50526,1.50538,1.00,1.55
2013.12.10 13:46:21.502,1.50528,1.50539,1.00,1.95
2013.12.10 13:46:21.553,1.50528,1.50539,1.00,1.48
2013.12.10 13:46:21.809,1.50526,1.50539,1.00,1.48
2013.12.10 13:46:23.168,1.50527,1.50539,1.00,1.38
2013.12.10 13:46:23.490,1.50527,1.50539,1.00,1.13
2013.12.10 13:46:23.743,1.50529,1.50539,1.00,1.13
2013.12.10 13:46:24.069,1.50539,1.5055,1.50,1.00
2013.12.10 13:46:24.170,1.50539,1.50556,1.50,3.53
2013.12.10 13:46:24.372,1.50544,1.50556,1.00,2.03
2013.12.10 13:46:24.473,1.50544,1.50556,1.00,2.03
2013.12.10 13:46:24.978,1.50544,1.50556,1.00,1.28
2013.12.10 13:46:25.250,1.50542,1.50556,1.00,3.68
2013.12.10 13:46:26.689,1.50544,1.50556,1.00,3.68
2013.12.10 13:46:27.285,1.50544,1.50556,1.00,3.63
2013.12.10 13:46:27.549,1.50539,1.50556,1.00,1.48
2013.12.10 13:46:27.673,1.50539,1.50556,1.00,1.48
2013.12.10 13:46:29.200,1.50539,1.50556,1.00,1.38
2013.12.10 13:46:29.735,1.50538,1.50556,1.50,1.38
2013.12.10 13:46:29.786,1.5054,1.50556,1.00,1.38
2013.12.10 13:46:30.927,1.5054,1.50556,1.00,1.38
2013.12.10 13:46:30.978,1.50538,1.50555,1.00,2.73
2013.12.10 13:46:31.080,1.50537,1.50553,1.00,1.38
2013.12.10 13:46:31.384,1.50537,1.5055,1.00,3.03
2013.12.10 13:46:31.906,1.50537,1.5055,1.00,1.38
2013.12.10 13:46:32.409,1.50537,1.5055,1.00,2.28
2013.12.10 13:46:32.725,1.50537,1.5055,1.00,1.55
2013.12.10 13:46:33.416,1.50537,1.5055,1.00,1.13
2013.12.10 13:46:34.284,1.50536,1.50551,1.38,1.88
2013.12.10 13:46:34.599,1.50549,1.50563,1.00,1.75
2013.12.10 13:46:34.954,1.50545,1.50563,1.50,2.33
2013.12.10 13:46:35.475,1.50542,1.50563,1.38,2.20
2013.12.10 13:46:36.005,1.50542,1.50563,1.38,2.20
2013.12.10 13:46:36.677,1.50542,1.50563,1.38,1.38
2013.12.10 13:46:41.221,1.50544,1.50563,1.00,1.38
2013.12.10 13:46:41.323,1.5055,1.50563,1.00,1.00
2013.12.10 13:46:41.437,1.5055,1.50563,1.00,1.00
2013.12.10 13:46:41.539,1.5055,1.50564,1.00,1.13
2013.12.10 13:46:42.294,1.50551,1.50564,1.00,1.13
2013.12.10 13:46:42.865,1.50551,1.50566,1.50,1.38
2013.12.10 13:46:43.066,1.50557,1.50569,2.10,1.53
2013.12.10 13:46:43.167,1.50557,1.5057,2.48,1.50
2013.12.10 13:46:43.218,1.5056,1.5057,1.73,1.00
2013.12.10 13:46:43.269,1.50562,1.50573,1.00,1.58
2013.12.10 13:46:43.370,1.50562,1.50575,1.00,1.13
2013.12.10 13:46:44.846,1.50561,1.50575,1.00,1.75
2013.12.10 13:46:47.331,1.50561,1.50573,1.00,2.20
2013.12.10 13:46:47.381,1.50556,1.50573,1.38,2.95
2013.12.10 13:46:47.685,1.50556,1.50573,1.00,2.96
2013.12.10 13:46:47.937,1.50552,1.50573,1.50,1.88
2013.12.10 13:46:48.652,1.50551,1.50573,1.58,3.53
2013.12.10 13:46:48.998,1.50551,1.50573,1.10,3.91
2013.12.10 13:46:49.435,1.50551,1.50571,1.00,3.15
2013.12.10 13:46:49.789,1.50554,1.50571,1.00,1.48
2013.12.10 13:46:50.092,1.50554,1.50571,1.88,1.38
2013.12.10 13:46:50.143,1.50557,1.50571,1.00,1.38
2013.12.10 13:46:50.194,1.50557,1.50573,1.50,1.93
2013.12.10 13:46:50.345,1.50557,1.50573,1.50,1.10
2013.12.10 13:46:50.396,1.50558,1.50575,1.00,1.13
2013.12.10 13:46:50.462,1.50558,1.50575,1.00,1.38
2013.12.10 13:46:51.194,1.5056,1.50575,1.00,1.38
2013.12.10 13:46:51.885,1.5056,1.50575,1.00,1.38
2013.12.10 13:46:52.388,1.5056,1.50575,1.00,1.38
2013.12.10 13:46:53.407,1.50556,1.50575,2.03,1.50
2013.12.10 13:46:53.517,1.50554,1.50575,1.53,2.88
2013.12.10 13:46:53.821,1.50553,1.50574,2.03,1.38
2013.12.10 13:46:53.872,1.50553,1.50572,2.03,2.51
2013.12.10 13:46:54.408,1.50553,1.50572,1.50,2.51
2013.12.10 13:46:54.931,1.50552,1.50572,1.20,3.55
2013.12.10 13:46:55.924,1.50553,1.50572,1.00,2.58
2013.12.10 13:46:56.386,1.50547,1.50566,1.10,2.26
2013.12.10 13:46:56.891,1.50547,1.50563,1.00,2.20
2013.12.10 13:46:58.015,1.50548,1.50563,1.00,2.13
2013.12.10 13:46:58.198,1.50548,1.50563,1.00,1.13
2013.12.10 13:46:59.452,1.5055,1.50564,1.00,1.50
2013.12.10 13:47:00.008,1.50551,1.50564,1.00,1.13
2013.12.10 13:47:00.315,1.50553,1.50568,1.00,1.75
2013.12.10 13:47:00.366,1.50553,1.50568,1.13,1.00
2013.12.10 13:47:00.467,1.50557,1.50568,1.00,1.00
2013.12.10 13:47:00.518,1.50557,1.5057,1.00,1.00
2013.12.10 13:47:00.670,1.50557,1.5057,1.38,1.00
2013.12.10 13:47:00.721,1.50561,1.50573,1.00,1.20
2013.12.10 13:47:01.227,1.50562,1.50574,1.13,1.00
2013.12.10 13:47:01.426,1.50562,1.50576,1.13,1.13
2013.12.10 13:47:01.485,1.50564,1.50576,1.00,1.13
2013.12.10 13:47:02.072,1.50561,1.50579,1.95,1.00
2013.12.10 13:47:02.182,1.50561,1.50579,2.40,1.00
2013.12.10 13:47:02.777,1.50561,1.5058,2.78,1.50
2013.12.10 13:47:02.988,1.50561,1.5058,2.03,2.13
2013.12.10 13:47:03.708,1.50561,1.5058,1.65,1.38
2013.12.10 13:47:04.092,1.50561,1.50578,1.00,2.13
2013.12.10 13:47:04.704,1.50558,1.50578,1.38,1.13
2013.12.10 13:47:05.062,1.50558,1.50578,1.00,1.13
2013.12.10 13:47:05.578,1.50558,1.50578,1.00,2.98
2013.12.10 13:47:07.484,1.5056,1.50578,1.00,1.38
2013.12.10 13:47:08.306,1.5056,1.50578,1.00,1.13
2013.12.10 13:47:09.155,1.5056,1.50578,1.00,1.88
2013.12.10 13:47:09.206,1.50557,1.50574,2.25,2.78
2013.12.10 13:47:09.727,1.50556,1.50573,1.00,3.75
2013.12.10 13:47:09.879,1.50551,1.50571,1.88,1.00
2013.12.10 13:47:09.929,1.50552,1.50571,1.00,1.00
2013.12.10 13:47:10.532,1.50552,1.50571,1.00,1.38
2013.12.10 13:47:11.043,1.50551,1.50571,1.50,1.38
2013.12.10 13:47:11.195,1.5055,1.5057,3.75,1.38
2013.12.10 13:47:12.976,1.5055,1.50568,1.00,2.20
2013.12.10 13:47:13.481,1.5055,1.50569,1.00,2.03
2013.12.10 13:47:15.084,1.50551,1.50569,1.00,1.58
2013.12.10 13:47:17.614,1.50552,1.50569,1.00,1.58
2013.12.10 13:47:18.276,1.5055,1.50569,1.00,1.58
2013.12.10 13:47:28.702,1.5055,1.50569,1.00,1.58
2013.12.10 13:47:28.854,1.5055,1.50567,1.00,1.00
2013.12.10 13:47:29.677,1.5055,1.50567,1.00,1.38
2013.12.10 13:47:30.336,1.5055,1.50567,1.00,1.55
2013.12.10 13:47:32.450,1.5055,1.50567,1.00,1.75
2013.12.10 13:47:34.209,1.5055,1.50567,1.00,1.75
2013.12.10 13:47:34.861,1.5055,1.50567,1.50,1.85
2013.12.10 13:47:40.675,1.50548,1.50567,1.00,1.38
2013.12.10 13:47:41.258,1.50548,1.50567,1.00,1.38
2013.12.10 13:47:41.794,1.50549,1.50567,1.00,1.38
2013.12.10 13:47:43.394,1.50548,1.50566,1.00,3.33
2013.12.10 13:47:43.445,1.50548,1.50566,1.00,3.33
2013.12.10 13:47:43.634,1.50546,1.50566,1.50,1.38
2013.12.10 13:47:44.195,1.50545,1.50566,3.00,1.38
2013.12.10 13:47:45.876,1.50546,1.50566,1.00,2.61
2013.12.10 13:47:46.181,1.50546,1.50566,1.00,2.61
2013.12.10 13:47:46.288,1.50546,1.50566,1.00,2.61
2013.12.10 13:47:46.943,1.50545,1.50566,2.63,2.61
2013.12.10 13:47:46.994,1.50547,1.50566,1.00,2.61
2013.12.10 13:47:47.196,1.50547,1.50566,1.88,2.33
2013.12.10 13:47:47.399,1.50548,1.50566,1.50,2.61
2013.12.10 13:47:48.292,1.50548,1.50566,1.50,2.61
2013.12.10 13:47:49.366,1.50548,1.50566,1.50,2.61
2013.12.10 13:47:50.363,1.50548,1.50566,1.50,1.38
2013.12.10 13:47:50.517,1.50548,1.50563,1.00,3.75
2013.12.10 13:47:50.841,1.50541,1.50556,1.38,1.38
2013.12.10 13:47:50.895,1.50539,1.50555,1.00,1.38
2013.12.10 13:47:51.428,1.50538,1.50555,1.00,1.38
2013.12.10 13:47:54.946,1.50538,1.50555,1.00,1.38
2013.12.10 13:47:55.481,1.5054,1.50555,1.00,1.38
2013.12.10 13:48:01.074,1.50539,1.50555,1.00,1.38
2013.12.10 13:48:01.672,1.50541,1.50555,1.00,1.38
2013.12.10 13:48:01.773,1.50541,1.50555,1.00,1.38
2013.12.10 13:48:01.874,1.50545,1.50555,1.00,1.38
2013.12.10 13:48:02.347,1.50545,1.50559,1.00,1.38
2013.12.10 13:48:02.449,1.50545,1.50559,1.00,1.38
2013.12.10 13:48:03.114,1.50546,1.50559,1.00,1.38
2013.12.10 13:48:04.008,1.50546,1.50559,1.00,1.38
2013.12.10 13:48:05.330,1.50546,1.50559,1.00,1.38
2013.12.10 13:48:05.890,1.50547,1.50559,1.00,1.38
2013.12.10 13:48:06.404,1.50548,1.50559,1.00,1.38
2013.12.10 13:48:06.464,1.50543,1.50559,1.00,1.38
2013.12.10 13:48:06.515,1.50546,1.50563,1.00,1.85
2013.12.10 13:48:06.617,1.50546,1.50563,1.00,1.75
2013.12.10 13:48:09.056,1.50545,1.50563,1.08,1.75
2013.12.10 13:48:09.566,1.50544,1.50563,2.63,1.50
2013.12.10 13:48:10.094,1.50544,1.50563,1.88,1.50
2013.12.10 13:48:12.138,1.50545,1.50563,1.00,1.50
2013.12.10 13:48:14.293,1.50544,1.50563,2.25,1.50
2013.12.10 13:48:18.615,1.50544,1.50563,2.63,1.38
2013.12.10 13:48:19.410,1.50547,1.50563,1.10,1.38
2013.12.10 13:48:23.872,1.50547,1.50565,1.10,1.75
2013.12.10 13:48:25.474,1.50548,1.50565,1.00,1.75
2013.12.10 13:48:28.635,1.50548,1.50565,1.00,1.75
2013.12.10 13:48:29.917,1.50548,1.50565,1.00,1.75
2013.12.10 13:48:30.222,1.50542,1.50554,1.38,2.66
2013.12.10 13:48:30.273,1.50535,1.5055,1.50,2.13
2013.12.10 13:48:30.375,1.50535,1.5055,1.50,1.38
2013.12.10 13:48:30.476,1.50535,1.5055,1.50,1.38
2013.12.10 13:48:30.830,1.50539,1.50551,1.00,1.38
2013.12.10 13:48:32.240,1.50539,1.50551,1.00,1.38
2013.12.10 13:48:32.461,1.50537,1.50551,1.50,1.38
2013.12.10 13:48:33.225,1.50537,1.50551,1.50,1.38
2013.12.10 13:48:33.954,1.50538,1.50553,1.00,1.38
2013.12.10 13:48:34.655,1.50537,1.50553,1.00,1.38
2013.12.10 13:48:35.325,1.50537,1.50553,1.00,1.38
2013.12.10 13:48:36.646,1.50537,1.50553,1.00,1.38
2013.12.10 13:48:39.266,1.50539,1.50553,1.00,1.38
2013.12.10 13:48:42.597,1.50539,1.50554,1.00,2.25
2013.12.10 13:48:45.898,1.50538,1.50554,1.50,1.88
2013.12.10 13:48:47.417,1.50538,1.50554,1.00,1.38
2013.12.10 13:48:48.079,1.50537,1.50554,1.00,1.13
2013.12.10 13:48:48.818,1.50537,1.50554,1.00,1.38
2013.12.10 13:48:49.391,1.50537,1.50554,1.00,1.13
2013.12.10 13:48:51.509,1.50538,1.50554,1.00,1.13
2013.12.10 13:48:53.138,1.50537,1.50554,1.00,2.70
2013.12.10 13:48:53.769,1.50537,1.50554,1.00,1.13
2013.12.10 13:48:54.316,1.50538,1.50554,1.00,2.13
2013.12.10 13:48:55.082,1.50538,1.50554,1.00,1.38
2013.12.10 13:48:55.619,1.50538,1.50554,1.00,1.13
2013.12.10 13:48:56.095,1.5054,1.50554,1.00,1.13
2013.12.10 13:48:57.995,1.50542,1.50554,1.00,1.13
2013.12.10 13:49:01.026,1.50542,1.50558,1.50,1.48
2013.12.10 13:49:01.796,1.50542,1.50558,1.50,1.48
2013.12.10 13:49:12.825,1.50538,1.50555,1.00,3.03
2013.12.10 13:49:12.926,1.5054,1.50552,1.00,3.75
2013.12.10 13:49:12.977,1.50531,1.50551,2.25,3.05
2013.12.10 13:49:13.500,1.50532,1.5055,1.00,3.03
2013.12.10 13:49:14.045,1.50532,1.50549,1.00,3.33
2013.12.10 13:49:14.884,1.50532,1.50549,1.50,2.58
2013.12.10 13:49:15.233,1.50532,1.50549,1.50,1.75
2013.12.10 13:49:16.194,1.50532,1.50549,1.50,1.95
2013.12.10 13:49:19.092,1.50533,1.50549,1.13,2.25
2013.12.10 13:49:19.396,1.50533,1.50549,1.00,1.38
2013.12.10 13:49:19.498,1.50531,1.50549,1.00,1.38
2013.12.10 13:49:19.601,1.50532,1.50549,1.13,1.38
2013.12.10 13:49:19.906,1.50532,1.50549,1.13,1.38
2013.12.10 13:49:20.546,1.50531,1.50549,1.50,1.38
2013.12.10 13:49:21.205,1.50531,1.50549,1.50,1.38
2013.12.10 13:49:21.738,1.50531,1.50549,1.00,1.88
2013.12.10 13:49:22.382,1.50531,1.50549,1.88,1.38
2013.12.10 13:49:23.145,1.50533,1.50549,1.00,1.38
2013.12.10 13:49:26.526,1.50533,1.50549,1.00,1.38
2013.12.10 13:49:26.729,1.50526,1.50548,2.40,2.58
2013.12.10 13:49:26.982,1.50526,1.50546,1.18,2.51
2013.12.10 13:49:27.286,1.50526,1.50545,1.00,5.15
2013.12.10 13:49:27.804,1.50524,1.50544,1.38,1.38
2013.12.10 13:49:28.172,1.50524,1.50543,1.38,1.38
2013.12.10 13:49:29.296,1.50524,1.50543,1.38,1.38
2013.12.10 13:49:30.741,1.50524,1.50543,1.13,2.96
2013.12.10 13:49:31.096,1.50519,1.50539,1.75,3.73
2013.12.10 13:49:31.147,1.50519,1.50539,1.00,3.73
2013.12.10 13:49:31.198,1.50519,1.50539,1.00,3.73
2013.12.10 13:49:31.299,1.50519,1.50538,1.38,2.98
2013.12.10 13:49:31.614,1.5052,1.50538,1.13,1.48
2013.12.10 13:49:31.664,1.50522,1.50538,1.00,1.95
2013.12.10 13:49:32.203,1.50522,1.50538,1.50,1.95
2013.12.10 13:49:32.563,1.50524,1.50538,1.00,2.23
2013.12.10 13:49:32.765,1.50523,1.50541,1.88,1.95
2013.12.10 13:49:33.050,1.50534,1.50541,1.00,1.10
2013.12.10 13:49:33.426,1.50526,1.50544,1.38,2.25
2013.12.10 13:49:33.834,1.50526,1.50544,1.50,1.38
2013.12.10 13:49:34.145,1.50526,1.50544,1.00,2.70
2013.12.10 13:49:34.671,1.50527,1.50544,1.00,2.40
2013.12.10 13:49:35.240,1.50526,1.50544,1.50,2.40
2013.12.10 13:49:35.754,1.50525,1.50544,1.13,3.08
2013.12.10 13:49:36.277,1.50525,1.50544,1.00,3.33
2013.12.10 13:49:36.379,1.50523,1.50544,1.00,3.08
2013.12.10 13:49:36.631,1.50525,1.50544,1.00,3.08
2013.12.10 13:49:37.136,1.50526,1.50544,1.00,3.08
2013.12.10 13:49:37.753,1.50526,1.50542,1.00,2.66
2013.12.10 13:49:38.189,1.50527,1.50542,1.75,2.58
2013.12.10 13:49:38.342,1.50527,1.50542,1.75,1.00
2013.12.10 13:49:38.545,1.50531,1.50547,1.00,1.65
2013.12.10 13:49:39.078,1.50531,1.50548,1.38,1.85
2013.12.10 13:49:39.973,1.50531,1.5055,1.38,2.40
2013.12.10 13:49:40.881,1.50531,1.5055,1.00,4.58
2013.12.10 13:49:40.932,1.50529,1.50549,1.00,2.26
2013.12.10 13:49:40.983,1.50529,1.50549,1.00,3.08
2013.12.10 13:49:41.395,1.50528,1.50547,1.00,3.68
2013.12.10 13:49:41.648,1.50526,1.50545,1.00,3.08
2013.12.10 13:49:41.749,1.50525,1.50542,1.50,3.08
2013.12.10 13:49:41.901,1.50519,1.50536,1.20,2.51
2013.12.10 13:49:41.952,1.50514,1.50536,1.65,1.75
2013.12.10 13:49:42.003,1.50519,1.50535,1.00,3.75
2013.12.10 13:49:42.159,1.50519,1.50534,1.00,2.58
2013.12.10 13:49:42.412,1.50519,1.50534,1.00,1.10
2013.12.10 13:49:42.665,1.50522,1.50536,1.00,1.38
2013.12.10 13:49:42.968,1.50529,1.50536,1.00,1.00
2013.12.10 13:49:43.483,1.50529,1.50541,1.00,1.38
2013.12.10 13:49:44.003,1.50525,1.50541,2.25,1.38
2013.12.10 13:49:44.271,1.50526,1.50542,1.00,1.75
2013.12.10 13:49:44.372,1.50526,1.50542,1.00,1.13
2013.12.10 13:49:44.904,1.50526,1.50542,1.00,1.75
2013.12.10 13:49:45.226,1.50526,1.50542,1.00,1.75
2013.12.10 13:49:45.630,1.50528,1.50542,1.00,1.38
2013.12.10 13:49:45.934,1.5053,1.50542,1.00,1.38
2013.12.10 13:49:46.264,1.50528,1.50542,1.00,1.38
2013.12.10 13:49:46.325,1.50528,1.50542,1.00,1.38
2013.12.10 13:49:46.856,1.50528,1.50543,1.00,1.48
2013.12.10 13:49:51.748,1.50528,1.50543,1.00,1.38
2013.12.10 13:49:51.951,1.50528,1.50543,1.00,1.38
2013.12.10 13:49:52.548,1.50527,1.50544,1.00,1.50
2013.12.10 13:49:54.667,1.50526,1.50544,1.00,2.40
2013.12.10 13:49:54.971,1.50524,1.50542,1.00,1.35
2013.12.10 13:49:55.583,1.50524,1.50542,1.00,1.35
2013.12.10 13:49:57.146,1.50524,1.50542,1.00,1.75
2013.12.10 13:49:57.823,1.50524,1.50541,1.00,3.75
2013.12.10 13:49:58.163,1.50526,1.50541,1.00,1.50
2013.12.10 13:49:58.574,1.5053,1.50541,1.00,2.25
2013.12.10 13:49:58.626,1.50524,1.50541,1.10,1.75
2013.12.10 13:49:59.182,1.50526,1.50541,1.00,2.65
2013.12.10 13:49:59.384,1.50522,1.50539,1.50,2.51
2013.12.10 13:49:59.893,1.50522,1.50539,1.88,1.13
2013.12.10 13:50:00.505,1.50522,1.50539,1.50,1.38
2013.12.10 13:50:01.036,1.50526,1.50539,1.00,1.38
2013.12.10 13:50:01.543,1.50526,1.50539,1.00,1.38
2013.12.10 13:50:01.770,1.50528,1.5054,1.00,1.38
2013.12.10 13:50:02.318,1.50528,1.50544,1.00,2.25
2013.12.10 13:50:06.796,1.50531,1.50544,1.00,1.38
2013.12.10 13:50:08.257,1.50531,1.50544,1.00,1.38
2013.12.10 13:50:08.308,1.50528,1.50544,1.00,1.38
2013.12.10 13:50:08.563,1.50524,1.50542,1.00,3.78
2013.12.10 13:50:08.664,1.50525,1.50542,1.00,7.41
2013.12.10 13:50:08.867,1.50522,1.5054,1.00,6.38
2013.12.10 13:50:09.422,1.50522,1.50538,1.00,2.93
2013.12.10 13:50:09.637,1.50522,1.50538,1.00,2.93
2013.12.10 13:50:10.745,1.50522,1.50538,1.00,2.88
2013.12.10 13:50:11.216,1.50525,1.50538,1.00,2.63
2013.12.10 13:50:11.786,1.50525,1.50538,1.00,1.53
2013.12.10 13:50:12.337,1.50525,1.50538,1.00,1.53
2013.12.10 13:50:13.047,1.50525,1.50538,1.00,1.53
2013.12.10 13:50:13.580,1.50525,1.50539,1.50,1.20
2013.12.10 13:50:14.789,1.50525,1.50539,1.00,1.48
2013.12.10 13:50:15.103,1.50525,1.50539,1.00,1.20
2013.12.10 13:50:18.332,1.50526,1.50539,1.00,1.58
2013.12.10 13:50:19.614,1.50526,1.50539,1.00,1.58
2013.12.10 13:50:20.123,1.50524,1.50539,1.00,1.58
2013.12.10 13:50:20.438,1.50526,1.50539,1.00,1.58
2013.12.10 13:50:22.214,1.50526,1.50539,1.00,1.58
2013.12.10 13:50:23.909,1.50526,1.50539,1.00,1.13
2013.12.10 13:50:24.421,1.50527,1.50539,1.00,1.00
2013.12.10 13:50:25.372,1.50529,1.50539,1.00,1.00
2013.12.10 13:50:25.907,1.50529,1.50539,1.00,1.38
2013.12.10 13:50:26.472,1.50528,1.50539,1.00,1.38
2013.12.10 13:50:27.027,1.50526,1.50539,1.00,1.38
2013.12.10 13:50:27.539,1.50526,1.50539,1.00,1.13
2013.12.10 13:50:28.051,1.50525,1.50539,1.00,1.38
2013.12.10 13:50:29.163,1.50525,1.50539,1.00,1.38
2013.12.10 13:50:29.366,1.50521,1.50539,1.50,1.38
2013.12.10 13:50:30.031,1.50521,1.50539,1.00,2.28
2013.12.10 13:50:34.613,1.50524,1.50539,1.00,1.53
2013.12.10 13:50:35.603,1.50521,1.50539,1.00,1.48
2013.12.10 13:50:38.136,1.50523,1.50539,1.00,1.00
2013.12.10 13:50:38.288,1.50523,1.5054,1.50,2.70
2013.12.10 13:50:38.743,1.50522,1.5054,1.00,1.13
2013.12.10 13:50:39.048,1.5052,1.5054,1.50,3.46
2013.12.10 13:50:39.150,1.50514,1.50537,1.65,4.53
2013.12.10 13:50:39.403,1.50514,1.50536,1.00,4.13
2013.12.10 13:50:39.953,1.50514,1.50536,1.00,4.13
2013.12.10 13:50:40.239,1.50512,1.50534,1.00,3.03
2013.12.10 13:50:40.448,1.50514,1.50534,1.00,3.03
2013.12.10 13:50:40.741,1.50512,1.50533,1.50,1.38
2013.12.10 13:50:41.244,1.50513,1.50533,1.13,1.48
2013.12.10 13:50:41.397,1.50514,1.50532,1.13,2.13
2013.12.10 13:50:43.989,1.50516,1.50533,1.13,1.48
2013.12.10 13:50:44.782,1.50515,1.50533,1.88,1.48
2013.12.10 13:50:45.234,1.5052,1.50535,1.00,1.65
2013.12.10 13:50:45.833,1.5052,1.50535,1.00,1.50
2013.12.10 13:50:46.086,1.50517,1.50535,1.00,2.33
2013.12.10 13:50:48.186,1.50515,1.50535,1.38,2.33
2013.12.10 13:50:48.539,1.50517,1.50535,1.50,1.00
2013.12.10 13:50:48.844,1.5052,1.50535,1.13,1.00
2013.12.10 13:50:48.894,1.5052,1.50536,1.13,1.38
2013.12.10 13:50:50.033,1.50518,1.50536,2.25,1.00
2013.12.10 13:50:50.186,1.50523,1.50539,1.13,1.00
2013.12.10 13:50:50.709,1.50524,1.5054,1.00,1.13
2013.12.10 13:50:53.365,1.50524,1.50542,1.00,3.83
2013.12.10 13:50:53.416,1.5052,1.50541,1.38,3.83
2013.12.10 13:50:53.567,1.50517,1.50537,1.95,1.00
2013.12.10 13:50:53.770,1.50515,1.50537,1.88,2.71
2013.12.10 13:50:54.446,1.50516,1.50537,1.38,2.58
2013.12.10 13:50:54.497,1.50519,1.50537,1.00,1.58
2013.12.10 13:50:55.423,1.50519,1.50539,1.00,1.90
2013.12.10 13:50:55.626,1.50522,1.50539,1.00,1.90
2013.12.10 13:50:56.184,1.50522,1.50539,1.00,1.90
2013.12.10 13:50:56.491,1.50524,1.50539,1.00,1.45
2013.12.10 13:50:56.644,1.50527,1.50543,1.00,1.58
2013.12.10 13:50:56.947,1.50527,1.50542,1.00,3.38
2013.12.10 13:50:57.301,1.50521,1.5054,1.00,4.20
2013.12.10 13:50:57.453,1.50521,1.5054,1.00,7.13
2013.12.10 13:50:57.758,1.50519,1.50539,1.00,2.88
2013.12.10 13:50:59.966,1.50519,1.50539,1.00,2.88
2013.12.10 13:51:02.353,1.50519,1.50539,1.00,2.03
2013.12.10 13:51:03.946,1.50518,1.50539,1.58,1.38
2013.12.10 13:51:07.458,1.50516,1.50539,2.33,2.98
2013.12.10 13:51:12.364,1.50516,1.50537,1.95,2.61
2013.12.10 13:51:13.066,1.50518,1.50537,1.00,2.61
2013.12.10 13:51:14.902,1.50518,1.50537,1.10,2.51
2013.12.10 13:51:15.351,1.50521,1.50537,1.00,2.25
2013.12.10 13:51:15.995,1.5052,1.50537,1.00,2.51
2013.12.10 13:51:16.102,1.5052,1.50537,1.00,2.51
2013.12.10 13:51:16.762,1.5052,1.50537,1.00,2.51
2013.12.10 13:51:18.963,1.5052,1.50537,1.00,2.51
2013.12.10 13:51:19.625,1.5052,1.50537,1.10,1.50
2013.12.10 13:51:20.572,1.50523,1.50537,1.00,1.50
2013.12.10 13:51:21.375,1.5052,1.50537,1.10,1.50
2013.12.10 13:51:21.785,1.50518,1.50537,2.33,1.58
2013.12.10 13:51:22.712,1.50518,1.50537,2.25,1.58
2013.12.10 13:51:22.763,1.50521,1.50537,1.00,1.58
2013.12.10 13:51:23.067,1.50523,1.50539,1.00,1.38
2013.12.10 13:51:23.169,1.50521,1.50539,1.10,1.38
2013.12.10 13:51:23.270,1.50521,1.50539,1.00,1.38
2013.12.10 13:51:23.775,1.5052,1.5054,1.00,1.20
2013.12.10 13:51:24.751,1.50518,1.5054,2.25,1.95
2013.12.10 13:51:25.909,1.50519,1.5054,1.00,2.70
2013.12.10 13:51:26.412,1.5052,1.5054,1.00,1.95
2013.12.10 13:51:27.283,1.50525,1.5054,1.00,1.95
2013.12.10 13:51:29.261,1.50523,1.5054,1.00,1.95
2013.12.10 13:51:29.831,1.50519,1.5054,1.13,1.95
2013.12.10 13:51:30.433,1.5052,1.5054,1.50,1.55
2013.12.10 13:51:31.091,1.50525,1.5054,1.00,1.55
2013.12.10 13:51:31.144,1.50523,1.5054,1.00,1.55
2013.12.10 13:51:33.338,1.50524,1.5054,1.00,1.48
2013.12.10 13:51:35.093,1.50523,1.50542,1.00,1.58
2013.12.10 13:51:35.394,1.50525,1.50542,1.00,1.38
2013.12.10 13:51:35.694,1.50523,1.50542,1.50,1.38
2013.12.10 13:51:36.106,1.50523,1.50542,1.50,1.38
2013.12.10 13:51:37.428,1.50523,1.50542,1.50,1.38
2013.12.10 13:51:38.282,1.50526,1.50542,1.00,1.38
2013.12.10 13:51:38.333,1.50526,1.50543,1.00,1.55
2013.12.10 13:51:38.536,1.50528,1.50544,1.13,1.65
2013.12.10 13:51:38.840,1.5053,1.50544,1.00,1.50
2013.12.10 13:51:39.210,1.50526,1.50544,1.88,1.00
2013.12.10 13:51:39.312,1.50531,1.50546,1.13,1.95
2013.12.10 13:51:39.861,1.50531,1.50546,1.13,1.38
2013.12.10 13:51:40.411,1.50533,1.50549,1.00,1.53
2013.12.10 13:51:40.564,1.50538,1.50553,1.00,2.70
2013.12.10 13:51:40.617,1.50538,1.50553,1.00,1.88
2013.12.10 13:51:41.394,1.50538,1.50553,1.00,1.38
2013.12.10 13:51:43.349,1.50538,1.50554,1.88,1.13
2013.12.10 13:51:43.653,1.50538,1.50554,2.03,1.13
2013.12.10 13:51:44.232,1.5054,1.50556,1.00,1.38
2013.12.10 13:51:48.512,1.50539,1.50556,1.50,1.38
2013.12.10 13:51:51.987,1.50542,1.50556,1.00,1.38
2013.12.10 13:51:52.329,1.50534,1.50548,1.00,2.50
2013.12.10 13:51:52.380,1.50532,1.50548,1.00,1.00
2013.12.10 13:51:52.888,1.50532,1.50548,1.00,3.01
2013.12.10 13:51:52.989,1.50531,1.50548,1.13,3.01
2013.12.10 13:51:53.552,1.50531,1.50548,1.13,1.88
2013.12.10 13:51:53.672,1.50531,1.50547,1.00,2.50
2013.12.10 13:51:53.723,1.50528,1.50545,1.00,2.26
2013.12.10 13:51:53.825,1.50526,1.50545,1.13,1.50
2013.12.10 13:51:54.129,1.50526,1.50545,2.03,1.50
2013.12.10 13:51:54.231,1.5053,1.50547,1.10,1.88
2013.12.10 13:51:54.598,1.50533,1.50548,1.00,1.38
2013.12.10 13:51:54.699,1.50533,1.50548,1.00,1.00
2013.12.10 13:51:56.823,1.50533,1.5055,1.00,1.38
2013.12.10 13:51:58.132,1.50537,1.50552,1.00,1.53
2013.12.10 13:51:58.436,1.50543,1.50553,1.38,1.00
2013.12.10 13:51:58.639,1.50547,1.50557,1.00,1.00
2013.12.10 13:51:58.741,1.50543,1.50557,1.00,1.00
2013.12.10 13:51:58.842,1.50545,1.50558,1.00,1.38
2013.12.10 13:51:58.994,1.50547,1.5056,1.00,1.95
2013.12.10 13:51:59.399,1.50547,1.5056,1.00,1.13
2013.12.10 13:51:59.450,1.50547,1.50561,1.00,1.13
2013.12.10 13:51:59.754,1.50547,1.50561,1.00,2.81
2013.12.10 13:51:59.805,1.50542,1.50558,1.00,4.43
2013.12.10 13:51:59.906,1.5054,1.50556,1.00,2.88
2013.12.10 13:52:00.310,1.5054,1.50556,1.00,1.38
2013.12.10 13:52:00.413,1.50544,1.50557,1.00,3.23
2013.12.10 13:52:00.615,1.50537,1.50557,1.00,3.01
2013.12.10 13:52:01.105,1.50537,1.50555,1.00,2.21
2013.12.10 13:52:01.836,1.50538,1.50556,1.00,1.53
2013.12.10 13:52:01.989,1.50538,1.50556,1.00,2.70
2013.12.10 13:52:02.520,1.50537,1.50554,1.00,2.65
2013.12.10 13:52:02.884,1.50537,1.50553,1.00,5.25
2013.12.10 13:52:03.408,1.50536,1.50553,1.88,1.18
2013.12.10 13:52:04.165,1.50536,1.50553,1.88,1.15
2013.12.10 13:52:04.677,1.50536,1.50553,1.88,1.15
2013.12.10 13:52:04.779,1.50536,1.50553,1.88,3.00
2013.12.10 13:52:05.836,1.50543,1.50553,1.00,5.25
2013.12.10 13:52:05.886,1.50543,1.50553,1.00,1.00
2013.12.10 13:52:06.140,1.50539,1.50555,1.00,1.18
2013.12.10 13:52:06.241,1.50539,1.50553,1.00,4.50
2013.12.10 13:52:06.343,1.50539,1.50554,1.38,1.18
2013.12.10 13:52:06.444,1.50543,1.50557,1.00,3.00
2013.12.10 13:52:07.226,1.50543,1.50557,1.13,4.50
2013.12.10 13:52:07.656,1.50544,1.50554,1.00,4.50
2013.12.10 13:52:07.758,1.50539,1.50552,1.38,4.50
2013.12.10 13:52:07.872,1.50543,1.50552,1.00,4.50
2013.12.10 13:52:08.959,1.50541,1.50552,1.00,4.88
2013.12.10 13:52:10.193,1.50541,1.50553,1.00,2.33
2013.12.10 13:52:13.030,1.50542,1.50553,1.00,2.33
2013.12.10 13:52:14.940,1.50532,1.50552,1.88,2.98
2013.12.10 13:52:15.092,1.50535,1.50551,1.75,2.23
2013.12.10 13:52:15.143,1.50537,1.50552,1.13,1.45
2013.12.10 13:52:15.245,1.50539,1.50553,1.00,1.65
2013.12.10 13:52:16.173,1.50539,1.50552,1.00,4.50
2013.12.10 13:52:16.688,1.50539,1.50552,1.50,2.33
2013.12.10 13:52:18.952,1.50534,1.50552,1.73,3.46
2013.12.10 13:52:19.003,1.50538,1.50552,1.00,1.28
2013.12.10 13:52:19.307,1.5054,1.5055,1.00,4.50
2013.12.10 13:52:19.409,1.5054,1.50552,1.00,1.20
2013.12.10 13:52:19.561,1.50542,1.50552,1.00,1.28
2013.12.10 13:52:19.977,1.5054,1.50552,1.00,2.70
2013.12.10 13:52:20.539,1.50539,1.50552,1.00,1.20
2013.12.10 13:52:22.772,1.50539,1.50552,1.00,1.20
2013.12.10 13:52:22.975,1.50537,1.5055,1.00,4.88
2013.12.10 13:52:23.127,1.50537,1.5055,2.10,1.65
2013.12.10 13:52:23.280,1.50548,1.50556,1.00,1.00
2013.12.10 13:52:23.783,1.50547,1.5056,1.00,1.58
2013.12.10 13:52:24.441,1.50547,1.5056,1.00,1.15
2013.12.10 13:52:24.643,1.50547,1.5056,1.38,1.15
2013.12.10 13:52:25.149,1.50547,1.5056,1.38,1.15
2013.12.10 13:52:25.611,1.50547,1.5056,1.00,1.15
2013.12.10 13:52:26.160,1.50543,1.5056,2.25,1.00
2013.12.10 13:52:26.719,1.50543,1.5056,2.25,1.00
2013.12.10 13:52:28.377,1.50545,1.50561,1.38,1.10
2013.12.10 13:52:29.030,1.50545,1.50561,1.00,1.10
2013.12.10 13:52:30.678,1.50545,1.50561,1.38,1.10
2013.12.10 13:52:30.886,1.50547,1.50561,1.38,1.00
2013.12.10 13:52:30.988,1.50547,1.50565,1.88,1.18
2013.12.10 13:52:32.328,1.50547,1.50565,1.88,3.08
2013.12.10 13:52:32.994,1.50547,1.50565,1.88,3.75
2013.12.10 13:52:34.280,1.50549,1.50565,1.00,1.13
2013.12.10 13:52:34.848,1.50547,1.50565,1.13,2.28
2013.12.10 13:52:34.950,1.50548,1.50565,1.00,2.28
2013.12.10 13:52:35.001,1.50548,1.50565,1.38,1.00
2013.12.10 13:52:35.549,1.50549,1.50566,1.38,1.18
2013.12.10 13:52:35.852,1.50549,1.50566,1.38,1.18
2013.12.10 13:52:37.254,1.50549,1.50566,1.38,3.33
2013.12.10 13:52:37.507,1.50549,1.50566,1.38,1.58
2013.12.10 13:52:37.941,1.50549,1.50566,1.13,1.58
2013.12.10 13:52:38.043,1.50548,1.50566,1.38,2.58
2013.12.10 13:52:38.587,1.50548,1.50565,1.00,2.28
2013.12.10 13:52:39.016,1.50546,1.50565,1.00,1.50
2013.12.10 13:52:39.541,1.50546,1.50564,1.00,2.78
2013.12.10 13:52:41.117,1.50546,1.50561,1.00,2.13
2013.12.10 13:52:41.471,1.50543,1.50559,1.00,2.13
2013.12.10 13:52:41.521,1.5054,1.50559,1.88,2.28
2013.12.10 13:52:41.843,1.50544,1.50559,1.00,3.08
2013.12.10 13:52:42.096,1.50543,1.50559,1.00,1.00
2013.12.10 13:52:42.147,1.5054,1.50558,1.20,2.13
2013.12.10 13:52:42.733,1.50538,1.50558,1.88,2.70
2013.12.10 13:52:43.241,1.50538,1.50558,1.88,1.88
2013.12.10 13:52:44.511,1.50538,1.50557,1.00,2.88
2013.12.10 13:52:48.581,1.50538,1.50557,1.13,1.13
2013.12.10 13:52:49.184,1.5054,1.50557,1.00,1.13
2013.12.10 13:52:49.488,1.50539,1.50554,1.00,2.13
2013.12.10 13:52:49.589,1.50539,1.50554,1.00,1.00
2013.12.10 13:52:49.690,1.50539,1.50554,1.00,1.13
2013.12.10 13:52:49.943,1.50541,1.50556,1.00,1.38
2013.12.10 13:52:50.146,1.50541,1.50556,1.13,1.00
2013.12.10 13:52:50.247,1.50542,1.50558,1.00,1.50
2013.12.10 13:52:50.628,1.50548,1.50558,1.50,1.00
2013.12.10 13:52:50.932,1.50544,1.50558,1.50,1.38
2013.12.10 13:52:51.034,1.5054,1.50558,1.50,1.38
2013.12.10 13:52:51.951,1.5054,1.50558,1.38,1.50
2013.12.10 13:52:52.262,1.50538,1.50558,2.63,2.58
2013.12.10 13:52:52.715,1.50538,1.50558,1.88,2.70
2013.12.10 13:52:53.221,1.50539,1.50556,1.00,2.13
2013.12.10 13:52:53.803,1.50538,1.50556,2.78,2.13
2013.12.10 13:52:53.904,1.5054,1.50556,1.00,1.00
2013.12.10 13:52:54.412,1.5054,1.50556,1.00,1.00
2013.12.10 13:52:55.611,1.50546,1.50556,1.13,1.00
2013.12.10 13:52:55.713,1.50548,1.50562,1.38,1.50
2013.12.10 13:52:55.915,1.50549,1.50565,1.00,1.13
2013.12.10 13:52:56.371,1.50552,1.50565,1.00,1.13
2013.12.10 13:52:56.522,1.50552,1.50567,1.13,1.10
2013.12.10 13:52:56.912,1.50552,1.50567,1.00,1.48
2013.12.10 13:52:57.433,1.50553,1.50567,1.00,1.48
2013.12.10 13:52:59.883,1.50556,1.50567,1.00,1.48
2013.12.10 13:53:00.169,1.50554,1.50567,1.00,1.48
2013.12.10 13:53:00.688,1.50554,1.50567,1.00,2.96
2013.12.10 13:53:05.690,1.50554,1.50567,1.00,1.20
2013.12.10 13:53:05.791,1.50554,1.50567,1.00,1.38
2013.12.10 13:53:06.440,1.50553,1.50567,1.00,1.55
2013.12.10 13:53:06.592,1.50549,1.50566,1.00,2.98
2013.12.10 13:53:07.438,1.5055,1.50566,1.00,4.13
2013.12.10 13:53:07.945,1.5055,1.50566,1.00,4.13
2013.12.10 13:53:08.326,1.50548,1.50566,1.00,4.13
2013.12.10 13:53:09.679,1.50548,1.50565,1.00,2.20
2013.12.10 13:53:09.792,1.5055,1.50565,1.00,1.53
2013.12.10 13:53:11.181,1.5055,1.50565,1.00,1.53
2013.12.10 13:53:12.167,1.50549,1.50565,1.00,1.38
2013.12.10 13:53:12.753,1.50549,1.50565,1.50,2.20
2013.12.10 13:53:13.563,1.5055,1.50565,1.00,1.00
2013.12.10 13:53:14.276,1.50552,1.50565,1.00,1.00
2013.12.10 13:53:15.922,1.50551,1.50565,1.00,1.00
2013.12.10 13:53:16.275,1.50551,1.50565,1.00,1.38
2013.12.10 13:53:17.108,1.50553,1.50565,1.00,1.38
2013.12.10 13:53:17.970,1.50553,1.50565,1.00,1.38
2013.12.10 13:53:20.492,1.50552,1.50565,1.00,1.38
2013.12.10 13:53:21.307,1.50552,1.50565,1.00,1.13
2013.12.10 13:53:23.410,1.50549,1.50565,1.00,2.03
2013.12.10 13:53:24.091,1.50549,1.50565,1.00,2.03
2013.12.10 13:53:25.148,1.50548,1.50565,1.50,3.08
2013.12.10 13:53:25.402,1.5055,1.50565,1.00,2.33
2013.12.10 13:53:25.869,1.5055,1.50567,1.50,1.58
2013.12.10 13:53:27.944,1.50553,1.50567,1.00,1.38
2013.12.10 13:53:31.900,1.5055,1.50567,1.50,1.38
2013.12.10 13:53:33.480,1.50551,1.50567,1.00,1.38
2013.12.10 13:53:34.034,1.50551,1.50567,1.00,1.38
2013.12.10 13:53:34.696,1.50551,1.50567,1.00,1.38
2013.12.10 13:53:35.201,1.50551,1.50567,1.00,1.38
2013.12.10 13:53:35.643,1.50551,1.50567,1.00,1.38
2013.12.10 13:53:36.864,1.50551,1.50567,1.00,1.38
2013.12.10 13:53:37.070,1.50551,1.50567,1.00,1.38
2013.12.10 13:53:37.950,1.50551,1.50567,1.00,1.38
2013.12.10 13:53:38.662,1.50551,1.50567,1.00,1.38
2013.12.10 13:53:39.181,1.50551,1.50567,1.00,1.38
2013.12.10 13:53:39.270,1.50551,1.50567,1.00,1.38
2013.12.10 13:53:40.260,1.50551,1.50567,1.00,1.38
2013.12.10 13:53:40.896,1.50551,1.50567,1.00,1.38
2013.12.10 13:53:41.391,1.50552,1.50567,1.00,1.38
2013.12.10 13:53:41.962,1.50552,1.50567,1.00,1.38
2013.12.10 13:53:42.889,1.50548,1.50567,1.18,1.38
2013.12.10 13:53:43.613,1.50548,1.50567,1.18,1.88
2013.12.10 13:53:44.243,1.50548,1.50567,1.18,1.88
2013.12.10 13:53:47.939,1.50548,1.50567,1.00,1.95
2013.12.10 13:53:51.548,1.50549,1.50567,1.00,3.03
2013.12.10 13:53:51.600,1.50549,1.50567,1.00,3.03
2013.12.10 13:53:51.701,1.50553,1.50567,1.00,1.13
2013.12.10 13:53:52.846,1.50553,1.50567,1.00,1.58
2013.12.10 13:53:53.284,1.50553,1.50569,1.50,1.50
2013.12.10 13:53:56.896,1.50553,1.50569,1.00,1.28
2013.12.10 13:53:56.996,1.50551,1.50569,1.88,2.68
2013.12.10 13:53:57.540,1.50551,1.50569,1.88,2.68
2013.12.10 13:53:58.478,1.50551,1.50568,1.88,2.20
2013.12.10 13:53:59.824,1.50553,1.50568,1.00,1.38
2013.12.10 13:54:00.774,1.50553,1.50568,1.00,1.00
2013.12.10 13:54:08.049,1.5055,1.50568,1.00,1.50
2013.12.10 13:54:10.800,1.50553,1.50568,1.00,1.13
2013.12.10 13:54:13.705,1.50554,1.50568,1.00,1.13
2013.12.10 13:54:14.328,1.50554,1.50568,1.00,1.20
2013.12.10 13:54:16.141,1.50554,1.50568,1.00,1.48
2013.12.10 13:54:17.177,1.50556,1.50568,1.00,1.38
2013.12.10 13:54:17.746,1.50557,1.50572,1.00,1.38
2013.12.10 13:54:17.803,1.50557,1.50572,1.13,1.00
2013.12.10 13:54:17.958,1.50557,1.50572,1.38,1.00
2013.12.10 13:54:18.463,1.50558,1.50572,1.38,1.00
2013.12.10 13:54:19.909,1.50557,1.50572,1.38,1.00
2013.12.10 13:54:20.710,1.50557,1.50572,1.38,1.00
2013.12.10 13:54:21.261,1.50557,1.50572,1.38,1.00
2013.12.10 13:54:24.731,1.50557,1.50572,1.38,1.00
2013.12.10 13:54:27.345,1.5056,1.50576,1.13,1.20
2013.12.10 13:54:27.654,1.50563,1.5058,1.00,1.53
2013.12.10 13:54:28.194,1.50563,1.50581,1.00,3.98
2013.12.10 13:54:29.061,1.50562,1.50581,1.50,2.63
2013.12.10 13:54:30.288,1.50562,1.50577,1.50,3.45
2013.12.10 13:54:30.821,1.50562,1.50575,1.00,4.50
2013.12.10 13:54:31.499,1.50562,1.50574,1.00,4.50
2013.12.10 13:54:34.243,1.50559,1.50574,1.38,4.50
2013.12.10 13:54:35.159,1.5056,1.50574,1.13,4.50
2013.12.10 13:54:35.277,1.5056,1.50576,1.13,3.38
2013.12.10 13:54:35.483,1.5056,1.50575,1.13,5.26
2013.12.10 13:54:37.680,1.50559,1.50575,1.00,4.88
2013.12.10 13:54:40.283,1.50559,1.50575,1.13,2.70
2013.12.10 13:54:40.486,1.50556,1.50574,1.13,3.33
2013.12.10 13:54:40.588,1.50556,1.50571,1.13,3.75
2013.12.10 13:54:40.893,1.50555,1.50567,1.00,3.08
2013.12.10 13:54:40.944,1.50555,1.50567,1.00,1.18
2013.12.10 13:54:41.426,1.50558,1.50567,1.00,1.10
2013.12.10 13:54:41.732,1.50558,1.50569,1.00,1.95
2013.12.10 13:54:41.783,1.50558,1.50569,1.00,1.95
2013.12.10 13:54:42.196,1.5056,1.50569,1.00,1.55
2013.12.10 13:54:42.298,1.50553,1.50569,1.13,1.38
2013.12.10 13:54:42.351,1.50557,1.50569,1.00,1.00
2013.12.10 13:54:42.503,1.50558,1.50575,1.13,1.95
2013.12.10 13:54:45.264,1.50558,1.50575,1.38,1.95
2013.12.10 13:54:47.064,1.50558,1.50576,1.43,4.88
2013.12.10 13:54:47.396,1.50558,1.50575,1.88,1.20
2013.12.10 13:54:47.863,1.50558,1.50575,2.13,1.95
2013.12.10 13:54:52.298,1.5056,1.50574,1.00,1.38
2013.12.10 13:54:52.691,1.5056,1.50574,1.00,1.38
2013.12.10 13:54:53.097,1.50558,1.50573,1.50,1.38
2013.12.10 13:54:53.263,1.50558,1.50573,1.50,1.38
2013.12.10 13:54:55.398,1.50558,1.50576,2.85,1.45
2013.12.10 13:54:55.551,1.50558,1.50576,2.85,1.38
2013.12.10 13:55:00.967,1.5056,1.50575,1.00,1.13
2013.12.10 13:55:01.492,1.5056,1.50575,1.00,1.38
2013.12.10 13:55:02.420,1.50559,1.50575,1.00,1.38
2013.12.10 13:55:03.204,1.5056,1.50576,1.00,1.38
2013.12.10 13:55:03.929,1.5056,1.50576,1.00,1.38
2013.12.10 13:55:04.520,1.5056,1.50576,1.13,1.13
2013.12.10 13:55:05.052,1.50559,1.50574,1.00,1.13
2013.12.10 13:55:05.389,1.50556,1.50572,1.00,1.38
2013.12.10 13:55:05.929,1.50555,1.50572,2.25,1.38
2013.12.10 13:55:06.237,1.50555,1.50572,2.25,1.38
2013.12.10 13:55:06.489,1.50558,1.50573,1.00,1.38
2013.12.10 13:55:07.105,1.50558,1.50573,1.00,1.38
2013.12.10 13:55:07.156,1.50555,1.50571,1.00,1.38
2013.12.10 13:55:08.172,1.50553,1.5057,1.50,1.38
2013.12.10 13:55:08.223,1.50553,1.5057,1.50,1.38
2013.12.10 13:55:08.375,1.50554,1.5057,1.00,1.88
2013.12.10 13:55:08.780,1.50559,1.5057,1.00,1.38
2013.12.10 13:55:10.421,1.50559,1.50569,1.00,1.13
2013.12.10 13:55:10.674,1.50554,1.50569,1.50,3.38
2013.12.10 13:55:10.779,1.50556,1.50568,1.00,1.20
2013.12.10 13:55:11.556,1.50554,1.50568,1.00,1.20
2013.12.10 13:55:11.708,1.50554,1.50568,1.50,1.20
2013.12.10 13:55:12.126,1.50556,1.50562,1.13,1.00
2013.12.10 13:55:12.177,1.50551,1.5056,1.00,1.00
2013.12.10 13:55:12.379,1.50546,1.5056,1.38,1.00
2013.12.10 13:55:12.920,1.50548,1.50563,1.00,1.45
2013.12.10 13:55:14.061,1.50548,1.50563,1.00,1.45
2013.12.10 13:55:14.279,1.50548,1.50563,1.00,1.45
2013.12.10 13:55:14.533,1.50548,1.50561,1.00,1.38
2013.12.10 13:55:14.836,1.50546,1.50559,1.00,3.08
2013.12.10 13:55:14.938,1.50546,1.50557,1.00,1.00
2013.12.10 13:55:15.451,1.50546,1.50557,1.00,1.18
2013.12.10 13:55:15.643,1.50542,1.50557,1.00,1.18
2013.12.10 13:55:15.899,1.50542,1.50557,1.00,3.75
2013.12.10 13:55:16.472,1.50542,1.50557,1.00,1.95
2013.12.10 13:55:16.902,1.50539,1.50556,1.00,2.70
2013.12.10 13:55:17.004,1.50539,1.50556,1.00,2.70
2013.12.10 13:55:17.371,1.50544,1.50554,1.00,1.20
2013.12.10 13:55:18.400,1.50539,1.50554,1.00,1.20
2013.12.10 13:55:19.292,1.50539,1.50556,1.00,3.38
2013.12.10 13:55:20.379,1.5054,1.50556,1.00,2.63
2013.12.10 13:55:20.582,1.50542,1.50557,1.00,1.20
2013.12.10 13:55:21.180,1.50542,1.50558,1.00,1.53
2013.12.10 13:55:24.288,1.50542,1.50558,1.00,1.53
2013.12.10 13:55:24.993,1.50542,1.50558,1.00,1.53
2013.12.10 13:55:25.171,1.50542,1.50558,1.00,1.53
2013.12.10 13:55:26.378,1.50545,1.50559,1.00,2.63
2013.12.10 13:55:26.681,1.50548,1.50559,1.00,1.28
2013.12.10 13:55:26.947,1.50542,1.50559,1.13,1.28
2013.12.10 13:55:27.492,1.50542,1.50559,1.13,1.53
2013.12.10 13:55:28.578,1.50543,1.50557,1.00,1.58
2013.12.10 13:55:28.831,1.50546,1.50561,1.00,3.38
2013.12.10 13:55:28.882,1.50546,1.50561,1.00,1.20
2013.12.10 13:55:28.983,1.50547,1.50561,1.00,1.15
2013.12.10 13:55:29.236,1.50545,1.5056,1.00,1.18
2013.12.10 13:55:29.287,1.50545,1.5056,1.00,1.58
2013.12.10 13:55:29.540,1.50546,1.50561,1.13,1.28
2013.12.10 13:55:29.591,1.50546,1.50561,1.50,1.18
2013.12.10 13:55:29.845,1.50551,1.50565,1.00,2.63
2013.12.10 13:55:30.396,1.50548,1.50565,1.00,2.63
2013.12.10 13:55:31.000,1.50548,1.50564,1.00,1.38
2013.12.10 13:55:31.304,1.50548,1.50563,1.00,1.13
2013.12.10 13:55:31.468,1.5054,1.50556,1.58,1.50
2013.12.10 13:55:31.571,1.50539,1.50552,1.00,1.00
2013.12.10 13:55:31.672,1.50539,1.50554,1.13,1.00
2013.12.10 13:55:31.723,1.50542,1.50554,1.00,1.00
2013.12.10 13:55:32.128,1.50541,1.50554,1.00,1.38
2013.12.10 13:55:32.331,1.50541,1.50554,1.00,1.38
2013.12.10 13:55:32.913,1.50541,1.50554,1.00,1.38
2013.12.10 13:55:33.091,1.50541,1.50557,1.50,1.38
2013.12.10 13:55:33.639,1.50542,1.50556,1.00,1.38
2013.12.10 13:55:34.680,1.50543,1.50555,1.00,1.00
2013.12.10 13:55:34.782,1.50544,1.50561,1.00,1.38
2013.12.10 13:55:35.316,1.50544,1.50566,1.55,1.55
2013.12.10 13:55:35.569,1.50547,1.50565,1.00,1.48
2013.12.10 13:55:35.989,1.50549,1.50565,1.00,1.48
2013.12.10 13:55:36.091,1.50546,1.50565,1.13,1.53
2013.12.10 13:55:36.629,1.50546,1.50565,1.13,1.48
2013.12.10 13:55:37.069,1.50549,1.50565,1.00,1.48
2013.12.10 13:55:37.372,1.50548,1.50565,1.50,1.48
2013.12.10 13:55:37.800,1.50548,1.50565,1.50,1.38
2013.12.10 13:55:37.902,1.50553,1.50568,1.00,1.48
2013.12.10 13:55:38.247,1.50553,1.50569,1.00,1.38
2013.12.10 13:55:38.550,1.50555,1.5057,1.00,1.38
2013.12.10 13:55:38.825,1.50557,1.5057,1.00,1.38
2013.12.10 13:55:38.875,1.50559,1.5057,1.00,1.38
2013.12.10 13:55:38.926,1.50559,1.5057,1.00,1.00
2013.12.10 13:55:38.977,1.50561,1.5057,1.00,1.00
2013.12.10 13:55:39.129,1.50561,1.50576,1.00,1.55
2013.12.10 13:55:39.180,1.50559,1.50576,1.00,2.03
2013.12.10 13:55:39.685,1.50557,1.50572,1.38,1.13
2013.12.10 13:55:39.901,1.50557,1.50572,1.38,1.38
2013.12.10 13:55:40.139,1.50557,1.50572,1.38,1.00
2013.12.10 13:55:41.822,1.50558,1.50576,1.13,1.48
2013.12.10 13:55:41.923,1.50561,1.50577,1.00,1.55
2013.12.10 13:55:42.089,1.50558,1.50576,1.13,1.48
2013.12.10 13:55:42.190,1.5056,1.50578,1.00,2.03
2013.12.10 13:55:42.493,1.50562,1.50578,1.00,1.38
2013.12.10 13:55:42.595,1.50564,1.50582,1.00,1.73
2013.12.10 13:55:42.696,1.50566,1.50584,1.00,1.88
2013.12.10 13:55:43.210,1.50567,1.50584,1.00,1.15
2013.12.10 13:55:43.558,1.50569,1.50584,1.00,1.15
2013.12.10 13:55:44.238,1.50568,1.50584,1.00,1.38
2013.12.10 13:55:44.986,1.50567,1.50584,1.00,1.38
2013.12.10 13:55:45.645,1.50567,1.50584,1.50,1.38
2013.12.10 13:55:46.391,1.50567,1.50582,1.00,1.13
2013.12.10 13:55:46.593,1.50567,1.50585,3.38,1.88
2013.12.10 13:55:46.644,1.50569,1.50585,1.05,1.88
2013.12.10 13:55:46.695,1.50574,1.50588,1.00,1.38
2013.12.10 13:55:46.746,1.50574,1.50588,1.00,1.38
2013.12.10 13:55:46.899,1.50576,1.50592,1.00,1.38
2013.12.10 13:55:46.951,1.50576,1.50592,1.00,1.38
2013.12.10 13:55:47.002,1.50578,1.50594,1.00,1.38
2013.12.10 13:55:47.356,1.5058,1.50597,1.00,1.48
2013.12.10 13:55:47.880,1.5058,1.50597,1.00,1.30
2013.12.10 13:55:48.035,1.5058,1.50597,1.00,1.05
2013.12.10 13:55:48.137,1.50583,1.50598,1.00,1.30
2013.12.10 13:55:48.443,1.50595,1.50603,1.15,1.00
2013.12.10 13:55:48.696,1.50598,1.50606,1.00,1.00
2013.12.10 13:55:49.103,1.50594,1.50605,1.00,1.50
2013.12.10 13:55:49.162,1.50589,1.50605,1.13,1.95
2013.12.10 13:55:49.263,1.50588,1.50603,1.38,1.15
2013.12.10 13:55:49.415,1.50586,1.506,1.38,1.00
2013.12.10 13:55:50.028,1.50584,1.50601,1.75,1.10
2013.12.10 13:55:50.079,1.50584,1.50598,1.38,1.00
2013.12.10 13:55:50.383,1.50582,1.50598,1.88,1.15
2013.12.10 13:55:50.706,1.50582,1.50598,1.88,1.15
2013.12.10 13:55:50.807,1.50583,1.50598,1.13,3.75
2013.12.10 13:55:51.111,1.50583,1.50598,1.88,3.75
2013.12.10 13:55:51.685,1.50583,1.50598,1.88,3.75
2013.12.10 13:55:51.787,1.50583,1.50598,1.13,1.65
2013.12.10 13:55:51.838,1.50581,1.50598,1.75,1.65
2013.12.10 13:55:51.889,1.5058,1.50594,1.38,1.58
2013.12.10 13:55:51.940,1.5058,1.50594,1.13,1.58
2013.12.10 13:55:52.142,1.50579,1.50593,1.38,1.18
2013.12.10 13:55:52.447,1.50588,1.50602,1.38,2.33
2013.12.10 13:55:52.600,1.50588,1.50604,1.38,2.33
2013.12.10 13:55:52.652,1.50591,1.50603,1.00,1.18
2013.12.10 13:55:52.703,1.50589,1.50603,1.75,1.10
2013.12.10 13:55:52.855,1.5059,1.50606,2.10,1.18
2013.12.10 13:55:53.212,1.5059,1.50605,1.50,2.33
2013.12.10 13:55:53.627,1.50588,1.50601,1.00,1.10
2013.12.10 13:55:53.829,1.5059,1.50604,1.00,1.13
2013.12.10 13:55:53.931,1.5059,1.50606,1.88,1.18
2013.12.10 13:55:54.234,1.50594,1.50609,1.38,1.50
2013.12.10 13:55:54.436,1.50594,1.50606,1.38,1.13
2013.12.10 13:55:54.487,1.50594,1.50606,1.00,1.13
2013.12.10 13:55:54.538,1.50594,1.50605,1.00,1.08
2013.12.10 13:55:54.741,1.50583,1.50599,1.00,1.48
2013.12.10 13:55:54.842,1.50582,1.50594,1.13,1.00
2013.12.10 13:55:55.044,1.50575,1.50594,2.63,1.65
2013.12.10 13:55:55.196,1.50575,1.50586,1.38,1.00
2013.12.10 13:55:55.348,1.50573,1.50586,1.38,1.00
2013.12.10 13:55:55.449,1.50573,1.50585,1.00,1.00
2013.12.10 13:55:55.550,1.50573,1.50582,1.00,1.00
2013.12.10 13:55:56.337,1.50573,1.50587,1.00,1.00
2013.12.10 13:55:57.177,1.5057,1.50586,1.95,1.00
2013.12.10 13:55:57.968,1.5057,1.50586,1.95,1.00
2013.12.10 13:55:58.512,1.50571,1.50586,1.48,1.00
2013.12.10 13:55:59.289,1.50571,1.50586,1.48,1.00
2013.12.10 13:55:59.391,1.50572,1.50588,1.38,1.50
2013.12.10 13:55:59.933,1.50574,1.50588,1.38,1.00
2013.12.10 13:56:00.034,1.50574,1.50592,1.45,2.25
2013.12.10 13:56:00.237,1.50574,1.50588,1.55,1.00
2013.12.10 13:56:01.077,1.50576,1.50594,1.13,2.33
2013.12.10 13:56:01.178,1.50576,1.50594,1.38,2.03
2013.12.10 13:56:01.948,1.50579,1.50594,1.38,1.10
2013.12.10 13:56:02.252,1.50585,1.50596,1.00,1.00
2013.12.10 13:56:02.505,1.50581,1.50594,1.00,1.00
2013.12.10 13:56:02.812,1.5058,1.50594,1.38,1.00
2013.12.10 13:56:02.965,1.5058,1.50595,1.00,1.13
2013.12.10 13:56:03.016,1.5058,1.50592,1.00,1.00
2013.12.10 13:56:03.319,1.5058,1.50594,1.00,1.00
2013.12.10 13:56:03.471,1.50584,1.50597,1.00,1.15
2013.12.10 13:56:03.573,1.50579,1.50597,2.63,1.10
2013.12.10 13:56:03.878,1.50585,1.506,1.00,1.95
2013.12.10 13:56:04.593,1.50579,1.50597,1.80,1.10
2013.12.10 13:56:04.694,1.50583,1.50599,1.00,1.15
2013.12.10 13:56:05.133,1.50582,1.50601,1.30,3.00
2013.12.10 13:56:05.383,1.50584,1.50602,1.30,1.10
2013.12.10 13:56:05.859,1.50584,1.50602,1.30,1.10
2013.12.10 13:56:05.961,1.50584,1.506,1.80,1.00
2013.12.10 13:56:06.494,1.50584,1.50598,1.88,1.00
2013.12.10 13:56:07.079,1.50584,1.50599,1.38,1.10
2013.12.10 13:56:07.619,1.50584,1.50602,1.38,1.08
2013.12.10 13:56:08.165,1.50584,1.506,1.38,1.00
2013.12.10 13:56:08.420,1.50584,1.506,1.13,1.00
2013.12.10 13:56:08.747,1.50589,1.50601,1.38,1.10
2013.12.10 13:56:08.849,1.50589,1.50606,1.88,1.20
2013.12.10 13:56:09.253,1.50589,1.50608,1.38,1.20
2013.12.10 13:56:09.304,1.5059,1.50608,1.38,1.10
2013.12.10 13:56:09.508,1.50597,1.5061,1.38,1.00
2013.12.10 13:56:09.699,1.50597,1.50604,1.00,1.00
2013.12.10 13:56:09.750,1.50594,1.50604,1.13,1.00
2013.12.10 13:56:09.902,1.5059,1.506,2.25,1.00
2013.12.10 13:56:10.156,1.50589,1.506,1.00,1.10
2013.12.10 13:56:10.208,1.50584,1.506,1.13,1.10
2013.12.10 13:56:10.411,1.50583,1.50599,1.00,1.30
2013.12.10 13:56:10.715,1.5058,1.50592,1.38,1.00
2013.12.10 13:56:10.765,1.5058,1.50594,1.38,1.00
2013.12.10 13:56:10.816,1.50578,1.50594,1.00,1.80
2013.12.10 13:56:11.347,1.50578,1.50594,1.00,1.80
2013.12.10 13:56:11.803,1.50576,1.50594,1.13,1.38
2013.12.10 13:56:12.006,1.5058,1.50596,1.00,1.48
2013.12.10 13:56:12.057,1.5058,1.50596,1.00,1.10
2013.12.10 13:56:12.580,1.50577,1.50595,2.03,1.00
2013.12.10 13:56:13.085,1.50579,1.50596,1.38,1.00
2013.12.10 13:56:13.342,1.50579,1.50597,1.75,1.30
2013.12.10 13:56:13.499,1.50584,1.50602,1.28,1.30
2013.12.10 13:56:13.600,1.50586,1.50601,1.00,1.00
2013.12.10 13:56:13.853,1.50585,1.50604,1.20,1.23
2013.12.10 13:56:13.906,1.50585,1.50604,1.13,1.23
2013.12.10 13:56:14.161,1.50584,1.50603,1.13,1.23
2013.12.10 13:56:14.465,1.50581,1.50597,1.53,1.00
2013.12.10 13:56:15.201,1.50581,1.506,1.38,1.38
2013.12.10 13:56:15.353,1.50583,1.506,1.38,1.00
2013.12.10 13:56:15.657,1.50581,1.50598,1.53,1.00
2013.12.10 13:56:15.808,1.50582,1.50603,1.38,1.58
2013.12.10 13:56:15.910,1.50584,1.50603,1.38,1.58
2013.12.10 13:56:16.465,1.50584,1.50602,1.38,1.55
2013.12.10 13:56:16.617,1.50579,1.50595,1.50,1.00
2013.12.10 13:56:17.123,1.50583,1.50599,1.00,1.38
2013.12.10 13:56:17.224,1.5058,1.50598,1.38,1.00
2013.12.10 13:56:17.275,1.50583,1.50598,1.00,1.00
2013.12.10 13:56:17.326,1.50583,1.50602,1.50,2.40
2013.12.10 13:56:17.424,1.50585,1.50602,1.00,2.40
2013.12.10 13:56:17.729,1.50585,1.50602,1.95,1.00
2013.12.10 13:56:17.998,1.50585,1.50604,2.78,1.00
2013.12.10 13:56:18.388,1.50586,1.50603,1.28,1.38
2013.12.10 13:56:18.641,1.50585,1.50604,1.13,1.48
2013.12.10 13:56:18.932,1.50586,1.50607,1.13,3.08
2013.12.10 13:56:19.033,1.50585,1.50606,1.00,2.40
2013.12.10 13:56:19.341,1.50588,1.506,1.00,1.38
2013.12.10 13:56:19.392,1.50591,1.50606,1.00,2.63
2013.12.10 13:56:19.493,1.50594,1.50607,1.00,1.58
2013.12.10 13:56:19.796,1.50597,1.50615,1.00,1.45
2013.12.10 13:56:20.199,1.50594,1.50611,1.20,1.00
2013.12.10 13:56:20.351,1.50593,1.50609,1.00,1.45
2013.12.10 13:56:20.402,1.50592,1.50604,1.00,1.00
2013.12.10 13:56:20.453,1.50588,1.50604,1.38,1.00
2013.12.10 13:56:20.959,1.50588,1.50604,1.00,1.00
2013.12.10 13:56:21.654,1.50585,1.50603,1.00,1.00
2013.12.10 13:56:21.963,1.50583,1.50601,1.88,1.00
2013.12.10 13:56:22.299,1.50589,1.50603,1.00,1.00
2013.12.10 13:56:22.551,1.50593,1.50608,1.00,1.50
2013.12.10 13:56:22.804,1.50593,1.50608,1.38,1.00
2013.12.10 13:56:23.007,1.50599,1.50615,1.00,1.88
2013.12.10 13:56:23.622,1.50596,1.50611,1.08,1.00
2013.12.10 13:56:23.925,1.50591,1.50604,1.00,1.73
2013.12.10 13:56:23.977,1.50587,1.50603,1.58,1.38
2013.12.10 13:56:24.482,1.50586,1.50599,1.13,1.00
2013.12.10 13:56:24.532,1.50585,1.50597,1.38,1.00
2013.12.10 13:56:24.836,1.50591,1.50595,1.00,1.00
2013.12.10 13:56:24.887,1.50591,1.50598,1.00,1.88
2013.12.10 13:56:25.392,1.50594,1.50598,1.00,1.00
2013.12.10 13:56:25.547,1.50594,1.50603,1.00,1.50
2013.12.10 13:56:25.685,1.50593,1.50607,1.13,1.00
2013.12.10 13:56:25.838,1.50593,1.50607,1.00,2.25
2013.12.10 13:56:26.141,1.50593,1.50601,1.00,2.25
2013.12.10 13:56:26.192,1.50582,1.50594,1.00,1.00
2013.12.10 13:56:26.597,1.50577,1.50594,1.38,1.13
2013.12.10 13:56:26.700,1.50577,1.50594,1.00,1.38
2013.12.10 13:56:27.209,1.50576,1.50594,1.13,1.38
2013.12.10 13:56:27.513,1.50573,1.50586,1.00,1.00
2013.12.10 13:56:27.917,1.50573,1.50589,1.00,2.55
2013.12.10 13:56:28.019,1.50572,1.50586,1.00,1.38
2013.12.10 13:56:28.322,1.50572,1.50583,1.00,1.38
2013.12.10 13:56:28.626,1.50572,1.50587,1.00,2.25
2013.12.10 13:56:28.727,1.50576,1.50589,1.50,1.50
2013.12.10 13:56:28.778,1.50576,1.50589,1.00,1.00
2013.12.10 13:56:28.880,1.50577,1.50592,1.00,1.13
2013.12.10 13:56:29.032,1.50576,1.50589,1.13,1.00
2013.12.10 13:56:29.574,1.50575,1.50589,1.00,1.00
2013.12.10 13:56:29.889,1.5058,1.50589,1.00,1.00
2013.12.10 13:56:29.999,1.50577,1.50589,1.00,1.00
2013.12.10 13:56:30.101,1.50577,1.50588,1.00,1.38
2013.12.10 13:56:30.759,1.50577,1.50584,1.00,1.00
2013.12.10 13:56:31.038,1.50576,1.50589,1.00,1.48
2013.12.10 13:56:31.543,1.50575,1.50588,1.00,1.38
2013.12.10 13:56:32.091,1.50576,1.50588,1.00,1.38
2013.12.10 13:56:32.505,1.50576,1.50588,1.00,1.38
2013.12.10 13:56:32.928,1.50576,1.5059,1.00,1.13
2013.12.10 13:56:33.197,1.50575,1.50589,1.00,1.48
2013.12.10 13:56:33.299,1.50573,1.50587,1.00,1.13
2013.12.10 13:56:33.834,1.50573,1.50586,1.00,1.10
2013.12.10 13:56:34.271,1.5057,1.50585,1.00,1.00
2013.12.10 13:56:34.728,1.50568,1.50583,1.00,1.20
2013.12.10 13:56:34.830,1.50565,1.50583,1.13,1.20
2013.12.10 13:56:34.981,1.50567,1.50583,1.00,1.13
2013.12.10 13:56:35.332,1.50572,1.50583,1.00,1.00
2013.12.10 13:56:35.863,1.50573,1.50584,1.00,1.10
2013.12.10 13:56:36.480,1.50575,1.50584,1.00,1.10
2013.12.10 13:56:36.830,1.50568,1.50584,1.00,1.10
2013.12.10 13:56:36.932,1.50568,1.50581,1.00,1.00
2013.12.10 13:56:37.443,1.50569,1.50584,1.00,1.18
2013.12.10 13:56:37.597,1.50569,1.50586,1.38,1.95
2013.12.10 13:56:37.903,1.50573,1.50584,1.00,1.00
2013.12.10 13:56:38.119,1.5057,1.50584,1.38,1.00
2013.12.10 13:56:38.635,1.50572,1.50584,1.00,1.00
2013.12.10 13:56:39.788,1.50568,1.50584,1.95,1.00
2013.12.10 13:56:40.294,1.50568,1.50584,1.38,1.10
2013.12.10 13:56:40.345,1.5057,1.50584,1.38,1.85
2013.12.10 13:56:41.330,1.50575,1.50586,1.00,1.28
2013.12.10 13:56:41.431,1.50579,1.50587,1.00,1.95
2013.12.10 13:56:41.633,1.50579,1.50588,1.00,1.13
2013.12.10 13:56:41.684,1.50576,1.50588,1.38,1.50
2013.12.10 13:56:41.735,1.50576,1.50588,1.00,1.50
2013.12.10 13:56:41.786,1.50576,1.50588,1.00,1.13
2013.12.10 13:56:41.989,1.50573,1.50588,1.38,1.75
2013.12.10 13:56:42.090,1.50573,1.50586,1.38,1.13
2013.12.10 13:56:42.141,1.50572,1.50586,1.88,1.13
2013.12.10 13:56:42.350,1.50572,1.50586,1.38,1.13
2013.12.10 13:56:43.186,1.50575,1.50586,1.00,1.13
2013.12.10 13:56:43.604,1.50575,1.50586,1.00,1.20
2013.12.10 13:56:43.912,1.50575,1.50582,1.00,1.38
2013.12.10 13:56:45.079,1.50569,1.50586,1.00,1.50
2013.12.10 13:56:45.758,1.50568,1.50586,1.50,1.65
2013.12.10 13:56:45.859,1.50568,1.5058,1.00,1.75
2013.12.10 13:56:46.163,1.50568,1.50576,1.00,1.75
2013.12.10 13:56:46.466,1.50566,1.50578,1.00,2.48
2013.12.10 13:56:46.568,1.50562,1.50575,1.00,1.68
2013.12.10 13:56:46.821,1.50557,1.50569,1.50,1.13
2013.12.10 13:56:47.599,1.50558,1.50573,1.00,1.13
2013.12.10 13:56:47.801,1.50558,1.50576,1.58,1.38
2013.12.10 13:56:47.852,1.50564,1.50576,1.00,1.38
2013.12.10 13:56:47.953,1.50562,1.50578,1.00,1.38
2013.12.10 13:56:48.370,1.50559,1.50575,1.65,1.00
2013.12.10 13:56:48.673,1.50557,1.50571,1.00,1.20
2013.12.10 13:56:48.775,1.50555,1.5057,1.00,1.50
2013.12.10 13:56:48.826,1.5056,1.50571,1.00,1.95
2013.12.10 13:56:49.688,1.50562,1.50571,1.00,1.50
2013.12.10 13:56:50.219,1.50563,1.50571,1.00,1.38
2013.12.10 13:56:50.759,1.50564,1.50574,1.00,1.93
2013.12.10 13:56:51.012,1.50557,1.50571,1.00,1.00
2013.12.10 13:56:51.114,1.50557,1.50572,1.50,1.13
2013.12.10 13:56:51.216,1.50555,1.50571,1.50,1.38
2013.12.10 13:56:51.317,1.50556,1.50573,1.00,1.10
2013.12.10 13:56:51.470,1.50557,1.50574,1.00,1.85
2013.12.10 13:56:51.631,1.50557,1.50573,1.00,1.38
2013.12.10 13:56:52.165,1.50556,1.50573,1.50,2.40
2013.12.10 13:56:52.594,1.50554,1.5057,1.80,1.00
2013.12.10 13:56:53.833,1.50555,1.50571,1.13,1.00
2013.12.10 13:56:54.357,1.50554,1.50571,1.13,1.38
2013.12.10 13:56:54.973,1.50556,1.50571,1.00,1.38
2013.12.10 13:56:55.074,1.50556,1.50572,1.13,1.20
2013.12.10 13:56:55.381,1.50556,1.5057,1.00,1.13
2013.12.10 13:56:55.432,1.50553,1.50565,1.13,1.00
2013.12.10 13:56:55.952,1.50552,1.50566,1.00,1.38
2013.12.10 13:56:56.053,1.50552,1.50566,1.00,1.00
2013.12.10 13:56:56.104,1.50554,1.50566,1.00,1.00
2013.12.10 13:56:56.407,1.50561,1.50573,1.00,1.53
2013.12.10 13:56:56.710,1.50564,1.50577,1.00,2.03
2013.12.10 13:56:57.218,1.50564,1.50577,1.00,1.65
2013.12.10 13:56:58.980,1.50564,1.5058,1.50,1.85
2013.12.10 13:56:59.287,1.50568,1.50583,1.00,1.75
2013.12.10 13:56:59.338,1.50568,1.50582,1.00,1.00
2013.12.10 13:56:59.848,1.50569,1.50582,1.00,1.00
2013.12.10 13:57:00.102,1.5057,1.50585,1.00,1.75
2013.12.10 13:57:00.406,1.50569,1.50586,1.88,1.45
2013.12.10 13:57:00.457,1.50573,1.50589,1.00,1.48
2013.12.10 13:57:00.660,1.50575,1.50591,1.00,1.75
2013.12.10 13:57:00.963,1.50573,1.50589,1.00,1.38
2013.12.10 13:57:01.527,1.50574,1.50591,1.00,2.25
2013.12.10 13:57:01.679,1.50576,1.50591,1.00,1.88
2013.12.10 13:57:01.984,1.50576,1.50591,1.00,1.55
2013.12.10 13:57:02.186,1.50577,1.50591,1.00,1.38
2013.12.10 13:57:02.237,1.50579,1.5059,1.00,1.00
2013.12.10 13:57:02.554,1.50573,1.50591,1.13,2.25
2013.12.10 13:57:03.569,1.50572,1.5059,1.00,1.10
2013.12.10 13:57:03.619,1.50571,1.50591,2.10,2.33
2013.12.10 13:57:03.721,1.50571,1.50591,2.85,1.83
2013.12.10 13:57:03.895,1.50574,1.50591,1.00,1.83
2013.12.10 13:57:04.250,1.50577,1.50591,1.00,1.55
2013.12.10 13:57:04.402,1.50577,1.50591,1.00,1.18
2013.12.10 13:57:04.503,1.50576,1.50592,1.50,1.13
2013.12.10 13:57:05.166,1.50576,1.50593,1.00,1.65
2013.12.10 13:57:05.698,1.50576,1.50593,1.00,1.65
2013.12.10 13:57:05.851,1.50574,1.50593,1.13,1.65
2013.12.10 13:57:05.965,1.50574,1.50593,1.13,1.65
2013.12.10 13:57:06.435,1.50574,1.50593,1.13,1.65
2013.12.10 13:57:06.689,1.50574,1.50592,1.50,1.38
2013.12.10 13:57:07.200,1.50573,1.50589,1.50,1.38
2013.12.10 13:57:07.559,1.50576,1.50588,1.00,1.38
2013.12.10 13:57:08.408,1.50575,1.50588,1.00,1.38
2013.12.10 13:57:08.510,1.5057,1.50586,1.00,1.20
2013.12.10 13:57:08.611,1.50569,1.50583,1.00,1.48
2013.12.10 13:57:08.915,1.50568,1.50583,1.00,1.55
2013.12.10 13:57:09.069,1.50566,1.50582,1.00,1.45
2013.12.10 13:57:09.575,1.50562,1.50577,1.13,1.35
2013.12.10 13:57:09.878,1.50556,1.50575,1.10,2.25
2013.12.10 13:57:10.437,1.50557,1.50575,1.00,1.88
2013.12.10 13:57:10.813,1.50561,1.50577,1.00,3.68
2013.12.10 13:57:11.309,1.50561,1.50577,1.00,3.30
2013.12.10 13:57:11.411,1.50563,1.50577,1.00,1.73
2013.12.10 13:57:12.531,1.50563,1.50577,1.00,1.73
2013.12.10 13:57:13.124,1.50565,1.50577,1.00,1.38
2013.12.10 13:57:13.381,1.50566,1.50581,1.08,1.38
2013.12.10 13:57:13.483,1.50566,1.50583,1.08,1.88
2013.12.10 13:57:14.286,1.50566,1.50583,1.00,1.88
2013.12.10 13:57:14.796,1.50567,1.50585,1.00,1.05
2013.12.10 13:57:17.436,1.50566,1.5058,1.00,1.13
2013.12.10 13:57:17.487,1.50566,1.5058,1.00,1.38
2013.12.10 13:57:17.892,1.50566,1.50583,1.00,1.75
2013.12.10 13:57:18.044,1.50569,1.50583,1.00,1.38
2013.12.10 13:57:18.386,1.50568,1.50583,1.00,1.75
2013.12.10 13:57:18.932,1.50568,1.50581,1.00,1.38
2013.12.10 13:57:19.548,1.50566,1.50581,1.00,1.38
2013.12.10 13:57:19.852,1.50564,1.50576,1.00,1.38
2013.12.10 13:57:20.159,1.50559,1.50574,1.00,1.50
2013.12.10 13:57:20.210,1.50559,1.50574,1.00,1.88
2013.12.10 13:57:20.261,1.50555,1.50572,2.25,2.10
2013.12.10 13:57:20.666,1.50556,1.50571,1.00,2.33
2013.12.10 13:57:20.767,1.50556,1.50571,1.00,2.33
2013.12.10 13:57:20.919,1.50556,1.50571,1.38,1.20
2013.12.10 13:57:21.054,1.50563,1.50575,1.00,1.48
2013.12.10 13:57:21.207,1.50563,1.50575,1.50,1.10
2013.12.10 13:57:21.410,1.50561,1.50577,1.38,1.53
2013.12.10 13:57:21.663,1.50558,1.50574,1.00,1.65
2013.12.10 13:57:21.827,1.50555,1.50573,1.00,1.45
2013.12.10 13:57:21.929,1.50554,1.5057,1.88,1.00
2013.12.10 13:57:22.233,1.50562,1.50577,1.00,4.43
2013.12.10 13:57:22.927,1.5056,1.50575,1.00,1.18
2013.12.10 13:57:23.373,1.5056,1.50572,1.00,1.00
2013.12.10 13:57:24.807,1.50562,1.50572,1.00,1.10
2013.12.10 13:57:26.353,1.50558,1.50574,1.00,1.15
2013.12.10 13:57:27.494,1.50557,1.5057,1.00,1.13
2013.12.10 13:57:27.697,1.50557,1.50572,1.00,1.20
2013.12.10 13:57:28.398,1.50563,1.50573,1.00,1.45
2013.12.10 13:57:28.499,1.5056,1.50573,1.00,1.13
2013.12.10 13:57:28.803,1.50562,1.50573,1.00,1.00
2013.12.10 13:57:29.106,1.50565,1.50573,1.00,1.00
2013.12.10 13:57:29.410,1.50569,1.50583,1.38,2.55
2013.12.10 13:57:29.931,1.50571,1.50583,1.13,1.80
2013.12.10 13:57:30.252,1.50571,1.50583,1.48,1.80
2013.12.10 13:57:30.506,1.50571,1.50589,1.48,1.58
2013.12.10 13:57:30.795,1.50569,1.50583,1.20,1.00
2013.12.10 13:57:30.846,1.50567,1.50583,1.53,1.00
2013.12.10 13:57:30.948,1.50567,1.50583,1.13,1.13
2013.12.10 13:57:31.206,1.50565,1.5058,1.20,1.00
2013.12.10 13:57:31.511,1.50561,1.50578,1.00,1.53
2013.12.10 13:57:31.816,1.50564,1.5058,1.00,2.10
2013.12.10 13:57:31.867,1.50564,1.5058,1.00,2.10
2013.12.10 13:57:32.444,1.50565,1.5058,1.00,2.48
2013.12.10 13:57:32.816,1.50563,1.5058,1.13,2.78
2013.12.10 13:57:34.725,1.50564,1.50577,1.00,2.25
2013.12.10 13:57:35.437,1.50564,1.5058,1.00,2.03
2013.12.10 13:57:35.488,1.50566,1.5058,1.50,1.38
2013.12.10 13:57:35.851,1.50571,1.50583,1.00,1.00
2013.12.10 13:57:36.462,1.50571,1.50584,1.00,1.13
2013.12.10 13:57:36.978,1.50572,1.50586,1.00,1.88
2013.12.10 13:57:37.672,1.50571,1.50586,1.50,1.88
2013.12.10 13:57:37.978,1.50569,1.50582,1.00,1.50
2013.12.10 13:57:38.080,1.50569,1.50582,1.00,1.00
2013.12.10 13:57:38.434,1.5057,1.50586,1.00,1.13
2013.12.10 13:57:38.939,1.50571,1.50588,1.00,2.03
2013.12.10 13:57:39.195,1.50569,1.50584,1.13,1.00
2013.12.10 13:57:39.498,1.50568,1.50582,1.00,1.65
2013.12.10 13:57:39.802,1.50573,1.50588,1.00,1.20
2013.12.10 13:57:39.852,1.50566,1.50583,1.53,1.00
2013.12.10 13:57:40.156,1.50565,1.50583,1.50,2.33
2013.12.10 13:57:40.665,1.50565,1.50581,1.13,3.08
2013.12.10 13:57:40.975,1.50563,1.50579,1.38,3.45
2013.12.10 13:57:41.043,1.50563,1.50579,1.00,3.45
2013.12.10 13:57:41.195,1.50561,1.50577,1.35,1.18
2013.12.10 13:57:41.296,1.50561,1.50577,1.35,3.08
2013.12.10 13:57:42.303,1.50562,1.50575,1.00,1.18
2013.12.10 13:57:42.852,1.50562,1.50575,1.00,1.58
2013.12.10 13:57:44.056,1.50559,1.50576,1.73,4.50
2013.12.10 13:57:44.107,1.50557,1.50576,1.38,4.50
2013.12.10 13:57:44.502,1.50561,1.50575,1.00,1.10
2013.12.10 13:57:44.604,1.50561,1.50575,1.38,1.00
2013.12.10 13:57:44.705,1.50561,1.50575,1.38,1.00
2013.12.10 13:57:44.888,1.50561,1.50577,1.38,1.10
2013.12.10 13:57:44.939,1.50561,1.50577,1.13,1.10
2013.12.10 13:57:45.090,1.50564,1.50577,1.00,1.20
2013.12.10 13:57:45.394,1.5056,1.50577,1.00,1.15
2013.12.10 13:57:45.954,1.5056,1.50577,1.00,1.20
2013.12.10 13:57:46.329,1.5056,1.50573,1.35,1.00
2013.12.10 13:57:46.635,1.50568,1.50581,1.38,1.20
2013.12.10 13:57:46.686,1.50568,1.50582,1.38,1.15
2013.12.10 13:57:46.737,1.50573,1.50582,1.00,1.15
2013.12.10 13:57:46.839,1.5057,1.50582,1.00,1.15
2013.12.10 13:57:47.357,1.5057,1.50583,1.00,4.88
2013.12.10 13:57:47.874,1.5057,1.50581,1.00,1.08
2013.12.10 13:57:47.981,1.5057,1.50583,1.00,2.63
2013.12.10 13:57:48.133,1.50565,1.50576,1.75,2.25
2013.12.10 13:57:48.235,1.50564,1.50575,1.88,2.10
2013.12.10 13:57:48.286,1.50564,1.50575,1.50,2.63
2013.12.10 13:57:48.387,1.50566,1.50574,1.00,1.53
2013.12.10 13:57:48.897,1.50566,1.50572,1.00,1.18
2013.12.10 13:57:49.149,1.50564,1.50573,1.00,1.15
2013.12.10 13:57:49.251,1.50561,1.50571,1.00,1.20
2013.12.10 13:57:49.397,1.50561,1.50571,1.13,1.65
2013.12.10 13:57:49.503,1.50562,1.50573,1.00,1.58
2013.12.10 13:57:49.818,1.50567,1.50575,1.00,1.15
2013.12.10 13:57:50.812,1.50567,1.50575,1.00,1.15
2013.12.10 13:57:51.329,1.50568,1.50575,1.00,1.15
2013.12.10 13:57:51.633,1.50571,1.5058,1.00,2.33
2013.12.10 13:57:51.942,1.50574,1.5058,1.00,1.08
2013.12.10 13:57:52.582,1.50566,1.5058,1.38,1.58
2013.12.10 13:57:53.121,1.50562,1.50579,1.88,3.00
2013.12.10 13:57:53.272,1.50562,1.5058,1.88,1.15
2013.12.10 13:57:53.474,1.50562,1.5058,1.88,1.15
2013.12.10 13:57:53.878,1.50562,1.5058,1.95,1.00
2013.12.10 13:57:54.619,1.50562,1.5058,1.95,1.00
2013.12.10 13:57:54.675,1.50566,1.50582,1.38,1.58
2013.12.10 13:57:58.940,1.50566,1.50582,1.38,1.58
2013.12.10 13:58:00.414,1.50565,1.50582,1.38,1.65
2013.12.10 13:58:00.937,1.50565,1.50582,1.38,1.50
2013.12.10 13:58:01.043,1.50565,1.50582,1.38,1.58
2013.12.10 13:58:01.397,1.50565,1.50579,1.38,1.00
2013.12.10 13:58:01.696,1.50564,1.50579,1.38,1.10
2013.12.10 13:58:02.000,1.50564,1.50579,1.38,1.55
2013.12.10 13:58:02.297,1.50563,1.50577,1.38,1.50
2013.12.10 13:58:02.967,1.50566,1.50575,1.05,1.18
2013.12.10 13:58:03.679,1.50566,1.50575,1.38,1.18
2013.12.10 13:58:04.748,1.50569,1.50575,1.00,1.10
2013.12.10 13:58:05.052,1.5057,1.50581,1.13,1.08
2013.12.10 13:58:05.153,1.50565,1.50581,1.88,1.00
2013.12.10 13:58:05.659,1.50568,1.50581,1.38,1.08
2013.12.10 13:58:06.148,1.50569,1.50583,1.88,1.28
2013.12.10 13:58:06.199,1.50569,1.50583,1.88,1.28
2013.12.10 13:58:06.706,1.5057,1.50583,1.38,1.13
2013.12.10 13:58:07.257,1.50567,1.50583,1.38,1.20
2013.12.10 13:58:07.563,1.50567,1.5058,1.38,1.00
2013.12.10 13:58:07.887,1.5057,1.50578,1.00,1.00
2013.12.10 13:58:07.989,1.5057,1.50582,1.00,1.00
2013.12.10 13:58:08.395,1.50575,1.50581,1.00,1.00
2013.12.10 13:58:08.597,1.50573,1.50581,1.00,1.00
2013.12.10 13:58:08.800,1.50573,1.50584,1.00,1.00
2013.12.10 13:58:08.952,1.5057,1.50584,1.50,1.00
2013.12.10 13:58:09.002,1.5057,1.50581,1.50,1.00
2013.12.10 13:58:09.306,1.50578,1.50583,1.00,1.00
2013.12.10 13:58:09.357,1.50578,1.50592,1.38,1.95
2013.12.10 13:58:09.898,1.50575,1.50592,1.30,1.50
2013.12.10 13:58:10.050,1.50575,1.50592,1.30,1.65
2013.12.10 13:58:10.430,1.50575,1.50591,1.23,3.00
2013.12.10 13:58:10.931,1.50576,1.50592,1.23,2.33
2013.12.10 13:58:11.898,1.50576,1.50592,1.38,1.65
2013.12.10 13:58:12.401,1.50576,1.50592,1.00,2.03
2013.12.10 13:58:13.251,1.50575,1.50592,1.00,2.03
2013.12.10 13:58:14.317,1.50572,1.50586,1.75,1.00
2013.12.10 13:58:14.368,1.50572,1.50586,1.38,1.00
2013.12.10 13:58:14.419,1.50572,1.50586,1.00,1.38
2013.12.10 13:58:14.470,1.50567,1.50579,1.00,1.13
2013.12.10 13:58:14.572,1.50566,1.50575,1.00,1.00
2013.12.10 13:58:14.623,1.50562,1.50577,1.75,1.00
2013.12.10 13:58:15.172,1.50564,1.50577,1.00,1.00
2013.12.10 13:58:15.276,1.50562,1.50577,1.75,1.00
2013.12.10 13:58:15.388,1.50564,1.50577,1.00,1.00
2013.12.10 13:58:16.254,1.50564,1.5058,1.00,1.20
2013.12.10 13:58:16.831,1.50562,1.5058,1.75,1.20
2013.12.10 13:58:17.264,1.50561,1.50576,1.50,3.00
2013.12.10 13:58:17.416,1.50559,1.50572,1.50,1.18
2013.12.10 13:58:17.518,1.50556,1.50571,1.13,1.58
2013.12.10 13:58:17.821,1.50556,1.50569,1.00,2.33
2013.12.10 13:58:18.178,1.50554,1.50565,1.00,1.00
2013.12.10 13:58:18.724,1.50554,1.50566,1.00,1.00
2013.12.10 13:58:20.345,1.50554,1.50566,1.38,1.00
2013.12.10 13:58:20.396,1.50554,1.50569,1.38,1.00
2013.12.10 13:58:20.497,1.50559,1.5057,1.38,1.00
2013.12.10 13:58:20.599,1.50558,1.50573,2.25,1.00
2013.12.10 13:58:20.804,1.5056,1.50577,1.88,1.15
2013.12.10 13:58:20.906,1.5056,1.50577,1.88,1.00
2013.12.10 13:58:21.007,1.50563,1.50577,1.38,1.00
2013.12.10 13:58:21.312,1.50566,1.50578,1.13,1.00
2013.12.10 13:58:21.413,1.50565,1.50582,1.38,1.00
2013.12.10 13:58:21.616,1.5057,1.50584,1.38,1.28
2013.12.10 13:58:22.155,1.5057,1.50583,1.00,1.00
2013.12.10 13:58:22.778,1.50574,1.50584,1.13,1.00
2013.12.10 13:58:23.082,1.50574,1.50587,1.38,1.00
2013.12.10 13:58:23.132,1.50573,1.50589,1.88,1.10
2013.12.10 13:58:23.334,1.5057,1.50584,1.38,1.00
2013.12.10 13:58:23.436,1.50572,1.50586,1.00,1.88
2013.12.10 13:58:23.487,1.50567,1.50583,1.95,1.00
2013.12.10 13:58:23.741,1.50572,1.50586,1.13,1.00
2013.12.10 13:58:24.258,1.50571,1.50586,1.00,1.50
2013.12.10 13:58:24.308,1.50571,1.50586,1.00,1.75
2013.12.10 13:58:24.359,1.50568,1.50586,1.58,1.75
2013.12.10 13:58:24.410,1.50568,1.50583,1.48,1.00
2013.12.10 13:58:24.512,1.50567,1.50583,1.95,1.00
2013.12.10 13:58:24.675,1.50565,1.50581,1.88,1.00
2013.12.10 13:58:24.979,1.5057,1.50583,1.38,1.00
2013.12.10 13:58:25.233,1.5057,1.50587,1.38,1.00
2013.12.10 13:58:26.412,1.50574,1.50589,1.38,1.00
2013.12.10 13:58:26.876,1.50574,1.50591,1.30,1.00
2013.12.10 13:58:26.927,1.50574,1.50591,1.30,1.00
2013.12.10 13:58:27.230,1.50574,1.50591,1.40,1.58
2013.12.10 13:58:27.281,1.50574,1.50591,1.50,1.58
2013.12.10 13:58:27.383,1.50578,1.50591,1.95,1.50
2013.12.10 13:58:27.687,1.50588,1.50592,1.00,1.00
2013.12.10 13:58:27.839,1.50587,1.50603,1.38,1.10
2013.12.10 13:58:28.407,1.50586,1.50601,1.38,1.00
2013.12.10 13:58:28.741,1.50586,1.50603,1.38,1.10
2013.12.10 13:58:29.046,1.50586,1.50601,1.38,1.00
2013.12.10 13:58:29.648,1.50586,1.50601,1.38,1.00
2013.12.10 13:58:29.800,1.50586,1.50601,1.00,1.38
2013.12.10 13:58:30.008,1.50586,1.50597,1.88,1.00
2013.12.10 13:58:30.313,1.50592,1.50608,1.50,3.00
2013.12.10 13:58:30.618,1.50587,1.50604,3.00,1.00
2013.12.10 13:58:31.121,1.50587,1.50604,1.50,1.18
2013.12.10 13:58:32.019,1.50587,1.50604,1.38,2.25
2013.12.10 13:58:32.070,1.50583,1.506,1.75,1.00
2013.12.10 13:58:32.756,1.50582,1.50597,1.38,1.00
2013.12.10 13:58:33.257,1.50582,1.50594,1.38,1.00
2013.12.10 13:58:33.384,1.50582,1.50597,1.38,1.00
2013.12.10 13:58:33.996,1.50581,1.50597,1.38,1.10
2013.12.10 13:58:34.197,1.50581,1.50597,1.38,1.50
2013.12.10 13:58:34.500,1.50582,1.50597,1.38,1.58
2013.12.10 13:58:34.551,1.50582,1.50597,1.38,1.20
2013.12.10 13:58:34.602,1.50582,1.50599,1.38,1.15
2013.12.10 13:58:34.703,1.50582,1.50599,1.38,1.15
2013.12.10 13:58:34.805,1.50583,1.50599,1.38,1.08
2013.12.10 13:58:34.906,1.50583,1.50596,1.38,1.00
2013.12.10 13:58:35.910,1.50582,1.50596,1.13,1.00
2013.12.10 13:58:36.218,1.50582,1.50594,1.13,1.00
2013.12.10 13:58:37.693,1.5058,1.50598,1.50,4.13
2013.12.10 13:58:40.558,1.5058,1.50595,1.50,1.18
2013.12.10 13:58:40.661,1.50586,1.50595,1.00,1.00
2013.12.10 13:58:41.248,1.50586,1.50597,1.00,1.00
2013.12.10 13:58:41.450,1.50586,1.506,1.00,1.00
2013.12.10 13:58:41.555,1.50584,1.50601,1.88,1.08
2013.12.10 13:58:41.657,1.50581,1.50595,1.38,1.00
2013.12.10 13:58:42.012,1.50581,1.50595,1.13,1.00
2013.12.10 13:58:42.472,1.50581,1.50597,1.00,1.10
2013.12.10 13:58:42.573,1.5058,1.5059,1.00,1.13
2013.12.10 13:58:42.725,1.50575,1.50589,1.00,1.55
2013.12.10 13:58:42.778,1.50574,1.50581,1.00,1.00
2013.12.10 13:58:42.981,1.50568,1.5058,1.00,1.00
2013.12.10 13:58:43.082,1.50568,1.50576,1.00,1.00
2013.12.10 13:58:43.780,1.50568,1.50579,1.00,1.00
2013.12.10 13:58:44.366,1.50565,1.50576,1.00,1.00
2013.12.10 13:58:44.671,1.50565,1.50572,1.00,1.00
2013.12.10 13:58:45.394,1.50562,1.50577,1.60,1.10
2013.12.10 13:58:45.699,1.50576,1.50583,1.38,2.25
2013.12.10 13:58:46.069,1.50583,1.50589,1.00,1.00
2013.12.10 13:58:46.122,1.50583,1.50592,1.00,1.00
2013.12.10 13:58:46.174,1.5058,1.50592,1.00,1.00
2013.12.10 13:58:46.225,1.5058,1.50592,1.38,1.00
2013.12.10 13:58:46.276,1.50578,1.50594,1.48,1.50
2013.12.10 13:58:46.377,1.50578,1.50594,1.38,1.50
2013.12.10 13:58:46.428,1.50578,1.5059,1.38,1.00
2013.12.10 13:58:47.796,1.50579,1.5059,1.13,1.00
2013.12.10 13:58:49.142,1.5058,1.5059,1.38,1.00
2013.12.10 13:58:49.244,1.5058,1.50592,1.38,1.00
2013.12.10 13:58:49.345,1.50579,1.50592,1.38,1.00
2013.12.10 13:58:49.396,1.50579,1.50594,1.38,1.00
2013.12.10 13:58:49.598,1.50581,1.50594,1.88,1.00
2013.12.10 13:58:49.750,1.50583,1.50598,1.38,1.00
2013.12.10 13:58:49.801,1.50583,1.50598,1.38,1.00
2013.12.10 13:58:50.004,1.50585,1.50598,1.38,1.00
2013.12.10 13:58:50.521,1.50583,1.50598,1.38,1.00
2013.12.10 13:58:51.787,1.50589,1.50602,1.38,1.00
2013.12.10 13:58:52.141,1.50588,1.50605,1.68,1.00
2013.12.10 13:58:52.452,1.50589,1.50605,1.38,1.00
2013.12.10 13:58:52.861,1.50589,1.50605,1.48,1.00
2013.12.10 13:58:53.364,1.5059,1.50606,1.95,1.00
2013.12.10 13:58:53.713,1.5059,1.50606,1.95,1.00
2013.12.10 13:58:56.723,1.5059,1.50605,1.45,1.00
2013.12.10 13:58:57.383,1.5059,1.50607,1.45,1.00
2013.12.10 13:58:58.265,1.50596,1.50608,1.00,1.00
2013.12.10 13:58:59.363,1.50593,1.50608,1.38,1.00
2013.12.10 13:58:59.898,1.50591,1.50604,1.38,1.00
2013.12.10 13:58:59.999,1.50588,1.506,1.50,1.00
2013.12.10 13:59:00.123,1.50588,1.50602,1.38,1.00
2013.12.10 13:59:00.698,1.50586,1.50602,1.50,1.00
2013.12.10 13:59:01.242,1.50587,1.50602,1.00,1.00
2013.12.10 13:59:01.710,1.50587,1.506,1.00,1.00
2013.12.10 13:59:02.042,1.5059,1.50603,1.00,1.00
2013.12.10 13:59:02.994,1.50591,1.50603,1.00,1.00
2013.12.10 13:59:03.654,1.50592,1.50603,1.00,1.00
2013.12.10 13:59:03.909,1.50597,1.50609,1.00,1.00
2013.12.10 13:59:04.422,1.50598,1.50609,1.00,1.00
2013.12.10 13:59:05.540,1.50597,1.50609,1.00,1.00
2013.12.10 13:59:07.435,1.50594,1.50609,1.10,1.00
2013.12.10 13:59:07.486,1.50594,1.50607,1.00,1.00
2013.12.10 13:59:07.638,1.50589,1.50605,1.58,1.00
2013.12.10 13:59:07.790,1.50591,1.50607,1.00,1.00
2013.12.10 13:59:08.178,1.50591,1.50605,1.13,1.00
2013.12.10 13:59:08.380,1.50591,1.50607,1.88,1.50
2013.12.10 13:59:08.737,1.50598,1.50607,1.00,1.50
2013.12.10 13:59:09.041,1.50602,1.50613,1.00,2.33
2013.12.10 13:59:09.347,1.50607,1.50613,1.00,1.50
2013.12.10 13:59:09.498,1.50607,1.50616,1.00,1.15
2013.12.10 13:59:09.666,1.50607,1.50617,1.00,1.10
2013.12.10 13:59:10.177,1.50607,1.50615,1.00,1.00
2013.12.10 13:59:10.583,1.50604,1.50615,1.00,1.00
2013.12.10 13:59:10.985,1.50604,1.50613,1.00,1.00
2013.12.10 13:59:11.036,1.50598,1.50613,1.05,1.00
2013.12.10 13:59:11.576,1.50602,1.50613,1.00,1.00
2013.12.10 13:59:12.894,1.50602,1.50614,1.00,1.00
2013.12.10 13:59:13.308,1.50598,1.50614,1.38,1.58
2013.12.10 13:59:13.964,1.50598,1.50611,1.13,1.10
2013.12.10 13:59:15.978,1.50599,1.50611,1.00,1.00
2013.12.10 13:59:16.130,1.50594,1.50611,1.30,2.10
2013.12.10 13:59:16.181,1.50594,1.50611,1.00,2.85
2013.12.10 13:59:16.754,1.50594,1.50608,1.00,1.00
2013.12.10 13:59:17.011,1.50594,1.50606,1.00,1.00
2013.12.10 13:59:17.315,1.50587,1.50604,1.55,1.50
2013.12.10 13:59:17.820,1.50593,1.50605,1.00,1.00
2013.12.10 13:59:18.326,1.50591,1.50606,1.38,1.50
2013.12.10 13:59:18.629,1.50592,1.50604,1.45,1.00
2013.12.10 13:59:18.680,1.50592,1.50608,1.38,1.50
2013.12.10 13:59:19.503,1.50592,1.50608,1.88,1.50
2013.12.10 13:59:20.025,1.50592,1.50608,1.38,2.25
2013.12.10 13:59:20.318,1.50591,1.50606,1.38,1.00
2013.12.10 13:59:20.419,1.50591,1.50606,1.13,1.88
2013.12.10 13:59:20.470,1.50588,1.50603,1.38,1.00
2013.12.10 13:59:20.521,1.50588,1.50603,1.00,1.13
2013.12.10 13:59:20.724,1.50583,1.50598,1.48,1.00
2013.12.10 13:59:20.826,1.50583,1.50598,1.13,1.00
2013.12.10 13:59:23.865,1.50582,1.50598,1.38,1.88
2013.12.10 13:59:24.177,1.50579,1.50594,1.38,1.00
2013.12.10 13:59:24.684,1.50579,1.50595,1.80,1.00
2013.12.10 13:59:24.989,1.50577,1.50589,1.30,1.00
2013.12.10 13:59:25.040,1.50577,1.50592,1.30,1.00
2013.12.10 13:59:25.141,1.50578,1.50596,1.30,1.88
2013.12.10 13:59:25.605,1.50578,1.50596,1.30,2.25
2013.12.10 13:59:25.707,1.50577,1.50594,1.48,1.88
2013.12.10 13:59:26.253,1.50575,1.50591,1.45,1.00
2013.12.10 13:59:26.557,1.50588,1.50602,1.00,1.50
2013.12.10 13:59:26.771,1.50588,1.50598,1.00,1.13
2013.12.10 13:59:26.872,1.50588,1.50601,1.30,1.00
2013.12.10 13:59:26.923,1.50588,1.50604,1.30,1.13
2013.12.10 13:59:27.481,1.50589,1.50604,1.00,1.50
2013.12.10 13:59:27.905,1.50589,1.50605,1.00,2.63
2013.12.10 13:59:28.208,1.50588,1.50599,1.00,1.13
2013.12.10 13:59:28.874,1.50588,1.50598,1.00,1.00
2013.12.10 13:59:29.178,1.50592,1.50599,1.00,1.10
2013.12.10 13:59:29.481,1.50593,1.50604,1.00,1.95
2013.12.10 13:59:29.734,1.50592,1.50598,1.00,1.00
2013.12.10 13:59:29.838,1.50588,1.50599,1.00,1.00
2013.12.10 13:59:29.889,1.50588,1.50603,1.13,2.03
2013.12.10 13:59:30.426,1.50589,1.50603,1.00,1.50
2013.12.10 13:59:31.013,1.5059,1.50603,1.00,1.13
2013.12.10 13:59:31.266,1.5059,1.50601,1.00,1.00
2013.12.10 13:59:31.418,1.50587,1.50601,1.00,1.38
2013.12.10 13:59:31.570,1.50587,1.50598,1.00,1.00
2013.12.10 13:59:33.225,1.50587,1.50599,1.00,1.00
2013.12.10 13:59:33.944,1.50585,1.50599,1.00,1.00
2013.12.10 13:59:34.201,1.50585,1.50603,1.50,1.38
2013.12.10 13:59:35.133,1.50585,1.50603,1.88,1.00
2013.12.10 13:59:36.094,1.50589,1.50603,1.00,1.00
2013.12.10 13:59:36.431,1.50594,1.50608,1.00,1.88
2013.12.10 13:59:36.482,1.50594,1.50608,1.00,1.50
2013.12.10 13:59:36.583,1.50594,1.50608,1.38,1.50
2013.12.10 13:59:36.685,1.50594,1.50608,1.95,1.50
2013.12.10 13:59:37.235,1.50596,1.50608,1.13,1.50
2013.12.10 13:59:37.448,1.50596,1.5061,1.13,1.00
2013.12.10 13:59:41.399,1.50594,1.5061,1.88,1.00
2013.12.10 13:59:42.034,1.50594,1.50609,1.38,1.00
2013.12.10 13:59:42.567,1.50594,1.50609,1.13,1.00
2013.12.10 13:59:42.669,1.50594,1.50607,1.13,1.00
2013.12.10 13:59:43.496,1.5059,1.50605,1.38,1.00
2013.12.10 13:59:43.604,1.5059,1.50605,1.38,1.00
2013.12.10 13:59:45.665,1.50589,1.50605,1.80,1.00
2013.12.10 13:59:45.918,1.50592,1.50608,1.00,1.58
2013.12.10 13:59:46.123,1.50592,1.50608,1.13,1.00
2013.12.10 13:59:46.225,1.50595,1.50608,1.13,1.00
2013.12.10 13:59:46.326,1.50595,1.50611,1.13,1.58
2013.12.10 13:59:46.833,1.50596,1.50612,1.00,1.38
2013.12.10 13:59:49.501,1.50602,1.50612,1.00,1.38
2013.12.10 13:59:49.604,1.50597,1.50612,1.50,1.38
2013.12.10 13:59:49.806,1.50595,1.50612,1.13,1.38
2013.12.10 13:59:50.110,1.50601,1.50608,1.00,1.00
2013.12.10 13:59:50.211,1.50596,1.50611,1.00,1.38
2013.12.10 13:59:50.363,1.50593,1.5061,1.00,1.48
2013.12.10 13:59:51.005,1.50594,1.50611,1.00,1.45
2013.12.10 13:59:51.208,1.50592,1.5061,1.50,1.45
2013.12.10 13:59:51.720,1.50592,1.50607,1.00,1.38
2013.12.10 13:59:52.432,1.50593,1.50607,1.00,1.38
2013.12.10 13:59:52.533,1.50594,1.50609,1.00,1.48
2013.12.10 13:59:53.039,1.50594,1.50611,1.00,1.38
2013.12.10 13:59:54.064,1.50591,1.50608,1.10,1.38
2013.12.10 13:59:54.165,1.50591,1.50608,1.00,1.38
2013.12.10 13:59:54.683,1.5059,1.50606,1.00,1.88
2013.12.10 13:59:55.724,1.50593,1.50606,1.00,1.38
2013.12.10 13:59:55.825,1.50592,1.50608,1.00,1.50
2013.12.10 13:59:55.877,1.50594,1.50608,1.00,1.50
2013.12.10 13:59:56.132,1.50592,1.50608,1.00,1.00
2013.12.10 13:59:56.765,1.50591,1.50606,1.38,1.00
2013.12.10 13:59:57.312,1.50593,1.50609,1.00,1.38
2013.12.10 13:59:58.241,1.50594,1.50611,1.00,1.38
2013.12.10 13:59:58.683,1.50594,1.50613,2.03,1.38
2013.12.10 13:59:59.658,1.50594,1.50612,1.28,1.13
