2010.02.12 08:00:00.791,1.53535,1.53565,1.20,1.00
2010.02.12 08:00:01.138,1.5353,1.5356,1.00,1.00
2010.02.12 08:00:02.189,1.53535,1.53565,1.00,1.00
2010.02.12 08:00:02.548,1.53535,1.53565,2.10,1.00
2010.02.12 08:00:02.915,1.5354,1.53565,1.00,1.00
2010.02.12 08:00:03.544,1.5354,1.53565,1.30,1.00
2010.02.12 08:00:04.417,1.5354,1.5357,1.30,2.40
2010.02.12 08:00:05.198,1.5354,1.53565,1.20,1.00
2010.02.12 08:00:05.551,1.5353,1.5356,1.20,1.00
2010.02.12 08:00:05.964,1.5353,1.5356,1.00,1.00
2010.02.12 08:00:07.101,1.53535,1.5357,2.10,2.40
2010.02.12 08:00:09.501,1.53545,1.5357,1.00,2.30
2010.02.12 08:00:09.849,1.53535,1.5357,1.00,2.40
2010.02.12 08:00:10.222,1.5354,1.5357,1.00,2.30
2010.02.12 08:00:10.568,1.5354,1.5357,1.30,1.00
2010.02.12 08:00:10.917,1.5354,1.5357,1.40,1.00
2010.02.12 08:00:11.822,1.5354,1.5357,3.70,1.00
2010.02.12 08:00:12.178,1.53545,1.53575,1.00,1.00
2010.02.12 08:00:12.535,1.53545,1.5357,1.00,1.00
2010.02.12 08:00:14.880,1.53545,1.53575,1.00,1.00
2010.02.12 08:00:15.226,1.5354,1.53575,2.40,2.50
2010.02.12 08:00:15.591,1.53545,1.53575,1.00,2.40
2010.02.12 08:00:15.951,1.5354,1.5357,2.40,1.00
2010.02.12 08:00:16.327,1.5354,1.53575,3.90,1.00
2010.02.12 08:00:16.698,1.5355,1.53575,1.40,1.00
2010.02.12 08:00:17.672,1.53555,1.5358,1.40,2.30
2010.02.12 08:00:18.029,1.53555,1.5358,1.50,2.30
2010.02.12 08:00:19.038,1.53555,1.53585,1.50,2.30
2010.02.12 08:00:19.385,1.53555,1.5358,1.50,1.00
2010.02.12 08:00:19.799,1.53555,1.5358,1.40,1.00
2010.02.12 08:00:20.153,1.53555,1.5358,1.50,2.30
2010.02.12 08:00:20.890,1.53555,1.5358,1.40,1.60
2010.02.12 08:00:21.248,1.5355,1.53585,1.40,1.00
2010.02.12 08:00:21.735,1.53555,1.53585,5.20,3.20
2010.02.12 08:00:22.105,1.53555,1.53575,1.00,1.00
2010.02.12 08:00:22.723,1.53545,1.53575,1.00,1.00
2010.02.12 08:00:23.067,1.53535,1.53575,3.90,1.00
2010.02.12 08:00:24.115,1.53535,1.5357,3.90,1.00
2010.02.12 08:00:24.989,1.53535,1.53565,3.90,1.00
2010.02.12 08:00:25.371,1.53555,1.53575,1.40,1.00
2010.02.12 08:00:26.080,1.53555,1.5358,1.40,2.30
2010.02.12 08:00:27.416,1.53555,1.5358,1.50,2.30
2010.02.12 08:00:27.983,1.53555,1.53585,1.40,2.50
2010.02.12 08:00:28.576,1.53555,1.53585,1.40,2.40
2010.02.12 08:00:28.931,1.5355,1.53575,1.40,1.00
2010.02.12 08:00:29.296,1.53555,1.53575,1.00,1.00
2010.02.12 08:00:29.653,1.5355,1.5358,1.40,1.00
2010.02.12 08:00:30.004,1.5355,1.53575,1.40,1.00
2010.02.12 08:00:31.359,1.53545,1.53575,1.30,1.00
2010.02.12 08:00:32.032,1.53555,1.5358,1.00,1.00
2010.02.12 08:00:33.677,1.53555,1.53585,1.00,2.40
2010.02.12 08:00:35.688,1.53555,1.53585,1.00,2.30
2010.02.12 08:00:36.098,1.5355,1.53585,4.60,2.30
2010.02.12 08:00:36.398,1.5356,1.5359,1.00,3.60
2010.02.12 08:00:36.696,1.53555,1.53585,2.50,1.00
2010.02.12 08:00:37.332,1.53565,1.5359,1.00,2.30
2010.02.12 08:00:37.685,1.5356,1.5359,1.20,2.30
2010.02.12 08:00:38.031,1.53555,1.5359,3.70,2.30
2010.02.12 08:00:38.385,1.53565,1.5359,1.00,1.60
2010.02.12 08:00:39.004,1.53565,1.53595,1.00,2.40
2010.02.12 08:00:39.351,1.53555,1.53585,2.10,1.00
2010.02.12 08:00:39.989,1.53555,1.53585,1.00,1.00
2010.02.12 08:00:40.989,1.53555,1.53585,1.00,1.00
2010.02.12 08:00:41.347,1.5355,1.53585,3.70,1.00
2010.02.12 08:00:42.312,1.5355,1.5358,2.10,1.60
2010.02.12 08:00:42.661,1.5354,1.5357,1.00,1.00
2010.02.12 08:00:43.369,1.53545,1.53575,1.00,1.00
2010.02.12 08:00:43.716,1.53545,1.53575,1.00,1.00
2010.02.12 08:00:44.420,1.53545,1.53575,2.90,1.00
2010.02.12 08:00:44.770,1.53535,1.53565,4.00,1.00
2010.02.12 08:00:45.139,1.53545,1.5357,2.40,1.30
2010.02.12 08:00:45.502,1.5356,1.5359,1.00,1.00
2010.02.12 08:00:46.092,1.5356,1.5359,2.10,1.00
2010.02.12 08:00:46.444,1.5356,1.53595,3.70,1.00
2010.02.12 08:00:47.389,1.5356,1.53595,3.70,1.00
2010.02.12 08:00:47.738,1.5357,1.536,1.20,1.00
2010.02.12 08:00:48.443,1.53565,1.53595,1.30,1.00
2010.02.12 08:00:49.084,1.5357,1.536,1.20,1.00
2010.02.12 08:00:49.443,1.53575,1.53605,1.00,2.30
2010.02.12 08:00:50.057,1.5358,1.5361,1.20,2.40
2010.02.12 08:00:50.410,1.5359,1.53625,3.70,1.00
2010.02.12 08:00:50.757,1.53575,1.5361,2.40,1.20
2010.02.12 08:00:51.118,1.53585,1.53615,1.20,2.30
2010.02.12 08:00:52.934,1.5359,1.53615,1.60,2.30
2010.02.12 08:00:53.472,1.53585,1.53615,1.30,2.30
2010.02.12 08:00:53.828,1.53575,1.5361,2.40,1.00
2010.02.12 08:00:54.176,1.53575,1.5361,1.60,3.80
2010.02.12 08:00:54.531,1.5357,1.53605,1.60,1.20
2010.02.12 08:00:54.891,1.53565,1.536,2.50,1.00
2010.02.12 08:00:55.849,1.5357,1.536,1.00,1.00
2010.02.12 08:00:56.195,1.5357,1.53595,1.00,1.00
2010.02.12 08:00:56.883,1.5357,1.53595,1.00,1.00
2010.02.12 08:00:58.135,1.5357,1.53595,2.20,1.00
2010.02.12 08:00:58.662,1.53565,1.53595,1.40,1.00
2010.02.12 08:00:58.951,1.53555,1.53585,3.90,1.00
2010.02.12 08:00:59.239,1.5356,1.53595,1.40,1.60
2010.02.12 08:00:59.567,1.5356,1.53595,3.00,1.60
2010.02.12 08:01:00.023,1.5356,1.53595,3.80,1.00
2010.02.12 08:01:00.376,1.53555,1.53585,3.90,1.00
2010.02.12 08:01:00.737,1.5356,1.53595,3.90,2.40
2010.02.12 08:01:00.975,1.5356,1.53595,3.90,1.00
2010.02.12 08:01:01.198,1.5356,1.536,3.90,4.00
2010.02.12 08:01:01.724,1.53565,1.53595,1.40,1.00
2010.02.12 08:01:02.487,1.5356,1.5359,3.00,1.00
2010.02.12 08:01:02.838,1.5355,1.53585,1.00,1.00
2010.02.12 08:01:03.529,1.5355,1.5358,1.00,1.00
2010.02.12 08:01:03.892,1.53555,1.5358,1.00,1.00
2010.02.12 08:01:04.252,1.53555,1.53585,1.50,1.00
2010.02.12 08:01:04.952,1.53555,1.5358,1.50,1.00
2010.02.12 08:01:05.304,1.53555,1.53585,1.50,2.40
2010.02.12 08:01:05.939,1.53555,1.53585,1.50,1.60
2010.02.12 08:01:06.288,1.5356,1.5359,1.40,1.00
2010.02.12 08:01:07.096,1.53575,1.536,1.40,2.30
2010.02.12 08:01:07.459,1.53555,1.5359,1.00,3.10
2010.02.12 08:01:07.897,1.53555,1.5359,2.20,2.30
2010.02.12 08:01:08.269,1.5356,1.53595,1.00,3.10
2010.02.12 08:01:08.939,1.5356,1.536,2.30,3.90
2010.02.12 08:01:09.316,1.53555,1.5359,2.40,2.40
2010.02.12 08:01:10.195,1.5355,1.5359,2.40,3.20
2010.02.12 08:01:10.827,1.53565,1.5359,1.40,1.00
2010.02.12 08:01:11.852,1.53565,1.5359,1.50,1.00
2010.02.12 08:01:12.573,1.53565,1.536,1.50,2.40
2010.02.12 08:01:12.890,1.53565,1.53595,1.50,2.30
2010.02.12 08:01:13.594,1.5356,1.5359,1.00,1.60
2010.02.12 08:01:13.942,1.5356,1.53595,1.00,2.40
2010.02.12 08:01:14.638,1.5356,1.5359,1.00,1.00
2010.02.12 08:01:14.988,1.53565,1.5359,1.00,1.00
2010.02.12 08:01:15.610,1.5356,1.5359,1.00,1.00
2010.02.12 08:01:16.161,1.5356,1.53585,1.00,1.00
2010.02.12 08:01:17.139,1.5357,1.53595,1.00,1.60
2010.02.12 08:01:17.512,1.5357,1.53595,1.00,1.00
2010.02.12 08:01:17.865,1.5356,1.5359,2.40,1.00
2010.02.12 08:01:18.487,1.5356,1.5359,1.40,1.00
2010.02.12 08:01:18.849,1.5356,1.53585,1.40,1.00
2010.02.12 08:01:19.201,1.5356,1.53585,1.40,2.30
2010.02.12 08:01:19.548,1.5356,1.53585,1.40,1.00
2010.02.12 08:01:19.904,1.5356,1.5359,1.50,2.30
2010.02.12 08:01:20.279,1.5356,1.5359,3.10,2.30
2010.02.12 08:01:20.917,1.5355,1.53585,3.90,1.00
2010.02.12 08:01:21.292,1.53545,1.5358,1.00,2.30
2010.02.12 08:01:21.908,1.5354,1.5358,2.90,2.30
2010.02.12 08:01:22.288,1.5354,1.5358,2.90,2.40
2010.02.12 08:01:23.027,1.5354,1.53575,2.50,2.30
2010.02.12 08:01:23.391,1.53545,1.53575,1.40,2.30
2010.02.12 08:01:24.645,1.53545,1.5358,1.40,2.40
2010.02.12 08:01:24.997,1.5355,1.5358,2.40,1.00
2010.02.12 08:01:26.237,1.5355,1.53585,2.50,1.00
2010.02.12 08:01:26.457,1.53555,1.5359,2.20,2.40
2010.02.12 08:01:26.895,1.5356,1.5359,1.00,1.00
2010.02.12 08:01:27.373,1.53565,1.53595,1.40,1.00
2010.02.12 08:01:28.040,1.53565,1.5359,1.40,1.00
2010.02.12 08:01:28.557,1.5356,1.5359,1.40,2.40
2010.02.12 08:01:28.892,1.5356,1.5359,3.90,1.00
2010.02.12 08:01:30.192,1.53555,1.5359,3.80,1.00
2010.02.12 08:01:30.529,1.5356,1.5359,1.50,1.00
2010.02.12 08:01:31.198,1.5356,1.5359,1.40,1.00
2010.02.12 08:01:31.529,1.53555,1.53585,3.80,1.00
2010.02.12 08:01:34.141,1.53555,1.5359,3.80,1.00
2010.02.12 08:01:34.484,1.53555,1.53585,3.80,1.00
2010.02.12 08:01:34.970,1.53555,1.53585,2.40,1.60
2010.02.12 08:01:35.318,1.53555,1.53585,1.00,1.60
2010.02.12 08:01:35.670,1.53565,1.536,5.40,1.10
2010.02.12 08:01:36.070,1.53575,1.53595,1.40,1.00
2010.02.12 08:01:36.368,1.53565,1.53595,4.60,1.00
2010.02.12 08:01:36.880,1.5356,1.53595,3.90,2.40
2010.02.12 08:01:38.457,1.5356,1.53595,2.30,2.40
2010.02.12 08:01:38.808,1.5357,1.53595,1.00,1.00
2010.02.12 08:01:39.928,1.53565,1.53595,1.40,1.00
2010.02.12 08:01:40.257,1.53565,1.5359,1.40,1.00
2010.02.12 08:01:41.637,1.5356,1.5359,1.50,2.40
2010.02.12 08:01:42.010,1.5356,1.5359,1.50,1.00
2010.02.12 08:01:42.355,1.5356,1.5359,2.30,1.00
2010.02.12 08:01:42.703,1.5356,1.5359,2.20,1.00
2010.02.12 08:01:43.063,1.5356,1.5359,2.30,1.00
2010.02.12 08:01:43.766,1.5356,1.5359,2.20,1.00
2010.02.12 08:01:44.115,1.5356,1.5359,2.20,1.00
2010.02.12 08:01:44.464,1.5356,1.5359,2.30,1.00
2010.02.12 08:01:48.080,1.5356,1.53585,1.50,1.00
2010.02.12 08:01:48.676,1.5355,1.53585,5.50,1.00
2010.02.12 08:01:48.972,1.53545,1.5358,6.80,1.00
2010.02.12 08:01:49.803,1.5355,1.5358,3.20,1.00
2010.02.12 08:01:50.152,1.5356,1.5359,1.00,2.30
2010.02.12 08:01:50.604,1.53565,1.5359,1.40,2.30
2010.02.12 08:01:50.961,1.53555,1.5359,2.30,2.30
2010.02.12 08:01:51.582,1.53565,1.5359,1.40,2.30
2010.02.12 08:01:51.939,1.5357,1.5359,1.40,2.30
2010.02.12 08:01:52.296,1.53565,1.5359,1.40,2.30
2010.02.12 08:01:54.900,1.53565,1.5359,1.40,2.40
2010.02.12 08:01:55.302,1.53565,1.53585,1.40,2.30
2010.02.12 08:01:55.656,1.5355,1.5357,1.00,1.00
2010.02.12 08:01:56.106,1.5354,1.5357,1.40,1.00
2010.02.12 08:01:56.461,1.53535,1.53565,1.00,2.30
2010.02.12 08:01:56.814,1.5353,1.5356,1.00,1.00
2010.02.12 08:01:57.187,1.5353,1.5356,1.00,1.00
2010.02.12 08:01:58.234,1.5353,1.53555,1.00,1.00
2010.02.12 08:01:59.260,1.5353,1.5356,1.30,1.00
2010.02.12 08:01:59.953,1.53525,1.53555,2.40,1.20
2010.02.12 08:02:00.299,1.53525,1.5356,2.40,3.20
2010.02.12 08:02:01.182,1.53525,1.53555,2.40,1.00
2010.02.12 08:02:01.881,1.53535,1.53565,1.40,2.40
2010.02.12 08:02:02.234,1.53535,1.53565,1.00,2.30
2010.02.12 08:02:02.585,1.53545,1.53565,1.40,1.60
2010.02.12 08:02:02.943,1.53545,1.5357,1.40,2.30
2010.02.12 08:02:03.641,1.53535,1.5357,1.00,2.30
2010.02.12 08:02:05.050,1.5354,1.5357,1.00,1.50
2010.02.12 08:02:05.465,1.53545,1.5357,1.40,1.00
2010.02.12 08:02:05.832,1.5353,1.5357,3.80,2.30
2010.02.12 08:02:06.453,1.53535,1.5357,2.40,2.30
2010.02.12 08:02:07.570,1.5355,1.5358,1.40,1.00
2010.02.12 08:02:07.930,1.53535,1.5358,11.90,2.40
2010.02.12 08:02:08.545,1.53535,1.5358,2.50,2.40
2010.02.12 08:02:08.905,1.5354,1.53575,2.40,1.50
2010.02.12 08:02:09.263,1.53545,1.53585,2.40,1.20
2010.02.12 08:02:09.621,1.53545,1.53585,2.40,1.00
2010.02.12 08:02:09.976,1.53545,1.5358,2.40,1.00
2010.02.12 08:02:11.016,1.53545,1.5358,2.40,2.40
2010.02.12 08:02:11.380,1.53545,1.5358,3.90,2.40
2010.02.12 08:02:12.199,1.53545,1.53575,3.90,1.00
2010.02.12 08:02:13.500,1.53545,1.5358,4.00,1.00
2010.02.12 08:02:13.859,1.53545,1.53575,2.40,1.00
2010.02.12 08:02:14.503,1.53545,1.53575,2.40,1.00
2010.02.12 08:02:14.849,1.53555,1.53585,1.40,1.00
2010.02.12 08:02:15.197,1.53555,1.5359,3.80,1.00
2010.02.12 08:02:16.237,1.53555,1.5359,3.80,1.00
2010.02.12 08:02:17.276,1.53555,1.5359,3.90,1.00
2010.02.12 08:02:18.137,1.5355,1.5358,2.30,1.00
2010.02.12 08:02:19.810,1.5355,1.5358,3.90,1.00
2010.02.12 08:02:20.164,1.5356,1.5359,1.40,2.40
2010.02.12 08:02:20.513,1.5356,1.53585,1.40,1.00
2010.02.12 08:02:20.869,1.5355,1.5358,1.50,1.00
2010.02.12 08:02:22.138,1.5355,1.5358,1.50,1.00
2010.02.12 08:02:23.308,1.53545,1.5358,2.40,1.00
2010.02.12 08:02:23.654,1.53545,1.5358,1.00,2.30
2010.02.12 08:02:24.782,1.53545,1.5358,1.00,2.50
2010.02.12 08:02:25.320,1.53545,1.5358,1.00,2.40
2010.02.12 08:02:28.238,1.53545,1.5358,1.00,2.30
2010.02.12 08:02:28.484,1.5355,1.53585,2.20,2.40
2010.02.12 08:02:29.022,1.5356,1.53595,1.00,4.80
2010.02.12 08:02:29.383,1.53575,1.53605,1.40,2.40
2010.02.12 08:02:29.654,1.5357,1.53605,2.20,1.00
2010.02.12 08:02:29.925,1.5357,1.53605,2.30,1.00
2010.02.12 08:02:30.197,1.53575,1.53605,1.40,1.00
2010.02.12 08:02:30.919,1.5357,1.53605,2.30,1.00
2010.02.12 08:02:31.224,1.53575,1.53605,1.00,1.00
2010.02.12 08:02:31.895,1.53575,1.536,1.00,1.00
2010.02.12 08:02:32.867,1.5357,1.536,2.20,1.00
2010.02.12 08:02:33.566,1.5357,1.536,2.20,1.00
2010.02.12 08:02:33.922,1.53565,1.536,3.80,1.00
2010.02.12 08:02:34.276,1.5357,1.536,1.60,1.00
2010.02.12 08:02:34.627,1.5357,1.536,2.40,1.00
2010.02.12 08:02:34.972,1.5357,1.536,2.40,1.00
2010.02.12 08:02:35.695,1.53565,1.53595,1.00,1.20
2010.02.12 08:02:36.040,1.53565,1.53595,1.00,1.20
2010.02.12 08:02:36.388,1.5357,1.536,1.20,1.60
2010.02.12 08:02:36.732,1.5357,1.53605,1.20,2.40
2010.02.12 08:02:37.741,1.53565,1.53595,1.40,1.00
2010.02.12 08:02:38.077,1.53545,1.5358,2.40,1.20
2010.02.12 08:02:38.435,1.53545,1.5358,1.00,2.00
2010.02.12 08:02:38.782,1.53545,1.53575,1.00,1.00
2010.02.12 08:02:39.134,1.53545,1.53575,1.00,1.00
2010.02.12 08:02:40.494,1.5355,1.53585,1.00,2.40
2010.02.12 08:02:40.840,1.53555,1.53585,1.20,2.30
2010.02.12 08:02:41.190,1.53565,1.53585,1.20,1.00
2010.02.12 08:02:41.517,1.53565,1.53595,1.20,2.40
2010.02.12 08:02:42.173,1.53565,1.53595,1.30,2.40
2010.02.12 08:02:42.729,1.53565,1.53595,1.30,1.00
2010.02.12 08:02:42.917,1.53565,1.53595,2.10,1.00
2010.02.12 08:02:43.746,1.5357,1.536,1.00,2.30
2010.02.12 08:02:44.103,1.53575,1.53605,2.40,1.00
2010.02.12 08:02:44.462,1.5358,1.53615,1.60,3.70
2010.02.12 08:02:44.992,1.5358,1.53615,2.40,1.00
2010.02.12 08:02:46.447,1.53585,1.5362,1.20,2.40
2010.02.12 08:02:46.756,1.5358,1.5361,2.40,1.00
2010.02.12 08:02:47.315,1.5358,1.5361,1.00,1.00
2010.02.12 08:02:47.931,1.5358,1.53605,1.00,1.00
2010.02.12 08:02:48.189,1.53575,1.53605,1.00,1.00
2010.02.12 08:02:49.039,1.53575,1.5361,2.50,1.00
2010.02.12 08:02:50.099,1.5358,1.53615,1.30,2.40
2010.02.12 08:02:50.845,1.53585,1.5361,1.00,1.00
2010.02.12 08:02:51.572,1.5358,1.5361,2.40,1.00
2010.02.12 08:02:51.861,1.5358,1.53615,2.50,2.10
2010.02.12 08:02:52.199,1.5358,1.53615,3.70,1.00
2010.02.12 08:02:52.545,1.53585,1.53615,1.30,1.00
2010.02.12 08:02:52.887,1.5358,1.53615,3.70,2.40
2010.02.12 08:02:53.472,1.5358,1.53615,2.50,1.30
2010.02.12 08:02:53.815,1.53585,1.53615,1.00,1.30
2010.02.12 08:02:54.164,1.53585,1.5361,1.00,1.00
2010.02.12 08:02:54.515,1.5358,1.5361,1.00,1.00
2010.02.12 08:02:54.871,1.53575,1.53605,5.30,1.00
2010.02.12 08:02:55.228,1.5358,1.53605,1.00,1.00
2010.02.12 08:02:55.582,1.5359,1.5362,1.30,1.00
2010.02.12 08:02:55.968,1.5359,1.5361,1.20,1.00
2010.02.12 08:02:56.317,1.53595,1.53625,1.20,2.30
2010.02.12 08:02:57.866,1.53595,1.53625,1.30,2.30
2010.02.12 08:03:07.653,1.53595,1.5362,1.00,1.00
2010.02.12 08:03:12.544,1.5359,1.5362,1.20,1.00
2010.02.12 08:03:12.820,1.53595,1.5362,1.00,1.00
2010.02.12 08:03:13.800,1.5359,1.5362,1.20,1.00
2010.02.12 08:03:14.522,1.53595,1.5362,1.00,1.00
2010.02.12 08:03:19.329,1.5359,1.5362,1.20,1.00
2010.02.12 08:03:19.542,1.53585,1.5362,2.50,1.00
2010.02.12 08:03:19.757,1.53585,1.5362,2.70,1.00
2010.02.12 08:03:20.314,1.5359,1.5362,1.00,1.00
2010.02.12 08:03:21.023,1.5359,1.5362,1.00,1.00
2010.02.12 08:03:22.008,1.53585,1.5362,3.70,1.00
2010.02.12 08:03:27.635,1.536,1.5362,1.00,1.00
2010.02.12 08:03:28.184,1.5359,1.53615,3.70,1.00
2010.02.12 08:03:28.368,1.5359,1.53615,2.40,1.30
2010.02.12 08:03:28.877,1.53585,1.5362,2.50,1.00
2010.02.12 08:03:29.242,1.53585,1.53615,1.00,1.00
2010.02.12 08:03:29.587,1.53585,1.53615,1.00,1.00
2010.02.12 08:03:30.971,1.5359,1.53615,1.60,1.00
2010.02.12 08:03:31.278,1.53585,1.53615,2.50,1.00
2010.02.12 08:03:32.732,1.5359,1.53615,2.40,1.00
2010.02.12 08:03:33.614,1.5358,1.53615,3.70,1.00
2010.02.12 08:03:33.958,1.5358,1.53615,2.40,1.00
2010.02.12 08:03:34.667,1.53585,1.53615,1.00,1.00
2010.02.12 08:03:39.213,1.5358,1.53615,1.00,2.40
2010.02.12 08:03:39.515,1.5358,1.53605,1.00,1.00
2010.02.12 08:03:43.451,1.5358,1.53615,1.00,2.40
2010.02.12 08:03:44.614,1.53585,1.53615,1.00,2.40
2010.02.12 08:03:45.335,1.5358,1.53615,1.00,2.40
2010.02.12 08:03:47.066,1.53585,1.53615,1.00,2.40
2010.02.12 08:03:48.233,1.5358,1.53615,1.00,3.70
2010.02.12 08:03:49.517,1.53585,1.53605,1.00,1.00
2010.02.12 08:03:50.477,1.53585,1.53615,1.00,2.30
2010.02.12 08:03:51.993,1.53585,1.53615,1.00,2.40
2010.02.12 08:03:53.136,1.53585,1.53615,1.00,2.30
2010.02.12 08:03:54.376,1.5358,1.53615,2.50,3.70
2010.02.12 08:03:54.685,1.5359,1.53615,1.60,2.30
2010.02.12 08:03:55.003,1.53585,1.5362,2.50,2.40
2010.02.12 08:03:55.363,1.53585,1.53615,2.50,1.00
2010.02.12 08:03:57.108,1.53585,1.5362,2.50,2.50
2010.02.12 08:03:58.409,1.5359,1.5362,1.60,2.30
2010.02.12 08:03:58.751,1.536,1.53625,1.00,1.00
2010.02.12 08:03:59.432,1.53595,1.53625,1.20,1.00
2010.02.12 08:03:59.780,1.5359,1.53615,1.00,1.00
2010.02.12 08:04:00.162,1.5358,1.53615,1.00,2.40
2010.02.12 08:04:00.523,1.53565,1.536,2.10,2.30
2010.02.12 08:04:01.083,1.5357,1.53605,1.20,2.30
2010.02.12 08:04:01.441,1.53565,1.536,2.40,1.00
2010.02.12 08:04:02.167,1.53565,1.536,1.00,3.60
2010.02.12 08:04:02.928,1.5356,1.5359,1.00,1.00
2010.02.12 08:04:03.274,1.5356,1.5359,1.00,1.00
2010.02.12 08:04:03.658,1.5355,1.5358,2.10,1.00
2010.02.12 08:04:04.028,1.5355,1.5359,4.90,3.70
2010.02.12 08:04:04.626,1.53555,1.5359,1.00,1.00
2010.02.12 08:04:05.654,1.5356,1.53595,2.50,1.00
2010.02.12 08:04:06.338,1.5356,1.5359,1.30,2.30
2010.02.12 08:04:08.285,1.5356,1.5359,1.30,1.00
2010.02.12 08:04:08.597,1.5357,1.5359,1.60,1.00
2010.02.12 08:04:08.888,1.5358,1.53625,1.00,2.40
2010.02.12 08:04:09.173,1.5358,1.53625,1.00,1.00
2010.02.12 08:04:09.733,1.53585,1.53625,1.00,1.00
2010.02.12 08:04:10.919,1.53585,1.53615,1.00,1.00
2010.02.12 08:04:12.229,1.5358,1.53605,2.40,1.00
2010.02.12 08:04:13.707,1.5358,1.5362,2.40,2.40
2010.02.12 08:04:14.641,1.53585,1.5362,2.40,2.40
2010.02.12 08:04:14.995,1.53585,1.5362,2.40,2.30
2010.02.12 08:04:15.958,1.53585,1.5362,2.40,3.60
2010.02.12 08:04:16.990,1.53585,1.5362,2.40,2.30
2010.02.12 08:04:17.613,1.53585,1.53625,2.40,2.40
2010.02.12 08:04:17.949,1.5359,1.53625,1.00,2.30
2010.02.12 08:04:18.597,1.5359,1.53625,2.40,3.60
2010.02.12 08:04:18.937,1.5359,1.5362,2.40,1.00
2010.02.12 08:04:19.276,1.53585,1.5362,2.50,1.00
2010.02.12 08:04:20.214,1.53595,1.53615,1.20,1.00
2010.02.12 08:04:20.573,1.53595,1.53625,2.40,1.00
2010.02.12 08:04:21.696,1.53595,1.5362,2.40,1.00
2010.02.12 08:04:21.967,1.5358,1.5361,2.10,1.00
2010.02.12 08:04:22.239,1.53575,1.53605,2.40,1.20
2010.02.12 08:04:22.511,1.5357,1.53605,1.00,2.30
2010.02.12 08:04:22.877,1.53575,1.53605,1.00,2.30
2010.02.12 08:04:23.234,1.53575,1.5361,2.90,1.00
2010.02.12 08:04:24.176,1.53575,1.53605,2.90,1.00
2010.02.12 08:04:24.527,1.53575,1.5361,2.90,1.00
2010.02.12 08:04:25.016,1.53575,1.53605,1.00,1.00
2010.02.12 08:04:25.367,1.53575,1.5361,2.90,2.30
2010.02.12 08:04:25.720,1.53575,1.536,1.00,1.00
2010.02.12 08:04:26.085,1.53565,1.53595,1.00,1.00
2010.02.12 08:04:27.122,1.53565,1.536,1.00,1.00
2010.02.12 08:04:27.812,1.53565,1.53595,1.00,1.00
2010.02.12 08:04:27.978,1.53565,1.5359,1.00,1.00
2010.02.12 08:04:28.144,1.53565,1.5359,1.00,1.00
2010.02.12 08:04:29.870,1.53565,1.5359,1.00,1.00
2010.02.12 08:04:30.229,1.53565,1.5359,1.00,1.00
2010.02.12 08:04:31.424,1.5357,1.536,1.00,1.00
2010.02.12 08:04:31.961,1.5357,1.536,1.00,1.00
2010.02.12 08:04:32.304,1.5357,1.53605,1.00,3.80
2010.02.12 08:04:33.752,1.5357,1.53605,2.50,1.40
2010.02.12 08:04:34.104,1.5357,1.536,2.50,1.00
2010.02.12 08:04:34.855,1.5357,1.536,2.40,1.00
2010.02.12 08:04:35.468,1.5357,1.536,1.00,1.00
2010.02.12 08:04:36.053,1.53565,1.536,2.50,2.20
2010.02.12 08:04:36.297,1.53565,1.536,3.30,2.50
2010.02.12 08:04:36.542,1.53565,1.53595,3.20,1.00
2010.02.12 08:04:37.199,1.53565,1.536,3.30,2.40
2010.02.12 08:04:37.540,1.53565,1.536,3.70,2.40
2010.02.12 08:04:37.879,1.5357,1.536,1.00,2.50
2010.02.12 08:04:38.360,1.5357,1.536,1.00,2.40
2010.02.12 08:04:39.061,1.53565,1.536,3.80,2.50
2010.02.12 08:04:39.319,1.5357,1.536,2.40,1.00
2010.02.12 08:04:39.583,1.53575,1.53605,1.60,1.00
2010.02.12 08:04:40.141,1.53575,1.53605,3.20,1.00
2010.02.12 08:04:40.494,1.53575,1.53615,4.10,2.10
2010.02.12 08:04:40.844,1.5358,1.53615,1.20,1.00
2010.02.12 08:04:41.193,1.53575,1.5361,1.20,2.30
2010.02.12 08:04:42.237,1.53575,1.5361,1.30,2.30
2010.02.12 08:04:43.510,1.5358,1.5361,1.00,1.20
2010.02.12 08:04:43.862,1.53585,1.5362,1.20,2.40
2010.02.12 08:04:44.920,1.53585,1.5362,3.70,1.00
2010.02.12 08:04:45.269,1.53585,1.5362,2.40,1.00
2010.02.12 08:04:45.964,1.53585,1.5362,3.70,1.00
2010.02.12 08:04:46.331,1.53585,1.5362,2.10,2.30
2010.02.12 08:04:46.483,1.53585,1.5362,1.00,3.60
2010.02.12 08:04:47.224,1.53585,1.5362,1.00,2.30
2010.02.12 08:04:47.739,1.53585,1.5362,1.00,2.40
2010.02.12 08:04:48.436,1.5358,1.53615,1.00,2.30
2010.02.12 08:04:48.795,1.5358,1.5361,1.00,2.30
2010.02.12 08:04:50.111,1.53575,1.5361,1.00,2.30
2010.02.12 08:04:50.469,1.53565,1.536,2.80,1.00
2010.02.12 08:04:50.821,1.53565,1.536,2.40,1.00
2010.02.12 08:04:51.543,1.53565,1.53595,1.60,1.00
2010.02.12 08:04:52.198,1.5357,1.536,1.00,1.00
2010.02.12 08:04:52.521,1.53565,1.53595,2.10,1.00
2010.02.12 08:04:53.011,1.5357,1.536,1.60,1.00
2010.02.12 08:04:53.382,1.5358,1.5362,3.70,2.40
2010.02.12 08:04:53.730,1.53585,1.5362,2.40,2.40
2010.02.12 08:04:55.144,1.53585,1.5361,1.00,1.00
2010.02.12 08:04:55.490,1.53585,1.5362,1.00,5.30
2010.02.12 08:04:56.210,1.5358,1.5362,2.50,2.30
2010.02.12 08:04:56.565,1.5359,1.53625,1.00,2.40
2010.02.12 08:04:56.920,1.5359,1.5362,1.00,1.20
2010.02.12 08:04:57.284,1.53585,1.5362,1.00,3.60
2010.02.12 08:04:58.116,1.53585,1.5362,1.00,3.70
2010.02.12 08:04:58.807,1.53585,1.5362,2.10,2.30
2010.02.12 08:04:59.177,1.5359,1.53625,1.00,3.70
2010.02.12 08:04:59.521,1.536,1.53635,1.00,3.70
2010.02.12 08:04:59.857,1.5359,1.5362,1.00,1.20
2010.02.12 08:05:00.541,1.5359,1.53625,1.00,2.40
2010.02.12 08:05:01.604,1.536,1.5363,1.00,2.30
2010.02.12 08:05:01.962,1.536,1.53635,1.00,2.30
2010.02.12 08:05:02.308,1.536,1.53635,1.00,2.30
2010.02.12 08:05:04.478,1.536,1.5363,1.00,1.20
2010.02.12 08:05:04.801,1.53595,1.5363,2.50,3.60
2010.02.12 08:05:05.572,1.5359,1.53625,2.50,2.10
2010.02.12 08:05:05.932,1.53585,1.53615,1.00,1.00
2010.02.12 08:05:06.282,1.53585,1.53615,2.50,1.00
2010.02.12 08:05:07.239,1.536,1.5363,1.00,2.90
2010.02.12 08:05:07.587,1.5359,1.53625,1.00,2.30
2010.02.12 08:05:08.230,1.53585,1.5362,1.00,2.30
2010.02.12 08:05:08.515,1.53585,1.5362,2.10,1.60
2010.02.12 08:05:08.858,1.53585,1.53625,3.70,2.00
2010.02.12 08:05:09.209,1.5359,1.53625,2.40,1.00
2010.02.12 08:05:09.814,1.5359,1.53625,2.50,1.00
2010.02.12 08:05:10.150,1.53595,1.5363,1.00,2.40
2010.02.12 08:05:10.859,1.53595,1.5363,2.50,2.40
2010.02.12 08:05:11.219,1.536,1.53625,1.00,1.00
2010.02.12 08:05:14.407,1.53595,1.5363,2.50,1.00
2010.02.12 08:05:14.672,1.5359,1.5362,1.60,1.00
2010.02.12 08:05:15.034,1.5359,1.5362,1.60,2.10
2010.02.12 08:05:15.314,1.5358,1.53615,1.00,3.60
2010.02.12 08:05:15.664,1.5358,1.5361,1.00,2.30
2010.02.12 08:05:16.552,1.53575,1.53605,1.00,1.00
2010.02.12 08:05:16.831,1.53575,1.536,1.00,1.00
2010.02.12 08:05:17.381,1.53565,1.536,2.50,2.10
2010.02.12 08:05:17.999,1.53565,1.53595,2.50,1.00
2010.02.12 08:05:19.008,1.53565,1.53595,2.40,1.00
2010.02.12 08:05:26.700,1.5357,1.536,1.00,1.20
2010.02.12 08:05:27.176,1.5357,1.53605,1.00,1.30
2010.02.12 08:05:27.471,1.53575,1.53605,1.00,1.00
2010.02.12 08:05:27.751,1.53575,1.53605,1.00,1.00
2010.02.12 08:05:28.322,1.5357,1.53605,1.00,3.70
2010.02.12 08:05:29.007,1.5357,1.53595,1.00,1.00
2010.02.12 08:05:29.406,1.5357,1.53595,2.50,1.00
2010.02.12 08:05:29.759,1.53575,1.53605,1.00,1.00
2010.02.12 08:05:30.097,1.53575,1.53605,1.00,1.00
2010.02.12 08:05:31.395,1.5358,1.53605,1.00,1.00
2010.02.12 08:05:34.116,1.5358,1.53605,1.00,1.00
2010.02.12 08:05:38.183,1.5358,1.53605,2.50,1.00
2010.02.12 08:05:38.903,1.5359,1.53615,1.00,1.30
2010.02.12 08:05:39.247,1.53585,1.53605,1.00,1.00
2010.02.12 08:05:44.153,1.5358,1.53605,1.00,1.30
2010.02.12 08:05:44.780,1.5357,1.53605,2.50,3.70
2010.02.12 08:05:45.133,1.53565,1.53605,1.00,5.10
2010.02.12 08:05:46.216,1.5355,1.5358,2.80,1.30
2010.02.12 08:05:46.579,1.53545,1.5358,1.00,1.00
2010.02.12 08:05:47.278,1.53545,1.53575,1.00,1.60
2010.02.12 08:05:47.625,1.53545,1.5358,1.00,2.40
2010.02.12 08:05:47.973,1.53545,1.5358,1.00,2.80
2010.02.12 08:05:48.514,1.53545,1.5358,1.00,2.40
2010.02.12 08:05:50.999,1.53545,1.5358,2.80,1.00
2010.02.12 08:05:51.973,1.5355,1.5358,1.00,1.00
2010.02.12 08:05:53.184,1.5355,1.5358,1.60,1.00
2010.02.12 08:05:53.402,1.53555,1.53585,1.00,1.00
2010.02.12 08:05:54.175,1.5355,1.53585,2.50,1.00
2010.02.12 08:05:54.520,1.53555,1.53585,2.40,1.00
2010.02.12 08:05:55.196,1.53565,1.53595,1.00,1.00
2010.02.12 08:05:55.484,1.53565,1.53595,2.50,1.00
2010.02.12 08:05:56.231,1.53565,1.53595,1.60,1.00
2010.02.12 08:05:56.593,1.53565,1.53595,1.00,1.00
2010.02.12 08:06:01.123,1.53565,1.53595,1.00,1.00
2010.02.12 08:06:01.636,1.53565,1.53595,1.00,2.40
2010.02.12 08:06:01.876,1.53565,1.536,1.00,5.00
2010.02.12 08:06:02.106,1.53565,1.536,4.10,2.20
2010.02.12 08:06:02.457,1.53565,1.536,2.50,2.20
2010.02.12 08:06:03.387,1.53565,1.536,1.00,5.40
2010.02.12 08:06:03.747,1.5356,1.53595,2.50,1.40
2010.02.12 08:06:04.790,1.5356,1.5359,2.50,1.00
2010.02.12 08:06:05.477,1.5356,1.53595,2.50,1.50
2010.02.12 08:06:05.828,1.5356,1.53595,1.00,3.80
2010.02.12 08:06:06.160,1.5355,1.53575,1.00,1.40
2010.02.12 08:06:06.487,1.53545,1.53585,2.50,3.80
2010.02.12 08:06:07.258,1.53545,1.5358,2.50,2.30
2010.02.12 08:06:08.013,1.53545,1.53585,1.00,2.40
2010.02.12 08:06:08.510,1.53545,1.5358,1.00,1.60
2010.02.12 08:06:08.864,1.53545,1.5358,1.00,2.30
2010.02.12 08:06:11.607,1.53545,1.53575,1.00,2.40
2010.02.12 08:06:11.932,1.53545,1.53575,1.00,3.80
2010.02.12 08:06:12.307,1.5354,1.53565,1.00,1.00
2010.02.12 08:06:12.668,1.53545,1.53575,1.00,1.00
2010.02.12 08:06:13.234,1.53545,1.53575,1.00,1.00
2010.02.12 08:06:14.597,1.5355,1.53575,1.00,2.20
2010.02.12 08:06:14.960,1.5355,1.5358,1.00,3.80
2010.02.12 08:06:15.354,1.5354,1.53575,1.00,3.80
2010.02.12 08:06:16.827,1.5354,1.5357,1.00,1.00
2010.02.12 08:06:18.203,1.53545,1.5358,1.00,3.80
2010.02.12 08:06:18.543,1.5355,1.5358,1.00,2.40
2010.02.12 08:06:19.093,1.5355,1.5358,2.50,1.00
2010.02.12 08:06:19.778,1.5355,1.5358,1.00,1.00
2010.02.12 08:06:20.136,1.53545,1.53575,1.00,2.20
2010.02.12 08:06:20.498,1.53545,1.53575,1.00,3.80
2010.02.12 08:06:21.100,1.53545,1.5357,1.00,1.00
2010.02.12 08:06:21.451,1.53535,1.5356,1.00,1.00
2010.02.12 08:06:23.351,1.53535,1.5357,2.50,2.40
2010.02.12 08:06:23.674,1.53545,1.5357,1.00,1.00
2010.02.12 08:06:23.947,1.53535,1.5357,1.00,1.00
2010.02.12 08:06:24.223,1.53535,1.53565,1.00,1.40
2010.02.12 08:06:24.739,1.53535,1.53565,1.00,5.40
2010.02.12 08:06:25.089,1.53525,1.53565,4.50,7.80
2010.02.12 08:06:25.440,1.53525,1.5356,4.10,1.40
2010.02.12 08:06:25.787,1.53525,1.5356,4.10,3.80
2010.02.12 08:06:26.139,1.5353,1.53565,2.50,3.80
2010.02.12 08:06:26.497,1.53535,1.53565,1.00,1.50
2010.02.12 08:06:26.894,1.5353,1.53565,1.00,3.80
2010.02.12 08:06:27.212,1.53535,1.53565,1.00,3.80
2010.02.12 08:06:27.547,1.53525,1.5356,4.50,2.40
2010.02.12 08:06:27.857,1.53525,1.5356,4.10,3.80
2010.02.12 08:06:29.024,1.5353,1.5356,1.00,2.30
2010.02.12 08:06:30.334,1.53535,1.5356,1.00,2.30
2010.02.12 08:06:30.691,1.53525,1.5356,1.00,3.90
2010.02.12 08:06:31.055,1.5352,1.5356,2.50,3.90
2010.02.12 08:06:31.725,1.5352,1.5356,2.50,4.00
2010.02.12 08:06:32.062,1.5352,1.5355,2.50,1.40
2010.02.12 08:06:33.026,1.53525,1.53555,2.40,1.40
2010.02.12 08:06:33.642,1.5352,1.53555,2.50,1.40
2010.02.12 08:06:34.188,1.5352,1.53555,2.40,1.60
2010.02.12 08:06:34.541,1.5352,1.53555,2.60,1.40
2010.02.12 08:06:35.555,1.5353,1.53555,1.00,1.40
2010.02.12 08:06:35.901,1.5353,1.53565,2.40,3.80
2010.02.12 08:06:36.866,1.53535,1.53565,1.00,3.80
2010.02.12 08:06:38.558,1.5353,1.53565,2.50,3.80
2010.02.12 08:06:39.526,1.53535,1.53565,2.40,1.50
2010.02.12 08:06:40.119,1.5354,1.5357,1.00,2.30
2010.02.12 08:06:40.478,1.5354,1.5357,2.50,3.00
2010.02.12 08:06:41.449,1.5354,1.5357,2.50,1.60
2010.02.12 08:06:41.713,1.53535,1.5357,2.50,3.80
2010.02.12 08:06:42.257,1.53535,1.5357,2.40,3.80
2010.02.12 08:06:42.521,1.5352,1.53555,1.00,3.80
2010.02.12 08:06:42.877,1.5352,1.53555,1.00,3.80
2010.02.12 08:06:44.163,1.53515,1.53555,2.50,3.80
2010.02.12 08:06:45.209,1.53515,1.53555,2.50,3.90
2010.02.12 08:06:45.895,1.5352,1.53555,1.00,3.80
2010.02.12 08:06:46.703,1.5351,1.5355,2.40,3.30
2010.02.12 08:06:47.126,1.5351,1.5355,2.40,3.20
2010.02.12 08:06:47.439,1.5351,1.53545,1.00,2.30
2010.02.12 08:06:47.756,1.5351,1.53545,1.00,3.80
2010.02.12 08:06:48.226,1.5351,1.53545,1.00,1.00
2010.02.12 08:06:49.524,1.5351,1.5354,1.00,1.00
2010.02.12 08:06:49.868,1.53505,1.5354,1.00,1.00
2010.02.12 08:06:50.488,1.53505,1.5354,1.00,2.30
2010.02.12 08:06:50.843,1.53505,1.5354,1.00,2.30
2010.02.12 08:06:57.075,1.53505,1.5354,2.50,1.00
2010.02.12 08:06:58.465,1.53505,1.5354,2.50,2.30
2010.02.12 08:06:58.940,1.53505,1.53535,1.00,1.20
2010.02.12 08:07:00.055,1.53505,1.53535,1.00,1.30
2010.02.12 08:07:01.228,1.535,1.5353,1.00,1.00
2010.02.12 08:07:01.757,1.5351,1.53535,1.00,2.30
2010.02.12 08:07:05.172,1.53505,1.53535,1.00,2.30
2010.02.12 08:07:05.735,1.53505,1.53535,1.30,2.30
2010.02.12 08:07:06.727,1.535,1.53535,1.00,2.30
2010.02.12 08:07:08.145,1.53505,1.53535,1.00,1.00
2010.02.12 08:07:09.034,1.53505,1.5354,2.50,2.20
2010.02.12 08:07:09.758,1.53515,1.5354,1.00,2.20
2010.02.12 08:07:10.413,1.5351,1.53535,1.00,1.00
2010.02.12 08:07:10.776,1.535,1.5353,1.00,1.40
2010.02.12 08:07:11.125,1.535,1.5353,1.00,3.80
2010.02.12 08:07:12.182,1.535,1.5353,1.00,1.00
2010.02.12 08:07:12.683,1.535,1.5353,1.00,1.50
2010.02.12 08:07:13.028,1.535,1.53535,1.00,2.30
2010.02.12 08:07:14.040,1.53505,1.5353,1.00,1.00
2010.02.12 08:07:15.146,1.53505,1.5353,1.00,1.00
2010.02.12 08:07:15.836,1.5351,1.5353,1.00,1.00
2010.02.12 08:07:16.189,1.53505,1.53535,1.00,5.40
2010.02.12 08:07:16.877,1.5351,1.53535,1.00,2.30
2010.02.12 08:07:17.824,1.53505,1.53535,1.00,3.90
2010.02.12 08:07:18.390,1.53505,1.53535,1.00,3.80
2010.02.12 08:07:18.969,1.53505,1.5353,1.00,1.00
2010.02.12 08:07:20.889,1.53505,1.5353,1.00,1.00
2010.02.12 08:07:21.255,1.5351,1.5354,1.00,2.30
2010.02.12 08:07:22.066,1.5351,1.5354,1.00,1.00
2010.02.12 08:07:22.341,1.53505,1.53535,1.00,1.40
2010.02.12 08:07:24.131,1.53505,1.5353,1.00,1.00
2010.02.12 08:07:24.378,1.5351,1.53535,1.00,1.40
2010.02.12 08:07:24.611,1.53515,1.5354,1.00,1.00
2010.02.12 08:07:25.318,1.53515,1.5354,1.00,2.40
2010.02.12 08:07:25.679,1.53505,1.5354,1.70,2.40
2010.02.12 08:07:26.034,1.5351,1.5354,1.00,3.80
2010.02.12 08:07:26.392,1.5351,1.53545,1.00,2.30
2010.02.12 08:07:26.739,1.5351,1.53545,2.50,2.30
2010.02.12 08:07:27.314,1.53515,1.53545,1.00,1.00
2010.02.12 08:07:27.666,1.53515,1.53545,1.00,3.80
2010.02.12 08:07:27.911,1.5351,1.5354,2.40,1.50
2010.02.12 08:07:28.275,1.53505,1.5354,2.50,1.50
2010.02.12 08:07:28.533,1.53505,1.53535,1.00,2.30
2010.02.12 08:07:29.059,1.53505,1.5354,1.00,2.40
2010.02.12 08:07:30.110,1.5351,1.5354,1.00,2.40
2010.02.12 08:07:30.676,1.5351,1.5354,1.00,1.00
2010.02.12 08:07:31.020,1.5351,1.5354,1.00,1.00
2010.02.12 08:07:31.440,1.5351,1.5354,1.00,2.30
2010.02.12 08:07:34.588,1.5351,1.53545,4.00,1.00
2010.02.12 08:07:35.141,1.53515,1.53545,1.00,3.80
2010.02.12 08:07:35.495,1.5352,1.53545,1.00,1.00
2010.02.12 08:07:36.807,1.5351,1.53545,4.10,1.00
2010.02.12 08:07:37.854,1.53505,1.53535,1.00,1.00
2010.02.12 08:07:38.210,1.53505,1.53535,2.40,1.00
2010.02.12 08:07:38.566,1.53505,1.5354,2.40,3.80
2010.02.12 08:07:38.926,1.5351,1.53545,1.00,2.40
2010.02.12 08:07:39.285,1.53505,1.5354,1.70,2.40
2010.02.12 08:07:39.886,1.53505,1.5354,1.00,3.80
2010.02.12 08:07:40.246,1.53515,1.5354,1.00,3.80
2010.02.12 08:07:40.602,1.5351,1.5354,1.00,3.80
2010.02.12 08:07:40.958,1.5351,1.53535,1.00,1.00
2010.02.12 08:07:41.319,1.5351,1.53545,1.00,2.40
2010.02.12 08:07:41.679,1.5352,1.5354,1.00,1.50
2010.02.12 08:07:42.085,1.535,1.53525,1.00,1.60
2010.02.12 08:07:42.445,1.535,1.53525,1.00,2.30
2010.02.12 08:07:42.803,1.5349,1.53525,2.50,2.30
2010.02.12 08:07:43.160,1.5349,1.53525,2.50,1.00
2010.02.12 08:07:43.513,1.535,1.5353,1.00,3.80
2010.02.12 08:07:44.220,1.53495,1.53525,1.00,1.00
2010.02.12 08:07:44.820,1.5349,1.53525,2.50,1.00
2010.02.12 08:07:45.167,1.535,1.53525,1.00,2.30
2010.02.12 08:07:45.515,1.535,1.5352,1.00,1.00
2010.02.12 08:07:46.511,1.5349,1.5352,1.00,1.00
2010.02.12 08:07:46.998,1.5349,1.5352,1.00,2.20
2010.02.12 08:07:47.508,1.53485,1.5352,2.50,2.20
2010.02.12 08:07:47.861,1.53485,1.53515,2.40,1.50
2010.02.12 08:07:48.222,1.5349,1.5352,1.00,1.00
2010.02.12 08:07:48.932,1.5349,1.53525,2.50,1.00
2010.02.12 08:07:49.587,1.53495,1.53525,1.00,1.00
2010.02.12 08:07:50.939,1.5349,1.53525,2.40,1.60
2010.02.12 08:07:51.292,1.53485,1.5352,1.00,2.20
2010.02.12 08:07:51.680,1.53485,1.5352,1.00,2.30
2010.02.12 08:07:52.032,1.5349,1.5352,1.60,1.00
2010.02.12 08:07:52.666,1.53495,1.5353,1.00,5.40
2010.02.12 08:07:53.006,1.535,1.53535,5.30,1.00
2010.02.12 08:07:54.078,1.53505,1.53535,1.00,1.00
2010.02.12 08:07:55.112,1.535,1.53535,3.70,1.00
2010.02.12 08:07:55.473,1.535,1.53535,1.00,3.70
2010.02.12 08:07:56.172,1.535,1.5353,2.50,1.00
2010.02.12 08:07:56.870,1.535,1.53535,2.50,2.20
2010.02.12 08:08:00.601,1.53505,1.53535,2.40,1.40
2010.02.12 08:08:00.962,1.535,1.53535,1.00,3.80
2010.02.12 08:08:01.301,1.53495,1.5353,1.60,2.30
2010.02.12 08:08:02.331,1.535,1.5353,1.30,2.40
2010.02.12 08:08:02.684,1.535,1.5353,1.00,2.30
2010.02.12 08:08:03.045,1.5351,1.5353,1.00,1.00
2010.02.12 08:08:03.403,1.535,1.5352,1.60,1.20
2010.02.12 08:08:03.851,1.53495,1.5353,1.00,5.20
2010.02.12 08:08:04.198,1.5349,1.5352,2.40,1.20
2010.02.12 08:08:04.857,1.53485,1.53515,2.40,1.20
2010.02.12 08:08:05.315,1.53485,1.5351,2.40,1.50
2010.02.12 08:08:05.944,1.53485,1.5352,2.40,1.00
2010.02.12 08:08:06.812,1.53485,1.53515,2.40,2.40
2010.02.12 08:08:06.991,1.5348,1.535,1.00,1.40
2010.02.12 08:08:07.179,1.5348,1.53515,2.10,2.40
2010.02.12 08:08:07.658,1.53485,1.5352,2.40,1.00
2010.02.12 08:08:08.961,1.53485,1.53515,2.40,1.20
2010.02.12 08:08:09.900,1.53485,1.5351,2.40,1.00
2010.02.12 08:08:10.921,1.53475,1.53515,2.50,1.20
2010.02.12 08:08:11.269,1.53485,1.5352,2.40,1.00
2010.02.12 08:08:12.330,1.53485,1.5352,1.00,2.40
2010.02.12 08:08:12.688,1.5348,1.53515,2.40,1.00
2010.02.12 08:08:13.614,1.5348,1.53515,1.00,2.30
2010.02.12 08:08:14.150,1.5348,1.53515,1.00,2.40
2010.02.12 08:08:14.505,1.5348,1.53515,1.00,2.30
2010.02.12 08:08:14.947,1.5348,1.5351,1.00,1.00
2010.02.12 08:08:15.307,1.5347,1.5351,2.40,3.20
2010.02.12 08:08:15.661,1.5347,1.5351,3.70,2.40
2010.02.12 08:08:16.016,1.53475,1.5351,1.00,2.30
2010.02.12 08:08:17.328,1.53475,1.5351,1.00,2.40
2010.02.12 08:08:17.635,1.53475,1.53495,1.00,1.00
2010.02.12 08:08:17.954,1.53465,1.535,1.00,2.50
2010.02.12 08:08:18.539,1.5347,1.53505,2.40,1.00
2010.02.12 08:08:18.942,1.5348,1.5351,2.40,1.00
2010.02.12 08:08:20.203,1.53475,1.5351,3.20,1.50
2010.02.12 08:08:20.827,1.53475,1.5351,3.20,1.00
2010.02.12 08:08:21.171,1.53475,1.53505,2.40,1.40
2010.02.12 08:08:21.576,1.53475,1.53515,2.40,3.80
2010.02.12 08:08:21.954,1.5348,1.53515,1.00,2.40
2010.02.12 08:08:22.582,1.53475,1.5351,2.50,1.60
2010.02.12 08:08:22.973,1.5347,1.535,1.00,1.00
2010.02.12 08:08:23.593,1.5346,1.53495,2.40,1.00
2010.02.12 08:08:23.949,1.5347,1.535,1.00,1.00
2010.02.12 08:08:24.817,1.53465,1.535,3.30,1.00
2010.02.12 08:08:25.170,1.53465,1.535,2.50,2.20
2010.02.12 08:08:25.907,1.53465,1.53495,2.40,1.00
2010.02.12 08:08:26.225,1.53465,1.53495,2.50,1.00
2010.02.12 08:08:26.851,1.53455,1.53485,1.00,1.00
2010.02.12 08:08:27.187,1.5346,1.53495,2.50,2.40
2010.02.12 08:08:27.845,1.5346,1.53495,3.20,1.00
2010.02.12 08:08:28.202,1.5347,1.53505,2.40,1.00
2010.02.12 08:08:28.816,1.53475,1.5351,1.00,3.80
2010.02.12 08:08:29.156,1.5348,1.53505,2.40,1.00
2010.02.12 08:08:29.507,1.53485,1.5351,1.00,1.40
2010.02.12 08:08:29.878,1.5349,1.53515,1.00,1.40
2010.02.12 08:08:30.247,1.5349,1.5352,1.00,1.60
2010.02.12 08:08:32.891,1.5349,1.5352,1.00,3.20
2010.02.12 08:08:33.160,1.53485,1.5352,1.00,3.90
2010.02.12 08:08:33.878,1.5348,1.53515,1.00,2.40
2010.02.12 08:08:34.225,1.53475,1.5351,1.60,2.40
2010.02.12 08:08:34.622,1.53475,1.53505,1.00,1.60
2010.02.12 08:08:34.998,1.53465,1.53505,1.00,2.30
2010.02.12 08:08:35.347,1.53465,1.535,1.00,2.30
2010.02.12 08:08:35.910,1.5347,1.535,1.00,2.30
2010.02.12 08:08:36.271,1.5347,1.535,1.00,2.30
2010.02.12 08:08:36.631,1.5347,1.5351,2.50,2.40
2010.02.12 08:08:36.882,1.53475,1.5351,1.00,2.30
2010.02.12 08:08:37.432,1.5347,1.53505,2.40,1.40
2010.02.12 08:08:37.688,1.5347,1.53505,1.00,2.30
2010.02.12 08:08:38.054,1.53465,1.53495,1.60,2.30
2010.02.12 08:08:38.409,1.53465,1.5349,1.00,1.00
2010.02.12 08:08:38.778,1.53465,1.5349,1.00,1.60
2010.02.12 08:08:39.125,1.5346,1.5349,2.40,1.00
2010.02.12 08:08:40.172,1.53465,1.53495,2.40,1.00
2010.02.12 08:08:40.531,1.53465,1.53495,2.40,1.40
2010.02.12 08:08:40.893,1.5347,1.53505,1.60,2.30
2010.02.12 08:08:41.599,1.5347,1.53505,1.00,2.30
2010.02.12 08:08:42.240,1.53465,1.535,2.40,2.30
2010.02.12 08:08:42.595,1.53465,1.53505,3.20,3.80
2010.02.12 08:08:43.299,1.53465,1.535,3.30,1.00
2010.02.12 08:08:43.620,1.53465,1.535,2.40,1.00
2010.02.12 08:08:43.942,1.5347,1.5351,2.50,2.30
2010.02.12 08:08:44.533,1.53475,1.5351,2.40,2.30
2010.02.12 08:08:44.918,1.5348,1.5351,1.00,1.00
2010.02.12 08:08:46.072,1.53475,1.5351,2.40,1.00
2010.02.12 08:08:46.424,1.53475,1.5351,1.00,2.30
2010.02.12 08:08:47.117,1.53475,1.5351,1.00,2.40
2010.02.12 08:08:51.185,1.53475,1.5351,1.00,2.30
2010.02.12 08:08:51.689,1.53475,1.5351,2.50,1.00
2010.02.12 08:08:52.524,1.5347,1.53505,2.50,1.40
2010.02.12 08:08:52.887,1.53475,1.53505,1.60,1.40
2010.02.12 08:08:53.246,1.5348,1.5351,1.00,1.40
2010.02.12 08:08:54.098,1.5348,1.53515,3.70,2.50
2010.02.12 08:08:54.742,1.5348,1.53505,1.00,1.00
2010.02.12 08:08:55.232,1.53475,1.53505,1.00,1.00
2010.02.12 08:08:55.604,1.53465,1.53495,1.00,1.00
2010.02.12 08:08:55.958,1.53465,1.5349,1.00,1.00
2010.02.12 08:08:56.317,1.53465,1.535,1.00,2.50
2010.02.12 08:08:56.676,1.53465,1.535,1.00,2.40
2010.02.12 08:08:57.641,1.5347,1.53505,1.00,2.40
2010.02.12 08:08:57.991,1.5347,1.5349,1.00,1.00
2010.02.12 08:08:58.374,1.53465,1.53495,1.60,1.00
2010.02.12 08:08:58.724,1.5347,1.53505,1.00,2.40
2010.02.12 08:08:59.070,1.53465,1.53505,4.60,2.30
2010.02.12 08:08:59.925,1.5347,1.5351,3.70,2.50
2010.02.12 08:09:00.910,1.5347,1.53505,1.20,2.50
2010.02.12 08:09:01.282,1.53465,1.53505,3.80,2.50
2010.02.12 08:09:01.632,1.53465,1.535,3.80,1.00
2010.02.12 08:09:01.979,1.5347,1.535,1.00,1.00
2010.02.12 08:09:03.969,1.5348,1.535,1.00,1.00
2010.02.12 08:09:04.800,1.5347,1.535,1.00,1.00
2010.02.12 08:09:10.388,1.5348,1.535,1.00,1.00
2010.02.12 08:09:12.045,1.5348,1.53505,1.20,1.00
2010.02.12 08:09:12.376,1.5348,1.5351,1.00,1.00
2010.02.12 08:09:12.750,1.5348,1.5351,3.80,1.00
2010.02.12 08:09:13.050,1.5349,1.53515,1.20,1.00
2010.02.12 08:09:13.650,1.5349,1.53515,1.30,1.00
2010.02.12 08:09:14.934,1.53495,1.53515,1.00,1.00
2010.02.12 08:09:15.196,1.53495,1.5352,1.00,2.30
2010.02.12 08:09:15.763,1.53495,1.5352,1.00,1.00
2010.02.12 08:09:16.007,1.53495,1.5352,1.00,1.00
2010.02.12 08:09:16.353,1.5349,1.5352,1.00,2.20
2010.02.12 08:09:17.669,1.5349,1.5352,1.00,1.00
2010.02.12 08:09:18.014,1.5349,1.5352,1.00,2.40
2010.02.12 08:09:18.588,1.53475,1.5351,1.20,3.80
2010.02.12 08:09:18.828,1.53475,1.53505,1.00,2.30
2010.02.12 08:09:20.043,1.53475,1.53505,1.00,3.90
2010.02.12 08:09:20.421,1.5347,1.53495,1.00,1.00
2010.02.12 08:09:23.512,1.53475,1.535,1.00,1.00
2010.02.12 08:09:23.838,1.53475,1.53505,1.00,2.30
2010.02.12 08:09:25.855,1.53485,1.53505,1.00,1.00
2010.02.12 08:09:26.374,1.53485,1.5351,1.00,2.40
2010.02.12 08:09:29.269,1.53485,1.53505,1.00,1.00
2010.02.12 08:09:30.271,1.53475,1.53505,1.00,1.00
2010.02.12 08:09:31.065,1.5347,1.53495,1.00,1.00
2010.02.12 08:09:31.761,1.53475,1.535,1.00,2.30
2010.02.12 08:09:32.114,1.53475,1.535,1.00,1.00
2010.02.12 08:09:32.463,1.5348,1.5351,1.20,2.30
2010.02.12 08:09:32.810,1.5347,1.53505,4.50,1.00
2010.02.12 08:09:33.192,1.53475,1.53505,1.00,1.00
2010.02.12 08:09:33.960,1.5348,1.5351,1.00,2.30
2010.02.12 08:09:34.661,1.5349,1.5351,1.00,1.00
2010.02.12 08:09:37.857,1.5349,1.53515,1.00,1.00
2010.02.12 08:09:38.385,1.5348,1.53515,3.70,1.00
2010.02.12 08:09:38.745,1.53475,1.53505,2.40,1.20
2010.02.12 08:09:39.097,1.53475,1.53505,1.00,1.20
2010.02.12 08:09:39.917,1.53475,1.53505,1.00,1.40
2010.02.12 08:09:40.135,1.53475,1.535,1.00,1.00
2010.02.12 08:09:41.096,1.53475,1.53495,1.00,1.00
2010.02.12 08:09:42.086,1.53475,1.53495,2.40,1.00
2010.02.12 08:09:42.777,1.5348,1.53515,3.70,6.80
2010.02.12 08:09:43.136,1.53485,1.53515,1.00,6.70
2010.02.12 08:09:43.481,1.53475,1.53515,2.50,5.30
2010.02.12 08:09:43.801,1.5348,1.53515,1.20,2.40
2010.02.12 08:09:44.153,1.53475,1.5351,4.10,1.00
2010.02.12 08:09:45.135,1.5348,1.53505,1.00,1.00
2010.02.12 08:09:48.267,1.5348,1.53505,2.50,1.00
2010.02.12 08:09:50.314,1.5349,1.53515,1.00,1.30
2010.02.12 08:09:50.665,1.5348,1.53515,3.70,1.00
2010.02.12 08:09:51.013,1.5348,1.53515,1.30,1.00
2010.02.12 08:09:51.372,1.5348,1.5351,1.30,2.30
2010.02.12 08:09:52.071,1.5348,1.5351,1.00,2.40
2010.02.12 08:09:52.712,1.5347,1.53505,3.70,1.00
2010.02.12 08:09:53.063,1.5347,1.53505,2.50,2.10
2010.02.12 08:09:53.346,1.53475,1.535,1.00,1.00
2010.02.12 08:09:53.696,1.53465,1.53495,2.40,1.00
2010.02.12 08:09:53.976,1.53475,1.53505,1.00,1.20
2010.02.12 08:09:54.516,1.53475,1.53505,1.00,1.30
2010.02.12 08:09:54.873,1.53475,1.53505,1.00,1.00
2010.02.12 08:09:55.229,1.53475,1.53505,4.10,1.00
2010.02.12 08:09:56.211,1.53475,1.53505,1.00,2.80
2010.02.12 08:09:56.878,1.5347,1.53505,2.50,3.60
2010.02.12 08:09:57.172,1.5347,1.53505,1.00,5.20
2010.02.12 08:09:57.788,1.53465,1.535,1.30,1.00
2010.02.12 08:09:58.148,1.5347,1.535,1.30,1.00
2010.02.12 08:09:58.818,1.5347,1.535,1.00,1.00
2010.02.12 08:09:59.856,1.5347,1.53495,1.00,1.00
2010.02.12 08:10:00.212,1.5347,1.53495,1.00,1.00
2010.02.12 08:10:01.066,1.53465,1.5349,1.00,1.30
2010.02.12 08:10:01.599,1.5346,1.5349,1.00,1.00
2010.02.12 08:10:02.453,1.5346,1.5349,1.00,1.00
2010.02.12 08:10:03.208,1.5346,1.5349,1.00,1.00
2010.02.12 08:10:03.561,1.53465,1.5349,1.00,1.00
2010.02.12 08:10:04.110,1.5346,1.5349,1.00,1.00
2010.02.12 08:10:04.492,1.5346,1.53495,1.00,3.60
2010.02.12 08:10:05.180,1.5346,1.53495,1.00,2.30
2010.02.12 08:10:05.557,1.53455,1.53485,1.00,1.60
2010.02.12 08:10:06.198,1.53445,1.5348,1.30,1.20
2010.02.12 08:10:06.564,1.53445,1.53475,1.00,1.00
2010.02.12 08:10:07.231,1.53445,1.53475,1.00,1.00
2010.02.12 08:10:07.931,1.53445,1.53475,1.00,1.00
2010.02.12 08:10:08.903,1.53445,1.53475,1.00,1.00
2010.02.12 08:10:09.171,1.53445,1.53475,1.00,1.00
2010.02.12 08:10:11.581,1.53445,1.53475,1.00,1.00
2010.02.12 08:10:11.937,1.53445,1.53475,1.00,1.00
2010.02.12 08:10:12.353,1.53445,1.53475,1.00,2.10
2010.02.12 08:10:12.902,1.53445,1.53475,1.00,2.00
2010.02.12 08:10:13.587,1.53445,1.53475,1.00,1.00
2010.02.12 08:10:14.269,1.53445,1.53475,1.00,1.00
2010.02.12 08:10:14.560,1.53435,1.53465,2.80,1.20
2010.02.12 08:10:14.889,1.53435,1.5347,2.40,1.00
2010.02.12 08:10:15.498,1.5344,1.5347,1.00,1.00
2010.02.12 08:10:15.701,1.5344,1.5347,1.30,1.00
2010.02.12 08:10:16.058,1.53445,1.5347,1.00,1.00
2010.02.12 08:10:17.218,1.5344,1.5347,1.40,1.00
2010.02.12 08:10:17.919,1.53445,1.5347,1.30,1.00
2010.02.12 08:10:18.498,1.53435,1.53465,1.30,1.00
2010.02.12 08:10:18.805,1.5343,1.53465,1.20,1.00
2010.02.12 08:10:19.155,1.53435,1.5346,1.00,1.00
2010.02.12 08:10:19.861,1.53445,1.53465,1.00,2.30
2010.02.12 08:10:20.214,1.53445,1.5347,1.00,2.40
2010.02.12 08:10:20.818,1.53445,1.5347,1.00,1.00
2010.02.12 08:10:21.182,1.53435,1.5346,1.00,1.30
2010.02.12 08:10:21.537,1.5343,1.5346,2.40,1.30
2010.02.12 08:10:22.239,1.5343,1.53455,2.40,1.00
2010.02.12 08:10:22.606,1.5343,1.5346,2.50,1.20
2010.02.12 08:10:22.975,1.5344,1.53465,1.00,1.00
2010.02.12 08:10:23.326,1.5344,1.5347,1.30,1.00
2010.02.12 08:10:23.966,1.53445,1.5347,1.00,1.00
2010.02.12 08:10:25.243,1.5344,1.5347,1.40,1.00
2010.02.12 08:10:25.730,1.5344,1.5347,2.20,1.00
2010.02.12 08:10:25.987,1.53445,1.53475,1.00,2.30
2010.02.12 08:10:26.364,1.53445,1.5348,1.30,3.90
2010.02.12 08:10:26.748,1.53445,1.5348,1.00,2.40
2010.02.12 08:10:27.406,1.5344,1.53465,1.00,1.20
2010.02.12 08:10:27.782,1.53445,1.5348,3.70,3.60
2010.02.12 08:10:28.391,1.53435,1.5347,2.40,1.60
2010.02.12 08:10:28.755,1.53435,1.5346,1.00,2.30
2010.02.12 08:10:29.143,1.53435,1.53455,1.00,2.30
2010.02.12 08:10:29.509,1.53425,1.53455,1.00,2.30
2010.02.12 08:10:29.874,1.5343,1.53465,1.00,3.50
2010.02.12 08:10:30.236,1.5343,1.53455,1.00,1.00
2010.02.12 08:10:30.614,1.5343,1.5347,2.50,2.90
2010.02.12 08:10:30.979,1.53435,1.53465,1.00,1.00
2010.02.12 08:10:31.382,1.53435,1.5347,2.40,2.80
2010.02.12 08:10:31.739,1.53435,1.5347,2.40,1.00
2010.02.12 08:10:32.089,1.53435,1.5347,2.40,2.40
2010.02.12 08:10:32.457,1.53435,1.5347,2.50,2.30
2010.02.12 08:10:32.824,1.5344,1.5347,2.40,1.00
2010.02.12 08:10:33.177,1.53445,1.53475,2.40,1.00
2010.02.12 08:10:34.223,1.53445,1.5347,1.60,1.00
2010.02.12 08:10:34.582,1.5344,1.5347,2.40,1.30
2010.02.12 08:10:35.245,1.53445,1.5347,1.00,1.30
2010.02.12 08:10:35.462,1.53445,1.53475,1.00,1.00
2010.02.12 08:10:35.669,1.5344,1.53475,1.00,1.00
2010.02.12 08:10:36.125,1.53445,1.53475,2.10,1.00
2010.02.12 08:10:36.787,1.53445,1.53475,1.00,1.20
2010.02.12 08:10:37.134,1.5345,1.5348,1.20,1.50
2010.02.12 08:10:37.488,1.5345,1.53485,3.70,4.70
2010.02.12 08:10:38.207,1.5345,1.5348,3.70,1.00
2010.02.12 08:10:38.892,1.53445,1.5348,3.70,1.60
2010.02.12 08:10:39.262,1.5345,1.53475,1.00,1.60
2010.02.12 08:10:39.913,1.53445,1.53475,1.40,3.90
2010.02.12 08:10:40.845,1.53445,1.53475,1.40,2.30
2010.02.12 08:10:41.424,1.53445,1.53475,1.40,3.90
2010.02.12 08:10:41.794,1.53445,1.53475,1.40,2.30
2010.02.12 08:10:42.215,1.53445,1.53475,1.40,3.90
2010.02.12 08:10:43.133,1.5344,1.53475,1.00,5.30
2010.02.12 08:10:43.315,1.5344,1.5347,1.00,2.30
2010.02.12 08:10:43.948,1.5344,1.5347,1.00,3.10
2010.02.12 08:10:44.816,1.53445,1.5347,1.30,2.30
2010.02.12 08:10:45.169,1.5344,1.5347,1.00,2.30
2010.02.12 08:10:45.770,1.53445,1.5347,1.00,1.60
2010.02.12 08:10:46.154,1.5345,1.53475,1.20,3.90
2010.02.12 08:10:46.510,1.53445,1.53475,1.30,3.90
2010.02.12 08:10:47.101,1.5345,1.53475,1.00,3.90
2010.02.12 08:10:52.486,1.5345,1.53475,1.00,2.30
2010.02.12 08:10:53.325,1.5345,1.53475,1.00,3.90
2010.02.12 08:10:57.310,1.5345,1.5348,1.00,3.90
2010.02.12 08:11:01.252,1.5345,1.53475,1.00,3.90
2010.02.12 08:11:10.733,1.53445,1.5347,1.20,2.30
2010.02.12 08:11:11.432,1.5344,1.5347,1.00,1.00
2010.02.12 08:11:11.790,1.5344,1.53475,1.00,3.20
2010.02.12 08:11:12.418,1.53435,1.53475,3.70,2.40
2010.02.12 08:11:12.771,1.53435,1.5347,3.70,1.00
2010.02.12 08:11:13.421,1.5344,1.53465,3.70,1.00
2010.02.12 08:11:13.782,1.5344,1.5347,2.40,1.00
2010.02.12 08:11:14.409,1.53445,1.53475,1.00,1.00
2010.02.12 08:11:15.107,1.53445,1.5348,1.00,3.00
2010.02.12 08:11:15.458,1.53445,1.5347,1.00,1.00
2010.02.12 08:11:15.812,1.53445,1.5347,1.00,1.60
2010.02.12 08:11:16.173,1.53445,1.53475,1.00,1.00
2010.02.12 08:11:16.531,1.53445,1.53475,1.00,1.00
2010.02.12 08:11:17.460,1.5345,1.5348,1.00,1.40
2010.02.12 08:11:17.809,1.53455,1.53485,1.00,1.00
2010.02.12 08:11:18.699,1.5347,1.53495,2.50,1.00
2010.02.12 08:11:19.528,1.5347,1.535,2.50,1.40
2010.02.12 08:11:19.886,1.53475,1.53505,2.50,1.00
2010.02.12 08:11:20.835,1.53475,1.53505,2.40,1.00
2010.02.12 08:11:21.526,1.53475,1.535,2.50,1.40
2010.02.12 08:11:22.266,1.53475,1.5351,2.50,3.80
2010.02.12 08:11:22.896,1.5348,1.5351,1.00,3.80
2010.02.12 08:11:24.084,1.53475,1.5351,2.50,3.90
2010.02.12 08:11:24.606,1.53475,1.5351,1.00,3.90
2010.02.12 08:11:24.788,1.53475,1.5351,1.00,3.90
2010.02.12 08:11:25.113,1.53475,1.53505,1.00,2.30
2010.02.12 08:11:25.497,1.53465,1.535,1.00,1.60
2010.02.12 08:11:26.121,1.53465,1.535,1.00,5.50
2010.02.12 08:11:27.552,1.53465,1.53495,1.00,1.60
2010.02.12 08:11:28.531,1.53465,1.5349,1.00,1.00
2010.02.12 08:11:28.872,1.53445,1.53475,2.00,1.40
2010.02.12 08:11:29.165,1.53445,1.53475,1.00,1.40
2010.02.12 08:11:30.096,1.53445,1.5347,1.00,1.00
2010.02.12 08:11:30.443,1.53455,1.53485,1.00,1.00
2010.02.12 08:11:30.793,1.53455,1.53485,2.40,1.00
2010.02.12 08:11:31.143,1.53465,1.5349,1.00,1.40
2010.02.12 08:11:31.517,1.53465,1.535,1.00,3.10
2010.02.12 08:11:31.855,1.53465,1.5349,2.40,1.00
2010.02.12 08:11:32.287,1.5347,1.5349,1.00,1.00
2010.02.12 08:11:32.628,1.5347,1.535,1.00,1.00
2010.02.12 08:11:33.338,1.5347,1.535,1.00,1.60
2010.02.12 08:11:33.704,1.5346,1.53495,2.40,1.00
2010.02.12 08:11:34.970,1.53465,1.53495,1.00,1.00
2010.02.12 08:11:35.889,1.53465,1.53495,1.00,1.00
2010.02.12 08:11:36.874,1.53465,1.53495,1.00,1.00
2010.02.12 08:11:37.199,1.5346,1.53495,3.80,1.00
2010.02.12 08:11:37.470,1.5346,1.53495,2.50,2.10
2010.02.12 08:11:37.832,1.5346,1.53495,2.50,2.90
2010.02.12 08:11:38.116,1.5346,1.5349,2.40,1.00
2010.02.12 08:11:39.053,1.5346,1.5349,1.00,1.00
2010.02.12 08:11:39.399,1.5346,1.53495,2.10,2.40
2010.02.12 08:11:39.728,1.5346,1.53495,3.70,1.00
2010.02.12 08:11:40.056,1.53465,1.53495,1.00,1.00
2010.02.12 08:11:40.857,1.5346,1.53495,3.80,1.00
2010.02.12 08:11:41.205,1.5346,1.53495,3.80,2.50
2010.02.12 08:11:41.537,1.5346,1.53495,3.80,1.00
2010.02.12 08:11:41.870,1.5346,1.5349,2.40,1.00
2010.02.12 08:11:42.336,1.53455,1.5349,4.10,1.00
2010.02.12 08:11:42.627,1.53455,1.5349,2.50,2.40
2010.02.12 08:11:42.911,1.53445,1.53485,3.70,4.50
2010.02.12 08:11:43.506,1.53445,1.5348,2.10,3.90
2010.02.12 08:11:43.851,1.53445,1.53475,2.20,1.70
2010.02.12 08:11:44.191,1.5345,1.53475,1.00,1.60
2010.02.12 08:11:44.885,1.53445,1.53475,2.20,1.60
2010.02.12 08:11:46.630,1.53445,1.53475,1.40,3.90
2010.02.12 08:11:47.188,1.53445,1.53475,1.20,4.00
2010.02.12 08:11:47.703,1.5344,1.53475,1.00,4.00
2010.02.12 08:11:48.768,1.53435,1.53465,1.30,1.00
2010.02.12 08:11:49.097,1.5343,1.53465,1.00,1.00
2010.02.12 08:11:49.420,1.53435,1.53465,1.00,2.30
2010.02.12 08:11:49.753,1.53435,1.53465,1.60,1.00
2010.02.12 08:11:50.108,1.5343,1.53465,2.50,1.00
2010.02.12 08:11:50.458,1.5343,1.5346,1.00,2.30
2010.02.12 08:11:50.855,1.5343,1.53465,1.00,1.00
2010.02.12 08:11:51.225,1.53425,1.53455,1.00,2.30
2010.02.12 08:11:51.657,1.53435,1.5346,1.00,1.00
2010.02.12 08:11:52.026,1.5343,1.5347,2.10,3.60
2010.02.12 08:11:52.541,1.5343,1.5346,2.10,1.00
2010.02.12 08:11:52.905,1.53435,1.5346,1.00,1.00
2010.02.12 08:11:53.538,1.53435,1.53455,1.00,1.60
2010.02.12 08:11:53.889,1.5343,1.53455,2.10,1.00
2010.02.12 08:11:54.480,1.5342,1.53455,1.00,3.70
2010.02.12 08:11:54.872,1.5342,1.5345,1.00,1.00
2010.02.12 08:11:56.158,1.5342,1.5345,1.00,1.00
2010.02.12 08:11:56.846,1.5342,1.53445,1.00,1.60
2010.02.12 08:11:57.248,1.53415,1.53445,1.00,1.60
2010.02.12 08:11:58.237,1.5341,1.53445,2.10,3.90
2010.02.12 08:11:58.585,1.5341,1.5344,1.30,1.00
2010.02.12 08:11:59.233,1.5342,1.53445,1.00,3.90
2010.02.12 08:11:59.600,1.5341,1.53435,1.30,1.00
2010.02.12 08:12:00.230,1.5341,1.53435,1.20,1.00
2010.02.12 08:12:00.583,1.53405,1.53435,1.00,1.00
2010.02.12 08:12:01.260,1.53415,1.53435,1.00,1.00
2010.02.12 08:12:02.813,1.53415,1.53445,1.00,2.30
2010.02.12 08:12:04.475,1.5342,1.53445,1.00,2.30
2010.02.12 08:12:04.974,1.5343,1.5345,1.00,1.00
2010.02.12 08:12:05.304,1.5342,1.5345,2.50,1.00
2010.02.12 08:12:07.780,1.5342,1.5345,1.00,1.00
2010.02.12 08:12:08.280,1.5342,1.5345,1.00,2.40
2010.02.12 08:12:08.656,1.53425,1.5346,4.10,3.80
2010.02.12 08:12:09.276,1.5343,1.5346,1.00,1.40
2010.02.12 08:12:09.628,1.5343,1.53465,2.50,1.00
2010.02.12 08:12:09.974,1.53435,1.53465,1.00,1.00
2010.02.12 08:12:11.316,1.53435,1.5346,1.00,2.20
2010.02.12 08:12:11.977,1.53425,1.53455,2.50,1.00
2010.02.12 08:12:12.350,1.53425,1.5346,2.50,2.30
2010.02.12 08:12:14.629,1.5342,1.5345,1.00,1.40
2010.02.12 08:12:14.973,1.5342,1.5345,1.00,1.50
2010.02.12 08:12:15.934,1.5342,1.53445,1.00,1.00
2010.02.12 08:12:16.620,1.5342,1.53445,1.00,1.00
2010.02.12 08:12:16.985,1.534,1.5343,1.00,1.00
2010.02.12 08:12:17.331,1.534,1.53425,1.00,1.00
2010.02.12 08:12:17.683,1.5339,1.53425,2.50,2.20
2010.02.12 08:12:19.082,1.5339,1.53415,1.00,1.00
2010.02.12 08:12:19.659,1.53395,1.53425,1.60,2.30
2010.02.12 08:12:20.908,1.53405,1.5342,1.00,1.60
2010.02.12 08:12:21.269,1.53405,1.5342,1.00,2.30
2010.02.12 08:12:22.291,1.534,1.5342,1.00,2.30
2010.02.12 08:12:24.706,1.5339,1.53415,1.00,1.00
2010.02.12 08:12:25.069,1.5339,1.53415,1.00,2.40
2010.02.12 08:12:25.425,1.5339,1.5342,1.00,3.80
2010.02.12 08:12:25.787,1.534,1.53425,1.00,2.30
2010.02.12 08:12:26.155,1.534,1.5343,1.00,1.50
2010.02.12 08:12:26.762,1.53395,1.53435,2.50,4.60
2010.02.12 08:12:27.122,1.53405,1.53435,1.00,1.50
2010.02.12 08:12:27.637,1.534,1.53435,1.00,3.80
2010.02.12 08:12:27.994,1.534,1.5343,1.00,1.00
2010.02.12 08:12:29.211,1.53405,1.53435,1.00,3.80
2010.02.12 08:12:33.847,1.53405,1.53435,1.00,1.60
2010.02.12 08:12:34.125,1.53405,1.5344,1.00,2.20
2010.02.12 08:12:34.476,1.53405,1.5344,2.50,2.20
2010.02.12 08:12:34.832,1.5341,1.5344,1.00,2.20
2010.02.12 08:12:35.187,1.53405,1.5344,2.50,3.80
2010.02.12 08:12:35.539,1.534,1.53435,2.40,2.20
2010.02.12 08:12:36.928,1.534,1.53435,2.40,2.30
2010.02.12 08:12:37.280,1.53405,1.5344,1.00,4.60
2010.02.12 08:12:37.473,1.53405,1.5344,1.00,3.80
2010.02.12 08:12:38.882,1.53405,1.5344,1.00,3.80
2010.02.12 08:12:40.165,1.53405,1.5344,1.00,3.80
2010.02.12 08:12:42.033,1.5341,1.53435,1.00,1.40
2010.02.12 08:12:42.393,1.53415,1.5344,1.00,3.00
2010.02.12 08:12:42.897,1.5341,1.5344,1.00,2.40
2010.02.12 08:12:43.292,1.534,1.53425,2.40,1.40
2010.02.12 08:12:43.647,1.53395,1.53435,2.50,3.80
2010.02.12 08:12:44.348,1.534,1.53435,2.40,3.80
2010.02.12 08:12:45.606,1.5341,1.53435,1.00,1.40
2010.02.12 08:12:45.954,1.5341,1.5344,1.00,1.50
2010.02.12 08:12:46.353,1.53405,1.53435,2.40,1.00
2010.02.12 08:12:46.709,1.5341,1.5344,1.00,2.30
2010.02.12 08:12:47.059,1.534,1.5343,2.50,1.40
2010.02.12 08:12:47.414,1.53405,1.5343,1.00,1.40
2010.02.12 08:12:47.773,1.53405,1.5344,1.00,3.80
2010.02.12 08:12:48.470,1.53405,1.5344,2.50,3.80
2010.02.12 08:12:49.063,1.5341,1.5344,1.00,1.00
2010.02.12 08:12:49.311,1.534,1.53435,7.30,2.30
2010.02.12 08:12:49.844,1.534,1.53435,1.00,1.00
2010.02.12 08:12:50.203,1.53405,1.53435,1.00,1.00
2010.02.12 08:12:50.799,1.53405,1.53435,1.00,1.00
2010.02.12 08:12:51.162,1.5341,1.53435,1.00,1.00
2010.02.12 08:12:51.523,1.534,1.5343,1.00,1.50
2010.02.12 08:12:51.873,1.53395,1.5343,2.50,1.50
2010.02.12 08:12:52.232,1.53395,1.53425,1.00,1.00
2010.02.12 08:12:53.304,1.53395,1.5343,2.50,2.30
2010.02.12 08:12:53.662,1.534,1.5343,2.40,2.30
2010.02.12 08:12:54.019,1.534,1.5343,1.00,2.30
2010.02.12 08:12:55.168,1.53395,1.5343,3.70,2.30
2010.02.12 08:12:55.831,1.534,1.5343,1.60,2.30
2010.02.12 08:12:56.021,1.534,1.5343,1.00,2.30
2010.02.12 08:12:58.021,1.53395,1.5343,3.70,2.40
2010.02.12 08:12:58.532,1.53395,1.5343,2.40,3.70
2010.02.12 08:12:58.792,1.534,1.5343,1.00,3.60
2010.02.12 08:12:59.039,1.534,1.53425,1.00,1.00
2010.02.12 08:12:59.393,1.53405,1.5343,1.00,2.30
2010.02.12 08:13:00.260,1.53405,1.5343,1.00,1.60
2010.02.12 08:13:00.530,1.53405,1.53435,1.00,2.30
2010.02.12 08:13:00.792,1.534,1.53435,2.50,3.70
2010.02.12 08:13:01.762,1.534,1.5343,2.50,1.00
2010.02.12 08:13:02.107,1.534,1.53425,2.50,1.00
2010.02.12 08:13:02.920,1.534,1.53435,3.70,2.40
2010.02.12 08:13:03.554,1.53405,1.53435,1.00,2.30
2010.02.12 08:13:03.778,1.534,1.5343,1.00,1.00
2010.02.12 08:13:04.917,1.534,1.53425,1.00,1.00
2010.02.12 08:13:07.642,1.534,1.53425,1.60,1.00
2010.02.12 08:13:07.804,1.53395,1.53425,4.10,1.00
2010.02.12 08:13:08.254,1.534,1.53435,2.10,2.40
2010.02.12 08:13:08.610,1.53405,1.53435,1.00,1.00
2010.02.12 08:13:10.129,1.5341,1.5344,1.00,3.60
2010.02.12 08:13:10.339,1.53415,1.53445,2.80,1.00
2010.02.12 08:13:10.690,1.53415,1.53445,2.80,1.50
2010.02.12 08:13:10.911,1.53405,1.5344,2.80,2.00
2010.02.12 08:13:11.717,1.53405,1.5344,3.70,1.00
2010.02.12 08:13:12.067,1.53405,1.5344,3.70,1.00
2010.02.12 08:13:12.857,1.5341,1.5344,1.00,1.00
2010.02.12 08:13:13.377,1.5341,1.5344,1.30,1.00
2010.02.12 08:13:13.776,1.5341,1.5344,1.20,1.00
2010.02.12 08:13:14.035,1.5342,1.53445,1.00,2.30
2010.02.12 08:13:14.923,1.5342,1.53445,1.00,1.00
2010.02.12 08:13:15.285,1.53415,1.53445,1.00,2.30
2010.02.12 08:13:16.252,1.53415,1.53445,1.00,2.40
2010.02.12 08:13:16.624,1.53415,1.53445,1.30,2.40
2010.02.12 08:13:16.982,1.53425,1.53445,1.00,2.30
2010.02.12 08:13:17.962,1.53415,1.53445,1.30,2.30
2010.02.12 08:13:18.543,1.53425,1.53445,1.00,2.30
2010.02.12 08:13:19.414,1.53415,1.53445,1.30,2.30
2010.02.12 08:13:20.110,1.53415,1.5344,1.00,1.00
2010.02.12 08:13:21.391,1.53415,1.53445,1.00,2.30
2010.02.12 08:13:21.738,1.53415,1.5345,1.00,2.40
2010.02.12 08:13:22.761,1.53415,1.5345,1.30,2.40
2010.02.12 08:13:23.093,1.5342,1.5346,1.00,5.20
2010.02.12 08:13:23.700,1.5342,1.53455,1.00,1.00
2010.02.12 08:13:23.957,1.53425,1.5346,1.00,5.30
2010.02.12 08:13:25.076,1.53425,1.5345,1.00,1.00
2010.02.12 08:13:26.862,1.5342,1.5345,2.50,1.00
2010.02.12 08:13:29.263,1.5342,1.53455,2.50,3.70
2010.02.12 08:13:29.352,1.5342,1.53455,3.70,2.40
2010.02.12 08:13:29.623,1.5342,1.53455,3.70,1.00
2010.02.12 08:13:30.995,1.5343,1.53455,1.00,1.00
2010.02.12 08:13:34.228,1.5343,1.5346,1.00,2.30
2010.02.12 08:13:36.334,1.5343,1.5346,1.00,1.60
2010.02.12 08:13:36.686,1.5344,1.53465,1.00,1.00
2010.02.12 08:13:37.343,1.53435,1.53465,1.60,2.10
2010.02.12 08:13:37.705,1.5343,1.5346,2.50,1.00
2010.02.12 08:13:38.673,1.5343,1.53465,3.70,1.00
2010.02.12 08:13:41.858,1.5344,1.53465,1.00,1.00
2010.02.12 08:13:42.494,1.5343,1.53465,3.70,1.00
2010.02.12 08:13:46.395,1.5343,1.53465,5.30,1.00
2010.02.12 08:13:47.046,1.5344,1.53465,1.00,1.00
2010.02.12 08:13:48.039,1.5343,1.53465,3.70,1.00
2010.02.12 08:13:49.994,1.5343,1.53465,5.30,1.00
2010.02.12 08:13:50.450,1.5344,1.53465,1.00,1.00
2010.02.12 08:13:50.722,1.53435,1.53465,1.20,1.00
2010.02.12 08:13:50.994,1.5343,1.5346,1.30,1.00
2010.02.12 08:13:51.346,1.5343,1.53465,1.20,2.50
2010.02.12 08:13:51.623,1.53425,1.5345,2.40,1.00
2010.02.12 08:13:52.595,1.53425,1.5346,2.40,3.70
2010.02.12 08:13:52.965,1.53435,1.5346,1.00,1.60
2010.02.12 08:13:53.366,1.53435,1.5347,1.00,1.00
2010.02.12 08:13:53.741,1.5344,1.5347,1.00,1.00
2010.02.12 08:13:56.883,1.5344,1.5347,1.00,1.00
2010.02.12 08:13:57.530,1.5344,1.5347,2.50,1.00
2010.02.12 08:13:59.935,1.5344,1.53475,1.00,3.80
2010.02.12 08:14:00.896,1.53435,1.5346,2.10,1.00
2010.02.12 08:14:01.144,1.53435,1.5346,1.00,1.00
2010.02.12 08:14:01.705,1.53435,1.5346,1.00,1.00
2010.02.12 08:14:01.981,1.53435,1.5346,1.00,1.00
2010.02.12 08:14:06.145,1.53435,1.53465,1.00,1.20
2010.02.12 08:14:06.372,1.53435,1.5347,1.00,2.40
2010.02.12 08:14:08.193,1.53435,1.5346,1.00,1.00
2010.02.12 08:14:08.929,1.53435,1.5347,1.00,2.40
2010.02.12 08:14:13.598,1.53435,1.5347,1.00,3.80
2010.02.12 08:14:15.690,1.53435,1.5347,2.40,1.50
2010.02.12 08:14:17.896,1.5343,1.53465,2.50,1.00
2010.02.12 08:14:19.918,1.5343,1.53465,2.50,1.00
2010.02.12 08:14:20.512,1.53435,1.53465,1.60,1.00
2010.02.12 08:14:20.800,1.53435,1.53465,2.40,1.00
2010.02.12 08:14:25.512,1.5344,1.5347,2.50,1.00
2010.02.12 08:14:25.859,1.5344,1.5347,1.00,1.00
2010.02.12 08:14:28.628,1.5343,1.5346,2.50,1.00
2010.02.12 08:14:29.097,1.5344,1.53465,1.00,1.40
2010.02.12 08:14:29.285,1.5344,1.5347,1.00,1.50
2010.02.12 08:14:29.797,1.5344,1.5346,1.00,1.00
2010.02.12 08:14:30.174,1.5343,1.5346,2.50,1.00
2010.02.12 08:14:31.926,1.5343,1.53465,2.50,1.60
2010.02.12 08:14:32.549,1.53435,1.53465,1.20,1.00
2010.02.12 08:14:32.625,1.53435,1.53465,3.70,1.00
2010.02.12 08:14:32.975,1.5344,1.53465,1.00,1.00
2010.02.12 08:14:33.664,1.5344,1.53465,1.00,1.00
2010.02.12 08:14:34.348,1.53445,1.5347,1.00,1.00
2010.02.12 08:14:34.715,1.53435,1.53465,2.40,1.00
2010.02.12 08:14:35.114,1.5343,1.53465,2.10,1.00
2010.02.12 08:14:35.814,1.5343,1.53465,2.10,1.00
2010.02.12 08:14:36.165,1.53435,1.53465,1.00,1.00
2010.02.12 08:14:36.516,1.53435,1.53465,1.00,1.00
2010.02.12 08:14:36.834,1.53435,1.53465,2.50,1.00
2010.02.12 08:14:37.165,1.5345,1.53475,1.00,2.30
2010.02.12 08:14:37.803,1.5345,1.53465,1.00,2.30
2010.02.12 08:14:38.115,1.5343,1.53465,1.00,2.40
2010.02.12 08:14:40.254,1.5343,1.5347,1.00,5.30
2010.02.12 08:14:40.621,1.53425,1.5346,3.70,2.40
2010.02.12 08:14:41.258,1.53425,1.53455,1.30,1.00
2010.02.12 08:14:41.634,1.5344,1.5346,1.00,1.60
2010.02.12 08:14:42.288,1.5344,1.5347,1.60,2.40
2010.02.12 08:14:42.648,1.53445,1.5347,1.00,1.00
2010.02.12 08:14:43.296,1.53445,1.53475,1.30,1.00
2010.02.12 08:14:43.652,1.53445,1.53475,1.00,1.00
2010.02.12 08:14:44.414,1.53445,1.53475,1.00,1.00
2010.02.12 08:14:44.762,1.53445,1.53475,1.00,1.00
2010.02.12 08:14:45.113,1.5344,1.53475,3.70,1.00
2010.02.12 08:14:45.700,1.5344,1.53465,1.00,1.00
2010.02.12 08:14:45.961,1.53435,1.53465,2.50,1.00
2010.02.12 08:14:55.873,1.53435,1.53465,1.00,1.00
2010.02.12 08:14:56.600,1.53425,1.53455,1.00,1.00
2010.02.12 08:14:57.255,1.53425,1.53455,1.00,2.30
2010.02.12 08:14:57.613,1.5343,1.5346,1.60,1.00
2010.02.12 08:14:58.239,1.53425,1.5346,5.30,1.00
2010.02.12 08:14:58.597,1.53425,1.53455,1.60,2.10
2010.02.12 08:14:58.959,1.5342,1.53455,2.20,2.50
2010.02.12 08:14:59.507,1.5342,1.5345,1.20,1.00
2010.02.12 08:14:59.782,1.53415,1.5345,4.10,1.00
2010.02.12 08:15:00.047,1.53415,1.5345,2.50,1.00
2010.02.12 08:15:00.406,1.53415,1.5345,4.10,1.00
2010.02.12 08:15:01.162,1.5342,1.53445,1.00,1.00
2010.02.12 08:15:01.862,1.53415,1.53445,1.60,1.00
2010.02.12 08:15:02.482,1.5341,1.53445,2.50,1.00
2010.02.12 08:15:03.169,1.5341,1.53435,2.50,1.00
2010.02.12 08:15:03.707,1.53415,1.53445,1.00,1.00
2010.02.12 08:15:04.078,1.53415,1.53445,1.30,1.00
2010.02.12 08:15:04.654,1.53415,1.5345,5.30,1.00
2010.02.12 08:15:05.019,1.53415,1.5345,1.00,2.40
2010.02.12 08:15:05.402,1.5342,1.5345,1.30,2.30
2010.02.12 08:15:07.025,1.53425,1.5345,1.00,2.30
2010.02.12 08:15:08.148,1.5342,1.5345,1.40,2.30
2010.02.12 08:15:09.469,1.5342,1.5345,1.40,1.00
2010.02.12 08:15:10.797,1.5342,1.5345,1.40,2.30
2010.02.12 08:15:11.526,1.5342,1.53435,1.20,1.00
2010.02.12 08:15:12.174,1.5342,1.53435,2.10,1.00
2010.02.12 08:15:12.551,1.5342,1.53435,1.00,1.00
2010.02.12 08:15:12.865,1.5343,1.53445,1.60,1.00
2010.02.12 08:15:13.511,1.5341,1.53435,3.70,1.00
2010.02.12 08:15:14.235,1.5341,1.5343,3.70,1.00
2010.02.12 08:15:15.603,1.53415,1.53435,5.30,1.00
2010.02.12 08:15:15.956,1.5341,1.5343,1.00,1.00
2010.02.12 08:15:16.578,1.53405,1.5343,2.10,1.00
2010.02.12 08:15:16.662,1.53405,1.5342,2.10,1.00
2010.02.12 08:15:17.021,1.53405,1.53415,2.40,1.00
2010.02.12 08:15:17.649,1.534,1.53425,2.40,1.00
2010.02.12 08:15:18.017,1.534,1.53415,2.40,1.00
2010.02.12 08:15:19.017,1.534,1.53415,2.40,1.00
2010.02.12 08:15:20.958,1.534,1.53415,1.60,1.00
2010.02.12 08:15:21.507,1.5339,1.53405,2.40,1.00
2010.02.12 08:15:21.862,1.53395,1.53405,1.00,1.00
2010.02.12 08:15:22.502,1.53395,1.53405,2.40,1.00
2010.02.12 08:15:23.858,1.53395,1.53415,2.40,1.00
2010.02.12 08:15:28.317,1.53385,1.53405,1.00,1.00
2010.02.12 08:15:29.018,1.5338,1.53405,2.40,1.00
2010.02.12 08:15:29.265,1.53385,1.53405,1.20,1.00
2010.02.12 08:15:32.088,1.53385,1.5341,1.20,1.00
2010.02.12 08:15:32.702,1.53385,1.5341,3.70,1.00
2010.02.12 08:15:33.065,1.5339,1.5341,1.20,1.00
2010.02.12 08:15:34.685,1.53395,1.5342,1.00,1.00
2010.02.12 08:15:35.006,1.5339,1.53415,3.70,1.00
2010.02.12 08:15:35.707,1.53395,1.53415,1.20,1.00
2010.02.12 08:15:37.393,1.53395,1.5342,1.20,1.00
2010.02.12 08:15:38.799,1.534,1.5342,1.20,1.00
2010.02.12 08:15:40.137,1.53395,1.5342,1.20,1.00
2010.02.12 08:15:44.174,1.53395,1.5341,1.20,1.00
2010.02.12 08:15:44.311,1.5339,1.5341,1.20,1.00
2010.02.12 08:15:46.229,1.5339,1.53405,1.20,1.00
2010.02.12 08:15:46.903,1.53385,1.53405,2.40,1.00
2010.02.12 08:15:47.276,1.53385,1.53395,1.00,1.00
2010.02.12 08:15:47.913,1.5339,1.5341,1.20,1.00
2010.02.12 08:15:48.838,1.5339,1.5341,1.20,1.00
2010.02.12 08:15:49.270,1.5339,1.5341,1.20,1.00
2010.02.12 08:15:49.567,1.53385,1.5341,1.20,1.00
2010.02.12 08:15:50.476,1.53385,1.53405,2.10,1.00
2010.02.12 08:15:51.502,1.53395,1.5342,1.20,1.00
2010.02.12 08:15:52.117,1.534,1.5342,1.20,1.00
2010.02.12 08:15:52.494,1.53395,1.5342,2.10,1.00
2010.02.12 08:15:53.079,1.53395,1.5342,2.80,1.00
2010.02.12 08:15:53.457,1.5341,1.53435,1.00,1.00
2010.02.12 08:15:54.082,1.53405,1.5343,1.20,1.00
2010.02.12 08:15:54.755,1.53395,1.5343,1.20,3.70
2010.02.12 08:15:55.112,1.53395,1.53415,1.00,1.00
2010.02.12 08:15:55.805,1.5339,1.53415,3.70,1.00
2010.02.12 08:15:56.157,1.5339,1.5341,3.70,1.00
2010.02.12 08:15:56.905,1.5339,1.5341,3.70,1.00
2010.02.12 08:15:58.710,1.5338,1.5341,2.10,1.00
2010.02.12 08:15:59.029,1.53375,1.53395,2.40,1.00
2010.02.12 08:15:59.495,1.53385,1.534,1.60,1.00
2010.02.12 08:15:59.824,1.53385,1.534,3.70,1.00
2010.02.12 08:16:00.473,1.53385,1.53405,1.20,1.00
2010.02.12 08:16:01.477,1.53385,1.5341,3.70,1.00
2010.02.12 08:16:01.837,1.5339,1.53415,1.20,1.00
2010.02.12 08:16:02.427,1.5339,1.53415,1.20,1.00
2010.02.12 08:16:04.428,1.53395,1.53415,1.20,1.00
2010.02.12 08:16:05.121,1.5338,1.53405,2.10,1.00
2010.02.12 08:16:05.476,1.5338,1.53405,1.20,1.00
2010.02.12 08:16:06.169,1.5338,1.534,1.20,1.00
2010.02.12 08:16:06.922,1.5338,1.53395,1.20,1.00
2010.02.12 08:16:07.932,1.5338,1.534,1.20,1.00
2010.02.12 08:16:15.010,1.53375,1.53395,1.20,1.00
2010.02.12 08:16:16.264,1.53365,1.53385,3.70,1.00
2010.02.12 08:16:16.641,1.5337,1.53385,2.40,1.00
2010.02.12 08:16:17.964,1.5337,1.53385,1.00,1.00
2010.02.12 08:16:18.313,1.5337,1.53395,1.00,1.00
2010.02.12 08:16:18.981,1.53355,1.53375,1.00,1.00
2010.02.12 08:16:19.327,1.53365,1.5339,1.00,1.00
2010.02.12 08:16:19.686,1.53365,1.53385,1.20,1.00
2010.02.12 08:16:20.376,1.53355,1.53375,1.00,1.00
2010.02.12 08:16:20.733,1.53355,1.5338,1.00,1.00
2010.02.12 08:16:21.351,1.53355,1.5337,1.00,1.00
2010.02.12 08:16:22.401,1.53355,1.53375,2.10,1.00
2010.02.12 08:16:22.760,1.5336,1.53375,1.00,1.00
2010.02.12 08:16:23.385,1.5336,1.53375,2.40,1.00
2010.02.12 08:16:23.951,1.53365,1.53385,1.00,1.00
2010.02.12 08:16:24.309,1.5337,1.53385,1.00,1.00
2010.02.12 08:16:24.663,1.53375,1.53385,1.00,1.00
2010.02.12 08:16:25.040,1.5337,1.53385,2.40,1.00
2010.02.12 08:16:26.669,1.5337,1.5339,2.40,1.00
2010.02.12 08:16:27.020,1.5337,1.5338,2.40,1.00
2010.02.12 08:16:29.120,1.5337,1.5339,2.40,1.00
2010.02.12 08:16:31.015,1.53375,1.53395,2.40,1.00
2010.02.12 08:16:37.142,1.5338,1.53395,1.00,1.00
2010.02.12 08:16:37.508,1.5338,1.53405,1.00,1.00
2010.02.12 08:16:37.864,1.5338,1.53405,2.40,1.00
2010.02.12 08:16:38.222,1.5338,1.534,2.40,1.00
2010.02.12 08:16:39.496,1.5338,1.53395,2.40,1.00
2010.02.12 08:16:39.800,1.53375,1.53395,2.40,1.00
2010.02.12 08:16:40.377,1.5338,1.53395,2.40,1.00
2010.02.12 08:16:40.875,1.5338,1.5339,2.40,1.00
2010.02.12 08:16:41.083,1.53375,1.5339,2.40,1.00
2010.02.12 08:16:42.499,1.53375,1.53385,2.40,1.00
2010.02.12 08:16:42.968,1.53375,1.5338,1.00,1.00
2010.02.12 08:16:43.778,1.53375,1.5338,1.00,1.00
2010.02.12 08:16:44.870,1.53375,1.5339,1.00,1.00
2010.02.12 08:16:45.323,1.53375,1.53395,1.00,1.00
2010.02.12 08:16:45.566,1.53375,1.53395,2.40,1.00
2010.02.12 08:16:46.080,1.53375,1.5339,2.40,1.00
2010.02.12 08:16:46.428,1.53375,1.53395,2.40,1.00
2010.02.12 08:16:46.811,1.53375,1.5339,2.40,1.00
2010.02.12 08:16:47.793,1.53375,1.53385,2.40,1.00
2010.02.12 08:16:49.072,1.53375,1.5338,1.60,1.00
2010.02.12 08:16:49.391,1.53375,1.5339,1.60,1.00
2010.02.12 08:16:49.899,1.5337,1.5339,2.10,1.00
2010.02.12 08:16:50.574,1.5337,1.5338,2.10,1.00
2010.02.12 08:16:50.926,1.53375,1.53395,3.70,1.00
2010.02.12 08:16:52.334,1.53375,1.534,3.70,1.00
2010.02.12 08:16:52.708,1.5338,1.534,1.20,1.00
2010.02.12 08:16:53.069,1.53385,1.53405,3.70,1.00
2010.02.12 08:16:53.657,1.53385,1.53405,2.40,1.00
2010.02.12 08:16:54.997,1.5338,1.534,3.70,1.00
2010.02.12 08:16:57.026,1.5338,1.534,2.10,1.00
2010.02.12 08:16:57.376,1.5338,1.534,1.20,1.00
2010.02.12 08:16:59.435,1.5338,1.534,1.20,1.00
2010.02.12 08:16:59.700,1.53365,1.534,3.70,1.00
2010.02.12 08:17:00.799,1.53365,1.53395,3.70,1.00
2010.02.12 08:17:00.946,1.53365,1.53395,3.70,1.00
2010.02.12 08:17:01.196,1.53365,1.534,3.70,1.00
2010.02.12 08:17:01.324,1.5337,1.534,2.80,1.00
2010.02.12 08:17:01.994,1.5337,1.534,1.00,1.20
2010.02.12 08:17:02.350,1.53365,1.5339,2.40,1.20
2010.02.12 08:17:02.702,1.5336,1.5339,1.00,1.20
2010.02.12 08:17:03.062,1.5336,1.53395,1.00,2.30
2010.02.12 08:17:04.217,1.5336,1.53395,1.00,2.40
2010.02.12 08:17:04.942,1.5336,1.53395,1.00,2.50
2010.02.12 08:17:06.518,1.53355,1.53385,3.70,1.00
2010.02.12 08:17:06.879,1.53355,1.53385,2.50,1.00
2010.02.12 08:17:07.661,1.5336,1.5339,1.00,2.30
2010.02.12 08:17:08.189,1.5336,1.53395,1.00,2.40
2010.02.12 08:17:09.097,1.53365,1.5339,1.00,1.00
2010.02.12 08:17:17.224,1.5336,1.5339,1.00,1.00
2010.02.12 08:17:17.558,1.5335,1.5339,3.70,2.40
2010.02.12 08:17:17.997,1.53355,1.5339,1.60,1.00
2010.02.12 08:17:18.355,1.53355,1.5339,2.40,1.00
2010.02.12 08:17:19.050,1.53355,1.5339,2.40,8.00
2010.02.12 08:17:19.957,1.5335,1.5338,1.00,1.00
2010.02.12 08:17:20.657,1.5335,1.5338,1.00,1.00
2010.02.12 08:17:21.506,1.5335,1.5338,1.00,1.00
2010.02.12 08:17:21.860,1.5336,1.5339,1.00,1.00
2010.02.12 08:17:22.313,1.5336,1.53385,2.50,1.20
2010.02.12 08:17:22.601,1.5336,1.5339,1.00,1.00
2010.02.12 08:17:23.518,1.5336,1.5339,2.50,1.00
2010.02.12 08:17:24.227,1.5337,1.53395,2.40,1.00
2010.02.12 08:17:24.602,1.53365,1.5339,2.40,1.00
2010.02.12 08:17:24.967,1.53355,1.5338,3.70,1.00
2010.02.12 08:17:25.595,1.53355,1.5338,2.40,1.00
2010.02.12 08:17:30.474,1.5337,1.53395,1.20,1.00
2010.02.12 08:17:30.753,1.53365,1.5339,1.00,2.30
2010.02.12 08:17:31.297,1.53365,1.53395,1.00,1.00
2010.02.12 08:17:31.656,1.5336,1.53395,2.40,1.00
2010.02.12 08:17:32.845,1.53365,1.53395,1.20,1.00
2010.02.12 08:17:33.893,1.53365,1.53395,1.00,1.00
2010.02.12 08:17:34.253,1.5336,1.53395,2.50,2.10
2010.02.12 08:17:34.603,1.5336,1.53395,2.50,3.70
2010.02.12 08:17:34.956,1.5336,1.5339,2.50,1.00
2010.02.12 08:17:35.305,1.53365,1.53395,1.00,3.60
2010.02.12 08:17:35.655,1.53365,1.53395,1.00,1.00
2010.02.12 08:17:36.008,1.53365,1.53395,1.00,2.30
2010.02.12 08:17:36.360,1.5336,1.53385,2.50,1.00
2010.02.12 08:17:37.063,1.53355,1.53385,2.60,1.00
2010.02.12 08:17:37.422,1.5335,1.53385,2.50,1.00
2010.02.12 08:17:38.468,1.53365,1.53395,1.20,2.40
2010.02.12 08:17:38.815,1.5336,1.5339,1.00,1.20
2010.02.12 08:17:39.166,1.5336,1.53395,1.00,2.40
2010.02.12 08:17:40.270,1.5336,1.53385,1.00,1.00
2010.02.12 08:17:41.057,1.5336,1.5339,1.00,1.00
2010.02.12 08:17:41.406,1.5336,1.5339,2.40,1.00
2010.02.12 08:17:42.313,1.53365,1.53395,2.40,1.00
2010.02.12 08:17:42.614,1.5336,1.5339,2.10,1.00
2010.02.12 08:17:43.286,1.5336,1.5339,2.40,1.00
2010.02.12 08:17:43.651,1.53355,1.5338,2.50,1.00
2010.02.12 08:17:45.308,1.5336,1.5339,2.40,1.00
2010.02.12 08:17:46.258,1.53365,1.5339,2.50,1.00
2010.02.12 08:17:46.544,1.53365,1.534,2.50,1.00
2010.02.12 08:17:46.905,1.53365,1.53395,2.40,1.00
2010.02.12 08:17:47.264,1.5336,1.53395,2.10,1.00
2010.02.12 08:17:47.619,1.53365,1.534,1.60,2.10
2010.02.12 08:17:47.980,1.53365,1.5339,2.50,1.00
2010.02.12 08:17:50.548,1.53365,1.5339,2.40,1.00
2010.02.12 08:17:50.908,1.5336,1.53395,1.00,3.70
2010.02.12 08:17:51.157,1.5336,1.53395,2.10,2.40
2010.02.12 08:17:52.138,1.53365,1.5339,1.00,1.00
2010.02.12 08:17:52.496,1.5337,1.53395,1.00,2.30
2010.02.12 08:17:53.152,1.5336,1.5339,1.00,1.00
2010.02.12 08:17:53.509,1.53365,1.53395,1.00,1.00
2010.02.12 08:17:53.860,1.53365,1.534,2.50,1.00
2010.02.12 08:17:54.856,1.53365,1.534,1.00,1.00
2010.02.12 08:17:55.137,1.53365,1.53395,1.00,1.00
2010.02.12 08:17:55.829,1.5337,1.53395,1.00,1.00
2010.02.12 08:17:56.181,1.5337,1.534,1.00,1.00
2010.02.12 08:17:57.267,1.5337,1.534,1.00,1.00
2010.02.12 08:17:59.585,1.5337,1.53405,4.10,2.20
2010.02.12 08:18:00.074,1.5338,1.53405,1.00,1.00
2010.02.12 08:18:00.296,1.5338,1.5341,1.00,1.20
2010.02.12 08:18:00.647,1.5338,1.53405,1.00,1.30
2010.02.12 08:18:01.165,1.53375,1.5341,1.00,2.40
2010.02.12 08:18:01.520,1.53375,1.53405,1.00,1.30
2010.02.12 08:18:02.204,1.5337,1.53405,2.40,2.10
2010.02.12 08:18:02.830,1.53375,1.53405,1.60,2.10
2010.02.12 08:18:03.045,1.5338,1.5341,1.20,1.00
2010.02.12 08:18:03.448,1.53375,1.5341,4.10,2.10
2010.02.12 08:18:04.771,1.53375,1.534,2.50,1.00
2010.02.12 08:18:05.037,1.53375,1.5341,4.00,2.10
2010.02.12 08:18:05.615,1.53375,1.534,2.40,1.00
2010.02.12 08:18:05.901,1.53375,1.53405,2.40,1.00
2010.02.12 08:18:08.711,1.53365,1.53395,3.70,1.00
2010.02.12 08:18:09.513,1.53365,1.53395,2.40,1.00
2010.02.12 08:18:10.911,1.53365,1.53385,1.00,1.00
2010.02.12 08:18:11.518,1.5336,1.53385,2.40,1.00
2010.02.12 08:18:11.871,1.5336,1.53385,1.60,1.00
2010.02.12 08:18:12.513,1.53355,1.53385,1.00,1.00
2010.02.12 08:18:13.931,1.53355,1.53375,1.00,1.00
2010.02.12 08:18:15.050,1.53345,1.53375,2.50,1.00
2010.02.12 08:18:15.603,1.53345,1.5338,2.50,1.00
2010.02.12 08:18:15.883,1.5335,1.5338,1.20,1.00
2010.02.12 08:18:16.507,1.5335,1.5338,3.70,1.00
2010.02.12 08:18:16.868,1.53355,1.5338,1.00,1.00
2010.02.12 08:18:21.573,1.53345,1.5337,2.50,1.00
2010.02.12 08:18:22.202,1.5335,1.5338,2.40,1.00
2010.02.12 08:18:24.221,1.5335,1.53385,3.70,1.00
2010.02.12 08:18:24.570,1.53355,1.5339,1.00,2.40
2010.02.12 08:18:25.987,1.53355,1.5339,1.00,2.40
2010.02.12 08:18:26.283,1.53355,1.5338,1.00,1.00
2010.02.12 08:18:26.843,1.53355,1.5338,2.40,1.00
2010.02.12 08:18:27.170,1.53355,1.5339,3.70,1.00
2010.02.12 08:18:27.499,1.5336,1.5339,2.40,1.00
2010.02.12 08:18:28.759,1.53365,1.5339,1.00,1.00
2010.02.12 08:18:29.094,1.53365,1.53385,1.00,1.00
2010.02.12 08:18:30.136,1.53365,1.534,1.30,2.40
2010.02.12 08:18:30.461,1.53365,1.53385,2.10,1.00
2010.02.12 08:18:31.187,1.53365,1.53385,1.00,1.00
2010.02.12 08:18:31.541,1.53365,1.53395,4.00,1.00
2010.02.12 08:18:31.890,1.5337,1.53405,1.20,2.40
2010.02.12 08:18:32.610,1.53365,1.534,4.10,1.00
2010.02.12 08:18:34.240,1.53365,1.5339,4.10,1.00
2010.02.12 08:18:35.360,1.5336,1.5339,1.00,1.00
2010.02.12 08:18:36.102,1.5336,1.53385,1.00,1.00
2010.02.12 08:18:36.450,1.5336,1.53395,1.00,2.00
2010.02.12 08:18:36.777,1.5336,1.53395,2.40,1.00
2010.02.12 08:18:37.390,1.53375,1.53405,1.20,2.70
2010.02.12 08:18:37.615,1.5336,1.534,2.90,4.00
2010.02.12 08:18:37.830,1.5336,1.534,2.50,4.00
2010.02.12 08:18:38.520,1.5336,1.53395,1.00,1.60
2010.02.12 08:18:38.880,1.5336,1.5339,1.00,1.00
2010.02.12 08:18:40.361,1.5337,1.53395,1.20,2.30
2010.02.12 08:18:40.980,1.5337,1.534,1.20,3.90
2010.02.12 08:18:42.018,1.5337,1.534,1.30,3.90
2010.02.12 08:18:42.721,1.53375,1.534,1.20,1.00
2010.02.12 08:18:43.347,1.53375,1.53395,1.00,1.20
2010.02.12 08:18:43.649,1.53375,1.5341,1.20,2.40
2010.02.12 08:18:44.558,1.53375,1.5341,1.30,2.30
2010.02.12 08:18:44.909,1.5338,1.5341,2.80,2.40
2010.02.12 08:18:45.525,1.53375,1.5341,1.00,5.20
2010.02.12 08:18:45.641,1.53375,1.5341,1.00,3.80
2010.02.12 08:18:45.995,1.53375,1.5341,1.30,2.30
2010.02.12 08:18:46.927,1.53385,1.53415,1.00,1.00
2010.02.12 08:18:47.559,1.53385,1.5342,1.00,3.60
2010.02.12 08:18:47.910,1.53385,1.5342,1.30,2.30
2010.02.12 08:18:48.621,1.53385,1.53415,1.00,1.00
2010.02.12 08:18:48.982,1.53385,1.5341,1.00,1.00
2010.02.12 08:18:49.600,1.5339,1.5341,1.20,1.00
2010.02.12 08:18:49.950,1.53385,1.5342,1.00,3.70
2010.02.12 08:18:50.297,1.53385,1.53415,1.00,2.30
2010.02.12 08:18:51.040,1.53375,1.5341,2.50,3.60
2010.02.12 08:18:52.091,1.5338,1.53415,1.00,3.80
2010.02.12 08:18:52.424,1.53385,1.53415,1.00,2.40
2010.02.12 08:18:53.869,1.53385,1.53415,1.00,1.00
2010.02.12 08:18:54.236,1.534,1.5342,1.00,1.00
2010.02.12 08:18:54.510,1.534,1.5343,1.20,1.00
2010.02.12 08:18:55.035,1.53395,1.53425,1.00,2.30
2010.02.12 08:18:55.652,1.53395,1.5342,1.00,2.30
2010.02.12 08:18:56.743,1.53395,1.53425,1.00,1.00
2010.02.12 08:18:57.093,1.534,1.53425,1.00,1.00
2010.02.12 08:18:57.727,1.534,1.53425,1.30,1.00
2010.02.12 08:18:58.003,1.5339,1.53425,1.00,5.40
2010.02.12 08:18:58.279,1.5339,1.53425,2.20,2.50
2010.02.12 08:18:59.884,1.53395,1.53425,1.00,2.40
2010.02.12 08:19:01.160,1.53395,1.53425,1.00,2.30
2010.02.12 08:19:01.521,1.5339,1.5342,1.20,2.40
2010.02.12 08:19:01.870,1.53385,1.5342,1.00,1.00
2010.02.12 08:19:02.476,1.5339,1.5342,1.00,1.00
2010.02.12 08:19:02.814,1.5338,1.5341,2.50,1.00
2010.02.12 08:19:04.075,1.5338,1.53405,1.00,1.00
2010.02.12 08:19:06.451,1.5337,1.53405,5.30,1.00
2010.02.12 08:19:06.963,1.53375,1.53405,1.20,2.30
2010.02.12 08:19:07.293,1.53365,1.53395,1.60,1.50
2010.02.12 08:19:07.625,1.53355,1.53395,8.90,3.90
2010.02.12 08:19:07.957,1.5336,1.53395,1.60,1.00
2010.02.12 08:19:08.547,1.5336,1.53395,3.20,1.00
2010.02.12 08:19:08.913,1.53365,1.53395,1.60,1.00
2010.02.12 08:19:09.541,1.5336,1.53395,2.50,1.00
2010.02.12 08:19:09.892,1.5336,1.53395,2.50,1.00
2010.02.12 08:19:10.240,1.5336,1.53395,2.50,1.00
2010.02.12 08:19:11.197,1.5336,1.5339,2.50,1.00
2010.02.12 08:19:11.849,1.53355,1.53385,2.10,1.00
2010.02.12 08:19:12.525,1.53355,1.5339,2.10,2.40
2010.02.12 08:19:12.832,1.5336,1.53395,1.60,3.60
2010.02.12 08:19:13.211,1.53365,1.534,2.40,2.40
2010.02.12 08:19:13.920,1.5337,1.534,2.40,1.00
2010.02.12 08:19:15.108,1.5337,1.534,2.50,1.00
2010.02.12 08:19:16.099,1.5337,1.534,2.40,1.00
2010.02.12 08:19:16.775,1.5337,1.53405,2.50,1.00
2010.02.12 08:19:17.122,1.5338,1.5341,1.00,1.00
2010.02.12 08:19:17.466,1.5338,1.5341,1.00,1.00
2010.02.12 08:19:19.700,1.53375,1.5341,2.40,2.10
2010.02.12 08:19:19.889,1.5337,1.534,1.00,1.00
2010.02.12 08:19:24.699,1.5337,1.53405,2.50,2.00
2010.02.12 08:19:25.011,1.5337,1.53405,3.70,1.00
2010.02.12 08:19:25.360,1.5337,1.534,1.00,1.00
2010.02.12 08:19:31.815,1.5337,1.53395,1.00,1.20
2010.02.12 08:19:32.378,1.53355,1.53385,3.70,1.00
2010.02.12 08:19:32.735,1.53365,1.53395,1.00,1.20
2010.02.12 08:19:33.299,1.5336,1.53385,2.40,1.00
2010.02.12 08:19:34.793,1.53355,1.53385,3.70,1.00
2010.02.12 08:19:34.899,1.53365,1.534,1.00,2.90
2010.02.12 08:19:35.721,1.5337,1.534,1.00,1.00
2010.02.12 08:19:36.008,1.5337,1.534,1.00,1.00
2010.02.12 08:19:40.530,1.53375,1.5341,1.00,2.40
2010.02.12 08:19:40.854,1.5337,1.53405,3.70,2.30
2010.02.12 08:19:41.574,1.53375,1.5341,1.00,2.40
2010.02.12 08:19:41.930,1.5338,1.5341,1.00,2.40
2010.02.12 08:19:42.591,1.5338,1.5341,1.00,1.00
2010.02.12 08:19:42.957,1.5339,1.5342,1.00,1.00
2010.02.12 08:19:43.632,1.5337,1.534,2.00,1.00
2010.02.12 08:19:43.979,1.53375,1.53405,1.00,2.30
2010.02.12 08:19:44.353,1.53365,1.53405,4.40,2.30
2010.02.12 08:19:44.670,1.53365,1.534,1.30,1.00
2010.02.12 08:19:45.272,1.53365,1.534,3.70,1.00
2010.02.12 08:19:45.595,1.5337,1.53405,3.70,1.00
2010.02.12 08:19:45.950,1.53365,1.534,3.70,1.00
2010.02.12 08:19:46.924,1.5337,1.534,1.00,1.00
2010.02.12 08:19:47.392,1.5337,1.534,1.60,1.00
2010.02.12 08:19:47.739,1.5337,1.53405,3.70,1.00
2010.02.12 08:19:49.033,1.5337,1.534,1.00,1.00
2010.02.12 08:19:49.454,1.5337,1.534,1.00,1.00
2010.02.12 08:19:50.150,1.5337,1.534,1.00,1.00
2010.02.12 08:19:51.840,1.5337,1.53395,1.00,1.00
2010.02.12 08:19:52.198,1.53375,1.534,1.00,1.00
2010.02.12 08:19:53.537,1.53365,1.534,3.70,1.00
2010.02.12 08:19:53.881,1.53365,1.534,3.70,1.00
2010.02.12 08:19:55.256,1.53375,1.53405,1.00,2.40
2010.02.12 08:19:58.354,1.53375,1.53405,1.00,1.00
2010.02.12 08:20:04.424,1.53375,1.53405,1.00,2.40
2010.02.12 08:20:04.902,1.53375,1.53405,1.00,1.00
2010.02.12 08:20:05.844,1.53375,1.53405,1.00,2.40
2010.02.12 08:20:06.194,1.53375,1.53405,1.00,1.00
2010.02.12 08:20:07.596,1.53375,1.5339,1.00,1.00
2010.02.12 08:20:08.097,1.5337,1.534,2.50,1.20
2010.02.12 08:20:08.309,1.5338,1.53405,1.00,1.00
2010.02.12 08:20:08.852,1.53385,1.53415,1.00,2.10
2010.02.12 08:20:09.213,1.53385,1.53415,2.40,1.00
2010.02.12 08:20:10.972,1.5339,1.53415,2.40,1.00
2010.02.12 08:20:12.200,1.53395,1.53425,1.60,1.00
2010.02.12 08:20:12.541,1.5339,1.53425,5.30,1.00
2010.02.12 08:20:12.886,1.53395,1.5342,2.50,1.00
2010.02.12 08:20:14.553,1.53405,1.5343,1.00,1.00
2010.02.12 08:20:14.663,1.53405,1.53435,1.30,2.30
2010.02.12 08:20:14.776,1.53405,1.53435,1.20,1.00
2010.02.12 08:20:14.894,1.534,1.53435,5.30,1.00
2010.02.12 08:20:15.002,1.534,1.53435,3.70,1.00
2010.02.12 08:20:15.906,1.534,1.5343,3.70,1.00
2010.02.12 08:20:16.262,1.53405,1.53435,1.20,1.00
2010.02.12 08:20:17.108,1.534,1.53435,2.40,2.10
2010.02.12 08:20:18.059,1.534,1.5343,2.50,1.00
2010.02.12 08:20:18.747,1.53405,1.5343,1.60,1.00
2010.02.12 08:20:19.110,1.53405,1.5343,2.50,1.00
2010.02.12 08:20:19.479,1.53405,1.53435,3.70,1.00
2010.02.12 08:20:20.053,1.53405,1.53435,2.50,1.20
2010.02.12 08:20:20.352,1.53405,1.53445,3.70,2.40
2010.02.12 08:20:20.896,1.5341,1.53445,2.50,2.30
2010.02.12 08:20:21.247,1.53415,1.53445,1.00,1.00
2010.02.12 08:20:22.741,1.53415,1.5345,1.00,1.00
2010.02.12 08:20:22.954,1.53415,1.5345,2.40,1.00
2010.02.12 08:20:23.746,1.5342,1.53445,1.00,1.00
2010.02.12 08:20:24.387,1.5342,1.53435,3.80,4.00
2010.02.12 08:20:24.736,1.5338,1.5342,1.00,2.30
2010.02.12 08:20:25.080,1.53375,1.5342,1.50,2.30
2010.02.12 08:20:25.435,1.53385,1.5342,1.50,1.00
2010.02.12 08:20:27.242,1.53395,1.5342,1.50,1.00
2010.02.12 08:20:27.593,1.53385,1.53415,1.50,1.00
2010.02.12 08:20:27.942,1.53385,1.53415,1.00,1.00
2010.02.12 08:20:28.150,1.53375,1.5341,3.70,1.00
2010.02.12 08:20:31.034,1.53375,1.5341,2.40,3.70
2010.02.12 08:20:31.248,1.53375,1.5341,3.70,1.00
2010.02.12 08:20:33.053,1.53375,1.5341,3.70,1.00
2010.02.12 08:20:33.792,1.53375,1.5341,3.70,1.00
2010.02.12 08:20:34.139,1.53375,1.5341,2.40,3.70
2010.02.12 08:20:34.767,1.53375,1.5341,3.70,1.00
2010.02.12 08:20:36.030,1.53375,1.5341,3.70,1.00
2010.02.12 08:20:37.195,1.53375,1.5341,3.70,1.00
2010.02.12 08:20:37.896,1.53385,1.53415,1.00,2.40
2010.02.12 08:20:41.967,1.53385,1.53415,2.50,1.00
2010.02.12 08:20:42.334,1.53385,1.5342,3.70,1.00
2010.02.12 08:20:42.707,1.5338,1.53415,2.50,1.00
2010.02.12 08:20:43.321,1.5338,1.53415,1.00,1.00
2010.02.12 08:20:43.670,1.5338,1.53415,1.00,2.30
2010.02.12 08:20:44.023,1.53385,1.53415,1.30,2.30
2010.02.12 08:20:44.577,1.53385,1.53415,1.20,2.30
2010.02.12 08:20:44.852,1.5338,1.53415,2.10,2.30
2010.02.12 08:20:45.458,1.53375,1.53405,1.60,1.00
2010.02.12 08:20:45.875,1.5337,1.5341,3.70,1.00
2010.02.12 08:20:46.229,1.53375,1.5341,3.70,1.00
2010.02.12 08:20:48.114,1.53375,1.53395,2.10,1.00
2010.02.12 08:20:48.445,1.53365,1.53395,1.00,4.00
2010.02.12 08:20:48.865,1.53365,1.53395,1.00,8.00
2010.02.12 08:20:49.195,1.5337,1.53405,1.00,9.10
2010.02.12 08:20:49.880,1.53375,1.53405,2.40,8.00
2010.02.12 08:20:50.238,1.53375,1.53415,3.70,1.00
2010.02.12 08:20:50.600,1.53385,1.53415,1.20,1.00
2010.02.12 08:20:51.996,1.5339,1.5342,1.30,2.30
2010.02.12 08:20:53.267,1.5339,1.5342,1.20,2.30
2010.02.12 08:20:53.637,1.53385,1.53415,1.00,3.90
2010.02.12 08:20:53.969,1.53385,1.53415,1.30,3.90
2010.02.12 08:20:54.893,1.5339,1.53415,1.00,3.90
2010.02.12 08:20:55.542,1.5339,1.53415,1.00,2.30
2010.02.12 08:20:56.171,1.53385,1.53415,1.40,2.30
2010.02.12 08:20:56.565,1.53385,1.53415,1.40,3.90
2010.02.12 08:20:57.474,1.53385,1.53405,1.20,1.00
2010.02.12 08:20:58.143,1.5338,1.53405,1.00,3.90
2010.02.12 08:20:58.356,1.5337,1.53395,1.00,1.00
2010.02.12 08:20:58.802,1.53365,1.534,3.70,1.00
2010.02.12 08:20:59.172,1.53375,1.5341,1.00,2.30
2010.02.12 08:20:59.773,1.5337,1.53405,4.00,3.60
2010.02.12 08:21:00.113,1.53375,1.5341,2.10,2.30
2010.02.12 08:21:00.732,1.5338,1.53415,1.00,2.40
2010.02.12 08:21:01.043,1.5338,1.5341,1.00,1.00
2010.02.12 08:21:01.732,1.5338,1.5341,2.50,1.00
2010.02.12 08:21:02.102,1.5338,1.53415,3.70,1.00
2010.02.12 08:21:02.469,1.5338,1.5341,1.30,1.00
2010.02.12 08:21:03.916,1.53385,1.5341,1.20,1.00
2010.02.12 08:21:04.676,1.53385,1.53415,1.20,1.00
2010.02.12 08:21:05.028,1.5338,1.53415,5.30,1.00
2010.02.12 08:21:06.182,1.5339,1.53415,1.20,1.00
2010.02.12 08:21:06.918,1.5337,1.53405,2.40,1.30
2010.02.12 08:21:07.544,1.5337,1.53405,2.40,3.70
2010.02.12 08:21:07.896,1.53365,1.53405,2.50,3.70
2010.02.12 08:21:08.189,1.53365,1.53395,2.50,1.00
2010.02.12 08:21:08.501,1.53375,1.53405,1.00,2.40
2010.02.12 08:21:09.150,1.53375,1.534,1.00,1.00
2010.02.12 08:21:10.132,1.5339,1.53415,1.20,2.30
2010.02.12 08:21:10.491,1.5338,1.53405,1.00,1.00
2010.02.12 08:21:10.849,1.5338,1.53405,1.30,1.00
2010.02.12 08:21:11.471,1.5338,1.53405,1.20,1.00
2010.02.12 08:21:12.159,1.5338,1.53405,1.30,1.00
2010.02.12 08:21:12.493,1.5337,1.53405,1.00,1.00
2010.02.12 08:21:15.048,1.5338,1.53415,1.00,2.40
2010.02.12 08:21:15.421,1.5338,1.53415,1.00,1.00
2010.02.12 08:21:16.376,1.5338,1.5341,2.40,1.00
2010.02.12 08:21:16.731,1.5338,1.53415,2.50,1.00
2010.02.12 08:21:17.080,1.5338,1.5341,2.40,1.00
2010.02.12 08:21:17.436,1.5338,1.53415,2.40,1.00
2010.02.12 08:21:17.800,1.5339,1.53415,1.00,1.00
2010.02.12 08:21:18.158,1.53385,1.53415,1.00,1.00
2010.02.12 08:21:19.221,1.53385,1.53405,1.00,1.00
2010.02.12 08:21:19.865,1.53375,1.53405,3.70,1.00
2010.02.12 08:21:20.465,1.53375,1.53405,3.70,1.00
2010.02.12 08:21:20.742,1.53375,1.53405,2.40,1.00
2010.02.12 08:21:21.095,1.53375,1.53405,2.50,1.00
2010.02.12 08:21:21.455,1.53375,1.53405,3.70,1.00
2010.02.12 08:21:21.814,1.5338,1.53405,1.00,1.00
2010.02.12 08:21:23.408,1.5338,1.53405,2.10,1.00
2010.02.12 08:21:23.646,1.5338,1.53415,2.10,2.40
2010.02.12 08:21:24.102,1.53385,1.53415,1.00,1.00
2010.02.12 08:21:28.957,1.53385,1.53415,3.70,1.00
2010.02.12 08:21:29.299,1.53385,1.53415,2.40,1.00
2010.02.12 08:21:29.741,1.53385,1.53415,1.00,1.00
2010.02.12 08:21:30.009,1.5339,1.5342,1.00,1.00
2010.02.12 08:21:30.267,1.53385,1.53415,2.10,1.00
2010.02.12 08:21:30.757,1.53385,1.53405,1.00,1.00
2010.02.12 08:21:32.087,1.5339,1.53425,1.00,2.80
2010.02.12 08:21:32.441,1.5339,1.5342,1.00,1.00
2010.02.12 08:21:33.283,1.5339,1.53415,1.00,1.00
2010.02.12 08:21:33.545,1.5339,1.5342,1.00,2.40
2010.02.12 08:21:33.898,1.53385,1.53415,2.40,1.00
2010.02.12 08:21:34.257,1.5339,1.53415,1.00,1.00
2010.02.12 08:21:35.919,1.5339,1.53405,1.00,1.00
2010.02.12 08:21:36.261,1.5338,1.53405,2.40,1.00
2010.02.12 08:21:36.899,1.5338,1.5341,2.40,1.20
2010.02.12 08:21:37.470,1.5338,1.53415,2.40,1.00
2010.02.12 08:21:38.039,1.5338,1.53415,2.40,1.00
2010.02.12 08:21:39.164,1.53385,1.53415,1.20,1.00
2010.02.12 08:21:39.526,1.53385,1.5341,1.00,1.00
2010.02.12 08:21:39.995,1.53385,1.5342,1.00,1.00
2010.02.12 08:21:40.240,1.5338,1.5342,2.40,1.00
2010.02.12 08:21:40.745,1.5338,1.5342,2.40,2.30
2010.02.12 08:21:40.998,1.5338,1.5342,2.50,2.30
2010.02.12 08:21:42.638,1.5338,1.5342,3.30,2.30
2010.02.12 08:21:42.992,1.5338,1.53415,2.50,1.60
2010.02.12 08:21:43.556,1.53375,1.5341,3.30,1.00
2010.02.12 08:21:43.830,1.5338,1.5341,1.20,1.00
2010.02.12 08:21:44.084,1.5338,1.53415,2.10,3.90
2010.02.12 08:21:45.123,1.5338,1.53415,2.10,4.00
2010.02.12 08:21:45.765,1.53385,1.53415,1.30,2.30
2010.02.12 08:21:46.119,1.5338,1.5341,1.00,1.00
2010.02.12 08:21:46.473,1.5338,1.5341,1.00,1.00
2010.02.12 08:21:46.840,1.53385,1.5341,1.20,1.00
2010.02.12 08:21:47.788,1.5338,1.53405,1.20,2.30
2010.02.12 08:21:48.141,1.5339,1.5341,1.00,2.30
2010.02.12 08:21:49.416,1.53385,1.53405,1.30,2.30
2010.02.12 08:21:49.657,1.53385,1.53405,1.00,2.30
2010.02.12 08:21:50.001,1.5338,1.53405,1.00,2.40
2010.02.12 08:21:50.252,1.5338,1.53405,1.00,2.30
2010.02.12 08:21:50.890,1.53385,1.53415,1.00,1.00
2010.02.12 08:21:51.249,1.5339,1.53425,2.10,2.30
2010.02.12 08:21:51.609,1.5339,1.53425,1.00,2.30
2010.02.12 08:21:51.985,1.5339,1.53425,1.70,2.30
2010.02.12 08:21:52.347,1.5339,1.53415,1.60,1.00
2010.02.12 08:21:52.957,1.5338,1.53415,1.70,2.30
2010.02.12 08:21:53.312,1.53385,1.5342,2.10,1.00
2010.02.12 08:21:53.935,1.5339,1.5342,1.00,1.00
2010.02.12 08:21:55.252,1.5339,1.5342,1.00,1.00
2010.02.12 08:21:55.660,1.5339,1.53425,1.00,2.30
2010.02.12 08:21:56.300,1.534,1.53425,1.40,1.00
2010.02.12 08:21:56.661,1.5339,1.53425,1.70,2.30
2010.02.12 08:21:57.295,1.53385,1.53425,1.00,3.60
2010.02.12 08:21:57.645,1.53385,1.53425,2.50,3.70
2010.02.12 08:21:57.990,1.53385,1.5342,2.50,1.00
2010.02.12 08:21:58.351,1.53385,1.5342,2.50,2.40
2010.02.12 08:21:58.633,1.5339,1.5342,1.00,2.30
2010.02.12 08:21:59.667,1.53385,1.5342,1.00,2.30
2010.02.12 08:22:00.030,1.53385,1.5342,1.00,2.30
2010.02.12 08:22:00.739,1.5338,1.53415,3.20,1.00
2010.02.12 08:22:01.793,1.5338,1.53415,1.60,2.40
2010.02.12 08:22:04.196,1.5338,1.53415,1.00,2.40
2010.02.12 08:22:10.114,1.5338,1.53415,2.40,1.00
2010.02.12 08:22:10.615,1.5338,1.5342,3.70,1.00
2010.02.12 08:22:12.707,1.53385,1.5342,1.60,1.00
2010.02.12 08:22:12.963,1.53385,1.5342,2.40,1.00
2010.02.12 08:22:15.450,1.53385,1.5342,3.20,1.00
2010.02.12 08:22:15.639,1.53385,1.5342,1.20,1.00
2010.02.12 08:22:16.272,1.5339,1.53425,2.50,1.00
2010.02.12 08:22:16.633,1.5339,1.53425,2.80,1.00
2010.02.12 08:22:16.990,1.53395,1.53425,1.00,1.00
2010.02.12 08:22:17.349,1.5339,1.53425,1.00,1.00
2010.02.12 08:22:17.702,1.5339,1.5342,1.00,1.00
2010.02.12 08:22:20.552,1.5339,1.53425,1.00,2.00
2010.02.12 08:22:20.812,1.5339,1.53425,1.00,3.60
2010.02.12 08:22:21.730,1.5339,1.53425,1.00,1.00
2010.02.12 08:22:23.042,1.5339,1.53425,1.00,2.30
2010.02.12 08:22:23.297,1.5339,1.53425,1.00,1.00
2010.02.12 08:22:23.834,1.53385,1.5342,2.40,1.00
2010.02.12 08:22:24.201,1.5338,1.5341,1.30,1.00
2010.02.12 08:22:24.893,1.53385,1.5342,2.40,3.60
2010.02.12 08:22:25.247,1.53385,1.5342,2.40,2.30
2010.02.12 08:22:25.937,1.53385,1.5342,2.40,2.50
2010.02.12 08:22:26.683,1.53385,1.53415,1.00,1.00
2010.02.12 08:22:27.031,1.5338,1.53415,2.40,2.10
2010.02.12 08:22:27.380,1.5338,1.53415,1.00,3.70
2010.02.12 08:22:27.755,1.5337,1.53405,4.10,1.00
2010.02.12 08:22:28.404,1.53375,1.534,1.00,1.00
2010.02.12 08:22:28.721,1.5337,1.53405,1.00,3.70
2010.02.12 08:22:29.283,1.53365,1.534,2.40,1.00
2010.02.12 08:22:29.656,1.5337,1.5341,1.00,3.60
2010.02.12 08:22:30.369,1.5337,1.53405,1.00,2.30
2010.02.12 08:22:31.076,1.5337,1.53405,1.00,2.40
2010.02.12 08:22:31.979,1.53375,1.534,1.00,1.00
2010.02.12 08:22:32.823,1.53375,1.5341,1.00,3.60
2010.02.12 08:22:33.117,1.53375,1.5341,1.00,2.30
2010.02.12 08:22:33.490,1.53375,1.5341,1.00,3.60
2010.02.12 08:22:33.755,1.5337,1.53405,1.00,2.30
2010.02.12 08:22:34.302,1.53365,1.53395,1.00,1.00
2010.02.12 08:22:34.678,1.53365,1.534,1.00,3.70
2010.02.12 08:22:35.030,1.53365,1.53395,1.00,1.00
2010.02.12 08:22:36.193,1.53365,1.534,1.00,2.30
2010.02.12 08:22:37.139,1.53365,1.534,1.00,2.30
2010.02.12 08:22:37.515,1.53365,1.5339,1.20,1.00
2010.02.12 08:22:38.062,1.5337,1.534,1.00,1.00
2010.02.12 08:22:38.272,1.53365,1.53395,2.10,1.00
2010.02.12 08:22:38.739,1.53365,1.53395,1.00,1.00
2010.02.12 08:22:39.117,1.5337,1.53405,1.20,4.00
2010.02.12 08:22:39.739,1.53375,1.534,1.00,1.60
2010.02.12 08:22:40.389,1.5337,1.534,3.70,1.60
2010.02.12 08:22:41.283,1.53375,1.53405,1.00,1.00
2010.02.12 08:22:41.627,1.53375,1.53405,1.00,2.40
2010.02.12 08:22:41.989,1.53365,1.53395,3.70,1.00
2010.02.12 08:22:42.747,1.5337,1.53395,2.40,1.00
2010.02.12 08:22:43.694,1.5337,1.534,2.10,1.00
2010.02.12 08:22:44.044,1.5337,1.53395,2.40,1.00
2010.02.12 08:22:44.805,1.53365,1.53395,2.40,1.00
2010.02.12 08:22:45.598,1.53375,1.53405,1.00,1.20
2010.02.12 08:22:46.059,1.53375,1.53405,1.00,1.60
2010.02.12 08:22:46.339,1.53365,1.534,3.70,1.00
2010.02.12 08:22:46.741,1.53365,1.53395,3.70,1.60
2010.02.12 08:22:47.018,1.53365,1.534,1.30,2.40
2010.02.12 08:22:47.481,1.53365,1.534,3.70,1.00
2010.02.12 08:22:47.846,1.5338,1.5341,1.00,1.00
2010.02.12 08:22:48.490,1.5338,1.53405,1.00,1.60
2010.02.12 08:22:48.796,1.5338,1.5341,1.00,2.30
2010.02.12 08:22:49.096,1.5338,1.53405,1.00,1.60
2010.02.12 08:22:49.648,1.53375,1.53405,1.00,1.00
2010.02.12 08:22:51.319,1.5336,1.53395,2.10,2.40
2010.02.12 08:22:51.650,1.5336,1.53395,1.30,2.40
2010.02.12 08:22:52.055,1.5336,1.5339,1.30,2.30
2010.02.12 08:22:52.820,1.53365,1.5339,1.00,2.30
2010.02.12 08:22:53.423,1.5336,1.53395,3.00,4.10
2010.02.12 08:22:53.684,1.5336,1.53395,1.00,2.30
2010.02.12 08:22:54.250,1.5337,1.534,4.00,2.30
2010.02.12 08:22:54.520,1.53365,1.534,1.20,2.30
2010.02.12 08:22:55.146,1.5336,1.534,8.50,2.40
2010.02.12 08:22:55.508,1.53365,1.53395,1.00,1.00
2010.02.12 08:22:56.859,1.5336,1.5339,2.40,1.00
2010.02.12 08:22:57.249,1.5336,1.5339,1.00,1.00
2010.02.12 08:22:57.625,1.53355,1.53385,1.00,1.30
2010.02.12 08:22:58.262,1.5336,1.53385,1.00,1.00
2010.02.12 08:22:58.615,1.5337,1.534,1.00,1.00
2010.02.12 08:22:59.302,1.5337,1.534,2.10,1.00
2010.02.12 08:22:59.652,1.5337,1.534,6.10,1.00
2010.02.12 08:23:00.280,1.53375,1.53405,1.00,1.00
2010.02.12 08:23:00.631,1.5337,1.53405,2.10,2.40
2010.02.12 08:23:00.940,1.5337,1.534,2.10,1.00
2010.02.12 08:23:01.509,1.5337,1.534,1.00,1.60
2010.02.12 08:23:01.825,1.5337,1.534,9.60,2.40
2010.02.12 08:23:02.683,1.5337,1.53395,1.00,1.00
2010.02.12 08:23:03.081,1.53375,1.53395,1.60,1.00
2010.02.12 08:23:03.665,1.53375,1.53405,10.40,1.00
2010.02.12 08:23:03.952,1.53385,1.53415,5.40,1.00
2010.02.12 08:23:04.558,1.5339,1.53405,1.40,3.20
2010.02.12 08:23:04.911,1.5337,1.53405,1.00,4.00
2010.02.12 08:23:05.578,1.53375,1.53405,1.60,2.30
2010.02.12 08:23:05.972,1.53395,1.5342,2.40,1.60
2010.02.12 08:23:06.522,1.53385,1.5342,1.40,1.00
2010.02.12 08:23:06.980,1.5338,1.5342,2.20,2.40
2010.02.12 08:23:07.618,1.5337,1.534,1.40,1.00
2010.02.12 08:23:07.971,1.5337,1.53405,1.50,2.40
2010.02.12 08:23:08.578,1.5337,1.534,1.50,1.00
2010.02.12 08:23:08.917,1.5337,1.534,1.50,1.00
2010.02.12 08:23:10.007,1.5337,1.534,1.40,1.00
2010.02.12 08:23:10.317,1.53375,1.534,1.40,1.00
2010.02.12 08:23:11.236,1.53375,1.534,1.40,1.00
2010.02.12 08:23:13.402,1.5338,1.5341,1.40,2.40
2010.02.12 08:23:14.005,1.5338,1.53405,1.40,1.00
2010.02.12 08:23:14.162,1.53385,1.5341,1.40,2.30
2010.02.12 08:23:14.587,1.53385,1.5341,1.40,2.40
2010.02.12 08:23:14.946,1.53375,1.5341,1.00,2.40
2010.02.12 08:23:16.008,1.5337,1.5339,2.40,1.00
2010.02.12 08:23:17.640,1.53365,1.5339,3.80,1.00
2010.02.12 08:23:17.968,1.53365,1.53395,3.80,1.00
2010.02.12 08:23:24.342,1.5337,1.534,1.40,1.00
2010.02.12 08:23:25.823,1.53375,1.5341,1.60,1.00
2010.02.12 08:23:26.082,1.53385,1.5341,1.40,1.00
2010.02.12 08:23:27.838,1.53385,1.5341,1.40,1.00
2010.02.12 08:23:28.178,1.5339,1.5342,1.40,1.00
2010.02.12 08:23:28.636,1.53385,1.53415,1.40,1.00
2010.02.12 08:23:28.819,1.53385,1.5341,1.40,1.00
2010.02.12 08:23:29.009,1.53385,1.53405,1.40,1.00
2010.02.12 08:23:29.686,1.53375,1.53405,3.80,1.00
2010.02.12 08:23:30.040,1.53375,1.53405,1.40,1.00
2010.02.12 08:23:30.893,1.5337,1.53395,2.40,1.00
2010.02.12 08:23:31.829,1.5337,1.5339,2.40,1.00
2010.02.12 08:23:32.184,1.53375,1.53405,4.00,1.00
2010.02.12 08:23:32.543,1.53375,1.53405,3.80,1.00
2010.02.12 08:23:32.898,1.53375,1.53405,2.40,1.00
2010.02.12 08:23:43.854,1.53375,1.534,2.40,1.00
2010.02.12 08:23:44.124,1.53375,1.53395,1.00,1.00
2010.02.12 08:23:44.397,1.53375,1.53405,1.60,1.00
2010.02.12 08:23:44.964,1.5338,1.53405,1.40,1.00
2010.02.12 08:23:45.327,1.53375,1.53405,1.00,1.00
2010.02.12 08:23:46.065,1.53375,1.534,1.00,1.00
2010.02.12 08:23:47.829,1.53375,1.534,2.00,1.00
2010.02.12 08:23:48.193,1.53395,1.53435,2.20,2.80
2010.02.12 08:23:48.799,1.5339,1.5343,2.20,1.00
2010.02.12 08:23:49.874,1.5339,1.53415,2.20,1.00
2010.02.12 08:23:51.014,1.5339,1.5342,2.20,1.00
2010.02.12 08:23:59.136,1.5339,1.53415,2.20,1.00
2010.02.12 08:23:59.592,1.5339,1.53415,1.60,1.00
2010.02.12 08:24:00.484,1.5339,1.53415,2.20,1.00
2010.02.12 08:24:02.500,1.5339,1.5341,1.00,1.00
2010.02.12 08:24:02.664,1.5339,1.5342,2.20,1.00
2010.02.12 08:24:04.167,1.5339,1.5342,1.00,1.00
2010.02.12 08:24:04.687,1.53395,1.5342,1.40,1.00
2010.02.12 08:24:06.340,1.53405,1.5343,1.40,1.00
2010.02.12 08:24:07.011,1.53405,1.5343,1.40,1.00
2010.02.12 08:24:07.714,1.53405,1.53425,1.40,1.00
2010.02.12 08:24:08.069,1.534,1.53435,1.00,2.40
2010.02.12 08:24:08.439,1.53395,1.53425,2.40,1.00
2010.02.12 08:24:09.608,1.5339,1.53425,2.40,1.00
2010.02.12 08:24:10.239,1.5339,1.5342,2.40,1.00
2010.02.12 08:24:10.590,1.5339,1.5343,4.60,2.40
2010.02.12 08:24:11.947,1.5339,1.5343,4.70,2.40
2010.02.12 08:24:13.023,1.5339,1.5343,3.90,2.40
2010.02.12 08:24:13.976,1.534,1.5343,1.00,2.30
2010.02.12 08:24:14.292,1.53415,1.5343,1.40,2.30
2010.02.12 08:24:14.612,1.534,1.5343,1.00,1.00
2010.02.12 08:24:14.938,1.53395,1.53425,1.00,1.00
2010.02.12 08:24:16.318,1.53395,1.5343,1.00,2.40
2010.02.12 08:24:16.670,1.53395,1.5343,1.00,1.00
2010.02.12 08:24:21.843,1.5339,1.53425,2.30,1.00
2010.02.12 08:24:22.124,1.5339,1.5342,1.00,1.00
2010.02.12 08:24:22.803,1.5339,1.53425,1.00,2.30
2010.02.12 08:24:23.167,1.5339,1.53415,1.00,1.00
2010.02.12 08:24:23.736,1.5339,1.53425,1.00,2.40
2010.02.12 08:24:24.024,1.5339,1.53415,1.00,1.00
2010.02.12 08:24:26.433,1.53385,1.53415,2.40,1.00
2010.02.12 08:24:27.888,1.53385,1.53415,1.00,1.00
2010.02.12 08:24:28.131,1.53395,1.5342,1.40,3.60
2010.02.12 08:24:28.393,1.53395,1.53415,1.40,1.00
2010.02.12 08:24:28.869,1.5339,1.5341,1.40,1.00
2010.02.12 08:24:29.130,1.53385,1.5341,3.80,1.00
2010.02.12 08:24:30.915,1.5339,1.53415,1.40,1.00
2010.02.12 08:24:32.194,1.53385,1.5341,3.80,1.00
2010.02.12 08:24:33.220,1.53385,1.5341,3.80,1.00
2010.02.12 08:24:34.184,1.5339,1.5342,1.40,1.00
2010.02.12 08:24:38.181,1.5338,1.53415,2.20,1.00
2010.02.12 08:24:38.350,1.5338,1.5341,2.20,1.00
2010.02.12 08:24:38.720,1.53375,1.5341,1.40,1.60
2010.02.12 08:24:38.887,1.53375,1.53405,1.40,1.00
2010.02.12 08:24:40.081,1.53375,1.534,1.40,1.00
2010.02.12 08:24:41.846,1.53375,1.53405,1.40,1.00
2010.02.12 08:24:44.543,1.53375,1.53405,2.30,1.00
2010.02.12 08:24:44.934,1.53385,1.53405,1.00,1.00
2010.02.12 08:24:45.308,1.5338,1.5341,2.20,1.00
2010.02.12 08:24:45.687,1.5338,1.5341,1.40,1.00
2010.02.12 08:24:46.386,1.5338,1.5341,3.80,1.00
2010.02.12 08:24:47.061,1.5338,1.53405,3.80,1.00
2010.02.12 08:24:47.420,1.5338,1.5341,3.90,1.00
2010.02.12 08:24:47.978,1.534,1.5342,1.40,1.00
2010.02.12 08:24:48.416,1.5338,1.5341,1.30,1.00
2010.02.12 08:24:48.776,1.5339,1.5341,1.40,1.00
2010.02.12 08:24:50.965,1.53375,1.53405,3.10,1.00
2010.02.12 08:24:51.340,1.5338,1.5341,1.00,1.00
2010.02.12 08:24:51.695,1.53375,1.5341,4.00,2.50
2010.02.12 08:24:52.591,1.5338,1.5341,1.00,2.30
2010.02.12 08:24:52.869,1.53385,1.5341,1.40,1.60
2010.02.12 08:24:53.147,1.53385,1.53415,1.40,2.40
2010.02.12 08:24:54.079,1.5338,1.53415,2.90,2.40
2010.02.12 08:24:54.367,1.5339,1.53415,1.00,2.40
2010.02.12 08:24:56.811,1.53375,1.5341,2.50,1.00
2010.02.12 08:24:58.347,1.53375,1.534,2.40,1.00
2010.02.12 08:24:58.548,1.5337,1.534,1.00,1.00
2010.02.12 08:24:58.949,1.5337,1.534,1.00,2.30
2010.02.12 08:24:59.309,1.53375,1.5341,1.00,5.30
2010.02.12 08:24:59.916,1.5338,1.5341,1.00,1.00
2010.02.12 08:25:01.141,1.53385,1.5341,1.00,1.00
2010.02.12 08:25:01.504,1.53385,1.53415,1.00,1.00
2010.02.12 08:25:02.209,1.53385,1.5342,1.00,2.40
2010.02.12 08:25:05.575,1.53385,1.53415,1.00,1.00
2010.02.12 08:25:05.938,1.5337,1.53405,2.80,2.30
2010.02.12 08:25:06.572,1.53375,1.53405,1.00,2.40
2010.02.12 08:25:07.020,1.53375,1.53405,2.40,1.00
2010.02.12 08:25:07.333,1.53375,1.5341,3.20,1.00
2010.02.12 08:25:08.272,1.53375,1.5341,3.30,1.00
2010.02.12 08:25:08.629,1.5338,1.53415,1.00,2.30
2010.02.12 08:25:09.721,1.5338,1.53415,1.00,2.40
2010.02.12 08:25:09.997,1.53375,1.53415,3.30,3.70
2010.02.12 08:25:10.248,1.5338,1.53415,1.60,2.30
2010.02.12 08:25:10.731,1.5338,1.53415,4.10,1.00
2010.02.12 08:25:11.926,1.53385,1.53415,1.00,1.00
2010.02.12 08:25:12.895,1.53385,1.53415,1.00,1.00
2010.02.12 08:25:13.540,1.53385,1.53415,1.00,1.00
2010.02.12 08:25:13.894,1.53395,1.53415,1.00,1.00
2010.02.12 08:25:14.525,1.53395,1.5342,1.00,2.40
2010.02.12 08:25:15.572,1.53395,1.5342,1.30,2.30
2010.02.12 08:25:16.538,1.534,1.5342,1.00,2.30
2010.02.12 08:25:16.907,1.5339,1.5342,1.30,1.00
2010.02.12 08:25:17.296,1.5339,1.5341,1.00,1.60
2010.02.12 08:25:17.645,1.5339,1.5342,1.00,2.40
2010.02.12 08:25:18.273,1.53385,1.5342,1.40,2.50
2010.02.12 08:25:20.640,1.53385,1.53415,1.20,2.40
2010.02.12 08:25:20.994,1.53385,1.53415,1.30,2.30
2010.02.12 08:25:22.338,1.5339,1.53415,1.00,2.30
2010.02.12 08:25:23.108,1.53385,1.53415,1.40,2.30
2010.02.12 08:25:24.206,1.5338,1.53415,2.50,2.40
2010.02.12 08:25:24.922,1.53385,1.5342,1.00,2.30
2010.02.12 08:25:25.901,1.53385,1.53415,1.00,1.00
2010.02.12 08:25:26.958,1.53385,1.5341,1.00,1.60
2010.02.12 08:25:28.926,1.53385,1.5341,1.00,1.00
2010.02.12 08:25:29.391,1.53385,1.5341,1.00,1.60
2010.02.12 08:25:30.780,1.53385,1.5341,1.00,1.00
2010.02.12 08:25:31.343,1.53385,1.53405,1.00,1.00
2010.02.12 08:25:31.629,1.5337,1.53395,1.00,1.00
2010.02.12 08:25:32.165,1.5338,1.534,1.00,1.60
2010.02.12 08:25:32.452,1.53375,1.53405,1.30,1.00
2010.02.12 08:25:33.072,1.53375,1.534,1.30,1.60
2010.02.12 08:25:33.419,1.5338,1.53405,1.30,1.00
2010.02.12 08:25:33.771,1.53375,1.53405,2.00,1.00
2010.02.12 08:25:34.361,1.53375,1.53405,1.30,1.00
2010.02.12 08:25:35.060,1.5338,1.53405,1.00,1.00
2010.02.12 08:25:36.107,1.53375,1.53405,1.40,1.00
2010.02.12 08:25:44.289,1.5337,1.53405,2.50,1.00
2010.02.12 08:25:44.646,1.53375,1.53405,1.00,2.30
2010.02.12 08:25:46.057,1.5338,1.53405,1.00,2.30
2010.02.12 08:25:47.099,1.53375,1.53405,1.00,2.30
2010.02.12 08:25:48.127,1.53365,1.53405,3.70,2.40
2010.02.12 08:25:51.042,1.53365,1.53405,3.70,4.00
2010.02.12 08:25:51.372,1.53365,1.53405,2.50,3.70
2010.02.12 08:25:51.753,1.53365,1.53405,3.70,2.40
2010.02.12 08:25:52.104,1.53365,1.53395,3.70,1.00
2010.02.12 08:25:52.471,1.5336,1.53395,3.70,1.00
2010.02.12 08:25:53.457,1.53365,1.53395,1.00,1.00
2010.02.12 08:25:54.672,1.5336,1.53395,3.70,1.00
2010.02.12 08:25:55.018,1.5336,1.53395,3.70,1.00
2010.02.12 08:25:55.367,1.53365,1.53395,1.00,1.00
2010.02.12 08:26:01.055,1.5336,1.53395,3.80,1.00
2010.02.12 08:26:01.399,1.5336,1.53395,4.60,1.00
2010.02.12 08:26:02.054,1.53365,1.534,3.70,1.00
2010.02.12 08:26:04.538,1.5337,1.534,1.40,1.00
2010.02.12 08:26:10.456,1.53375,1.534,1.00,1.00
2010.02.12 08:26:10.759,1.53375,1.534,1.40,1.00
2010.02.12 08:26:11.195,1.5337,1.534,1.40,1.00
2010.02.12 08:26:13.139,1.5337,1.53395,1.40,1.00
2010.02.12 08:26:13.360,1.53365,1.53395,1.50,1.00
2010.02.12 08:26:14.249,1.53365,1.53395,1.40,1.00
2010.02.12 08:26:14.949,1.5336,1.53395,2.20,2.40
2010.02.12 08:26:16.917,1.5336,1.53385,2.20,1.00
2010.02.12 08:26:17.289,1.53355,1.53385,1.50,1.00
2010.02.12 08:26:17.651,1.53355,1.53385,1.50,1.00
2010.02.12 08:26:18.003,1.53355,1.53385,1.50,1.00
2010.02.12 08:26:19.674,1.53355,1.5338,1.50,1.00
2010.02.12 08:26:21.126,1.5334,1.5337,3.90,1.00
2010.02.12 08:26:23.162,1.5334,1.5337,1.00,2.40
2010.02.12 08:26:23.538,1.5334,1.5337,1.50,2.40
2010.02.12 08:26:24.267,1.5334,1.5337,1.40,2.40
2010.02.12 08:26:24.620,1.53335,1.5337,2.20,2.40
2010.02.12 08:26:24.989,1.5333,1.5336,1.50,1.00
2010.02.12 08:26:26.010,1.53325,1.5336,3.80,1.00
2010.02.12 08:26:26.699,1.53325,1.5336,1.50,2.40
2010.02.12 08:26:27.070,1.53325,1.5336,2.30,2.40
2010.02.12 08:26:27.998,1.53335,1.5336,1.00,1.00
2010.02.12 08:26:28.360,1.53335,1.53365,1.00,2.40
2010.02.12 08:26:29.229,1.5333,1.53365,3.90,2.40
2010.02.12 08:26:30.118,1.5333,1.53355,1.00,1.00
2010.02.12 08:26:30.468,1.53325,1.53355,1.30,1.00
2010.02.12 08:26:31.066,1.53325,1.53355,1.20,1.00
2010.02.12 08:26:31.434,1.5333,1.53355,1.00,1.00
2010.02.12 08:26:31.789,1.53325,1.5335,1.20,1.00
2010.02.12 08:26:32.374,1.5332,1.53345,1.00,1.00
2010.02.12 08:26:32.743,1.5332,1.53345,1.00,1.00
2010.02.12 08:26:33.416,1.53315,1.53335,1.20,1.00
2010.02.12 08:26:33.782,1.5332,1.53345,1.00,1.00
2010.02.12 08:26:34.683,1.53315,1.53345,2.00,1.00
2010.02.12 08:26:35.013,1.5331,1.53345,2.50,2.40
2010.02.12 08:26:36.084,1.53315,1.53355,2.10,2.40
2010.02.12 08:26:36.595,1.53325,1.53355,1.00,2.30
2010.02.12 08:26:36.962,1.53325,1.5336,3.70,1.00
2010.02.12 08:26:37.629,1.53325,1.5336,4.00,1.00
2010.02.12 08:26:38.981,1.5332,1.53345,1.00,1.00
2010.02.12 08:26:39.332,1.5332,1.5335,1.40,2.40
2010.02.12 08:26:39.889,1.5332,1.5335,1.40,1.00
2010.02.12 08:26:40.226,1.53325,1.5336,2.20,2.40
2010.02.12 08:26:40.885,1.53325,1.5335,1.40,1.00
2010.02.12 08:26:41.280,1.53315,1.53345,1.50,1.00
2010.02.12 08:26:41.673,1.53315,1.53345,3.90,1.00
2010.02.12 08:26:42.056,1.53315,1.5335,3.90,1.00
2010.02.12 08:26:43.455,1.53315,1.5334,2.50,1.00
2010.02.12 08:26:43.815,1.53315,1.53335,1.00,1.00
2010.02.12 08:26:44.172,1.53305,1.5333,1.00,1.00
2010.02.12 08:26:44.880,1.53315,1.5334,1.60,1.00
2010.02.12 08:26:45.238,1.53315,1.53345,5.40,1.00
2010.02.12 08:26:46.145,1.5332,1.5335,1.00,1.00
2010.02.12 08:26:46.495,1.5331,1.53335,1.00,1.00
2010.02.12 08:26:47.209,1.5331,1.53335,1.00,1.00
2010.02.12 08:26:47.663,1.53325,1.53345,1.00,1.00
2010.02.12 08:26:48.039,1.53325,1.5336,2.30,1.00
2010.02.12 08:26:48.481,1.53325,1.5336,2.30,1.60
2010.02.12 08:26:48.831,1.53325,1.5336,1.00,3.20
2010.02.12 08:26:50.584,1.5333,1.5336,1.00,1.00
2010.02.12 08:26:51.269,1.5333,1.53365,1.50,2.30
2010.02.12 08:26:51.746,1.5333,1.5337,3.90,3.20
2010.02.12 08:26:52.035,1.53335,1.5337,2.40,4.80
2010.02.12 08:26:52.323,1.53335,1.5336,2.40,1.00
2010.02.12 08:26:52.961,1.5334,1.5336,1.00,1.00
2010.02.12 08:26:53.328,1.5334,1.5337,2.50,1.00
2010.02.12 08:26:53.678,1.53335,1.5337,2.20,2.40
2010.02.12 08:26:54.027,1.53335,1.5337,2.40,2.50
2010.02.12 08:26:54.357,1.5334,1.5337,1.00,2.40
2010.02.12 08:26:54.952,1.5334,1.5337,1.00,1.00
2010.02.12 08:26:56.355,1.53345,1.5338,1.00,3.20
2010.02.12 08:26:57.064,1.5334,1.5337,1.00,1.00
2010.02.12 08:26:57.429,1.53345,1.53375,1.00,1.00
2010.02.12 08:26:57.792,1.5334,1.53375,3.80,1.00
2010.02.12 08:26:58.154,1.53345,1.53375,1.50,1.00
2010.02.12 08:26:58.784,1.53345,1.53375,1.40,1.00
2010.02.12 08:26:59.145,1.53355,1.5338,1.40,2.30
2010.02.12 08:26:59.782,1.53345,1.53375,1.00,2.30
2010.02.12 08:27:00.129,1.5334,1.5337,1.40,1.00
2010.02.12 08:27:00.805,1.53325,1.53355,1.00,3.90
2010.02.12 08:27:01.131,1.53325,1.5336,2.30,2.30
2010.02.12 08:27:01.677,1.53335,1.53365,1.40,2.40
2010.02.12 08:27:02.022,1.5334,1.5337,1.40,2.40
2010.02.12 08:27:02.538,1.5334,1.5337,1.40,2.30
2010.02.12 08:27:02.889,1.5333,1.5336,1.60,2.40
2010.02.12 08:27:03.480,1.53315,1.5335,3.90,1.00
2010.02.12 08:27:04.453,1.53315,1.5335,3.90,1.00
2010.02.12 08:27:04.819,1.5332,1.5335,1.50,1.00
2010.02.12 08:27:05.764,1.5332,1.53355,3.90,2.40
2010.02.12 08:27:06.117,1.5333,1.53355,1.00,2.40
2010.02.12 08:27:07.154,1.53325,1.5335,1.00,1.00
2010.02.12 08:27:07.511,1.53315,1.5335,3.90,1.00
2010.02.12 08:27:08.164,1.53315,1.5334,3.10,1.00
2010.02.12 08:27:08.526,1.53325,1.5336,3.90,2.40
2010.02.12 08:27:09.196,1.5333,1.5336,1.00,1.50
2010.02.12 08:27:09.530,1.5332,1.5335,1.00,1.00
2010.02.12 08:27:10.662,1.5332,1.53345,1.00,1.60
2010.02.12 08:27:11.299,1.53315,1.53345,2.50,1.60
2010.02.12 08:27:11.661,1.53315,1.5334,2.50,1.00
2010.02.12 08:27:12.581,1.53305,1.5334,3.90,2.40
2010.02.12 08:27:13.300,1.53315,1.5334,1.00,2.40
2010.02.12 08:27:13.620,1.53315,1.5334,1.00,1.00
2010.02.12 08:27:14.271,1.53315,1.5334,1.00,1.00
2010.02.12 08:27:15.000,1.53325,1.53355,1.00,1.00
2010.02.12 08:27:15.928,1.5332,1.53355,2.50,4.80
2010.02.12 08:27:16.265,1.5332,1.53355,3.90,2.40
2010.02.12 08:27:16.957,1.53325,1.5335,2.40,1.00
2010.02.12 08:27:17.700,1.5332,1.5335,3.90,1.00
2010.02.12 08:27:18.053,1.5332,1.53355,4.00,1.00
2010.02.12 08:27:18.409,1.53325,1.5335,3.80,1.00
2010.02.12 08:27:18.701,1.5332,1.53355,1.00,3.90
2010.02.12 08:27:19.293,1.53325,1.5336,2.00,2.40
2010.02.12 08:27:20.097,1.53325,1.53355,2.00,2.30
2010.02.12 08:27:20.449,1.53335,1.5336,1.90,2.30
2010.02.12 08:27:20.743,1.53335,1.5336,1.90,1.00
2010.02.12 08:27:21.041,1.53335,1.53365,1.90,1.00
2010.02.12 08:27:22.060,1.53335,1.53365,2.00,1.00
2010.02.12 08:27:23.367,1.5334,1.53365,1.90,1.00
2010.02.12 08:27:23.714,1.53335,1.5337,4.00,2.40
2010.02.12 08:27:24.061,1.53345,1.5337,1.00,2.40
2010.02.12 08:27:25.937,1.53345,1.53375,1.90,1.70
2010.02.12 08:27:26.267,1.5334,1.53375,1.00,2.40
2010.02.12 08:27:26.635,1.5334,1.53375,1.00,4.00
2010.02.12 08:27:26.975,1.53335,1.53365,2.40,1.00
2010.02.12 08:27:27.323,1.53335,1.53365,1.00,1.70
2010.02.12 08:27:27.975,1.5333,1.5336,1.90,1.60
2010.02.12 08:27:28.340,1.53325,1.5336,1.00,2.30
2010.02.12 08:27:29.174,1.53325,1.53355,1.00,1.00
2010.02.12 08:27:29.803,1.53325,1.5336,1.00,1.00
2010.02.12 08:27:30.153,1.53325,1.53355,2.30,1.00
2010.02.12 08:27:30.498,1.5333,1.53355,1.00,1.00
2010.02.12 08:27:31.478,1.53325,1.5336,4.00,1.00
2010.02.12 08:27:32.160,1.53325,1.53345,1.00,1.00
2010.02.12 08:27:32.529,1.5332,1.53355,3.80,1.00
2010.02.12 08:27:33.238,1.5333,1.5336,1.40,2.40
2010.02.12 08:27:34.115,1.53335,1.53365,1.40,2.30
2010.02.12 08:27:35.445,1.53335,1.53365,1.50,2.30
2010.02.12 08:27:36.013,1.5334,1.53365,1.40,2.30
2010.02.12 08:27:36.480,1.5333,1.5336,2.20,1.00
2010.02.12 08:27:36.842,1.5333,1.5336,1.50,1.00
2010.02.12 08:27:37.794,1.5332,1.53355,2.30,2.30
2010.02.12 08:27:38.985,1.5332,1.53355,2.30,2.40
2010.02.12 08:27:39.905,1.5332,1.53355,2.20,2.40
2010.02.12 08:27:40.751,1.53315,1.5335,3.90,2.30
2010.02.12 08:27:40.950,1.53315,1.53345,3.90,1.00
2010.02.12 08:27:42.295,1.5332,1.53355,1.00,4.80
2010.02.12 08:27:43.006,1.5331,1.53345,3.80,2.40
2010.02.12 08:27:43.358,1.53305,1.53335,5.10,1.00
2010.02.12 08:27:43.749,1.53305,1.5332,1.00,1.00
2010.02.12 08:27:44.103,1.533,1.5333,1.40,4.00
2010.02.12 08:27:44.480,1.53305,1.5333,1.00,1.00
2010.02.12 08:27:46.146,1.53305,1.53335,1.00,1.00
2010.02.12 08:27:46.513,1.5331,1.53335,1.00,1.00
2010.02.12 08:27:46.870,1.5331,1.53335,1.00,1.00
2010.02.12 08:27:48.469,1.53305,1.53335,1.40,1.00
2010.02.12 08:27:48.748,1.533,1.53335,3.90,1.00
2010.02.12 08:27:49.407,1.533,1.53325,2.50,1.00
2010.02.12 08:27:49.713,1.533,1.5333,1.00,1.00
2010.02.12 08:27:50.344,1.53305,1.5333,1.40,2.30
2010.02.12 08:27:50.702,1.53305,1.53335,2.20,1.00
2010.02.12 08:27:51.438,1.53305,1.53335,1.40,1.00
2010.02.12 08:27:52.127,1.53305,1.5334,1.60,2.50
2010.02.12 08:27:55.339,1.53305,1.5334,2.40,2.50
2010.02.12 08:27:56.017,1.53305,1.5334,2.30,2.30
2010.02.12 08:27:56.367,1.5331,1.5334,1.40,2.30
2010.02.12 08:27:56.718,1.53315,1.5334,1.00,2.30
2010.02.12 08:27:57.062,1.53315,1.5334,1.50,2.30
2010.02.12 08:28:00.546,1.53305,1.53335,1.50,1.00
2010.02.12 08:28:00.900,1.53305,1.53335,1.50,2.40
2010.02.12 08:28:01.533,1.53305,1.5333,1.50,2.30
2010.02.12 08:28:01.894,1.5331,1.53335,1.40,2.30
2010.02.12 08:28:04.554,1.533,1.53335,3.90,2.30
2010.02.12 08:28:06.064,1.533,1.53325,1.00,1.00
2010.02.12 08:28:07.236,1.53305,1.5333,1.40,1.00
2010.02.12 08:28:07.586,1.53295,1.5333,1.50,2.40
2010.02.12 08:28:08.210,1.53295,1.53325,1.50,1.00
2010.02.12 08:28:08.282,1.53305,1.53325,1.40,1.00
2010.02.12 08:28:08.860,1.53295,1.53325,1.50,1.00
2010.02.12 08:28:10.407,1.5329,1.53325,1.00,2.30
2010.02.12 08:28:10.500,1.5329,1.53325,3.40,2.30
2010.02.12 08:28:10.766,1.5329,1.5333,5.00,2.30
2010.02.12 08:28:11.035,1.5329,1.5333,5.00,2.30
2010.02.12 08:28:11.514,1.5329,1.53325,3.80,1.00
2010.02.12 08:28:11.876,1.53285,1.53325,5.10,1.00
2010.02.12 08:28:12.513,1.533,1.53325,1.40,1.00
2010.02.12 08:28:12.867,1.533,1.53325,1.40,1.00
2010.02.12 08:28:13.520,1.53295,1.5332,1.60,1.00
2010.02.12 08:28:13.893,1.53295,1.5333,1.00,2.50
2010.02.12 08:28:14.253,1.53295,1.5333,2.30,2.30
2010.02.12 08:28:15.982,1.53295,1.53325,2.50,1.00
2010.02.12 08:28:17.197,1.53295,1.53325,1.00,1.00
2010.02.12 08:28:19.571,1.53295,1.53325,1.00,1.00
2010.02.12 08:28:19.731,1.5329,1.53325,2.20,2.40
2010.02.12 08:28:20.114,1.53285,1.53325,3.90,2.40
2010.02.12 08:28:20.461,1.5328,1.5332,5.10,2.30
2010.02.12 08:28:22.668,1.5329,1.5332,1.00,2.30
2010.02.12 08:28:23.043,1.53295,1.53325,1.40,2.30
2010.02.12 08:28:24.170,1.53295,1.53325,1.50,2.40
2010.02.12 08:28:24.982,1.53295,1.53325,1.00,2.30
2010.02.12 08:28:25.510,1.53295,1.5332,1.00,1.00
2010.02.12 08:28:25.711,1.53295,1.5332,1.00,2.40
2010.02.12 08:28:28.339,1.533,1.53325,1.40,1.60
2010.02.12 08:28:28.699,1.53295,1.5332,1.00,1.00
2010.02.12 08:28:29.480,1.5331,1.5333,1.40,1.00
2010.02.12 08:28:29.708,1.533,1.53335,1.50,1.00
2010.02.12 08:28:30.071,1.533,1.53335,2.30,1.00
2010.02.12 08:28:30.433,1.533,1.53325,1.00,2.40
2010.02.12 08:28:30.810,1.533,1.53325,1.00,3.10
2010.02.12 08:28:31.436,1.533,1.5333,1.00,2.40
2010.02.12 08:28:32.133,1.53295,1.5333,4.00,2.50
2010.02.12 08:28:32.492,1.5329,1.53325,1.00,3.20
2010.02.12 08:28:32.851,1.53285,1.53325,5.10,2.40
2010.02.12 08:28:34.124,1.5329,1.53315,1.00,1.00
2010.02.12 08:28:34.447,1.53285,1.53315,1.00,1.00
2010.02.12 08:28:37.489,1.5329,1.53315,1.00,2.40
2010.02.12 08:28:38.879,1.5329,1.53315,1.00,2.30
2010.02.12 08:28:39.445,1.53295,1.5332,1.40,2.30
2010.02.12 08:28:39.662,1.5329,1.5332,1.00,2.30
2010.02.12 08:28:40.015,1.53285,1.5332,2.20,2.40
2010.02.12 08:28:40.431,1.5328,1.5332,2.50,1.60
2010.02.12 08:28:40.799,1.53275,1.53315,5.60,2.30
2010.02.12 08:28:41.750,1.5328,1.5332,4.00,2.40
2010.02.12 08:28:43.153,1.5328,1.5332,4.20,2.50
2010.02.12 08:28:45.222,1.53285,1.5332,1.00,2.40
2010.02.12 08:28:45.582,1.5328,1.5332,2.60,3.20
2010.02.12 08:28:45.903,1.53275,1.53305,5.60,1.00
2010.02.12 08:28:48.271,1.5328,1.5332,4.00,2.40
2010.02.12 08:28:50.651,1.5329,1.5332,1.40,2.30
2010.02.12 08:28:51.524,1.5329,1.53325,3.00,1.00
2010.02.12 08:28:51.885,1.53285,1.53325,5.30,1.00
2010.02.12 08:28:52.236,1.53285,1.53325,5.10,1.00
2010.02.12 08:28:54.298,1.53285,1.5332,5.20,1.00
2010.02.12 08:28:54.649,1.53285,1.53325,5.20,1.00
2010.02.12 08:28:55.358,1.53285,1.53325,5.10,1.00
2010.02.12 08:28:56.064,1.533,1.5333,1.00,1.00
2010.02.12 08:28:56.736,1.533,1.53325,1.90,1.00
2010.02.12 08:28:57.098,1.533,1.5333,2.00,2.40
2010.02.12 08:28:57.771,1.533,1.53325,1.90,1.00
2010.02.12 08:28:58.127,1.533,1.5333,1.00,1.00
2010.02.12 08:28:58.482,1.533,1.5333,2.00,1.00
2010.02.12 08:28:59.200,1.533,1.5333,2.00,2.40
2010.02.12 08:28:59.469,1.5329,1.5332,2.80,1.00
2010.02.12 08:29:00.495,1.533,1.5333,1.00,2.40
2010.02.12 08:29:00.747,1.533,1.5333,2.00,1.00
2010.02.12 08:29:01.325,1.533,1.53325,2.00,1.00
2010.02.12 08:29:01.567,1.533,1.53325,2.00,2.30
2010.02.12 08:29:01.922,1.533,1.53325,1.90,2.30
2010.02.12 08:29:02.288,1.53295,1.53325,1.90,2.30
2010.02.12 08:29:03.938,1.533,1.53325,2.00,2.30
2010.02.12 08:29:04.177,1.5329,1.53325,4.40,1.00
2010.02.12 08:29:05.926,1.5329,1.5332,4.50,1.00
2010.02.12 08:29:09.056,1.53305,1.5333,1.00,1.00
2010.02.12 08:29:09.487,1.53305,1.5333,1.00,1.60
2010.02.12 08:29:09.784,1.533,1.53325,2.00,1.00
2010.02.12 08:29:10.486,1.53285,1.5331,1.00,1.00
2010.02.12 08:29:10.845,1.53275,1.5331,2.70,2.30
2010.02.12 08:29:12.164,1.53275,1.53315,5.60,2.30
2010.02.12 08:29:13.820,1.53275,1.5331,5.50,1.00
2010.02.12 08:29:14.007,1.5328,1.5331,2.00,1.00
2010.02.12 08:29:14.716,1.5328,1.5331,1.90,1.00
2010.02.12 08:29:15.243,1.5328,1.5331,2.00,1.00
2010.02.12 08:29:15.598,1.5327,1.5331,4.80,4.60
2010.02.12 08:29:15.962,1.5327,1.53305,2.70,1.60
2010.02.12 08:29:16.285,1.5327,1.533,3.10,1.00
2010.02.12 08:29:17.211,1.5327,1.53305,5.70,1.00
2010.02.12 08:29:18.208,1.53265,1.533,4.00,3.20
2010.02.12 08:29:18.550,1.53265,1.53295,3.20,2.30
2010.02.12 08:29:18.892,1.53255,1.5329,5.70,1.00
2010.02.12 08:29:19.256,1.53265,1.5329,3.10,1.00
2010.02.12 08:29:19.599,1.53265,1.53295,4.10,1.00
2010.02.12 08:29:20.214,1.5327,1.533,2.00,4.10
2010.02.12 08:29:21.257,1.5327,1.533,2.00,2.50
2010.02.12 08:29:21.809,1.53265,1.53295,1.00,1.60
2010.02.12 08:29:22.169,1.5327,1.533,1.90,2.40
2010.02.12 08:29:22.831,1.5326,1.53295,1.00,3.20
2010.02.12 08:29:23.198,1.53255,1.53295,4.40,3.90
2010.02.12 08:29:23.880,1.53255,1.5329,2.50,2.40
2010.02.12 08:29:24.287,1.53265,1.5329,1.90,1.00
2010.02.12 08:29:24.906,1.5326,1.5329,1.90,1.00
2010.02.12 08:29:25.258,1.5326,1.5329,2.00,1.00
2010.02.12 08:29:26.137,1.5326,1.5329,2.00,1.00
2010.02.12 08:29:26.382,1.5326,1.5329,1.90,1.00
2010.02.12 08:29:27.080,1.5326,1.53295,4.40,1.00
2010.02.12 08:29:27.440,1.53255,1.53285,2.40,1.00
2010.02.12 08:29:28.055,1.53255,1.53295,2.50,8.60
2010.02.12 08:29:28.423,1.53255,1.53295,4.40,4.00
2010.02.12 08:29:29.143,1.53255,1.53285,4.40,1.00
2010.02.12 08:29:29.497,1.53255,1.53285,2.80,1.00
2010.02.12 08:29:30.159,1.5325,1.53285,2.40,1.60
2010.02.12 08:29:30.527,1.53245,1.53275,2.40,1.00
2010.02.12 08:29:31.130,1.53245,1.5327,2.40,1.00
2010.02.12 08:29:32.170,1.53245,1.53275,2.40,1.00
2010.02.12 08:29:32.917,1.53255,1.53285,4.40,1.00
2010.02.12 08:29:33.974,1.53255,1.53285,1.00,1.60
2010.02.12 08:29:34.362,1.53245,1.53285,6.30,2.40
2010.02.12 08:29:34.730,1.5325,1.5328,4.30,1.00
2010.02.12 08:29:35.369,1.53245,1.53275,1.00,1.00
2010.02.12 08:29:35.730,1.5325,1.53275,1.00,1.00
2010.02.12 08:29:36.465,1.5325,1.53285,2.70,2.40
2010.02.12 08:29:37.146,1.5325,1.5328,5.90,1.00
2010.02.12 08:29:37.517,1.53255,1.5329,2.70,2.40
2010.02.12 08:29:38.194,1.53255,1.53285,2.70,1.60
2010.02.12 08:29:38.561,1.5325,1.5328,2.80,1.00
2010.02.12 08:29:38.909,1.5325,1.5328,2.70,1.00
2010.02.12 08:29:39.271,1.53245,1.53275,1.00,1.60
2010.02.12 08:29:39.581,1.5324,1.5327,1.00,1.60
2010.02.12 08:29:41.155,1.5324,1.5326,1.00,1.00
2010.02.12 08:29:43.232,1.5324,1.53265,1.00,1.00
2010.02.12 08:29:43.600,1.53235,1.5326,2.70,1.00
2010.02.12 08:29:43.873,1.5323,1.5326,4.40,1.00
2010.02.12 08:29:44.281,1.5323,1.5327,4.40,2.30
2010.02.12 08:29:44.564,1.5325,1.5328,2.70,1.60
2010.02.12 08:29:45.123,1.5326,1.5329,3.90,1.50
2010.02.12 08:29:45.486,1.53265,1.533,2.80,2.30
2010.02.12 08:29:45.841,1.5327,1.533,2.70,1.00
2010.02.12 08:29:46.255,1.5327,1.53295,1.90,1.00
2010.02.12 08:29:46.602,1.5326,1.53295,2.40,1.00
2010.02.12 08:29:47.509,1.53255,1.53275,1.00,1.60
2010.02.12 08:29:48.207,1.53245,1.5327,1.00,1.00
2010.02.12 08:29:48.561,1.5324,1.5327,2.40,1.00
2010.02.12 08:29:49.197,1.5324,1.5327,2.40,1.00
2010.02.12 08:29:50.254,1.5324,1.53265,2.40,1.00
2010.02.12 08:29:50.629,1.5324,1.5327,2.40,1.00
2010.02.12 08:29:50.982,1.53245,1.5327,1.00,1.00
2010.02.12 08:29:51.223,1.5324,1.5327,2.40,1.00
2010.02.12 08:29:53.444,1.5324,1.5327,1.00,1.00
2010.02.12 08:29:54.044,1.53235,1.5327,4.10,1.00
2010.02.12 08:29:55.868,1.53235,1.53255,2.40,1.00
2010.02.12 08:29:56.501,1.5323,1.53255,1.00,1.00
2010.02.12 08:29:56.845,1.5322,1.53255,5.70,1.00
2010.02.12 08:29:57.196,1.5324,1.53275,1.60,1.50
2010.02.12 08:29:57.627,1.5324,1.53275,2.40,1.00
2010.02.12 08:29:57.984,1.5325,1.53295,2.00,2.40
2010.02.12 08:29:58.655,1.5326,1.53295,4.00,1.00
2010.02.12 08:29:59.006,1.5326,1.53275,2.40,1.00
2010.02.12 08:29:59.646,1.53255,1.53275,5.60,1.00
2010.02.12 08:30:00.017,1.53275,1.53295,1.60,1.00
2010.02.12 08:30:00.701,1.53265,1.5329,4.00,1.00
2010.02.12 08:30:01.067,1.5326,1.5329,1.00,1.00
2010.02.12 08:30:01.568,1.5326,1.5328,2.40,1.00
2010.02.12 08:30:01.923,1.53255,1.53275,8.00,1.00
2010.02.12 08:30:02.367,1.53255,1.53275,4.00,1.00
2010.02.12 08:30:02.724,1.53255,1.53275,1.90,1.00
2010.02.12 08:30:03.357,1.53255,1.5328,1.90,1.00
2010.02.12 08:30:03.715,1.53255,1.53275,1.90,1.00
2010.02.12 08:30:05.745,1.5326,1.5329,1.00,1.00
2010.02.12 08:30:05.969,1.5326,1.5329,2.70,1.00
2010.02.12 08:30:06.527,1.5326,1.5329,1.90,2.40
2010.02.12 08:30:06.754,1.53255,1.53275,2.70,1.00
2010.02.12 08:30:07.769,1.53255,1.53285,2.70,1.00
2010.02.12 08:30:08.136,1.53265,1.5329,1.90,1.00
2010.02.12 08:30:08.486,1.53265,1.5329,1.90,1.00
2010.02.12 08:30:08.867,1.5326,1.5329,1.90,2.40
2010.02.12 08:30:10.376,1.53265,1.5329,1.90,2.40
2010.02.12 08:30:10.728,1.53265,1.5329,1.90,1.00
2010.02.12 08:30:11.449,1.53265,1.53285,1.90,1.00
2010.02.12 08:30:11.804,1.53255,1.53285,4.30,1.00
2010.02.12 08:30:12.449,1.53255,1.53285,1.90,1.00
2010.02.12 08:30:12.819,1.53255,1.53275,1.90,1.00
2010.02.12 08:30:13.483,1.53255,1.5328,1.00,1.00
2010.02.12 08:30:13.834,1.53255,1.5328,4.40,1.00
2010.02.12 08:30:14.180,1.53255,1.5328,2.80,1.00
2010.02.12 08:30:14.896,1.53265,1.5329,1.90,2.40
2010.02.12 08:30:15.867,1.53255,1.53285,1.60,1.00
2010.02.12 08:30:16.232,1.53255,1.5328,1.60,1.00
2010.02.12 08:30:16.573,1.53265,1.5328,1.90,1.00
2010.02.12 08:30:16.914,1.5326,1.53285,1.40,1.00
2010.02.12 08:30:17.608,1.5327,1.5329,1.40,1.00
2010.02.12 08:30:17.962,1.5326,1.5329,1.50,1.00
2010.02.12 08:30:18.313,1.5326,1.5329,3.90,1.00
2010.02.12 08:30:18.965,1.5326,1.5329,3.90,1.00
2010.02.12 08:30:19.317,1.5326,1.5329,3.80,1.00
2010.02.12 08:30:19.833,1.5326,1.5329,3.90,1.00
2010.02.12 08:30:20.076,1.5326,1.5329,3.80,1.00
2010.02.12 08:30:20.281,1.5326,1.5329,3.80,1.00
2010.02.12 08:30:20.771,1.5326,1.5329,3.90,1.00
2010.02.12 08:30:23.069,1.5326,1.5329,3.80,1.00
2010.02.12 08:30:23.545,1.5326,1.5329,4.00,1.00
2010.02.12 08:30:23.780,1.5326,1.5329,3.90,1.00
2010.02.12 08:30:25.373,1.5326,1.53285,3.80,1.00
2010.02.12 08:30:25.718,1.53255,1.53285,3.80,1.00
2010.02.12 08:30:26.409,1.53255,1.5328,3.80,1.00
2010.02.12 08:30:26.613,1.53255,1.5328,3.90,1.00
2010.02.12 08:30:27.108,1.5325,1.5328,1.60,1.00
2010.02.12 08:30:27.478,1.53245,1.5327,3.80,1.00
2010.02.12 08:30:27.834,1.53245,1.53275,3.80,1.00
2010.02.12 08:30:28.456,1.53245,1.53275,3.90,1.00
2010.02.12 08:30:28.817,1.53245,1.53275,3.80,1.00
2010.02.12 08:30:29.288,1.53245,1.53275,3.90,1.00
2010.02.12 08:30:29.864,1.53245,1.53275,3.80,1.00
2010.02.12 08:30:30.561,1.53245,1.53275,3.90,1.00
2010.02.12 08:30:34.278,1.5325,1.53285,3.80,1.00
2010.02.12 08:30:34.733,1.5325,1.53275,2.40,1.00
2010.02.12 08:30:34.972,1.5325,1.53285,3.80,1.00
2010.02.12 08:30:35.575,1.5325,1.5328,2.20,1.00
2010.02.12 08:30:36.170,1.53255,1.5328,3.80,1.00
2010.02.12 08:30:37.215,1.53255,1.5328,3.90,1.00
2010.02.12 08:30:38.748,1.53255,1.5328,2.30,1.00
2010.02.12 08:30:39.436,1.53255,1.5328,3.90,1.00
2010.02.12 08:30:39.586,1.53255,1.5328,1.40,1.00
2010.02.12 08:30:40.023,1.5325,1.5328,3.00,1.00
2010.02.12 08:30:40.186,1.53245,1.5328,4.00,1.00
2010.02.12 08:30:40.643,1.5325,1.5328,3.80,1.00
2010.02.12 08:30:42.095,1.5326,1.5329,1.00,1.00
2010.02.12 08:30:43.724,1.5326,1.5329,2.20,1.00
2010.02.12 08:30:44.086,1.5326,1.5329,2.30,1.00
2010.02.12 08:30:44.336,1.5326,1.53295,1.00,2.40
2010.02.12 08:30:46.054,1.53265,1.53295,1.00,2.40
2010.02.12 08:30:46.452,1.53265,1.53295,1.00,1.00
2010.02.12 08:30:46.837,1.5326,1.53295,1.00,1.60
2010.02.12 08:30:47.440,1.53265,1.53295,1.00,2.40
2010.02.12 08:30:47.813,1.53255,1.53285,2.90,1.00
2010.02.12 08:30:48.495,1.53255,1.53285,2.50,1.00
2010.02.12 08:30:48.856,1.53255,1.5329,1.00,1.00
2010.02.12 08:30:49.187,1.53255,1.5329,1.00,2.40
2010.02.12 08:30:49.580,1.53255,1.5329,1.00,2.30
2010.02.12 08:30:49.961,1.53265,1.53295,1.40,1.00
2010.02.12 08:30:50.594,1.5326,1.53295,3.90,1.00
2010.02.12 08:30:50.938,1.5326,1.53295,3.80,1.00
2010.02.12 08:30:51.646,1.53255,1.53295,2.20,2.30
2010.02.12 08:30:52.035,1.53245,1.53285,1.20,2.40
2010.02.12 08:30:52.535,1.53245,1.5328,1.20,2.30
2010.02.12 08:30:52.890,1.5325,1.53285,2.20,2.40
2010.02.12 08:30:54.209,1.5325,1.53285,2.30,2.40
2010.02.12 08:30:55.245,1.53255,1.53285,1.00,2.40
2010.02.12 08:30:55.520,1.5325,1.53285,2.40,2.50
2010.02.12 08:30:56.738,1.5325,1.5328,2.20,1.00
2010.02.12 08:30:57.080,1.5325,1.5328,1.00,1.00
2010.02.12 08:30:57.942,1.53245,1.53275,1.40,1.00
2010.02.12 08:30:58.232,1.5324,1.53275,2.40,3.20
2010.02.12 08:30:58.929,1.5324,1.53265,2.40,1.00
2010.02.12 08:30:59.688,1.53245,1.53265,1.00,1.00
2010.02.12 08:30:59.895,1.5326,1.53275,1.40,2.30
2010.02.12 08:31:00.377,1.5326,1.53285,1.40,2.30
2010.02.12 08:31:01.091,1.53255,1.53285,1.00,2.30
2010.02.12 08:31:01.737,1.53255,1.5329,1.00,2.40
2010.02.12 08:31:02.079,1.53255,1.53285,1.00,2.40
2010.02.12 08:31:03.110,1.5325,1.53285,2.40,2.50
2010.02.12 08:31:03.473,1.5325,1.5328,1.60,2.30
2010.02.12 08:31:04.189,1.5325,1.53275,1.40,1.60
2010.02.12 08:31:04.402,1.53245,1.53275,1.00,2.40
2010.02.12 08:31:04.991,1.53245,1.53275,1.00,1.00
2010.02.12 08:31:05.352,1.53245,1.53275,1.00,1.00
2010.02.12 08:31:05.996,1.53245,1.53275,2.50,1.00
2010.02.12 08:31:06.368,1.53245,1.5328,2.50,1.00
2010.02.12 08:31:06.727,1.5325,1.53285,1.00,2.40
2010.02.12 08:31:07.421,1.53255,1.53285,2.50,1.00
2010.02.12 08:31:08.274,1.5325,1.53285,1.40,1.00
2010.02.12 08:31:08.638,1.53245,1.5328,3.80,1.00
2010.02.12 08:31:09.808,1.53245,1.5327,2.40,1.00
2010.02.12 08:31:10.892,1.53245,1.53265,1.00,1.60
2010.02.12 08:31:11.565,1.5323,1.5326,4.00,1.00
2010.02.12 08:31:11.854,1.5323,1.53255,1.40,1.00
2010.02.12 08:31:12.392,1.5323,1.5326,1.40,1.00
2010.02.12 08:31:12.765,1.53235,1.53245,1.40,1.00
2010.02.12 08:31:13.498,1.53245,1.53255,1.40,1.00
2010.02.12 08:31:14.022,1.53235,1.5325,1.40,1.00
2010.02.12 08:31:15.122,1.53235,1.53245,1.40,1.00
2010.02.12 08:31:15.492,1.53245,1.5326,1.40,1.00
2010.02.12 08:31:16.442,1.5325,1.5327,1.40,1.00
2010.02.12 08:31:17.129,1.53245,1.5326,1.40,1.00
2010.02.12 08:31:17.488,1.5325,1.53265,1.40,1.00
2010.02.12 08:31:18.137,1.53255,1.5327,1.40,2.40
2010.02.12 08:31:18.498,1.5325,1.53255,1.20,1.00
2010.02.12 08:31:18.974,1.5322,1.53255,5.00,1.00
2010.02.12 08:31:19.331,1.53205,1.53255,3.80,2.40
2010.02.12 08:31:20.296,1.53205,1.5325,3.00,1.00
2010.02.12 08:31:20.964,1.53215,1.5324,1.00,1.00
2010.02.12 08:31:21.330,1.53215,1.53245,2.20,1.00
2010.02.12 08:31:22.104,1.53225,1.53245,2.20,1.00
2010.02.12 08:31:23.244,1.53225,1.5326,2.20,2.40
2010.02.12 08:31:23.600,1.5323,1.5326,1.40,1.00
2010.02.12 08:31:24.240,1.5323,1.53245,1.40,1.00
2010.02.12 08:31:24.552,1.5322,1.53245,1.40,2.30
2010.02.12 08:31:25.131,1.5322,1.53245,1.40,1.00
2010.02.12 08:31:25.481,1.5322,1.53225,1.40,1.00
2010.02.12 08:31:25.943,1.5321,1.53225,1.00,1.00
2010.02.12 08:31:26.291,1.53205,1.53225,1.40,1.00
2010.02.12 08:31:27.022,1.53205,1.5323,1.00,2.30
2010.02.12 08:31:27.655,1.53215,1.5325,1.40,2.40
2010.02.12 08:31:28.010,1.53215,1.5325,2.20,2.30
2010.02.12 08:31:28.726,1.53215,1.5325,2.20,3.90
2010.02.12 08:31:29.077,1.53225,1.53245,1.40,2.40
2010.02.12 08:31:29.760,1.53225,1.5324,1.40,1.00
2010.02.12 08:31:30.387,1.53225,1.53245,1.40,1.60
2010.02.12 08:31:30.482,1.53235,1.5325,1.40,1.00
2010.02.12 08:31:30.844,1.5322,1.53245,1.40,4.00
2010.02.12 08:31:31.729,1.5322,1.5324,1.40,2.30
2010.02.12 08:31:32.398,1.5322,1.5324,1.40,2.40
2010.02.12 08:31:32.750,1.53225,1.5324,1.00,1.60
2010.02.12 08:31:33.419,1.53215,1.53245,1.00,2.30
2010.02.12 08:31:33.781,1.53205,1.53245,3.90,2.30
2010.02.12 08:31:34.475,1.5321,1.53245,2.40,2.30
2010.02.12 08:31:34.760,1.53205,1.53245,4.00,2.30
2010.02.12 08:31:35.579,1.5321,1.5325,1.60,2.40
2010.02.12 08:31:35.958,1.5321,1.53245,2.50,2.30
2010.02.12 08:31:36.324,1.5321,1.53245,3.90,1.00
2010.02.12 08:31:36.992,1.5321,1.53245,2.50,1.00
2010.02.12 08:31:37.366,1.5321,1.53245,3.90,1.00
2010.02.12 08:31:37.983,1.5321,1.53245,2.50,1.00
2010.02.12 08:31:38.346,1.5322,1.5325,1.00,1.00
2010.02.12 08:31:38.706,1.53215,1.5325,3.10,1.00
2010.02.12 08:31:39.054,1.53215,1.5325,1.50,2.30
2010.02.12 08:31:39.352,1.5322,1.53255,1.60,1.00
2010.02.12 08:31:39.984,1.53215,1.53245,2.30,1.60
2010.02.12 08:31:40.601,1.5321,1.53245,1.00,1.50
2010.02.12 08:31:40.730,1.53205,1.5324,3.00,2.30
2010.02.12 08:31:41.085,1.532,1.53225,1.00,8.00
2010.02.12 08:31:41.450,1.532,1.53225,1.00,7.10
2010.02.12 08:31:41.807,1.532,1.53225,2.20,1.00
2010.02.12 08:31:42.172,1.532,1.5323,1.00,8.70
2010.02.12 08:31:42.530,1.53195,1.53225,1.50,4.70
2010.02.12 08:31:43.199,1.532,1.53225,1.00,1.00
2010.02.12 08:31:43.552,1.532,1.5323,1.00,1.00
2010.02.12 08:31:44.373,1.532,1.53225,1.00,2.30
2010.02.12 08:31:44.691,1.532,1.5323,1.40,1.00
2010.02.12 08:31:45.374,1.532,1.53235,1.00,2.40
2010.02.12 08:31:46.372,1.53205,1.53235,2.40,1.00
2010.02.12 08:31:46.731,1.5321,1.53235,1.00,1.00
2010.02.12 08:31:47.083,1.53205,1.53235,2.50,1.00
2010.02.12 08:31:47.451,1.53205,1.53235,1.00,1.00
2010.02.12 08:31:47.819,1.532,1.53235,2.40,2.40
2010.02.12 08:31:49.167,1.5322,1.5325,1.40,2.80
2010.02.12 08:31:49.616,1.53225,1.5324,1.40,1.00
2010.02.12 08:31:49.923,1.53205,1.5324,1.00,2.30
2010.02.12 08:31:50.803,1.53205,1.5324,1.30,2.30
2010.02.12 08:31:51.148,1.53205,1.5324,1.00,2.30
2010.02.12 08:31:51.824,1.5322,1.5325,1.40,2.40
2010.02.12 08:31:52.211,1.5322,1.53255,1.40,2.30
2010.02.12 08:31:52.803,1.5322,1.53255,1.50,2.30
2010.02.12 08:31:53.484,1.5322,1.53255,1.50,2.40
2010.02.12 08:31:53.842,1.5322,1.53255,1.50,2.30
2010.02.12 08:31:54.196,1.5322,1.53255,1.60,2.30
2010.02.12 08:31:54.564,1.5322,1.53255,3.90,2.30
2010.02.12 08:31:55.202,1.5322,1.53255,3.90,1.00
2010.02.12 08:31:55.563,1.5322,1.5325,1.50,1.00
2010.02.12 08:31:55.909,1.5321,1.53245,2.90,2.30
2010.02.12 08:31:56.557,1.5321,1.5325,2.30,2.30
2010.02.12 08:31:56.900,1.5321,1.5325,3.90,2.30
2010.02.12 08:31:57.248,1.5322,1.5325,1.00,1.60
2010.02.12 08:31:57.638,1.5322,1.53255,2.40,2.40
2010.02.12 08:31:57.997,1.5322,1.53255,1.00,3.20
2010.02.12 08:31:58.620,1.5322,1.53255,2.40,3.10
2010.02.12 08:31:58.977,1.5322,1.53255,2.50,1.00
2010.02.12 08:32:00.013,1.5322,1.53255,2.40,1.00
2010.02.12 08:32:01.805,1.53225,1.53255,1.50,1.00
2010.02.12 08:32:02.575,1.5322,1.53245,2.40,1.00
2010.02.12 08:32:03.546,1.5322,1.53255,3.90,1.00
2010.02.12 08:32:03.897,1.53225,1.5326,3.90,2.30
2010.02.12 08:32:04.247,1.5322,1.53255,2.40,2.40
2010.02.12 08:32:04.625,1.5322,1.5326,2.50,2.30
2010.02.12 08:32:04.922,1.5322,1.5326,1.00,3.10
2010.02.12 08:32:05.484,1.5322,1.5326,2.40,3.10
2010.02.12 08:32:05.876,1.5322,1.5325,1.00,1.00
2010.02.12 08:32:06.229,1.5322,1.53255,1.00,2.30
2010.02.12 08:32:06.945,1.5323,1.53255,1.40,1.00
2010.02.12 08:32:07.296,1.5323,1.53265,2.20,2.40
2010.02.12 08:32:08.003,1.5323,1.53265,2.30,1.00
2010.02.12 08:32:09.041,1.5324,1.5327,2.50,1.00
2010.02.12 08:32:09.405,1.53245,1.53275,1.00,1.00
2010.02.12 08:32:10.058,1.53245,1.53275,1.00,2.40
2010.02.12 08:32:10.413,1.5324,1.53275,1.60,2.50
2010.02.12 08:32:11.160,1.53235,1.53265,1.00,2.30
2010.02.12 08:32:11.520,1.5323,1.53265,2.50,2.30
2010.02.12 08:32:12.576,1.5323,1.5326,1.00,1.00
2010.02.12 08:32:12.931,1.5322,1.5325,1.00,1.00
2010.02.12 08:32:13.365,1.5322,1.53255,1.60,2.40
2010.02.12 08:32:13.739,1.5322,1.53255,3.80,1.00
2010.02.12 08:32:14.174,1.5323,1.53265,1.00,4.70
2010.02.12 08:32:14.542,1.53235,1.5327,1.00,2.30
2010.02.12 08:32:15.164,1.53235,1.5327,1.00,1.00
2010.02.12 08:32:15.484,1.5324,1.5327,1.00,1.00
2010.02.12 08:32:15.839,1.53245,1.5327,1.00,1.00
2010.02.12 08:32:16.231,1.53245,1.5328,2.50,2.30
2010.02.12 08:32:17.505,1.53245,1.53275,1.00,1.50
2010.02.12 08:32:17.842,1.5324,1.53275,2.50,1.50
2010.02.12 08:32:18.247,1.5324,1.5327,1.00,1.00
2010.02.12 08:32:18.948,1.53235,1.5327,2.40,1.60
2010.02.12 08:32:19.586,1.53235,1.5327,1.00,3.20
2010.02.12 08:32:19.882,1.5324,1.5327,1.00,2.30
2010.02.12 08:32:20.180,1.5324,1.5327,1.00,2.40
2010.02.12 08:32:20.479,1.5324,1.5327,1.00,1.00
2010.02.12 08:32:21.296,1.5324,1.5327,1.00,1.00
2010.02.12 08:32:21.581,1.5324,1.5327,1.00,1.70
2010.02.12 08:32:22.157,1.5324,1.5326,1.00,1.00
2010.02.12 08:32:22.438,1.53225,1.5326,1.00,4.80
2010.02.12 08:32:22.788,1.53215,1.53255,1.00,2.30
2010.02.12 08:32:23.164,1.5322,1.5325,1.00,1.00
2010.02.12 08:32:24.210,1.5322,1.53255,1.00,2.30
2010.02.12 08:32:24.882,1.53225,1.5326,1.00,1.00
2010.02.12 08:32:25.542,1.53225,1.5326,2.50,1.00
2010.02.12 08:32:25.927,1.5322,1.5325,1.40,2.30
2010.02.12 08:32:26.286,1.53215,1.53255,1.00,2.40
2010.02.12 08:32:26.646,1.53215,1.53255,3.90,2.30
2010.02.12 08:32:27.958,1.53225,1.53255,1.00,2.30
2010.02.12 08:32:28.308,1.53225,1.53255,1.00,1.00
2010.02.12 08:32:30.065,1.53215,1.5325,1.50,2.30
2010.02.12 08:32:30.629,1.53215,1.5325,1.00,2.30
2010.02.12 08:32:33.527,1.5321,1.53245,1.00,2.30
2010.02.12 08:32:33.878,1.53215,1.53245,1.00,2.30
2010.02.12 08:32:36.126,1.53215,1.5325,1.00,2.30
2010.02.12 08:32:37.246,1.53215,1.5324,1.00,1.00
2010.02.12 08:32:37.752,1.53215,1.53245,1.00,1.00
2010.02.12 08:32:39.503,1.53215,1.53245,1.60,1.00
2010.02.12 08:32:39.960,1.53215,1.5325,3.90,1.00
2010.02.12 08:32:41.548,1.53225,1.5325,1.00,1.00
2010.02.12 08:32:41.825,1.53225,1.53255,1.00,1.00
2010.02.12 08:32:42.380,1.5322,1.53255,2.50,1.00
2010.02.12 08:32:42.615,1.5321,1.53245,2.90,2.30
2010.02.12 08:32:43.613,1.53215,1.5325,2.40,2.30
2010.02.12 08:32:44.929,1.5322,1.53255,1.00,2.30
2010.02.12 08:32:45.634,1.5322,1.5326,5.00,2.40
2010.02.12 08:32:46.272,1.53225,1.5326,2.30,1.00
2010.02.12 08:32:46.641,1.53225,1.5326,3.90,1.00
2010.02.12 08:32:46.990,1.5323,1.5326,1.00,1.00
2010.02.12 08:32:49.163,1.53235,1.53265,1.00,1.00
2010.02.12 08:32:52.273,1.53235,1.53265,1.00,2.30
2010.02.12 08:32:52.928,1.53225,1.53255,1.00,1.00
2010.02.12 08:32:55.145,1.53235,1.53255,1.00,1.00
2010.02.12 08:32:55.494,1.53225,1.53265,3.90,2.30
2010.02.12 08:32:56.248,1.5323,1.53265,1.00,3.10
2010.02.12 08:32:56.600,1.5323,1.53265,2.50,1.50
2010.02.12 08:32:57.307,1.5323,1.53265,3.90,1.00
2010.02.12 08:32:58.358,1.5323,1.5326,1.40,1.60
2010.02.12 08:32:58.682,1.53225,1.5325,2.20,1.00
2010.02.12 08:32:59.040,1.5322,1.53255,4.40,1.00
2010.02.12 08:32:59.363,1.5322,1.53255,2.30,2.30
2010.02.12 08:33:00.032,1.5323,1.53265,1.00,2.30
2010.02.12 08:33:00.098,1.5323,1.53265,1.00,2.40
2010.02.12 08:33:00.459,1.53225,1.5326,1.00,2.30
2010.02.12 08:33:05.595,1.5322,1.53255,1.20,2.30
2010.02.12 08:33:06.583,1.53215,1.5325,1.00,2.40
2010.02.12 08:33:06.933,1.5321,1.5324,1.00,1.00
2010.02.12 08:33:07.337,1.5321,1.53245,1.00,2.30
2010.02.12 08:33:07.694,1.5322,1.53255,1.00,2.40
2010.02.12 08:33:08.895,1.53225,1.53255,1.40,2.40
2010.02.12 08:33:09.248,1.53225,1.53255,1.40,1.00
2010.02.12 08:33:10.145,1.53225,1.53255,3.90,1.00
2010.02.12 08:33:10.773,1.5322,1.53255,1.00,1.00
2010.02.12 08:33:11.083,1.5322,1.53255,1.00,2.40
2010.02.12 08:33:11.652,1.5323,1.5326,1.40,2.40
2010.02.12 08:33:12.016,1.5323,1.5326,2.20,1.00
2010.02.12 08:33:12.813,1.5323,1.5326,3.80,1.00
2010.02.12 08:33:13.632,1.5322,1.53255,1.00,4.80
2010.02.12 08:33:14.263,1.5322,1.53255,1.00,2.40
2010.02.12 08:33:15.601,1.5323,1.53265,1.00,2.30
2010.02.12 08:33:15.951,1.53225,1.53255,1.40,2.40
2010.02.12 08:33:16.652,1.53215,1.53245,3.80,1.00
2010.02.12 08:33:17.141,1.53215,1.5325,1.00,1.60
2010.02.12 08:33:17.532,1.53225,1.5326,1.00,2.40
2010.02.12 08:33:18.085,1.53225,1.53255,2.40,1.00
2010.02.12 08:33:18.449,1.53225,1.5326,2.40,1.00
2010.02.12 08:33:19.719,1.53225,1.53255,1.00,1.60
2010.02.12 08:33:20.451,1.5322,1.53255,1.60,2.30
2010.02.12 08:33:20.801,1.5322,1.53255,1.00,3.90
2010.02.12 08:33:21.539,1.5321,1.53245,2.40,1.00
2010.02.12 08:33:21.886,1.5322,1.53245,1.00,1.00
2010.02.12 08:33:23.470,1.53215,1.53245,2.40,1.00
2010.02.12 08:33:23.844,1.5322,1.53255,1.00,4.00
2010.02.12 08:33:24.207,1.5323,1.53255,1.00,1.00
2010.02.12 08:33:24.566,1.5322,1.53255,2.40,1.00
2010.02.12 08:33:24.925,1.5322,1.53245,1.00,1.00
2010.02.12 08:33:25.299,1.5321,1.53245,4.70,1.00
2010.02.12 08:33:25.619,1.5321,1.53245,2.50,1.00
2010.02.12 08:33:25.938,1.5322,1.53245,1.00,2.30
2010.02.12 08:33:26.311,1.53215,1.53245,3.00,1.00
2010.02.12 08:33:26.681,1.53205,1.5324,3.60,1.00
2010.02.12 08:33:27.384,1.53205,1.5324,2.00,2.40
2010.02.12 08:33:28.440,1.53205,1.5324,1.00,2.40
2010.02.12 08:33:29.195,1.532,1.5323,3.90,1.00
2010.02.12 08:33:29.540,1.53205,1.5324,1.00,2.40
2010.02.12 08:33:30.835,1.532,1.5323,2.50,1.00
2010.02.12 08:33:31.678,1.53205,1.5323,1.00,1.00
2010.02.12 08:33:32.734,1.532,1.5323,2.50,1.00
2010.02.12 08:33:33.088,1.532,1.5323,1.00,1.00
2010.02.12 08:33:33.435,1.532,1.5323,1.00,2.40
2010.02.12 08:33:34.140,1.53195,1.5323,3.80,2.40
2010.02.12 08:33:34.776,1.53195,1.5323,3.90,1.00
2010.02.12 08:33:35.083,1.53205,1.53235,3.00,2.40
2010.02.12 08:33:35.663,1.53205,1.53225,3.00,1.00
2010.02.12 08:33:36.019,1.532,1.5322,1.00,1.00
2010.02.12 08:33:37.340,1.532,1.5322,2.40,1.00
2010.02.12 08:33:37.765,1.532,1.5323,2.40,1.00
2010.02.12 08:33:38.469,1.53205,1.5323,1.60,1.00
2010.02.12 08:33:38.899,1.5321,1.53235,1.00,1.00
2010.02.12 08:33:39.252,1.532,1.5323,1.00,1.00
2010.02.12 08:33:39.904,1.5321,1.5323,1.00,1.00
2010.02.12 08:33:40.220,1.532,1.5323,1.00,1.00
2010.02.12 08:33:40.520,1.5321,1.53235,1.00,1.00
2010.02.12 08:33:42.236,1.532,1.5323,2.30,1.00
2010.02.12 08:33:42.590,1.53195,1.5322,1.00,1.00
2010.02.12 08:33:43.150,1.5321,1.53235,1.60,1.50
2010.02.12 08:33:43.501,1.5321,1.5324,3.00,2.40
2010.02.12 08:33:44.449,1.5321,1.53235,3.00,1.00
2010.02.12 08:33:44.710,1.53215,1.5324,1.00,2.40
2010.02.12 08:33:44.961,1.5321,1.53235,1.60,1.00
2010.02.12 08:33:45.594,1.532,1.53235,3.90,1.00
2010.02.12 08:33:45.941,1.532,1.53235,4.00,1.00
2010.02.12 08:33:46.680,1.53205,1.5323,2.40,1.00
2010.02.12 08:33:47.036,1.532,1.53225,2.40,1.00
2010.02.12 08:33:47.754,1.532,1.5323,1.00,1.00
2010.02.12 08:33:48.102,1.5321,1.5324,1.60,1.00
2010.02.12 08:33:48.742,1.5321,1.5324,4.00,1.00
2010.02.12 08:33:50.153,1.53215,1.53245,2.40,1.00
2010.02.12 08:33:50.426,1.5322,1.5325,1.60,1.00
2010.02.12 08:33:51.042,1.5322,1.5325,1.60,1.00
2010.02.12 08:33:51.399,1.53215,1.53245,4.10,1.00
2010.02.12 08:33:51.759,1.53215,1.5324,1.60,1.00
2010.02.12 08:33:52.139,1.53215,1.53245,1.60,1.00
2010.02.12 08:33:52.494,1.53225,1.5325,1.60,1.00
2010.02.12 08:33:53.155,1.53225,1.53255,1.60,2.30
2010.02.12 08:33:53.534,1.5323,1.53255,1.60,2.30
2010.02.12 08:33:54.327,1.53215,1.53245,1.00,2.30
2010.02.12 08:33:54.686,1.53215,1.53245,1.60,2.30
2010.02.12 08:33:55.054,1.53215,1.53245,1.60,1.00
2010.02.12 08:33:55.396,1.53215,1.5325,1.60,2.40
2010.02.12 08:33:55.759,1.53215,1.5325,4.00,1.00
2010.02.12 08:33:56.150,1.53215,1.53255,4.00,2.30
2010.02.12 08:33:56.501,1.5322,1.53255,1.00,2.30
2010.02.12 08:33:56.846,1.53215,1.53255,4.00,2.30
2010.02.12 08:33:57.412,1.5322,1.5324,1.60,1.00
2010.02.12 08:33:57.767,1.5321,1.5324,1.00,1.00
2010.02.12 08:33:58.712,1.53205,1.5324,3.90,1.00
2010.02.12 08:33:59.072,1.53205,1.5324,1.00,2.30
2010.02.12 08:33:59.532,1.53195,1.5323,1.00,3.90
2010.02.12 08:33:59.884,1.53195,1.5323,1.00,4.70
2010.02.12 08:34:00.319,1.53195,1.5323,1.00,4.70
2010.02.12 08:34:00.687,1.532,1.5323,2.40,1.00
2010.02.12 08:34:01.938,1.53205,1.53235,1.00,1.00
2010.02.12 08:34:02.350,1.53205,1.53235,1.00,1.00
2010.02.12 08:34:02.715,1.532,1.5324,1.00,4.70
2010.02.12 08:34:04.119,1.532,1.53225,1.00,1.00
2010.02.12 08:34:04.826,1.532,1.53235,1.00,1.00
2010.02.12 08:34:05.440,1.53205,1.5323,1.00,1.00
2010.02.12 08:34:05.766,1.532,1.5323,1.00,1.00
2010.02.12 08:34:06.083,1.5318,1.53215,10.90,2.30
2010.02.12 08:34:06.459,1.5318,1.53215,2.90,1.00
2010.02.12 08:34:06.820,1.5319,1.53215,1.00,1.00
2010.02.12 08:34:07.502,1.53175,1.5321,3.80,1.00
2010.02.12 08:34:07.864,1.5317,1.5321,3.90,2.30
2010.02.12 08:34:08.247,1.53175,1.5321,1.00,2.40
2010.02.12 08:34:08.612,1.5318,1.5321,1.00,1.00
2010.02.12 08:34:09.667,1.53175,1.532,2.40,1.00
2010.02.12 08:34:10.029,1.5317,1.53205,2.50,2.50
2010.02.12 08:34:10.381,1.5317,1.53205,2.50,1.70
2010.02.12 08:34:10.666,1.53175,1.5321,5.50,2.40
2010.02.12 08:34:11.254,1.5319,1.5322,1.50,2.30
2010.02.12 08:34:11.618,1.5319,1.53225,1.00,2.30
2010.02.12 08:34:11.977,1.5319,1.53225,1.00,2.30
2010.02.12 08:34:12.686,1.5319,1.5322,1.00,1.00
2010.02.12 08:34:13.038,1.5319,1.53225,1.00,2.30
2010.02.12 08:34:13.429,1.53195,1.5323,1.00,2.40
2010.02.12 08:34:17.200,1.532,1.5323,1.40,2.30
2010.02.12 08:34:17.807,1.532,1.5323,1.40,1.00
2010.02.12 08:34:18.168,1.53205,1.53235,1.00,1.00
2010.02.12 08:34:18.519,1.53205,1.53235,1.00,1.00
2010.02.12 08:34:19.171,1.53205,1.53235,2.40,1.00
2010.02.12 08:34:19.535,1.5321,1.53245,2.40,2.40
2010.02.12 08:34:19.894,1.5322,1.5325,1.50,1.00
2010.02.12 08:34:20.487,1.53205,1.5324,1.00,2.30
2010.02.12 08:34:20.932,1.53205,1.5324,1.00,1.00
2010.02.12 08:34:21.297,1.53205,1.53235,1.40,1.00
2010.02.12 08:34:21.649,1.532,1.5323,1.00,1.00
2010.02.12 08:34:22.365,1.532,1.53235,2.50,2.30
2010.02.12 08:34:23.022,1.53215,1.5324,1.40,2.40
2010.02.12 08:34:23.374,1.5321,1.5324,1.00,1.00
2010.02.12 08:34:24.442,1.532,1.53235,1.00,1.00
2010.02.12 08:34:24.793,1.532,1.5323,1.00,1.00
2010.02.12 08:34:25.455,1.53195,1.5323,2.40,2.30
2010.02.12 08:34:26.361,1.5319,1.5323,2.50,2.30
2010.02.12 08:34:27.065,1.5319,1.5323,2.50,2.40
2010.02.12 08:34:27.431,1.532,1.53235,1.00,2.30
2010.02.12 08:34:28.260,1.53195,1.53225,1.00,2.40
2010.02.12 08:34:28.610,1.5319,1.53225,1.00,1.00
2010.02.12 08:34:29.233,1.5319,1.53225,1.00,2.40
2010.02.12 08:34:29.884,1.53195,1.53225,1.40,2.30
2010.02.12 08:34:30.218,1.53195,1.5323,2.20,2.30
2010.02.12 08:34:30.823,1.53195,1.5323,2.20,2.40
2010.02.12 08:34:31.167,1.5318,1.53215,3.30,1.00
2010.02.12 08:34:31.494,1.5318,1.53215,4.50,1.00
2010.02.12 08:34:31.857,1.5318,1.53215,3.90,1.00
2010.02.12 08:34:32.208,1.53185,1.5322,1.00,1.00
2010.02.12 08:34:32.917,1.53185,1.5322,1.00,2.40
2010.02.12 08:34:33.275,1.5319,1.53225,1.20,2.30
2010.02.12 08:34:33.619,1.5319,1.53225,1.00,2.30
2010.02.12 08:34:33.973,1.5319,1.53225,1.00,3.30
2010.02.12 08:34:34.337,1.53185,1.53215,1.00,2.30
2010.02.12 08:34:34.944,1.53185,1.53215,1.50,2.30
2010.02.12 08:34:35.988,1.5319,1.53215,1.00,2.30
2010.02.12 08:34:36.882,1.53185,1.53215,1.50,2.40
2010.02.12 08:34:36.920,1.53185,1.5321,1.50,2.30
2010.02.12 08:34:37.207,1.53185,1.5322,1.60,2.30
2010.02.12 08:34:37.483,1.53185,1.5322,2.10,1.00
2010.02.12 08:34:37.857,1.53185,1.53225,2.10,2.70
2010.02.12 08:34:38.214,1.5319,1.53225,2.00,2.30
2010.02.12 08:34:38.578,1.5319,1.53225,1.50,2.40
2010.02.12 08:34:38.936,1.5319,1.5322,1.00,2.30
2010.02.12 08:34:39.639,1.53185,1.5322,1.30,2.30
2010.02.12 08:34:39.998,1.53185,1.53215,1.20,2.30
2010.02.12 08:34:40.357,1.5319,1.5322,1.00,1.00
2010.02.12 08:34:40.718,1.5319,1.53225,3.70,1.00
2010.02.12 08:34:41.149,1.532,1.5323,1.00,1.00
2010.02.12 08:34:41.507,1.5319,1.5322,2.40,1.00
2010.02.12 08:34:42.458,1.532,1.5323,1.00,3.20
2010.02.12 08:34:42.809,1.53185,1.53215,2.40,1.00
2010.02.12 08:34:43.517,1.53185,1.5322,1.00,2.40
2010.02.12 08:34:44.153,1.53185,1.5321,1.00,2.30
2010.02.12 08:34:44.498,1.53175,1.532,1.00,1.00
2010.02.12 08:34:44.849,1.5317,1.532,2.90,1.00
2010.02.12 08:34:45.487,1.5317,1.532,2.10,1.00
2010.02.12 08:34:45.802,1.53185,1.5321,1.00,2.30
2010.02.12 08:34:47.206,1.53175,1.53205,1.00,1.00
2010.02.12 08:34:47.578,1.53175,1.53205,1.20,1.00
2010.02.12 08:34:47.937,1.53165,1.532,3.50,2.40
2010.02.12 08:34:48.285,1.5317,1.532,2.40,1.00
2010.02.12 08:34:48.646,1.5317,1.53205,4.10,1.00
2010.02.12 08:34:49.000,1.5318,1.53205,1.00,1.00
2010.02.12 08:34:49.726,1.5319,1.53215,1.00,2.30
2010.02.12 08:34:50.082,1.5318,1.53215,1.00,2.40
2010.02.12 08:34:51.012,1.53185,1.53215,3.10,1.00
2010.02.12 08:34:51.522,1.53185,1.5321,3.00,1.00
2010.02.12 08:34:51.784,1.5318,1.5321,1.00,1.00
2010.02.12 08:34:52.500,1.5318,1.5322,3.80,2.40
2010.02.12 08:34:53.478,1.532,1.5322,1.00,1.00
2010.02.12 08:34:53.836,1.532,1.5323,1.70,1.00
2010.02.12 08:34:54.183,1.532,1.5323,1.00,1.00
2010.02.12 08:34:54.484,1.53195,1.5323,2.80,2.40
2010.02.12 08:34:55.075,1.5318,1.5322,1.30,2.40
2010.02.12 08:34:55.373,1.5318,1.53215,1.30,2.30
2010.02.12 08:34:55.721,1.5318,1.53215,1.30,1.00
2010.02.12 08:34:56.072,1.5318,1.5321,1.30,1.00
2010.02.12 08:34:56.571,1.53185,1.53215,1.00,1.00
2010.02.12 08:34:57.885,1.5318,1.53215,1.30,1.00
2010.02.12 08:34:59.183,1.5318,1.53215,2.90,1.00
2010.02.12 08:34:59.527,1.5318,1.53215,1.30,1.00
2010.02.12 08:35:00.350,1.53195,1.53215,1.00,1.00
2010.02.12 08:35:00.700,1.53185,1.5321,1.00,1.00
2010.02.12 08:35:01.048,1.53185,1.5321,1.50,1.00
2010.02.12 08:35:01.440,1.5319,1.5321,1.40,1.00
2010.02.12 08:35:01.801,1.53195,1.5321,1.00,1.00
2010.02.12 08:35:02.411,1.5319,1.53215,1.40,2.30
2010.02.12 08:35:02.775,1.53185,1.5321,1.00,1.00
2010.02.12 08:35:03.407,1.53175,1.5321,3.30,1.70
2010.02.12 08:35:03.759,1.53175,1.53205,1.00,1.00
2010.02.12 08:35:04.380,1.53175,1.53205,1.00,1.00
2010.02.12 08:35:04.482,1.5317,1.53205,3.90,1.00
2010.02.12 08:35:04.832,1.53175,1.53205,1.00,1.00
2010.02.12 08:35:05.892,1.5318,1.5321,1.00,2.30
2010.02.12 08:35:06.558,1.5318,1.53215,1.00,2.40
2010.02.12 08:35:06.918,1.5318,1.5321,1.00,2.30
2010.02.12 08:35:07.643,1.5318,1.5321,1.00,1.00
2010.02.12 08:35:08.007,1.53175,1.5321,2.50,2.40
2010.02.12 08:35:08.363,1.5318,1.5321,1.00,1.00
2010.02.12 08:35:09.067,1.5318,1.5321,1.00,1.00
2010.02.12 08:35:09.694,1.5318,1.5321,1.00,1.00
2010.02.12 08:35:10.378,1.5318,1.53215,1.00,3.90
2010.02.12 08:35:10.700,1.5318,1.53215,1.00,2.30
2010.02.12 08:35:11.062,1.5318,1.53215,4.10,2.40
2010.02.12 08:35:11.394,1.5318,1.53215,4.30,4.00
2010.02.12 08:35:11.737,1.5319,1.53215,1.00,4.00
2010.02.12 08:35:12.463,1.53195,1.5322,1.00,2.30
2010.02.12 08:35:12.820,1.5318,1.53215,1.00,2.70
2010.02.12 08:35:13.451,1.53175,1.5321,3.90,3.90
2010.02.12 08:35:13.797,1.53175,1.5321,3.90,2.30
2010.02.12 08:35:14.150,1.53185,1.53215,1.00,1.00
2010.02.12 08:35:14.496,1.53185,1.53215,1.90,1.00
2010.02.12 08:35:14.846,1.5319,1.53215,1.00,1.00
2010.02.12 08:35:15.448,1.5319,1.53215,1.00,1.00
2010.02.12 08:35:15.806,1.53185,1.53215,1.50,2.30
2010.02.12 08:35:16.631,1.53185,1.53215,1.40,2.40
2010.02.12 08:35:16.985,1.5318,1.5321,1.00,2.30
2010.02.12 08:35:17.705,1.5318,1.5321,1.00,3.10
2010.02.12 08:35:18.311,1.5317,1.53195,1.00,1.60
2010.02.12 08:35:18.665,1.53165,1.5319,1.00,2.30
2010.02.12 08:35:20.003,1.5316,1.5319,1.50,2.30
2010.02.12 08:35:20.232,1.5316,1.53195,2.90,1.00
2010.02.12 08:35:20.547,1.5316,1.532,2.90,2.40
2010.02.12 08:35:20.770,1.53165,1.532,2.40,2.40
2010.02.12 08:35:21.742,1.5317,1.532,1.00,1.00
2010.02.12 08:35:22.095,1.5317,1.53205,2.50,1.00
2010.02.12 08:35:22.449,1.5317,1.532,1.00,1.00
2010.02.12 08:35:22.798,1.53175,1.5321,3.90,4.40
2010.02.12 08:35:23.158,1.53175,1.53205,2.40,1.00
2010.02.12 08:35:24.462,1.5317,1.532,1.00,1.00
2010.02.12 08:35:24.810,1.53165,1.532,1.00,1.00
2010.02.12 08:35:25.729,1.5317,1.532,1.00,1.00
2010.02.12 08:35:26.810,1.53165,1.532,2.50,1.00
2010.02.12 08:35:27.159,1.5317,1.532,1.00,2.30
2010.02.12 08:35:27.864,1.53165,1.532,4.20,1.60
2010.02.12 08:35:28.214,1.5317,1.532,1.00,1.00
2010.02.12 08:35:28.917,1.5317,1.532,1.00,2.40
2010.02.12 08:35:29.266,1.5317,1.532,1.00,1.00
2010.02.12 08:35:29.647,1.5317,1.532,2.40,1.00
2010.02.12 08:35:30.001,1.53175,1.53205,1.00,1.00
2010.02.12 08:35:30.666,1.53165,1.5319,3.20,1.00
2010.02.12 08:35:31.030,1.53165,1.53195,1.40,2.30
2010.02.12 08:35:31.404,1.53165,1.532,2.40,1.00
2010.02.12 08:35:31.756,1.53185,1.53205,1.00,1.00
2010.02.12 08:35:32.184,1.5319,1.5321,1.60,1.00
2010.02.12 08:35:32.536,1.5319,1.53215,1.00,1.00
2010.02.12 08:35:33.736,1.5318,1.53215,1.00,2.30
2010.02.12 08:35:34.134,1.5317,1.53205,3.80,2.30
2010.02.12 08:35:34.499,1.53185,1.53205,1.40,1.00
2010.02.12 08:35:35.423,1.53175,1.5321,1.00,2.40
2010.02.12 08:35:35.754,1.53175,1.53205,1.00,2.40
2010.02.12 08:35:36.157,1.53175,1.53205,1.00,4.00
2010.02.12 08:35:36.528,1.5317,1.53205,2.20,2.40
2010.02.12 08:35:37.110,1.53165,1.532,2.30,2.30
2010.02.12 08:35:37.812,1.5318,1.53205,2.90,1.00
2010.02.12 08:35:38.194,1.5318,1.532,1.00,1.00
2010.02.12 08:35:38.550,1.53175,1.53195,1.00,2.30
2010.02.12 08:35:39.120,1.5316,1.53195,2.50,2.30
2010.02.12 08:35:39.812,1.53155,1.5318,1.00,2.30
2010.02.12 08:35:40.519,1.53155,1.53185,1.00,2.30
2010.02.12 08:35:41.462,1.53165,1.5319,1.00,1.00
2010.02.12 08:35:41.809,1.53175,1.53195,1.20,1.00
2010.02.12 08:35:42.170,1.5317,1.53195,1.30,1.00
2010.02.12 08:35:42.545,1.5317,1.5319,1.00,1.00
2010.02.12 08:35:42.815,1.5316,1.53185,1.00,2.30
2010.02.12 08:35:43.443,1.5316,1.5319,1.00,2.30
2010.02.12 08:35:43.720,1.5315,1.53185,3.20,1.00
2010.02.12 08:35:44.585,1.5316,1.53195,1.00,2.30
2010.02.12 08:35:45.380,1.5317,1.53205,3.60,2.30
2010.02.12 08:35:46.022,1.5317,1.53195,1.00,1.60
2010.02.12 08:35:46.361,1.53165,1.5319,1.00,1.00
2010.02.12 08:35:46.715,1.5315,1.53185,3.30,2.30
2010.02.12 08:35:47.084,1.5315,1.53185,3.30,2.40
2010.02.12 08:35:47.435,1.5315,1.53185,2.50,2.40
2010.02.12 08:35:47.779,1.5315,1.53185,2.50,2.30
2010.02.12 08:35:48.778,1.5317,1.53195,1.00,2.70
2010.02.12 08:35:49.338,1.53165,1.53185,1.00,1.00
2010.02.12 08:35:49.692,1.5315,1.53185,1.00,2.30
2010.02.12 08:35:50.118,1.53145,1.5318,2.80,1.00
2010.02.12 08:35:50.492,1.53135,1.5317,2.10,1.00
2010.02.12 08:35:50.906,1.5314,1.5317,1.00,1.00
2010.02.12 08:35:51.294,1.53145,1.53175,1.00,1.00
2010.02.12 08:35:51.932,1.5315,1.5318,1.00,2.30
2010.02.12 08:35:52.282,1.5315,1.5318,1.00,2.30
2010.02.12 08:35:52.980,1.53155,1.5318,1.00,2.30
2010.02.12 08:35:53.452,1.53155,1.5318,1.00,1.00
2010.02.12 08:35:53.795,1.53155,1.53185,1.00,2.40
2010.02.12 08:35:54.144,1.5315,1.53185,1.00,2.50
2010.02.12 08:35:56.874,1.53145,1.5318,1.70,2.30
2010.02.12 08:35:57.231,1.53155,1.5318,1.00,2.30
2010.02.12 08:35:57.849,1.5315,1.5318,1.00,2.40
2010.02.12 08:35:58.186,1.5315,1.5318,1.00,2.30
2010.02.12 08:35:58.876,1.53155,1.5318,1.00,2.30
2010.02.12 08:35:59.228,1.53155,1.53185,1.00,1.00
2010.02.12 08:35:59.471,1.53155,1.53185,1.60,1.00
2010.02.12 08:35:59.715,1.53155,1.5319,2.90,1.00
2010.02.12 08:35:59.949,1.53155,1.53185,2.40,1.00
2010.02.12 08:36:00.272,1.53155,1.5319,2.50,1.00
2010.02.12 08:36:00.628,1.53165,1.53195,1.00,2.40
2010.02.12 08:36:02.399,1.5316,1.53185,2.40,1.00
2010.02.12 08:36:02.751,1.5316,1.53195,2.40,5.30
2010.02.12 08:36:03.098,1.5316,1.53185,2.40,1.00
2010.02.12 08:36:03.461,1.53155,1.5319,2.50,1.00
2010.02.12 08:36:03.808,1.53155,1.53185,1.00,1.00
2010.02.12 08:36:08.411,1.53155,1.53185,2.50,1.00
2010.02.12 08:36:10.175,1.53155,1.5319,2.50,1.00
2010.02.12 08:36:10.690,1.5316,1.53195,1.00,1.00
2010.02.12 08:36:10.886,1.5316,1.53195,1.00,2.40
2010.02.12 08:36:13.145,1.5316,1.53195,1.20,1.60
2010.02.12 08:36:13.413,1.5317,1.53205,1.00,2.90
2010.02.12 08:36:13.687,1.53165,1.53205,2.90,1.00
2010.02.12 08:36:14.020,1.53165,1.53205,2.90,1.00
2010.02.12 08:36:14.287,1.53165,1.53205,3.70,2.40
2010.02.12 08:36:14.641,1.5316,1.532,2.50,3.70
2010.02.12 08:36:14.999,1.53165,1.532,2.40,5.30
2010.02.12 08:36:15.344,1.5316,1.53195,2.50,1.00
2010.02.12 08:36:15.722,1.53175,1.53205,1.00,2.70
2010.02.12 08:36:16.122,1.53175,1.53205,1.00,2.80
2010.02.12 08:36:16.478,1.5317,1.532,1.00,2.30
2010.02.12 08:36:16.832,1.53165,1.5318,1.00,2.30
2010.02.12 08:36:17.355,1.53165,1.5318,1.00,3.90
2010.02.12 08:36:17.698,1.5313,1.53175,1.20,1.00
2010.02.12 08:36:18.349,1.5313,1.53175,1.00,2.90
2010.02.12 08:36:18.702,1.5314,1.5317,1.00,2.30
2010.02.12 08:36:19.054,1.5314,1.5317,5.20,1.00
2010.02.12 08:36:19.431,1.53145,1.5317,1.00,1.00
2010.02.12 08:36:19.802,1.5314,1.53175,4.00,3.70
2010.02.12 08:36:20.233,1.53135,1.5317,10.50,2.40
2010.02.12 08:36:20.588,1.53145,1.5318,8.00,2.40
2010.02.12 08:36:20.948,1.53155,1.5319,10.80,1.00
2010.02.12 08:36:21.322,1.53155,1.5319,10.80,1.00
2010.02.12 08:36:22.019,1.5316,1.5319,1.00,1.00
2010.02.12 08:36:22.974,1.53155,1.53185,10.40,1.00
2010.02.12 08:36:24.099,1.53155,1.5318,10.40,1.60
2010.02.12 08:36:24.612,1.53155,1.53185,6.80,1.00
2010.02.12 08:36:24.969,1.53155,1.5318,6.80,1.00
2010.02.12 08:36:25.249,1.53155,1.53175,1.00,1.00
2010.02.12 08:36:25.581,1.53155,1.53175,4.80,1.00
2010.02.12 08:36:25.867,1.53155,1.5319,1.00,3.70
2010.02.12 08:36:26.148,1.5315,1.5318,6.40,1.00
2010.02.12 08:36:26.589,1.5315,1.53185,2.50,3.70
2010.02.12 08:36:26.950,1.53155,1.5319,2.90,1.20
2010.02.12 08:36:27.634,1.53155,1.53185,2.40,1.00
2010.02.12 08:36:27.991,1.5315,1.53175,2.40,1.00
2010.02.12 08:36:28.848,1.53155,1.53175,1.00,1.00
2010.02.12 08:36:29.217,1.53165,1.5321,2.40,2.80
2010.02.12 08:36:29.882,1.5317,1.53215,5.30,3.60
2010.02.12 08:36:30.236,1.5317,1.532,1.00,2.30
2010.02.12 08:36:30.595,1.5317,1.532,1.00,2.30
2010.02.12 08:36:30.948,1.5317,1.532,8.40,2.30
2010.02.12 08:36:31.306,1.53155,1.53185,1.00,1.60
2010.02.12 08:36:31.550,1.5315,1.53185,1.00,2.30
2010.02.12 08:36:32.488,1.5315,1.53185,1.20,2.30
2010.02.12 08:36:32.855,1.5315,1.53185,10.10,2.30
2010.02.12 08:36:33.207,1.5315,1.53185,11.70,1.00
2010.02.12 08:36:33.905,1.53155,1.53185,1.00,1.00
2010.02.12 08:36:34.260,1.53155,1.53185,1.00,1.00
2010.02.12 08:36:34.852,1.53165,1.532,4.40,2.30
2010.02.12 08:36:35.195,1.5316,1.53195,1.60,3.60
2010.02.12 08:36:35.795,1.5316,1.53195,1.00,3.60
2010.02.12 08:36:36.141,1.5316,1.53195,1.20,2.30
2010.02.12 08:36:36.486,1.5316,1.53195,9.20,2.30
2010.02.12 08:36:36.844,1.5316,1.53195,9.20,2.50
2010.02.12 08:36:37.192,1.5316,1.53195,4.80,2.40
2010.02.12 08:36:37.540,1.53155,1.5319,8.40,2.30
2010.02.12 08:36:38.242,1.53145,1.53175,2.40,1.20
2010.02.12 08:36:38.592,1.53155,1.53185,1.00,1.00
2010.02.12 08:36:39.291,1.53155,1.53185,1.00,1.00
2010.02.12 08:36:39.880,1.53155,1.53185,1.00,2.30
2010.02.12 08:36:40.897,1.53155,1.5319,1.00,2.30
2010.02.12 08:36:41.264,1.53155,1.5319,1.00,3.20
2010.02.12 08:36:41.889,1.53155,1.5319,1.00,2.40
2010.02.12 08:36:42.255,1.53155,1.5319,1.00,1.00
2010.02.12 08:36:42.617,1.53155,1.5318,1.00,1.00
2010.02.12 08:36:43.256,1.5314,1.53175,2.90,1.00
2010.02.12 08:36:43.613,1.5314,1.53175,3.70,1.00
2010.02.12 08:36:43.969,1.53135,1.53165,1.00,1.00
2010.02.12 08:36:44.468,1.53135,1.5317,1.70,2.30
2010.02.12 08:36:44.816,1.53135,1.53175,1.00,2.40
2010.02.12 08:36:46.356,1.53135,1.53165,1.00,1.00
2010.02.12 08:36:48.395,1.5313,1.5316,2.50,1.20
2010.02.12 08:36:48.749,1.5314,1.5317,1.20,1.00
2010.02.12 08:36:49.118,1.5314,1.53175,1.20,3.60
2010.02.12 08:36:49.465,1.5314,1.5317,1.20,1.00
2010.02.12 08:36:49.814,1.5314,1.5317,1.00,1.00
2010.02.12 08:36:50.188,1.5314,1.5317,1.00,1.00
2010.02.12 08:36:51.216,1.53145,1.53165,1.00,1.00
2010.02.12 08:36:51.844,1.53135,1.53165,1.00,1.00
2010.02.12 08:36:52.113,1.53135,1.53165,1.00,1.00
2010.02.12 08:36:52.574,1.5313,1.53165,1.20,2.30
2010.02.12 08:36:52.929,1.5313,1.53165,1.00,2.30
2010.02.12 08:36:53.505,1.53135,1.53165,1.00,1.00
2010.02.12 08:36:53.859,1.53145,1.53175,1.00,1.00
2010.02.12 08:36:54.233,1.5314,1.53175,1.00,1.00
2010.02.12 08:36:54.589,1.53145,1.53175,1.00,1.00
2010.02.12 08:36:54.937,1.5314,1.53175,3.70,1.00
2010.02.12 08:36:55.289,1.5314,1.53175,3.60,1.00
2010.02.12 08:36:55.634,1.53145,1.53175,1.00,1.00
2010.02.12 08:36:56.676,1.5314,1.53175,2.80,1.00
2010.02.12 08:36:58.504,1.5315,1.53175,1.00,1.00
2010.02.12 08:36:59.814,1.5315,1.53175,2.40,1.00
2010.02.12 08:37:00.162,1.5315,1.53175,2.80,1.00
2010.02.12 08:37:00.512,1.5316,1.5319,1.00,3.30
2010.02.12 08:37:00.871,1.5316,1.5319,1.00,2.00
2010.02.12 08:37:01.224,1.53155,1.53185,1.00,1.00
2010.02.12 08:37:01.571,1.5315,1.53185,2.80,1.00
2010.02.12 08:37:02.259,1.5315,1.5318,2.80,1.00
2010.02.12 08:37:02.613,1.5315,1.53175,2.40,1.00
2010.02.12 08:37:06.176,1.5315,1.53175,1.00,1.00
2010.02.12 08:37:07.877,1.5314,1.53175,2.40,1.60
2010.02.12 08:37:08.472,1.53145,1.53165,1.00,1.00
2010.02.12 08:37:08.842,1.53155,1.5317,2.40,1.00
2010.02.12 08:37:09.266,1.53155,1.53175,2.40,1.00
2010.02.12 08:37:09.629,1.53155,1.5317,2.40,1.00
2010.02.12 08:37:10.538,1.5317,1.5318,1.60,1.00
2010.02.12 08:37:11.199,1.53165,1.5318,2.50,1.00
2010.02.12 08:37:11.560,1.53165,1.532,4.80,3.60
2010.02.12 08:37:12.011,1.5318,1.53205,1.00,6.80
2010.02.12 08:37:12.363,1.53185,1.532,2.00,1.00
2010.02.12 08:37:12.934,1.53195,1.532,1.00,1.00
2010.02.12 08:37:13.309,1.53195,1.5324,2.80,1.50
2010.02.12 08:37:13.828,1.53195,1.5324,2.40,2.00
2010.02.12 08:37:14.184,1.5319,1.53235,2.10,2.30
2010.02.12 08:37:14.842,1.5319,1.53225,1.40,2.30
2010.02.12 08:37:15.255,1.53185,1.53215,1.00,1.00
2010.02.12 08:37:15.688,1.53185,1.5322,1.00,2.40
2010.02.12 08:37:16.031,1.5319,1.5322,1.00,1.00
2010.02.12 08:37:16.400,1.5319,1.53225,1.20,1.00
2010.02.12 08:37:16.750,1.5319,1.53225,1.00,1.00
2010.02.12 08:37:17.512,1.53195,1.53225,2.00,1.00
2010.02.12 08:37:17.860,1.53195,1.53235,2.90,1.00
2010.02.12 08:37:18.220,1.532,1.53235,2.40,1.00
2010.02.12 08:37:18.595,1.5321,1.53245,1.20,2.40
2010.02.12 08:37:19.214,1.5321,1.5324,1.00,1.00
2010.02.12 08:37:19.564,1.5321,1.5324,1.20,2.30
2010.02.12 08:37:20.184,1.5321,1.53245,2.80,2.50
2010.02.12 08:37:20.727,1.5321,1.53245,2.40,2.50
2010.02.12 08:37:21.385,1.5321,1.53245,2.80,2.30
2010.02.12 08:37:22.496,1.5321,1.5324,1.00,1.00
2010.02.12 08:37:23.142,1.532,1.53235,2.90,2.30
2010.02.12 08:37:23.489,1.53195,1.53235,1.70,5.20
2010.02.12 08:37:23.980,1.53205,1.53235,1.00,2.30
2010.02.12 08:37:24.337,1.53195,1.5323,2.80,1.00
2010.02.12 08:37:25.002,1.532,1.5323,1.00,2.30
2010.02.12 08:37:25.358,1.53205,1.53235,2.00,1.00
2010.02.12 08:37:25.706,1.53205,1.53235,1.00,1.00
2010.02.12 08:37:26.067,1.532,1.5323,1.70,1.00
2010.02.12 08:37:26.448,1.532,1.5323,1.00,1.00
2010.02.12 08:37:27.009,1.53195,1.53215,1.00,1.00
2010.02.12 08:37:27.361,1.5319,1.53215,1.00,1.00
2010.02.12 08:37:28.052,1.5318,1.5322,2.90,2.40
2010.02.12 08:37:28.414,1.5318,1.53215,6.90,1.00
2010.02.12 08:37:28.831,1.5318,1.5322,6.10,2.30
2010.02.12 08:37:29.186,1.5318,1.53215,2.50,1.00
2010.02.12 08:37:29.765,1.5318,1.53215,3.30,1.00
2010.02.12 08:37:30.125,1.5319,1.53215,1.00,1.00
2010.02.12 08:37:30.831,1.53185,1.5321,1.00,2.30
2010.02.12 08:37:31.459,1.5318,1.5321,1.00,2.30
2010.02.12 08:37:31.808,1.53175,1.53205,1.00,1.00
2010.02.12 08:37:33.191,1.5318,1.5321,1.00,1.00
2010.02.12 08:37:33.540,1.5318,1.5321,1.00,1.00
2010.02.12 08:37:33.894,1.5318,1.532,1.00,2.30
2010.02.12 08:37:34.239,1.53165,1.532,2.50,2.30
2010.02.12 08:37:34.585,1.53165,1.532,2.50,3.60
2010.02.12 08:37:34.965,1.53175,1.532,1.00,1.20
2010.02.12 08:37:35.312,1.53175,1.53205,1.70,1.00
2010.02.12 08:37:35.653,1.53165,1.53205,3.30,2.30
2010.02.12 08:37:35.993,1.53165,1.53205,2.90,2.40
2010.02.12 08:37:36.351,1.53165,1.53195,3.20,1.20
2010.02.12 08:37:36.708,1.53165,1.53195,2.40,1.20
2010.02.12 08:37:37.407,1.5317,1.53195,1.00,1.20
2010.02.12 08:37:37.793,1.5317,1.5321,4.80,2.10
2010.02.12 08:37:38.154,1.53175,1.532,1.00,1.00
2010.02.12 08:37:39.044,1.5317,1.532,2.50,1.00
2010.02.12 08:37:40.122,1.5317,1.53205,2.50,1.00
2010.02.12 08:37:41.871,1.53175,1.53205,1.00,1.00
2010.02.12 08:37:42.480,1.53175,1.53205,1.00,1.00
2010.02.12 08:37:42.838,1.5317,1.5321,2.90,2.40
2010.02.12 08:37:43.449,1.5318,1.5321,1.00,2.40
2010.02.12 08:37:43.798,1.53185,1.5322,1.00,2.30
2010.02.12 08:37:44.213,1.53185,1.5321,1.00,1.00
2010.02.12 08:37:44.584,1.53195,1.5321,1.00,1.00
2010.02.12 08:37:44.934,1.5318,1.532,1.00,1.00
2010.02.12 08:37:45.354,1.53175,1.532,1.00,1.00
2010.02.12 08:37:45.725,1.53165,1.53195,1.20,2.50
2010.02.12 08:37:46.395,1.53165,1.53185,1.00,1.00
2010.02.12 08:37:46.755,1.53165,1.532,1.00,2.30
2010.02.12 08:37:47.393,1.5317,1.53205,1.00,2.30
2010.02.12 08:37:47.757,1.53185,1.53215,1.00,1.00
2010.02.12 08:37:48.461,1.5317,1.53205,2.90,2.30
2010.02.12 08:37:48.816,1.5318,1.532,1.00,1.00
2010.02.12 08:37:49.383,1.53165,1.532,1.00,2.30
2010.02.12 08:37:49.731,1.53165,1.53195,1.00,2.30
2010.02.12 08:37:50.779,1.53165,1.5319,1.00,1.00
2010.02.12 08:37:51.078,1.5316,1.5319,1.00,1.00
2010.02.12 08:37:51.647,1.5316,1.53195,1.00,2.30
2010.02.12 08:37:51.948,1.5317,1.53205,1.00,2.50
2010.02.12 08:37:52.298,1.5317,1.53205,2.40,3.70
2010.02.12 08:37:53.009,1.53165,1.5319,2.50,1.00
2010.02.12 08:37:53.360,1.53165,1.53195,2.50,1.00
2010.02.12 08:37:54.001,1.5317,1.532,1.00,1.00
2010.02.12 08:37:54.343,1.5317,1.5319,2.40,1.00
2010.02.12 08:37:54.690,1.53165,1.5319,2.50,1.00
2010.02.12 08:37:55.048,1.5316,1.5319,1.00,1.00
2010.02.12 08:37:55.399,1.5318,1.53205,1.00,1.00
2010.02.12 08:37:55.933,1.5318,1.53205,2.80,1.00
2010.02.12 08:37:56.301,1.53185,1.53205,1.00,1.00
2010.02.12 08:37:56.668,1.53185,1.5321,1.00,1.60
2010.02.12 08:37:57.035,1.5318,1.53215,1.30,2.30
2010.02.12 08:37:57.655,1.53185,1.5322,2.80,1.00
2010.02.12 08:37:58.021,1.53185,1.5321,3.20,1.00
2010.02.12 08:37:58.423,1.53185,1.5321,2.40,1.30
2010.02.12 08:37:58.770,1.53175,1.5321,3.00,1.00
2010.02.12 08:37:59.393,1.53185,1.5321,1.00,1.00
2010.02.12 08:37:59.744,1.5318,1.5321,3.70,1.60
2010.02.12 08:38:00.405,1.53185,1.53215,1.00,1.00
2010.02.12 08:38:00.732,1.53185,1.53205,1.20,1.00
2010.02.12 08:38:01.066,1.53185,1.53215,1.00,2.90
2010.02.12 08:38:01.405,1.5319,1.53215,1.00,1.30
2010.02.12 08:38:01.759,1.5318,1.5321,2.40,1.00
2010.02.12 08:38:02.360,1.53185,1.5322,2.40,2.80
2010.02.12 08:38:02.709,1.53185,1.5322,2.90,1.00
2010.02.12 08:38:03.335,1.53185,1.5322,2.90,1.00
2010.02.12 08:38:03.689,1.5318,1.53215,2.50,1.00
2010.02.12 08:38:04.436,1.53185,1.5322,1.00,3.70
2010.02.12 08:38:05.098,1.53185,1.53215,1.00,1.00
2010.02.12 08:38:05.713,1.5318,1.53205,1.00,1.00
2010.02.12 08:38:07.154,1.5317,1.53205,2.40,1.00
2010.02.12 08:38:07.512,1.53175,1.53205,1.00,1.00
2010.02.12 08:38:07.897,1.53175,1.53205,2.90,1.00
2010.02.12 08:38:08.261,1.5318,1.53205,2.40,1.00
2010.02.12 08:38:08.893,1.5318,1.53215,2.40,1.00
2010.02.12 08:38:09.252,1.5318,1.53205,2.40,1.00
2010.02.12 08:38:10.290,1.53175,1.53205,2.50,1.00
2010.02.12 08:38:10.608,1.53175,1.53205,2.40,1.00
2010.02.12 08:38:11.248,1.5317,1.532,4.00,1.00
2010.02.12 08:38:11.869,1.5317,1.532,2.40,1.00
2010.02.12 08:38:12.874,1.5317,1.5319,2.00,1.00
2010.02.12 08:38:13.216,1.53175,1.532,1.00,1.00
2010.02.12 08:38:13.953,1.53175,1.532,2.50,1.00
2010.02.12 08:38:14.320,1.53185,1.5322,1.00,4.10
2010.02.12 08:38:14.943,1.5318,1.5322,3.30,1.00
2010.02.12 08:38:15.300,1.5319,1.5322,1.00,2.40
2010.02.12 08:38:15.958,1.532,1.5322,1.00,2.30
2010.02.12 08:38:16.264,1.5319,1.5322,1.60,1.60
2010.02.12 08:38:16.614,1.53185,1.5322,1.30,2.30
2010.02.12 08:38:17.322,1.53185,1.5322,1.20,3.70
2010.02.12 08:38:17.959,1.53185,1.5322,1.00,3.70
2010.02.12 08:38:18.305,1.53185,1.53215,1.00,1.60
2010.02.12 08:38:18.651,1.53185,1.5322,1.00,3.70
2010.02.12 08:38:19.376,1.53195,1.5323,1.00,3.70
2010.02.12 08:38:19.729,1.53205,1.5323,1.00,1.00
2010.02.12 08:38:20.092,1.5319,1.5322,1.00,1.20
2010.02.12 08:38:20.418,1.53195,1.53225,1.00,3.70
2010.02.12 08:38:20.993,1.5319,1.53225,1.00,3.70
2010.02.12 08:38:21.319,1.5319,1.53225,1.00,3.70
2010.02.12 08:38:21.669,1.5319,1.53225,1.00,2.40
2010.02.12 08:38:22.057,1.532,1.5323,2.50,1.30
2010.02.12 08:38:22.413,1.532,1.53235,1.60,3.70
2010.02.12 08:38:22.991,1.53195,1.53235,1.70,5.30
2010.02.12 08:38:23.352,1.53195,1.53225,2.50,1.00
2010.02.12 08:38:23.944,1.53195,1.5323,1.00,2.30
2010.02.12 08:38:24.299,1.53205,1.53235,1.00,2.30
2010.02.12 08:38:25.021,1.5321,1.5324,1.00,1.00
2010.02.12 08:38:25.375,1.53205,1.5323,1.00,1.00
2010.02.12 08:38:25.742,1.532,1.5323,1.00,1.00
2010.02.12 08:38:26.103,1.532,1.53225,1.00,1.00
2010.02.12 08:38:26.729,1.5319,1.53215,1.00,1.00
2010.02.12 08:38:27.090,1.53175,1.53205,1.00,2.30
2010.02.12 08:38:27.449,1.53165,1.5319,1.00,1.00
2010.02.12 08:38:27.809,1.5316,1.5319,1.00,1.00
2010.02.12 08:38:28.198,1.53165,1.53195,1.00,2.30
2010.02.12 08:38:28.806,1.53165,1.53195,1.00,2.30
2010.02.12 08:38:29.153,1.53165,1.532,1.00,2.30
2010.02.12 08:38:29.941,1.5317,1.532,1.00,2.30
2010.02.12 08:38:32.235,1.5316,1.53195,3.70,2.30
2010.02.12 08:38:32.585,1.5317,1.53195,1.00,1.60
2010.02.12 08:38:32.938,1.5317,1.532,1.00,2.30
2010.02.12 08:38:33.636,1.5317,1.53205,1.00,3.90
2010.02.12 08:38:34.256,1.53175,1.53205,1.00,2.30
2010.02.12 08:38:34.618,1.53175,1.5321,1.00,2.30
2010.02.12 08:38:34.929,1.53175,1.532,1.00,1.00
2010.02.12 08:38:35.258,1.53175,1.532,1.00,1.00
2010.02.12 08:38:35.584,1.53165,1.53195,1.00,2.30
2010.02.12 08:38:36.249,1.53165,1.53195,1.00,1.60
2010.02.12 08:38:36.602,1.53165,1.532,1.00,3.70
2010.02.12 08:38:36.959,1.53165,1.53195,1.00,1.00
2010.02.12 08:38:37.610,1.53165,1.5319,1.00,1.00
2010.02.12 08:38:37.967,1.53155,1.5319,3.10,2.00
2010.02.12 08:38:38.346,1.53155,1.53185,1.00,1.00
2010.02.12 08:38:38.695,1.5316,1.53195,1.20,2.30
2010.02.12 08:38:39.047,1.5316,1.53195,2.10,2.30
2010.02.12 08:38:39.537,1.5316,1.53195,2.10,1.00
2010.02.12 08:38:39.904,1.53165,1.53195,1.00,1.00
2010.02.12 08:38:40.537,1.53165,1.53195,1.20,1.00
2010.02.12 08:38:40.881,1.5318,1.53215,1.00,2.30
2010.02.12 08:38:41.231,1.53175,1.53205,1.00,1.00
2010.02.12 08:38:41.939,1.5317,1.53205,1.30,2.30
2010.02.12 08:38:42.286,1.53175,1.53205,1.00,2.30
2010.02.12 08:38:42.708,1.53175,1.5319,1.00,1.00
2010.02.12 08:38:43.045,1.5317,1.5319,1.00,1.20
2010.02.12 08:38:43.524,1.5316,1.5319,1.00,1.40
2010.02.12 08:38:43.872,1.53165,1.532,1.20,1.00
2010.02.12 08:38:45.187,1.53165,1.53195,1.00,1.00
2010.02.12 08:38:45.843,1.53155,1.5319,2.40,1.20
2010.02.12 08:38:46.099,1.53155,1.5319,2.50,1.20
2010.02.12 08:38:46.641,1.5316,1.53195,1.60,2.40
2010.02.12 08:38:47.000,1.53175,1.53195,1.60,1.00
2010.02.12 08:38:47.357,1.53175,1.53205,2.00,1.00
2010.02.12 08:38:47.725,1.53175,1.53185,2.80,1.00
2010.02.12 08:38:48.082,1.53155,1.53185,1.20,1.00
2010.02.12 08:38:50.351,1.53165,1.5319,1.00,1.00
2010.02.12 08:38:51.268,1.5316,1.5319,1.00,1.00
2010.02.12 08:38:51.629,1.53155,1.53185,1.00,1.00
2010.02.12 08:38:52.677,1.53155,1.5319,3.70,1.00
2010.02.12 08:38:53.005,1.53155,1.5319,10.90,1.00
2010.02.12 08:38:54.034,1.5316,1.5319,1.00,1.00
2010.02.12 08:38:54.722,1.5317,1.5319,1.00,1.00
2010.02.12 08:38:55.079,1.53165,1.532,2.50,2.70
2010.02.12 08:38:55.902,1.53165,1.53195,1.00,1.00
2010.02.12 08:38:56.816,1.53165,1.53195,1.00,1.00
2010.02.12 08:38:57.164,1.53165,1.53195,1.00,1.00
2010.02.12 08:38:57.447,1.53165,1.53195,1.00,2.40
2010.02.12 08:38:57.990,1.53155,1.5319,4.50,1.00
2010.02.12 08:38:58.264,1.5316,1.5319,1.00,1.00
2010.02.12 08:38:58.953,1.53165,1.5319,1.00,1.00
2010.02.12 08:38:59.301,1.53165,1.53195,1.00,2.40
2010.02.12 08:38:59.983,1.53165,1.532,1.30,2.70
2010.02.12 08:39:00.802,1.53165,1.532,1.00,2.70
2010.02.12 08:39:01.056,1.5317,1.532,1.00,2.70
2010.02.12 08:39:01.306,1.53165,1.532,1.30,2.70
2010.02.12 08:39:02.986,1.53175,1.532,1.00,1.00
2010.02.12 08:39:03.314,1.5316,1.5319,1.00,1.00
2010.02.12 08:39:03.661,1.5316,1.5319,1.00,2.30
2010.02.12 08:39:04.038,1.5316,1.53185,1.00,2.30
2010.02.12 08:39:05.036,1.53145,1.5318,1.00,2.30
2010.02.12 08:39:05.385,1.53145,1.53185,2.50,2.40
2010.02.12 08:39:06.303,1.53155,1.5319,1.00,2.30
2010.02.12 08:39:06.594,1.53155,1.5319,2.50,2.30
2010.02.12 08:39:06.955,1.53155,1.5319,1.00,2.30
2010.02.12 08:39:07.311,1.53155,1.53185,1.00,1.00
2010.02.12 08:39:07.929,1.53155,1.53185,1.00,1.00
2010.02.12 08:39:08.300,1.53155,1.53185,1.00,1.00
2010.02.12 08:39:09.252,1.53155,1.53185,1.00,1.00
2010.02.12 08:39:11.976,1.53145,1.5318,2.50,1.00
2010.02.12 08:39:13.064,1.53145,1.5318,1.00,2.40
2010.02.12 08:39:14.033,1.53145,1.5318,2.50,1.00
2010.02.12 08:39:16.505,1.5315,1.5319,2.50,3.60
2010.02.12 08:39:17.085,1.5315,1.53185,2.40,1.00
2010.02.12 08:39:17.433,1.5315,1.5319,2.50,2.30
2010.02.12 08:39:17.786,1.53155,1.5319,1.60,1.00
2010.02.12 08:39:18.241,1.5316,1.53195,1.00,2.40
2010.02.12 08:39:18.933,1.53155,1.5319,1.00,2.30
2010.02.12 08:39:21.402,1.53155,1.53185,1.00,2.30
2010.02.12 08:39:21.739,1.53155,1.5319,2.50,2.30
2010.02.12 08:39:22.131,1.53155,1.5319,2.50,1.00
2010.02.12 08:39:22.496,1.53165,1.5319,1.00,1.00
2010.02.12 08:39:23.126,1.5317,1.532,1.00,1.00
2010.02.12 08:39:23.479,1.5317,1.532,1.00,1.20
2010.02.12 08:39:23.829,1.5317,1.53205,2.10,2.30
2010.02.12 08:39:24.184,1.5317,1.53205,3.70,1.00
2010.02.12 08:39:24.539,1.5317,1.53205,2.10,2.30
2010.02.12 08:39:25.136,1.5317,1.53205,1.00,2.30
2010.02.12 08:39:25.468,1.5317,1.532,1.00,2.30
2010.02.12 08:39:26.169,1.5317,1.532,1.00,2.30
2010.02.12 08:39:26.526,1.5318,1.5321,1.00,2.40
2010.02.12 08:39:27.152,1.5317,1.532,1.00,1.00
2010.02.12 08:39:27.248,1.5317,1.532,1.00,1.00
2010.02.12 08:39:27.609,1.5317,1.532,1.00,2.40
2010.02.12 08:39:31.342,1.5317,1.532,1.00,1.00
2010.02.12 08:39:33.249,1.53165,1.532,1.00,2.30
2010.02.12 08:39:33.857,1.53175,1.53205,1.60,1.00
2010.02.12 08:39:34.195,1.5318,1.5321,1.00,1.00
2010.02.12 08:39:34.909,1.5318,1.5321,1.00,1.00
2010.02.12 08:39:35.268,1.5318,1.5321,1.00,1.00
2010.02.12 08:39:36.548,1.5317,1.53205,2.40,1.00
2010.02.12 08:39:36.896,1.53165,1.53205,2.50,1.00
2010.02.12 08:39:37.277,1.53165,1.532,2.50,1.00
2010.02.12 08:39:38.672,1.53175,1.53205,1.00,1.00
2010.02.12 08:39:39.737,1.5318,1.5321,2.90,1.00
2010.02.12 08:39:40.100,1.5318,1.5321,1.60,2.00
2010.02.12 08:39:40.732,1.5318,1.5321,1.00,1.00
2010.02.12 08:39:42.150,1.53175,1.5321,2.50,1.00
2010.02.12 08:39:42.484,1.53175,1.5321,2.40,1.00
2010.02.12 08:39:43.237,1.53175,1.5321,2.50,1.00
2010.02.12 08:39:44.647,1.5317,1.53205,2.40,4.40
2010.02.12 08:39:44.999,1.53175,1.5321,2.80,2.70
2010.02.12 08:39:45.724,1.53175,1.53205,1.00,1.00
2010.02.12 08:39:46.376,1.5318,1.5321,1.00,1.00
2010.02.12 08:39:47.052,1.53175,1.5321,2.90,1.00
2010.02.12 08:39:47.407,1.53185,1.5321,1.00,1.10
2010.02.12 08:39:48.120,1.53185,1.53215,1.00,1.00
2010.02.12 08:39:48.471,1.53185,1.5321,1.00,1.00
2010.02.12 08:39:49.173,1.53185,1.53215,1.00,1.00
2010.02.12 08:39:49.527,1.5318,1.53215,1.00,1.00
2010.02.12 08:39:50.224,1.5318,1.5321,1.00,1.00
2010.02.12 08:39:50.572,1.53185,1.5321,1.00,1.00
2010.02.12 08:39:51.257,1.53175,1.53205,1.00,2.30
2010.02.12 08:39:51.997,1.53175,1.532,1.00,2.30
2010.02.12 08:39:53.639,1.53175,1.53205,1.00,2.30
2010.02.12 08:39:57.030,1.53175,1.532,1.00,1.00
2010.02.12 08:39:57.386,1.5317,1.5319,1.00,2.30
2010.02.12 08:39:57.733,1.53155,1.5319,1.00,2.30
2010.02.12 08:39:59.111,1.53155,1.5319,1.00,2.40
2010.02.12 08:39:59.476,1.5315,1.53185,1.00,2.30
2010.02.12 08:40:00.498,1.5315,1.53185,1.00,2.30
2010.02.12 08:40:00.769,1.5315,1.53185,2.10,2.30
2010.02.12 08:40:02.078,1.53155,1.53185,1.00,2.30
2010.02.12 08:40:03.110,1.5316,1.53185,1.00,2.30
2010.02.12 08:40:05.788,1.5317,1.5319,1.00,2.30
2010.02.12 08:40:06.031,1.5316,1.5319,1.00,2.30
2010.02.12 08:40:07.007,1.5315,1.5318,1.60,1.00
2010.02.12 08:40:07.374,1.53155,1.53185,1.00,1.20
2010.02.12 08:40:08.053,1.53165,1.532,1.00,3.60
2010.02.12 08:40:08.419,1.5317,1.532,2.40,1.00
2010.02.12 08:40:09.129,1.5316,1.532,2.40,1.10
2010.02.12 08:40:09.873,1.5316,1.53195,2.40,1.10
2010.02.12 08:40:10.228,1.53175,1.532,1.00,1.00
2010.02.12 08:40:10.593,1.53175,1.532,1.00,1.00
2010.02.12 08:40:10.943,1.53155,1.5319,6.50,1.00
2010.02.12 08:40:11.703,1.53165,1.53195,1.00,1.00
2010.02.12 08:40:12.058,1.5316,1.5319,1.00,1.00
2010.02.12 08:40:12.443,1.5316,1.5319,1.30,2.30
2010.02.12 08:40:12.805,1.53155,1.5319,1.00,2.30
2010.02.12 08:40:13.408,1.5315,1.53185,2.50,1.00
2010.02.12 08:40:14.098,1.5315,1.53185,2.50,1.00
2010.02.12 08:40:14.712,1.5315,1.53185,1.00,1.00
2010.02.12 08:40:15.070,1.53145,1.5318,1.00,1.00
2010.02.12 08:40:15.704,1.53145,1.5318,1.60,1.00
2010.02.12 08:40:15.985,1.5315,1.5318,1.00,1.00
2010.02.12 08:40:17.032,1.5316,1.5319,2.40,1.00
2010.02.12 08:40:17.387,1.5316,1.53195,2.50,1.00
2010.02.12 08:40:18.089,1.5316,1.53195,2.40,1.00
2010.02.12 08:40:19.158,1.5317,1.53195,2.50,1.00
2010.02.12 08:40:19.505,1.53165,1.532,2.10,1.00
2010.02.12 08:40:19.894,1.53165,1.532,1.00,1.00
2010.02.12 08:40:20.254,1.5316,1.53195,1.00,2.70
2010.02.12 08:40:20.886,1.5317,1.53195,3.70,1.00
2010.02.12 08:40:21.244,1.5316,1.53195,2.40,1.00
2010.02.12 08:40:21.754,1.53155,1.5319,1.60,2.40
2010.02.12 08:40:22.099,1.53155,1.5319,1.00,2.70
2010.02.12 08:40:22.626,1.5317,1.53195,1.00,1.00
2010.02.12 08:40:22.980,1.5316,1.53195,2.40,3.60
2010.02.12 08:40:23.606,1.5316,1.53195,2.40,2.70
2010.02.12 08:40:23.948,1.5315,1.53185,2.50,1.00
2010.02.12 08:40:24.842,1.5315,1.5318,2.40,1.00
2010.02.12 08:40:25.765,1.53155,1.5318,2.40,1.00
2010.02.12 08:40:27.500,1.5316,1.5319,2.40,1.20
2010.02.12 08:40:28.143,1.53165,1.53195,1.00,2.80
2010.02.12 08:40:28.504,1.53155,1.53185,1.00,1.00
2010.02.12 08:40:29.764,1.5315,1.5318,1.00,2.40
2010.02.12 08:40:30.118,1.5315,1.5318,1.00,1.00
2010.02.12 08:40:30.409,1.5315,1.5318,1.00,1.00
2010.02.12 08:40:31.282,1.53155,1.5319,1.00,1.00
2010.02.12 08:40:31.630,1.53155,1.5319,1.00,2.30
2010.02.12 08:40:33.379,1.53155,1.53185,1.00,1.60
2010.02.12 08:40:33.768,1.53155,1.53185,1.00,2.30
2010.02.12 08:40:34.386,1.5315,1.53185,2.40,5.30
2010.02.12 08:40:34.745,1.5315,1.53185,3.70,2.30
2010.02.12 08:40:35.607,1.5315,1.53185,2.50,2.30
2010.02.12 08:40:35.940,1.5315,1.53175,1.00,2.30
2010.02.12 08:40:36.977,1.5314,1.5317,2.50,1.00
2010.02.12 08:40:37.337,1.5314,1.5317,1.00,1.00
2010.02.12 08:40:39.432,1.5314,1.5317,2.40,1.00
2010.02.12 08:40:41.485,1.53145,1.5317,2.40,1.00
2010.02.12 08:40:43.554,1.5314,1.5317,1.00,1.60
2010.02.12 08:40:43.915,1.53135,1.53165,1.00,2.90
2010.02.12 08:40:44.280,1.53135,1.5317,1.00,1.00
2010.02.12 08:40:44.648,1.5314,1.5317,1.00,1.00
2010.02.12 08:40:46.640,1.5314,1.5317,1.00,1.00
2010.02.12 08:40:47.352,1.5314,1.5317,1.00,1.00
2010.02.12 08:40:48.050,1.5313,1.5317,3.90,2.40
2010.02.12 08:40:49.872,1.5313,1.5316,1.40,1.00
2010.02.12 08:40:50.184,1.5313,1.5316,1.50,1.00
2010.02.12 08:40:52.296,1.53135,1.5316,1.00,1.00
2010.02.12 08:40:53.194,1.5313,1.5316,1.50,1.00
2010.02.12 08:40:53.615,1.5313,1.5316,3.10,1.00
2010.02.12 08:40:53.977,1.53135,1.53175,2.90,4.00
2010.02.12 08:40:54.611,1.53135,1.5317,2.90,1.60
2010.02.12 08:40:54.963,1.53135,1.53165,1.70,1.60
2010.02.12 08:40:55.252,1.53135,1.53165,1.70,1.00
2010.02.12 08:40:56.171,1.53135,1.5317,2.30,4.00
2010.02.12 08:40:56.505,1.53135,1.5317,2.30,2.40
2010.02.12 08:40:57.457,1.53135,1.5316,1.00,1.00
2010.02.12 08:40:57.804,1.5314,1.5317,1.40,2.40
2010.02.12 08:40:58.211,1.5314,1.53155,1.40,1.00
2010.02.12 08:40:58.578,1.5312,1.5315,2.40,1.00
2010.02.12 08:40:58.934,1.5312,1.53155,3.30,1.00
2010.02.12 08:40:59.294,1.53125,1.53155,1.00,1.00
2010.02.12 08:40:59.647,1.5313,1.53155,1.00,1.00
2010.02.12 08:41:02.315,1.5313,1.53155,1.00,1.00
2010.02.12 08:41:03.619,1.53125,1.53155,2.40,1.00
2010.02.12 08:41:04.107,1.53125,1.53155,2.40,1.00
2010.02.12 08:41:05.131,1.5313,1.5316,1.60,2.40
2010.02.12 08:41:06.340,1.5313,1.5316,1.00,1.00
2010.02.12 08:41:06.659,1.53135,1.53175,1.00,3.10
2010.02.12 08:41:07.335,1.53145,1.5317,1.00,1.00
2010.02.12 08:41:07.970,1.53145,1.5318,1.00,2.30
2010.02.12 08:41:08.325,1.53145,1.53185,2.50,2.40
2010.02.12 08:41:08.676,1.53165,1.5318,1.40,1.60
2010.02.12 08:41:09.087,1.5316,1.53175,1.20,2.30
2010.02.12 08:41:09.424,1.5314,1.53175,1.00,2.40
2010.02.12 08:41:10.149,1.53145,1.53175,1.40,2.40
2010.02.12 08:41:11.387,1.53145,1.53175,1.40,1.00
2010.02.12 08:41:11.824,1.5315,1.53175,1.00,1.00
2010.02.12 08:41:12.180,1.53165,1.5319,1.00,2.30
2010.02.12 08:41:12.772,1.53175,1.532,1.40,2.30
2010.02.12 08:41:13.129,1.53155,1.5318,8.00,1.00
2010.02.12 08:41:13.527,1.53155,1.5318,4.00,2.30
2010.02.12 08:41:13.879,1.53115,1.5317,3.90,1.00
2010.02.12 08:41:14.616,1.53115,1.5316,2.30,2.30
2010.02.12 08:41:15.257,1.5313,1.5316,1.60,2.70
2010.02.12 08:41:15.586,1.5313,1.53155,1.00,2.30
2010.02.12 08:41:16.141,1.53135,1.53155,1.50,1.00
2010.02.12 08:41:16.477,1.5315,1.53175,3.00,1.00
2010.02.12 08:41:17.148,1.53145,1.53175,1.50,1.00
2010.02.12 08:41:17.508,1.53155,1.53175,1.00,1.00
2010.02.12 08:41:18.168,1.53155,1.5317,1.00,1.00
2010.02.12 08:41:19.572,1.53165,1.5319,1.00,2.30
2010.02.12 08:41:20.712,1.53165,1.53185,1.00,2.30
2010.02.12 08:41:21.430,1.53165,1.5319,1.00,2.30
2010.02.12 08:41:23.499,1.53155,1.5318,1.20,1.60
2010.02.12 08:41:24.045,1.53145,1.53175,1.00,2.30
2010.02.12 08:41:24.850,1.53145,1.53175,1.00,2.30
2010.02.12 08:41:25.284,1.53145,1.53175,1.00,2.30
2010.02.12 08:41:25.649,1.5314,1.5317,1.00,1.60
2010.02.12 08:41:26.319,1.53125,1.5316,2.20,1.60
2010.02.12 08:41:26.676,1.5313,1.5316,1.00,3.60
2010.02.12 08:41:27.163,1.5313,1.53165,5.30,2.30
2010.02.12 08:41:27.487,1.53135,1.5317,1.00,2.40
2010.02.12 08:41:28.082,1.5314,1.5317,1.00,2.30
2010.02.12 08:41:28.439,1.5314,1.53175,1.00,2.30
2010.02.12 08:41:29.711,1.5314,1.53175,1.00,2.80
2010.02.12 08:41:30.408,1.53135,1.5317,1.00,2.30
2010.02.12 08:41:32.216,1.53135,1.53175,1.00,2.50
2010.02.12 08:41:32.567,1.5313,1.53165,3.80,2.30
2010.02.12 08:41:32.944,1.5313,1.53165,3.90,2.30
2010.02.12 08:41:33.304,1.5313,1.53165,3.80,2.30
2010.02.12 08:41:33.948,1.53125,1.5316,2.40,2.30
2010.02.12 08:41:35.006,1.53125,1.53155,3.20,1.00
2010.02.12 08:41:35.358,1.53125,1.5316,1.50,2.30
2010.02.12 08:41:36.096,1.53125,1.5315,1.40,1.00
2010.02.12 08:41:36.435,1.5311,1.5315,2.90,1.00
2010.02.12 08:41:37.088,1.5312,1.53155,1.00,2.30
2010.02.12 08:41:37.444,1.53135,1.53165,1.40,2.30
2010.02.12 08:41:38.062,1.53135,1.53175,3.80,2.70
2010.02.12 08:41:38.418,1.5314,1.53175,1.50,2.30
2010.02.12 08:41:39.050,1.5314,1.5317,1.50,2.30
2010.02.12 08:41:39.399,1.5314,1.53175,1.50,2.30
2010.02.12 08:41:40.799,1.5314,1.5317,1.00,1.00
2010.02.12 08:41:41.770,1.5313,1.53165,2.30,2.30
2010.02.12 08:41:42.102,1.5313,1.5316,1.00,1.00
2010.02.12 08:41:42.722,1.5313,1.53165,2.30,2.30
2010.02.12 08:41:43.022,1.5313,1.5316,2.30,1.00
2010.02.12 08:41:43.416,1.5313,1.5316,1.00,1.00
2010.02.12 08:41:43.773,1.5313,1.53165,2.30,2.30
2010.02.12 08:41:46.880,1.5313,1.53165,3.90,2.30
2010.02.12 08:41:47.215,1.53135,1.5317,1.40,1.00
2010.02.12 08:41:47.587,1.5313,1.5316,2.30,1.00
2010.02.12 08:41:47.942,1.5313,1.5316,1.00,2.40
2010.02.12 08:41:48.598,1.53135,1.53165,1.00,2.30
2010.02.12 08:41:48.950,1.5314,1.5317,1.40,1.00
2010.02.12 08:41:50.218,1.53135,1.53165,1.40,1.00
2010.02.12 08:41:50.675,1.5314,1.53175,1.00,4.00
2010.02.12 08:41:50.899,1.5314,1.53175,3.80,2.30
2010.02.12 08:41:51.435,1.5314,1.53175,3.90,1.00
2010.02.12 08:41:51.788,1.5315,1.53185,1.00,2.30
2010.02.12 08:41:52.752,1.5315,1.53185,1.00,2.30
2010.02.12 08:41:53.290,1.5315,1.5318,1.00,2.70
2010.02.12 08:41:53.646,1.5315,1.5318,1.00,1.00
2010.02.12 08:41:54.151,1.5315,1.5318,1.00,1.00
2010.02.12 08:41:54.564,1.53155,1.53185,1.00,1.00
2010.02.12 08:41:54.915,1.53155,1.53185,1.00,1.00
2010.02.12 08:41:55.627,1.5316,1.5318,1.00,1.00
2010.02.12 08:41:55.974,1.5316,1.53185,1.00,1.00
2010.02.12 08:41:56.672,1.5316,1.5319,1.00,1.00
2010.02.12 08:41:57.021,1.5316,1.53185,1.00,1.00
2010.02.12 08:41:57.904,1.53165,1.53195,1.00,2.30
2010.02.12 08:41:59.287,1.53165,1.5319,1.00,2.30
2010.02.12 08:41:59.639,1.53165,1.53195,1.00,2.30
2010.02.12 08:42:00.819,1.53165,1.5319,1.00,2.30
2010.02.12 08:42:01.658,1.53165,1.53185,1.00,1.00
2010.02.12 08:42:02.021,1.53145,1.5318,10.50,1.00
2010.02.12 08:42:02.465,1.5315,1.5318,5.20,1.10
2010.02.12 08:42:02.836,1.53145,1.5318,2.50,1.10
2010.02.12 08:42:03.190,1.5315,1.53175,1.00,1.00
2010.02.12 08:42:03.578,1.5315,1.5318,1.00,2.30
2010.02.12 08:42:03.936,1.5315,1.5318,1.00,1.00
2010.02.12 08:42:04.559,1.5315,1.5318,1.00,1.00
2010.02.12 08:42:04.910,1.53155,1.53185,1.30,2.30
2010.02.12 08:42:05.238,1.53155,1.5319,1.30,2.30
2010.02.12 08:42:05.646,1.53155,1.5319,1.20,1.00
2010.02.12 08:42:06.026,1.53145,1.5318,1.30,2.30
2010.02.12 08:42:06.629,1.53145,1.5318,3.70,2.30
2010.02.12 08:42:06.996,1.5314,1.53175,2.50,2.30
2010.02.12 08:42:08.326,1.5314,1.53175,2.50,2.70
2010.02.12 08:42:09.357,1.5314,1.53175,2.50,1.00
2010.02.12 08:42:10.062,1.5314,1.53175,2.50,1.10
2010.02.12 08:42:10.277,1.5314,1.53175,1.00,1.20
2010.02.12 08:42:10.918,1.5314,1.5317,1.00,1.00
2010.02.12 08:42:11.117,1.53135,1.5317,2.40,1.00
2010.02.12 08:42:11.660,1.53135,1.5317,2.50,2.30
2010.02.12 08:42:12.018,1.5314,1.53175,1.00,2.30
2010.02.12 08:42:12.727,1.5314,1.5317,1.00,1.00
2010.02.12 08:42:13.087,1.53135,1.5317,2.40,1.00
2010.02.12 08:42:13.762,1.53135,1.5317,1.00,1.00
2010.02.12 08:42:14.113,1.53135,1.5317,1.00,1.20
2010.02.12 08:42:14.741,1.53135,1.5317,1.00,1.10
2010.02.12 08:42:15.176,1.53135,1.5317,1.00,1.00
2010.02.12 08:42:16.401,1.53135,1.5317,1.00,1.00
2010.02.12 08:42:16.728,1.53135,1.5317,1.00,1.20
2010.02.12 08:42:17.429,1.53135,1.5317,1.00,1.00
2010.02.12 08:42:17.796,1.53135,1.5317,1.00,1.10
2010.02.12 08:42:18.150,1.53135,1.5317,1.00,1.00
2010.02.12 08:42:18.778,1.5314,1.5317,1.00,1.00
2010.02.12 08:42:19.134,1.53145,1.53175,1.00,1.60
2010.02.12 08:42:19.476,1.5315,1.5318,1.00,2.70
2010.02.12 08:42:20.180,1.5315,1.53175,1.00,1.00
2010.02.12 08:42:21.136,1.53155,1.5318,1.00,1.00
2010.02.12 08:42:21.485,1.53155,1.5319,2.40,1.00
2010.02.12 08:42:21.872,1.53155,1.53185,2.40,1.00
2010.02.12 08:42:22.219,1.5315,1.53185,1.30,1.00
2010.02.12 08:42:22.641,1.5315,1.53185,1.00,3.60
2010.02.12 08:42:23.004,1.5315,1.53185,1.00,2.30
2010.02.12 08:42:23.549,1.5315,1.53185,2.50,3.60
2010.02.12 08:42:23.904,1.5316,1.53195,1.00,3.60
2010.02.12 08:42:24.532,1.5316,1.53195,1.00,2.30
2010.02.12 08:42:24.887,1.53165,1.53185,1.20,1.50
2010.02.12 08:42:25.528,1.53165,1.53175,1.20,4.70
2010.02.12 08:42:25.901,1.53125,1.5317,1.00,1.00
2010.02.12 08:42:26.882,1.5313,1.5317,10.10,1.00
2010.02.12 08:42:27.227,1.5313,1.53165,2.10,1.00
2010.02.12 08:42:27.636,1.53135,1.5317,6.40,1.00
2010.02.12 08:42:27.990,1.53135,1.5317,2.40,1.00
2010.02.12 08:42:28.933,1.5314,1.5317,1.00,1.00
2010.02.12 08:42:29.288,1.5315,1.5317,8.00,1.00
2010.02.12 08:42:29.702,1.5315,1.53175,8.00,1.10
2010.02.12 08:42:30.064,1.5315,1.5318,8.00,2.70
2010.02.12 08:42:30.411,1.5315,1.5318,1.00,2.70
2010.02.12 08:42:31.076,1.5315,1.5318,4.00,2.70
2010.02.12 08:42:31.392,1.5315,1.5318,1.00,2.70
2010.02.12 08:42:31.714,1.53145,1.5318,2.50,2.70
2010.02.12 08:42:32.501,1.5315,1.5318,1.00,2.30
2010.02.12 08:42:32.858,1.5315,1.53185,1.00,2.30
2010.02.12 08:42:33.474,1.53155,1.53185,1.00,2.30
2010.02.12 08:42:33.809,1.5315,1.5318,1.00,1.00
2010.02.12 08:42:34.461,1.53145,1.53175,1.60,1.00
2010.02.12 08:42:34.792,1.53135,1.5317,1.00,2.30
2010.02.12 08:42:35.138,1.53135,1.5317,1.00,2.70
2010.02.12 08:42:37.093,1.5313,1.53165,2.50,1.00
2010.02.12 08:42:37.720,1.5313,1.5316,1.00,1.00
2010.02.12 08:42:38.399,1.53125,1.5316,2.40,1.00
2010.02.12 08:42:38.747,1.53135,1.5317,1.00,2.30
2010.02.12 08:42:39.803,1.53135,1.53175,2.40,2.70
2010.02.12 08:42:40.119,1.53135,1.53175,2.50,2.70
2010.02.12 08:42:40.962,1.5314,1.5318,1.00,3.20
2010.02.12 08:42:42.183,1.53135,1.53165,1.00,1.00
2010.02.12 08:42:44.789,1.53135,1.5316,1.00,1.00
2010.02.12 08:42:45.440,1.5313,1.5316,1.00,1.00
2010.02.12 08:42:45.846,1.5313,1.53155,1.00,2.30
2010.02.12 08:42:46.130,1.5312,1.5315,8.00,1.00
2010.02.12 08:42:46.697,1.53125,1.5316,2.40,1.00
2010.02.12 08:42:46.970,1.5313,1.5317,3.70,1.00
2010.02.12 08:42:48.057,1.5313,1.53165,2.50,2.30
2010.02.12 08:42:48.407,1.5313,1.53165,1.00,2.30
2010.02.12 08:42:49.118,1.5315,1.5317,1.00,1.60
2010.02.12 08:42:49.480,1.53135,1.53175,2.40,2.30
2010.02.12 08:42:49.862,1.53135,1.53165,1.00,2.30
2010.02.12 08:42:50.218,1.5314,1.53165,1.00,2.30
2010.02.12 08:42:51.280,1.53145,1.5317,1.00,2.30
2010.02.12 08:42:51.898,1.53145,1.53175,1.00,2.30
2010.02.12 08:42:52.251,1.5314,1.5317,1.00,2.30
2010.02.12 08:42:53.516,1.53145,1.53175,1.00,1.00
2010.02.12 08:42:53.871,1.53125,1.5316,8.00,2.30
2010.02.12 08:42:54.270,1.53125,1.5316,4.00,3.60
2010.02.12 08:42:54.628,1.5312,1.5316,2.50,3.60
2010.02.12 08:42:55.597,1.5312,1.5316,2.50,2.30
2010.02.12 08:42:55.866,1.5312,1.53155,1.00,2.30
2010.02.12 08:42:57.092,1.53125,1.53155,1.00,2.30
2010.02.12 08:42:57.828,1.53125,1.53155,2.20,1.60
2010.02.12 08:42:58.182,1.5313,1.5316,1.00,1.00
2010.02.12 08:42:58.544,1.5313,1.53165,2.10,1.00
2010.02.12 08:42:58.910,1.53145,1.53165,1.00,1.00
2010.02.12 08:42:59.265,1.5314,1.53165,1.00,1.00
2010.02.12 08:42:59.901,1.5313,1.53165,2.50,1.00
2010.02.12 08:43:00.251,1.5313,1.53165,1.00,1.00
2010.02.12 08:43:00.936,1.53135,1.53165,1.00,1.00
2010.02.12 08:43:02.505,1.5313,1.53165,1.00,1.00
2010.02.12 08:43:08.918,1.5314,1.53165,1.00,1.00
2010.02.12 08:43:08.981,1.53145,1.53165,1.00,1.00
2010.02.12 08:43:09.480,1.53135,1.53165,4.50,1.00
2010.02.12 08:43:09.835,1.53125,1.53155,1.00,1.00
2010.02.12 08:43:10.254,1.53115,1.5315,2.10,2.30
2010.02.12 08:43:10.615,1.53115,1.5315,2.50,1.60
2010.02.12 08:43:11.246,1.5312,1.53155,1.00,2.30
2010.02.12 08:43:11.591,1.5312,1.53155,2.40,2.30
2010.02.12 08:43:11.941,1.5312,1.53155,2.50,2.30
2010.02.12 08:43:12.296,1.5312,1.53155,2.40,2.40
2010.02.12 08:43:12.960,1.5312,1.53155,2.50,2.30
2010.02.12 08:43:15.288,1.5312,1.53155,2.50,1.00
2010.02.12 08:43:15.982,1.53135,1.53165,1.00,1.00
2010.02.12 08:43:16.499,1.53135,1.53165,1.00,1.00
2010.02.12 08:43:16.746,1.5313,1.53165,2.40,1.10
2010.02.12 08:43:17.157,1.53125,1.5316,1.00,1.00
2010.02.12 08:43:17.502,1.53125,1.5316,1.00,2.30
2010.02.12 08:43:18.366,1.5313,1.5316,1.00,2.30
2010.02.12 08:43:18.719,1.53125,1.5316,1.00,1.60
2010.02.12 08:43:19.416,1.53125,1.53155,2.50,1.00
2010.02.12 08:43:19.775,1.5313,1.5316,2.40,4.00
2010.02.12 08:43:20.229,1.53135,1.53165,1.00,1.00
2010.02.12 08:43:20.649,1.53145,1.53165,1.00,1.00
2010.02.12 08:43:21.177,1.53145,1.5317,1.00,1.00
2010.02.12 08:43:21.536,1.5315,1.53185,1.00,1.00
2010.02.12 08:43:22.191,1.5315,1.5319,1.00,2.30
2010.02.12 08:43:22.547,1.5315,1.53185,1.00,2.30
2010.02.12 08:43:23.209,1.53145,1.5318,1.00,2.30
2010.02.12 08:43:24.870,1.5314,1.5318,2.50,2.30
2010.02.12 08:43:25.341,1.5314,1.53175,1.00,2.30
2010.02.12 08:43:26.002,1.5314,1.5317,1.00,1.00
2010.02.12 08:43:27.001,1.53135,1.5317,2.50,11.60
2010.02.12 08:43:27.445,1.53135,1.53165,1.00,1.00
2010.02.12 08:43:27.811,1.5312,1.53145,1.00,1.20
2010.02.12 08:43:28.350,1.53115,1.53145,1.00,9.20
2010.02.12 08:43:28.705,1.53115,1.53145,1.00,1.20
2010.02.12 08:43:29.060,1.5311,1.5314,2.50,1.00
2010.02.12 08:43:30.092,1.5311,1.53145,2.70,2.00
2010.02.12 08:43:30.714,1.53115,1.5315,1.00,2.40
2010.02.12 08:43:31.010,1.53115,1.5315,1.00,2.30
2010.02.12 08:43:32.052,1.5312,1.5315,1.00,2.30
2010.02.12 08:43:37.778,1.5312,1.53145,1.00,1.60
2010.02.12 08:43:37.836,1.53115,1.53145,1.00,1.00
2010.02.12 08:43:40.164,1.5312,1.53145,1.00,1.00
2010.02.12 08:43:43.034,1.5312,1.5315,1.00,1.60
2010.02.12 08:43:43.313,1.5312,1.53155,2.50,2.00
2010.02.12 08:43:43.648,1.5312,1.53155,2.50,1.20
2010.02.12 08:43:44.009,1.53125,1.5316,2.40,2.40
2010.02.12 08:43:44.719,1.5313,1.5316,1.00,2.40
2010.02.12 08:43:45.078,1.5313,1.5316,1.00,1.00
2010.02.12 08:43:45.730,1.5313,1.5316,1.00,1.00
2010.02.12 08:43:50.800,1.5313,1.53165,1.00,2.30
2010.02.12 08:43:52.044,1.53135,1.53165,1.00,2.30
2010.02.12 08:43:52.770,1.53135,1.5317,1.00,2.30
2010.02.12 08:43:53.137,1.53135,1.53165,1.20,2.30
2010.02.12 08:43:53.523,1.53125,1.5316,1.00,2.30
2010.02.12 08:43:53.883,1.5312,1.53155,1.00,3.60
2010.02.12 08:43:54.804,1.53115,1.53145,1.00,1.20
2010.02.12 08:43:55.152,1.5312,1.5315,1.60,1.00
2010.02.12 08:43:55.537,1.5312,1.53155,2.50,1.00
2010.02.12 08:43:56.182,1.5313,1.53155,1.00,1.00
2010.02.12 08:43:56.899,1.5313,1.5316,1.00,2.30
2010.02.12 08:43:57.254,1.5313,1.53165,1.00,2.30
2010.02.12 08:43:57.605,1.53135,1.53165,1.60,1.00
2010.02.12 08:43:57.968,1.53125,1.5316,2.10,2.30
2010.02.12 08:43:58.933,1.53125,1.5316,1.00,3.60
2010.02.12 08:43:59.304,1.53125,1.53155,1.00,1.00
2010.02.12 08:43:59.641,1.53125,1.53155,1.00,1.00
2010.02.12 08:43:59.996,1.53125,1.5315,1.00,1.00
2010.02.12 08:44:02.486,1.5312,1.5315,1.00,1.00
2010.02.12 08:44:02.991,1.5312,1.5315,1.30,1.00
2010.02.12 08:44:03.315,1.5312,1.5315,1.00,1.00
2010.02.12 08:44:03.900,1.5312,1.5316,1.00,2.40
2010.02.12 08:44:04.202,1.5312,1.5315,2.50,1.00
2010.02.12 08:44:05.533,1.5312,1.5316,2.50,2.40
2010.02.12 08:44:11.471,1.5312,1.5315,1.00,1.00
2010.02.12 08:44:16.328,1.53125,1.53155,1.00,1.20
2010.02.12 08:44:16.470,1.53125,1.5316,2.80,2.40
2010.02.12 08:44:16.611,1.53125,1.5316,1.20,2.40
2010.02.12 08:44:16.749,1.5312,1.53155,2.50,1.20
2010.02.12 08:44:16.885,1.53125,1.53155,1.00,1.20
2010.02.12 08:44:17.941,1.53125,1.53155,1.00,1.30
2010.02.12 08:44:19.288,1.53125,1.5315,1.00,1.00
2010.02.12 08:44:20.120,1.53125,1.53155,1.00,1.00
2010.02.12 08:44:20.682,1.53135,1.53155,1.00,1.00
2010.02.12 08:44:20.953,1.53135,1.5316,1.00,1.00
2010.02.12 08:44:24.870,1.53135,1.53165,1.00,1.00
2010.02.12 08:44:28.148,1.53135,1.5317,1.00,3.60
2010.02.12 08:44:28.881,1.53135,1.5317,1.00,2.30
2010.02.12 08:44:29.245,1.5314,1.5317,1.00,2.30
2010.02.12 08:44:29.988,1.53135,1.5317,2.50,2.30
2010.02.12 08:44:30.342,1.53135,1.5317,1.00,2.30
2010.02.12 08:44:31.534,1.53145,1.5317,1.00,2.30
2010.02.12 08:44:31.883,1.5314,1.5317,1.00,2.30
2010.02.12 08:44:32.684,1.53135,1.5317,1.00,2.30
2010.02.12 08:44:33.170,1.53135,1.5317,1.00,3.90
2010.02.12 08:44:33.376,1.53135,1.53165,1.00,1.00
2010.02.12 08:44:37.641,1.53135,1.53165,1.00,1.00
2010.02.12 08:44:40.130,1.53135,1.53165,1.00,1.00
2010.02.12 08:44:40.547,1.53135,1.53165,1.00,1.30
2010.02.12 08:44:43.748,1.53135,1.5317,2.50,2.30
2010.02.12 08:44:45.807,1.53135,1.5317,2.50,3.10
2010.02.12 08:44:46.081,1.53135,1.53165,1.60,3.60
2010.02.12 08:44:46.636,1.53135,1.53165,1.00,1.00
2010.02.12 08:44:47.571,1.53135,1.53165,1.60,1.00
2010.02.12 08:44:47.881,1.53135,1.5317,2.50,2.30
2010.02.12 08:44:48.195,1.5314,1.5317,1.00,2.30
2010.02.12 08:44:48.890,1.53135,1.5317,2.50,2.30
2010.02.12 08:44:54.218,1.5315,1.53165,1.60,1.00
2010.02.12 08:44:54.579,1.5315,1.532,2.40,4.40
2010.02.12 08:44:54.937,1.53145,1.53195,3.70,3.90
2010.02.12 08:44:55.860,1.53145,1.53185,2.10,3.90
2010.02.12 08:44:56.207,1.53155,1.53185,1.00,4.00
2010.02.12 08:44:56.560,1.53145,1.53175,1.00,1.60
2010.02.12 08:44:56.940,1.53145,1.5317,1.00,1.60
2010.02.12 08:44:57.289,1.5314,1.53165,1.00,1.00
2010.02.12 08:44:58.080,1.5314,1.5317,1.00,2.00
2010.02.12 08:44:58.439,1.5315,1.5318,4.00,3.90
2010.02.12 08:44:58.995,1.5315,1.5318,4.80,1.60
2010.02.12 08:44:59.342,1.5316,1.5319,1.00,1.00
2010.02.12 08:44:59.910,1.5316,1.5319,1.00,1.60
2010.02.12 08:45:00.261,1.5315,1.5318,8.90,1.60
2010.02.12 08:45:00.709,1.5315,1.5318,4.90,1.60
2010.02.12 08:45:01.067,1.53145,1.5318,1.00,5.20
2010.02.12 08:45:01.694,1.53145,1.53175,1.00,1.00
2010.02.12 08:45:02.068,1.5316,1.5319,9.70,2.00
2010.02.12 08:45:02.711,1.53175,1.53195,4.00,2.30
2010.02.12 08:45:03.061,1.53165,1.5319,8.00,1.00
2010.02.12 08:45:03.696,1.53165,1.53195,8.00,2.30
2010.02.12 08:45:04.039,1.53165,1.53195,1.00,2.30
2010.02.12 08:45:04.735,1.5316,1.53195,8.00,2.30
2010.02.12 08:45:05.113,1.5316,1.53195,1.00,3.60
2010.02.12 08:45:05.384,1.5316,1.53185,1.00,2.30
2010.02.12 08:45:05.649,1.5315,1.53185,10.50,2.30
2010.02.12 08:45:06.072,1.53155,1.53185,4.00,1.00
2010.02.12 08:45:06.358,1.53145,1.5318,8.80,1.60
2010.02.12 08:45:07.018,1.53145,1.53185,8.80,2.30
2010.02.12 08:45:07.371,1.53145,1.5318,1.00,2.40
2010.02.12 08:45:07.779,1.53145,1.5318,1.00,2.30
2010.02.12 08:45:08.149,1.53145,1.5318,8.90,2.30
2010.02.12 08:45:08.494,1.53145,1.5318,10.50,1.00
2010.02.12 08:45:09.206,1.5315,1.5318,1.00,1.00
2010.02.12 08:45:09.563,1.53155,1.53185,1.00,2.30
2010.02.12 08:45:09.930,1.53155,1.5319,1.00,3.60
2010.02.12 08:45:10.302,1.53155,1.53195,2.50,2.30
2010.02.12 08:45:11.031,1.53155,1.5319,2.50,1.00
2010.02.12 08:45:11.371,1.53155,1.5319,1.00,1.00
2010.02.12 08:45:11.973,1.53155,1.5319,2.50,1.00
2010.02.12 08:45:13.732,1.53155,1.53195,2.50,2.30
2010.02.12 08:45:14.084,1.5316,1.53195,1.00,2.30
2010.02.12 08:45:16.019,1.5317,1.53195,1.00,2.30
2010.02.12 08:45:16.229,1.53165,1.53195,1.00,2.30
2010.02.12 08:45:18.222,1.53155,1.53195,2.50,3.70
2010.02.12 08:45:18.793,1.53165,1.53195,1.00,2.40
2010.02.12 08:45:19.153,1.53155,1.5318,1.00,1.60
2010.02.12 08:45:19.811,1.53145,1.5318,2.50,2.30
2010.02.12 08:45:20.542,1.53145,1.5318,2.40,2.40
2010.02.12 08:45:22.463,1.53145,1.5318,2.50,2.30
2010.02.12 08:45:23.502,1.5315,1.5318,1.00,2.30
2010.02.12 08:45:23.852,1.53145,1.53175,1.00,1.00
2010.02.12 08:45:24.210,1.5314,1.53175,1.00,2.30
2010.02.12 08:45:24.738,1.5314,1.53175,1.00,3.60
2010.02.12 08:45:25.371,1.5314,1.53175,1.00,3.60
2010.02.12 08:45:25.722,1.53135,1.5317,1.00,3.70
2010.02.12 08:45:26.073,1.53135,1.53175,2.50,2.30
2010.02.12 08:45:27.123,1.5314,1.53175,1.00,2.30
2010.02.12 08:45:27.467,1.5314,1.53175,2.50,1.00
2010.02.12 08:45:27.795,1.53145,1.53175,1.00,1.00
2010.02.12 08:45:28.501,1.5314,1.53175,2.40,2.30
2010.02.12 08:45:28.822,1.53135,1.5317,2.50,1.20
2010.02.12 08:45:29.837,1.53135,1.5317,2.50,1.30
2010.02.12 08:45:30.958,1.53135,1.53165,2.50,1.00
2010.02.12 08:45:32.236,1.53135,1.5317,2.50,1.40
2010.02.12 08:45:33.604,1.53135,1.5317,2.50,1.20
2010.02.12 08:45:33.956,1.53135,1.53175,2.50,2.30
2010.02.12 08:45:34.917,1.5314,1.53175,1.00,2.30
2010.02.12 08:45:39.268,1.53135,1.53175,2.50,3.60
2010.02.12 08:45:39.627,1.53135,1.5317,1.00,2.30
2010.02.12 08:45:42.345,1.53135,1.5317,2.50,2.30
2010.02.12 08:45:42.594,1.53135,1.5317,3.80,2.30
2010.02.12 08:45:42.845,1.53135,1.5317,5.40,1.00
2010.02.12 08:45:43.527,1.53145,1.5317,1.00,1.00
2010.02.12 08:45:43.877,1.53145,1.53175,1.00,1.00
2010.02.12 08:45:44.771,1.53145,1.53185,2.50,2.30
2010.02.12 08:45:46.134,1.5315,1.53185,1.00,3.60
2010.02.12 08:45:46.938,1.53145,1.5318,2.50,1.00
2010.02.12 08:45:47.594,1.53145,1.53175,2.50,1.00
2010.02.12 08:45:48.813,1.53145,1.53175,1.00,1.00
2010.02.12 08:45:49.161,1.53145,1.5318,1.00,2.50
2010.02.12 08:45:49.519,1.5314,1.53175,2.40,2.30
2010.02.12 08:45:49.876,1.5313,1.53165,2.50,1.00
2010.02.12 08:45:50.482,1.5313,1.53165,1.00,2.00
2010.02.12 08:45:50.837,1.5313,1.5316,1.00,2.30
2010.02.12 08:45:52.173,1.5313,1.5316,1.00,1.00
2010.02.12 08:45:52.961,1.5313,1.53165,1.00,3.80
2010.02.12 08:45:55.406,1.5313,1.53165,2.50,2.50
2010.02.12 08:45:55.759,1.5313,1.53165,2.50,2.30
2010.02.12 08:45:56.168,1.5313,1.5317,2.50,3.60
2010.02.12 08:45:58.462,1.5314,1.53165,1.00,1.00
2010.02.12 08:45:59.020,1.5314,1.5317,1.00,2.40
2010.02.12 08:45:59.382,1.53135,1.53165,1.00,1.60
2010.02.12 08:45:59.740,1.53135,1.53165,1.00,1.00
2010.02.12 08:46:00.118,1.53135,1.53165,1.00,3.60
2010.02.12 08:46:00.471,1.5312,1.53155,2.50,2.00
2010.02.12 08:46:00.831,1.53125,1.53155,1.00,1.20
2010.02.12 08:46:01.288,1.5312,1.5316,2.40,2.00
2010.02.12 08:46:01.887,1.53125,1.53155,1.00,1.00
2010.02.12 08:46:03.201,1.53125,1.53155,1.00,1.00
2010.02.12 08:46:04.258,1.53125,1.53155,1.00,1.00
2010.02.12 08:46:09.108,1.5312,1.53155,2.50,1.00
2010.02.12 08:46:09.455,1.5312,1.53155,1.00,2.30
2010.02.12 08:46:10.228,1.5313,1.53165,1.00,2.10
2010.02.12 08:46:10.948,1.5313,1.53165,2.40,2.10
2010.02.12 08:46:12.397,1.5313,1.53165,2.40,3.00
2010.02.12 08:46:12.646,1.5312,1.5315,2.40,1.00
2010.02.12 08:46:13.181,1.5313,1.53155,1.00,1.20
2010.02.12 08:46:13.415,1.5313,1.5316,1.00,1.00
2010.02.12 08:46:14.109,1.5313,1.53165,1.00,2.40
2010.02.12 08:46:14.820,1.53135,1.53165,1.00,1.00
2010.02.12 08:46:15.177,1.53135,1.5317,1.00,2.30
2010.02.12 08:46:19.513,1.53135,1.5317,8.90,2.30
2010.02.12 08:46:21.061,1.53135,1.5317,10.50,1.00
2010.02.12 08:46:22.195,1.5314,1.53175,2.40,2.30
2010.02.12 08:46:22.552,1.5314,1.53175,1.00,2.30
2010.02.12 08:46:23.188,1.53135,1.5317,2.50,1.00
2010.02.12 08:46:23.543,1.53145,1.5317,1.00,1.00
2010.02.12 08:46:24.508,1.53145,1.53175,1.00,1.00
2010.02.12 08:46:24.856,1.53145,1.5318,1.60,1.00
2010.02.12 08:46:25.204,1.53145,1.53185,2.50,2.30
2010.02.12 08:46:25.922,1.5315,1.53185,1.00,2.30
2010.02.12 08:46:28.644,1.5315,1.5318,1.00,1.60
2010.02.12 08:46:28.919,1.5315,1.5318,1.00,2.30
2010.02.12 08:46:29.192,1.5315,1.5318,1.00,1.00
2010.02.12 08:46:30.035,1.5315,1.53185,1.00,1.00
2010.02.12 08:46:30.386,1.5315,1.5318,1.00,1.00
2010.02.12 08:46:30.743,1.53145,1.5318,2.50,1.00
2010.02.12 08:46:32.739,1.53145,1.5318,2.50,2.30
2010.02.12 08:46:33.758,1.5314,1.53175,1.00,2.30
2010.02.12 08:46:35.610,1.5314,1.53175,1.00,2.30
2010.02.12 08:46:36.514,1.53145,1.5318,1.00,2.30
2010.02.12 08:46:37.157,1.5314,1.5318,1.00,5.20
2010.02.12 08:46:37.505,1.5314,1.53165,1.00,2.30
2010.02.12 08:46:39.812,1.5314,1.53165,1.00,2.30
2010.02.12 08:46:40.621,1.5313,1.53165,3.70,2.30
2010.02.12 08:46:40.982,1.53125,1.53165,2.50,2.30
2010.02.12 08:46:41.182,1.53135,1.53165,1.00,1.60
2010.02.12 08:46:41.627,1.53135,1.5317,2.40,1.00
2010.02.12 08:46:41.843,1.5314,1.53175,2.50,1.00
2010.02.12 08:46:42.197,1.5314,1.5318,2.50,1.00
2010.02.12 08:46:42.864,1.5315,1.5318,1.00,1.00
2010.02.12 08:46:43.203,1.5315,1.53185,1.00,2.30
2010.02.12 08:46:43.869,1.5315,1.5318,1.00,1.00
2010.02.12 08:46:45.633,1.53155,1.5318,1.00,1.00
2010.02.12 08:46:46.943,1.53145,1.5318,1.00,2.30
2010.02.12 08:46:47.290,1.5314,1.5317,1.00,1.00
2010.02.12 08:46:47.684,1.5314,1.5317,1.00,1.00
2010.02.12 08:46:48.056,1.53145,1.5318,1.00,3.90
2010.02.12 08:46:48.680,1.5315,1.53185,1.00,1.10
2010.02.12 08:46:49.036,1.53145,1.5318,1.00,2.80
2010.02.12 08:46:49.394,1.5314,1.5317,2.40,1.20
2010.02.12 08:46:49.748,1.5314,1.53175,2.40,1.00
2010.02.12 08:46:50.456,1.53145,1.5318,2.40,2.30
2010.02.12 08:46:51.215,1.5314,1.5317,2.40,1.20
2010.02.12 08:46:52.281,1.5314,1.53175,2.40,2.30
2010.02.12 08:46:52.634,1.5314,1.53175,3.70,2.30
2010.02.12 08:46:52.980,1.5314,1.53175,2.50,2.30
2010.02.12 08:46:54.162,1.53145,1.5318,2.50,1.60
2010.02.12 08:46:54.650,1.53155,1.53185,1.00,1.00
2010.02.12 08:46:55.006,1.53155,1.5319,1.00,2.30
2010.02.12 08:46:56.421,1.53155,1.53185,1.00,1.00
2010.02.12 08:46:56.731,1.5314,1.53175,2.50,1.20
2010.02.12 08:46:57.491,1.5314,1.53165,2.50,1.20
2010.02.12 08:46:57.844,1.53135,1.53165,2.40,1.30
2010.02.12 08:46:58.539,1.53135,1.5317,2.40,3.70
2010.02.12 08:46:59.500,1.5314,1.5317,1.00,1.30
2010.02.12 08:46:59.851,1.53145,1.53175,1.00,1.00
2010.02.12 08:47:00.202,1.53145,1.53175,1.00,1.00
2010.02.12 08:47:01.551,1.53145,1.53175,1.00,1.40
2010.02.12 08:47:01.903,1.53145,1.5318,1.00,2.40
2010.02.12 08:47:04.685,1.5315,1.5318,1.00,1.00
2010.02.12 08:47:05.413,1.53155,1.5318,1.00,1.00
2010.02.12 08:47:05.758,1.53155,1.5318,2.40,1.00
2010.02.12 08:47:07.166,1.53155,1.5319,2.50,2.00
2010.02.12 08:47:07.514,1.5316,1.5319,1.00,2.10
2010.02.12 08:47:07.867,1.5316,1.5319,1.00,1.00
2010.02.12 08:47:08.516,1.5316,1.53195,2.50,3.90
2010.02.12 08:47:08.875,1.53165,1.532,1.00,2.40
2010.02.12 08:47:09.593,1.53165,1.532,2.40,1.00
2010.02.12 08:47:09.955,1.5317,1.532,2.50,1.00
2010.02.12 08:47:12.099,1.5317,1.53205,1.00,3.80
2010.02.12 08:47:12.452,1.5317,1.532,1.00,1.00
2010.02.12 08:47:12.806,1.53165,1.5319,1.00,1.00
2010.02.12 08:47:13.230,1.53155,1.5318,1.00,1.00
2010.02.12 08:47:13.581,1.53145,1.53175,1.00,3.60
2010.02.12 08:47:13.971,1.5315,1.53175,2.40,1.20
2010.02.12 08:47:14.338,1.5316,1.53195,1.00,2.30
2010.02.12 08:47:14.946,1.53165,1.532,1.00,2.70
2010.02.12 08:47:15.305,1.5317,1.53205,2.40,2.30
2010.02.12 08:47:16.189,1.5317,1.5321,2.50,2.30
2010.02.12 08:47:16.885,1.53175,1.5321,1.00,2.30
2010.02.12 08:47:17.584,1.53175,1.53205,1.00,1.20
2010.02.12 08:47:17.923,1.53175,1.53205,1.00,2.30
2010.02.12 08:47:18.283,1.53165,1.5319,1.20,1.00
2010.02.12 08:47:18.627,1.5315,1.53185,1.00,2.30
2010.02.12 08:47:19.350,1.5315,1.5318,1.00,2.30
2010.02.12 08:47:20.932,1.5315,1.53185,2.50,1.00
2010.02.12 08:47:23.096,1.53155,1.5319,2.50,2.30
2010.02.12 08:47:32.462,1.53155,1.53185,1.00,1.00
2010.02.12 08:47:32.990,1.53155,1.53185,1.00,1.00
2010.02.12 08:47:33.259,1.5316,1.532,2.40,3.80
2010.02.12 08:47:34.088,1.53165,1.532,2.40,2.20
2010.02.12 08:47:34.452,1.53165,1.53195,2.40,1.00
2010.02.12 08:47:34.742,1.5316,1.53195,2.50,2.40
2010.02.12 08:47:35.044,1.53165,1.53195,1.00,2.40
2010.02.12 08:47:35.348,1.5316,1.5319,1.00,1.00
2010.02.12 08:47:35.918,1.5316,1.5319,1.00,5.20
2010.02.12 08:47:36.275,1.5316,1.53185,1.00,1.00
2010.02.12 08:47:37.190,1.5316,1.53185,1.00,1.00
2010.02.12 08:47:38.354,1.5315,1.5318,1.00,2.40
2010.02.12 08:47:38.660,1.53135,1.5316,1.00,2.30
2010.02.12 08:47:39.383,1.5313,1.5316,1.00,2.30
2010.02.12 08:47:40.426,1.5312,1.53155,3.70,1.00
2010.02.12 08:47:40.789,1.5313,1.53155,1.00,1.60
2010.02.12 08:47:41.418,1.5313,1.5316,1.00,2.40
2010.02.12 08:47:42.119,1.5313,1.5316,1.00,2.30
2010.02.12 08:47:43.076,1.5313,1.5315,1.00,2.30
2010.02.12 08:47:43.442,1.5312,1.53155,2.50,1.00
2010.02.12 08:47:43.717,1.5312,1.53155,1.60,1.00
2010.02.12 08:47:44.186,1.5312,1.53155,1.00,2.30
2010.02.12 08:47:44.544,1.5312,1.53155,2.50,1.00
2010.02.12 08:47:45.255,1.5313,1.53155,1.00,1.00
2010.02.12 08:47:45.631,1.5313,1.5316,1.00,2.40
2010.02.12 08:47:46.612,1.5313,1.53165,1.00,2.30
2010.02.12 08:47:48.526,1.53145,1.53165,1.00,1.60
2010.02.12 08:47:49.110,1.53145,1.53175,1.00,2.30
2010.02.12 08:47:51.085,1.53145,1.53175,1.00,1.00
2010.02.12 08:47:52.153,1.53135,1.5316,1.00,2.30
2010.02.12 08:47:53.231,1.53135,1.53165,1.00,2.40
2010.02.12 08:47:54.258,1.53135,1.5317,1.00,2.30
2010.02.12 08:47:54.612,1.5315,1.5317,1.00,2.30
2010.02.12 08:47:54.973,1.53145,1.5317,1.00,2.30
2010.02.12 08:47:55.334,1.5314,1.5317,1.00,2.30
2010.02.12 08:47:56.040,1.53135,1.53165,1.00,2.40
2010.02.12 08:47:58.974,1.53135,1.53165,1.00,1.00
2010.02.12 08:47:59.320,1.53135,1.53165,1.00,1.00
2010.02.12 08:48:00.011,1.5314,1.5317,1.00,3.60
2010.02.12 08:48:01.612,1.5314,1.53165,1.00,1.60
2010.02.12 08:48:01.960,1.53135,1.53165,1.00,2.30
2010.02.12 08:48:02.321,1.5313,1.53165,1.00,2.30
2010.02.12 08:48:03.068,1.53135,1.53165,1.00,1.00
2010.02.12 08:48:04.155,1.53135,1.53165,1.00,1.00
2010.02.12 08:48:05.960,1.53135,1.53165,1.00,1.00
2010.02.12 08:48:11.697,1.53135,1.5317,2.50,2.20
2010.02.12 08:48:12.761,1.53135,1.53165,1.00,1.00
2010.02.12 08:48:15.776,1.53135,1.5317,1.00,1.40
2010.02.12 08:48:16.139,1.53125,1.53165,2.50,2.30
2010.02.12 08:48:16.466,1.53125,1.53165,2.40,2.40
2010.02.12 08:48:16.827,1.53125,1.5316,2.40,2.30
2010.02.12 08:48:17.166,1.53125,1.53165,2.50,2.30
2010.02.12 08:48:17.868,1.5313,1.53165,1.00,2.30
2010.02.12 08:48:18.216,1.5313,1.53165,1.00,2.30
2010.02.12 08:48:20.844,1.5313,1.5316,1.00,2.30
2010.02.12 08:48:22.071,1.5313,1.53165,1.00,2.30
2010.02.12 08:48:22.724,1.5313,1.53165,1.60,2.30
2010.02.12 08:48:23.032,1.5313,1.53165,2.50,1.00
2010.02.12 08:48:23.697,1.5313,1.53165,2.40,1.00
2010.02.12 08:48:24.051,1.53125,1.5316,2.50,1.00
2010.02.12 08:48:24.926,1.5313,1.5316,1.00,1.00
2010.02.12 08:48:25.985,1.53125,1.5316,2.50,1.00
2010.02.12 08:48:27.679,1.5313,1.5316,1.00,1.00
2010.02.12 08:48:28.032,1.5312,1.53145,4.00,1.00
2010.02.12 08:48:28.479,1.5312,1.53145,8.00,1.00
2010.02.12 08:48:28.834,1.53125,1.5316,2.40,2.10
2010.02.12 08:48:31.336,1.53125,1.5316,2.40,2.20
2010.02.12 08:48:31.573,1.5313,1.5316,1.00,2.40
2010.02.12 08:48:31.785,1.53125,1.5316,1.00,3.70
2010.02.12 08:48:32.598,1.53125,1.5315,1.00,1.00
2010.02.12 08:48:32.948,1.5312,1.5315,1.00,1.00
2010.02.12 08:48:33.988,1.53125,1.5315,1.00,1.00
2010.02.12 08:48:38.221,1.53125,1.53155,1.00,1.00
2010.02.12 08:48:39.621,1.53125,1.53155,1.00,2.30
2010.02.12 08:48:40.672,1.53125,1.53155,1.00,1.00
2010.02.12 08:48:42.653,1.53125,1.5316,2.50,1.00
2010.02.12 08:48:42.917,1.53135,1.5316,1.00,1.00
2010.02.12 08:48:43.458,1.53135,1.5317,1.00,2.30
2010.02.12 08:48:44.493,1.5313,1.53165,1.00,2.30
2010.02.12 08:48:46.654,1.5313,1.53165,1.00,2.30
2010.02.12 08:48:46.922,1.5314,1.53175,1.00,2.30
2010.02.12 08:48:48.123,1.5314,1.53175,1.00,2.40
2010.02.12 08:48:49.039,1.5314,1.53175,1.00,2.30
2010.02.12 08:48:49.395,1.53145,1.5318,1.00,2.30
2010.02.12 08:48:50.180,1.5314,1.53175,1.00,2.30
2010.02.12 08:48:51.389,1.5314,1.53175,1.00,2.30
2010.02.12 08:48:52.938,1.53145,1.53175,1.00,2.30
2010.02.12 08:48:54.223,1.53145,1.5318,1.00,2.30
2010.02.12 08:48:54.787,1.53155,1.53185,1.00,2.30
2010.02.12 08:48:55.486,1.53145,1.5318,1.00,2.40
2010.02.12 08:48:55.855,1.53145,1.5318,2.10,1.00
2010.02.12 08:48:56.209,1.5315,1.53185,1.00,1.00
2010.02.12 08:48:56.562,1.53155,1.53185,2.40,1.00
2010.02.12 08:48:57.600,1.5315,1.53185,1.00,9.30
2010.02.12 08:48:57.920,1.53155,1.53185,1.00,1.60
2010.02.12 08:48:58.383,1.53155,1.53185,2.40,1.00
2010.02.12 08:48:58.716,1.53155,1.53185,1.00,1.00
2010.02.12 08:48:59.072,1.53155,1.5318,1.00,1.00
2010.02.12 08:48:59.427,1.5315,1.5318,2.40,1.00
2010.02.12 08:48:59.784,1.5315,1.5318,2.40,1.00
2010.02.12 08:49:00.164,1.5315,1.5318,2.50,1.00
2010.02.12 08:49:00.543,1.5315,1.53175,1.00,1.00
2010.02.12 08:49:00.920,1.53145,1.5318,2.40,2.10
2010.02.12 08:49:01.545,1.53145,1.53165,2.40,1.60
2010.02.12 08:49:01.906,1.5314,1.5318,2.40,1.00
2010.02.12 08:49:02.257,1.5314,1.53175,2.40,1.00
2010.02.12 08:49:03.179,1.5314,1.5317,2.50,1.00
2010.02.12 08:49:03.846,1.5314,1.5317,2.40,1.00
2010.02.12 08:49:06.312,1.53135,1.5317,2.50,1.00
2010.02.12 08:49:07.173,1.5313,1.53155,2.40,1.00
2010.02.12 08:49:07.502,1.5313,1.53165,2.50,1.00
2010.02.12 08:49:08.135,1.5313,1.5316,1.00,1.00
2010.02.12 08:49:08.205,1.53125,1.5316,1.00,1.00
2010.02.12 08:49:08.563,1.53125,1.5316,2.50,1.00
2010.02.12 08:49:08.913,1.53135,1.5317,1.00,3.60
2010.02.12 08:49:09.342,1.53135,1.53175,1.00,2.80
2010.02.12 08:49:09.704,1.5313,1.53165,4.00,1.00
2010.02.12 08:49:10.058,1.5313,1.53165,1.00,3.70
2010.02.12 08:49:10.995,1.53135,1.53165,1.00,1.00
2010.02.12 08:49:11.331,1.5313,1.53165,2.40,1.00
2010.02.12 08:49:11.658,1.53135,1.53165,1.00,1.00
2010.02.12 08:49:12.031,1.53135,1.5317,1.00,2.30
2010.02.12 08:49:13.058,1.53135,1.5317,1.00,2.30
2010.02.12 08:49:16.300,1.53135,1.5317,2.50,1.60
2010.02.12 08:49:16.499,1.53135,1.5317,3.30,1.60
2010.02.12 08:49:17.134,1.5314,1.53175,2.50,1.00
2010.02.12 08:49:17.487,1.53145,1.53175,1.00,1.50
2010.02.12 08:49:18.536,1.53145,1.53175,1.00,1.50
2010.02.12 08:49:20.203,1.53135,1.53165,1.00,1.40
2010.02.12 08:49:20.563,1.5314,1.5317,1.00,1.00
2010.02.12 08:49:20.939,1.53145,1.53175,1.00,1.40
2010.02.12 08:49:21.583,1.5314,1.53175,1.00,3.10
2010.02.12 08:49:21.679,1.5314,1.53175,1.00,4.00
2010.02.12 08:49:22.031,1.5314,1.53175,1.00,2.40
2010.02.12 08:49:22.652,1.53145,1.53175,1.00,1.00
2010.02.12 08:49:23.026,1.5315,1.5318,1.00,1.40
2010.02.12 08:49:23.861,1.5315,1.5317,1.00,1.00
2010.02.12 08:49:24.222,1.5314,1.5317,1.00,1.00
2010.02.12 08:49:25.184,1.53135,1.5317,2.50,1.00
2010.02.12 08:49:26.568,1.5314,1.5318,2.50,2.70
2010.02.12 08:49:26.923,1.53145,1.5318,2.40,1.00
2010.02.12 08:49:29.268,1.5314,1.53175,2.50,1.00
2010.02.12 08:49:30.413,1.5315,1.53185,1.00,3.80
2010.02.12 08:49:30.776,1.5315,1.53185,1.00,2.30
2010.02.12 08:49:31.137,1.53155,1.5318,1.00,2.30
2010.02.12 08:49:31.664,1.53155,1.53175,1.00,2.30
2010.02.12 08:49:33.931,1.53145,1.53175,1.00,2.30
2010.02.12 08:49:34.203,1.53145,1.53175,1.00,2.30
2010.02.12 08:49:36.344,1.53155,1.53175,1.00,2.30
2010.02.12 08:49:40.476,1.53145,1.53175,1.00,2.30
2010.02.12 08:49:42.671,1.53155,1.53175,1.00,2.30
2010.02.12 08:49:44.202,1.53155,1.53175,1.00,1.00
2010.02.12 08:49:44.551,1.53155,1.5318,1.00,2.30
2010.02.12 08:49:44.912,1.53155,1.53185,1.00,2.30
2010.02.12 08:49:46.208,1.5315,1.53185,1.00,2.30
2010.02.12 08:49:46.398,1.5315,1.53185,1.00,5.40
2010.02.12 08:49:46.587,1.5316,1.5318,1.00,1.00
2010.02.12 08:49:47.008,1.5316,1.5318,1.00,2.30
2010.02.12 08:49:47.406,1.5316,1.53185,1.00,1.00
2010.02.12 08:49:48.086,1.5316,1.53185,1.00,2.30
2010.02.12 08:49:48.447,1.5315,1.5318,1.00,1.00
2010.02.12 08:49:48.816,1.53145,1.5318,2.50,1.00
2010.02.12 08:49:49.860,1.53145,1.5318,2.40,1.00
2010.02.12 08:49:50.250,1.5314,1.53175,2.50,1.40
2010.02.12 08:49:51.291,1.5314,1.5318,2.50,2.30
2010.02.12 08:49:53.624,1.5314,1.53175,2.50,1.40
2010.02.12 08:49:54.856,1.53135,1.5317,2.50,2.80
2010.02.12 08:49:55.205,1.53135,1.5317,1.00,5.20
2010.02.12 08:49:55.972,1.53135,1.5317,1.00,5.30
2010.02.12 08:49:57.504,1.53135,1.53165,1.00,1.00
2010.02.12 08:49:58.056,1.5313,1.53165,2.50,1.00
2010.02.12 08:50:01.330,1.5313,1.5316,2.40,1.20
2010.02.12 08:50:01.582,1.5313,1.5316,1.00,1.20
2010.02.12 08:50:02.080,1.5313,1.5316,1.00,1.30
2010.02.12 08:50:02.904,1.53125,1.5316,2.50,3.70
2010.02.12 08:50:03.264,1.5312,1.5315,2.50,1.00
2010.02.12 08:50:04.074,1.5312,1.53155,2.50,1.40
2010.02.12 08:50:05.837,1.53125,1.53155,1.00,1.40
2010.02.12 08:50:06.468,1.53125,1.53155,2.40,1.20
2010.02.12 08:50:06.798,1.5311,1.5314,2.90,1.60
2010.02.12 08:50:07.402,1.53115,1.5315,2.40,2.30
2010.02.12 08:50:07.746,1.5312,1.5315,1.00,2.30
2010.02.12 08:50:14.383,1.53105,1.5314,3.70,1.00
2010.02.12 08:50:14.744,1.53115,1.5315,1.00,2.40
2010.02.12 08:50:15.701,1.53115,1.5315,1.00,3.70
2010.02.12 08:50:16.915,1.53115,1.5315,1.00,3.80
2010.02.12 08:50:26.928,1.53115,1.53145,1.00,1.00
2010.02.12 08:50:27.345,1.53115,1.5315,1.00,3.60
2010.02.12 08:50:27.698,1.5312,1.5315,1.20,1.00
2010.02.12 08:50:28.047,1.53125,1.5315,1.00,1.00
2010.02.12 08:50:29.128,1.5313,1.5315,1.00,1.00
2010.02.12 08:50:29.973,1.5313,1.53155,1.00,1.00
2010.02.12 08:50:32.345,1.5313,1.53155,1.00,2.40
2010.02.12 08:50:33.321,1.5313,1.53155,1.00,1.00
2010.02.12 08:50:33.671,1.5313,1.53155,1.00,1.00
2010.02.12 08:50:40.370,1.53135,1.5316,1.00,2.30
2010.02.12 08:50:41.843,1.5314,1.5316,1.00,2.30
2010.02.12 08:50:42.946,1.5314,1.5316,1.00,1.00
2010.02.12 08:50:43.197,1.5313,1.53155,1.00,2.30
2010.02.12 08:50:43.757,1.53135,1.53155,1.00,2.30
2010.02.12 08:50:45.030,1.5314,1.53155,1.00,2.30
2010.02.12 08:50:46.176,1.53135,1.53155,1.00,2.30
2010.02.12 08:50:51.523,1.53125,1.53155,1.00,2.30
2010.02.12 08:50:52.762,1.53125,1.53155,1.00,2.30
2010.02.12 08:50:52.980,1.53125,1.53155,1.00,2.30
2010.02.12 08:50:59.749,1.5312,1.53155,1.00,2.30
2010.02.12 08:51:00.100,1.5312,1.5315,1.00,2.30
2010.02.12 08:51:01.304,1.5312,1.5315,1.00,1.00
2010.02.12 08:51:01.455,1.5312,1.53155,1.00,3.60
2010.02.12 08:51:01.603,1.5312,1.53155,1.00,3.70
2010.02.12 08:51:02.094,1.53115,1.5315,1.20,2.30
2010.02.12 08:51:02.233,1.5311,1.5315,2.50,2.30
2010.02.12 08:51:02.381,1.5311,1.53145,1.00,2.30
2010.02.12 08:51:03.016,1.53105,1.53145,2.90,3.60
2010.02.12 08:51:03.376,1.53105,1.5314,2.90,2.30
2010.02.12 08:51:03.740,1.53105,1.53135,1.00,2.30
2010.02.12 08:51:04.792,1.53115,1.53135,1.00,2.30
2010.02.12 08:51:06.243,1.5311,1.53135,1.00,2.30
2010.02.12 08:51:06.644,1.5312,1.53145,1.00,2.30
2010.02.12 08:51:07.011,1.5312,1.5315,1.00,2.30
2010.02.12 08:51:07.364,1.5312,1.53155,1.00,2.30
2010.02.12 08:51:08.053,1.5311,1.5314,1.20,2.30
2010.02.12 08:51:08.410,1.53105,1.5314,2.10,1.00
2010.02.12 08:51:08.757,1.53105,1.5314,3.70,1.00
2010.02.12 08:51:09.784,1.53105,1.5314,5.30,1.00
2010.02.12 08:51:10.032,1.5311,1.5314,1.30,1.00
2010.02.12 08:51:10.286,1.5312,1.5314,1.00,1.00
2010.02.12 08:51:11.567,1.53115,1.5314,1.00,1.00
2010.02.12 08:51:11.913,1.53115,1.53145,1.00,2.30
2010.02.12 08:51:13.338,1.5312,1.53145,1.00,2.30
2010.02.12 08:51:15.263,1.5312,1.53145,1.00,1.60
2010.02.12 08:51:15.604,1.5312,1.5315,1.00,1.00
2010.02.12 08:51:15.944,1.5312,1.53155,3.70,2.30
2010.02.12 08:51:16.324,1.5312,1.53155,1.30,2.30
2010.02.12 08:51:16.576,1.53125,1.53155,1.00,2.30
2010.02.12 08:51:17.123,1.5312,1.53155,1.00,2.40
2010.02.12 08:51:17.367,1.53125,1.53155,1.00,2.30
2010.02.12 08:51:18.060,1.5313,1.5316,1.00,2.40
2010.02.12 08:51:18.414,1.53135,1.5316,1.00,1.00
2010.02.12 08:51:19.056,1.53135,1.5316,1.00,1.00
2010.02.12 08:51:19.724,1.53135,1.5316,1.00,1.00
2010.02.12 08:51:21.213,1.5314,1.53165,1.00,2.30
2010.02.12 08:51:21.553,1.5314,1.5317,1.00,2.30
2010.02.12 08:51:22.162,1.5314,1.5317,1.00,2.40
2010.02.12 08:51:23.045,1.5315,1.5317,1.00,1.00
2010.02.12 08:51:23.260,1.53135,1.5317,1.00,1.00
2010.02.12 08:51:23.944,1.53135,1.5317,4.10,1.00
2010.02.12 08:51:24.294,1.53145,1.5317,1.00,1.00
2010.02.12 08:51:24.645,1.5314,1.5317,1.60,1.00
2010.02.12 08:51:25.044,1.5314,1.5317,1.60,1.00
2010.02.12 08:51:25.401,1.53135,1.53165,1.00,2.30
2010.02.12 08:51:26.109,1.53135,1.53165,1.00,2.40
2010.02.12 08:51:27.453,1.53135,1.53165,1.00,1.00
2010.02.12 08:51:27.819,1.5313,1.53165,2.40,3.70
2010.02.12 08:51:28.571,1.5313,1.5316,2.40,1.00
2010.02.12 08:51:28.948,1.53125,1.5316,2.50,1.00
2010.02.12 08:51:29.991,1.5313,1.53165,1.00,2.30
2010.02.12 08:51:31.693,1.5313,1.53165,1.00,2.30
2010.02.12 08:51:32.401,1.5313,1.53165,3.80,1.00
2010.02.12 08:51:33.087,1.5313,1.53165,1.00,2.00
2010.02.12 08:51:33.447,1.53145,1.5318,1.00,1.00
2010.02.12 08:51:33.862,1.53145,1.53185,1.00,2.30
2010.02.12 08:51:34.222,1.53145,1.53175,1.00,1.00
2010.02.12 08:51:36.773,1.53135,1.5317,2.50,1.00
2010.02.12 08:51:40.108,1.53135,1.53165,2.40,1.20
2010.02.12 08:51:41.852,1.53135,1.53165,2.40,1.30
2010.02.12 08:51:42.938,1.53135,1.5317,4.10,1.00
2010.02.12 08:51:43.540,1.5314,1.53175,2.40,1.00
2010.02.12 08:51:44.146,1.53145,1.53175,1.00,1.00
2010.02.12 08:51:44.928,1.5314,1.53175,2.50,1.00
2010.02.12 08:51:46.469,1.5314,1.53165,2.50,1.00
2010.02.12 08:51:46.997,1.53145,1.53175,1.00,1.00
2010.02.12 08:51:47.349,1.53135,1.5317,1.00,2.30
2010.02.12 08:51:48.878,1.53145,1.5317,1.00,2.30
2010.02.12 08:51:49.221,1.53135,1.5317,1.00,2.30
2010.02.12 08:51:50.302,1.53135,1.53165,1.00,2.30
2010.02.12 08:51:50.653,1.5313,1.53165,1.00,2.30
2010.02.12 08:51:51.015,1.5313,1.5316,1.30,1.00
2010.02.12 08:51:52.316,1.5314,1.5316,1.00,1.00
2010.02.12 08:51:52.967,1.53135,1.5316,1.00,1.00
2010.02.12 08:51:54.365,1.5314,1.5316,1.00,1.00
2010.02.12 08:51:57.454,1.5315,1.5316,1.00,1.00
2010.02.12 08:51:57.766,1.5315,1.53165,1.00,2.30
2010.02.12 08:51:59.840,1.5315,1.53175,1.00,2.30
2010.02.12 08:52:06.732,1.5314,1.53175,3.70,2.30
2010.02.12 08:52:06.922,1.5314,1.53175,1.00,2.30
2010.02.12 08:52:07.281,1.5314,1.53165,1.00,1.00
2010.02.12 08:52:07.650,1.53135,1.53165,1.30,2.30
2010.02.12 08:52:08.006,1.53135,1.53165,1.00,2.40
2010.02.12 08:52:08.955,1.5315,1.53175,1.30,2.30
2010.02.12 08:52:09.610,1.53135,1.53165,1.00,1.00
2010.02.12 08:52:09.970,1.5314,1.53165,1.00,1.00
2010.02.12 08:52:10.782,1.53135,1.53165,1.00,1.00
2010.02.12 08:52:11.138,1.53135,1.5316,1.00,1.00
2010.02.12 08:52:11.503,1.5314,1.53165,1.00,2.30
2010.02.12 08:52:11.743,1.5314,1.53165,1.00,1.00
2010.02.12 08:52:12.329,1.5313,1.53165,1.00,2.30
2010.02.12 08:52:12.692,1.5314,1.5317,1.00,2.40
2010.02.12 08:52:13.393,1.53135,1.5317,2.50,1.60
2010.02.12 08:52:14.035,1.5314,1.5317,1.00,1.00
2010.02.12 08:52:14.727,1.5314,1.5317,1.00,1.00
2010.02.12 08:52:15.427,1.5314,1.5317,1.00,2.30
2010.02.12 08:52:15.737,1.5313,1.53165,2.50,2.30
2010.02.12 08:52:17.488,1.53135,1.5317,1.00,2.40
2010.02.12 08:52:19.296,1.5313,1.53165,1.00,2.30
2010.02.12 08:52:20.006,1.5314,1.53165,1.00,2.30
2010.02.12 08:52:20.356,1.5314,1.5317,1.00,2.40
2010.02.12 08:52:21.003,1.5313,1.53165,1.20,8.00
2010.02.12 08:52:21.355,1.5312,1.53145,1.00,3.90
2010.02.12 08:52:23.066,1.5312,1.53145,1.00,4.00
2010.02.12 08:52:23.365,1.5312,1.53145,1.00,2.40
2010.02.12 08:52:24.193,1.53115,1.5314,1.00,1.00
2010.02.12 08:52:24.460,1.53115,1.5315,1.00,3.80
2010.02.12 08:52:24.892,1.5311,1.5315,3.70,6.40
2010.02.12 08:52:25.180,1.5312,1.5315,1.00,2.40
2010.02.12 08:52:26.149,1.5312,1.5315,1.00,1.00
2010.02.12 08:52:26.897,1.5312,1.53155,1.00,5.40
2010.02.12 08:52:28.482,1.5313,1.5316,1.00,1.00
2010.02.12 08:52:28.829,1.53125,1.5316,2.50,1.00
2010.02.12 08:52:29.181,1.53135,1.5317,1.00,2.40
2010.02.12 08:52:30.189,1.53125,1.53155,2.10,1.00
2010.02.12 08:52:30.510,1.53125,1.53155,1.00,1.00
2010.02.12 08:52:31.137,1.53125,1.53155,1.00,1.00
2010.02.12 08:52:32.142,1.53125,1.5316,1.00,1.00
2010.02.12 08:52:32.489,1.53125,1.5316,1.00,1.00
2010.02.12 08:52:33.076,1.53125,1.5316,2.50,1.00
2010.02.12 08:52:34.438,1.53125,1.5316,2.40,1.00
2010.02.12 08:52:34.788,1.5313,1.5316,1.20,2.30
2010.02.12 08:52:35.141,1.5313,1.5316,1.20,1.00
2010.02.12 08:52:35.492,1.5313,1.5316,1.20,1.00
2010.02.12 08:52:36.113,1.53125,1.5316,3.70,1.00
2010.02.12 08:52:36.470,1.5313,1.5316,1.00,1.00
2010.02.12 08:52:37.156,1.53135,1.5316,1.00,1.00
2010.02.12 08:52:37.768,1.53125,1.53155,3.70,1.00
2010.02.12 08:52:38.036,1.5312,1.53155,2.50,1.30
2010.02.12 08:52:38.311,1.5313,1.53155,1.00,1.20
2010.02.12 08:52:38.872,1.5313,1.5316,1.00,2.30
2010.02.12 08:52:39.231,1.5313,1.53165,1.40,2.50
2010.02.12 08:52:39.923,1.53135,1.53165,1.00,2.40
2010.02.12 08:52:41.568,1.53125,1.53155,1.00,1.00
2010.02.12 08:52:42.015,1.53125,1.5315,1.00,1.00
2010.02.12 08:52:42.543,1.53125,1.53155,1.00,1.00
2010.02.12 08:52:43.135,1.53125,1.5316,1.00,2.30
2010.02.12 08:52:43.893,1.53125,1.53155,1.00,1.00
2010.02.12 08:52:44.176,1.53125,1.5316,2.50,1.00
2010.02.12 08:52:44.470,1.53135,1.5316,1.00,1.00
2010.02.12 08:52:45.040,1.53125,1.5316,2.50,1.00
2010.02.12 08:52:45.389,1.53125,1.5316,2.40,3.70
2010.02.12 08:52:45.745,1.53125,1.5316,1.00,5.30
2010.02.12 08:52:46.698,1.5313,1.53155,1.00,1.00
2010.02.12 08:52:47.905,1.5313,1.5316,1.00,1.00
2010.02.12 08:52:49.983,1.53135,1.53165,1.00,1.00
2010.02.12 08:52:55.460,1.5314,1.53165,1.00,1.00
2010.02.12 08:52:57.368,1.53145,1.5317,1.00,1.20
2010.02.12 08:52:57.694,1.5315,1.5318,1.00,2.30
2010.02.12 08:52:58.066,1.53145,1.53175,1.20,1.00
2010.02.12 08:52:58.409,1.53145,1.53175,1.00,2.30
2010.02.12 08:53:00.052,1.5315,1.53175,1.00,2.30
2010.02.12 08:53:00.738,1.53145,1.53175,1.00,2.40
2010.02.12 08:53:01.905,1.53145,1.5318,1.00,2.50
2010.02.12 08:53:02.136,1.5314,1.53175,1.00,2.40
2010.02.12 08:53:02.865,1.5314,1.53175,1.00,4.00
2010.02.12 08:53:03.506,1.53145,1.53175,1.00,2.40
2010.02.12 08:53:03.815,1.53145,1.53175,1.00,1.00
2010.02.12 08:53:04.403,1.5315,1.53175,1.00,1.00
2010.02.12 08:53:04.755,1.53155,1.5318,1.00,1.00
2010.02.12 08:53:05.458,1.53155,1.5318,1.00,1.00
2010.02.12 08:53:08.367,1.53145,1.53175,2.40,1.00
2010.02.12 08:53:08.805,1.53145,1.53175,1.00,1.00
2010.02.12 08:53:09.174,1.53145,1.5318,1.00,1.00
2010.02.12 08:53:10.468,1.5316,1.5319,1.00,2.40
2010.02.12 08:53:11.791,1.53155,1.5319,1.00,2.50
2010.02.12 08:53:12.144,1.5315,1.53185,1.00,1.00
2010.02.12 08:53:12.766,1.5315,1.5318,1.00,1.00
2010.02.12 08:53:14.719,1.53145,1.53175,1.00,1.00
2010.02.12 08:53:15.742,1.5315,1.53185,1.00,2.30
2010.02.12 08:53:16.102,1.5315,1.53185,1.00,3.60
2010.02.12 08:53:16.716,1.53145,1.5318,2.50,2.30
2010.02.12 08:53:17.065,1.5315,1.5318,1.00,2.50
2010.02.12 08:53:17.414,1.53145,1.53175,1.00,1.00
2010.02.12 08:53:17.767,1.5315,1.53175,1.00,1.00
2010.02.12 08:53:18.816,1.53145,1.5317,1.00,1.00
2010.02.12 08:53:19.423,1.53135,1.53165,1.60,1.20
2010.02.12 08:53:19.766,1.53135,1.53165,1.00,1.00
2010.02.12 08:53:21.170,1.5314,1.53165,1.00,1.00
2010.02.12 08:53:22.820,1.5314,1.53165,1.00,1.00
2010.02.12 08:53:24.155,1.5314,1.53165,1.00,1.00
2010.02.12 08:53:24.818,1.53155,1.53175,1.00,1.00
2010.02.12 08:53:27.274,1.53165,1.53175,1.00,1.00
2010.02.12 08:53:27.602,1.53155,1.53185,1.00,2.30
2010.02.12 08:53:27.929,1.53155,1.53185,3.20,2.30
2010.02.12 08:53:28.504,1.5316,1.5319,1.70,4.00
2010.02.12 08:53:28.867,1.5315,1.5318,1.60,2.30
2010.02.12 08:53:29.480,1.5314,1.53175,1.00,2.30
2010.02.12 08:53:29.843,1.5314,1.5316,1.00,1.40
2010.02.12 08:53:30.199,1.5314,1.53175,1.00,3.80
2010.02.12 08:53:30.551,1.53135,1.5317,4.80,2.30
2010.02.12 08:53:31.239,1.53135,1.5317,4.90,2.30
2010.02.12 08:53:33.142,1.53135,1.5317,8.90,2.30
2010.02.12 08:53:33.386,1.5314,1.5317,4.00,1.00
2010.02.12 08:53:33.630,1.5314,1.5318,4.80,2.30
2010.02.12 08:53:33.981,1.53145,1.5318,1.60,2.30
2010.02.12 08:53:34.497,1.53145,1.53175,2.40,1.60
2010.02.12 08:53:34.852,1.53145,1.53175,1.00,1.00
2010.02.12 08:53:36.143,1.53145,1.53175,1.00,1.00
2010.02.12 08:53:36.885,1.53145,1.5318,1.00,3.90
2010.02.12 08:53:38.089,1.53145,1.53175,1.00,2.30
2010.02.12 08:53:38.363,1.5314,1.53175,1.00,3.80
2010.02.12 08:53:38.758,1.53135,1.5317,1.00,2.50
2010.02.12 08:53:39.042,1.53135,1.53165,1.00,1.50
2010.02.12 08:53:40.412,1.53135,1.53165,1.00,1.60
2010.02.12 08:53:41.992,1.53135,1.53175,1.00,2.70
2010.02.12 08:53:42.316,1.5314,1.53175,1.00,1.00
2010.02.12 08:53:42.902,1.53145,1.5318,2.50,2.30
2010.02.12 08:53:43.215,1.5315,1.5318,1.00,2.30
2010.02.12 08:53:44.733,1.5314,1.53175,2.50,1.00
2010.02.12 08:53:45.016,1.5315,1.53175,1.00,1.00
2010.02.12 08:53:45.577,1.5315,1.53185,1.00,2.30
2010.02.12 08:53:47.930,1.5315,1.5319,5.40,8.00
2010.02.12 08:53:48.169,1.53165,1.53195,1.00,4.10
2010.02.12 08:53:48.407,1.53165,1.53195,1.00,1.00
2010.02.12 08:53:49.208,1.53165,1.53195,1.00,3.10
2010.02.12 08:53:49.557,1.5316,1.5319,2.40,1.70
2010.02.12 08:53:49.917,1.5316,1.5318,2.40,1.00
2010.02.12 08:53:50.142,1.53155,1.5318,2.40,1.00
2010.02.12 08:53:50.371,1.5315,1.53185,2.40,1.00
2010.02.12 08:53:50.691,1.5315,1.53185,2.40,1.00
2010.02.12 08:53:50.921,1.53155,1.5319,2.40,1.00
2010.02.12 08:53:51.425,1.53155,1.5319,2.40,2.20
2010.02.12 08:53:52.121,1.53155,1.5319,2.40,2.20
2010.02.12 08:53:52.482,1.53145,1.5318,2.40,1.50
2010.02.12 08:53:52.872,1.5315,1.5318,2.40,1.40
2010.02.12 08:53:53.226,1.5315,1.53185,2.40,3.80
2010.02.12 08:53:53.972,1.53155,1.53185,1.00,3.80
2010.02.12 08:53:54.320,1.53155,1.5319,1.00,3.80
2010.02.12 08:53:55.005,1.5316,1.5319,1.00,3.80
2010.02.12 08:53:55.359,1.53155,1.5319,2.50,2.20
2010.02.12 08:53:55.716,1.5317,1.53195,1.00,1.00
2010.02.12 08:53:56.341,1.5317,1.53195,1.00,2.30
2010.02.12 08:53:56.686,1.5317,1.53195,1.00,1.00
2010.02.12 08:53:57.038,1.5316,1.5319,1.00,1.60
2010.02.12 08:53:57.375,1.5316,1.5319,1.00,2.30
2010.02.12 08:53:58.966,1.5316,1.53185,1.00,1.00
2010.02.12 08:54:01.713,1.5316,1.53185,1.00,1.00
2010.02.12 08:54:02.873,1.53175,1.53195,1.00,5.40
2010.02.12 08:54:03.132,1.5316,1.5319,1.00,3.90
2010.02.12 08:54:03.726,1.5315,1.53185,1.70,2.30
2010.02.12 08:54:04.081,1.5315,1.53185,1.00,2.30
2010.02.12 08:54:04.435,1.53145,1.5318,2.50,2.20
2010.02.12 08:54:04.782,1.53145,1.5318,4.10,2.20
2010.02.12 08:54:06.142,1.53145,1.5318,4.10,2.20
2010.02.12 08:54:06.857,1.53145,1.5317,2.40,1.00
2010.02.12 08:54:07.127,1.53145,1.53175,2.40,1.50
2010.02.12 08:54:07.522,1.53145,1.5317,2.40,1.00
2010.02.12 08:54:08.210,1.53145,1.53175,2.40,1.50
2010.02.12 08:54:08.563,1.5314,1.53175,4.00,2.30
2010.02.12 08:54:08.831,1.5314,1.53175,4.00,2.20
2010.02.12 08:54:09.103,1.5314,1.53165,1.00,1.00
2010.02.12 08:54:09.411,1.53135,1.53165,1.00,1.00
2010.02.12 08:54:09.689,1.5314,1.53175,1.00,2.30
2010.02.12 08:54:10.049,1.5314,1.53175,1.00,2.30
2010.02.12 08:54:10.659,1.5314,1.53175,1.00,2.40
2010.02.12 08:54:11.022,1.53135,1.5317,1.00,2.30
2010.02.12 08:54:11.677,1.5314,1.53175,1.00,1.00
2010.02.12 08:54:12.036,1.53135,1.53175,4.90,1.00
2010.02.12 08:54:12.991,1.53145,1.53175,1.00,1.00
2010.02.12 08:54:13.996,1.5314,1.53165,1.00,1.00
2010.02.12 08:54:16.600,1.5314,1.5317,1.00,1.00
2010.02.12 08:54:16.948,1.53135,1.5317,2.50,1.00
2010.02.12 08:54:17.310,1.5315,1.53175,1.00,2.30
2010.02.12 08:54:18.655,1.5314,1.53175,2.50,2.30
2010.02.12 08:54:22.569,1.5314,1.5317,2.40,1.40
2010.02.12 08:54:23.387,1.5314,1.53165,1.00,1.40
2010.02.12 08:54:23.711,1.5314,1.5317,1.00,1.00
2010.02.12 08:54:24.432,1.5314,1.5317,1.00,2.30
2010.02.12 08:54:24.779,1.5314,1.53175,1.00,2.30
2010.02.12 08:54:25.832,1.5315,1.53175,1.00,1.00
2010.02.12 08:54:26.183,1.5314,1.53175,1.00,2.30
2010.02.12 08:54:26.894,1.5315,1.53175,1.00,1.00
2010.02.12 08:54:27.246,1.5315,1.5318,1.00,1.00
2010.02.12 08:54:28.296,1.5315,1.53175,1.00,1.00
2010.02.12 08:54:28.929,1.5314,1.53175,1.00,2.30
2010.02.12 08:54:31.477,1.5314,1.53175,1.00,2.30
2010.02.12 08:54:32.036,1.5314,1.53175,1.00,2.30
2010.02.12 08:54:34.972,1.5314,1.5317,1.00,1.00
2010.02.12 08:54:35.329,1.5314,1.53165,1.00,1.00
2010.02.12 08:54:37.452,1.5314,1.5317,1.00,1.00
2010.02.12 08:54:37.806,1.53145,1.53175,1.00,2.30
2010.02.12 08:54:38.466,1.53145,1.53175,1.00,3.80
2010.02.12 08:54:39.165,1.53145,1.53175,1.00,2.30
2010.02.12 08:54:40.213,1.5314,1.53175,1.00,2.40
2010.02.12 08:54:40.900,1.53135,1.53165,1.00,2.20
2010.02.12 08:54:41.249,1.53135,1.53165,1.00,2.20
2010.02.12 08:54:41.604,1.5314,1.53175,1.60,2.30
2010.02.12 08:54:41.956,1.5314,1.53175,4.10,2.30
2010.02.12 08:54:42.644,1.53145,1.53175,1.00,2.30
2010.02.12 08:54:43.077,1.5314,1.5317,4.00,1.00
2010.02.12 08:54:43.429,1.5314,1.53175,1.00,2.30
2010.02.12 08:54:44.157,1.5314,1.53175,1.00,2.30
2010.02.12 08:54:44.851,1.5314,1.53175,1.00,2.50
2010.02.12 08:54:45.200,1.5314,1.53175,1.70,2.40
2010.02.12 08:54:45.563,1.53155,1.53175,1.00,2.30
2010.02.12 08:54:45.926,1.53145,1.5318,1.00,2.40
2010.02.12 08:54:46.281,1.53145,1.53175,1.00,2.30
2010.02.12 08:54:47.825,1.5315,1.53175,1.00,2.30
2010.02.12 08:54:48.163,1.5315,1.53175,1.00,2.30
2010.02.12 08:54:49.541,1.5315,1.53175,1.00,2.30
2010.02.12 08:54:49.998,1.5315,1.5318,1.00,2.30
2010.02.12 08:54:58.265,1.53155,1.5318,1.00,1.00
2010.02.12 08:54:59.630,1.5316,1.5318,1.00,1.00
2010.02.12 08:55:01.078,1.53145,1.53175,1.00,1.40
2010.02.12 08:55:01.435,1.53145,1.5318,1.00,2.50
2010.02.12 08:55:01.783,1.53145,1.53175,1.00,1.40
2010.02.12 08:55:02.133,1.53145,1.53175,1.00,2.20
2010.02.12 08:55:03.056,1.53145,1.5317,1.00,1.00
2010.02.12 08:55:10.797,1.53145,1.53175,1.00,1.00
2010.02.12 08:55:12.290,1.5315,1.53175,1.00,1.00
2010.02.12 08:55:13.851,1.5315,1.53175,1.00,1.00
2010.02.12 08:55:15.174,1.5313,1.5316,1.20,1.40
2010.02.12 08:55:15.531,1.53125,1.53155,2.50,1.60
2010.02.12 08:55:15.877,1.53125,1.53155,2.50,1.60
2010.02.12 08:55:16.229,1.53125,1.53155,2.50,1.00
2010.02.12 08:55:17.505,1.53125,1.5315,2.50,1.00
2010.02.12 08:55:19.257,1.5313,1.5315,1.60,1.00
2010.02.12 08:55:19.663,1.5314,1.5316,1.00,1.40
2010.02.12 08:55:19.963,1.5314,1.53165,1.00,1.00
2010.02.12 08:55:21.093,1.5313,1.5316,2.40,1.50
2010.02.12 08:55:21.452,1.5313,1.5315,2.40,1.40
2010.02.12 08:55:21.812,1.53125,1.5316,2.50,1.50
2010.02.12 08:55:22.355,1.5313,1.5316,2.40,1.50
2010.02.12 08:55:23.043,1.5313,1.5316,2.40,1.40
2010.02.12 08:55:23.338,1.5313,1.5316,2.40,1.00
2010.02.12 08:55:23.639,1.53125,1.53155,2.40,1.00
2010.02.12 08:55:23.978,1.53125,1.5316,2.50,13.40
2010.02.12 08:55:24.284,1.53125,1.5316,2.50,1.00
2010.02.12 08:55:24.579,1.53125,1.5316,2.50,1.50
2010.02.12 08:55:26.046,1.53125,1.53155,2.50,1.00
2010.02.12 08:55:28.210,1.53135,1.5316,1.00,1.40
2010.02.12 08:55:28.388,1.5314,1.5317,2.50,1.50
2010.02.12 08:55:28.726,1.5314,1.5317,2.50,1.40
2010.02.12 08:55:29.062,1.5314,1.5317,2.50,1.50
2010.02.12 08:55:29.398,1.5314,1.5317,2.50,1.40
2010.02.12 08:55:29.752,1.5314,1.53175,2.50,2.20
2010.02.12 08:55:30.385,1.5314,1.53165,1.00,1.60
2010.02.12 08:55:30.736,1.5314,1.53175,1.00,3.80
2010.02.12 08:55:31.390,1.5314,1.53165,1.00,1.00
2010.02.12 08:55:32.083,1.5314,1.5317,1.00,1.50
2010.02.12 08:55:32.684,1.53135,1.5317,2.50,2.20
2010.02.12 08:55:33.042,1.5314,1.5316,1.00,1.00
2010.02.12 08:55:33.402,1.53135,1.5315,1.60,1.40
2010.02.12 08:55:34.015,1.53135,1.53155,1.00,1.60
2010.02.12 08:55:34.356,1.53135,1.53165,1.00,1.00
2010.02.12 08:55:34.693,1.5313,1.53165,2.40,2.20
2010.02.12 08:55:35.042,1.5313,1.53155,2.50,1.00
2010.02.12 08:55:36.023,1.53135,1.5316,1.00,1.00
2010.02.12 08:55:38.249,1.5314,1.53165,1.00,2.20
2010.02.12 08:55:38.604,1.5314,1.53165,2.50,1.40
2010.02.12 08:55:38.959,1.53145,1.53165,1.60,1.40
2010.02.12 08:55:39.317,1.5314,1.53165,1.00,1.40
2010.02.12 08:55:39.672,1.5313,1.5317,2.50,3.80
2010.02.12 08:55:39.999,1.53135,1.5317,2.40,3.80
2010.02.12 08:55:40.853,1.53135,1.5317,1.00,3.80
2010.02.12 08:55:41.192,1.53135,1.53165,1.00,1.00
2010.02.12 08:55:41.534,1.53135,1.53165,1.00,2.20
2010.02.12 08:55:41.876,1.53125,1.53155,1.00,1.40
2010.02.12 08:55:42.154,1.53125,1.5316,1.00,2.40
2010.02.12 08:55:43.059,1.53135,1.5316,1.00,1.00
2010.02.12 08:55:43.987,1.5313,1.5316,1.00,1.00
2010.02.12 08:55:45.678,1.53135,1.5316,1.00,1.00
2010.02.12 08:55:46.896,1.53135,1.5316,1.00,2.40
2010.02.12 08:55:49.307,1.53135,1.5316,1.00,1.60
2010.02.12 08:55:50.180,1.53135,1.5316,1.00,1.60
2010.02.12 08:55:50.537,1.53135,1.53165,1.00,1.00
2010.02.12 08:55:55.708,1.5313,1.5316,1.00,1.40
2010.02.12 08:55:56.056,1.5313,1.53165,1.00,2.40
2010.02.12 08:55:56.407,1.5313,1.5316,1.00,1.40
2010.02.12 08:55:56.966,1.5313,1.53165,1.00,2.40
2010.02.12 08:55:57.877,1.53135,1.53165,1.00,2.40
2010.02.12 08:55:58.856,1.53135,1.53165,1.00,2.30
2010.02.12 08:56:01.383,1.53135,1.5316,1.00,1.60
2010.02.12 08:56:01.664,1.53125,1.53155,1.00,1.50
2010.02.12 08:56:02.213,1.5312,1.53155,2.50,1.50
2010.02.12 08:56:02.569,1.53125,1.5316,1.60,2.40
2010.02.12 08:56:02.922,1.5313,1.53165,1.00,2.30
2010.02.12 08:56:04.427,1.5314,1.53165,1.00,2.30
2010.02.12 08:56:05.606,1.5313,1.53165,1.00,3.80
2010.02.12 08:56:08.819,1.5314,1.53165,1.00,3.80
2010.02.12 08:56:09.082,1.5314,1.5317,1.00,3.80
2010.02.12 08:56:10.961,1.5313,1.5316,1.00,1.00
2010.02.12 08:56:13.674,1.53125,1.53155,2.50,1.00
2010.02.12 08:56:14.039,1.53135,1.5316,1.00,1.40
2010.02.12 08:56:14.339,1.53135,1.5317,2.40,3.80
2010.02.12 08:56:14.687,1.5313,1.5317,2.50,3.80
2010.02.12 08:56:15.952,1.53135,1.5317,1.00,3.80
2010.02.12 08:56:17.041,1.5314,1.5317,1.00,3.80
2010.02.12 08:56:17.755,1.5314,1.5317,1.00,3.80
2010.02.12 08:56:17.980,1.5314,1.5317,1.00,2.30
2010.02.12 08:56:19.243,1.5314,1.53175,2.50,3.80
2010.02.12 08:56:22.205,1.5314,1.5317,2.50,1.50
2010.02.12 08:56:24.078,1.5314,1.5317,1.00,1.50
2010.02.12 08:56:24.392,1.5314,1.5317,1.00,3.80
2010.02.12 08:56:27.376,1.5314,1.53165,1.00,1.40
2010.02.12 08:56:27.839,1.5313,1.53165,2.50,2.20
2010.02.12 08:56:28.954,1.5313,1.53155,2.50,1.00
2010.02.12 08:56:31.067,1.53135,1.53165,1.00,1.00
2010.02.12 08:56:32.114,1.5314,1.53165,1.00,1.00
2010.02.12 08:56:33.900,1.53135,1.53165,1.00,1.00
2010.02.12 08:56:37.723,1.53135,1.5317,2.50,3.90
2010.02.12 08:56:38.845,1.53135,1.53165,1.00,1.00
2010.02.12 08:56:41.000,1.5313,1.53165,2.50,3.80
2010.02.12 08:56:41.340,1.5313,1.53165,1.60,3.80
2010.02.12 08:56:41.675,1.5313,1.53165,1.00,5.40
2010.02.12 08:56:42.014,1.5313,1.53155,1.00,1.00
2010.02.12 08:56:43.072,1.5314,1.53175,1.00,6.40
2010.02.12 08:56:43.373,1.5314,1.53175,1.00,2.40
2010.02.12 08:56:43.687,1.5314,1.5317,1.70,3.80
2010.02.12 08:56:44.037,1.5314,1.5317,1.00,3.80
2010.02.12 08:56:44.357,1.5314,1.53165,1.00,2.30
2010.02.12 08:56:45.051,1.5314,1.53165,1.00,2.30
2010.02.12 08:56:45.775,1.5313,1.53165,2.50,3.80
2010.02.12 08:56:46.130,1.5313,1.53165,2.50,5.40
2010.02.12 08:56:46.721,1.53135,1.53175,2.40,2.40
2010.02.12 08:56:47.037,1.53155,1.5319,1.00,2.80
2010.02.12 08:56:47.348,1.53155,1.5319,1.00,1.20
2010.02.12 08:56:47.699,1.53155,1.5319,1.00,1.00
2010.02.12 08:56:48.059,1.5315,1.5318,1.60,1.40
2010.02.12 08:56:48.419,1.53145,1.53185,2.40,2.30
2010.02.12 08:56:49.034,1.53145,1.53175,1.60,2.20
2010.02.12 08:56:49.391,1.5314,1.53175,2.50,1.00
2010.02.12 08:56:49.798,1.5314,1.53175,2.40,2.20
2010.02.12 08:56:51.014,1.5314,1.53175,2.40,1.00
2010.02.12 08:56:51.381,1.5314,1.53175,1.00,3.80
2010.02.12 08:56:52.021,1.5314,1.5317,1.00,1.00
2010.02.12 08:56:52.387,1.53135,1.5317,2.40,2.30
2010.02.12 08:56:53.095,1.53135,1.5317,2.40,3.80
2010.02.12 08:56:53.453,1.5314,1.5317,2.40,1.00
2010.02.12 08:56:54.144,1.53135,1.5317,2.40,1.00
2010.02.12 08:56:55.395,1.53135,1.5317,2.40,1.20
2010.02.12 08:56:55.745,1.5313,1.5315,1.00,1.40
2010.02.12 08:56:55.934,1.53125,1.5316,2.50,1.00
2010.02.12 08:56:56.123,1.5313,1.5316,1.00,1.40
2010.02.12 08:56:56.303,1.5313,1.53165,1.00,1.00
2010.02.12 08:56:56.762,1.5313,1.53165,1.00,2.30
2010.02.12 08:56:57.088,1.5314,1.53175,2.40,2.20
2010.02.12 08:56:57.739,1.53145,1.53175,2.40,1.50
2010.02.12 08:56:58.345,1.5315,1.53185,1.00,5.40
2010.02.12 08:56:58.692,1.5315,1.53185,1.00,3.80
2010.02.12 08:56:59.040,1.5315,1.53185,1.00,3.90
2010.02.12 08:57:03.834,1.53155,1.53185,1.00,2.40
2010.02.12 08:57:04.222,1.53155,1.53185,1.00,3.80
2010.02.12 08:57:04.602,1.53155,1.53185,1.00,3.80
2010.02.12 08:57:04.954,1.53155,1.53185,1.00,2.40
2010.02.12 08:57:09.555,1.53155,1.53185,1.00,1.00
2010.02.12 08:57:10.089,1.53155,1.53185,1.00,1.00
2010.02.12 08:57:10.360,1.53155,1.53185,1.00,1.50
2010.02.12 08:57:11.412,1.53155,1.53185,1.00,1.50
2010.02.12 08:57:11.763,1.53155,1.53185,1.00,1.00
2010.02.12 08:57:12.453,1.5316,1.5318,1.00,1.40
2010.02.12 08:57:12.792,1.5316,1.53195,5.30,1.00
2010.02.12 08:57:13.621,1.53155,1.53185,1.00,2.00
2010.02.12 08:57:13.908,1.5315,1.53185,2.50,1.00
2010.02.12 08:57:14.976,1.53155,1.53185,1.00,1.00
2010.02.12 08:57:16.943,1.53155,1.53185,1.00,1.00
2010.02.12 08:57:18.345,1.5315,1.5318,1.00,1.00
2010.02.12 08:57:18.699,1.5315,1.53175,1.00,1.00
2010.02.12 08:57:20.032,1.5315,1.53175,1.00,1.00
2010.02.12 08:57:20.809,1.5315,1.53185,1.00,2.40
2010.02.12 08:57:21.414,1.5315,1.53185,1.00,3.70
2010.02.12 08:57:21.773,1.5315,1.53185,2.40,1.30
2010.02.12 08:57:23.724,1.53155,1.53185,1.00,1.30
2010.02.12 08:57:24.159,1.5315,1.5318,2.50,1.00
2010.02.12 08:57:25.060,1.53145,1.5318,2.50,1.20
2010.02.12 08:57:25.409,1.53145,1.5318,1.00,1.00
2010.02.12 08:57:25.764,1.53145,1.53185,1.00,2.50
2010.02.12 08:57:30.492,1.5315,1.5318,1.00,2.30
2010.02.12 08:57:31.202,1.5314,1.53175,2.40,1.00
2010.02.12 08:57:32.527,1.5314,1.53175,2.90,2.30
2010.02.12 08:57:32.871,1.5314,1.53175,5.30,2.30
2010.02.12 08:57:33.222,1.53145,1.53175,1.00,2.30
2010.02.12 08:57:33.904,1.53145,1.5318,1.00,2.40
2010.02.12 08:57:34.680,1.53145,1.5318,1.00,2.40
2010.02.12 08:57:35.030,1.5315,1.5318,1.00,2.40
2010.02.12 08:57:35.868,1.5315,1.5318,1.00,2.30
2010.02.12 08:57:39.610,1.53145,1.5318,1.00,2.40
2010.02.12 08:57:39.800,1.53145,1.5318,1.00,3.70
2010.02.12 08:57:40.152,1.53145,1.5318,1.00,2.30
2010.02.12 08:57:40.863,1.53145,1.5318,1.00,2.30
2010.02.12 08:57:41.197,1.53145,1.5318,1.00,2.30
2010.02.12 08:57:41.866,1.5314,1.5318,2.50,2.30
2010.02.12 08:57:42.835,1.53145,1.5318,1.20,2.30
2010.02.12 08:57:43.694,1.53145,1.5318,1.00,2.40
2010.02.12 08:57:44.999,1.5315,1.5318,1.00,2.40
2010.02.12 08:57:46.097,1.53145,1.5318,1.00,2.50
2010.02.12 08:57:46.435,1.53145,1.53175,1.00,2.30
2010.02.12 08:57:47.437,1.53145,1.5317,1.00,1.00
2010.02.12 08:57:48.129,1.5314,1.5317,1.00,1.00
2010.02.12 08:57:52.066,1.5314,1.5317,1.00,1.00
2010.02.12 08:57:54.813,1.5314,1.5317,1.00,1.00
2010.02.12 08:57:56.378,1.53135,1.5317,1.00,1.00
2010.02.12 08:57:59.028,1.53135,1.5317,1.00,1.00
2010.02.12 08:57:59.726,1.53135,1.5317,1.00,2.30
2010.02.12 08:58:01.365,1.5314,1.53175,2.40,2.00
2010.02.12 08:58:01.711,1.5314,1.53175,2.40,1.00
2010.02.12 08:58:03.129,1.5314,1.53175,2.50,1.00
2010.02.12 08:58:03.582,1.53135,1.53175,2.50,2.40
2010.02.12 08:58:04.293,1.53135,1.53175,1.00,2.40
2010.02.12 08:58:04.648,1.5315,1.53185,3.80,2.30
2010.02.12 08:58:05.687,1.53155,1.53185,1.00,2.30
2010.02.12 08:58:06.738,1.5316,1.53195,1.00,3.60
2010.02.12 08:58:07.088,1.53155,1.5319,1.00,2.30
2010.02.12 08:58:07.848,1.53155,1.5319,1.00,2.50
2010.02.12 08:58:08.199,1.53145,1.5317,2.40,1.20
2010.02.12 08:58:08.546,1.5315,1.5318,2.40,1.30
2010.02.12 08:58:09.585,1.5315,1.53185,2.50,4.50
2010.02.12 08:58:09.935,1.5315,1.53185,2.50,1.30
2010.02.12 08:58:11.228,1.5315,1.53185,2.40,1.30
2010.02.12 08:58:12.707,1.53155,1.53185,2.40,1.30
2010.02.12 08:58:14.771,1.5315,1.53185,1.00,3.70
2010.02.12 08:58:16.663,1.5315,1.53185,4.10,1.00
2010.02.12 08:58:17.060,1.5315,1.53185,2.50,2.40
2010.02.12 08:58:17.765,1.53155,1.5318,1.00,1.00
2010.02.12 08:58:20.584,1.5316,1.5319,1.00,1.00
2010.02.12 08:58:20.985,1.5316,1.5319,1.00,1.00
2010.02.12 08:58:23.022,1.5316,1.5319,1.00,1.00
2010.02.12 08:58:27.191,1.5316,1.5319,1.00,2.10
2010.02.12 08:58:29.429,1.53155,1.5318,2.40,1.00
2010.02.12 08:58:29.707,1.53155,1.5319,1.00,2.40
2010.02.12 08:58:29.982,1.53155,1.5319,1.00,2.40
2010.02.12 08:58:30.642,1.53155,1.5319,2.50,2.40
2010.02.12 08:58:30.989,1.5316,1.53185,1.00,1.00
2010.02.12 08:58:33.790,1.53155,1.53185,1.00,1.00
2010.02.12 08:58:35.246,1.53155,1.53185,2.40,1.00
2010.02.12 08:58:37.120,1.53155,1.53185,1.60,1.00
2010.02.12 08:58:37.377,1.53155,1.53185,2.40,1.00
2010.02.12 08:58:38.737,1.53155,1.5319,2.50,3.60
2010.02.12 08:58:39.096,1.53155,1.5319,2.50,2.30
2010.02.12 08:58:39.686,1.53155,1.53195,4.10,3.70
2010.02.12 08:58:40.306,1.5316,1.53195,2.50,2.00
2010.02.12 08:58:40.602,1.53165,1.53195,1.60,1.00
2010.02.12 08:58:40.910,1.53165,1.53195,1.60,2.00
2010.02.12 08:58:41.458,1.5316,1.53195,2.50,2.00
2010.02.12 08:58:42.145,1.5316,1.53195,2.50,2.10
2010.02.12 08:58:42.926,1.53165,1.53195,2.40,1.30
2010.02.12 08:58:45.629,1.5316,1.53195,2.40,2.10
2010.02.12 08:58:46.327,1.53165,1.53195,2.40,1.20
2010.02.12 08:58:46.684,1.5317,1.532,1.60,1.00
2010.02.12 08:58:47.040,1.5317,1.532,2.40,1.00
2010.02.12 08:58:47.668,1.53175,1.532,2.50,1.00
2010.02.12 08:58:48.000,1.53175,1.53205,2.40,1.00
2010.02.12 08:58:48.339,1.5317,1.53205,2.40,1.00
2010.02.12 08:58:52.166,1.5317,1.53195,1.00,1.00
2010.02.12 08:58:54.107,1.5317,1.53195,2.40,1.00
2010.02.12 08:58:54.468,1.53165,1.53195,2.50,1.00
2010.02.12 08:58:57.520,1.53165,1.53195,1.00,1.00
2010.02.12 08:58:57.927,1.5316,1.53195,2.40,1.00
2010.02.12 08:58:58.261,1.5316,1.53195,2.40,1.30
2010.02.12 08:58:58.591,1.5316,1.53185,2.40,1.00
2010.02.12 08:58:59.530,1.5316,1.53185,1.00,1.00
2010.02.12 08:59:05.590,1.53165,1.53195,2.40,1.00
2010.02.12 08:59:05.944,1.53165,1.53195,4.00,1.00
2010.02.12 08:59:06.415,1.5317,1.53195,2.40,1.00
2010.02.12 08:59:06.765,1.5317,1.53195,4.00,1.00
2010.02.12 08:59:07.114,1.5317,1.5319,4.00,1.00
2010.02.12 08:59:09.308,1.5317,1.5319,2.40,1.00
2010.02.12 08:59:09.846,1.5318,1.5321,2.40,1.00
2010.02.12 08:59:10.879,1.5318,1.5321,2.50,1.00
2010.02.12 08:59:11.227,1.5318,1.5321,1.00,1.00
2010.02.12 08:59:11.853,1.53185,1.5321,1.00,1.00
2010.02.12 08:59:13.234,1.53185,1.5321,1.60,1.00
2010.02.12 08:59:15.015,1.53185,1.5321,1.00,1.00
2010.02.12 08:59:15.328,1.53185,1.5321,1.60,1.00
2010.02.12 08:59:17.186,1.53185,1.5321,1.00,1.00
2010.02.12 08:59:17.522,1.53185,1.5321,1.60,1.00
2010.02.12 08:59:17.843,1.53185,1.5321,1.00,1.00
2010.02.12 08:59:18.176,1.53195,1.5322,1.00,1.00
2010.02.12 08:59:18.508,1.53185,1.5321,2.50,1.00
2010.02.12 08:59:19.382,1.5319,1.5322,1.60,2.40
2010.02.12 08:59:27.634,1.5319,1.53215,1.60,1.00
2010.02.12 08:59:27.838,1.53185,1.5321,4.10,1.00
2010.02.12 08:59:29.649,1.53185,1.5321,1.60,1.00
2010.02.12 08:59:30.178,1.53185,1.5321,1.00,1.00
2010.02.12 08:59:30.432,1.5319,1.53215,1.00,1.00
2010.02.12 08:59:30.787,1.53185,1.53215,1.00,1.00
2010.02.12 08:59:31.594,1.53185,1.5322,2.50,1.00
2010.02.12 08:59:31.947,1.5319,1.5322,1.00,1.00
2010.02.12 08:59:32.814,1.5319,1.5322,1.00,1.00
2010.02.12 08:59:36.806,1.5319,1.5322,1.00,1.00
2010.02.12 08:59:38.141,1.5319,1.5322,1.60,1.00
2010.02.12 08:59:40.610,1.532,1.53225,1.00,2.30
2010.02.12 08:59:40.960,1.53195,1.53225,1.00,2.30
2010.02.12 08:59:41.658,1.53185,1.5321,1.00,2.30
2010.02.12 08:59:43.922,1.53185,1.5321,1.00,1.60
2010.02.12 08:59:44.159,1.53185,1.53215,1.00,2.40
2010.02.12 08:59:44.394,1.53185,1.53215,1.00,1.00
2010.02.12 08:59:45.356,1.53185,1.53215,1.00,2.30
2010.02.12 08:59:50.150,1.53185,1.53215,1.70,2.30
2010.02.12 08:59:50.989,1.53185,1.53215,1.00,2.30
2010.02.12 08:59:55.465,1.5318,1.5321,1.00,1.30
2010.02.12 08:59:56.288,1.53175,1.5321,1.00,3.70
2010.02.12 08:59:56.989,1.5319,1.5321,1.00,1.20
2010.02.12 08:59:57.242,1.5318,1.53215,1.00,1.00
2010.02.12 08:59:57.587,1.5318,1.53215,1.00,1.30
2010.02.12 08:59:58.176,1.53185,1.53215,1.00,1.30
2010.02.12 08:59:58.529,1.5318,1.53215,2.50,1.30
2010.02.12 08:59:59.141,1.5318,1.5321,2.50,1.00
