2017.09.20 16:00:00.218,1.48678,1.48694,1.12,1.00
2017.09.20 16:00:00.803,1.48677,1.48695,1.25,1.37
2017.09.20 16:00:01.119,1.48679,1.48696,1.00,2.38
2017.09.20 16:00:01.819,1.48679,1.48696,1.00,2.75
2017.09.20 16:00:02.258,1.48679,1.48696,1.00,2.25
2017.09.20 16:00:02.361,1.48677,1.48696,1.00,2.19
2017.09.20 16:00:02.517,1.48677,1.48694,1.00,1.44
2017.09.20 16:00:03.007,1.48676,1.48693,1.00,1.00
2017.09.20 16:00:03.058,1.48678,1.48694,1.00,2.19
2017.09.20 16:00:03.315,1.48675,1.48694,1.12,2.56
2017.09.20 16:00:03.830,1.48674,1.48693,1.88,1.25
2017.09.20 16:00:04.036,1.48674,1.48693,1.00,1.63
2017.09.20 16:00:04.549,1.48674,1.48691,1.00,1.50
2017.09.20 16:00:05.096,1.48673,1.48687,1.50,1.00
2017.09.20 16:00:05.246,1.48673,1.48689,1.50,1.00
2017.09.20 16:00:06.605,1.48674,1.48689,1.00,1.12
2017.09.20 16:00:07.145,1.48673,1.48689,1.00,1.12
2017.09.20 16:00:07.678,1.48671,1.48689,1.19,1.63
2017.09.20 16:00:08.020,1.48673,1.4869,1.44,1.81
2017.09.20 16:00:08.608,1.48672,1.4869,1.44,1.00
2017.09.20 16:00:09.250,1.48673,1.48691,1.25,1.31
2017.09.20 16:00:09.928,1.48673,1.48691,1.38,1.12
2017.09.20 16:00:10.265,1.48673,1.48691,1.19,1.37
2017.09.20 16:00:10.826,1.48672,1.48691,1.31,1.37
2017.09.20 16:00:11.174,1.48678,1.48695,1.87,1.12
2017.09.20 16:00:11.226,1.48683,1.48696,1.50,1.12
2017.09.20 16:00:11.737,1.48682,1.487,1.19,1.25
2017.09.20 16:00:11.943,1.48697,1.48709,1.50,1.31
2017.09.20 16:00:12.047,1.48696,1.48711,1.50,1.00
2017.09.20 16:00:12.099,1.48699,1.48712,1.00,1.00
2017.09.20 16:00:12.664,1.487,1.48712,1.00,1.00
2017.09.20 16:00:13.057,1.48696,1.48708,2.06,1.13
2017.09.20 16:00:13.212,1.48686,1.48703,3.19,1.00
2017.09.20 16:00:13.315,1.48686,1.48704,2.06,1.00
2017.09.20 16:00:13.641,1.48686,1.48702,1.50,1.25
2017.09.20 16:00:13.693,1.48683,1.48702,1.12,1.25
2017.09.20 16:00:13.904,1.48686,1.48703,1.00,1.62
2017.09.20 16:00:14.255,1.48685,1.487,1.50,1.00
2017.09.20 16:00:14.563,1.48683,1.48698,1.13,1.00
2017.09.20 16:00:15.307,1.48683,1.48697,1.25,1.00
2017.09.20 16:00:16.391,1.48683,1.48698,1.31,1.00
2017.09.20 16:00:16.703,1.48687,1.48702,1.00,1.37
2017.09.20 16:00:17.447,1.48687,1.487,1.00,1.00
2017.09.20 16:00:17.960,1.48686,1.48701,1.00,1.37
2017.09.20 16:00:18.521,1.48687,1.48703,1.00,1.69
2017.09.20 16:00:19.024,1.48686,1.48701,1.00,1.37
2017.09.20 16:00:19.869,1.48686,1.48702,1.00,1.00
2017.09.20 16:00:20.125,1.48687,1.48702,1.00,1.37
2017.09.20 16:00:20.177,1.48687,1.48702,1.00,1.00
2017.09.20 16:00:20.696,1.48687,1.48703,1.50,1.00
2017.09.20 16:00:20.981,1.48688,1.48704,1.38,1.00
2017.09.20 16:00:21.034,1.48688,1.48704,1.00,1.00
2017.09.20 16:00:21.087,1.4869,1.48707,1.00,1.00
2017.09.20 16:00:21.140,1.48693,1.48707,1.00,1.37
2017.09.20 16:00:21.663,1.48692,1.48707,1.50,1.37
2017.09.20 16:00:22.044,1.48693,1.48707,1.00,1.00
2017.09.20 16:00:22.545,1.48692,1.48707,1.50,1.37
2017.09.20 16:00:22.596,1.48691,1.48706,1.12,1.13
2017.09.20 16:00:22.822,1.48686,1.48703,1.50,1.00
2017.09.20 16:00:23.366,1.48687,1.48702,1.00,1.12
2017.09.20 16:00:24.952,1.48686,1.48704,1.50,1.62
2017.09.20 16:00:25.462,1.48687,1.48704,1.00,1.87
2017.09.20 16:00:26.259,1.48686,1.48704,1.50,2.06
2017.09.20 16:00:26.558,1.48687,1.48701,1.00,1.50
2017.09.20 16:00:26.829,1.48687,1.48704,1.00,1.50
2017.09.20 16:00:27.356,1.48686,1.48704,1.00,1.37
2017.09.20 16:00:28.189,1.48685,1.48704,2.06,1.50
2017.09.20 16:00:28.697,1.48686,1.48704,1.00,1.81
2017.09.20 16:00:29.217,1.48686,1.48702,1.00,1.00
2017.09.20 16:00:29.720,1.48686,1.48702,1.00,1.50
2017.09.20 16:00:30.240,1.48685,1.48702,3.00,2.25
2017.09.20 16:00:31.024,1.48686,1.48701,1.00,1.50
2017.09.20 16:00:31.075,1.48685,1.48703,1.25,1.37
2017.09.20 16:00:31.591,1.48686,1.48703,1.00,1.37
2017.09.20 16:00:32.124,1.48686,1.48703,1.00,1.31
2017.09.20 16:00:32.662,1.48685,1.48703,2.06,1.31
2017.09.20 16:00:33.138,1.48685,1.48702,1.25,1.37
2017.09.20 16:00:33.612,1.48687,1.48704,1.00,1.87
2017.09.20 16:00:34.273,1.48688,1.48704,1.00,1.87
2017.09.20 16:00:34.787,1.48687,1.48705,1.00,3.00
2017.09.20 16:00:35.648,1.48687,1.48703,1.00,1.56
2017.09.20 16:00:35.953,1.48684,1.48697,1.50,2.47
2017.09.20 16:00:36.057,1.4868,1.48696,1.25,2.06
2017.09.20 16:00:36.211,1.48677,1.48696,1.00,3.38
2017.09.20 16:00:36.314,1.48679,1.48697,1.00,2.25
2017.09.20 16:00:36.366,1.48682,1.48697,1.00,1.25
2017.09.20 16:00:36.828,1.48682,1.48697,1.00,1.31
2017.09.20 16:00:36.880,1.4868,1.48698,1.00,2.66
2017.09.20 16:00:37.072,1.48678,1.48697,1.25,2.81
2017.09.20 16:00:37.584,1.48678,1.48696,1.00,1.56
2017.09.20 16:00:39.461,1.48678,1.48695,1.00,1.50
2017.09.20 16:00:39.513,1.48675,1.48692,1.00,1.00
2017.09.20 16:00:39.719,1.48678,1.48695,1.00,2.62
2017.09.20 16:00:40.019,1.48681,1.487,1.50,2.62
2017.09.20 16:00:40.599,1.4868,1.487,2.06,3.00
2017.09.20 16:00:41.133,1.4868,1.487,2.06,2.25
2017.09.20 16:00:41.658,1.4868,1.48701,1.25,1.87
2017.09.20 16:00:42.135,1.48683,1.48701,1.00,1.37
2017.09.20 16:00:42.445,1.48684,1.48702,1.19,1.19
2017.09.20 16:00:42.651,1.48685,1.48704,1.19,2.25
2017.09.20 16:00:43.147,1.48685,1.48703,1.25,2.25
2017.09.20 16:00:44.199,1.48684,1.487,1.00,1.62
2017.09.20 16:00:44.251,1.48682,1.487,1.25,1.62
2017.09.20 16:00:44.406,1.48682,1.487,1.25,2.06
2017.09.20 16:00:45.080,1.48682,1.487,1.25,3.56
2017.09.20 16:00:45.631,1.48682,1.48698,1.00,1.37
2017.09.20 16:00:45.989,1.48679,1.48697,1.31,2.06
2017.09.20 16:00:46.871,1.48678,1.48697,1.37,1.62
2017.09.20 16:00:47.077,1.48677,1.48694,1.25,1.56
2017.09.20 16:00:47.180,1.48675,1.48694,1.25,1.56
2017.09.20 16:00:47.334,1.48677,1.48696,1.00,1.87
2017.09.20 16:00:47.841,1.48677,1.48695,1.00,1.31
2017.09.20 16:00:48.693,1.48677,1.48696,1.00,1.50
2017.09.20 16:00:48.744,1.48677,1.48696,1.00,1.25
2017.09.20 16:00:50.372,1.48677,1.48695,1.00,1.25
2017.09.20 16:00:50.423,1.48675,1.48693,1.44,1.25
2017.09.20 16:00:50.950,1.48672,1.48692,1.56,1.00
2017.09.20 16:00:51.160,1.48672,1.4869,1.25,2.62
2017.09.20 16:00:51.416,1.48669,1.48689,1.19,1.00
2017.09.20 16:00:52.069,1.48668,1.48688,1.62,2.06
2017.09.20 16:00:53.230,1.48667,1.48688,1.87,1.00
2017.09.20 16:00:55.499,1.48668,1.48688,1.50,1.12
2017.09.20 16:00:56.117,1.48667,1.48689,1.69,2.62
2017.09.20 16:00:56.636,1.48667,1.48689,1.50,2.94
2017.09.20 16:00:57.166,1.48667,1.48689,1.63,3.88
2017.09.20 16:00:58.269,1.48667,1.48689,1.87,2.38
2017.09.20 16:00:58.628,1.48672,1.4869,1.00,1.44
2017.09.20 16:00:59.040,1.48669,1.48691,2.25,3.19
2017.09.20 16:00:59.338,1.48669,1.4869,2.06,2.56
2017.09.20 16:00:59.850,1.48669,1.4869,2.25,2.06
2017.09.20 16:01:00.840,1.48669,1.4869,2.81,2.06
2017.09.20 16:01:01.558,1.48669,1.4869,1.50,1.25
2017.09.20 16:01:02.066,1.48669,1.48691,3.37,1.87
2017.09.20 16:01:02.969,1.48669,1.4869,1.69,1.12
2017.09.20 16:01:03.499,1.48668,1.48689,1.69,1.00
2017.09.20 16:01:04.012,1.48668,1.48689,2.25,2.56
2017.09.20 16:01:04.514,1.48668,1.48689,1.44,2.19
2017.09.20 16:01:04.618,1.48668,1.48688,2.81,2.19
2017.09.20 16:01:05.038,1.48668,1.48686,1.12,1.00
2017.09.20 16:01:05.090,1.48667,1.48684,1.00,1.25
2017.09.20 16:01:05.396,1.48674,1.48693,1.31,1.12
2017.09.20 16:01:05.448,1.48677,1.48693,1.00,1.63
2017.09.20 16:01:05.703,1.48676,1.48696,1.00,1.25
2017.09.20 16:01:05.806,1.48673,1.4869,1.12,1.38
2017.09.20 16:01:06.121,1.48666,1.48684,2.43,1.50
2017.09.20 16:01:06.173,1.48665,1.48682,1.43,1.25
2017.09.20 16:01:06.326,1.48665,1.4868,1.24,1.00
2017.09.20 16:01:07.100,1.48663,1.4868,4.30,1.00
2017.09.20 16:01:07.807,1.48665,1.4868,1.00,1.25
2017.09.20 16:01:08.147,1.48665,1.4868,1.00,1.50
2017.09.20 16:01:08.423,1.48665,1.48683,1.43,1.25
2017.09.20 16:01:08.475,1.48664,1.48685,2.63,1.50
2017.09.20 16:01:08.578,1.48668,1.48685,1.50,1.00
2017.09.20 16:01:09.114,1.48668,1.48686,1.50,1.00
2017.09.20 16:01:10.595,1.48668,1.48685,1.50,1.06
2017.09.20 16:01:10.703,1.48665,1.48682,1.25,1.00
2017.09.20 16:01:11.029,1.48664,1.48682,1.87,1.50
2017.09.20 16:01:11.549,1.48665,1.48682,1.25,1.50
2017.09.20 16:01:12.083,1.48664,1.48682,2.06,1.50
2017.09.20 16:01:12.274,1.48664,1.48682,1.87,1.00
2017.09.20 16:01:12.428,1.48665,1.48684,1.25,1.25
2017.09.20 16:01:12.684,1.48664,1.48684,1.87,1.75
2017.09.20 16:01:13.194,1.48664,1.48685,2.62,1.81
2017.09.20 16:01:13.721,1.48665,1.48685,1.25,2.19
2017.09.20 16:01:14.408,1.48664,1.48685,2.44,1.81
2017.09.20 16:01:14.562,1.48665,1.48683,1.00,1.63
2017.09.20 16:01:15.027,1.48666,1.48685,1.25,2.81
2017.09.20 16:01:15.691,1.48665,1.48685,1.25,1.19
2017.09.20 16:01:15.796,1.48665,1.48683,1.63,1.00
2017.09.20 16:01:16.297,1.48665,1.48683,1.44,1.00
2017.09.20 16:01:16.809,1.48664,1.48683,2.06,1.00
2017.09.20 16:01:17.385,1.48664,1.48682,2.44,1.00
2017.09.20 16:01:19.298,1.48665,1.48682,1.31,1.00
2017.09.20 16:01:19.737,1.48664,1.48682,1.31,1.00
2017.09.20 16:01:19.839,1.48663,1.4868,1.00,1.25
2017.09.20 16:01:20.147,1.48661,1.48679,1.63,1.25
2017.09.20 16:01:20.301,1.48664,1.48682,1.38,1.00
2017.09.20 16:01:20.826,1.48664,1.48683,2.25,1.25
2017.09.20 16:01:21.031,1.48663,1.48683,3.94,1.25
2017.09.20 16:01:21.287,1.48664,1.48683,1.50,1.25
2017.09.20 16:01:21.848,1.48664,1.48683,2.25,1.25
2017.09.20 16:01:22.329,1.48663,1.48683,2.25,1.25
2017.09.20 16:01:22.436,1.48663,1.4868,1.25,1.00
2017.09.20 16:01:22.749,1.48663,1.48678,1.00,1.88
2017.09.20 16:01:22.909,1.48661,1.48678,1.69,1.00
2017.09.20 16:01:22.960,1.48662,1.48678,1.44,1.00
2017.09.20 16:01:23.506,1.48662,1.48677,1.00,1.12
2017.09.20 16:01:24.027,1.48661,1.48677,1.25,1.12
2017.09.20 16:01:25.122,1.48662,1.48677,1.00,1.12
2017.09.20 16:01:25.667,1.48661,1.48677,1.00,1.12
2017.09.20 16:01:26.128,1.48662,1.48677,1.44,1.50
2017.09.20 16:01:26.439,1.48662,1.48675,1.00,1.00
2017.09.20 16:01:27.436,1.4866,1.48675,1.50,1.00
2017.09.20 16:01:27.961,1.4866,1.48675,1.88,1.00
2017.09.20 16:01:28.504,1.4866,1.48675,1.44,1.00
2017.09.20 16:01:29.049,1.4866,1.48675,1.25,1.12
2017.09.20 16:01:30.382,1.4866,1.48675,1.88,1.00
2017.09.20 16:01:30.947,1.4866,1.48675,1.25,1.00
2017.09.20 16:01:32.052,1.4866,1.48675,1.88,1.00
2017.09.20 16:01:32.573,1.4866,1.48675,1.13,1.00
2017.09.20 16:01:33.079,1.4866,1.48675,1.44,1.00
2017.09.20 16:01:33.499,1.4866,1.48675,1.38,1.00
2017.09.20 16:01:33.704,1.48661,1.48675,1.13,1.00
2017.09.20 16:01:34.011,1.48663,1.48678,1.69,1.00
2017.09.20 16:01:34.114,1.48663,1.48677,1.25,1.00
2017.09.20 16:01:34.637,1.48662,1.48677,1.56,1.00
2017.09.20 16:01:34.740,1.48661,1.48677,1.31,1.50
2017.09.20 16:01:35.277,1.48659,1.48677,1.31,1.00
2017.09.20 16:01:35.387,1.48658,1.48675,3.00,1.00
2017.09.20 16:01:35.962,1.4866,1.48675,2.44,1.00
2017.09.20 16:01:36.167,1.4866,1.48677,1.81,1.00
2017.09.20 16:01:36.998,1.48661,1.48677,1.31,1.00
2017.09.20 16:01:37.522,1.4866,1.48677,1.13,1.50
2017.09.20 16:01:37.625,1.48659,1.48677,2.06,1.00
2017.09.20 16:01:38.207,1.4866,1.48677,1.13,1.50
2017.09.20 16:01:38.866,1.4866,1.48677,1.88,2.00
2017.09.20 16:01:39.382,1.4866,1.48677,1.69,1.00
2017.09.20 16:01:40.347,1.4866,1.48677,1.69,1.00
2017.09.20 16:01:41.179,1.4866,1.48677,1.88,1.50
2017.09.20 16:01:41.685,1.4866,1.48677,1.69,1.00
2017.09.20 16:01:42.208,1.4866,1.48677,2.25,1.50
2017.09.20 16:01:42.979,1.4866,1.48677,2.06,1.00
2017.09.20 16:01:43.489,1.4866,1.48677,2.25,1.50
2017.09.20 16:01:44.075,1.4866,1.48677,1.69,1.00
2017.09.20 16:01:44.587,1.4866,1.48677,1.88,1.50
2017.09.20 16:01:45.133,1.4866,1.48677,1.69,1.00
2017.09.20 16:01:45.442,1.48659,1.48672,1.00,1.00
2017.09.20 16:01:45.706,1.48656,1.48671,1.25,1.00
2017.09.20 16:01:46.319,1.48656,1.48671,1.44,1.00
2017.09.20 16:01:46.525,1.48657,1.48673,1.00,1.25
2017.09.20 16:01:46.627,1.48657,1.48674,2.00,1.50
2017.09.20 16:01:46.679,1.48657,1.48672,1.31,1.25
2017.09.20 16:01:46.732,1.48657,1.48674,1.69,1.00
2017.09.20 16:01:46.874,1.48659,1.48674,1.12,1.00
2017.09.20 16:01:47.384,1.48658,1.48675,2.25,1.00
2017.09.20 16:01:48.207,1.48657,1.48675,2.44,1.00
2017.09.20 16:01:48.812,1.48657,1.48675,2.44,1.00
2017.09.20 16:01:49.203,1.48657,1.48675,2.44,1.50
2017.09.20 16:01:49.306,1.48657,1.48675,3.38,1.00
2017.09.20 16:01:50.442,1.48658,1.48675,1.69,1.50
2017.09.20 16:01:55.832,1.48659,1.48675,1.50,1.00
2017.09.20 16:01:56.358,1.48659,1.48674,1.69,1.00
2017.09.20 16:01:56.904,1.48658,1.48674,2.06,1.00
2017.09.20 16:01:57.159,1.48662,1.48674,1.00,1.00
2017.09.20 16:01:57.415,1.4866,1.48674,1.25,1.00
2017.09.20 16:01:57.936,1.48658,1.48674,1.88,1.00
2017.09.20 16:01:57.988,1.48658,1.48674,1.88,1.00
2017.09.20 16:01:58.514,1.48658,1.48675,1.88,1.00
2017.09.20 16:01:58.723,1.48658,1.48675,1.31,1.00
2017.09.20 16:01:59.181,1.48659,1.48675,1.13,1.00
2017.09.20 16:01:59.760,1.4866,1.48675,1.13,1.00
2017.09.20 16:02:00.358,1.48659,1.48673,1.25,1.00
2017.09.20 16:02:00.562,1.48658,1.48672,1.31,1.00
2017.09.20 16:02:01.066,1.48659,1.48675,1.50,2.62
2017.09.20 16:02:01.169,1.48659,1.48672,1.25,1.00
2017.09.20 16:02:01.419,1.48657,1.48675,2.25,1.00
2017.09.20 16:02:01.678,1.48657,1.48675,2.44,1.12
2017.09.20 16:02:02.189,1.48658,1.48676,1.56,1.37
2017.09.20 16:02:02.695,1.48659,1.48676,1.36,1.37
2017.09.20 16:02:02.810,1.48658,1.48676,1.25,1.37
2017.09.20 16:02:02.862,1.48658,1.48676,1.25,1.12
2017.09.20 16:02:03.462,1.48659,1.48676,2.00,1.12
2017.09.20 16:02:03.739,1.48658,1.48676,1.25,1.12
2017.09.20 16:02:04.258,1.48658,1.48675,1.25,1.00
2017.09.20 16:02:04.892,1.48657,1.48675,2.00,1.50
2017.09.20 16:02:04.995,1.4866,1.48675,1.63,1.00
2017.09.20 16:02:05.098,1.4866,1.48677,1.75,1.00
2017.09.20 16:02:05.149,1.48659,1.48675,2.06,1.00
2017.09.20 16:02:05.303,1.4866,1.48677,1.69,1.00
2017.09.20 16:02:05.354,1.4866,1.48677,1.50,1.00
2017.09.20 16:02:05.457,1.4866,1.48677,2.44,1.00
2017.09.20 16:02:06.158,1.4866,1.48677,2.44,1.00
2017.09.20 16:02:06.734,1.48663,1.48678,2.25,1.00
2017.09.20 16:02:06.887,1.48663,1.48679,1.37,1.00
2017.09.20 16:02:07.407,1.48663,1.48678,1.69,1.00
2017.09.20 16:02:08.091,1.48662,1.48676,1.13,1.00
2017.09.20 16:02:08.637,1.48663,1.48676,1.38,1.00
2017.09.20 16:02:09.108,1.48662,1.48678,1.38,1.00
2017.09.20 16:02:09.466,1.48661,1.48678,1.13,1.00
2017.09.20 16:02:10.006,1.48662,1.48678,1.38,1.00
2017.09.20 16:02:10.111,1.48662,1.48678,2.00,1.00
2017.09.20 16:02:10.657,1.48664,1.48679,1.63,1.00
2017.09.20 16:02:11.022,1.48664,1.48681,2.44,1.00
2017.09.20 16:02:11.198,1.48664,1.48679,2.44,1.00
2017.09.20 16:02:11.707,1.48664,1.48679,2.44,1.00
2017.09.20 16:02:12.243,1.48664,1.4868,2.44,1.00
2017.09.20 16:02:12.842,1.48664,1.4868,1.69,1.00
2017.09.20 16:02:13.388,1.48665,1.4868,1.44,1.00
2017.09.20 16:02:14.767,1.48665,1.4868,1.38,1.00
2017.09.20 16:02:15.435,1.48664,1.48681,1.69,1.00
2017.09.20 16:02:17.936,1.48665,1.48681,1.44,1.00
2017.09.20 16:02:18.565,1.48665,1.48681,1.38,1.00
2017.09.20 16:02:19.116,1.48665,1.48681,1.35,1.00
2017.09.20 16:02:19.348,1.48664,1.48681,1.63,1.00
2017.09.20 16:02:20.046,1.48664,1.48681,1.38,1.19
2017.09.20 16:02:20.098,1.48663,1.4868,1.00,1.25
2017.09.20 16:02:20.149,1.48661,1.48678,1.44,1.00
2017.09.20 16:02:20.200,1.4866,1.48678,3.19,1.00
2017.09.20 16:02:20.557,1.4866,1.48677,1.00,3.00
2017.09.20 16:02:20.609,1.48655,1.48676,3.13,1.88
2017.09.20 16:02:20.660,1.48655,1.48673,2.06,1.00
2017.09.20 16:02:20.814,1.48654,1.48672,1.12,1.00
2017.09.20 16:02:21.318,1.48653,1.48671,1.63,1.00
2017.09.20 16:02:21.830,1.48655,1.48672,1.00,1.31
2017.09.20 16:02:21.984,1.48655,1.48669,1.00,1.00
2017.09.20 16:02:22.242,1.48652,1.48669,1.50,1.00
2017.09.20 16:02:22.295,1.48656,1.48672,1.00,1.50
2017.09.20 16:02:22.628,1.48656,1.48673,1.63,1.00
2017.09.20 16:02:23.380,1.48656,1.48674,2.44,1.00
2017.09.20 16:02:23.712,1.48656,1.48672,1.87,1.00
2017.09.20 16:02:24.782,1.48654,1.4867,2.06,1.00
2017.09.20 16:02:25.406,1.48654,1.48669,1.37,1.00
2017.09.20 16:02:25.965,1.48654,1.48668,1.19,1.00
2017.09.20 16:02:26.511,1.48652,1.48669,2.06,1.00
2017.09.20 16:02:30.394,1.48651,1.48667,2.06,1.00
2017.09.20 16:02:31.356,1.48652,1.48667,1.62,1.00
2017.09.20 16:02:31.867,1.48651,1.48667,2.81,1.00
2017.09.20 16:02:36.386,1.48651,1.48666,3.00,1.00
2017.09.20 16:02:36.790,1.48653,1.48668,1.31,1.00
2017.09.20 16:02:38.167,1.48652,1.48668,3.19,1.00
2017.09.20 16:02:39.428,1.48652,1.48667,1.00,1.00
2017.09.20 16:02:39.481,1.48652,1.48665,1.00,1.00
2017.09.20 16:02:39.586,1.48647,1.48661,1.69,1.00
2017.09.20 16:02:39.690,1.48648,1.48662,1.36,1.00
2017.09.20 16:02:39.998,1.48651,1.48662,1.25,1.00
2017.09.20 16:02:40.504,1.48649,1.48663,1.37,1.00
2017.09.20 16:02:41.034,1.48648,1.48664,1.56,1.00
2017.09.20 16:02:41.548,1.4865,1.48664,1.25,1.00
2017.09.20 16:02:42.107,1.48649,1.48664,2.00,1.00
2017.09.20 16:02:42.159,1.48651,1.48666,1.56,1.00
2017.09.20 16:02:43.066,1.4865,1.48666,2.62,1.00
2017.09.20 16:02:43.581,1.48651,1.48666,1.37,1.00
2017.09.20 16:02:43.912,1.48652,1.48669,1.62,1.69
2017.09.20 16:02:44.118,1.48654,1.4867,1.31,1.50
2017.09.20 16:02:44.714,1.48653,1.4867,1.31,1.50
2017.09.20 16:02:45.385,1.48652,1.48668,1.87,1.00
2017.09.20 16:02:46.051,1.48652,1.48668,2.75,1.00
2017.09.20 16:02:46.554,1.48653,1.48668,1.44,1.00
2017.09.20 16:02:47.081,1.48652,1.48666,1.56,1.00
2017.09.20 16:02:47.183,1.48651,1.48668,2.06,1.00
2017.09.20 16:02:48.337,1.4865,1.48666,1.75,1.00
2017.09.20 16:02:48.541,1.48649,1.48665,2.44,1.00
2017.09.20 16:02:49.956,1.48648,1.48665,1.75,1.00
2017.09.20 16:02:50.468,1.4865,1.48665,1.25,1.00
2017.09.20 16:02:51.003,1.4865,1.48664,1.25,1.00
2017.09.20 16:02:51.814,1.4865,1.48664,1.44,1.00
2017.09.20 16:02:52.266,1.48646,1.48663,2.44,1.00
2017.09.20 16:02:52.929,1.48646,1.48661,2.06,1.00
2017.09.20 16:02:54.944,1.48646,1.48662,2.25,1.00
2017.09.20 16:02:56.979,1.48646,1.48661,2.25,1.00
2017.09.20 16:02:57.902,1.48646,1.48663,1.50,1.00
2017.09.20 16:02:58.975,1.48646,1.48662,1.50,1.00
2017.09.20 16:03:01.730,1.48646,1.4866,1.44,1.00
2017.09.20 16:03:02.711,1.48646,1.48661,1.62,1.00
2017.09.20 16:03:03.057,1.48646,1.48659,1.44,1.00
2017.09.20 16:03:03.770,1.48645,1.48659,1.44,1.00
2017.09.20 16:03:04.317,1.48645,1.4866,1.62,1.00
2017.09.20 16:03:04.369,1.48645,1.48662,1.62,1.00
2017.09.20 16:03:06.154,1.48646,1.48661,1.62,1.00
2017.09.20 16:03:11.572,1.48646,1.48659,1.44,1.00
2017.09.20 16:03:12.077,1.48646,1.4866,1.62,1.00
2017.09.20 16:03:17.877,1.48645,1.48662,2.06,1.00
2017.09.20 16:03:18.417,1.48646,1.48663,1.62,1.00
2017.09.20 16:03:18.946,1.48647,1.48664,1.19,1.00
2017.09.20 16:03:20.648,1.48647,1.48665,1.19,1.25
2017.09.20 16:03:22.618,1.48647,1.48664,1.19,1.00
2017.09.20 16:03:23.289,1.48648,1.48663,1.19,1.00
2017.09.20 16:03:25.902,1.48647,1.48664,1.19,1.25
2017.09.20 16:03:27.717,1.4865,1.48666,1.00,1.19
2017.09.20 16:03:28.240,1.4865,1.48665,1.44,1.00
2017.09.20 16:03:28.344,1.48649,1.48665,1.31,1.00
2017.09.20 16:03:28.850,1.48649,1.48666,1.31,1.00
2017.09.20 16:03:29.448,1.48653,1.48668,1.50,1.00
2017.09.20 16:03:29.500,1.48655,1.48672,1.00,1.44
2017.09.20 16:03:29.552,1.48657,1.48672,1.00,1.25
2017.09.20 16:03:29.860,1.48666,1.48679,1.00,1.25
2017.09.20 16:03:29.963,1.48666,1.48682,1.19,1.50
2017.09.20 16:03:30.320,1.48669,1.48685,1.00,2.62
2017.09.20 16:03:30.905,1.48669,1.48684,1.00,1.31
2017.09.20 16:03:31.415,1.48669,1.48685,1.00,1.87
2017.09.20 16:03:32.464,1.48669,1.48684,1.00,1.25
2017.09.20 16:03:32.989,1.48669,1.48685,1.44,1.31
2017.09.20 16:03:33.537,1.48669,1.48685,1.44,1.50
2017.09.20 16:03:34.155,1.48669,1.48684,1.25,1.87
2017.09.20 16:03:34.676,1.48668,1.48684,1.44,1.25
2017.09.20 16:03:35.586,1.48668,1.48685,1.69,1.00
2017.09.20 16:03:36.430,1.48669,1.48685,1.25,1.37
2017.09.20 16:03:37.006,1.48669,1.48685,1.25,1.00
2017.09.20 16:03:37.703,1.48667,1.4868,1.44,1.00
2017.09.20 16:03:37.755,1.48667,1.4868,1.25,1.00
2017.09.20 16:03:38.215,1.48665,1.48681,1.00,1.00
2017.09.20 16:03:38.720,1.48667,1.48681,1.00,1.00
2017.09.20 16:03:39.224,1.48666,1.48681,1.00,1.00
2017.09.20 16:03:39.759,1.48666,1.4868,1.00,1.00
2017.09.20 16:03:40.263,1.48665,1.4868,1.44,1.00
2017.09.20 16:03:40.628,1.48667,1.48681,1.00,1.00
2017.09.20 16:03:41.179,1.48667,1.4868,1.00,1.00
2017.09.20 16:03:41.972,1.48667,1.48681,1.00,1.69
2017.09.20 16:03:42.623,1.48667,1.4868,1.00,1.25
2017.09.20 16:03:43.131,1.48666,1.4868,1.00,1.00
2017.09.20 16:03:43.655,1.48666,1.48681,1.25,1.50
2017.09.20 16:03:43.964,1.4867,1.48684,1.25,1.62
2017.09.20 16:03:44.170,1.48679,1.48693,1.00,1.31
2017.09.20 16:03:44.273,1.48679,1.48694,1.00,1.69
2017.09.20 16:03:44.513,1.48678,1.48692,1.19,1.25
2017.09.20 16:03:45.026,1.48676,1.48689,1.00,1.00
2017.09.20 16:03:45.078,1.48674,1.4869,1.00,1.00
2017.09.20 16:03:45.283,1.48676,1.4869,1.00,1.00
2017.09.20 16:03:45.590,1.48678,1.48693,1.69,1.00
2017.09.20 16:03:45.924,1.48678,1.48694,1.69,1.12
2017.09.20 16:03:45.976,1.48679,1.48695,1.25,3.00
2017.09.20 16:03:46.027,1.48681,1.48695,1.00,1.31
2017.09.20 16:03:46.537,1.4868,1.48695,1.00,1.31
2017.09.20 16:03:46.901,1.48683,1.48696,1.00,1.50
2017.09.20 16:03:47.064,1.48681,1.48696,1.25,2.25
2017.09.20 16:03:47.169,1.48683,1.48697,1.00,2.06
2017.09.20 16:03:47.674,1.48682,1.48698,1.00,2.25
2017.09.20 16:03:48.082,1.48682,1.48697,1.00,1.37
2017.09.20 16:03:48.134,1.4868,1.48697,1.25,1.37
2017.09.20 16:03:48.334,1.48682,1.48697,1.00,1.37
2017.09.20 16:03:48.436,1.4868,1.48697,1.25,1.37
2017.09.20 16:03:48.488,1.48682,1.48697,1.00,1.37
2017.09.20 16:03:48.701,1.4868,1.48697,1.25,1.37
2017.09.20 16:03:49.476,1.48681,1.48697,1.00,1.00
2017.09.20 16:03:50.002,1.48682,1.48697,1.00,1.00
2017.09.20 16:03:50.527,1.48682,1.48697,1.00,2.44
2017.09.20 16:03:50.629,1.4868,1.48697,1.25,2.44
2017.09.20 16:03:51.167,1.48681,1.48697,1.00,1.50
2017.09.20 16:03:51.708,1.48681,1.48698,1.00,1.50
2017.09.20 16:03:51.913,1.48679,1.48695,1.31,1.00
2017.09.20 16:03:52.222,1.48677,1.48691,1.50,1.50
2017.09.20 16:03:52.275,1.48678,1.48691,1.25,1.12
2017.09.20 16:03:52.441,1.48679,1.48696,1.00,1.31
2017.09.20 16:03:52.646,1.48681,1.48695,1.00,1.44
2017.09.20 16:03:53.157,1.48681,1.48696,1.00,1.31
2017.09.20 16:03:53.899,1.48681,1.48695,1.00,1.62
2017.09.20 16:03:54.056,1.48676,1.48692,1.00,2.25
2017.09.20 16:03:54.641,1.48676,1.48692,1.00,1.50
2017.09.20 16:03:55.173,1.48675,1.48691,1.00,1.44
2017.09.20 16:03:55.224,1.48676,1.48692,1.00,2.25
2017.09.20 16:03:55.451,1.48673,1.48687,1.19,1.00
2017.09.20 16:03:55.554,1.48672,1.48686,1.00,1.00
2017.09.20 16:03:56.218,1.48672,1.48687,1.00,1.00
2017.09.20 16:03:56.839,1.48671,1.48687,1.25,1.00
2017.09.20 16:03:57.377,1.48673,1.48686,1.00,1.00
2017.09.20 16:03:57.480,1.48671,1.48686,1.00,1.00
2017.09.20 16:03:57.735,1.48671,1.48684,1.00,1.00
2017.09.20 16:03:58.041,1.48673,1.48684,1.00,1.00
2017.09.20 16:03:58.093,1.48673,1.48687,1.00,1.50
2017.09.20 16:03:58.718,1.48673,1.48686,1.00,1.00
2017.09.20 16:03:58.974,1.48674,1.4869,1.00,2.44
2017.09.20 16:03:59.076,1.48675,1.48692,1.00,2.62
2017.09.20 16:03:59.128,1.48674,1.48691,1.25,1.56
2017.09.20 16:03:59.180,1.48671,1.48691,1.69,2.44
2017.09.20 16:03:59.231,1.48672,1.48688,1.00,1.25
2017.09.20 16:03:59.588,1.48674,1.48689,1.00,1.31
2017.09.20 16:04:00.100,1.48674,1.4869,1.25,1.37
2017.09.20 16:04:00.610,1.48675,1.48688,1.00,1.69
2017.09.20 16:04:01.142,1.48672,1.48688,1.00,2.06
2017.09.20 16:04:01.476,1.48669,1.48687,1.00,1.87
2017.09.20 16:04:01.835,1.48671,1.48687,1.00,1.12
2017.09.20 16:04:02.244,1.48669,1.48686,1.00,1.25
2017.09.20 16:04:02.451,1.48669,1.48685,1.00,1.19
2017.09.20 16:04:02.502,1.48667,1.48686,1.25,2.44
2017.09.20 16:04:03.014,1.48667,1.48685,1.25,1.69
2017.09.20 16:04:03.066,1.48669,1.48685,1.00,1.69
2017.09.20 16:04:03.768,1.48669,1.48684,1.00,1.63
2017.09.20 16:04:04.075,1.48669,1.48684,1.00,1.12
2017.09.20 16:04:04.335,1.48667,1.48684,1.25,1.00
2017.09.20 16:04:04.897,1.48667,1.48684,1.25,2.44
2017.09.20 16:04:05.356,1.48666,1.48681,1.19,1.00
2017.09.20 16:04:05.649,1.48666,1.48684,1.19,2.62
2017.09.20 16:04:07.097,1.48668,1.48685,1.00,3.00
2017.09.20 16:04:07.606,1.48668,1.48685,1.00,3.19
2017.09.20 16:04:08.131,1.48669,1.48685,1.00,2.44
2017.09.20 16:04:08.995,1.48669,1.48684,1.00,1.38
2017.09.20 16:04:09.049,1.48667,1.48684,1.25,2.06
2017.09.20 16:04:09.553,1.48667,1.48683,1.25,1.00
2017.09.20 16:04:10.067,1.48667,1.48685,1.25,5.06
2017.09.20 16:04:10.385,1.48669,1.48684,1.69,1.81
2017.09.20 16:04:10.888,1.48669,1.48683,1.00,1.25
2017.09.20 16:04:10.941,1.48669,1.48685,1.00,2.62
2017.09.20 16:04:11.096,1.48668,1.48684,1.00,1.31
2017.09.20 16:04:12.463,1.48667,1.48683,1.19,1.06
2017.09.20 16:04:13.011,1.48667,1.48684,1.19,1.19
2017.09.20 16:04:13.534,1.48667,1.48684,1.00,1.25
2017.09.20 16:04:13.841,1.48669,1.48684,1.00,1.25
2017.09.20 16:04:14.385,1.48669,1.48687,1.00,2.62
2017.09.20 16:04:14.886,1.48669,1.48687,1.00,1.87
2017.09.20 16:04:15.347,1.48672,1.48689,1.00,3.37
2017.09.20 16:04:15.450,1.48672,1.48689,1.00,1.31
2017.09.20 16:04:15.502,1.48674,1.48689,1.00,2.81
2017.09.20 16:04:15.915,1.48679,1.48694,1.00,1.31
2017.09.20 16:04:16.426,1.48679,1.48694,1.00,1.12
2017.09.20 16:04:17.559,1.48676,1.48695,1.00,2.25
2017.09.20 16:04:18.107,1.48676,1.48693,1.00,1.12
2017.09.20 16:04:18.751,1.48674,1.48694,1.25,1.50
2017.09.20 16:04:19.278,1.48675,1.48694,1.00,2.25
2017.09.20 16:04:19.891,1.48675,1.48693,1.00,1.19
2017.09.20 16:04:20.478,1.48675,1.48693,1.00,1.25
2017.09.20 16:04:20.530,1.48677,1.48693,1.00,1.25
2017.09.20 16:04:21.037,1.48678,1.48694,1.00,2.44
2017.09.20 16:04:22.224,1.48678,1.48695,1.00,2.81
2017.09.20 16:04:22.712,1.4868,1.48694,1.00,1.25
2017.09.20 16:04:23.070,1.48676,1.48695,1.00,2.62
2017.09.20 16:04:23.173,1.48676,1.48694,1.00,1.44
2017.09.20 16:04:23.489,1.48678,1.48694,1.00,1.25
2017.09.20 16:04:24.281,1.48679,1.48694,1.00,1.69
2017.09.20 16:04:25.240,1.48678,1.48694,1.00,1.69
2017.09.20 16:04:25.746,1.48679,1.48694,1.00,1.69
2017.09.20 16:04:26.363,1.48678,1.48694,1.00,1.00
2017.09.20 16:04:26.887,1.48679,1.48694,1.00,1.69
2017.09.20 16:04:27.402,1.48679,1.48695,1.00,2.38
2017.09.20 16:04:27.923,1.4868,1.48695,1.00,2.38
2017.09.20 16:04:28.756,1.48677,1.48692,1.00,1.00
2017.09.20 16:04:28.858,1.48676,1.4869,1.00,1.00
2017.09.20 16:04:29.401,1.48675,1.4869,1.00,1.25
2017.09.20 16:04:29.923,1.48674,1.4869,1.00,1.00
2017.09.20 16:04:30.487,1.48676,1.4869,1.00,1.00
2017.09.20 16:04:31.034,1.48675,1.4869,1.00,1.25
2017.09.20 16:04:31.552,1.48676,1.4869,1.00,1.00
2017.09.20 16:04:31.603,1.48676,1.48692,1.00,3.13
2017.09.20 16:04:32.103,1.48677,1.4869,1.00,1.00
2017.09.20 16:04:32.730,1.48677,1.48692,1.00,1.25
2017.09.20 16:04:33.281,1.48677,1.48691,1.00,1.50
2017.09.20 16:04:33.804,1.48676,1.4869,1.00,1.00
2017.09.20 16:04:34.060,1.48677,1.48692,1.00,1.44
2017.09.20 16:04:34.264,1.48675,1.48691,1.00,1.69
2017.09.20 16:04:34.809,1.48676,1.48691,1.00,1.00
2017.09.20 16:04:35.115,1.48679,1.48691,1.00,1.00
2017.09.20 16:04:35.166,1.48678,1.48693,1.00,1.00
2017.09.20 16:04:35.626,1.4868,1.48694,1.00,2.56
2017.09.20 16:04:36.557,1.48679,1.48694,1.00,1.69
2017.09.20 16:04:37.119,1.48679,1.48694,1.00,1.63
2017.09.20 16:04:37.487,1.48677,1.48694,1.00,1.44
2017.09.20 16:04:37.764,1.48673,1.48688,1.50,1.00
2017.09.20 16:04:38.292,1.48674,1.48689,1.50,1.00
2017.09.20 16:04:38.811,1.48674,1.4869,1.31,1.00
2017.09.20 16:04:39.217,1.48673,1.48687,1.31,1.00
2017.09.20 16:04:40.651,1.48674,1.48688,1.50,1.00
2017.09.20 16:04:43.277,1.48673,1.48689,1.50,1.00
2017.09.20 16:04:43.589,1.48672,1.48687,1.50,1.00
2017.09.20 16:04:44.417,1.48671,1.48687,2.06,1.00
2017.09.20 16:04:44.718,1.4867,1.48685,1.12,1.00
2017.09.20 16:04:47.449,1.4867,1.48685,2.06,1.00
2017.09.20 16:04:48.252,1.4867,1.48685,1.12,1.00
2017.09.20 16:04:49.293,1.4867,1.48685,1.87,1.00
2017.09.20 16:04:49.902,1.4867,1.48685,1.25,1.00
2017.09.20 16:04:50.720,1.4867,1.48685,1.87,1.00
2017.09.20 16:04:52.335,1.4867,1.48685,1.25,1.00
2017.09.20 16:04:52.645,1.4867,1.48683,2.62,1.00
2017.09.20 16:04:52.696,1.4867,1.48685,2.62,1.00
2017.09.20 16:04:53.201,1.4867,1.48686,1.87,1.00
2017.09.20 16:04:53.406,1.48669,1.48684,2.44,1.00
2017.09.20 16:04:53.914,1.4867,1.48684,1.50,1.00
2017.09.20 16:04:54.455,1.48669,1.48684,2.25,1.00
2017.09.20 16:04:54.968,1.4867,1.48684,1.75,1.00
2017.09.20 16:04:55.480,1.48671,1.48685,1.44,1.00
2017.09.20 16:04:57.262,1.4867,1.48685,1.94,1.00
2017.09.20 16:04:57.797,1.48669,1.48685,4.50,1.00
2017.09.20 16:04:58.401,1.48669,1.48685,3.75,1.00
2017.09.20 16:04:58.504,1.4867,1.48686,1.62,1.00
2017.09.20 16:04:59.029,1.4867,1.48686,2.81,1.00
2017.09.20 16:04:59.537,1.4867,1.48686,1.87,1.00
2017.09.20 16:05:00.566,1.4867,1.48686,1.37,1.00
2017.09.20 16:05:01.076,1.4867,1.48686,1.44,1.00
2017.09.20 16:05:01.726,1.4867,1.48686,1.37,1.00
2017.09.20 16:05:02.329,1.48669,1.48686,5.06,1.00
2017.09.20 16:05:03.005,1.4867,1.48686,1.87,1.00
2017.09.20 16:05:03.553,1.4867,1.48686,1.44,1.00
2017.09.20 16:05:04.106,1.4867,1.48686,1.37,1.00
2017.09.20 16:05:04.655,1.48669,1.48685,5.06,1.00
2017.09.20 16:05:05.203,1.4867,1.48685,1.37,1.00
2017.09.20 16:05:05.747,1.4867,1.48685,1.44,1.00
2017.09.20 16:05:06.434,1.4867,1.48685,1.87,1.00
2017.09.20 16:05:07.191,1.48669,1.48685,4.31,1.00
2017.09.20 16:05:07.242,1.48674,1.48685,1.00,1.37
2017.09.20 16:05:07.294,1.48674,1.48688,1.00,1.87
2017.09.20 16:05:07.601,1.4867,1.48686,1.25,1.12
2017.09.20 16:05:08.112,1.4867,1.48685,2.44,1.00
2017.09.20 16:05:11.276,1.4867,1.48686,2.44,1.00
2017.09.20 16:05:11.694,1.48671,1.48684,1.00,1.00
2017.09.20 16:05:12.217,1.4867,1.48683,1.50,1.00
2017.09.20 16:05:12.722,1.48671,1.48684,1.00,1.00
2017.09.20 16:05:13.266,1.4867,1.48683,1.00,1.00
2017.09.20 16:05:13.811,1.48671,1.48683,1.00,1.00
2017.09.20 16:05:14.353,1.48671,1.48682,1.00,1.00
2017.09.20 16:05:15.376,1.48671,1.48683,1.00,1.00
2017.09.20 16:05:15.896,1.4867,1.48683,1.00,1.00
2017.09.20 16:05:16.418,1.48671,1.48684,1.00,1.00
2017.09.20 16:05:16.767,1.48671,1.48681,1.00,1.00
2017.09.20 16:05:17.717,1.48671,1.48683,1.00,1.00
2017.09.20 16:05:18.279,1.48677,1.48687,1.00,1.00
2017.09.20 16:05:18.382,1.48677,1.48689,1.00,1.12
2017.09.20 16:05:18.892,1.48677,1.4869,1.00,1.00
2017.09.20 16:05:19.900,1.48676,1.4869,1.50,1.00
2017.09.20 16:05:20.428,1.48676,1.4869,1.19,1.00
2017.09.20 16:05:22.110,1.48679,1.48691,1.00,1.00
2017.09.20 16:05:22.621,1.4868,1.48692,1.12,1.00
2017.09.20 16:05:23.263,1.48679,1.48692,1.12,1.00
2017.09.20 16:05:23.807,1.4868,1.48692,1.25,1.00
2017.09.20 16:05:23.961,1.48679,1.48694,1.81,1.00
2017.09.20 16:05:24.477,1.48679,1.48694,1.12,1.37
2017.09.20 16:05:25.014,1.48679,1.48694,1.12,1.12
2017.09.20 16:05:25.524,1.4868,1.48695,1.12,1.37
2017.09.20 16:05:26.053,1.4868,1.48693,1.25,1.00
2017.09.20 16:05:26.516,1.48679,1.48691,1.00,1.00
2017.09.20 16:05:26.837,1.4867,1.48682,2.81,1.37
2017.09.20 16:05:26.889,1.48669,1.48683,2.81,1.37
2017.09.20 16:05:26.941,1.48668,1.48684,2.62,1.00
2017.09.20 16:05:27.200,1.48674,1.48689,1.38,1.12
2017.09.20 16:05:27.303,1.48676,1.48692,1.75,1.37
2017.09.20 16:05:27.804,1.48676,1.48692,1.12,1.00
2017.09.20 16:05:28.110,1.48673,1.48689,3.94,1.00
2017.09.20 16:05:28.417,1.4867,1.48685,2.19,1.37
2017.09.20 16:05:28.724,1.48671,1.48685,1.75,1.75
2017.09.20 16:05:29.268,1.48671,1.48685,1.44,1.75
2017.09.20 16:05:29.805,1.48671,1.48685,1.75,1.75
2017.09.20 16:05:30.423,1.4867,1.48685,1.75,1.50
2017.09.20 16:05:30.477,1.4867,1.48685,1.50,1.37
2017.09.20 16:05:31.069,1.48671,1.48685,1.75,1.50
2017.09.20 16:05:32.102,1.48672,1.48686,1.17,1.12
2017.09.20 16:05:32.621,1.4867,1.48687,1.63,1.37
2017.09.20 16:05:33.127,1.48671,1.48687,1.17,1.37
2017.09.20 16:05:33.732,1.48671,1.48687,1.19,1.37
2017.09.20 16:05:34.163,1.48671,1.48687,1.19,1.12
2017.09.20 16:05:34.419,1.48673,1.48688,1.36,1.00
2017.09.20 16:05:34.941,1.48673,1.4869,1.81,1.37
2017.09.20 16:05:35.621,1.48674,1.4869,1.82,1.37
2017.09.20 16:05:36.133,1.48674,1.4869,1.36,1.37
2017.09.20 16:05:37.426,1.48673,1.4869,2.81,1.37
2017.09.20 16:05:38.847,1.48673,1.4869,2.00,1.50
2017.09.20 16:05:39.127,1.48674,1.4869,1.25,1.37
2017.09.20 16:05:39.488,1.48674,1.48691,1.82,1.12
2017.09.20 16:05:40.396,1.48674,1.48691,2.06,1.37
2017.09.20 16:05:40.919,1.48674,1.4869,1.88,1.00
2017.09.20 16:05:41.492,1.48676,1.48693,1.88,1.00
2017.09.20 16:05:42.005,1.48679,1.48693,1.25,1.00
2017.09.20 16:05:43.303,1.4868,1.48696,1.69,1.00
2017.09.20 16:05:43.875,1.48677,1.4869,1.50,2.25
2017.09.20 16:05:44.283,1.4866,1.48677,2.06,1.37
2017.09.20 16:05:44.335,1.4866,1.48678,2.13,1.00
2017.09.20 16:05:44.490,1.48661,1.48676,2.00,1.00
2017.09.20 16:05:44.853,1.48661,1.48676,1.81,1.00
2017.09.20 16:05:45.008,1.48662,1.48677,1.56,1.00
2017.09.20 16:05:45.161,1.48662,1.48679,1.62,1.00
2017.09.20 16:05:45.264,1.48663,1.48677,1.50,1.00
2017.09.20 16:05:45.617,1.48663,1.48679,2.06,1.00
2017.09.20 16:05:46.168,1.48663,1.48678,1.31,1.00
2017.09.20 16:05:46.681,1.48663,1.48679,1.50,1.00
2017.09.20 16:05:47.609,1.48664,1.48679,1.75,1.00
2017.09.20 16:05:48.818,1.48664,1.48679,1.88,1.00
2017.09.20 16:05:49.328,1.48664,1.48679,1.44,1.00
2017.09.20 16:05:49.854,1.48665,1.48679,1.44,1.00
2017.09.20 16:05:50.143,1.48663,1.48678,1.31,1.12
2017.09.20 16:05:50.195,1.4866,1.48676,3.75,1.75
2017.09.20 16:05:50.324,1.4866,1.48676,1.87,1.37
2017.09.20 16:05:50.376,1.48659,1.48673,1.44,1.00
2017.09.20 16:05:50.964,1.48659,1.48673,1.25,1.00
2017.09.20 16:05:51.474,1.48659,1.48672,1.00,1.00
2017.09.20 16:05:52.848,1.48658,1.48673,1.87,1.00
2017.09.20 16:05:53.420,1.48659,1.48673,2.06,1.00
2017.09.20 16:05:54.031,1.48656,1.48672,1.69,1.00
2017.09.20 16:05:54.605,1.48656,1.48672,2.06,1.00
2017.09.20 16:05:55.284,1.48656,1.48673,2.44,1.00
2017.09.20 16:05:55.835,1.48656,1.48674,2.44,1.12
2017.09.20 16:05:56.213,1.48655,1.48672,2.25,1.00
2017.09.20 16:05:57.517,1.48656,1.48673,2.19,1.12
2017.09.20 16:05:58.106,1.48658,1.48674,1.44,1.00
2017.09.20 16:05:58.414,1.48663,1.48677,1.25,1.37
2017.09.20 16:05:58.619,1.48663,1.48678,1.25,1.12
2017.09.20 16:05:58.929,1.48663,1.48679,1.44,1.00
2017.09.20 16:05:59.083,1.4867,1.48684,1.87,1.00
2017.09.20 16:05:59.135,1.4867,1.48685,1.50,1.75
2017.09.20 16:05:59.239,1.48667,1.4868,2.44,1.12
2017.09.20 16:05:59.341,1.48664,1.48678,1.69,1.00
2017.09.20 16:05:59.598,1.48662,1.4868,2.00,1.37
2017.09.20 16:06:00.108,1.48664,1.4868,1.31,1.12
2017.09.20 16:06:00.617,1.48664,1.48679,1.44,1.00
2017.09.20 16:06:01.128,1.48663,1.48678,1.50,1.00
2017.09.20 16:06:01.640,1.48662,1.48678,2.00,1.00
2017.09.20 16:06:02.171,1.48663,1.48678,1.06,1.00
2017.09.20 16:06:02.744,1.48663,1.48679,1.36,1.00
2017.09.20 16:06:03.256,1.48664,1.48679,1.36,1.00
2017.09.20 16:06:04.449,1.48662,1.48679,3.32,1.00
2017.09.20 16:06:05.089,1.48663,1.48679,1.25,1.00
2017.09.20 16:06:05.191,1.48664,1.48679,1.38,1.00
2017.09.20 16:06:05.704,1.48665,1.48681,1.44,1.50
2017.09.20 16:06:05.756,1.48665,1.48678,1.00,1.00
2017.09.20 16:06:05.909,1.48661,1.48677,1.81,1.12
2017.09.20 16:06:06.455,1.48661,1.48677,1.69,1.12
2017.09.20 16:06:06.507,1.48661,1.48677,1.50,1.37
2017.09.20 16:06:07.858,1.4866,1.48676,2.00,1.37
2017.09.20 16:06:09.806,1.48661,1.48676,1.62,1.12
2017.09.20 16:06:10.119,1.48663,1.4867,1.00,1.00
2017.09.20 16:06:10.224,1.48656,1.4867,1.56,1.00
2017.09.20 16:06:10.732,1.48655,1.4867,1.87,1.00
2017.09.20 16:06:10.886,1.48653,1.48668,2.25,1.00
2017.09.20 16:06:11.398,1.48656,1.48671,1.12,1.37
2017.09.20 16:06:11.603,1.48656,1.48671,2.25,1.37
2017.09.20 16:06:12.648,1.48654,1.48672,1.75,1.37
2017.09.20 16:06:12.751,1.48654,1.48672,1.75,1.12
2017.09.20 16:06:12.853,1.48654,1.48672,1.62,1.12
2017.09.20 16:06:12.905,1.48654,1.48672,2.06,1.37
2017.09.20 16:06:13.461,1.48655,1.48672,1.87,1.37
2017.09.20 16:06:16.783,1.48654,1.4867,1.88,1.12
2017.09.20 16:06:16.834,1.48654,1.4867,1.88,1.12
2017.09.20 16:06:17.089,1.48657,1.4867,1.00,1.12
2017.09.20 16:06:18.004,1.48656,1.4867,1.00,1.12
2017.09.20 16:06:18.602,1.48657,1.48672,1.00,1.50
2017.09.20 16:06:19.112,1.48657,1.48673,1.00,1.37
2017.09.20 16:06:19.722,1.48656,1.48673,1.00,1.37
2017.09.20 16:06:20.121,1.48656,1.48673,1.00,1.50
2017.09.20 16:06:20.484,1.48657,1.48673,1.00,1.75
2017.09.20 16:06:20.723,1.48654,1.48673,2.44,1.37
2017.09.20 16:06:21.040,1.48657,1.48673,1.25,1.37
2017.09.20 16:06:21.694,1.48656,1.48673,1.25,1.37
2017.09.20 16:06:22.242,1.48657,1.48673,1.00,1.37
2017.09.20 16:06:22.794,1.48656,1.48673,1.25,1.37
2017.09.20 16:06:23.229,1.48659,1.48673,1.19,1.50
2017.09.20 16:06:23.746,1.48658,1.48674,1.69,1.50
2017.09.20 16:06:23.798,1.48657,1.48673,1.44,1.37
2017.09.20 16:06:24.351,1.48657,1.48673,1.44,1.12
2017.09.20 16:06:24.453,1.48657,1.48673,1.44,1.50
2017.09.20 16:06:25.470,1.48656,1.48672,1.19,1.37
2017.09.20 16:06:26.026,1.48656,1.48672,1.25,1.37
2017.09.20 16:06:26.336,1.48658,1.48672,1.00,1.37
2017.09.20 16:06:26.870,1.48657,1.48672,1.00,1.37
2017.09.20 16:06:27.380,1.48658,1.48672,1.00,1.37
2017.09.20 16:06:28.231,1.48657,1.48672,1.00,1.37
2017.09.20 16:06:28.397,1.48659,1.48673,1.50,1.00
2017.09.20 16:06:28.903,1.48658,1.48674,1.00,1.37
2017.09.20 16:06:29.416,1.48657,1.48674,1.25,1.37
2017.09.20 16:06:30.879,1.48658,1.48674,1.00,1.37
2017.09.20 16:06:31.489,1.48657,1.48672,1.25,1.00
2017.09.20 16:06:31.918,1.48654,1.4867,1.50,1.37
2017.09.20 16:06:32.226,1.48667,1.48678,1.00,1.56
2017.09.20 16:06:32.329,1.48668,1.4868,1.00,1.37
2017.09.20 16:06:32.482,1.48667,1.48681,1.00,1.12
2017.09.20 16:06:33.208,1.48668,1.48681,1.00,1.00
2017.09.20 16:06:33.724,1.48667,1.48681,1.00,1.00
2017.09.20 16:06:34.474,1.48667,1.48683,1.00,1.50
2017.09.20 16:06:34.999,1.48668,1.48684,1.00,3.41
2017.09.20 16:06:35.585,1.48667,1.48683,1.00,1.50
2017.09.20 16:06:36.146,1.48668,1.48684,1.00,4.16
2017.09.20 16:06:37.287,1.48667,1.48683,1.00,1.00
2017.09.20 16:06:37.978,1.48668,1.48683,1.00,1.69
2017.09.20 16:06:38.554,1.48667,1.48682,1.00,1.00
2017.09.20 16:06:39.302,1.48668,1.48682,1.00,1.31
2017.09.20 16:06:40.449,1.48667,1.48683,1.00,2.25
2017.09.20 16:06:40.884,1.48667,1.48681,1.00,1.00
2017.09.20 16:06:41.442,1.48667,1.48681,1.00,1.37
2017.09.20 16:06:41.993,1.48668,1.48682,1.00,2.06
2017.09.20 16:06:42.521,1.48668,1.48681,1.00,1.62
2017.09.20 16:06:43.122,1.48667,1.48681,1.00,1.37
2017.09.20 16:06:43.667,1.48668,1.48681,1.00,1.50
2017.09.20 16:06:45.215,1.48667,1.48683,1.00,3.19
2017.09.20 16:06:45.419,1.4867,1.48685,1.00,1.00
2017.09.20 16:06:45.897,1.4867,1.48686,1.50,1.37
2017.09.20 16:06:46.204,1.48657,1.48676,1.75,1.87
2017.09.20 16:06:46.307,1.48658,1.48676,1.00,2.62
2017.09.20 16:06:46.888,1.48658,1.48676,1.00,2.81
2017.09.20 16:06:47.408,1.48659,1.48674,1.00,1.75
2017.09.20 16:06:49.391,1.48658,1.48674,1.00,2.00
2017.09.20 16:06:49.910,1.48658,1.48674,1.00,2.00
2017.09.20 16:06:52.020,1.4866,1.48676,1.00,1.37
2017.09.20 16:06:52.177,1.4866,1.48676,1.00,2.06
2017.09.20 16:06:52.485,1.4866,1.48676,1.00,2.62
2017.09.20 16:06:53.033,1.48659,1.48676,1.00,2.81
2017.09.20 16:06:54.394,1.48659,1.48674,1.00,1.37
2017.09.20 16:06:54.446,1.48656,1.48673,1.44,1.12
2017.09.20 16:06:54.601,1.48658,1.48676,1.69,1.12
2017.09.20 16:06:54.910,1.48662,1.48678,1.00,1.50
2017.09.20 16:06:55.218,1.48662,1.48677,1.13,1.69
2017.09.20 16:06:55.371,1.48662,1.48677,1.00,1.62
2017.09.20 16:06:56.022,1.48661,1.48679,1.25,2.25
2017.09.20 16:06:56.586,1.48662,1.48678,1.00,1.37
2017.09.20 16:06:57.147,1.48662,1.48678,1.00,1.81
2017.09.20 16:06:57.696,1.48661,1.48679,1.00,2.06
2017.09.20 16:06:58.446,1.48662,1.48678,1.00,1.56
2017.09.20 16:06:59.031,1.48661,1.48679,1.00,2.25
2017.09.20 16:06:59.616,1.48662,1.48678,1.00,1.81
2017.09.20 16:07:00.139,1.48661,1.48679,1.00,2.25
2017.09.20 16:07:00.694,1.48662,1.48679,1.00,1.56
2017.09.20 16:07:01.069,1.48661,1.4868,1.00,1.69
2017.09.20 16:07:01.609,1.48661,1.4868,1.00,1.69
2017.09.20 16:07:02.147,1.48661,1.4868,1.00,1.62
2017.09.20 16:07:02.310,1.48662,1.4868,1.00,2.19
2017.09.20 16:07:02.841,1.48662,1.4868,1.00,2.25
2017.09.20 16:07:03.593,1.48661,1.48681,1.00,3.56
2017.09.20 16:07:03.849,1.48661,1.48681,1.00,3.37
2017.09.20 16:07:04.117,1.48661,1.4868,1.50,1.00
2017.09.20 16:07:04.424,1.48664,1.48685,1.87,4.87
2017.09.20 16:07:04.526,1.48667,1.48685,1.00,1.50
2017.09.20 16:07:04.971,1.48668,1.48687,1.69,2.06
2017.09.20 16:07:05.481,1.48671,1.48687,1.00,1.87
2017.09.20 16:07:05.685,1.48669,1.48687,1.25,1.87
2017.09.20 16:07:05.938,1.48671,1.48687,1.00,2.19
2017.09.20 16:07:06.485,1.4867,1.48687,1.50,1.37
2017.09.20 16:07:07.012,1.48668,1.48684,1.31,1.12
2017.09.20 16:07:07.220,1.48666,1.48685,1.25,2.44
2017.09.20 16:07:07.760,1.48665,1.48685,1.25,1.87
2017.09.20 16:07:08.304,1.48665,1.48685,1.69,1.50
2017.09.20 16:07:08.945,1.48666,1.48684,1.00,1.50
2017.09.20 16:07:09.275,1.48666,1.48684,1.00,1.12
2017.09.20 16:07:09.788,1.48665,1.48684,1.00,1.81
2017.09.20 16:07:10.331,1.48666,1.48684,1.50,1.69
2017.09.20 16:07:10.433,1.48666,1.48684,1.00,1.56
2017.09.20 16:07:11.211,1.48666,1.48685,1.00,2.06
2017.09.20 16:07:12.805,1.48666,1.48685,1.88,3.56
2017.09.20 16:07:13.315,1.48666,1.48684,1.00,1.56
2017.09.20 16:07:13.816,1.48666,1.48684,1.50,1.87
2017.09.20 16:07:14.390,1.48667,1.48684,1.00,2.06
2017.09.20 16:07:17.173,1.48669,1.48685,1.00,1.50
2017.09.20 16:07:17.763,1.48669,1.48685,1.00,2.06
2017.09.20 16:07:17.919,1.48666,1.48682,1.00,2.63
2017.09.20 16:07:18.181,1.48667,1.48683,1.00,1.37
2017.09.20 16:07:18.730,1.48667,1.48685,1.25,2.00
2017.09.20 16:07:22.875,1.48667,1.48685,1.25,1.87
2017.09.20 16:07:25.747,1.48667,1.48686,1.31,2.06
2017.09.20 16:07:25.851,1.4867,1.48686,1.00,2.06
2017.09.20 16:07:27.140,1.4867,1.48686,1.00,1.37
2017.09.20 16:07:28.665,1.48667,1.48685,1.00,2.00
2017.09.20 16:07:29.274,1.48668,1.48685,1.00,2.00
2017.09.20 16:07:29.643,1.48666,1.48685,1.12,2.00
2017.09.20 16:07:30.285,1.48667,1.48685,1.00,1.69
2017.09.20 16:07:30.875,1.48668,1.48685,1.00,1.69
2017.09.20 16:07:31.393,1.48668,1.48685,1.00,1.62
2017.09.20 16:07:33.195,1.48667,1.48686,1.00,2.06
2017.09.20 16:07:33.791,1.48668,1.48685,1.00,2.00
2017.09.20 16:07:34.366,1.48666,1.48685,1.12,2.00
2017.09.20 16:07:34.651,1.48668,1.48686,1.00,2.44
2017.09.20 16:07:35.585,1.48669,1.48685,1.00,1.69
2017.09.20 16:07:35.841,1.48671,1.48685,1.00,1.00
2017.09.20 16:07:36.068,1.48672,1.48689,1.00,1.00
2017.09.20 16:07:36.171,1.4867,1.48689,1.50,1.00
2017.09.20 16:07:36.682,1.48671,1.4869,1.00,2.81
2017.09.20 16:07:37.565,1.48671,1.4869,1.00,3.00
2017.09.20 16:07:38.612,1.48672,1.4869,1.00,2.81
2017.09.20 16:07:39.156,1.48672,1.4869,1.00,2.62
2017.09.20 16:07:39.310,1.4867,1.48686,1.00,1.12
2017.09.20 16:07:39.618,1.48667,1.48685,2.44,1.37
2017.09.20 16:07:39.771,1.48668,1.48688,1.81,1.12
2017.09.20 16:07:39.823,1.4867,1.48688,1.63,1.87
2017.09.20 16:07:39.875,1.4867,1.48687,1.25,1.00
2017.09.20 16:07:40.044,1.48671,1.4869,1.69,2.62
2017.09.20 16:07:40.403,1.48672,1.48692,1.31,1.81
2017.09.20 16:07:40.506,1.48673,1.48692,1.88,1.50
2017.09.20 16:07:40.813,1.48674,1.48692,1.44,1.94
2017.09.20 16:07:41.299,1.48673,1.48692,1.88,1.94
2017.09.20 16:07:41.503,1.48674,1.48692,1.19,1.94
2017.09.20 16:07:41.555,1.48673,1.48692,1.13,1.94
2017.09.20 16:07:41.760,1.48674,1.48692,1.19,1.94
2017.09.20 16:07:41.862,1.48673,1.48692,1.25,1.69
2017.09.20 16:07:42.382,1.48672,1.48692,3.00,2.62
2017.09.20 16:07:42.626,1.48673,1.48692,1.81,1.06
2017.09.20 16:07:43.138,1.48673,1.48692,1.87,1.12
2017.09.20 16:07:43.658,1.48673,1.48692,1.44,2.81
2017.09.20 16:07:44.442,1.48673,1.48691,1.63,1.62
2017.09.20 16:07:45.154,1.48672,1.4869,1.50,1.12
2017.09.20 16:07:45.206,1.4867,1.48686,1.00,1.81
2017.09.20 16:07:45.458,1.48667,1.48686,2.06,1.87
2017.09.20 16:07:45.612,1.48668,1.48686,1.62,1.12
2017.09.20 16:07:46.274,1.48668,1.48687,1.56,1.12
2017.09.20 16:07:46.508,1.48671,1.48689,1.75,1.12
2017.09.20 16:07:50.154,1.48669,1.48689,1.44,1.56
2017.09.20 16:07:51.951,1.48669,1.4869,1.44,5.25
2017.09.20 16:07:52.518,1.48668,1.48688,3.19,1.12
2017.09.20 16:07:52.997,1.48671,1.48689,1.19,1.50
2017.09.20 16:07:53.049,1.4867,1.48689,1.88,1.37
2017.09.20 16:07:53.203,1.4867,1.48691,1.25,4.44
2017.09.20 16:07:53.731,1.48671,1.48688,1.00,1.31
2017.09.20 16:07:54.016,1.48669,1.48688,1.05,1.37
2017.09.20 16:07:54.068,1.48669,1.48688,1.68,1.87
2017.09.20 16:07:54.171,1.48669,1.48688,2.29,1.37
2017.09.20 16:07:56.126,1.48669,1.48687,1.05,1.12
2017.09.20 16:07:57.238,1.48669,1.48687,1.54,1.12
2017.09.20 16:07:57.764,1.48669,1.48687,1.05,1.37
2017.09.20 16:07:58.272,1.48668,1.48685,1.31,1.00
2017.09.20 16:07:58.801,1.48668,1.48685,3.37,1.00
2017.09.20 16:07:59.342,1.48668,1.48684,1.50,1.00
2017.09.20 16:07:59.885,1.48669,1.48685,1.25,1.00
2017.09.20 16:08:00.427,1.48669,1.48686,1.00,1.12
2017.09.20 16:08:01.265,1.48669,1.48687,1.25,1.37
2017.09.20 16:08:01.870,1.48667,1.48687,3.19,1.37
2017.09.20 16:08:02.569,1.48668,1.48687,1.44,1.37
2017.09.20 16:08:04.804,1.48667,1.48687,2.81,1.37
2017.09.20 16:08:05.329,1.48668,1.48686,1.44,1.37
2017.09.20 16:08:05.849,1.48669,1.48687,1.00,1.37
2017.09.20 16:08:05.901,1.48669,1.48685,1.19,1.00
2017.09.20 16:08:06.441,1.48669,1.48688,1.19,1.62
2017.09.20 16:08:07.283,1.48669,1.48688,1.19,1.62
2017.09.20 16:08:09.740,1.48669,1.4869,2.62,1.87
2017.09.20 16:08:10.268,1.48669,1.4869,1.69,1.69
2017.09.20 16:08:11.701,1.48669,1.48688,2.62,1.00
2017.09.20 16:08:13.031,1.48669,1.4869,1.69,1.69
2017.09.20 16:08:13.134,1.48673,1.4869,1.19,1.25
2017.09.20 16:08:13.288,1.48672,1.48692,1.69,1.69
2017.09.20 16:08:13.596,1.48672,1.48691,1.25,1.12
2017.09.20 16:08:13.779,1.48672,1.48689,1.25,1.00
2017.09.20 16:08:14.505,1.48672,1.48688,1.00,1.00
2017.09.20 16:08:15.017,1.48671,1.48689,1.69,1.00
2017.09.20 16:08:15.321,1.48673,1.48689,1.50,1.00
2017.09.20 16:08:15.839,1.48673,1.4869,1.50,1.00
2017.09.20 16:08:16.354,1.48674,1.48689,1.00,1.00
2017.09.20 16:08:16.890,1.48673,1.48688,1.00,1.00
2017.09.20 16:08:17.255,1.48673,1.4869,1.00,1.00
2017.09.20 16:08:17.772,1.48674,1.48689,1.00,1.00
2017.09.20 16:08:18.290,1.48674,1.48691,1.00,1.44
2017.09.20 16:08:18.814,1.48674,1.48689,1.00,1.00
2017.09.20 16:08:19.206,1.48674,1.48691,1.00,1.25
2017.09.20 16:08:19.577,1.48674,1.48689,1.00,1.00
2017.09.20 16:08:19.630,1.48672,1.4869,1.00,2.44
2017.09.20 16:08:19.682,1.48671,1.48687,1.25,1.00
2017.09.20 16:08:20.189,1.48671,1.48688,1.00,1.00
2017.09.20 16:08:20.648,1.48671,1.4869,1.25,1.87
2017.09.20 16:08:20.954,1.48674,1.48689,1.00,1.00
2017.09.20 16:08:22.037,1.48674,1.4869,1.00,1.50
2017.09.20 16:08:22.612,1.48674,1.48689,1.00,1.00
2017.09.20 16:08:24.031,1.48674,1.4869,1.00,1.50
2017.09.20 16:08:24.667,1.48675,1.48691,1.00,1.00
2017.09.20 16:08:24.719,1.48676,1.48693,1.00,1.69
2017.09.20 16:08:24.873,1.48676,1.48693,1.19,1.00
2017.09.20 16:08:25.178,1.4868,1.48694,1.00,1.00
2017.09.20 16:08:25.280,1.48679,1.48696,2.44,1.00
2017.09.20 16:08:25.792,1.4868,1.48696,1.00,1.00
2017.09.20 16:08:26.334,1.4868,1.48697,1.00,1.00
2017.09.20 16:08:26.863,1.4868,1.48698,1.00,1.69
2017.09.20 16:08:27.374,1.4868,1.48699,1.00,1.50
2017.09.20 16:08:27.896,1.4868,1.48698,1.25,1.00
2017.09.20 16:08:27.947,1.48682,1.48699,1.00,1.50
2017.09.20 16:08:28.653,1.48682,1.48698,1.25,1.00
2017.09.20 16:08:29.254,1.48683,1.48699,1.00,1.50
2017.09.20 16:08:29.786,1.48683,1.48698,1.00,1.00
2017.09.20 16:08:30.315,1.48683,1.48699,1.00,1.50
2017.09.20 16:08:30.828,1.48683,1.48698,1.00,1.00
2017.09.20 16:08:31.561,1.48683,1.48699,1.00,1.50
2017.09.20 16:08:32.299,1.48685,1.48699,1.00,1.00
2017.09.20 16:08:32.824,1.48685,1.48698,1.00,1.00
2017.09.20 16:08:33.505,1.48685,1.48699,1.00,1.00
2017.09.20 16:08:34.708,1.48682,1.48698,1.63,1.00
2017.09.20 16:08:34.759,1.48682,1.48701,1.25,1.12
2017.09.20 16:08:34.862,1.48682,1.48698,1.25,1.00
2017.09.20 16:08:35.119,1.4868,1.48698,1.25,1.12
2017.09.20 16:08:35.854,1.48681,1.48695,1.00,1.00
2017.09.20 16:08:36.264,1.48678,1.48696,1.25,1.87
2017.09.20 16:08:36.815,1.48678,1.48695,1.12,1.25
2017.09.20 16:08:37.395,1.48678,1.48696,1.25,1.12
2017.09.20 16:08:38.436,1.48678,1.48695,1.25,1.25
2017.09.20 16:08:39.137,1.4868,1.48695,1.25,1.00
2017.09.20 16:08:40.375,1.48678,1.48696,1.19,1.25
2017.09.20 16:08:40.953,1.48678,1.48695,1.19,1.25
2017.09.20 16:08:41.736,1.48678,1.48696,1.19,1.25
2017.09.20 16:08:42.281,1.48679,1.48695,1.19,1.00
2017.09.20 16:08:42.589,1.48682,1.48699,1.12,1.69
2017.09.20 16:08:42.691,1.48682,1.48699,1.44,1.00
2017.09.20 16:08:42.744,1.48684,1.48702,1.19,2.06
2017.09.20 16:08:42.847,1.48684,1.48698,1.19,1.19
2017.09.20 16:08:42.900,1.48682,1.48696,1.44,1.00
2017.09.20 16:08:42.952,1.4868,1.48697,1.56,1.25
2017.09.20 16:08:43.159,1.48681,1.48689,1.12,1.00
2017.09.20 16:08:43.211,1.48683,1.487,1.19,1.00
2017.09.20 16:08:43.263,1.48683,1.48689,1.19,1.00
2017.09.20 16:08:43.402,1.48683,1.48701,1.19,3.19
2017.09.20 16:08:44.326,1.48683,1.487,1.19,1.00
2017.09.20 16:08:44.378,1.48683,1.48698,1.19,1.00
2017.09.20 16:08:44.886,1.48683,1.48699,1.19,1.00
2017.09.20 16:08:45.061,1.48683,1.48701,1.19,3.00
2017.09.20 16:08:45.602,1.48681,1.48701,1.87,3.00
2017.09.20 16:08:46.276,1.4868,1.48699,1.56,1.25
2017.09.20 16:08:46.985,1.4868,1.487,1.44,2.25
2017.09.20 16:08:47.395,1.4868,1.48699,1.63,1.69
2017.09.20 16:08:47.908,1.4868,1.48699,1.44,1.25
2017.09.20 16:08:48.612,1.4868,1.48698,1.87,1.00
2017.09.20 16:08:49.163,1.48681,1.487,1.44,1.19
2017.09.20 16:08:49.673,1.4868,1.487,1.87,1.50
2017.09.20 16:08:50.654,1.4868,1.48699,2.06,1.00
2017.09.20 16:08:51.258,1.48681,1.487,1.44,2.44
2017.09.20 16:08:51.790,1.48681,1.48699,2.06,1.00
2017.09.20 16:08:52.303,1.4868,1.487,2.06,1.69
2017.09.20 16:08:52.817,1.48681,1.48699,1.56,1.00
2017.09.20 16:08:53.366,1.4868,1.487,3.19,2.44
2017.09.20 16:08:54.205,1.48681,1.48699,2.06,1.00
2017.09.20 16:08:54.748,1.48681,1.487,2.81,1.25
2017.09.20 16:08:55.288,1.48683,1.48701,1.19,1.69
2017.09.20 16:08:55.545,1.48682,1.48699,1.19,1.00
2017.09.20 16:08:56.454,1.48681,1.48699,2.06,1.00
2017.09.20 16:08:57.048,1.48683,1.487,1.19,1.00
2017.09.20 16:08:57.559,1.48684,1.48701,1.25,1.12
2017.09.20 16:08:58.572,1.48683,1.48701,1.69,1.31
2017.09.20 16:08:59.105,1.48684,1.48701,1.25,1.44
2017.09.20 16:08:59.646,1.48683,1.487,1.69,1.25
2017.09.20 16:09:01.644,1.48683,1.48698,1.19,1.00
2017.09.20 16:09:02.104,1.48682,1.487,1.19,1.00
2017.09.20 16:09:02.612,1.48682,1.48701,1.44,1.00
2017.09.20 16:09:02.816,1.48686,1.48702,1.19,1.00
2017.09.20 16:09:03.021,1.48686,1.48705,1.44,2.62
2017.09.20 16:09:03.752,1.48685,1.48704,1.50,1.25
2017.09.20 16:09:04.112,1.48687,1.48702,1.00,1.00
2017.09.20 16:09:04.216,1.48684,1.48702,2.63,1.00
2017.09.20 16:09:04.268,1.48687,1.48702,1.00,1.00
2017.09.20 16:09:04.762,1.48687,1.48704,2.44,1.25
2017.09.20 16:09:05.338,1.48687,1.48705,1.50,1.25
2017.09.20 16:09:05.846,1.48687,1.48704,2.44,1.25
2017.09.20 16:09:07.221,1.48687,1.48705,1.00,1.69
2017.09.20 16:09:07.410,1.48684,1.48697,1.50,1.00
2017.09.20 16:09:07.513,1.48683,1.48698,1.00,1.25
2017.09.20 16:09:07.565,1.48682,1.48694,1.00,1.00
2017.09.20 16:09:07.617,1.4868,1.48696,1.87,1.19
2017.09.20 16:09:08.028,1.48676,1.48693,1.44,1.00
2017.09.20 16:09:10.176,1.48676,1.48694,1.19,1.69
2017.09.20 16:09:12.102,1.48677,1.48693,1.19,1.00
2017.09.20 16:09:14.612,1.48677,1.48694,1.19,1.31
2017.09.20 16:09:16.854,1.4868,1.48695,1.00,1.19
2017.09.20 16:09:17.363,1.48678,1.48694,1.19,1.25
2017.09.20 16:09:17.874,1.48677,1.48694,1.69,1.25
2017.09.20 16:09:18.408,1.48678,1.48695,1.69,1.44
2017.09.20 16:09:19.005,1.48678,1.48692,1.69,1.00
2017.09.20 16:09:19.363,1.48677,1.48694,1.25,1.19
2017.09.20 16:09:20.136,1.48678,1.48691,1.25,1.00
2017.09.20 16:09:20.682,1.48678,1.48693,1.25,1.19
2017.09.20 16:09:21.365,1.48678,1.48691,1.25,1.00
2017.09.20 16:09:21.417,1.48675,1.48692,1.00,1.25
2017.09.20 16:09:22.436,1.48674,1.48692,1.12,1.25
2017.09.20 16:09:23.289,1.48681,1.48694,1.00,1.00
2017.09.20 16:09:23.345,1.48678,1.48694,1.44,1.19
2017.09.20 16:09:23.449,1.48676,1.48692,1.94,1.19
2017.09.20 16:09:23.552,1.48674,1.48691,2.25,1.19
2017.09.20 16:09:23.909,1.48674,1.48691,1.19,1.00
2017.09.20 16:09:24.116,1.48673,1.48682,1.87,1.00
2017.09.20 16:09:24.321,1.48674,1.48688,1.19,1.00
2017.09.20 16:09:24.373,1.48674,1.48691,1.19,1.00
2017.09.20 16:09:27.972,1.48677,1.48691,1.19,1.00
2017.09.20 16:09:28.179,1.48678,1.48697,1.69,2.44
2017.09.20 16:09:28.231,1.48678,1.48694,1.19,1.25
2017.09.20 16:09:28.376,1.48678,1.48693,1.00,1.50
2017.09.20 16:09:28.789,1.48681,1.48696,1.56,1.00
2017.09.20 16:09:28.892,1.48681,1.48699,1.69,1.00
2017.09.20 16:09:29.157,1.48682,1.48694,2.25,1.00
2017.09.20 16:09:29.366,1.48683,1.48701,1.50,1.12
2017.09.20 16:09:29.469,1.48683,1.48691,1.62,1.00
2017.09.20 16:09:29.522,1.48682,1.48698,3.19,1.00
2017.09.20 16:09:29.815,1.48683,1.48696,1.50,1.00
2017.09.20 16:09:29.917,1.48683,1.48698,1.44,1.00
2017.09.20 16:09:30.210,1.48682,1.48698,1.50,1.37
2017.09.20 16:09:30.261,1.48679,1.48692,1.19,1.00
2017.09.20 16:09:30.621,1.48676,1.48686,1.87,1.00
2017.09.20 16:09:30.672,1.48677,1.4869,1.44,1.00
2017.09.20 16:09:30.982,1.48677,1.48692,1.44,1.00
2017.09.20 16:09:31.504,1.48676,1.48692,5.38,1.00
2017.09.20 16:09:31.711,1.48676,1.48689,1.44,1.00
2017.09.20 16:09:31.762,1.48677,1.48691,1.44,1.00
2017.09.20 16:09:32.372,1.48677,1.4869,1.44,1.00
2017.09.20 16:09:32.785,1.48677,1.48692,1.44,1.00
2017.09.20 16:09:33.194,1.48677,1.48691,1.44,1.00
2017.09.20 16:09:33.246,1.48679,1.48692,1.19,1.00
2017.09.20 16:09:33.486,1.4868,1.48696,1.19,1.00
2017.09.20 16:09:33.846,1.48678,1.48695,2.63,1.00
2017.09.20 16:09:34.306,1.48679,1.48692,1.25,1.00
2017.09.20 16:09:34.358,1.48678,1.48694,1.12,1.00
2017.09.20 16:09:34.985,1.48678,1.48695,1.31,1.00
2017.09.20 16:09:35.140,1.48679,1.48692,1.25,1.00
2017.09.20 16:09:35.191,1.48679,1.48695,1.75,1.00
2017.09.20 16:09:35.782,1.48681,1.48695,1.56,1.00
2017.09.20 16:09:36.295,1.4868,1.48694,2.06,1.00
2017.09.20 16:09:36.550,1.48681,1.48696,1.37,1.00
2017.09.20 16:09:36.910,1.48681,1.48694,1.37,1.00
2017.09.20 16:09:37.203,1.4868,1.48696,1.62,1.00
2017.09.20 16:09:37.504,1.4868,1.48694,2.06,1.00
2017.09.20 16:09:37.935,1.48681,1.48696,1.44,1.00
2017.09.20 16:09:37.987,1.48681,1.48694,1.44,1.00
2017.09.20 16:09:38.379,1.4868,1.48695,2.81,1.00
2017.09.20 16:09:38.533,1.4868,1.48697,2.06,1.00
2017.09.20 16:09:39.100,1.4868,1.48696,2.81,1.00
2017.09.20 16:09:39.542,1.48681,1.48693,1.12,1.00
2017.09.20 16:09:39.594,1.48681,1.48695,1.31,1.00
2017.09.20 16:09:39.646,1.48678,1.48693,3.00,1.00
2017.09.20 16:09:39.992,1.48677,1.48691,1.19,1.00
2017.09.20 16:09:40.197,1.48676,1.48693,2.62,1.00
2017.09.20 16:09:40.773,1.48677,1.48689,1.44,1.00
2017.09.20 16:09:40.875,1.48677,1.48693,1.44,1.00
2017.09.20 16:09:40.987,1.48677,1.4869,1.44,1.00
2017.09.20 16:09:41.108,1.48677,1.48693,1.44,1.00
2017.09.20 16:09:41.653,1.48676,1.48692,1.87,1.00
2017.09.20 16:09:42.187,1.48677,1.48691,1.44,1.00
2017.09.20 16:09:43.810,1.48676,1.48691,1.12,1.00
2017.09.20 16:09:44.380,1.48677,1.48691,1.25,1.00
2017.09.20 16:09:44.980,1.48676,1.48692,1.87,1.00
2017.09.20 16:09:45.438,1.48677,1.4869,1.25,1.00
2017.09.20 16:09:45.540,1.48676,1.48692,1.87,1.00
2017.09.20 16:09:45.695,1.48677,1.48691,1.44,1.00
2017.09.20 16:09:45.747,1.48676,1.48691,1.12,1.00
2017.09.20 16:09:46.262,1.48676,1.4869,2.62,1.00
2017.09.20 16:09:46.572,1.4868,1.48693,1.19,1.00
2017.09.20 16:09:46.624,1.48679,1.48695,1.12,1.00
2017.09.20 16:09:46.676,1.48678,1.48693,2.62,1.00
2017.09.20 16:09:47.413,1.48681,1.48693,1.00,1.00
2017.09.20 16:09:47.967,1.48681,1.48695,1.00,1.00
2017.09.20 16:09:48.428,1.4868,1.48693,1.00,1.00
2017.09.20 16:09:48.479,1.4868,1.48695,1.00,1.00
2017.09.20 16:09:48.798,1.4868,1.48693,1.00,1.00
2017.09.20 16:09:48.952,1.4868,1.48695,1.00,1.00
2017.09.20 16:09:49.476,1.4868,1.48694,1.00,1.00
2017.09.20 16:09:49.528,1.4868,1.48692,1.00,1.00
2017.09.20 16:09:49.676,1.4868,1.48694,1.00,1.00
2017.09.20 16:09:50.226,1.48681,1.48695,1.00,1.00
2017.09.20 16:09:50.328,1.48681,1.48692,1.00,1.00
2017.09.20 16:09:50.448,1.4868,1.48694,1.00,1.00
2017.09.20 16:09:50.499,1.48681,1.48692,1.00,1.00
2017.09.20 16:09:50.551,1.48681,1.48695,1.00,1.00
2017.09.20 16:09:51.133,1.4868,1.48695,1.00,1.00
2017.09.20 16:09:51.236,1.4868,1.48697,1.00,1.00
2017.09.20 16:09:51.802,1.4868,1.48698,1.00,1.12
2017.09.20 16:09:52.422,1.4868,1.48697,1.00,1.00
2017.09.20 16:09:52.902,1.4868,1.48699,1.19,1.00
2017.09.20 16:09:53.445,1.48681,1.48698,1.19,1.31
2017.09.20 16:09:53.988,1.48681,1.48698,1.19,1.62
2017.09.20 16:09:54.423,1.4868,1.48688,1.19,1.00
2017.09.20 16:09:54.817,1.48681,1.48698,1.19,2.06
2017.09.20 16:09:55.180,1.48676,1.48694,2.81,3.23
2017.09.20 16:09:55.284,1.48674,1.48692,1.12,1.00
2017.09.20 16:09:55.386,1.48677,1.48693,1.19,1.00
2017.09.20 16:09:55.438,1.48673,1.48693,1.62,1.50
2017.09.20 16:09:55.490,1.48673,1.48692,1.63,2.25
2017.09.20 16:09:55.541,1.48672,1.48689,3.13,1.00
2017.09.20 16:09:55.592,1.48673,1.48692,1.87,1.88
2017.09.20 16:09:55.746,1.48677,1.48693,2.44,1.50
2017.09.20 16:09:56.053,1.48677,1.48691,1.69,1.00
2017.09.20 16:09:56.684,1.48676,1.48691,1.25,1.00
2017.09.20 16:09:57.134,1.48675,1.48689,1.00,1.00
2017.09.20 16:09:57.442,1.48673,1.48686,2.62,1.00
2017.09.20 16:09:57.751,1.48673,1.48686,1.44,1.00
2017.09.20 16:09:57.854,1.48673,1.48686,1.12,1.00
2017.09.20 16:09:58.367,1.48672,1.48687,2.62,1.00
2017.09.20 16:09:58.573,1.48672,1.48685,2.62,1.00
2017.09.20 16:09:58.625,1.48673,1.48687,2.62,1.00
2017.09.20 16:09:58.831,1.48673,1.48685,1.87,1.00
2017.09.20 16:09:58.883,1.48673,1.48687,1.87,1.00
2017.09.20 16:09:58.988,1.48672,1.48689,2.62,1.00
2017.09.20 16:09:59.194,1.48672,1.48687,2.62,1.00
2017.09.20 16:09:59.414,1.48672,1.48689,2.62,1.00
2017.09.20 16:09:59.465,1.48673,1.48687,1.44,1.00
2017.09.20 16:09:59.977,1.48673,1.48688,1.44,1.00
2017.09.20 16:10:00.523,1.48673,1.48687,1.44,1.00
2017.09.20 16:10:00.872,1.48668,1.48684,1.87,1.00
2017.09.20 16:10:01.182,1.48668,1.48682,2.25,1.00
2017.09.20 16:10:01.734,1.48668,1.48681,1.50,1.00
2017.09.20 16:10:01.888,1.48669,1.48684,1.37,1.00
2017.09.20 16:10:02.149,1.48669,1.48682,1.44,1.00
2017.09.20 16:10:04.032,1.48668,1.48681,1.87,1.00
2017.09.20 16:10:04.185,1.48668,1.48683,1.87,1.00
2017.09.20 16:10:04.236,1.48668,1.48681,1.87,1.00
2017.09.20 16:10:04.510,1.48668,1.48683,1.87,1.00
2017.09.20 16:10:05.883,1.48669,1.48682,1.62,1.00
2017.09.20 16:10:06.408,1.4867,1.48683,1.87,1.00
2017.09.20 16:10:06.919,1.4867,1.48684,1.69,1.00
2017.09.20 16:10:08.490,1.48669,1.48685,3.75,1.00
2017.09.20 16:10:09.001,1.48669,1.48686,4.50,1.00
2017.09.20 16:10:09.359,1.48669,1.48684,3.75,1.00
2017.09.20 16:10:09.716,1.48669,1.48686,4.31,1.00
2017.09.20 16:10:09.768,1.48669,1.48683,2.81,1.00
2017.09.20 16:10:09.870,1.48669,1.48685,3.75,1.00
2017.09.20 16:10:10.376,1.48669,1.48683,2.06,1.50
2017.09.20 16:10:10.900,1.48669,1.48684,3.37,1.00
2017.09.20 16:10:11.443,1.4867,1.48685,1.62,1.00
2017.09.20 16:10:17.427,1.48669,1.48685,1.31,1.00
2017.09.20 16:10:17.479,1.48669,1.48682,2.81,1.00
2017.09.20 16:10:17.990,1.48668,1.48681,1.19,1.00
2017.09.20 16:10:19.147,1.48668,1.48682,1.44,1.00
2017.09.20 16:10:19.666,1.48669,1.4868,1.19,1.00
2017.09.20 16:10:24.953,1.48668,1.48682,1.44,1.00
2017.09.20 16:10:25.535,1.48669,1.48681,1.19,1.00
2017.09.20 16:10:26.130,1.48669,1.4868,1.19,1.00
2017.09.20 16:10:27.714,1.48665,1.48679,2.44,1.50
2017.09.20 16:10:32.028,1.48669,1.48682,1.00,1.50
2017.09.20 16:10:33.114,1.48668,1.48683,1.25,1.50
2017.09.20 16:10:33.471,1.48668,1.48684,2.62,1.50
2017.09.20 16:10:33.729,1.48668,1.48686,1.44,1.00
2017.09.20 16:10:34.334,1.48669,1.48686,1.37,1.50
2017.09.20 16:10:35.867,1.4867,1.48685,1.19,1.12
2017.09.20 16:10:35.919,1.48669,1.48685,1.25,1.00
2017.09.20 16:10:36.073,1.4867,1.48685,1.19,2.62
2017.09.20 16:10:36.591,1.48669,1.48685,2.44,2.06
2017.09.20 16:10:37.180,1.4867,1.48684,1.19,1.12
2017.09.20 16:10:37.623,1.48669,1.48685,2.44,2.06
2017.09.20 16:10:38.138,1.4867,1.48684,1.25,1.12
2017.09.20 16:10:38.859,1.48669,1.48685,1.25,1.31
2017.09.20 16:10:39.375,1.4867,1.48684,1.00,1.12
2017.09.20 16:10:39.919,1.48669,1.48685,1.25,1.25
2017.09.20 16:10:40.420,1.4867,1.48684,1.00,1.00
2017.09.20 16:10:42.426,1.48669,1.48685,1.69,1.25
2017.09.20 16:10:43.125,1.48669,1.48684,1.25,1.00
2017.09.20 16:10:43.651,1.48669,1.48685,1.25,1.69
2017.09.20 16:10:46.319,1.48668,1.48684,1.19,1.25
2017.09.20 16:10:46.919,1.48669,1.48685,1.25,1.00
2017.09.20 16:10:47.455,1.48669,1.48686,1.25,1.87
2017.09.20 16:10:47.558,1.48669,1.48685,1.19,1.25
2017.09.20 16:10:48.082,1.48668,1.48686,1.19,2.62
2017.09.20 16:10:48.685,1.48668,1.48685,1.19,1.00
2017.09.20 16:10:49.204,1.48668,1.48686,1.19,2.06
2017.09.20 16:10:49.754,1.48668,1.48685,1.19,1.25
2017.09.20 16:10:53.238,1.4867,1.48686,1.19,1.00
2017.09.20 16:10:53.341,1.48671,1.48689,1.19,1.69
2017.09.20 16:10:53.915,1.48672,1.48689,1.19,1.69
2017.09.20 16:10:54.894,1.48672,1.48689,1.19,1.69
2017.09.20 16:10:55.445,1.48673,1.48689,1.25,1.88
2017.09.20 16:10:56.005,1.48671,1.48689,1.19,1.69
2017.09.20 16:10:56.574,1.48672,1.48689,1.19,1.88
2017.09.20 16:10:59.045,1.48672,1.48689,1.19,1.25
2017.09.20 16:11:00.297,1.48672,1.48689,1.19,1.19
2017.09.20 16:11:01.173,1.48671,1.48689,1.69,2.06
2017.09.20 16:11:01.327,1.4867,1.48686,1.19,1.38
2017.09.20 16:11:01.430,1.4867,1.48686,1.25,2.06
2017.09.20 16:11:01.956,1.4867,1.48687,1.25,2.44
2017.09.20 16:11:02.602,1.4867,1.48686,1.25,1.31
2017.09.20 16:11:03.322,1.48668,1.48685,1.00,1.00
2017.09.20 16:11:03.884,1.48668,1.48686,1.00,1.12
2017.09.20 16:11:04.196,1.48668,1.48686,1.00,2.25
2017.09.20 16:11:04.248,1.48668,1.48686,1.00,2.06
2017.09.20 16:11:04.755,1.48666,1.48684,1.19,1.00
2017.09.20 16:11:05.301,1.48665,1.48683,1.44,1.00
2017.09.20 16:11:05.849,1.48665,1.48682,1.19,1.00
2017.09.20 16:11:06.365,1.48666,1.48683,1.19,1.12
2017.09.20 16:11:07.461,1.48667,1.48684,1.25,1.87
2017.09.20 16:11:07.619,1.48667,1.48682,1.25,1.00
2017.09.20 16:11:07.979,1.48669,1.48683,1.25,1.00
2017.09.20 16:11:08.196,1.4866,1.48677,1.63,2.44
2017.09.20 16:11:08.299,1.48658,1.48672,1.50,1.19
2017.09.20 16:11:08.504,1.48658,1.48673,1.00,1.25
2017.09.20 16:11:08.657,1.48656,1.48673,1.00,1.00
2017.09.20 16:11:09.214,1.48654,1.48673,1.19,2.25
2017.09.20 16:11:09.369,1.48654,1.48673,1.19,1.69
2017.09.20 16:11:09.880,1.48655,1.48672,1.00,2.25
2017.09.20 16:11:09.983,1.48654,1.48672,1.25,2.06
2017.09.20 16:11:10.503,1.48655,1.48672,1.00,2.06
2017.09.20 16:11:11.036,1.48653,1.48671,1.19,1.25
2017.09.20 16:11:12.042,1.48652,1.48672,2.38,1.50
2017.09.20 16:11:12.315,1.48653,1.48668,1.00,1.31
2017.09.20 16:11:12.622,1.48648,1.48667,1.50,2.44
2017.09.20 16:11:12.776,1.48651,1.48666,1.00,1.37
2017.09.20 16:11:13.185,1.48648,1.48665,1.50,1.12
2017.09.20 16:11:13.598,1.48643,1.48664,2.44,1.12
2017.09.20 16:11:14.112,1.48645,1.48664,1.44,1.69
2017.09.20 16:11:14.624,1.48643,1.48662,1.69,1.25
2017.09.20 16:11:14.859,1.48644,1.48662,1.00,1.50
2017.09.20 16:11:15.381,1.48643,1.48663,1.50,2.25
2017.09.20 16:11:15.926,1.48643,1.48662,1.25,1.44
2017.09.20 16:11:16.879,1.48643,1.48662,1.00,1.25
2017.09.20 16:11:17.546,1.48643,1.48663,1.25,3.19
2017.09.20 16:11:18.070,1.48643,1.48663,1.00,2.44
2017.09.20 16:11:18.572,1.48643,1.48662,1.25,1.31
2017.09.20 16:11:19.077,1.48643,1.48663,1.00,3.00
2017.09.20 16:11:19.526,1.48641,1.48663,2.62,3.19
2017.09.20 16:11:19.782,1.48641,1.4866,1.31,1.25
2017.09.20 16:11:20.111,1.48633,1.48645,1.31,1.25
2017.09.20 16:11:20.215,1.48627,1.48643,1.00,1.00
2017.09.20 16:11:20.623,1.48627,1.48645,1.00,1.87
2017.09.20 16:11:21.221,1.48627,1.48644,1.00,1.12
2017.09.20 16:11:21.746,1.48625,1.48644,1.12,1.12
2017.09.20 16:11:22.461,1.48625,1.48644,1.25,1.44
2017.09.20 16:11:23.142,1.48625,1.48645,1.25,1.87
2017.09.20 16:11:23.662,1.48625,1.48644,1.12,1.44
2017.09.20 16:11:24.388,1.48625,1.48645,1.00,1.31
2017.09.20 16:11:24.904,1.48625,1.48645,1.00,2.06
2017.09.20 16:11:25.437,1.48626,1.48645,1.00,1.69
2017.09.20 16:11:26.053,1.48626,1.48644,1.00,1.12
2017.09.20 16:11:26.808,1.48626,1.48644,1.00,1.44
2017.09.20 16:11:27.321,1.48626,1.48645,1.00,1.50
2017.09.20 16:11:27.853,1.48626,1.48645,1.00,2.06
2017.09.20 16:11:28.085,1.48627,1.48645,1.00,1.31
2017.09.20 16:11:28.602,1.48627,1.48646,1.00,3.00
2017.09.20 16:11:29.141,1.48627,1.48646,1.00,3.56
2017.09.20 16:11:29.735,1.48627,1.48645,1.00,1.31
2017.09.20 16:11:30.322,1.48627,1.48645,1.00,1.12
2017.09.20 16:11:30.831,1.48627,1.48645,1.00,2.06
2017.09.20 16:11:31.477,1.48627,1.48645,1.00,1.69
2017.09.20 16:11:32.173,1.48627,1.48646,1.00,1.87
2017.09.20 16:11:32.713,1.48627,1.48645,1.00,1.69
2017.09.20 16:11:32.965,1.4863,1.48646,1.00,1.87
2017.09.20 16:11:33.476,1.4863,1.48645,1.00,1.50
2017.09.20 16:11:33.629,1.48628,1.48647,1.00,1.69
2017.09.20 16:11:34.183,1.4863,1.48647,1.00,1.62
2017.09.20 16:11:34.540,1.4863,1.48648,1.00,1.69
2017.09.20 16:11:34.973,1.4863,1.48647,1.00,1.44
2017.09.20 16:11:35.077,1.4863,1.48648,1.00,1.69
2017.09.20 16:11:35.416,1.4863,1.48647,1.00,1.44
2017.09.20 16:11:35.718,1.48627,1.48645,1.00,1.19
2017.09.20 16:11:36.032,1.4864,1.48654,1.00,1.31
2017.09.20 16:11:36.437,1.48642,1.48658,1.00,1.25
2017.09.20 16:11:36.489,1.48638,1.48655,1.42,1.00
2017.09.20 16:11:37.002,1.48637,1.48656,1.60,1.00
2017.09.20 16:11:37.518,1.48638,1.48655,1.24,1.00
2017.09.20 16:11:38.031,1.48638,1.48654,1.49,1.00
2017.09.20 16:11:38.542,1.48638,1.48654,1.05,1.00
2017.09.20 16:11:39.077,1.48638,1.48653,1.05,1.00
2017.09.20 16:11:39.593,1.48637,1.48653,1.62,1.00
2017.09.20 16:11:39.849,1.48638,1.48655,2.44,1.00
2017.09.20 16:11:40.359,1.4864,1.48654,1.25,1.00
2017.09.20 16:11:42.543,1.48638,1.48654,1.56,1.00
2017.09.20 16:11:43.002,1.4864,1.48657,1.19,1.00
2017.09.20 16:11:43.526,1.48641,1.48658,1.44,1.00
2017.09.20 16:11:45.601,1.48641,1.4866,1.50,1.00
2017.09.20 16:11:45.959,1.48638,1.48655,1.75,1.00
2017.09.20 16:11:46.114,1.48636,1.48654,2.25,1.00
2017.09.20 16:11:46.733,1.48637,1.48654,1.75,1.00
2017.09.20 16:11:47.093,1.48636,1.48654,2.25,1.00
2017.09.20 16:11:47.679,1.48636,1.48654,2.44,1.00
2017.09.20 16:11:48.287,1.48636,1.48654,1.31,1.00
2017.09.20 16:11:49.016,1.48636,1.48654,2.06,1.00
2017.09.20 16:11:49.855,1.48637,1.48654,1.62,1.00
2017.09.20 16:11:50.402,1.48636,1.48654,2.06,1.00
2017.09.20 16:11:51.278,1.48636,1.48654,1.69,1.00
2017.09.20 16:11:51.651,1.48636,1.48652,1.25,1.00
2017.09.20 16:11:52.020,1.48636,1.48652,1.44,1.00
2017.09.20 16:11:52.226,1.48635,1.48652,2.25,1.00
2017.09.20 16:11:52.277,1.48636,1.48652,1.87,1.00
2017.09.20 16:11:52.701,1.48635,1.48652,2.25,1.00
2017.09.20 16:11:53.231,1.48636,1.48652,1.37,1.00
2017.09.20 16:11:53.567,1.48639,1.48656,1.13,1.00
2017.09.20 16:11:53.618,1.4864,1.48657,1.50,1.00
2017.09.20 16:11:53.823,1.48641,1.48659,1.31,1.00
2017.09.20 16:11:54.341,1.48641,1.48659,1.50,1.00
2017.09.20 16:11:54.890,1.48641,1.48659,2.62,1.00
2017.09.20 16:11:56.047,1.48643,1.48662,1.12,1.00
2017.09.20 16:11:56.100,1.48646,1.48662,1.00,1.00
2017.09.20 16:11:56.409,1.48636,1.48653,1.19,1.00
2017.09.20 16:11:56.567,1.48633,1.48652,3.37,1.00
2017.09.20 16:11:56.721,1.48633,1.48652,3.37,1.00
2017.09.20 16:11:57.262,1.48634,1.48652,2.06,1.00
2017.09.20 16:11:57.314,1.48634,1.48652,1.69,1.00
2017.09.20 16:11:57.769,1.48634,1.4865,1.12,1.00
2017.09.20 16:11:58.279,1.48633,1.48649,1.62,1.00
2017.09.20 16:11:58.806,1.48634,1.48649,1.25,1.00
2017.09.20 16:11:59.320,1.48633,1.48648,1.44,1.00
2017.09.20 16:11:59.525,1.48631,1.4865,2.44,1.00
2017.09.20 16:12:00.053,1.48631,1.48649,2.44,1.00
2017.09.20 16:12:00.886,1.48631,1.48648,2.44,1.00
2017.09.20 16:12:01.359,1.48631,1.48648,2.62,1.00
2017.09.20 16:12:01.461,1.48632,1.48649,1.62,1.00
2017.09.20 16:12:02.065,1.48633,1.4865,1.31,1.00
2017.09.20 16:12:02.588,1.48633,1.48652,2.25,1.50
2017.09.20 16:12:03.092,1.48633,1.48651,2.06,1.00
2017.09.20 16:12:04.628,1.48633,1.48649,1.87,1.00
2017.09.20 16:12:04.836,1.48633,1.48651,1.87,1.00
2017.09.20 16:12:05.422,1.48633,1.48651,1.62,1.00
2017.09.20 16:12:05.473,1.48633,1.48648,1.62,1.00
2017.09.20 16:12:05.654,1.48631,1.48648,2.44,1.00
2017.09.20 16:12:06.155,1.4863,1.48648,2.44,1.00
2017.09.20 16:12:06.672,1.4863,1.48646,1.69,1.00
2017.09.20 16:12:06.985,1.4863,1.48646,2.44,1.00
2017.09.20 16:12:07.497,1.48631,1.48646,1.56,1.00
2017.09.20 16:12:08.063,1.48632,1.48646,1.62,1.00
2017.09.20 16:12:08.575,1.48631,1.48646,1.56,1.00
2017.09.20 16:12:09.536,1.48632,1.48646,1.62,1.00
2017.09.20 16:12:09.782,1.48631,1.48648,1.56,1.00
2017.09.20 16:12:09.835,1.48631,1.48646,1.56,1.00
2017.09.20 16:12:10.403,1.48632,1.48646,1.62,1.00
2017.09.20 16:12:11.021,1.48631,1.48646,1.56,1.00
2017.09.20 16:12:11.557,1.48632,1.48646,1.62,1.00
2017.09.20 16:12:12.412,1.48631,1.48646,1.56,1.00
2017.09.20 16:12:12.984,1.48632,1.48646,1.62,1.00
2017.09.20 16:12:14.379,1.48631,1.48646,1.56,1.00
2017.09.20 16:12:15.505,1.48632,1.48646,1.56,1.00
2017.09.20 16:12:16.692,1.48632,1.4865,1.56,1.00
2017.09.20 16:12:17.470,1.48631,1.4865,1.56,1.00
2017.09.20 16:12:17.786,1.48631,1.48653,1.56,3.19
2017.09.20 16:12:18.310,1.48632,1.48652,1.56,1.25
2017.09.20 16:12:19.436,1.48632,1.48653,1.62,2.44
2017.09.20 16:12:19.961,1.48632,1.48652,2.06,1.25
2017.09.20 16:12:20.480,1.48632,1.48653,1.62,1.25
2017.09.20 16:12:21.096,1.48632,1.48652,2.06,1.00
2017.09.20 16:12:21.669,1.48632,1.48653,1.37,1.00
2017.09.20 16:12:22.176,1.48632,1.48652,1.62,1.00
2017.09.20 16:12:22.505,1.48632,1.48652,1.56,1.00
2017.09.20 16:12:22.607,1.48631,1.48653,1.87,1.12
2017.09.20 16:12:23.143,1.48632,1.48652,1.56,1.25
2017.09.20 16:12:24.448,1.48631,1.48653,2.06,1.69
2017.09.20 16:12:25.097,1.48632,1.48652,1.62,1.25
2017.09.20 16:12:26.329,1.48632,1.48652,1.31,1.00
2017.09.20 16:12:26.861,1.48633,1.48653,1.44,1.19
2017.09.20 16:12:27.015,1.48632,1.48654,1.31,2.62
2017.09.20 16:12:27.563,1.48633,1.48653,1.44,1.25
2017.09.20 16:12:29.739,1.48632,1.48654,1.31,2.62
2017.09.20 16:12:29.831,1.48632,1.48652,1.31,1.00
2017.09.20 16:12:30.541,1.48633,1.48652,1.44,1.00
2017.09.20 16:12:31.127,1.48632,1.48652,1.31,1.00
2017.09.20 16:12:31.847,1.48633,1.48652,1.44,1.00
2017.09.20 16:12:32.388,1.48632,1.48652,1.31,1.00
2017.09.20 16:12:33.182,1.48633,1.48653,1.44,1.69
2017.09.20 16:12:33.781,1.48632,1.48653,1.31,1.00
2017.09.20 16:12:34.089,1.48638,1.48655,1.00,1.69
2017.09.20 16:12:34.141,1.48635,1.48656,3.98,1.87
2017.09.20 16:12:34.553,1.48637,1.48657,2.06,1.87
2017.09.20 16:12:34.855,1.48641,1.48658,1.87,1.12
2017.09.20 16:12:34.959,1.48641,1.4866,1.50,1.00
2017.09.20 16:12:35.063,1.48642,1.48662,1.12,1.69
2017.09.20 16:12:35.623,1.48643,1.48662,1.00,2.06
2017.09.20 16:12:35.776,1.48642,1.48659,1.12,1.00
2017.09.20 16:12:36.333,1.48641,1.48659,1.87,1.00
2017.09.20 16:12:36.998,1.48642,1.48659,1.00,1.00
2017.09.20 16:12:37.526,1.48641,1.4866,1.12,1.00
2017.09.20 16:12:38.081,1.48642,1.4866,1.00,1.44
2017.09.20 16:12:38.607,1.48641,1.4866,1.87,1.00
2017.09.20 16:12:39.143,1.48642,1.4866,1.00,1.25
2017.09.20 16:12:39.862,1.48641,1.4866,2.06,1.00
2017.09.20 16:12:40.203,1.48641,1.48658,1.25,1.50
2017.09.20 16:12:40.715,1.48641,1.48657,1.00,1.50
2017.09.20 16:12:41.251,1.48642,1.48657,1.00,1.00
2017.09.20 16:12:42.031,1.48641,1.48657,1.50,1.00
2017.09.20 16:12:42.691,1.48642,1.48657,1.00,1.00
2017.09.20 16:12:43.200,1.48641,1.48656,1.50,1.00
2017.09.20 16:12:44.312,1.48642,1.48656,1.00,1.00
2017.09.20 16:12:44.841,1.48641,1.48655,1.50,1.00
2017.09.20 16:12:46.109,1.4864,1.48655,1.00,1.00
2017.09.20 16:12:46.756,1.48639,1.48655,1.00,1.00
2017.09.20 16:12:47.272,1.4864,1.48655,1.00,1.00
2017.09.20 16:12:48.232,1.48639,1.48655,1.00,1.00
2017.09.20 16:12:48.917,1.4864,1.48655,1.00,1.00
2017.09.20 16:12:49.539,1.48639,1.48655,1.00,1.00
2017.09.20 16:12:50.057,1.48639,1.48656,1.00,1.50
2017.09.20 16:12:50.567,1.48639,1.48655,1.12,1.00
2017.09.20 16:12:50.878,1.48642,1.48658,1.00,1.25
2017.09.20 16:12:51.384,1.48641,1.48659,1.00,1.25
2017.09.20 16:12:52.276,1.48641,1.4866,1.00,2.25
2017.09.20 16:12:52.827,1.48641,1.48657,1.00,1.25
2017.09.20 16:12:53.557,1.4864,1.48656,1.00,1.44
2017.09.20 16:12:53.814,1.48636,1.48655,1.00,3.00
2017.09.20 16:12:54.353,1.48635,1.48655,1.50,3.75
2017.09.20 16:12:54.886,1.48635,1.48653,1.50,1.37
2017.09.20 16:12:55.412,1.48636,1.48653,1.00,1.69
2017.09.20 16:12:55.669,1.48634,1.48652,1.00,2.44
2017.09.20 16:12:56.185,1.48634,1.4865,1.00,1.00
2017.09.20 16:12:57.186,1.48633,1.4865,1.50,1.25
2017.09.20 16:12:57.390,1.48636,1.48652,1.00,1.44
2017.09.20 16:12:57.901,1.48637,1.48652,1.00,1.44
2017.09.20 16:12:58.225,1.48633,1.48649,1.00,1.00
2017.09.20 16:12:58.736,1.48633,1.4865,1.00,1.50
2017.09.20 16:12:59.248,1.48633,1.48649,1.00,1.00
2017.09.20 16:12:59.755,1.48633,1.48651,1.00,3.19
2017.09.20 16:13:00.479,1.48633,1.48651,1.00,1.31
2017.09.20 16:13:01.087,1.48635,1.48651,1.00,1.31
2017.09.20 16:13:01.406,1.48639,1.48657,1.88,1.44
2017.09.20 16:13:01.458,1.48642,1.48658,1.00,2.06
2017.09.20 16:13:01.510,1.48644,1.48658,1.00,1.00
2017.09.20 16:13:01.818,1.4864,1.48655,1.19,1.19
2017.09.20 16:13:02.011,1.48638,1.48654,1.00,1.31
2017.09.20 16:13:02.114,1.48636,1.48655,1.25,1.31
2017.09.20 16:13:02.648,1.48637,1.48654,1.00,1.81
2017.09.20 16:13:02.699,1.48639,1.48654,1.00,1.81
2017.09.20 16:13:03.226,1.48638,1.48654,1.00,2.56
2017.09.20 16:13:03.277,1.48636,1.48654,1.25,2.56
2017.09.20 16:13:03.386,1.48641,1.48657,1.00,1.25
2017.09.20 16:13:03.437,1.48643,1.48659,1.69,1.87
2017.09.20 16:13:03.744,1.48648,1.48663,1.00,1.12
2017.09.20 16:13:04.351,1.48648,1.48665,1.00,2.62
2017.09.20 16:13:05.015,1.48649,1.48665,1.00,1.81
2017.09.20 16:13:05.494,1.48649,1.48664,1.00,1.81
2017.09.20 16:13:06.162,1.48649,1.48664,1.00,1.63
2017.09.20 16:13:06.470,1.48645,1.48661,1.69,1.00
2017.09.20 16:13:08.526,1.48641,1.48657,1.00,1.00
2017.09.20 16:13:08.885,1.48643,1.48657,1.00,1.00
2017.09.20 16:13:09.399,1.48642,1.48656,1.00,1.00
2017.09.20 16:13:09.553,1.48643,1.48658,1.00,1.25
2017.09.20 16:13:10.075,1.48643,1.48657,1.00,1.00
2017.09.20 16:13:10.579,1.48642,1.48656,1.50,1.00
2017.09.20 16:13:11.146,1.48639,1.48654,1.69,1.50
2017.09.20 16:13:11.555,1.4864,1.48655,1.00,1.00
2017.09.20 16:13:11.607,1.48638,1.48655,1.87,1.00
2017.09.20 16:13:12.117,1.48638,1.48654,2.06,1.00
2017.09.20 16:13:13.837,1.4864,1.48655,1.00,1.87
2017.09.20 16:13:14.415,1.48639,1.48655,1.50,1.00
2017.09.20 16:13:15.106,1.48639,1.48656,1.00,1.00
2017.09.20 16:13:15.641,1.48638,1.48655,1.69,1.00
2017.09.20 16:13:15.965,1.48638,1.48653,1.25,1.00
2017.09.20 16:13:16.501,1.48637,1.48653,1.25,1.00
2017.09.20 16:13:17.159,1.48638,1.48654,1.25,1.00
2017.09.20 16:13:17.701,1.48638,1.48655,1.25,1.00
2017.09.20 16:13:18.207,1.48637,1.48655,1.25,1.00
2017.09.20 16:13:18.945,1.48638,1.48655,1.00,1.12
2017.09.20 16:13:19.693,1.48639,1.48655,1.13,1.50
2017.09.20 16:13:20.101,1.48639,1.48656,1.00,1.00
2017.09.20 16:13:20.366,1.48639,1.48654,1.00,1.00
2017.09.20 16:13:21.140,1.48639,1.48655,1.00,1.00
2017.09.20 16:13:22.346,1.4864,1.48655,1.00,1.00
2017.09.20 16:13:22.891,1.48639,1.48656,1.00,1.00
2017.09.20 16:13:23.568,1.48639,1.48655,1.00,1.00
2017.09.20 16:13:23.737,1.48637,1.48656,1.69,1.50
2017.09.20 16:13:24.800,1.48636,1.48655,2.44,1.00
2017.09.20 16:13:24.852,1.48637,1.48655,1.31,1.00
2017.09.20 16:13:25.510,1.48637,1.48655,1.25,1.44
2017.09.20 16:13:26.040,1.48636,1.48654,1.00,1.00
2017.09.20 16:13:26.568,1.48637,1.48654,1.00,1.00
2017.09.20 16:13:27.245,1.48636,1.48654,1.00,1.00
2017.09.20 16:13:27.905,1.48637,1.48654,1.00,1.00
2017.09.20 16:13:28.213,1.48637,1.48652,1.00,1.00
2017.09.20 16:13:28.880,1.48637,1.48651,1.25,1.00
2017.09.20 16:13:29.520,1.48637,1.48652,1.00,1.00
2017.09.20 16:13:30.077,1.48636,1.48652,1.00,1.00
2017.09.20 16:13:30.389,1.48636,1.48654,1.00,1.00
2017.09.20 16:13:30.945,1.48637,1.48654,1.00,1.00
2017.09.20 16:13:30.997,1.48637,1.48652,1.00,1.00
2017.09.20 16:13:31.508,1.48636,1.48652,1.50,1.00
2017.09.20 16:13:32.033,1.48637,1.48652,1.00,1.00
2017.09.20 16:13:32.650,1.48637,1.48651,1.00,1.00
2017.09.20 16:13:33.181,1.48637,1.48653,1.00,1.63
2017.09.20 16:13:33.233,1.48633,1.48653,2.06,1.75
2017.09.20 16:13:33.542,1.48632,1.48652,1.87,1.69
2017.09.20 16:13:33.829,1.48633,1.48651,1.81,1.00
2017.09.20 16:13:33.932,1.48633,1.48651,1.00,1.00
2017.09.20 16:13:35.236,1.48632,1.48651,2.06,1.00
2017.09.20 16:13:35.709,1.48632,1.48649,3.00,1.00
2017.09.20 16:13:36.028,1.48632,1.48651,1.87,1.00
2017.09.20 16:13:36.131,1.48636,1.48651,1.00,1.25
2017.09.20 16:13:36.681,1.48636,1.48652,1.25,1.00
2017.09.20 16:13:36.990,1.48634,1.48651,1.50,1.50
2017.09.20 16:13:37.042,1.48635,1.48651,1.00,1.00
2017.09.20 16:13:37.561,1.48635,1.48652,1.88,1.00
2017.09.20 16:13:38.084,1.48634,1.48651,3.00,1.00
2017.09.20 16:13:38.710,1.48635,1.4865,1.00,1.00
2017.09.20 16:13:38.857,1.48635,1.48652,1.88,1.00
2017.09.20 16:13:39.062,1.48634,1.48651,1.00,1.00
2017.09.20 16:13:39.317,1.48633,1.4865,4.13,1.00
2017.09.20 16:13:39.369,1.48635,1.48653,1.25,1.00
2017.09.20 16:13:39.524,1.48633,1.48651,1.31,1.00
2017.09.20 16:13:40.028,1.48633,1.48651,1.50,1.00
2017.09.20 16:13:40.701,1.48633,1.48651,1.00,1.00
2017.09.20 16:13:41.223,1.48633,1.48652,1.75,1.00
2017.09.20 16:13:41.784,1.48635,1.48651,1.69,1.00
2017.09.20 16:13:42.293,1.48635,1.48651,1.00,1.00
2017.09.20 16:13:42.620,1.48633,1.4865,2.81,1.00
2017.09.20 16:13:43.214,1.48633,1.4865,3.56,1.00
2017.09.20 16:13:43.266,1.48636,1.48651,1.00,1.00
2017.09.20 16:13:43.772,1.48636,1.48652,1.00,1.00
2017.09.20 16:13:44.349,1.48635,1.48652,1.00,1.00
2017.09.20 16:13:44.859,1.48636,1.48652,1.00,1.00
2017.09.20 16:13:45.415,1.48635,1.48652,1.00,1.00
2017.09.20 16:13:45.762,1.48636,1.48654,3.19,1.00
2017.09.20 16:13:49.108,1.48634,1.48652,3.94,1.00
2017.09.20 16:13:50.391,1.48634,1.48653,3.00,1.00
2017.09.20 16:13:50.722,1.48634,1.48652,2.25,1.00
2017.09.20 16:13:51.236,1.48634,1.48651,1.69,1.00
2017.09.20 16:13:52.658,1.48634,1.48652,1.25,1.00
2017.09.20 16:13:53.212,1.48635,1.48651,1.00,1.00
2017.09.20 16:13:53.645,1.48633,1.48651,1.50,1.00
2017.09.20 16:13:54.159,1.48633,1.48651,1.50,1.00
2017.09.20 16:13:54.693,1.48633,1.48652,1.12,1.25
2017.09.20 16:13:55.194,1.48634,1.48652,1.12,1.25
2017.09.20 16:13:55.847,1.48633,1.48651,1.13,1.25
2017.09.20 16:13:56.102,1.48633,1.48649,1.00,1.00
2017.09.20 16:13:57.461,1.48631,1.48648,1.31,1.00
2017.09.20 16:13:57.514,1.48631,1.4865,1.25,1.00
2017.09.20 16:13:57.566,1.48631,1.48648,1.12,1.00
2017.09.20 16:13:58.083,1.4863,1.48648,2.44,1.00
2017.09.20 16:14:00.384,1.48629,1.48649,1.69,1.25
2017.09.20 16:14:01.067,1.4863,1.4865,4.06,1.25
2017.09.20 16:14:01.588,1.48632,1.4865,1.69,1.87
2017.09.20 16:14:03.021,1.48631,1.4865,1.31,1.25
2017.09.20 16:14:03.781,1.48631,1.4865,1.19,1.87
2017.09.20 16:14:04.325,1.48632,1.48649,1.00,1.00
2017.09.20 16:14:05.870,1.4863,1.48648,3.94,1.00
2017.09.20 16:14:06.534,1.4863,1.48648,2.44,1.00
2017.09.20 16:14:07.059,1.48632,1.48648,1.25,1.00
2017.09.20 16:14:07.568,1.4863,1.48648,3.56,1.00
2017.09.20 16:14:08.086,1.4863,1.48648,1.31,1.00
2017.09.20 16:14:08.600,1.48629,1.48648,1.87,1.00
2017.09.20 16:14:09.137,1.4863,1.48648,1.69,1.25
2017.09.20 16:14:09.682,1.48628,1.48647,3.56,1.00
2017.09.20 16:14:10.325,1.48629,1.48648,1.31,1.12
2017.09.20 16:14:10.830,1.48629,1.48648,1.25,1.25
2017.09.20 16:14:12.165,1.48629,1.48648,2.06,1.12
2017.09.20 16:14:12.219,1.48628,1.48646,2.81,1.00
2017.09.20 16:14:12.528,1.48628,1.48644,2.81,1.00
2017.09.20 16:14:12.580,1.48628,1.48646,1.31,1.69
2017.09.20 16:14:12.939,1.48628,1.48644,2.44,1.00
2017.09.20 16:14:13.453,1.48628,1.48644,1.12,1.00
2017.09.20 16:14:13.960,1.48626,1.48643,1.72,1.00
2017.09.20 16:14:14.269,1.48628,1.48646,1.19,1.25
2017.09.20 16:14:15.482,1.4863,1.48646,1.00,1.25
2017.09.20 16:14:15.998,1.48629,1.48645,1.69,1.00
2017.09.20 16:14:16.253,1.48627,1.48643,2.06,1.00
2017.09.20 16:14:17.025,1.48628,1.48645,2.44,1.00
2017.09.20 16:14:17.530,1.48628,1.48646,1.19,1.00
2017.09.20 16:14:20.575,1.4863,1.48645,1.12,1.00
2017.09.20 16:14:21.061,1.4863,1.48647,1.12,1.25
2017.09.20 16:14:21.881,1.4863,1.48645,1.00,1.00
2017.09.20 16:14:22.216,1.4863,1.48647,1.69,1.25
2017.09.20 16:14:23.313,1.48632,1.48648,1.25,2.62
2017.09.20 16:14:23.888,1.48629,1.48645,2.25,1.00
2017.09.20 16:14:24.479,1.4863,1.48645,1.00,1.00
2017.09.20 16:14:25.066,1.48629,1.48645,1.50,1.00
2017.09.20 16:14:25.617,1.4863,1.48645,1.00,1.00
2017.09.20 16:14:25.978,1.48628,1.48645,1.50,1.00
2017.09.20 16:14:26.029,1.48627,1.48643,2.06,1.00
2017.09.20 16:14:26.186,1.48628,1.48645,1.31,1.00
2017.09.20 16:14:26.729,1.48628,1.48644,1.00,1.00
2017.09.20 16:14:27.363,1.48627,1.48645,2.44,1.00
2017.09.20 16:14:27.914,1.48628,1.48645,1.25,1.00
2017.09.20 16:14:27.965,1.48627,1.48643,2.62,1.00
2017.09.20 16:14:28.381,1.4863,1.48644,1.00,1.00
2017.09.20 16:14:28.690,1.48627,1.48644,1.19,1.00
2017.09.20 16:14:29.284,1.48628,1.48643,1.25,1.00
2017.09.20 16:14:29.746,1.48627,1.48641,1.00,1.00
2017.09.20 16:14:30.363,1.48627,1.48642,1.00,1.00
2017.09.20 16:14:31.125,1.4863,1.48643,1.00,1.00
2017.09.20 16:14:31.177,1.4863,1.48645,1.00,1.00
2017.09.20 16:14:31.332,1.48628,1.48646,2.06,1.87
2017.09.20 16:14:31.538,1.48629,1.48643,1.00,1.00
2017.09.20 16:14:32.081,1.48629,1.48642,1.50,1.00
2017.09.20 16:14:32.622,1.48628,1.48642,1.87,1.00
2017.09.20 16:14:33.384,1.48629,1.48642,1.00,1.00
2017.09.20 16:14:34.428,1.48628,1.48644,1.12,1.00
2017.09.20 16:14:34.985,1.48629,1.48644,1.00,1.00
2017.09.20 16:14:35.694,1.48629,1.48645,1.00,1.69
2017.09.20 16:14:36.527,1.48629,1.48644,1.00,1.00
2017.09.20 16:14:36.937,1.48627,1.48645,1.50,1.00
2017.09.20 16:14:39.214,1.48627,1.48645,2.44,1.69
2017.09.20 16:14:39.737,1.48627,1.48645,1.69,1.25
2017.09.20 16:14:40.284,1.48627,1.48645,1.69,1.69
2017.09.20 16:14:40.336,1.48627,1.48638,1.19,1.00
2017.09.20 16:14:40.642,1.48622,1.48637,1.31,1.00
2017.09.20 16:14:42.198,1.48622,1.48637,1.44,1.00
2017.09.20 16:14:42.729,1.48622,1.48637,1.12,1.00
2017.09.20 16:14:43.486,1.48622,1.48637,1.50,1.00
2017.09.20 16:14:43.539,1.48622,1.48639,1.12,1.00
2017.09.20 16:14:43.883,1.48622,1.48638,2.44,1.00
2017.09.20 16:14:43.934,1.48622,1.48639,1.69,1.00
2017.09.20 16:14:44.451,1.48622,1.48639,1.50,1.00
2017.09.20 16:14:45.090,1.48622,1.48639,1.69,1.00
2017.09.20 16:14:45.894,1.48622,1.48639,2.81,1.00
2017.09.20 16:14:46.975,1.48622,1.48639,1.00,1.00
2017.09.20 16:14:47.129,1.48622,1.48637,1.00,1.00
2017.09.20 16:14:47.436,1.48622,1.48639,1.00,1.00
2017.09.20 16:14:48.016,1.48621,1.48639,2.06,1.00
2017.09.20 16:14:48.798,1.48622,1.48639,1.31,1.12
2017.09.20 16:14:49.887,1.48621,1.48639,1.50,1.00
2017.09.20 16:14:50.396,1.48622,1.48639,1.12,1.12
2017.09.20 16:14:50.947,1.48622,1.48638,1.12,1.00
2017.09.20 16:14:51.539,1.48621,1.48638,2.06,1.00
2017.09.20 16:14:53.495,1.48621,1.48638,1.91,1.00
2017.09.20 16:14:53.648,1.48621,1.48638,1.69,1.00
2017.09.20 16:14:54.322,1.48622,1.48638,1.00,1.00
2017.09.20 16:14:55.958,1.48622,1.48636,1.00,1.00
2017.09.20 16:14:56.490,1.48621,1.48636,1.50,1.00
2017.09.20 16:14:58.833,1.48622,1.48636,1.00,1.00
2017.09.20 16:14:59.382,1.48621,1.48636,1.50,1.00
2017.09.20 16:15:00.459,1.48622,1.48636,1.00,1.00
2017.09.20 16:15:00.993,1.48621,1.48636,1.50,1.00
2017.09.20 16:15:01.748,1.48622,1.48636,1.00,1.00
2017.09.20 16:15:02.092,1.48629,1.4864,1.00,1.00
2017.09.20 16:15:02.144,1.4863,1.48644,1.00,1.00
2017.09.20 16:15:02.556,1.48626,1.48639,1.87,1.00
2017.09.20 16:15:02.712,1.48623,1.48639,1.69,1.00
2017.09.20 16:15:02.764,1.48623,1.48637,1.69,1.00
2017.09.20 16:15:02.867,1.48622,1.48638,1.31,1.00
2017.09.20 16:15:03.435,1.48621,1.48638,2.44,1.00
2017.09.20 16:15:04.563,1.48622,1.48638,1.25,1.00
2017.09.20 16:15:04.717,1.48626,1.48638,1.25,1.00
2017.09.20 16:15:04.769,1.48627,1.48642,4.25,1.00
2017.09.20 16:15:04.821,1.48631,1.48645,1.00,2.25
2017.09.20 16:15:05.354,1.4863,1.48645,1.00,1.00
2017.09.20 16:15:06.080,1.48629,1.48645,2.06,1.00
2017.09.20 16:15:06.234,1.4863,1.48645,1.19,1.00
2017.09.20 16:15:06.744,1.4863,1.48646,2.25,1.00
2017.09.20 16:15:07.327,1.4863,1.48645,1.50,1.00
2017.09.20 16:15:07.859,1.4863,1.48647,1.69,1.00
2017.09.20 16:15:08.402,1.4863,1.48647,2.25,1.00
2017.09.20 16:15:08.912,1.4863,1.48647,3.19,1.00
2017.09.20 16:15:09.218,1.4863,1.48647,2.81,1.00
2017.09.20 16:15:09.627,1.48631,1.48647,1.87,1.00
2017.09.20 16:15:10.209,1.48631,1.48648,1.87,1.00
2017.09.20 16:15:11.144,1.48631,1.48648,1.87,1.00
2017.09.20 16:15:11.725,1.48631,1.48648,3.37,1.00
2017.09.20 16:15:12.259,1.48631,1.48648,2.62,1.00
2017.09.20 16:15:12.806,1.48631,1.48648,3.37,1.00
2017.09.20 16:15:13.328,1.4863,1.48647,3.37,1.00
2017.09.20 16:15:13.835,1.4863,1.48648,3.00,1.00
2017.09.20 16:15:14.142,1.48632,1.48648,1.00,1.00
2017.09.20 16:15:16.208,1.48631,1.48648,1.87,1.00
2017.09.20 16:15:16.721,1.48631,1.48648,1.87,1.00
2017.09.20 16:15:17.257,1.48631,1.48648,1.69,1.00
2017.09.20 16:15:17.928,1.48631,1.48648,1.87,1.00
2017.09.20 16:15:18.432,1.48631,1.48648,1.69,1.00
2017.09.20 16:15:18.997,1.48631,1.48648,1.87,1.00
2017.09.20 16:15:19.516,1.48631,1.48648,1.69,1.00
2017.09.20 16:15:20.044,1.48631,1.48648,1.87,1.00
2017.09.20 16:15:21.031,1.48631,1.48648,1.69,1.00
2017.09.20 16:15:21.619,1.48631,1.48649,1.00,1.00
2017.09.20 16:15:22.199,1.48631,1.48648,1.25,1.00
2017.09.20 16:15:22.567,1.48647,1.48662,1.31,2.25
2017.09.20 16:15:22.620,1.48648,1.48664,2.06,1.19
2017.09.20 16:15:22.723,1.48648,1.48665,2.25,1.00
2017.09.20 16:15:23.250,1.48648,1.48666,2.25,1.00
2017.09.20 16:15:23.911,1.48648,1.48666,2.06,1.00
2017.09.20 16:15:24.424,1.48651,1.48665,1.00,1.00
2017.09.20 16:15:24.476,1.48648,1.48665,3.00,1.00
2017.09.20 16:15:25.126,1.4865,1.48665,1.00,1.00
2017.09.20 16:15:25.748,1.48651,1.48665,1.00,1.00
2017.09.20 16:15:27.777,1.48651,1.48666,1.50,1.00
2017.09.20 16:15:28.391,1.48652,1.48666,1.00,1.00
2017.09.20 16:15:29.612,1.48651,1.48666,1.50,1.00
2017.09.20 16:15:30.186,1.48652,1.48666,1.00,1.00
2017.09.20 16:15:30.339,1.48651,1.48668,1.50,1.00
2017.09.20 16:15:30.917,1.48652,1.48668,1.00,1.00
2017.09.20 16:15:32.280,1.48651,1.48668,1.50,1.00
2017.09.20 16:15:32.791,1.48652,1.48667,1.00,1.00
2017.09.20 16:15:33.431,1.48651,1.48667,1.50,1.00
2017.09.20 16:15:33.982,1.48651,1.48668,1.50,1.00
2017.09.20 16:15:34.540,1.48652,1.48669,1.00,1.00
2017.09.20 16:15:35.072,1.48652,1.48668,1.00,1.00
2017.09.20 16:15:36.013,1.48651,1.48668,1.50,1.00
2017.09.20 16:15:36.711,1.48651,1.48667,1.50,1.00
2017.09.20 16:15:37.296,1.48652,1.48667,1.00,1.00
2017.09.20 16:15:37.501,1.48652,1.48669,1.00,1.00
2017.09.20 16:15:38.054,1.48651,1.48669,1.50,1.00
2017.09.20 16:15:38.588,1.48652,1.48669,1.00,1.00
2017.09.20 16:15:39.398,1.48651,1.48669,1.50,1.00
2017.09.20 16:15:39.847,1.48653,1.48668,1.00,1.00
2017.09.20 16:15:40.002,1.4865,1.48667,1.87,1.00
2017.09.20 16:15:40.532,1.48651,1.48668,2.25,1.00
2017.09.20 16:15:41.128,1.48652,1.48668,1.00,1.00
2017.09.20 16:15:42.602,1.48651,1.48668,2.25,1.00
2017.09.20 16:15:42.807,1.48653,1.48668,1.00,1.00
2017.09.20 16:15:43.350,1.48653,1.48669,1.00,1.25
2017.09.20 16:15:44.204,1.48651,1.48669,1.50,1.00
2017.09.20 16:15:44.918,1.48651,1.48669,1.00,1.69
2017.09.20 16:15:44.969,1.48651,1.48666,1.00,1.00
2017.09.20 16:15:45.595,1.4865,1.48666,1.12,1.00
2017.09.20 16:15:46.249,1.48651,1.48666,1.00,1.50
2017.09.20 16:15:46.783,1.4865,1.48665,1.87,1.00
2017.09.20 16:15:47.434,1.48651,1.48665,1.00,1.00
2017.09.20 16:15:48.099,1.4865,1.48665,1.87,1.00
2017.09.20 16:15:48.646,1.48651,1.48666,1.00,1.00
2017.09.20 16:15:49.215,1.4865,1.48666,1.12,1.00
2017.09.20 16:15:49.266,1.48651,1.48669,1.00,1.25
2017.09.20 16:15:49.817,1.4865,1.48669,1.87,1.44
2017.09.20 16:15:50.430,1.48651,1.48669,1.00,1.44
2017.09.20 16:15:51.105,1.4865,1.48669,1.87,1.44
2017.09.20 16:15:51.701,1.4865,1.48669,1.12,1.25
2017.09.20 16:15:52.209,1.4865,1.48669,1.87,1.44
2017.09.20 16:15:52.716,1.48651,1.48669,1.00,1.25
2017.09.20 16:15:54.801,1.4865,1.48669,2.06,1.00
2017.09.20 16:15:55.642,1.48651,1.48669,1.00,1.00
2017.09.20 16:15:56.217,1.48651,1.48668,1.00,1.00
2017.09.20 16:15:58.730,1.4865,1.48668,2.81,1.00
2017.09.20 16:15:59.263,1.48651,1.48668,1.25,1.00
2017.09.20 16:15:59.811,1.4865,1.48669,3.94,1.25
2017.09.20 16:16:00.125,1.48653,1.48671,2.25,2.62
2017.09.20 16:16:00.640,1.48653,1.48673,4.31,1.19
2017.09.20 16:16:02.878,1.48655,1.48673,1.00,1.19
2017.09.20 16:16:03.323,1.48657,1.48674,1.50,1.12
2017.09.20 16:16:03.670,1.48669,1.4868,1.00,1.19
2017.09.20 16:16:03.774,1.48664,1.4868,1.50,1.63
2017.09.20 16:16:03.929,1.4866,1.48676,1.50,1.19
2017.09.20 16:16:04.082,1.48657,1.48673,1.19,1.25
2017.09.20 16:16:04.339,1.48656,1.48673,1.69,1.25
2017.09.20 16:16:04.620,1.48657,1.48676,1.00,1.19
2017.09.20 16:16:04.824,1.48661,1.48678,1.00,2.56
2017.09.20 16:16:05.132,1.4866,1.48676,2.25,1.69
2017.09.20 16:16:06.079,1.48662,1.48676,1.00,1.69
2017.09.20 16:16:06.182,1.4866,1.48675,1.00,1.19
2017.09.20 16:16:06.440,1.48663,1.48676,1.00,2.62
2017.09.20 16:16:06.858,1.48662,1.48678,1.00,1.50
2017.09.20 16:16:07.319,1.48662,1.48675,1.00,1.25
2017.09.20 16:16:07.781,1.48664,1.48675,1.50,1.00
2017.09.20 16:16:08.339,1.48664,1.48676,1.00,1.00
2017.09.20 16:16:08.645,1.48664,1.48678,1.00,1.50
2017.09.20 16:16:08.696,1.48666,1.48678,1.00,1.50
2017.09.20 16:16:09.227,1.48666,1.48677,1.00,1.50
2017.09.20 16:16:09.794,1.48666,1.48678,1.00,1.69
2017.09.20 16:16:10.446,1.48665,1.4868,1.00,1.19
2017.09.20 16:16:10.787,1.48667,1.48683,1.50,1.87
2017.09.20 16:16:10.839,1.48671,1.48682,1.00,1.69
2017.09.20 16:16:12.068,1.48668,1.4868,1.00,1.88
2017.09.20 16:16:12.273,1.48659,1.48676,1.87,1.12
2017.09.20 16:16:12.376,1.48661,1.48679,1.00,1.69
2017.09.20 16:16:12.684,1.48663,1.48679,1.00,2.06
2017.09.20 16:16:13.002,1.48661,1.48679,1.00,2.44
2017.09.20 16:16:13.054,1.48663,1.48679,1.00,2.44
2017.09.20 16:16:13.566,1.48663,1.48679,1.00,2.94
2017.09.20 16:16:13.909,1.48663,1.48678,1.00,2.06
2017.09.20 16:16:13.960,1.48663,1.48678,1.00,2.25
2017.09.20 16:16:14.377,1.48663,1.48678,1.00,1.87
2017.09.20 16:16:14.684,1.48663,1.48678,1.00,2.25
2017.09.20 16:16:14.890,1.48664,1.48678,1.00,1.50
2017.09.20 16:16:14.993,1.48662,1.48678,1.50,1.50
2017.09.20 16:16:15.500,1.48663,1.48678,1.00,1.87
2017.09.20 16:16:15.714,1.48661,1.48678,1.00,1.50
2017.09.20 16:16:15.766,1.48659,1.48678,1.00,1.00
2017.09.20 16:16:16.021,1.48659,1.48676,1.00,1.00
2017.09.20 16:16:16.658,1.4866,1.48676,1.00,1.00
2017.09.20 16:16:17.249,1.4866,1.48677,1.00,1.25
2017.09.20 16:16:17.799,1.48659,1.48677,1.00,1.25
2017.09.20 16:16:18.397,1.4866,1.48677,1.00,1.63
2017.09.20 16:16:21.708,1.48659,1.48678,1.50,2.62
2017.09.20 16:16:23.500,1.4866,1.48678,1.00,2.62
2017.09.20 16:16:24.926,1.48659,1.48678,2.25,2.62
2017.09.20 16:16:25.560,1.4866,1.48675,1.00,1.25
2017.09.20 16:16:25.916,1.48663,1.48678,1.00,1.44
2017.09.20 16:16:25.969,1.48661,1.48678,1.81,1.25
2017.09.20 16:16:26.072,1.48661,1.4868,1.19,1.69
2017.09.20 16:16:26.125,1.4866,1.48679,3.19,1.69
2017.09.20 16:16:26.279,1.4866,1.4868,3.00,1.69
2017.09.20 16:16:26.817,1.48661,1.4868,1.19,1.69
2017.09.20 16:16:27.455,1.48662,1.48679,1.69,1.19
2017.09.20 16:16:27.959,1.48662,1.4868,1.69,1.19
2017.09.20 16:16:28.069,1.48664,1.4868,1.50,1.25
2017.09.20 16:16:28.580,1.48664,1.48679,1.00,1.25
2017.09.20 16:16:29.203,1.48665,1.4868,1.00,1.50
2017.09.20 16:16:29.826,1.48665,1.48681,1.00,1.25
2017.09.20 16:16:30.140,1.48668,1.48682,1.00,1.50
2017.09.20 16:16:30.601,1.4867,1.48683,1.00,1.69
2017.09.20 16:16:31.158,1.4867,1.48683,1.00,1.19
2017.09.20 16:16:31.970,1.4867,1.48684,1.00,1.19
2017.09.20 16:16:32.629,1.4867,1.48686,1.00,3.19
2017.09.20 16:16:33.164,1.4867,1.48686,1.00,3.37
2017.09.20 16:16:34.297,1.4867,1.48685,1.00,1.44
2017.09.20 16:16:35.281,1.4867,1.48686,1.00,1.44
2017.09.20 16:16:35.805,1.4867,1.48685,1.00,1.44
2017.09.20 16:16:36.067,1.48665,1.48679,1.50,1.00
2017.09.20 16:16:36.426,1.48664,1.48679,1.00,1.81
2017.09.20 16:16:36.478,1.48662,1.48678,1.50,1.87
2017.09.20 16:16:37.028,1.48661,1.48679,1.50,1.62
2017.09.20 16:16:37.286,1.48662,1.48679,1.00,1.69
2017.09.20 16:16:37.492,1.48661,1.4868,1.50,5.00
2017.09.20 16:16:37.544,1.48661,1.4868,1.00,3.75
2017.09.20 16:16:38.055,1.48661,1.48679,1.50,1.50
2017.09.20 16:16:38.538,1.48662,1.48679,1.00,1.13
2017.09.20 16:16:38.692,1.48661,1.48679,1.50,1.63
2017.09.20 16:16:38.854,1.48659,1.4868,2.62,3.69
2017.09.20 16:16:39.393,1.4866,1.48679,1.00,2.44
2017.09.20 16:16:39.738,1.48666,1.48681,1.00,1.81
2017.09.20 16:16:39.841,1.48669,1.48684,1.00,1.19
2017.09.20 16:16:40.148,1.48668,1.48686,1.50,2.62
2017.09.20 16:16:40.353,1.48669,1.48687,1.00,1.13
2017.09.20 16:16:40.661,1.48668,1.48688,1.00,3.75
2017.09.20 16:16:40.764,1.48669,1.48687,1.00,2.00
2017.09.20 16:16:41.277,1.48668,1.48686,1.50,2.63
2017.09.20 16:16:41.584,1.48664,1.48685,1.25,1.50
2017.09.20 16:16:41.691,1.48665,1.48682,1.00,1.00
2017.09.20 16:16:41.799,1.48658,1.48679,1.25,2.56
2017.09.20 16:16:42.312,1.48659,1.48679,1.00,1.37
2017.09.20 16:16:43.230,1.4866,1.48679,1.00,2.75
2017.09.20 16:16:43.564,1.48662,1.48679,1.00,2.19
2017.09.20 16:16:44.195,1.48662,1.48679,1.00,1.06
2017.09.20 16:16:44.716,1.48663,1.48677,1.00,1.25
2017.09.20 16:16:44.770,1.48661,1.48677,1.00,1.12
2017.09.20 16:16:46.277,1.48661,1.48676,1.00,1.12
2017.09.20 16:16:46.328,1.48662,1.48679,1.31,1.25
2017.09.20 16:16:46.380,1.48664,1.48679,3.19,1.00
2017.09.20 16:16:46.433,1.48667,1.48684,1.00,2.75
2017.09.20 16:16:46.485,1.48666,1.48682,1.00,1.44
2017.09.20 16:16:46.639,1.48664,1.48681,1.50,1.19
2017.09.20 16:16:46.741,1.48666,1.48681,1.00,1.19
2017.09.20 16:16:46.951,1.48662,1.4868,1.00,1.38
2017.09.20 16:16:47.521,1.48662,1.48679,1.00,1.50
2017.09.20 16:16:47.866,1.48663,1.48679,1.00,1.12
2017.09.20 16:16:48.903,1.48663,1.48681,1.00,3.37
2017.09.20 16:16:49.411,1.48663,1.48681,1.00,2.44
2017.09.20 16:16:50.054,1.48663,1.48681,1.00,1.62
2017.09.20 16:16:50.158,1.48666,1.4868,1.00,1.25
2017.09.20 16:16:50.574,1.48667,1.48685,1.00,3.56
2017.09.20 16:16:51.036,1.48667,1.48682,1.00,1.31
2017.09.20 16:16:51.190,1.48664,1.48683,1.00,2.25
2017.09.20 16:16:51.546,1.48664,1.48682,1.50,1.81
2017.09.20 16:16:51.853,1.48666,1.48683,1.00,1.19
2017.09.20 16:16:53.370,1.48665,1.48683,1.50,2.25
2017.09.20 16:16:53.908,1.48665,1.48683,2.25,2.19
2017.09.20 16:16:54.257,1.48669,1.48683,1.00,1.44
2017.09.20 16:16:54.802,1.48669,1.48682,1.00,1.19
2017.09.20 16:16:55.334,1.48669,1.48683,1.00,1.44
2017.09.20 16:16:56.306,1.48669,1.48682,1.00,1.19
2017.09.20 16:16:56.357,1.48667,1.48682,1.00,1.19
2017.09.20 16:16:57.441,1.48667,1.48683,1.00,1.44
2017.09.20 16:16:58.258,1.48667,1.48682,1.00,1.19
2017.09.20 16:16:58.942,1.48667,1.48683,1.00,1.44
2017.09.20 16:16:59.452,1.48667,1.48682,1.00,1.19
2017.09.20 16:17:00.046,1.48667,1.48683,1.00,1.44
2017.09.20 16:17:00.850,1.48667,1.48682,1.00,1.19
2017.09.20 16:17:01.458,1.48667,1.48683,1.00,1.44
2017.09.20 16:17:02.233,1.48667,1.48682,1.00,1.19
2017.09.20 16:17:07.204,1.48665,1.48682,1.00,1.31
2017.09.20 16:17:07.256,1.48664,1.48682,1.00,1.62
2017.09.20 16:17:07.486,1.48665,1.48681,1.00,1.00
2017.09.20 16:17:08.019,1.48664,1.48681,1.00,1.00
2017.09.20 16:17:08.524,1.48665,1.48681,1.00,1.44
2017.09.20 16:17:08.626,1.48662,1.48679,1.00,2.38
2017.09.20 16:17:08.877,1.48659,1.48676,1.00,1.25
2017.09.20 16:17:09.034,1.48661,1.48676,1.00,1.69
2017.09.20 16:17:09.088,1.48658,1.48674,1.00,1.25
2017.09.20 16:17:09.602,1.48658,1.48675,1.00,1.00
2017.09.20 16:17:10.145,1.48658,1.48674,1.00,1.00
2017.09.20 16:17:10.672,1.48658,1.48675,1.00,1.87
2017.09.20 16:17:11.333,1.48658,1.48675,1.00,1.87
2017.09.20 16:17:12.055,1.48658,1.48675,1.00,1.87
2017.09.20 16:17:12.472,1.48659,1.48678,1.00,2.25
2017.09.20 16:17:12.999,1.4866,1.48678,1.00,4.31
2017.09.20 16:17:14.258,1.4866,1.48677,1.00,1.44
2017.09.20 16:17:14.429,1.48661,1.48676,1.00,1.19
2017.09.20 16:17:14.481,1.48659,1.48676,1.00,1.44
2017.09.20 16:17:14.991,1.48659,1.48678,1.00,1.81
2017.09.20 16:17:15.533,1.48659,1.48677,1.00,1.37
2017.09.20 16:17:15.913,1.48661,1.48679,1.69,1.31
2017.09.20 16:17:15.965,1.48663,1.4868,1.50,1.87
2017.09.20 16:17:16.275,1.48667,1.48682,1.00,1.94
2017.09.20 16:17:16.828,1.48667,1.48683,1.00,2.25
2017.09.20 16:17:17.346,1.48667,1.48682,1.00,1.44
2017.09.20 16:17:17.868,1.48667,1.48682,1.00,1.69
2017.09.20 16:17:18.174,1.48669,1.48684,1.00,1.31
2017.09.20 16:17:19.039,1.48669,1.48685,1.00,3.19
2017.09.20 16:17:19.648,1.48668,1.48685,1.00,3.94
2017.09.20 16:17:21.350,1.48668,1.48684,1.00,2.06
2017.09.20 16:17:21.821,1.4867,1.48685,1.00,2.81
2017.09.20 16:17:25.120,1.4867,1.48684,1.00,1.31
2017.09.20 16:17:26.306,1.4867,1.48686,1.00,3.00
2017.09.20 16:17:26.849,1.48669,1.48685,1.00,1.12
2017.09.20 16:17:27.391,1.48669,1.48686,1.00,3.50
2017.09.20 16:17:28.027,1.48669,1.48687,1.00,2.81
2017.09.20 16:17:28.385,1.48672,1.48687,1.00,3.31
2017.09.20 16:17:28.763,1.4867,1.48687,1.00,3.00
2017.09.20 16:17:29.172,1.48672,1.48686,1.00,1.37
2017.09.20 16:17:29.525,1.4867,1.48687,1.00,1.69
2017.09.20 16:17:30.769,1.4867,1.48686,1.00,1.37
2017.09.20 16:17:31.031,1.4867,1.48687,1.00,1.31
2017.09.20 16:17:31.578,1.48672,1.48688,1.00,2.06
2017.09.20 16:17:32.194,1.4867,1.48687,1.00,1.69
2017.09.20 16:17:32.450,1.48672,1.48687,1.00,1.31
2017.09.20 16:17:33.279,1.48672,1.48687,1.00,2.44
2017.09.20 16:17:33.534,1.48671,1.48687,1.00,1.31
2017.09.20 16:17:33.637,1.48671,1.48687,1.00,2.44
2017.09.20 16:17:34.154,1.4867,1.48687,1.00,2.62
2017.09.20 16:17:34.668,1.48669,1.48685,1.00,1.44
2017.09.20 16:17:35.526,1.4867,1.48686,1.00,1.62
2017.09.20 16:17:36.039,1.4867,1.48686,1.00,1.50
2017.09.20 16:17:37.028,1.4867,1.48687,1.00,1.81
2017.09.20 16:17:38.177,1.4867,1.48686,1.00,1.50
2017.09.20 16:17:38.679,1.4867,1.48687,1.00,1.44
2017.09.20 16:17:38.988,1.48669,1.48684,1.00,1.44
2017.09.20 16:17:43.478,1.4867,1.48686,1.00,2.44
2017.09.20 16:17:46.116,1.48669,1.48686,1.00,1.69
2017.09.20 16:17:46.478,1.4867,1.48686,1.00,1.62
2017.09.20 16:17:46.580,1.4867,1.48688,1.00,2.56
2017.09.20 16:17:46.841,1.48673,1.48685,1.00,1.25
2017.09.20 16:17:47.425,1.48673,1.48687,1.00,1.31
2017.09.20 16:17:47.935,1.48671,1.48687,1.00,1.69
2017.09.20 16:17:48.470,1.48671,1.48687,1.00,1.56
2017.09.20 16:17:48.983,1.48671,1.48687,1.00,1.69
2017.09.20 16:17:49.395,1.48669,1.48687,1.00,2.62
2017.09.20 16:17:49.953,1.48668,1.48687,1.00,2.75
2017.09.20 16:17:50.760,1.48666,1.48682,1.00,1.50
2017.09.20 16:17:51.602,1.48666,1.48683,1.00,3.00
2017.09.20 16:17:52.121,1.48666,1.48682,1.00,1.50
2017.09.20 16:17:52.739,1.48666,1.48683,1.00,2.25
2017.09.20 16:17:53.329,1.48667,1.48681,1.00,2.06
2017.09.20 16:17:53.383,1.48665,1.48681,1.00,2.25
2017.09.20 16:17:53.834,1.48665,1.48679,1.00,1.00
2017.09.20 16:17:54.396,1.48665,1.48681,1.00,1.50
2017.09.20 16:17:55.034,1.48664,1.48681,1.00,1.50
2017.09.20 16:17:56.142,1.48666,1.48681,1.00,1.31
2017.09.20 16:17:56.847,1.48665,1.48682,1.00,1.69
2017.09.20 16:17:57.614,1.48666,1.48682,1.00,2.19
2017.09.20 16:17:57.922,1.48668,1.48685,1.00,1.19
2017.09.20 16:17:58.061,1.48668,1.48686,1.00,1.69
2017.09.20 16:17:58.266,1.4867,1.48686,1.00,1.62
2017.09.20 16:17:58.777,1.48669,1.48687,1.00,2.44
2017.09.20 16:17:59.135,1.48669,1.48687,1.00,3.37
2017.09.20 16:17:59.614,1.48667,1.48686,1.00,2.56
2017.09.20 16:18:00.259,1.48665,1.48682,1.50,1.25
2017.09.20 16:18:00.362,1.48664,1.48679,1.00,1.00
2017.09.20 16:18:00.671,1.48663,1.48677,1.00,1.00
2017.09.20 16:18:01.119,1.48664,1.48682,1.00,1.69
2017.09.20 16:18:01.171,1.48666,1.48682,1.00,3.00
2017.09.20 16:18:01.630,1.48668,1.48682,1.00,1.12
2017.09.20 16:18:02.122,1.48666,1.48682,1.00,1.25
2017.09.20 16:18:02.911,1.48668,1.48683,1.00,1.19
2017.09.20 16:18:03.220,1.48667,1.48684,1.00,1.12
2017.09.20 16:18:03.806,1.48666,1.48684,1.00,1.31
2017.09.20 16:18:03.858,1.48668,1.48684,1.00,1.31
2017.09.20 16:18:04.366,1.48668,1.48684,1.00,1.87
2017.09.20 16:18:04.891,1.48668,1.48683,1.00,1.00
2017.09.20 16:18:05.304,1.48665,1.48676,1.69,1.00
2017.09.20 16:18:05.561,1.48667,1.48684,1.00,1.50
2017.09.20 16:18:06.038,1.48668,1.48682,1.00,1.00
2017.09.20 16:18:06.345,1.48666,1.48682,1.00,1.00
2017.09.20 16:18:06.867,1.48667,1.48682,1.00,1.00
2017.09.20 16:18:07.071,1.48665,1.48682,1.50,1.00
2017.09.20 16:18:07.607,1.48665,1.48683,1.50,2.44
2017.09.20 16:18:08.394,1.48665,1.48682,1.69,1.00
2017.09.20 16:18:08.909,1.48666,1.48682,1.00,1.00
2017.09.20 16:18:09.014,1.48671,1.48685,1.25,1.69
2017.09.20 16:18:09.271,1.48675,1.48692,1.00,1.31
2017.09.20 16:18:09.629,1.48675,1.48693,1.00,1.00
2017.09.20 16:18:10.189,1.48676,1.48694,1.00,1.25
2017.09.20 16:18:10.695,1.48676,1.48694,1.00,2.25
2017.09.20 16:18:11.227,1.48676,1.48695,1.00,3.56
2017.09.20 16:18:11.332,1.48673,1.48693,1.31,1.31
2017.09.20 16:18:11.383,1.48672,1.48691,2.44,1.00
2017.09.20 16:18:11.966,1.48672,1.48692,1.50,1.12
2017.09.20 16:18:12.813,1.48673,1.48692,1.00,1.12
2017.09.20 16:18:12.866,1.48674,1.48693,1.50,1.44
2017.09.20 16:18:12.918,1.48674,1.48694,1.00,1.19
2017.09.20 16:18:13.225,1.48674,1.48693,1.00,1.50
2017.09.20 16:18:13.772,1.48675,1.48695,1.00,3.56
2017.09.20 16:18:14.518,1.48675,1.48694,1.00,1.50
2017.09.20 16:18:15.096,1.48675,1.48695,1.00,2.44
2017.09.20 16:18:16.349,1.48675,1.48694,1.00,1.37
2017.09.20 16:18:16.861,1.48674,1.48694,1.00,1.44
2017.09.20 16:18:19.289,1.48674,1.48694,1.00,1.94
2017.09.20 16:18:19.444,1.48672,1.48693,3.00,1.06
2017.09.20 16:18:19.495,1.48672,1.48694,2.81,3.56
2017.09.20 16:18:19.699,1.48673,1.48693,1.00,1.12
2017.09.20 16:18:20.436,1.48672,1.48693,1.69,1.50
2017.09.20 16:18:20.938,1.48673,1.48693,1.00,2.25
2017.09.20 16:18:21.459,1.48672,1.48691,1.25,1.19
2017.09.20 16:18:22.874,1.48673,1.4869,1.00,1.44
2017.09.20 16:18:22.927,1.4867,1.48689,1.00,3.69
2017.09.20 16:18:22.979,1.48668,1.48687,1.50,2.81
2017.09.20 16:18:23.031,1.48669,1.48683,1.00,1.00
2017.09.20 16:18:23.342,1.48669,1.48687,1.00,1.75
2017.09.20 16:18:23.394,1.48671,1.48687,1.50,1.25
2017.09.20 16:18:23.599,1.48673,1.48691,1.00,1.19
2017.09.20 16:18:24.187,1.48674,1.4869,1.00,1.19
2017.09.20 16:18:24.768,1.48673,1.48692,1.00,3.22
2017.09.20 16:18:25.290,1.48674,1.4869,1.00,1.31
2017.09.20 16:18:25.342,1.48672,1.4869,1.25,1.31
2017.09.20 16:18:25.697,1.48672,1.4869,1.25,2.19
2017.09.20 16:18:27.073,1.48672,1.48692,1.69,2.56
2017.09.20 16:18:27.471,1.48672,1.4869,1.00,1.94
2017.09.20 16:18:28.015,1.48672,1.4869,1.00,2.19
2017.09.20 16:18:28.546,1.48672,1.48691,1.00,2.19
2017.09.20 16:18:29.250,1.48672,1.4869,1.69,1.69
2017.09.20 16:18:29.782,1.48672,1.4869,1.69,1.69
2017.09.20 16:18:30.517,1.48672,1.4869,1.69,1.69
2017.09.20 16:18:30.898,1.48673,1.48692,1.00,1.81
2017.09.20 16:18:32.534,1.48673,1.48693,1.50,1.62
2017.09.20 16:18:33.051,1.48672,1.48692,1.50,1.44
2017.09.20 16:18:34.296,1.48672,1.48692,1.50,1.94
2017.09.20 16:18:34.821,1.48671,1.48691,1.50,1.31
2017.09.20 16:18:35.572,1.48671,1.4869,1.50,1.63
2017.09.20 16:18:36.090,1.48672,1.48691,1.00,1.81
2017.09.20 16:18:36.603,1.48672,1.48691,1.50,1.87
2017.09.20 16:18:37.289,1.48673,1.48691,1.00,1.44
2017.09.20 16:18:37.825,1.48672,1.48691,1.50,2.38
2017.09.20 16:18:38.384,1.48672,1.4869,1.00,1.44
2017.09.20 16:18:38.916,1.48673,1.48691,1.00,1.87
2017.09.20 16:18:38.967,1.48673,1.48691,1.00,1.94
2017.09.20 16:18:39.476,1.48673,1.48691,1.00,1.94
2017.09.20 16:18:39.979,1.48672,1.4869,1.00,1.17
2017.09.20 16:18:40.527,1.48672,1.4869,1.25,1.81
2017.09.20 16:18:41.454,1.48671,1.48688,1.69,1.00
2017.09.20 16:18:41.977,1.48672,1.48688,1.00,1.00
2017.09.20 16:18:42.996,1.48672,1.48689,1.00,1.00
2017.09.20 16:18:43.511,1.48672,1.48688,1.00,1.00
2017.09.20 16:18:44.099,1.48671,1.48688,1.50,1.00
2017.09.20 16:18:44.354,1.48671,1.4869,1.50,1.12
2017.09.20 16:18:44.902,1.48672,1.4869,1.00,1.44
2017.09.20 16:18:45.445,1.48672,1.4869,1.00,1.25
2017.09.20 16:18:45.702,1.48671,1.48688,1.50,1.50
2017.09.20 16:18:46.111,1.48669,1.48686,1.31,1.63
2017.09.20 16:18:46.626,1.48669,1.48684,1.00,1.25
2017.09.20 16:18:47.865,1.48666,1.48684,1.69,1.00
2017.09.20 16:18:48.173,1.48662,1.4868,1.69,1.00
2017.09.20 16:18:48.535,1.48662,1.48678,1.69,1.00
2017.09.20 16:18:49.048,1.48663,1.48679,1.19,1.50
2017.09.20 16:18:49.579,1.48663,1.48679,1.00,1.00
2017.09.20 16:18:49.887,1.48662,1.48677,1.00,1.00
2017.09.20 16:18:51.429,1.48663,1.48677,1.00,1.00
2017.09.20 16:18:51.684,1.48663,1.48679,1.00,1.25
2017.09.20 16:18:52.240,1.48662,1.48679,1.50,1.00
2017.09.20 16:18:52.788,1.48663,1.48679,1.00,1.00
2017.09.20 16:18:53.301,1.48662,1.48678,1.50,1.00
2017.09.20 16:18:56.431,1.48663,1.48678,1.00,1.00
2017.09.20 16:18:56.940,1.48662,1.48678,1.00,1.25
2017.09.20 16:18:57.537,1.48662,1.48678,1.50,1.50
2017.09.20 16:18:58.072,1.48663,1.48678,1.00,1.25
2017.09.20 16:18:58.622,1.48663,1.48678,1.00,1.50
2017.09.20 16:18:59.352,1.48663,1.48678,1.00,1.25
2017.09.20 16:19:00.778,1.48662,1.48678,1.50,1.00
2017.09.20 16:19:01.306,1.48661,1.48677,2.06,1.00
2017.09.20 16:19:02.424,1.48662,1.48677,1.00,1.00
2017.09.20 16:19:02.947,1.48661,1.48677,2.06,1.00
2017.09.20 16:19:03.566,1.48662,1.48677,1.00,1.00
2017.09.20 16:19:05.706,1.48661,1.48677,2.06,1.00
2017.09.20 16:19:06.239,1.48662,1.48677,1.00,1.00
2017.09.20 16:19:06.880,1.48662,1.48677,1.19,1.00
2017.09.20 16:19:09.960,1.48662,1.48676,1.19,1.00
2017.09.20 16:19:10.013,1.48666,1.4868,1.00,1.25
2017.09.20 16:19:10.129,1.4867,1.4868,1.00,1.00
2017.09.20 16:19:10.180,1.48669,1.48684,1.50,1.25
2017.09.20 16:19:10.284,1.48666,1.4868,2.44,1.00
2017.09.20 16:19:10.489,1.48665,1.4868,1.69,1.00
2017.09.20 16:19:11.013,1.48666,1.4868,1.00,1.00
2017.09.20 16:19:11.575,1.48666,1.48679,1.50,1.00
2017.09.20 16:19:12.488,1.48666,1.48678,1.00,1.00
2017.09.20 16:19:14.524,1.48665,1.48678,1.69,1.00
2017.09.20 16:19:15.278,1.48666,1.48678,1.50,1.00
2017.09.20 16:19:15.798,1.48665,1.48678,1.69,1.00
2017.09.20 16:19:16.121,1.48663,1.48676,2.25,1.00
2017.09.20 16:19:16.635,1.48664,1.48677,1.25,1.00
2017.09.20 16:19:17.331,1.48665,1.48677,1.00,1.00
2017.09.20 16:19:17.918,1.48664,1.48677,1.25,1.00
2017.09.20 16:19:19.324,1.48665,1.48679,1.00,1.00
2017.09.20 16:19:19.980,1.48664,1.48679,1.69,1.00
2017.09.20 16:19:20.687,1.48665,1.48679,1.00,1.00
2017.09.20 16:19:20.985,1.48665,1.48676,1.00,1.00
2017.09.20 16:19:22.674,1.48664,1.48676,1.25,1.00
2017.09.20 16:19:23.006,1.48666,1.48678,1.00,1.00
2017.09.20 16:19:24.115,1.48666,1.48677,1.00,1.00
2017.09.20 16:19:24.632,1.48665,1.48677,1.00,1.00
2017.09.20 16:19:25.746,1.48666,1.48677,1.00,1.00
2017.09.20 16:19:26.255,1.48665,1.48677,1.00,1.00
2017.09.20 16:19:26.472,1.48665,1.48679,1.00,1.00
2017.09.20 16:19:27.293,1.48666,1.48679,1.00,1.00
2017.09.20 16:19:27.798,1.48665,1.48679,1.00,1.00
2017.09.20 16:19:28.299,1.48666,1.48679,1.00,1.00
2017.09.20 16:19:28.807,1.48665,1.48679,1.00,1.00
2017.09.20 16:19:29.974,1.48666,1.48679,1.00,1.00
2017.09.20 16:19:30.078,1.48668,1.48681,1.00,1.00
2017.09.20 16:19:30.283,1.48666,1.48681,1.50,1.00
2017.09.20 16:19:30.897,1.48667,1.48681,1.00,1.00
2017.09.20 16:19:31.576,1.48666,1.48681,1.50,1.00
2017.09.20 16:19:32.152,1.48666,1.48682,1.50,1.00
2017.09.20 16:19:32.719,1.48667,1.48681,1.00,1.00
2017.09.20 16:19:33.246,1.48667,1.48682,1.00,1.00
2017.09.20 16:19:33.783,1.48667,1.48684,1.31,1.50
2017.09.20 16:19:34.761,1.48667,1.48684,1.25,1.37
2017.09.20 16:19:36.313,1.48667,1.48684,2.25,1.37
2017.09.20 16:19:36.850,1.48667,1.48684,1.12,1.37
2017.09.20 16:19:38.289,1.48667,1.48684,1.12,1.50
2017.09.20 16:19:38.525,1.48668,1.48683,1.12,1.00
2017.09.20 16:19:38.577,1.48671,1.48684,1.00,1.00
2017.09.20 16:19:38.629,1.48671,1.48686,1.00,1.00
2017.09.20 16:19:39.143,1.4867,1.48685,1.00,1.00
2017.09.20 16:19:40.004,1.48671,1.48685,1.00,1.00
2017.09.20 16:19:40.412,1.48673,1.48686,1.00,1.00
2017.09.20 16:19:40.953,1.48673,1.48687,1.00,1.00
2017.09.20 16:19:42.219,1.48672,1.48687,1.25,1.00
2017.09.20 16:19:42.720,1.48673,1.48686,1.00,1.00
2017.09.20 16:19:44.161,1.48675,1.48686,1.50,1.00
2017.09.20 16:19:44.387,1.48677,1.48693,1.25,1.00
2017.09.20 16:19:44.439,1.48678,1.48691,1.00,1.00
2017.09.20 16:19:45.235,1.48677,1.48691,1.69,1.00
2017.09.20 16:19:45.593,1.48676,1.4869,1.19,1.50
2017.09.20 16:19:46.045,1.48673,1.4869,3.19,1.00
2017.09.20 16:19:47.134,1.48673,1.4869,2.44,1.50
2017.09.20 16:19:47.641,1.48675,1.4869,1.19,1.25
2017.09.20 16:19:50.429,1.48675,1.48688,1.19,1.00
2017.09.20 16:19:51.816,1.48675,1.48689,1.19,1.00
2017.09.20 16:19:54.656,1.48675,1.48688,1.19,1.00
2017.09.20 16:19:54.947,1.48675,1.48688,1.25,1.00
2017.09.20 16:19:55.556,1.48676,1.48688,1.00,1.00
2017.09.20 16:19:55.608,1.48676,1.4869,1.00,1.00
2017.09.20 16:19:56.043,1.48676,1.48688,1.00,1.00
2017.09.20 16:19:56.560,1.48675,1.48688,1.25,1.25
2017.09.20 16:19:56.947,1.48675,1.4869,1.19,1.50
2017.09.20 16:19:57.706,1.48676,1.4869,1.19,1.50
2017.09.20 16:19:58.410,1.48676,1.48688,1.19,1.00
2017.09.20 16:19:59.081,1.48672,1.48688,2.06,3.13
2017.09.20 16:19:59.133,1.48671,1.48686,1.37,1.44
2017.09.20 16:19:59.441,1.48665,1.48682,1.50,1.00
2017.09.20 16:19:59.492,1.48665,1.48682,1.50,1.00
2017.09.20 16:20:00.024,1.48667,1.48683,1.25,2.00
2017.09.20 16:20:00.126,1.48669,1.48683,1.50,1.00
2017.09.20 16:20:00.178,1.4867,1.48686,1.50,2.00
2017.09.20 16:20:00.839,1.48669,1.48687,1.25,1.87
2017.09.20 16:20:00.891,1.48669,1.48685,1.00,1.12
2017.09.20 16:20:01.198,1.48669,1.48686,2.44,1.50
2017.09.20 16:20:01.251,1.48669,1.48685,1.00,1.81
2017.09.20 16:20:01.355,1.48667,1.48685,1.69,1.44
2017.09.20 16:20:01.883,1.48668,1.48685,1.00,1.63
2017.09.20 16:20:02.227,1.48671,1.48686,1.00,1.50
2017.09.20 16:20:02.558,1.48672,1.48686,1.00,1.00
2017.09.20 16:20:03.070,1.4867,1.48687,1.19,1.00
2017.09.20 16:20:03.475,1.4867,1.48686,1.69,1.63
2017.09.20 16:20:03.782,1.4867,1.48682,1.50,1.00
2017.09.20 16:20:04.618,1.48669,1.48682,1.87,1.00
2017.09.20 16:20:04.925,1.48667,1.4868,1.62,1.00
2017.09.20 16:20:04.976,1.48667,1.4868,1.25,1.00
2017.09.20 16:20:05.600,1.48667,1.48678,1.69,1.00
2017.09.20 16:20:06.113,1.48669,1.48678,1.00,1.00
2017.09.20 16:20:07.117,1.48669,1.48677,1.00,1.00
2017.09.20 16:20:07.405,1.48667,1.48677,1.69,1.00
2017.09.20 16:20:07.743,1.48667,1.48679,1.25,1.00
2017.09.20 16:20:08.993,1.48667,1.48678,1.25,1.00
2017.09.20 16:20:09.277,1.48663,1.48676,2.44,1.50
2017.09.20 16:20:09.483,1.48665,1.48677,1.19,1.00
2017.09.20 16:20:10.163,1.48665,1.48678,1.69,1.00
2017.09.20 16:20:10.215,1.48668,1.48679,1.00,1.00
2017.09.20 16:20:10.807,1.48669,1.4868,1.00,1.00
2017.09.20 16:20:11.354,1.48668,1.48679,1.50,1.00
2017.09.20 16:20:11.406,1.48668,1.48681,1.50,1.00
2017.09.20 16:20:11.458,1.48669,1.48679,1.00,1.00
2017.09.20 16:20:11.637,1.48669,1.48681,1.00,1.00
2017.09.20 16:20:11.689,1.48669,1.48679,1.00,1.00
2017.09.20 16:20:12.153,1.48667,1.48679,1.00,1.00
2017.09.20 16:20:12.494,1.48663,1.48677,1.25,1.00
2017.09.20 16:20:12.649,1.48667,1.48679,1.00,1.00
2017.09.20 16:20:12.703,1.48667,1.48682,1.00,1.25
2017.09.20 16:20:13.118,1.48665,1.48682,1.69,1.50
2017.09.20 16:20:13.622,1.48665,1.48681,2.62,1.00
2017.09.20 16:20:14.045,1.48665,1.4868,2.44,1.50
2017.09.20 16:20:14.404,1.48668,1.4868,1.00,1.00
2017.09.20 16:20:15.126,1.48668,1.48681,1.00,1.00
2017.09.20 16:20:15.692,1.48668,1.4868,1.19,1.00
2017.09.20 16:20:16.003,1.48671,1.48681,1.00,1.00
2017.09.20 16:20:16.155,1.48669,1.48682,1.69,1.00
2017.09.20 16:20:16.361,1.48667,1.4868,1.00,1.50
2017.09.20 16:20:16.937,1.48665,1.4868,1.19,1.50
2017.09.20 16:20:17.444,1.48665,1.48679,1.19,1.50
2017.09.20 16:20:17.982,1.48665,1.48678,1.19,1.50
2017.09.20 16:20:18.491,1.48665,1.48678,1.19,1.25
2017.09.20 16:20:18.852,1.48664,1.48678,1.69,1.50
2017.09.20 16:20:19.386,1.48665,1.48678,1.19,1.50
2017.09.20 16:20:20.110,1.48665,1.48678,1.19,1.50
2017.09.20 16:20:20.661,1.48665,1.48678,1.19,1.50
2017.09.20 16:20:21.165,1.48665,1.48678,1.19,1.50
2017.09.20 16:20:21.473,1.48664,1.48678,1.69,1.50
2017.09.20 16:20:21.834,1.48665,1.48678,1.19,1.50
2017.09.20 16:20:22.352,1.48664,1.48678,1.19,1.50
2017.09.20 16:20:22.903,1.48665,1.48678,1.19,1.50
2017.09.20 16:20:23.457,1.48665,1.48678,1.19,1.00
2017.09.20 16:20:26.471,1.48666,1.48679,1.25,1.25
2017.09.20 16:20:26.922,1.48666,1.48679,1.19,1.25
2017.09.20 16:20:28.094,1.48666,1.48683,1.19,2.00
2017.09.20 16:20:28.715,1.48667,1.48683,1.19,1.81
2017.09.20 16:20:29.287,1.48666,1.48682,1.19,1.50
2017.09.20 16:20:29.846,1.48666,1.48682,1.19,1.25
2017.09.20 16:20:30.369,1.48667,1.48684,1.19,1.94
2017.09.20 16:20:30.898,1.48667,1.48685,1.44,3.69
2017.09.20 16:20:31.772,1.48667,1.48684,1.19,2.38
2017.09.20 16:20:32.324,1.48667,1.48684,1.19,2.38
2017.09.20 16:20:32.866,1.48666,1.48684,1.19,1.44
2017.09.20 16:20:33.330,1.48666,1.48686,2.81,2.00
2017.09.20 16:20:33.836,1.48667,1.48685,1.44,1.25
2017.09.20 16:20:33.989,1.48667,1.48685,1.44,1.44
2017.09.20 16:20:34.673,1.48667,1.48687,2.06,3.88
2017.09.20 16:20:35.673,1.48667,1.48687,1.44,3.13
2017.09.20 16:20:36.006,1.48669,1.48687,1.19,1.69
2017.09.20 16:20:36.109,1.48669,1.48687,1.25,1.50
2017.09.20 16:20:36.575,1.48669,1.48687,1.25,1.87
2017.09.20 16:20:36.677,1.48668,1.48687,1.19,1.12
2017.09.20 16:20:36.985,1.48667,1.48687,1.44,1.63
2017.09.20 16:20:37.496,1.48667,1.48685,1.19,1.25
2017.09.20 16:20:38.026,1.48667,1.48684,1.19,1.00
2017.09.20 16:20:38.569,1.48667,1.48685,1.19,1.00
2017.09.20 16:20:41.143,1.48667,1.48684,1.19,1.38
2017.09.20 16:20:41.735,1.48666,1.48686,3.00,1.50
2017.09.20 16:20:41.787,1.48666,1.48686,3.56,1.00
2017.09.20 16:20:41.838,1.48666,1.48685,2.81,1.00
2017.09.20 16:20:42.372,1.48667,1.48686,1.19,1.81
2017.09.20 16:20:43.627,1.48666,1.48687,2.62,2.56
2017.09.20 16:20:44.544,1.48666,1.48687,1.87,2.56
2017.09.20 16:20:45.713,1.48666,1.48687,2.62,2.56
2017.09.20 16:20:46.607,1.48666,1.48686,2.06,1.81
2017.09.20 16:20:47.371,1.48666,1.48685,2.06,1.63
2017.09.20 16:20:47.627,1.48667,1.48685,1.19,1.50
2017.09.20 16:20:48.489,1.48667,1.48685,1.44,1.25
2017.09.20 16:20:48.749,1.48667,1.48685,1.19,1.63
2017.09.20 16:20:49.310,1.48667,1.48685,1.19,1.75
2017.09.20 16:20:49.843,1.48666,1.48684,1.87,2.19
2017.09.20 16:20:50.346,1.48666,1.48685,1.44,2.38
2017.09.20 16:20:50.883,1.48665,1.48685,1.87,1.75
2017.09.20 16:20:51.497,1.48665,1.48685,1.19,1.75
2017.09.20 16:20:52.196,1.48665,1.48686,2.81,3.13
2017.09.20 16:20:52.723,1.48665,1.48686,2.81,3.13
2017.09.20 16:20:53.294,1.48665,1.48686,2.81,3.88
2017.09.20 16:20:54.165,1.48666,1.48686,1.88,4.25
2017.09.20 16:20:54.757,1.48666,1.48686,1.88,4.63
2017.09.20 16:20:55.288,1.48666,1.48686,1.87,4.63
2017.09.20 16:20:55.992,1.48666,1.48686,1.87,4.63
2017.09.20 16:20:56.501,1.48666,1.48685,1.31,1.06
2017.09.20 16:20:56.997,1.48666,1.48685,1.31,1.06
2017.09.20 16:20:57.514,1.48666,1.48685,1.44,1.06
2017.09.20 16:20:58.044,1.48665,1.48686,2.81,1.81
2017.09.20 16:20:58.716,1.48667,1.48686,1.19,1.63
2017.09.20 16:20:59.193,1.48667,1.48686,1.19,1.63
2017.09.20 16:20:59.700,1.48667,1.48686,1.19,1.63
2017.09.20 16:21:01.424,1.48668,1.48686,1.19,2.00
2017.09.20 16:21:01.936,1.48665,1.48686,1.37,4.12
2017.09.20 16:21:02.437,1.48666,1.48685,1.69,1.00
2017.09.20 16:21:02.539,1.48666,1.48683,1.19,1.00
2017.09.20 16:21:02.846,1.48668,1.48686,1.50,3.00
2017.09.20 16:21:03.050,1.48668,1.48688,1.87,1.25
2017.09.20 16:21:03.515,1.48671,1.48689,1.19,1.87
2017.09.20 16:21:03.567,1.48671,1.48689,1.87,1.44
2017.09.20 16:21:03.670,1.48671,1.4869,1.25,1.13
2017.09.20 16:21:04.212,1.48671,1.4869,1.69,2.44
2017.09.20 16:21:04.317,1.48675,1.4869,1.00,1.12
2017.09.20 16:21:04.827,1.48675,1.48691,1.00,1.00
2017.09.20 16:21:05.373,1.48674,1.48692,1.25,1.00
2017.09.20 16:21:05.907,1.48674,1.48693,1.25,1.25
2017.09.20 16:21:06.214,1.48672,1.4869,1.19,1.25
2017.09.20 16:21:06.521,1.48673,1.48692,1.69,1.31
2017.09.20 16:21:06.939,1.48674,1.48691,1.25,1.06
2017.09.20 16:21:07.476,1.48674,1.48691,1.25,1.06
2017.09.20 16:21:07.850,1.48671,1.48691,1.19,2.19
2017.09.20 16:21:08.272,1.48672,1.48691,1.25,1.75
2017.09.20 16:21:08.811,1.48672,1.48691,1.50,1.50
2017.09.20 16:21:09.230,1.48673,1.48693,1.19,2.60
2017.09.20 16:21:09.282,1.48673,1.48693,1.87,1.93
2017.09.20 16:21:10.162,1.48673,1.48692,2.62,1.06
2017.09.20 16:21:10.469,1.48675,1.48694,1.13,1.50
2017.09.20 16:21:10.520,1.48675,1.48694,1.25,2.00
2017.09.20 16:21:11.032,1.48675,1.48694,1.31,2.19
2017.09.20 16:21:11.441,1.48675,1.48695,1.25,4.44
2017.09.20 16:21:11.915,1.48675,1.48695,1.31,1.87
2017.09.20 16:21:12.017,1.48678,1.48696,1.88,1.87
2017.09.20 16:21:12.586,1.48678,1.48698,1.50,2.25
2017.09.20 16:21:12.638,1.48678,1.48698,2.81,3.50
2017.09.20 16:21:12.952,1.48678,1.48698,1.50,2.75
2017.09.20 16:21:13.378,1.48679,1.48698,1.00,3.13
2017.09.20 16:21:13.878,1.48676,1.48692,1.50,1.88
2017.09.20 16:21:13.981,1.48673,1.48689,1.19,1.25
2017.09.20 16:21:14.285,1.48669,1.48687,3.37,1.25
2017.09.20 16:21:14.494,1.48673,1.48689,1.69,1.00
2017.09.20 16:21:14.546,1.48672,1.48685,3.19,1.00
2017.09.20 16:21:14.752,1.48663,1.48678,2.06,1.00
2017.09.20 16:21:15.007,1.48659,1.48677,1.31,1.00
2017.09.20 16:21:15.110,1.48661,1.48675,1.19,1.00
2017.09.20 16:21:15.274,1.48659,1.48675,1.25,1.00
2017.09.20 16:21:15.580,1.48659,1.48676,1.19,1.00
2017.09.20 16:21:15.632,1.4866,1.48678,3.19,1.00
2017.09.20 16:21:15.838,1.48658,1.48676,2.25,1.00
2017.09.20 16:21:16.297,1.48658,1.48674,1.12,1.00
2017.09.20 16:21:16.834,1.48659,1.48674,1.25,1.00
2017.09.20 16:21:17.345,1.48657,1.48674,2.25,1.00
2017.09.20 16:21:17.894,1.48657,1.48674,2.06,1.00
2017.09.20 16:21:18.207,1.48655,1.48671,2.62,1.00
2017.09.20 16:21:19.963,1.48656,1.48671,1.44,1.00
2017.09.20 16:21:22.134,1.48655,1.48671,1.87,1.00
2017.09.20 16:21:23.773,1.48655,1.48671,1.25,1.00
2017.09.20 16:21:24.191,1.48656,1.48671,1.19,1.00
2017.09.20 16:21:24.598,1.48655,1.48671,1.25,1.00
2017.09.20 16:21:24.803,1.48656,1.48671,1.19,1.00
2017.09.20 16:21:25.058,1.48655,1.48671,1.12,1.00
2017.09.20 16:21:25.605,1.48655,1.48671,1.44,1.00
2017.09.20 16:21:26.183,1.48656,1.48671,1.19,1.00
2017.09.20 16:21:26.607,1.48655,1.48671,1.25,1.00
2017.09.20 16:21:26.857,1.48656,1.48671,1.31,1.00
2017.09.20 16:21:26.911,1.48655,1.4867,1.50,1.00
2017.09.20 16:21:26.963,1.48655,1.4867,1.88,1.00
2017.09.20 16:21:27.219,1.48655,1.48672,2.63,1.00
2017.09.20 16:21:27.726,1.48656,1.48672,1.12,1.00
2017.09.20 16:21:28.277,1.48657,1.48672,1.12,1.00
2017.09.20 16:21:28.379,1.48656,1.48674,1.62,1.00
2017.09.20 16:21:28.950,1.48657,1.48675,2.06,1.00
2017.09.20 16:21:29.327,1.48658,1.48675,1.63,1.00
2017.09.20 16:21:29.379,1.48659,1.48677,1.12,1.00
2017.09.20 16:21:29.831,1.48659,1.48677,1.94,1.00
2017.09.20 16:21:30.135,1.48657,1.48674,1.88,1.00
2017.09.20 16:21:30.288,1.48656,1.48674,2.38,1.00
2017.09.20 16:21:30.952,1.48656,1.48674,2.38,1.00
2017.09.20 16:21:31.493,1.48656,1.48674,2.38,1.00
2017.09.20 16:21:32.180,1.48657,1.48674,1.25,1.13
2017.09.20 16:21:32.283,1.48653,1.48673,5.00,1.00
2017.09.20 16:21:32.743,1.48654,1.4867,1.31,1.00
2017.09.20 16:21:33.155,1.48654,1.48672,2.75,1.00
2017.09.20 16:21:33.698,1.48654,1.48671,1.50,1.00
2017.09.20 16:21:34.107,1.48656,1.48672,1.31,1.00
2017.09.20 16:21:34.631,1.48655,1.48672,1.81,1.50
2017.09.20 16:21:34.984,1.48652,1.48668,1.00,1.00
2017.09.20 16:21:35.500,1.48651,1.48669,1.50,1.00
2017.09.20 16:21:35.893,1.48651,1.48669,1.63,1.00
2017.09.20 16:21:36.453,1.48652,1.48669,1.50,1.00
2017.09.20 16:21:36.811,1.48648,1.48665,1.82,1.00
2017.09.20 16:21:36.863,1.48648,1.48665,1.82,1.00
2017.09.20 16:21:37.815,1.48647,1.48665,3.13,1.00
2017.09.20 16:21:38.641,1.48648,1.48665,1.81,1.00
2017.09.20 16:21:38.846,1.48647,1.48665,4.06,1.00
2017.09.20 16:21:40.382,1.48648,1.48665,1.25,1.00
2017.09.20 16:21:40.892,1.48648,1.48665,1.50,1.00
2017.09.20 16:21:41.383,1.48648,1.48665,1.75,1.00
2017.09.20 16:21:41.487,1.4865,1.48668,1.07,2.25
2017.09.20 16:21:41.996,1.48649,1.48668,2.75,1.25
2017.09.20 16:21:43.411,1.48649,1.48668,2.00,1.44
2017.09.20 16:21:44.023,1.48649,1.48668,1.75,1.25
2017.09.20 16:21:44.746,1.48649,1.48668,1.75,1.25
2017.09.20 16:21:45.371,1.48649,1.48668,1.75,1.25
2017.09.20 16:21:45.831,1.48649,1.48668,1.81,1.44
2017.09.20 16:21:46.354,1.48649,1.48668,1.81,1.12
2017.09.20 16:21:46.508,1.48649,1.48664,1.06,1.00
2017.09.20 16:21:47.018,1.48648,1.48664,1.06,1.00
2017.09.20 16:21:47.538,1.48649,1.48664,1.81,1.00
2017.09.20 16:21:47.845,1.48646,1.48662,1.81,1.00
2017.09.20 16:21:47.896,1.48647,1.48663,1.50,1.50
2017.09.20 16:21:47.998,1.48645,1.48663,1.87,1.00
2017.09.20 16:21:48.152,1.48647,1.48661,1.31,1.00
2017.09.20 16:21:48.458,1.4865,1.48661,1.12,1.00
2017.09.20 16:21:48.560,1.48645,1.48661,1.06,1.00
2017.09.20 16:21:48.870,1.48651,1.48661,1.12,1.00
2017.09.20 16:21:48.972,1.48646,1.48661,1.50,1.00
2017.09.20 16:21:49.075,1.4865,1.48661,1.12,1.00
2017.09.20 16:21:49.198,1.48646,1.48661,1.50,1.00
2017.09.20 16:21:49.728,1.48646,1.48662,1.07,1.00
2017.09.20 16:21:49.780,1.48646,1.48662,1.07,1.00
2017.09.20 16:21:50.086,1.48647,1.48663,1.25,1.00
2017.09.20 16:21:50.592,1.48644,1.48662,8.23,1.00
2017.09.20 16:21:51.364,1.48645,1.48661,1.06,1.00
2017.09.20 16:21:53.267,1.48649,1.48661,1.00,1.00
2017.09.20 16:21:53.813,1.48648,1.48661,1.00,1.00
2017.09.20 16:21:54.338,1.48649,1.48661,1.00,1.00
2017.09.20 16:21:55.183,1.48648,1.48661,1.00,1.00
2017.09.20 16:21:56.842,1.48649,1.48661,1.00,1.00
2017.09.20 16:21:57.374,1.48648,1.48661,1.00,1.00
2017.09.20 16:21:58.026,1.48649,1.48663,1.00,1.00
2017.09.20 16:21:58.587,1.48648,1.48663,1.25,1.00
2017.09.20 16:21:58.870,1.48648,1.48661,1.25,1.00
2017.09.20 16:21:59.421,1.48649,1.48662,1.00,1.00
2017.09.20 16:21:59.931,1.48646,1.48661,1.94,1.00
2017.09.20 16:22:00.433,1.48646,1.48662,1.94,1.00
2017.09.20 16:22:00.791,1.48645,1.4866,2.56,1.00
2017.09.20 16:22:00.842,1.48645,1.48662,2.56,1.00
2017.09.20 16:22:01.344,1.48645,1.48661,2.38,1.00
2017.09.20 16:22:02.228,1.48647,1.48661,1.44,1.00
2017.09.20 16:22:02.541,1.48648,1.48664,2.94,1.00
2017.09.20 16:22:02.593,1.48648,1.48662,3.69,1.00
2017.09.20 16:22:02.644,1.48648,1.48664,3.69,1.00
2017.09.20 16:22:02.806,1.48648,1.48663,2.44,1.00
2017.09.20 16:22:02.910,1.4865,1.48664,1.19,1.00
2017.09.20 16:22:03.066,1.48646,1.48662,1.87,1.50
2017.09.20 16:22:03.118,1.48644,1.48659,1.94,1.00
2017.09.20 16:22:03.221,1.48646,1.48662,1.50,1.50
2017.09.20 16:22:03.376,1.48649,1.48663,1.00,1.00
2017.09.20 16:22:03.682,1.48645,1.48663,1.25,1.38
2017.09.20 16:22:04.149,1.48649,1.48663,1.00,1.00
2017.09.20 16:22:05.986,1.48645,1.48662,1.00,1.00
2017.09.20 16:22:06.089,1.48644,1.4866,1.00,1.00
2017.09.20 16:22:07.166,1.48641,1.48659,2.44,1.00
2017.09.20 16:22:07.371,1.48641,1.48657,1.31,1.00
2017.09.20 16:22:07.683,1.48641,1.48657,2.25,1.00
2017.09.20 16:22:08.208,1.48641,1.48657,2.25,1.00
2017.09.20 16:22:08.808,1.48641,1.48657,1.25,1.00
2017.09.20 16:22:09.321,1.48641,1.48657,1.88,1.00
2017.09.20 16:22:10.425,1.48641,1.48657,1.69,1.25
2017.09.20 16:22:10.949,1.48641,1.48656,1.00,1.00
2017.09.20 16:22:11.490,1.48641,1.48656,1.19,1.00
2017.09.20 16:22:12.000,1.48641,1.48657,1.50,1.00
2017.09.20 16:22:12.890,1.48639,1.48655,1.13,1.00
2017.09.20 16:22:13.197,1.48643,1.48656,1.00,1.00
2017.09.20 16:22:13.456,1.48643,1.48658,1.00,1.00
2017.09.20 16:22:13.964,1.48643,1.48657,1.00,1.00
2017.09.20 16:22:14.496,1.48642,1.48656,1.00,1.00
2017.09.20 16:22:15.008,1.48643,1.48657,1.00,1.00
2017.09.20 16:22:15.519,1.48642,1.48657,1.00,1.00
2017.09.20 16:22:16.047,1.48642,1.48656,1.00,1.00
2017.09.20 16:22:16.581,1.48643,1.48656,1.00,1.00
2017.09.20 16:22:17.100,1.48643,1.48655,1.00,1.00
2017.09.20 16:22:17.627,1.48643,1.48656,1.00,1.00
2017.09.20 16:22:17.729,1.48641,1.48656,2.25,1.00
2017.09.20 16:22:18.088,1.48644,1.48657,1.00,1.00
2017.09.20 16:22:18.606,1.48643,1.48657,1.00,1.00
2017.09.20 16:22:19.171,1.48644,1.48657,1.00,1.00
2017.09.20 16:22:20.535,1.48644,1.48656,1.00,1.00
2017.09.20 16:22:21.140,1.48641,1.48654,1.12,1.00
2017.09.20 16:22:21.292,1.48638,1.48652,1.37,1.00
2017.09.20 16:22:21.599,1.48633,1.48649,3.00,1.00
2017.09.20 16:22:21.702,1.48637,1.48649,1.00,1.00
2017.09.20 16:22:21.754,1.48637,1.48651,1.00,1.00
2017.09.20 16:22:22.304,1.48636,1.48652,1.25,1.00
2017.09.20 16:22:22.824,1.48637,1.48652,1.13,1.00
2017.09.20 16:22:23.729,1.4864,1.48651,1.00,1.00
2017.09.20 16:22:23.781,1.4864,1.48654,1.25,1.00
2017.09.20 16:22:23.986,1.4864,1.48655,1.88,1.00
2017.09.20 16:22:24.525,1.48639,1.48655,1.91,1.00
2017.09.20 16:22:25.171,1.4864,1.48655,1.38,1.00
2017.09.20 16:22:25.692,1.4864,1.48655,1.31,1.00
2017.09.20 16:22:27.362,1.4864,1.48655,1.25,1.00
2017.09.20 16:22:27.586,1.48638,1.48655,1.69,1.00
2017.09.20 16:22:27.690,1.48636,1.48652,4.31,1.00
2017.09.20 16:22:27.999,1.4864,1.48653,1.13,1.00
2017.09.20 16:22:28.524,1.4864,1.48653,1.44,1.00
2017.09.20 16:22:29.008,1.48639,1.48653,1.13,1.00
2017.09.20 16:22:29.531,1.48639,1.48654,1.13,1.00
2017.09.20 16:22:30.077,1.4864,1.48654,1.00,1.00
2017.09.20 16:22:30.581,1.48639,1.48654,1.25,1.00
2017.09.20 16:22:31.098,1.4864,1.48654,1.25,1.00
2017.09.20 16:22:31.692,1.48639,1.48654,1.25,1.00
2017.09.20 16:22:32.306,1.4864,1.48654,1.44,1.00
2017.09.20 16:22:34.012,1.48639,1.48654,1.87,1.00
2017.09.20 16:22:34.580,1.48641,1.48654,1.62,1.00
2017.09.20 16:22:34.784,1.48641,1.48658,1.62,1.00
2017.09.20 16:22:35.295,1.48642,1.48658,1.63,1.00
2017.09.20 16:22:35.924,1.48642,1.48657,1.87,1.00
2017.09.20 16:22:36.333,1.48643,1.48658,2.06,1.00
2017.09.20 16:22:36.845,1.48643,1.48658,2.06,1.00
2017.09.20 16:22:37.619,1.48645,1.48658,1.00,1.00
2017.09.20 16:22:38.550,1.48644,1.48658,1.50,1.00
2017.09.20 16:22:39.283,1.48645,1.48658,1.00,1.00
2017.09.20 16:22:39.873,1.48644,1.48658,2.25,1.00
2017.09.20 16:22:40.402,1.48645,1.48661,1.69,1.00
2017.09.20 16:22:40.933,1.48644,1.48661,1.50,1.00
2017.09.20 16:22:41.459,1.48644,1.4866,1.50,1.00
2017.09.20 16:22:41.665,1.48645,1.4866,1.44,1.00
2017.09.20 16:22:42.540,1.48644,1.4866,1.00,1.00
2017.09.20 16:22:43.712,1.48644,1.48659,1.00,1.00
2017.09.20 16:22:43.764,1.48642,1.48657,1.50,1.00
2017.09.20 16:22:44.117,1.48645,1.4866,1.00,1.25
2017.09.20 16:22:45.598,1.48645,1.48661,1.69,1.00
2017.09.20 16:22:45.650,1.48645,1.48659,1.38,1.00
2017.09.20 16:22:46.093,1.48644,1.48661,2.81,1.00
2017.09.20 16:22:46.840,1.48644,1.48661,2.06,1.00
2017.09.20 16:22:47.390,1.48647,1.48661,1.25,1.00
2017.09.20 16:22:47.660,1.48645,1.48662,1.50,1.25
2017.09.20 16:22:48.177,1.48644,1.48661,1.13,1.00
2017.09.20 16:22:48.229,1.48643,1.48659,2.63,1.00
2017.09.20 16:22:48.778,1.48643,1.48659,2.44,1.00
2017.09.20 16:22:49.364,1.48644,1.48659,1.31,1.00
2017.09.20 16:22:52.940,1.48644,1.48659,1.37,1.00
2017.09.20 16:22:53.144,1.48644,1.4866,1.25,1.00
2017.09.20 16:22:53.195,1.48646,1.4866,1.00,1.00
2017.09.20 16:22:53.706,1.48644,1.4866,1.37,1.00
2017.09.20 16:22:54.233,1.48644,1.4866,1.37,1.00
2017.09.20 16:22:54.771,1.48644,1.4866,1.87,1.00
2017.09.20 16:22:57.406,1.48651,1.4866,1.00,1.00
2017.09.20 16:22:57.561,1.48655,1.4867,1.12,1.00
2017.09.20 16:22:58.156,1.48655,1.48671,1.62,1.00
2017.09.20 16:22:58.260,1.48654,1.48668,1.19,1.00
2017.09.20 16:22:58.363,1.48651,1.48669,1.19,1.50
2017.09.20 16:22:58.415,1.4865,1.48666,2.06,1.00
2017.09.20 16:22:58.518,1.48649,1.48666,2.06,1.00
2017.09.20 16:22:58.672,1.48649,1.48664,2.06,1.00
2017.09.20 16:22:59.512,1.48649,1.48664,1.12,1.00
2017.09.20 16:23:00.031,1.48649,1.48664,1.62,1.00
2017.09.20 16:23:02.267,1.48649,1.48664,1.31,1.00
2017.09.20 16:23:04.686,1.48649,1.48665,1.87,1.00
2017.09.20 16:23:04.996,1.48648,1.48662,1.31,1.00
2017.09.20 16:23:05.149,1.48646,1.48663,1.44,1.00
2017.09.20 16:23:05.201,1.48645,1.48661,2.44,1.00
2017.09.20 16:23:05.791,1.48645,1.4866,2.44,1.00
2017.09.20 16:23:06.334,1.48645,1.4866,3.19,1.00
2017.09.20 16:23:07.071,1.48645,1.48662,1.31,1.00
2017.09.20 16:23:07.123,1.48645,1.4866,1.50,1.00
2017.09.20 16:23:07.621,1.48645,1.48658,1.50,1.00
2017.09.20 16:23:07.723,1.48647,1.4866,1.00,1.00
2017.09.20 16:23:08.234,1.48648,1.48661,1.00,1.00
2017.09.20 16:23:08.565,1.48648,1.48663,1.00,1.00
2017.09.20 16:23:08.719,1.48648,1.48661,1.25,1.00
2017.09.20 16:23:11.221,1.48647,1.48661,1.25,1.00
2017.09.20 16:23:11.272,1.48647,1.48663,1.25,1.00
2017.09.20 16:23:11.375,1.48647,1.48661,1.25,1.00
2017.09.20 16:23:11.885,1.48647,1.48662,1.87,1.00
2017.09.20 16:23:12.402,1.48647,1.48662,1.25,1.00
2017.09.20 16:23:13.416,1.48647,1.48662,1.87,1.00
2017.09.20 16:23:13.946,1.48647,1.48662,1.12,1.00
2017.09.20 16:23:14.519,1.48647,1.48663,1.12,1.00
2017.09.20 16:23:15.930,1.48647,1.48663,1.44,1.00
2017.09.20 16:23:16.188,1.48643,1.4866,3.19,1.00
2017.09.20 16:23:16.291,1.48647,1.4866,1.25,1.00
2017.09.20 16:23:16.444,1.48647,1.48662,1.44,1.00
2017.09.20 16:23:16.496,1.48646,1.48662,2.62,1.00
2017.09.20 16:23:16.982,1.48647,1.48663,1.44,1.00
2017.09.20 16:23:17.526,1.48646,1.48661,1.50,1.00
2017.09.20 16:23:17.976,1.48646,1.48663,1.50,1.00
2017.09.20 16:23:18.027,1.48646,1.48661,1.50,1.00
2017.09.20 16:23:18.307,1.48646,1.48663,1.50,1.00
2017.09.20 16:23:18.720,1.48646,1.48661,1.50,1.00
2017.09.20 16:23:19.246,1.48647,1.48662,1.44,1.00
2017.09.20 16:23:19.875,1.48647,1.48661,1.44,1.00
2017.09.20 16:23:20.539,1.48646,1.48661,1.87,1.00
2017.09.20 16:23:21.051,1.48646,1.48662,1.44,1.00
2017.09.20 16:23:22.342,1.48647,1.48662,1.44,1.00
2017.09.20 16:23:23.239,1.48646,1.48662,1.87,1.00
2017.09.20 16:23:23.341,1.48647,1.48662,1.44,1.00
2017.09.20 16:23:23.846,1.48646,1.48662,1.44,1.00
2017.09.20 16:23:24.316,1.48642,1.4866,2.25,1.00
2017.09.20 16:23:24.624,1.48642,1.48658,1.87,1.00
2017.09.20 16:23:25.224,1.48642,1.48658,1.87,1.00
2017.09.20 16:23:25.466,1.48642,1.48658,1.37,1.00
2017.09.20 16:23:26.182,1.48642,1.48658,2.25,1.00
2017.09.20 16:23:26.686,1.48642,1.48658,1.44,1.00
2017.09.20 16:23:27.376,1.48644,1.48658,1.25,1.00
2017.09.20 16:23:27.529,1.48645,1.4866,1.25,1.00
2017.09.20 16:23:28.078,1.48645,1.4866,1.44,1.00
2017.09.20 16:23:28.587,1.48645,1.48661,1.25,1.00
2017.09.20 16:23:29.093,1.48645,1.48662,1.44,1.00
2017.09.20 16:23:30.050,1.48645,1.4866,1.44,1.00
2017.09.20 16:23:30.767,1.48645,1.4866,1.37,1.00
2017.09.20 16:23:31.585,1.48645,1.4866,1.44,1.00
2017.09.20 16:23:32.173,1.48645,1.4866,1.37,1.00
2017.09.20 16:23:32.739,1.48644,1.48661,1.69,1.00
2017.09.20 16:23:33.271,1.48643,1.4866,2.62,1.00
2017.09.20 16:23:33.618,1.48643,1.48658,1.87,1.00
2017.09.20 16:23:33.925,1.48648,1.48658,1.50,1.00
2017.09.20 16:23:33.978,1.48653,1.48665,1.37,1.37
2017.09.20 16:23:34.173,1.48653,1.4867,3.56,1.00
2017.09.20 16:23:34.889,1.48655,1.4867,1.25,1.00
2017.09.20 16:23:35.604,1.48655,1.48671,1.00,1.00
2017.09.20 16:23:35.887,1.48655,1.48672,3.37,1.00
2017.09.20 16:23:36.432,1.48657,1.48673,1.12,1.00
2017.09.20 16:23:37.716,1.48657,1.4867,1.00,1.12
2017.09.20 16:23:37.767,1.4865,1.48667,1.69,1.50
2017.09.20 16:23:37.819,1.48649,1.48667,1.12,1.69
2017.09.20 16:23:37.922,1.48649,1.48665,1.25,1.00
2017.09.20 16:23:38.435,1.48648,1.48664,1.87,1.00
2017.09.20 16:23:38.950,1.48648,1.48664,1.37,1.00
2017.09.20 16:23:39.472,1.48647,1.48664,1.87,1.00
2017.09.20 16:23:39.525,1.48647,1.48664,1.69,1.00
2017.09.20 16:23:39.679,1.48647,1.48667,1.87,1.19
2017.09.20 16:23:39.968,1.48647,1.48667,3.75,1.87
2017.09.20 16:23:40.666,1.48649,1.48667,1.50,1.69
2017.09.20 16:23:41.652,1.48648,1.48667,3.00,1.19
2017.09.20 16:23:41.755,1.4865,1.48669,1.81,1.25
2017.09.20 16:23:42.749,1.48651,1.4867,2.06,1.12
2017.09.20 16:23:44.270,1.48653,1.48671,1.44,1.69
2017.09.20 16:23:44.813,1.48653,1.48671,1.12,1.69
2017.09.20 16:23:45.325,1.48651,1.48669,2.81,1.00
2017.09.20 16:23:45.840,1.48652,1.48669,1.12,1.00
2017.09.20 16:23:46.675,1.48652,1.48669,1.37,1.00
2017.09.20 16:23:47.036,1.48651,1.48669,1.50,1.00
2017.09.20 16:23:47.565,1.48651,1.48669,2.25,1.00
2017.09.20 16:23:48.175,1.48651,1.48669,1.50,1.00
2017.09.20 16:23:48.715,1.48651,1.48669,1.69,1.00
2017.09.20 16:23:49.790,1.4865,1.48669,2.81,1.00
2017.09.20 16:23:52.596,1.48652,1.48671,1.00,1.31
2017.09.20 16:23:53.157,1.48651,1.48671,1.31,1.31
2017.09.20 16:23:53.676,1.48652,1.48671,1.25,2.25
2017.09.20 16:23:54.184,1.48651,1.48671,1.31,1.31
2017.09.20 16:23:54.722,1.4865,1.48669,1.44,1.12
2017.09.20 16:23:55.266,1.48652,1.4867,1.19,1.19
2017.09.20 16:23:55.317,1.48654,1.48671,1.87,1.00
2017.09.20 16:23:55.368,1.48654,1.48673,3.00,1.25
2017.09.20 16:23:55.676,1.48655,1.48673,1.00,2.81
2017.09.20 16:23:55.988,1.48654,1.48673,2.44,1.69
2017.09.20 16:23:56.583,1.48655,1.48673,1.25,1.87
2017.09.20 16:23:56.991,1.48653,1.48674,1.31,2.81
2017.09.20 16:23:57.788,1.48654,1.48673,1.63,1.25
2017.09.20 16:23:58.298,1.48655,1.48674,1.38,1.25
2017.09.20 16:23:58.350,1.48654,1.48674,3.19,1.25
2017.09.20 16:23:58.858,1.48654,1.48674,2.44,1.25
2017.09.20 16:23:59.063,1.48655,1.48674,1.38,1.25
2017.09.20 16:23:59.576,1.48656,1.48675,1.13,1.44
2017.09.20 16:23:59.883,1.48655,1.48675,1.87,1.19
2017.09.20 16:24:00.240,1.48655,1.48676,1.25,1.87
2017.09.20 16:24:00.772,1.48655,1.48675,2.06,1.44
2017.09.20 16:24:01.248,1.48655,1.48676,1.13,1.87
2017.09.20 16:24:01.299,1.48655,1.48675,2.25,1.44
2017.09.20 16:24:01.829,1.48655,1.48676,1.13,2.62
2017.09.20 16:24:01.947,1.48655,1.48675,2.25,1.44
2017.09.20 16:24:02.812,1.48655,1.48675,2.25,1.44
2017.09.20 16:24:05.189,1.48657,1.48675,1.00,1.44
2017.09.20 16:24:06.947,1.48656,1.48676,1.25,1.87
2017.09.20 16:24:07.175,1.48656,1.48675,1.63,1.25
2017.09.20 16:24:07.329,1.48656,1.48676,1.25,1.12
2017.09.20 16:24:07.845,1.48656,1.48675,1.63,1.69
2017.09.20 16:24:08.426,1.48656,1.48675,1.31,1.69
2017.09.20 16:24:08.744,1.48654,1.48676,3.75,1.69
2017.09.20 16:24:08.848,1.48654,1.48671,1.00,1.25
2017.09.20 16:24:09.475,1.48653,1.48671,1.37,1.25
2017.09.20 16:24:10.241,1.48653,1.48673,1.44,1.87
2017.09.20 16:24:10.747,1.48655,1.48673,1.00,1.19
2017.09.20 16:24:11.705,1.48653,1.48673,1.37,1.87
2017.09.20 16:24:11.868,1.48654,1.48673,1.25,1.19
2017.09.20 16:24:12.022,1.48654,1.48673,1.37,1.69
2017.09.20 16:24:12.584,1.48652,1.48673,3.94,1.19
2017.09.20 16:24:13.202,1.48652,1.48672,1.54,2.25
2017.09.20 16:24:13.458,1.48655,1.48673,1.31,1.44
2017.09.20 16:24:13.979,1.48655,1.48673,1.25,1.19
2017.09.20 16:24:14.286,1.48655,1.48673,1.50,1.25
2017.09.20 16:24:14.439,1.48655,1.48674,1.25,1.69
2017.09.20 16:24:14.785,1.48655,1.48673,2.63,1.50
2017.09.20 16:24:14.939,1.48657,1.48675,1.69,1.25
2017.09.20 16:24:15.473,1.48657,1.48676,1.50,1.25
2017.09.20 16:24:16.649,1.48657,1.48675,1.25,1.25
2017.09.20 16:24:17.173,1.48657,1.48676,1.00,1.12
2017.09.20 16:24:17.991,1.48656,1.48676,2.44,1.87
2017.09.20 16:24:18.326,1.48655,1.48674,1.25,1.69
2017.09.20 16:24:18.950,1.48654,1.48673,2.25,1.69
2017.09.20 16:24:19.485,1.48655,1.48674,1.69,1.69
2017.09.20 16:24:20.057,1.48655,1.48673,2.44,1.25
2017.09.20 16:24:21.855,1.48655,1.48674,1.25,2.44
2017.09.20 16:24:22.366,1.48655,1.48673,1.50,1.25
2017.09.20 16:24:23.127,1.48655,1.48674,1.25,2.44
2017.09.20 16:24:23.958,1.48655,1.48673,1.50,1.25
2017.09.20 16:24:25.494,1.48655,1.48674,1.00,1.19
2017.09.20 16:24:26.074,1.48654,1.48674,1.25,1.44
2017.09.20 16:24:26.941,1.48654,1.48673,1.31,1.12
2017.09.20 16:24:27.483,1.48656,1.48675,1.00,2.81
2017.09.20 16:24:28.006,1.48655,1.48675,1.00,1.19
2017.09.20 16:24:28.822,1.48654,1.48674,2.63,1.44
2017.09.20 16:24:29.139,1.48656,1.48674,1.00,1.44
2017.09.20 16:24:29.687,1.48655,1.48675,1.50,1.50
2017.09.20 16:24:30.684,1.48654,1.48676,3.19,5.06
2017.09.20 16:24:31.241,1.48655,1.48674,1.25,1.69
2017.09.20 16:24:32.384,1.48656,1.48674,1.00,1.19
2017.09.20 16:24:33.657,1.48655,1.48674,2.06,1.69
2017.09.20 16:24:34.200,1.48656,1.48675,1.00,1.50
2017.09.20 16:24:36.227,1.48655,1.48672,1.00,1.00
2017.09.20 16:24:36.747,1.48654,1.48674,1.50,1.31
2017.09.20 16:24:39.205,1.48653,1.48673,4.31,1.31
2017.09.20 16:24:41.950,1.48655,1.48671,1.25,1.00
2017.09.20 16:24:42.452,1.48655,1.48672,1.13,1.00
2017.09.20 16:24:43.042,1.48654,1.48673,1.12,1.50
2017.09.20 16:24:43.561,1.48654,1.48673,2.06,1.12
2017.09.20 16:24:44.132,1.48655,1.48673,1.44,1.12
2017.09.20 16:24:44.450,1.48656,1.48676,1.69,1.31
2017.09.20 16:24:46.693,1.48657,1.48675,1.25,1.00
2017.09.20 16:24:47.240,1.48658,1.48675,1.50,1.00
2017.09.20 16:24:49.461,1.48658,1.48675,1.87,1.00
2017.09.20 16:24:52.877,1.48659,1.48676,1.50,1.00
2017.09.20 16:24:53.387,1.48658,1.48675,1.25,1.00
2017.09.20 16:24:53.857,1.48659,1.48677,1.00,1.31
2017.09.20 16:24:54.478,1.48658,1.48677,1.00,1.31
2017.09.20 16:24:55.414,1.48658,1.48677,1.44,1.62
2017.09.20 16:24:56.019,1.48658,1.48676,1.00,1.00
2017.09.20 16:24:58.376,1.48657,1.48676,2.06,1.00
2017.09.20 16:24:58.914,1.48659,1.48678,1.25,1.44
2017.09.20 16:24:59.540,1.48658,1.48679,2.25,2.06
2017.09.20 16:25:00.053,1.48659,1.48678,1.25,1.62
2017.09.20 16:25:01.982,1.48659,1.48678,1.44,2.06
2017.09.20 16:25:02.034,1.48659,1.4868,2.44,1.87
2017.09.20 16:25:02.137,1.48664,1.48683,1.13,1.62
2017.09.20 16:25:02.740,1.48665,1.48683,1.50,1.31
2017.09.20 16:25:05.572,1.48663,1.48684,2.06,2.06
2017.09.20 16:25:06.199,1.48663,1.48684,2.63,1.62
2017.09.20 16:25:06.968,1.48663,1.48685,2.81,2.81
2017.09.20 16:25:07.661,1.48663,1.48685,2.44,2.44
2017.09.20 16:25:08.184,1.48664,1.48684,1.50,1.62
2017.09.20 16:25:08.687,1.48663,1.48681,1.12,1.25
2017.09.20 16:25:09.250,1.48663,1.48682,1.25,1.50
2017.09.20 16:25:09.770,1.48663,1.48682,1.00,1.62
2017.09.20 16:25:09.873,1.48661,1.48682,3.00,1.62
2017.09.20 16:25:10.038,1.48663,1.48682,1.00,1.62
2017.09.20 16:25:10.445,1.48661,1.48682,3.00,1.62
2017.09.20 16:25:10.618,1.48663,1.48682,1.00,1.31
2017.09.20 16:25:11.122,1.48663,1.48683,1.00,3.19
2017.09.20 16:25:11.494,1.48662,1.48681,1.25,1.44
2017.09.20 16:25:12.298,1.48662,1.48681,1.00,1.56
2017.09.20 16:25:12.962,1.48662,1.48681,1.00,2.06
2017.09.20 16:25:13.645,1.48662,1.48681,1.44,1.62
2017.09.20 16:25:13.851,1.48663,1.48683,1.50,1.87
2017.09.20 16:25:14.364,1.48664,1.48682,1.00,1.00
2017.09.20 16:25:15.815,1.48664,1.48683,1.00,2.00
2017.09.20 16:25:16.324,1.48664,1.48683,1.87,1.06
2017.09.20 16:25:16.563,1.48667,1.48684,1.12,1.19
2017.09.20 16:25:16.615,1.48668,1.48688,2.25,3.88
2017.09.20 16:25:17.127,1.48667,1.48688,2.81,2.25
2017.09.20 16:25:17.516,1.48668,1.48688,1.00,3.00
2017.09.20 16:25:18.396,1.48667,1.48683,1.00,1.81
2017.09.20 16:25:18.448,1.48664,1.48682,1.87,1.31
2017.09.20 16:25:18.550,1.48662,1.48681,1.87,1.31
2017.09.20 16:25:19.170,1.48662,1.48681,1.69,1.12
2017.09.20 16:25:19.919,1.48662,1.48682,2.44,1.56
2017.09.20 16:25:20.435,1.48662,1.48682,2.44,1.56
2017.09.20 16:25:20.956,1.48662,1.48683,1.50,3.56
2017.09.20 16:25:21.463,1.48661,1.48682,3.00,2.06
2017.09.20 16:25:21.964,1.48662,1.48682,1.00,2.81
2017.09.20 16:25:22.886,1.48662,1.48677,1.00,2.66
2017.09.20 16:25:23.194,1.48634,1.48655,1.00,3.75
2017.09.20 16:25:23.450,1.48633,1.48653,1.50,1.44
2017.09.20 16:25:23.757,1.48634,1.48653,1.00,1.87
2017.09.20 16:25:23.922,1.48636,1.48655,1.13,2.44
2017.09.20 16:25:24.331,1.48638,1.48655,1.00,2.44
2017.09.20 16:25:24.840,1.48638,1.48655,1.00,1.31
2017.09.20 16:25:25.167,1.48643,1.4866,1.00,1.00
2017.09.20 16:25:25.715,1.48643,1.4866,1.00,1.19
2017.09.20 16:25:26.262,1.48642,1.48661,2.25,2.06
2017.09.20 16:25:26.821,1.48642,1.48662,3.19,1.81
2017.09.20 16:25:27.358,1.48642,1.48662,3.37,1.81
2017.09.20 16:25:27.872,1.48644,1.48663,1.00,1.44
2017.09.20 16:25:28.185,1.48639,1.48657,1.50,1.25
2017.09.20 16:25:28.497,1.48642,1.48661,1.50,2.62
2017.09.20 16:25:28.685,1.48642,1.4866,1.50,1.12
2017.09.20 16:25:29.366,1.48642,1.48661,1.69,1.87
2017.09.20 16:25:29.719,1.48644,1.48661,1.91,1.00
2017.09.20 16:25:30.050,1.48647,1.48665,1.19,1.25
2017.09.20 16:25:30.590,1.48647,1.48665,1.19,1.44
2017.09.20 16:25:31.014,1.48646,1.48663,1.25,1.12
2017.09.20 16:25:31.117,1.48645,1.48661,1.00,1.25
2017.09.20 16:25:31.322,1.48643,1.48662,2.25,1.00
2017.09.20 16:25:31.840,1.48644,1.48661,1.00,1.00
2017.09.20 16:25:32.356,1.48645,1.48662,1.00,1.00
2017.09.20 16:25:32.963,1.48642,1.48649,1.00,2.10
2017.09.20 16:25:33.016,1.48637,1.48649,2.25,1.56
2017.09.20 16:25:33.120,1.48626,1.48644,2.44,1.00
2017.09.20 16:25:33.172,1.48629,1.48645,1.12,1.75
2017.09.20 16:25:33.387,1.48623,1.4864,1.00,2.38
2017.09.20 16:25:33.490,1.4862,1.48639,1.44,1.50
2017.09.20 16:25:33.951,1.48618,1.48638,4.13,1.37
2017.09.20 16:25:34.513,1.48619,1.48636,1.69,1.44
2017.09.20 16:25:34.618,1.48622,1.48639,1.69,1.25
2017.09.20 16:25:35.129,1.48622,1.4864,2.44,1.25
2017.09.20 16:25:35.640,1.48623,1.48642,1.31,3.19
2017.09.20 16:25:35.947,1.48614,1.48627,1.87,1.37
2017.09.20 16:25:35.999,1.48614,1.48627,1.12,1.37
2017.09.20 16:25:36.256,1.4861,1.48628,1.00,1.31
2017.09.20 16:25:36.309,1.4861,1.4863,1.00,2.44
2017.09.20 16:25:36.614,1.4861,1.48624,1.50,1.00
2017.09.20 16:25:37.125,1.48609,1.48624,2.06,1.00
2017.09.20 16:25:37.280,1.4861,1.48626,1.50,1.00
2017.09.20 16:25:37.935,1.48609,1.48626,3.56,1.00
2017.09.20 16:25:38.192,1.4861,1.48626,2.62,1.00
2017.09.20 16:25:38.836,1.48612,1.48629,1.00,1.00
2017.09.20 16:25:38.888,1.48615,1.4863,1.00,1.25
2017.09.20 16:25:40.346,1.48613,1.4863,1.00,1.00
2017.09.20 16:25:40.399,1.48613,1.48628,1.00,1.50
2017.09.20 16:25:41.029,1.48612,1.48628,1.12,1.50
2017.09.20 16:25:41.557,1.48612,1.48629,1.00,1.00
2017.09.20 16:25:41.974,1.48615,1.48631,1.00,1.25
2017.09.20 16:25:42.680,1.48626,1.48637,1.00,1.12
2017.09.20 16:25:42.833,1.48628,1.48643,1.50,1.25
2017.09.20 16:25:43.116,1.48626,1.48642,1.50,1.00
2017.09.20 16:25:43.759,1.48626,1.48645,1.50,2.06
2017.09.20 16:25:43.811,1.48627,1.48644,1.00,1.62
2017.09.20 16:25:44.285,1.48628,1.48646,1.00,1.91
2017.09.20 16:25:44.998,1.48626,1.48639,1.87,1.44
2017.09.20 16:25:45.156,1.4862,1.48637,1.12,1.54
2017.09.20 16:25:45.304,1.4862,1.48637,2.06,1.12
2017.09.20 16:25:45.510,1.48618,1.48635,1.00,1.00
2017.09.20 16:25:45.562,1.48621,1.48638,1.12,1.44
2017.09.20 16:25:45.614,1.48623,1.48642,1.12,1.61
2017.09.20 16:25:46.026,1.48624,1.48644,1.50,1.85
2017.09.20 16:25:46.592,1.48625,1.48643,1.00,1.85
2017.09.20 16:25:47.549,1.48626,1.48643,1.00,1.85
2017.09.20 16:25:47.767,1.48624,1.48642,1.87,1.35
2017.09.20 16:25:48.234,1.48625,1.48642,1.19,1.35
2017.09.20 16:25:48.898,1.48625,1.48644,1.19,1.31
2017.09.20 16:25:50.319,1.48625,1.48644,1.19,1.25
2017.09.20 16:25:51.584,1.48625,1.48644,1.19,1.50
2017.09.20 16:25:52.862,1.48625,1.48644,1.19,1.25
2017.09.20 16:25:54.529,1.48623,1.48643,1.12,2.06
2017.09.20 16:25:54.632,1.48621,1.48641,1.44,1.50
2017.09.20 16:25:55.598,1.48621,1.48641,1.44,1.25
2017.09.20 16:25:56.124,1.48621,1.48641,1.44,1.81
2017.09.20 16:25:56.642,1.4862,1.48641,5.81,1.31
2017.09.20 16:25:57.888,1.48621,1.4864,1.31,1.50
2017.09.20 16:25:59.483,1.48622,1.48641,1.19,2.62
2017.09.20 16:26:02.187,1.4862,1.4864,2.44,1.00
2017.09.20 16:26:02.839,1.4862,1.4864,4.12,2.06
2017.09.20 16:26:03.347,1.4862,1.4864,2.44,1.00
2017.09.20 16:26:03.967,1.4862,1.48639,2.06,1.25
2017.09.20 16:26:04.071,1.4862,1.48639,2.06,1.25
2017.09.20 16:26:04.676,1.4862,1.48639,1.31,1.31
2017.09.20 16:26:05.711,1.48619,1.48636,1.25,1.50
2017.09.20 16:26:06.021,1.48614,1.48634,2.81,1.25
2017.09.20 16:26:06.561,1.48614,1.48635,2.06,2.47
2017.09.20 16:26:07.133,1.48614,1.48634,3.56,1.12
2017.09.20 16:26:07.644,1.48613,1.48635,3.56,2.66
2017.09.20 16:26:07.952,1.48615,1.4863,1.00,2.25
2017.09.20 16:26:08.004,1.4861,1.48628,2.44,1.44
2017.09.20 16:26:08.138,1.4861,1.48625,1.56,1.00
2017.09.20 16:26:08.242,1.48605,1.48625,1.69,1.87
2017.09.20 16:26:08.450,1.48604,1.48624,1.31,1.50
2017.09.20 16:26:08.758,1.48602,1.4862,1.25,1.25
2017.09.20 16:26:10.044,1.48601,1.48621,2.06,1.50
2017.09.20 16:26:10.351,1.48607,1.48624,1.87,1.25
2017.09.20 16:26:10.868,1.48604,1.48624,1.19,1.69
2017.09.20 16:26:11.073,1.48603,1.48624,2.25,4.31
2017.09.20 16:26:11.601,1.48603,1.48623,1.00,2.06
2017.09.20 16:26:12.145,1.48603,1.48623,1.00,2.06
2017.09.20 16:26:12.742,1.48603,1.48623,1.00,2.06
2017.09.20 16:26:14.129,1.48604,1.48623,1.00,2.77
2017.09.20 16:26:14.739,1.48603,1.48623,1.00,1.84
2017.09.20 16:26:15.324,1.48604,1.48623,1.00,3.52
2017.09.20 16:26:15.798,1.48603,1.48619,1.00,1.38
2017.09.20 16:26:15.850,1.48601,1.48618,1.00,1.44
2017.09.20 16:26:16.005,1.48599,1.48617,1.00,1.00
2017.09.20 16:26:16.635,1.486,1.48617,1.00,1.57
2017.09.20 16:26:16.998,1.48599,1.48619,1.00,1.09
2017.09.20 16:26:17.354,1.48608,1.48621,1.00,1.00
2017.09.20 16:26:17.405,1.48607,1.48625,1.31,2.25
2017.09.20 16:26:17.457,1.48611,1.48625,1.00,1.00
2017.09.20 16:26:17.560,1.48608,1.48626,1.12,1.84
2017.09.20 16:26:17.663,1.48606,1.48625,1.00,1.69
2017.09.20 16:26:17.715,1.48609,1.48627,1.25,1.39
2017.09.20 16:26:18.022,1.4861,1.48629,1.00,2.25
2017.09.20 16:26:18.553,1.48608,1.48628,4.12,1.00
2017.09.20 16:26:19.381,1.48609,1.48628,1.00,1.25
2017.09.20 16:26:19.432,1.48613,1.4863,1.25,1.25
2017.09.20 16:26:19.688,1.48608,1.48627,2.06,1.09
2017.09.20 16:26:19.893,1.48611,1.48628,1.00,1.00
2017.09.20 16:26:20.410,1.48611,1.48629,1.00,1.00
2017.09.20 16:26:20.770,1.48613,1.48629,1.00,1.00
2017.09.20 16:26:21.281,1.48612,1.48629,1.50,1.00
2017.09.20 16:26:21.794,1.48611,1.48628,1.87,1.00
2017.09.20 16:26:21.846,1.48613,1.48631,1.00,1.00
2017.09.20 16:26:22.155,1.48614,1.4863,1.00,1.40
2017.09.20 16:26:22.206,1.48612,1.48629,1.25,1.20
2017.09.20 16:26:22.542,1.4861,1.48628,1.50,1.00
2017.09.20 16:26:23.084,1.48611,1.48628,1.00,1.50
2017.09.20 16:26:23.391,1.48609,1.48628,2.25,1.50
2017.09.20 16:26:23.750,1.4861,1.48627,1.00,1.44
2017.09.20 16:26:24.265,1.48609,1.48627,2.25,1.25
2017.09.20 16:26:24.316,1.48609,1.48629,1.50,1.00
2017.09.20 16:26:24.831,1.4861,1.48629,1.25,1.25
2017.09.20 16:26:26.827,1.4861,1.48629,1.87,1.25
2017.09.20 16:26:27.135,1.48612,1.48631,1.00,1.12
2017.09.20 16:26:27.453,1.4861,1.4863,2.06,1.87
2017.09.20 16:26:27.760,1.48613,1.48628,1.00,1.00
2017.09.20 16:26:28.117,1.48611,1.48631,1.87,1.25
2017.09.20 16:26:28.712,1.48613,1.48632,1.25,1.00
2017.09.20 16:26:30.002,1.48615,1.48635,2.44,3.19
2017.09.20 16:26:30.109,1.48615,1.48635,4.31,2.06
2017.09.20 16:26:30.161,1.48622,1.48636,1.00,1.62
2017.09.20 16:26:30.264,1.48618,1.48636,1.37,1.25
2017.09.20 16:26:30.572,1.48618,1.48632,1.00,1.19
2017.09.20 16:26:30.828,1.4861,1.48629,2.44,2.00
2017.09.20 16:26:31.134,1.4861,1.48629,1.50,1.44
2017.09.20 16:26:31.237,1.48611,1.48628,1.00,1.44
2017.09.20 16:26:31.594,1.4861,1.48629,1.50,1.88
2017.09.20 16:26:32.259,1.4861,1.48629,1.50,1.88
2017.09.20 16:26:32.313,1.48608,1.48628,2.25,2.94
2017.09.20 16:26:32.724,1.48606,1.48626,1.25,1.25
2017.09.20 16:26:33.265,1.48607,1.48625,1.50,1.25
2017.09.20 16:26:33.637,1.48609,1.48628,1.25,1.69
2017.09.20 16:26:33.945,1.48609,1.48623,1.00,1.00
2017.09.20 16:26:34.455,1.48608,1.48623,1.12,1.00
2017.09.20 16:26:35.012,1.48609,1.48623,1.00,1.00
2017.09.20 16:26:35.725,1.48608,1.48623,1.00,1.00
2017.09.20 16:26:35.878,1.48606,1.48622,1.31,1.00
2017.09.20 16:26:35.982,1.48604,1.4862,1.50,1.00
2017.09.20 16:26:36.290,1.48607,1.48621,1.00,1.00
2017.09.20 16:26:37.107,1.48606,1.48621,1.69,1.00
2017.09.20 16:26:38.099,1.48607,1.48621,1.00,1.00
2017.09.20 16:26:42.518,1.48607,1.48622,1.00,1.00
2017.09.20 16:26:43.068,1.48607,1.48621,1.50,1.00
2017.09.20 16:26:45.057,1.48607,1.48622,1.50,1.31
2017.09.20 16:26:45.377,1.48607,1.4862,1.50,1.00
2017.09.20 16:26:48.143,1.48607,1.48622,1.50,1.50
2017.09.20 16:26:48.601,1.4861,1.48625,1.00,1.81
2017.09.20 16:26:49.798,1.48609,1.48625,1.00,1.75
2017.09.20 16:26:50.313,1.48609,1.48625,1.00,1.75
2017.09.20 16:26:50.871,1.48607,1.48623,2.25,1.81
2017.09.20 16:26:54.166,1.48607,1.48623,1.50,1.62
2017.09.20 16:26:54.679,1.48607,1.48623,2.25,1.56
2017.09.20 16:26:55.237,1.48607,1.48623,1.50,1.62
2017.09.20 16:26:55.782,1.48607,1.48623,1.50,1.62
2017.09.20 16:26:57.512,1.48607,1.48623,2.25,1.56
2017.09.20 16:26:58.054,1.48607,1.48623,1.50,1.62
2017.09.20 16:26:59.305,1.48607,1.48623,2.25,1.75
2017.09.20 16:26:59.836,1.48607,1.48623,2.25,1.56
2017.09.20 16:27:00.840,1.48607,1.48623,1.50,1.62
2017.09.20 16:27:01.349,1.48607,1.48623,1.50,1.75
2017.09.20 16:27:01.874,1.48607,1.48623,1.50,1.75
2017.09.20 16:27:02.190,1.48608,1.48623,1.00,1.50
2017.09.20 16:27:02.723,1.48608,1.48623,1.00,1.75
2017.09.20 16:27:03.322,1.48608,1.48623,1.50,2.25
2017.09.20 16:27:03.845,1.48608,1.48622,1.00,1.13
2017.09.20 16:27:04.423,1.48607,1.48623,1.00,1.31
2017.09.20 16:27:04.678,1.48605,1.48623,1.00,1.31
2017.09.20 16:27:05.372,1.48605,1.48623,1.00,1.56
2017.09.20 16:27:05.616,1.48605,1.48623,1.00,1.81
2017.09.20 16:27:05.668,1.48605,1.48623,1.00,1.56
2017.09.20 16:27:05.923,1.48605,1.48622,1.50,1.38
2017.09.20 16:27:06.179,1.48605,1.48623,1.00,1.81
2017.09.20 16:27:06.652,1.48605,1.48622,1.50,1.44
2017.09.20 16:27:06.704,1.48605,1.48622,1.00,1.00
2017.09.20 16:27:07.367,1.48605,1.48622,1.50,1.19
2017.09.20 16:27:07.927,1.48605,1.48624,1.00,2.81
2017.09.20 16:27:08.506,1.48603,1.48623,2.25,2.06
2017.09.20 16:27:08.557,1.48605,1.48622,1.00,1.31
2017.09.20 16:27:08.609,1.48603,1.48622,1.25,1.00
2017.09.20 16:27:08.660,1.48603,1.48622,2.94,2.06
2017.09.20 16:27:08.763,1.48606,1.48622,1.50,1.37
2017.09.20 16:27:09.071,1.48606,1.48623,1.00,1.25
2017.09.20 16:27:09.297,1.48607,1.48622,1.00,1.44
2017.09.20 16:27:09.400,1.48608,1.48625,1.00,2.25
2017.09.20 16:27:09.506,1.48611,1.48626,1.00,1.50
2017.09.20 16:27:09.559,1.48612,1.4863,2.25,1.44
2017.09.20 16:27:09.662,1.48614,1.48631,1.00,1.50
2017.09.20 16:27:09.765,1.48614,1.48631,1.50,1.25
2017.09.20 16:27:09.919,1.48614,1.48631,1.50,1.50
2017.09.20 16:27:09.972,1.48615,1.48634,1.25,4.88
2017.09.20 16:27:10.131,1.48615,1.48634,1.00,5.44
2017.09.20 16:27:10.186,1.48615,1.48633,1.00,1.75
2017.09.20 16:27:10.698,1.48616,1.48634,1.00,4.31
2017.09.20 16:27:11.562,1.48616,1.48633,1.00,1.56
2017.09.20 16:27:12.026,1.48613,1.48628,1.50,1.00
2017.09.20 16:27:12.336,1.48603,1.48617,2.25,1.00
2017.09.20 16:27:12.388,1.48602,1.48615,2.25,1.00
2017.09.20 16:27:12.904,1.48603,1.48615,1.00,1.00
2017.09.20 16:27:13.435,1.48602,1.48616,1.00,1.00
2017.09.20 16:27:13.991,1.48603,1.48616,1.00,1.00
2017.09.20 16:27:14.504,1.48605,1.48616,1.00,1.00
2017.09.20 16:27:14.555,1.48606,1.4862,1.50,1.00
2017.09.20 16:27:14.657,1.48608,1.48619,1.00,1.00
2017.09.20 16:27:14.760,1.48608,1.48621,1.00,1.00
2017.09.20 16:27:14.812,1.48606,1.48619,1.50,1.00
2017.09.20 16:27:15.326,1.48606,1.48618,1.50,1.00
2017.09.20 16:27:15.839,1.48607,1.48619,1.00,1.00
2017.09.20 16:27:16.263,1.48604,1.48618,1.00,1.00
2017.09.20 16:27:16.830,1.48604,1.48617,1.00,1.00
2017.09.20 16:27:17.086,1.48603,1.48615,1.00,1.00
2017.09.20 16:27:17.703,1.48603,1.48616,1.00,1.00
2017.09.20 16:27:18.212,1.48602,1.48615,1.00,1.00
2017.09.20 16:27:18.748,1.48603,1.48615,1.00,1.00
2017.09.20 16:27:19.518,1.48603,1.48616,1.00,1.00
2017.09.20 16:27:20.463,1.486,1.48616,1.00,1.00
2017.09.20 16:27:20.973,1.48599,1.48616,2.25,1.00
2017.09.20 16:27:21.129,1.486,1.48616,1.69,1.00
2017.09.20 16:27:21.465,1.486,1.48614,1.00,1.00
2017.09.20 16:27:23.157,1.48601,1.48614,1.50,1.00
2017.09.20 16:27:23.667,1.48601,1.48615,2.25,1.00
2017.09.20 16:27:24.216,1.48602,1.48614,1.50,1.00
2017.09.20 16:27:24.414,1.486,1.48616,1.00,1.00
2017.09.20 16:27:24.467,1.486,1.48613,1.50,1.00
2017.09.20 16:27:24.979,1.48599,1.48613,2.44,1.00
2017.09.20 16:27:25.576,1.486,1.48613,1.00,1.00
2017.09.20 16:27:26.078,1.48599,1.48613,2.25,1.00
2017.09.20 16:27:27.022,1.486,1.48613,1.00,1.00
2017.09.20 16:27:27.512,1.48602,1.48613,1.00,1.00
2017.09.20 16:27:28.023,1.48602,1.48614,1.00,1.00
2017.09.20 16:27:28.607,1.48602,1.48613,1.00,1.00
2017.09.20 16:27:32.194,1.48603,1.48617,1.00,1.69
2017.09.20 16:27:32.245,1.48605,1.48617,1.00,1.00
2017.09.20 16:27:32.554,1.48605,1.48615,1.00,1.00
2017.09.20 16:27:33.212,1.48605,1.48617,1.00,1.50
2017.09.20 16:27:33.420,1.48605,1.48615,1.00,1.00
2017.09.20 16:27:33.933,1.48605,1.48614,1.00,1.00
2017.09.20 16:27:34.556,1.48605,1.48613,1.00,1.00
2017.09.20 16:27:34.659,1.48602,1.48613,1.00,1.00
2017.09.20 16:27:35.566,1.48602,1.48611,1.00,1.00
2017.09.20 16:27:35.978,1.486,1.4861,1.00,2.00
2017.09.20 16:27:36.030,1.48598,1.48609,1.00,1.50
2017.09.20 16:27:38.179,1.48598,1.4861,1.00,1.00
2017.09.20 16:27:38.860,1.48598,1.48611,1.00,1.00
2017.09.20 16:27:39.372,1.48598,1.4861,1.00,1.00
2017.09.20 16:27:39.554,1.48598,1.48608,1.00,1.00
2017.09.20 16:27:40.183,1.48598,1.48609,1.00,1.00
2017.09.20 16:27:41.163,1.48598,1.4861,1.00,1.00
2017.09.20 16:27:44.788,1.486,1.4861,1.00,1.00
2017.09.20 16:27:44.943,1.486,1.48612,1.00,1.00
2017.09.20 16:27:48.512,1.486,1.48614,1.00,1.00
2017.09.20 16:27:49.946,1.486,1.48612,1.50,1.00
2017.09.20 16:27:50.475,1.48602,1.48614,1.00,1.00
2017.09.20 16:27:54.457,1.48605,1.48617,1.00,1.00
2017.09.20 16:27:54.764,1.48608,1.4862,1.00,1.00
2017.09.20 16:27:55.465,1.48608,1.48621,1.00,1.25
2017.09.20 16:27:55.968,1.48608,1.4862,1.00,1.00
2017.09.20 16:27:58.369,1.48609,1.48624,2.06,1.00
2017.09.20 16:27:58.421,1.48613,1.48622,1.00,1.00
2017.09.20 16:27:58.525,1.48613,1.48625,1.00,1.00
2017.09.20 16:27:58.628,1.48615,1.48625,1.00,1.00
2017.09.20 16:27:58.681,1.48615,1.48627,1.00,1.00
2017.09.20 16:27:59.188,1.48616,1.48627,1.00,1.00
2017.09.20 16:27:59.496,1.48617,1.48629,1.00,1.00
2017.09.20 16:28:00.009,1.48617,1.4863,1.00,1.00
2017.09.20 16:28:00.847,1.48617,1.4863,1.00,1.19
2017.09.20 16:28:01.178,1.48617,1.48626,1.00,1.25
2017.09.20 16:28:05.564,1.48617,1.48628,1.00,1.00
2017.09.20 16:28:05.871,1.48617,1.4863,1.00,1.00
2017.09.20 16:28:06.385,1.48617,1.48629,1.00,1.00
2017.09.20 16:28:06.952,1.48617,1.4863,1.00,1.00
2017.09.20 16:28:07.607,1.48617,1.48631,1.00,1.00
2017.09.20 16:28:08.137,1.48617,1.4863,1.00,1.00
2017.09.20 16:28:08.684,1.48617,1.48631,1.00,1.00
2017.09.20 16:28:09.155,1.48617,1.48629,1.00,1.00
2017.09.20 16:28:09.410,1.48617,1.48632,1.50,1.00
2017.09.20 16:28:13.212,1.48619,1.48631,1.12,1.00
2017.09.20 16:28:13.562,1.48623,1.48634,1.00,1.00
2017.09.20 16:28:14.066,1.48623,1.48633,1.00,1.00
2017.09.20 16:28:14.356,1.4862,1.48633,1.00,1.00
2017.09.20 16:28:18.767,1.4862,1.48634,1.00,1.00
2017.09.20 16:28:19.317,1.4862,1.48635,1.00,1.00
2017.09.20 16:28:20.040,1.48624,1.48637,1.00,1.19
2017.09.20 16:28:20.143,1.48624,1.48638,1.50,1.00
2017.09.20 16:28:20.653,1.48624,1.4864,1.00,1.62
2017.09.20 16:28:21.652,1.48628,1.48639,1.50,1.00
2017.09.20 16:28:21.703,1.48626,1.48639,1.87,1.00
2017.09.20 16:28:21.909,1.48626,1.48637,1.00,1.00
2017.09.20 16:28:26.478,1.48626,1.48639,1.00,1.00
2017.09.20 16:28:27.154,1.48626,1.48639,1.00,1.19
2017.09.20 16:28:27.626,1.48626,1.4864,1.00,1.25
2017.09.20 16:28:28.809,1.48626,1.48641,1.00,1.00
2017.09.20 16:28:35.711,1.48626,1.4864,1.00,1.00
2017.09.20 16:28:43.471,1.48626,1.48641,1.00,1.13
2017.09.20 16:28:45.161,1.48629,1.48642,1.00,1.00
2017.09.20 16:28:45.316,1.48629,1.48646,2.25,1.00
2017.09.20 16:28:49.637,1.48631,1.48646,1.00,1.00
2017.09.20 16:28:50.225,1.48631,1.48645,1.00,1.00
2017.09.20 16:28:50.789,1.48635,1.48648,1.00,1.00
2017.09.20 16:28:50.891,1.48635,1.48651,1.00,1.00
2017.09.20 16:28:51.503,1.48635,1.4865,1.00,1.00
2017.09.20 16:28:55.128,1.48635,1.4865,1.00,1.63
2017.09.20 16:28:56.171,1.48635,1.4865,1.00,1.88
2017.09.20 16:28:56.290,1.48635,1.4865,1.00,1.88
2017.09.20 16:28:56.814,1.48635,1.48649,1.00,1.25
2017.09.20 16:28:57.792,1.48635,1.48649,1.00,1.19
2017.09.20 16:28:58.404,1.48635,1.48648,1.00,1.19
2017.09.20 16:28:58.916,1.48634,1.48648,1.00,1.25
2017.09.20 16:28:59.580,1.48634,1.48648,1.00,1.31
2017.09.20 16:29:00.310,1.48634,1.48646,1.00,1.00
2017.09.20 16:29:01.090,1.48634,1.48648,1.00,1.31
2017.09.20 16:29:03.008,1.48634,1.48646,1.00,1.00
2017.09.20 16:29:03.162,1.48634,1.48648,1.00,1.25
2017.09.20 16:29:03.367,1.48636,1.48648,1.00,1.00
2017.09.20 16:29:03.520,1.48639,1.48652,1.00,1.12
2017.09.20 16:29:03.572,1.48639,1.4865,1.00,1.00
2017.09.20 16:29:03.674,1.48639,1.48652,1.00,1.00
2017.09.20 16:29:03.726,1.48642,1.48654,1.50,1.00
2017.09.20 16:29:03.829,1.48642,1.48656,1.00,1.50
2017.09.20 16:29:06.834,1.48643,1.48656,1.00,1.00
2017.09.20 16:29:08.365,1.48647,1.48658,1.00,1.00
2017.09.20 16:29:08.674,1.48647,1.48661,1.00,1.87
2017.09.20 16:29:09.191,1.48647,1.48661,1.00,1.00
2017.09.20 16:29:11.358,1.48647,1.4866,1.00,1.00
2017.09.20 16:29:11.461,1.48647,1.48658,1.00,1.00
2017.09.20 16:29:11.717,1.48647,1.4866,1.00,1.25
2017.09.20 16:29:12.265,1.48647,1.48659,1.00,1.00
2017.09.20 16:29:12.741,1.48647,1.48661,1.00,1.00
2017.09.20 16:29:13.304,1.48647,1.4866,1.00,1.00
2017.09.20 16:29:14.740,1.48647,1.48659,1.00,1.25
2017.09.20 16:29:16.474,1.48647,1.48658,1.00,1.00
2017.09.20 16:29:17.030,1.48647,1.48659,1.00,1.25
2017.09.20 16:29:17.775,1.48647,1.48658,1.00,1.25
2017.09.20 16:29:18.031,1.48647,1.4866,1.00,1.25
2017.09.20 16:29:18.184,1.48647,1.48658,1.00,1.25
2017.09.20 16:29:18.695,1.48647,1.48657,1.00,1.00
2017.09.20 16:29:18.851,1.48647,1.48659,1.00,1.00
2017.09.20 16:29:19.378,1.48647,1.48658,1.00,1.25
2017.09.20 16:29:23.051,1.48647,1.48659,1.00,1.00
2017.09.20 16:29:23.562,1.48647,1.4866,1.00,1.25
2017.09.20 16:29:23.665,1.48647,1.48658,1.00,1.25
2017.09.20 16:29:24.175,1.48647,1.48659,1.00,1.25
2017.09.20 16:29:24.768,1.48647,1.48661,1.00,1.69
2017.09.20 16:29:26.307,1.4865,1.48663,1.00,1.62
2017.09.20 16:29:26.955,1.48649,1.48663,1.00,1.31
2017.09.20 16:29:27.795,1.48649,1.48664,1.00,1.62
2017.09.20 16:29:28.141,1.48649,1.48663,1.00,1.50
2017.09.20 16:29:28.244,1.48649,1.48664,1.00,1.37
2017.09.20 16:29:28.801,1.4865,1.48663,1.00,1.12
2017.09.20 16:29:29.312,1.4865,1.48665,1.00,1.62
2017.09.20 16:29:29.825,1.48651,1.48665,1.00,1.44
2017.09.20 16:29:30.117,1.48649,1.48663,1.00,1.87
2017.09.20 16:29:30.427,1.48643,1.48655,1.12,2.63
2017.09.20 16:29:30.531,1.48641,1.48654,1.00,2.62
2017.09.20 16:29:30.702,1.48638,1.48654,1.50,1.63
2017.09.20 16:29:30.856,1.4864,1.48655,1.00,1.56
2017.09.20 16:29:30.908,1.4864,1.48655,1.00,1.63
2017.09.20 16:29:31.421,1.48641,1.48655,1.00,1.88
2017.09.20 16:29:31.580,1.4864,1.48656,1.00,3.38
2017.09.20 16:29:32.116,1.4864,1.48656,1.00,2.81
2017.09.20 16:29:32.707,1.4864,1.48655,1.00,1.87
2017.09.20 16:29:33.213,1.4864,1.48655,1.00,2.81
2017.09.20 16:29:33.418,1.48638,1.48655,1.00,2.62
2017.09.20 16:29:33.936,1.48637,1.48653,1.00,1.69
2017.09.20 16:29:33.987,1.48639,1.48653,1.00,1.50
2017.09.20 16:29:34.090,1.48637,1.48653,1.00,1.50
2017.09.20 16:29:34.564,1.48639,1.48653,1.00,1.50
2017.09.20 16:29:35.105,1.48639,1.48653,1.00,1.50
2017.09.20 16:29:35.790,1.48637,1.48651,1.00,1.25
2017.09.20 16:29:36.158,1.48637,1.48653,1.00,1.31
2017.09.20 16:29:36.413,1.48637,1.48653,1.00,1.63
2017.09.20 16:29:36.517,1.48637,1.48651,1.00,1.00
2017.09.20 16:29:36.620,1.48637,1.48649,1.00,1.44
2017.09.20 16:29:36.672,1.48634,1.48649,1.50,1.00
2017.09.20 16:29:36.724,1.48634,1.48649,1.50,1.50
2017.09.20 16:29:36.776,1.48634,1.4865,1.50,1.69
2017.09.20 16:29:37.324,1.48635,1.48649,1.00,1.31
2017.09.20 16:29:37.864,1.48635,1.4865,1.00,1.87
2017.09.20 16:29:38.110,1.48637,1.4865,1.00,1.87
2017.09.20 16:29:38.474,1.48636,1.4865,1.00,2.19
2017.09.20 16:29:38.730,1.48636,1.48652,1.00,1.31
2017.09.20 16:29:38.986,1.48636,1.48652,1.00,1.38
2017.09.20 16:29:39.667,1.48636,1.48652,1.00,1.13
2017.09.20 16:29:40.406,1.48636,1.48652,1.00,1.13
2017.09.20 16:29:40.667,1.48637,1.48653,1.00,1.87
2017.09.20 16:29:40.920,1.48639,1.48653,1.00,1.69
2017.09.20 16:29:41.229,1.48639,1.48653,1.00,1.81
2017.09.20 16:29:41.690,1.48637,1.48653,1.00,1.88
2017.09.20 16:29:41.741,1.48637,1.48652,1.00,1.50
2017.09.20 16:29:42.048,1.48637,1.48651,1.00,1.44
2017.09.20 16:29:42.568,1.48636,1.48651,1.00,1.44
2017.09.20 16:29:43.079,1.48636,1.48652,1.00,1.50
2017.09.20 16:29:43.693,1.48637,1.48653,1.00,2.19
2017.09.20 16:29:44.199,1.48638,1.48653,1.00,1.88
2017.09.20 16:29:45.015,1.48638,1.48654,1.00,2.44
2017.09.20 16:29:45.447,1.48636,1.48654,1.00,3.19
2017.09.20 16:29:45.499,1.48638,1.48654,1.00,3.19
2017.09.20 16:29:47.229,1.48638,1.48651,1.00,1.44
2017.09.20 16:29:47.816,1.48635,1.4865,1.00,2.06
2017.09.20 16:29:47.920,1.48635,1.48647,1.00,1.00
2017.09.20 16:29:48.125,1.48635,1.48649,1.00,1.00
2017.09.20 16:29:48.230,1.48637,1.4865,1.00,1.87
2017.09.20 16:29:48.334,1.48635,1.4865,1.00,1.31
2017.09.20 16:29:48.386,1.48637,1.4865,1.00,1.31
2017.09.20 16:29:48.764,1.48635,1.4865,1.00,1.50
2017.09.20 16:29:49.283,1.48635,1.4865,1.00,3.00
2017.09.20 16:29:49.644,1.48634,1.4865,1.00,1.12
2017.09.20 16:29:50.195,1.48635,1.4865,1.00,1.25
2017.09.20 16:29:50.348,1.48635,1.4865,1.00,3.56
2017.09.20 16:29:50.452,1.48634,1.4865,1.00,1.25
2017.09.20 16:29:50.770,1.48636,1.4865,1.00,3.19
2017.09.20 16:29:51.653,1.48636,1.4865,1.00,2.25
2017.09.20 16:29:52.519,1.48635,1.4865,1.00,1.62
2017.09.20 16:29:52.877,1.48637,1.48652,1.00,2.81
2017.09.20 16:29:53.193,1.48637,1.48652,1.00,2.06
2017.09.20 16:29:53.730,1.48637,1.48652,1.00,2.25
2017.09.20 16:29:54.378,1.48637,1.48652,1.00,1.25
2017.09.20 16:29:54.581,1.48637,1.48652,1.00,2.06
2017.09.20 16:29:55.095,1.48636,1.4865,1.00,1.31
2017.09.20 16:29:55.394,1.48636,1.48652,1.00,1.69
2017.09.20 16:29:55.497,1.48639,1.48655,1.13,1.19
2017.09.20 16:29:55.651,1.48642,1.48658,1.00,1.00
2017.09.20 16:29:55.922,1.48645,1.48659,1.00,1.44
2017.09.20 16:29:56.702,1.48643,1.48659,1.00,1.44
2017.09.20 16:29:56.960,1.48644,1.48661,1.00,1.87
2017.09.20 16:29:57.115,1.48647,1.48665,1.00,4.88
2017.09.20 16:29:57.527,1.48648,1.48665,1.00,2.81
2017.09.20 16:29:58.037,1.48648,1.48665,1.00,2.25
2017.09.20 16:29:58.735,1.48648,1.48664,1.00,1.44
2017.09.20 16:29:59.243,1.48648,1.48664,1.00,1.69
2017.09.20 16:29:59.680,1.48649,1.48665,1.00,1.25
2017.09.20 16:29:59.837,1.48649,1.48664,1.00,1.44
2017.09.20 16:30:00.338,1.48648,1.48662,1.00,1.63
2017.09.20 16:30:00.390,1.48645,1.48659,1.00,1.25
2017.09.20 16:30:01.107,1.48645,1.4866,1.00,1.12
2017.09.20 16:30:02.209,1.48645,1.48661,1.00,1.81
2017.09.20 16:30:02.816,1.48645,1.4866,1.50,1.25
2017.09.20 16:30:03.359,1.48645,1.48661,1.50,1.62
2017.09.20 16:30:03.909,1.48646,1.48661,1.00,1.44
2017.09.20 16:30:05.011,1.48647,1.48661,1.00,1.00
2017.09.20 16:30:05.063,1.48649,1.48661,1.00,1.00
2017.09.20 16:30:05.211,1.48651,1.48666,1.00,1.44
2017.09.20 16:30:05.263,1.48651,1.48666,1.00,1.25
2017.09.20 16:30:05.367,1.48649,1.48666,1.00,2.25
2017.09.20 16:30:05.420,1.48647,1.48663,2.25,1.12
2017.09.20 16:30:05.524,1.48645,1.48656,1.50,1.00
2017.09.20 16:30:05.628,1.48642,1.48656,1.50,1.00
2017.09.20 16:30:06.232,1.48642,1.48659,1.00,1.13
2017.09.20 16:30:06.437,1.48647,1.48659,1.00,1.25
2017.09.20 16:30:06.488,1.48645,1.48659,1.00,1.25
2017.09.20 16:30:06.540,1.48647,1.48662,1.00,1.44
2017.09.20 16:30:06.643,1.48648,1.48662,1.00,1.00
2017.09.20 16:30:06.898,1.48648,1.48664,1.00,2.25
2017.09.20 16:30:07.505,1.48648,1.48665,1.00,2.06
2017.09.20 16:30:07.762,1.48648,1.48661,1.00,1.88
2017.09.20 16:30:07.813,1.48644,1.48659,1.00,1.63
2017.09.20 16:30:07.865,1.48642,1.48657,1.12,1.25
2017.09.20 16:30:07.916,1.48642,1.48657,1.00,1.44
2017.09.20 16:30:08.430,1.48641,1.48656,1.00,1.50
2017.09.20 16:30:11.385,1.48646,1.48658,1.00,1.00
2017.09.20 16:30:11.592,1.48649,1.48664,1.00,2.81
2017.09.20 16:30:12.168,1.48649,1.48663,1.00,1.12
2017.09.20 16:30:12.350,1.48645,1.48664,1.50,1.87
2017.09.20 16:30:12.979,1.48645,1.48663,1.00,1.44
2017.09.20 16:30:13.233,1.48643,1.48661,1.00,1.00
2017.09.20 16:30:14.659,1.48643,1.48661,1.69,1.87
2017.09.20 16:30:14.813,1.48644,1.48663,1.00,2.25
2017.09.20 16:30:15.173,1.48643,1.4866,1.50,1.38
2017.09.20 16:30:15.276,1.48639,1.48658,1.37,1.87
2017.09.20 16:30:15.789,1.48639,1.48656,1.00,1.31
2017.09.20 16:30:16.409,1.48639,1.48657,1.00,3.19
2017.09.20 16:30:16.792,1.48639,1.48657,1.00,2.06
2017.09.20 16:30:17.422,1.48639,1.48658,1.00,1.19
2017.09.20 16:30:18.569,1.48639,1.48657,1.00,1.19
2017.09.20 16:30:19.207,1.48639,1.48658,1.00,1.19
2017.09.20 16:30:19.764,1.48639,1.48657,1.20,1.69
2017.09.20 16:30:20.273,1.48639,1.48658,1.00,1.88
2017.09.20 16:30:20.936,1.48643,1.48658,1.00,1.00
2017.09.20 16:30:21.132,1.48645,1.48661,1.50,1.00
2017.09.20 16:30:21.184,1.48646,1.48664,1.00,1.25
2017.09.20 16:30:21.390,1.48645,1.48662,1.50,1.25
2017.09.20 16:30:21.900,1.48646,1.48662,1.00,1.69
2017.09.20 16:30:22.412,1.48645,1.48663,2.00,1.69
2017.09.20 16:30:22.718,1.48644,1.48662,1.00,1.81
2017.09.20 16:30:22.968,1.48642,1.48661,2.25,2.06
2017.09.20 16:30:23.479,1.48642,1.4866,1.00,1.25
2017.09.20 16:30:23.531,1.48642,1.4866,1.00,1.88
2017.09.20 16:30:23.939,1.4864,1.48658,3.37,1.25
2017.09.20 16:30:24.356,1.48642,1.48661,1.00,1.37
2017.09.20 16:30:24.664,1.48642,1.48662,1.00,2.25
2017.09.20 16:30:25.022,1.48641,1.48659,1.00,1.75
2017.09.20 16:30:25.175,1.48638,1.48655,1.50,1.00
2017.09.20 16:30:25.727,1.48638,1.48655,1.50,1.87
2017.09.20 16:30:25.933,1.48638,1.48655,1.50,3.38
2017.09.20 16:30:26.444,1.48638,1.48656,1.50,1.69
2017.09.20 16:30:26.948,1.48638,1.48657,2.00,3.37
2017.09.20 16:30:27.256,1.48638,1.48656,1.50,1.50
2017.09.20 16:30:27.821,1.48638,1.48656,1.69,1.81
2017.09.20 16:30:28.356,1.48638,1.48656,1.25,1.50
2017.09.20 16:30:28.866,1.48638,1.48652,1.00,1.00
2017.09.20 16:30:29.720,1.48638,1.48651,1.50,1.00
2017.09.20 16:30:30.221,1.48638,1.48652,1.50,1.00
2017.09.20 16:30:30.794,1.48638,1.48653,1.50,1.00
2017.09.20 16:30:31.380,1.48638,1.48652,1.50,1.00
2017.09.20 16:30:32.520,1.48638,1.48654,1.00,1.12
2017.09.20 16:30:33.023,1.48638,1.48657,2.62,1.50
2017.09.20 16:30:33.074,1.48641,1.48657,1.25,1.00
2017.09.20 16:30:33.716,1.48641,1.4866,1.44,2.48
2017.09.20 16:30:34.323,1.48641,1.4866,1.69,2.66
2017.09.20 16:30:35.690,1.48642,1.4866,1.00,1.49
2017.09.20 16:30:36.210,1.48642,1.48661,1.50,1.50
2017.09.20 16:30:36.517,1.48641,1.48661,1.69,1.50
2017.09.20 16:30:37.381,1.48641,1.4866,2.19,1.12
2017.09.20 16:30:37.842,1.48641,1.48661,1.25,2.06
2017.09.20 16:30:38.354,1.48641,1.48661,1.87,2.25
2017.09.20 16:30:38.905,1.48641,1.48661,1.25,1.31
2017.09.20 16:30:39.448,1.48641,1.48659,1.63,1.50
2017.09.20 16:30:40.508,1.48641,1.48659,1.25,1.50
2017.09.20 16:30:40.967,1.48642,1.48659,1.63,1.00
2017.09.20 16:30:41.496,1.48642,1.48659,1.12,1.00
2017.09.20 16:30:44.047,1.48642,1.48659,2.00,1.50
2017.09.20 16:30:45.386,1.48642,1.48659,2.00,1.50
2017.09.20 16:30:45.936,1.48642,1.4866,2.00,1.00
2017.09.20 16:30:46.556,1.48642,1.4866,2.00,1.00
2017.09.20 16:30:47.129,1.48642,1.4866,1.50,1.00
2017.09.20 16:30:49.917,1.48646,1.4866,1.00,1.00
2017.09.20 16:30:50.511,1.48646,1.48659,1.00,1.00
2017.09.20 16:30:51.082,1.48646,1.4866,1.00,1.00
2017.09.20 16:30:51.617,1.48646,1.48659,1.00,1.00
2017.09.20 16:30:52.049,1.48647,1.48661,1.00,1.00
2017.09.20 16:30:52.153,1.48649,1.48663,1.00,1.12
2017.09.20 16:30:52.489,1.48647,1.48663,1.00,2.25
2017.09.20 16:30:53.298,1.48647,1.48663,1.00,1.56
2017.09.20 16:30:53.720,1.48649,1.48663,1.00,1.31
2017.09.20 16:30:54.525,1.48649,1.48662,1.00,1.13
2017.09.20 16:30:55.594,1.48649,1.48663,1.00,1.69
2017.09.20 16:30:55.994,1.4865,1.48666,1.00,1.69
2017.09.20 16:30:56.046,1.4865,1.48666,1.00,1.81
2017.09.20 16:30:56.192,1.4865,1.48666,1.00,1.87
2017.09.20 16:30:56.815,1.4865,1.48666,1.00,1.00
2017.09.20 16:30:56.919,1.4865,1.48666,1.00,2.25
2017.09.20 16:30:57.229,1.4864,1.48654,1.87,1.38
2017.09.20 16:30:57.373,1.4864,1.48655,1.87,1.12
2017.09.20 16:30:57.527,1.48639,1.48654,1.00,2.25
2017.09.20 16:30:57.735,1.48635,1.4865,1.00,1.00
2017.09.20 16:30:57.787,1.48637,1.48652,1.00,1.50
2017.09.20 16:30:58.095,1.48637,1.48653,1.50,1.00
2017.09.20 16:30:58.354,1.48642,1.48657,1.00,1.25
2017.09.20 16:30:58.405,1.48642,1.48657,1.00,1.19
2017.09.20 16:30:58.712,1.48643,1.48658,1.00,1.69
2017.09.20 16:30:59.213,1.48644,1.48658,1.00,1.00
2017.09.20 16:30:59.755,1.48644,1.48657,1.00,1.00
2017.09.20 16:31:00.366,1.48644,1.48658,1.00,1.00
2017.09.20 16:31:01.210,1.48644,1.48657,1.00,1.00
2017.09.20 16:31:02.533,1.48644,1.48658,1.00,1.00
2017.09.20 16:31:03.457,1.48644,1.48657,1.00,1.00
2017.09.20 16:31:04.124,1.48644,1.48658,1.00,1.00
2017.09.20 16:31:04.634,1.48646,1.48658,1.00,1.50
2017.09.20 16:31:04.890,1.48646,1.4866,1.00,1.69
2017.09.20 16:31:05.982,1.48646,1.48662,1.00,1.19
2017.09.20 16:31:06.034,1.48648,1.48662,1.25,1.00
2017.09.20 16:31:06.342,1.48648,1.48659,1.00,1.00
2017.09.20 16:31:06.601,1.48649,1.48661,1.00,1.00
2017.09.20 16:31:06.654,1.48649,1.48659,1.00,1.00
2017.09.20 16:31:07.165,1.48648,1.4866,1.00,1.00
2017.09.20 16:31:07.523,1.48648,1.48661,1.50,1.00
2017.09.20 16:31:07.956,1.48647,1.48661,1.25,1.00
2017.09.20 16:31:08.455,1.48647,1.48661,1.50,1.00
2017.09.20 16:31:09.049,1.48647,1.4866,1.50,1.00
2017.09.20 16:31:09.704,1.48647,1.4866,1.50,1.00
2017.09.20 16:31:10.215,1.48648,1.48661,1.50,1.00
2017.09.20 16:31:10.737,1.48646,1.48661,1.50,1.00
2017.09.20 16:31:11.250,1.48646,1.4866,1.50,1.00
2017.09.20 16:31:11.352,1.48646,1.4866,1.25,1.00
2017.09.20 16:31:11.736,1.48648,1.48661,1.00,1.00
2017.09.20 16:31:12.403,1.48648,1.4866,1.00,1.00
2017.09.20 16:31:13.184,1.48648,1.48661,1.00,1.00
2017.09.20 16:31:14.539,1.48648,1.4866,1.00,1.00
2017.09.20 16:31:15.055,1.48648,1.48661,1.00,1.00
2017.09.20 16:31:15.747,1.48648,1.4866,1.00,1.00
2017.09.20 16:31:15.911,1.48648,1.48662,1.00,1.31
2017.09.20 16:31:16.362,1.48649,1.48664,1.00,1.31
2017.09.20 16:31:16.464,1.48651,1.48664,1.00,1.31
2017.09.20 16:31:17.026,1.48651,1.48663,1.00,1.00
2017.09.20 16:31:17.577,1.48651,1.48664,1.00,1.31
2017.09.20 16:31:17.782,1.48647,1.48664,1.00,1.62
2017.09.20 16:31:17.884,1.48644,1.48663,2.19,1.12
2017.09.20 16:31:18.350,1.48644,1.48662,2.13,1.12
2017.09.20 16:31:20.126,1.48644,1.48663,1.69,1.50
2017.09.20 16:31:21.211,1.48644,1.48663,1.69,2.06
2017.09.20 16:31:22.256,1.48644,1.48663,1.69,1.50
2017.09.20 16:31:22.813,1.48644,1.48662,1.63,1.31
2017.09.20 16:31:23.347,1.48644,1.48662,1.94,1.12
2017.09.20 16:31:24.014,1.48644,1.48662,1.94,1.31
2017.09.20 16:31:24.565,1.48643,1.4866,1.06,1.00
2017.09.20 16:31:25.028,1.48642,1.48661,1.44,1.50
2017.09.20 16:31:25.080,1.48642,1.48658,2.19,1.00
2017.09.20 16:31:25.566,1.48641,1.48658,1.81,1.00
2017.09.20 16:31:25.924,1.48641,1.48659,1.31,1.00
2017.09.20 16:31:26.077,1.48641,1.48658,2.00,1.00
2017.09.20 16:31:26.745,1.48643,1.48659,1.00,1.00
2017.09.20 16:31:27.248,1.48642,1.4866,1.75,1.00
2017.09.20 16:31:27.352,1.48642,1.4866,1.25,1.00
2017.09.20 16:31:27.559,1.48642,1.48659,1.75,1.00
2017.09.20 16:31:27.666,1.48641,1.48659,1.44,1.25
2017.09.20 16:31:27.717,1.48641,1.48657,1.44,1.00
2017.09.20 16:31:28.024,1.4864,1.48658,1.06,1.00
2017.09.20 16:31:28.127,1.4864,1.48658,1.36,1.00
2017.09.20 16:31:28.501,1.4864,1.48655,2.56,1.00
2017.09.20 16:31:29.012,1.4864,1.48656,1.94,1.00
2017.09.20 16:31:29.815,1.4864,1.48655,1.81,1.00
2017.09.20 16:31:30.324,1.4864,1.48656,1.63,1.00
2017.09.20 16:31:31.130,1.4864,1.48655,1.81,1.00
2017.09.20 16:31:31.808,1.4864,1.48655,1.81,1.00
2017.09.20 16:31:32.392,1.4864,1.48656,1.63,1.00
2017.09.20 16:31:32.965,1.4864,1.48656,1.63,1.00
2017.09.20 16:31:33.758,1.4864,1.48655,1.81,1.00
2017.09.20 16:31:34.290,1.4864,1.48656,1.63,1.00
2017.09.20 16:31:35.083,1.4864,1.48655,1.81,1.00
2017.09.20 16:31:35.699,1.4864,1.48655,1.81,1.00
2017.09.20 16:31:37.015,1.4864,1.48656,1.63,1.00
2017.09.20 16:31:37.544,1.4864,1.48656,1.63,1.00
2017.09.20 16:31:37.698,1.4864,1.48658,1.12,1.12
2017.09.20 16:31:37.800,1.48641,1.48659,1.50,1.12
2017.09.20 16:31:38.371,1.48641,1.48659,1.69,1.50
2017.09.20 16:31:40.109,1.48641,1.48659,1.69,1.69
2017.09.20 16:31:40.653,1.48641,1.48659,1.75,1.50
2017.09.20 16:31:41.271,1.48645,1.48659,1.00,1.00
2017.09.20 16:31:42.105,1.48645,1.4866,1.00,2.81
2017.09.20 16:31:42.610,1.48645,1.48659,1.00,1.00
2017.09.20 16:31:43.551,1.48645,1.4866,1.00,2.06
2017.09.20 16:31:44.094,1.48646,1.48662,1.00,1.44
2017.09.20 16:31:44.605,1.48646,1.48662,1.00,2.63
2017.09.20 16:31:45.371,1.48646,1.48662,1.00,1.31
2017.09.20 16:31:46.136,1.48646,1.48662,1.00,1.69
2017.09.20 16:31:46.598,1.48649,1.48664,1.00,3.19
2017.09.20 16:31:46.701,1.48651,1.48666,1.50,1.62
2017.09.20 16:31:47.216,1.48652,1.48669,1.00,2.62
2017.09.20 16:31:47.755,1.48652,1.48668,1.00,1.69
2017.09.20 16:31:48.320,1.48652,1.48668,1.00,2.06
2017.09.20 16:31:48.475,1.4865,1.48668,1.00,2.81
2017.09.20 16:31:48.680,1.48651,1.48668,1.50,1.69
2017.09.20 16:31:48.973,1.48655,1.48672,1.00,2.81
2017.09.20 16:31:49.127,1.48655,1.48672,1.75,1.00
2017.09.20 16:31:49.840,1.48656,1.48672,1.25,1.25
2017.09.20 16:31:51.204,1.48655,1.48672,1.25,2.06
2017.09.20 16:31:52.365,1.48655,1.48672,1.25,2.06
2017.09.20 16:31:52.895,1.48653,1.4867,1.19,1.87
2017.09.20 16:31:53.618,1.48653,1.4867,1.19,1.69
2017.09.20 16:31:53.863,1.48653,1.4867,1.19,2.81
2017.09.20 16:31:54.780,1.48653,1.4867,1.19,2.06
2017.09.20 16:31:55.207,1.48649,1.48664,1.00,1.12
2017.09.20 16:31:55.521,1.48648,1.48662,1.00,1.00
2017.09.20 16:31:57.287,1.48648,1.48664,1.00,1.87
2017.09.20 16:31:58.201,1.48648,1.48663,1.00,1.00
2017.09.20 16:31:58.728,1.48648,1.48664,1.00,1.87
2017.09.20 16:31:59.229,1.48648,1.48664,1.00,1.87
2017.09.20 16:32:00.103,1.48648,1.48664,1.00,1.69
2017.09.20 16:32:01.350,1.48648,1.48665,1.00,3.94
2017.09.20 16:32:02.154,1.48648,1.48664,1.00,1.31
2017.09.20 16:32:02.588,1.48648,1.48662,1.00,1.00
2017.09.20 16:32:03.126,1.48648,1.48663,1.00,1.25
2017.09.20 16:32:04.945,1.48648,1.48662,1.00,1.00
2017.09.20 16:32:05.485,1.48647,1.48661,1.00,1.00
2017.09.20 16:32:05.995,1.48647,1.4866,1.00,1.00
2017.09.20 16:32:06.540,1.48647,1.48661,1.00,1.50
2017.09.20 16:32:07.239,1.4865,1.48661,1.00,1.50
2017.09.20 16:32:07.747,1.4865,1.48662,1.00,1.12
2017.09.20 16:32:07.860,1.48648,1.48662,1.00,1.12
2017.09.20 16:32:08.395,1.48648,1.48661,1.00,1.00
2017.09.20 16:32:08.927,1.48648,1.48662,1.00,1.12
2017.09.20 16:32:10.059,1.48648,1.48661,1.00,1.00
2017.09.20 16:32:11.289,1.4865,1.48664,1.00,1.50
2017.09.20 16:32:11.341,1.48649,1.48665,1.19,1.37
2017.09.20 16:32:11.393,1.48649,1.48667,1.50,2.25
2017.09.20 16:32:11.817,1.48649,1.48666,1.31,1.00
2017.09.20 16:32:11.870,1.48648,1.48664,1.56,1.00
2017.09.20 16:32:12.179,1.48648,1.48666,1.88,1.12
2017.09.20 16:32:12.232,1.4865,1.48665,1.44,1.00
2017.09.20 16:32:12.600,1.4865,1.48667,1.31,1.00
2017.09.20 16:32:13.145,1.48651,1.48666,1.19,1.00
2017.09.20 16:32:13.665,1.48651,1.48667,1.19,1.00
2017.09.20 16:32:14.373,1.48651,1.48667,1.19,1.50
2017.09.20 16:32:14.879,1.48651,1.48666,1.19,1.00
2017.09.20 16:32:15.034,1.48649,1.48663,1.19,1.00
2017.09.20 16:32:15.085,1.48648,1.48664,1.31,1.00
2017.09.20 16:32:15.236,1.48647,1.48661,1.88,1.00
2017.09.20 16:32:15.872,1.48647,1.48662,1.31,1.00
2017.09.20 16:32:17.112,1.48645,1.48662,2.06,1.00
2017.09.20 16:32:17.164,1.48645,1.4866,2.06,1.00
2017.09.20 16:32:18.265,1.48644,1.4866,2.44,1.00
2017.09.20 16:32:36.056,1.48646,1.48661,1.25,1.00
2017.09.20 16:32:36.363,1.48647,1.48666,3.94,1.00
2017.09.20 16:32:36.767,1.48647,1.48664,1.69,1.00
2017.09.20 16:32:37.345,1.48647,1.48663,1.19,1.00
2017.09.20 16:32:37.653,1.48652,1.48666,1.19,1.00
2017.09.20 16:32:38.197,1.48652,1.48667,1.19,1.00
2017.09.20 16:32:39.243,1.48652,1.48668,1.19,1.25
2017.09.20 16:32:51.677,1.48652,1.48669,1.87,1.50
2017.09.20 16:33:00.321,1.48652,1.48669,1.19,1.00
2017.09.20 16:33:01.135,1.48652,1.48668,1.31,1.00
2017.09.20 16:33:01.237,1.48652,1.48669,1.87,1.00
2017.09.20 16:33:01.290,1.48653,1.4867,1.69,1.25
2017.09.20 16:33:01.342,1.48656,1.48671,1.50,1.19
2017.09.20 16:33:01.495,1.48654,1.4867,1.12,1.00
2017.09.20 16:33:02.452,1.48653,1.4867,1.25,1.00
2017.09.20 16:33:02.504,1.48653,1.4867,1.62,1.00
2017.09.20 16:33:05.014,1.48654,1.48669,1.37,1.00
2017.09.20 16:33:05.066,1.48653,1.48669,1.31,1.00
2017.09.20 16:33:05.169,1.48654,1.48669,1.87,1.00
2017.09.20 16:33:05.476,1.48655,1.48671,1.37,1.00
2017.09.20 16:33:06.072,1.48656,1.4867,1.37,1.00
2017.09.20 16:33:06.225,1.48656,1.4867,1.00,1.00
2017.09.20 16:33:06.450,1.48655,1.4867,1.37,1.00
2017.09.20 16:33:07.227,1.48656,1.48672,1.37,1.69
2017.09.20 16:33:07.329,1.48656,1.48672,1.37,1.87
2017.09.20 16:33:07.432,1.48656,1.48667,1.37,1.00
2017.09.20 16:33:07.534,1.48655,1.48669,1.87,1.00
2017.09.20 16:33:08.052,1.48655,1.48669,1.87,1.00
2017.09.20 16:33:08.292,1.48655,1.48667,1.37,1.00
2017.09.20 16:33:08.394,1.48655,1.4867,1.37,1.50
2017.09.20 16:33:09.023,1.48652,1.48669,2.25,1.00
2017.09.20 16:33:09.423,1.48652,1.48667,1.50,1.00
2017.09.20 16:33:09.931,1.48652,1.48666,1.50,1.00
2017.09.20 16:33:12.642,1.48654,1.48668,1.19,1.00
2017.09.20 16:33:12.900,1.48656,1.48672,2.81,1.00
2017.09.20 16:33:13.486,1.48656,1.48673,2.06,1.00
2017.09.20 16:33:15.068,1.48658,1.48671,1.31,1.00
2017.09.20 16:33:15.586,1.48657,1.48672,1.56,1.00
2017.09.20 16:33:16.096,1.48656,1.48672,2.25,1.00
2017.09.20 16:33:16.617,1.48655,1.48672,3.94,1.00
2017.09.20 16:33:17.159,1.48655,1.48671,4.31,1.00
2017.09.20 16:33:17.314,1.48655,1.48673,3.56,1.50
2017.09.20 16:33:17.936,1.48661,1.48673,1.00,1.00
2017.09.20 16:33:18.451,1.48661,1.48674,1.00,1.12
2017.09.20 16:33:19.379,1.48661,1.48675,1.00,1.25
2017.09.20 16:33:19.767,1.48661,1.48675,1.00,1.37
2017.09.20 16:33:21.207,1.48661,1.48674,1.00,1.25
2017.09.20 16:33:23.123,1.48661,1.48675,1.00,1.12
2017.09.20 16:33:23.478,1.48661,1.48673,1.00,1.00
2017.09.20 16:33:23.996,1.4866,1.48674,1.00,1.00
2017.09.20 16:33:24.895,1.4866,1.48673,1.00,1.00
2017.09.20 16:33:25.881,1.48658,1.48672,1.25,1.00
2017.09.20 16:33:26.427,1.48658,1.48671,1.25,1.00
2017.09.20 16:33:26.479,1.48658,1.48671,1.19,1.00
2017.09.20 16:33:26.531,1.48658,1.48674,1.44,1.00
2017.09.20 16:33:26.583,1.48658,1.48676,1.00,2.62
2017.09.20 16:33:27.097,1.48659,1.48673,1.25,1.00
2017.09.20 16:33:27.301,1.48659,1.48676,1.25,1.44
2017.09.20 16:33:27.833,1.4866,1.48675,1.00,1.12
2017.09.20 16:33:28.395,1.4866,1.48673,1.00,1.00
2017.09.20 16:33:28.918,1.48658,1.48675,1.19,1.62
2017.09.20 16:33:29.517,1.48658,1.48675,1.19,1.31
2017.09.20 16:33:30.026,1.48661,1.48673,1.00,1.00
2017.09.20 16:33:30.078,1.48661,1.48677,1.00,1.31
2017.09.20 16:33:30.605,1.48662,1.48678,1.00,1.37
2017.09.20 16:33:31.601,1.48662,1.48677,1.00,1.00
2017.09.20 16:33:31.653,1.48666,1.48677,1.00,1.00
2017.09.20 16:33:31.862,1.48667,1.48679,1.00,1.00
2017.09.20 16:33:33.475,1.48667,1.48681,1.00,1.44
2017.09.20 16:33:36.099,1.48669,1.4868,1.00,1.00
2017.09.20 16:33:36.606,1.48668,1.48679,1.00,1.00
2017.09.20 16:33:37.002,1.48666,1.4868,1.00,1.50
2017.09.20 16:33:37.258,1.48663,1.48679,1.00,1.25
2017.09.20 16:33:38.285,1.48663,1.48678,1.00,1.00
2017.09.20 16:33:40.967,1.48663,1.48677,1.00,1.00
2017.09.20 16:33:45.469,1.48661,1.48677,1.00,1.44
2017.09.20 16:33:46.828,1.48662,1.48677,1.00,1.25
2017.09.20 16:33:47.372,1.48663,1.4868,1.00,2.62
2017.09.20 16:33:47.424,1.48663,1.4868,1.00,3.00
2017.09.20 16:33:47.958,1.48663,1.4868,1.00,1.12
2017.09.20 16:33:48.307,1.48665,1.4868,1.00,1.12
2017.09.20 16:33:49.912,1.48665,1.48681,1.00,3.00
2017.09.20 16:33:50.389,1.48665,1.4868,1.00,1.87
2017.09.20 16:33:50.559,1.48665,1.4868,1.00,1.50
2017.09.20 16:33:51.110,1.48661,1.48677,1.19,1.25
2017.09.20 16:33:54.748,1.48658,1.48674,2.06,1.00
2017.09.20 16:33:54.971,1.48656,1.48674,3.00,1.00
2017.09.20 16:33:56.506,1.48656,1.48674,4.12,1.00
2017.09.20 16:33:57.269,1.48656,1.48674,3.37,1.00
2017.09.20 16:34:01.461,1.48656,1.48673,2.25,1.00
2017.09.20 16:34:01.512,1.48656,1.48673,1.50,1.00
2017.09.20 16:34:02.315,1.48656,1.48673,1.31,1.00
2017.09.20 16:34:02.884,1.48655,1.48673,2.62,1.00
2017.09.20 16:34:03.496,1.48655,1.48671,2.44,1.00
2017.09.20 16:34:08.617,1.48657,1.48671,1.00,1.00
2017.09.20 16:34:09.296,1.48656,1.48671,1.69,1.00
2017.09.20 16:34:15.019,1.48657,1.48671,1.00,1.00
2017.09.20 16:34:15.325,1.48657,1.48673,1.19,1.00
2017.09.20 16:34:17.715,1.48658,1.48674,2.44,1.00
2017.09.20 16:34:18.115,1.48656,1.48671,1.69,1.00
2017.09.20 16:34:18.269,1.48656,1.48671,1.69,1.00
2017.09.20 16:34:20.147,1.48656,1.48671,1.50,1.25
2017.09.20 16:34:20.360,1.48656,1.48669,1.50,1.00
2017.09.20 16:34:21.857,1.48656,1.48668,1.00,1.00
2017.09.20 16:34:22.484,1.48653,1.48668,1.69,1.00
2017.09.20 16:34:22.536,1.48651,1.48668,2.62,1.00
2017.09.20 16:34:22.638,1.48651,1.48666,1.31,1.00
2017.09.20 16:34:25.368,1.48651,1.48665,1.19,1.00
2017.09.20 16:34:25.888,1.48651,1.48666,1.19,1.00
2017.09.20 16:34:30.543,1.4865,1.48667,1.19,1.00
2017.09.20 16:34:31.094,1.4865,1.48666,1.31,1.00
2017.09.20 16:34:31.907,1.48649,1.48665,2.25,1.00
2017.09.20 16:34:33.154,1.4865,1.48664,1.31,1.00
2017.09.20 16:34:34.524,1.48649,1.48664,1.87,1.00
2017.09.20 16:34:35.240,1.4865,1.48665,1.00,1.00
2017.09.20 16:34:35.901,1.4865,1.48666,1.00,1.00
2017.09.20 16:34:36.217,1.48649,1.48664,1.87,1.00
2017.09.20 16:34:36.794,1.48649,1.48664,2.62,1.00
2017.09.20 16:34:37.215,1.4865,1.48666,1.00,1.25
2017.09.20 16:34:37.266,1.4865,1.48664,1.00,1.00
2017.09.20 16:34:37.792,1.4865,1.48663,1.00,1.00
2017.09.20 16:34:37.895,1.48649,1.48665,1.69,1.25
2017.09.20 16:34:37.946,1.48649,1.48663,1.69,1.00
2017.09.20 16:34:38.461,1.4865,1.48664,1.00,1.00
2017.09.20 16:34:39.057,1.48649,1.48664,1.69,1.00
2017.09.20 16:34:39.618,1.4865,1.48664,1.00,1.00
2017.09.20 16:34:40.160,1.4865,1.48663,1.00,1.00
2017.09.20 16:34:40.935,1.48649,1.48663,1.25,1.00
2017.09.20 16:34:41.527,1.4865,1.48663,1.00,1.00
2017.09.20 16:34:42.035,1.48649,1.48664,2.62,1.00
2017.09.20 16:34:42.566,1.4865,1.48664,1.00,1.00
2017.09.20 16:34:43.079,1.4865,1.48665,1.00,1.00
2017.09.20 16:34:43.589,1.48651,1.48666,1.50,1.00
2017.09.20 16:34:44.111,1.48651,1.48665,1.69,1.00
2017.09.20 16:34:45.607,1.48651,1.48667,1.00,1.00
2017.09.20 16:34:51.117,1.48653,1.48666,1.50,1.00
2017.09.20 16:34:51.272,1.48655,1.4867,1.00,1.00
2017.09.20 16:34:51.477,1.48657,1.48671,1.00,1.00
2017.09.20 16:34:52.658,1.48656,1.48671,1.00,1.00
2017.09.20 16:34:53.695,1.48656,1.4867,1.25,1.00
2017.09.20 16:34:59.412,1.48657,1.4867,1.00,1.00
2017.09.20 16:35:00.853,1.48657,1.48671,1.00,1.00
2017.09.20 16:35:02.542,1.48656,1.48671,1.25,1.00
2017.09.20 16:35:03.289,1.48657,1.48671,1.00,1.00
2017.09.20 16:35:05.072,1.48656,1.48671,1.25,1.00
2017.09.20 16:35:06.323,1.48661,1.48672,1.00,1.00
2017.09.20 16:35:06.376,1.48661,1.48674,1.00,1.00
2017.09.20 16:35:06.608,1.48659,1.48674,1.00,1.00
2017.09.20 16:35:06.966,1.48658,1.48672,1.25,1.00
2017.09.20 16:35:07.482,1.48658,1.48673,1.00,1.00
2017.09.20 16:35:07.986,1.48658,1.48672,1.00,1.00
2017.09.20 16:35:08.390,1.48661,1.48672,1.00,1.00
2017.09.20 16:35:08.442,1.4866,1.48675,2.25,1.00
2017.09.20 16:35:08.493,1.48662,1.48673,1.00,1.00
2017.09.20 16:35:08.544,1.48662,1.48676,1.00,1.00
2017.09.20 16:35:08.749,1.48662,1.48673,1.00,1.00
2017.09.20 16:35:08.852,1.4866,1.48674,1.50,1.00
2017.09.20 16:35:09.356,1.48661,1.48674,1.00,1.00
2017.09.20 16:35:09.917,1.4866,1.48673,1.00,1.00
2017.09.20 16:35:10.424,1.48659,1.48672,1.25,1.00
2017.09.20 16:35:11.321,1.48657,1.48672,1.69,1.00
2017.09.20 16:35:11.885,1.48657,1.48671,1.69,1.00
2017.09.20 16:35:12.040,1.48657,1.48673,1.50,1.00
2017.09.20 16:35:12.591,1.48655,1.48673,1.87,1.69
2017.09.20 16:35:13.530,1.48654,1.48673,3.75,1.25
2017.09.20 16:35:14.383,1.48655,1.48673,2.62,1.25
2017.09.20 16:35:16.186,1.48654,1.48671,2.25,1.00
2017.09.20 16:35:16.700,1.48653,1.48671,1.12,1.50
2017.09.20 16:35:17.335,1.48654,1.48671,1.00,1.00
2017.09.20 16:35:17.982,1.48654,1.48672,1.00,1.00
2017.09.20 16:35:18.618,1.48655,1.48669,1.00,1.19
2017.09.20 16:35:18.721,1.48647,1.48661,1.87,1.00
2017.09.20 16:35:18.774,1.48647,1.48661,2.19,1.00
2017.09.20 16:35:18.826,1.48649,1.48663,1.25,1.69
2017.09.20 16:35:18.980,1.48646,1.48661,1.94,1.00
2017.09.20 16:35:19.237,1.48651,1.48666,1.50,1.50
2017.09.20 16:35:19.551,1.4865,1.48666,2.00,1.00
2017.09.20 16:35:20.090,1.48651,1.48666,1.00,1.00
2017.09.20 16:35:20.245,1.4865,1.48664,1.00,1.00
2017.09.20 16:35:20.296,1.48648,1.48664,2.25,1.00
2017.09.20 16:35:20.841,1.48648,1.48665,1.94,1.00
2017.09.20 16:35:21.199,1.48648,1.48665,1.44,1.00
2017.09.20 16:35:21.943,1.48648,1.48665,1.50,1.00
2017.09.20 16:35:22.731,1.48648,1.48665,1.25,1.00
2017.09.20 16:35:22.881,1.48648,1.48665,1.50,1.00
2017.09.20 16:35:23.419,1.48648,1.48665,1.50,1.00
2017.09.20 16:35:23.927,1.48648,1.48665,1.75,1.00
2017.09.20 16:35:24.275,1.48647,1.48665,1.91,1.00
2017.09.20 16:35:24.530,1.48647,1.48664,1.80,1.00
2017.09.20 16:35:25.347,1.48647,1.48664,1.55,1.00
2017.09.20 16:35:25.868,1.48647,1.48664,1.55,1.00
2017.09.20 16:35:26.211,1.48646,1.48664,3.35,1.00
2017.09.20 16:35:26.575,1.48647,1.48661,1.85,1.00
2017.09.20 16:35:27.176,1.48647,1.48661,1.10,1.00
2017.09.20 16:35:27.758,1.48646,1.48661,2.19,1.00
2017.09.20 16:35:28.269,1.48646,1.4866,1.00,1.00
2017.09.20 16:35:28.609,1.48645,1.48661,1.75,1.00
2017.09.20 16:35:28.865,1.48645,1.48661,1.44,1.00
2017.09.20 16:35:29.148,1.48645,1.48661,1.75,1.00
2017.09.20 16:35:29.417,1.48645,1.48661,1.25,1.00
2017.09.20 16:35:29.907,1.48645,1.4866,1.75,1.00
2017.09.20 16:35:30.697,1.48645,1.4866,2.38,1.00
2017.09.20 16:35:31.121,1.48645,1.4866,1.75,1.00
2017.09.20 16:35:31.377,1.48645,1.4866,1.25,1.00
2017.09.20 16:35:31.870,1.48647,1.48661,1.25,1.00
2017.09.20 16:35:32.212,1.48648,1.48662,1.50,1.00
2017.09.20 16:35:32.315,1.48648,1.48661,1.00,1.00
2017.09.20 16:35:32.674,1.48648,1.48661,1.50,1.00
2017.09.20 16:35:33.134,1.48648,1.48661,1.00,1.00
2017.09.20 16:35:33.295,1.4865,1.48663,1.50,1.00
2017.09.20 16:35:33.348,1.48652,1.48667,1.50,1.00
2017.09.20 16:35:33.403,1.48654,1.4867,1.00,1.69
2017.09.20 16:35:33.930,1.48655,1.48671,1.25,1.25
2017.09.20 16:35:34.940,1.48655,1.48671,1.50,1.25
2017.09.20 16:35:35.459,1.48655,1.48671,2.00,1.25
2017.09.20 16:35:35.978,1.48655,1.48671,2.00,1.25
2017.09.20 16:35:36.523,1.48656,1.48671,1.50,1.12
2017.09.20 16:35:37.052,1.48655,1.48673,2.00,1.69
2017.09.20 16:35:37.445,1.48656,1.48672,1.00,2.06
2017.09.20 16:35:37.497,1.48656,1.48668,1.00,1.12
2017.09.20 16:35:37.599,1.48648,1.48666,3.13,1.50
2017.09.20 16:35:37.753,1.48648,1.48666,2.19,1.69
2017.09.20 16:35:37.906,1.48649,1.48666,1.50,1.69
2017.09.20 16:35:38.213,1.48649,1.48664,1.50,1.00
2017.09.20 16:35:39.468,1.48649,1.48664,1.50,1.00
2017.09.20 16:35:39.814,1.48649,1.48665,1.50,1.00
2017.09.20 16:35:40.177,1.48649,1.48665,1.50,1.00
2017.09.20 16:35:40.721,1.48649,1.48665,1.50,1.00
2017.09.20 16:35:42.042,1.4865,1.48669,3.73,2.25
2017.09.20 16:35:42.094,1.48654,1.48668,1.00,1.00
2017.09.20 16:35:42.304,1.48656,1.48673,2.00,1.12
2017.09.20 16:35:43.606,1.48656,1.48673,2.75,1.44
2017.09.20 16:35:43.660,1.48656,1.48674,2.75,1.62
2017.09.20 16:35:44.136,1.48656,1.48674,2.00,1.19
2017.09.20 16:35:44.689,1.48656,1.48674,2.00,1.19
2017.09.20 16:35:45.251,1.48657,1.48674,1.50,1.19
2017.09.20 16:35:45.405,1.48658,1.48674,1.00,1.44
2017.09.20 16:35:45.926,1.48658,1.48675,1.50,1.44
2017.09.20 16:35:48.026,1.48658,1.48675,1.50,1.44
2017.09.20 16:35:48.569,1.48658,1.48674,1.50,1.00
2017.09.20 16:35:48.996,1.48658,1.48674,1.00,1.00
2017.09.20 16:35:49.714,1.48658,1.4867,1.00,1.00
2017.09.20 16:35:52.528,1.48658,1.4867,2.00,1.00
2017.09.20 16:35:53.620,1.48658,1.4867,2.00,1.00
2017.09.20 16:35:54.300,1.48658,1.4867,2.94,1.00
2017.09.20 16:35:54.846,1.48658,1.4867,2.19,1.00
2017.09.20 16:35:55.846,1.48658,1.4867,2.00,1.00
2017.09.20 16:35:57.299,1.48658,1.4867,2.00,1.00
2017.09.20 16:35:57.927,1.48658,1.4867,2.00,1.00
2017.09.20 16:35:57.979,1.4866,1.48672,1.25,1.00
2017.09.20 16:35:58.682,1.48659,1.4867,1.00,1.00
2017.09.20 16:35:59.446,1.48659,1.48671,1.00,1.00
2017.09.20 16:36:01.898,1.48657,1.48668,1.00,1.00
2017.09.20 16:36:02.223,1.48653,1.48666,2.75,1.00
2017.09.20 16:36:02.327,1.48653,1.48666,1.50,1.00
2017.09.20 16:36:02.829,1.48653,1.48667,1.63,1.00
2017.09.20 16:36:03.367,1.48655,1.48667,1.12,1.00
2017.09.20 16:36:03.921,1.48655,1.48667,1.50,1.00
2017.09.20 16:36:04.025,1.48656,1.48669,1.00,1.00
2017.09.20 16:36:04.473,1.48656,1.4867,3.13,1.00
2017.09.20 16:36:05.082,1.48656,1.4867,3.88,1.00
2017.09.20 16:36:05.850,1.48656,1.4867,1.50,1.00
2017.09.20 16:36:06.355,1.48655,1.48669,2.00,1.00
2017.09.20 16:36:07.013,1.48655,1.48669,2.00,1.00
2017.09.20 16:36:07.320,1.48655,1.48669,1.25,1.00
2017.09.20 16:36:07.848,1.48655,1.48668,1.25,1.00
2017.09.20 16:36:08.276,1.48655,1.48668,1.50,1.00
2017.09.20 16:36:09.696,1.48655,1.48668,1.50,1.00
2017.09.20 16:36:10.200,1.48655,1.48668,2.00,1.00
2017.09.20 16:36:10.949,1.48655,1.48667,1.25,1.00
2017.09.20 16:36:14.542,1.48655,1.48667,1.81,1.00
2017.09.20 16:36:15.078,1.48655,1.48667,1.31,1.00
2017.09.20 16:36:15.597,1.48655,1.48668,1.31,1.00
2017.09.20 16:36:17.442,1.48654,1.48668,2.38,1.00
2017.09.20 16:36:17.546,1.48654,1.48667,1.06,1.00
2017.09.20 16:36:18.380,1.48654,1.48666,1.00,1.00
2017.09.20 16:36:19.429,1.48652,1.48666,1.81,1.00
2017.09.20 16:36:19.949,1.48653,1.48666,1.44,1.00
2017.09.20 16:36:34.212,1.48652,1.48666,2.19,1.00
2017.09.20 16:36:34.717,1.48652,1.48666,1.69,1.00
2017.09.20 16:36:35.866,1.48651,1.48666,2.81,1.00
2017.09.20 16:36:36.382,1.48652,1.48666,1.69,1.00
2017.09.20 16:36:36.433,1.48652,1.48664,1.69,1.00
2017.09.20 16:36:37.065,1.48652,1.48669,1.69,1.50
2017.09.20 16:36:37.646,1.48651,1.48669,2.56,1.50
2017.09.20 16:36:37.698,1.48652,1.48667,1.69,1.00
2017.09.20 16:36:42.646,1.48651,1.48668,1.87,1.00
2017.09.20 16:36:46.338,1.48652,1.4867,1.69,1.69
2017.09.20 16:36:46.440,1.48657,1.48669,1.00,1.00
2017.09.20 16:36:46.982,1.48654,1.48669,2.62,1.00
2017.09.20 16:36:51.680,1.48655,1.4867,1.37,1.50
2017.09.20 16:36:53.600,1.48654,1.4867,1.69,1.50
2017.09.20 16:36:56.269,1.48654,1.48664,2.19,1.00
2017.09.20 16:36:59.701,1.48653,1.48665,2.00,1.00
2017.09.20 16:37:00.245,1.48651,1.48661,1.00,1.00
2017.09.20 16:37:00.347,1.48648,1.4866,1.44,1.00
2017.09.20 16:37:00.450,1.48647,1.48658,1.69,1.00
2017.09.20 16:37:00.959,1.48648,1.48658,1.00,1.00
2017.09.20 16:37:01.418,1.48648,1.48656,1.00,1.00
2017.09.20 16:37:01.970,1.48643,1.48656,3.56,1.00
2017.09.20 16:37:03.172,1.48643,1.48654,3.19,1.00
2017.09.20 16:37:03.551,1.48642,1.48652,1.12,1.00
2017.09.20 16:37:03.654,1.48642,1.4865,1.25,1.00
2017.09.20 16:37:03.756,1.48639,1.48649,1.25,1.00
2017.09.20 16:37:03.961,1.48637,1.48647,1.50,1.00
2017.09.20 16:37:04.466,1.48636,1.48647,1.87,1.00
2017.09.20 16:37:04.773,1.48636,1.48645,1.87,1.00
2017.09.20 16:37:07.679,1.48637,1.48645,1.00,1.00
2017.09.20 16:37:08.202,1.48636,1.48644,1.12,1.00
2017.09.20 16:37:08.925,1.48637,1.48644,1.00,1.00
2017.09.20 16:37:09.697,1.48636,1.48644,1.12,1.00
2017.09.20 16:37:10.356,1.48637,1.48644,1.00,1.00
2017.09.20 16:37:10.671,1.48633,1.48643,1.44,1.00
2017.09.20 16:37:10.722,1.48631,1.48643,1.25,1.00
2017.09.20 16:37:11.469,1.48631,1.48641,1.12,1.00
2017.09.20 16:37:11.771,1.48628,1.48638,1.69,1.00
2017.09.20 16:37:13.518,1.48628,1.48638,1.50,1.00
2017.09.20 16:37:14.020,1.48628,1.48639,2.06,1.00
2017.09.20 16:37:14.528,1.48628,1.48639,2.44,1.00
2017.09.20 16:37:15.447,1.48628,1.48639,1.31,1.00
2017.09.20 16:37:16.634,1.48628,1.48639,1.50,1.00
2017.09.20 16:37:17.227,1.48627,1.48639,4.87,1.00
2017.09.20 16:37:18.032,1.48628,1.48639,1.31,1.00
2017.09.20 16:37:18.831,1.48628,1.48639,3.19,1.00
2017.09.20 16:37:18.882,1.48628,1.48641,3.19,1.00
2017.09.20 16:37:19.087,1.48628,1.48639,1.44,1.00
2017.09.20 16:37:19.190,1.48626,1.48639,1.87,1.00
2017.09.20 16:37:19.345,1.48624,1.48636,1.50,1.00
2017.09.20 16:37:19.956,1.48627,1.48636,1.00,1.00
2017.09.20 16:37:20.468,1.48626,1.48636,1.00,1.00
2017.09.20 16:37:21.879,1.48627,1.48636,1.00,1.00
2017.09.20 16:37:22.380,1.48626,1.48636,1.50,1.00
2017.09.20 16:37:23.060,1.48627,1.48636,1.00,1.00
2017.09.20 16:37:24.412,1.48626,1.48636,1.00,1.00
2017.09.20 16:37:25.568,1.48627,1.48636,1.00,1.00
2017.09.20 16:37:27.324,1.48626,1.48636,1.50,1.00
2017.09.20 16:37:28.085,1.48627,1.48636,1.00,1.00
2017.09.20 16:37:29.988,1.48626,1.48636,1.50,1.00
2017.09.20 16:37:30.575,1.48627,1.48636,1.00,1.00
2017.09.20 16:37:31.118,1.48626,1.48636,1.00,1.00
2017.09.20 16:37:31.377,1.48624,1.48636,2.62,1.00
2017.09.20 16:37:31.532,1.48625,1.48636,1.44,1.00
2017.09.20 16:37:32.203,1.48624,1.48636,1.31,1.00
2017.09.20 16:37:32.510,1.48619,1.48632,1.56,1.00
2017.09.20 16:37:32.819,1.48625,1.48634,1.87,1.00
2017.09.20 16:37:37.327,1.48623,1.48634,1.50,1.00
2017.09.20 16:37:37.843,1.48623,1.48633,1.00,1.00
2017.09.20 16:37:38.527,1.48622,1.48635,2.00,1.00
2017.09.20 16:37:38.783,1.48622,1.48633,1.81,1.00
2017.09.20 16:37:39.325,1.48623,1.48633,1.00,1.00
2017.09.20 16:37:39.892,1.48624,1.48633,1.00,1.00
2017.09.20 16:37:40.408,1.48622,1.48633,1.81,1.00
2017.09.20 16:37:41.154,1.48622,1.48633,2.00,1.00
2017.09.20 16:37:44.587,1.48624,1.48635,1.25,1.00
2017.09.20 16:37:45.409,1.48624,1.48635,1.31,1.00
2017.09.20 16:37:46.124,1.48624,1.48635,1.12,1.00
2017.09.20 16:37:47.015,1.48624,1.48635,1.31,1.00
2017.09.20 16:38:09.031,1.48623,1.48633,1.00,1.00
2017.09.20 16:38:09.134,1.4862,1.48632,2.62,1.00
2017.09.20 16:38:09.187,1.48622,1.48632,1.00,1.00
2017.09.20 16:38:09.494,1.4862,1.4863,1.25,1.00
2017.09.20 16:38:09.826,1.48625,1.48633,1.00,1.00
2017.09.20 16:38:20.284,1.48629,1.48634,1.25,1.00
2017.09.20 16:38:20.336,1.48629,1.48635,1.25,1.00
2017.09.20 16:38:20.824,1.4863,1.48637,1.00,1.00
2017.09.20 16:38:20.876,1.4863,1.48639,1.25,1.00
2017.09.20 16:38:21.031,1.48632,1.48639,1.00,1.00
2017.09.20 16:38:21.188,1.4863,1.48642,5.44,1.00
2017.09.20 16:38:21.723,1.48632,1.48641,1.19,1.00
2017.09.20 16:38:21.775,1.48634,1.48639,1.25,1.00
2017.09.20 16:38:21.827,1.48634,1.48643,1.44,1.00
2017.09.20 16:38:21.930,1.48631,1.48642,1.44,1.00
2017.09.20 16:38:22.443,1.4863,1.48641,1.44,1.00
2017.09.20 16:38:23.299,1.4863,1.48638,1.44,1.00
2017.09.20 16:38:24.843,1.4863,1.4864,1.63,1.00
2017.09.20 16:38:29.691,1.48631,1.48639,1.19,1.00
2017.09.20 16:38:30.112,1.48625,1.48634,1.37,1.00
2017.09.20 16:38:30.163,1.48625,1.48634,1.12,1.00
2017.09.20 16:38:30.522,1.48624,1.48634,2.62,1.00
2017.09.20 16:38:30.573,1.48624,1.48636,1.44,1.00
2017.09.20 16:38:30.942,1.48624,1.48633,1.44,1.00
2017.09.20 16:38:33.148,1.48624,1.48635,1.44,1.00
2017.09.20 16:38:33.916,1.48624,1.48633,1.44,1.00
2017.09.20 16:38:34.120,1.48623,1.48635,2.56,1.00
2017.09.20 16:38:34.171,1.48624,1.48633,1.37,1.00
2017.09.20 16:38:35.871,1.48623,1.48634,1.87,1.00
2017.09.20 16:38:39.098,1.48626,1.48634,1.56,1.00
2017.09.20 16:38:39.151,1.48628,1.48636,1.44,1.00
2017.09.20 16:38:39.724,1.48628,1.48637,1.69,1.00
2017.09.20 16:38:40.800,1.48628,1.48637,2.25,1.00
2017.09.20 16:38:40.853,1.48628,1.48639,2.62,1.00
2017.09.20 16:38:42.457,1.4863,1.48641,2.25,1.00
2017.09.20 16:38:42.512,1.48634,1.48641,1.19,1.00
2017.09.20 16:38:42.898,1.48643,1.48649,1.19,1.00
2017.09.20 16:38:42.950,1.48643,1.4865,1.00,1.00
2017.09.20 16:38:43.157,1.4864,1.48651,2.44,1.00
2017.09.20 16:38:43.313,1.4864,1.48649,1.69,1.00
2017.09.20 16:38:43.818,1.4864,1.48649,1.50,1.00
2017.09.20 16:38:44.146,1.48642,1.48649,1.25,1.00
2017.09.20 16:38:44.198,1.48642,1.48651,1.25,1.00
2017.09.20 16:38:46.256,1.48641,1.48651,1.00,1.00
2017.09.20 16:38:46.308,1.48641,1.48648,1.00,1.00
2017.09.20 16:38:46.514,1.4864,1.48651,1.69,1.00
2017.09.20 16:38:47.179,1.48639,1.4865,2.44,1.00
2017.09.20 16:38:47.382,1.48641,1.48649,1.19,1.00
2017.09.20 16:38:47.433,1.48641,1.48651,1.69,1.00
2017.09.20 16:38:48.908,1.48642,1.48651,1.69,1.00
2017.09.20 16:38:49.116,1.48642,1.48653,1.50,1.00
2017.09.20 16:38:49.264,1.48643,1.48651,1.00,1.00
2017.09.20 16:38:50.484,1.48646,1.48652,1.31,1.00
2017.09.20 16:38:50.610,1.48646,1.48653,1.31,1.00
2017.09.20 16:38:50.662,1.48649,1.48657,1.00,1.00
2017.09.20 16:38:51.480,1.4865,1.48657,1.00,1.00
2017.09.20 16:38:51.938,1.48651,1.48657,1.19,1.00
2017.09.20 16:38:52.115,1.48647,1.48654,1.00,1.00
2017.09.20 16:38:52.167,1.48641,1.48651,3.19,1.00
2017.09.20 16:38:52.219,1.48641,1.4865,1.87,1.00
2017.09.20 16:38:52.722,1.48641,1.4865,1.69,1.00
2017.09.20 16:38:53.082,1.4864,1.48649,2.62,1.00
2017.09.20 16:38:53.585,1.48641,1.48651,1.69,1.00
2017.09.20 16:38:53.848,1.48644,1.48651,1.37,1.00
2017.09.20 16:38:53.900,1.48647,1.48656,1.19,1.00
2017.09.20 16:38:54.106,1.48644,1.48654,1.69,1.00
2017.09.20 16:38:54.240,1.48644,1.48652,1.31,1.00
2017.09.20 16:38:54.394,1.48641,1.48651,2.62,1.00
2017.09.20 16:38:54.446,1.48641,1.48649,1.00,1.00
2017.09.20 16:38:54.497,1.48637,1.48649,2.44,1.00
2017.09.20 16:38:54.549,1.48637,1.48647,2.06,1.00
2017.09.20 16:38:54.703,1.48639,1.48649,1.44,1.00
2017.09.20 16:38:55.207,1.48639,1.4865,1.00,1.00
2017.09.20 16:38:55.515,1.48639,1.48648,1.00,1.00
2017.09.20 16:38:56.026,1.48638,1.48649,1.25,1.00
2017.09.20 16:38:56.292,1.48636,1.48649,1.25,1.00
2017.09.20 16:38:56.346,1.48635,1.48645,2.06,1.00
2017.09.20 16:38:56.398,1.48635,1.48647,2.06,1.00
2017.09.20 16:38:57.006,1.48635,1.48647,2.06,1.00
2017.09.20 16:38:57.511,1.48635,1.48647,2.81,1.00
2017.09.20 16:38:57.670,1.48635,1.48647,1.12,1.00
2017.09.20 16:38:57.768,1.48638,1.48647,1.25,1.00
2017.09.20 16:38:57.923,1.48643,1.48653,1.25,1.00
2017.09.20 16:38:58.455,1.48644,1.48652,1.25,1.00
2017.09.20 16:38:59.085,1.48643,1.48652,1.12,1.00
2017.09.20 16:38:59.763,1.48646,1.48654,2.06,1.00
2017.09.20 16:38:59.815,1.4865,1.48657,1.00,1.00
2017.09.20 16:38:59.869,1.48646,1.48657,2.62,1.00
2017.09.20 16:39:00.074,1.48646,1.48654,1.19,1.00
2017.09.20 16:39:00.890,1.48643,1.48653,1.19,1.00
2017.09.20 16:39:00.992,1.4864,1.48652,1.87,1.00
2017.09.20 16:39:01.507,1.48642,1.48653,1.19,1.00
2017.09.20 16:39:03.171,1.48641,1.48651,1.50,1.00
2017.09.20 16:39:03.376,1.48643,1.48653,1.31,1.00
2017.09.20 16:39:03.887,1.48643,1.48651,1.50,1.00
2017.09.20 16:39:05.165,1.48642,1.48653,1.81,1.00
2017.09.20 16:39:08.867,1.48641,1.48651,2.06,1.00
2017.09.20 16:39:09.460,1.48641,1.48651,1.44,1.00
2017.09.20 16:39:09.767,1.4864,1.48648,1.00,1.00
2017.09.20 16:39:09.870,1.4864,1.48651,1.88,1.00
2017.09.20 16:39:09.922,1.48641,1.48653,1.87,1.00
2017.09.20 16:39:10.271,1.48642,1.48653,2.62,1.00
2017.09.20 16:39:10.797,1.48643,1.48654,1.62,1.00
2017.09.20 16:39:11.798,1.48643,1.48655,1.50,1.00
2017.09.20 16:39:12.157,1.48645,1.48653,1.00,1.00
2017.09.20 16:39:12.414,1.48642,1.48656,1.19,1.00
2017.09.20 16:39:12.465,1.48641,1.48656,1.19,1.00
2017.09.20 16:39:13.038,1.48641,1.48655,1.25,1.00
2017.09.20 16:39:13.241,1.4864,1.48654,1.75,1.00
2017.09.20 16:39:13.293,1.48643,1.48657,1.00,1.00
2017.09.20 16:39:14.973,1.48639,1.48657,1.87,1.00
2017.09.20 16:39:15.026,1.48638,1.48654,1.62,1.00
2017.09.20 16:39:15.281,1.48639,1.48653,1.25,1.00
2017.09.20 16:39:16.740,1.48639,1.48651,1.00,1.00
2017.09.20 16:39:17.253,1.48638,1.48651,1.31,1.00
2017.09.20 16:39:17.611,1.48639,1.48653,1.12,1.00
2017.09.20 16:39:18.171,1.48638,1.48652,1.31,1.00
2017.09.20 16:39:19.289,1.48641,1.48652,1.44,1.00
2017.09.20 16:39:19.503,1.48644,1.48655,1.00,1.00
2017.09.20 16:39:20.172,1.48643,1.48655,1.00,1.00
2017.09.20 16:39:20.828,1.48643,1.48654,1.00,1.00
2017.09.20 16:39:21.416,1.48643,1.48655,1.00,1.00
2017.09.20 16:39:21.945,1.48643,1.48656,1.87,1.00
2017.09.20 16:39:22.835,1.48643,1.48656,1.12,1.00
2017.09.20 16:39:23.359,1.48644,1.48656,1.00,1.00
2017.09.20 16:39:23.991,1.48643,1.48656,1.00,1.00
2017.09.20 16:39:24.617,1.48642,1.48656,1.12,1.00
2017.09.20 16:39:25.149,1.48642,1.48657,1.25,1.50
2017.09.20 16:39:25.694,1.48642,1.48656,2.06,1.00
2017.09.20 16:39:26.244,1.48643,1.48655,1.00,1.00
2017.09.20 16:39:26.768,1.48643,1.48656,1.00,1.00
2017.09.20 16:39:27.273,1.48642,1.48656,1.25,1.00
2017.09.20 16:39:28.180,1.48643,1.48656,1.00,1.00
2017.09.20 16:39:28.786,1.48642,1.48656,1.87,1.00
2017.09.20 16:39:29.317,1.48638,1.4865,1.44,1.00
2017.09.20 16:39:29.370,1.48633,1.4865,1.50,1.00
2017.09.20 16:39:29.422,1.48632,1.48648,3.45,1.00
2017.09.20 16:39:29.474,1.48632,1.48647,1.57,1.00
2017.09.20 16:39:29.985,1.48631,1.48647,2.44,1.00
2017.09.20 16:39:30.257,1.48631,1.48646,4.31,1.00
2017.09.20 16:39:30.360,1.48634,1.48649,1.69,1.00
2017.09.20 16:39:30.411,1.48634,1.48647,1.37,1.00
2017.09.20 16:39:32.059,1.48631,1.48646,1.31,1.00
2017.09.20 16:39:33.067,1.48632,1.48647,1.13,1.00
2017.09.20 16:39:33.119,1.48633,1.4865,2.63,1.50
2017.09.20 16:39:33.222,1.48636,1.4865,1.19,1.00
2017.09.20 16:39:33.579,1.48633,1.4865,2.04,1.00
2017.09.20 16:39:34.111,1.48635,1.48651,1.24,1.00
2017.09.20 16:39:34.625,1.48634,1.48651,2.25,1.00
2017.09.20 16:39:35.164,1.48635,1.4865,1.44,1.00
2017.09.20 16:39:36.006,1.48635,1.48652,1.81,1.00
2017.09.20 16:39:36.058,1.48638,1.48654,1.69,1.00
2017.09.20 16:39:36.110,1.48639,1.48656,1.44,1.00
2017.09.20 16:39:36.214,1.4864,1.48656,1.87,1.00
2017.09.20 16:39:36.779,1.4864,1.48657,2.06,1.00
2017.09.20 16:39:37.290,1.4864,1.48658,1.44,1.50
2017.09.20 16:39:37.715,1.48637,1.48654,1.50,1.00
2017.09.20 16:39:37.818,1.48637,1.48654,1.62,1.00
2017.09.20 16:39:38.920,1.48635,1.48653,2.06,1.00
2017.09.20 16:39:41.706,1.48637,1.48653,1.69,1.00
2017.09.20 16:39:41.757,1.48637,1.48656,3.19,1.00
2017.09.20 16:39:41.860,1.48639,1.48656,1.44,1.00
2017.09.20 16:39:42.697,1.48642,1.48657,1.75,1.00
2017.09.20 16:39:42.749,1.48645,1.48661,1.56,1.00
2017.09.20 16:39:42.801,1.48646,1.48661,2.44,1.00
2017.09.20 16:39:42.853,1.48649,1.48664,1.19,1.69
2017.09.20 16:39:42.906,1.48648,1.48662,1.19,1.50
2017.09.20 16:39:42.957,1.48643,1.48661,3.19,1.50
2017.09.20 16:39:43.009,1.48643,1.48649,1.50,1.00
2017.09.20 16:39:43.061,1.48639,1.4865,1.00,1.50
2017.09.20 16:39:43.113,1.48635,1.4865,1.00,1.50
2017.09.20 16:39:43.259,1.4863,1.48648,2.00,1.00
2017.09.20 16:39:43.413,1.48628,1.48648,1.39,1.12
2017.09.20 16:39:43.823,1.48627,1.48645,1.31,1.50
2017.09.20 16:39:44.246,1.48627,1.48647,1.50,1.69
2017.09.20 16:39:44.788,1.48626,1.48646,2.44,1.00
2017.09.20 16:39:45.298,1.48626,1.48647,1.69,1.00
2017.09.20 16:39:46.102,1.48627,1.48647,2.25,1.87
2017.09.20 16:39:46.619,1.48627,1.48648,1.44,1.12
2017.09.20 16:39:46.925,1.48626,1.48646,3.00,1.00
2017.09.20 16:39:47.471,1.48626,1.48647,2.81,1.69
2017.09.20 16:39:50.044,1.48626,1.48645,2.81,1.00
2017.09.20 16:39:50.096,1.48626,1.48644,1.62,1.00
2017.09.20 16:39:50.611,1.48624,1.48645,1.62,3.69
2017.09.20 16:39:50.801,1.48623,1.48641,3.56,1.37
2017.09.20 16:39:51.114,1.4863,1.48641,1.25,1.00
2017.09.20 16:39:51.218,1.48631,1.48649,3.56,1.00
2017.09.20 16:39:51.371,1.48636,1.48653,1.25,1.69
2017.09.20 16:39:51.780,1.48637,1.48654,1.19,1.44
2017.09.20 16:39:51.956,1.48636,1.48653,1.19,1.00
2017.09.20 16:39:53.524,1.48636,1.48654,1.19,1.25
2017.09.20 16:39:54.046,1.48637,1.48654,1.25,1.44
2017.09.20 16:39:54.549,1.48636,1.48654,1.44,1.00
2017.09.20 16:39:54.601,1.48636,1.48655,1.44,1.25
2017.09.20 16:39:55.287,1.48636,1.48656,1.44,1.87
2017.09.20 16:39:56.115,1.48637,1.48656,1.44,1.87
2017.09.20 16:39:56.926,1.48636,1.48656,1.44,1.50
2017.09.20 16:39:57.495,1.48636,1.48656,1.12,1.87
2017.09.20 16:39:58.156,1.48637,1.48656,1.25,2.06
2017.09.20 16:39:58.572,1.48637,1.48656,1.44,1.87
2017.09.20 16:39:58.624,1.48637,1.48656,1.25,1.87
2017.09.20 16:39:59.171,1.48636,1.48656,1.12,1.69
2017.09.20 16:39:59.691,1.48637,1.48656,1.25,3.19
2017.09.20 16:39:59.743,1.48637,1.48649,1.25,1.00
2017.09.20 16:40:00.461,1.48637,1.48647,1.44,1.00
2017.09.20 16:40:00.564,1.48637,1.48649,1.44,1.00
2017.09.20 16:40:01.330,1.48636,1.48648,1.44,1.00
2017.09.20 16:40:01.907,1.48636,1.48649,1.44,1.00
2017.09.20 16:40:02.854,1.48635,1.48648,2.81,1.00
2017.09.20 16:40:03.229,1.48635,1.48646,1.44,1.00
2017.09.20 16:40:03.385,1.48636,1.48649,1.19,1.00
2017.09.20 16:40:04.055,1.48636,1.4865,1.37,1.00
2017.09.20 16:40:04.558,1.48633,1.48647,1.50,1.00
2017.09.20 16:40:04.895,1.48632,1.48645,1.44,1.00
2017.09.20 16:40:08.007,1.48632,1.48645,1.62,1.00
2017.09.20 16:40:08.212,1.48636,1.48648,1.62,1.00
2017.09.20 16:40:08.315,1.48634,1.48647,1.25,1.00
2017.09.20 16:40:08.912,1.48635,1.48645,1.25,1.00
2017.09.20 16:40:09.429,1.48632,1.48645,1.44,1.00
2017.09.20 16:40:10.076,1.48632,1.48645,1.25,1.00
2017.09.20 16:40:10.401,1.48626,1.48639,1.00,1.00
2017.09.20 16:40:10.454,1.48621,1.48637,5.44,1.00
2017.09.20 16:40:10.506,1.48623,1.48635,1.19,1.00
2017.09.20 16:40:10.661,1.4862,1.48633,1.12,1.00
2017.09.20 16:40:10.713,1.4862,1.48633,1.81,1.00
2017.09.20 16:40:10.816,1.48622,1.48635,1.81,1.00
2017.09.20 16:40:11.221,1.48624,1.48636,1.19,1.00
2017.09.20 16:40:11.741,1.48622,1.48636,2.25,1.00
2017.09.20 16:40:14.000,1.48621,1.48637,1.81,1.00
2017.09.20 16:40:20.601,1.48622,1.48639,1.62,1.00
2017.09.20 16:40:20.652,1.48622,1.48637,1.62,1.00
2017.09.20 16:40:20.704,1.48622,1.48639,1.62,1.00
2017.09.20 16:40:23.544,1.48619,1.48636,1.81,1.00
2017.09.20 16:40:24.579,1.4862,1.48635,1.62,1.00
2017.09.20 16:40:25.178,1.4862,1.48636,1.62,1.00
2017.09.20 16:40:25.684,1.4862,1.48635,1.62,1.00
2017.09.20 16:40:28.847,1.4862,1.48637,1.37,1.00
2017.09.20 16:40:28.949,1.48619,1.48635,2.81,1.00
2017.09.20 16:40:29.177,1.48621,1.48637,1.37,1.50
2017.09.20 16:40:29.418,1.4862,1.48635,1.37,1.00
2017.09.20 16:40:33.730,1.48622,1.48635,1.31,1.00
2017.09.20 16:40:33.782,1.48622,1.48638,1.44,1.00
2017.09.20 16:40:36.706,1.48624,1.48638,1.44,1.00
2017.09.20 16:40:37.214,1.48624,1.48639,1.19,1.00
2017.09.20 16:40:39.727,1.48626,1.48639,1.44,1.00
2017.09.20 16:40:39.779,1.48625,1.48641,1.63,1.00
2017.09.20 16:40:41.005,1.48624,1.48638,1.87,1.00
2017.09.20 16:40:41.587,1.48624,1.48639,1.44,1.00
2017.09.20 16:40:47.182,1.48621,1.48636,1.37,1.00
2017.09.20 16:40:48.973,1.4862,1.48634,1.19,1.00
2017.09.20 16:40:49.476,1.48619,1.48635,1.44,1.00
2017.09.20 16:40:49.528,1.48618,1.48635,3.37,1.00
2017.09.20 16:40:50.105,1.48618,1.48634,2.81,1.00
2017.09.20 16:40:50.688,1.48618,1.48635,3.94,1.00
2017.09.20 16:40:52.041,1.48618,1.48636,3.19,1.00
2017.09.20 16:40:53.540,1.48618,1.48634,1.87,1.00
2017.09.20 16:40:53.592,1.48617,1.48634,3.37,1.00
2017.09.20 16:40:54.453,1.48617,1.48633,2.62,1.00
2017.09.20 16:40:55.685,1.48616,1.48634,3.79,1.00
2017.09.20 16:40:56.195,1.48617,1.48633,1.50,1.00
2017.09.20 16:40:59.114,1.48615,1.48632,3.00,1.50
2017.09.20 16:40:59.249,1.48615,1.4863,1.25,1.00
2017.09.20 16:40:59.771,1.48613,1.48629,1.19,1.00
2017.09.20 16:41:00.283,1.48611,1.48628,1.62,1.00
2017.09.20 16:41:00.335,1.4861,1.48628,3.00,1.00
2017.09.20 16:41:00.386,1.4861,1.48626,3.00,1.00
2017.09.20 16:41:00.556,1.48611,1.48628,1.62,1.00
2017.09.20 16:41:00.812,1.48614,1.48629,1.44,1.00
2017.09.20 16:41:01.119,1.48617,1.48631,1.19,1.00
2017.09.20 16:41:02.454,1.48615,1.4863,1.44,1.00
2017.09.20 16:41:02.506,1.48613,1.48629,2.00,1.00
2017.09.20 16:41:02.662,1.48613,1.48627,1.75,1.00
2017.09.20 16:41:03.068,1.48612,1.48629,1.75,1.00
2017.09.20 16:41:03.593,1.48612,1.48628,1.75,1.00
2017.09.20 16:41:04.234,1.48611,1.48628,2.25,1.00
2017.09.20 16:41:04.780,1.48611,1.48626,3.00,1.00
2017.09.20 16:41:06.254,1.48617,1.48628,1.00,1.00
2017.09.20 16:41:06.564,1.48618,1.48632,1.50,1.00
2017.09.20 16:41:06.667,1.48619,1.48635,1.00,1.00
2017.09.20 16:41:07.181,1.48619,1.48634,1.25,1.00
2017.09.20 16:41:07.693,1.48618,1.48633,1.69,1.00
2017.09.20 16:41:07.745,1.4862,1.48635,1.00,1.00
2017.09.20 16:41:08.256,1.48621,1.48634,1.00,1.00
2017.09.20 16:41:09.621,1.4862,1.48634,1.00,1.00
2017.09.20 16:41:10.796,1.48621,1.48634,1.00,1.00
2017.09.20 16:41:11.371,1.4862,1.48635,1.69,1.00
2017.09.20 16:41:11.679,1.48624,1.48638,1.00,1.00
2017.09.20 16:41:12.199,1.48625,1.48639,1.00,1.00
2017.09.20 16:41:12.739,1.48624,1.48639,1.00,1.00
2017.09.20 16:41:16.101,1.48626,1.48641,1.00,1.00
2017.09.20 16:41:16.412,1.48621,1.48637,1.31,1.81
2017.09.20 16:41:16.723,1.48612,1.48624,1.50,1.00
2017.09.20 16:41:17.338,1.48611,1.48624,1.00,1.00
2017.09.20 16:41:17.803,1.48608,1.48624,3.56,1.00
2017.09.20 16:41:18.315,1.48608,1.48623,1.69,1.00
2017.09.20 16:41:19.733,1.48607,1.48623,3.94,1.00
2017.09.20 16:41:20.244,1.48608,1.48623,1.69,1.00
2017.09.20 16:41:20.758,1.48607,1.48624,2.44,1.00
2017.09.20 16:41:21.127,1.48608,1.48622,1.12,1.00
2017.09.20 16:41:21.537,1.48609,1.48624,1.44,1.00
2017.09.20 16:41:21.882,1.48612,1.48625,1.00,1.00
2017.09.20 16:41:22.660,1.48611,1.48626,1.00,1.00
2017.09.20 16:41:23.201,1.48612,1.48626,1.00,1.00
2017.09.20 16:41:23.742,1.48611,1.48626,1.00,1.00
2017.09.20 16:41:24.245,1.48612,1.48626,1.00,1.00
2017.09.20 16:41:24.756,1.48611,1.48626,1.00,1.00
2017.09.20 16:41:25.308,1.48612,1.48626,1.00,1.00
2017.09.20 16:41:28.204,1.48611,1.48626,1.00,1.00
2017.09.20 16:41:33.646,1.48611,1.4863,1.00,1.65
2017.09.20 16:41:34.225,1.48612,1.4863,1.00,1.84
2017.09.20 16:41:35.343,1.48611,1.4863,1.00,1.65
2017.09.20 16:41:37.050,1.48612,1.4863,1.00,1.40
2017.09.20 16:41:37.552,1.48611,1.4863,1.00,1.20
2017.09.20 16:41:37.603,1.48612,1.48632,1.87,3.15
2017.09.20 16:41:38.318,1.48613,1.48633,1.00,2.40
2017.09.20 16:41:39.199,1.48614,1.48633,1.00,2.71
2017.09.20 16:41:39.728,1.48614,1.48633,1.00,1.78
2017.09.20 16:41:40.250,1.48613,1.48633,1.50,1.15
2017.09.20 16:41:40.733,1.48611,1.4863,1.25,2.25
2017.09.20 16:41:41.269,1.4861,1.4863,1.87,1.25
2017.09.20 16:41:41.855,1.48611,1.4863,1.25,1.12
2017.09.20 16:41:42.396,1.48611,1.48629,1.25,1.00
2017.09.20 16:41:43.037,1.4861,1.48629,2.06,1.00
2017.09.20 16:41:44.228,1.48611,1.48629,1.25,1.00
2017.09.20 16:41:44.766,1.48612,1.48629,1.00,1.00
2017.09.20 16:41:46.012,1.4861,1.48629,2.62,1.00
2017.09.20 16:41:48.011,1.48611,1.48629,1.00,1.00
2017.09.20 16:41:49.220,1.48612,1.48629,1.00,1.00
2017.09.20 16:41:49.607,1.4861,1.48629,1.87,1.00
2017.09.20 16:41:50.122,1.48611,1.48629,1.00,1.00
2017.09.20 16:41:50.806,1.48612,1.48629,1.00,1.00
2017.09.20 16:41:50.961,1.4861,1.48629,1.25,1.44
2017.09.20 16:41:51.064,1.48607,1.48625,1.25,1.00
2017.09.20 16:41:51.643,1.48606,1.48625,1.25,1.00
2017.09.20 16:41:52.302,1.48607,1.48625,1.00,1.69
2017.09.20 16:41:52.660,1.48607,1.48625,1.00,1.44
2017.09.20 16:41:53.345,1.48607,1.48625,1.00,1.25
2017.09.20 16:41:53.877,1.48608,1.48625,1.00,1.50
2017.09.20 16:41:55.109,1.48607,1.48625,1.25,1.69
2017.09.20 16:41:58.702,1.48609,1.48625,1.00,1.50
2017.09.20 16:41:59.008,1.48611,1.48627,1.00,1.00
2017.09.20 16:41:59.529,1.48612,1.48627,1.00,1.00
2017.09.20 16:42:00.199,1.48611,1.48627,1.50,1.00
2017.09.20 16:42:01.368,1.48612,1.48626,1.00,1.00
2017.09.20 16:42:01.904,1.48612,1.48627,1.00,1.50
2017.09.20 16:42:02.438,1.48611,1.48627,1.00,1.50
2017.09.20 16:42:03.117,1.48611,1.48625,1.50,1.00
2017.09.20 16:42:03.673,1.48612,1.48625,1.00,1.00
2017.09.20 16:42:04.945,1.48612,1.48626,1.00,1.00
2017.09.20 16:42:05.611,1.48611,1.48626,1.50,1.00
2017.09.20 16:42:07.385,1.48611,1.48625,1.50,1.00
2017.09.20 16:42:08.142,1.48612,1.48625,1.00,1.00
2017.09.20 16:42:08.676,1.48612,1.48626,1.00,1.00
2017.09.20 16:42:13.755,1.4861,1.48626,2.44,1.00
2017.09.20 16:42:18.932,1.4861,1.48627,1.50,1.50
2017.09.20 16:42:21.961,1.48609,1.48627,2.06,1.50
2017.09.20 16:42:22.494,1.4861,1.48627,1.00,1.50
2017.09.20 16:42:23.154,1.4861,1.48626,1.00,1.00
2017.09.20 16:42:23.687,1.48609,1.48627,1.69,1.50
2017.09.20 16:42:23.992,1.48609,1.48625,1.69,1.00
2017.09.20 16:42:24.336,1.48609,1.48627,1.69,1.50
2017.09.20 16:42:24.916,1.4861,1.48627,1.25,1.50
2017.09.20 16:42:25.453,1.48609,1.48627,2.44,1.50
2017.09.20 16:42:25.556,1.48609,1.48623,2.44,1.00
2017.09.20 16:42:25.609,1.48605,1.48623,1.44,1.50
2017.09.20 16:42:25.874,1.48608,1.48623,1.00,1.50
2017.09.20 16:42:26.387,1.48607,1.48623,1.00,1.00
2017.09.20 16:42:26.739,1.48609,1.48623,2.25,1.00
2017.09.20 16:42:26.843,1.4861,1.48626,1.00,1.00
2017.09.20 16:42:27.353,1.48612,1.48626,1.00,1.00
2017.09.20 16:42:27.885,1.48612,1.48625,1.00,1.00
2017.09.20 16:42:28.177,1.48612,1.48627,1.00,1.25
2017.09.20 16:42:28.766,1.48612,1.48626,1.00,1.00
2017.09.20 16:42:29.308,1.48612,1.48627,1.00,1.00
2017.09.20 16:42:30.509,1.48612,1.48628,1.00,1.25
2017.09.20 16:42:31.629,1.48609,1.48626,2.62,1.00
2017.09.20 16:42:34.842,1.48611,1.48626,1.00,1.00
2017.09.20 16:42:34.893,1.4861,1.48628,1.50,1.00
2017.09.20 16:42:35.188,1.48612,1.48628,1.00,1.00
2017.09.20 16:42:35.848,1.48611,1.48628,1.00,1.00
2017.09.20 16:42:36.453,1.48613,1.48628,1.00,1.00
2017.09.20 16:42:39.300,1.48612,1.48628,1.00,1.00
2017.09.20 16:42:39.807,1.48613,1.48628,1.00,1.00
2017.09.20 16:42:44.476,1.48613,1.48627,1.00,1.00
2017.09.20 16:42:45.699,1.4861,1.48627,2.25,1.00
2017.09.20 16:42:46.137,1.48612,1.48627,1.00,1.00
2017.09.20 16:42:46.402,1.4861,1.48626,1.50,1.00
2017.09.20 16:42:46.916,1.48611,1.48626,1.69,1.00
2017.09.20 16:42:49.139,1.48611,1.48627,1.50,1.00
2017.09.20 16:42:49.296,1.48611,1.48625,1.00,1.00
2017.09.20 16:42:49.498,1.48608,1.48625,1.12,1.00
2017.09.20 16:42:49.549,1.48608,1.48623,1.00,1.00
2017.09.20 16:42:50.180,1.48609,1.48623,1.00,1.00
2017.09.20 16:42:51.389,1.48608,1.48623,1.50,1.00
2017.09.20 16:42:52.371,1.48609,1.48623,1.00,1.00
2017.09.20 16:42:52.917,1.48608,1.48623,1.00,1.00
2017.09.20 16:42:53.437,1.48609,1.48623,1.00,1.00
2017.09.20 16:42:54.726,1.48608,1.48623,1.00,1.00
2017.09.20 16:42:55.248,1.48609,1.48623,1.00,1.00
2017.09.20 16:42:55.798,1.48608,1.48624,1.00,1.25
2017.09.20 16:42:56.340,1.48608,1.48623,1.50,1.00
2017.09.20 16:42:58.243,1.48609,1.48623,1.00,1.00
2017.09.20 16:42:58.853,1.48609,1.48624,1.00,2.06
2017.09.20 16:42:59.356,1.48608,1.48626,1.00,1.81
2017.09.20 16:43:02.074,1.48609,1.48626,1.00,3.37
2017.09.20 16:43:02.576,1.48608,1.48626,1.50,2.81
2017.09.20 16:43:03.093,1.48607,1.48626,1.00,3.00
2017.09.20 16:43:03.798,1.48608,1.48625,1.00,1.31
2017.09.20 16:43:05.200,1.48608,1.48625,1.00,1.81
2017.09.20 16:43:05.735,1.48607,1.48625,1.50,1.81
2017.09.20 16:43:10.649,1.48601,1.48613,2.25,1.00
2017.09.20 16:43:10.804,1.48596,1.48614,1.87,2.44
2017.09.20 16:43:11.010,1.48597,1.48616,1.00,3.00
2017.09.20 16:43:11.062,1.48599,1.48616,1.00,1.00
2017.09.20 16:43:11.370,1.48601,1.48617,1.00,4.31
2017.09.20 16:43:11.778,1.48599,1.48615,1.00,1.00
2017.09.20 16:43:12.312,1.48598,1.48615,1.00,1.25
2017.09.20 16:43:12.881,1.48597,1.48615,1.00,1.25
2017.09.20 16:43:13.234,1.48599,1.48615,1.00,1.25
2017.09.20 16:43:13.640,1.48597,1.48616,1.00,1.25
2017.09.20 16:43:14.604,1.48596,1.48617,1.00,3.37
2017.09.20 16:43:15.365,1.48596,1.48615,1.00,1.00
2017.09.20 16:43:16.704,1.48596,1.48612,1.00,1.00
2017.09.20 16:43:18.220,1.48596,1.48609,1.00,1.00
2017.09.20 16:43:18.271,1.48594,1.48609,1.00,1.00
2017.09.20 16:43:18.527,1.48593,1.48609,2.94,1.00
2017.09.20 16:43:18.630,1.48594,1.48609,1.00,1.00
2017.09.20 16:43:18.838,1.48594,1.48609,1.50,1.00
2017.09.20 16:43:19.457,1.48594,1.48609,1.00,1.00
2017.09.20 16:43:20.799,1.48593,1.48608,1.44,1.00
2017.09.20 16:43:20.851,1.48593,1.48606,2.00,1.00
2017.09.20 16:43:20.953,1.48593,1.48608,2.00,1.00
2017.09.20 16:43:21.980,1.48593,1.48606,1.50,1.00
2017.09.20 16:43:22.033,1.48592,1.48604,1.50,1.00
2017.09.20 16:43:22.776,1.48593,1.48604,1.00,1.00
2017.09.20 16:43:23.149,1.48591,1.48603,1.50,1.00
2017.09.20 16:43:25.405,1.48589,1.48603,1.00,1.00
2017.09.20 16:43:26.412,1.48586,1.48603,2.62,1.00
2017.09.20 16:43:26.556,1.48588,1.48603,1.00,1.00
2017.09.20 16:43:27.099,1.48586,1.48603,2.81,1.00
2017.09.20 16:43:28.339,1.48589,1.48603,1.00,1.00
2017.09.20 16:43:28.492,1.48587,1.48602,1.00,1.50
2017.09.20 16:43:29.450,1.48588,1.48602,1.00,1.50
2017.09.20 16:43:29.979,1.48587,1.48602,1.00,1.00
2017.09.20 16:43:31.099,1.48589,1.48602,1.00,1.00
2017.09.20 16:43:32.847,1.4859,1.48602,1.00,1.00
2017.09.20 16:43:33.403,1.48591,1.48604,1.00,1.50
2017.09.20 16:43:33.558,1.48589,1.48605,1.00,2.25
2017.09.20 16:43:34.619,1.48589,1.48604,1.00,1.00
2017.09.20 16:43:36.116,1.48591,1.48604,1.00,1.50
2017.09.20 16:43:36.168,1.48591,1.48606,1.00,1.87
2017.09.20 16:43:36.219,1.48593,1.48606,1.00,1.12
2017.09.20 16:43:36.271,1.4859,1.48605,1.00,1.50
2017.09.20 16:43:36.784,1.48589,1.48604,1.00,1.50
2017.09.20 16:43:37.206,1.48589,1.48602,1.00,1.00
2017.09.20 16:43:40.675,1.48588,1.48602,1.00,1.00
2017.09.20 16:43:48.859,1.48585,1.48602,2.44,1.00
2017.09.20 16:43:49.375,1.48585,1.48601,1.69,1.00
2017.09.20 16:43:50.731,1.48585,1.48601,1.12,1.12
2017.09.20 16:43:51.243,1.48585,1.486,1.12,1.00
2017.09.20 16:43:51.971,1.48584,1.486,1.87,1.37
2017.09.20 16:43:52.506,1.48586,1.486,1.00,1.37
2017.09.20 16:43:54.701,1.48586,1.486,1.00,1.37
2017.09.20 16:43:55.028,1.48588,1.48601,1.19,1.12
2017.09.20 16:43:55.338,1.48585,1.48598,1.25,1.87
2017.09.20 16:43:55.889,1.48585,1.48596,1.00,1.37
2017.09.20 16:43:57.294,1.48585,1.48596,1.50,1.00
2017.09.20 16:43:57.346,1.48585,1.48598,1.87,1.00
2017.09.20 16:43:57.856,1.48587,1.48599,1.00,1.00
2017.09.20 16:43:58.474,1.48586,1.48599,1.00,1.00
2017.09.20 16:43:58.976,1.48586,1.48598,1.00,1.00
2017.09.20 16:43:59.336,1.48586,1.48596,1.00,1.00
2017.09.20 16:44:00.280,1.48589,1.48604,1.87,3.00
2017.09.20 16:44:00.332,1.48589,1.48604,1.00,3.00
2017.09.20 16:44:00.436,1.48587,1.48602,1.00,1.37
2017.09.20 16:44:00.488,1.48587,1.48601,1.00,1.37
2017.09.20 16:44:00.591,1.48583,1.48599,1.69,1.37
2017.09.20 16:44:01.101,1.48582,1.48596,1.00,1.37
2017.09.20 16:44:04.634,1.48584,1.48597,1.00,1.37
2017.09.20 16:44:05.154,1.48584,1.48597,1.00,1.12
2017.09.20 16:44:05.257,1.48584,1.48594,1.00,1.06
2017.09.20 16:44:05.308,1.4858,1.48595,1.00,1.56
2017.09.20 16:44:05.411,1.48576,1.48593,1.31,1.12
2017.09.20 16:44:05.564,1.48577,1.48592,1.00,1.37
2017.09.20 16:44:05.718,1.48578,1.48593,1.00,2.06
2017.09.20 16:44:06.419,1.4858,1.48593,1.00,2.06
2017.09.20 16:44:06.472,1.48577,1.48592,1.00,1.37
2017.09.20 16:44:07.050,1.48578,1.48593,1.00,1.87
2017.09.20 16:44:07.599,1.48577,1.48592,1.00,1.37
2017.09.20 16:44:08.202,1.48576,1.48592,1.00,1.37
2017.09.20 16:44:08.253,1.48579,1.48592,1.22,1.00
2017.09.20 16:44:08.305,1.48583,1.48596,1.00,1.50
2017.09.20 16:44:08.408,1.48585,1.48599,1.00,1.37
2017.09.20 16:44:08.765,1.48584,1.48597,1.00,1.37
2017.09.20 16:44:09.128,1.48586,1.48599,1.00,1.31
2017.09.20 16:44:09.436,1.48589,1.48602,1.00,1.37
2017.09.20 16:44:09.948,1.48588,1.48602,1.00,1.87
2017.09.20 16:44:10.473,1.48588,1.48602,1.00,1.87
2017.09.20 16:44:10.787,1.48592,1.48602,1.00,1.37
2017.09.20 16:44:10.941,1.48589,1.48602,1.00,1.37
2017.09.20 16:44:11.310,1.48587,1.48602,1.00,1.87
2017.09.20 16:44:11.838,1.48586,1.486,1.00,1.37
2017.09.20 16:44:12.460,1.48586,1.486,1.00,1.37
2017.09.20 16:44:12.666,1.48585,1.486,1.00,1.37
2017.09.20 16:44:13.308,1.48585,1.486,1.00,1.87
2017.09.20 16:44:13.410,1.48587,1.486,1.00,1.37
2017.09.20 16:44:13.773,1.48585,1.486,1.00,1.87
2017.09.20 16:44:15.090,1.48585,1.486,1.00,1.87
2017.09.20 16:44:15.406,1.48585,1.486,1.00,1.87
2017.09.20 16:44:17.178,1.48585,1.486,1.00,1.12
2017.09.20 16:44:17.525,1.48588,1.48602,1.00,1.37
2017.09.20 16:44:18.046,1.48587,1.48602,1.00,1.37
2017.09.20 16:44:18.405,1.48584,1.48601,1.44,1.37
2017.09.20 16:44:18.787,1.48587,1.48601,1.00,1.37
2017.09.20 16:44:19.297,1.48586,1.48601,1.00,1.37
2017.09.20 16:44:20.586,1.48586,1.48601,1.00,1.37
2017.09.20 16:44:20.863,1.48581,1.48596,1.00,1.37
2017.09.20 16:44:21.324,1.48581,1.48598,1.69,1.00
2017.09.20 16:44:21.479,1.48579,1.48592,1.00,1.25
2017.09.20 16:44:21.634,1.48571,1.48588,1.12,2.25
2017.09.20 16:44:21.789,1.48571,1.48587,2.06,1.62
2017.09.20 16:44:21.997,1.48571,1.48586,1.00,1.62
2017.09.20 16:44:22.304,1.48568,1.48587,1.87,2.25
2017.09.20 16:44:22.355,1.48568,1.48586,1.25,1.37
2017.09.20 16:44:22.560,1.4857,1.48586,1.00,1.37
2017.09.20 16:44:22.713,1.48568,1.48586,2.06,1.37
2017.09.20 16:44:23.137,1.4857,1.48586,1.00,1.37
2017.09.20 16:44:23.296,1.48568,1.48586,2.06,1.37
2017.09.20 16:44:23.399,1.4857,1.48586,1.00,1.37
2017.09.20 16:44:24.118,1.4857,1.48586,1.00,1.37
2017.09.20 16:44:24.628,1.4857,1.48586,1.00,1.37
2017.09.20 16:44:24.941,1.48569,1.48586,1.00,1.87
2017.09.20 16:44:25.578,1.4857,1.48588,1.69,2.59
2017.09.20 16:44:25.632,1.48573,1.48588,1.25,1.37
2017.09.20 16:44:25.938,1.48574,1.48592,1.00,2.25
2017.09.20 16:44:26.479,1.48574,1.48593,1.00,4.09
2017.09.20 16:44:30.352,1.48574,1.48592,1.25,2.25
2017.09.20 16:44:30.879,1.48575,1.48593,1.00,3.94
2017.09.20 16:44:31.391,1.48574,1.48592,1.69,1.37
2017.09.20 16:44:31.922,1.48575,1.48592,1.00,1.50
2017.09.20 16:44:33.157,1.48575,1.48593,1.00,2.25
2017.09.20 16:44:33.856,1.48575,1.48593,1.00,2.25
2017.09.20 16:44:34.009,1.48575,1.48591,1.00,1.37
2017.09.20 16:44:34.520,1.48574,1.48591,1.25,1.37
2017.09.20 16:44:36.725,1.48575,1.4859,1.00,1.37
2017.09.20 16:44:37.311,1.48574,1.48591,1.25,1.37
2017.09.20 16:44:37.430,1.48572,1.48591,3.37,1.81
2017.09.20 16:44:41.217,1.48573,1.48592,1.19,1.88
2017.09.20 16:44:42.079,1.48574,1.4859,1.25,3.19
2017.09.20 16:44:42.285,1.48571,1.48589,1.00,2.00
2017.09.20 16:44:42.439,1.4857,1.48588,1.00,1.38
2017.09.20 16:44:42.490,1.4857,1.48589,1.00,3.00
2017.09.20 16:44:43.090,1.4857,1.48589,1.00,2.62
2017.09.20 16:44:43.263,1.48571,1.48589,1.00,2.25
2017.09.20 16:44:43.783,1.4857,1.48589,1.00,2.81
2017.09.20 16:44:45.313,1.48571,1.48589,1.00,2.81
2017.09.20 16:44:45.728,1.48572,1.4859,1.00,2.44
2017.09.20 16:44:45.831,1.48575,1.48593,1.69,2.06
2017.09.20 16:44:45.933,1.48577,1.48595,1.00,2.94
2017.09.20 16:44:46.086,1.48575,1.48594,1.00,1.25
2017.09.20 16:44:46.644,1.48575,1.48595,1.50,2.81
2017.09.20 16:44:47.101,1.48576,1.48595,1.69,1.00
2017.09.20 16:44:47.152,1.4858,1.48599,1.00,2.63
2017.09.20 16:44:47.204,1.4858,1.48599,1.00,2.25
2017.09.20 16:44:47.511,1.48575,1.48594,2.06,1.31
2017.09.20 16:44:47.563,1.48575,1.48594,1.69,1.25
2017.09.20 16:44:48.083,1.48575,1.48595,1.87,2.06
2017.09.20 16:44:49.074,1.48575,1.48594,1.87,1.12
2017.09.20 16:44:49.386,1.48575,1.48586,1.50,1.56
2017.09.20 16:44:49.438,1.48575,1.48587,1.00,1.25
2017.09.20 16:44:49.490,1.48572,1.4859,1.00,1.25
2017.09.20 16:44:49.542,1.48575,1.4859,1.25,1.19
2017.09.20 16:44:49.593,1.48575,1.48594,1.25,2.25
2017.09.20 16:44:49.696,1.48578,1.48595,1.00,2.62
2017.09.20 16:44:50.243,1.48577,1.48596,1.00,1.81
2017.09.20 16:44:50.397,1.48577,1.48596,1.00,1.25
2017.09.20 16:44:50.902,1.48578,1.48596,1.00,1.00
2017.09.20 16:44:51.955,1.48578,1.48596,1.50,1.44
2017.09.20 16:44:52.747,1.48581,1.48599,1.00,1.87
2017.09.20 16:44:52.850,1.48584,1.48602,2.25,1.12
2017.09.20 16:44:52.952,1.48586,1.48605,3.75,2.44
2017.09.20 16:44:53.277,1.48582,1.48599,2.06,1.00
2017.09.20 16:44:53.383,1.48585,1.48603,1.25,1.50
2017.09.20 16:44:53.435,1.48584,1.48601,1.00,1.13
2017.09.20 16:44:53.487,1.48582,1.486,1.00,1.69
2017.09.20 16:44:53.590,1.4858,1.486,1.00,2.06
2017.09.20 16:44:54.053,1.48579,1.48599,1.50,5.06
2017.09.20 16:44:55.427,1.48579,1.48597,1.00,1.12
2017.09.20 16:44:55.747,1.48582,1.48596,1.00,1.25
2017.09.20 16:44:55.855,1.48583,1.486,1.00,1.00
2017.09.20 16:44:55.907,1.48585,1.486,1.00,1.00
2017.09.20 16:44:55.959,1.48585,1.48602,1.00,1.25
2017.09.20 16:44:56.510,1.48584,1.48602,1.00,1.25
2017.09.20 16:44:57.470,1.48586,1.48602,1.00,1.25
2017.09.20 16:44:58.024,1.48586,1.48601,1.00,1.69
2017.09.20 16:44:58.543,1.48586,1.48601,1.00,1.25
2017.09.20 16:45:00.608,1.48586,1.48595,1.00,1.63
2017.09.20 16:45:00.918,1.48566,1.48575,1.00,1.00
2017.09.20 16:45:01.124,1.48567,1.48577,1.00,1.00
2017.09.20 16:45:01.320,1.48567,1.48581,1.00,1.50
2017.09.20 16:45:01.628,1.48567,1.48577,1.50,1.00
2017.09.20 16:45:02.141,1.48568,1.48577,1.00,1.50
2017.09.20 16:45:02.447,1.4857,1.48577,1.00,1.50
2017.09.20 16:45:03.017,1.48571,1.48577,1.00,1.00
2017.09.20 16:45:03.554,1.48571,1.48578,1.00,1.00
2017.09.20 16:45:03.762,1.48563,1.48572,1.37,1.00
2017.09.20 16:45:03.815,1.48565,1.48578,1.00,1.25
2017.09.20 16:45:03.869,1.48562,1.48577,1.50,1.00
2017.09.20 16:45:03.923,1.48565,1.48575,1.00,1.00
2017.09.20 16:45:04.466,1.48565,1.48574,1.00,1.00
2017.09.20 16:45:04.825,1.48562,1.48572,1.00,1.00
2017.09.20 16:45:04.980,1.4856,1.48572,1.00,1.50
2017.09.20 16:45:05.032,1.48558,1.48572,1.69,1.50
2017.09.20 16:45:05.493,1.4856,1.48572,1.00,1.00
2017.09.20 16:45:07.324,1.4856,1.48573,1.00,1.00
2017.09.20 16:45:07.428,1.48554,1.4857,1.50,1.69
2017.09.20 16:45:07.829,1.48561,1.48569,1.00,1.00
2017.09.20 16:45:07.880,1.48561,1.48572,1.00,1.50
2017.09.20 16:45:08.239,1.48561,1.48574,1.25,1.50
2017.09.20 16:45:08.749,1.4856,1.48574,1.00,1.00
2017.09.20 16:45:09.276,1.48561,1.48573,1.00,1.00
2017.09.20 16:45:09.813,1.48561,1.48574,1.00,1.00
2017.09.20 16:45:09.967,1.48563,1.48575,1.00,1.00
2017.09.20 16:45:10.613,1.48564,1.48575,1.00,1.00
2017.09.20 16:45:11.071,1.48564,1.48578,1.00,1.56
2017.09.20 16:45:11.586,1.48563,1.48579,1.00,1.19
2017.09.20 16:45:14.276,1.48564,1.48579,1.00,1.19
2017.09.20 16:45:14.887,1.48564,1.48574,1.00,1.50
2017.09.20 16:45:15.235,1.48548,1.48557,1.37,1.00
2017.09.20 16:45:15.286,1.48548,1.48556,1.00,1.00
2017.09.20 16:45:15.389,1.4855,1.48559,1.00,2.44
2017.09.20 16:45:15.543,1.48553,1.48566,1.00,2.25
2017.09.20 16:45:15.595,1.48549,1.48558,1.00,1.00
2017.09.20 16:45:15.750,1.48542,1.48555,1.00,1.00
2017.09.20 16:45:16.063,1.48547,1.4856,1.00,3.56
2017.09.20 16:45:16.115,1.48545,1.48558,1.00,1.19
2017.09.20 16:45:16.636,1.48545,1.48557,1.87,1.50
2017.09.20 16:45:16.740,1.48547,1.48557,1.91,1.00
2017.09.20 16:45:17.068,1.4855,1.48558,1.69,1.00
2017.09.20 16:45:17.183,1.48545,1.48558,1.50,1.00
2017.09.20 16:45:17.236,1.48543,1.48555,1.12,1.00
2017.09.20 16:45:17.543,1.48545,1.48555,1.19,1.00
2017.09.20 16:45:18.733,1.48544,1.48555,1.05,1.00
2017.09.20 16:45:19.995,1.48544,1.48557,2.29,1.50
2017.09.20 16:45:20.691,1.48545,1.4856,1.56,2.25
2017.09.20 16:45:20.743,1.48545,1.4856,1.56,1.12
2017.09.20 16:45:21.244,1.48545,1.48561,1.56,1.25
2017.09.20 16:45:22.443,1.48545,1.4856,1.81,1.00
2017.09.20 16:45:22.697,1.48544,1.4856,1.05,1.00
2017.09.20 16:45:23.207,1.48544,1.48559,1.05,1.25
2017.09.20 16:45:23.259,1.48546,1.48561,1.00,2.44
2017.09.20 16:45:23.672,1.48548,1.4856,1.00,1.19
2017.09.20 16:45:23.724,1.48551,1.48564,1.00,1.31
2017.09.20 16:45:23.827,1.48553,1.48564,1.00,1.25
2017.09.20 16:45:24.290,1.48555,1.48567,1.00,1.19
2017.09.20 16:45:25.009,1.48555,1.48568,1.00,1.69
2017.09.20 16:45:26.836,1.48555,1.48565,1.00,1.00
2017.09.20 16:45:26.889,1.48551,1.48568,2.25,1.87
2017.09.20 16:45:26.993,1.48554,1.48565,1.00,1.00
2017.09.20 16:45:27.725,1.48554,1.48566,1.00,1.00
2017.09.20 16:45:28.758,1.48555,1.48567,1.56,1.00
2017.09.20 16:45:28.975,1.48561,1.48574,1.00,1.00
2017.09.20 16:45:29.027,1.48564,1.48574,1.00,1.00
2017.09.20 16:45:29.549,1.48564,1.48575,1.00,1.00
2017.09.20 16:45:29.653,1.48561,1.48573,1.00,1.00
2017.09.20 16:45:29.704,1.48563,1.48573,1.00,1.25
2017.09.20 16:45:29.884,1.48565,1.48579,1.35,1.19
2017.09.20 16:45:30.142,1.48567,1.4858,1.00,1.19
2017.09.20 16:45:30.719,1.48567,1.48581,1.00,1.19
2017.09.20 16:45:31.254,1.48566,1.4858,1.00,1.00
2017.09.20 16:45:32.129,1.48566,1.48579,1.00,1.00
2017.09.20 16:45:32.591,1.48566,1.48577,1.00,1.00
2017.09.20 16:45:32.644,1.48564,1.48578,1.00,1.25
2017.09.20 16:45:33.159,1.48564,1.48577,1.00,1.00
2017.09.20 16:45:33.529,1.48566,1.48578,1.00,1.00
2017.09.20 16:45:33.940,1.48575,1.48579,2.10,1.12
2017.09.20 16:45:34.151,1.48581,1.48589,2.85,1.37
2017.09.20 16:45:34.204,1.4858,1.48589,5.32,1.00
2017.09.20 16:45:34.402,1.48583,1.48594,2.85,1.50
2017.09.20 16:45:34.453,1.48583,1.48594,2.85,1.87
2017.09.20 16:45:34.556,1.48583,1.48599,2.85,3.00
2017.09.20 16:45:34.709,1.48583,1.48596,2.85,1.00
2017.09.20 16:45:35.083,1.48583,1.48598,1.00,1.00
2017.09.20 16:45:35.510,1.48581,1.48595,1.00,1.69
2017.09.20 16:45:35.817,1.4858,1.48593,1.00,1.00
2017.09.20 16:45:36.021,1.48582,1.48596,1.50,1.12
2017.09.20 16:45:36.566,1.48583,1.48595,1.50,1.00
2017.09.20 16:45:37.087,1.48583,1.48596,1.00,1.25
2017.09.20 16:45:37.633,1.48583,1.48595,1.00,1.00
2017.09.20 16:45:39.374,1.48582,1.48593,1.00,1.00
2017.09.20 16:45:39.573,1.48579,1.48591,1.50,1.00
2017.09.20 16:45:39.726,1.48577,1.48591,1.50,1.00
2017.09.20 16:45:39.829,1.48577,1.48594,1.69,1.25
2017.09.20 16:45:40.135,1.48579,1.48592,1.50,1.25
2017.09.20 16:45:40.239,1.48576,1.48595,1.50,3.00
2017.09.20 16:45:40.291,1.48576,1.4859,1.00,1.00
2017.09.20 16:45:40.625,1.48578,1.48592,1.00,1.44
2017.09.20 16:45:40.881,1.48574,1.48588,1.00,1.00
2017.09.20 16:45:40.933,1.48574,1.48585,1.00,1.00
2017.09.20 16:45:40.984,1.48571,1.48586,2.25,1.00
2017.09.20 16:45:41.486,1.48571,1.48585,1.00,1.00
2017.09.20 16:45:41.998,1.48571,1.48586,1.50,1.00
2017.09.20 16:45:42.560,1.48571,1.48585,2.25,1.00
2017.09.20 16:45:43.087,1.48571,1.48585,1.00,1.69
2017.09.20 16:45:43.292,1.48571,1.48586,1.00,3.19
2017.09.20 16:45:43.743,1.48571,1.48584,1.00,1.00
2017.09.20 16:45:43.794,1.48569,1.48584,1.00,1.50
2017.09.20 16:45:44.341,1.4857,1.48584,1.00,1.50
2017.09.20 16:45:45.993,1.4857,1.48583,1.00,1.00
2017.09.20 16:45:46.418,1.48567,1.48581,1.00,1.00
2017.09.20 16:45:46.471,1.48565,1.48582,1.00,1.69
2017.09.20 16:45:46.985,1.48564,1.4858,2.85,1.00
2017.09.20 16:45:47.493,1.48564,1.48581,2.85,1.25
2017.09.20 16:45:48.685,1.48564,1.48581,2.85,1.19
2017.09.20 16:45:48.830,1.48564,1.48577,1.50,1.00
2017.09.20 16:45:48.934,1.48562,1.48576,1.00,1.25
2017.09.20 16:45:48.987,1.4856,1.48575,1.88,1.00
2017.09.20 16:45:50.744,1.48562,1.48577,2.10,1.00
2017.09.20 16:45:50.846,1.48563,1.48579,1.25,2.25
2017.09.20 16:45:51.051,1.48564,1.48577,1.00,1.00
2017.09.20 16:45:51.104,1.48562,1.48578,2.10,1.25
2017.09.20 16:45:51.718,1.48562,1.48577,2.10,1.25
2017.09.20 16:45:52.586,1.48562,1.48576,1.35,1.00
2017.09.20 16:45:53.257,1.48562,1.48577,1.35,1.69
2017.09.20 16:45:53.803,1.48562,1.48576,1.35,1.00
2017.09.20 16:45:54.275,1.48563,1.48579,1.31,1.69
2017.09.20 16:45:54.837,1.48563,1.48579,1.50,1.19
2017.09.20 16:45:57.033,1.48563,1.48579,2.06,1.19
2017.09.20 16:45:57.541,1.48563,1.48579,2.06,1.19
2017.09.20 16:45:58.071,1.48566,1.48579,1.00,1.19
2017.09.20 16:46:00.195,1.48565,1.48579,1.00,1.69
2017.09.20 16:46:00.865,1.48566,1.4858,1.00,2.44
2017.09.20 16:46:01.327,1.48565,1.4858,1.00,2.62
2017.09.20 16:46:01.382,1.48562,1.48574,1.00,1.25
2017.09.20 16:46:01.435,1.4856,1.48575,1.00,1.19
2017.09.20 16:46:01.956,1.48561,1.48576,1.00,1.69
2017.09.20 16:46:02.008,1.48564,1.48577,1.88,1.00
2017.09.20 16:46:02.162,1.48566,1.48581,1.00,1.25
2017.09.20 16:46:02.368,1.48566,1.48581,1.00,1.69
2017.09.20 16:46:02.677,1.48568,1.48581,1.00,1.69
2017.09.20 16:46:02.728,1.48566,1.48581,1.50,1.69
2017.09.20 16:46:03.250,1.48566,1.48581,1.50,1.19
2017.09.20 16:46:05.841,1.48566,1.48583,2.06,1.19
2017.09.20 16:46:05.944,1.4857,1.48587,1.00,1.44
2017.09.20 16:46:06.558,1.48571,1.48588,1.00,2.44
2017.09.20 16:46:07.378,1.48572,1.48588,1.00,1.44
2017.09.20 16:46:07.429,1.48572,1.48588,1.00,1.12
2017.09.20 16:46:08.152,1.48572,1.48589,2.44,1.00
2017.09.20 16:46:08.256,1.48576,1.48589,1.25,1.00
2017.09.20 16:46:08.408,1.48577,1.48592,1.00,1.00
2017.09.20 16:46:08.511,1.48578,1.48595,2.25,1.25
2017.09.20 16:46:08.767,1.4858,1.48595,1.00,1.00
2017.09.20 16:46:09.078,1.48578,1.48592,1.00,1.25
2017.09.20 16:46:09.131,1.48576,1.48592,1.00,1.25
2017.09.20 16:46:09.495,1.48576,1.4859,1.25,1.00
2017.09.20 16:46:10.030,1.48575,1.48592,1.69,1.19
2017.09.20 16:46:10.302,1.48574,1.4859,1.50,1.00
2017.09.20 16:46:10.851,1.48575,1.4859,1.00,1.00
2017.09.20 16:46:11.616,1.48575,1.48589,1.00,1.00
2017.09.20 16:46:11.670,1.48572,1.4859,1.50,3.00
2017.09.20 16:46:11.722,1.48574,1.4859,1.00,1.69
2017.09.20 16:46:11.825,1.48574,1.4859,1.00,1.69
2017.09.20 16:46:12.361,1.48574,1.48589,1.00,1.12
2017.09.20 16:46:13.351,1.48574,1.48591,1.69,1.62
2017.09.20 16:46:13.883,1.48576,1.48592,1.00,1.69
2017.09.20 16:46:14.635,1.48574,1.48589,1.00,1.12
2017.09.20 16:46:14.948,1.48585,1.486,1.00,3.75
2017.09.20 16:46:15.001,1.48585,1.48598,1.00,1.12
2017.09.20 16:46:15.155,1.48584,1.48601,1.00,2.14
2017.09.20 16:46:16.021,1.48584,1.48599,1.00,1.00
2017.09.20 16:46:16.074,1.48584,1.48597,1.00,1.25
2017.09.20 16:46:16.179,1.48581,1.48596,1.00,4.69
2017.09.20 16:46:16.230,1.48578,1.48596,1.00,3.19
2017.09.20 16:46:16.487,1.48579,1.48592,1.00,1.37
2017.09.20 16:46:16.538,1.48576,1.48591,1.00,1.19
2017.09.20 16:46:16.745,1.48573,1.48589,1.00,1.69
2017.09.20 16:46:17.570,1.48573,1.48589,1.69,1.69
2017.09.20 16:46:17.621,1.48574,1.48589,1.25,1.00
2017.09.20 16:46:17.673,1.48575,1.48591,1.00,1.25
2017.09.20 16:46:18.184,1.48576,1.48592,1.00,1.31
2017.09.20 16:46:18.921,1.48577,1.48592,1.00,1.31
2017.09.20 16:46:19.443,1.48578,1.48592,1.00,1.31
2017.09.20 16:46:19.955,1.48577,1.48592,1.50,1.31
2017.09.20 16:46:20.238,1.48582,1.48595,1.00,2.06
2017.09.20 16:46:20.734,1.48584,1.48599,1.00,2.81
2017.09.20 16:46:21.263,1.48584,1.48599,1.00,2.06
2017.09.20 16:46:21.610,1.48587,1.48605,3.94,1.81
2017.09.20 16:46:21.661,1.4859,1.48605,1.00,1.81
2017.09.20 16:46:21.714,1.4859,1.48605,1.00,1.44
2017.09.20 16:46:22.650,1.48592,1.48607,1.00,2.44
2017.09.20 16:46:25.631,1.48593,1.48608,1.00,3.13
2017.09.20 16:46:25.888,1.48593,1.48608,1.00,1.69
2017.09.20 16:46:26.307,1.48594,1.48609,1.00,2.25
2017.09.20 16:46:26.847,1.48594,1.48608,1.00,1.25
2017.09.20 16:46:27.473,1.48593,1.48608,1.00,1.69
2017.09.20 16:46:27.993,1.48592,1.48608,1.00,1.00
2017.09.20 16:46:28.097,1.48591,1.48607,1.00,1.37
2017.09.20 16:46:28.444,1.48593,1.48609,1.00,1.87
2017.09.20 16:46:28.500,1.48591,1.48609,1.00,1.87
2017.09.20 16:46:28.982,1.48591,1.48609,1.00,1.62
2017.09.20 16:46:29.033,1.48591,1.48609,1.00,1.69
2017.09.20 16:46:29.313,1.48591,1.48609,1.00,1.81
2017.09.20 16:46:29.920,1.48591,1.48609,1.00,1.62
2017.09.20 16:46:29.972,1.48586,1.48604,1.87,1.19
2017.09.20 16:46:30.026,1.48583,1.48603,5.94,1.37
2017.09.20 16:46:31.115,1.48584,1.48605,2.44,3.56
2017.09.20 16:46:31.623,1.48584,1.48605,1.25,2.44
2017.09.20 16:46:32.365,1.48585,1.48605,1.50,3.56
2017.09.20 16:46:32.681,1.48584,1.486,1.50,1.31
2017.09.20 16:46:32.835,1.48583,1.48602,1.25,3.19
2017.09.20 16:46:32.888,1.48583,1.48599,2.25,1.00
2017.09.20 16:46:32.991,1.48581,1.48599,1.25,1.50
2017.09.20 16:46:33.505,1.48579,1.48598,1.19,1.50
2017.09.20 16:46:36.750,1.48579,1.48598,1.81,1.69
2017.09.20 16:46:37.288,1.48578,1.48598,2.94,1.00
2017.09.20 16:46:38.111,1.48579,1.48598,1.50,1.69
2017.09.20 16:46:38.400,1.48579,1.48599,1.50,2.44
2017.09.20 16:46:38.604,1.48581,1.48599,2.94,1.00
2017.09.20 16:46:38.913,1.48581,1.48601,1.75,2.63
2017.09.20 16:46:39.222,1.4859,1.48607,1.00,2.63
2017.09.20 16:46:39.325,1.48586,1.48608,2.62,3.75
2017.09.20 16:46:39.428,1.48588,1.48608,1.25,3.19
2017.09.20 16:46:39.740,1.48591,1.48611,1.00,5.14
2017.09.20 16:46:40.048,1.48594,1.4861,1.00,2.25
2017.09.20 16:46:40.356,1.48597,1.48612,1.00,2.25
2017.09.20 16:46:41.148,1.48599,1.48612,1.00,1.50
2017.09.20 16:46:42.121,1.48599,1.48612,1.00,1.25
2017.09.20 16:46:42.633,1.48599,1.48613,1.00,3.56
2017.09.20 16:46:43.179,1.48598,1.48613,1.00,1.62
2017.09.20 16:46:43.770,1.48598,1.48612,1.00,2.06
2017.09.20 16:46:44.386,1.48598,1.48612,1.00,1.12
2017.09.20 16:46:46.724,1.48598,1.48612,1.00,2.06
2017.09.20 16:46:46.899,1.48599,1.48613,1.00,1.69
2017.09.20 16:46:47.104,1.48598,1.48612,1.00,1.44
2017.09.20 16:46:47.411,1.48597,1.48604,1.00,1.19
2017.09.20 16:46:47.463,1.48591,1.48604,1.00,1.63
2017.09.20 16:46:47.565,1.48588,1.48602,1.00,1.19
2017.09.20 16:46:47.954,1.48586,1.48601,1.00,1.25
2017.09.20 16:46:48.467,1.48587,1.48602,1.00,1.69
2017.09.20 16:46:50.708,1.48588,1.48602,1.00,1.00
2017.09.20 16:46:50.811,1.4859,1.48603,1.00,1.00
2017.09.20 16:46:51.324,1.4859,1.48605,1.00,1.87
2017.09.20 16:46:53.666,1.4859,1.48604,1.00,1.31
2017.09.20 16:46:54.212,1.48589,1.48604,1.00,1.31
2017.09.20 16:46:54.756,1.48589,1.48604,1.00,1.31
2017.09.20 16:46:55.926,1.48589,1.48604,1.00,1.25
2017.09.20 16:46:57.507,1.48589,1.48604,1.00,1.69
2017.09.20 16:46:57.558,1.48587,1.48604,1.00,1.12
2017.09.20 16:46:58.145,1.48587,1.48603,1.00,1.00
2017.09.20 16:46:58.248,1.48591,1.48603,1.00,1.25
2017.09.20 16:47:01.627,1.48591,1.48604,1.00,2.25
2017.09.20 16:47:01.918,1.48589,1.48604,1.00,2.25
2017.09.20 16:47:02.149,1.4859,1.48606,1.25,1.13
2017.09.20 16:47:02.355,1.48589,1.48604,1.50,1.00
2017.09.20 16:47:02.906,1.48589,1.48604,1.00,2.62
2017.09.20 16:47:03.343,1.48591,1.48604,1.00,2.62
2017.09.20 16:47:04.097,1.4859,1.48605,1.00,1.44
2017.09.20 16:47:04.617,1.4859,1.48604,1.00,1.50
2017.09.20 16:47:04.669,1.48588,1.48604,1.25,1.50
2017.09.20 16:47:06.155,1.48589,1.48604,1.00,1.50
2017.09.20 16:47:07.948,1.48589,1.486,1.00,1.00
2017.09.20 16:47:07.999,1.48587,1.486,1.00,1.00
2017.09.20 16:47:08.527,1.48587,1.48601,1.00,1.25
2017.09.20 16:47:09.039,1.48587,1.48603,1.00,3.19
2017.09.20 16:47:09.595,1.48588,1.48603,1.00,1.25
2017.09.20 16:47:10.620,1.48588,1.48605,1.00,3.94
2017.09.20 16:47:11.735,1.48588,1.48604,1.00,2.44
2017.09.20 16:47:12.665,1.48588,1.48605,1.00,3.75
2017.09.20 16:47:12.767,1.4859,1.48604,1.00,2.44
2017.09.20 16:47:13.316,1.4859,1.48605,1.00,3.94
2017.09.20 16:47:13.864,1.4859,1.48604,1.00,2.44
2017.09.20 16:47:14.736,1.4859,1.48605,1.00,4.88
2017.09.20 16:47:15.048,1.4859,1.48604,1.00,1.69
2017.09.20 16:47:15.100,1.48588,1.48604,1.00,1.69
2017.09.20 16:47:15.671,1.48588,1.48605,1.00,3.00
2017.09.20 16:47:15.774,1.4859,1.48606,1.00,1.00
2017.09.20 16:47:16.084,1.48593,1.48608,1.00,1.25
2017.09.20 16:47:16.592,1.48594,1.48609,1.00,1.00
2017.09.20 16:47:17.108,1.48594,1.48608,1.00,1.00
2017.09.20 16:47:17.418,1.48592,1.486,1.00,1.00
2017.09.20 16:47:17.470,1.4859,1.486,1.00,1.00
2017.09.20 16:47:17.620,1.48588,1.48601,1.00,1.50
2017.09.20 16:47:18.816,1.48588,1.486,1.00,1.00
2017.09.20 16:47:19.348,1.48588,1.48601,1.00,1.00
2017.09.20 16:47:19.880,1.48588,1.486,1.00,1.00
2017.09.20 16:47:20.137,1.48586,1.48599,1.00,1.00
2017.09.20 16:47:20.656,1.48586,1.486,1.00,1.00
2017.09.20 16:47:20.959,1.48585,1.48594,1.00,1.00
2017.09.20 16:47:21.062,1.48583,1.48595,1.00,1.00
2017.09.20 16:47:21.165,1.48583,1.48597,1.00,2.44
2017.09.20 16:47:21.690,1.48584,1.48596,1.00,1.00
2017.09.20 16:47:22.663,1.48582,1.48596,1.00,1.25
2017.09.20 16:47:23.195,1.48583,1.48597,1.00,2.06
2017.09.20 16:47:23.752,1.48582,1.48597,1.00,2.06
2017.09.20 16:47:24.447,1.48583,1.48596,1.00,1.12
2017.09.20 16:47:25.185,1.48584,1.48596,1.00,1.00
2017.09.20 16:47:25.390,1.48584,1.48598,1.00,1.25
2017.09.20 16:47:25.660,1.48586,1.48598,1.00,1.25
2017.09.20 16:47:26.208,1.48586,1.48597,1.00,1.00
2017.09.20 16:47:26.710,1.48583,1.48598,1.00,2.62
2017.09.20 16:47:27.249,1.48583,1.48597,1.00,1.50
2017.09.20 16:47:27.404,1.48583,1.48594,1.00,1.50
2017.09.20 16:47:27.672,1.4858,1.48594,1.00,1.12
2017.09.20 16:47:27.724,1.48582,1.48595,1.00,2.06
2017.09.20 16:47:28.234,1.48582,1.48596,1.00,1.50
2017.09.20 16:47:28.895,1.48582,1.48595,1.00,1.50
2017.09.20 16:47:30.347,1.48582,1.48596,1.00,1.50
2017.09.20 16:47:30.871,1.48582,1.48595,1.00,1.50
2017.09.20 16:47:32.267,1.48582,1.48597,1.00,1.12
2017.09.20 16:47:32.370,1.48584,1.48598,1.00,1.50
2017.09.20 16:47:32.913,1.48585,1.48597,1.00,1.00
2017.09.20 16:47:33.376,1.48585,1.48599,1.00,1.25
2017.09.20 16:47:33.905,1.48585,1.486,1.00,1.69
2017.09.20 16:47:34.425,1.48585,1.48599,1.00,1.00
2017.09.20 16:47:34.943,1.48585,1.486,1.00,1.00
2017.09.20 16:47:36.619,1.48585,1.48601,1.00,1.69
2017.09.20 16:47:36.824,1.48588,1.48602,1.00,1.50
2017.09.20 16:47:37.556,1.48588,1.48601,1.00,1.00
2017.09.20 16:47:38.494,1.48588,1.48602,1.00,1.69
2017.09.20 16:47:39.033,1.48589,1.48603,1.00,1.00
2017.09.20 16:47:39.249,1.48594,1.48611,1.00,2.62
2017.09.20 16:47:39.301,1.48596,1.48611,1.00,1.50
2017.09.20 16:47:39.766,1.48596,1.48613,1.00,1.50
2017.09.20 16:47:39.869,1.48599,1.48613,1.00,1.00
2017.09.20 16:47:40.638,1.48598,1.48612,1.00,1.00
2017.09.20 16:47:41.153,1.48597,1.48612,1.00,1.00
2017.09.20 16:47:41.561,1.48596,1.4861,1.00,1.00
2017.09.20 16:47:41.664,1.48593,1.4861,1.00,1.25
2017.09.20 16:47:41.767,1.48596,1.48609,1.00,1.00
2017.09.20 16:47:41.818,1.48594,1.48609,1.00,1.00
2017.09.20 16:47:42.074,1.48597,1.48609,1.00,1.19
2017.09.20 16:47:42.329,1.48595,1.48609,1.00,1.19
2017.09.20 16:47:44.089,1.48595,1.48607,1.00,1.56
2017.09.20 16:47:44.192,1.48589,1.48605,1.00,2.10
2017.09.20 16:47:44.244,1.48586,1.48603,1.00,1.50
2017.09.20 16:47:45.653,1.48586,1.48603,1.00,1.31
2017.09.20 16:47:46.185,1.48585,1.48603,1.00,1.31
2017.09.20 16:47:46.783,1.48585,1.48603,1.50,1.69
2017.09.20 16:47:48.445,1.48585,1.48603,1.00,1.50
2017.09.20 16:47:49.184,1.48585,1.48603,1.50,1.69
2017.09.20 16:47:57.791,1.48585,1.48602,1.00,1.12
2017.09.20 16:47:59.976,1.48587,1.48603,1.00,1.50
2017.09.20 16:48:00.028,1.48589,1.48606,1.00,1.25
2017.09.20 16:48:00.132,1.48593,1.48606,1.00,1.00
2017.09.20 16:48:00.337,1.48593,1.48609,1.00,1.25
2017.09.20 16:48:00.924,1.48594,1.48609,1.00,1.12
2017.09.20 16:48:01.180,1.48591,1.48609,1.50,1.12
2017.09.20 16:48:02.306,1.48591,1.4861,1.00,3.00
2017.09.20 16:48:02.826,1.4859,1.48609,1.50,1.31
2017.09.20 16:48:03.331,1.4859,1.48609,1.50,1.44
2017.09.20 16:48:04.058,1.4859,1.4861,1.50,2.06
2017.09.20 16:48:04.978,1.48587,1.48605,1.50,1.44
2017.09.20 16:48:05.282,1.48584,1.486,1.00,1.91
2017.09.20 16:48:05.591,1.48591,1.48609,1.00,3.19
2017.09.20 16:48:05.643,1.48591,1.48609,1.25,1.19
2017.09.20 16:48:05.695,1.48593,1.48608,1.00,1.31
2017.09.20 16:48:06.242,1.48594,1.4861,1.00,1.56
2017.09.20 16:48:06.832,1.48594,1.4861,1.00,1.19
2017.09.20 16:48:08.196,1.48591,1.48611,1.00,2.06
2017.09.20 16:48:11.721,1.48592,1.48611,1.19,2.06
2017.09.20 16:48:12.231,1.48593,1.4861,1.19,2.25
2017.09.20 16:48:12.334,1.48598,1.4861,1.00,1.00
2017.09.20 16:48:12.385,1.48597,1.48616,1.87,4.31
2017.09.20 16:48:12.437,1.48598,1.48616,1.00,1.87
2017.09.20 16:48:12.590,1.486,1.48616,1.00,1.44
2017.09.20 16:48:13.196,1.48601,1.48617,1.00,1.62
2017.09.20 16:48:13.714,1.48601,1.48617,1.00,1.44
2017.09.20 16:48:14.530,1.486,1.48617,1.00,1.25
2017.09.20 16:48:15.039,1.48601,1.48617,1.00,1.87
2017.09.20 16:48:15.374,1.48603,1.48617,1.00,1.87
2017.09.20 16:48:15.973,1.48603,1.48617,1.00,1.25
2017.09.20 16:48:16.846,1.48603,1.48617,1.00,1.87
2017.09.20 16:48:17.442,1.48603,1.48617,1.00,1.25
2017.09.20 16:48:18.721,1.48603,1.48617,1.00,1.87
2017.09.20 16:48:18.874,1.48601,1.48617,1.00,2.44
2017.09.20 16:48:19.956,1.48601,1.48617,1.00,2.00
2017.09.20 16:48:20.472,1.48601,1.48616,1.00,1.44
2017.09.20 16:48:20.998,1.48602,1.48616,1.00,1.25
2017.09.20 16:48:21.050,1.48598,1.48612,1.12,1.25
2017.09.20 16:48:21.561,1.48598,1.48614,1.00,1.75
2017.09.20 16:48:21.970,1.48597,1.48612,1.00,1.94
2017.09.20 16:48:22.277,1.48593,1.48611,1.00,2.13
2017.09.20 16:48:22.696,1.48592,1.48611,1.00,1.25
2017.09.20 16:48:23.004,1.48594,1.48611,1.00,1.25
2017.09.20 16:48:23.107,1.48594,1.48611,1.00,1.25
2017.09.20 16:48:23.662,1.48595,1.48611,1.00,1.06
2017.09.20 16:48:24.966,1.48595,1.48608,1.00,1.82
2017.09.20 16:48:25.170,1.48593,1.48608,1.00,1.32
2017.09.20 16:48:25.681,1.48593,1.48609,1.00,1.51
2017.09.20 16:48:26.214,1.48593,1.48609,1.00,1.75
2017.09.20 16:48:27.052,1.48594,1.48608,1.00,1.25
2017.09.20 16:48:27.154,1.48595,1.4861,1.00,2.00
2017.09.20 16:48:27.690,1.48595,1.4861,1.00,2.00
2017.09.20 16:48:28.136,1.48591,1.4861,4.54,1.50
2017.09.20 16:48:28.801,1.48593,1.48611,1.12,2.38
2017.09.20 16:48:29.338,1.48593,1.48611,1.19,1.50
2017.09.20 16:48:29.880,1.48593,1.48614,1.69,1.81
2017.09.20 16:48:30.392,1.48594,1.48613,1.00,1.06
2017.09.20 16:48:30.913,1.48594,1.48613,1.00,1.06
2017.09.20 16:48:31.133,1.48591,1.4861,1.00,2.75
2017.09.20 16:48:31.542,1.48592,1.48609,1.00,1.94
2017.09.20 16:48:32.226,1.48592,1.4861,1.00,2.13
2017.09.20 16:48:32.380,1.48593,1.4861,1.00,1.17
2017.09.20 16:48:32.865,1.48592,1.4861,1.50,1.06
2017.09.20 16:48:33.427,1.48593,1.4861,1.00,1.06
2017.09.20 16:48:34.126,1.48593,1.4861,1.00,1.25
2017.09.20 16:48:35.452,1.48593,1.4861,1.00,1.25
2017.09.20 16:48:36.176,1.48592,1.4861,1.50,1.06
2017.09.20 16:48:36.865,1.48592,1.48604,1.00,1.00
2017.09.20 16:48:38.442,1.48593,1.48604,1.00,1.00
2017.09.20 16:48:39.070,1.48592,1.48604,1.00,1.00
2017.09.20 16:48:39.674,1.48593,1.48604,1.00,1.00
2017.09.20 16:48:40.274,1.48592,1.48604,1.00,1.00
2017.09.20 16:48:40.931,1.48593,1.48604,1.00,1.00
2017.09.20 16:48:41.456,1.48592,1.48604,1.50,1.00
2017.09.20 16:48:42.148,1.48593,1.48604,1.00,1.00
2017.09.20 16:48:42.679,1.48592,1.48604,1.00,1.00
2017.09.20 16:48:43.470,1.48593,1.48604,1.00,1.00
2017.09.20 16:48:44.208,1.48592,1.48604,1.50,1.00
2017.09.20 16:48:44.516,1.48589,1.48604,1.50,1.50
2017.09.20 16:48:44.822,1.48591,1.48605,1.00,1.00
2017.09.20 16:48:45.968,1.48591,1.48604,1.00,1.00
2017.09.20 16:48:49.181,1.4859,1.48604,1.00,1.00
2017.09.20 16:48:49.233,1.48587,1.48601,1.37,1.50
2017.09.20 16:48:49.389,1.48582,1.48598,1.69,1.25
2017.09.20 16:48:49.596,1.48586,1.48598,1.00,1.00
2017.09.20 16:48:50.111,1.48585,1.48598,1.00,1.00
2017.09.20 16:48:50.793,1.48586,1.48599,1.25,1.00
2017.09.20 16:48:50.910,1.48586,1.48601,1.12,1.00
2017.09.20 16:48:51.420,1.48586,1.486,1.69,1.00
2017.09.20 16:48:52.046,1.48586,1.48598,1.50,1.00
2017.09.20 16:48:52.754,1.48585,1.48598,1.00,1.00
2017.09.20 16:48:53.995,1.48586,1.48598,1.00,1.00
2017.09.20 16:48:57.319,1.48585,1.48598,1.50,1.00
2017.09.20 16:48:57.902,1.48586,1.48599,1.00,1.00
2017.09.20 16:48:58.099,1.48586,1.48602,1.00,1.50
2017.09.20 16:48:58.633,1.48586,1.48602,1.00,1.00
2017.09.20 16:48:58.836,1.48586,1.48598,1.00,1.00
2017.09.20 16:48:59.420,1.48585,1.48598,1.00,1.00
2017.09.20 16:48:59.971,1.48582,1.48598,1.31,1.00
2017.09.20 16:49:00.144,1.48581,1.48596,1.00,1.00
2017.09.20 16:49:00.196,1.48581,1.48593,1.00,1.00
2017.09.20 16:49:01.121,1.4858,1.48593,1.00,1.00
2017.09.20 16:49:02.177,1.48581,1.48593,1.00,1.00
2017.09.20 16:49:03.513,1.4858,1.48593,1.00,1.00
2017.09.20 16:49:04.083,1.48581,1.48593,1.00,1.00
2017.09.20 16:49:04.135,1.48581,1.48597,1.00,1.50
2017.09.20 16:49:05.381,1.48581,1.48597,1.00,1.19
2017.09.20 16:49:05.882,1.48581,1.48597,1.00,1.00
2017.09.20 16:49:06.403,1.4858,1.48597,1.00,1.00
2017.09.20 16:49:06.938,1.48581,1.48599,1.00,2.38
2017.09.20 16:49:07.245,1.48581,1.486,1.25,2.00
2017.09.20 16:49:07.399,1.4858,1.486,1.19,1.44
2017.09.20 16:49:07.875,1.4858,1.486,1.19,1.50
2017.09.20 16:49:09.136,1.48583,1.48595,1.00,2.00
2017.09.20 16:49:09.188,1.48581,1.48592,1.00,1.00
2017.09.20 16:49:09.290,1.48577,1.48593,1.00,2.56
2017.09.20 16:49:09.342,1.48572,1.48593,3.37,1.63
2017.09.20 16:49:09.853,1.48573,1.48593,1.69,3.37
2017.09.20 16:49:10.429,1.48572,1.48593,2.44,4.12
2017.09.20 16:49:11.068,1.48573,1.48593,1.69,3.94
2017.09.20 16:49:11.599,1.48572,1.48593,1.69,1.12
2017.09.20 16:49:12.193,1.48573,1.48593,1.69,2.44
2017.09.20 16:49:12.702,1.48573,1.48594,1.25,4.31
2017.09.20 16:49:13.004,1.48575,1.48593,1.00,2.62
2017.09.20 16:49:13.544,1.48574,1.48593,1.00,1.12
2017.09.20 16:49:13.860,1.48574,1.48587,1.00,1.19
2017.09.20 16:49:14.015,1.48567,1.48587,1.00,2.25
2017.09.20 16:49:14.480,1.48569,1.48587,1.00,1.25
2017.09.20 16:49:14.994,1.48568,1.48587,1.50,3.75
2017.09.20 16:49:15.739,1.48569,1.48586,1.00,2.25
2017.09.20 16:49:16.252,1.48565,1.48584,1.69,1.88
2017.09.20 16:49:16.407,1.48563,1.48582,1.00,1.50
2017.09.20 16:49:16.714,1.48563,1.48582,1.25,2.44
2017.09.20 16:49:17.243,1.48562,1.48582,1.25,1.31
2017.09.20 16:49:17.754,1.48563,1.48582,1.00,2.44
2017.09.20 16:49:18.061,1.48561,1.48579,1.50,1.00
2017.09.20 16:49:18.585,1.48563,1.48582,1.25,1.31
2017.09.20 16:49:18.739,1.48564,1.48584,1.31,1.00
2017.09.20 16:49:18.996,1.48564,1.48584,2.06,2.62
2017.09.20 16:49:19.811,1.48564,1.48584,1.25,1.19
2017.09.20 16:49:20.324,1.48564,1.48584,1.25,1.25
2017.09.20 16:49:20.631,1.48558,1.4858,4.69,1.12
2017.09.20 16:49:21.078,1.48561,1.48578,1.50,1.00
2017.09.20 16:49:21.386,1.48563,1.4858,1.00,1.44
2017.09.20 16:49:21.489,1.48563,1.48581,1.00,2.06
2017.09.20 16:49:22.258,1.48563,1.48583,1.00,1.69
2017.09.20 16:49:22.953,1.48563,1.48583,1.87,3.19
2017.09.20 16:49:24.519,1.48563,1.48583,2.25,2.25
2017.09.20 16:49:24.826,1.48568,1.48585,1.50,1.00
2017.09.20 16:49:25.364,1.48569,1.48585,1.00,1.00
2017.09.20 16:49:25.564,1.48572,1.4859,1.00,2.44
2017.09.20 16:49:26.179,1.48572,1.4859,1.00,2.44
2017.09.20 16:49:26.914,1.48573,1.4859,1.00,2.81
2017.09.20 16:49:27.693,1.48572,1.4859,1.25,1.87
2017.09.20 16:49:28.650,1.48573,1.4859,1.00,2.06
2017.09.20 16:49:29.199,1.48572,1.4859,1.25,1.69
2017.09.20 16:49:29.752,1.48573,1.4859,1.00,1.44
2017.09.20 16:49:30.277,1.48573,1.4859,1.00,1.00
2017.09.20 16:49:33.649,1.48572,1.4859,1.69,1.00
2017.09.20 16:49:34.189,1.48572,1.48587,1.25,1.00
2017.09.20 16:49:37.209,1.48573,1.48587,1.25,1.00
2017.09.20 16:49:37.874,1.48572,1.48587,1.25,1.00
2017.09.20 16:49:38.420,1.48573,1.48587,1.00,1.00
2017.09.20 16:49:38.574,1.48569,1.48585,1.69,1.00
2017.09.20 16:49:39.084,1.48568,1.48584,1.31,1.00
2017.09.20 16:49:39.591,1.48567,1.48584,2.81,1.00
2017.09.20 16:49:41.099,1.48568,1.48584,2.25,1.00
2017.09.20 16:49:41.202,1.48573,1.48586,1.00,1.00
2017.09.20 16:49:41.559,1.48572,1.48584,1.12,1.00
2017.09.20 16:49:41.890,1.48572,1.48586,1.00,1.00
2017.09.20 16:49:42.389,1.4857,1.48587,1.88,1.00
2017.09.20 16:49:42.936,1.4857,1.48586,1.69,1.00
2017.09.20 16:49:43.446,1.48571,1.48587,1.25,1.00
2017.09.20 16:49:43.599,1.48571,1.48589,1.25,1.12
2017.09.20 16:49:44.185,1.4857,1.48588,1.69,1.00
2017.09.20 16:49:44.699,1.4857,1.48587,1.69,1.00
2017.09.20 16:49:45.250,1.4857,1.48586,2.62,1.00
2017.09.20 16:49:46.019,1.4857,1.48584,1.87,1.00
2017.09.20 16:49:46.745,1.4857,1.48584,1.87,1.00
2017.09.20 16:49:47.272,1.48569,1.48585,3.37,1.00
2017.09.20 16:49:47.811,1.48569,1.48586,3.56,1.00
2017.09.20 16:49:48.341,1.4857,1.48587,1.25,1.00
2017.09.20 16:49:48.890,1.48569,1.48587,3.56,1.00
2017.09.20 16:49:49.548,1.4857,1.48587,2.06,1.00
2017.09.20 16:49:51.567,1.48569,1.48586,3.56,1.00
2017.09.20 16:49:52.300,1.4857,1.48586,1.87,1.00
2017.09.20 16:49:53.597,1.4857,1.48588,2.06,1.31
2017.09.20 16:49:55.485,1.4857,1.48586,1.69,1.00
2017.09.20 16:49:56.026,1.48569,1.48586,3.75,1.00
2017.09.20 16:49:57.864,1.48572,1.48585,1.00,1.00
2017.09.20 16:49:58.019,1.48573,1.48587,1.25,1.00
2017.09.20 16:49:58.277,1.48574,1.48591,1.25,1.25
2017.09.20 16:49:58.823,1.48573,1.48591,1.87,1.00
2017.09.20 16:49:59.334,1.48574,1.48591,1.00,1.00
2017.09.20 16:49:59.852,1.48575,1.48591,1.00,1.00
2017.09.20 16:50:00.315,1.48574,1.4859,1.00,2.00
2017.09.20 16:50:00.367,1.4857,1.48588,1.37,1.50
2017.09.20 16:50:00.420,1.48569,1.48586,1.69,1.50
2017.09.20 16:50:00.522,1.48571,1.48584,1.00,1.50
2017.09.20 16:50:00.573,1.48571,1.48585,1.00,1.00
2017.09.20 16:50:00.676,1.48579,1.48584,1.00,1.00
2017.09.20 16:50:00.779,1.48579,1.48592,1.00,2.44
2017.09.20 16:50:00.831,1.48579,1.48592,1.00,1.50
2017.09.20 16:50:01.094,1.48579,1.48594,1.69,1.00
2017.09.20 16:50:02.615,1.48579,1.48595,1.69,1.00
2017.09.20 16:50:02.993,1.48579,1.48593,1.25,1.00
2017.09.20 16:50:03.454,1.48579,1.48591,1.00,1.00
2017.09.20 16:50:03.984,1.48578,1.48591,1.00,1.00
2017.09.20 16:50:04.083,1.48578,1.48593,1.00,1.00
2017.09.20 16:50:05.552,1.48578,1.48592,1.00,1.00
2017.09.20 16:50:08.827,1.48579,1.48592,1.00,1.00
2017.09.20 16:50:09.924,1.48578,1.48592,1.00,1.00
2017.09.20 16:50:10.026,1.48578,1.48595,1.00,1.00
2017.09.20 16:50:10.676,1.48573,1.48595,2.62,2.44
2017.09.20 16:50:11.028,1.48573,1.48593,2.62,1.00
2017.09.20 16:50:11.079,1.48573,1.48593,2.44,1.00
2017.09.20 16:50:11.181,1.48574,1.48593,1.31,1.00
2017.09.20 16:50:11.686,1.48574,1.48593,1.87,1.00
2017.09.20 16:50:12.623,1.48574,1.48592,1.87,1.00
2017.09.20 16:50:13.093,1.48573,1.48592,2.44,1.00
2017.09.20 16:50:13.547,1.48576,1.48594,1.00,1.00
2017.09.20 16:50:14.089,1.48575,1.48595,2.62,1.00
2017.09.20 16:50:14.902,1.48575,1.48595,1.69,1.19
2017.09.20 16:50:15.480,1.48575,1.48595,3.75,1.69
2017.09.20 16:50:15.952,1.48581,1.48596,1.00,1.25
2017.09.20 16:50:17.485,1.48581,1.48595,1.00,1.25
2017.09.20 16:50:17.907,1.48583,1.48595,1.00,1.00
2017.09.20 16:50:18.417,1.48583,1.48596,1.00,1.00
2017.09.20 16:50:19.009,1.48583,1.48595,1.00,1.00
2017.09.20 16:50:19.772,1.48583,1.48596,1.00,1.00
2017.09.20 16:50:20.081,1.48581,1.48592,1.00,1.00
2017.09.20 16:50:20.133,1.48579,1.48592,1.00,1.00
2017.09.20 16:50:20.185,1.48579,1.48595,1.00,1.25
2017.09.20 16:50:20.902,1.48579,1.48594,1.00,1.00
2017.09.20 16:50:21.406,1.48579,1.48595,1.00,1.25
2017.09.20 16:50:22.045,1.48579,1.48594,1.00,1.00
2017.09.20 16:50:22.555,1.48579,1.48595,1.00,1.69
2017.09.20 16:50:23.086,1.48579,1.48594,1.00,1.00
2017.09.20 16:50:23.644,1.48579,1.48595,1.00,1.25
2017.09.20 16:50:24.302,1.48579,1.48594,1.00,1.00
2017.09.20 16:50:25.346,1.48579,1.48595,1.00,1.69
2017.09.20 16:50:25.873,1.48579,1.48594,1.00,1.00
2017.09.20 16:50:26.522,1.48579,1.48595,1.00,1.25
2017.09.20 16:50:27.131,1.48579,1.48594,1.00,1.00
2017.09.20 16:50:27.667,1.48579,1.48595,1.00,1.69
2017.09.20 16:50:28.518,1.4858,1.48592,1.00,1.00
2017.09.20 16:50:29.132,1.4858,1.48593,1.00,1.00
2017.09.20 16:50:29.391,1.48578,1.48593,1.00,1.00
2017.09.20 16:50:29.966,1.48578,1.48592,1.00,1.00
2017.09.20 16:50:30.715,1.48579,1.48593,1.00,1.00
2017.09.20 16:50:30.921,1.48581,1.48596,1.00,3.56
2017.09.20 16:50:31.023,1.48581,1.48596,1.00,1.31
2017.09.20 16:50:31.127,1.48583,1.48596,1.00,1.31
2017.09.20 16:50:32.195,1.48583,1.48595,1.00,1.00
2017.09.20 16:50:32.952,1.48583,1.48596,1.00,1.25
2017.09.20 16:50:33.547,1.48583,1.48595,1.00,1.00
2017.09.20 16:50:33.843,1.48581,1.48596,1.00,1.25
2017.09.20 16:50:34.048,1.48581,1.48595,1.00,1.63
2017.09.20 16:50:34.720,1.4858,1.48595,1.00,1.44
2017.09.20 16:50:35.240,1.4858,1.48596,1.00,1.31
2017.09.20 16:50:35.539,1.4858,1.48596,1.00,1.81
2017.09.20 16:50:36.323,1.4858,1.48596,1.00,2.25
2017.09.20 16:50:36.846,1.4858,1.48595,1.00,1.31
2017.09.20 16:50:37.156,1.4858,1.48596,1.00,1.25
2017.09.20 16:50:37.324,1.48582,1.48595,1.00,1.00
2017.09.20 16:50:38.097,1.48582,1.48596,1.00,1.25
2017.09.20 16:50:38.635,1.48582,1.48595,1.00,1.00
2017.09.20 16:50:39.006,1.48584,1.48595,1.00,1.00
2017.09.20 16:50:39.635,1.48584,1.48596,1.00,1.00
2017.09.20 16:50:40.146,1.48583,1.48596,1.00,1.00
2017.09.20 16:50:40.648,1.48583,1.48595,1.00,1.00
2017.09.20 16:50:40.877,1.48584,1.48599,1.00,1.50
2017.09.20 16:50:40.930,1.48585,1.48602,1.00,1.69
2017.09.20 16:50:41.138,1.48586,1.48599,1.00,1.00
2017.09.20 16:50:41.242,1.48581,1.48595,1.00,1.00
2017.09.20 16:50:41.345,1.48579,1.48596,1.00,2.25
2017.09.20 16:50:41.448,1.48583,1.48598,1.00,1.87
2017.09.20 16:50:41.755,1.48586,1.48601,1.00,1.44
2017.09.20 16:50:42.256,1.48586,1.486,1.00,1.44
2017.09.20 16:50:42.516,1.48586,1.48601,1.00,1.12
2017.09.20 16:50:43.032,1.48587,1.48601,1.00,1.12
2017.09.20 16:50:43.626,1.48587,1.486,1.00,1.00
2017.09.20 16:50:44.189,1.48587,1.48601,1.00,1.69
2017.09.20 16:50:46.082,1.48587,1.486,1.00,1.44
2017.09.20 16:50:46.134,1.48585,1.48599,1.00,1.25
2017.09.20 16:50:46.674,1.48584,1.48597,1.00,1.00
2017.09.20 16:50:47.186,1.48583,1.48598,1.00,1.00
2017.09.20 16:50:47.611,1.48582,1.48595,1.00,1.50
2017.09.20 16:50:47.985,1.48579,1.48595,1.50,1.87
2017.09.20 16:50:52.735,1.4858,1.48596,1.00,2.44
2017.09.20 16:50:52.893,1.48578,1.48593,1.00,1.25
2017.09.20 16:50:52.945,1.48578,1.4859,1.00,1.00
2017.09.20 16:50:53.151,1.48573,1.4859,1.25,2.81
2017.09.20 16:50:53.401,1.48572,1.48588,1.00,1.88
2017.09.20 16:50:53.453,1.48572,1.48588,1.00,1.25
2017.09.20 16:50:53.506,1.48573,1.48587,1.44,1.00
2017.09.20 16:50:53.560,1.48574,1.48591,1.69,1.87
2017.09.20 16:50:53.716,1.48574,1.48591,1.69,1.69
2017.09.20 16:50:53.769,1.48576,1.48591,1.00,1.00
2017.09.20 16:50:54.027,1.48579,1.48597,1.00,3.37
2017.09.20 16:50:54.543,1.4858,1.48595,1.00,1.69
2017.09.20 16:50:55.304,1.4858,1.48595,1.00,1.50
2017.09.20 16:50:55.620,1.4858,1.48596,1.00,2.81
2017.09.20 16:50:56.204,1.4858,1.48596,1.00,1.31
2017.09.20 16:50:56.358,1.4858,1.48597,1.00,2.06
2017.09.20 16:50:56.870,1.4858,1.48597,1.60,1.25
2017.09.20 16:50:57.023,1.48584,1.48595,1.00,1.00
2017.09.20 16:50:57.126,1.48582,1.48597,1.00,2.44
2017.09.20 16:50:57.229,1.48586,1.48599,1.00,1.00
2017.09.20 16:50:57.543,1.48582,1.48597,1.00,1.13
2017.09.20 16:50:57.594,1.48582,1.48597,1.00,1.88
2017.09.20 16:50:57.646,1.48582,1.48597,1.00,1.00
2017.09.20 16:50:58.165,1.48581,1.48596,1.00,1.00
2017.09.20 16:50:58.473,1.48581,1.48595,1.00,1.31
2017.09.20 16:50:58.678,1.48579,1.48594,1.00,1.00
2017.09.20 16:50:59.331,1.4858,1.48596,1.00,1.44
2017.09.20 16:50:59.844,1.4858,1.48597,1.00,1.50
2017.09.20 16:51:00.352,1.4858,1.48597,1.00,3.19
2017.09.20 16:51:00.899,1.48581,1.48597,1.00,3.19
2017.09.20 16:51:01.103,1.48581,1.48597,1.00,1.50
2017.09.20 16:51:02.333,1.48582,1.48597,1.00,1.12
2017.09.20 16:51:02.590,1.48585,1.486,1.00,1.44
2017.09.20 16:51:02.746,1.48583,1.48599,1.00,1.17
2017.09.20 16:51:02.799,1.48582,1.48598,1.00,1.44
2017.09.20 16:51:03.334,1.48583,1.48598,1.00,3.00
2017.09.20 16:51:03.923,1.48583,1.48598,1.00,2.44
2017.09.20 16:51:04.143,1.48579,1.48595,1.00,1.69
2017.09.20 16:51:04.305,1.48579,1.48594,1.00,1.31
2017.09.20 16:51:04.986,1.48579,1.48595,1.00,1.50
2017.09.20 16:51:05.551,1.48578,1.48595,1.00,2.81
2017.09.20 16:51:05.881,1.48577,1.48595,1.00,1.69
2017.09.20 16:51:06.088,1.48576,1.48594,1.00,1.87
2017.09.20 16:51:06.345,1.48577,1.48595,1.00,1.00
2017.09.20 16:51:06.896,1.48577,1.48596,1.00,2.44
2017.09.20 16:51:07.490,1.48578,1.48596,1.00,1.69
2017.09.20 16:51:07.645,1.4858,1.48595,1.00,1.44
2017.09.20 16:51:07.697,1.48578,1.48595,1.00,1.44
2017.09.20 16:51:07.804,1.4858,1.48595,1.00,1.87
2017.09.20 16:51:08.150,1.48588,1.48603,1.00,1.62
2017.09.20 16:51:08.947,1.48588,1.48603,1.00,1.94
2017.09.20 16:51:09.050,1.48586,1.48603,1.00,1.75
2017.09.20 16:51:09.154,1.48586,1.48605,1.00,1.87
2017.09.20 16:51:09.306,1.48588,1.48605,1.00,1.92
2017.09.20 16:51:09.517,1.48585,1.48605,1.00,2.62
2017.09.20 16:51:10.032,1.48586,1.48603,1.00,1.56
2017.09.20 16:51:12.581,1.48584,1.48602,1.00,1.31
2017.09.20 16:51:12.634,1.48586,1.48604,1.00,3.37
2017.09.20 16:51:12.941,1.48589,1.48604,1.00,2.44
2017.09.20 16:51:13.322,1.48583,1.48597,1.50,1.75
2017.09.20 16:51:13.425,1.48577,1.48592,1.00,1.63
2017.09.20 16:51:14.792,1.48576,1.4859,1.00,1.44
2017.09.20 16:51:15.310,1.48576,1.4859,1.00,1.62
2017.09.20 16:51:16.228,1.48575,1.48591,1.00,1.87
2017.09.20 16:51:16.620,1.48573,1.48591,1.00,2.44
2017.09.20 16:51:16.674,1.48575,1.4859,1.00,2.06
2017.09.20 16:51:16.881,1.48575,1.48592,2.25,1.31
2017.09.20 16:51:16.984,1.48579,1.48592,1.00,1.12
2017.09.20 16:51:17.088,1.48581,1.48595,1.00,1.50
2017.09.20 16:51:17.387,1.48581,1.48593,1.00,1.19
2017.09.20 16:51:17.796,1.48579,1.48593,1.87,1.00
2017.09.20 16:51:17.849,1.48583,1.48598,1.00,1.12
2017.09.20 16:51:18.258,1.4858,1.48594,1.00,1.00
2017.09.20 16:51:18.360,1.4858,1.48596,1.00,1.69
2017.09.20 16:51:18.673,1.48583,1.48597,1.00,1.12
2017.09.20 16:51:19.290,1.48582,1.48598,1.00,3.37
2017.09.20 16:51:19.828,1.48583,1.48597,1.00,1.69
2017.09.20 16:51:20.391,1.48581,1.48598,1.00,3.75
2017.09.20 16:51:20.938,1.48581,1.48597,1.00,1.81
2017.09.20 16:51:22.509,1.48581,1.48597,1.00,1.50
2017.09.20 16:51:23.046,1.48581,1.48596,1.00,1.00
2017.09.20 16:51:23.619,1.48581,1.48597,1.00,1.69
2017.09.20 16:51:24.134,1.48583,1.48597,1.00,1.12
2017.09.20 16:51:24.344,1.48583,1.48599,1.00,1.12
2017.09.20 16:51:24.396,1.48586,1.48601,1.00,1.25
2017.09.20 16:51:25.100,1.48588,1.48603,1.00,2.81
2017.09.20 16:51:26.266,1.48588,1.48602,1.00,2.06
2017.09.20 16:51:26.965,1.48588,1.48604,1.00,1.87
2017.09.20 16:51:27.473,1.48589,1.48604,1.00,2.06
2017.09.20 16:51:28.901,1.48587,1.48604,1.00,2.44
2017.09.20 16:51:29.160,1.48586,1.48602,1.00,1.25
2017.09.20 16:51:29.868,1.48586,1.48603,1.00,1.25
2017.09.20 16:51:30.182,1.48588,1.48602,1.00,1.00
2017.09.20 16:51:31.286,1.48587,1.48602,1.00,1.00
2017.09.20 16:51:31.796,1.48586,1.48603,1.00,1.00
2017.09.20 16:51:32.357,1.48586,1.48602,1.00,1.00
2017.09.20 16:51:32.677,1.48586,1.48604,1.00,1.25
2017.09.20 16:51:32.779,1.48589,1.48606,1.00,3.19
2017.09.20 16:51:33.087,1.48599,1.48616,1.50,2.44
2017.09.20 16:51:33.432,1.48604,1.4862,1.50,2.06
2017.09.20 16:51:33.966,1.48603,1.4862,1.00,1.87
2017.09.20 16:51:34.659,1.48603,1.4862,1.00,2.06
2017.09.20 16:51:35.355,1.48603,1.4862,1.00,1.87
2017.09.20 16:51:35.779,1.48603,1.48621,1.00,2.06
2017.09.20 16:51:35.966,1.48603,1.4862,1.00,2.25
2017.09.20 16:51:36.400,1.48607,1.48621,1.00,1.69
2017.09.20 16:51:36.659,1.48596,1.48613,3.00,1.00
2017.09.20 16:51:36.762,1.48596,1.48615,1.00,1.00
2017.09.20 16:51:36.912,1.48596,1.48615,1.50,1.62
2017.09.20 16:51:37.220,1.48598,1.48618,1.69,2.25
2017.09.20 16:51:37.733,1.486,1.4862,1.87,1.44
2017.09.20 16:51:38.099,1.48601,1.48618,1.00,1.19
2017.09.20 16:51:38.861,1.486,1.48618,1.50,1.25
2017.09.20 16:51:39.189,1.48601,1.48616,1.00,1.00
2017.09.20 16:51:39.749,1.486,1.48616,1.50,1.00
2017.09.20 16:51:40.591,1.48601,1.48618,1.12,1.00
2017.09.20 16:51:41.091,1.48602,1.4862,1.00,1.00
2017.09.20 16:51:41.597,1.48601,1.48621,1.25,5.44
2017.09.20 16:51:42.113,1.48602,1.4862,1.00,1.50
2017.09.20 16:51:42.643,1.48602,1.48621,1.00,3.94
2017.09.20 16:51:44.259,1.48602,1.4862,1.00,2.62
2017.09.20 16:51:45.459,1.48602,1.4862,1.50,2.62
2017.09.20 16:51:45.973,1.48601,1.48621,1.87,5.06
2017.09.20 16:51:46.503,1.48602,1.48621,1.00,3.19
2017.09.20 16:51:47.270,1.48601,1.4862,2.56,1.69
2017.09.20 16:51:47.875,1.48601,1.48621,1.81,3.75
2017.09.20 16:51:48.401,1.48601,1.48621,1.63,5.44
2017.09.20 16:51:48.554,1.48604,1.48621,1.63,1.00
2017.09.20 16:51:48.606,1.48608,1.48624,1.00,2.25
2017.09.20 16:51:48.760,1.48608,1.48622,1.00,1.00
2017.09.20 16:51:49.269,1.48607,1.48623,1.00,1.00
2017.09.20 16:51:49.782,1.48608,1.48622,1.00,1.00
2017.09.20 16:51:50.288,1.48607,1.48623,1.00,1.00
2017.09.20 16:51:50.801,1.48603,1.4862,1.75,1.00
2017.09.20 16:51:50.904,1.48603,1.4862,1.00,1.00
2017.09.20 16:51:51.441,1.48602,1.4862,1.87,2.06
2017.09.20 16:51:51.544,1.48601,1.4862,2.38,1.25
2017.09.20 16:51:51.748,1.48601,1.48619,1.87,1.12
2017.09.20 16:51:53.032,1.48601,1.48619,1.25,1.12
2017.09.20 16:51:53.236,1.48601,1.48619,1.00,3.38
2017.09.20 16:51:53.391,1.48599,1.48617,1.00,1.87
2017.09.20 16:51:53.596,1.486,1.4862,1.69,1.81
2017.09.20 16:51:53.647,1.48602,1.4862,1.50,2.25
2017.09.20 16:51:53.699,1.48602,1.4862,1.00,1.56
2017.09.20 16:51:53.751,1.48602,1.4862,1.00,1.12
2017.09.20 16:51:54.313,1.48602,1.4862,1.00,2.63
2017.09.20 16:51:54.619,1.48602,1.48621,1.50,3.75
2017.09.20 16:51:55.050,1.48602,1.4862,1.75,2.25
2017.09.20 16:51:55.152,1.48602,1.48621,1.50,3.94
2017.09.20 16:51:55.615,1.48602,1.4862,1.50,2.25
2017.09.20 16:51:56.746,1.48602,1.4862,1.50,1.50
2017.09.20 16:51:57.328,1.48602,1.4862,1.50,2.25
2017.09.20 16:51:57.801,1.48602,1.4862,1.50,1.12
2017.09.20 16:51:58.350,1.48602,1.48621,1.19,3.19
2017.09.20 16:51:58.908,1.48602,1.4862,1.63,1.87
2017.09.20 16:51:58.960,1.48605,1.48621,1.00,1.50
2017.09.20 16:51:59.167,1.48602,1.48621,1.25,3.00
2017.09.20 16:51:59.526,1.48601,1.48618,1.25,1.38
2017.09.20 16:51:59.578,1.48599,1.48616,1.00,1.12
2017.09.20 16:51:59.630,1.48604,1.48619,1.19,1.19
2017.09.20 16:51:59.784,1.48603,1.4862,1.19,1.00
2017.09.20 16:51:59.938,1.48608,1.48624,1.00,1.87
2017.09.20 16:51:59.990,1.48608,1.48624,1.00,1.44
2017.09.20 16:52:00.246,1.4861,1.48626,1.00,2.44
2017.09.20 16:52:00.350,1.48609,1.48627,1.50,2.25
2017.09.20 16:52:00.947,1.4861,1.48626,1.00,1.25
2017.09.20 16:52:01.616,1.48609,1.48626,1.50,1.25
2017.09.20 16:52:02.151,1.4861,1.48626,1.00,1.00
2017.09.20 16:52:02.508,1.4861,1.48628,1.00,1.00
2017.09.20 16:52:02.560,1.4861,1.48626,1.00,1.00
2017.09.20 16:52:03.086,1.48611,1.48626,1.00,1.00
2017.09.20 16:52:03.404,1.48609,1.48626,1.00,1.69
2017.09.20 16:52:03.695,1.48607,1.48626,1.25,2.81
2017.09.20 16:52:04.277,1.48608,1.48626,1.00,2.06
2017.09.20 16:52:04.482,1.48611,1.48627,1.00,1.25
2017.09.20 16:52:04.837,1.48611,1.48624,1.00,1.00
2017.09.20 16:52:04.889,1.48607,1.48623,1.00,1.50
2017.09.20 16:52:04.941,1.48604,1.48619,1.50,1.00
2017.09.20 16:52:05.147,1.48602,1.48617,1.00,1.00
2017.09.20 16:52:05.506,1.486,1.48616,1.25,1.00
2017.09.20 16:52:06.103,1.486,1.48617,1.25,1.00
2017.09.20 16:52:08.666,1.48602,1.4862,1.00,1.31
2017.09.20 16:52:08.768,1.48604,1.4862,1.00,1.00
2017.09.20 16:52:09.439,1.48602,1.48617,1.00,1.50
2017.09.20 16:52:09.755,1.48602,1.48617,1.50,1.50
2017.09.20 16:52:10.266,1.48602,1.48617,1.50,1.50
2017.09.20 16:52:10.997,1.48602,1.48617,1.50,1.00
2017.09.20 16:52:11.786,1.48602,1.48616,1.25,1.00
2017.09.20 16:52:11.890,1.48602,1.48618,1.00,1.12
2017.09.20 16:52:12.297,1.48602,1.48619,1.50,1.37
2017.09.20 16:52:12.841,1.48602,1.48618,1.50,1.12
2017.09.20 16:52:13.410,1.48602,1.48618,1.50,1.12
2017.09.20 16:52:13.792,1.48602,1.48619,1.75,1.12
2017.09.20 16:52:13.995,1.48602,1.48619,1.25,1.12
2017.09.20 16:52:14.352,1.48605,1.48622,1.00,1.50
2017.09.20 16:52:14.661,1.48603,1.4862,1.25,1.62
2017.09.20 16:52:14.850,1.48603,1.48621,1.50,1.50
2017.09.20 16:52:15.362,1.48603,1.48621,1.00,1.87
2017.09.20 16:52:16.027,1.48605,1.4862,1.00,1.00
2017.09.20 16:52:17.245,1.48602,1.48621,1.63,1.00
2017.09.20 16:52:17.560,1.48599,1.48617,1.88,1.00
2017.09.20 16:52:17.791,1.48599,1.48617,1.88,1.50
2017.09.20 16:52:18.294,1.48599,1.48617,1.06,1.00
2017.09.20 16:52:18.817,1.48599,1.48617,1.25,1.50
2017.09.20 16:52:20.762,1.48599,1.48617,2.00,1.00
2017.09.20 16:52:21.026,1.486,1.48619,1.50,1.25
2017.09.20 16:52:21.561,1.486,1.48618,1.63,1.00
2017.09.20 16:52:21.994,1.486,1.48618,1.63,1.00
2017.09.20 16:52:22.113,1.486,1.48618,1.63,1.00
2017.09.20 16:52:22.663,1.48599,1.48618,1.17,1.12
2017.09.20 16:52:22.715,1.48598,1.48616,1.69,1.50
2017.09.20 16:52:23.128,1.48595,1.48615,3.31,1.50
2017.09.20 16:52:23.773,1.48595,1.48615,3.31,1.69
2017.09.20 16:52:23.970,1.48595,1.48615,3.31,1.69
2017.09.20 16:52:25.221,1.48595,1.48616,2.56,2.81
2017.09.20 16:52:25.798,1.48595,1.48616,1.31,3.00
2017.09.20 16:52:26.122,1.48595,1.48616,1.81,3.19
2017.09.20 16:52:26.591,1.48595,1.48615,2.56,3.00
2017.09.20 16:52:27.424,1.48596,1.48616,2.19,2.06
2017.09.20 16:52:27.527,1.48596,1.48615,2.56,2.44
2017.09.20 16:52:27.680,1.48593,1.48614,5.56,1.69
2017.09.20 16:52:27.785,1.48596,1.48615,1.63,2.06
2017.09.20 16:52:28.094,1.48596,1.48616,2.75,2.44
2017.09.20 16:52:28.146,1.48595,1.48615,3.75,2.06
2017.09.20 16:52:29.025,1.48596,1.48613,1.17,1.25
2017.09.20 16:52:29.642,1.48594,1.48614,3.13,1.00
2017.09.20 16:52:30.157,1.48594,1.48613,3.13,1.00
2017.09.20 16:52:30.367,1.48594,1.48614,1.44,1.00
2017.09.20 16:52:30.419,1.48594,1.48614,2.38,1.00
2017.09.20 16:52:30.930,1.48596,1.48613,1.06,1.00
2017.09.20 16:52:31.475,1.48596,1.48613,1.17,1.00
2017.09.20 16:52:32.040,1.48595,1.48614,1.94,1.00
2017.09.20 16:52:32.542,1.48595,1.48613,1.81,1.00
2017.09.20 16:52:33.073,1.48595,1.48614,1.44,1.00
2017.09.20 16:52:33.589,1.48594,1.48613,1.56,1.87
2017.09.20 16:52:37.026,1.48594,1.48614,1.69,1.87
2017.09.20 16:52:37.634,1.48594,1.48613,1.81,1.12
2017.09.20 16:52:37.957,1.48596,1.48615,1.63,1.00
2017.09.20 16:52:38.112,1.48596,1.48615,1.87,1.87
2017.09.20 16:52:38.739,1.48596,1.48616,1.44,1.12
2017.09.20 16:52:39.401,1.48596,1.48615,2.56,1.25
2017.09.20 16:52:39.948,1.48596,1.48615,2.06,1.00
2017.09.20 16:52:40.000,1.48596,1.48615,2.56,1.00
2017.09.20 16:52:40.470,1.48596,1.48615,1.87,1.00
2017.09.20 16:52:40.574,1.48594,1.48613,3.31,1.00
2017.09.20 16:52:41.034,1.48595,1.48615,1.44,1.50
2017.09.20 16:52:41.500,1.48597,1.48616,1.50,2.44
2017.09.20 16:52:43.141,1.48596,1.48615,2.13,1.69
2017.09.20 16:52:44.402,1.48596,1.48616,1.06,2.25
2017.09.20 16:52:44.952,1.48595,1.48616,2.56,3.19
2017.09.20 16:52:46.206,1.48595,1.48615,2.56,2.81
2017.09.20 16:52:46.412,1.4859,1.48611,2.94,1.25
2017.09.20 16:52:46.515,1.48594,1.48611,1.00,1.50
2017.09.20 16:52:47.064,1.48593,1.48611,1.63,1.00
2017.09.20 16:52:47.421,1.48593,1.48611,2.75,1.50
2017.09.20 16:52:48.031,1.48593,1.48611,2.56,1.00
2017.09.20 16:52:48.336,1.48591,1.48608,3.37,1.31
2017.09.20 16:52:48.647,1.48599,1.48617,1.25,1.19
2017.09.20 16:52:48.751,1.48599,1.48619,1.69,1.25
2017.09.20 16:52:48.907,1.48595,1.48613,4.12,1.00
2017.09.20 16:52:49.049,1.48593,1.48611,1.69,1.00
2017.09.20 16:52:49.102,1.48593,1.48607,1.50,1.00
2017.09.20 16:52:49.205,1.4859,1.48608,1.31,1.50
2017.09.20 16:52:49.257,1.4859,1.48606,1.19,1.50
2017.09.20 16:52:49.308,1.48588,1.48606,4.31,1.50
2017.09.20 16:52:49.463,1.48591,1.48609,1.50,2.06
2017.09.20 16:52:49.567,1.4859,1.48609,2.00,1.50
2017.09.20 16:52:49.669,1.48592,1.48611,2.00,1.25
2017.09.20 16:52:50.064,1.48591,1.48609,1.87,1.00
2017.09.20 16:52:50.219,1.48589,1.48607,1.12,1.50
2017.09.20 16:52:50.579,1.48588,1.48607,2.19,1.87
2017.09.20 16:52:50.990,1.48589,1.48606,1.75,1.25
2017.09.20 16:52:51.574,1.48588,1.48606,2.94,1.00
2017.09.20 16:52:52.101,1.48588,1.48606,2.19,1.00
2017.09.20 16:52:52.152,1.48587,1.48603,1.50,1.50
2017.09.20 16:52:52.204,1.48587,1.48603,1.00,1.69
2017.09.20 16:52:52.459,1.48584,1.48603,1.25,2.00
2017.09.20 16:52:52.512,1.48584,1.48603,1.75,2.00
2017.09.20 16:52:53.062,1.48587,1.48603,1.50,1.19
2017.09.20 16:52:53.271,1.48588,1.48606,1.25,2.06
2017.09.20 16:52:53.477,1.48588,1.48605,1.50,1.25
2017.09.20 16:52:53.957,1.48589,1.48606,1.50,1.00
2017.09.20 16:52:54.164,1.48589,1.48603,1.50,1.25
2017.09.20 16:52:54.267,1.48586,1.48604,1.50,1.25
2017.09.20 16:52:54.784,1.48586,1.48604,1.50,1.19
2017.09.20 16:52:55.319,1.48586,1.48603,1.00,1.19
2017.09.20 16:52:55.708,1.48587,1.48604,1.00,1.50
2017.09.20 16:52:56.233,1.48586,1.48604,1.25,1.50
2017.09.20 16:52:56.285,1.48586,1.48603,1.00,1.69
2017.09.20 16:52:56.490,1.48583,1.48602,1.44,1.25
2017.09.20 16:52:57.000,1.48583,1.48602,1.25,1.44
2017.09.20 16:52:57.385,1.48583,1.48603,1.25,1.12
2017.09.20 16:52:57.922,1.48583,1.48602,1.44,1.25
2017.09.20 16:52:58.172,1.48582,1.48599,2.19,1.00
2017.09.20 16:52:58.327,1.4858,1.48599,2.00,1.44
2017.09.20 16:52:58.992,1.4858,1.48599,2.38,1.19
2017.09.20 16:52:59.044,1.48581,1.48599,1.75,2.25
2017.09.20 16:52:59.609,1.48581,1.48599,1.94,1.00
2017.09.20 16:52:59.770,1.48581,1.48599,2.38,1.50
2017.09.20 16:53:00.077,1.48583,1.48601,1.50,1.00
2017.09.20 16:53:00.589,1.48585,1.48602,1.50,1.50
2017.09.20 16:53:00.743,1.48585,1.48605,1.50,1.69
2017.09.20 16:53:01.516,1.48587,1.48606,1.00,1.31
2017.09.20 16:53:02.066,1.48586,1.48606,2.94,1.56
2017.09.20 16:53:02.362,1.48591,1.48606,1.00,1.56
2017.09.20 16:53:02.414,1.48591,1.48607,1.00,3.75
2017.09.20 16:53:03.005,1.4859,1.48607,1.00,2.81
2017.09.20 16:53:03.544,1.4859,1.48605,1.00,1.00
2017.09.20 16:53:05.237,1.48589,1.48603,1.00,2.25
2017.09.20 16:53:05.288,1.48584,1.48603,1.50,3.56
2017.09.20 16:53:05.392,1.48584,1.486,1.50,1.25
2017.09.20 16:53:05.548,1.48584,1.48603,1.81,1.87
2017.09.20 16:53:05.828,1.48586,1.48602,1.00,1.69
2017.09.20 16:53:05.931,1.48582,1.486,1.69,1.12
2017.09.20 16:53:05.982,1.48585,1.48601,1.50,1.44
2017.09.20 16:53:06.442,1.48585,1.486,1.50,1.25
2017.09.20 16:53:06.698,1.48588,1.48604,1.25,1.87
2017.09.20 16:53:07.256,1.48588,1.48604,1.25,1.87
2017.09.20 16:53:07.768,1.48589,1.48607,1.00,1.12
2017.09.20 16:53:07.871,1.48591,1.48609,1.00,2.44
2017.09.20 16:53:08.178,1.48591,1.48607,1.00,1.31
2017.09.20 16:53:08.631,1.4859,1.48608,1.88,1.19
2017.09.20 16:53:08.786,1.48593,1.48611,2.19,2.25
2017.09.20 16:53:08.991,1.48594,1.48612,1.50,1.25
2017.09.20 16:53:09.300,1.48595,1.4861,1.50,1.25
2017.09.20 16:53:09.352,1.48595,1.4861,1.00,1.25
2017.09.20 16:53:09.859,1.48594,1.4861,1.00,1.69
2017.09.20 16:53:10.445,1.48593,1.4861,1.00,1.25
2017.09.20 16:53:12.175,1.48592,1.4861,2.38,1.25
2017.09.20 16:53:12.718,1.48593,1.4861,1.25,1.25
2017.09.20 16:53:13.526,1.48594,1.4861,1.50,1.25
2017.09.20 16:53:14.004,1.48596,1.48611,1.00,1.50
2017.09.20 16:53:14.574,1.48596,1.4861,1.50,1.00
2017.09.20 16:53:15.272,1.48596,1.48612,2.25,1.12
2017.09.20 16:53:15.326,1.48602,1.48617,1.00,4.69
2017.09.20 16:53:15.379,1.48602,1.48617,1.00,2.25
2017.09.20 16:53:15.482,1.48602,1.48619,1.00,3.00
2017.09.20 16:53:15.826,1.48603,1.48619,2.00,1.12
2017.09.20 16:53:16.134,1.48606,1.48622,1.00,1.25
2017.09.20 16:53:16.679,1.48605,1.48622,1.00,1.44
2017.09.20 16:53:17.212,1.48604,1.48622,1.50,1.31
2017.09.20 16:53:17.815,1.48604,1.48622,1.50,1.12
2017.09.20 16:53:18.342,1.48604,1.48622,1.50,1.37
2017.09.20 16:53:19.071,1.48604,1.48622,1.00,1.31
2017.09.20 16:53:19.408,1.48606,1.48624,1.00,1.69
2017.09.20 16:53:19.717,1.48608,1.48623,1.50,1.00
2017.09.20 16:53:20.290,1.48608,1.48624,1.50,1.50
2017.09.20 16:53:20.759,1.4861,1.48623,1.00,1.00
2017.09.20 16:53:21.277,1.4861,1.48624,1.00,1.50
2017.09.20 16:53:21.828,1.48609,1.48624,1.00,1.50
2017.09.20 16:53:22.375,1.48608,1.48623,1.87,1.50
2017.09.20 16:53:22.926,1.48608,1.48624,1.00,1.00
2017.09.20 16:53:23.298,1.48609,1.48626,1.00,1.50
2017.09.20 16:53:23.810,1.4861,1.48626,1.00,1.00
2017.09.20 16:53:24.341,1.48609,1.48624,2.81,1.00
2017.09.20 16:53:24.444,1.48609,1.48626,2.81,1.00
2017.09.20 16:53:25.010,1.4861,1.48626,1.00,1.00
2017.09.20 16:53:29.322,1.48612,1.48627,1.00,1.00
2017.09.20 16:53:29.753,1.4861,1.48627,1.00,1.00
2017.09.20 16:53:30.297,1.48611,1.48626,1.00,1.00
2017.09.20 16:53:30.934,1.4861,1.48626,1.25,1.00
2017.09.20 16:53:31.930,1.4861,1.48626,1.19,1.00
2017.09.20 16:53:32.917,1.48611,1.48625,1.00,1.00
2017.09.20 16:53:32.969,1.48608,1.48623,1.50,1.00
2017.09.20 16:53:33.071,1.48608,1.48621,1.00,1.00
2017.09.20 16:53:33.175,1.48608,1.48623,1.00,1.25
2017.09.20 16:53:33.277,1.48607,1.48621,1.00,1.00
2017.09.20 16:53:33.431,1.48605,1.4862,1.50,1.00
2017.09.20 16:53:33.734,1.48605,1.48622,1.25,1.69
2017.09.20 16:53:34.244,1.48606,1.48622,1.00,1.50
2017.09.20 16:53:34.790,1.48605,1.48622,1.25,1.50
2017.09.20 16:53:36.030,1.48605,1.48622,1.19,1.00
2017.09.20 16:53:36.403,1.48604,1.48622,3.19,1.00
2017.09.20 16:53:36.646,1.48606,1.48622,1.00,1.00
2017.09.20 16:53:37.156,1.48605,1.48622,1.25,1.50
2017.09.20 16:53:37.720,1.48606,1.48622,1.00,1.00
2017.09.20 16:53:38.276,1.48605,1.48622,1.25,1.50
2017.09.20 16:53:39.032,1.48604,1.48622,3.19,1.00
2017.09.20 16:53:39.568,1.48605,1.48622,1.25,1.50
2017.09.20 16:53:40.112,1.48604,1.4862,1.19,1.00
2017.09.20 16:53:40.680,1.48604,1.4862,1.25,1.00
2017.09.20 16:53:41.458,1.48604,1.4862,3.37,1.00
2017.09.20 16:53:41.988,1.48604,1.48621,3.37,1.00
2017.09.20 16:53:42.778,1.48605,1.4862,1.25,1.19
2017.09.20 16:53:42.933,1.48605,1.48621,1.69,1.00
2017.09.20 16:53:43.116,1.48607,1.48625,2.25,1.44
2017.09.20 16:53:43.336,1.48608,1.48625,1.00,1.00
2017.09.20 16:53:43.874,1.48608,1.48624,1.00,1.00
2017.09.20 16:53:43.926,1.48606,1.48624,1.69,1.00
2017.09.20 16:53:43.978,1.48605,1.48622,1.69,1.00
2017.09.20 16:53:44.029,1.48605,1.48624,1.69,1.69
2017.09.20 16:53:44.274,1.48605,1.48622,1.69,1.00
2017.09.20 16:53:44.787,1.48605,1.48623,1.50,1.00
2017.09.20 16:53:45.144,1.48605,1.48621,1.25,1.00
2017.09.20 16:53:45.247,1.48605,1.48623,1.25,1.69
2017.09.20 16:53:45.447,1.48605,1.48621,1.00,1.00
2017.09.20 16:53:46.098,1.48605,1.48623,1.12,1.69
2017.09.20 16:53:46.616,1.48604,1.48622,2.25,1.00
2017.09.20 16:53:47.117,1.48607,1.48623,1.00,1.50
2017.09.20 16:53:47.481,1.48605,1.48623,2.62,1.00
2017.09.20 16:53:47.583,1.48607,1.48623,1.00,1.50
2017.09.20 16:53:48.094,1.48606,1.48623,1.50,1.00
2017.09.20 16:53:48.860,1.48605,1.48621,2.44,1.00
2017.09.20 16:53:49.441,1.48605,1.48622,2.06,1.00
2017.09.20 16:53:50.634,1.48605,1.48621,2.06,1.00
2017.09.20 16:53:50.940,1.48608,1.48621,1.00,1.00
2017.09.20 16:53:50.992,1.48607,1.48624,1.00,1.00
2017.09.20 16:53:51.045,1.48606,1.4862,1.50,1.00
2017.09.20 16:53:51.379,1.48602,1.48617,1.00,1.00
2017.09.20 16:53:51.711,1.48604,1.48617,1.00,1.00
2017.09.20 16:53:52.129,1.48606,1.48622,1.44,1.00
2017.09.20 16:53:52.232,1.48608,1.48623,1.37,1.00
2017.09.20 16:53:52.284,1.48607,1.48626,1.62,1.19
2017.09.20 16:53:52.642,1.4861,1.48627,1.25,1.00
2017.09.20 16:53:52.937,1.48609,1.48625,1.25,1.00
2017.09.20 16:53:53.505,1.4861,1.48625,1.00,1.00
2017.09.20 16:53:53.711,1.48611,1.48628,1.69,1.00
2017.09.20 16:53:54.227,1.48611,1.48628,3.19,1.00
2017.09.20 16:53:54.731,1.48613,1.48628,1.00,1.00
2017.09.20 16:53:55.264,1.48613,1.48627,1.00,1.00
2017.09.20 16:53:56.259,1.48613,1.48629,1.00,1.00
2017.09.20 16:53:56.464,1.48613,1.48627,1.00,1.00
2017.09.20 16:53:56.986,1.48613,1.48628,1.00,1.00
2017.09.20 16:53:57.828,1.48611,1.48628,3.19,1.00
2017.09.20 16:53:58.340,1.48613,1.48628,1.12,1.00
2017.09.20 16:53:58.991,1.48612,1.48628,1.12,1.00
2017.09.20 16:53:59.374,1.48615,1.48627,1.00,1.00
2017.09.20 16:53:59.426,1.48615,1.48631,1.88,1.00
2017.09.20 16:53:59.940,1.48614,1.48631,1.00,1.00
2017.09.20 16:54:00.043,1.48612,1.48631,3.19,1.00
2017.09.20 16:54:00.094,1.48613,1.48629,1.00,1.00
2017.09.20 16:54:00.465,1.48611,1.48628,1.69,1.19
2017.09.20 16:54:00.571,1.48612,1.48629,1.50,1.00
2017.09.20 16:54:01.081,1.48613,1.48629,1.00,1.00
2017.09.20 16:54:01.713,1.48615,1.48629,1.00,1.00
2017.09.20 16:54:01.765,1.48612,1.48629,1.44,1.00
2017.09.20 16:54:01.817,1.4861,1.48626,4.16,1.00
2017.09.20 16:54:01.920,1.4861,1.48629,4.16,1.00
2017.09.20 16:54:01.971,1.4861,1.48627,2.29,1.00
2017.09.20 16:54:02.499,1.4861,1.48627,1.72,1.25
2017.09.20 16:54:05.171,1.48613,1.48627,1.00,1.00
2017.09.20 16:54:05.681,1.48613,1.48628,1.00,1.00
2017.09.20 16:54:05.994,1.48615,1.48629,2.47,1.00
2017.09.20 16:54:06.096,1.48615,1.48632,3.00,1.00
2017.09.20 16:54:06.630,1.48617,1.48632,1.00,1.00
2017.09.20 16:54:07.148,1.48618,1.48631,1.00,1.00
2017.09.20 16:54:07.609,1.48618,1.48633,1.25,1.50
2017.09.20 16:54:09.236,1.48623,1.48633,2.10,1.00
2017.09.20 16:54:09.287,1.48624,1.48636,1.79,1.00
2017.09.20 16:54:09.469,1.48624,1.48637,1.00,2.62
2017.09.20 16:54:09.521,1.48622,1.48635,1.00,1.00
2017.09.20 16:54:09.675,1.48618,1.48635,1.31,1.00
2017.09.20 16:54:10.197,1.48618,1.48635,1.00,1.25
2017.09.20 16:54:11.782,1.48617,1.48635,1.12,1.25
2017.09.20 16:54:11.945,1.48617,1.4863,1.00,1.00
2017.09.20 16:54:12.000,1.48614,1.4863,1.00,1.50
2017.09.20 16:54:12.053,1.48612,1.48629,3.00,1.00
2017.09.20 16:54:12.566,1.48613,1.4863,1.25,1.50
2017.09.20 16:54:14.879,1.48612,1.48629,1.12,1.00
2017.09.20 16:54:15.085,1.48611,1.48627,1.12,1.00
2017.09.20 16:54:15.646,1.48611,1.48628,1.12,1.00
2017.09.20 16:54:16.039,1.4861,1.48628,2.25,1.00
2017.09.20 16:54:16.618,1.4861,1.48626,2.06,1.00
2017.09.20 16:54:18.448,1.48613,1.48627,1.25,1.00
2017.09.20 16:54:19.070,1.48613,1.48628,1.25,1.00
2017.09.20 16:54:19.654,1.48611,1.48627,3.19,1.00
2017.09.20 16:54:20.114,1.48615,1.48627,1.00,1.00
2017.09.20 16:54:20.166,1.48616,1.48631,1.00,1.00
2017.09.20 16:54:20.421,1.48614,1.48632,1.25,1.25
2017.09.20 16:54:21.111,1.48615,1.48632,1.25,1.25
2017.09.20 16:54:21.807,1.48614,1.48632,1.69,1.25
2017.09.20 16:54:22.445,1.48615,1.48632,1.25,1.25
2017.09.20 16:54:22.665,1.48614,1.4863,1.69,1.00
2017.09.20 16:54:22.973,1.48616,1.4863,1.00,1.00
2017.09.20 16:54:23.077,1.48617,1.48632,1.00,1.25
2017.09.20 16:54:25.861,1.48617,1.48634,1.00,2.25
2017.09.20 16:54:25.963,1.48615,1.48633,2.44,1.31
2017.09.20 16:54:26.488,1.48614,1.48632,1.69,1.25
2017.09.20 16:54:27.337,1.48615,1.48632,1.25,1.12
2017.09.20 16:54:27.910,1.48614,1.48632,1.69,1.25
2017.09.20 16:54:28.443,1.48615,1.48632,1.25,1.12
2017.09.20 16:54:28.835,1.48617,1.48633,1.25,1.50
2017.09.20 16:54:29.347,1.48615,1.48634,2.06,1.69
2017.09.20 16:54:29.890,1.48615,1.48634,1.25,1.69
2017.09.20 16:54:30.413,1.48615,1.48635,1.69,1.19
2017.09.20 16:54:31.084,1.48615,1.48635,2.81,2.44
2017.09.20 16:54:31.339,1.48615,1.48633,1.87,1.00
2017.09.20 16:54:31.879,1.48615,1.48634,1.87,1.25
2017.09.20 16:54:32.130,1.48615,1.48634,2.62,1.12
2017.09.20 16:54:34.234,1.48617,1.48633,1.00,1.00
2017.09.20 16:54:34.754,1.48616,1.48633,1.00,1.00
2017.09.20 16:54:36.460,1.48616,1.48634,1.25,1.25
2017.09.20 16:54:37.612,1.48616,1.48634,1.31,1.25
2017.09.20 16:54:38.158,1.48616,1.48634,1.25,1.25
2017.09.20 16:54:38.675,1.48616,1.48634,1.44,1.25
2017.09.20 16:54:39.203,1.48616,1.48633,1.25,1.00
2017.09.20 16:54:39.531,1.48615,1.48631,1.00,1.00
2017.09.20 16:54:39.583,1.48612,1.4863,1.87,1.31
2017.09.20 16:54:40.008,1.48613,1.48631,1.87,1.25
2017.09.20 16:54:40.522,1.48612,1.48631,2.29,1.69
2017.09.20 16:54:40.726,1.48613,1.48629,1.00,1.00
2017.09.20 16:54:41.380,1.48611,1.48629,1.50,1.00
2017.09.20 16:54:41.975,1.48611,1.48628,2.25,1.00
2017.09.20 16:54:42.511,1.48611,1.48628,3.00,1.00
2017.09.20 16:54:42.563,1.48611,1.4863,2.06,1.00
2017.09.20 16:54:43.070,1.48611,1.4863,3.00,1.00
2017.09.20 16:54:43.901,1.48612,1.4863,1.00,1.00
2017.09.20 16:54:45.248,1.48612,1.48628,1.31,1.00
2017.09.20 16:54:45.401,1.4861,1.48628,3.00,1.00
2017.09.20 16:54:45.606,1.4861,1.48626,1.12,1.00
2017.09.20 16:54:46.107,1.4861,1.48627,1.12,1.00
2017.09.20 16:54:46.626,1.48611,1.48627,1.25,1.00
2017.09.20 16:54:47.514,1.4861,1.48627,1.25,1.00
2017.09.20 16:54:49.865,1.48611,1.48627,1.00,1.00
2017.09.20 16:54:50.413,1.4861,1.48627,1.00,1.00
2017.09.20 16:54:50.932,1.48611,1.48628,1.00,1.12
2017.09.20 16:54:51.235,1.48611,1.48626,1.00,1.00
2017.09.20 16:54:51.541,1.48611,1.48629,1.00,1.50
2017.09.20 16:54:52.018,1.48611,1.48626,1.00,1.00
2017.09.20 16:54:52.746,1.48611,1.48627,1.00,1.00
2017.09.20 16:54:53.265,1.48612,1.48629,1.00,1.00
2017.09.20 16:54:54.245,1.48612,1.4863,1.12,1.87
2017.09.20 16:54:54.452,1.48615,1.48631,1.44,1.12
2017.09.20 16:54:54.505,1.48615,1.48633,1.25,1.69
2017.09.20 16:54:55.100,1.48614,1.48633,1.62,3.19
2017.09.20 16:54:55.280,1.48614,1.48633,1.25,1.50
2017.09.20 16:54:55.383,1.48614,1.48631,1.44,1.00
2017.09.20 16:54:55.927,1.48614,1.48632,1.25,1.00
2017.09.20 16:54:56.492,1.48614,1.48632,1.19,1.44
2017.09.20 16:54:57.036,1.48614,1.48632,1.44,1.12
2017.09.20 16:54:58.506,1.48614,1.48632,1.00,1.00
2017.09.20 16:54:59.037,1.48612,1.48631,2.44,1.00
2017.09.20 16:54:59.622,1.48615,1.48631,1.00,1.00
2017.09.20 16:55:00.155,1.48615,1.48632,1.00,1.00
2017.09.20 16:55:00.261,1.48612,1.48632,4.12,1.00
2017.09.20 16:55:00.367,1.48612,1.48631,1.12,3.56
2017.09.20 16:55:00.826,1.4861,1.48628,1.87,1.00
2017.09.20 16:55:01.905,1.48608,1.48628,3.00,1.12
2017.09.20 16:55:02.427,1.48609,1.48627,1.37,1.31
2017.09.20 16:55:03.036,1.48608,1.48627,2.62,1.00
2017.09.20 16:55:03.174,1.48607,1.48625,1.69,1.00
2017.09.20 16:55:03.532,1.48606,1.48625,1.31,1.00
2017.09.20 16:55:04.082,1.48606,1.48625,1.69,1.69
2017.09.20 16:55:04.441,1.48606,1.48623,1.69,1.00
2017.09.20 16:55:04.927,1.48605,1.48623,1.25,1.25
2017.09.20 16:55:05.430,1.48604,1.48622,2.06,1.00
2017.09.20 16:55:05.532,1.48604,1.48619,1.00,1.00
2017.09.20 16:55:06.043,1.48603,1.4862,1.00,1.25
2017.09.20 16:55:06.460,1.486,1.48617,1.87,1.00
2017.09.20 16:55:06.767,1.48599,1.48615,1.00,1.00
2017.09.20 16:55:07.283,1.48603,1.48617,1.00,1.00
2017.09.20 16:55:07.439,1.48604,1.48619,1.00,1.25
2017.09.20 16:55:08.307,1.48604,1.48619,1.44,1.00
2017.09.20 16:55:08.410,1.48604,1.48621,1.25,1.25
2017.09.20 16:55:08.614,1.48604,1.48619,1.44,1.00
2017.09.20 16:55:08.819,1.48601,1.4862,2.81,2.25
2017.09.20 16:55:08.872,1.486,1.48617,1.00,1.00
2017.09.20 16:55:09.378,1.486,1.48617,1.87,1.00
2017.09.20 16:55:09.738,1.48605,1.48617,2.44,1.00
2017.09.20 16:55:09.789,1.48608,1.48623,1.19,1.00
2017.09.20 16:55:09.892,1.48609,1.48627,1.25,1.25
2017.09.20 16:55:10.351,1.4861,1.48628,2.62,1.19
2017.09.20 16:55:10.859,1.4861,1.48629,1.25,1.19
2017.09.20 16:55:11.228,1.48611,1.48628,1.44,1.00
2017.09.20 16:55:11.742,1.48611,1.48629,1.25,1.25
2017.09.20 16:55:12.260,1.48611,1.48628,1.44,1.00
2017.09.20 16:55:13.482,1.48613,1.48629,1.44,1.00
2017.09.20 16:55:13.635,1.48614,1.48633,3.75,1.25
2017.09.20 16:55:14.081,1.48617,1.48634,1.44,1.31
2017.09.20 16:55:15.931,1.48614,1.48635,3.50,2.81
2017.09.20 16:55:16.733,1.48612,1.48633,4.91,1.19
2017.09.20 16:55:16.785,1.48612,1.48631,3.41,1.19
2017.09.20 16:55:17.287,1.48617,1.48633,1.19,1.69
2017.09.20 16:55:17.339,1.48617,1.48635,1.19,2.44
2017.09.20 16:55:17.604,1.48618,1.48636,2.85,1.00
2017.09.20 16:55:17.912,1.48621,1.4864,1.44,2.62
2017.09.20 16:55:18.805,1.48621,1.4864,1.44,2.62
2017.09.20 16:55:19.785,1.48619,1.48637,3.37,1.00
2017.09.20 16:55:21.358,1.48619,1.48638,2.44,1.00
2017.09.20 16:55:21.864,1.4862,1.48637,1.19,1.00
2017.09.20 16:55:22.384,1.4862,1.48637,1.00,1.00
2017.09.20 16:55:23.521,1.48619,1.48638,2.44,1.25
2017.09.20 16:55:24.053,1.4862,1.48637,1.31,1.00
2017.09.20 16:55:24.336,1.48618,1.48637,2.81,1.25
2017.09.20 16:55:24.390,1.48618,1.48634,1.44,1.25
2017.09.20 16:55:24.494,1.48614,1.48635,2.44,2.44
2017.09.20 16:55:24.596,1.48614,1.48632,1.44,1.00
2017.09.20 16:55:25.141,1.48614,1.48631,1.37,1.25
2017.09.20 16:55:25.192,1.48616,1.48634,1.31,2.44
2017.09.20 16:55:25.451,1.48612,1.48631,3.75,1.00
2017.09.20 16:55:26.021,1.48612,1.48631,1.50,1.69
2017.09.20 16:55:26.622,1.48612,1.4863,1.69,1.25
2017.09.20 16:55:30.216,1.48613,1.48631,1.25,2.44
2017.09.20 16:55:30.985,1.48613,1.4863,1.31,1.25
2017.09.20 16:55:32.030,1.4861,1.4863,3.37,1.25
2017.09.20 16:55:32.083,1.48611,1.4863,1.62,1.19
2017.09.20 16:55:33.274,1.4861,1.4863,1.37,1.69
2017.09.20 16:55:34.670,1.4861,1.48629,2.62,1.19
2017.09.20 16:55:34.722,1.4861,1.48629,2.44,1.44
2017.09.20 16:55:35.908,1.48609,1.48627,1.19,1.19
2017.09.20 16:55:35.961,1.4861,1.48624,1.19,1.00
2017.09.20 16:55:36.584,1.48609,1.48625,1.19,1.50
2017.09.20 16:55:37.394,1.4861,1.48624,1.25,1.00
2017.09.20 16:55:37.897,1.4861,1.48624,1.19,1.00
2017.09.20 16:55:38.102,1.48611,1.48628,1.19,3.19
2017.09.20 16:55:38.205,1.48611,1.48629,1.19,1.69
2017.09.20 16:55:38.652,1.48611,1.48629,1.00,1.25
2017.09.20 16:55:39.108,1.48611,1.48628,1.44,1.25
2017.09.20 16:55:40.522,1.48611,1.48629,1.19,1.25
2017.09.20 16:55:40.955,1.48611,1.48628,1.25,1.00
2017.09.20 16:55:41.475,1.48611,1.48629,1.00,1.50
2017.09.20 16:55:42.041,1.48611,1.48629,1.69,1.00
2017.09.20 16:55:42.446,1.48611,1.48629,1.69,1.50
2017.09.20 16:55:42.970,1.48611,1.48628,1.94,1.00
2017.09.20 16:55:43.480,1.48611,1.48629,1.69,1.50
2017.09.20 16:55:44.029,1.48611,1.48629,2.19,1.50
2017.09.20 16:55:44.546,1.48611,1.48628,2.56,1.00
2017.09.20 16:55:45.054,1.48611,1.48628,2.56,1.00
2017.09.20 16:55:45.571,1.48613,1.48629,1.44,1.00
2017.09.20 16:55:46.068,1.48613,1.48629,1.94,1.50
2017.09.20 16:55:46.478,1.48615,1.48631,1.19,1.50
2017.09.20 16:55:47.016,1.48616,1.4863,1.44,1.00
2017.09.20 16:55:47.387,1.48617,1.48631,1.19,1.00
2017.09.20 16:55:47.440,1.48619,1.48633,1.44,1.12
2017.09.20 16:55:47.646,1.48621,1.48635,1.44,1.12
2017.09.20 16:55:47.699,1.4862,1.48639,1.81,2.81
2017.09.20 16:55:48.215,1.48621,1.48639,1.06,1.31
2017.09.20 16:55:48.750,1.48621,1.4864,2.00,1.25
2017.09.20 16:55:49.253,1.48622,1.4864,1.36,1.25
2017.09.20 16:55:51.332,1.48622,1.4864,1.63,1.19
2017.09.20 16:55:51.981,1.48622,1.48641,1.63,2.44
2017.09.20 16:55:52.521,1.48623,1.4864,1.19,1.44
2017.09.20 16:55:53.061,1.48622,1.48641,2.56,1.69
2017.09.20 16:55:54.046,1.48622,1.48641,2.38,2.44
2017.09.20 16:55:55.060,1.48622,1.48641,2.38,2.44
2017.09.20 16:55:55.571,1.48622,1.4864,2.62,1.87
2017.09.20 16:55:56.121,1.48623,1.4864,1.19,2.44
2017.09.20 16:55:56.742,1.48623,1.48641,1.37,2.62
2017.09.20 16:55:58.805,1.48623,1.48641,1.63,2.81
2017.09.20 16:55:59.336,1.48622,1.48641,1.87,1.50
2017.09.20 16:56:00.288,1.48623,1.4864,1.19,1.19
2017.09.20 16:56:00.390,1.48622,1.4864,1.00,1.50
2017.09.20 16:56:01.270,1.48623,1.4864,1.00,2.06
2017.09.20 16:56:01.785,1.4862,1.4864,2.62,1.94
2017.09.20 16:56:02.329,1.48618,1.48638,3.75,2.06
2017.09.20 16:56:03.055,1.48618,1.48638,1.44,1.44
2017.09.20 16:56:03.854,1.48618,1.48638,1.87,2.25
2017.09.20 16:56:04.450,1.48617,1.48638,5.06,1.50
2017.09.20 16:56:04.971,1.48618,1.48638,3.00,2.25
2017.09.20 16:56:05.523,1.48618,1.48638,1.87,1.12
2017.09.20 16:56:06.672,1.48618,1.48638,1.44,1.44
2017.09.20 16:56:08.184,1.48617,1.48637,2.44,2.00
2017.09.20 16:56:08.692,1.48618,1.48635,1.50,1.44
2017.09.20 16:56:09.504,1.48617,1.48636,3.00,1.87
2017.09.20 16:56:09.659,1.48618,1.48633,1.00,1.12
2017.09.20 16:56:11.281,1.48617,1.48635,1.25,1.69
2017.09.20 16:56:11.889,1.48618,1.48635,1.00,2.25
2017.09.20 16:56:12.516,1.48619,1.48636,1.00,1.31
2017.09.20 16:56:12.568,1.48621,1.4864,1.50,3.94
2017.09.20 16:56:13.239,1.4862,1.4864,4.87,1.87
2017.09.20 16:56:13.778,1.48621,1.4864,1.31,2.44
2017.09.20 16:56:15.232,1.4862,1.4864,5.81,1.69
2017.09.20 16:56:15.890,1.48621,1.4864,1.31,2.44
2017.09.20 16:56:17.211,1.48621,1.4864,1.31,2.44
2017.09.20 16:56:17.392,1.48619,1.48635,1.25,1.00
2017.09.20 16:56:17.907,1.4862,1.48636,1.00,2.81
2017.09.20 16:56:21.213,1.4862,1.48635,1.00,1.69
2017.09.20 16:56:22.021,1.4862,1.48636,1.00,2.81
2017.09.20 16:56:25.726,1.48619,1.48635,1.00,2.06
2017.09.20 16:56:25.930,1.48617,1.48635,1.00,2.06
2017.09.20 16:56:26.439,1.48618,1.48634,1.25,1.12
2017.09.20 16:56:27.627,1.4862,1.48634,1.00,1.12
2017.09.20 16:56:31.634,1.4862,1.48635,1.00,1.50
2017.09.20 16:56:32.526,1.4862,1.48634,1.00,1.12
2017.09.20 16:56:33.029,1.4862,1.48635,1.00,1.50
2017.09.20 16:56:35.145,1.48619,1.48635,1.00,1.50
2017.09.20 16:56:35.577,1.48621,1.48635,1.00,1.50
2017.09.20 16:56:37.391,1.48621,1.48634,1.00,1.31
2017.09.20 16:56:37.792,1.48617,1.48629,1.00,1.00
2017.09.20 16:56:38.342,1.48617,1.4863,1.00,1.00
2017.09.20 16:56:38.763,1.48614,1.4863,1.00,1.00
2017.09.20 16:56:39.498,1.48614,1.48629,1.00,1.00
2017.09.20 16:56:40.027,1.48614,1.4863,1.00,1.00
2017.09.20 16:56:40.419,1.48617,1.48629,1.69,1.00
2017.09.20 16:56:40.728,1.48619,1.48633,1.00,1.00
2017.09.20 16:56:41.444,1.48619,1.48634,1.00,1.87
2017.09.20 16:56:41.977,1.48619,1.48633,1.00,1.00
2017.09.20 16:56:42.500,1.48619,1.48631,1.00,1.00
2017.09.20 16:56:43.082,1.48618,1.48631,1.00,1.00
2017.09.20 16:56:43.593,1.48618,1.48632,1.00,1.00
2017.09.20 16:56:44.521,1.48618,1.48631,1.00,1.00
2017.09.20 16:56:44.675,1.48618,1.48634,1.00,2.25
2017.09.20 16:56:44.828,1.4862,1.48633,1.00,1.00
2017.09.20 16:56:45.338,1.48619,1.48633,1.00,1.00
2017.09.20 16:56:45.913,1.4862,1.48634,1.00,2.25
2017.09.20 16:56:46.426,1.48621,1.48634,1.00,2.25
2017.09.20 16:56:47.484,1.48621,1.48633,1.00,1.00
2017.09.20 16:56:47.536,1.48617,1.4863,1.00,1.00
2017.09.20 16:56:47.640,1.48615,1.48629,1.00,1.00
2017.09.20 16:56:47.896,1.48617,1.48629,1.00,1.00
2017.09.20 16:56:48.308,1.48614,1.48628,1.00,1.12
2017.09.20 16:56:48.854,1.48614,1.48627,1.00,1.00
2017.09.20 16:56:49.339,1.48612,1.48625,1.00,1.00
2017.09.20 16:56:49.648,1.48612,1.48623,1.69,1.00
2017.09.20 16:56:49.996,1.4862,1.4863,1.00,1.69
2017.09.20 16:56:50.048,1.48621,1.48636,1.00,1.50
2017.09.20 16:56:50.100,1.48623,1.48636,1.00,1.50
2017.09.20 16:56:50.152,1.48624,1.48638,1.00,1.12
2017.09.20 16:56:50.255,1.48626,1.48639,1.00,1.12
2017.09.20 16:56:50.771,1.48626,1.4864,1.00,2.25
2017.09.20 16:56:51.468,1.48626,1.48639,1.00,1.00
2017.09.20 16:56:51.981,1.48626,1.48642,1.00,1.69
2017.09.20 16:56:52.521,1.48627,1.48642,1.00,1.44
2017.09.20 16:56:54.282,1.48627,1.48642,1.00,1.19
2017.09.20 16:56:58.499,1.48626,1.4864,1.00,2.81
2017.09.20 16:56:58.755,1.48627,1.48642,1.00,1.00
2017.09.20 16:56:58.857,1.48628,1.48644,1.50,2.25
2017.09.20 16:56:59.188,1.4863,1.48644,1.50,1.00
2017.09.20 16:56:59.731,1.48629,1.48645,1.50,1.00
2017.09.20 16:57:00.681,1.48631,1.48645,1.00,1.00
2017.09.20 16:57:00.886,1.48629,1.48645,1.00,1.50
2017.09.20 16:57:01.399,1.48629,1.48644,1.25,1.00
2017.09.20 16:57:01.755,1.48631,1.48645,1.00,1.50
2017.09.20 16:57:02.775,1.48631,1.48646,1.00,1.12
2017.09.20 16:57:03.288,1.48632,1.48644,1.00,1.00
2017.09.20 16:57:03.443,1.48633,1.48646,1.00,1.50
2017.09.20 16:57:04.243,1.48633,1.48644,1.00,1.00
2017.09.20 16:57:04.754,1.48632,1.48644,1.00,1.00
2017.09.20 16:57:05.375,1.48632,1.48645,1.00,1.50
2017.09.20 16:57:05.928,1.48632,1.48644,1.00,1.00
2017.09.20 16:57:06.511,1.48633,1.48645,1.00,1.50
2017.09.20 16:57:07.152,1.48633,1.48644,1.00,1.00
2017.09.20 16:57:11.672,1.48633,1.48645,1.00,1.50
2017.09.20 16:57:11.976,1.4863,1.48645,1.00,2.25
2017.09.20 16:57:12.027,1.48633,1.48645,1.00,1.50
2017.09.20 16:57:12.130,1.48631,1.48645,1.00,2.44
2017.09.20 16:57:12.632,1.48631,1.48644,1.00,1.25
2017.09.20 16:57:12.990,1.48631,1.48641,1.00,1.00
2017.09.20 16:57:15.303,1.48631,1.48642,1.00,1.00
2017.09.20 16:57:16.138,1.48631,1.48641,1.00,1.00
2017.09.20 16:57:16.669,1.4863,1.48645,1.00,3.56
2017.09.20 16:57:16.772,1.48632,1.48644,1.00,1.50
2017.09.20 16:57:17.433,1.48632,1.48645,1.00,3.19
2017.09.20 16:57:17.946,1.48631,1.48644,1.00,1.50
2017.09.20 16:57:18.459,1.48632,1.48644,1.00,1.50
2017.09.20 16:57:18.979,1.48632,1.48645,1.00,1.12
2017.09.20 16:57:19.364,1.48634,1.48644,1.00,1.00
2017.09.20 16:57:19.419,1.48629,1.48643,1.00,1.00
2017.09.20 16:57:19.471,1.48624,1.4864,1.50,2.25
2017.09.20 16:57:19.574,1.48622,1.48639,1.12,1.25
2017.09.20 16:57:20.647,1.48622,1.48638,1.00,1.25
2017.09.20 16:57:20.750,1.48623,1.4864,1.82,1.19
2017.09.20 16:57:20.853,1.48627,1.48643,1.19,1.62
2017.09.20 16:57:21.057,1.48629,1.48646,1.12,1.31
2017.09.20 16:57:21.160,1.4863,1.48646,1.00,1.38
2017.09.20 16:57:21.315,1.48624,1.48641,1.25,1.00
2017.09.20 16:57:21.634,1.48625,1.4864,1.00,1.50
2017.09.20 16:57:21.686,1.48621,1.48638,1.50,1.00
2017.09.20 16:57:21.942,1.48621,1.48637,1.00,1.88
2017.09.20 16:57:22.044,1.48619,1.48635,1.00,1.50
2017.09.20 16:57:22.600,1.4862,1.48636,1.00,1.31
2017.09.20 16:57:23.112,1.48621,1.48636,1.00,3.56
2017.09.20 16:57:23.317,1.48619,1.48636,1.00,3.75
2017.09.20 16:57:25.964,1.48619,1.48635,1.00,1.31
2017.09.20 16:57:26.895,1.48619,1.48635,1.00,2.06
2017.09.20 16:57:27.445,1.48616,1.48632,1.25,1.00
2017.09.20 16:57:27.650,1.48618,1.48631,1.00,1.00
2017.09.20 16:57:28.154,1.48614,1.4863,1.00,1.00
2017.09.20 16:57:28.671,1.48614,1.48631,1.00,1.00
2017.09.20 16:57:28.774,1.48616,1.48631,1.00,1.25
2017.09.20 16:57:28.929,1.48617,1.48633,1.00,2.06
2017.09.20 16:57:29.233,1.48616,1.48631,1.44,1.00
2017.09.20 16:57:29.846,1.48616,1.48632,1.25,1.00
2017.09.20 16:57:30.357,1.48616,1.48631,1.00,1.00
2017.09.20 16:57:30.408,1.48614,1.4863,1.00,1.00
2017.09.20 16:57:30.825,1.48612,1.4863,1.25,2.06
2017.09.20 16:57:31.316,1.48614,1.48629,1.00,1.00
2017.09.20 16:57:31.962,1.48614,1.4863,1.00,2.06
2017.09.20 16:57:32.871,1.48614,1.48629,1.00,1.25
2017.09.20 16:57:33.455,1.48614,1.4863,1.00,1.31
2017.09.20 16:57:33.966,1.48617,1.48632,1.25,1.44
2017.09.20 16:57:34.274,1.4862,1.48637,1.00,3.19
2017.09.20 16:57:34.325,1.4862,1.48637,1.00,1.69
2017.09.20 16:57:34.860,1.4862,1.48636,1.00,2.06
2017.09.20 16:57:35.378,1.48621,1.48636,1.00,1.31
2017.09.20 16:57:36.094,1.48621,1.48634,1.00,1.00
2017.09.20 16:57:36.656,1.48621,1.48635,1.00,1.25
2017.09.20 16:57:37.528,1.48621,1.48634,1.00,1.00
2017.09.20 16:57:38.070,1.48621,1.48636,1.00,1.87
2017.09.20 16:57:38.653,1.48621,1.48636,1.00,1.87
2017.09.20 16:57:39.192,1.48622,1.48636,1.00,1.12
2017.09.20 16:57:40.113,1.48622,1.48635,1.00,1.00
2017.09.20 16:57:40.787,1.48622,1.48636,1.00,1.50
2017.09.20 16:57:41.301,1.48622,1.48635,1.00,1.00
2017.09.20 16:57:42.462,1.48622,1.48636,1.00,1.00
2017.09.20 16:57:43.559,1.48624,1.48639,1.00,1.69
2017.09.20 16:57:44.069,1.48625,1.4864,1.00,1.31
2017.09.20 16:57:44.482,1.48627,1.4864,1.00,2.06
2017.09.20 16:57:46.386,1.48627,1.48639,1.00,1.25
2017.09.20 16:57:49.055,1.48627,1.48642,1.00,1.12
2017.09.20 16:57:49.568,1.48628,1.48644,1.00,2.06
2017.09.20 16:57:50.108,1.48629,1.48643,1.00,1.25
2017.09.20 16:57:50.731,1.48629,1.48644,1.00,1.69
2017.09.20 16:57:51.729,1.48632,1.48645,1.00,1.44
2017.09.20 16:57:51.781,1.48632,1.48646,1.00,1.00
2017.09.20 16:57:52.300,1.48633,1.48647,1.00,1.25
2017.09.20 16:57:52.857,1.48636,1.4865,1.00,1.00
2017.09.20 16:57:53.370,1.48635,1.48649,1.00,1.25
2017.09.20 16:57:55.044,1.48633,1.48649,1.00,1.13
2017.09.20 16:57:55.095,1.48634,1.48649,1.00,1.44
2017.09.20 16:57:55.147,1.48632,1.48649,1.00,1.50
2017.09.20 16:57:55.909,1.48633,1.48648,1.00,1.56
2017.09.20 16:58:05.910,1.48633,1.48649,1.00,1.88
2017.09.20 16:58:06.625,1.48633,1.48648,1.00,1.44
2017.09.20 16:58:07.005,1.48633,1.48649,1.00,1.88
2017.09.20 16:58:07.110,1.48635,1.4865,1.00,1.31
2017.09.20 16:58:07.162,1.48636,1.48652,1.00,1.25
2017.09.20 16:58:07.708,1.48637,1.48653,1.00,3.13
2017.09.20 16:58:07.828,1.48637,1.48653,1.00,2.00
2017.09.20 16:58:08.089,1.48637,1.48653,1.00,3.69
2017.09.20 16:58:08.396,1.48637,1.48653,1.00,1.25
2017.09.20 16:58:08.549,1.48637,1.48653,1.00,1.69
2017.09.20 16:58:09.040,1.48637,1.48653,1.00,1.00
2017.09.20 16:58:09.198,1.48637,1.48653,1.00,2.44
2017.09.20 16:58:09.733,1.48637,1.48653,1.00,1.00
2017.09.20 16:58:09.819,1.48637,1.48653,1.00,2.44
2017.09.20 16:58:10.032,1.48637,1.48653,1.00,1.00
2017.09.20 16:58:10.425,1.48637,1.48653,1.00,1.69
2017.09.20 16:58:10.970,1.48637,1.48652,1.00,1.25
2017.09.20 16:58:11.544,1.48637,1.48653,1.00,1.00
2017.09.20 16:58:12.052,1.48637,1.48653,1.00,3.00
2017.09.20 16:58:12.672,1.48637,1.48651,1.00,1.00
2017.09.20 16:58:13.473,1.48637,1.48652,1.00,1.00
2017.09.20 16:58:13.817,1.48639,1.48654,1.00,4.88
2017.09.20 16:58:14.324,1.48639,1.48653,1.00,1.44
2017.09.20 16:58:14.579,1.48639,1.48655,1.00,1.50
2017.09.20 16:58:14.632,1.48639,1.48657,1.19,2.44
2017.09.20 16:58:14.685,1.48639,1.48657,1.50,1.25
2017.09.20 16:58:14.737,1.4864,1.48653,1.00,1.00
2017.09.20 16:58:14.990,1.48636,1.48653,1.00,3.37
2017.09.20 16:58:15.042,1.48635,1.48651,1.00,3.19
2017.09.20 16:58:15.353,1.48627,1.48642,1.25,1.87
2017.09.20 16:58:15.507,1.48625,1.48642,1.25,2.06
2017.09.20 16:58:16.299,1.48625,1.48641,1.25,1.25
2017.09.20 16:58:16.811,1.48625,1.48642,1.25,1.31
2017.09.20 16:58:16.965,1.48626,1.4864,1.00,1.00
2017.09.20 16:58:18.149,1.48626,1.4864,1.00,2.19
2017.09.20 16:58:18.761,1.48626,1.4864,1.00,1.87
2017.09.20 16:58:19.340,1.48626,1.4864,1.00,1.37
2017.09.20 16:58:20.010,1.48626,1.4864,1.00,2.06
2017.09.20 16:58:20.621,1.48624,1.48638,1.00,1.63
2017.09.20 16:58:20.726,1.48622,1.48635,1.00,1.37
2017.09.20 16:58:20.829,1.4862,1.48637,1.00,2.44
2017.09.20 16:58:20.881,1.48622,1.48636,1.00,1.50
2017.09.20 16:58:21.504,1.48622,1.48637,1.00,1.19
2017.09.20 16:58:21.861,1.48624,1.4864,1.00,6.00
2017.09.20 16:58:22.272,1.48624,1.4864,1.00,2.06
2017.09.20 16:58:22.974,1.48624,1.48641,1.00,4.69
2017.09.20 16:58:23.582,1.48624,1.4864,1.00,1.31
2017.09.20 16:58:24.110,1.48624,1.48641,1.00,2.06
2017.09.20 16:58:25.412,1.48624,1.4864,1.00,1.31
2017.09.20 16:58:26.168,1.48624,1.48641,1.00,2.06
2017.09.20 16:58:26.876,1.48624,1.4864,1.00,1.31
2017.09.20 16:58:27.394,1.48624,1.48641,1.00,1.31
2017.09.20 16:58:28.443,1.48624,1.48641,1.00,1.87
2017.09.20 16:58:30.080,1.48624,1.4864,1.00,1.13
2017.09.20 16:58:30.131,1.48622,1.48638,1.00,1.81
2017.09.20 16:58:30.918,1.48622,1.48638,1.00,1.25
2017.09.20 16:58:31.432,1.48622,1.48638,1.00,1.81
2017.09.20 16:58:31.957,1.48622,1.48638,1.00,1.25
2017.09.20 16:58:33.264,1.48625,1.4864,1.00,2.44
2017.09.20 16:58:33.571,1.48625,1.4864,1.00,1.12
2017.09.20 16:58:35.053,1.48625,1.4864,1.00,2.44
2017.09.20 16:58:35.363,1.48625,1.4864,1.00,1.69
2017.09.20 16:58:37.367,1.48625,1.4864,1.00,2.63
2017.09.20 16:58:39.081,1.48624,1.48639,1.00,1.00
2017.09.20 16:58:39.609,1.48624,1.48638,1.00,1.31
2017.09.20 16:58:40.353,1.48623,1.48638,1.00,1.00
2017.09.20 16:58:41.514,1.48623,1.48639,1.00,1.12
2017.09.20 16:58:41.654,1.48625,1.48639,1.00,1.12
2017.09.20 16:58:42.170,1.48625,1.48638,1.00,1.00
2017.09.20 16:58:43.134,1.48625,1.48639,1.00,1.00
2017.09.20 16:58:43.644,1.48624,1.48639,1.00,1.00
2017.09.20 16:58:43.951,1.48626,1.48638,1.00,1.00
2017.09.20 16:58:44.583,1.48626,1.48639,1.00,1.00
2017.09.20 16:58:44.896,1.48628,1.48644,1.00,2.81
2017.09.20 16:58:44.947,1.48628,1.48644,1.00,1.69
2017.09.20 16:58:45.470,1.48628,1.48644,1.00,2.63
2017.09.20 16:58:46.530,1.48628,1.48643,1.00,1.25
2017.09.20 16:58:47.139,1.48628,1.48644,1.00,1.69
2017.09.20 16:58:47.826,1.48628,1.48643,1.00,1.25
2017.09.20 16:58:48.442,1.48628,1.48644,1.00,1.50
2017.09.20 16:58:48.961,1.48627,1.48643,1.00,1.25
2017.09.20 16:58:49.534,1.48627,1.48644,1.00,1.50
2017.09.20 16:58:50.150,1.48627,1.48643,1.00,1.00
2017.09.20 16:58:50.662,1.48626,1.48643,2.25,1.00
2017.09.20 16:58:51.306,1.48629,1.48644,1.00,1.69
2017.09.20 16:58:51.849,1.4863,1.48645,1.00,1.69
2017.09.20 16:58:52.062,1.4863,1.48647,1.00,1.87
2017.09.20 16:58:52.318,1.4863,1.48645,1.00,1.25
2017.09.20 16:58:52.522,1.48627,1.48646,1.72,2.06
2017.09.20 16:58:53.221,1.48629,1.48647,1.44,2.62
2017.09.20 16:58:53.277,1.4863,1.48648,2.25,1.00
2017.09.20 16:58:53.539,1.48633,1.4865,1.37,2.44
2017.09.20 16:58:53.847,1.48636,1.48652,1.00,1.00
2017.09.20 16:58:54.292,1.48636,1.48652,1.63,1.12
2017.09.20 16:58:54.649,1.48636,1.48652,1.50,1.31
2017.09.20 16:58:55.534,1.48636,1.48653,1.50,2.44
2017.09.20 16:58:55.982,1.48636,1.48653,1.50,2.44
2017.09.20 16:58:56.712,1.48636,1.48652,1.50,1.12
2017.09.20 16:58:57.279,1.48636,1.48653,1.50,2.62
2017.09.20 16:58:57.534,1.48636,1.48652,1.50,1.12
2017.09.20 16:58:59.415,1.48635,1.48653,2.00,1.37
2017.09.20 16:58:59.825,1.48635,1.48653,2.00,1.37
2017.09.20 16:59:00.322,1.48635,1.48652,2.00,1.12
2017.09.20 16:59:00.630,1.48635,1.48644,1.00,1.19
2017.09.20 16:59:00.953,1.4863,1.48634,1.50,1.00
2017.09.20 16:59:01.056,1.48618,1.48634,1.44,1.00
2017.09.20 16:59:01.413,1.48616,1.48637,2.62,4.50
2017.09.20 16:59:02.654,1.48618,1.48636,1.17,2.62
2017.09.20 16:59:03.477,1.48617,1.48636,1.62,2.62
2017.09.20 16:59:04.248,1.48617,1.48636,1.36,1.31
2017.09.20 16:59:05.345,1.48616,1.48636,1.94,5.06
2017.09.20 16:59:05.654,1.48615,1.48633,1.75,1.00
2017.09.20 16:59:06.323,1.48614,1.48633,1.50,1.00
2017.09.20 16:59:06.904,1.48614,1.48633,3.00,1.00
2017.09.20 16:59:06.955,1.48614,1.48633,1.31,1.00
2017.09.20 16:59:07.590,1.48614,1.48633,4.31,1.00
2017.09.20 16:59:08.953,1.48614,1.48633,1.06,1.00
2017.09.20 16:59:09.414,1.48614,1.48633,3.13,1.00
2017.09.20 16:59:09.951,1.48614,1.48631,2.38,1.00
2017.09.20 16:59:10.259,1.48614,1.48629,1.00,1.00
2017.09.20 16:59:10.549,1.4861,1.48628,2.38,1.00
2017.09.20 16:59:11.111,1.48608,1.48628,2.25,1.87
2017.09.20 16:59:11.164,1.48609,1.48626,1.44,1.00
2017.09.20 16:59:12.171,1.48608,1.48626,2.47,1.50
2017.09.20 16:59:12.693,1.4861,1.48626,1.00,1.00
2017.09.20 16:59:13.718,1.4861,1.48627,1.00,1.87
2017.09.20 16:59:14.141,1.48609,1.48624,1.44,1.00
2017.09.20 16:59:14.765,1.48608,1.48625,1.72,1.12
2017.09.20 16:59:16.053,1.48611,1.48625,1.00,1.12
2017.09.20 16:59:16.573,1.48611,1.48624,1.00,1.00
2017.09.20 16:59:17.576,1.48611,1.48625,1.00,1.12
2017.09.20 16:59:18.086,1.48611,1.48624,1.00,1.00
2017.09.20 16:59:18.621,1.48611,1.48625,1.00,1.12
2017.09.20 16:59:19.139,1.48611,1.48624,1.00,1.00
2017.09.20 16:59:20.446,1.48611,1.48625,1.00,1.12
2017.09.20 16:59:20.793,1.48608,1.48623,1.25,1.12
2017.09.20 16:59:21.339,1.48607,1.48621,1.00,1.00
2017.09.20 16:59:21.649,1.48614,1.48632,1.25,4.31
2017.09.20 16:59:21.751,1.48614,1.48631,1.87,1.12
2017.09.20 16:59:22.260,1.48615,1.48631,1.00,1.12
2017.09.20 16:59:22.734,1.48617,1.48632,1.00,1.37
2017.09.20 16:59:22.939,1.48617,1.48633,1.00,2.25
2017.09.20 16:59:23.466,1.48617,1.48632,1.00,1.00
2017.09.20 16:59:23.980,1.48617,1.48633,1.00,1.50
2017.09.20 16:59:24.389,1.48617,1.48631,1.00,1.00
2017.09.20 16:59:24.861,1.48617,1.48635,1.25,4.12
2017.09.20 16:59:24.916,1.48619,1.48635,1.00,1.12
2017.09.20 16:59:25.224,1.48616,1.48631,1.00,1.00
2017.09.20 16:59:25.531,1.48615,1.4863,1.25,1.37
2017.09.20 16:59:26.053,1.48616,1.48631,1.25,1.12
2017.09.20 16:59:28.436,1.48615,1.48631,1.00,1.12
2017.09.20 16:59:30.143,1.48614,1.48629,1.50,1.00
2017.09.20 16:59:30.991,1.48614,1.48627,1.00,1.00
2017.09.20 16:59:31.145,1.48611,1.48626,1.25,1.00
2017.09.20 16:59:31.736,1.48611,1.48627,1.00,1.87
2017.09.20 16:59:32.163,1.48613,1.48626,1.00,1.00
2017.09.20 16:59:32.265,1.48611,1.48626,1.00,1.50
2017.09.20 16:59:32.471,1.4861,1.48624,1.00,1.12
2017.09.20 16:59:32.522,1.48605,1.48619,1.12,1.00
2017.09.20 16:59:32.574,1.48604,1.48618,1.00,3.19
2017.09.20 16:59:32.701,1.48601,1.48615,1.00,1.00
2017.09.20 16:59:32.855,1.48598,1.48616,1.69,1.50
2017.09.20 16:59:33.571,1.48599,1.48615,1.69,1.31
2017.09.20 16:59:35.186,1.48599,1.48616,1.25,1.50
2017.09.20 16:59:36.393,1.48599,1.48616,1.25,1.00
2017.09.20 16:59:36.964,1.48599,1.48615,1.25,1.00
2017.09.20 16:59:37.560,1.48598,1.48615,1.69,1.25
2017.09.20 16:59:37.757,1.48602,1.48619,1.19,1.50
2017.09.20 16:59:38.013,1.48605,1.48622,1.25,2.06
2017.09.20 16:59:38.064,1.48607,1.48622,1.00,1.62
2017.09.20 16:59:38.371,1.48611,1.48624,1.00,1.00
2017.09.20 16:59:39.031,1.4861,1.48626,1.00,2.06
2017.09.20 16:59:39.659,1.4861,1.48626,1.19,1.50
2017.09.20 16:59:39.762,1.48609,1.48626,1.50,1.50
2017.09.20 16:59:39.918,1.48609,1.48624,1.00,2.62
2017.09.20 16:59:40.238,1.48607,1.48621,1.25,1.12
2017.09.20 16:59:40.341,1.48607,1.48624,1.12,1.69
2017.09.20 16:59:40.393,1.48609,1.48624,1.00,1.37
2017.09.20 16:59:41.735,1.4861,1.48624,1.00,1.37
2017.09.20 16:59:42.627,1.48611,1.48625,1.00,3.00
2017.09.20 16:59:43.155,1.48611,1.48626,1.00,3.75
2017.09.20 16:59:44.393,1.48611,1.48626,1.00,2.25
2017.09.20 16:59:44.648,1.48613,1.48626,1.00,2.25
2017.09.20 16:59:44.955,1.48608,1.4862,1.00,1.00
2017.09.20 16:59:45.512,1.48608,1.48619,1.00,1.00
2017.09.20 16:59:46.260,1.48608,1.48621,1.00,1.00
2017.09.20 16:59:46.363,1.48609,1.48624,1.00,1.81
2017.09.20 16:59:46.517,1.4861,1.48625,1.00,1.50
2017.09.20 16:59:46.823,1.48608,1.48625,1.00,3.75
2017.09.20 16:59:47.294,1.48608,1.48622,1.00,1.13
2017.09.20 16:59:47.397,1.48602,1.48617,1.00,1.25
2017.09.20 16:59:47.500,1.48606,1.48619,1.25,1.12
2017.09.20 16:59:47.654,1.48607,1.48622,1.00,2.06
2017.09.20 16:59:48.380,1.48608,1.48623,1.00,2.25
2017.09.20 16:59:49.250,1.48608,1.48624,1.00,2.81
2017.09.20 16:59:49.803,1.48609,1.48624,1.00,2.06
2017.09.20 16:59:50.290,1.48611,1.48626,1.00,1.00
2017.09.20 16:59:50.607,1.48613,1.48628,1.00,1.00
2017.09.20 16:59:51.068,1.48615,1.48629,1.00,1.00
2017.09.20 16:59:51.618,1.48614,1.48628,1.00,1.00
2017.09.20 16:59:51.965,1.48614,1.48626,1.00,1.00
2017.09.20 16:59:52.490,1.48614,1.48627,1.00,1.50
2017.09.20 16:59:53.509,1.48615,1.48627,1.00,1.50
2017.09.20 16:59:53.817,1.48613,1.48626,1.00,1.00
2017.09.20 16:59:54.329,1.48614,1.48626,1.00,1.00
2017.09.20 16:59:54.725,1.48614,1.48628,1.00,1.87
2017.09.20 16:59:54.828,1.48614,1.4863,1.88,1.25
2017.09.20 16:59:54.931,1.48616,1.4863,1.00,1.00
2017.09.20 16:59:55.458,1.48616,1.48632,1.00,1.37
2017.09.20 16:59:59.626,1.48618,1.48632,1.00,1.12
