2015.06.22 04:00:02.375,1.46254,1.46279,1.87,1.50
2015.06.22 04:00:03.263,1.46254,1.46279,1.87,1.50
2015.06.22 04:00:03.517,1.46256,1.4628,1.37,2.32
2015.06.22 04:00:05.677,1.46259,1.46283,1.37,1.37
2015.06.22 04:00:07.269,1.46261,1.46283,1.00,1.12
2015.06.22 04:00:07.813,1.46262,1.46288,1.00,4.87
2015.06.22 04:00:08.601,1.46263,1.46288,1.00,4.12
2015.06.22 04:00:08.906,1.46263,1.46289,2.25,1.12
2015.06.22 04:00:09.110,1.46265,1.46289,1.00,1.12
2015.06.22 04:00:10.616,1.46267,1.46289,1.00,1.37
2015.06.22 04:00:10.772,1.4627,1.46292,1.37,1.12
2015.06.22 04:00:10.824,1.4627,1.46292,1.37,1.12
2015.06.22 04:00:11.028,1.46272,1.46296,1.12,1.00
2015.06.22 04:00:11.080,1.46274,1.46296,1.00,1.00
2015.06.22 04:00:11.285,1.46272,1.46295,1.00,1.00
2015.06.22 04:00:11.388,1.4627,1.46294,1.00,1.00
2015.06.22 04:00:11.898,1.46269,1.46293,1.87,1.00
2015.06.22 04:00:12.595,1.46269,1.46293,1.87,1.37
2015.06.22 04:00:13.446,1.46282,1.46293,1.00,1.37
2015.06.22 04:00:13.948,1.46282,1.46294,1.00,1.37
2015.06.22 04:00:15.645,1.46284,1.46294,1.00,1.37
2015.06.22 04:00:15.696,1.46284,1.46294,1.00,1.37
2015.06.22 04:00:16.215,1.46284,1.46294,1.00,1.00
2015.06.22 04:00:16.368,1.46284,1.46296,1.00,1.00
2015.06.22 04:00:17.876,1.46284,1.46296,1.00,1.37
2015.06.22 04:00:18.416,1.46284,1.46296,1.00,1.00
2015.06.22 04:00:20.623,1.46284,1.46296,1.00,1.37
2015.06.22 04:00:21.136,1.46283,1.46294,1.00,1.00
2015.06.22 04:00:22.974,1.46282,1.46294,1.00,1.00
2015.06.22 04:00:23.025,1.46282,1.46294,1.00,1.37
2015.06.22 04:00:23.639,1.46283,1.46294,1.00,1.37
2015.06.22 04:00:23.690,1.46283,1.46294,1.00,1.00
2015.06.22 04:00:23.741,1.46286,1.46294,1.00,1.00
2015.06.22 04:00:24.605,1.46286,1.46294,1.00,1.37
2015.06.22 04:00:24.910,1.46284,1.46293,1.00,1.37
2015.06.22 04:00:25.013,1.46284,1.46294,1.00,1.37
2015.06.22 04:00:25.229,1.46284,1.46294,1.00,1.87
2015.06.22 04:00:25.435,1.46284,1.46294,1.00,1.37
2015.06.22 04:00:25.603,1.46284,1.46293,1.00,1.37
2015.06.22 04:00:25.807,1.46284,1.46294,1.00,1.37
2015.06.22 04:00:26.010,1.46284,1.46293,1.00,1.37
2015.06.22 04:00:26.780,1.46284,1.46293,1.00,1.37
2015.06.22 04:00:27.897,1.46284,1.46291,1.00,1.12
2015.06.22 04:00:30.561,1.46284,1.46291,1.00,1.00
2015.06.22 04:00:31.016,1.46285,1.46294,1.00,1.12
2015.06.22 04:00:31.521,1.46285,1.46295,1.00,1.00
2015.06.22 04:00:32.378,1.46281,1.46295,1.00,1.50
2015.06.22 04:00:37.811,1.46281,1.46295,1.00,1.87
2015.06.22 04:00:38.517,1.46281,1.46295,1.00,1.12
2015.06.22 04:00:39.171,1.46286,1.46297,1.00,1.50
2015.06.22 04:00:39.325,1.46286,1.463,1.00,2.25
2015.06.22 04:00:39.376,1.46286,1.46298,1.00,1.00
2015.06.22 04:00:39.683,1.4628,1.46296,1.00,1.50
2015.06.22 04:00:39.735,1.4628,1.46291,1.00,1.00
2015.06.22 04:00:40.041,1.46283,1.46292,1.00,1.00
2015.06.22 04:00:40.092,1.46287,1.46299,1.00,1.00
2015.06.22 04:00:40.633,1.46287,1.463,1.00,1.00
2015.06.22 04:00:49.798,1.46285,1.463,1.00,1.12
2015.06.22 04:00:50.152,1.46285,1.46298,1.00,1.12
2015.06.22 04:00:51.164,1.46285,1.46296,1.00,1.12
2015.06.22 04:00:51.470,1.46281,1.46295,1.00,1.12
2015.06.22 04:00:51.674,1.46281,1.46295,1.00,1.37
2015.06.22 04:00:51.878,1.46281,1.46295,1.00,1.37
2015.06.22 04:00:52.387,1.46281,1.46295,1.00,1.12
2015.06.22 04:01:01.145,1.46284,1.46295,1.00,1.00
2015.06.22 04:01:04.857,1.46284,1.46296,1.00,1.00
2015.06.22 04:01:05.010,1.46284,1.46299,1.00,1.20
2015.06.22 04:01:06.841,1.46283,1.46299,1.00,1.20
2015.06.22 04:01:07.608,1.46274,1.46299,1.00,1.20
2015.06.22 04:01:07.662,1.46278,1.46302,1.00,2.40
2015.06.22 04:01:10.246,1.46276,1.46301,1.00,1.47
2015.06.22 04:01:10.785,1.46275,1.46301,1.00,1.47
2015.06.22 04:01:15.279,1.46275,1.463,1.50,1.12
2015.06.22 04:01:15.382,1.46275,1.463,1.87,1.12
2015.06.22 04:01:16.006,1.46285,1.46301,1.50,1.37
2015.06.22 04:01:16.064,1.46285,1.46311,2.62,1.87
2015.06.22 04:01:16.371,1.46285,1.46311,2.62,1.50
2015.06.22 04:01:16.473,1.46288,1.46311,1.00,1.00
2015.06.22 04:01:16.779,1.4629,1.46313,1.00,1.20
2015.06.22 04:01:26.396,1.46288,1.46312,1.50,1.95
2015.06.22 04:01:28.827,1.46288,1.46312,1.00,2.70
2015.06.22 04:01:31.029,1.46288,1.46312,1.00,4.20
2015.06.22 04:01:31.539,1.46288,1.46312,1.00,2.70
2015.06.22 04:01:41.254,1.46288,1.46311,1.00,1.12
2015.06.22 04:01:48.218,1.46288,1.46312,1.00,1.47
2015.06.22 04:01:48.320,1.46285,1.46309,1.00,1.00
2015.06.22 04:02:00.554,1.46283,1.46309,1.00,1.00
2015.06.22 04:02:00.707,1.46283,1.46307,1.00,1.00
2015.06.22 04:02:01.012,1.46277,1.46299,1.00,1.00
2015.06.22 04:02:01.317,1.46273,1.46299,1.50,1.50
2015.06.22 04:02:02.004,1.46273,1.46299,2.25,1.87
2015.06.22 04:02:10.261,1.46274,1.46301,1.50,2.62
2015.06.22 04:02:17.468,1.46274,1.46301,1.50,2.62
2015.06.22 04:02:20.304,1.46274,1.46301,1.50,2.70
2015.06.22 04:02:20.995,1.46273,1.46299,2.25,1.65
2015.06.22 04:02:24.919,1.46273,1.46299,2.62,2.02
2015.06.22 04:02:29.287,1.46273,1.46299,2.62,2.40
2015.06.22 04:02:29.694,1.46273,1.46295,1.50,1.95
2015.06.22 04:02:29.796,1.46269,1.46294,1.00,1.55
2015.06.22 04:02:30.000,1.46266,1.4629,1.00,1.20
2015.06.22 04:02:30.608,1.46262,1.46286,1.37,1.00
2015.06.22 04:02:36.071,1.46265,1.46286,1.00,1.00
2015.06.22 04:02:36.122,1.46265,1.4629,1.12,1.27
2015.06.22 04:02:36.174,1.46265,1.4629,2.25,1.20
2015.06.22 04:02:36.567,1.46263,1.46289,4.12,1.95
2015.06.22 04:02:36.618,1.46263,1.46289,2.25,1.57
2015.06.22 04:02:36.720,1.46263,1.46288,1.00,1.12
2015.06.22 04:02:45.585,1.46262,1.46288,1.50,4.12
2015.06.22 04:02:47.272,1.46267,1.46288,1.37,2.62
2015.06.22 04:02:47.634,1.4627,1.46291,1.50,1.75
2015.06.22 04:02:47.685,1.46278,1.46302,1.00,1.57
2015.06.22 04:02:47.736,1.46278,1.46302,1.00,1.50
2015.06.22 04:02:47.991,1.4628,1.46302,1.00,1.00
2015.06.22 04:02:48.043,1.4628,1.46306,1.50,2.02
2015.06.22 04:02:48.145,1.4628,1.46306,1.50,2.02
2015.06.22 04:02:48.951,1.46283,1.46307,1.00,1.57
2015.06.22 04:02:50.280,1.46283,1.46307,1.00,1.45
2015.06.22 04:02:52.482,1.46283,1.46307,1.00,1.45
2015.06.22 04:02:53.166,1.46283,1.46307,1.00,1.95
2015.06.22 04:02:58.494,1.46283,1.46305,1.00,1.37
2015.06.22 04:03:05.061,1.4628,1.46306,1.00,1.47
2015.06.22 04:03:06.731,1.4628,1.46306,1.00,1.47
2015.06.22 04:03:06.833,1.46282,1.46307,1.00,1.45
2015.06.22 04:03:13.218,1.46282,1.46307,1.00,1.45
2015.06.22 04:03:25.383,1.46282,1.46299,1.00,1.00
2015.06.22 04:03:25.485,1.4628,1.46299,1.50,1.00
2015.06.22 04:03:25.638,1.4628,1.46297,1.50,1.00
2015.06.22 04:03:25.689,1.46275,1.46297,1.00,1.00
2015.06.22 04:03:25.792,1.4627,1.46293,1.45,1.00
2015.06.22 04:03:26.275,1.46262,1.46286,3.94,1.00
2015.06.22 04:03:26.327,1.4626,1.46285,1.99,1.00
2015.06.22 04:03:26.957,1.46263,1.46285,1.69,1.20
2015.06.22 04:03:27.009,1.46263,1.46285,1.00,1.47
2015.06.22 04:03:30.258,1.46262,1.46286,1.00,1.95
2015.06.22 04:03:30.310,1.4626,1.46286,2.25,2.70
2015.06.22 04:03:34.220,1.4626,1.46286,2.25,2.70
2015.06.22 04:03:37.482,1.46264,1.46286,1.00,1.20
2015.06.22 04:03:40.686,1.46259,1.46285,1.00,1.95
2015.06.22 04:03:40.788,1.46262,1.46284,1.00,1.12
2015.06.22 04:03:41.470,1.4626,1.46284,1.00,1.37
2015.06.22 04:03:41.777,1.46257,1.46272,1.00,1.50
2015.06.22 04:03:41.829,1.46251,1.46272,1.00,1.87
2015.06.22 04:03:41.881,1.46248,1.46269,1.00,1.00
2015.06.22 04:03:41.983,1.46242,1.46266,1.39,1.00
2015.06.22 04:03:42.288,1.46241,1.46264,1.19,1.50
2015.06.22 04:03:42.391,1.46241,1.46264,1.00,1.50
2015.06.22 04:03:42.493,1.46241,1.46266,1.00,1.50
2015.06.22 04:03:42.854,1.46243,1.46266,1.00,1.50
2015.06.22 04:03:44.994,1.46241,1.46266,1.50,1.50
2015.06.22 04:03:50.359,1.4624,1.46266,1.50,1.50
2015.06.22 04:03:55.634,1.4624,1.46266,1.50,1.87
2015.06.22 04:03:56.556,1.4624,1.46261,1.50,1.12
2015.06.22 04:03:56.710,1.4623,1.46252,1.12,1.50
2015.06.22 04:03:56.761,1.46228,1.4625,1.00,1.10
2015.06.22 04:03:56.813,1.46222,1.46248,1.50,2.25
2015.06.22 04:03:56.915,1.46223,1.46243,1.05,1.00
2015.06.22 04:03:57.550,1.46222,1.46246,1.00,1.00
2015.06.22 04:03:57.601,1.46225,1.46251,1.50,3.00
2015.06.22 04:03:57.906,1.46228,1.46251,1.00,1.12
2015.06.22 04:03:58.008,1.46228,1.46252,1.00,2.40
2015.06.22 04:03:58.517,1.46228,1.46252,1.00,1.90
2015.06.22 04:03:58.822,1.46226,1.4625,1.00,1.12
2015.06.22 04:04:00.375,1.46226,1.4625,1.00,1.87
2015.06.22 04:04:02.847,1.46226,1.4625,1.00,1.37
2015.06.22 04:04:07.169,1.46226,1.4625,1.00,1.12
2015.06.22 04:04:14.827,1.46226,1.46252,1.37,1.10
2015.06.22 04:04:15.131,1.46228,1.46252,1.37,1.10
2015.06.22 04:04:22.123,1.46228,1.46252,1.37,1.00
2015.06.22 04:04:29.015,1.46233,1.46252,1.37,1.00
2015.06.22 04:04:29.370,1.46237,1.46256,1.37,1.20
2015.06.22 04:04:29.687,1.46237,1.46257,1.00,1.85
2015.06.22 04:04:29.789,1.46235,1.46253,1.12,1.00
2015.06.22 04:04:31.287,1.46234,1.46253,1.37,1.37
2015.06.22 04:04:31.770,1.46233,1.46253,1.00,1.37
2015.06.22 04:04:32.324,1.46233,1.46253,1.00,1.95
2015.06.22 04:04:37.478,1.46234,1.46253,1.00,1.95
2015.06.22 04:04:37.579,1.46238,1.46257,1.00,1.12
2015.06.22 04:04:37.892,1.46236,1.46258,1.00,1.00
2015.06.22 04:04:37.944,1.46237,1.46262,1.00,1.45
2015.06.22 04:04:37.995,1.46241,1.46264,1.00,1.95
2015.06.22 04:04:38.047,1.46241,1.46265,1.00,3.15
2015.06.22 04:04:38.201,1.46243,1.46265,1.00,1.52
2015.06.22 04:04:38.304,1.46241,1.46265,1.00,2.02
2015.06.22 04:04:39.034,1.46241,1.46265,1.00,2.02
2015.06.22 04:04:40.669,1.46241,1.46265,1.00,2.02
2015.06.22 04:04:41.283,1.46241,1.46265,1.00,2.02
2015.06.22 04:04:42.648,1.46241,1.46265,1.00,2.77
2015.06.22 04:04:44.474,1.46241,1.46264,1.00,1.57
2015.06.22 04:04:50.459,1.46241,1.46265,1.37,1.65
2015.06.22 04:04:50.937,1.46248,1.46271,1.00,1.12
2015.06.22 04:04:50.988,1.46248,1.46274,1.50,1.47
2015.06.22 04:04:51.590,1.46248,1.46274,1.50,1.47
2015.06.22 04:04:52.850,1.46248,1.46274,1.50,1.47
2015.06.22 04:04:54.783,1.46249,1.4627,1.00,1.12
2015.06.22 04:04:55.298,1.46249,1.4627,1.00,1.37
2015.06.22 04:05:00.848,1.46248,1.4627,1.00,1.37
2015.06.22 04:05:01.102,1.46247,1.4627,1.12,1.37
2015.06.22 04:05:01.468,1.46249,1.4627,1.37,1.12
2015.06.22 04:05:01.621,1.46247,1.46271,1.12,1.87
2015.06.22 04:05:01.672,1.46247,1.4627,1.37,1.37
2015.06.22 04:05:01.977,1.46242,1.46267,1.37,1.12
2015.06.22 04:05:03.238,1.46241,1.46267,2.62,1.50
2015.06.22 04:05:07.218,1.46244,1.46268,1.37,1.95
2015.06.22 04:05:07.595,1.46246,1.46269,1.37,1.20
2015.06.22 04:05:08.843,1.46248,1.46272,1.37,3.37
2015.06.22 04:05:09.358,1.4625,1.46272,1.37,1.12
2015.06.22 04:05:12.039,1.4625,1.46276,1.87,2.70
2015.06.22 04:05:24.140,1.46249,1.46273,1.37,1.12
2015.06.22 04:05:25.235,1.46249,1.46273,1.37,1.37
2015.06.22 04:05:25.909,1.46249,1.46273,1.12,1.37
2015.06.22 04:05:28.438,1.46249,1.46273,1.87,1.00
2015.06.22 04:05:28.653,1.46251,1.46273,1.00,1.00
2015.06.22 04:05:29.415,1.4625,1.46272,1.00,1.00
2015.06.22 04:05:29.959,1.46257,1.46271,1.12,1.00
2015.06.22 04:05:30.010,1.46257,1.46281,1.12,1.50
2015.06.22 04:05:30.062,1.46259,1.46282,1.00,1.87
2015.06.22 04:05:30.164,1.46259,1.46283,1.50,1.12
2015.06.22 04:05:30.675,1.46259,1.46284,1.50,1.12
2015.06.22 04:05:31.378,1.46259,1.46284,1.50,1.12
2015.06.22 04:05:33.594,1.46259,1.46283,1.00,2.70
2015.06.22 04:05:33.901,1.46251,1.46274,1.05,1.00
2015.06.22 04:05:33.952,1.46252,1.46274,1.00,1.37
2015.06.22 04:05:34.054,1.46248,1.46273,1.00,1.57
2015.06.22 04:05:34.155,1.4625,1.46273,1.00,1.27
2015.06.22 04:05:34.460,1.46252,1.46274,1.00,1.37
2015.06.22 04:05:35.153,1.46251,1.46274,1.50,1.37
2015.06.22 04:05:36.439,1.46256,1.46274,1.00,1.37
2015.06.22 04:05:37.069,1.46256,1.46274,1.00,1.37
2015.06.22 04:05:37.121,1.46254,1.46274,1.00,1.37
2015.06.22 04:05:37.222,1.46252,1.46273,1.00,1.45
2015.06.22 04:05:37.375,1.46252,1.46273,1.00,1.57
2015.06.22 04:05:37.939,1.46251,1.46273,1.00,1.57
2015.06.22 04:05:38.193,1.46249,1.46273,1.00,1.82
2015.06.22 04:05:39.430,1.4625,1.46274,1.00,2.70
2015.06.22 04:05:39.796,1.4625,1.46274,1.00,2.32
2015.06.22 04:05:40.532,1.4625,1.46274,1.00,1.47
2015.06.22 04:05:50.480,1.4625,1.46274,1.00,1.95
2015.06.22 04:05:52.179,1.4625,1.46271,1.00,1.00
2015.06.22 04:05:54.031,1.46249,1.46271,1.00,1.00
2015.06.22 04:06:08.587,1.46248,1.46271,1.00,1.00
2015.06.22 04:06:10.279,1.46248,1.46273,1.00,1.20
2015.06.22 04:06:16.757,1.46248,1.46273,1.00,1.45
2015.06.22 04:06:18.149,1.46248,1.46272,1.00,1.20
2015.06.22 04:06:27.581,1.46249,1.46273,1.00,1.45
2015.06.22 04:06:34.541,1.46251,1.46272,1.00,1.10
2015.06.22 04:06:34.643,1.46249,1.46272,1.00,1.10
2015.06.22 04:06:34.850,1.46251,1.46274,1.87,1.20
2015.06.22 04:06:35.198,1.4625,1.4627,1.00,1.00
2015.06.22 04:06:35.672,1.4625,1.46272,1.00,1.00
2015.06.22 04:06:36.829,1.46249,1.46272,1.00,1.12
2015.06.22 04:06:37.394,1.46251,1.46272,1.00,1.00
2015.06.22 04:06:39.373,1.46249,1.46272,1.00,1.00
2015.06.22 04:06:45.639,1.46252,1.46272,1.00,1.12
2015.06.22 04:06:46.408,1.46252,1.46274,1.00,1.52
2015.06.22 04:06:47.789,1.46249,1.46271,1.00,1.00
2015.06.22 04:06:49.375,1.46249,1.46271,1.00,1.37
2015.06.22 04:06:53.493,1.46249,1.46271,1.00,1.12
2015.06.22 04:06:55.176,1.46249,1.46271,1.00,1.37
2015.06.22 04:06:55.697,1.46248,1.46273,1.00,1.65
2015.06.22 04:06:57.940,1.46247,1.4627,1.50,1.37
2015.06.22 04:06:59.846,1.46247,1.4627,1.00,1.37
2015.06.22 04:07:00.151,1.46249,1.4627,1.00,1.37
2015.06.22 04:07:00.721,1.46247,1.4627,1.00,1.12
2015.06.22 04:07:01.400,1.46247,1.4627,1.00,1.37
2015.06.22 04:07:05.528,1.46246,1.4627,1.00,1.37
2015.06.22 04:07:06.532,1.46246,1.4627,1.12,1.12
2015.06.22 04:07:09.236,1.46246,1.4627,1.00,1.37
2015.06.22 04:07:09.287,1.46244,1.46266,1.12,1.12
2015.06.22 04:07:09.490,1.46244,1.46266,1.00,1.45
2015.06.22 04:07:09.694,1.46239,1.4626,1.00,1.87
2015.06.22 04:07:09.746,1.46239,1.46256,1.00,1.00
2015.06.22 04:07:09.848,1.46237,1.46256,1.00,1.50
2015.06.22 04:07:09.951,1.46235,1.46256,1.00,1.65
2015.06.22 04:07:10.053,1.46231,1.46256,1.00,1.65
2015.06.22 04:07:10.155,1.4623,1.46252,2.25,1.00
2015.06.22 04:07:10.652,1.4623,1.46252,1.87,1.00
2015.06.22 04:07:10.858,1.46231,1.46255,1.00,1.52
2015.06.22 04:07:10.960,1.46231,1.46255,1.00,1.52
2015.06.22 04:07:11.062,1.46231,1.46255,1.00,1.52
2015.06.22 04:07:11.640,1.46232,1.46257,1.00,1.50
2015.06.22 04:07:12.488,1.46231,1.46255,1.50,1.52
2015.06.22 04:07:12.897,1.46239,1.46255,1.00,1.37
2015.06.22 04:07:12.949,1.46239,1.46255,1.00,1.00
2015.06.22 04:07:13.051,1.46239,1.46259,1.37,1.00
2015.06.22 04:07:13.102,1.46243,1.4626,1.00,1.00
2015.06.22 04:07:13.154,1.46245,1.46267,1.00,1.20
2015.06.22 04:07:14.005,1.46246,1.46271,1.00,2.70
2015.06.22 04:07:14.260,1.46248,1.46271,1.00,1.65
2015.06.22 04:07:14.362,1.46248,1.46271,1.00,1.10
2015.06.22 04:07:15.336,1.46249,1.46272,1.00,1.55
2015.06.22 04:07:19.926,1.46249,1.46274,1.00,1.47
2015.06.22 04:07:20.523,1.46249,1.46274,1.00,2.32
2015.06.22 04:07:23.584,1.46249,1.46269,1.00,1.12
2015.06.22 04:07:24.524,1.46249,1.46271,1.00,1.37
2015.06.22 04:07:25.566,1.46248,1.46271,1.50,1.37
2015.06.22 04:07:26.204,1.4625,1.46272,1.00,1.10
2015.06.22 04:07:26.510,1.46256,1.46274,1.50,1.10
2015.06.22 04:07:26.561,1.46256,1.4628,1.50,1.55
2015.06.22 04:07:26.664,1.46258,1.4628,1.37,1.27
2015.06.22 04:07:26.961,1.46259,1.46281,1.12,1.57
2015.06.22 04:07:27.470,1.46258,1.46281,1.00,1.20
2015.06.22 04:07:27.521,1.46258,1.46279,1.00,1.50
2015.06.22 04:07:27.572,1.46256,1.46279,1.12,1.50
2015.06.22 04:07:27.726,1.46254,1.46277,1.00,1.92
2015.06.22 04:07:27.931,1.46252,1.46275,1.00,1.52
2015.06.22 04:07:28.500,1.46253,1.46276,1.00,1.87
2015.06.22 04:07:29.238,1.46253,1.46276,1.00,1.12
2015.06.22 04:07:29.756,1.46253,1.46276,1.00,1.12
2015.06.22 04:07:31.119,1.4625,1.46273,1.00,1.27
2015.06.22 04:07:31.423,1.46252,1.46273,1.00,1.27
2015.06.22 04:07:40.118,1.46252,1.46272,1.50,1.00
2015.06.22 04:07:41.147,1.46252,1.4627,1.50,1.00
2015.06.22 04:07:43.442,1.46249,1.4627,1.00,1.12
2015.06.22 04:07:43.834,1.46247,1.46269,1.50,1.12
2015.06.22 04:07:44.455,1.46247,1.46269,1.50,1.37
2015.06.22 04:07:46.252,1.46247,1.46269,1.00,1.87
2015.06.22 04:07:46.354,1.46243,1.46269,1.87,2.62
2015.06.22 04:07:47.361,1.46243,1.46269,1.87,2.62
2015.06.22 04:07:48.252,1.46243,1.46269,1.87,2.62
2015.06.22 04:07:49.728,1.46245,1.46269,1.00,1.37
2015.06.22 04:07:51.333,1.46244,1.46267,1.12,1.87
2015.06.22 04:07:53.970,1.46245,1.46269,1.00,1.37
2015.06.22 04:07:55.080,1.46245,1.46269,1.00,1.00
2015.06.22 04:07:55.233,1.46247,1.46269,1.00,1.00
2015.06.22 04:07:55.929,1.46248,1.46269,1.00,1.00
2015.06.22 04:07:56.608,1.46247,1.46269,1.50,1.00
2015.06.22 04:07:57.196,1.46247,1.4627,1.50,1.50
2015.06.22 04:07:57.943,1.46248,1.4627,1.00,1.00
2015.06.22 04:08:00.040,1.46247,1.4627,1.50,1.00
2015.06.22 04:08:01.942,1.46248,1.4627,1.00,1.00
2015.06.22 04:08:04.157,1.46247,1.4627,1.50,1.50
2015.06.22 04:08:04.995,1.46248,1.4627,1.50,1.00
2015.06.22 04:08:08.372,1.46248,1.46268,1.50,1.00
2015.06.22 04:08:08.878,1.46246,1.46268,1.00,1.00
2015.06.22 04:08:09.081,1.46248,1.46269,1.00,1.00
2015.06.22 04:08:09.233,1.46248,1.46271,1.00,1.00
2015.06.22 04:08:09.386,1.46246,1.46267,1.00,1.00
2015.06.22 04:08:09.590,1.46241,1.46265,1.00,1.12
2015.06.22 04:08:10.392,1.46242,1.46264,1.50,1.00
2015.06.22 04:08:10.444,1.46242,1.46268,2.25,2.25
2015.06.22 04:08:11.120,1.46242,1.46266,2.25,1.00
2015.06.22 04:08:12.388,1.46241,1.46265,1.00,1.00
2015.06.22 04:08:12.694,1.46239,1.46262,1.50,1.27
2015.06.22 04:08:13.596,1.46239,1.46264,1.50,1.20
2015.06.22 04:08:14.713,1.46239,1.46263,1.50,1.00
2015.06.22 04:08:20.256,1.46239,1.46263,1.00,1.87
2015.06.22 04:08:20.864,1.46239,1.46263,1.00,1.87
2015.06.22 04:08:21.017,1.46236,1.4626,1.12,1.12
2015.06.22 04:08:21.806,1.46234,1.46258,1.37,1.00
2015.06.22 04:08:22.011,1.46229,1.46254,1.12,1.55
2015.06.22 04:08:22.633,1.46227,1.46253,2.62,1.45
2015.06.22 04:08:23.647,1.46227,1.46253,2.25,1.52
2015.06.22 04:08:24.210,1.46228,1.46254,1.50,1.52
2015.06.22 04:08:26.592,1.46228,1.46255,1.50,2.40
2015.06.22 04:08:28.588,1.46229,1.46255,1.87,2.40
2015.06.22 04:08:28.641,1.46231,1.46255,1.00,1.65
2015.06.22 04:08:28.991,1.46231,1.46255,1.47,1.00
2015.06.22 04:08:30.849,1.4623,1.46256,1.50,1.50
2015.06.22 04:08:31.205,1.46233,1.46256,1.00,1.00
2015.06.22 04:08:31.735,1.46232,1.46256,1.00,1.50
2015.06.22 04:08:32.702,1.46232,1.46252,1.00,1.50
2015.06.22 04:08:32.755,1.46227,1.46248,1.57,1.37
2015.06.22 04:08:32.808,1.46227,1.46244,1.00,1.00
2015.06.22 04:08:32.860,1.46222,1.46244,1.00,1.50
2015.06.22 04:08:32.911,1.46222,1.4624,1.00,1.00
2015.06.22 04:08:32.962,1.4622,1.4624,1.87,1.00
2015.06.22 04:08:34.742,1.4622,1.46244,1.00,1.87
2015.06.22 04:08:35.250,1.4622,1.46244,1.00,1.50
2015.06.22 04:08:37.317,1.4622,1.46244,1.87,1.00
2015.06.22 04:08:37.470,1.46223,1.46249,1.12,1.00
2015.06.22 04:08:37.993,1.46223,1.46249,1.55,1.00
2015.06.22 04:08:39.157,1.46226,1.4625,1.00,1.00
2015.06.22 04:08:39.960,1.46226,1.46252,1.00,1.37
2015.06.22 04:08:42.714,1.46226,1.46252,1.00,1.12
2015.06.22 04:08:50.390,1.46228,1.46252,1.00,1.12
2015.06.22 04:08:50.914,1.4624,1.46258,1.00,1.00
2015.06.22 04:08:50.974,1.4624,1.46263,1.12,1.00
2015.06.22 04:08:51.229,1.4624,1.46266,1.87,1.00
2015.06.22 04:08:51.737,1.46243,1.46266,1.00,1.12
2015.06.22 04:08:52.710,1.46242,1.46266,1.50,1.00
2015.06.22 04:08:52.761,1.46242,1.46268,1.50,1.87
2015.06.22 04:08:52.964,1.46244,1.46268,1.00,1.87
2015.06.22 04:08:53.513,1.46243,1.46268,1.50,1.87
2015.06.22 04:08:53.819,1.46243,1.46268,1.37,1.50
2015.06.22 04:08:54.414,1.46247,1.46271,1.75,1.47
2015.06.22 04:08:54.466,1.46258,1.46281,1.12,1.00
2015.06.22 04:08:54.984,1.46258,1.46282,1.87,1.12
2015.06.22 04:08:59.476,1.46258,1.46282,1.12,1.37
2015.06.22 04:09:00.198,1.46256,1.4628,1.47,1.50
2015.06.22 04:09:00.503,1.46254,1.46274,1.57,1.00
2015.06.22 04:09:00.758,1.46244,1.46267,1.00,1.00
2015.06.22 04:09:00.809,1.46243,1.46267,1.45,1.00
2015.06.22 04:09:01.114,1.46241,1.46262,1.37,1.00
2015.06.22 04:09:01.166,1.46236,1.46262,3.00,1.00
2015.06.22 04:09:01.268,1.46236,1.46258,1.87,1.00
2015.06.22 04:09:01.800,1.46234,1.4626,2.70,1.50
2015.06.22 04:09:01.856,1.46234,1.46258,1.87,1.00
2015.06.22 04:09:02.386,1.46234,1.46257,1.37,1.00
2015.06.22 04:09:04.064,1.46233,1.46255,1.37,1.50
2015.06.22 04:09:04.218,1.46234,1.46257,1.37,1.20
2015.06.22 04:09:04.320,1.46234,1.4626,1.87,1.57
2015.06.22 04:09:04.371,1.46237,1.4626,1.37,1.57
2015.06.22 04:09:04.677,1.46237,1.46262,1.37,1.50
2015.06.22 04:09:04.881,1.46236,1.4626,1.37,1.00
2015.06.22 04:09:05.421,1.46236,1.46259,1.87,1.00
2015.06.22 04:09:05.473,1.46233,1.46256,1.50,1.12
2015.06.22 04:09:05.575,1.46233,1.46256,1.00,1.87
2015.06.22 04:09:05.779,1.46228,1.46253,1.37,1.87
2015.06.22 04:09:05.881,1.46228,1.46252,1.37,1.37
2015.06.22 04:09:06.340,1.46228,1.4625,1.87,1.00
2015.06.22 04:09:08.935,1.46228,1.46249,1.87,1.00
2015.06.22 04:09:11.928,1.46228,1.46251,1.37,1.00
2015.06.22 04:09:12.429,1.46228,1.4625,1.37,1.00
2015.06.22 04:09:13.005,1.46228,1.46251,1.37,1.00
2015.06.22 04:09:13.548,1.46228,1.4625,1.37,1.00
2015.06.22 04:09:14.021,1.46228,1.46248,1.87,1.00
2015.06.22 04:09:14.327,1.46229,1.46251,1.37,1.00
2015.06.22 04:09:14.961,1.46229,1.46251,1.00,1.00
2015.06.22 04:09:15.294,1.46231,1.4625,1.50,1.00
2015.06.22 04:09:15.346,1.46232,1.46252,1.50,1.00
2015.06.22 04:09:15.397,1.46234,1.46252,1.00,1.00
2015.06.22 04:09:15.448,1.46234,1.46255,2.62,1.00
2015.06.22 04:09:15.958,1.46236,1.46255,1.00,1.00
2015.06.22 04:09:16.111,1.46237,1.46257,1.50,1.50
2015.06.22 04:09:22.174,1.46239,1.46257,1.00,1.00
2015.06.22 04:09:22.803,1.4624,1.46257,1.00,1.00
2015.06.22 04:09:23.537,1.46238,1.46257,1.00,1.00
2015.06.22 04:09:23.639,1.46235,1.46256,1.12,1.00
2015.06.22 04:09:23.996,1.46235,1.46254,1.00,1.00
2015.06.22 04:09:24.047,1.46229,1.46254,2.25,1.50
2015.06.22 04:09:24.149,1.46229,1.46254,1.05,1.50
2015.06.22 04:09:24.201,1.46234,1.46254,1.00,1.00
2015.06.22 04:09:24.601,1.46239,1.46258,1.00,1.00
2015.06.22 04:09:24.864,1.46239,1.4626,1.00,1.00
2015.06.22 04:09:25.084,1.46239,1.46262,1.00,1.50
2015.06.22 04:09:31.509,1.46241,1.46264,1.12,1.00
2015.06.22 04:09:34.098,1.46241,1.46266,1.87,1.10
2015.06.22 04:09:34.150,1.46244,1.46266,1.00,1.10
2015.06.22 04:09:34.354,1.46245,1.46268,1.12,1.57
2015.06.22 04:09:34.405,1.46247,1.46268,1.05,1.57
2015.06.22 04:09:34.790,1.4625,1.46272,1.00,1.00
2015.06.22 04:09:34.942,1.46251,1.46275,1.00,2.25
2015.06.22 04:09:35.450,1.46253,1.46275,1.00,1.50
2015.06.22 04:09:35.602,1.46253,1.46278,1.00,3.37
2015.06.22 04:09:36.324,1.46253,1.46278,1.00,3.00
2015.06.22 04:09:37.940,1.46255,1.46279,1.00,1.50
2015.06.22 04:09:41.397,1.46255,1.46278,1.00,1.00
2015.06.22 04:09:44.140,1.46254,1.46278,1.00,1.12
2015.06.22 04:09:46.063,1.46253,1.46277,1.00,1.00
2015.06.22 04:09:47.874,1.46254,1.46277,1.00,1.00
2015.06.22 04:09:48.179,1.46254,1.46277,1.50,1.00
2015.06.22 04:09:48.281,1.46255,1.46279,1.00,1.50
2015.06.22 04:09:48.850,1.46256,1.4628,1.12,1.00
2015.06.22 04:09:49.382,1.46256,1.4628,1.50,1.00
2015.06.22 04:09:54.044,1.46259,1.4628,1.00,1.50
2015.06.22 04:09:54.554,1.46258,1.46278,1.00,1.00
2015.06.22 04:09:54.605,1.46254,1.46277,1.12,1.00
2015.06.22 04:09:54.656,1.46259,1.46277,1.00,1.00
2015.06.22 04:09:54.708,1.46259,1.4628,1.50,1.00
2015.06.22 04:09:55.253,1.46258,1.4628,1.00,1.00
2015.06.22 04:09:59.424,1.46258,1.46279,1.00,1.00
2015.06.22 04:09:59.679,1.46255,1.46278,1.00,1.00
2015.06.22 04:09:59.882,1.46256,1.46275,1.87,1.00
2015.06.22 04:10:00.207,1.46259,1.46274,1.00,1.00
2015.06.22 04:10:00.511,1.46256,1.46274,1.00,1.00
2015.06.22 04:10:06.060,1.46256,1.46276,1.00,1.00
2015.06.22 04:10:07.020,1.46256,1.46278,1.00,1.10
2015.06.22 04:10:07.123,1.46257,1.46281,1.87,1.20
2015.06.22 04:10:07.277,1.46263,1.46287,1.00,1.20
2015.06.22 04:10:07.482,1.46267,1.46288,1.00,1.10
2015.06.22 04:10:08.080,1.46269,1.46292,1.50,1.47
2015.06.22 04:10:08.593,1.46269,1.46292,1.50,1.10
2015.06.22 04:10:09.094,1.46269,1.46291,1.50,1.00
2015.06.22 04:10:10.298,1.46269,1.46293,1.50,1.87
2015.06.22 04:10:10.451,1.46269,1.46293,1.50,1.87
2015.06.22 04:10:10.849,1.46271,1.46295,1.00,1.65
2015.06.22 04:10:10.901,1.46273,1.46296,1.00,1.52
2015.06.22 04:10:11.202,1.46278,1.46296,1.00,1.07
2015.06.22 04:10:11.254,1.46278,1.463,1.50,1.57
2015.06.22 04:10:11.407,1.46281,1.46301,1.00,1.15
2015.06.22 04:10:11.916,1.46281,1.46301,1.00,1.00
2015.06.22 04:10:12.120,1.46277,1.46301,1.00,1.50
2015.06.22 04:10:12.808,1.46277,1.463,1.00,1.00
2015.06.22 04:10:12.859,1.46277,1.463,1.00,2.25
2015.06.22 04:10:13.012,1.46272,1.46293,1.00,1.00
2015.06.22 04:10:13.063,1.46268,1.46293,1.47,1.00
2015.06.22 04:10:13.115,1.46267,1.46293,1.50,1.00
2015.06.22 04:10:13.167,1.46271,1.46293,1.00,1.00
2015.06.22 04:10:13.472,1.46277,1.46301,1.00,1.00
2015.06.22 04:10:13.575,1.46277,1.46298,1.00,1.00
2015.06.22 04:10:13.626,1.46275,1.46298,1.00,1.00
2015.06.22 04:10:14.000,1.4627,1.46296,3.07,1.50
2015.06.22 04:10:14.204,1.4627,1.46294,2.32,1.00
2015.06.22 04:10:14.306,1.4627,1.46294,1.10,1.50
2015.06.22 04:10:14.357,1.46269,1.46292,1.57,1.00
2015.06.22 04:10:14.662,1.46273,1.46293,1.50,1.00
2015.06.22 04:10:14.816,1.46276,1.46299,1.00,1.00
2015.06.22 04:10:14.918,1.46277,1.46303,1.00,1.57
2015.06.22 04:10:15.248,1.46278,1.46303,1.00,1.57
2015.06.22 04:10:15.654,1.46278,1.46301,1.00,1.00
2015.06.22 04:10:15.705,1.46276,1.463,1.50,1.00
2015.06.22 04:10:16.212,1.46275,1.46298,1.00,1.00
2015.06.22 04:10:17.782,1.46274,1.46298,1.12,1.00
2015.06.22 04:10:18.087,1.4627,1.46295,1.95,1.37
2015.06.22 04:10:18.240,1.46268,1.46294,1.57,1.37
2015.06.22 04:10:18.595,1.46268,1.46294,1.20,2.62
2015.06.22 04:10:18.899,1.46268,1.46294,1.00,2.62
2015.06.22 04:10:19.053,1.46268,1.4629,1.00,1.37
2015.06.22 04:10:19.257,1.46262,1.46286,1.20,1.00
2015.06.22 04:10:19.461,1.46259,1.46283,1.07,1.00
2015.06.22 04:10:19.563,1.46258,1.46282,1.00,1.00
2015.06.22 04:10:23.039,1.46256,1.46282,1.17,1.37
2015.06.22 04:10:23.243,1.46254,1.46278,1.50,1.00
2015.06.22 04:10:23.447,1.46262,1.46286,1.00,1.00
2015.06.22 04:10:23.549,1.46262,1.46288,1.87,2.25
2015.06.22 04:10:23.651,1.46262,1.46288,3.07,2.25
2015.06.22 04:10:24.194,1.46263,1.46288,1.50,1.50
2015.06.22 04:10:24.951,1.46265,1.46291,1.65,1.50
2015.06.22 04:10:25.155,1.46265,1.46291,1.65,1.87
2015.06.22 04:10:25.671,1.4626,1.46284,1.95,1.00
2015.06.22 04:10:25.722,1.4626,1.46284,1.57,1.00
2015.06.22 04:10:26.230,1.46258,1.46282,1.57,1.00
2015.06.22 04:10:26.740,1.46259,1.46283,1.07,1.00
2015.06.22 04:10:29.060,1.46258,1.46282,1.20,1.00
2015.06.22 04:10:29.367,1.46255,1.46279,2.62,1.00
2015.06.22 04:10:29.769,1.46255,1.46279,1.95,1.00
2015.06.22 04:10:29.821,1.46255,1.46277,1.95,1.00
2015.06.22 04:10:31.347,1.46255,1.46277,1.10,1.50
2015.06.22 04:10:32.773,1.46251,1.46276,2.62,1.00
2015.06.22 04:10:32.978,1.4625,1.46274,2.32,1.00
2015.06.22 04:10:33.506,1.4625,1.46274,1.17,1.00
2015.06.22 04:10:34.751,1.4625,1.46274,1.55,1.00
2015.06.22 04:10:43.880,1.4625,1.46274,1.17,1.00
2015.06.22 04:10:47.287,1.4625,1.46274,1.00,1.00
2015.06.22 04:10:50.297,1.46249,1.46275,1.95,1.50
2015.06.22 04:10:54.703,1.46249,1.46275,1.87,1.87
2015.06.22 04:10:55.608,1.46249,1.46275,1.87,1.87
2015.06.22 04:10:56.119,1.46249,1.46275,1.87,1.50
2015.06.22 04:10:56.323,1.46249,1.46275,1.87,1.87
2015.06.22 04:10:56.425,1.46249,1.46275,1.87,1.87
2015.06.22 04:10:56.830,1.46249,1.46275,1.87,1.87
2015.06.22 04:10:59.953,1.46248,1.46273,1.95,1.87
2015.06.22 04:11:00.951,1.46249,1.46273,1.37,1.00
2015.06.22 04:11:03.522,1.46249,1.46272,1.37,1.00
2015.06.22 04:11:04.113,1.46249,1.46273,1.37,1.10
2015.06.22 04:11:04.773,1.46249,1.46273,1.12,1.10
2015.06.22 04:11:05.628,1.46249,1.46273,1.12,1.47
2015.06.22 04:11:06.637,1.46249,1.46273,1.12,1.10
2015.06.22 04:11:07.597,1.46247,1.46271,1.12,1.00
2015.06.22 04:11:07.935,1.46249,1.46273,1.00,1.20
2015.06.22 04:11:09.440,1.46251,1.46273,1.00,1.10
2015.06.22 04:11:09.998,1.46252,1.46274,1.00,1.07
2015.06.22 04:11:10.303,1.46252,1.46275,1.00,1.10
2015.06.22 04:11:13.218,1.46252,1.46272,1.20,1.00
2015.06.22 04:11:14.074,1.46252,1.46273,1.20,1.00
2015.06.22 04:11:14.374,1.46252,1.46276,1.20,2.62
2015.06.22 04:11:15.854,1.46252,1.46276,1.20,2.62
2015.06.22 04:11:23.661,1.46252,1.46276,1.20,1.37
2015.06.22 04:11:24.240,1.46252,1.46276,1.20,1.00
2015.06.22 04:11:24.887,1.46254,1.46279,1.17,1.37
2015.06.22 04:11:25.363,1.46254,1.46279,1.17,1.00
2015.06.22 04:11:25.517,1.46257,1.46281,1.00,1.37
2015.06.22 04:11:25.568,1.46258,1.46281,1.00,1.00
2015.06.22 04:11:25.620,1.4626,1.46283,1.00,1.12
2015.06.22 04:11:25.927,1.46261,1.46284,1.07,1.37
2015.06.22 04:11:26.754,1.4626,1.46284,1.20,1.50
2015.06.22 04:11:27.289,1.4626,1.46282,1.20,1.37
2015.06.22 04:11:28.065,1.46258,1.4628,1.12,1.00
2015.06.22 04:11:31.596,1.46258,1.46278,1.12,1.00
2015.06.22 04:11:31.749,1.46255,1.46278,1.75,1.87
2015.06.22 04:11:31.851,1.46253,1.46277,1.12,1.00
2015.06.22 04:11:32.116,1.46253,1.46275,1.12,1.00
2015.06.22 04:11:33.243,1.46253,1.46279,1.87,1.87
2015.06.22 04:11:34.952,1.46253,1.46276,1.87,1.00
2015.06.22 04:11:35.494,1.46253,1.46276,1.12,1.87
2015.06.22 04:11:36.995,1.46253,1.46276,1.75,1.00
2015.06.22 04:11:37.046,1.46254,1.46278,1.50,1.50
2015.06.22 04:11:37.148,1.46256,1.4628,1.65,1.00
2015.06.22 04:11:37.199,1.46256,1.4628,1.95,1.50
2015.06.22 04:11:37.504,1.46258,1.46278,1.12,1.12
2015.06.22 04:11:37.556,1.46254,1.46278,1.95,1.12
2015.06.22 04:11:37.810,1.46254,1.46278,1.10,1.12
2015.06.22 04:11:38.206,1.46254,1.46277,1.00,1.15
2015.06.22 04:11:38.665,1.46254,1.46277,1.00,1.00
2015.06.22 04:11:39.174,1.46254,1.46278,1.57,1.00
2015.06.22 04:11:39.277,1.46258,1.46281,1.00,1.50
2015.06.22 04:11:39.583,1.4626,1.46284,1.00,2.25
2015.06.22 04:11:40.305,1.4626,1.46283,1.00,1.12
2015.06.22 04:11:40.610,1.4626,1.4628,1.00,1.00
2015.06.22 04:11:40.661,1.46258,1.4628,1.00,1.00
2015.06.22 04:11:41.888,1.46258,1.46279,1.00,1.00
2015.06.22 04:11:42.398,1.46258,1.4628,1.00,2.25
2015.06.22 04:11:45.177,1.46258,1.4628,1.00,1.87
2015.06.22 04:11:46.917,1.46258,1.46277,1.00,1.00
2015.06.22 04:11:47.070,1.46253,1.46277,1.17,1.00
2015.06.22 04:11:47.617,1.46253,1.46277,1.00,1.00
2015.06.22 04:11:50.233,1.46254,1.46277,1.00,1.00
2015.06.22 04:11:50.742,1.46255,1.46277,1.00,1.00
2015.06.22 04:11:51.327,1.46255,1.46276,1.00,1.12
2015.06.22 04:11:51.638,1.46251,1.46275,1.20,1.00
2015.06.22 04:11:52.627,1.46251,1.46275,1.20,1.37
2015.06.22 04:11:53.130,1.46251,1.46275,1.20,1.00
2015.06.22 04:11:53.283,1.46255,1.46278,1.00,1.87
2015.06.22 04:11:53.699,1.46255,1.46278,1.00,1.00
2015.06.22 04:11:53.954,1.46253,1.46278,1.10,1.00
2015.06.22 04:11:54.006,1.46253,1.46276,1.10,1.00
2015.06.22 04:11:54.311,1.46249,1.46275,3.37,1.87
2015.06.22 04:11:54.615,1.46253,1.46275,1.12,1.87
2015.06.22 04:11:56.764,1.46253,1.46278,1.12,1.00
2015.06.22 04:11:57.505,1.46258,1.4628,1.00,1.00
2015.06.22 04:11:59.160,1.46258,1.46279,1.00,1.00
2015.06.22 04:12:03.176,1.46254,1.46279,1.17,1.00
2015.06.22 04:12:03.973,1.46254,1.4628,1.17,1.87
2015.06.22 04:12:09.312,1.46254,1.46279,1.17,1.00
2015.06.22 04:12:11.726,1.46254,1.4628,1.17,1.00
2015.06.22 04:12:14.445,1.46254,1.46279,1.27,1.00
2015.06.22 04:12:14.496,1.46253,1.46279,3.75,1.50
2015.06.22 04:12:14.815,1.46258,1.46279,1.07,1.50
2015.06.22 04:12:15.321,1.46261,1.46284,1.00,1.50
2015.06.22 04:12:15.474,1.46261,1.46284,1.20,1.50
2015.06.22 04:12:16.025,1.46259,1.46284,1.12,1.50
2015.06.22 04:12:16.076,1.46258,1.46284,4.12,1.50
2015.06.22 04:12:16.439,1.46258,1.4628,2.62,1.00
2015.06.22 04:12:16.995,1.46258,1.46282,2.62,1.00
2015.06.22 04:12:17.521,1.46258,1.46282,1.95,1.00
2015.06.22 04:12:18.193,1.46258,1.46282,1.95,1.37
2015.06.22 04:12:18.700,1.46258,1.46282,1.95,1.12
2015.06.22 04:12:22.775,1.46258,1.46279,1.45,1.00
2015.06.22 04:12:22.978,1.46255,1.46279,1.95,1.50
2015.06.22 04:12:30.215,1.46256,1.4628,1.20,1.00
2015.06.22 04:12:35.258,1.46257,1.46281,1.07,1.00
2015.06.22 04:12:35.984,1.46257,1.4628,1.07,1.00
2015.06.22 04:12:36.524,1.46258,1.46282,1.10,1.37
2015.06.22 04:12:39.309,1.46258,1.46284,1.10,1.87
2015.06.22 04:12:39.462,1.46256,1.4628,1.20,1.00
2015.06.22 04:12:40.174,1.46256,1.46275,1.20,1.00
2015.06.22 04:12:40.479,1.46251,1.46275,2.62,1.00
2015.06.22 04:12:40.632,1.46251,1.46273,1.12,1.00
2015.06.22 04:12:41.140,1.46253,1.46274,1.87,1.00
2015.06.22 04:12:41.785,1.46264,1.46286,2.25,1.00
2015.06.22 04:12:42.494,1.46266,1.46287,1.57,1.00
2015.06.22 04:12:42.596,1.46264,1.46287,1.12,1.00
2015.06.22 04:12:42.749,1.46264,1.46285,1.12,1.00
2015.06.22 04:12:42.902,1.46262,1.46285,2.62,1.00
2015.06.22 04:12:43.325,1.46261,1.46285,1.57,1.00
2015.06.22 04:12:43.427,1.46259,1.46281,2.25,1.00
2015.06.22 04:12:45.850,1.4626,1.46281,2.25,1.00
2015.06.22 04:12:45.952,1.46262,1.46283,1.20,1.00
2015.06.22 04:12:46.054,1.46264,1.46288,1.20,1.50
2015.06.22 04:12:46.207,1.46266,1.46289,1.12,1.00
2015.06.22 04:12:53.562,1.46264,1.46289,1.12,1.00
2015.06.22 04:12:55.571,1.46265,1.46288,1.45,1.00
2015.06.22 04:13:05.578,1.46268,1.46288,1.45,1.00
2015.06.22 04:13:05.974,1.46268,1.46292,1.87,1.00
2015.06.22 04:13:06.077,1.46268,1.46292,2.25,1.00
2015.06.22 04:13:06.280,1.46273,1.46297,1.57,2.25
2015.06.22 04:13:06.796,1.46273,1.46297,1.87,1.00
2015.06.22 04:13:10.986,1.46275,1.46298,1.27,1.00
2015.06.22 04:13:11.487,1.46277,1.46298,1.00,1.00
2015.06.22 04:13:12.088,1.46276,1.46298,1.10,1.00
2015.06.22 04:13:15.911,1.46276,1.46299,1.10,1.00
2015.06.22 04:13:16.712,1.46276,1.46296,1.10,1.00
2015.06.22 04:13:21.299,1.46276,1.46297,1.10,1.00
2015.06.22 04:13:21.403,1.46274,1.46297,1.20,1.00
2015.06.22 04:13:25.662,1.46275,1.46296,1.00,1.00
2015.06.22 04:13:26.197,1.46276,1.46297,1.00,1.00
2015.06.22 04:13:26.768,1.46276,1.46295,1.00,1.00
2015.06.22 04:13:27.965,1.46276,1.46296,1.00,1.00
2015.06.22 04:13:28.219,1.46273,1.46296,2.02,1.00
2015.06.22 04:13:28.946,1.46273,1.46296,1.12,1.00
2015.06.22 04:13:30.556,1.46274,1.46295,1.00,1.00
2015.06.22 04:13:30.657,1.46276,1.46295,1.00,1.00
2015.06.22 04:13:31.606,1.46277,1.46295,1.00,1.00
2015.06.22 04:13:31.658,1.46276,1.46299,1.00,1.00
2015.06.22 04:13:33.457,1.46276,1.46298,1.50,1.00
2015.06.22 04:13:33.661,1.46278,1.46302,1.00,1.50
2015.06.22 04:13:33.974,1.4628,1.46301,1.00,1.00
2015.06.22 04:13:34.539,1.4628,1.46303,1.00,1.00
2015.06.22 04:13:36.182,1.46278,1.46302,1.45,1.37
2015.06.22 04:13:36.690,1.46278,1.46302,1.45,1.12
2015.06.22 04:13:37.003,1.46278,1.463,1.45,1.00
2015.06.22 04:13:38.044,1.46278,1.463,1.37,1.37
2015.06.22 04:13:38.146,1.46274,1.46298,2.62,1.50
2015.06.22 04:13:38.456,1.46274,1.46297,1.00,1.87
2015.06.22 04:13:38.976,1.46274,1.46297,1.50,1.87
2015.06.22 04:13:39.129,1.46271,1.46295,1.00,1.12
2015.06.22 04:13:44.218,1.46272,1.46295,1.00,1.00
2015.06.22 04:13:44.745,1.46273,1.46296,1.00,1.00
2015.06.22 04:13:45.759,1.46273,1.46297,1.00,1.87
2015.06.22 04:13:46.933,1.46275,1.46297,1.00,1.00
2015.06.22 04:13:47.469,1.46275,1.46296,1.00,1.00
2015.06.22 04:13:48.178,1.46275,1.46299,1.00,1.50
2015.06.22 04:13:49.776,1.46275,1.46298,1.00,1.37
2015.06.22 04:13:49.828,1.46272,1.46298,1.65,2.62
2015.06.22 04:13:51.556,1.46272,1.46297,1.50,1.12
2015.06.22 04:13:51.989,1.46272,1.46297,1.50,1.37
2015.06.22 04:13:52.193,1.4627,1.46294,1.20,1.00
2015.06.22 04:13:52.294,1.4627,1.46293,1.12,1.37
2015.06.22 04:13:52.396,1.46268,1.46293,1.00,1.00
2015.06.22 04:13:58.405,1.46267,1.46291,1.47,1.00
2015.06.22 04:14:00.655,1.46267,1.46293,1.37,1.87
2015.06.22 04:14:02.258,1.46269,1.46293,1.00,1.00
2015.06.22 04:14:02.461,1.46269,1.46294,2.25,1.00
2015.06.22 04:14:03.013,1.4627,1.46295,1.95,1.50
2015.06.22 04:14:03.556,1.46272,1.46295,1.00,1.00
2015.06.22 04:14:04.195,1.4627,1.46294,1.10,1.00
2015.06.22 04:14:04.722,1.4627,1.46295,1.00,1.00
2015.06.22 04:14:06.740,1.4627,1.46294,1.00,1.00
2015.06.22 04:14:07.422,1.46269,1.46294,1.00,1.12
2015.06.22 04:14:08.129,1.46269,1.46294,1.00,1.37
2015.06.22 04:14:08.700,1.46269,1.46294,1.00,1.12
2015.06.22 04:14:09.208,1.46269,1.46294,1.17,1.12
2015.06.22 04:14:09.719,1.46268,1.46293,1.20,1.50
2015.06.22 04:14:10.221,1.4627,1.46294,1.10,1.12
2015.06.22 04:14:18.534,1.46271,1.46294,1.00,1.00
2015.06.22 04:14:18.585,1.46273,1.46297,1.00,1.37
2015.06.22 04:14:19.096,1.46273,1.46297,1.00,1.12
2015.06.22 04:14:20.388,1.46275,1.46297,1.00,1.12
2015.06.22 04:14:20.694,1.46279,1.46302,1.17,1.12
2015.06.22 04:14:21.110,1.46275,1.46299,1.87,1.12
2015.06.22 04:14:21.161,1.46275,1.46299,1.00,1.00
2015.06.22 04:14:21.476,1.46273,1.46296,1.00,1.00
2015.06.22 04:14:21.527,1.46271,1.46296,1.10,1.50
2015.06.22 04:14:22.047,1.4627,1.46296,2.62,1.87
2015.06.22 04:14:22.510,1.46273,1.46296,1.00,1.37
2015.06.22 04:14:27.272,1.46273,1.46296,1.00,1.12
2015.06.22 04:14:28.624,1.46273,1.46297,1.00,1.00
2015.06.22 04:14:29.265,1.46272,1.46297,1.10,1.00
2015.06.22 04:14:31.565,1.46271,1.46297,1.17,1.87
2015.06.22 04:14:31.872,1.46263,1.46286,1.95,1.50
2015.06.22 04:14:31.924,1.46263,1.46286,1.20,1.50
2015.06.22 04:14:32.027,1.46261,1.46286,1.95,1.87
2015.06.22 04:14:32.539,1.46261,1.46286,1.20,1.50
2015.06.22 04:14:33.098,1.46261,1.46286,1.07,1.87
2015.06.22 04:14:33.638,1.46261,1.46286,1.00,1.87
2015.06.22 04:14:36.048,1.46261,1.46286,1.87,1.50
2015.06.22 04:14:36.099,1.46264,1.46286,1.00,1.00
2015.06.22 04:14:36.150,1.46264,1.46288,3.00,1.00
2015.06.22 04:14:36.201,1.46267,1.46288,1.00,1.00
2015.06.22 04:14:36.505,1.46269,1.46292,1.00,1.20
2015.06.22 04:14:36.759,1.46269,1.46292,1.00,1.20
2015.06.22 04:14:37.787,1.46269,1.46291,1.00,1.00
2015.06.22 04:14:38.327,1.46269,1.46292,1.00,1.20
2015.06.22 04:14:40.218,1.46269,1.46291,1.00,1.00
2015.06.22 04:14:40.737,1.46269,1.46292,1.00,1.20
2015.06.22 04:14:40.840,1.46272,1.46293,1.00,1.27
2015.06.22 04:14:41.044,1.46272,1.46294,1.50,1.57
2015.06.22 04:14:41.400,1.46274,1.46297,1.00,1.95
2015.06.22 04:14:41.849,1.46276,1.46298,1.50,1.27
2015.06.22 04:14:42.722,1.46277,1.46299,1.00,1.27
2015.06.22 04:14:42.927,1.46277,1.46301,1.00,1.15
2015.06.22 04:14:43.789,1.46281,1.463,1.87,1.20
2015.06.22 04:14:43.897,1.46287,1.46308,1.00,1.10
2015.06.22 04:14:44.101,1.46289,1.4631,1.00,1.87
2015.06.22 04:14:44.406,1.46298,1.46314,1.00,1.10
2015.06.22 04:14:45.144,1.46296,1.46317,1.00,2.02
2015.06.22 04:14:45.604,1.46298,1.46317,1.00,1.12
2015.06.22 04:14:45.910,1.46303,1.46324,1.00,1.27
2015.06.22 04:14:46.012,1.46305,1.46325,1.00,1.00
2015.06.22 04:14:46.569,1.46305,1.46326,1.00,1.00
2015.06.22 04:14:47.133,1.46305,1.46328,1.00,1.95
2015.06.22 04:14:48.363,1.46304,1.46328,1.00,1.95
2015.06.22 04:14:50.752,1.46303,1.46327,1.50,1.12
2015.06.22 04:14:51.251,1.46311,1.4633,1.00,2.02
2015.06.22 04:14:51.507,1.46307,1.46331,1.00,1.50
2015.06.22 04:14:51.609,1.46305,1.46331,1.50,2.25
2015.06.22 04:14:51.660,1.46305,1.46326,1.00,1.00
2015.06.22 04:14:51.997,1.46301,1.46325,1.00,1.00
2015.06.22 04:14:52.460,1.46299,1.46326,1.50,1.07
2015.06.22 04:14:53.336,1.46301,1.46325,1.00,1.47
2015.06.22 04:14:53.871,1.46301,1.46325,1.50,1.47
2015.06.22 04:14:54.886,1.46301,1.46325,1.50,1.20
2015.06.22 04:14:55.244,1.46304,1.4633,1.50,3.07
2015.06.22 04:14:55.549,1.46309,1.46333,1.00,2.40
2015.06.22 04:14:55.600,1.4631,1.46333,1.00,2.40
2015.06.22 04:14:55.753,1.46315,1.46336,1.00,3.07
2015.06.22 04:14:55.804,1.46315,1.46336,1.00,1.65
2015.06.22 04:14:55.855,1.46313,1.46337,1.50,1.12
2015.06.22 04:14:55.957,1.46312,1.46333,1.00,1.37
2015.06.22 04:14:56.059,1.46309,1.46332,1.12,1.50
2015.06.22 04:14:56.162,1.46305,1.46331,1.50,2.62
2015.06.22 04:14:56.488,1.46306,1.46329,1.00,1.82
2015.06.22 04:14:56.794,1.46306,1.4633,1.00,1.90
2015.06.22 04:14:56.999,1.46307,1.46325,1.00,1.00
2015.06.22 04:14:57.051,1.46301,1.46323,1.00,1.00
2015.06.22 04:14:57.153,1.46299,1.46321,1.00,1.00
2015.06.22 04:14:57.255,1.46296,1.46321,1.00,1.50
2015.06.22 04:14:57.673,1.46294,1.46318,1.00,1.00
2015.06.22 04:14:58.138,1.46294,1.46316,1.00,1.00
2015.06.22 04:14:58.780,1.46294,1.46316,1.00,1.37
2015.06.22 04:14:59.910,1.46293,1.46316,1.00,1.37
2015.06.22 04:15:02.869,1.46292,1.46315,1.00,1.57
2015.06.22 04:15:03.726,1.46292,1.46316,1.00,1.65
2015.06.22 04:15:04.033,1.46294,1.46316,1.00,1.65
2015.06.22 04:15:05.643,1.46295,1.46316,1.00,1.65
2015.06.22 04:15:06.170,1.46295,1.46316,1.00,1.50
2015.06.22 04:15:06.718,1.46294,1.46316,1.00,1.50
2015.06.22 04:15:07.809,1.46297,1.46316,1.00,1.50
2015.06.22 04:15:07.962,1.46297,1.46319,1.50,1.17
2015.06.22 04:15:08.065,1.46302,1.46321,1.00,2.62
2015.06.22 04:15:08.116,1.46302,1.46321,1.00,3.00
2015.06.22 04:15:08.168,1.46298,1.46321,1.00,3.00
2015.06.22 04:15:09.520,1.46299,1.46321,1.00,1.10
2015.06.22 04:15:09.724,1.463,1.46319,1.00,1.37
2015.06.22 04:15:09.776,1.46297,1.46317,1.00,1.00
2015.06.22 04:15:09.827,1.46295,1.46317,1.00,1.00
2015.06.22 04:15:09.980,1.46295,1.46317,1.00,1.15
2015.06.22 04:15:10.387,1.46294,1.46317,1.00,1.00
2015.06.22 04:15:10.865,1.46294,1.46315,1.00,1.00
2015.06.22 04:15:11.437,1.46295,1.46315,1.00,1.00
2015.06.22 04:15:11.945,1.46295,1.46316,1.00,1.50
2015.06.22 04:15:12.555,1.46294,1.46316,1.00,1.50
2015.06.22 04:15:13.608,1.46293,1.46316,1.50,1.50
2015.06.22 04:15:13.944,1.46295,1.46316,1.00,1.50
2015.06.22 04:15:14.566,1.46293,1.46316,1.50,1.50
2015.06.22 04:15:15.188,1.46296,1.46316,1.00,1.50
2015.06.22 04:15:16.508,1.46295,1.46316,1.00,1.50
2015.06.22 04:15:17.102,1.46295,1.46319,1.50,1.10
2015.06.22 04:15:17.502,1.46295,1.46313,1.00,1.00
2015.06.22 04:15:17.758,1.46295,1.46316,1.00,1.00
2015.06.22 04:15:17.861,1.46292,1.46316,1.00,1.00
2015.06.22 04:15:17.963,1.46294,1.46317,1.00,1.00
2015.06.22 04:15:18.280,1.46296,1.46319,1.00,1.65
2015.06.22 04:15:19.163,1.46294,1.46317,1.50,1.12
2015.06.22 04:15:20.199,1.46293,1.46318,1.00,1.52
2015.06.22 04:15:21.476,1.46292,1.46318,2.25,1.52
2015.06.22 04:15:21.985,1.46293,1.46316,1.00,1.10
2015.06.22 04:15:22.565,1.46294,1.46316,1.00,1.10
2015.06.22 04:15:24.486,1.46294,1.46317,1.00,1.12
2015.06.22 04:15:25.974,1.46295,1.46317,1.00,1.12
2015.06.22 04:15:26.524,1.46294,1.46317,1.00,1.12
2015.06.22 04:15:27.311,1.46296,1.46319,1.00,1.45
2015.06.22 04:15:30.285,1.46297,1.46319,1.00,1.45
2015.06.22 04:15:30.825,1.46296,1.46319,1.00,1.45
2015.06.22 04:15:31.405,1.46299,1.46317,1.00,1.00
2015.06.22 04:15:31.463,1.46297,1.46322,2.62,1.57
2015.06.22 04:15:31.514,1.46301,1.46323,1.00,1.95
2015.06.22 04:15:32.024,1.46301,1.46323,1.00,1.27
2015.06.22 04:15:32.751,1.46301,1.46324,1.00,1.20
2015.06.22 04:15:33.395,1.46299,1.46322,1.00,1.00
2015.06.22 04:15:33.938,1.46298,1.46322,1.00,1.12
2015.06.22 04:15:35.670,1.46297,1.46322,1.50,1.12
2015.06.22 04:15:36.985,1.46297,1.46319,1.50,1.00
2015.06.22 04:15:37.088,1.46294,1.46319,1.00,2.25
2015.06.22 04:15:37.616,1.46293,1.46319,1.50,3.15
2015.06.22 04:15:37.879,1.46293,1.46319,1.50,3.52
2015.06.22 04:15:38.184,1.46292,1.46316,1.00,1.62
2015.06.22 04:15:38.698,1.46294,1.46317,1.00,1.66
2015.06.22 04:15:43.231,1.46295,1.46318,1.00,2.59
2015.06.22 04:15:43.910,1.46294,1.46317,1.00,1.39
2015.06.22 04:15:43.961,1.46291,1.46317,2.25,2.14
2015.06.22 04:15:44.552,1.46291,1.46314,1.00,1.00
2015.06.22 04:15:46.322,1.4629,1.46314,1.50,1.00
2015.06.22 04:15:47.004,1.46291,1.46314,1.00,1.00
2015.06.22 04:15:47.509,1.4629,1.46314,1.50,1.00
2015.06.22 04:15:48.694,1.4629,1.46313,1.50,1.00
2015.06.22 04:15:50.192,1.46291,1.46313,1.00,1.00
2015.06.22 04:15:54.895,1.46291,1.46312,1.50,1.00
2015.06.22 04:15:57.256,1.46291,1.46314,1.00,1.00
2015.06.22 04:15:57.307,1.46295,1.46311,1.00,1.00
2015.06.22 04:15:57.460,1.46294,1.46313,1.00,1.00
2015.06.22 04:15:57.613,1.46295,1.46315,1.00,1.00
2015.06.22 04:15:57.715,1.46298,1.46317,1.00,1.57
2015.06.22 04:15:58.040,1.46302,1.4632,1.00,1.07
2015.06.22 04:15:58.795,1.46302,1.4632,1.00,1.00
2015.06.22 04:15:59.303,1.46301,1.4632,1.00,1.00
2015.06.22 04:16:00.129,1.46304,1.46321,1.00,1.00
2015.06.22 04:16:00.282,1.46301,1.46321,1.00,1.00
2015.06.22 04:16:00.384,1.46301,1.46319,1.00,1.00
2015.06.22 04:16:00.435,1.46299,1.46319,1.00,1.00
2015.06.22 04:16:00.588,1.46298,1.46317,1.00,1.37
2015.06.22 04:16:00.741,1.46293,1.46315,1.00,1.00
2015.06.22 04:16:01.512,1.46291,1.46315,1.00,1.50
2015.06.22 04:16:02.824,1.46292,1.46315,1.00,1.12
2015.06.22 04:16:04.706,1.46291,1.46317,1.50,1.45
2015.06.22 04:16:08.288,1.46291,1.46317,1.00,1.45
2015.06.22 04:16:08.696,1.46291,1.46317,1.00,1.45
2015.06.22 04:16:08.747,1.46293,1.46317,1.00,1.45
2015.06.22 04:16:09.053,1.46291,1.46314,1.00,1.37
2015.06.22 04:16:09.571,1.46293,1.46314,1.00,1.10
2015.06.22 04:16:09.673,1.4629,1.46314,1.50,1.10
2015.06.22 04:16:10.181,1.4629,1.46313,1.00,1.87
2015.06.22 04:16:10.718,1.4629,1.46313,1.00,1.95
2015.06.22 04:16:11.228,1.4629,1.46311,1.00,1.87
2015.06.22 04:16:12.444,1.4629,1.46311,1.00,1.87
2015.06.22 04:16:13.184,1.46296,1.46317,1.37,1.87
2015.06.22 04:16:13.696,1.46296,1.46318,1.37,1.37
2015.06.22 04:16:16.092,1.46293,1.46317,1.87,1.12
2015.06.22 04:16:16.718,1.46293,1.46317,1.37,1.12
2015.06.22 04:16:17.032,1.46291,1.46315,2.62,1.37
2015.06.22 04:16:17.911,1.4629,1.46312,1.37,1.00
2015.06.22 04:16:17.963,1.4629,1.46312,1.37,1.87
2015.06.22 04:16:18.014,1.46288,1.4631,1.00,1.12
2015.06.22 04:16:18.065,1.46288,1.46308,1.00,1.00
2015.06.22 04:16:18.219,1.4629,1.46315,1.50,1.87
2015.06.22 04:16:18.270,1.46292,1.46315,1.12,1.00
2015.06.22 04:16:19.039,1.46291,1.46316,1.50,1.00
2015.06.22 04:16:19.141,1.46293,1.46317,1.00,1.00
2015.06.22 04:16:19.244,1.46291,1.46316,1.50,1.50
2015.06.22 04:16:20.458,1.46292,1.46316,1.00,1.50
2015.06.22 04:16:21.536,1.46294,1.46316,1.12,1.50
2015.06.22 04:16:24.971,1.46294,1.46318,1.87,1.20
2015.06.22 04:16:25.772,1.46294,1.46318,1.87,1.47
2015.06.22 04:16:29.785,1.46294,1.46316,1.37,1.12
2015.06.22 04:16:30.336,1.46294,1.46315,1.37,1.00
2015.06.22 04:16:31.100,1.46293,1.46316,1.37,1.00
2015.06.22 04:16:31.481,1.46296,1.46318,1.12,1.00
2015.06.22 04:16:32.001,1.46296,1.46321,1.12,2.62
2015.06.22 04:16:33.130,1.46296,1.46318,1.12,1.00
2015.06.22 04:16:33.739,1.46296,1.46313,1.00,1.00
2015.06.22 04:16:33.791,1.46289,1.46313,1.00,1.00
2015.06.22 04:16:35.001,1.46289,1.46312,1.00,1.00
2015.06.22 04:16:35.052,1.46287,1.46312,1.87,1.00
2015.06.22 04:16:35.104,1.46289,1.46313,1.00,1.50
2015.06.22 04:16:35.635,1.4629,1.46313,1.00,1.00
2015.06.22 04:16:37.087,1.46289,1.46313,1.00,1.00
2015.06.22 04:16:44.913,1.46289,1.46313,1.00,1.37
2015.06.22 04:16:45.422,1.46289,1.46313,1.00,1.12
2015.06.22 04:16:46.906,1.46289,1.46313,1.00,1.37
2015.06.22 04:16:47.439,1.46289,1.46313,1.00,1.00
2015.06.22 04:16:56.333,1.4629,1.46314,1.00,1.20
2015.06.22 04:16:56.990,1.46291,1.46315,1.00,2.02
2015.06.22 04:16:58.926,1.46292,1.46315,1.00,2.77
2015.06.22 04:16:59.337,1.46298,1.46319,1.50,1.07
2015.06.22 04:16:59.389,1.46298,1.46321,1.50,1.47
2015.06.22 04:17:01.921,1.46297,1.4632,1.00,1.00
2015.06.22 04:17:02.465,1.46298,1.46321,1.00,1.57
2015.06.22 04:17:04.655,1.46299,1.46321,1.00,1.57
2015.06.22 04:17:05.177,1.46298,1.46321,1.00,1.87
2015.06.22 04:17:07.792,1.46298,1.4632,1.00,1.00
2015.06.22 04:17:07.843,1.46298,1.46314,1.00,1.00
2015.06.22 04:17:07.946,1.46298,1.46316,1.00,1.50
2015.06.22 04:17:08.048,1.4629,1.46315,2.32,1.12
2015.06.22 04:17:08.302,1.4629,1.46314,1.00,1.65
2015.06.22 04:17:08.618,1.46288,1.4631,1.87,1.00
2015.06.22 04:17:10.159,1.46289,1.46311,1.00,1.95
2015.06.22 04:17:10.884,1.46289,1.46311,1.00,1.95
2015.06.22 04:17:11.411,1.46288,1.46311,1.00,1.95
2015.06.22 04:17:18.282,1.46285,1.46311,2.62,1.95
2015.06.22 04:17:19.550,1.46285,1.46308,1.87,1.00
2015.06.22 04:17:24.474,1.46283,1.46306,1.37,1.00
2015.06.22 04:17:24.678,1.46281,1.46303,1.50,1.00
2015.06.22 04:17:24.730,1.46281,1.46302,1.00,1.87
2015.06.22 04:17:24.781,1.46278,1.46302,1.00,1.87
2015.06.22 04:17:24.832,1.46276,1.46298,1.00,1.00
2015.06.22 04:17:24.883,1.46274,1.46298,1.00,1.00
2015.06.22 04:17:25.555,1.46272,1.46298,1.87,1.87
2015.06.22 04:17:26.913,1.46272,1.46298,1.87,1.50
2015.06.22 04:17:28.501,1.46277,1.46299,1.00,1.12
2015.06.22 04:17:28.807,1.46277,1.46301,2.62,1.37
2015.06.22 04:17:28.960,1.46277,1.46301,2.25,1.00
2015.06.22 04:17:29.696,1.46277,1.463,1.50,1.00
2015.06.22 04:17:29.747,1.46275,1.46298,1.12,1.00
2015.06.22 04:17:35.634,1.46276,1.46298,1.00,1.00
2015.06.22 04:17:36.490,1.46276,1.46297,1.00,1.00
2015.06.22 04:17:37.419,1.46274,1.46297,1.00,1.50
2015.06.22 04:17:37.949,1.46273,1.46297,1.00,1.50
2015.06.22 04:17:38.454,1.46273,1.46298,1.00,1.12
2015.06.22 04:17:38.702,1.46273,1.46296,1.00,1.00
2015.06.22 04:17:38.856,1.46271,1.46296,1.00,1.12
2015.06.22 04:17:39.541,1.46275,1.46296,1.00,1.00
2015.06.22 04:17:40.357,1.46276,1.46298,1.00,1.57
2015.06.22 04:17:40.511,1.46278,1.46303,1.00,2.02
2015.06.22 04:17:40.715,1.4628,1.46305,1.00,3.82
2015.06.22 04:17:40.970,1.4628,1.46305,1.00,3.45
2015.06.22 04:17:41.559,1.46282,1.46305,1.00,2.32
2015.06.22 04:17:41.866,1.46287,1.46308,1.50,1.00
2015.06.22 04:17:41.917,1.46288,1.46312,1.12,1.00
2015.06.22 04:17:42.070,1.46293,1.46313,1.00,1.00
2015.06.22 04:17:42.122,1.46293,1.46316,1.00,1.00
2015.06.22 04:17:43.150,1.46294,1.46316,1.00,1.00
2015.06.22 04:17:43.700,1.46294,1.46317,1.00,2.62
2015.06.22 04:17:44.216,1.46293,1.46317,1.00,1.50
2015.06.22 04:17:47.086,1.46294,1.46315,1.00,1.00
2015.06.22 04:17:49.534,1.46292,1.4631,1.00,1.00
2015.06.22 04:17:49.687,1.46293,1.46314,1.00,1.12
2015.06.22 04:17:50.244,1.46293,1.46312,1.00,1.00
2015.06.22 04:17:50.756,1.46294,1.46312,1.00,1.50
2015.06.22 04:17:50.858,1.46291,1.46312,1.00,1.50
2015.06.22 04:17:51.389,1.46289,1.46312,1.00,1.50
2015.06.22 04:17:53.557,1.46288,1.46312,2.25,1.50
2015.06.22 04:17:57.868,1.46288,1.46307,1.00,1.00
2015.06.22 04:17:58.122,1.46275,1.46296,1.50,1.00
2015.06.22 04:17:58.224,1.46272,1.46296,2.25,1.50
2015.06.22 04:17:58.889,1.46276,1.463,1.00,1.00
2015.06.22 04:17:58.996,1.46276,1.46302,1.50,1.50
2015.06.22 04:17:59.912,1.46275,1.46298,1.95,1.00
2015.06.22 04:18:00.015,1.46276,1.463,1.00,1.00
2015.06.22 04:18:02.784,1.46276,1.46302,1.50,1.50
2015.06.22 04:18:03.344,1.46277,1.46302,1.00,1.50
2015.06.22 04:18:06.563,1.46276,1.46302,1.87,1.50
2015.06.22 04:18:06.716,1.46274,1.463,1.87,1.50
2015.06.22 04:18:07.067,1.46271,1.46296,1.00,1.50
2015.06.22 04:18:07.275,1.46264,1.4629,1.00,1.00
2015.06.22 04:18:07.326,1.46263,1.46285,1.10,1.00
2015.06.22 04:18:07.428,1.46262,1.46288,1.50,1.50
2015.06.22 04:18:07.682,1.46264,1.46288,1.00,1.50
2015.06.22 04:18:08.192,1.46263,1.46288,1.00,1.50
2015.06.22 04:18:08.537,1.46266,1.4629,1.00,1.00
2015.06.22 04:18:10.727,1.46265,1.46289,1.00,1.00
2015.06.22 04:18:13.439,1.46265,1.46289,1.00,1.37
2015.06.22 04:18:13.965,1.46265,1.46289,1.00,1.87
2015.06.22 04:18:18.008,1.46266,1.46289,1.00,1.00
2015.06.22 04:18:18.060,1.46267,1.46291,1.00,1.87
2015.06.22 04:18:18.213,1.4627,1.46294,1.50,1.17
2015.06.22 04:18:18.264,1.4627,1.46294,1.50,1.10
2015.06.22 04:18:18.792,1.46271,1.46295,1.00,1.07
2015.06.22 04:18:18.894,1.46271,1.46297,1.50,1.50
2015.06.22 04:18:18.945,1.46273,1.46298,1.00,1.00
2015.06.22 04:18:19.473,1.46274,1.46298,1.50,1.00
2015.06.22 04:18:20.304,1.46273,1.46297,1.50,1.00
2015.06.22 04:18:23.345,1.46276,1.46299,1.00,3.37
2015.06.22 04:18:23.671,1.46285,1.463,1.00,1.00
2015.06.22 04:18:24.419,1.46285,1.46304,1.00,1.00
2015.06.22 04:18:24.470,1.46285,1.46306,1.00,1.00
2015.06.22 04:18:24.617,1.46285,1.46309,1.00,2.25
2015.06.22 04:18:25.369,1.46289,1.46309,1.00,2.25
2015.06.22 04:18:25.472,1.46289,1.46313,1.50,1.00
2015.06.22 04:18:25.625,1.46291,1.46313,1.00,1.00
2015.06.22 04:18:25.676,1.46292,1.46316,1.00,1.00
2015.06.22 04:18:26.318,1.46293,1.46316,1.00,1.00
2015.06.22 04:18:27.794,1.46294,1.46316,1.00,1.00
2015.06.22 04:18:28.437,1.46293,1.46316,1.00,1.00
2015.06.22 04:18:28.833,1.46292,1.46316,1.50,1.37
2015.06.22 04:18:29.138,1.46288,1.46309,1.00,1.37
2015.06.22 04:18:30.157,1.46287,1.46306,1.00,1.00
2015.06.22 04:18:30.462,1.46287,1.46304,1.00,1.00
2015.06.22 04:18:30.934,1.46283,1.46304,1.00,1.00
2015.06.22 04:18:31.483,1.46283,1.46305,1.00,1.12
2015.06.22 04:18:32.392,1.46283,1.46304,1.00,1.00
2015.06.22 04:18:33.885,1.46283,1.46306,1.00,1.50
2015.06.22 04:18:34.089,1.46283,1.46304,1.00,1.00
2015.06.22 04:18:34.626,1.46281,1.46304,1.17,1.12
2015.06.22 04:18:40.408,1.46279,1.46302,2.62,1.00
2015.06.22 04:18:40.664,1.46279,1.46302,1.10,1.00
2015.06.22 04:18:41.311,1.46279,1.46303,1.12,1.00
2015.06.22 04:18:43.254,1.46276,1.46303,4.95,1.50
2015.06.22 04:18:43.776,1.4628,1.46304,1.37,1.50
2015.06.22 04:18:44.589,1.4628,1.46304,1.12,1.50
2015.06.22 04:18:44.894,1.4628,1.46302,1.00,1.00
2015.06.22 04:18:45.213,1.46272,1.46296,1.57,1.00
2015.06.22 04:18:45.575,1.46272,1.46296,1.57,1.00
2015.06.22 04:18:45.626,1.46275,1.46296,1.37,1.00
2015.06.22 04:18:45.779,1.46279,1.46303,1.00,1.50
2015.06.22 04:18:45.831,1.46282,1.46303,1.00,1.50
2015.06.22 04:18:45.984,1.46286,1.46308,1.00,1.00
2015.06.22 04:18:46.035,1.46286,1.46306,1.00,1.00
2015.06.22 04:18:46.512,1.46289,1.46313,1.00,1.00
2015.06.22 04:18:46.818,1.46287,1.46311,1.00,1.00
2015.06.22 04:18:47.337,1.46287,1.46311,1.37,1.00
2015.06.22 04:18:47.829,1.46288,1.46314,1.87,1.50
2015.06.22 04:18:48.145,1.46288,1.46307,1.87,1.00
2015.06.22 04:18:48.452,1.46289,1.46303,1.00,1.50
2015.06.22 04:18:48.504,1.46288,1.46311,1.50,1.12
2015.06.22 04:18:48.606,1.4629,1.46307,1.37,1.00
2015.06.22 04:18:48.708,1.46298,1.4631,1.12,1.00
2015.06.22 04:18:48.810,1.46288,1.46312,2.62,1.00
2015.06.22 04:18:48.862,1.46288,1.46312,1.50,1.00
2015.06.22 04:18:49.603,1.46287,1.46309,1.00,1.00
2015.06.22 04:18:49.656,1.46285,1.46309,1.00,1.00
2015.06.22 04:18:50.164,1.46286,1.46309,1.00,1.00
2015.06.22 04:18:50.317,1.46286,1.46309,1.37,1.00
2015.06.22 04:18:50.420,1.46286,1.46309,1.37,1.00
2015.06.22 04:18:50.522,1.46286,1.46307,1.37,1.00
2015.06.22 04:18:51.257,1.46288,1.46307,1.00,1.00
2015.06.22 04:18:51.308,1.46288,1.4631,1.00,1.50
2015.06.22 04:18:55.989,1.46285,1.46306,1.37,1.00
2015.06.22 04:18:56.042,1.46283,1.46306,1.37,1.00
2015.06.22 04:18:56.295,1.4628,1.46303,1.57,1.00
2015.06.22 04:18:56.347,1.46278,1.46302,1.87,1.00
2015.06.22 04:18:56.854,1.46278,1.46302,1.37,1.00
2015.06.22 04:18:59.226,1.46279,1.46303,1.37,1.50
2015.06.22 04:19:00.636,1.46279,1.46303,1.37,1.00
2015.06.22 04:19:03.481,1.46281,1.46303,1.75,1.00
2015.06.22 04:19:03.775,1.46284,1.46306,1.50,1.00
2015.06.22 04:19:03.877,1.46279,1.46305,2.77,1.00
2015.06.22 04:19:03.980,1.46283,1.46307,1.10,1.00
2015.06.22 04:19:04.082,1.46283,1.46309,1.57,2.25
2015.06.22 04:19:04.448,1.46285,1.46307,1.17,1.00
2015.06.22 04:19:04.550,1.46289,1.46313,1.50,1.00
2015.06.22 04:19:04.703,1.46289,1.46315,1.87,1.57
2015.06.22 04:19:04.906,1.46293,1.46315,1.00,1.00
2015.06.22 04:19:05.437,1.46294,1.46316,1.00,1.00
2015.06.22 04:19:11.697,1.46294,1.46316,1.37,1.00
2015.06.22 04:19:16.731,1.46295,1.46317,1.87,1.50
2015.06.22 04:19:17.795,1.46295,1.4632,1.87,1.57
2015.06.22 04:19:18.326,1.46296,1.4632,1.00,1.00
2015.06.22 04:19:18.631,1.46295,1.46321,2.70,1.87
2015.06.22 04:19:18.937,1.46293,1.46316,1.57,1.00
2015.06.22 04:19:19.512,1.46292,1.46316,1.57,1.00
2015.06.22 04:19:20.333,1.46292,1.46315,1.45,1.00
2015.06.22 04:19:25.355,1.46291,1.46315,1.50,1.50
2015.06.22 04:19:27.709,1.46291,1.46315,1.00,1.50
2015.06.22 04:19:28.045,1.46291,1.46315,1.50,1.50
2015.06.22 04:19:30.159,1.46292,1.46316,1.37,1.00
2015.06.22 04:19:39.164,1.46293,1.46316,1.75,1.00
2015.06.22 04:19:39.266,1.46298,1.46322,1.37,1.20
2015.06.22 04:19:39.419,1.463,1.46324,1.37,1.00
2015.06.22 04:19:39.470,1.463,1.46324,1.75,1.00
2015.06.22 04:19:39.572,1.46303,1.46327,1.37,1.00
2015.06.22 04:19:39.675,1.46304,1.4633,1.37,1.12
2015.06.22 04:19:39.778,1.46305,1.4633,1.75,1.12
2015.06.22 04:19:40.780,1.46309,1.46333,1.37,3.56
2015.06.22 04:19:41.440,1.46309,1.46332,1.37,1.00
2015.06.22 04:19:43.429,1.46309,1.46333,1.37,2.25
2015.06.22 04:19:46.726,1.46309,1.46332,1.37,1.00
2015.06.22 04:19:50.267,1.46309,1.46332,1.12,1.12
2015.06.22 04:19:52.410,1.46309,1.46332,1.00,1.47
2015.06.22 04:19:59.740,1.46309,1.46333,1.12,1.65
2015.06.22 04:20:00.415,1.46309,1.46333,1.37,1.17
2015.06.22 04:20:01.746,1.46309,1.46333,1.37,1.17
2015.06.22 04:20:02.622,1.46309,1.46333,1.12,1.17
2015.06.22 04:20:03.268,1.46308,1.46334,1.37,1.47
2015.06.22 04:20:06.110,1.46308,1.46333,1.12,1.12
2015.06.22 04:20:06.668,1.46308,1.46332,1.12,1.00
2015.06.22 04:20:07.176,1.46307,1.46331,1.37,1.00
2015.06.22 04:20:07.538,1.46307,1.46331,1.37,1.00
2015.06.22 04:20:09.949,1.46311,1.46335,1.12,1.00
2015.06.22 04:20:10.457,1.46311,1.46335,1.37,1.00
2015.06.22 04:20:12.342,1.46311,1.46335,1.12,1.12
2015.06.22 04:20:12.394,1.46311,1.46332,1.12,1.00
2015.06.22 04:20:12.852,1.46311,1.46335,1.00,1.65
2015.06.22 04:20:13.211,1.46314,1.46334,1.00,1.00
2015.06.22 04:20:13.776,1.46314,1.46334,1.37,1.00
2015.06.22 04:20:13.877,1.46314,1.46336,1.37,1.95
2015.06.22 04:20:15.971,1.46314,1.46336,1.00,1.12
2015.06.22 04:20:16.266,1.4631,1.46333,1.37,1.00
2015.06.22 04:20:16.571,1.46309,1.46333,1.00,1.57
2015.06.22 04:20:16.674,1.46309,1.46333,1.12,1.20
2015.06.22 04:20:16.776,1.46309,1.46333,1.37,1.20
2015.06.22 04:20:17.099,1.46314,1.46336,1.00,2.32
2015.06.22 04:20:17.302,1.46314,1.46336,1.00,1.12
2015.06.22 04:20:17.404,1.46314,1.46338,1.37,3.15
2015.06.22 04:20:20.932,1.46314,1.46338,1.12,1.50
2015.06.22 04:20:24.172,1.46314,1.46337,1.12,1.00
2015.06.22 04:20:25.134,1.46312,1.46336,1.00,1.00
2015.06.22 04:20:32.447,1.46315,1.46339,1.00,1.95
2015.06.22 04:20:39.111,1.46314,1.46337,1.12,1.00
2015.06.22 04:20:41.433,1.46313,1.46337,1.20,1.00
2015.06.22 04:20:44.673,1.46313,1.46331,1.00,1.47
2015.06.22 04:20:44.725,1.46302,1.46325,1.20,1.00
2015.06.22 04:20:45.739,1.46302,1.46325,1.10,1.50
2015.06.22 04:20:45.841,1.46302,1.46325,1.37,1.00
2015.06.22 04:20:45.892,1.46304,1.46328,1.37,1.50
2015.06.22 04:20:45.994,1.46306,1.46332,1.57,1.00
2015.06.22 04:20:46.615,1.46308,1.46334,1.50,1.00
2015.06.22 04:20:53.371,1.46308,1.46334,1.20,1.50
2015.06.22 04:20:53.473,1.46308,1.46334,1.20,1.00
2015.06.22 04:20:54.045,1.46311,1.46335,1.10,1.12
2015.06.22 04:20:54.594,1.46311,1.46335,1.10,1.37
2015.06.22 04:20:54.800,1.46308,1.46332,1.20,1.12
2015.06.22 04:20:55.313,1.46308,1.46332,1.00,1.87
2015.06.22 04:20:55.823,1.46309,1.46335,1.50,1.87
2015.06.22 04:20:57.956,1.46309,1.46335,1.50,1.87
2015.06.22 04:20:58.872,1.46309,1.46335,1.50,2.25
2015.06.22 04:20:59.076,1.46312,1.46335,1.00,1.00
2015.06.22 04:20:59.178,1.4631,1.46335,1.50,1.12
2015.06.22 04:20:59.816,1.4631,1.46334,1.50,1.00
2015.06.22 04:21:00.902,1.46313,1.46334,1.00,1.00
2015.06.22 04:21:01.122,1.46313,1.46336,1.00,1.12
2015.06.22 04:21:02.494,1.46317,1.46336,1.00,1.00
2015.06.22 04:21:02.698,1.46313,1.46337,1.00,2.62
2015.06.22 04:21:02.851,1.46315,1.46336,1.00,1.00
2015.06.22 04:21:02.954,1.46315,1.46338,1.00,1.50
2015.06.22 04:21:03.496,1.46315,1.46339,1.50,1.20
2015.06.22 04:21:04.151,1.46315,1.4634,1.50,1.45
2015.06.22 04:21:04.653,1.46315,1.4634,1.50,1.07
2015.06.22 04:21:05.371,1.46315,1.4634,1.50,1.45
2015.06.22 04:21:06.128,1.46315,1.4634,1.50,1.45
2015.06.22 04:21:06.331,1.46315,1.46341,1.65,3.37
2015.06.22 04:21:06.484,1.46311,1.46337,1.50,1.12
2015.06.22 04:21:06.993,1.46317,1.46341,1.87,1.20
2015.06.22 04:21:07.716,1.46339,1.46343,1.00,1.00
2015.06.22 04:21:07.775,1.46343,1.46364,1.00,1.07
2015.06.22 04:21:07.877,1.46343,1.46365,1.00,1.17
2015.06.22 04:21:08.407,1.46343,1.46365,1.00,1.00
2015.06.22 04:21:08.509,1.46347,1.46365,1.00,1.00
2015.06.22 04:21:09.019,1.46348,1.46368,1.00,1.20
2015.06.22 04:21:09.070,1.46346,1.46368,1.00,1.20
2015.06.22 04:21:09.360,1.46343,1.46367,1.00,1.17
2015.06.22 04:21:11.156,1.46343,1.46368,1.00,1.95
2015.06.22 04:21:12.523,1.46343,1.46368,1.00,3.45
2015.06.22 04:21:12.574,1.46348,1.46368,1.00,3.45
2015.06.22 04:21:13.082,1.46348,1.46368,1.00,1.07
2015.06.22 04:21:13.583,1.46348,1.46369,1.00,1.47
2015.06.22 04:21:20.286,1.46346,1.4637,1.50,1.65
2015.06.22 04:21:20.388,1.46348,1.4637,1.00,1.27
2015.06.22 04:21:22.494,1.46347,1.46364,1.00,1.00
2015.06.22 04:21:22.545,1.4634,1.46364,1.75,1.00
2015.06.22 04:21:22.596,1.4634,1.46364,1.00,1.00
2015.06.22 04:21:23.926,1.46337,1.46363,1.57,1.50
2015.06.22 04:21:24.180,1.4634,1.46363,1.00,1.00
2015.06.22 04:21:24.434,1.46336,1.46362,1.65,1.50
2015.06.22 04:21:24.486,1.46336,1.4636,1.17,1.00
2015.06.22 04:21:25.000,1.46339,1.46361,1.00,1.00
2015.06.22 04:21:25.051,1.46339,1.46365,1.50,1.65
2015.06.22 04:21:25.560,1.46339,1.46365,1.50,1.87
2015.06.22 04:21:26.078,1.46338,1.46363,1.57,1.87
2015.06.22 04:21:27.704,1.46339,1.46363,1.00,1.00
2015.06.22 04:21:28.110,1.46339,1.46365,1.50,1.87
2015.06.22 04:21:34.599,1.46339,1.46362,1.00,1.00
2015.06.22 04:21:35.107,1.46338,1.46362,1.00,1.00
2015.06.22 04:21:41.309,1.46337,1.46361,1.10,1.00
2015.06.22 04:21:42.120,1.46338,1.46362,1.00,1.00
2015.06.22 04:22:03.069,1.46336,1.46362,2.02,1.50
2015.06.22 04:22:09.869,1.4634,1.46362,1.12,1.00
2015.06.22 04:22:09.971,1.4634,1.46364,1.50,1.20
2015.06.22 04:22:10.073,1.4634,1.46366,1.50,1.95
2015.06.22 04:22:10.176,1.4634,1.46366,1.57,1.87
2015.06.22 04:22:10.686,1.46339,1.46363,1.00,1.37
2015.06.22 04:22:15.281,1.46339,1.46363,1.00,1.00
2015.06.22 04:22:15.599,1.46337,1.46363,1.95,1.50
2015.06.22 04:22:21.889,1.46334,1.4636,2.32,1.50
2015.06.22 04:22:22.348,1.46335,1.46358,1.00,1.00
2015.06.22 04:22:22.654,1.4633,1.46356,2.62,1.50
2015.06.22 04:22:22.756,1.4633,1.46356,1.95,1.50
2015.06.22 04:22:23.096,1.4633,1.46356,1.65,1.87
2015.06.22 04:22:23.404,1.46329,1.46352,1.00,1.87
2015.06.22 04:22:23.877,1.46324,1.4635,1.57,2.62
2015.06.22 04:22:24.385,1.46324,1.4635,1.50,2.70
2015.06.22 04:22:25.382,1.46324,1.4635,1.50,2.70
2015.06.22 04:22:25.872,1.46324,1.4635,1.50,2.70
2015.06.22 04:22:26.703,1.46324,1.4635,1.50,2.70
2015.06.22 04:22:27.074,1.46324,1.4635,1.50,2.70
2015.06.22 04:22:27.595,1.46324,1.4635,1.50,2.70
2015.06.22 04:22:27.875,1.46324,1.4635,1.50,2.70
2015.06.22 04:22:28.698,1.46324,1.4635,1.50,2.70
2015.06.22 04:22:28.901,1.46324,1.4635,1.50,1.47
2015.06.22 04:22:29.409,1.46325,1.46347,1.00,1.37
2015.06.22 04:22:30.991,1.46325,1.46347,1.00,1.12
2015.06.22 04:22:31.499,1.46325,1.46347,1.00,1.37
2015.06.22 04:22:35.031,1.46325,1.46347,1.00,1.12
2015.06.22 04:22:35.781,1.46325,1.46347,1.00,1.37
2015.06.22 04:22:36.937,1.46325,1.46347,1.00,1.12
2015.06.22 04:22:37.624,1.46331,1.46347,1.00,1.00
2015.06.22 04:22:37.951,1.46334,1.46347,1.00,1.00
2015.06.22 04:22:38.002,1.46334,1.46353,1.00,1.00
2015.06.22 04:22:38.308,1.46328,1.46352,1.00,2.32
2015.06.22 04:22:38.410,1.46328,1.4635,1.00,1.50
2015.06.22 04:22:38.512,1.46326,1.46349,1.00,1.00
2015.06.22 04:22:38.716,1.46327,1.46353,1.50,2.32
2015.06.22 04:22:39.210,1.46332,1.46353,1.00,1.00
2015.06.22 04:22:39.261,1.46332,1.46355,1.00,1.00
2015.06.22 04:22:47.177,1.46339,1.46355,1.00,1.00
2015.06.22 04:22:47.228,1.4634,1.46362,1.00,1.65
2015.06.22 04:22:47.330,1.46339,1.46364,1.00,1.37
2015.06.22 04:22:47.534,1.46341,1.46362,1.00,1.00
2015.06.22 04:22:47.635,1.46341,1.46365,1.50,1.50
2015.06.22 04:22:47.737,1.46344,1.46367,1.00,1.12
2015.06.22 04:22:50.126,1.46344,1.46367,1.00,1.55
2015.06.22 04:22:50.640,1.46344,1.46365,1.00,1.12
2015.06.22 04:22:51.148,1.46344,1.46367,1.00,1.87
2015.06.22 04:22:51.655,1.46344,1.46367,1.00,1.87
2015.06.22 04:22:52.126,1.4635,1.4637,1.00,1.95
2015.06.22 04:22:52.280,1.4635,1.46372,1.17,1.00
2015.06.22 04:22:52.332,1.4635,1.46372,1.57,1.00
2015.06.22 04:22:52.485,1.4635,1.46375,1.20,1.00
2015.06.22 04:22:52.536,1.46348,1.4637,1.12,1.00
2015.06.22 04:22:52.588,1.46347,1.4637,1.10,1.00
2015.06.22 04:22:53.777,1.46347,1.46371,1.00,1.10
2015.06.22 04:22:54.592,1.46347,1.46368,1.00,1.87
2015.06.22 04:22:54.644,1.46344,1.46365,1.00,1.00
2015.06.22 04:22:54.797,1.46339,1.46365,1.57,2.62
2015.06.22 04:22:55.345,1.46339,1.46365,1.50,3.07
2015.06.22 04:22:56.884,1.4634,1.46365,1.37,2.70
2015.06.22 04:22:56.935,1.46342,1.46365,1.10,1.00
2015.06.22 04:22:57.397,1.46341,1.46365,1.17,1.87
2015.06.22 04:22:57.651,1.46339,1.46363,1.07,1.00
2015.06.22 04:22:58.159,1.46339,1.46363,1.00,1.00
2015.06.22 04:22:59.869,1.46341,1.46365,1.00,1.00
2015.06.22 04:23:00.428,1.46344,1.46368,1.00,1.00
2015.06.22 04:23:00.778,1.46346,1.46368,1.00,1.00
2015.06.22 04:23:01.285,1.46345,1.46368,1.00,1.00
2015.06.22 04:23:02.129,1.46347,1.4637,1.00,1.00
2015.06.22 04:23:02.231,1.46345,1.4637,1.50,1.00
2015.06.22 04:23:02.772,1.4634,1.46364,1.87,1.00
2015.06.22 04:23:03.026,1.46342,1.46366,1.10,1.00
2015.06.22 04:23:03.630,1.46342,1.46368,1.10,1.87
2015.06.22 04:23:03.835,1.46346,1.46368,1.00,1.00
2015.06.22 04:23:04.344,1.46348,1.46368,1.00,1.00
2015.06.22 04:23:05.021,1.46347,1.46368,1.00,1.00
2015.06.22 04:23:05.532,1.46345,1.46367,1.00,1.12
2015.06.22 04:23:05.584,1.46343,1.46367,1.00,1.12
2015.06.22 04:23:05.942,1.46343,1.46362,1.00,1.00
2015.06.22 04:23:06.146,1.46337,1.46362,1.00,1.50
2015.06.22 04:23:06.586,1.46337,1.46363,1.75,1.00
2015.06.22 04:23:06.638,1.46342,1.46365,1.10,1.00
2015.06.22 04:23:07.298,1.46342,1.46366,1.10,1.00
2015.06.22 04:23:07.959,1.46342,1.46367,1.57,1.12
2015.06.22 04:23:08.469,1.46342,1.46366,1.10,1.00
2015.06.22 04:23:09.536,1.46342,1.46367,1.10,1.50
2015.06.22 04:23:10.660,1.46341,1.46367,1.57,2.62
2015.06.22 04:23:11.168,1.46341,1.46367,1.50,3.37
2015.06.22 04:23:12.696,1.46341,1.46367,1.50,1.50
2015.06.22 04:23:12.798,1.46345,1.46367,1.00,1.37
2015.06.22 04:23:12.900,1.46346,1.46368,1.00,1.00
2015.06.22 04:23:12.951,1.46342,1.46366,1.50,1.00
2015.06.22 04:23:13.053,1.46342,1.46366,1.20,1.00
2015.06.22 04:23:13.257,1.46343,1.46369,1.50,3.37
2015.06.22 04:23:14.538,1.46343,1.46369,1.50,3.75
2015.06.22 04:23:16.803,1.46344,1.46368,1.00,1.37
2015.06.22 04:23:16.854,1.46346,1.46369,1.00,1.87
2015.06.22 04:23:17.159,1.46341,1.46367,2.25,1.87
2015.06.22 04:23:17.313,1.46341,1.46367,2.25,1.87
2015.06.22 04:23:18.125,1.46341,1.46367,1.95,1.87
2015.06.22 04:23:19.538,1.4634,1.46366,1.07,1.12
2015.06.22 04:23:19.640,1.46341,1.46366,1.10,1.37
2015.06.22 04:23:20.151,1.46341,1.46365,1.00,1.87
2015.06.22 04:23:20.556,1.46341,1.46365,1.00,1.87
2015.06.22 04:23:21.466,1.46337,1.46363,1.15,1.12
2015.06.22 04:23:22.056,1.4634,1.46364,1.00,1.12
2015.06.22 04:23:22.567,1.46339,1.46365,1.57,1.50
2015.06.22 04:23:22.872,1.46344,1.46368,1.00,1.87
2015.06.22 04:23:23.962,1.4634,1.46365,1.20,1.00
2015.06.22 04:23:24.993,1.46341,1.46365,1.50,1.00
2015.06.22 04:23:26.469,1.46341,1.46365,1.65,1.37
2015.06.22 04:23:26.978,1.46338,1.46362,1.20,1.12
2015.06.22 04:23:28.021,1.46338,1.46362,1.20,1.37
2015.06.22 04:23:28.124,1.46338,1.46362,1.20,1.00
2015.06.22 04:23:28.328,1.46337,1.46361,1.17,1.00
2015.06.22 04:23:28.581,1.46336,1.46352,1.20,1.00
2015.06.22 04:23:28.734,1.46337,1.46361,1.50,1.00
2015.06.22 04:23:28.785,1.46338,1.46363,1.12,1.50
2015.06.22 04:23:29.136,1.4634,1.46363,1.47,1.00
2015.06.22 04:23:29.188,1.46345,1.46368,1.50,2.25
2015.06.22 04:23:29.341,1.46342,1.46368,1.00,3.00
2015.06.22 04:23:29.392,1.46342,1.46365,1.00,1.00
2015.06.22 04:23:29.747,1.46342,1.46367,1.50,1.00
2015.06.22 04:23:29.900,1.46347,1.46368,1.50,1.00
2015.06.22 04:23:29.951,1.46348,1.46372,1.00,1.20
2015.06.22 04:23:30.053,1.46348,1.46369,1.87,1.00
2015.06.22 04:23:30.437,1.46347,1.46369,1.65,1.00
2015.06.22 04:23:30.541,1.46345,1.46369,1.20,1.50
2015.06.22 04:23:30.898,1.46347,1.4637,1.00,1.00
2015.06.22 04:23:31.051,1.46347,1.46373,1.00,1.50
2015.06.22 04:23:31.204,1.46352,1.46374,1.00,1.00
2015.06.22 04:23:31.920,1.4635,1.46375,1.00,1.37
2015.06.22 04:23:34.828,1.46352,1.46375,1.00,1.37
2015.06.22 04:23:35.963,1.46347,1.46373,1.00,2.62
2015.06.22 04:23:36.116,1.46347,1.46366,1.00,1.00
2015.06.22 04:23:36.624,1.46346,1.46366,1.00,1.00
2015.06.22 04:23:37.758,1.46344,1.46366,1.50,1.00
2015.06.22 04:23:40.620,1.46344,1.4637,1.50,2.70
2015.06.22 04:23:40.671,1.46344,1.4637,1.50,2.70
2015.06.22 04:23:40.823,1.46348,1.4637,1.00,1.20
2015.06.22 04:23:41.178,1.46345,1.46369,1.00,1.50
2015.06.22 04:23:41.382,1.46345,1.46363,1.00,1.00
2015.06.22 04:23:41.950,1.46345,1.46364,1.00,1.00
2015.06.22 04:23:42.002,1.46336,1.4636,1.12,1.00
2015.06.22 04:23:45.560,1.46336,1.46359,1.12,1.00
2015.06.22 04:23:45.662,1.46334,1.46356,1.12,1.00
2015.06.22 04:23:45.713,1.46333,1.46356,1.00,2.92
2015.06.22 04:23:45.764,1.46332,1.46351,1.20,1.00
2015.06.22 04:23:45.919,1.4633,1.46354,1.47,1.00
2015.06.22 04:23:45.970,1.4633,1.46354,1.10,1.00
2015.06.22 04:23:46.123,1.46332,1.46354,1.00,1.00
2015.06.22 04:23:46.457,1.46332,1.46356,1.12,1.50
2015.06.22 04:23:47.441,1.46331,1.46357,1.87,1.50
2015.06.22 04:23:48.187,1.46331,1.46356,1.12,1.00
2015.06.22 04:23:48.729,1.46331,1.46357,1.12,1.00
2015.06.22 04:23:49.494,1.46332,1.46356,1.00,1.00
2015.06.22 04:23:50.166,1.46333,1.46357,1.00,1.00
2015.06.22 04:23:50.267,1.46335,1.46358,1.00,1.00
2015.06.22 04:23:50.490,1.46333,1.46357,1.00,1.00
2015.06.22 04:23:51.822,1.46334,1.46359,1.00,2.25
2015.06.22 04:23:52.975,1.46334,1.46357,1.00,1.00
2015.06.22 04:23:53.077,1.46331,1.46357,1.57,1.00
2015.06.22 04:23:55.476,1.46331,1.46356,1.00,1.00
2015.06.22 04:23:56.753,1.46331,1.46355,1.00,1.37
2015.06.22 04:23:57.514,1.46331,1.46353,1.00,1.00
2015.06.22 04:23:59.807,1.4633,1.46353,1.12,1.00
2015.06.22 04:24:00.113,1.46331,1.46355,1.37,1.00
2015.06.22 04:24:00.852,1.46332,1.46357,1.12,2.70
2015.06.22 04:24:01.665,1.46332,1.46357,1.12,1.10
2015.06.22 04:24:01.972,1.46334,1.46357,1.50,1.20
2015.06.22 04:24:04.123,1.46333,1.46357,1.12,1.20
2015.06.22 04:24:10.341,1.46333,1.46356,1.00,1.00
2015.06.22 04:24:11.149,1.46333,1.46357,1.00,1.95
2015.06.22 04:24:14.961,1.46333,1.46357,1.00,2.02
2015.06.22 04:24:15.266,1.46335,1.46357,1.00,2.02
2015.06.22 04:24:18.727,1.46333,1.46356,1.00,1.47
2015.06.22 04:24:19.133,1.46335,1.46356,1.00,1.47
2015.06.22 04:24:22.830,1.46334,1.46356,1.00,1.95
2015.06.22 04:24:22.932,1.46334,1.46357,1.50,1.50
2015.06.22 04:24:23.034,1.46335,1.46359,1.00,1.10
2015.06.22 04:24:23.136,1.46337,1.46361,1.50,1.47
2015.06.22 04:24:23.340,1.46334,1.46357,1.20,1.00
2015.06.22 04:24:24.016,1.46333,1.46357,1.00,1.00
2015.06.22 04:24:25.387,1.46333,1.46357,1.07,1.00
2015.06.22 04:24:26.273,1.46335,1.46357,1.00,1.00
2015.06.22 04:24:26.377,1.46337,1.46361,1.00,1.10
2015.06.22 04:24:26.480,1.4634,1.46361,1.00,1.00
2015.06.22 04:24:26.531,1.4634,1.46366,1.50,2.70
2015.06.22 04:24:27.061,1.4634,1.46366,1.57,2.62
2015.06.22 04:24:27.879,1.4634,1.46365,1.07,1.37
2015.06.22 04:24:28.083,1.46336,1.46361,1.50,1.50
2015.06.22 04:24:28.236,1.46334,1.46359,1.12,1.00
2015.06.22 04:24:28.508,1.46336,1.4636,1.10,1.50
2015.06.22 04:24:28.568,1.46334,1.46358,1.20,1.00
2015.06.22 04:24:28.771,1.46336,1.4636,1.10,1.00
2015.06.22 04:24:31.688,1.46336,1.46359,1.00,1.00
2015.06.22 04:24:31.739,1.46333,1.46359,2.02,1.50
2015.06.22 04:24:31.841,1.46336,1.4636,1.00,1.00
2015.06.22 04:24:31.943,1.46333,1.46359,1.65,1.50
2015.06.22 04:24:32.306,1.46336,1.4636,1.00,1.00
2015.06.22 04:24:33.163,1.46336,1.46359,1.00,1.00
2015.06.22 04:24:33.367,1.46335,1.46361,1.50,1.50
2015.06.22 04:24:34.335,1.46335,1.46361,1.65,1.50
2015.06.22 04:24:34.488,1.46336,1.46363,1.10,2.62
2015.06.22 04:24:34.898,1.46336,1.46363,1.10,2.62
2015.06.22 04:24:39.701,1.46336,1.46363,1.10,1.37
2015.06.22 04:24:40.626,1.4634,1.46364,1.00,1.00
2015.06.22 04:24:40.931,1.46342,1.46367,1.50,2.40
2015.06.22 04:24:41.490,1.46341,1.46365,1.00,1.12
2015.06.22 04:24:44.648,1.46341,1.46365,1.00,1.37
2015.06.22 04:24:45.674,1.46341,1.46363,1.00,1.00
2015.06.22 04:24:46.319,1.46341,1.46362,1.00,1.00
2015.06.22 04:24:46.966,1.46337,1.46362,1.65,1.50
2015.06.22 04:24:47.475,1.46335,1.46361,1.57,1.12
2015.06.22 04:24:48.140,1.46335,1.46361,1.20,1.37
2015.06.22 04:24:48.446,1.46334,1.46357,1.10,1.00
2015.06.22 04:24:48.900,1.46329,1.46352,1.20,1.00
2015.06.22 04:24:49.425,1.46329,1.46352,1.17,1.00
2015.06.22 04:24:51.068,1.46328,1.46352,1.10,1.50
2015.06.22 04:24:51.120,1.46327,1.46349,1.07,1.12
2015.06.22 04:24:51.427,1.46322,1.46345,1.87,1.12
2015.06.22 04:24:51.478,1.46322,1.46345,1.15,1.12
2015.06.22 04:24:51.885,1.46323,1.46347,1.20,1.87
2015.06.22 04:24:51.988,1.46323,1.46349,1.65,1.50
2015.06.22 04:24:52.039,1.46325,1.46349,1.10,1.00
2015.06.22 04:24:52.350,1.46327,1.46344,1.00,1.00
2015.06.22 04:24:52.402,1.4632,1.46343,1.50,1.00
2015.06.22 04:24:52.986,1.4632,1.46344,1.50,1.50
2015.06.22 04:24:56.299,1.46321,1.46345,1.20,1.00
2015.06.22 04:24:57.271,1.46323,1.46345,1.47,1.00
2015.06.22 04:24:57.322,1.46323,1.46349,3.67,1.50
2015.06.22 04:24:57.515,1.46325,1.46349,1.95,1.00
2015.06.22 04:24:57.570,1.46327,1.46352,1.17,1.50
2015.06.22 04:24:58.094,1.46329,1.46352,1.00,1.00
2015.06.22 04:24:58.959,1.4633,1.46352,1.00,1.00
2015.06.22 04:24:59.696,1.4633,1.46353,1.57,1.00
2015.06.22 04:25:07.624,1.4633,1.46356,2.32,1.87
2015.06.22 04:25:08.690,1.4633,1.46356,2.32,1.87
2015.06.22 04:25:09.217,1.4633,1.46356,2.70,1.87
2015.06.22 04:25:19.212,1.46334,1.46358,1.00,1.12
2015.06.22 04:25:20.092,1.46337,1.4636,1.12,1.00
2015.06.22 04:25:20.143,1.46337,1.46363,1.27,1.00
2015.06.22 04:25:20.245,1.46335,1.46361,2.62,1.00
2015.06.22 04:25:24.045,1.4634,1.46364,1.00,1.12
2015.06.22 04:25:25.053,1.46338,1.46364,1.50,1.00
2015.06.22 04:25:25.157,1.4634,1.46364,1.00,1.00
2015.06.22 04:25:25.677,1.46339,1.46363,1.00,1.00
2015.06.22 04:25:26.254,1.46339,1.46363,1.07,1.00
2015.06.22 04:25:27.428,1.4634,1.46364,1.10,1.00
2015.06.22 04:25:28.896,1.46341,1.46364,1.00,1.00
2015.06.22 04:25:29.417,1.4634,1.46364,1.10,1.00
2015.06.22 04:25:38.204,1.46339,1.46363,1.00,1.87
2015.06.22 04:25:38.260,1.46337,1.46362,1.10,1.12
2015.06.22 04:25:38.675,1.46335,1.46359,1.10,1.37
2015.06.22 04:25:38.880,1.46331,1.46355,1.10,1.00
2015.06.22 04:25:39.187,1.4633,1.46353,1.00,1.00
2015.06.22 04:25:39.662,1.46327,1.46351,3.82,1.00
2015.06.22 04:25:43.389,1.46324,1.4635,4.50,1.00
2015.06.22 04:25:43.491,1.46325,1.46349,1.20,1.00
2015.06.22 04:25:45.509,1.46323,1.46347,1.12,1.50
2015.06.22 04:25:46.588,1.46325,1.46347,1.00,1.50
2015.06.22 04:25:47.339,1.46325,1.46349,1.12,1.00
2015.06.22 04:25:53.788,1.46323,1.46349,2.25,1.00
2015.06.22 04:25:54.309,1.46327,1.4635,1.37,1.00
2015.06.22 04:25:54.712,1.46337,1.46353,1.00,1.50
2015.06.22 04:25:54.763,1.46335,1.46353,1.00,1.50
2015.06.22 04:25:54.815,1.4634,1.46353,1.00,1.00
2015.06.22 04:25:54.867,1.46336,1.46362,1.87,4.12
2015.06.22 04:25:54.969,1.46336,1.46361,1.95,1.00
2015.06.22 04:25:55.476,1.46339,1.46363,1.00,1.00
2015.06.22 04:25:56.031,1.46339,1.46363,1.15,1.00
2015.06.22 04:25:56.847,1.46339,1.46364,1.15,1.87
2015.06.22 04:25:57.355,1.46341,1.46364,1.00,1.00
2015.06.22 04:25:57.456,1.46341,1.46367,1.00,1.12
2015.06.22 04:25:57.711,1.46345,1.46367,1.37,1.00
2015.06.22 04:25:58.119,1.46349,1.46369,1.50,1.00
2015.06.22 04:25:58.272,1.46351,1.46373,1.12,1.00
2015.06.22 04:25:58.323,1.46353,1.46374,1.00,1.00
2015.06.22 04:25:58.375,1.46353,1.46377,1.55,1.00
2015.06.22 04:25:58.884,1.46354,1.46378,2.40,1.00
2015.06.22 04:26:00.033,1.46354,1.46378,2.02,1.00
2015.06.22 04:26:00.339,1.4636,1.4638,1.00,1.00
2015.06.22 04:26:00.390,1.4636,1.46384,1.00,1.37
2015.06.22 04:26:00.644,1.46359,1.46385,1.95,1.00
2015.06.22 04:26:01.157,1.4636,1.4638,1.00,1.00
2015.06.22 04:26:01.477,1.4635,1.46372,1.75,1.50
2015.06.22 04:26:01.528,1.46353,1.46372,1.00,1.00
2015.06.22 04:26:01.579,1.46353,1.46377,1.12,1.20
2015.06.22 04:26:01.835,1.46356,1.46378,1.00,1.00
2015.06.22 04:26:01.887,1.46356,1.46382,1.87,2.32
2015.06.22 04:26:02.097,1.46356,1.46382,1.87,2.32
2015.06.22 04:26:02.560,1.46357,1.46382,1.87,1.50
2015.06.22 04:26:02.713,1.4636,1.46385,1.75,1.50
2015.06.22 04:26:03.238,1.46367,1.46385,1.12,1.00
2015.06.22 04:26:03.290,1.46367,1.46391,2.62,1.00
2015.06.22 04:26:03.341,1.46367,1.46393,3.00,2.25
2015.06.22 04:26:04.750,1.46367,1.46393,3.15,1.50
2015.06.22 04:26:06.148,1.46371,1.46394,1.00,1.00
2015.06.22 04:26:06.653,1.4637,1.46395,1.50,1.00
2015.06.22 04:26:08.075,1.4637,1.46395,1.12,1.00
2015.06.22 04:26:08.667,1.4637,1.46394,1.12,1.00
2015.06.22 04:26:10.690,1.46369,1.46394,1.00,1.00
2015.06.22 04:26:11.781,1.46369,1.46392,1.00,1.00
2015.06.22 04:26:12.036,1.46363,1.46388,1.00,1.00
2015.06.22 04:26:12.546,1.46362,1.46388,1.12,1.00
2015.06.22 04:26:18.781,1.46361,1.46386,1.50,1.00
2015.06.22 04:26:19.289,1.4636,1.46386,1.50,2.25
2015.06.22 04:26:20.162,1.46362,1.46386,1.00,1.50
2015.06.22 04:26:20.468,1.46362,1.46384,1.00,1.00
2015.06.22 04:26:20.519,1.4636,1.46384,1.00,1.00
2015.06.22 04:26:20.671,1.46364,1.46386,1.00,1.00
2015.06.22 04:26:20.722,1.46364,1.46388,1.00,1.10
2015.06.22 04:26:22.047,1.46366,1.46389,1.00,1.65
2015.06.22 04:26:22.352,1.46363,1.46389,1.00,1.65
2015.06.22 04:26:22.454,1.46366,1.46389,1.00,1.17
2015.06.22 04:26:22.667,1.46364,1.46389,1.00,1.65
2015.06.22 04:26:23.232,1.46363,1.46389,1.00,1.65
2015.06.22 04:26:23.575,1.46366,1.46389,1.00,1.17
2015.06.22 04:26:23.779,1.46364,1.46389,1.00,1.65
2015.06.22 04:26:24.301,1.46365,1.46389,1.00,1.17
2015.06.22 04:26:24.640,1.46363,1.46389,1.50,2.40
2015.06.22 04:26:25.340,1.46364,1.46389,1.00,1.65
2015.06.22 04:26:25.646,1.46362,1.46385,1.00,1.37
2015.06.22 04:26:25.748,1.46359,1.46382,1.00,1.00
2015.06.22 04:26:25.850,1.46357,1.46383,1.50,1.00
2015.06.22 04:26:26.235,1.46357,1.46383,1.50,1.87
2015.06.22 04:26:26.743,1.46356,1.46382,1.00,1.37
2015.06.22 04:26:26.845,1.46357,1.46383,1.00,1.87
2015.06.22 04:26:27.722,1.46357,1.46383,1.50,1.87
2015.06.22 04:26:27.773,1.46357,1.46381,1.50,1.00
2015.06.22 04:26:28.313,1.46358,1.46382,1.00,1.00
2015.06.22 04:26:30.885,1.46357,1.46382,1.00,1.12
2015.06.22 04:26:31.191,1.46352,1.46376,1.10,1.00
2015.06.22 04:26:34.146,1.46355,1.46376,1.00,1.00
2015.06.22 04:26:34.197,1.46355,1.46381,1.50,1.87
2015.06.22 04:26:34.300,1.46353,1.46379,1.50,1.50
2015.06.22 04:26:34.831,1.46354,1.46378,1.00,1.12
2015.06.22 04:26:41.497,1.46355,1.46378,1.00,1.00
2015.06.22 04:26:41.548,1.46356,1.46383,1.12,1.37
2015.06.22 04:26:41.903,1.46358,1.46384,1.37,1.00
2015.06.22 04:26:42.207,1.46363,1.46387,1.50,1.00
2015.06.22 04:26:42.512,1.46367,1.46391,1.50,1.12
2015.06.22 04:26:43.729,1.46365,1.46389,1.00,1.00
2015.06.22 04:26:46.585,1.46367,1.46391,1.12,1.00
2015.06.22 04:26:46.687,1.4637,1.46396,1.12,1.57
2015.06.22 04:26:46.967,1.46372,1.46397,1.00,1.07
2015.06.22 04:26:47.018,1.46372,1.46398,1.00,1.00
2015.06.22 04:26:49.513,1.46373,1.46398,1.12,1.12
2015.06.22 04:26:51.423,1.46375,1.46401,2.02,1.50
2015.06.22 04:26:51.626,1.46375,1.46401,3.00,1.50
2015.06.22 04:26:51.829,1.46375,1.46401,2.02,1.50
2015.06.22 04:26:52.272,1.46373,1.46399,3.37,1.50
2015.06.22 04:26:52.822,1.46373,1.46399,2.62,1.87
2015.06.22 04:26:55.019,1.46371,1.46395,2.25,1.12
2015.06.22 04:26:58.136,1.46371,1.46395,2.25,1.37
2015.06.22 04:26:58.644,1.4637,1.46392,1.12,1.00
2015.06.22 04:26:59.474,1.4637,1.4639,1.12,1.00
2015.06.22 04:27:06.004,1.46367,1.4639,2.25,1.00
2015.06.22 04:27:06.055,1.46367,1.4639,1.87,1.00
2015.06.22 04:27:08.422,1.46368,1.46394,1.27,1.37
2015.06.22 04:27:08.962,1.46368,1.46392,1.27,1.00
2015.06.22 04:27:09.470,1.46368,1.46392,1.15,1.37
2015.06.22 04:27:09.921,1.46366,1.4639,1.07,1.00
2015.06.22 04:27:11.357,1.46366,1.4639,1.07,1.37
2015.06.22 04:27:11.409,1.46369,1.46393,1.00,1.37
2015.06.22 04:27:11.460,1.46369,1.46393,1.00,1.12
2015.06.22 04:27:13.172,1.46363,1.46389,1.20,2.25
2015.06.22 04:27:13.477,1.46359,1.46385,1.95,1.87
2015.06.22 04:27:13.630,1.46359,1.46385,1.57,1.87
2015.06.22 04:27:14.055,1.46357,1.46383,2.32,1.37
2015.06.22 04:27:14.572,1.46357,1.46383,1.95,1.37
2015.06.22 04:27:17.867,1.46359,1.46385,1.07,1.37
2015.06.22 04:27:17.970,1.46361,1.46385,1.37,1.00
2015.06.22 04:27:18.275,1.46362,1.46385,1.17,1.00
2015.06.22 04:27:20.563,1.46363,1.46386,1.07,1.00
2015.06.22 04:27:24.377,1.46363,1.46386,1.07,1.37
2015.06.22 04:27:24.580,1.46362,1.46385,1.10,1.00
2015.06.22 04:27:25.243,1.46363,1.46387,1.00,1.50
2015.06.22 04:27:28.145,1.46367,1.46392,1.00,2.62
2015.06.22 04:27:28.202,1.4637,1.46392,1.00,1.87
2015.06.22 04:27:28.254,1.46372,1.46394,1.00,1.00
2015.06.22 04:27:28.356,1.46373,1.46399,1.50,1.87
2015.06.22 04:27:28.458,1.46375,1.464,1.50,1.37
2015.06.22 04:27:28.765,1.46378,1.46398,1.00,1.00
2015.06.22 04:27:29.988,1.46378,1.46399,1.00,1.12
2015.06.22 04:27:30.498,1.46379,1.46404,1.00,1.75
2015.06.22 04:27:31.275,1.46384,1.46404,1.00,1.75
2015.06.22 04:27:31.326,1.46384,1.46408,1.00,1.87
2015.06.22 04:27:31.846,1.46384,1.46408,1.00,1.00
2015.06.22 04:27:33.095,1.46392,1.4641,1.00,1.00
2015.06.22 04:27:33.146,1.46392,1.46416,1.00,1.00
2015.06.22 04:27:33.874,1.46392,1.46416,1.00,1.37
2015.06.22 04:27:33.976,1.4639,1.46414,1.57,1.37
2015.06.22 04:27:34.863,1.4639,1.46414,1.50,1.37
2015.06.22 04:27:37.477,1.4639,1.46414,1.00,1.75
2015.06.22 04:27:37.782,1.46387,1.46412,1.57,1.87
2015.06.22 04:27:38.784,1.46387,1.46412,1.57,1.87
2015.06.22 04:27:38.937,1.46387,1.46412,1.50,1.87
2015.06.22 04:27:39.475,1.46389,1.46412,1.00,1.12
2015.06.22 04:27:39.781,1.46392,1.46416,1.50,1.87
2015.06.22 04:27:40.572,1.46392,1.46412,1.50,1.00
2015.06.22 04:27:41.099,1.46392,1.46411,1.50,1.00
2015.06.22 04:27:41.610,1.46393,1.46411,1.50,1.00
2015.06.22 04:27:42.575,1.46393,1.46412,1.50,1.12
2015.06.22 04:27:46.983,1.46393,1.46411,1.50,1.00
2015.06.22 04:27:47.440,1.46391,1.4641,1.50,1.50
2015.06.22 04:27:47.594,1.4639,1.46408,1.00,1.00
2015.06.22 04:27:50.535,1.4639,1.4641,1.00,1.00
2015.06.22 04:27:51.124,1.4639,1.46411,1.00,1.12
2015.06.22 04:27:51.493,1.46394,1.46412,1.00,1.00
2015.06.22 04:27:52.002,1.46394,1.46411,1.00,1.00
2015.06.22 04:27:52.104,1.4639,1.46411,1.50,1.00
2015.06.22 04:27:52.206,1.46388,1.46411,2.32,1.00
2015.06.22 04:27:53.212,1.46388,1.46412,1.57,1.50
2015.06.22 04:27:59.272,1.4639,1.46412,1.00,1.50
2015.06.22 04:28:00.429,1.4639,1.46411,1.00,1.00
2015.06.22 04:28:02.408,1.4639,1.46411,1.00,1.37
2015.06.22 04:28:02.460,1.46387,1.46411,1.00,2.62
2015.06.22 04:28:02.613,1.46387,1.46408,1.00,1.50
2015.06.22 04:28:02.664,1.46384,1.46407,1.00,1.12
2015.06.22 04:28:02.716,1.46384,1.46404,1.00,1.12
2015.06.22 04:28:03.340,1.46379,1.46395,1.00,1.00
2015.06.22 04:28:03.452,1.46378,1.46398,1.00,1.00
2015.06.22 04:28:03.554,1.46382,1.46398,1.00,1.00
2015.06.22 04:28:04.063,1.46383,1.46404,1.00,1.47
2015.06.22 04:28:04.165,1.46383,1.46404,1.00,1.47
2015.06.22 04:28:04.216,1.46378,1.46404,1.50,1.47
2015.06.22 04:28:04.699,1.4638,1.46405,1.00,1.55
2015.06.22 04:28:05.212,1.46381,1.46405,1.00,1.37
2015.06.22 04:28:12.849,1.46381,1.46402,1.00,1.00
2015.06.22 04:28:16.821,1.46381,1.46404,1.00,1.00
2015.06.22 04:28:17.821,1.46381,1.46405,1.00,1.87
2015.06.22 04:28:25.221,1.46382,1.46405,1.00,1.87
2015.06.22 04:28:27.730,1.46381,1.46405,1.50,1.87
2015.06.22 04:28:28.895,1.46389,1.46409,1.00,1.10
2015.06.22 04:28:29.200,1.46394,1.46411,1.00,1.00
2015.06.22 04:28:29.709,1.46394,1.46412,1.00,1.00
2015.06.22 04:28:30.403,1.46394,1.46411,1.00,1.00
2015.06.22 04:28:31.946,1.46394,1.4641,1.00,1.37
2015.06.22 04:28:31.997,1.46388,1.46409,1.50,1.37
2015.06.22 04:28:32.536,1.46386,1.4641,1.00,1.87
2015.06.22 04:28:33.061,1.46385,1.46409,2.32,1.37
2015.06.22 04:28:36.855,1.46386,1.46409,1.00,1.37
2015.06.22 04:28:37.362,1.46387,1.46409,1.00,1.87
2015.06.22 04:28:39.289,1.46385,1.46409,2.32,1.87
2015.06.22 04:28:40.477,1.46387,1.46409,1.00,1.37
2015.06.22 04:28:43.668,1.46384,1.46409,4.12,1.12
2015.06.22 04:28:44.185,1.46386,1.46409,1.00,1.12
2015.06.22 04:28:44.732,1.46384,1.46409,2.40,1.12
2015.06.22 04:28:49.870,1.46386,1.46409,1.00,1.12
2015.06.22 04:28:51.539,1.46385,1.46403,1.00,1.00
2015.06.22 04:28:51.590,1.46383,1.46403,1.00,1.12
2015.06.22 04:28:51.641,1.46385,1.46407,1.00,3.00
2015.06.22 04:28:51.742,1.4638,1.464,1.20,1.00
2015.06.22 04:28:51.845,1.46377,1.464,1.00,1.37
2015.06.22 04:28:51.998,1.46371,1.46395,1.00,1.00
2015.06.22 04:28:52.579,1.46373,1.46395,1.00,1.00
2015.06.22 04:28:52.938,1.46375,1.46395,1.00,1.00
2015.06.22 04:28:52.991,1.46376,1.46398,1.00,1.00
2015.06.22 04:28:53.502,1.46377,1.46398,1.00,1.00
2015.06.22 04:28:55.242,1.46376,1.46398,1.00,1.00
2015.06.22 04:28:56.938,1.46377,1.46398,1.00,1.00
2015.06.22 04:28:57.452,1.46377,1.464,1.00,1.00
2015.06.22 04:28:57.554,1.4638,1.46403,1.00,2.40
2015.06.22 04:28:58.010,1.4638,1.46403,1.00,2.25
2015.06.22 04:29:00.383,1.46378,1.46403,1.00,1.50
2015.06.22 04:29:01.487,1.46378,1.46404,1.50,1.10
2015.06.22 04:29:03.521,1.4638,1.46404,1.00,1.57
2015.06.22 04:29:05.557,1.46378,1.46404,3.00,1.57
2015.06.22 04:29:06.221,1.46379,1.46403,1.00,1.00
2015.06.22 04:29:10.884,1.46379,1.46404,1.00,2.32
2015.06.22 04:29:13.297,1.4638,1.46404,1.00,2.32
2015.06.22 04:29:14.038,1.4638,1.46401,1.00,1.00
2015.06.22 04:29:14.709,1.4638,1.46398,1.00,1.00
2015.06.22 04:29:14.760,1.46377,1.46398,1.00,1.00
2015.06.22 04:29:14.913,1.46378,1.46402,1.00,2.25
2015.06.22 04:29:15.473,1.46379,1.46402,1.00,2.25
2015.06.22 04:29:16.793,1.4638,1.46402,1.07,1.00
2015.06.22 04:29:16.845,1.46385,1.46407,1.50,1.00
2015.06.22 04:29:16.897,1.46387,1.46407,1.00,1.00
2015.06.22 04:29:18.066,1.4639,1.46407,1.00,1.00
2015.06.22 04:29:18.391,1.46385,1.46405,1.00,1.00
2015.06.22 04:29:18.544,1.46383,1.46405,1.00,1.00
2015.06.22 04:29:19.052,1.46386,1.46405,1.00,1.00
2015.06.22 04:29:19.154,1.46382,1.46405,1.50,1.00
2015.06.22 04:29:20.025,1.46382,1.46402,1.00,1.00
2015.06.22 04:29:20.228,1.46383,1.46405,1.00,1.50
2015.06.22 04:29:21.119,1.46383,1.46404,1.00,1.00
2015.06.22 04:29:21.969,1.46382,1.46404,1.00,1.00
2015.06.22 04:29:22.122,1.46382,1.46402,1.00,1.00
2015.06.22 04:29:22.670,1.46383,1.46402,1.00,1.00
2015.06.22 04:29:23.301,1.46391,1.46406,1.00,1.00
2015.06.22 04:29:23.666,1.46391,1.46409,1.00,1.00
2015.06.22 04:29:23.819,1.46393,1.46409,1.00,1.00
2015.06.22 04:29:23.921,1.46393,1.46412,1.00,1.50
2015.06.22 04:29:24.176,1.46395,1.46412,1.00,1.00
2015.06.22 04:29:24.278,1.46392,1.4641,1.00,1.00
2015.06.22 04:29:24.657,1.4639,1.46409,1.50,1.00
2015.06.22 04:29:24.810,1.4639,1.46407,1.00,1.00
2015.06.22 04:29:24.862,1.46386,1.46407,1.17,1.00
2015.06.22 04:29:25.068,1.46386,1.46405,1.00,1.00
2015.06.22 04:29:25.172,1.46383,1.46403,1.00,1.00
2015.06.22 04:29:25.678,1.46381,1.46404,1.00,1.50
2015.06.22 04:29:25.989,1.46383,1.46404,1.00,1.50
2015.06.22 04:29:26.447,1.4638,1.46404,1.65,1.50
2015.06.22 04:29:26.498,1.4638,1.46402,1.65,1.00
2015.06.22 04:29:26.702,1.46379,1.46404,1.00,1.50
2015.06.22 04:29:26.754,1.46383,1.46405,1.00,1.00
2015.06.22 04:29:27.095,1.46379,1.46403,1.50,1.00
2015.06.22 04:29:27.275,1.46382,1.46405,1.00,1.00
2015.06.22 04:29:27.784,1.46382,1.46404,1.00,1.00
2015.06.22 04:29:33.984,1.46382,1.46403,1.00,1.00
2015.06.22 04:29:34.720,1.46377,1.46399,1.17,1.00
2015.06.22 04:29:34.822,1.46374,1.46398,1.17,1.50
2015.06.22 04:29:39.174,1.46377,1.46398,1.00,1.00
2015.06.22 04:29:39.682,1.46376,1.46398,1.00,1.00
2015.06.22 04:29:40.266,1.46377,1.46398,1.00,1.00
2015.06.22 04:29:45.479,1.46377,1.46399,1.00,1.50
2015.06.22 04:29:45.786,1.46379,1.46399,1.50,1.00
2015.06.22 04:29:46.092,1.46378,1.46397,1.00,1.00
2015.06.22 04:29:46.398,1.46378,1.46401,1.00,1.00
2015.06.22 04:29:47.709,1.46378,1.46399,1.00,1.00
2015.06.22 04:29:49.603,1.46377,1.46399,1.00,1.00
2015.06.22 04:29:49.959,1.46375,1.46399,1.20,1.00
2015.06.22 04:29:50.011,1.46384,1.46402,1.00,2.25
2015.06.22 04:29:50.164,1.4638,1.46402,1.00,2.25
2015.06.22 04:29:50.316,1.46378,1.46402,1.50,3.00
2015.06.22 04:29:51.710,1.46378,1.46399,1.00,1.00
2015.06.22 04:29:52.488,1.46372,1.46391,2.70,1.00
2015.06.22 04:29:52.640,1.4637,1.46392,3.00,1.00
2015.06.22 04:29:53.160,1.4637,1.46393,1.57,1.00
2015.06.22 04:29:53.467,1.46369,1.46391,1.12,1.00
2015.06.22 04:29:53.570,1.46365,1.46389,1.55,2.25
2015.06.22 04:29:53.621,1.46363,1.46387,2.62,1.00
2015.06.22 04:29:54.324,1.46363,1.46387,1.52,1.00
2015.06.22 04:29:54.791,1.46361,1.46385,1.75,1.00
2015.06.22 04:29:55.050,1.46361,1.46384,1.10,1.00
2015.06.22 04:29:55.671,1.46363,1.46387,2.62,1.50
2015.06.22 04:29:55.723,1.46365,1.46387,1.00,1.00
2015.06.22 04:29:57.582,1.46365,1.46388,1.00,1.00
2015.06.22 04:29:58.024,1.46365,1.46386,1.00,1.00
2015.06.22 04:29:58.278,1.46361,1.46383,1.20,1.00
2015.06.22 04:29:58.482,1.4636,1.4638,1.00,1.00
2015.06.22 04:29:59.001,1.46361,1.46382,1.00,1.00
2015.06.22 04:30:01.010,1.46358,1.46381,1.00,1.00
2015.06.22 04:30:01.113,1.46358,1.46379,1.00,1.00
2015.06.22 04:30:03.034,1.46359,1.46379,1.00,1.00
2015.06.22 04:30:04.023,1.46358,1.46379,1.00,1.00
2015.06.22 04:30:05.326,1.46363,1.46379,1.12,1.00
2015.06.22 04:30:06.093,1.46365,1.46379,1.12,1.00
2015.06.22 04:30:06.524,1.46366,1.46382,1.12,1.00
2015.06.22 04:30:06.735,1.46364,1.46382,1.12,1.00
2015.06.22 04:30:06.838,1.46365,1.46379,1.12,1.00
2015.06.22 04:30:07.592,1.46365,1.4638,1.12,1.00
2015.06.22 04:30:08.621,1.46364,1.4638,1.12,1.00
2015.06.22 04:30:10.536,1.46364,1.46381,1.12,1.00
2015.06.22 04:30:12.684,1.46365,1.46383,1.12,1.12
2015.06.22 04:30:12.887,1.46365,1.46379,1.12,1.00
2015.06.22 04:30:13.395,1.46365,1.4638,1.12,1.00
2015.06.22 04:30:13.446,1.46362,1.4638,1.75,1.00
2015.06.22 04:30:14.142,1.46362,1.46388,2.25,2.25
2015.06.22 04:30:14.327,1.46362,1.46385,2.25,1.00
2015.06.22 04:30:17.190,1.46362,1.46385,1.50,1.12
2015.06.22 04:30:17.821,1.46362,1.46385,1.87,1.12
2015.06.22 04:30:20.367,1.46363,1.46384,1.12,1.00
2015.06.22 04:30:20.707,1.46358,1.46377,1.12,1.00
2015.06.22 04:30:20.758,1.46356,1.46377,1.87,1.00
2015.06.22 04:30:21.267,1.46356,1.46377,1.12,1.00
2015.06.22 04:30:21.808,1.46355,1.46377,1.75,1.37
2015.06.22 04:30:22.428,1.46355,1.46374,1.75,1.00
2015.06.22 04:30:24.673,1.46353,1.46374,1.12,1.12
2015.06.22 04:30:24.827,1.46353,1.46372,1.12,1.12
2015.06.22 04:30:25.134,1.46352,1.46369,1.12,1.00
2015.06.22 04:30:27.391,1.4635,1.46369,1.12,1.00
2015.06.22 04:30:27.944,1.46349,1.46369,2.25,1.00
2015.06.22 04:30:30.156,1.46349,1.46369,1.45,1.00
2015.06.22 04:30:30.360,1.46348,1.46372,3.00,1.00
2015.06.22 04:30:34.681,1.46349,1.46372,1.12,1.00
2015.06.22 04:30:36.127,1.46348,1.46372,1.50,1.00
2015.06.22 04:30:37.816,1.46357,1.4638,1.00,1.00
2015.06.22 04:30:37.867,1.46359,1.4638,1.00,1.00
2015.06.22 04:30:38.178,1.46359,1.46383,1.20,1.00
2015.06.22 04:30:41.615,1.46357,1.46383,1.95,1.00
2015.06.22 04:30:41.768,1.46357,1.46381,1.95,1.00
2015.06.22 04:30:41.870,1.46357,1.46381,1.57,1.00
2015.06.22 04:30:42.378,1.46357,1.4638,1.07,1.00
2015.06.22 04:30:47.891,1.46354,1.46378,2.70,1.00
2015.06.22 04:30:48.169,1.46363,1.46385,1.00,1.00
2015.06.22 04:30:48.323,1.46365,1.46385,1.00,1.00
2015.06.22 04:30:48.477,1.46365,1.46388,1.00,1.00
2015.06.22 04:30:51.855,1.46362,1.46388,2.77,1.00
2015.06.22 04:30:52.362,1.46365,1.46388,1.00,1.00
2015.06.22 04:30:56.884,1.46365,1.46388,1.37,1.50
2015.06.22 04:30:57.417,1.46367,1.46389,1.00,1.00
2015.06.22 04:30:58.266,1.46367,1.46392,1.00,1.50
2015.06.22 04:31:00.060,1.46369,1.46392,1.00,1.50
2015.06.22 04:31:00.214,1.4637,1.46396,1.00,1.87
2015.06.22 04:31:00.367,1.46372,1.46396,1.00,1.37
2015.06.22 04:31:00.672,1.46374,1.46396,1.00,1.37
2015.06.22 04:31:00.774,1.46372,1.46396,1.00,1.37
2015.06.22 04:31:01.545,1.46372,1.46396,1.00,1.37
2015.06.22 04:31:01.885,1.46371,1.46396,1.87,1.37
2015.06.22 04:31:02.089,1.46369,1.46394,1.10,1.87
2015.06.22 04:31:02.293,1.4637,1.46395,1.00,1.37
2015.06.22 04:31:02.395,1.46373,1.46396,1.00,1.37
2015.06.22 04:31:03.285,1.46373,1.46396,1.00,1.37
2015.06.22 04:31:03.488,1.46369,1.46394,1.00,2.62
2015.06.22 04:31:03.999,1.46366,1.46389,1.45,1.37
2015.06.22 04:31:04.443,1.46366,1.46388,1.07,1.37
2015.06.22 04:31:04.718,1.46366,1.46388,1.57,1.12
2015.06.22 04:31:06.004,1.46366,1.46388,1.50,1.12
2015.06.22 04:31:06.106,1.46366,1.46388,1.00,1.37
2015.06.22 04:31:06.584,1.46365,1.46388,1.00,1.00
2015.06.22 04:31:06.889,1.46368,1.46388,1.00,1.00
2015.06.22 04:31:07.405,1.46368,1.46389,1.00,1.00
2015.06.22 04:31:08.501,1.46369,1.46394,1.00,1.37
2015.06.22 04:31:09.410,1.46369,1.46394,1.00,1.37
2015.06.22 04:31:10.423,1.46369,1.46394,1.00,1.50
2015.06.22 04:31:10.914,1.46369,1.46394,1.00,1.37
2015.06.22 04:31:11.441,1.46369,1.46394,1.00,1.37
2015.06.22 04:31:13.109,1.46373,1.46394,1.00,1.37
2015.06.22 04:31:13.314,1.46377,1.46399,1.00,1.37
2015.06.22 04:31:13.365,1.46377,1.46399,1.00,1.00
2015.06.22 04:31:13.873,1.46378,1.46403,1.00,3.00
2015.06.22 04:31:14.249,1.46376,1.46398,1.00,1.37
2015.06.22 04:31:14.655,1.46377,1.46399,1.00,1.00
2015.06.22 04:31:14.757,1.46377,1.46402,1.50,1.37
2015.06.22 04:31:14.858,1.46378,1.46396,1.00,1.00
2015.06.22 04:31:15.062,1.4637,1.46393,1.00,1.00
2015.06.22 04:31:15.113,1.46368,1.4639,1.10,1.12
2015.06.22 04:31:15.502,1.46362,1.46385,1.50,1.00
2015.06.22 04:31:15.555,1.46362,1.46385,1.00,1.87
2015.06.22 04:31:15.606,1.46356,1.4638,1.10,1.00
2015.06.22 04:31:18.614,1.4636,1.46384,1.00,1.87
2015.06.22 04:31:19.031,1.46357,1.46383,1.00,1.37
2015.06.22 04:31:19.133,1.46362,1.46383,1.00,1.37
2015.06.22 04:31:19.287,1.46359,1.46383,1.12,1.00
2015.06.22 04:31:19.338,1.46365,1.46387,1.00,1.87
2015.06.22 04:31:19.544,1.4636,1.46384,1.00,1.12
2015.06.22 04:31:20.058,1.46359,1.46383,1.00,1.00
2015.06.22 04:31:22.911,1.46361,1.46387,1.00,1.50
2015.06.22 04:31:25.237,1.46361,1.46383,1.50,1.37
2015.06.22 04:31:25.289,1.46358,1.46382,1.00,1.12
2015.06.22 04:31:25.745,1.46355,1.46379,1.50,1.00
2015.06.22 04:31:27.449,1.46357,1.46381,1.00,1.00
2015.06.22 04:31:29.755,1.46359,1.46381,1.00,1.00
2015.06.22 04:31:30.060,1.46364,1.4639,1.50,1.50
2015.06.22 04:31:30.162,1.46367,1.46391,1.00,1.10
2015.06.22 04:31:30.265,1.46365,1.46391,1.50,2.32
2015.06.22 04:31:30.422,1.46367,1.46391,1.00,2.32
2015.06.22 04:31:30.859,1.46367,1.46389,1.00,1.00
2015.06.22 04:31:33.196,1.46367,1.46388,1.00,1.00
2015.06.22 04:31:33.247,1.46364,1.46388,1.00,1.50
2015.06.22 04:31:33.450,1.46362,1.46388,1.00,2.25
2015.06.22 04:31:33.655,1.46359,1.46384,1.10,1.00
2015.06.22 04:31:33.961,1.46358,1.46379,1.92,1.00
2015.06.22 04:31:34.266,1.46356,1.46379,2.62,1.00
2015.06.22 04:31:34.541,1.46365,1.46383,1.00,1.50
2015.06.22 04:31:34.654,1.46365,1.46385,1.00,1.00
2015.06.22 04:31:34.858,1.46361,1.46383,1.55,1.00
2015.06.22 04:31:34.909,1.46361,1.46383,1.17,1.00
2015.06.22 04:31:34.960,1.46356,1.46382,2.40,1.50
2015.06.22 04:31:35.062,1.46355,1.46379,1.85,1.50
2015.06.22 04:31:35.748,1.46355,1.46378,1.85,1.50
2015.06.22 04:31:37.900,1.46358,1.46378,1.37,1.50
2015.06.22 04:31:38.053,1.46358,1.46382,1.37,1.00
2015.06.22 04:31:38.866,1.46361,1.46386,1.37,1.00
2015.06.22 04:31:39.481,1.46372,1.4639,1.00,1.00
2015.06.22 04:31:39.685,1.46376,1.46396,1.00,1.00
2015.06.22 04:31:39.736,1.46376,1.46398,1.00,1.50
2015.06.22 04:31:39.941,1.46377,1.46401,1.00,1.00
2015.06.22 04:31:40.045,1.46373,1.46398,1.00,1.00
2015.06.22 04:31:40.561,1.46371,1.46395,1.00,1.00
2015.06.22 04:31:42.939,1.46374,1.46395,1.00,1.00
2015.06.22 04:31:43.092,1.46374,1.46397,1.00,1.00
2015.06.22 04:31:43.144,1.46375,1.46399,1.00,1.00
2015.06.22 04:31:43.195,1.46375,1.46399,1.47,1.00
2015.06.22 04:31:43.246,1.46377,1.46403,1.12,1.00
2015.06.22 04:31:43.348,1.46376,1.464,1.55,1.50
2015.06.22 04:31:43.450,1.46377,1.46403,1.20,1.00
2015.06.22 04:31:45.312,1.46377,1.46403,1.00,1.50
2015.06.22 04:31:45.414,1.46377,1.46403,1.37,1.37
2015.06.22 04:31:46.012,1.46378,1.46403,1.87,1.37
2015.06.22 04:31:46.266,1.46378,1.46401,1.50,1.12
2015.06.22 04:31:46.318,1.46378,1.46399,1.50,1.00
2015.06.22 04:31:46.642,1.46378,1.46401,1.00,1.87
2015.06.22 04:31:48.086,1.46378,1.46401,1.00,1.87
2015.06.22 04:31:48.612,1.46378,1.46403,1.00,1.87
2015.06.22 04:31:49.821,1.46378,1.46403,1.00,1.50
2015.06.22 04:31:49.924,1.46377,1.46401,1.00,1.00
2015.06.22 04:31:50.458,1.46376,1.46401,1.87,1.00
2015.06.22 04:31:54.300,1.46376,1.46399,1.00,1.00
2015.06.22 04:31:54.824,1.46375,1.46399,1.00,1.00
2015.06.22 04:31:55.783,1.4638,1.46402,1.00,1.00
2015.06.22 04:32:05.345,1.4638,1.46404,1.00,1.87
2015.06.22 04:32:10.086,1.4638,1.46403,1.00,1.00
2015.06.22 04:32:12.709,1.46381,1.46403,1.00,1.00
2015.06.22 04:32:13.427,1.4638,1.46404,1.00,1.50
2015.06.22 04:32:15.435,1.46382,1.46404,1.00,1.00
2015.06.22 04:32:17.319,1.46379,1.46404,1.50,1.00
2015.06.22 04:32:17.834,1.46379,1.46405,1.50,3.45
2015.06.22 04:32:19.304,1.46381,1.46405,1.00,2.70
2015.06.22 04:32:20.741,1.46379,1.46405,1.00,2.70
2015.06.22 04:32:23.189,1.46379,1.46404,1.00,1.00
2015.06.22 04:32:25.183,1.46379,1.46404,1.00,1.37
2015.06.22 04:32:25.773,1.46379,1.46404,1.00,1.37
2015.06.22 04:32:26.604,1.46379,1.46404,1.00,1.37
2015.06.22 04:32:31.778,1.46379,1.46405,1.00,1.47
2015.06.22 04:32:31.931,1.46377,1.46401,1.50,1.12
2015.06.22 04:32:32.037,1.46379,1.46405,1.00,1.47
2015.06.22 04:32:33.472,1.46382,1.46406,1.00,3.15
2015.06.22 04:32:36.753,1.46382,1.46406,1.00,2.02
2015.06.22 04:32:36.804,1.46382,1.46406,1.00,2.02
2015.06.22 04:32:37.109,1.46382,1.46406,1.00,1.45
2015.06.22 04:32:37.668,1.46381,1.46406,1.00,1.45
2015.06.22 04:32:38.352,1.46382,1.46406,1.50,1.45
2015.06.22 04:32:42.165,1.4638,1.46404,1.00,1.37
2015.06.22 04:32:42.514,1.46378,1.464,1.00,1.37
2015.06.22 04:32:43.023,1.46378,1.46402,1.00,1.47
2015.06.22 04:32:43.074,1.46376,1.46401,1.00,1.37
2015.06.22 04:32:47.639,1.46376,1.464,1.00,1.87
2015.06.22 04:32:47.690,1.46374,1.464,1.50,1.87
2015.06.22 04:32:47.741,1.46374,1.464,1.50,2.62
2015.06.22 04:32:48.452,1.46373,1.46399,1.57,1.87
2015.06.22 04:32:53.800,1.46373,1.46398,1.10,1.37
2015.06.22 04:32:54.343,1.46371,1.46394,1.20,1.00
2015.06.22 04:32:54.850,1.46371,1.46393,1.07,1.37
2015.06.22 04:32:55.702,1.46371,1.46393,1.07,1.12
2015.06.22 04:32:57.167,1.46369,1.46392,1.57,1.37
2015.06.22 04:32:57.218,1.46368,1.46392,2.25,1.37
2015.06.22 04:32:57.760,1.46367,1.4639,1.20,1.50
2015.06.22 04:32:58.014,1.46367,1.4639,1.87,1.50
2015.06.22 04:32:59.048,1.46367,1.46393,3.37,1.87
2015.06.22 04:32:59.561,1.46368,1.46392,1.45,1.12
2015.06.22 04:33:01.962,1.46368,1.46392,1.45,1.37
2015.06.22 04:33:03.864,1.46369,1.46392,1.20,1.12
2015.06.22 04:33:06.254,1.46369,1.46391,1.20,1.37
2015.06.22 04:33:09.207,1.46368,1.46391,1.45,1.00
2015.06.22 04:33:09.527,1.4637,1.46391,1.07,1.37
2015.06.22 04:33:10.171,1.46372,1.46398,1.00,2.32
2015.06.22 04:33:10.222,1.46372,1.46398,1.50,1.95
2015.06.22 04:33:10.274,1.46376,1.46398,1.00,1.95
2015.06.22 04:33:10.325,1.46376,1.46398,1.00,1.87
2015.06.22 04:33:10.426,1.46376,1.464,1.87,1.37
2015.06.22 04:33:10.832,1.4638,1.46403,1.00,1.37
2015.06.22 04:33:10.883,1.46382,1.46403,1.00,1.37
2015.06.22 04:33:11.036,1.46383,1.46403,1.00,1.37
2015.06.22 04:33:11.188,1.4638,1.46406,1.50,3.00
2015.06.22 04:33:11.726,1.46379,1.46403,1.10,1.50
2015.06.22 04:33:12.125,1.46379,1.46403,1.10,1.87
2015.06.22 04:33:13.208,1.46379,1.46403,1.10,1.87
2015.06.22 04:33:14.399,1.46379,1.46403,1.10,1.87
2015.06.22 04:33:16.680,1.46381,1.46403,1.00,1.37
2015.06.22 04:33:16.833,1.46378,1.46402,1.00,1.37
2015.06.22 04:33:18.152,1.46378,1.464,1.00,1.75
2015.06.22 04:33:18.475,1.46364,1.46388,2.25,1.50
2015.06.22 04:33:18.526,1.4637,1.46392,1.50,2.77
2015.06.22 04:33:18.831,1.46375,1.4639,1.00,1.00
2015.06.22 04:33:18.883,1.46367,1.4639,1.95,1.00
2015.06.22 04:33:19.239,1.46369,1.46394,1.10,1.50
2015.06.22 04:33:20.515,1.4637,1.46394,1.00,1.12
2015.06.22 04:33:21.021,1.4637,1.46394,1.57,1.00
2015.06.22 04:33:21.770,1.46372,1.46396,1.00,1.37
2015.06.22 04:33:23.361,1.4638,1.46398,1.00,1.87
2015.06.22 04:33:23.413,1.46378,1.46398,1.00,1.12
2015.06.22 04:33:23.515,1.46385,1.46407,1.00,3.00
2015.06.22 04:33:23.799,1.46385,1.46407,1.00,1.00
2015.06.22 04:33:23.853,1.46385,1.4641,1.17,1.00
2015.06.22 04:33:24.108,1.46384,1.46408,1.00,1.00
2015.06.22 04:33:24.312,1.46382,1.46408,1.10,1.00
2015.06.22 04:33:24.718,1.46384,1.46408,1.00,1.00
2015.06.22 04:33:27.742,1.46382,1.46408,1.10,1.12
2015.06.22 04:33:27.844,1.46382,1.46408,1.10,1.37
2015.06.22 04:33:29.521,1.46385,1.46408,1.00,1.37
2015.06.22 04:33:29.572,1.46385,1.46408,1.00,1.00
2015.06.22 04:33:29.623,1.46388,1.46411,1.00,1.57
2015.06.22 04:33:30.030,1.46384,1.46408,1.00,1.00
2015.06.22 04:33:31.934,1.46392,1.46408,1.00,1.00
2015.06.22 04:33:32.188,1.46383,1.46407,1.12,1.50
2015.06.22 04:33:32.240,1.46388,1.46403,1.00,1.00
2015.06.22 04:33:32.646,1.46377,1.46402,1.00,1.00
2015.06.22 04:33:33.004,1.46379,1.46402,1.00,1.00
2015.06.22 04:33:33.055,1.46381,1.46407,1.00,2.32
2015.06.22 04:33:33.107,1.46381,1.46407,1.00,1.27
2015.06.22 04:33:33.260,1.46379,1.46403,2.25,1.00
2015.06.22 04:33:33.566,1.46381,1.46405,1.00,1.75
2015.06.22 04:33:34.223,1.46378,1.46404,2.25,2.32
2015.06.22 04:33:34.377,1.4638,1.46404,1.00,2.25
2015.06.22 04:33:34.923,1.46381,1.46407,1.50,3.07
2015.06.22 04:33:35.370,1.46381,1.46407,1.50,3.07
2015.06.22 04:33:35.815,1.46382,1.46406,1.00,1.00
2015.06.22 04:33:36.378,1.46384,1.46406,1.00,1.00
2015.06.22 04:33:36.429,1.46385,1.46408,1.00,1.00
2015.06.22 04:33:36.481,1.46387,1.46408,1.00,1.00
2015.06.22 04:33:36.532,1.46387,1.46411,1.50,1.00
2015.06.22 04:33:36.634,1.46387,1.46413,1.50,1.10
2015.06.22 04:33:37.127,1.46389,1.46415,1.50,2.32
2015.06.22 04:33:37.179,1.46389,1.46415,1.57,1.87
2015.06.22 04:33:37.932,1.46389,1.46414,1.50,1.10
2015.06.22 04:33:38.954,1.4639,1.46415,1.50,1.07
2015.06.22 04:33:39.057,1.46388,1.46412,1.00,1.00
2015.06.22 04:33:39.262,1.46389,1.46415,1.50,1.95
2015.06.22 04:33:39.364,1.46387,1.46413,2.32,1.50
2015.06.22 04:33:39.466,1.46389,1.46415,1.00,1.20
2015.06.22 04:33:39.568,1.4639,1.46416,1.00,2.40
2015.06.22 04:33:40.699,1.4639,1.46416,1.00,1.47
2015.06.22 04:33:41.004,1.4639,1.46416,1.00,1.20
2015.06.22 04:33:42.874,1.46394,1.46418,1.00,2.70
2015.06.22 04:33:43.501,1.46393,1.46418,1.00,1.95
2015.06.22 04:33:43.975,1.46391,1.46415,1.00,1.00
2015.06.22 04:33:45.557,1.4639,1.46414,1.00,1.00
2015.06.22 04:33:48.693,1.46393,1.46414,1.00,1.12
2015.06.22 04:33:49.201,1.46392,1.46415,1.00,1.37
2015.06.22 04:33:49.507,1.464,1.46419,1.00,1.12
2015.06.22 04:33:49.827,1.46397,1.4641,1.00,1.00
2015.06.22 04:33:49.880,1.46387,1.4641,1.75,1.00
2015.06.22 04:33:49.982,1.46386,1.4641,1.50,1.50
2015.06.22 04:33:50.237,1.46383,1.46409,1.87,2.25
2015.06.22 04:33:50.288,1.46383,1.46409,1.50,2.25
2015.06.22 04:33:50.390,1.46383,1.46409,1.00,2.25
2015.06.22 04:33:50.492,1.46383,1.46405,1.00,1.00
2015.06.22 04:33:50.594,1.46381,1.46405,1.00,1.50
2015.06.22 04:33:51.161,1.46382,1.46406,1.00,1.12
2015.06.22 04:33:51.263,1.46381,1.46404,1.00,1.00
2015.06.22 04:33:51.569,1.46374,1.464,1.20,1.37
2015.06.22 04:33:51.721,1.46373,1.46398,1.20,1.00
2015.06.22 04:33:51.926,1.46375,1.46397,1.00,1.00
2015.06.22 04:33:52.028,1.46379,1.46404,1.00,1.00
2015.06.22 04:33:52.569,1.46379,1.46404,1.12,1.00
2015.06.22 04:33:52.621,1.46381,1.46406,1.17,1.00
2015.06.22 04:33:52.774,1.46381,1.46408,1.00,1.10
2015.06.22 04:33:53.580,1.46384,1.46409,1.00,1.17
2015.06.22 04:33:54.061,1.46382,1.46407,1.50,1.00
2015.06.22 04:33:54.474,1.46385,1.46408,1.00,1.12
2015.06.22 04:33:55.782,1.46385,1.46409,1.00,1.27
2015.06.22 04:33:56.291,1.46385,1.46409,1.00,1.00
2015.06.22 04:33:57.262,1.46379,1.46404,2.25,1.00
2015.06.22 04:33:57.565,1.46388,1.46412,1.00,2.02
2015.06.22 04:33:59.449,1.46385,1.46411,1.00,1.37
2015.06.22 04:34:00.944,1.46385,1.46408,1.00,1.37
2015.06.22 04:34:01.403,1.46385,1.46403,1.00,1.00
2015.06.22 04:34:01.928,1.46385,1.46404,1.00,1.00
2015.06.22 04:34:01.979,1.46381,1.46404,1.50,1.00
2015.06.22 04:34:02.031,1.46381,1.46402,1.50,1.00
2015.06.22 04:34:02.285,1.46371,1.46397,3.37,1.50
2015.06.22 04:34:02.438,1.46373,1.46398,1.20,1.00
2015.06.22 04:34:03.162,1.46372,1.46396,1.20,1.00
2015.06.22 04:34:03.468,1.46367,1.46391,1.20,1.00
2015.06.22 04:34:06.201,1.4637,1.46394,1.00,1.00
2015.06.22 04:34:06.354,1.4637,1.46396,1.50,2.25
2015.06.22 04:34:06.406,1.46373,1.46396,1.00,1.00
2015.06.22 04:34:06.815,1.46367,1.46393,2.25,1.00
2015.06.22 04:34:07.121,1.46368,1.46394,1.17,1.50
2015.06.22 04:34:07.694,1.46368,1.46394,1.17,1.87
2015.06.22 04:34:09.726,1.4637,1.46393,1.50,1.00
2015.06.22 04:34:09.777,1.4637,1.46396,1.50,2.62
2015.06.22 04:34:10.184,1.46368,1.46393,1.50,1.50
2015.06.22 04:34:10.286,1.46373,1.46397,1.10,1.50
2015.06.22 04:34:10.489,1.46374,1.46398,1.12,2.62
2015.06.22 04:34:11.000,1.46374,1.46398,1.17,1.87
2015.06.22 04:34:11.509,1.46374,1.46398,1.10,1.87
2015.06.22 04:34:12.016,1.46374,1.46398,1.10,1.87
2015.06.22 04:34:12.357,1.46373,1.46397,1.07,1.37
2015.06.22 04:34:13.157,1.46372,1.46396,1.20,1.00
2015.06.22 04:34:13.362,1.46375,1.46398,1.07,1.37
2015.06.22 04:34:14.639,1.46371,1.46397,1.95,1.37
2015.06.22 04:34:15.147,1.46371,1.46396,1.07,1.37
2015.06.22 04:34:15.656,1.46372,1.46396,1.10,1.37
2015.06.22 04:34:15.708,1.46371,1.46396,1.45,1.00
2015.06.22 04:34:16.048,1.46371,1.46397,1.00,2.25
2015.06.22 04:34:16.100,1.46369,1.46393,1.65,1.00
2015.06.22 04:34:16.639,1.46369,1.46393,1.57,1.00
2015.06.22 04:34:16.948,1.46366,1.46391,1.00,1.87
2015.06.22 04:34:17.514,1.4636,1.46385,1.65,1.37
2015.06.22 04:34:17.788,1.4636,1.46385,1.65,1.00
2015.06.22 04:34:18.397,1.4636,1.46385,1.10,1.00
2015.06.22 04:34:19.101,1.4636,1.46385,1.20,1.00
2015.06.22 04:34:19.435,1.46358,1.4638,3.37,1.00
2015.06.22 04:34:23.907,1.4636,1.46384,1.20,1.00
2015.06.22 04:34:24.061,1.46362,1.46386,1.10,1.00
2015.06.22 04:34:24.440,1.46362,1.46388,1.95,1.87
2015.06.22 04:34:24.491,1.46363,1.46388,2.02,1.50
2015.06.22 04:34:24.543,1.46363,1.46386,2.02,1.00
2015.06.22 04:34:24.645,1.46365,1.46392,1.87,1.50
2015.06.22 04:34:24.697,1.46365,1.46392,1.95,1.50
2015.06.22 04:34:25.055,1.4636,1.46383,2.25,1.00
2015.06.22 04:34:25.259,1.4636,1.46383,1.10,1.00
2015.06.22 04:34:25.412,1.4636,1.46383,1.47,1.00
2015.06.22 04:34:25.463,1.46363,1.46387,2.62,1.00
2015.06.22 04:34:25.566,1.46364,1.4639,1.57,1.10
2015.06.22 04:34:25.669,1.46367,1.46391,1.00,1.00
2015.06.22 04:34:26.307,1.46368,1.4639,1.00,1.00
2015.06.22 04:34:26.819,1.46367,1.4639,1.00,1.00
2015.06.22 04:34:27.328,1.46367,1.46391,1.00,1.00
2015.06.22 04:34:29.584,1.46365,1.46389,1.27,1.00
2015.06.22 04:34:30.041,1.4637,1.46389,1.00,1.00
2015.06.22 04:34:30.347,1.46383,1.46402,1.00,1.27
2015.06.22 04:34:30.550,1.46382,1.46404,1.00,2.02
2015.06.22 04:34:30.936,1.46382,1.46403,1.00,1.47
2015.06.22 04:34:31.443,1.46382,1.46402,1.00,2.25
2015.06.22 04:34:32.034,1.46382,1.46402,1.00,1.87
2015.06.22 04:34:34.239,1.46382,1.46402,1.00,1.00
2015.06.22 04:34:35.077,1.46382,1.46404,1.50,1.12
2015.06.22 04:34:35.624,1.46381,1.46404,1.50,1.12
2015.06.22 04:34:36.188,1.46381,1.46404,1.50,1.37
2015.06.22 04:34:36.501,1.46381,1.46404,1.50,1.75
2015.06.22 04:34:36.928,1.46381,1.46403,1.50,1.37
2015.06.22 04:34:37.435,1.4638,1.46401,1.37,1.37
2015.06.22 04:34:37.985,1.46381,1.46401,1.12,1.37
2015.06.22 04:34:38.492,1.46382,1.46401,1.00,1.37
2015.06.22 04:34:41.250,1.46382,1.46401,1.00,1.87
2015.06.22 04:34:41.302,1.4638,1.464,1.00,1.37
2015.06.22 04:34:41.353,1.4638,1.464,1.00,1.50
2015.06.22 04:34:41.641,1.46379,1.46399,1.00,1.37
2015.06.22 04:34:41.693,1.46377,1.464,1.50,1.37
2015.06.22 04:34:41.744,1.46377,1.464,1.50,1.00
2015.06.22 04:34:41.846,1.46377,1.464,1.87,1.00
2015.06.22 04:34:42.153,1.46384,1.46404,1.00,1.50
2015.06.22 04:34:42.572,1.46384,1.46404,1.00,1.87
2015.06.22 04:34:42.725,1.46379,1.46404,1.57,1.75
2015.06.22 04:34:43.463,1.46379,1.46404,1.57,1.75
2015.06.22 04:34:44.001,1.46379,1.46404,1.57,2.25
2015.06.22 04:34:44.676,1.46379,1.46404,1.57,2.25
2015.06.22 04:34:49.752,1.46379,1.46404,1.57,3.00
2015.06.22 04:34:54.559,1.46379,1.46404,1.57,1.75
2015.06.22 04:34:55.068,1.46379,1.46403,1.57,1.37
2015.06.22 04:34:58.564,1.46379,1.46403,1.50,1.50
2015.06.22 04:34:59.267,1.46377,1.46403,1.57,2.25
2015.06.22 04:35:09.378,1.46375,1.46399,1.95,1.37
2015.06.22 04:35:09.734,1.46375,1.46399,1.00,1.37
2015.06.22 04:35:10.365,1.46375,1.46399,1.00,1.37
2015.06.22 04:35:10.887,1.46375,1.46399,1.00,1.75
2015.06.22 04:35:10.989,1.46374,1.46398,1.65,1.37
2015.06.22 04:35:11.346,1.46374,1.46391,1.10,1.37
2015.06.22 04:35:11.402,1.46371,1.46391,1.95,1.00
2015.06.22 04:35:11.454,1.46375,1.46394,1.00,1.50
2015.06.22 04:35:11.556,1.46375,1.46401,2.32,3.07
2015.06.22 04:35:11.658,1.46377,1.46403,1.50,1.87
2015.06.22 04:35:11.710,1.46377,1.46403,2.25,1.50
2015.06.22 04:35:11.863,1.4638,1.46403,1.10,1.50
2015.06.22 04:35:12.016,1.46382,1.46406,1.00,1.12
2015.06.22 04:35:12.538,1.46382,1.46406,1.07,1.12
2015.06.22 04:35:12.590,1.46382,1.46406,1.07,1.50
2015.06.22 04:35:13.117,1.46382,1.46406,1.57,1.37
2015.06.22 04:35:13.635,1.46384,1.46408,1.00,1.75
2015.06.22 04:35:14.418,1.46384,1.46408,1.00,1.37
2015.06.22 04:35:14.522,1.46385,1.4641,1.87,2.25
2015.06.22 04:35:14.879,1.46384,1.4641,1.07,2.25
2015.06.22 04:35:15.032,1.46384,1.4641,1.07,2.25
2015.06.22 04:35:21.518,1.46383,1.46408,1.95,1.75
2015.06.22 04:35:21.671,1.46381,1.46405,1.50,1.37
2015.06.22 04:35:22.845,1.46382,1.46406,1.17,1.75
2015.06.22 04:35:23.200,1.46382,1.46406,1.17,1.37
2015.06.22 04:35:23.404,1.46384,1.4641,2.32,1.50
2015.06.22 04:35:23.506,1.46384,1.4641,4.12,1.87
2015.06.22 04:35:25.981,1.46389,1.46413,1.47,1.50
2015.06.22 04:35:26.490,1.46389,1.46413,1.37,1.37
2015.06.22 04:35:32.416,1.46389,1.46412,1.37,1.37
2015.06.22 04:35:33.021,1.46393,1.46412,1.00,1.37
2015.06.22 04:35:33.529,1.46386,1.46412,2.32,1.37
2015.06.22 04:35:37.492,1.46391,1.46412,1.00,1.37
2015.06.22 04:35:38.437,1.46388,1.46413,1.37,1.75
2015.06.22 04:35:38.721,1.46387,1.4641,1.00,1.50
2015.06.22 04:35:39.078,1.46386,1.4641,1.50,1.00
2015.06.22 04:35:39.129,1.46386,1.46406,1.50,1.00
2015.06.22 04:35:39.332,1.46384,1.46406,1.00,1.00
2015.06.22 04:35:40.506,1.46382,1.46406,1.00,1.50
2015.06.22 04:35:40.813,1.4638,1.46404,1.07,1.00
2015.06.22 04:35:41.118,1.4638,1.46404,1.07,1.37
2015.06.22 04:35:42.469,1.46377,1.46403,2.62,1.87
2015.06.22 04:35:43.017,1.46377,1.46403,2.62,1.87
2015.06.22 04:35:44.174,1.46377,1.46402,2.62,1.87
2015.06.22 04:35:44.481,1.46374,1.46398,1.20,1.37
2015.06.22 04:35:44.584,1.46374,1.46399,1.00,1.50
2015.06.22 04:35:44.958,1.46385,1.46404,1.10,1.00
2015.06.22 04:35:45.015,1.46382,1.46404,1.20,1.00
2015.06.22 04:35:45.116,1.46384,1.46404,1.00,1.00
2015.06.22 04:35:45.423,1.46384,1.46406,1.00,1.50
2015.06.22 04:35:45.730,1.46384,1.46406,1.12,1.00
2015.06.22 04:35:45.883,1.46383,1.46406,1.17,1.00
2015.06.22 04:35:46.528,1.46385,1.46406,1.00,1.00
2015.06.22 04:35:46.632,1.46386,1.46412,1.57,2.62
2015.06.22 04:35:50.461,1.46386,1.46407,1.07,1.00
2015.06.22 04:35:50.869,1.46382,1.46407,1.20,1.50
2015.06.22 04:35:51.162,1.46384,1.46407,1.50,1.00
2015.06.22 04:35:51.216,1.46384,1.46409,1.50,1.12
2015.06.22 04:35:51.369,1.46385,1.46409,1.12,1.12
2015.06.22 04:35:51.573,1.4639,1.46413,1.00,1.50
2015.06.22 04:35:51.675,1.4639,1.46415,1.00,1.00
2015.06.22 04:35:51.727,1.46392,1.46415,1.50,1.00
2015.06.22 04:35:51.778,1.46393,1.46419,1.00,1.52
2015.06.22 04:35:52.693,1.46393,1.46419,1.00,1.37
2015.06.22 04:35:52.999,1.46393,1.46419,1.00,3.00
2015.06.22 04:35:53.152,1.46391,1.46415,1.00,1.37
2015.06.22 04:35:53.203,1.46391,1.46414,1.00,1.37
2015.06.22 04:35:53.356,1.46388,1.46413,1.17,1.37
2015.06.22 04:35:53.509,1.46388,1.46413,1.17,1.50
2015.06.22 04:35:54.595,1.46387,1.46409,1.20,1.12
2015.06.22 04:35:54.901,1.46387,1.46409,1.20,1.37
2015.06.22 04:35:55.261,1.46385,1.46407,1.20,1.12
2015.06.22 04:35:56.435,1.46385,1.46409,1.20,1.12
2015.06.22 04:35:56.638,1.46383,1.46405,1.50,1.00
2015.06.22 04:35:56.943,1.46383,1.46408,1.12,1.87
2015.06.22 04:35:57.045,1.46383,1.46408,1.12,1.87
2015.06.22 04:35:57.609,1.46383,1.46408,1.12,1.87
2015.06.22 04:35:57.712,1.46383,1.46408,1.87,1.87
2015.06.22 04:35:58.271,1.46385,1.46408,2.32,1.50
2015.06.22 04:36:00.458,1.46387,1.46413,1.65,1.37
2015.06.22 04:36:00.509,1.4639,1.46413,1.00,1.37
2015.06.22 04:36:01.035,1.46391,1.46413,1.00,1.37
2015.06.22 04:36:03.329,1.4639,1.46414,1.50,2.25
2015.06.22 04:36:03.858,1.4639,1.46412,1.00,1.37
2015.06.22 04:36:06.823,1.4639,1.46414,1.37,2.25
2015.06.22 04:36:06.874,1.4639,1.46414,1.37,1.87
2015.06.22 04:36:07.078,1.4639,1.46414,1.10,1.37
2015.06.22 04:36:11.093,1.4639,1.46414,1.57,1.37
2015.06.22 04:36:11.489,1.4639,1.46414,1.10,1.37
2015.06.22 04:36:12.102,1.4639,1.46414,1.10,1.37
2015.06.22 04:36:13.571,1.46391,1.46414,1.00,1.37
2015.06.22 04:36:13.783,1.46388,1.46414,1.20,1.87
2015.06.22 04:36:13.885,1.46387,1.46414,2.32,1.87
2015.06.22 04:36:17.580,1.46387,1.46414,1.95,3.00
2015.06.22 04:36:17.884,1.4638,1.46404,1.57,1.37
2015.06.22 04:36:18.039,1.46382,1.46404,1.00,1.00
2015.06.22 04:36:18.142,1.4638,1.46403,1.00,1.00
2015.06.22 04:36:18.194,1.4638,1.46398,1.00,1.00
2015.06.22 04:36:18.687,1.4638,1.46395,1.00,1.00
2015.06.22 04:36:19.095,1.4638,1.46401,1.00,1.50
2015.06.22 04:36:21.302,1.4638,1.46398,1.50,1.00
2015.06.22 04:36:23.115,1.4638,1.46403,1.50,1.50
2015.06.22 04:36:26.025,1.46381,1.46403,1.00,1.50
2015.06.22 04:36:26.380,1.46381,1.464,1.00,1.00
2015.06.22 04:36:26.584,1.46381,1.46403,1.00,1.50
2015.06.22 04:36:27.708,1.46381,1.46404,1.00,1.50
2015.06.22 04:36:27.912,1.46381,1.46402,1.00,1.00
2015.06.22 04:36:28.122,1.46381,1.46404,1.00,1.50
2015.06.22 04:36:28.640,1.46381,1.46405,1.00,1.00
2015.06.22 04:36:28.793,1.46381,1.46403,1.00,1.00
2015.06.22 04:36:29.374,1.46381,1.46402,1.00,1.00
2015.06.22 04:36:30.424,1.46381,1.46399,1.00,1.00
2015.06.22 04:36:30.476,1.46381,1.46402,1.00,1.00
2015.06.22 04:36:39.200,1.46381,1.46403,1.00,1.00
2015.06.22 04:36:39.829,1.46381,1.46404,1.00,1.50
2015.06.22 04:36:51.949,1.46381,1.46402,1.00,1.50
2015.06.22 04:36:52.370,1.46381,1.46402,1.00,1.87
2015.06.22 04:36:53.230,1.46381,1.46401,1.00,1.37
2015.06.22 04:36:58.863,1.46378,1.46402,1.47,3.37
2015.06.22 04:37:04.087,1.46378,1.46403,1.47,1.37
2015.06.22 04:37:04.603,1.46378,1.46403,1.47,1.37
2015.06.22 04:37:05.163,1.46378,1.46403,1.47,1.37
2015.06.22 04:37:06.745,1.46378,1.46403,1.47,1.50
2015.06.22 04:37:07.051,1.46378,1.46403,1.47,1.37
2015.06.22 04:37:07.153,1.46378,1.46403,1.47,1.37
2015.06.22 04:37:07.873,1.46378,1.46403,1.95,1.37
2015.06.22 04:37:08.871,1.46378,1.46403,1.95,1.37
2015.06.22 04:37:10.086,1.46378,1.46403,1.20,1.37
2015.06.22 04:37:10.623,1.46377,1.46401,2.02,1.12
2015.06.22 04:37:12.895,1.46378,1.46403,1.20,1.37
2015.06.22 04:37:12.997,1.46378,1.46403,1.20,1.37
2015.06.22 04:37:13.509,1.46378,1.46403,1.10,1.37
2015.06.22 04:37:14.098,1.46376,1.46402,2.77,1.37
2015.06.22 04:37:15.574,1.46378,1.46403,1.10,1.37
2015.06.22 04:37:18.210,1.4638,1.46404,1.00,1.37
2015.06.22 04:37:18.679,1.46386,1.46404,1.00,1.37
2015.06.22 04:37:18.739,1.46387,1.46408,1.50,1.50
2015.06.22 04:37:18.790,1.46392,1.46408,1.00,1.50
2015.06.22 04:37:19.045,1.46394,1.46413,1.00,1.12
2015.06.22 04:37:19.553,1.46391,1.46415,2.02,1.37
2015.06.22 04:37:19.706,1.46391,1.46415,2.02,3.00
2015.06.22 04:37:20.004,1.46389,1.46415,2.40,2.62
2015.06.22 04:37:20.055,1.46392,1.46415,1.37,1.87
2015.06.22 04:37:20.364,1.46394,1.46417,1.37,1.37
2015.06.22 04:37:20.873,1.46395,1.46417,1.12,1.12
2015.06.22 04:37:21.417,1.46395,1.46417,1.12,1.37
2015.06.22 04:37:33.974,1.46393,1.46413,1.37,1.00
2015.06.22 04:37:34.030,1.46388,1.46411,1.00,1.00
2015.06.22 04:37:34.081,1.46385,1.46411,1.00,2.25
2015.06.22 04:37:34.527,1.46385,1.46409,1.00,1.00
2015.06.22 04:37:34.833,1.46382,1.46405,1.50,1.00
2015.06.22 04:37:35.388,1.46382,1.46408,1.00,1.65
2015.06.22 04:37:36.250,1.46382,1.46407,1.00,1.37
2015.06.22 04:37:37.119,1.46382,1.46408,1.00,1.87
2015.06.22 04:37:37.634,1.46383,1.46407,1.12,1.37
2015.06.22 04:37:37.943,1.46386,1.46408,1.00,1.50
2015.06.22 04:37:37.994,1.46383,1.46407,1.00,1.00
2015.06.22 04:37:38.669,1.46384,1.46407,1.00,1.87
2015.06.22 04:37:39.081,1.46385,1.46407,1.50,1.50
2015.06.22 04:37:39.285,1.46385,1.46407,1.50,1.00
2015.06.22 04:37:39.650,1.46385,1.46409,1.50,1.50
2015.06.22 04:37:40.160,1.46385,1.46409,1.50,1.75
2015.06.22 04:37:40.483,1.46389,1.46408,1.50,1.37
2015.06.22 04:37:41.118,1.46386,1.46404,1.50,1.12
2015.06.22 04:37:41.450,1.46383,1.46406,1.00,1.00
2015.06.22 04:37:41.501,1.46385,1.46408,1.50,1.00
2015.06.22 04:37:41.806,1.4639,1.46409,1.00,1.00
2015.06.22 04:37:42.111,1.4639,1.46411,1.00,1.00
2015.06.22 04:37:42.162,1.4639,1.46411,1.00,1.37
2015.06.22 04:37:42.467,1.4639,1.46408,1.00,1.75
2015.06.22 04:37:42.776,1.46384,1.46406,1.00,1.50
2015.06.22 04:37:42.930,1.46382,1.46407,1.00,1.75
2015.06.22 04:37:42.981,1.46384,1.46407,1.00,1.75
2015.06.22 04:37:43.498,1.46385,1.46407,1.00,1.75
2015.06.22 04:37:44.702,1.46385,1.46406,1.00,1.37
2015.06.22 04:37:45.210,1.46385,1.46406,1.00,1.50
2015.06.22 04:37:47.826,1.46383,1.46407,1.17,2.25
2015.06.22 04:37:48.349,1.46385,1.46407,1.00,1.50
2015.06.22 04:37:49.782,1.46385,1.46407,1.00,1.37
2015.06.22 04:37:50.181,1.46381,1.46405,1.20,2.25
2015.06.22 04:37:50.893,1.46381,1.46402,1.00,1.12
2015.06.22 04:37:50.995,1.46381,1.46402,1.00,1.37
2015.06.22 04:37:51.199,1.46381,1.46405,1.17,1.37
2015.06.22 04:37:51.749,1.46381,1.46405,1.17,1.37
2015.06.22 04:37:53.205,1.46381,1.46405,1.17,1.37
2015.06.22 04:37:53.685,1.46381,1.46405,1.10,1.37
2015.06.22 04:37:54.206,1.46381,1.46405,1.07,1.37
2015.06.22 04:37:55.197,1.46381,1.46405,1.17,1.37
2015.06.22 04:37:55.878,1.46381,1.46405,1.10,1.37
2015.06.22 04:37:56.413,1.46381,1.46405,1.10,1.87
2015.06.22 04:37:57.664,1.46381,1.46404,1.00,1.37
2015.06.22 04:37:58.428,1.46381,1.46405,1.00,1.37
2015.06.22 04:37:58.739,1.46381,1.46405,1.20,1.37
2015.06.22 04:38:00.733,1.46381,1.46405,1.00,1.87
2015.06.22 04:38:01.140,1.46383,1.46405,1.00,1.37
2015.06.22 04:38:01.667,1.46383,1.46405,1.00,1.37
2015.06.22 04:38:02.192,1.46383,1.46409,1.00,2.25
2015.06.22 04:38:02.244,1.46383,1.46409,1.57,1.37
2015.06.22 04:38:02.788,1.46383,1.46409,1.57,1.37
2015.06.22 04:38:03.143,1.46385,1.46409,1.00,1.37
2015.06.22 04:38:03.459,1.46387,1.46412,1.50,1.50
2015.06.22 04:38:03.992,1.46387,1.46412,1.50,1.37
2015.06.22 04:38:07.335,1.46387,1.46412,1.50,1.12
2015.06.22 04:38:07.842,1.46387,1.46413,1.50,1.50
2015.06.22 04:38:09.593,1.46388,1.46413,1.00,1.50
2015.06.22 04:38:09.645,1.46391,1.46416,1.50,3.75
2015.06.22 04:38:10.125,1.46394,1.46417,1.00,3.00
2015.06.22 04:38:11.361,1.46394,1.46417,1.00,3.00
2015.06.22 04:38:11.930,1.46392,1.46414,1.00,1.37
2015.06.22 04:38:12.288,1.46392,1.46416,1.00,1.37
2015.06.22 04:38:12.979,1.46392,1.46417,1.00,2.62
2015.06.22 04:38:13.030,1.46395,1.46417,1.00,1.87
2015.06.22 04:38:14.098,1.46395,1.46417,1.50,1.12
2015.06.22 04:38:14.251,1.46396,1.46422,1.50,2.62
2015.06.22 04:38:14.353,1.46398,1.46422,1.00,1.37
2015.06.22 04:38:16.392,1.46398,1.46422,1.00,1.37
2015.06.22 04:38:16.946,1.46402,1.46423,1.00,2.25
2015.06.22 04:38:17.519,1.46402,1.46423,1.00,1.87
2015.06.22 04:38:18.269,1.46398,1.46422,1.50,1.37
2015.06.22 04:38:20.322,1.46398,1.46422,1.50,1.50
2015.06.22 04:38:20.968,1.46397,1.46421,1.00,1.50
2015.06.22 04:38:21.273,1.464,1.46421,1.00,1.50
2015.06.22 04:38:24.813,1.464,1.46421,1.00,1.37
2015.06.22 04:38:25.187,1.46402,1.46421,1.00,1.37
2015.06.22 04:38:25.792,1.46402,1.46421,1.00,1.37
2015.06.22 04:38:26.521,1.46402,1.46421,1.00,1.37
2015.06.22 04:38:26.572,1.464,1.46421,1.00,1.37
2015.06.22 04:38:27.404,1.464,1.46419,1.00,1.37
2015.06.22 04:38:27.950,1.46399,1.46419,1.00,1.37
2015.06.22 04:38:28.553,1.46399,1.46419,1.00,1.37
2015.06.22 04:38:37.921,1.46399,1.46418,1.00,1.75
2015.06.22 04:38:38.023,1.46395,1.46418,1.50,3.00
2015.06.22 04:38:38.805,1.46395,1.46418,1.50,1.75
2015.06.22 04:38:39.328,1.46394,1.46418,1.10,1.75
2015.06.22 04:38:43.282,1.46395,1.46418,1.00,1.37
2015.06.22 04:38:43.384,1.46398,1.46418,1.00,1.37
2015.06.22 04:38:43.890,1.46399,1.46422,1.00,1.37
2015.06.22 04:38:44.998,1.46399,1.46422,1.00,1.37
2015.06.22 04:38:45.501,1.46403,1.46424,1.00,1.12
2015.06.22 04:38:45.704,1.46407,1.46425,1.00,1.00
2015.06.22 04:38:47.604,1.46405,1.46429,1.00,1.75
2015.06.22 04:38:50.305,1.46408,1.46429,1.00,1.75
2015.06.22 04:38:50.825,1.46408,1.46431,1.00,3.00
2015.06.22 04:38:51.133,1.46405,1.46428,1.00,1.50
2015.06.22 04:38:51.185,1.46405,1.46428,1.00,1.37
2015.06.22 04:38:51.730,1.46405,1.46429,1.50,1.50
2015.06.22 04:38:52.480,1.46405,1.46429,1.50,1.37
2015.06.22 04:38:56.195,1.46405,1.46429,1.50,2.25
2015.06.22 04:38:58.795,1.46406,1.46427,1.00,1.37
2015.06.22 04:38:59.731,1.46405,1.46427,1.00,1.37
2015.06.22 04:39:00.292,1.46405,1.46427,1.00,1.75
2015.06.22 04:39:01.708,1.46406,1.46424,1.00,1.37
2015.06.22 04:39:01.811,1.46403,1.46424,1.65,1.37
2015.06.22 04:39:02.444,1.46401,1.46424,1.00,2.25
2015.06.22 04:39:02.497,1.46404,1.46426,1.00,1.50
2015.06.22 04:39:04.116,1.46403,1.46426,1.00,1.75
2015.06.22 04:39:04.218,1.46401,1.46426,1.50,2.25
2015.06.22 04:39:05.356,1.46401,1.46424,1.50,1.75
2015.06.22 04:39:05.917,1.46403,1.46427,1.57,1.50
2015.06.22 04:39:06.071,1.46404,1.46428,1.50,1.37
2015.06.22 04:39:07.940,1.46402,1.46428,1.57,2.62
2015.06.22 04:39:08.043,1.46406,1.46428,1.00,1.37
2015.06.22 04:39:13.876,1.46408,1.46429,1.00,1.37
2015.06.22 04:39:14.876,1.46408,1.46433,1.37,1.95
2015.06.22 04:39:14.978,1.46411,1.46433,1.00,1.00
2015.06.22 04:39:15.283,1.46418,1.4644,1.00,1.00
2015.06.22 04:39:15.588,1.46422,1.46441,1.00,1.00
2015.06.22 04:39:16.013,1.46421,1.46444,1.00,2.25
2015.06.22 04:39:16.064,1.46418,1.46444,1.50,3.00
2015.06.22 04:39:16.318,1.4642,1.46441,1.00,1.37
2015.06.22 04:39:16.776,1.4642,1.46437,1.00,1.37
2015.06.22 04:39:16.878,1.46418,1.46437,1.00,1.37
2015.06.22 04:39:17.133,1.46418,1.46431,1.00,1.00
2015.06.22 04:39:17.812,1.46417,1.46429,1.00,1.37
2015.06.22 04:39:18.848,1.46408,1.46427,1.00,1.00
2015.06.22 04:39:19.001,1.46408,1.46425,1.00,1.00
2015.06.22 04:39:19.103,1.464,1.46425,1.50,1.12
2015.06.22 04:39:19.431,1.46397,1.4642,2.70,1.00
2015.06.22 04:39:19.483,1.46396,1.4642,2.32,1.00
2015.06.22 04:39:22.616,1.46402,1.4642,1.00,1.00
2015.06.22 04:39:22.820,1.46408,1.4643,1.00,1.50
2015.06.22 04:39:23.121,1.46404,1.4643,1.50,2.25
2015.06.22 04:39:24.022,1.46404,1.46428,1.50,1.50
2015.06.22 04:39:24.893,1.46408,1.4643,1.00,1.50
2015.06.22 04:39:26.600,1.46404,1.46428,1.50,1.50
2015.06.22 04:39:26.905,1.46402,1.46426,2.32,1.37
2015.06.22 04:39:28.303,1.46402,1.46426,1.50,1.37
2015.06.22 04:39:30.571,1.46402,1.46426,1.50,1.12
2015.06.22 04:39:32.229,1.46402,1.46424,1.00,1.00
2015.06.22 04:39:32.848,1.464,1.46424,1.50,1.00
2015.06.22 04:39:33.203,1.46402,1.46426,1.00,1.00
2015.06.22 04:39:50.610,1.46404,1.46426,1.00,1.00
2015.06.22 04:39:51.141,1.46405,1.46427,1.00,1.00
2015.06.22 04:39:52.851,1.46405,1.46429,1.00,1.00
2015.06.22 04:39:52.902,1.46407,1.46429,1.00,1.00
2015.06.22 04:39:53.208,1.46409,1.46429,1.00,1.00
2015.06.22 04:39:53.310,1.46409,1.46432,1.00,1.50
2015.06.22 04:39:53.362,1.46409,1.46432,1.00,1.87
2015.06.22 04:39:58.909,1.46414,1.46433,1.00,1.75
2015.06.22 04:39:59.062,1.46408,1.46434,1.50,2.25
2015.06.22 04:39:59.577,1.46408,1.46434,1.50,2.25
2015.06.22 04:40:00.444,1.46408,1.46434,1.50,2.25
2015.06.22 04:40:00.495,1.4641,1.46434,1.00,1.50
2015.06.22 04:40:01.608,1.46409,1.46433,1.00,1.37
2015.06.22 04:40:01.669,1.46409,1.46433,1.00,1.87
2015.06.22 04:40:03.261,1.46408,1.46434,1.50,3.82
2015.06.22 04:40:03.313,1.46408,1.46434,1.50,2.70
2015.06.22 04:40:03.365,1.46408,1.4643,1.00,1.00
2015.06.22 04:40:03.417,1.46406,1.4643,1.00,1.00
2015.06.22 04:40:03.621,1.46408,1.46433,1.00,1.50
2015.06.22 04:40:03.673,1.46408,1.4643,1.00,1.00
2015.06.22 04:40:03.878,1.46406,1.46431,1.20,1.00
2015.06.22 04:40:04.753,1.46405,1.46431,1.00,1.50
2015.06.22 04:40:05.681,1.46405,1.46431,1.37,1.00
2015.06.22 04:40:05.833,1.4641,1.46434,1.50,1.50
2015.06.22 04:40:06.376,1.46408,1.46431,1.12,1.00
2015.06.22 04:40:08.167,1.46409,1.46431,1.00,1.00
2015.06.22 04:40:08.218,1.46409,1.46434,1.00,1.00
2015.06.22 04:40:08.727,1.46409,1.46435,1.00,1.87
2015.06.22 04:40:09.234,1.4641,1.46435,1.00,1.00
2015.06.22 04:40:14.771,1.46411,1.46436,1.12,1.00
2015.06.22 04:40:15.026,1.46412,1.46437,1.57,1.50
2015.06.22 04:40:15.631,1.46412,1.46432,1.10,1.00
2015.06.22 04:40:16.606,1.46412,1.46438,1.50,1.75
2015.06.22 04:40:17.070,1.46408,1.46432,1.15,1.37
2015.06.22 04:40:17.579,1.46407,1.46429,1.50,1.37
2015.06.22 04:40:18.408,1.46407,1.46429,1.50,1.12
2015.06.22 04:40:18.955,1.4641,1.46432,1.00,1.37
2015.06.22 04:40:19.709,1.46409,1.46432,1.20,1.37
2015.06.22 04:40:20.375,1.46405,1.46429,1.95,1.50
2015.06.22 04:40:20.426,1.46408,1.46434,1.00,2.25
2015.06.22 04:40:20.477,1.4641,1.46434,1.50,1.75
2015.06.22 04:40:20.680,1.4641,1.46435,1.50,1.37
2015.06.22 04:40:20.782,1.46413,1.46435,1.00,1.37
2015.06.22 04:40:20.884,1.4641,1.46435,2.25,1.75
2015.06.22 04:40:20.986,1.4641,1.46435,1.50,1.37
2015.06.22 04:40:21.088,1.46412,1.46435,1.00,1.37
2015.06.22 04:40:21.393,1.4641,1.46435,1.65,1.75
2015.06.22 04:40:22.103,1.4641,1.46435,1.20,3.00
2015.06.22 04:40:22.687,1.4641,1.46435,1.20,3.00
2015.06.22 04:40:23.417,1.4641,1.46435,1.20,3.00
2015.06.22 04:40:23.940,1.4641,1.46435,1.00,3.00
2015.06.22 04:40:29.592,1.4641,1.46436,2.32,2.25
2015.06.22 04:40:35.424,1.46411,1.46436,1.47,1.87
2015.06.22 04:40:35.526,1.46414,1.46439,1.00,1.57
2015.06.22 04:40:36.083,1.46414,1.46439,1.47,1.75
2015.06.22 04:40:37.556,1.46414,1.46439,1.95,1.75
2015.06.22 04:40:38.739,1.46414,1.4644,1.95,1.75
2015.06.22 04:40:39.652,1.46414,1.4644,1.47,1.37
2015.06.22 04:40:39.703,1.46414,1.4644,1.47,1.37
2015.06.22 04:40:40.247,1.46415,1.4644,1.37,3.75
2015.06.22 04:40:42.456,1.46414,1.46439,1.47,1.37
2015.06.22 04:40:42.960,1.46416,1.4644,1.12,1.50
2015.06.22 04:40:43.113,1.46414,1.46438,1.55,1.37
2015.06.22 04:40:43.316,1.46414,1.46437,2.02,1.37
2015.06.22 04:40:45.366,1.46414,1.4644,2.02,1.50
2015.06.22 04:40:45.621,1.46415,1.4644,1.57,1.12
2015.06.22 04:40:45.723,1.46419,1.46442,1.00,1.75
2015.06.22 04:40:45.825,1.46416,1.46442,1.50,3.00
2015.06.22 04:40:46.498,1.46416,1.46442,2.40,3.00
2015.06.22 04:40:49.462,1.46419,1.46442,1.00,1.37
2015.06.22 04:40:49.768,1.46419,1.46444,1.00,1.75
2015.06.22 04:40:50.275,1.46418,1.46444,1.00,2.25
2015.06.22 04:40:51.566,1.46418,1.46444,1.00,1.75
2015.06.22 04:40:53.639,1.46417,1.46439,1.27,1.37
2015.06.22 04:40:53.741,1.46416,1.4644,1.52,1.87
2015.06.22 04:40:53.944,1.46416,1.4644,1.52,1.37
2015.06.22 04:40:54.046,1.46415,1.4644,1.12,1.37
2015.06.22 04:40:54.553,1.46415,1.46439,1.12,1.37
2015.06.22 04:40:55.376,1.46415,1.46439,1.12,1.37
2015.06.22 04:40:55.580,1.46415,1.4644,1.12,1.37
2015.06.22 04:40:56.089,1.46415,1.46439,1.45,1.87
2015.06.22 04:40:56.438,1.46415,1.46439,1.45,2.25
2015.06.22 04:40:57.668,1.46414,1.4644,2.32,1.75
2015.06.22 04:40:57.872,1.46418,1.46441,1.00,1.87
2015.06.22 04:40:57.925,1.46418,1.46441,1.37,1.37
2015.06.22 04:40:59.138,1.46421,1.46444,1.00,1.87
2015.06.22 04:41:00.343,1.46421,1.46444,1.00,1.37
2015.06.22 04:41:02.669,1.46421,1.46445,1.12,1.37
2015.06.22 04:41:03.151,1.46421,1.46438,1.00,1.37
2015.06.22 04:41:03.203,1.46412,1.46438,1.10,1.37
2015.06.22 04:41:03.355,1.46411,1.46433,1.00,1.00
2015.06.22 04:41:03.668,1.4641,1.46433,1.87,1.00
2015.06.22 04:41:04.060,1.4641,1.46433,1.20,1.00
2015.06.22 04:41:06.597,1.4641,1.46433,1.00,1.17
2015.06.22 04:41:07.249,1.46409,1.46433,1.00,1.17
2015.06.22 04:41:08.633,1.46409,1.46433,1.00,1.15
2015.06.22 04:41:09.315,1.46409,1.46433,1.00,1.20
2015.06.22 04:41:11.977,1.46405,1.46431,1.50,1.65
2015.06.22 04:41:12.180,1.46405,1.46428,1.00,1.00
2015.06.22 04:41:12.486,1.46404,1.46422,1.00,1.12
2015.06.22 04:41:12.588,1.46399,1.46421,1.00,1.07
2015.06.22 04:41:12.935,1.46397,1.4642,1.00,1.17
2015.06.22 04:41:13.191,1.46394,1.46417,1.00,1.00
2015.06.22 04:41:13.294,1.46389,1.46415,1.50,1.00
2015.06.22 04:41:13.446,1.46392,1.46418,1.50,1.57
2015.06.22 04:41:14.321,1.46398,1.46418,1.50,1.10
2015.06.22 04:41:14.592,1.46393,1.46416,1.50,1.00
2015.06.22 04:41:14.745,1.46395,1.46416,1.00,1.00
2015.06.22 04:41:14.796,1.46396,1.46418,1.00,1.00
2015.06.22 04:41:15.489,1.46397,1.46419,1.00,1.10
2015.06.22 04:41:15.542,1.46394,1.46418,1.00,1.00
2015.06.22 04:41:15.799,1.46397,1.46419,1.00,1.55
2015.06.22 04:41:15.954,1.46393,1.46417,1.00,1.20
2015.06.22 04:41:16.056,1.46391,1.46417,1.00,2.70
2015.06.22 04:41:16.158,1.46391,1.46415,1.00,1.00
2015.06.22 04:41:16.414,1.46388,1.46413,1.50,1.00
2015.06.22 04:41:16.808,1.46387,1.46413,1.10,2.25
2015.06.22 04:41:17.471,1.46386,1.4641,1.00,1.37
2015.06.22 04:41:17.574,1.46384,1.4641,1.00,1.37
2015.06.22 04:41:18.308,1.46383,1.46408,1.10,1.37
2015.06.22 04:41:18.670,1.46385,1.46409,1.00,1.37
2015.06.22 04:41:20.099,1.46384,1.4641,1.00,1.37
2015.06.22 04:41:20.915,1.46384,1.4641,1.00,1.37
2015.06.22 04:41:21.321,1.46385,1.4641,1.20,1.50
2015.06.22 04:41:21.525,1.46389,1.46413,1.00,1.37
2015.06.22 04:41:31.305,1.46389,1.46413,1.20,1.37
2015.06.22 04:41:31.407,1.46391,1.46415,1.00,1.87
2015.06.22 04:41:31.763,1.46392,1.46415,1.20,1.37
2015.06.22 04:41:32.273,1.46392,1.46415,1.20,1.12
2015.06.22 04:41:32.799,1.46394,1.46415,1.10,1.37
2015.06.22 04:41:32.902,1.46392,1.46417,1.20,1.37
2015.06.22 04:41:32.954,1.46391,1.46417,1.57,1.87
2015.06.22 04:41:33.005,1.46391,1.46417,1.57,2.25
2015.06.22 04:41:33.513,1.46391,1.46417,1.57,1.87
2015.06.22 04:41:34.824,1.46391,1.46417,1.57,1.87
2015.06.22 04:41:34.926,1.46391,1.46417,1.95,1.87
2015.06.22 04:41:35.437,1.46391,1.46417,1.95,1.87
2015.06.22 04:41:36.111,1.46391,1.46417,1.95,1.87
2015.06.22 04:41:36.662,1.46391,1.46417,2.25,1.87
2015.06.22 04:41:36.967,1.46391,1.46417,2.25,1.87
2015.06.22 04:41:37.273,1.46391,1.46417,2.62,1.87
2015.06.22 04:41:38.148,1.46391,1.46417,2.62,1.87
2015.06.22 04:41:39.358,1.46392,1.46417,1.12,1.87
2015.06.22 04:41:40.126,1.46391,1.46417,2.25,1.87
2015.06.22 04:41:40.228,1.46392,1.46417,1.12,1.87
2015.06.22 04:41:40.717,1.46392,1.46417,1.12,1.87
2015.06.22 04:41:40.768,1.46391,1.46417,1.95,1.87
2015.06.22 04:41:40.819,1.46391,1.46417,1.95,1.87
2015.06.22 04:41:41.326,1.46391,1.46417,1.65,1.87
2015.06.22 04:41:43.227,1.46391,1.46417,1.65,1.87
2015.06.22 04:41:43.937,1.46391,1.46417,1.65,2.62
2015.06.22 04:41:44.038,1.46391,1.46417,1.65,2.62
2015.06.22 04:41:44.901,1.46392,1.46416,1.00,1.87
2015.06.22 04:41:47.637,1.46392,1.46416,1.00,1.87
2015.06.22 04:41:48.143,1.46392,1.46415,1.00,1.37
2015.06.22 04:41:49.845,1.46392,1.46415,1.00,1.87
2015.06.22 04:41:50.352,1.46392,1.46415,1.00,1.87
2015.06.22 04:41:50.755,1.46392,1.46414,1.00,1.37
2015.06.22 04:41:52.064,1.46392,1.46412,1.00,1.50
2015.06.22 04:41:52.166,1.46391,1.4641,1.00,1.37
2015.06.22 04:41:52.217,1.46387,1.46411,1.00,1.37
2015.06.22 04:41:52.268,1.46387,1.46411,1.00,1.37
2015.06.22 04:41:52.673,1.46386,1.4641,1.00,1.57
2015.06.22 04:41:52.724,1.46386,1.4641,1.00,1.37
2015.06.22 04:41:53.233,1.46388,1.46411,1.00,1.37
2015.06.22 04:41:53.436,1.46388,1.46414,1.50,1.52
2015.06.22 04:41:53.538,1.46393,1.46415,1.00,1.47
2015.06.22 04:41:54.489,1.46389,1.46415,3.00,1.87
2015.06.22 04:41:54.540,1.46389,1.46415,3.00,2.25
2015.06.22 04:41:55.736,1.46389,1.46415,2.25,2.32
2015.06.22 04:41:56.636,1.46389,1.46415,1.50,2.32
2015.06.22 04:41:58.260,1.46389,1.46415,1.65,2.25
2015.06.22 04:41:58.925,1.46389,1.46415,1.50,2.25
2015.06.22 04:41:59.583,1.46389,1.46415,1.95,2.25
2015.06.22 04:42:00.032,1.46389,1.46415,1.50,2.32
2015.06.22 04:42:00.582,1.46389,1.46415,1.65,2.25
2015.06.22 04:42:02.196,1.46389,1.46411,1.15,1.12
2015.06.22 04:42:04.267,1.46387,1.46411,1.75,1.37
2015.06.22 04:42:05.068,1.46386,1.46405,1.45,1.00
2015.06.22 04:42:05.176,1.46381,1.46405,1.87,1.00
2015.06.22 04:42:05.279,1.46382,1.46405,1.20,1.00
2015.06.22 04:42:05.432,1.46381,1.46405,1.57,1.00
2015.06.22 04:42:05.968,1.46381,1.46405,1.20,1.00
2015.06.22 04:42:10.016,1.46381,1.46405,2.25,1.00
2015.06.22 04:42:10.528,1.46385,1.46409,1.50,1.12
2015.06.22 04:42:10.579,1.46385,1.46409,1.87,1.12
2015.06.22 04:42:10.682,1.46385,1.46409,1.20,1.12
2015.06.22 04:42:10.786,1.46386,1.46409,1.12,1.12
2015.06.22 04:42:10.939,1.46385,1.46409,1.15,1.12
2015.06.22 04:42:10.990,1.46385,1.46409,1.45,1.12
2015.06.22 04:42:11.296,1.46386,1.46409,1.12,1.12
2015.06.22 04:42:11.348,1.46385,1.46409,1.20,1.12
2015.06.22 04:42:11.450,1.46386,1.46409,1.12,1.12
2015.06.22 04:42:11.602,1.46385,1.46409,1.20,1.12
2015.06.22 04:42:11.654,1.46385,1.46409,1.87,1.12
2015.06.22 04:42:11.806,1.46385,1.46409,1.20,1.12
2015.06.22 04:42:12.153,1.46385,1.46409,1.57,1.12
2015.06.22 04:42:12.255,1.46385,1.46409,1.20,1.12
2015.06.22 04:42:12.357,1.46385,1.46409,1.87,1.12
2015.06.22 04:42:12.459,1.46385,1.46409,1.20,1.12
2015.06.22 04:42:12.561,1.46386,1.46409,1.12,1.12
2015.06.22 04:42:12.663,1.46385,1.46409,1.20,1.12
2015.06.22 04:42:12.765,1.46385,1.46409,1.87,1.12
2015.06.22 04:42:12.881,1.46385,1.46409,1.15,1.12
2015.06.22 04:42:13.013,1.46386,1.46409,1.12,1.12
2015.06.22 04:42:13.118,1.46385,1.46409,1.20,1.12
2015.06.22 04:42:13.220,1.46385,1.46409,1.87,1.12
2015.06.22 04:42:13.322,1.46385,1.46409,1.20,1.12
2015.06.22 04:42:13.474,1.46386,1.46409,1.12,1.12
2015.06.22 04:42:13.576,1.46385,1.46409,1.20,1.12
2015.06.22 04:42:13.627,1.46385,1.46409,1.87,1.12
2015.06.22 04:42:13.785,1.46385,1.46409,1.17,1.12
2015.06.22 04:42:13.887,1.46386,1.46409,1.12,1.12
2015.06.22 04:42:14.005,1.46385,1.46409,1.17,1.12
2015.06.22 04:42:14.556,1.46386,1.46409,1.12,1.00
2015.06.22 04:42:14.659,1.46385,1.46409,1.20,1.00
2015.06.22 04:42:14.761,1.46385,1.46409,1.87,1.00
2015.06.22 04:42:14.863,1.46385,1.46409,1.10,1.00
2015.06.22 04:42:15.836,1.46386,1.46409,1.00,1.00
2015.06.22 04:42:16.483,1.46387,1.46411,1.00,1.37
2015.06.22 04:42:18.420,1.46387,1.46411,1.00,1.37
2015.06.22 04:42:18.522,1.46385,1.46411,1.50,1.87
2015.06.22 04:42:19.046,1.46386,1.46412,1.00,1.47
2015.06.22 04:42:19.554,1.46385,1.46411,2.25,1.37
2015.06.22 04:42:21.042,1.46385,1.46411,2.25,1.50
2015.06.22 04:42:21.093,1.46387,1.46411,1.00,1.50
2015.06.22 04:42:21.400,1.46391,1.46418,2.25,1.15
2015.06.22 04:42:21.893,1.46395,1.46415,1.00,1.00
2015.06.22 04:42:22.046,1.46393,1.46415,1.00,1.00
2015.06.22 04:42:22.453,1.46395,1.46415,1.00,1.00
2015.06.22 04:42:23.561,1.46391,1.46415,1.00,1.00
2015.06.22 04:42:24.073,1.46392,1.46415,1.00,1.95
2015.06.22 04:42:24.225,1.46389,1.46415,1.50,1.57
2015.06.22 04:42:24.758,1.46389,1.46415,1.50,1.65
2015.06.22 04:42:25.260,1.46391,1.46415,1.00,1.65
2015.06.22 04:42:25.312,1.46389,1.46415,1.00,1.65
2015.06.22 04:42:26.078,1.46389,1.46415,1.00,1.00
2015.06.22 04:42:26.383,1.46394,1.46416,1.00,1.57
2015.06.22 04:42:27.627,1.46394,1.46415,1.00,1.12
2015.06.22 04:42:27.678,1.46388,1.46414,1.50,1.50
2015.06.22 04:42:28.185,1.46387,1.46413,1.00,1.50
2015.06.22 04:42:29.151,1.46388,1.46413,1.00,1.50
2015.06.22 04:42:29.711,1.46387,1.46413,1.50,1.50
2015.06.22 04:42:30.292,1.46389,1.46413,1.00,1.50
2015.06.22 04:42:31.326,1.46389,1.46414,1.00,1.50
2015.06.22 04:42:31.630,1.46391,1.46414,1.00,1.00
2015.06.22 04:42:35.773,1.46393,1.46417,1.00,2.40
2015.06.22 04:42:36.307,1.46394,1.46417,1.00,1.65
2015.06.22 04:42:39.233,1.46392,1.46417,1.50,2.40
2015.06.22 04:42:39.914,1.46393,1.46417,1.00,2.40
2015.06.22 04:42:40.319,1.46395,1.46417,1.00,1.65
2015.06.22 04:42:41.048,1.46395,1.46417,1.00,1.57
2015.06.22 04:42:41.552,1.46395,1.46417,1.00,1.65
2015.06.22 04:42:42.072,1.46395,1.46417,1.00,1.57
2015.06.22 04:42:43.459,1.46395,1.46417,1.00,1.65
2015.06.22 04:42:46.163,1.46395,1.46417,1.00,1.95
2015.06.22 04:42:50.261,1.46391,1.46417,1.00,2.02
2015.06.22 04:42:50.783,1.46391,1.46416,1.00,1.50
2015.06.22 04:42:51.087,1.46395,1.46417,1.00,1.65
2015.06.22 04:42:51.805,1.46396,1.46418,1.00,1.07
2015.06.22 04:42:52.107,1.46398,1.46418,1.00,1.00
2015.06.22 04:42:52.259,1.46398,1.4642,1.00,1.00
2015.06.22 04:42:52.767,1.46398,1.46422,1.00,2.40
2015.06.22 04:42:53.342,1.46402,1.46423,1.00,1.15
2015.06.22 04:42:55.651,1.46404,1.46422,1.00,1.27
2015.06.22 04:42:56.161,1.46403,1.46422,1.50,1.55
2015.06.22 04:42:56.674,1.46403,1.46425,1.50,3.37
2015.06.22 04:42:56.955,1.464,1.46424,1.00,2.32
2015.06.22 04:42:59.457,1.46398,1.46423,1.50,1.15
2015.06.22 04:43:00.259,1.46396,1.46421,1.87,1.10
2015.06.22 04:43:02.223,1.46398,1.46421,1.00,1.10
2015.06.22 04:43:02.759,1.464,1.46422,1.00,1.17
2015.06.22 04:43:02.861,1.46398,1.46422,1.50,1.17
2015.06.22 04:43:03.384,1.46399,1.46422,1.00,2.02
2015.06.22 04:43:03.742,1.46397,1.46421,1.00,1.20
2015.06.22 04:43:03.793,1.46397,1.46419,1.00,1.12
2015.06.22 04:43:03.997,1.46391,1.46416,1.00,1.87
2015.06.22 04:43:04.048,1.4639,1.46413,1.00,1.50
2015.06.22 04:43:04.302,1.46388,1.46414,1.50,2.25
2015.06.22 04:43:05.786,1.46388,1.46412,1.50,1.00
2015.06.22 04:43:06.658,1.46388,1.46413,1.50,1.00
2015.06.22 04:43:07.236,1.46388,1.46413,1.87,1.00
2015.06.22 04:43:07.760,1.46388,1.46413,1.50,1.00
2015.06.22 04:43:08.546,1.46388,1.46408,1.50,1.00
2015.06.22 04:43:08.888,1.46388,1.46413,1.50,1.00
2015.06.22 04:43:11.197,1.46388,1.46413,1.87,1.00
2015.06.22 04:43:11.710,1.46388,1.46413,1.50,1.00
2015.06.22 04:43:12.213,1.46388,1.46414,1.50,2.32
2015.06.22 04:43:12.796,1.46388,1.46412,1.00,1.00
2015.06.22 04:43:12.848,1.46386,1.46412,1.00,1.12
2015.06.22 04:43:12.900,1.46386,1.4641,1.00,1.00
2015.06.22 04:43:15.302,1.46383,1.46407,1.12,1.00
2015.06.22 04:43:19.178,1.46385,1.46407,1.00,1.00
2015.06.22 04:43:21.555,1.46385,1.46409,1.00,1.37
2015.06.22 04:43:22.062,1.46383,1.46407,1.37,1.50
2015.06.22 04:43:23.064,1.46385,1.46407,1.12,1.00
2015.06.22 04:43:23.166,1.46386,1.4641,1.00,1.00
2015.06.22 04:43:23.684,1.46386,1.46408,1.87,1.00
2015.06.22 04:43:23.736,1.46386,1.4641,1.37,1.87
2015.06.22 04:43:25.757,1.46385,1.46409,1.37,1.00
2015.06.22 04:43:26.321,1.46386,1.4641,1.37,1.00
2015.06.22 04:43:31.523,1.46386,1.46408,1.37,1.00
2015.06.22 04:43:31.828,1.46383,1.46403,1.00,1.65
2015.06.22 04:43:31.879,1.46377,1.46402,1.87,1.27
2015.06.22 04:43:31.981,1.46376,1.464,1.37,1.00
2015.06.22 04:43:32.286,1.4638,1.46404,1.50,1.15
2015.06.22 04:43:32.621,1.4638,1.46404,1.50,1.10
2015.06.22 04:43:32.877,1.46382,1.46406,1.00,2.25
2015.06.22 04:43:33.131,1.4638,1.46406,1.50,2.25
2015.06.22 04:43:33.182,1.4638,1.46406,1.87,2.40
2015.06.22 04:43:33.284,1.4638,1.46406,1.87,2.25
2015.06.22 04:43:33.808,1.4638,1.46404,1.00,1.00
2015.06.22 04:43:38.052,1.4638,1.46402,1.00,1.00
2015.06.22 04:43:38.103,1.46376,1.46402,2.25,1.87
2015.06.22 04:43:39.104,1.46376,1.46402,2.62,1.50
2015.06.22 04:43:39.206,1.46376,1.46402,3.75,1.50
2015.06.22 04:43:39.308,1.4638,1.46405,1.10,3.00
2015.06.22 04:43:40.206,1.4638,1.46405,1.47,1.50
2015.06.22 04:43:40.630,1.46383,1.46408,2.62,1.10
2015.06.22 04:43:43.259,1.46383,1.46409,1.87,2.25
2015.06.22 04:43:46.823,1.46386,1.46407,1.00,1.75
2015.06.22 04:43:47.342,1.4638,1.46404,1.50,1.37
2015.06.22 04:43:47.851,1.46382,1.46404,1.00,1.45
2015.06.22 04:43:48.438,1.46382,1.46404,1.00,1.82
2015.06.22 04:43:48.540,1.46379,1.46403,1.00,1.85
2015.06.22 04:43:48.643,1.46377,1.46402,1.00,2.25
2015.06.22 04:43:49.153,1.46376,1.46402,1.50,2.40
2015.06.22 04:43:55.981,1.46376,1.46401,1.50,1.75
2015.06.22 04:43:56.637,1.46373,1.46399,2.25,1.87
2015.06.22 04:43:57.188,1.46372,1.46398,2.25,1.12
2015.06.22 04:43:58.759,1.46375,1.46398,1.00,1.12
2015.06.22 04:43:58.821,1.46375,1.46401,2.25,3.52
2015.06.22 04:43:59.076,1.46375,1.46398,1.00,1.00
2015.06.22 04:44:03.123,1.46374,1.46398,1.50,1.00
2015.06.22 04:44:09.087,1.46374,1.46396,1.00,1.00
2015.06.22 04:44:09.740,1.46372,1.46396,2.62,1.00
2015.06.22 04:44:10.659,1.46376,1.46398,1.00,1.50
2015.06.22 04:44:13.972,1.46374,1.46398,1.87,1.00
2015.06.22 04:44:15.984,1.46376,1.46398,1.00,1.00
2015.06.22 04:44:22.132,1.46374,1.46398,1.12,1.00
2015.06.22 04:44:26.453,1.46375,1.46398,1.00,1.00
2015.06.22 04:44:27.479,1.46374,1.46398,1.87,1.00
2015.06.22 04:44:29.499,1.46375,1.46401,1.00,1.10
2015.06.22 04:44:30.209,1.46376,1.46402,1.00,2.02
2015.06.22 04:44:44.047,1.46376,1.46402,1.00,3.15
2015.06.22 04:44:50.296,1.46373,1.46399,1.87,1.00
2015.06.22 04:44:51.123,1.46376,1.464,1.00,1.50
2015.06.22 04:44:58.061,1.4638,1.46401,1.00,1.10
2015.06.22 04:44:58.672,1.4638,1.46402,1.00,1.12
2015.06.22 04:44:59.217,1.4638,1.46402,1.00,1.27
2015.06.22 04:45:02.384,1.4638,1.46404,1.50,1.65
2015.06.22 04:45:03.299,1.4638,1.46403,2.62,1.47
2015.06.22 04:45:05.771,1.4638,1.46403,2.62,1.47
2015.06.22 04:45:06.959,1.4638,1.46404,2.62,1.37
2015.06.22 04:45:10.182,1.46385,1.46405,1.00,1.47
2015.06.22 04:45:10.877,1.46384,1.46406,1.00,1.12
2015.06.22 04:45:15.068,1.46385,1.46406,1.00,1.12
2015.06.22 04:45:15.367,1.46382,1.46406,1.87,1.12
2015.06.22 04:45:15.776,1.46382,1.46405,1.12,1.12
2015.06.22 04:45:17.984,1.46383,1.46407,1.00,2.25
2015.06.22 04:45:18.085,1.46386,1.46407,1.00,2.25
2015.06.22 04:45:18.400,1.46388,1.46407,1.00,2.25
2015.06.22 04:45:19.359,1.46387,1.46407,1.00,1.75
2015.06.22 04:45:19.410,1.46385,1.46405,1.00,1.12
2015.06.22 04:45:19.512,1.46385,1.46405,1.00,1.87
2015.06.22 04:45:20.459,1.46386,1.46403,1.00,1.57
2015.06.22 04:45:20.510,1.46386,1.46403,1.00,1.20
2015.06.22 04:45:20.613,1.46386,1.4641,1.00,3.37
2015.06.22 04:45:21.140,1.46386,1.4641,1.50,1.10
2015.06.22 04:45:21.191,1.4639,1.46411,1.00,1.17
2015.06.22 04:45:21.548,1.46391,1.46414,1.00,1.20
2015.06.22 04:45:21.600,1.46391,1.46416,1.50,1.50
2015.06.22 04:45:22.518,1.46395,1.46417,1.00,1.95
2015.06.22 04:45:22.625,1.46395,1.46419,1.00,1.20
2015.06.22 04:45:22.778,1.46393,1.46417,1.00,1.00
2015.06.22 04:45:22.880,1.46391,1.46418,2.25,1.65
2015.06.22 04:45:22.932,1.46391,1.46416,1.87,1.00
2015.06.22 04:45:23.084,1.46391,1.46418,2.62,1.65
2015.06.22 04:45:23.136,1.46391,1.46416,1.50,1.00
2015.06.22 04:45:24.092,1.46394,1.4642,1.50,3.75
2015.06.22 04:45:25.135,1.46396,1.4642,1.00,3.00
2015.06.22 04:45:27.188,1.46397,1.46419,1.00,1.15
2015.06.22 04:45:27.392,1.46395,1.46417,1.50,1.00
2015.06.22 04:45:27.494,1.46395,1.46415,1.50,1.00
2015.06.22 04:45:27.870,1.46395,1.46417,1.50,1.50
2015.06.22 04:45:30.198,1.46394,1.46417,1.00,1.50
2015.06.22 04:45:31.429,1.46394,1.46416,1.00,1.00
2015.06.22 04:45:32.160,1.46394,1.46415,1.00,1.00
2015.06.22 04:45:33.003,1.46394,1.46417,1.00,1.50
2015.06.22 04:45:33.206,1.46395,1.46415,1.00,1.00
2015.06.22 04:45:33.912,1.46395,1.46417,1.00,1.00
2015.06.22 04:45:35.639,1.46395,1.46414,1.00,1.00
2015.06.22 04:45:41.707,1.46393,1.46414,1.50,1.00
2015.06.22 04:45:41.810,1.46391,1.46409,1.50,1.00
2015.06.22 04:45:42.320,1.4639,1.46409,1.00,1.00
2015.06.22 04:45:48.240,1.46395,1.46409,1.00,1.00
2015.06.22 04:45:48.292,1.46395,1.46414,1.00,1.65
2015.06.22 04:45:48.751,1.46392,1.46412,1.00,1.00
2015.06.22 04:45:49.256,1.46394,1.46415,1.00,1.17
2015.06.22 04:45:49.663,1.46396,1.46413,1.00,1.00
2015.06.22 04:45:49.816,1.46396,1.46415,1.00,1.50
2015.06.22 04:45:51.472,1.46396,1.46417,1.00,1.15
2015.06.22 04:45:52.003,1.46397,1.4642,1.00,2.25
2015.06.22 04:45:55.684,1.46394,1.46418,1.50,1.65
2015.06.22 04:45:58.989,1.46395,1.46418,1.00,1.17
2015.06.22 04:45:59.294,1.46393,1.46418,1.87,1.17
2015.06.22 04:46:03.864,1.46396,1.46419,1.00,2.32
2015.06.22 04:46:08.868,1.46398,1.46419,1.00,1.20
2015.06.22 04:46:08.971,1.46398,1.4642,1.00,1.20
2015.06.22 04:46:09.728,1.46398,1.46419,1.00,1.00
2015.06.22 04:46:09.983,1.46398,1.46419,1.00,1.37
2015.06.22 04:46:10.085,1.46396,1.46417,1.50,1.12
2015.06.22 04:46:10.592,1.46397,1.46417,1.00,1.20
2015.06.22 04:46:17.789,1.46396,1.46416,1.00,1.10
2015.06.22 04:46:19.715,1.46396,1.46417,1.00,1.20
2015.06.22 04:46:20.258,1.46396,1.4642,1.87,2.25
2015.06.22 04:46:20.309,1.46399,1.4642,1.00,1.50
2015.06.22 04:46:20.615,1.46403,1.46422,1.00,2.25
2015.06.22 04:46:25.269,1.46404,1.46423,1.00,1.12
2015.06.22 04:46:26.087,1.46404,1.46424,1.00,1.87
2015.06.22 04:46:26.138,1.46404,1.46424,1.00,1.20
2015.06.22 04:46:30.508,1.46405,1.46424,1.50,1.20
2015.06.22 04:46:32.481,1.46405,1.46424,1.00,1.00
2015.06.22 04:46:32.533,1.46409,1.46424,1.00,1.00
2015.06.22 04:46:32.838,1.46409,1.46426,1.00,1.00
2015.06.22 04:46:33.321,1.46407,1.46426,1.00,1.57
2015.06.22 04:46:33.374,1.46402,1.46426,1.00,1.57
2015.06.22 04:46:35.222,1.46402,1.46426,1.00,1.95
2015.06.22 04:46:40.844,1.46402,1.46426,1.00,3.52
2015.06.22 04:46:40.946,1.46399,1.46425,1.50,2.02
2015.06.22 04:46:42.055,1.46397,1.46416,1.00,1.87
2015.06.22 04:46:42.106,1.4639,1.46416,1.50,2.62
2015.06.22 04:46:42.157,1.46394,1.46416,1.00,1.12
2015.06.22 04:46:43.947,1.46396,1.46416,1.00,1.12
2015.06.22 04:46:44.456,1.46396,1.4642,1.00,2.02
2015.06.22 04:46:44.964,1.46396,1.4642,1.00,2.02
2015.06.22 04:46:45.402,1.46399,1.4642,1.00,2.02
2015.06.22 04:46:45.562,1.46397,1.4642,1.00,2.02
2015.06.22 04:46:46.490,1.46397,1.4642,1.00,1.57
2015.06.22 04:46:47.020,1.46397,1.4642,1.00,1.57
2015.06.22 04:46:47.325,1.46399,1.46421,1.00,1.27
2015.06.22 04:46:47.834,1.46399,1.46421,1.00,1.10
2015.06.22 04:46:48.271,1.46399,1.46423,1.00,1.10
2015.06.22 04:46:48.323,1.46405,1.46427,1.00,1.27
2015.06.22 04:46:48.831,1.46405,1.46427,1.00,1.20
2015.06.22 04:46:49.251,1.464,1.46426,1.00,1.00
2015.06.22 04:46:50.152,1.46399,1.46425,2.25,1.50
2015.06.22 04:46:50.804,1.46399,1.46425,2.25,1.87
2015.06.22 04:46:51.346,1.46397,1.46421,1.37,1.00
2015.06.22 04:46:51.802,1.46394,1.4642,1.57,1.87
2015.06.22 04:46:52.566,1.46396,1.46422,1.87,1.50
2015.06.22 04:47:00.067,1.46396,1.46418,1.00,1.00
2015.06.22 04:47:00.118,1.46394,1.46418,1.00,1.00
2015.06.22 04:47:05.085,1.46392,1.46416,1.00,1.37
2015.06.22 04:47:05.390,1.46389,1.46413,1.00,1.00
2015.06.22 04:47:05.492,1.46386,1.46412,1.20,1.12
2015.06.22 04:47:07.135,1.46386,1.46411,1.00,1.12
2015.06.22 04:47:10.107,1.46385,1.46411,1.50,2.62
2015.06.22 04:47:10.609,1.46384,1.4641,1.00,1.00
2015.06.22 04:47:13.172,1.46384,1.4641,1.00,1.37
2015.06.22 04:47:13.926,1.46384,1.46408,1.00,1.37
2015.06.22 04:47:13.984,1.4638,1.46406,2.25,1.50
2015.06.22 04:47:14.491,1.4638,1.46405,1.50,1.00
2015.06.22 04:47:16.163,1.4638,1.46406,1.50,1.57
2015.06.22 04:47:21.180,1.4638,1.46404,1.00,1.00
2015.06.22 04:47:22.766,1.46383,1.46407,1.00,2.02
2015.06.22 04:47:23.845,1.46383,1.46409,1.50,2.77
2015.06.22 04:47:28.611,1.46384,1.46409,1.00,1.50
2015.06.22 04:47:28.913,1.46389,1.46412,1.00,1.00
2015.06.22 04:47:29.680,1.46389,1.46412,1.00,1.37
2015.06.22 04:47:31.210,1.46386,1.46409,1.10,1.00
2015.06.22 04:47:32.265,1.46385,1.46409,1.00,1.00
2015.06.22 04:47:33.202,1.46385,1.46409,1.00,1.37
2015.06.22 04:47:45.034,1.46385,1.46409,1.50,1.00
2015.06.22 04:47:50.252,1.46385,1.4641,1.00,2.32
2015.06.22 04:47:52.536,1.46384,1.4641,2.25,1.57
2015.06.22 04:47:53.134,1.46384,1.4641,2.25,1.95
2015.06.22 04:47:53.389,1.4638,1.46404,1.50,1.12
2015.06.22 04:47:54.039,1.46383,1.46404,1.00,1.00
2015.06.22 04:47:55.450,1.46383,1.46404,1.37,1.00
2015.06.22 04:47:55.553,1.46385,1.46411,1.57,1.10
2015.06.22 04:47:55.656,1.46387,1.46413,1.50,1.87
2015.06.22 04:47:56.483,1.46389,1.46413,1.00,1.50
2015.06.22 04:47:56.788,1.46389,1.46409,1.00,1.00
2015.06.22 04:47:56.839,1.46386,1.46409,1.37,1.00
2015.06.22 04:47:58.883,1.46385,1.46409,1.00,1.00
2015.06.22 04:48:00.847,1.46384,1.46409,1.12,1.00
2015.06.22 04:48:01.050,1.46382,1.46409,2.02,1.00
2015.06.22 04:48:01.253,1.46382,1.46409,2.70,1.00
2015.06.22 04:48:01.456,1.46382,1.46409,1.57,1.00
2015.06.22 04:48:01.507,1.46382,1.46409,1.27,1.00
2015.06.22 04:48:01.661,1.46385,1.46409,1.00,1.00
2015.06.22 04:48:16.004,1.46385,1.4641,1.17,1.00
2015.06.22 04:48:16.316,1.46384,1.46409,1.87,1.87
2015.06.22 04:48:16.622,1.46384,1.46405,1.00,1.00
2015.06.22 04:48:17.387,1.46381,1.46405,1.52,1.00
2015.06.22 04:48:20.546,1.4638,1.46405,1.95,1.00
2015.06.22 04:48:28.486,1.4638,1.46405,1.95,1.00
2015.06.22 04:48:29.247,1.4638,1.46405,1.95,1.00
2015.06.22 04:48:29.999,1.4638,1.46405,1.95,1.00
2015.06.22 04:48:30.557,1.4638,1.46405,1.57,1.00
2015.06.22 04:48:31.514,1.46378,1.46403,1.45,2.25
2015.06.22 04:48:31.571,1.46377,1.46403,1.00,2.62
2015.06.22 04:48:31.623,1.46377,1.46401,1.00,1.00
2015.06.22 04:48:31.725,1.46374,1.464,1.57,1.50
2015.06.22 04:48:31.776,1.46374,1.46397,1.50,1.00
2015.06.22 04:48:32.081,1.46381,1.46407,1.50,2.70
2015.06.22 04:48:32.536,1.46382,1.46407,1.65,1.00
2015.06.22 04:48:32.893,1.46382,1.46405,1.65,1.00
2015.06.22 04:48:33.244,1.46382,1.46403,1.50,1.37
2015.06.22 04:48:33.295,1.46373,1.464,2.02,1.00
2015.06.22 04:48:33.447,1.46376,1.464,1.00,1.00
2015.06.22 04:48:33.904,1.46374,1.46399,1.00,1.00
2015.06.22 04:48:34.107,1.46376,1.464,1.00,1.00
2015.06.22 04:48:34.534,1.46376,1.464,1.00,1.37
2015.06.22 04:48:34.636,1.46376,1.464,1.00,1.00
2015.06.22 04:48:34.687,1.46378,1.464,1.00,1.00
2015.06.22 04:48:35.305,1.46377,1.46403,1.50,2.77
2015.06.22 04:48:35.813,1.46377,1.46403,1.50,2.77
2015.06.22 04:48:36.224,1.4638,1.46403,1.00,2.77
2015.06.22 04:48:36.579,1.46379,1.46403,1.00,2.70
2015.06.22 04:48:40.376,1.46378,1.46401,1.00,1.07
2015.06.22 04:48:40.529,1.46376,1.46398,1.00,1.12
2015.06.22 04:48:40.733,1.46376,1.46396,1.00,1.00
2015.06.22 04:48:41.243,1.46375,1.46396,1.00,1.00
2015.06.22 04:48:42.149,1.46375,1.46397,1.00,1.10
2015.06.22 04:48:42.455,1.46377,1.46397,1.00,1.10
2015.06.22 04:48:43.182,1.46379,1.46397,1.00,1.00
2015.06.22 04:48:45.038,1.4638,1.46397,1.37,1.00
2015.06.22 04:48:45.140,1.4638,1.46401,1.87,1.07
2015.06.22 04:48:45.191,1.46386,1.46401,1.00,1.00
2015.06.22 04:48:45.242,1.46386,1.46408,1.87,1.07
2015.06.22 04:48:45.344,1.46389,1.46408,1.00,1.00
2015.06.22 04:48:45.667,1.46389,1.4641,1.00,1.00
2015.06.22 04:48:45.719,1.46389,1.4641,1.20,1.00
2015.06.22 04:48:46.029,1.46389,1.4641,1.10,1.00
2015.06.22 04:48:46.991,1.46393,1.4641,1.00,1.00
2015.06.22 04:48:47.144,1.46393,1.46413,1.00,1.50
2015.06.22 04:48:48.971,1.46392,1.46413,1.00,1.50
2015.06.22 04:48:49.073,1.46392,1.4641,1.00,1.00
2015.06.22 04:48:51.778,1.46392,1.46412,1.00,1.50
2015.06.22 04:48:51.931,1.46392,1.46414,1.00,1.87
2015.06.22 04:48:52.033,1.46395,1.46414,1.00,1.87
2015.06.22 04:48:56.443,1.46399,1.46414,1.00,1.00
2015.06.22 04:48:56.699,1.464,1.46416,1.00,1.00
2015.06.22 04:48:56.903,1.46402,1.46418,1.00,1.00
2015.06.22 04:48:56.955,1.46402,1.46424,1.00,1.65
2015.06.22 04:48:57.300,1.46411,1.46425,1.00,1.00
2015.06.22 04:48:59.408,1.46408,1.46425,1.00,1.00
2015.06.22 04:48:59.666,1.46411,1.46428,1.00,1.10
2015.06.22 04:48:59.972,1.46413,1.46429,1.00,1.12
2015.06.22 04:49:00.654,1.46414,1.46429,1.00,1.12
2015.06.22 04:49:00.858,1.46411,1.46429,1.00,1.12
2015.06.22 04:49:01.393,1.46412,1.46429,1.00,1.12
2015.06.22 04:49:03.126,1.46412,1.4643,1.00,1.10
2015.06.22 04:49:03.545,1.46414,1.46434,1.00,2.02
2015.06.22 04:49:03.596,1.46413,1.46434,1.00,2.02
2015.06.22 04:49:03.977,1.46413,1.46431,1.00,1.27
2015.06.22 04:49:06.164,1.46413,1.46433,1.00,2.25
2015.06.22 04:49:06.266,1.46413,1.46433,1.00,1.57
2015.06.22 04:49:06.317,1.46413,1.46433,1.00,1.20
2015.06.22 04:49:06.885,1.46413,1.46431,1.00,1.12
2015.06.22 04:49:07.384,1.46413,1.46431,1.00,2.25
2015.06.22 04:49:11.876,1.46411,1.4643,1.00,1.12
2015.06.22 04:49:15.571,1.46407,1.4643,1.00,1.12
2015.06.22 04:49:16.063,1.46407,1.4643,1.00,1.50
2015.06.22 04:49:17.173,1.46407,1.4643,1.00,1.12
2015.06.22 04:49:19.260,1.46407,1.46429,1.00,1.20
2015.06.22 04:49:20.337,1.46407,1.46429,1.00,1.50
2015.06.22 04:49:20.388,1.46407,1.46429,1.00,1.07
2015.06.22 04:49:20.999,1.46407,1.46432,1.00,2.62
2015.06.22 04:49:22.993,1.46407,1.46432,1.00,3.00
2015.06.22 04:49:27.399,1.46407,1.46428,1.00,1.47
2015.06.22 04:49:27.603,1.46405,1.46426,1.00,1.00
2015.06.22 04:49:28.114,1.46405,1.46428,1.00,1.37
2015.06.22 04:49:28.883,1.46405,1.46428,1.00,1.10
2015.06.22 04:49:28.934,1.46408,1.46428,1.00,1.10
2015.06.22 04:49:30.218,1.46406,1.46428,1.00,1.10
2015.06.22 04:49:31.418,1.46408,1.46428,1.00,1.10
2015.06.22 04:49:31.977,1.46409,1.46428,1.00,1.10
2015.06.22 04:49:33.587,1.46407,1.46428,1.00,1.10
2015.06.22 04:49:34.178,1.46408,1.46428,1.00,1.10
2015.06.22 04:49:34.699,1.46407,1.46428,1.00,1.10
2015.06.22 04:49:34.750,1.46407,1.46428,1.00,1.12
2015.06.22 04:49:36.424,1.46408,1.4643,1.00,1.20
2015.06.22 04:49:36.752,1.46408,1.4643,1.00,2.25
2015.06.22 04:49:36.907,1.46408,1.4643,1.00,1.10
2015.06.22 04:49:36.959,1.46408,1.4643,1.00,1.75
2015.06.22 04:49:37.063,1.46408,1.4643,1.00,1.45
2015.06.22 04:49:37.115,1.46408,1.4643,1.00,1.17
2015.06.22 04:49:37.813,1.46407,1.4643,1.00,1.17
2015.06.22 04:49:37.966,1.46407,1.46429,1.00,1.12
2015.06.22 04:49:38.413,1.46407,1.4643,1.00,1.07
2015.06.22 04:49:38.840,1.46407,1.4643,1.00,1.50
2015.06.22 04:49:39.805,1.46407,1.4643,1.00,1.17
2015.06.22 04:49:40.568,1.46406,1.4643,1.00,1.17
2015.06.22 04:49:40.786,1.46406,1.4643,1.00,1.47
2015.06.22 04:49:41.289,1.46407,1.4643,1.00,1.45
2015.06.22 04:49:41.608,1.46411,1.4643,1.00,1.17
2015.06.22 04:49:41.666,1.46411,1.46435,1.00,2.32
2015.06.22 04:49:41.891,1.46411,1.46435,1.00,2.70
2015.06.22 04:49:42.398,1.46411,1.4643,1.00,1.12
2015.06.22 04:49:42.550,1.46411,1.46432,1.00,1.87
2015.06.22 04:49:42.602,1.46411,1.46432,1.00,1.20
2015.06.22 04:49:43.759,1.46411,1.46432,1.00,1.82
2015.06.22 04:49:44.119,1.46411,1.46432,1.00,1.20
2015.06.22 04:49:44.323,1.46411,1.46432,1.00,1.82
2015.06.22 04:49:44.477,1.4641,1.46432,1.00,1.45
2015.06.22 04:49:45.601,1.46411,1.46432,1.00,1.45
2015.06.22 04:49:46.162,1.4641,1.46432,1.00,1.45
2015.06.22 04:49:49.714,1.46408,1.46432,1.50,1.20
2015.06.22 04:49:49.866,1.46407,1.46426,1.50,1.00
2015.06.22 04:49:49.969,1.46407,1.46428,1.00,1.00
2015.06.22 04:49:50.020,1.4641,1.4643,1.00,1.10
2015.06.22 04:49:50.123,1.46407,1.4643,1.00,1.15
2015.06.22 04:49:50.633,1.46407,1.4643,1.00,1.10
2015.06.22 04:49:53.691,1.46407,1.46427,1.00,1.00
2015.06.22 04:49:54.117,1.46407,1.4643,1.00,1.10
2015.06.22 04:49:55.662,1.46407,1.4643,1.00,1.47
2015.06.22 04:49:55.714,1.46407,1.46424,1.00,1.00
2015.06.22 04:49:55.816,1.46407,1.46428,1.00,1.00
2015.06.22 04:49:55.867,1.46404,1.46428,1.50,1.00
2015.06.22 04:49:55.969,1.46408,1.46428,1.00,1.12
2015.06.22 04:49:56.475,1.46408,1.46428,1.00,1.17
2015.06.22 04:49:56.526,1.46408,1.46429,1.00,1.57
2015.06.22 04:50:00.906,1.46406,1.46429,1.00,1.50
2015.06.22 04:50:01.211,1.46406,1.46422,1.00,1.00
2015.06.22 04:50:01.365,1.46399,1.46421,1.07,1.00
2015.06.22 04:50:01.416,1.46399,1.46416,1.00,1.00
2015.06.22 04:50:01.991,1.46399,1.46422,1.00,1.00
2015.06.22 04:50:02.043,1.46404,1.46423,1.00,1.50
2015.06.22 04:50:02.666,1.46408,1.46427,1.00,1.57
2015.06.22 04:50:02.972,1.46408,1.46429,1.00,1.17
2015.06.22 04:50:03.481,1.46408,1.46429,1.00,1.20
2015.06.22 04:50:05.431,1.46406,1.46429,1.00,1.47
2015.06.22 04:50:06.033,1.46407,1.46429,1.00,1.20
2015.06.22 04:50:06.592,1.46407,1.46429,1.00,1.07
2015.06.22 04:50:08.172,1.46408,1.46432,1.00,1.87
2015.06.22 04:50:08.223,1.46408,1.46431,1.00,1.12
2015.06.22 04:50:08.427,1.46408,1.46432,1.00,1.57
2015.06.22 04:50:08.478,1.46408,1.46432,1.00,1.20
2015.06.22 04:50:10.473,1.46407,1.46432,1.00,1.95
2015.06.22 04:50:13.253,1.46407,1.46432,1.00,2.10
2015.06.22 04:50:15.399,1.46407,1.46426,1.00,1.00
2015.06.22 04:50:15.553,1.46404,1.46426,1.00,1.50
2015.06.22 04:50:16.571,1.46403,1.46427,1.00,1.00
2015.06.22 04:50:16.978,1.46405,1.46427,1.00,1.00
2015.06.22 04:50:18.605,1.46403,1.46426,1.00,1.00
2015.06.22 04:50:21.394,1.46402,1.46426,1.10,1.00
2015.06.22 04:50:25.535,1.46403,1.46426,1.00,1.00
2015.06.22 04:50:26.037,1.464,1.46426,2.70,1.00
2015.06.22 04:50:27.317,1.464,1.46426,2.40,1.00
2015.06.22 04:50:28.029,1.464,1.46426,2.40,1.00
2015.06.22 04:50:30.290,1.46401,1.46426,1.00,1.00
2015.06.22 04:50:30.712,1.46404,1.46426,1.37,1.00
2015.06.22 04:50:30.769,1.46404,1.46428,1.75,1.00
2015.06.22 04:50:30.820,1.46409,1.46429,1.37,1.00
2015.06.22 04:50:30.872,1.46409,1.46435,1.37,1.87
2015.06.22 04:50:30.923,1.4641,1.46435,1.12,1.00
2015.06.22 04:50:31.025,1.4641,1.46435,1.47,1.00
2015.06.22 04:50:31.680,1.4641,1.46436,2.02,1.00
2015.06.22 04:50:32.427,1.4641,1.46436,2.02,1.00
2015.06.22 04:50:32.833,1.4641,1.46436,1.87,1.07
2015.06.22 04:50:33.958,1.46409,1.46436,1.50,2.40
2015.06.22 04:50:34.581,1.46409,1.46433,1.00,1.12
2015.06.22 04:50:35.269,1.46409,1.4643,1.00,1.00
2015.06.22 04:50:35.860,1.46408,1.46429,1.37,1.00
2015.06.22 04:50:40.855,1.46426,1.4643,1.50,1.50
2015.06.22 04:50:41.161,1.4641,1.46433,1.00,1.00
2015.06.22 04:50:41.212,1.46413,1.46433,1.00,1.00
2015.06.22 04:50:41.263,1.46414,1.46439,1.00,1.50
2015.06.22 04:50:41.365,1.46411,1.46435,1.50,1.00
2015.06.22 04:50:41.467,1.46415,1.46435,1.00,1.00
2015.06.22 04:50:41.721,1.46411,1.46435,1.50,1.00
2015.06.22 04:50:43.368,1.46411,1.46435,1.37,1.00
2015.06.22 04:50:44.140,1.46411,1.46435,1.12,1.00
2015.06.22 04:50:44.343,1.46411,1.46435,1.37,1.00
2015.06.22 04:50:47.598,1.46422,1.46446,1.20,1.00
2015.06.22 04:50:48.683,1.46425,1.46449,1.00,1.87
2015.06.22 04:50:49.556,1.46425,1.46451,1.50,1.87
2015.06.22 04:50:49.608,1.46427,1.46451,1.00,1.37
2015.06.22 04:50:50.116,1.46428,1.46452,1.00,2.25
2015.06.22 04:50:50.995,1.46428,1.46452,1.00,2.25
2015.06.22 04:50:51.333,1.46426,1.46449,1.00,1.37
2015.06.22 04:50:51.859,1.46425,1.46449,1.00,1.87
2015.06.22 04:50:52.897,1.46426,1.46449,1.00,1.37
2015.06.22 04:50:53.693,1.46426,1.46449,1.00,1.00
2015.06.22 04:50:54.202,1.46426,1.46449,1.00,1.37
2015.06.22 04:50:56.630,1.46426,1.4645,1.00,1.87
2015.06.22 04:50:56.954,1.46424,1.4645,1.50,1.95
2015.06.22 04:50:59.255,1.46424,1.46447,1.00,1.12
2015.06.22 04:50:59.831,1.46423,1.46447,1.50,1.12
2015.06.22 04:51:00.347,1.46422,1.46446,1.50,1.00
2015.06.22 04:51:00.803,1.46421,1.46439,1.00,1.00
2015.06.22 04:51:00.855,1.46414,1.46439,1.20,1.00
2015.06.22 04:51:01.557,1.46414,1.46439,1.07,1.00
2015.06.22 04:51:02.078,1.46414,1.46439,1.07,1.37
2015.06.22 04:51:04.395,1.46414,1.46438,1.00,1.12
2015.06.22 04:51:07.441,1.46414,1.46437,1.00,1.00
2015.06.22 04:51:07.962,1.46414,1.46439,1.00,1.37
2015.06.22 04:51:08.475,1.46412,1.46438,1.07,1.12
2015.06.22 04:51:12.313,1.46412,1.46437,1.07,1.00
2015.06.22 04:51:13.778,1.46412,1.46437,1.07,1.87
2015.06.22 04:51:13.982,1.46411,1.46435,1.10,1.37
2015.06.22 04:51:14.287,1.46415,1.46436,1.00,1.20
2015.06.22 04:51:16.577,1.46415,1.46439,1.00,1.47
2015.06.22 04:51:18.565,1.46415,1.46439,1.00,1.20
2015.06.22 04:51:21.236,1.46418,1.4644,1.00,1.27
2015.06.22 04:51:23.758,1.46418,1.46442,1.00,2.70
2015.06.22 04:51:25.180,1.46418,1.46439,1.00,1.00
2015.06.22 04:51:26.645,1.46418,1.46442,1.00,1.95
2015.06.22 04:51:27.043,1.46418,1.46439,1.00,1.00
2015.06.22 04:51:29.643,1.46415,1.46439,1.00,1.00
2015.06.22 04:51:35.519,1.46417,1.46439,1.37,1.00
2015.06.22 04:51:35.621,1.46419,1.46441,1.37,1.00
2015.06.22 04:51:35.673,1.46419,1.46444,1.87,1.07
2015.06.22 04:51:35.724,1.46421,1.46444,1.37,1.07
2015.06.22 04:51:35.776,1.46421,1.46445,1.37,1.00
2015.06.22 04:51:35.931,1.46424,1.46447,1.00,1.50
2015.06.22 04:51:37.129,1.46426,1.46447,1.00,1.00
2015.06.22 04:51:37.632,1.46427,1.46447,1.00,1.00
2015.06.22 04:51:39.596,1.46427,1.46451,1.00,1.95
2015.06.22 04:51:39.647,1.46433,1.46451,1.00,1.10
2015.06.22 04:51:39.800,1.46429,1.46451,1.00,1.17
2015.06.22 04:51:40.353,1.46429,1.46453,1.00,1.55
2015.06.22 04:51:40.506,1.46429,1.46453,1.00,1.57
2015.06.22 04:51:45.548,1.46429,1.46453,1.00,1.65
2015.06.22 04:51:47.634,1.46429,1.46451,1.00,1.00
2015.06.22 04:51:47.685,1.46427,1.46451,1.00,1.00
2015.06.22 04:51:48.040,1.46426,1.46449,1.00,1.37
2015.06.22 04:51:48.669,1.46424,1.46448,1.00,1.00
2015.06.22 04:51:49.186,1.46423,1.46447,1.00,1.00
2015.06.22 04:51:49.691,1.46421,1.46447,1.27,1.00
2015.06.22 04:51:50.515,1.46425,1.46449,1.00,2.62
2015.06.22 04:51:55.063,1.46426,1.46449,1.00,1.00
2015.06.22 04:51:55.114,1.46426,1.46452,1.50,1.65
2015.06.22 04:51:55.166,1.46429,1.46452,1.00,1.17
2015.06.22 04:51:55.318,1.46429,1.46453,1.00,1.00
2015.06.22 04:51:56.550,1.4643,1.46454,1.00,1.00
2015.06.22 04:51:57.063,1.46431,1.46455,1.00,1.50
2015.06.22 04:51:57.650,1.46431,1.46453,1.00,1.00
2015.06.22 04:51:58.769,1.4643,1.46453,1.50,1.00
2015.06.22 04:52:01.364,1.4643,1.46455,1.50,1.17
2015.06.22 04:52:03.784,1.4643,1.46453,1.50,1.00
2015.06.22 04:52:04.622,1.46433,1.46453,1.00,1.00
2015.06.22 04:52:04.927,1.46435,1.46458,1.00,2.32
2015.06.22 04:52:05.238,1.46434,1.46454,1.00,1.00
2015.06.22 04:52:05.340,1.46432,1.46457,1.00,1.87
2015.06.22 04:52:05.494,1.46435,1.46456,1.00,1.20
2015.06.22 04:52:06.729,1.46437,1.46459,1.50,1.87
2015.06.22 04:52:07.536,1.46437,1.46461,1.50,1.12
2015.06.22 04:52:07.689,1.46437,1.46461,1.87,1.12
2015.06.22 04:52:08.623,1.46439,1.46463,1.50,1.10
2015.06.22 04:52:09.082,1.46441,1.46465,1.00,2.02
2015.06.22 04:52:10.552,1.46439,1.46465,1.50,2.02
2015.06.22 04:52:10.655,1.46441,1.46467,1.50,3.37
2015.06.22 04:52:11.205,1.4644,1.46466,1.50,2.32
2015.06.22 04:52:11.513,1.46437,1.46463,1.00,2.32
2015.06.22 04:52:11.882,1.46436,1.46457,1.00,1.00
2015.06.22 04:52:11.942,1.46433,1.46457,1.00,1.00
2015.06.22 04:52:19.902,1.46432,1.46455,1.00,1.50
2015.06.22 04:52:20.309,1.46429,1.46455,1.50,1.87
2015.06.22 04:52:20.817,1.46429,1.46455,1.50,2.32
2015.06.22 04:52:23.654,1.46431,1.46455,1.00,1.75
2015.06.22 04:52:23.756,1.46427,1.4645,1.50,1.00
2015.06.22 04:52:23.808,1.46427,1.46452,1.50,1.00
2015.06.22 04:52:24.265,1.46427,1.46448,1.00,1.50
2015.06.22 04:52:24.621,1.46425,1.46448,1.00,1.50
2015.06.22 04:52:25.130,1.46426,1.46447,1.00,1.87
2015.06.22 04:52:25.588,1.46424,1.46448,1.00,1.00
2015.06.22 04:52:25.690,1.46428,1.4645,1.00,1.00
2015.06.22 04:52:25.791,1.46428,1.46452,1.00,1.00
2015.06.22 04:52:26.045,1.46431,1.46452,1.00,1.00
2015.06.22 04:52:26.348,1.46433,1.46456,1.50,1.07
2015.06.22 04:52:26.401,1.46435,1.46459,1.00,1.50
2015.06.22 04:52:26.959,1.46435,1.46459,1.37,1.00
2015.06.22 04:52:27.264,1.46435,1.46456,1.00,1.00
2015.06.22 04:52:27.468,1.4643,1.46454,1.00,1.12
2015.06.22 04:52:27.622,1.46433,1.46454,1.00,1.00
2015.06.22 04:52:28.163,1.46438,1.46454,1.50,1.00
2015.06.22 04:52:28.219,1.46446,1.46471,1.00,2.32
2015.06.22 04:52:28.270,1.46449,1.46472,1.50,1.12
2015.06.22 04:52:28.424,1.46449,1.46475,1.50,2.70
2015.06.22 04:52:28.577,1.46449,1.46475,1.50,2.32
2015.06.22 04:52:28.730,1.46452,1.46475,1.50,1.57
2015.06.22 04:52:28.782,1.46452,1.46479,2.25,1.15
2015.06.22 04:52:29.477,1.46456,1.46479,1.00,1.00
2015.06.22 04:52:30.214,1.46456,1.46478,1.00,1.00
2015.06.22 04:52:31.274,1.46456,1.46479,1.00,1.00
2015.06.22 04:52:31.579,1.46457,1.46479,1.37,1.00
2015.06.22 04:52:31.819,1.46459,1.46484,1.87,1.50
2015.06.22 04:52:31.870,1.46464,1.46484,1.00,1.00
2015.06.22 04:52:32.074,1.46465,1.46489,1.00,1.02
2015.06.22 04:52:32.126,1.46465,1.46488,1.10,1.37
2015.06.22 04:52:32.432,1.46459,1.46483,1.50,1.00
2015.06.22 04:52:32.956,1.46456,1.4648,1.00,1.00
2015.06.22 04:52:36.193,1.46458,1.4648,1.00,1.00
2015.06.22 04:52:36.294,1.46458,1.46483,1.37,1.00
2015.06.22 04:52:36.825,1.46461,1.46487,1.50,3.07
2015.06.22 04:52:36.927,1.46458,1.46483,1.85,1.50
2015.06.22 04:52:37.738,1.46458,1.46483,1.57,1.50
2015.06.22 04:52:39.016,1.46458,1.4648,1.57,1.00
2015.06.22 04:52:39.547,1.46458,1.4648,1.00,1.00
2015.06.22 04:52:42.716,1.46456,1.4648,2.62,1.00
2015.06.22 04:52:44.123,1.46456,1.46485,1.87,1.95
2015.06.22 04:52:44.275,1.46454,1.46485,1.20,1.37
2015.06.22 04:52:44.783,1.46454,1.46482,1.20,1.00
2015.06.22 04:52:49.055,1.46454,1.46482,1.47,1.00
2015.06.22 04:52:49.896,1.46455,1.46485,1.37,2.62
2015.06.22 04:52:49.998,1.46456,1.46485,1.50,2.62
2015.06.22 04:52:50.507,1.46455,1.46484,1.57,1.12
2015.06.22 04:52:51.423,1.46455,1.46482,1.57,1.00
2015.06.22 04:52:53.462,1.46454,1.46481,1.65,1.00
2015.06.22 04:52:53.673,1.46454,1.46481,1.55,1.00
2015.06.22 04:52:53.978,1.46454,1.46479,1.55,1.00
2015.06.22 04:52:54.269,1.46454,1.46482,1.55,1.00
2015.06.22 04:52:56.118,1.46454,1.46482,1.55,1.00
2015.06.22 04:52:57.102,1.46455,1.46482,1.45,1.00
2015.06.22 04:52:57.407,1.46455,1.46482,1.45,1.00
2015.06.22 04:52:57.812,1.46455,1.46482,1.45,1.00
2015.06.22 04:53:01.067,1.46454,1.46482,1.95,1.12
2015.06.22 04:53:01.118,1.46455,1.46479,1.12,1.00
2015.06.22 04:53:01.991,1.46454,1.46479,1.00,1.00
2015.06.22 04:53:02.668,1.46452,1.46478,1.87,1.00
2015.06.22 04:53:02.974,1.4645,1.46476,1.57,1.00
2015.06.22 04:53:03.077,1.4645,1.46479,1.57,1.00
2015.06.22 04:53:03.586,1.46451,1.46479,1.47,1.00
2015.06.22 04:53:04.116,1.46452,1.4648,1.37,1.00
2015.06.22 04:53:04.736,1.46452,1.46481,1.57,1.87
2015.06.22 04:53:05.385,1.46452,1.4648,1.57,1.00
2015.06.22 04:53:05.437,1.46452,1.4648,1.27,1.37
2015.06.22 04:53:07.611,1.46453,1.4648,1.00,1.37
2015.06.22 04:53:08.128,1.46453,1.4648,1.12,1.12
2015.06.22 04:53:09.932,1.46454,1.4648,1.00,1.12
2015.06.22 04:53:10.034,1.46457,1.4648,1.37,1.00
2015.06.22 04:53:10.136,1.46457,1.46485,1.00,1.57
2015.06.22 04:53:10.340,1.46455,1.46483,1.10,1.37
2015.06.22 04:53:10.953,1.46459,1.46483,1.00,1.42
2015.06.22 04:53:11.005,1.46463,1.46486,1.00,1.00
2015.06.22 04:53:11.056,1.46463,1.46488,1.00,1.10
2015.06.22 04:53:11.210,1.46465,1.46492,1.00,1.11
2015.06.22 04:53:11.518,1.4647,1.46495,1.00,1.84
2015.06.22 04:53:12.147,1.46468,1.46495,1.00,1.59
2015.06.22 04:53:13.858,1.46468,1.46496,1.00,2.41
2015.06.22 04:53:14.642,1.46467,1.46495,1.00,1.59
2015.06.22 04:53:15.185,1.46467,1.46495,1.00,1.59
2015.06.22 04:53:16.073,1.46465,1.4649,1.00,1.01
2015.06.22 04:53:16.125,1.46467,1.46488,1.00,1.37
2015.06.22 04:53:16.229,1.46464,1.46488,1.00,1.37
2015.06.22 04:53:16.751,1.46463,1.46489,1.00,1.37
2015.06.22 04:53:17.262,1.46462,1.4649,1.00,2.34
2015.06.22 04:53:17.887,1.46461,1.4649,1.50,2.34
2015.06.22 04:53:18.336,1.4646,1.46488,1.00,2.02
2015.06.22 04:53:18.845,1.46459,1.46486,1.00,1.57
2015.06.22 04:53:20.274,1.46461,1.46486,1.00,1.57
2015.06.22 04:53:20.437,1.46459,1.46486,1.00,1.57
2015.06.22 04:53:20.946,1.46459,1.46486,1.37,1.57
2015.06.22 04:53:21.602,1.46459,1.46486,1.12,1.57
2015.06.22 04:53:23.567,1.46459,1.46486,1.37,2.02
2015.06.22 04:53:24.076,1.46459,1.46486,1.37,1.57
2015.06.22 04:53:24.279,1.46456,1.46486,1.75,1.27
2015.06.22 04:53:24.836,1.46457,1.46486,1.57,1.12
2015.06.22 04:53:25.367,1.46457,1.46486,1.65,1.37
2015.06.22 04:53:26.958,1.46457,1.46486,1.65,1.12
2015.06.22 04:53:30.271,1.46461,1.46487,1.37,1.00
2015.06.22 04:53:30.373,1.4646,1.46489,1.37,1.66
2015.06.22 04:53:32.921,1.46463,1.46493,1.85,1.19
2015.06.22 04:53:33.241,1.46464,1.46492,1.00,1.21
2015.06.22 04:53:33.296,1.46464,1.4649,1.00,1.19
2015.06.22 04:53:33.500,1.46461,1.4649,1.00,1.66
2015.06.22 04:53:34.742,1.4646,1.46489,1.37,1.95
2015.06.22 04:53:35.255,1.46461,1.46487,1.37,1.17
2015.06.22 04:53:37.178,1.4646,1.46488,1.37,1.65
2015.06.22 04:53:37.483,1.4646,1.46488,1.37,1.65
2015.06.22 04:53:37.737,1.4646,1.46488,1.37,1.12
2015.06.22 04:53:40.429,1.46461,1.46488,1.75,1.50
2015.06.22 04:53:40.582,1.46466,1.46493,1.75,1.10
2015.06.22 04:53:40.684,1.46467,1.46495,1.75,1.15
2015.06.22 04:53:40.888,1.46472,1.46497,1.50,1.17
2015.06.22 04:53:40.991,1.46472,1.46498,1.75,1.25
2015.06.22 04:53:41.519,1.46474,1.46497,1.50,1.00
2015.06.22 04:53:41.984,1.46474,1.46497,1.37,1.00
2015.06.22 04:53:42.227,1.46474,1.46501,1.37,1.17
2015.06.22 04:53:42.585,1.46472,1.46501,2.02,1.00
2015.06.22 04:53:42.890,1.46472,1.46501,3.15,1.00
2015.06.22 04:53:43.370,1.46474,1.46501,1.37,1.00
2015.06.22 04:53:45.102,1.46475,1.46501,1.37,1.37
2015.06.22 04:53:45.204,1.46475,1.46501,1.37,1.00
2015.06.22 04:53:46.451,1.46475,1.46505,1.37,3.15
2015.06.22 04:53:50.898,1.46474,1.46503,1.37,1.47
2015.06.22 04:53:51.001,1.46474,1.46503,1.37,1.47
2015.06.22 04:53:52.416,1.46474,1.46503,1.37,1.47
2015.06.22 04:53:53.652,1.46472,1.465,2.62,1.00
2015.06.22 04:53:54.185,1.46472,1.46503,1.87,1.52
2015.06.22 04:53:54.351,1.46472,1.46503,3.00,1.52
2015.06.22 04:53:55.119,1.46474,1.46502,1.37,1.00
2015.06.22 04:53:55.680,1.46472,1.46502,3.15,1.12
2015.06.22 04:53:56.439,1.46472,1.46502,3.90,1.00
2015.06.22 04:53:56.540,1.46472,1.46502,3.52,1.37
2015.06.22 04:53:56.742,1.46472,1.46502,3.90,1.37
2015.06.22 04:54:02.083,1.46472,1.46502,2.02,1.37
2015.06.22 04:54:08.892,1.46472,1.46501,1.75,1.95
2015.06.22 04:54:17.282,1.46471,1.46501,1.47,1.10
2015.06.22 04:54:19.064,1.46471,1.46498,1.47,1.00
2015.06.22 04:54:19.115,1.4647,1.465,1.17,1.37
2015.06.22 04:54:19.217,1.46471,1.46501,1.20,1.10
2015.06.22 04:54:19.420,1.46472,1.46502,1.37,1.47
2015.06.22 04:54:20.164,1.46472,1.46503,1.37,1.27
2015.06.22 04:54:23.545,1.46472,1.46503,1.00,1.55
2015.06.22 04:54:23.728,1.46472,1.46503,1.00,1.55
2015.06.22 04:54:27.413,1.46472,1.46501,1.00,1.37
2015.06.22 04:54:28.530,1.4647,1.46501,1.57,1.87
2015.06.22 04:54:29.740,1.4647,1.46499,1.20,1.37
2015.06.22 04:54:31.214,1.4647,1.46499,1.10,1.37
2015.06.22 04:54:31.471,1.4647,1.46499,1.27,1.12
2015.06.22 04:54:32.250,1.4647,1.46499,1.12,1.20
2015.06.22 04:54:32.352,1.4647,1.46499,1.00,1.47
2015.06.22 04:54:32.707,1.4647,1.46499,1.57,1.37
2015.06.22 04:54:33.383,1.4647,1.46499,2.32,1.00
2015.06.22 04:54:33.638,1.4647,1.46501,3.37,1.00
2015.06.22 04:54:34.146,1.46472,1.46502,1.17,1.01
2015.06.22 04:54:34.655,1.46472,1.46503,1.27,2.02
2015.06.22 04:54:35.164,1.46472,1.46503,1.55,2.02
2015.06.22 04:54:35.828,1.46478,1.46503,1.00,2.02
2015.06.22 04:54:37.450,1.46479,1.46503,1.00,2.02
2015.06.22 04:54:37.995,1.46479,1.46503,1.00,2.02
2015.06.22 04:54:39.746,1.46478,1.46501,1.00,1.87
2015.06.22 04:54:40.295,1.46478,1.46501,1.00,1.57
2015.06.22 04:54:40.899,1.46478,1.46501,1.00,2.02
2015.06.22 04:54:42.577,1.46478,1.46501,1.00,2.02
2015.06.22 04:54:43.103,1.46479,1.46503,1.00,2.32
2015.06.22 04:54:45.247,1.46479,1.46503,1.00,1.95
2015.06.22 04:54:45.844,1.46478,1.46502,1.00,1.65
2015.06.22 04:54:49.411,1.46479,1.46499,1.00,1.37
2015.06.22 04:54:54.998,1.46478,1.46499,1.00,1.37
2015.06.22 04:55:01.150,1.46477,1.46499,1.00,2.25
2015.06.22 04:55:02.060,1.46477,1.46492,1.00,1.00
2015.06.22 04:55:03.526,1.46478,1.46497,1.00,1.00
2015.06.22 04:55:04.500,1.46478,1.46498,1.00,1.00
2015.06.22 04:55:04.911,1.46478,1.46497,1.00,1.87
2015.06.22 04:55:05.622,1.46477,1.46496,1.00,1.12
2015.06.22 04:55:06.544,1.46479,1.46496,1.00,1.00
2015.06.22 04:55:06.799,1.46477,1.46496,1.00,1.00
2015.06.22 04:55:07.325,1.46478,1.46497,1.00,1.00
2015.06.22 04:55:08.113,1.46478,1.46495,1.00,1.00
2015.06.22 04:55:10.067,1.46477,1.46495,1.00,1.00
2015.06.22 04:55:11.216,1.46478,1.46495,1.00,1.00
2015.06.22 04:55:12.065,1.46477,1.46495,1.00,1.00
2015.06.22 04:55:12.994,1.46478,1.46495,1.00,1.00
2015.06.22 04:55:19.588,1.46478,1.46498,1.00,1.00
2015.06.22 04:55:20.046,1.46478,1.46498,1.00,1.37
2015.06.22 04:55:30.493,1.46477,1.46496,1.00,1.12
2015.06.22 04:55:31.017,1.46477,1.46496,1.00,1.37
2015.06.22 04:55:31.625,1.46477,1.46496,1.00,1.12
2015.06.22 04:55:32.133,1.46478,1.46496,1.00,1.12
2015.06.22 04:55:33.712,1.46478,1.46494,1.00,1.12
2015.06.22 04:55:34.829,1.46478,1.46496,1.00,1.50
2015.06.22 04:55:39.129,1.46478,1.46494,1.00,1.00
2015.06.22 04:55:39.887,1.46477,1.46494,1.00,1.00
2015.06.22 04:55:40.699,1.46478,1.4649,1.00,1.00
2015.06.22 04:55:47.958,1.46477,1.4649,1.00,1.00
2015.06.22 04:55:49.887,1.46476,1.4649,1.00,1.00
2015.06.22 04:55:51.481,1.46477,1.4649,1.00,1.00
2015.06.22 04:55:51.583,1.46477,1.46494,1.00,1.00
2015.06.22 04:55:52.091,1.46478,1.46494,1.00,1.00
2015.06.22 04:55:54.189,1.46478,1.46499,1.00,1.00
2015.06.22 04:55:54.342,1.46478,1.46497,1.00,1.00
2015.06.22 04:55:54.546,1.46478,1.46499,1.00,1.00
2015.06.22 04:55:59.576,1.46478,1.46495,1.00,1.00
2015.06.22 04:56:02.994,1.46477,1.46495,1.00,1.00
2015.06.22 04:56:03.198,1.46475,1.46495,1.00,1.00
2015.06.22 04:56:06.413,1.46476,1.46495,1.00,1.00
2015.06.22 04:56:07.293,1.46476,1.46493,1.00,1.00
2015.06.22 04:56:07.802,1.46475,1.46493,1.00,1.00
2015.06.22 04:56:08.333,1.46474,1.46493,1.00,1.00
2015.06.22 04:56:08.639,1.46467,1.46484,1.00,1.12
2015.06.22 04:56:08.993,1.46458,1.46478,1.00,1.00
2015.06.22 04:56:09.045,1.46458,1.46475,1.00,1.00
2015.06.22 04:56:09.354,1.46456,1.46471,1.00,1.00
2015.06.22 04:56:09.457,1.46454,1.46471,1.00,1.00
2015.06.22 04:56:09.751,1.46454,1.46473,1.00,1.50
2015.06.22 04:56:10.108,1.46458,1.46473,1.00,1.00
2015.06.22 04:56:10.506,1.46456,1.46474,1.00,1.00
2015.06.22 04:56:10.659,1.46458,1.46474,1.00,1.00
2015.06.22 04:56:10.981,1.46456,1.46474,1.00,1.00
2015.06.22 04:56:11.084,1.46458,1.46475,1.00,1.00
2015.06.22 04:56:12.438,1.4646,1.46475,1.00,1.00
2015.06.22 04:56:13.085,1.46457,1.46475,1.00,1.00
2015.06.22 04:56:14.349,1.46457,1.46478,1.00,1.00
2015.06.22 04:56:14.603,1.4646,1.46478,1.00,1.00
2015.06.22 04:56:17.356,1.46461,1.46478,1.00,1.00
2015.06.22 04:56:18.902,1.46459,1.46477,1.00,1.00
2015.06.22 04:56:20.434,1.46461,1.46477,1.00,1.00
2015.06.22 04:56:20.985,1.46461,1.46478,1.00,1.00
2015.06.22 04:56:21.264,1.46461,1.4648,1.00,2.25
2015.06.22 04:56:23.772,1.46462,1.4648,1.00,1.50
2015.06.22 04:56:23.874,1.4646,1.4648,1.00,1.50
2015.06.22 04:56:25.750,1.46462,1.4648,1.00,1.50
2015.06.22 04:56:26.382,1.46463,1.4648,1.00,1.50
2015.06.22 04:56:26.693,1.46463,1.46478,1.00,1.00
2015.06.22 04:56:28.569,1.46461,1.46478,1.00,1.00
2015.06.22 04:56:29.479,1.46455,1.46478,1.00,1.00
2015.06.22 04:56:30.702,1.46454,1.46478,1.50,1.00
2015.06.22 04:56:31.331,1.46455,1.46478,1.00,1.00
2015.06.22 04:56:32.410,1.46457,1.46478,1.00,1.00
2015.06.22 04:56:32.780,1.46468,1.46479,1.00,1.00
2015.06.22 04:56:32.832,1.4647,1.46493,1.50,1.00
2015.06.22 04:56:32.999,1.4647,1.46493,1.87,1.00
2015.06.22 04:56:33.507,1.46471,1.46494,1.95,1.00
2015.06.22 04:56:34.330,1.46471,1.46492,1.20,1.00
2015.06.22 04:56:34.778,1.4647,1.46492,1.10,1.00
2015.06.22 04:56:35.017,1.46468,1.46492,1.10,1.00
2015.06.22 04:56:35.531,1.46469,1.46492,1.10,1.37
2015.06.22 04:56:35.932,1.46469,1.46487,1.20,1.00
2015.06.22 04:56:39.147,1.46469,1.46488,1.00,1.00
2015.06.22 04:56:40.005,1.46468,1.46488,1.57,1.00
2015.06.22 04:56:40.315,1.46468,1.46486,1.10,1.00
2015.06.22 04:56:40.367,1.46468,1.46488,1.10,1.50
2015.06.22 04:56:40.635,1.46468,1.46484,1.10,1.00
2015.06.22 04:56:41.229,1.46464,1.4648,1.00,1.50
2015.06.22 04:56:43.869,1.46463,1.4648,1.10,1.50
2015.06.22 04:56:44.605,1.46463,1.4648,1.15,1.50
2015.06.22 04:56:46.915,1.46463,1.4648,1.10,1.50
2015.06.22 04:57:00.445,1.46461,1.4648,1.87,1.87
2015.06.22 04:57:06.386,1.46462,1.4648,1.20,1.50
2015.06.22 04:57:09.295,1.46461,1.4648,1.45,1.87
2015.06.22 04:57:09.811,1.46461,1.4648,1.45,1.87
2015.06.22 04:57:10.014,1.46461,1.46478,1.00,1.87
2015.06.22 04:57:10.890,1.4646,1.46478,1.95,1.50
2015.06.22 04:57:15.444,1.46462,1.46479,1.10,1.00
2015.06.22 04:57:21.725,1.46462,1.46481,1.10,1.00
2015.06.22 04:57:31.489,1.46462,1.46481,1.10,1.37
2015.06.22 04:57:34.824,1.46462,1.46479,1.00,1.00
2015.06.22 04:57:36.122,1.46462,1.46481,1.00,1.50
2015.06.22 04:57:36.365,1.46462,1.46479,1.00,1.00
2015.06.22 04:57:36.873,1.46462,1.4648,1.00,1.50
2015.06.22 04:57:38.738,1.46462,1.46481,1.00,1.00
2015.06.22 04:57:39.347,1.46462,1.4648,1.00,1.50
2015.06.22 04:57:50.482,1.46462,1.46481,1.00,1.00
2015.06.22 04:57:53.418,1.46462,1.46482,1.00,1.12
2015.06.22 04:57:54.015,1.46461,1.46485,1.00,1.87
2015.06.22 04:57:56.000,1.46461,1.46485,1.00,1.87
2015.06.22 04:57:56.655,1.46461,1.46485,1.65,1.37
2015.06.22 04:57:57.408,1.46461,1.46485,1.65,1.37
2015.06.22 04:58:00.382,1.46461,1.46482,1.10,1.00
2015.06.22 04:58:01.147,1.46461,1.46482,1.10,1.37
2015.06.22 04:58:07.170,1.46462,1.46482,1.00,1.12
2015.06.22 04:58:08.204,1.46462,1.46482,1.15,1.00
2015.06.22 04:58:08.735,1.46462,1.46482,1.00,1.37
2015.06.22 04:58:11.239,1.46461,1.46482,1.10,1.37
2015.06.22 04:58:13.128,1.46461,1.46482,1.10,1.37
2015.06.22 04:58:15.264,1.46461,1.46482,1.10,1.37
2015.06.22 04:58:15.366,1.46461,1.46482,1.00,1.12
2015.06.22 04:58:16.877,1.46459,1.46474,1.00,1.00
2015.06.22 04:58:16.928,1.46455,1.46474,1.10,1.00
2015.06.22 04:58:16.979,1.46455,1.46474,1.00,1.75
2015.06.22 04:58:17.030,1.46449,1.4647,1.87,1.37
2015.06.22 04:58:17.083,1.46449,1.4647,1.45,1.37
2015.06.22 04:58:17.134,1.46446,1.4647,2.25,1.37
2015.06.22 04:58:17.186,1.46446,1.4647,1.87,1.37
2015.06.22 04:58:17.237,1.46446,1.46466,1.20,1.00
2015.06.22 04:58:17.390,1.4644,1.46462,1.50,1.00
2015.06.22 04:58:17.441,1.4644,1.46462,1.00,1.00
2015.06.22 04:58:17.594,1.46438,1.46456,1.50,1.00
2015.06.22 04:58:17.696,1.46443,1.46462,1.00,1.50
2015.06.22 04:58:17.849,1.46443,1.46462,1.37,1.50
2015.06.22 04:58:18.003,1.46443,1.46462,1.20,1.50
2015.06.22 04:58:22.527,1.46445,1.46465,1.00,1.37
2015.06.22 04:58:23.695,1.46441,1.46465,1.00,1.37
2015.06.22 04:58:24.281,1.46441,1.46465,1.00,1.37
2015.06.22 04:58:24.586,1.46444,1.46465,1.00,1.00
2015.06.22 04:58:24.638,1.46444,1.46467,1.50,1.12
2015.06.22 04:58:24.690,1.46444,1.46467,2.25,1.00
2015.06.22 04:58:24.995,1.46443,1.46463,2.32,1.37
2015.06.22 04:58:25.319,1.46442,1.46466,1.07,1.37
2015.06.22 04:58:25.371,1.46442,1.46466,1.07,1.00
2015.06.22 04:58:25.575,1.46442,1.46466,1.45,1.00
2015.06.22 04:58:26.092,1.46442,1.46466,2.62,1.00
2015.06.22 04:58:26.595,1.46442,1.46466,2.25,1.12
2015.06.22 04:58:27.714,1.46442,1.46466,1.20,1.37
2015.06.22 04:58:28.015,1.46442,1.46466,1.17,1.37
2015.06.22 04:58:29.454,1.46443,1.46466,1.12,1.37
2015.06.22 04:58:29.966,1.46443,1.46466,1.12,1.37
2015.06.22 04:58:30.514,1.46442,1.46466,2.62,1.37
2015.06.22 04:58:31.101,1.46442,1.46466,2.25,1.37
2015.06.22 04:58:31.595,1.46443,1.46466,1.12,1.37
2015.06.22 04:58:32.685,1.46445,1.46466,1.12,1.37
2015.06.22 04:58:32.843,1.46442,1.46466,1.00,1.50
2015.06.22 04:58:32.894,1.46442,1.46465,1.00,2.25
2015.06.22 04:58:33.098,1.46436,1.46458,1.65,1.37
2015.06.22 04:58:34.070,1.46436,1.46458,1.10,1.37
2015.06.22 04:58:34.588,1.46435,1.46458,1.00,1.37
2015.06.22 04:58:35.097,1.46434,1.46458,2.32,1.37
2015.06.22 04:58:36.934,1.46434,1.46458,2.32,1.37
2015.06.22 04:58:36.985,1.46434,1.46458,2.62,1.37
2015.06.22 04:58:37.092,1.46434,1.46458,2.40,1.37
2015.06.22 04:58:37.143,1.46434,1.46458,2.40,1.37
2015.06.22 04:58:37.906,1.46434,1.46454,1.95,1.00
2015.06.22 04:58:37.957,1.46434,1.46457,2.25,1.00
2015.06.22 04:58:40.274,1.46436,1.46462,1.65,1.37
2015.06.22 04:58:40.326,1.46439,1.46458,1.12,1.12
2015.06.22 04:58:40.428,1.46436,1.46458,1.15,1.12
2015.06.22 04:58:40.479,1.46439,1.46459,1.00,1.37
2015.06.22 04:58:40.794,1.46439,1.46462,1.50,1.37
2015.06.22 04:58:40.845,1.46439,1.46462,1.50,1.37
2015.06.22 04:58:41.162,1.46439,1.46462,1.50,1.37
2015.06.22 04:58:42.457,1.46442,1.46466,1.10,1.87
2015.06.22 04:58:42.610,1.46442,1.46466,1.75,1.37
2015.06.22 04:58:42.713,1.46442,1.46466,1.45,1.37
2015.06.22 04:58:42.765,1.46442,1.46466,1.15,1.37
2015.06.22 04:58:42.946,1.46442,1.46466,1.15,1.37
2015.06.22 04:58:46.154,1.4645,1.46466,1.00,1.00
2015.06.22 04:58:46.256,1.46451,1.46475,1.87,2.32
2015.06.22 04:58:46.846,1.46451,1.46475,1.50,1.37
2015.06.22 04:58:47.401,1.46451,1.46475,1.50,1.37
2015.06.22 04:58:49.183,1.46451,1.46475,1.50,1.37
2015.06.22 04:58:49.285,1.46451,1.46475,1.50,1.37
2015.06.22 04:58:49.438,1.46447,1.46471,1.50,1.37
2015.06.22 04:58:49.694,1.46447,1.46471,1.00,1.37
2015.06.22 04:58:52.704,1.46447,1.46471,1.00,1.65
2015.06.22 04:58:53.356,1.46447,1.46471,1.00,1.47
2015.06.22 04:58:57.579,1.46447,1.46471,1.50,1.47
2015.06.22 04:58:57.942,1.46447,1.46471,1.50,1.47
2015.06.22 04:58:58.490,1.46447,1.46471,1.50,1.47
2015.06.22 04:59:06.938,1.46447,1.46471,1.50,1.37
2015.06.22 04:59:08.737,1.46447,1.46471,1.00,1.50
2015.06.22 04:59:09.152,1.46441,1.46461,1.87,1.00
2015.06.22 04:59:09.203,1.46441,1.46461,1.50,1.00
2015.06.22 04:59:09.610,1.46443,1.46461,1.00,1.00
2015.06.22 04:59:09.712,1.46441,1.46461,1.00,1.00
2015.06.22 04:59:11.970,1.46441,1.46462,1.00,1.00
2015.06.22 04:59:13.992,1.46439,1.46462,1.50,1.00
2015.06.22 04:59:18.473,1.46438,1.46462,1.27,1.00
2015.06.22 04:59:18.975,1.46437,1.46461,1.27,1.00
2015.06.22 04:59:20.653,1.46437,1.46461,1.15,1.37
2015.06.22 04:59:20.755,1.46437,1.46461,1.15,1.12
2015.06.22 04:59:20.857,1.46437,1.46461,1.00,1.37
2015.06.22 04:59:21.164,1.46433,1.46457,4.95,1.00
2015.06.22 04:59:21.877,1.46433,1.46457,4.95,1.00
2015.06.22 04:59:23.366,1.46434,1.46457,1.27,1.12
2015.06.22 04:59:23.878,1.46434,1.46457,1.55,1.00
2015.06.22 04:59:24.387,1.46435,1.46457,1.12,1.00
2015.06.22 04:59:25.261,1.46438,1.46458,1.10,1.00
2015.06.22 04:59:25.668,1.46438,1.46464,1.57,2.62
2015.06.22 04:59:25.720,1.46438,1.46464,1.87,2.62
2015.06.22 04:59:28.733,1.46438,1.46464,2.32,2.62
2015.06.22 04:59:28.886,1.46439,1.46466,2.10,1.87
2015.06.22 04:59:28.988,1.46439,1.46466,2.47,1.37
2015.06.22 04:59:29.292,1.46446,1.46466,1.00,1.00
2015.06.22 04:59:29.394,1.46448,1.46472,1.00,1.37
2015.06.22 04:59:29.598,1.46449,1.46472,1.20,1.37
2015.06.22 04:59:29.700,1.46449,1.46472,1.10,1.37
2015.06.22 04:59:30.477,1.46449,1.46473,2.77,1.37
2015.06.22 04:59:31.002,1.46449,1.46473,2.77,1.37
2015.06.22 04:59:32.007,1.46449,1.46473,2.40,1.37
2015.06.22 04:59:33.914,1.46449,1.46473,2.40,1.37
2015.06.22 04:59:34.594,1.46449,1.46473,2.32,1.37
2015.06.22 04:59:38.903,1.46449,1.46473,2.32,1.37
2015.06.22 04:59:40.347,1.46449,1.46473,2.62,1.37
2015.06.22 04:59:40.887,1.46449,1.46473,2.25,1.37
2015.06.22 04:59:43.008,1.46449,1.46474,1.00,3.00
2015.06.22 04:59:44.038,1.46451,1.46474,1.00,2.25
2015.06.22 04:59:45.458,1.4645,1.46474,1.00,2.25
2015.06.22 04:59:51.782,1.4645,1.46471,1.00,1.37
2015.06.22 04:59:52.311,1.46451,1.46475,1.00,1.87
2015.06.22 04:59:53.176,1.46451,1.46475,1.00,2.25
2015.06.22 04:59:53.379,1.46449,1.46471,1.50,1.87
2015.06.22 04:59:56.383,1.46455,1.46471,1.00,1.00
2015.06.22 04:59:56.434,1.46455,1.46474,1.00,1.00
2015.06.22 04:59:56.485,1.46455,1.46479,1.00,1.87
2015.06.22 04:59:56.588,1.46458,1.46479,1.00,1.37
2015.06.22 04:59:57.097,1.46458,1.46479,1.00,1.37
2015.06.22 04:59:58.896,1.46457,1.46479,1.00,1.37
