2015.06.04 22:00:00.114,1.46196,1.46232,0.75,0.75
2015.06.04 22:00:00.337,1.46184,1.46233,0.75,0.37
2015.06.04 22:00:00.596,1.46186,1.46233,0.75,0.37
2015.06.04 22:00:00.647,1.46186,1.4624,0.75,1.87
2015.06.04 22:00:00.799,1.46184,1.4624,2.25,0.75
2015.06.04 22:00:00.901,1.46186,1.4624,0.75,0.37
2015.06.04 22:00:01.348,1.46191,1.46236,0.75,0.37
2015.06.04 22:00:01.399,1.46189,1.46236,0.75,0.37
2015.06.04 22:00:01.552,1.46185,1.46241,1.50,0.37
2015.06.04 22:00:01.654,1.46188,1.46238,0.75,0.37
2015.06.04 22:00:01.961,1.46196,1.46241,0.75,0.37
2015.06.04 22:00:02.012,1.46192,1.46246,0.75,0.37
2015.06.04 22:00:02.064,1.46199,1.46246,0.75,0.37
2015.06.04 22:00:02.166,1.46197,1.46245,0.75,0.37
2015.06.04 22:00:02.218,1.46194,1.46248,0.75,0.75
2015.06.04 22:00:02.565,1.46198,1.46248,0.75,1.50
2015.06.04 22:00:02.873,1.46202,1.4625,0.75,0.37
2015.06.04 22:00:03.026,1.46203,1.46252,0.75,0.37
2015.06.04 22:00:03.077,1.46206,1.46252,0.75,0.37
2015.06.04 22:00:03.229,1.46198,1.46248,0.75,0.75
2015.06.04 22:00:03.281,1.462,1.4625,0.75,0.37
2015.06.04 22:00:03.748,1.46191,1.46243,0.75,0.75
2015.06.04 22:00:03.850,1.46193,1.46243,1.50,0.75
2015.06.04 22:00:03.952,1.46189,1.46243,1.12,0.75
2015.06.04 22:00:04.206,1.46194,1.46243,0.75,1.50
2015.06.04 22:00:04.409,1.46187,1.46237,0.75,0.37
2015.06.04 22:00:04.511,1.46185,1.46237,0.37,0.37
2015.06.04 22:00:04.562,1.46184,1.46229,1.50,0.37
2015.06.04 22:00:04.822,1.46189,1.46236,0.75,0.37
2015.06.04 22:00:04.924,1.46192,1.46236,0.75,0.37
2015.06.04 22:00:05.427,1.46192,1.46232,1.50,0.37
2015.06.04 22:00:05.529,1.46188,1.46232,0.75,1.12
2015.06.04 22:00:05.582,1.46186,1.46232,1.50,1.12
2015.06.04 22:00:05.684,1.46182,1.46231,0.75,0.75
2015.06.04 22:00:05.735,1.46182,1.46226,0.75,0.37
2015.06.04 22:00:05.939,1.46182,1.46232,0.75,0.37
2015.06.04 22:00:06.142,1.46184,1.46233,0.37,0.37
2015.06.04 22:00:06.446,1.46184,1.46231,0.37,0.37
2015.06.04 22:00:06.647,1.46184,1.46233,0.37,0.37
2015.06.04 22:00:06.800,1.46187,1.46233,0.75,0.37
2015.06.04 22:00:06.952,1.46191,1.46239,0.37,0.37
2015.06.04 22:00:07.615,1.46192,1.46239,0.75,0.37
2015.06.04 22:00:07.666,1.46192,1.46241,0.75,1.12
2015.06.04 22:00:08.287,1.46192,1.4624,0.75,0.75
2015.06.04 22:00:08.529,1.4619,1.4623,0.37,0.75
2015.06.04 22:00:08.631,1.46189,1.46233,0.75,0.75
2015.06.04 22:00:08.732,1.46187,1.46235,0.75,0.37
2015.06.04 22:00:08.783,1.46184,1.46235,1.50,1.12
2015.06.04 22:00:08.834,1.46184,1.4623,0.75,0.37
2015.06.04 22:00:08.937,1.46188,1.46235,0.75,1.12
2015.06.04 22:00:09.211,1.46178,1.46209,0.75,0.75
2015.06.04 22:00:09.364,1.46163,1.46203,0.75,0.75
2015.06.04 22:00:09.416,1.46162,1.46205,0.75,0.75
2015.06.04 22:00:09.467,1.46162,1.46207,0.75,1.80
2015.06.04 22:00:09.518,1.46162,1.46201,0.75,0.75
2015.06.04 22:00:09.670,1.46162,1.46208,0.75,0.75
2015.06.04 22:00:09.722,1.46163,1.46202,0.75,0.75
2015.06.04 22:00:10.026,1.46168,1.46203,0.75,0.75
2015.06.04 22:00:10.083,1.46168,1.46206,0.75,0.37
2015.06.04 22:00:10.292,1.46174,1.46204,0.75,0.75
2015.06.04 22:00:10.395,1.46173,1.46206,0.75,1.12
2015.06.04 22:00:10.446,1.46173,1.46202,0.75,0.75
2015.06.04 22:00:10.547,1.4617,1.46203,0.75,0.75
2015.06.04 22:00:10.599,1.4617,1.46206,0.75,1.87
2015.06.04 22:00:10.751,1.46174,1.46206,0.75,0.75
2015.06.04 22:00:10.854,1.46175,1.4621,0.75,0.37
2015.06.04 22:00:10.905,1.46172,1.4621,0.75,0.37
2015.06.04 22:00:11.446,1.46172,1.46211,0.75,0.37
2015.06.04 22:00:11.598,1.46172,1.46214,0.75,1.50
2015.06.04 22:00:11.649,1.46172,1.46211,0.75,0.75
2015.06.04 22:00:11.751,1.4617,1.46211,0.75,0.75
2015.06.04 22:00:11.955,1.46172,1.46212,0.75,0.75
2015.06.04 22:00:12.006,1.46172,1.46214,0.75,0.75
2015.06.04 22:00:12.362,1.46172,1.46217,0.75,1.50
2015.06.04 22:00:12.464,1.46171,1.46219,0.75,0.75
2015.06.04 22:00:12.750,1.46172,1.46217,0.75,0.75
2015.06.04 22:00:13.062,1.46173,1.46214,0.75,1.50
2015.06.04 22:00:13.215,1.4617,1.46214,0.75,1.50
2015.06.04 22:00:14.428,1.4617,1.46211,0.75,0.75
2015.06.04 22:00:14.963,1.46171,1.46211,0.75,0.75
2015.06.04 22:00:15.065,1.4617,1.46214,0.75,1.50
2015.06.04 22:00:15.572,1.4617,1.46213,0.75,0.75
2015.06.04 22:00:16.060,1.46172,1.46213,0.75,0.75
2015.06.04 22:00:16.264,1.4617,1.46213,0.75,0.75
2015.06.04 22:00:16.767,1.46171,1.46213,0.75,0.75
2015.06.04 22:00:17.483,1.46171,1.46218,0.75,0.75
2015.06.04 22:00:17.991,1.4617,1.46218,0.75,0.75
2015.06.04 22:00:18.296,1.4617,1.4622,0.75,0.75
2015.06.04 22:00:18.347,1.46168,1.46218,0.75,0.75
2015.06.04 22:00:18.500,1.46169,1.46223,0.75,0.75
2015.06.04 22:00:18.551,1.46172,1.46219,0.75,0.75
2015.06.04 22:00:18.974,1.46169,1.46215,0.75,0.75
2015.06.04 22:00:19.075,1.46169,1.46219,0.75,2.25
2015.06.04 22:00:19.269,1.46173,1.46219,0.75,3.00
2015.06.04 22:00:19.472,1.46171,1.46219,0.75,3.00
2015.06.04 22:00:20.023,1.4617,1.46219,0.75,1.50
2015.06.04 22:00:20.175,1.4617,1.46214,0.75,0.75
2015.06.04 22:00:20.879,1.46165,1.46214,0.75,1.80
2015.06.04 22:00:20.930,1.46165,1.46208,0.75,0.75
2015.06.04 22:00:21.236,1.46162,1.46202,0.75,1.50
2015.06.04 22:00:21.287,1.46152,1.46202,0.75,1.50
2015.06.04 22:00:21.389,1.46151,1.46196,0.75,0.75
2015.06.04 22:00:21.491,1.46149,1.46196,0.75,0.75
2015.06.04 22:00:22.245,1.46149,1.46195,0.75,0.37
2015.06.04 22:00:22.499,1.46151,1.46195,0.75,0.37
2015.06.04 22:00:22.703,1.46149,1.46196,0.75,0.37
2015.06.04 22:00:22.754,1.46151,1.46199,0.75,1.50
2015.06.04 22:00:23.302,1.46152,1.46199,0.75,1.50
2015.06.04 22:00:23.454,1.46148,1.46199,1.50,1.50
2015.06.04 22:00:24.183,1.46149,1.46199,0.75,1.50
2015.06.04 22:00:24.813,1.46148,1.46199,0.75,1.50
2015.06.04 22:00:25.405,1.4615,1.46199,0.75,1.50
2015.06.04 22:00:26.582,1.46151,1.46199,0.75,1.50
2015.06.04 22:00:27.105,1.46152,1.46199,0.75,1.50
2015.06.04 22:00:27.408,1.46153,1.46196,0.75,0.37
2015.06.04 22:00:27.612,1.4615,1.46195,0.75,0.37
2015.06.04 22:00:27.916,1.46151,1.46199,0.75,1.50
2015.06.04 22:00:28.018,1.46147,1.46196,1.12,0.37
2015.06.04 22:00:28.069,1.46151,1.46196,0.75,0.37
2015.06.04 22:00:28.442,1.46153,1.46195,0.75,0.37
2015.06.04 22:00:28.544,1.46148,1.46195,2.25,0.75
2015.06.04 22:00:28.595,1.4615,1.46196,0.75,1.50
2015.06.04 22:00:28.897,1.4615,1.46194,0.75,0.37
2015.06.04 22:00:29.328,1.4615,1.46197,0.75,0.75
2015.06.04 22:00:29.480,1.46149,1.46199,0.75,0.75
2015.06.04 22:00:30.029,1.46149,1.462,0.75,1.12
2015.06.04 22:00:30.191,1.46148,1.46198,0.75,0.75
2015.06.04 22:00:30.548,1.46148,1.46193,0.75,0.75
2015.06.04 22:00:31.477,1.46146,1.4619,0.75,0.37
2015.06.04 22:00:31.781,1.46143,1.46187,0.75,0.37
2015.06.04 22:00:32.287,1.46144,1.46187,0.75,0.75
2015.06.04 22:00:32.615,1.46152,1.46188,0.75,0.75
2015.06.04 22:00:32.684,1.46153,1.46199,0.75,1.42
2015.06.04 22:00:33.691,1.46149,1.46199,0.37,1.42
2015.06.04 22:00:34.344,1.46154,1.462,0.75,0.37
2015.06.04 22:00:34.395,1.46152,1.462,0.75,0.37
2015.06.04 22:00:34.497,1.4615,1.46201,0.75,0.37
2015.06.04 22:00:34.599,1.46148,1.46201,0.75,0.37
2015.06.04 22:00:34.751,1.46149,1.46198,0.75,0.75
2015.06.04 22:00:35.056,1.46151,1.46198,0.75,0.75
2015.06.04 22:00:35.157,1.46151,1.462,0.75,1.80
2015.06.04 22:00:35.208,1.46153,1.462,0.75,1.80
2015.06.04 22:00:35.805,1.46148,1.462,0.75,1.80
2015.06.04 22:00:36.110,1.46151,1.462,1.50,1.80
2015.06.04 22:00:36.516,1.46152,1.46197,0.75,0.75
2015.06.04 22:00:36.828,1.46152,1.46195,0.75,0.37
2015.06.04 22:00:37.808,1.46149,1.46195,0.75,0.37
2015.06.04 22:00:37.960,1.46149,1.46198,0.75,1.42
2015.06.04 22:00:38.620,1.46149,1.46193,0.75,0.37
2015.06.04 22:00:40.266,1.46149,1.46197,0.75,0.37
2015.06.04 22:00:40.318,1.46151,1.46197,0.75,0.37
2015.06.04 22:00:40.700,1.46153,1.46194,0.75,0.37
2015.06.04 22:00:41.068,1.46152,1.46196,0.75,0.37
2015.06.04 22:00:41.169,1.46152,1.46193,0.75,0.37
2015.06.04 22:00:41.372,1.46148,1.46193,1.50,0.37
2015.06.04 22:00:43.175,1.46152,1.46196,0.75,0.37
2015.06.04 22:00:43.277,1.46151,1.46198,0.75,0.75
2015.06.04 22:00:43.479,1.46148,1.46197,0.75,0.75
2015.06.04 22:00:43.834,1.46144,1.46197,0.75,0.75
2015.06.04 22:00:44.138,1.46144,1.46194,0.75,0.75
2015.06.04 22:00:44.653,1.46145,1.46195,0.75,0.75
2015.06.04 22:00:45.361,1.46143,1.46195,0.75,1.50
2015.06.04 22:00:46.036,1.46142,1.46195,0.75,0.75
2015.06.04 22:00:46.209,1.46151,1.46195,0.75,0.75
2015.06.04 22:00:46.260,1.4615,1.46198,0.75,2.55
2015.06.04 22:00:46.311,1.4615,1.46191,0.75,0.37
2015.06.04 22:00:46.362,1.46143,1.46191,0.75,0.37
2015.06.04 22:00:46.463,1.46142,1.46189,0.75,0.37
2015.06.04 22:00:48.055,1.4615,1.46196,0.75,1.80
2015.06.04 22:00:48.157,1.46151,1.46199,0.75,1.80
2015.06.04 22:00:48.614,1.46153,1.46198,0.75,0.75
2015.06.04 22:00:48.715,1.46151,1.46198,0.75,0.75
2015.06.04 22:00:49.020,1.46154,1.46198,0.75,0.75
2015.06.04 22:00:49.273,1.46152,1.46198,0.75,0.75
2015.06.04 22:00:49.777,1.46151,1.46198,0.75,0.75
2015.06.04 22:00:49.980,1.46153,1.46197,0.75,0.75
2015.06.04 22:00:50.488,1.46153,1.46198,0.75,1.80
2015.06.04 22:00:50.590,1.46151,1.46198,0.75,0.75
2015.06.04 22:00:51.254,1.46151,1.46197,0.75,0.75
2015.06.04 22:00:52.787,1.46153,1.46197,0.75,0.75
2015.06.04 22:00:53.278,1.46155,1.46198,0.75,0.75
2015.06.04 22:00:53.934,1.46154,1.46198,0.75,0.75
2015.06.04 22:00:54.844,1.46154,1.46195,0.75,0.75
2015.06.04 22:00:55.046,1.46153,1.46198,1.50,0.75
2015.06.04 22:00:55.615,1.46153,1.46197,1.50,0.75
2015.06.04 22:00:55.995,1.46153,1.46195,1.50,0.75
2015.06.04 22:00:56.216,1.46141,1.46195,0.75,1.87
2015.06.04 22:00:56.520,1.46139,1.46195,2.25,1.80
2015.06.04 22:00:56.622,1.46139,1.4619,1.50,0.37
2015.06.04 22:00:57.154,1.46139,1.46191,0.75,0.75
2015.06.04 22:00:57.715,1.4614,1.46191,0.75,0.75
2015.06.04 22:00:58.304,1.4614,1.46187,0.75,0.37
2015.06.04 22:00:58.406,1.4614,1.46189,0.75,1.12
2015.06.04 22:00:58.908,1.46141,1.46189,0.75,1.12
2015.06.04 22:00:58.959,1.46141,1.46191,0.75,0.75
2015.06.04 22:00:59.010,1.46141,1.46193,0.75,1.87
2015.06.04 22:00:59.163,1.46141,1.46191,0.75,0.37
2015.06.04 22:00:59.315,1.46139,1.4619,0.75,0.75
2015.06.04 22:00:59.467,1.4614,1.46188,0.75,0.37
2015.06.04 22:00:59.569,1.4614,1.46192,0.75,1.12
2015.06.04 22:00:59.923,1.46142,1.46192,0.75,0.37
2015.06.04 22:01:00.468,1.46142,1.4619,0.75,0.37
2015.06.04 22:01:00.975,1.46142,1.46191,0.75,0.37
2015.06.04 22:01:01.330,1.46144,1.4619,0.75,0.75
2015.06.04 22:01:01.798,1.46142,1.46191,0.75,0.37
2015.06.04 22:01:01.849,1.46142,1.46189,0.75,0.37
2015.06.04 22:01:02.052,1.46139,1.4619,1.50,0.37
2015.06.04 22:01:02.205,1.46139,1.46186,1.50,0.37
2015.06.04 22:01:02.510,1.4614,1.46184,0.75,0.37
2015.06.04 22:01:03.215,1.46139,1.46184,0.75,0.37
2015.06.04 22:01:03.266,1.46137,1.46184,1.12,0.37
2015.06.04 22:01:04.029,1.46139,1.46184,0.75,0.37
2015.06.04 22:01:04.080,1.46139,1.46191,0.75,0.37
2015.06.04 22:01:04.182,1.4614,1.46184,0.75,0.37
2015.06.04 22:01:04.284,1.46143,1.46191,0.75,1.12
2015.06.04 22:01:04.723,1.46143,1.46188,0.75,0.37
2015.06.04 22:01:04.844,1.4614,1.46188,0.75,0.37
2015.06.04 22:01:04.996,1.46138,1.46189,0.75,0.37
2015.06.04 22:01:05.047,1.4614,1.46189,0.75,0.37
2015.06.04 22:01:05.351,1.46142,1.46185,0.75,0.37
2015.06.04 22:01:05.453,1.46138,1.4619,0.75,0.37
2015.06.04 22:01:05.655,1.46142,1.4619,0.75,0.37
2015.06.04 22:01:05.959,1.46144,1.4619,0.75,0.37
2015.06.04 22:01:06.317,1.46142,1.46194,0.75,0.75
2015.06.04 22:01:07.150,1.46139,1.4619,1.50,0.37
2015.06.04 22:01:07.454,1.46137,1.46182,0.75,0.37
2015.06.04 22:01:07.707,1.46137,1.46187,0.75,0.37
2015.06.04 22:01:07.758,1.46139,1.46187,1.50,0.37
2015.06.04 22:01:08.063,1.46143,1.46186,0.75,0.37
2015.06.04 22:01:08.114,1.46143,1.4619,0.75,0.37
2015.06.04 22:01:08.284,1.46145,1.4619,0.75,0.37
2015.06.04 22:01:08.436,1.46143,1.4619,0.75,0.75
2015.06.04 22:01:08.487,1.46141,1.4619,1.50,0.75
2015.06.04 22:01:08.538,1.46141,1.46192,0.75,0.37
2015.06.04 22:01:08.640,1.46142,1.46195,0.37,1.12
2015.06.04 22:01:09.206,1.46142,1.46192,0.75,0.37
2015.06.04 22:01:09.566,1.46139,1.46191,0.75,0.75
2015.06.04 22:01:09.617,1.46138,1.46189,0.75,0.37
2015.06.04 22:01:09.922,1.46138,1.46191,2.25,0.75
2015.06.04 22:01:10.457,1.46138,1.46192,1.50,1.12
2015.06.04 22:01:10.710,1.4614,1.46185,0.37,0.37
2015.06.04 22:01:11.000,1.46144,1.4619,0.37,0.37
2015.06.04 22:01:11.261,1.46144,1.46192,0.75,0.75
2015.06.04 22:01:11.767,1.46146,1.46192,0.75,0.75
2015.06.04 22:01:12.150,1.46146,1.4619,0.75,0.37
2015.06.04 22:01:12.201,1.46143,1.4619,1.12,0.37
2015.06.04 22:01:12.252,1.46143,1.46192,1.12,0.75
2015.06.04 22:01:13.742,1.46144,1.46192,0.37,0.75
2015.06.04 22:01:13.793,1.4614,1.46192,0.37,0.75
2015.06.04 22:01:14.060,1.46144,1.46192,0.37,0.75
2015.06.04 22:01:14.883,1.46144,1.46193,0.37,1.87
2015.06.04 22:01:15.390,1.46145,1.46193,0.37,1.50
2015.06.04 22:01:17.080,1.46149,1.46193,0.37,1.50
2015.06.04 22:01:17.181,1.46144,1.46193,0.37,0.75
2015.06.04 22:01:18.813,1.46144,1.46192,0.37,0.75
2015.06.04 22:01:19.833,1.46145,1.46193,0.37,1.50
2015.06.04 22:01:19.935,1.46145,1.46195,0.37,1.87
2015.06.04 22:01:20.189,1.46149,1.46195,0.37,0.75
2015.06.04 22:01:20.290,1.46146,1.46195,0.37,0.75
2015.06.04 22:01:20.392,1.46148,1.46195,0.37,0.75
2015.06.04 22:01:20.495,1.46144,1.46195,0.37,0.75
2015.06.04 22:01:20.800,1.46142,1.46195,1.12,1.12
2015.06.04 22:01:21.166,1.46144,1.46194,0.37,0.75
2015.06.04 22:01:21.797,1.46144,1.46195,0.37,0.75
2015.06.04 22:01:23.037,1.46142,1.46189,0.37,0.75
2015.06.04 22:01:23.342,1.46141,1.46181,0.75,0.37
2015.06.04 22:01:23.646,1.46145,1.46181,0.75,0.37
2015.06.04 22:01:23.956,1.46143,1.46183,0.75,0.75
2015.06.04 22:01:24.008,1.46143,1.46186,0.75,0.75
2015.06.04 22:01:24.234,1.46138,1.4619,0.75,2.62
2015.06.04 22:01:24.285,1.46141,1.4619,0.75,0.75
2015.06.04 22:01:24.336,1.46138,1.46193,1.50,0.75
2015.06.04 22:01:24.387,1.46138,1.46191,1.50,0.75
2015.06.04 22:01:24.540,1.46139,1.46193,0.75,0.75
2015.06.04 22:01:25.046,1.46139,1.46188,1.12,0.37
2015.06.04 22:01:25.377,1.46141,1.46189,0.75,0.37
2015.06.04 22:01:25.724,1.46143,1.46189,0.75,0.37
2015.06.04 22:01:26.028,1.46141,1.46187,0.37,0.37
2015.06.04 22:01:26.181,1.46143,1.4619,0.37,0.75
2015.06.04 22:01:26.282,1.46142,1.46193,0.37,1.12
2015.06.04 22:01:26.435,1.46145,1.46193,0.75,0.75
2015.06.04 22:01:26.738,1.46143,1.46194,0.75,0.37
2015.06.04 22:01:26.891,1.46142,1.46192,0.75,0.37
2015.06.04 22:01:26.992,1.4614,1.46194,0.75,0.75
2015.06.04 22:01:27.280,1.46137,1.46194,1.50,1.50
2015.06.04 22:01:27.433,1.46141,1.46193,0.75,0.75
2015.06.04 22:01:27.737,1.46144,1.46195,0.75,1.87
2015.06.04 22:01:28.042,1.46145,1.46189,0.75,0.75
2015.06.04 22:01:28.347,1.46136,1.46177,0.37,0.37
2015.06.04 22:01:28.398,1.46134,1.46185,1.57,0.75
2015.06.04 22:01:28.630,1.46139,1.46185,0.75,0.37
2015.06.04 22:01:28.681,1.46139,1.46188,0.75,1.12
2015.06.04 22:01:28.934,1.46144,1.46188,0.75,0.75
2015.06.04 22:01:29.559,1.46141,1.46188,0.75,0.75
2015.06.04 22:01:31.837,1.46139,1.46188,0.75,0.75
2015.06.04 22:01:32.619,1.46141,1.46188,0.75,1.12
2015.06.04 22:01:32.974,1.46139,1.46188,0.75,1.50
2015.06.04 22:01:33.075,1.46141,1.46188,0.75,0.75
2015.06.04 22:01:33.329,1.46139,1.46188,0.75,0.75
2015.06.04 22:01:33.380,1.46136,1.46184,2.25,0.75
2015.06.04 22:01:33.696,1.4614,1.46188,0.75,0.75
2015.06.04 22:01:33.950,1.46138,1.46188,0.75,0.75
2015.06.04 22:01:34.051,1.46136,1.46188,0.75,0.75
2015.06.04 22:01:34.457,1.46139,1.46188,0.75,0.75
2015.06.04 22:01:34.558,1.46135,1.46188,0.75,0.75
2015.06.04 22:01:34.761,1.46139,1.46188,0.75,0.75
2015.06.04 22:01:35.123,1.46137,1.46188,0.75,0.75
2015.06.04 22:01:35.276,1.46139,1.46188,0.75,0.75
2015.06.04 22:01:35.327,1.46139,1.46191,1.50,1.12
2015.06.04 22:01:35.480,1.46141,1.46191,0.75,1.12
2015.06.04 22:01:35.581,1.46138,1.4619,1.50,0.37
2015.06.04 22:01:35.683,1.4614,1.4619,0.75,0.37
2015.06.04 22:01:35.995,1.46142,1.46191,0.75,1.12
2015.06.04 22:01:36.383,1.46139,1.46191,0.75,1.12
2015.06.04 22:01:37.001,1.4614,1.4619,0.75,0.37
2015.06.04 22:01:37.502,1.46139,1.4619,0.75,0.75
2015.06.04 22:01:37.706,1.46141,1.46191,0.75,1.12
2015.06.04 22:01:37.909,1.46141,1.46193,0.75,1.12
2015.06.04 22:01:38.311,1.46143,1.46193,0.75,1.12
2015.06.04 22:01:39.264,1.46142,1.46193,0.75,1.12
2015.06.04 22:01:39.865,1.46142,1.46192,0.75,0.37
2015.06.04 22:01:40.172,1.4614,1.46189,0.75,0.37
2015.06.04 22:01:40.274,1.46138,1.46189,0.75,0.37
2015.06.04 22:01:40.491,1.46141,1.46189,0.75,0.37
2015.06.04 22:01:40.796,1.46143,1.46189,0.75,0.37
2015.06.04 22:01:41.472,1.46142,1.46189,0.75,0.37
2015.06.04 22:01:41.776,1.46145,1.46189,0.75,0.37
2015.06.04 22:01:41.877,1.46147,1.46193,0.75,0.37
2015.06.04 22:01:41.979,1.46146,1.46195,0.75,0.75
2015.06.04 22:01:42.080,1.46145,1.46192,0.75,0.37
2015.06.04 22:01:42.821,1.46145,1.46195,0.75,0.37
2015.06.04 22:01:43.649,1.46145,1.46196,0.75,0.75
2015.06.04 22:01:44.130,1.46147,1.46195,0.75,0.37
2015.06.04 22:01:44.686,1.46146,1.46196,0.75,0.75
2015.06.04 22:01:45.154,1.46149,1.46195,0.75,0.37
2015.06.04 22:01:45.563,1.4615,1.46197,0.75,0.37
2015.06.04 22:01:45.614,1.46148,1.46197,0.75,0.37
2015.06.04 22:01:45.665,1.46144,1.46197,0.75,0.37
2015.06.04 22:01:45.817,1.46143,1.46192,0.75,0.37
2015.06.04 22:01:45.970,1.46139,1.46192,2.25,0.37
2015.06.04 22:01:46.339,1.4614,1.46189,1.50,0.75
2015.06.04 22:01:46.441,1.46139,1.46191,0.75,1.87
2015.06.04 22:01:46.542,1.46137,1.46191,0.75,0.37
2015.06.04 22:01:46.746,1.4614,1.46192,0.75,0.75
2015.06.04 22:01:47.050,1.46145,1.4619,0.75,0.37
2015.06.04 22:01:47.101,1.4614,1.4619,2.25,0.37
2015.06.04 22:01:47.405,1.46141,1.46187,0.75,0.75
2015.06.04 22:01:47.730,1.46142,1.4619,0.75,0.37
2015.06.04 22:01:48.237,1.46145,1.46191,0.75,0.75
2015.06.04 22:01:48.499,1.46143,1.46191,0.75,0.75
2015.06.04 22:01:49.016,1.46142,1.46191,0.75,0.75
2015.06.04 22:01:49.219,1.46139,1.46191,0.75,0.75
2015.06.04 22:01:49.372,1.46142,1.46191,0.75,0.75
2015.06.04 22:01:49.676,1.46144,1.46191,0.75,0.75
2015.06.04 22:01:49.828,1.46142,1.46191,0.75,0.75
2015.06.04 22:01:49.931,1.46145,1.46191,0.75,0.75
2015.06.04 22:01:50.235,1.46143,1.46192,0.75,0.37
2015.06.04 22:01:50.642,1.46145,1.46192,0.75,0.37
2015.06.04 22:01:50.895,1.46143,1.46192,0.75,0.37
2015.06.04 22:01:51.049,1.46143,1.4619,0.75,0.37
2015.06.04 22:01:51.353,1.46146,1.46194,0.75,0.75
2015.06.04 22:01:51.404,1.46146,1.46196,0.75,1.12
2015.06.04 22:01:51.456,1.4615,1.46196,0.75,0.37
2015.06.04 22:01:51.762,1.46152,1.46196,0.75,0.37
2015.06.04 22:01:52.286,1.46152,1.46195,0.75,0.37
2015.06.04 22:01:52.847,1.46151,1.46195,0.75,0.37
2015.06.04 22:01:53.213,1.46149,1.46194,0.75,0.37
2015.06.04 22:01:53.754,1.4615,1.46194,0.75,0.37
2015.06.04 22:01:54.125,1.4615,1.46196,0.75,0.37
2015.06.04 22:01:54.329,1.4615,1.46194,0.75,0.37
2015.06.04 22:01:54.633,1.46149,1.46197,0.75,0.37
2015.06.04 22:01:54.735,1.46149,1.462,0.75,0.37
2015.06.04 22:01:54.836,1.4615,1.46195,0.75,0.37
2015.06.04 22:01:55.140,1.46154,1.46196,0.37,0.37
2015.06.04 22:01:55.242,1.46152,1.462,0.75,0.37
2015.06.04 22:01:55.293,1.46155,1.46204,0.75,0.75
2015.06.04 22:01:55.344,1.46159,1.46206,0.75,1.12
2015.06.04 22:01:55.642,1.46159,1.46209,2.25,0.75
2015.06.04 22:01:55.795,1.46156,1.4621,0.75,0.75
2015.06.04 22:01:55.846,1.4616,1.46209,0.75,0.75
2015.06.04 22:01:56.357,1.46161,1.46209,1.50,0.75
2015.06.04 22:01:56.763,1.46155,1.46209,1.50,0.75
2015.06.04 22:01:57.218,1.46159,1.46209,0.75,0.75
2015.06.04 22:01:57.523,1.46165,1.46209,0.75,0.75
2015.06.04 22:01:57.625,1.46158,1.46209,0.75,0.75
2015.06.04 22:01:57.676,1.4616,1.46209,0.75,0.75
2015.06.04 22:01:57.828,1.46159,1.46212,1.50,1.50
2015.06.04 22:01:57.879,1.46162,1.46212,0.75,0.75
2015.06.04 22:01:58.032,1.46159,1.46212,0.75,0.75
2015.06.04 22:01:58.285,1.46161,1.46212,0.75,1.50
2015.06.04 22:01:58.540,1.46157,1.4621,0.75,0.75
2015.06.04 22:01:58.886,1.46153,1.46207,0.75,0.75
2015.06.04 22:01:59.089,1.46152,1.46205,0.75,0.37
2015.06.04 22:01:59.393,1.46155,1.46205,0.75,0.37
2015.06.04 22:01:59.546,1.4615,1.46202,0.75,0.37
2015.06.04 22:01:59.698,1.46148,1.46202,1.50,0.37
2015.06.04 22:01:59.749,1.46148,1.46197,0.75,0.37
2015.06.04 22:01:59.852,1.46146,1.46201,1.50,0.37
2015.06.04 22:01:59.953,1.46146,1.46198,1.50,0.37
2015.06.04 22:02:00.385,1.4615,1.462,0.75,0.37
2015.06.04 22:02:00.701,1.46152,1.4619,0.75,0.37
2015.06.04 22:02:09.285,1.46152,1.46183,0.75,0.37
2015.06.04 22:02:09.742,1.4615,1.46183,0.75,0.37
2015.06.04 22:02:10.272,1.46148,1.46183,0.75,0.37
2015.06.04 22:02:11.699,1.4615,1.46183,0.75,0.37
2015.06.04 22:02:12.225,1.46151,1.46183,0.75,0.37
2015.06.04 22:02:16.559,1.46151,1.4619,0.75,0.37
2015.06.04 22:02:16.932,1.46151,1.46193,0.75,0.37
2015.06.04 22:02:18.196,1.46151,1.46196,0.75,0.37
2015.06.04 22:02:18.297,1.46151,1.46194,0.75,0.37
2015.06.04 22:02:18.656,1.46151,1.46192,0.75,0.37
2015.06.04 22:02:18.765,1.46149,1.46192,1.12,0.37
2015.06.04 22:02:18.866,1.46149,1.46194,0.75,0.37
2015.06.04 22:02:19.500,1.46148,1.46194,0.75,0.37
2015.06.04 22:02:21.056,1.46149,1.46194,0.75,0.37
2015.06.04 22:02:21.914,1.46148,1.46194,0.75,0.37
2015.06.04 22:02:22.243,1.4615,1.46194,0.75,0.37
2015.06.04 22:02:22.757,1.46149,1.46194,0.75,0.37
2015.06.04 22:02:23.107,1.46149,1.46191,0.75,0.37
2015.06.04 22:02:25.173,1.46149,1.4619,0.75,0.37
2015.06.04 22:02:26.692,1.46149,1.46191,1.12,0.37
2015.06.04 22:02:27.197,1.46149,1.4619,1.12,0.37
2015.06.04 22:02:27.882,1.46148,1.4619,0.75,0.37
2015.06.04 22:02:28.428,1.46149,1.4619,0.37,0.37
2015.06.04 22:02:28.974,1.46149,1.46193,0.37,0.37
2015.06.04 22:02:29.076,1.46149,1.46191,0.37,0.37
2015.06.04 22:02:29.380,1.46148,1.46194,0.75,0.37
2015.06.04 22:02:29.583,1.46148,1.46192,0.75,0.37
2015.06.04 22:02:30.849,1.46147,1.46192,0.37,0.37
2015.06.04 22:02:31.442,1.46148,1.46188,0.37,0.37
2015.06.04 22:02:31.544,1.46145,1.46193,1.12,0.37
2015.06.04 22:02:31.595,1.46147,1.46193,0.75,0.37
2015.06.04 22:02:32.001,1.46149,1.46191,0.37,0.37
2015.06.04 22:02:33.719,1.46147,1.46195,2.25,0.37
2015.06.04 22:02:33.821,1.46149,1.46192,0.37,0.37
2015.06.04 22:02:34.342,1.46148,1.46192,0.37,0.37
2015.06.04 22:02:34.393,1.46149,1.46194,0.75,0.37
2015.06.04 22:02:34.598,1.46149,1.46184,0.75,0.75
2015.06.04 22:02:35.175,1.46152,1.46184,0.75,0.75
2015.06.04 22:02:35.278,1.46149,1.46184,0.75,0.75
2015.06.04 22:02:35.380,1.46147,1.46182,0.75,0.75
2015.06.04 22:02:35.887,1.46148,1.46182,0.75,0.75
2015.06.04 22:02:36.498,1.46147,1.46182,0.75,0.75
2015.06.04 22:02:36.853,1.46151,1.46182,0.75,0.75
2015.06.04 22:02:37.006,1.46147,1.46182,0.75,0.75
2015.06.04 22:02:40.335,1.46148,1.46182,0.37,0.75
2015.06.04 22:02:40.539,1.46147,1.46184,0.75,0.75
2015.06.04 22:02:41.511,1.46148,1.46184,0.75,0.75
2015.06.04 22:02:42.019,1.46147,1.46184,0.75,0.75
2015.06.04 22:02:43.215,1.46152,1.46184,0.37,0.75
2015.06.04 22:02:43.317,1.46147,1.46184,0.75,0.75
2015.06.04 22:02:45.134,1.46147,1.46182,0.75,0.75
2015.06.04 22:02:45.439,1.46149,1.46184,0.75,0.75
2015.06.04 22:02:45.910,1.46148,1.46182,0.75,0.75
2015.06.04 22:02:46.373,1.46142,1.46179,0.75,0.75
2015.06.04 22:02:46.577,1.46144,1.46181,0.75,0.75
2015.06.04 22:02:47.208,1.46147,1.46182,0.75,0.75
2015.06.04 22:02:48.336,1.46147,1.46184,0.75,0.75
2015.06.04 22:02:48.910,1.46145,1.46186,0.75,0.75
2015.06.04 22:02:49.792,1.46148,1.46187,0.75,1.50
2015.06.04 22:02:50.409,1.46149,1.4619,0.75,0.75
2015.06.04 22:02:52.542,1.46151,1.46195,0.75,0.75
2015.06.04 22:02:52.593,1.46158,1.46196,0.37,0.75
2015.06.04 22:02:52.796,1.46158,1.46198,0.37,0.75
2015.06.04 22:02:52.847,1.46158,1.46201,0.37,1.50
2015.06.04 22:02:53.086,1.46155,1.46205,2.25,0.75
2015.06.04 22:02:53.137,1.46158,1.46206,1.50,0.75
2015.06.04 22:02:53.442,1.46155,1.46203,1.50,0.75
2015.06.04 22:02:53.749,1.46155,1.46201,1.50,0.75
2015.06.04 22:02:53.902,1.46152,1.46199,0.75,0.75
2015.06.04 22:02:53.953,1.46153,1.46195,0.75,0.75
2015.06.04 22:02:54.054,1.46153,1.46198,0.75,0.75
2015.06.04 22:02:54.156,1.46153,1.462,0.75,0.75
2015.06.04 22:02:54.673,1.46153,1.46199,0.75,0.75
2015.06.04 22:02:54.826,1.46153,1.46202,0.75,1.50
2015.06.04 22:02:54.978,1.46153,1.462,1.50,0.75
2015.06.04 22:02:55.503,1.46161,1.462,0.37,0.75
2015.06.04 22:02:55.851,1.46153,1.46203,1.87,0.75
2015.06.04 22:02:55.953,1.46157,1.46202,0.37,0.75
2015.06.04 22:02:56.259,1.46163,1.46202,0.37,0.75
2015.06.04 22:02:56.749,1.46159,1.462,0.37,0.75
2015.06.04 22:02:57.287,1.46159,1.46201,0.37,0.75
2015.06.04 22:02:57.413,1.46162,1.46201,0.37,0.75
2015.06.04 22:02:57.667,1.46162,1.46204,0.37,0.75
2015.06.04 22:02:57.718,1.46156,1.46206,0.75,1.50
2015.06.04 22:02:57.921,1.46158,1.46203,0.37,0.75
2015.06.04 22:02:58.225,1.46159,1.46201,0.37,0.75
2015.06.04 22:02:58.567,1.46159,1.46199,0.37,0.75
2015.06.04 22:02:59.123,1.4616,1.46199,0.37,0.75
2015.06.04 22:02:59.655,1.4616,1.462,0.37,0.75
2015.06.04 22:03:00.178,1.4616,1.46201,0.37,0.75
2015.06.04 22:03:00.577,1.4616,1.46199,0.37,0.75
2015.06.04 22:03:01.104,1.4616,1.462,0.37,0.75
2015.06.04 22:03:01.155,1.46158,1.462,0.37,0.75
2015.06.04 22:03:01.640,1.46154,1.462,0.37,1.50
2015.06.04 22:03:01.691,1.46154,1.46198,0.37,0.75
2015.06.04 22:03:02.196,1.46154,1.46199,0.37,0.75
2015.06.04 22:03:03.091,1.46152,1.462,0.75,1.12
2015.06.04 22:03:03.142,1.46152,1.46196,0.75,0.75
2015.06.04 22:03:03.456,1.46152,1.46192,1.12,0.75
2015.06.04 22:03:04.280,1.46152,1.4619,0.37,0.75
2015.06.04 22:03:04.566,1.46149,1.46191,0.75,0.75
2015.06.04 22:03:05.074,1.46149,1.4619,0.75,0.75
2015.06.04 22:03:05.378,1.46143,1.46189,1.50,0.75
2015.06.04 22:03:05.430,1.46142,1.46182,0.37,0.75
2015.06.04 22:03:05.481,1.4614,1.46182,0.75,0.75
2015.06.04 22:03:05.532,1.46135,1.46182,0.75,1.50
2015.06.04 22:03:05.583,1.46134,1.46179,0.37,0.75
2015.06.04 22:03:05.786,1.46119,1.46168,0.37,0.75
2015.06.04 22:03:05.837,1.46116,1.46169,0.75,0.75
2015.06.04 22:03:06.008,1.46115,1.4616,0.75,0.75
2015.06.04 22:03:06.369,1.46115,1.46162,0.75,0.37
2015.06.04 22:03:06.420,1.46115,1.46159,0.75,0.75
2015.06.04 22:03:06.724,1.46114,1.46157,0.75,0.75
2015.06.04 22:03:06.825,1.46114,1.4616,0.75,0.75
2015.06.04 22:03:07.028,1.46115,1.46162,0.75,1.12
2015.06.04 22:03:07.543,1.46114,1.46162,0.75,0.37
2015.06.04 22:03:07.768,1.4611,1.46162,2.25,0.37
2015.06.04 22:03:07.870,1.46113,1.46165,0.75,1.12
2015.06.04 22:03:08.174,1.46113,1.46159,0.37,1.12
2015.06.04 22:03:08.491,1.46111,1.46155,1.12,0.37
2015.06.04 22:03:10.095,1.46111,1.46158,1.12,0.37
2015.06.04 22:03:10.298,1.46109,1.46157,3.00,0.37
2015.06.04 22:03:10.399,1.46111,1.46157,0.37,0.37
2015.06.04 22:03:10.736,1.46112,1.46154,0.37,0.37
2015.06.04 22:03:11.329,1.46109,1.46155,3.00,0.37
2015.06.04 22:03:11.431,1.46111,1.46156,0.37,0.37
2015.06.04 22:03:11.533,1.46111,1.4616,1.12,0.37
2015.06.04 22:03:11.635,1.46111,1.46158,0.75,0.37
2015.06.04 22:03:11.944,1.46111,1.46154,1.12,0.37
2015.06.04 22:03:12.053,1.4611,1.46157,0.37,0.37
2015.06.04 22:03:12.155,1.46112,1.46153,0.37,0.37
2015.06.04 22:03:12.938,1.46109,1.46153,3.00,0.37
2015.06.04 22:03:13.445,1.46109,1.46152,1.50,0.37
2015.06.04 22:03:13.872,1.46109,1.46154,1.50,0.37
2015.06.04 22:03:14.305,1.46109,1.46157,2.25,0.37
2015.06.04 22:03:14.845,1.46111,1.46156,0.75,0.37
2015.06.04 22:03:15.521,1.4611,1.46156,0.75,0.37
2015.06.04 22:03:16.341,1.4611,1.46158,0.75,0.37
2015.06.04 22:03:16.442,1.46111,1.46163,0.75,1.12
2015.06.04 22:03:16.544,1.46111,1.46158,0.75,0.37
2015.06.04 22:03:17.423,1.4611,1.46158,0.75,0.37
2015.06.04 22:03:18.086,1.46111,1.46158,0.75,0.37
2015.06.04 22:03:18.340,1.46111,1.4616,0.75,0.37
2015.06.04 22:03:18.542,1.46112,1.46163,0.75,0.75
2015.06.04 22:03:18.643,1.46113,1.4616,0.75,0.37
2015.06.04 22:03:18.745,1.46113,1.46162,0.75,0.37
2015.06.04 22:03:19.028,1.46109,1.46162,0.75,0.37
2015.06.04 22:03:19.434,1.4611,1.46159,0.75,0.37
2015.06.04 22:03:20.232,1.46109,1.46159,1.50,0.37
2015.06.04 22:03:20.559,1.46111,1.46156,0.37,0.37
2015.06.04 22:03:20.762,1.46111,1.4616,0.37,0.37
2015.06.04 22:03:20.965,1.46113,1.46161,0.75,0.37
2015.06.04 22:03:21.219,1.46114,1.46166,0.75,0.37
2015.06.04 22:03:21.271,1.46116,1.46166,0.75,0.37
2015.06.04 22:03:21.436,1.46113,1.46164,0.75,0.37
2015.06.04 22:03:21.740,1.46115,1.46164,0.75,0.37
2015.06.04 22:03:22.113,1.46113,1.46164,0.75,0.37
2015.06.04 22:03:22.164,1.46111,1.46163,0.75,0.75
2015.06.04 22:03:22.468,1.46113,1.46165,0.75,1.87
2015.06.04 22:03:22.570,1.46109,1.46162,0.75,0.37
2015.06.04 22:03:22.790,1.46111,1.46162,0.75,1.12
2015.06.04 22:03:22.841,1.46112,1.46164,0.75,0.75
2015.06.04 22:03:22.943,1.46113,1.46162,0.75,0.37
2015.06.04 22:03:23.146,1.46111,1.46162,0.75,0.37
2015.06.04 22:03:23.247,1.46114,1.46163,0.75,0.37
2015.06.04 22:03:23.349,1.46111,1.46163,0.75,0.37
2015.06.04 22:03:23.501,1.46109,1.46163,1.50,0.37
2015.06.04 22:03:23.552,1.46112,1.46163,0.75,0.37
2015.06.04 22:03:24.145,1.46111,1.46163,0.75,0.37
2015.06.04 22:03:25.676,1.46109,1.46163,1.50,1.12
2015.06.04 22:03:25.880,1.4611,1.4616,0.75,0.75
2015.06.04 22:03:25.982,1.4611,1.46162,0.75,0.37
2015.06.04 22:03:27.105,1.4611,1.46165,0.75,0.37
2015.06.04 22:03:27.905,1.46109,1.46165,0.75,0.37
2015.06.04 22:03:27.956,1.46112,1.46164,0.75,0.75
2015.06.04 22:03:28.499,1.46111,1.46163,0.75,0.37
2015.06.04 22:03:28.912,1.46114,1.46164,0.75,1.12
2015.06.04 22:03:29.460,1.46115,1.46164,0.75,0.37
2015.06.04 22:03:29.775,1.46113,1.46164,0.75,0.37
2015.06.04 22:03:29.877,1.46111,1.46163,0.75,0.75
2015.06.04 22:03:30.080,1.46109,1.46162,1.50,0.75
2015.06.04 22:03:30.182,1.46111,1.46163,0.75,0.75
2015.06.04 22:03:30.511,1.46109,1.46161,1.50,0.37
2015.06.04 22:03:31.812,1.4611,1.46161,0.75,0.37
2015.06.04 22:03:32.219,1.46112,1.46163,0.75,0.37
2015.06.04 22:03:32.524,1.46115,1.46164,0.75,0.37
2015.06.04 22:03:32.677,1.46113,1.46164,0.75,0.37
2015.06.04 22:03:33.178,1.46112,1.46164,0.75,0.37
2015.06.04 22:03:33.781,1.46113,1.46166,0.75,1.12
2015.06.04 22:03:34.089,1.46116,1.46165,0.75,0.37
2015.06.04 22:03:34.643,1.46115,1.46165,0.75,0.37
2015.06.04 22:03:34.795,1.46111,1.46166,1.50,0.37
2015.06.04 22:03:34.998,1.46112,1.46164,0.75,0.75
2015.06.04 22:03:35.585,1.46114,1.46165,1.50,0.37
2015.06.04 22:03:35.992,1.46116,1.46166,0.75,0.75
2015.06.04 22:03:36.093,1.46114,1.46166,0.75,0.75
2015.06.04 22:03:36.144,1.46116,1.46166,0.75,0.75
2015.06.04 22:03:36.348,1.46114,1.46165,0.75,0.37
2015.06.04 22:03:36.500,1.46114,1.46162,0.75,0.75
2015.06.04 22:03:36.551,1.46111,1.46162,0.75,0.75
2015.06.04 22:03:37.091,1.4611,1.46162,1.50,0.75
2015.06.04 22:03:38.322,1.46109,1.46162,0.75,0.75
2015.06.04 22:03:38.423,1.46111,1.46162,0.75,0.75
2015.06.04 22:03:38.826,1.46121,1.46164,0.75,0.75
2015.06.04 22:03:39.182,1.46121,1.46166,0.75,0.37
2015.06.04 22:03:39.233,1.46123,1.46166,0.75,0.37
2015.06.04 22:03:39.740,1.46124,1.46165,0.75,0.37
2015.06.04 22:03:40.174,1.46125,1.46169,0.75,0.75
2015.06.04 22:03:40.694,1.46124,1.46169,1.50,0.75
2015.06.04 22:03:41.920,1.46124,1.46166,0.75,0.37
2015.06.04 22:03:42.427,1.46124,1.46165,0.75,0.37
2015.06.04 22:03:42.681,1.46124,1.4617,1.50,0.75
2015.06.04 22:03:42.782,1.46126,1.4617,0.75,1.12
2015.06.04 22:03:42.985,1.46124,1.4617,0.75,0.75
2015.06.04 22:03:43.490,1.46124,1.46166,0.75,0.37
2015.06.04 22:03:44.113,1.46126,1.46166,0.75,0.37
2015.06.04 22:03:44.623,1.46126,1.46165,0.75,0.37
2015.06.04 22:03:44.927,1.46126,1.4617,1.50,0.37
2015.06.04 22:03:45.455,1.46126,1.46169,0.75,0.37
2015.06.04 22:03:46.425,1.46126,1.4617,0.75,0.37
2015.06.04 22:03:47.000,1.46126,1.46169,1.50,0.37
2015.06.04 22:03:47.160,1.46126,1.46171,1.50,1.87
2015.06.04 22:03:47.667,1.46127,1.46171,0.75,1.50
2015.06.04 22:03:48.200,1.46126,1.46171,1.50,1.50
2015.06.04 22:03:48.969,1.46127,1.46171,0.75,1.50
2015.06.04 22:03:49.520,1.46127,1.4617,0.75,0.37
2015.06.04 22:03:50.083,1.46126,1.4617,1.50,0.37
2015.06.04 22:03:50.670,1.46126,1.46171,0.75,1.12
2015.06.04 22:03:50.977,1.46129,1.46171,0.75,1.12
2015.06.04 22:03:51.282,1.46126,1.46171,0.75,1.12
2015.06.04 22:03:51.384,1.46124,1.46171,0.75,1.12
2015.06.04 22:03:51.929,1.46126,1.4617,0.75,0.75
2015.06.04 22:03:52.577,1.46127,1.4617,0.75,0.75
2015.06.04 22:03:52.886,1.46124,1.46163,0.75,0.37
2015.06.04 22:03:53.190,1.46125,1.4616,0.75,0.37
2015.06.04 22:03:53.241,1.46125,1.46162,0.75,0.37
2015.06.04 22:03:53.393,1.46123,1.46163,0.75,0.37
2015.06.04 22:03:53.444,1.46123,1.46159,0.75,0.37
2015.06.04 22:03:53.767,1.46123,1.46162,0.75,0.37
2015.06.04 22:03:53.869,1.46123,1.46159,0.75,0.37
2015.06.04 22:03:54.187,1.46123,1.46156,0.75,0.37
2015.06.04 22:03:54.453,1.46123,1.46159,0.75,0.37
2015.06.04 22:03:54.554,1.46123,1.46155,0.75,0.37
2015.06.04 22:03:54.757,1.46123,1.46158,0.75,0.37
2015.06.04 22:03:54.859,1.46123,1.46163,0.75,0.75
2015.06.04 22:03:55.162,1.46124,1.46165,1.50,1.12
2015.06.04 22:03:55.314,1.46126,1.46165,0.75,0.37
2015.06.04 22:03:55.592,1.46123,1.46165,0.75,0.37
2015.06.04 22:03:56.100,1.46123,1.46166,0.75,0.75
2015.06.04 22:03:56.556,1.46123,1.46164,0.75,0.75
2015.06.04 22:03:56.883,1.46123,1.46166,0.75,0.75
2015.06.04 22:03:56.934,1.46123,1.46162,0.75,0.75
2015.06.04 22:03:57.241,1.46123,1.46159,0.75,0.37
2015.06.04 22:03:57.648,1.46124,1.46162,0.75,0.37
2015.06.04 22:03:57.750,1.46125,1.46166,0.75,0.37
2015.06.04 22:03:57.851,1.46123,1.46167,1.50,0.75
2015.06.04 22:03:58.511,1.46127,1.46167,0.75,1.12
2015.06.04 22:03:59.164,1.46127,1.46166,0.75,0.75
2015.06.04 22:03:59.514,1.46128,1.46161,0.75,0.37
2015.06.04 22:04:00.086,1.46127,1.46161,0.75,0.37
2015.06.04 22:04:00.310,1.46127,1.46163,0.75,0.37
2015.06.04 22:04:00.412,1.46127,1.46159,0.75,0.37
2015.06.04 22:04:00.702,1.46127,1.46161,0.75,0.37
2015.06.04 22:04:01.058,1.46127,1.46165,0.75,0.37
2015.06.04 22:04:01.261,1.46127,1.46166,1.00,1.87
2015.06.04 22:04:01.718,1.46125,1.46164,1.00,1.75
2015.06.04 22:04:02.466,1.46125,1.46162,1.00,1.75
2015.06.04 22:04:02.669,1.46125,1.46163,1.00,1.37
2015.06.04 22:04:02.974,1.46125,1.46166,1.00,1.87
2015.06.04 22:04:03.075,1.46125,1.46167,1.00,1.00
2015.06.04 22:04:03.278,1.46125,1.46167,1.50,1.37
2015.06.04 22:04:03.796,1.46125,1.46167,1.00,1.37
2015.06.04 22:04:04.202,1.46125,1.46167,1.00,1.75
2015.06.04 22:04:04.304,1.46125,1.46167,1.00,1.00
2015.06.04 22:04:04.406,1.46125,1.46167,1.00,1.75
2015.06.04 22:04:04.710,1.46125,1.46163,1.00,1.00
2015.06.04 22:04:05.014,1.46125,1.46161,1.00,1.12
2015.06.04 22:04:05.319,1.46125,1.46159,1.00,1.00
2015.06.04 22:04:05.370,1.46125,1.46162,1.00,1.37
2015.06.04 22:04:06.426,1.46125,1.46161,1.00,1.37
2015.06.04 22:04:07.436,1.46125,1.46163,1.00,1.37
2015.06.04 22:04:07.654,1.46125,1.46163,1.00,1.75
2015.06.04 22:04:08.009,1.46125,1.46161,1.00,1.00
2015.06.04 22:04:08.060,1.46125,1.46163,1.00,2.25
2015.06.04 22:04:08.264,1.46125,1.46161,1.00,1.00
2015.06.04 22:04:09.088,1.46125,1.46163,1.00,1.00
2015.06.04 22:04:09.446,1.46125,1.46167,1.00,1.75
2015.06.04 22:04:10.060,1.46125,1.46163,1.00,1.00
2015.06.04 22:04:10.163,1.46125,1.46166,1.00,1.00
2015.06.04 22:04:10.265,1.46125,1.46162,1.00,1.00
2015.06.04 22:04:10.367,1.46125,1.46164,1.00,1.00
2015.06.04 22:04:10.570,1.46125,1.46162,1.00,1.00
2015.06.04 22:04:10.874,1.46125,1.46158,1.00,1.12
2015.06.04 22:04:11.493,1.46125,1.46163,1.00,1.75
2015.06.04 22:04:12.001,1.46125,1.46162,1.00,1.37
2015.06.04 22:04:12.507,1.46125,1.46161,1.00,1.37
2015.06.04 22:04:13.008,1.46125,1.46162,1.00,1.75
2015.06.04 22:04:13.111,1.46125,1.46162,1.00,1.37
2015.06.04 22:04:13.493,1.46125,1.46164,1.00,1.37
2015.06.04 22:04:13.594,1.46125,1.46162,1.00,1.50
2015.06.04 22:04:14.018,1.46125,1.46161,1.00,1.75
2015.06.04 22:04:14.120,1.46125,1.46162,1.00,1.50
2015.06.04 22:04:14.603,1.46125,1.46162,1.00,1.75
2015.06.04 22:04:14.720,1.46125,1.46162,1.00,1.37
2015.06.04 22:04:15.226,1.46125,1.46162,1.00,1.75
2015.06.04 22:04:15.327,1.46125,1.46162,1.00,1.37
2015.06.04 22:04:15.558,1.46125,1.46164,1.00,1.12
2015.06.04 22:04:16.471,1.46125,1.46161,1.00,1.00
2015.06.04 22:04:16.574,1.46125,1.46164,1.00,1.50
2015.06.04 22:04:16.795,1.46125,1.46164,1.00,2.25
2015.06.04 22:04:17.114,1.46125,1.46164,1.00,2.25
2015.06.04 22:04:17.215,1.46125,1.46164,1.00,2.25
2015.06.04 22:04:17.447,1.46125,1.46161,1.00,1.75
2015.06.04 22:04:17.549,1.46125,1.46164,1.00,2.25
2015.06.04 22:04:18.029,1.46125,1.46164,1.00,1.00
2015.06.04 22:04:18.130,1.46125,1.46164,1.00,1.37
2015.06.04 22:04:19.223,1.46125,1.46164,1.00,1.37
2015.06.04 22:04:19.578,1.46125,1.46168,1.00,1.50
2015.06.04 22:04:20.085,1.46126,1.46169,1.00,1.12
2015.06.04 22:04:20.532,1.46126,1.46169,1.00,1.37
2015.06.04 22:04:20.634,1.46126,1.46169,1.00,1.37
2015.06.04 22:04:20.736,1.46126,1.46167,1.00,1.50
2015.06.04 22:04:20.838,1.46124,1.46167,1.00,1.12
2015.06.04 22:04:21.252,1.46124,1.46165,1.00,3.00
2015.06.04 22:04:21.818,1.46124,1.46165,1.00,1.87
2015.06.04 22:04:22.137,1.46124,1.46165,1.00,1.50
2015.06.04 22:04:22.441,1.46124,1.46166,1.00,1.00
2015.06.04 22:04:22.948,1.46124,1.46169,1.00,1.37
2015.06.04 22:04:22.999,1.46124,1.46169,1.00,1.00
2015.06.04 22:04:23.466,1.46124,1.46168,1.00,1.37
2015.06.04 22:04:24.081,1.46124,1.46166,1.00,1.37
2015.06.04 22:04:24.589,1.46125,1.4617,1.00,3.00
2015.06.04 22:04:24.792,1.46125,1.4617,1.00,1.50
2015.06.04 22:04:24.893,1.46123,1.4617,1.00,1.50
2015.06.04 22:04:25.433,1.46125,1.4617,1.00,1.37
2015.06.04 22:04:25.493,1.46123,1.4617,1.50,1.37
2015.06.04 22:04:26.125,1.46123,1.46169,1.00,2.25
2015.06.04 22:04:26.664,1.46123,1.46165,1.00,1.75
2015.06.04 22:04:27.054,1.46123,1.4616,1.00,1.75
2015.06.04 22:04:27.208,1.46123,1.46162,1.00,1.75
2015.06.04 22:04:27.310,1.46123,1.46162,1.00,1.37
2015.06.04 22:04:27.513,1.46123,1.46163,1.00,1.37
2015.06.04 22:04:27.615,1.46123,1.46165,1.00,1.00
2015.06.04 22:04:27.818,1.46125,1.46168,1.00,1.75
2015.06.04 22:04:28.130,1.46126,1.46166,1.00,1.12
2015.06.04 22:04:28.398,1.46126,1.4617,1.00,1.50
2015.06.04 22:04:28.790,1.46126,1.4617,1.00,2.25
2015.06.04 22:04:30.602,1.46126,1.4617,1.00,1.50
2015.06.04 22:04:30.804,1.46126,1.46168,1.00,1.75
2015.06.04 22:04:32.621,1.46126,1.4617,1.00,2.25
2015.06.04 22:04:32.723,1.46126,1.4617,1.00,1.87
2015.06.04 22:04:32.825,1.46126,1.46168,1.00,1.75
2015.06.04 22:04:34.600,1.46126,1.46168,1.00,1.37
2015.06.04 22:04:34.702,1.46126,1.4617,1.00,1.75
2015.06.04 22:04:35.231,1.46126,1.46168,1.00,1.50
2015.06.04 22:04:36.613,1.46126,1.4617,1.00,1.75
2015.06.04 22:04:36.818,1.46126,1.4617,1.00,1.87
2015.06.04 22:04:36.920,1.46126,1.4617,1.00,2.62
2015.06.04 22:04:37.532,1.46126,1.46166,1.00,1.37
2015.06.04 22:04:38.038,1.46126,1.46169,1.00,1.50
2015.06.04 22:04:38.141,1.46126,1.46168,1.00,1.75
2015.06.04 22:04:38.648,1.46126,1.46166,1.00,1.50
2015.06.04 22:04:39.091,1.46124,1.46166,1.00,1.50
2015.06.04 22:04:39.522,1.46124,1.46168,1.00,1.50
2015.06.04 22:04:40.423,1.46124,1.46165,1.00,1.50
2015.06.04 22:04:40.930,1.46124,1.46164,1.00,1.50
2015.06.04 22:04:41.254,1.46124,1.46162,1.00,1.50
2015.06.04 22:04:41.935,1.46124,1.46163,1.00,1.50
2015.06.04 22:04:42.036,1.46124,1.46165,1.00,1.50
2015.06.04 22:04:42.138,1.46124,1.46163,1.00,1.75
2015.06.04 22:04:42.341,1.46124,1.46165,1.00,1.37
2015.06.04 22:04:42.545,1.46124,1.46167,1.00,1.12
2015.06.04 22:04:42.646,1.46124,1.46166,1.00,1.50
2015.06.04 22:04:42.748,1.46124,1.46166,1.00,1.87
2015.06.04 22:04:42.918,1.46124,1.46168,1.00,1.75
2015.06.04 22:04:43.122,1.46124,1.46168,1.00,1.00
2015.06.04 22:04:43.173,1.46124,1.4617,1.50,1.12
2015.06.04 22:04:43.224,1.46124,1.4617,1.50,1.50
2015.06.04 22:04:43.325,1.46124,1.4617,1.00,1.50
2015.06.04 22:04:43.376,1.46124,1.46167,1.00,1.00
2015.06.04 22:04:43.580,1.46124,1.4617,1.00,1.00
2015.06.04 22:04:43.632,1.46124,1.4617,1.00,1.37
2015.06.04 22:04:44.427,1.46124,1.46166,1.00,1.12
2015.06.04 22:04:44.799,1.46124,1.46164,1.00,2.25
2015.06.04 22:04:45.465,1.46124,1.46164,1.00,1.50
2015.06.04 22:04:45.668,1.46124,1.46164,1.00,1.87
2015.06.04 22:04:45.822,1.46124,1.46164,1.00,1.75
2015.06.04 22:04:45.924,1.46124,1.46164,1.00,1.00
2015.06.04 22:04:46.478,1.46124,1.46163,1.00,1.00
2015.06.04 22:04:47.263,1.46124,1.46166,1.00,1.87
2015.06.04 22:04:47.568,1.46124,1.46164,1.00,1.75
2015.06.04 22:04:49.237,1.46124,1.46164,1.00,1.50
2015.06.04 22:04:49.339,1.46124,1.46164,1.00,1.00
2015.06.04 22:04:49.440,1.46124,1.46164,1.00,1.75
2015.06.04 22:04:49.542,1.46124,1.46166,1.00,2.62
2015.06.04 22:04:49.644,1.46124,1.46166,1.00,2.25
2015.06.04 22:04:49.695,1.46124,1.46164,1.00,1.00
2015.06.04 22:04:50.007,1.46124,1.46163,1.00,1.75
2015.06.04 22:04:51.644,1.46124,1.46164,1.00,1.37
2015.06.04 22:04:51.746,1.46124,1.46166,1.00,2.25
2015.06.04 22:04:51.847,1.46124,1.46164,1.00,1.75
2015.06.04 22:04:52.784,1.46124,1.46166,1.00,2.62
2015.06.04 22:04:52.886,1.46124,1.46165,1.00,1.12
2015.06.04 22:04:52.937,1.46124,1.46166,1.00,3.37
2015.06.04 22:04:53.498,1.46124,1.46166,1.00,2.25
2015.06.04 22:04:53.600,1.46124,1.46165,1.00,1.87
2015.06.04 22:04:53.995,1.46124,1.46166,1.00,2.25
2015.06.04 22:04:54.229,1.46124,1.46164,1.00,1.75
2015.06.04 22:04:54.381,1.46124,1.46165,1.00,1.50
2015.06.04 22:04:54.484,1.46124,1.46163,1.00,1.75
2015.06.04 22:04:54.812,1.46124,1.46163,1.00,2.25
2015.06.04 22:04:55.015,1.46123,1.46163,1.00,1.87
2015.06.04 22:04:56.001,1.46123,1.46167,1.00,1.37
2015.06.04 22:04:56.204,1.46123,1.46168,1.00,1.00
2015.06.04 22:04:56.306,1.46123,1.46169,2.25,1.37
2015.06.04 22:04:56.610,1.46124,1.46171,1.12,1.75
2015.06.04 22:04:56.712,1.46124,1.46171,1.00,1.87
2015.06.04 22:04:56.814,1.46125,1.46168,1.00,1.50
2015.06.04 22:04:56.866,1.46123,1.46169,1.00,1.75
2015.06.04 22:04:57.157,1.46123,1.46169,1.00,1.37
2015.06.04 22:04:57.919,1.46123,1.46171,1.00,1.87
2015.06.04 22:04:58.021,1.46123,1.46171,1.00,1.00
2015.06.04 22:04:58.072,1.46123,1.46169,1.00,1.00
2015.06.04 22:04:58.377,1.46123,1.4617,1.00,1.37
2015.06.04 22:04:58.428,1.46123,1.4617,1.00,1.00
2015.06.04 22:04:58.530,1.46123,1.46171,1.00,2.77
2015.06.04 22:04:58.866,1.46125,1.46171,1.00,2.62
2015.06.04 22:04:59.778,1.46127,1.46171,1.00,1.50
2015.06.04 22:04:59.880,1.46125,1.46171,1.00,1.50
2015.06.04 22:05:00.528,1.46125,1.46171,1.00,1.00
2015.06.04 22:05:00.580,1.46125,1.46175,1.00,1.12
2015.06.04 22:05:00.885,1.4613,1.46178,1.00,1.50
2015.06.04 22:05:00.987,1.46128,1.46178,1.50,1.50
2015.06.04 22:05:01.552,1.46128,1.46177,1.00,1.00
2015.06.04 22:05:01.653,1.46127,1.46177,1.00,2.02
2015.06.04 22:05:01.913,1.46127,1.46174,1.00,1.50
2015.06.04 22:05:01.969,1.46125,1.46174,1.00,1.00
2015.06.04 22:05:02.884,1.46125,1.46173,1.00,1.00
2015.06.04 22:05:03.137,1.46125,1.46174,1.00,1.87
2015.06.04 22:05:03.561,1.46125,1.46174,1.00,1.00
2015.06.04 22:05:03.869,1.46125,1.46174,1.00,3.00
2015.06.04 22:05:03.971,1.46125,1.46173,1.00,1.00
2015.06.04 22:05:04.275,1.46125,1.46174,1.00,1.37
2015.06.04 22:05:04.983,1.46125,1.46174,1.00,1.00
2015.06.04 22:05:05.085,1.46125,1.46174,1.00,1.37
2015.06.04 22:05:05.335,1.46125,1.46174,1.00,1.00
2015.06.04 22:05:05.590,1.46125,1.46172,1.00,1.00
2015.06.04 22:05:05.693,1.46125,1.46174,1.00,1.00
2015.06.04 22:05:05.794,1.46125,1.46174,1.00,1.75
2015.06.04 22:05:05.897,1.46124,1.46174,1.00,1.37
2015.06.04 22:05:06.404,1.46124,1.46173,1.00,1.37
2015.06.04 22:05:07.228,1.46124,1.46173,1.00,1.87
2015.06.04 22:05:07.279,1.46124,1.46166,1.00,1.00
2015.06.04 22:05:07.482,1.46124,1.46169,1.00,1.00
2015.06.04 22:05:07.685,1.46123,1.46166,1.00,1.00
2015.06.04 22:05:07.787,1.46123,1.46169,1.00,1.00
2015.06.04 22:05:07.888,1.46123,1.46167,1.00,1.00
2015.06.04 22:05:08.425,1.46123,1.46168,1.00,1.37
2015.06.04 22:05:08.932,1.46123,1.46167,1.00,1.37
2015.06.04 22:05:09.592,1.46123,1.46168,1.00,1.37
2015.06.04 22:05:10.119,1.46123,1.46172,1.00,1.87
2015.06.04 22:05:10.424,1.46123,1.46172,1.00,1.00
2015.06.04 22:05:11.032,1.46123,1.46171,1.00,1.00
2015.06.04 22:05:11.508,1.46123,1.46169,1.00,1.00
2015.06.04 22:05:11.610,1.46123,1.46173,1.00,1.00
2015.06.04 22:05:11.712,1.46123,1.46169,1.00,1.00
2015.06.04 22:05:11.915,1.46123,1.46173,1.00,1.00
2015.06.04 22:05:12.542,1.46123,1.46172,1.00,1.00
2015.06.04 22:05:12.796,1.46123,1.46174,1.00,1.12
2015.06.04 22:05:13.030,1.46123,1.46172,1.00,1.00
2015.06.04 22:05:13.337,1.46123,1.46174,1.00,1.12
2015.06.04 22:05:13.743,1.46123,1.46171,1.00,1.00
2015.06.04 22:05:13.845,1.46123,1.46174,1.00,1.12
2015.06.04 22:05:14.099,1.46123,1.46169,1.00,1.00
2015.06.04 22:05:14.200,1.46123,1.46172,1.00,1.00
2015.06.04 22:05:14.849,1.46123,1.46171,1.00,1.00
2015.06.04 22:05:15.103,1.46123,1.46169,1.00,1.00
2015.06.04 22:05:15.762,1.46123,1.46169,1.00,1.37
2015.06.04 22:05:16.268,1.46123,1.46172,1.00,1.37
2015.06.04 22:05:16.752,1.46123,1.46171,1.00,1.00
2015.06.04 22:05:17.209,1.46123,1.46169,1.00,1.00
2015.06.04 22:05:18.191,1.46123,1.4617,1.00,1.00
2015.06.04 22:05:18.445,1.46124,1.46172,1.00,1.50
2015.06.04 22:05:18.750,1.46123,1.46169,1.00,1.00
2015.06.04 22:05:19.107,1.46123,1.46169,1.00,1.87
2015.06.04 22:05:19.563,1.46123,1.46169,1.00,1.00
2015.06.04 22:05:19.981,1.46123,1.46172,1.00,1.00
2015.06.04 22:05:20.335,1.46123,1.4617,1.00,1.00
2015.06.04 22:05:20.995,1.46123,1.46171,1.00,1.37
2015.06.04 22:05:22.433,1.46124,1.46171,1.00,1.37
2015.06.04 22:05:22.484,1.46124,1.46171,1.00,1.00
2015.06.04 22:05:22.738,1.46123,1.46169,1.00,1.00
2015.06.04 22:05:23.231,1.46123,1.46171,1.00,1.00
2015.06.04 22:05:23.434,1.4612,1.46171,1.00,1.00
2015.06.04 22:05:24.822,1.46124,1.46171,1.00,1.00
2015.06.04 22:05:25.025,1.4612,1.46171,1.50,1.00
2015.06.04 22:05:25.887,1.4612,1.46175,1.50,1.90
2015.06.04 22:05:26.039,1.46122,1.46175,1.00,1.00
2015.06.04 22:05:26.141,1.4612,1.46174,1.50,1.50
2015.06.04 22:05:27.020,1.46122,1.46171,1.00,1.87
2015.06.04 22:05:27.122,1.4612,1.46171,1.50,1.87
2015.06.04 22:05:27.173,1.46122,1.46171,1.00,1.87
2015.06.04 22:05:27.679,1.46122,1.46172,1.00,1.37
2015.06.04 22:05:27.730,1.46122,1.46172,1.00,1.00
2015.06.04 22:05:27.832,1.46122,1.46172,1.00,1.37
2015.06.04 22:05:28.355,1.46123,1.46172,1.00,1.37
2015.06.04 22:05:28.414,1.46122,1.46172,1.00,1.00
2015.06.04 22:05:28.516,1.46122,1.4617,1.00,1.37
2015.06.04 22:05:29.023,1.46124,1.4617,1.00,1.37
2015.06.04 22:05:29.480,1.46122,1.46173,1.00,1.37
2015.06.04 22:05:29.835,1.46125,1.46175,1.00,2.02
2015.06.04 22:05:30.362,1.46122,1.46168,1.50,1.00
2015.06.04 22:05:30.414,1.46122,1.46166,1.50,1.00
2015.06.04 22:05:30.819,1.46122,1.46175,1.37,2.25
2015.06.04 22:05:30.921,1.46121,1.46174,1.00,1.75
2015.06.04 22:05:31.475,1.46121,1.46165,1.50,1.00
2015.06.04 22:05:31.978,1.46124,1.46173,1.00,1.75
2015.06.04 22:05:32.334,1.46126,1.46166,1.00,1.12
2015.06.04 22:05:32.538,1.46123,1.46168,1.12,1.00
2015.06.04 22:05:32.639,1.46122,1.46169,1.00,1.37
2015.06.04 22:05:32.944,1.46124,1.46172,1.00,1.75
2015.06.04 22:05:33.275,1.46121,1.46175,1.50,2.25
2015.06.04 22:05:33.799,1.46122,1.46169,1.00,1.37
2015.06.04 22:05:33.901,1.46121,1.46169,1.37,1.37
2015.06.04 22:05:34.003,1.46121,1.46169,1.00,1.37
2015.06.04 22:05:34.515,1.46121,1.46165,1.00,1.37
2015.06.04 22:05:34.920,1.46123,1.46165,1.00,1.37
2015.06.04 22:05:36.946,1.46123,1.46165,1.00,1.37
2015.06.04 22:05:38.262,1.46128,1.46166,1.00,1.50
2015.06.04 22:05:38.313,1.46128,1.46167,1.00,1.37
2015.06.04 22:05:38.364,1.46127,1.46169,1.00,1.00
2015.06.04 22:05:38.465,1.46123,1.46173,1.37,1.37
2015.06.04 22:05:38.669,1.46124,1.46169,1.37,1.37
2015.06.04 22:05:39.266,1.46123,1.46169,1.50,1.50
2015.06.04 22:05:39.571,1.46124,1.46168,1.12,1.12
2015.06.04 22:05:39.755,1.46124,1.46166,1.00,1.37
2015.06.04 22:05:40.280,1.46123,1.46166,1.00,1.37
2015.06.04 22:05:41.680,1.46123,1.46166,1.00,1.12
2015.06.04 22:05:41.883,1.46123,1.46167,1.00,1.37
2015.06.04 22:05:43.895,1.46123,1.4617,1.00,1.75
2015.06.04 22:05:44.098,1.46127,1.46168,1.00,1.37
2015.06.04 22:05:44.301,1.46126,1.46168,1.00,1.37
2015.06.04 22:05:44.403,1.46124,1.46174,1.37,1.75
2015.06.04 22:05:44.714,1.46126,1.46174,1.00,1.37
2015.06.04 22:05:44.765,1.46129,1.46175,1.00,1.37
2015.06.04 22:05:45.070,1.46129,1.4617,1.00,1.00
2015.06.04 22:05:45.596,1.46126,1.46172,1.00,1.37
2015.06.04 22:05:45.698,1.46124,1.46171,1.12,1.12
2015.06.04 22:05:45.800,1.46123,1.46175,1.37,2.25
2015.06.04 22:05:46.106,1.46123,1.4617,1.00,1.75
2015.06.04 22:05:46.310,1.46123,1.46171,1.00,1.75
2015.06.04 22:05:46.819,1.46125,1.46166,1.00,1.37
2015.06.04 22:05:47.023,1.46124,1.46168,1.00,1.00
2015.06.04 22:05:47.075,1.46125,1.46172,1.00,1.00
2015.06.04 22:05:47.177,1.46125,1.46168,1.00,1.00
2015.06.04 22:05:47.505,1.46122,1.46168,1.37,1.37
2015.06.04 22:05:47.709,1.46122,1.46168,1.00,1.37
2015.06.04 22:05:48.018,1.46124,1.46168,1.00,1.37
2015.06.04 22:05:48.323,1.46121,1.4617,1.12,1.75
2015.06.04 22:05:48.425,1.46121,1.46165,1.00,1.37
2015.06.04 22:05:49.073,1.46121,1.46166,1.00,1.37
2015.06.04 22:05:51.529,1.46121,1.46165,1.37,1.37
2015.06.04 22:05:52.049,1.46121,1.46163,1.00,1.37
2015.06.04 22:05:52.815,1.46123,1.46165,1.00,1.50
2015.06.04 22:05:53.368,1.46122,1.46166,1.00,1.75
2015.06.04 22:05:55.302,1.46122,1.46166,1.00,1.50
2015.06.04 22:05:55.404,1.46122,1.46164,1.00,1.12
2015.06.04 22:05:55.506,1.46121,1.46164,1.12,1.50
2015.06.04 22:05:56.226,1.46121,1.46167,1.87,1.50
2015.06.04 22:05:56.837,1.46123,1.46169,1.00,1.75
2015.06.04 22:05:57.345,1.46122,1.46167,1.12,1.50
2015.06.04 22:05:57.981,1.46123,1.46167,1.00,1.37
2015.06.04 22:05:58.083,1.46121,1.46167,1.12,1.37
2015.06.04 22:06:00.283,1.46121,1.46167,1.12,1.75
2015.06.04 22:06:01.153,1.46123,1.46167,1.00,2.25
2015.06.04 22:06:01.813,1.4612,1.46167,1.37,2.25
2015.06.04 22:06:02.017,1.4612,1.46167,1.37,1.50
2015.06.04 22:06:04.231,1.46119,1.46167,2.25,1.37
2015.06.04 22:06:04.285,1.46119,1.46167,1.87,1.75
2015.06.04 22:06:05.990,1.46119,1.46167,1.87,1.50
2015.06.04 22:06:06.706,1.4612,1.46167,1.87,1.50
2015.06.04 22:06:07.228,1.46123,1.46172,1.37,1.37
2015.06.04 22:06:08.059,1.4612,1.46172,1.37,1.75
2015.06.04 22:06:08.161,1.46123,1.46169,1.00,1.37
2015.06.04 22:06:08.263,1.4612,1.46169,1.37,1.37
2015.06.04 22:06:08.858,1.46121,1.46173,1.37,2.25
2015.06.04 22:06:08.911,1.46121,1.46173,1.00,1.37
2015.06.04 22:06:08.961,1.46121,1.46173,1.12,1.75
2015.06.04 22:06:09.267,1.46121,1.46171,1.37,1.75
2015.06.04 22:06:09.572,1.46121,1.46168,1.87,1.75
2015.06.04 22:06:09.776,1.46124,1.46174,1.12,1.37
2015.06.04 22:06:09.878,1.46124,1.46172,1.00,1.75
2015.06.04 22:06:10.082,1.46121,1.46173,1.37,1.75
2015.06.04 22:06:10.183,1.46121,1.46176,1.87,1.50
2015.06.04 22:06:10.484,1.46124,1.46174,1.00,1.75
2015.06.04 22:06:10.813,1.46126,1.4617,1.00,1.75
2015.06.04 22:06:10.864,1.46121,1.4617,1.87,1.75
2015.06.04 22:06:11.269,1.46125,1.4617,1.00,1.75
2015.06.04 22:06:12.174,1.46123,1.46173,1.00,1.75
2015.06.04 22:06:12.783,1.46122,1.46171,1.00,1.75
2015.06.04 22:06:13.290,1.46122,1.46167,1.00,1.75
2015.06.04 22:06:14.769,1.46122,1.46169,1.00,1.75
2015.06.04 22:06:19.028,1.46123,1.46168,1.37,1.75
2015.06.04 22:06:19.335,1.46126,1.46168,1.00,1.50
2015.06.04 22:06:19.846,1.46122,1.46168,1.50,1.37
2015.06.04 22:06:19.948,1.46123,1.46173,1.37,1.87
2015.06.04 22:06:20.259,1.46126,1.46172,2.25,1.75
2015.06.04 22:06:20.633,1.46125,1.46176,1.75,1.37
2015.06.04 22:06:21.233,1.46124,1.46176,1.37,1.00
2015.06.04 22:06:21.335,1.46123,1.46175,1.75,1.75
2015.06.04 22:06:21.436,1.46121,1.46174,2.25,1.75
2015.06.04 22:06:22.019,1.46121,1.46172,3.00,1.75
2015.06.04 22:06:22.446,1.46121,1.46172,1.75,2.25
2015.06.04 22:06:22.650,1.46121,1.4617,2.25,1.12
2015.06.04 22:06:22.803,1.46123,1.46175,1.75,1.37
2015.06.04 22:06:22.905,1.46123,1.46172,1.75,1.00
2015.06.04 22:06:22.956,1.46123,1.46172,1.87,1.12
2015.06.04 22:06:23.210,1.46125,1.46178,1.75,1.87
2015.06.04 22:06:23.312,1.46125,1.46179,1.00,1.50
2015.06.04 22:06:23.363,1.46125,1.46175,1.00,1.00
2015.06.04 22:06:23.667,1.46129,1.46175,1.37,1.00
2015.06.04 22:06:24.207,1.46129,1.46176,1.37,1.00
2015.06.04 22:06:24.309,1.46124,1.46176,1.00,1.00
2015.06.04 22:06:24.360,1.46123,1.46173,1.12,1.00
2015.06.04 22:06:24.462,1.46121,1.46175,2.62,1.00
2015.06.04 22:06:24.867,1.46121,1.46173,1.87,1.00
2015.06.04 22:06:25.172,1.46123,1.46169,1.37,1.00
2015.06.04 22:06:25.625,1.46121,1.46173,1.37,1.00
2015.06.04 22:06:26.132,1.46121,1.46174,2.62,1.87
2015.06.04 22:06:26.782,1.46121,1.46172,1.87,1.00
2015.06.04 22:06:27.777,1.46122,1.4617,1.37,1.00
2015.06.04 22:06:28.081,1.46122,1.46174,1.75,2.25
2015.06.04 22:06:28.588,1.46121,1.46172,1.75,1.75
2015.06.04 22:06:29.149,1.46121,1.46172,2.25,3.00
2015.06.04 22:06:29.560,1.46122,1.4617,1.75,1.75
2015.06.04 22:06:30.609,1.46121,1.46167,2.25,1.37
2015.06.04 22:06:30.710,1.46122,1.46167,2.25,1.37
2015.06.04 22:06:30.812,1.46123,1.46169,1.75,1.37
2015.06.04 22:06:30.914,1.46125,1.46169,1.75,1.00
2015.06.04 22:06:31.995,1.46122,1.46169,1.37,1.00
2015.06.04 22:06:32.300,1.46121,1.46169,1.12,1.00
2015.06.04 22:06:32.402,1.46121,1.46169,2.25,1.00
2015.06.04 22:06:33.095,1.46124,1.46172,2.25,1.00
2015.06.04 22:06:33.197,1.46124,1.46172,1.37,1.00
2015.06.04 22:06:33.299,1.46123,1.46172,1.75,1.00
2015.06.04 22:06:33.604,1.46121,1.4617,1.87,1.00
2015.06.04 22:06:33.706,1.46121,1.4617,1.37,1.00
2015.06.04 22:06:33.909,1.46122,1.4617,1.00,1.00
2015.06.04 22:06:34.011,1.46122,1.4617,1.37,1.00
2015.06.04 22:06:34.530,1.46126,1.4617,1.00,1.00
2015.06.04 22:06:34.835,1.46127,1.46171,1.37,1.00
2015.06.04 22:06:35.140,1.46122,1.46169,1.75,1.00
2015.06.04 22:06:35.495,1.46123,1.46169,1.00,1.00
2015.06.04 22:06:35.749,1.46123,1.46167,1.37,1.00
2015.06.04 22:06:36.978,1.46121,1.46171,1.87,1.00
2015.06.04 22:06:37.079,1.46121,1.46171,2.25,1.00
2015.06.04 22:06:37.181,1.46124,1.46174,1.50,1.00
2015.06.04 22:06:37.283,1.46124,1.46171,1.00,1.00
2015.06.04 22:06:37.385,1.46121,1.46171,1.50,1.00
2015.06.04 22:06:37.486,1.46123,1.46171,1.00,1.00
2015.06.04 22:06:37.982,1.46121,1.46171,1.00,1.00
2015.06.04 22:06:38.778,1.46122,1.46171,1.00,1.00
2015.06.04 22:06:38.931,1.46123,1.4617,1.75,1.37
2015.06.04 22:06:39.229,1.46126,1.46171,1.37,1.00
2015.06.04 22:06:39.483,1.4613,1.46171,1.00,1.00
2015.06.04 22:06:39.990,1.46127,1.46171,1.00,1.00
2015.06.04 22:06:40.041,1.46127,1.4617,1.75,1.00
2015.06.04 22:06:40.549,1.46123,1.46169,1.37,1.00
2015.06.04 22:06:40.784,1.46122,1.46169,1.87,1.00
2015.06.04 22:06:41.144,1.46122,1.46167,1.37,1.00
2015.06.04 22:06:41.347,1.46122,1.46169,1.87,1.00
2015.06.04 22:06:41.449,1.46125,1.46169,1.75,1.00
2015.06.04 22:06:41.602,1.46126,1.46174,1.75,1.00
2015.06.04 22:06:41.704,1.46131,1.46176,1.75,1.00
2015.06.04 22:06:42.485,1.46132,1.46167,2.25,1.00
2015.06.04 22:06:42.789,1.46129,1.46157,1.37,1.00
2015.06.04 22:06:42.992,1.46125,1.46162,1.75,1.00
2015.06.04 22:06:43.144,1.46128,1.46161,1.75,1.00
2015.06.04 22:06:43.551,1.46129,1.46161,1.75,1.00
2015.06.04 22:06:43.653,1.46131,1.46157,1.50,1.00
2015.06.04 22:06:43.856,1.46123,1.46157,3.37,1.00
2015.06.04 22:06:44.465,1.46123,1.46153,1.37,1.00
2015.06.04 22:06:45.326,1.46125,1.46156,1.37,1.00
2015.06.04 22:06:45.529,1.4612,1.46153,2.25,1.00
2015.06.04 22:06:47.167,1.46122,1.46153,1.37,1.00
2015.06.04 22:06:47.725,1.46125,1.46153,1.00,1.00
2015.06.04 22:06:48.266,1.4612,1.46153,1.75,1.00
2015.06.04 22:06:48.572,1.4612,1.46151,1.75,1.00
2015.06.04 22:06:49.079,1.4612,1.46151,1.75,1.00
2015.06.04 22:06:49.249,1.4612,1.46151,1.75,1.00
2015.06.04 22:06:49.402,1.46123,1.46155,1.37,1.00
2015.06.04 22:06:50.127,1.46123,1.46155,1.50,1.00
2015.06.04 22:06:50.279,1.46127,1.46157,1.00,1.00
2015.06.04 22:06:50.330,1.46129,1.46157,1.00,1.00
2015.06.04 22:06:50.585,1.46133,1.46162,1.00,1.00
2015.06.04 22:06:50.636,1.46129,1.46162,1.00,1.00
2015.06.04 22:06:50.738,1.46126,1.4616,2.25,1.00
2015.06.04 22:06:50.840,1.46126,1.46156,2.25,1.00
2015.06.04 22:06:51.043,1.46122,1.46157,1.50,1.00
2015.06.04 22:06:51.742,1.46124,1.46157,1.00,1.00
2015.06.04 22:06:52.047,1.46127,1.4616,1.00,1.00
2015.06.04 22:06:52.149,1.4613,1.46167,1.00,1.00
2015.06.04 22:06:52.250,1.46131,1.4616,1.00,1.00
2015.06.04 22:06:52.453,1.46129,1.4616,1.00,1.00
2015.06.04 22:06:52.935,1.46131,1.4616,1.00,1.00
2015.06.04 22:06:53.474,1.4613,1.4616,1.00,1.00
2015.06.04 22:06:53.778,1.46136,1.46169,1.75,1.00
2015.06.04 22:06:53.880,1.46135,1.46168,1.37,1.00
2015.06.04 22:06:54.248,1.46139,1.46167,1.00,1.00
2015.06.04 22:06:54.655,1.46138,1.46169,1.12,1.00
2015.06.04 22:06:54.807,1.46135,1.46162,1.37,1.00
2015.06.04 22:06:55.061,1.46129,1.46162,1.12,1.00
2015.06.04 22:06:55.417,1.46132,1.46162,1.00,1.00
2015.06.04 22:06:55.811,1.4613,1.46162,1.00,1.00
2015.06.04 22:06:55.914,1.46135,1.46162,1.00,1.00
2015.06.04 22:06:56.219,1.46138,1.4617,1.75,1.00
2015.06.04 22:06:56.678,1.4614,1.4617,1.50,1.00
2015.06.04 22:06:56.780,1.46137,1.4617,1.37,1.00
2015.06.04 22:06:57.410,1.46143,1.46174,1.00,1.00
2015.06.04 22:06:57.716,1.46151,1.46174,1.00,1.00
2015.06.04 22:06:58.072,1.4615,1.4617,1.00,1.00
2015.06.04 22:06:58.225,1.46141,1.46171,1.12,1.00
2015.06.04 22:06:58.845,1.46132,1.4617,1.75,1.00
2015.06.04 22:06:59.303,1.46137,1.46166,1.37,1.00
2015.06.04 22:06:59.354,1.46137,1.46166,1.37,1.00
2015.06.04 22:06:59.406,1.46137,1.46168,1.37,1.00
2015.06.04 22:06:59.558,1.46135,1.46168,1.75,1.00
2015.06.04 22:06:59.863,1.4614,1.4617,1.37,1.00
2015.06.04 22:07:00.349,1.46139,1.46174,1.37,1.50
2015.06.04 22:07:00.400,1.46135,1.46164,1.00,1.00
2015.06.04 22:07:00.452,1.46131,1.46164,1.37,1.00
2015.06.04 22:07:00.706,1.46129,1.46169,1.37,1.00
2015.06.04 22:07:01.214,1.46134,1.46169,1.00,1.00
2015.06.04 22:07:01.366,1.46135,1.46171,1.00,1.00
2015.06.04 22:07:01.468,1.46133,1.46171,1.12,1.00
2015.06.04 22:07:01.959,1.4614,1.46171,1.00,1.00
2015.06.04 22:07:02.162,1.46141,1.46173,1.87,1.00
2015.06.04 22:07:02.213,1.46148,1.46173,1.00,1.00
2015.06.04 22:07:02.315,1.4614,1.46173,1.37,1.00
2015.06.04 22:07:02.980,1.46142,1.46173,1.00,1.00
2015.06.04 22:07:03.238,1.46152,1.46177,1.00,1.00
2015.06.04 22:07:05.148,1.46151,1.46174,1.00,1.00
2015.06.04 22:07:05.352,1.46151,1.46176,1.00,1.00
2015.06.04 22:07:05.555,1.46152,1.46174,1.00,1.00
2015.06.04 22:07:05.859,1.46148,1.46171,1.00,1.00
2015.06.04 22:07:06.325,1.46142,1.46185,1.50,1.00
2015.06.04 22:07:07.090,1.46143,1.46185,1.50,1.00
2015.06.04 22:07:07.611,1.46144,1.46185,1.37,1.00
2015.06.04 22:07:07.818,1.46151,1.46189,1.00,1.00
2015.06.04 22:07:08.022,1.46146,1.46187,1.37,1.00
2015.06.04 22:07:08.327,1.4614,1.46187,1.37,1.00
2015.06.04 22:07:08.834,1.46141,1.46187,1.37,1.00
2015.06.04 22:07:08.936,1.46144,1.46187,1.75,1.00
2015.06.04 22:07:09.308,1.46141,1.46183,2.25,1.00
2015.06.04 22:07:09.613,1.46137,1.46183,1.37,1.00
2015.06.04 22:07:10.394,1.46141,1.46183,1.00,1.00
2015.06.04 22:07:10.699,1.46143,1.46185,1.50,1.00
2015.06.04 22:07:12.035,1.46145,1.46189,1.37,1.00
2015.06.04 22:07:12.086,1.46151,1.46189,1.00,1.00
2015.06.04 22:07:12.535,1.46152,1.46181,1.00,1.00
2015.06.04 22:07:12.587,1.4614,1.46181,1.37,1.00
2015.06.04 22:07:13.145,1.46145,1.46181,1.00,1.00
2015.06.04 22:07:13.247,1.46145,1.46184,1.00,1.00
2015.06.04 22:07:13.298,1.46145,1.46184,1.75,1.00
2015.06.04 22:07:13.400,1.46145,1.46184,2.25,1.00
2015.06.04 22:07:13.604,1.4614,1.46181,1.37,1.00
2015.06.04 22:07:13.890,1.46136,1.46177,2.25,1.00
2015.06.04 22:07:14.498,1.46145,1.46181,1.50,1.00
2015.06.04 22:07:14.803,1.46139,1.46179,1.75,1.00
2015.06.04 22:07:15.108,1.46137,1.46178,1.75,1.00
2015.06.04 22:07:15.642,1.46142,1.46178,1.37,1.00
2015.06.04 22:07:15.744,1.46148,1.46178,1.00,1.00
2015.06.04 22:07:15.897,1.46144,1.46182,1.87,1.00
2015.06.04 22:07:16.100,1.46146,1.46184,1.75,1.00
2015.06.04 22:07:16.201,1.46146,1.46184,1.37,1.00
2015.06.04 22:07:16.252,1.46146,1.4618,1.37,1.00
2015.06.04 22:07:17.110,1.4614,1.4618,1.37,1.00
2015.06.04 22:07:17.432,1.46138,1.46183,1.87,1.50
2015.06.04 22:07:17.838,1.46144,1.46183,1.00,1.00
2015.06.04 22:07:18.143,1.46142,1.46182,1.37,1.00
2015.06.04 22:07:18.948,1.46147,1.46182,1.00,1.00
2015.06.04 22:07:19.253,1.46151,1.46184,1.37,1.00
2015.06.04 22:07:19.405,1.46151,1.46184,1.37,1.12
2015.06.04 22:07:19.659,1.46152,1.46182,1.37,1.00
2015.06.04 22:07:19.710,1.46151,1.46182,1.00,1.00
2015.06.04 22:07:19.812,1.46137,1.46182,1.75,1.00
2015.06.04 22:07:19.863,1.46137,1.46179,1.75,1.00
2015.06.04 22:07:20.081,1.46133,1.46176,1.75,1.00
2015.06.04 22:07:21.177,1.46136,1.46181,1.37,1.12
2015.06.04 22:07:21.380,1.46141,1.46178,1.00,1.00
2015.06.04 22:07:21.693,1.46139,1.46172,1.75,1.00
2015.06.04 22:07:21.744,1.46139,1.46172,1.37,1.00
2015.06.04 22:07:22.544,1.46146,1.46172,1.00,1.00
2015.06.04 22:07:22.595,1.46146,1.46176,1.00,1.00
2015.06.04 22:07:22.697,1.46139,1.4617,1.75,1.00
2015.06.04 22:07:22.900,1.46139,1.4617,1.37,1.00
2015.06.04 22:07:22.952,1.46139,1.46176,1.37,1.00
2015.06.04 22:07:23.689,1.46135,1.46171,1.50,1.00
2015.06.04 22:07:24.196,1.46141,1.46171,1.00,1.00
2015.06.04 22:07:24.501,1.46142,1.46175,2.25,1.00
2015.06.04 22:07:24.810,1.46141,1.46173,1.75,1.00
2015.06.04 22:07:25.571,1.46145,1.46178,1.37,1.00
2015.06.04 22:07:25.673,1.46145,1.46178,1.00,1.00
2015.06.04 22:07:25.927,1.46145,1.46174,1.00,1.00
2015.06.04 22:07:26.232,1.46145,1.46171,1.00,1.00
2015.06.04 22:07:26.478,1.46145,1.46175,1.00,1.00
2015.06.04 22:07:26.581,1.46144,1.46175,1.37,1.00
2015.06.04 22:07:27.138,1.46145,1.46178,1.37,1.00
2015.06.04 22:07:27.240,1.46145,1.46175,1.37,1.00
2015.06.04 22:07:27.493,1.46145,1.46175,1.00,1.00
2015.06.04 22:07:27.545,1.46145,1.46171,1.00,1.00
2015.06.04 22:07:28.078,1.46144,1.46171,1.00,1.00
2015.06.04 22:07:28.129,1.46144,1.46175,1.00,1.00
2015.06.04 22:07:28.180,1.46144,1.46175,1.37,1.00
2015.06.04 22:07:28.282,1.46145,1.46175,1.00,1.00
2015.06.04 22:07:28.434,1.46144,1.46172,1.00,1.00
2015.06.04 22:07:28.790,1.46138,1.46172,1.37,1.00
2015.06.04 22:07:29.759,1.46138,1.46176,1.87,1.00
2015.06.04 22:07:29.811,1.46145,1.46176,1.00,1.00
2015.06.04 22:07:30.118,1.46145,1.46174,1.00,1.00
2015.06.04 22:07:30.321,1.46146,1.46176,1.00,1.00
2015.06.04 22:07:30.423,1.46134,1.46176,1.75,1.00
2015.06.04 22:07:30.576,1.46151,1.46176,1.00,1.00
2015.06.04 22:07:31.107,1.46152,1.46176,1.00,1.00
2015.06.04 22:07:31.159,1.4615,1.46176,1.00,1.00
2015.06.04 22:07:31.565,1.46134,1.46176,3.00,1.00
2015.06.04 22:07:31.718,1.46134,1.46172,2.25,1.00
2015.06.04 22:07:32.420,1.46137,1.46172,1.75,1.00
2015.06.04 22:07:32.806,1.46146,1.46175,1.00,1.00
2015.06.04 22:07:32.960,1.46145,1.46172,1.00,1.00
2015.06.04 22:07:33.468,1.46134,1.46172,1.75,1.00
2015.06.04 22:07:34.029,1.4614,1.46176,1.37,1.00
2015.06.04 22:07:34.937,1.4614,1.46176,1.75,1.00
2015.06.04 22:07:35.043,1.46141,1.46176,1.75,1.00
2015.06.04 22:07:35.144,1.46144,1.46176,1.75,1.00
2015.06.04 22:07:35.246,1.46147,1.46176,1.50,1.00
2015.06.04 22:07:35.349,1.46146,1.46176,1.12,1.00
2015.06.04 22:07:35.931,1.46147,1.46176,1.00,1.00
2015.06.04 22:07:36.375,1.46146,1.46173,1.12,1.00
2015.06.04 22:07:36.681,1.46139,1.4617,1.75,1.00
2015.06.04 22:07:36.732,1.46137,1.4617,2.62,1.00
2015.06.04 22:07:37.349,1.46146,1.4617,1.00,1.00
2015.06.04 22:07:37.661,1.46137,1.4617,1.37,1.00
2015.06.04 22:07:38.675,1.46142,1.4617,1.50,1.00
2015.06.04 22:07:38.882,1.46143,1.46177,1.75,1.00
2015.06.04 22:07:39.233,1.46149,1.46177,1.00,1.00
2015.06.04 22:07:39.284,1.46149,1.46173,1.00,1.00
2015.06.04 22:07:39.591,1.46148,1.4617,1.00,1.00
2015.06.04 22:07:39.743,1.46138,1.4617,2.25,1.00
2015.06.04 22:07:40.352,1.46138,1.4617,2.25,1.00
2015.06.04 22:07:40.454,1.46151,1.46175,1.00,1.00
2015.06.04 22:07:40.823,1.46141,1.46177,1.50,1.00
2015.06.04 22:07:40.877,1.4614,1.46171,1.75,1.00
2015.06.04 22:07:41.283,1.46138,1.46171,1.37,1.00
2015.06.04 22:07:41.537,1.46138,1.46171,1.75,1.00
2015.06.04 22:07:42.185,1.46142,1.46175,1.75,1.00
2015.06.04 22:07:42.464,1.46142,1.46175,1.75,1.00
2015.06.04 22:07:42.872,1.46143,1.46175,1.00,1.00
2015.06.04 22:07:42.975,1.46142,1.46172,1.00,1.00
2015.06.04 22:07:43.774,1.46148,1.46172,1.12,1.00
2015.06.04 22:07:43.825,1.46151,1.46176,1.00,1.00
2015.06.04 22:07:44.146,1.46151,1.46174,1.00,1.00
2015.06.04 22:07:44.704,1.46151,1.46175,1.00,1.00
2015.06.04 22:07:44.755,1.46142,1.46175,1.75,1.00
2015.06.04 22:07:44.857,1.46139,1.46173,2.25,1.00
2015.06.04 22:07:45.060,1.46155,1.46181,1.00,1.50
2015.06.04 22:07:45.162,1.46154,1.46189,1.00,1.00
2015.06.04 22:07:45.263,1.46154,1.46191,1.00,1.00
2015.06.04 22:07:45.365,1.46154,1.46193,1.12,1.00
2015.06.04 22:07:45.416,1.46157,1.46198,1.00,1.87
2015.06.04 22:07:45.467,1.46159,1.46203,1.00,1.00
2015.06.04 22:07:45.620,1.46166,1.4621,1.00,1.37
2015.06.04 22:07:45.881,1.46167,1.46212,1.00,1.00
2015.06.04 22:07:46.186,1.46167,1.46214,1.00,1.87
2015.06.04 22:07:46.237,1.46167,1.46212,1.00,1.00
2015.06.04 22:07:46.695,1.46167,1.46211,1.00,1.37
2015.06.04 22:07:47.000,1.46167,1.4621,1.00,1.50
2015.06.04 22:07:47.304,1.4617,1.46211,1.00,1.87
2015.06.04 22:07:48.117,1.46172,1.46211,1.00,1.87
2015.06.04 22:07:50.227,1.46172,1.46208,1.00,1.37
2015.06.04 22:07:50.941,1.46172,1.4621,1.00,1.37
2015.06.04 22:07:51.043,1.46172,1.4621,1.00,1.50
2015.06.04 22:07:52.967,1.46174,1.4621,1.00,1.50
2015.06.04 22:07:53.018,1.46174,1.46211,1.00,1.37
2015.06.04 22:07:53.171,1.46174,1.46211,1.00,1.87
2015.06.04 22:07:53.696,1.46173,1.46211,1.00,1.87
2015.06.04 22:07:54.211,1.46173,1.46211,1.00,1.37
2015.06.04 22:07:54.995,1.46173,1.46211,1.00,1.37
2015.06.04 22:07:55.568,1.46173,1.46211,1.00,1.87
2015.06.04 22:07:57.030,1.46173,1.46211,1.00,1.87
2015.06.04 22:07:57.459,1.46174,1.46211,1.75,1.37
2015.06.04 22:07:57.769,1.46173,1.46211,1.87,1.00
2015.06.04 22:07:57.996,1.46173,1.46213,1.37,1.50
2015.06.04 22:07:58.048,1.46173,1.46215,1.37,1.00
2015.06.04 22:07:58.758,1.46169,1.46213,1.75,1.00
2015.06.04 22:07:59.844,1.46169,1.46214,1.75,1.00
2015.06.04 22:07:59.996,1.4617,1.46214,1.37,1.00
2015.06.04 22:08:00.098,1.46169,1.46214,1.87,1.00
2015.06.04 22:08:00.200,1.46171,1.46213,1.37,1.00
2015.06.04 22:08:00.403,1.4617,1.46213,1.12,1.00
2015.06.04 22:08:00.506,1.4617,1.46213,1.37,1.00
2015.06.04 22:08:00.812,1.46176,1.46215,1.00,1.00
2015.06.04 22:08:00.914,1.46176,1.46217,1.00,1.00
2015.06.04 22:08:01.221,1.46173,1.46213,1.87,1.00
2015.06.04 22:08:01.831,1.46173,1.46213,1.00,1.00
2015.06.04 22:08:02.186,1.46171,1.46213,1.00,1.00
2015.06.04 22:08:02.964,1.46171,1.46213,1.50,1.00
2015.06.04 22:08:03.809,1.46171,1.46213,3.00,1.00
2015.06.04 22:08:04.012,1.46174,1.46213,1.37,1.00
2015.06.04 22:08:04.114,1.46174,1.46213,1.00,1.00
2015.06.04 22:08:04.216,1.46172,1.46212,1.00,1.00
2015.06.04 22:08:04.501,1.46172,1.46216,1.00,1.00
2015.06.04 22:08:04.654,1.46174,1.46216,1.00,1.00
2015.06.04 22:08:05.572,1.46174,1.46216,1.50,1.37
2015.06.04 22:08:07.227,1.46173,1.46215,1.00,1.12
2015.06.04 22:08:07.430,1.46174,1.46218,1.00,1.00
2015.06.04 22:08:07.646,1.46175,1.46215,1.50,1.00
2015.06.04 22:08:08.677,1.46173,1.46215,1.00,1.00
2015.06.04 22:08:09.227,1.46174,1.46215,1.00,1.00
2015.06.04 22:08:09.777,1.46174,1.46214,1.50,1.00
2015.06.04 22:08:10.031,1.46175,1.46217,1.00,1.00
2015.06.04 22:08:10.133,1.46173,1.46217,2.25,1.00
2015.06.04 22:08:10.647,1.46174,1.46217,1.50,1.00
2015.06.04 22:08:11.149,1.46175,1.46217,1.00,1.00
2015.06.04 22:08:12.538,1.46176,1.46217,1.00,1.00
2015.06.04 22:08:12.906,1.46176,1.46215,1.00,1.00
2015.06.04 22:08:14.897,1.46176,1.46216,1.50,1.00
2015.06.04 22:08:15.429,1.46176,1.46215,1.50,1.00
2015.06.04 22:08:18.498,1.46176,1.46212,1.50,1.00
2015.06.04 22:08:20.464,1.46176,1.46211,1.50,1.00
2015.06.04 22:08:22.108,1.46177,1.46211,1.00,1.00
2015.06.04 22:08:22.459,1.46177,1.46213,1.00,1.00
2015.06.04 22:08:22.990,1.46176,1.46213,1.50,1.00
2015.06.04 22:08:23.497,1.46176,1.46212,1.50,1.00
2015.06.04 22:08:25.262,1.46179,1.46212,1.50,1.00
2015.06.04 22:08:25.771,1.46179,1.46213,1.50,1.00
2015.06.04 22:08:27.489,1.46179,1.46214,1.50,1.00
2015.06.04 22:08:27.604,1.46176,1.46214,1.50,1.00
2015.06.04 22:08:27.656,1.46179,1.46214,1.00,1.00
2015.06.04 22:08:30.168,1.46176,1.46214,1.00,1.00
2015.06.04 22:08:32.261,1.4618,1.46214,1.00,1.00
2015.06.04 22:08:33.214,1.4618,1.46211,1.00,1.00
2015.06.04 22:08:33.367,1.4618,1.46214,1.00,1.00
2015.06.04 22:08:33.740,1.46177,1.46214,1.00,1.00
2015.06.04 22:08:35.509,1.46177,1.46211,1.00,1.00
2015.06.04 22:08:36.177,1.46177,1.46212,1.00,1.00
2015.06.04 22:08:39.169,1.46177,1.46211,1.00,1.00
2015.06.04 22:08:40.581,1.46177,1.46214,1.00,1.00
2015.06.04 22:08:41.240,1.46178,1.46214,1.00,1.00
2015.06.04 22:08:42.103,1.46177,1.46214,2.25,1.00
2015.06.04 22:08:43.212,1.46179,1.46214,1.50,1.00
2015.06.04 22:08:43.810,1.46182,1.46214,1.00,1.00
2015.06.04 22:08:47.553,1.46182,1.46216,1.00,1.00
2015.06.04 22:08:47.655,1.46182,1.46218,1.00,1.00
2015.06.04 22:08:47.807,1.46182,1.46218,1.37,1.00
2015.06.04 22:08:47.910,1.46182,1.46218,1.00,1.00
2015.06.04 22:08:48.064,1.46183,1.46221,1.12,1.00
2015.06.04 22:08:48.115,1.46186,1.46221,1.00,1.00
2015.06.04 22:08:50.121,1.46186,1.46219,1.00,1.00
2015.06.04 22:08:53.811,1.46186,1.4622,1.12,1.00
2015.06.04 22:08:56.025,1.46186,1.46222,1.00,1.00
2015.06.04 22:08:56.431,1.46186,1.4622,1.00,1.00
2015.06.04 22:08:58.224,1.46186,1.46221,1.00,1.00
2015.06.04 22:08:58.598,1.46182,1.46221,1.37,1.00
2015.06.04 22:09:00.049,1.46182,1.46221,1.37,1.00
2015.06.04 22:09:00.554,1.46182,1.4622,1.87,1.00
2015.06.04 22:09:02.072,1.46182,1.4622,1.37,1.00
2015.06.04 22:09:02.258,1.46182,1.4622,1.00,1.00
2015.06.04 22:09:02.614,1.46184,1.46221,1.00,1.00
2015.06.04 22:09:02.919,1.46186,1.46221,1.00,1.00
2015.06.04 22:09:03.353,1.46186,1.46219,1.00,1.00
2015.06.04 22:09:03.944,1.46186,1.46221,1.00,1.00
2015.06.04 22:09:04.097,1.46188,1.46221,1.00,1.00
2015.06.04 22:09:04.199,1.46186,1.46221,1.00,1.00
2015.06.04 22:09:06.002,1.46186,1.46219,1.00,1.00
2015.06.04 22:09:06.466,1.46186,1.46223,1.00,1.00
2015.06.04 22:09:07.002,1.46186,1.46224,1.00,1.00
2015.06.04 22:09:08.326,1.46186,1.46221,1.00,1.00
2015.06.04 22:09:08.428,1.46184,1.46221,1.00,1.00
2015.06.04 22:09:08.963,1.46185,1.46221,1.87,1.00
2015.06.04 22:09:10.452,1.46187,1.46221,1.00,1.00
2015.06.04 22:09:10.555,1.46187,1.46224,1.00,1.00
2015.06.04 22:09:12.022,1.46185,1.46224,1.00,1.00
2015.06.04 22:09:12.073,1.46183,1.46224,1.00,1.00
2015.06.04 22:09:12.175,1.46183,1.4622,1.00,1.00
2015.06.04 22:09:12.705,1.46182,1.4622,1.50,1.00
2015.06.04 22:09:15.827,1.46182,1.46222,1.50,1.00
2015.06.04 22:09:16.284,1.46182,1.46219,2.25,1.00
2015.06.04 22:09:16.386,1.46182,1.46222,2.25,1.00
2015.06.04 22:09:16.691,1.46182,1.46219,1.50,1.00
2015.06.04 22:09:17.047,1.46182,1.46221,1.50,1.00
2015.06.04 22:09:17.571,1.46182,1.46219,1.50,1.00
2015.06.04 22:09:18.239,1.46182,1.46223,1.50,1.00
2015.06.04 22:09:18.291,1.46182,1.46223,1.87,1.00
2015.06.04 22:09:18.392,1.46182,1.46223,1.50,1.00
2015.06.04 22:09:18.443,1.46182,1.46226,1.50,3.00
2015.06.04 22:09:18.596,1.46182,1.46226,1.87,2.62
2015.06.04 22:09:18.845,1.46182,1.46226,1.50,2.25
2015.06.04 22:09:18.896,1.46182,1.46222,1.50,1.00
2015.06.04 22:09:19.207,1.46182,1.46222,1.87,1.00
2015.06.04 22:09:19.360,1.46182,1.46226,1.87,2.62
2015.06.04 22:09:19.563,1.46182,1.46226,1.87,2.25
2015.06.04 22:09:20.201,1.46182,1.46226,2.62,2.62
2015.06.04 22:09:20.930,1.46182,1.46226,1.50,2.62
2015.06.04 22:09:21.133,1.46182,1.46226,1.87,2.62
2015.06.04 22:09:21.842,1.46182,1.46226,1.50,2.25
2015.06.04 22:09:22.376,1.46182,1.46225,1.50,1.00
2015.06.04 22:09:23.521,1.46182,1.46225,1.87,1.00
2015.06.04 22:09:24.077,1.46184,1.46225,1.00,1.37
2015.06.04 22:09:24.182,1.46183,1.46225,1.37,1.12
2015.06.04 22:09:25.507,1.46182,1.46225,2.25,1.37
2015.06.04 22:09:25.558,1.46182,1.46225,2.62,1.00
2015.06.04 22:09:26.288,1.46182,1.46223,2.62,1.00
2015.06.04 22:09:26.339,1.46182,1.46223,2.25,1.00
2015.06.04 22:09:26.440,1.46182,1.46223,1.87,1.00
2015.06.04 22:09:26.542,1.46182,1.46223,1.87,1.12
2015.06.04 22:09:27.707,1.46183,1.46223,1.00,1.00
2015.06.04 22:09:27.809,1.46183,1.46223,1.37,1.00
2015.06.04 22:09:27.911,1.46184,1.46226,1.00,1.50
2015.06.04 22:09:28.013,1.46182,1.46226,3.37,1.87
2015.06.04 22:09:28.216,1.46182,1.46226,3.37,1.87
2015.06.04 22:09:28.643,1.46182,1.46226,1.50,1.87
2015.06.04 22:09:28.981,1.46182,1.46226,1.87,1.87
2015.06.04 22:09:29.033,1.46183,1.46226,1.37,2.62
2015.06.04 22:09:29.236,1.46182,1.46226,2.25,1.50
2015.06.04 22:09:29.338,1.46182,1.46226,1.50,1.87
2015.06.04 22:09:29.846,1.46182,1.46224,1.87,1.12
2015.06.04 22:09:31.815,1.46183,1.46224,1.00,1.00
2015.06.04 22:09:32.121,1.46183,1.46225,1.12,1.37
2015.06.04 22:09:32.324,1.46183,1.46225,1.37,1.12
2015.06.04 22:09:32.778,1.46183,1.46225,1.12,1.00
2015.06.04 22:09:32.881,1.46183,1.46225,1.12,1.37
2015.06.04 22:09:33.903,1.46183,1.46225,1.12,1.12
2015.06.04 22:09:34.107,1.46183,1.46225,2.62,1.00
2015.06.04 22:09:34.435,1.46191,1.46225,1.00,1.00
2015.06.04 22:09:36.135,1.4619,1.46225,1.00,1.00
2015.06.04 22:09:36.659,1.46191,1.46225,1.00,1.37
2015.06.04 22:09:36.962,1.46191,1.46225,1.00,1.00
2015.06.04 22:09:37.064,1.46186,1.46225,1.00,1.00
2015.06.04 22:09:37.296,1.46186,1.46225,1.12,1.37
2015.06.04 22:09:37.604,1.46186,1.46225,1.12,1.12
2015.06.04 22:09:38.116,1.46187,1.46225,1.00,1.00
2015.06.04 22:09:42.179,1.46187,1.46225,1.00,1.37
2015.06.04 22:09:43.005,1.46187,1.46225,1.00,1.00
2015.06.04 22:09:43.412,1.46187,1.46225,1.37,1.00
2015.06.04 22:09:43.944,1.46187,1.46225,1.12,1.00
2015.06.04 22:09:44.494,1.46187,1.46225,1.37,1.00
2015.06.04 22:09:45.311,1.46187,1.46225,1.00,1.00
2015.06.04 22:09:45.879,1.46188,1.46225,1.00,1.50
2015.06.04 22:09:47.373,1.46184,1.46225,1.37,1.50
2015.06.04 22:09:48.172,1.46184,1.46225,1.00,1.50
2015.06.04 22:09:48.325,1.46185,1.46227,1.00,1.87
2015.06.04 22:09:49.186,1.46186,1.46227,1.00,1.00
2015.06.04 22:09:49.289,1.46188,1.46227,1.00,1.00
2015.06.04 22:09:49.391,1.46189,1.46231,1.00,1.00
2015.06.04 22:09:49.494,1.46196,1.46238,1.00,1.00
2015.06.04 22:10:00.452,1.46192,1.46236,1.50,1.00
2015.06.04 22:10:01.828,1.46192,1.46236,1.37,1.00
2015.06.04 22:10:02.760,1.46192,1.46236,1.37,1.00
2015.06.04 22:10:02.947,1.46192,1.46236,1.37,1.00
2015.06.04 22:10:04.380,1.46193,1.46236,1.50,1.00
2015.06.04 22:10:04.635,1.46195,1.4624,1.87,1.87
2015.06.04 22:10:05.099,1.46195,1.4624,3.37,1.50
2015.06.04 22:10:05.404,1.46197,1.4624,1.50,1.50
2015.06.04 22:10:05.872,1.46205,1.4624,1.00,1.00
2015.06.04 22:10:05.923,1.46205,1.46249,1.50,1.50
2015.06.04 22:10:06.431,1.46202,1.46246,1.00,1.00
2015.06.04 22:10:07.193,1.46202,1.46246,1.37,1.00
2015.06.04 22:10:07.548,1.46206,1.46248,1.00,1.00
2015.06.04 22:10:09.078,1.46207,1.46248,1.12,1.00
2015.06.04 22:10:10.211,1.46206,1.46248,1.00,1.00
2015.06.04 22:10:10.722,1.46206,1.46248,1.37,1.00
2015.06.04 22:10:10.875,1.46215,1.46257,1.00,1.12
2015.06.04 22:10:11.079,1.46215,1.46257,1.00,1.75
2015.06.04 22:10:11.463,1.46215,1.46257,1.00,1.50
2015.06.04 22:10:11.567,1.46215,1.46257,1.00,1.37
2015.06.04 22:10:11.670,1.46219,1.46261,1.00,2.25
2015.06.04 22:10:12.553,1.46219,1.46261,1.00,2.25
2015.06.04 22:10:12.755,1.4621,1.46249,1.00,1.37
2015.06.04 22:10:12.807,1.46207,1.46249,1.00,1.37
2015.06.04 22:10:13.062,1.462,1.46245,1.50,1.00
2015.06.04 22:10:13.813,1.46211,1.46245,1.00,1.00
2015.06.04 22:10:13.864,1.46211,1.46247,1.00,1.00
2015.06.04 22:10:13.916,1.46203,1.46247,1.00,1.00
2015.06.04 22:10:13.968,1.46208,1.46253,1.50,1.50
2015.06.04 22:10:14.070,1.46206,1.46245,1.00,1.00
2015.06.04 22:10:14.274,1.4619,1.46234,1.00,1.00
2015.06.04 22:10:14.376,1.46185,1.46229,1.00,1.00
2015.06.04 22:10:14.746,1.46185,1.46225,1.00,1.00
2015.06.04 22:10:14.949,1.46183,1.46225,1.87,1.00
2015.06.04 22:10:15.000,1.46186,1.46225,1.00,1.00
2015.06.04 22:10:15.203,1.46183,1.46225,1.37,1.00
2015.06.04 22:10:15.457,1.46185,1.46229,1.50,1.50
2015.06.04 22:10:15.558,1.4618,1.46224,1.87,1.50
2015.06.04 22:10:15.946,1.46177,1.46221,2.25,1.50
2015.06.04 22:10:16.099,1.46191,1.46221,1.00,1.50
2015.06.04 22:10:16.304,1.4619,1.46225,1.00,1.00
2015.06.04 22:10:16.356,1.4619,1.46228,1.00,1.50
2015.06.04 22:10:16.509,1.46187,1.46228,1.00,1.50
2015.06.04 22:10:16.560,1.46189,1.46233,1.50,1.50
2015.06.04 22:10:16.662,1.46185,1.46224,1.00,1.00
2015.06.04 22:10:16.764,1.46185,1.46229,1.50,1.87
2015.06.04 22:10:16.995,1.46184,1.46224,1.50,1.50
2015.06.04 22:10:17.300,1.46184,1.46228,1.00,1.00
2015.06.04 22:10:17.402,1.46194,1.46228,1.00,1.00
2015.06.04 22:10:17.504,1.4619,1.46228,1.00,1.00
2015.06.04 22:10:17.556,1.46194,1.46236,1.00,1.00
2015.06.04 22:10:18.087,1.4619,1.4623,1.50,1.00
2015.06.04 22:10:18.190,1.4619,1.46233,1.00,1.50
2015.06.04 22:10:18.900,1.46192,1.46233,1.00,1.50
2015.06.04 22:10:20.017,1.46193,1.46233,1.00,1.50
2015.06.04 22:10:21.216,1.4619,1.46233,1.12,1.50
2015.06.04 22:10:21.521,1.46192,1.46233,1.00,1.50
2015.06.04 22:10:22.200,1.46192,1.46236,1.00,1.37
2015.06.04 22:10:23.204,1.46192,1.46236,1.00,1.12
2015.06.04 22:10:23.306,1.46192,1.46236,1.50,1.37
2015.06.04 22:10:23.937,1.46192,1.46236,1.50,1.37
2015.06.04 22:10:25.226,1.46192,1.46236,1.50,1.37
2015.06.04 22:10:25.328,1.46192,1.46236,1.00,1.37
2015.06.04 22:10:25.430,1.46192,1.46236,1.50,1.12
2015.06.04 22:10:25.481,1.46192,1.46233,1.00,1.50
2015.06.04 22:10:25.532,1.46189,1.46233,1.50,1.50
2015.06.04 22:10:26.090,1.46188,1.4623,1.00,1.50
2015.06.04 22:10:26.141,1.46186,1.4623,2.25,1.50
2015.06.04 22:10:26.502,1.4619,1.46222,1.00,1.00
2015.06.04 22:10:26.706,1.46191,1.46225,1.00,1.00
2015.06.04 22:10:26.808,1.46191,1.46221,1.00,1.50
2015.06.04 22:10:26.910,1.46192,1.46223,1.00,1.00
2015.06.04 22:10:27.062,1.46194,1.46223,1.00,1.00
2015.06.04 22:10:27.266,1.46187,1.46218,1.00,1.50
2015.06.04 22:10:27.317,1.46187,1.46222,1.00,1.50
2015.06.04 22:10:27.419,1.46189,1.4623,1.50,1.00
2015.06.04 22:10:27.637,1.46189,1.46232,1.50,1.00
2015.06.04 22:10:28.145,1.46189,1.46233,1.50,1.50
2015.06.04 22:10:29.673,1.46189,1.46233,1.50,1.87
2015.06.04 22:10:29.978,1.46186,1.46228,1.00,1.00
2015.06.04 22:10:30.030,1.46189,1.46233,1.00,1.00
2015.06.04 22:10:30.815,1.46187,1.46229,1.00,1.00
2015.06.04 22:10:31.120,1.46187,1.46229,1.37,1.00
2015.06.04 22:10:31.222,1.46187,1.46229,1.00,1.00
2015.06.04 22:10:31.324,1.46184,1.46226,1.00,1.00
2015.06.04 22:10:31.643,1.4618,1.46222,1.00,1.00
2015.06.04 22:10:31.846,1.46175,1.46219,1.50,1.50
2015.06.04 22:10:32.100,1.46175,1.46214,1.00,1.00
2015.06.04 22:10:32.151,1.46171,1.46214,1.00,1.50
2015.06.04 22:10:32.607,1.46174,1.46214,1.00,1.50
2015.06.04 22:10:32.811,1.46174,1.46216,1.50,1.00
2015.06.04 22:10:33.218,1.46176,1.46216,1.00,1.00
2015.06.04 22:10:33.270,1.46178,1.4622,1.00,1.00
2015.06.04 22:10:33.423,1.46175,1.46217,1.50,1.00
2015.06.04 22:10:33.728,1.46173,1.46212,1.00,1.00
2015.06.04 22:10:34.070,1.46175,1.46212,1.00,1.00
2015.06.04 22:10:34.122,1.46172,1.46212,1.00,1.00
2015.06.04 22:10:34.173,1.46172,1.46217,1.00,1.50
2015.06.04 22:10:34.782,1.46172,1.46216,1.00,1.00
2015.06.04 22:10:35.473,1.46172,1.46217,1.50,1.50
2015.06.04 22:10:36.182,1.46173,1.46217,1.00,1.50
2015.06.04 22:10:36.233,1.46173,1.46221,1.00,1.50
2015.06.04 22:10:36.335,1.46173,1.46216,1.00,1.00
2015.06.04 22:10:37.179,1.46172,1.46216,1.00,1.00
2015.06.04 22:10:37.484,1.4617,1.4621,1.50,1.00
2015.06.04 22:10:37.853,1.46168,1.46204,1.00,1.50
2015.06.04 22:10:38.107,1.46166,1.46204,1.00,1.50
2015.06.04 22:10:38.159,1.46166,1.46207,1.00,1.00
2015.06.04 22:10:38.362,1.46171,1.46211,1.00,1.00
2015.06.04 22:10:38.566,1.46168,1.46211,1.00,1.00
2015.06.04 22:10:39.044,1.46172,1.46211,1.00,1.00
2015.06.04 22:10:39.146,1.46172,1.46215,1.50,1.00
2015.06.04 22:10:39.350,1.46173,1.46211,1.00,1.00
2015.06.04 22:10:39.656,1.46171,1.46211,1.00,1.37
2015.06.04 22:10:39.706,1.46173,1.46211,1.00,1.37
2015.06.04 22:10:39.910,1.4617,1.46211,1.50,1.00
2015.06.04 22:10:39.961,1.4617,1.46217,1.50,1.50
2015.06.04 22:10:40.062,1.46175,1.46217,1.00,1.50
2015.06.04 22:10:40.389,1.46173,1.46212,1.00,1.00
2015.06.04 22:10:40.491,1.46173,1.46217,1.00,1.00
2015.06.04 22:10:41.373,1.46173,1.46214,1.00,1.00
2015.06.04 22:10:41.597,1.46171,1.46214,1.00,1.00
2015.06.04 22:10:41.648,1.46174,1.46219,1.00,1.00
2015.06.04 22:10:41.699,1.46174,1.46219,1.37,1.00
2015.06.04 22:10:41.953,1.4618,1.46225,1.50,1.00
2015.06.04 22:10:42.055,1.46183,1.46225,1.00,1.00
2015.06.04 22:10:42.462,1.46181,1.46225,1.00,1.00
2015.06.04 22:10:42.566,1.46178,1.46224,1.00,1.00
2015.06.04 22:10:42.806,1.46177,1.46222,1.00,1.00
2015.06.04 22:10:43.164,1.46176,1.4622,1.00,1.00
2015.06.04 22:10:43.672,1.4617,1.46219,1.87,1.00
2015.06.04 22:10:43.927,1.4617,1.46219,1.00,1.00
2015.06.04 22:10:44.260,1.4617,1.46214,1.00,1.00
2015.06.04 22:10:44.464,1.4617,1.46218,1.00,1.00
2015.06.04 22:10:44.820,1.46172,1.46218,1.00,1.00
2015.06.04 22:10:45.125,1.46176,1.46218,1.00,1.00
2015.06.04 22:10:45.530,1.46176,1.46216,1.00,1.00
2015.06.04 22:10:45.581,1.46169,1.46212,1.50,1.00
2015.06.04 22:10:45.683,1.46169,1.4621,1.50,1.00
2015.06.04 22:10:45.785,1.46169,1.46214,1.50,1.00
2015.06.04 22:10:46.091,1.46173,1.46214,1.00,1.00
2015.06.04 22:10:46.346,1.46173,1.46218,1.00,1.50
2015.06.04 22:10:46.781,1.46173,1.46216,1.00,1.00
2015.06.04 22:10:48.855,1.46173,1.46217,1.00,1.00
2015.06.04 22:10:50.380,1.46175,1.46217,1.50,1.00
2015.06.04 22:10:50.696,1.46175,1.46215,1.50,1.00
2015.06.04 22:10:50.950,1.46175,1.46218,1.50,1.00
2015.06.04 22:10:51.367,1.46179,1.46219,1.00,1.00
2015.06.04 22:10:51.673,1.46172,1.46216,1.00,1.87
2015.06.04 22:10:51.724,1.4617,1.46208,1.00,1.00
2015.06.04 22:10:51.878,1.46165,1.46208,1.37,1.00
2015.06.04 22:10:51.929,1.46164,1.46208,2.25,1.50
2015.06.04 22:10:51.980,1.46164,1.46204,1.00,1.00
2015.06.04 22:10:52.032,1.46161,1.46204,1.00,1.00
2015.06.04 22:10:52.083,1.46161,1.46196,1.00,1.00
2015.06.04 22:10:52.415,1.46156,1.46195,1.00,1.00
2015.06.04 22:10:52.923,1.46156,1.46196,1.00,1.00
2015.06.04 22:10:53.380,1.46156,1.46199,1.00,1.00
2015.06.04 22:10:54.041,1.46156,1.46196,1.00,1.00
2015.06.04 22:10:54.143,1.46156,1.462,1.00,1.00
2015.06.04 22:10:54.296,1.46156,1.46197,1.00,1.00
2015.06.04 22:10:55.471,1.46156,1.46194,1.00,1.00
2015.06.04 22:10:55.572,1.46156,1.46199,1.00,1.00
2015.06.04 22:10:55.675,1.46161,1.46199,1.00,1.00
2015.06.04 22:10:55.980,1.46161,1.46196,1.00,1.00
2015.06.04 22:10:56.358,1.46161,1.462,1.00,1.00
2015.06.04 22:10:56.815,1.46155,1.46198,1.00,1.00
2015.06.04 22:10:56.917,1.46155,1.46194,1.00,1.00
2015.06.04 22:10:57.223,1.46158,1.46197,1.00,1.00
2015.06.04 22:10:57.691,1.46155,1.46193,1.00,1.00
2015.06.04 22:10:58.402,1.46152,1.46193,1.00,1.00
2015.06.04 22:10:58.453,1.46152,1.4619,1.00,1.00
2015.06.04 22:10:58.504,1.46148,1.4619,1.50,1.00
2015.06.04 22:10:59.235,1.46148,1.46187,1.50,1.00
2015.06.04 22:10:59.776,1.46148,1.46188,1.50,1.00
2015.06.04 22:11:00.563,1.46148,1.46184,1.50,1.00
2015.06.04 22:11:00.665,1.46148,1.46187,1.50,1.00
2015.06.04 22:11:00.716,1.46145,1.46187,1.00,1.00
2015.06.04 22:11:01.548,1.46145,1.46189,1.00,1.12
2015.06.04 22:11:01.600,1.4615,1.46189,1.00,1.12
2015.06.04 22:11:01.906,1.46148,1.46187,1.00,1.00
2015.06.04 22:11:02.413,1.46144,1.46186,1.00,1.00
2015.06.04 22:11:03.093,1.46144,1.46183,1.00,1.00
2015.06.04 22:11:03.399,1.46147,1.46187,1.00,1.00
2015.06.04 22:11:03.502,1.46147,1.46185,1.00,1.00
2015.06.04 22:11:03.808,1.46135,1.46177,1.00,1.00
2015.06.04 22:11:04.027,1.46134,1.46175,1.50,1.00
2015.06.04 22:11:04.078,1.46134,1.46177,1.50,1.00
2015.06.04 22:11:04.402,1.46138,1.46178,1.00,1.00
2015.06.04 22:11:04.504,1.46138,1.4618,1.00,1.00
2015.06.04 22:11:04.814,1.46138,1.46178,1.00,1.00
2015.06.04 22:11:05.227,1.46134,1.46177,1.50,1.00
2015.06.04 22:11:05.532,1.46138,1.46177,1.00,1.00
2015.06.04 22:11:05.786,1.46134,1.46176,1.00,1.00
2015.06.04 22:11:06.545,1.46138,1.46176,1.00,1.00
2015.06.04 22:11:07.885,1.46138,1.46174,1.00,1.00
2015.06.04 22:11:07.987,1.46138,1.46176,1.00,1.50
2015.06.04 22:11:08.596,1.46138,1.46167,1.00,1.00
2015.06.04 22:11:08.647,1.46136,1.46167,1.00,1.00
2015.06.04 22:11:08.698,1.46135,1.46163,1.00,1.00
2015.06.04 22:11:08.800,1.46129,1.46163,1.00,1.00
2015.06.04 22:11:08.902,1.46132,1.46158,1.00,1.00
2015.06.04 22:11:09.098,1.46132,1.46166,1.00,1.00
2015.06.04 22:11:09.252,1.46132,1.4617,1.00,1.00
2015.06.04 22:11:09.354,1.46132,1.46174,1.00,1.50
2015.06.04 22:11:09.457,1.46132,1.46169,1.00,1.00
2015.06.04 22:11:09.661,1.46132,1.46174,1.00,1.50
2015.06.04 22:11:09.763,1.46132,1.46171,1.00,1.00
2015.06.04 22:11:09.814,1.46129,1.46171,1.00,1.50
2015.06.04 22:11:09.865,1.46129,1.46167,1.00,1.00
2015.06.04 22:11:10.018,1.46128,1.46171,1.00,1.50
2015.06.04 22:11:10.882,1.46128,1.4617,1.00,1.00
2015.06.04 22:11:11.451,1.46129,1.4617,1.00,1.00
2015.06.04 22:11:11.503,1.46131,1.46172,1.00,1.00
2015.06.04 22:11:11.808,1.46132,1.46174,1.00,1.00
2015.06.04 22:11:13.329,1.46134,1.46176,1.00,1.00
2015.06.04 22:11:16.026,1.46134,1.46175,1.00,1.00
2015.06.04 22:11:16.330,1.46138,1.46175,1.00,1.00
2015.06.04 22:11:18.008,1.46138,1.46177,1.00,1.00
2015.06.04 22:11:18.464,1.46138,1.46174,1.00,1.00
2015.06.04 22:11:18.565,1.46138,1.46176,1.00,1.00
2015.06.04 22:11:20.616,1.46138,1.46175,1.00,1.00
2015.06.04 22:11:22.777,1.46138,1.46174,1.00,1.00
2015.06.04 22:11:24.974,1.46138,1.46176,1.00,1.00
2015.06.04 22:11:25.679,1.46138,1.46171,1.00,1.00
2015.06.04 22:11:25.731,1.46135,1.46171,1.00,1.00
2015.06.04 22:11:26.137,1.4613,1.46171,1.00,1.00
2015.06.04 22:11:26.238,1.46133,1.46171,1.00,1.50
2015.06.04 22:11:26.391,1.46133,1.46173,1.00,1.00
2015.06.04 22:11:26.543,1.46136,1.46173,1.00,1.00
2015.06.04 22:11:27.053,1.46136,1.46174,1.00,1.00
2015.06.04 22:11:27.155,1.46136,1.46179,1.00,1.00
2015.06.04 22:11:27.664,1.46136,1.4618,1.00,1.00
2015.06.04 22:11:29.356,1.46136,1.46177,1.00,1.00
2015.06.04 22:11:29.559,1.46126,1.4617,1.00,1.50
2015.06.04 22:11:29.755,1.46126,1.46161,1.00,1.00
2015.06.04 22:11:30.363,1.46129,1.46163,1.00,1.00
2015.06.04 22:11:30.465,1.46127,1.46166,1.00,1.00
2015.06.04 22:11:30.669,1.46121,1.46165,1.87,1.50
2015.06.04 22:11:30.720,1.46125,1.46165,1.00,1.00
2015.06.04 22:11:31.248,1.46126,1.46166,1.00,1.00
2015.06.04 22:11:31.844,1.46126,1.46167,1.00,1.00
2015.06.04 22:11:33.436,1.46126,1.46165,1.00,1.00
2015.06.04 22:11:35.628,1.46126,1.46164,1.00,1.00
2015.06.04 22:11:38.151,1.46121,1.46163,1.00,1.00
2015.06.04 22:11:38.806,1.46121,1.4616,1.00,1.00
2015.06.04 22:11:39.129,1.46127,1.4616,1.50,1.00
2015.06.04 22:11:39.606,1.46127,1.46165,1.50,1.00
2015.06.04 22:11:39.758,1.46125,1.46166,1.00,1.00
2015.06.04 22:11:40.157,1.46121,1.46165,1.00,1.00
2015.06.04 22:11:40.260,1.46125,1.46169,1.50,1.50
2015.06.04 22:11:42.774,1.46129,1.46169,1.00,1.00
2015.06.04 22:11:42.978,1.46138,1.4618,1.00,1.00
2015.06.04 22:11:43.386,1.46143,1.46182,1.00,1.00
2015.06.04 22:11:43.488,1.46143,1.46185,1.00,1.00
2015.06.04 22:11:45.560,1.46147,1.46187,1.00,1.00
2015.06.04 22:11:45.763,1.46143,1.46185,1.00,1.00
2015.06.04 22:11:48.939,1.46143,1.46182,1.00,1.00
2015.06.04 22:11:49.396,1.4614,1.46181,1.00,1.00
2015.06.04 22:11:50.137,1.4614,1.46177,1.00,1.00
2015.06.04 22:11:50.289,1.46136,1.46177,1.00,1.00
2015.06.04 22:11:50.493,1.46136,1.4618,1.00,1.50
2015.06.04 22:11:52.500,1.46136,1.46177,1.00,1.00
2015.06.04 22:11:53.094,1.46136,1.46176,1.00,1.00
2015.06.04 22:11:53.399,1.46128,1.46169,1.00,1.00
2015.06.04 22:11:53.980,1.46127,1.46167,1.00,1.00
2015.06.04 22:11:54.082,1.46123,1.46167,1.00,1.00
2015.06.04 22:11:54.488,1.46127,1.46168,1.00,1.00
2015.06.04 22:11:55.000,1.46127,1.46169,1.00,1.00
2015.06.04 22:11:56.959,1.46127,1.4617,1.00,1.87
2015.06.04 22:11:57.263,1.46127,1.46166,1.00,1.00
2015.06.04 22:12:01.157,1.46127,1.46168,1.00,1.00
2015.06.04 22:12:01.793,1.46127,1.46169,1.00,1.00
2015.06.04 22:12:02.430,1.46127,1.46168,1.00,1.00
2015.06.04 22:12:02.531,1.46127,1.4617,1.00,1.50
2015.06.04 22:12:04.313,1.46133,1.46172,1.00,1.00
2015.06.04 22:12:04.621,1.4614,1.46182,1.00,1.37
2015.06.04 22:12:04.773,1.4614,1.46184,1.00,1.50
2015.06.04 22:12:05.027,1.46144,1.46185,1.00,1.00
2015.06.04 22:12:05.533,1.46144,1.46186,1.00,1.00
2015.06.04 22:12:06.185,1.46144,1.46185,1.00,1.00
2015.06.04 22:12:06.695,1.46144,1.46186,1.00,1.00
2015.06.04 22:12:07.103,1.46144,1.46183,1.00,1.00
2015.06.04 22:12:07.205,1.46144,1.46186,1.00,1.00
2015.06.04 22:12:07.357,1.46144,1.46186,1.00,1.37
2015.06.04 22:12:07.682,1.46142,1.46182,1.00,1.00
2015.06.04 22:12:08.139,1.46144,1.46182,1.00,1.00
2015.06.04 22:12:08.292,1.46142,1.46182,1.00,1.00
2015.06.04 22:12:08.343,1.46141,1.4618,1.00,1.00
2015.06.04 22:12:08.394,1.46138,1.4618,1.00,1.00
2015.06.04 22:12:08.959,1.46141,1.46178,1.00,1.00
2015.06.04 22:12:09.061,1.46141,1.46183,1.00,1.00
2015.06.04 22:12:10.220,1.46139,1.46181,1.50,1.00
2015.06.04 22:12:10.770,1.46139,1.4618,1.00,1.00
2015.06.04 22:12:11.076,1.46141,1.4618,1.00,1.00
2015.06.04 22:12:11.950,1.46141,1.46183,1.00,1.12
2015.06.04 22:12:13.752,1.4614,1.46182,1.00,1.37
2015.06.04 22:12:14.058,1.46138,1.46178,1.50,1.37
2015.06.04 22:12:14.210,1.46138,1.46178,1.50,1.12
2015.06.04 22:12:14.682,1.46138,1.46175,1.00,1.37
2015.06.04 22:12:14.734,1.46135,1.46175,1.00,1.87
2015.06.04 22:12:14.836,1.46138,1.46175,1.00,1.37
2015.06.04 22:12:15.385,1.46138,1.46175,1.00,1.00
2015.06.04 22:12:15.538,1.46138,1.46179,1.00,1.37
2015.06.04 22:12:16.086,1.46138,1.46179,1.00,1.00
2015.06.04 22:12:17.026,1.46138,1.46178,1.00,1.00
2015.06.04 22:12:17.128,1.46138,1.46179,1.00,2.62
2015.06.04 22:12:17.533,1.46138,1.46179,1.00,1.37
2015.06.04 22:12:18.898,1.46138,1.46178,1.00,1.37
2015.06.04 22:12:19.153,1.46119,1.46163,1.50,1.37
2015.06.04 22:12:19.255,1.46122,1.46164,1.00,1.37
2015.06.04 22:12:19.526,1.4612,1.46162,1.00,1.37
2015.06.04 22:12:20.457,1.46119,1.4616,1.00,1.37
2015.06.04 22:12:20.508,1.46117,1.4616,1.00,1.37
2015.06.04 22:12:20.832,1.46124,1.46161,1.00,1.00
2015.06.04 22:12:20.935,1.46124,1.46166,1.00,1.37
2015.06.04 22:12:21.037,1.46126,1.46167,1.00,1.37
2015.06.04 22:12:21.568,1.46126,1.46165,1.00,1.12
2015.06.04 22:12:23.270,1.46126,1.46166,1.00,1.00
2015.06.04 22:12:23.696,1.46131,1.46169,1.00,1.00
2015.06.04 22:12:23.951,1.46131,1.46172,1.00,1.00
2015.06.04 22:12:24.362,1.46134,1.46172,1.00,1.00
2015.06.04 22:12:24.831,1.46134,1.46174,1.00,1.00
2015.06.04 22:12:26.052,1.46134,1.46177,1.00,1.00
2015.06.04 22:12:26.317,1.46134,1.46177,1.00,1.37
2015.06.04 22:12:26.419,1.46134,1.46177,1.00,1.12
2015.06.04 22:12:27.047,1.46133,1.46172,1.00,1.00
2015.06.04 22:12:27.150,1.4613,1.46172,1.00,1.00
2015.06.04 22:12:30.799,1.46131,1.46172,1.00,1.00
2015.06.04 22:12:30.850,1.46133,1.46175,1.00,1.87
2015.06.04 22:12:30.952,1.46133,1.46175,1.00,1.50
2015.06.04 22:12:31.372,1.46131,1.46171,1.00,1.00
2015.06.04 22:12:31.423,1.46129,1.46171,1.00,1.00
2015.06.04 22:12:33.789,1.46131,1.46172,1.00,1.37
2015.06.04 22:12:33.841,1.46131,1.46174,1.00,1.37
2015.06.04 22:12:34.044,1.46131,1.46175,1.00,1.00
2015.06.04 22:12:34.399,1.46135,1.46176,1.00,1.00
2015.06.04 22:12:34.450,1.46135,1.46179,1.00,1.37
2015.06.04 22:12:34.704,1.46134,1.46176,1.00,1.00
2015.06.04 22:12:35.242,1.46133,1.46176,1.00,1.00
2015.06.04 22:12:44.341,1.46133,1.46176,1.00,2.62
2015.06.04 22:12:44.837,1.46131,1.46172,1.00,1.00
2015.06.04 22:12:45.349,1.4613,1.46171,1.00,1.00
2015.06.04 22:12:45.808,1.4613,1.46169,1.00,1.00
2015.06.04 22:12:46.233,1.4613,1.46171,1.00,1.00
2015.06.04 22:12:46.284,1.46128,1.46169,1.00,1.00
2015.06.04 22:12:46.787,1.46127,1.46169,1.00,1.00
2015.06.04 22:12:47.092,1.46126,1.46163,1.00,1.37
2015.06.04 22:12:47.366,1.46118,1.46162,1.50,1.50
2015.06.04 22:12:47.721,1.46122,1.46162,1.00,1.00
2015.06.04 22:12:47.926,1.46122,1.46166,1.00,1.50
2015.06.04 22:12:48.079,1.46126,1.46167,1.00,1.50
2015.06.04 22:12:48.604,1.46125,1.46167,1.00,1.50
2015.06.04 22:12:48.914,1.46125,1.46164,1.00,1.00
2015.06.04 22:12:50.079,1.46124,1.46164,1.00,1.00
2015.06.04 22:12:50.181,1.46121,1.46164,1.50,1.00
2015.06.04 22:12:50.773,1.46121,1.46165,1.50,2.25
2015.06.04 22:12:51.401,1.46136,1.46165,1.12,1.50
2015.06.04 22:12:51.707,1.46151,1.46177,1.00,1.00
2015.06.04 22:12:51.759,1.46148,1.46177,1.00,1.00
2015.06.04 22:12:51.863,1.46144,1.46179,1.50,1.00
2015.06.04 22:12:52.168,1.46144,1.46177,1.50,1.00
2015.06.04 22:12:52.696,1.46144,1.46176,1.50,1.00
2015.06.04 22:12:53.256,1.4614,1.46177,1.50,1.00
2015.06.04 22:12:53.408,1.46146,1.46176,1.00,1.00
2015.06.04 22:12:53.459,1.46146,1.46178,1.00,1.00
2015.06.04 22:12:53.823,1.46146,1.46182,1.00,1.00
2015.06.04 22:12:57.144,1.46143,1.46187,1.37,1.50
2015.06.04 22:12:57.297,1.4615,1.46186,1.00,1.00
2015.06.04 22:12:57.913,1.4615,1.46187,1.00,1.00
2015.06.04 22:12:58.240,1.46154,1.46187,1.00,1.00
2015.06.04 22:12:58.392,1.46154,1.46192,1.00,1.50
2015.06.04 22:12:58.596,1.46151,1.46191,1.00,1.00
2015.06.04 22:12:58.748,1.46151,1.46189,1.00,1.00
2015.06.04 22:12:59.274,1.46151,1.46188,1.00,1.00
2015.06.04 22:13:00.097,1.46152,1.46189,1.00,1.00
2015.06.04 22:13:00.251,1.46153,1.46193,1.00,1.12
2015.06.04 22:13:00.468,1.46156,1.46193,1.00,1.00
2015.06.04 22:13:00.571,1.46156,1.46195,1.00,1.00
2015.06.04 22:13:00.674,1.46156,1.46192,1.00,1.00
2015.06.04 22:13:00.998,1.46157,1.4619,1.00,1.00
2015.06.04 22:13:01.201,1.46157,1.46194,1.00,1.00
2015.06.04 22:13:01.684,1.46157,1.46196,1.00,1.00
2015.06.04 22:13:02.004,1.46157,1.46194,1.00,1.00
2015.06.04 22:13:04.027,1.46157,1.46196,1.00,1.12
2015.06.04 22:13:04.531,1.46157,1.46195,1.00,1.00
2015.06.04 22:13:05.927,1.46157,1.46195,1.00,1.87
2015.06.04 22:13:06.029,1.46157,1.46195,1.00,1.37
2015.06.04 22:13:06.131,1.46159,1.46195,1.00,1.00
2015.06.04 22:13:06.639,1.46159,1.46196,1.00,1.00
2015.06.04 22:13:07.085,1.46163,1.46196,1.00,1.00
2015.06.04 22:13:07.136,1.46163,1.462,1.00,1.00
2015.06.04 22:13:07.499,1.46163,1.46198,1.00,1.00
2015.06.04 22:13:08.034,1.46163,1.46201,1.00,1.00
2015.06.04 22:13:08.136,1.46161,1.46201,1.00,1.00
2015.06.04 22:13:08.339,1.4616,1.46199,1.00,1.00
2015.06.04 22:13:08.870,1.46159,1.46199,1.50,1.12
2015.06.04 22:13:11.779,1.46161,1.46202,1.00,1.00
2015.06.04 22:13:11.881,1.46159,1.46202,1.00,1.00
2015.06.04 22:13:11.932,1.46163,1.46204,1.00,1.00
2015.06.04 22:13:12.440,1.46163,1.46205,1.00,1.00
2015.06.04 22:13:13.899,1.46163,1.46205,1.00,1.87
2015.06.04 22:13:14.001,1.46163,1.46205,1.00,1.87
2015.06.04 22:13:14.154,1.46162,1.46202,1.50,1.00
2015.06.04 22:13:14.307,1.46163,1.46204,1.00,1.00
2015.06.04 22:13:14.830,1.46162,1.46203,1.00,1.00
2015.06.04 22:13:14.932,1.46159,1.46203,1.00,1.00
2015.06.04 22:13:15.135,1.46162,1.46204,1.00,1.00
2015.06.04 22:13:15.237,1.46162,1.46206,1.00,1.50
2015.06.04 22:13:15.800,1.46162,1.46205,1.00,1.00
2015.06.04 22:13:16.054,1.46161,1.46201,1.50,1.00
2015.06.04 22:13:16.929,1.4616,1.46201,1.00,1.00
2015.06.04 22:13:18.182,1.4616,1.46198,1.00,1.00
2015.06.04 22:13:19.482,1.4616,1.46199,1.00,1.00
2015.06.04 22:13:19.533,1.4616,1.46202,1.00,1.00
2015.06.04 22:13:19.584,1.46162,1.46202,1.00,1.00
2015.06.04 22:13:22.898,1.4616,1.46202,1.00,1.00
2015.06.04 22:13:23.102,1.46162,1.46202,1.00,1.00
2015.06.04 22:13:23.659,1.46159,1.46202,1.50,1.00
2015.06.04 22:13:23.978,1.46159,1.462,1.12,1.50
2015.06.04 22:13:24.284,1.46159,1.46195,1.00,1.00
2015.06.04 22:13:27.967,1.46159,1.4619,1.00,1.00
2015.06.04 22:13:28.271,1.46159,1.46194,1.00,1.12
2015.06.04 22:13:28.576,1.46159,1.46196,1.00,1.00
2015.06.04 22:13:29.086,1.46159,1.46197,1.00,1.00
2015.06.04 22:13:37.613,1.46159,1.46198,1.00,1.00
2015.06.04 22:13:37.664,1.46159,1.462,1.00,1.00
2015.06.04 22:13:38.285,1.46159,1.46184,1.00,1.00
2015.06.04 22:13:38.388,1.46151,1.46184,1.00,1.00
2015.06.04 22:13:38.543,1.46149,1.46184,1.00,1.00
2015.06.04 22:13:38.696,1.4615,1.4619,1.00,1.00
2015.06.04 22:13:38.748,1.46148,1.4619,1.00,1.00
2015.06.04 22:13:38.901,1.46146,1.46186,1.50,1.00
2015.06.04 22:13:39.328,1.4615,1.46184,1.00,1.50
2015.06.04 22:13:39.380,1.46148,1.46184,1.00,1.50
2015.06.04 22:13:40.475,1.46147,1.46183,1.00,1.00
2015.06.04 22:13:41.022,1.46147,1.46184,1.00,2.25
2015.06.04 22:13:41.529,1.46145,1.46184,1.00,1.87
2015.06.04 22:13:41.837,1.46148,1.46176,1.50,1.00
2015.06.04 22:13:42.201,1.46148,1.46188,1.50,1.12
2015.06.04 22:13:42.709,1.46147,1.46187,1.00,1.00
2015.06.04 22:13:43.996,1.46145,1.46187,1.00,1.00
2015.06.04 22:13:44.311,1.46143,1.46183,1.00,1.00
2015.06.04 22:13:44.631,1.46145,1.46183,1.00,1.00
2015.06.04 22:13:44.886,1.46143,1.46183,1.00,1.00
2015.06.04 22:13:44.988,1.46141,1.46183,1.00,1.00
2015.06.04 22:13:45.394,1.4614,1.46179,1.00,1.00
2015.06.04 22:13:45.497,1.4614,1.46183,1.00,1.00
2015.06.04 22:13:45.599,1.46142,1.46184,1.50,1.00
2015.06.04 22:13:45.650,1.46142,1.46186,1.50,2.25
2015.06.04 22:13:46.187,1.46142,1.46185,1.50,1.00
2015.06.04 22:13:46.691,1.4614,1.4618,1.00,1.00
2015.06.04 22:13:46.996,1.46143,1.46182,1.00,1.00
2015.06.04 22:13:47.511,1.4614,1.46181,1.00,1.00
2015.06.04 22:13:48.027,1.46139,1.46181,1.50,1.00
2015.06.04 22:13:48.580,1.46141,1.4618,1.00,1.00
2015.06.04 22:13:48.631,1.46139,1.4618,1.00,1.00
2015.06.04 22:13:48.734,1.46142,1.46184,1.00,1.50
2015.06.04 22:13:49.919,1.46145,1.46187,1.00,1.00
2015.06.04 22:13:50.430,1.46147,1.46191,1.00,1.50
2015.06.04 22:13:50.481,1.46147,1.46189,1.00,1.00
2015.06.04 22:13:50.685,1.46147,1.46191,1.00,1.00
2015.06.04 22:13:51.233,1.46144,1.46181,1.00,1.00
2015.06.04 22:13:51.335,1.46144,1.46187,1.00,2.25
2015.06.04 22:13:51.860,1.46143,1.46187,1.50,1.50
2015.06.04 22:13:53.918,1.46144,1.46187,1.00,1.50
2015.06.04 22:13:54.324,1.46148,1.46189,1.00,1.00
2015.06.04 22:13:54.630,1.46144,1.46188,1.50,1.00
2015.06.04 22:13:55.812,1.46142,1.46185,1.00,1.00
2015.06.04 22:13:56.117,1.46142,1.46183,1.00,1.00
2015.06.04 22:13:56.270,1.46142,1.46185,1.00,1.00
2015.06.04 22:13:58.324,1.46141,1.46182,1.00,1.00
2015.06.04 22:13:58.638,1.46144,1.46182,1.00,1.00
2015.06.04 22:13:58.740,1.46141,1.46182,1.00,1.00
2015.06.04 22:13:58.953,1.46144,1.46182,1.00,1.00
2015.06.04 22:13:59.325,1.46141,1.46182,1.00,1.00
2015.06.04 22:14:00.645,1.46144,1.46182,1.00,1.00
2015.06.04 22:14:00.949,1.46143,1.46185,1.50,1.00
2015.06.04 22:14:01.362,1.46146,1.46191,1.00,1.00
2015.06.04 22:14:01.413,1.46148,1.46191,1.00,1.00
2015.06.04 22:14:01.719,1.46147,1.46187,1.00,1.00
2015.06.04 22:14:01.820,1.46145,1.46187,1.00,1.00
2015.06.04 22:14:02.284,1.46147,1.46187,1.00,1.00
2015.06.04 22:14:02.364,1.46145,1.46187,1.00,1.00
2015.06.04 22:14:04.374,1.46145,1.46184,1.00,1.50
2015.06.04 22:14:04.731,1.46145,1.46188,1.00,1.50
2015.06.04 22:14:06.663,1.46145,1.46184,1.00,1.00
2015.06.04 22:14:07.177,1.46144,1.46183,1.00,1.00
2015.06.04 22:14:08.127,1.46145,1.46183,1.00,1.00
2015.06.04 22:14:08.667,1.46145,1.46184,1.00,1.50
2015.06.04 22:14:09.513,1.46146,1.46184,1.00,1.00
2015.06.04 22:14:09.666,1.46146,1.46187,1.00,1.00
2015.06.04 22:14:10.291,1.46146,1.46185,1.00,1.00
2015.06.04 22:14:10.495,1.46146,1.46187,1.00,1.00
2015.06.04 22:14:11.174,1.46147,1.46187,1.00,1.00
2015.06.04 22:14:12.191,1.46152,1.46187,1.00,1.00
2015.06.04 22:14:12.293,1.46156,1.46194,1.00,1.50
2015.06.04 22:14:12.344,1.46156,1.46192,1.12,1.00
2015.06.04 22:14:12.548,1.46167,1.46211,1.50,1.50
2015.06.04 22:14:12.910,1.46167,1.46207,1.00,1.00
2015.06.04 22:14:12.961,1.46165,1.46207,1.00,1.00
2015.06.04 22:14:13.367,1.4617,1.46208,1.00,1.00
2015.06.04 22:14:13.469,1.4617,1.46212,1.00,1.00
2015.06.04 22:14:13.571,1.46168,1.46209,1.00,1.00
2015.06.04 22:14:14.083,1.46167,1.46209,1.00,1.00
2015.06.04 22:14:23.255,1.46163,1.46205,1.00,1.00
2015.06.04 22:14:25.525,1.46162,1.46202,1.00,1.00
2015.06.04 22:14:25.778,1.46158,1.46202,1.50,1.00
2015.06.04 22:14:26.083,1.46163,1.46202,1.00,1.00
2015.06.04 22:14:26.286,1.46159,1.46202,1.00,1.00
2015.06.04 22:14:26.595,1.46162,1.46206,1.50,1.50
2015.06.04 22:14:30.003,1.46162,1.46203,1.00,1.00
2015.06.04 22:14:30.204,1.46159,1.46203,1.50,1.50
2015.06.04 22:14:38.317,1.46155,1.46199,1.50,1.50
2015.06.04 22:14:45.097,1.46158,1.46199,1.00,1.00
2015.06.04 22:14:45.149,1.4616,1.46202,1.00,1.00
2015.06.04 22:14:45.251,1.46162,1.46206,1.00,1.00
2015.06.04 22:14:45.454,1.46164,1.46209,1.00,1.50
2015.06.04 22:14:45.556,1.46164,1.46207,1.00,1.00
2015.06.04 22:14:45.861,1.4616,1.46202,1.00,1.00
2015.06.04 22:14:46.369,1.46159,1.46201,1.00,1.00
2015.06.04 22:14:46.725,1.46159,1.46199,1.00,1.50
2015.06.04 22:14:46.776,1.46155,1.46199,1.50,2.25
2015.06.04 22:14:48.345,1.46155,1.46199,1.50,1.94
2015.06.04 22:14:48.651,1.46155,1.46199,1.87,1.94
2015.06.04 22:14:48.854,1.46166,1.4621,1.50,1.50
2015.06.04 22:14:49.067,1.46172,1.4621,1.00,1.00
2015.06.04 22:14:49.118,1.46172,1.46216,1.00,1.00
2015.06.04 22:14:49.170,1.46172,1.46213,1.00,1.00
2015.06.04 22:14:49.373,1.46158,1.46202,1.50,1.00
2015.06.04 22:14:49.424,1.46158,1.46194,1.50,1.00
2015.06.04 22:14:49.678,1.46158,1.46199,1.50,1.50
2015.06.04 22:14:49.729,1.46163,1.46199,1.00,1.00
2015.06.04 22:14:49.781,1.46164,1.46206,1.00,1.00
2015.06.04 22:14:49.933,1.4616,1.46204,1.00,1.00
2015.06.04 22:14:50.136,1.46166,1.4621,1.00,1.50
2015.06.04 22:14:50.583,1.46167,1.46208,1.00,1.00
2015.06.04 22:14:51.091,1.46167,1.46209,1.00,1.00
2015.06.04 22:14:51.404,1.46149,1.46191,2.17,1.00
2015.06.04 22:14:51.455,1.46149,1.46191,1.50,1.00
2015.06.04 22:14:54.052,1.46149,1.4619,1.00,1.00
2015.06.04 22:14:54.560,1.46149,1.46191,1.00,1.00
2015.06.04 22:14:55.068,1.46149,1.4619,1.00,1.00
2015.06.04 22:14:55.695,1.46149,1.46191,1.00,1.50
2015.06.04 22:14:56.309,1.46149,1.4619,1.00,1.00
2015.06.04 22:14:56.818,1.46149,1.46191,1.00,1.50
2015.06.04 22:14:57.697,1.46149,1.4619,1.00,1.00
2015.06.04 22:14:58.199,1.46149,1.46191,1.00,1.50
2015.06.04 22:14:58.723,1.46149,1.4619,1.00,1.00
2015.06.04 22:14:59.321,1.46149,1.46191,1.00,1.50
2015.06.04 22:15:00.239,1.46151,1.46191,1.00,1.00
2015.06.04 22:15:00.290,1.46152,1.46195,1.00,1.00
2015.06.04 22:15:09.829,1.46153,1.46195,1.00,1.00
2015.06.04 22:15:09.880,1.46155,1.46197,1.00,1.00
2015.06.04 22:15:13.290,1.46152,1.46195,1.00,1.00
2015.06.04 22:15:14.050,1.46154,1.46195,1.00,1.00
2015.06.04 22:15:14.102,1.46156,1.46198,1.00,1.00
2015.06.04 22:15:27.335,1.46156,1.46196,1.00,1.00
2015.06.04 22:15:27.386,1.46151,1.46193,1.00,1.00
2015.06.04 22:15:27.679,1.46143,1.46181,1.00,1.00
2015.06.04 22:15:27.730,1.46138,1.4618,1.00,1.19
2015.06.04 22:15:27.781,1.46138,1.46173,1.00,1.00
2015.06.04 22:15:27.832,1.4613,1.46172,1.00,1.00
2015.06.04 22:15:30.260,1.4613,1.46168,1.00,1.00
2015.06.04 22:15:30.312,1.46124,1.46168,1.50,1.50
2015.06.04 22:15:30.464,1.46124,1.46161,1.00,1.00
2015.06.04 22:15:30.515,1.46116,1.4616,1.00,1.00
2015.06.04 22:15:31.284,1.4612,1.4616,1.00,1.00
2015.06.04 22:15:31.335,1.4612,1.46164,1.50,2.25
2015.06.04 22:15:34.455,1.4612,1.46158,1.50,1.00
2015.06.04 22:15:34.506,1.46117,1.46158,1.50,1.00
2015.06.04 22:15:35.615,1.4612,1.46158,1.00,1.00
2015.06.04 22:15:36.332,1.4612,1.46159,1.00,1.00
2015.06.04 22:15:36.433,1.46117,1.46159,1.00,1.00
2015.06.04 22:15:40.028,1.46117,1.46161,1.00,1.37
2015.06.04 22:15:40.556,1.46117,1.46161,1.00,1.00
2015.06.04 22:15:42.513,1.46117,1.46155,1.00,1.00
2015.06.04 22:15:42.564,1.46111,1.46153,1.00,1.00
2015.06.04 22:15:43.204,1.46115,1.46153,1.37,1.00
2015.06.04 22:15:43.357,1.46123,1.46165,1.00,1.00
2015.06.04 22:15:43.916,1.46123,1.46161,1.00,1.00
2015.06.04 22:15:43.967,1.46117,1.46159,1.00,1.00
2015.06.04 22:15:44.309,1.46119,1.46159,1.00,1.00
2015.06.04 22:15:44.360,1.46121,1.46162,1.00,1.00
2015.06.04 22:15:44.865,1.46121,1.46163,1.00,1.00
2015.06.04 22:15:50.487,1.46121,1.46161,1.00,1.00
2015.06.04 22:15:50.538,1.46115,1.46157,1.00,1.00
2015.06.04 22:15:51.172,1.46115,1.46157,1.00,1.37
2015.06.04 22:15:51.799,1.46115,1.46157,1.00,1.37
2015.06.04 22:15:52.601,1.46115,1.46157,1.00,1.00
2015.06.04 22:16:02.945,1.46117,1.46157,1.00,1.00
2015.06.04 22:16:02.996,1.46117,1.46159,1.50,1.12
2015.06.04 22:16:03.047,1.46117,1.46159,1.50,1.50
2015.06.04 22:16:03.549,1.46117,1.46159,1.50,1.12
2015.06.04 22:16:04.349,1.46117,1.46159,1.50,1.37
2015.06.04 22:16:04.899,1.46117,1.46159,1.50,1.37
2015.06.04 22:16:04.950,1.46117,1.46159,1.50,1.00
2015.06.04 22:16:05.632,1.46121,1.46159,1.00,1.00
2015.06.04 22:16:05.886,1.46121,1.46162,1.00,1.00
2015.06.04 22:16:06.292,1.46124,1.46162,1.00,1.37
2015.06.04 22:16:06.496,1.4612,1.46162,1.00,1.87
2015.06.04 22:16:07.085,1.4612,1.46162,1.00,1.87
2015.06.04 22:16:07.658,1.46123,1.46162,1.00,1.87
2015.06.04 22:16:07.963,1.46124,1.46166,1.00,1.37
2015.06.04 22:16:08.469,1.46124,1.46166,1.00,1.12
2015.06.04 22:16:08.611,1.46124,1.46163,1.00,1.00
2015.06.04 22:16:08.915,1.46124,1.46163,1.00,1.37
2015.06.04 22:16:09.712,1.46124,1.46163,1.00,1.37
2015.06.04 22:16:09.814,1.46121,1.46163,1.00,1.87
2015.06.04 22:16:10.268,1.46121,1.46163,1.00,1.00
2015.06.04 22:16:11.070,1.46121,1.46163,1.00,1.87
2015.06.04 22:16:11.678,1.46124,1.46167,1.50,1.37
2015.06.04 22:16:12.374,1.46124,1.46165,1.50,1.37
2015.06.04 22:16:12.976,1.46124,1.46167,1.50,1.87
2015.06.04 22:16:13.382,1.4612,1.46164,1.50,1.50
2015.06.04 22:16:13.433,1.4612,1.46162,1.50,1.00
2015.06.04 22:16:13.585,1.46116,1.4616,1.50,1.87
2015.06.04 22:16:13.804,1.4612,1.46162,1.50,1.37
2015.06.04 22:16:14.686,1.4612,1.46162,1.50,1.37
2015.06.04 22:16:15.233,1.4612,1.46162,1.50,1.37
2015.06.04 22:16:16.284,1.4612,1.46162,1.50,1.37
2015.06.04 22:16:16.991,1.4612,1.46162,1.50,1.37
2015.06.04 22:16:17.494,1.4612,1.46162,1.50,1.37
2015.06.04 22:16:18.090,1.4612,1.46162,1.50,1.37
2015.06.04 22:16:18.720,1.4612,1.46163,1.50,1.37
2015.06.04 22:16:19.066,1.4612,1.4616,1.50,1.37
2015.06.04 22:16:19.334,1.4612,1.46164,1.50,2.62
2015.06.04 22:16:19.502,1.46125,1.46164,1.00,1.00
2015.06.04 22:16:19.553,1.46125,1.46166,1.00,1.12
2015.06.04 22:16:19.883,1.46125,1.46164,1.00,1.00
2015.06.04 22:16:20.200,1.46125,1.46161,1.00,1.00
2015.06.04 22:16:20.619,1.46125,1.46165,1.00,1.00
2015.06.04 22:16:22.047,1.46125,1.46164,1.00,1.00
2015.06.04 22:16:22.148,1.46125,1.46164,1.00,1.37
2015.06.04 22:16:22.875,1.46125,1.46164,1.00,1.37
2015.06.04 22:16:23.516,1.46125,1.46164,1.00,1.37
2015.06.04 22:16:24.042,1.46125,1.46165,1.00,1.37
2015.06.04 22:16:24.719,1.46125,1.46166,1.00,1.37
2015.06.04 22:16:25.328,1.46125,1.46165,1.00,1.37
2015.06.04 22:16:25.914,1.46125,1.46166,1.00,1.87
2015.06.04 22:16:26.431,1.46125,1.46165,1.00,1.37
2015.06.04 22:16:26.702,1.46121,1.46163,1.00,1.37
2015.06.04 22:16:27.320,1.46121,1.46163,1.00,1.37
2015.06.04 22:16:28.323,1.46121,1.46163,1.00,1.37
2015.06.04 22:16:28.874,1.46121,1.46163,1.00,1.37
2015.06.04 22:16:29.378,1.46121,1.46163,1.00,1.37
2015.06.04 22:16:30.028,1.46121,1.46163,1.00,1.37
2015.06.04 22:16:31.041,1.46121,1.46163,1.00,1.37
2015.06.04 22:16:32.075,1.46121,1.46163,1.00,1.37
2015.06.04 22:16:32.685,1.46121,1.46163,1.00,1.37
2015.06.04 22:16:33.236,1.46121,1.46163,1.00,1.37
2015.06.04 22:16:34.265,1.46121,1.46163,1.00,1.37
2015.06.04 22:16:34.780,1.46121,1.46163,1.00,1.37
2015.06.04 22:16:36.444,1.46121,1.46163,1.00,1.37
2015.06.04 22:16:36.945,1.46121,1.46163,1.00,1.37
2015.06.04 22:16:37.450,1.46121,1.46163,1.00,1.37
2015.06.04 22:16:38.349,1.46123,1.46165,1.00,1.87
2015.06.04 22:16:38.400,1.46123,1.46165,1.00,1.12
2015.06.04 22:16:40.208,1.46123,1.46165,1.00,1.87
2015.06.04 22:16:41.274,1.46123,1.46165,1.00,1.37
2015.06.04 22:16:41.832,1.46123,1.46165,1.00,1.87
2015.06.04 22:16:42.416,1.46123,1.46165,1.00,1.37
2015.06.04 22:16:42.967,1.46123,1.46165,1.00,1.87
2015.06.04 22:16:43.540,1.46123,1.46165,1.00,1.37
2015.06.04 22:16:44.012,1.4612,1.46164,1.50,1.87
2015.06.04 22:16:44.590,1.4612,1.46164,1.50,2.62
2015.06.04 22:16:44.743,1.46114,1.46156,1.00,1.00
2015.06.04 22:16:45.262,1.46114,1.46156,1.00,1.37
2015.06.04 22:16:45.315,1.46121,1.46161,1.37,1.00
2015.06.04 22:16:45.521,1.46126,1.46167,1.00,1.37
2015.06.04 22:16:46.038,1.46126,1.46167,1.00,1.37
2015.06.04 22:16:46.729,1.46126,1.46167,1.00,1.37
2015.06.04 22:16:47.344,1.46126,1.46167,1.00,1.00
2015.06.04 22:16:47.901,1.46126,1.46168,1.00,1.00
2015.06.04 22:16:48.338,1.46129,1.46173,1.50,2.62
2015.06.04 22:16:49.256,1.46129,1.46173,1.50,2.62
2015.06.04 22:16:49.853,1.46129,1.46173,1.50,1.87
2015.06.04 22:16:50.388,1.46129,1.46173,1.50,1.87
2015.06.04 22:16:56.172,1.46129,1.46173,1.87,1.87
2015.06.04 22:16:56.273,1.46129,1.46173,1.50,1.50
2015.06.04 22:16:56.375,1.46129,1.46173,1.87,2.62
2015.06.04 22:16:56.679,1.46129,1.46173,1.87,1.87
2015.06.04 22:16:56.882,1.46129,1.46173,1.50,1.50
2015.06.04 22:16:57.288,1.46131,1.46173,1.00,1.50
2015.06.04 22:16:57.593,1.46133,1.46177,1.50,1.37
2015.06.04 22:16:58.099,1.46133,1.46177,1.00,1.00
2015.06.04 22:17:01.155,1.46133,1.46177,1.37,1.37
2015.06.04 22:17:01.907,1.46133,1.46173,1.12,1.00
2015.06.04 22:17:02.059,1.46129,1.46173,1.37,1.50
2015.06.04 22:17:02.313,1.46129,1.46173,1.00,1.87
2015.06.04 22:17:02.650,1.46133,1.46173,1.00,1.00
2015.06.04 22:17:03.031,1.46133,1.46171,1.00,1.00
2015.06.04 22:17:03.235,1.46133,1.46173,1.00,1.00
2015.06.04 22:17:03.488,1.46133,1.46173,1.37,1.00
2015.06.04 22:17:03.793,1.46133,1.46173,1.00,1.37
2015.06.04 22:17:04.027,1.46133,1.46173,1.00,1.37
2015.06.04 22:17:04.535,1.46133,1.46171,1.00,1.00
2015.06.04 22:17:06.403,1.46133,1.46173,1.00,1.00
2015.06.04 22:17:06.964,1.46133,1.46174,1.00,1.00
2015.06.04 22:17:07.526,1.46133,1.46174,1.00,1.37
2015.06.04 22:17:08.042,1.46133,1.46171,1.00,1.00
2015.06.04 22:17:09.123,1.46133,1.46171,1.00,1.37
2015.06.04 22:17:09.275,1.46128,1.4617,2.62,1.37
2015.06.04 22:17:09.427,1.46128,1.46171,1.87,1.87
2015.06.04 22:17:09.732,1.46128,1.46171,1.87,1.87
2015.06.04 22:17:10.239,1.46128,1.46171,1.87,1.87
2015.06.04 22:17:10.340,1.46128,1.46171,1.87,1.87
2015.06.04 22:17:10.931,1.46128,1.46171,1.87,1.87
2015.06.04 22:17:11.186,1.46128,1.46171,1.87,1.87
2015.06.04 22:17:11.287,1.46128,1.4617,1.87,1.37
2015.06.04 22:17:11.389,1.46128,1.46169,1.87,1.00
2015.06.04 22:17:11.491,1.46128,1.46169,1.50,1.00
2015.06.04 22:17:11.542,1.4613,1.4617,1.00,1.00
2015.06.04 22:17:12.994,1.4613,1.4617,1.37,1.37
2015.06.04 22:17:13.514,1.46128,1.4617,2.25,1.00
2015.06.04 22:17:14.004,1.46128,1.46172,1.87,2.25
2015.06.04 22:17:14.485,1.46128,1.46172,2.25,1.50
2015.06.04 22:17:15.106,1.46129,1.46172,1.37,1.50
2015.06.04 22:17:15.207,1.46128,1.46172,1.87,1.50
2015.06.04 22:17:15.410,1.46129,1.46172,1.37,1.50
2015.06.04 22:17:15.917,1.46128,1.46172,2.62,1.87
2015.06.04 22:17:16.018,1.46128,1.46172,1.87,1.87
2015.06.04 22:17:16.379,1.46132,1.46176,1.50,2.25
2015.06.04 22:17:17.465,1.46132,1.46176,1.87,1.87
2015.06.04 22:17:18.033,1.46132,1.46176,1.87,1.87
2015.06.04 22:17:18.185,1.46132,1.46176,1.50,1.50
2015.06.04 22:17:18.288,1.46132,1.46176,1.50,2.62
2015.06.04 22:17:18.390,1.46132,1.46176,1.50,2.25
2015.06.04 22:17:18.492,1.46132,1.46176,1.87,1.87
2015.06.04 22:17:19.030,1.46132,1.46176,1.87,3.00
2015.06.04 22:17:19.131,1.46132,1.46176,1.50,1.87
2015.06.04 22:17:19.233,1.46132,1.46176,1.50,1.87
2015.06.04 22:17:19.947,1.46132,1.46176,1.50,1.87
2015.06.04 22:17:20.150,1.46132,1.46176,1.50,1.50
2015.06.04 22:17:20.353,1.46132,1.46176,1.87,1.87
2015.06.04 22:17:20.455,1.46132,1.46176,1.50,1.50
2015.06.04 22:17:20.556,1.46132,1.46176,1.87,1.87
2015.06.04 22:17:20.658,1.46132,1.46176,1.50,1.50
2015.06.04 22:17:20.760,1.46132,1.46176,1.87,1.87
2015.06.04 22:17:21.065,1.46132,1.46176,1.87,1.87
2015.06.04 22:17:21.167,1.46132,1.46176,1.50,1.50
2015.06.04 22:17:21.370,1.46132,1.46176,1.87,1.87
2015.06.04 22:17:21.746,1.46132,1.46176,1.50,1.50
2015.06.04 22:17:21.949,1.46132,1.46175,1.87,1.37
2015.06.04 22:17:22.357,1.46132,1.46175,1.50,1.37
2015.06.04 22:17:23.067,1.46132,1.46176,1.87,1.87
2015.06.04 22:17:23.590,1.46132,1.46176,1.87,1.87
2015.06.04 22:17:23.641,1.46132,1.46176,1.50,1.50
2015.06.04 22:17:23.844,1.46132,1.46176,2.62,1.87
2015.06.04 22:17:24.149,1.46136,1.46178,1.50,1.37
2015.06.04 22:17:24.301,1.46132,1.46176,1.50,1.87
2015.06.04 22:17:24.353,1.46132,1.46176,1.50,1.50
2015.06.04 22:17:24.454,1.46132,1.46176,1.87,1.87
2015.06.04 22:17:25.015,1.46132,1.46176,1.50,1.50
2015.06.04 22:17:25.236,1.46132,1.46176,1.87,1.87
2015.06.04 22:17:25.338,1.46132,1.46176,1.50,1.50
2015.06.04 22:17:25.389,1.46132,1.46174,1.50,1.00
2015.06.04 22:17:25.835,1.46132,1.46175,1.87,1.37
2015.06.04 22:17:26.038,1.46132,1.46175,1.50,1.00
2015.06.04 22:17:26.241,1.46132,1.46176,1.87,1.87
2015.06.04 22:17:26.343,1.46132,1.46176,1.50,1.50
2015.06.04 22:17:26.698,1.46132,1.46176,1.87,1.87
2015.06.04 22:17:28.596,1.46132,1.46176,2.25,1.87
2015.06.04 22:17:28.801,1.46132,1.46176,2.62,1.50
2015.06.04 22:17:29.144,1.46133,1.46176,1.37,1.87
2015.06.04 22:17:29.195,1.46133,1.46176,1.12,1.87
2015.06.04 22:17:29.703,1.46132,1.46176,1.87,1.87
2015.06.04 22:17:29.805,1.46132,1.46176,1.50,2.62
2015.06.04 22:17:29.906,1.46132,1.46176,1.50,1.87
2015.06.04 22:17:30.109,1.46132,1.46176,1.87,1.87
2015.06.04 22:17:30.413,1.46132,1.46176,2.25,1.87
2015.06.04 22:17:30.757,1.46137,1.46179,1.00,1.37
2015.06.04 22:17:31.072,1.46137,1.46178,1.00,1.50
2015.06.04 22:17:31.326,1.46133,1.46175,1.12,1.37
2015.06.04 22:17:31.378,1.46137,1.46178,1.00,1.50
2015.06.04 22:17:31.429,1.46137,1.46179,1.00,1.87
2015.06.04 22:17:31.530,1.46137,1.46177,1.00,1.50
2015.06.04 22:17:31.734,1.46137,1.46178,1.00,1.37
2015.06.04 22:17:31.836,1.46137,1.46178,1.00,1.75
2015.06.04 22:17:31.887,1.46132,1.46176,1.87,1.87
2015.06.04 22:17:32.512,1.46132,1.46176,2.25,1.87
2015.06.04 22:17:32.564,1.46133,1.46176,1.00,1.50
2015.06.04 22:17:33.139,1.46132,1.46176,2.25,1.50
2015.06.04 22:17:33.342,1.46132,1.46176,2.62,1.87
2015.06.04 22:17:33.647,1.46132,1.46176,1.87,1.87
2015.06.04 22:17:34.203,1.46132,1.46175,1.50,1.37
2015.06.04 22:17:34.507,1.46132,1.46175,1.50,1.50
2015.06.04 22:17:34.753,1.46132,1.46176,1.50,1.87
2015.06.04 22:17:35.057,1.46132,1.46176,1.87,2.25
2015.06.04 22:17:35.941,1.46132,1.46173,1.87,1.37
2015.06.04 22:17:36.137,1.46132,1.46174,1.50,1.37
2015.06.04 22:17:36.340,1.46132,1.46176,1.50,3.00
2015.06.04 22:17:37.220,1.46132,1.46175,1.87,1.75
2015.06.04 22:17:38.019,1.46132,1.46175,1.50,1.37
2015.06.04 22:17:39.169,1.46132,1.46176,1.50,2.62
2015.06.04 22:17:39.346,1.46132,1.46176,1.50,3.37
2015.06.04 22:17:39.397,1.46132,1.46173,1.50,1.00
2015.06.04 22:17:39.939,1.46132,1.46176,1.87,3.00
2015.06.04 22:17:40.476,1.46132,1.46176,1.50,2.62
2015.06.04 22:17:40.578,1.46132,1.46176,1.50,1.87
2015.06.04 22:17:40.629,1.46132,1.46176,1.87,2.25
2015.06.04 22:17:41.136,1.46132,1.46175,1.50,1.37
2015.06.04 22:17:41.830,1.46132,1.46176,1.50,3.00
2015.06.04 22:17:41.983,1.46132,1.46175,1.87,1.37
2015.06.04 22:17:42.511,1.46132,1.46175,1.50,1.37
2015.06.04 22:17:43.590,1.46132,1.46176,1.87,1.87
2015.06.04 22:17:44.084,1.46132,1.46175,1.87,1.37
2015.06.04 22:17:44.389,1.46132,1.46176,1.87,2.25
2015.06.04 22:17:44.491,1.46132,1.46175,1.87,1.37
2015.06.04 22:17:44.694,1.46132,1.46176,1.50,1.50
2015.06.04 22:17:44.796,1.46132,1.46176,2.62,1.87
2015.06.04 22:17:45.094,1.46137,1.46179,1.00,1.12
2015.06.04 22:17:45.792,1.46137,1.46179,1.00,1.50
2015.06.04 22:17:45.894,1.46137,1.46178,1.00,1.00
2015.06.04 22:17:46.403,1.46137,1.46179,1.00,1.37
2015.06.04 22:17:46.709,1.46137,1.46179,1.87,1.37
2015.06.04 22:17:46.812,1.4614,1.46182,1.00,1.12
2015.06.04 22:17:46.915,1.4614,1.46182,1.00,1.37
2015.06.04 22:17:47.220,1.4614,1.46182,1.00,1.75
2015.06.04 22:17:47.438,1.46137,1.46179,1.00,1.12
2015.06.04 22:17:47.489,1.46137,1.46179,1.00,1.37
2015.06.04 22:17:47.996,1.46137,1.46179,1.00,1.37
2015.06.04 22:17:48.753,1.46137,1.46179,1.00,1.37
2015.06.04 22:17:49.329,1.46137,1.46179,1.00,1.12
2015.06.04 22:17:49.837,1.46137,1.46179,1.37,1.37
2015.06.04 22:17:50.254,1.46137,1.46179,1.12,1.37
2015.06.04 22:17:50.760,1.46137,1.46179,1.00,2.25
2015.06.04 22:17:51.096,1.46137,1.46179,1.00,1.87
2015.06.04 22:17:51.148,1.46137,1.46179,1.00,1.37
2015.06.04 22:17:51.656,1.46137,1.46179,1.00,1.37
2015.06.04 22:17:52.163,1.46137,1.46179,1.12,1.37
2015.06.04 22:17:52.674,1.46137,1.46179,1.12,1.37
2015.06.04 22:17:53.203,1.46137,1.46178,1.00,1.37
2015.06.04 22:17:53.509,1.46133,1.46175,1.12,1.37
2015.06.04 22:17:53.661,1.46133,1.46175,1.37,1.37
2015.06.04 22:17:53.763,1.46133,1.46175,1.37,1.37
2015.06.04 22:17:54.278,1.46133,1.46175,1.37,1.00
2015.06.04 22:17:54.329,1.46136,1.4618,1.87,2.25
2015.06.04 22:17:54.868,1.46136,1.4618,1.50,2.25
2015.06.04 22:17:55.071,1.46136,1.46178,1.50,1.37
2015.06.04 22:17:55.840,1.46136,1.4618,1.50,2.62
2015.06.04 22:17:55.942,1.46136,1.4618,1.50,3.00
2015.06.04 22:17:56.043,1.46136,1.4618,1.50,2.62
2015.06.04 22:17:57.045,1.46136,1.46178,1.50,1.50
2015.06.04 22:17:57.147,1.46136,1.46178,1.50,1.37
2015.06.04 22:17:57.249,1.46136,1.4618,1.50,3.00
2015.06.04 22:17:57.351,1.46136,1.4618,1.87,2.62
2015.06.04 22:17:57.873,1.46136,1.4618,1.50,1.50
2015.06.04 22:17:57.974,1.46136,1.4618,2.62,1.87
2015.06.04 22:17:58.076,1.46136,1.4618,2.62,1.87
2015.06.04 22:17:58.886,1.46136,1.46179,1.87,1.37
2015.06.04 22:17:58.988,1.46136,1.4618,1.50,2.25
2015.06.04 22:17:59.191,1.46136,1.4618,1.87,2.62
2015.06.04 22:17:59.495,1.46136,1.4618,1.50,3.00
2015.06.04 22:18:00.003,1.46136,1.4618,1.87,1.87
2015.06.04 22:18:00.105,1.46136,1.4618,1.50,2.25
2015.06.04 22:18:00.207,1.46136,1.4618,1.50,2.25
2015.06.04 22:18:00.753,1.46136,1.46177,1.50,1.37
2015.06.04 22:18:01.184,1.46136,1.4618,1.50,2.25
2015.06.04 22:18:01.489,1.46136,1.4618,1.50,2.25
2015.06.04 22:18:01.591,1.46136,1.4618,1.50,2.25
2015.06.04 22:18:02.106,1.46136,1.4618,1.50,2.25
2015.06.04 22:18:02.688,1.46136,1.4618,1.87,1.87
2015.06.04 22:18:02.891,1.46136,1.4618,1.87,2.25
2015.06.04 22:18:03.095,1.46136,1.4618,2.62,1.87
2015.06.04 22:18:04.892,1.46136,1.4618,2.62,1.50
2015.06.04 22:18:05.046,1.4614,1.46182,1.00,1.12
2015.06.04 22:18:05.636,1.4614,1.46183,1.00,1.37
2015.06.04 22:18:06.506,1.4614,1.46183,1.00,1.37
2015.06.04 22:18:07.012,1.4614,1.46183,1.00,2.62
2015.06.04 22:18:07.267,1.4614,1.46183,1.00,1.37
2015.06.04 22:18:08.439,1.4614,1.46182,1.00,1.00
2015.06.04 22:18:08.923,1.4614,1.46183,1.00,1.37
2015.06.04 22:18:10.112,1.4614,1.4618,1.00,1.12
2015.06.04 22:18:10.619,1.4614,1.46184,1.00,3.00
2015.06.04 22:18:10.864,1.46136,1.46178,1.50,1.37
2015.06.04 22:18:11.765,1.46136,1.46179,1.87,1.37
2015.06.04 22:18:11.867,1.46141,1.4618,1.00,1.12
2015.06.04 22:18:12.172,1.46141,1.46183,1.00,1.50
2015.06.04 22:18:12.683,1.46141,1.46179,1.00,1.12
2015.06.04 22:18:12.910,1.46141,1.46182,1.00,1.37
2015.06.04 22:18:12.961,1.46141,1.46181,1.00,1.37
2015.06.04 22:18:13.063,1.46141,1.46182,1.00,1.37
2015.06.04 22:18:13.570,1.46141,1.46183,1.00,1.37
2015.06.04 22:18:13.675,1.46141,1.46182,1.00,1.00
2015.06.04 22:18:14.228,1.46141,1.46181,1.00,1.00
2015.06.04 22:18:14.562,1.46141,1.46182,1.00,1.37
2015.06.04 22:18:15.589,1.46141,1.46181,1.00,1.00
2015.06.04 22:18:15.691,1.46141,1.46181,1.00,1.87
2015.06.04 22:18:16.266,1.46141,1.46179,1.00,1.37
2015.06.04 22:18:16.367,1.46141,1.46183,1.00,1.50
2015.06.04 22:18:16.773,1.46146,1.46184,1.00,1.00
2015.06.04 22:18:17.910,1.46146,1.46182,1.00,1.00
2015.06.04 22:18:21.091,1.46146,1.46187,1.00,1.37
2015.06.04 22:18:21.243,1.46146,1.46187,1.12,1.37
2015.06.04 22:18:23.119,1.46146,1.46187,1.00,1.00
2015.06.04 22:18:23.273,1.46146,1.46187,1.00,1.37
2015.06.04 22:18:23.863,1.46146,1.46187,1.00,1.37
2015.06.04 22:18:24.388,1.46146,1.46187,1.12,1.87
2015.06.04 22:18:24.904,1.46146,1.46188,1.00,1.87
2015.06.04 22:18:25.008,1.46146,1.46188,1.12,2.62
2015.06.04 22:18:25.822,1.46146,1.46186,1.37,1.37
2015.06.04 22:18:25.924,1.46146,1.46186,1.00,1.12
2015.06.04 22:18:26.457,1.46146,1.46186,1.37,1.37
2015.06.04 22:18:26.963,1.46146,1.46186,1.12,1.37
2015.06.04 22:18:27.014,1.46146,1.46186,1.00,1.00
2015.06.04 22:18:27.992,1.46146,1.46186,1.37,1.00
2015.06.04 22:18:28.500,1.46146,1.46186,1.00,1.12
2015.06.04 22:18:28.966,1.46146,1.46185,1.00,1.37
2015.06.04 22:18:31.112,1.46146,1.46186,1.00,1.37
2015.06.04 22:18:32.074,1.46146,1.46186,1.00,1.00
2015.06.04 22:18:32.329,1.46146,1.46188,1.00,1.87
2015.06.04 22:18:32.533,1.46146,1.46188,1.00,1.87
2015.06.04 22:18:32.773,1.46148,1.4619,1.00,1.00
2015.06.04 22:18:32.875,1.46148,1.4619,1.00,1.37
2015.06.04 22:18:33.179,1.46148,1.4619,1.00,1.37
2015.06.04 22:18:34.395,1.46148,1.4619,1.00,1.75
2015.06.04 22:18:34.599,1.46148,1.4619,1.00,1.37
2015.06.04 22:18:34.802,1.46148,1.4619,1.00,1.75
2015.06.04 22:18:34.853,1.46148,1.4619,1.00,1.50
2015.06.04 22:18:35.006,1.46148,1.4619,1.00,1.75
2015.06.04 22:18:35.057,1.46148,1.4619,1.00,1.00
2015.06.04 22:18:37.174,1.46148,1.4619,1.00,1.50
2015.06.04 22:18:37.844,1.46148,1.4619,1.00,1.37
2015.06.04 22:18:38.382,1.46148,1.4619,1.37,1.37
2015.06.04 22:18:38.890,1.46148,1.4619,1.00,1.37
2015.06.04 22:18:39.469,1.46148,1.4619,1.00,1.37
2015.06.04 22:18:39.571,1.46148,1.4619,1.00,1.37
2015.06.04 22:18:39.622,1.46148,1.4619,1.00,1.00
2015.06.04 22:18:41.135,1.46148,1.4619,1.00,1.37
2015.06.04 22:18:41.642,1.46148,1.4619,1.00,1.37
2015.06.04 22:18:41.969,1.46148,1.4619,1.00,1.50
2015.06.04 22:18:42.759,1.46148,1.4619,1.00,1.37
2015.06.04 22:18:42.861,1.46148,1.4619,1.00,1.37
2015.06.04 22:18:43.115,1.46153,1.46195,1.00,1.87
2015.06.04 22:18:43.470,1.46153,1.46195,1.00,1.00
2015.06.04 22:18:43.994,1.46154,1.46196,1.00,1.87
2015.06.04 22:18:44.805,1.46154,1.46196,1.00,1.87
2015.06.04 22:18:44.957,1.46154,1.46196,1.00,2.62
2015.06.04 22:18:45.669,1.46154,1.46196,1.00,1.50
2015.06.04 22:18:45.772,1.46154,1.46196,1.00,1.87
2015.06.04 22:18:46.076,1.46154,1.46196,1.00,1.75
2015.06.04 22:18:46.583,1.46154,1.46196,1.00,1.50
2015.06.04 22:18:46.786,1.46154,1.46196,1.00,1.75
2015.06.04 22:18:47.279,1.46154,1.46196,1.00,1.50
2015.06.04 22:18:47.380,1.46154,1.46196,1.00,1.75
2015.06.04 22:18:48.607,1.46146,1.46188,1.00,1.37
2015.06.04 22:18:48.824,1.4614,1.46184,1.00,1.00
2015.06.04 22:18:48.883,1.4614,1.46184,1.00,1.75
2015.06.04 22:18:48.934,1.46133,1.46175,1.00,1.00
2015.06.04 22:18:49.928,1.46127,1.4617,1.00,1.00
2015.06.04 22:18:50.030,1.4613,1.46174,1.00,1.00
2015.06.04 22:18:50.234,1.4613,1.46174,1.00,1.87
2015.06.04 22:18:50.337,1.46122,1.46166,1.00,1.00
2015.06.04 22:18:50.388,1.46118,1.46162,1.00,1.00
2015.06.04 22:18:50.693,1.46123,1.46165,1.00,1.00
2015.06.04 22:18:50.796,1.46125,1.46169,1.37,1.00
2015.06.04 22:18:50.989,1.46131,1.46173,1.00,1.00
2015.06.04 22:18:51.500,1.46136,1.46178,1.00,1.37
2015.06.04 22:18:52.833,1.46136,1.46178,1.00,1.50
2015.06.04 22:18:53.138,1.46129,1.46174,1.87,1.87
2015.06.04 22:18:53.341,1.46136,1.46178,1.00,1.75
2015.06.04 22:18:53.645,1.46136,1.46178,1.00,1.37
2015.06.04 22:18:53.748,1.46136,1.46178,1.00,1.37
2015.06.04 22:18:54.410,1.46136,1.46178,1.00,1.37
2015.06.04 22:18:54.672,1.46136,1.46178,1.00,1.37
2015.06.04 22:18:54.774,1.46136,1.46178,1.00,1.37
2015.06.04 22:18:55.272,1.46136,1.46178,1.12,1.12
2015.06.04 22:18:55.374,1.46136,1.46178,1.00,1.37
2015.06.04 22:18:55.712,1.46139,1.46181,1.00,1.75
2015.06.04 22:18:55.915,1.46135,1.46177,1.00,1.37
2015.06.04 22:18:56.118,1.46135,1.46177,1.00,1.37
2015.06.04 22:18:56.220,1.46135,1.46177,1.00,1.50
2015.06.04 22:18:56.321,1.46135,1.46177,1.00,1.00
2015.06.04 22:18:56.908,1.46135,1.46177,1.00,1.37
2015.06.04 22:18:57.330,1.46135,1.46177,1.00,1.37
2015.06.04 22:18:57.869,1.46135,1.46177,1.00,1.37
2015.06.04 22:18:58.022,1.46135,1.46177,1.00,1.00
2015.06.04 22:18:58.123,1.46135,1.46177,1.00,1.37
2015.06.04 22:18:58.326,1.46138,1.46182,1.00,1.37
2015.06.04 22:18:58.876,1.46138,1.46182,1.00,1.00
2015.06.04 22:18:59.736,1.46138,1.46182,1.00,1.37
2015.06.04 22:19:00.725,1.46138,1.46182,1.00,1.37
2015.06.04 22:19:00.929,1.46138,1.46182,1.00,1.75
2015.06.04 22:19:01.343,1.46138,1.46182,1.00,1.50
2015.06.04 22:19:01.712,1.46138,1.46182,1.00,1.75
2015.06.04 22:19:02.021,1.46138,1.46182,1.00,2.25
2015.06.04 22:19:02.122,1.46134,1.46178,1.37,1.75
2015.06.04 22:19:02.656,1.46134,1.46178,1.37,1.75
2015.06.04 22:19:03.348,1.46134,1.46178,1.12,1.75
2015.06.04 22:19:03.551,1.46134,1.46178,1.00,1.75
2015.06.04 22:19:04.035,1.46134,1.46177,1.00,1.75
2015.06.04 22:19:04.553,1.46134,1.46177,1.00,1.75
2015.06.04 22:19:05.103,1.46131,1.46173,1.37,1.75
2015.06.04 22:19:06.448,1.46131,1.46173,1.37,1.75
2015.06.04 22:19:06.753,1.46131,1.4617,1.37,1.75
2015.06.04 22:19:06.956,1.46131,1.46173,1.00,1.75
2015.06.04 22:19:07.059,1.46131,1.46173,1.00,1.87
2015.06.04 22:19:07.578,1.46131,1.46171,1.00,1.75
2015.06.04 22:19:07.629,1.46123,1.46167,1.00,1.37
2015.06.04 22:19:08.340,1.46123,1.46164,1.00,1.00
2015.06.04 22:19:08.391,1.46123,1.46164,1.00,1.75
2015.06.04 22:19:09.083,1.46123,1.46164,1.00,1.75
2015.06.04 22:19:09.286,1.46123,1.46167,1.00,2.25
2015.06.04 22:19:09.337,1.46121,1.46164,1.00,1.75
2015.06.04 22:19:09.490,1.46121,1.46162,1.00,1.75
2015.06.04 22:19:10.061,1.46121,1.4616,1.00,1.75
2015.06.04 22:19:10.114,1.46121,1.46164,1.00,1.75
2015.06.04 22:19:10.939,1.46121,1.4616,1.00,1.37
2015.06.04 22:19:11.244,1.46132,1.46172,1.12,2.25
2015.06.04 22:19:11.581,1.46134,1.46175,1.00,1.75
2015.06.04 22:19:11.683,1.46131,1.46173,1.37,1.75
2015.06.04 22:19:13.138,1.46131,1.46173,1.12,2.25
2015.06.04 22:19:13.342,1.46129,1.4617,1.12,2.25
2015.06.04 22:19:13.647,1.4613,1.46174,1.00,2.25
2015.06.04 22:19:14.428,1.4613,1.46168,1.00,1.00
2015.06.04 22:19:14.530,1.4613,1.46167,1.00,1.75
2015.06.04 22:19:14.635,1.4613,1.46174,1.00,2.25
2015.06.04 22:19:14.940,1.4613,1.46174,1.00,1.50
2015.06.04 22:19:15.042,1.4613,1.46174,1.00,1.75
2015.06.04 22:19:15.347,1.4613,1.46174,1.00,1.75
2015.06.04 22:19:16.522,1.4613,1.46171,1.00,1.75
2015.06.04 22:19:17.437,1.4613,1.46173,1.00,1.75
2015.06.04 22:19:17.589,1.46127,1.4617,1.00,1.75
2015.06.04 22:19:17.641,1.46125,1.46166,1.00,1.75
2015.06.04 22:19:18.148,1.46124,1.46166,1.00,1.75
2015.06.04 22:19:21.391,1.46124,1.46166,1.00,1.75
2015.06.04 22:19:21.594,1.46124,1.46168,1.50,2.25
2015.06.04 22:19:22.102,1.46124,1.46168,1.87,2.25
2015.06.04 22:19:22.771,1.46124,1.46168,1.87,2.25
2015.06.04 22:19:27.051,1.46129,1.46168,1.37,1.37
2015.06.04 22:19:27.153,1.46129,1.46173,1.50,2.25
2015.06.04 22:19:27.559,1.46129,1.46173,1.87,1.87
2015.06.04 22:19:27.661,1.46129,1.46173,1.50,3.00
2015.06.04 22:19:28.137,1.46134,1.46176,1.00,1.00
2015.06.04 22:19:28.188,1.46137,1.46179,1.00,1.12
2015.06.04 22:19:28.709,1.46136,1.4618,1.50,1.87
2015.06.04 22:19:29.056,1.46136,1.4618,1.50,2.25
2015.06.04 22:19:30.765,1.46136,1.4618,1.50,2.25
2015.06.04 22:19:30.867,1.46136,1.46173,1.00,1.37
2015.06.04 22:19:30.919,1.46131,1.46173,1.00,1.37
2015.06.04 22:19:30.970,1.46135,1.46174,1.00,1.37
2015.06.04 22:19:40.429,1.46135,1.46177,1.00,2.25
2015.06.04 22:19:40.531,1.46131,1.46173,1.00,1.37
2015.06.04 22:19:40.582,1.46135,1.46175,1.00,1.50
2015.06.04 22:19:40.762,1.46135,1.46177,1.00,1.50
2015.06.04 22:19:41.721,1.46135,1.46173,1.00,1.75
2015.06.04 22:19:41.823,1.46129,1.46172,1.00,1.75
2015.06.04 22:19:42.128,1.46127,1.4617,1.00,2.25
2015.06.04 22:19:42.298,1.46127,1.4617,1.12,2.25
2015.06.04 22:19:42.992,1.46131,1.46169,1.00,1.75
2015.06.04 22:19:43.094,1.46129,1.46169,1.00,1.75
2015.06.04 22:19:43.297,1.46127,1.4617,1.00,2.25
2015.06.04 22:19:43.399,1.46125,1.46167,1.00,1.75
2015.06.04 22:19:43.501,1.46125,1.46167,1.37,1.75
2015.06.04 22:19:43.908,1.46125,1.46167,1.37,1.75
2015.06.04 22:19:44.112,1.46125,1.46167,1.00,1.75
2015.06.04 22:19:44.213,1.46131,1.46171,1.50,1.75
2015.06.04 22:19:44.738,1.46131,1.46171,1.87,1.75
2015.06.04 22:19:45.044,1.46131,1.46171,1.87,1.75
2015.06.04 22:19:45.212,1.46131,1.46171,1.87,1.37
2015.06.04 22:19:45.314,1.46127,1.46169,1.00,1.37
2015.06.04 22:19:45.366,1.46127,1.46169,1.00,1.75
2015.06.04 22:19:45.772,1.46127,1.46169,1.00,2.25
2015.06.04 22:19:46.158,1.46127,1.46169,1.12,1.50
2015.06.04 22:19:46.311,1.46131,1.46174,1.00,1.37
2015.06.04 22:19:46.763,1.46131,1.46175,1.00,1.12
2015.06.04 22:19:46.815,1.46138,1.46181,1.00,2.25
2015.06.04 22:19:47.120,1.46146,1.46181,1.00,2.25
2015.06.04 22:19:47.171,1.46148,1.46182,1.00,1.00
2015.06.04 22:19:47.274,1.46146,1.46185,1.00,1.75
2015.06.04 22:19:47.325,1.46142,1.46185,1.00,1.75
2015.06.04 22:19:48.071,1.46142,1.46185,1.00,1.37
2015.06.04 22:19:48.173,1.46146,1.46186,1.00,1.37
2015.06.04 22:19:48.680,1.46144,1.46186,1.00,1.37
2015.06.04 22:19:48.731,1.46142,1.46186,1.00,1.37
2015.06.04 22:19:48.833,1.46142,1.46186,1.00,1.75
2015.06.04 22:19:49.357,1.46142,1.46186,1.00,1.50
2015.06.04 22:19:49.662,1.46142,1.46181,1.00,1.75
2015.06.04 22:19:49.764,1.46142,1.46181,1.00,1.75
2015.06.04 22:19:49.815,1.46138,1.46179,1.50,2.25
2015.06.04 22:19:49.866,1.46138,1.46179,1.50,2.25
2015.06.04 22:19:50.938,1.46138,1.46179,1.50,1.75
2015.06.04 22:19:51.142,1.4613,1.46172,1.00,1.75
2015.06.04 22:19:51.244,1.4613,1.46172,1.00,1.37
2015.06.04 22:19:51.346,1.4613,1.46172,1.00,1.75
2015.06.04 22:19:51.448,1.4613,1.46172,1.00,1.50
2015.06.04 22:19:52.100,1.4613,1.46172,1.00,1.75
2015.06.04 22:19:52.815,1.46128,1.46169,1.12,1.37
2015.06.04 22:19:52.867,1.46125,1.46168,1.50,1.75
2015.06.04 22:19:52.969,1.46125,1.46166,1.50,1.75
2015.06.04 22:19:53.071,1.46125,1.46166,1.50,1.37
2015.06.04 22:19:53.173,1.46125,1.46169,1.50,1.87
2015.06.04 22:19:53.703,1.46125,1.46167,1.50,1.00
2015.06.04 22:19:53.957,1.46125,1.46166,1.87,1.75
2015.06.04 22:19:54.483,1.46125,1.46166,1.87,1.75
2015.06.04 22:19:56.300,1.46131,1.46169,1.12,2.25
2015.06.04 22:19:56.402,1.46131,1.46169,1.37,1.75
2015.06.04 22:19:56.655,1.46129,1.46171,1.37,1.87
2015.06.04 22:19:56.707,1.46131,1.46171,1.37,1.00
2015.06.04 22:19:57.370,1.46131,1.46172,1.87,1.12
2015.06.04 22:19:57.472,1.46131,1.46172,1.87,1.75
2015.06.04 22:19:57.574,1.46131,1.46172,1.50,1.75
2015.06.04 22:19:57.625,1.46126,1.4617,1.87,2.25
2015.06.04 22:19:57.676,1.46126,1.46167,1.87,1.75
2015.06.04 22:19:57.992,1.46126,1.46167,1.87,1.75
2015.06.04 22:19:58.145,1.46127,1.4617,1.37,2.25
2015.06.04 22:19:58.829,1.46126,1.4617,1.87,1.87
2015.06.04 22:20:01.865,1.46126,1.4617,1.87,1.87
2015.06.04 22:20:02.935,1.46127,1.4617,1.37,1.87
2015.06.04 22:20:03.087,1.46129,1.46172,1.37,1.37
2015.06.04 22:20:03.139,1.46132,1.46176,1.00,1.50
2015.06.04 22:20:03.545,1.46132,1.46176,1.00,1.37
2015.06.04 22:20:03.646,1.46132,1.46176,1.37,1.75
2015.06.04 22:20:04.305,1.46132,1.46176,1.00,1.75
2015.06.04 22:20:04.637,1.46161,1.46176,0.41,1.75
2015.06.04 22:20:05.172,1.46161,1.46176,0.41,2.25
2015.06.04 22:20:06.316,1.46161,1.46177,0.41,1.00
2015.06.04 22:20:06.368,1.46161,1.46192,0.41,2.25
2015.06.04 22:20:06.471,1.46161,1.46196,0.41,2.25
2015.06.04 22:20:06.573,1.46161,1.46196,0.41,2.62
2015.06.04 22:20:06.879,1.46161,1.46192,0.41,1.37
2015.06.04 22:20:07.186,1.46161,1.46185,0.41,1.50
2015.06.04 22:20:07.985,1.46161,1.46185,0.41,1.87
2015.06.04 22:20:08.493,1.46161,1.46185,0.41,2.25
2015.06.04 22:20:09.502,1.46161,1.46182,0.41,2.25
2015.06.04 22:20:11.093,1.46161,1.46182,0.41,1.87
2015.06.04 22:20:11.195,1.46161,1.46182,0.41,1.87
2015.06.04 22:20:11.509,1.46161,1.46182,0.41,3.00
2015.06.04 22:20:12.602,1.46161,1.46182,0.41,3.00
2015.06.04 22:20:25.275,1.46161,1.46182,0.41,1.75
2015.06.04 22:20:30.525,1.46161,1.46182,0.41,2.25
2015.06.04 22:20:34.300,1.46161,1.46182,0.41,1.75
2015.06.04 22:20:35.111,1.46161,1.46184,0.41,1.75
2015.06.04 22:20:35.213,1.46161,1.46187,0.41,1.37
2015.06.04 22:20:35.264,1.46161,1.46178,0.41,1.00
2015.06.04 22:20:35.568,1.46161,1.46181,0.41,1.75
2015.06.04 22:20:36.357,1.46161,1.46186,0.41,3.37
2015.06.04 22:20:39.746,1.46161,1.46186,0.41,1.87
2015.06.04 22:20:42.035,1.46161,1.46183,0.41,1.00
2015.06.04 22:20:42.339,1.46161,1.46173,0.41,1.37
2015.06.04 22:20:42.441,1.46161,1.46178,0.41,1.00
2015.06.04 22:20:43.218,1.46161,1.46175,0.41,1.50
2015.06.04 22:20:45.095,1.46161,1.46171,0.41,1.50
2015.06.04 22:20:45.198,1.46161,1.46172,0.41,1.00
2015.06.04 22:20:45.300,1.46161,1.46183,0.41,2.25
2015.06.04 22:20:45.883,1.46161,1.46183,0.41,1.50
2015.06.04 22:20:46.187,1.46161,1.46179,0.41,1.00
2015.06.04 22:20:46.373,1.46161,1.46181,0.41,1.00
2015.06.04 22:20:46.424,1.46161,1.46181,0.41,1.75
2015.06.04 22:20:46.729,1.46161,1.46176,0.41,1.50
2015.06.04 22:20:46.780,1.46161,1.46176,0.41,1.37
2015.06.04 22:20:46.882,1.46161,1.46174,0.41,1.37
2015.06.04 22:20:47.188,1.46161,1.46175,0.41,1.00
2015.06.04 22:20:47.239,1.46161,1.46181,0.41,1.37
2015.06.04 22:20:48.490,1.46161,1.46183,0.41,1.50
2015.06.04 22:20:58.414,1.46161,1.46182,0.41,1.50
2015.06.04 22:20:59.503,1.46161,1.46182,0.41,1.75
2015.06.04 22:20:59.868,1.46161,1.46176,0.41,1.87
2015.06.04 22:20:59.969,1.46161,1.46176,0.41,1.87
2015.06.04 22:21:00.543,1.46161,1.46179,0.41,1.37
2015.06.04 22:21:01.867,1.46161,1.46178,0.41,1.37
2015.06.04 22:21:02.123,1.46161,1.46181,0.41,1.12
2015.06.04 22:21:02.657,1.46161,1.46182,0.41,1.00
2015.06.04 22:21:03.574,1.46161,1.46182,0.41,1.37
2015.06.04 22:21:04.024,1.46161,1.46182,0.41,1.75
2015.06.04 22:21:05.029,1.46161,1.46179,0.41,1.37
2015.06.04 22:21:07.033,1.46161,1.4618,0.41,1.37
2015.06.04 22:21:09.019,1.46161,1.4618,0.41,1.37
2015.06.04 22:21:10.345,1.46161,1.4618,0.41,1.37
2015.06.04 22:21:10.552,1.46161,1.46191,0.41,1.37
2015.06.04 22:21:11.545,1.46161,1.46191,0.41,1.37
2015.06.04 22:21:12.558,1.46161,1.46191,0.41,1.37
2015.06.04 22:21:13.555,1.46161,1.46191,0.41,1.37
2015.06.04 22:21:14.569,1.46161,1.46194,0.41,1.50
2015.06.04 22:21:15.555,1.46161,1.46193,0.41,1.75
2015.06.04 22:21:16.536,1.46161,1.46193,0.41,1.75
2015.06.04 22:21:16.975,1.46161,1.46193,0.41,1.75
2015.06.04 22:21:17.179,1.46161,1.46193,0.41,1.37
2015.06.04 22:21:17.484,1.46161,1.46181,0.41,1.37
2015.06.04 22:21:18.553,1.46161,1.46181,0.41,1.37
2015.06.04 22:21:18.909,1.46161,1.46175,0.41,1.12
2015.06.04 22:21:20.418,1.46161,1.46181,0.41,1.75
2015.06.04 22:21:20.520,1.46161,1.46181,0.41,1.75
2015.06.04 22:21:21.343,1.46161,1.46181,0.41,1.00
2015.06.04 22:21:21.546,1.46161,1.46185,0.41,1.37
2015.06.04 22:21:21.648,1.46161,1.46185,0.41,1.00
2015.06.04 22:21:22.253,1.46161,1.46185,0.41,1.37
2015.06.04 22:21:22.761,1.46161,1.46185,0.41,1.37
2015.06.04 22:21:25.062,1.46161,1.46185,0.41,1.37
2015.06.04 22:21:25.367,1.46161,1.46185,0.41,1.37
2015.06.04 22:21:31.089,1.46161,1.46185,0.41,1.50
2015.06.04 22:21:31.408,1.46161,1.46189,0.41,2.25
2015.06.04 22:21:31.662,1.46161,1.46191,0.41,1.37
2015.06.04 22:21:32.178,1.46161,1.46191,0.41,1.00
2015.06.04 22:21:32.280,1.46161,1.46189,0.41,1.75
2015.06.04 22:21:32.382,1.46161,1.46186,0.41,1.87
2015.06.04 22:21:32.685,1.46161,1.46188,0.41,1.12
2015.06.04 22:21:33.654,1.46161,1.46192,0.41,1.00
2015.06.04 22:21:34.211,1.46161,1.46194,0.41,2.25
2015.06.04 22:21:36.110,1.46161,1.46194,0.41,1.37
2015.06.04 22:21:36.212,1.46161,1.46194,0.41,1.37
2015.06.04 22:21:37.812,1.46161,1.46195,0.41,1.37
2015.06.04 22:21:37.915,1.46161,1.46195,0.41,1.37
2015.06.04 22:21:38.017,1.46161,1.46195,0.41,1.50
2015.06.04 22:21:38.119,1.46161,1.46195,0.41,1.37
2015.06.04 22:21:38.525,1.46161,1.46195,0.41,1.50
2015.06.04 22:21:38.627,1.46161,1.46195,0.41,1.37
2015.06.04 22:21:39.160,1.46161,1.46195,0.41,1.37
2015.06.04 22:21:39.918,1.46161,1.46195,0.41,1.50
2015.06.04 22:21:40.905,1.46161,1.46195,0.41,1.87
2015.06.04 22:21:41.973,1.46161,1.46195,0.41,1.50
2015.06.04 22:21:42.858,1.46161,1.46195,0.41,1.37
2015.06.04 22:21:45.767,1.46161,1.46194,0.41,1.87
2015.06.04 22:21:46.268,1.46161,1.46194,0.41,1.75
2015.06.04 22:21:46.781,1.46161,1.46193,0.41,1.00
2015.06.04 22:21:47.347,1.46161,1.46194,0.41,1.12
2015.06.04 22:21:47.602,1.46161,1.46194,0.41,2.62
2015.06.04 22:21:47.712,1.46161,1.46194,0.41,2.62
2015.06.04 22:21:48.693,1.46161,1.46194,0.41,1.37
2015.06.04 22:21:49.216,1.46161,1.46194,0.41,1.12
2015.06.04 22:21:49.522,1.46161,1.46193,0.41,1.37
2015.06.04 22:21:50.029,1.46161,1.46193,0.41,1.12
2015.06.04 22:21:50.334,1.46161,1.46192,0.41,1.37
2015.06.04 22:21:50.842,1.46161,1.46192,0.41,1.00
2015.06.04 22:21:51.532,1.46161,1.46192,0.41,1.37
2015.06.04 22:21:52.039,1.46161,1.46192,0.41,1.00
2015.06.04 22:21:52.547,1.46161,1.46192,0.41,1.37
2015.06.04 22:21:53.202,1.46161,1.46189,0.41,1.00
2015.06.04 22:21:55.033,1.46161,1.46192,0.41,1.12
2015.06.04 22:21:55.084,1.46161,1.46192,0.41,1.37
2015.06.04 22:21:55.592,1.46161,1.46191,0.41,1.37
2015.06.04 22:21:56.099,1.46161,1.46189,0.41,1.12
2015.06.04 22:21:56.450,1.46161,1.46189,0.41,1.37
2015.06.04 22:21:56.806,1.46161,1.46189,0.41,1.00
2015.06.04 22:21:57.162,1.46161,1.46191,0.41,1.00
2015.06.04 22:21:57.365,1.46161,1.46188,0.41,1.00
2015.06.04 22:21:57.466,1.46161,1.46192,0.41,1.50
2015.06.04 22:21:58.312,1.46161,1.46191,0.41,1.00
2015.06.04 22:21:58.821,1.46161,1.4619,0.41,1.00
2015.06.04 22:21:59.092,1.46161,1.46191,0.41,1.50
2015.06.04 22:21:59.145,1.46161,1.46191,0.41,1.37
2015.06.04 22:21:59.349,1.46161,1.46192,0.41,1.37
2015.06.04 22:22:00.020,1.46161,1.46192,0.41,1.50
2015.06.04 22:22:00.072,1.46161,1.46192,0.41,1.87
2015.06.04 22:22:00.661,1.46161,1.46191,0.41,1.37
2015.06.04 22:22:01.072,1.46161,1.46191,0.41,1.37
2015.06.04 22:22:01.622,1.46161,1.46191,0.41,1.37
2015.06.04 22:22:01.724,1.46161,1.46185,0.41,1.00
2015.06.04 22:22:02.079,1.46161,1.46182,0.41,1.37
2015.06.04 22:22:02.390,1.46161,1.46183,0.41,1.50
2015.06.04 22:22:02.594,1.46161,1.46185,0.41,1.50
2015.06.04 22:22:02.695,1.46161,1.46185,0.41,1.87
2015.06.04 22:22:02.797,1.46161,1.46184,0.41,2.25
2015.06.04 22:22:03.001,1.46161,1.46185,0.41,1.50
2015.06.04 22:22:03.508,1.46161,1.46185,0.41,1.37
2015.06.04 22:22:04.382,1.46161,1.46185,0.41,1.75
2015.06.04 22:22:05.561,1.46161,1.46183,0.41,1.75
2015.06.04 22:22:06.337,1.46161,1.46183,0.41,1.75
2015.06.04 22:22:06.623,1.46161,1.46183,0.41,1.37
2015.06.04 22:22:06.725,1.46161,1.46185,0.41,2.25
2015.06.04 22:22:08.517,1.46161,1.46185,0.41,1.75
2015.06.04 22:22:08.723,1.46161,1.4618,0.41,1.37
2015.06.04 22:22:09.231,1.46161,1.4618,0.41,1.75
2015.06.04 22:22:10.522,1.46161,1.4618,0.41,1.75
2015.06.04 22:22:10.725,1.46161,1.4618,0.41,2.25
2015.06.04 22:22:11.029,1.46161,1.4618,0.41,2.25
2015.06.04 22:22:11.334,1.46161,1.46171,0.41,2.25
2015.06.04 22:22:11.436,1.46161,1.46171,0.41,1.37
2015.06.04 22:22:12.001,1.46161,1.46174,0.41,2.25
2015.06.04 22:22:13.243,1.46161,1.46174,0.41,2.25
2015.06.04 22:22:14.713,1.46161,1.46174,0.41,2.25
2015.06.04 22:22:14.916,1.46161,1.46174,0.41,3.75
2015.06.04 22:22:16.399,1.46161,1.46171,0.41,1.75
2015.06.04 22:22:16.719,1.46161,1.46167,0.41,1.75
2015.06.04 22:22:18.117,1.46161,1.46164,0.41,1.37
2015.06.04 22:22:19.635,1.46161,1.46163,0.41,1.00
2015.06.04 22:22:19.892,1.46161,1.46163,0.41,1.00
2015.06.04 22:22:20.096,1.46161,1.46166,0.41,1.75
2015.06.04 22:22:20.299,1.46161,1.46165,0.41,1.00
2015.06.04 22:22:21.352,1.46161,1.46169,0.41,1.75
2015.06.04 22:22:21.933,1.46161,1.46169,0.41,2.25
2015.06.04 22:22:24.899,1.46161,1.46169,0.41,3.00
2015.06.04 22:22:26.221,1.46161,1.46169,0.41,1.75
2015.06.04 22:22:26.323,1.46161,1.46169,0.41,1.37
2015.06.04 22:22:26.824,1.46161,1.46169,0.41,1.50
2015.06.04 22:22:27.769,1.46161,1.46165,0.41,1.50
2015.06.04 22:22:28.216,1.46161,1.46164,0.41,1.00
2015.06.04 22:22:47.688,1.46161,1.46162,0.41,1.00
2015.06.04 22:22:59.511,1.46161,1.46166,0.41,1.37
2015.06.04 22:22:59.664,1.46161,1.46168,0.41,1.12
2015.06.04 22:22:59.766,1.46161,1.46168,0.41,1.37
2015.06.04 22:23:00.121,1.46161,1.46168,0.41,2.25
2015.06.04 22:23:00.693,1.46161,1.46165,0.41,1.00
2015.06.04 22:23:01.205,1.46161,1.46167,0.41,1.75
2015.06.04 22:23:01.713,1.46161,1.46165,0.41,1.00
2015.06.04 22:23:02.221,1.46161,1.46168,0.41,2.25
2015.06.04 22:23:03.170,1.46161,1.46165,0.41,1.00
2015.06.04 22:23:04.134,1.46161,1.46168,0.41,1.50
2015.06.04 22:23:05.170,1.46161,1.46168,0.41,2.25
2015.06.04 22:23:05.678,1.46161,1.46167,0.41,1.75
2015.06.04 22:23:05.982,1.46161,1.46167,0.41,1.75
2015.06.04 22:23:06.186,1.46161,1.46166,0.41,1.75
2015.06.04 22:23:07.191,1.46161,1.46166,0.41,1.75
2015.06.04 22:23:07.979,1.46161,1.46168,0.41,2.25
2015.06.04 22:23:10.198,1.46161,1.46165,0.41,1.00
2015.06.04 22:23:12.207,1.46161,1.46166,0.41,1.75
2015.06.04 22:23:18.219,1.46161,1.46167,0.41,1.75
2015.06.04 22:23:20.249,1.46161,1.46168,0.41,2.25
2015.06.04 22:23:21.232,1.46161,1.46165,0.41,1.00
2015.06.04 22:23:21.855,1.46161,1.46167,0.41,1.75
2015.06.04 22:23:28.079,1.46161,1.46168,0.41,1.37
2015.06.04 22:23:28.182,1.46161,1.46168,0.41,1.75
2015.06.04 22:23:28.697,1.46161,1.46165,0.41,1.50
2015.06.04 22:23:29.255,1.46161,1.46165,0.41,1.50
2015.06.04 22:23:30.001,1.46161,1.46164,0.41,1.00
2015.06.04 22:23:30.561,1.46161,1.46165,0.41,1.50
2015.06.04 22:23:32.504,1.46161,1.46164,0.41,1.37
2015.06.04 22:23:33.419,1.46161,1.46166,0.41,3.00
2015.06.04 22:23:33.929,1.46161,1.46162,0.41,1.00
2015.06.04 22:23:34.234,1.46161,1.46162,0.41,1.00
2015.06.04 22:23:38.345,1.46161,1.46162,0.41,1.00
2015.06.04 22:23:40.833,1.46161,1.46164,0.41,1.12
2015.06.04 22:23:41.052,1.46161,1.46166,0.41,2.25
2015.06.04 22:23:41.567,1.46161,1.46164,0.41,1.00
2015.06.04 22:23:42.383,1.46161,1.46166,0.41,1.00
2015.06.04 22:23:42.891,1.46161,1.46169,0.41,1.37
2015.06.04 22:23:43.406,1.46161,1.46169,0.41,1.37
2015.06.04 22:23:47.160,1.46161,1.46172,0.41,1.37
2015.06.04 22:23:47.313,1.46161,1.46169,0.41,1.37
2015.06.04 22:23:47.619,1.46161,1.46166,0.41,1.37
2015.06.04 22:23:47.923,1.46161,1.46166,0.41,1.37
2015.06.04 22:23:48.446,1.46161,1.46167,0.41,1.37
2015.06.04 22:23:54.750,1.46161,1.46166,0.41,1.37
2015.06.04 22:23:55.297,1.46161,1.46166,0.41,1.37
2015.06.04 22:23:55.839,1.46161,1.46166,0.41,1.37
2015.06.04 22:23:58.165,1.46161,1.46166,0.41,1.37
2015.06.04 22:23:59.962,1.46161,1.46166,0.41,1.37
2015.06.04 22:24:00.481,1.46161,1.46166,0.41,1.37
2015.06.04 22:24:01.115,1.46161,1.46166,0.41,1.37
2015.06.04 22:24:01.514,1.46161,1.46166,0.41,1.37
2015.06.04 22:24:01.719,1.46161,1.46169,0.41,1.37
2015.06.04 22:24:02.523,1.46161,1.46167,0.41,1.37
2015.06.04 22:24:03.705,1.46161,1.46166,0.41,1.00
2015.06.04 22:24:05.181,1.46161,1.46169,0.41,1.37
2015.06.04 22:24:05.763,1.46161,1.46167,0.41,1.00
2015.06.04 22:24:06.275,1.46161,1.46166,0.41,1.00
2015.06.04 22:24:06.986,1.46161,1.46168,0.41,1.12
2015.06.04 22:24:07.508,1.46161,1.46167,0.41,1.00
2015.06.04 22:24:08.031,1.46161,1.46169,0.41,1.12
2015.06.04 22:24:08.082,1.46161,1.46166,0.41,1.00
2015.06.04 22:24:09.791,1.46161,1.46167,0.41,1.12
2015.06.04 22:24:11.522,1.46161,1.46169,0.41,1.37
2015.06.04 22:24:11.941,1.46161,1.46166,0.41,1.00
2015.06.04 22:24:12.419,1.46161,1.46168,0.41,1.12
2015.06.04 22:24:13.062,1.46161,1.46167,0.41,1.00
2015.06.04 22:24:13.586,1.46161,1.46168,0.41,1.00
2015.06.04 22:24:13.688,1.46161,1.46166,0.41,1.00
2015.06.04 22:24:14.581,1.46161,1.46167,0.41,1.00
2015.06.04 22:24:14.632,1.46161,1.46169,0.41,1.12
2015.06.04 22:24:14.683,1.46161,1.46166,0.41,1.00
2015.06.04 22:24:16.220,1.46161,1.46167,0.41,1.00
2015.06.04 22:24:16.271,1.46161,1.46183,0.41,1.00
2015.06.04 22:24:16.475,1.46161,1.46187,0.41,1.00
2015.06.04 22:24:16.526,1.46161,1.46183,0.41,1.00
2015.06.04 22:24:16.826,1.46161,1.4619,0.41,1.00
2015.06.04 22:24:16.929,1.46161,1.46186,0.41,1.50
2015.06.04 22:24:17.538,1.46161,1.46189,0.41,1.00
2015.06.04 22:24:18.375,1.46161,1.4618,0.41,1.00
2015.06.04 22:24:18.680,1.46161,1.46176,0.41,1.00
2015.06.04 22:24:18.732,1.46161,1.46182,0.41,1.00
2015.06.04 22:24:18.935,1.46161,1.46185,0.41,1.00
2015.06.04 22:24:20.116,1.46161,1.46187,0.41,1.00
2015.06.04 22:24:20.167,1.46161,1.46189,0.41,1.00
2015.06.04 22:24:26.216,1.46161,1.4619,0.41,1.00
2015.06.04 22:24:26.268,1.46161,1.46194,0.41,1.50
2015.06.04 22:24:33.317,1.46161,1.46186,0.41,1.00
2015.06.04 22:24:33.640,1.46161,1.46182,0.41,1.00
2015.06.04 22:24:34.148,1.46161,1.46183,0.41,1.00
2015.06.04 22:24:34.437,1.46161,1.46186,0.41,1.12
2015.06.04 22:24:34.590,1.46161,1.46188,0.41,1.00
2015.06.04 22:24:34.641,1.46161,1.4619,0.41,1.00
2015.06.04 22:24:34.896,1.46161,1.46193,0.41,1.00
2015.06.04 22:24:45.361,1.46161,1.46189,0.41,1.00
2015.06.04 22:25:01.270,1.46161,1.4619,0.41,1.00
2015.06.04 22:25:01.321,1.46161,1.46192,0.41,1.50
2015.06.04 22:25:01.372,1.46161,1.4619,0.41,1.00
2015.06.04 22:25:01.946,1.46161,1.46188,0.41,1.00
2015.06.04 22:25:02.250,1.46161,1.46186,0.41,1.00
2015.06.04 22:25:02.878,1.46161,1.46187,0.41,1.00
2015.06.04 22:25:03.261,1.46161,1.46189,0.41,1.00
2015.06.04 22:25:03.806,1.46161,1.4619,0.41,1.50
2015.06.04 22:25:05.214,1.46161,1.46191,0.41,1.00
2015.06.04 22:25:05.265,1.46161,1.46193,0.41,1.00
2015.06.04 22:25:05.781,1.46161,1.46194,0.41,1.12
2015.06.04 22:25:24.008,1.46161,1.46193,0.41,1.00
2015.06.04 22:25:24.713,1.46161,1.46193,0.41,1.37
2015.06.04 22:25:25.019,1.46161,1.46189,0.41,1.00
2015.06.04 22:25:30.781,1.46161,1.46191,0.41,1.00
2015.06.04 22:25:30.832,1.46161,1.46193,0.41,1.12
2015.06.04 22:25:30.883,1.46161,1.46189,0.41,1.00
2015.06.04 22:25:31.688,1.46161,1.46191,0.41,1.00
2015.06.04 22:25:31.739,1.46161,1.46194,0.41,1.87
2015.06.04 22:25:32.368,1.46161,1.46194,0.41,1.87
2015.06.04 22:25:32.673,1.46161,1.4619,0.41,1.87
2015.06.04 22:25:34.748,1.46161,1.4619,0.41,1.87
2015.06.04 22:25:35.254,1.46161,1.4619,0.41,1.50
2015.06.04 22:25:36.602,1.46161,1.46194,0.41,1.00
2015.06.04 22:25:36.704,1.46161,1.46192,0.41,1.00
2015.06.04 22:25:38.361,1.46161,1.46189,0.41,1.00
2015.06.04 22:25:38.678,1.46161,1.46187,0.41,1.00
2015.06.04 22:25:40.894,1.46161,1.4619,0.41,1.12
2015.06.04 22:25:41.416,1.46161,1.4619,0.41,1.37
2015.06.04 22:25:41.720,1.46161,1.46187,0.41,1.00
2015.06.04 22:25:43.134,1.46161,1.46192,0.41,1.50
2015.06.04 22:25:43.872,1.46161,1.46189,0.41,1.37
2015.06.04 22:25:44.380,1.46161,1.46187,0.41,1.00
2015.06.04 22:25:46.920,1.46161,1.46195,0.41,1.87
2015.06.04 22:25:47.180,1.46161,1.46187,0.41,1.00
2015.06.04 22:25:50.449,1.46161,1.46192,0.41,1.37
2015.06.04 22:25:50.500,1.46161,1.46189,0.41,1.37
2015.06.04 22:25:51.388,1.46161,1.46188,0.41,1.12
2015.06.04 22:25:51.895,1.46161,1.46188,0.41,1.87
2015.06.04 22:25:53.364,1.46161,1.46188,0.41,1.87
2015.06.04 22:25:55.383,1.46161,1.46188,0.41,1.87
2015.06.04 22:25:58.250,1.46161,1.46191,0.41,1.00
2015.06.04 22:25:59.516,1.46161,1.46196,0.41,1.87
2015.06.04 22:25:59.618,1.46161,1.46191,0.41,1.00
2015.06.04 22:26:00.848,1.46161,1.46193,0.41,1.12
2015.06.04 22:26:00.899,1.46161,1.46191,0.41,1.00
2015.06.04 22:26:01.406,1.46161,1.4619,0.41,1.00
2015.06.04 22:26:01.762,1.46161,1.46193,0.41,1.00
2015.06.04 22:26:01.813,1.46161,1.4619,0.41,1.00
2015.06.04 22:26:02.332,1.46161,1.46189,0.41,1.00
2015.06.04 22:26:03.825,1.46161,1.46195,0.41,1.37
2015.06.04 22:26:03.927,1.46161,1.46191,0.41,1.00
2015.06.04 22:26:06.557,1.46161,1.46194,0.41,1.37
2015.06.04 22:26:07.064,1.46161,1.46193,0.41,1.37
2015.06.04 22:26:07.497,1.46161,1.46189,0.41,1.12
2015.06.04 22:26:07.996,1.46161,1.46193,0.41,1.00
2015.06.04 22:26:08.536,1.46161,1.46193,0.41,1.37
2015.06.04 22:26:10.009,1.46161,1.46193,0.41,1.37
2015.06.04 22:26:10.313,1.46161,1.46187,0.41,1.00
2015.06.04 22:26:11.076,1.46161,1.46192,0.41,1.50
2015.06.04 22:26:12.163,1.46161,1.46197,0.41,1.87
2015.06.04 22:26:12.214,1.46161,1.46194,0.41,1.00
2015.06.04 22:26:12.519,1.46161,1.46194,0.41,1.87
2015.06.04 22:26:13.027,1.46161,1.46194,0.41,1.87
2015.06.04 22:26:13.436,1.46161,1.46189,0.41,1.00
2015.06.04 22:26:14.756,1.46161,1.46192,0.41,1.37
2015.06.04 22:26:14.858,1.46161,1.46189,0.41,1.00
2015.06.04 22:26:20.388,1.46161,1.46189,0.41,1.37
2015.06.04 22:26:20.895,1.46161,1.46189,0.41,1.00
2015.06.04 22:26:21.412,1.46161,1.46189,0.41,1.37
2015.06.04 22:26:21.933,1.46161,1.46189,0.41,1.00
2015.06.04 22:26:23.906,1.46161,1.46187,0.41,1.00
2015.06.04 22:26:24.212,1.46161,1.46186,0.41,1.37
2015.06.04 22:26:24.742,1.46161,1.46186,0.41,1.37
2015.06.04 22:26:25.246,1.46161,1.46186,0.41,1.00
2015.06.04 22:26:26.153,1.46161,1.46189,0.41,1.00
2015.06.04 22:26:31.302,1.46161,1.46189,0.41,1.37
2015.06.04 22:26:31.810,1.46161,1.46189,0.41,1.37
2015.06.04 22:26:32.453,1.46161,1.46189,0.41,1.37
2015.06.04 22:26:33.538,1.46161,1.46189,0.41,1.37
2015.06.04 22:26:34.930,1.46161,1.46189,0.41,1.00
2015.06.04 22:26:35.431,1.46161,1.46189,0.41,1.37
2015.06.04 22:26:36.028,1.46161,1.46189,0.41,1.12
2015.06.04 22:26:36.333,1.46161,1.46189,0.41,1.37
2015.06.04 22:26:36.529,1.46161,1.46189,0.41,1.00
2015.06.04 22:26:37.760,1.46161,1.46189,0.41,1.37
2015.06.04 22:26:37.963,1.46161,1.46189,0.41,1.12
2015.06.04 22:26:38.167,1.46161,1.46189,0.41,1.37
2015.06.04 22:26:38.477,1.46161,1.46189,0.41,1.12
2015.06.04 22:26:39.595,1.46161,1.46189,0.41,1.37
2015.06.04 22:26:40.103,1.46161,1.46189,0.41,1.12
2015.06.04 22:26:41.604,1.46161,1.4619,0.41,1.37
2015.06.04 22:26:42.170,1.46161,1.4619,0.41,1.37
2015.06.04 22:26:43.817,1.46161,1.4619,0.41,1.37
2015.06.04 22:26:44.327,1.46161,1.4619,0.41,1.37
2015.06.04 22:26:44.834,1.46161,1.4619,0.41,1.12
2015.06.04 22:26:48.576,1.46161,1.4619,0.41,1.37
2015.06.04 22:26:49.140,1.46161,1.4619,0.41,1.00
2015.06.04 22:26:50.450,1.46161,1.4619,0.41,1.37
2015.06.04 22:26:50.993,1.46161,1.4619,0.41,1.12
2015.06.04 22:26:51.483,1.46161,1.46195,0.41,1.50
2015.06.04 22:26:52.000,1.46161,1.46194,0.41,1.00
2015.06.04 22:26:52.508,1.46161,1.46195,0.41,1.00
2015.06.04 22:26:54.323,1.46161,1.46196,0.91,1.00
2015.06.04 22:26:55.175,1.46161,1.46196,0.79,1.00
2015.06.04 22:26:55.784,1.46161,1.46196,0.41,1.00
2015.06.04 22:26:56.514,1.46161,1.46197,0.41,1.00
2015.06.04 22:26:58.385,1.46161,1.46195,0.41,1.00
2015.06.04 22:26:58.639,1.46161,1.46197,0.41,1.00
2015.06.04 22:26:59.375,1.46161,1.46195,0.41,1.00
2015.06.04 22:26:59.780,1.46161,1.46197,0.41,1.00
2015.06.04 22:27:00.301,1.46161,1.46196,0.41,1.00
2015.06.04 22:27:00.352,1.46161,1.46196,0.41,1.37
2015.06.04 22:27:00.704,1.46161,1.46196,0.41,1.00
2015.06.04 22:27:01.105,1.46161,1.46196,0.41,1.37
2015.06.04 22:27:04.454,1.46161,1.46191,0.41,1.75
2015.06.04 22:27:04.961,1.46161,1.46189,0.41,1.00
2015.06.04 22:27:06.006,1.46161,1.4619,0.41,1.00
2015.06.04 22:27:13.087,1.46161,1.46192,0.41,1.50
2015.06.04 22:27:13.594,1.46161,1.46197,0.41,1.50
2015.06.04 22:27:17.023,1.46161,1.46191,0.41,1.00
2015.06.04 22:27:17.531,1.46161,1.46193,0.41,1.37
2015.06.04 22:27:18.065,1.46161,1.46193,0.41,1.12
2015.06.04 22:27:37.105,1.46161,1.46193,0.79,1.00
2015.06.04 22:27:37.410,1.46161,1.46196,1.29,1.00
2015.06.04 22:27:37.461,1.46161,1.46198,1.29,1.00
2015.06.04 22:27:37.731,1.46161,1.46198,1.16,1.00
2015.06.04 22:27:37.833,1.46161,1.46198,0.79,1.12
2015.06.04 22:27:38.432,1.46161,1.46199,1.29,1.87
2015.06.04 22:27:38.847,1.46161,1.46198,0.79,1.37
2015.06.04 22:27:38.949,1.46161,1.46197,1.29,1.37
2015.06.04 22:27:39.254,1.46161,1.46197,1.16,1.75
2015.06.04 22:27:39.755,1.46161,1.46197,1.29,1.75
2015.06.04 22:27:40.110,1.46177,1.46201,1.00,1.87
2015.06.04 22:27:40.162,1.46177,1.46203,1.00,1.00
2015.06.04 22:27:40.213,1.4618,1.4621,1.37,1.00
2015.06.04 22:27:40.315,1.46182,1.46212,1.00,1.00
2015.06.04 22:27:40.367,1.46183,1.46218,1.00,1.00
2015.06.04 22:27:40.418,1.46183,1.46218,1.87,1.00
2015.06.04 22:27:40.469,1.46188,1.46226,1.00,1.00
2015.06.04 22:27:40.571,1.46187,1.46228,1.00,1.00
2015.06.04 22:27:40.813,1.46187,1.46228,1.00,1.37
2015.06.04 22:27:41.334,1.46188,1.46228,1.00,1.37
2015.06.04 22:27:41.795,1.46188,1.46228,1.37,1.75
2015.06.04 22:27:43.356,1.4619,1.46228,1.12,1.75
2015.06.04 22:27:43.407,1.46187,1.46228,1.87,2.25
2015.06.04 22:27:44.098,1.46187,1.46226,1.37,1.50
2015.06.04 22:27:45.424,1.46186,1.46226,1.37,1.12
2015.06.04 22:27:47.682,1.46185,1.46226,2.25,1.12
2015.06.04 22:28:02.106,1.46186,1.46227,1.87,1.37
2015.06.04 22:28:02.542,1.46186,1.46217,1.00,1.37
2015.06.04 22:28:02.959,1.46183,1.46217,1.00,1.37
2015.06.04 22:28:03.465,1.46183,1.46214,1.00,1.00
2015.06.04 22:28:04.001,1.46184,1.46217,1.00,1.37
2015.06.04 22:28:04.811,1.46184,1.46227,1.87,2.62
2015.06.04 22:28:05.387,1.46184,1.46227,1.50,1.12
2015.06.04 22:28:05.932,1.46184,1.46228,1.50,2.25
2015.06.04 22:28:06.448,1.46184,1.46228,1.87,2.25
2015.06.04 22:28:07.736,1.46184,1.46227,1.50,1.12
2015.06.04 22:28:07.787,1.46184,1.46225,1.00,1.00
2015.06.04 22:28:08.093,1.46182,1.46223,1.37,1.00
2015.06.04 22:28:08.457,1.46182,1.46223,1.37,1.12
2015.06.04 22:28:08.661,1.46183,1.46223,1.00,1.00
2015.06.04 22:28:08.864,1.46182,1.46223,1.37,1.12
2015.06.04 22:28:09.430,1.46185,1.46227,1.12,1.87
2015.06.04 22:28:09.639,1.46185,1.46227,1.37,1.87
2015.06.04 22:28:10.463,1.46185,1.46227,1.37,1.50
2015.06.04 22:28:11.233,1.46185,1.46227,1.37,1.50
2015.06.04 22:28:12.172,1.46185,1.46227,1.12,1.50
2015.06.04 22:28:12.376,1.46185,1.46215,1.00,1.12
2015.06.04 22:28:12.478,1.46183,1.46216,1.00,2.25
2015.06.04 22:28:12.631,1.46183,1.4621,1.00,1.12
2015.06.04 22:28:12.683,1.46172,1.46211,1.87,1.50
2015.06.04 22:28:12.836,1.46173,1.46215,1.00,1.00
2015.06.04 22:28:13.096,1.46175,1.46215,1.00,1.00
2015.06.04 22:28:13.147,1.46177,1.46219,1.00,1.37
2015.06.04 22:28:13.683,1.46177,1.46219,1.00,1.00
2015.06.04 22:28:13.785,1.46177,1.46219,1.37,1.37
2015.06.04 22:28:15.260,1.46177,1.46219,1.50,1.50
2015.06.04 22:28:15.413,1.46174,1.46216,1.87,1.37
2015.06.04 22:28:15.942,1.46174,1.46216,1.12,1.37
2015.06.04 22:28:16.905,1.46174,1.46216,1.87,1.12
2015.06.04 22:28:17.210,1.46177,1.46219,1.12,1.12
2015.06.04 22:28:17.618,1.46181,1.46223,1.37,1.00
2015.06.04 22:28:18.605,1.46181,1.46221,1.37,1.00
2015.06.04 22:28:18.757,1.4618,1.46224,1.87,1.50
2015.06.04 22:28:18.960,1.4618,1.46224,3.00,1.50
2015.06.04 22:28:19.304,1.4618,1.46221,1.75,1.00
2015.06.04 22:28:19.534,1.46186,1.46223,1.00,1.00
2015.06.04 22:28:19.586,1.46186,1.46229,1.50,1.00
2015.06.04 22:28:19.789,1.46189,1.4623,1.00,1.37
2015.06.04 22:28:23.777,1.46192,1.46231,1.00,1.87
2015.06.04 22:28:24.183,1.46192,1.46234,1.00,3.00
2015.06.04 22:28:24.690,1.46192,1.46234,2.62,1.37
2015.06.04 22:28:25.666,1.46192,1.46236,3.00,3.00
2015.06.04 22:28:26.024,1.46195,1.46236,1.12,2.25
2015.06.04 22:28:26.278,1.46195,1.46236,1.87,1.00
2015.06.04 22:28:26.760,1.46195,1.46238,1.87,1.50
2015.06.04 22:28:27.901,1.46195,1.46238,1.87,1.50
2015.06.04 22:28:28.408,1.46195,1.46237,1.87,1.00
2015.06.04 22:28:28.790,1.46195,1.46237,1.87,1.00
2015.06.04 22:28:29.972,1.46195,1.46237,2.25,1.37
2015.06.04 22:28:31.786,1.46195,1.46237,2.25,1.50
2015.06.04 22:28:33.765,1.46195,1.46237,2.25,1.50
2015.06.04 22:28:34.167,1.46199,1.46237,1.00,2.25
2015.06.04 22:28:34.269,1.46197,1.46233,1.87,1.00
2015.06.04 22:28:34.671,1.46199,1.46236,1.87,1.00
2015.06.04 22:28:35.535,1.46197,1.46236,1.37,1.37
2015.06.04 22:28:35.688,1.46197,1.46236,1.37,1.37
2015.06.04 22:28:36.154,1.46197,1.46238,1.37,1.50
2015.06.04 22:28:36.663,1.462,1.46238,1.00,1.00
2015.06.04 22:28:40.971,1.46196,1.46238,1.87,1.00
2015.06.04 22:28:41.558,1.46196,1.46238,1.87,1.12
2015.06.04 22:28:41.660,1.46201,1.46238,1.00,1.12
2015.06.04 22:28:42.094,1.46201,1.46236,1.00,1.00
2015.06.04 22:28:42.445,1.46201,1.46233,1.00,1.00
2015.06.04 22:28:42.955,1.46197,1.46233,1.37,1.00
2015.06.04 22:28:43.107,1.46197,1.46233,1.37,1.00
2015.06.04 22:28:44.104,1.46197,1.46233,1.12,1.00
2015.06.04 22:28:45.946,1.46194,1.46232,1.37,1.00
2015.06.04 22:28:46.098,1.46194,1.46232,1.37,1.00
2015.06.04 22:28:52.892,1.46194,1.46232,1.12,1.00
2015.06.04 22:28:54.242,1.46194,1.46232,1.37,1.00
2015.06.04 22:28:54.751,1.46194,1.46233,1.37,1.00
2015.06.04 22:28:55.374,1.46196,1.46234,1.00,1.00
2015.06.04 22:28:56.592,1.46197,1.46234,1.00,1.00
2015.06.04 22:28:57.101,1.46195,1.46234,1.12,1.00
2015.06.04 22:28:57.650,1.46193,1.46235,1.50,1.00
2015.06.04 22:28:58.153,1.46194,1.46237,1.12,1.50
2015.06.04 22:28:59.306,1.46194,1.46237,1.50,1.50
2015.06.04 22:28:59.584,1.46193,1.46234,2.25,1.00
2015.06.04 22:29:00.090,1.46194,1.46234,1.00,1.00
2015.06.04 22:29:00.599,1.46193,1.46234,1.37,1.00
2015.06.04 22:29:00.751,1.46193,1.46234,1.00,1.00
2015.06.04 22:29:02.235,1.46194,1.46236,1.00,1.12
2015.06.04 22:29:02.742,1.46194,1.46237,1.50,1.12
2015.06.04 22:29:03.454,1.46194,1.46237,1.87,1.12
2015.06.04 22:29:05.419,1.46194,1.46237,1.87,1.12
2015.06.04 22:29:06.163,1.46194,1.46237,1.87,1.50
2015.06.04 22:29:06.671,1.46194,1.46237,1.87,1.50
2015.06.04 22:29:07.306,1.46194,1.46234,1.37,1.00
2015.06.04 22:29:08.007,1.46196,1.46237,1.12,1.50
2015.06.04 22:29:08.515,1.46193,1.46236,1.87,1.00
2015.06.04 22:29:09.428,1.46197,1.46237,1.00,1.12
2015.06.04 22:29:09.530,1.46197,1.46237,1.00,1.50
2015.06.04 22:29:09.850,1.46197,1.46237,1.00,1.50
2015.06.04 22:29:11.226,1.46197,1.46237,1.00,1.50
2015.06.04 22:29:11.853,1.46197,1.46237,1.12,1.12
2015.06.04 22:29:13.325,1.46197,1.46238,1.50,1.50
2015.06.04 22:29:14.103,1.46197,1.46238,1.12,1.50
2015.06.04 22:29:14.712,1.46197,1.46238,1.00,1.50
2015.06.04 22:29:15.017,1.46197,1.46238,1.00,1.50
2015.06.04 22:29:15.526,1.46197,1.46238,1.12,1.50
2015.06.04 22:29:16.035,1.46197,1.46238,1.00,1.12
2015.06.04 22:29:16.358,1.462,1.46238,1.00,1.12
2015.06.04 22:29:17.135,1.462,1.46236,1.00,1.00
2015.06.04 22:29:17.290,1.46197,1.46236,1.37,1.00
2015.06.04 22:29:17.822,1.46199,1.46236,1.50,1.00
2015.06.04 22:29:21.045,1.46199,1.46238,1.50,1.00
2015.06.04 22:29:21.757,1.46199,1.46239,1.00,1.75
2015.06.04 22:29:22.131,1.46199,1.46232,1.00,1.00
2015.06.04 22:29:22.182,1.46194,1.46232,1.00,1.37
2015.06.04 22:29:22.420,1.46191,1.46234,2.62,1.50
2015.06.04 22:29:22.624,1.46195,1.46236,1.00,1.00
2015.06.04 22:29:22.726,1.46199,1.46236,1.00,1.00
2015.06.04 22:29:25.034,1.46199,1.46236,1.12,1.50
2015.06.04 22:29:25.701,1.46197,1.46236,1.37,1.37
2015.06.04 22:29:26.209,1.46199,1.46236,1.50,1.37
2015.06.04 22:29:26.260,1.46201,1.46236,1.12,1.37
2015.06.04 22:29:26.566,1.46201,1.46241,1.37,1.75
2015.06.04 22:29:27.779,1.46199,1.46241,2.25,1.75
2015.06.04 22:29:28.312,1.46199,1.46241,2.25,1.50
2015.06.04 22:29:28.837,1.46197,1.46239,1.75,2.25
2015.06.04 22:29:29.351,1.462,1.4624,1.37,1.12
2015.06.04 22:29:29.860,1.46199,1.4624,1.87,1.37
2015.06.04 22:29:30.165,1.46199,1.46242,2.25,1.75
2015.06.04 22:29:30.558,1.46199,1.46241,2.25,1.50
2015.06.04 22:29:31.066,1.46197,1.46238,1.75,1.37
2015.06.04 22:29:31.417,1.46197,1.46238,1.75,1.37
2015.06.04 22:29:32.153,1.462,1.46241,1.37,1.75
2015.06.04 22:29:32.409,1.462,1.46241,1.37,1.75
2015.06.04 22:29:33.426,1.462,1.46241,1.37,1.75
2015.06.04 22:29:34.857,1.46196,1.4624,1.87,2.25
2015.06.04 22:29:35.192,1.46196,1.4624,1.87,2.25
2015.06.04 22:29:35.243,1.462,1.4624,1.50,1.37
2015.06.04 22:29:35.548,1.46199,1.4624,2.25,2.25
2015.06.04 22:29:35.909,1.46199,1.4624,1.75,3.00
2015.06.04 22:29:36.594,1.46196,1.4624,1.87,3.00
2015.06.04 22:29:36.645,1.46196,1.4624,1.87,2.62
2015.06.04 22:29:37.167,1.46197,1.4624,1.37,2.25
2015.06.04 22:29:37.920,1.462,1.46242,1.37,2.25
2015.06.04 22:29:38.665,1.462,1.46243,1.37,2.25
2015.06.04 22:29:38.767,1.462,1.46242,1.37,1.75
2015.06.04 22:29:38.869,1.462,1.46242,1.37,1.75
2015.06.04 22:29:38.921,1.462,1.46242,1.37,1.75
2015.06.04 22:29:39.568,1.46198,1.46239,1.37,1.37
2015.06.04 22:29:39.925,1.46199,1.46243,1.37,2.25
2015.06.04 22:29:41.039,1.46197,1.4624,1.75,1.50
2015.06.04 22:29:41.242,1.462,1.4624,1.00,1.50
2015.06.04 22:29:41.751,1.46197,1.46241,1.37,1.75
2015.06.04 22:29:42.843,1.46197,1.46239,1.37,1.50
2015.06.04 22:29:42.895,1.46196,1.46235,1.37,1.75
2015.06.04 22:29:42.946,1.46192,1.46235,2.25,1.75
2015.06.04 22:29:42.998,1.46192,1.4623,1.37,1.87
2015.06.04 22:29:43.334,1.46184,1.46227,1.37,2.25
2015.06.04 22:29:43.589,1.46179,1.46221,1.37,1.00
2015.06.04 22:29:43.640,1.46178,1.46221,1.12,1.00
2015.06.04 22:29:43.794,1.46178,1.46217,1.12,1.00
2015.06.04 22:29:43.947,1.46175,1.46217,1.00,1.50
2015.06.04 22:29:43.999,1.46174,1.46214,1.00,1.00
2015.06.04 22:29:44.050,1.46171,1.46214,1.12,1.00
2015.06.04 22:29:44.324,1.46178,1.46214,1.00,1.00
2015.06.04 22:29:44.375,1.4618,1.46223,1.12,1.12
2015.06.04 22:29:44.883,1.4618,1.46223,1.00,2.25
2015.06.04 22:29:45.480,1.46183,1.46225,1.00,1.87
2015.06.04 22:29:45.904,1.46183,1.46225,1.50,1.12
2015.06.04 22:29:46.412,1.46183,1.46225,1.50,1.87
2015.06.04 22:29:47.420,1.46183,1.46225,1.87,1.87
2015.06.04 22:29:47.624,1.46183,1.46225,1.50,1.87
2015.06.04 22:29:47.827,1.46183,1.46225,1.50,1.87
2015.06.04 22:29:48.537,1.46183,1.46225,1.50,1.12
2015.06.04 22:29:49.060,1.46183,1.46225,1.50,1.12
2015.06.04 22:29:49.111,1.46183,1.46225,1.87,1.50
2015.06.04 22:29:49.214,1.46183,1.46225,1.50,1.87
2015.06.04 22:29:49.366,1.46179,1.46224,1.87,2.25
2015.06.04 22:29:49.569,1.46179,1.46224,1.87,2.25
2015.06.04 22:29:49.776,1.46183,1.46224,1.00,1.50
2015.06.04 22:29:51.155,1.46183,1.46224,1.00,1.75
2015.06.04 22:29:51.663,1.46183,1.46224,1.00,1.50
2015.06.04 22:29:57.279,1.46183,1.46222,1.12,1.37
2015.06.04 22:30:00.303,1.46182,1.46222,1.37,1.87
2015.06.04 22:30:00.659,1.46178,1.46222,1.50,1.37
2015.06.04 22:30:00.812,1.46178,1.46222,1.87,1.37
2015.06.04 22:30:01.117,1.46178,1.46217,1.37,1.00
2015.06.04 22:30:01.468,1.46178,1.46217,1.37,1.37
2015.06.04 22:30:01.979,1.46178,1.46217,1.00,1.37
2015.06.04 22:30:02.459,1.46178,1.46217,1.00,1.37
2015.06.04 22:30:03.146,1.46178,1.46217,1.00,1.37
2015.06.04 22:30:04.683,1.46178,1.4622,2.25,1.75
2015.06.04 22:30:05.364,1.46178,1.46222,2.25,2.25
2015.06.04 22:30:05.415,1.46182,1.46222,1.00,1.75
2015.06.04 22:30:05.466,1.46182,1.46222,1.00,1.37
2015.06.04 22:30:05.669,1.46182,1.46223,1.00,1.87
2015.06.04 22:30:06.177,1.46182,1.46224,1.00,2.25
2015.06.04 22:30:06.667,1.46182,1.46224,1.00,2.25
2015.06.04 22:30:07.320,1.46186,1.46224,1.00,1.50
2015.06.04 22:30:07.676,1.46186,1.46224,1.00,1.37
2015.06.04 22:30:07.980,1.46186,1.46224,1.00,1.50
2015.06.04 22:30:08.083,1.46186,1.46224,1.00,1.37
2015.06.04 22:30:08.296,1.46186,1.46223,1.00,1.12
2015.06.04 22:30:08.450,1.46184,1.46223,1.00,2.62
2015.06.04 22:30:08.502,1.4618,1.46223,1.00,2.62
2015.06.04 22:30:15.255,1.46184,1.46224,1.00,1.87
2015.06.04 22:30:15.510,1.46184,1.46222,1.00,1.50
2015.06.04 22:30:16.038,1.46184,1.46223,1.00,1.75
2015.06.04 22:30:16.245,1.46184,1.4622,1.00,1.00
2015.06.04 22:30:21.851,1.46183,1.4622,1.00,1.00
2015.06.04 22:30:22.377,1.4618,1.4622,2.25,1.00
2015.06.04 22:30:22.888,1.4618,1.46223,1.50,1.87
2015.06.04 22:30:23.395,1.4618,1.46223,2.62,1.37
2015.06.04 22:30:25.010,1.46183,1.46223,1.00,1.37
2015.06.04 22:30:25.112,1.4618,1.46223,1.87,1.37
2015.06.04 22:30:25.214,1.46183,1.46223,1.00,1.37
2015.06.04 22:30:25.367,1.46181,1.46223,1.12,1.37
2015.06.04 22:30:25.888,1.46182,1.46223,1.00,1.37
2015.06.04 22:30:26.411,1.46181,1.46223,1.00,1.37
2015.06.04 22:30:27.417,1.4618,1.46223,3.00,1.37
2015.06.04 22:30:28.136,1.46181,1.46223,1.12,1.12
2015.06.04 22:30:28.238,1.46181,1.46223,1.75,1.37
2015.06.04 22:30:29.390,1.46182,1.46223,1.00,1.37
2015.06.04 22:30:29.919,1.46182,1.46223,1.50,1.37
2015.06.04 22:30:30.224,1.46182,1.46221,2.25,1.37
2015.06.04 22:30:30.529,1.46182,1.46219,1.12,1.37
2015.06.04 22:30:30.799,1.46178,1.46216,1.00,1.00
2015.06.04 22:30:30.901,1.46175,1.46215,1.50,1.00
2015.06.04 22:30:31.054,1.46171,1.46214,1.00,2.25
2015.06.04 22:30:31.359,1.4617,1.46214,1.50,2.62
2015.06.04 22:30:31.667,1.46167,1.46211,1.00,4.12
2015.06.04 22:30:31.995,1.46164,1.46209,1.12,1.37
2015.06.04 22:30:32.149,1.46164,1.46206,1.00,1.50
2015.06.04 22:30:32.455,1.46161,1.46203,1.00,1.12
2015.06.04 22:30:32.557,1.46161,1.46199,1.00,1.00
2015.06.04 22:30:32.660,1.46156,1.46199,1.50,1.00
2015.06.04 22:30:32.763,1.46153,1.46198,1.87,1.50
2015.06.04 22:30:33.291,1.46153,1.46198,1.50,1.50
2015.06.04 22:30:33.444,1.46158,1.46198,1.00,1.00
2015.06.04 22:30:33.546,1.46158,1.46202,1.50,1.12
2015.06.04 22:30:33.753,1.46158,1.462,1.50,1.00
2015.06.04 22:30:34.064,1.46148,1.46192,1.50,1.50
2015.06.04 22:30:36.375,1.46154,1.46192,1.00,1.50
2015.06.04 22:30:36.580,1.46154,1.46195,1.37,1.37
2015.06.04 22:30:36.784,1.46154,1.46196,1.87,2.25
2015.06.04 22:30:36.886,1.46154,1.46196,1.37,1.87
2015.06.04 22:30:36.988,1.46154,1.46196,1.50,2.25
2015.06.04 22:30:37.141,1.46156,1.46196,1.37,1.12
2015.06.04 22:30:37.572,1.46157,1.46199,1.37,1.50
2015.06.04 22:30:37.674,1.46157,1.46199,1.00,1.50
2015.06.04 22:30:37.776,1.46157,1.46199,1.00,1.50
2015.06.04 22:30:38.081,1.46157,1.46199,1.00,1.50
2015.06.04 22:30:40.364,1.46153,1.46197,1.50,1.87
2015.06.04 22:30:41.208,1.46153,1.46197,1.87,1.87
2015.06.04 22:30:41.513,1.46157,1.46197,1.00,1.37
2015.06.04 22:30:42.914,1.46157,1.46196,1.00,1.37
2015.06.04 22:30:43.169,1.46153,1.46195,1.37,1.87
2015.06.04 22:30:43.272,1.46156,1.46196,1.50,1.37
2015.06.04 22:30:43.373,1.46152,1.46196,1.87,2.62
2015.06.04 22:30:43.577,1.46152,1.46196,1.87,2.62
2015.06.04 22:30:43.952,1.46154,1.46196,1.00,1.50
2015.06.04 22:30:44.501,1.46155,1.46196,1.00,1.00
2015.06.04 22:30:45.037,1.46155,1.46196,1.00,1.37
2015.06.04 22:30:45.574,1.46152,1.46195,1.50,1.37
2015.06.04 22:30:46.091,1.46152,1.46195,1.87,1.12
2015.06.04 22:30:49.715,1.46152,1.46194,1.87,1.00
2015.06.04 22:30:49.868,1.46152,1.46194,1.87,1.00
2015.06.04 22:30:50.910,1.46152,1.46195,1.87,1.12
2015.06.04 22:30:50.961,1.46152,1.46195,1.50,1.37
2015.06.04 22:30:51.063,1.46152,1.46192,1.00,1.12
2015.06.04 22:30:51.114,1.46147,1.46192,1.87,1.87
2015.06.04 22:30:51.216,1.46147,1.46192,1.50,1.87
2015.06.04 22:30:51.369,1.46147,1.46189,1.00,1.00
2015.06.04 22:30:51.996,1.46147,1.4619,1.00,1.00
2015.06.04 22:30:52.055,1.46145,1.46189,1.00,1.00
2015.06.04 22:30:52.260,1.46145,1.46186,1.00,1.00
2015.06.04 22:30:52.312,1.46143,1.46185,1.12,1.00
2015.06.04 22:30:52.465,1.46143,1.46185,1.12,1.37
2015.06.04 22:30:52.618,1.46137,1.46179,1.00,1.50
2015.06.04 22:30:52.721,1.46134,1.46179,2.62,2.25
2015.06.04 22:30:52.772,1.46134,1.46176,1.12,1.00
2015.06.04 22:30:53.186,1.4613,1.46173,1.37,1.50
2015.06.04 22:30:53.288,1.4613,1.46173,1.00,1.50
2015.06.04 22:30:53.796,1.46129,1.46173,1.50,1.50
2015.06.04 22:30:54.862,1.46129,1.46173,1.87,1.87
2015.06.04 22:30:56.165,1.46133,1.46176,1.12,1.50
2015.06.04 22:30:56.470,1.46133,1.46176,1.37,1.37
2015.06.04 22:30:57.246,1.46136,1.46177,1.00,1.87
2015.06.04 22:30:57.894,1.46137,1.46177,1.00,1.87
2015.06.04 22:30:58.200,1.46133,1.46177,1.00,2.25
2015.06.04 22:30:58.403,1.46136,1.46177,1.00,2.25
2015.06.04 22:30:58.657,1.46136,1.46177,1.00,1.00
2015.06.04 22:30:58.759,1.46134,1.46177,1.12,1.37
2015.06.04 22:30:58.863,1.46135,1.46177,1.37,1.00
2015.06.04 22:31:00.151,1.46136,1.4618,2.62,1.87
2015.06.04 22:31:01.882,1.46139,1.4618,1.37,1.00
2015.06.04 22:31:02.193,1.4614,1.46177,1.37,1.00
2015.06.04 22:31:02.501,1.46143,1.46177,1.00,1.00
2015.06.04 22:31:02.807,1.46145,1.46177,1.37,1.00
2015.06.04 22:31:03.314,1.46144,1.46177,1.75,1.00
2015.06.04 22:31:03.806,1.46143,1.46179,2.25,1.00
2015.06.04 22:31:04.596,1.46143,1.46177,2.25,1.00
2015.06.04 22:31:05.143,1.46144,1.46177,1.50,1.00
2015.06.04 22:31:05.296,1.46143,1.46177,1.37,1.00
2015.06.04 22:31:05.568,1.46143,1.46177,1.00,1.00
2015.06.04 22:31:06.032,1.46143,1.46179,1.00,1.12
2015.06.04 22:31:06.134,1.46143,1.46176,1.00,1.00
2015.06.04 22:31:08.523,1.46138,1.46176,1.37,1.00
2015.06.04 22:31:09.747,1.46138,1.46176,1.50,1.00
2015.06.04 22:31:11.675,1.46138,1.46176,1.37,1.50
2015.06.04 22:31:11.727,1.46138,1.46174,1.37,1.00
2015.06.04 22:31:11.779,1.46138,1.46174,1.00,1.37
2015.06.04 22:31:11.831,1.46133,1.46174,1.75,1.37
2015.06.04 22:31:12.338,1.46133,1.46173,1.50,1.37
2015.06.04 22:31:14.372,1.46133,1.46172,1.37,2.25
2015.06.04 22:31:15.543,1.46133,1.46172,1.12,2.25
2015.06.04 22:31:18.034,1.46131,1.46172,1.50,2.62
2015.06.04 22:31:18.873,1.46131,1.46172,1.37,3.00
2015.06.04 22:31:19.393,1.4613,1.4617,1.37,1.00
2015.06.04 22:31:21.100,1.4613,1.46172,1.87,1.50
2015.06.04 22:31:21.269,1.4613,1.46172,1.87,2.25
2015.06.04 22:31:21.320,1.46133,1.46171,1.00,1.87
2015.06.04 22:31:21.636,1.46128,1.46171,1.00,2.78
2015.06.04 22:31:21.789,1.46128,1.46171,1.00,2.62
2015.06.04 22:31:21.840,1.46127,1.46168,1.87,1.00
2015.06.04 22:31:22.094,1.46128,1.46171,1.00,2.62
2015.06.04 22:31:22.145,1.46132,1.46171,1.00,1.87
2015.06.04 22:31:22.449,1.46132,1.46169,1.00,1.00
2015.06.04 22:31:22.958,1.46127,1.46169,1.87,1.00
2015.06.04 22:31:23.377,1.46127,1.46171,1.87,2.25
2015.06.04 22:31:23.428,1.46127,1.46167,1.50,1.00
2015.06.04 22:31:23.733,1.46127,1.46167,1.87,1.00
2015.06.04 22:31:24.038,1.4613,1.4617,1.00,1.00
2015.06.04 22:31:24.089,1.46132,1.4617,1.00,1.00
2015.06.04 22:31:26.455,1.46132,1.46168,1.00,1.00
2015.06.04 22:31:29.944,1.46132,1.46167,1.12,1.00
2015.06.04 22:31:30.877,1.46132,1.46166,1.00,1.00
2015.06.04 22:31:31.387,1.46131,1.46166,1.00,1.00
2015.06.04 22:31:31.897,1.46131,1.46166,1.00,1.37
2015.06.04 22:31:32.100,1.46128,1.46166,1.00,1.37
2015.06.04 22:31:36.285,1.46128,1.46164,1.00,1.00
2015.06.04 22:31:36.802,1.46128,1.46165,1.00,1.12
2015.06.04 22:31:41.114,1.46128,1.46164,1.00,1.00
2015.06.04 22:31:45.995,1.46128,1.46163,1.00,1.00
2015.06.04 22:31:46.300,1.46127,1.46161,1.00,1.00
2015.06.04 22:31:46.351,1.46121,1.46161,2.25,1.00
2015.06.04 22:31:46.403,1.46126,1.46163,1.00,1.50
2015.06.04 22:31:47.016,1.46126,1.46159,1.00,1.00
2015.06.04 22:31:47.067,1.46121,1.46159,1.12,1.00
2015.06.04 22:31:47.274,1.46119,1.4615,1.00,1.00
2015.06.04 22:31:47.326,1.46114,1.46153,1.00,1.37
2015.06.04 22:31:47.377,1.46109,1.46153,1.37,1.37
2015.06.04 22:31:47.428,1.46109,1.46153,1.37,1.37
2015.06.04 22:31:47.936,1.46109,1.46152,1.37,1.75
2015.06.04 22:31:48.090,1.46108,1.46151,1.00,1.75
2015.06.04 22:31:48.193,1.46106,1.4615,1.50,1.75
2015.06.04 22:31:48.732,1.46105,1.46145,1.00,1.37
2015.06.04 22:31:49.088,1.46105,1.46145,1.00,1.75
2015.06.04 22:31:49.191,1.46102,1.46144,1.00,1.12
2015.06.04 22:31:49.242,1.46104,1.46144,1.00,1.12
2015.06.04 22:31:49.615,1.46103,1.46144,1.00,1.62
2015.06.04 22:31:49.667,1.46094,1.46138,1.87,1.87
2015.06.04 22:31:49.974,1.46094,1.46138,2.62,1.50
2015.06.04 22:31:50.026,1.46103,1.46138,1.00,1.00
2015.06.04 22:31:50.078,1.46103,1.46146,1.50,1.94
2015.06.04 22:31:50.180,1.46103,1.46147,1.50,2.44
2015.06.04 22:31:50.384,1.461,1.46142,1.00,1.37
2015.06.04 22:31:50.588,1.46097,1.46139,1.00,1.37
2015.06.04 22:31:50.814,1.46099,1.46141,1.00,1.37
2015.06.04 22:31:51.122,1.46099,1.46143,1.00,1.37
2015.06.04 22:31:51.479,1.46103,1.46143,1.00,1.37
2015.06.04 22:31:51.997,1.46104,1.46144,1.00,2.62
2015.06.04 22:31:52.607,1.46103,1.46142,1.12,1.12
2015.06.04 22:31:53.849,1.46099,1.4613,1.00,1.50
2015.06.04 22:31:53.900,1.46096,1.4613,1.00,1.50
2015.06.04 22:31:53.952,1.46096,1.46129,1.00,1.50
2015.06.04 22:31:54.003,1.46093,1.46129,1.12,1.50
2015.06.04 22:31:54.054,1.46093,1.46126,1.00,1.75
2015.06.04 22:31:54.105,1.46089,1.46126,1.12,1.75
2015.06.04 22:31:54.156,1.46089,1.46127,1.12,1.75
2015.06.04 22:31:54.360,1.46088,1.4613,1.37,1.87
2015.06.04 22:31:54.769,1.46088,1.4613,1.37,1.50
2015.06.04 22:31:55.248,1.46088,1.4613,1.12,1.75
2015.06.04 22:31:55.555,1.46092,1.46131,1.50,1.75
2015.06.04 22:31:55.657,1.46092,1.46131,1.37,1.87
2015.06.04 22:31:55.760,1.46092,1.46134,1.00,3.00
2015.06.04 22:31:55.811,1.46092,1.46134,1.00,1.37
2015.06.04 22:31:55.862,1.46095,1.46137,1.00,1.75
2015.06.04 22:31:56.269,1.46095,1.46139,1.00,2.62
2015.06.04 22:31:56.371,1.46095,1.46139,1.00,3.00
2015.06.04 22:31:56.676,1.46082,1.46122,1.12,1.37
2015.06.04 22:31:57.399,1.46082,1.46119,1.37,1.75
2015.06.04 22:31:58.758,1.46082,1.46119,1.37,1.75
2015.06.04 22:32:00.278,1.46083,1.4612,1.50,1.12
2015.06.04 22:32:00.659,1.46086,1.46126,2.25,1.50
2015.06.04 22:32:00.761,1.46087,1.46127,1.75,1.87
2015.06.04 22:32:01.269,1.46088,1.4613,1.37,1.75
2015.06.04 22:32:01.476,1.46088,1.4613,1.87,1.12
2015.06.04 22:32:01.730,1.46091,1.46132,1.50,1.37
2015.06.04 22:32:02.207,1.46091,1.46127,1.00,1.50
2015.06.04 22:32:02.362,1.46085,1.46124,1.00,1.00
2015.06.04 22:32:02.413,1.46084,1.46127,1.00,1.00
2015.06.04 22:32:02.771,1.46082,1.46123,1.37,1.00
2015.06.04 22:32:02.822,1.46082,1.46123,1.00,1.00
2015.06.04 22:32:02.874,1.46085,1.46126,1.00,1.00
2015.06.04 22:32:03.095,1.4608,1.46123,2.25,1.00
2015.06.04 22:32:03.604,1.4608,1.46112,1.50,1.50
2015.06.04 22:32:03.708,1.46071,1.46106,1.00,1.00
2015.06.04 22:32:03.759,1.46065,1.46106,1.00,1.00
2015.06.04 22:32:04.301,1.46064,1.46106,2.25,1.00
2015.06.04 22:32:04.659,1.46064,1.46105,1.87,1.37
2015.06.04 22:32:05.178,1.46065,1.46106,1.37,1.87
2015.06.04 22:32:05.640,1.46066,1.46107,1.37,1.37
2015.06.04 22:32:05.743,1.46066,1.46106,1.37,1.87
2015.06.04 22:32:06.155,1.46066,1.46106,1.37,2.25
2015.06.04 22:32:06.257,1.46066,1.46105,1.37,1.37
2015.06.04 22:32:06.359,1.46066,1.46103,1.37,1.37
2015.06.04 22:32:06.968,1.46066,1.46104,1.12,1.37
2015.06.04 22:32:07.277,1.46066,1.46094,1.37,1.00
2015.06.04 22:32:07.329,1.46066,1.46103,1.37,1.12
2015.06.04 22:32:07.685,1.46066,1.46105,1.37,1.00
2015.06.04 22:32:08.093,1.4607,1.46109,1.00,1.00
2015.06.04 22:32:08.348,1.4607,1.46108,1.87,1.75
2015.06.04 22:32:08.764,1.46081,1.46112,1.00,1.37
2015.06.04 22:32:08.922,1.46077,1.46117,1.50,1.87
2015.06.04 22:32:09.176,1.46075,1.46114,1.00,1.75
2015.06.04 22:32:09.588,1.46079,1.46115,1.00,1.87
2015.06.04 22:32:11.099,1.46079,1.46114,1.00,1.87
2015.06.04 22:32:11.410,1.46079,1.46106,1.00,1.00
2015.06.04 22:32:11.715,1.46081,1.4611,1.00,1.12
2015.06.04 22:32:12.346,1.46081,1.46106,1.00,1.00
2015.06.04 22:32:12.731,1.46081,1.46109,1.00,1.12
2015.06.04 22:32:12.988,1.46079,1.4611,1.00,1.12
2015.06.04 22:32:13.857,1.46079,1.46107,1.00,1.12
2015.06.04 22:32:14.147,1.4607,1.46103,1.00,1.00
2015.06.04 22:32:14.200,1.46069,1.461,1.00,1.87
2015.06.04 22:32:14.251,1.46057,1.46098,1.00,1.37
2015.06.04 22:32:14.354,1.46069,1.46099,1.00,1.12
2015.06.04 22:32:14.405,1.46069,1.461,1.00,1.37
2015.06.04 22:32:14.558,1.4606,1.46098,1.00,1.50
2015.06.04 22:32:15.131,1.46062,1.46098,1.00,1.37
2015.06.04 22:32:15.506,1.46062,1.461,1.00,1.87
2015.06.04 22:32:15.760,1.46059,1.461,1.00,1.87
2015.06.04 22:32:16.116,1.46059,1.46095,1.50,1.12
2015.06.04 22:32:16.410,1.46059,1.46094,1.00,1.37
2015.06.04 22:32:16.461,1.46056,1.46075,1.00,1.00
2015.06.04 22:32:16.563,1.46053,1.46089,1.50,1.75
2015.06.04 22:32:16.614,1.46053,1.46089,1.50,1.75
2015.06.04 22:32:16.970,1.46058,1.46091,1.00,1.12
2015.06.04 22:32:17.025,1.46058,1.46093,1.00,2.25
2015.06.04 22:32:17.611,1.46058,1.46089,1.12,1.00
2015.06.04 22:32:18.123,1.46058,1.46089,1.37,1.00
2015.06.04 22:32:18.493,1.46058,1.46089,1.00,1.50
2015.06.04 22:32:18.596,1.46058,1.46088,1.00,1.37
2015.06.04 22:32:18.698,1.46058,1.46089,1.00,1.37
2015.06.04 22:32:18.921,1.46053,1.46083,1.00,1.00
2015.06.04 22:32:18.972,1.46044,1.46083,1.87,1.00
2015.06.04 22:32:19.176,1.46046,1.46083,1.00,1.00
2015.06.04 22:32:19.480,1.46053,1.46093,1.50,1.37
2015.06.04 22:32:19.633,1.46056,1.46092,1.00,1.00
2015.06.04 22:32:19.857,1.46056,1.46096,1.50,1.00
2015.06.04 22:32:19.908,1.46056,1.46098,1.50,1.50
2015.06.04 22:32:20.060,1.46059,1.46098,1.00,1.00
2015.06.04 22:32:20.366,1.46062,1.46101,1.00,1.50
2015.06.04 22:32:20.672,1.46068,1.46106,1.00,1.75
2015.06.04 22:32:21.307,1.46068,1.46108,1.37,1.12
2015.06.04 22:32:21.546,1.46068,1.46106,1.00,1.75
2015.06.04 22:32:23.687,1.46068,1.46087,1.00,1.00
2015.06.04 22:32:23.965,1.46068,1.46089,1.00,1.00
2015.06.04 22:32:24.151,1.46068,1.46101,1.00,1.37
2015.06.04 22:32:25.154,1.46068,1.46099,1.00,1.37
2015.06.04 22:32:25.256,1.4607,1.46097,1.00,1.00
2015.06.04 22:32:25.764,1.46071,1.46097,1.00,1.00
2015.06.04 22:32:33.675,1.46071,1.461,1.00,1.37
2015.06.04 22:32:38.878,1.46071,1.46095,1.00,1.00
2015.06.04 22:32:40.441,1.4607,1.46095,1.00,1.00
2015.06.04 22:32:40.873,1.4607,1.46098,1.00,1.12
2015.06.04 22:32:40.924,1.46061,1.46098,1.12,1.12
2015.06.04 22:32:41.026,1.46061,1.46097,1.00,1.75
2015.06.04 22:32:41.179,1.46059,1.46097,1.37,1.37
2015.06.04 22:32:41.682,1.46059,1.46098,1.37,1.37
2015.06.04 22:32:41.733,1.46062,1.46098,1.00,1.37
2015.06.04 22:32:42.398,1.46062,1.46099,1.00,1.75
2015.06.04 22:32:42.948,1.46063,1.46098,1.00,1.50
2015.06.04 22:32:42.999,1.46063,1.46098,1.00,1.37
2015.06.04 22:32:43.203,1.46062,1.46095,1.00,1.87
2015.06.04 22:32:43.355,1.46058,1.46091,1.00,1.00
2015.06.04 22:32:43.407,1.46053,1.46094,1.00,1.37
2015.06.04 22:32:43.458,1.46054,1.46089,1.00,1.00
2015.06.04 22:32:43.612,1.46045,1.46087,1.37,1.50
2015.06.04 22:32:43.663,1.46045,1.46082,1.00,1.00
2015.06.04 22:32:44.043,1.46031,1.46061,1.00,1.00
2015.06.04 22:32:44.149,1.46024,1.46066,1.00,1.00
2015.06.04 22:32:44.200,1.46024,1.46064,1.00,1.00
2015.06.04 22:32:44.505,1.46019,1.46059,1.00,1.00
2015.06.04 22:32:44.557,1.46017,1.46059,1.50,1.00
2015.06.04 22:32:45.484,1.46022,1.46059,1.00,1.00
2015.06.04 22:32:45.535,1.46022,1.46066,1.50,2.62
2015.06.04 22:32:45.587,1.46026,1.46066,1.00,1.87
2015.06.04 22:32:47.173,1.46023,1.46067,1.87,1.37
2015.06.04 22:32:47.923,1.46024,1.46067,1.00,1.37
2015.06.04 22:32:48.126,1.46023,1.4606,1.87,1.00
2015.06.04 22:32:48.459,1.46025,1.4606,1.00,1.00
2015.06.04 22:32:48.510,1.46025,1.46066,1.00,1.37
2015.06.04 22:32:48.613,1.46026,1.46065,1.37,1.12
2015.06.04 22:32:48.918,1.46026,1.46066,1.37,1.37
2015.06.04 22:32:49.173,1.46026,1.46065,1.00,1.37
2015.06.04 22:32:49.477,1.46026,1.46066,1.00,1.50
2015.06.04 22:32:50.005,1.46026,1.46065,1.00,1.50
2015.06.04 22:32:50.162,1.46026,1.46066,1.00,1.37
2015.06.04 22:32:53.077,1.46026,1.46066,1.00,1.75
2015.06.04 22:32:53.382,1.46024,1.46065,1.12,1.75
2015.06.04 22:32:55.285,1.46024,1.46059,1.00,2.25
2015.06.04 22:32:55.389,1.46022,1.46059,1.00,2.25
2015.06.04 22:32:55.440,1.46019,1.46054,1.00,1.75
2015.06.04 22:32:55.492,1.46017,1.46054,1.00,1.75
2015.06.04 22:32:55.693,1.46015,1.46056,1.50,1.12
2015.06.04 22:32:55.745,1.46015,1.46057,1.87,1.12
2015.06.04 22:32:55.797,1.46015,1.46056,1.00,1.12
2015.06.04 22:32:55.899,1.46013,1.46055,1.00,1.75
2015.06.04 22:32:56.678,1.46014,1.46056,1.87,1.12
2015.06.04 22:32:56.780,1.46017,1.46056,1.00,1.37
2015.06.04 22:32:58.077,1.46018,1.46058,1.00,1.75
2015.06.04 22:32:58.382,1.4602,1.46059,1.00,1.75
2015.06.04 22:32:59.079,1.46019,1.46061,1.00,1.75
2015.06.04 22:32:59.585,1.46018,1.4606,1.50,1.75
2015.06.04 22:33:00.011,1.46027,1.46066,1.00,1.12
2015.06.04 22:33:00.317,1.46028,1.46069,1.37,3.00
2015.06.04 22:33:00.368,1.46028,1.46069,1.37,3.00
2015.06.04 22:33:00.876,1.46029,1.46069,1.37,1.37
2015.06.04 22:33:00.977,1.46032,1.46069,1.00,1.75
2015.06.04 22:33:01.079,1.46032,1.46074,1.37,1.75
2015.06.04 22:33:01.691,1.46033,1.46074,1.37,1.75
2015.06.04 22:33:02.199,1.46033,1.46074,1.12,2.25
2015.06.04 22:33:02.403,1.46033,1.46074,1.00,2.25
2015.06.04 22:33:02.933,1.46032,1.46073,1.50,1.75
2015.06.04 22:33:03.491,1.46032,1.46074,1.00,2.25
2015.06.04 22:33:03.796,1.46029,1.4607,2.25,2.25
2015.06.04 22:33:04.367,1.4603,1.46069,1.12,2.25
2015.06.04 22:33:06.366,1.46032,1.46069,1.00,1.75
2015.06.04 22:33:07.589,1.4603,1.46068,1.00,1.75
2015.06.04 22:33:07.978,1.46025,1.46063,1.50,1.75
2015.06.04 22:33:08.387,1.46024,1.46059,1.00,1.75
2015.06.04 22:33:08.896,1.46023,1.46057,1.00,1.50
2015.06.04 22:33:09.200,1.46023,1.46057,1.00,1.75
2015.06.04 22:33:09.591,1.46023,1.46054,1.00,1.75
2015.06.04 22:33:10.098,1.46022,1.46054,1.00,1.75
2015.06.04 22:33:10.200,1.46022,1.46054,1.00,1.75
2015.06.04 22:33:10.403,1.46022,1.46057,1.00,2.25
2015.06.04 22:33:10.505,1.46022,1.46055,1.00,1.50
2015.06.04 22:33:10.810,1.46019,1.46053,1.00,2.62
2015.06.04 22:33:11.126,1.46019,1.46049,1.00,1.12
2015.06.04 22:33:12.157,1.46019,1.4605,1.00,1.12
2015.06.04 22:33:13.925,1.46019,1.46051,1.00,1.12
2015.06.04 22:33:14.180,1.46014,1.46049,1.00,1.37
2015.06.04 22:33:14.332,1.46014,1.46054,1.00,1.37
2015.06.04 22:33:14.540,1.46016,1.46054,1.00,1.37
2015.06.04 22:33:14.592,1.46014,1.46055,1.00,1.50
2015.06.04 22:33:14.643,1.46014,1.46055,1.00,1.37
2015.06.04 22:33:14.695,1.46016,1.46055,1.00,1.37
2015.06.04 22:33:15.176,1.46013,1.46057,1.00,1.87
2015.06.04 22:33:15.278,1.46013,1.46057,1.50,1.87
2015.06.04 22:33:15.590,1.46028,1.46057,1.00,1.87
2015.06.04 22:33:19.535,1.46026,1.46057,1.00,1.37
2015.06.04 22:33:20.350,1.46028,1.46057,1.00,1.37
2015.06.04 22:33:20.503,1.46028,1.46061,1.00,2.62
2015.06.04 22:33:20.554,1.46026,1.46061,1.00,2.62
2015.06.04 22:33:21.693,1.46026,1.46061,1.00,2.25
2015.06.04 22:33:24.351,1.46036,1.4606,1.37,1.00
2015.06.04 22:33:24.645,1.4604,1.4607,1.00,1.50
2015.06.04 22:33:24.799,1.46034,1.46072,1.37,1.12
2015.06.04 22:33:25.004,1.4603,1.4607,1.00,1.37
2015.06.04 22:33:25.105,1.46027,1.46067,1.00,1.12
2015.06.04 22:33:25.157,1.46025,1.46067,1.00,1.87
2015.06.04 22:33:25.208,1.46025,1.46067,1.00,1.87
2015.06.04 22:33:25.310,1.46021,1.46063,1.00,1.00
2015.06.04 22:33:25.529,1.46021,1.4606,1.00,1.00
2015.06.04 22:33:25.634,1.46019,1.4606,1.00,1.50
2015.06.04 22:33:25.736,1.46016,1.4606,1.87,1.50
2015.06.04 22:33:26.502,1.46016,1.4606,1.50,1.87
2015.06.04 22:33:27.010,1.46016,1.4606,1.50,1.50
2015.06.04 22:33:27.803,1.46016,1.4606,1.50,1.87
2015.06.04 22:33:29.311,1.46016,1.4606,1.50,1.50
2015.06.04 22:33:32.270,1.46017,1.4606,1.00,1.87
2015.06.04 22:33:33.049,1.46019,1.4606,1.00,1.00
2015.06.04 22:33:33.202,1.4602,1.46062,1.00,1.00
2015.06.04 22:33:33.356,1.46022,1.46062,1.00,1.00
2015.06.04 22:33:33.614,1.46023,1.46065,1.00,1.00
2015.06.04 22:33:33.665,1.46026,1.46065,1.00,1.00
2015.06.04 22:33:33.716,1.46026,1.46068,1.50,1.00
2015.06.04 22:33:33.970,1.46026,1.4607,1.50,1.50
2015.06.04 22:33:34.181,1.46032,1.4607,1.00,1.00
2015.06.04 22:33:34.232,1.46033,1.46073,1.00,1.50
2015.06.04 22:33:34.334,1.46028,1.4607,1.00,1.00
2015.06.04 22:33:34.640,1.46025,1.46067,1.87,1.00
2015.06.04 22:33:35.435,1.46027,1.46067,1.00,1.00
2015.06.04 22:33:35.503,1.46028,1.4607,1.00,1.00
2015.06.04 22:33:36.652,1.46028,1.46069,1.00,1.00
2015.06.04 22:33:36.755,1.46025,1.46061,1.00,1.12
2015.06.04 22:33:36.858,1.46019,1.46061,1.12,1.87
2015.06.04 22:33:37.364,1.46019,1.46061,1.00,1.87
2015.06.04 22:33:38.082,1.46018,1.4606,1.00,1.00
2015.06.04 22:33:41.158,1.4602,1.4606,1.00,1.00
2015.06.04 22:33:41.423,1.46017,1.46061,1.00,1.00
2015.06.04 22:33:43.864,1.46021,1.46061,1.00,1.00
2015.06.04 22:33:44.017,1.46022,1.46063,1.00,1.50
2015.06.04 22:33:44.068,1.4602,1.46062,1.00,1.00
2015.06.04 22:33:44.272,1.4602,1.4606,1.00,1.00
2015.06.04 22:33:44.323,1.46016,1.4606,2.25,1.50
2015.06.04 22:33:45.152,1.46021,1.46061,1.00,1.00
2015.06.04 22:33:45.254,1.46016,1.4606,1.50,1.00
2015.06.04 22:33:48.166,1.46019,1.46063,1.00,2.25
2015.06.04 22:33:49.579,1.46019,1.46062,1.00,1.12
2015.06.04 22:33:50.204,1.46019,1.46063,1.00,1.50
2015.06.04 22:33:51.066,1.4602,1.46063,1.00,1.50
2015.06.04 22:33:54.172,1.4602,1.46063,1.00,1.37
2015.06.04 22:33:54.982,1.4602,1.4606,1.00,1.00
2015.06.04 22:33:55.185,1.46019,1.46063,1.50,1.87
2015.06.04 22:33:55.489,1.46022,1.4606,1.00,1.00
2015.06.04 22:33:55.591,1.46023,1.46063,1.00,1.00
2015.06.04 22:33:55.693,1.4602,1.46063,1.37,1.00
2015.06.04 22:33:55.982,1.46022,1.46063,1.75,1.00
2015.06.04 22:33:56.084,1.46024,1.46066,1.75,1.00
2015.06.04 22:33:56.187,1.46028,1.4607,1.00,1.50
2015.06.04 22:33:56.595,1.46031,1.46073,1.00,1.50
2015.06.04 22:33:56.900,1.46029,1.46071,1.00,1.00
2015.06.04 22:33:57.559,1.46029,1.4607,1.00,1.00
2015.06.04 22:33:58.070,1.46029,1.46071,1.00,1.00
2015.06.04 22:33:59.468,1.46029,1.4607,1.00,1.00
2015.06.04 22:33:59.976,1.46029,1.46069,1.00,1.00
2015.06.04 22:34:00.500,1.46029,1.4607,1.00,1.00
2015.06.04 22:34:00.829,1.46019,1.46058,1.00,1.00
2015.06.04 22:34:01.033,1.46016,1.46058,2.25,1.00
2015.06.04 22:34:01.084,1.46018,1.46062,1.50,1.87
2015.06.04 22:34:01.490,1.46019,1.46062,1.00,1.87
2015.06.04 22:34:02.150,1.46019,1.46061,1.00,1.37
2015.06.04 22:34:02.461,1.46018,1.46058,1.50,1.00
2015.06.04 22:34:02.770,1.46015,1.46056,1.87,1.37
2015.06.04 22:34:03.075,1.46014,1.46057,1.87,1.37
2015.06.04 22:34:03.340,1.46015,1.46056,1.00,1.37
2015.06.04 22:34:03.797,1.46014,1.46058,1.75,1.87
2015.06.04 22:34:04.192,1.46014,1.46058,1.37,1.87
2015.06.04 22:34:04.294,1.46014,1.46058,1.37,1.87
2015.06.04 22:34:04.498,1.46015,1.46057,1.00,1.37
2015.06.04 22:34:06.528,1.46015,1.46057,1.37,1.87
2015.06.04 22:34:06.832,1.46015,1.46057,1.87,1.37
2015.06.04 22:34:07.658,1.46013,1.46053,1.12,1.37
2015.06.04 22:34:07.962,1.46011,1.4605,3.37,1.37
2015.06.04 22:34:08.742,1.46011,1.46051,3.37,1.37
2015.06.04 22:34:09.358,1.46011,1.46054,3.75,1.50
2015.06.04 22:34:09.511,1.46013,1.46055,1.37,2.25
2015.06.04 22:34:09.817,1.46013,1.46055,1.37,1.87
2015.06.04 22:34:10.323,1.46013,1.46054,1.12,1.50
2015.06.04 22:34:10.778,1.46013,1.46054,1.12,1.37
2015.06.04 22:34:11.091,1.46013,1.46055,1.37,1.37
2015.06.04 22:34:11.397,1.46014,1.46052,1.00,1.00
2015.06.04 22:34:11.550,1.46012,1.46051,1.00,1.37
2015.06.04 22:34:11.602,1.4601,1.46054,2.25,3.37
2015.06.04 22:34:11.653,1.4601,1.46054,2.25,3.00
2015.06.04 22:34:11.806,1.46014,1.46054,1.00,1.50
2015.06.04 22:34:11.908,1.46015,1.46057,1.00,1.37
2015.06.04 22:34:12.279,1.46015,1.46054,1.00,1.00
2015.06.04 22:34:12.889,1.46015,1.46054,1.00,1.50
2015.06.04 22:34:13.506,1.46014,1.46054,1.12,1.50
2015.06.04 22:34:14.834,1.46014,1.46053,1.00,1.75
2015.06.04 22:34:15.089,1.46012,1.46053,1.00,1.50
2015.06.04 22:34:15.766,1.46014,1.46053,1.00,1.37
2015.06.04 22:34:16.092,1.46013,1.4605,1.00,1.00
2015.06.04 22:34:16.144,1.46019,1.46053,1.00,1.00
2015.06.04 22:34:16.246,1.46019,1.46059,1.00,1.50
2015.06.04 22:34:16.399,1.46023,1.46059,1.00,1.00
2015.06.04 22:34:16.857,1.46034,1.46059,1.00,1.00
2015.06.04 22:34:19.820,1.46027,1.46065,1.00,1.87
2015.06.04 22:34:19.922,1.46027,1.46064,1.00,1.75
2015.06.04 22:34:20.429,1.46027,1.46059,1.00,1.50
2015.06.04 22:34:21.579,1.46025,1.46059,1.00,1.37
2015.06.04 22:34:21.735,1.46025,1.46047,1.00,1.00
2015.06.04 22:34:21.940,1.46016,1.46053,1.12,1.50
2015.06.04 22:34:21.992,1.46016,1.46053,1.12,1.75
2015.06.04 22:34:22.317,1.46019,1.46054,1.00,1.37
2015.06.04 22:34:23.032,1.46022,1.46057,1.00,1.37
2015.06.04 22:34:23.134,1.46016,1.46057,1.00,1.87
2015.06.04 22:34:26.709,1.46021,1.4606,1.00,1.37
2015.06.04 22:34:26.761,1.46021,1.46061,1.00,1.00
2015.06.04 22:34:26.812,1.46024,1.46061,1.00,1.00
2015.06.04 22:34:26.965,1.46024,1.46065,1.00,1.12
2015.06.04 22:34:27.117,1.46024,1.46067,1.00,1.00
2015.06.04 22:34:27.945,1.46024,1.46067,1.00,1.37
2015.06.04 22:34:28.164,1.46022,1.46063,1.37,1.00
2015.06.04 22:34:28.469,1.46023,1.46061,1.00,1.00
2015.06.04 22:34:28.774,1.46024,1.46065,1.50,1.37
2015.06.04 22:34:28.977,1.46024,1.46065,1.87,1.50
2015.06.04 22:34:30.156,1.46024,1.46065,1.50,1.50
2015.06.04 22:34:30.359,1.46024,1.46065,1.50,1.50
2015.06.04 22:34:30.646,1.46024,1.46065,1.50,1.50
2015.06.04 22:34:31.075,1.46024,1.46061,1.50,1.50
2015.06.04 22:34:31.340,1.46024,1.46063,1.00,1.37
2015.06.04 22:34:31.849,1.46025,1.46064,1.00,1.87
2015.06.04 22:34:32.567,1.46025,1.46064,1.00,2.25
2015.06.04 22:34:33.138,1.46022,1.46064,1.00,2.25
2015.06.04 22:34:35.064,1.46022,1.46059,1.00,1.50
2015.06.04 22:34:35.369,1.46024,1.46059,1.00,2.62
2015.06.04 22:34:35.674,1.46024,1.46057,1.00,1.50
2015.06.04 22:34:36.314,1.46021,1.46057,1.00,1.50
2015.06.04 22:34:36.840,1.4602,1.4606,1.12,1.12
2015.06.04 22:34:36.891,1.46024,1.4606,1.00,1.12
2015.06.04 22:34:37.401,1.46023,1.46062,1.00,1.37
2015.06.04 22:34:39.350,1.46023,1.46062,1.00,1.00
2015.06.04 22:34:39.401,1.46021,1.4606,1.00,1.00
2015.06.04 22:34:40.168,1.46022,1.46063,1.00,2.62
2015.06.04 22:34:41.485,1.46022,1.4606,1.00,1.00
2015.06.04 22:34:42.019,1.46023,1.4606,1.00,1.00
2015.06.04 22:34:42.374,1.46021,1.4606,1.00,1.00
2015.06.04 22:34:42.886,1.46022,1.4606,1.00,1.00
2015.06.04 22:34:43.038,1.46026,1.4606,1.00,1.00
2015.06.04 22:34:43.140,1.46024,1.4606,1.00,1.00
2015.06.04 22:34:44.343,1.4602,1.4606,1.87,1.00
2015.06.04 22:34:44.890,1.46024,1.4606,1.00,1.00
2015.06.04 22:34:46.091,1.4602,1.4606,1.12,1.00
2015.06.04 22:34:46.713,1.4602,1.46059,1.00,1.00
2015.06.04 22:34:47.225,1.46019,1.46058,1.00,1.00
2015.06.04 22:34:49.289,1.4602,1.46058,1.00,1.00
2015.06.04 22:34:52.579,1.4602,1.46058,1.00,1.37
2015.06.04 22:34:52.630,1.46016,1.46057,1.50,1.37
2015.06.04 22:34:52.884,1.46016,1.46056,1.00,1.00
2015.06.04 22:34:55.789,1.46016,1.46057,1.50,1.87
2015.06.04 22:34:56.859,1.46018,1.46057,1.12,1.87
2015.06.04 22:34:57.368,1.46019,1.46057,1.00,1.87
2015.06.04 22:34:57.955,1.46016,1.46057,1.00,3.37
2015.06.04 22:35:01.387,1.46016,1.46057,1.37,3.37
2015.06.04 22:35:01.591,1.46016,1.46057,1.37,2.62
2015.06.04 22:35:02.285,1.46016,1.46057,1.12,2.25
2015.06.04 22:35:02.691,1.46016,1.46057,1.00,3.37
2015.06.04 22:35:03.048,1.46016,1.46057,1.12,2.25
2015.06.04 22:35:04.100,1.46018,1.46057,1.12,1.50
2015.06.04 22:35:11.775,1.46017,1.46053,1.00,1.00
2015.06.04 22:35:12.082,1.46017,1.4605,1.00,1.00
2015.06.04 22:35:12.365,1.46016,1.46052,1.00,1.50
2015.06.04 22:35:12.417,1.46016,1.46055,1.00,1.87
2015.06.04 22:35:12.664,1.46018,1.46055,1.00,1.87
2015.06.04 22:35:12.971,1.46018,1.4605,1.00,1.00
2015.06.04 22:35:16.175,1.46018,1.46048,1.00,1.00
2015.06.04 22:35:16.277,1.46018,1.4605,1.00,1.00
2015.06.04 22:35:17.930,1.46021,1.4605,1.00,1.00
2015.06.04 22:35:18.332,1.46018,1.46051,1.12,1.00
2015.06.04 22:35:18.434,1.46018,1.46057,1.12,1.37
2015.06.04 22:35:18.536,1.46018,1.46057,1.37,1.37
2015.06.04 22:35:18.842,1.4602,1.46053,1.00,2.62
2015.06.04 22:35:19.366,1.46019,1.46051,1.00,1.12
2015.06.04 22:35:21.875,1.46018,1.46052,1.37,1.00
2015.06.04 22:35:22.455,1.46018,1.46057,1.37,1.50
2015.06.04 22:35:24.570,1.46018,1.46057,1.37,1.75
2015.06.04 22:35:25.687,1.46016,1.46057,1.75,1.37
2015.06.04 22:35:25.789,1.46019,1.46059,1.37,1.00
2015.06.04 22:35:25.891,1.46019,1.46059,2.25,1.00
2015.06.04 22:35:26.258,1.4602,1.46059,1.37,1.00
2015.06.04 22:35:26.461,1.4602,1.46059,1.50,1.37
2015.06.04 22:35:26.664,1.4602,1.46059,1.50,1.00
2015.06.04 22:35:26.972,1.4602,1.46059,1.37,1.37
2015.06.04 22:35:27.480,1.4602,1.4606,1.37,1.87
2015.06.04 22:35:28.073,1.46019,1.46057,1.37,1.12
2015.06.04 22:35:29.096,1.4602,1.4606,1.37,1.37
2015.06.04 22:35:29.314,1.4602,1.4606,1.37,1.00
2015.06.04 22:35:29.518,1.4602,1.4606,1.12,1.50
2015.06.04 22:35:29.823,1.46026,1.46062,1.00,1.37
2015.06.04 22:35:29.925,1.46022,1.46062,1.37,1.12
2015.06.04 22:35:30.165,1.46021,1.46061,1.87,1.37
2015.06.04 22:35:32.227,1.46021,1.4606,1.37,1.87
2015.06.04 22:35:32.591,1.46021,1.4606,1.37,1.87
2015.06.04 22:35:33.610,1.46021,1.46061,2.62,1.37
2015.06.04 22:35:34.122,1.46021,1.46061,2.62,1.37
2015.06.04 22:35:34.632,1.46021,1.46061,2.62,1.87
2015.06.04 22:35:35.361,1.46025,1.46061,1.00,1.37
2015.06.04 22:35:35.830,1.46026,1.46063,1.37,1.37
2015.06.04 22:35:37.732,1.46024,1.46063,1.37,1.37
2015.06.04 22:35:38.352,1.46028,1.46063,1.00,1.37
2015.06.04 22:35:38.454,1.46024,1.46063,1.37,1.37
2015.06.04 22:35:39.319,1.46024,1.46063,1.37,1.37
2015.06.04 22:35:39.869,1.46024,1.46063,1.37,1.37
2015.06.04 22:35:40.177,1.46024,1.46063,1.37,1.37
2015.06.04 22:35:40.457,1.46024,1.46063,3.75,1.12
2015.06.04 22:35:40.736,1.46032,1.46068,1.12,1.37
2015.06.04 22:35:40.940,1.46036,1.46068,1.00,1.37
2015.06.04 22:35:41.246,1.46037,1.46068,1.37,1.37
2015.06.04 22:35:41.551,1.46041,1.46068,1.00,1.37
2015.06.04 22:35:41.856,1.46042,1.46068,1.75,1.37
2015.06.04 22:35:42.403,1.46041,1.46068,1.75,1.37
2015.06.04 22:35:42.851,1.46041,1.46068,1.75,1.37
2015.06.04 22:35:43.638,1.46041,1.46068,1.50,1.37
2015.06.04 22:35:43.956,1.46041,1.46068,1.75,1.37
2015.06.04 22:35:44.059,1.46038,1.46068,1.75,1.37
2015.06.04 22:35:44.262,1.46041,1.46068,1.75,1.37
2015.06.04 22:35:44.572,1.46039,1.46068,1.75,1.37
2015.06.04 22:35:44.674,1.4604,1.46068,1.75,1.37
2015.06.04 22:35:44.776,1.46038,1.46068,1.75,1.37
2015.06.04 22:35:45.283,1.46041,1.46068,1.12,1.37
2015.06.04 22:35:45.757,1.4604,1.46068,1.87,1.37
2015.06.04 22:35:46.281,1.46036,1.46068,2.25,1.37
2015.06.04 22:35:47.576,1.46036,1.46073,2.25,1.37
2015.06.04 22:35:47.982,1.46036,1.46073,2.25,1.37
2015.06.04 22:35:48.501,1.46036,1.46073,2.25,1.37
2015.06.04 22:35:48.806,1.46039,1.46073,2.25,1.37
2015.06.04 22:35:49.032,1.46039,1.46073,1.87,1.37
2015.06.04 22:35:49.083,1.46039,1.46075,3.00,1.00
2015.06.04 22:35:49.289,1.46039,1.46079,3.00,1.37
2015.06.04 22:35:49.341,1.46039,1.46079,3.00,1.00
2015.06.04 22:35:49.850,1.4604,1.4608,2.25,1.12
2015.06.04 22:35:49.902,1.46043,1.46078,1.75,1.00
2015.06.04 22:35:50.409,1.46043,1.46078,1.50,1.00
2015.06.04 22:35:50.920,1.46043,1.46078,1.75,1.00
2015.06.04 22:35:53.009,1.46043,1.46078,1.75,1.00
2015.06.04 22:35:53.822,1.46043,1.46078,1.75,1.37
2015.06.04 22:35:53.874,1.46042,1.4608,1.37,2.25
2015.06.04 22:35:54.143,1.46037,1.46075,1.50,1.37
2015.06.04 22:35:54.653,1.46033,1.46073,2.25,1.37
2015.06.04 22:35:55.160,1.46033,1.46073,3.00,1.37
2015.06.04 22:35:55.414,1.46033,1.46073,3.00,1.37
2015.06.04 22:35:55.617,1.46033,1.46073,3.00,1.37
2015.06.04 22:35:55.668,1.46033,1.46073,3.00,1.37
2015.06.04 22:35:56.045,1.46037,1.4607,1.75,1.37
2015.06.04 22:35:56.147,1.46035,1.4607,1.75,1.37
2015.06.04 22:35:56.352,1.46039,1.46075,1.75,1.37
2015.06.04 22:35:56.505,1.46042,1.46076,1.75,1.50
2015.06.04 22:35:56.708,1.46042,1.46078,2.25,1.37
2015.06.04 22:35:56.810,1.46042,1.46078,2.25,1.37
2015.06.04 22:35:57.355,1.46044,1.46078,1.75,1.37
2015.06.04 22:35:57.711,1.46044,1.46079,1.75,1.37
2015.06.04 22:35:58.016,1.46044,1.4608,1.75,1.37
2015.06.04 22:35:58.219,1.46047,1.46084,1.75,1.75
2015.06.04 22:35:59.156,1.46049,1.46081,1.75,1.37
2015.06.04 22:35:59.360,1.46046,1.46086,2.25,1.75
2015.06.04 22:35:59.411,1.46052,1.46085,1.00,1.75
2015.06.04 22:35:59.564,1.46052,1.46083,1.00,1.00
2015.06.04 22:35:59.615,1.46048,1.46083,1.00,1.00
2015.06.04 22:35:59.718,1.46048,1.46081,1.50,1.00
2015.06.04 22:35:59.922,1.46054,1.46092,1.00,1.75
2015.06.04 22:36:00.025,1.46054,1.46092,1.00,1.00
2015.06.04 22:36:00.277,1.46054,1.46097,1.00,1.75
2015.06.04 22:36:00.788,1.46054,1.46094,1.00,1.00
2015.06.04 22:36:01.194,1.46052,1.46091,1.37,1.00
2015.06.04 22:36:01.887,1.46052,1.46091,1.00,1.00
2015.06.04 22:36:02.193,1.46052,1.46091,1.37,1.37
2015.06.04 22:36:03.388,1.46048,1.46085,1.37,1.12
2015.06.04 22:36:03.703,1.46046,1.46085,1.37,1.50
2015.06.04 22:36:04.998,1.46043,1.46085,3.00,1.50
2015.06.04 22:36:09.089,1.46043,1.46085,3.00,1.50
2015.06.04 22:36:09.434,1.46051,1.46085,1.75,1.50
2015.06.04 22:36:09.937,1.46051,1.46085,1.75,1.50
2015.06.04 22:36:10.186,1.46051,1.46085,1.75,1.50
2015.06.04 22:36:10.238,1.46048,1.46081,1.75,1.37
2015.06.04 22:36:10.290,1.46048,1.46081,1.75,1.37
2015.06.04 22:36:10.392,1.46043,1.46081,1.75,1.50
2015.06.04 22:36:10.444,1.46043,1.4608,1.75,1.37
2015.06.04 22:36:10.495,1.46043,1.46079,1.75,1.50
2015.06.04 22:36:10.998,1.46041,1.46079,1.37,2.25
2015.06.04 22:36:12.030,1.46037,1.46079,2.25,2.62
2015.06.04 22:36:12.943,1.46037,1.46075,2.25,1.00
2015.06.04 22:36:13.098,1.46037,1.46077,3.00,1.75
2015.06.04 22:36:13.809,1.46037,1.46075,1.50,1.50
2015.06.04 22:36:14.441,1.46037,1.46075,1.50,1.50
2015.06.04 22:36:14.495,1.46037,1.46075,1.75,1.50
2015.06.04 22:36:14.845,1.46037,1.46075,2.25,3.00
2015.06.04 22:36:14.948,1.46037,1.46073,1.37,1.75
2015.06.04 22:36:15.049,1.46034,1.46073,2.25,1.12
2015.06.04 22:36:22.480,1.46034,1.4607,2.25,2.25
2015.06.04 22:36:23.010,1.46034,1.4607,2.25,2.25
2015.06.04 22:36:24.473,1.46034,1.4607,2.25,2.25
2015.06.04 22:36:25.019,1.46034,1.4607,2.25,2.25
2015.06.04 22:36:25.561,1.46034,1.4607,1.87,1.75
2015.06.04 22:36:28.382,1.4603,1.46071,3.00,2.62
2015.06.04 22:36:29.144,1.46034,1.4607,1.75,1.00
2015.06.04 22:36:29.195,1.46034,1.46073,2.25,1.12
2015.06.04 22:36:29.449,1.46038,1.46073,1.87,1.12
2015.06.04 22:36:38.554,1.46038,1.46077,1.12,1.75
2015.06.04 22:36:38.859,1.46038,1.46079,1.75,2.62
2015.06.04 22:36:39.165,1.46051,1.46081,1.37,1.37
2015.06.04 22:36:39.572,1.46054,1.46084,1.00,1.87
2015.06.04 22:36:39.674,1.46051,1.46084,1.00,1.87
2015.06.04 22:36:41.902,1.46051,1.46088,1.75,1.75
2015.06.04 22:36:42.107,1.46051,1.46088,1.75,1.75
2015.06.04 22:36:42.689,1.46051,1.46089,1.75,1.75
2015.06.04 22:36:43.233,1.46048,1.46089,1.75,1.75
2015.06.04 22:36:46.479,1.46049,1.46088,1.75,1.75
2015.06.04 22:36:46.848,1.46047,1.46088,2.25,1.75
2015.06.04 22:36:47.370,1.46047,1.46088,1.75,1.75
2015.06.04 22:36:49.657,1.46046,1.46086,2.25,1.75
2015.06.04 22:36:50.361,1.46044,1.46084,1.75,1.37
2015.06.04 22:36:51.158,1.46056,1.46086,1.00,2.25
2015.06.04 22:36:51.209,1.46057,1.46087,1.00,1.00
2015.06.04 22:36:51.260,1.46057,1.46093,1.37,1.87
2015.06.04 22:36:51.362,1.46057,1.46093,1.00,1.37
2015.06.04 22:36:51.515,1.46054,1.46091,1.00,1.00
2015.06.04 22:36:51.617,1.46052,1.46089,1.00,1.00
2015.06.04 22:36:51.669,1.46047,1.46086,1.00,1.00
2015.06.04 22:36:54.091,1.46047,1.46085,1.00,1.00
2015.06.04 22:36:54.623,1.46047,1.46089,1.37,1.87
2015.06.04 22:36:55.466,1.46049,1.46089,1.75,1.87
2015.06.04 22:36:56.173,1.46057,1.46089,1.00,1.00
2015.06.04 22:36:56.225,1.46057,1.46092,1.50,1.50
2015.06.04 22:36:56.717,1.46058,1.46094,1.37,1.37
2015.06.04 22:36:57.022,1.46064,1.46097,1.37,1.37
2015.06.04 22:36:57.481,1.46063,1.46097,1.00,1.00
2015.06.04 22:36:57.684,1.4606,1.46099,1.00,1.00
2015.06.04 22:36:58.251,1.4606,1.46096,1.00,1.00
2015.06.04 22:37:00.610,1.4606,1.46096,1.00,1.37
2015.06.04 22:37:01.067,1.46057,1.46093,1.00,1.00
2015.06.04 22:37:01.169,1.46057,1.46093,1.00,1.37
2015.06.04 22:37:15.227,1.46056,1.46089,1.00,1.12
2015.06.04 22:37:15.581,1.46056,1.46089,1.37,1.00
2015.06.04 22:37:15.633,1.46056,1.46092,1.37,1.00
2015.06.04 22:37:16.869,1.46056,1.46092,1.37,1.37
2015.06.04 22:37:17.404,1.46059,1.46092,1.00,1.37
2015.06.04 22:37:19.224,1.46057,1.4609,1.00,1.37
2015.06.04 22:37:24.538,1.46057,1.4609,1.00,1.12
2015.06.04 22:37:24.856,1.4606,1.46093,1.00,1.37
2015.06.04 22:37:26.405,1.4606,1.46093,1.00,1.12
2015.06.04 22:37:26.652,1.46058,1.46093,1.00,1.37
2015.06.04 22:37:26.754,1.46058,1.46093,1.00,1.37
2015.06.04 22:37:27.366,1.4606,1.46093,1.00,1.37
2015.06.04 22:37:27.584,1.46058,1.46092,1.00,1.12
2015.06.04 22:37:28.351,1.4606,1.46092,1.00,1.12
2015.06.04 22:37:28.705,1.46057,1.46092,1.00,1.37
2015.06.04 22:37:29.134,1.46059,1.46093,1.00,1.37
2015.06.04 22:37:30.484,1.46059,1.46094,1.00,1.87
2015.06.04 22:37:30.590,1.46058,1.46094,1.00,1.87
2015.06.04 22:37:30.864,1.46058,1.46094,1.00,1.87
2015.06.04 22:37:31.315,1.4606,1.46094,1.00,1.00
2015.06.04 22:37:31.569,1.4606,1.46096,1.00,1.12
2015.06.04 22:37:32.100,1.46061,1.46097,1.00,1.87
2015.06.04 22:37:33.760,1.46061,1.46097,1.00,1.87
2015.06.04 22:37:34.281,1.46061,1.46098,1.00,1.12
2015.06.04 22:37:34.587,1.46061,1.461,1.00,2.62
2015.06.04 22:37:35.667,1.46061,1.461,1.00,1.87
2015.06.04 22:37:37.004,1.46061,1.461,1.37,1.12
2015.06.04 22:37:38.182,1.46061,1.461,1.12,1.87
2015.06.04 22:37:38.284,1.46061,1.461,1.37,1.87
2015.06.04 22:37:41.329,1.46066,1.461,1.00,1.12
2015.06.04 22:37:41.635,1.46061,1.46101,1.75,1.87
2015.06.04 22:37:41.942,1.46067,1.46101,1.75,1.37
2015.06.04 22:37:41.994,1.46067,1.46101,1.37,1.37
2015.06.04 22:37:42.097,1.46068,1.461,1.75,1.12
2015.06.04 22:37:44.707,1.46067,1.461,1.75,1.12
2015.06.04 22:37:47.215,1.46066,1.46104,1.75,1.37
2015.06.04 22:37:47.419,1.46068,1.46104,1.37,1.37
2015.06.04 22:37:47.622,1.46066,1.46107,1.75,1.37
2015.06.04 22:37:48.148,1.46065,1.46104,2.25,2.62
2015.06.04 22:37:48.777,1.46065,1.46104,2.25,2.62
2015.06.04 22:37:49.215,1.46065,1.46104,2.25,2.62
2015.06.04 22:37:49.754,1.46067,1.46103,1.75,1.37
2015.06.04 22:37:50.287,1.46067,1.46104,1.75,1.87
2015.06.04 22:37:52.210,1.46067,1.46104,1.75,1.87
2015.06.04 22:37:52.516,1.46067,1.46104,1.75,1.87
2015.06.04 22:37:53.311,1.46067,1.46104,2.25,1.87
2015.06.04 22:37:53.918,1.46067,1.46104,2.25,1.87
2015.06.04 22:37:54.221,1.46067,1.46104,2.25,1.87
2015.06.04 22:37:54.323,1.46067,1.46104,2.25,1.87
2015.06.04 22:37:54.620,1.46067,1.46104,2.25,1.87
2015.06.04 22:37:54.902,1.46067,1.46104,1.75,1.87
2015.06.04 22:37:56.191,1.46067,1.46104,1.75,1.87
2015.06.04 22:37:57.131,1.46067,1.46104,1.75,1.87
2015.06.04 22:37:58.266,1.46067,1.46104,1.75,1.87
2015.06.04 22:37:58.848,1.46067,1.46104,1.75,1.87
2015.06.04 22:38:00.121,1.46066,1.46104,1.75,1.87
2015.06.04 22:38:00.653,1.46066,1.46104,1.75,1.87
2015.06.04 22:38:01.655,1.46068,1.46102,1.75,1.37
2015.06.04 22:38:02.159,1.46068,1.46102,1.75,1.37
2015.06.04 22:38:02.465,1.46065,1.46102,1.75,1.37
2015.06.04 22:38:02.529,1.46065,1.46102,1.75,1.37
2015.06.04 22:38:03.724,1.46064,1.46102,1.75,1.37
2015.06.04 22:38:04.133,1.46064,1.46102,1.75,1.37
2015.06.04 22:38:04.834,1.46064,1.46102,1.75,1.37
2015.06.04 22:38:06.216,1.46064,1.46102,1.75,1.37
2015.06.04 22:38:08.217,1.46064,1.46102,1.75,1.37
2015.06.04 22:38:08.827,1.46064,1.46102,1.75,1.37
2015.06.04 22:38:10.179,1.46064,1.46102,1.75,1.37
2015.06.04 22:38:12.186,1.46064,1.46102,1.75,1.37
2015.06.04 22:38:13.348,1.46064,1.46097,1.75,1.00
2015.06.04 22:38:16.059,1.46064,1.46097,1.75,1.00
2015.06.04 22:38:16.212,1.46067,1.461,1.75,1.37
2015.06.04 22:38:16.466,1.46067,1.46101,2.25,1.37
2015.06.04 22:38:16.973,1.46068,1.46101,1.75,1.37
2015.06.04 22:38:17.279,1.46068,1.46097,1.75,1.00
2015.06.04 22:38:21.515,1.46069,1.46097,1.50,1.00
2015.06.04 22:38:22.796,1.46069,1.46096,1.50,1.00
2015.06.04 22:38:23.323,1.46069,1.46096,1.75,1.00
2015.06.04 22:38:23.883,1.46069,1.46096,1.75,1.00
2015.06.04 22:38:25.404,1.46069,1.46096,1.50,1.00
2015.06.04 22:38:25.506,1.4607,1.46096,2.25,1.00
2015.06.04 22:38:27.388,1.46068,1.46096,1.75,1.00
2015.06.04 22:38:27.789,1.46068,1.46096,1.75,1.00
2015.06.04 22:38:28.327,1.46067,1.46093,2.25,1.00
2015.06.04 22:38:28.885,1.46067,1.46093,1.75,1.00
2015.06.04 22:38:29.307,1.4607,1.46093,1.75,1.00
2015.06.04 22:38:29.590,1.46069,1.46093,1.75,1.00
2015.06.04 22:38:30.261,1.46067,1.46093,2.25,1.00
2015.06.04 22:38:30.789,1.46067,1.46093,2.25,1.00
2015.06.04 22:38:31.632,1.46067,1.46093,2.25,1.00
2015.06.04 22:38:34.819,1.46067,1.46093,2.25,1.00
2015.06.04 22:38:35.484,1.46067,1.46093,1.75,1.00
2015.06.04 22:38:36.822,1.46066,1.46093,2.25,1.00
2015.06.04 22:38:37.500,1.46066,1.46093,2.25,1.00
2015.06.04 22:38:38.865,1.46067,1.46093,1.75,1.00
2015.06.04 22:38:38.980,1.46067,1.46093,1.75,1.00
2015.06.04 22:38:40.844,1.46068,1.46095,1.75,1.00
2015.06.04 22:38:40.895,1.46068,1.46095,1.75,1.37
2015.06.04 22:38:41.250,1.46065,1.46095,1.50,1.37
2015.06.04 22:38:41.524,1.46061,1.46093,1.37,1.37
2015.06.04 22:38:41.728,1.46061,1.46091,1.37,1.37
2015.06.04 22:38:42.135,1.46061,1.46091,1.37,1.37
2015.06.04 22:38:45.396,1.46059,1.46094,1.37,1.75
2015.06.04 22:38:45.498,1.46059,1.46092,1.37,1.37
2015.06.04 22:38:45.600,1.46059,1.46092,1.12,3.00
2015.06.04 22:38:45.702,1.46059,1.46092,1.37,1.75
2015.06.04 22:38:46.059,1.46059,1.46088,1.37,1.00
2015.06.04 22:38:46.111,1.46059,1.46088,1.00,1.00
2015.06.04 22:38:46.162,1.46056,1.46088,1.37,1.00
2015.06.04 22:38:46.398,1.46054,1.46088,1.00,1.00
2015.06.04 22:38:46.499,1.46054,1.46091,1.00,1.87
2015.06.04 22:38:46.757,1.46054,1.46087,1.00,1.00
2015.06.04 22:38:47.214,1.46054,1.46087,1.37,1.00
2015.06.04 22:38:49.085,1.46054,1.46085,1.00,1.00
2015.06.04 22:38:49.593,1.46055,1.46085,1.00,1.00
2015.06.04 22:38:49.644,1.46052,1.46085,1.12,1.00
2015.06.04 22:38:49.850,1.46054,1.46085,1.00,1.00
2015.06.04 22:38:51.369,1.46054,1.46081,1.00,1.00
2015.06.04 22:38:51.678,1.46051,1.46079,1.00,1.37
2015.06.04 22:38:51.882,1.46042,1.46074,1.00,1.00
2015.06.04 22:38:51.933,1.46039,1.46074,1.50,1.00
2015.06.04 22:38:52.086,1.4604,1.4607,1.00,1.00
2015.06.04 22:38:52.188,1.46033,1.4607,1.00,1.00
2015.06.04 22:38:52.594,1.4603,1.4607,1.50,1.00
2015.06.04 22:38:52.646,1.46033,1.4607,1.00,1.00
2015.06.04 22:38:52.951,1.4603,1.4607,1.00,1.37
2015.06.04 22:38:53.355,1.4603,1.46065,1.00,1.00
2015.06.04 22:38:53.661,1.46029,1.46068,2.25,1.87
2015.06.04 22:38:53.865,1.46031,1.46069,1.00,1.00
2015.06.04 22:38:54.170,1.46033,1.46071,1.00,1.37
2015.06.04 22:38:55.365,1.46036,1.46071,1.00,1.37
2015.06.04 22:38:55.822,1.46037,1.46072,1.00,1.00
2015.06.04 22:38:56.077,1.46038,1.46072,1.00,1.37
2015.06.04 22:38:56.334,1.46034,1.46071,1.37,1.37
2015.06.04 22:38:56.857,1.46032,1.46069,1.00,1.00
2015.06.04 22:38:58.811,1.46029,1.46069,1.87,1.37
2015.06.04 22:38:58.862,1.46029,1.46069,1.50,1.37
2015.06.04 22:38:59.850,1.46031,1.46066,1.00,1.00
2015.06.04 22:39:00.105,1.46031,1.46068,1.00,1.00
2015.06.04 22:39:00.156,1.46035,1.46071,1.00,1.00
2015.06.04 22:39:00.359,1.46031,1.46071,1.00,1.50
2015.06.04 22:39:00.870,1.46031,1.46071,1.37,1.00
2015.06.04 22:39:01.383,1.46034,1.46071,1.00,1.00
2015.06.04 22:39:01.688,1.46034,1.46071,1.00,1.37
2015.06.04 22:39:02.095,1.46034,1.46071,1.00,1.00
2015.06.04 22:39:03.958,1.46037,1.46071,1.00,1.00
2015.06.04 22:39:04.161,1.46033,1.46071,1.00,1.37
2015.06.04 22:39:05.376,1.46033,1.46071,1.00,1.87
2015.06.04 22:39:05.478,1.46033,1.46067,1.00,1.37
2015.06.04 22:39:05.985,1.46033,1.46067,1.00,1.12
2015.06.04 22:39:07.488,1.46035,1.46067,1.00,1.00
2015.06.04 22:39:08.194,1.46032,1.46067,1.00,1.00
2015.06.04 22:39:09.523,1.46038,1.46067,1.00,1.00
2015.06.04 22:39:09.726,1.46038,1.46069,1.00,1.00
2015.06.04 22:39:09.828,1.46038,1.46072,1.00,1.00
2015.06.04 22:39:10.403,1.46037,1.46073,1.00,1.00
2015.06.04 22:39:11.001,1.46033,1.4607,1.12,1.00
2015.06.04 22:39:11.154,1.46032,1.46069,1.00,1.37
2015.06.04 22:39:11.307,1.4603,1.46067,1.50,1.37
2015.06.04 22:39:11.510,1.46032,1.46067,1.00,1.37
2015.06.04 22:39:11.771,1.4603,1.46067,1.50,1.12
2015.06.04 22:39:14.181,1.4603,1.46069,1.00,1.37
2015.06.04 22:39:14.733,1.4603,1.46069,1.00,1.37
2015.06.04 22:39:14.935,1.46032,1.46071,1.00,2.25
2015.06.04 22:39:15.463,1.46031,1.46071,1.00,1.87
2015.06.04 22:39:15.902,1.46033,1.46071,1.00,1.87
2015.06.04 22:39:16.251,1.46035,1.46074,1.50,1.75
2015.06.04 22:39:16.574,1.46041,1.46075,1.00,2.25
2015.06.04 22:39:18.365,1.46043,1.46076,1.00,1.75
2015.06.04 22:39:19.244,1.46043,1.46076,1.00,1.75
2015.06.04 22:39:20.748,1.46043,1.46076,1.00,1.75
2015.06.04 22:39:23.984,1.46039,1.46076,1.00,1.75
2015.06.04 22:39:26.015,1.46039,1.46075,1.00,1.75
2015.06.04 22:39:27.947,1.46039,1.46074,1.00,1.37
2015.06.04 22:39:28.048,1.46039,1.46074,1.00,1.00
2015.06.04 22:39:28.150,1.46044,1.46076,1.00,1.37
2015.06.04 22:39:28.455,1.4605,1.46079,1.00,1.37
2015.06.04 22:39:28.978,1.4605,1.46083,1.00,2.25
2015.06.04 22:39:32.133,1.4605,1.46083,1.00,1.50
2015.06.04 22:39:33.133,1.4605,1.46083,1.00,1.37
2015.06.04 22:39:33.235,1.4605,1.4608,1.00,1.00
2015.06.04 22:39:33.286,1.46047,1.4608,1.00,1.00
2015.06.04 22:39:33.337,1.46047,1.46078,1.00,1.00
2015.06.04 22:39:33.642,1.46047,1.46081,1.00,2.25
2015.06.04 22:39:34.518,1.46047,1.46083,1.00,1.87
2015.06.04 22:39:34.671,1.46047,1.4608,1.00,1.00
2015.06.04 22:39:34.883,1.46047,1.46082,1.00,1.12
2015.06.04 22:39:36.328,1.46047,1.46085,1.37,1.37
2015.06.04 22:39:36.379,1.46047,1.46085,1.37,1.12
2015.06.04 22:39:36.430,1.46047,1.46085,1.37,1.37
2015.06.04 22:39:37.052,1.46047,1.46085,1.00,1.37
2015.06.04 22:39:39.668,1.46047,1.46083,1.00,1.87
2015.06.04 22:39:40.096,1.46047,1.4608,1.00,1.00
2015.06.04 22:39:40.402,1.46047,1.46078,1.00,1.00
2015.06.04 22:39:42.102,1.46042,1.46078,1.37,1.00
2015.06.04 22:39:42.653,1.46042,1.46078,1.12,1.00
2015.06.04 22:39:43.160,1.46042,1.46078,1.00,1.37
2015.06.04 22:39:43.834,1.46042,1.46078,1.00,1.37
2015.06.04 22:39:44.352,1.46042,1.46078,1.00,1.37
2015.06.04 22:39:44.859,1.46042,1.46078,1.00,1.37
2015.06.04 22:39:45.379,1.46042,1.46074,1.00,1.00
2015.06.04 22:39:46.291,1.46039,1.46074,1.00,1.00
2015.06.04 22:39:52.304,1.46039,1.46073,1.00,1.00
2015.06.04 22:39:53.291,1.46039,1.46076,1.00,1.37
2015.06.04 22:39:53.921,1.46039,1.46076,1.00,1.37
2015.06.04 22:39:54.903,1.46036,1.46071,1.00,1.12
2015.06.04 22:39:57.635,1.46036,1.46071,1.37,1.00
2015.06.04 22:39:57.940,1.46039,1.46078,1.50,1.50
2015.06.04 22:39:58.490,1.4604,1.46077,1.00,1.37
2015.06.04 22:39:58.886,1.46039,1.4607,1.00,1.00
2015.06.04 22:39:58.938,1.46032,1.4607,2.25,1.37
2015.06.04 22:39:59.199,1.4603,1.46063,1.00,1.00
2015.06.04 22:39:59.504,1.46029,1.46054,1.50,1.00
2015.06.04 22:39:59.811,1.4603,1.4605,1.00,1.00
2015.06.04 22:40:00.320,1.46029,1.46052,1.50,1.00
2015.06.04 22:40:00.688,1.46029,1.46048,1.00,1.00
2015.06.04 22:40:02.149,1.46031,1.46048,1.00,1.00
2015.06.04 22:40:02.252,1.46032,1.46061,1.00,1.00
2015.06.04 22:40:02.303,1.46032,1.46063,1.00,1.00
2015.06.04 22:40:02.354,1.46039,1.46062,1.00,1.00
2015.06.04 22:40:02.599,1.46039,1.46075,1.00,1.94
2015.06.04 22:40:03.608,1.46039,1.46074,1.00,2.25
2015.06.04 22:40:03.710,1.46031,1.46069,1.87,1.50
2015.06.04 22:40:03.914,1.4603,1.46066,1.37,3.00
2015.06.04 22:40:04.015,1.4603,1.46065,1.37,1.12
2015.06.04 22:40:04.117,1.4603,1.46064,1.50,1.37
2015.06.04 22:40:04.535,1.4603,1.46065,1.00,1.00
2015.06.04 22:40:05.042,1.4603,1.46064,1.50,1.00
2015.06.04 22:40:05.094,1.4603,1.46066,1.50,2.25
2015.06.04 22:40:05.449,1.4603,1.46066,1.50,1.87
2015.06.04 22:40:07.921,1.46031,1.46069,1.00,1.87
2015.06.04 22:40:08.079,1.46031,1.46069,1.00,1.87
2015.06.04 22:40:08.586,1.46031,1.46069,1.00,1.50
2015.06.04 22:40:16.727,1.4603,1.46069,1.00,1.50
2015.06.04 22:40:17.083,1.46029,1.46068,1.50,1.37
2015.06.04 22:40:17.596,1.46029,1.46066,1.87,1.12
2015.06.04 22:40:18.292,1.4603,1.46066,1.00,1.12
2015.06.04 22:40:19.445,1.4603,1.46063,1.00,1.00
2015.06.04 22:40:19.793,1.46029,1.46058,1.50,1.37
2015.06.04 22:40:20.310,1.4603,1.46058,1.00,1.00
2015.06.04 22:40:22.906,1.4603,1.46056,1.00,1.00
2015.06.04 22:40:23.434,1.4603,1.46058,1.00,1.37
2015.06.04 22:40:23.856,1.4603,1.4605,1.00,1.00
2015.06.04 22:40:24.910,1.46029,1.4605,1.50,1.00
2015.06.04 22:40:28.392,1.46029,1.46051,1.50,1.37
2015.06.04 22:40:28.443,1.46029,1.46051,1.50,1.00
2015.06.04 22:40:28.545,1.46029,1.46051,1.50,1.37
2015.06.04 22:40:28.749,1.4603,1.46049,1.00,1.12
2015.06.04 22:40:29.594,1.4603,1.4605,1.00,1.37
2015.06.04 22:40:30.472,1.46029,1.4605,1.00,1.37
2015.06.04 22:40:30.525,1.4603,1.4605,1.00,1.37
2015.06.04 22:40:30.576,1.46029,1.4605,1.00,1.87
2015.06.04 22:40:30.986,1.46029,1.46049,1.00,1.50
2015.06.04 22:40:31.088,1.46029,1.46048,1.50,1.00
2015.06.04 22:40:31.242,1.4603,1.46046,1.00,1.00
2015.06.04 22:40:31.663,1.46003,1.46044,1.00,1.37
2015.06.04 22:40:31.765,1.45999,1.46039,1.37,1.00
2015.06.04 22:40:32.173,1.46,1.46037,1.37,1.00
2015.06.04 22:40:32.224,1.46,1.46037,1.12,1.00
2015.06.04 22:40:32.378,1.45995,1.46034,1.37,1.00
2015.06.04 22:40:32.429,1.45995,1.46034,1.00,1.37
2015.06.04 22:40:32.480,1.45995,1.46025,1.00,1.00
2015.06.04 22:40:33.013,1.45996,1.46026,1.00,1.00
2015.06.04 22:40:33.064,1.45993,1.46026,1.00,1.50
2015.06.04 22:40:33.268,1.45993,1.46024,1.00,1.00
2015.06.04 22:40:33.941,1.4599,1.46024,1.37,1.00
2015.06.04 22:40:34.254,1.45992,1.46019,1.75,1.00
2015.06.04 22:40:34.305,1.45992,1.46019,1.37,1.37
2015.06.04 22:40:34.459,1.45987,1.4602,1.00,1.50
2015.06.04 22:40:34.561,1.45984,1.46026,1.50,1.37
2015.06.04 22:40:34.664,1.45981,1.46021,1.00,2.25
2015.06.04 22:40:34.715,1.4598,1.46021,1.50,2.25
2015.06.04 22:40:34.893,1.45979,1.46018,1.50,1.12
2015.06.04 22:40:35.199,1.45986,1.46017,1.00,1.37
2015.06.04 22:40:35.403,1.45985,1.4602,1.00,1.00
2015.06.04 22:40:35.506,1.45988,1.46026,1.00,1.50
2015.06.04 22:40:36.033,1.45989,1.46027,1.00,1.37
2015.06.04 22:40:36.135,1.45987,1.46027,1.00,1.37
2015.06.04 22:40:36.491,1.45985,1.46022,1.12,1.00
2015.06.04 22:40:36.847,1.45983,1.46022,1.00,1.50
2015.06.04 22:40:36.898,1.45985,1.46022,1.00,1.50
2015.06.04 22:40:37.416,1.45985,1.46024,1.37,1.00
2015.06.04 22:40:37.518,1.45987,1.46029,1.87,1.00
2015.06.04 22:40:37.620,1.45989,1.46032,1.00,1.50
2015.06.04 22:40:38.693,1.4599,1.46032,1.00,1.00
2015.06.04 22:40:38.744,1.4599,1.46034,1.00,1.50
2015.06.04 22:40:39.100,1.45994,1.46034,1.00,1.00
2015.06.04 22:40:39.853,1.45994,1.46036,1.00,1.00
2015.06.04 22:40:41.393,1.45992,1.46034,1.00,1.00
2015.06.04 22:40:42.172,1.45993,1.46034,1.00,1.50
2015.06.04 22:40:42.528,1.45991,1.46034,1.12,1.50
2015.06.04 22:40:42.630,1.45992,1.46034,1.37,1.50
2015.06.04 22:40:43.237,1.45994,1.46034,1.00,1.50
2015.06.04 22:40:43.441,1.45995,1.46036,1.00,1.00
2015.06.04 22:40:43.492,1.45996,1.46038,1.00,1.00
2015.06.04 22:40:43.543,1.45996,1.4604,1.00,1.87
2015.06.04 22:40:44.205,1.45996,1.46041,3.00,1.50
2015.06.04 22:40:44.409,1.45998,1.46041,1.00,1.50
2015.06.04 22:40:44.728,1.46,1.46034,1.37,1.00
2015.06.04 22:40:44.832,1.46002,1.46037,1.00,1.87
2015.06.04 22:40:45.036,1.46001,1.46032,1.12,1.00
2015.06.04 22:40:45.341,1.46004,1.46038,1.00,1.00
2015.06.04 22:40:45.393,1.46001,1.46038,1.12,1.00
2015.06.04 22:40:45.444,1.46005,1.46038,1.37,1.00
2015.06.04 22:40:45.546,1.46003,1.46043,1.87,1.37
2015.06.04 22:40:45.648,1.46004,1.46043,1.37,1.00
2015.06.04 22:40:45.699,1.46002,1.46037,1.37,1.00
2015.06.04 22:40:45.892,1.46002,1.4604,1.00,1.00
2015.06.04 22:40:45.944,1.46002,1.46035,1.00,1.00
2015.06.04 22:40:46.147,1.46,1.46035,1.00,1.00
2015.06.04 22:40:46.351,1.45998,1.46032,1.00,1.00
2015.06.04 22:40:47.322,1.45998,1.4603,1.37,1.00
2015.06.04 22:40:48.217,1.45995,1.46021,1.75,1.00
2015.06.04 22:40:48.268,1.45987,1.46021,1.37,1.00
2015.06.04 22:40:48.664,1.4598,1.46021,1.50,1.50
2015.06.04 22:40:48.766,1.45979,1.46021,1.50,1.50
2015.06.04 22:40:48.817,1.45979,1.46018,1.00,1.00
2015.06.04 22:40:49.224,1.45981,1.4602,1.37,2.25
2015.06.04 22:40:49.530,1.45985,1.46025,1.00,1.12
2015.06.04 22:40:49.734,1.45989,1.46029,1.00,1.00
2015.06.04 22:40:50.041,1.45992,1.4603,1.00,1.12
2015.06.04 22:40:50.552,1.45991,1.46033,1.87,1.87
2015.06.04 22:40:50.655,1.45991,1.46033,1.87,1.50
2015.06.04 22:40:51.063,1.45991,1.46033,1.87,1.87
2015.06.04 22:40:52.184,1.45993,1.46033,1.75,1.50
2015.06.04 22:40:52.438,1.45993,1.46033,1.37,1.50
2015.06.04 22:40:53.199,1.45994,1.46033,1.50,1.50
2015.06.04 22:40:53.250,1.45994,1.46033,1.37,1.00
2015.06.04 22:40:53.788,1.45993,1.46033,2.25,1.00
2015.06.04 22:40:54.503,1.45993,1.46033,2.62,1.00
2015.06.04 22:40:55.047,1.45995,1.46035,1.37,1.00
2015.06.04 22:40:55.402,1.45996,1.46033,1.37,1.00
2015.06.04 22:40:55.724,1.45996,1.4603,1.37,1.00
2015.06.04 22:40:57.965,1.45995,1.4603,1.37,1.00
2015.06.04 22:40:58.016,1.45997,1.46032,1.37,1.00
2015.06.04 22:40:58.371,1.45994,1.46033,1.87,1.00
2015.06.04 22:40:58.422,1.45994,1.4603,1.37,1.00
2015.06.04 22:40:58.727,1.45991,1.4603,1.37,1.00
2015.06.04 22:40:59.117,1.45991,1.46032,1.37,1.00
2015.06.04 22:40:59.168,1.45991,1.46032,1.75,1.00
2015.06.04 22:40:59.435,1.45997,1.46034,1.12,1.00
2015.06.04 22:40:59.492,1.45997,1.46034,1.37,1.00
2015.06.04 22:40:59.796,1.45995,1.46031,1.50,1.00
2015.06.04 22:41:00.170,1.45995,1.46031,1.37,1.00
2015.06.04 22:41:00.272,1.45994,1.4603,1.75,1.00
2015.06.04 22:41:00.972,1.45994,1.4603,1.50,1.00
2015.06.04 22:41:01.023,1.45994,1.46033,1.50,1.00
2015.06.04 22:41:01.540,1.45994,1.46031,1.50,1.00
2015.06.04 22:41:01.969,1.45998,1.46032,1.37,1.00
2015.06.04 22:41:02.378,1.45996,1.46031,1.75,1.00
2015.06.04 22:41:03.089,1.45997,1.46028,2.62,1.00
2015.06.04 22:41:03.597,1.45996,1.46028,2.25,1.00
2015.06.04 22:41:03.649,1.46,1.46026,1.50,1.00
2015.06.04 22:41:04.385,1.45996,1.46026,1.75,1.00
2015.06.04 22:41:04.589,1.46,1.46026,1.12,1.00
2015.06.04 22:41:05.216,1.46003,1.46026,1.00,1.00
2015.06.04 22:41:05.319,1.45995,1.46026,1.37,1.00
2015.06.04 22:41:06.500,1.45996,1.46032,1.37,1.50
2015.06.04 22:41:06.922,1.46,1.46032,1.75,1.50
2015.06.04 22:41:07.126,1.45997,1.46031,1.75,1.00
2015.06.04 22:41:07.227,1.45998,1.46032,1.75,1.00
2015.06.04 22:41:07.278,1.45998,1.46031,1.37,1.00
2015.06.04 22:41:07.618,1.45996,1.46031,1.37,1.50
2015.06.04 22:41:08.146,1.46001,1.46031,1.00,1.00
2015.06.04 22:41:08.902,1.46001,1.46031,1.37,1.00
2015.06.04 22:41:09.111,1.45995,1.46031,1.12,1.87
2015.06.04 22:41:09.163,1.45989,1.46025,2.62,1.00
2015.06.04 22:41:09.403,1.45986,1.46021,1.37,1.00
2015.06.04 22:41:09.505,1.45984,1.46021,1.37,1.37
2015.06.04 22:41:10.016,1.45987,1.46022,1.37,1.37
2015.06.04 22:41:10.422,1.45987,1.46022,1.75,1.37
2015.06.04 22:41:11.993,1.45987,1.46022,1.75,1.50
2015.06.04 22:41:12.095,1.45987,1.46022,1.37,2.25
2015.06.04 22:41:12.410,1.45989,1.46022,1.37,1.87
2015.06.04 22:41:12.461,1.45992,1.46022,1.12,1.00
2015.06.04 22:41:12.512,1.45992,1.46022,1.75,1.00
2015.06.04 22:41:12.564,1.45993,1.46028,1.75,2.25
2015.06.04 22:41:12.818,1.45993,1.46028,1.50,1.50
2015.06.04 22:41:12.920,1.45991,1.46027,1.75,1.00
2015.06.04 22:41:13.124,1.45992,1.46028,1.50,1.50
2015.06.04 22:41:13.429,1.45989,1.4603,2.25,1.50
2015.06.04 22:41:13.993,1.45989,1.4603,2.25,1.12
2015.06.04 22:41:14.295,1.45989,1.4603,1.75,1.12
2015.06.04 22:41:14.896,1.45989,1.4603,1.75,1.12
2015.06.04 22:41:14.948,1.4599,1.46022,1.50,1.00
2015.06.04 22:41:15.190,1.45986,1.46026,1.75,1.37
2015.06.04 22:41:15.242,1.45986,1.46026,1.75,1.37
2015.06.04 22:41:15.293,1.45989,1.46026,1.75,1.00
2015.06.04 22:41:15.395,1.45989,1.46029,1.75,1.00
2015.06.04 22:41:15.912,1.45992,1.4603,1.37,1.00
2015.06.04 22:41:16.564,1.45992,1.4603,1.37,1.37
2015.06.04 22:41:17.176,1.45991,1.4603,1.37,1.00
2015.06.04 22:41:17.329,1.45991,1.4603,1.75,1.12
2015.06.04 22:41:17.630,1.4599,1.46028,1.87,1.00
2015.06.04 22:41:18.555,1.45991,1.46028,1.75,1.00
2015.06.04 22:41:18.865,1.45992,1.46017,1.37,1.00
2015.06.04 22:41:19.372,1.45992,1.46017,1.37,1.00
2015.06.04 22:41:19.924,1.45992,1.46016,1.37,1.00
2015.06.04 22:41:20.386,1.45994,1.46019,1.75,1.00
2015.06.04 22:41:20.489,1.45995,1.46019,1.37,1.00
2015.06.04 22:41:20.591,1.45995,1.46022,1.37,1.00
2015.06.04 22:41:20.795,1.45992,1.46029,1.50,1.50
2015.06.04 22:41:20.897,1.45992,1.46027,1.50,1.00
2015.06.04 22:41:21.205,1.45999,1.46026,1.00,1.12
2015.06.04 22:41:21.538,1.45999,1.46029,1.00,1.00
2015.06.04 22:41:22.054,1.45999,1.4603,1.00,1.50
2015.06.04 22:41:23.768,1.45999,1.46031,1.12,1.87
2015.06.04 22:41:24.277,1.45999,1.46031,1.00,1.87
2015.06.04 22:41:24.804,1.45999,1.46031,1.00,1.87
2015.06.04 22:41:25.312,1.45999,1.46031,1.00,1.87
2015.06.04 22:41:25.852,1.45999,1.46031,1.00,1.87
2015.06.04 22:41:27.004,1.45999,1.46031,1.00,1.87
2015.06.04 22:41:27.164,1.45999,1.46023,1.00,1.00
2015.06.04 22:41:27.215,1.45993,1.46023,2.25,1.00
2015.06.04 22:41:27.318,1.46,1.46023,1.37,1.00
2015.06.04 22:41:27.521,1.46,1.46025,1.37,1.00
2015.06.04 22:41:28.303,1.46,1.46025,1.37,1.00
2015.06.04 22:41:31.330,1.46,1.46025,1.37,1.00
2015.06.04 22:41:31.681,1.46,1.46025,1.50,1.00
2015.06.04 22:41:32.436,1.46,1.46025,1.37,1.00
2015.06.04 22:41:33.204,1.45999,1.46029,1.37,1.00
2015.06.04 22:41:33.997,1.46,1.46029,1.37,1.50
2015.06.04 22:41:34.646,1.46,1.46029,1.37,1.50
2015.06.04 22:41:35.306,1.46,1.4603,1.37,1.12
2015.06.04 22:41:36.332,1.45999,1.4603,1.37,1.12
2015.06.04 22:41:37.393,1.45999,1.46028,1.37,1.00
2015.06.04 22:41:41.067,1.45999,1.46028,1.50,1.00
2015.06.04 22:41:41.500,1.45999,1.46028,1.37,1.00
2015.06.04 22:41:41.551,1.45999,1.4603,1.37,1.87
2015.06.04 22:41:45.776,1.46003,1.46032,1.37,1.87
2015.06.04 22:41:49.151,1.4601,1.4603,1.00,1.00
2015.06.04 22:41:49.600,1.46004,1.4603,1.37,1.00
2015.06.04 22:41:49.906,1.46004,1.4603,1.37,1.00
2015.06.04 22:41:51.454,1.46002,1.4603,1.37,1.12
2015.06.04 22:41:51.962,1.46005,1.4603,1.37,1.12
2015.06.04 22:41:52.585,1.46005,1.46033,1.37,1.37
2015.06.04 22:41:53.112,1.46005,1.46033,1.37,1.00
2015.06.04 22:41:53.544,1.46005,1.46029,1.37,1.00
2015.06.04 22:41:53.864,1.46005,1.46029,1.37,1.00
2015.06.04 22:41:54.371,1.46005,1.46029,1.37,1.00
2015.06.04 22:41:57.473,1.46005,1.46029,1.00,1.00
2015.06.04 22:41:57.974,1.46004,1.46029,1.12,1.00
2015.06.04 22:42:00.478,1.46005,1.46029,1.00,1.00
2015.06.04 22:42:01.233,1.46005,1.46029,1.37,1.00
2015.06.04 22:42:01.588,1.46006,1.46032,1.00,1.28
2015.06.04 22:42:01.640,1.46006,1.46032,1.37,1.00
2015.06.04 22:42:02.122,1.46006,1.46032,1.00,1.00
2015.06.04 22:42:02.377,1.46003,1.46035,1.37,1.12
2015.06.04 22:42:02.632,1.46005,1.46036,1.37,1.00
2015.06.04 22:42:02.735,1.46002,1.46037,2.62,1.75
2015.06.04 22:42:03.011,1.46006,1.46038,1.00,2.25
2015.06.04 22:42:03.468,1.46002,1.46037,1.87,2.25
2015.06.04 22:42:03.643,1.46002,1.46037,1.50,1.50
2015.06.04 22:42:03.847,1.46003,1.46037,1.00,1.37
2015.06.04 22:42:04.152,1.46006,1.46035,1.00,1.75
2015.06.04 22:42:04.646,1.46006,1.46039,1.00,1.75
2015.06.04 22:42:04.850,1.46006,1.46041,1.00,2.25
2015.06.04 22:42:05.359,1.46006,1.46041,1.00,1.75
2015.06.04 22:42:05.867,1.46006,1.46041,1.00,1.75
2015.06.04 22:42:06.602,1.4601,1.46041,1.00,1.75
2015.06.04 22:42:06.653,1.4601,1.46041,1.00,1.50
2015.06.04 22:42:06.806,1.46006,1.46041,1.37,1.50
2015.06.04 22:42:06.857,1.46006,1.46041,1.12,1.75
2015.06.04 22:42:07.264,1.46006,1.46041,1.00,1.75
2015.06.04 22:42:07.518,1.46006,1.46041,1.12,1.75
2015.06.04 22:42:07.832,1.46006,1.46041,1.00,1.75
2015.06.04 22:42:08.340,1.46006,1.46041,1.00,1.75
2015.06.04 22:42:08.442,1.46006,1.46041,1.87,1.75
2015.06.04 22:42:08.951,1.46007,1.46041,1.00,1.75
2015.06.04 22:42:09.052,1.46007,1.46041,1.00,1.75
2015.06.04 22:42:10.137,1.4601,1.46038,1.00,1.75
2015.06.04 22:42:10.239,1.4601,1.46038,1.00,1.37
2015.06.04 22:42:12.068,1.46007,1.46038,1.00,1.75
2015.06.04 22:42:12.170,1.46007,1.46038,1.37,1.37
2015.06.04 22:42:12.272,1.46008,1.46038,1.00,1.37
2015.06.04 22:42:12.374,1.46008,1.46038,1.37,1.37
2015.06.04 22:42:12.476,1.46008,1.46038,1.00,1.00
2015.06.04 22:42:13.363,1.46008,1.46038,1.00,1.50
2015.06.04 22:42:13.524,1.46008,1.46038,1.37,1.37
2015.06.04 22:42:13.829,1.46008,1.46038,1.37,1.37
2015.06.04 22:42:15.821,1.46007,1.4604,1.37,1.75
2015.06.04 22:42:16.604,1.46007,1.4604,1.37,1.50
2015.06.04 22:42:16.707,1.46007,1.4604,1.37,1.37
2015.06.04 22:42:17.523,1.46007,1.46042,1.37,1.37
2015.06.04 22:42:19.442,1.4601,1.46042,1.12,1.50
2015.06.04 22:42:20.920,1.4601,1.46042,1.12,1.37
2015.06.04 22:42:21.328,1.46012,1.46047,1.00,1.75
2015.06.04 22:42:21.430,1.46013,1.46048,1.37,1.37
2015.06.04 22:42:21.811,1.46016,1.46052,1.00,1.50
2015.06.04 22:42:22.117,1.46016,1.46051,1.00,1.75
2015.06.04 22:42:22.652,1.46016,1.46051,1.12,1.75
2015.06.04 22:42:24.345,1.46016,1.46051,1.87,1.75
2015.06.04 22:42:26.235,1.46016,1.46052,1.12,1.75
2015.06.04 22:42:26.540,1.46016,1.4605,1.87,1.75
2015.06.04 22:42:27.831,1.46016,1.4605,1.50,1.37
2015.06.04 22:42:27.984,1.46022,1.46054,1.00,1.37
2015.06.04 22:42:28.289,1.46022,1.46057,1.37,1.75
2015.06.04 22:42:28.900,1.46025,1.46059,1.12,1.37
2015.06.04 22:42:29.411,1.46025,1.46061,1.00,1.75
2015.06.04 22:42:29.833,1.46027,1.46061,1.00,1.75
2015.06.04 22:42:29.986,1.46027,1.46064,1.75,1.50
2015.06.04 22:42:30.508,1.4603,1.46067,1.12,1.75
2015.06.04 22:42:31.045,1.46029,1.46061,1.50,1.37
2015.06.04 22:42:32.080,1.4603,1.46062,1.12,1.37
2015.06.04 22:42:32.592,1.46027,1.46062,2.25,1.37
2015.06.04 22:42:32.727,1.46029,1.46062,1.00,1.75
2015.06.04 22:42:33.133,1.46027,1.46061,2.25,1.37
2015.06.04 22:42:33.670,1.46029,1.46066,1.00,3.00
2015.06.04 22:42:34.542,1.46027,1.46066,2.25,3.00
2015.06.04 22:42:35.129,1.46027,1.46065,2.25,1.75
2015.06.04 22:42:36.014,1.46027,1.46066,1.75,1.75
2015.06.04 22:42:37.625,1.46028,1.46066,1.12,1.12
2015.06.04 22:42:38.051,1.4603,1.46066,1.50,1.37
2015.06.04 22:42:38.408,1.46031,1.46066,1.75,1.00
2015.06.04 22:42:38.814,1.46031,1.4607,2.25,1.00
2015.06.04 22:42:38.916,1.46031,1.4607,3.00,1.37
2015.06.04 22:42:39.018,1.46034,1.4607,1.87,1.00
2015.06.04 22:42:39.256,1.46037,1.4607,1.00,1.00
2015.06.04 22:42:39.358,1.46038,1.46072,1.00,1.00
2015.06.04 22:42:39.907,1.46038,1.4607,1.50,1.00
2015.06.04 22:42:40.364,1.46036,1.46071,1.00,1.50
2015.06.04 22:42:40.415,1.46036,1.46069,1.00,1.00
2015.06.04 22:42:40.794,1.46033,1.46067,1.37,1.00
2015.06.04 22:42:41.205,1.46036,1.46069,1.00,1.50
2015.06.04 22:42:41.307,1.46036,1.46072,1.00,1.00
2015.06.04 22:42:45.276,1.46036,1.46072,1.37,1.00
2015.06.04 22:42:45.379,1.46036,1.46069,1.50,1.00
2015.06.04 22:42:45.481,1.46036,1.46072,1.50,1.00
2015.06.04 22:42:46.125,1.46036,1.46072,2.25,1.00
2015.06.04 22:42:46.227,1.46036,1.46072,1.87,1.00
2015.06.04 22:42:46.364,1.46036,1.4607,1.37,1.50
2015.06.04 22:42:46.669,1.46031,1.46061,1.87,1.00
2015.06.04 22:42:56.742,1.46029,1.46062,1.37,1.00
2015.06.04 22:42:57.396,1.46029,1.46062,1.37,1.00
2015.06.04 22:43:06.179,1.4603,1.46053,1.87,1.00
2015.06.04 22:43:14.659,1.46035,1.46053,1.50,1.00
2015.06.04 22:43:14.966,1.46039,1.46053,1.37,1.00
2015.06.04 22:43:15.271,1.46039,1.46054,1.37,1.00
2015.06.04 22:43:16.000,1.46035,1.46053,1.87,1.00
2015.06.04 22:43:19.013,1.46039,1.46054,2.25,1.00
2015.06.04 22:43:19.318,1.46043,1.46054,1.37,1.00
2015.06.04 22:43:19.369,1.4604,1.46054,1.00,1.00
2015.06.04 22:43:19.877,1.46036,1.46054,1.75,1.00
2015.06.04 22:43:20.389,1.46037,1.46054,1.12,1.00
2015.06.04 22:43:22.576,1.46037,1.46053,1.12,1.00
2015.06.04 22:43:25.946,1.46039,1.46053,1.50,1.00
2015.06.04 22:43:31.605,1.46039,1.46053,2.25,1.00
2015.06.04 22:43:32.123,1.46047,1.46055,1.00,1.00
2015.06.04 22:43:35.591,1.46047,1.46055,1.37,1.00
2015.06.04 22:43:35.693,1.46044,1.46054,1.37,1.00
2015.06.04 22:43:36.611,1.46041,1.46054,1.37,1.00
2015.06.04 22:43:37.392,1.46041,1.46054,1.37,1.00
2015.06.04 22:43:37.798,1.46041,1.46054,1.37,1.00
2015.06.04 22:43:37.900,1.46041,1.46054,1.37,1.00
2015.06.04 22:43:38.002,1.46041,1.46054,1.37,1.00
2015.06.04 22:43:40.199,1.46041,1.46054,1.50,1.00
2015.06.04 22:43:42.703,1.46041,1.46054,1.37,1.00
2015.06.04 22:43:43.279,1.46041,1.46054,1.37,1.00
2015.06.04 22:43:43.331,1.46041,1.46054,1.00,1.00
2015.06.04 22:43:44.723,1.46041,1.46054,1.50,1.00
2015.06.04 22:43:45.395,1.46041,1.46054,1.37,1.00
2015.06.04 22:43:47.267,1.46041,1.46054,1.37,1.00
2015.06.04 22:43:47.788,1.46041,1.46054,1.37,1.00
2015.06.04 22:43:49.321,1.46041,1.46054,1.12,1.00
2015.06.04 22:43:50.836,1.4604,1.46054,1.37,1.00
2015.06.04 22:43:51.361,1.4604,1.46054,1.37,1.00
2015.06.04 22:43:54.888,1.4604,1.46054,2.25,1.00
2015.06.04 22:43:55.294,1.4604,1.46054,1.50,1.00
2015.06.04 22:43:55.397,1.4604,1.46054,1.75,1.00
2015.06.04 22:43:55.715,1.4604,1.46054,1.50,1.00
2015.06.04 22:43:55.919,1.4604,1.46054,1.75,1.00
2015.06.04 22:43:56.391,1.4604,1.46054,1.75,1.00
2015.06.04 22:43:56.728,1.46042,1.46057,1.75,1.00
2015.06.04 22:43:56.830,1.46043,1.46055,2.25,1.00
2015.06.04 22:43:57.401,1.46043,1.46054,1.37,1.00
2015.06.04 22:43:57.503,1.46042,1.46053,1.00,1.00
2015.06.04 22:43:57.554,1.46036,1.46053,1.87,1.00
2015.06.04 22:43:57.606,1.46036,1.46053,1.00,1.00
2015.06.04 22:43:57.657,1.46034,1.46053,1.50,1.00
2015.06.04 22:43:57.708,1.46037,1.46053,1.00,1.00
2015.06.04 22:43:57.861,1.46034,1.46053,1.50,1.00
2015.06.04 22:43:58.318,1.46034,1.46053,1.37,1.00
2015.06.04 22:43:58.642,1.46034,1.46053,1.37,1.00
2015.06.04 22:43:58.947,1.46034,1.46054,1.12,1.00
2015.06.04 22:43:59.101,1.46036,1.46054,1.00,1.00
2015.06.04 22:44:04.343,1.46034,1.46054,1.37,1.00
2015.06.04 22:44:04.647,1.46034,1.46054,1.50,1.00
2015.06.04 22:44:05.054,1.46034,1.46054,1.37,1.00
2015.06.04 22:44:05.156,1.46034,1.46054,1.50,1.00
2015.06.04 22:44:05.460,1.46034,1.46054,1.75,1.00
2015.06.04 22:44:05.735,1.46031,1.46054,2.25,1.00
2015.06.04 22:44:07.030,1.46031,1.46054,1.37,1.00
2015.06.04 22:44:07.521,1.46031,1.46054,2.25,1.00
2015.06.04 22:44:08.443,1.46033,1.46054,1.75,1.00
2015.06.04 22:44:09.169,1.46033,1.46054,1.75,1.00
2015.06.04 22:44:09.942,1.46033,1.46054,1.75,1.00
2015.06.04 22:44:10.044,1.46033,1.46054,1.37,1.00
2015.06.04 22:44:10.248,1.46027,1.46054,2.62,1.00
2015.06.04 22:44:10.350,1.46027,1.46054,2.25,1.00
2015.06.04 22:44:10.872,1.46027,1.46053,1.37,1.00
2015.06.04 22:44:10.974,1.46027,1.46054,1.12,1.00
2015.06.04 22:44:11.076,1.46027,1.46054,1.50,1.00
2015.06.04 22:44:11.228,1.46027,1.46054,1.37,1.00
2015.06.04 22:44:11.635,1.46027,1.46054,1.50,1.00
2015.06.04 22:44:12.108,1.46027,1.46054,1.75,1.00
2015.06.04 22:44:12.266,1.46027,1.46054,1.37,1.00
2015.06.04 22:44:12.471,1.46027,1.46054,1.75,1.00
2015.06.04 22:44:13.650,1.46028,1.46053,1.37,1.00
2015.06.04 22:44:14.158,1.4602,1.46054,1.75,1.00
2015.06.04 22:44:14.260,1.4602,1.46054,2.25,1.00
2015.06.04 22:44:15.863,1.46023,1.46054,1.00,1.00
2015.06.04 22:44:15.914,1.46021,1.46052,1.00,1.00
2015.06.04 22:44:16.016,1.46015,1.46052,1.75,1.00
2015.06.04 22:44:16.067,1.46015,1.46048,1.37,1.00
2015.06.04 22:44:16.416,1.46013,1.46046,1.50,1.00
2015.06.04 22:44:16.467,1.46016,1.4605,1.12,1.00
2015.06.04 22:44:16.519,1.46016,1.46052,1.12,1.00
2015.06.04 22:44:16.570,1.46024,1.46052,1.00,1.00
2015.06.04 22:44:16.824,1.46024,1.46054,1.00,1.50
2015.06.04 22:44:17.605,1.46024,1.46054,1.87,1.00
2015.06.04 22:44:17.989,1.46033,1.46054,1.00,1.00
2015.06.04 22:44:19.879,1.46025,1.46054,1.87,1.00
2015.06.04 22:44:20.285,1.46024,1.46053,1.37,1.00
2015.06.04 22:44:20.589,1.46027,1.46053,1.37,1.00
2015.06.04 22:44:20.894,1.46027,1.46054,1.37,1.00
2015.06.04 22:44:25.613,1.46027,1.46054,1.87,1.00
2015.06.04 22:44:26.173,1.46027,1.46054,1.37,1.00
2015.06.04 22:44:27.610,1.46027,1.46054,1.12,1.00
2015.06.04 22:44:28.119,1.46024,1.46054,1.37,1.00
2015.06.04 22:44:28.222,1.46024,1.46054,1.37,1.00
2015.06.04 22:44:28.324,1.46022,1.46054,1.50,1.00
2015.06.04 22:44:29.998,1.46022,1.46054,1.75,1.00
2015.06.04 22:44:30.505,1.46022,1.46054,1.75,1.37
2015.06.04 22:44:30.608,1.46022,1.46054,1.37,1.37
2015.06.04 22:44:31.116,1.46021,1.46054,2.25,1.37
2015.06.04 22:44:31.435,1.46021,1.46054,1.75,1.37
2015.06.04 22:44:31.487,1.46021,1.46054,1.50,1.37
2015.06.04 22:44:32.414,1.46021,1.46054,1.75,1.37
2015.06.04 22:44:33.943,1.46027,1.46053,1.75,1.00
2015.06.04 22:44:34.000,1.46027,1.46053,1.00,1.00
2015.06.04 22:44:34.102,1.46025,1.46053,1.00,1.00
2015.06.04 22:44:34.153,1.46021,1.46053,1.87,1.00
2015.06.04 22:44:34.662,1.46022,1.46054,1.00,1.00
2015.06.04 22:44:35.205,1.4602,1.46054,1.37,1.00
2015.06.04 22:44:35.820,1.46024,1.46054,1.37,1.00
2015.06.04 22:44:36.126,1.46038,1.46053,1.00,1.00
2015.06.04 22:44:36.430,1.4604,1.46053,1.00,1.00
2015.06.04 22:44:36.965,1.4604,1.46054,1.00,1.00
2015.06.04 22:44:37.419,1.46033,1.46053,1.37,1.00
2015.06.04 22:44:37.991,1.46036,1.46053,1.00,1.00
2015.06.04 22:44:39.479,1.46036,1.46053,1.37,1.00
2015.06.04 22:44:40.979,1.46036,1.46053,1.37,1.00
2015.06.04 22:44:41.081,1.46036,1.46053,1.00,1.00
2015.06.04 22:44:41.182,1.46031,1.46053,1.00,1.37
2015.06.04 22:44:41.284,1.46026,1.46054,1.12,1.37
2015.06.04 22:44:41.335,1.46026,1.46053,1.00,1.75
2015.06.04 22:44:41.386,1.46019,1.46053,1.00,1.37
2015.06.04 22:44:41.488,1.46014,1.4605,1.87,1.12
2015.06.04 22:44:41.885,1.46012,1.46041,1.50,1.00
2015.06.04 22:44:42.039,1.46008,1.46041,1.00,1.00
2015.06.04 22:44:42.090,1.46008,1.46043,1.00,1.00
2015.06.04 22:44:42.294,1.46009,1.46046,1.00,1.00
2015.06.04 22:44:42.453,1.46006,1.46046,2.25,1.00
2015.06.04 22:44:43.177,1.46014,1.46046,1.00,1.00
2015.06.04 22:44:43.792,1.46014,1.46046,1.00,1.37
2015.06.04 22:44:44.766,1.46017,1.46051,1.00,1.37
2015.06.04 22:44:44.817,1.46017,1.46053,1.00,1.00
2015.06.04 22:44:45.173,1.46019,1.46054,1.00,1.00
2015.06.04 22:44:45.683,1.46018,1.46054,1.50,1.00
2015.06.04 22:44:45.993,1.46016,1.46054,1.00,1.00
2015.06.04 22:44:46.095,1.46014,1.46054,1.00,1.87
2015.06.04 22:44:46.147,1.46014,1.4605,1.00,1.12
2015.06.04 22:44:46.454,1.46005,1.46036,1.00,1.00
2015.06.04 22:44:46.506,1.46,1.46036,1.00,1.00
2015.06.04 22:44:46.710,1.46003,1.46036,1.00,1.00
2015.06.04 22:44:46.862,1.46003,1.46042,1.00,1.00
2015.06.04 22:44:46.913,1.46,1.4604,1.00,1.87
2015.06.04 22:44:47.119,1.45998,1.46037,1.00,1.75
2015.06.04 22:44:47.222,1.46002,1.46038,1.00,1.37
2015.06.04 22:44:47.273,1.46002,1.46038,1.00,1.00
2015.06.04 22:44:47.788,1.46003,1.46039,1.00,1.00
2015.06.04 22:44:47.890,1.46002,1.46041,1.00,1.00
2015.06.04 22:44:48.094,1.46006,1.46038,1.00,1.00
2015.06.04 22:44:51.820,1.46003,1.46038,1.00,1.12
2015.06.04 22:44:52.024,1.46003,1.46038,1.00,1.87
2015.06.04 22:44:52.531,1.46002,1.46035,1.00,1.00
2015.06.04 22:44:52.872,1.46003,1.46038,1.87,1.37
2015.06.04 22:44:53.213,1.46007,1.46038,1.75,1.37
2015.06.04 22:44:53.266,1.46007,1.46038,1.75,1.12
2015.06.04 22:44:54.094,1.46003,1.46039,1.87,1.37
2015.06.04 22:44:54.913,1.46003,1.4604,1.00,1.50
2015.06.04 22:44:55.116,1.4601,1.46039,1.00,1.00
2015.06.04 22:44:55.882,1.4601,1.46041,1.00,1.50
2015.06.04 22:44:56.483,1.4601,1.46041,1.00,1.12
2015.06.04 22:44:56.585,1.46008,1.46041,1.00,1.12
2015.06.04 22:44:56.991,1.46008,1.46041,1.00,1.37
2015.06.04 22:44:57.506,1.46008,1.46041,1.00,1.00
2015.06.04 22:44:57.827,1.46008,1.46044,1.37,1.37
2015.06.04 22:44:58.611,1.46008,1.46045,1.37,1.87
2015.06.04 22:44:58.827,1.46008,1.46045,1.37,2.25
2015.06.04 22:44:59.690,1.4601,1.46046,1.00,1.12
2015.06.04 22:44:59.995,1.46013,1.46048,1.12,1.00
2015.06.04 22:45:00.096,1.46013,1.4605,1.37,1.12
2015.06.04 22:45:00.198,1.46013,1.4605,1.37,1.00
2015.06.04 22:45:00.301,1.46014,1.46053,1.37,1.00
2015.06.04 22:45:00.691,1.46017,1.46053,1.87,1.00
2015.06.04 22:45:00.793,1.46016,1.46053,1.12,1.00
2015.06.04 22:45:00.845,1.46018,1.46053,1.00,1.00
2015.06.04 22:45:00.947,1.46015,1.46053,1.87,1.00
2015.06.04 22:45:01.519,1.46015,1.46053,1.87,1.00
2015.06.04 22:45:01.570,1.46017,1.46053,1.00,1.00
2015.06.04 22:45:02.117,1.46017,1.46053,1.00,1.37
2015.06.04 22:45:02.902,1.46017,1.46053,1.00,1.37
2015.06.04 22:45:03.749,1.46016,1.46053,1.12,1.37
2015.06.04 22:45:03.904,1.46016,1.46053,1.12,1.37
2015.06.04 22:45:04.939,1.46016,1.46053,1.12,1.37
2015.06.04 22:45:06.031,1.46022,1.46053,1.00,1.50
2015.06.04 22:45:07.046,1.46022,1.46052,1.00,1.37
2015.06.04 22:45:08.360,1.46016,1.46047,1.37,1.00
2015.06.04 22:45:08.614,1.46016,1.4605,1.37,1.12
2015.06.04 22:45:11.200,1.46014,1.46048,1.87,1.75
2015.06.04 22:45:11.556,1.46014,1.46048,1.12,1.75
2015.06.04 22:45:11.658,1.46016,1.46046,1.00,1.37
2015.06.04 22:45:12.698,1.46016,1.46047,1.00,1.50
2015.06.04 22:45:15.181,1.46016,1.46047,1.37,1.50
2015.06.04 22:45:16.138,1.46016,1.46047,1.12,1.75
2015.06.04 22:45:17.077,1.46017,1.46047,1.12,1.37
2015.06.04 22:45:17.129,1.46027,1.46051,1.00,1.12
2015.06.04 22:45:17.180,1.46027,1.46051,1.37,1.00
2015.06.04 22:45:17.282,1.46024,1.46051,1.37,1.00
2015.06.04 22:45:17.333,1.46022,1.46053,1.12,1.00
2015.06.04 22:45:17.897,1.46023,1.46053,1.87,1.00
2015.06.04 22:45:23.762,1.46025,1.46053,1.00,1.37
2015.06.04 22:45:23.865,1.46023,1.46053,1.00,1.37
2015.06.04 22:45:24.171,1.46013,1.46045,1.12,1.37
2015.06.04 22:45:24.273,1.4601,1.46046,1.00,1.37
2015.06.04 22:45:24.476,1.46004,1.46043,1.37,1.87
2015.06.04 22:45:25.085,1.46004,1.46039,1.37,1.00
2015.06.04 22:45:25.242,1.46004,1.46041,1.37,1.75
2015.06.04 22:45:28.203,1.46006,1.46041,1.37,1.50
2015.06.04 22:45:28.509,1.46007,1.46042,1.37,1.37
2015.06.04 22:45:29.171,1.46007,1.46042,1.87,1.37
2015.06.04 22:45:29.680,1.46008,1.46047,1.37,1.75
2015.06.04 22:45:30.270,1.4601,1.46047,1.37,1.75
2015.06.04 22:45:30.581,1.4601,1.46045,1.12,1.50
2015.06.04 22:45:30.889,1.46009,1.46046,1.75,1.37
2015.06.04 22:45:30.990,1.46012,1.46046,1.37,1.37
2015.06.04 22:45:32.084,1.4601,1.46047,1.87,1.37
2015.06.04 22:45:35.550,1.4601,1.46048,1.87,1.75
2015.06.04 22:45:36.585,1.4601,1.46048,1.87,1.75
2015.06.04 22:45:36.790,1.4601,1.46047,1.50,1.87
2015.06.04 22:45:36.892,1.46009,1.46047,1.00,1.87
2015.06.04 22:45:36.943,1.46006,1.46043,1.12,1.75
2015.06.04 22:45:37.189,1.46006,1.46043,1.12,1.37
2015.06.04 22:45:37.291,1.46006,1.46043,1.87,1.37
2015.06.04 22:45:38.288,1.46009,1.46047,1.87,1.75
2015.06.04 22:45:41.412,1.46007,1.46046,1.00,1.75
2015.06.04 22:45:41.886,1.46007,1.46044,1.00,1.75
2015.06.04 22:45:42.498,1.46007,1.46042,1.00,1.12
2015.06.04 22:45:45.613,1.46007,1.46044,1.00,1.50
2015.06.04 22:45:46.654,1.46007,1.46044,1.37,1.37
2015.06.04 22:45:46.706,1.46007,1.46044,1.37,1.37
2015.06.04 22:45:47.096,1.46009,1.46044,1.00,1.37
2015.06.04 22:45:47.599,1.46009,1.4605,1.37,1.87
2015.06.04 22:45:47.701,1.46013,1.46051,1.00,1.12
2015.06.04 22:45:48.029,1.46019,1.4605,1.00,1.37
2015.06.04 22:45:48.621,1.46026,1.46054,1.00,1.50
2015.06.04 22:45:49.027,1.46028,1.46054,1.00,1.37
2015.06.04 22:45:49.558,1.46021,1.46054,1.00,1.37
2015.06.04 22:45:49.810,1.46021,1.46052,1.00,1.50
2015.06.04 22:45:49.963,1.46019,1.46054,1.00,1.37
2015.06.04 22:45:50.014,1.46019,1.46054,1.00,1.37
2015.06.04 22:45:51.055,1.46019,1.46053,1.00,1.50
2015.06.04 22:45:51.465,1.46017,1.46048,1.00,1.75
2015.06.04 22:45:51.516,1.46013,1.46044,1.00,1.37
2015.06.04 22:45:51.618,1.46013,1.46044,1.00,1.37
2015.06.04 22:45:51.873,1.46006,1.46046,1.12,1.87
2015.06.04 22:45:51.925,1.46009,1.46044,1.50,1.37
2015.06.04 22:45:52.230,1.46004,1.46042,1.50,1.37
2015.06.04 22:45:52.332,1.46004,1.46042,1.50,1.37
2015.06.04 22:45:52.831,1.46007,1.46042,1.00,1.37
2015.06.04 22:45:53.339,1.46007,1.46042,1.37,1.37
2015.06.04 22:45:53.673,1.46011,1.46042,1.37,1.37
2015.06.04 22:45:54.613,1.46011,1.46045,1.37,1.37
2015.06.04 22:45:56.638,1.46011,1.46044,1.37,1.37
2015.06.04 22:45:58.849,1.46011,1.46044,1.00,1.37
2015.06.04 22:45:58.900,1.46011,1.46042,1.00,1.37
2015.06.04 22:45:59.205,1.46005,1.46038,1.00,1.37
2015.06.04 22:45:59.256,1.46004,1.46038,1.00,1.37
2015.06.04 22:45:59.765,1.46004,1.46037,1.37,1.37
2015.06.04 22:46:00.280,1.46004,1.46036,1.00,1.37
2015.06.04 22:46:00.960,1.46004,1.4603,1.00,1.37
2015.06.04 22:46:01.063,1.46,1.46029,1.00,1.37
2015.06.04 22:46:01.165,1.45995,1.46027,1.12,1.37
2015.06.04 22:46:01.435,1.45987,1.46023,1.00,1.37
2015.06.04 22:46:01.537,1.45984,1.46023,1.87,1.87
2015.06.04 22:46:01.639,1.45984,1.46023,3.75,1.00
2015.06.04 22:46:01.741,1.45989,1.46025,1.37,1.12
2015.06.04 22:46:01.894,1.45989,1.46028,1.37,1.00
2015.06.04 22:46:02.429,1.45996,1.46028,2.25,1.00
2015.06.04 22:46:02.737,1.46,1.46028,1.50,1.00
2015.06.04 22:46:03.275,1.46,1.46029,1.50,1.00
2015.06.04 22:46:04.052,1.46,1.46023,1.50,1.00
2015.06.04 22:46:04.154,1.45996,1.46023,2.62,1.00
2015.06.04 22:46:04.335,1.45999,1.46024,1.37,1.00
2015.06.04 22:46:04.849,1.46001,1.46023,1.00,1.00
2015.06.04 22:46:05.103,1.46001,1.46026,1.00,1.00
2015.06.04 22:46:05.155,1.46001,1.46026,1.87,1.00
2015.06.04 22:46:05.358,1.46001,1.46026,1.37,1.00
2015.06.04 22:46:05.774,1.46001,1.46023,1.37,1.00
2015.06.04 22:46:06.383,1.45998,1.46023,1.37,1.00
2015.06.04 22:46:06.920,1.45998,1.46022,1.37,1.00
2015.06.04 22:46:07.462,1.45997,1.46027,1.37,1.00
2015.06.04 22:46:07.993,1.46002,1.46026,1.12,1.00
2015.06.04 22:46:10.450,1.46002,1.46026,1.37,1.00
2015.06.04 22:46:12.480,1.46002,1.46026,1.37,1.00
2015.06.04 22:46:13.009,1.46002,1.46027,1.50,1.00
2015.06.04 22:46:13.560,1.46002,1.46027,1.50,1.00
2015.06.04 22:46:15.580,1.46004,1.4603,1.37,1.00
2015.06.04 22:46:16.355,1.46007,1.4603,1.00,1.00
2015.06.04 22:46:21.422,1.46006,1.46028,1.37,1.00
2015.06.04 22:46:21.692,1.46005,1.46031,1.37,1.00
2015.06.04 22:46:22.630,1.46001,1.46031,1.75,1.00
2015.06.04 22:46:22.834,1.46004,1.46034,1.00,1.00
2015.06.04 22:46:23.697,1.46004,1.46033,1.00,1.00
2015.06.04 22:46:25.592,1.46001,1.46033,1.75,1.00
2015.06.04 22:46:26.128,1.46001,1.4603,1.75,1.00
2015.06.04 22:46:26.410,1.45997,1.46032,1.75,1.00
2015.06.04 22:46:27.901,1.46005,1.46032,1.37,1.00
2015.06.04 22:46:28.126,1.46005,1.46035,1.37,1.00
2015.06.04 22:46:28.934,1.46005,1.46036,1.37,1.12
2015.06.04 22:46:31.861,1.46005,1.46035,1.50,1.00
2015.06.04 22:46:31.912,1.46005,1.46035,1.37,1.00
2015.06.04 22:46:32.166,1.46006,1.4604,1.75,1.00
2015.06.04 22:46:32.217,1.46006,1.4604,1.75,1.00
2015.06.04 22:46:32.319,1.46017,1.46047,1.00,1.50
2015.06.04 22:46:32.523,1.46017,1.46052,1.00,1.87
2015.06.04 22:46:33.314,1.46015,1.46052,1.12,1.87
2015.06.04 22:46:33.848,1.46015,1.46052,1.37,1.87
2015.06.04 22:46:34.381,1.46015,1.46052,1.37,1.87
2015.06.04 22:46:34.923,1.4602,1.46052,1.00,1.37
2015.06.04 22:46:35.433,1.4602,1.46052,1.37,1.37
2015.06.04 22:46:36.384,1.4602,1.46052,1.00,1.37
2015.06.04 22:46:37.386,1.4602,1.46052,1.37,1.37
2015.06.04 22:46:39.543,1.4602,1.46052,1.37,1.37
2015.06.04 22:46:40.391,1.4602,1.46052,1.37,1.37
2015.06.04 22:46:40.659,1.4602,1.46052,1.37,1.00
2015.06.04 22:46:43.369,1.46021,1.46053,1.37,2.25
2015.06.04 22:46:44.122,1.46021,1.46053,1.00,2.25
2015.06.04 22:46:48.102,1.46021,1.46053,1.37,2.25
2015.06.04 22:46:49.616,1.46021,1.46053,1.37,1.87
2015.06.04 22:46:49.921,1.46019,1.46054,1.37,1.00
2015.06.04 22:46:50.124,1.46028,1.46054,1.00,1.00
2015.06.04 22:46:50.378,1.46026,1.46054,1.00,1.00
2015.06.04 22:46:51.134,1.46028,1.46054,1.00,1.00
2015.06.04 22:46:51.591,1.46032,1.46053,1.00,1.00
2015.06.04 22:46:51.896,1.46032,1.46053,1.37,1.00
2015.06.04 22:46:53.162,1.4603,1.46053,1.50,1.00
2015.06.04 22:46:53.671,1.46041,1.46053,1.00,1.00
2015.06.04 22:46:57.932,1.4604,1.46053,1.37,1.00
2015.06.04 22:46:58.462,1.46042,1.46054,1.37,1.00
2015.06.04 22:47:00.338,1.4604,1.46054,1.37,1.00
2015.06.04 22:47:01.328,1.4604,1.46054,1.37,1.00
2015.06.04 22:47:04.448,1.46041,1.46053,1.37,1.00
2015.06.04 22:47:05.151,1.46044,1.46054,1.37,1.00
2015.06.04 22:47:06.475,1.46046,1.46055,1.37,1.00
2015.06.04 22:47:07.440,1.46046,1.46055,1.37,1.00
2015.06.04 22:47:08.442,1.46046,1.46055,1.37,1.00
2015.06.04 22:47:09.964,1.46046,1.46056,1.37,1.00
2015.06.04 22:47:10.253,1.46046,1.46055,1.37,1.00
2015.06.04 22:47:10.863,1.46043,1.46055,2.25,1.00
2015.06.04 22:47:11.169,1.46043,1.46054,2.25,1.00
2015.06.04 22:47:11.584,1.46043,1.4607,2.25,1.00
2015.06.04 22:47:11.635,1.46043,1.46074,2.25,3.00
2015.06.04 22:47:11.738,1.46043,1.46076,2.25,1.00
2015.06.04 22:47:12.170,1.46044,1.46076,1.00,1.00
2015.06.04 22:47:16.109,1.46043,1.46075,1.37,1.00
2015.06.04 22:47:16.679,1.46043,1.46075,1.12,1.00
2015.06.04 22:47:16.985,1.4604,1.46074,1.37,1.37
2015.06.04 22:47:17.391,1.4604,1.46074,1.00,1.37
2015.06.04 22:47:17.615,1.4604,1.46074,1.00,1.75
2015.06.04 22:47:18.497,1.46045,1.4607,1.00,1.00
2015.06.04 22:47:19.254,1.4605,1.4607,1.00,1.12
2015.06.04 22:47:26.077,1.4605,1.46075,1.00,2.25
2015.06.04 22:47:26.128,1.4605,1.46075,1.00,1.50
2015.06.04 22:47:26.382,1.4605,1.46072,1.00,1.00
2015.06.04 22:47:27.846,1.46049,1.46072,1.00,1.00
2015.06.04 22:47:28.854,1.46042,1.46072,1.00,1.00
2015.06.04 22:47:29.007,1.46037,1.46074,1.50,1.00
2015.06.04 22:47:29.757,1.46037,1.46074,1.75,1.00
2015.06.04 22:47:29.860,1.46036,1.46074,2.25,1.37
2015.06.04 22:47:30.012,1.46037,1.46074,2.25,1.00
2015.06.04 22:47:30.212,1.46036,1.46069,1.00,1.00
2015.06.04 22:47:30.416,1.46037,1.46074,1.00,1.87
2015.06.04 22:47:30.774,1.46039,1.46078,1.00,1.37
2015.06.04 22:47:31.131,1.46039,1.46077,1.50,1.00
2015.06.04 22:47:31.233,1.46039,1.46077,2.25,1.00
2015.06.04 22:47:31.604,1.46039,1.46075,2.25,1.00
2015.06.04 22:47:34.070,1.46042,1.46075,1.75,1.00
2015.06.04 22:47:34.121,1.46042,1.46079,1.75,1.00
2015.06.04 22:47:34.678,1.46043,1.46079,1.87,1.12
2015.06.04 22:47:35.456,1.46037,1.46074,1.37,1.37
2015.06.04 22:47:35.558,1.46035,1.46071,1.37,1.37
2015.06.04 22:47:36.089,1.46035,1.46068,1.37,1.12
2015.06.04 22:47:36.621,1.46035,1.46067,1.37,1.00
2015.06.04 22:47:37.033,1.46047,1.46067,1.87,1.00
2015.06.04 22:47:37.087,1.4605,1.4608,1.50,1.00
2015.06.04 22:47:37.240,1.4605,1.46084,1.50,1.12
2015.06.04 22:47:37.748,1.4605,1.46083,1.50,1.00
2015.06.04 22:47:37.901,1.46047,1.46083,1.00,1.00
2015.06.04 22:47:38.206,1.4605,1.46083,1.00,1.00
2015.06.04 22:47:38.514,1.46054,1.46084,1.00,1.00
2015.06.04 22:47:39.022,1.46051,1.46084,1.00,1.00
2015.06.04 22:47:39.396,1.46051,1.46084,1.75,1.00
2015.06.04 22:47:40.211,1.46051,1.46083,2.25,1.00
2015.06.04 22:47:40.313,1.46048,1.46083,1.37,1.00
2015.06.04 22:47:40.415,1.46045,1.46082,1.37,1.37
2015.06.04 22:47:40.619,1.46043,1.46078,1.37,1.12
2015.06.04 22:47:40.722,1.46043,1.46082,1.37,1.87
2015.06.04 22:47:40.824,1.46043,1.46082,1.00,2.25
2015.06.04 22:47:41.280,1.46047,1.46082,1.00,1.00
2015.06.04 22:47:41.750,1.46047,1.46083,2.25,1.00
2015.06.04 22:47:42.306,1.46047,1.46082,2.25,1.00
2015.06.04 22:47:42.821,1.4605,1.46083,1.37,1.50
2015.06.04 22:47:44.730,1.4605,1.46083,1.50,1.50
2015.06.04 22:47:49.170,1.46051,1.46083,1.75,1.00
2015.06.04 22:47:49.272,1.46051,1.46083,1.37,1.00
2015.06.04 22:47:49.798,1.46056,1.46083,1.12,1.00
2015.06.04 22:47:51.704,1.46056,1.46084,1.00,1.00
2015.06.04 22:47:53.199,1.46055,1.46084,1.00,1.00
2015.06.04 22:47:53.251,1.46055,1.46086,1.37,1.00
2015.06.04 22:47:55.430,1.46055,1.46086,1.37,1.37
2015.06.04 22:47:57.333,1.46056,1.46086,1.12,1.00
2015.06.04 22:47:59.291,1.46057,1.46086,1.00,1.00
2015.06.04 22:48:01.370,1.46057,1.46086,1.00,1.37
2015.06.04 22:48:01.740,1.46054,1.46086,1.12,1.37
2015.06.04 22:48:02.728,1.46054,1.46086,1.37,1.00
2015.06.04 22:48:07.053,1.46054,1.46085,1.37,1.00
2015.06.04 22:48:07.361,1.4606,1.46086,1.00,1.00
2015.06.04 22:48:07.514,1.46057,1.46086,1.00,1.00
2015.06.04 22:48:09.547,1.46056,1.46086,1.12,1.00
2015.06.04 22:48:10.055,1.46054,1.46087,1.37,1.37
2015.06.04 22:48:20.346,1.46058,1.46087,1.37,1.00
2015.06.04 22:48:20.651,1.46054,1.46088,1.37,1.00
2015.06.04 22:48:21.210,1.46054,1.46088,1.37,1.00
2015.06.04 22:48:21.261,1.46055,1.46091,1.37,1.12
2015.06.04 22:48:21.566,1.46051,1.46091,3.75,1.37
2015.06.04 22:48:21.668,1.46052,1.46088,1.12,1.00
2015.06.04 22:48:21.973,1.46048,1.46088,1.37,1.12
2015.06.04 22:48:22.129,1.4605,1.46088,1.50,1.37
2015.06.04 22:48:22.434,1.46053,1.46088,1.00,1.00
2015.06.04 22:48:27.494,1.46055,1.46088,1.00,1.00
2015.06.04 22:48:28.954,1.46055,1.46088,1.00,1.37
2015.06.04 22:48:29.265,1.46055,1.46088,1.00,1.37
2015.06.04 22:48:29.792,1.46055,1.46088,1.00,1.37
2015.06.04 22:48:29.945,1.46054,1.46088,1.00,1.00
2015.06.04 22:48:30.466,1.46054,1.46088,1.00,1.37
2015.06.04 22:48:30.975,1.46055,1.46088,1.00,1.37
2015.06.04 22:48:31.364,1.46053,1.46088,1.00,1.37
2015.06.04 22:48:31.851,1.46053,1.46087,1.00,1.12
2015.06.04 22:48:31.953,1.46053,1.46088,1.37,1.75
2015.06.04 22:48:32.461,1.46053,1.46086,1.50,1.00
2015.06.04 22:48:32.512,1.46053,1.46089,1.00,1.00
2015.06.04 22:48:32.868,1.46052,1.46089,1.12,1.37
2015.06.04 22:48:34.091,1.46049,1.46085,1.37,1.50
2015.06.04 22:48:34.193,1.46049,1.46085,1.75,1.00
2015.06.04 22:48:34.397,1.46048,1.46085,1.37,1.12
2015.06.04 22:48:34.783,1.46048,1.46085,1.87,1.00
2015.06.04 22:48:35.412,1.46048,1.46085,1.37,1.00
2015.06.04 22:48:35.778,1.46048,1.46084,1.75,1.12
2015.06.04 22:48:36.386,1.46048,1.46084,1.50,1.00
2015.06.04 22:48:37.784,1.46048,1.46084,1.75,1.00
2015.06.04 22:48:38.550,1.46048,1.46084,1.87,1.12
2015.06.04 22:48:38.769,1.46048,1.46082,1.87,1.37
2015.06.04 22:48:39.074,1.46047,1.46082,1.50,1.00
2015.06.04 22:48:39.380,1.46047,1.46082,1.75,1.00
2015.06.04 22:48:40.275,1.46046,1.46082,1.37,1.12
2015.06.04 22:48:40.377,1.46043,1.4608,1.37,1.00
2015.06.04 22:48:40.763,1.46041,1.46078,2.25,1.00
2015.06.04 22:48:43.430,1.46042,1.46076,1.37,1.00
2015.06.04 22:48:43.937,1.46039,1.46076,1.75,1.00
2015.06.04 22:48:44.433,1.46039,1.46074,1.75,1.00
2015.06.04 22:48:44.485,1.46039,1.46074,1.37,1.12
2015.06.04 22:48:45.040,1.46034,1.46071,3.37,1.00
2015.06.04 22:48:45.549,1.46039,1.46075,1.37,1.87
2015.06.04 22:48:45.601,1.46039,1.46075,1.87,1.00
2015.06.04 22:48:45.652,1.46039,1.46077,1.37,1.87
2015.06.04 22:48:45.805,1.46037,1.46077,2.25,1.37
2015.06.04 22:48:46.313,1.46041,1.46077,1.75,1.00
2015.06.04 22:48:46.696,1.46045,1.46079,1.37,1.00
2015.06.04 22:48:46.748,1.46045,1.46079,1.75,1.00
2015.06.04 22:48:47.053,1.46045,1.46076,1.75,1.00
2015.06.04 22:48:47.396,1.46045,1.46079,1.75,1.00
2015.06.04 22:48:47.498,1.46045,1.46079,1.75,1.00
2015.06.04 22:48:47.600,1.46045,1.46081,1.75,1.00
2015.06.04 22:48:48.007,1.46047,1.46081,1.75,1.00
2015.06.04 22:48:48.109,1.46047,1.46081,1.12,1.00
2015.06.04 22:48:48.160,1.46045,1.46079,1.37,1.00
2015.06.04 22:48:48.312,1.4604,1.46078,1.50,1.87
2015.06.04 22:48:48.522,1.4604,1.46075,1.50,1.00
2015.06.04 22:48:49.049,1.4604,1.46075,1.00,1.37
2015.06.04 22:48:49.151,1.46037,1.46075,1.37,1.50
2015.06.04 22:48:49.659,1.46039,1.46075,1.00,1.37
2015.06.04 22:48:50.166,1.46038,1.46075,1.12,1.37
2015.06.04 22:48:50.710,1.46038,1.46075,1.12,1.87
2015.06.04 22:48:51.035,1.46036,1.46075,1.00,2.62
2015.06.04 22:48:53.057,1.46036,1.46062,1.00,1.00
2015.06.04 22:48:53.210,1.46031,1.46059,1.00,1.00
2015.06.04 22:48:53.313,1.4603,1.46059,1.00,1.37
2015.06.04 22:48:53.466,1.46026,1.46059,1.00,1.37
2015.06.04 22:48:54.010,1.46025,1.46056,1.00,1.00
2015.06.04 22:48:54.214,1.46025,1.46058,1.50,1.12
2015.06.04 22:48:54.265,1.4603,1.46058,1.00,1.12
2015.06.04 22:48:54.570,1.46026,1.46058,1.00,1.50
2015.06.04 22:48:55.160,1.46025,1.46058,1.00,1.00
2015.06.04 22:48:55.262,1.46027,1.46058,1.00,1.00
2015.06.04 22:48:55.415,1.46026,1.46061,1.50,1.00
2015.06.04 22:48:55.618,1.46026,1.46058,1.00,1.00
2015.06.04 22:48:55.669,1.46024,1.46058,1.50,1.00
2015.06.04 22:48:56.130,1.46024,1.46056,1.00,1.00
2015.06.04 22:48:56.669,1.46024,1.46056,1.00,1.37
2015.06.04 22:48:57.175,1.46025,1.46056,1.00,1.37
2015.06.04 22:48:57.278,1.46025,1.46056,1.00,1.37
2015.06.04 22:48:57.380,1.46025,1.46057,1.00,1.50
2015.06.04 22:48:57.849,1.46026,1.46056,1.00,1.37
2015.06.04 22:48:57.900,1.46028,1.46056,1.00,1.37
2015.06.04 22:48:57.952,1.46024,1.46058,1.00,1.37
2015.06.04 22:48:58.054,1.46024,1.46058,1.00,1.37
2015.06.04 22:48:58.562,1.46025,1.46058,1.00,1.37
2015.06.04 22:48:59.183,1.46025,1.46058,1.00,1.37
2015.06.04 22:48:59.698,1.46025,1.46058,1.12,1.00
2015.06.04 22:48:59.749,1.46025,1.46063,1.12,1.00
2015.06.04 22:48:59.800,1.46026,1.46064,1.37,1.00
2015.06.04 22:49:00.057,1.4603,1.4607,1.12,1.87
2015.06.04 22:49:00.108,1.46034,1.4607,1.00,1.87
2015.06.04 22:49:00.516,1.46029,1.4607,2.25,1.00
2015.06.04 22:49:00.568,1.46029,1.46065,2.25,1.00
2015.06.04 22:49:00.826,1.46024,1.46063,1.00,1.00
2015.06.04 22:49:01.336,1.46024,1.46064,1.00,1.00
2015.06.04 22:49:01.387,1.46024,1.4606,1.00,1.00
2015.06.04 22:49:01.917,1.46024,1.46059,1.00,1.00
2015.06.04 22:49:02.314,1.46023,1.46057,1.37,1.50
2015.06.04 22:49:02.415,1.46023,1.46057,1.00,1.50
2015.06.04 22:49:02.517,1.46023,1.46054,1.00,1.37
2015.06.04 22:49:02.569,1.46018,1.46053,1.00,1.37
2015.06.04 22:49:02.620,1.46018,1.46053,1.00,1.37
2015.06.04 22:49:02.671,1.46018,1.46049,1.00,1.00
2015.06.04 22:49:03.120,1.46016,1.46043,1.37,1.50
2015.06.04 22:49:03.222,1.46014,1.46041,1.00,1.00
2015.06.04 22:49:03.375,1.46014,1.46039,1.00,1.00
2015.06.04 22:49:03.680,1.4601,1.46037,1.37,1.00
2015.06.04 22:49:03.986,1.4601,1.46037,1.50,1.00
2015.06.04 22:49:04.805,1.46013,1.46037,1.37,1.00
2015.06.04 22:49:05.529,1.46013,1.46037,1.37,1.00
2015.06.04 22:49:06.048,1.46013,1.46038,1.37,1.00
2015.06.04 22:49:06.557,1.46013,1.46038,1.37,1.00
2015.06.04 22:49:08.715,1.46011,1.46038,1.37,1.00
2015.06.04 22:49:09.236,1.46013,1.46038,1.37,1.00
2015.06.04 22:49:09.837,1.46014,1.46038,1.37,1.00
2015.06.04 22:49:10.294,1.46018,1.46043,1.12,1.00
2015.06.04 22:49:11.320,1.46016,1.46043,1.37,1.00
2015.06.04 22:49:11.575,1.46018,1.46051,1.75,1.12
2015.06.04 22:49:11.728,1.46017,1.46052,1.75,1.00
2015.06.04 22:49:12.407,1.46021,1.46056,1.37,1.37
2015.06.04 22:49:12.946,1.4602,1.46056,1.37,1.12
2015.06.04 22:49:13.467,1.4602,1.46056,1.37,1.37
2015.06.04 22:49:13.807,1.4602,1.46056,1.75,1.37
2015.06.04 22:49:14.244,1.46022,1.46056,1.50,1.37
2015.06.04 22:49:14.752,1.46021,1.46054,1.75,1.00
2015.06.04 22:49:15.458,1.46022,1.46037,1.00,1.00
2015.06.04 22:49:15.509,1.46006,1.46036,1.00,1.12
2015.06.04 22:49:15.560,1.46002,1.46036,1.00,1.87
2015.06.04 22:49:15.662,1.45998,1.46036,1.37,1.87
2015.06.04 22:49:15.815,1.45997,1.46033,1.87,1.00
2015.06.04 22:49:16.069,1.45998,1.46035,1.37,1.12
2015.06.04 22:49:16.120,1.46006,1.46037,1.00,1.37
2015.06.04 22:49:16.397,1.46011,1.46044,1.37,1.00
2015.06.04 22:49:16.908,1.46011,1.46045,1.87,1.00
2015.06.04 22:49:17.216,1.46011,1.46047,1.87,1.00
2015.06.04 22:49:17.267,1.46011,1.46047,2.25,1.00
2015.06.04 22:49:17.740,1.46011,1.4605,2.25,1.87
2015.06.04 22:49:18.266,1.46011,1.4605,2.25,1.87
2015.06.04 22:49:18.821,1.46011,1.46049,2.25,1.00
2015.06.04 22:49:19.344,1.46011,1.4605,3.00,1.00
2015.06.04 22:49:19.653,1.46009,1.46046,1.75,1.00
2015.06.04 22:49:19.909,1.45998,1.46032,1.37,1.00
2015.06.04 22:49:21.428,1.45996,1.46032,1.75,1.87
2015.06.04 22:49:21.530,1.45996,1.46032,1.37,1.87
2015.06.04 22:49:24.388,1.45996,1.4603,1.37,1.37
2015.06.04 22:49:24.491,1.45996,1.4603,1.37,1.12
2015.06.04 22:49:24.695,1.45996,1.4603,1.75,1.00
2015.06.04 22:49:25.113,1.45997,1.4603,1.00,1.12
2015.06.04 22:49:28.749,1.45998,1.4603,1.00,1.00
2015.06.04 22:49:29.298,1.45998,1.46033,1.00,1.00
2015.06.04 22:49:29.601,1.45998,1.46033,1.50,1.37
2015.06.04 22:49:29.936,1.45998,1.4603,1.37,1.37
2015.06.04 22:49:30.197,1.45991,1.46028,1.00,1.50
2015.06.04 22:49:30.401,1.4599,1.46026,1.00,1.00
2015.06.04 22:49:31.111,1.4599,1.46026,1.37,1.12
2015.06.04 22:49:33.975,1.45991,1.46026,1.12,1.75
2015.06.04 22:49:34.282,1.45989,1.46021,1.00,1.00
2015.06.04 22:49:34.385,1.45989,1.46022,1.37,1.00
2015.06.04 22:49:34.437,1.45991,1.46027,1.37,1.00
2015.06.04 22:49:34.716,1.45991,1.46029,1.37,1.00
2015.06.04 22:49:34.919,1.45993,1.46031,1.12,1.87
2015.06.04 22:49:35.380,1.45993,1.46031,1.75,1.87
2015.06.04 22:49:37.015,1.45995,1.46031,1.50,1.87
2015.06.04 22:49:38.206,1.45991,1.46025,1.37,1.00
2015.06.04 22:49:38.258,1.45994,1.46024,1.37,1.37
2015.06.04 22:49:38.563,1.45994,1.46024,1.12,1.12
2015.06.04 22:49:39.072,1.45994,1.46024,1.37,1.00
2015.06.04 22:49:39.225,1.45994,1.46024,1.75,1.00
2015.06.04 22:49:39.491,1.45994,1.46024,1.37,1.12
2015.06.04 22:49:39.543,1.45994,1.46024,1.37,1.50
2015.06.04 22:49:40.493,1.45994,1.46022,1.12,1.00
2015.06.04 22:49:40.804,1.45994,1.46024,1.37,1.50
2015.06.04 22:49:43.834,1.45994,1.46024,1.37,1.12
2015.06.04 22:49:44.196,1.4599,1.46023,1.37,1.37
2015.06.04 22:49:44.299,1.4599,1.46024,1.37,2.25
2015.06.04 22:49:44.350,1.4599,1.46022,1.37,1.00
2015.06.04 22:49:44.503,1.4599,1.46022,1.00,1.37
2015.06.04 22:49:44.656,1.4599,1.46019,1.00,1.00
2015.06.04 22:49:45.193,1.45987,1.4602,1.00,1.00
2015.06.04 22:49:45.772,1.45986,1.4602,1.12,1.00
2015.06.04 22:49:45.823,1.45986,1.4602,1.75,1.12
2015.06.04 22:49:46.623,1.45986,1.4602,2.25,1.12
2015.06.04 22:49:47.082,1.45989,1.4602,1.37,1.37
2015.06.04 22:49:47.185,1.45989,1.4602,1.75,1.12
2015.06.04 22:49:47.287,1.45989,1.4602,1.37,1.12
2015.06.04 22:49:47.389,1.45987,1.4602,1.50,1.37
2015.06.04 22:49:47.491,1.45987,1.4602,1.37,1.00
2015.06.04 22:49:47.745,1.4599,1.4602,1.00,1.00
2015.06.04 22:49:48.023,1.4599,1.46023,1.00,1.00
2015.06.04 22:49:48.133,1.45987,1.46022,1.87,1.00
2015.06.04 22:49:48.387,1.45987,1.46023,2.25,1.50
2015.06.04 22:49:48.901,1.45987,1.46022,2.25,1.00
2015.06.04 22:49:49.408,1.45987,1.46022,3.00,1.37
2015.06.04 22:49:49.560,1.4599,1.46022,1.37,1.00
2015.06.04 22:49:49.662,1.4599,1.46021,1.37,1.37
2015.06.04 22:49:49.940,1.45987,1.46021,1.50,1.12
2015.06.04 22:49:50.451,1.45987,1.46022,1.50,1.00
2015.06.04 22:49:50.603,1.45987,1.46022,2.25,1.00
2015.06.04 22:49:50.705,1.45987,1.46022,1.87,1.00
2015.06.04 22:49:50.909,1.45989,1.46022,1.75,1.00
2015.06.04 22:49:51.435,1.45988,1.46022,1.75,1.37
2015.06.04 22:49:52.899,1.45988,1.46022,1.75,1.00
2015.06.04 22:49:54.904,1.45988,1.46023,1.75,1.12
2015.06.04 22:49:55.006,1.4599,1.46023,1.75,1.12
2015.06.04 22:49:56.790,1.4599,1.46023,1.75,1.00
2015.06.04 22:49:57.446,1.45988,1.46023,1.75,1.12
2015.06.04 22:49:58.799,1.4599,1.46023,1.75,1.00
2015.06.04 22:49:59.504,1.4599,1.46023,1.75,1.37
2015.06.04 22:50:00.942,1.4599,1.46023,1.75,1.12
2015.06.04 22:50:01.844,1.4599,1.46025,2.25,1.12
2015.06.04 22:50:01.947,1.4599,1.46026,3.00,1.00
2015.06.04 22:50:01.998,1.45992,1.46032,1.75,1.87
2015.06.04 22:50:02.251,1.45996,1.46032,1.75,1.50
2015.06.04 22:50:02.759,1.45995,1.46032,1.75,1.50
2015.06.04 22:50:05.976,1.45995,1.46031,1.37,1.00
2015.06.04 22:50:06.848,1.45992,1.46031,1.00,1.37
2015.06.04 22:50:06.950,1.45993,1.4603,1.75,1.12
2015.06.04 22:50:07.053,1.45993,1.46031,1.50,1.00
2015.06.04 22:50:07.155,1.45993,1.46031,1.00,1.00
2015.06.04 22:50:07.714,1.4599,1.46029,2.25,1.00
2015.06.04 22:50:08.925,1.4599,1.46029,2.25,1.00
2015.06.04 22:50:10.526,1.4599,1.46029,1.87,1.00
2015.06.04 22:50:10.577,1.4599,1.46027,1.87,1.00
2015.06.04 22:50:10.883,1.4599,1.46027,1.87,1.00
2015.06.04 22:50:11.189,1.4599,1.46027,2.25,1.00
2015.06.04 22:50:11.443,1.45993,1.4603,1.37,1.00
2015.06.04 22:50:12.451,1.45993,1.4603,1.00,1.00
2015.06.04 22:50:12.655,1.45993,1.4603,1.37,1.00
2015.06.04 22:50:14.454,1.45993,1.4603,1.12,1.00
2015.06.04 22:50:14.759,1.45993,1.4603,1.37,1.00
2015.06.04 22:50:14.963,1.45995,1.46032,1.37,1.00
2015.06.04 22:50:16.475,1.45995,1.46032,1.12,1.00
2015.06.04 22:50:18.404,1.45995,1.46032,1.37,1.00
2015.06.04 22:50:18.919,1.45997,1.46033,1.00,1.12
2015.06.04 22:50:20.318,1.45997,1.46033,1.37,1.00
2015.06.04 22:50:20.524,1.45995,1.46033,1.37,2.25
2015.06.04 22:50:22.950,1.45995,1.46033,1.37,2.25
2015.06.04 22:50:24.201,1.45996,1.46033,1.37,2.25
2015.06.04 22:50:24.727,1.45996,1.46033,1.50,2.25
2015.06.04 22:50:24.930,1.45996,1.46033,1.37,2.25
2015.06.04 22:50:25.454,1.45996,1.46033,1.37,2.25
2015.06.04 22:50:25.969,1.45996,1.46033,1.37,2.25
2015.06.04 22:50:29.012,1.45995,1.46033,1.37,1.50
2015.06.04 22:50:29.114,1.45995,1.46033,1.37,1.50
2015.06.04 22:50:30.197,1.45994,1.46033,1.37,1.50
2015.06.04 22:50:30.502,1.45994,1.46033,1.37,1.50
2015.06.04 22:50:30.807,1.45997,1.46033,1.87,1.50
2015.06.04 22:50:30.960,1.45997,1.46035,2.62,1.00
2015.06.04 22:50:31.011,1.45997,1.4603,1.37,1.00
2015.06.04 22:50:31.113,1.45995,1.4603,1.37,1.00
2015.06.04 22:50:31.316,1.45997,1.46032,1.37,1.00
2015.06.04 22:50:31.592,1.45997,1.46037,1.37,1.50
2015.06.04 22:50:31.643,1.45999,1.46035,1.37,1.00
2015.06.04 22:50:32.151,1.46002,1.46038,1.00,1.00
2015.06.04 22:50:32.202,1.46001,1.46038,2.25,1.00
2015.06.04 22:50:32.304,1.46001,1.46038,1.37,1.00
2015.06.04 22:50:32.355,1.46005,1.4604,1.00,1.50
2015.06.04 22:50:32.457,1.46001,1.4604,1.00,1.37
2015.06.04 22:50:32.508,1.46003,1.46041,1.00,3.00
2015.06.04 22:50:33.039,1.46002,1.46039,1.37,1.00
2015.06.04 22:50:33.793,1.46001,1.46039,1.87,1.00
2015.06.04 22:50:33.895,1.46001,1.46039,1.87,1.00
2015.06.04 22:50:33.997,1.46002,1.46039,1.37,1.00
2015.06.04 22:50:34.504,1.46,1.46039,1.50,1.00
2015.06.04 22:50:39.114,1.46,1.46038,1.50,1.00
2015.06.04 22:50:39.837,1.46002,1.46039,1.37,1.00
2015.06.04 22:50:40.092,1.46002,1.46041,1.37,1.00
2015.06.04 22:50:40.144,1.46008,1.46041,1.00,1.50
2015.06.04 22:50:40.297,1.46003,1.46041,1.37,1.87
2015.06.04 22:50:40.500,1.46003,1.46041,1.37,2.25
2015.06.04 22:50:40.602,1.46003,1.46041,1.37,2.25
2015.06.04 22:50:41.111,1.46003,1.4604,1.37,1.00
2015.06.04 22:50:41.652,1.46002,1.4604,1.12,1.50
2015.06.04 22:50:42.530,1.46003,1.4604,1.75,1.12
2015.06.04 22:50:42.632,1.46003,1.4604,1.50,2.25
2015.06.04 22:50:43.133,1.46003,1.4604,1.87,1.50
2015.06.04 22:50:43.387,1.46003,1.46035,1.37,1.00
2015.06.04 22:50:43.590,1.46002,1.46037,1.37,1.00
2015.06.04 22:50:43.844,1.46002,1.46037,1.00,1.00
2015.06.04 22:50:43.946,1.46002,1.46037,1.37,1.00
2015.06.04 22:50:44.263,1.46002,1.46037,1.00,1.00
2015.06.04 22:50:44.364,1.46002,1.46037,1.37,1.12
2015.06.04 22:50:44.907,1.46002,1.46037,1.37,1.00
2015.06.04 22:50:45.242,1.46,1.46035,1.50,1.00
2015.06.04 22:50:45.294,1.46,1.46035,1.00,1.00
2015.06.04 22:50:45.346,1.46,1.46029,1.00,1.00
2015.06.04 22:50:45.397,1.45995,1.46029,1.50,1.00
2015.06.04 22:50:45.449,1.45995,1.46031,1.87,1.87
2015.06.04 22:50:45.551,1.45989,1.4603,1.50,1.12
2015.06.04 22:50:45.756,1.45993,1.46028,1.00,1.00
2015.06.04 22:50:45.858,1.45988,1.46027,2.62,1.00
2015.06.04 22:50:46.247,1.45991,1.4603,1.00,1.00
2015.06.04 22:50:46.769,1.45992,1.4603,1.00,1.00
2015.06.04 22:50:46.972,1.45992,1.4603,1.75,1.00
2015.06.04 22:50:48.468,1.45992,1.4603,1.75,1.00
2015.06.04 22:50:48.989,1.45992,1.4603,1.50,1.00
2015.06.04 22:50:49.091,1.45992,1.4603,1.75,1.00
2015.06.04 22:50:49.622,1.45992,1.4603,1.75,1.00
2015.06.04 22:50:49.848,1.45992,1.4603,1.50,1.00
2015.06.04 22:50:50.428,1.45992,1.4603,1.37,1.00
2015.06.04 22:50:50.632,1.45992,1.4603,1.75,1.00
2015.06.04 22:50:52.067,1.45992,1.4603,1.75,1.00
2015.06.04 22:50:53.108,1.45992,1.4603,2.25,1.00
2015.06.04 22:50:53.748,1.45994,1.46031,1.00,1.37
2015.06.04 22:50:54.104,1.45998,1.46032,1.37,1.00
2015.06.04 22:50:54.156,1.45998,1.46034,1.37,1.12
2015.06.04 22:50:54.207,1.45998,1.46034,1.00,1.00
2015.06.04 22:50:54.258,1.45995,1.46034,2.62,1.00
2015.06.04 22:50:54.788,1.45995,1.46035,2.25,1.12
2015.06.04 22:50:55.430,1.45995,1.46034,1.00,1.00
2015.06.04 22:50:57.139,1.45995,1.46035,1.00,1.12
2015.06.04 22:50:58.132,1.45995,1.46034,1.00,1.00
2015.06.04 22:50:58.787,1.45995,1.46036,1.00,4.12
2015.06.04 22:50:58.890,1.45995,1.4603,1.00,1.00
2015.06.04 22:50:59.195,1.45987,1.46024,1.37,1.87
2015.06.04 22:50:59.297,1.45987,1.46023,1.37,1.00
2015.06.04 22:50:59.348,1.45987,1.46023,1.00,1.00
2015.06.04 22:50:59.713,1.4599,1.46024,1.00,1.00
2015.06.04 22:51:00.221,1.4599,1.46025,1.00,1.87
2015.06.04 22:51:01.772,1.4599,1.46025,1.37,1.87
2015.06.04 22:51:04.043,1.4599,1.46024,1.00,1.75
2015.06.04 22:51:04.095,1.45988,1.46024,1.12,1.75
2015.06.04 22:51:04.602,1.4599,1.46024,1.00,1.75
2015.06.04 22:51:09.340,1.4599,1.46021,1.00,1.00
2015.06.04 22:51:09.841,1.4599,1.46021,1.37,1.00
2015.06.04 22:51:10.318,1.45994,1.46024,1.00,1.75
2015.06.04 22:51:10.624,1.45994,1.46024,1.37,1.37
2015.06.04 22:51:11.133,1.45994,1.46024,1.37,1.00
2015.06.04 22:51:12.491,1.45994,1.46024,1.37,1.37
2015.06.04 22:51:15.132,1.45994,1.46024,1.37,1.37
2015.06.04 22:51:23.863,1.45994,1.46024,1.37,1.00
2015.06.04 22:51:25.763,1.45991,1.46025,1.00,1.87
2015.06.04 22:51:25.814,1.45991,1.46017,1.00,1.50
2015.06.04 22:51:25.916,1.45989,1.46025,1.00,1.87
2015.06.04 22:51:25.967,1.45987,1.46021,1.00,1.37
2015.06.04 22:51:26.019,1.45987,1.46017,1.00,1.37
2015.06.04 22:51:26.172,1.45984,1.46017,1.37,1.37
2015.06.04 22:51:27.219,1.45983,1.4602,1.37,2.25
2015.06.04 22:51:27.321,1.45983,1.46021,1.87,1.75
2015.06.04 22:51:27.728,1.45984,1.46019,1.37,1.00
2015.06.04 22:51:28.296,1.45986,1.4602,1.87,1.00
2015.06.04 22:51:28.671,1.45986,1.46023,1.87,1.87
2015.06.04 22:51:37.622,1.45986,1.46018,1.87,1.00
2015.06.04 22:51:39.718,1.45986,1.46018,1.87,1.00
2015.06.04 22:51:40.240,1.45986,1.46018,1.87,1.00
2015.06.04 22:51:42.203,1.45986,1.46015,1.37,1.00
2015.06.04 22:51:46.275,1.45985,1.46017,1.87,1.00
2015.06.04 22:51:46.785,1.45985,1.46017,1.87,1.00
2015.06.04 22:51:48.589,1.45985,1.46017,1.87,1.00
2015.06.04 22:51:50.188,1.45989,1.46017,1.00,1.50
2015.06.04 22:51:56.081,1.45984,1.46016,1.50,1.00
2015.06.04 22:51:56.460,1.45986,1.46017,1.00,1.37
2015.06.04 22:51:56.511,1.45986,1.46017,1.00,1.00
2015.06.04 22:51:56.613,1.45987,1.46019,1.50,1.50
2015.06.04 22:51:57.593,1.4599,1.46019,1.00,1.00
2015.06.04 22:51:57.746,1.4599,1.46021,1.50,1.00
2015.06.04 22:51:57.977,1.45995,1.46021,1.00,1.00
2015.06.04 22:51:58.030,1.45995,1.46028,1.50,1.50
2015.06.04 22:51:58.081,1.45991,1.46024,1.87,1.37
2015.06.04 22:51:58.234,1.45991,1.46024,1.87,1.37
2015.06.04 22:51:59.007,1.45991,1.46024,1.50,1.37
2015.06.04 22:51:59.497,1.45991,1.46024,1.00,1.37
2015.06.04 22:52:01.022,1.45991,1.46024,1.00,1.50
2015.06.04 22:52:01.124,1.45991,1.46024,1.00,1.37
2015.06.04 22:52:01.633,1.45991,1.46024,1.00,1.37
2015.06.04 22:52:02.057,1.45991,1.4602,1.00,1.75
2015.06.04 22:52:02.108,1.45987,1.4602,1.50,1.75
2015.06.04 22:52:02.209,1.45984,1.46018,1.37,1.75
2015.06.04 22:52:02.261,1.45985,1.46018,1.00,1.37
2015.06.04 22:52:02.363,1.45984,1.46018,2.25,1.37
2015.06.04 22:52:02.668,1.45991,1.46023,1.00,1.50
2015.06.04 22:52:03.182,1.45991,1.46023,1.00,1.75
2015.06.04 22:52:03.711,1.45988,1.46021,1.37,1.37
2015.06.04 22:52:06.198,1.45988,1.46021,1.12,1.37
2015.06.04 22:52:06.706,1.45988,1.46021,1.00,1.37
2015.06.04 22:52:07.275,1.45988,1.46021,1.00,1.87
2015.06.04 22:52:07.580,1.45988,1.46021,1.00,1.87
2015.06.04 22:52:10.204,1.45988,1.46021,1.00,1.87
2015.06.04 22:52:18.699,1.45988,1.46021,1.00,1.87
2015.06.04 22:52:20.825,1.45988,1.46021,1.37,1.87
2015.06.04 22:52:21.028,1.45991,1.46021,1.37,1.50
2015.06.04 22:52:21.181,1.45992,1.46025,1.75,1.00
2015.06.04 22:52:21.334,1.45996,1.46028,1.50,1.12
2015.06.04 22:52:21.920,1.45996,1.46029,1.50,1.00
2015.06.04 22:52:22.277,1.45996,1.46027,1.50,1.00
2015.06.04 22:52:22.809,1.45996,1.46027,1.87,1.00
2015.06.04 22:52:29.840,1.45999,1.46031,1.50,2.62
2015.06.04 22:52:30.311,1.45994,1.46015,1.00,1.00
2015.06.04 22:52:30.364,1.45985,1.46018,1.37,1.00
2015.06.04 22:52:30.416,1.45985,1.46018,1.00,1.00
2015.06.04 22:52:30.925,1.45985,1.46018,1.37,1.00
2015.06.04 22:52:31.549,1.45985,1.46018,1.50,1.00
2015.06.04 22:52:33.716,1.45985,1.46018,1.50,1.37
2015.06.04 22:52:34.251,1.45986,1.46018,1.00,1.37
2015.06.04 22:52:34.989,1.45986,1.46018,1.00,1.12
2015.06.04 22:52:35.555,1.45988,1.46018,1.00,1.00
2015.06.04 22:52:35.892,1.4599,1.46018,1.00,1.00
2015.06.04 22:52:38.304,1.45992,1.46018,1.00,1.12
2015.06.04 22:52:39.466,1.45992,1.46018,1.00,1.37
2015.06.04 22:52:39.518,1.45992,1.46018,1.00,1.00
2015.06.04 22:52:39.729,1.45992,1.46018,1.00,1.37
2015.06.04 22:52:39.831,1.45992,1.46018,1.00,1.00
2015.06.04 22:52:41.863,1.45992,1.46018,1.00,1.37
2015.06.04 22:52:42.862,1.45992,1.46018,1.00,1.37
2015.06.04 22:52:43.717,1.45992,1.46018,1.00,1.12
2015.06.04 22:52:43.819,1.45994,1.46018,1.00,1.12
2015.06.04 22:52:44.168,1.45994,1.46023,1.00,1.37
2015.06.04 22:52:44.715,1.45994,1.46023,1.00,1.37
2015.06.04 22:52:45.266,1.45995,1.46023,1.00,1.37
2015.06.04 22:52:46.840,1.45995,1.46021,1.00,1.37
2015.06.04 22:52:46.992,1.45997,1.4602,1.00,1.37
2015.06.04 22:52:47.145,1.45995,1.4602,1.00,1.37
2015.06.04 22:52:47.248,1.45992,1.4602,1.00,1.37
2015.06.04 22:52:47.717,1.45992,1.4602,1.37,1.00
2015.06.04 22:52:47.819,1.45991,1.4602,1.00,1.00
2015.06.04 22:52:48.081,1.45991,1.46024,1.00,1.50
2015.06.04 22:52:48.133,1.45993,1.46024,1.00,1.50
2015.06.04 22:52:48.439,1.45993,1.46021,1.00,1.00
2015.06.04 22:52:48.541,1.45991,1.46021,1.00,1.00
2015.06.04 22:52:48.862,1.45993,1.46021,1.00,1.00
2015.06.04 22:52:49.378,1.45993,1.46021,1.00,1.37
2015.06.04 22:52:49.995,1.45993,1.46021,1.00,1.00
2015.06.04 22:52:50.531,1.45993,1.46021,1.00,1.37
2015.06.04 22:52:51.034,1.45993,1.46021,1.00,1.12
2015.06.04 22:52:51.563,1.45987,1.46021,1.12,1.37
2015.06.04 22:52:52.087,1.45986,1.46021,1.87,1.87
2015.06.04 22:52:52.290,1.45986,1.46017,1.87,1.00
2015.06.04 22:52:54.584,1.45989,1.46017,1.00,1.00
2015.06.04 22:52:55.165,1.45989,1.46016,1.12,1.00
2015.06.04 22:52:56.400,1.45989,1.46017,1.12,1.00
2015.06.04 22:52:57.903,1.4599,1.46018,1.00,1.12
2015.06.04 22:52:58.208,1.45986,1.46019,2.25,1.37
2015.06.04 22:52:58.310,1.45988,1.46015,1.12,1.00
2015.06.04 22:52:58.819,1.45987,1.46015,1.12,1.00
2015.06.04 22:53:04.023,1.45987,1.46012,1.00,1.00
2015.06.04 22:53:06.474,1.45986,1.46012,1.50,1.00
2015.06.04 22:53:06.804,1.46,1.46019,1.37,1.00
2015.06.04 22:53:06.856,1.45999,1.4603,1.87,1.00
2015.06.04 22:53:06.907,1.46003,1.4603,1.37,1.00
2015.06.04 22:53:06.958,1.46003,1.46035,1.37,1.00
2015.06.04 22:53:07.110,1.4601,1.46035,1.00,1.00
2015.06.04 22:53:07.162,1.4601,1.46037,1.00,1.00
2015.06.04 22:53:07.473,1.4601,1.46039,1.00,1.00
2015.06.04 22:53:08.050,1.4601,1.46038,1.00,1.00
2015.06.04 22:53:09.036,1.4601,1.4604,1.00,1.00
2015.06.04 22:53:09.659,1.4601,1.4604,1.00,1.37
2015.06.04 22:53:09.761,1.4601,1.46036,1.00,1.37
2015.06.04 22:53:09.812,1.46005,1.46036,1.50,1.37
2015.06.04 22:53:11.093,1.46002,1.46035,1.37,1.87
2015.06.04 22:53:11.543,1.46,1.46029,1.87,1.00
2015.06.04 22:53:11.645,1.45996,1.46028,1.75,1.87
2015.06.04 22:53:11.747,1.45996,1.46028,1.87,1.87
2015.06.04 22:53:11.798,1.45996,1.46028,1.50,1.87
2015.06.04 22:53:12.102,1.45993,1.46028,1.50,2.25
2015.06.04 22:53:12.154,1.45993,1.46025,1.50,1.37
2015.06.04 22:53:12.522,1.45985,1.46017,1.37,1.00
2015.06.04 22:53:12.624,1.45984,1.46017,1.00,1.00
2015.06.04 22:53:12.979,1.45984,1.46017,1.00,1.87
2015.06.04 22:53:13.335,1.45984,1.46016,1.00,1.37
2015.06.04 22:53:13.437,1.45984,1.46016,1.00,1.37
2015.06.04 22:53:14.025,1.45984,1.46017,1.00,1.37
2015.06.04 22:53:14.555,1.45984,1.46017,1.00,1.37
2015.06.04 22:53:16.200,1.45985,1.46015,1.00,1.00
2015.06.04 22:53:16.251,1.45987,1.46015,1.00,1.00
2015.06.04 22:53:16.302,1.45987,1.46018,1.00,1.12
2015.06.04 22:53:16.608,1.45987,1.46018,1.00,1.37
2015.06.04 22:53:16.761,1.45983,1.46017,1.37,1.37
2015.06.04 22:53:17.264,1.45983,1.46017,1.37,1.37
2015.06.04 22:53:17.740,1.45985,1.46018,1.50,1.12
2015.06.04 22:53:18.611,1.45985,1.46017,1.50,1.00
2015.06.04 22:53:20.049,1.45987,1.4602,1.00,2.62
2015.06.04 22:53:20.372,1.45987,1.4602,1.00,2.62
2015.06.04 22:53:20.603,1.45991,1.4602,1.00,2.62
2015.06.04 22:53:21.302,1.45991,1.46017,1.00,1.00
2015.06.04 22:53:21.843,1.45991,1.4602,1.00,1.87
2015.06.04 22:53:22.030,1.45991,1.4602,1.00,1.87
2015.06.04 22:53:22.441,1.45991,1.46022,1.00,1.12
2015.06.04 22:53:22.543,1.45991,1.46022,1.00,1.37
2015.06.04 22:53:23.081,1.45991,1.46022,1.00,1.37
2015.06.04 22:53:24.078,1.45991,1.46016,1.00,1.37
2015.06.04 22:53:24.130,1.45987,1.46016,1.00,1.37
2015.06.04 22:53:24.334,1.45987,1.46016,1.00,1.37
2015.06.04 22:53:24.717,1.45989,1.46014,1.00,1.37
2015.06.04 22:53:25.022,1.45988,1.4601,1.00,1.37
2015.06.04 22:53:25.562,1.45988,1.4601,1.00,1.37
2015.06.04 22:53:25.614,1.45985,1.4601,1.00,1.37
2015.06.04 22:53:30.735,1.45985,1.46009,1.00,1.00
2015.06.04 22:53:32.694,1.45985,1.46011,1.00,1.12
2015.06.04 22:53:33.219,1.45985,1.4601,1.00,1.12
2015.06.04 22:53:34.017,1.45985,1.4601,1.00,1.37
2015.06.04 22:53:35.629,1.45982,1.4601,1.00,1.37
2015.06.04 22:53:36.137,1.45982,1.46012,1.00,1.37
2015.06.04 22:53:38.002,1.45982,1.46008,1.00,1.00
2015.06.04 22:53:38.534,1.45982,1.46011,1.00,1.37
2015.06.04 22:53:40.009,1.45982,1.46008,1.00,1.00
2015.06.04 22:53:40.556,1.45982,1.46009,1.00,1.12
2015.06.04 22:53:41.931,1.4598,1.46012,1.50,1.37
2015.06.04 22:53:42.278,1.4598,1.46012,1.87,1.50
2015.06.04 22:53:43.089,1.4598,1.46009,1.12,1.37
2015.06.04 22:53:47.491,1.45979,1.46009,1.00,1.37
2015.06.04 22:53:49.613,1.45979,1.46009,1.00,1.12
2015.06.04 22:53:50.015,1.45979,1.46009,1.50,1.75
2015.06.04 22:53:50.373,1.45981,1.46009,1.37,1.75
2015.06.04 22:53:50.424,1.45981,1.46009,1.37,1.37
2015.06.04 22:53:50.729,1.45984,1.46012,1.37,1.12
2015.06.04 22:53:50.831,1.45996,1.46012,1.00,1.00
2015.06.04 22:53:50.882,1.45996,1.46016,1.00,1.37
2015.06.04 22:53:51.162,1.45996,1.46013,1.00,1.50
2015.06.04 22:53:51.670,1.45996,1.46012,1.00,1.50
2015.06.04 22:53:54.014,1.45996,1.46012,1.00,1.75
2015.06.04 22:53:54.067,1.45979,1.4601,1.00,1.75
2015.06.04 22:53:54.575,1.45976,1.46009,1.00,2.25
2015.06.04 22:53:55.250,1.45975,1.46009,1.00,2.25
2015.06.04 22:54:00.735,1.45975,1.46009,1.00,2.62
2015.06.04 22:54:01.039,1.45975,1.46009,1.37,2.62
2015.06.04 22:54:01.162,1.45975,1.46009,1.12,2.62
2015.06.04 22:54:01.214,1.45975,1.46009,1.12,3.00
2015.06.04 22:54:01.317,1.45975,1.46009,1.50,2.62
2015.06.04 22:54:01.826,1.45976,1.46009,1.00,1.87
2015.06.04 22:54:03.220,1.45977,1.46009,1.00,1.87
2015.06.04 22:54:05.222,1.45977,1.46009,1.00,2.25
2015.06.04 22:54:05.731,1.45976,1.46007,1.00,1.75
2015.06.04 22:54:09.770,1.45976,1.46006,1.00,1.87
2015.06.04 22:54:09.871,1.45976,1.46006,1.00,1.87
2015.06.04 22:54:10.507,1.45976,1.46007,1.00,1.12
2015.06.04 22:54:11.036,1.45976,1.46007,1.00,1.37
2015.06.04 22:54:13.595,1.45973,1.46007,2.62,1.37
2015.06.04 22:54:15.331,1.45973,1.46008,1.87,1.37
2015.06.04 22:54:15.924,1.45971,1.46004,1.37,1.00
2015.06.04 22:54:18.545,1.45973,1.46004,1.37,1.37
2015.06.04 22:54:18.756,1.45972,1.46001,1.37,1.00
2015.06.04 22:54:20.849,1.4597,1.46001,1.37,1.00
2015.06.04 22:54:21.200,1.4597,1.46001,1.37,1.37
2015.06.04 22:54:21.650,1.4597,1.46001,1.50,1.12
2015.06.04 22:54:22.004,1.4597,1.45999,1.37,1.00
2015.06.04 22:54:22.599,1.45971,1.45998,1.37,1.00
2015.06.04 22:54:31.194,1.45973,1.45998,1.00,1.00
2015.06.04 22:54:43.163,1.45972,1.45998,1.00,1.00
2015.06.04 22:54:43.950,1.45972,1.45999,1.00,1.00
2015.06.04 22:54:44.007,1.45972,1.46003,1.00,1.00
2015.06.04 22:54:47.460,1.45972,1.46003,1.00,1.37
2015.06.04 22:54:52.093,1.45972,1.45997,1.00,1.00
2015.06.04 22:54:56.821,1.45971,1.45997,1.00,1.00
2015.06.04 22:54:57.809,1.45971,1.45999,1.00,1.00
2015.06.04 22:54:58.426,1.45971,1.46,1.00,1.00
2015.06.04 22:54:59.288,1.45973,1.46,1.00,1.00
2015.06.04 22:54:59.592,1.45973,1.46002,1.00,1.00
2015.06.04 22:55:00.163,1.45973,1.46003,1.00,1.50
2015.06.04 22:55:00.878,1.45974,1.46003,1.00,1.50
2015.06.04 22:55:00.929,1.45974,1.46003,1.50,1.50
2015.06.04 22:55:01.234,1.45975,1.45998,1.00,1.37
2015.06.04 22:55:01.470,1.45971,1.45994,1.00,1.12
2015.06.04 22:55:01.628,1.45971,1.45994,1.00,1.37
2015.06.04 22:55:01.934,1.45973,1.45994,1.00,1.37
2015.06.04 22:55:02.087,1.4597,1.45994,1.00,1.37
2015.06.04 22:55:06.265,1.4597,1.45994,1.00,1.00
2015.06.04 22:55:06.417,1.4597,1.45996,1.00,1.00
2015.06.04 22:55:06.469,1.4597,1.45999,1.00,1.87
2015.06.04 22:55:06.825,1.45972,1.45999,1.50,1.00
2015.06.04 22:55:06.876,1.45972,1.46006,1.50,1.87
2015.06.04 22:55:06.927,1.45972,1.46006,1.50,1.50
2015.06.04 22:55:06.978,1.45977,1.46006,1.75,1.00
2015.06.04 22:55:07.315,1.45984,1.46,1.00,1.00
2015.06.04 22:55:07.368,1.45972,1.46,1.00,1.00
2015.06.04 22:55:07.623,1.45969,1.46,1.00,1.00
2015.06.04 22:55:09.482,1.45969,1.46,1.37,1.00
2015.06.04 22:55:10.883,1.45967,1.45997,1.75,1.00
2015.06.04 22:55:11.103,1.45966,1.45997,1.12,1.12
2015.06.04 22:55:11.357,1.45966,1.45997,1.12,1.37
2015.06.04 22:55:11.460,1.45966,1.45997,1.00,1.87
2015.06.04 22:55:11.512,1.45966,1.45993,1.00,1.00
2015.06.04 22:55:11.767,1.45966,1.45997,1.00,1.37
2015.06.04 22:55:13.485,1.45962,1.45995,1.37,1.12
2015.06.04 22:55:13.588,1.45962,1.45992,1.37,1.00
2015.06.04 22:55:14.192,1.45962,1.45992,1.37,1.50
2015.06.04 22:55:16.737,1.45962,1.4599,1.37,1.00
2015.06.04 22:55:22.224,1.45959,1.45992,1.87,1.87
2015.06.04 22:55:24.163,1.45959,1.45992,1.50,1.37
2015.06.04 22:55:24.712,1.45959,1.45992,1.37,1.87
2015.06.04 22:55:25.064,1.45959,1.45992,1.00,1.12
2015.06.04 22:55:25.579,1.45959,1.45992,1.37,1.37
2015.06.04 22:55:25.916,1.45958,1.45989,1.37,1.00
2015.06.04 22:55:25.968,1.45958,1.45989,1.00,1.00
2015.06.04 22:55:26.486,1.45958,1.45989,1.37,1.00
2015.06.04 22:55:27.141,1.45958,1.45989,1.12,1.00
2015.06.04 22:55:29.349,1.45956,1.45989,1.37,1.00
2015.06.04 22:55:29.553,1.45956,1.45987,1.37,1.00
2015.06.04 22:55:29.604,1.45955,1.45987,1.00,1.00
2015.06.04 22:55:30.111,1.45956,1.45987,1.00,1.12
2015.06.04 22:55:32.134,1.45959,1.45987,1.00,1.00
2015.06.04 22:55:32.505,1.45957,1.45988,1.00,1.37
2015.06.04 22:55:32.867,1.45955,1.45985,1.00,1.12
2015.06.04 22:55:33.988,1.45955,1.45985,1.00,1.37
2015.06.04 22:55:34.302,1.45957,1.45985,1.00,1.37
2015.06.04 22:55:39.482,1.45954,1.45982,1.00,1.12
2015.06.04 22:55:39.533,1.45954,1.45982,1.00,1.50
2015.06.04 22:55:39.584,1.4595,1.45981,1.12,1.37
2015.06.04 22:55:39.838,1.4595,1.45982,1.37,1.37
2015.06.04 22:55:39.940,1.4595,1.45982,1.37,1.37
2015.06.04 22:55:40.449,1.4595,1.45982,1.37,1.37
2015.06.04 22:55:41.636,1.45952,1.45982,1.00,1.37
2015.06.04 22:55:43.690,1.45952,1.45982,1.00,1.12
2015.06.04 22:55:43.793,1.45953,1.45981,1.00,1.37
2015.06.04 22:55:44.098,1.45951,1.45981,1.00,1.75
2015.06.04 22:55:44.301,1.45951,1.45981,1.00,1.37
2015.06.04 22:55:44.356,1.45949,1.45981,1.00,1.37
2015.06.04 22:55:44.458,1.45949,1.45975,1.00,1.00
2015.06.04 22:55:44.966,1.4595,1.45975,1.00,1.00
2015.06.04 22:55:45.322,1.45952,1.45975,1.00,1.00
2015.06.04 22:55:45.525,1.45952,1.4598,1.00,2.25
2015.06.04 22:55:45.838,1.45952,1.4598,1.00,1.87
2015.06.04 22:55:46.435,1.45952,1.4598,1.00,2.62
2015.06.04 22:55:46.747,1.45952,1.45976,1.00,1.87
2015.06.04 22:55:47.263,1.45951,1.45976,1.00,1.50
2015.06.04 22:55:51.134,1.45949,1.45976,1.00,1.50
2015.06.04 22:55:51.909,1.4595,1.45976,1.00,1.50
2015.06.04 22:55:52.440,1.4595,1.4598,1.00,1.87
2015.06.04 22:55:53.153,1.4595,1.4598,1.00,2.62
2015.06.04 22:55:53.600,1.4595,1.4598,1.00,1.50
2015.06.04 22:55:53.854,1.4595,1.45982,1.00,2.62
2015.06.04 22:55:54.209,1.45948,1.45982,1.50,2.62
2015.06.04 22:55:54.531,1.45948,1.45982,1.00,3.75
2015.06.04 22:55:54.786,1.45944,1.45977,1.00,1.12
2015.06.04 22:55:55.404,1.45945,1.45977,1.00,1.00
2015.06.04 22:56:01.035,1.45945,1.45977,1.37,1.00
2015.06.04 22:56:01.086,1.45946,1.45979,1.37,1.00
2015.06.04 22:56:01.290,1.45946,1.45981,1.37,1.12
2015.06.04 22:56:01.827,1.45948,1.45981,1.00,1.00
2015.06.04 22:56:02.201,1.45949,1.45984,1.50,3.37
2015.06.04 22:56:02.747,1.45949,1.45984,1.50,2.62
2015.06.04 22:56:04.467,1.45949,1.45982,1.00,1.00
2015.06.04 22:56:05.159,1.45948,1.45981,1.00,1.00
2015.06.04 22:56:05.789,1.45948,1.45982,1.00,1.00
2015.06.04 22:56:06.306,1.45948,1.45982,1.00,1.37
2015.06.04 22:56:06.662,1.45948,1.45981,1.00,1.37
2015.06.04 22:56:07.069,1.45948,1.45982,1.00,1.00
2015.06.04 22:56:07.172,1.45948,1.45982,1.00,1.37
2015.06.04 22:56:07.681,1.45948,1.45982,1.12,1.37
2015.06.04 22:56:09.185,1.45948,1.45981,1.00,1.12
2015.06.04 22:56:09.698,1.45948,1.45981,1.00,1.37
2015.06.04 22:56:10.472,1.45948,1.4598,1.00,1.37
2015.06.04 22:56:10.777,1.45948,1.45982,1.00,1.50
2015.06.04 22:56:10.879,1.45951,1.45982,1.00,1.50
2015.06.04 22:56:11.083,1.45948,1.45982,1.00,1.50
2015.06.04 22:56:11.185,1.45951,1.45982,1.00,1.00
2015.06.04 22:56:11.339,1.45948,1.4598,1.00,1.00
2015.06.04 22:56:14.186,1.45948,1.4598,1.37,1.12
2015.06.04 22:56:15.513,1.45948,1.45979,1.37,1.00
2015.06.04 22:56:18.204,1.45948,1.45979,1.00,1.00
2015.06.04 22:56:18.255,1.45948,1.45977,1.00,1.00
2015.06.04 22:56:18.765,1.45947,1.45977,1.12,1.00
2015.06.04 22:56:19.418,1.45947,1.45975,1.00,1.00
2015.06.04 22:56:20.728,1.45947,1.45978,1.12,1.12
2015.06.04 22:56:21.262,1.45947,1.45978,1.37,1.00
2015.06.04 22:56:23.325,1.45947,1.45978,1.37,1.37
2015.06.04 22:56:23.873,1.45947,1.45976,1.37,1.00
2015.06.04 22:56:26.862,1.45947,1.45975,1.37,1.00
2015.06.04 22:56:27.568,1.45944,1.45974,2.62,1.00
2015.06.04 22:56:28.189,1.45944,1.45973,2.62,1.50
2015.06.04 22:56:28.241,1.45944,1.45973,1.50,2.25
2015.06.04 22:56:28.505,1.45936,1.45967,1.00,1.00
2015.06.04 22:56:28.608,1.45938,1.45967,1.00,1.00
2015.06.04 22:56:28.660,1.45939,1.45972,1.00,1.00
2015.06.04 22:56:29.273,1.45939,1.4597,1.00,1.00
2015.06.04 22:56:29.324,1.45936,1.45969,1.00,1.00
2015.06.04 22:56:29.375,1.45936,1.45965,1.00,1.00
2015.06.04 22:56:29.529,1.45936,1.45969,1.00,1.50
2015.06.04 22:56:29.809,1.45936,1.45965,1.00,1.00
2015.06.04 22:56:29.912,1.45936,1.45967,1.00,1.00
2015.06.04 22:56:30.218,1.45934,1.45967,2.25,1.00
2015.06.04 22:56:30.725,1.45937,1.45967,1.00,1.37
2015.06.04 22:56:30.827,1.45934,1.45964,1.00,1.37
2015.06.04 22:56:30.878,1.45931,1.45962,1.00,1.12
2015.06.04 22:56:30.930,1.4593,1.45962,1.12,1.87
2015.06.04 22:56:31.195,1.45927,1.45957,1.00,1.00
2015.06.04 22:56:31.246,1.45927,1.45959,1.00,1.00
2015.06.04 22:56:31.348,1.45928,1.45963,1.00,1.00
2015.06.04 22:56:31.991,1.45934,1.45963,1.00,1.50
2015.06.04 22:56:32.510,1.45935,1.45964,1.00,1.00
2015.06.04 22:56:35.100,1.45935,1.45965,1.00,1.00
2015.06.04 22:56:35.668,1.45936,1.45965,1.00,1.00
2015.06.04 22:56:35.973,1.45939,1.45966,1.00,1.00
2015.06.04 22:56:36.278,1.45933,1.4596,1.00,1.00
2015.06.04 22:56:36.329,1.45928,1.4596,1.00,1.00
2015.06.04 22:56:37.784,1.45928,1.4596,1.00,1.37
2015.06.04 22:56:40.370,1.45928,1.4596,1.00,1.12
2015.06.04 22:56:40.877,1.45929,1.45961,1.00,1.37
2015.06.04 22:56:43.082,1.45929,1.45961,1.37,1.12
2015.06.04 22:56:43.316,1.45929,1.45961,1.37,1.00
2015.06.04 22:56:44.681,1.45929,1.45961,1.75,1.00
2015.06.04 22:56:45.137,1.45932,1.45961,1.75,1.00
2015.06.04 22:56:45.648,1.45932,1.45961,1.75,1.00
2015.06.04 22:56:47.181,1.45932,1.45961,1.87,1.00
2015.06.04 22:56:48.613,1.45932,1.45961,1.50,1.00
2015.06.04 22:56:50.477,1.4593,1.45961,1.37,1.00
2015.06.04 22:56:53.302,1.45928,1.45961,1.75,1.00
2015.06.04 22:56:54.350,1.45929,1.45961,1.75,1.00
2015.06.04 22:56:54.452,1.45928,1.45961,1.12,1.00
2015.06.04 22:56:54.605,1.45932,1.45961,1.00,1.00
2015.06.04 22:56:57.607,1.4593,1.45961,1.00,1.00
2015.06.04 22:57:01.069,1.45931,1.45961,2.25,1.00
2015.06.04 22:57:01.172,1.45931,1.45963,1.37,1.50
2015.06.04 22:57:01.275,1.45932,1.45966,1.00,1.87
2015.06.04 22:57:01.793,1.45933,1.45966,1.00,1.87
2015.06.04 22:57:02.195,1.45933,1.45966,1.37,1.87
2015.06.04 22:57:02.264,1.45933,1.45966,1.00,1.87
2015.06.04 22:57:03.553,1.45934,1.45966,1.00,1.87
2015.06.04 22:57:03.756,1.45932,1.45966,1.12,1.87
2015.06.04 22:57:06.893,1.45931,1.45966,3.00,1.50
2015.06.04 22:57:07.780,1.45933,1.45966,1.50,1.50
2015.06.04 22:57:08.312,1.45932,1.45966,1.75,1.50
2015.06.04 22:57:17.673,1.45931,1.45966,3.75,1.50
2015.06.04 22:57:18.285,1.45936,1.45966,2.25,1.00
2015.06.04 22:57:18.336,1.45936,1.45964,1.50,1.00
2015.06.04 22:57:18.387,1.45933,1.45964,1.37,1.50
2015.06.04 22:57:19.268,1.45929,1.45964,2.25,1.87
2015.06.04 22:57:20.871,1.45929,1.45964,2.25,1.50
2015.06.04 22:57:21.177,1.45932,1.45964,1.75,1.87
2015.06.04 22:57:23.896,1.45937,1.45966,1.75,1.00
2015.06.04 22:57:24.189,1.45937,1.45966,1.00,1.00
2015.06.04 22:57:24.241,1.45932,1.45964,1.37,1.00
2015.06.04 22:57:24.699,1.45934,1.45966,1.37,1.00
2015.06.04 22:57:25.056,1.45938,1.45966,1.00,1.00
2015.06.04 22:57:25.158,1.45939,1.45969,1.00,1.00
2015.06.04 22:57:25.597,1.4594,1.45972,2.25,1.50
2015.06.04 22:57:26.632,1.45942,1.45972,1.75,1.00
2015.06.04 22:57:27.190,1.45942,1.45972,1.75,1.00
2015.06.04 22:57:27.511,1.45937,1.45969,1.37,1.00
2015.06.04 22:57:27.613,1.45935,1.4597,1.75,1.50
2015.06.04 22:57:27.917,1.45935,1.45965,1.75,1.00
2015.06.04 22:57:28.323,1.45935,1.4597,1.75,1.50
2015.06.04 22:57:28.663,1.45938,1.4597,1.75,2.25
2015.06.04 22:57:28.968,1.4594,1.4597,3.00,1.00
2015.06.04 22:57:29.019,1.4594,1.45973,3.00,1.50
2015.06.04 22:57:30.952,1.4594,1.45973,2.62,1.00
2015.06.04 22:57:31.054,1.45941,1.4597,1.37,1.00
2015.06.04 22:57:31.359,1.4594,1.45972,2.25,1.00
2015.06.04 22:57:32.323,1.45941,1.45972,1.75,1.00
2015.06.04 22:57:32.856,1.45941,1.45973,2.25,1.00
2015.06.04 22:57:35.247,1.45943,1.45974,1.75,1.50
2015.06.04 22:57:35.983,1.45943,1.45974,1.50,1.00
2015.06.04 22:57:36.638,1.45943,1.45974,1.75,1.00
2015.06.04 22:57:37.304,1.45943,1.45974,1.50,1.00
2015.06.04 22:57:39.474,1.45941,1.4597,1.75,1.00
2015.06.04 22:57:39.525,1.4594,1.4597,1.37,1.00
2015.06.04 22:57:39.577,1.45939,1.45969,1.50,1.37
2015.06.04 22:57:40.084,1.45937,1.45969,1.75,1.00
2015.06.04 22:57:43.893,1.45938,1.45969,1.75,1.50
2015.06.04 22:57:44.450,1.45938,1.45968,1.75,1.00
2015.06.04 22:57:44.798,1.45937,1.45966,1.37,1.00
2015.06.04 22:57:44.900,1.45937,1.45965,1.50,1.00
2015.06.04 22:57:45.205,1.45937,1.45965,1.75,1.00
2015.06.04 22:57:45.358,1.45937,1.45965,1.37,1.00
2015.06.04 22:57:45.561,1.45937,1.45965,1.75,1.00
2015.06.04 22:57:46.068,1.45936,1.45965,1.75,1.00
2015.06.04 22:57:46.454,1.45936,1.45965,1.37,1.37
2015.06.04 22:57:46.658,1.45935,1.45964,1.37,1.37
2015.06.04 22:57:46.762,1.45931,1.45962,1.37,1.37
2015.06.04 22:57:47.751,1.45927,1.45958,2.25,1.12
2015.06.04 22:57:50.384,1.45932,1.45963,1.37,1.37
2015.06.04 22:57:50.588,1.4593,1.45962,1.87,1.37
2015.06.04 22:57:53.232,1.45932,1.45961,1.50,1.37
2015.06.04 22:57:53.283,1.45937,1.45965,1.00,1.75
2015.06.04 22:57:53.588,1.45941,1.4597,1.75,1.12
2015.06.04 22:57:54.825,1.4594,1.4597,1.37,1.37
2015.06.04 22:57:55.028,1.45937,1.4597,1.75,1.12
2015.06.04 22:57:55.842,1.45937,1.4597,1.37,1.37
2015.06.04 22:57:57.984,1.45937,1.45968,1.87,1.00
2015.06.04 22:57:58.035,1.45937,1.45968,2.25,1.87
2015.06.04 22:57:58.542,1.45936,1.45963,1.50,1.12
2015.06.04 22:57:58.796,1.45936,1.45963,1.37,1.12
2015.06.04 22:57:59.439,1.45936,1.45963,1.37,1.00
2015.06.04 22:58:00.003,1.45933,1.45963,1.75,1.37
2015.06.04 22:58:00.516,1.45933,1.45963,1.75,1.12
2015.06.04 22:58:00.888,1.45935,1.45965,1.37,1.37
2015.06.04 22:58:00.990,1.45933,1.45963,1.12,1.37
2015.06.04 22:58:01.382,1.45932,1.45963,2.25,1.12
2015.06.04 22:58:02.573,1.45934,1.45966,1.87,1.75
2015.06.04 22:58:02.676,1.45936,1.45968,1.75,1.00
2015.06.04 22:58:04.364,1.45936,1.45968,1.75,1.00
2015.06.04 22:58:04.907,1.45936,1.45972,1.75,1.37
2015.06.04 22:58:05.458,1.45938,1.45972,1.75,1.37
2015.06.04 22:58:05.559,1.4594,1.45972,1.50,1.12
2015.06.04 22:58:05.661,1.45935,1.45971,1.75,1.37
2015.06.04 22:58:06.202,1.45933,1.45968,1.75,1.00
2015.06.04 22:58:06.368,1.45933,1.45968,1.75,1.00
2015.06.04 22:58:08.954,1.45938,1.4597,1.75,1.12
2015.06.04 22:58:09.157,1.4594,1.4597,1.12,1.00
2015.06.04 22:58:09.698,1.45936,1.4597,1.50,1.12
2015.06.04 22:58:09.932,1.45939,1.4597,1.75,1.12
2015.06.04 22:58:12.645,1.45938,1.4597,1.37,1.00
2015.06.04 22:58:15.379,1.45936,1.4597,1.00,1.37
2015.06.04 22:58:15.684,1.45939,1.45968,1.00,1.37
2015.06.04 22:58:15.836,1.45937,1.45964,1.00,1.00
2015.06.04 22:58:16.767,1.45937,1.45964,1.00,1.37
2015.06.04 22:58:17.683,1.45937,1.45964,1.00,1.00
2015.06.04 22:58:19.006,1.45937,1.4597,1.00,2.25
2015.06.04 22:58:19.057,1.45937,1.4597,1.37,1.87
2015.06.04 22:58:19.261,1.45936,1.4597,1.37,1.87
2015.06.04 22:58:19.768,1.45938,1.45971,1.37,1.87
2015.06.04 22:58:19.971,1.45937,1.45971,1.12,1.37
2015.06.04 22:58:20.225,1.45934,1.45968,1.87,1.37
2015.06.04 22:58:20.276,1.45934,1.45968,1.87,1.37
2015.06.04 22:58:22.871,1.45936,1.45968,1.37,1.00
2015.06.04 22:58:23.295,1.45937,1.45968,1.00,1.37
2015.06.04 22:58:23.600,1.45938,1.45968,1.00,1.75
2015.06.04 22:58:24.119,1.45937,1.45965,1.00,1.37
2015.06.04 22:58:24.683,1.45937,1.45965,1.00,1.75
2015.06.04 22:58:24.990,1.45933,1.45962,1.00,1.75
2015.06.04 22:58:25.498,1.45932,1.4596,1.00,1.50
2015.06.04 22:58:28.139,1.45932,1.4596,1.00,1.37
2015.06.04 22:58:29.046,1.45934,1.4596,1.00,1.37
2015.06.04 22:58:29.518,1.45934,1.45961,1.00,1.37
2015.06.04 22:58:29.619,1.45934,1.45961,1.00,1.75
2015.06.04 22:58:29.822,1.45933,1.45961,1.00,1.37
2015.06.04 22:58:30.329,1.45932,1.4596,1.00,1.37
2015.06.04 22:58:33.159,1.45932,1.4596,1.00,1.37
2015.06.04 22:58:33.262,1.45932,1.4596,1.00,1.37
2015.06.04 22:58:33.921,1.4593,1.4596,1.00,1.37
2015.06.04 22:58:34.429,1.45932,1.4596,1.00,1.37
2015.06.04 22:58:35.444,1.45932,1.4596,1.00,1.37
2015.06.04 22:58:35.952,1.45932,1.4596,1.00,1.00
2015.06.04 22:58:36.464,1.45931,1.4596,1.00,1.00
2015.06.04 22:58:36.800,1.45931,1.4596,1.00,1.37
2015.06.04 22:58:37.521,1.45931,1.4596,1.00,1.37
2015.06.04 22:58:37.826,1.45931,1.4596,1.00,1.50
2015.06.04 22:58:38.333,1.45932,1.45958,1.00,1.37
2015.06.04 22:58:38.953,1.45929,1.45958,1.00,1.37
2015.06.04 22:58:47.292,1.45932,1.45958,1.00,1.37
2015.06.04 22:58:56.520,1.45932,1.45959,1.00,1.87
2015.06.04 22:58:57.093,1.4593,1.45956,1.00,1.50
2015.06.04 22:58:57.195,1.4593,1.45956,1.00,1.37
2015.06.04 22:58:57.702,1.45931,1.45956,1.00,1.37
2015.06.04 22:59:01.640,1.45931,1.45956,1.00,1.37
2015.06.04 22:59:01.742,1.45931,1.45956,1.00,1.00
2015.06.04 22:59:02.605,1.45926,1.45956,1.00,1.12
2015.06.04 22:59:03.112,1.45925,1.45956,1.00,1.12
2015.06.04 22:59:03.213,1.45925,1.45956,1.00,1.37
2015.06.04 22:59:06.963,1.45923,1.45956,1.00,1.37
2015.06.04 22:59:07.313,1.45925,1.45956,1.00,1.37
2015.06.04 22:59:16.570,1.45925,1.45955,1.00,1.00
2015.06.04 22:59:19.446,1.45925,1.45955,1.00,1.37
2015.06.04 22:59:19.547,1.45922,1.45955,1.00,1.37
2015.06.04 22:59:20.974,1.45922,1.45955,1.00,1.50
2015.06.04 22:59:21.076,1.45922,1.45955,1.37,1.12
2015.06.04 22:59:21.730,1.45925,1.45956,1.00,1.50
2015.06.04 22:59:25.171,1.45926,1.45956,1.00,1.50
2015.06.04 22:59:26.855,1.45926,1.45956,1.00,1.87
2015.06.04 22:59:26.907,1.45924,1.45955,1.00,1.50
2015.06.04 22:59:29.152,1.45924,1.45955,1.00,1.87
2015.06.04 22:59:29.673,1.45923,1.45955,1.00,2.25
2015.06.04 22:59:29.876,1.45923,1.45951,1.00,1.12
2015.06.04 22:59:29.978,1.45925,1.45951,1.00,1.12
2015.06.04 22:59:30.499,1.45925,1.45956,1.00,1.50
2015.06.04 22:59:34.474,1.45925,1.45956,1.00,1.50
2015.06.04 22:59:34.784,1.45925,1.45956,1.00,1.87
2015.06.04 22:59:35.164,1.45925,1.45956,1.00,1.75
2015.06.04 22:59:35.368,1.45925,1.45956,1.00,1.87
2015.06.04 22:59:35.690,1.45925,1.45956,1.00,1.50
2015.06.04 22:59:36.212,1.45925,1.45956,1.00,1.87
2015.06.04 22:59:37.913,1.45925,1.45956,1.00,2.25
2015.06.04 22:59:38.220,1.45925,1.45956,1.12,1.50
2015.06.04 22:59:38.733,1.45926,1.45957,1.12,1.37
2015.06.04 22:59:42.115,1.45924,1.45957,1.00,1.37
2015.06.04 22:59:42.419,1.45922,1.45945,1.00,1.00
2015.06.04 22:59:42.572,1.45922,1.4595,1.00,1.37
2015.06.04 22:59:42.623,1.45922,1.4595,1.00,1.50
2015.06.04 22:59:42.826,1.45922,1.4595,1.00,1.37
2015.06.04 22:59:42.877,1.4592,1.4595,1.00,1.37
2015.06.04 22:59:43.130,1.45921,1.4595,1.00,1.50
2015.06.04 22:59:43.182,1.45916,1.45946,1.00,1.00
2015.06.04 22:59:43.234,1.45916,1.45937,1.00,2.25
2015.06.04 22:59:43.336,1.45916,1.45935,1.00,1.00
2015.06.04 22:59:43.678,1.45916,1.45941,1.00,1.12
2015.06.04 22:59:44.388,1.45916,1.45942,1.00,1.00
2015.06.04 22:59:47.286,1.45916,1.45943,1.00,1.50
2015.06.04 22:59:48.888,1.45916,1.45945,1.00,1.00
2015.06.04 22:59:48.939,1.45919,1.45948,1.00,1.75
2015.06.04 22:59:49.243,1.45916,1.45941,1.00,1.37
2015.06.04 22:59:49.345,1.4591,1.45941,1.12,1.00
2015.06.04 22:59:49.911,1.45909,1.45941,1.00,1.00
2015.06.04 22:59:50.114,1.45918,1.45941,1.00,1.00
2015.06.04 22:59:50.804,1.45918,1.45944,1.00,1.37
2015.06.04 22:59:51.322,1.4592,1.45944,1.00,1.37
2015.06.04 22:59:51.881,1.45917,1.45944,1.00,1.37
2015.06.04 22:59:53.183,1.45919,1.45942,1.00,1.12
2015.06.04 22:59:53.489,1.45919,1.45942,1.00,1.75
2015.06.04 22:59:53.540,1.45919,1.45942,1.00,1.50
2015.06.04 22:59:53.861,1.45917,1.45942,1.00,1.50
2015.06.04 22:59:54.064,1.45915,1.45942,1.00,1.50
2015.06.04 22:59:54.166,1.4592,1.45949,1.00,1.75
2015.06.04 22:59:54.217,1.4592,1.45949,1.00,1.37
2015.06.04 22:59:54.268,1.45918,1.4595,1.00,3.37
2015.06.04 22:59:54.775,1.45919,1.45946,1.00,1.00
2015.06.04 22:59:55.414,1.45919,1.45948,1.00,2.25
2015.06.04 22:59:57.496,1.45919,1.45946,1.00,1.75
2015.06.04 22:59:58.773,1.45919,1.45942,1.00,1.00
2015.06.04 22:59:59.078,1.45917,1.45942,1.00,1.50
