2013.01.14 20:00:01.405,1.26635,1.2665,2.33,1.13
2013.01.14 20:00:01.479,1.26634,1.26646,2.48,1.50
2013.01.14 20:00:01.663,1.26634,1.2665,1.35,2.85
2013.01.14 20:00:02.339,1.26634,1.26651,1.35,1.13
2013.01.14 20:00:02.542,1.26634,1.26652,1.50,1.35
2013.01.14 20:00:03.092,1.26631,1.2665,2.25,1.35
2013.01.14 20:00:03.153,1.26629,1.2665,1.50,2.10
2013.01.14 20:00:03.762,1.26628,1.26649,2.25,2.48
2013.01.14 20:00:04.152,1.26628,1.26647,1.50,1.35
2013.01.14 20:00:04.713,1.26628,1.26647,2.25,1.35
2013.01.14 20:00:05.262,1.26628,1.26648,1.50,1.35
2013.01.14 20:00:05.325,1.26628,1.26646,1.50,1.35
2013.01.14 20:00:06.462,1.26623,1.26644,3.00,2.10
2013.01.14 20:00:06.761,1.26625,1.26643,1.50,1.17
2013.01.14 20:00:07.062,1.2663,1.26643,1.35,1.35
2013.01.14 20:00:07.243,1.2663,1.26643,1.35,1.13
2013.01.14 20:00:07.822,1.2663,1.2665,1.35,1.13
2013.01.14 20:00:07.881,1.26628,1.2665,2.25,1.35
2013.01.14 20:00:08.312,1.26628,1.26649,2.25,2.48
2013.01.14 20:00:08.858,1.26626,1.26642,1.35,1.50
2013.01.14 20:00:09.102,1.26623,1.26641,1.50,1.73
2013.01.14 20:00:10.202,1.26624,1.26643,1.50,3.60
2013.01.14 20:00:10.503,1.26625,1.26643,1.35,1.35
2013.01.14 20:00:10.621,1.26625,1.26645,1.35,1.88
2013.01.14 20:00:13.571,1.26625,1.26644,1.35,1.50
2013.01.14 20:00:15.002,1.26625,1.26644,1.35,2.25
2013.01.14 20:00:15.671,1.26624,1.26644,1.50,2.25
2013.01.14 20:00:16.048,1.26624,1.26643,1.50,2.25
2013.01.14 20:00:16.292,1.26624,1.26643,1.50,2.25
2013.01.14 20:00:17.312,1.26624,1.26643,1.50,1.50
2013.01.14 20:00:20.551,1.26624,1.26644,2.25,2.25
2013.01.14 20:00:20.611,1.26624,1.26645,3.00,2.54
2013.01.14 20:00:21.152,1.26625,1.26647,2.25,1.73
2013.01.14 20:00:21.791,1.26627,1.26647,1.50,2.10
2013.01.14 20:00:22.379,1.26626,1.26647,1.50,1.35
2013.01.14 20:00:23.001,1.26626,1.26647,2.25,1.35
2013.01.14 20:00:23.785,1.26628,1.26647,1.50,1.35
2013.01.14 20:00:24.321,1.26627,1.26647,2.10,1.35
2013.01.14 20:00:24.873,1.26627,1.26647,2.10,1.35
2013.01.14 20:00:28.252,1.26627,1.26647,2.85,1.13
2013.01.14 20:00:28.778,1.26629,1.26647,1.50,1.13
2013.01.14 20:00:33.216,1.26628,1.2665,1.50,1.35
2013.01.14 20:00:33.295,1.26629,1.26649,2.25,1.13
2013.01.14 20:00:33.662,1.2663,1.26651,1.50,1.99
2013.01.14 20:00:34.022,1.26629,1.26651,1.50,1.13
2013.01.14 20:00:34.403,1.26629,1.26651,1.50,1.95
2013.01.14 20:00:34.762,1.26634,1.26652,2.10,1.50
2013.01.14 20:00:35.451,1.26636,1.26653,1.35,3.08
2013.01.14 20:00:36.432,1.26636,1.26653,1.35,2.33
2013.01.14 20:00:37.982,1.26631,1.26651,2.25,1.32
2013.01.14 20:00:40.463,1.26631,1.2665,2.25,1.13
2013.01.14 20:00:41.032,1.26631,1.26652,1.50,2.44
2013.01.14 20:00:41.578,1.26631,1.26651,1.50,1.69
2013.01.14 20:00:44.874,1.26629,1.2665,2.85,1.13
2013.01.14 20:00:45.431,1.26629,1.26649,1.35,1.13
2013.01.14 20:00:45.953,1.26629,1.26649,1.35,1.88
2013.01.14 20:00:46.541,1.26629,1.26649,1.35,1.88
2013.01.14 20:00:47.093,1.26631,1.26651,1.35,1.50
2013.01.14 20:00:47.483,1.26631,1.26651,1.35,1.50
2013.01.14 20:00:47.542,1.26631,1.26651,1.35,1.50
2013.01.14 20:00:48.340,1.26631,1.26651,1.35,2.25
2013.01.14 20:00:48.420,1.26631,1.26651,1.35,2.25
2013.01.14 20:00:50.722,1.26631,1.26651,1.35,3.00
2013.01.14 20:00:54.172,1.26631,1.26649,1.35,1.50
2013.01.14 20:00:54.232,1.26629,1.26649,1.73,1.50
2013.01.14 20:00:56.362,1.26627,1.26647,1.73,1.88
2013.01.14 20:00:56.971,1.26627,1.26647,1.50,1.88
2013.01.14 20:00:58.039,1.26627,1.26645,1.50,1.32
2013.01.14 20:00:58.355,1.26624,1.26645,2.25,2.29
2013.01.14 20:00:58.672,1.26624,1.26644,1.50,1.35
2013.01.14 20:00:59.942,1.26624,1.26645,3.00,1.35
2013.01.14 20:01:00.061,1.26624,1.26647,4.58,1.13
2013.01.14 20:01:00.241,1.26626,1.26648,2.25,1.35
2013.01.14 20:01:00.771,1.26626,1.26648,1.50,1.35
2013.01.14 20:01:02.111,1.26627,1.26648,1.50,1.35
2013.01.14 20:01:02.662,1.26626,1.26647,2.25,1.88
2013.01.14 20:01:07.746,1.26629,1.26648,1.58,1.50
2013.01.14 20:01:08.063,1.26631,1.26648,1.50,1.50
2013.01.14 20:01:08.698,1.26631,1.26648,1.50,1.88
2013.01.14 20:01:09.289,1.26631,1.26648,1.50,1.50
2013.01.14 20:01:09.913,1.26633,1.26649,2.07,2.25
2013.01.14 20:01:09.973,1.26635,1.26649,1.35,1.50
2013.01.14 20:01:10.214,1.26636,1.26652,1.35,1.13
2013.01.14 20:01:10.523,1.26636,1.26656,1.35,1.73
2013.01.14 20:01:10.593,1.26637,1.26657,1.35,1.73
2013.01.14 20:01:11.179,1.26638,1.26658,1.50,2.48
2013.01.14 20:01:11.362,1.26638,1.26658,1.50,2.48
2013.01.14 20:01:20.123,1.26639,1.26658,2.25,2.48
2013.01.14 20:01:20.482,1.26643,1.26662,1.50,1.73
2013.01.14 20:01:20.543,1.26643,1.26662,1.50,1.73
2013.01.14 20:01:21.221,1.26643,1.26662,1.50,1.73
2013.01.14 20:01:21.341,1.26643,1.26662,1.50,1.73
2013.01.14 20:01:26.262,1.26643,1.26663,1.50,1.73
2013.01.14 20:01:26.815,1.26643,1.26662,1.50,1.50
2013.01.14 20:01:27.921,1.26643,1.26662,1.50,1.50
2013.01.14 20:01:28.569,1.26643,1.26662,1.50,1.50
2013.01.14 20:01:33.271,1.26643,1.26662,1.50,1.50
2013.01.14 20:01:34.543,1.26643,1.26663,1.50,3.23
2013.01.14 20:01:35.192,1.26643,1.26663,1.50,3.32
2013.01.14 20:01:36.062,1.26643,1.26663,1.50,3.32
2013.01.14 20:01:38.502,1.26643,1.26663,1.50,3.98
2013.01.14 20:01:39.218,1.26643,1.26663,1.50,3.98
2013.01.14 20:01:41.146,1.26643,1.26663,1.50,4.07
2013.01.14 20:01:41.916,1.26643,1.26663,1.50,4.07
2013.01.14 20:01:42.511,1.26643,1.26663,1.50,3.32
2013.01.14 20:01:47.791,1.26643,1.26663,1.50,1.73
2013.01.14 20:01:51.971,1.26643,1.26663,1.50,3.32
2013.01.14 20:01:52.764,1.26643,1.26663,1.50,2.57
2013.01.14 20:01:54.551,1.26643,1.26663,1.50,2.57
2013.01.14 20:01:55.194,1.26643,1.26663,1.50,3.32
2013.01.14 20:02:00.681,1.26643,1.26662,1.50,1.50
2013.01.14 20:02:02.641,1.26643,1.26661,1.50,1.50
2013.01.14 20:02:05.451,1.26643,1.26662,1.50,1.50
2013.01.14 20:02:05.952,1.26641,1.2666,1.50,1.50
2013.01.14 20:02:06.192,1.26638,1.26659,2.25,1.50
2013.01.14 20:02:06.746,1.26637,1.26658,1.50,1.50
2013.01.14 20:02:12.082,1.2664,1.26659,1.50,1.50
2013.01.14 20:02:14.101,1.2664,1.26659,1.50,1.64
2013.01.14 20:02:14.651,1.2664,1.26658,1.50,1.50
2013.01.14 20:02:15.175,1.2664,1.26658,1.50,2.25
2013.01.14 20:02:20.971,1.2664,1.26658,1.50,2.39
2013.01.14 20:02:21.632,1.2664,1.26658,1.50,2.39
2013.01.14 20:02:27.692,1.26638,1.26659,2.25,1.50
2013.01.14 20:02:28.315,1.26638,1.26658,3.00,1.50
2013.01.14 20:02:31.911,1.26636,1.26655,1.50,1.50
2013.01.14 20:02:32.091,1.26635,1.26655,2.48,1.50
2013.01.14 20:02:36.450,1.26636,1.26655,1.50,1.50
2013.01.14 20:02:37.162,1.26636,1.26655,1.50,1.50
2013.01.14 20:02:38.052,1.26636,1.26656,2.25,1.50
2013.01.14 20:02:38.570,1.26636,1.26656,1.50,3.00
2013.01.14 20:02:38.941,1.26635,1.26656,1.50,1.50
2013.01.14 20:02:41.772,1.26635,1.26655,1.50,1.73
2013.01.14 20:02:42.311,1.26634,1.26654,1.50,1.73
2013.01.14 20:02:44.144,1.26636,1.26654,1.50,1.11
2013.01.14 20:02:44.709,1.26635,1.26653,1.50,1.50
2013.01.14 20:02:46.355,1.26636,1.26657,2.29,1.50
2013.01.14 20:02:46.901,1.26635,1.26654,2.55,1.50
2013.01.14 20:02:47.803,1.26636,1.26655,1.50,2.48
2013.01.14 20:02:59.082,1.26636,1.26655,1.50,4.11
2013.01.14 20:03:00.771,1.26636,1.26654,1.50,1.73
2013.01.14 20:03:01.577,1.26636,1.26654,1.50,2.48
2013.01.14 20:03:04.965,1.26636,1.26653,1.50,1.50
2013.01.14 20:03:06.573,1.26636,1.26654,1.50,1.73
2013.01.14 20:03:07.318,1.26638,1.26657,1.50,1.50
2013.01.14 20:03:19.794,1.26638,1.26655,2.25,1.50
2013.01.14 20:03:20.311,1.26638,1.26656,2.25,1.50
2013.01.14 20:03:28.442,1.26637,1.26658,2.85,2.25
2013.01.14 20:03:31.074,1.26638,1.26657,1.50,1.50
2013.01.14 20:03:45.272,1.26639,1.26657,1.50,1.50
2013.01.14 20:03:45.821,1.26637,1.26657,2.85,1.50
2013.01.14 20:03:54.459,1.26637,1.26658,2.85,1.50
2013.01.14 20:03:56.621,1.26637,1.26659,2.85,2.48
2013.01.14 20:03:58.682,1.26637,1.26654,1.35,1.50
2013.01.14 20:03:59.381,1.26637,1.26657,1.35,2.25
2013.01.14 20:04:01.507,1.26637,1.26657,1.35,2.39
2013.01.14 20:04:02.277,1.26637,1.26655,1.35,1.64
2013.01.14 20:04:05.892,1.26637,1.26655,1.35,1.50
2013.01.14 20:04:06.402,1.26637,1.26654,1.35,1.50
2013.01.14 20:04:07.352,1.26635,1.26655,2.48,1.50
2013.01.14 20:04:07.552,1.26635,1.26655,3.23,1.50
2013.01.14 20:04:08.181,1.26635,1.26656,3.23,1.50
2013.01.14 20:04:18.563,1.26635,1.26655,2.48,1.50
2013.01.14 20:04:18.693,1.26635,1.26655,2.25,1.50
2013.01.14 20:04:19.282,1.26635,1.26655,1.50,2.25
2013.01.14 20:04:20.421,1.26635,1.26655,1.50,2.25
2013.01.14 20:04:22.221,1.26635,1.26655,1.50,2.25
2013.01.14 20:04:23.561,1.26635,1.26655,1.50,2.25
2013.01.14 20:04:32.861,1.26632,1.26653,1.73,1.50
2013.01.14 20:04:33.584,1.26628,1.26651,5.33,1.50
2013.01.14 20:04:34.110,1.26629,1.26651,1.58,1.50
2013.01.14 20:04:36.931,1.26629,1.26652,2.25,1.73
2013.01.14 20:04:39.152,1.26629,1.26652,2.33,2.48
2013.01.14 20:04:41.231,1.26629,1.26652,1.90,2.48
2013.01.14 20:04:41.962,1.26629,1.26652,2.33,2.48
2013.01.14 20:04:42.951,1.26629,1.26652,1.58,2.48
2013.01.14 20:04:43.552,1.26629,1.26652,2.33,2.48
2013.01.14 20:04:44.111,1.26629,1.26653,2.33,4.73
2013.01.14 20:04:45.150,1.26629,1.26653,1.50,4.73
2013.01.14 20:04:45.756,1.26629,1.26653,1.64,5.01
2013.01.14 20:04:46.354,1.26629,1.26653,2.39,3.51
2013.01.14 20:04:47.081,1.2663,1.26653,1.64,3.51
2013.01.14 20:04:48.101,1.26629,1.26653,2.39,3.51
2013.01.14 20:04:49.066,1.26629,1.26652,1.64,2.48
2013.01.14 20:04:49.135,1.26629,1.26648,1.50,1.50
2013.01.14 20:04:49.383,1.26624,1.26645,1.50,1.50
2013.01.14 20:04:50.173,1.26623,1.26645,1.50,2.25
2013.01.14 20:04:50.361,1.26623,1.26644,1.50,1.50
2013.01.14 20:04:51.932,1.26622,1.26645,2.25,3.38
2013.01.14 20:04:52.233,1.26623,1.26645,1.73,1.80
2013.01.14 20:04:52.532,1.26623,1.26645,2.48,2.48
2013.01.14 20:04:52.992,1.26624,1.26645,1.13,1.50
2013.01.14 20:04:53.113,1.26623,1.26644,2.70,1.50
2013.01.14 20:04:53.873,1.26623,1.26644,2.33,2.25
2013.01.14 20:04:54.412,1.26623,1.26644,2.70,1.50
2013.01.14 20:04:56.479,1.26623,1.26645,1.88,1.50
2013.01.14 20:04:57.237,1.26624,1.26645,1.35,1.50
2013.01.14 20:04:57.751,1.26623,1.26644,3.23,1.50
2013.01.14 20:04:57.996,1.26623,1.26644,2.25,1.73
2013.01.14 20:04:58.632,1.26623,1.26644,1.50,1.73
2013.01.14 20:04:59.142,1.26623,1.26644,1.50,1.73
2013.01.14 20:04:59.825,1.26622,1.26642,1.50,1.73
2013.01.14 20:05:00.131,1.26623,1.2664,1.50,1.54
2013.01.14 20:05:00.191,1.26623,1.26642,1.50,1.50
2013.01.14 20:05:01.842,1.26622,1.26643,2.25,1.73
2013.01.14 20:05:02.982,1.26622,1.26643,1.50,1.73
2013.01.14 20:05:03.102,1.26621,1.26643,2.25,1.73
2013.01.14 20:05:03.222,1.26621,1.26644,2.25,2.48
2013.01.14 20:05:03.532,1.26622,1.26643,2.10,1.73
2013.01.14 20:05:03.854,1.26625,1.26642,1.35,1.50
2013.01.14 20:05:03.936,1.26625,1.26642,1.35,1.50
2013.01.14 20:05:04.443,1.26624,1.26643,1.50,1.50
2013.01.14 20:05:05.004,1.26624,1.26645,2.25,2.25
2013.01.14 20:05:05.183,1.26624,1.26645,1.50,2.25
2013.01.14 20:05:05.365,1.26622,1.26644,1.73,1.50
2013.01.14 20:05:05.683,1.26624,1.26645,1.50,1.73
2013.01.14 20:05:06.468,1.26624,1.26645,1.50,1.73
2013.01.14 20:05:07.012,1.26625,1.26648,1.50,6.98
2013.01.14 20:05:07.372,1.26626,1.26648,1.50,3.98
2013.01.14 20:05:08.772,1.26626,1.26648,1.50,1.73
2013.01.14 20:05:09.281,1.26626,1.26648,1.50,1.73
2013.01.14 20:05:09.875,1.26626,1.26648,1.50,1.73
2013.01.14 20:05:14.103,1.26625,1.26648,3.75,1.54
2013.01.14 20:05:14.883,1.26625,1.26648,3.75,1.54
2013.01.14 20:05:18.052,1.26625,1.26648,3.75,2.29
2013.01.14 20:05:18.172,1.26625,1.26648,3.75,1.73
2013.01.14 20:05:19.702,1.26625,1.26648,4.77,1.73
2013.01.14 20:05:20.061,1.26627,1.26648,3.38,1.50
2013.01.14 20:05:20.487,1.26629,1.2665,1.50,1.50
2013.01.14 20:05:21.012,1.26627,1.26649,2.25,1.50
2013.01.14 20:05:21.522,1.26627,1.26648,1.50,1.50
2013.01.14 20:05:21.922,1.26627,1.26648,1.50,1.73
2013.01.14 20:05:22.344,1.26627,1.26648,1.50,1.50
2013.01.14 20:05:22.974,1.26627,1.26648,1.50,1.50
2013.01.14 20:05:23.752,1.26627,1.26649,1.50,1.50
2013.01.14 20:05:24.301,1.26627,1.26649,3.00,1.50
2013.01.14 20:05:24.544,1.26627,1.26648,2.25,3.98
2013.01.14 20:05:25.279,1.26624,1.26644,2.25,1.73
2013.01.14 20:05:25.346,1.26624,1.26644,2.25,1.73
2013.01.14 20:05:25.416,1.26626,1.26644,1.50,1.73
2013.01.14 20:05:25.485,1.26624,1.26645,2.25,2.48
2013.01.14 20:05:25.672,1.26624,1.2664,1.50,1.50
2013.01.14 20:05:25.734,1.26618,1.2664,3.23,2.85
2013.01.14 20:05:26.242,1.26617,1.26639,2.25,1.50
2013.01.14 20:05:26.613,1.26616,1.26639,3.00,1.73
2013.01.14 20:05:27.032,1.26616,1.26637,3.00,1.73
2013.01.14 20:05:30.259,1.26616,1.26637,3.75,1.73
2013.01.14 20:05:30.618,1.26622,1.26639,1.50,1.73
2013.01.14 20:05:30.932,1.26623,1.2664,1.50,1.58
2013.01.14 20:05:31.963,1.26623,1.26641,1.13,2.33
2013.01.14 20:05:32.412,1.26618,1.2664,5.85,1.80
2013.01.14 20:05:32.549,1.26616,1.26635,2.25,1.50
2013.01.14 20:05:32.732,1.26616,1.26635,1.50,1.50
2013.01.14 20:05:40.203,1.26616,1.26635,2.07,1.50
2013.01.14 20:05:41.031,1.26616,1.26635,1.50,1.50
2013.01.14 20:05:51.876,1.26616,1.26635,1.50,3.00
2013.01.14 20:05:52.182,1.26613,1.26632,1.32,3.00
2013.01.14 20:05:55.212,1.2661,1.26632,2.63,2.25
2013.01.14 20:05:55.345,1.26613,1.26634,1.50,1.05
2013.01.14 20:05:56.084,1.26613,1.26636,2.25,2.48
2013.01.14 20:05:56.692,1.26615,1.26636,1.50,2.55
2013.01.14 20:05:57.642,1.26612,1.26634,1.50,2.44
2013.01.14 20:05:57.761,1.26611,1.26629,2.10,2.67
2013.01.14 20:05:58.122,1.26608,1.26628,2.25,2.63
2013.01.14 20:05:58.625,1.26608,1.26629,1.50,1.50
2013.01.14 20:05:58.933,1.26609,1.2663,1.50,2.48
2013.01.14 20:06:00.284,1.26608,1.2663,3.08,3.23
2013.01.14 20:06:00.473,1.26611,1.26632,2.25,3.75
2013.01.14 20:06:00.952,1.26612,1.26631,1.50,2.25
2013.01.14 20:06:01.192,1.26609,1.26629,1.95,3.23
2013.01.14 20:06:05.491,1.2661,1.26628,1.13,1.35
2013.01.14 20:06:06.094,1.26608,1.26627,1.50,1.73
2013.01.14 20:06:06.153,1.26608,1.26621,1.50,1.05
2013.01.14 20:06:06.342,1.26606,1.2662,3.20,1.73
2013.01.14 20:06:06.732,1.26606,1.26618,1.11,1.35
2013.01.14 20:06:07.271,1.26605,1.26618,1.29,2.10
2013.01.14 20:06:08.143,1.26605,1.26618,1.48,2.10
2013.01.14 20:06:10.162,1.26601,1.26617,1.60,1.35
2013.01.14 20:06:10.712,1.26601,1.26617,1.75,1.35
2013.01.14 20:06:11.251,1.26601,1.26617,1.75,1.35
2013.01.14 20:06:12.042,1.26601,1.26617,1.75,1.35
2013.01.14 20:06:12.403,1.26603,1.26618,1.63,1.13
2013.01.14 20:06:12.822,1.26603,1.26622,1.75,3.23
2013.01.14 20:06:13.522,1.26602,1.26622,2.50,1.73
2013.01.14 20:06:14.277,1.26601,1.26622,1.75,3.23
2013.01.14 20:06:14.368,1.26601,1.26622,1.75,3.23
2013.01.14 20:06:14.671,1.266,1.26618,1.75,2.10
2013.01.14 20:06:15.281,1.266,1.26618,1.75,2.10
2013.01.14 20:06:16.696,1.266,1.26618,1.75,2.10
2013.01.14 20:06:20.775,1.266,1.26618,1.63,2.10
2013.01.14 20:06:20.901,1.266,1.26618,2.25,2.10
2013.01.14 20:06:21.655,1.26598,1.26618,2.25,2.10
2013.01.14 20:06:22.733,1.26598,1.26615,1.50,1.73
2013.01.14 20:06:22.973,1.26595,1.26615,1.50,3.23
2013.01.14 20:06:23.032,1.26595,1.26612,1.50,1.50
2013.01.14 20:06:23.573,1.26594,1.2661,3.75,1.35
2013.01.14 20:06:24.074,1.26594,1.26612,3.75,1.50
2013.01.14 20:06:24.751,1.26594,1.26614,3.83,3.08
2013.01.14 20:06:24.873,1.26594,1.26614,3.83,1.35
2013.01.14 20:06:25.666,1.26594,1.26615,2.37,1.35
2013.01.14 20:06:26.329,1.26595,1.26616,1.58,1.50
2013.01.14 20:06:27.092,1.26597,1.26617,1.50,1.50
2013.01.14 20:06:27.454,1.266,1.26621,1.50,1.73
2013.01.14 20:06:28.165,1.26601,1.26623,1.73,2.25
2013.01.14 20:06:28.667,1.26601,1.26623,1.73,1.50
2013.01.14 20:06:30.292,1.26601,1.26621,1.73,1.50
2013.01.14 20:06:30.413,1.26599,1.2662,1.73,1.50
2013.01.14 20:06:30.723,1.26599,1.26616,1.50,1.50
2013.01.14 20:06:31.143,1.26597,1.2661,1.88,1.50
2013.01.14 20:06:31.263,1.26594,1.2661,5.18,1.88
2013.01.14 20:06:31.723,1.26594,1.26607,1.50,1.50
2013.01.14 20:06:32.295,1.26593,1.26607,3.83,1.50
2013.01.14 20:06:32.553,1.26593,1.26608,3.83,1.13
2013.01.14 20:06:32.855,1.26594,1.26605,1.80,1.50
2013.01.14 20:06:33.392,1.26593,1.26609,1.80,1.88
2013.01.14 20:06:35.252,1.26594,1.26607,1.80,1.73
2013.01.14 20:06:36.267,1.26593,1.26607,1.88,1.73
2013.01.14 20:06:37.493,1.26593,1.26607,1.88,1.73
2013.01.14 20:06:37.843,1.26593,1.26609,1.88,1.35
2013.01.14 20:06:39.142,1.26589,1.26609,2.93,3.68
2013.01.14 20:06:39.443,1.26587,1.26605,1.50,1.32
2013.01.14 20:06:39.801,1.26583,1.26606,2.25,2.63
2013.01.14 20:06:40.342,1.26585,1.26608,2.25,1.05
2013.01.14 20:06:40.908,1.26586,1.26608,1.50,1.05
2013.01.14 20:06:43.443,1.26588,1.26608,1.50,2.70
2013.01.14 20:06:43.852,1.2659,1.26609,1.50,1.50
2013.01.14 20:06:44.032,1.26591,1.26611,1.50,5.10
2013.01.14 20:06:46.379,1.26591,1.26611,1.50,3.60
2013.01.14 20:06:46.449,1.26601,1.26611,1.32,1.88
2013.01.14 20:06:46.763,1.26598,1.26615,2.07,1.50
2013.01.14 20:06:47.272,1.26601,1.2662,2.25,1.50
2013.01.14 20:06:47.458,1.26601,1.26621,2.25,1.58
2013.01.14 20:06:47.892,1.266,1.26621,1.50,1.50
2013.01.14 20:06:48.792,1.26599,1.26621,2.25,2.25
2013.01.14 20:06:49.742,1.26601,1.26621,1.50,1.50
2013.01.14 20:06:50.262,1.26601,1.26622,1.50,2.25
2013.01.14 20:06:50.803,1.26598,1.26619,1.50,2.55
2013.01.14 20:06:50.862,1.26596,1.26619,1.50,2.55
2013.01.14 20:06:50.982,1.26593,1.26614,4.35,1.73
2013.01.14 20:06:51.224,1.26593,1.26614,3.00,2.48
2013.01.14 20:06:51.719,1.26592,1.26614,1.50,1.92
2013.01.14 20:06:51.846,1.26592,1.26613,1.50,1.73
2013.01.14 20:06:52.213,1.26594,1.26613,1.13,1.50
2013.01.14 20:06:52.794,1.26594,1.26616,1.13,3.08
2013.01.14 20:06:52.863,1.26593,1.26615,1.88,1.50
2013.01.14 20:06:52.982,1.26592,1.26611,1.50,1.50
2013.01.14 20:06:53.522,1.26592,1.26613,1.50,2.55
2013.01.14 20:06:55.441,1.26592,1.26615,2.25,2.55
2013.01.14 20:06:55.793,1.26592,1.26615,2.25,1.80
2013.01.14 20:06:55.852,1.26592,1.26615,2.25,1.58
2013.01.14 20:06:58.292,1.26593,1.26616,1.50,3.30
2013.01.14 20:06:58.921,1.26594,1.26615,1.50,2.33
2013.01.14 20:06:59.403,1.26591,1.26614,2.25,1.50
2013.01.14 20:07:00.552,1.26592,1.26616,2.25,3.30
2013.01.14 20:07:01.083,1.26592,1.26615,1.50,1.58
2013.01.14 20:07:07.545,1.26592,1.26615,1.50,1.58
2013.01.14 20:07:09.479,1.26592,1.26616,1.50,3.30
2013.01.14 20:07:10.101,1.26592,1.26615,1.50,1.58
2013.01.14 20:07:10.641,1.26592,1.26615,1.50,2.33
2013.01.14 20:07:14.431,1.26592,1.26616,1.50,3.30
2013.01.14 20:07:16.045,1.26592,1.26614,1.50,1.50
2013.01.14 20:07:23.892,1.26594,1.26615,1.32,2.25
2013.01.14 20:07:23.952,1.26595,1.26615,1.32,1.50
2013.01.14 20:07:24.801,1.26596,1.26616,1.35,1.50
2013.01.14 20:07:26.933,1.26595,1.26617,1.32,2.25
2013.01.14 20:07:27.411,1.2659,1.26614,1.58,1.50
2013.01.14 20:07:27.472,1.2659,1.26614,1.58,2.25
2013.01.14 20:07:28.011,1.26592,1.26615,1.50,3.23
2013.01.14 20:07:28.142,1.26592,1.26615,2.25,2.48
2013.01.14 20:07:31.221,1.26593,1.26615,1.50,2.55
2013.01.14 20:07:32.721,1.26592,1.26615,2.25,2.55
2013.01.14 20:07:35.872,1.26592,1.26615,1.50,1.80
2013.01.14 20:07:38.963,1.26593,1.26607,1.50,1.50
2013.01.14 20:07:39.323,1.2658,1.26597,1.50,14.19
2013.01.14 20:07:39.443,1.26573,1.26588,7.88,4.17
2013.01.14 20:07:39.503,1.26571,1.26583,1.35,2.85
2013.01.14 20:07:40.248,1.26571,1.26583,1.13,1.95
2013.01.14 20:07:40.681,1.26563,1.26583,1.50,2.14
2013.01.14 20:07:40.746,1.26565,1.26583,1.13,1.58
2013.01.14 20:07:40.889,1.26563,1.26583,1.50,1.58
2013.01.14 20:07:41.404,1.26569,1.26585,1.17,1.73
2013.01.14 20:07:41.587,1.26571,1.26587,1.35,2.25
2013.01.14 20:07:41.844,1.26572,1.26586,1.50,2.10
2013.01.14 20:07:41.902,1.2657,1.26586,1.50,2.10
2013.01.14 20:07:42.262,1.26568,1.26586,3.75,2.10
2013.01.14 20:07:42.325,1.26568,1.26586,3.00,2.10
2013.01.14 20:07:42.887,1.26567,1.26584,1.58,1.58
2013.01.14 20:07:43.012,1.26567,1.26584,1.20,1.58
2013.01.14 20:07:43.546,1.26563,1.26584,1.50,1.58
2013.01.14 20:07:44.002,1.26564,1.26584,1.50,1.58
2013.01.14 20:07:45.488,1.26564,1.26584,1.50,1.58
2013.01.14 20:07:45.983,1.26565,1.26584,1.50,1.58
2013.01.14 20:07:46.293,1.26564,1.26582,2.25,1.35
2013.01.14 20:07:46.421,1.26569,1.26585,1.13,2.33
2013.01.14 20:07:46.487,1.26568,1.26587,2.63,1.73
2013.01.14 20:07:46.553,1.26568,1.26589,2.63,1.50
2013.01.14 20:07:46.614,1.2657,1.26589,2.25,1.50
2013.01.14 20:07:46.743,1.2657,1.26589,2.25,1.50
2013.01.14 20:07:46.802,1.2657,1.2659,1.50,1.58
2013.01.14 20:07:47.508,1.26568,1.26591,4.13,2.33
2013.01.14 20:07:50.902,1.26568,1.2659,3.45,1.58
2013.01.14 20:07:51.433,1.26569,1.2659,1.88,2.33
2013.01.14 20:07:51.673,1.2657,1.2659,1.58,1.35
2013.01.14 20:07:52.182,1.2657,1.26592,3.38,3.08
2013.01.14 20:07:53.534,1.2657,1.26592,2.63,3.08
2013.01.14 20:07:54.129,1.2657,1.26592,2.63,3.08
2013.01.14 20:07:54.643,1.26571,1.26592,1.88,2.33
2013.01.14 20:07:55.122,1.26573,1.26592,1.50,1.58
2013.01.14 20:07:57.642,1.26574,1.26592,1.50,1.58
2013.01.14 20:07:59.275,1.26574,1.26593,1.50,3.08
2013.01.14 20:07:59.764,1.26581,1.26596,1.54,1.32
2013.01.14 20:08:00.122,1.26569,1.26587,1.50,11.37
2013.01.14 20:08:00.241,1.26569,1.26579,1.50,4.88
2013.01.14 20:08:00.501,1.26567,1.26576,1.50,1.35
2013.01.14 20:08:00.801,1.26564,1.26575,15.00,1.20
2013.01.14 20:08:00.983,1.2656,1.26574,1.96,1.58
2013.01.14 20:08:01.232,1.2656,1.26573,1.21,1.50
2013.01.14 20:08:01.552,1.26548,1.26571,2.25,1.20
2013.01.14 20:08:01.812,1.26549,1.26571,1.50,1.95
2013.01.14 20:08:02.323,1.26548,1.26572,3.00,2.85
2013.01.14 20:08:02.663,1.26555,1.26572,1.32,1.35
2013.01.14 20:08:03.023,1.26555,1.26575,1.50,1.05
2013.01.14 20:08:03.934,1.26556,1.26576,1.50,1.73
2013.01.14 20:08:05.673,1.26557,1.26577,1.50,1.58
2013.01.14 20:08:05.853,1.26563,1.26579,1.32,2.85
2013.01.14 20:08:06.213,1.26563,1.26579,2.07,1.50
2013.01.14 20:08:06.877,1.26564,1.26585,1.50,1.50
2013.01.14 20:08:07.455,1.26564,1.26585,1.73,1.50
2013.01.14 20:08:07.968,1.26564,1.26587,1.73,1.95
2013.01.14 20:08:08.473,1.26565,1.26587,1.73,3.08
2013.01.14 20:08:08.833,1.26567,1.26588,1.73,2.70
2013.01.14 20:08:09.205,1.26569,1.26588,1.50,1.13
2013.01.14 20:08:09.566,1.26571,1.2659,1.73,1.20
2013.01.14 20:08:09.693,1.26571,1.26591,1.73,1.50
2013.01.14 20:08:10.099,1.26572,1.26593,1.58,1.50
2013.01.14 20:08:10.664,1.26575,1.26596,1.50,2.84
2013.01.14 20:08:11.533,1.26574,1.26596,1.50,2.09
2013.01.14 20:08:12.044,1.26572,1.2659,1.50,1.13
2013.01.14 20:08:12.116,1.26573,1.2659,1.50,1.69
2013.01.14 20:08:12.184,1.26573,1.26589,1.50,1.32
2013.01.14 20:08:12.493,1.26571,1.26588,1.50,1.58
2013.01.14 20:08:12.673,1.2657,1.26587,1.50,1.58
2013.01.14 20:08:13.583,1.26567,1.26584,1.50,1.73
2013.01.14 20:08:13.643,1.26567,1.26582,1.50,1.35
2013.01.14 20:08:14.003,1.26564,1.26584,1.50,1.73
2013.01.14 20:08:14.122,1.26563,1.26586,2.29,3.00
2013.01.14 20:08:14.182,1.26566,1.26586,1.50,2.25
2013.01.14 20:08:14.653,1.26566,1.26586,2.48,2.25
2013.01.14 20:08:14.815,1.26566,1.26589,2.48,2.18
2013.01.14 20:08:14.943,1.26567,1.26588,1.73,1.35
2013.01.14 20:08:15.362,1.26567,1.2659,1.73,1.50
2013.01.14 20:08:15.424,1.26569,1.26591,1.50,1.13
2013.01.14 20:08:15.962,1.2657,1.26592,1.50,1.73
2013.01.14 20:08:16.089,1.26571,1.26593,1.50,2.48
2013.01.14 20:08:16.153,1.26572,1.26593,1.50,1.73
2013.01.14 20:08:17.162,1.26573,1.26594,1.50,1.35
2013.01.14 20:08:17.535,1.26573,1.2659,1.50,1.13
2013.01.14 20:08:17.605,1.26571,1.2659,2.25,2.29
2013.01.14 20:08:17.735,1.26571,1.2659,1.50,3.42
2013.01.14 20:08:17.804,1.26571,1.26588,1.50,1.05
2013.01.14 20:08:18.333,1.26566,1.26587,2.25,1.43
2013.01.14 20:08:18.933,1.26566,1.26586,1.50,2.18
2013.01.14 20:08:19.515,1.26566,1.26586,1.50,2.18
2013.01.14 20:08:19.634,1.26566,1.26584,1.50,2.25
2013.01.14 20:08:20.115,1.26563,1.26585,1.50,1.43
2013.01.14 20:08:20.690,1.26565,1.26586,3.00,1.73
2013.01.14 20:08:20.757,1.26565,1.26586,3.00,1.73
2013.01.14 20:08:21.297,1.26568,1.26589,1.50,1.80
2013.01.14 20:08:21.853,1.26567,1.26588,1.50,1.35
2013.01.14 20:08:22.474,1.26569,1.26589,1.50,1.20
2013.01.14 20:08:22.986,1.26569,1.26589,2.25,1.20
2013.01.14 20:08:23.532,1.26569,1.26591,2.25,2.10
2013.01.14 20:08:24.138,1.2657,1.26591,1.50,2.10
2013.01.14 20:08:24.992,1.2657,1.26591,1.50,2.10
2013.01.14 20:08:25.422,1.2657,1.26591,1.50,2.97
2013.01.14 20:08:27.762,1.26569,1.26591,1.50,3.27
2013.01.14 20:08:28.331,1.2657,1.26591,1.50,2.10
2013.01.14 20:08:29.190,1.2657,1.26591,1.50,2.10
2013.01.14 20:08:29.503,1.26571,1.26591,1.50,2.40
2013.01.14 20:08:30.723,1.26569,1.26589,1.50,2.25
2013.01.14 20:08:30.904,1.26569,1.26589,1.50,2.33
2013.01.14 20:08:32.082,1.26569,1.2659,1.50,1.58
2013.01.14 20:08:32.800,1.26569,1.2659,2.25,2.33
2013.01.14 20:08:33.683,1.26569,1.2659,2.25,2.33
2013.01.14 20:08:36.455,1.26569,1.26591,2.25,2.12
2013.01.14 20:08:37.492,1.26573,1.26591,2.07,1.58
2013.01.14 20:08:37.612,1.26573,1.26592,2.07,1.50
2013.01.14 20:08:37.913,1.26575,1.26596,2.25,1.26
2013.01.14 20:08:38.672,1.26578,1.26599,1.50,1.71
2013.01.14 20:08:39.284,1.26578,1.26599,1.50,2.46
2013.01.14 20:08:40.913,1.26578,1.26599,1.50,2.46
2013.01.14 20:08:41.765,1.26578,1.26599,2.25,1.34
2013.01.14 20:08:43.143,1.26582,1.26599,1.50,1.11
2013.01.14 20:08:44.162,1.26581,1.26599,2.25,1.11
2013.01.14 20:08:44.704,1.2658,1.26598,2.25,1.11
2013.01.14 20:08:45.215,1.2658,1.26598,2.25,1.11
2013.01.14 20:08:45.753,1.2658,1.266,2.25,1.86
2013.01.14 20:08:46.263,1.2658,1.266,2.54,1.86
2013.01.14 20:08:48.063,1.26581,1.266,2.54,1.11
2013.01.14 20:08:51.165,1.26581,1.26601,2.25,1.58
2013.01.14 20:08:51.235,1.26581,1.26601,2.54,1.50
2013.01.14 20:08:51.303,1.26581,1.26601,2.25,1.50
2013.01.14 20:08:51.362,1.26582,1.26604,1.50,2.18
2013.01.14 20:08:51.564,1.26582,1.26604,1.50,2.93
2013.01.14 20:08:51.893,1.26582,1.26604,2.25,1.35
2013.01.14 20:08:52.902,1.26582,1.26603,1.50,1.35
2013.01.14 20:08:53.534,1.26583,1.26602,1.50,1.35
2013.01.14 20:08:54.072,1.26582,1.26602,1.50,2.18
2013.01.14 20:08:54.133,1.26581,1.26602,1.50,3.30
2013.01.14 20:08:54.868,1.2658,1.26601,2.25,1.13
2013.01.14 20:08:56.083,1.2658,1.26601,2.25,1.13
2013.01.14 20:09:00.776,1.2658,1.26601,2.25,1.35
2013.01.14 20:09:01.322,1.26578,1.266,1.50,1.35
2013.01.14 20:09:02.677,1.26579,1.26599,1.50,1.50
2013.01.14 20:09:02.923,1.26576,1.26599,1.73,2.25
2013.01.14 20:09:03.616,1.26576,1.26599,1.73,2.25
2013.01.14 20:09:05.552,1.26578,1.26599,1.50,2.25
2013.01.14 20:09:05.673,1.26576,1.26596,1.73,2.10
2013.01.14 20:09:06.033,1.26573,1.26589,1.13,1.50
2013.01.14 20:09:06.393,1.26568,1.26588,3.00,2.10
2013.01.14 20:09:06.573,1.26564,1.26587,1.05,1.50
2013.01.14 20:09:07.248,1.26564,1.26587,1.05,1.50
2013.01.14 20:09:07.679,1.26564,1.26587,1.05,1.50
2013.01.14 20:09:07.922,1.26568,1.26589,1.50,2.25
2013.01.14 20:09:09.482,1.26568,1.26589,1.50,2.33
2013.01.14 20:09:10.754,1.26568,1.2659,1.50,1.50
2013.01.14 20:09:11.113,1.26572,1.26594,2.25,1.13
2013.01.14 20:09:11.352,1.26574,1.26597,1.50,1.05
2013.01.14 20:09:12.615,1.26575,1.26598,1.50,2.18
2013.01.14 20:09:13.044,1.2657,1.26591,3.75,1.73
2013.01.14 20:09:13.402,1.26569,1.26591,1.50,2.48
2013.01.14 20:09:13.822,1.26567,1.26588,2.33,1.35
2013.01.14 20:09:14.363,1.26567,1.26588,2.25,1.35
2013.01.14 20:09:14.423,1.26569,1.26589,1.32,2.85
2013.01.14 20:09:14.482,1.26572,1.26589,1.50,2.25
2013.01.14 20:09:14.722,1.26573,1.26591,3.00,1.50
2013.01.14 20:09:14.842,1.26574,1.26594,1.50,2.33
2013.01.14 20:09:15.401,1.26574,1.26596,2.25,1.58
2013.01.14 20:09:17.962,1.26576,1.26597,1.50,1.58
2013.01.14 20:09:18.442,1.26577,1.26599,1.50,2.33
2013.01.14 20:09:19.424,1.26577,1.26599,1.50,1.50
2013.01.14 20:09:23.763,1.26577,1.266,3.00,1.58
2013.01.14 20:09:24.500,1.2658,1.26601,2.25,2.25
2013.01.14 20:09:24.572,1.2658,1.26601,4.13,1.50
2013.01.14 20:09:24.903,1.26582,1.26603,1.50,1.50
2013.01.14 20:09:25.205,1.26583,1.26605,1.50,1.43
2013.01.14 20:09:31.876,1.26585,1.26606,2.25,1.58
2013.01.14 20:09:31.944,1.26585,1.26607,2.25,1.73
2013.01.14 20:09:32.533,1.26586,1.26607,1.50,1.58
2013.01.14 20:09:34.193,1.26585,1.26607,1.50,2.25
2013.01.14 20:09:34.552,1.26586,1.26608,2.48,1.43
2013.01.14 20:09:34.708,1.26586,1.26608,2.48,1.35
2013.01.14 20:09:35.493,1.26586,1.26608,2.48,1.35
2013.01.14 20:09:35.992,1.26586,1.26608,1.73,1.35
2013.01.14 20:09:36.592,1.26586,1.26608,1.73,1.35
2013.01.14 20:09:37.343,1.26586,1.26606,1.73,2.07
2013.01.14 20:09:37.882,1.26586,1.26605,1.50,3.08
2013.01.14 20:09:38.244,1.26585,1.26601,1.50,2.10
2013.01.14 20:09:38.793,1.26578,1.26601,2.25,1.35
2013.01.14 20:09:38.853,1.26578,1.26601,3.00,1.73
2013.01.14 20:09:38.914,1.26578,1.26601,3.00,1.73
2013.01.14 20:09:39.353,1.26581,1.26602,1.50,1.58
2013.01.14 20:09:39.533,1.26584,1.26604,1.50,1.50
2013.01.14 20:09:39.962,1.26585,1.26608,2.25,1.50
2013.01.14 20:09:40.493,1.26585,1.26608,1.50,1.73
2013.01.14 20:09:41.043,1.26584,1.26605,1.50,1.13
2013.01.14 20:09:42.353,1.26583,1.26606,3.00,1.13
2013.01.14 20:09:45.554,1.26584,1.26605,2.25,1.95
2013.01.14 20:09:45.913,1.26588,1.26608,1.50,1.50
2013.01.14 20:09:46.479,1.26587,1.26609,1.50,2.25
2013.01.14 20:09:47.104,1.26587,1.26608,1.50,1.50
2013.01.14 20:09:47.282,1.26587,1.26609,1.50,2.33
2013.01.14 20:09:48.783,1.26587,1.26609,2.25,2.25
2013.01.14 20:09:54.582,1.26587,1.26609,2.25,2.25
2013.01.14 20:09:54.962,1.26588,1.2661,1.50,3.08
2013.01.14 20:09:55.468,1.26589,1.26609,1.50,1.13
2013.01.14 20:09:55.985,1.26589,1.2661,1.50,2.25
2013.01.14 20:09:56.415,1.26589,1.26609,1.35,2.25
2013.01.14 20:09:56.603,1.26588,1.26609,2.25,1.50
2013.01.14 20:09:56.963,1.26587,1.26606,1.50,1.13
2013.01.14 20:09:59.912,1.26586,1.26608,1.50,4.20
2013.01.14 20:10:00.413,1.26588,1.26609,1.50,1.95
2013.01.14 20:10:02.482,1.26588,1.26609,1.73,1.50
2013.01.14 20:10:03.593,1.26588,1.26609,1.73,1.13
2013.01.14 20:10:04.893,1.2659,1.26611,1.50,1.73
2013.01.14 20:10:07.454,1.2659,1.26611,1.50,1.73
2013.01.14 20:10:07.874,1.26588,1.2661,2.55,1.73
2013.01.14 20:10:08.824,1.2659,1.26609,1.50,1.13
2013.01.14 20:10:09.132,1.26587,1.26607,2.25,1.13
2013.01.14 20:10:09.192,1.26587,1.26607,2.25,1.13
2013.01.14 20:10:09.683,1.26585,1.26608,1.50,2.03
2013.01.14 20:10:09.742,1.26585,1.26606,1.50,1.43
2013.01.14 20:10:11.616,1.26583,1.26604,2.25,1.88
2013.01.14 20:10:12.319,1.26584,1.26604,1.50,2.48
2013.01.14 20:10:14.863,1.26584,1.26604,1.50,2.48
2013.01.14 20:10:15.922,1.26585,1.26604,1.50,1.88
2013.01.14 20:10:18.027,1.26584,1.26604,1.50,1.88
2013.01.14 20:10:21.484,1.26583,1.26602,1.50,1.13
2013.01.14 20:10:22.112,1.26581,1.26601,1.50,2.61
2013.01.14 20:10:22.652,1.2658,1.26601,1.50,2.33
2013.01.14 20:10:26.300,1.26578,1.266,3.79,1.50
2013.01.14 20:10:26.424,1.26581,1.26599,1.50,1.50
2013.01.14 20:10:26.495,1.26578,1.26599,2.48,3.60
2013.01.14 20:10:26.982,1.26578,1.26599,1.50,3.72
2013.01.14 20:10:27.115,1.26578,1.26599,1.50,3.72
2013.01.14 20:10:27.734,1.26576,1.26599,1.50,4.02
2013.01.14 20:10:30.953,1.26576,1.26599,2.25,4.77
2013.01.14 20:10:31.510,1.26576,1.26599,1.50,4.28
2013.01.14 20:10:34.169,1.26576,1.26597,1.50,1.20
2013.01.14 20:10:38.142,1.26577,1.26597,1.50,1.20
2013.01.14 20:10:40.472,1.26577,1.26597,1.50,1.20
2013.01.14 20:10:40.773,1.26575,1.26597,3.00,1.28
2013.01.14 20:10:46.943,1.26575,1.26596,3.00,1.35
2013.01.14 20:10:47.243,1.26577,1.26596,1.50,1.13
2013.01.14 20:10:49.827,1.26579,1.26602,1.50,3.12
2013.01.14 20:10:50.583,1.2658,1.26601,1.50,1.20
2013.01.14 20:10:53.142,1.2658,1.26601,1.50,1.20
2013.01.14 20:10:53.879,1.2658,1.26602,1.50,2.33
2013.01.14 20:10:58.312,1.2658,1.26602,1.50,2.33
2013.01.14 20:10:58.372,1.2658,1.26602,1.50,2.33
2013.01.14 20:11:05.143,1.2658,1.26602,2.25,1.50
2013.01.14 20:11:06.333,1.2658,1.26602,2.25,1.50
2013.01.14 20:11:07.144,1.2658,1.26602,3.00,1.50
2013.01.14 20:11:07.454,1.26583,1.26602,1.50,1.88
2013.01.14 20:11:09.777,1.26583,1.26602,1.50,1.50
2013.01.14 20:11:10.349,1.26583,1.26602,1.50,1.13
2013.01.14 20:11:10.742,1.26583,1.26602,1.50,1.13
2013.01.14 20:11:10.923,1.26583,1.26602,1.50,1.43
2013.01.14 20:11:11.443,1.2658,1.26602,1.50,2.48
2013.01.14 20:11:13.073,1.26583,1.26604,2.25,1.20
2013.01.14 20:11:13.255,1.26587,1.26605,1.50,1.88
2013.01.14 20:11:13.503,1.26588,1.26607,3.00,1.58
2013.01.14 20:11:14.013,1.2659,1.26607,2.25,1.13
2013.01.14 20:11:14.553,1.2659,1.26607,1.50,1.13
2013.01.14 20:11:15.397,1.2659,1.26607,1.50,1.13
2013.01.14 20:11:15.985,1.2659,1.26607,2.25,1.13
2013.01.14 20:11:21.597,1.2659,1.26608,2.25,1.20
2013.01.14 20:11:21.666,1.2659,1.26608,1.50,1.20
2013.01.14 20:11:21.733,1.26588,1.26608,2.25,1.20
2013.01.14 20:11:21.974,1.26587,1.26608,2.25,1.50
2013.01.14 20:11:22.846,1.26588,1.26602,1.50,1.20
2013.01.14 20:11:23.044,1.26588,1.26602,1.50,1.20
2013.01.14 20:11:23.283,1.26588,1.26605,2.25,1.50
2013.01.14 20:11:23.403,1.2659,1.26605,1.50,1.13
2013.01.14 20:11:24.734,1.2659,1.26608,1.50,1.50
2013.01.14 20:11:27.003,1.2659,1.26607,1.50,3.27
2013.01.14 20:11:27.064,1.26588,1.26606,1.50,1.92
2013.01.14 20:11:27.242,1.26587,1.26603,2.25,1.20
2013.01.14 20:11:41.183,1.26585,1.26602,1.50,1.17
2013.01.14 20:11:41.676,1.26587,1.26603,1.50,2.52
2013.01.14 20:11:42.004,1.26587,1.26603,2.25,1.92
2013.01.14 20:11:46.523,1.26587,1.26603,2.25,1.17
2013.01.14 20:11:47.204,1.26587,1.26604,2.25,1.20
2013.01.14 20:11:51.284,1.26586,1.26604,1.50,1.20
2013.01.14 20:11:52.145,1.26587,1.26605,1.50,1.35
2013.01.14 20:11:52.324,1.26588,1.26605,3.00,1.13
2013.01.14 20:11:53.303,1.26588,1.26609,3.00,1.43
2013.01.14 20:11:54.514,1.26588,1.26609,3.75,2.78
2013.01.14 20:11:54.693,1.26588,1.26609,2.25,2.78
2013.01.14 20:11:55.386,1.26589,1.26607,1.50,1.35
2013.01.14 20:11:56.192,1.26589,1.26608,1.50,2.10
2013.01.14 20:11:56.253,1.26589,1.26608,1.50,1.88
2013.01.14 20:11:58.262,1.26589,1.2661,2.25,1.20
2013.01.14 20:12:00.742,1.26589,1.2661,2.25,1.13
2013.01.14 20:12:01.294,1.2659,1.26611,1.50,1.13
2013.01.14 20:12:04.185,1.26588,1.26611,2.25,2.63
2013.01.14 20:12:04.703,1.2659,1.26611,1.50,1.88
2013.01.14 20:12:05.482,1.2659,1.2661,1.50,1.43
2013.01.14 20:12:07.213,1.26588,1.26607,1.50,1.17
2013.01.14 20:12:07.814,1.26588,1.26607,1.50,2.89
2013.01.14 20:12:09.585,1.26588,1.26607,1.50,2.89
2013.01.14 20:12:15.112,1.26588,1.26606,1.50,1.35
2013.01.14 20:12:15.672,1.26589,1.26607,1.50,1.73
2013.01.14 20:12:16.638,1.26589,1.26607,1.50,2.48
2013.01.14 20:12:20.832,1.26589,1.26606,1.50,1.73
2013.01.14 20:12:21.462,1.26589,1.26606,1.50,1.73
2013.01.14 20:12:22.833,1.26587,1.26606,1.50,1.73
2013.01.14 20:12:25.855,1.26586,1.26605,1.50,1.50
2013.01.14 20:12:25.978,1.26585,1.26601,1.50,1.13
2013.01.14 20:12:26.174,1.26585,1.26604,1.50,3.00
2013.01.14 20:12:26.293,1.26583,1.26601,3.00,2.67
2013.01.14 20:12:26.352,1.26582,1.26601,1.50,2.29
2013.01.14 20:12:26.412,1.26583,1.26601,1.50,2.29
2013.01.14 20:12:26.594,1.26587,1.26601,1.50,1.69
2013.01.14 20:12:26.712,1.26587,1.26601,1.50,1.69
2013.01.14 20:12:43.192,1.26587,1.26604,1.50,1.13
2013.01.14 20:12:43.314,1.26584,1.26604,3.00,1.13
2013.01.14 20:12:43.493,1.26584,1.26605,3.75,1.73
2013.01.14 20:12:43.842,1.26584,1.26603,2.25,2.10
2013.01.14 20:12:44.023,1.26585,1.26603,1.50,2.10
2013.01.14 20:12:44.153,1.26586,1.26602,1.50,1.13
2013.01.14 20:12:54.343,1.26586,1.26604,1.50,1.35
2013.01.14 20:12:55.133,1.26586,1.26603,1.50,1.35
2013.01.14 20:12:55.193,1.26586,1.26603,2.25,1.35
2013.01.14 20:12:55.733,1.26588,1.26608,2.25,1.35
2013.01.14 20:12:55.795,1.26588,1.26609,2.25,1.73
2013.01.14 20:12:56.333,1.26589,1.2661,1.50,1.58
2013.01.14 20:12:56.393,1.26588,1.2661,2.25,1.58
2013.01.14 20:12:56.641,1.26587,1.26609,1.50,3.08
2013.01.14 20:12:56.706,1.26586,1.26609,2.25,3.83
2013.01.14 20:12:56.893,1.26586,1.26609,2.25,2.33
2013.01.14 20:12:57.633,1.26586,1.26608,1.50,1.58
2013.01.14 20:12:59.632,1.26587,1.26609,2.25,3.00
2013.01.14 20:13:01.293,1.26587,1.26609,1.50,3.83
2013.01.14 20:13:01.842,1.26587,1.26609,1.50,3.08
2013.01.14 20:13:02.396,1.26587,1.26609,2.25,3.08
2013.01.14 20:13:02.524,1.26586,1.26609,2.25,3.08
2013.01.14 20:13:02.593,1.26586,1.26609,2.25,3.83
2013.01.14 20:13:02.952,1.26586,1.26605,1.50,1.13
2013.01.14 20:13:03.723,1.26585,1.26605,1.05,1.13
2013.01.14 20:13:04.024,1.26588,1.26606,1.50,1.50
2013.01.14 20:13:04.083,1.26588,1.26607,1.73,1.88
2013.01.14 20:13:04.740,1.26589,1.26608,1.50,1.35
2013.01.14 20:13:06.194,1.26589,1.26607,1.50,1.13
2013.01.14 20:13:06.682,1.26585,1.26604,3.42,1.13
2013.01.14 20:13:06.984,1.26587,1.26606,1.73,1.50
2013.01.14 20:13:07.113,1.26587,1.26608,1.73,2.10
2013.01.14 20:13:08.023,1.26589,1.26608,1.50,1.35
2013.01.14 20:13:08.443,1.26588,1.26608,1.50,1.20
2013.01.14 20:13:08.743,1.26584,1.26607,3.00,1.50
2013.01.14 20:13:08.984,1.26585,1.26607,1.50,1.20
2013.01.14 20:13:09.362,1.26584,1.26605,3.00,1.73
2013.01.14 20:13:10.763,1.26584,1.26602,2.25,1.50
2013.01.14 20:13:11.002,1.26583,1.266,1.50,1.50
2013.01.14 20:13:11.542,1.2658,1.266,1.50,1.50
2013.01.14 20:13:11.754,1.2658,1.266,1.50,1.50
2013.01.14 20:13:12.226,1.2658,1.266,1.50,1.50
2013.01.14 20:13:12.794,1.2658,1.26601,3.00,2.63
2013.01.14 20:13:13.923,1.26581,1.266,2.25,1.13
2013.01.14 20:13:14.172,1.26582,1.266,3.00,1.13
2013.01.14 20:13:18.703,1.26582,1.266,2.25,1.13
2013.01.14 20:13:18.762,1.26582,1.26598,1.50,1.13
2013.01.14 20:13:18.943,1.26581,1.26598,1.50,1.35
2013.01.14 20:13:20.039,1.2658,1.26597,1.50,1.13
2013.01.14 20:13:20.103,1.2658,1.26598,2.25,1.92
2013.01.14 20:13:20.163,1.2658,1.26598,3.00,1.35
2013.01.14 20:13:21.703,1.26581,1.26599,1.50,1.20
2013.01.14 20:13:22.863,1.26582,1.26599,1.50,1.20
2013.01.14 20:13:23.044,1.26582,1.26601,1.50,1.35
2013.01.14 20:13:23.603,1.26582,1.26601,1.50,1.13
2013.01.14 20:13:25.383,1.26582,1.26602,1.50,1.13
2013.01.14 20:13:25.503,1.26581,1.26602,1.50,1.95
2013.01.14 20:13:26.314,1.2658,1.266,3.75,1.35
2013.01.14 20:13:29.193,1.26581,1.26601,1.50,2.10
2013.01.14 20:13:29.552,1.26577,1.26598,3.75,1.13
2013.01.14 20:13:29.800,1.26579,1.26599,2.25,1.95
2013.01.14 20:13:30.173,1.26581,1.26599,1.50,1.58
2013.01.14 20:13:30.482,1.26581,1.26601,1.50,1.88
2013.01.14 20:13:31.023,1.26581,1.26601,1.50,1.95
2013.01.14 20:13:31.434,1.26582,1.26601,1.50,1.13
2013.01.14 20:13:32.018,1.26581,1.26601,1.50,1.88
2013.01.14 20:13:37.565,1.2658,1.26601,1.50,1.50
2013.01.14 20:13:38.072,1.26579,1.26601,1.50,1.73
2013.01.14 20:13:38.659,1.26579,1.266,1.50,1.13
2013.01.14 20:13:42.213,1.26579,1.266,2.25,1.13
2013.01.14 20:13:43.133,1.26579,1.26601,1.50,1.35
2013.01.14 20:13:43.970,1.26579,1.26601,1.50,1.35
2013.01.14 20:13:48.813,1.26579,1.26602,2.25,3.53
2013.01.14 20:13:55.972,1.26579,1.26601,1.50,1.80
2013.01.14 20:13:56.883,1.26579,1.26601,2.25,1.80
2013.01.14 20:13:57.470,1.26579,1.26601,1.50,1.73
2013.01.14 20:14:03.626,1.26579,1.26602,2.25,2.03
2013.01.14 20:14:06.086,1.26579,1.26601,1.50,2.85
2013.01.14 20:14:09.094,1.26578,1.266,1.50,3.68
2013.01.14 20:14:09.394,1.26575,1.26596,3.00,1.58
2013.01.14 20:14:09.453,1.26575,1.26596,2.25,1.58
2013.01.14 20:14:09.982,1.26574,1.26594,1.13,1.50
2013.01.14 20:14:11.706,1.26574,1.26594,1.50,2.85
2013.01.14 20:14:12.252,1.26572,1.26592,1.50,1.20
2013.01.14 20:14:12.881,1.26572,1.26594,1.50,1.35
2013.01.14 20:14:12.949,1.26572,1.26594,1.50,2.10
2013.01.14 20:14:13.134,1.26576,1.26595,1.50,1.88
2013.01.14 20:14:13.193,1.26576,1.26596,1.50,3.98
2013.01.14 20:14:13.564,1.2658,1.26598,1.50,1.50
2013.01.14 20:14:13.922,1.26578,1.26598,2.25,2.25
2013.01.14 20:14:14.119,1.26578,1.26598,2.85,1.88
2013.01.14 20:14:14.187,1.26578,1.26599,2.85,1.13
2013.01.14 20:14:15.273,1.26578,1.26598,1.50,1.50
2013.01.14 20:14:16.182,1.26577,1.26598,2.07,1.50
2013.01.14 20:14:16.482,1.26578,1.26601,1.88,3.83
2013.01.14 20:14:17.162,1.26579,1.26601,1.50,3.08
2013.01.14 20:14:17.353,1.26579,1.266,1.50,1.50
2013.01.14 20:14:17.712,1.26579,1.266,1.50,1.50
2013.01.14 20:14:18.391,1.26578,1.26601,1.50,2.25
2013.01.14 20:14:18.703,1.26578,1.26601,1.50,3.00
2013.01.14 20:14:19.693,1.26579,1.26599,1.50,1.73
2013.01.14 20:14:20.823,1.26577,1.26598,1.50,2.25
2013.01.14 20:14:21.124,1.2658,1.266,1.50,2.55
2013.01.14 20:14:21.432,1.2658,1.266,2.25,1.35
2013.01.14 20:14:21.733,1.26583,1.26604,1.13,2.37
2013.01.14 20:14:21.793,1.26586,1.26604,1.50,2.07
2013.01.14 20:14:22.213,1.26586,1.26606,1.50,2.25
2013.01.14 20:14:22.812,1.26584,1.26605,3.00,1.50
2013.01.14 20:14:25.136,1.26584,1.26605,2.25,1.50
2013.01.14 20:14:25.964,1.26584,1.26605,2.25,1.50
2013.01.14 20:14:31.102,1.26584,1.26605,1.50,1.50
2013.01.14 20:14:32.423,1.26584,1.26605,1.50,1.50
2013.01.14 20:14:33.593,1.26585,1.26605,1.50,1.50
2013.01.14 20:14:34.063,1.26584,1.26604,1.50,1.50
2013.01.14 20:14:34.384,1.26585,1.26605,1.50,1.50
2013.01.14 20:14:37.804,1.26586,1.26606,1.50,1.50
2013.01.14 20:14:38.415,1.26586,1.26606,1.50,1.50
2013.01.14 20:14:45.567,1.26585,1.26607,2.25,1.88
2013.01.14 20:14:46.073,1.26583,1.26607,1.58,2.63
2013.01.14 20:14:46.134,1.26583,1.26605,1.50,1.50
2013.01.14 20:14:47.092,1.26585,1.26605,1.50,1.88
2013.01.14 20:14:48.260,1.26584,1.26605,1.50,2.25
2013.01.14 20:14:50.062,1.26586,1.26605,2.25,1.50
2013.01.14 20:14:50.952,1.26587,1.26608,1.50,2.59
2013.01.14 20:14:52.232,1.26587,1.26608,1.50,1.95
2013.01.14 20:14:56.278,1.26587,1.26608,1.58,1.95
2013.01.14 20:14:57.877,1.26586,1.26608,3.08,2.70
2013.01.14 20:14:59.525,1.26588,1.26608,1.50,1.95
2013.01.14 20:15:00.292,1.26588,1.26608,1.50,1.95
2013.01.14 20:15:04.154,1.2659,1.26608,1.50,1.58
2013.01.14 20:15:04.697,1.2659,1.26609,1.50,2.48
2013.01.14 20:15:06.253,1.26588,1.26609,1.50,2.48
2013.01.14 20:15:06.813,1.26587,1.26609,1.50,2.25
2013.01.14 20:15:07.346,1.26587,1.26609,1.50,3.00
2013.01.14 20:15:07.850,1.26587,1.26608,1.50,1.50
2013.01.14 20:15:08.356,1.26589,1.26609,1.50,2.25
2013.01.14 20:15:08.903,1.26589,1.26608,1.50,1.73
2013.01.14 20:15:10.185,1.26589,1.26608,1.50,1.73
2013.01.14 20:15:12.008,1.26589,1.26608,1.50,1.73
2013.01.14 20:15:12.722,1.26589,1.26608,1.50,1.73
2013.01.14 20:15:13.453,1.26589,1.26608,1.50,1.73
2013.01.14 20:15:17.003,1.26589,1.26608,1.50,1.73
2013.01.14 20:15:17.123,1.26587,1.26608,1.50,1.73
2013.01.14 20:15:17.684,1.26587,1.26608,1.50,1.73
2013.01.14 20:15:18.303,1.26587,1.26608,1.50,1.73
2013.01.14 20:15:19.843,1.26588,1.2661,1.50,1.05
2013.01.14 20:15:20.513,1.26588,1.2661,1.50,1.05
2013.01.14 20:15:21.342,1.26587,1.26608,1.50,1.58
2013.01.14 20:15:23.103,1.26587,1.26608,1.50,1.58
2013.01.14 20:15:31.556,1.26588,1.26609,1.50,1.58
2013.01.14 20:15:32.404,1.26586,1.26609,2.25,2.40
2013.01.14 20:15:32.922,1.26585,1.26608,3.75,1.58
2013.01.14 20:15:33.623,1.26585,1.26608,2.25,1.58
2013.01.14 20:15:34.172,1.26585,1.26608,2.33,1.58
2013.01.14 20:15:34.753,1.26585,1.26608,3.08,1.58
2013.01.14 20:15:35.063,1.26587,1.26608,1.50,1.58
2013.01.14 20:15:36.625,1.26586,1.26607,2.33,1.50
2013.01.14 20:15:37.180,1.26585,1.26607,2.33,1.50
2013.01.14 20:15:38.033,1.26585,1.26607,2.33,1.50
2013.01.14 20:15:38.154,1.26586,1.26607,1.58,1.50
2013.01.14 20:15:38.714,1.26586,1.26608,1.58,2.33
2013.01.14 20:15:40.404,1.26586,1.26608,3.75,2.33
2013.01.14 20:15:40.996,1.26586,1.26608,2.33,2.33
2013.01.14 20:15:43.004,1.26587,1.26608,2.25,1.35
2013.01.14 20:15:43.544,1.26589,1.26608,1.50,1.58
2013.01.14 20:15:43.604,1.26587,1.26608,1.50,1.58
2013.01.14 20:15:45.764,1.26587,1.2661,2.25,1.54
2013.01.14 20:15:45.956,1.26589,1.26611,2.33,1.50
2013.01.14 20:15:46.077,1.26591,1.26613,1.50,2.07
2013.01.14 20:15:46.145,1.26594,1.26613,1.50,1.50
2013.01.14 20:15:46.203,1.26594,1.26613,2.25,1.50
2013.01.14 20:15:46.443,1.26594,1.26617,3.00,1.58
2013.01.14 20:15:46.993,1.26595,1.26618,1.50,3.29
2013.01.14 20:15:48.052,1.26595,1.26618,1.50,3.47
2013.01.14 20:15:48.566,1.26594,1.26615,3.75,1.50
2013.01.14 20:15:49.095,1.26593,1.26614,1.50,2.25
2013.01.14 20:15:49.214,1.26591,1.26614,1.50,1.50
2013.01.14 20:15:49.453,1.2659,1.26611,3.38,1.50
2013.01.14 20:15:49.812,1.2659,1.2661,3.00,1.35
2013.01.14 20:15:50.323,1.2659,1.26608,1.50,1.35
2013.01.14 20:15:51.483,1.2659,1.26611,2.25,3.00
2013.01.14 20:15:51.843,1.2659,1.26611,3.75,1.50
2013.01.14 20:15:52.873,1.26591,1.26607,1.50,1.50
2013.01.14 20:15:53.025,1.26588,1.26607,2.25,1.50
2013.01.14 20:15:53.533,1.26588,1.2661,1.73,2.85
2013.01.14 20:15:54.034,1.26588,1.2661,1.80,2.85
2013.01.14 20:15:54.592,1.26588,1.2661,1.50,2.10
2013.01.14 20:15:55.134,1.26588,1.2661,1.50,2.10
2013.01.14 20:15:55.499,1.26588,1.2661,1.50,2.85
2013.01.14 20:15:55.623,1.26588,1.2661,2.48,1.35
2013.01.14 20:15:55.683,1.26588,1.26609,1.73,1.50
2013.01.14 20:15:56.723,1.26586,1.26607,1.50,1.50
2013.01.14 20:15:57.463,1.26585,1.26608,2.07,3.75
2013.01.14 20:15:57.823,1.26587,1.26608,1.50,2.25
2013.01.14 20:15:58.154,1.26586,1.26607,1.50,2.25
2013.01.14 20:15:58.703,1.26584,1.26604,1.50,1.50
2013.01.14 20:15:58.763,1.26584,1.26604,1.50,1.50
2013.01.14 20:16:00.864,1.26583,1.26604,1.50,1.50
2013.01.14 20:16:03.982,1.26584,1.26603,1.50,1.50
2013.01.14 20:16:10.114,1.26583,1.26605,2.25,2.25
2013.01.14 20:16:10.915,1.26583,1.26604,1.50,1.50
2013.01.14 20:16:11.459,1.26582,1.26602,2.25,1.50
2013.01.14 20:16:11.973,1.26582,1.26603,1.50,2.59
2013.01.14 20:16:12.502,1.26579,1.26602,1.50,2.48
2013.01.14 20:16:13.121,1.26582,1.26602,1.50,2.48
2013.01.14 20:16:14.384,1.2658,1.26601,1.50,1.73
2013.01.14 20:16:14.447,1.26579,1.26601,1.50,1.73
2013.01.14 20:16:15.026,1.26579,1.266,1.50,3.79
2013.01.14 20:16:16.703,1.26579,1.266,2.25,2.25
2013.01.14 20:16:19.894,1.2658,1.26601,1.50,2.55
2013.01.14 20:16:21.090,1.2658,1.26601,1.50,2.48
2013.01.14 20:16:23.014,1.26579,1.26601,1.50,1.73
2013.01.14 20:16:24.231,1.26579,1.26602,1.50,3.30
2013.01.14 20:16:24.299,1.26579,1.26601,1.50,1.73
2013.01.14 20:16:24.821,1.26581,1.26602,2.25,2.10
2013.01.14 20:16:25.443,1.26581,1.26602,2.25,2.10
2013.01.14 20:16:25.994,1.26581,1.26602,2.25,1.35
2013.01.14 20:16:28.570,1.26581,1.26602,2.25,1.35
2013.01.14 20:16:29.573,1.26583,1.26602,1.50,1.35
2013.01.14 20:16:32.434,1.26583,1.26604,1.50,1.43
2013.01.14 20:16:32.495,1.26583,1.26605,2.25,2.25
2013.01.14 20:16:32.864,1.26583,1.26603,2.10,1.35
2013.01.14 20:16:33.403,1.26581,1.26602,1.50,1.50
2013.01.14 20:16:36.353,1.26581,1.26602,1.50,2.25
2013.01.14 20:16:44.649,1.26585,1.26603,1.13,1.50
2013.01.14 20:16:44.833,1.26585,1.26607,3.38,1.50
2013.01.14 20:16:45.073,1.26585,1.26606,1.50,3.00
2013.01.14 20:16:45.578,1.26583,1.26605,2.63,2.25
2013.01.14 20:16:46.023,1.26583,1.26603,1.88,1.50
2013.01.14 20:16:46.439,1.26581,1.26601,2.25,1.73
2013.01.14 20:16:46.944,1.26581,1.26603,2.25,1.73
2013.01.14 20:16:49.937,1.2658,1.26602,1.50,1.73
2013.01.14 20:16:50.243,1.26577,1.26599,1.58,1.58
2013.01.14 20:16:51.788,1.26578,1.26599,3.83,1.58
2013.01.14 20:16:51.854,1.26578,1.26599,3.83,1.35
2013.01.14 20:16:53.013,1.26578,1.26599,3.00,1.35
2013.01.14 20:16:55.404,1.26578,1.26599,3.00,1.35
2013.01.14 20:16:55.464,1.26578,1.266,3.75,1.35
2013.01.14 20:16:55.585,1.26578,1.26599,3.00,1.58
2013.01.14 20:16:55.655,1.26578,1.26599,2.25,2.14
2013.01.14 20:16:57.305,1.26575,1.26598,1.50,3.04
2013.01.14 20:16:57.853,1.26577,1.26599,2.25,2.33
2013.01.14 20:16:59.014,1.26578,1.26599,1.50,1.58
2013.01.14 20:16:59.334,1.26578,1.26599,1.50,1.58
2013.01.14 20:16:59.873,1.26578,1.26599,2.25,1.58
2013.01.14 20:17:07.693,1.26578,1.26599,2.25,2.33
2013.01.14 20:17:08.423,1.26578,1.266,1.50,2.33
2013.01.14 20:17:13.953,1.26579,1.266,1.50,1.73
2013.01.14 20:17:16.776,1.26578,1.266,2.25,1.73
2013.01.14 20:17:21.354,1.26577,1.26598,1.50,2.33
2013.01.14 20:17:23.914,1.26578,1.266,1.50,1.80
2013.01.14 20:17:24.583,1.26578,1.26601,3.00,2.29
2013.01.14 20:17:25.173,1.26578,1.26601,2.25,2.29
2013.01.14 20:17:47.225,1.26579,1.26602,1.50,1.54
2013.01.14 20:17:47.346,1.26581,1.26603,1.50,1.73
2013.01.14 20:17:53.523,1.26579,1.26602,2.33,1.73
2013.01.14 20:17:54.933,1.26581,1.26603,1.50,1.50
2013.01.14 20:17:55.439,1.26581,1.26605,3.08,1.73
2013.01.14 20:17:57.635,1.26581,1.26603,2.33,1.50
2013.01.14 20:17:57.753,1.26582,1.26603,1.58,1.50
2013.01.14 20:17:58.312,1.26582,1.26603,3.00,1.50
2013.01.14 20:18:00.014,1.26584,1.26603,1.50,1.50
2013.01.14 20:18:00.134,1.26584,1.26606,2.25,3.23
2013.01.14 20:18:00.315,1.26586,1.26606,1.50,1.50
2013.01.14 20:18:00.863,1.26586,1.26607,2.25,1.32
2013.01.14 20:18:01.403,1.26586,1.26607,1.50,2.07
2013.01.14 20:18:02.010,1.26586,1.26607,1.50,2.29
2013.01.14 20:18:02.817,1.26586,1.26607,1.50,2.29
2013.01.14 20:18:04.564,1.26586,1.26607,1.50,1.50
2013.01.14 20:18:05.127,1.26586,1.26607,1.50,1.50
2013.01.14 20:18:05.575,1.26586,1.26608,2.25,1.35
2013.01.14 20:18:06.145,1.26586,1.26608,1.50,1.35
2013.01.14 20:18:07.512,1.26585,1.26608,3.08,2.10
2013.01.14 20:18:09.723,1.26586,1.26608,1.50,3.08
2013.01.14 20:18:09.855,1.26587,1.26608,1.50,1.54
2013.01.14 20:18:10.403,1.26585,1.26607,1.50,1.50
2013.01.14 20:18:10.943,1.26585,1.26607,2.25,1.50
2013.01.14 20:18:11.446,1.26585,1.26607,3.00,1.50
2013.01.14 20:18:14.593,1.26586,1.26609,1.50,1.73
2013.01.14 20:18:22.613,1.26585,1.26609,1.58,2.25
2013.01.14 20:18:22.673,1.26586,1.26609,1.50,3.08
2013.01.14 20:18:22.733,1.26586,1.26608,1.50,1.50
2013.01.14 20:18:23.364,1.26585,1.26606,3.00,1.73
2013.01.14 20:18:26.104,1.26585,1.26606,3.00,1.73
2013.01.14 20:18:30.377,1.26585,1.26607,1.50,3.64
2013.01.14 20:18:31.905,1.26585,1.26607,1.50,2.89
2013.01.14 20:18:36.916,1.26585,1.26606,2.25,1.73
2013.01.14 20:18:37.093,1.26586,1.26607,2.25,1.35
2013.01.14 20:18:37.454,1.26584,1.26607,3.00,2.14
2013.01.14 20:18:37.787,1.26583,1.26605,3.75,2.85
2013.01.14 20:18:39.133,1.26583,1.26605,3.00,2.85
2013.01.14 20:18:43.640,1.26584,1.26605,1.50,3.60
2013.01.14 20:18:47.923,1.26584,1.26605,1.50,2.10
2013.01.14 20:18:47.983,1.26584,1.26607,1.50,1.73
2013.01.14 20:18:48.493,1.26584,1.26607,3.00,1.73
2013.01.14 20:18:49.045,1.26584,1.26606,2.25,1.73
2013.01.14 20:18:49.734,1.26585,1.26606,1.50,1.73
2013.01.14 20:18:50.644,1.26585,1.26607,1.50,1.73
2013.01.14 20:18:50.965,1.26584,1.26605,1.50,1.35
2013.01.14 20:18:51.629,1.26583,1.26605,1.50,2.85
2013.01.14 20:18:58.184,1.26584,1.26605,1.50,1.50
2013.01.14 20:18:58.444,1.26585,1.26608,1.50,3.12
2013.01.14 20:19:03.893,1.26585,1.26607,1.50,1.05
2013.01.14 20:19:04.253,1.26587,1.26608,1.50,1.54
2013.01.14 20:19:22.124,1.26587,1.26605,1.50,1.69
2013.01.14 20:19:22.483,1.26585,1.26602,1.50,1.39
2013.01.14 20:19:22.664,1.26584,1.26602,1.50,1.39
2013.01.14 20:19:23.903,1.26582,1.26602,3.00,2.14
2013.01.14 20:19:27.054,1.26582,1.26602,2.63,1.73
2013.01.14 20:19:27.115,1.26584,1.26602,1.50,1.73
2013.01.14 20:19:27.695,1.26584,1.26607,1.50,3.90
2013.01.14 20:19:28.403,1.26585,1.26606,1.50,2.48
2013.01.14 20:19:29.254,1.26584,1.26605,2.25,1.50
2013.01.14 20:19:30.033,1.26583,1.26604,1.50,1.50
2013.01.14 20:19:30.894,1.26582,1.26603,2.25,1.73
2013.01.14 20:19:32.215,1.26583,1.26602,1.50,1.50
2013.01.14 20:19:36.203,1.26583,1.26605,1.50,2.48
2013.01.14 20:19:36.443,1.26584,1.26606,1.50,3.00
2013.01.14 20:19:36.982,1.26584,1.26606,1.50,3.75
2013.01.14 20:19:37.582,1.26584,1.26606,1.50,2.25
2013.01.14 20:19:39.533,1.26584,1.26606,1.58,3.00
2013.01.14 20:19:41.074,1.26584,1.26606,1.50,2.25
2013.01.14 20:19:47.614,1.26584,1.26606,2.25,1.50
2013.01.14 20:19:49.093,1.26583,1.26605,1.50,1.50
2013.01.14 20:19:49.952,1.26583,1.26605,1.50,1.50
2013.01.14 20:19:50.040,1.26587,1.26608,1.50,2.14
2013.01.14 20:19:50.344,1.26587,1.26606,1.13,2.85
2013.01.14 20:19:50.463,1.26587,1.26606,1.13,2.85
2013.01.14 20:19:50.674,1.26584,1.26606,2.25,2.85
2013.01.14 20:19:51.975,1.26584,1.26605,1.50,1.58
2013.01.14 20:19:58.201,1.26582,1.26604,2.25,1.58
2013.01.14 20:19:59.463,1.26583,1.26604,2.25,1.58
2013.01.14 20:19:59.988,1.26583,1.26604,2.25,2.33
2013.01.14 20:20:11.463,1.26583,1.26604,3.00,1.58
2013.01.14 20:20:25.954,1.26585,1.26605,1.50,1.58
2013.01.14 20:20:26.015,1.26585,1.26606,2.25,1.50
2013.01.14 20:20:26.644,1.26586,1.26606,1.50,1.35
2013.01.14 20:20:28.919,1.26586,1.26606,1.50,1.35
2013.01.14 20:20:29.044,1.26585,1.26603,1.50,1.50
2013.01.14 20:20:29.113,1.26584,1.266,1.50,2.10
2013.01.14 20:20:29.596,1.26583,1.266,1.50,1.69
2013.01.14 20:20:30.283,1.26578,1.26599,1.50,2.25
2013.01.14 20:20:30.905,1.26579,1.26599,1.50,2.25
2013.01.14 20:20:32.283,1.26577,1.26599,1.50,3.00
2013.01.14 20:20:32.404,1.26582,1.26599,1.32,2.25
2013.01.14 20:20:32.644,1.26585,1.26602,1.32,2.25
2013.01.14 20:20:32.846,1.26583,1.26603,1.50,1.50
2013.01.14 20:20:33.023,1.26582,1.26605,2.33,3.00
2013.01.14 20:20:33.563,1.26582,1.26605,3.83,1.50
2013.01.14 20:20:34.963,1.26584,1.26605,1.50,1.50
2013.01.14 20:20:35.354,1.26584,1.26607,2.25,2.25
2013.01.14 20:20:38.314,1.26585,1.26607,1.50,1.50
2013.01.14 20:20:39.234,1.26584,1.26607,3.00,2.25
2013.01.14 20:20:39.743,1.26584,1.26606,1.50,1.50
2013.01.14 20:20:39.974,1.26585,1.26607,1.50,2.25
2013.01.14 20:20:40.533,1.26585,1.26607,1.50,1.50
2013.01.14 20:20:41.454,1.26586,1.26607,1.50,2.85
2013.01.14 20:20:41.993,1.26585,1.26607,1.50,2.10
2013.01.14 20:20:42.669,1.26585,1.26607,1.50,2.70
2013.01.14 20:20:43.034,1.26583,1.26606,4.50,1.73
2013.01.14 20:20:44.034,1.26585,1.26606,1.50,1.73
2013.01.14 20:20:44.154,1.26586,1.26607,2.25,3.53
2013.01.14 20:20:44.333,1.26586,1.26607,2.25,2.78
2013.01.14 20:20:44.573,1.26586,1.26607,1.50,2.78
2013.01.14 20:20:49.433,1.26585,1.26607,2.25,1.95
2013.01.14 20:20:49.673,1.26588,1.2661,2.25,2.25
2013.01.14 20:20:50.818,1.26588,1.26609,2.25,1.58
2013.01.14 20:21:07.913,1.26588,1.26609,1.50,2.55
2013.01.14 20:21:13.414,1.26589,1.26609,2.25,1.73
2013.01.14 20:21:13.934,1.26588,1.26609,1.50,1.80
2013.01.14 20:21:14.174,1.26589,1.26609,2.10,1.80
2013.01.14 20:21:14.414,1.26593,1.26613,2.25,2.40
2013.01.14 20:21:14.654,1.26594,1.26613,1.13,1.50
2013.01.14 20:21:15.194,1.26595,1.26618,1.50,2.33
2013.01.14 20:21:16.070,1.26597,1.26619,1.50,1.80
2013.01.14 20:21:16.434,1.26598,1.26619,1.50,2.55
2013.01.14 20:21:16.973,1.26596,1.26618,1.50,1.58
2013.01.14 20:21:17.743,1.26596,1.26618,1.50,1.58
2013.01.14 20:21:18.615,1.26596,1.26617,1.50,1.13
2013.01.14 20:21:19.262,1.26594,1.26613,1.50,1.50
2013.01.14 20:21:19.348,1.26592,1.26613,1.50,1.58
2013.01.14 20:21:19.953,1.26592,1.26613,1.50,1.58
2013.01.14 20:21:24.104,1.2659,1.26613,1.50,2.33
2013.01.14 20:21:24.666,1.2659,1.26612,1.50,1.80
2013.01.14 20:21:26.225,1.26591,1.26612,1.13,1.73
2013.01.14 20:21:26.764,1.26589,1.26611,1.73,2.18
2013.01.14 20:21:27.314,1.2659,1.26611,1.50,1.50
2013.01.14 20:21:30.774,1.2659,1.26611,2.25,1.50
2013.01.14 20:21:39.905,1.26591,1.26612,2.25,1.80
2013.01.14 20:21:40.427,1.26591,1.26613,1.50,1.05
2013.01.14 20:21:43.144,1.26592,1.26613,1.50,1.05
2013.01.14 20:21:43.264,1.26592,1.26613,1.50,1.05
2013.01.14 20:21:43.773,1.26592,1.26615,2.25,2.55
2013.01.14 20:21:45.193,1.26592,1.26614,1.50,1.80
2013.01.14 20:21:45.314,1.26592,1.26613,2.25,1.50
2013.01.14 20:21:45.433,1.26592,1.26613,1.50,1.50
2013.01.14 20:21:45.493,1.26592,1.26614,1.50,1.05
2013.01.14 20:21:45.683,1.26592,1.26615,1.50,2.55
2013.01.14 20:21:46.307,1.26593,1.26614,1.50,1.80
2013.01.14 20:21:48.163,1.26593,1.26615,3.00,2.55
2013.01.14 20:21:51.274,1.26594,1.26615,3.00,2.48
2013.01.14 20:21:55.943,1.26592,1.26614,1.50,1.73
2013.01.14 20:21:56.868,1.26592,1.26615,1.50,2.55
2013.01.14 20:21:59.675,1.26592,1.26614,1.73,1.50
2013.01.14 20:22:00.923,1.26592,1.26615,1.73,2.33
2013.01.14 20:22:01.530,1.26592,1.26614,1.73,1.50
2013.01.14 20:22:01.866,1.26593,1.26615,1.50,2.33
2013.01.14 20:22:05.095,1.26592,1.26614,1.73,1.50
2013.01.14 20:22:10.244,1.26592,1.26614,1.73,1.13
2013.01.14 20:22:10.603,1.2659,1.26613,3.00,2.55
2013.01.14 20:22:10.963,1.2659,1.26612,3.23,1.43
2013.01.14 20:22:12.082,1.26591,1.26612,1.73,1.35
2013.01.14 20:22:14.316,1.26591,1.26613,1.73,1.35
2013.01.14 20:22:14.878,1.2659,1.26612,1.50,2.97
2013.01.14 20:22:15.560,1.2659,1.26611,1.50,1.24
2013.01.14 20:22:16.238,1.2659,1.26611,1.50,1.24
2013.01.14 20:22:27.014,1.2659,1.26612,1.50,2.03
2013.01.14 20:22:31.653,1.2659,1.26612,1.50,2.03
2013.01.14 20:22:33.993,1.2659,1.26611,1.50,1.62
2013.01.14 20:22:42.962,1.2659,1.26611,3.75,1.35
2013.01.14 20:22:43.265,1.26594,1.26614,1.50,1.50
2013.01.14 20:22:43.324,1.26594,1.26616,2.25,1.50
2013.01.14 20:22:43.563,1.26594,1.26617,3.00,1.95
2013.01.14 20:22:43.624,1.26594,1.26617,3.00,2.18
2013.01.14 20:22:44.230,1.26594,1.26613,2.25,1.54
2013.01.14 20:22:44.755,1.26593,1.26613,1.50,1.92
2013.01.14 20:22:45.318,1.26591,1.26613,1.50,1.92
2013.01.14 20:22:45.646,1.26591,1.26613,1.50,1.54
2013.01.14 20:22:45.713,1.26591,1.26614,1.58,2.10
2013.01.14 20:22:45.834,1.26592,1.26614,1.73,1.50
2013.01.14 20:22:45.954,1.26592,1.26614,1.73,2.44
2013.01.14 20:22:46.494,1.26591,1.26613,1.50,1.92
2013.01.14 20:22:47.623,1.2659,1.26613,2.25,2.29
2013.01.14 20:22:47.684,1.2659,1.26613,2.25,1.73
2013.01.14 20:22:48.243,1.26592,1.26614,3.23,1.88
2013.01.14 20:22:53.133,1.26592,1.26614,3.98,1.50
2013.01.14 20:22:56.373,1.26592,1.26614,3.23,1.50
2013.01.14 20:22:56.495,1.26592,1.26613,1.73,1.50
2013.01.14 20:22:56.614,1.26591,1.26611,3.00,1.13
2013.01.14 20:22:58.144,1.26591,1.26613,2.25,2.10
2013.01.14 20:22:58.264,1.26591,1.26613,2.48,1.50
2013.01.14 20:22:58.683,1.26593,1.26614,1.50,1.50
2013.01.14 20:23:00.443,1.26592,1.26615,3.23,3.00
2013.01.14 20:23:00.683,1.26592,1.26613,2.48,1.69
2013.01.14 20:23:01.243,1.2659,1.26613,1.50,3.42
2013.01.14 20:23:01.837,1.2659,1.26613,1.50,3.42
2013.01.14 20:23:02.390,1.26591,1.26612,2.25,1.35
2013.01.14 20:23:02.693,1.26592,1.26615,1.73,3.45
2013.01.14 20:23:08.096,1.26593,1.26614,1.54,1.50
2013.01.14 20:23:08.295,1.26595,1.26616,2.29,1.13
2013.01.14 20:23:08.605,1.26596,1.26616,1.50,1.50
2013.01.14 20:23:09.443,1.26594,1.26616,2.48,1.88
2013.01.14 20:23:10.277,1.26594,1.26615,2.48,1.35
2013.01.14 20:23:10.668,1.26594,1.26616,1.73,2.25
2013.01.14 20:23:11.024,1.26594,1.26616,1.73,2.25
2013.01.14 20:23:13.104,1.26594,1.26616,1.73,2.63
2013.01.14 20:23:14.114,1.26594,1.26616,2.48,1.50
2013.01.14 20:23:15.293,1.26597,1.26617,1.50,1.13
2013.01.14 20:23:16.533,1.26597,1.26617,2.25,1.13
2013.01.14 20:23:18.924,1.26598,1.26619,2.25,2.25
2013.01.14 20:23:19.104,1.266,1.26619,1.58,1.50
2013.01.14 20:23:19.628,1.26601,1.26622,1.73,1.13
2013.01.14 20:23:19.983,1.26603,1.26622,1.50,1.13
2013.01.14 20:23:20.727,1.26603,1.26622,1.50,1.13
2013.01.14 20:23:31.304,1.26601,1.26621,1.73,1.13
2013.01.14 20:23:31.860,1.26601,1.26621,1.73,1.13
2013.01.14 20:23:32.683,1.266,1.2662,1.73,1.13
2013.01.14 20:23:33.203,1.266,1.26621,1.50,1.13
2013.01.14 20:23:33.881,1.266,1.26619,1.50,1.13
2013.01.14 20:23:35.383,1.26601,1.26621,2.10,1.13
2013.01.14 20:23:35.514,1.26603,1.26621,1.50,1.13
2013.01.14 20:23:36.285,1.26603,1.26622,1.50,1.13
2013.01.14 20:23:36.715,1.26605,1.26624,1.50,1.13
2013.01.14 20:23:37.684,1.26605,1.26624,1.50,1.13
2013.01.14 20:23:38.144,1.26603,1.26622,1.50,1.13
2013.01.14 20:23:38.894,1.26601,1.26621,1.50,1.13
2013.01.14 20:23:39.564,1.266,1.26624,2.25,1.88
2013.01.14 20:23:39.964,1.266,1.26621,1.50,2.44
2013.01.14 20:23:40.203,1.26599,1.26621,3.00,1.92
2013.01.14 20:23:40.393,1.26599,1.26619,2.25,1.35
2013.01.14 20:23:40.834,1.26599,1.26618,2.25,1.13
2013.01.14 20:23:41.196,1.26599,1.26618,2.25,1.13
2013.01.14 20:23:41.876,1.26601,1.2662,1.50,1.13
2013.01.14 20:23:47.147,1.26603,1.26622,1.13,1.95
2013.01.14 20:23:47.704,1.26604,1.26622,1.50,1.20
2013.01.14 20:23:48.239,1.26603,1.26622,2.25,1.58
2013.01.14 20:23:48.594,1.26599,1.2662,3.23,2.10
2013.01.14 20:23:48.667,1.26601,1.2662,1.73,2.10
2013.01.14 20:23:48.738,1.26601,1.2662,2.48,1.35
2013.01.14 20:23:49.014,1.26603,1.26623,1.73,1.58
2013.01.14 20:23:49.894,1.26602,1.26624,2.48,1.50
2013.01.14 20:23:50.615,1.26603,1.26624,1.73,2.25
2013.01.14 20:23:51.122,1.26601,1.26621,1.50,1.50
2013.01.14 20:23:51.464,1.26601,1.26622,1.50,1.20
2013.01.14 20:23:51.527,1.26601,1.26622,1.50,1.20
2013.01.14 20:23:52.127,1.26599,1.26622,1.73,1.88
2013.01.14 20:23:55.884,1.26603,1.26623,1.50,1.20
2013.01.14 20:23:55.944,1.26602,1.26622,2.48,1.58
2013.01.14 20:23:56.516,1.26603,1.26625,1.73,2.93
2013.01.14 20:24:00.589,1.26603,1.26625,3.23,3.30
2013.01.14 20:24:00.714,1.26605,1.26625,1.50,2.48
2013.01.14 20:24:01.015,1.26606,1.26627,2.48,1.43
2013.01.14 20:24:02.063,1.26607,1.26628,1.50,2.10
2013.01.14 20:24:02.649,1.26606,1.26625,1.73,1.35
2013.01.14 20:24:02.894,1.26604,1.26625,1.50,2.10
2013.01.14 20:24:03.420,1.26603,1.26625,1.73,2.10
2013.01.14 20:24:06.954,1.26604,1.26626,1.50,2.70
2013.01.14 20:24:07.764,1.26604,1.26626,1.50,2.25
2013.01.14 20:24:09.596,1.26604,1.26627,2.25,1.20
2013.01.14 20:24:09.675,1.26604,1.26625,2.25,1.13
2013.01.14 20:24:10.045,1.26603,1.26623,1.50,1.35
2013.01.14 20:24:10.584,1.266,1.26621,1.50,1.95
2013.01.14 20:24:11.164,1.266,1.26621,2.25,1.95
2013.01.14 20:24:11.705,1.26603,1.26625,1.50,2.72
2013.01.14 20:24:12.226,1.26604,1.26625,1.50,1.80
2013.01.14 20:24:12.954,1.26604,1.26625,1.50,1.73
2013.01.14 20:24:13.658,1.26604,1.26626,3.68,1.88
2013.01.14 20:24:13.725,1.26607,1.26625,1.32,1.13
2013.01.14 20:24:14.083,1.26607,1.26629,1.54,1.50
2013.01.14 20:24:14.563,1.26607,1.2663,2.29,1.50
2013.01.14 20:24:16.953,1.26608,1.2663,1.73,1.13
2013.01.14 20:24:17.835,1.26607,1.26629,2.29,1.88
2013.01.14 20:24:19.294,1.26607,1.26629,1.73,1.88
2013.01.14 20:24:20.213,1.26606,1.26628,2.93,1.50
2013.01.14 20:24:20.274,1.26606,1.26626,1.50,1.13
2013.01.14 20:24:20.693,1.26605,1.26625,1.50,3.23
2013.01.14 20:24:21.179,1.26604,1.26622,1.50,1.69
2013.01.14 20:24:21.544,1.26601,1.26621,1.50,1.73
2013.01.14 20:24:21.924,1.266,1.26621,2.48,1.32
2013.01.14 20:24:21.983,1.266,1.26621,2.48,1.13
2013.01.14 20:24:22.531,1.26602,1.26622,1.50,1.13
2013.01.14 20:24:23.194,1.26602,1.26623,2.25,1.20
2013.01.14 20:24:23.734,1.26603,1.26622,1.50,1.13
2013.01.14 20:24:24.014,1.26602,1.26623,2.25,1.88
2013.01.14 20:24:24.553,1.26602,1.26622,1.50,1.13
2013.01.14 20:24:25.164,1.266,1.26622,2.48,1.13
2013.01.14 20:24:25.614,1.26604,1.26623,1.50,1.13
2013.01.14 20:24:26.927,1.26604,1.26623,2.25,1.13
2013.01.14 20:24:27.454,1.26605,1.26627,1.73,1.88
2013.01.14 20:24:28.304,1.26605,1.26625,1.73,1.13
2013.01.14 20:24:28.724,1.26603,1.26624,1.50,1.50
2013.01.14 20:24:28.844,1.26602,1.26623,1.50,1.32
2013.01.14 20:24:29.204,1.26601,1.2662,1.50,2.63
2013.01.14 20:24:29.264,1.266,1.26619,2.25,1.50
2013.01.14 20:24:29.444,1.26597,1.26619,3.00,1.50
2013.01.14 20:24:29.624,1.26598,1.2662,3.00,1.50
2013.01.14 20:24:29.925,1.26598,1.26617,1.50,2.10
2013.01.14 20:24:30.284,1.26593,1.26608,2.48,1.35
2013.01.14 20:24:30.405,1.26591,1.26611,1.50,3.08
2013.01.14 20:24:30.764,1.2659,1.2661,1.50,1.13
2013.01.14 20:24:34.013,1.2659,1.2661,1.50,1.69
2013.01.14 20:24:34.685,1.26588,1.26609,1.50,1.92
2013.01.14 20:24:36.123,1.26588,1.26609,1.50,1.92
2013.01.14 20:24:38.977,1.26588,1.2661,1.50,1.20
2013.01.14 20:24:46.464,1.26588,1.26609,2.25,1.35
2013.01.14 20:24:50.450,1.26588,1.26609,1.50,1.43
2013.01.14 20:24:51.048,1.26588,1.2661,1.50,1.20
2013.01.14 20:24:51.245,1.26588,1.2661,1.50,1.20
2013.01.14 20:24:51.366,1.26587,1.26608,1.50,1.35
2013.01.14 20:24:51.544,1.26587,1.26607,1.50,2.70
2013.01.14 20:24:55.654,1.26587,1.26606,1.50,1.73
2013.01.14 20:24:56.015,1.26592,1.26609,1.50,1.35
2013.01.14 20:24:56.074,1.26592,1.2661,1.50,1.73
2013.01.14 20:24:56.324,1.26592,1.26609,1.50,1.13
2013.01.14 20:24:57.694,1.26592,1.26608,1.50,2.10
2013.01.14 20:24:57.818,1.26593,1.26612,1.50,1.88
2013.01.14 20:24:57.888,1.26594,1.26612,1.50,1.50
2013.01.14 20:24:58.426,1.26593,1.26612,3.00,1.13
2013.01.14 20:25:01.294,1.26594,1.26615,2.25,1.73
2013.01.14 20:25:01.594,1.26594,1.26615,2.25,1.73
2013.01.14 20:25:06.916,1.26594,1.26616,3.00,2.67
2013.01.14 20:25:07.925,1.26594,1.26615,1.50,1.73
2013.01.14 20:25:08.295,1.26594,1.26612,1.50,1.13
2013.01.14 20:25:08.835,1.26591,1.26611,1.05,1.50
2013.01.14 20:25:09.015,1.26589,1.2661,3.00,1.13
2013.01.14 20:25:09.474,1.26587,1.2661,2.48,1.13
2013.01.14 20:25:12.228,1.26587,1.26609,2.48,1.13
2013.01.14 20:25:13.515,1.26588,1.26611,2.48,1.88
2013.01.14 20:25:14.799,1.26587,1.26608,1.50,1.13
2013.01.14 20:25:15.334,1.26586,1.26609,3.98,1.13
2013.01.14 20:25:16.045,1.26586,1.26609,3.23,1.13
2013.01.14 20:25:16.595,1.26584,1.26605,2.25,1.13
2013.01.14 20:25:17.117,1.26584,1.26606,1.50,1.35
2013.01.14 20:25:18.523,1.26584,1.26606,1.50,1.35
2013.01.14 20:25:21.694,1.26585,1.26606,1.50,1.95
2013.01.14 20:25:22.059,1.26587,1.26606,1.50,1.20
2013.01.14 20:25:22.410,1.26602,1.26611,3.00,1.05
2013.01.14 20:25:22.744,1.266,1.26615,1.13,1.35
2013.01.14 20:25:22.863,1.26601,1.26615,1.73,1.13
2013.01.14 20:25:22.924,1.26606,1.26613,1.50,1.50
2013.01.14 20:25:23.118,1.26606,1.26619,1.50,1.50
2013.01.14 20:25:23.378,1.26604,1.26621,3.00,1.50
2013.01.14 20:25:23.924,1.26605,1.26621,1.50,2.25
2013.01.14 20:25:24.243,1.26605,1.26621,2.48,1.50
2013.01.14 20:25:24.604,1.26608,1.26629,1.50,2.63
2013.01.14 20:25:24.725,1.26608,1.26629,1.50,1.88
2013.01.14 20:25:25.204,1.26606,1.26629,1.50,2.63
2013.01.14 20:25:26.326,1.26606,1.26629,1.50,2.63
2013.01.14 20:25:27.492,1.26607,1.26629,1.50,1.88
2013.01.14 20:25:30.725,1.26607,1.26629,1.73,1.50
2013.01.14 20:25:31.644,1.26608,1.2663,2.48,2.48
2013.01.14 20:25:32.164,1.26608,1.2663,1.73,1.73
2013.01.14 20:25:33.384,1.26608,1.2663,1.73,1.73
2013.01.14 20:25:33.708,1.26607,1.26629,1.58,1.73
2013.01.14 20:25:33.775,1.26607,1.26629,2.55,1.13
2013.01.14 20:25:34.134,1.26611,1.26632,3.00,2.07
2013.01.14 20:25:34.644,1.26612,1.26632,1.50,1.32
2013.01.14 20:25:35.175,1.26613,1.26633,1.50,1.32
2013.01.14 20:25:35.235,1.26613,1.26635,1.88,1.73
2013.01.14 20:25:35.536,1.26621,1.26637,1.50,1.50
2013.01.14 20:25:35.656,1.26624,1.26638,2.18,2.25
2013.01.14 20:25:35.715,1.26624,1.26638,1.95,2.25
2013.01.14 20:25:35.954,1.26619,1.26639,3.04,2.25
2013.01.14 20:25:37.805,1.26621,1.26641,1.73,1.50
2013.01.14 20:25:38.713,1.26622,1.26645,2.48,2.25
2013.01.14 20:25:39.195,1.26622,1.26644,1.73,1.50
2013.01.14 20:25:40.361,1.26622,1.26644,2.48,1.50
2013.01.14 20:25:41.366,1.26622,1.26645,1.73,2.25
2013.01.14 20:25:41.874,1.26622,1.26644,2.48,1.50
2013.01.14 20:25:41.995,1.26622,1.26644,2.48,1.50
2013.01.14 20:25:42.774,1.26622,1.26643,2.48,1.50
2013.01.14 20:25:46.014,1.26622,1.26643,1.73,1.50
2013.01.14 20:25:46.554,1.2662,1.26641,2.48,1.50
2013.01.14 20:25:46.674,1.2662,1.26641,3.23,1.50
2013.01.14 20:25:47.216,1.2662,1.26641,2.48,1.50
2013.01.14 20:25:48.195,1.2662,1.26641,2.55,1.50
2013.01.14 20:25:48.856,1.2662,1.26642,1.80,2.25
2013.01.14 20:25:50.914,1.26622,1.26644,1.73,1.50
2013.01.14 20:25:51.455,1.26622,1.26644,2.48,1.50
2013.01.14 20:25:51.695,1.26622,1.26644,2.48,1.50
2013.01.14 20:25:51.756,1.26626,1.26644,1.54,1.50
2013.01.14 20:25:52.179,1.26631,1.26648,1.35,1.50
2013.01.14 20:25:52.247,1.2663,1.26649,1.73,1.50
2013.01.14 20:25:52.376,1.2663,1.26652,2.25,1.54
2013.01.14 20:25:52.438,1.2663,1.26652,2.25,1.92
2013.01.14 20:25:52.745,1.26632,1.26648,1.50,1.50
2013.01.14 20:25:52.817,1.26627,1.26645,1.58,1.35
2013.01.14 20:25:53.185,1.26625,1.26645,1.73,1.35
2013.01.14 20:25:53.743,1.26624,1.26645,2.25,2.33
2013.01.14 20:25:53.806,1.26624,1.26645,1.50,2.33
2013.01.14 20:25:55.665,1.26623,1.26645,2.25,2.89
2013.01.14 20:25:56.216,1.26625,1.26647,2.25,1.13
2013.01.14 20:25:57.426,1.26626,1.26647,4.35,1.32
2013.01.14 20:25:57.486,1.26627,1.26649,2.25,1.73
2013.01.14 20:25:57.545,1.26627,1.26649,4.58,1.73
2013.01.14 20:25:57.864,1.26631,1.26651,1.50,1.73
2013.01.14 20:25:58.045,1.26631,1.26651,1.50,1.50
2013.01.14 20:25:58.627,1.26631,1.26652,1.50,1.50
2013.01.14 20:25:58.874,1.2663,1.26652,2.25,1.50
2013.01.14 20:26:00.676,1.26631,1.26652,1.50,1.73
2013.01.14 20:26:02.364,1.2663,1.26653,1.50,1.58
2013.01.14 20:26:02.915,1.26629,1.2665,1.50,1.50
2013.01.14 20:26:03.965,1.26628,1.26649,3.00,1.58
2013.01.14 20:26:05.545,1.26628,1.26649,1.50,3.27
2013.01.14 20:26:05.786,1.26625,1.26647,1.50,2.25
2013.01.14 20:26:05.975,1.26625,1.26646,1.50,2.33
2013.01.14 20:26:06.154,1.26622,1.26645,3.00,2.33
2013.01.14 20:26:06.335,1.26621,1.26642,2.25,2.14
2013.01.14 20:26:06.711,1.26621,1.26641,2.25,1.17
2013.01.14 20:26:07.015,1.2662,1.26635,1.50,1.77
2013.01.14 20:26:07.316,1.26619,1.26638,1.50,2.10
2013.01.14 20:26:07.554,1.26619,1.26639,2.25,1.20
2013.01.14 20:26:07.614,1.26619,1.26639,2.25,1.20
2013.01.14 20:26:08.803,1.26619,1.26639,1.50,1.20
2013.01.14 20:26:09.294,1.26619,1.26639,1.50,1.20
2013.01.14 20:26:11.355,1.26619,1.26639,2.25,1.58
2013.01.14 20:26:11.414,1.2662,1.26639,1.50,1.58
2013.01.14 20:26:14.474,1.26621,1.26643,1.50,1.92
2013.01.14 20:26:16.454,1.2662,1.26643,2.25,1.92
2013.01.14 20:26:16.725,1.26621,1.26643,1.50,2.67
2013.01.14 20:26:17.084,1.26627,1.26644,1.13,1.13
2013.01.14 20:26:17.324,1.26628,1.26646,1.62,1.13
2013.01.14 20:26:17.449,1.26629,1.26652,1.50,1.13
2013.01.14 20:26:17.695,1.26629,1.26646,1.50,1.50
2013.01.14 20:26:17.947,1.26627,1.26646,1.50,1.73
2013.01.14 20:26:18.277,1.26624,1.26646,3.00,1.35
2013.01.14 20:26:19.128,1.26626,1.26647,1.50,2.48
2013.01.14 20:26:20.834,1.26625,1.26647,1.50,1.73
2013.01.14 20:26:21.495,1.26624,1.26646,3.00,1.35
2013.01.14 20:26:21.570,1.26627,1.26646,3.04,1.13
2013.01.14 20:26:21.654,1.26627,1.26647,5.37,1.13
2013.01.14 20:26:21.725,1.26628,1.26647,1.50,1.13
2013.01.14 20:26:21.906,1.26629,1.2665,1.50,1.35
2013.01.14 20:26:22.155,1.26628,1.26649,1.50,1.35
2013.01.14 20:26:22.214,1.26627,1.26648,1.58,1.35
2013.01.14 20:26:22.514,1.26625,1.26646,2.07,1.73
2013.01.14 20:26:22.795,1.26624,1.26645,3.00,1.92
2013.01.14 20:26:23.096,1.26623,1.26634,1.50,1.13
2013.01.14 20:26:23.287,1.26619,1.26637,1.04,1.73
2013.01.14 20:26:23.347,1.26618,1.26638,2.48,2.48
2013.01.14 20:26:23.415,1.26618,1.26638,2.48,2.48
2013.01.14 20:26:23.475,1.26618,1.26638,1.73,1.13
2013.01.14 20:26:23.594,1.26618,1.26634,1.73,1.13
2013.01.14 20:26:23.834,1.26617,1.26637,1.73,1.88
2013.01.14 20:26:24.374,1.26617,1.26638,1.50,1.13
2013.01.14 20:26:25.005,1.26619,1.26639,1.50,1.13
2013.01.14 20:26:25.506,1.26622,1.26642,1.50,1.02
2013.01.14 20:26:26.045,1.26622,1.26644,2.25,1.73
2013.01.14 20:26:26.394,1.26622,1.26644,1.50,1.73
2013.01.14 20:26:26.694,1.26619,1.26638,2.48,2.25
2013.01.14 20:26:27.314,1.26619,1.26638,1.73,4.20
2013.01.14 20:26:28.254,1.26616,1.26636,2.25,1.13
2013.01.14 20:26:28.794,1.26613,1.26637,3.23,3.38
2013.01.14 20:26:28.974,1.26613,1.26635,2.48,1.50
2013.01.14 20:26:29.524,1.26613,1.26635,1.73,1.50
2013.01.14 20:26:30.357,1.26613,1.26635,1.73,1.50
2013.01.14 20:26:31.855,1.26611,1.26634,2.48,2.33
2013.01.14 20:26:32.404,1.26611,1.26633,1.73,1.50
2013.01.14 20:26:33.009,1.26611,1.26632,1.73,1.50
2013.01.14 20:26:33.670,1.26611,1.26632,1.73,1.50
2013.01.14 20:26:33.894,1.26611,1.26632,1.73,1.88
2013.01.14 20:26:34.195,1.26608,1.26627,2.48,3.00
2013.01.14 20:26:34.254,1.26608,1.26625,2.48,1.35
2013.01.14 20:26:34.435,1.26607,1.26625,1.50,2.10
2013.01.14 20:26:35.005,1.26603,1.26625,2.48,2.10
2013.01.14 20:26:35.544,1.26602,1.26624,1.50,1.35
2013.01.14 20:26:36.563,1.26602,1.26624,1.50,1.35
2013.01.14 20:26:36.624,1.26602,1.26625,1.50,3.15
2013.01.14 20:26:37.349,1.26601,1.26622,1.50,1.50
2013.01.14 20:26:37.944,1.266,1.26622,3.00,2.25
2013.01.14 20:26:38.501,1.26598,1.26621,3.08,1.50
2013.01.14 20:26:39.294,1.266,1.26622,1.50,3.00
2013.01.14 20:26:39.622,1.26599,1.26621,1.73,1.50
2013.01.14 20:26:39.688,1.266,1.26621,1.73,2.18
2013.01.14 20:26:39.815,1.266,1.26621,2.25,1.95
2013.01.14 20:26:40.355,1.26599,1.26621,2.25,2.33
2013.01.14 20:26:40.594,1.266,1.26621,1.50,3.08
2013.01.14 20:26:41.135,1.26602,1.26622,1.50,2.48
2013.01.14 20:26:41.494,1.26605,1.26626,1.50,1.80
2013.01.14 20:26:41.734,1.26606,1.26628,1.73,2.33
2013.01.14 20:26:42.424,1.26607,1.26628,1.73,2.25
2013.01.14 20:26:42.964,1.26607,1.26628,1.73,2.33
2013.01.14 20:26:43.975,1.26606,1.26627,1.73,1.13
2013.01.14 20:26:44.336,1.26605,1.26625,1.50,1.58
2013.01.14 20:26:44.891,1.26604,1.26623,1.50,2.25
2013.01.14 20:26:45.294,1.26602,1.26624,1.73,1.50
2013.01.14 20:26:45.868,1.26602,1.26624,1.73,1.50
2013.01.14 20:26:46.585,1.26602,1.26624,1.73,1.50
2013.01.14 20:26:47.675,1.26601,1.26624,3.30,2.25
2013.01.14 20:26:48.200,1.26601,1.26624,3.23,1.50
2013.01.14 20:26:48.657,1.26603,1.26624,1.50,1.50
2013.01.14 20:26:49.685,1.26605,1.26625,1.50,1.50
2013.01.14 20:26:49.804,1.26606,1.26628,1.50,3.08
2013.01.14 20:26:50.465,1.26606,1.26627,1.50,1.13
2013.01.14 20:26:50.965,1.26603,1.26626,3.23,2.33
2013.01.14 20:26:51.557,1.26603,1.26624,2.48,1.50
2013.01.14 20:26:52.084,1.26604,1.26625,1.50,1.50
2013.01.14 20:26:52.204,1.26605,1.26628,2.07,4.05
2013.01.14 20:26:52.444,1.26606,1.26628,1.73,3.00
2013.01.14 20:26:52.993,1.26605,1.26627,1.50,1.50
2013.01.14 20:26:53.057,1.26605,1.26627,1.50,1.50
2013.01.14 20:26:53.128,1.26604,1.26624,1.50,1.50
2013.01.14 20:26:53.899,1.26601,1.26624,2.25,3.60
2013.01.14 20:26:54.354,1.26601,1.26623,2.33,2.10
2013.01.14 20:26:54.415,1.26603,1.26623,1.50,1.35
2013.01.14 20:26:54.775,1.26607,1.26628,1.73,2.25
2013.01.14 20:26:55.284,1.26607,1.26629,2.48,3.00
2013.01.14 20:26:55.804,1.26609,1.2663,1.50,2.25
2013.01.14 20:26:56.394,1.2661,1.2663,1.50,1.50
2013.01.14 20:26:57.087,1.2661,1.26627,1.50,2.07
2013.01.14 20:26:57.395,1.26604,1.26622,1.50,1.50
2013.01.14 20:26:58.064,1.26603,1.26624,1.50,1.50
2013.01.14 20:26:58.124,1.26603,1.26624,2.25,1.50
2013.01.14 20:26:59.454,1.26603,1.26625,2.48,2.85
2013.01.14 20:27:00.184,1.26606,1.26626,1.58,1.50
2013.01.14 20:27:00.365,1.26609,1.26629,1.50,1.73
2013.01.14 20:27:00.604,1.26608,1.26631,2.48,2.25
2013.01.14 20:27:03.884,1.26608,1.2663,1.80,1.13
2013.01.14 20:27:06.816,1.26609,1.26631,1.05,2.25
2013.01.14 20:27:07.174,1.2661,1.26634,1.05,2.25
2013.01.14 20:27:10.276,1.26611,1.26633,1.73,1.50
2013.01.14 20:27:10.597,1.2661,1.26628,1.73,1.50
2013.01.14 20:27:11.112,1.26608,1.26628,1.50,2.25
2013.01.14 20:27:11.233,1.26607,1.26627,2.48,1.50
2013.01.14 20:27:12.115,1.26606,1.26624,1.73,1.50
2013.01.14 20:27:12.474,1.26604,1.26622,1.73,1.50
2013.01.14 20:27:13.014,1.26602,1.26622,1.50,2.25
2013.01.14 20:27:14.385,1.26602,1.26621,2.25,1.50
2013.01.14 20:27:19.515,1.26602,1.26622,1.73,1.50
2013.01.14 20:27:20.054,1.26602,1.26623,2.48,2.10
2013.01.14 20:27:20.604,1.26602,1.26624,2.48,2.25
2013.01.14 20:27:24.864,1.26603,1.26625,1.50,1.50
2013.01.14 20:27:28.194,1.26603,1.26624,1.50,1.50
2013.01.14 20:27:31.044,1.26603,1.26624,1.50,1.50
2013.01.14 20:27:31.374,1.26605,1.26625,1.92,1.50
2013.01.14 20:27:31.674,1.26608,1.26629,1.50,3.08
2013.01.14 20:27:32.363,1.26608,1.26629,1.50,3.00
2013.01.14 20:27:32.604,1.26608,1.26629,1.50,3.00
2013.01.14 20:27:32.926,1.26606,1.26629,2.55,3.57
2013.01.14 20:27:33.284,1.26605,1.26625,1.50,1.35
2013.01.14 20:27:34.403,1.26606,1.26627,1.50,1.50
2013.01.14 20:27:34.643,1.26606,1.26627,1.50,1.50
2013.01.14 20:27:34.767,1.26606,1.26628,1.73,1.50
2013.01.14 20:27:34.959,1.26606,1.26629,1.73,2.25
2013.01.14 20:27:35.804,1.26608,1.26631,2.48,1.50
2013.01.14 20:27:35.984,1.26609,1.26632,1.73,2.42
2013.01.14 20:27:36.520,1.26609,1.26631,1.73,1.50
2013.01.14 20:27:37.674,1.26612,1.26632,1.50,1.50
2013.01.14 20:27:38.034,1.26614,1.26633,2.10,1.35
2013.01.14 20:27:38.835,1.26616,1.26634,1.50,1.58
2013.01.14 20:27:39.376,1.26616,1.26633,1.50,1.58
2013.01.14 20:27:39.915,1.26615,1.26634,2.25,1.73
2013.01.14 20:27:39.974,1.26615,1.26635,2.25,2.25
2013.01.14 20:27:40.156,1.26615,1.26635,3.00,1.73
2013.01.14 20:27:40.464,1.26615,1.26633,1.50,2.33
2013.01.14 20:27:42.044,1.26615,1.26635,1.50,2.25
2013.01.14 20:27:42.104,1.26615,1.26635,1.50,2.25
2013.01.14 20:27:42.224,1.26615,1.26635,1.50,1.50
2013.01.14 20:27:42.753,1.26615,1.26637,1.50,2.25
2013.01.14 20:27:43.355,1.26615,1.26636,1.50,1.32
2013.01.14 20:27:43.715,1.26615,1.26632,1.50,1.35
2013.01.14 20:27:45.641,1.26612,1.26633,1.73,1.50
2013.01.14 20:27:46.194,1.26612,1.26633,1.73,1.50
2013.01.14 20:27:46.494,1.26615,1.26636,1.50,3.00
2013.01.14 20:27:46.675,1.26615,1.26636,3.00,1.50
2013.01.14 20:27:47.235,1.26618,1.26638,1.50,2.61
2013.01.14 20:27:49.064,1.26616,1.26636,1.50,2.25
2013.01.14 20:27:49.304,1.26615,1.26635,1.50,1.50
2013.01.14 20:27:51.494,1.26614,1.26635,2.48,2.39
2013.01.14 20:27:51.854,1.26614,1.26633,1.50,1.50
2013.01.14 20:27:52.961,1.26611,1.26632,3.23,1.50
2013.01.14 20:27:53.274,1.26611,1.2663,3.00,1.50
2013.01.14 20:27:54.659,1.26611,1.2663,2.25,1.50
2013.01.14 20:27:55.324,1.26611,1.2663,2.25,1.50
2013.01.14 20:27:56.434,1.26611,1.2663,1.50,2.25
2013.01.14 20:27:56.614,1.26611,1.26633,1.73,1.95
2013.01.14 20:27:56.924,1.26612,1.26634,2.25,2.25
2013.01.14 20:27:57.519,1.26612,1.26634,3.00,1.50
2013.01.14 20:27:58.294,1.26612,1.26633,1.50,2.25
2013.01.14 20:27:58.836,1.26615,1.26636,2.25,3.21
2013.01.14 20:28:00.244,1.26616,1.26636,3.00,3.14
2013.01.14 20:28:00.925,1.26616,1.26633,2.25,1.64
2013.01.14 20:28:01.103,1.26614,1.26633,1.50,1.86
2013.01.14 20:28:01.596,1.26612,1.26633,3.00,1.86
2013.01.14 20:28:03.395,1.26613,1.26633,1.50,1.11
2013.01.14 20:28:03.577,1.26613,1.26634,1.50,1.50
2013.01.14 20:28:03.644,1.26614,1.26634,3.00,1.50
2013.01.14 20:28:10.304,1.26616,1.26635,1.50,1.64
2013.01.14 20:28:14.265,1.26617,1.26633,2.25,1.35
2013.01.14 20:28:14.515,1.26616,1.26633,2.25,1.58
2013.01.14 20:28:14.575,1.26616,1.26633,1.50,1.58
2013.01.14 20:28:15.565,1.26615,1.26633,3.38,1.58
2013.01.14 20:28:15.935,1.26617,1.26633,1.50,1.58
2013.01.14 20:28:16.254,1.26618,1.26638,3.00,1.50
2013.01.14 20:28:16.585,1.26618,1.26627,2.25,1.44
2013.01.14 20:28:17.107,1.26617,1.26633,1.50,1.44
2013.01.14 20:28:17.710,1.26618,1.26633,1.50,1.44
2013.01.14 20:28:23.935,1.26617,1.26633,2.25,1.44
2013.01.14 20:28:27.325,1.26617,1.26635,1.50,1.50
2013.01.14 20:28:27.905,1.26618,1.26633,1.50,1.50
2013.01.14 20:28:35.107,1.26618,1.26634,2.25,1.50
2013.01.14 20:28:35.655,1.26617,1.26633,2.25,1.50
2013.01.14 20:28:36.167,1.26617,1.26635,2.25,1.50
2013.01.14 20:28:41.084,1.26618,1.26635,1.50,1.50
2013.01.14 20:28:42.364,1.26617,1.26635,2.25,1.50
2013.01.14 20:28:47.558,1.26616,1.26633,2.25,2.25
2013.01.14 20:28:48.069,1.26615,1.26632,3.00,1.50
2013.01.14 20:28:49.043,1.26615,1.26632,3.00,1.50
2013.01.14 20:28:49.104,1.26615,1.26633,3.00,1.50
2013.01.14 20:28:55.748,1.26615,1.26633,3.00,1.50
2013.01.14 20:28:56.304,1.26615,1.26633,3.00,2.24
2013.01.14 20:28:56.425,1.26615,1.26632,1.50,3.00
2013.01.14 20:28:56.484,1.26612,1.26632,1.50,3.00
2013.01.14 20:28:57.046,1.26611,1.26632,3.75,3.98
2013.01.14 20:28:57.835,1.26611,1.26629,1.50,2.48
2013.01.14 20:28:58.264,1.26609,1.26627,1.50,3.00
2013.01.14 20:29:00.044,1.26609,1.26627,1.50,3.14
2013.01.14 20:29:00.354,1.26609,1.26626,2.25,1.64
2013.01.14 20:29:00.860,1.26609,1.26626,1.50,1.64
2013.01.14 20:29:01.495,1.26609,1.26626,1.50,1.50
2013.01.14 20:29:01.775,1.26609,1.26627,1.50,3.00
2013.01.14 20:29:01.958,1.26608,1.26627,3.00,3.00
2013.01.14 20:29:04.164,1.26607,1.26627,3.00,3.14
2013.01.14 20:29:04.226,1.26607,1.26627,3.00,3.89
2013.01.14 20:29:04.887,1.26607,1.26626,3.00,2.52
2013.01.14 20:29:06.336,1.26607,1.26626,3.00,2.52
2013.01.14 20:29:07.725,1.26607,1.26626,3.00,2.52
2013.01.14 20:29:08.244,1.26609,1.26626,1.50,1.64
2013.01.14 20:29:15.395,1.26604,1.26623,2.63,1.64
2013.01.14 20:29:15.516,1.26604,1.2662,1.13,1.50
2013.01.14 20:29:15.934,1.26603,1.26619,1.50,1.73
2013.01.14 20:29:16.474,1.26601,1.2662,2.25,1.73
2013.01.14 20:29:17.136,1.26605,1.26621,1.50,1.73
2013.01.14 20:29:17.207,1.26605,1.26623,1.50,3.27
2013.01.14 20:29:17.982,1.26604,1.26624,3.00,1.64
2013.01.14 20:29:19.104,1.26605,1.26625,2.25,1.71
2013.01.14 20:29:19.414,1.26605,1.26625,2.25,1.71
2013.01.14 20:29:20.164,1.26605,1.26625,3.00,3.21
2013.01.14 20:29:22.636,1.26605,1.26625,3.00,3.83
2013.01.14 20:29:24.004,1.26605,1.26625,3.00,3.08
2013.01.14 20:29:25.867,1.26606,1.26625,1.50,1.58
2013.01.14 20:29:26.174,1.26608,1.26629,1.50,1.80
2013.01.14 20:29:26.514,1.26609,1.2663,1.50,1.62
2013.01.14 20:29:27.374,1.26609,1.2663,1.50,1.75
2013.01.14 20:29:27.864,1.26609,1.2663,1.50,2.63
2013.01.14 20:29:28.185,1.26609,1.2663,1.50,1.80
2013.01.14 20:29:28.685,1.2661,1.26632,1.73,2.25
2013.01.14 20:29:28.984,1.2661,1.26631,1.73,1.50
2013.01.14 20:29:29.344,1.26609,1.26628,2.33,1.50
2013.01.14 20:29:38.247,1.26623,1.26634,2.10,2.25
2013.01.14 20:29:38.596,1.2663,1.26638,1.50,2.50
2013.01.14 20:29:39.144,1.26623,1.26638,2.10,2.57
2013.01.14 20:29:39.406,1.26631,1.26644,1.50,1.50
2013.01.14 20:29:39.915,1.26624,1.26643,2.32,1.50
2013.01.14 20:29:40.418,1.26623,1.26644,2.63,1.50
2013.01.14 20:29:40.665,1.26623,1.26645,1.50,2.25
2013.01.14 20:29:41.394,1.26623,1.26644,2.25,1.50
2013.01.14 20:29:41.456,1.26624,1.26644,1.35,1.50
2013.01.14 20:29:42.194,1.26625,1.26648,3.08,2.25
2013.01.14 20:29:42.733,1.26626,1.26647,1.50,1.50
2013.01.14 20:29:43.105,1.26627,1.26645,1.50,1.50
2013.01.14 20:29:43.664,1.26625,1.26645,1.50,1.50
2013.01.14 20:29:44.584,1.26623,1.26645,2.18,1.50
2013.01.14 20:29:45.144,1.26623,1.26645,2.18,1.50
2013.01.14 20:29:45.605,1.26623,1.26645,2.40,1.50
2013.01.14 20:29:45.725,1.26623,1.26643,1.58,1.50
2013.01.14 20:29:45.911,1.26623,1.2664,1.58,1.50
2013.01.14 20:29:45.976,1.26622,1.2664,1.50,1.50
2013.01.14 20:29:46.156,1.26619,1.26636,2.25,1.50
2013.01.14 20:29:46.217,1.26617,1.26637,3.23,1.50
2013.01.14 20:29:46.405,1.26617,1.26637,2.33,1.50
2013.01.14 20:29:46.839,1.26617,1.26637,1.58,1.50
2013.01.14 20:29:47.285,1.26615,1.26637,1.58,2.25
2013.01.14 20:29:47.465,1.26615,1.26638,3.08,1.50
2013.01.14 20:29:47.965,1.26619,1.26638,1.58,1.50
2013.01.14 20:29:48.444,1.26622,1.26641,1.58,2.25
2013.01.14 20:29:48.953,1.26619,1.26642,1.73,2.07
2013.01.14 20:29:49.554,1.26618,1.26639,2.48,1.13
2013.01.14 20:29:50.195,1.26618,1.26641,3.30,1.88
2013.01.14 20:29:51.424,1.26618,1.26638,1.05,1.50
2013.01.14 20:29:52.574,1.26618,1.26639,1.50,1.50
2013.01.14 20:29:53.175,1.26616,1.26639,3.23,1.50
2013.01.14 20:29:54.104,1.26618,1.26639,1.50,3.00
2013.01.14 20:29:54.464,1.26618,1.26639,2.48,2.25
2013.01.14 20:29:55.004,1.26618,1.2664,3.83,1.79
2013.01.14 20:29:55.307,1.26622,1.26641,2.33,1.50
2013.01.14 20:29:55.808,1.26624,1.26644,1.73,1.50
2013.01.14 20:29:55.880,1.26626,1.26644,1.35,1.50
2013.01.14 20:29:55.949,1.26627,1.26644,1.73,1.50
2013.01.14 20:29:56.141,1.26626,1.26645,2.33,2.25
2013.01.14 20:29:56.574,1.26624,1.26644,2.10,1.88
2013.01.14 20:29:56.658,1.26625,1.26646,1.50,1.73
2013.01.14 20:29:57.035,1.26624,1.26645,3.08,1.50
2013.01.14 20:29:57.394,1.26628,1.26646,1.50,2.25
2013.01.14 20:29:57.934,1.26629,1.26648,1.50,1.88
2013.01.14 20:29:58.414,1.26629,1.26649,2.25,2.25
2013.01.14 20:29:58.984,1.2663,1.26649,1.50,1.50
2013.01.14 20:29:59.715,1.2663,1.26648,1.50,1.13
2013.01.14 20:30:00.134,1.2663,1.26647,1.50,1.17
2013.01.14 20:30:00.314,1.26629,1.26648,1.50,1.13
2013.01.14 20:30:00.855,1.26631,1.26649,1.50,1.13
2013.01.14 20:30:01.505,1.26634,1.2665,1.35,2.48
2013.01.14 20:30:01.686,1.26637,1.26652,1.58,2.25
2013.01.14 20:30:01.747,1.26634,1.26652,1.73,1.50
2013.01.14 20:30:02.297,1.26638,1.26652,1.50,1.50
2013.01.14 20:30:02.370,1.26638,1.26652,2.25,1.50
2013.01.14 20:30:02.695,1.26644,1.26656,1.50,1.20
2013.01.14 20:30:02.773,1.26643,1.2666,1.50,1.20
2013.01.14 20:30:02.880,1.26643,1.2666,1.50,1.20
2013.01.14 20:30:03.596,1.26642,1.26661,1.50,2.25
2013.01.14 20:30:03.655,1.2664,1.26661,2.25,2.25
2013.01.14 20:30:03.899,1.26643,1.26661,4.09,1.50
2013.01.14 20:30:04.208,1.26652,1.26667,1.73,2.25
2013.01.14 20:30:04.277,1.26652,1.26667,2.48,1.50
2013.01.14 20:30:04.585,1.26652,1.26671,2.48,3.83
2013.01.14 20:30:04.836,1.26657,1.2667,1.50,1.13
2013.01.14 20:30:05.139,1.2666,1.2667,1.73,1.13
2013.01.14 20:30:05.449,1.26662,1.26681,1.73,1.69
2013.01.14 20:30:05.575,1.26664,1.26681,1.50,1.95
2013.01.14 20:30:06.040,1.26664,1.26681,1.50,1.20
2013.01.14 20:30:06.475,1.26663,1.26676,1.73,2.25
2013.01.14 20:30:06.715,1.26664,1.26686,2.48,3.75
2013.01.14 20:30:06.776,1.26664,1.26686,1.73,2.63
2013.01.14 20:30:06.896,1.26665,1.26686,1.50,2.25
2013.01.14 20:30:07.560,1.26671,1.26688,1.50,1.50
2013.01.14 20:30:07.905,1.26671,1.26691,1.73,4.13
2013.01.14 20:30:07.964,1.26671,1.26691,1.73,3.38
2013.01.14 20:30:08.999,1.26672,1.26691,1.50,1.35
2013.01.14 20:30:09.065,1.26672,1.26691,1.50,1.35
2013.01.14 20:30:09.244,1.26673,1.26693,1.50,2.18
2013.01.14 20:30:09.685,1.26669,1.26691,1.50,2.25
2013.01.14 20:30:10.045,1.26668,1.26685,1.50,1.50
2013.01.14 20:30:10.936,1.26667,1.26684,1.50,1.50
2013.01.14 20:30:11.355,1.26665,1.26684,1.50,3.83
2013.01.14 20:30:11.475,1.26664,1.26683,1.50,1.58
2013.01.14 20:30:12.054,1.26665,1.26679,1.50,1.50
2013.01.14 20:30:12.530,1.26666,1.26682,1.50,1.50
2013.01.14 20:30:12.805,1.26667,1.26684,1.50,2.48
2013.01.14 20:30:12.866,1.26667,1.2668,1.50,1.50
2013.01.14 20:30:13.166,1.26665,1.26679,1.50,1.50
2013.01.14 20:30:13.496,1.26666,1.26682,1.50,3.00
2013.01.14 20:30:13.557,1.26663,1.26681,2.10,2.25
2013.01.14 20:30:13.866,1.26658,1.26678,1.50,1.58
2013.01.14 20:30:13.929,1.26657,1.26675,2.48,1.50
2013.01.14 20:30:14.116,1.26656,1.26673,1.54,1.58
2013.01.14 20:30:14.474,1.26655,1.26669,1.73,1.50
2013.01.14 20:30:14.595,1.26655,1.26673,1.50,2.33
2013.01.14 20:30:14.765,1.26655,1.26673,2.25,2.33
2013.01.14 20:30:15.084,1.26653,1.2667,1.50,1.50
2013.01.14 20:30:15.295,1.26653,1.2667,1.50,1.50
2013.01.14 20:30:15.897,1.26653,1.26672,1.73,3.08
2013.01.14 20:30:16.206,1.26655,1.26671,1.35,1.50
2013.01.14 20:30:16.565,1.2665,1.26669,1.54,1.58
2013.01.14 20:30:18.654,1.26649,1.26664,1.35,1.50
2013.01.14 20:30:19.385,1.26647,1.26666,1.50,1.50
2013.01.14 20:30:19.934,1.26646,1.26665,1.50,1.73
2013.01.14 20:30:21.011,1.26648,1.26664,1.50,1.50
2013.01.14 20:30:21.316,1.26648,1.26668,2.25,2.25
2013.01.14 20:30:21.498,1.26651,1.26669,1.50,1.50
2013.01.14 20:30:21.685,1.26651,1.26671,1.50,2.25
2013.01.14 20:30:21.864,1.26651,1.26671,1.50,2.25
2013.01.14 20:30:25.636,1.26653,1.26669,1.35,1.50
2013.01.14 20:30:25.995,1.26653,1.2667,1.35,1.50
2013.01.14 20:30:26.296,1.26653,1.26671,1.35,1.20
2013.01.14 20:30:26.856,1.26654,1.26672,2.25,1.58
2013.01.14 20:30:27.036,1.26654,1.26673,2.25,1.13
2013.01.14 20:30:27.285,1.26654,1.26675,2.25,1.88
2013.01.14 20:30:27.794,1.26654,1.26675,2.25,1.50
2013.01.14 20:30:31.128,1.26654,1.26675,1.50,1.58
2013.01.14 20:30:31.267,1.26652,1.26671,2.48,1.13
2013.01.14 20:30:31.655,1.26652,1.26673,1.50,2.25
2013.01.14 20:30:31.735,1.26651,1.26673,2.07,2.63
2013.01.14 20:30:32.297,1.26651,1.26671,1.32,1.50
2013.01.14 20:30:33.025,1.2665,1.2667,1.32,1.73
2013.01.14 20:30:33.146,1.2665,1.26671,2.07,2.48
2013.01.14 20:30:33.404,1.2665,1.26668,2.07,1.73
2013.01.14 20:30:33.765,1.26648,1.26668,1.50,1.35
2013.01.14 20:30:33.825,1.26646,1.26664,1.88,1.88
2013.01.14 20:30:34.075,1.26646,1.26659,1.13,1.50
2013.01.14 20:30:34.434,1.26642,1.2666,1.73,3.38
2013.01.14 20:30:34.974,1.26642,1.2666,1.50,2.10
2013.01.14 20:30:35.524,1.26644,1.26659,1.35,1.50
2013.01.14 20:30:35.705,1.26644,1.26661,1.35,2.25
2013.01.14 20:30:35.884,1.26644,1.26662,1.35,1.50
2013.01.14 20:30:36.005,1.26644,1.26664,1.35,2.25
2013.01.14 20:30:36.396,1.26646,1.26663,1.32,1.50
2013.01.14 20:30:36.516,1.26651,1.26667,1.50,2.25
2013.01.14 20:30:37.056,1.26651,1.26668,1.50,1.50
2013.01.14 20:30:37.355,1.26649,1.26668,1.35,3.00
2013.01.14 20:30:37.904,1.26649,1.26667,1.35,1.50
2013.01.14 20:30:38.456,1.26649,1.26668,2.10,3.00
2013.01.14 20:30:39.110,1.26649,1.26667,2.10,1.50
2013.01.14 20:30:39.262,1.26652,1.26667,2.10,1.50
2013.01.14 20:30:39.565,1.26657,1.26671,1.50,1.50
2013.01.14 20:30:39.696,1.26657,1.26673,1.50,1.50
2013.01.14 20:30:40.235,1.26655,1.26671,1.50,1.50
2013.01.14 20:30:40.606,1.26653,1.26671,1.50,2.25
2013.01.14 20:30:41.208,1.26653,1.2667,1.50,1.50
2013.01.14 20:30:41.337,1.26653,1.2667,1.50,2.25
2013.01.14 20:30:42.315,1.26653,1.26668,1.50,1.50
2013.01.14 20:30:42.557,1.26649,1.26668,2.25,1.50
2013.01.14 20:30:43.094,1.26649,1.26667,1.50,1.50
2013.01.14 20:30:43.794,1.26649,1.26667,2.10,1.50
2013.01.14 20:30:44.336,1.2665,1.26668,1.35,1.50
2013.01.14 20:30:44.395,1.26655,1.26667,1.50,1.50
2013.01.14 20:30:44.574,1.26655,1.2667,1.50,1.13
2013.01.14 20:30:44.844,1.26655,1.26671,1.50,1.50
2013.01.14 20:30:45.356,1.26653,1.2667,1.50,1.50
2013.01.14 20:30:45.477,1.26651,1.26669,1.50,1.50
2013.01.14 20:30:45.994,1.26651,1.26668,1.50,1.50
2013.01.14 20:30:46.596,1.2665,1.26665,2.10,1.50
2013.01.14 20:30:47.106,1.26644,1.26664,2.10,3.98
2013.01.14 20:30:47.345,1.26644,1.26663,2.10,2.48
2013.01.14 20:30:47.825,1.26645,1.26663,1.69,1.73
2013.01.14 20:30:47.885,1.26651,1.26665,1.35,1.73
2013.01.14 20:30:48.005,1.26651,1.26666,1.35,1.50
2013.01.14 20:30:48.428,1.26651,1.26669,1.35,1.50
2013.01.14 20:30:48.697,1.2665,1.26666,1.35,1.50
2013.01.14 20:30:48.757,1.26646,1.26664,1.73,1.50
2013.01.14 20:30:49.006,1.26644,1.26663,2.85,2.25
2013.01.14 20:30:49.535,1.26644,1.2666,2.10,1.50
2013.01.14 20:30:50.188,1.26644,1.26662,2.10,3.00
2013.01.14 20:30:50.375,1.26644,1.26662,2.10,2.25
2013.01.14 20:30:50.735,1.26644,1.26661,2.10,1.50
2013.01.14 20:30:51.425,1.26644,1.26661,2.10,2.25
2013.01.14 20:30:52.665,1.26644,1.26661,2.10,2.25
2013.01.14 20:30:53.276,1.26644,1.2666,2.10,1.50
2013.01.14 20:30:53.574,1.26644,1.26663,2.10,2.63
2013.01.14 20:30:54.094,1.26644,1.26664,2.10,3.23
2013.01.14 20:30:55.821,1.26644,1.26663,2.10,2.25
2013.01.14 20:30:56.358,1.26644,1.26664,2.10,1.50
2013.01.14 20:30:56.883,1.26644,1.26665,2.10,2.25
2013.01.14 20:30:58.154,1.26649,1.26666,1.50,3.00
2013.01.14 20:30:58.681,1.26649,1.26665,1.50,1.50
2013.01.14 20:30:59.445,1.26649,1.26666,1.50,3.00
2013.01.14 20:30:59.915,1.26649,1.26667,1.50,2.33
2013.01.14 20:31:00.454,1.2665,1.26669,1.92,2.25
2013.01.14 20:31:00.757,1.2665,1.26669,2.29,1.50
2013.01.14 20:31:01.065,1.26652,1.26672,1.73,1.88
2013.01.14 20:31:01.305,1.26652,1.26671,2.25,1.13
2013.01.14 20:31:01.365,1.26652,1.2667,2.25,2.25
2013.01.14 20:31:01.938,1.26652,1.26667,1.50,1.13
2013.01.14 20:31:03.465,1.26652,1.26669,1.50,1.13
2013.01.14 20:31:05.789,1.26648,1.26666,1.50,1.13
2013.01.14 20:31:06.036,1.26643,1.26661,2.33,1.50
2013.01.14 20:31:06.286,1.26642,1.26661,2.48,2.63
2013.01.14 20:31:06.958,1.26642,1.2666,2.48,1.13
2013.01.14 20:31:07.275,1.26642,1.26658,1.50,1.13
2013.01.14 20:31:07.996,1.26642,1.2666,1.50,1.88
2013.01.14 20:31:08.537,1.26639,1.2666,2.85,2.25
2013.01.14 20:31:09.085,1.2664,1.2666,2.48,1.50
2013.01.14 20:31:09.206,1.26641,1.26658,1.50,1.50
2013.01.14 20:31:09.755,1.26641,1.26658,1.50,2.63
2013.01.14 20:31:10.314,1.26642,1.26659,1.50,1.88
2013.01.14 20:31:10.864,1.26642,1.2666,1.50,2.25
2013.01.14 20:31:14.117,1.26642,1.26659,1.50,1.50
2013.01.14 20:31:14.635,1.2664,1.26657,1.50,1.50
2013.01.14 20:31:15.766,1.26638,1.26657,1.50,3.00
2013.01.14 20:31:16.735,1.26639,1.2666,1.50,2.25
2013.01.14 20:31:17.295,1.26639,1.2666,1.50,1.50
2013.01.14 20:31:17.855,1.26639,1.26659,1.50,1.50
2013.01.14 20:31:20.025,1.26637,1.26657,2.25,1.50
2013.01.14 20:31:20.896,1.26635,1.26657,2.33,2.25
2013.01.14 20:31:21.198,1.26637,1.26658,1.50,3.00
2013.01.14 20:31:21.636,1.26635,1.26656,1.65,2.25
2013.01.14 20:31:21.765,1.26635,1.26655,1.65,1.50
2013.01.14 20:31:22.121,1.26635,1.26655,1.65,2.25
2013.01.14 20:31:23.507,1.26632,1.26653,1.80,1.50
2013.01.14 20:31:23.815,1.26635,1.26653,1.50,1.50
2013.01.14 20:31:24.007,1.26635,1.26653,1.50,1.50
2013.01.14 20:31:25.936,1.26635,1.26652,1.50,1.50
2013.01.14 20:31:26.055,1.26635,1.26651,1.50,1.50
2013.01.14 20:31:27.296,1.26631,1.26653,2.33,1.50
2013.01.14 20:31:31.755,1.26633,1.26654,1.50,2.63
2013.01.14 20:31:32.494,1.26634,1.26654,1.50,2.63
2013.01.14 20:31:32.696,1.26634,1.26654,1.50,2.63
2013.01.14 20:31:37.646,1.26634,1.26654,1.50,2.63
2013.01.14 20:31:38.414,1.26634,1.26654,1.50,2.63
2013.01.14 20:31:40.602,1.26634,1.26654,1.50,2.63
2013.01.14 20:31:40.904,1.26631,1.26649,2.25,1.13
2013.01.14 20:31:41.575,1.26633,1.26649,1.50,1.13
2013.01.14 20:31:41.924,1.26635,1.26652,1.50,1.13
2013.01.14 20:31:42.215,1.26635,1.26653,1.50,1.13
2013.01.14 20:31:43.222,1.26632,1.26653,1.50,1.13
2013.01.14 20:31:44.355,1.26632,1.26653,1.50,1.13
2013.01.14 20:31:49.946,1.26633,1.26652,1.50,1.13
2013.01.14 20:31:52.176,1.26633,1.26652,1.50,1.13
2013.01.14 20:31:52.742,1.26628,1.26651,1.58,2.25
2013.01.14 20:31:53.246,1.26629,1.26651,1.58,2.25
2013.01.14 20:31:54.127,1.26629,1.2665,2.25,1.88
2013.01.14 20:31:54.316,1.26629,1.26647,2.63,1.50
2013.01.14 20:31:54.435,1.26631,1.26649,1.50,2.63
2013.01.14 20:31:58.104,1.26632,1.26651,2.25,1.13
2013.01.14 20:31:58.655,1.26629,1.26649,1.58,1.13
2013.01.14 20:31:59.195,1.26628,1.26647,1.50,1.13
2013.01.14 20:32:00.020,1.26633,1.26649,1.50,1.13
2013.01.14 20:32:00.574,1.26633,1.2665,1.50,1.88
2013.01.14 20:32:11.525,1.2663,1.2665,1.79,1.69
2013.01.14 20:32:12.005,1.2663,1.26646,1.50,1.13
2013.01.14 20:32:12.365,1.2663,1.26646,1.50,2.10
2013.01.14 20:32:21.989,1.26629,1.26647,1.50,1.88
2013.01.14 20:32:22.296,1.26631,1.26647,1.50,1.13
2013.01.14 20:32:23.866,1.26629,1.2665,2.25,1.13
2013.01.14 20:32:24.374,1.26629,1.2665,1.50,1.13
2013.01.14 20:32:25.694,1.26628,1.2665,1.50,1.13
2013.01.14 20:32:26.684,1.26628,1.2665,2.25,1.13
2013.01.14 20:32:28.184,1.26628,1.2665,1.50,1.13
2013.01.14 20:32:30.534,1.26628,1.2665,2.25,1.13
2013.01.14 20:32:31.263,1.26628,1.2665,2.25,1.13
2013.01.14 20:32:31.764,1.26628,1.26649,2.25,2.25
2013.01.14 20:32:32.311,1.26628,1.2665,2.25,2.63
2013.01.14 20:32:33.402,1.26628,1.2665,1.50,1.88
2013.01.14 20:32:33.704,1.26628,1.2665,1.50,3.00
2013.01.14 20:32:36.020,1.26628,1.2665,1.50,2.63
2013.01.14 20:32:36.326,1.26629,1.26647,1.50,1.13
2013.01.14 20:32:39.595,1.26628,1.26646,1.50,1.50
2013.01.14 20:32:40.125,1.26627,1.26646,2.25,1.50
2013.01.14 20:32:40.505,1.26627,1.26646,2.25,2.44
2013.01.14 20:32:40.864,1.26626,1.26644,1.50,1.50
2013.01.14 20:32:41.715,1.26624,1.26644,2.25,1.13
2013.01.14 20:32:42.194,1.26623,1.26644,1.50,1.35
2013.01.14 20:32:42.728,1.26623,1.26643,1.50,1.35
2013.01.14 20:32:43.430,1.26622,1.26643,3.00,1.35
2013.01.14 20:32:46.325,1.26622,1.26643,3.00,1.17
2013.01.14 20:32:46.446,1.26621,1.26641,2.25,1.69
2013.01.14 20:32:48.094,1.26623,1.26641,1.50,1.69
2013.01.14 20:32:48.644,1.26623,1.26641,1.50,1.69
2013.01.14 20:32:49.570,1.26623,1.26641,1.50,1.69
2013.01.14 20:32:49.824,1.26623,1.26641,1.50,1.69
2013.01.14 20:32:49.945,1.26625,1.26643,1.50,2.44
2013.01.14 20:32:51.407,1.26625,1.26643,1.50,1.13
2013.01.14 20:32:51.925,1.26625,1.26643,2.25,1.13
2013.01.14 20:32:52.514,1.26625,1.26643,1.50,1.35
2013.01.14 20:32:53.510,1.26625,1.26643,1.50,1.35
2013.01.14 20:32:55.026,1.26625,1.26644,2.25,1.54
2013.01.14 20:32:55.085,1.26627,1.26644,1.13,1.54
2013.01.14 20:32:55.349,1.26628,1.26647,2.25,1.50
2013.01.14 20:32:55.865,1.26631,1.26649,1.13,1.35
2013.01.14 20:32:55.985,1.2663,1.2665,1.32,1.13
2013.01.14 20:33:00.425,1.26633,1.2665,1.50,1.13
2013.01.14 20:33:00.976,1.26631,1.2665,2.10,1.13
2013.01.14 20:33:03.465,1.26634,1.2665,1.35,1.13
2013.01.14 20:33:04.006,1.26636,1.26653,1.20,2.25
2013.01.14 20:33:08.555,1.26636,1.26654,2.33,1.88
2013.01.14 20:33:10.438,1.26634,1.26652,3.08,1.50
2013.01.14 20:33:11.525,1.26632,1.26653,3.83,3.08
2013.01.14 20:33:12.129,1.26634,1.26653,1.58,3.08
2013.01.14 20:33:18.723,1.26631,1.2665,2.70,1.50
2013.01.14 20:33:20.295,1.26634,1.26652,1.50,2.33
2013.01.14 20:33:26.605,1.26634,1.26653,1.50,3.00
2013.01.14 20:33:27.264,1.26634,1.26653,1.73,1.50
2013.01.14 20:33:31.535,1.26634,1.2665,1.58,1.50
2013.01.14 20:33:32.395,1.26632,1.2665,1.58,1.50
2013.01.14 20:33:34.135,1.26633,1.2665,1.73,1.50
2013.01.14 20:33:36.445,1.26633,1.26652,1.73,1.50
2013.01.14 20:33:36.796,1.26634,1.26652,3.08,2.25
2013.01.14 20:33:50.425,1.26636,1.26651,2.33,1.50
2013.01.14 20:33:51.215,1.26637,1.26656,2.33,1.50
2013.01.14 20:33:51.290,1.26637,1.26656,2.33,1.50
2013.01.14 20:33:54.896,1.26638,1.26656,1.35,1.50
2013.01.14 20:33:54.955,1.2664,1.26657,2.33,1.50
2013.01.14 20:33:55.436,1.26639,1.26657,1.73,2.25
2013.01.14 20:33:55.735,1.2664,1.26655,1.13,1.50
2013.01.14 20:33:56.124,1.26637,1.26653,1.35,2.25
2013.01.14 20:33:56.426,1.26637,1.26653,1.35,1.50
2013.01.14 20:33:56.965,1.26635,1.26654,2.25,1.50
2013.01.14 20:33:58.745,1.26632,1.26654,1.50,1.50
2013.01.14 20:34:03.547,1.2663,1.26649,3.53,1.32
2013.01.14 20:34:03.692,1.2663,1.26647,1.73,1.50
2013.01.14 20:34:03.830,1.26628,1.26642,1.13,1.50
2013.01.14 20:34:04.194,1.26625,1.26642,1.50,1.50
2013.01.14 20:34:04.716,1.26624,1.26642,2.48,1.50
2013.01.14 20:34:15.695,1.26624,1.26646,1.73,4.67
2013.01.14 20:34:15.936,1.26624,1.26646,1.73,4.67
2013.01.14 20:34:18.730,1.26626,1.26646,2.33,2.25
2013.01.14 20:34:19.596,1.26626,1.26646,1.58,1.50
2013.01.14 20:34:21.313,1.26626,1.26647,1.58,1.50
2013.01.14 20:34:21.615,1.2663,1.26648,1.35,1.50
2013.01.14 20:34:21.795,1.26632,1.2665,1.50,1.50
2013.01.14 20:34:21.916,1.26632,1.2665,1.50,1.50
2013.01.14 20:34:22.455,1.26632,1.26652,1.50,1.50
2013.01.14 20:34:22.964,1.26632,1.26652,1.50,1.50
2013.01.14 20:34:24.386,1.26631,1.26652,2.48,1.50
2013.01.14 20:34:28.055,1.26631,1.26651,1.73,1.50
2013.01.14 20:34:29.894,1.26633,1.26652,1.73,1.50
2013.01.14 20:34:30.549,1.26633,1.26652,1.73,1.50
2013.01.14 20:34:33.787,1.26634,1.26655,1.88,1.50
2013.01.14 20:34:34.230,1.26634,1.26651,1.13,2.25
2013.01.14 20:34:34.357,1.26631,1.26651,3.23,1.50
2013.01.14 20:34:39.985,1.26629,1.26652,1.80,2.82
2013.01.14 20:34:40.166,1.2663,1.26653,2.48,2.25
2013.01.14 20:34:40.775,1.26631,1.26653,1.73,1.50
2013.01.14 20:34:41.433,1.26633,1.26652,1.35,2.25
2013.01.14 20:34:42.905,1.26633,1.26651,1.35,1.50
2013.01.14 20:34:48.426,1.26631,1.26649,2.10,1.50
2013.01.14 20:34:48.606,1.26629,1.26646,1.73,1.50
2013.01.14 20:34:49.169,1.26628,1.26645,1.35,1.50
2013.01.14 20:34:50.105,1.26624,1.26645,1.35,3.00
2013.01.14 20:34:52.024,1.26625,1.26644,1.35,1.04
2013.01.14 20:34:52.635,1.26626,1.26644,1.35,1.50
2013.01.14 20:34:55.265,1.26625,1.26644,1.35,1.50
2013.01.14 20:34:57.514,1.26625,1.26643,1.35,1.50
2013.01.14 20:34:58.814,1.26624,1.26643,1.35,1.50
2013.01.14 20:34:59.235,1.26625,1.26644,1.35,2.25
2013.01.14 20:35:04.075,1.26625,1.26643,1.35,2.25
2013.01.14 20:35:04.316,1.26622,1.26639,2.10,1.50
2013.01.14 20:35:04.855,1.26622,1.26638,2.85,1.50
2013.01.14 20:35:04.915,1.26624,1.26638,1.50,1.50
2013.01.14 20:35:05.156,1.26626,1.26641,1.50,1.50
2013.01.14 20:35:05.335,1.26626,1.26644,1.50,1.50
2013.01.14 20:35:06.368,1.26625,1.26642,1.50,1.35
2013.01.14 20:35:07.135,1.26623,1.26641,1.13,1.35
2013.01.14 20:35:08.185,1.26623,1.26642,2.63,2.25
2013.01.14 20:35:08.425,1.26623,1.26642,1.88,2.25
2013.01.14 20:35:11.615,1.26623,1.2664,1.88,2.25
2013.01.14 20:35:11.917,1.26626,1.26643,1.13,2.48
2013.01.14 20:35:13.746,1.26625,1.26643,1.35,2.25
2013.01.14 20:35:14.056,1.26625,1.26643,1.50,3.08
2013.01.14 20:35:14.414,1.26623,1.2664,1.88,1.50
2013.01.14 20:35:24.736,1.26624,1.26642,1.50,1.73
2013.01.14 20:35:26.117,1.26625,1.26643,1.50,1.73
2013.01.14 20:35:28.965,1.26623,1.26641,1.50,1.73
2013.01.14 20:35:29.685,1.26623,1.2664,1.50,2.33
2013.01.14 20:35:30.960,1.26622,1.2664,1.50,1.73
2013.01.14 20:35:31.145,1.26624,1.26644,1.50,3.00
2013.01.14 20:35:40.896,1.26624,1.26643,1.50,1.50
2013.01.14 20:35:40.965,1.26623,1.26643,1.50,1.50
2013.01.14 20:35:41.087,1.26621,1.26642,1.73,1.88
2013.01.14 20:35:41.791,1.2662,1.26639,1.73,1.50
2013.01.14 20:35:42.956,1.26618,1.26637,1.50,1.13
2013.01.14 20:35:43.635,1.26618,1.26638,1.73,1.88
2013.01.14 20:35:49.414,1.2662,1.26638,1.50,1.50
2013.01.14 20:35:49.936,1.26618,1.26637,1.50,2.25
2013.01.14 20:35:52.806,1.26616,1.26636,1.50,1.50
2013.01.14 20:35:55.187,1.26615,1.26635,1.73,1.13
2013.01.14 20:35:55.793,1.26614,1.26636,2.48,1.88
2013.01.14 20:36:04.980,1.26615,1.26636,1.05,1.50
2013.01.14 20:36:12.365,1.26617,1.26636,1.73,1.50
2013.01.14 20:36:24.215,1.26616,1.26636,1.05,1.50
2013.01.14 20:36:24.775,1.26618,1.26636,1.73,1.50
2013.01.14 20:36:29.495,1.26619,1.2664,2.48,1.50
2013.01.14 20:36:35.586,1.26619,1.2664,1.50,1.73
2013.01.14 20:36:35.765,1.26615,1.26639,1.05,2.48
2013.01.14 20:36:36.715,1.26615,1.26639,1.05,2.48
2013.01.14 20:36:37.475,1.26615,1.26638,1.05,1.50
2013.01.14 20:36:37.796,1.26615,1.26638,1.05,1.50
2013.01.14 20:36:40.506,1.26615,1.26637,1.05,1.50
2013.01.14 20:36:41.186,1.26615,1.26636,1.05,1.32
2013.01.14 20:36:41.605,1.26614,1.26634,1.50,1.32
2013.01.14 20:36:42.253,1.26617,1.26634,2.25,1.32
2013.01.14 20:36:42.558,1.26619,1.26638,1.50,1.50
2013.01.14 20:36:42.626,1.26619,1.26639,1.73,1.50
2013.01.14 20:36:42.927,1.26623,1.2664,1.58,1.50
2013.01.14 20:36:43.267,1.26623,1.26642,2.33,1.50
2013.01.14 20:36:43.395,1.26626,1.26646,1.50,2.07
2013.01.14 20:36:43.934,1.26625,1.26645,1.50,1.32
2013.01.14 20:36:46.505,1.26623,1.26647,3.08,2.25
2013.01.14 20:36:46.809,1.26623,1.26645,2.10,1.35
2013.01.14 20:36:47.135,1.26621,1.26643,2.48,1.50
2013.01.14 20:36:47.436,1.26624,1.26645,1.50,1.58
2013.01.14 20:36:47.496,1.26624,1.26645,1.50,1.58
2013.01.14 20:36:47.616,1.26623,1.26645,2.10,1.58
2013.01.14 20:36:48.162,1.26623,1.26644,1.35,1.58
2013.01.14 20:36:50.116,1.26626,1.26644,3.00,1.50
2013.01.14 20:36:50.476,1.26631,1.26647,1.58,1.50
2013.01.14 20:36:50.598,1.26631,1.26651,1.35,1.50
2013.01.14 20:36:50.786,1.26631,1.26651,2.10,1.50
2013.01.14 20:36:50.846,1.26631,1.2665,1.35,1.50
2013.01.14 20:36:51.146,1.26631,1.26651,1.50,1.88
2013.01.14 20:36:51.206,1.26628,1.26651,1.50,2.63
2013.01.14 20:36:51.266,1.26628,1.2665,1.50,1.13
2013.01.14 20:36:51.385,1.26627,1.2665,3.23,1.88
2013.01.14 20:36:51.685,1.26627,1.2665,2.55,1.88
2013.01.14 20:36:52.715,1.26628,1.2665,2.29,1.50
2013.01.14 20:36:52.775,1.26629,1.26652,2.85,3.38
2013.01.14 20:36:52.836,1.2663,1.26651,2.18,2.25
2013.01.14 20:36:52.957,1.26631,1.26651,3.00,1.50
2013.01.14 20:36:53.366,1.26631,1.26653,2.25,1.50
2013.01.14 20:36:53.491,1.2663,1.26653,2.48,3.75
2013.01.14 20:36:54.338,1.2663,1.26651,1.73,1.50
2013.01.14 20:36:54.835,1.2663,1.26652,1.35,1.50
2013.01.14 20:36:56.595,1.2663,1.26652,2.10,1.32
2013.01.14 20:36:57.128,1.2663,1.26652,3.75,2.82
2013.01.14 20:36:57.654,1.2663,1.2665,3.00,1.50
2013.01.14 20:36:57.835,1.2663,1.2665,2.25,1.50
2013.01.14 20:36:57.896,1.2663,1.2665,3.00,1.50
2013.01.14 20:36:58.435,1.26632,1.26652,3.98,1.50
2013.01.14 20:36:59.052,1.26632,1.26653,3.98,1.50
2013.01.14 20:36:59.885,1.26632,1.26653,3.98,1.50
2013.01.14 20:37:00.390,1.26633,1.26653,3.00,1.50
2013.01.14 20:37:03.643,1.26633,1.26655,3.83,2.48
2013.01.14 20:37:04.138,1.26633,1.26656,4.80,2.82
2013.01.14 20:37:04.208,1.26633,1.26648,3.83,1.32
2013.01.14 20:37:04.917,1.26627,1.26648,1.73,1.32
2013.01.14 20:37:05.935,1.26628,1.26649,3.08,2.07
2013.01.14 20:37:06.466,1.26628,1.26649,3.08,1.50
2013.01.14 20:37:11.596,1.26628,1.26649,1.50,1.54
2013.01.14 20:37:15.936,1.26628,1.26649,2.25,1.54
2013.01.14 20:37:16.055,1.26628,1.26649,2.25,2.29
2013.01.14 20:37:17.805,1.26628,1.26649,1.50,3.04
2013.01.14 20:37:19.555,1.26628,1.26649,1.50,1.54
2013.01.14 20:37:21.966,1.26634,1.26653,1.13,3.15
2013.01.14 20:37:22.086,1.26635,1.26653,1.50,2.25
2013.01.14 20:37:22.205,1.26635,1.26653,1.50,2.48
2013.01.14 20:37:22.896,1.26634,1.26654,2.25,1.73
2013.01.14 20:37:26.286,1.26634,1.26654,1.73,2.25
2013.01.14 20:37:26.826,1.26633,1.26654,1.50,2.48
2013.01.14 20:37:28.286,1.26634,1.26654,2.48,1.50
2013.01.14 20:37:28.935,1.26634,1.26654,1.50,1.73
2013.01.14 20:37:31.396,1.26632,1.26653,1.50,2.70
2013.01.14 20:37:32.028,1.26631,1.26651,1.50,1.50
2013.01.14 20:37:32.385,1.26632,1.26654,1.73,2.25
2013.01.14 20:37:32.445,1.26633,1.26652,1.73,1.50
2013.01.14 20:37:32.684,1.26631,1.26653,1.50,3.04
2013.01.14 20:37:33.263,1.26631,1.26653,1.50,3.79
2013.01.14 20:37:33.778,1.26631,1.26653,1.50,3.04
2013.01.14 20:37:34.215,1.26632,1.26653,1.73,1.50
2013.01.14 20:37:34.455,1.26633,1.26654,1.50,2.29
2013.01.14 20:37:36.285,1.26633,1.26653,1.73,1.50
2013.01.14 20:37:38.265,1.26633,1.26653,2.48,1.50
2013.01.14 20:37:38.785,1.26632,1.26654,1.50,2.48
2013.01.14 20:37:42.257,1.26634,1.26654,1.73,1.50
2013.01.14 20:37:42.805,1.26634,1.26655,1.50,4.05
2013.01.14 20:37:44.475,1.26634,1.26655,2.48,3.00
2013.01.14 20:37:45.475,1.26634,1.26654,1.50,1.50
2013.01.14 20:37:46.465,1.26634,1.26654,2.48,1.50
2013.01.14 20:37:46.905,1.26634,1.26654,1.50,1.50
2013.01.14 20:37:48.275,1.26634,1.26654,1.73,2.25
2013.01.14 20:37:48.697,1.26636,1.26654,1.73,1.50
2013.01.14 20:37:49.205,1.26636,1.26655,1.50,2.24
2013.01.14 20:37:50.337,1.26636,1.26657,2.55,1.50
2013.01.14 20:37:54.287,1.26635,1.26656,3.30,1.50
2013.01.14 20:37:54.595,1.26636,1.26655,1.50,1.50
2013.01.14 20:37:56.775,1.26635,1.26654,1.73,1.50
2013.01.14 20:37:56.895,1.26635,1.26654,1.50,1.50
2013.01.14 20:37:58.306,1.26635,1.26655,1.73,1.50
2013.01.14 20:37:58.547,1.26635,1.26655,2.25,1.50
2013.01.14 20:38:00.305,1.26635,1.26655,2.55,2.25
2013.01.14 20:38:06.218,1.26636,1.26653,1.50,1.13
2013.01.14 20:38:06.546,1.26634,1.26653,3.00,1.88
2013.01.14 20:38:08.326,1.26635,1.26656,2.48,1.50
2013.01.14 20:38:08.446,1.26635,1.26655,2.48,1.50
2013.01.14 20:38:08.505,1.26635,1.26655,2.25,1.13
2013.01.14 20:38:10.134,1.26635,1.26655,2.25,1.13
2013.01.14 20:38:10.315,1.26635,1.26655,2.48,1.50
2013.01.14 20:38:18.405,1.26634,1.26655,3.23,2.25
2013.01.14 20:38:18.525,1.26634,1.26653,2.25,1.13
2013.01.14 20:38:20.220,1.26634,1.26655,2.25,2.25
2013.01.14 20:38:20.285,1.26635,1.26655,1.73,1.50
2013.01.14 20:38:20.604,1.26634,1.26655,3.00,2.25
2013.01.14 20:38:20.785,1.26634,1.26655,2.25,2.63
2013.01.14 20:38:20.965,1.26634,1.26655,2.25,2.25
2013.01.14 20:38:22.315,1.26634,1.26655,2.48,1.50
2013.01.14 20:38:22.881,1.26635,1.26655,1.73,1.50
2013.01.14 20:38:29.376,1.26635,1.26655,3.23,1.50
2013.01.14 20:38:29.735,1.26635,1.26654,1.50,2.25
2013.01.14 20:38:31.556,1.26635,1.26655,1.73,1.50
2013.01.14 20:38:31.615,1.26635,1.26655,1.50,1.50
2013.01.14 20:38:31.735,1.26635,1.26654,2.25,1.50
2013.01.14 20:38:33.535,1.26635,1.26655,1.73,1.50
2013.01.14 20:38:34.142,1.26635,1.26654,1.50,1.50
2013.01.14 20:38:35.508,1.26635,1.26656,1.73,3.00
2013.01.14 20:38:37.026,1.26635,1.26654,1.50,2.25
2013.01.14 20:38:38.566,1.26635,1.26654,2.48,1.50
2013.01.14 20:38:39.445,1.26635,1.26654,1.50,3.00
2013.01.14 20:38:40.917,1.26633,1.26654,1.73,2.25
2013.01.14 20:38:41.095,1.26634,1.26653,1.50,1.50
2013.01.14 20:38:48.315,1.26634,1.26654,1.73,1.50
2013.01.14 20:38:49.516,1.26633,1.26654,1.50,3.00
2013.01.14 20:38:50.037,1.26633,1.26652,1.50,1.50
2013.01.14 20:38:51.477,1.26634,1.26654,1.73,1.50
2013.01.14 20:38:51.715,1.26634,1.26654,1.73,2.25
2013.01.14 20:38:52.242,1.26634,1.26654,1.50,3.98
2013.01.14 20:38:52.495,1.26634,1.26653,1.50,2.25
2013.01.14 20:38:53.725,1.26634,1.26654,1.50,1.73
2013.01.14 20:38:54.237,1.26634,1.26653,1.50,2.25
2013.01.14 20:38:55.710,1.26634,1.26653,1.73,1.50
2013.01.14 20:39:01.185,1.26634,1.26653,3.00,1.13
2013.01.14 20:39:03.046,1.26636,1.26655,1.73,1.50
2013.01.14 20:39:04.926,1.26635,1.26653,2.48,1.13
2013.01.14 20:39:05.507,1.26632,1.26652,2.25,1.13
2013.01.14 20:39:06.695,1.26633,1.26654,1.05,2.25
2013.01.14 20:39:06.995,1.26636,1.26656,1.73,2.63
2013.01.14 20:39:10.447,1.26634,1.26654,1.73,2.25
2013.01.14 20:39:11.856,1.26634,1.26655,1.73,2.25
2013.01.14 20:39:15.186,1.26636,1.26654,1.50,1.50
2013.01.14 20:39:16.316,1.26636,1.26654,1.73,2.25
2013.01.14 20:39:16.875,1.26636,1.26654,1.73,1.50
2013.01.14 20:39:17.957,1.26634,1.26654,2.25,2.48
2013.01.14 20:39:18.266,1.26634,1.26652,1.50,1.50
2013.01.14 20:39:19.675,1.26634,1.26652,1.50,2.25
2013.01.14 20:39:20.226,1.26634,1.26653,1.73,1.50
2013.01.14 20:39:20.806,1.26635,1.26651,1.50,1.50
2013.01.14 20:39:22.356,1.26634,1.26651,1.50,1.50
2013.01.14 20:39:23.135,1.26634,1.26652,1.50,1.50
2013.01.14 20:39:26.647,1.26634,1.26651,1.50,1.50
2013.01.14 20:39:30.405,1.26633,1.26652,1.50,2.25
2013.01.14 20:39:33.735,1.26634,1.26652,1.50,1.50
2013.01.14 20:39:39.255,1.26634,1.2665,1.50,1.50
2013.01.14 20:39:52.425,1.26634,1.26654,1.73,3.83
2013.01.14 20:39:57.909,1.26634,1.26649,1.50,1.32
2013.01.14 20:39:58.237,1.26626,1.26642,1.95,1.50
2013.01.14 20:39:58.476,1.26625,1.26643,1.50,1.73
2013.01.14 20:39:59.047,1.26626,1.26644,2.10,1.50
2013.01.14 20:40:03.125,1.26626,1.26644,1.50,1.50
2013.01.14 20:40:06.435,1.26626,1.26643,1.50,1.50
2013.01.14 20:40:07.896,1.26627,1.26645,2.25,1.58
2013.01.14 20:40:08.255,1.26634,1.26649,2.10,1.39
2013.01.14 20:40:08.496,1.2664,1.26655,1.50,3.08
2013.01.14 20:40:08.555,1.2664,1.26655,1.50,3.00
2013.01.14 20:40:08.615,1.2664,1.26657,1.50,2.25
2013.01.14 20:40:10.726,1.2664,1.26655,1.50,1.50
2013.01.14 20:40:11.076,1.26637,1.26655,1.50,2.25
2013.01.14 20:40:21.205,1.26637,1.26653,2.25,1.13
2013.01.14 20:40:21.450,1.26641,1.26656,1.73,1.50
2013.01.14 20:40:21.765,1.26641,1.26659,1.73,1.50
2013.01.14 20:40:21.907,1.2664,1.26659,2.48,1.50
2013.01.14 20:40:25.647,1.2664,1.26659,2.48,1.50
2013.01.14 20:40:27.807,1.26641,1.2666,2.48,2.25
2013.01.14 20:40:27.928,1.26641,1.2666,1.73,1.98
2013.01.14 20:40:27.996,1.26639,1.2666,1.50,2.20
2013.01.14 20:40:28.295,1.26632,1.26649,2.10,2.07
2013.01.14 20:40:28.597,1.26631,1.26647,1.50,1.13
2013.01.14 20:40:31.078,1.26631,1.26649,1.50,2.48
2013.01.14 20:40:31.636,1.26633,1.26649,1.13,1.50
2013.01.14 20:40:31.935,1.26633,1.26652,1.13,3.00
2013.01.14 20:40:33.476,1.26631,1.26652,2.25,3.00
2013.01.14 20:40:34.126,1.26631,1.26651,2.25,1.13
2013.01.14 20:40:34.496,1.26631,1.26651,1.50,1.13
2013.01.14 20:40:34.922,1.26631,1.26651,1.50,1.13
2013.01.14 20:40:36.295,1.26631,1.26651,2.25,1.88
2013.01.14 20:40:36.666,1.26634,1.26651,2.63,1.13
2013.01.14 20:40:36.968,1.26638,1.26657,1.73,1.58
2013.01.14 20:40:37.097,1.26638,1.26659,1.73,2.25
2013.01.14 20:40:37.218,1.2664,1.26658,1.50,2.10
2013.01.14 20:40:37.745,1.2664,1.26657,1.50,1.35
2013.01.14 20:40:38.256,1.26638,1.26654,2.25,1.13
2013.01.14 20:40:38.508,1.26638,1.26654,2.25,1.13
2013.01.14 20:40:38.576,1.26638,1.26654,1.50,1.13
2013.01.14 20:40:39.176,1.26632,1.26652,1.73,2.07
2013.01.14 20:40:39.296,1.26631,1.26652,2.33,3.79
2013.01.14 20:40:39.357,1.26631,1.26652,3.08,3.79
2013.01.14 20:40:39.865,1.26631,1.26648,3.08,1.13
2013.01.14 20:40:51.825,1.26633,1.26651,1.50,1.88
2013.01.14 20:40:53.437,1.26633,1.26651,1.50,1.13
2013.01.14 20:40:57.935,1.26633,1.26651,1.50,1.13
2013.01.14 20:40:57.996,1.26633,1.26652,2.33,1.50
2013.01.14 20:40:58.355,1.26635,1.26655,2.48,1.13
2013.01.14 20:40:59.007,1.26635,1.26655,2.48,1.13
2013.01.14 20:40:59.545,1.26635,1.26655,2.48,1.13
2013.01.14 20:41:01.716,1.26638,1.26655,1.50,1.69
2013.01.14 20:41:02.306,1.26635,1.26653,1.50,1.13
2013.01.14 20:41:02.376,1.26634,1.26652,1.50,1.13
2013.01.14 20:41:03.488,1.26633,1.26653,1.35,2.25
2013.01.14 20:41:04.049,1.26634,1.26654,2.48,1.50
2013.01.14 20:41:04.298,1.26634,1.26653,1.50,1.88
2013.01.14 20:41:06.036,1.26635,1.26653,1.35,1.50
2013.01.14 20:41:06.456,1.26634,1.26653,2.48,1.88
2013.01.14 20:41:06.965,1.26634,1.26653,1.50,1.88
2013.01.14 20:41:08.555,1.26634,1.26654,2.33,1.50
2013.01.14 20:41:08.737,1.26634,1.26653,2.48,1.13
2013.01.14 20:41:10.587,1.26634,1.26653,1.58,1.13
2013.01.14 20:41:10.645,1.26634,1.26654,1.58,1.50
2013.01.14 20:41:11.656,1.26635,1.26653,1.73,1.13
2013.01.14 20:41:12.228,1.26634,1.26653,1.50,2.63
2013.01.14 20:41:17.168,1.26635,1.26653,1.50,1.50
2013.01.14 20:41:17.417,1.26638,1.26655,1.73,1.50
2013.01.14 20:41:17.596,1.26638,1.26659,3.98,1.50
2013.01.14 20:41:18.056,1.2664,1.26659,1.73,1.50
2013.01.14 20:41:23.146,1.26641,1.26659,3.08,1.13
2013.01.14 20:41:23.757,1.26638,1.26657,1.50,1.86
2013.01.14 20:41:23.875,1.26637,1.26655,1.50,1.50
2013.01.14 20:41:24.526,1.26637,1.26655,1.50,1.88
2013.01.14 20:41:25.156,1.26637,1.26655,1.50,1.88
2013.01.14 20:41:25.516,1.26633,1.26651,1.50,1.88
2013.01.14 20:41:26.796,1.26633,1.26651,1.50,1.13
2013.01.14 20:41:27.402,1.26633,1.26651,1.50,1.13
2013.01.14 20:41:31.207,1.26633,1.26651,1.50,1.13
2013.01.14 20:41:32.039,1.26633,1.26651,1.50,1.13
2013.01.14 20:41:35.024,1.26633,1.26651,1.50,1.13
2013.01.14 20:41:35.157,1.26631,1.2665,1.73,1.13
2013.01.14 20:41:35.478,1.2663,1.26648,1.73,2.25
2013.01.14 20:41:35.545,1.26628,1.26647,2.48,1.88
2013.01.14 20:41:35.984,1.26628,1.26647,1.50,1.88
2013.01.14 20:41:36.627,1.26627,1.26645,1.50,1.13
2013.01.14 20:41:37.178,1.26627,1.26645,1.50,1.13
2013.01.14 20:41:38.545,1.26628,1.26648,1.73,1.50
2013.01.14 20:41:48.359,1.26629,1.26647,2.48,1.13
2013.01.14 20:41:49.775,1.26628,1.26647,1.73,1.50
2013.01.14 20:42:07.905,1.2663,1.26649,1.73,1.13
2013.01.14 20:42:08.146,1.26631,1.26649,1.73,1.13
2013.01.14 20:42:08.768,1.2663,1.26649,1.73,1.13
2013.01.14 20:42:11.451,1.26628,1.26647,2.48,1.50
2013.01.14 20:42:11.576,1.26628,1.26645,1.50,1.13
2013.01.14 20:42:14.055,1.26627,1.26645,2.85,1.13
2013.01.14 20:42:15.377,1.26627,1.26646,2.10,1.50
2013.01.14 20:42:15.439,1.26627,1.26646,3.08,1.50
2013.01.14 20:42:20.267,1.2663,1.2665,2.48,1.13
2013.01.14 20:42:20.327,1.26632,1.26651,1.58,1.88
2013.01.14 20:42:20.987,1.26632,1.26652,2.25,2.10
2013.01.14 20:42:21.525,1.26631,1.26648,1.50,1.13
2013.01.14 20:42:22.035,1.26631,1.26648,1.50,1.13
2013.01.14 20:42:22.575,1.26631,1.26648,1.50,1.13
2013.01.14 20:42:22.696,1.26634,1.26651,1.35,2.10
2013.01.14 20:42:22.996,1.26634,1.26652,1.58,1.13
2013.01.14 20:42:23.538,1.26634,1.26652,1.58,1.13
2013.01.14 20:42:24.086,1.26634,1.26652,1.50,2.25
2013.01.14 20:42:24.145,1.26634,1.26652,1.50,2.63
2013.01.14 20:42:24.757,1.2663,1.2665,2.10,1.13
2013.01.14 20:42:33.266,1.26629,1.2665,2.85,2.25
2013.01.14 20:42:39.188,1.26634,1.2665,1.35,2.25
2013.01.14 20:42:42.303,1.2663,1.26649,3.42,2.07
2013.01.14 20:42:42.636,1.26624,1.26638,1.50,1.50
2013.01.14 20:42:42.756,1.26624,1.26641,1.50,1.50
2013.01.14 20:42:43.256,1.26623,1.2664,1.50,1.50
2013.01.14 20:42:45.648,1.2662,1.26638,1.50,1.73
2013.01.14 20:42:46.077,1.26616,1.26632,1.50,1.13
2013.01.14 20:42:48.189,1.26613,1.2663,1.50,1.13
2013.01.14 20:42:49.126,1.26613,1.2663,1.50,3.23
2013.01.14 20:42:49.676,1.26613,1.26628,1.50,1.13
2013.01.14 20:42:49.975,1.26613,1.2663,1.50,1.88
2013.01.14 20:42:52.846,1.26613,1.26631,1.50,1.13
2013.01.14 20:42:53.386,1.26613,1.26629,1.50,1.13
2013.01.14 20:42:58.066,1.26613,1.26632,1.50,1.13
2013.01.14 20:43:00.916,1.26613,1.26632,1.50,1.13
2013.01.14 20:43:01.449,1.26615,1.26634,3.00,1.88
2013.01.14 20:43:01.517,1.26617,1.26634,1.50,1.88
2013.01.14 20:43:02.886,1.26617,1.26634,1.50,1.13
2013.01.14 20:43:03.447,1.26617,1.26635,1.50,1.43
2013.01.14 20:43:08.677,1.26619,1.26637,1.50,1.28
2013.01.14 20:43:08.796,1.2662,1.26638,1.50,2.25
2013.01.14 20:43:09.458,1.2662,1.26637,1.50,1.88
2013.01.14 20:43:09.526,1.2662,1.26637,1.50,1.88
2013.01.14 20:43:11.426,1.26619,1.26636,1.50,1.35
2013.01.14 20:43:11.906,1.26621,1.2664,1.50,1.73
2013.01.14 20:43:12.146,1.26624,1.26641,1.50,1.50
2013.01.14 20:43:14.207,1.26622,1.26642,1.50,1.35
2013.01.14 20:43:14.326,1.26621,1.26638,2.25,1.13
2013.01.14 20:43:23.225,1.26619,1.26637,1.50,1.13
2013.01.14 20:43:24.205,1.26621,1.26637,1.50,1.13
2013.01.14 20:43:26.146,1.2662,1.26637,1.50,1.13
2013.01.14 20:43:35.365,1.26621,1.26638,1.50,1.13
2013.01.14 20:43:36.778,1.26621,1.2664,1.50,2.25
2013.01.14 20:43:37.027,1.26623,1.26641,1.50,1.73
2013.01.14 20:43:43.122,1.26623,1.26641,1.50,1.73
2013.01.14 20:43:43.259,1.26623,1.26641,1.50,1.73
2013.01.14 20:43:43.328,1.26621,1.26642,1.50,2.10
2013.01.14 20:43:43.388,1.26621,1.26642,1.73,1.50
2013.01.14 20:43:43.745,1.2662,1.26642,1.50,2.10
2013.01.14 20:43:44.566,1.2662,1.26641,1.50,1.35
2013.01.14 20:43:44.927,1.2662,1.2664,3.00,1.73
2013.01.14 20:43:45.286,1.26624,1.26642,2.10,1.50
2013.01.14 20:43:45.616,1.26624,1.26643,2.10,1.50
2013.01.14 20:43:45.815,1.26624,1.26643,2.10,1.50
2013.01.14 20:43:48.247,1.26623,1.26642,2.25,1.73
2013.01.14 20:43:48.936,1.26622,1.26642,1.50,2.70
2013.01.14 20:43:50.666,1.2662,1.26639,2.25,1.50
2013.01.14 20:43:52.886,1.26619,1.26639,1.50,1.50
2013.01.14 20:43:55.022,1.2662,1.26639,2.25,2.25
2013.01.14 20:43:55.686,1.26624,1.26642,1.50,1.50
2013.01.14 20:43:55.805,1.26624,1.26641,1.50,1.50
2013.01.14 20:43:58.618,1.26625,1.26643,1.50,2.25
2013.01.14 20:44:08.516,1.26625,1.26645,1.50,2.25
2013.01.14 20:44:08.699,1.26627,1.26646,2.25,1.13
2013.01.14 20:44:10.257,1.26628,1.26648,1.50,1.58
2013.01.14 20:44:10.736,1.26632,1.26652,1.50,1.73
2013.01.14 20:44:11.110,1.26631,1.26652,1.50,4.35
2013.01.14 20:44:11.906,1.26632,1.26649,2.25,1.13
2013.01.14 20:44:12.326,1.26632,1.2665,2.85,1.50
2013.01.14 20:44:12.386,1.26632,1.26651,2.85,1.88
2013.01.14 20:44:12.926,1.26632,1.26651,2.85,1.13
2013.01.14 20:44:13.436,1.26634,1.26651,1.50,1.13
2013.01.14 20:44:14.135,1.26634,1.26651,1.50,1.13
2013.01.14 20:44:15.225,1.26634,1.26651,1.50,1.13
2013.01.14 20:44:16.506,1.26636,1.26651,1.50,1.13
2013.01.14 20:44:17.716,1.26636,1.26651,1.50,1.13
2013.01.14 20:44:18.986,1.26636,1.26651,1.50,1.13
2013.01.14 20:44:21.216,1.26636,1.26651,1.50,1.13
2013.01.14 20:44:22.166,1.26636,1.26653,1.50,1.35
2013.01.14 20:44:26.037,1.26632,1.26653,2.10,2.10
2013.01.14 20:44:26.157,1.2663,1.2665,3.23,1.13
2013.01.14 20:44:26.277,1.2663,1.2665,2.25,1.73
2013.01.14 20:44:26.337,1.2663,1.26651,1.50,3.23
2013.01.14 20:44:26.875,1.26629,1.26646,1.50,1.35
2013.01.14 20:44:27.562,1.26629,1.26645,1.50,1.13
2013.01.14 20:44:28.806,1.26629,1.26645,1.50,1.13
2013.01.14 20:44:32.766,1.26632,1.26646,1.50,1.73
2013.01.14 20:44:33.068,1.26634,1.26647,1.50,1.13
2013.01.14 20:44:41.206,1.26634,1.26651,1.13,1.13
2013.01.14 20:44:41.285,1.26637,1.26652,1.50,1.13
2013.01.14 20:44:41.856,1.26637,1.26656,2.25,1.35
2013.01.14 20:44:43.177,1.26639,1.26658,1.50,1.88
2013.01.14 20:44:43.236,1.26643,1.26659,1.50,2.48
2013.01.14 20:44:43.656,1.26644,1.26662,2.25,1.88
2013.01.14 20:44:43.717,1.26645,1.26662,1.35,1.13
2013.01.14 20:44:44.256,1.26645,1.26666,2.10,1.13
2013.01.14 20:44:44.817,1.26647,1.26666,2.25,1.13
2013.01.14 20:44:51.196,1.26645,1.26663,1.50,1.13
2013.01.14 20:44:52.676,1.26646,1.26664,1.50,1.13
2013.01.14 20:44:52.976,1.26649,1.26668,1.73,2.25
2013.01.14 20:44:55.069,1.26649,1.26668,1.73,1.13
2013.01.14 20:44:56.258,1.26649,1.26667,1.73,1.50
2013.01.14 20:45:29.848,1.2665,1.26667,1.50,1.50
2013.01.14 20:45:31.495,1.26651,1.26667,1.50,1.50
2013.01.14 20:45:34.845,1.26651,1.2667,3.00,1.13
2013.01.14 20:45:34.920,1.26652,1.26672,2.25,3.00
2013.01.14 20:45:37.082,1.26653,1.26672,1.79,1.88
2013.01.14 20:45:38.289,1.26653,1.26672,1.79,1.88
2013.01.14 20:45:38.816,1.26652,1.26668,2.54,1.50
2013.01.14 20:45:39.116,1.2665,1.26668,2.70,1.50
2013.01.14 20:45:39.742,1.26651,1.26667,1.50,1.50
2013.01.14 20:45:40.286,1.26651,1.26668,1.50,1.50
2013.01.14 20:45:40.896,1.26652,1.26668,1.50,1.50
2013.01.14 20:45:41.116,1.26652,1.26668,1.50,1.50
2013.01.14 20:45:41.476,1.26652,1.26668,1.50,1.50
2013.01.14 20:45:42.517,1.26652,1.26668,1.50,1.50
2013.01.14 20:45:43.036,1.26651,1.26668,1.50,1.50
2013.01.14 20:45:46.126,1.26651,1.26668,1.50,1.50
2013.01.14 20:45:46.646,1.26651,1.26668,1.50,1.50
2013.01.14 20:45:49.246,1.26651,1.26667,1.79,1.50
2013.01.14 20:45:54.136,1.26651,1.26667,1.50,1.50
2013.01.14 20:46:00.096,1.26651,1.26667,1.50,1.50
2013.01.14 20:46:01.057,1.26651,1.26667,2.25,1.50
2013.01.14 20:46:01.126,1.26652,1.26668,1.50,1.13
2013.01.14 20:46:01.656,1.26653,1.2667,1.50,1.88
2013.01.14 20:46:02.375,1.26653,1.2667,1.50,1.50
2013.01.14 20:46:04.595,1.26654,1.2667,1.50,1.50
2013.01.14 20:46:04.656,1.26654,1.2667,1.50,1.50
2013.01.14 20:46:05.330,1.26654,1.2667,2.25,1.50
2013.01.14 20:46:08.356,1.26654,1.2667,1.50,1.50
2013.01.14 20:46:14.196,1.26654,1.26672,2.25,1.73
2013.01.14 20:46:18.146,1.26654,1.26672,1.79,1.73
2013.01.14 20:46:18.647,1.26655,1.26672,1.50,1.50
2013.01.14 20:46:20.761,1.26654,1.2667,2.25,1.50
2013.01.14 20:46:21.323,1.26653,1.2667,1.50,1.50
2013.01.14 20:46:21.857,1.26652,1.26667,1.50,1.50
2013.01.14 20:46:23.256,1.26651,1.26667,2.25,1.50
2013.01.14 20:46:23.776,1.26652,1.26667,1.50,1.50
2013.01.14 20:46:24.383,1.26652,1.26667,1.50,1.50
2013.01.14 20:46:26.326,1.26651,1.26667,2.25,1.50
2013.01.14 20:46:26.981,1.26652,1.26667,1.50,1.50
2013.01.14 20:46:28.646,1.26652,1.26667,1.50,1.50
2013.01.14 20:46:29.066,1.26651,1.26667,1.50,1.50
2013.01.14 20:46:30.727,1.2665,1.26671,2.25,2.48
2013.01.14 20:46:31.346,1.2665,1.26668,1.50,1.73
2013.01.14 20:46:31.406,1.26648,1.26668,1.50,1.73
2013.01.14 20:46:31.648,1.26647,1.26666,1.50,1.73
2013.01.14 20:46:33.649,1.26647,1.26666,1.50,1.73
2013.01.14 20:46:34.306,1.26646,1.26664,1.50,1.50
2013.01.14 20:46:34.487,1.26646,1.26664,1.50,1.73
2013.01.14 20:46:35.046,1.26646,1.26664,1.50,2.48
2013.01.14 20:46:51.877,1.26642,1.26662,1.50,1.73
2013.01.14 20:46:53.935,1.26641,1.26662,2.25,1.73
2013.01.14 20:46:55.446,1.26646,1.26664,1.13,1.73
2013.01.14 20:46:55.507,1.26647,1.26666,1.13,2.48
2013.01.14 20:46:56.045,1.26649,1.26667,2.25,1.73
2013.01.14 20:46:56.609,1.26649,1.26667,2.25,1.73
2013.01.14 20:46:58.346,1.26649,1.26667,2.25,1.73
2013.01.14 20:46:58.897,1.26649,1.26667,1.50,1.73
2013.01.14 20:46:59.429,1.26649,1.26667,2.25,1.73
2013.01.14 20:47:02.160,1.26648,1.26667,1.73,1.50
2013.01.14 20:47:02.466,1.26649,1.26667,4.58,1.50
2013.01.14 20:47:03.066,1.26653,1.26671,1.13,1.73
2013.01.14 20:47:06.716,1.26653,1.26671,1.88,1.73
2013.01.14 20:47:07.530,1.26653,1.26671,1.13,1.73
2013.01.14 20:47:10.378,1.26653,1.26671,1.13,1.73
2013.01.14 20:47:16.408,1.2665,1.2667,1.50,1.54
2013.01.14 20:47:16.536,1.2665,1.26669,1.50,2.29
2013.01.14 20:47:16.836,1.26649,1.26669,2.25,1.73
2013.01.14 20:47:17.376,1.26651,1.26672,1.50,3.30
2013.01.14 20:47:25.369,1.26651,1.26669,1.88,1.73
2013.01.14 20:47:25.934,1.26651,1.26669,1.88,1.73
2013.01.14 20:47:30.248,1.26651,1.2667,1.13,1.73
2013.01.14 20:47:30.370,1.26651,1.26667,1.13,1.32
2013.01.14 20:47:30.676,1.26649,1.26667,2.25,2.48
2013.01.14 20:47:30.916,1.26649,1.26666,1.50,1.73
2013.01.14 20:47:31.107,1.26647,1.26665,1.88,1.50
2013.01.14 20:47:32.476,1.26647,1.26666,1.50,1.73
2013.01.14 20:47:40.176,1.26647,1.26665,1.13,1.50
2013.01.14 20:47:46.208,1.26647,1.26666,1.13,1.73
2013.01.14 20:48:10.876,1.26647,1.26666,1.50,1.73
2013.01.14 20:48:10.938,1.26647,1.26666,1.73,1.50
2013.01.14 20:48:11.447,1.2665,1.26668,2.10,1.50
2013.01.14 20:48:11.868,1.2665,1.2667,1.35,1.50
2013.01.14 20:48:12.046,1.2665,1.26669,1.88,1.73
2013.01.14 20:48:16.997,1.26649,1.26667,1.73,2.25
2013.01.14 20:48:17.527,1.2665,1.26668,2.33,1.50
2013.01.14 20:48:20.416,1.2665,1.2667,2.33,3.00
2013.01.14 20:48:20.776,1.26649,1.26669,1.50,1.73
2013.01.14 20:48:29.687,1.26648,1.26668,1.50,1.73
2013.01.14 20:48:30.307,1.2665,1.26668,2.25,1.73
2013.01.14 20:48:30.667,1.2665,1.26666,2.25,1.73
2013.01.14 20:48:30.787,1.26644,1.2666,2.70,1.50
2013.01.14 20:48:30.966,1.26642,1.2666,3.00,1.50
2013.01.14 20:48:31.524,1.26644,1.26661,1.88,2.48
2013.01.14 20:48:32.052,1.26644,1.26661,1.13,3.23
2013.01.14 20:48:39.147,1.26644,1.2666,1.13,1.73
2013.01.14 20:48:39.326,1.26641,1.26659,1.50,1.50
2013.01.14 20:48:44.137,1.26642,1.2666,1.50,2.48
2013.01.14 20:48:50.996,1.26642,1.2666,1.88,1.73
2013.01.14 20:48:54.926,1.26642,1.26656,1.13,1.50
2013.01.14 20:48:55.927,1.26642,1.26656,1.13,1.50
2013.01.14 20:48:59.597,1.26642,1.26657,1.13,1.50
2013.01.14 20:49:00.135,1.26642,1.26657,1.13,1.50
2013.01.14 20:49:05.741,1.26643,1.26659,1.50,1.50
2013.01.14 20:49:06.466,1.26643,1.26659,1.13,1.50
2013.01.14 20:49:08.476,1.26643,1.26659,1.13,1.50
2013.01.14 20:49:09.719,1.26643,1.26659,1.50,1.50
2013.01.14 20:49:12.528,1.26643,1.26659,1.88,1.50
2013.01.14 20:49:17.627,1.26643,1.26659,1.13,1.73
2013.01.14 20:49:17.866,1.26643,1.26659,1.13,1.73
2013.01.14 20:49:17.986,1.26643,1.26659,1.13,1.73
2013.01.14 20:49:22.757,1.26643,1.26659,1.88,1.73
2013.01.14 20:49:23.057,1.26643,1.26662,1.88,2.48
2013.01.14 20:49:23.596,1.26646,1.26663,1.13,2.48
2013.01.14 20:49:25.907,1.26643,1.26661,1.88,1.73
2013.01.14 20:49:28.276,1.26643,1.26661,1.88,1.73
2013.01.14 20:49:29.326,1.26644,1.26661,1.13,1.73
2013.01.14 20:49:30.226,1.26643,1.2666,1.13,1.73
2013.01.14 20:49:30.816,1.26643,1.2666,1.13,1.73
2013.01.14 20:49:31.739,1.26643,1.2666,1.13,1.73
2013.01.14 20:49:33.885,1.26643,1.2666,1.13,1.73
2013.01.14 20:49:42.136,1.26643,1.26659,1.13,1.50
2013.01.14 20:49:42.197,1.26642,1.26659,1.13,1.73
2013.01.14 20:49:42.907,1.26641,1.26658,1.13,1.73
2013.01.14 20:49:45.576,1.2664,1.26656,2.10,1.73
2013.01.14 20:49:48.526,1.2664,1.26657,1.13,2.48
2013.01.14 20:49:54.377,1.2664,1.26656,1.13,1.73
2013.01.14 20:49:57.477,1.2664,1.2666,1.88,3.23
2013.01.14 20:49:58.811,1.2664,1.26656,1.13,1.73
2013.01.14 20:49:59.516,1.2664,1.26656,1.13,1.73
2013.01.14 20:50:02.956,1.26639,1.26657,1.50,1.73
2013.01.14 20:50:03.551,1.2664,1.26657,1.50,1.73
2013.01.14 20:50:04.483,1.2664,1.26657,1.50,1.73
2013.01.14 20:50:09.937,1.2664,1.26661,3.29,2.48
2013.01.14 20:50:10.306,1.26644,1.26663,1.13,1.50
2013.01.14 20:50:10.546,1.26645,1.26664,1.13,1.73
2013.01.14 20:50:11.158,1.26644,1.26664,1.50,1.73
2013.01.14 20:50:39.116,1.26645,1.26665,1.50,2.48
2013.01.14 20:50:40.445,1.26645,1.26667,1.50,2.48
2013.01.14 20:50:41.086,1.26644,1.26667,2.25,2.48
2013.01.14 20:50:50.267,1.26644,1.26667,1.50,1.73
2013.01.14 20:50:53.216,1.26644,1.26667,1.50,1.73
2013.01.14 20:50:53.396,1.26644,1.26665,1.50,1.73
2013.01.14 20:50:53.458,1.26643,1.26665,1.50,1.73
2013.01.14 20:50:53.976,1.26642,1.26663,3.00,1.73
2013.01.14 20:51:05.667,1.26644,1.26664,1.32,2.33
2013.01.14 20:51:05.806,1.26646,1.26664,2.63,1.50
2013.01.14 20:51:05.928,1.26648,1.26664,1.69,1.50
2013.01.14 20:51:06.237,1.26651,1.26671,1.13,1.50
2013.01.14 20:51:06.687,1.26651,1.26673,2.63,1.73
2013.01.14 20:51:06.808,1.26651,1.26673,2.25,1.73
2013.01.14 20:51:06.987,1.26651,1.26674,1.50,1.73
2013.01.14 20:51:07.543,1.2665,1.26674,3.19,1.73
2013.01.14 20:51:08.087,1.2665,1.26674,3.19,1.73
2013.01.14 20:51:22.197,1.26654,1.26675,1.13,1.73
2013.01.14 20:51:22.707,1.26655,1.26676,2.67,1.50
2013.01.14 20:51:25.774,1.26655,1.26675,1.50,2.25
2013.01.14 20:51:26.298,1.26655,1.26676,1.50,2.10
2013.01.14 20:51:26.357,1.26655,1.26676,1.50,2.10
2013.01.14 20:51:26.596,1.26655,1.26676,1.50,2.10
2013.01.14 20:51:26.657,1.26655,1.26676,1.50,2.10
2013.01.14 20:51:26.967,1.26654,1.26675,2.82,3.00
2013.01.14 20:51:29.983,1.26654,1.26675,2.07,2.25
2013.01.14 20:51:30.407,1.26655,1.26675,1.50,1.50
2013.01.14 20:51:30.908,1.26657,1.26678,1.50,2.10
2013.01.14 20:51:31.211,1.26656,1.26675,2.25,1.13
2013.01.14 20:51:31.277,1.26656,1.26675,1.50,1.13
2013.01.14 20:51:31.470,1.26655,1.26674,1.50,1.35
2013.01.14 20:51:31.864,1.26654,1.26672,1.50,1.13
2013.01.14 20:51:32.307,1.26656,1.26675,1.50,1.13
2013.01.14 20:51:32.836,1.26656,1.26677,1.50,2.10
2013.01.14 20:51:33.387,1.26655,1.26676,2.25,3.45
2013.01.14 20:51:33.929,1.26654,1.26675,2.07,2.78
2013.01.14 20:51:35.798,1.26654,1.26673,2.25,1.13
2013.01.14 20:51:36.097,1.26654,1.26674,2.25,1.73
2013.01.14 20:51:36.586,1.26654,1.26673,1.50,1.35
2013.01.14 20:51:36.647,1.26654,1.26673,1.50,1.35
2013.01.14 20:51:37.067,1.2665,1.26672,1.50,1.20
2013.01.14 20:51:37.786,1.26651,1.26672,1.50,1.95
2013.01.14 20:51:37.859,1.26651,1.26672,1.50,1.58
2013.01.14 20:51:39.203,1.26651,1.26672,1.50,1.58
2013.01.14 20:51:39.917,1.26651,1.26672,1.50,1.58
2013.01.14 20:51:40.449,1.26661,1.26673,1.32,1.73
2013.01.14 20:51:41.211,1.2666,1.26676,1.50,1.50
2013.01.14 20:51:41.278,1.2666,1.26676,1.50,1.50
2013.01.14 20:51:41.338,1.2666,1.26676,1.50,1.73
2013.01.14 20:51:41.677,1.26658,1.26678,1.50,2.48
2013.01.14 20:51:49.917,1.26658,1.2668,1.50,2.48
2013.01.14 20:51:52.636,1.26656,1.26678,1.58,1.73
2013.01.14 20:51:53.008,1.26654,1.26677,1.58,3.23
2013.01.14 20:51:53.187,1.26654,1.26677,1.50,3.23
2013.01.14 20:51:54.761,1.26652,1.26672,1.50,1.58
2013.01.14 20:51:54.890,1.26651,1.2667,3.00,1.73
2013.01.14 20:51:54.959,1.26651,1.2667,1.50,2.29
2013.01.14 20:51:55.089,1.26651,1.2667,1.50,2.29
2013.01.14 20:51:55.217,1.26649,1.26669,1.88,1.73
2013.01.14 20:51:56.567,1.26648,1.2667,2.25,1.73
2013.01.14 20:51:56.868,1.26649,1.26671,2.25,1.73
2013.01.14 20:51:57.227,1.26651,1.26673,1.50,2.29
2013.01.14 20:51:57.811,1.26651,1.26673,1.50,1.54
2013.01.14 20:51:59.058,1.2665,1.26672,3.00,2.48
2013.01.14 20:51:59.117,1.2665,1.26669,1.50,1.50
2013.01.14 20:51:59.236,1.26648,1.26669,1.50,1.73
2013.01.14 20:51:59.747,1.26648,1.26669,2.25,1.73
2013.01.14 20:52:00.276,1.26648,1.26671,2.25,4.73
2013.01.14 20:52:00.841,1.26648,1.26671,2.25,3.98
2013.01.14 20:52:01.517,1.26648,1.26671,2.33,2.48
2013.01.14 20:52:02.078,1.26649,1.26672,1.50,3.98
2013.01.14 20:52:04.767,1.26648,1.26668,2.25,1.73
2013.01.14 20:52:04.827,1.26648,1.26668,2.25,3.23
2013.01.14 20:52:05.347,1.26647,1.26667,2.63,3.98
2013.01.14 20:52:05.656,1.26648,1.26668,1.50,4.73
2013.01.14 20:52:07.158,1.26648,1.26668,1.50,2.48
2013.01.14 20:52:07.708,1.26648,1.26668,2.25,2.48
2013.01.14 20:52:09.116,1.26648,1.26668,1.50,2.48
2013.01.14 20:52:09.658,1.26648,1.26668,1.50,1.73
2013.01.14 20:52:10.227,1.2665,1.2667,1.50,5.14
2013.01.14 20:52:11.147,1.26648,1.2667,2.25,5.89
2013.01.14 20:52:12.188,1.26648,1.26669,2.25,1.73
2013.01.14 20:52:12.790,1.26648,1.26669,2.25,1.73
2013.01.14 20:52:13.187,1.26648,1.26669,1.50,1.73
2013.01.14 20:52:13.706,1.26648,1.26669,1.50,1.73
2013.01.14 20:52:14.567,1.26648,1.26669,2.25,1.73
2013.01.14 20:52:16.396,1.26648,1.26669,1.50,2.29
2013.01.14 20:52:20.376,1.26647,1.26669,3.00,1.54
2013.01.14 20:52:20.838,1.2665,1.26669,1.13,1.54
2013.01.14 20:52:21.137,1.26656,1.26672,1.50,1.32
2013.01.14 20:52:21.627,1.26656,1.26677,2.85,2.61
2013.01.14 20:52:22.279,1.26656,1.26677,3.60,2.61
2013.01.14 20:52:22.407,1.26657,1.26676,1.58,1.50
2013.01.14 20:52:22.778,1.2666,1.26679,2.18,1.50
2013.01.14 20:52:27.721,1.26662,1.26685,2.48,3.23
2013.01.14 20:52:28.706,1.26662,1.26685,2.48,2.48
2013.01.14 20:52:46.457,1.2666,1.26683,2.48,3.75
2013.01.14 20:52:47.067,1.2666,1.26683,1.73,3.89
2013.01.14 20:52:47.247,1.26659,1.26679,2.48,1.50
2013.01.14 20:52:47.786,1.26657,1.2668,3.23,3.00
2013.01.14 20:52:49.496,1.26657,1.26679,3.00,2.61
2013.01.14 20:52:49.929,1.26655,1.26676,1.50,2.48
2013.01.14 20:52:50.478,1.26651,1.26673,1.73,1.50
2013.01.14 20:52:53.236,1.26652,1.26675,2.48,1.26
2013.01.14 20:52:53.942,1.26652,1.26674,1.73,1.04
2013.01.14 20:52:55.129,1.26653,1.26676,1.73,2.48
2013.01.14 20:52:55.746,1.26653,1.26675,1.73,2.48
2013.01.14 20:52:56.286,1.26653,1.26674,1.73,1.50
2013.01.14 20:52:56.346,1.26653,1.26673,1.73,1.50
2013.01.14 20:52:58.626,1.26652,1.26674,2.48,1.50
2013.01.14 20:52:59.471,1.26652,1.26674,2.48,1.13
2013.01.14 20:52:59.537,1.26652,1.26673,1.73,1.50
2013.01.14 20:52:59.658,1.26652,1.26673,1.73,3.08
2013.01.14 20:52:59.718,1.2665,1.26672,1.73,1.58
2013.01.14 20:53:00.377,1.26648,1.2667,2.48,2.25
2013.01.14 20:53:00.737,1.26652,1.26673,1.73,2.25
2013.01.14 20:53:01.340,1.26653,1.26674,1.73,3.00
2013.01.14 20:53:05.266,1.26653,1.26675,1.73,2.33
2013.01.14 20:53:05.567,1.26653,1.26676,1.73,3.00
2013.01.14 20:53:05.747,1.26653,1.26676,2.48,2.55
2013.01.14 20:53:06.257,1.26653,1.26674,1.73,1.50
2013.01.14 20:53:07.279,1.26652,1.26675,1.73,1.73
2013.01.14 20:53:07.637,1.26652,1.26674,1.73,1.50
2013.01.14 20:53:07.826,1.26652,1.26671,2.48,1.50
2013.01.14 20:53:08.269,1.26652,1.26671,1.50,1.73
2013.01.14 20:53:08.756,1.26648,1.26669,3.00,1.50
2013.01.14 20:53:08.967,1.2665,1.2667,1.50,1.73
2013.01.14 20:53:09.268,1.2665,1.26671,1.50,3.04
2013.01.14 20:53:09.327,1.2665,1.2667,1.50,2.33
2013.01.14 20:53:10.167,1.26649,1.26668,1.13,1.73
2013.01.14 20:53:10.227,1.26651,1.26671,1.50,2.72
2013.01.14 20:53:10.550,1.26652,1.26671,3.98,1.54
2013.01.14 20:53:11.054,1.26656,1.26675,1.50,1.54
2013.01.14 20:53:11.247,1.26656,1.26675,1.73,1.13
2013.01.14 20:53:11.597,1.26657,1.26677,1.58,1.13
2013.01.14 20:53:11.719,1.26657,1.26677,1.58,1.13
2013.01.14 20:53:11.848,1.26658,1.26678,1.73,1.13
2013.01.14 20:53:11.910,1.26658,1.26678,1.73,1.13
2013.01.14 20:53:11.978,1.26658,1.26678,1.50,1.13
2013.01.14 20:53:12.037,1.26658,1.26678,1.50,1.13
2013.01.14 20:53:13.691,1.26657,1.26678,1.73,1.88
2013.01.14 20:53:13.877,1.26658,1.26678,1.73,1.13
2013.01.14 20:53:14.497,1.26657,1.26678,1.73,1.13
2013.01.14 20:53:14.857,1.26656,1.26677,2.48,1.13
2013.01.14 20:53:14.917,1.26656,1.26677,1.73,1.13
2013.01.14 20:53:15.436,1.26655,1.26677,2.33,1.13
2013.01.14 20:53:15.747,1.26655,1.26677,1.73,1.13
2013.01.14 20:53:16.290,1.26654,1.26675,1.73,1.13
2013.01.14 20:53:17.619,1.26654,1.26677,2.48,1.13
2013.01.14 20:53:18.107,1.26654,1.26677,2.48,1.88
2013.01.14 20:53:18.768,1.26655,1.26677,1.73,1.88
2013.01.14 20:53:20.088,1.26655,1.26677,1.73,1.13
2013.01.14 20:53:23.448,1.26656,1.26677,1.73,2.63
2013.01.14 20:53:23.768,1.26656,1.26677,1.73,1.13
2013.01.14 20:53:24.136,1.26656,1.26677,1.73,1.88
2013.01.14 20:53:24.617,1.26657,1.26676,2.85,1.88
2013.01.14 20:53:25.183,1.26661,1.26679,3.08,1.13
2013.01.14 20:53:25.257,1.26661,1.26683,2.10,1.13
2013.01.14 20:53:25.768,1.26661,1.26684,1.73,2.85
2013.01.14 20:53:26.767,1.26658,1.26679,1.80,1.88
2013.01.14 20:53:27.419,1.26657,1.26678,2.48,1.50
2013.01.14 20:53:29.276,1.26655,1.26677,1.73,1.88
2013.01.14 20:53:29.581,1.26655,1.26676,1.73,1.88
2013.01.14 20:53:29.887,1.26654,1.26675,2.55,1.13
2013.01.14 20:53:30.397,1.26654,1.26677,3.30,1.13
2013.01.14 20:53:30.906,1.26654,1.26677,3.98,1.13
2013.01.14 20:53:31.957,1.26654,1.26677,3.30,1.88
2013.01.14 20:53:32.977,1.26656,1.26677,1.73,1.13
2013.01.14 20:53:33.538,1.26655,1.26677,1.73,1.88
2013.01.14 20:53:35.021,1.26654,1.26673,2.55,1.13
2013.01.14 20:53:35.332,1.26652,1.2667,1.50,1.35
2013.01.14 20:53:35.867,1.26654,1.26674,1.50,1.73
2013.01.14 20:53:35.988,1.26654,1.26674,1.73,1.50
2013.01.14 20:53:37.807,1.26655,1.26678,1.73,2.25
2013.01.14 20:53:40.980,1.26653,1.26675,2.10,1.73
2013.01.14 20:53:41.488,1.26653,1.26674,2.10,1.50
2013.01.14 20:53:42.663,1.26653,1.26674,2.48,1.50
2013.01.14 20:53:43.227,1.26653,1.26674,2.10,1.50
2013.01.14 20:53:43.587,1.26652,1.26675,2.10,2.48
2013.01.14 20:53:44.337,1.26652,1.2667,1.35,1.50
2013.01.14 20:53:44.637,1.26652,1.26672,2.10,1.50
2013.01.14 20:53:45.177,1.26652,1.26672,2.10,1.50
2013.01.14 20:53:45.298,1.26652,1.26672,1.73,1.50
2013.01.14 20:53:45.547,1.2665,1.26669,1.13,1.50
2013.01.14 20:53:45.977,1.26647,1.2667,4.39,2.25
2013.01.14 20:53:49.198,1.26647,1.26669,3.08,1.50
2013.01.14 20:53:50.257,1.26647,1.26668,1.73,1.50
2013.01.14 20:53:51.247,1.26647,1.26668,2.48,1.50
2013.01.14 20:53:51.306,1.26647,1.26669,2.48,1.50
2013.01.14 20:53:51.816,1.26647,1.26669,1.73,1.73
2013.01.14 20:53:52.606,1.26647,1.2667,1.73,2.48
2013.01.14 20:53:53.337,1.26647,1.26669,2.48,1.73
2013.01.14 20:53:53.888,1.26648,1.26669,1.35,2.25
2013.01.14 20:53:54.067,1.26652,1.26672,2.10,1.35
2013.01.14 20:53:54.308,1.26653,1.26672,1.35,1.50
2013.01.14 20:53:54.917,1.26654,1.26674,1.73,1.50
2013.01.14 20:53:56.741,1.26654,1.26674,1.73,1.50
2013.01.14 20:53:57.118,1.26651,1.26674,1.73,2.48
2013.01.14 20:53:58.027,1.26651,1.26672,2.48,1.50
2013.01.14 20:53:58.326,1.26653,1.26674,1.88,1.73
2013.01.14 20:54:00.657,1.26651,1.26674,1.73,1.73
2013.01.14 20:54:00.956,1.2665,1.26674,2.48,2.48
2013.01.14 20:54:01.017,1.2665,1.26674,1.73,3.23
2013.01.14 20:54:01.318,1.26649,1.26671,1.73,3.00
2013.01.14 20:54:01.620,1.26649,1.26671,1.35,2.25
2013.01.14 20:54:01.988,1.2665,1.26671,1.73,1.50
2013.01.14 20:54:02.117,1.2665,1.26671,1.73,1.73
2013.01.14 20:54:02.380,1.2665,1.26671,1.73,2.48
2013.01.14 20:54:06.947,1.2665,1.26672,1.73,1.73
2013.01.14 20:54:07.541,1.26649,1.26672,1.73,1.73
2013.01.14 20:54:09.191,1.26651,1.26673,2.25,2.25
2013.01.14 20:54:09.258,1.26651,1.26673,2.48,2.25
2013.01.14 20:54:09.766,1.26653,1.26675,1.73,1.50
2013.01.14 20:54:10.556,1.26654,1.26677,2.48,1.73
2013.01.14 20:54:11.106,1.26656,1.26677,1.13,1.73
2013.01.14 20:54:11.783,1.26656,1.26677,1.13,1.73
2013.01.14 20:54:12.107,1.26659,1.26681,1.13,2.48
2013.01.14 20:54:12.407,1.26659,1.26681,1.35,3.23
2013.01.14 20:54:12.962,1.26661,1.26681,1.13,1.73
2013.01.14 20:54:17.714,1.2666,1.26681,1.13,1.73
2013.01.14 20:54:18.287,1.2666,1.26681,1.13,1.73
2013.01.14 20:54:19.179,1.2666,1.26681,1.88,1.73
2013.01.14 20:54:20.007,1.26661,1.2668,1.13,1.50
2013.01.14 20:54:21.788,1.26661,1.2668,1.88,1.50
2013.01.14 20:54:22.326,1.26661,1.26681,1.88,1.73
2013.01.14 20:54:22.448,1.26661,1.26682,1.88,3.23
2013.01.14 20:54:24.686,1.26661,1.2668,1.13,1.50
2013.01.14 20:54:25.441,1.26661,1.2668,1.88,1.50
2013.01.14 20:54:25.777,1.26663,1.26681,1.73,1.73
2013.01.14 20:54:31.957,1.26663,1.26681,1.20,1.50
2013.01.14 20:54:32.509,1.26664,1.2668,1.35,1.50
2013.01.14 20:54:32.960,1.26664,1.26678,1.35,1.50
2013.01.14 20:54:33.261,1.26665,1.26681,1.35,2.25
2013.01.14 20:54:33.507,1.26665,1.26683,1.35,3.00
2013.01.14 20:54:34.173,1.26664,1.26683,2.10,3.00
2013.01.14 20:54:36.908,1.26664,1.26682,1.35,2.25
2013.01.14 20:54:37.100,1.26664,1.2668,1.35,2.25
2013.01.14 20:54:44.788,1.26664,1.26684,1.35,2.25
2013.01.14 20:54:45.318,1.26665,1.26685,1.35,2.25
2013.01.14 20:54:45.819,1.26666,1.26686,1.50,3.23
2013.01.14 20:54:47.397,1.26664,1.26684,3.23,1.88
2013.01.14 20:54:47.698,1.26659,1.26672,2.25,1.13
2013.01.14 20:54:47.758,1.26657,1.26672,1.50,1.13
2013.01.14 20:54:47.996,1.26654,1.26675,1.50,1.35
2013.01.14 20:54:48.597,1.26653,1.26673,1.50,1.13
2013.01.14 20:54:50.208,1.26653,1.26673,1.50,1.88
2013.01.14 20:54:50.749,1.26653,1.26673,3.00,1.13
2013.01.14 20:54:51.494,1.26655,1.26675,1.88,1.50
2013.01.14 20:54:52.766,1.26655,1.26674,1.88,1.50
2013.01.14 20:54:54.646,1.26654,1.26674,1.50,1.50
2013.01.14 20:54:54.767,1.26652,1.26674,1.50,2.37
2013.01.14 20:55:04.556,1.26652,1.26674,2.10,1.73
2013.01.14 20:55:05.286,1.26652,1.26674,1.35,1.73
2013.01.14 20:55:19.907,1.26651,1.26672,2.25,1.30
2013.01.14 20:55:37.381,1.2665,1.26673,1.50,3.08
2013.01.14 20:55:39.879,1.2665,1.26673,1.50,2.40
2013.01.14 20:55:44.077,1.2665,1.26672,1.88,1.73
2013.01.14 20:55:44.617,1.26651,1.26673,1.50,3.30
2013.01.14 20:55:45.126,1.2665,1.26672,2.63,2.48
2013.01.14 20:55:48.647,1.2665,1.26671,1.88,1.73
2013.01.14 20:55:51.507,1.2665,1.26671,1.50,1.73
2013.01.14 20:55:52.038,1.26649,1.26672,1.88,3.51
2013.01.14 20:55:52.990,1.26649,1.26672,1.88,3.51
2013.01.14 20:55:56.477,1.2665,1.26672,1.50,2.48
2013.01.14 20:56:08.080,1.26649,1.26667,1.50,1.92
2013.01.14 20:56:08.388,1.26646,1.26665,1.88,1.73
2013.01.14 20:56:08.507,1.26643,1.26665,2.63,1.73
2013.01.14 20:56:09.047,1.26644,1.26665,1.50,1.50
2013.01.14 20:56:12.899,1.26645,1.26666,1.50,1.58
2013.01.14 20:56:13.890,1.26644,1.26666,1.13,1.58
2013.01.14 20:56:17.719,1.26643,1.26666,1.50,1.80
2013.01.14 20:56:19.948,1.26644,1.26667,1.50,1.80
2013.01.14 20:56:20.524,1.26644,1.26667,2.10,1.75
2013.01.14 20:56:21.027,1.26644,1.26667,2.10,1.58
2013.01.14 20:56:21.920,1.26644,1.26666,1.35,1.50
2013.01.14 20:56:22.466,1.26644,1.26667,1.35,2.50
2013.01.14 20:56:23.867,1.26644,1.26664,1.35,1.88
2013.01.14 20:56:24.289,1.26641,1.26658,1.20,1.50
2013.01.14 20:56:24.407,1.26641,1.26658,1.20,2.25
2013.01.14 20:56:24.927,1.26637,1.26658,1.35,2.42
2013.01.14 20:56:29.015,1.26636,1.26657,1.35,1.04
2013.01.14 20:56:30.539,1.26637,1.2666,2.10,2.33
2013.01.14 20:56:30.848,1.26639,1.2666,1.13,2.25
2013.01.14 20:56:30.908,1.26639,1.2666,1.13,2.25
2013.01.14 20:56:31.409,1.2664,1.26662,1.50,2.25
2013.01.14 20:56:31.942,1.2664,1.26662,1.50,2.25
2013.01.14 20:56:32.465,1.2664,1.26662,1.50,2.25
2013.01.14 20:56:35.088,1.2664,1.26662,1.50,2.25
2013.01.14 20:56:35.627,1.26639,1.26662,2.25,3.00
2013.01.14 20:56:39.137,1.2664,1.2666,1.13,1.32
2013.01.14 20:56:39.257,1.2664,1.2666,1.13,1.54
2013.01.14 20:56:40.270,1.26636,1.26657,2.63,2.48
2013.01.14 20:56:40.646,1.26636,1.26658,1.50,2.48
2013.01.14 20:56:41.304,1.26639,1.26658,1.13,1.73
2013.01.14 20:56:48.378,1.2664,1.26661,1.88,2.48
2013.01.14 20:56:48.557,1.26643,1.26662,1.50,2.25
2013.01.14 20:56:48.617,1.26643,1.26663,1.50,1.54
2013.01.14 20:56:48.737,1.26643,1.26663,1.13,1.73
2013.01.14 20:56:49.038,1.26641,1.26659,1.13,1.73
2013.01.14 20:56:55.287,1.26638,1.2666,2.63,1.54
2013.01.14 20:56:58.437,1.26639,1.26659,1.13,2.29
2013.01.14 20:56:58.500,1.26639,1.26659,3.23,2.29
2013.01.14 20:56:58.868,1.26643,1.26662,1.13,1.73
2013.01.14 20:56:58.928,1.26643,1.26663,1.13,1.50
2013.01.14 20:56:59.409,1.26644,1.26666,1.13,1.80
2013.01.14 20:57:00.807,1.26644,1.26666,1.13,2.55
2013.01.14 20:57:01.310,1.26645,1.26666,1.13,2.55
2013.01.14 20:57:02.187,1.26644,1.26666,1.13,1.73
2013.01.14 20:57:15.317,1.26645,1.26666,1.13,1.73
2013.01.14 20:57:15.377,1.26645,1.26666,1.13,1.73
2013.01.14 20:57:15.557,1.26645,1.26666,3.75,1.50
2013.01.14 20:57:15.797,1.26648,1.26669,2.63,1.73
2013.01.14 20:57:16.626,1.26648,1.2667,1.88,1.54
2013.01.14 20:57:17.129,1.26648,1.26671,2.63,2.29
2013.01.14 20:57:17.666,1.26648,1.26671,2.63,2.29
2013.01.14 20:57:18.294,1.26648,1.26671,2.63,2.29
2013.01.14 20:57:19.107,1.26648,1.26671,2.63,3.04
2013.01.14 20:57:19.347,1.26649,1.26671,2.25,3.04
2013.01.14 20:57:19.990,1.2665,1.26671,2.25,1.73
2013.01.14 20:57:20.119,1.26655,1.26674,2.25,2.07
2013.01.14 20:57:20.237,1.26654,1.26674,1.50,1.54
2013.01.14 20:57:20.417,1.26654,1.26675,1.13,1.73
2013.01.14 20:57:22.157,1.26653,1.26675,1.13,2.55
2013.01.14 20:57:22.570,1.26655,1.26676,1.13,1.54
2013.01.14 20:57:22.759,1.26658,1.26677,1.13,1.54
2013.01.14 20:57:23.268,1.26658,1.26677,1.88,1.32
2013.01.14 20:57:23.797,1.26658,1.26676,1.13,1.32
2013.01.14 20:57:24.097,1.26658,1.2668,1.13,1.73
2013.01.14 20:57:24.707,1.26658,1.26678,1.13,1.50
2013.01.14 20:57:25.248,1.26658,1.26679,1.88,1.73
2013.01.14 20:57:25.369,1.26658,1.26683,1.88,3.79
2013.01.14 20:57:25.729,1.26662,1.26681,1.50,1.73
2013.01.14 20:57:25.847,1.26664,1.26681,1.13,1.50
2013.01.14 20:57:26.540,1.26664,1.26681,1.13,1.54
2013.01.14 20:57:26.727,1.26658,1.26681,1.13,2.29
2013.01.14 20:57:26.787,1.26658,1.2668,1.13,1.73
2013.01.14 20:57:27.094,1.26657,1.26679,1.13,1.73
2013.01.14 20:57:27.517,1.26657,1.26675,1.88,2.29
2013.01.14 20:57:27.945,1.26653,1.26674,1.13,2.48
2013.01.14 20:57:28.067,1.26653,1.26674,1.13,3.23
2013.01.14 20:57:28.787,1.26652,1.26673,1.88,1.73
2013.01.14 20:57:29.217,1.26655,1.26674,1.50,1.32
2013.01.14 20:57:29.747,1.26655,1.26674,1.50,1.32
2013.01.14 20:57:30.496,1.26656,1.26674,1.13,1.32
2013.01.14 20:57:31.030,1.26655,1.26674,2.25,1.32
2013.01.14 20:57:31.646,1.26655,1.26677,3.75,1.73
2013.01.14 20:57:32.180,1.26655,1.26678,3.75,2.48
2013.01.14 20:57:33.137,1.26655,1.26678,3.00,1.73
2013.01.14 20:57:33.258,1.26657,1.26679,2.10,1.73
2013.01.14 20:57:33.437,1.2666,1.26681,1.50,1.50
2013.01.14 20:57:33.679,1.26661,1.26685,2.25,4.58
2013.01.14 20:57:33.918,1.26663,1.26685,3.30,1.50
2013.01.14 20:57:34.099,1.26664,1.26687,3.00,1.54
2013.01.14 20:57:34.217,1.26665,1.26688,1.50,2.29
2013.01.14 20:57:34.457,1.26665,1.26683,1.50,1.50
2013.01.14 20:57:34.758,1.26661,1.26681,2.48,1.50
2013.01.14 20:57:34.817,1.26661,1.26682,2.48,1.50
2013.01.14 20:57:35.368,1.26661,1.26681,1.73,1.50
2013.01.14 20:57:37.708,1.26658,1.26681,2.22,1.50
2013.01.14 20:57:37.890,1.26658,1.2668,1.32,1.73
2013.01.14 20:57:38.078,1.26656,1.26679,1.54,1.73
2013.01.14 20:57:38.617,1.26657,1.26679,1.32,1.73
2013.01.14 20:57:39.320,1.26657,1.26678,2.25,1.73
2013.01.14 20:57:39.997,1.26657,1.26678,2.25,1.73
2013.01.14 20:57:42.618,1.26657,1.26678,1.50,1.73
2013.01.14 20:57:46.591,1.26657,1.26678,1.50,1.73
2013.01.14 20:57:46.863,1.26655,1.26677,3.75,1.73
2013.01.14 20:57:47.377,1.26655,1.26677,1.50,1.73
2013.01.14 20:57:47.897,1.26655,1.26677,2.25,1.73
2013.01.14 20:57:49.399,1.26655,1.26677,3.75,1.73
2013.01.14 20:57:49.939,1.26655,1.26677,2.25,1.90
2013.01.14 20:57:51.017,1.26655,1.26676,2.25,1.35
2013.01.14 20:57:51.858,1.26656,1.26676,1.50,1.35
2013.01.14 20:57:52.426,1.26655,1.26674,1.50,1.88
2013.01.14 20:57:53.107,1.26653,1.26674,1.50,2.63
2013.01.14 20:57:55.747,1.26653,1.26674,2.25,2.63
2013.01.14 20:57:56.060,1.26653,1.26673,2.25,1.50
2013.01.14 20:57:56.194,1.26653,1.26672,1.50,1.88
2013.01.14 20:57:56.708,1.26652,1.26672,1.73,2.91
2013.01.14 20:57:57.187,1.26652,1.26672,3.23,1.13
2013.01.14 20:57:57.247,1.26652,1.26674,3.23,1.13
2013.01.14 20:57:57.770,1.26651,1.26673,2.48,1.13
2013.01.14 20:57:58.317,1.26654,1.26675,2.48,2.67
2013.01.14 20:57:58.617,1.26657,1.26674,1.50,1.69
2013.01.14 20:57:58.678,1.26655,1.26673,1.13,1.69
2013.01.14 20:57:58.801,1.26652,1.2667,2.48,1.13
2013.01.14 20:57:59.347,1.26649,1.2667,2.25,2.10
2013.01.14 20:57:59.858,1.26649,1.26669,1.50,1.69
2013.01.14 20:57:59.916,1.26648,1.26667,2.25,1.32
2013.01.14 20:58:00.037,1.26648,1.26667,1.50,1.77
2013.01.14 20:58:00.648,1.26646,1.26666,1.50,1.73
2013.01.14 20:58:01.050,1.26646,1.26666,1.50,1.35
2013.01.14 20:58:01.236,1.26646,1.26667,1.50,2.29
2013.01.14 20:58:01.818,1.26644,1.26667,3.08,2.29
2013.01.14 20:58:05.057,1.26646,1.26669,1.50,3.83
2013.01.14 20:58:05.832,1.26645,1.26669,2.10,1.58
2013.01.14 20:58:06.568,1.26645,1.2667,2.93,1.80
2013.01.14 20:58:07.476,1.26645,1.26671,3.23,5.48
2013.01.14 20:58:08.006,1.26645,1.2667,3.23,3.23
2013.01.14 20:58:10.957,1.26647,1.2667,1.50,3.23
2013.01.14 20:58:11.387,1.26645,1.26668,3.30,1.50
2013.01.14 20:58:12.836,1.26645,1.26669,2.93,1.50
2013.01.14 20:58:13.397,1.26645,1.26668,2.93,1.50
2013.01.14 20:58:14.276,1.26647,1.26671,1.50,2.55
2013.01.14 20:58:18.376,1.26646,1.2667,1.50,1.73
2013.01.14 20:58:21.106,1.26648,1.2667,1.50,2.10
2013.01.14 20:58:22.426,1.26646,1.26669,2.25,1.13
2013.01.14 20:58:22.947,1.26648,1.26669,1.50,1.13
2013.01.14 20:58:23.456,1.26648,1.26671,1.50,2.48
2013.01.14 20:58:26.957,1.26648,1.26671,1.50,2.01
2013.01.14 20:58:27.464,1.26648,1.2667,1.50,1.95
2013.01.14 20:58:30.636,1.26648,1.2667,2.25,1.20
2013.01.14 20:58:31.629,1.26649,1.26669,1.50,1.13
2013.01.14 20:58:32.146,1.2665,1.2667,1.50,1.28
2013.01.14 20:58:32.816,1.26648,1.26671,1.50,1.28
2013.01.14 20:58:33.856,1.26646,1.2667,3.83,1.28
2013.01.14 20:58:34.061,1.26646,1.2667,3.83,1.28
2013.01.14 20:58:34.721,1.26646,1.2667,3.83,1.28
2013.01.14 20:58:35.246,1.26646,1.2667,3.83,1.28
2013.01.14 20:58:35.799,1.26646,1.2667,3.83,1.28
2013.01.14 20:58:42.862,1.26647,1.2667,1.50,1.73
2013.01.14 20:58:43.126,1.26647,1.2667,1.50,2.10
2013.01.14 20:58:43.306,1.26646,1.26668,1.50,1.50
2013.01.14 20:58:43.856,1.26645,1.26668,2.48,1.50
2013.01.14 20:58:44.469,1.26648,1.26669,1.50,1.88
2013.01.14 20:58:54.359,1.26647,1.26668,2.25,1.50
2013.01.14 20:58:54.896,1.26647,1.26668,1.50,1.50
2013.01.14 20:58:57.347,1.26647,1.26668,3.00,1.50
2013.01.14 20:58:58.437,1.26647,1.26668,3.00,1.50
2013.01.14 20:59:00.327,1.26648,1.26669,1.35,1.88
2013.01.14 20:59:01.668,1.26648,1.26668,0.60,0.75
2013.01.14 20:59:02.988,1.26647,1.26668,0.75,0.75
2013.01.14 20:59:06.307,1.26647,1.26669,2.10,1.04
2013.01.14 20:59:11.276,1.26646,1.26669,0.75,0.75
2013.01.14 20:59:12.406,1.26647,1.26668,0.75,0.75
2013.01.14 20:59:12.928,1.26648,1.26669,1.50,0.75
2013.01.14 20:59:13.437,1.26648,1.2667,1.50,0.23
2013.01.14 20:59:14.839,1.26648,1.26669,1.50,0.75
2013.01.14 20:59:15.136,1.26646,1.26668,1.43,0.75
2013.01.14 20:59:15.576,1.26648,1.26669,0.75,1.50
2013.01.14 20:59:16.077,1.26646,1.26668,0.60,0.75
2013.01.14 20:59:16.628,1.26647,1.26668,0.75,0.75
2013.01.14 20:59:17.206,1.26647,1.26666,0.75,0.75
2013.01.14 20:59:18.212,1.26645,1.26666,1.58,0.75
2013.01.14 20:59:19.098,1.26644,1.26665,0.75,0.75
2013.01.14 20:59:19.636,1.26643,1.26665,1.50,0.23
2013.01.14 20:59:21.442,1.26644,1.26665,0.75,0.98
2013.01.14 20:59:22.038,1.26643,1.26665,1.13,0.98
2013.01.14 20:59:22.337,1.26645,1.26666,0.75,0.75
2013.01.14 20:59:22.698,1.26643,1.26664,0.83,0.75
2013.01.14 20:59:23.057,1.26642,1.26659,0.38,0.23
2013.01.14 20:59:23.360,1.2664,1.26653,0.75,0.23
2013.01.14 20:59:23.878,1.26639,1.26649,0.38,0.57
2013.01.14 20:59:24.239,1.2663,1.26649,1.20,0.57
2013.01.14 20:59:24.356,1.26633,1.26649,0.75,0.57
2013.01.14 20:59:24.689,1.26631,1.26649,1.58,0.57
2013.01.14 20:59:24.947,1.26631,1.26652,1.50,0.23
2013.01.14 20:59:25.008,1.26634,1.26652,0.75,0.23
2013.01.14 20:59:25.546,1.26634,1.26651,0.75,0.75
2013.01.14 20:59:26.087,1.26635,1.26652,0.75,0.75
2013.01.14 20:59:26.389,1.2664,1.26655,1.50,0.75
2013.01.14 20:59:26.628,1.26639,1.2666,1.50,1.50
2013.01.14 20:59:26.748,1.26641,1.2666,0.75,1.50
2013.01.14 20:59:27.106,1.26641,1.26658,0.75,0.75
2013.01.14 20:59:27.167,1.26641,1.2666,0.75,1.50
2013.01.14 20:59:28.613,1.26641,1.26661,0.75,1.50
2013.01.14 20:59:28.916,1.26637,1.2666,0.75,0.75
2013.01.14 20:59:29.396,1.26639,1.2666,0.75,0.75
2013.01.14 20:59:30.189,1.26638,1.26661,0.75,1.50
2013.01.14 20:59:30.547,1.26642,1.26661,0.60,0.75
2013.01.14 20:59:30.726,1.26642,1.26663,1.35,1.50
2013.01.14 20:59:30.787,1.26642,1.2666,1.35,0.75
2013.01.14 20:59:31.206,1.26642,1.26662,0.60,1.50
2013.01.14 20:59:31.266,1.26639,1.26662,0.98,1.50
2013.01.14 20:59:31.389,1.26638,1.2666,1.02,0.23
2013.01.14 20:59:31.897,1.2664,1.2666,0.75,0.23
2013.01.14 20:59:32.883,1.2664,1.26661,0.75,1.50
2013.01.14 20:59:33.007,1.26638,1.26661,0.75,1.50
2013.01.14 20:59:33.130,1.26638,1.26659,0.75,0.75
2013.01.14 20:59:33.667,1.26639,1.2666,0.75,0.83
2013.01.14 20:59:35.221,1.26639,1.26662,0.75,1.58
2013.01.14 20:59:36.887,1.26641,1.26663,0.75,1.32
2013.01.14 20:59:37.860,1.26642,1.26663,0.75,2.07
2013.01.14 20:59:38.283,1.26641,1.26661,0.75,0.75
2013.01.14 20:59:38.910,1.2664,1.2666,0.75,0.75
2013.01.14 20:59:39.568,1.26639,1.2666,0.75,0.75
2013.01.14 20:59:41.008,1.26639,1.26657,0.75,0.75
2013.01.14 20:59:41.497,1.26637,1.26657,0.75,0.75
2013.01.14 20:59:41.557,1.26637,1.2666,0.75,0.75
2013.01.14 20:59:41.809,1.2664,1.26661,0.75,0.75
2013.01.14 20:59:42.246,1.2664,1.26663,0.75,2.07
2013.01.14 20:59:42.587,1.2664,1.26661,0.75,0.75
2013.01.14 20:59:43.067,1.2664,1.26663,0.75,0.75
2013.01.14 20:59:43.308,1.26642,1.26662,0.75,0.83
2013.01.14 20:59:43.668,1.26637,1.26642,0.75,0.57
2013.01.14 20:59:43.788,1.26634,1.26641,0.75,0.57
2013.01.14 20:59:43.849,1.26628,1.26641,1.50,0.57
2013.01.14 20:59:44.088,1.26624,1.26641,0.75,0.57
2013.01.14 20:59:44.296,1.26621,1.26641,0.75,0.57
2013.01.14 20:59:44.828,1.2662,1.26641,0.75,0.57
2013.01.14 20:59:45.348,1.26619,1.26641,0.75,0.57
2013.01.14 20:59:45.899,1.2662,1.26641,0.75,0.57
2013.01.14 20:59:46.511,1.26619,1.26641,0.75,1.32
2013.01.14 20:59:47.058,1.26619,1.26638,0.75,0.75
2013.01.14 20:59:47.586,1.26618,1.26638,0.75,0.75
2013.01.14 20:59:47.646,1.26616,1.26638,0.75,0.75
2013.01.14 20:59:48.197,1.26616,1.26637,0.75,0.75
2013.01.14 20:59:49.352,1.26616,1.26638,0.75,0.75
2013.01.14 20:59:49.907,1.26616,1.26637,0.75,0.75
2013.01.14 20:59:50.407,1.26617,1.26633,0.75,0.60
2013.01.14 20:59:50.706,1.26613,1.26633,0.75,0.60
2013.01.14 20:59:51.136,1.26611,1.26633,0.75,1.35
2013.01.14 20:59:52.536,1.2661,1.26633,1.88,2.10
2013.01.14 20:59:52.596,1.26612,1.26633,0.75,2.10
2013.01.14 20:59:53.146,1.26611,1.26632,0.38,0.75
2013.01.14 20:59:54.206,1.26611,1.26633,0.38,2.10
2013.01.14 20:59:55.556,1.26613,1.26633,0.75,0.75
2013.01.14 20:59:55.857,1.26612,1.26631,0.75,0.75
2013.01.14 20:59:56.217,1.2661,1.26631,0.38,0.83
2013.01.14 20:59:56.646,1.2661,1.26633,1.13,1.54
2013.01.14 20:59:57.087,1.26612,1.26633,0.75,1.54
2013.01.14 20:59:57.398,1.26611,1.2663,0.75,0.57
2013.01.14 20:59:58.400,1.26611,1.26631,0.75,0.57
2013.01.14 20:59:58.938,1.26611,1.26626,0.75,0.57
2013.01.14 20:59:59.057,1.26611,1.26628,0.75,1.54
2013.01.14 20:59:59.297,1.26609,1.26627,0.38,1.50
2013.01.14 20:59:59.478,1.2661,1.2663,0.75,0.75
2013.01.14 20:59:59.601,1.2661,1.2663,0.75,0.83
2013.01.14 20:59:59.728,1.26611,1.2663,0.38,0.75
2013.01.14 20:59:59.847,1.26611,1.26632,0.38,0.57
