2008.04.15 12:00:00.254,1.71255,1.71295,0.30,0.10
2008.04.15 12:00:00.487,1.71255,1.71295,0.30,0.10
2008.04.15 12:00:00.760,1.71255,1.71295,0.30,0.10
2008.04.15 12:00:01.008,1.7126,1.713,0.30,0.40
2008.04.15 12:00:01.237,1.7126,1.713,0.30,0.10
2008.04.15 12:00:01.562,1.71255,1.71295,0.30,0.10
2008.04.15 12:00:01.909,1.71255,1.71295,0.40,0.10
2008.04.15 12:00:02.234,1.7126,1.713,0.30,0.10
2008.04.15 12:00:02.468,1.7126,1.713,0.30,0.40
2008.04.15 12:00:02.702,1.7126,1.713,0.30,0.40
2008.04.15 12:00:02.971,1.7126,1.713,0.30,0.40
2008.04.15 12:00:03.418,1.7126,1.713,0.30,0.40
2008.04.15 12:00:03.663,1.71265,1.713,0.30,0.30
2008.04.15 12:00:04.032,1.71265,1.71305,0.30,0.30
2008.04.15 12:00:09.422,1.71265,1.71305,0.30,0.30
2008.04.15 12:00:09.630,1.71265,1.713,0.30,0.30
2008.04.15 12:00:09.840,1.71255,1.713,0.30,0.40
2008.04.15 12:00:10.049,1.71255,1.713,0.30,0.10
2008.04.15 12:00:10.260,1.71255,1.713,0.30,0.10
2008.04.15 12:00:12.985,1.71255,1.713,0.30,0.10
2008.04.15 12:00:13.231,1.71255,1.713,0.30,0.40
2008.04.15 12:00:13.475,1.71265,1.7131,0.30,0.40
2008.04.15 12:00:13.710,1.71265,1.7131,0.30,1.90
2008.04.15 12:00:14.922,1.7125,1.7129,0.30,0.10
2008.04.15 12:00:15.182,1.7125,1.7128,0.20,0.30
2008.04.15 12:00:16.075,1.7125,1.7128,0.20,0.30
2008.04.15 12:00:16.325,1.7125,1.7128,0.20,0.30
2008.04.15 12:00:20.119,1.7125,1.7128,0.20,0.30
2008.04.15 12:00:20.648,1.7125,1.7128,0.20,0.30
2008.04.15 12:00:21.568,1.7125,1.7128,0.20,0.30
2008.04.15 12:00:21.837,1.7125,1.7128,0.20,0.30
2008.04.15 12:00:23.386,1.7125,1.7128,0.20,0.30
2008.04.15 12:00:23.644,1.7125,1.7128,0.20,0.40
2008.04.15 12:00:23.881,1.7125,1.7128,0.20,0.40
2008.04.15 12:00:24.116,1.71235,1.7128,0.40,0.40
2008.04.15 12:00:24.349,1.71235,1.7128,0.40,0.40
2008.04.15 12:00:25.472,1.71235,1.7128,0.40,0.40
2008.04.15 12:00:25.717,1.7125,1.7128,0.10,0.30
2008.04.15 12:00:25.950,1.71245,1.71275,0.10,0.10
2008.04.15 12:00:26.192,1.7124,1.7127,0.30,0.30
2008.04.15 12:00:26.447,1.7124,1.7127,0.60,0.30
2008.04.15 12:00:26.700,1.71245,1.71285,0.10,0.10
2008.04.15 12:00:26.955,1.71245,1.71285,0.10,0.10
2008.04.15 12:00:29.438,1.71245,1.71285,0.10,0.10
2008.04.15 12:00:29.688,1.7124,1.7128,0.20,0.40
2008.04.15 12:00:31.901,1.7124,1.7127,0.20,0.10
2008.04.15 12:00:32.087,1.7124,1.7126,0.20,0.30
2008.04.15 12:00:32.285,1.7124,1.7126,0.20,0.30
2008.04.15 12:00:32.638,1.7124,1.7126,0.20,0.30
2008.04.15 12:00:36.338,1.7124,1.7126,0.20,0.30
2008.04.15 12:00:36.547,1.7124,1.7128,0.20,1.10
2008.04.15 12:00:36.758,1.7124,1.7128,0.20,0.40
2008.04.15 12:00:37.015,1.7124,1.7128,0.20,0.40
2008.04.15 12:00:38.250,1.7124,1.71275,0.20,0.10
2008.04.15 12:00:38.477,1.7124,1.71275,0.20,0.10
2008.04.15 12:00:38.716,1.7123,1.71275,0.60,0.10
2008.04.15 12:00:41.694,1.7123,1.71275,0.60,0.10
2008.04.15 12:00:41.941,1.7123,1.7127,0.50,0.30
2008.04.15 12:00:42.215,1.7123,1.7127,0.50,0.30
2008.04.15 12:00:42.448,1.7123,1.7127,0.60,0.30
2008.04.15 12:00:43.199,1.7123,1.7127,0.60,0.30
2008.04.15 12:00:43.449,1.7123,1.7127,0.50,0.30
2008.04.15 12:00:43.699,1.7123,1.71275,0.50,0.10
2008.04.15 12:00:43.968,1.7123,1.71265,0.20,0.10
2008.04.15 12:00:44.195,1.71225,1.7126,0.30,0.30
2008.04.15 12:00:44.423,1.71225,1.7126,0.30,0.30
2008.04.15 12:00:44.749,1.7122,1.7126,0.20,0.40
2008.04.15 12:00:45.384,1.7122,1.7126,0.20,0.40
2008.04.15 12:00:45.593,1.7122,1.7126,0.50,0.60
2008.04.15 12:00:45.801,1.7122,1.71265,0.50,0.40
2008.04.15 12:00:46.011,1.71225,1.7126,0.30,0.30
2008.04.15 12:00:46.222,1.71225,1.7126,0.30,0.30
2008.04.15 12:00:46.440,1.71225,1.7126,0.30,0.30
2008.04.15 12:00:46.715,1.712,1.7123,0.20,0.60
2008.04.15 12:00:46.989,1.712,1.7123,0.20,0.60
2008.04.15 12:00:51.190,1.712,1.7123,0.20,0.30
2008.04.15 12:00:52.224,1.712,1.7123,0.20,0.30
2008.04.15 12:00:52.467,1.712,1.71225,0.20,0.10
2008.04.15 12:00:52.700,1.712,1.7123,0.20,0.30
2008.04.15 12:00:53.130,1.712,1.7123,0.20,0.30
2008.04.15 12:00:53.659,1.712,1.7123,0.20,0.30
2008.04.15 12:00:53.935,1.712,1.7122,0.20,0.30
2008.04.15 12:00:54.209,1.7119,1.7121,0.20,0.30
2008.04.15 12:00:54.483,1.7119,1.7121,0.20,0.30
2008.04.15 12:00:54.715,1.7119,1.7121,0.20,0.30
2008.04.15 12:00:57.679,1.7119,1.7121,0.20,0.30
2008.04.15 12:00:57.943,1.7119,1.7121,0.20,0.30
2008.04.15 12:00:58.727,1.7119,1.7121,0.20,0.30
2008.04.15 12:00:59.013,1.7119,1.7121,0.20,0.30
2008.04.15 12:00:59.468,1.7119,1.7121,0.20,0.30
2008.04.15 12:01:00.207,1.7119,1.7121,0.20,0.30
2008.04.15 12:01:00.442,1.712,1.7123,0.20,0.30
2008.04.15 12:01:00.675,1.712,1.7123,0.20,0.30
2008.04.15 12:01:00.999,1.712,1.7123,0.20,0.30
2008.04.15 12:01:01.414,1.712,1.7123,0.20,0.30
2008.04.15 12:01:01.659,1.7119,1.7121,0.50,0.30
2008.04.15 12:01:01.904,1.712,1.71225,0.20,0.10
2008.04.15 12:01:02.150,1.7119,1.7121,0.20,0.30
2008.04.15 12:01:02.568,1.7119,1.7121,0.20,0.30
2008.04.15 12:01:03.564,1.7119,1.7121,0.20,0.30
2008.04.15 12:01:04.696,1.7119,1.7121,0.20,0.30
2008.04.15 12:01:04.931,1.7119,1.7121,0.20,0.30
2008.04.15 12:01:05.967,1.7119,1.7121,0.20,0.30
2008.04.15 12:01:06.192,1.7118,1.71225,0.40,0.10
2008.04.15 12:01:06.406,1.71185,1.7123,0.30,0.10
2008.04.15 12:01:06.623,1.71205,1.7124,0.30,0.30
2008.04.15 12:01:06.918,1.71205,1.71245,0.30,0.10
2008.04.15 12:01:07.658,1.71205,1.71245,0.30,0.10
2008.04.15 12:01:07.902,1.71205,1.71245,0.30,0.40
2008.04.15 12:01:09.047,1.71205,1.7125,0.30,0.40
2008.04.15 12:01:09.464,1.71205,1.7125,0.30,0.40
2008.04.15 12:01:09.688,1.7119,1.7122,0.30,0.30
2008.04.15 12:01:09.951,1.7119,1.7122,0.30,0.30
2008.04.15 12:01:10.219,1.71215,1.7124,0.30,0.30
2008.04.15 12:01:10.494,1.71215,1.7124,0.30,0.30
2008.04.15 12:01:10.735,1.71215,1.7124,0.30,0.30
2008.04.15 12:01:11.009,1.7121,1.7124,0.50,0.30
2008.04.15 12:01:11.283,1.7121,1.7125,0.30,1.10
2008.04.15 12:01:11.558,1.7121,1.7125,0.30,1.10
2008.04.15 12:01:11.832,1.7121,1.7125,0.50,1.10
2008.04.15 12:01:12.117,1.71215,1.7125,0.30,0.30
2008.04.15 12:01:12.436,1.71215,1.7125,0.30,0.30
2008.04.15 12:01:12.720,1.7123,1.7125,0.20,0.30
2008.04.15 12:01:13.031,1.7123,1.7125,0.20,0.30
2008.04.15 12:01:14.601,1.7123,1.7125,0.20,0.30
2008.04.15 12:01:14.915,1.7123,1.7125,0.20,0.30
2008.04.15 12:01:15.140,1.7123,1.71265,0.50,0.30
2008.04.15 12:01:15.364,1.7123,1.7127,0.50,0.30
2008.04.15 12:01:15.913,1.7125,1.7127,0.30,0.30
2008.04.15 12:01:16.208,1.7125,1.7129,0.50,0.60
2008.04.15 12:01:16.720,1.7125,1.7129,0.50,0.60
2008.04.15 12:01:17.016,1.71255,1.7129,0.30,0.60
2008.04.15 12:01:17.277,1.71255,1.7129,0.30,0.30
2008.04.15 12:01:17.653,1.71255,1.7129,0.30,0.30
2008.04.15 12:01:17.907,1.71255,1.7129,0.30,0.30
2008.04.15 12:01:18.127,1.7125,1.7129,0.20,0.50
2008.04.15 12:01:18.346,1.7125,1.7129,0.20,0.50
2008.04.15 12:01:18.583,1.7125,1.7129,0.20,0.50
2008.04.15 12:01:20.455,1.7125,1.7129,0.20,0.50
2008.04.15 12:01:20.632,1.7125,1.7127,0.20,0.30
2008.04.15 12:01:21.997,1.7125,1.7127,0.20,0.30
2008.04.15 12:01:22.186,1.7125,1.7127,0.20,0.30
2008.04.15 12:01:22.432,1.7125,1.7127,0.20,0.30
2008.04.15 12:01:22.621,1.7125,1.7127,0.20,0.30
2008.04.15 12:01:22.906,1.7125,1.7127,0.20,0.30
2008.04.15 12:01:23.095,1.7125,1.7127,0.20,0.30
2008.04.15 12:01:23.399,1.7125,1.7127,0.20,0.30
2008.04.15 12:01:24.483,1.7125,1.7127,0.20,0.30
2008.04.15 12:01:24.969,1.7125,1.7127,0.20,0.30
2008.04.15 12:01:29.473,1.7125,1.7127,0.20,0.30
2008.04.15 12:01:30.460,1.7125,1.7127,0.20,0.30
2008.04.15 12:01:30.910,1.7125,1.7127,0.20,0.30
2008.04.15 12:01:31.194,1.7125,1.7127,0.20,0.30
2008.04.15 12:01:31.418,1.7123,1.7126,0.20,0.30
2008.04.15 12:01:31.955,1.7123,1.7126,0.20,0.30
2008.04.15 12:01:32.198,1.7123,1.7126,0.20,0.30
2008.04.15 12:01:32.467,1.7123,1.7125,0.20,0.30
2008.04.15 12:01:32.738,1.7123,1.7125,0.20,0.30
2008.04.15 12:01:33.025,1.7123,1.7125,0.20,0.30
2008.04.15 12:01:33.318,1.7123,1.7125,0.20,0.30
2008.04.15 12:01:33.602,1.7123,1.7125,0.20,0.30
2008.04.15 12:01:34.050,1.7124,1.7127,0.20,1.10
2008.04.15 12:01:34.288,1.7124,1.7128,0.50,0.30
2008.04.15 12:01:34.563,1.71245,1.7128,0.30,0.30
2008.04.15 12:01:34.862,1.7126,1.7128,0.20,0.30
2008.04.15 12:01:35.131,1.71245,1.7128,0.40,0.30
2008.04.15 12:01:35.388,1.71245,1.7128,0.40,0.30
2008.04.15 12:01:35.644,1.7126,1.7128,0.20,0.30
2008.04.15 12:01:35.900,1.7126,1.7128,0.20,0.30
2008.04.15 12:01:36.157,1.7124,1.7128,0.50,0.30
2008.04.15 12:01:36.454,1.7124,1.7128,0.50,0.30
2008.04.15 12:01:36.765,1.7125,1.7128,0.50,0.30
2008.04.15 12:01:37.141,1.7125,1.7128,0.50,0.30
2008.04.15 12:01:38.106,1.7125,1.7128,0.50,0.30
2008.04.15 12:01:38.371,1.7124,1.7128,0.50,0.30
2008.04.15 12:01:38.678,1.7124,1.7128,0.50,0.30
2008.04.15 12:01:39.576,1.7124,1.7128,0.50,0.30
2008.04.15 12:01:39.819,1.7124,1.7128,0.60,0.30
2008.04.15 12:01:40.051,1.71245,1.7128,0.30,0.30
2008.04.15 12:01:41.387,1.71245,1.7128,0.30,0.30
2008.04.15 12:01:41.598,1.71245,1.7128,0.30,0.30
2008.04.15 12:01:41.808,1.7126,1.7128,0.20,0.30
2008.04.15 12:01:42.138,1.7126,1.7128,0.20,0.30
2008.04.15 12:01:42.347,1.7126,1.7128,0.20,0.30
2008.04.15 12:01:42.647,1.7126,1.7128,0.20,0.40
2008.04.15 12:01:42.946,1.71235,1.7127,0.30,0.30
2008.04.15 12:01:43.246,1.71235,1.7128,0.30,0.10
2008.04.15 12:01:43.565,1.71235,1.7128,0.30,1.10
2008.04.15 12:01:43.824,1.71235,1.7127,0.30,0.30
2008.04.15 12:01:44.083,1.71235,1.7128,0.30,1.10
2008.04.15 12:01:44.342,1.71235,1.7128,0.30,0.10
2008.04.15 12:01:44.627,1.71235,1.7128,0.30,0.10
2008.04.15 12:01:44.846,1.71235,1.7127,0.30,0.30
2008.04.15 12:01:45.100,1.71235,1.7128,0.30,1.10
2008.04.15 12:01:45.319,1.71235,1.7128,0.30,0.10
2008.04.15 12:01:45.976,1.71245,1.71285,0.30,0.30
2008.04.15 12:01:46.275,1.71245,1.71285,0.30,0.30
2008.04.15 12:01:47.499,1.71245,1.71285,0.30,0.30
2008.04.15 12:01:47.753,1.71255,1.7129,0.30,0.30
2008.04.15 12:01:47.992,1.71255,1.7129,0.30,0.30
2008.04.15 12:01:48.232,1.71255,1.7129,0.30,0.30
2008.04.15 12:01:50.569,1.7127,1.7129,0.20,0.30
2008.04.15 12:01:50.835,1.7127,1.7129,0.20,0.30
2008.04.15 12:01:51.099,1.7127,1.7129,0.20,0.30
2008.04.15 12:01:52.417,1.7127,1.7129,0.20,0.30
2008.04.15 12:01:52.622,1.7127,1.7129,0.20,0.30
2008.04.15 12:01:52.827,1.7125,1.7129,0.50,0.30
2008.04.15 12:01:53.031,1.7125,1.7129,0.20,0.40
2008.04.15 12:01:53.247,1.71245,1.7128,0.30,0.30
2008.04.15 12:01:53.475,1.7124,1.7128,0.60,0.30
2008.04.15 12:01:53.792,1.71245,1.7128,0.30,0.30
2008.04.15 12:01:54.112,1.71245,1.7128,0.30,0.30
2008.04.15 12:01:54.454,1.71245,1.7128,0.30,0.30
2008.04.15 12:01:55.700,1.71245,1.7128,0.30,0.30
2008.04.15 12:01:55.951,1.71225,1.71265,0.40,0.10
2008.04.15 12:01:56.200,1.71225,1.71265,0.30,0.10
2008.04.15 12:01:56.451,1.7123,1.7127,0.50,0.40
2008.04.15 12:01:56.704,1.7123,1.7127,0.50,0.40
2008.04.15 12:01:56.982,1.71235,1.7127,0.30,0.30
2008.04.15 12:01:57.253,1.71235,1.7127,0.30,0.30
2008.04.15 12:01:57.507,1.7123,1.7127,0.50,0.40
2008.04.15 12:01:57.766,1.7123,1.7127,0.50,0.40
2008.04.15 12:01:58.038,1.7123,1.7127,0.50,0.40
2008.04.15 12:01:58.317,1.71235,1.7127,0.30,0.30
2008.04.15 12:01:58.590,1.7124,1.7127,0.30,0.30
2008.04.15 12:01:58.841,1.7124,1.7127,0.50,0.30
2008.04.15 12:01:59.112,1.7124,1.7127,0.50,0.30
2008.04.15 12:01:59.356,1.7124,1.7127,0.50,0.30
2008.04.15 12:01:59.646,1.7124,1.7127,0.20,0.30
2008.04.15 12:02:00.453,1.7124,1.7127,0.20,0.30
2008.04.15 12:02:00.733,1.7124,1.7126,0.20,0.30
2008.04.15 12:02:00.937,1.7123,1.7126,0.20,0.30
2008.04.15 12:02:01.254,1.7123,1.7126,0.20,0.30
2008.04.15 12:02:01.648,1.7123,1.7126,0.20,0.30
2008.04.15 12:02:02.057,1.7123,1.7126,0.50,0.30
2008.04.15 12:02:02.397,1.7123,1.7127,0.50,0.30
2008.04.15 12:02:02.713,1.7123,1.71265,0.20,0.30
2008.04.15 12:02:02.969,1.71225,1.7126,0.30,0.30
2008.04.15 12:02:03.368,1.7122,1.7126,0.50,0.30
2008.04.15 12:02:04.165,1.7122,1.7126,0.50,0.30
2008.04.15 12:02:04.424,1.7123,1.71265,0.50,0.30
2008.04.15 12:02:06.034,1.7123,1.71265,0.50,0.30
2008.04.15 12:02:06.772,1.7123,1.7127,0.50,0.30
2008.04.15 12:02:08.949,1.7123,1.7127,0.50,0.30
2008.04.15 12:02:11.448,1.7123,1.7127,0.50,0.30
2008.04.15 12:02:13.338,1.7123,1.7127,0.50,0.30
2008.04.15 12:02:16.012,1.7123,1.7127,0.50,0.30
2008.04.15 12:02:16.261,1.7124,1.7128,0.30,1.80
2008.04.15 12:02:16.511,1.7125,1.71285,0.20,0.10
2008.04.15 12:02:16.761,1.7125,1.7129,0.50,0.30
2008.04.15 12:02:17.011,1.7125,1.7129,0.50,0.30
2008.04.15 12:02:17.292,1.7127,1.7129,0.20,0.30
2008.04.15 12:02:17.632,1.7127,1.7129,0.20,0.30
2008.04.15 12:02:17.912,1.71275,1.7132,0.40,0.10
2008.04.15 12:02:18.284,1.71275,1.7132,0.40,0.10
2008.04.15 12:02:18.539,1.7128,1.7132,0.30,0.10
2008.04.15 12:02:18.895,1.7128,1.7132,0.30,0.10
2008.04.15 12:02:19.566,1.7128,1.7132,0.30,0.10
2008.04.15 12:02:19.851,1.71285,1.7133,0.40,0.40
2008.04.15 12:02:20.137,1.7129,1.7133,0.10,0.40
2008.04.15 12:02:20.675,1.7129,1.7133,0.10,0.40
2008.04.15 12:02:20.920,1.713,1.7133,0.20,0.40
2008.04.15 12:02:21.180,1.713,1.7133,0.20,0.40
2008.04.15 12:02:21.438,1.71285,1.7133,0.40,0.40
2008.04.15 12:02:21.727,1.71285,1.7133,0.40,0.40
2008.04.15 12:02:21.981,1.71285,1.71325,0.10,0.10
2008.04.15 12:02:22.286,1.71285,1.7132,0.10,0.30
2008.04.15 12:02:22.517,1.71285,1.7132,0.10,0.40
2008.04.15 12:02:22.771,1.7129,1.7132,0.20,0.40
2008.04.15 12:02:23.030,1.7129,1.7132,0.20,0.40
2008.04.15 12:02:23.285,1.7128,1.7132,0.80,0.40
2008.04.15 12:02:23.575,1.7128,1.7132,0.10,0.40
2008.04.15 12:02:23.865,1.7129,1.7132,0.20,0.40
2008.04.15 12:02:24.181,1.7129,1.7132,0.20,0.40
2008.04.15 12:02:24.442,1.7128,1.7132,0.30,0.30
2008.04.15 12:02:24.721,1.71285,1.7132,0.10,0.30
2008.04.15 12:02:25.003,1.71285,1.71325,0.10,0.10
2008.04.15 12:02:25.263,1.71285,1.7131,0.10,0.30
2008.04.15 12:02:25.513,1.7128,1.7131,0.30,0.30
2008.04.15 12:02:25.764,1.713,1.7133,0.20,0.30
2008.04.15 12:02:26.014,1.713,1.7133,0.20,0.30
2008.04.15 12:02:26.264,1.7132,1.7134,0.20,0.30
2008.04.15 12:02:26.560,1.71315,1.7134,0.30,0.30
2008.04.15 12:02:26.883,1.7132,1.7135,0.30,0.80
2008.04.15 12:02:27.178,1.71315,1.7136,0.30,0.40
2008.04.15 12:02:27.459,1.71315,1.7136,0.30,0.40
2008.04.15 12:02:27.950,1.71315,1.7136,0.30,0.40
2008.04.15 12:02:28.830,1.71315,1.7136,0.30,0.40
2008.04.15 12:02:29.164,1.71315,1.7136,0.30,0.50
2008.04.15 12:02:29.514,1.71315,1.7136,0.30,0.50
2008.04.15 12:02:29.766,1.7132,1.7136,0.50,0.30
2008.04.15 12:02:30.016,1.71325,1.7136,0.30,0.30
2008.04.15 12:02:30.267,1.7134,1.7136,0.20,0.30
2008.04.15 12:02:30.544,1.7134,1.7136,0.20,0.30
2008.04.15 12:02:30.817,1.7132,1.7135,0.10,0.30
2008.04.15 12:02:31.091,1.7131,1.7135,0.30,0.40
2008.04.15 12:02:31.365,1.7131,1.7133,0.30,0.30
2008.04.15 12:02:31.614,1.7131,1.7133,0.20,0.30
2008.04.15 12:02:31.864,1.7131,1.71345,0.30,0.10
2008.04.15 12:02:32.115,1.7131,1.7134,0.20,0.30
2008.04.15 12:02:32.365,1.7131,1.7134,0.20,0.30
2008.04.15 12:02:32.638,1.7131,1.7134,0.20,0.30
2008.04.15 12:02:32.914,1.7131,1.7135,0.20,0.80
2008.04.15 12:02:33.187,1.7133,1.7135,0.30,0.80
2008.04.15 12:02:33.437,1.7133,1.7135,0.50,0.80
2008.04.15 12:02:33.688,1.7133,1.7136,0.50,2.00
2008.04.15 12:02:33.937,1.7133,1.7136,0.50,0.60
2008.04.15 12:02:34.186,1.7133,1.7136,0.50,0.30
2008.04.15 12:02:34.435,1.7133,1.7135,0.20,0.30
2008.04.15 12:02:34.734,1.71325,1.7135,0.30,0.30
2008.04.15 12:02:35.010,1.7133,1.7135,0.20,0.30
2008.04.15 12:02:35.323,1.7133,1.7135,0.20,0.30
2008.04.15 12:02:35.812,1.7133,1.7135,0.20,0.30
2008.04.15 12:02:36.237,1.7133,1.7135,0.20,0.30
2008.04.15 12:02:36.482,1.7133,1.7135,0.20,0.30
2008.04.15 12:02:36.731,1.7133,1.7135,0.20,0.30
2008.04.15 12:02:36.975,1.7133,1.7135,0.20,0.60
2008.04.15 12:02:37.219,1.7133,1.7135,0.20,0.50
2008.04.15 12:02:37.508,1.7132,1.7134,0.20,0.30
2008.04.15 12:02:37.822,1.7132,1.7134,0.20,0.40
2008.04.15 12:02:38.112,1.71305,1.7134,0.30,0.30
2008.04.15 12:02:38.401,1.71315,1.7134,0.30,0.30
2008.04.15 12:02:38.693,1.71315,1.7134,0.30,0.30
2008.04.15 12:02:38.932,1.71315,1.71355,0.30,0.30
2008.04.15 12:02:39.171,1.7131,1.71355,0.30,0.40
2008.04.15 12:02:39.523,1.7131,1.71355,0.30,0.40
2008.04.15 12:02:39.798,1.7133,1.7136,0.30,0.60
2008.04.15 12:02:40.073,1.7133,1.7136,0.20,0.60
2008.04.15 12:02:40.368,1.7133,1.7135,0.20,0.10
2008.04.15 12:02:40.623,1.71315,1.7135,0.30,0.30
2008.04.15 12:02:40.877,1.7131,1.71355,0.30,0.40
2008.04.15 12:02:41.318,1.7131,1.7134,0.30,0.30
2008.04.15 12:02:41.588,1.71305,1.7134,0.30,0.30
2008.04.15 12:02:41.861,1.713,1.71345,0.50,0.10
2008.04.15 12:02:42.138,1.71295,1.71335,0.30,0.10
2008.04.15 12:02:42.407,1.713,1.71345,0.30,0.10
2008.04.15 12:02:42.666,1.713,1.7134,0.30,0.10
2008.04.15 12:02:42.926,1.713,1.7134,0.30,0.10
2008.04.15 12:02:43.185,1.7129,1.71335,0.50,0.10
2008.04.15 12:02:43.446,1.7129,1.71325,0.20,0.10
2008.04.15 12:02:43.897,1.7129,1.71325,0.20,0.10
2008.04.15 12:02:44.167,1.71285,1.71315,0.10,0.10
2008.04.15 12:02:44.480,1.7127,1.71315,2.00,0.10
2008.04.15 12:02:44.817,1.7128,1.71315,0.10,0.10
2008.04.15 12:02:45.447,1.7128,1.71315,0.10,0.10
2008.04.15 12:02:45.946,1.71285,1.7132,0.30,0.30
2008.04.15 12:02:46.220,1.71285,1.7132,0.30,0.30
2008.04.15 12:02:46.494,1.71285,1.7132,0.30,0.30
2008.04.15 12:02:46.745,1.71285,1.7132,0.40,0.30
2008.04.15 12:02:46.995,1.7129,1.7132,0.50,0.30
2008.04.15 12:02:47.245,1.7129,1.7132,0.60,0.30
2008.04.15 12:02:47.536,1.7129,1.7132,0.60,0.30
2008.04.15 12:02:47.820,1.7129,1.7132,0.30,0.30
2008.04.15 12:02:48.104,1.7129,1.7133,0.60,0.30
2008.04.15 12:02:48.413,1.713,1.71345,0.60,0.10
2008.04.15 12:02:48.699,1.713,1.71345,0.50,0.10
2008.04.15 12:02:48.958,1.713,1.71345,0.60,0.10
2008.04.15 12:02:49.256,1.713,1.71345,0.60,0.10
2008.04.15 12:02:49.515,1.71305,1.71345,0.10,0.10
2008.04.15 12:02:50.323,1.71305,1.7135,0.30,0.40
2008.04.15 12:02:50.578,1.71305,1.7135,0.30,0.40
2008.04.15 12:02:50.956,1.71305,1.7135,0.30,0.40
2008.04.15 12:02:51.928,1.71305,1.7135,0.30,0.40
2008.04.15 12:02:52.177,1.713,1.71345,0.60,0.10
2008.04.15 12:02:56.302,1.713,1.71345,0.50,0.10
2008.04.15 12:02:56.880,1.713,1.71345,0.50,0.10
2008.04.15 12:02:57.106,1.7129,1.71335,1.20,0.10
2008.04.15 12:02:57.333,1.71295,1.7134,0.30,0.40
2008.04.15 12:02:57.966,1.71295,1.7134,0.30,0.40
2008.04.15 12:03:02.213,1.71295,1.7134,0.30,0.40
2008.04.15 12:03:02.442,1.713,1.7134,0.20,0.40
2008.04.15 12:03:02.670,1.713,1.7134,0.50,0.30
2008.04.15 12:03:03.278,1.713,1.7134,0.50,0.30
2008.04.15 12:03:03.547,1.7132,1.7135,0.20,0.40
2008.04.15 12:03:03.817,1.7132,1.7135,0.20,0.40
2008.04.15 12:03:04.130,1.7132,1.7135,0.20,0.40
2008.04.15 12:03:04.444,1.7132,1.7135,0.20,0.40
2008.04.15 12:03:04.731,1.7132,1.7135,0.20,0.40
2008.04.15 12:03:05.246,1.7132,1.7135,0.20,0.40
2008.04.15 12:03:05.498,1.7132,1.7136,0.20,0.10
2008.04.15 12:03:05.826,1.7132,1.7136,0.20,0.10
2008.04.15 12:03:06.294,1.7132,1.7136,0.20,0.10
2008.04.15 12:03:06.569,1.7132,1.7135,0.20,0.30
2008.04.15 12:03:06.843,1.7132,1.7136,0.20,0.10
2008.04.15 12:03:07.116,1.7132,1.7136,0.20,0.10
2008.04.15 12:03:07.646,1.7132,1.7136,0.20,0.10
2008.04.15 12:03:07.899,1.7132,1.7135,0.20,0.30
2008.04.15 12:03:08.682,1.7132,1.7135,0.20,0.30
2008.04.15 12:03:08.941,1.7132,1.7135,0.20,0.30
2008.04.15 12:03:09.422,1.7132,1.7135,0.20,0.30
2008.04.15 12:03:09.687,1.7132,1.7135,0.20,0.30
2008.04.15 12:03:14.189,1.7132,1.7135,0.20,0.30
2008.04.15 12:03:14.395,1.7133,1.7135,0.20,0.30
2008.04.15 12:03:14.600,1.7133,1.7135,0.20,0.30
2008.04.15 12:03:17.449,1.7133,1.7135,0.20,0.30
2008.04.15 12:03:17.689,1.7133,1.7135,0.20,0.30
2008.04.15 12:03:19.420,1.7133,1.7135,0.20,0.30
2008.04.15 12:03:19.656,1.7132,1.7135,0.20,0.30
2008.04.15 12:03:19.912,1.7132,1.7135,0.20,0.30
2008.04.15 12:03:20.146,1.7132,1.7135,0.20,0.30
2008.04.15 12:03:20.392,1.7132,1.7135,0.20,0.30
2008.04.15 12:03:20.647,1.7132,1.7135,0.20,0.30
2008.04.15 12:03:21.698,1.7132,1.7135,0.20,0.30
2008.04.15 12:03:22.954,1.7132,1.7135,0.20,0.30
2008.04.15 12:03:23.209,1.7132,1.7135,0.20,0.30
2008.04.15 12:03:23.463,1.7132,1.7135,0.30,0.30
2008.04.15 12:03:23.703,1.7133,1.7135,0.20,0.30
2008.04.15 12:03:23.959,1.7133,1.7135,0.20,0.30
2008.04.15 12:03:24.199,1.7133,1.7135,0.20,0.30
2008.04.15 12:03:24.728,1.7133,1.7135,0.20,0.30
2008.04.15 12:03:25.023,1.7131,1.7134,0.50,0.30
2008.04.15 12:03:25.319,1.7132,1.7134,0.20,0.30
2008.04.15 12:03:25.618,1.7132,1.7134,0.20,0.30
2008.04.15 12:03:25.836,1.7132,1.7134,0.20,0.30
2008.04.15 12:03:26.197,1.7132,1.7134,0.20,0.30
2008.04.15 12:03:26.457,1.7132,1.7134,0.20,0.30
2008.04.15 12:03:26.769,1.7132,1.7134,0.20,0.30
2008.04.15 12:03:27.074,1.7132,1.71355,0.20,0.10
2008.04.15 12:03:27.349,1.7132,1.7135,0.20,0.10
2008.04.15 12:03:27.625,1.7131,1.71355,0.30,0.40
2008.04.15 12:03:27.886,1.713,1.71345,0.40,0.10
2008.04.15 12:03:28.147,1.71295,1.7134,0.40,0.10
2008.04.15 12:03:28.406,1.71295,1.7134,0.30,0.10
2008.04.15 12:03:28.733,1.71295,1.7134,0.30,0.10
2008.04.15 12:03:28.989,1.7129,1.7133,0.30,0.10
2008.04.15 12:03:29.259,1.71285,1.7132,0.10,0.10
2008.04.15 12:03:29.513,1.71285,1.7132,0.10,0.10
2008.04.15 12:03:29.789,1.71295,1.7133,0.30,0.30
2008.04.15 12:03:30.065,1.713,1.7133,0.20,0.30
2008.04.15 12:03:30.340,1.713,1.7132,0.20,0.30
2008.04.15 12:03:30.618,1.713,1.71335,0.20,0.30
2008.04.15 12:03:30.955,1.713,1.71335,0.20,0.30
2008.04.15 12:03:31.654,1.713,1.71335,0.20,0.30
2008.04.15 12:03:32.244,1.713,1.71335,0.20,0.30
2008.04.15 12:03:32.477,1.713,1.71335,0.20,0.30
2008.04.15 12:03:33.413,1.713,1.71335,0.20,0.30
2008.04.15 12:03:34.954,1.713,1.71335,0.50,0.30
2008.04.15 12:03:35.175,1.713,1.71335,0.50,0.30
2008.04.15 12:03:37.141,1.713,1.71335,0.50,0.30
2008.04.15 12:03:37.356,1.713,1.71335,0.20,0.30
2008.04.15 12:03:37.570,1.7129,1.7133,0.50,0.30
2008.04.15 12:03:37.910,1.7129,1.7133,0.50,0.30
2008.04.15 12:03:38.430,1.7129,1.7133,0.50,0.30
2008.04.15 12:03:38.830,1.713,1.7133,0.30,0.30
2008.04.15 12:03:39.089,1.713,1.7134,0.30,0.30
2008.04.15 12:03:39.472,1.713,1.7134,0.30,0.30
2008.04.15 12:03:40.269,1.713,1.7134,0.30,0.30
2008.04.15 12:03:40.679,1.713,1.7134,0.30,0.30
2008.04.15 12:03:40.894,1.7129,1.7133,0.50,1.60
2008.04.15 12:03:41.109,1.7129,1.71325,0.30,0.30
2008.04.15 12:03:41.654,1.7129,1.71325,0.30,0.30
2008.04.15 12:03:41.929,1.7129,1.71325,0.30,0.30
2008.04.15 12:03:42.393,1.7129,1.71325,0.30,0.30
2008.04.15 12:03:43.704,1.7129,1.71325,0.30,0.30
2008.04.15 12:03:43.923,1.7132,1.71345,0.20,0.30
2008.04.15 12:03:44.217,1.7132,1.71345,0.20,0.30
2008.04.15 12:03:45.168,1.7132,1.71345,0.20,0.30
2008.04.15 12:03:45.462,1.7132,1.71345,0.20,0.30
2008.04.15 12:03:45.757,1.7133,1.7135,0.20,0.30
2008.04.15 12:03:45.967,1.7133,1.7135,0.20,0.30
2008.04.15 12:03:47.020,1.7133,1.7135,0.20,0.30
2008.04.15 12:03:47.315,1.7133,1.7135,0.20,0.30
2008.04.15 12:03:47.618,1.7133,1.7135,0.20,0.30
2008.04.15 12:03:47.961,1.7133,1.7135,0.20,0.30
2008.04.15 12:03:48.221,1.7133,1.7136,0.20,0.60
2008.04.15 12:03:48.488,1.7134,1.7136,0.20,0.30
2008.04.15 12:03:48.747,1.7134,1.7137,0.20,0.50
2008.04.15 12:03:48.996,1.71305,1.7135,0.30,0.40
2008.04.15 12:03:49.246,1.71305,1.7135,0.30,0.40
2008.04.15 12:03:49.495,1.71305,1.7135,0.30,0.40
2008.04.15 12:03:49.939,1.71305,1.7135,0.30,0.40
2008.04.15 12:03:50.292,1.71305,1.7133,0.30,0.30
2008.04.15 12:03:50.619,1.71305,1.7133,0.30,0.30
2008.04.15 12:03:50.920,1.71305,1.7135,0.30,0.50
2008.04.15 12:03:51.197,1.71305,1.71345,0.30,0.30
2008.04.15 12:03:51.461,1.71305,1.7133,0.30,0.30
2008.04.15 12:03:52.185,1.71305,1.7133,0.30,0.30
2008.04.15 12:03:52.498,1.713,1.7133,0.50,0.30
2008.04.15 12:03:53.221,1.713,1.7133,0.50,0.30
2008.04.15 12:03:53.502,1.7131,1.7135,0.50,0.30
2008.04.15 12:03:53.824,1.7131,1.7134,0.50,0.30
2008.04.15 12:03:54.104,1.7131,1.7134,0.50,0.30
2008.04.15 12:03:54.349,1.713,1.7133,0.50,0.30
2008.04.15 12:03:54.593,1.7131,1.7135,0.50,0.60
2008.04.15 12:03:54.837,1.7131,1.7135,0.20,0.50
2008.04.15 12:03:55.082,1.7131,1.7135,0.20,0.50
2008.04.15 12:03:55.721,1.7131,1.7135,0.20,0.50
2008.04.15 12:03:56.022,1.7131,1.7135,0.50,0.60
2008.04.15 12:03:56.466,1.7131,1.7135,0.50,0.60
2008.04.15 12:03:56.928,1.7131,1.7135,0.50,0.60
2008.04.15 12:03:57.212,1.7131,1.7135,0.20,0.50
2008.04.15 12:03:57.495,1.71305,1.71345,0.30,0.30
2008.04.15 12:03:57.780,1.71305,1.71345,0.30,0.30
2008.04.15 12:03:58.064,1.713,1.71345,0.50,0.40
2008.04.15 12:03:58.323,1.713,1.71325,0.20,0.10
2008.04.15 12:03:58.584,1.7128,1.71325,0.40,0.10
2008.04.15 12:03:58.866,1.7129,1.71325,10.00,0.10
2008.04.15 12:03:59.127,1.7132,1.71325,0.20,0.10
2008.04.15 12:03:59.391,1.7132,1.71325,0.20,0.10
2008.04.15 12:03:59.670,1.7131,1.71315,0.20,0.10
2008.04.15 12:03:59.934,1.7131,1.71325,0.20,0.10
2008.04.15 12:04:00.204,1.71285,1.71325,0.10,0.10
2008.04.15 12:04:00.483,1.713,1.71345,0.30,0.10
2008.04.15 12:04:00.762,1.713,1.71345,0.30,0.10
2008.04.15 12:04:01.033,1.71305,1.7135,0.30,0.50
2008.04.15 12:04:01.277,1.7131,1.7135,0.30,0.60
2008.04.15 12:04:01.523,1.7131,1.71355,0.30,0.40
2008.04.15 12:04:01.791,1.7131,1.71355,0.30,0.40
2008.04.15 12:04:02.035,1.7131,1.71355,0.30,0.40
2008.04.15 12:04:02.904,1.7131,1.71355,0.30,0.40
2008.04.15 12:04:03.209,1.71305,1.7135,0.40,0.10
2008.04.15 12:04:03.660,1.71305,1.7135,0.40,0.10
2008.04.15 12:04:03.909,1.71305,1.7135,0.40,0.10
2008.04.15 12:04:04.129,1.7131,1.7135,0.20,0.10
2008.04.15 12:04:04.426,1.7131,1.7135,0.20,0.10
2008.04.15 12:04:07.860,1.7131,1.7135,0.20,0.10
2008.04.15 12:04:11.218,1.71315,1.7136,0.30,0.50
2008.04.15 12:04:11.444,1.71315,1.7135,0.30,0.30
2008.04.15 12:04:11.655,1.7131,1.7135,0.50,0.30
2008.04.15 12:04:12.427,1.7131,1.7135,0.50,0.30
2008.04.15 12:04:12.903,1.7131,1.7135,0.50,0.30
2008.04.15 12:04:14.912,1.7131,1.7135,0.50,0.30
2008.04.15 12:04:15.205,1.7131,1.7135,0.20,0.50
2008.04.15 12:04:16.264,1.7131,1.7135,0.20,0.50
2008.04.15 12:04:16.587,1.71295,1.71335,0.30,0.30
2008.04.15 12:04:16.887,1.71295,1.71335,0.30,0.10
2008.04.15 12:04:17.188,1.713,1.7134,0.30,0.40
2008.04.15 12:04:17.492,1.71295,1.71335,0.30,0.30
2008.04.15 12:04:17.757,1.713,1.7134,0.30,1.80
2008.04.15 12:04:18.001,1.7129,1.71335,5.00,0.10
2008.04.15 12:04:18.240,1.7129,1.71335,0.30,0.10
2008.04.15 12:04:18.523,1.7129,1.71335,0.30,0.10
2008.04.15 12:04:18.798,1.71285,1.7133,0.30,0.10
2008.04.15 12:04:19.074,1.7131,1.7134,0.20,0.10
2008.04.15 12:04:19.348,1.7131,1.7133,0.20,0.10
2008.04.15 12:04:19.604,1.7131,1.7133,0.20,0.10
2008.04.15 12:04:19.858,1.7131,1.7134,0.20,0.10
2008.04.15 12:04:20.137,1.7131,1.7134,0.20,0.10
2008.04.15 12:04:20.398,1.7131,1.7133,0.20,0.10
2008.04.15 12:04:20.660,1.7132,1.71335,0.20,0.10
2008.04.15 12:04:20.919,1.7132,1.71345,0.20,0.10
2008.04.15 12:04:21.179,1.7132,1.71345,0.20,0.10
2008.04.15 12:04:21.440,1.7132,1.71335,0.20,0.10
2008.04.15 12:04:21.704,1.7132,1.71335,0.20,0.10
2008.04.15 12:04:21.970,1.7132,1.71345,0.20,0.10
2008.04.15 12:04:22.235,1.713,1.71345,0.30,0.10
2008.04.15 12:04:22.500,1.7129,1.71335,0.40,0.10
2008.04.15 12:04:22.760,1.7129,1.71335,0.30,0.40
2008.04.15 12:04:23.020,1.7128,1.71325,0.60,0.10
2008.04.15 12:04:23.280,1.7128,1.71325,0.40,0.10
2008.04.15 12:04:23.539,1.7129,1.7133,0.20,0.40
2008.04.15 12:04:23.783,1.7129,1.7133,0.20,0.40
2008.04.15 12:04:24.027,1.71295,1.7134,0.30,1.90
2008.04.15 12:04:24.271,1.71295,1.7134,0.30,1.90
2008.04.15 12:04:24.525,1.71295,1.7134,0.30,1.90
2008.04.15 12:04:25.308,1.71295,1.7134,0.30,1.90
2008.04.15 12:04:25.568,1.7129,1.7133,0.20,0.50
2008.04.15 12:04:26.206,1.71285,1.7132,0.30,0.30
2008.04.15 12:04:26.470,1.71285,1.7132,0.30,0.30
2008.04.15 12:04:28.685,1.7128,1.7132,0.50,0.60
2008.04.15 12:04:30.360,1.7128,1.7132,0.50,0.60
2008.04.15 12:04:30.668,1.7129,1.71325,0.30,0.30
2008.04.15 12:04:32.651,1.71285,1.71325,0.30,0.10
2008.04.15 12:04:32.906,1.71285,1.71325,0.30,0.40
2008.04.15 12:04:33.140,1.71285,1.71325,0.30,0.40
2008.04.15 12:04:33.644,1.71285,1.71325,0.30,0.40
2008.04.15 12:04:33.900,1.71285,1.7132,0.30,0.30
2008.04.15 12:04:34.155,1.71275,1.7132,0.30,0.40
2008.04.15 12:04:35.625,1.71275,1.7132,0.30,0.40
2008.04.15 12:04:39.493,1.71275,1.7132,0.30,0.10
2008.04.15 12:04:39.726,1.71275,1.7132,0.40,0.10
2008.04.15 12:04:40.000,1.71275,1.7132,0.40,0.10
2008.04.15 12:04:40.275,1.71285,1.7133,0.30,0.50
2008.04.15 12:04:41.597,1.71285,1.7133,0.30,0.50
2008.04.15 12:04:41.941,1.71285,1.7133,0.30,0.50
2008.04.15 12:04:42.186,1.7129,1.71335,0.30,0.10
2008.04.15 12:04:42.431,1.71285,1.7133,0.30,0.10
2008.04.15 12:04:42.676,1.71285,1.7133,0.30,0.10
2008.04.15 12:04:42.945,1.71285,1.7133,0.40,0.10
2008.04.15 12:04:43.220,1.71285,1.7133,0.40,0.10
2008.04.15 12:04:44.400,1.71295,1.71335,0.30,0.40
2008.04.15 12:04:44.628,1.713,1.7134,0.50,0.30
2008.04.15 12:04:44.938,1.713,1.7134,0.50,0.30
2008.04.15 12:04:45.222,1.713,1.7134,0.50,0.60
2008.04.15 12:04:49.656,1.713,1.7134,0.50,0.60
2008.04.15 12:04:49.852,1.713,1.71335,0.20,0.40
2008.04.15 12:04:50.216,1.713,1.71335,0.20,0.40
2008.04.15 12:04:51.971,1.713,1.71335,0.20,0.40
2008.04.15 12:04:52.216,1.7129,1.7133,0.50,0.50
2008.04.15 12:04:52.461,1.7128,1.7132,0.50,0.30
2008.04.15 12:04:52.708,1.7128,1.71325,0.50,0.10
2008.04.15 12:04:52.962,1.7128,1.71325,0.50,0.10
2008.04.15 12:04:53.237,1.7128,1.71325,0.50,0.40
2008.04.15 12:04:53.511,1.7128,1.7132,0.50,0.30
2008.04.15 12:04:53.785,1.7128,1.7132,0.20,0.50
2008.04.15 12:04:54.218,1.7128,1.7132,0.20,0.50
2008.04.15 12:04:54.647,1.7128,1.7132,0.50,0.30
2008.04.15 12:04:54.882,1.7128,1.7132,0.50,0.60
2008.04.15 12:04:55.117,1.7128,1.7132,0.20,0.40
2008.04.15 12:04:55.654,1.7128,1.7132,0.20,0.40
2008.04.15 12:04:56.181,1.7128,1.7132,0.20,0.50
2008.04.15 12:04:56.416,1.7129,1.7133,0.50,0.50
2008.04.15 12:04:56.654,1.7129,1.7133,0.50,0.50
2008.04.15 12:04:56.888,1.7128,1.71325,0.50,0.10
2008.04.15 12:04:57.121,1.7128,1.71325,0.50,0.40
2008.04.15 12:04:57.376,1.7128,1.7132,0.50,0.60
2008.04.15 12:04:57.703,1.7128,1.7132,0.50,0.60
2008.04.15 12:04:57.957,1.7129,1.71325,0.20,0.10
2008.04.15 12:04:58.235,1.7128,1.7132,0.50,0.60
2008.04.15 12:04:58.475,1.7128,1.7132,0.50,0.60
2008.04.15 12:04:58.917,1.7128,1.7132,0.50,0.60
2008.04.15 12:04:59.315,1.7128,1.7132,0.50,0.60
2008.04.15 12:04:59.589,1.7128,1.7132,0.20,0.50
2008.04.15 12:05:00.196,1.7128,1.7132,0.20,0.50
2008.04.15 12:05:00.505,1.7128,1.7132,0.20,0.50
2008.04.15 12:05:00.778,1.7128,1.713,0.20,0.30
2008.04.15 12:05:01.036,1.7128,1.71315,0.20,0.30
2008.04.15 12:05:01.297,1.7128,1.7132,0.20,0.40
2008.04.15 12:05:01.611,1.7128,1.7132,0.20,0.40
2008.04.15 12:05:02.026,1.7128,1.7132,0.20,2.10
2008.04.15 12:05:02.257,1.7128,1.71315,0.20,0.30
2008.04.15 12:05:02.581,1.7127,1.71315,0.50,0.10
2008.04.15 12:05:02.906,1.7127,1.71315,0.50,0.40
2008.04.15 12:05:03.230,1.7127,1.71315,0.50,0.10
2008.04.15 12:05:03.582,1.7127,1.71315,0.50,0.10
2008.04.15 12:05:03.782,1.7127,1.71315,0.50,0.40
2008.04.15 12:05:03.982,1.7129,1.71315,0.20,0.30
2008.04.15 12:05:04.182,1.7129,1.7132,0.20,0.30
2008.04.15 12:05:04.448,1.7129,1.7132,0.20,0.40
2008.04.15 12:05:04.713,1.7128,1.7132,0.30,0.50
2008.04.15 12:05:05.632,1.7128,1.7132,0.30,0.50
2008.04.15 12:05:05.897,1.7127,1.71315,0.50,0.10
2008.04.15 12:05:06.441,1.7127,1.71315,0.50,0.10
2008.04.15 12:05:06.729,1.7127,1.71315,0.50,0.10
2008.04.15 12:05:06.998,1.7128,1.7132,0.30,0.50
2008.04.15 12:05:07.410,1.7127,1.71315,0.60,0.10
2008.04.15 12:05:07.675,1.7127,1.71315,0.50,0.10
2008.04.15 12:05:07.983,1.7127,1.71315,0.50,0.10
2008.04.15 12:05:08.360,1.7128,1.71315,0.30,0.30
2008.04.15 12:05:08.624,1.7128,1.7132,0.30,0.50
2008.04.15 12:05:08.914,1.7129,1.7133,0.50,1.00
2008.04.15 12:05:09.178,1.7129,1.7133,0.50,0.30
2008.04.15 12:05:09.422,1.7129,1.71325,0.50,0.30
2008.04.15 12:05:10.669,1.7129,1.71325,0.50,0.30
2008.04.15 12:05:10.938,1.7129,1.7132,0.20,0.10
2008.04.15 12:05:11.206,1.7128,1.7132,0.30,0.50
2008.04.15 12:05:11.826,1.7128,1.71315,0.30,0.30
2008.04.15 12:05:12.302,1.7128,1.71315,0.30,0.30
2008.04.15 12:05:13.211,1.7128,1.71315,0.30,0.30
2008.04.15 12:05:13.500,1.7129,1.71315,0.30,0.30
2008.04.15 12:05:13.730,1.7129,1.7133,0.50,2.00
2008.04.15 12:05:14.039,1.7129,1.7133,0.50,2.00
2008.04.15 12:05:14.709,1.7129,1.71325,0.50,0.30
2008.04.15 12:05:14.990,1.7129,1.71325,0.50,0.30
2008.04.15 12:05:15.935,1.7129,1.7133,0.50,0.60
2008.04.15 12:05:16.602,1.7129,1.7133,0.50,0.60
2008.04.15 12:05:16.885,1.7129,1.7133,0.50,2.00
2008.04.15 12:05:17.118,1.7129,1.7133,0.50,2.00
2008.04.15 12:05:17.900,1.7129,1.7133,0.50,2.00
2008.04.15 12:05:18.693,1.7129,1.7133,0.20,2.10
2008.04.15 12:05:18.947,1.71295,1.7133,0.30,2.00
2008.04.15 12:05:19.179,1.713,1.7133,0.20,0.60
2008.04.15 12:05:19.446,1.713,1.7133,0.20,0.50
2008.04.15 12:05:19.674,1.71285,1.7133,0.30,0.50
2008.04.15 12:05:20.188,1.71285,1.7133,0.30,0.50
2008.04.15 12:05:20.697,1.71285,1.7133,0.30,0.50
2008.04.15 12:05:20.938,1.71285,1.7132,0.30,0.30
2008.04.15 12:05:21.179,1.7129,1.7133,0.20,0.40
2008.04.15 12:05:21.443,1.7129,1.7132,0.20,0.30
2008.04.15 12:05:21.706,1.7127,1.713,0.50,0.30
2008.04.15 12:05:22.130,1.7127,1.713,0.60,0.30
2008.04.15 12:05:22.613,1.7127,1.713,0.60,0.30
2008.04.15 12:05:22.942,1.7128,1.713,0.30,0.30
2008.04.15 12:05:23.205,1.7128,1.7132,0.30,0.60
2008.04.15 12:05:23.412,1.7128,1.7132,0.30,0.60
2008.04.15 12:05:23.633,1.7129,1.71335,0.50,0.40
2008.04.15 12:05:23.931,1.7129,1.71335,0.50,0.40
2008.04.15 12:05:24.220,1.7129,1.7133,0.30,0.30
2008.04.15 12:05:25.450,1.7129,1.7133,0.30,0.30
2008.04.15 12:05:25.715,1.7129,1.7133,0.30,0.30
2008.04.15 12:05:25.982,1.71295,1.7133,0.30,0.30
2008.04.15 12:05:26.737,1.71295,1.7133,0.30,0.30
2008.04.15 12:05:26.957,1.71295,1.7134,0.30,1.90
2008.04.15 12:05:30.679,1.713,1.7134,0.30,1.80
2008.04.15 12:05:30.929,1.7129,1.7133,0.30,0.30
2008.04.15 12:05:31.481,1.7129,1.7133,0.30,0.30
2008.04.15 12:05:31.994,1.713,1.7133,0.30,0.30
2008.04.15 12:05:32.239,1.713,1.71335,0.30,0.30
2008.04.15 12:05:32.705,1.713,1.71335,0.30,0.30
2008.04.15 12:05:33.497,1.713,1.71335,0.30,0.30
2008.04.15 12:05:33.756,1.713,1.7134,0.30,0.50
2008.04.15 12:05:35.518,1.713,1.7134,0.30,0.50
2008.04.15 12:05:35.764,1.7131,1.7134,0.30,0.30
2008.04.15 12:05:36.015,1.7131,1.71335,0.30,0.30
2008.04.15 12:05:36.260,1.7131,1.7134,0.30,0.30
2008.04.15 12:05:36.731,1.7131,1.7134,0.30,0.30
2008.04.15 12:05:36.976,1.71305,1.71335,0.30,0.30
2008.04.15 12:05:37.231,1.713,1.71335,1.20,0.30
2008.04.15 12:05:37.485,1.713,1.71335,0.90,0.30
2008.04.15 12:05:37.892,1.713,1.71335,0.90,0.30
2008.04.15 12:05:38.504,1.713,1.71335,0.90,0.30
2008.04.15 12:05:38.745,1.7131,1.7134,0.20,0.60
2008.04.15 12:05:39.447,1.7131,1.7134,0.20,0.50
2008.04.15 12:05:39.722,1.71295,1.71335,0.30,0.30
2008.04.15 12:05:40.164,1.71295,1.71335,0.30,0.30
2008.04.15 12:05:42.003,1.71295,1.71335,0.30,0.30
2008.04.15 12:05:42.218,1.71295,1.7132,0.30,0.30
2008.04.15 12:05:42.550,1.71295,1.7132,0.30,0.30
2008.04.15 12:05:42.764,1.71295,1.71335,0.30,0.30
2008.04.15 12:05:43.007,1.71295,1.7132,0.30,0.30
2008.04.15 12:05:43.328,1.71295,1.7132,0.30,0.30
2008.04.15 12:05:43.671,1.71295,1.7134,0.30,0.50
2008.04.15 12:05:44.030,1.71295,1.71335,0.30,0.30
2008.04.15 12:05:44.264,1.71295,1.7132,0.30,0.30
2008.04.15 12:05:44.562,1.71295,1.7132,0.30,0.30
2008.04.15 12:05:44.796,1.71295,1.7134,0.30,0.50
2008.04.15 12:05:45.149,1.71295,1.7134,0.30,0.50
2008.04.15 12:05:45.410,1.71295,1.71335,0.30,0.30
2008.04.15 12:05:46.037,1.71295,1.71335,0.30,0.30
2008.04.15 12:05:46.281,1.71295,1.7134,0.30,0.50
2008.04.15 12:05:46.527,1.713,1.71345,0.50,0.40
2008.04.15 12:05:46.771,1.713,1.71335,0.50,0.30
2008.04.15 12:05:47.015,1.71305,1.71345,0.30,0.30
2008.04.15 12:05:47.254,1.71305,1.71345,0.30,0.30
2008.04.15 12:05:47.537,1.71305,1.71345,0.30,0.30
2008.04.15 12:05:48.047,1.713,1.7134,2.00,0.40
2008.04.15 12:05:48.298,1.713,1.7133,0.50,0.30
2008.04.15 12:05:48.655,1.713,1.7133,0.50,0.30
2008.04.15 12:05:48.991,1.713,1.7133,0.50,0.30
2008.04.15 12:05:49.242,1.7129,1.7133,1.20,0.30
2008.04.15 12:05:49.631,1.7129,1.7133,0.50,1.80
2008.04.15 12:05:49.911,1.7129,1.71325,0.50,0.30
2008.04.15 12:05:50.954,1.7129,1.71325,0.50,0.30
2008.04.15 12:05:51.176,1.713,1.71325,0.50,0.30
2008.04.15 12:05:51.406,1.713,1.7133,0.50,0.60
2008.04.15 12:05:52.409,1.713,1.7133,0.50,0.60
2008.04.15 12:05:52.675,1.713,1.71325,0.20,0.30
2008.04.15 12:05:53.769,1.713,1.71325,0.20,0.30
2008.04.15 12:05:54.640,1.713,1.71325,0.20,0.30
2008.04.15 12:05:54.870,1.713,1.71325,0.20,0.30
2008.04.15 12:05:56.649,1.713,1.71325,0.50,0.30
2008.04.15 12:05:56.945,1.713,1.71325,0.50,0.30
2008.04.15 12:06:02.361,1.713,1.71325,0.50,0.30
2008.04.15 12:06:02.566,1.7131,1.7133,0.20,0.30
2008.04.15 12:06:02.775,1.7131,1.7133,0.20,0.30
2008.04.15 12:06:03.102,1.7131,1.7133,0.20,0.30
2008.04.15 12:06:03.312,1.7131,1.7133,0.20,0.30
2008.04.15 12:06:03.522,1.71305,1.7133,0.30,0.30
2008.04.15 12:06:03.825,1.71305,1.7134,0.30,0.30
2008.04.15 12:06:04.368,1.71305,1.71345,0.30,0.30
2008.04.15 12:06:04.669,1.7131,1.71345,0.50,0.30
2008.04.15 12:06:05.152,1.7131,1.71345,0.50,0.30
2008.04.15 12:06:05.404,1.7131,1.71345,0.50,0.30
2008.04.15 12:06:05.657,1.7131,1.7134,0.20,0.30
2008.04.15 12:06:08.064,1.7131,1.7134,0.20,0.40
2008.04.15 12:06:08.273,1.7131,1.7133,0.20,0.30
2008.04.15 12:06:08.477,1.7131,1.7133,0.20,0.30
2008.04.15 12:06:09.702,1.7131,1.7133,0.20,0.30
2008.04.15 12:06:10.118,1.7131,1.7133,0.20,0.30
2008.04.15 12:06:10.647,1.7131,1.7133,0.20,0.30
2008.04.15 12:06:11.903,1.7131,1.7133,0.20,0.30
2008.04.15 12:06:12.225,1.7131,1.7133,0.20,0.30
2008.04.15 12:06:12.630,1.7131,1.7133,0.20,0.30
2008.04.15 12:06:13.786,1.7131,1.7133,0.20,0.30
2008.04.15 12:06:13.980,1.7131,1.7134,0.20,0.30
2008.04.15 12:06:14.175,1.71305,1.7134,0.80,0.40
2008.04.15 12:06:14.394,1.71305,1.7134,0.80,0.40
2008.04.15 12:06:14.590,1.71305,1.7134,0.80,0.40
2008.04.15 12:06:14.918,1.71305,1.7134,0.80,0.30
2008.04.15 12:06:16.097,1.71305,1.7134,0.80,0.30
2008.04.15 12:06:16.305,1.713,1.7134,0.50,0.30
2008.04.15 12:06:16.470,1.713,1.7134,0.50,0.30
2008.04.15 12:06:16.660,1.713,1.7134,0.50,0.30
2008.04.15 12:06:17.507,1.713,1.7134,0.50,0.30
2008.04.15 12:06:17.827,1.7131,1.7135,0.50,0.10
2008.04.15 12:06:18.093,1.7131,1.7135,0.50,0.10
2008.04.15 12:06:18.304,1.7131,1.7135,0.30,0.10
2008.04.15 12:06:18.932,1.7131,1.7135,0.30,0.10
2008.04.15 12:06:19.222,1.7133,1.7136,0.20,0.60
2008.04.15 12:06:19.511,1.7133,1.7135,0.20,0.10
2008.04.15 12:06:19.802,1.71305,1.7135,1.00,0.40
2008.04.15 12:06:20.095,1.71305,1.7134,0.80,0.10
2008.04.15 12:06:20.356,1.71305,1.7134,0.80,0.40
2008.04.15 12:06:20.662,1.7131,1.7134,0.20,0.40
2008.04.15 12:06:20.922,1.7131,1.7134,0.20,0.40
2008.04.15 12:06:21.190,1.7131,1.7134,0.20,0.40
2008.04.15 12:06:21.445,1.7131,1.7134,0.20,0.40
2008.04.15 12:06:21.711,1.7131,1.7135,0.90,0.10
2008.04.15 12:06:22.142,1.7131,1.7135,0.90,0.10
2008.04.15 12:06:22.406,1.71305,1.7135,0.30,0.10
2008.04.15 12:06:22.826,1.71305,1.7135,1.10,0.10
2008.04.15 12:06:23.130,1.71305,1.71345,1.10,0.10
2008.04.15 12:06:23.380,1.7131,1.71345,0.80,0.40
2008.04.15 12:06:23.666,1.7131,1.71345,0.80,0.40
2008.04.15 12:06:23.915,1.7131,1.71345,0.80,0.40
2008.04.15 12:06:24.260,1.7131,1.71345,0.80,0.40
2008.04.15 12:06:24.547,1.7131,1.7134,0.80,0.60
2008.04.15 12:06:24.832,1.71305,1.7134,0.30,0.30
2008.04.15 12:06:25.197,1.713,1.7134,0.50,0.50
2008.04.15 12:06:27.131,1.713,1.7134,0.50,0.50
2008.04.15 12:06:27.592,1.713,1.7134,0.50,0.50
2008.04.15 12:06:27.889,1.713,1.7132,0.20,0.30
2008.04.15 12:06:28.124,1.713,1.7132,0.20,0.30
2008.04.15 12:06:28.525,1.713,1.7132,0.20,0.30
2008.04.15 12:06:28.760,1.713,1.7134,0.50,0.50
2008.04.15 12:06:28.994,1.713,1.7134,0.50,0.50
2008.04.15 12:06:29.298,1.713,1.7134,0.50,0.50
2008.04.15 12:06:30.201,1.713,1.7134,0.50,0.50
2008.04.15 12:06:30.442,1.713,1.7134,0.50,0.50
2008.04.15 12:06:33.436,1.713,1.7134,0.50,0.50
2008.04.15 12:06:33.966,1.713,1.7134,0.50,0.50
2008.04.15 12:06:34.239,1.713,1.7134,0.50,0.40
2008.04.15 12:06:34.533,1.713,1.7134,0.50,0.40
2008.04.15 12:06:35.655,1.713,1.7134,0.50,0.40
2008.04.15 12:06:35.937,1.7131,1.7134,0.50,0.30
2008.04.15 12:06:36.218,1.71305,1.7134,0.80,0.30
2008.04.15 12:06:36.651,1.713,1.7134,0.50,0.30
2008.04.15 12:06:36.948,1.713,1.7134,0.50,0.30
2008.04.15 12:06:37.198,1.71315,1.7134,0.30,0.30
2008.04.15 12:06:37.448,1.71315,1.7136,0.30,0.50
2008.04.15 12:06:38.106,1.71315,1.7136,0.30,0.50
2008.04.15 12:06:38.387,1.7133,1.7136,0.20,0.60
2008.04.15 12:06:38.641,1.7132,1.7136,1.60,0.50
2008.04.15 12:06:38.895,1.7132,1.7136,0.80,0.50
2008.04.15 12:06:39.235,1.71315,1.7136,1.00,0.50
2008.04.15 12:06:39.489,1.71315,1.7134,0.30,0.30
2008.04.15 12:06:39.750,1.71315,1.7136,0.30,0.40
2008.04.15 12:06:40.149,1.71315,1.7136,0.30,0.40
2008.04.15 12:06:40.410,1.71315,1.7136,0.30,0.40
2008.04.15 12:06:40.711,1.71315,1.7136,0.30,0.40
2008.04.15 12:06:41.147,1.71315,1.7136,0.30,0.40
2008.04.15 12:06:42.862,1.71315,1.7136,0.30,0.40
2008.04.15 12:06:46.870,1.7133,1.7136,0.30,0.30
2008.04.15 12:06:47.106,1.7133,1.7136,0.30,0.30
2008.04.15 12:06:47.346,1.71325,1.7136,1.00,0.30
2008.04.15 12:06:47.620,1.71325,1.7136,0.30,0.30
2008.04.15 12:06:49.656,1.71325,1.7136,0.30,0.30
2008.04.15 12:06:50.712,1.7132,1.7136,1.20,0.30
2008.04.15 12:06:50.951,1.7133,1.71365,0.20,0.40
2008.04.15 12:06:51.142,1.7133,1.71365,0.20,0.30
2008.04.15 12:06:53.394,1.7133,1.71365,0.20,0.30
2008.04.15 12:06:53.615,1.71325,1.7136,0.80,0.50
2008.04.15 12:06:54.018,1.71315,1.7136,1.00,0.50
2008.04.15 12:06:55.898,1.71315,1.7136,1.00,0.50
2008.04.15 12:06:57.455,1.7133,1.7136,0.30,0.60
2008.04.15 12:06:57.704,1.7133,1.7137,0.50,1.30
2008.04.15 12:06:57.957,1.7133,1.71365,0.50,0.30
2008.04.15 12:06:58.648,1.7133,1.71365,0.50,0.30
2008.04.15 12:06:58.869,1.7133,1.7135,0.20,0.30
2008.04.15 12:06:59.115,1.7133,1.7135,0.20,0.30
2008.04.15 12:06:59.634,1.7133,1.7135,0.20,0.30
2008.04.15 12:07:02.910,1.7133,1.7135,0.20,0.30
2008.04.15 12:07:03.161,1.7134,1.7136,0.20,0.30
2008.04.15 12:07:03.435,1.7134,1.71345,0.20,0.10
2008.04.15 12:07:03.667,1.71325,1.7134,0.80,0.50
2008.04.15 12:07:03.918,1.71325,1.7133,0.80,0.30
2008.04.15 12:07:04.196,1.7131,1.7133,0.20,0.30
2008.04.15 12:07:04.477,1.7131,1.7133,0.20,0.30
2008.04.15 12:07:04.758,1.7131,1.7134,0.20,0.30
2008.04.15 12:07:05.038,1.7131,1.7135,0.20,0.50
2008.04.15 12:07:05.877,1.7131,1.7135,0.20,0.50
2008.04.15 12:07:06.185,1.7131,1.7135,0.20,0.50
2008.04.15 12:07:06.457,1.7132,1.7135,0.20,0.50
2008.04.15 12:07:06.708,1.7132,1.7135,0.20,0.60
2008.04.15 12:07:06.957,1.7132,1.7135,0.20,0.60
2008.04.15 12:07:07.211,1.7132,1.7135,0.20,0.50
2008.04.15 12:07:07.468,1.7131,1.7134,0.20,0.30
2008.04.15 12:07:07.724,1.7131,1.7134,0.20,0.60
2008.04.15 12:07:07.989,1.7131,1.7133,0.20,0.30
2008.04.15 12:07:08.251,1.7131,1.7133,0.20,0.30
2008.04.15 12:07:08.517,1.7131,1.7133,0.20,0.30
2008.04.15 12:07:08.759,1.71295,1.7133,0.30,0.30
2008.04.15 12:07:09.004,1.71295,1.7133,0.30,0.30
2008.04.15 12:07:09.291,1.7129,1.7132,1.00,0.30
2008.04.15 12:07:09.577,1.7129,1.7132,0.30,0.30
2008.04.15 12:07:09.961,1.7129,1.7132,0.30,0.30
2008.04.15 12:07:10.248,1.71295,1.7133,1.00,0.30
2008.04.15 12:07:10.508,1.713,1.7133,0.30,0.30
2008.04.15 12:07:10.793,1.713,1.7133,0.30,0.30
2008.04.15 12:07:11.215,1.713,1.7133,0.30,0.30
2008.04.15 12:07:11.606,1.713,1.7133,0.30,0.30
2008.04.15 12:07:11.847,1.7131,1.71335,0.20,0.10
2008.04.15 12:07:12.088,1.713,1.7134,0.50,0.40
2008.04.15 12:07:12.330,1.713,1.7133,0.30,0.30
2008.04.15 12:07:12.570,1.713,1.7133,0.30,0.30
2008.04.15 12:07:12.810,1.713,1.7134,0.50,0.40
2008.04.15 12:07:13.049,1.713,1.7134,0.50,0.50
2008.04.15 12:07:13.289,1.713,1.7133,0.30,0.30
2008.04.15 12:07:13.574,1.713,1.7133,0.30,0.30
2008.04.15 12:07:13.859,1.713,1.7134,0.50,0.50
2008.04.15 12:07:14.143,1.713,1.7134,0.50,0.50
2008.04.15 12:07:14.380,1.713,1.71335,0.20,0.10
2008.04.15 12:07:14.615,1.713,1.7134,0.20,0.50
2008.04.15 12:07:14.856,1.713,1.71335,0.20,0.10
2008.04.15 12:07:15.200,1.713,1.71335,0.20,0.10
2008.04.15 12:07:15.464,1.7129,1.7133,2.00,0.30
2008.04.15 12:07:15.730,1.7129,1.7133,0.90,0.50
2008.04.15 12:07:16.183,1.7129,1.7133,0.90,0.50
2008.04.15 12:07:16.462,1.7129,1.7133,1.20,0.30
2008.04.15 12:07:16.693,1.713,1.7133,0.30,0.30
2008.04.15 12:07:16.947,1.7131,1.7133,0.20,0.30
2008.04.15 12:07:17.226,1.7131,1.7134,0.20,0.30
2008.04.15 12:07:17.495,1.7131,1.7134,0.20,0.30
2008.04.15 12:07:17.985,1.7131,1.7134,0.20,0.30
2008.04.15 12:07:18.264,1.7132,1.7135,0.20,0.30
2008.04.15 12:07:18.509,1.7132,1.7135,0.20,0.30
2008.04.15 12:07:18.777,1.7132,1.7134,0.20,0.30
2008.04.15 12:07:19.021,1.7132,1.7134,0.20,0.30
2008.04.15 12:07:19.266,1.7132,1.7135,0.20,0.30
2008.04.15 12:07:19.522,1.7132,1.7135,0.20,0.30
2008.04.15 12:07:19.776,1.7132,1.7135,0.20,0.30
2008.04.15 12:07:20.029,1.7132,1.7134,0.20,0.30
2008.04.15 12:07:20.285,1.7132,1.7134,0.20,0.30
2008.04.15 12:07:20.519,1.7133,1.7135,0.20,0.30
2008.04.15 12:07:20.754,1.7132,1.7135,0.20,0.30
2008.04.15 12:07:20.989,1.7132,1.7135,0.20,0.30
2008.04.15 12:07:21.249,1.7132,1.7135,0.20,0.30
2008.04.15 12:07:21.507,1.7132,1.7134,0.20,0.30
2008.04.15 12:07:21.744,1.7132,1.7134,0.20,0.30
2008.04.15 12:07:21.981,1.7132,1.7134,0.20,0.30
2008.04.15 12:07:22.657,1.7132,1.7134,0.20,0.30
2008.04.15 12:07:23.486,1.7132,1.7134,0.20,0.30
2008.04.15 12:07:23.913,1.7132,1.7134,0.20,0.30
2008.04.15 12:07:24.432,1.7132,1.7134,0.20,0.30
2008.04.15 12:07:25.129,1.7132,1.7134,0.20,0.30
2008.04.15 12:07:25.354,1.7132,1.71355,0.20,0.30
2008.04.15 12:07:25.638,1.7132,1.71355,0.20,0.30
2008.04.15 12:07:33.086,1.7132,1.71355,0.20,0.30
2008.04.15 12:07:34.358,1.7132,1.71355,0.20,0.30
2008.04.15 12:07:37.468,1.7132,1.71355,0.20,0.30
2008.04.15 12:07:38.516,1.7132,1.71355,0.20,0.40
2008.04.15 12:07:38.773,1.7132,1.71355,0.20,0.30
2008.04.15 12:07:39.008,1.7132,1.71355,0.20,0.30
2008.04.15 12:07:39.266,1.7133,1.71355,0.20,0.30
2008.04.15 12:07:39.477,1.7133,1.7136,0.20,0.30
2008.04.15 12:07:39.943,1.7133,1.7136,0.20,0.30
2008.04.15 12:07:40.422,1.7133,1.7136,0.20,0.30
2008.04.15 12:07:42.226,1.7133,1.7136,0.20,0.30
2008.04.15 12:07:43.199,1.7133,1.7136,0.20,0.30
2008.04.15 12:07:43.458,1.7133,1.7136,0.20,0.30
2008.04.15 12:07:44.426,1.7133,1.7136,0.50,0.30
2008.04.15 12:07:44.686,1.7134,1.7137,0.20,2.00
2008.04.15 12:07:44.882,1.7134,1.7136,0.20,0.30
2008.04.15 12:07:45.177,1.7134,1.7136,0.20,0.30
2008.04.15 12:07:45.409,1.7134,1.7136,0.20,0.30
2008.04.15 12:07:45.978,1.7134,1.71365,0.20,0.30
2008.04.15 12:07:46.438,1.71325,1.7136,0.30,0.30
2008.04.15 12:07:46.753,1.71315,1.7135,0.80,0.40
2008.04.15 12:07:46.957,1.7131,1.7135,0.10,0.40
2008.04.15 12:07:47.208,1.7131,1.7135,0.10,0.40
2008.04.15 12:07:47.414,1.71325,1.7136,0.30,0.30
2008.04.15 12:07:47.618,1.71325,1.7136,0.30,0.30
2008.04.15 12:07:47.823,1.71325,1.7136,1.00,0.30
2008.04.15 12:07:48.488,1.71325,1.7136,1.00,0.30
2008.04.15 12:07:49.790,1.71325,1.7136,1.00,0.30
2008.04.15 12:07:50.089,1.71325,1.7136,1.10,0.30
2008.04.15 12:07:50.783,1.71325,1.7136,1.10,0.30
2008.04.15 12:07:51.018,1.71335,1.7137,0.80,0.40
2008.04.15 12:07:51.344,1.71335,1.7137,0.80,0.40
2008.04.15 12:07:51.602,1.71325,1.7136,1.10,0.30
2008.04.15 12:07:51.885,1.71325,1.7136,1.10,0.30
2008.04.15 12:07:53.127,1.7133,1.7136,0.40,0.30
2008.04.15 12:07:53.301,1.7133,1.7137,0.40,0.30
2008.04.15 12:07:53.963,1.7134,1.7137,0.30,0.30
2008.04.15 12:07:54.267,1.7134,1.7137,0.30,0.30
2008.04.15 12:07:54.895,1.7134,1.7137,0.30,0.30
2008.04.15 12:07:55.943,1.71335,1.7137,1.00,0.30
2008.04.15 12:07:56.203,1.71335,1.7137,1.10,0.30
2008.04.15 12:07:56.471,1.71335,1.7137,1.10,0.30
2008.04.15 12:08:01.378,1.7134,1.7138,0.20,0.40
2008.04.15 12:08:04.739,1.7134,1.7138,0.20,0.40
2008.04.15 12:08:05.003,1.7134,1.7137,0.20,0.10
2008.04.15 12:08:05.269,1.7134,1.7138,0.20,0.40
2008.04.15 12:08:05.506,1.7134,1.7138,0.20,0.40
2008.04.15 12:08:07.281,1.7134,1.7138,0.20,0.40
2008.04.15 12:08:09.884,1.7134,1.7138,0.20,0.40
2008.04.15 12:08:10.096,1.7134,1.7137,0.20,0.10
2008.04.15 12:08:10.333,1.7133,1.7137,0.20,0.40
2008.04.15 12:08:10.947,1.7133,1.7137,0.20,0.40
2008.04.15 12:08:11.213,1.7133,1.7137,0.20,0.40
2008.04.15 12:08:11.484,1.7133,1.7137,0.20,0.40
2008.04.15 12:08:11.715,1.7133,1.7137,1.20,0.30
2008.04.15 12:08:12.436,1.7133,1.7137,1.20,0.30
2008.04.15 12:08:18.119,1.71335,1.7137,0.10,0.30
2008.04.15 12:08:18.717,1.71335,1.7137,0.10,0.30
2008.04.15 12:08:22.417,1.71335,1.7137,0.10,0.30
2008.04.15 12:08:22.932,1.71335,1.7137,0.10,0.30
2008.04.15 12:08:25.887,1.7135,1.7137,0.20,0.30
2008.04.15 12:08:26.112,1.7135,1.7137,0.20,0.30
2008.04.15 12:08:26.337,1.7135,1.7137,0.20,0.30
2008.04.15 12:08:26.562,1.7134,1.7137,0.80,0.30
2008.04.15 12:08:28.119,1.7134,1.7137,0.80,0.30
2008.04.15 12:08:28.341,1.7134,1.7137,0.80,0.30
2008.04.15 12:08:29.153,1.7134,1.71375,0.20,0.10
2008.04.15 12:08:29.459,1.7134,1.71375,0.20,0.10
2008.04.15 12:08:30.248,1.7134,1.71375,0.20,0.10
2008.04.15 12:08:30.447,1.7135,1.7138,0.20,0.60
2008.04.15 12:08:30.794,1.7135,1.7138,0.20,0.50
2008.04.15 12:08:31.083,1.71345,1.71375,0.50,0.30
2008.04.15 12:08:31.342,1.71345,1.71375,0.50,0.30
2008.04.15 12:08:31.606,1.71345,1.7138,0.50,0.50
2008.04.15 12:08:31.870,1.71345,1.7138,0.50,2.10
2008.04.15 12:08:32.169,1.71345,1.7138,0.50,2.10
2008.04.15 12:08:32.414,1.7134,1.71375,0.50,0.30
2008.04.15 12:08:32.902,1.7134,1.71375,0.50,0.30
2008.04.15 12:08:33.151,1.7134,1.71375,0.20,0.40
2008.04.15 12:08:33.437,1.7133,1.7136,0.90,0.30
2008.04.15 12:08:33.858,1.7133,1.71375,0.90,0.40
2008.04.15 12:08:34.107,1.7133,1.71375,0.90,0.10
2008.04.15 12:08:34.764,1.7133,1.7137,0.80,0.30
2008.04.15 12:08:35.040,1.7133,1.7137,0.80,0.30
2008.04.15 12:08:39.451,1.7133,1.7137,0.80,0.30
2008.04.15 12:08:41.996,1.7133,1.7136,0.80,0.30
2008.04.15 12:08:42.222,1.7133,1.7136,0.80,0.30
2008.04.15 12:08:42.460,1.7133,1.7137,0.30,0.30
2008.04.15 12:08:42.692,1.7133,1.7137,0.80,0.30
2008.04.15 12:08:43.321,1.7133,1.71365,0.50,0.10
2008.04.15 12:08:43.568,1.7133,1.7136,0.50,0.30
2008.04.15 12:08:43.896,1.7133,1.7136,0.50,0.30
2008.04.15 12:08:46.617,1.71325,1.71365,0.30,0.10
2008.04.15 12:08:46.941,1.7133,1.7137,0.30,0.40
2008.04.15 12:08:47.140,1.7133,1.7137,0.30,0.10
2008.04.15 12:08:47.668,1.71325,1.71365,0.60,0.10
2008.04.15 12:08:49.174,1.71325,1.71365,0.60,0.10
2008.04.15 12:08:49.427,1.7133,1.7137,0.30,0.10
2008.04.15 12:08:51.368,1.7133,1.7137,0.30,0.10
2008.04.15 12:08:51.599,1.71325,1.7136,0.50,0.30
2008.04.15 12:08:51.826,1.7132,1.7136,0.50,0.30
2008.04.15 12:08:52.865,1.7132,1.7136,0.50,0.30
2008.04.15 12:08:53.114,1.7132,1.7136,0.50,0.30
2008.04.15 12:08:53.859,1.7134,1.7136,0.20,0.30
2008.04.15 12:08:54.079,1.7134,1.7136,0.20,0.30
2008.04.15 12:08:54.470,1.7134,1.7136,0.20,0.30
2008.04.15 12:08:54.724,1.7134,1.7136,0.20,0.30
2008.04.15 12:08:55.037,1.7134,1.7136,0.20,0.30
2008.04.15 12:08:55.442,1.7134,1.7136,0.20,0.40
2008.04.15 12:08:55.673,1.7133,1.7135,0.20,0.30
2008.04.15 12:08:55.910,1.7133,1.7135,0.20,0.30
2008.04.15 12:08:56.140,1.7133,1.7135,0.20,0.30
2008.04.15 12:08:56.663,1.7133,1.7135,0.20,0.30
2008.04.15 12:08:56.948,1.7133,1.7136,0.20,0.30
2008.04.15 12:08:57.404,1.7134,1.7136,0.30,0.30
2008.04.15 12:08:59.462,1.7135,1.7138,0.20,0.30
2008.04.15 12:08:59.526,1.7135,1.7138,0.20,0.30
2008.04.15 12:09:01.130,1.7135,1.7137,0.20,0.10
2008.04.15 12:09:01.191,1.7134,1.7137,0.50,0.40
2008.04.15 12:09:02.895,1.7134,1.7137,0.50,0.40
2008.04.15 12:09:02.978,1.7133,1.7137,0.80,0.30
2008.04.15 12:09:03.782,1.7133,1.7137,0.80,0.30
2008.04.15 12:09:03.863,1.7133,1.7137,0.80,0.30
2008.04.15 12:09:03.958,1.7133,1.7137,0.20,0.40
2008.04.15 12:09:04.662,1.7134,1.7137,0.30,0.30
2008.04.15 12:09:04.998,1.7135,1.7138,0.20,0.30
2008.04.15 12:09:05.206,1.7135,1.7138,0.20,0.30
2008.04.15 12:09:05.438,1.7135,1.7138,0.20,0.30
2008.04.15 12:09:05.634,1.7135,1.7138,0.20,0.30
2008.04.15 12:09:06.143,1.7135,1.7138,0.30,0.30
2008.04.15 12:09:06.485,1.7135,1.7138,0.30,0.30
2008.04.15 12:09:07.898,1.7135,1.7138,0.20,0.30
2008.04.15 12:09:08.118,1.7135,1.7138,0.20,0.30
2008.04.15 12:09:08.444,1.7135,1.7138,0.20,0.30
2008.04.15 12:09:09.686,1.7135,1.7138,0.20,0.30
2008.04.15 12:09:10.960,1.7137,1.7139,0.20,0.40
2008.04.15 12:09:11.180,1.7137,1.7139,0.20,0.30
2008.04.15 12:09:11.450,1.7137,1.7139,0.20,0.30
2008.04.15 12:09:11.686,1.7137,1.7139,0.20,0.30
2008.04.15 12:09:12.191,1.7137,1.7139,0.20,0.30
2008.04.15 12:09:12.496,1.71355,1.7139,0.50,0.30
2008.04.15 12:09:12.818,1.71355,1.7139,0.50,0.30
2008.04.15 12:09:13.122,1.7135,1.7139,0.60,0.30
2008.04.15 12:09:13.433,1.7135,1.7139,0.60,0.30
2008.04.15 12:09:13.667,1.7135,1.7139,0.50,0.30
2008.04.15 12:09:13.953,1.7135,1.71385,0.20,0.10
2008.04.15 12:09:14.967,1.71345,1.7138,0.30,0.30
2008.04.15 12:09:15.246,1.71345,1.7138,0.30,0.30
2008.04.15 12:09:15.519,1.71345,1.7138,0.30,0.30
2008.04.15 12:09:15.749,1.71345,1.7138,0.30,0.30
2008.04.15 12:09:16.410,1.71345,1.7138,0.30,0.30
2008.04.15 12:09:16.667,1.7136,1.7139,0.20,0.30
2008.04.15 12:09:16.905,1.7136,1.7138,0.20,0.30
2008.04.15 12:09:17.136,1.7136,1.7138,0.20,0.30
2008.04.15 12:09:18.415,1.7136,1.7138,0.20,0.30
2008.04.15 12:09:18.827,1.7136,1.7138,0.20,0.30
2008.04.15 12:09:19.042,1.7136,1.7138,0.20,0.30
2008.04.15 12:09:19.395,1.7136,1.7138,0.20,0.30
2008.04.15 12:09:19.661,1.7136,1.71395,0.20,0.30
2008.04.15 12:09:20.344,1.7136,1.7139,0.20,0.10
2008.04.15 12:09:20.607,1.7136,1.7138,0.20,0.30
2008.04.15 12:09:20.842,1.7136,1.7138,0.20,0.30
2008.04.15 12:09:21.078,1.7136,1.7138,0.20,0.30
2008.04.15 12:09:21.335,1.7136,1.7138,0.20,0.30
2008.04.15 12:09:22.919,1.7136,1.7138,0.20,0.30
2008.04.15 12:09:23.122,1.7136,1.71395,0.20,0.30
2008.04.15 12:09:23.300,1.7136,1.714,0.20,0.50
2008.04.15 12:09:23.958,1.7136,1.714,0.20,0.50
2008.04.15 12:09:24.268,1.7136,1.7138,0.20,0.30
2008.04.15 12:09:24.579,1.7136,1.71395,0.20,0.30
2008.04.15 12:09:24.798,1.7136,1.714,0.20,0.50
2008.04.15 12:09:25.424,1.7136,1.714,0.20,0.50
2008.04.15 12:09:25.643,1.7136,1.714,0.20,0.50
2008.04.15 12:09:25.907,1.7135,1.71395,0.50,0.10
2008.04.15 12:09:26.183,1.7135,1.71395,0.50,0.10
2008.04.15 12:09:27.964,1.7137,1.71395,0.20,0.10
2008.04.15 12:09:28.158,1.7137,1.71395,0.20,0.10
2008.04.15 12:09:28.526,1.7137,1.71395,0.20,0.10
2008.04.15 12:09:28.719,1.7135,1.71395,0.50,0.10
2008.04.15 12:09:29.509,1.7135,1.71395,0.50,0.10
2008.04.15 12:09:32.467,1.7137,1.71395,0.20,0.10
2008.04.15 12:09:32.683,1.7137,1.71395,0.20,0.10
2008.04.15 12:09:33.068,1.7137,1.71395,0.20,0.10
2008.04.15 12:09:33.408,1.7137,1.714,0.20,0.30
2008.04.15 12:09:33.902,1.7137,1.714,0.50,0.30
2008.04.15 12:09:34.107,1.7138,1.714,0.20,0.30
2008.04.15 12:09:34.313,1.7138,1.7142,0.20,2.90
2008.04.15 12:09:34.517,1.7138,1.7142,0.20,2.90
2008.04.15 12:09:34.722,1.7138,1.7142,0.20,0.50
2008.04.15 12:09:34.927,1.7139,1.7142,0.20,0.40
2008.04.15 12:09:35.243,1.7139,1.7142,0.20,0.30
2008.04.15 12:09:35.700,1.7139,1.7142,0.20,0.30
2008.04.15 12:09:40.640,1.7139,1.7142,0.20,0.40
2008.04.15 12:09:40.858,1.7138,1.7142,0.50,1.10
2008.04.15 12:09:41.078,1.7138,1.7141,0.20,0.30
2008.04.15 12:09:42.503,1.71375,1.71405,0.50,0.10
2008.04.15 12:09:43.969,1.71375,1.714,0.50,0.30
2008.04.15 12:09:44.486,1.71365,1.714,0.40,0.30
2008.04.15 12:09:46.161,1.71365,1.714,0.40,0.30
2008.04.15 12:09:46.216,1.71365,1.714,0.40,0.30
2008.04.15 12:09:46.433,1.71365,1.714,0.40,0.30
2008.04.15 12:09:47.125,1.71365,1.714,0.30,0.30
2008.04.15 12:09:49.124,1.71365,1.714,0.30,0.30
2008.04.15 12:09:50.064,1.71365,1.7141,0.30,0.40
2008.04.15 12:09:50.392,1.71375,1.7141,0.30,0.30
2008.04.15 12:09:50.946,1.71375,1.7141,0.30,0.30
2008.04.15 12:09:51.202,1.7137,1.7141,0.20,0.40
2008.04.15 12:09:51.426,1.71375,1.7141,0.30,0.30
2008.04.15 12:09:51.702,1.71375,1.7141,0.30,0.30
2008.04.15 12:09:53.500,1.71375,1.7141,0.30,0.30
2008.04.15 12:09:53.721,1.7137,1.7141,0.20,0.40
2008.04.15 12:09:53.965,1.7137,1.7141,0.20,0.40
2008.04.15 12:09:54.184,1.7137,1.7141,0.20,0.40
2008.04.15 12:09:54.890,1.7137,1.7141,0.20,0.40
2008.04.15 12:09:56.501,1.7137,1.714,0.20,0.10
2008.04.15 12:09:56.726,1.7137,1.7139,0.20,0.30
2008.04.15 12:09:57.120,1.7137,1.7139,0.20,0.30
2008.04.15 12:10:00.398,1.7137,1.7139,0.20,0.30
2008.04.15 12:10:00.921,1.7137,1.7139,0.20,0.30
2008.04.15 12:10:06.715,1.7137,1.7139,0.20,0.30
2008.04.15 12:10:07.065,1.7137,1.7139,0.20,0.30
2008.04.15 12:10:07.325,1.7137,1.7139,0.20,0.30
2008.04.15 12:10:07.914,1.7137,1.7139,0.20,0.30
2008.04.15 12:10:08.119,1.7137,1.7141,0.20,0.50
2008.04.15 12:10:08.389,1.7137,1.7141,0.20,0.50
2008.04.15 12:10:08.618,1.7137,1.71405,0.20,0.10
2008.04.15 12:10:09.460,1.7137,1.71405,0.20,0.10
2008.04.15 12:10:09.730,1.7137,1.7141,0.20,0.40
2008.04.15 12:10:10.088,1.7137,1.714,0.20,0.10
2008.04.15 12:10:10.292,1.71355,1.714,0.40,0.10
2008.04.15 12:10:10.518,1.71355,1.714,0.40,0.10
2008.04.15 12:10:10.748,1.71355,1.714,0.30,0.40
2008.04.15 12:10:11.508,1.71355,1.7139,0.30,0.30
2008.04.15 12:10:11.812,1.7135,1.7139,0.60,0.40
2008.04.15 12:10:12.161,1.7135,1.7139,0.60,0.40
2008.04.15 12:10:12.366,1.7136,1.714,0.50,0.50
2008.04.15 12:10:12.572,1.7136,1.714,0.20,0.40
2008.04.15 12:10:12.777,1.7136,1.714,0.20,0.40
2008.04.15 12:10:12.983,1.7136,1.714,0.20,0.40
2008.04.15 12:10:13.313,1.7135,1.7139,0.80,0.10
2008.04.15 12:10:13.643,1.7135,1.7139,0.80,0.10
2008.04.15 12:10:16.163,1.7135,1.7139,0.80,0.10
2008.04.15 12:10:16.407,1.7136,1.714,1.00,0.10
2008.04.15 12:10:16.652,1.71355,1.71395,0.30,0.10
2008.04.15 12:10:16.896,1.7136,1.714,0.30,0.10
2008.04.15 12:10:17.141,1.7136,1.714,0.30,0.40
2008.04.15 12:10:17.426,1.7136,1.714,0.30,0.40
2008.04.15 12:10:17.738,1.7135,1.71385,0.10,0.10
2008.04.15 12:10:18.117,1.7135,1.71385,0.10,0.10
2008.04.15 12:10:18.387,1.7135,1.71395,1.10,0.10
2008.04.15 12:10:18.655,1.7135,1.71395,2.70,0.10
2008.04.15 12:10:18.926,1.71355,1.714,0.40,0.10
2008.04.15 12:10:19.211,1.71355,1.714,0.40,0.10
2008.04.15 12:10:19.732,1.71355,1.714,0.40,0.10
2008.04.15 12:10:20.010,1.7136,1.71405,0.40,0.10
2008.04.15 12:10:20.397,1.7136,1.71405,0.30,0.40
2008.04.15 12:10:20.667,1.7135,1.71395,2.00,0.10
2008.04.15 12:10:20.953,1.71355,1.714,0.30,0.10
2008.04.15 12:10:21.222,1.71355,1.714,0.40,0.10
2008.04.15 12:10:21.908,1.71355,1.714,0.40,0.10
2008.04.15 12:10:22.234,1.71355,1.714,0.40,0.10
2008.04.15 12:10:23.379,1.71355,1.714,0.40,0.10
2008.04.15 12:10:23.603,1.71355,1.714,0.30,1.10
2008.04.15 12:10:23.822,1.71355,1.714,0.40,0.80
2008.04.15 12:10:24.024,1.71355,1.7139,0.10,0.10
2008.04.15 12:10:24.225,1.71355,1.71385,0.10,0.10
2008.04.15 12:10:24.545,1.7135,1.71385,0.20,0.10
2008.04.15 12:10:24.869,1.71355,1.71395,0.10,0.10
2008.04.15 12:10:25.212,1.7135,1.71395,0.50,0.10
2008.04.15 12:10:25.469,1.7135,1.7139,0.50,0.30
2008.04.15 12:10:25.724,1.7135,1.71395,0.50,0.10
2008.04.15 12:10:25.986,1.7135,1.71385,0.20,0.10
2008.04.15 12:10:26.235,1.7135,1.71385,0.20,0.10
2008.04.15 12:10:26.480,1.7135,1.71385,0.20,0.10
2008.04.15 12:10:26.724,1.7135,1.7139,0.20,0.40
2008.04.15 12:10:27.000,1.7135,1.7139,0.20,0.40
2008.04.15 12:10:27.245,1.7135,1.7138,0.20,0.10
2008.04.15 12:10:27.506,1.7135,1.7138,0.20,0.40
2008.04.15 12:10:28.173,1.7135,1.7138,0.20,0.40
2008.04.15 12:10:28.406,1.7135,1.7138,0.20,0.40
2008.04.15 12:10:28.677,1.7135,1.7137,0.20,0.30
2008.04.15 12:10:28.971,1.7135,1.7137,0.20,0.30
2008.04.15 12:10:29.240,1.7135,1.7137,0.20,0.30
2008.04.15 12:10:29.533,1.7135,1.71365,0.20,0.10
2008.04.15 12:10:29.767,1.7135,1.71365,0.20,0.10
2008.04.15 12:10:30.057,1.7135,1.71355,0.20,0.10
2008.04.15 12:10:30.293,1.7132,1.7135,0.20,0.30
2008.04.15 12:10:30.584,1.7132,1.7135,0.20,0.30
2008.04.15 12:10:30.853,1.7132,1.7135,0.20,0.30
2008.04.15 12:10:31.416,1.7132,1.7135,0.20,0.30
2008.04.15 12:10:31.686,1.7132,1.7135,0.20,0.30
2008.04.15 12:10:31.940,1.7132,1.7135,0.20,0.30
2008.04.15 12:10:32.195,1.7133,1.7136,0.20,0.30
2008.04.15 12:10:32.450,1.7133,1.7136,0.20,0.30
2008.04.15 12:10:32.708,1.7133,1.7136,0.20,0.30
2008.04.15 12:10:32.972,1.7133,1.7136,0.20,0.30
2008.04.15 12:10:33.431,1.7133,1.7136,0.20,0.30
2008.04.15 12:10:33.694,1.71335,1.7136,0.30,0.30
2008.04.15 12:10:33.930,1.7134,1.7137,0.20,0.30
2008.04.15 12:10:34.185,1.7135,1.7137,0.20,0.30
2008.04.15 12:10:34.499,1.7135,1.7137,0.20,0.30
2008.04.15 12:10:34.735,1.7133,1.7136,0.20,0.40
2008.04.15 12:10:35.000,1.7133,1.7136,0.20,0.40
2008.04.15 12:10:35.264,1.71315,1.7135,0.10,0.10
2008.04.15 12:10:35.528,1.71315,1.7135,0.10,0.10
2008.04.15 12:10:35.793,1.7133,1.7135,0.20,0.10
2008.04.15 12:10:36.133,1.7131,1.7135,0.30,0.10
2008.04.15 12:10:36.401,1.7131,1.7135,0.20,0.10
2008.04.15 12:10:36.871,1.7131,1.7135,0.20,0.10
2008.04.15 12:10:37.580,1.7131,1.7135,0.20,0.10
2008.04.15 12:10:37.857,1.71315,1.7136,0.30,0.10
2008.04.15 12:10:40.061,1.7131,1.7134,0.30,0.10
2008.04.15 12:10:40.296,1.713,1.7134,0.10,0.10
2008.04.15 12:10:40.702,1.71295,1.7134,0.40,0.10
2008.04.15 12:10:41.127,1.71295,1.7134,0.40,0.10
2008.04.15 12:10:41.382,1.713,1.7134,0.20,0.10
2008.04.15 12:10:41.637,1.713,1.71345,0.60,0.10
2008.04.15 12:10:41.890,1.713,1.71345,0.60,0.10
2008.04.15 12:10:42.200,1.713,1.7134,2.60,0.10
2008.04.15 12:10:42.510,1.7131,1.7135,0.20,0.10
2008.04.15 12:10:42.844,1.7131,1.7134,0.20,0.30
2008.04.15 12:10:43.104,1.7131,1.7134,0.20,0.30
2008.04.15 12:10:43.363,1.7131,1.7135,0.20,0.40
2008.04.15 12:10:43.624,1.7131,1.7134,0.20,0.40
2008.04.15 12:10:43.885,1.7132,1.7135,0.20,0.30
2008.04.15 12:10:44.150,1.713,1.71345,0.60,0.10
2008.04.15 12:10:44.439,1.713,1.71345,0.50,0.10
2008.04.15 12:10:44.717,1.713,1.7133,0.60,0.30
2008.04.15 12:10:44.963,1.7132,1.7135,0.20,1.00
2008.04.15 12:10:45.233,1.7132,1.7135,0.20,0.40
2008.04.15 12:10:45.502,1.7131,1.7135,0.30,0.40
2008.04.15 12:10:45.774,1.7131,1.7133,0.20,0.30
2008.04.15 12:10:46.053,1.7131,1.7133,0.20,0.30
2008.04.15 12:10:46.332,1.71295,1.7133,0.10,0.40
2008.04.15 12:10:46.611,1.713,1.71335,0.20,0.10
2008.04.15 12:10:46.936,1.713,1.71335,0.20,0.10
2008.04.15 12:10:47.218,1.713,1.71335,0.30,0.10
2008.04.15 12:10:48.129,1.713,1.71335,0.20,0.10
2008.04.15 12:10:48.395,1.713,1.7134,0.20,0.40
2008.04.15 12:10:48.683,1.7131,1.7134,0.20,0.40
2008.04.15 12:10:48.948,1.7131,1.7133,0.20,0.10
2008.04.15 12:10:49.203,1.7129,1.7133,2.00,0.10
2008.04.15 12:10:49.458,1.7129,1.7133,0.60,0.10
2008.04.15 12:10:49.727,1.7129,1.7133,0.60,0.10
2008.04.15 12:10:49.982,1.7129,1.7133,0.50,0.40
2008.04.15 12:10:50.369,1.7129,1.71325,0.20,0.10
2008.04.15 12:10:50.698,1.7129,1.71325,0.20,0.10
2008.04.15 12:10:50.972,1.7129,1.7133,0.60,0.40
2008.04.15 12:10:51.231,1.7131,1.7133,0.20,0.30
2008.04.15 12:10:51.467,1.7131,1.7133,0.20,0.30
2008.04.15 12:10:51.709,1.7129,1.7133,0.60,0.40
2008.04.15 12:10:51.946,1.7129,1.7133,0.60,0.40
2008.04.15 12:10:52.235,1.7129,1.7133,0.60,0.40
2008.04.15 12:10:52.525,1.7129,1.7133,0.60,0.40
2008.04.15 12:10:52.816,1.713,1.7133,0.20,0.10
2008.04.15 12:10:53.107,1.713,1.7133,0.20,0.10
2008.04.15 12:10:53.932,1.713,1.71325,0.20,0.10
2008.04.15 12:10:54.219,1.713,1.71325,0.20,0.10
2008.04.15 12:10:54.480,1.71295,1.7133,0.30,0.30
2008.04.15 12:10:54.708,1.713,1.7134,0.20,0.40
2008.04.15 12:10:54.946,1.713,1.7134,0.20,0.50
2008.04.15 12:10:56.133,1.7131,1.7134,0.20,0.50
2008.04.15 12:10:56.358,1.7131,1.7134,0.20,0.40
2008.04.15 12:10:56.580,1.7131,1.7134,0.20,0.40
2008.04.15 12:10:56.805,1.713,1.7134,0.20,0.40
2008.04.15 12:10:57.565,1.713,1.7134,0.20,0.40
2008.04.15 12:10:58.399,1.713,1.7134,0.20,0.40
2008.04.15 12:10:58.584,1.713,1.7133,0.20,0.10
2008.04.15 12:10:58.769,1.713,1.7133,0.20,0.10
2008.04.15 12:10:59.003,1.713,1.7133,0.20,0.10
2008.04.15 12:10:59.187,1.713,1.71315,0.20,0.10
2008.04.15 12:10:59.512,1.71285,1.713,0.10,0.30
2008.04.15 12:10:59.838,1.7129,1.7133,0.30,0.40
2008.04.15 12:11:00.161,1.7129,1.7132,0.30,0.30
2008.04.15 12:11:00.386,1.7129,1.7132,0.30,0.30
2008.04.15 12:11:00.611,1.71295,1.7132,0.30,0.30
2008.04.15 12:11:00.836,1.71295,1.71335,0.30,0.30
2008.04.15 12:11:01.062,1.71285,1.71325,0.30,0.10
2008.04.15 12:11:01.311,1.7128,1.7131,0.30,0.30
2008.04.15 12:11:01.627,1.7129,1.7131,0.30,0.30
2008.04.15 12:11:01.941,1.7129,1.7133,0.30,0.40
2008.04.15 12:11:02.255,1.7128,1.71325,0.30,0.10
2008.04.15 12:11:02.499,1.7128,1.7132,0.30,0.30
2008.04.15 12:11:03.142,1.7128,1.7132,0.30,0.30
2008.04.15 12:11:03.408,1.7129,1.7131,0.20,0.30
2008.04.15 12:11:03.673,1.7129,1.7131,0.20,0.30
2008.04.15 12:11:04.004,1.7129,1.7131,0.20,0.30
2008.04.15 12:11:05.449,1.7129,1.7131,0.20,0.30
2008.04.15 12:11:05.680,1.7129,1.7132,0.20,0.30
2008.04.15 12:11:05.939,1.713,1.7132,0.20,0.30
2008.04.15 12:11:06.158,1.713,1.7132,0.20,0.30
2008.04.15 12:11:06.623,1.713,1.7132,0.20,0.30
2008.04.15 12:11:06.898,1.713,1.7132,0.20,0.30
2008.04.15 12:11:07.368,1.713,1.7132,0.20,0.30
2008.04.15 12:11:07.699,1.713,1.7132,0.20,0.30
2008.04.15 12:11:08.456,1.713,1.7132,0.20,0.30
2008.04.15 12:11:08.731,1.713,1.7133,0.20,0.30
2008.04.15 12:11:09.439,1.713,1.7133,0.20,0.30
2008.04.15 12:11:09.659,1.7131,1.7133,0.20,0.30
2008.04.15 12:11:09.881,1.713,1.7133,0.20,0.30
2008.04.15 12:11:10.126,1.713,1.7133,0.20,0.40
2008.04.15 12:11:10.425,1.713,1.7132,0.20,0.30
2008.04.15 12:11:10.941,1.713,1.7132,0.20,0.30
2008.04.15 12:11:11.180,1.713,1.7132,0.20,0.30
2008.04.15 12:11:11.419,1.7129,1.7131,0.50,0.30
2008.04.15 12:11:11.667,1.7129,1.7131,0.20,0.30
2008.04.15 12:11:12.133,1.7129,1.7131,0.20,0.30
2008.04.15 12:11:12.874,1.7129,1.7131,0.20,0.30
2008.04.15 12:11:13.179,1.7129,1.7131,0.20,0.30
2008.04.15 12:11:13.919,1.7129,1.7131,0.20,0.30
2008.04.15 12:11:14.180,1.7129,1.7131,0.20,0.30
2008.04.15 12:11:14.573,1.7129,1.7131,0.20,0.30
2008.04.15 12:11:14.941,1.7129,1.7131,0.20,0.30
2008.04.15 12:11:15.186,1.7129,1.7132,0.20,0.40
2008.04.15 12:11:15.454,1.713,1.7132,0.20,0.30
2008.04.15 12:11:15.729,1.713,1.7132,0.20,0.30
2008.04.15 12:11:16.007,1.713,1.7132,0.20,0.30
2008.04.15 12:11:16.281,1.713,1.7132,0.20,0.30
2008.04.15 12:11:16.891,1.713,1.7132,0.20,0.30
2008.04.15 12:11:17.198,1.713,1.7132,0.20,0.30
2008.04.15 12:11:17.433,1.7129,1.7132,0.20,0.30
2008.04.15 12:11:17.753,1.713,1.7132,0.20,0.30
2008.04.15 12:11:18.073,1.713,1.7132,0.20,0.30
2008.04.15 12:11:20.342,1.713,1.7132,0.20,0.30
2008.04.15 12:11:20.630,1.713,1.7132,0.20,0.30
2008.04.15 12:11:20.870,1.713,1.7132,0.20,0.30
2008.04.15 12:11:21.108,1.7131,1.7134,0.20,0.40
2008.04.15 12:11:21.309,1.7131,1.7134,0.20,0.40
2008.04.15 12:11:22.183,1.7131,1.7134,0.20,0.40
2008.04.15 12:11:22.899,1.7131,1.7134,0.20,0.40
2008.04.15 12:11:23.133,1.7131,1.7134,0.20,0.40
2008.04.15 12:11:26.438,1.7131,1.7134,0.20,0.40
2008.04.15 12:11:26.985,1.7131,1.7134,0.20,0.40
2008.04.15 12:11:27.230,1.7131,1.7134,0.20,0.40
2008.04.15 12:11:27.892,1.7131,1.7134,0.20,0.40
2008.04.15 12:11:28.407,1.7131,1.7134,0.20,0.40
2008.04.15 12:11:34.581,1.71315,1.7134,0.30,0.30
2008.04.15 12:11:34.833,1.71315,1.7136,0.30,0.10
2008.04.15 12:11:35.099,1.71315,1.7136,0.30,0.10
2008.04.15 12:11:35.365,1.7131,1.7134,0.20,0.40
2008.04.15 12:11:35.765,1.7131,1.7134,0.20,0.40
2008.04.15 12:11:36.347,1.7131,1.7134,0.20,0.40
2008.04.15 12:11:36.794,1.7131,1.7134,0.30,0.40
2008.04.15 12:11:37.129,1.7131,1.7134,0.30,0.40
2008.04.15 12:11:37.400,1.7133,1.7134,0.20,0.10
2008.04.15 12:11:38.908,1.7133,1.7134,0.20,0.10
2008.04.15 12:11:39.158,1.7133,1.7134,0.20,0.10
2008.04.15 12:11:40.426,1.7133,1.7134,0.20,0.10
2008.04.15 12:11:40.675,1.7133,1.7134,0.20,0.10
2008.04.15 12:11:40.944,1.7133,1.7134,0.20,0.10
2008.04.15 12:11:41.254,1.7133,1.7134,0.20,0.10
2008.04.15 12:11:41.506,1.7133,1.7134,0.20,0.10
2008.04.15 12:11:43.186,1.7133,1.7134,0.20,0.10
2008.04.15 12:11:43.393,1.7133,1.7135,0.20,0.40
2008.04.15 12:11:43.619,1.7133,1.7134,0.20,0.10
2008.04.15 12:11:43.814,1.7133,1.7134,0.20,0.10
2008.04.15 12:11:44.009,1.7133,1.7134,0.20,0.10
2008.04.15 12:11:46.216,1.7133,1.7134,0.20,0.10
2008.04.15 12:11:46.415,1.7133,1.7134,0.20,0.10
2008.04.15 12:11:46.676,1.7133,1.7134,0.20,0.10
2008.04.15 12:11:47.224,1.7132,1.7134,0.20,0.10
2008.04.15 12:11:47.504,1.7133,1.7134,0.20,0.10
2008.04.15 12:11:47.820,1.7133,1.7134,0.20,0.10
2008.04.15 12:11:48.099,1.7133,1.7134,0.20,0.10
2008.04.15 12:11:48.319,1.7133,1.7135,0.20,0.40
2008.04.15 12:11:48.562,1.7133,1.7135,0.20,0.40
2008.04.15 12:11:48.757,1.7133,1.7134,0.20,0.10
2008.04.15 12:11:48.977,1.7133,1.7134,0.20,0.10
2008.04.15 12:11:49.742,1.7133,1.7134,0.20,0.10
2008.04.15 12:11:50.036,1.7131,1.7134,0.20,0.40
2008.04.15 12:11:50.462,1.7131,1.7134,0.20,0.40
2008.04.15 12:11:53.979,1.7131,1.7134,0.20,0.40
2008.04.15 12:11:54.184,1.713,1.7133,0.50,0.30
2008.04.15 12:11:54.600,1.713,1.7133,0.20,0.30
2008.04.15 12:11:54.905,1.713,1.7133,0.60,0.30
2008.04.15 12:11:55.193,1.7131,1.7133,0.80,0.30
2008.04.15 12:11:55.456,1.71305,1.7133,0.10,0.30
2008.04.15 12:11:55.721,1.7132,1.71345,0.20,0.10
2008.04.15 12:11:56.259,1.7132,1.71345,0.20,0.10
2008.04.15 12:11:56.527,1.7132,1.7135,0.20,0.30
2008.04.15 12:12:00.195,1.7132,1.7135,0.20,0.30
2008.04.15 12:12:00.431,1.7133,1.7135,0.20,0.30
2008.04.15 12:12:00.662,1.7133,1.7135,0.20,0.30
2008.04.15 12:12:00.906,1.7133,1.7135,0.20,0.40
2008.04.15 12:12:01.167,1.7132,1.7135,0.20,0.40
2008.04.15 12:12:01.422,1.7132,1.7134,0.20,0.30
2008.04.15 12:12:01.698,1.7132,1.7134,0.20,0.30
2008.04.15 12:12:04.138,1.7132,1.7134,0.20,0.30
2008.04.15 12:12:05.398,1.7132,1.7134,0.20,0.30
2008.04.15 12:12:05.911,1.7132,1.7134,0.20,0.30
2008.04.15 12:12:06.391,1.7132,1.7134,0.20,0.30
2008.04.15 12:12:06.685,1.7132,1.7134,0.20,0.30
2008.04.15 12:12:06.972,1.7132,1.7134,0.20,0.30
2008.04.15 12:12:07.234,1.7132,1.7134,0.20,0.40
2008.04.15 12:12:07.498,1.7132,1.7134,0.20,0.40
2008.04.15 12:12:07.817,1.7132,1.7134,0.20,0.30
2008.04.15 12:12:08.081,1.7132,1.7134,0.20,0.30
2008.04.15 12:12:08.345,1.713,1.7132,0.20,0.30
2008.04.15 12:12:08.612,1.713,1.7132,0.20,0.30
2008.04.15 12:12:08.956,1.713,1.7132,0.20,0.30
2008.04.15 12:12:13.652,1.713,1.7132,0.20,0.30
2008.04.15 12:12:13.985,1.7129,1.7132,1.00,0.30
2008.04.15 12:12:14.224,1.7129,1.7132,0.20,0.30
2008.04.15 12:12:14.406,1.7129,1.7131,0.20,0.30
2008.04.15 12:12:14.617,1.7129,1.7131,0.20,0.30
2008.04.15 12:12:14.915,1.7129,1.7131,0.20,0.30
2008.04.15 12:12:15.858,1.7129,1.7131,0.20,0.30
2008.04.15 12:12:16.378,1.7129,1.7131,0.20,0.30
2008.04.15 12:12:16.897,1.7129,1.7131,0.20,0.30
2008.04.15 12:12:17.107,1.7129,1.7131,0.20,0.30
2008.04.15 12:12:17.408,1.713,1.7132,0.20,0.10
2008.04.15 12:12:17.708,1.713,1.7132,0.20,0.10
2008.04.15 12:12:18.944,1.713,1.71325,0.20,0.10
2008.04.15 12:12:20.913,1.713,1.71325,0.20,0.10
2008.04.15 12:12:22.757,1.713,1.7132,0.20,0.10
2008.04.15 12:12:22.971,1.7129,1.7131,0.20,0.30
2008.04.15 12:12:23.190,1.7129,1.7131,0.20,0.30
2008.04.15 12:12:23.435,1.7129,1.7131,0.20,0.30
2008.04.15 12:12:24.894,1.7129,1.7131,0.20,0.30
2008.04.15 12:12:25.789,1.71295,1.7131,0.30,0.30
2008.04.15 12:12:26.064,1.713,1.7133,0.20,0.30
2008.04.15 12:12:26.374,1.713,1.71325,0.20,0.10
2008.04.15 12:12:26.615,1.7129,1.7131,0.20,0.30
2008.04.15 12:12:27.907,1.7129,1.7131,0.20,0.30
2008.04.15 12:12:28.202,1.7129,1.7131,0.20,0.30
2008.04.15 12:12:29.443,1.7129,1.7131,0.20,0.30
2008.04.15 12:12:32.373,1.7129,1.7131,0.20,0.30
2008.04.15 12:12:32.592,1.7129,1.7131,0.20,0.30
2008.04.15 12:12:36.782,1.7129,1.7131,0.20,0.30
2008.04.15 12:12:37.051,1.7129,1.7133,0.60,0.40
2008.04.15 12:12:37.330,1.7129,1.7131,0.30,0.30
2008.04.15 12:12:37.583,1.7129,1.7131,0.20,0.30
2008.04.15 12:12:37.837,1.7129,1.7131,0.20,0.30
2008.04.15 12:12:38.528,1.7129,1.7131,0.20,0.30
2008.04.15 12:12:46.904,1.7129,1.7131,0.20,0.30
2008.04.15 12:12:48.371,1.7129,1.7131,0.20,0.30
2008.04.15 12:12:48.628,1.7129,1.7131,0.20,0.30
2008.04.15 12:12:48.913,1.7129,1.7131,0.20,0.30
2008.04.15 12:12:58.465,1.7129,1.7131,0.20,0.30
2008.04.15 12:12:58.989,1.7129,1.7131,0.20,0.30
2008.04.15 12:13:01.863,1.7129,1.7131,0.20,0.30
2008.04.15 12:13:02.098,1.7129,1.7131,0.20,0.30
2008.04.15 12:13:02.682,1.7129,1.7131,0.20,0.30
2008.04.15 12:13:02.942,1.7127,1.713,0.50,0.30
2008.04.15 12:13:03.222,1.71275,1.713,0.10,0.30
2008.04.15 12:13:03.487,1.7128,1.7132,0.10,0.40
2008.04.15 12:13:03.836,1.7128,1.7131,0.10,0.10
2008.04.15 12:13:04.083,1.7127,1.713,0.60,0.30
2008.04.15 12:13:04.546,1.7127,1.713,0.60,0.30
2008.04.15 12:13:06.318,1.7127,1.713,0.60,0.30
2008.04.15 12:13:06.543,1.7129,1.7131,0.20,0.10
2008.04.15 12:13:06.767,1.7129,1.7132,0.20,0.30
2008.04.15 12:13:06.991,1.7129,1.7131,0.20,0.40
2008.04.15 12:13:07.217,1.7129,1.7131,0.20,0.40
2008.04.15 12:13:07.539,1.7128,1.71295,0.20,0.10
2008.04.15 12:13:07.835,1.7129,1.71305,0.20,0.10
2008.04.15 12:13:08.131,1.7128,1.713,0.20,0.10
2008.04.15 12:13:08.412,1.7128,1.7131,0.20,0.30
2008.04.15 12:13:08.692,1.7128,1.7131,0.20,0.30
2008.04.15 12:13:08.974,1.71275,1.7132,0.40,0.40
2008.04.15 12:13:09.253,1.71275,1.7132,0.40,0.40
2008.04.15 12:13:10.007,1.7128,1.7132,0.10,0.40
2008.04.15 12:13:10.480,1.7128,1.7132,0.10,0.40
2008.04.15 12:13:11.304,1.7128,1.7132,0.10,0.40
2008.04.15 12:13:11.533,1.7128,1.713,0.10,0.30
2008.04.15 12:13:11.922,1.7128,1.713,0.10,0.30
2008.04.15 12:13:12.175,1.7127,1.713,0.30,0.30
2008.04.15 12:13:12.381,1.7127,1.713,0.30,0.30
2008.04.15 12:13:12.741,1.7127,1.713,1.80,0.30
2008.04.15 12:13:13.047,1.7127,1.713,0.30,0.30
2008.04.15 12:13:13.351,1.7127,1.713,0.30,0.30
2008.04.15 12:13:17.165,1.7127,1.713,0.30,0.30
2008.04.15 12:13:17.388,1.7127,1.7129,0.20,0.30
2008.04.15 12:13:18.346,1.71285,1.7129,0.30,0.30
2008.04.15 12:13:18.611,1.71285,1.7133,0.30,0.50
2008.04.15 12:13:18.875,1.7128,1.7132,0.20,0.10
2008.04.15 12:13:19.110,1.7128,1.7131,0.20,0.40
2008.04.15 12:13:19.474,1.7128,1.7131,0.20,0.40
2008.04.15 12:13:19.766,1.7128,1.7131,0.20,0.40
2008.04.15 12:13:20.046,1.7128,1.7131,0.20,0.40
2008.04.15 12:13:20.609,1.7128,1.7131,0.20,0.40
2008.04.15 12:13:20.958,1.7128,1.7131,0.20,0.40
2008.04.15 12:13:21.969,1.7128,1.7131,0.20,0.40
2008.04.15 12:13:22.184,1.7128,1.7131,0.20,0.40
2008.04.15 12:13:23.716,1.7128,1.7131,0.20,0.40
2008.04.15 12:13:23.918,1.7128,1.713,0.20,0.40
2008.04.15 12:13:24.117,1.7128,1.713,0.20,0.40
2008.04.15 12:13:24.318,1.7128,1.713,0.20,0.30
2008.04.15 12:13:24.549,1.7128,1.713,0.20,0.30
2008.04.15 12:13:24.861,1.71265,1.713,0.10,0.30
2008.04.15 12:13:25.135,1.7126,1.713,0.20,0.40
2008.04.15 12:13:25.410,1.71265,1.713,0.10,0.30
2008.04.15 12:13:25.685,1.7127,1.7131,0.80,0.40
2008.04.15 12:13:26.036,1.7127,1.7131,0.80,0.40
2008.04.15 12:13:26.460,1.7127,1.7131,0.80,0.40
2008.04.15 12:13:26.729,1.71265,1.7131,0.40,0.40
2008.04.15 12:13:26.970,1.71265,1.713,0.10,0.10
2008.04.15 12:13:27.235,1.71265,1.713,0.10,0.30
2008.04.15 12:13:27.504,1.71265,1.713,0.10,0.30
2008.04.15 12:13:27.770,1.71265,1.713,0.10,0.30
2008.04.15 12:13:28.042,1.71265,1.713,0.10,0.40
2008.04.15 12:13:28.300,1.7127,1.71295,0.80,0.10
2008.04.15 12:13:28.557,1.7126,1.7129,1.00,0.30
2008.04.15 12:13:28.803,1.7126,1.7129,1.00,0.30
2008.04.15 12:13:29.087,1.7126,1.7129,0.30,0.30
2008.04.15 12:13:29.367,1.71265,1.7129,0.30,0.30
2008.04.15 12:13:29.651,1.7127,1.7131,0.80,0.40
2008.04.15 12:13:29.935,1.71275,1.7131,0.30,0.30
2008.04.15 12:13:30.183,1.7128,1.7131,0.20,0.30
2008.04.15 12:13:30.432,1.7128,1.7131,0.20,0.30
2008.04.15 12:13:32.340,1.71285,1.7131,0.30,0.30
2008.04.15 12:13:32.550,1.71285,1.7133,0.30,0.40
2008.04.15 12:13:32.857,1.7128,1.7132,0.30,0.10
2008.04.15 12:13:33.158,1.7128,1.7131,0.30,0.30
2008.04.15 12:13:34.067,1.7128,1.7131,0.30,0.30
2008.04.15 12:13:34.287,1.7128,1.7131,0.20,0.30
2008.04.15 12:13:34.507,1.71285,1.7133,0.30,0.50
2008.04.15 12:13:34.727,1.71285,1.7133,0.30,0.40
2008.04.15 12:13:34.971,1.7128,1.7131,0.20,0.30
2008.04.15 12:13:35.272,1.7128,1.7131,0.20,0.30
2008.04.15 12:13:36.460,1.7128,1.7131,0.20,0.30
2008.04.15 12:13:36.688,1.7128,1.7131,0.20,0.30
2008.04.15 12:13:37.185,1.7128,1.7131,0.20,0.30
2008.04.15 12:13:37.417,1.7129,1.7131,0.30,0.30
2008.04.15 12:13:37.647,1.713,1.7133,0.20,0.30
2008.04.15 12:13:37.955,1.71285,1.71325,0.30,0.10
2008.04.15 12:13:38.219,1.71285,1.71325,0.30,0.10
2008.04.15 12:13:38.636,1.71285,1.71325,0.30,0.10
2008.04.15 12:13:39.902,1.71285,1.71325,0.30,0.10
2008.04.15 12:13:40.201,1.71285,1.71325,0.30,0.10
2008.04.15 12:13:40.421,1.7129,1.7132,0.30,0.30
2008.04.15 12:13:40.662,1.7129,1.7132,0.50,0.30
2008.04.15 12:13:40.921,1.7129,1.7132,0.50,0.30
2008.04.15 12:13:41.212,1.7129,1.7132,0.50,0.30
2008.04.15 12:13:41.591,1.7129,1.7132,0.50,0.30
2008.04.15 12:13:41.881,1.7129,1.7132,0.50,0.30
2008.04.15 12:13:42.171,1.7129,1.7132,0.20,0.30
2008.04.15 12:13:42.443,1.7129,1.7132,0.20,0.40
2008.04.15 12:13:42.733,1.7129,1.7131,0.20,0.30
2008.04.15 12:13:43.005,1.7129,1.7131,0.20,0.30
2008.04.15 12:13:43.251,1.7129,1.7131,0.50,0.30
2008.04.15 12:13:43.487,1.7129,1.7131,0.50,0.30
2008.04.15 12:13:44.148,1.71295,1.7131,0.30,0.30
2008.04.15 12:13:44.442,1.713,1.7133,0.20,0.60
2008.04.15 12:13:44.737,1.713,1.7133,0.20,0.30
2008.04.15 12:13:45.031,1.713,1.7133,0.20,0.30
2008.04.15 12:13:45.231,1.713,1.7133,0.20,0.30
2008.04.15 12:13:45.612,1.713,1.7133,0.20,0.30
2008.04.15 12:13:46.074,1.713,1.7133,0.20,0.30
2008.04.15 12:13:46.369,1.7129,1.7132,0.20,0.30
2008.04.15 12:13:46.663,1.7129,1.7132,0.20,0.30
2008.04.15 12:13:46.956,1.7129,1.7132,0.20,0.30
2008.04.15 12:13:47.475,1.7129,1.7132,0.20,0.30
2008.04.15 12:13:47.742,1.7129,1.7132,0.20,0.30
2008.04.15 12:13:47.993,1.7129,1.7132,0.20,0.30
2008.04.15 12:13:48.946,1.7129,1.7132,0.20,0.30
2008.04.15 12:13:51.148,1.71295,1.7132,0.30,0.30
2008.04.15 12:13:51.327,1.713,1.7132,0.20,0.30
2008.04.15 12:13:51.581,1.713,1.7132,0.20,0.30
2008.04.15 12:13:51.894,1.713,1.7132,0.20,0.30
2008.04.15 12:13:52.148,1.713,1.7132,0.20,0.30
2008.04.15 12:13:52.424,1.713,1.7132,0.20,0.30
2008.04.15 12:13:52.670,1.713,1.7132,0.20,0.30
2008.04.15 12:13:54.413,1.713,1.7132,0.20,0.30
2008.04.15 12:13:54.634,1.713,1.7132,0.20,0.30
2008.04.15 12:13:54.854,1.713,1.7132,0.20,0.30
2008.04.15 12:13:55.088,1.713,1.7132,0.20,0.30
2008.04.15 12:13:55.454,1.713,1.7132,0.20,0.30
2008.04.15 12:13:56.193,1.713,1.7132,0.20,0.30
2008.04.15 12:13:56.427,1.713,1.7132,0.20,0.30
2008.04.15 12:13:56.941,1.713,1.7132,0.20,0.30
2008.04.15 12:13:57.408,1.713,1.7132,0.20,0.30
2008.04.15 12:13:57.622,1.7129,1.7132,0.50,0.30
2008.04.15 12:13:58.137,1.7129,1.7132,0.50,0.30
2008.04.15 12:13:59.673,1.7129,1.7132,0.50,0.30
2008.04.15 12:14:00.922,1.7129,1.71315,0.20,0.10
2008.04.15 12:14:01.193,1.7128,1.7131,0.30,0.30
2008.04.15 12:14:01.470,1.7128,1.7131,0.20,0.30
2008.04.15 12:14:01.866,1.7128,1.7131,0.20,0.30
2008.04.15 12:14:02.101,1.7128,1.7131,0.20,0.30
2008.04.15 12:14:02.378,1.7128,1.7131,0.20,0.30
2008.04.15 12:14:02.687,1.7128,1.7131,0.20,0.30
2008.04.15 12:14:03.401,1.7128,1.7131,0.20,0.30
2008.04.15 12:14:03.661,1.7128,1.7131,0.20,0.30
2008.04.15 12:14:04.413,1.7128,1.7131,0.20,0.30
2008.04.15 12:14:04.612,1.7128,1.7131,0.50,0.30
2008.04.15 12:14:04.861,1.7128,1.7131,0.20,0.30
2008.04.15 12:14:05.166,1.7128,1.7131,0.20,0.30
2008.04.15 12:14:05.469,1.7128,1.7131,0.20,0.30
2008.04.15 12:14:05.732,1.7128,1.7131,0.20,0.30
2008.04.15 12:14:05.977,1.7128,1.7131,0.20,0.30
2008.04.15 12:14:06.221,1.7128,1.7131,0.20,0.30
2008.04.15 12:14:06.464,1.7128,1.7131,0.20,0.30
2008.04.15 12:14:07.359,1.7128,1.7131,0.20,0.30
2008.04.15 12:14:07.628,1.7128,1.7131,0.20,0.30
2008.04.15 12:14:08.447,1.7128,1.7131,0.20,0.30
2008.04.15 12:14:08.691,1.7128,1.7131,0.20,0.30
2008.04.15 12:14:09.076,1.7128,1.7131,0.20,0.30
2008.04.15 12:14:09.393,1.7128,1.7131,0.20,0.30
2008.04.15 12:14:09.623,1.7128,1.7131,0.20,0.30
2008.04.15 12:14:10.113,1.7128,1.7131,0.20,0.30
2008.04.15 12:14:10.377,1.7128,1.7131,0.20,0.50
2008.04.15 12:14:10.645,1.7128,1.713,0.20,0.30
2008.04.15 12:14:11.036,1.7128,1.713,0.20,0.30
2008.04.15 12:14:13.412,1.7128,1.713,0.20,0.30
2008.04.15 12:14:13.656,1.7128,1.7131,0.20,0.30
2008.04.15 12:14:13.916,1.7128,1.7131,0.20,0.30
2008.04.15 12:14:14.186,1.7128,1.7131,0.20,0.30
2008.04.15 12:14:14.989,1.7128,1.7131,0.20,0.30
2008.04.15 12:14:15.241,1.7128,1.7131,0.20,0.30
2008.04.15 12:14:15.952,1.7128,1.7131,0.20,0.30
2008.04.15 12:14:16.202,1.7128,1.713,0.20,0.30
2008.04.15 12:14:16.877,1.7128,1.713,0.20,0.30
2008.04.15 12:14:17.100,1.7128,1.713,0.20,0.30
2008.04.15 12:14:17.499,1.7128,1.713,0.20,0.30
2008.04.15 12:14:17.747,1.7128,1.713,0.20,0.30
2008.04.15 12:14:17.969,1.7128,1.713,0.20,0.30
2008.04.15 12:14:18.999,1.7128,1.713,0.20,0.30
2008.04.15 12:14:19.183,1.7128,1.713,0.20,0.30
2008.04.15 12:14:20.597,1.7128,1.713,0.20,0.30
2008.04.15 12:14:20.907,1.7128,1.713,0.20,0.30
2008.04.15 12:14:21.176,1.7128,1.713,0.20,0.30
2008.04.15 12:14:21.651,1.7128,1.713,0.20,0.30
2008.04.15 12:14:22.973,1.7128,1.713,0.20,0.30
2008.04.15 12:14:23.189,1.7128,1.713,0.20,0.30
2008.04.15 12:14:23.400,1.7128,1.713,0.20,0.30
2008.04.15 12:14:23.943,1.7128,1.713,0.20,0.30
2008.04.15 12:14:24.433,1.7128,1.713,0.20,0.30
2008.04.15 12:14:25.896,1.7128,1.713,0.20,0.30
2008.04.15 12:14:26.890,1.7128,1.713,0.20,0.30
2008.04.15 12:14:27.168,1.7128,1.713,0.20,0.30
2008.04.15 12:14:28.475,1.7128,1.713,0.20,0.30
2008.04.15 12:14:28.993,1.7128,1.713,0.20,0.30
2008.04.15 12:14:29.389,1.7128,1.713,0.20,0.30
2008.04.15 12:14:29.623,1.7128,1.713,0.20,0.40
2008.04.15 12:14:29.857,1.7128,1.71295,0.20,0.10
2008.04.15 12:14:30.092,1.7126,1.7129,0.20,0.30
2008.04.15 12:14:30.439,1.7126,1.7129,0.20,0.30
2008.04.15 12:14:30.730,1.7126,1.7129,0.20,0.40
2008.04.15 12:14:31.484,1.7126,1.7129,0.20,0.40
2008.04.15 12:14:31.952,1.7126,1.7129,0.20,0.40
2008.04.15 12:14:32.208,1.7126,1.7129,0.20,0.30
2008.04.15 12:14:32.478,1.7126,1.7129,0.20,0.30
2008.04.15 12:14:32.742,1.7125,1.7128,0.20,0.30
2008.04.15 12:14:33.019,1.7125,1.7128,0.20,0.30
2008.04.15 12:14:33.265,1.7125,1.7128,0.20,0.30
2008.04.15 12:14:37.227,1.7125,1.7128,0.20,0.30
2008.04.15 12:14:37.452,1.7125,1.7128,0.20,0.30
2008.04.15 12:14:37.671,1.7125,1.7128,0.20,0.30
2008.04.15 12:14:37.921,1.7125,1.7128,0.20,0.30
2008.04.15 12:14:38.140,1.7125,1.7128,0.20,0.30
2008.04.15 12:14:38.467,1.7125,1.7128,0.20,0.30
2008.04.15 12:14:39.201,1.7125,1.7128,0.20,0.30
2008.04.15 12:14:39.466,1.7125,1.7128,0.20,0.30
2008.04.15 12:14:40.632,1.7125,1.7128,0.20,0.30
2008.04.15 12:14:40.859,1.7125,1.7128,0.20,0.30
2008.04.15 12:14:41.450,1.7125,1.7128,0.20,0.30
2008.04.15 12:14:41.687,1.7125,1.7128,0.20,0.30
2008.04.15 12:14:43.429,1.7125,1.7128,0.20,0.30
2008.04.15 12:14:43.762,1.7125,1.7128,0.20,0.30
2008.04.15 12:14:45.490,1.7125,1.71265,0.20,0.10
2008.04.15 12:14:45.751,1.7123,1.7126,0.20,0.30
2008.04.15 12:14:46.150,1.7123,1.7126,0.20,0.30
2008.04.15 12:14:46.444,1.7123,1.7126,0.20,0.30
2008.04.15 12:14:46.690,1.7123,1.7126,0.20,0.30
2008.04.15 12:14:47.922,1.7123,1.71255,0.20,0.10
2008.04.15 12:14:48.109,1.7123,1.7125,0.20,0.30
2008.04.15 12:14:48.453,1.7123,1.7125,0.20,0.30
2008.04.15 12:14:48.699,1.7123,1.7125,0.20,0.30
2008.04.15 12:14:48.949,1.7123,1.7125,0.20,0.30
2008.04.15 12:14:49.198,1.7123,1.7125,0.20,0.30
2008.04.15 12:14:49.451,1.7123,1.7125,0.20,0.30
2008.04.15 12:14:50.695,1.7123,1.7125,0.20,0.30
2008.04.15 12:14:51.122,1.7123,1.7125,0.20,0.30
2008.04.15 12:14:52.475,1.7123,1.7125,0.20,0.30
2008.04.15 12:14:52.956,1.7123,1.7125,0.20,0.30
2008.04.15 12:14:54.240,1.7123,1.71245,0.20,0.10
2008.04.15 12:14:54.494,1.7121,1.7124,0.20,0.30
2008.04.15 12:14:54.794,1.7121,1.7124,0.20,0.30
2008.04.15 12:14:55.133,1.7121,1.7124,0.20,0.30
2008.04.15 12:14:55.408,1.7121,1.7124,0.20,0.30
2008.04.15 12:14:55.683,1.712,1.7123,0.20,0.30
2008.04.15 12:14:55.976,1.712,1.7123,0.20,0.30
2008.04.15 12:14:56.246,1.71185,1.71225,0.10,0.10
2008.04.15 12:14:56.685,1.71185,1.71225,0.10,0.10
2008.04.15 12:14:56.955,1.7119,1.71225,0.80,0.10
2008.04.15 12:14:57.245,1.7119,1.7123,0.30,0.40
2008.04.15 12:14:57.535,1.7119,1.71225,0.20,0.10
2008.04.15 12:14:59.397,1.7119,1.71215,0.20,0.10
2008.04.15 12:14:59.633,1.7118,1.71215,0.80,0.10
2008.04.15 12:14:59.883,1.7118,1.71215,0.80,0.10
2008.04.15 12:15:00.222,1.71175,1.71215,0.10,0.10
2008.04.15 12:15:00.561,1.71175,1.71215,0.10,0.10
2008.04.15 12:15:01.188,1.71175,1.71215,0.10,0.10
2008.04.15 12:15:01.486,1.71175,1.71215,0.10,0.10
2008.04.15 12:15:02.066,1.71175,1.71215,0.10,0.10
2008.04.15 12:15:02.366,1.7119,1.7122,0.20,0.30
2008.04.15 12:15:02.702,1.7119,1.7122,0.20,0.30
2008.04.15 12:15:03.002,1.712,1.7122,0.20,0.30
2008.04.15 12:15:03.267,1.712,1.7122,0.50,0.30
2008.04.15 12:15:03.565,1.712,1.7122,0.20,0.30
2008.04.15 12:15:03.830,1.712,1.7123,0.20,0.30
2008.04.15 12:15:04.094,1.7121,1.7123,0.20,0.30
2008.04.15 12:15:04.371,1.71215,1.7125,0.30,0.30
2008.04.15 12:15:04.645,1.7122,1.7125,0.20,0.30
2008.04.15 12:15:05.010,1.7122,1.7125,0.20,0.30
2008.04.15 12:15:05.422,1.7122,1.7125,0.20,0.30
2008.04.15 12:15:05.717,1.7122,1.71245,0.20,0.10
2008.04.15 12:15:06.039,1.712,1.71235,0.20,0.10
2008.04.15 12:15:06.297,1.7121,1.71255,0.50,0.40
2008.04.15 12:15:06.551,1.7121,1.71255,0.50,0.40
2008.04.15 12:15:06.940,1.71215,1.71255,0.30,0.30
2008.04.15 12:15:07.196,1.71215,1.7126,0.30,0.40
2008.04.15 12:15:07.496,1.71215,1.7126,0.30,2.10
2008.04.15 12:15:07.820,1.71215,1.71255,0.30,0.30
2008.04.15 12:15:08.118,1.7121,1.71255,0.50,0.40
2008.04.15 12:15:08.357,1.7121,1.71255,0.50,0.10
2008.04.15 12:15:08.619,1.7121,1.71255,0.50,0.40
2008.04.15 12:15:08.904,1.7121,1.71255,0.50,0.40
2008.04.15 12:15:09.428,1.7121,1.71255,0.50,0.40
2008.04.15 12:15:09.737,1.712,1.71245,0.50,0.10
2008.04.15 12:15:10.017,1.712,1.71245,0.50,0.10
2008.04.15 12:15:10.298,1.7121,1.7125,0.50,0.30
2008.04.15 12:15:10.543,1.7121,1.7125,0.50,0.30
2008.04.15 12:15:10.938,1.7121,1.7125,0.50,0.30
2008.04.15 12:15:11.181,1.7121,1.7125,0.50,2.00
2008.04.15 12:15:11.460,1.7121,1.7125,0.50,2.00
2008.04.15 12:15:11.764,1.7121,1.7125,0.50,0.30
2008.04.15 12:15:12.089,1.7121,1.7125,0.50,0.30
2008.04.15 12:15:12.329,1.7123,1.7125,0.20,0.30
2008.04.15 12:15:12.569,1.7123,1.7125,0.20,0.30
2008.04.15 12:15:13.389,1.7123,1.7125,0.20,0.30
2008.04.15 12:15:14.576,1.7123,1.7125,0.20,0.30
2008.04.15 12:15:16.459,1.7123,1.7125,0.20,0.30
2008.04.15 12:15:16.699,1.7124,1.71265,0.20,0.30
2008.04.15 12:15:16.951,1.7124,1.71265,0.20,0.30
2008.04.15 12:15:17.237,1.7124,1.71265,0.20,0.30
2008.04.15 12:15:17.486,1.7123,1.7126,0.20,0.30
2008.04.15 12:15:17.754,1.7123,1.7126,0.20,0.30
2008.04.15 12:15:17.994,1.7123,1.7126,0.20,0.30
2008.04.15 12:15:18.389,1.7123,1.7126,0.20,0.30
2008.04.15 12:15:18.633,1.7124,1.7126,0.20,0.30
2008.04.15 12:15:19.033,1.7124,1.7126,0.20,0.30
2008.04.15 12:15:19.278,1.7124,1.7126,0.20,0.30
2008.04.15 12:15:19.498,1.7124,1.7127,0.20,0.30
2008.04.15 12:15:19.951,1.7125,1.7127,0.20,0.30
2008.04.15 12:15:20.170,1.71235,1.7127,0.30,0.30
2008.04.15 12:15:20.391,1.7123,1.7127,0.20,0.40
2008.04.15 12:15:20.680,1.7123,1.7126,0.20,0.30
2008.04.15 12:15:20.965,1.71235,1.7125,0.30,0.30
2008.04.15 12:15:21.250,1.7122,1.7125,0.30,0.30
2008.04.15 12:15:21.558,1.71225,1.7125,0.30,0.30
2008.04.15 12:15:21.872,1.71225,1.7125,0.30,0.30
2008.04.15 12:15:22.157,1.7122,1.7125,0.30,0.30
2008.04.15 12:15:22.730,1.7122,1.7125,0.30,0.30
2008.04.15 12:15:23.125,1.7122,1.7125,0.30,0.30
2008.04.15 12:15:23.365,1.7122,1.7126,0.30,1.90
2008.04.15 12:15:23.655,1.71215,1.71255,0.30,0.10
2008.04.15 12:15:23.945,1.71215,1.71255,0.30,0.10
2008.04.15 12:15:25.066,1.7121,1.7124,0.20,0.10
2008.04.15 12:15:25.320,1.7121,1.7123,0.20,0.30
2008.04.15 12:15:26.104,1.7121,1.7123,0.20,0.30
2008.04.15 12:15:26.585,1.7121,1.7124,0.20,0.40
2008.04.15 12:15:26.866,1.7121,1.7124,0.20,0.40
2008.04.15 12:15:27.142,1.7121,1.7124,0.20,0.40
2008.04.15 12:15:27.427,1.7121,1.7124,0.20,0.50
2008.04.15 12:15:28.823,1.7121,1.7124,0.20,0.50
2008.04.15 12:15:33.750,1.7121,1.7124,0.20,0.50
2008.04.15 12:15:34.179,1.7121,1.7124,0.20,0.50
2008.04.15 12:15:34.468,1.7121,1.7124,0.20,0.50
2008.04.15 12:15:34.700,1.7121,1.7124,0.20,0.60
2008.04.15 12:15:34.961,1.7122,1.7125,0.20,0.40
2008.04.15 12:15:35.220,1.7122,1.7125,0.20,0.40
2008.04.15 12:15:35.947,1.7122,1.7125,0.20,0.40
2008.04.15 12:15:36.405,1.7122,1.7125,0.20,0.40
2008.04.15 12:15:36.688,1.7122,1.7125,0.20,0.40
2008.04.15 12:15:37.114,1.7122,1.7125,0.20,0.50
2008.04.15 12:15:40.641,1.7122,1.7125,0.20,0.50
2008.04.15 12:15:43.063,1.7122,1.7125,0.20,0.50
2008.04.15 12:15:46.388,1.7122,1.7124,0.20,0.30
2008.04.15 12:15:47.187,1.7122,1.7124,0.20,0.30
2008.04.15 12:15:47.427,1.7121,1.7124,0.20,0.30
2008.04.15 12:15:47.764,1.7121,1.7124,0.20,0.30
2008.04.15 12:15:48.040,1.7121,1.7123,0.20,0.30
2008.04.15 12:15:48.316,1.7121,1.7123,0.20,0.30
2008.04.15 12:15:48.551,1.7121,1.7123,0.20,0.30
2008.04.15 12:15:48.914,1.7121,1.7123,0.20,0.30
2008.04.15 12:15:49.148,1.7119,1.7122,0.30,0.30
2008.04.15 12:15:49.383,1.7119,1.7122,0.30,0.30
2008.04.15 12:15:49.633,1.7119,1.7122,0.20,0.30
2008.04.15 12:15:49.957,1.7119,1.7122,0.20,0.30
2008.04.15 12:15:50.897,1.7119,1.7122,0.20,0.30
2008.04.15 12:15:51.948,1.7119,1.7122,0.20,0.30
2008.04.15 12:15:52.189,1.7119,1.7122,0.50,0.30
2008.04.15 12:15:52.439,1.7119,1.7122,0.50,0.30
2008.04.15 12:15:52.663,1.7119,1.7122,0.50,0.30
2008.04.15 12:15:54.251,1.7119,1.7122,0.50,0.30
2008.04.15 12:15:54.505,1.71195,1.7124,0.30,0.40
2008.04.15 12:15:54.915,1.71195,1.7124,0.30,0.40
2008.04.15 12:15:55.125,1.7119,1.7122,0.20,0.30
2008.04.15 12:15:55.399,1.7119,1.7122,0.20,0.30
2008.04.15 12:15:55.643,1.7119,1.7122,0.20,0.30
2008.04.15 12:15:55.889,1.7119,1.7122,0.50,0.30
2008.04.15 12:15:56.134,1.71195,1.7124,0.30,0.40
2008.04.15 12:15:56.382,1.71195,1.7124,0.30,0.40
2008.04.15 12:15:57.472,1.71195,1.7124,0.30,0.40
2008.04.15 12:15:57.687,1.7119,1.7123,0.50,0.30
2008.04.15 12:15:57.901,1.712,1.7123,0.20,0.30
2008.04.15 12:15:58.157,1.712,1.7123,0.20,0.30
2008.04.15 12:15:59.262,1.712,1.7123,0.20,0.30
2008.04.15 12:15:59.528,1.712,1.7123,0.20,0.30
2008.04.15 12:16:02.659,1.712,1.7123,0.20,0.30
2008.04.15 12:16:02.883,1.712,1.7123,0.20,0.30
2008.04.15 12:16:03.931,1.712,1.7123,0.20,0.30
2008.04.15 12:16:04.201,1.712,1.7123,0.20,0.30
2008.04.15 12:16:06.696,1.712,1.7123,0.20,0.30
2008.04.15 12:16:06.908,1.712,1.7122,0.20,0.30
2008.04.15 12:16:07.118,1.712,1.7122,0.20,0.30
2008.04.15 12:16:07.412,1.712,1.7122,0.20,0.30
2008.04.15 12:16:07.621,1.712,1.7122,0.20,0.30
2008.04.15 12:16:07.924,1.712,1.7122,0.20,0.30
2008.04.15 12:16:09.152,1.712,1.7122,0.20,0.30
2008.04.15 12:16:09.351,1.712,1.7122,0.20,0.30
2008.04.15 12:16:11.670,1.712,1.7122,0.20,0.30
2008.04.15 12:16:11.893,1.712,1.71235,0.20,0.30
2008.04.15 12:16:12.114,1.712,1.7124,0.20,0.50
2008.04.15 12:16:13.359,1.712,1.7124,0.20,0.50
2008.04.15 12:16:13.866,1.712,1.7124,0.20,0.50
2008.04.15 12:16:14.768,1.712,1.7124,0.20,0.50
2008.04.15 12:16:15.014,1.7122,1.7124,0.20,0.30
2008.04.15 12:16:15.259,1.7122,1.7124,0.20,0.30
2008.04.15 12:16:15.702,1.7122,1.7124,0.20,0.30
2008.04.15 12:16:15.949,1.7122,1.7124,0.20,0.30
2008.04.15 12:16:16.214,1.7122,1.7124,0.20,0.30
2008.04.15 12:16:16.476,1.7122,1.7124,0.20,0.30
2008.04.15 12:16:16.754,1.7122,1.7124,0.20,0.30
2008.04.15 12:16:17.368,1.7122,1.7124,0.20,0.30
2008.04.15 12:16:17.599,1.7122,1.71255,0.20,0.10
2008.04.15 12:16:17.848,1.7121,1.7125,0.50,0.30
2008.04.15 12:16:18.205,1.7121,1.7125,0.50,0.30
2008.04.15 12:16:18.650,1.7121,1.7125,0.50,0.30
2008.04.15 12:16:18.931,1.7121,1.7124,0.50,0.30
2008.04.15 12:16:19.226,1.7121,1.7124,0.50,0.30
2008.04.15 12:16:19.431,1.7121,1.7125,0.50,0.60
2008.04.15 12:16:20.228,1.7122,1.7125,0.20,0.60
2008.04.15 12:16:20.493,1.7122,1.7125,0.20,0.30
2008.04.15 12:16:21.149,1.7122,1.7125,0.50,0.30
2008.04.15 12:16:21.681,1.7122,1.7125,0.20,0.30
2008.04.15 12:16:21.924,1.7121,1.7125,0.50,0.60
2008.04.15 12:16:22.434,1.71215,1.7125,0.30,0.60
2008.04.15 12:16:22.668,1.71215,1.7125,0.30,0.30
2008.04.15 12:16:22.903,1.71215,1.7124,0.30,0.30
2008.04.15 12:16:23.181,1.71215,1.7124,0.30,0.30
2008.04.15 12:16:23.435,1.71215,1.7124,0.30,0.30
2008.04.15 12:16:23.909,1.71215,1.7124,0.30,0.30
2008.04.15 12:16:24.156,1.7121,1.7123,0.20,0.10
2008.04.15 12:16:24.407,1.71195,1.7122,0.10,0.30
2008.04.15 12:16:24.684,1.71195,1.7122,0.10,0.30
2008.04.15 12:16:24.934,1.7119,1.7122,0.60,0.30
2008.04.15 12:16:25.387,1.7119,1.7122,0.60,0.30
2008.04.15 12:16:27.144,1.712,1.7122,0.30,0.30
2008.04.15 12:16:27.360,1.712,1.7124,0.30,0.40
2008.04.15 12:16:27.705,1.712,1.7124,0.30,0.40
2008.04.15 12:16:27.920,1.7121,1.7124,0.30,0.30
2008.04.15 12:16:28.134,1.7121,1.7125,0.30,0.30
2008.04.15 12:16:28.414,1.71205,1.71245,0.30,0.10
2008.04.15 12:16:28.694,1.71205,1.71245,0.30,0.10
2008.04.15 12:16:28.974,1.71205,1.7123,0.30,0.30
2008.04.15 12:16:29.252,1.71205,1.7123,0.30,0.30
2008.04.15 12:16:29.497,1.71205,1.71245,0.30,0.10
2008.04.15 12:16:29.742,1.71205,1.7123,0.30,0.30
2008.04.15 12:16:29.987,1.71205,1.7123,0.30,0.30
2008.04.15 12:16:30.230,1.71205,1.7123,0.30,0.30
2008.04.15 12:16:30.485,1.71205,1.71245,0.30,0.10
2008.04.15 12:16:30.739,1.71205,1.71245,0.30,0.10
2008.04.15 12:16:31.020,1.7122,1.7125,0.20,0.30
2008.04.15 12:16:31.273,1.7123,1.7125,0.30,0.30
2008.04.15 12:16:31.512,1.7124,1.7127,0.20,0.30
2008.04.15 12:16:31.752,1.7124,1.71265,0.20,0.10
2008.04.15 12:16:31.991,1.71225,1.71265,0.10,0.10
2008.04.15 12:16:32.820,1.71225,1.71265,0.10,0.10
2008.04.15 12:16:34.205,1.7122,1.71255,0.30,0.10
2008.04.15 12:16:34.435,1.7122,1.7125,0.20,0.30
2008.04.15 12:16:35.106,1.7122,1.7125,0.20,0.30
2008.04.15 12:16:35.885,1.7122,1.7125,0.20,0.30
2008.04.15 12:16:36.131,1.7122,1.7124,0.20,0.30
2008.04.15 12:16:36.345,1.7123,1.7126,0.20,0.30
2008.04.15 12:16:36.560,1.7123,1.7126,0.20,0.30
2008.04.15 12:16:36.805,1.7123,1.7126,0.20,0.30
2008.04.15 12:16:37.019,1.7123,1.7126,0.20,0.30
2008.04.15 12:16:38.659,1.7123,1.7126,0.20,0.30
2008.04.15 12:16:38.860,1.71235,1.7128,0.30,0.50
2008.04.15 12:16:39.059,1.71235,1.7128,0.30,0.40
2008.04.15 12:16:39.366,1.71235,1.7128,0.30,0.40
2008.04.15 12:16:40.184,1.71235,1.7128,0.30,0.40
2008.04.15 12:16:40.768,1.71235,1.7128,0.40,0.40
2008.04.15 12:16:41.423,1.71235,1.7128,0.40,0.40
2008.04.15 12:16:41.740,1.7125,1.7128,0.20,0.40
2008.04.15 12:16:41.970,1.7125,1.7128,0.20,0.30
2008.04.15 12:16:42.417,1.7125,1.7128,0.20,0.30
2008.04.15 12:16:43.777,1.7125,1.7128,0.20,0.30
2008.04.15 12:16:43.987,1.7125,1.7128,0.20,0.30
2008.04.15 12:16:44.776,1.7125,1.7128,0.20,0.30
2008.04.15 12:16:45.026,1.7125,1.7128,0.20,0.30
2008.04.15 12:16:46.741,1.7125,1.7128,0.20,0.30
2008.04.15 12:16:46.958,1.7127,1.713,0.20,0.30
2008.04.15 12:16:47.171,1.7127,1.713,0.20,0.30
2008.04.15 12:16:47.434,1.7127,1.713,0.20,0.30
2008.04.15 12:16:47.703,1.7127,1.713,0.20,0.30
2008.04.15 12:16:48.361,1.7127,1.713,0.20,0.30
2008.04.15 12:16:51.080,1.7127,1.713,0.20,0.30
2008.04.15 12:16:51.338,1.7127,1.713,0.20,0.30
2008.04.15 12:16:53.393,1.7127,1.713,0.20,0.30
2008.04.15 12:16:54.287,1.7127,1.713,0.20,0.30
2008.04.15 12:16:54.518,1.71245,1.71285,0.10,0.10
2008.04.15 12:16:54.766,1.7124,1.71285,0.60,0.10
2008.04.15 12:16:55.039,1.71245,1.71285,0.10,0.10
2008.04.15 12:16:55.310,1.71275,1.7129,0.30,0.30
2008.04.15 12:16:55.562,1.7128,1.7131,0.20,0.30
2008.04.15 12:16:55.814,1.7129,1.7131,0.20,0.30
2008.04.15 12:16:56.065,1.7129,1.7131,0.20,0.30
2008.04.15 12:16:56.730,1.7129,1.7131,0.20,0.30
2008.04.15 12:16:57.006,1.713,1.7134,0.30,0.30
2008.04.15 12:16:58.250,1.713,1.7134,0.30,0.30
2008.04.15 12:16:58.519,1.713,1.71345,0.30,0.10
2008.04.15 12:16:58.874,1.713,1.71345,0.30,0.10
2008.04.15 12:16:59.249,1.71295,1.71335,0.10,0.10
2008.04.15 12:16:59.494,1.71295,1.7133,0.10,0.30
2008.04.15 12:16:59.901,1.7129,1.7133,2.00,0.30
2008.04.15 12:17:03.428,1.71295,1.7133,0.10,1.00
2008.04.15 12:17:03.630,1.71295,1.7133,0.10,1.00
2008.04.15 12:17:04.148,1.71295,1.7133,0.10,1.00
2008.04.15 12:17:04.433,1.7129,1.7133,0.60,1.00
2008.04.15 12:17:04.742,1.7129,1.7133,0.60,0.30
2008.04.15 12:17:05.203,1.7129,1.7133,0.60,0.30
2008.04.15 12:17:05.428,1.7129,1.7132,0.20,0.30
2008.04.15 12:17:05.702,1.7129,1.7132,0.20,0.30
2008.04.15 12:17:05.930,1.71295,1.7132,0.30,0.30
2008.04.15 12:17:06.230,1.7129,1.7133,0.50,1.00
2008.04.15 12:17:06.532,1.7129,1.7133,0.20,0.50
2008.04.15 12:17:07.257,1.7129,1.7133,0.20,0.40
2008.04.15 12:17:07.765,1.7129,1.7133,0.20,0.40
2008.04.15 12:17:07.972,1.7128,1.713,0.10,0.30
2008.04.15 12:17:08.262,1.7127,1.713,0.30,0.30
2008.04.15 12:17:08.552,1.71305,1.7132,0.30,0.80
2008.04.15 12:17:08.841,1.71305,1.7134,0.30,0.30
2008.04.15 12:17:09.146,1.71305,1.7134,0.30,0.60
2008.04.15 12:17:09.430,1.71305,1.7134,0.30,0.60
2008.04.15 12:17:09.716,1.71305,1.7134,0.30,0.30
2008.04.15 12:17:10.000,1.71305,1.7135,0.30,0.80
2008.04.15 12:17:10.411,1.71305,1.7134,0.30,0.30
2008.04.15 12:17:10.656,1.71305,1.7134,0.30,0.30
2008.04.15 12:17:11.013,1.71305,1.7135,0.30,0.80
2008.04.15 12:17:11.293,1.71325,1.7135,0.30,0.80
2008.04.15 12:17:11.573,1.7133,1.7136,0.20,0.30
2008.04.15 12:17:11.853,1.71315,1.7135,0.10,0.10
2008.04.15 12:17:12.128,1.713,1.71345,0.30,0.10
2008.04.15 12:17:12.402,1.713,1.71345,0.30,0.10
2008.04.15 12:17:12.676,1.713,1.71345,0.30,0.10
2008.04.15 12:17:12.950,1.7131,1.7135,0.30,0.60
2008.04.15 12:17:13.216,1.71305,1.71345,0.30,0.10
2008.04.15 12:17:13.492,1.71305,1.71345,0.30,0.10
2008.04.15 12:17:14.946,1.71305,1.71345,0.30,0.10
2008.04.15 12:17:15.221,1.71305,1.71345,0.30,0.10
2008.04.15 12:17:15.472,1.7131,1.71345,0.20,0.10
2008.04.15 12:17:15.722,1.7131,1.7135,0.50,0.30
2008.04.15 12:17:16.278,1.7131,1.7135,0.50,0.30
2008.04.15 12:17:16.552,1.7129,1.7132,0.20,0.30
2008.04.15 12:17:16.853,1.7129,1.71315,0.20,0.10
2008.04.15 12:17:17.128,1.7127,1.71315,0.50,0.10
2008.04.15 12:17:17.417,1.7126,1.71295,2.40,0.10
2008.04.15 12:17:17.707,1.71255,1.71295,0.30,0.10
2008.04.15 12:17:17.996,1.7126,1.713,0.30,0.30
2008.04.15 12:17:18.287,1.7126,1.713,0.50,0.30
2008.04.15 12:17:18.557,1.71265,1.713,0.30,0.30
2008.04.15 12:17:18.829,1.71265,1.713,0.30,0.30
2008.04.15 12:17:19.101,1.7127,1.7129,0.20,0.30
2008.04.15 12:17:19.377,1.7127,1.7129,0.20,0.30
2008.04.15 12:17:19.680,1.7127,1.7129,0.20,0.30
2008.04.15 12:17:19.954,1.7128,1.7131,0.20,0.30
2008.04.15 12:17:20.229,1.71285,1.7132,0.30,0.30
2008.04.15 12:17:20.828,1.7129,1.7132,0.30,0.30
2008.04.15 12:17:21.127,1.71295,1.7131,0.30,0.30
2008.04.15 12:17:21.374,1.713,1.7131,0.30,0.30
2008.04.15 12:17:21.626,1.7129,1.7133,0.50,0.80
2008.04.15 12:17:21.871,1.713,1.7133,0.30,0.60
2008.04.15 12:17:22.116,1.7129,1.7131,0.30,0.30
2008.04.15 12:17:22.360,1.71285,1.7131,0.30,0.30
2008.04.15 12:17:22.669,1.71285,1.7133,0.30,0.10
2008.04.15 12:17:22.982,1.7128,1.7132,0.10,0.10
2008.04.15 12:17:23.449,1.7128,1.7132,0.10,0.10
2008.04.15 12:17:23.696,1.7127,1.7131,1.20,0.30
2008.04.15 12:17:23.969,1.7127,1.71315,1.20,0.10
2008.04.15 12:17:24.238,1.7127,1.71315,1.20,0.10
2008.04.15 12:17:24.806,1.7127,1.71315,1.20,0.10
2008.04.15 12:17:25.097,1.7127,1.713,0.50,0.30
2008.04.15 12:17:25.394,1.71275,1.713,0.30,0.30
2008.04.15 12:17:25.689,1.71275,1.7132,0.30,0.40
2008.04.15 12:17:25.977,1.71275,1.7132,0.30,0.40
2008.04.15 12:17:26.293,1.71275,1.7132,0.40,0.40
2008.04.15 12:17:26.529,1.7129,1.7132,0.30,0.30
2008.04.15 12:17:26.775,1.7129,1.7132,0.20,0.30
2008.04.15 12:17:27.021,1.7129,1.7132,0.20,0.30
2008.04.15 12:17:27.264,1.71295,1.7132,0.30,0.30
2008.04.15 12:17:27.569,1.713,1.7133,0.20,0.30
2008.04.15 12:17:27.880,1.713,1.7133,0.20,0.40
2008.04.15 12:17:28.185,1.71285,1.71325,0.10,0.10
2008.04.15 12:17:28.490,1.71295,1.7133,0.10,0.30
2008.04.15 12:17:28.758,1.7129,1.7133,0.50,0.30
2008.04.15 12:17:29.028,1.713,1.7133,0.20,0.10
2008.04.15 12:17:29.297,1.713,1.7134,0.50,0.30
2008.04.15 12:17:29.566,1.713,1.7134,0.50,0.30
2008.04.15 12:17:29.842,1.713,1.7134,0.60,0.30
2008.04.15 12:17:30.116,1.71305,1.7134,0.30,0.30
2008.04.15 12:17:30.522,1.71305,1.7134,0.30,0.30
2008.04.15 12:17:31.919,1.713,1.7134,0.60,0.30
2008.04.15 12:17:32.132,1.71305,1.7134,0.10,0.30
2008.04.15 12:17:32.391,1.7131,1.7134,0.30,0.30
2008.04.15 12:17:32.687,1.7132,1.7134,0.20,0.30
2008.04.15 12:17:33.336,1.7132,1.7134,0.20,0.30
2008.04.15 12:17:33.632,1.7133,1.71375,0.30,0.40
2008.04.15 12:17:33.906,1.7133,1.71375,0.30,0.10
2008.04.15 12:17:34.204,1.7133,1.71375,0.30,0.10
2008.04.15 12:17:34.523,1.7134,1.7138,0.30,0.30
2008.04.15 12:17:34.813,1.7134,1.7138,0.30,0.30
2008.04.15 12:17:35.109,1.7135,1.7139,0.30,0.30
2008.04.15 12:17:35.386,1.7135,1.7139,0.30,0.30
2008.04.15 12:17:36.207,1.7135,1.7139,0.30,0.30
2008.04.15 12:17:36.700,1.7135,1.7139,0.30,0.30
2008.04.15 12:17:37.924,1.7135,1.7139,0.30,0.30
2008.04.15 12:17:38.590,1.7135,1.7139,0.30,1.90
2008.04.15 12:17:38.815,1.71345,1.71385,0.30,0.40
2008.04.15 12:17:39.039,1.7134,1.71385,1.00,0.40
2008.04.15 12:17:39.389,1.7134,1.71385,1.00,0.40
2008.04.15 12:17:39.615,1.71335,1.71375,0.30,0.10
2008.04.15 12:17:40.185,1.71335,1.71375,0.30,0.10
2008.04.15 12:17:40.485,1.7133,1.7137,1.10,0.30
2008.04.15 12:17:40.784,1.71335,1.7137,0.30,0.30
2008.04.15 12:17:41.014,1.7133,1.7137,1.00,0.30
2008.04.15 12:17:41.244,1.71335,1.7137,0.40,0.30
2008.04.15 12:17:41.690,1.71335,1.7137,0.40,0.30
2008.04.15 12:17:42.415,1.71335,1.7137,0.40,0.30
2008.04.15 12:17:43.216,1.71335,1.7137,0.30,0.30
2008.04.15 12:17:43.460,1.71335,1.7137,0.30,0.30
2008.04.15 12:17:43.699,1.71325,1.71365,0.40,0.10
2008.04.15 12:17:43.951,1.71325,1.71365,0.40,0.10
2008.04.15 12:17:44.191,1.71325,1.71365,0.40,0.10
2008.04.15 12:17:44.430,1.71325,1.7136,0.10,0.10
2008.04.15 12:17:44.696,1.7132,1.7135,1.00,0.30
2008.04.15 12:17:45.011,1.71325,1.71365,0.30,0.10
2008.04.15 12:17:45.324,1.71325,1.71365,0.40,0.10
2008.04.15 12:17:45.639,1.7133,1.7137,1.20,0.40
2008.04.15 12:17:46.434,1.7133,1.7137,1.20,0.40
2008.04.15 12:17:48.335,1.7133,1.7137,1.20,0.40
2008.04.15 12:17:48.586,1.7135,1.7137,0.20,0.30
2008.04.15 12:17:48.947,1.7135,1.7137,0.20,0.30
2008.04.15 12:17:49.816,1.7135,1.7137,0.20,0.40
2008.04.15 12:17:50.102,1.7133,1.7137,1.20,0.40
2008.04.15 12:17:50.351,1.71355,1.7137,0.30,0.30
2008.04.15 12:17:50.605,1.7136,1.71395,0.20,0.30
2008.04.15 12:17:50.853,1.7136,1.71395,0.20,0.30
2008.04.15 12:17:51.116,1.7136,1.71395,0.20,0.30
2008.04.15 12:17:51.380,1.7136,1.714,0.20,0.10
2008.04.15 12:17:51.645,1.7136,1.714,0.20,0.10
2008.04.15 12:17:51.908,1.71375,1.71405,0.30,0.30
2008.04.15 12:17:52.167,1.71375,1.7141,0.30,0.30
2008.04.15 12:17:52.439,1.7137,1.7141,0.80,0.40
2008.04.15 12:17:52.958,1.71365,1.7141,0.40,0.40
2008.04.15 12:17:53.375,1.71365,1.7141,0.40,0.40
2008.04.15 12:17:53.620,1.71375,1.7141,0.30,0.30
2008.04.15 12:17:53.890,1.71375,1.7141,0.30,0.30
2008.04.15 12:17:54.134,1.71365,1.7141,0.30,0.40
2008.04.15 12:17:54.408,1.7138,1.7141,0.20,0.30
2008.04.15 12:17:54.682,1.7138,1.7141,0.20,0.30
2008.04.15 12:17:55.961,1.7138,1.7141,0.20,0.30
2008.04.15 12:17:56.271,1.7138,1.7141,0.20,0.30
2008.04.15 12:17:56.525,1.71375,1.7141,0.30,0.30
2008.04.15 12:17:56.887,1.71375,1.7141,0.30,0.30
2008.04.15 12:17:57.141,1.71375,1.7141,0.30,0.30
2008.04.15 12:17:57.381,1.7137,1.7141,0.10,0.40
2008.04.15 12:17:57.913,1.7137,1.7141,0.10,0.40
2008.04.15 12:17:58.177,1.71375,1.7141,0.30,0.30
2008.04.15 12:17:58.422,1.71365,1.714,0.10,0.10
2008.04.15 12:17:58.666,1.7136,1.7139,1.00,0.30
2008.04.15 12:17:58.912,1.71365,1.7139,0.30,0.30
2008.04.15 12:17:59.156,1.71365,1.7141,0.30,0.40
2008.04.15 12:17:59.470,1.71365,1.7141,0.30,0.40
2008.04.15 12:17:59.887,1.71365,1.7141,0.30,0.40
2008.04.15 12:18:00.397,1.71365,1.7141,0.30,0.40
2008.04.15 12:18:00.646,1.71375,1.7141,0.30,0.30
2008.04.15 12:18:01.536,1.71375,1.7141,0.30,0.30
2008.04.15 12:18:02.137,1.71375,1.7141,0.30,0.30
2008.04.15 12:18:02.368,1.71375,1.7141,0.30,0.30
2008.04.15 12:18:02.696,1.71375,1.7141,0.30,0.30
2008.04.15 12:18:02.905,1.71375,1.7141,0.30,0.30
2008.04.15 12:18:03.397,1.71375,1.7141,0.30,0.30
2008.04.15 12:18:03.692,1.7137,1.714,0.30,0.30
2008.04.15 12:18:04.025,1.71365,1.714,0.30,0.30
2008.04.15 12:18:04.418,1.71365,1.714,0.30,0.30
2008.04.15 12:18:04.643,1.7136,1.7139,0.30,0.30
2008.04.15 12:18:05.182,1.7136,1.7139,0.30,0.30
2008.04.15 12:18:06.214,1.7136,1.7139,0.30,0.30
2008.04.15 12:18:07.067,1.7136,1.7139,0.30,0.30
2008.04.15 12:18:07.329,1.7135,1.71385,0.20,0.10
2008.04.15 12:18:07.618,1.7134,1.71385,0.40,0.10
2008.04.15 12:18:08.160,1.7134,1.71385,0.40,0.10
2008.04.15 12:18:08.395,1.7134,1.71375,0.10,0.10
2008.04.15 12:18:08.636,1.71335,1.7138,0.40,0.10
2008.04.15 12:18:08.972,1.7134,1.7138,0.10,0.10
2008.04.15 12:18:09.217,1.7134,1.7138,0.10,0.10
2008.04.15 12:18:13.478,1.71335,1.7138,0.40,0.10
2008.04.15 12:18:13.888,1.71335,1.7138,0.40,0.10
2008.04.15 12:18:14.177,1.71335,1.7138,0.30,0.10
2008.04.15 12:18:14.466,1.7133,1.71365,0.10,0.10
2008.04.15 12:18:14.710,1.7133,1.71365,0.10,0.10
2008.04.15 12:18:14.954,1.7133,1.71365,0.10,0.10
2008.04.15 12:18:15.215,1.7132,1.7136,0.30,0.30
2008.04.15 12:18:15.465,1.7132,1.7136,0.30,1.00
2008.04.15 12:18:15.755,1.7131,1.71355,0.30,0.10
2008.04.15 12:18:16.232,1.7131,1.71355,0.30,0.10
2008.04.15 12:18:16.523,1.7132,1.71365,0.30,0.40
2008.04.15 12:18:16.971,1.7132,1.71365,0.30,0.40
2008.04.15 12:18:17.221,1.7132,1.7136,0.30,0.10
2008.04.15 12:18:17.496,1.71335,1.7137,0.30,0.30
2008.04.15 12:18:17.801,1.7134,1.71375,0.50,0.30
2008.04.15 12:18:18.206,1.7134,1.71375,0.50,0.30
2008.04.15 12:18:18.924,1.7134,1.71375,0.50,0.30
2008.04.15 12:18:20.375,1.7134,1.71375,0.50,0.30
2008.04.15 12:18:22.929,1.7134,1.71345,0.20,0.10
2008.04.15 12:18:23.172,1.7132,1.71345,0.20,0.10
2008.04.15 12:18:23.412,1.7132,1.71345,0.20,0.10
2008.04.15 12:18:23.950,1.7132,1.7135,0.50,0.30
2008.04.15 12:18:24.257,1.7132,1.71365,0.50,0.40
2008.04.15 12:18:24.533,1.7132,1.71365,0.30,0.40
2008.04.15 12:18:24.796,1.7132,1.71365,0.30,0.40
2008.04.15 12:18:25.192,1.7132,1.71365,0.30,0.40
2008.04.15 12:18:25.680,1.7132,1.71365,0.30,0.40
2008.04.15 12:18:28.417,1.7134,1.71365,0.30,0.30
2008.04.15 12:18:28.615,1.7134,1.71375,0.30,0.30
2008.04.15 12:18:28.869,1.7134,1.71375,0.50,0.30
2008.04.15 12:18:29.123,1.7134,1.71375,0.50,0.30
2008.04.15 12:18:29.964,1.7134,1.71375,0.50,0.30
2008.04.15 12:18:30.246,1.7134,1.71375,0.50,0.30
2008.04.15 12:18:30.512,1.71355,1.7137,0.30,0.30
2008.04.15 12:18:30.776,1.7137,1.714,0.50,1.40
2008.04.15 12:18:31.031,1.7137,1.714,0.50,0.30
2008.04.15 12:18:31.286,1.7137,1.714,0.50,0.30
2008.04.15 12:18:31.913,1.7137,1.71385,0.20,0.10
2008.04.15 12:18:32.213,1.7137,1.71385,0.20,0.10
2008.04.15 12:18:32.535,1.7136,1.71395,0.80,0.10
2008.04.15 12:18:32.779,1.7135,1.71395,1.10,0.10
2008.04.15 12:18:33.158,1.7135,1.71395,1.10,0.10
2008.04.15 12:18:33.468,1.7135,1.71395,0.40,0.10
2008.04.15 12:18:33.810,1.7135,1.71395,0.40,0.10
2008.04.15 12:18:34.065,1.7136,1.71395,0.20,0.10
2008.04.15 12:18:34.321,1.7136,1.71395,0.20,0.10
2008.04.15 12:18:34.600,1.7135,1.71395,0.30,0.40
2008.04.15 12:18:34.970,1.7136,1.71395,0.20,0.40
2008.04.15 12:18:35.234,1.7136,1.71395,0.20,0.10
2008.04.15 12:18:35.510,1.7135,1.71395,0.40,0.10
2008.04.15 12:18:35.775,1.7135,1.71395,0.30,0.10
2008.04.15 12:18:36.034,1.7139,1.714,0.30,0.60
2008.04.15 12:18:36.288,1.714,1.7143,0.20,0.30
2008.04.15 12:18:36.544,1.71385,1.7142,0.30,0.30
2008.04.15 12:18:36.801,1.7139,1.7142,0.20,0.30
2008.04.15 12:18:37.086,1.7139,1.7143,0.50,0.30
2008.04.15 12:18:39.062,1.7139,1.7143,0.50,0.30
2008.04.15 12:18:39.467,1.7139,1.7142,0.50,0.30
2008.04.15 12:18:39.697,1.7139,1.71425,0.20,0.10
2008.04.15 12:18:39.958,1.7139,1.7143,0.50,0.30
2008.04.15 12:18:40.217,1.7139,1.7143,0.50,0.30
2008.04.15 12:18:40.948,1.7139,1.7143,0.50,0.30
2008.04.15 12:18:41.218,1.7139,1.7143,0.50,0.30
2008.04.15 12:18:41.719,1.7139,1.7143,0.50,0.30
2008.04.15 12:18:41.948,1.7139,1.7143,0.50,0.30
2008.04.15 12:18:42.697,1.7139,1.7143,0.50,0.30
2008.04.15 12:18:42.927,1.714,1.7142,0.20,0.30
2008.04.15 12:18:43.177,1.714,1.7142,0.20,0.30
2008.04.15 12:18:43.450,1.714,1.7142,0.20,0.30
2008.04.15 12:18:48.534,1.714,1.71405,0.20,0.10
2008.04.15 12:18:48.754,1.7136,1.71405,5.20,0.10
2008.04.15 12:18:48.995,1.7136,1.71405,0.50,0.10
2008.04.15 12:18:49.529,1.7136,1.71405,0.50,0.10
2008.04.15 12:18:49.940,1.7136,1.71405,0.50,0.10
2008.04.15 12:18:50.190,1.7136,1.71405,0.50,0.10
2008.04.15 12:18:50.868,1.7136,1.71405,0.50,0.10
2008.04.15 12:18:51.953,1.7137,1.7141,0.30,0.30
2008.04.15 12:18:55.732,1.7137,1.7141,0.30,0.30
2008.04.15 12:18:55.989,1.7137,1.7141,0.30,0.30
2008.04.15 12:18:56.258,1.71365,1.7141,0.30,0.40
2008.04.15 12:18:57.463,1.7136,1.7137,0.20,0.10
2008.04.15 12:18:57.700,1.7133,1.7137,6.00,0.40
2008.04.15 12:18:57.934,1.7134,1.7137,0.20,0.40
2008.04.15 12:18:59.516,1.7133,1.7137,0.80,0.40
2008.04.15 12:18:59.751,1.71325,1.71365,0.30,0.30
2008.04.15 12:19:00.254,1.71325,1.71365,0.30,0.30
2008.04.15 12:19:00.544,1.7132,1.7136,0.50,0.50
2008.04.15 12:19:00.852,1.7132,1.7136,0.50,0.40
2008.04.15 12:19:01.143,1.7132,1.7136,0.50,0.40
2008.04.15 12:19:01.456,1.7132,1.7136,0.50,0.40
2008.04.15 12:19:01.966,1.7132,1.7136,0.50,0.40
2008.04.15 12:19:02.774,1.7132,1.7136,0.50,0.40
2008.04.15 12:19:03.034,1.7132,1.7136,0.50,0.40
2008.04.15 12:19:03.323,1.7132,1.7136,0.50,0.40
2008.04.15 12:19:03.557,1.7132,1.7136,0.50,0.40
2008.04.15 12:19:05.168,1.7132,1.7136,0.50,0.40
2008.04.15 12:19:05.889,1.7132,1.7136,0.50,0.40
2008.04.15 12:19:06.495,1.7133,1.7136,0.30,0.30
2008.04.15 12:19:06.785,1.7133,1.7137,0.30,0.10
2008.04.15 12:19:07.110,1.7133,1.7137,0.30,0.10
2008.04.15 12:19:07.334,1.7133,1.7137,0.30,0.10
2008.04.15 12:19:07.559,1.71335,1.7138,0.30,2.10
2008.04.15 12:19:07.784,1.71335,1.7138,0.30,0.40
2008.04.15 12:19:09.498,1.7133,1.7137,0.40,0.10
2008.04.15 12:19:09.668,1.7133,1.7137,0.30,0.10
2008.04.15 12:19:09.940,1.7133,1.7137,0.30,0.10
2008.04.15 12:19:10.134,1.7134,1.7137,0.20,0.10
2008.04.15 12:19:10.415,1.7134,1.7137,0.20,0.10
2008.04.15 12:19:10.697,1.7134,1.7138,0.20,0.50
2008.04.15 12:19:11.197,1.7134,1.7138,0.20,0.50
2008.04.15 12:19:11.692,1.7134,1.7138,0.20,0.50
2008.04.15 12:19:13.181,1.7134,1.7138,0.20,0.40
2008.04.15 12:19:13.431,1.7134,1.7138,0.20,0.40
2008.04.15 12:19:13.661,1.7134,1.7138,0.50,0.30
2008.04.15 12:19:15.263,1.7134,1.7138,0.50,0.30
2008.04.15 12:19:15.488,1.71345,1.7138,0.30,0.30
2008.04.15 12:19:15.959,1.71345,1.7138,0.30,0.30
2008.04.15 12:19:16.733,1.71345,1.7138,0.30,0.30
2008.04.15 12:19:17.472,1.71345,1.7138,0.30,0.30
2008.04.15 12:19:17.686,1.7134,1.7138,0.50,0.60
2008.04.15 12:19:17.902,1.7134,1.7138,0.50,0.30
2008.04.15 12:19:18.360,1.7134,1.7138,0.50,0.30
2008.04.15 12:19:18.644,1.7134,1.7138,0.50,0.60
2008.04.15 12:19:18.968,1.7134,1.7138,0.50,0.60
2008.04.15 12:19:19.217,1.71345,1.7138,0.30,0.60
2008.04.15 12:19:19.487,1.71345,1.7138,0.30,0.30
2008.04.15 12:19:19.767,1.71335,1.7137,0.30,0.30
2008.04.15 12:19:20.063,1.71335,1.7137,0.30,0.30
2008.04.15 12:19:20.342,1.71335,1.71375,0.30,0.50
2008.04.15 12:19:20.613,1.71335,1.71375,0.30,0.60
2008.04.15 12:19:20.872,1.71335,1.71375,0.30,0.10
2008.04.15 12:19:21.131,1.7133,1.71375,0.30,0.10
2008.04.15 12:19:21.393,1.7132,1.71365,0.30,0.10
2008.04.15 12:19:21.636,1.71325,1.7137,0.30,1.30
2008.04.15 12:19:21.881,1.7132,1.71365,0.30,0.10
2008.04.15 12:19:22.125,1.7132,1.71365,0.30,0.10
2008.04.15 12:19:22.463,1.7132,1.71365,0.30,0.10
2008.04.15 12:19:23.142,1.7132,1.71365,0.30,0.10
2008.04.15 12:19:23.416,1.7132,1.71365,0.50,0.10
2008.04.15 12:19:23.646,1.7132,1.71325,0.20,0.30
2008.04.15 12:19:23.876,1.7129,1.7132,0.20,0.30
2008.04.15 12:19:24.106,1.7129,1.7132,0.50,0.30
2008.04.15 12:19:24.335,1.7129,1.7132,0.20,0.30
2008.04.15 12:19:24.564,1.7129,1.7131,0.20,0.30
2008.04.15 12:19:24.845,1.7129,1.7132,0.50,0.30
2008.04.15 12:19:25.124,1.7129,1.7132,0.20,0.30
2008.04.15 12:19:26.886,1.7129,1.7132,0.20,0.30
2008.04.15 12:19:27.164,1.7129,1.7132,0.20,0.30
2008.04.15 12:19:27.523,1.7129,1.7132,0.20,0.30
2008.04.15 12:19:27.772,1.713,1.71335,0.20,0.10
2008.04.15 12:19:28.141,1.713,1.71335,0.20,0.10
2008.04.15 12:19:28.364,1.713,1.7133,0.20,0.30
2008.04.15 12:19:28.642,1.713,1.7133,0.20,0.30
2008.04.15 12:19:28.913,1.7132,1.7134,0.20,0.10
2008.04.15 12:19:29.182,1.71315,1.7135,0.30,0.30
2008.04.15 12:19:29.452,1.71315,1.7136,0.30,0.40
2008.04.15 12:19:29.723,1.7132,1.7136,0.20,0.10
2008.04.15 12:19:30.008,1.7132,1.7136,0.20,0.10
2008.04.15 12:19:30.293,1.71315,1.7136,0.30,0.10
2008.04.15 12:19:30.577,1.71315,1.7136,0.30,0.10
2008.04.15 12:19:30.813,1.713,1.7133,1.80,0.30
2008.04.15 12:19:31.048,1.71335,1.7134,0.30,0.20
2008.04.15 12:19:31.283,1.7134,1.7137,0.20,0.30
2008.04.15 12:19:31.611,1.7134,1.7137,0.20,0.30
2008.04.15 12:19:31.922,1.7134,1.7137,0.20,0.30
2008.04.15 12:19:32.230,1.7134,1.7137,0.50,0.30
2008.04.15 12:19:32.540,1.7135,1.7137,0.20,0.30
2008.04.15 12:19:32.849,1.7134,1.7137,0.50,0.30
2008.04.15 12:19:33.079,1.7135,1.7137,0.20,0.30
2008.04.15 12:19:33.534,1.7135,1.7137,0.20,0.30
2008.04.15 12:19:34.036,1.7135,1.7137,0.20,0.30
2008.04.15 12:19:34.311,1.71345,1.7139,0.30,0.40
2008.04.15 12:19:34.731,1.71345,1.7139,0.30,0.40
2008.04.15 12:19:35.979,1.71345,1.7139,0.30,1.90
2008.04.15 12:19:36.583,1.71335,1.7138,0.40,0.10
2008.04.15 12:19:36.798,1.71335,1.7138,0.40,0.40
2008.04.15 12:19:37.012,1.71335,1.7138,0.30,0.50
2008.04.15 12:19:37.227,1.7135,1.7138,0.20,0.40
2008.04.15 12:19:37.530,1.71355,1.7138,0.30,0.30
2008.04.15 12:19:37.746,1.71355,1.7139,0.30,0.30
2008.04.15 12:19:38.075,1.71375,1.714,0.30,0.30
2008.04.15 12:19:38.405,1.71375,1.71405,0.30,0.30
2008.04.15 12:19:39.715,1.71375,1.71405,0.30,0.30
2008.04.15 12:19:40.412,1.71375,1.71405,0.30,0.30
2008.04.15 12:19:40.929,1.71375,1.71405,0.30,0.30
2008.04.15 12:19:41.179,1.7137,1.714,0.20,0.60
2008.04.15 12:19:41.441,1.7137,1.714,0.20,0.60
2008.04.15 12:19:41.742,1.7137,1.714,0.20,0.60
2008.04.15 12:19:42.022,1.7136,1.7138,0.20,0.30
2008.04.15 12:19:42.301,1.7136,1.7138,0.20,0.30
2008.04.15 12:19:42.655,1.7136,1.7138,0.20,0.30
2008.04.15 12:19:43.025,1.7136,1.7138,0.20,0.30
2008.04.15 12:19:43.290,1.7134,1.7137,0.20,0.30
2008.04.15 12:19:43.638,1.7134,1.7137,0.20,0.30
2008.04.15 12:19:44.480,1.7134,1.7137,0.20,0.30
2008.04.15 12:19:44.739,1.7134,1.7137,0.20,0.30
2008.04.15 12:19:47.432,1.7134,1.7137,0.20,0.30
2008.04.15 12:19:47.649,1.7135,1.7137,0.20,0.30
2008.04.15 12:19:47.886,1.7135,1.7137,0.20,0.30
2008.04.15 12:19:48.118,1.7135,1.7137,0.20,0.30
2008.04.15 12:19:48.419,1.7135,1.7137,0.20,0.30
2008.04.15 12:19:50.679,1.7135,1.7137,0.20,0.30
2008.04.15 12:19:50.948,1.7135,1.7137,0.20,0.30
2008.04.15 12:19:51.400,1.7135,1.7137,0.20,0.30
2008.04.15 12:19:51.625,1.71335,1.7137,0.10,0.30
2008.04.15 12:19:51.849,1.7133,1.7137,2.60,0.40
2008.04.15 12:19:52.097,1.7133,1.7137,0.60,0.30
2008.04.15 12:19:52.435,1.7133,1.7137,0.50,0.30
2008.04.15 12:19:52.945,1.7133,1.7137,0.50,0.30
2008.04.15 12:19:53.229,1.7133,1.7137,0.60,0.30
2008.04.15 12:19:53.585,1.7133,1.71365,0.30,0.10
2008.04.15 12:19:53.840,1.7132,1.71365,0.40,0.10
2008.04.15 12:19:54.111,1.7132,1.71355,0.10,0.10
2008.04.15 12:19:54.366,1.71315,1.71355,0.40,0.10
2008.04.15 12:19:54.810,1.71315,1.71355,0.40,0.10
2008.04.15 12:19:58.122,1.71315,1.7136,0.40,0.40
2008.04.15 12:19:58.539,1.71315,1.7136,0.40,0.40
2008.04.15 12:19:59.172,1.71315,1.7136,0.40,0.40
2008.04.15 12:19:59.412,1.7133,1.7136,0.20,0.40
2008.04.15 12:19:59.637,1.71325,1.71365,0.30,0.40
2008.04.15 12:19:59.864,1.71325,1.7136,0.30,0.30
2008.04.15 12:20:00.093,1.71315,1.7136,0.30,0.40
2008.04.15 12:20:00.323,1.71315,1.7136,0.30,0.50
2008.04.15 12:20:00.731,1.71315,1.7135,0.30,0.30
2008.04.15 12:20:01.026,1.7131,1.7135,0.50,0.30
2008.04.15 12:20:01.450,1.7131,1.7135,0.50,0.30
2008.04.15 12:20:01.725,1.7132,1.7135,0.20,0.30
2008.04.15 12:20:01.981,1.7132,1.7135,0.20,0.30
2008.04.15 12:20:02.259,1.7132,1.7135,0.50,0.30
2008.04.15 12:20:02.512,1.7132,1.7136,0.30,0.10
2008.04.15 12:20:02.824,1.7131,1.7135,0.50,0.30
2008.04.15 12:20:03.151,1.7132,1.7135,0.20,0.30
2008.04.15 12:20:03.460,1.7132,1.7135,0.20,0.30
2008.04.15 12:20:03.695,1.7132,1.7135,0.20,0.30
2008.04.15 12:20:03.931,1.71315,1.7135,0.10,0.30
2008.04.15 12:20:04.173,1.71315,1.7135,0.40,0.30
2008.04.15 12:20:04.433,1.71315,1.7135,0.30,0.30
2008.04.15 12:20:04.712,1.71325,1.7136,0.30,0.30
2008.04.15 12:20:05.017,1.7133,1.7136,0.20,0.30
2008.04.15 12:20:05.321,1.7134,1.71375,0.20,0.40
2008.04.15 12:20:05.648,1.7134,1.7137,0.20,0.10
2008.04.15 12:20:05.875,1.71325,1.7137,0.30,0.10
2008.04.15 12:20:06.143,1.71325,1.71365,0.30,0.10
2008.04.15 12:20:06.393,1.7132,1.7136,0.20,0.40
2008.04.15 12:20:06.664,1.7132,1.7136,0.20,0.40
2008.04.15 12:20:06.953,1.7132,1.7136,0.20,0.40
2008.04.15 12:20:07.243,1.71325,1.7136,0.30,0.30
2008.04.15 12:20:07.533,1.7132,1.7136,0.20,0.40
2008.04.15 12:20:08.440,1.7132,1.7136,0.20,0.40
2008.04.15 12:20:08.766,1.7132,1.7136,0.20,0.40
2008.04.15 12:20:09.164,1.7132,1.7136,0.20,0.40
2008.04.15 12:20:09.510,1.7132,1.7136,0.30,0.40
2008.04.15 12:20:09.793,1.7132,1.7136,0.20,0.40
2008.04.15 12:20:10.102,1.7132,1.7136,0.20,0.40
2008.04.15 12:20:10.780,1.7132,1.7136,0.20,0.40
2008.04.15 12:20:11.833,1.7132,1.7136,0.20,0.40
2008.04.15 12:20:12.058,1.7132,1.7136,0.20,0.40
2008.04.15 12:20:12.662,1.7132,1.7136,0.20,0.40
2008.04.15 12:20:12.941,1.7132,1.7136,0.30,0.10
2008.04.15 12:20:13.220,1.7132,1.71355,0.30,0.50
2008.04.15 12:20:14.420,1.7132,1.71355,0.30,0.50
2008.04.15 12:20:14.939,1.7132,1.71355,0.30,0.50
2008.04.15 12:20:15.753,1.7132,1.71355,0.30,0.50
2008.04.15 12:20:15.983,1.7132,1.7135,0.30,0.50
2008.04.15 12:20:16.188,1.7132,1.7135,0.30,0.80
2008.04.15 12:20:16.418,1.7132,1.7136,0.30,0.60
2008.04.15 12:20:16.795,1.7132,1.7136,0.30,0.60
2008.04.15 12:20:17.425,1.7132,1.7136,0.30,0.60
2008.04.15 12:20:18.238,1.7132,1.7135,0.30,0.50
2008.04.15 12:20:18.473,1.7132,1.7135,0.30,0.50
2008.04.15 12:20:18.663,1.71315,1.7135,0.30,0.80
2008.04.15 12:20:18.852,1.71315,1.7135,0.30,0.80
2008.04.15 12:20:19.725,1.7132,1.7135,0.30,0.80
2008.04.15 12:20:19.930,1.7132,1.71355,0.30,0.50
2008.04.15 12:20:20.679,1.7132,1.71355,0.30,0.50
2008.04.15 12:20:20.914,1.7131,1.7135,0.50,0.30
2008.04.15 12:20:21.276,1.7131,1.7135,0.50,0.30
2008.04.15 12:20:21.572,1.7131,1.71345,0.20,0.10
2008.04.15 12:20:21.867,1.7131,1.7135,0.50,1.20
2008.04.15 12:20:22.246,1.7131,1.7135,0.50,0.80
2008.04.15 12:20:22.470,1.7131,1.7135,0.50,0.60
2008.04.15 12:20:22.720,1.7131,1.71345,0.20,0.10
2008.04.15 12:20:22.963,1.7131,1.7135,0.50,0.60
2008.04.15 12:20:23.283,1.7131,1.71345,0.20,0.10
2008.04.15 12:20:23.602,1.7131,1.71345,0.20,0.10
2008.04.15 12:20:23.921,1.7131,1.7133,0.20,0.30
2008.04.15 12:20:24.136,1.7131,1.7133,0.20,0.30
2008.04.15 12:20:24.351,1.7131,1.7133,0.20,0.30
2008.04.15 12:20:24.943,1.7131,1.7133,0.20,0.30
2008.04.15 12:20:25.263,1.7131,1.7134,0.20,1.20
2008.04.15 12:20:25.646,1.7131,1.7134,0.20,0.50
2008.04.15 12:20:25.968,1.7131,1.7134,0.20,1.20
2008.04.15 12:20:26.163,1.7131,1.71345,0.20,0.40
2008.04.15 12:20:27.843,1.7131,1.71345,0.20,0.40
2008.04.15 12:20:28.000,1.7131,1.71345,0.20,0.10
2008.04.15 12:20:28.225,1.7131,1.71345,0.20,0.10
2008.04.15 12:20:30.922,1.7131,1.71345,0.20,0.10
2008.04.15 12:20:31.231,1.7131,1.71345,0.20,0.10
2008.04.15 12:20:32.252,1.7131,1.71345,0.20,0.10
2008.04.15 12:20:32.902,1.7131,1.71345,0.20,0.10
2008.04.15 12:20:33.133,1.7131,1.71345,0.20,0.40
2008.04.15 12:20:33.398,1.713,1.7134,0.50,0.50
2008.04.15 12:20:33.712,1.713,1.7134,0.50,0.50
2008.04.15 12:20:33.977,1.713,1.7134,0.30,0.40
2008.04.15 12:20:34.241,1.7129,1.71335,0.50,0.40
2008.04.15 12:20:34.679,1.7129,1.71335,0.50,0.40
2008.04.15 12:20:34.944,1.7131,1.71335,0.20,0.10
2008.04.15 12:20:35.240,1.7131,1.71335,0.20,0.10
2008.04.15 12:20:35.500,1.7129,1.71335,0.50,0.10
2008.04.15 12:20:40.973,1.7129,1.71335,0.50,0.10
2008.04.15 12:20:42.511,1.7129,1.71335,0.50,0.10
2008.04.15 12:20:42.709,1.7129,1.71325,0.20,0.40
2008.04.15 12:20:42.902,1.7128,1.71325,0.50,0.40
2008.04.15 12:20:43.598,1.7128,1.71325,0.50,0.40
2008.04.15 12:20:45.267,1.7128,1.7132,0.20,0.10
2008.04.15 12:20:45.523,1.7127,1.71315,0.50,0.10
2008.04.15 12:20:45.776,1.7127,1.71315,0.50,0.40
2008.04.15 12:20:46.430,1.7127,1.71315,0.50,0.40
2008.04.15 12:20:48.957,1.71275,1.71315,0.30,0.30
2008.04.15 12:20:49.191,1.71275,1.7132,0.30,2.10
2008.04.15 12:20:49.497,1.71275,1.7132,0.30,0.50
2008.04.15 12:20:49.754,1.7128,1.7132,0.50,0.30
2008.04.15 12:20:50.006,1.7128,1.71325,0.50,0.40
2008.04.15 12:20:50.288,1.7129,1.7132,0.20,0.10
2008.04.15 12:20:50.543,1.7128,1.7132,1.00,2.10
2008.04.15 12:20:50.843,1.71275,1.7131,0.30,0.30
2008.04.15 12:20:51.141,1.7127,1.7131,0.60,0.40
2008.04.15 12:20:51.503,1.7127,1.7131,0.50,0.40
2008.04.15 12:20:51.748,1.7127,1.7131,0.60,0.40
2008.04.15 12:20:52.016,1.71275,1.7131,0.30,0.30
2008.04.15 12:20:53.390,1.71275,1.7131,0.30,0.30
2008.04.15 12:20:53.665,1.7127,1.71305,0.20,0.10
2008.04.15 12:20:53.870,1.71265,1.713,0.30,0.30
2008.04.15 12:20:54.077,1.71255,1.71295,0.10,0.10
2008.04.15 12:20:54.282,1.7126,1.71295,0.80,0.10
2008.04.15 12:20:54.488,1.7127,1.71295,0.20,0.10
2008.04.15 12:20:54.785,1.7127,1.71295,0.20,0.10
2008.04.15 12:20:55.119,1.7125,1.71295,0.50,0.10
2008.04.15 12:20:55.507,1.71255,1.71295,0.30,0.10
2008.04.15 12:20:56.217,1.71255,1.71295,0.30,0.10
2008.04.15 12:20:56.458,1.7127,1.71295,0.20,0.10
2008.04.15 12:20:56.771,1.7127,1.71295,0.20,0.10
2008.04.15 12:20:57.056,1.71255,1.71295,0.30,0.10
2008.04.15 12:20:57.341,1.7127,1.71295,0.20,0.10
2008.04.15 12:20:57.740,1.7127,1.71295,0.20,0.10
2008.04.15 12:20:57.990,1.71255,1.71295,0.30,0.10
2008.04.15 12:20:58.438,1.71255,1.71295,0.30,0.10
2008.04.15 12:20:59.032,1.71255,1.71295,0.30,0.10
2008.04.15 12:20:59.422,1.7125,1.7129,0.50,0.10
2008.04.15 12:20:59.672,1.7125,1.7129,0.50,0.40
2008.04.15 12:20:59.921,1.71255,1.7129,0.30,0.30
2008.04.15 12:21:00.164,1.71255,1.7129,0.30,0.30
2008.04.15 12:21:00.407,1.7126,1.71295,0.20,0.10
2008.04.15 12:21:00.647,1.7126,1.713,0.50,0.30
2008.04.15 12:21:00.942,1.7126,1.713,0.50,0.30
2008.04.15 12:21:01.216,1.71255,1.71295,0.30,0.10
2008.04.15 12:21:01.566,1.71255,1.71295,0.30,0.10
2008.04.15 12:21:03.175,1.7126,1.713,0.30,0.30
2008.04.15 12:21:03.429,1.7126,1.713,0.30,0.30
2008.04.15 12:21:03.937,1.7126,1.713,0.30,0.30
2008.04.15 12:21:04.234,1.7126,1.713,0.30,0.30
2008.04.15 12:21:04.460,1.7127,1.713,0.20,0.40
2008.04.15 12:21:04.685,1.7127,1.7129,0.20,0.30
2008.04.15 12:21:05.901,1.7127,1.7129,0.20,0.30
2008.04.15 12:21:08.102,1.7127,1.7129,0.20,0.30
2008.04.15 12:21:08.448,1.7127,1.7129,0.20,0.30
2008.04.15 12:21:08.783,1.7127,1.7129,0.20,0.30
2008.04.15 12:21:09.666,1.7127,1.7129,0.20,0.30
2008.04.15 12:21:09.946,1.7128,1.7131,0.20,0.30
2008.04.15 12:21:10.163,1.7128,1.7131,0.20,0.30
2008.04.15 12:21:10.463,1.7128,1.7131,0.20,0.30
2008.04.15 12:21:10.705,1.7128,1.7131,0.20,0.30
2008.04.15 12:21:10.905,1.7128,1.713,0.20,0.30
2008.04.15 12:21:11.139,1.7128,1.713,0.20,0.30
2008.04.15 12:21:11.429,1.7128,1.713,0.20,0.30
2008.04.15 12:21:11.719,1.7128,1.713,0.20,0.30
2008.04.15 12:21:12.157,1.7128,1.713,0.20,0.30
2008.04.15 12:21:15.225,1.7128,1.713,0.20,0.30
2008.04.15 12:21:15.435,1.71265,1.713,0.30,0.30
2008.04.15 12:21:15.646,1.71265,1.713,0.30,0.30
2008.04.15 12:21:15.966,1.7126,1.713,0.60,0.30
2008.04.15 12:21:16.896,1.7126,1.713,0.60,0.30
2008.04.15 12:21:17.187,1.7126,1.713,0.30,0.40
2008.04.15 12:21:17.638,1.7126,1.713,0.30,0.40
2008.04.15 12:21:18.209,1.7126,1.713,0.10,0.40
2008.04.15 12:21:18.502,1.71255,1.713,0.30,0.40
2008.04.15 12:21:18.763,1.7125,1.71295,0.60,0.10
2008.04.15 12:21:19.185,1.7125,1.71295,0.60,0.10
2008.04.15 12:21:19.445,1.7125,1.7129,0.30,0.40
2008.04.15 12:21:22.921,1.7125,1.7129,0.30,0.40
2008.04.15 12:21:23.156,1.7125,1.7129,0.60,0.30
2008.04.15 12:21:24.746,1.7126,1.7129,0.30,0.30
2008.04.15 12:21:25.011,1.7126,1.713,0.30,0.30
2008.04.15 12:21:25.631,1.7126,1.713,0.30,0.30
2008.04.15 12:21:26.312,1.7126,1.713,0.30,0.60
2008.04.15 12:21:26.566,1.7126,1.713,0.30,0.60
2008.04.15 12:21:26.949,1.7125,1.71295,0.50,0.10
2008.04.15 12:21:27.213,1.71245,1.7127,0.10,0.10
2008.04.15 12:21:27.467,1.7123,1.7127,0.50,0.10
2008.04.15 12:21:27.740,1.7123,1.7127,1.20,0.10
2008.04.15 12:21:28.023,1.7125,1.7127,0.20,0.10
2008.04.15 12:21:28.303,1.7125,1.7127,0.20,0.10
2008.04.15 12:21:28.577,1.7125,1.7128,0.20,0.50
2008.04.15 12:21:28.857,1.7125,1.7128,0.20,0.50
2008.04.15 12:21:29.137,1.7125,1.7127,0.20,0.10
2008.04.15 12:21:29.715,1.7125,1.7127,0.20,0.10
2008.04.15 12:21:29.979,1.7123,1.7126,0.20,0.10
2008.04.15 12:21:30.220,1.7122,1.7126,1.20,0.40
2008.04.15 12:21:30.716,1.7122,1.7126,1.20,0.40
2008.04.15 12:21:31.007,1.7122,1.7126,1.20,0.30
2008.04.15 12:21:31.295,1.71235,1.7126,0.30,0.30
2008.04.15 12:21:31.585,1.71235,1.7128,0.30,0.40
2008.04.15 12:21:31.820,1.71235,1.7128,0.40,0.40
2008.04.15 12:21:32.055,1.71245,1.71285,0.40,0.10
2008.04.15 12:21:32.435,1.71245,1.7129,0.40,0.40
2008.04.15 12:21:33.998,1.71245,1.71285,0.40,0.10
2008.04.15 12:21:35.877,1.71245,1.71285,0.40,0.10
2008.04.15 12:21:36.127,1.7124,1.7128,0.60,0.10
2008.04.15 12:21:37.716,1.7124,1.7128,0.60,0.10
2008.04.15 12:21:37.975,1.7124,1.7128,0.60,0.40
2008.04.15 12:21:38.386,1.7124,1.7128,0.60,0.40
2008.04.15 12:21:38.645,1.71245,1.7128,0.10,0.40
2008.04.15 12:21:38.878,1.7124,1.7128,0.60,0.40
2008.04.15 12:21:39.113,1.7124,1.7128,0.30,0.40
2008.04.15 12:21:39.351,1.71245,1.7128,0.10,0.40
2008.04.15 12:21:39.609,1.7124,1.71275,0.30,0.10
2008.04.15 12:21:39.810,1.7124,1.71275,0.20,0.10
2008.04.15 12:21:40.033,1.7124,1.71275,0.20,0.10
2008.04.15 12:21:40.257,1.7124,1.71275,0.20,0.10
2008.04.15 12:21:40.937,1.7124,1.71275,0.20,0.10
2008.04.15 12:21:41.248,1.7124,1.71275,0.20,0.10
2008.04.15 12:21:41.493,1.7124,1.71275,0.90,0.10
2008.04.15 12:21:42.125,1.7124,1.71275,0.90,0.10
2008.04.15 12:21:43.944,1.7124,1.71275,0.90,0.10
2008.04.15 12:21:44.796,1.7124,1.71275,0.90,0.10
2008.04.15 12:21:45.057,1.7124,1.71275,0.20,0.10
2008.04.15 12:21:46.397,1.7124,1.71275,0.20,0.10
2008.04.15 12:21:47.628,1.7124,1.71275,0.20,0.10
2008.04.15 12:21:47.971,1.7124,1.7128,0.50,0.40
2008.04.15 12:21:48.840,1.7124,1.7128,0.50,0.40
2008.04.15 12:21:49.093,1.7124,1.7128,0.50,0.40
2008.04.15 12:21:50.967,1.7124,1.7128,0.50,0.40
2008.04.15 12:21:56.200,1.7124,1.7128,0.50,0.40
2008.04.15 12:21:57.357,1.7124,1.7128,0.50,0.40
2008.04.15 12:21:57.938,1.7124,1.7127,0.30,0.30
2008.04.15 12:21:59.130,1.7124,1.7127,0.30,0.30
2008.04.15 12:21:59.702,1.7124,1.7127,0.30,0.30
2008.04.15 12:22:00.217,1.7124,1.7127,0.30,0.30
2008.04.15 12:22:01.596,1.7124,1.7127,0.30,0.30
2008.04.15 12:22:01.822,1.71235,1.7126,0.30,0.30
2008.04.15 12:22:03.678,1.71235,1.7126,0.30,0.30
2008.04.15 12:22:03.962,1.7123,1.7126,0.30,0.30
2008.04.15 12:22:04.428,1.7123,1.7126,0.30,0.30
2008.04.15 12:22:04.666,1.7123,1.7126,0.30,0.30
2008.04.15 12:22:05.902,1.7123,1.7126,0.30,0.30
2008.04.15 12:22:06.191,1.7124,1.7127,0.30,0.30
2008.04.15 12:22:06.449,1.7124,1.7127,0.30,0.30
2008.04.15 12:22:06.656,1.71235,1.7126,0.30,0.30
2008.04.15 12:22:06.859,1.71225,1.7126,0.30,0.30
2008.04.15 12:22:07.456,1.71225,1.7126,0.30,0.30
2008.04.15 12:22:08.071,1.71225,1.7126,0.30,0.30
2008.04.15 12:22:08.250,1.71225,1.7126,0.30,0.30
2008.04.15 12:22:11.424,1.71225,1.7126,0.30,0.30
2008.04.15 12:22:11.693,1.71225,1.7126,0.30,0.30
2008.04.15 12:22:13.506,1.71225,1.7126,0.30,0.30
2008.04.15 12:22:14.204,1.71225,1.7126,0.30,0.30
2008.04.15 12:22:17.324,1.7122,1.7126,0.30,0.40
2008.04.15 12:22:17.577,1.71215,1.7124,0.40,0.30
2008.04.15 12:22:17.825,1.71215,1.7124,0.40,0.30
2008.04.15 12:22:18.099,1.71215,1.7124,0.30,0.30
2008.04.15 12:22:18.739,1.71215,1.7124,0.30,0.30
2008.04.15 12:22:19.033,1.7122,1.7125,0.30,0.30
2008.04.15 12:22:20.647,1.71215,1.7125,0.30,0.30
2008.04.15 12:22:20.906,1.71215,1.7124,0.30,0.30
2008.04.15 12:22:21.282,1.71215,1.7124,0.30,0.30
2008.04.15 12:22:21.542,1.7121,1.7124,0.30,0.30
2008.04.15 12:22:21.913,1.7121,1.7124,0.30,0.30
2008.04.15 12:22:22.220,1.7121,1.7124,0.30,0.30
2008.04.15 12:22:24.026,1.7121,1.7124,0.30,0.30
2008.04.15 12:22:24.240,1.7121,1.7124,0.30,0.30
2008.04.15 12:22:25.062,1.7121,1.7124,0.30,0.30
2008.04.15 12:22:25.335,1.71215,1.7124,0.30,0.30
2008.04.15 12:22:25.600,1.7122,1.7124,0.30,0.30
2008.04.15 12:22:25.835,1.71215,1.7124,0.30,0.30
2008.04.15 12:22:26.220,1.71215,1.7124,0.30,0.30
2008.04.15 12:22:26.608,1.71215,1.7124,0.30,0.30
2008.04.15 12:22:26.919,1.71215,1.7124,0.30,0.30
2008.04.15 12:22:27.296,1.71215,1.7124,0.30,0.30
2008.04.15 12:22:27.570,1.712,1.7124,0.50,0.30
2008.04.15 12:22:27.882,1.712,1.7124,0.60,0.30
2008.04.15 12:22:28.102,1.712,1.7124,0.50,0.30
2008.04.15 12:22:28.412,1.712,1.7124,0.50,0.30
2008.04.15 12:22:28.631,1.712,1.7124,0.50,0.30
2008.04.15 12:22:31.199,1.712,1.7124,0.50,0.30
2008.04.15 12:22:32.125,1.712,1.7124,0.50,0.30
2008.04.15 12:22:32.382,1.712,1.7124,0.50,0.30
2008.04.15 12:22:32.957,1.712,1.7124,0.50,0.30
2008.04.15 12:22:40.879,1.712,1.7124,0.50,0.30
2008.04.15 12:22:41.463,1.712,1.7124,0.50,0.30
2008.04.15 12:22:45.424,1.712,1.7124,0.50,0.30
2008.04.15 12:22:48.342,1.712,1.7124,0.50,0.30
2008.04.15 12:22:48.591,1.71185,1.7122,0.10,0.30
2008.04.15 12:22:48.840,1.71185,1.7122,0.10,0.30
2008.04.15 12:22:49.107,1.7118,1.7122,0.30,0.30
2008.04.15 12:22:49.379,1.71175,1.71215,0.10,0.10
2008.04.15 12:22:49.644,1.71175,1.712,0.10,0.30
2008.04.15 12:22:49.908,1.7117,1.712,0.40,0.30
2008.04.15 12:22:50.199,1.7117,1.712,0.40,0.30
2008.04.15 12:22:51.449,1.7117,1.712,0.40,0.30
2008.04.15 12:22:51.737,1.7117,1.712,0.30,0.30
2008.04.15 12:22:53.804,1.7117,1.712,0.30,0.30
2008.04.15 12:22:53.885,1.71165,1.712,0.30,0.30
2008.04.15 12:22:54.225,1.71165,1.712,0.30,0.30
2008.04.15 12:22:55.631,1.71165,1.712,0.30,0.30
2008.04.15 12:22:55.955,1.7116,1.7119,0.80,0.10
2008.04.15 12:22:56.299,1.7116,1.712,0.10,0.40
2008.04.15 12:22:56.618,1.71155,1.7118,0.40,0.30
2008.04.15 12:22:56.952,1.71155,1.712,0.40,0.40
2008.04.15 12:22:57.491,1.71155,1.712,0.40,0.40
2008.04.15 12:22:57.737,1.7116,1.712,0.30,0.30
2008.04.15 12:22:58.034,1.7116,1.7119,0.30,0.30
2008.04.15 12:22:58.322,1.7116,1.7119,0.30,0.30
2008.04.15 12:22:58.612,1.7115,1.7119,0.30,0.30
2008.04.15 12:22:58.901,1.7115,1.7119,1.20,0.30
2008.04.15 12:22:59.160,1.71155,1.7119,0.30,0.30
2008.04.15 12:22:59.777,1.71155,1.7119,0.30,0.30
2008.04.15 12:23:00.035,1.7115,1.7119,0.20,0.40
2008.04.15 12:23:00.285,1.71145,1.7119,0.40,0.40
2008.04.15 12:23:00.705,1.71145,1.7119,0.40,0.40
2008.04.15 12:23:00.974,1.71145,1.7119,0.30,0.40
2008.04.15 12:23:01.243,1.7114,1.71185,0.40,0.10
2008.04.15 12:23:01.945,1.7114,1.71185,0.40,0.10
2008.04.15 12:23:03.899,1.7115,1.7119,0.30,0.30
2008.04.15 12:23:04.168,1.7115,1.7119,0.30,0.30
2008.04.15 12:23:04.479,1.7115,1.7119,0.30,0.30
2008.04.15 12:23:04.911,1.7115,1.7119,0.30,0.30
2008.04.15 12:23:05.191,1.7115,1.7119,0.50,0.30
2008.04.15 12:23:05.469,1.7115,1.7119,0.50,0.30
2008.04.15 12:23:05.753,1.7114,1.71185,0.30,0.10
2008.04.15 12:23:06.013,1.71145,1.7119,0.30,0.50
2008.04.15 12:23:06.414,1.71145,1.7119,0.30,0.50
2008.04.15 12:23:06.733,1.7115,1.7119,0.30,0.30
2008.04.15 12:23:06.988,1.7115,1.7119,0.30,0.30
2008.04.15 12:23:07.243,1.71145,1.7119,0.30,0.40
2008.04.15 12:23:07.522,1.71145,1.7119,0.30,0.40
2008.04.15 12:23:07.801,1.71155,1.7119,0.30,0.30
2008.04.15 12:23:08.074,1.7115,1.7119,1.20,0.30
2008.04.15 12:23:08.300,1.7115,1.7119,0.30,0.30
2008.04.15 12:23:08.662,1.7115,1.7119,0.30,0.30
2008.04.15 12:23:08.968,1.7115,1.7119,0.30,0.30
2008.04.15 12:23:09.251,1.7114,1.71185,0.30,0.10
2008.04.15 12:23:09.536,1.7113,1.7117,0.10,0.10
2008.04.15 12:23:09.821,1.71135,1.71175,0.30,0.10
2008.04.15 12:23:10.094,1.7113,1.71175,0.30,0.10
2008.04.15 12:23:10.411,1.7113,1.71175,0.30,0.10
2008.04.15 12:23:10.676,1.71125,1.7117,0.30,0.10
2008.04.15 12:23:10.940,1.71125,1.7117,0.30,0.10
2008.04.15 12:23:11.455,1.71125,1.7117,0.30,0.10
2008.04.15 12:23:11.737,1.71125,1.7117,0.40,0.10
2008.04.15 12:23:12.919,1.71125,1.7117,0.40,0.10
2008.04.15 12:23:13.212,1.71125,1.7117,0.40,0.10
2008.04.15 12:23:13.458,1.71135,1.7118,0.30,0.10
2008.04.15 12:23:13.948,1.71135,1.7118,0.30,0.10
2008.04.15 12:23:14.246,1.71145,1.7119,0.30,0.40
2008.04.15 12:23:14.620,1.71145,1.7119,0.30,0.40
2008.04.15 12:23:14.901,1.71145,1.7119,0.30,0.40
2008.04.15 12:23:15.182,1.71145,1.7119,0.30,0.50
2008.04.15 12:23:15.462,1.71135,1.7118,0.40,0.10
2008.04.15 12:23:15.944,1.7114,1.7118,0.30,0.10
2008.04.15 12:23:16.208,1.7114,1.7118,0.30,0.40
2008.04.15 12:23:16.472,1.7114,1.7118,0.30,0.40
2008.04.15 12:23:16.715,1.71145,1.7119,0.30,0.40
2008.04.15 12:23:16.954,1.7116,1.7119,0.20,0.40
2008.04.15 12:23:17.268,1.7116,1.7119,0.20,0.40
2008.04.15 12:23:17.582,1.7116,1.712,0.20,0.50
2008.04.15 12:23:18.005,1.7116,1.712,0.20,0.40
2008.04.15 12:23:18.421,1.7116,1.712,0.20,0.40
2008.04.15 12:23:18.714,1.7116,1.712,0.20,0.40
2008.04.15 12:23:18.945,1.7116,1.712,0.20,0.40
2008.04.15 12:23:19.240,1.7117,1.71205,0.20,0.40
2008.04.15 12:23:19.535,1.7117,1.71205,0.20,0.10
2008.04.15 12:23:19.863,1.71175,1.712,0.30,0.30
2008.04.15 12:23:20.163,1.7118,1.712,0.20,0.30
2008.04.15 12:23:20.405,1.7119,1.7122,0.20,0.30
2008.04.15 12:23:20.643,1.7119,1.7122,0.50,0.30
2008.04.15 12:23:20.929,1.7119,1.71225,0.20,0.10
2008.04.15 12:23:21.223,1.7118,1.7121,0.50,0.30
2008.04.15 12:23:21.518,1.7118,1.7121,0.50,0.30
2008.04.15 12:23:21.837,1.7118,1.7121,0.20,0.30
2008.04.15 12:23:22.135,1.7118,1.7121,0.20,0.30
2008.04.15 12:23:22.495,1.7118,1.71205,0.20,0.10
2008.04.15 12:23:22.776,1.7116,1.71205,0.50,0.10
2008.04.15 12:23:23.055,1.7116,1.71205,0.50,0.10
2008.04.15 12:23:23.298,1.7116,1.7119,0.50,0.30
2008.04.15 12:23:23.542,1.7116,1.7118,0.20,0.30
2008.04.15 12:23:23.787,1.7116,1.7118,0.20,0.30
2008.04.15 12:23:24.031,1.7116,1.7118,0.20,0.30
2008.04.15 12:23:24.483,1.7116,1.7118,0.20,0.30
2008.04.15 12:23:24.773,1.7114,1.7118,0.60,0.30
2008.04.15 12:23:25.063,1.7115,1.71195,0.30,0.40
2008.04.15 12:23:25.317,1.7115,1.71195,0.30,0.40
2008.04.15 12:23:26.184,1.7115,1.71195,0.30,0.40
2008.04.15 12:23:26.935,1.7115,1.71195,0.30,0.40
2008.04.15 12:23:27.432,1.7116,1.71195,0.30,0.30
2008.04.15 12:23:27.682,1.7116,1.71205,0.30,0.10
2008.04.15 12:23:27.930,1.71155,1.712,0.40,0.10
2008.04.15 12:23:28.433,1.71155,1.712,0.40,0.10
2008.04.15 12:23:30.007,1.71155,1.712,0.40,0.10
2008.04.15 12:23:30.247,1.71155,1.71195,0.10,0.10
2008.04.15 12:23:30.505,1.7116,1.71205,0.50,0.10
2008.04.15 12:23:30.744,1.7116,1.71205,0.60,0.10
2008.04.15 12:23:31.138,1.7116,1.71205,0.60,0.10
2008.04.15 12:23:31.449,1.7116,1.71205,0.60,0.10
2008.04.15 12:23:32.951,1.7117,1.7121,0.30,0.60
2008.04.15 12:23:33.218,1.7118,1.7121,0.20,0.60
2008.04.15 12:23:33.984,1.7118,1.7121,0.20,0.60
2008.04.15 12:23:34.214,1.7118,1.7122,0.50,1.00
2008.04.15 12:23:34.468,1.7119,1.7122,0.50,0.30
2008.04.15 12:23:34.723,1.7119,1.71225,0.50,0.30
2008.04.15 12:23:34.977,1.7119,1.71225,0.20,0.30
2008.04.15 12:23:35.234,1.7119,1.7121,0.20,0.30
2008.04.15 12:23:35.582,1.7119,1.7121,0.20,0.30
2008.04.15 12:23:35.913,1.7119,1.7121,0.20,0.30
2008.04.15 12:23:36.204,1.7119,1.7123,0.50,1.00
2008.04.15 12:23:36.915,1.7119,1.7123,0.20,1.10
2008.04.15 12:23:37.180,1.7119,1.7121,0.20,0.30
2008.04.15 12:23:37.464,1.7119,1.7121,0.20,0.30
2008.04.15 12:23:37.699,1.7119,1.7121,0.20,0.30
2008.04.15 12:23:38.000,1.7119,1.7121,0.20,0.30
2008.04.15 12:23:38.260,1.7119,1.7123,0.50,1.20
2008.04.15 12:23:38.558,1.7119,1.7121,0.50,0.30
2008.04.15 12:23:38.853,1.7119,1.7121,0.50,0.30
2008.04.15 12:23:39.185,1.7119,1.7121,0.20,0.30
2008.04.15 12:23:39.446,1.7119,1.7121,0.20,0.30
2008.04.15 12:23:39.693,1.7119,1.7123,0.50,1.20
2008.04.15 12:23:42.643,1.7119,1.7123,0.50,1.20
2008.04.15 12:23:42.878,1.7119,1.71225,0.50,0.30
2008.04.15 12:23:43.113,1.7118,1.7122,0.50,0.30
2008.04.15 12:23:43.349,1.7118,1.7121,0.50,0.30
2008.04.15 12:23:43.608,1.7118,1.7121,0.50,0.30
2008.04.15 12:23:43.893,1.7118,1.7121,0.50,0.30
2008.04.15 12:23:44.763,1.7118,1.7121,0.50,0.30
2008.04.15 12:23:45.058,1.7118,1.7121,0.50,0.30
2008.04.15 12:23:45.671,1.7118,1.7121,0.50,0.30
2008.04.15 12:23:46.490,1.7118,1.7121,0.50,0.30
2008.04.15 12:23:46.724,1.7118,1.7121,0.20,0.30
2008.04.15 12:23:46.958,1.7118,1.7121,0.50,0.30
2008.04.15 12:23:47.218,1.7119,1.7122,0.30,0.80
2008.04.15 12:23:47.480,1.7119,1.7123,0.30,1.20
2008.04.15 12:23:47.926,1.7119,1.7123,0.30,1.20
2008.04.15 12:23:48.196,1.71185,1.7122,0.30,0.80
2008.04.15 12:23:48.464,1.71185,1.71225,0.30,0.10
2008.04.15 12:23:48.940,1.71185,1.71225,0.30,0.10
2008.04.15 12:23:49.194,1.71185,1.71225,0.30,0.40
2008.04.15 12:23:51.912,1.7118,1.7122,0.50,0.10
2008.04.15 12:23:52.123,1.7117,1.7121,0.50,0.30
2008.04.15 12:23:52.432,1.7117,1.7121,0.50,0.30
2008.04.15 12:23:52.802,1.7117,1.7121,0.50,0.30
2008.04.15 12:23:55.956,1.71175,1.7121,0.30,0.30
2008.04.15 12:24:00.665,1.71175,1.7121,0.30,0.30
2008.04.15 12:24:03.449,1.71175,1.7121,0.30,0.30
2008.04.15 12:24:04.748,1.71175,1.7121,0.30,0.30
2008.04.15 12:24:05.083,1.71185,1.7121,0.30,0.30
2008.04.15 12:24:05.418,1.71185,1.71225,0.30,0.10
2008.04.15 12:24:05.751,1.71185,1.71225,0.30,0.10
2008.04.15 12:24:06.163,1.71185,1.71225,0.30,0.10
2008.04.15 12:24:06.459,1.71175,1.7122,0.40,0.10
2008.04.15 12:24:06.756,1.71175,1.7122,0.40,0.10
2008.04.15 12:24:07.053,1.7117,1.71215,0.30,0.10
2008.04.15 12:24:07.372,1.7118,1.71215,0.20,0.10
2008.04.15 12:24:07.641,1.7117,1.7121,0.60,0.30
2008.04.15 12:24:07.994,1.7117,1.7121,0.50,0.30
2008.04.15 12:24:08.234,1.71165,1.712,0.40,0.30
2008.04.15 12:24:08.473,1.71165,1.712,0.30,0.30
2008.04.15 12:24:08.714,1.7117,1.712,0.30,0.30
2008.04.15 12:24:09.025,1.7118,1.71215,0.20,0.10
2008.04.15 12:24:09.314,1.7118,1.7122,0.50,0.60
2008.04.15 12:24:09.604,1.7117,1.71215,0.40,0.10
2008.04.15 12:24:11.016,1.71175,1.7122,0.30,0.40
2008.04.15 12:24:11.285,1.7117,1.71215,0.40,0.10
2008.04.15 12:24:11.664,1.7117,1.71215,0.40,0.10
2008.04.15 12:24:11.887,1.7117,1.71215,0.40,0.10
2008.04.15 12:24:12.112,1.7117,1.7121,0.10,0.10
2008.04.15 12:24:12.585,1.71165,1.7121,0.40,0.10
2008.04.15 12:24:12.860,1.7117,1.7121,0.10,0.10
2008.04.15 12:24:13.135,1.7117,1.71215,1.90,0.10
2008.04.15 12:24:13.441,1.7117,1.71215,0.40,0.10
2008.04.15 12:24:13.715,1.7117,1.71215,0.40,0.10
2008.04.15 12:24:13.973,1.7117,1.71215,0.40,0.10
2008.04.15 12:24:14.205,1.7117,1.7121,0.10,0.10
2008.04.15 12:24:14.521,1.7117,1.7121,0.10,0.10
2008.04.15 12:24:14.756,1.7117,1.7121,0.10,0.10
2008.04.15 12:24:15.969,1.7117,1.7121,0.10,0.10
2008.04.15 12:24:16.199,1.71185,1.7122,0.30,0.30
2008.04.15 12:24:16.428,1.71185,1.71225,0.30,0.10
2008.04.15 12:24:16.658,1.7119,1.7123,0.30,0.40
2008.04.15 12:24:17.148,1.7119,1.7123,0.30,0.10
2008.04.15 12:24:18.452,1.7119,1.7123,0.30,0.10
2008.04.15 12:24:18.688,1.7119,1.7123,0.30,0.10
2008.04.15 12:24:18.911,1.7119,1.7123,0.40,0.10
2008.04.15 12:24:20.039,1.7119,1.7123,0.40,0.10
2008.04.15 12:24:20.287,1.712,1.7124,0.30,0.40
2008.04.15 12:24:21.155,1.712,1.7124,0.30,0.40
2008.04.15 12:24:21.389,1.7122,1.7124,0.30,0.30
2008.04.15 12:24:21.643,1.71225,1.7125,0.30,0.30
2008.04.15 12:24:21.874,1.71225,1.71255,0.30,0.30
2008.04.15 12:24:22.214,1.71225,1.71255,0.30,0.30
2008.04.15 12:24:22.716,1.7122,1.71255,0.20,0.30
2008.04.15 12:24:22.952,1.7122,1.71255,0.20,0.30
2008.04.15 12:24:23.186,1.71215,1.7126,0.30,0.50
2008.04.15 12:24:23.446,1.7121,1.7125,0.30,0.30
2008.04.15 12:24:23.680,1.7121,1.7125,0.30,0.30
2008.04.15 12:24:23.916,1.71215,1.7125,0.30,0.30
2008.04.15 12:24:24.217,1.7122,1.7125,0.30,0.30
2008.04.15 12:24:24.516,1.7122,1.7125,0.30,0.30
2008.04.15 12:24:24.817,1.7121,1.71255,0.30,0.40
2008.04.15 12:24:25.143,1.7121,1.71255,0.30,0.40
2008.04.15 12:24:25.387,1.7121,1.71255,0.30,0.40
2008.04.15 12:24:25.631,1.7121,1.71255,0.40,0.10
2008.04.15 12:24:25.875,1.7121,1.71255,0.50,0.10
2008.04.15 12:24:26.191,1.7121,1.71255,0.30,0.10
2008.04.15 12:24:29.299,1.7121,1.71255,0.30,0.10
2008.04.15 12:24:29.543,1.7121,1.71255,0.40,0.10
2008.04.15 12:24:29.909,1.71215,1.7126,0.30,0.10
2008.04.15 12:24:30.639,1.71215,1.7126,0.30,0.10
2008.04.15 12:24:30.924,1.7121,1.7125,0.40,0.10
2008.04.15 12:24:31.187,1.7122,1.71265,0.30,0.40
2008.04.15 12:24:31.402,1.71215,1.71255,0.30,0.10
2008.04.15 12:24:31.656,1.71215,1.71255,0.30,0.10
2008.04.15 12:24:31.925,1.71215,1.71255,0.30,0.10
2008.04.15 12:24:32.174,1.71215,1.71255,0.30,0.10
2008.04.15 12:24:32.584,1.7122,1.7126,0.30,0.30
2008.04.15 12:24:32.909,1.7122,1.7126,0.30,0.30
2008.04.15 12:24:33.219,1.7122,1.7126,0.30,0.30
2008.04.15 12:24:33.605,1.7121,1.71255,0.30,0.10
2008.04.15 12:24:33.870,1.7121,1.71255,0.30,0.10
2008.04.15 12:24:34.493,1.7121,1.71255,0.30,0.10
2008.04.15 12:24:34.969,1.7121,1.71255,0.30,0.10
2008.04.15 12:24:36.130,1.71205,1.71245,0.10,0.10
2008.04.15 12:24:36.305,1.712,1.71245,0.30,0.40
2008.04.15 12:24:37.181,1.712,1.71245,0.30,0.40
2008.04.15 12:24:37.481,1.712,1.7123,0.30,0.30
2008.04.15 12:24:37.779,1.712,1.71245,0.30,0.40
2008.04.15 12:24:38.079,1.712,1.71245,0.30,0.40
2008.04.15 12:24:38.318,1.712,1.7123,0.30,0.30
2008.04.15 12:24:38.557,1.712,1.7123,0.30,0.30
2008.04.15 12:24:38.796,1.7121,1.7123,0.30,0.30
2008.04.15 12:24:39.061,1.7121,1.7125,0.30,0.30
2008.04.15 12:24:39.434,1.7121,1.7125,0.30,0.30
2008.04.15 12:24:39.744,1.7121,1.7125,0.30,0.30
2008.04.15 12:24:40.055,1.7121,1.7125,0.30,0.30
2008.04.15 12:24:40.304,1.7121,1.7124,0.30,0.80
2008.04.15 12:24:40.705,1.7121,1.7124,0.30,0.80
2008.04.15 12:24:40.955,1.7121,1.7123,0.30,0.30
2008.04.15 12:24:41.224,1.7121,1.7125,0.30,0.60
2008.04.15 12:24:41.499,1.7121,1.7125,0.30,0.30
2008.04.15 12:24:41.923,1.7121,1.7125,0.30,0.30
2008.04.15 12:24:42.257,1.7121,1.7125,0.30,0.60
2008.04.15 12:24:42.678,1.7121,1.7125,0.30,0.60
2008.04.15 12:24:44.613,1.712,1.71245,0.50,0.10
2008.04.15 12:24:44.867,1.712,1.7123,0.50,0.30
2008.04.15 12:24:45.121,1.712,1.7123,0.50,0.30
2008.04.15 12:24:45.450,1.712,1.7123,0.50,0.30
2008.04.15 12:24:46.387,1.712,1.7123,0.50,0.30
2008.04.15 12:24:46.675,1.712,1.7123,0.50,0.30
2008.04.15 12:24:46.965,1.7119,1.7123,0.50,0.30
2008.04.15 12:24:47.710,1.7119,1.7123,0.50,0.30
2008.04.15 12:24:47.966,1.712,1.7123,0.50,0.30
2008.04.15 12:24:48.403,1.712,1.7123,0.50,0.30
2008.04.15 12:24:48.657,1.712,1.7123,0.50,0.30
2008.04.15 12:24:49.173,1.712,1.7123,0.50,0.30
2008.04.15 12:24:49.420,1.7121,1.7125,0.30,0.60
2008.04.15 12:24:51.642,1.7121,1.7125,0.30,0.60
2008.04.15 12:24:51.877,1.712,1.7123,0.50,0.30
2008.04.15 12:24:59.967,1.712,1.7123,0.50,0.30
2008.04.15 12:25:00.291,1.712,1.7123,0.50,0.30
2008.04.15 12:25:00.478,1.712,1.7123,0.50,0.30
2008.04.15 12:25:00.662,1.712,1.7123,0.50,0.30
2008.04.15 12:25:00.884,1.712,1.7123,0.50,0.30
2008.04.15 12:25:01.068,1.712,1.7123,0.50,0.30
2008.04.15 12:25:01.426,1.712,1.7123,0.50,0.30
2008.04.15 12:25:01.762,1.712,1.7123,0.50,0.30
2008.04.15 12:25:02.656,1.712,1.7123,0.50,0.30
2008.04.15 12:25:02.847,1.7119,1.7121,0.20,0.30
2008.04.15 12:25:03.036,1.7119,1.7121,0.20,0.30
2008.04.15 12:25:03.477,1.7119,1.7121,0.20,0.30
2008.04.15 12:25:03.812,1.71175,1.7121,0.10,0.30
2008.04.15 12:25:04.146,1.7117,1.7121,0.50,0.30
2008.04.15 12:25:04.399,1.7117,1.7121,0.50,0.30
2008.04.15 12:25:04.727,1.7117,1.7121,0.50,0.30
2008.04.15 12:25:04.936,1.7117,1.7121,0.50,0.30
2008.04.15 12:25:05.149,1.7117,1.7121,0.50,0.30
2008.04.15 12:25:05.662,1.7117,1.7121,0.50,0.30
2008.04.15 12:25:06.380,1.7117,1.7121,0.50,0.30
2008.04.15 12:25:06.710,1.7117,1.712,0.50,0.30
2008.04.15 12:25:06.943,1.7117,1.712,0.50,0.30
2008.04.15 12:25:07.209,1.7117,1.712,0.50,0.30
2008.04.15 12:25:07.488,1.7117,1.7121,0.50,0.30
2008.04.15 12:25:07.973,1.7117,1.7121,0.50,0.30
2008.04.15 12:25:08.466,1.7117,1.7121,0.50,0.30
2008.04.15 12:25:09.726,1.7117,1.7121,0.50,0.30
2008.04.15 12:25:09.961,1.71185,1.7121,0.30,0.30
2008.04.15 12:25:10.196,1.7117,1.71215,1.20,0.10
2008.04.15 12:25:10.430,1.71185,1.7122,0.30,0.30
2008.04.15 12:25:10.731,1.71185,1.7122,0.30,0.30
2008.04.15 12:25:10.989,1.7118,1.712,0.50,0.30
2008.04.15 12:25:11.262,1.7118,1.7122,0.50,0.50
2008.04.15 12:25:11.512,1.7118,1.7122,0.50,0.40
2008.04.15 12:25:11.814,1.7118,1.712,0.50,0.30
2008.04.15 12:25:12.070,1.7118,1.712,0.50,0.30
2008.04.15 12:25:12.350,1.7118,1.7122,0.50,0.40
2008.04.15 12:25:12.707,1.7118,1.7122,0.50,0.40
2008.04.15 12:25:12.961,1.7118,1.7122,0.50,0.50
2008.04.15 12:25:13.643,1.7118,1.7122,0.50,0.50
2008.04.15 12:25:13.946,1.7118,1.7121,0.30,0.30
2008.04.15 12:25:14.175,1.7118,1.7122,0.30,0.50
2008.04.15 12:25:14.477,1.7118,1.7122,0.30,0.50
2008.04.15 12:25:18.718,1.7118,1.7122,0.30,0.50
2008.04.15 12:25:18.957,1.7118,1.7122,0.50,0.40
2008.04.15 12:25:19.198,1.71185,1.7122,0.30,0.30
2008.04.15 12:25:19.591,1.71185,1.7122,0.30,0.30
2008.04.15 12:25:19.848,1.7118,1.7121,0.20,0.30
2008.04.15 12:25:20.113,1.7118,1.7121,0.20,0.30
2008.04.15 12:25:20.474,1.7118,1.7121,0.20,0.30
2008.04.15 12:25:24.210,1.7118,1.7121,0.20,0.30
2008.04.15 12:25:24.526,1.7118,1.7121,0.20,0.30
2008.04.15 12:25:25.664,1.7118,1.7121,0.20,0.40
2008.04.15 12:25:25.929,1.71165,1.7121,0.40,0.40
2008.04.15 12:25:35.388,1.71165,1.7121,0.40,0.40
2008.04.15 12:25:37.194,1.71165,1.7121,0.40,0.40
2008.04.15 12:25:37.913,1.71165,1.7121,0.40,0.40
2008.04.15 12:25:38.718,1.71175,1.7121,0.30,0.30
2008.04.15 12:25:38.983,1.71175,1.7121,0.30,0.30
2008.04.15 12:25:39.244,1.71175,1.7121,0.30,0.30
2008.04.15 12:25:39.436,1.7118,1.7121,0.20,0.30
2008.04.15 12:25:39.870,1.7118,1.7121,0.20,0.30
2008.04.15 12:25:41.185,1.7118,1.7121,0.20,0.30
2008.04.15 12:25:41.347,1.7118,1.712,0.20,0.30
2008.04.15 12:25:42.834,1.7118,1.712,0.20,0.30
2008.04.15 12:25:43.133,1.7118,1.712,0.20,0.30
2008.04.15 12:25:43.338,1.71185,1.712,0.30,0.30
2008.04.15 12:25:43.556,1.71185,1.7122,0.30,0.80
2008.04.15 12:25:43.794,1.71185,1.7122,0.30,0.80
2008.04.15 12:25:44.023,1.71185,1.7121,0.30,0.30
2008.04.15 12:25:44.646,1.71185,1.7121,0.30,0.30
2008.04.15 12:25:44.957,1.71185,1.7121,0.30,0.30
2008.04.15 12:25:45.649,1.71185,1.7121,0.30,0.30
2008.04.15 12:25:45.849,1.71195,1.7121,0.30,0.30
2008.04.15 12:25:46.049,1.7119,1.7121,0.30,0.30
2008.04.15 12:25:46.274,1.7119,1.7121,0.30,0.30
2008.04.15 12:25:46.523,1.7119,1.7122,0.30,0.30
2008.04.15 12:25:46.772,1.7118,1.7122,0.60,0.30
2008.04.15 12:25:47.480,1.7118,1.7122,0.60,0.30
2008.04.15 12:25:47.790,1.7119,1.7122,0.30,0.30
2008.04.15 12:25:48.088,1.7119,1.7122,0.30,0.30
2008.04.15 12:25:48.390,1.7118,1.71225,0.60,0.10
2008.04.15 12:25:48.870,1.7118,1.71225,0.60,0.10
2008.04.15 12:25:49.166,1.7119,1.7123,0.30,0.10
2008.04.15 12:25:49.412,1.7119,1.7123,0.30,0.10
2008.04.15 12:25:49.627,1.7118,1.71225,0.60,0.10
2008.04.15 12:25:50.078,1.7118,1.71225,0.50,0.10
2008.04.15 12:25:50.654,1.7118,1.71225,0.50,0.10
2008.04.15 12:25:50.983,1.71185,1.7123,0.30,0.40
2008.04.15 12:25:51.704,1.71185,1.7123,0.30,0.40
2008.04.15 12:25:51.909,1.71185,1.7123,0.30,0.10
2008.04.15 12:25:52.115,1.7118,1.71225,0.60,0.10
2008.04.15 12:25:52.442,1.7118,1.71225,0.60,0.10
2008.04.15 12:25:52.719,1.7118,1.71225,0.60,0.10
2008.04.15 12:25:53.028,1.7118,1.71225,0.60,0.10
2008.04.15 12:25:53.302,1.7118,1.71215,0.20,0.10
2008.04.15 12:25:53.547,1.7117,1.71215,0.40,0.10
2008.04.15 12:25:53.792,1.7118,1.71225,0.40,0.10
2008.04.15 12:25:54.037,1.7118,1.7122,0.10,0.10
2008.04.15 12:25:54.466,1.7118,1.7122,0.10,0.10
2008.04.15 12:25:55.175,1.7118,1.7122,0.10,0.10
2008.04.15 12:25:55.425,1.7117,1.71215,0.60,0.10
2008.04.15 12:25:55.678,1.7117,1.71215,0.60,0.10
2008.04.15 12:25:55.932,1.71175,1.71215,0.10,0.10
2008.04.15 12:25:58.440,1.71175,1.71215,0.10,0.10
2008.04.15 12:25:58.694,1.7117,1.71215,0.60,0.10
2008.04.15 12:26:00.040,1.7117,1.71215,0.60,0.10
2008.04.15 12:26:00.370,1.7117,1.71215,0.60,0.10
2008.04.15 12:26:00.596,1.7117,1.71215,2.00,0.10
2008.04.15 12:26:01.399,1.7117,1.71215,2.80,0.10
2008.04.15 12:26:01.983,1.7117,1.71215,2.80,0.10
2008.04.15 12:26:02.337,1.7118,1.71215,0.20,0.10
2008.04.15 12:26:02.576,1.7118,1.71215,0.30,0.10
2008.04.15 12:26:02.859,1.7118,1.71215,0.10,0.10
2008.04.15 12:26:04.308,1.7118,1.71215,0.10,0.10
2008.04.15 12:26:04.535,1.7118,1.71215,0.20,0.10
2008.04.15 12:26:04.855,1.7118,1.71215,0.20,0.10
2008.04.15 12:26:05.139,1.71175,1.71215,0.10,0.10
2008.04.15 12:26:08.056,1.71175,1.71215,0.10,0.10
2008.04.15 12:26:08.135,1.71175,1.71215,0.10,0.10
2008.04.15 12:26:08.718,1.71175,1.71215,0.10,0.10
2008.04.15 12:26:08.906,1.71175,1.7122,0.40,0.10
2008.04.15 12:26:09.006,1.71175,1.7122,0.40,0.10
2008.04.15 12:26:09.218,1.71175,1.7122,0.40,0.10
2008.04.15 12:26:09.625,1.71175,1.71215,0.10,0.10
2008.04.15 12:26:09.959,1.71175,1.7122,0.30,0.10
2008.04.15 12:26:10.294,1.7118,1.7122,0.10,0.10
2008.04.15 12:26:10.558,1.7118,1.7122,0.10,0.10
2008.04.15 12:26:10.778,1.71175,1.7122,0.30,0.10
2008.04.15 12:26:12.975,1.71175,1.7122,0.30,0.10
2008.04.15 12:26:13.471,1.71175,1.7122,0.30,0.10
2008.04.15 12:26:13.778,1.71175,1.7122,0.30,0.10
2008.04.15 12:26:14.060,1.71175,1.7121,0.30,0.30
2008.04.15 12:26:14.336,1.71175,1.7122,0.30,0.40
2008.04.15 12:26:14.570,1.71175,1.7122,0.30,0.40
2008.04.15 12:26:14.813,1.71175,1.7122,0.30,0.10
2008.04.15 12:26:17.324,1.7117,1.7121,0.30,0.40
2008.04.15 12:26:17.561,1.7118,1.7121,1.80,0.30
2008.04.15 12:26:17.787,1.7118,1.7121,0.30,0.30
2008.04.15 12:26:18.014,1.7118,1.7122,0.50,0.10
2008.04.15 12:26:18.238,1.71185,1.7122,0.10,0.10
2008.04.15 12:26:18.463,1.71185,1.7122,0.10,0.30
2008.04.15 12:26:18.817,1.7119,1.7122,0.30,0.30
2008.04.15 12:26:19.148,1.71195,1.71235,0.30,0.10
2008.04.15 12:26:19.507,1.71195,1.7124,0.30,0.50
2008.04.15 12:26:19.747,1.71195,1.7124,0.30,0.50
2008.04.15 12:26:20.429,1.71195,1.7124,0.30,0.50
2008.04.15 12:26:20.950,1.71195,1.7124,0.30,0.50
2008.04.15 12:26:21.224,1.712,1.7124,0.30,0.10
2008.04.15 12:26:23.987,1.712,1.7124,0.30,0.10
2008.04.15 12:26:24.701,1.712,1.7124,0.30,0.10
2008.04.15 12:26:25.391,1.712,1.7124,0.30,0.10
2008.04.15 12:26:25.699,1.712,1.7124,0.30,0.40
2008.04.15 12:26:26.054,1.712,1.7124,0.30,0.40
2008.04.15 12:26:26.313,1.7119,1.71235,0.60,0.10
2008.04.15 12:26:26.716,1.7119,1.71235,0.60,0.10
2008.04.15 12:26:27.006,1.7119,1.71225,0.10,0.10
2008.04.15 12:26:27.296,1.71175,1.7122,0.40,0.10
2008.04.15 12:26:27.585,1.71175,1.7122,0.40,0.10
2008.04.15 12:26:27.907,1.71175,1.7122,0.40,0.10
2008.04.15 12:26:28.165,1.71175,1.7122,0.40,0.10
2008.04.15 12:26:28.435,1.71175,1.7122,0.40,0.10
2008.04.15 12:26:28.953,1.71175,1.7122,0.40,0.10
2008.04.15 12:26:29.256,1.71175,1.7122,0.40,0.10
2008.04.15 12:26:29.561,1.7117,1.71215,0.50,0.10
2008.04.15 12:26:29.868,1.71165,1.7121,0.30,0.10
2008.04.15 12:26:30.092,1.71165,1.7121,0.30,0.10
2008.04.15 12:26:30.452,1.71165,1.7121,0.30,0.10
2008.04.15 12:26:30.677,1.7117,1.71215,0.30,0.10
2008.04.15 12:26:30.992,1.71165,1.7121,0.40,0.10
2008.04.15 12:26:31.276,1.71165,1.7121,0.30,0.10
2008.04.15 12:26:31.575,1.71165,1.7121,0.30,0.10
2008.04.15 12:26:32.387,1.71165,1.7121,0.30,0.80
2008.04.15 12:26:32.871,1.71165,1.7121,0.30,0.80
2008.04.15 12:26:33.313,1.71165,1.7121,0.30,0.80
2008.04.15 12:26:33.540,1.71175,1.7122,0.30,1.30
2008.04.15 12:26:33.760,1.7118,1.7122,0.20,1.30
2008.04.15 12:26:34.043,1.7118,1.7122,0.50,1.00
2008.04.15 12:26:34.739,1.7118,1.7122,0.50,1.00
2008.04.15 12:26:35.146,1.7118,1.7122,0.50,1.00
2008.04.15 12:26:35.410,1.7118,1.7122,0.50,1.00
2008.04.15 12:26:38.249,1.7118,1.7122,0.50,1.00
2008.04.15 12:26:38.456,1.7118,1.7121,0.20,0.30
2008.04.15 12:26:38.666,1.7118,1.7121,0.20,0.30
2008.04.15 12:26:38.897,1.7118,1.7121,0.20,0.30
2008.04.15 12:26:40.255,1.7118,1.7121,0.20,0.30
2008.04.15 12:26:40.475,1.7118,1.7121,0.20,0.30
2008.04.15 12:26:41.202,1.7118,1.7121,0.20,0.30
2008.04.15 12:26:41.462,1.7118,1.7121,0.20,0.30
2008.04.15 12:26:41.735,1.7118,1.7121,0.20,0.30
2008.04.15 12:26:42.904,1.7118,1.71205,0.20,0.10
2008.04.15 12:26:43.396,1.7117,1.71205,0.80,0.10
2008.04.15 12:26:43.602,1.71165,1.71205,0.10,0.10
2008.04.15 12:26:43.966,1.71165,1.71205,0.10,0.10
2008.04.15 12:26:44.276,1.7117,1.7121,0.20,0.40
2008.04.15 12:26:44.973,1.7117,1.7121,0.20,0.40
2008.04.15 12:26:46.439,1.7117,1.7121,0.20,0.40
2008.04.15 12:26:47.464,1.7117,1.71205,0.20,0.10
2008.04.15 12:26:47.663,1.7117,1.71205,0.20,0.10
2008.04.15 12:26:47.862,1.7117,1.71205,0.30,0.10
2008.04.15 12:26:48.064,1.7117,1.7121,0.50,0.30
2008.04.15 12:26:48.352,1.7117,1.71205,0.20,0.10
2008.04.15 12:26:48.643,1.71155,1.71195,0.30,0.10
2008.04.15 12:26:48.969,1.7115,1.71185,0.30,0.10
2008.04.15 12:26:49.223,1.7115,1.71185,0.20,0.10
2008.04.15 12:26:49.638,1.7115,1.71185,0.20,0.10
2008.04.15 12:26:50.100,1.7115,1.71185,0.20,0.10
2008.04.15 12:26:50.486,1.7115,1.7119,0.50,0.40
2008.04.15 12:26:50.898,1.7115,1.7119,0.50,0.30
2008.04.15 12:26:51.838,1.7115,1.7119,0.50,0.30
2008.04.15 12:26:52.104,1.7116,1.7119,0.20,0.30
2008.04.15 12:26:52.447,1.7116,1.7119,0.20,0.30
2008.04.15 12:26:53.789,1.7116,1.71185,0.20,0.10
2008.04.15 12:26:54.034,1.71145,1.71185,0.40,0.10
2008.04.15 12:26:54.382,1.71145,1.71185,0.40,0.10
2008.04.15 12:26:54.641,1.7116,1.71185,0.20,0.10
2008.04.15 12:26:54.900,1.7116,1.7119,0.20,0.30
2008.04.15 12:26:55.254,1.7116,1.7119,0.20,0.30
2008.04.15 12:26:55.498,1.71145,1.7119,0.40,0.40
2008.04.15 12:26:55.785,1.71145,1.7119,0.40,1.10
2008.04.15 12:26:56.030,1.71135,1.7118,0.40,0.10
2008.04.15 12:26:56.275,1.71135,1.7118,0.30,0.80
2008.04.15 12:26:56.553,1.71135,1.7118,0.30,1.10
2008.04.15 12:26:56.833,1.71125,1.7116,0.10,0.10
2008.04.15 12:26:57.112,1.71125,1.7117,0.30,0.40
2008.04.15 12:26:57.503,1.71125,1.7117,0.30,0.10
2008.04.15 12:26:57.743,1.71125,1.7117,0.30,0.10
2008.04.15 12:26:58.700,1.71125,1.7117,0.30,0.10
2008.04.15 12:26:59.190,1.71125,1.7117,0.30,0.10
2008.04.15 12:27:00.414,1.71125,1.7117,0.30,0.10
2008.04.15 12:27:00.644,1.71135,1.7118,0.30,1.10
2008.04.15 12:27:02.400,1.71145,1.7118,0.30,1.00
2008.04.15 12:27:02.611,1.71145,1.7118,0.30,0.30
2008.04.15 12:27:02.825,1.71145,1.7118,0.30,0.30
2008.04.15 12:27:03.038,1.71145,1.7117,0.30,0.30
2008.04.15 12:27:03.250,1.7115,1.7117,0.50,0.30
2008.04.15 12:27:03.461,1.7115,1.7117,0.20,0.30
2008.04.15 12:27:03.798,1.7115,1.7117,0.20,0.30
2008.04.15 12:27:04.162,1.7115,1.7117,0.20,0.30
2008.04.15 12:27:04.885,1.7115,1.7117,0.20,0.30
2008.04.15 12:27:05.112,1.7115,1.7117,0.20,0.30
2008.04.15 12:27:06.915,1.7115,1.7117,0.20,0.30
2008.04.15 12:27:07.140,1.7115,1.7117,0.20,0.30
2008.04.15 12:27:07.365,1.7115,1.7117,0.20,0.30
2008.04.15 12:27:07.695,1.7115,1.7117,0.20,0.30
2008.04.15 12:27:08.005,1.7115,1.7117,0.20,0.30
2008.04.15 12:27:08.315,1.7113,1.7117,0.50,0.30
2008.04.15 12:27:09.421,1.7113,1.7117,0.50,0.30
2008.04.15 12:27:09.967,1.7113,1.7117,0.50,0.30
2008.04.15 12:27:10.196,1.7113,1.71175,0.50,0.40
2008.04.15 12:27:10.425,1.7113,1.7117,0.50,0.30
2008.04.15 12:27:10.654,1.7113,1.7117,0.20,0.40
2008.04.15 12:27:10.925,1.7113,1.7117,0.20,0.40
2008.04.15 12:27:11.439,1.7113,1.7117,0.20,0.50
2008.04.15 12:27:12.003,1.7113,1.7117,0.20,0.50
2008.04.15 12:27:12.258,1.71135,1.7115,0.30,0.30
2008.04.15 12:27:12.515,1.7113,1.7116,0.20,0.30
2008.04.15 12:27:12.801,1.7113,1.7116,0.20,0.30
2008.04.15 12:27:13.076,1.7113,1.7116,0.20,0.30
2008.04.15 12:27:13.340,1.7113,1.7116,0.20,0.30
2008.04.15 12:27:14.242,1.7113,1.7116,0.20,0.30
2008.04.15 12:27:14.497,1.7113,1.7115,0.20,0.30
2008.04.15 12:27:14.792,1.71105,1.7115,0.40,0.40
2008.04.15 12:27:15.996,1.71105,1.7115,0.40,0.40
2008.04.15 12:27:16.942,1.7112,1.7115,0.20,0.30
2008.04.15 12:27:17.155,1.7112,1.7115,0.20,0.30
2008.04.15 12:27:17.349,1.7112,1.7115,0.20,0.30
2008.04.15 12:27:17.543,1.7111,1.7115,0.80,0.40
2008.04.15 12:27:17.738,1.71105,1.7115,0.30,0.40
2008.04.15 12:27:18.115,1.71105,1.7113,0.30,0.30
2008.04.15 12:27:18.449,1.71105,1.7113,0.30,0.30
2008.04.15 12:27:18.763,1.711,1.7113,0.30,0.30
2008.04.15 12:27:19.403,1.711,1.7113,0.30,0.30
2008.04.15 12:27:19.614,1.71115,1.7113,0.30,0.30
2008.04.15 12:27:19.896,1.7112,1.7115,0.20,0.30
2008.04.15 12:27:20.180,1.71125,1.7115,0.30,0.30
2008.04.15 12:27:20.464,1.7112,1.7115,0.20,0.30
2008.04.15 12:27:20.954,1.7112,1.7115,0.20,0.30
2008.04.15 12:27:21.212,1.71105,1.7115,0.40,0.40
2008.04.15 12:27:21.908,1.71105,1.7115,0.40,0.40
2008.04.15 12:27:22.169,1.71115,1.71155,0.30,0.30
2008.04.15 12:27:22.898,1.71115,1.7116,0.30,0.40
2008.04.15 12:27:23.155,1.71125,1.7116,0.30,0.30
2008.04.15 12:27:23.410,1.71115,1.7116,0.30,0.10
2008.04.15 12:27:23.665,1.7112,1.7116,0.50,0.30
2008.04.15 12:27:23.919,1.7112,1.7116,0.50,0.30
2008.04.15 12:27:24.173,1.7112,1.7116,0.20,0.40
2008.04.15 12:27:24.461,1.7112,1.7116,0.20,0.50
2008.04.15 12:27:24.716,1.7112,1.7114,0.20,0.30
2008.04.15 12:27:24.997,1.7112,1.7116,0.20,0.40
2008.04.15 12:27:25.558,1.7112,1.7116,0.20,0.50
2008.04.15 12:27:25.838,1.7112,1.7114,0.20,0.30
2008.04.15 12:27:26.067,1.7112,1.7116,0.20,0.40
2008.04.15 12:27:26.484,1.7112,1.7116,0.20,0.50
2008.04.15 12:27:26.921,1.7112,1.7116,0.20,0.50
2008.04.15 12:27:27.196,1.7112,1.7114,0.20,0.30
2008.04.15 12:27:27.643,1.7112,1.7114,0.20,0.30
2008.04.15 12:27:30.892,1.7112,1.7114,0.20,0.30
2008.04.15 12:27:31.926,1.7112,1.7114,0.20,0.30
2008.04.15 12:27:32.178,1.7112,1.7114,0.20,0.30
2008.04.15 12:27:33.054,1.7112,1.7114,0.20,0.30
2008.04.15 12:27:33.391,1.7112,1.7114,0.20,0.30
2008.04.15 12:27:33.620,1.7112,1.7114,0.20,0.30
2008.04.15 12:27:33.917,1.7112,1.7113,0.20,0.10
2008.04.15 12:27:34.197,1.7109,1.7113,0.30,0.10
2008.04.15 12:27:35.291,1.7109,1.7113,0.30,0.10
2008.04.15 12:27:37.422,1.7109,1.7113,0.30,0.10
2008.04.15 12:27:37.636,1.7109,1.7113,1.00,0.10
2008.04.15 12:27:37.940,1.7109,1.7113,1.00,0.10
2008.04.15 12:27:38.158,1.7109,1.7113,0.30,0.10
2008.04.15 12:27:38.457,1.7109,1.7113,0.30,0.10
2008.04.15 12:27:39.425,1.7109,1.7113,1.00,0.10
2008.04.15 12:27:39.724,1.7109,1.7113,1.00,0.10
2008.04.15 12:27:39.927,1.7109,1.71125,0.80,0.10
2008.04.15 12:27:40.140,1.7108,1.71125,1.20,0.10
2008.04.15 12:27:40.442,1.7108,1.71125,1.20,0.10
2008.04.15 12:27:40.701,1.7108,1.71125,0.50,0.40
2008.04.15 12:27:40.960,1.71085,1.7112,0.30,0.30
2008.04.15 12:27:41.219,1.7108,1.7112,0.50,0.30
2008.04.15 12:27:41.470,1.7108,1.7112,0.50,0.30
2008.04.15 12:27:41.714,1.7108,1.7112,0.50,0.30
2008.04.15 12:27:42.435,1.7108,1.7112,0.50,0.30
2008.04.15 12:27:42.688,1.711,1.7112,0.20,0.30
2008.04.15 12:27:42.943,1.711,1.7112,0.20,0.30
2008.04.15 12:27:43.218,1.7108,1.7112,0.50,0.30
2008.04.15 12:27:46.473,1.7108,1.7112,0.50,0.30
2008.04.15 12:27:46.713,1.711,1.7113,0.20,0.60
2008.04.15 12:27:46.989,1.711,1.71125,0.20,0.10
2008.04.15 12:27:47.229,1.7108,1.71125,0.50,0.10
2008.04.15 12:27:48.117,1.7108,1.71125,0.50,0.10
2008.04.15 12:27:48.420,1.7108,1.71125,0.50,0.40
2008.04.15 12:27:48.609,1.7108,1.7111,0.20,0.30
2008.04.15 12:27:48.821,1.7108,1.7111,0.20,0.30
2008.04.15 12:27:49.163,1.7108,1.7111,0.20,0.30
2008.04.15 12:27:49.410,1.7108,1.7111,0.20,0.30
2008.04.15 12:27:50.220,1.7108,1.7111,0.20,0.30
2008.04.15 12:27:51.950,1.7108,1.7111,0.20,0.30
2008.04.15 12:27:52.229,1.7108,1.7111,0.20,0.30
2008.04.15 12:27:52.510,1.7108,1.7111,0.50,0.30
2008.04.15 12:27:52.811,1.7108,1.71125,0.50,0.10
2008.04.15 12:27:53.074,1.711,1.7113,0.20,0.60
2008.04.15 12:27:53.338,1.711,1.7113,0.20,0.60
2008.04.15 12:27:53.579,1.7108,1.71125,0.60,0.10
2008.04.15 12:27:53.816,1.7108,1.71125,0.50,0.10
2008.04.15 12:27:54.402,1.7108,1.71125,0.50,0.10
2008.04.15 12:27:54.671,1.7108,1.71125,0.60,0.10
2008.04.15 12:27:56.409,1.7108,1.71125,0.60,0.10
2008.04.15 12:27:57.118,1.7108,1.71125,0.60,0.10
2008.04.15 12:27:57.348,1.7108,1.71125,1.20,0.10
2008.04.15 12:27:57.577,1.71085,1.7113,0.30,0.40
2008.04.15 12:27:57.979,1.71085,1.7113,0.30,0.40
2008.04.15 12:27:58.250,1.7106,1.7109,0.60,0.30
2008.04.15 12:27:59.008,1.7106,1.7109,0.50,0.30
2008.04.15 12:27:59.263,1.7107,1.7109,0.30,0.30
2008.04.15 12:27:59.503,1.7107,1.7111,0.50,0.40
2008.04.15 12:27:59.951,1.7107,1.7111,0.50,0.40
2008.04.15 12:28:01.675,1.7107,1.7111,1.20,0.40
2008.04.15 12:28:02.451,1.7107,1.7111,1.20,0.40
2008.04.15 12:28:02.518,1.7107,1.7111,0.50,0.40
2008.04.15 12:28:03.470,1.7107,1.7111,0.50,0.40
2008.04.15 12:28:03.806,1.71075,1.7111,0.30,0.30
2008.04.15 12:28:04.015,1.7108,1.7111,0.30,0.30
2008.04.15 12:28:04.225,1.7109,1.7111,0.20,0.30
2008.04.15 12:28:04.705,1.7109,1.7111,0.20,0.30
2008.04.15 12:28:04.946,1.7109,1.7111,0.20,0.30
2008.04.15 12:28:05.265,1.7109,1.7111,0.20,0.30
2008.04.15 12:28:07.463,1.7109,1.7111,0.20,0.30
2008.04.15 12:28:07.717,1.7109,1.7111,0.20,0.30
2008.04.15 12:28:08.009,1.7109,1.7111,0.20,0.30
2008.04.15 12:28:08.666,1.7109,1.7111,0.20,0.30
2008.04.15 12:28:08.981,1.7109,1.7111,0.20,0.30
2008.04.15 12:28:09.891,1.7109,1.7111,0.20,0.30
2008.04.15 12:28:15.380,1.7109,1.7111,0.20,0.30
2008.04.15 12:28:17.506,1.7109,1.7111,0.20,0.30
2008.04.15 12:28:17.745,1.7109,1.7113,0.50,0.60
2008.04.15 12:28:17.985,1.7109,1.7113,0.50,0.30
2008.04.15 12:28:18.223,1.7109,1.7113,0.50,0.30
2008.04.15 12:28:19.113,1.7109,1.7113,0.50,0.30
2008.04.15 12:28:19.425,1.711,1.7113,0.50,0.30
2008.04.15 12:28:19.695,1.711,1.7113,0.50,0.30
2008.04.15 12:28:21.500,1.711,1.71125,0.20,0.10
2008.04.15 12:28:21.713,1.7109,1.7112,0.20,0.30
2008.04.15 12:28:22.200,1.7109,1.7112,0.20,0.30
2008.04.15 12:28:22.410,1.7109,1.7112,0.20,0.30
2008.04.15 12:28:22.967,1.7109,1.7111,0.20,0.30
2008.04.15 12:28:23.283,1.7109,1.7111,0.20,0.30
2008.04.15 12:28:23.541,1.71095,1.7111,0.30,0.30
2008.04.15 12:28:23.791,1.711,1.7113,0.20,0.30
2008.04.15 12:28:24.142,1.711,1.7113,0.20,0.30
2008.04.15 12:28:26.153,1.711,1.7113,0.20,0.30
2008.04.15 12:28:26.355,1.711,1.7113,0.20,0.30
2008.04.15 12:28:26.611,1.711,1.7113,0.20,0.30
2008.04.15 12:28:26.873,1.711,1.7113,0.20,0.30
2008.04.15 12:28:27.112,1.711,1.7113,0.20,0.30
2008.04.15 12:28:27.886,1.711,1.7113,0.20,0.30
2008.04.15 12:28:28.166,1.7109,1.71125,0.10,0.10
2008.04.15 12:28:28.446,1.71085,1.71125,0.40,0.10
2008.04.15 12:28:30.427,1.71085,1.71125,0.40,0.10
2008.04.15 12:28:30.651,1.711,1.7113,0.20,0.30
2008.04.15 12:28:30.896,1.711,1.7113,0.20,0.30
2008.04.15 12:28:31.141,1.7108,1.71125,0.60,0.10
2008.04.15 12:28:31.385,1.7108,1.71125,0.50,0.10
2008.04.15 12:28:31.630,1.71085,1.71125,0.30,0.10
2008.04.15 12:28:32.380,1.7108,1.7112,0.50,0.10
2008.04.15 12:28:32.664,1.7108,1.7112,0.50,0.10
2008.04.15 12:28:32.869,1.7108,1.7112,0.50,0.40
2008.04.15 12:28:33.073,1.7108,1.7112,0.20,0.40
2008.04.15 12:28:33.965,1.7108,1.71115,0.20,0.10
2008.04.15 12:28:34.458,1.7108,1.71115,0.20,0.10
2008.04.15 12:28:34.957,1.7108,1.71115,0.20,0.10
2008.04.15 12:28:35.161,1.7108,1.7112,0.50,0.30
2008.04.15 12:28:35.366,1.7108,1.71115,0.20,0.40
2008.04.15 12:28:35.571,1.7108,1.71115,0.20,0.10
2008.04.15 12:28:35.862,1.7108,1.7112,0.50,0.50
2008.04.15 12:28:36.210,1.7108,1.7112,0.20,0.50
2008.04.15 12:28:37.575,1.7108,1.7112,0.20,0.50
2008.04.15 12:28:37.811,1.71085,1.71125,0.30,0.30
2008.04.15 12:28:38.040,1.71085,1.7113,0.30,0.40
2008.04.15 12:28:38.265,1.7108,1.71125,0.50,0.10
2008.04.15 12:28:40.808,1.7108,1.71125,0.30,0.10
2008.04.15 12:28:41.054,1.71075,1.7112,0.40,0.10
2008.04.15 12:28:41.302,1.71075,1.7112,0.30,0.10
2008.04.15 12:28:42.427,1.71075,1.7112,0.30,0.10
2008.04.15 12:28:42.697,1.71075,1.7112,0.40,0.10
2008.04.15 12:28:42.969,1.71075,1.7112,0.30,0.40
2008.04.15 12:28:43.184,1.71075,1.7112,0.30,0.10
2008.04.15 12:28:43.602,1.71085,1.71125,0.30,0.30
2008.04.15 12:28:43.820,1.71085,1.7113,0.30,0.50
2008.04.15 12:28:44.503,1.7108,1.7112,0.20,0.10
2008.04.15 12:28:44.769,1.71075,1.7112,0.30,0.10
2008.04.15 12:28:45.582,1.71075,1.7112,0.30,0.10
2008.04.15 12:28:45.860,1.7108,1.7111,0.20,0.30
2008.04.15 12:28:47.268,1.71085,1.7113,0.30,0.50
2008.04.15 12:28:47.922,1.71085,1.7113,0.30,0.50
2008.04.15 12:28:47.986,1.7108,1.71125,0.50,0.10
2008.04.15 12:28:48.138,1.7108,1.71115,0.20,0.10
2008.04.15 12:28:48.229,1.7108,1.7111,0.20,0.30
2008.04.15 12:28:48.408,1.7108,1.7111,0.20,0.30
2008.04.15 12:28:48.742,1.7108,1.7111,0.20,0.30
2008.04.15 12:28:49.425,1.7109,1.7111,0.20,0.30
2008.04.15 12:28:49.625,1.7109,1.7111,0.20,0.30
2008.04.15 12:28:49.893,1.7109,1.7111,0.20,0.30
2008.04.15 12:28:50.162,1.7109,1.7111,0.20,0.30
2008.04.15 12:28:50.415,1.7109,1.7111,0.20,0.30
2008.04.15 12:28:50.696,1.7109,1.71125,0.50,0.30
2008.04.15 12:28:51.038,1.711,1.71125,0.30,0.30
2008.04.15 12:28:51.317,1.7111,1.71135,0.20,0.30
2008.04.15 12:28:51.885,1.7111,1.71135,0.20,0.30
2008.04.15 12:28:52.128,1.7111,1.71135,0.20,0.10
2008.04.15 12:28:52.373,1.7109,1.71135,0.90,0.10
2008.04.15 12:28:52.657,1.7109,1.71135,0.90,0.10
2008.04.15 12:28:52.907,1.7109,1.71135,1.50,0.40
2008.04.15 12:28:54.888,1.7109,1.71135,1.50,0.40
2008.04.15 12:28:55.134,1.711,1.71135,0.80,0.30
2008.04.15 12:28:55.372,1.7111,1.7113,0.20,0.30
2008.04.15 12:28:55.606,1.7111,1.7113,0.20,0.30
2008.04.15 12:28:55.872,1.7111,1.7113,0.20,0.60
2008.04.15 12:28:56.133,1.7111,1.7113,0.20,0.60
2008.04.15 12:28:56.427,1.7111,1.7113,0.20,0.60
2008.04.15 12:28:56.707,1.7111,1.7113,0.20,0.60
2008.04.15 12:28:57.034,1.7111,1.7113,0.20,0.60
2008.04.15 12:28:57.330,1.7111,1.7113,0.20,0.60
2008.04.15 12:28:57.670,1.7111,1.7113,0.20,0.60
2008.04.15 12:28:57.944,1.7111,1.7113,0.20,0.60
2008.04.15 12:29:02.366,1.71095,1.7113,0.80,0.30
2008.04.15 12:29:02.879,1.71095,1.7113,0.80,0.30
2008.04.15 12:29:03.183,1.71095,1.7113,0.80,0.30
2008.04.15 12:29:03.462,1.71095,1.7113,0.80,0.30
2008.04.15 12:29:03.743,1.71105,1.7114,0.50,0.30
2008.04.15 12:29:04.231,1.71105,1.7114,0.50,0.30
2008.04.15 12:29:04.459,1.71095,1.71135,0.80,0.30
2008.04.15 12:29:05.175,1.71095,1.71135,0.80,0.30
2008.04.15 12:29:05.408,1.71095,1.7114,0.80,0.40
2008.04.15 12:29:05.642,1.71095,1.7114,0.80,0.10
2008.04.15 12:29:06.182,1.711,1.7114,0.50,0.10
2008.04.15 12:29:06.706,1.711,1.7114,0.50,0.10
2008.04.15 12:29:06.948,1.711,1.7114,0.50,0.40
2008.04.15 12:29:07.430,1.711,1.7114,0.50,0.40
2008.04.15 12:29:07.670,1.711,1.7113,0.50,0.30
2008.04.15 12:29:08.406,1.711,1.7113,0.50,0.30
2008.04.15 12:29:08.968,1.7109,1.7113,1.40,0.30
2008.04.15 12:29:12.660,1.7109,1.7113,1.40,0.30
2008.04.15 12:29:12.917,1.711,1.7113,0.30,0.30
2008.04.15 12:29:13.171,1.711,1.7114,0.30,0.30
2008.04.15 12:29:13.426,1.71105,1.7114,0.50,0.30
2008.04.15 12:29:13.680,1.71105,1.7114,0.50,0.30
2008.04.15 12:29:16.124,1.71105,1.7114,0.50,0.30
2008.04.15 12:29:16.336,1.71105,1.7113,0.50,0.30
2008.04.15 12:29:16.545,1.71095,1.7113,0.50,0.30
2008.04.15 12:29:16.928,1.71095,1.7113,0.50,0.30
2008.04.15 12:29:17.140,1.71095,1.7113,0.50,0.30
2008.04.15 12:29:17.479,1.71095,1.7113,0.50,0.30
2008.04.15 12:29:17.904,1.71095,1.7113,0.50,0.30
2008.04.15 12:29:19.144,1.71095,1.7113,0.50,0.30
2008.04.15 12:29:19.349,1.7111,1.71155,0.30,0.40
2008.04.15 12:29:19.561,1.7111,1.71155,0.30,0.10
2008.04.15 12:29:19.918,1.7111,1.71155,0.30,0.10
2008.04.15 12:29:22.862,1.7111,1.7115,0.30,0.10
2008.04.15 12:29:23.895,1.7111,1.7115,0.30,0.10
2008.04.15 12:29:26.384,1.7111,1.71155,0.30,0.10
2008.04.15 12:29:27.899,1.7111,1.71155,0.30,0.10
2008.04.15 12:29:28.123,1.7111,1.7115,0.30,0.10
2008.04.15 12:29:28.492,1.7111,1.7115,0.30,0.10
2008.04.15 12:29:28.797,1.7112,1.71165,0.30,0.10
2008.04.15 12:29:29.080,1.7112,1.71165,0.30,0.10
2008.04.15 12:29:30.320,1.7112,1.71165,0.30,0.10
2008.04.15 12:29:30.702,1.7112,1.71165,0.30,0.10
2008.04.15 12:29:30.921,1.7112,1.71165,0.30,0.10
2008.04.15 12:29:31.381,1.7112,1.71165,0.30,0.10
2008.04.15 12:29:31.888,1.7112,1.71165,0.30,0.10
2008.04.15 12:29:32.392,1.7112,1.71165,0.30,0.10
2008.04.15 12:29:32.920,1.7112,1.71165,0.30,0.10
2008.04.15 12:29:33.204,1.71115,1.71155,0.40,0.10
2008.04.15 12:29:33.754,1.71115,1.71155,0.40,0.10
2008.04.15 12:29:34.289,1.71115,1.7117,0.10,0.30
2008.04.15 12:29:34.545,1.7113,1.71185,0.10,0.30
2008.04.15 12:29:35.208,1.7113,1.71185,0.10,0.30
2008.04.15 12:29:35.480,1.7113,1.71185,1.20,0.30
2008.04.15 12:29:36.179,1.7113,1.71185,1.20,0.30
2008.04.15 12:29:36.455,1.7113,1.71185,0.10,0.30
2008.04.15 12:29:36.688,1.7113,1.71185,0.10,0.30
2008.04.15 12:29:37.230,1.7113,1.71185,0.10,0.30
2008.04.15 12:29:37.451,1.7113,1.71185,1.20,0.30
2008.04.15 12:29:37.756,1.71145,1.712,0.10,0.30
2008.04.15 12:29:38.061,1.71145,1.712,0.10,0.30
2008.04.15 12:29:38.365,1.71145,1.712,0.10,0.30
2008.04.15 12:29:38.671,1.7115,1.71205,0.10,0.30
2008.04.15 12:29:38.916,1.7114,1.712,1.20,0.30
2008.04.15 12:29:39.161,1.7114,1.71195,0.60,0.30
2008.04.15 12:29:39.664,1.7114,1.71195,0.60,0.30
2008.04.15 12:29:39.940,1.71135,1.71195,0.10,0.30
2008.04.15 12:29:40.388,1.71135,1.71195,0.10,0.30
2008.04.15 12:29:40.658,1.7114,1.71195,0.10,0.30
2008.04.15 12:29:41.121,1.7114,1.71195,0.10,0.30
2008.04.15 12:29:41.963,1.7114,1.71195,0.10,0.30
2008.04.15 12:29:42.212,1.7114,1.71195,0.10,0.30
2008.04.15 12:29:42.881,1.7114,1.71195,0.10,0.30
2008.04.15 12:29:43.405,1.7114,1.71195,0.10,0.30
2008.04.15 12:29:43.914,1.7114,1.71195,0.10,0.30
2008.04.15 12:29:44.196,1.7113,1.7118,0.10,0.30
2008.04.15 12:29:44.599,1.7113,1.7118,0.10,0.30
2008.04.15 12:29:45.124,1.7113,1.7118,0.10,0.30
2008.04.15 12:29:45.355,1.7113,1.7118,0.10,0.30
2008.04.15 12:29:45.835,1.7113,1.7118,0.10,0.30
2008.04.15 12:29:46.404,1.7113,1.7118,0.10,0.30
2008.04.15 12:29:46.705,1.7113,1.71185,0.60,0.30
2008.04.15 12:29:46.894,1.7113,1.71175,0.50,0.30
2008.04.15 12:29:47.168,1.7113,1.71175,0.50,0.30
2008.04.15 12:29:47.456,1.71125,1.7118,0.10,0.30
2008.04.15 12:29:47.655,1.71125,1.7118,0.10,0.30
2008.04.15 12:29:49.518,1.71125,1.7118,0.10,0.30
2008.04.15 12:29:49.646,1.71125,1.7118,0.10,0.30
2008.04.15 12:29:51.249,1.7112,1.712,1.10,0.50
2008.04.15 12:29:51.652,1.7112,1.712,1.10,0.50
2008.04.15 12:29:52.226,1.7112,1.712,1.10,0.60
2008.04.15 12:29:52.424,1.71115,1.712,0.50,0.60
2008.04.15 12:29:52.958,1.71115,1.712,0.50,0.60
2008.04.15 12:29:53.293,1.71125,1.712,0.50,0.50
2008.04.15 12:29:53.628,1.71125,1.7123,0.50,0.50
2008.04.15 12:29:53.987,1.71125,1.7123,0.50,0.50
2008.04.15 12:29:54.212,1.71125,1.7123,0.50,0.50
2008.04.15 12:29:54.719,1.71115,1.7123,0.50,0.50
2008.04.15 12:29:55.909,1.7106,1.7123,0.50,0.50
2008.04.15 12:29:56.143,1.7106,1.7123,0.50,0.50
2008.04.15 12:29:56.471,1.7106,1.7123,0.50,0.50
2008.04.15 12:29:56.692,1.7106,1.7123,0.50,0.50
2008.04.15 12:29:56.942,1.7105,1.7122,0.50,0.50
2008.04.15 12:29:57.192,1.7105,1.7122,0.50,0.50
2008.04.15 12:29:57.446,1.7109,1.7126,0.50,0.50
2008.04.15 12:29:57.722,1.7109,1.7126,0.50,0.50
2008.04.15 12:29:58.428,1.7109,1.7126,0.50,0.50
2008.04.15 12:29:58.668,1.7108,1.7125,0.50,0.50
2008.04.15 12:29:58.900,1.7104,1.7121,0.50,0.50
2008.04.15 12:29:59.129,1.7104,1.7121,0.50,0.50
2008.04.15 12:29:59.982,1.7104,1.7121,0.50,0.50
2008.04.15 12:30:00.227,1.7105,1.7122,0.50,0.50
2008.04.15 12:30:00.472,1.7105,1.7122,0.50,0.50
2008.04.15 12:30:00.739,1.7105,1.7122,0.50,0.50
2008.04.15 12:30:01.000,1.7101,1.7118,0.50,0.50
2008.04.15 12:30:01.529,1.7101,1.7118,0.50,0.50
2008.04.15 12:30:01.791,1.7102,1.7119,0.50,0.50
2008.04.15 12:30:02.065,1.7105,1.7122,0.50,0.50
2008.04.15 12:30:02.485,1.7105,1.7122,0.50,0.50
2008.04.15 12:30:02.762,1.71,1.7117,0.50,0.50
2008.04.15 12:30:03.194,1.71,1.7117,0.50,0.50
2008.04.15 12:30:03.425,1.7101,1.7118,0.50,0.50
2008.04.15 12:30:03.657,1.7099,1.7116,0.50,0.50
2008.04.15 12:30:03.888,1.7101,1.7118,0.50,0.50
2008.04.15 12:30:04.168,1.7103,1.712,0.50,0.50
2008.04.15 12:30:04.450,1.7101,1.7118,0.50,0.50
2008.04.15 12:30:04.759,1.71,1.7118,0.50,0.50
2008.04.15 12:30:05.037,1.7101,1.7118,0.50,0.50
2008.04.15 12:30:05.293,1.7102,1.7119,0.50,0.50
2008.04.15 12:30:05.548,1.7103,1.712,0.50,0.50
2008.04.15 12:30:05.829,1.7103,1.712,0.50,0.50
2008.04.15 12:30:06.207,1.7103,1.712,0.50,0.50
2008.04.15 12:30:06.489,1.7103,1.712,0.50,0.50
2008.04.15 12:30:06.770,1.7104,1.7121,0.50,0.50
2008.04.15 12:30:07.072,1.7104,1.7121,0.50,0.50
2008.04.15 12:30:07.319,1.7105,1.7118,0.50,0.30
2008.04.15 12:30:07.551,1.7104,1.7118,0.50,0.30
2008.04.15 12:30:07.783,1.7104,1.7116,0.50,0.30
2008.04.15 12:30:08.081,1.7103,1.7115,2.90,0.30
2008.04.15 12:30:08.376,1.7103,1.7115,2.90,0.30
2008.04.15 12:30:08.695,1.7103,1.7114,2.90,0.30
2008.04.15 12:30:08.966,1.7103,1.7115,2.90,0.30
2008.04.15 12:30:09.236,1.7103,1.7115,2.50,0.30
2008.04.15 12:30:09.506,1.7103,1.7114,2.50,0.30
2008.04.15 12:30:09.777,1.7103,1.7115,2.50,0.30
2008.04.15 12:30:10.049,1.7103,1.7112,0.50,0.30
2008.04.15 12:30:10.318,1.7103,1.7112,0.50,0.30
2008.04.15 12:30:10.574,1.71,1.711,2.90,0.30
2008.04.15 12:30:10.830,1.7101,1.711,0.50,0.30
2008.04.15 12:30:11.294,1.7101,1.711,0.50,0.30
2008.04.15 12:30:11.590,1.7101,1.711,0.50,0.30
2008.04.15 12:30:11.886,1.7101,1.7111,0.50,0.30
2008.04.15 12:30:12.136,1.71,1.7111,0.50,0.30
2008.04.15 12:30:12.387,1.7101,1.7111,0.50,0.30
2008.04.15 12:30:12.638,1.7101,1.7111,0.20,0.30
2008.04.15 12:30:12.890,1.71,1.711,0.50,0.30
2008.04.15 12:30:13.187,1.7104,1.711,0.50,0.30
2008.04.15 12:30:13.482,1.7103,1.7108,0.50,0.30
2008.04.15 12:30:13.802,1.7102,1.7108,0.50,0.30
2008.04.15 12:30:14.098,1.7101,1.7108,0.50,0.30
2008.04.15 12:30:14.373,1.7101,1.7107,0.50,0.30
2008.04.15 12:30:14.649,1.7099,1.7107,0.50,0.30
2008.04.15 12:30:14.925,1.7097,1.7106,0.50,0.30
2008.04.15 12:30:15.200,1.7097,1.7106,0.50,0.30
2008.04.15 12:30:15.476,1.7098,1.7106,0.50,0.30
2008.04.15 12:30:15.752,1.7099,1.7107,0.50,0.30
2008.04.15 12:30:16.028,1.7099,1.7108,5.00,0.30
2008.04.15 12:30:16.308,1.70985,1.7104,0.30,0.30
2008.04.15 12:30:16.590,1.71,1.7103,0.50,0.30
2008.04.15 12:30:16.869,1.71,1.7108,0.50,0.30
2008.04.15 12:30:17.151,1.7099,1.7108,0.50,0.30
2008.04.15 12:30:17.426,1.7099,1.7107,0.50,0.30
2008.04.15 12:30:18.023,1.7099,1.7107,0.50,0.30
2008.04.15 12:30:18.292,1.7099,1.7107,0.50,0.30
2008.04.15 12:30:18.888,1.7099,1.7107,0.50,0.30
2008.04.15 12:30:19.159,1.7101,1.7109,0.50,0.30
2008.04.15 12:30:19.440,1.7099,1.7106,0.30,0.30
2008.04.15 12:30:19.719,1.7098,1.7106,5.30,0.30
2008.04.15 12:30:20.315,1.71,1.7106,0.20,0.30
2008.04.15 12:30:20.627,1.71,1.7106,0.20,0.30
2008.04.15 12:30:20.908,1.7101,1.7107,0.20,0.30
2008.04.15 12:30:21.188,1.7096,1.7105,0.20,0.50
2008.04.15 12:30:21.485,1.7102,1.7107,0.20,0.30
2008.04.15 12:30:21.756,1.7103,1.7106,0.20,0.30
2008.04.15 12:30:22.027,1.7105,1.7108,0.20,0.30
2008.04.15 12:30:22.273,1.7105,1.7108,0.20,0.40
2008.04.15 12:30:22.544,1.7098,1.7108,0.50,0.40
2008.04.15 12:30:22.763,1.71,1.71055,0.10,0.30
2008.04.15 12:30:23.009,1.70975,1.7103,0.10,0.30
2008.04.15 12:30:23.304,1.7098,1.7103,0.10,0.30
2008.04.15 12:30:23.724,1.7098,1.7103,0.10,0.30
2008.04.15 12:30:24.019,1.7098,1.7103,0.10,0.30
2008.04.15 12:30:24.284,1.7098,1.7103,0.40,0.30
2008.04.15 12:30:24.549,1.7101,1.71065,0.30,0.30
2008.04.15 12:30:24.814,1.7101,1.7107,0.30,0.60
2008.04.15 12:30:25.080,1.7101,1.71065,0.10,0.30
2008.04.15 12:30:25.361,1.7101,1.71065,0.10,0.30
2008.04.15 12:30:25.665,1.7102,1.71075,0.10,0.30
2008.04.15 12:30:25.960,1.7102,1.7107,0.10,0.30
2008.04.15 12:30:26.242,1.7103,1.71095,0.10,0.30
2008.04.15 12:30:26.507,1.7104,1.7109,0.10,0.30
2008.04.15 12:30:26.857,1.7104,1.7109,0.10,0.30
2008.04.15 12:30:27.123,1.7103,1.7108,0.10,0.30
2008.04.15 12:30:27.398,1.71045,1.7108,0.10,0.30
2008.04.15 12:30:27.730,1.7104,1.7108,0.10,0.30
2008.04.15 12:30:28.007,1.7104,1.7108,0.10,0.30
2008.04.15 12:30:28.267,1.7103,1.7108,0.10,0.30
2008.04.15 12:30:28.527,1.7103,1.7107,0.10,0.30
2008.04.15 12:30:28.787,1.71035,1.7108,0.10,0.30
2008.04.15 12:30:29.065,1.7104,1.7107,0.10,0.30
2008.04.15 12:30:29.458,1.7104,1.7107,0.10,0.30
2008.04.15 12:30:29.919,1.7104,1.7107,0.10,0.30
2008.04.15 12:30:30.190,1.71025,1.7107,0.10,0.30
2008.04.15 12:30:30.440,1.7101,1.7105,0.10,0.30
2008.04.15 12:30:30.708,1.7102,1.7105,0.10,0.30
2008.04.15 12:30:31.080,1.7102,1.7105,0.10,0.30
2008.04.15 12:30:31.376,1.71,1.7103,0.10,0.30
2008.04.15 12:30:31.671,1.71,1.7103,0.10,0.30
2008.04.15 12:30:31.968,1.71,1.7105,0.10,0.30
2008.04.15 12:30:32.267,1.7103,1.7107,0.10,0.30
2008.04.15 12:30:32.570,1.7103,1.7106,0.10,0.30
2008.04.15 12:30:32.826,1.7102,1.7106,0.10,0.30
2008.04.15 12:30:33.286,1.7102,1.7106,0.40,0.30
2008.04.15 12:30:33.558,1.7104,1.7108,0.60,0.30
2008.04.15 12:30:33.826,1.7104,1.7108,0.50,0.30
2008.04.15 12:30:34.096,1.71025,1.7107,0.10,0.30
2008.04.15 12:30:34.470,1.71025,1.7107,0.10,0.30
2008.04.15 12:30:34.750,1.7103,1.7107,0.10,0.30
2008.04.15 12:30:35.030,1.7103,1.7107,0.10,0.30
2008.04.15 12:30:35.311,1.7103,1.7107,0.10,0.30
2008.04.15 12:30:35.571,1.7102,1.7106,0.10,0.30
2008.04.15 12:30:35.831,1.7102,1.7106,0.10,0.30
2008.04.15 12:30:36.091,1.7102,1.7106,0.10,0.30
2008.04.15 12:30:36.351,1.7102,1.7106,0.10,0.30
2008.04.15 12:30:36.621,1.7101,1.7105,0.10,0.30
2008.04.15 12:30:36.892,1.71015,1.7106,0.30,0.30
2008.04.15 12:30:37.187,1.7102,1.7106,0.10,0.30
2008.04.15 12:30:37.461,1.71025,1.7106,0.10,0.30
2008.04.15 12:30:37.730,1.71025,1.7106,0.10,0.30
2008.04.15 12:30:38.000,1.71035,1.7107,0.10,0.30
2008.04.15 12:30:38.271,1.71025,1.7107,0.10,0.30
2008.04.15 12:30:38.536,1.71035,1.7107,0.10,0.30
2008.04.15 12:30:38.800,1.71025,1.7107,0.10,0.30
2008.04.15 12:30:39.090,1.7102,1.7106,0.10,0.30
2008.04.15 12:30:39.330,1.7102,1.7106,0.10,0.30
2008.04.15 12:30:40.798,1.7102,1.7106,0.10,0.30
2008.04.15 12:30:41.024,1.71025,1.7106,0.10,0.30
2008.04.15 12:30:41.250,1.7103,1.7106,0.10,0.30
2008.04.15 12:30:41.539,1.71015,1.7106,0.10,0.30
2008.04.15 12:30:41.829,1.71015,1.7106,0.10,0.30
2008.04.15 12:30:42.120,1.71015,1.7104,0.10,0.30
2008.04.15 12:30:42.409,1.71015,1.7106,0.10,0.30
2008.04.15 12:30:42.655,1.71015,1.7106,0.10,0.30
2008.04.15 12:30:42.898,1.7102,1.7107,0.10,0.30
2008.04.15 12:30:43.231,1.71025,1.7107,0.10,0.30
2008.04.15 12:30:43.476,1.71025,1.7107,0.10,0.30
2008.04.15 12:30:43.735,1.71025,1.7104,0.10,0.30
2008.04.15 12:30:43.996,1.7102,1.7107,1.60,0.30
2008.04.15 12:30:44.281,1.7102,1.7107,0.10,0.30
2008.04.15 12:30:44.541,1.7101,1.7106,0.30,0.60
2008.04.15 12:30:44.816,1.7102,1.7106,0.10,0.30
2008.04.15 12:30:45.090,1.7102,1.7106,0.10,0.30
2008.04.15 12:30:45.401,1.7102,1.7106,0.10,0.30
2008.04.15 12:30:45.677,1.71015,1.7106,0.10,0.30
2008.04.15 12:30:46.096,1.71015,1.7106,0.10,0.30
2008.04.15 12:30:46.378,1.7101,1.7106,0.10,0.30
2008.04.15 12:30:46.654,1.71005,1.7106,0.10,0.30
2008.04.15 12:30:46.939,1.71005,1.7104,0.10,0.30
2008.04.15 12:30:47.251,1.7101,1.7106,0.10,0.30
2008.04.15 12:30:47.536,1.7101,1.7106,0.10,0.60
2008.04.15 12:30:47.772,1.71025,1.7106,0.10,0.30
2008.04.15 12:30:48.035,1.7101,1.71065,14.10,0.30
2008.04.15 12:30:48.268,1.71025,1.7107,0.10,0.30
2008.04.15 12:30:48.499,1.71015,1.7107,0.10,0.60
2008.04.15 12:30:48.835,1.71025,1.7107,0.10,0.30
2008.04.15 12:30:49.149,1.7101,1.71055,14.00,0.30
2008.04.15 12:30:49.460,1.71,1.7104,0.10,0.30
2008.04.15 12:30:49.706,1.7099,1.7103,4.80,0.30
2008.04.15 12:30:49.951,1.7098,1.7103,4.80,0.30
2008.04.15 12:30:50.197,1.7097,1.7101,0.10,0.30
2008.04.15 12:30:50.451,1.7097,1.7101,0.10,0.30
2008.04.15 12:30:50.696,1.7097,1.7101,0.10,0.30
2008.04.15 12:30:50.961,1.7097,1.7102,0.10,0.30
2008.04.15 12:30:51.227,1.7098,1.7101,0.80,0.30
2008.04.15 12:30:51.513,1.70965,1.7101,0.10,0.30
2008.04.15 12:30:51.779,1.7097,1.7101,1.60,0.30
2008.04.15 12:30:52.059,1.70975,1.7102,0.10,0.30
2008.04.15 12:30:52.339,1.7098,1.7102,0.10,0.30
2008.04.15 12:30:52.631,1.7098,1.7103,0.10,0.30
2008.04.15 12:30:52.932,1.71,1.71035,6.40,0.30
2008.04.15 12:30:53.255,1.71015,1.7104,0.10,0.30
2008.04.15 12:30:53.557,1.7101,1.7104,0.10,0.30
2008.04.15 12:30:53.804,1.71015,1.7107,0.10,0.30
2008.04.15 12:30:54.049,1.7102,1.71075,0.10,0.30
2008.04.15 12:30:54.293,1.7102,1.71075,4.80,0.30
2008.04.15 12:30:54.539,1.7101,1.71065,1.60,0.30
2008.04.15 12:30:54.783,1.7101,1.71065,6.40,0.30
2008.04.15 12:30:55.113,1.7101,1.71065,1.60,0.30
2008.04.15 12:30:55.499,1.7101,1.7106,0.10,1.60
2008.04.15 12:30:55.830,1.71,1.71055,0.10,0.30
2008.04.15 12:30:56.060,1.70995,1.71055,0.10,0.30
2008.04.15 12:30:56.313,1.71,1.71055,1.60,0.30
2008.04.15 12:30:56.544,1.7101,1.71065,0.10,0.30
2008.04.15 12:30:56.774,1.70995,1.7105,0.10,0.30
2008.04.15 12:30:57.068,1.71,1.7105,0.10,0.30
2008.04.15 12:30:57.383,1.7099,1.71045,1.60,0.30
2008.04.15 12:30:57.679,1.7099,1.71045,1.60,0.30
2008.04.15 12:30:57.958,1.71005,1.7106,0.10,2.00
2008.04.15 12:30:58.242,1.71,1.7106,0.10,2.00
2008.04.15 12:30:58.524,1.71015,1.7106,0.10,0.30
2008.04.15 12:30:58.804,1.71015,1.7107,0.10,0.60
2008.04.15 12:30:59.058,1.71015,1.7107,0.10,0.60
2008.04.15 12:30:59.590,1.71015,1.7107,0.10,0.60
2008.04.15 12:30:59.844,1.71015,1.71065,0.10,0.30
2008.04.15 12:31:00.115,1.7101,1.7107,0.30,2.80
2008.04.15 12:31:00.386,1.7101,1.7106,0.10,0.30
2008.04.15 12:31:00.657,1.71,1.7105,0.20,0.30
2008.04.15 12:31:00.981,1.70995,1.7105,0.10,0.60
2008.04.15 12:31:01.282,1.7099,1.71045,1.80,0.30
2008.04.15 12:31:01.573,1.7101,1.7105,0.30,0.30
2008.04.15 12:31:01.862,1.7102,1.7106,0.20,0.30
2008.04.15 12:31:02.168,1.7102,1.7106,0.20,0.30
2008.04.15 12:31:02.564,1.7102,1.7106,0.20,0.60
2008.04.15 12:31:02.843,1.7102,1.7106,0.20,0.60
2008.04.15 12:31:03.114,1.71,1.7106,0.30,2.00
2008.04.15 12:31:03.411,1.71,1.71055,0.30,0.30
2008.04.15 12:31:03.681,1.71,1.71045,1.60,0.10
2008.04.15 12:31:03.951,1.70995,1.71035,0.10,0.10
2008.04.15 12:31:04.241,1.70995,1.7104,0.10,0.10
2008.04.15 12:31:04.522,1.70995,1.71045,0.10,0.10
2008.04.15 12:31:04.803,1.71005,1.7105,0.10,0.10
2008.04.15 12:31:05.105,1.7105,1.71075,0.20,0.30
2008.04.15 12:31:05.380,1.7105,1.7106,0.20,0.10
2008.04.15 12:31:05.657,1.7102,1.71055,1.60,0.10
2008.04.15 12:31:05.932,1.71005,1.71055,0.40,0.10
2008.04.15 12:31:06.201,1.71005,1.71055,0.40,0.10
2008.04.15 12:31:06.471,1.7101,1.7106,1.60,0.10
2008.04.15 12:31:06.742,1.71005,1.7106,0.40,0.40
2008.04.15 12:31:07.013,1.70995,1.71045,0.40,0.10
2008.04.15 12:31:07.309,1.71005,1.71055,0.40,0.10
2008.04.15 12:31:07.730,1.7101,1.71055,1.60,0.10
2008.04.15 12:31:08.028,1.71015,1.71055,0.10,0.10
2008.04.15 12:31:08.269,1.71005,1.71055,0.40,0.10
2008.04.15 12:31:08.507,1.71005,1.71055,0.40,0.40
2008.04.15 12:31:08.891,1.71005,1.7105,0.10,0.10
2008.04.15 12:31:09.444,1.71005,1.7105,0.10,0.10
2008.04.15 12:31:09.734,1.70995,1.71045,0.40,0.10
2008.04.15 12:31:10.023,1.71,1.7105,1.90,0.10
2008.04.15 12:31:10.286,1.7101,1.71055,1.60,0.10
2008.04.15 12:31:10.532,1.7101,1.7106,0.30,0.40
2008.04.15 12:31:10.778,1.7101,1.7106,0.30,0.80
2008.04.15 12:31:11.024,1.7101,1.71055,0.30,0.30
2008.04.15 12:31:11.340,1.71015,1.7106,0.30,0.80
2008.04.15 12:31:11.607,1.71025,1.7107,0.30,1.00
2008.04.15 12:31:11.923,1.71025,1.7107,0.30,1.00
2008.04.15 12:31:12.213,1.71025,1.7107,0.30,1.00
2008.04.15 12:31:12.485,1.71035,1.7107,0.30,0.30
2008.04.15 12:31:12.755,1.71035,1.7108,0.30,1.00
2008.04.15 12:31:13.030,1.7103,1.7108,0.30,2.70
2008.04.15 12:31:13.284,1.7103,1.71075,0.30,0.30
2008.04.15 12:31:13.540,1.7104,1.7108,0.30,0.30
2008.04.15 12:31:13.794,1.7104,1.7108,0.30,1.00
2008.04.15 12:31:14.049,1.71035,1.7108,0.30,0.80
2008.04.15 12:31:14.349,1.71045,1.71085,0.30,0.30
2008.04.15 12:31:14.648,1.71045,1.7109,0.30,0.30
2008.04.15 12:31:14.961,1.71045,1.7109,0.30,1.00
2008.04.15 12:31:15.263,1.71055,1.7108,0.30,0.80
2008.04.15 12:31:15.517,1.71055,1.7108,0.30,0.80
2008.04.15 12:31:15.770,1.71055,1.711,0.30,0.30
2008.04.15 12:31:16.025,1.71055,1.711,0.30,0.30
2008.04.15 12:31:16.278,1.7106,1.7111,0.10,0.50
2008.04.15 12:31:16.553,1.71055,1.7111,0.40,0.50
2008.04.15 12:31:16.828,1.7106,1.7111,4.80,0.40
2008.04.15 12:31:17.103,1.7107,1.7112,0.30,0.40
2008.04.15 12:31:17.383,1.7107,1.7112,0.30,0.40
2008.04.15 12:31:17.663,1.71075,1.71125,0.40,0.10
2008.04.15 12:31:17.943,1.71075,1.7112,0.30,0.30
2008.04.15 12:31:18.223,1.71075,1.7112,0.10,0.10
2008.04.15 12:31:18.501,1.7107,1.7112,0.10,0.40
2008.04.15 12:31:18.760,1.71065,1.7112,0.40,0.40
2008.04.15 12:31:19.020,1.71065,1.71115,0.40,0.30
2008.04.15 12:31:19.466,1.71065,1.71115,0.40,0.30
2008.04.15 12:31:19.740,1.71085,1.7113,0.30,0.30
2008.04.15 12:31:20.014,1.71075,1.71125,0.10,0.10
2008.04.15 12:31:20.294,1.7107,1.71115,0.50,0.30
2008.04.15 12:31:20.703,1.7107,1.71115,0.50,0.30
2008.04.15 12:31:20.982,1.7107,1.71115,0.50,0.30
2008.04.15 12:31:21.237,1.71065,1.7111,0.30,0.30
2008.04.15 12:31:21.523,1.7106,1.7111,0.30,0.50
2008.04.15 12:31:21.808,1.7106,1.7111,0.10,0.50
2008.04.15 12:31:22.411,1.7106,1.7111,0.10,0.50
2008.04.15 12:31:22.661,1.7107,1.7111,0.20,0.10
2008.04.15 12:31:22.911,1.7107,1.7111,0.20,0.30
2008.04.15 12:31:23.160,1.7107,1.71115,0.20,0.10
2008.04.15 12:31:23.743,1.7107,1.71115,0.20,0.10
2008.04.15 12:31:24.029,1.7107,1.7111,0.30,0.30
2008.04.15 12:31:24.883,1.7107,1.7111,0.30,0.30
2008.04.15 12:31:25.142,1.7107,1.7111,0.20,0.30
2008.04.15 12:31:25.418,1.7108,1.71115,0.20,0.10
2008.04.15 12:31:25.672,1.7107,1.7111,0.20,0.40
2008.04.15 12:31:26.033,1.7107,1.7111,0.20,0.40
2008.04.15 12:31:26.283,1.7107,1.7111,0.20,0.40
2008.04.15 12:31:26.727,1.7107,1.7111,0.20,0.30
2008.04.15 12:31:27.219,1.7108,1.7112,0.20,0.50
2008.04.15 12:31:27.468,1.7108,1.7112,0.20,0.40
2008.04.15 12:31:27.784,1.7108,1.7112,0.20,0.40
2008.04.15 12:31:28.033,1.7108,1.7112,0.20,0.40
2008.04.15 12:31:28.799,1.7108,1.7112,0.20,0.40
2008.04.15 12:31:29.113,1.7108,1.7112,0.30,0.30
2008.04.15 12:31:29.431,1.7108,1.7112,0.30,0.30
2008.04.15 12:31:29.944,1.7108,1.7112,0.30,0.30
2008.04.15 12:31:30.990,1.7108,1.7112,0.30,0.30
2008.04.15 12:31:31.672,1.7108,1.7112,0.30,0.30
2008.04.15 12:31:32.446,1.7108,1.7112,0.30,0.30
2008.04.15 12:31:32.728,1.7108,1.7112,0.60,0.30
2008.04.15 12:31:32.997,1.7108,1.7113,0.60,0.30
2008.04.15 12:31:33.358,1.7108,1.7113,0.60,0.30
2008.04.15 12:31:33.710,1.71085,1.7113,0.30,0.40
2008.04.15 12:31:33.959,1.7109,1.7113,0.30,0.40
2008.04.15 12:31:34.158,1.7109,1.7113,0.60,0.30
2008.04.15 12:31:34.409,1.7109,1.7113,0.60,0.30
2008.04.15 12:31:34.967,1.7109,1.7113,0.60,0.30
2008.04.15 12:31:36.936,1.7109,1.7113,0.60,0.30
2008.04.15 12:31:37.272,1.7109,1.7112,0.20,0.30
2008.04.15 12:31:37.608,1.7109,1.7112,0.20,0.30
2008.04.15 12:31:37.803,1.7109,1.7112,0.20,0.30
2008.04.15 12:31:37.998,1.7109,1.7112,0.20,0.30
2008.04.15 12:31:38.213,1.7109,1.7112,0.20,0.30
2008.04.15 12:31:38.446,1.7109,1.7113,0.50,0.30
2008.04.15 12:31:38.639,1.7109,1.71135,0.50,0.40
2008.04.15 12:31:38.974,1.7109,1.71135,0.50,0.40
2008.04.15 12:31:39.380,1.7109,1.71135,0.50,0.10
2008.04.15 12:31:40.154,1.7109,1.71135,0.50,0.10
2008.04.15 12:31:40.780,1.7109,1.71135,0.50,0.10
2008.04.15 12:31:41.081,1.7109,1.71115,0.20,0.10
2008.04.15 12:31:41.357,1.71065,1.7111,0.40,0.10
2008.04.15 12:31:41.631,1.7106,1.71105,0.30,0.10
2008.04.15 12:31:41.964,1.7106,1.71105,0.30,0.10
2008.04.15 12:31:42.240,1.7106,1.71105,0.30,0.40
2008.04.15 12:31:42.550,1.71055,1.711,0.30,0.40
2008.04.15 12:31:42.824,1.71055,1.711,0.30,0.10
2008.04.15 12:31:43.073,1.71055,1.711,0.30,0.10
2008.04.15 12:31:43.964,1.71055,1.711,0.30,0.10
2008.04.15 12:31:44.224,1.71055,1.711,0.40,0.10
2008.04.15 12:31:44.557,1.71055,1.711,0.40,0.10
2008.04.15 12:31:44.805,1.71055,1.71095,0.30,0.30
2008.04.15 12:31:45.070,1.7105,1.71095,0.30,0.40
2008.04.15 12:31:45.464,1.7105,1.71095,0.30,0.40
2008.04.15 12:31:45.730,1.7105,1.7109,0.30,0.10
2008.04.15 12:31:45.994,1.7105,1.7109,0.30,0.10
2008.04.15 12:31:46.265,1.7104,1.71075,0.20,0.10
2008.04.15 12:31:46.482,1.7103,1.71075,0.30,0.10
2008.04.15 12:31:46.817,1.7103,1.71075,0.40,0.10
2008.04.15 12:31:47.468,1.7103,1.71075,0.30,0.10
2008.04.15 12:31:47.948,1.7103,1.71075,0.30,0.10
2008.04.15 12:31:48.213,1.7103,1.71075,0.30,0.10
2008.04.15 12:31:48.477,1.7103,1.71075,0.30,0.10
2008.04.15 12:31:48.744,1.7103,1.71075,0.30,0.10
2008.04.15 12:31:48.998,1.71025,1.71055,0.10,0.10
2008.04.15 12:31:49.233,1.7102,1.7106,0.60,0.10
2008.04.15 12:31:49.486,1.7102,1.7105,0.10,0.10
2008.04.15 12:31:49.723,1.71025,1.7106,0.10,0.40
2008.04.15 12:31:50.035,1.7103,1.7106,0.20,0.30
2008.04.15 12:31:50.344,1.71025,1.7107,0.30,0.10
2008.04.15 12:31:50.656,1.7102,1.7105,0.10,0.10
2008.04.15 12:31:51.112,1.71015,1.7105,0.10,0.10
2008.04.15 12:31:51.386,1.71015,1.71045,0.10,0.10
2008.04.15 12:31:51.903,1.71015,1.71045,0.10,0.10
2008.04.15 12:31:52.153,1.71015,1.71045,0.10,0.10
2008.04.15 12:31:52.403,1.7101,1.71045,0.30,0.10
2008.04.15 12:31:52.678,1.7101,1.71045,0.10,0.10
2008.04.15 12:31:52.930,1.70995,1.7103,0.10,0.10
2008.04.15 12:31:53.209,1.70995,1.71035,0.40,0.10
2008.04.15 12:31:53.491,1.70995,1.7103,0.10,0.10
2008.04.15 12:31:53.798,1.70995,1.7103,0.10,0.40
2008.04.15 12:31:54.059,1.7099,1.7103,0.30,0.40
2008.04.15 12:31:54.406,1.7101,1.7103,0.30,0.30
2008.04.15 12:31:54.667,1.7101,1.71045,0.50,0.30
2008.04.15 12:31:54.927,1.7101,1.7105,0.20,2.10
2008.04.15 12:31:55.247,1.7101,1.7105,0.20,2.10
2008.04.15 12:31:55.512,1.7101,1.7104,0.20,0.30
2008.04.15 12:31:55.777,1.7101,1.7104,0.20,0.30
2008.04.15 12:31:56.127,1.7101,1.7104,0.20,0.30
2008.04.15 12:31:56.504,1.7101,1.7104,0.20,0.30
2008.04.15 12:31:57.380,1.7101,1.7104,0.20,0.30
2008.04.15 12:31:57.650,1.7101,1.7103,0.20,0.30
2008.04.15 12:31:57.919,1.7101,1.7104,0.20,0.30
2008.04.15 12:31:58.249,1.7101,1.7104,0.20,0.30
2008.04.15 12:31:58.504,1.7101,1.71035,0.20,0.30
2008.04.15 12:31:58.745,1.71,1.7102,0.20,0.30
2008.04.15 12:31:59.073,1.71,1.7102,0.20,0.30
2008.04.15 12:31:59.354,1.7098,1.7101,0.20,0.30
2008.04.15 12:31:59.634,1.70985,1.7103,0.30,2.90
2008.04.15 12:31:59.912,1.70985,1.7103,0.30,0.50
2008.04.15 12:32:00.188,1.70985,1.7103,0.30,0.50
2008.04.15 12:32:00.443,1.70985,1.7103,0.30,0.50
2008.04.15 12:32:01.044,1.70985,1.7103,0.30,0.50
2008.04.15 12:32:01.325,1.7098,1.71015,0.20,0.10
2008.04.15 12:32:01.629,1.70965,1.7101,0.30,0.40
2008.04.15 12:32:01.988,1.70965,1.7101,0.30,1.90
2008.04.15 12:32:02.254,1.7096,1.70995,0.20,0.10
2008.04.15 12:32:02.689,1.7096,1.70995,0.20,0.10
2008.04.15 12:32:02.953,1.7096,1.70995,0.20,0.10
2008.04.15 12:32:03.227,1.7096,1.71,0.20,0.40
2008.04.15 12:32:03.546,1.7096,1.70995,0.20,0.10
2008.04.15 12:32:03.831,1.7096,1.70995,0.20,0.10
2008.04.15 12:32:04.122,1.70955,1.7099,0.40,0.30
2008.04.15 12:32:04.414,1.70975,1.7099,0.40,0.30
2008.04.15 12:32:04.703,1.70975,1.7102,0.40,0.40
2008.04.15 12:32:04.993,1.7096,1.70985,1.60,0.10
2008.04.15 12:32:05.259,1.70955,1.70985,0.10,0.10
2008.04.15 12:32:05.524,1.7097,1.7099,0.30,0.30
2008.04.15 12:32:05.818,1.7097,1.7099,0.30,0.30
2008.04.15 12:32:06.084,1.70965,1.7099,0.10,0.40
2008.04.15 12:32:06.355,1.7096,1.71,0.50,0.40
2008.04.15 12:32:06.625,1.70965,1.71,0.40,0.30
2008.04.15 12:32:06.895,1.70965,1.7101,0.40,0.10
2008.04.15 12:32:07.165,1.71,1.7102,0.20,0.30
2008.04.15 12:32:07.431,1.71,1.7102,0.20,0.30
2008.04.15 12:32:07.694,1.71,1.7102,0.20,0.30
2008.04.15 12:32:08.279,1.71,1.7102,0.20,0.30
2008.04.15 12:32:08.544,1.71,1.71035,0.50,0.30
2008.04.15 12:32:08.808,1.71,1.7104,0.20,1.90
2008.04.15 12:32:09.072,1.71,1.71035,0.20,0.30
2008.04.15 12:32:10.948,1.71,1.71035,0.20,0.30
2008.04.15 12:32:11.108,1.71,1.71035,0.50,0.30
2008.04.15 12:32:11.174,1.71,1.71035,0.50,0.30
2008.04.15 12:32:11.525,1.71,1.71035,0.20,0.40
2008.04.15 12:32:11.600,1.71,1.71025,0.20,0.10
2008.04.15 12:32:11.673,1.71,1.7102,0.20,0.30
2008.04.15 12:32:11.765,1.71,1.7102,0.20,0.30
2008.04.15 12:32:11.791,1.71,1.7102,0.20,0.30
2008.04.15 12:32:11.843,1.7099,1.7102,0.20,0.30
2008.04.15 12:32:11.936,1.7099,1.7102,0.20,0.30
2008.04.15 12:32:12.019,1.7099,1.7102,0.20,0.30
2008.04.15 12:32:12.353,1.7099,1.7102,0.20,0.30
2008.04.15 12:32:12.688,1.7099,1.7102,0.20,0.30
2008.04.15 12:32:13.404,1.7099,1.7102,0.20,0.30
2008.04.15 12:32:13.623,1.7099,1.7102,0.20,0.50
2008.04.15 12:32:13.843,1.7099,1.7101,0.20,0.30
2008.04.15 12:32:14.065,1.7099,1.7103,0.20,2.10
2008.04.15 12:32:14.370,1.7099,1.7103,0.20,2.10
2008.04.15 12:32:14.706,1.7099,1.7103,0.20,2.10
2008.04.15 12:32:14.981,1.70985,1.7102,0.30,0.30
2008.04.15 12:32:15.255,1.7098,1.7102,0.50,0.40
2008.04.15 12:32:15.545,1.7098,1.7102,0.50,0.40
2008.04.15 12:32:15.850,1.7098,1.7101,0.30,0.30
2008.04.15 12:32:16.129,1.7097,1.7101,0.50,0.40
2008.04.15 12:32:16.404,1.7097,1.7101,0.50,0.40
2008.04.15 12:32:16.823,1.7098,1.7101,0.20,0.40
2008.04.15 12:32:17.100,1.7098,1.7102,0.50,0.40
2008.04.15 12:32:17.334,1.7098,1.7102,0.50,0.40
2008.04.15 12:32:17.607,1.7098,1.7102,0.50,0.50
2008.04.15 12:32:17.841,1.7098,1.71015,0.20,0.10
2008.04.15 12:32:18.076,1.7097,1.71005,0.20,0.10
2008.04.15 12:32:18.376,1.7097,1.71005,0.20,0.10
2008.04.15 12:32:18.675,1.7097,1.71005,0.20,0.10
2008.04.15 12:32:18.997,1.7097,1.70995,0.20,0.10
2008.04.15 12:32:19.299,1.7097,1.7099,0.20,0.30
2008.04.15 12:32:19.561,1.70965,1.7098,0.30,0.30
2008.04.15 12:32:19.822,1.70965,1.7101,0.40,0.10
2008.04.15 12:32:20.159,1.70965,1.7101,0.40,0.10
2008.04.15 12:32:20.457,1.7097,1.7101,0.20,0.10
2008.04.15 12:32:20.717,1.70965,1.7101,0.40,0.10
2008.04.15 12:32:21.018,1.70975,1.7102,0.30,0.50
2008.04.15 12:32:21.278,1.70975,1.7102,0.30,0.40
2008.04.15 12:32:21.666,1.70975,1.7102,0.30,0.40
2008.04.15 12:32:21.938,1.7098,1.7102,0.50,0.30
2008.04.15 12:32:22.201,1.71,1.7104,0.50,0.40
2008.04.15 12:32:22.527,1.71,1.7104,0.50,0.40
2008.04.15 12:32:22.808,1.71,1.7104,0.50,1.10
2008.04.15 12:32:23.089,1.71,1.7104,0.20,1.10
2008.04.15 12:32:23.369,1.71,1.71035,0.20,0.10
2008.04.15 12:32:23.648,1.71,1.71035,0.20,0.10
2008.04.15 12:32:23.928,1.7098,1.7102,0.80,0.40
2008.04.15 12:32:24.208,1.70975,1.7102,0.40,0.40
2008.04.15 12:32:24.476,1.70975,1.7102,0.40,0.40
2008.04.15 12:32:24.897,1.70975,1.7102,0.40,0.40
2008.04.15 12:32:25.718,1.70975,1.7102,0.30,0.40
2008.04.15 12:32:26.024,1.70965,1.71,0.40,0.30
2008.04.15 12:32:26.617,1.70965,1.71,0.40,0.30
2008.04.15 12:32:26.852,1.70965,1.71,0.40,0.30
2008.04.15 12:32:27.179,1.70965,1.71,0.40,0.30
2008.04.15 12:32:27.456,1.7097,1.71,0.10,0.30
2008.04.15 12:32:27.884,1.7097,1.71,0.10,0.30
2008.04.15 12:32:28.187,1.7097,1.71,0.10,0.30
2008.04.15 12:32:28.487,1.70955,1.7099,0.40,0.30
2008.04.15 12:32:28.732,1.70955,1.7099,0.40,0.30
2008.04.15 12:32:28.976,1.7096,1.7099,1.60,0.30
2008.04.15 12:32:29.231,1.7097,1.71,0.10,0.30
2008.04.15 12:32:29.481,1.7097,1.7101,0.10,0.10
2008.04.15 12:32:29.775,1.7099,1.7102,0.50,0.30
2008.04.15 12:32:30.070,1.7099,1.71025,0.20,0.10
2008.04.15 12:32:30.366,1.7099,1.7103,0.50,0.60
2008.04.15 12:32:30.655,1.71,1.71015,0.20,0.10
2008.04.15 12:32:30.914,1.70975,1.71015,0.30,0.10
2008.04.15 12:32:31.174,1.70965,1.71005,0.10,0.10
2008.04.15 12:32:31.485,1.70965,1.71005,0.10,0.10
2008.04.15 12:32:31.744,1.7097,1.71015,0.40,0.10
2008.04.15 12:32:32.149,1.70975,1.71015,0.10,0.10
2008.04.15 12:32:32.829,1.70975,1.71015,0.10,0.10
2008.04.15 12:32:33.098,1.7098,1.7102,0.50,0.40
2008.04.15 12:32:33.394,1.7098,1.7102,0.60,0.40
2008.04.15 12:32:33.676,1.7098,1.7102,0.60,0.40
2008.04.15 12:32:34.094,1.7098,1.7102,0.60,0.40
2008.04.15 12:32:34.355,1.7099,1.7102,0.10,0.40
2008.04.15 12:32:34.632,1.7099,1.7102,0.10,0.40
2008.04.15 12:32:34.912,1.7099,1.7102,0.10,0.40
2008.04.15 12:32:35.457,1.7099,1.7102,0.10,0.40
2008.04.15 12:32:36.078,1.7099,1.7102,0.10,0.30
2008.04.15 12:32:36.328,1.7099,1.7102,0.10,0.40
2008.04.15 12:32:38.389,1.7099,1.7102,0.10,0.40
2008.04.15 12:32:38.615,1.7099,1.71025,0.30,0.10
2008.04.15 12:32:38.932,1.7099,1.71025,0.30,0.10
2008.04.15 12:32:39.224,1.71005,1.71045,0.10,0.40
2008.04.15 12:32:39.512,1.7101,1.71045,0.10,0.10
2008.04.15 12:32:39.763,1.71,1.7103,0.10,0.40
2008.04.15 12:32:40.013,1.71,1.7103,0.10,0.10
2008.04.15 12:32:40.262,1.71005,1.7103,0.10,0.10
2008.04.15 12:32:40.629,1.71005,1.7103,0.10,0.10
2008.04.15 12:32:40.898,1.71,1.7103,0.10,0.10
2008.04.15 12:32:41.503,1.71,1.71035,0.10,0.10
2008.04.15 12:32:41.761,1.71005,1.71035,0.10,0.10
2008.04.15 12:32:42.096,1.71005,1.71035,0.10,0.10
2008.04.15 12:32:42.341,1.71,1.71035,0.30,0.10
2008.04.15 12:32:42.585,1.71,1.7103,0.30,0.10
2008.04.15 12:32:42.927,1.71,1.7103,0.30,0.10
2008.04.15 12:32:43.222,1.7101,1.71035,0.10,0.10
2008.04.15 12:32:43.562,1.7101,1.71035,0.10,0.10
2008.04.15 12:32:43.807,1.71005,1.71035,0.10,0.10
2008.04.15 12:32:44.051,1.71005,1.7103,0.10,0.10
2008.04.15 12:32:44.724,1.71005,1.7103,0.10,0.10
2008.04.15 12:32:44.983,1.7101,1.7104,0.10,0.30
2008.04.15 12:32:45.245,1.7101,1.7103,0.10,0.10
2008.04.15 12:32:45.504,1.71,1.71025,0.30,0.10
2008.04.15 12:32:45.764,1.71,1.7102,0.20,0.30
2008.04.15 12:32:46.039,1.71,1.7102,0.20,0.30
2008.04.15 12:32:46.464,1.71,1.7102,0.20,0.30
2008.04.15 12:32:46.733,1.71,1.7102,0.20,0.30
2008.04.15 12:32:47.021,1.71,1.7102,0.20,0.30
2008.04.15 12:32:47.305,1.71,1.7102,0.20,0.30
2008.04.15 12:32:47.618,1.7099,1.71015,0.20,0.10
2008.04.15 12:32:47.840,1.7097,1.71,0.20,0.10
2008.04.15 12:32:48.092,1.7097,1.71015,0.50,0.10
2008.04.15 12:32:48.342,1.7096,1.70995,0.20,0.10
2008.04.15 12:32:48.592,1.7095,1.70995,5.20,0.10
2008.04.15 12:32:48.955,1.7095,1.70995,5.20,0.10
2008.04.15 12:32:49.261,1.7095,1.70985,4.80,0.10
2008.04.15 12:32:49.612,1.7094,1.70985,5.10,0.10
2008.04.15 12:32:49.862,1.7094,1.70975,4.80,0.10
2008.04.15 12:32:50.138,1.70935,1.70975,0.10,0.10
2008.04.15 12:32:50.414,1.70935,1.70975,0.10,0.10
2008.04.15 12:32:50.662,1.70935,1.70975,0.10,0.10
2008.04.15 12:32:50.912,1.7092,1.7096,5.10,0.10
2008.04.15 12:32:51.711,1.7092,1.7096,5.10,0.10
2008.04.15 12:32:51.980,1.7092,1.7096,6.70,0.10
2008.04.15 12:32:52.249,1.7092,1.7096,5.10,0.10
2008.04.15 12:32:52.518,1.7092,1.7096,5.00,0.10
2008.04.15 12:32:52.829,1.7092,1.7096,5.00,0.10
2008.04.15 12:32:53.095,1.7093,1.70975,0.40,0.10
2008.04.15 12:32:53.361,1.7093,1.70975,0.40,0.10
2008.04.15 12:32:53.626,1.7092,1.7096,5.10,0.10
2008.04.15 12:32:53.876,1.7092,1.70965,5.10,0.10
2008.04.15 12:32:54.126,1.70925,1.70965,0.10,0.10
2008.04.15 12:32:54.376,1.7093,1.70965,0.10,0.10
2008.04.15 12:32:54.625,1.7093,1.70975,0.60,0.10
2008.04.15 12:32:54.874,1.70935,1.7098,0.40,0.10
2008.04.15 12:32:55.149,1.7093,1.70975,0.60,0.10
2008.04.15 12:32:55.424,1.70935,1.7098,0.30,0.10
2008.04.15 12:32:55.700,1.7094,1.70985,5.00,0.10
2008.04.15 12:32:55.964,1.70935,1.7098,0.40,0.10
2008.04.15 12:32:56.229,1.7094,1.70985,5.00,0.10
2008.04.15 12:32:56.494,1.7094,1.7098,4.80,0.10
2008.04.15 12:32:56.774,1.70935,1.7098,0.30,0.10
2008.04.15 12:32:57.039,1.70935,1.7098,0.40,0.10
2008.04.15 12:32:57.304,1.70935,1.7098,0.30,0.10
2008.04.15 12:32:57.570,1.7094,1.70975,4.80,0.10
2008.04.15 12:32:57.835,1.7093,1.70975,0.60,0.10
2008.04.15 12:32:58.104,1.7093,1.70975,2.00,0.10
2008.04.15 12:32:58.373,1.70935,1.70975,0.10,0.10
2008.04.15 12:32:58.642,1.7094,1.70975,1.60,0.10
2008.04.15 12:32:58.912,1.7095,1.70995,5.10,0.10
2008.04.15 12:32:59.186,1.7095,1.70985,0.10,0.10
2008.04.15 12:32:59.436,1.7095,1.70985,0.10,0.10
2008.04.15 12:32:59.688,1.70935,1.70975,0.10,0.10
2008.04.15 12:32:59.940,1.7095,1.70995,0.60,0.10
2008.04.15 12:33:00.194,1.7096,1.70995,0.20,0.10
2008.04.15 12:33:01.551,1.7096,1.70995,0.20,0.10
2008.04.15 12:33:01.842,1.7096,1.70995,0.20,0.10
2008.04.15 12:33:02.051,1.7096,1.7099,0.20,0.10
2008.04.15 12:33:02.262,1.7096,1.7099,0.20,0.10
2008.04.15 12:33:02.545,1.7096,1.7099,0.20,0.10
2008.04.15 12:33:02.976,1.7096,1.7099,0.20,0.10
2008.04.15 12:33:03.246,1.7096,1.7099,0.20,0.10
2008.04.15 12:33:03.516,1.7096,1.70985,0.20,0.10
2008.04.15 12:33:03.907,1.7096,1.70985,0.20,0.10
2008.04.15 12:33:04.147,1.7096,1.70995,0.20,0.10
2008.04.15 12:33:04.549,1.7096,1.70985,0.20,0.10
2008.04.15 12:33:05.048,1.7096,1.70985,0.20,0.10
2008.04.15 12:33:05.422,1.7096,1.70985,0.20,0.10
2008.04.15 12:33:05.722,1.7096,1.71,0.20,0.50
2008.04.15 12:33:06.011,1.7096,1.71005,0.60,0.10
2008.04.15 12:33:06.293,1.7096,1.71005,0.50,0.40
2008.04.15 12:33:06.528,1.7096,1.71,0.20,0.10
2008.04.15 12:33:06.763,1.7096,1.7099,0.20,0.10
2008.04.15 12:33:06.999,1.7096,1.70985,0.20,0.10
2008.04.15 12:33:07.417,1.7096,1.71,0.20,0.50
2008.04.15 12:33:07.677,1.7096,1.71,0.20,0.10
2008.04.15 12:33:08.418,1.7096,1.71,0.20,0.10
2008.04.15 12:33:09.113,1.70965,1.71005,0.30,0.10
2008.04.15 12:33:09.383,1.70975,1.7101,0.30,0.60
2008.04.15 12:33:09.648,1.7097,1.7101,0.30,0.10
2008.04.15 12:33:09.963,1.7097,1.7101,0.30,0.10
2008.04.15 12:33:10.230,1.7097,1.7101,0.30,0.10
2008.04.15 12:33:10.516,1.7098,1.71015,0.20,0.10
2008.04.15 12:33:10.775,1.7098,1.71015,0.20,0.10
2008.04.15 12:33:11.035,1.70985,1.7102,0.10,0.30
2008.04.15 12:33:11.295,1.7099,1.7104,5.20,0.40
2008.04.15 12:33:11.579,1.7099,1.7104,5.20,0.40
2008.04.15 12:33:11.870,1.7099,1.7104,5.20,0.10
2008.04.15 12:33:12.549,1.7099,1.7104,5.20,0.10
2008.04.15 12:33:12.829,1.7099,1.7104,5.20,0.10
2008.04.15 12:33:13.429,1.7099,1.7104,5.20,0.10
2008.04.15 12:33:13.658,1.7099,1.7104,5.20,0.10
2008.04.15 12:33:13.943,1.7099,1.7104,5.20,0.10
2008.04.15 12:33:14.682,1.7099,1.7104,5.20,0.10
2008.04.15 12:33:15.018,1.7098,1.7103,5.10,0.10
2008.04.15 12:33:15.353,1.7098,1.71025,4.80,0.10
2008.04.15 12:33:15.558,1.7098,1.7102,0.10,0.10
2008.04.15 12:33:15.762,1.7097,1.7102,2.00,0.10
2008.04.15 12:33:15.992,1.7097,1.7102,2.00,0.10
2008.04.15 12:33:16.210,1.7097,1.7102,2.00,0.10
2008.04.15 12:33:16.436,1.7097,1.7102,2.00,0.10
2008.04.15 12:33:16.755,1.7098,1.7102,0.10,0.10
2008.04.15 12:33:17.075,1.7097,1.7102,0.60,0.10
2008.04.15 12:33:17.568,1.7097,1.7102,0.60,0.10
2008.04.15 12:33:17.803,1.7098,1.71025,0.30,0.30
2008.04.15 12:33:18.035,1.7098,1.7103,0.30,0.40
2008.04.15 12:33:18.354,1.7098,1.7103,0.40,0.40
2008.04.15 12:33:18.653,1.7098,1.7101,0.40,0.30
2008.04.15 12:33:18.953,1.70975,1.7101,0.10,0.40
2008.04.15 12:33:19.279,1.7098,1.7101,0.10,0.30
2008.04.15 12:33:19.579,1.7098,1.7102,0.30,0.10
2008.04.15 12:33:19.813,1.7099,1.71035,0.30,0.80
2008.04.15 12:33:20.049,1.7099,1.71035,0.30,0.80
2008.04.15 12:33:20.282,1.7099,1.71035,0.30,0.80
2008.04.15 12:33:20.517,1.70985,1.7103,0.10,0.10
2008.04.15 12:33:20.806,1.70985,1.7103,0.10,0.10
2008.04.15 12:33:21.095,1.7098,1.7103,2.00,0.10
2008.04.15 12:33:21.385,1.7098,1.7103,0.50,0.80
2008.04.15 12:33:21.674,1.70985,1.7103,0.30,1.60
2008.04.15 12:33:22.049,1.70985,1.7103,0.30,1.60
2008.04.15 12:33:22.300,1.70985,1.7103,0.30,3.20
2008.04.15 12:33:22.549,1.7098,1.71025,0.50,0.30
2008.04.15 12:33:22.830,1.7099,1.7103,0.30,0.80
2008.04.15 12:33:23.110,1.70995,1.7103,0.30,0.80
2008.04.15 12:33:23.392,1.70995,1.7103,0.30,0.80
2008.04.15 12:33:23.700,1.70995,1.7104,0.30,0.30
2008.04.15 12:33:24.250,1.70995,1.7104,0.40,1.80
2008.04.15 12:33:24.495,1.70995,1.7103,0.30,0.60
2008.04.15 12:33:24.784,1.7099,1.7103,0.20,0.30
2008.04.15 12:33:25.073,1.7099,1.7103,0.20,0.60
2008.04.15 12:33:25.434,1.7099,1.7103,0.20,0.60
2008.04.15 12:33:25.673,1.7099,1.7103,0.50,0.30
2008.04.15 12:33:25.940,1.70995,1.71035,0.30,0.80
2008.04.15 12:33:26.178,1.70995,1.71035,0.30,0.80
2008.04.15 12:33:26.420,1.7099,1.7103,0.20,0.30
2008.04.15 12:33:26.659,1.71005,1.7103,0.30,0.30
2008.04.15 12:33:26.949,1.7101,1.71045,0.50,0.80
2008.04.15 12:33:27.239,1.7101,1.71035,0.50,0.80
2008.04.15 12:33:27.530,1.71025,1.71035,0.30,0.80
2008.04.15 12:33:27.826,1.7102,1.71055,0.20,1.00
2008.04.15 12:33:28.106,1.7101,1.7105,0.50,0.30
2008.04.15 12:33:28.386,1.71025,1.7105,0.30,0.30
2008.04.15 12:33:28.690,1.71025,1.71055,0.30,0.80
2008.04.15 12:33:28.954,1.71025,1.7106,0.30,0.80
2008.04.15 12:33:29.217,1.71025,1.71065,0.30,1.00
2008.04.15 12:33:29.482,1.71025,1.71065,0.30,1.00
2008.04.15 12:33:30.414,1.71025,1.71065,0.30,1.00
2008.04.15 12:33:30.704,1.7102,1.7106,0.20,0.10
2008.04.15 12:33:30.944,1.7102,1.7105,0.20,0.30
2008.04.15 12:33:31.184,1.7102,1.7104,0.20,0.30
2008.04.15 12:33:31.423,1.7102,1.7104,0.20,0.30
2008.04.15 12:33:31.664,1.7102,1.7105,0.20,0.30
2008.04.15 12:33:31.933,1.7102,1.7105,0.20,0.30
2008.04.15 12:33:32.630,1.7102,1.7105,0.20,0.30
2008.04.15 12:33:32.865,1.7102,1.7105,0.20,0.30
2008.04.15 12:33:33.098,1.7102,1.7105,0.20,0.30
2008.04.15 12:33:33.459,1.7102,1.7105,0.20,0.30
2008.04.15 12:33:33.746,1.7102,1.7105,0.20,0.30
2008.04.15 12:33:34.638,1.7102,1.7105,0.20,0.30
2008.04.15 12:33:35.917,1.7102,1.7105,0.20,0.30
2008.04.15 12:33:36.194,1.7102,1.7105,0.20,0.30
2008.04.15 12:33:36.765,1.7102,1.7105,0.20,0.30
2008.04.15 12:33:37.026,1.7103,1.7105,0.20,0.30
2008.04.15 12:33:37.288,1.7103,1.7106,0.20,0.30
2008.04.15 12:33:37.667,1.7103,1.7106,0.20,0.30
2008.04.15 12:33:37.951,1.7103,1.7106,0.20,0.30
2008.04.15 12:33:38.713,1.7103,1.7106,0.20,0.30
2008.04.15 12:33:39.419,1.7103,1.7106,1.70,0.30
2008.04.15 12:33:39.645,1.7104,1.7107,0.20,0.30
2008.04.15 12:33:40.000,1.7104,1.7107,0.20,0.30
2008.04.15 12:33:40.468,1.7104,1.7107,0.20,0.30
2008.04.15 12:33:40.728,1.7104,1.7107,0.50,0.30
2008.04.15 12:33:41.251,1.7104,1.7107,0.50,0.30
2008.04.15 12:33:42.060,1.7105,1.7108,0.20,0.30
2008.04.15 12:33:42.316,1.7104,1.7107,0.40,0.30
2008.04.15 12:33:42.560,1.7105,1.7108,0.30,0.30
2008.04.15 12:33:42.911,1.7105,1.7108,0.30,0.30
2008.04.15 12:33:43.197,1.7105,1.7108,0.30,0.30
2008.04.15 12:33:43.482,1.7105,1.7108,0.30,0.30
2008.04.15 12:33:43.768,1.7104,1.7107,0.30,0.30
2008.04.15 12:33:44.013,1.7104,1.7108,0.20,0.40
2008.04.15 12:33:44.286,1.7104,1.7108,0.20,0.40
2008.04.15 12:33:44.532,1.7104,1.7108,0.20,0.40
2008.04.15 12:33:44.775,1.7104,1.7108,0.20,1.90
2008.04.15 12:33:45.069,1.7104,1.7108,0.20,0.30
2008.04.15 12:33:45.429,1.7104,1.7108,0.20,0.30
2008.04.15 12:33:45.725,1.7104,1.7107,0.20,0.40
2008.04.15 12:33:46.019,1.7104,1.7107,0.20,0.40
2008.04.15 12:33:46.279,1.7104,1.7107,0.20,0.40
2008.04.15 12:33:46.694,1.7104,1.7107,0.20,0.40
2008.04.15 12:33:46.954,1.7104,1.7107,0.20,0.40
2008.04.15 12:33:47.236,1.7104,1.7107,0.20,0.40
2008.04.15 12:33:47.495,1.7103,1.7105,0.20,0.30
2008.04.15 12:33:47.780,1.7103,1.71055,0.20,0.10
2008.04.15 12:33:48.064,1.7103,1.7106,0.20,0.40
2008.04.15 12:33:48.348,1.7101,1.7106,0.60,0.40
2008.04.15 12:33:48.634,1.7101,1.7105,0.20,0.30
2008.04.15 12:33:48.945,1.7101,1.7104,0.20,0.30
2008.04.15 12:33:49.206,1.7101,1.7104,0.20,0.30
2008.04.15 12:33:49.464,1.7101,1.7105,0.20,0.30
2008.04.15 12:33:49.724,1.7101,1.7105,0.50,0.30
2008.04.15 12:33:50.007,1.7104,1.7106,0.20,1.00
2008.04.15 12:33:50.312,1.7102,1.7106,0.50,1.00
2008.04.15 12:33:50.616,1.7102,1.7106,0.50,0.30
2008.04.15 12:33:51.004,1.7102,1.7106,0.50,0.30
2008.04.15 12:33:51.255,1.7104,1.7106,0.20,0.30
2008.04.15 12:33:51.505,1.7104,1.7107,0.20,0.30
2008.04.15 12:33:51.755,1.7104,1.7107,0.20,0.40
2008.04.15 12:33:52.006,1.7102,1.7105,0.30,0.30
2008.04.15 12:33:52.305,1.7102,1.7105,0.20,0.30
2008.04.15 12:33:52.605,1.7102,1.7105,0.20,0.30
2008.04.15 12:33:52.920,1.7102,1.7105,0.20,0.30
2008.04.15 12:33:53.170,1.7103,1.7105,0.20,0.30
2008.04.15 12:33:53.420,1.7103,1.7105,0.20,0.30
2008.04.15 12:33:53.669,1.7103,1.7105,0.20,0.30
2008.04.15 12:33:53.943,1.7103,1.7105,0.20,0.30
2008.04.15 12:33:54.223,1.7103,1.7105,0.50,0.30
2008.04.15 12:33:54.502,1.7103,1.7106,0.50,0.30
2008.04.15 12:33:54.830,1.7103,1.7106,0.50,0.30
2008.04.15 12:33:55.236,1.7103,1.7106,0.50,0.30
2008.04.15 12:33:55.482,1.7103,1.7106,0.50,0.30
2008.04.15 12:33:55.980,1.7103,1.7106,0.50,0.30
2008.04.15 12:33:56.279,1.7103,1.7106,0.50,0.30
2008.04.15 12:33:56.544,1.7103,1.7106,0.50,0.30
2008.04.15 12:33:56.837,1.7103,1.7106,0.20,0.30
2008.04.15 12:33:57.100,1.7103,1.7106,0.20,0.30
2008.04.15 12:33:57.376,1.71035,1.7108,0.30,2.00
2008.04.15 12:33:57.659,1.71035,1.7108,0.30,2.00
2008.04.15 12:33:57.934,1.71045,1.7108,0.30,1.60
2008.04.15 12:33:58.204,1.71045,1.7108,0.30,1.60
2008.04.15 12:33:58.493,1.7105,1.7109,0.30,2.80
2008.04.15 12:33:58.764,1.71055,1.7109,0.30,1.80
2008.04.15 12:33:59.037,1.7105,1.7109,0.30,1.60
2008.04.15 12:33:59.266,1.7105,1.71095,0.30,1.00
2008.04.15 12:33:59.497,1.7105,1.71095,0.30,1.00
2008.04.15 12:33:59.768,1.7106,1.71095,0.30,1.00
2008.04.15 12:34:00.025,1.7106,1.71095,0.50,0.80
2008.04.15 12:34:00.332,1.7106,1.7109,0.20,0.30
2008.04.15 12:34:00.723,1.7106,1.7109,0.20,0.40
2008.04.15 12:34:01.034,1.7104,1.7109,0.50,0.40
2008.04.15 12:34:01.315,1.7105,1.7109,0.80,0.40
2008.04.15 12:34:01.579,1.7104,1.7109,0.60,0.40
2008.04.15 12:34:01.844,1.7105,1.7109,0.20,0.40
2008.04.15 12:34:02.110,1.7105,1.7109,0.50,0.60
2008.04.15 12:34:02.403,1.7103,1.7107,0.50,0.30
2008.04.15 12:34:02.668,1.7103,1.7107,0.50,0.30
2008.04.15 12:34:02.933,1.7103,1.7108,0.30,1.90
2008.04.15 12:34:03.197,1.7103,1.7108,0.40,0.40
2008.04.15 12:34:03.493,1.7103,1.71075,0.30,0.30
2008.04.15 12:34:03.869,1.7103,1.71075,0.30,0.30
2008.04.15 12:34:04.578,1.7102,1.7107,0.40,0.10
2008.04.15 12:34:05.712,1.7102,1.7107,0.40,0.10
2008.04.15 12:34:06.307,1.7102,1.7107,1.90,0.10
2008.04.15 12:34:06.696,1.71025,1.7107,0.10,0.10
2008.04.15 12:34:06.965,1.71025,1.7107,0.10,0.10
2008.04.15 12:34:07.209,1.7103,1.7108,0.30,1.90
2008.04.15 12:34:07.459,1.7103,1.7108,0.30,0.40
2008.04.15 12:34:07.708,1.7103,1.7108,0.30,0.40
2008.04.15 12:34:07.958,1.7103,1.7107,0.30,0.30
2008.04.15 12:34:08.280,1.7102,1.7105,0.10,0.10
2008.04.15 12:34:08.545,1.71015,1.71045,0.10,0.10
2008.04.15 12:34:08.810,1.7101,1.7104,0.10,0.30
2008.04.15 12:34:09.074,1.71,1.7104,1.00,0.30
2008.04.15 12:34:09.339,1.71,1.7104,1.00,0.30
2008.04.15 12:34:09.623,1.7101,1.7104,0.10,0.30
2008.04.15 12:34:10.079,1.71005,1.7104,0.10,0.30
2008.04.15 12:34:10.366,1.71,1.7104,1.00,0.30
2008.04.15 12:34:10.646,1.7101,1.7104,0.80,0.30
2008.04.15 12:34:10.925,1.71005,1.7104,0.10,0.30
2008.04.15 12:34:11.155,1.71005,1.7104,0.10,0.30
2008.04.15 12:34:11.562,1.71005,1.7104,0.10,0.30
2008.04.15 12:34:11.992,1.71005,1.7104,0.10,0.30
2008.04.15 12:34:12.224,1.7101,1.71055,0.20,0.10
2008.04.15 12:34:12.457,1.7101,1.71055,0.20,0.10
2008.04.15 12:34:12.710,1.7101,1.7105,0.20,0.30
2008.04.15 12:34:12.965,1.7101,1.7105,0.20,0.40
2008.04.15 12:34:13.428,1.7101,1.7105,0.20,0.40
2008.04.15 12:34:13.787,1.7101,1.7105,0.50,0.30
2008.04.15 12:34:14.502,1.7101,1.7105,0.50,0.30
2008.04.15 12:34:14.737,1.7101,1.7105,0.20,0.40
2008.04.15 12:34:14.973,1.7097,1.7099,0.20,0.30
2008.04.15 12:34:15.382,1.7097,1.7099,0.20,0.30
2008.04.15 12:34:15.615,1.7097,1.7099,0.20,0.30
2008.04.15 12:34:15.912,1.7097,1.7099,0.20,0.30
2008.04.15 12:34:16.181,1.7097,1.71,0.20,0.60
2008.04.15 12:34:16.452,1.7097,1.71,0.20,2.10
2008.04.15 12:34:16.721,1.7095,1.7099,0.20,0.30
2008.04.15 12:34:16.975,1.7095,1.70985,0.20,0.30
2008.04.15 12:34:17.438,1.7095,1.70985,0.20,0.30
2008.04.15 12:34:17.718,1.7096,1.70995,0.50,0.30
2008.04.15 12:34:17.988,1.7096,1.70995,0.50,0.30
2008.04.15 12:34:18.257,1.7096,1.70995,0.50,0.30
2008.04.15 12:34:18.527,1.7097,1.71,0.20,0.60
2008.04.15 12:34:18.795,1.7098,1.71,0.20,0.60
2008.04.15 12:34:19.066,1.7098,1.71,0.20,0.60
2008.04.15 12:34:19.336,1.7097,1.71005,0.80,0.30
2008.04.15 12:34:19.630,1.70965,1.7101,0.10,0.10
2008.04.15 12:34:19.894,1.7096,1.7101,0.50,0.40
2008.04.15 12:34:20.159,1.7097,1.71015,0.30,0.30
2008.04.15 12:34:20.424,1.7098,1.71015,0.30,0.80
2008.04.15 12:34:20.689,1.7098,1.71015,0.30,0.80
2008.04.15 12:34:20.938,1.7098,1.71015,0.30,0.80
2008.04.15 12:34:21.423,1.7098,1.71015,0.30,0.80
2008.04.15 12:34:21.691,1.7099,1.71015,0.30,0.80
2008.04.15 12:34:21.955,1.7099,1.71015,0.30,0.80
2008.04.15 12:34:22.220,1.7099,1.7102,0.30,0.80
2008.04.15 12:34:22.494,1.7099,1.71025,0.30,0.80
2008.04.15 12:34:22.809,1.7099,1.71025,0.30,0.80
2008.04.15 12:34:23.095,1.70995,1.71025,0.30,0.80
2008.04.15 12:34:23.441,1.70995,1.71025,0.30,0.80
2008.04.15 12:34:23.725,1.7099,1.7102,0.30,1.60
2008.04.15 12:34:23.986,1.71,1.71015,0.30,0.80
2008.04.15 12:34:24.246,1.71,1.71015,0.30,0.80
2008.04.15 12:34:24.798,1.70985,1.71,0.10,0.10
2008.04.15 12:34:25.099,1.7096,1.7099,0.60,0.30
2008.04.15 12:34:25.400,1.7096,1.71005,0.30,0.30
2008.04.15 12:34:25.700,1.7096,1.71005,0.30,0.30
2008.04.15 12:34:25.990,1.7094,1.7099,0.30,0.40
2008.04.15 12:34:26.252,1.7094,1.7099,0.30,0.40
2008.04.15 12:34:26.517,1.70955,1.70995,0.30,0.30
2008.04.15 12:34:26.782,1.7094,1.7099,0.60,0.10
2008.04.15 12:34:27.072,1.7094,1.7099,0.30,1.90
2008.04.15 12:34:27.434,1.7094,1.70985,0.30,0.30
2008.04.15 12:34:27.751,1.70945,1.7099,0.30,0.30
2008.04.15 12:34:28.005,1.70955,1.70995,0.30,0.30
2008.04.15 12:34:28.264,1.70955,1.71005,0.30,1.10
2008.04.15 12:34:28.526,1.7096,1.71005,0.30,1.00
2008.04.15 12:34:28.786,1.7096,1.7101,0.30,3.50
2008.04.15 12:34:29.074,1.7098,1.7101,0.30,1.00
2008.04.15 12:34:29.359,1.7098,1.7102,0.30,1.00
2008.04.15 12:34:29.644,1.7098,1.7102,0.30,1.00
2008.04.15 12:34:29.907,1.70975,1.71015,0.30,0.30
2008.04.15 12:34:30.143,1.70975,1.71005,0.30,0.30
2008.04.15 12:34:30.379,1.7096,1.7101,0.40,0.10
2008.04.15 12:34:30.613,1.70965,1.71015,0.30,0.40
2008.04.15 12:34:30.848,1.70965,1.7101,0.30,0.30
2008.04.15 12:34:31.153,1.7097,1.7101,0.30,0.30
2008.04.15 12:34:31.800,1.7097,1.7101,0.30,0.30
2008.04.15 12:34:31.998,1.7096,1.71005,0.30,0.30
2008.04.15 12:34:32.198,1.70965,1.71005,0.30,0.30
2008.04.15 12:34:32.419,1.70965,1.7101,0.30,0.60
2008.04.15 12:34:32.618,1.7096,1.7101,0.30,2.10
2008.04.15 12:34:32.977,1.7096,1.7101,0.30,0.50
2008.04.15 12:34:33.283,1.7096,1.7101,0.50,0.40
2008.04.15 12:34:33.613,1.70975,1.7101,0.30,0.30
2008.04.15 12:34:33.942,1.70975,1.7101,0.30,0.60
2008.04.15 12:34:34.231,1.7097,1.7101,0.50,0.60
2008.04.15 12:34:34.546,1.7097,1.71005,0.50,0.30
2008.04.15 12:34:35.084,1.7097,1.71005,0.50,0.30
2008.04.15 12:34:35.756,1.70975,1.71005,0.30,0.30
2008.04.15 12:34:36.055,1.7098,1.7101,0.20,0.60
2008.04.15 12:34:36.289,1.7098,1.7101,0.20,0.60
2008.04.15 12:34:36.524,1.7096,1.71005,0.50,0.30
2008.04.15 12:34:36.759,1.7096,1.71005,0.50,0.30
2008.04.15 12:34:36.996,1.7095,1.70995,0.50,0.30
2008.04.15 12:34:37.481,1.7095,1.70995,0.50,0.30
2008.04.15 12:34:37.801,1.70955,1.70995,0.30,0.30
2008.04.15 12:34:38.051,1.70955,1.70995,0.30,0.30
2008.04.15 12:34:38.300,1.7095,1.7099,0.20,0.30
2008.04.15 12:34:38.583,1.7095,1.7099,0.20,0.60
2008.04.15 12:34:38.832,1.70945,1.7098,0.30,0.30
2008.04.15 12:34:39.115,1.70945,1.7098,0.30,0.30
2008.04.15 12:34:39.380,1.7094,1.7098,0.50,0.60
2008.04.15 12:34:40.179,1.70945,1.7098,0.30,0.60
2008.04.15 12:34:40.695,1.70945,1.7098,0.30,0.60
2008.04.15 12:34:40.950,1.7094,1.7098,0.50,0.60
2008.04.15 12:34:41.296,1.7094,1.7098,0.50,0.30
2008.04.15 12:34:41.568,1.70945,1.7098,0.30,0.30
2008.04.15 12:34:42.714,1.70945,1.7098,0.30,0.30
2008.04.15 12:34:42.959,1.7094,1.7098,0.50,0.60
2008.04.15 12:34:43.202,1.7094,1.7098,0.20,0.50
2008.04.15 12:34:43.471,1.7094,1.7098,0.50,0.60
2008.04.15 12:34:44.903,1.7094,1.7098,0.50,0.60
2008.04.15 12:34:45.220,1.7094,1.7098,0.50,0.60
2008.04.15 12:34:45.476,1.7095,1.7098,0.20,0.30
2008.04.15 12:34:45.740,1.7095,1.7098,0.20,0.30
2008.04.15 12:34:45.984,1.7095,1.7098,0.20,0.30
2008.04.15 12:34:46.639,1.7095,1.7098,0.20,0.30
2008.04.15 12:34:46.909,1.7095,1.7098,0.20,0.30
2008.04.15 12:34:47.212,1.7095,1.7098,0.20,0.30
2008.04.15 12:34:47.452,1.7095,1.7098,0.20,0.30
2008.04.15 12:34:47.963,1.7095,1.7098,0.20,0.30
2008.04.15 12:34:48.268,1.7095,1.70975,0.20,0.10
2008.04.15 12:34:48.523,1.7093,1.7096,0.20,0.30
2008.04.15 12:34:48.778,1.7093,1.7096,0.50,0.30
2008.04.15 12:34:49.032,1.7093,1.7098,0.50,2.10
2008.04.15 12:34:49.321,1.7093,1.7097,0.50,0.30
2008.04.15 12:34:49.611,1.7093,1.7097,0.20,0.50
2008.04.15 12:34:50.936,1.7093,1.7097,0.20,0.50
2008.04.15 12:34:51.340,1.7093,1.7097,0.20,0.50
2008.04.15 12:34:52.001,1.7093,1.7097,0.20,0.50
2008.04.15 12:34:52.225,1.7093,1.7097,0.20,0.50
2008.04.15 12:34:53.322,1.7093,1.7097,0.20,0.50
2008.04.15 12:34:53.584,1.7093,1.7097,0.50,0.30
2008.04.15 12:34:53.801,1.7093,1.7097,0.50,0.30
2008.04.15 12:34:54.014,1.7093,1.7097,0.20,0.30
2008.04.15 12:34:54.294,1.7093,1.7097,0.20,0.30
2008.04.15 12:34:54.958,1.7093,1.7097,0.20,0.30
2008.04.15 12:34:56.428,1.7093,1.7097,0.20,0.30
2008.04.15 12:34:56.717,1.7093,1.7097,0.20,0.40
2008.04.15 12:34:57.007,1.7093,1.7097,0.20,0.40
2008.04.15 12:34:57.467,1.7093,1.7097,0.20,0.40
2008.04.15 12:34:57.706,1.7093,1.7097,0.20,0.40
2008.04.15 12:34:58.432,1.7093,1.7097,0.20,0.40
2008.04.15 12:34:59.248,1.7093,1.7097,0.50,0.30
2008.04.15 12:34:59.517,1.7093,1.7098,0.50,0.40
2008.04.15 12:34:59.786,1.70935,1.70985,0.30,1.10
2008.04.15 12:35:00.057,1.70935,1.70985,0.30,1.10
2008.04.15 12:35:01.289,1.70935,1.70985,0.40,1.10
2008.04.15 12:35:01.500,1.70935,1.70985,0.40,0.40
2008.04.15 12:35:01.778,1.70935,1.70985,0.40,0.40
2008.04.15 12:35:02.017,1.7093,1.7098,0.60,0.10
2008.04.15 12:35:02.520,1.7093,1.7098,0.60,0.10
2008.04.15 12:35:02.940,1.70935,1.70985,0.30,0.40
2008.04.15 12:35:03.260,1.7093,1.70975,0.50,0.30
2008.04.15 12:35:03.467,1.7093,1.70975,0.50,0.30
2008.04.15 12:35:03.722,1.70935,1.70975,0.30,0.30
2008.04.15 12:35:04.740,1.70935,1.70975,0.30,0.30
2008.04.15 12:35:05.025,1.7093,1.7097,0.20,0.40
2008.04.15 12:35:05.323,1.7093,1.7097,0.20,0.30
2008.04.15 12:35:05.550,1.7093,1.7097,0.20,0.30
2008.04.15 12:35:06.737,1.7093,1.7097,0.20,0.30
2008.04.15 12:35:07.691,1.7093,1.7097,0.20,0.30
2008.04.15 12:35:07.925,1.7093,1.7097,0.30,0.30
2008.04.15 12:35:08.522,1.7093,1.7097,0.30,0.30
2008.04.15 12:35:08.753,1.7093,1.7097,0.20,0.30
2008.04.15 12:35:09.069,1.7093,1.7097,0.20,0.30
2008.04.15 12:35:09.486,1.7093,1.7097,0.50,0.30
2008.04.15 12:35:10.072,1.7093,1.7097,0.50,0.30
2008.04.15 12:35:10.312,1.7093,1.7097,0.20,0.40
2008.04.15 12:35:10.551,1.7093,1.7097,0.20,0.40
2008.04.15 12:35:10.964,1.7093,1.7097,0.20,0.30
2008.04.15 12:35:11.188,1.7093,1.7097,0.20,0.30
2008.04.15 12:35:11.521,1.7093,1.7097,0.20,0.30
2008.04.15 12:35:11.982,1.7093,1.7097,0.20,0.30
2008.04.15 12:35:13.267,1.7093,1.7097,0.20,0.30
2008.04.15 12:35:13.507,1.70935,1.70985,0.30,0.10
2008.04.15 12:35:14.050,1.70935,1.70985,0.30,0.10
2008.04.15 12:35:15.875,1.70935,1.70985,0.30,0.40
2008.04.15 12:35:16.959,1.70935,1.70985,0.30,0.40
2008.04.15 12:35:17.219,1.7094,1.70985,0.30,0.30
2008.04.15 12:35:17.526,1.70935,1.70985,0.30,0.40
2008.04.15 12:35:17.815,1.70935,1.70985,0.30,0.40
2008.04.15 12:35:18.104,1.70935,1.70975,0.30,0.30
2008.04.15 12:35:18.368,1.70935,1.70985,0.30,0.40
2008.04.15 12:35:18.633,1.7093,1.7098,0.60,0.10
2008.04.15 12:35:18.995,1.7093,1.7098,0.60,0.40
2008.04.15 12:35:19.725,1.7093,1.7098,0.60,0.40
2008.04.15 12:35:20.965,1.7093,1.7098,0.60,0.40
2008.04.15 12:35:21.221,1.7093,1.7097,0.20,0.10
2008.04.15 12:35:21.498,1.7092,1.70965,0.30,0.30
2008.04.15 12:35:21.846,1.7092,1.70965,0.30,0.30
2008.04.15 12:35:22.080,1.7092,1.7097,0.30,0.40
2008.04.15 12:35:22.817,1.7092,1.7097,0.30,0.40
2008.04.15 12:35:23.062,1.7091,1.7096,0.60,0.40
2008.04.15 12:35:23.410,1.7091,1.7095,0.30,0.10
2008.04.15 12:35:23.654,1.7091,1.7095,0.20,0.40
2008.04.15 12:35:23.975,1.709,1.7095,0.60,0.40
2008.04.15 12:35:24.233,1.70905,1.7095,0.10,0.40
2008.04.15 12:35:24.774,1.70905,1.7095,0.10,0.40
2008.04.15 12:35:25.037,1.709,1.70945,0.30,0.10
2008.04.15 12:35:25.250,1.709,1.7094,0.30,0.30
2008.04.15 12:35:25.702,1.709,1.7094,0.30,0.30
2008.04.15 12:35:25.991,1.70905,1.7094,0.10,0.30
2008.04.15 12:35:26.280,1.70905,1.7094,0.10,0.30
2008.04.15 12:35:26.570,1.70905,1.7095,0.40,0.30
2008.04.15 12:35:26.930,1.70905,1.7095,0.40,0.30
2008.04.15 12:35:27.209,1.70905,1.7095,0.40,0.30
2008.04.15 12:35:27.439,1.70905,1.7093,0.10,0.30
2008.04.15 12:35:27.749,1.70905,1.7093,0.10,0.30
2008.04.15 12:35:27.979,1.70905,1.7095,0.40,0.30
2008.04.15 12:35:28.284,1.70915,1.7095,0.30,0.30
2008.04.15 12:35:28.589,1.7093,1.7095,0.20,0.30
2008.04.15 12:35:28.916,1.7093,1.7095,0.20,0.30
2008.04.15 12:35:29.749,1.7093,1.7095,0.20,0.30
2008.04.15 12:35:29.991,1.7092,1.7095,0.20,0.30
2008.04.15 12:35:30.275,1.7092,1.7094,0.20,0.30
2008.04.15 12:35:30.560,1.7092,1.7094,0.20,0.30
2008.04.15 12:35:30.900,1.7092,1.7094,0.20,0.30
2008.04.15 12:35:31.150,1.7092,1.7094,0.20,0.30
2008.04.15 12:35:31.401,1.7092,1.7094,0.20,0.30
2008.04.15 12:35:31.652,1.7092,1.7094,0.20,0.30
2008.04.15 12:35:31.949,1.7092,1.7094,0.20,0.30
2008.04.15 12:35:32.218,1.7091,1.7094,0.20,0.30
2008.04.15 12:35:32.488,1.7091,1.7094,0.20,0.30
2008.04.15 12:35:32.758,1.7091,1.70935,0.20,0.30
2008.04.15 12:35:33.058,1.709,1.70935,0.50,0.30
2008.04.15 12:35:33.288,1.709,1.7094,0.50,0.60
2008.04.15 12:35:33.548,1.70905,1.7094,0.30,0.60
2008.04.15 12:35:33.808,1.70905,1.7094,0.30,0.60
2008.04.15 12:35:34.186,1.70905,1.7094,0.30,0.60
2008.04.15 12:35:34.717,1.70905,1.7094,0.30,0.60
2008.04.15 12:35:35.003,1.70905,1.7094,0.30,0.60
2008.04.15 12:35:35.325,1.7091,1.7094,0.20,0.30
2008.04.15 12:35:35.591,1.7091,1.7094,0.20,0.30
2008.04.15 12:35:35.878,1.7091,1.7094,0.50,0.30
2008.04.15 12:35:36.156,1.7091,1.7095,0.50,0.30
2008.04.15 12:35:36.700,1.7091,1.7095,0.50,0.30
2008.04.15 12:35:37.347,1.7091,1.7095,0.20,0.40
2008.04.15 12:35:37.604,1.7091,1.7094,0.20,0.30
2008.04.15 12:35:37.860,1.7092,1.7094,0.20,0.30
2008.04.15 12:35:38.179,1.7092,1.7094,0.20,0.30
2008.04.15 12:35:38.873,1.7092,1.7094,0.20,0.30
2008.04.15 12:35:44.364,1.7092,1.7094,0.20,0.30
2008.04.15 12:35:44.614,1.7092,1.7094,0.20,0.30
2008.04.15 12:35:44.869,1.7092,1.7094,0.20,0.30
2008.04.15 12:35:45.123,1.7092,1.7094,0.20,0.30
2008.04.15 12:35:45.372,1.7092,1.7094,0.20,0.30
2008.04.15 12:35:45.621,1.7091,1.7094,0.20,0.30
2008.04.15 12:35:46.026,1.7091,1.7094,0.20,0.30
2008.04.15 12:35:46.286,1.7091,1.7094,0.20,0.30
2008.04.15 12:35:46.853,1.7091,1.7094,0.20,0.30
2008.04.15 12:35:47.237,1.7091,1.7094,0.20,0.30
2008.04.15 12:35:48.313,1.7091,1.7094,0.20,0.30
2008.04.15 12:35:48.559,1.7091,1.7095,0.50,0.60
2008.04.15 12:35:48.804,1.7091,1.7095,0.50,0.60
2008.04.15 12:35:49.047,1.7091,1.7095,0.50,0.60
2008.04.15 12:35:49.687,1.7091,1.7095,0.50,0.60
2008.04.15 12:35:50.191,1.7091,1.7095,0.50,0.60
2008.04.15 12:35:50.851,1.7091,1.7094,0.50,0.30
2008.04.15 12:35:51.086,1.7091,1.7094,0.50,0.30
2008.04.15 12:35:51.381,1.7091,1.7094,0.50,0.30
2008.04.15 12:35:51.658,1.7091,1.7095,0.50,0.30
2008.04.15 12:35:51.933,1.7091,1.7094,0.20,0.30
2008.04.15 12:35:52.207,1.7091,1.7094,0.20,0.30
2008.04.15 12:35:52.476,1.7091,1.7094,0.20,0.30
2008.04.15 12:35:52.737,1.7091,1.7094,0.20,0.30
2008.04.15 12:35:52.978,1.709,1.7092,0.20,0.30
2008.04.15 12:35:53.225,1.709,1.7092,0.20,0.30
2008.04.15 12:35:53.928,1.709,1.7092,0.20,0.30
2008.04.15 12:35:54.217,1.7089,1.7093,0.20,0.40
2008.04.15 12:35:54.469,1.7089,1.7093,0.30,0.40
2008.04.15 12:35:54.755,1.7089,1.7092,0.20,0.30
2008.04.15 12:35:54.993,1.7089,1.7092,0.20,0.30
2008.04.15 12:35:55.242,1.7089,1.7091,0.20,0.30
2008.04.15 12:35:55.529,1.7089,1.7092,0.20,0.30
2008.04.15 12:35:55.836,1.7089,1.7092,0.50,0.30
2008.04.15 12:35:56.098,1.709,1.70935,0.20,0.30
2008.04.15 12:35:56.384,1.709,1.70935,0.20,0.30
2008.04.15 12:35:56.670,1.7089,1.7093,0.20,0.60
2008.04.15 12:35:56.980,1.7089,1.7091,0.20,0.30
2008.04.15 12:35:57.266,1.7089,1.7091,0.20,0.30
2008.04.15 12:35:57.562,1.7088,1.7092,0.30,0.30
2008.04.15 12:35:57.815,1.70875,1.7091,0.30,0.60
2008.04.15 12:35:58.089,1.7087,1.7091,0.20,0.30
2008.04.15 12:35:58.434,1.7087,1.7091,0.20,0.30
2008.04.15 12:35:58.723,1.7087,1.70905,0.20,0.30
2008.04.15 12:35:59.013,1.7087,1.70905,0.20,0.30
2008.04.15 12:35:59.303,1.70865,1.709,0.30,0.30
2008.04.15 12:35:59.572,1.7086,1.70905,0.50,0.30
2008.04.15 12:35:59.842,1.7085,1.7089,0.50,0.30
2008.04.15 12:36:00.112,1.7085,1.7089,0.20,0.60
2008.04.15 12:36:00.399,1.7085,1.7089,0.20,0.60
2008.04.15 12:36:00.662,1.70845,1.7088,0.30,0.60
2008.04.15 12:36:00.946,1.7083,1.7087,0.90,0.30
2008.04.15 12:36:01.213,1.7083,1.7087,0.20,0.30
2008.04.15 12:36:01.481,1.7083,1.7087,0.20,0.30
2008.04.15 12:36:01.767,1.7083,1.7087,0.50,0.30
2008.04.15 12:36:02.035,1.7083,1.7087,0.50,0.30
2008.04.15 12:36:02.298,1.7083,1.7087,0.50,0.30
2008.04.15 12:36:02.595,1.7083,1.7087,0.50,0.30
2008.04.15 12:36:02.875,1.7084,1.7087,0.30,0.30
2008.04.15 12:36:03.179,1.7084,1.7089,0.50,0.50
2008.04.15 12:36:03.532,1.7084,1.7089,0.50,0.50
2008.04.15 12:36:03.802,1.7085,1.7089,0.20,0.30
2008.04.15 12:36:04.561,1.7085,1.7089,0.20,0.30
2008.04.15 12:36:04.859,1.7085,1.7089,0.20,0.30
2008.04.15 12:36:05.166,1.7085,1.7089,0.30,0.30
2008.04.15 12:36:05.467,1.7085,1.70895,1.80,0.10
2008.04.15 12:36:05.740,1.7086,1.709,0.20,0.30
2008.04.15 12:36:06.010,1.7086,1.709,0.50,0.30
2008.04.15 12:36:06.281,1.7086,1.709,0.50,0.30
2008.04.15 12:36:06.551,1.7086,1.709,0.50,0.30
2008.04.15 12:36:06.812,1.7086,1.709,0.50,0.30
2008.04.15 12:36:07.100,1.7086,1.709,0.20,0.30
2008.04.15 12:36:07.358,1.7086,1.709,0.20,0.30
2008.04.15 12:36:07.619,1.7086,1.7091,9.60,0.50
2008.04.15 12:36:07.914,1.7086,1.70905,0.20,0.10
2008.04.15 12:36:08.234,1.7086,1.709,0.20,0.30
2008.04.15 12:36:08.504,1.7086,1.709,0.20,0.30
2008.04.15 12:36:08.761,1.7086,1.709,0.20,0.30
2008.04.15 12:36:09.037,1.7086,1.709,0.20,0.30
2008.04.15 12:36:09.316,1.7086,1.709,0.20,0.60
2008.04.15 12:36:09.562,1.7086,1.709,0.20,0.30
2008.04.15 12:36:09.852,1.7086,1.709,0.20,0.40
2008.04.15 12:36:10.559,1.7086,1.709,0.20,2.70
2008.04.15 12:36:10.839,1.7085,1.7089,0.10,0.40
2008.04.15 12:36:11.119,1.7084,1.7089,0.60,0.50
2008.04.15 12:36:11.686,1.7084,1.7089,0.60,0.50
2008.04.15 12:36:11.930,1.7084,1.7088,0.20,0.30
2008.04.15 12:36:12.177,1.7084,1.7088,0.20,0.50
2008.04.15 12:36:12.477,1.7084,1.7088,0.20,0.50
2008.04.15 12:36:12.722,1.7084,1.7088,0.20,2.90
2008.04.15 12:36:13.037,1.70825,1.7087,0.10,0.40
2008.04.15 12:36:13.362,1.70825,1.7086,0.10,0.40
2008.04.15 12:36:13.678,1.7083,1.7086,0.20,0.40
2008.04.15 12:36:13.977,1.7083,1.7086,0.20,0.30
2008.04.15 12:36:14.265,1.7082,1.7085,0.20,0.30
2008.04.15 12:36:14.506,1.7082,1.7085,0.20,0.30
2008.04.15 12:36:14.771,1.7082,1.7085,0.20,0.30
2008.04.15 12:36:15.043,1.7082,1.7085,0.20,0.30
2008.04.15 12:36:15.309,1.7082,1.7085,0.20,0.30
2008.04.15 12:36:15.574,1.7082,1.7085,0.20,0.30
2008.04.15 12:36:15.873,1.7082,1.7086,0.20,0.30
2008.04.15 12:36:16.197,1.7082,1.7086,0.30,0.30
2008.04.15 12:36:16.501,1.70825,1.7086,0.30,0.30
2008.04.15 12:36:16.801,1.7084,1.7087,0.20,0.30
2008.04.15 12:36:17.071,1.7085,1.7087,0.20,0.30
2008.04.15 12:36:17.291,1.7085,1.70885,0.20,0.40
2008.04.15 12:36:17.536,1.7085,1.70875,0.20,0.30
2008.04.15 12:36:17.781,1.70845,1.70895,0.30,0.40
2008.04.15 12:36:18.091,1.70855,1.709,0.30,0.30
2008.04.15 12:36:18.400,1.70855,1.70905,0.30,0.40
2008.04.15 12:36:18.709,1.7085,1.7089,0.20,0.30
2008.04.15 12:36:18.948,1.7085,1.7089,0.20,0.30
2008.04.15 12:36:19.302,1.7085,1.7089,0.30,0.30
2008.04.15 12:36:19.548,1.7085,1.7089,1.80,0.30
2008.04.15 12:36:19.789,1.7087,1.7089,0.20,0.30
2008.04.15 12:36:20.109,1.7087,1.7091,0.20,0.60
2008.04.15 12:36:20.428,1.7087,1.7091,0.20,0.30
2008.04.15 12:36:20.772,1.7087,1.7091,0.20,0.30
2008.04.15 12:36:21.060,1.7087,1.7091,0.20,0.30
2008.04.15 12:36:21.321,1.7087,1.7091,0.30,0.30
2008.04.15 12:36:21.581,1.7088,1.7091,0.20,0.30
2008.04.15 12:36:21.841,1.7089,1.7091,0.20,0.30
2008.04.15 12:36:22.150,1.7089,1.7092,0.20,0.30
2008.04.15 12:36:22.416,1.7089,1.7092,0.20,0.30
2008.04.15 12:36:22.701,1.7089,1.7092,0.20,0.30
2008.04.15 12:36:22.966,1.7089,1.70915,0.20,0.10
2008.04.15 12:36:23.232,1.7088,1.709,0.20,0.30
2008.04.15 12:36:23.497,1.7087,1.70905,1.00,0.10
2008.04.15 12:36:23.788,1.7087,1.70905,0.30,0.10
2008.04.15 12:36:24.262,1.7088,1.70905,0.10,0.10
2008.04.15 12:36:24.536,1.7088,1.70905,0.10,0.10
2008.04.15 12:36:24.810,1.7087,1.70905,0.20,0.10
2008.04.15 12:36:25.076,1.7088,1.70905,0.20,0.10
2008.04.15 12:36:25.339,1.7087,1.709,0.20,0.40
2008.04.15 12:36:25.606,1.7087,1.709,0.20,0.30
2008.04.15 12:36:25.892,1.7087,1.7089,0.20,0.30
2008.04.15 12:36:26.270,1.7087,1.7089,0.20,0.30
2008.04.15 12:36:26.560,1.7087,1.7089,0.20,0.30
2008.04.15 12:36:26.852,1.7088,1.7091,0.20,0.40
2008.04.15 12:36:27.090,1.7088,1.7091,0.20,0.30
2008.04.15 12:36:27.320,1.7088,1.7091,0.20,0.30
2008.04.15 12:36:27.551,1.7088,1.70905,0.20,0.10
2008.04.15 12:36:27.783,1.70865,1.709,0.10,0.30
2008.04.15 12:36:28.011,1.70865,1.709,0.10,0.30
2008.04.15 12:36:28.336,1.7088,1.7091,0.20,0.40
2008.04.15 12:36:28.663,1.7088,1.7092,0.20,0.30
2008.04.15 12:36:28.989,1.7088,1.7091,0.20,0.30
2008.04.15 12:36:29.231,1.70885,1.7091,0.10,0.30
2008.04.15 12:36:29.471,1.7089,1.7092,0.20,0.30
2008.04.15 12:36:29.889,1.709,1.7093,0.20,0.30
2008.04.15 12:36:30.184,1.709,1.7093,0.20,0.30
2008.04.15 12:36:30.493,1.7089,1.7093,0.20,0.30
2008.04.15 12:36:30.787,1.7089,1.7092,0.20,0.30
2008.04.15 12:36:31.085,1.7089,1.7091,0.20,0.30
2008.04.15 12:36:31.379,1.7089,1.7091,0.20,0.30
2008.04.15 12:36:31.698,1.7089,1.7091,0.20,0.30
2008.04.15 12:36:31.992,1.7089,1.7091,0.20,0.30
2008.04.15 12:36:32.238,1.7091,1.7094,0.20,0.30
2008.04.15 12:36:32.516,1.7091,1.7094,0.20,0.30
2008.04.15 12:36:32.761,1.7091,1.7093,0.20,0.30
2008.04.15 12:36:33.033,1.7091,1.7094,0.20,0.40
2008.04.15 12:36:33.312,1.7091,1.7094,0.20,0.80
2008.04.15 12:36:33.592,1.7091,1.7094,0.20,0.80
2008.04.15 12:36:33.983,1.7091,1.7094,0.20,0.80
2008.04.15 12:36:34.243,1.7091,1.7094,0.20,0.30
2008.04.15 12:36:34.538,1.7091,1.7094,0.20,0.40
2008.04.15 12:36:34.797,1.7091,1.7094,0.20,0.40
2008.04.15 12:36:35.057,1.7091,1.7094,0.20,0.30
2008.04.15 12:36:35.341,1.7092,1.7095,0.20,0.30
2008.04.15 12:36:35.626,1.7091,1.70945,0.20,0.10
2008.04.15 12:36:35.911,1.7091,1.7094,0.20,0.30
2008.04.15 12:36:36.196,1.7091,1.7094,0.20,0.30
2008.04.15 12:36:36.513,1.7091,1.7094,0.20,0.30
2008.04.15 12:36:36.753,1.7091,1.7094,0.20,0.30
2008.04.15 12:36:36.992,1.7091,1.7094,0.20,0.30
2008.04.15 12:36:37.554,1.7091,1.7094,0.20,0.30
2008.04.15 12:36:37.844,1.7091,1.70955,0.20,0.40
2008.04.15 12:36:38.136,1.7091,1.70925,0.20,0.10
2008.04.15 12:36:38.394,1.70895,1.7092,0.10,0.30
2008.04.15 12:36:38.654,1.7089,1.7092,0.20,0.30
2008.04.15 12:36:39.085,1.7089,1.7092,0.20,0.30
2008.04.15 12:36:39.360,1.7089,1.7092,0.20,0.40
2008.04.15 12:36:39.636,1.7089,1.7094,0.60,0.10
2008.04.15 12:36:39.938,1.7089,1.7094,1.20,0.10
2008.04.15 12:36:40.212,1.70895,1.7094,0.10,0.10
2008.04.15 12:36:40.482,1.7091,1.7093,0.80,0.10
2008.04.15 12:36:40.752,1.70895,1.7093,0.10,0.10
2008.04.15 12:36:41.194,1.70895,1.7093,0.10,0.10
2008.04.15 12:36:41.461,1.709,1.70945,1.60,0.10
2008.04.15 12:36:41.730,1.7091,1.7096,0.60,0.10
2008.04.15 12:36:42.002,1.7091,1.7095,0.20,0.10
2008.04.15 12:36:42.271,1.7091,1.70955,0.20,0.10
2008.04.15 12:36:42.532,1.7091,1.70955,0.30,0.10
2008.04.15 12:36:42.788,1.7091,1.70955,0.30,0.10
2008.04.15 12:36:43.043,1.7091,1.70955,0.30,0.10
2008.04.15 12:36:43.323,1.7092,1.7097,0.30,0.40
2008.04.15 12:36:43.608,1.70925,1.70955,0.10,0.10
2008.04.15 12:36:43.885,1.7092,1.7095,0.10,0.10
2008.04.15 12:36:44.165,1.70905,1.70935,0.10,0.10
2008.04.15 12:36:44.476,1.70905,1.70935,0.10,0.10
2008.04.15 12:36:44.766,1.7091,1.7094,0.10,0.10
2008.04.15 12:36:45.058,1.70895,1.7093,0.10,0.10
2008.04.15 12:36:45.347,1.70895,1.7093,0.10,0.10
2008.04.15 12:36:45.598,1.709,1.7094,0.10,0.10
2008.04.15 12:36:45.848,1.709,1.7094,0.10,0.10
2008.04.15 12:36:46.098,1.7089,1.7094,0.60,0.10
2008.04.15 12:36:46.347,1.7089,1.7093,0.10,0.10
2008.04.15 12:36:46.618,1.70895,1.7094,0.10,0.10
2008.04.15 12:36:46.985,1.709,1.7095,0.30,0.40
2008.04.15 12:36:47.253,1.709,1.7095,0.30,0.40
2008.04.15 12:36:47.552,1.709,1.7094,0.10,0.10
2008.04.15 12:36:47.851,1.709,1.7094,0.10,0.10
2008.04.15 12:36:48.215,1.709,1.7094,0.10,0.10
2008.04.15 12:36:48.451,1.70895,1.70935,0.10,0.10
2008.04.15 12:36:48.687,1.709,1.7093,0.30,0.10
2008.04.15 12:36:48.928,1.7091,1.7093,0.20,0.10
2008.04.15 12:36:49.164,1.7091,1.70945,0.20,0.10
2008.04.15 12:36:50.438,1.7091,1.70945,0.20,0.10
2008.04.15 12:36:50.510,1.70905,1.70935,0.10,0.10
2008.04.15 12:36:50.576,1.709,1.70935,0.30,0.10
2008.04.15 12:36:50.713,1.709,1.70935,0.30,0.10
2008.04.15 12:36:50.914,1.709,1.70935,0.30,0.10
2008.04.15 12:36:50.976,1.709,1.70935,0.30,0.10
2008.04.15 12:36:51.476,1.709,1.70945,0.30,0.10
2008.04.15 12:36:51.810,1.7092,1.70945,0.20,0.10
2008.04.15 12:36:52.218,1.7092,1.70945,0.20,0.10
2008.04.15 12:36:53.523,1.7092,1.7094,0.20,0.10
2008.04.15 12:36:53.793,1.7092,1.7094,0.20,0.10
2008.04.15 12:36:54.063,1.7091,1.7094,0.20,0.40
2008.04.15 12:36:54.358,1.7091,1.70935,0.20,0.10
2008.04.15 12:36:54.653,1.709,1.7092,0.20,0.30
2008.04.15 12:36:54.918,1.709,1.7092,0.20,0.30
2008.04.15 12:36:55.404,1.709,1.7092,0.20,0.30
2008.04.15 12:36:55.667,1.7089,1.7091,0.20,0.30
2008.04.15 12:36:56.070,1.7089,1.7091,0.20,0.30
2008.04.15 12:36:56.338,1.7089,1.70925,0.20,0.10
2008.04.15 12:36:56.629,1.7088,1.70905,0.20,0.10
2008.04.15 12:36:56.900,1.7088,1.70905,0.20,0.10
2008.04.15 12:36:57.188,1.709,1.70925,0.20,0.30
2008.04.15 12:36:57.447,1.7088,1.70925,0.20,0.10
2008.04.15 12:36:57.707,1.7088,1.7092,0.20,0.10
2008.04.15 12:36:58.036,1.7088,1.70915,0.20,0.10
2008.04.15 12:36:58.351,1.7088,1.70915,0.20,0.10
2008.04.15 12:36:58.668,1.7088,1.7091,0.20,0.10
2008.04.15 12:36:58.912,1.70855,1.70905,0.40,0.10
2008.04.15 12:36:59.158,1.7085,1.709,0.60,0.40
2008.04.15 12:36:59.403,1.7085,1.709,0.50,0.50
2008.04.15 12:36:59.686,1.70845,1.7088,0.10,0.40
2008.04.15 12:36:59.891,1.70835,1.7088,0.40,0.30
2008.04.15 12:37:00.197,1.7084,1.7089,0.40,0.10
2008.04.15 12:37:00.511,1.7086,1.7087,0.30,0.30
2008.04.15 12:37:00.816,1.7086,1.7089,0.30,0.30
2008.04.15 12:37:01.095,1.70865,1.7089,0.10,0.30
2008.04.15 12:37:01.375,1.7087,1.7089,0.30,0.30
2008.04.15 12:37:01.654,1.7088,1.709,0.30,0.30
2008.04.15 12:37:01.934,1.7088,1.7091,1.20,0.30
2008.04.15 12:37:02.206,1.7088,1.7091,1.20,0.30
2008.04.15 12:37:02.538,1.7088,1.7091,1.20,0.30
2008.04.15 12:37:02.806,1.7088,1.7091,0.90,0.30
2008.04.15 12:37:03.483,1.7088,1.7091,0.90,0.30
2008.04.15 12:37:03.858,1.70885,1.7091,0.10,0.30
2008.04.15 12:37:04.122,1.70885,1.7091,0.10,0.30
2008.04.15 12:37:04.389,1.7088,1.709,0.80,0.30
2008.04.15 12:37:04.655,1.7089,1.709,0.80,0.30
2008.04.15 12:37:04.948,1.7087,1.709,1.20,0.30
2008.04.15 12:37:05.208,1.7089,1.7092,0.20,0.30
2008.04.15 12:37:05.468,1.7089,1.7092,0.50,0.30
2008.04.15 12:37:05.728,1.7089,1.7092,2.80,0.30
2008.04.15 12:37:05.988,1.709,1.7093,0.90,0.30
2008.04.15 12:37:06.293,1.709,1.7094,0.60,0.30
2008.04.15 12:37:06.625,1.70905,1.7094,0.40,0.30
2008.04.15 12:37:06.930,1.709,1.7094,0.20,0.40
2008.04.15 12:37:07.187,1.709,1.7093,0.20,0.10
2008.04.15 12:37:07.469,1.70885,1.7092,0.10,0.30
2008.04.15 12:37:07.727,1.7088,1.7091,0.20,0.30
2008.04.15 12:37:08.043,1.7088,1.7091,0.20,0.30
2008.04.15 12:37:08.328,1.7088,1.7092,0.30,0.30
2008.04.15 12:37:08.616,1.7088,1.7091,0.30,0.30
2008.04.15 12:37:08.900,1.7088,1.7092,0.30,0.30
2008.04.15 12:37:09.186,1.7088,1.7092,1.20,0.30
2008.04.15 12:37:09.470,1.7087,1.7091,0.30,0.30
2008.04.15 12:37:09.731,1.7088,1.7092,0.90,0.40
2008.04.15 12:37:09.991,1.7088,1.7091,0.10,0.30
2008.04.15 12:37:10.251,1.7087,1.709,1.00,0.30
2008.04.15 12:37:10.537,1.7087,1.709,0.30,0.30
2008.04.15 12:37:10.846,1.70865,1.709,0.10,0.30
2008.04.15 12:37:11.107,1.70865,1.7089,0.10,0.30
2008.04.15 12:37:11.423,1.70865,1.7089,0.10,0.30
2008.04.15 12:37:11.720,1.70865,1.70885,0.10,0.10
2008.04.15 12:37:11.945,1.7085,1.70885,0.20,0.10
2008.04.15 12:37:12.204,1.7085,1.70885,1.00,0.10
2008.04.15 12:37:12.678,1.7085,1.70885,1.00,0.10
2008.04.15 12:37:13.942,1.7085,1.70885,1.00,0.10
2008.04.15 12:37:14.241,1.7086,1.7089,0.80,0.40
2008.04.15 12:37:14.467,1.7085,1.7089,0.30,0.40
2008.04.15 12:37:14.693,1.7085,1.7088,0.20,0.40
2008.04.15 12:37:14.918,1.7084,1.7088,0.20,0.40
2008.04.15 12:37:15.160,1.70835,1.70865,0.10,0.10
2008.04.15 12:37:15.524,1.7083,1.70865,0.10,0.10
2008.04.15 12:37:15.858,1.7083,1.70865,0.80,0.10
2008.04.15 12:37:16.194,1.7084,1.70875,0.20,0.10
2008.04.15 12:37:16.434,1.7085,1.7089,0.20,0.10
2008.04.15 12:37:16.673,1.7085,1.7089,0.20,0.10
2008.04.15 12:37:16.937,1.7085,1.7089,0.50,0.30
2008.04.15 12:37:17.178,1.7085,1.7089,0.20,0.30
2008.04.15 12:37:17.481,1.7085,1.70895,0.20,0.40
2008.04.15 12:37:17.780,1.7088,1.7091,0.20,2.10
2008.04.15 12:37:18.099,1.7088,1.7091,0.20,2.10
2008.04.15 12:37:18.399,1.7085,1.7089,0.10,0.10
2008.04.15 12:37:18.664,1.7088,1.70905,0.20,0.30
2008.04.15 12:37:18.929,1.7088,1.7091,0.20,0.40
2008.04.15 12:37:19.194,1.7088,1.7092,0.20,0.40
2008.04.15 12:37:19.490,1.7088,1.7092,0.20,0.40
2008.04.15 12:37:19.761,1.7091,1.7093,0.20,0.30
2008.04.15 12:37:20.096,1.7091,1.7093,0.20,0.60
2008.04.15 12:37:20.366,1.7089,1.7093,0.20,0.50
2008.04.15 12:37:21.145,1.7089,1.7093,0.20,0.40
2008.04.15 12:37:21.461,1.709,1.70935,0.20,0.40
2008.04.15 12:37:21.691,1.7089,1.7093,0.20,0.10
2008.04.15 12:37:22.001,1.7089,1.7093,0.20,0.10
2008.04.15 12:37:22.233,1.709,1.70935,0.20,0.10
2008.04.15 12:37:22.539,1.709,1.70935,0.20,0.10
2008.04.15 12:37:22.837,1.7087,1.709,0.20,0.30
2008.04.15 12:37:23.133,1.7087,1.709,0.20,0.40
2008.04.15 12:37:23.428,1.7087,1.709,0.20,0.40
2008.04.15 12:37:23.715,1.7087,1.7089,0.20,0.10
2008.04.15 12:37:24.026,1.7085,1.7089,0.20,0.10
2008.04.15 12:37:24.317,1.7086,1.709,0.30,0.40
2008.04.15 12:37:24.725,1.7086,1.709,0.30,0.40
2008.04.15 12:37:24.975,1.70845,1.7088,0.10,0.10
2008.04.15 12:37:25.275,1.70845,1.7088,0.10,0.10
2008.04.15 12:37:25.536,1.7086,1.709,0.20,0.10
2008.04.15 12:37:25.845,1.7087,1.7091,0.10,0.40
2008.04.15 12:37:26.155,1.7087,1.70915,0.30,0.10
2008.04.15 12:37:26.709,1.7087,1.70915,0.30,0.10
2008.04.15 12:37:26.974,1.70875,1.7092,0.10,0.40
2008.04.15 12:37:27.239,1.7089,1.70925,0.20,0.10
2008.04.15 12:37:27.504,1.7089,1.7092,0.20,0.10
2008.04.15 12:37:27.789,1.7088,1.7092,0.30,0.10
2008.04.15 12:37:29.681,1.7088,1.7092,0.30,0.10
2008.04.15 12:37:29.830,1.7089,1.7092,0.20,0.10
2008.04.15 12:37:30.004,1.7088,1.7092,0.30,0.10
2008.04.15 12:37:30.178,1.7088,1.70915,0.20,0.10
2008.04.15 12:37:30.416,1.7088,1.70915,0.20,0.10
2008.04.15 12:37:30.776,1.7088,1.70915,0.20,0.10
2008.04.15 12:37:30.951,1.7088,1.70915,0.20,0.10
2008.04.15 12:37:31.285,1.7089,1.70915,0.20,0.10
2008.04.15 12:37:31.620,1.7089,1.7091,0.20,0.10
2008.04.15 12:37:31.955,1.7089,1.7092,0.20,0.40
2008.04.15 12:37:32.191,1.70885,1.7091,0.10,0.10
2008.04.15 12:37:32.426,1.70875,1.7091,0.10,0.10
2008.04.15 12:37:32.660,1.7087,1.709,0.20,0.40
2008.04.15 12:37:32.894,1.7087,1.709,0.20,0.40
2008.04.15 12:37:33.213,1.7087,1.709,0.20,0.30
2008.04.15 12:37:33.553,1.7089,1.7091,0.20,0.30
2008.04.15 12:37:33.873,1.7089,1.70925,0.20,0.10
2008.04.15 12:37:34.217,1.7089,1.70905,0.20,0.10
2008.04.15 12:37:34.447,1.7087,1.70905,0.20,0.10
2008.04.15 12:37:34.676,1.7087,1.709,0.20,0.10
2008.04.15 12:37:34.917,1.7085,1.709,0.50,0.40
2008.04.15 12:37:35.257,1.7085,1.7088,0.20,0.10
2008.04.15 12:37:35.569,1.7083,1.7086,1.80,0.10
2008.04.15 12:37:35.880,1.7081,1.7086,1.90,0.10
2008.04.15 12:37:36.149,1.7081,1.7085,1.60,0.10
2008.04.15 12:37:36.419,1.70815,1.70855,0.10,0.10
2008.04.15 12:37:36.683,1.7081,1.7086,0.40,0.10
2008.04.15 12:37:36.947,1.7081,1.7086,0.40,1.60
2008.04.15 12:37:37.247,1.70795,1.70835,0.10,0.10
2008.04.15 12:37:37.548,1.7078,1.70825,0.30,0.10
2008.04.15 12:37:37.848,1.7078,1.70815,0.20,0.10
2008.04.15 12:37:38.178,1.7078,1.7082,0.80,0.30
2008.04.15 12:37:38.446,1.708,1.70835,0.20,0.10
2008.04.15 12:37:38.711,1.708,1.7084,0.20,2.00
2008.04.15 12:37:38.976,1.708,1.70845,0.20,0.40
2008.04.15 12:37:39.251,1.708,1.70845,0.20,0.10
2008.04.15 12:37:39.606,1.708,1.70845,0.20,0.10
2008.04.15 12:37:39.881,1.70805,1.7085,0.30,0.30
2008.04.15 12:37:40.213,1.70805,1.7085,0.30,0.30
2008.04.15 12:37:40.513,1.7081,1.70855,0.50,0.30
2008.04.15 12:37:40.814,1.7081,1.70855,0.20,0.10
2008.04.15 12:37:41.113,1.70815,1.7086,0.30,0.30
2008.04.15 12:37:41.367,1.70815,1.7086,0.30,0.30
2008.04.15 12:37:42.378,1.70815,1.7086,0.30,0.30
2008.04.15 12:37:42.900,1.70815,1.7086,0.30,0.30
2008.04.15 12:37:43.208,1.70815,1.70865,0.30,0.40
2008.04.15 12:37:43.663,1.70815,1.70865,0.30,0.40
2008.04.15 12:37:43.963,1.7082,1.7087,0.60,0.40
2008.04.15 12:37:44.295,1.7083,1.70875,0.20,0.10
2008.04.15 12:37:44.554,1.7083,1.70875,0.90,0.10
2008.04.15 12:37:44.813,1.7083,1.70875,0.20,0.10
2008.04.15 12:37:45.072,1.7083,1.70875,0.20,0.10
2008.04.15 12:37:45.897,1.7083,1.70875,0.20,0.10
2008.04.15 12:37:46.166,1.7083,1.70875,0.20,0.40
2008.04.15 12:37:46.461,1.7083,1.70875,0.20,0.10
2008.04.15 12:37:46.778,1.7083,1.70875,0.20,0.10
2008.04.15 12:37:47.177,1.7083,1.70875,0.20,0.10
2008.04.15 12:37:48.017,1.7083,1.70875,0.20,0.10
2008.04.15 12:37:48.261,1.7082,1.70865,0.10,0.10
2008.04.15 12:37:48.546,1.7082,1.70865,0.10,0.10
2008.04.15 12:37:48.831,1.7083,1.70875,0.20,0.40
2008.04.15 12:37:49.115,1.7082,1.7087,0.60,0.10
2008.04.15 12:37:49.414,1.7083,1.7087,0.30,0.10
2008.04.15 12:37:49.658,1.7084,1.70885,0.30,0.10
2008.04.15 12:37:49.903,1.7084,1.70885,0.20,0.10
2008.04.15 12:37:50.228,1.7084,1.70885,0.30,0.10
2008.04.15 12:37:50.653,1.7084,1.70885,0.30,0.10
2008.04.15 12:37:51.003,1.7084,1.70885,0.30,0.10
2008.04.15 12:37:51.488,1.7084,1.70885,0.30,0.10
2008.04.15 12:37:51.751,1.7085,1.70895,0.30,0.10
2008.04.15 12:37:52.138,1.7085,1.70895,0.30,0.10
2008.04.15 12:37:52.393,1.7086,1.709,0.10,0.10
2008.04.15 12:37:52.667,1.7086,1.70895,0.10,0.10
2008.04.15 12:37:53.162,1.7086,1.70895,0.10,0.10
2008.04.15 12:37:53.401,1.7085,1.70895,0.30,0.10
2008.04.15 12:37:53.714,1.7085,1.70895,0.30,0.10
2008.04.15 12:37:54.022,1.7085,1.7089,0.30,0.10
2008.04.15 12:37:54.313,1.7085,1.70875,0.20,0.10
2008.04.15 12:37:54.574,1.70835,1.70885,0.30,0.10
2008.04.15 12:37:54.835,1.7085,1.70875,0.20,0.10
2008.04.15 12:37:55.121,1.7085,1.70885,0.20,0.40
2008.04.15 12:37:55.387,1.7085,1.70885,0.20,0.40
2008.04.15 12:37:55.806,1.7085,1.70885,0.20,0.10
2008.04.15 12:37:56.441,1.7085,1.70885,0.20,0.10
2008.04.15 12:37:56.708,1.7085,1.70885,0.20,0.10
2008.04.15 12:37:57.506,1.7085,1.70885,0.20,0.10
2008.04.15 12:37:57.750,1.7086,1.70885,0.20,0.10
2008.04.15 12:37:58.025,1.7086,1.70885,0.20,0.10
2008.04.15 12:37:58.270,1.7086,1.7089,0.20,0.30
2008.04.15 12:37:58.514,1.7086,1.7088,0.20,0.30
2008.04.15 12:37:58.798,1.7086,1.7088,0.20,0.30
2008.04.15 12:37:59.218,1.7086,1.7088,0.20,0.30
2008.04.15 12:37:59.501,1.7086,1.7088,0.20,0.30
2008.04.15 12:37:59.984,1.7086,1.7088,0.20,0.30
2008.04.15 12:38:00.234,1.7086,1.7089,0.20,0.40
2008.04.15 12:38:00.483,1.7086,1.7089,0.20,0.40
2008.04.15 12:38:00.789,1.7086,1.7088,0.20,0.30
2008.04.15 12:38:01.181,1.7086,1.7088,0.20,0.30
2008.04.15 12:38:01.490,1.7086,1.7088,0.20,0.30
2008.04.15 12:38:01.755,1.7086,1.7089,0.20,0.30
2008.04.15 12:38:02.190,1.7086,1.7089,0.20,0.30
2008.04.15 12:38:02.454,1.7086,1.7089,0.20,0.30
2008.04.15 12:38:02.750,1.7086,1.7089,0.20,0.30
2008.04.15 12:38:02.999,1.7086,1.7089,0.20,0.30
2008.04.15 12:38:03.248,1.7086,1.7089,0.20,0.30
2008.04.15 12:38:03.498,1.7086,1.7089,0.20,0.30
2008.04.15 12:38:03.818,1.7086,1.70905,0.20,0.40
2008.04.15 12:38:04.112,1.7086,1.70905,0.20,0.10
2008.04.15 12:38:04.406,1.7088,1.7091,0.20,0.10
2008.04.15 12:38:04.701,1.7088,1.7091,0.20,0.10
2008.04.15 12:38:04.966,1.7089,1.70925,0.20,0.10
2008.04.15 12:38:05.233,1.7089,1.7092,0.20,0.10
2008.04.15 12:38:05.576,1.7089,1.7092,0.20,0.10
2008.04.15 12:38:05.923,1.7089,1.7092,0.20,0.10
2008.04.15 12:38:06.258,1.7089,1.7092,0.20,0.10
2008.04.15 12:38:06.965,1.7089,1.70915,0.20,0.10
2008.04.15 12:38:07.214,1.7089,1.70915,0.20,0.10
2008.04.15 12:38:07.490,1.7088,1.70915,0.20,0.10
2008.04.15 12:38:07.714,1.7088,1.7091,0.20,0.10
2008.04.15 12:38:07.979,1.7087,1.7091,0.20,0.10
2008.04.15 12:38:08.243,1.7089,1.7091,0.20,0.10
2008.04.15 12:38:08.509,1.7089,1.7091,0.20,0.10
2008.04.15 12:38:08.774,1.7089,1.7093,0.20,0.40
2008.04.15 12:38:09.166,1.7089,1.7093,0.20,0.40
2008.04.15 12:38:09.447,1.7091,1.7093,0.20,0.10
2008.04.15 12:38:09.751,1.709,1.7093,0.90,0.30
2008.04.15 12:38:09.996,1.7091,1.7093,0.20,0.30
2008.04.15 12:38:10.265,1.7091,1.70935,0.20,0.10
2008.04.15 12:38:10.534,1.7091,1.7094,0.20,0.30
2008.04.15 12:38:11.437,1.7091,1.7094,0.20,0.30
2008.04.15 12:38:11.708,1.7091,1.7094,0.20,0.40
2008.04.15 12:38:12.126,1.7091,1.7094,0.20,0.40
2008.04.15 12:38:12.372,1.7091,1.70945,0.20,0.10
2008.04.15 12:38:12.635,1.7091,1.70945,0.20,0.10
2008.04.15 12:38:13.211,1.7091,1.70945,0.20,0.10
2008.04.15 12:38:13.516,1.7091,1.70955,0.20,0.10
2008.04.15 12:38:14.432,1.7091,1.7095,0.20,0.30
2008.04.15 12:38:14.670,1.7091,1.70945,0.20,0.10
2008.04.15 12:38:14.962,1.7091,1.70945,0.20,0.10
2008.04.15 12:38:15.232,1.7092,1.70955,0.20,0.10
2008.04.15 12:38:15.501,1.7092,1.7096,0.20,0.40
2008.04.15 12:38:18.793,1.7092,1.7096,0.20,0.40
2008.04.15 12:38:19.018,1.7092,1.70955,0.20,0.10
2008.04.15 12:38:19.243,1.7092,1.70925,0.20,0.10
2008.04.15 12:38:19.467,1.7089,1.7092,0.20,0.40
2008.04.15 12:38:19.712,1.7089,1.7092,0.20,0.40
2008.04.15 12:38:19.934,1.7089,1.7092,0.20,0.40
2008.04.15 12:38:20.259,1.7089,1.7092,0.20,0.40
2008.04.15 12:38:20.583,1.7089,1.7092,0.20,0.40
2008.04.15 12:38:20.909,1.70875,1.7092,0.10,0.10
2008.04.15 12:38:21.432,1.70875,1.7092,0.10,0.10
2008.04.15 12:38:21.673,1.7089,1.7093,0.30,0.30
2008.04.15 12:38:21.913,1.7091,1.70935,0.20,0.30
2008.04.15 12:38:22.212,1.7091,1.70935,0.20,0.40
2008.04.15 12:38:22.538,1.7091,1.7094,0.20,0.30
2008.04.15 12:38:22.839,1.7092,1.7094,0.20,0.30
2008.04.15 12:38:23.109,1.7092,1.7094,0.20,0.30
2008.04.15 12:38:23.354,1.7092,1.7094,0.20,0.30
2008.04.15 12:38:23.683,1.7092,1.7094,0.20,0.30
2008.04.15 12:38:23.927,1.7092,1.7094,0.20,0.30
2008.04.15 12:38:24.240,1.7092,1.7094,0.20,0.30
2008.04.15 12:38:24.525,1.7092,1.70935,0.20,0.10
2008.04.15 12:38:24.810,1.7092,1.7094,0.20,0.30
2008.04.15 12:38:25.065,1.7092,1.7094,0.20,0.40
2008.04.15 12:38:25.539,1.7092,1.7094,0.20,0.30
2008.04.15 12:38:25.794,1.7092,1.70935,0.20,0.10
2008.04.15 12:38:26.058,1.709,1.7093,0.20,0.30
2008.04.15 12:38:26.324,1.709,1.7093,0.20,0.30
2008.04.15 12:38:26.590,1.709,1.7093,0.20,0.30
2008.04.15 12:38:26.854,1.709,1.7094,0.20,0.10
2008.04.15 12:38:27.179,1.709,1.7094,0.20,0.10
2008.04.15 12:38:27.422,1.709,1.7094,0.20,0.40
2008.04.15 12:38:27.707,1.709,1.70935,0.20,0.10
2008.04.15 12:38:27.993,1.709,1.7094,0.20,0.40
2008.04.15 12:38:28.283,1.709,1.7094,0.20,0.40
2008.04.15 12:38:28.599,1.7091,1.70945,0.20,0.30
2008.04.15 12:38:28.891,1.7093,1.7096,0.20,2.10
2008.04.15 12:38:29.134,1.7093,1.7096,0.20,2.10
2008.04.15 12:38:29.379,1.7093,1.7096,0.20,2.10
2008.04.15 12:38:29.721,1.7093,1.7096,0.20,2.10
2008.04.15 12:38:29.984,1.7093,1.7095,0.20,0.30
2008.04.15 12:38:30.258,1.7093,1.7095,0.20,0.30
2008.04.15 12:38:30.533,1.7093,1.70955,0.20,0.30
2008.04.15 12:38:31.127,1.7093,1.7096,0.20,2.10
2008.04.15 12:38:31.869,1.7093,1.7096,0.20,2.10
2008.04.15 12:38:32.138,1.7094,1.7096,0.20,0.30
2008.04.15 12:38:32.919,1.7094,1.7096,0.20,0.30
2008.04.15 12:38:33.637,1.7094,1.7096,0.20,0.30
2008.04.15 12:38:33.887,1.7093,1.7096,0.20,0.50
2008.04.15 12:38:34.392,1.7093,1.7096,0.20,0.50
2008.04.15 12:38:34.714,1.7093,1.7096,0.20,0.50
2008.04.15 12:38:34.975,1.7094,1.7096,0.20,0.40
2008.04.15 12:38:35.246,1.7093,1.70955,0.20,0.10
2008.04.15 12:38:35.492,1.7093,1.7096,0.20,0.50
2008.04.15 12:38:36.389,1.7093,1.7096,0.20,0.50
2008.04.15 12:38:36.680,1.7093,1.7096,0.20,0.50
2008.04.15 12:38:36.931,1.7093,1.7094,0.20,0.30
2008.04.15 12:38:37.179,1.7091,1.7094,0.20,0.30
2008.04.15 12:38:37.454,1.7091,1.7094,0.20,0.40
2008.04.15 12:38:37.702,1.7091,1.7094,0.20,0.30
2008.04.15 12:38:37.952,1.7091,1.70935,0.20,0.30
2008.04.15 12:38:38.218,1.7091,1.70935,0.20,0.30
2008.04.15 12:38:38.498,1.7091,1.7093,0.20,0.30
2008.04.15 12:38:38.777,1.7091,1.7094,0.20,0.40
2008.04.15 12:38:39.057,1.7091,1.7094,0.20,0.30
2008.04.15 12:38:39.982,1.7091,1.7094,0.20,0.30
2008.04.15 12:38:40.266,1.7091,1.7094,0.20,0.30
2008.04.15 12:38:40.544,1.7091,1.7094,0.90,0.30
2008.04.15 12:38:40.817,1.7092,1.7095,0.20,0.40
2008.04.15 12:38:41.274,1.7092,1.7095,0.20,0.40
2008.04.15 12:38:41.524,1.7093,1.7095,0.20,0.30
2008.04.15 12:38:41.795,1.7093,1.70945,0.20,0.30
2008.04.15 12:38:42.046,1.7092,1.70945,0.20,0.40
2008.04.15 12:38:42.302,1.709,1.7093,0.20,0.30
2008.04.15 12:38:42.655,1.7091,1.7093,0.20,0.30
2008.04.15 12:38:42.944,1.709,1.7093,0.20,0.10
2008.04.15 12:38:43.280,1.709,1.70935,0.20,0.10
2008.04.15 12:38:43.702,1.709,1.70935,0.20,0.10
2008.04.15 12:38:43.961,1.709,1.7092,0.20,0.30
2008.04.15 12:38:44.247,1.709,1.7092,0.20,0.30
2008.04.15 12:38:44.509,1.709,1.7094,0.20,0.30
2008.04.15 12:38:44.770,1.7091,1.70945,0.20,0.10
2008.04.15 12:38:45.029,1.709,1.7094,2.50,0.40
2008.04.15 12:38:45.307,1.709,1.70925,0.90,0.10
2008.04.15 12:38:45.614,1.7091,1.7093,0.20,0.10
2008.04.15 12:38:45.954,1.7087,1.70915,2.50,0.10
2008.04.15 12:38:46.225,1.70865,1.7091,0.30,0.80
2008.04.15 12:38:46.562,1.7087,1.70895,0.10,0.10
2008.04.15 12:38:46.813,1.70845,1.7088,0.30,0.80
2008.04.15 12:38:47.062,1.70845,1.7089,0.30,0.80
2008.04.15 12:38:47.311,1.7084,1.7087,0.20,0.10
2008.04.15 12:38:47.627,1.70815,1.7086,0.40,0.80
2008.04.15 12:38:47.926,1.7081,1.7085,0.10,0.10
2008.04.15 12:38:48.229,1.7081,1.7085,0.10,0.10
2008.04.15 12:38:48.550,1.7081,1.7085,0.20,0.10
2008.04.15 12:38:48.826,1.7081,1.7085,0.20,0.10
2008.04.15 12:38:49.101,1.7082,1.7086,0.20,0.40
2008.04.15 12:38:49.375,1.7081,1.7086,1.80,0.40
2008.04.15 12:38:49.662,1.7081,1.7086,0.30,0.40
2008.04.15 12:38:49.906,1.7084,1.70875,0.20,0.30
2008.04.15 12:38:50.165,1.7084,1.7088,0.20,1.90
2008.04.15 12:38:50.404,1.7084,1.7088,0.20,0.50
2008.04.15 12:38:50.714,1.7084,1.7087,0.20,0.10
2008.04.15 12:38:51.024,1.7084,1.7088,0.20,0.40
2008.04.15 12:38:51.349,1.7084,1.7088,0.20,0.40
2008.04.15 12:38:51.603,1.7086,1.7088,0.20,0.40
2008.04.15 12:38:51.858,1.7086,1.7088,0.20,0.50
2008.04.15 12:38:52.137,1.7084,1.70875,0.20,0.10
2008.04.15 12:38:52.391,1.7084,1.70885,0.20,0.10
2008.04.15 12:38:52.645,1.7084,1.70885,0.20,0.10
2008.04.15 12:38:52.899,1.7084,1.70885,1.80,0.10
2008.04.15 12:38:53.155,1.7086,1.70885,0.10,0.10
2008.04.15 12:38:53.410,1.7087,1.70905,0.20,0.10
2008.04.15 12:38:53.725,1.7088,1.7091,0.20,0.10
2008.04.15 12:38:54.014,1.7086,1.7091,0.60,0.10
2008.04.15 12:38:54.303,1.7087,1.7091,0.20,0.10
2008.04.15 12:38:54.592,1.7087,1.70915,0.20,0.10
2008.04.15 12:38:54.856,1.7086,1.7091,0.60,0.10
2008.04.15 12:38:55.122,1.7086,1.70905,0.30,0.10
2008.04.15 12:38:55.387,1.7089,1.7092,0.20,0.60
2008.04.15 12:38:55.652,1.7089,1.7092,0.20,0.40
2008.04.15 12:38:55.907,1.70865,1.70905,0.10,0.10
2008.04.15 12:38:56.162,1.70865,1.70905,0.10,0.10
2008.04.15 12:38:56.416,1.7087,1.70905,0.20,0.10
2008.04.15 12:38:56.670,1.7087,1.7091,0.20,0.10
2008.04.15 12:38:56.970,1.70865,1.7091,0.10,0.10
2008.04.15 12:38:57.281,1.70855,1.709,0.10,0.10
2008.04.15 12:38:57.926,1.70855,1.709,0.10,0.10
2008.04.15 12:38:58.440,1.70855,1.709,0.10,0.10
2008.04.15 12:38:58.704,1.7086,1.70905,0.10,0.10
2008.04.15 12:38:58.970,1.7086,1.7091,0.40,0.10
2008.04.15 12:38:59.215,1.70865,1.7091,0.10,0.10
2008.04.15 12:39:01.160,1.70865,1.7091,0.10,0.10
2008.04.15 12:39:01.506,1.70865,1.70905,0.10,0.10
2008.04.15 12:39:01.750,1.70865,1.70905,0.10,0.10
2008.04.15 12:39:01.993,1.70865,1.70905,0.10,0.10
2008.04.15 12:39:03.748,1.70865,1.70905,0.10,0.10
2008.04.15 12:39:03.986,1.7087,1.70915,0.20,0.40
2008.04.15 12:39:04.222,1.7087,1.7091,0.20,0.10
2008.04.15 12:39:04.457,1.70875,1.70915,0.10,0.10
2008.04.15 12:39:04.874,1.7088,1.70915,0.10,0.10
2008.04.15 12:39:05.169,1.7088,1.70925,0.30,0.10
2008.04.15 12:39:05.477,1.709,1.70935,0.20,0.10
2008.04.15 12:39:05.912,1.709,1.70935,0.20,0.10
2008.04.15 12:39:06.162,1.709,1.70935,0.20,0.40
2008.04.15 12:39:06.411,1.709,1.70935,0.20,0.10
2008.04.15 12:39:06.915,1.709,1.7094,0.20,0.50
2008.04.15 12:39:07.180,1.709,1.7093,0.20,0.10
2008.04.15 12:39:07.418,1.709,1.7093,0.20,0.40
2008.04.15 12:39:07.658,1.7088,1.7092,0.20,0.10
2008.04.15 12:39:07.922,1.7089,1.70925,0.20,0.10
2008.04.15 12:39:08.188,1.7089,1.70915,0.20,0.10
2008.04.15 12:39:08.693,1.7089,1.70915,0.20,0.10
2008.04.15 12:39:08.978,1.70875,1.70915,0.10,0.10
2008.04.15 12:39:09.245,1.70885,1.7093,0.30,0.60
2008.04.15 12:39:09.502,1.7091,1.7093,0.20,0.30
2008.04.15 12:39:09.760,1.7091,1.7093,0.20,0.30
2008.04.15 12:39:10.020,1.7091,1.7093,0.20,0.30
2008.04.15 12:39:10.294,1.7091,1.7093,0.20,0.30
2008.04.15 12:39:10.552,1.7091,1.70945,0.20,0.30
2008.04.15 12:39:10.984,1.7091,1.70945,0.20,0.30
2008.04.15 12:39:11.288,1.709,1.7094,0.20,0.10
2008.04.15 12:39:12.251,1.709,1.7094,0.20,0.10
2008.04.15 12:39:13.246,1.709,1.7094,0.20,0.30
2008.04.15 12:39:13.672,1.709,1.7094,0.90,0.30
2008.04.15 12:39:13.916,1.7091,1.70945,0.20,0.40
2008.04.15 12:39:14.454,1.7091,1.70945,0.20,0.30
2008.04.15 12:39:15.720,1.7091,1.70945,0.20,0.30
2008.04.15 12:39:15.932,1.709,1.70935,0.20,0.30
2008.04.15 12:39:16.437,1.709,1.70935,0.20,0.30
2008.04.15 12:39:16.727,1.709,1.70935,0.20,0.40
2008.04.15 12:39:17.192,1.709,1.70935,0.20,0.40
2008.04.15 12:39:17.798,1.7091,1.70935,0.20,0.40
2008.04.15 12:39:18.028,1.7091,1.70935,0.20,0.10
2008.04.15 12:39:18.484,1.7091,1.7094,0.20,0.40
2008.04.15 12:39:18.791,1.7091,1.7094,0.20,0.40
2008.04.15 12:39:19.061,1.7092,1.7094,0.20,0.30
2008.04.15 12:39:19.330,1.7092,1.7095,0.20,0.30
2008.04.15 12:39:19.599,1.7092,1.70955,0.20,0.40
2008.04.15 12:39:19.930,1.7092,1.7095,0.20,0.40
2008.04.15 12:39:20.216,1.7092,1.7095,0.20,0.40
2008.04.15 12:39:21.398,1.7092,1.7095,0.20,0.40
2008.04.15 12:39:21.658,1.7092,1.7095,0.20,0.10
2008.04.15 12:39:21.953,1.7092,1.7095,0.20,0.10
2008.04.15 12:39:22.192,1.7092,1.70945,0.20,0.10
2008.04.15 12:39:22.431,1.7091,1.70945,0.20,0.10
2008.04.15 12:39:22.670,1.7091,1.70945,0.90,0.10
2008.04.15 12:39:22.971,1.7091,1.70945,0.90,0.10
2008.04.15 12:39:23.223,1.7091,1.7095,0.90,0.40
2008.04.15 12:39:23.507,1.7091,1.7095,0.90,0.40
2008.04.15 12:39:23.752,1.7091,1.7095,0.90,0.40
2008.04.15 12:39:24.012,1.7091,1.7095,0.90,0.30
2008.04.15 12:39:24.288,1.7092,1.70945,0.20,0.10
2008.04.15 12:39:24.564,1.7092,1.70945,0.20,0.10
2008.04.15 12:39:24.907,1.7092,1.7094,0.20,0.10
2008.04.15 12:39:25.181,1.7092,1.7094,0.20,0.40
2008.04.15 12:39:25.455,1.7092,1.7094,0.20,0.40
2008.04.15 12:39:25.731,1.7092,1.7094,0.20,0.30
2008.04.15 12:39:26.294,1.7092,1.7094,0.20,0.30
2008.04.15 12:39:26.500,1.7092,1.7094,0.20,0.30
2008.04.15 12:39:26.830,1.7092,1.7094,0.20,0.30
2008.04.15 12:39:27.040,1.7092,1.70955,0.20,0.10
2008.04.15 12:39:27.675,1.7092,1.70955,0.20,0.40
2008.04.15 12:39:28.133,1.7092,1.70955,0.20,0.40
2008.04.15 12:39:28.355,1.7092,1.70945,0.20,0.10
2008.04.15 12:39:28.524,1.7091,1.7095,0.20,0.50
2008.04.15 12:39:29.103,1.7091,1.7095,0.50,0.50
2008.04.15 12:39:29.759,1.7091,1.7094,0.90,0.10
2008.04.15 12:39:30.068,1.7091,1.7094,0.50,0.40
2008.04.15 12:39:31.334,1.7091,1.7094,0.20,0.40
2008.04.15 12:39:31.742,1.7091,1.7094,0.20,0.40
2008.04.15 12:39:32.008,1.7091,1.7095,0.90,0.10
2008.04.15 12:39:32.428,1.7091,1.7095,0.90,0.10
2008.04.15 12:39:32.949,1.7091,1.7095,0.90,0.50
2008.04.15 12:39:33.224,1.7091,1.70945,0.20,0.40
2008.04.15 12:39:33.460,1.7092,1.70955,0.20,0.40
2008.04.15 12:39:33.695,1.7092,1.70955,0.20,0.40
2008.04.15 12:39:33.953,1.7092,1.70945,0.20,0.10
2008.04.15 12:39:34.188,1.7092,1.70945,0.20,0.10
2008.04.15 12:39:34.422,1.7092,1.7095,0.20,0.50
2008.04.15 12:39:34.733,1.7092,1.7095,0.20,0.40
2008.04.15 12:39:35.385,1.7092,1.7095,0.20,0.40
2008.04.15 12:39:35.617,1.7092,1.7095,0.20,0.40
2008.04.15 12:39:36.295,1.7092,1.7093,0.20,0.10
2008.04.15 12:39:36.622,1.709,1.7093,0.20,0.40
2008.04.15 12:39:37.408,1.709,1.7093,0.20,0.40
2008.04.15 12:39:37.630,1.709,1.7093,0.20,0.40
2008.04.15 12:39:37.865,1.709,1.7093,0.20,0.40
2008.04.15 12:39:38.067,1.709,1.7093,0.20,0.40
2008.04.15 12:39:38.839,1.709,1.7093,0.20,0.40
2008.04.15 12:39:39.279,1.709,1.7093,0.20,0.40
2008.04.15 12:39:39.599,1.7088,1.7092,1.80,0.10
2008.04.15 12:39:39.814,1.7089,1.7092,0.80,0.30
2008.04.15 12:39:40.029,1.7089,1.70925,0.90,0.10
2008.04.15 12:39:40.243,1.7089,1.70925,1.70,0.10
2008.04.15 12:39:40.458,1.7089,1.70925,1.60,0.10
2008.04.15 12:39:40.776,1.70885,1.70935,0.30,0.40
2008.04.15 12:39:41.070,1.709,1.7094,0.20,0.10
2008.04.15 12:39:41.366,1.709,1.70935,0.90,0.10
2008.04.15 12:39:41.660,1.709,1.70935,1.60,0.10
2008.04.15 12:39:41.951,1.709,1.70905,1.60,0.10
2008.04.15 12:39:42.271,1.70875,1.709,0.80,0.40
2008.04.15 12:39:42.553,1.7089,1.7092,0.20,0.10
2008.04.15 12:39:42.783,1.7089,1.7092,0.20,0.10
2008.04.15 12:39:43.014,1.7089,1.7092,0.20,0.10
2008.04.15 12:39:43.474,1.7089,1.7092,0.20,0.10
2008.04.15 12:39:43.887,1.7089,1.7092,0.20,0.10
2008.04.15 12:39:44.212,1.7089,1.7092,0.20,0.10
2008.04.15 12:39:44.539,1.70875,1.7092,0.80,0.10
2008.04.15 12:39:44.774,1.70875,1.7092,0.80,0.10
2008.04.15 12:39:45.010,1.70875,1.7089,0.80,0.10
2008.04.15 12:39:45.306,1.7087,1.709,0.20,0.40
2008.04.15 12:39:45.541,1.7087,1.709,0.20,0.40
2008.04.15 12:39:45.832,1.7087,1.7089,0.20,0.30
2008.04.15 12:39:46.123,1.70855,1.7089,0.80,0.40
2008.04.15 12:39:46.414,1.7086,1.70895,0.20,0.30
2008.04.15 12:39:46.703,1.7086,1.709,0.20,0.10
2008.04.15 12:39:46.948,1.7087,1.709,0.20,0.40
2008.04.15 12:39:47.188,1.7088,1.70895,0.20,0.10
2008.04.15 12:39:47.429,1.7088,1.709,0.20,0.30
2008.04.15 12:39:47.667,1.7089,1.7092,0.20,2.10
2008.04.15 12:39:48.019,1.7089,1.7092,0.20,0.50
2008.04.15 12:39:48.319,1.7089,1.7091,0.20,0.30
2008.04.15 12:39:48.618,1.7089,1.70925,0.20,0.10
2008.04.15 12:39:48.918,1.7089,1.70925,0.20,0.10
2008.04.15 12:39:49.143,1.7089,1.70925,0.20,0.40
2008.04.15 12:39:49.378,1.7089,1.70925,0.20,0.40
2008.04.15 12:39:49.775,1.7089,1.70925,0.20,0.40
2008.04.15 12:39:50.342,1.7089,1.70925,0.20,0.40
2008.04.15 12:39:50.658,1.7086,1.7088,4.00,0.40
2008.04.15 12:39:50.873,1.7086,1.7088,0.20,0.30
2008.04.15 12:39:51.088,1.7086,1.709,0.20,0.10
2008.04.15 12:39:51.301,1.7086,1.709,0.20,0.10
2008.04.15 12:39:51.613,1.7086,1.70895,0.20,0.10
2008.04.15 12:39:51.827,1.7086,1.70905,0.20,0.10
2008.04.15 12:39:52.142,1.7086,1.70905,0.20,0.10
2008.04.15 12:39:52.458,1.7087,1.70905,0.10,0.10
2008.04.15 12:39:52.773,1.7087,1.7091,0.20,0.10
2008.04.15 12:39:53.008,1.7087,1.7091,0.20,0.10
2008.04.15 12:39:53.268,1.70865,1.7091,0.50,0.10
2008.04.15 12:39:53.491,1.70865,1.7091,0.50,0.10
2008.04.15 12:39:53.727,1.7086,1.7091,0.50,0.50
2008.04.15 12:39:54.006,1.7086,1.709,0.20,0.10
2008.04.15 12:39:54.287,1.70865,1.7091,0.30,0.60
2008.04.15 12:39:54.591,1.70865,1.70915,0.30,0.40
2008.04.15 12:39:54.868,1.7087,1.70915,0.20,0.40
2008.04.15 12:39:55.104,1.7087,1.70915,0.50,0.30
2008.04.15 12:39:55.340,1.7087,1.7091,0.20,0.10
2008.04.15 12:39:55.574,1.7087,1.709,0.50,0.10
2008.04.15 12:39:55.810,1.7087,1.709,0.50,0.10
2008.04.15 12:39:56.115,1.7087,1.70905,0.50,0.30
2008.04.15 12:39:56.437,1.7087,1.70905,0.50,0.30
2008.04.15 12:39:56.742,1.7086,1.70895,1.30,0.10
2008.04.15 12:39:56.987,1.7086,1.70895,1.10,0.30
2008.04.15 12:39:57.245,1.70855,1.70895,0.50,0.30
2008.04.15 12:39:57.489,1.70855,1.7088,0.50,0.40
2008.04.15 12:39:57.744,1.70855,1.7088,0.50,0.40
2008.04.15 12:39:58.015,1.70855,1.7087,0.50,0.30
2008.04.15 12:39:58.284,1.7084,1.7087,0.20,0.40
2008.04.15 12:39:58.554,1.7084,1.70875,0.20,0.10
2008.04.15 12:39:58.843,1.7084,1.7088,0.30,0.30
2008.04.15 12:39:59.124,1.7086,1.7088,0.20,0.30
2008.04.15 12:39:59.404,1.7085,1.7088,0.20,0.40
2008.04.15 12:39:59.683,1.7085,1.7088,0.20,0.40
2008.04.15 12:39:59.962,1.7085,1.7088,0.20,0.30
2008.04.15 12:40:00.257,1.7085,1.7089,0.20,0.10
2008.04.15 12:40:00.522,1.7086,1.7088,0.20,0.10
2008.04.15 12:40:00.787,1.7086,1.7088,0.20,0.10
2008.04.15 12:40:01.053,1.7085,1.70895,0.20,0.10
2008.04.15 12:40:01.337,1.7085,1.709,0.50,0.10
2008.04.15 12:40:01.601,1.7085,1.70895,0.70,0.10
2008.04.15 12:40:01.866,1.7086,1.7089,0.50,0.30
2008.04.15 12:40:02.146,1.7085,1.7089,1.30,0.40
2008.04.15 12:40:02.437,1.7085,1.7089,0.70,0.40
2008.04.15 12:40:02.717,1.7085,1.7089,0.70,0.10
2008.04.15 12:40:03.007,1.7085,1.7089,0.70,0.10
2008.04.15 12:40:03.297,1.7085,1.70875,0.60,0.10
2008.04.15 12:40:03.590,1.70855,1.7088,0.50,0.30
2008.04.15 12:40:03.880,1.70855,1.70885,0.50,0.10
2008.04.15 12:40:04.136,1.7086,1.70895,0.20,0.10
2008.04.15 12:40:04.461,1.7086,1.70895,0.20,0.10
2008.04.15 12:40:04.715,1.7086,1.709,1.10,0.10
2008.04.15 12:40:04.970,1.7086,1.709,1.10,0.40
2008.04.15 12:40:05.292,1.7085,1.709,1.00,0.40
2008.04.15 12:40:05.568,1.70855,1.7089,0.10,0.10
2008.04.15 12:40:05.884,1.70855,1.709,0.10,0.40
2008.04.15 12:40:06.153,1.7086,1.709,0.50,0.10
2008.04.15 12:40:06.423,1.7086,1.709,0.70,0.40
2008.04.15 12:40:06.701,1.7086,1.709,0.70,0.30
2008.04.15 12:40:06.972,1.7086,1.709,0.70,0.50
2008.04.15 12:40:07.240,1.70855,1.70885,0.50,0.10
2008.04.15 12:40:07.511,1.70855,1.7087,0.50,0.30
2008.04.15 12:40:07.806,1.7085,1.7087,0.30,0.30
2008.04.15 12:40:08.051,1.7086,1.7088,0.20,0.30
2008.04.15 12:40:08.341,1.7086,1.7089,0.20,0.40
2008.04.15 12:40:08.636,1.7086,1.7088,0.20,0.30
2008.04.15 12:40:08.927,1.7086,1.70885,0.20,0.10
2008.04.15 12:40:09.201,1.7086,1.70885,0.20,0.10
2008.04.15 12:40:09.475,1.7086,1.70885,0.20,0.10
2008.04.15 12:40:09.749,1.7086,1.70885,0.20,0.10
2008.04.15 12:40:10.044,1.7086,1.7089,0.90,0.30
2008.04.15 12:40:10.303,1.70865,1.7089,0.80,0.40
2008.04.15 12:40:10.670,1.70865,1.70885,0.80,0.10
2008.04.15 12:40:10.931,1.7085,1.70885,2.40,0.10
2008.04.15 12:40:11.204,1.7085,1.70885,2.40,0.10
2008.04.15 12:40:11.495,1.7086,1.7088,0.80,0.10
2008.04.15 12:40:11.809,1.7086,1.70865,0.80,0.10
2008.04.15 12:40:12.077,1.7086,1.7087,0.80,0.10
2008.04.15 12:40:12.469,1.7086,1.7087,0.80,0.10
2008.04.15 12:40:12.724,1.7086,1.7088,0.80,0.30
2008.04.15 12:40:12.980,1.70845,1.7088,0.80,0.60
2008.04.15 12:40:13.235,1.70845,1.7088,0.80,0.30
2008.04.15 12:40:13.549,1.7085,1.7088,0.20,0.30
2008.04.15 12:40:13.853,1.7085,1.70885,0.20,0.10
2008.04.15 12:40:14.158,1.70845,1.70885,0.80,0.40
2008.04.15 12:40:14.453,1.70845,1.70885,0.80,0.40
2008.04.15 12:40:14.685,1.70845,1.7088,0.80,0.40
2008.04.15 12:40:14.945,1.7084,1.7088,0.80,0.10
2008.04.15 12:40:15.205,1.7084,1.7088,0.10,0.10
2008.04.15 12:40:15.506,1.7084,1.7088,1.00,0.10
2008.04.15 12:40:15.781,1.7085,1.70895,0.80,0.40
2008.04.15 12:40:16.056,1.70855,1.709,0.30,0.30
2008.04.15 12:40:16.330,1.7086,1.709,0.80,0.30
2008.04.15 12:40:16.614,1.7086,1.709,0.80,0.30
2008.04.15 12:40:16.898,1.7086,1.7089,0.80,0.40
2008.04.15 12:40:17.183,1.7086,1.70885,0.80,0.10
2008.04.15 12:40:17.451,1.70845,1.70885,0.80,0.10
2008.04.15 12:40:17.710,1.70845,1.7088,0.80,0.10
2008.04.15 12:40:18.015,1.70845,1.7088,0.80,0.10
2008.04.15 12:40:18.275,1.7084,1.7088,1.60,0.30
2008.04.15 12:40:18.629,1.7084,1.7088,1.60,0.30
2008.04.15 12:40:18.885,1.7084,1.7088,0.80,0.30
2008.04.15 12:40:19.140,1.70835,1.70885,1.00,0.40
2008.04.15 12:40:19.443,1.7084,1.70885,1.60,0.40
2008.04.15 12:40:19.743,1.7084,1.7088,0.80,0.10
2008.04.15 12:40:20.166,1.7084,1.7088,0.80,0.10
2008.04.15 12:40:20.704,1.7084,1.7088,0.80,0.10
2008.04.15 12:40:20.941,1.7083,1.70875,2.60,0.10
2008.04.15 12:40:21.173,1.7083,1.70875,1.80,0.10
2008.04.15 12:40:21.966,1.7083,1.70875,1.80,0.10
2008.04.15 12:40:22.215,1.70835,1.7088,0.80,0.10
2008.04.15 12:40:22.485,1.70835,1.7088,0.80,0.40
2008.04.15 12:40:23.028,1.70835,1.7088,0.80,0.10
2008.04.15 12:40:23.297,1.70835,1.70875,0.80,0.10
2008.04.15 12:40:23.522,1.7084,1.70885,0.30,0.30
2008.04.15 12:40:23.746,1.7084,1.7088,0.20,0.10
2008.04.15 12:40:23.971,1.70835,1.7088,0.80,0.10
2008.04.15 12:40:24.212,1.70835,1.7088,0.80,0.10
2008.04.15 12:40:24.544,1.70835,1.7088,0.80,0.10
2008.04.15 12:40:24.854,1.70835,1.7087,0.80,0.10
2008.04.15 12:40:25.162,1.7082,1.7087,4.40,0.10
2008.04.15 12:40:25.472,1.70825,1.7087,0.10,0.10
2008.04.15 12:40:25.689,1.70825,1.70875,0.40,0.10
2008.04.15 12:40:25.905,1.70835,1.7088,0.30,0.60
2008.04.15 12:40:26.105,1.7084,1.70865,0.20,0.10
2008.04.15 12:40:26.309,1.7083,1.70865,0.20,0.40
2008.04.15 12:40:26.509,1.7083,1.70845,0.20,0.10
2008.04.15 12:40:26.875,1.70825,1.70845,0.80,0.10
2008.04.15 12:40:27.211,1.7081,1.70845,0.80,0.10
2008.04.15 12:40:27.545,1.7081,1.70845,0.80,0.40
2008.04.15 12:40:27.780,1.7082,1.70835,0.20,0.10
2008.04.15 12:40:28.015,1.7081,1.7084,0.20,0.30
2008.04.15 12:40:28.249,1.7081,1.7084,0.20,0.30
2008.04.15 12:40:28.501,1.7081,1.7083,0.20,0.30
2008.04.15 12:40:28.832,1.7082,1.7085,0.20,0.50
2008.04.15 12:40:29.161,1.7082,1.7085,0.20,0.50
2008.04.15 12:40:29.491,1.7082,1.7084,0.20,0.30
2008.04.15 12:40:29.733,1.708,1.70835,0.20,0.10
2008.04.15 12:40:29.974,1.708,1.7083,0.20,0.30
2008.04.15 12:40:30.215,1.708,1.7082,0.20,0.30
2008.04.15 12:40:30.480,1.70785,1.708,0.30,0.30
2008.04.15 12:40:30.797,1.7082,1.7084,0.20,0.10
2008.04.15 12:40:31.111,1.7082,1.7085,0.20,0.30
2008.04.15 12:40:31.427,1.7082,1.7084,0.20,0.30
2008.04.15 12:40:31.743,1.7082,1.7084,0.20,0.30
2008.04.15 12:40:32.036,1.7082,1.7084,0.20,0.30
2008.04.15 12:40:32.489,1.708,1.7083,1.20,0.30
2008.04.15 12:40:32.754,1.7081,1.70835,0.20,0.10
2008.04.15 12:40:33.019,1.7081,1.70835,0.20,0.10
2008.04.15 12:40:33.283,1.7081,1.7084,0.20,0.30
2008.04.15 12:40:33.548,1.7081,1.7084,0.20,0.30
2008.04.15 12:40:33.836,1.708,1.70835,0.30,0.10
2008.04.15 12:40:34.116,1.708,1.70815,0.20,0.10
2008.04.15 12:40:34.413,1.7079,1.70815,0.80,0.10
2008.04.15 12:40:34.690,1.7079,1.70795,1.60,0.10
2008.04.15 12:40:34.981,1.7077,1.708,0.80,0.10
2008.04.15 12:40:35.273,1.7077,1.7078,0.80,0.10
2008.04.15 12:40:35.564,1.7075,1.7078,1.60,0.10
2008.04.15 12:40:35.828,1.7075,1.7078,1.60,0.10
2008.04.15 12:40:36.174,1.7075,1.7078,1.60,0.10
2008.04.15 12:40:36.439,1.7075,1.70795,1.60,0.10
2008.04.15 12:40:36.702,1.7075,1.70795,0.10,0.10
2008.04.15 12:40:36.997,1.70755,1.70795,0.10,0.10
2008.04.15 12:40:37.292,1.70755,1.70795,0.10,0.10
2008.04.15 12:40:37.662,1.70755,1.70795,0.10,0.10
2008.04.15 12:40:38.222,1.70755,1.70795,0.10,0.10
2008.04.15 12:40:38.473,1.7076,1.70805,0.30,0.10
2008.04.15 12:40:38.722,1.70765,1.70805,0.10,0.10
2008.04.15 12:40:38.992,1.7076,1.70805,0.90,0.10
2008.04.15 12:40:39.289,1.7076,1.70805,1.00,0.10
2008.04.15 12:40:39.561,1.7077,1.70815,0.20,0.10
2008.04.15 12:40:39.832,1.7078,1.7082,0.20,0.50
2008.04.15 12:40:40.113,1.7078,1.70825,0.30,0.10
2008.04.15 12:40:40.413,1.7078,1.70825,0.30,0.10
2008.04.15 12:40:40.691,1.7078,1.7081,0.20,0.30
2008.04.15 12:40:40.969,1.7078,1.7081,0.20,0.30
2008.04.15 12:40:41.255,1.7077,1.70815,1.00,0.10
2008.04.15 12:40:41.541,1.7078,1.70805,0.20,0.10
2008.04.15 12:40:41.826,1.7078,1.70805,0.20,0.10
2008.04.15 12:40:42.085,1.708,1.70815,0.20,0.10
2008.04.15 12:40:42.345,1.708,1.70815,0.20,0.10
2008.04.15 12:40:42.632,1.7078,1.70815,1.00,0.10
2008.04.15 12:40:42.895,1.70785,1.70815,0.10,0.10
2008.04.15 12:40:43.175,1.7078,1.70815,1.00,0.10
2008.04.15 12:40:43.455,1.7078,1.70815,1.00,0.10
2008.04.15 12:40:43.736,1.7078,1.70815,0.30,0.10
2008.04.15 12:40:44.039,1.7078,1.70815,0.30,0.10
2008.04.15 12:40:44.306,1.7079,1.70825,0.30,0.10
2008.04.15 12:40:44.986,1.7079,1.70825,0.30,0.10
2008.04.15 12:40:45.240,1.7079,1.70825,1.00,0.10
2008.04.15 12:40:45.504,1.7079,1.70825,1.00,0.10
2008.04.15 12:40:45.758,1.7079,1.7082,0.30,0.10
2008.04.15 12:40:46.046,1.7079,1.7084,2.00,0.40
2008.04.15 12:40:46.306,1.7082,1.7084,0.20,0.40
2008.04.15 12:40:46.566,1.7079,1.70825,0.20,0.10
2008.04.15 12:40:46.948,1.7079,1.70825,0.20,0.10
2008.04.15 12:40:47.233,1.7081,1.7083,0.20,0.40
2008.04.15 12:40:47.522,1.7081,1.7083,0.20,0.40
2008.04.15 12:40:47.809,1.7079,1.7082,0.20,0.10
2008.04.15 12:40:48.046,1.7079,1.7083,0.30,0.30
2008.04.15 12:40:48.306,1.70795,1.70825,0.10,0.10
2008.04.15 12:40:48.544,1.708,1.7084,0.20,0.40
2008.04.15 12:40:48.780,1.708,1.70825,0.20,0.10
2008.04.15 12:40:49.016,1.7079,1.7082,0.20,0.10
2008.04.15 12:40:49.350,1.7078,1.7082,0.20,0.40
2008.04.15 12:40:49.686,1.7078,1.70815,0.20,0.10
2008.04.15 12:40:50.227,1.7078,1.70815,0.20,0.10
2008.04.15 12:40:50.464,1.7078,1.70815,0.90,0.10
2008.04.15 12:40:50.689,1.7078,1.70815,0.90,0.10
2008.04.15 12:40:50.914,1.7078,1.70815,0.20,0.10
2008.04.15 12:40:51.213,1.7078,1.70815,0.20,0.10
2008.04.15 12:40:51.512,1.7078,1.7082,0.20,0.30
2008.04.15 12:40:51.812,1.7079,1.7082,0.20,0.10
2008.04.15 12:40:52.247,1.7079,1.7082,0.20,0.10
2008.04.15 12:40:52.568,1.7079,1.7082,0.20,0.10
2008.04.15 12:40:52.959,1.7079,1.7082,0.20,0.10
2008.04.15 12:40:53.194,1.7079,1.70825,0.20,0.10
2008.04.15 12:40:53.499,1.7079,1.70825,0.20,0.10
2008.04.15 12:40:53.735,1.7079,1.70825,0.20,0.10
2008.04.15 12:40:54.187,1.7079,1.70825,0.20,0.10
2008.04.15 12:40:54.451,1.7079,1.70825,0.20,0.10
2008.04.15 12:40:54.950,1.7079,1.70835,0.20,0.40
2008.04.15 12:40:55.216,1.7079,1.70835,0.30,0.10
2008.04.15 12:40:55.523,1.708,1.70835,0.20,0.10
2008.04.15 12:40:55.784,1.708,1.7083,0.20,0.30
2008.04.15 12:40:56.069,1.708,1.70845,0.20,0.10
2008.04.15 12:40:56.354,1.7081,1.70845,0.20,0.10
2008.04.15 12:40:56.629,1.7081,1.7084,0.20,0.30
2008.04.15 12:40:56.903,1.7081,1.7084,0.20,0.30
2008.04.15 12:40:57.202,1.7081,1.7084,0.20,0.30
2008.04.15 12:40:57.493,1.7081,1.7084,0.20,0.30
2008.04.15 12:40:57.763,1.7082,1.7084,0.20,0.30
2008.04.15 12:40:58.034,1.7082,1.7084,0.20,0.30
2008.04.15 12:40:58.548,1.7082,1.7084,0.20,0.30
2008.04.15 12:40:58.839,1.7082,1.7084,0.20,0.30
2008.04.15 12:40:59.156,1.7081,1.7084,0.80,0.40
2008.04.15 12:40:59.494,1.7081,1.7083,0.80,0.10
2008.04.15 12:40:59.753,1.708,1.7083,0.20,0.10
2008.04.15 12:41:00.052,1.708,1.7084,0.20,0.40
2008.04.15 12:41:00.299,1.708,1.70845,0.90,0.10
2008.04.15 12:41:00.571,1.7081,1.7085,0.10,0.10
2008.04.15 12:41:00.840,1.7081,1.7085,0.80,0.10
2008.04.15 12:41:01.110,1.7081,1.7085,0.80,0.40
2008.04.15 12:41:01.447,1.7081,1.7085,0.80,0.40
2008.04.15 12:41:01.741,1.708,1.70845,2.60,0.10
2008.04.15 12:41:02.021,1.708,1.70845,2.60,0.10
2008.04.15 12:41:02.302,1.708,1.7084,1.00,0.10
2008.04.15 12:41:02.891,1.708,1.7084,1.00,0.10
2008.04.15 12:41:04.276,1.708,1.7084,1.00,0.10
2008.04.15 12:41:04.510,1.70805,1.7084,0.10,0.10
2008.04.15 12:41:04.783,1.70805,1.70845,0.10,0.10
2008.04.15 12:41:05.033,1.708,1.7084,2.60,0.10
2008.04.15 12:41:05.322,1.7081,1.7084,0.10,0.10
2008.04.15 12:41:05.609,1.7081,1.7085,0.10,0.10
2008.04.15 12:41:05.961,1.7081,1.7085,0.30,0.10
2008.04.15 12:41:06.246,1.7081,1.70855,0.20,0.10
2008.04.15 12:41:06.532,1.7081,1.70855,1.00,0.10
2008.04.15 12:41:06.787,1.7082,1.7086,0.20,0.40
2008.04.15 12:41:07.047,1.7082,1.7086,0.20,0.40
2008.04.15 12:41:07.937,1.7082,1.7086,0.20,0.40
2008.04.15 12:41:08.526,1.7082,1.7086,0.20,0.40
2008.04.15 12:41:09.993,1.7082,1.7086,0.20,0.40
2008.04.15 12:41:10.238,1.7082,1.7086,0.20,0.40
2008.04.15 12:41:10.483,1.7083,1.70865,0.20,0.10
2008.04.15 12:41:10.742,1.7083,1.7087,0.20,0.40
2008.04.15 12:41:11.209,1.7083,1.7087,0.20,0.40
2008.04.15 12:41:11.467,1.7083,1.7087,0.20,0.40
2008.04.15 12:41:11.697,1.7082,1.7086,0.80,0.10
2008.04.15 12:41:11.927,1.70815,1.7086,0.10,0.10
2008.04.15 12:41:12.192,1.70815,1.70855,0.10,0.10
2008.04.15 12:41:12.474,1.70815,1.70855,0.10,0.10
2008.04.15 12:41:12.809,1.70805,1.70845,0.10,0.10
2008.04.15 12:41:13.144,1.70805,1.7084,0.10,0.10
2008.04.15 12:41:13.479,1.70805,1.70845,0.10,0.10
2008.04.15 12:41:13.793,1.70805,1.7084,0.10,0.10
2008.04.15 12:41:14.026,1.70805,1.7084,0.10,0.10
2008.04.15 12:41:14.420,1.70805,1.7084,0.10,0.10
2008.04.15 12:41:14.695,1.708,1.70835,0.80,0.10
2008.04.15 12:41:14.969,1.708,1.70835,0.80,0.10
2008.04.15 12:41:15.244,1.7079,1.7083,1.00,0.10
2008.04.15 12:41:15.518,1.7079,1.7083,1.40,0.10
2008.04.15 12:41:15.986,1.7079,1.7083,1.40,0.10
2008.04.15 12:41:16.280,1.7079,1.7083,1.00,0.10
2008.04.15 12:41:17.125,1.7079,1.7083,1.00,0.10
2008.04.15 12:41:17.676,1.7079,1.7083,1.00,0.10
2008.04.15 12:41:17.930,1.70795,1.70835,0.10,0.10
2008.04.15 12:41:18.499,1.70795,1.70835,0.10,0.10
2008.04.15 12:41:18.748,1.708,1.7084,0.80,0.10
2008.04.15 12:41:19.245,1.708,1.7084,1.00,0.10
2008.04.15 12:41:19.505,1.708,1.70845,1.00,0.10
2008.04.15 12:41:20.245,1.70805,1.70845,0.10,0.10
2008.04.15 12:41:20.751,1.70805,1.7085,0.10,0.10
2008.04.15 12:41:21.075,1.70805,1.70855,0.40,0.10
2008.04.15 12:41:21.330,1.70815,1.70855,0.10,0.10
2008.04.15 12:41:21.585,1.708,1.70845,1.00,0.10
2008.04.15 12:41:21.839,1.7081,1.70845,0.80,0.10
2008.04.15 12:41:22.185,1.7081,1.70845,0.80,0.10
2008.04.15 12:41:22.435,1.708,1.70845,1.00,0.10
2008.04.15 12:41:22.685,1.708,1.7084,1.00,0.10
2008.04.15 12:41:23.198,1.708,1.7084,1.00,0.10
2008.04.15 12:41:23.461,1.708,1.7084,0.90,0.10
2008.04.15 12:41:23.942,1.708,1.7084,0.90,0.10
2008.04.15 12:41:24.186,1.708,1.70845,1.00,0.10
2008.04.15 12:41:24.470,1.708,1.70845,1.00,0.10
2008.04.15 12:41:24.715,1.708,1.70845,0.90,0.10
2008.04.15 12:41:24.975,1.708,1.70845,0.90,0.10
2008.04.15 12:41:25.697,1.708,1.70845,0.30,0.10
2008.04.15 12:41:25.959,1.708,1.70845,0.20,0.40
2008.04.15 12:41:26.197,1.708,1.70845,1.00,0.10
2008.04.15 12:41:26.474,1.708,1.70845,1.00,0.10
2008.04.15 12:41:27.195,1.7081,1.70845,0.10,0.10
2008.04.15 12:41:27.455,1.7081,1.70845,0.10,0.10
2008.04.15 12:41:27.725,1.7081,1.70845,0.10,0.10
2008.04.15 12:41:28.018,1.708,1.70845,1.00,0.10
2008.04.15 12:41:28.288,1.7081,1.7085,0.30,0.10
2008.04.15 12:41:28.922,1.7081,1.70855,0.30,0.10
2008.04.15 12:41:29.186,1.7081,1.7085,0.30,0.10
2008.04.15 12:41:29.450,1.7081,1.70855,0.30,0.10
2008.04.15 12:41:29.763,1.70815,1.70855,0.10,0.10
2008.04.15 12:41:30.027,1.7082,1.70855,0.20,0.10
2008.04.15 12:41:30.286,1.7082,1.7086,0.20,0.40
2008.04.15 12:41:30.735,1.7082,1.7086,0.20,0.30
2008.04.15 12:41:30.996,1.7083,1.70865,0.20,0.10
2008.04.15 12:41:31.236,1.7083,1.7085,0.20,0.30
2008.04.15 12:41:31.477,1.7083,1.7085,0.20,0.30
2008.04.15 12:41:31.721,1.7083,1.70865,0.20,0.10
2008.04.15 12:41:31.964,1.7083,1.70865,0.20,0.10
2008.04.15 12:41:32.206,1.7083,1.7087,0.20,0.40
2008.04.15 12:41:32.641,1.7083,1.7087,0.20,0.40
2008.04.15 12:41:32.942,1.7083,1.70865,0.20,0.10
2008.04.15 12:41:33.242,1.7083,1.7086,0.20,0.10
2008.04.15 12:41:33.472,1.7083,1.70865,0.20,0.10
2008.04.15 12:41:33.703,1.7083,1.70865,0.20,0.10
2008.04.15 12:41:33.968,1.7083,1.7086,0.20,0.10
2008.04.15 12:41:34.201,1.7083,1.7086,0.20,0.10
2008.04.15 12:41:35.435,1.7083,1.7086,0.20,0.10
2008.04.15 12:41:37.959,1.7083,1.7086,0.20,0.10
2008.04.15 12:41:38.218,1.7083,1.70865,0.20,0.10
2008.04.15 12:41:38.443,1.7083,1.70865,0.20,0.10
2008.04.15 12:41:38.971,1.7083,1.70865,0.20,0.10
2008.04.15 12:41:39.229,1.7083,1.70865,0.20,0.10
2008.04.15 12:41:39.493,1.7083,1.70865,0.20,0.10
2008.04.15 12:41:39.779,1.7083,1.7087,0.20,0.30
2008.04.15 12:41:40.047,1.7083,1.70865,0.20,0.10
2008.04.15 12:41:40.310,1.7083,1.70865,0.20,0.10
2008.04.15 12:41:41.189,1.7083,1.7087,0.20,0.60
2008.04.15 12:41:41.464,1.7083,1.7087,0.20,0.60
2008.04.15 12:41:41.685,1.7084,1.70885,0.20,0.40
2008.04.15 12:41:41.967,1.7084,1.7088,0.20,0.30
2008.04.15 12:41:42.186,1.7083,1.7087,0.10,0.10
2008.04.15 12:41:42.490,1.70825,1.7087,0.10,0.10
2008.04.15 12:41:43.157,1.70825,1.7087,0.10,0.10
2008.04.15 12:41:43.470,1.70825,1.7087,0.10,0.10
2008.04.15 12:41:43.728,1.70825,1.70865,0.10,0.10
2008.04.15 12:41:44.192,1.70825,1.70865,0.10,0.10
2008.04.15 12:41:44.477,1.70825,1.70875,0.40,0.10
2008.04.15 12:41:44.714,1.7083,1.70875,0.80,0.10
2008.04.15 12:41:44.975,1.70825,1.7087,0.10,0.10
2008.04.15 12:41:45.282,1.70825,1.7087,0.10,0.10
2008.04.15 12:41:46.146,1.70825,1.7087,0.10,0.10
2008.04.15 12:41:46.405,1.7082,1.7087,1.20,0.10
2008.04.15 12:41:46.959,1.7082,1.7087,1.20,0.10
2008.04.15 12:41:47.205,1.7083,1.70855,0.20,0.40
2008.04.15 12:41:47.451,1.7083,1.70845,0.20,0.10
2008.04.15 12:41:47.711,1.7081,1.7085,0.90,0.10
2008.04.15 12:41:47.972,1.7081,1.7085,0.20,0.10
2008.04.15 12:41:48.245,1.7082,1.70845,0.20,0.10
2008.04.15 12:41:48.505,1.7082,1.7085,0.20,0.40
2008.04.15 12:41:48.800,1.7083,1.7085,0.20,0.30
2008.04.15 12:41:49.095,1.7084,1.70855,0.20,0.10
2008.04.15 12:41:49.391,1.7082,1.70855,0.20,0.10
2008.04.15 12:41:49.659,1.7083,1.70855,0.20,0.10
2008.04.15 12:41:49.924,1.7084,1.70855,0.20,0.10
2008.04.15 12:41:50.163,1.7084,1.7086,0.20,0.30
2008.04.15 12:41:50.534,1.7084,1.7086,0.20,0.40
2008.04.15 12:41:50.830,1.7082,1.7086,0.20,0.40
2008.04.15 12:41:51.123,1.7082,1.7086,0.30,0.40
2008.04.15 12:41:51.482,1.7082,1.7086,0.30,0.40
2008.04.15 12:41:51.713,1.7082,1.7085,0.20,0.10
2008.04.15 12:41:51.965,1.7082,1.7085,0.20,0.10
2008.04.15 12:41:52.224,1.7082,1.70855,0.20,0.10
2008.04.15 12:41:52.462,1.7083,1.70855,0.20,0.10
2008.04.15 12:41:53.222,1.7083,1.70855,0.20,0.10
2008.04.15 12:41:53.517,1.7083,1.7086,0.20,0.10
2008.04.15 12:41:53.752,1.7083,1.7086,0.20,0.10
2008.04.15 12:41:54.184,1.7083,1.7086,0.20,0.10
2008.04.15 12:41:54.426,1.7084,1.7087,0.20,0.10
2008.04.15 12:41:54.707,1.7084,1.70865,0.20,0.10
2008.04.15 12:41:54.992,1.7084,1.70865,0.20,0.10
2008.04.15 12:41:55.277,1.7084,1.7086,0.20,0.10
2008.04.15 12:41:55.560,1.7084,1.7086,0.20,0.10
2008.04.15 12:41:55.793,1.7084,1.7086,0.20,0.10
2008.04.15 12:41:56.686,1.7084,1.7086,0.20,0.10
2008.04.15 12:41:56.939,1.7084,1.70865,0.20,0.10
2008.04.15 12:41:57.696,1.7084,1.70865,0.20,0.10
2008.04.15 12:41:57.971,1.7084,1.70865,0.20,0.10
2008.04.15 12:41:58.246,1.7084,1.7087,0.20,0.10
2008.04.15 12:41:58.718,1.7084,1.7087,0.20,0.10
2008.04.15 12:41:58.993,1.7084,1.7087,0.20,0.10
2008.04.15 12:41:59.347,1.7084,1.7087,0.20,0.10
2008.04.15 12:41:59.641,1.7084,1.7087,0.20,0.10
2008.04.15 12:42:00.054,1.7084,1.7087,0.20,0.10
2008.04.15 12:42:00.440,1.7084,1.70875,0.20,0.10
2008.04.15 12:42:01.092,1.7084,1.70875,0.20,0.10
2008.04.15 12:42:01.488,1.7084,1.7087,0.20,0.30
2008.04.15 12:42:01.757,1.7085,1.7089,0.20,0.30
2008.04.15 12:42:01.986,1.7085,1.7089,0.20,0.30
2008.04.15 12:42:02.217,1.7085,1.70885,0.20,0.10
2008.04.15 12:42:02.445,1.7085,1.70885,0.20,0.10
2008.04.15 12:42:03.104,1.7085,1.70875,0.20,0.10
2008.04.15 12:42:03.416,1.7086,1.7088,0.20,0.40
2008.04.15 12:42:03.742,1.7085,1.7087,0.20,0.30
2008.04.15 12:42:04.001,1.7085,1.7087,0.20,0.30
2008.04.15 12:42:04.221,1.7085,1.70885,0.90,0.10
2008.04.15 12:42:04.476,1.7085,1.70885,0.20,0.10
2008.04.15 12:42:04.697,1.7085,1.7087,0.20,0.30
2008.04.15 12:42:05.122,1.7085,1.7087,0.20,0.30
2008.04.15 12:42:05.458,1.7085,1.7087,0.20,0.30
2008.04.15 12:42:05.816,1.7085,1.7087,0.20,0.30
2008.04.15 12:42:06.056,1.7085,1.7087,0.20,0.30
2008.04.15 12:42:06.295,1.7085,1.70885,0.20,0.10
2008.04.15 12:42:06.589,1.7085,1.70875,0.20,0.10
2008.04.15 12:42:06.829,1.7083,1.7087,2.60,0.30
2008.04.15 12:42:07.119,1.7083,1.7087,1.80,0.40
2008.04.15 12:42:07.408,1.7083,1.7087,1.00,0.40
2008.04.15 12:42:07.697,1.7083,1.7087,0.30,0.30
2008.04.15 12:42:08.274,1.7083,1.7087,0.30,0.40
2008.04.15 12:42:08.573,1.7082,1.7086,0.80,0.40
2008.04.15 12:42:08.824,1.7081,1.7084,0.30,0.30
2008.04.15 12:42:09.063,1.7081,1.7084,0.20,0.30
2008.04.15 12:42:09.303,1.7081,1.7085,0.20,0.40
2008.04.15 12:42:09.543,1.7081,1.70835,0.20,0.10
2008.04.15 12:42:09.809,1.7081,1.7083,0.20,0.30
2008.04.15 12:42:10.084,1.7081,1.7083,0.20,0.30
2008.04.15 12:42:10.384,1.7081,1.7083,0.20,0.30
2008.04.15 12:42:10.683,1.7082,1.7084,0.20,0.30
2008.04.15 12:42:10.963,1.7082,1.7084,0.20,0.30
2008.04.15 12:42:11.219,1.7082,1.7084,0.20,0.30
2008.04.15 12:42:11.475,1.7083,1.70855,0.20,0.10
2008.04.15 12:42:11.738,1.7083,1.7086,0.20,0.40
2008.04.15 12:42:12.007,1.7083,1.7086,0.20,0.40
2008.04.15 12:42:12.277,1.7083,1.7086,0.60,0.30
2008.04.15 12:42:12.549,1.7085,1.7087,0.20,0.30
2008.04.15 12:42:12.840,1.7084,1.7087,0.10,0.30
2008.04.15 12:42:13.126,1.7084,1.7088,1.00,0.40
2008.04.15 12:42:13.411,1.7085,1.7089,0.80,0.10
2008.04.15 12:42:13.698,1.7086,1.7091,1.10,0.40
2008.04.15 12:42:13.966,1.70865,1.7091,0.10,0.10
2008.04.15 12:42:14.252,1.70865,1.70915,0.40,0.10
2008.04.15 12:42:14.524,1.7087,1.7092,1.00,0.50
2008.04.15 12:42:14.793,1.7087,1.7091,0.80,0.10
2008.04.15 12:42:15.126,1.7087,1.7091,0.80,0.10
2008.04.15 12:42:15.379,1.7087,1.70915,0.80,0.10
2008.04.15 12:42:15.635,1.7087,1.7091,0.80,0.10
2008.04.15 12:42:15.889,1.7086,1.7091,2.70,0.10
2008.04.15 12:42:16.168,1.7086,1.7091,2.70,0.10
2008.04.15 12:42:16.484,1.70865,1.70905,0.10,0.10
2008.04.15 12:42:16.764,1.7087,1.70915,0.20,0.10
2008.04.15 12:42:17.058,1.7087,1.7091,0.20,0.10
2008.04.15 12:42:17.354,1.7087,1.709,0.20,0.10
2008.04.15 12:42:17.655,1.7087,1.70905,0.20,0.10
2008.04.15 12:42:17.950,1.7087,1.70905,0.90,0.10
2008.04.15 12:42:18.453,1.7087,1.70905,0.20,0.10
2008.04.15 12:42:18.717,1.7087,1.709,0.20,0.10
2008.04.15 12:42:18.981,1.7087,1.709,0.20,0.10
2008.04.15 12:42:19.260,1.7087,1.70905,0.90,0.10
2008.04.15 12:42:19.744,1.7087,1.70905,0.90,0.10
2008.04.15 12:42:20.024,1.7087,1.70905,0.20,0.10
2008.04.15 12:42:20.294,1.7087,1.70905,0.20,0.10
2008.04.15 12:42:20.695,1.7087,1.70905,0.20,0.10
2008.04.15 12:42:21.718,1.7087,1.70905,0.20,0.10
2008.04.15 12:42:21.960,1.7087,1.709,0.20,0.30
2008.04.15 12:42:22.234,1.7087,1.70895,0.20,0.10
2008.04.15 12:42:23.189,1.7087,1.70895,0.20,0.10
2008.04.15 12:42:23.492,1.7088,1.709,0.20,0.30
2008.04.15 12:42:23.784,1.7086,1.7089,0.80,0.10
2008.04.15 12:42:24.056,1.7086,1.70885,0.80,0.10
2008.04.15 12:42:24.299,1.7086,1.70885,0.80,0.10
2008.04.15 12:42:24.594,1.7086,1.70885,0.80,0.10
2008.04.15 12:42:24.841,1.7086,1.70895,0.80,0.10
2008.04.15 12:42:25.086,1.7086,1.70885,0.80,0.10
2008.04.15 12:42:25.367,1.7085,1.70885,0.80,0.10
2008.04.15 12:42:25.646,1.7085,1.70875,0.80,0.10
2008.04.15 12:42:25.945,1.7085,1.70875,0.80,0.10
2008.04.15 12:42:26.262,1.7085,1.70875,0.80,0.10
2008.04.15 12:42:26.536,1.70845,1.7088,0.10,0.40
2008.04.15 12:42:26.811,1.7086,1.7088,0.80,0.40
2008.04.15 12:42:27.086,1.7086,1.70875,0.80,0.10
2008.04.15 12:42:27.345,1.7086,1.70875,0.80,0.10
2008.04.15 12:42:27.699,1.7085,1.7087,0.80,0.10
2008.04.15 12:42:27.953,1.7085,1.7087,0.80,0.10
2008.04.15 12:42:28.209,1.7085,1.7087,0.80,0.10
2008.04.15 12:42:28.448,1.7084,1.7087,0.20,0.10
2008.04.15 12:42:28.697,1.7084,1.7087,0.20,0.10
2008.04.15 12:42:28.963,1.70835,1.7087,0.10,0.40
2008.04.15 12:42:29.259,1.7084,1.70875,0.10,0.10
2008.04.15 12:42:29.553,1.7084,1.70875,0.10,0.10
2008.04.15 12:42:29.847,1.7084,1.7088,0.10,0.10
2008.04.15 12:42:30.408,1.7084,1.7088,0.10,0.10
2008.04.15 12:42:30.817,1.70835,1.7088,0.10,0.10
2008.04.15 12:42:31.076,1.7085,1.7088,0.80,0.10
2008.04.15 12:42:31.350,1.7084,1.7088,0.10,0.10
2008.04.15 12:42:31.624,1.7084,1.70885,1.00,0.10
2008.04.15 12:42:32.187,1.70845,1.70885,0.10,0.10
2008.04.15 12:42:32.427,1.70845,1.70885,0.10,0.10
2008.04.15 12:42:32.742,1.70845,1.70885,0.10,0.10
2008.04.15 12:42:32.988,1.7086,1.70885,0.20,0.10
2008.04.15 12:42:33.305,1.70845,1.70885,0.10,0.10
2008.04.15 12:42:33.588,1.70845,1.70885,0.10,0.10
2008.04.15 12:42:33.861,1.7086,1.70885,0.20,0.10
2008.04.15 12:42:34.164,1.7085,1.70885,0.80,0.10
2008.04.15 12:42:34.438,1.70845,1.70885,0.10,0.10
2008.04.15 12:42:34.769,1.70845,1.70885,0.10,0.10
2008.04.15 12:42:35.229,1.70845,1.70885,0.10,0.10
2008.04.15 12:42:35.494,1.7085,1.7089,2.40,0.10
2008.04.15 12:42:35.761,1.7085,1.70875,1.00,0.10
2008.04.15 12:42:36.027,1.7085,1.70875,0.30,0.10
2008.04.15 12:42:36.319,1.7085,1.70875,0.30,0.10
2008.04.15 12:42:36.662,1.7085,1.70875,0.30,0.10
2008.04.15 12:42:36.939,1.7086,1.70885,0.80,0.10
2008.04.15 12:42:37.239,1.7086,1.70895,0.80,0.10
2008.04.15 12:42:37.500,1.7088,1.70905,0.20,0.10
2008.04.15 12:42:37.759,1.7087,1.70905,0.80,0.10
2008.04.15 12:42:38.019,1.7086,1.70905,1.00,0.10
2008.04.15 12:42:38.280,1.7086,1.709,1.00,0.10
2008.04.15 12:42:38.570,1.7086,1.70895,0.80,0.10
2008.04.15 12:42:38.962,1.7086,1.70895,0.80,0.10
2008.04.15 12:42:39.736,1.7086,1.70895,0.80,0.10
2008.04.15 12:42:39.995,1.7086,1.70895,0.10,0.10
2008.04.15 12:42:40.276,1.7086,1.70895,0.10,0.10
2008.04.15 12:42:40.560,1.70855,1.7089,0.10,0.10
2008.04.15 12:42:40.965,1.70855,1.7089,0.10,0.10
2008.04.15 12:42:41.223,1.70855,1.70895,0.10,0.10
2008.04.15 12:42:41.705,1.70855,1.70895,0.10,0.10
2008.04.15 12:42:41.970,1.7086,1.70905,0.10,0.10
2008.04.15 12:42:42.271,1.7087,1.70905,0.20,0.10
2008.04.15 12:42:42.508,1.7087,1.70895,0.20,0.10
2008.04.15 12:42:42.797,1.7086,1.70895,1.00,0.10
2008.04.15 12:42:43.038,1.7087,1.70895,0.20,0.10
2008.04.15 12:42:43.414,1.7087,1.70895,0.20,0.10
2008.04.15 12:42:43.679,1.7088,1.709,0.20,0.40
2008.04.15 12:42:43.944,1.7086,1.709,1.00,0.40
2008.04.15 12:42:44.210,1.7087,1.709,0.20,0.10
2008.04.15 12:42:44.475,1.7087,1.7091,0.30,0.40
2008.04.15 12:42:45.105,1.70875,1.7091,0.10,0.40
2008.04.15 12:42:45.370,1.7088,1.7091,0.20,0.10
2008.04.15 12:42:45.580,1.7088,1.7091,0.20,0.10
2008.04.15 12:42:45.824,1.7088,1.7091,0.20,0.10
2008.04.15 12:42:46.034,1.7088,1.7091,0.20,0.10
2008.04.15 12:42:46.287,1.7088,1.7091,0.20,0.10
2008.04.15 12:42:46.498,1.7089,1.7091,0.20,0.10
2008.04.15 12:42:46.788,1.70875,1.70905,0.10,0.10
2008.04.15 12:42:47.077,1.70875,1.70905,0.10,0.10
2008.04.15 12:42:47.387,1.70875,1.70905,0.10,0.10
2008.04.15 12:42:47.726,1.7087,1.70905,1.00,0.10
2008.04.15 12:42:48.011,1.7089,1.70905,0.20,0.10
2008.04.15 12:42:48.245,1.7086,1.70895,2.60,0.10
2008.04.15 12:42:48.505,1.7086,1.709,2.60,0.40
2008.04.15 12:42:48.790,1.7086,1.709,2.60,0.40
2008.04.15 12:42:49.137,1.70865,1.709,0.10,0.40
2008.04.15 12:42:49.938,1.70865,1.709,0.10,0.40
2008.04.15 12:42:50.203,1.70865,1.709,0.10,0.40
2008.04.15 12:42:50.458,1.7087,1.709,0.90,0.10
2008.04.15 12:42:51.151,1.7087,1.70905,0.90,0.10
2008.04.15 12:42:51.425,1.7087,1.70905,0.20,0.10
2008.04.15 12:42:51.663,1.7087,1.709,0.20,0.10
2008.04.15 12:42:52.019,1.7087,1.709,0.20,0.10
2008.04.15 12:42:52.304,1.7087,1.70905,0.90,0.10
2008.04.15 12:42:52.589,1.7087,1.70905,0.90,0.10
2008.04.15 12:42:52.829,1.7087,1.709,0.20,0.10
2008.04.15 12:42:53.069,1.7087,1.709,0.90,0.10
2008.04.15 12:42:53.309,1.7087,1.70905,0.90,0.10
2008.04.15 12:42:53.734,1.7087,1.70905,0.90,0.10
2008.04.15 12:42:54.185,1.7087,1.70905,0.90,0.10
2008.04.15 12:42:54.745,1.7087,1.70905,0.90,0.10
2008.04.15 12:42:55.781,1.7087,1.70905,0.90,0.10
2008.04.15 12:42:56.040,1.7087,1.70905,1.00,0.10
2008.04.15 12:42:56.274,1.7087,1.70905,1.00,0.10
2008.04.15 12:42:57.493,1.7087,1.70905,1.00,0.10
2008.04.15 12:42:58.500,1.7087,1.70905,1.00,0.10
2008.04.15 12:42:59.917,1.7087,1.7091,1.00,0.40
2008.04.15 12:43:00.109,1.7087,1.7091,1.00,0.40
2008.04.15 12:43:00.289,1.70875,1.7091,0.10,0.40
2008.04.15 12:43:00.527,1.70875,1.7091,0.10,0.40
2008.04.15 12:43:01.180,1.70875,1.7091,0.10,0.40
2008.04.15 12:43:01.498,1.70875,1.7091,0.10,0.40
2008.04.15 12:43:01.837,1.70875,1.7091,0.10,0.40
2008.04.15 12:43:03.474,1.70875,1.7091,0.10,0.40
2008.04.15 12:43:03.764,1.70875,1.709,0.10,0.30
2008.04.15 12:43:03.992,1.7087,1.709,1.00,0.10
2008.04.15 12:43:04.223,1.7087,1.709,0.30,0.10
2008.04.15 12:43:04.479,1.7087,1.70905,0.30,0.10
2008.04.15 12:43:04.706,1.7087,1.709,0.20,0.10
2008.04.15 12:43:05.003,1.70875,1.709,0.10,0.10
2008.04.15 12:43:05.298,1.70875,1.709,0.10,0.10
2008.04.15 12:43:05.594,1.7087,1.709,0.30,0.10
2008.04.15 12:43:05.842,1.7087,1.709,1.00,0.10
2008.04.15 12:43:06.067,1.7087,1.709,0.30,0.10
2008.04.15 12:43:06.292,1.7087,1.709,0.20,0.10
2008.04.15 12:43:06.519,1.70865,1.709,0.10,0.40
2008.04.15 12:43:06.744,1.70865,1.70895,0.10,0.10
2008.04.15 12:43:07.063,1.70865,1.709,0.10,0.40
2008.04.15 12:43:07.384,1.7087,1.709,1.00,0.10
2008.04.15 12:43:07.704,1.70875,1.7091,0.10,0.40
2008.04.15 12:43:07.980,1.70875,1.7091,0.10,0.40
2008.04.15 12:43:08.506,1.70875,1.7091,0.10,0.40
2008.04.15 12:43:08.804,1.70875,1.7091,0.10,0.40
2008.04.15 12:43:09.266,1.70875,1.7091,0.10,0.40
2008.04.15 12:43:09.543,1.70875,1.70905,0.10,0.10
2008.04.15 12:43:09.963,1.70875,1.70905,0.10,0.10
2008.04.15 12:43:10.928,1.70875,1.70905,0.10,0.10
2008.04.15 12:43:11.282,1.70875,1.70905,0.10,0.10
2008.04.15 12:43:11.521,1.7087,1.70905,0.30,0.10
2008.04.15 12:43:13.174,1.7087,1.70905,0.30,0.10
2008.04.15 12:43:13.420,1.70875,1.7091,0.10,0.40
2008.04.15 12:43:13.736,1.7087,1.7091,0.30,0.40
2008.04.15 12:43:14.017,1.7087,1.70905,0.30,0.10
2008.04.15 12:43:14.297,1.7087,1.70905,0.30,0.10
2008.04.15 12:43:14.686,1.7087,1.70905,0.30,0.10
2008.04.15 12:43:15.029,1.7087,1.70905,0.30,0.10
2008.04.15 12:43:15.599,1.7087,1.709,0.30,0.10
2008.04.15 12:43:16.439,1.7087,1.709,0.30,0.10
2008.04.15 12:43:16.732,1.7087,1.7089,0.30,0.10
2008.04.15 12:43:17.008,1.7086,1.7089,0.30,0.10
2008.04.15 12:43:17.231,1.7086,1.7089,0.30,0.10
2008.04.15 12:43:17.555,1.7086,1.7089,0.30,0.10
2008.04.15 12:43:17.780,1.7087,1.70895,0.20,0.10
2008.04.15 12:43:18.097,1.7086,1.7089,0.10,0.10
2008.04.15 12:43:18.415,1.7089,1.7091,0.20,0.10
2008.04.15 12:43:18.731,1.7089,1.70915,0.20,0.40
2008.04.15 12:43:19.069,1.7089,1.7091,0.20,0.30
2008.04.15 12:43:19.318,1.7089,1.7091,0.20,0.40
2008.04.15 12:43:19.561,1.7089,1.7091,0.20,0.10
2008.04.15 12:43:20.221,1.7089,1.7092,0.20,1.10
2008.04.15 12:43:20.483,1.7089,1.7092,0.80,0.40
2008.04.15 12:43:20.751,1.7089,1.7092,0.90,0.10
2008.04.15 12:43:21.225,1.7089,1.7092,1.00,0.10
2008.04.15 12:43:21.489,1.7089,1.70925,1.00,0.10
2008.04.15 12:43:21.745,1.7089,1.70925,1.00,0.10
2008.04.15 12:43:22.006,1.70895,1.70925,0.10,0.10
2008.04.15 12:43:22.325,1.709,1.70925,0.20,0.10
2008.04.15 12:43:22.620,1.709,1.7093,0.20,0.10
2008.04.15 12:43:22.918,1.709,1.7092,0.20,0.40
2008.04.15 12:43:23.477,1.709,1.7091,0.20,0.10
2008.04.15 12:43:23.717,1.7089,1.7091,0.20,0.40
2008.04.15 12:43:23.957,1.7089,1.7091,0.20,0.10
2008.04.15 12:43:24.232,1.7089,1.7091,0.90,0.30
2008.04.15 12:43:24.507,1.709,1.70925,0.20,0.10
2008.04.15 12:43:24.782,1.709,1.7092,0.20,0.10
2008.04.15 12:43:25.057,1.7089,1.7092,0.20,0.10
2008.04.15 12:43:25.331,1.7089,1.70925,1.70,0.10
2008.04.15 12:43:25.592,1.7091,1.70925,0.20,0.10
2008.04.15 12:43:25.852,1.7091,1.7093,0.20,0.30
2008.04.15 12:43:26.113,1.7091,1.7093,0.20,0.30
2008.04.15 12:43:26.405,1.7089,1.70925,0.20,0.10
2008.04.15 12:43:26.715,1.7089,1.7092,0.20,0.10
2008.04.15 12:43:27.005,1.709,1.7092,0.20,0.10
2008.04.15 12:43:27.354,1.7089,1.7092,0.30,0.10
2008.04.15 12:43:27.604,1.7089,1.7092,0.90,0.10
2008.04.15 12:43:27.854,1.7089,1.7092,0.90,0.10
2008.04.15 12:43:28.208,1.7089,1.7092,1.00,0.10
2008.04.15 12:43:28.766,1.7089,1.7092,1.00,0.10
2008.04.15 12:43:29.042,1.709,1.7092,0.20,0.10
2008.04.15 12:43:29.316,1.709,1.7093,0.20,0.40
2008.04.15 12:43:29.581,1.709,1.7093,0.90,0.10
2008.04.15 12:43:29.987,1.709,1.7093,0.90,0.10
2008.04.15 12:43:30.256,1.709,1.70925,0.90,0.10
2008.04.15 12:43:30.810,1.709,1.70925,0.90,0.10
2008.04.15 12:43:31.079,1.7091,1.70925,0.20,0.10
2008.04.15 12:43:31.334,1.70895,1.70925,0.10,0.10
2008.04.15 12:43:31.588,1.7089,1.70925,0.30,0.10
2008.04.15 12:43:32.334,1.7089,1.70925,0.30,0.10
2008.04.15 12:43:32.623,1.7089,1.70925,1.00,0.10
2008.04.15 12:43:32.913,1.7089,1.70925,1.00,0.10
2008.04.15 12:43:33.203,1.709,1.7093,0.90,0.10
2008.04.15 12:43:33.701,1.709,1.70935,0.90,0.10
2008.04.15 12:43:34.462,1.709,1.70935,0.90,0.10
2008.04.15 12:43:37.327,1.709,1.7093,1.00,0.10
2008.04.15 12:43:38.117,1.709,1.7093,1.00,0.10
2008.04.15 12:43:38.380,1.7091,1.7094,0.80,0.30
2008.04.15 12:43:38.620,1.7091,1.7094,0.20,0.10
2008.04.15 12:43:38.895,1.7091,1.7094,1.00,0.10
2008.04.15 12:43:39.141,1.709,1.7093,0.90,0.10
2008.04.15 12:43:39.401,1.709,1.7093,2.60,0.10
2008.04.15 12:43:39.672,1.709,1.7093,2.60,0.10
2008.04.15 12:43:40.106,1.709,1.7093,2.60,0.10
2008.04.15 12:43:41.177,1.709,1.7093,2.60,0.10
2008.04.15 12:43:41.411,1.709,1.7094,2.60,0.40
2008.04.15 12:43:41.759,1.70905,1.7094,0.10,0.40
2008.04.15 12:43:42.770,1.70905,1.7094,0.10,0.40
2008.04.15 12:43:43.043,1.7091,1.7094,0.10,0.10
2008.04.15 12:43:43.313,1.70905,1.7094,0.10,0.10
2008.04.15 12:43:43.590,1.70915,1.7095,0.10,0.10
2008.04.15 12:43:43.865,1.7091,1.70945,0.30,0.10
2008.04.15 12:43:44.140,1.7091,1.7095,0.30,0.10
2008.04.15 12:43:44.414,1.7091,1.7095,0.10,0.10
2008.04.15 12:43:44.670,1.7091,1.70945,1.00,0.10
2008.04.15 12:43:44.922,1.70915,1.70955,0.10,0.10
2008.04.15 12:43:45.711,1.70915,1.70955,0.10,0.10
2008.04.15 12:43:45.980,1.7092,1.70955,1.60,0.10
2008.04.15 12:43:46.254,1.70925,1.7096,0.10,0.10
2008.04.15 12:43:46.508,1.7092,1.70965,0.30,0.10
2008.04.15 12:43:46.789,1.7092,1.70965,0.30,0.10
2008.04.15 12:43:47.043,1.7092,1.70965,1.00,0.10
2008.04.15 12:43:47.299,1.70925,1.70955,0.10,0.10
2008.04.15 12:43:47.612,1.70925,1.70955,0.10,0.10
2008.04.15 12:43:47.927,1.7093,1.70955,0.80,0.10
2008.04.15 12:43:48.464,1.7093,1.70955,0.80,0.10
2008.04.15 12:43:48.830,1.7093,1.70955,0.80,0.10
2008.04.15 12:43:49.064,1.7093,1.70955,0.80,0.10
2008.04.15 12:43:49.299,1.7093,1.7096,0.80,0.40
2008.04.15 12:43:49.534,1.7093,1.7096,0.80,0.40
2008.04.15 12:43:49.818,1.7093,1.70955,0.80,0.10
2008.04.15 12:43:50.179,1.7093,1.70955,0.80,0.10
2008.04.15 12:43:50.489,1.7093,1.7096,0.80,0.40
2008.04.15 12:43:51.304,1.7093,1.7096,0.80,0.40
2008.04.15 12:43:51.549,1.7093,1.70955,0.80,0.10
2008.04.15 12:43:52.676,1.7093,1.70955,0.80,0.10
2008.04.15 12:43:52.912,1.7093,1.7095,0.80,0.10
2008.04.15 12:43:53.145,1.7093,1.70955,0.80,0.10
2008.04.15 12:43:53.409,1.7092,1.7095,0.20,0.10
2008.04.15 12:43:53.722,1.7092,1.7095,0.20,0.10
2008.04.15 12:43:54.187,1.7092,1.7095,0.20,0.10
2008.04.15 12:43:54.478,1.7092,1.7095,2.50,0.10
2008.04.15 12:43:54.718,1.7092,1.7095,0.90,0.10
2008.04.15 12:43:54.965,1.7092,1.70955,0.20,0.10
2008.04.15 12:43:55.206,1.7092,1.70955,0.90,0.10
2008.04.15 12:43:55.446,1.7093,1.70955,0.80,0.10
2008.04.15 12:43:55.713,1.7093,1.70955,0.80,0.10
2008.04.15 12:43:55.982,1.7092,1.70945,0.20,0.10
2008.04.15 12:43:56.252,1.7091,1.7095,2.60,0.30
2008.04.15 12:43:56.522,1.7093,1.70955,0.80,0.10
2008.04.15 12:43:56.888,1.7093,1.70955,0.80,0.10
2008.04.15 12:43:57.122,1.7093,1.7095,0.80,0.40
2008.04.15 12:43:57.358,1.7092,1.7094,0.30,0.10
2008.04.15 12:43:57.609,1.7093,1.7095,0.80,0.10
2008.04.15 12:43:57.920,1.70915,1.7095,0.10,0.10
2008.04.15 12:43:58.239,1.7091,1.7095,0.10,0.10
2008.04.15 12:43:58.544,1.7091,1.70945,0.10,0.10
2008.04.15 12:43:58.813,1.7091,1.70955,0.30,0.10
2008.04.15 12:43:59.050,1.7091,1.70955,0.90,0.10
2008.04.15 12:43:59.295,1.7091,1.7095,0.90,0.30
2008.04.15 12:43:59.536,1.7091,1.7095,0.90,0.40
2008.04.15 12:43:59.832,1.7091,1.7095,0.90,0.40
2008.04.15 12:44:00.120,1.70915,1.7095,0.10,0.10
2008.04.15 12:44:00.410,1.7092,1.7095,0.80,0.10
2008.04.15 12:44:00.724,1.7092,1.70955,0.80,0.10
2008.04.15 12:44:01.222,1.7092,1.70955,0.80,0.10
2008.04.15 12:44:01.488,1.70915,1.70955,0.10,0.10
2008.04.15 12:44:01.855,1.70915,1.70955,0.10,0.10
2008.04.15 12:44:02.109,1.7092,1.70955,0.80,0.10
2008.04.15 12:44:02.387,1.7092,1.70955,0.80,0.10
2008.04.15 12:44:02.774,1.7092,1.70955,0.80,0.10
2008.04.15 12:44:03.062,1.7093,1.70965,0.20,0.10
2008.04.15 12:44:03.356,1.7093,1.70965,0.20,0.10
2008.04.15 12:44:03.652,1.7093,1.7097,0.20,0.10
2008.04.15 12:44:03.924,1.7093,1.7096,0.20,0.30
2008.04.15 12:44:04.196,1.7093,1.7096,0.20,0.30
2008.04.15 12:44:04.505,1.7093,1.7096,0.20,0.30
2008.04.15 12:44:05.023,1.7093,1.7096,0.20,0.30
2008.04.15 12:44:05.275,1.7093,1.7097,0.30,0.30
2008.04.15 12:44:05.524,1.7094,1.70965,0.20,0.10
2008.04.15 12:44:05.808,1.7094,1.70955,0.20,0.10
2008.04.15 12:44:06.115,1.7093,1.7096,0.30,0.30
2008.04.15 12:44:06.401,1.70935,1.7096,0.10,0.30
2008.04.15 12:44:06.718,1.70935,1.7096,0.10,0.30
2008.04.15 12:44:07.003,1.70945,1.70975,0.10,0.10
2008.04.15 12:44:07.304,1.7094,1.70975,0.20,0.10
2008.04.15 12:44:07.590,1.7094,1.70965,0.80,0.10
2008.04.15 12:44:07.830,1.7093,1.70965,0.90,0.10
2008.04.15 12:44:08.071,1.7093,1.70965,1.00,0.10
2008.04.15 12:44:08.367,1.7093,1.7097,1.00,0.30
2008.04.15 12:44:08.604,1.7094,1.7097,0.20,0.30
2008.04.15 12:44:08.894,1.7094,1.7097,0.20,0.30
2008.04.15 12:44:09.183,1.7094,1.7097,0.20,0.40
2008.04.15 12:44:09.502,1.7092,1.7096,0.20,0.10
2008.04.15 12:44:09.792,1.7092,1.70965,0.20,0.10
2008.04.15 12:44:10.075,1.7093,1.7095,0.20,0.30
2008.04.15 12:44:10.361,1.7093,1.7096,0.20,0.40
2008.04.15 12:44:10.673,1.70915,1.7096,0.10,0.40
2008.04.15 12:44:10.952,1.7092,1.7096,0.80,0.40
2008.04.15 12:44:11.366,1.7092,1.7096,0.80,0.40
2008.04.15 12:44:11.685,1.7092,1.7096,0.80,0.10
2008.04.15 12:44:11.979,1.70925,1.7096,0.10,0.10
2008.04.15 12:44:12.282,1.70925,1.70965,0.10,0.10
2008.04.15 12:44:12.566,1.70925,1.7096,0.10,0.10
2008.04.15 12:44:12.850,1.70925,1.70965,0.10,0.10
2008.04.15 12:44:13.152,1.70925,1.70965,0.10,0.10
2008.04.15 12:44:13.392,1.70925,1.70955,0.10,0.10
2008.04.15 12:44:13.634,1.7092,1.70955,2.60,0.10
2008.04.15 12:44:13.874,1.7092,1.70955,2.60,0.10
2008.04.15 12:44:14.340,1.7092,1.7095,2.60,0.10
2008.04.15 12:44:14.634,1.7092,1.7095,0.30,0.40
2008.04.15 12:44:14.931,1.7092,1.70955,0.20,0.10
2008.04.15 12:44:15.191,1.7092,1.7095,0.20,0.10
2008.04.15 12:44:15.426,1.7092,1.7096,0.20,0.80
2008.04.15 12:44:15.662,1.7093,1.7096,0.20,0.80
2008.04.15 12:44:15.894,1.7093,1.7096,0.20,0.40
2008.04.15 12:44:16.430,1.7093,1.7096,0.20,0.40
2008.04.15 12:44:16.737,1.7094,1.70965,0.20,0.10
2008.04.15 12:44:16.982,1.7094,1.70955,0.20,0.10
2008.04.15 12:44:17.226,1.7092,1.70955,0.30,0.10
2008.04.15 12:44:17.472,1.7092,1.7095,0.30,0.30
2008.04.15 12:44:17.716,1.7092,1.7095,0.20,0.30
2008.04.15 12:44:18.000,1.7091,1.7095,0.30,0.40
2008.04.15 12:44:18.285,1.7091,1.7095,0.10,0.40
2008.04.15 12:44:18.570,1.7091,1.70955,0.30,0.10
2008.04.15 12:44:18.877,1.70905,1.7094,0.10,0.10
2008.04.15 12:44:19.157,1.709,1.7094,1.00,0.10
2008.04.15 12:44:19.438,1.709,1.7094,1.00,0.40
2008.04.15 12:44:19.717,1.709,1.70935,1.00,0.10
2008.04.15 12:44:20.114,1.709,1.70935,2.60,0.10
2008.04.15 12:44:20.391,1.7091,1.70935,0.20,0.10
2008.04.15 12:44:20.647,1.7091,1.70935,0.20,0.10
2008.04.15 12:44:20.909,1.7091,1.70935,0.20,0.10
2008.04.15 12:44:21.187,1.7091,1.70945,1.00,0.10
2008.04.15 12:44:22.398,1.7091,1.70945,0.30,0.10
2008.04.15 12:44:22.642,1.7091,1.70945,1.00,0.10
2008.04.15 12:44:22.908,1.7091,1.70945,0.30,0.10
2008.04.15 12:44:23.375,1.7091,1.70945,0.30,0.10
2008.04.15 12:44:23.637,1.7091,1.70945,1.80,0.10
2008.04.15 12:44:23.895,1.7093,1.7095,0.30,0.30
2008.04.15 12:44:24.149,1.7094,1.7098,0.20,18.10
2008.04.15 12:44:24.409,1.7094,1.7098,0.20,18.10
2008.04.15 12:44:24.664,1.7095,1.7098,0.80,0.10
2008.04.15 12:44:25.496,1.7094,1.7098,0.20,0.10
2008.04.15 12:44:26.241,1.7094,1.7098,0.20,0.10
2008.04.15 12:44:26.922,1.7094,1.7098,0.30,0.10
2008.04.15 12:44:27.247,1.7094,1.7098,0.30,0.10
2008.04.15 12:44:27.492,1.7095,1.7098,0.80,0.10
2008.04.15 12:44:27.931,1.7095,1.7098,0.80,0.10
2008.04.15 12:44:28.185,1.7096,1.7098,0.20,0.10
2008.04.15 12:44:28.472,1.7096,1.70985,0.20,0.10
2008.04.15 12:44:28.757,1.7096,1.7098,0.20,0.40
2008.04.15 12:44:29.405,1.7096,1.7098,0.20,0.40
2008.04.15 12:44:29.656,1.7097,1.7099,0.20,0.10
2008.04.15 12:44:29.913,1.7097,1.71,0.20,0.40
2008.04.15 12:44:30.193,1.7096,1.71,0.80,0.10
2008.04.15 12:44:30.471,1.7097,1.71,0.20,0.10
2008.04.15 12:44:30.751,1.7097,1.71,0.20,0.10
2008.04.15 12:44:31.054,1.7097,1.71005,0.20,0.10
2008.04.15 12:44:31.333,1.7097,1.71005,0.20,0.10
2008.04.15 12:44:31.716,1.7097,1.7101,0.20,0.10
2008.04.15 12:44:32.137,1.7097,1.7101,0.20,0.10
2008.04.15 12:44:32.376,1.7097,1.7101,0.20,0.10
2008.04.15 12:44:32.615,1.7097,1.71005,0.20,0.10
2008.04.15 12:44:32.855,1.7097,1.71005,0.20,0.10
2008.04.15 12:44:33.182,1.7097,1.71005,0.20,0.10
2008.04.15 12:44:33.456,1.7097,1.71005,0.20,0.10
2008.04.15 12:44:33.758,1.7097,1.71005,0.90,0.10
2008.04.15 12:44:34.127,1.7097,1.71005,0.90,0.10
2008.04.15 12:44:34.456,1.7097,1.71005,0.90,0.10
2008.04.15 12:44:34.973,1.7097,1.71005,0.90,0.10
2008.04.15 12:44:35.247,1.7097,1.71005,0.90,0.10
2008.04.15 12:44:35.730,1.7097,1.71005,0.90,0.10
2008.04.15 12:44:36.004,1.7097,1.71,0.80,0.30
2008.04.15 12:44:36.252,1.7096,1.71,0.90,0.40
2008.04.15 12:44:36.502,1.70965,1.7101,0.10,1.60
2008.04.15 12:44:36.764,1.7097,1.7101,0.80,0.10
2008.04.15 12:44:37.171,1.7097,1.7101,0.80,0.10
2008.04.15 12:44:37.461,1.7099,1.7102,0.20,0.10
2008.04.15 12:44:37.777,1.7099,1.7102,0.20,0.10
2008.04.15 12:44:38.057,1.7098,1.7102,0.20,0.40
2008.04.15 12:44:38.310,1.7098,1.71015,0.20,0.10
2008.04.15 12:44:38.565,1.7099,1.71015,0.20,0.10
2008.04.15 12:44:38.819,1.7099,1.7102,0.20,0.10
2008.04.15 12:44:39.074,1.7098,1.7102,0.20,0.40
2008.04.15 12:44:39.358,1.7098,1.7102,0.20,0.40
2008.04.15 12:44:39.632,1.7098,1.7102,0.20,0.40
2008.04.15 12:44:39.906,1.7099,1.7102,0.20,0.10
2008.04.15 12:44:40.182,1.7099,1.71025,0.20,0.10
2008.04.15 12:44:40.418,1.7099,1.71025,0.20,0.10
2008.04.15 12:44:40.648,1.7099,1.71025,0.20,0.10
2008.04.15 12:44:40.948,1.7099,1.71025,0.20,0.10
2008.04.15 12:44:41.179,1.7099,1.71025,0.20,0.10
2008.04.15 12:44:41.480,1.7099,1.71025,0.20,0.10
2008.04.15 12:44:41.743,1.7099,1.71025,0.20,0.10
2008.04.15 12:44:42.177,1.7099,1.71025,0.20,0.10
2008.04.15 12:44:42.469,1.7099,1.71025,0.20,0.10
2008.04.15 12:44:42.852,1.7099,1.71025,0.20,0.10
2008.04.15 12:44:43.086,1.7099,1.71025,0.20,0.10
2008.04.15 12:44:44.916,1.7099,1.71025,0.20,0.10
2008.04.15 12:44:45.497,1.7099,1.71025,0.20,0.10
2008.04.15 12:44:45.784,1.7099,1.71025,0.20,0.10
2008.04.15 12:44:46.406,1.7099,1.71025,0.20,0.10
2008.04.15 12:44:48.005,1.7099,1.71025,0.20,0.10
2008.04.15 12:44:49.796,1.7098,1.71015,0.30,0.10
2008.04.15 12:44:49.877,1.7099,1.71025,0.20,0.10
2008.04.15 12:44:51.452,1.7099,1.71025,0.20,0.10
2008.04.15 12:44:51.786,1.7099,1.7102,0.20,0.10
2008.04.15 12:44:52.131,1.7098,1.71015,1.00,0.10
2008.04.15 12:44:52.343,1.7098,1.71015,1.00,0.10
2008.04.15 12:44:52.546,1.7098,1.7102,0.30,0.40
2008.04.15 12:44:53.039,1.7098,1.7102,0.30,0.40
2008.04.15 12:44:53.368,1.7098,1.7102,0.30,0.40
2008.04.15 12:44:53.682,1.7098,1.7102,0.30,0.40
2008.04.15 12:44:54.177,1.7098,1.7102,0.30,0.40
2008.04.15 12:44:54.442,1.7099,1.7102,0.20,0.10
2008.04.15 12:44:55.049,1.7099,1.7102,0.20,0.10
2008.04.15 12:44:55.333,1.7099,1.7102,0.20,0.10
2008.04.15 12:44:56.146,1.7099,1.7102,0.20,0.10
2008.04.15 12:44:56.354,1.7099,1.7102,0.20,0.10
2008.04.15 12:44:56.566,1.7098,1.7102,1.00,0.40
2008.04.15 12:44:56.779,1.7098,1.71015,1.00,0.10
2008.04.15 12:44:57.192,1.7098,1.71015,1.00,0.10
2008.04.15 12:44:58.447,1.7098,1.71015,1.00,0.10
2008.04.15 12:44:58.654,1.7098,1.71015,0.30,0.10
2008.04.15 12:44:58.976,1.7098,1.71015,0.30,0.10
2008.04.15 12:44:59.459,1.7098,1.71015,0.30,0.10
2008.04.15 12:44:59.794,1.7098,1.71015,0.20,0.10
2008.04.15 12:45:00.123,1.70965,1.71005,0.10,0.10
2008.04.15 12:45:00.422,1.70965,1.71005,0.10,0.10
2008.04.15 12:45:00.653,1.7096,1.71,0.20,0.30
2008.04.15 12:45:00.918,1.7096,1.71,0.20,0.30
2008.04.15 12:45:01.147,1.7096,1.71005,0.30,0.10
2008.04.15 12:45:01.446,1.7096,1.71,0.20,0.10
2008.04.15 12:45:01.745,1.7096,1.71,0.20,0.10
2008.04.15 12:45:02.045,1.7096,1.71,0.20,0.40
2008.04.15 12:45:02.297,1.7096,1.71,0.20,0.40
2008.04.15 12:45:02.532,1.7095,1.71,0.60,0.10
2008.04.15 12:45:02.766,1.7095,1.71,2.00,0.10
2008.04.15 12:45:03.001,1.7095,1.7099,1.80,0.10
2008.04.15 12:45:03.268,1.7096,1.7099,0.20,0.10
2008.04.15 12:45:03.587,1.7096,1.7099,0.20,0.10
2008.04.15 12:45:03.910,1.7096,1.71,0.20,0.40
2008.04.15 12:45:04.259,1.7096,1.7099,0.20,0.30
2008.04.15 12:45:04.503,1.7095,1.7099,1.60,0.40
2008.04.15 12:45:04.748,1.7095,1.7099,0.10,0.40
2008.04.15 12:45:04.994,1.7095,1.7098,0.10,0.10
2008.04.15 12:45:05.305,1.7095,1.7098,0.10,0.10
2008.04.15 12:45:05.590,1.7095,1.7099,0.10,0.10
2008.04.15 12:45:05.875,1.7095,1.70995,0.80,0.10
2008.04.15 12:45:06.178,1.7095,1.7099,0.80,0.10
2008.04.15 12:45:06.503,1.7095,1.7099,0.80,0.10
2008.04.15 12:45:07.460,1.7096,1.70985,0.20,0.10
2008.04.15 12:45:07.712,1.7096,1.7099,0.20,0.30
2008.04.15 12:45:07.974,1.7096,1.7099,0.20,0.30
2008.04.15 12:45:09.245,1.7096,1.7099,0.20,0.30
2008.04.15 12:45:09.524,1.7096,1.70995,0.20,0.10
2008.04.15 12:45:09.763,1.7096,1.70995,0.20,0.10
2008.04.15 12:45:10.013,1.7096,1.70995,0.20,0.10
2008.04.15 12:45:10.278,1.7096,1.7099,0.20,0.30
2008.04.15 12:45:11.387,1.7096,1.7099,0.20,0.30
2008.04.15 12:45:11.602,1.7096,1.70985,0.20,0.10
2008.04.15 12:45:11.817,1.7096,1.70985,0.20,0.10
2008.04.15 12:45:12.032,1.7096,1.7099,0.20,0.40
2008.04.15 12:45:14.006,1.7096,1.7099,0.20,0.40
2008.04.15 12:45:14.168,1.7094,1.7098,1.00,0.10
2008.04.15 12:45:14.411,1.7094,1.7098,1.00,0.10
2008.04.15 12:45:14.732,1.7094,1.7098,1.00,0.10
2008.04.15 12:45:15.057,1.7095,1.7099,0.80,0.40
2008.04.15 12:45:18.522,1.7095,1.70995,0.80,0.10
2008.04.15 12:45:18.761,1.7095,1.70995,0.80,0.10
2008.04.15 12:45:19.012,1.70945,1.70995,0.30,0.40
2008.04.15 12:45:19.252,1.70945,1.70995,0.30,0.40
2008.04.15 12:45:19.492,1.7095,1.7098,0.80,0.10
2008.04.15 12:45:19.758,1.70945,1.7098,0.10,0.10
2008.04.15 12:45:20.022,1.70945,1.70995,0.40,0.40
2008.04.15 12:45:20.290,1.7095,1.70995,0.80,0.10
2008.04.15 12:45:20.714,1.7095,1.7099,0.80,0.10
2008.04.15 12:45:21.007,1.7095,1.7099,0.80,0.10
2008.04.15 12:45:21.456,1.7095,1.7099,0.80,0.10
2008.04.15 12:45:22.016,1.7095,1.7097,0.80,0.30
2008.04.15 12:45:22.261,1.7094,1.7097,0.30,0.30
2008.04.15 12:45:22.507,1.7094,1.70985,0.30,0.10
2008.04.15 12:45:22.771,1.7094,1.70985,1.00,0.10
2008.04.15 12:45:23.035,1.70945,1.7099,0.30,0.30
2008.04.15 12:45:23.314,1.7096,1.70995,0.80,0.10
2008.04.15 12:45:23.578,1.7096,1.71,0.80,0.10
2008.04.15 12:45:23.902,1.7096,1.71,0.80,0.10
2008.04.15 12:45:24.213,1.70955,1.7099,0.10,0.10
2008.04.15 12:45:24.525,1.7096,1.70995,0.20,0.10
2008.04.15 12:45:24.767,1.7096,1.7099,0.20,0.10
2008.04.15 12:45:25.032,1.7096,1.70985,0.30,0.10
2008.04.15 12:45:25.272,1.70945,1.70985,0.10,0.10
2008.04.15 12:45:25.511,1.70945,1.7099,0.10,0.10
2008.04.15 12:45:25.830,1.70945,1.7099,0.10,0.10
2008.04.15 12:45:26.213,1.70945,1.7099,0.10,0.10
2008.04.15 12:45:26.533,1.7094,1.7098,0.30,0.10
2008.04.15 12:45:26.808,1.7094,1.7098,0.30,0.10
2008.04.15 12:45:27.053,1.7094,1.70975,0.20,0.10
2008.04.15 12:45:27.298,1.7094,1.70975,0.20,0.10
2008.04.15 12:45:27.543,1.7094,1.7099,0.50,0.40
2008.04.15 12:45:27.837,1.7094,1.7098,0.20,0.10
2008.04.15 12:45:28.132,1.7094,1.70985,0.20,0.10
2008.04.15 12:45:28.429,1.7094,1.70985,0.30,0.10
2008.04.15 12:45:28.722,1.7094,1.70985,0.30,0.10
2008.04.15 12:45:28.966,1.7094,1.70985,0.20,0.10
2008.04.15 12:45:29.210,1.7094,1.7099,0.60,0.10
2008.04.15 12:45:29.523,1.7094,1.70985,0.30,0.10
2008.04.15 12:45:29.915,1.7094,1.70985,0.20,0.10
2008.04.15 12:45:30.320,1.7094,1.70985,0.20,0.10
2008.04.15 12:45:30.590,1.7094,1.7099,0.60,0.10
2008.04.15 12:45:30.860,1.7094,1.7098,0.20,0.10
2008.04.15 12:45:31.148,1.70945,1.7099,0.10,0.10
2008.04.15 12:45:31.496,1.70945,1.7099,0.10,0.10
2008.04.15 12:45:31.746,1.70945,1.70985,0.10,0.10
2008.04.15 12:45:32.041,1.7094,1.70975,0.30,0.10
2008.04.15 12:45:32.359,1.7094,1.70975,0.20,0.10
2008.04.15 12:45:32.654,1.7094,1.7098,0.30,0.10
2008.04.15 12:45:32.916,1.7094,1.70975,0.20,0.10
2008.04.15 12:45:33.752,1.7094,1.70975,0.20,0.10
2008.04.15 12:45:34.026,1.7094,1.70975,0.20,0.10
2008.04.15 12:45:34.301,1.7094,1.70975,0.20,0.10
2008.04.15 12:45:34.635,1.7094,1.70975,0.20,0.10
2008.04.15 12:45:34.911,1.7094,1.70975,0.20,0.10
2008.04.15 12:45:35.360,1.7094,1.70975,0.20,0.10
2008.04.15 12:45:35.615,1.7094,1.70965,0.20,0.10
2008.04.15 12:45:35.869,1.7094,1.70965,0.20,0.10
2008.04.15 12:45:36.169,1.7094,1.70965,0.20,0.10
2008.04.15 12:45:36.469,1.7094,1.70965,0.20,0.10
2008.04.15 12:45:36.768,1.7094,1.7096,0.20,0.30
2008.04.15 12:45:37.057,1.7094,1.7096,0.20,0.40
2008.04.15 12:45:37.323,1.7092,1.7096,0.30,0.40
2008.04.15 12:45:37.590,1.7092,1.70945,0.30,0.10
2008.04.15 12:45:37.856,1.70915,1.70945,0.10,0.10
2008.04.15 12:45:38.168,1.7091,1.70935,0.20,0.10
2008.04.15 12:45:38.453,1.7089,1.70935,0.20,0.10
2008.04.15 12:45:38.763,1.7089,1.7093,0.20,0.30
2008.04.15 12:45:39.046,1.7089,1.70915,0.30,0.10
2008.04.15 12:45:39.337,1.7089,1.70925,0.80,0.10
2008.04.15 12:45:39.626,1.7089,1.70925,0.80,0.10
2008.04.15 12:45:39.954,1.7089,1.70925,0.80,0.10
2008.04.15 12:45:40.499,1.7089,1.70935,0.80,0.10
2008.04.15 12:45:40.769,1.709,1.70935,0.20,0.10
2008.04.15 12:45:41.191,1.709,1.70935,0.20,0.10
2008.04.15 12:45:41.521,1.709,1.7093,0.20,0.30
2008.04.15 12:45:41.804,1.709,1.7093,0.20,0.30
2008.04.15 12:45:42.118,1.709,1.7092,0.20,0.30
2008.04.15 12:45:42.346,1.709,1.7092,0.20,0.30
2008.04.15 12:45:42.583,1.709,1.70905,0.20,0.10
2008.04.15 12:45:42.818,1.7086,1.70905,1.00,0.10
2008.04.15 12:45:43.053,1.7086,1.70905,0.30,0.10
2008.04.15 12:45:43.374,1.7086,1.70905,0.30,0.10
2008.04.15 12:45:43.695,1.7086,1.70905,1.80,0.10
2008.04.15 12:45:44.016,1.7086,1.70905,1.60,0.10
2008.04.15 12:45:44.268,1.7087,1.70905,0.90,0.10
2008.04.15 12:45:44.498,1.7088,1.7091,0.20,0.10
2008.04.15 12:45:44.728,1.7088,1.7091,0.20,0.10
2008.04.15 12:45:45.076,1.7088,1.7091,0.20,0.10
2008.04.15 12:45:45.396,1.70865,1.7091,0.10,0.10
2008.04.15 12:45:45.715,1.70865,1.7091,0.10,0.10
2008.04.15 12:45:46.188,1.70865,1.7091,0.10,0.10
2008.04.15 12:45:46.428,1.7087,1.7091,0.10,0.10
2008.04.15 12:45:46.693,1.7088,1.7091,0.20,0.10
2008.04.15 12:45:46.933,1.7088,1.7091,0.20,0.10
2008.04.15 12:45:47.227,1.7088,1.7091,0.20,0.10
2008.04.15 12:45:47.603,1.7088,1.7091,0.20,0.10
2008.04.15 12:45:47.898,1.70875,1.7091,0.10,0.10
2008.04.15 12:45:48.138,1.70875,1.7092,0.10,0.10
2008.04.15 12:45:48.700,1.70875,1.7092,0.10,0.10
2008.04.15 12:45:49.138,1.70875,1.7092,0.10,0.10
2008.04.15 12:45:49.465,1.7089,1.7092,0.10,0.10
2008.04.15 12:45:49.769,1.7089,1.7093,0.10,0.10
2008.04.15 12:45:50.113,1.7089,1.7093,0.10,0.10
2008.04.15 12:45:50.373,1.70895,1.70935,0.10,0.10
2008.04.15 12:45:50.631,1.70895,1.7093,0.10,0.30
2008.04.15 12:45:50.890,1.7089,1.7093,0.30,0.30
2008.04.15 12:45:51.150,1.7089,1.7092,0.20,0.10
2008.04.15 12:45:51.449,1.7088,1.7092,0.80,0.10
2008.04.15 12:45:51.750,1.7088,1.70915,0.10,0.10
2008.04.15 12:45:52.077,1.70875,1.7092,0.10,0.10
2008.04.15 12:45:52.342,1.70875,1.70915,0.10,0.10
2008.04.15 12:45:52.606,1.7087,1.7091,0.20,0.10
2008.04.15 12:45:52.873,1.7087,1.7091,0.20,0.40
2008.04.15 12:45:53.138,1.7087,1.709,0.20,0.10
2008.04.15 12:45:53.417,1.7087,1.709,0.20,0.10
2008.04.15 12:45:53.696,1.7087,1.709,0.20,0.10
2008.04.15 12:45:54.232,1.7087,1.709,0.20,0.10
2008.04.15 12:45:54.509,1.70855,1.709,0.10,0.40
2008.04.15 12:45:54.785,1.7086,1.709,0.20,0.40
2008.04.15 12:45:55.675,1.7086,1.709,0.20,0.40
2008.04.15 12:45:55.928,1.7086,1.709,0.20,0.40
2008.04.15 12:45:56.183,1.7086,1.70895,0.30,0.10
2008.04.15 12:45:57.086,1.7086,1.70895,0.30,0.10
2008.04.15 12:45:57.668,1.7086,1.70895,0.20,0.10
2008.04.15 12:45:57.918,1.7086,1.709,0.20,0.30
2008.04.15 12:45:58.193,1.70865,1.709,0.10,0.10
2008.04.15 12:45:59.478,1.70865,1.709,0.10,0.10
2008.04.15 12:45:59.996,1.70865,1.709,0.10,0.10
2008.04.15 12:46:00.232,1.7086,1.7089,0.30,0.30
2008.04.15 12:46:00.559,1.7086,1.70905,0.30,0.10
2008.04.15 12:46:01.128,1.7086,1.7089,0.30,0.30
2008.04.15 12:46:01.436,1.7086,1.7089,0.20,0.30
2008.04.15 12:46:01.671,1.7086,1.7089,0.20,0.30
2008.04.15 12:46:01.912,1.7086,1.7089,0.20,0.30
2008.04.15 12:46:02.150,1.7085,1.70885,0.20,0.10
2008.04.15 12:46:02.494,1.7085,1.70875,0.20,0.10
2008.04.15 12:46:02.819,1.7084,1.70875,0.10,0.10
2008.04.15 12:46:03.144,1.7084,1.70865,0.10,0.10
2008.04.15 12:46:03.469,1.70835,1.70865,0.10,0.10
2008.04.15 12:46:03.699,1.7083,1.70865,0.30,0.10
2008.04.15 12:46:03.965,1.7083,1.70865,0.30,0.10
2008.04.15 12:46:04.201,1.7083,1.70865,0.30,0.10
2008.04.15 12:46:04.556,1.7083,1.70865,0.30,0.10
2008.04.15 12:46:06.092,1.7083,1.70865,0.30,0.10
2008.04.15 12:46:08.505,1.7083,1.70865,0.30,0.10
2008.04.15 12:46:09.264,1.7083,1.70865,0.30,0.10
2008.04.15 12:46:09.484,1.7083,1.7086,0.20,0.10
2008.04.15 12:46:09.758,1.70825,1.70855,0.10,0.10
2008.04.15 12:46:10.032,1.70825,1.7086,0.10,0.10
2008.04.15 12:46:10.309,1.7084,1.7086,0.20,0.10
2008.04.15 12:46:10.638,1.7084,1.7086,0.20,0.10
2008.04.15 12:46:10.898,1.7082,1.7086,2.60,0.10
2008.04.15 12:46:11.159,1.7084,1.7087,0.10,0.30
2008.04.15 12:46:11.419,1.7085,1.70875,0.20,0.10
2008.04.15 12:46:11.679,1.7084,1.7088,0.10,0.10
2008.04.15 12:46:11.978,1.7084,1.7088,0.10,0.10
2008.04.15 12:46:12.248,1.7085,1.7089,0.20,0.40
2008.04.15 12:46:12.720,1.7085,1.7089,0.20,0.40
2008.04.15 12:46:13.252,1.7086,1.7089,0.20,0.10
2008.04.15 12:46:13.507,1.7086,1.70895,0.20,0.10
2008.04.15 12:46:13.999,1.7086,1.70895,0.20,0.10
2008.04.15 12:46:14.619,1.7086,1.7089,0.20,0.10
2008.04.15 12:46:16.270,1.7086,1.7089,0.20,0.10
2008.04.15 12:46:16.525,1.7086,1.7088,0.20,0.10
2008.04.15 12:46:16.779,1.7085,1.7088,0.20,0.10
2008.04.15 12:46:17.457,1.7085,1.7088,0.20,0.10
2008.04.15 12:46:17.721,1.7084,1.70875,0.80,0.10
2008.04.15 12:46:18.011,1.70835,1.7087,0.10,0.10
2008.04.15 12:46:18.301,1.7085,1.7089,0.20,0.10
2008.04.15 12:46:18.590,1.7085,1.70885,0.20,0.10
2008.04.15 12:46:18.881,1.7086,1.70885,0.20,0.10
2008.04.15 12:46:19.167,1.7086,1.70875,0.20,0.10
2008.04.15 12:46:19.426,1.70835,1.70875,0.10,0.10
2008.04.15 12:46:19.686,1.7084,1.70875,0.20,0.10
2008.04.15 12:46:19.945,1.7084,1.70875,0.20,0.10
2008.04.15 12:46:20.224,1.7084,1.70875,0.30,0.10
2008.04.15 12:46:20.505,1.7085,1.70875,0.20,0.10
2008.04.15 12:46:20.784,1.7085,1.7088,0.20,0.10
2008.04.15 12:46:21.049,1.7085,1.70875,0.20,0.10
2008.04.15 12:46:21.313,1.70835,1.70875,0.10,0.10
2008.04.15 12:46:21.577,1.70835,1.7087,0.10,0.10
2008.04.15 12:46:21.867,1.7084,1.70875,0.20,0.10
2008.04.15 12:46:22.184,1.7084,1.70875,0.20,0.10
2008.04.15 12:46:22.440,1.7084,1.7087,0.20,0.30
2008.04.15 12:46:22.944,1.7084,1.70875,0.20,0.10
2008.04.15 12:46:23.221,1.7084,1.7087,0.20,0.10
2008.04.15 12:46:23.910,1.7084,1.7087,0.20,0.10
2008.04.15 12:46:24.211,1.7084,1.7086,0.20,0.40
2008.04.15 12:46:24.511,1.7082,1.7085,0.20,0.30
2008.04.15 12:46:24.817,1.7082,1.7085,0.30,0.10
2008.04.15 12:46:25.129,1.7082,1.7085,0.30,0.10
2008.04.15 12:46:25.407,1.7082,1.7084,0.20,0.10
2008.04.15 12:46:25.660,1.7081,1.7084,0.30,0.10
2008.04.15 12:46:25.911,1.7081,1.70845,1.80,0.10
2008.04.15 12:46:26.208,1.7082,1.7084,0.20,0.10
2008.04.15 12:46:26.526,1.70825,1.70845,0.10,0.10
2008.04.15 12:46:26.826,1.7083,1.7084,0.20,0.10
2008.04.15 12:46:27.087,1.7081,1.7084,1.80,0.10
2008.04.15 12:46:27.376,1.7081,1.7084,0.30,0.10
2008.04.15 12:46:27.720,1.7081,1.7084,0.30,0.10
2008.04.15 12:46:27.978,1.7081,1.7084,0.30,0.10
2008.04.15 12:46:28.269,1.7081,1.7084,0.30,0.10
2008.04.15 12:46:28.561,1.7081,1.70845,0.30,0.10
2008.04.15 12:46:29.018,1.7081,1.70845,0.30,0.10
2008.04.15 12:46:29.298,1.7081,1.70845,0.30,0.10
2008.04.15 12:46:29.580,1.7081,1.70815,0.20,0.10
2008.04.15 12:46:29.861,1.7079,1.70815,0.10,0.10
2008.04.15 12:46:30.102,1.7079,1.70815,0.10,0.10
2008.04.15 12:46:30.343,1.7078,1.708,0.10,0.10
2008.04.15 12:46:30.591,1.70775,1.7078,0.10,0.10
2008.04.15 12:46:30.833,1.7077,1.7079,0.10,0.10
2008.04.15 12:46:31.072,1.7077,1.7079,0.10,0.10
2008.04.15 12:46:31.378,1.7078,1.708,0.20,0.10
2008.04.15 12:46:31.681,1.7078,1.708,0.20,0.10
2008.04.15 12:46:31.987,1.7078,1.70795,0.20,0.10
2008.04.15 12:46:32.242,1.7077,1.708,0.20,0.10
2008.04.15 12:46:32.707,1.7077,1.708,0.20,0.10
2008.04.15 12:46:32.970,1.7077,1.70795,0.20,0.10
2008.04.15 12:46:33.268,1.7078,1.708,0.20,0.10
2008.04.15 12:46:33.564,1.7078,1.708,0.20,0.10
2008.04.15 12:46:33.881,1.7078,1.7081,0.20,0.10
2008.04.15 12:46:34.177,1.7078,1.70815,0.20,0.10
2008.04.15 12:46:34.452,1.7079,1.70815,0.20,0.10
2008.04.15 12:46:34.729,1.7081,1.70815,0.20,0.10
2008.04.15 12:46:35.004,1.7081,1.70815,0.20,0.10
2008.04.15 12:46:35.275,1.7079,1.70815,4.80,0.10
2008.04.15 12:46:35.544,1.70775,1.70815,0.10,0.10
2008.04.15 12:46:35.814,1.7079,1.70815,0.20,0.10
2008.04.15 12:46:36.084,1.7079,1.7082,0.20,0.10
2008.04.15 12:46:36.385,1.7079,1.7082,0.20,0.10
2008.04.15 12:46:36.684,1.7079,1.7082,0.20,0.10
2008.04.15 12:46:37.113,1.708,1.7082,0.20,0.10
2008.04.15 12:46:37.363,1.708,1.70825,0.20,0.10
2008.04.15 12:46:37.761,1.708,1.70825,0.20,0.10
2008.04.15 12:46:37.994,1.708,1.70825,0.20,0.10
2008.04.15 12:46:38.294,1.708,1.7082,0.20,0.10
2008.04.15 12:46:38.594,1.7078,1.7082,0.30,0.10
2008.04.15 12:46:38.893,1.7078,1.7082,0.20,0.10
2008.04.15 12:46:39.197,1.7078,1.7082,0.20,0.10
2008.04.15 12:46:39.476,1.70785,1.70825,0.10,0.10
2008.04.15 12:46:39.757,1.708,1.70825,0.20,0.10
2008.04.15 12:46:40.120,1.708,1.7084,0.20,0.30
2008.04.15 12:46:40.370,1.7082,1.70845,0.20,0.10
2008.04.15 12:46:40.689,1.7082,1.70845,0.20,0.10
2008.04.15 12:46:40.939,1.7081,1.70835,0.20,0.10
2008.04.15 12:46:41.412,1.7081,1.70835,0.20,0.10
2008.04.15 12:46:41.705,1.7083,1.70855,0.20,0.40
2008.04.15 12:46:41.985,1.7084,1.7086,0.20,0.30
2008.04.15 12:46:42.264,1.70835,1.7084,0.20,1.60
2008.04.15 12:46:42.553,1.7076,1.70785,0.30,0.10
2008.04.15 12:46:42.806,1.7078,1.70795,0.20,0.10
2008.04.15 12:46:43.071,1.7078,1.708,0.20,0.10
2008.04.15 12:46:43.339,1.7078,1.7081,0.20,0.40
2008.04.15 12:46:43.762,1.7078,1.7081,0.20,0.40
2008.04.15 12:46:44.065,1.7078,1.7081,0.20,0.40
2008.04.15 12:46:44.344,1.7078,1.7081,0.20,0.10
2008.04.15 12:46:44.625,1.7078,1.708,0.20,0.10
2008.04.15 12:46:44.929,1.7078,1.7081,0.30,0.40
2008.04.15 12:46:45.212,1.7078,1.7082,0.20,0.10
2008.04.15 12:46:45.471,1.7078,1.7082,0.20,0.10
2008.04.15 12:46:45.731,1.7079,1.70805,0.20,0.10
2008.04.15 12:46:45.993,1.708,1.7082,0.20,0.10
2008.04.15 12:46:46.254,1.70785,1.7082,0.10,0.10
2008.04.15 12:46:46.664,1.7078,1.7082,0.20,0.10
2008.04.15 12:46:46.944,1.7078,1.7082,0.30,0.10
2008.04.15 12:46:47.225,1.7078,1.7082,0.30,0.10
2008.04.15 12:46:47.633,1.7078,1.7082,1.80,0.10
2008.04.15 12:46:47.904,1.70785,1.7082,0.10,0.10
2008.04.15 12:46:48.457,1.70785,1.7082,0.10,0.10
2008.04.15 12:46:48.735,1.70785,1.7082,0.10,0.10
2008.04.15 12:46:49.017,1.7078,1.7082,0.30,0.10
2008.04.15 12:46:49.278,1.708,1.70825,0.20,0.10
2008.04.15 12:46:49.697,1.708,1.70825,0.20,0.10
2008.04.15 12:46:49.947,1.708,1.70825,0.20,0.10
2008.04.15 12:46:50.219,1.708,1.7083,0.20,0.40
2008.04.15 12:46:51.111,1.708,1.7083,0.20,0.40
2008.04.15 12:46:51.430,1.708,1.7084,0.30,0.10
2008.04.15 12:46:51.687,1.708,1.7084,0.30,0.10
2008.04.15 12:46:51.927,1.70805,1.7084,0.10,0.10
2008.04.15 12:46:53.182,1.70805,1.7084,0.10,0.10
2008.04.15 12:46:53.447,1.708,1.70835,0.30,0.10
2008.04.15 12:46:53.943,1.708,1.70835,1.80,0.10
2008.04.15 12:46:54.206,1.70805,1.7084,0.10,0.40
2008.04.15 12:46:54.471,1.70805,1.70835,0.10,0.10
2008.04.15 12:46:54.721,1.708,1.7083,0.30,0.10
2008.04.15 12:46:55.145,1.708,1.7083,0.30,0.10
2008.04.15 12:46:55.628,1.708,1.7083,0.30,0.10
2008.04.15 12:46:56.510,1.708,1.7083,0.30,0.10
2008.04.15 12:46:56.772,1.70805,1.70835,0.10,0.10
2008.04.15 12:46:57.570,1.70805,1.70835,0.10,0.10
2008.04.15 12:46:57.905,1.7081,1.7084,0.20,0.30
2008.04.15 12:46:58.319,1.7081,1.7084,0.20,0.30
2008.04.15 12:46:58.675,1.7081,1.7084,0.20,0.30
2008.04.15 12:46:58.904,1.7082,1.70855,0.20,0.10
2008.04.15 12:46:59.166,1.7082,1.70855,0.20,0.10
2008.04.15 12:46:59.390,1.7081,1.70855,0.20,0.10
2008.04.15 12:46:59.617,1.7082,1.70825,0.20,0.10
2008.04.15 12:46:59.948,1.708,1.70825,0.20,0.10
2008.04.15 12:47:00.278,1.708,1.70845,0.20,0.10
2008.04.15 12:47:00.606,1.708,1.70845,0.30,0.10
2008.04.15 12:47:00.856,1.708,1.70825,0.20,0.10
2008.04.15 12:47:01.105,1.708,1.7082,0.20,0.10
2008.04.15 12:47:01.355,1.7081,1.70855,0.20,0.10
2008.04.15 12:47:01.604,1.7081,1.7085,0.20,0.10
2008.04.15 12:47:01.908,1.7081,1.7085,0.20,0.10
2008.04.15 12:47:02.211,1.7081,1.7085,0.20,0.10
2008.04.15 12:47:02.716,1.7081,1.7085,0.20,0.10
2008.04.15 12:47:03.233,1.7081,1.7085,0.20,0.10
2008.04.15 12:47:03.488,1.7081,1.7086,1.90,0.10
2008.04.15 12:47:03.743,1.7081,1.7085,4.80,0.10
2008.04.15 12:47:04.022,1.7081,1.7085,0.10,0.10
2008.04.15 12:47:04.302,1.70815,1.7086,0.10,0.10
2008.04.15 12:47:04.581,1.70815,1.7086,0.10,0.10
2008.04.15 12:47:04.861,1.7082,1.70865,4.90,0.10
2008.04.15 12:47:05.172,1.7082,1.70865,4.90,0.10
2008.04.15 12:47:05.452,1.7083,1.7087,0.20,0.10
2008.04.15 12:47:05.760,1.7083,1.7086,0.20,0.30
2008.04.15 12:47:06.020,1.7083,1.7086,0.20,0.30
2008.04.15 12:47:06.280,1.7083,1.7087,0.20,0.80
2008.04.15 12:47:06.540,1.7083,1.7087,0.20,0.10
2008.04.15 12:47:06.798,1.7083,1.7087,0.20,0.10
2008.04.15 12:47:07.116,1.7083,1.7087,0.20,0.10
2008.04.15 12:47:07.633,1.7083,1.7087,0.20,0.10
2008.04.15 12:47:07.892,1.7083,1.7087,0.20,0.10
2008.04.15 12:47:08.148,1.7083,1.7086,0.20,0.10
2008.04.15 12:47:08.404,1.7082,1.7087,7.60,0.10
2008.04.15 12:47:08.658,1.7082,1.7086,5.00,0.10
2008.04.15 12:47:08.924,1.7082,1.7086,4.90,0.10
2008.04.15 12:47:09.167,1.7082,1.7086,0.20,0.10
2008.04.15 12:47:09.408,1.7081,1.7085,0.30,0.10
2008.04.15 12:47:09.649,1.7081,1.7085,0.30,0.10
2008.04.15 12:47:09.951,1.7081,1.7085,0.20,0.10
2008.04.15 12:47:10.409,1.7081,1.7085,0.20,0.10
2008.04.15 12:47:10.710,1.7081,1.7084,0.20,0.40
2008.04.15 12:47:10.959,1.7081,1.7084,0.20,0.40
2008.04.15 12:47:11.213,1.7081,1.7084,0.20,0.40
2008.04.15 12:47:11.569,1.7081,1.7084,0.20,0.40
2008.04.15 12:47:11.818,1.7081,1.7084,0.20,0.40
2008.04.15 12:47:12.097,1.7081,1.7084,0.20,0.40
2008.04.15 12:47:12.371,1.7081,1.7084,0.20,0.40
2008.04.15 12:47:12.648,1.708,1.7083,0.20,0.40
2008.04.15 12:47:12.934,1.708,1.7083,0.20,0.40
2008.04.15 12:47:13.702,1.708,1.7082,0.20,0.10
2008.04.15 12:47:13.962,1.7078,1.7082,0.30,0.10
2008.04.15 12:47:14.780,1.7078,1.7082,0.30,0.10
2008.04.15 12:47:15.045,1.7079,1.7083,0.30,0.40
2008.04.15 12:47:15.309,1.7079,1.7083,0.20,0.40
2008.04.15 12:47:15.579,1.708,1.70845,0.30,0.10
2008.04.15 12:47:15.849,1.708,1.70835,0.10,0.10
2008.04.15 12:47:16.125,1.708,1.70835,0.10,0.10
2008.04.15 12:47:16.415,1.708,1.7084,0.10,0.10
2008.04.15 12:47:16.690,1.708,1.7084,0.10,0.10
2008.04.15 12:47:16.966,1.70805,1.7084,0.10,0.10
2008.04.15 12:47:17.264,1.70805,1.7084,0.10,0.10
2008.04.15 12:47:17.661,1.70805,1.7084,0.10,0.10
2008.04.15 12:47:17.935,1.70805,1.7084,0.10,0.10
2008.04.15 12:47:18.190,1.708,1.70835,0.10,0.10
2008.04.15 12:47:18.444,1.708,1.70835,0.10,0.10
2008.04.15 12:47:18.698,1.70795,1.70845,0.40,0.10
2008.04.15 12:47:18.976,1.70805,1.70845,0.10,0.10
2008.04.15 12:47:19.445,1.70805,1.7085,0.40,0.30
2008.04.15 12:47:19.701,1.70815,1.7085,0.10,0.30
2008.04.15 12:47:19.955,1.7081,1.70845,0.20,0.10
2008.04.15 12:47:20.327,1.7081,1.70845,0.20,0.10
2008.04.15 12:47:20.998,1.7081,1.7085,0.20,0.40
2008.04.15 12:47:21.247,1.7081,1.7085,0.30,0.40
2008.04.15 12:47:21.637,1.7081,1.7085,0.30,0.40
2008.04.15 12:47:22.008,1.7081,1.70845,0.30,0.10
2008.04.15 12:47:22.663,1.7081,1.70845,0.30,0.10
2008.04.15 12:47:23.121,1.7081,1.70845,0.30,0.10
2008.04.15 12:47:23.335,1.7082,1.7085,0.30,0.30
2008.04.15 12:47:23.550,1.7084,1.70865,0.20,0.30
2008.04.15 12:47:23.771,1.7084,1.70855,0.20,0.10
2008.04.15 12:47:23.988,1.7081,1.70855,0.10,0.10
2008.04.15 12:47:24.220,1.7081,1.70855,0.10,0.10
2008.04.15 12:47:24.556,1.7082,1.7087,0.30,0.40
2008.04.15 12:47:24.892,1.7082,1.7087,0.40,0.10
2008.04.15 12:47:25.227,1.7082,1.7087,0.40,0.10
2008.04.15 12:47:25.514,1.7082,1.7086,0.10,0.10
2008.04.15 12:47:25.762,1.7083,1.70875,0.30,0.30
2008.04.15 12:47:25.953,1.7084,1.70875,0.20,0.30
2008.04.15 12:47:26.226,1.7084,1.7087,0.20,0.10
2008.04.15 12:47:26.519,1.7084,1.7087,0.20,0.40
2008.04.15 12:47:26.790,1.7082,1.7086,0.20,0.10
2008.04.15 12:47:27.138,1.7082,1.7086,0.20,0.10
2008.04.15 12:47:27.389,1.7082,1.7086,0.10,0.10
2008.04.15 12:47:28.179,1.7081,1.7086,6.70,0.10
2008.04.15 12:47:28.658,1.7081,1.7086,6.70,0.10
2008.04.15 12:47:28.910,1.7084,1.7088,0.20,0.40
2008.04.15 12:47:29.228,1.7084,1.70865,0.20,0.30
2008.04.15 12:47:29.494,1.7084,1.7087,0.20,0.50
2008.04.15 12:47:30.086,1.7084,1.7087,0.20,0.50
2008.04.15 12:47:30.349,1.7084,1.7087,0.20,0.50
2008.04.15 12:47:30.625,1.7084,1.7087,0.20,0.60
2008.04.15 12:47:30.899,1.7084,1.7087,0.20,0.30
2008.04.15 12:47:31.206,1.7084,1.7087,0.20,0.30
2008.04.15 12:47:31.461,1.7083,1.7087,0.20,0.50
2008.04.15 12:47:31.864,1.7083,1.7087,0.20,0.50
2008.04.15 12:47:32.145,1.7083,1.7087,0.20,0.50
2008.04.15 12:47:32.696,1.7083,1.7086,0.20,0.10
2008.04.15 12:47:32.937,1.7083,1.7086,0.20,0.40
2008.04.15 12:47:33.178,1.7083,1.7086,0.20,0.30
2008.04.15 12:47:33.447,1.7083,1.7086,0.20,0.30
2008.04.15 12:47:34.229,1.7083,1.7086,0.20,0.30
2008.04.15 12:47:34.462,1.7084,1.7086,0.20,0.30
2008.04.15 12:47:34.703,1.7084,1.7087,0.20,0.30
2008.04.15 12:47:34.933,1.7084,1.7087,0.20,0.30
2008.04.15 12:47:35.162,1.7084,1.7087,0.20,0.40
2008.04.15 12:47:35.392,1.7084,1.7087,0.20,0.40
2008.04.15 12:47:35.728,1.7084,1.7087,0.20,0.30
2008.04.15 12:47:36.062,1.7084,1.7087,0.20,0.30
2008.04.15 12:47:36.396,1.7084,1.7085,0.20,0.10
2008.04.15 12:47:36.592,1.7082,1.7084,0.20,0.30
2008.04.15 12:47:36.787,1.7082,1.7084,0.20,0.30
2008.04.15 12:47:37.123,1.7082,1.7084,0.20,0.30
2008.04.15 12:47:37.425,1.7082,1.70845,0.20,0.10
2008.04.15 12:47:37.744,1.7082,1.7085,0.20,0.30
2008.04.15 12:47:39.204,1.7082,1.7085,0.20,0.30
2008.04.15 12:47:39.438,1.7082,1.7085,0.20,0.40
2008.04.15 12:47:39.700,1.7082,1.7085,0.20,0.40
2008.04.15 12:47:39.931,1.7082,1.7084,0.20,0.30
2008.04.15 12:47:40.160,1.7082,1.7084,0.20,0.30
2008.04.15 12:47:40.665,1.7082,1.7084,0.20,0.30
2008.04.15 12:47:40.980,1.7082,1.70855,0.20,0.10
2008.04.15 12:47:41.295,1.7082,1.7086,0.20,0.30
2008.04.15 12:47:41.636,1.7083,1.7086,0.20,0.30
2008.04.15 12:47:41.866,1.7084,1.7088,0.20,0.50
2008.04.15 12:47:42.098,1.7084,1.7088,0.20,0.50
2008.04.15 12:47:42.414,1.7084,1.7088,0.20,0.50
2008.04.15 12:47:42.695,1.7084,1.7088,0.20,0.60
2008.04.15 12:47:43.002,1.7084,1.7087,0.20,0.30
2008.04.15 12:47:43.262,1.7084,1.70865,0.20,0.10
2008.04.15 12:47:43.542,1.70825,1.70865,0.10,0.10
2008.04.15 12:47:43.803,1.7082,1.7086,0.20,0.30
2008.04.15 12:47:44.063,1.7082,1.70865,0.20,0.10
2008.04.15 12:47:44.322,1.7082,1.70865,0.20,0.10
2008.04.15 12:47:44.741,1.7082,1.70865,0.30,0.10
2008.04.15 12:47:45.721,1.7082,1.70865,0.30,0.10
2008.04.15 12:47:45.971,1.7084,1.7088,0.20,0.40
2008.04.15 12:47:46.220,1.7084,1.70875,0.20,0.30
2008.04.15 12:47:46.806,1.7084,1.7088,0.20,0.40
2008.04.15 12:47:47.076,1.7084,1.7088,0.20,0.30
2008.04.15 12:47:47.426,1.7084,1.7088,0.20,0.30
2008.04.15 12:47:47.826,1.7084,1.7088,0.20,0.30
2008.04.15 12:47:48.263,1.7084,1.7088,0.20,0.30
2008.04.15 12:47:48.494,1.7084,1.7087,0.20,0.30
2008.04.15 12:47:48.772,1.7084,1.7087,0.20,0.30
2008.04.15 12:47:49.049,1.7085,1.7088,0.20,0.40
2008.04.15 12:47:49.352,1.7085,1.7088,0.20,0.30
2008.04.15 12:47:49.629,1.7085,1.70895,0.20,0.40
2008.04.15 12:47:49.931,1.7085,1.70895,0.20,0.40
2008.04.15 12:47:50.215,1.7085,1.70895,0.50,0.30
2008.04.15 12:47:50.516,1.7085,1.709,0.50,0.40
2008.04.15 12:47:50.792,1.7085,1.709,0.50,0.40
2008.04.15 12:47:51.043,1.7085,1.709,0.50,2.10
2008.04.15 12:47:51.292,1.7085,1.70895,0.20,0.10
2008.04.15 12:47:51.629,1.7085,1.70895,0.20,0.10
2008.04.15 12:47:51.894,1.7085,1.70895,0.20,0.10
2008.04.15 12:47:52.434,1.7085,1.70895,0.20,0.10
2008.04.15 12:47:52.706,1.7085,1.70885,0.20,0.10
2008.04.15 12:47:52.953,1.7085,1.7088,0.20,0.30
2008.04.15 12:47:53.719,1.7085,1.7088,0.20,0.30
2008.04.15 12:47:54.023,1.7085,1.7088,0.20,0.30
2008.04.15 12:47:54.328,1.7085,1.70875,0.20,0.10
2008.04.15 12:47:54.634,1.70835,1.70875,0.10,0.10
2008.04.15 12:47:55.232,1.7084,1.70875,0.10,0.10
2008.04.15 12:47:58.679,1.7084,1.70875,0.10,0.10
2008.04.15 12:47:58.919,1.7084,1.7088,0.30,0.40
2008.04.15 12:47:59.410,1.7084,1.7088,0.30,0.40
2008.04.15 12:47:59.651,1.7085,1.70885,0.20,0.10
2008.04.15 12:47:59.891,1.7086,1.7089,0.20,0.30
2008.04.15 12:48:00.166,1.7086,1.7089,0.20,0.30
2008.04.15 12:48:00.440,1.7085,1.70885,0.20,0.10
2008.04.15 12:48:00.715,1.7085,1.70885,0.20,0.10
2008.04.15 12:48:01.019,1.7085,1.7087,0.20,0.30
2008.04.15 12:48:01.301,1.7085,1.7087,0.20,0.30
2008.04.15 12:48:01.580,1.7085,1.7087,0.20,0.30
2008.04.15 12:48:01.860,1.7085,1.70885,0.20,0.10
2008.04.15 12:48:02.115,1.7085,1.7089,0.30,0.10
2008.04.15 12:48:02.373,1.7085,1.7089,0.20,0.10
2008.04.15 12:48:02.627,1.7085,1.7089,0.20,0.10
2008.04.15 12:48:02.913,1.7085,1.7089,0.20,0.10
2008.04.15 12:48:03.178,1.7086,1.70895,0.20,0.10
2008.04.15 12:48:03.673,1.7086,1.70895,0.20,0.10
2008.04.15 12:48:04.254,1.7086,1.70895,0.20,0.10
2008.04.15 12:48:04.711,1.7086,1.70895,0.20,0.10
2008.04.15 12:48:04.955,1.7086,1.70895,0.20,0.10
2008.04.15 12:48:05.727,1.7086,1.70895,0.30,0.10
2008.04.15 12:48:06.435,1.7086,1.70895,0.30,0.10
2008.04.15 12:48:06.778,1.7086,1.70875,0.30,0.10
2008.04.15 12:48:07.052,1.7086,1.70875,0.20,0.10
2008.04.15 12:48:07.303,1.7084,1.70875,0.80,0.10
2008.04.15 12:48:07.552,1.7083,1.70865,0.30,0.10
2008.04.15 12:48:07.902,1.7083,1.70865,0.30,0.10
2008.04.15 12:48:08.174,1.7083,1.70865,0.30,0.10
2008.04.15 12:48:08.606,1.7083,1.70865,0.20,0.10
2008.04.15 12:48:09.195,1.7083,1.70865,0.20,0.10
2008.04.15 12:48:09.667,1.7083,1.70865,0.30,0.10
2008.04.15 12:48:09.933,1.7083,1.7087,0.30,0.40
2008.04.15 12:48:10.189,1.7083,1.70875,0.30,0.10
2008.04.15 12:48:10.444,1.7083,1.7087,0.20,0.10
2008.04.15 12:48:10.698,1.7083,1.7087,0.20,0.10
2008.04.15 12:48:10.957,1.7083,1.7087,0.20,0.10
2008.04.15 12:48:11.239,1.7083,1.7087,0.30,0.10
2008.04.15 12:48:11.670,1.7083,1.7087,0.30,0.10
2008.04.15 12:48:11.949,1.7083,1.7087,0.30,0.10
2008.04.15 12:48:12.230,1.70835,1.70875,0.10,0.10
2008.04.15 12:48:13.511,1.70835,1.70875,0.10,0.10
2008.04.15 12:48:16.096,1.7084,1.7088,0.10,0.40
2008.04.15 12:48:16.433,1.7084,1.7088,0.40,0.30
2008.04.15 12:48:16.673,1.7085,1.7089,0.20,0.40
2008.04.15 12:48:16.911,1.7085,1.7089,0.20,0.40
2008.04.15 12:48:17.165,1.7085,1.7088,0.20,0.10
2008.04.15 12:48:17.424,1.70835,1.7088,0.10,0.40
2008.04.15 12:48:17.700,1.7083,1.7088,0.60,0.40
2008.04.15 12:48:18.184,1.7083,1.7088,0.60,0.40
2008.04.15 12:48:18.439,1.7085,1.7089,0.20,0.40
2008.04.15 12:48:18.693,1.7085,1.7089,0.20,0.40
2008.04.15 12:48:19.239,1.7085,1.7089,0.20,0.40
2008.04.15 12:48:19.460,1.70835,1.7088,0.10,0.40
2008.04.15 12:48:24.321,1.7083,1.7086,0.60,0.30
2008.04.15 12:48:24.565,1.7083,1.7086,0.30,0.30
2008.04.15 12:48:25.231,1.7083,1.7086,0.30,0.30
2008.04.15 12:48:25.453,1.7083,1.70865,0.20,0.10
2008.04.15 12:48:25.742,1.7083,1.70865,0.20,0.10
2008.04.15 12:48:26.033,1.7083,1.7086,0.20,0.30
2008.04.15 12:48:26.324,1.7083,1.7085,0.20,0.30
2008.04.15 12:48:26.595,1.7083,1.7085,0.20,0.30
2008.04.15 12:48:26.841,1.7083,1.7085,0.20,0.30
2008.04.15 12:48:27.086,1.7083,1.70875,0.20,0.10
2008.04.15 12:48:27.433,1.7083,1.70875,0.20,0.10
2008.04.15 12:48:27.953,1.7083,1.70875,0.20,0.10
2008.04.15 12:48:28.227,1.7083,1.70875,0.20,0.10
2008.04.15 12:48:28.503,1.70825,1.7084,0.10,0.30
2008.04.15 12:48:28.764,1.70825,1.7084,0.10,0.30
2008.04.15 12:48:29.024,1.7081,1.70855,0.30,0.10
2008.04.15 12:48:29.419,1.7081,1.70855,0.30,0.10
2008.04.15 12:48:29.869,1.7081,1.70855,0.30,0.10
2008.04.15 12:48:30.145,1.7081,1.70855,0.30,0.10
2008.04.15 12:48:30.464,1.7081,1.70855,0.30,0.10
2008.04.15 12:48:30.901,1.7081,1.70855,0.30,0.10
2008.04.15 12:48:31.304,1.7081,1.70855,0.30,0.10
2008.04.15 12:48:31.544,1.7081,1.7083,0.20,0.30
2008.04.15 12:48:31.823,1.7081,1.7083,0.20,0.30
2008.04.15 12:48:32.102,1.7081,1.7085,0.20,0.40
2008.04.15 12:48:32.382,1.7081,1.7085,0.20,0.30
2008.04.15 12:48:32.661,1.7081,1.7085,0.20,0.40
2008.04.15 12:48:32.934,1.7081,1.7085,0.30,0.40
2008.04.15 12:48:33.173,1.7081,1.7085,0.30,0.40
2008.04.15 12:48:33.422,1.7081,1.7085,0.20,0.40
2008.04.15 12:48:33.672,1.7081,1.7084,0.20,0.10
2008.04.15 12:48:33.943,1.70795,1.7084,0.10,0.40
2008.04.15 12:48:34.363,1.70795,1.7084,0.10,0.40
2008.04.15 12:48:34.701,1.70795,1.70835,0.10,0.10
2008.04.15 12:48:35.005,1.7079,1.70835,0.20,0.10
2008.04.15 12:48:35.324,1.7079,1.70825,0.20,0.10
2008.04.15 12:48:35.743,1.7079,1.70825,0.20,0.10
2008.04.15 12:48:36.004,1.70785,1.7082,0.10,0.10
2008.04.15 12:48:36.238,1.70785,1.7082,0.10,0.10
2008.04.15 12:48:36.473,1.70785,1.7083,0.10,0.10
2008.04.15 12:48:36.707,1.7079,1.70835,0.80,0.10
2008.04.15 12:48:37.002,1.7079,1.70835,0.80,0.10
2008.04.15 12:48:38.444,1.70795,1.70835,0.10,0.10
2008.04.15 12:48:39.889,1.70795,1.70835,0.10,0.10
2008.04.15 12:48:40.786,1.70795,1.70845,0.40,0.40
2008.04.15 12:48:41.005,1.70795,1.70845,0.40,0.40
2008.04.15 12:48:41.319,1.70795,1.70845,0.40,0.40
2008.04.15 12:48:41.539,1.70805,1.70855,0.30,0.40
2008.04.15 12:48:41.884,1.70805,1.70855,0.30,0.40
2008.04.15 12:48:42.976,1.70815,1.70855,0.30,0.30
2008.04.15 12:48:43.195,1.70815,1.7086,0.30,0.30
2008.04.15 12:48:43.451,1.70805,1.70855,0.30,0.10
2008.04.15 12:48:43.668,1.70805,1.70855,0.30,0.10
2008.04.15 12:48:44.161,1.70805,1.70855,0.40,0.10
2008.04.15 12:48:44.645,1.70805,1.70855,0.40,0.10
2008.04.15 12:48:45.372,1.70805,1.70855,0.40,0.10
2008.04.15 12:48:46.741,1.7081,1.70855,0.10,0.10
2008.04.15 12:48:47.651,1.7081,1.70855,0.10,0.10
2008.04.15 12:48:47.881,1.7082,1.7087,0.30,0.40
2008.04.15 12:48:48.110,1.7082,1.7087,0.30,0.40
2008.04.15 12:48:48.399,1.7082,1.7087,0.30,0.40
2008.04.15 12:48:50.933,1.7082,1.7087,0.30,0.40
2008.04.15 12:48:51.239,1.70825,1.70875,0.40,0.10
2008.04.15 12:48:51.543,1.70825,1.70875,0.30,0.10
2008.04.15 12:48:51.866,1.70825,1.70875,0.30,0.40
2008.04.15 12:48:52.096,1.70825,1.70875,0.30,0.40
2008.04.15 12:48:52.379,1.70815,1.70865,0.40,0.10
2008.04.15 12:48:52.584,1.7082,1.7087,0.40,0.10
2008.04.15 12:48:52.787,1.7082,1.7087,0.60,0.10
2008.04.15 12:48:52.993,1.70825,1.7087,0.10,0.10
2008.04.15 12:48:53.323,1.70825,1.7087,0.10,0.10
2008.04.15 12:48:53.699,1.70825,1.7087,0.10,0.10
2008.04.15 12:48:54.724,1.70825,1.7087,0.10,0.10
2008.04.15 12:48:55.234,1.70825,1.7087,0.10,0.10
2008.04.15 12:48:55.494,1.70835,1.70875,0.10,0.10
2008.04.15 12:48:55.875,1.70835,1.70875,0.10,0.10
2008.04.15 12:48:56.111,1.7084,1.70875,0.20,0.10
2008.04.15 12:48:56.405,1.70845,1.70895,0.40,0.10
2008.04.15 12:48:56.700,1.70845,1.7088,0.30,0.30
2008.04.15 12:48:56.995,1.70845,1.7088,0.30,0.30
2008.04.15 12:48:57.265,1.70845,1.70895,0.30,0.40
2008.04.15 12:48:57.535,1.70845,1.7088,0.30,0.30
2008.04.15 12:48:57.803,1.70845,1.7088,0.30,0.30
2008.04.15 12:48:58.073,1.70845,1.70895,0.30,0.40
2008.04.15 12:48:58.634,1.70845,1.70895,0.30,0.40
2008.04.15 12:48:58.901,1.70845,1.70895,0.30,0.40
2008.04.15 12:48:59.145,1.70845,1.7088,0.30,0.30
2008.04.15 12:48:59.470,1.70845,1.7088,0.30,0.30
2008.04.15 12:48:59.760,1.70845,1.70895,0.30,0.40
2008.04.15 12:49:00.078,1.70845,1.70895,0.30,0.40
2008.04.15 12:49:00.307,1.70845,1.7089,0.30,0.30
2008.04.15 12:49:01.364,1.70845,1.7089,0.30,0.30
2008.04.15 12:49:01.669,1.70835,1.70885,0.40,0.10
2008.04.15 12:49:02.232,1.70835,1.70885,0.40,0.10
2008.04.15 12:49:02.472,1.70835,1.70885,0.30,0.10
2008.04.15 12:49:02.858,1.7086,1.70885,0.30,0.30
2008.04.15 12:49:03.100,1.7086,1.70905,0.50,0.30
2008.04.15 12:49:03.397,1.7087,1.7091,0.30,0.30
2008.04.15 12:49:03.694,1.7087,1.70915,0.30,0.30
2008.04.15 12:49:04.025,1.7088,1.70925,0.30,0.30
2008.04.15 12:49:04.261,1.70875,1.7092,0.30,0.30
2008.04.15 12:49:04.495,1.70875,1.7092,0.30,0.30
2008.04.15 12:49:04.730,1.7087,1.7092,0.50,0.40
2008.04.15 12:49:04.965,1.7088,1.7092,0.30,0.30
2008.04.15 12:49:05.223,1.70875,1.7092,0.30,0.30
2008.04.15 12:49:05.521,1.70875,1.70925,0.30,0.40
2008.04.15 12:49:05.840,1.70875,1.70925,0.40,0.10
2008.04.15 12:49:06.159,1.70875,1.70925,0.30,0.10
2008.04.15 12:49:06.451,1.70875,1.70925,0.30,0.40
2008.04.15 12:49:06.932,1.70875,1.70925,0.30,0.40
2008.04.15 12:49:07.182,1.7088,1.7093,0.30,0.40
2008.04.15 12:49:07.448,1.7087,1.70915,0.30,0.10
2008.04.15 12:49:07.712,1.7087,1.70915,0.20,0.10
2008.04.15 12:49:08.005,1.70885,1.7092,0.30,0.30
2008.04.15 12:49:08.269,1.7089,1.7093,0.20,0.30
2008.04.15 12:49:08.583,1.7089,1.7093,0.20,0.60
2008.04.15 12:49:08.867,1.7089,1.70925,0.20,0.10
2008.04.15 12:49:09.181,1.7089,1.7091,0.20,0.30
2008.04.15 12:49:09.474,1.7089,1.7091,0.20,0.30
2008.04.15 12:49:09.714,1.7089,1.7091,0.20,0.30
2008.04.15 12:49:09.958,1.7089,1.7093,0.20,0.40
2008.04.15 12:49:10.221,1.7089,1.7093,0.20,0.40
2008.04.15 12:49:10.497,1.7089,1.7093,0.20,0.50
2008.04.15 12:49:10.973,1.7089,1.7093,0.20,0.60
2008.04.15 12:49:11.248,1.7089,1.7093,0.20,0.60
2008.04.15 12:49:11.684,1.7089,1.7093,0.20,0.60
2008.04.15 12:49:11.942,1.7089,1.7092,0.20,0.30
2008.04.15 12:49:12.203,1.7089,1.7092,0.20,0.30
2008.04.15 12:49:14.345,1.7089,1.7092,0.20,0.30
2008.04.15 12:49:14.588,1.7089,1.7093,0.20,0.30
2008.04.15 12:49:15.011,1.7089,1.7093,0.20,0.30
2008.04.15 12:49:15.403,1.7089,1.7093,0.20,1.80
2008.04.15 12:49:15.693,1.7089,1.7092,0.20,0.30
2008.04.15 12:49:15.983,1.7089,1.7093,0.20,0.30
2008.04.15 12:49:16.273,1.7089,1.7094,0.50,0.50
2008.04.15 12:49:16.563,1.7089,1.7092,0.50,0.30
2008.04.15 12:49:16.833,1.7089,1.7092,0.20,0.30
2008.04.15 12:49:17.080,1.709,1.7094,0.20,2.80
2008.04.15 12:49:17.333,1.709,1.7094,0.20,2.00
2008.04.15 12:49:17.603,1.7089,1.7093,0.20,0.60
2008.04.15 12:49:17.888,1.7089,1.7093,0.20,0.30
2008.04.15 12:49:18.174,1.7089,1.7092,0.50,0.30
2008.04.15 12:49:18.458,1.7089,1.7092,0.50,0.30
2008.04.15 12:49:18.703,1.7089,1.70935,0.50,0.30
2008.04.15 12:49:18.946,1.7089,1.7093,0.20,0.10
2008.04.15 12:49:19.204,1.7088,1.7092,0.30,0.30
2008.04.15 12:49:19.536,1.7088,1.7092,0.30,0.30
2008.04.15 12:49:20.456,1.70875,1.7092,0.30,0.30
2008.04.15 12:49:20.782,1.70875,1.7092,0.30,0.30
2008.04.15 12:49:21.036,1.70885,1.7092,0.30,0.30
2008.04.15 12:49:21.291,1.7089,1.7093,0.30,0.30
2008.04.15 12:49:21.568,1.7089,1.7093,0.80,0.60
2008.04.15 12:49:21.854,1.7089,1.7093,0.20,1.00
2008.04.15 12:49:22.140,1.70875,1.70925,0.40,0.10
2008.04.15 12:49:22.426,1.70875,1.70925,0.40,0.10
2008.04.15 12:49:22.734,1.7088,1.7093,0.30,0.50
2008.04.15 12:49:22.984,1.7088,1.7093,0.30,0.50
2008.04.15 12:49:23.254,1.7088,1.7092,0.30,0.30
2008.04.15 12:49:25.163,1.7088,1.7092,0.30,0.60
2008.04.15 12:49:25.402,1.70885,1.7091,0.30,0.30
2008.04.15 12:49:25.642,1.70885,1.7092,0.30,0.30
2008.04.15 12:49:26.217,1.70885,1.7092,0.30,0.30
2008.04.15 12:49:27.913,1.70885,1.7093,0.30,0.30
2008.04.15 12:49:28.163,1.70885,1.70935,0.40,0.40
2008.04.15 12:49:28.412,1.70885,1.70935,0.40,0.10
2008.04.15 12:49:28.688,1.7089,1.7094,0.30,0.50
2008.04.15 12:49:28.973,1.7089,1.7094,0.50,0.40
2008.04.15 12:49:29.256,1.70895,1.70945,0.30,0.40
2008.04.15 12:49:29.655,1.70895,1.70945,0.30,0.40
2008.04.15 12:49:30.170,1.70895,1.70945,0.30,0.40
2008.04.15 12:49:30.669,1.70895,1.7094,0.30,0.30
2008.04.15 12:49:30.929,1.7089,1.7094,0.60,0.40
2008.04.15 12:49:31.189,1.70885,1.70935,0.30,0.40
2008.04.15 12:49:31.449,1.7088,1.70925,1.80,0.10
2008.04.15 12:49:31.707,1.7088,1.7092,0.30,0.30
2008.04.15 12:49:32.200,1.7088,1.7092,0.30,0.30
2008.04.15 12:49:34.674,1.7088,1.7092,1.80,0.30
2008.04.15 12:49:34.908,1.7089,1.70935,0.30,0.10
2008.04.15 12:49:35.181,1.7089,1.70935,0.30,0.10
2008.04.15 12:49:35.665,1.7089,1.70935,0.30,0.10
2008.04.15 12:49:36.925,1.7089,1.70935,0.30,0.10
2008.04.15 12:49:37.690,1.7089,1.70935,0.30,0.10
2008.04.15 12:49:37.909,1.70895,1.70935,0.10,0.10
2008.04.15 12:49:38.207,1.70895,1.7092,0.10,0.30
2008.04.15 12:49:38.476,1.709,1.7092,0.20,0.30
2008.04.15 12:49:38.746,1.70915,1.7093,0.30,0.30
2008.04.15 12:49:39.038,1.70915,1.7093,0.30,0.30
2008.04.15 12:49:39.326,1.70915,1.7093,0.30,0.30
2008.04.15 12:49:39.631,1.7089,1.7092,3.20,0.30
2008.04.15 12:49:39.937,1.7089,1.7092,0.20,0.30
2008.04.15 12:49:40.182,1.7089,1.7092,0.50,0.30
2008.04.15 12:49:40.427,1.7089,1.7092,0.20,0.30
2008.04.15 12:49:40.676,1.7089,1.7092,0.20,0.30
2008.04.15 12:49:40.935,1.70885,1.70935,0.40,0.10
2008.04.15 12:49:41.212,1.7089,1.7092,0.30,0.30
2008.04.15 12:49:41.482,1.70895,1.7092,0.30,0.30
2008.04.15 12:49:41.751,1.70885,1.7092,0.30,0.30
2008.04.15 12:49:42.056,1.70885,1.7092,0.30,0.30
2008.04.15 12:49:42.328,1.7088,1.70925,0.50,0.30
2008.04.15 12:49:42.611,1.7088,1.7092,0.50,0.30
2008.04.15 12:49:42.916,1.7088,1.7092,0.50,0.30
2008.04.15 12:49:43.186,1.7088,1.7092,0.50,0.30
2008.04.15 12:49:43.455,1.7088,1.7092,0.50,0.30
2008.04.15 12:49:44.511,1.7088,1.7093,0.50,1.10
2008.04.15 12:49:44.766,1.7088,1.70925,0.50,0.30
2008.04.15 12:49:45.060,1.7088,1.70925,0.50,0.30
2008.04.15 12:49:45.330,1.7088,1.7092,0.50,0.30
2008.04.15 12:49:45.608,1.7088,1.70925,0.50,0.30
2008.04.15 12:49:45.988,1.7088,1.7091,0.20,0.10
2008.04.15 12:49:46.244,1.7088,1.709,0.20,0.30
2008.04.15 12:49:46.585,1.7088,1.709,0.20,0.30
2008.04.15 12:49:46.885,1.7086,1.7089,0.20,0.30
2008.04.15 12:49:47.185,1.7086,1.7089,0.20,0.30
2008.04.15 12:49:48.686,1.7086,1.7089,0.20,0.30
2008.04.15 12:49:48.960,1.7086,1.7089,0.20,0.30
2008.04.15 12:49:49.258,1.7086,1.7088,0.20,0.30
2008.04.15 12:49:49.657,1.7086,1.7088,0.20,0.30
2008.04.15 12:49:49.956,1.7086,1.7088,0.20,0.30
2008.04.15 12:49:50.589,1.7086,1.7088,0.20,0.30
2008.04.15 12:49:50.879,1.7084,1.7088,0.30,0.30
2008.04.15 12:49:51.211,1.7084,1.7088,0.30,0.30
2008.04.15 12:49:51.457,1.7085,1.7088,0.20,0.30
2008.04.15 12:49:51.967,1.7085,1.7088,0.20,0.30
2008.04.15 12:49:52.394,1.7085,1.7088,0.20,0.30
2008.04.15 12:49:52.979,1.7085,1.7088,0.20,0.30
2008.04.15 12:49:54.469,1.7085,1.7088,0.20,0.30
2008.04.15 12:49:54.925,1.7085,1.7088,0.20,0.30
2008.04.15 12:49:55.184,1.7085,1.7088,0.20,0.10
2008.04.15 12:49:55.444,1.7086,1.7091,0.40,2.10
2008.04.15 12:49:55.714,1.7086,1.7091,0.40,0.40
2008.04.15 12:49:56.009,1.7087,1.7092,0.30,0.40
2008.04.15 12:49:56.279,1.7087,1.7092,0.60,0.10
2008.04.15 12:49:56.543,1.7088,1.70925,0.30,0.30
2008.04.15 12:49:57.455,1.7088,1.70925,0.30,0.30
2008.04.15 12:49:57.744,1.7088,1.70925,0.30,0.30
2008.04.15 12:49:58.093,1.7087,1.7092,0.60,0.40
2008.04.15 12:49:58.383,1.7087,1.7092,0.50,0.40
2008.04.15 12:49:58.671,1.7088,1.7092,0.20,0.40
2008.04.15 12:49:58.931,1.7088,1.7092,0.20,0.30
2008.04.15 12:49:59.190,1.7088,1.7092,0.50,0.30
2008.04.15 12:49:59.454,1.7088,1.7092,0.50,0.30
2008.04.15 12:49:59.938,1.7088,1.7092,0.50,0.30
2008.04.15 12:50:00.218,1.7088,1.7092,0.50,0.30
2008.04.15 12:50:00.497,1.7088,1.7092,0.20,0.40
2008.04.15 12:50:00.742,1.7087,1.7092,1.10,0.40
2008.04.15 12:50:01.167,1.7087,1.7092,1.10,0.40
2008.04.15 12:50:01.410,1.7087,1.7092,1.10,0.40
2008.04.15 12:50:02.022,1.7087,1.7092,1.10,0.40
2008.04.15 12:50:02.325,1.7088,1.7092,0.20,0.40
2008.04.15 12:50:02.578,1.7087,1.7092,1.00,0.40
2008.04.15 12:50:02.816,1.7087,1.7092,1.00,0.40
2008.04.15 12:50:03.039,1.7088,1.7092,0.20,0.40
2008.04.15 12:50:03.263,1.7088,1.7092,0.20,0.40
2008.04.15 12:50:03.529,1.7087,1.7092,1.10,0.40
2008.04.15 12:50:03.858,1.7087,1.7092,1.10,0.40
2008.04.15 12:50:04.216,1.7087,1.7092,0.40,0.50
2008.04.15 12:50:04.547,1.7087,1.70915,0.10,0.10
2008.04.15 12:50:04.949,1.70865,1.70915,0.40,0.10
2008.04.15 12:50:05.504,1.70865,1.70915,0.40,0.10
2008.04.15 12:50:05.799,1.70875,1.70925,0.30,0.40
2008.04.15 12:50:06.411,1.70875,1.70925,0.30,0.40
2008.04.15 12:50:06.658,1.70885,1.70935,0.30,0.40
2008.04.15 12:50:06.992,1.7089,1.70935,0.30,0.30
2008.04.15 12:50:07.237,1.70895,1.7094,0.30,1.80
2008.04.15 12:50:07.483,1.70895,1.7093,0.30,0.30
2008.04.15 12:50:07.796,1.709,1.7094,0.80,0.30
2008.04.15 12:50:08.085,1.709,1.70945,1.00,0.30
2008.04.15 12:50:08.399,1.709,1.70945,1.00,0.30
2008.04.15 12:50:08.693,1.709,1.70945,1.00,0.30
2008.04.15 12:50:09.139,1.709,1.70945,0.30,0.30
2008.04.15 12:50:09.609,1.709,1.70945,0.30,0.30
2008.04.15 12:50:09.800,1.7091,1.70945,0.30,0.30
2008.04.15 12:50:10.016,1.709,1.7095,1.10,0.50
2008.04.15 12:50:10.231,1.709,1.7095,1.10,2.10
2008.04.15 12:50:10.445,1.70895,1.7094,0.30,0.30
2008.04.15 12:50:10.767,1.709,1.7095,0.30,0.40
2008.04.15 12:50:11.188,1.709,1.7095,0.30,0.40
2008.04.15 12:50:11.507,1.709,1.7095,0.30,1.90
2008.04.15 12:50:11.733,1.709,1.7094,0.20,0.10
2008.04.15 12:50:11.958,1.709,1.7094,0.20,0.10
2008.04.15 12:50:12.218,1.70895,1.70945,0.40,0.10
2008.04.15 12:50:12.533,1.70895,1.70945,0.40,0.10
2008.04.15 12:50:12.841,1.709,1.70945,0.20,0.10
2008.04.15 12:50:13.175,1.709,1.7095,1.10,0.40
2008.04.15 12:50:13.509,1.70905,1.70955,0.30,0.40
2008.04.15 12:50:13.844,1.70905,1.70955,0.40,0.10
2008.04.15 12:50:14.078,1.7092,1.70955,0.20,0.10
2008.04.15 12:50:14.311,1.7092,1.70955,0.20,0.10
2008.04.15 12:50:14.554,1.70905,1.70955,0.40,0.10
2008.04.15 12:50:14.848,1.70905,1.70955,0.30,0.40
2008.04.15 12:50:15.170,1.709,1.7094,0.30,0.40
2008.04.15 12:50:15.463,1.709,1.7094,0.20,0.40
2008.04.15 12:50:16.487,1.709,1.7094,0.20,0.40
2008.04.15 12:50:17.430,1.709,1.7094,0.20,0.40
2008.04.15 12:50:17.645,1.7089,1.7093,0.20,0.30
2008.04.15 12:50:18.223,1.7089,1.7093,0.20,0.30
2008.04.15 12:50:18.497,1.7089,1.7093,0.20,0.40
2008.04.15 12:50:18.920,1.7089,1.7093,0.20,0.40
2008.04.15 12:50:19.170,1.7089,1.7093,0.20,0.40
2008.04.15 12:50:19.476,1.7089,1.7093,0.20,0.40
2008.04.15 12:50:20.187,1.7089,1.7093,0.20,0.40
2008.04.15 12:50:20.466,1.7088,1.7092,0.20,0.30
2008.04.15 12:50:20.724,1.7088,1.7092,0.20,0.30
2008.04.15 12:50:20.982,1.7088,1.7092,0.20,0.30
2008.04.15 12:50:21.243,1.7088,1.7092,0.20,0.30
2008.04.15 12:50:21.503,1.7088,1.7092,0.20,0.40
2008.04.15 12:50:22.115,1.7088,1.7092,0.20,0.40
2008.04.15 12:50:22.373,1.7088,1.7092,0.20,0.40
2008.04.15 12:50:24.692,1.7088,1.7092,0.20,0.40
2008.04.15 12:50:24.987,1.7088,1.7092,0.20,0.30
2008.04.15 12:50:25.257,1.7088,1.7092,0.20,0.40
2008.04.15 12:50:25.676,1.7088,1.7092,0.20,0.40
2008.04.15 12:50:25.958,1.7088,1.7092,0.20,0.30
2008.04.15 12:50:26.214,1.7088,1.7092,0.20,0.40
2008.04.15 12:50:26.649,1.7088,1.7092,0.20,0.40
2008.04.15 12:50:27.130,1.7088,1.7092,0.20,0.40
2008.04.15 12:50:27.411,1.7088,1.7092,0.20,0.40
2008.04.15 12:50:28.631,1.7088,1.7092,0.20,0.40
2008.04.15 12:50:28.959,1.7088,1.7092,0.20,0.40
2008.04.15 12:50:30.260,1.7088,1.7092,0.20,0.40
2008.04.15 12:50:30.654,1.7088,1.70915,0.20,0.10
2008.04.15 12:50:30.872,1.70865,1.7091,0.40,0.40
2008.04.15 12:50:31.492,1.70865,1.7091,0.40,0.40
2008.04.15 12:50:31.770,1.7086,1.70905,0.60,0.10
2008.04.15 12:50:32.086,1.7088,1.7091,0.30,0.30
2008.04.15 12:50:32.332,1.7088,1.7092,0.30,0.30
2008.04.15 12:50:32.675,1.7088,1.7092,0.30,0.30
2008.04.15 12:50:32.934,1.70885,1.7092,0.30,0.30
2008.04.15 12:50:33.200,1.70895,1.7093,0.30,0.60
2008.04.15 12:50:33.570,1.70895,1.7093,0.30,0.60
2008.04.15 12:50:33.844,1.70895,1.70925,0.30,0.30
2008.04.15 12:50:34.135,1.70895,1.70925,0.30,0.30
2008.04.15 12:50:34.405,1.709,1.7093,0.20,0.60
2008.04.15 12:50:34.676,1.7089,1.7093,0.30,2.00
2008.04.15 12:50:34.946,1.70895,1.7093,0.30,0.60
2008.04.15 12:50:35.216,1.70885,1.7093,0.30,0.50
2008.04.15 12:50:35.525,1.7088,1.7092,0.50,0.30
2008.04.15 12:50:35.785,1.7088,1.7092,0.50,0.30
2008.04.15 12:50:36.069,1.7088,1.7092,0.50,0.30
2008.04.15 12:50:37.066,1.7088,1.7092,0.50,0.30
2008.04.15 12:50:37.562,1.7088,1.7092,0.50,0.40
2008.04.15 12:50:37.785,1.7088,1.7092,0.30,0.50
2008.04.15 12:50:37.981,1.7088,1.7091,0.30,0.30
2008.04.15 12:50:38.181,1.7087,1.70905,0.50,0.30
2008.04.15 12:50:38.516,1.7088,1.70915,0.50,0.30
2008.04.15 12:50:38.851,1.7087,1.7091,0.80,0.50
2008.04.15 12:50:39.203,1.7087,1.7091,0.20,0.40
2008.04.15 12:50:39.438,1.7087,1.7091,0.90,0.40
2008.04.15 12:50:39.678,1.70875,1.7091,0.30,0.30
2008.04.15 12:50:40.020,1.70875,1.7091,0.30,0.30
2008.04.15 12:50:40.255,1.70865,1.7091,0.30,0.40
2008.04.15 12:50:40.626,1.70865,1.7091,0.30,0.40
2008.04.15 12:50:40.922,1.7087,1.70905,0.90,0.10
2008.04.15 12:50:41.236,1.70865,1.70905,0.30,0.10
2008.04.15 12:50:41.989,1.70865,1.70905,0.30,0.10
2008.04.15 12:50:42.225,1.70855,1.709,0.30,0.10
2008.04.15 12:50:42.525,1.7086,1.70905,0.30,0.10
2008.04.15 12:50:42.806,1.7086,1.70905,0.40,0.10
2008.04.15 12:50:43.087,1.70865,1.70905,0.10,0.10
2008.04.15 12:50:43.350,1.70865,1.70905,0.10,0.10
2008.04.15 12:50:43.636,1.70865,1.7091,0.40,0.10
2008.04.15 12:50:44.638,1.70865,1.7091,0.40,0.10
2008.04.15 12:50:44.844,1.70875,1.7092,0.30,0.10
2008.04.15 12:50:45.645,1.70875,1.7092,0.30,0.10
2008.04.15 12:50:45.951,1.7087,1.7091,0.20,0.10
2008.04.15 12:50:46.246,1.7087,1.70915,0.60,0.10
2008.04.15 12:50:46.502,1.7087,1.70915,0.40,0.10
2008.04.15 12:50:46.757,1.7087,1.7091,0.10,0.10
2008.04.15 12:50:47.188,1.7087,1.7091,0.10,0.10
2008.04.15 12:50:47.442,1.7087,1.7091,0.10,0.10
2008.04.15 12:50:48.712,1.7087,1.7091,0.10,0.10
2008.04.15 12:50:48.952,1.7087,1.70915,0.40,0.10
2008.04.15 12:50:49.220,1.7087,1.7091,0.40,0.30
2008.04.15 12:50:49.460,1.7087,1.7091,0.30,0.60
2008.04.15 12:50:49.715,1.7087,1.70915,0.30,0.10
2008.04.15 12:50:50.148,1.7087,1.70915,0.30,0.10
2008.04.15 12:50:50.665,1.7087,1.70915,0.30,0.10
2008.04.15 12:50:50.922,1.7087,1.70915,1.90,0.10
2008.04.15 12:50:51.190,1.7087,1.70915,0.40,0.10
2008.04.15 12:50:51.453,1.7087,1.70915,0.40,0.10
2008.04.15 12:50:51.926,1.7087,1.70915,0.40,0.10
2008.04.15 12:50:52.183,1.70875,1.7092,0.30,0.10
2008.04.15 12:50:53.989,1.70875,1.7092,0.30,0.10
2008.04.15 12:50:54.220,1.7087,1.70915,0.30,0.10
2008.04.15 12:50:54.745,1.7087,1.70915,0.30,0.10
2008.04.15 12:50:55.015,1.70875,1.7092,0.30,0.10
2008.04.15 12:50:55.283,1.70875,1.7092,0.30,0.10
2008.04.15 12:50:55.656,1.70875,1.7092,0.30,0.10
2008.04.15 12:50:55.911,1.70875,1.7092,0.30,0.50
2008.04.15 12:50:56.165,1.7087,1.70915,0.30,0.10
2008.04.15 12:50:56.647,1.7087,1.70915,0.30,0.40
2008.04.15 12:51:04.178,1.7087,1.70915,0.30,0.40
2008.04.15 12:51:10.612,1.7087,1.70915,0.30,0.40
2008.04.15 12:51:10.859,1.7088,1.70915,0.20,0.10
2008.04.15 12:51:11.121,1.7088,1.7092,0.50,0.40
2008.04.15 12:51:11.444,1.7088,1.7092,0.50,0.50
2008.04.15 12:51:11.814,1.709,1.7092,0.20,0.50
2008.04.15 12:51:12.095,1.709,1.7092,0.20,0.40
2008.04.15 12:51:12.368,1.7088,1.7092,0.50,0.40
2008.04.15 12:51:12.682,1.7088,1.7092,0.50,0.40
2008.04.15 12:51:12.938,1.7088,1.7092,0.50,0.40
2008.04.15 12:51:13.231,1.7088,1.7092,0.50,0.50
2008.04.15 12:51:13.497,1.7087,1.70915,0.30,0.10
2008.04.15 12:51:14.189,1.7087,1.70915,0.30,0.10
2008.04.15 12:51:14.453,1.7088,1.70915,0.20,0.10
2008.04.15 12:51:14.717,1.7088,1.7092,0.50,0.40
2008.04.15 12:51:15.122,1.7088,1.70915,0.20,0.10
2008.04.15 12:51:15.402,1.7087,1.70915,0.30,0.40
2008.04.15 12:51:16.088,1.7087,1.70915,0.30,0.40
2008.04.15 12:51:16.658,1.7087,1.7091,0.80,0.10
2008.04.15 12:51:16.929,1.7088,1.7091,0.20,0.10
2008.04.15 12:51:17.197,1.7087,1.7091,0.80,0.10
2008.04.15 12:51:17.457,1.70865,1.7091,0.30,0.10
2008.04.15 12:51:17.713,1.7088,1.7091,0.20,0.10
2008.04.15 12:51:17.967,1.7088,1.7091,0.20,0.10
2008.04.15 12:51:18.221,1.7087,1.7091,0.80,0.10
2008.04.15 12:51:18.491,1.70865,1.7091,0.30,0.10
2008.04.15 12:51:22.671,1.70865,1.7091,0.30,0.10
2008.04.15 12:51:22.886,1.7088,1.7091,0.20,0.10
2008.04.15 12:51:23.100,1.7088,1.7092,0.20,0.40
2008.04.15 12:51:23.353,1.7088,1.7092,0.20,0.40
2008.04.15 12:51:23.669,1.7088,1.7092,0.20,0.40
2008.04.15 12:51:23.933,1.7088,1.7092,0.20,0.40
2008.04.15 12:51:26.060,1.7088,1.7092,0.20,0.40
2008.04.15 12:51:26.296,1.709,1.7092,0.20,0.30
2008.04.15 12:51:26.570,1.709,1.7092,0.20,0.30
2008.04.15 12:51:27.020,1.709,1.7092,0.20,0.30
2008.04.15 12:51:27.295,1.7089,1.7091,0.20,0.30
2008.04.15 12:51:27.570,1.7089,1.7091,0.20,0.30
2008.04.15 12:51:27.853,1.7089,1.7091,0.20,0.30
2008.04.15 12:51:28.171,1.7089,1.7091,0.20,0.30
2008.04.15 12:51:28.422,1.7089,1.7091,0.20,0.30
2008.04.15 12:51:28.671,1.7089,1.7091,0.20,0.30
2008.04.15 12:51:28.943,1.7089,1.70925,0.20,0.10
2008.04.15 12:51:29.454,1.7089,1.70925,0.20,0.10
2008.04.15 12:51:29.713,1.7089,1.7092,0.20,0.10
2008.04.15 12:51:29.972,1.7089,1.7091,0.20,0.30
2008.04.15 12:51:30.231,1.7089,1.70925,0.20,0.10
2008.04.15 12:51:30.490,1.7089,1.70925,0.20,0.10
2008.04.15 12:51:30.789,1.709,1.70925,0.20,0.10
2008.04.15 12:51:31.089,1.709,1.70925,0.20,0.10
2008.04.15 12:51:31.560,1.709,1.70925,0.20,0.10
2008.04.15 12:51:32.230,1.709,1.70925,0.20,0.10
2008.04.15 12:51:32.495,1.709,1.70925,0.20,0.10
2008.04.15 12:51:32.730,1.7089,1.70925,1.00,0.10
2008.04.15 12:51:32.965,1.7089,1.70925,0.20,0.10
2008.04.15 12:51:34.201,1.709,1.70925,0.20,0.10
2008.04.15 12:51:34.479,1.709,1.70925,0.20,0.10
2008.04.15 12:51:34.764,1.7089,1.70925,0.90,0.10
2008.04.15 12:51:35.050,1.7089,1.70925,0.20,0.10
2008.04.15 12:51:35.616,1.7089,1.70925,0.20,0.10
2008.04.15 12:51:35.865,1.7089,1.70925,0.20,0.10
2008.04.15 12:51:36.223,1.7089,1.70925,0.20,0.10
2008.04.15 12:51:36.473,1.7089,1.7092,0.20,0.10
2008.04.15 12:51:36.762,1.70875,1.7091,0.10,0.40
2008.04.15 12:51:37.051,1.70875,1.7091,0.10,0.40
2008.04.15 12:51:37.340,1.7089,1.7091,0.20,0.40
2008.04.15 12:51:37.630,1.7089,1.7091,0.20,0.40
2008.04.15 12:51:38.313,1.7089,1.7091,0.20,0.40
2008.04.15 12:51:38.636,1.7089,1.7091,0.20,0.40
2008.04.15 12:51:38.886,1.7089,1.7091,0.20,0.40
2008.04.15 12:51:40.571,1.7089,1.7091,0.20,0.30
2008.04.15 12:51:41.163,1.7089,1.7091,0.20,0.30
2008.04.15 12:51:41.393,1.7089,1.7091,0.20,0.30
2008.04.15 12:51:42.778,1.7089,1.7091,0.20,0.30
2008.04.15 12:51:42.982,1.7089,1.7091,0.20,0.30
2008.04.15 12:51:44.633,1.7089,1.7091,0.20,0.30
2008.04.15 12:51:44.867,1.7089,1.70925,0.20,0.40
2008.04.15 12:51:45.101,1.7089,1.70925,0.20,0.10
2008.04.15 12:51:45.348,1.7089,1.70925,0.20,0.10
2008.04.15 12:51:45.647,1.7089,1.70925,0.20,0.10
2008.04.15 12:51:48.633,1.7089,1.70925,0.20,0.10
2008.04.15 12:51:48.878,1.70875,1.7092,0.40,0.10
2008.04.15 12:51:51.010,1.70875,1.7092,0.40,0.10
2008.04.15 12:51:51.607,1.70875,1.7092,0.40,0.10
2008.04.15 12:51:51.865,1.7087,1.7091,0.50,0.10
2008.04.15 12:51:52.116,1.70865,1.70905,0.30,0.10
2008.04.15 12:51:52.367,1.70875,1.7092,0.30,0.50
2008.04.15 12:51:52.617,1.7087,1.70905,0.10,0.10
2008.04.15 12:51:52.867,1.70865,1.70905,0.40,0.10
2008.04.15 12:51:53.167,1.70865,1.70905,0.40,0.10
2008.04.15 12:51:53.453,1.70865,1.70905,0.30,0.10
2008.04.15 12:51:54.649,1.70865,1.70905,0.30,0.10
2008.04.15 12:51:54.884,1.7087,1.70915,0.60,0.10
2008.04.15 12:51:55.441,1.7087,1.70915,2.80,0.10
2008.04.15 12:51:55.714,1.7089,1.70925,0.20,0.40
2008.04.15 12:51:55.967,1.7089,1.7092,0.20,0.10
2008.04.15 12:51:56.227,1.7089,1.70905,0.20,0.10
2008.04.15 12:51:56.488,1.70865,1.709,0.10,0.30
2008.04.15 12:51:56.748,1.70865,1.709,0.10,0.30
2008.04.15 12:51:57.009,1.7086,1.709,2.00,0.30
2008.04.15 12:51:57.450,1.70865,1.709,0.10,0.30
2008.04.15 12:51:58.176,1.70865,1.709,0.10,0.30
2008.04.15 12:51:58.463,1.70865,1.709,0.10,0.30
2008.04.15 12:51:58.688,1.7087,1.709,0.30,0.30
2008.04.15 12:51:58.913,1.7087,1.70915,0.50,0.10
2008.04.15 12:51:59.184,1.7087,1.70915,0.50,0.10
2008.04.15 12:51:59.639,1.7087,1.70915,2.00,0.10
2008.04.15 12:51:59.909,1.7089,1.70925,0.20,0.10
2008.04.15 12:52:01.724,1.7089,1.70925,0.20,0.10
2008.04.15 12:52:01.958,1.7089,1.7092,0.20,0.10
2008.04.15 12:52:02.226,1.7089,1.7092,0.20,0.10
2008.04.15 12:52:02.512,1.7089,1.7092,0.20,0.10
2008.04.15 12:52:02.746,1.7089,1.70925,0.20,0.10
2008.04.15 12:52:04.173,1.7089,1.70925,0.20,0.10
2008.04.15 12:52:04.393,1.7089,1.7092,0.20,0.10
2008.04.15 12:52:04.663,1.7089,1.7092,0.20,0.10
2008.04.15 12:52:04.908,1.7088,1.7092,0.30,0.40
2008.04.15 12:52:05.156,1.70875,1.70915,0.10,0.10
2008.04.15 12:52:05.441,1.7087,1.70915,0.60,0.10
2008.04.15 12:52:06.058,1.7087,1.70915,0.60,0.10
2008.04.15 12:52:06.390,1.7087,1.70915,0.60,0.10
2008.04.15 12:52:06.608,1.7088,1.7092,0.50,0.40
2008.04.15 12:52:07.217,1.7088,1.7092,0.50,0.40
2008.04.15 12:52:07.506,1.7088,1.70915,0.20,0.10
2008.04.15 12:52:08.202,1.7088,1.70915,0.20,0.10
2008.04.15 12:52:08.407,1.7089,1.7092,0.20,0.30
2008.04.15 12:52:08.734,1.7089,1.70915,0.20,0.10
2008.04.15 12:52:08.938,1.7087,1.70915,0.60,0.10
2008.04.15 12:52:10.688,1.7087,1.70915,2.00,0.10
2008.04.15 12:52:10.898,1.7089,1.70925,0.20,0.40
2008.04.15 12:52:11.108,1.7089,1.70925,0.20,0.10
2008.04.15 12:52:11.412,1.7089,1.70925,0.20,0.10
2008.04.15 12:52:11.717,1.7089,1.70925,0.20,0.10
2008.04.15 12:52:14.734,1.7089,1.70925,0.20,0.10
2008.04.15 12:52:19.279,1.7089,1.70925,0.20,0.10
2008.04.15 12:52:19.532,1.7089,1.7091,0.20,0.30
2008.04.15 12:52:19.972,1.7089,1.7091,0.20,0.30
2008.04.15 12:52:20.709,1.7089,1.7091,0.20,0.30
2008.04.15 12:52:23.006,1.7089,1.7091,0.20,0.30
2008.04.15 12:52:23.243,1.70875,1.709,0.30,0.30
2008.04.15 12:52:23.477,1.7087,1.709,0.30,0.30
2008.04.15 12:52:23.893,1.7087,1.709,0.30,0.30
2008.04.15 12:52:25.479,1.7087,1.709,1.80,0.30
2008.04.15 12:52:25.747,1.7089,1.7091,0.20,0.30
2008.04.15 12:52:25.990,1.7089,1.7091,0.20,0.30
2008.04.15 12:52:26.234,1.7089,1.7091,0.20,0.30
2008.04.15 12:52:27.915,1.7088,1.7091,0.20,0.30
2008.04.15 12:52:28.150,1.7088,1.7091,0.20,0.30
2008.04.15 12:52:28.384,1.70875,1.709,0.30,0.30
2008.04.15 12:52:28.622,1.7087,1.709,0.60,0.30
2008.04.15 12:52:28.886,1.7087,1.709,0.30,0.30
2008.04.15 12:52:29.250,1.7087,1.709,0.30,0.30
2008.04.15 12:52:29.531,1.7087,1.709,0.60,0.30
2008.04.15 12:52:29.787,1.7089,1.7091,0.20,0.40
2008.04.15 12:52:30.195,1.7089,1.7091,0.20,0.30
2008.04.15 12:52:30.493,1.7088,1.7091,0.20,0.40
2008.04.15 12:52:30.742,1.7088,1.7091,0.20,0.40
2008.04.15 12:52:31.122,1.7088,1.7091,0.20,0.40
2008.04.15 12:52:31.371,1.7088,1.7091,0.20,0.40
2008.04.15 12:52:31.969,1.7088,1.709,0.20,0.30
2008.04.15 12:52:32.239,1.7088,1.709,0.20,0.30
2008.04.15 12:52:32.516,1.7088,1.7091,0.20,0.40
2008.04.15 12:52:32.772,1.7089,1.7091,0.20,0.40
2008.04.15 12:52:33.002,1.7088,1.7091,0.20,0.40
2008.04.15 12:52:34.178,1.7088,1.7091,0.20,0.40
2008.04.15 12:52:34.467,1.7089,1.7091,0.20,0.30
2008.04.15 12:52:34.752,1.7088,1.7091,0.20,0.40
2008.04.15 12:52:37.532,1.7088,1.7091,0.20,0.40
2008.04.15 12:52:37.735,1.7088,1.7091,0.20,0.40
2008.04.15 12:52:38.009,1.7089,1.7091,0.20,0.40
2008.04.15 12:52:38.489,1.7089,1.7091,0.20,0.30
2008.04.15 12:52:38.838,1.70875,1.7091,0.10,0.40
2008.04.15 12:52:39.192,1.7087,1.7091,1.00,0.40
2008.04.15 12:52:39.965,1.7087,1.7091,1.00,0.40
2008.04.15 12:52:40.218,1.7087,1.7091,0.30,0.40
2008.04.15 12:52:40.650,1.7087,1.7091,0.30,0.40
2008.04.15 12:52:41.118,1.7087,1.7091,0.20,0.40
2008.04.15 12:52:41.359,1.7086,1.709,0.10,0.10
2008.04.15 12:52:41.598,1.70855,1.709,0.40,0.10
2008.04.15 12:52:42.211,1.70855,1.709,0.30,0.10
2008.04.15 12:52:42.598,1.70855,1.709,0.30,0.10
2008.04.15 12:52:45.103,1.70855,1.709,0.40,0.10
2008.04.15 12:52:45.397,1.70855,1.709,0.40,0.10
2008.04.15 12:52:45.917,1.70855,1.709,0.40,0.10
2008.04.15 12:52:46.645,1.70855,1.709,0.40,0.10
2008.04.15 12:52:46.932,1.70855,1.709,0.40,0.10
2008.04.15 12:52:47.186,1.7086,1.70905,0.30,0.10
2008.04.15 12:52:47.635,1.7086,1.70905,0.30,0.10
2008.04.15 12:52:47.922,1.70865,1.7091,0.30,0.40
2008.04.15 12:52:48.177,1.7086,1.70905,0.60,0.10
2008.04.15 12:52:50.625,1.70865,1.7091,0.30,0.10
2008.04.15 12:53:02.387,1.70865,1.7091,0.30,0.10
2008.04.15 12:53:02.642,1.70865,1.7091,0.30,0.50
2008.04.15 12:53:03.152,1.70855,1.709,0.40,0.10
2008.04.15 12:53:03.406,1.7086,1.709,0.80,0.10
2008.04.15 12:53:03.686,1.70855,1.709,0.30,0.10
2008.04.15 12:53:04.407,1.70855,1.709,0.30,0.10
2008.04.15 12:53:05.136,1.70855,1.709,0.30,0.10
2008.04.15 12:53:05.444,1.7086,1.709,0.80,0.10
2008.04.15 12:53:06.246,1.7086,1.7089,0.80,0.10
2008.04.15 12:53:06.452,1.7086,1.7089,0.80,0.10
2008.04.15 12:53:06.655,1.7085,1.7089,2.60,0.10
2008.04.15 12:53:06.960,1.7085,1.7088,1.00,0.40
2008.04.15 12:53:07.265,1.7085,1.7088,0.20,0.40
2008.04.15 12:53:07.728,1.7085,1.7088,0.20,0.40
2008.04.15 12:53:07.957,1.7085,1.7087,0.20,0.10
2008.04.15 12:53:08.187,1.7083,1.70865,0.30,0.10
2008.04.15 12:53:08.448,1.7083,1.70865,0.30,0.10
2008.04.15 12:53:08.684,1.7083,1.70865,0.30,0.10
2008.04.15 12:53:09.073,1.7083,1.70865,0.20,0.10
2008.04.15 12:53:10.506,1.7083,1.70865,0.20,0.10
2008.04.15 12:53:10.699,1.7082,1.7086,0.20,0.10
2008.04.15 12:53:12.368,1.7082,1.7086,0.20,0.10
2008.04.15 12:53:13.676,1.7082,1.7086,0.20,0.10
2008.04.15 12:53:13.964,1.70825,1.70865,0.10,0.10
2008.04.15 12:53:14.283,1.7083,1.70865,0.20,0.10
2008.04.15 12:53:14.537,1.7083,1.70865,0.20,0.10
2008.04.15 12:53:17.395,1.7083,1.70865,0.20,0.10
2008.04.15 12:53:17.741,1.7083,1.70865,0.20,0.10
2008.04.15 12:53:18.093,1.7083,1.7087,0.50,0.40
2008.04.15 12:53:18.895,1.7083,1.7087,0.50,0.40
2008.04.15 12:53:19.614,1.7083,1.7087,0.50,0.50
2008.04.15 12:53:19.884,1.7082,1.7086,0.20,0.10
2008.04.15 12:53:20.160,1.7082,1.7086,0.20,0.10
2008.04.15 12:53:23.246,1.7082,1.7086,0.30,0.10
2008.04.15 12:53:23.491,1.7082,1.70865,1.20,0.10
2008.04.15 12:53:23.737,1.7083,1.70865,0.20,0.10
2008.04.15 12:53:23.997,1.7083,1.7087,0.50,0.40
2008.04.15 12:53:24.308,1.70835,1.7087,0.30,0.30
2008.04.15 12:53:24.551,1.70835,1.7087,0.30,0.30
2008.04.15 12:53:24.802,1.7084,1.70875,0.20,0.40
2008.04.15 12:53:29.330,1.7084,1.70875,0.20,0.40
2008.04.15 12:53:29.665,1.7085,1.7088,0.20,0.30
2008.04.15 12:53:30.082,1.7085,1.7088,0.20,0.30
2008.04.15 12:53:30.311,1.7084,1.7087,0.50,0.30
2008.04.15 12:53:30.540,1.7084,1.7087,0.20,0.40
2008.04.15 12:53:30.770,1.7084,1.7087,0.20,0.40
2008.04.15 12:53:31.180,1.7084,1.7087,0.20,0.40
2008.04.15 12:53:32.092,1.7084,1.7087,0.20,0.40
2008.04.15 12:53:32.441,1.7084,1.7087,0.20,0.40
2008.04.15 12:53:32.665,1.7084,1.7087,0.20,0.40
2008.04.15 12:53:32.899,1.7084,1.7087,0.20,0.30
2008.04.15 12:53:33.125,1.7084,1.7088,0.20,0.40
2008.04.15 12:53:33.414,1.7086,1.7088,0.20,0.30
2008.04.15 12:53:33.705,1.7085,1.7088,0.20,0.40
2008.04.15 12:53:34.023,1.7085,1.7087,0.20,0.30
2008.04.15 12:53:34.409,1.7085,1.7087,0.20,0.30
2008.04.15 12:53:34.664,1.7085,1.7087,0.20,0.30
2008.04.15 12:53:35.207,1.7085,1.7088,0.20,0.40
2008.04.15 12:53:35.492,1.7085,1.7088,0.20,0.30
2008.04.15 12:53:35.801,1.7085,1.7088,0.20,0.30
2008.04.15 12:53:36.100,1.7085,1.7088,0.20,0.30
2008.04.15 12:53:36.385,1.7085,1.7087,0.20,0.30
2008.04.15 12:53:36.655,1.7086,1.7088,0.20,0.30
2008.04.15 12:53:36.950,1.7086,1.7088,0.20,0.30
2008.04.15 12:53:37.218,1.7086,1.7088,0.20,0.30
2008.04.15 12:53:37.488,1.7086,1.7088,0.20,0.30
2008.04.15 12:53:37.789,1.7086,1.7088,0.20,0.30
2008.04.15 12:53:38.058,1.7087,1.709,0.20,0.40
2008.04.15 12:53:38.326,1.7087,1.709,0.20,0.40
2008.04.15 12:53:38.580,1.7087,1.709,0.20,0.40
2008.04.15 12:53:39.457,1.7087,1.709,0.20,0.40
2008.04.15 12:53:39.747,1.7087,1.709,0.20,0.30
2008.04.15 12:53:40.061,1.7087,1.70915,0.50,0.10
2008.04.15 12:53:40.407,1.7087,1.70915,0.50,0.10
2008.04.15 12:53:41.173,1.7087,1.7091,0.20,0.10
2008.04.15 12:53:41.446,1.7087,1.7091,0.20,0.10
2008.04.15 12:53:42.863,1.7087,1.7091,0.20,0.10
2008.04.15 12:53:44.199,1.7087,1.7091,0.50,0.10
2008.04.15 12:53:44.953,1.7087,1.7091,0.50,0.10
2008.04.15 12:53:45.203,1.70875,1.70915,0.30,0.10
2008.04.15 12:53:45.453,1.7089,1.7092,0.20,0.30
2008.04.15 12:53:45.687,1.7089,1.7092,0.20,0.30
2008.04.15 12:53:45.996,1.7089,1.70915,0.20,0.10
2008.04.15 12:53:46.231,1.7089,1.7091,0.20,0.30
2008.04.15 12:53:46.944,1.7089,1.7091,0.20,0.30
2008.04.15 12:53:47.250,1.7089,1.7091,0.20,0.30
2008.04.15 12:53:47.530,1.7087,1.709,0.20,0.30
2008.04.15 12:53:47.779,1.7087,1.709,0.20,0.30
2008.04.15 12:53:48.051,1.7087,1.709,0.20,0.30
2008.04.15 12:53:48.330,1.7087,1.709,0.20,0.30
2008.04.15 12:53:48.607,1.7087,1.7091,0.50,0.10
2008.04.15 12:53:48.880,1.7087,1.7091,0.50,0.10
2008.04.15 12:53:49.129,1.70875,1.70915,0.30,0.10
2008.04.15 12:53:49.486,1.70875,1.70915,0.30,0.10
2008.04.15 12:53:49.750,1.7087,1.7091,0.50,0.10
2008.04.15 12:53:51.917,1.70875,1.70915,0.30,0.40
2008.04.15 12:53:52.213,1.70875,1.70915,0.30,0.40
2008.04.15 12:53:52.447,1.7087,1.7091,0.50,0.10
2008.04.15 12:53:52.681,1.7087,1.7091,0.50,0.10
2008.04.15 12:53:52.945,1.7087,1.7091,0.50,0.40
2008.04.15 12:53:53.210,1.7087,1.70905,0.20,0.10
2008.04.15 12:53:53.501,1.7087,1.7091,0.50,0.40
2008.04.15 12:53:55.182,1.7087,1.7091,0.50,0.40
2008.04.15 12:53:55.412,1.7087,1.7091,0.60,0.10
2008.04.15 12:53:55.900,1.70875,1.70915,0.30,0.10
2008.04.15 12:53:56.200,1.70875,1.70915,0.30,0.10
2008.04.15 12:53:56.423,1.70875,1.70915,0.30,0.10
2008.04.15 12:53:56.648,1.7087,1.7091,0.50,0.40
2008.04.15 12:53:56.893,1.7087,1.70905,0.20,0.10
2008.04.15 12:53:57.158,1.7087,1.70905,0.20,0.10
2008.04.15 12:53:57.924,1.7087,1.7091,0.50,0.40
2008.04.15 12:53:58.169,1.7087,1.7091,0.50,0.40
2008.04.15 12:53:58.414,1.7087,1.7091,0.50,0.40
2008.04.15 12:53:58.704,1.7087,1.7091,0.50,0.40
2008.04.15 12:53:58.938,1.7087,1.7091,0.50,0.10
2008.04.15 12:53:59.172,1.70875,1.70915,0.30,0.10
2008.04.15 12:53:59.406,1.7087,1.7091,0.50,0.10
2008.04.15 12:53:59.641,1.7087,1.7091,0.50,0.10
2008.04.15 12:53:59.900,1.7087,1.7091,0.50,0.10
2008.04.15 12:54:00.479,1.7087,1.7091,0.50,0.10
2008.04.15 12:54:00.738,1.7087,1.70905,0.20,0.10
2008.04.15 12:54:01.624,1.7087,1.70905,0.20,0.10
2008.04.15 12:54:01.884,1.70875,1.70915,0.30,0.10
2008.04.15 12:54:02.171,1.70875,1.70915,0.30,0.10
2008.04.15 12:54:02.450,1.70875,1.70915,0.30,0.10
2008.04.15 12:54:02.670,1.70875,1.70915,0.30,0.10
2008.04.15 12:54:02.947,1.70875,1.70915,0.30,0.40
2008.04.15 12:54:03.219,1.70875,1.70915,0.30,0.10
2008.04.15 12:54:03.524,1.70875,1.70915,0.30,0.10
2008.04.15 12:54:03.798,1.70875,1.70915,0.30,0.10
2008.04.15 12:54:06.917,1.70875,1.70915,0.30,0.10
2008.04.15 12:54:08.163,1.7087,1.7091,0.50,0.10
2008.04.15 12:54:09.269,1.7087,1.7091,0.50,0.10
2008.04.15 12:54:09.352,1.7087,1.7091,0.50,0.10
2008.04.15 12:54:09.934,1.7087,1.7091,0.50,0.10
2008.04.15 12:54:11.400,1.70875,1.7092,0.30,0.50
2008.04.15 12:54:11.560,1.7089,1.7091,0.20,0.30
2008.04.15 12:54:11.719,1.7089,1.7091,0.20,0.30
2008.04.15 12:54:11.902,1.7089,1.7091,0.20,0.60
2008.04.15 12:54:12.076,1.7089,1.7091,0.20,0.60
2008.04.15 12:54:12.402,1.7089,1.7091,0.20,0.60
2008.04.15 12:54:12.739,1.7089,1.7091,0.20,0.60
2008.04.15 12:54:13.473,1.7089,1.7091,0.20,0.60
2008.04.15 12:54:13.716,1.7086,1.70905,0.50,0.10
2008.04.15 12:54:13.941,1.7086,1.70905,0.50,0.10
2008.04.15 12:54:14.175,1.7086,1.7089,0.50,0.30
2008.04.15 12:54:14.395,1.7086,1.7089,0.50,0.30
2008.04.15 12:54:14.718,1.7086,1.7089,0.50,0.30
2008.04.15 12:54:15.256,1.7086,1.7089,0.50,0.30
2008.04.15 12:54:15.580,1.7086,1.7089,0.50,0.30
2008.04.15 12:54:15.810,1.7086,1.7089,0.50,0.30
2008.04.15 12:54:16.039,1.7086,1.70905,0.50,0.40
2008.04.15 12:54:16.269,1.7086,1.70905,0.60,0.10
2008.04.15 12:54:16.683,1.7086,1.70905,0.50,0.40
2008.04.15 12:54:16.943,1.70865,1.709,0.30,0.30
2008.04.15 12:54:17.203,1.7086,1.709,0.50,0.60
2008.04.15 12:54:17.530,1.7086,1.709,0.50,0.60
2008.04.15 12:54:17.809,1.7087,1.70905,0.30,0.30
2008.04.15 12:54:18.089,1.7087,1.7091,0.30,0.30
2008.04.15 12:54:18.369,1.70875,1.7091,0.30,0.30
2008.04.15 12:54:18.633,1.70875,1.7091,0.30,0.30
2008.04.15 12:54:18.979,1.70875,1.7091,0.30,0.30
2008.04.15 12:54:19.657,1.70875,1.7091,0.30,0.30
2008.04.15 12:54:19.906,1.70875,1.7091,0.30,0.30
2008.04.15 12:54:20.157,1.7088,1.7092,0.50,0.30
2008.04.15 12:54:20.406,1.7088,1.7092,0.50,0.30
2008.04.15 12:54:20.655,1.7088,1.7091,0.50,0.30
2008.04.15 12:54:20.905,1.7088,1.7091,0.50,0.30
2008.04.15 12:54:21.179,1.7088,1.7091,0.20,0.30
2008.04.15 12:54:21.438,1.7088,1.7091,0.20,0.30
2008.04.15 12:54:21.737,1.7088,1.7092,0.50,0.30
2008.04.15 12:54:22.030,1.7088,1.7091,0.50,0.30
2008.04.15 12:54:22.325,1.7088,1.7091,0.50,0.30
2008.04.15 12:54:22.619,1.7088,1.7092,0.50,0.30
2008.04.15 12:54:22.878,1.7088,1.7092,0.50,0.30
2008.04.15 12:54:23.729,1.7088,1.7092,0.50,0.30
2008.04.15 12:54:24.000,1.7088,1.7091,0.20,0.30
2008.04.15 12:54:24.278,1.7088,1.7091,0.20,0.30
2008.04.15 12:54:24.652,1.7088,1.70915,0.20,0.10
2008.04.15 12:54:24.904,1.7088,1.70915,0.20,0.30
2008.04.15 12:54:25.206,1.7088,1.70915,0.20,0.30
2008.04.15 12:54:25.446,1.7088,1.7092,0.20,0.50
2008.04.15 12:54:25.654,1.7088,1.7092,0.50,0.30
2008.04.15 12:54:26.017,1.7088,1.7092,0.20,0.40
2008.04.15 12:54:26.317,1.7088,1.7092,0.20,0.50
2008.04.15 12:54:26.691,1.7088,1.7092,0.20,0.50
2008.04.15 12:54:26.951,1.7088,1.7092,0.20,0.50
2008.04.15 12:54:27.209,1.7088,1.70915,0.20,0.40
2008.04.15 12:54:27.501,1.7088,1.70915,0.20,0.40
2008.04.15 12:54:27.890,1.7088,1.70915,0.20,0.40
2008.04.15 12:54:28.089,1.7086,1.70905,1.90,0.10
2008.04.15 12:54:28.289,1.70875,1.70915,0.30,0.10
2008.04.15 12:54:28.487,1.70875,1.70915,0.30,0.10
2008.04.15 12:54:28.791,1.70865,1.7091,0.30,0.10
2008.04.15 12:54:29.091,1.7086,1.709,0.50,0.10
2008.04.15 12:54:29.394,1.7086,1.709,0.50,0.40
2008.04.15 12:54:29.693,1.7086,1.70895,0.20,0.10
2008.04.15 12:54:30.733,1.7086,1.70895,0.20,0.10
2008.04.15 12:54:30.986,1.70875,1.709,0.30,0.30
2008.04.15 12:54:31.236,1.7088,1.7091,0.20,0.30
2008.04.15 12:54:31.485,1.7088,1.7091,0.20,0.30
2008.04.15 12:54:31.735,1.7088,1.7091,0.20,0.30
2008.04.15 12:54:32.697,1.7088,1.7091,0.20,0.30
2008.04.15 12:54:33.173,1.7088,1.7091,0.20,0.40
2008.04.15 12:54:33.424,1.7088,1.7091,0.20,0.40
2008.04.15 12:54:35.059,1.70885,1.7091,0.30,0.30
2008.04.15 12:54:35.182,1.7088,1.7092,0.20,0.10
2008.04.15 12:54:35.328,1.70885,1.70925,0.30,0.40
2008.04.15 12:54:35.455,1.70885,1.70925,0.30,0.40
2008.04.15 12:54:35.583,1.7088,1.7092,0.20,0.40
2008.04.15 12:54:35.733,1.7088,1.7092,0.20,0.40
2008.04.15 12:54:35.949,1.7088,1.7092,0.20,0.40
2008.04.15 12:54:36.113,1.7088,1.7092,0.20,0.40
2008.04.15 12:54:36.447,1.7089,1.7092,0.30,0.30
2008.04.15 12:54:36.784,1.7089,1.70925,0.50,0.30
2008.04.15 12:54:37.120,1.7089,1.70925,0.20,0.40
2008.04.15 12:54:37.320,1.7089,1.7093,0.50,0.50
2008.04.15 12:54:38.010,1.7089,1.7093,0.50,0.50
2008.04.15 12:54:38.304,1.7089,1.70925,0.50,0.30
2008.04.15 12:54:38.598,1.7089,1.7091,0.20,0.30
2008.04.15 12:54:38.894,1.7089,1.7091,0.20,0.30
2008.04.15 12:54:39.188,1.7089,1.7091,0.20,0.30
2008.04.15 12:54:39.599,1.7089,1.7091,0.20,0.30
2008.04.15 12:54:39.873,1.7089,1.7091,0.20,0.30
2008.04.15 12:54:40.381,1.7089,1.7091,0.20,0.30
2008.04.15 12:54:41.121,1.7089,1.7091,0.20,0.30
2008.04.15 12:54:41.660,1.7089,1.7091,0.20,0.30
2008.04.15 12:54:41.937,1.7089,1.7091,0.20,0.40
2008.04.15 12:54:42.195,1.7087,1.7091,0.10,0.40
2008.04.15 12:54:42.449,1.70875,1.7091,0.30,0.30
2008.04.15 12:54:42.702,1.70875,1.7091,0.30,0.30
2008.04.15 12:54:43.095,1.70875,1.7091,0.30,0.30
2008.04.15 12:54:43.323,1.70875,1.7091,0.30,0.30
2008.04.15 12:54:43.589,1.7088,1.7091,0.30,0.30
2008.04.15 12:54:43.927,1.7088,1.7091,0.30,0.30
2008.04.15 12:54:44.221,1.70875,1.7091,0.30,0.60
2008.04.15 12:54:44.543,1.70875,1.70915,0.30,0.30
2008.04.15 12:54:44.782,1.70875,1.7092,0.30,1.10
2008.04.15 12:54:45.023,1.7087,1.7091,0.20,0.10
2008.04.15 12:54:45.286,1.7087,1.7091,0.20,0.40
2008.04.15 12:54:45.680,1.7087,1.7091,0.20,0.40
2008.04.15 12:54:47.229,1.7087,1.7091,0.20,0.40
2008.04.15 12:54:47.497,1.7087,1.7091,0.50,0.30
2008.04.15 12:54:48.178,1.7087,1.7091,0.50,0.30
2008.04.15 12:54:48.422,1.7087,1.70915,0.50,0.10
2008.04.15 12:54:48.898,1.70875,1.7092,0.30,0.50
2008.04.15 12:54:49.216,1.70875,1.7092,0.30,0.50
2008.04.15 12:54:50.015,1.70875,1.7092,0.30,0.40
2008.04.15 12:54:53.382,1.70875,1.7092,0.30,0.40
2008.04.15 12:54:53.612,1.7088,1.7092,0.50,0.30
2008.04.15 12:54:54.696,1.7088,1.7092,0.50,0.30
2008.04.15 12:54:54.956,1.7089,1.7093,0.20,0.40
2008.04.15 12:54:55.230,1.7089,1.7093,0.20,0.40
2008.04.15 12:54:55.488,1.7089,1.7093,0.20,0.40
2008.04.15 12:54:55.743,1.7089,1.7093,0.20,0.40
2008.04.15 12:54:56.131,1.7089,1.7093,0.20,0.40
2008.04.15 12:54:56.543,1.7089,1.7091,0.20,0.30
2008.04.15 12:54:56.953,1.7089,1.7091,0.20,0.30
2008.04.15 12:54:57.213,1.7089,1.7093,0.20,0.40
2008.04.15 12:54:57.634,1.7089,1.7093,0.20,0.40
2008.04.15 12:54:57.914,1.7089,1.7091,0.20,0.30
2008.04.15 12:54:58.194,1.7089,1.7093,0.20,0.40
2008.04.15 12:54:58.474,1.7089,1.7093,0.20,0.40
2008.04.15 12:54:59.122,1.7089,1.7093,0.20,0.40
2008.04.15 12:54:59.377,1.709,1.7094,0.50,0.50
2008.04.15 12:54:59.660,1.709,1.7094,0.50,0.50
2008.04.15 12:54:59.897,1.709,1.7094,0.50,0.50
2008.04.15 12:55:00.176,1.709,1.70935,0.20,0.10
2008.04.15 12:55:00.916,1.709,1.70935,0.20,0.10
2008.04.15 12:55:01.409,1.7089,1.7093,0.50,0.30
2008.04.15 12:55:01.649,1.7089,1.7093,0.50,0.30
2008.04.15 12:55:01.987,1.7089,1.7093,0.50,0.30
2008.04.15 12:55:02.244,1.7089,1.7093,0.20,0.50
2008.04.15 12:55:02.660,1.7089,1.7093,0.20,0.50
2008.04.15 12:55:03.189,1.7089,1.7093,0.20,0.50
2008.04.15 12:55:03.707,1.7089,1.7093,0.20,0.50
2008.04.15 12:55:05.693,1.7089,1.7093,0.20,0.50
2008.04.15 12:55:06.101,1.7089,1.7093,0.20,2.10
2008.04.15 12:55:06.341,1.7089,1.7091,0.20,0.30
2008.04.15 12:55:06.584,1.7089,1.7091,0.20,0.30
2008.04.15 12:55:06.839,1.7089,1.7093,0.20,0.50
2008.04.15 12:55:07.207,1.7089,1.7092,0.20,0.30
2008.04.15 12:55:07.461,1.7089,1.7092,0.20,0.30
2008.04.15 12:55:07.727,1.7088,1.7092,0.30,0.40
2008.04.15 12:55:07.992,1.7088,1.70915,0.30,0.30
2008.04.15 12:55:09.090,1.7088,1.7091,0.30,0.30
2008.04.15 12:55:09.361,1.7088,1.7091,0.30,0.30
2008.04.15 12:55:09.687,1.7088,1.7091,0.30,0.30
2008.04.15 12:55:10.246,1.7087,1.7091,0.50,0.30
2008.04.15 12:55:11.050,1.7087,1.7091,0.50,1.80
2008.04.15 12:55:11.315,1.7087,1.70905,0.50,0.30
2008.04.15 12:55:11.929,1.7087,1.70905,0.50,0.30
2008.04.15 12:55:12.179,1.7088,1.70905,0.30,0.30
2008.04.15 12:55:12.429,1.7087,1.70905,0.50,0.30
2008.04.15 12:55:12.957,1.7087,1.70905,0.50,0.30
2008.04.15 12:55:13.226,1.7087,1.709,0.50,0.30
2008.04.15 12:55:13.969,1.7087,1.709,0.50,0.30
2008.04.15 12:55:14.219,1.70865,1.709,0.30,0.60
2008.04.15 12:55:14.973,1.70865,1.709,0.30,0.60
2008.04.15 12:55:15.213,1.7086,1.70895,0.50,0.30
2008.04.15 12:55:15.453,1.7086,1.70895,0.50,0.30
2008.04.15 12:55:15.701,1.7086,1.70895,0.50,0.30
2008.04.15 12:55:15.941,1.7086,1.709,0.50,2.00
2008.04.15 12:55:16.214,1.70865,1.709,0.30,0.60
2008.04.15 12:55:19.470,1.7086,1.7089,0.20,0.10
2008.04.15 12:55:19.705,1.7086,1.709,0.30,2.10
2008.04.15 12:55:19.939,1.7086,1.709,0.30,2.10
2008.04.15 12:55:20.499,1.7086,1.709,0.30,2.10
2008.04.15 12:55:20.771,1.7085,1.70895,0.30,0.10
2008.04.15 12:55:21.046,1.7085,1.70885,0.30,0.30
2008.04.15 12:55:21.287,1.7085,1.70885,0.30,0.30
2008.04.15 12:55:21.526,1.70845,1.70885,0.30,0.30
2008.04.15 12:55:21.765,1.70845,1.70885,0.30,0.30
2008.04.15 12:55:22.064,1.70845,1.7088,0.30,0.30
2008.04.15 12:55:22.310,1.70845,1.7088,0.30,0.30
2008.04.15 12:55:22.568,1.70845,1.7088,0.30,0.30
2008.04.15 12:55:22.808,1.70855,1.70885,0.30,0.30
2008.04.15 12:55:23.282,1.70855,1.70885,0.30,0.30
2008.04.15 12:55:24.443,1.70855,1.70885,0.30,0.30
2008.04.15 12:55:24.687,1.7085,1.70885,0.50,0.30
2008.04.15 12:55:24.931,1.7085,1.70885,0.50,0.30
2008.04.15 12:55:25.405,1.7085,1.70885,0.50,0.30
2008.04.15 12:55:26.422,1.7085,1.70885,0.50,0.30
2008.04.15 12:55:26.642,1.70855,1.70885,0.30,0.30
2008.04.15 12:55:26.912,1.70855,1.70885,0.30,0.30
2008.04.15 12:55:27.685,1.70855,1.70885,0.30,0.30
2008.04.15 12:55:27.977,1.70855,1.70875,0.30,0.30
2008.04.15 12:55:30.676,1.70855,1.70875,0.30,0.30
2008.04.15 12:55:30.920,1.70855,1.7088,0.30,0.30
2008.04.15 12:55:31.165,1.70855,1.70885,0.30,0.30
2008.04.15 12:55:31.406,1.7086,1.70885,0.30,0.30
2008.04.15 12:55:31.653,1.7087,1.70885,0.30,0.30
2008.04.15 12:55:31.894,1.7087,1.7089,0.50,0.30
2008.04.15 12:55:32.134,1.70875,1.709,0.30,0.30
2008.04.15 12:55:32.429,1.7087,1.709,0.60,0.30
2008.04.15 12:55:32.724,1.7087,1.709,0.30,0.30
2008.04.15 12:55:33.018,1.7087,1.70895,0.30,0.10
2008.04.15 12:55:33.313,1.7086,1.7088,0.10,0.30
2008.04.15 12:55:33.553,1.7086,1.7088,2.00,0.30
2008.04.15 12:55:33.794,1.7086,1.7088,0.10,0.30
2008.04.15 12:55:34.034,1.7086,1.7088,0.10,0.30
2008.04.15 12:55:34.274,1.70855,1.7088,0.10,0.30
2008.04.15 12:55:34.715,1.70855,1.7088,0.10,0.30
2008.04.15 12:55:35.126,1.70855,1.7088,0.10,0.30
2008.04.15 12:55:35.391,1.7087,1.709,0.20,0.30
2008.04.15 12:55:35.692,1.7087,1.709,0.50,0.30
2008.04.15 12:55:35.977,1.7087,1.709,0.50,0.30
2008.04.15 12:55:36.305,1.7087,1.709,0.50,0.30
2008.04.15 12:55:36.590,1.7087,1.7089,0.50,0.30
2008.04.15 12:55:36.864,1.7087,1.7089,0.50,0.30
2008.04.15 12:55:37.139,1.7087,1.7089,0.20,0.30
2008.04.15 12:55:37.414,1.70855,1.7087,0.10,0.30
2008.04.15 12:55:37.669,1.70865,1.7087,0.30,0.30
2008.04.15 12:55:37.924,1.70865,1.7089,0.30,0.30
2008.04.15 12:55:38.389,1.70865,1.7089,0.30,0.30
2008.04.15 12:55:38.696,1.70865,1.7089,0.30,0.30
2008.04.15 12:55:38.959,1.70865,1.7089,0.30,0.30
2008.04.15 12:55:39.257,1.7086,1.7089,0.30,0.40
2008.04.15 12:55:39.522,1.70855,1.7087,0.10,0.30
2008.04.15 12:55:39.787,1.70865,1.7087,0.30,0.30
2008.04.15 12:55:40.052,1.70865,1.7091,0.30,0.40
2008.04.15 12:55:40.317,1.70855,1.709,0.30,0.10
2008.04.15 12:55:40.606,1.70865,1.7091,0.30,2.10
2008.04.15 12:55:40.872,1.70875,1.7091,0.30,0.30
2008.04.15 12:55:41.149,1.70875,1.7091,0.30,0.30
2008.04.15 12:55:41.475,1.70875,1.7091,0.30,0.30
2008.04.15 12:55:41.740,1.7087,1.7091,0.20,1.90
2008.04.15 12:55:42.026,1.7087,1.7091,0.20,0.50
2008.04.15 12:55:42.311,1.7087,1.7089,0.20,0.30
2008.04.15 12:55:42.624,1.7087,1.7089,0.50,0.30
2008.04.15 12:55:42.910,1.7087,1.7089,0.50,0.30
2008.04.15 12:55:43.175,1.7087,1.7089,0.20,0.30
2008.04.15 12:55:44.142,1.7087,1.7089,0.20,0.30
2008.04.15 12:55:44.377,1.7087,1.7089,0.20,0.30
2008.04.15 12:55:44.611,1.7087,1.7091,0.20,0.40
2008.04.15 12:55:44.910,1.7087,1.7091,0.20,0.40
2008.04.15 12:55:45.441,1.7087,1.7091,0.20,0.40
2008.04.15 12:55:45.881,1.7087,1.7091,0.50,0.30
2008.04.15 12:55:46.100,1.7087,1.70895,0.20,0.10
2008.04.15 12:55:46.320,1.7087,1.70895,0.20,0.10
2008.04.15 12:55:46.541,1.70865,1.7088,0.10,0.30
2008.04.15 12:55:46.825,1.70875,1.7092,0.30,0.40
2008.04.15 12:55:47.108,1.7087,1.70915,0.60,0.10
2008.04.15 12:55:47.394,1.7086,1.7088,0.30,0.30
2008.04.15 12:55:47.678,1.7086,1.7088,0.60,0.30
2008.04.15 12:55:47.967,1.7086,1.7088,0.60,0.30
2008.04.15 12:55:48.403,1.7086,1.7088,0.60,0.30
2008.04.15 12:55:48.668,1.7087,1.7088,0.30,0.30
2008.04.15 12:55:48.907,1.7087,1.70905,0.30,0.30
2008.04.15 12:55:49.998,1.7087,1.70905,0.30,0.30
2008.04.15 12:55:50.263,1.70865,1.70905,0.30,0.40
2008.04.15 12:55:50.528,1.70865,1.709,0.30,0.30
2008.04.15 12:55:50.912,1.70865,1.70895,0.30,0.30
2008.04.15 12:55:51.632,1.70865,1.70895,0.30,0.30
2008.04.15 12:55:53.178,1.70865,1.70895,0.30,0.30
2008.04.15 12:55:53.479,1.70865,1.70895,0.30,0.30
2008.04.15 12:55:53.782,1.70865,1.70895,0.30,0.30
2008.04.15 12:55:54.015,1.7087,1.70895,0.30,0.30
2008.04.15 12:55:57.228,1.7087,1.70895,0.30,0.30
2008.04.15 12:55:57.485,1.70865,1.70895,0.30,0.30
2008.04.15 12:55:57.745,1.70865,1.70895,0.30,0.30
2008.04.15 12:55:58.017,1.70865,1.70895,0.30,0.30
2008.04.15 12:55:58.287,1.7086,1.70895,0.20,0.10
2008.04.15 12:55:58.888,1.7086,1.70895,0.20,0.10
2008.04.15 12:55:59.143,1.70855,1.7089,0.30,0.60
2008.04.15 12:55:59.398,1.70855,1.7087,0.30,0.30
2008.04.15 12:55:59.652,1.7085,1.7087,0.20,0.30
2008.04.15 12:56:00.154,1.7085,1.7087,0.20,0.30
2008.04.15 12:56:00.452,1.7085,1.7087,0.20,0.30
2008.04.15 12:56:01.260,1.7085,1.7087,0.20,0.30
2008.04.15 12:56:02.218,1.7085,1.7087,0.20,0.30
2008.04.15 12:56:02.463,1.7085,1.7087,0.20,0.30
2008.04.15 12:56:05.206,1.7085,1.7087,0.20,0.30
2008.04.15 12:56:05.452,1.7085,1.7087,0.20,0.30
2008.04.15 12:56:05.731,1.7085,1.7087,0.20,0.30
2008.04.15 12:56:05.970,1.7085,1.7087,0.20,0.30
2008.04.15 12:56:07.225,1.7085,1.7087,0.20,0.30
2008.04.15 12:56:07.450,1.7085,1.7087,0.20,0.30
2008.04.15 12:56:08.711,1.7085,1.7087,0.20,0.30
2008.04.15 12:56:08.956,1.7085,1.7087,0.20,0.30
2008.04.15 12:56:09.953,1.7085,1.7087,0.20,0.30
2008.04.15 12:56:10.763,1.7085,1.7087,0.20,0.30
2008.04.15 12:56:11.163,1.7085,1.7087,0.20,0.30
2008.04.15 12:56:11.646,1.7085,1.7087,0.20,0.30
2008.04.15 12:56:11.924,1.7083,1.7087,0.50,0.30
2008.04.15 12:56:12.238,1.7083,1.7087,0.50,0.30
2008.04.15 12:56:13.275,1.7083,1.7087,0.50,0.30
2008.04.15 12:56:13.887,1.7083,1.7087,0.50,0.30
2008.04.15 12:56:14.217,1.7083,1.7087,0.50,0.30
2008.04.15 12:56:14.472,1.70835,1.7087,0.30,0.30
2008.04.15 12:56:17.425,1.70835,1.7087,0.30,0.30
2008.04.15 12:56:17.679,1.70835,1.7087,0.30,0.30
2008.04.15 12:56:17.934,1.7083,1.7087,0.50,0.30
2008.04.15 12:56:18.188,1.7084,1.7087,0.30,0.30
2008.04.15 12:56:18.460,1.7084,1.7088,0.50,0.60
2008.04.15 12:56:18.744,1.7084,1.7088,0.50,0.60
2008.04.15 12:56:19.196,1.7084,1.7088,0.50,0.60
2008.04.15 12:56:19.714,1.7084,1.7088,0.50,0.60
2008.04.15 12:56:19.973,1.7084,1.7087,0.50,0.30
2008.04.15 12:56:20.261,1.7084,1.7087,0.50,0.30
2008.04.15 12:56:20.976,1.7084,1.7087,0.20,0.30
2008.04.15 12:56:21.231,1.7084,1.7087,0.20,0.30
2008.04.15 12:56:21.511,1.7084,1.7087,0.20,0.30
2008.04.15 12:56:21.777,1.7084,1.7087,0.20,0.40
2008.04.15 12:56:22.034,1.70825,1.7087,0.30,0.40
2008.04.15 12:56:22.293,1.7084,1.70855,1.60,0.10
2008.04.15 12:56:22.546,1.70845,1.7086,0.40,0.30
2008.04.15 12:56:22.802,1.7085,1.7088,0.20,0.30
2008.04.15 12:56:23.055,1.7086,1.7088,0.20,0.30
2008.04.15 12:56:23.311,1.7086,1.7089,0.20,0.40
2008.04.15 12:56:23.606,1.7086,1.7088,0.20,0.30
2008.04.15 12:56:23.901,1.70845,1.7088,0.10,0.30
2008.04.15 12:56:24.196,1.7084,1.7088,1.20,0.30
2008.04.15 12:56:24.515,1.7084,1.7088,0.60,0.30
2008.04.15 12:56:24.909,1.7084,1.7088,0.60,0.30
2008.04.15 12:56:26.425,1.7084,1.7088,0.60,0.30
2008.04.15 12:56:26.669,1.7084,1.7088,0.20,0.40
2008.04.15 12:56:26.913,1.7084,1.7088,0.20,0.40
2008.04.15 12:56:27.173,1.70835,1.7087,0.30,0.30
2008.04.15 12:56:27.419,1.7083,1.7087,0.60,0.30
2008.04.15 12:56:27.703,1.7083,1.7087,0.30,0.40
2008.04.15 12:56:27.987,1.7084,1.7087,0.20,0.40
2008.04.15 12:56:28.272,1.7084,1.7087,0.20,0.30
2008.04.15 12:56:28.556,1.7084,1.7087,0.20,0.30
2008.04.15 12:56:28.846,1.7082,1.7085,0.20,0.30
2008.04.15 12:56:29.136,1.7081,1.7085,0.50,0.30
2008.04.15 12:56:29.426,1.7082,1.7085,0.20,0.30
2008.04.15 12:56:29.716,1.7083,1.7085,0.20,0.30
2008.04.15 12:56:30.051,1.7083,1.7085,0.20,0.30
2008.04.15 12:56:30.311,1.7082,1.7086,0.50,0.30
2008.04.15 12:56:30.570,1.7082,1.7086,0.50,0.30
2008.04.15 12:56:30.850,1.70825,1.7086,0.30,0.30
2008.04.15 12:56:31.652,1.70825,1.7086,0.30,0.30
2008.04.15 12:56:31.955,1.70825,1.7086,0.30,0.30
2008.04.15 12:56:32.498,1.70825,1.7086,0.30,0.30
2008.04.15 12:56:33.405,1.70825,1.7086,0.30,0.30
2008.04.15 12:56:33.655,1.7083,1.7087,0.50,0.30
2008.04.15 12:56:34.210,1.7083,1.7087,0.50,0.30
2008.04.15 12:56:34.440,1.7083,1.70875,0.50,0.40
2008.04.15 12:56:34.696,1.7083,1.7087,0.50,0.30
2008.04.15 12:56:34.976,1.7083,1.7087,0.20,0.40
2008.04.15 12:56:35.257,1.7083,1.7087,0.20,0.50
2008.04.15 12:56:35.698,1.7083,1.7087,0.20,0.50
2008.04.15 12:56:35.953,1.7083,1.7087,0.50,0.60
2008.04.15 12:56:36.424,1.7083,1.7087,0.50,0.60
2008.04.15 12:56:36.678,1.70845,1.70885,0.30,0.30
2008.04.15 12:56:36.924,1.70845,1.70885,0.30,0.30
2008.04.15 12:56:37.168,1.70845,1.70885,0.30,0.30
2008.04.15 12:56:37.442,1.70845,1.7087,0.30,0.30
2008.04.15 12:56:37.687,1.7084,1.7087,0.50,0.30
2008.04.15 12:56:37.977,1.7085,1.7087,0.20,0.30
2008.04.15 12:56:38.280,1.7085,1.7087,0.20,0.30
2008.04.15 12:56:38.570,1.7084,1.7087,0.20,0.30
2008.04.15 12:56:38.856,1.70855,1.7087,0.30,0.30
2008.04.15 12:56:39.115,1.7085,1.7087,0.20,0.30
2008.04.15 12:56:39.374,1.7086,1.7089,0.20,0.30
2008.04.15 12:56:39.634,1.7086,1.7088,0.20,0.30
2008.04.15 12:56:39.908,1.7086,1.7089,0.20,0.30
2008.04.15 12:56:40.181,1.7086,1.7089,0.20,0.30
2008.04.15 12:56:40.457,1.70845,1.70885,0.30,0.10
2008.04.15 12:56:40.731,1.70845,1.70885,0.30,0.10
2008.04.15 12:56:41.011,1.7084,1.7087,0.30,0.30
2008.04.15 12:56:41.289,1.7083,1.7087,0.50,0.30
2008.04.15 12:56:41.575,1.7083,1.7087,0.50,0.30
2008.04.15 12:56:41.849,1.7083,1.7087,0.50,0.30
2008.04.15 12:56:42.128,1.7083,1.7087,0.20,0.40
2008.04.15 12:56:42.435,1.7083,1.7087,0.20,0.40
2008.04.15 12:56:42.688,1.7083,1.7087,0.50,0.30
2008.04.15 12:56:42.964,1.7084,1.7087,0.30,0.30
2008.04.15 12:56:43.213,1.7083,1.7087,0.20,0.40
2008.04.15 12:56:43.478,1.70835,1.7087,0.30,0.30
2008.04.15 12:56:43.724,1.7083,1.7086,0.30,0.30
2008.04.15 12:56:44.082,1.7083,1.70875,0.30,0.40
2008.04.15 12:56:44.362,1.7083,1.7086,0.30,0.30
2008.04.15 12:56:44.733,1.7083,1.7087,0.30,0.30
2008.04.15 12:56:45.013,1.7083,1.70875,0.30,0.40
2008.04.15 12:56:45.316,1.70835,1.70875,0.30,0.30
2008.04.15 12:56:45.601,1.70835,1.7087,0.30,0.30
2008.04.15 12:56:45.983,1.70835,1.7087,0.30,0.30
2008.04.15 12:56:46.231,1.70835,1.7087,0.30,0.30
2008.04.15 12:56:46.590,1.7083,1.7087,0.30,0.30
2008.04.15 12:56:46.847,1.70835,1.70875,0.30,0.30
2008.04.15 12:56:47.347,1.70835,1.70875,0.30,0.30
2008.04.15 12:56:47.607,1.7083,1.7087,0.30,0.30
2008.04.15 12:56:48.931,1.7083,1.7087,0.30,0.30
2008.04.15 12:56:49.184,1.7084,1.7087,0.30,0.30
2008.04.15 12:56:49.429,1.7084,1.7088,0.50,1.30
2008.04.15 12:56:49.733,1.7084,1.70865,0.20,0.10
2008.04.15 12:56:49.978,1.70825,1.7087,0.30,0.10
2008.04.15 12:56:50.267,1.70825,1.7087,0.40,0.10
2008.04.15 12:56:50.556,1.70815,1.7086,0.40,0.10
2008.04.15 12:56:50.846,1.70815,1.7086,0.30,0.10
2008.04.15 12:56:51.100,1.70815,1.7086,0.30,1.10
2008.04.15 12:56:51.354,1.70815,1.7086,0.40,0.80
2008.04.15 12:56:51.634,1.7081,1.70855,0.60,0.10
2008.04.15 12:56:51.891,1.7081,1.70855,0.30,0.10
2008.04.15 12:56:52.160,1.7081,1.70855,0.30,0.10
2008.04.15 12:56:52.430,1.7081,1.70855,0.40,0.10
2008.04.15 12:56:52.723,1.70815,1.7086,0.30,0.10
2008.04.15 12:56:54.935,1.70815,1.7086,0.30,0.10
2008.04.15 12:56:55.289,1.70815,1.7086,0.30,0.10
2008.04.15 12:56:55.708,1.70815,1.7086,0.30,0.10
2008.04.15 12:56:55.970,1.70805,1.7085,0.30,0.40
2008.04.15 12:56:56.238,1.70815,1.7085,0.10,0.40
2008.04.15 12:56:56.478,1.7081,1.7085,0.20,0.40
2008.04.15 12:56:56.833,1.7081,1.7085,0.20,0.40
2008.04.15 12:56:57.072,1.70805,1.7085,0.40,0.40
2008.04.15 12:56:57.357,1.7081,1.7085,0.20,0.40
2008.04.15 12:56:57.853,1.7081,1.7085,0.20,0.40
2008.04.15 12:57:00.784,1.70805,1.7085,0.40,0.40
2008.04.15 12:57:06.012,1.70805,1.7085,0.40,0.40
2008.04.15 12:57:07.518,1.70805,1.70845,0.10,0.10
2008.04.15 12:57:07.940,1.70805,1.70845,0.10,0.10
2008.04.15 12:57:10.747,1.70805,1.70845,0.10,0.10
2008.04.15 12:57:10.987,1.70805,1.70845,0.10,0.10
2008.04.15 12:57:11.225,1.70805,1.70845,0.10,0.10
2008.04.15 12:57:12.108,1.708,1.70845,0.40,0.10
2008.04.15 12:57:12.396,1.708,1.70835,0.10,0.10
2008.04.15 12:57:12.657,1.70795,1.7083,0.10,0.40
2008.04.15 12:57:12.919,1.7079,1.7082,0.10,0.30
2008.04.15 12:57:13.178,1.70785,1.7082,0.10,0.30
2008.04.15 12:57:13.455,1.70785,1.7082,0.10,0.30
2008.04.15 12:57:13.753,1.70785,1.7082,0.10,0.40
2008.04.15 12:57:14.026,1.7078,1.7082,0.20,0.40
2008.04.15 12:57:14.726,1.7078,1.7082,0.20,0.40
2008.04.15 12:57:14.996,1.70785,1.7082,0.10,0.40
2008.04.15 12:57:15.228,1.7078,1.7082,0.60,0.30
2008.04.15 12:57:15.689,1.7078,1.7082,0.60,0.30
2008.04.15 12:57:15.978,1.70785,1.7082,0.10,0.30
2008.04.15 12:57:18.446,1.70785,1.7082,0.10,0.30
2008.04.15 12:57:18.764,1.70785,1.7082,0.10,0.30
2008.04.15 12:57:19.455,1.70785,1.7082,0.10,0.30
2008.04.15 12:57:19.761,1.7079,1.7083,0.10,0.40
2008.04.15 12:57:20.426,1.7079,1.7083,0.10,0.40
2008.04.15 12:57:20.676,1.7079,1.7083,0.10,0.40
2008.04.15 12:57:20.917,1.7079,1.7083,0.10,0.40
2008.04.15 12:57:21.205,1.7079,1.7083,0.10,0.40
2008.04.15 12:57:21.445,1.7079,1.7083,0.30,0.40
2008.04.15 12:57:21.725,1.7079,1.7083,0.60,0.30
2008.04.15 12:57:22.009,1.70795,1.7083,0.10,0.30
2008.04.15 12:57:22.455,1.70795,1.7083,0.10,0.30
2008.04.15 12:57:22.745,1.708,1.7084,0.20,0.10
2008.04.15 12:57:23.108,1.708,1.70845,0.60,0.10
2008.04.15 12:57:23.383,1.7082,1.7085,0.20,1.00
2008.04.15 12:57:23.658,1.7081,1.7084,0.20,0.30
2008.04.15 12:57:23.927,1.7081,1.7084,0.20,0.30
2008.04.15 12:57:24.185,1.7081,1.7084,0.20,0.30
2008.04.15 12:57:25.186,1.7081,1.7084,0.20,0.30
2008.04.15 12:57:25.476,1.7082,1.7084,0.20,0.30
2008.04.15 12:57:25.740,1.7082,1.7084,0.20,0.30
2008.04.15 12:57:26.676,1.7082,1.7084,0.20,0.30
2008.04.15 12:57:26.921,1.7082,1.7084,0.20,0.30
2008.04.15 12:57:27.200,1.7082,1.7084,0.20,0.30
2008.04.15 12:57:27.443,1.7082,1.70855,0.50,0.30
2008.04.15 12:57:27.744,1.7082,1.7086,0.50,1.20
2008.04.15 12:57:28.034,1.7083,1.7086,0.30,1.20
2008.04.15 12:57:28.324,1.7083,1.7087,0.50,1.00
2008.04.15 12:57:28.612,1.7083,1.7086,0.50,0.30
2008.04.15 12:57:28.871,1.7083,1.7086,0.20,0.30
2008.04.15 12:57:29.220,1.7083,1.7086,0.50,0.30
2008.04.15 12:57:29.484,1.7084,1.7088,0.50,0.30
2008.04.15 12:57:29.743,1.7084,1.7088,0.50,0.80
2008.04.15 12:57:30.038,1.7084,1.7088,0.20,1.30
2008.04.15 12:57:30.332,1.7084,1.7088,0.20,1.30
2008.04.15 12:57:30.689,1.7084,1.70875,0.20,0.30
2008.04.15 12:57:30.976,1.7084,1.70875,0.20,0.30
2008.04.15 12:57:31.223,1.70835,1.7087,0.30,0.80
2008.04.15 12:57:31.522,1.7083,1.7087,0.50,0.80
2008.04.15 12:57:33.466,1.7083,1.7087,0.50,0.80
2008.04.15 12:57:34.340,1.7083,1.7086,0.50,0.30
2008.04.15 12:57:34.601,1.7083,1.7086,0.50,0.30
2008.04.15 12:57:34.888,1.7083,1.7087,0.50,1.00
2008.04.15 12:57:35.157,1.7083,1.7087,0.50,1.00
2008.04.15 12:57:35.426,1.7083,1.7086,0.20,0.10
2008.04.15 12:57:35.696,1.70815,1.7085,0.30,0.30
2008.04.15 12:57:35.978,1.7082,1.7086,0.30,0.40
2008.04.15 12:57:36.237,1.7082,1.70855,0.20,0.10
2008.04.15 12:57:36.497,1.7082,1.7086,0.20,0.10
2008.04.15 12:57:36.892,1.7082,1.7086,0.20,0.10
2008.04.15 12:57:37.157,1.70815,1.70855,0.30,0.30
2008.04.15 12:57:37.423,1.70805,1.7085,0.30,0.40
2008.04.15 12:57:37.686,1.70805,1.7085,0.40,0.40
2008.04.15 12:57:37.951,1.708,1.70845,0.60,0.10
2008.04.15 12:57:38.235,1.708,1.70845,0.60,0.10
2008.04.15 12:57:38.534,1.708,1.70845,0.60,0.10
2008.04.15 12:57:38.819,1.70805,1.70845,0.10,0.10
2008.04.15 12:57:39.048,1.70805,1.7084,0.10,0.30
2008.04.15 12:57:39.272,1.70805,1.7084,0.10,0.30
2008.04.15 12:57:40.680,1.70805,1.7084,0.10,0.30
2008.04.15 12:57:40.966,1.7081,1.7084,0.60,0.30
2008.04.15 12:57:41.438,1.7081,1.7084,0.50,0.30
2008.04.15 12:57:42.044,1.7081,1.7084,0.20,0.30
2008.04.15 12:57:42.362,1.7081,1.7084,0.20,0.30
2008.04.15 12:57:42.607,1.7081,1.7084,0.20,0.30
2008.04.15 12:57:43.229,1.7081,1.7084,0.20,0.30
2008.04.15 12:57:43.518,1.7081,1.7084,0.20,0.30
2008.04.15 12:57:43.783,1.7081,1.7084,0.20,0.30
2008.04.15 12:57:44.048,1.70795,1.7084,0.30,0.40
2008.04.15 12:57:44.439,1.70795,1.7084,0.30,0.40
2008.04.15 12:57:44.708,1.70795,1.7084,0.30,0.40
2008.04.15 12:57:44.978,1.70795,1.7084,0.40,0.40
2008.04.15 12:57:45.253,1.708,1.7084,0.10,0.40
2008.04.15 12:57:45.527,1.708,1.70835,0.10,0.10
2008.04.15 12:57:45.801,1.70795,1.70835,0.10,0.10
2008.04.15 12:57:46.973,1.70795,1.70835,0.10,0.10
2008.04.15 12:57:47.237,1.70795,1.70835,0.10,0.10
2008.04.15 12:57:47.857,1.70795,1.70835,0.10,0.10
2008.04.15 12:57:48.121,1.7081,1.7085,0.50,1.20
2008.04.15 12:57:48.416,1.7081,1.7085,0.50,0.60
2008.04.15 12:57:48.714,1.7081,1.7085,0.50,0.60
2008.04.15 12:57:49.009,1.70815,1.7085,0.30,0.30
2008.04.15 12:57:50.213,1.70815,1.7085,0.30,0.30
2008.04.15 12:57:50.489,1.7081,1.7085,0.50,0.30
2008.04.15 12:57:51.227,1.70815,1.7085,0.30,0.30
2008.04.15 12:57:51.971,1.70815,1.7085,0.30,0.30
2008.04.15 12:57:52.238,1.70815,1.7085,0.30,0.30
2008.04.15 12:57:52.466,1.7082,1.7086,0.20,1.30
2008.04.15 12:57:52.716,1.7082,1.7086,0.50,1.20
2008.04.15 12:57:53.773,1.7082,1.7086,0.50,1.20
2008.04.15 12:57:54.103,1.7082,1.7085,0.20,0.30
2008.04.15 12:57:54.317,1.7082,1.7085,0.20,0.30
2008.04.15 12:57:54.536,1.7082,1.7085,0.20,0.30
2008.04.15 12:57:54.774,1.7082,1.7085,0.20,0.30
2008.04.15 12:57:54.989,1.7082,1.7085,0.20,0.30
2008.04.15 12:57:55.218,1.7082,1.7085,0.20,0.30
2008.04.15 12:57:55.535,1.7082,1.7084,0.20,0.30
2008.04.15 12:57:56.185,1.7082,1.7084,0.20,0.30
2008.04.15 12:57:56.471,1.7082,1.7084,0.20,0.30
2008.04.15 12:57:56.710,1.7082,1.7084,0.20,0.30
2008.04.15 12:57:58.380,1.7082,1.7084,0.20,0.30
2008.04.15 12:57:58.637,1.7082,1.7086,0.50,0.30
2008.04.15 12:57:58.892,1.7082,1.7086,0.50,0.30
2008.04.15 12:57:59.146,1.7082,1.7086,0.50,0.30
2008.04.15 12:57:59.826,1.7082,1.7086,0.50,0.30
2008.04.15 12:58:00.113,1.7082,1.7085,0.20,0.30
2008.04.15 12:58:00.846,1.7082,1.7085,0.50,0.30
2008.04.15 12:58:01.104,1.7082,1.7086,0.50,0.60
2008.04.15 12:58:01.335,1.7083,1.7086,0.30,0.30
2008.04.15 12:58:01.639,1.7083,1.7087,0.20,0.40
2008.04.15 12:58:01.943,1.7083,1.7087,0.20,0.50
2008.04.15 12:58:02.478,1.7083,1.7087,0.20,0.50
2008.04.15 12:58:02.879,1.7083,1.7087,0.20,0.50
2008.04.15 12:58:03.295,1.7083,1.7087,0.20,0.50
2008.04.15 12:58:03.868,1.70835,1.7087,0.30,0.60
2008.04.15 12:58:04.149,1.7084,1.7087,0.20,0.30
2008.04.15 12:58:04.429,1.7085,1.7087,0.20,0.30
2008.04.15 12:58:04.719,1.7085,1.7087,0.20,0.30
2008.04.15 12:58:05.016,1.7085,1.7087,0.50,0.30
2008.04.15 12:58:05.305,1.7086,1.7089,0.20,0.30
2008.04.15 12:58:05.545,1.7086,1.7089,0.20,0.30
2008.04.15 12:58:05.806,1.7086,1.7089,0.20,0.60
2008.04.15 12:58:06.967,1.7086,1.7089,0.20,0.60
2008.04.15 12:58:07.235,1.7086,1.7089,0.20,0.60
2008.04.15 12:58:07.692,1.7086,1.7089,0.20,0.60
2008.04.15 12:58:07.938,1.7087,1.7089,0.20,0.30
2008.04.15 12:58:08.250,1.7087,1.7089,0.20,0.30
2008.04.15 12:58:08.492,1.7087,1.7089,0.50,0.30
2008.04.15 12:58:08.768,1.7087,1.7089,0.50,0.30
2008.04.15 12:58:09.042,1.7088,1.7091,0.20,0.30
2008.04.15 12:58:09.316,1.7088,1.7091,0.20,0.30
2008.04.15 12:58:09.592,1.7088,1.7091,0.20,0.30
2008.04.15 12:58:09.920,1.7088,1.7091,0.20,0.30
2008.04.15 12:58:11.595,1.7088,1.709,0.20,0.10
2008.04.15 12:58:11.859,1.7086,1.7089,0.20,0.30
2008.04.15 12:58:11.987,1.7086,1.7089,0.20,0.30
2008.04.15 12:58:12.086,1.7086,1.7089,0.20,0.30
2008.04.15 12:58:12.229,1.7086,1.7089,0.20,0.30
2008.04.15 12:58:12.522,1.7086,1.7089,0.30,0.30
2008.04.15 12:58:13.090,1.7086,1.7089,0.30,0.30
2008.04.15 12:58:13.425,1.7086,1.7089,0.30,0.30
2008.04.15 12:58:14.128,1.7086,1.7089,0.20,0.30
2008.04.15 12:58:14.322,1.7086,1.7089,0.20,0.30
2008.04.15 12:58:14.519,1.7086,1.7088,0.20,0.30
2008.04.15 12:58:14.714,1.7086,1.7088,0.20,0.30
2008.04.15 12:58:15.048,1.7086,1.7088,0.20,0.30
2008.04.15 12:58:15.383,1.7084,1.7088,0.50,0.30
2008.04.15 12:58:15.723,1.7084,1.7088,0.50,0.30
2008.04.15 12:58:16.744,1.7084,1.7088,0.50,0.30
2008.04.15 12:58:17.025,1.7085,1.7088,0.20,0.30
2008.04.15 12:58:17.729,1.7085,1.7088,0.20,0.30
2008.04.15 12:58:18.164,1.7085,1.7088,0.20,0.30
2008.04.15 12:58:18.679,1.7085,1.7088,0.20,0.30
2008.04.15 12:58:18.984,1.7085,1.7088,0.20,0.30
2008.04.15 12:58:19.269,1.70835,1.7088,0.40,0.40
2008.04.15 12:58:19.552,1.70835,1.7088,0.40,0.40
2008.04.15 12:58:19.914,1.70835,1.7088,0.40,0.40
2008.04.15 12:58:20.188,1.7085,1.7088,0.20,0.30
2008.04.15 12:58:20.463,1.7085,1.7088,0.20,0.30
2008.04.15 12:58:20.738,1.7084,1.7088,0.60,0.30
2008.04.15 12:58:21.105,1.7084,1.7088,0.60,0.30
2008.04.15 12:58:21.373,1.7083,1.7087,0.10,0.40
2008.04.15 12:58:21.637,1.7083,1.7087,0.10,0.40
2008.04.15 12:58:21.905,1.70835,1.7087,0.10,0.30
2008.04.15 12:58:22.198,1.70835,1.7087,0.10,0.30
2008.04.15 12:58:22.669,1.70835,1.7087,0.10,0.30
2008.04.15 12:58:22.949,1.70855,1.7087,0.30,0.30
2008.04.15 12:58:23.174,1.7087,1.709,0.20,0.60
2008.04.15 12:58:23.430,1.7087,1.709,0.20,0.60
2008.04.15 12:58:23.654,1.7087,1.709,0.20,0.60
2008.04.15 12:58:24.903,1.7088,1.709,0.30,0.60
2008.04.15 12:58:25.138,1.7089,1.7092,0.20,0.30
2008.04.15 12:58:25.374,1.7089,1.7091,0.20,0.30
2008.04.15 12:58:25.608,1.7089,1.7091,0.20,0.30
2008.04.15 12:58:25.922,1.7089,1.7091,0.20,0.30
2008.04.15 12:58:26.361,1.7089,1.7091,0.20,0.30
2008.04.15 12:58:26.696,1.7089,1.7093,0.20,0.40
2008.04.15 12:58:27.004,1.7089,1.7093,0.20,0.40
2008.04.15 12:58:27.222,1.7089,1.7093,0.50,0.30
2008.04.15 12:58:27.982,1.7089,1.7093,0.50,0.30
2008.04.15 12:58:28.693,1.7089,1.7093,0.50,0.30
2008.04.15 12:58:29.128,1.7089,1.7093,0.50,0.30
2008.04.15 12:58:30.415,1.7089,1.7093,0.50,0.30
2008.04.15 12:58:30.691,1.7088,1.709,0.20,0.30
2008.04.15 12:58:30.965,1.7088,1.709,0.50,0.30
2008.04.15 12:58:31.239,1.7088,1.7092,0.50,0.30
2008.04.15 12:58:31.536,1.7089,1.7092,0.20,0.30
2008.04.15 12:58:31.794,1.7089,1.7092,0.20,0.30
2008.04.15 12:58:32.053,1.7089,1.7092,0.20,0.60
2008.04.15 12:58:32.322,1.7088,1.7092,0.50,0.30
2008.04.15 12:58:32.986,1.7089,1.7092,0.20,0.30
2008.04.15 12:58:33.256,1.7089,1.7092,0.20,0.30
2008.04.15 12:58:33.543,1.7088,1.7092,0.50,0.30
2008.04.15 12:58:33.787,1.7088,1.7092,0.50,0.30
2008.04.15 12:58:34.032,1.7089,1.7092,0.30,0.30
2008.04.15 12:58:34.288,1.7089,1.7092,0.50,0.30
2008.04.15 12:58:34.895,1.7089,1.7092,0.50,0.30
2008.04.15 12:58:35.170,1.7088,1.7092,0.20,0.40
2008.04.15 12:58:35.466,1.70875,1.7091,0.30,0.30
2008.04.15 12:58:35.958,1.70875,1.7091,0.30,0.30
2008.04.15 12:58:36.252,1.7088,1.7091,0.20,0.40
2008.04.15 12:58:36.547,1.7088,1.7091,0.20,0.40
2008.04.15 12:58:36.787,1.7087,1.7091,0.50,0.40
2008.04.15 12:58:37.465,1.7087,1.709,0.30,0.30
2008.04.15 12:58:37.757,1.70855,1.709,0.40,0.40
2008.04.15 12:58:38.070,1.70855,1.709,0.30,0.40
2008.04.15 12:58:38.456,1.70855,1.709,0.30,0.40
2008.04.15 12:58:38.717,1.70855,1.709,0.30,0.50
2008.04.15 12:58:39.232,1.70855,1.709,0.30,0.50
2008.04.15 12:58:40.395,1.70855,1.709,0.30,0.50
2008.04.15 12:58:40.624,1.70855,1.709,0.30,0.50
2008.04.15 12:58:40.964,1.70855,1.709,0.30,0.50
2008.04.15 12:58:41.218,1.7086,1.709,0.20,0.50
2008.04.15 12:58:41.470,1.7086,1.709,0.50,0.60
2008.04.15 12:58:41.715,1.7086,1.709,0.50,0.60
2008.04.15 12:58:41.984,1.7086,1.709,0.50,0.30
2008.04.15 12:58:42.934,1.7086,1.709,0.50,0.30
2008.04.15 12:58:43.133,1.7086,1.709,0.20,0.50
2008.04.15 12:58:43.332,1.7086,1.709,0.50,0.60
2008.04.15 12:58:43.531,1.7086,1.709,0.20,0.40
2008.04.15 12:58:43.835,1.7086,1.709,0.20,0.40
2008.04.15 12:58:44.161,1.7086,1.709,0.50,0.30
2008.04.15 12:58:44.689,1.7086,1.709,0.50,0.30
2008.04.15 12:58:45.162,1.7086,1.709,0.50,0.30
2008.04.15 12:58:45.356,1.7086,1.709,0.50,0.30
2008.04.15 12:58:45.877,1.7086,1.709,0.50,0.30
2008.04.15 12:58:46.153,1.7088,1.709,0.20,0.30
2008.04.15 12:58:47.428,1.7088,1.709,0.20,0.30
2008.04.15 12:58:47.679,1.7088,1.709,0.20,0.30
2008.04.15 12:58:47.973,1.7088,1.709,0.20,0.30
2008.04.15 12:58:48.268,1.7088,1.709,0.20,0.30
2008.04.15 12:58:50.968,1.7088,1.709,0.20,0.30
2008.04.15 12:58:51.885,1.7088,1.709,0.20,0.30
2008.04.15 12:58:53.886,1.7088,1.709,0.20,0.30
2008.04.15 12:58:54.183,1.7085,1.7088,0.30,0.30
2008.04.15 12:58:54.918,1.7085,1.7088,0.30,0.30
2008.04.15 12:58:56.511,1.7085,1.7088,0.10,0.30
2008.04.15 12:58:57.697,1.7085,1.7089,0.10,0.10
2008.04.15 12:58:58.429,1.70855,1.709,0.30,0.50
2008.04.15 12:58:58.709,1.70855,1.709,0.30,0.10
2008.04.15 12:58:59.263,1.70855,1.709,0.30,0.10
2008.04.15 12:58:59.492,1.70855,1.709,0.30,0.40
2008.04.15 12:58:59.775,1.70855,1.709,0.30,0.40
2008.04.15 12:59:00.025,1.70855,1.70895,0.30,0.10
2008.04.15 12:59:01.396,1.70855,1.70895,0.30,0.10
2008.04.15 12:59:01.806,1.70855,1.70895,0.40,0.10
2008.04.15 12:59:02.046,1.7086,1.709,0.30,0.10
2008.04.15 12:59:02.272,1.7086,1.709,0.30,0.40
2008.04.15 12:59:03.691,1.7086,1.709,0.30,0.40
2008.04.15 12:59:03.979,1.7085,1.7089,0.30,0.10
2008.04.15 12:59:04.495,1.7085,1.7089,0.30,0.40
2008.04.15 12:59:04.746,1.7084,1.7088,1.60,0.10
2008.04.15 12:59:04.972,1.7084,1.7088,1.60,0.10
2008.04.15 12:59:05.252,1.7084,1.7088,1.60,0.10
2008.04.15 12:59:05.687,1.7084,1.7088,1.60,0.10
2008.04.15 12:59:06.075,1.70835,1.7088,0.30,0.10
2008.04.15 12:59:06.336,1.70835,1.7088,0.30,0.10
2008.04.15 12:59:06.596,1.70845,1.7089,0.30,0.40
2008.04.15 12:59:06.857,1.70845,1.7089,0.30,0.40
2008.04.15 12:59:07.118,1.7084,1.70885,0.30,0.10
2008.04.15 12:59:07.395,1.7084,1.70885,0.30,0.10
2008.04.15 12:59:07.650,1.70835,1.7088,0.40,0.10
2008.04.15 12:59:07.907,1.7085,1.70895,0.30,0.10
2008.04.15 12:59:08.162,1.70845,1.70885,0.10,0.10
2008.04.15 12:59:08.453,1.7085,1.70895,0.30,0.40
2008.04.15 12:59:08.742,1.7085,1.70895,0.40,0.10
2008.04.15 12:59:09.102,1.70845,1.7089,0.30,0.10
2008.04.15 12:59:09.347,1.7085,1.70895,0.40,0.10
2008.04.15 12:59:09.591,1.70855,1.709,0.30,0.40
2008.04.15 12:59:09.835,1.70855,1.70895,0.10,0.10
2008.04.15 12:59:10.080,1.70855,1.7089,0.10,0.10
2008.04.15 12:59:10.340,1.70845,1.7089,0.40,0.10
2008.04.15 12:59:11.153,1.70845,1.7089,0.40,0.10
2008.04.15 12:59:13.072,1.7085,1.7089,0.30,0.10
2008.04.15 12:59:13.152,1.70855,1.709,0.30,0.10
2008.04.15 12:59:13.248,1.70855,1.709,0.30,0.10
2008.04.15 12:59:13.581,1.70855,1.709,0.30,0.10
2008.04.15 12:59:13.706,1.70855,1.70895,0.10,0.10
2008.04.15 12:59:14.997,1.70855,1.70895,0.10,0.10
2008.04.15 12:59:15.354,1.70855,1.709,0.30,0.10
2008.04.15 12:59:15.562,1.7085,1.70895,0.40,0.10
2008.04.15 12:59:15.776,1.70855,1.709,0.30,0.10
2008.04.15 12:59:15.970,1.70855,1.709,0.40,0.10
2008.04.15 12:59:17.439,1.70855,1.709,0.40,0.10
2008.04.15 12:59:18.495,1.70855,1.709,0.40,0.10
2008.04.15 12:59:18.785,1.70855,1.709,0.40,0.10
2008.04.15 12:59:19.060,1.70865,1.7091,0.40,0.10
2008.04.15 12:59:19.337,1.70865,1.7091,0.30,0.10
2008.04.15 12:59:21.021,1.70865,1.7091,0.30,0.10
2008.04.15 12:59:21.242,1.70885,1.7092,0.30,1.80
2008.04.15 12:59:21.480,1.70885,1.7092,0.30,0.30
2008.04.15 12:59:23.513,1.70885,1.7092,0.30,0.30
2008.04.15 12:59:23.739,1.7089,1.7093,0.30,1.80
2008.04.15 12:59:24.245,1.7089,1.7093,0.30,1.80
2008.04.15 12:59:24.626,1.7089,1.7093,0.30,0.30
2008.04.15 12:59:24.897,1.709,1.70945,0.30,0.40
2008.04.15 12:59:25.167,1.7091,1.70945,0.30,0.30
2008.04.15 12:59:25.496,1.70905,1.70945,0.30,0.30
2008.04.15 12:59:26.007,1.70905,1.70945,0.30,0.30
2008.04.15 12:59:26.277,1.70895,1.7094,0.30,0.10
2008.04.15 12:59:26.655,1.70895,1.7094,0.30,0.40
2008.04.15 12:59:27.142,1.70895,1.7094,0.30,0.40
2008.04.15 12:59:27.461,1.70895,1.7094,0.30,0.40
2008.04.15 12:59:28.294,1.70895,1.7094,0.30,0.40
2008.04.15 12:59:28.529,1.70885,1.7093,0.30,0.10
2008.04.15 12:59:28.764,1.70885,1.70925,0.30,0.30
2008.04.15 12:59:28.999,1.7088,1.70925,0.30,0.40
2008.04.15 12:59:29.234,1.7088,1.70925,0.30,0.40
2008.04.15 12:59:30.609,1.7087,1.70925,0.10,0.30
2008.04.15 12:59:31.383,1.7087,1.70925,0.10,0.30
2008.04.15 12:59:31.713,1.70865,1.7092,0.10,0.30
2008.04.15 12:59:32.157,1.7087,1.70925,0.10,0.30
2008.04.15 12:59:32.529,1.7087,1.70925,0.10,0.30
2008.04.15 12:59:32.759,1.70875,1.70935,0.10,0.30
2008.04.15 12:59:33.062,1.70875,1.7093,0.10,0.30
2008.04.15 12:59:33.292,1.7088,1.7093,0.10,0.30
2008.04.15 12:59:33.584,1.7088,1.7093,0.10,0.30
2008.04.15 12:59:33.864,1.7088,1.7094,1.60,0.30
2008.04.15 12:59:34.144,1.7089,1.7094,0.10,0.30
2008.04.15 12:59:34.739,1.7089,1.70945,0.10,0.30
2008.04.15 12:59:35.457,1.7089,1.70945,0.10,0.30
2008.04.15 12:59:35.717,1.7089,1.70945,1.60,0.30
2008.04.15 12:59:35.976,1.70895,1.70955,0.10,0.30
2008.04.15 12:59:36.214,1.70895,1.70955,0.10,0.30
2008.04.15 12:59:36.445,1.70915,1.7097,0.10,0.30
2008.04.15 12:59:36.985,1.70915,1.7097,0.10,0.30
2008.04.15 12:59:37.274,1.70915,1.70975,0.10,0.30
2008.04.15 12:59:37.588,1.70915,1.70975,0.10,0.30
2008.04.15 12:59:37.842,1.70905,1.70965,0.10,0.30
2008.04.15 12:59:38.123,1.70915,1.70965,0.10,0.30
2008.04.15 12:59:38.378,1.7092,1.70975,1.60,0.30
2008.04.15 12:59:38.633,1.7092,1.7098,1.60,0.30
2008.04.15 12:59:38.883,1.7092,1.7097,0.10,0.30
2008.04.15 12:59:39.133,1.7092,1.7097,0.10,0.30
2008.04.15 12:59:39.384,1.70915,1.70965,0.10,0.30
2008.04.15 12:59:39.685,1.70915,1.70965,0.10,0.30
2008.04.15 12:59:39.986,1.7091,1.70965,0.10,0.30
2008.04.15 12:59:40.286,1.7091,1.70965,0.10,0.30
2008.04.15 12:59:40.667,1.7091,1.70965,0.10,0.30
2008.04.15 12:59:40.907,1.7091,1.70965,0.10,0.30
2008.04.15 12:59:41.173,1.7091,1.7096,0.10,0.30
2008.04.15 12:59:41.413,1.7091,1.70965,0.10,0.30
2008.04.15 12:59:41.735,1.7091,1.70965,0.10,0.30
2008.04.15 12:59:42.426,1.7091,1.70965,0.10,0.30
2008.04.15 12:59:42.732,1.7091,1.70965,0.60,0.30
2008.04.15 12:59:42.923,1.7092,1.70975,0.10,0.30
2008.04.15 12:59:43.113,1.7092,1.70975,0.10,0.30
2008.04.15 12:59:43.304,1.7091,1.7097,0.10,0.30
2008.04.15 12:59:43.492,1.7091,1.7097,0.10,0.30
2008.04.15 12:59:43.703,1.7091,1.7097,0.10,0.30
2008.04.15 12:59:44.014,1.7092,1.70975,0.10,0.30
2008.04.15 12:59:45.067,1.7092,1.70975,0.10,0.30
2008.04.15 12:59:45.295,1.7092,1.70975,0.10,0.30
2008.04.15 12:59:46.566,1.7092,1.70975,0.10,0.30
2008.04.15 12:59:46.823,1.7091,1.70965,0.10,0.30
2008.04.15 12:59:50.165,1.7091,1.70965,0.10,0.30
2008.04.15 12:59:51.731,1.7087,1.7098,5.20,9.20
2008.04.15 12:59:52.299,1.7087,1.7099,14.40,14.40
2008.04.15 12:59:52.353,1.7087,1.7099,14.00,14.00
2008.04.15 12:59:52.967,1.7087,1.7099,14.00,14.00
2008.04.15 12:59:53.302,1.709,1.7101,4.80,9.20
2008.04.15 12:59:53.638,1.709,1.7101,4.80,9.20
2008.04.15 12:59:53.975,1.7088,1.71,14.40,14.00
2008.04.15 12:59:54.493,1.7088,1.71,14.40,14.00
2008.04.15 12:59:54.702,1.7088,1.71,14.40,14.00
2008.04.15 12:59:55.201,1.7088,1.71,14.40,14.00
2008.04.15 12:59:55.500,1.7088,1.71,14.00,14.00
2008.04.15 12:59:56.159,1.7088,1.71,14.00,14.00
2008.04.15 12:59:56.401,1.709,1.71,9.20,4.80
2008.04.15 12:59:56.666,1.709,1.7102,14.00,14.40
2008.04.15 12:59:56.932,1.709,1.7102,14.00,14.00
2008.04.15 12:59:57.208,1.7091,1.7102,9.20,4.80
2008.04.15 12:59:57.483,1.7091,1.7102,9.20,4.80
2008.04.15 12:59:57.758,1.709,1.7102,14.00,14.00
2008.04.15 12:59:58.150,1.709,1.7102,14.00,14.00
2008.04.15 12:59:58.416,1.7091,1.7102,9.20,4.80
2008.04.15 12:59:58.681,1.7091,1.7102,9.20,4.80
2008.04.15 12:59:58.972,1.709,1.7102,14.00,14.40
2008.04.15 12:59:59.219,1.709,1.7102,14.00,14.00
2008.04.15 12:59:59.464,1.709,1.7102,14.00,14.00
2008.04.15 12:59:59.709,1.7091,1.7102,9.20,4.80
2008.04.15 12:59:59.954,1.7091,1.7102,9.20,4.80
