2017.07.10 01:00:00.042,1.49965,1.49979,1.19,1.00
2017.07.10 01:00:00.349,1.49965,1.49983,1.69,1.00
2017.07.10 01:00:00.401,1.49965,1.49983,1.00,1.00
2017.07.10 01:00:00.836,1.49964,1.4998,1.25,1.00
2017.07.10 01:00:01.580,1.49964,1.49979,1.25,1.00
2017.07.10 01:00:01.914,1.49963,1.49974,1.19,1.00
2017.07.10 01:00:02.083,1.49963,1.49978,1.19,1.00
2017.07.10 01:00:02.604,1.49963,1.49979,1.19,1.00
2017.07.10 01:00:03.310,1.49962,1.4998,1.31,1.00
2017.07.10 01:00:03.840,1.49962,1.49981,1.31,1.00
2017.07.10 01:00:06.180,1.49962,1.49983,1.19,2.25
2017.07.10 01:00:06.724,1.49963,1.49981,1.19,1.50
2017.07.10 01:00:06.997,1.49963,1.49984,1.69,1.37
2017.07.10 01:00:07.151,1.49964,1.49985,1.69,3.00
2017.07.10 01:00:07.203,1.49966,1.49985,1.19,1.00
2017.07.10 01:00:07.255,1.49966,1.49983,1.19,1.00
2017.07.10 01:00:07.563,1.49969,1.49986,1.19,1.00
2017.07.10 01:00:08.126,1.49969,1.49985,1.19,1.00
2017.07.10 01:00:08.897,1.49969,1.49984,1.19,1.00
2017.07.10 01:00:09.264,1.49969,1.49982,1.19,1.00
2017.07.10 01:00:09.775,1.49969,1.49987,1.19,1.00
2017.07.10 01:00:16.071,1.49969,1.49988,1.19,1.12
2017.07.10 01:00:16.653,1.49969,1.49987,1.19,1.00
2017.07.10 01:00:17.343,1.4997,1.49988,1.19,1.00
2017.07.10 01:00:17.887,1.4997,1.49987,1.19,1.00
2017.07.10 01:00:18.417,1.4997,1.49989,1.19,1.12
2017.07.10 01:00:19.256,1.4997,1.49987,1.19,1.00
2017.07.10 01:00:19.866,1.4997,1.49988,1.19,1.00
2017.07.10 01:00:20.470,1.4997,1.49987,1.69,1.00
2017.07.10 01:00:21.064,1.4997,1.49988,1.69,1.50
2017.07.10 01:00:22.212,1.4997,1.49989,1.69,1.12
2017.07.10 01:00:22.785,1.49974,1.49988,1.37,1.00
2017.07.10 01:00:22.888,1.49974,1.49993,2.25,1.50
2017.07.10 01:00:23.252,1.49974,1.49995,3.00,2.62
2017.07.10 01:00:24.951,1.49975,1.49995,1.62,1.87
2017.07.10 01:00:25.104,1.49974,1.49992,1.44,1.00
2017.07.10 01:00:25.207,1.49969,1.49988,1.69,1.00
2017.07.10 01:00:25.309,1.49968,1.49988,1.69,1.37
2017.07.10 01:00:25.770,1.49966,1.49986,2.62,1.87
2017.07.10 01:00:25.977,1.49966,1.49985,1.50,2.25
2017.07.10 01:00:26.130,1.49966,1.49982,1.00,1.00
2017.07.10 01:00:26.439,1.49974,1.49986,1.19,1.00
2017.07.10 01:00:26.542,1.49975,1.49991,1.37,1.00
2017.07.10 01:00:26.645,1.49973,1.49994,2.44,1.69
2017.07.10 01:00:27.356,1.49975,1.49993,1.19,1.62
2017.07.10 01:00:27.662,1.49972,1.49991,1.87,2.06
2017.07.10 01:00:27.765,1.49971,1.49989,1.50,1.25
2017.07.10 01:00:29.533,1.49972,1.4999,1.19,1.50
2017.07.10 01:00:29.636,1.49973,1.49993,1.00,3.56
2017.07.10 01:00:29.687,1.49973,1.49992,1.00,1.31
2017.07.10 01:00:29.740,1.49973,1.49993,1.37,3.37
2017.07.10 01:00:30.251,1.49973,1.49993,2.44,2.06
2017.07.10 01:00:30.793,1.49974,1.49993,1.94,1.69
2017.07.10 01:00:30.896,1.49975,1.49994,1.62,1.50
2017.07.10 01:00:31.005,1.49974,1.49994,1.31,1.19
2017.07.10 01:00:31.928,1.49974,1.49993,1.31,1.00
2017.07.10 01:00:32.918,1.49974,1.49993,2.06,1.00
2017.07.10 01:00:33.428,1.49975,1.49995,1.19,2.44
2017.07.10 01:00:34.488,1.49974,1.49994,1.19,1.19
2017.07.10 01:00:35.152,1.49974,1.49993,1.19,1.00
2017.07.10 01:00:36.720,1.49974,1.49995,1.31,3.56
2017.07.10 01:00:37.156,1.49973,1.49995,2.06,2.81
2017.07.10 01:00:37.309,1.4998,1.49996,1.00,1.50
2017.07.10 01:00:37.564,1.49982,1.49999,1.25,3.00
2017.07.10 01:00:38.496,1.49982,1.49999,1.25,2.25
2017.07.10 01:00:39.453,1.49982,1.49997,1.25,1.00
2017.07.10 01:00:39.992,1.49982,1.49995,1.25,1.00
2017.07.10 01:00:40.563,1.49982,1.49996,1.25,1.00
2017.07.10 01:00:40.614,1.49983,1.49998,1.25,1.12
2017.07.10 01:00:40.666,1.49985,1.49998,1.00,1.00
2017.07.10 01:00:41.431,1.49985,1.49995,1.00,1.00
2017.07.10 01:00:41.736,1.49985,1.49997,1.00,1.00
2017.07.10 01:00:42.777,1.49985,1.49996,1.00,1.00
2017.07.10 01:00:43.297,1.49985,1.49997,1.00,1.00
2017.07.10 01:00:43.349,1.49985,1.5,1.00,1.12
2017.07.10 01:00:43.776,1.49985,1.49998,1.00,1.00
2017.07.10 01:00:44.944,1.49985,1.49997,1.00,1.00
2017.07.10 01:00:45.267,1.49985,1.49994,1.00,1.00
2017.07.10 01:00:45.661,1.49985,1.49996,1.00,1.00
2017.07.10 01:00:46.173,1.49983,1.49997,1.19,1.00
2017.07.10 01:00:46.686,1.49983,1.49996,1.19,1.00
2017.07.10 01:00:46.994,1.49984,1.49999,1.19,1.00
2017.07.10 01:00:47.636,1.49984,1.49999,1.19,1.37
2017.07.10 01:00:48.272,1.49984,1.5,1.19,1.37
2017.07.10 01:00:49.245,1.49985,1.50001,1.25,1.87
2017.07.10 01:00:50.243,1.49985,1.5,1.25,1.37
2017.07.10 01:00:51.246,1.49985,1.49998,1.25,1.00
2017.07.10 01:00:52.556,1.49984,1.49996,1.19,1.00
2017.07.10 01:00:53.145,1.49984,1.49997,1.19,1.00
2017.07.10 01:00:53.818,1.49984,1.49999,1.19,1.00
2017.07.10 01:00:54.587,1.49986,1.49999,1.00,1.12
2017.07.10 01:00:54.792,1.49987,1.49999,1.19,1.00
2017.07.10 01:00:54.895,1.49987,1.50001,1.19,1.00
2017.07.10 01:00:55.415,1.49988,1.5,1.19,1.00
2017.07.10 01:00:55.775,1.49988,1.49998,1.19,1.00
2017.07.10 01:00:55.929,1.49988,1.5,1.19,1.00
2017.07.10 01:00:56.493,1.49988,1.49999,1.19,1.00
2017.07.10 01:00:57.345,1.49988,1.49998,1.19,1.00
2017.07.10 01:00:57.892,1.49988,1.49998,1.25,1.00
2017.07.10 01:00:58.147,1.49987,1.49998,1.19,1.00
2017.07.10 01:00:58.198,1.49987,1.49999,1.25,1.00
2017.07.10 01:00:58.250,1.49987,1.49999,1.19,1.00
2017.07.10 01:00:59.063,1.49988,1.49998,1.19,1.00
2017.07.10 01:00:59.268,1.49988,1.49998,1.00,1.00
2017.07.10 01:00:59.663,1.49986,1.49998,1.25,1.00
2017.07.10 01:01:00.040,1.49984,1.49996,1.19,1.00
2017.07.10 01:01:00.584,1.49983,1.49997,1.19,1.00
2017.07.10 01:01:00.943,1.49983,1.5,1.19,1.00
2017.07.10 01:01:01.477,1.49983,1.49999,1.19,1.00
2017.07.10 01:01:01.997,1.49982,1.50001,1.19,2.62
2017.07.10 01:01:02.508,1.49986,1.49999,1.00,1.00
2017.07.10 01:01:02.808,1.49986,1.49997,1.00,1.00
2017.07.10 01:01:03.134,1.49986,1.49999,1.00,1.00
2017.07.10 01:01:03.635,1.49986,1.49998,1.00,1.00
2017.07.10 01:01:03.739,1.49986,1.50001,1.00,1.50
2017.07.10 01:01:04.442,1.49984,1.50001,1.19,1.00
2017.07.10 01:01:04.946,1.49986,1.50002,1.00,3.00
2017.07.10 01:01:06.935,1.49982,1.50002,1.19,1.87
2017.07.10 01:01:07.425,1.49986,1.50002,1.37,1.00
2017.07.10 01:01:07.579,1.49993,1.50009,1.50,1.50
2017.07.10 01:01:07.630,1.49995,1.50009,2.06,1.00
2017.07.10 01:01:07.682,1.49997,1.50013,1.25,1.00
2017.07.10 01:01:08.090,1.49996,1.50015,1.19,1.12
2017.07.10 01:01:08.626,1.49996,1.50014,1.19,1.00
2017.07.10 01:01:08.678,1.49996,1.50015,1.19,1.00
2017.07.10 01:01:09.547,1.49997,1.50015,1.44,1.00
2017.07.10 01:01:09.873,1.49996,1.50012,2.06,1.00
2017.07.10 01:01:10.080,1.49997,1.50012,1.19,1.00
2017.07.10 01:01:10.132,1.49997,1.50014,1.19,1.00
2017.07.10 01:01:10.184,1.49996,1.50014,1.31,1.00
2017.07.10 01:01:10.492,1.49996,1.50011,2.06,1.00
2017.07.10 01:01:10.594,1.49996,1.50013,2.06,1.00
2017.07.10 01:01:11.111,1.49996,1.50014,2.06,1.12
2017.07.10 01:01:11.163,1.49996,1.50014,1.87,1.12
2017.07.10 01:01:11.618,1.49996,1.50016,2.25,1.87
2017.07.10 01:01:11.924,1.50001,1.50017,1.00,1.00
2017.07.10 01:01:12.289,1.49996,1.50015,2.44,1.00
2017.07.10 01:01:12.443,1.49996,1.50017,2.81,1.00
2017.07.10 01:01:12.853,1.49999,1.50018,1.25,1.00
2017.07.10 01:01:13.372,1.49998,1.50017,1.87,1.00
2017.07.10 01:01:13.705,1.49998,1.50015,1.87,1.00
2017.07.10 01:01:14.012,1.49996,1.50011,1.50,1.00
2017.07.10 01:01:14.334,1.49996,1.50008,1.25,1.00
2017.07.10 01:01:14.858,1.49996,1.5001,1.25,1.00
2017.07.10 01:01:15.176,1.49996,1.50008,1.25,1.00
2017.07.10 01:01:15.513,1.49996,1.5001,1.25,1.00
2017.07.10 01:01:16.150,1.49996,1.50011,1.69,1.00
2017.07.10 01:01:16.683,1.49996,1.50013,1.12,1.00
2017.07.10 01:01:17.134,1.49996,1.50009,1.87,1.00
2017.07.10 01:01:17.436,1.49996,1.50012,1.87,1.00
2017.07.10 01:01:17.994,1.49999,1.50012,1.00,1.00
2017.07.10 01:01:18.045,1.49999,1.50014,1.00,1.00
2017.07.10 01:01:18.200,1.49996,1.50016,2.25,1.00
2017.07.10 01:01:18.508,1.49996,1.50012,2.44,1.00
2017.07.10 01:01:18.986,1.5,1.50012,1.00,1.00
2017.07.10 01:01:19.038,1.5,1.50014,1.00,1.00
2017.07.10 01:01:19.446,1.49997,1.50015,1.00,1.00
2017.07.10 01:01:19.599,1.49998,1.50016,1.00,2.25
2017.07.10 01:01:19.972,1.49999,1.50017,1.31,1.12
2017.07.10 01:01:20.024,1.50004,1.50018,1.25,1.61
2017.07.10 01:01:20.229,1.50004,1.50023,1.31,1.00
2017.07.10 01:01:20.748,1.50001,1.5002,2.81,1.37
2017.07.10 01:01:20.955,1.50001,1.50021,1.19,1.25
2017.07.10 01:01:21.109,1.50001,1.50019,1.19,1.00
2017.07.10 01:01:21.160,1.50001,1.50018,1.25,1.00
2017.07.10 01:01:21.677,1.49997,1.50017,1.19,1.50
2017.07.10 01:01:21.729,1.49997,1.50014,1.19,1.00
2017.07.10 01:01:22.091,1.49997,1.50014,1.00,1.75
2017.07.10 01:01:22.143,1.49993,1.50014,1.50,1.75
2017.07.10 01:01:22.278,1.49993,1.50012,2.25,1.00
2017.07.10 01:01:22.434,1.49994,1.50012,1.37,1.00
2017.07.10 01:01:22.486,1.49998,1.50015,1.00,1.50
2017.07.10 01:01:22.692,1.49996,1.50017,4.12,1.87
2017.07.10 01:01:23.364,1.49999,1.50019,1.31,1.00
2017.07.10 01:01:23.415,1.50001,1.50019,1.00,1.00
2017.07.10 01:01:23.725,1.49995,1.50014,1.56,1.12
2017.07.10 01:01:24.032,1.49995,1.50012,1.62,1.00
2017.07.10 01:01:24.442,1.49994,1.50015,3.19,1.87
2017.07.10 01:01:24.493,1.49995,1.50015,1.69,1.00
2017.07.10 01:01:24.545,1.49995,1.50013,2.06,1.00
2017.07.10 01:01:25.170,1.49995,1.50012,2.06,1.00
2017.07.10 01:01:25.273,1.49995,1.50012,2.62,1.00
2017.07.10 01:01:26.561,1.49995,1.50012,1.00,1.00
2017.07.10 01:01:26.715,1.49994,1.50011,1.00,1.75
2017.07.10 01:01:27.124,1.49994,1.50009,1.00,1.25
2017.07.10 01:01:27.661,1.49994,1.50009,1.00,1.25
2017.07.10 01:01:28.197,1.49994,1.50008,1.00,1.75
2017.07.10 01:01:28.556,1.49992,1.50008,1.00,1.63
2017.07.10 01:01:28.729,1.49992,1.50007,1.00,1.38
2017.07.10 01:01:29.199,1.49989,1.50005,1.00,1.63
2017.07.10 01:01:29.353,1.49986,1.49998,1.12,1.00
2017.07.10 01:01:29.609,1.49983,1.49999,1.00,1.00
2017.07.10 01:01:29.660,1.49983,1.5,1.00,1.00
2017.07.10 01:01:30.211,1.49984,1.5,1.00,1.00
2017.07.10 01:01:30.367,1.49981,1.50001,1.00,1.00
2017.07.10 01:01:30.419,1.49983,1.50002,1.00,2.50
2017.07.10 01:01:30.727,1.49986,1.50005,1.00,1.75
2017.07.10 01:01:31.238,1.49986,1.50005,1.00,1.75
2017.07.10 01:01:31.578,1.49988,1.50005,1.00,1.00
2017.07.10 01:01:32.547,1.49988,1.50006,1.00,1.75
2017.07.10 01:01:33.080,1.49988,1.50006,1.00,1.38
2017.07.10 01:01:33.475,1.49986,1.50006,1.00,1.38
2017.07.10 01:01:34.061,1.49986,1.50006,1.00,1.25
2017.07.10 01:01:34.604,1.49986,1.50006,1.00,1.25
2017.07.10 01:01:35.112,1.49986,1.50006,1.00,1.25
2017.07.10 01:01:35.163,1.49989,1.50006,1.00,1.25
2017.07.10 01:01:35.649,1.49989,1.50006,1.00,1.00
2017.07.10 01:01:36.181,1.49989,1.50005,1.00,1.00
2017.07.10 01:01:40.828,1.49989,1.50007,1.00,2.25
2017.07.10 01:01:41.033,1.49986,1.50006,2.25,1.00
2017.07.10 01:01:42.061,1.49986,1.50007,2.25,2.25
2017.07.10 01:01:43.586,1.49986,1.50006,1.50,1.50
2017.07.10 01:01:43.638,1.49985,1.50003,1.87,1.00
2017.07.10 01:01:43.807,1.49983,1.50003,1.50,1.50
2017.07.10 01:01:43.858,1.49982,1.5,3.37,1.00
2017.07.10 01:01:43.910,1.49982,1.50003,2.62,2.25
2017.07.10 01:01:44.436,1.49983,1.50003,1.87,1.00
2017.07.10 01:01:46.334,1.49983,1.50002,1.12,1.00
2017.07.10 01:01:46.866,1.49984,1.50002,1.50,1.00
2017.07.10 01:01:47.805,1.49984,1.50003,1.00,1.00
2017.07.10 01:01:48.472,1.49984,1.50001,1.00,1.00
2017.07.10 01:01:48.626,1.49982,1.5,1.00,1.00
2017.07.10 01:01:48.831,1.49982,1.49998,1.00,1.00
2017.07.10 01:01:48.882,1.4998,1.49998,1.12,1.00
2017.07.10 01:01:56.980,1.4998,1.49999,1.87,1.00
2017.07.10 01:01:57.349,1.49983,1.49999,1.00,1.00
2017.07.10 01:01:57.656,1.49985,1.50003,1.00,1.62
2017.07.10 01:01:58.071,1.49981,1.50002,2.62,1.25
2017.07.10 01:01:58.573,1.49982,1.50002,1.12,1.25
2017.07.10 01:01:59.306,1.49983,1.50002,1.00,1.25
2017.07.10 01:01:59.811,1.49982,1.50003,1.87,1.25
2017.07.10 01:02:00.666,1.49981,1.50003,3.94,1.37
2017.07.10 01:02:01.199,1.49982,1.50003,1.00,1.37
2017.07.10 01:02:01.973,1.49982,1.50003,1.25,1.87
2017.07.10 01:02:02.025,1.49985,1.50004,1.00,1.37
2017.07.10 01:02:02.128,1.49988,1.50007,1.00,1.00
2017.07.10 01:02:02.179,1.49988,1.50008,1.50,1.00
2017.07.10 01:02:02.340,1.49991,1.50011,1.00,1.50
2017.07.10 01:02:02.546,1.49989,1.50009,2.62,1.50
2017.07.10 01:02:02.700,1.49987,1.50006,1.12,1.87
2017.07.10 01:02:03.228,1.49988,1.50006,1.00,1.12
2017.07.10 01:02:04.283,1.49987,1.50006,1.50,1.12
2017.07.10 01:02:04.490,1.49987,1.50004,1.00,1.00
2017.07.10 01:02:05.021,1.49987,1.50005,1.00,1.00
2017.07.10 01:02:05.996,1.49987,1.50006,1.50,1.12
2017.07.10 01:02:09.277,1.49989,1.50006,1.00,1.00
2017.07.10 01:02:09.674,1.49987,1.50006,1.00,1.00
2017.07.10 01:02:09.830,1.49989,1.50006,1.00,1.00
2017.07.10 01:02:10.561,1.4999,1.50006,1.00,1.50
2017.07.10 01:02:10.664,1.49988,1.50006,1.00,1.50
2017.07.10 01:02:11.204,1.49988,1.50005,1.00,1.00
2017.07.10 01:02:12.172,1.49987,1.50006,1.00,1.37
2017.07.10 01:02:12.682,1.49989,1.50007,1.00,1.37
2017.07.10 01:02:12.804,1.49989,1.50007,1.00,1.12
2017.07.10 01:02:12.959,1.49987,1.50007,1.00,1.12
2017.07.10 01:02:13.469,1.49988,1.50007,1.00,1.87
2017.07.10 01:02:13.976,1.49986,1.50007,1.12,1.87
2017.07.10 01:02:14.488,1.49986,1.50005,1.87,1.00
2017.07.10 01:02:14.957,1.49987,1.50008,2.25,1.12
2017.07.10 01:02:15.059,1.4999,1.50011,1.12,1.25
2017.07.10 01:02:15.416,1.49991,1.50012,1.87,1.56
2017.07.10 01:02:15.620,1.49989,1.5001,3.75,1.00
2017.07.10 01:02:15.774,1.49987,1.50008,2.81,1.37
2017.07.10 01:02:15.825,1.49987,1.50008,2.44,1.37
2017.07.10 01:02:16.857,1.49986,1.50007,3.19,1.00
2017.07.10 01:02:17.558,1.49986,1.50006,1.69,1.00
2017.07.10 01:02:18.062,1.49986,1.50007,1.69,1.12
2017.07.10 01:02:18.814,1.49986,1.50006,1.69,1.00
2017.07.10 01:02:19.380,1.49986,1.50007,1.69,1.00
2017.07.10 01:02:19.828,1.49985,1.50005,1.31,1.00
2017.07.10 01:02:20.354,1.49985,1.50006,2.06,1.50
2017.07.10 01:02:20.691,1.49985,1.50004,2.06,1.00
2017.07.10 01:02:21.673,1.49985,1.50005,2.06,1.00
2017.07.10 01:02:22.607,1.49985,1.50007,2.81,1.50
2017.07.10 01:02:22.846,1.49985,1.50007,2.06,1.50
2017.07.10 01:02:23.404,1.49985,1.50005,1.31,1.00
2017.07.10 01:02:23.946,1.49985,1.50006,2.06,1.12
2017.07.10 01:02:26.973,1.49989,1.50006,1.00,1.12
2017.07.10 01:02:28.529,1.49989,1.50006,1.00,2.06
2017.07.10 01:02:28.737,1.49979,1.5,1.50,2.44
2017.07.10 01:02:28.863,1.49982,1.5,1.00,1.31
2017.07.10 01:02:28.915,1.49983,1.5,1.00,1.12
2017.07.10 01:02:29.068,1.49985,1.50001,1.00,1.37
2017.07.10 01:02:29.909,1.49985,1.50003,1.00,2.44
2017.07.10 01:02:30.725,1.49985,1.49999,1.00,1.00
2017.07.10 01:02:30.777,1.49981,1.49999,1.50,1.25
2017.07.10 01:02:30.880,1.49979,1.49999,1.12,1.69
2017.07.10 01:02:32.963,1.4998,1.49999,1.00,1.12
2017.07.10 01:02:33.168,1.49982,1.5,1.00,1.37
2017.07.10 01:02:33.220,1.49983,1.50002,1.00,2.44
2017.07.10 01:02:33.750,1.49983,1.50003,1.00,2.81
2017.07.10 01:02:42.323,1.49983,1.50002,1.00,1.62
2017.07.10 01:02:42.964,1.49982,1.50001,1.00,1.37
2017.07.10 01:02:43.614,1.49983,1.50001,1.00,1.37
2017.07.10 01:02:44.248,1.49984,1.50003,1.00,1.50
2017.07.10 01:02:44.350,1.49984,1.50003,1.00,2.25
2017.07.10 01:02:44.862,1.49983,1.50003,1.00,2.25
2017.07.10 01:02:45.405,1.49984,1.50002,1.00,1.12
2017.07.10 01:02:45.945,1.49984,1.50001,1.00,1.00
2017.07.10 01:02:46.556,1.49984,1.5,1.00,1.00
2017.07.10 01:02:47.084,1.49984,1.49999,1.00,1.00
2017.07.10 01:02:47.612,1.49984,1.5,1.00,1.00
2017.07.10 01:02:47.965,1.49979,1.49998,2.44,1.00
2017.07.10 01:02:53.486,1.49979,1.49998,1.12,1.19
2017.07.10 01:02:53.692,1.49968,1.49984,1.50,1.00
2017.07.10 01:02:53.743,1.49968,1.49984,1.50,1.69
2017.07.10 01:02:53.794,1.49966,1.49983,1.50,1.19
2017.07.10 01:02:54.105,1.49963,1.49982,2.62,1.19
2017.07.10 01:02:55.027,1.49962,1.49981,1.50,1.19
2017.07.10 01:02:55.181,1.49964,1.49982,1.00,1.31
2017.07.10 01:02:55.487,1.49961,1.4998,2.62,1.25
2017.07.10 01:02:55.692,1.49965,1.49982,1.00,1.31
2017.07.10 01:02:55.897,1.49963,1.49981,1.00,1.19
2017.07.10 01:02:56.535,1.49964,1.49981,1.00,1.19
2017.07.10 01:02:56.586,1.49966,1.49981,1.00,1.19
2017.07.10 01:02:57.102,1.49964,1.49981,1.50,1.19
2017.07.10 01:02:57.647,1.49963,1.49981,1.50,1.19
2017.07.10 01:02:58.554,1.49966,1.49982,1.00,1.31
2017.07.10 01:02:58.656,1.49964,1.49983,1.00,1.56
2017.07.10 01:02:58.759,1.49962,1.49983,1.50,1.56
2017.07.10 01:02:59.003,1.49964,1.49982,1.50,1.31
2017.07.10 01:02:59.109,1.49962,1.49982,1.50,1.31
2017.07.10 01:02:59.502,1.49962,1.4998,2.25,1.19
2017.07.10 01:03:00.036,1.4996,1.4998,2.62,1.19
2017.07.10 01:03:00.394,1.49957,1.49977,2.62,1.69
2017.07.10 01:03:00.507,1.49957,1.49977,1.87,2.06
2017.07.10 01:03:00.610,1.49954,1.49974,2.62,1.56
2017.07.10 01:03:00.815,1.49954,1.49974,1.87,1.19
2017.07.10 01:03:00.868,1.49954,1.49974,1.87,1.19
2017.07.10 01:03:01.177,1.49951,1.49973,1.87,2.81
2017.07.10 01:03:01.814,1.4995,1.49971,1.87,1.56
2017.07.10 01:03:02.655,1.49948,1.49968,2.25,1.56
2017.07.10 01:03:02.758,1.49947,1.49964,1.12,2.06
2017.07.10 01:03:02.809,1.49943,1.49963,1.00,1.31
2017.07.10 01:03:02.912,1.4994,1.49962,2.62,1.62
2017.07.10 01:03:03.089,1.4994,1.49962,1.12,1.62
2017.07.10 01:03:03.766,1.49939,1.4996,3.75,1.37
2017.07.10 01:03:06.632,1.49939,1.49962,2.25,2.81
2017.07.10 01:03:10.109,1.49939,1.4996,2.62,2.37
2017.07.10 01:03:11.312,1.49939,1.4996,2.25,1.50
2017.07.10 01:03:12.377,1.49939,1.4996,1.75,1.62
2017.07.10 01:03:12.893,1.49939,1.4996,2.25,1.50
2017.07.10 01:03:13.194,1.49945,1.49964,1.00,1.44
2017.07.10 01:03:13.766,1.49942,1.49963,2.62,1.19
2017.07.10 01:03:14.602,1.49943,1.49964,1.50,1.69
2017.07.10 01:03:15.113,1.49943,1.49965,1.50,1.81
2017.07.10 01:03:15.626,1.49942,1.49957,2.62,1.00
2017.07.10 01:03:15.932,1.49941,1.49955,1.87,1.00
2017.07.10 01:03:16.369,1.49941,1.49953,1.12,1.00
2017.07.10 01:03:16.779,1.49943,1.49955,1.00,1.00
2017.07.10 01:03:16.882,1.49943,1.49957,1.50,1.00
2017.07.10 01:03:17.392,1.49942,1.49956,1.00,1.00
2017.07.10 01:03:18.048,1.49942,1.49954,1.00,1.00
2017.07.10 01:03:18.151,1.4994,1.49955,1.31,1.00
2017.07.10 01:03:18.305,1.49938,1.49953,1.87,1.00
2017.07.10 01:03:18.614,1.4994,1.49954,1.37,1.00
2017.07.10 01:03:18.921,1.49942,1.49955,1.62,1.00
2017.07.10 01:03:19.538,1.49942,1.49956,2.06,1.00
2017.07.10 01:03:19.693,1.49947,1.4996,1.12,1.00
2017.07.10 01:03:20.304,1.49947,1.49961,3.00,1.00
2017.07.10 01:03:20.458,1.4995,1.49965,1.00,1.12
2017.07.10 01:03:20.561,1.49952,1.49966,1.00,1.37
2017.07.10 01:03:20.876,1.49952,1.49966,1.75,1.37
2017.07.10 01:03:21.430,1.49953,1.49966,1.50,1.00
2017.07.10 01:03:27.356,1.49953,1.49966,3.19,1.00
2017.07.10 01:03:30.761,1.49955,1.49967,1.19,1.00
2017.07.10 01:03:31.068,1.49958,1.4997,1.50,1.00
2017.07.10 01:03:31.603,1.49959,1.4997,1.50,1.00
2017.07.10 01:03:32.250,1.49959,1.49969,1.50,1.00
2017.07.10 01:03:34.964,1.49959,1.4997,1.00,1.00
2017.07.10 01:03:35.535,1.49959,1.49971,1.00,1.00
2017.07.10 01:03:36.974,1.49958,1.49971,1.50,1.00
2017.07.10 01:03:37.076,1.49959,1.49973,1.00,1.00
2017.07.10 01:03:37.607,1.49958,1.49973,1.50,1.00
2017.07.10 01:03:39.202,1.49959,1.49973,1.00,1.00
2017.07.10 01:03:39.965,1.49958,1.49973,2.62,1.00
2017.07.10 01:03:40.823,1.49959,1.49973,1.00,1.00
2017.07.10 01:03:41.425,1.49959,1.49973,1.19,1.00
2017.07.10 01:03:41.953,1.49961,1.49973,1.00,1.00
2017.07.10 01:03:42.170,1.49961,1.49975,1.00,1.00
2017.07.10 01:03:42.943,1.4996,1.49975,1.69,1.00
2017.07.10 01:03:43.542,1.49961,1.49975,1.00,1.00
2017.07.10 01:03:44.467,1.49962,1.49978,1.25,1.00
2017.07.10 01:03:44.518,1.49962,1.4998,2.81,1.00
2017.07.10 01:03:44.675,1.49966,1.49982,1.69,1.00
2017.07.10 01:03:44.726,1.49968,1.49983,1.31,1.00
2017.07.10 01:03:44.898,1.49971,1.49985,1.69,1.00
2017.07.10 01:03:45.052,1.49971,1.49985,2.44,1.00
2017.07.10 01:03:46.158,1.49972,1.49984,1.69,1.00
2017.07.10 01:03:46.313,1.49971,1.49983,1.00,1.00
2017.07.10 01:03:46.825,1.49971,1.49984,1.00,1.00
2017.07.10 01:03:47.478,1.4997,1.49984,2.25,1.00
2017.07.10 01:03:53.337,1.49971,1.49984,1.00,1.00
2017.07.10 01:03:56.537,1.49971,1.49984,1.69,1.00
2017.07.10 01:03:57.061,1.49972,1.49984,2.25,1.00
2017.07.10 01:03:57.622,1.49972,1.49985,1.00,1.00
2017.07.10 01:04:09.506,1.49971,1.49983,1.87,1.00
2017.07.10 01:04:09.762,1.49968,1.4998,1.50,1.00
2017.07.10 01:04:10.300,1.49967,1.4998,1.00,1.00
2017.07.10 01:04:14.247,1.49967,1.49981,1.00,1.00
2017.07.10 01:04:14.793,1.49965,1.49981,2.81,1.00
2017.07.10 01:04:15.305,1.49966,1.4998,1.12,1.00
2017.07.10 01:04:15.891,1.49968,1.4998,1.00,1.00
2017.07.10 01:04:16.392,1.49969,1.4998,1.00,1.00
2017.07.10 01:04:16.767,1.49967,1.4998,1.00,1.00
2017.07.10 01:04:18.087,1.49966,1.4998,2.81,1.00
2017.07.10 01:04:20.723,1.49965,1.4998,2.81,1.00
2017.07.10 01:04:21.262,1.49966,1.4998,1.00,1.00
2017.07.10 01:04:25.103,1.49965,1.4998,2.06,1.00
2017.07.10 01:04:25.931,1.49966,1.49982,1.00,1.00
2017.07.10 01:04:27.112,1.49965,1.49982,2.06,1.00
2017.07.10 01:04:31.145,1.49966,1.49982,1.50,1.00
2017.07.10 01:04:33.458,1.49966,1.49983,1.50,1.00
2017.07.10 01:04:38.147,1.49966,1.49983,1.19,1.00
2017.07.10 01:04:38.862,1.49966,1.49983,1.00,1.00
2017.07.10 01:04:39.558,1.49966,1.49982,2.44,1.00
2017.07.10 01:04:39.978,1.49969,1.49982,1.00,1.00
2017.07.10 01:04:40.303,1.49966,1.49983,1.00,1.00
2017.07.10 01:04:40.564,1.49967,1.49981,1.00,1.00
2017.07.10 01:04:40.870,1.49965,1.49981,1.50,1.00
2017.07.10 01:04:41.791,1.49966,1.49981,1.00,1.00
2017.07.10 01:04:42.707,1.49966,1.4998,1.00,1.00
2017.07.10 01:04:42.861,1.49964,1.49981,1.00,1.00
2017.07.10 01:04:42.913,1.49963,1.49979,2.25,1.00
2017.07.10 01:04:42.964,1.49964,1.49981,1.00,1.00
2017.07.10 01:04:43.552,1.49965,1.49981,1.00,1.00
2017.07.10 01:04:44.101,1.49966,1.49981,1.00,1.00
2017.07.10 01:04:45.612,1.49965,1.49981,1.00,1.00
2017.07.10 01:04:46.153,1.49966,1.49981,1.00,1.00
2017.07.10 01:04:47.316,1.49964,1.49981,1.00,1.00
2017.07.10 01:04:48.472,1.49966,1.49981,1.00,1.00
2017.07.10 01:04:49.359,1.49965,1.49981,1.00,1.00
2017.07.10 01:04:50.744,1.49967,1.49981,1.00,1.00
2017.07.10 01:04:50.949,1.49967,1.49983,1.00,1.00
2017.07.10 01:04:51.051,1.4997,1.49983,1.00,1.00
2017.07.10 01:04:51.416,1.49969,1.49981,1.00,1.00
2017.07.10 01:04:51.748,1.49965,1.49981,1.00,1.00
2017.07.10 01:04:52.158,1.49963,1.4998,1.69,1.00
2017.07.10 01:04:52.672,1.49964,1.4998,1.00,1.00
2017.07.10 01:04:53.959,1.49964,1.49981,1.25,1.00
2017.07.10 01:04:54.061,1.49966,1.49981,1.00,1.00
2017.07.10 01:04:54.312,1.49964,1.49981,1.69,1.00
2017.07.10 01:04:54.567,1.49966,1.49981,1.00,1.00
2017.07.10 01:04:55.115,1.49965,1.49981,1.50,1.00
2017.07.10 01:04:55.605,1.49967,1.49981,1.00,1.00
2017.07.10 01:04:56.128,1.49967,1.49982,1.00,1.00
2017.07.10 01:04:57.246,1.49966,1.49982,2.25,1.00
2017.07.10 01:05:00.309,1.49967,1.49984,1.50,1.00
2017.07.10 01:05:00.565,1.49969,1.49985,1.00,1.00
2017.07.10 01:05:00.821,1.49969,1.49988,2.44,1.31
2017.07.10 01:05:01.026,1.49971,1.49989,2.25,1.00
2017.07.10 01:05:01.332,1.49973,1.49989,1.00,1.00
2017.07.10 01:05:01.833,1.49972,1.49989,2.25,1.00
2017.07.10 01:05:02.610,1.49974,1.49989,1.00,1.00
2017.07.10 01:05:03.170,1.49976,1.49989,1.00,1.00
2017.07.10 01:05:03.927,1.49976,1.49988,1.00,1.00
2017.07.10 01:05:04.488,1.49975,1.49988,1.00,1.00
2017.07.10 01:05:05.027,1.49974,1.49988,1.00,1.00
2017.07.10 01:05:06.396,1.49972,1.49988,1.50,1.00
2017.07.10 01:05:06.704,1.4997,1.49987,1.50,1.31
2017.07.10 01:05:07.221,1.49969,1.49985,2.25,1.00
2017.07.10 01:05:08.002,1.4997,1.49985,1.00,1.00
2017.07.10 01:05:08.611,1.49969,1.49985,1.00,1.00
2017.07.10 01:05:10.483,1.4997,1.49985,1.00,1.00
2017.07.10 01:05:11.153,1.49968,1.49985,1.69,1.00
2017.07.10 01:05:11.782,1.49967,1.49987,1.69,1.25
2017.07.10 01:05:11.884,1.49966,1.49981,1.00,1.00
2017.07.10 01:05:12.139,1.49961,1.49978,1.50,1.31
2017.07.10 01:05:12.359,1.49959,1.49978,1.69,1.19
2017.07.10 01:05:12.666,1.49959,1.49979,2.44,1.31
2017.07.10 01:05:12.718,1.49962,1.4998,1.00,1.37
2017.07.10 01:05:12.821,1.49964,1.49982,1.19,1.87
2017.07.10 01:05:12.924,1.49966,1.49984,2.44,1.00
2017.07.10 01:05:12.976,1.49966,1.49984,2.81,1.00
2017.07.10 01:05:13.558,1.49966,1.49985,2.06,1.00
2017.07.10 01:05:14.221,1.4997,1.49989,1.00,1.87
2017.07.10 01:05:14.796,1.4997,1.49989,1.00,1.31
2017.07.10 01:05:14.847,1.49968,1.49989,1.00,1.31
2017.07.10 01:05:14.901,1.49967,1.49984,2.44,2.06
2017.07.10 01:05:15.236,1.49964,1.49982,1.00,1.12
2017.07.10 01:05:15.890,1.49962,1.49981,1.19,1.19
2017.07.10 01:05:16.015,1.49961,1.49979,1.00,1.12
2017.07.10 01:05:16.066,1.4996,1.49979,1.50,2.25
2017.07.10 01:05:16.169,1.49958,1.49978,2.44,1.50
2017.07.10 01:05:16.322,1.49958,1.49977,1.25,2.25
2017.07.10 01:05:18.648,1.49957,1.49974,1.69,1.19
2017.07.10 01:05:19.436,1.49956,1.49974,1.19,1.19
2017.07.10 01:05:24.897,1.49955,1.49974,1.50,1.19
2017.07.10 01:05:25.000,1.49952,1.49969,1.12,1.00
2017.07.10 01:05:25.308,1.49947,1.49967,2.44,1.00
2017.07.10 01:05:25.772,1.4995,1.49967,1.00,1.00
2017.07.10 01:05:30.119,1.49949,1.49967,1.00,1.00
2017.07.10 01:05:30.658,1.49948,1.49968,1.25,1.00
2017.07.10 01:05:36.210,1.49946,1.49965,3.75,1.00
2017.07.10 01:05:36.894,1.49946,1.49966,1.87,1.00
2017.07.10 01:05:37.987,1.49947,1.49966,1.12,1.00
2017.07.10 01:05:38.294,1.49951,1.49968,1.37,1.00
2017.07.10 01:05:40.303,1.49951,1.49969,1.87,1.00
2017.07.10 01:05:40.830,1.49951,1.49967,1.87,1.00
2017.07.10 01:05:42.207,1.49951,1.49969,1.37,1.00
2017.07.10 01:05:42.935,1.49953,1.49969,1.19,1.00
2017.07.10 01:05:44.214,1.49953,1.49969,1.50,1.00
2017.07.10 01:05:44.590,1.49955,1.4997,1.00,1.00
2017.07.10 01:05:44.915,1.49953,1.4997,1.50,1.00
2017.07.10 01:05:47.871,1.49955,1.4997,1.00,1.00
2017.07.10 01:05:48.391,1.49954,1.4997,1.00,1.00
2017.07.10 01:05:49.009,1.49953,1.4997,1.50,1.00
2017.07.10 01:05:51.041,1.49955,1.4997,1.00,1.00
2017.07.10 01:05:51.685,1.49954,1.4997,1.00,1.00
2017.07.10 01:05:52.200,1.49953,1.4997,1.00,1.00
2017.07.10 01:05:53.256,1.49954,1.4997,1.00,1.00
2017.07.10 01:05:54.219,1.49953,1.4997,1.00,1.00
2017.07.10 01:05:54.672,1.49956,1.4997,1.00,1.00
2017.07.10 01:05:55.185,1.49955,1.4997,1.00,1.00
2017.07.10 01:05:55.725,1.49956,1.49971,1.00,1.25
2017.07.10 01:05:56.197,1.49954,1.49971,1.00,1.25
2017.07.10 01:05:57.951,1.49954,1.49969,1.00,1.00
2017.07.10 01:05:58.002,1.49952,1.49969,1.00,1.00
2017.07.10 01:05:58.156,1.49952,1.49967,1.00,1.00
2017.07.10 01:05:58.786,1.49951,1.49967,1.00,1.00
2017.07.10 01:05:59.318,1.4995,1.49967,1.00,1.00
2017.07.10 01:05:59.918,1.49951,1.49967,1.00,1.00
2017.07.10 01:06:00.259,1.49947,1.49967,1.69,1.00
2017.07.10 01:06:01.370,1.49949,1.49969,1.00,2.06
2017.07.10 01:06:04.614,1.49949,1.49967,1.00,1.00
2017.07.10 01:06:05.156,1.4995,1.49968,1.00,2.25
2017.07.10 01:06:06.339,1.49949,1.49968,1.00,1.50
2017.07.10 01:06:06.390,1.49951,1.49968,1.00,1.50
2017.07.10 01:06:18.035,1.49951,1.49969,1.00,1.56
2017.07.10 01:06:20.681,1.49949,1.4997,1.25,3.37
2017.07.10 01:06:27.163,1.4995,1.49968,1.00,2.06
2017.07.10 01:06:27.501,1.49948,1.49968,1.25,1.69
2017.07.10 01:06:27.553,1.49948,1.49965,1.00,1.25
2017.07.10 01:06:27.879,1.49943,1.49963,1.50,1.31
2017.07.10 01:06:28.593,1.49943,1.4996,1.00,1.31
2017.07.10 01:06:28.935,1.4994,1.49956,1.50,1.00
2017.07.10 01:06:28.988,1.49942,1.49957,1.00,1.00
2017.07.10 01:06:29.296,1.49944,1.4996,1.00,1.19
2017.07.10 01:06:29.801,1.49946,1.4996,1.00,1.19
2017.07.10 01:06:30.062,1.49944,1.4996,1.00,1.19
2017.07.10 01:06:30.113,1.49944,1.4996,1.00,1.00
2017.07.10 01:06:30.639,1.49945,1.4996,1.00,1.00
2017.07.10 01:06:31.203,1.49944,1.4996,1.00,1.00
2017.07.10 01:06:31.550,1.49946,1.4996,1.00,1.00
2017.07.10 01:06:32.472,1.49945,1.4996,1.00,1.00
2017.07.10 01:06:34.500,1.49944,1.4996,1.00,1.00
2017.07.10 01:06:35.332,1.49944,1.49961,1.00,1.25
2017.07.10 01:06:36.346,1.49945,1.49961,1.00,1.25
2017.07.10 01:06:36.887,1.49944,1.49961,1.00,1.25
2017.07.10 01:06:37.713,1.49943,1.49961,1.00,1.25
2017.07.10 01:06:38.965,1.49943,1.49962,1.00,1.87
2017.07.10 01:06:39.593,1.49942,1.49962,1.12,1.50
2017.07.10 01:06:39.923,1.49944,1.49963,1.00,2.25
2017.07.10 01:06:40.504,1.49943,1.49963,1.00,3.00
2017.07.10 01:06:41.039,1.49944,1.49962,1.00,1.12
2017.07.10 01:06:41.192,1.49944,1.49965,1.50,1.87
2017.07.10 01:06:41.549,1.49946,1.49967,1.00,3.19
2017.07.10 01:06:42.271,1.49946,1.49966,1.00,1.25
2017.07.10 01:06:42.832,1.49945,1.49966,1.00,1.25
2017.07.10 01:06:43.343,1.49946,1.49966,1.00,1.25
2017.07.10 01:06:45.427,1.49946,1.49966,1.00,1.19
2017.07.10 01:06:45.969,1.49944,1.49966,1.69,1.19
2017.07.10 01:06:47.221,1.49944,1.49966,1.00,1.44
2017.07.10 01:06:47.731,1.49945,1.49966,1.31,1.00
2017.07.10 01:06:48.244,1.49946,1.4997,1.62,4.31
2017.07.10 01:06:48.504,1.49947,1.4997,2.81,2.44
2017.07.10 01:06:48.606,1.49948,1.4997,1.69,1.69
2017.07.10 01:06:49.117,1.49948,1.49971,1.69,1.19
2017.07.10 01:06:49.648,1.4995,1.49972,1.00,3.19
2017.07.10 01:06:50.165,1.4995,1.49972,1.00,2.25
2017.07.10 01:06:53.256,1.4995,1.4997,1.50,1.31
2017.07.10 01:06:53.561,1.49947,1.49966,1.12,1.00
2017.07.10 01:06:54.111,1.49948,1.49966,1.00,1.00
2017.07.10 01:06:54.316,1.49946,1.49966,4.31,1.00
2017.07.10 01:06:55.096,1.49946,1.49964,1.31,1.00
2017.07.10 01:06:55.462,1.49944,1.49964,1.12,1.00
2017.07.10 01:06:55.992,1.49946,1.49964,1.00,1.00
2017.07.10 01:06:56.094,1.49946,1.49967,1.00,3.37
2017.07.10 01:06:56.146,1.49948,1.49967,1.00,2.62
2017.07.10 01:06:56.794,1.49946,1.49968,1.12,2.25
2017.07.10 01:06:56.947,1.49948,1.49968,1.00,2.25
2017.07.10 01:06:57.493,1.49949,1.49968,1.00,1.37
2017.07.10 01:06:58.002,1.49948,1.49968,1.00,1.37
2017.07.10 01:06:58.631,1.49952,1.49969,1.00,1.50
2017.07.10 01:06:58.937,1.4995,1.49971,1.00,1.50
2017.07.10 01:07:00.112,1.49949,1.49971,1.50,1.37
2017.07.10 01:07:00.659,1.4995,1.49971,1.12,1.87
2017.07.10 01:07:00.721,1.49952,1.49971,1.00,1.87
2017.07.10 01:07:01.125,1.49952,1.49966,1.00,1.12
2017.07.10 01:07:01.177,1.49947,1.49966,2.06,1.12
2017.07.10 01:07:02.376,1.49948,1.49966,1.00,1.12
2017.07.10 01:07:02.883,1.49949,1.49966,1.00,1.37
2017.07.10 01:07:03.141,1.49947,1.49966,1.00,1.12
2017.07.10 01:07:03.346,1.49946,1.49964,1.00,1.12
2017.07.10 01:07:03.550,1.49943,1.49964,1.00,1.12
2017.07.10 01:07:04.507,1.49944,1.49964,1.00,1.75
2017.07.10 01:07:11.203,1.49947,1.49964,1.00,1.12
2017.07.10 01:07:11.254,1.49947,1.49965,1.00,1.50
2017.07.10 01:07:11.872,1.49948,1.49967,1.00,3.00
2017.07.10 01:07:13.723,1.49948,1.49967,1.19,1.87
2017.07.10 01:07:13.774,1.49948,1.49967,1.44,2.25
2017.07.10 01:07:15.401,1.49949,1.49967,1.25,1.00
2017.07.10 01:07:16.893,1.49949,1.49966,1.00,1.37
2017.07.10 01:07:16.996,1.49946,1.49966,1.87,1.87
2017.07.10 01:07:21.513,1.49946,1.49967,1.25,1.75
2017.07.10 01:07:22.133,1.49948,1.49967,1.00,1.75
2017.07.10 01:07:22.390,1.49948,1.49968,1.19,1.50
2017.07.10 01:07:22.928,1.49948,1.49967,1.25,1.00
2017.07.10 01:07:23.439,1.49948,1.49968,1.69,1.12
2017.07.10 01:07:24.035,1.49948,1.49967,1.25,1.00
2017.07.10 01:07:26.776,1.49947,1.49967,1.19,1.50
2017.07.10 01:07:30.733,1.49946,1.49966,1.19,1.00
2017.07.10 01:07:31.269,1.49946,1.49967,1.19,2.25
2017.07.10 01:07:32.708,1.49946,1.49963,1.00,1.00
2017.07.10 01:07:33.249,1.49943,1.49962,1.56,1.50
2017.07.10 01:07:37.145,1.49944,1.49965,2.06,1.50
2017.07.10 01:07:37.350,1.49946,1.49967,3.37,2.25
2017.07.10 01:07:37.696,1.49949,1.49969,3.94,1.00
2017.07.10 01:07:38.742,1.49949,1.49969,3.19,1.00
2017.07.10 01:07:41.106,1.49949,1.49967,3.19,1.00
2017.07.10 01:07:45.570,1.49949,1.49966,2.81,1.00
2017.07.10 01:07:45.825,1.49949,1.49969,2.06,1.50
2017.07.10 01:07:48.771,1.49949,1.4997,2.81,1.25
2017.07.10 01:07:48.874,1.49949,1.49967,2.81,1.00
2017.07.10 01:07:48.926,1.49949,1.49967,2.62,1.00
2017.07.10 01:07:49.028,1.49949,1.49969,2.62,1.00
2017.07.10 01:07:50.745,1.4995,1.49969,1.00,1.00
2017.07.10 01:07:52.276,1.4995,1.49968,1.00,1.00
2017.07.10 01:07:52.847,1.4995,1.49969,1.00,1.00
2017.07.10 01:07:57.879,1.49949,1.49969,1.25,1.00
2017.07.10 01:07:59.155,1.49949,1.49968,1.31,1.00
2017.07.10 01:08:00.087,1.49949,1.49969,1.12,1.00
2017.07.10 01:08:02.982,1.4995,1.49969,1.00,1.00
2017.07.10 01:08:03.819,1.4995,1.49968,1.00,1.00
2017.07.10 01:08:04.408,1.4995,1.49969,1.00,1.50
2017.07.10 01:08:10.930,1.4995,1.49968,1.00,1.00
2017.07.10 01:08:14.751,1.4995,1.49967,1.00,1.00
2017.07.10 01:08:15.359,1.4995,1.49968,1.00,1.00
2017.07.10 01:08:16.891,1.49949,1.49968,1.69,1.00
2017.07.10 01:08:17.578,1.49949,1.4997,2.06,1.50
2017.07.10 01:08:17.885,1.4995,1.49967,1.87,1.00
2017.07.10 01:08:21.041,1.4995,1.49968,1.37,1.00
2017.07.10 01:08:21.593,1.4995,1.49967,1.37,1.00
2017.07.10 01:08:26.434,1.4995,1.49966,1.37,1.00
2017.07.10 01:08:28.270,1.49949,1.49966,1.62,1.00
2017.07.10 01:08:28.372,1.49948,1.49964,1.50,1.31
2017.07.10 01:08:28.628,1.4994,1.49958,1.19,1.00
2017.07.10 01:08:29.311,1.49939,1.49956,1.19,1.00
2017.07.10 01:08:35.898,1.49936,1.49956,1.69,1.19
2017.07.10 01:08:36.258,1.49934,1.49952,1.12,1.00
2017.07.10 01:08:36.627,1.49932,1.49952,1.12,1.00
2017.07.10 01:08:38.481,1.49933,1.49952,1.00,1.00
2017.07.10 01:08:39.100,1.49932,1.49952,1.12,1.00
2017.07.10 01:08:39.624,1.49933,1.49952,1.00,1.00
2017.07.10 01:08:40.168,1.49932,1.49952,1.12,1.00
2017.07.10 01:08:41.071,1.49933,1.49952,1.00,1.00
2017.07.10 01:08:41.620,1.49931,1.49952,2.44,1.00
2017.07.10 01:08:42.224,1.49933,1.49952,1.00,1.00
2017.07.10 01:08:42.740,1.49931,1.49952,2.44,1.00
2017.07.10 01:08:43.879,1.49933,1.49952,1.00,1.00
2017.07.10 01:08:44.450,1.49932,1.49952,1.12,1.00
2017.07.10 01:08:45.175,1.49933,1.49952,1.00,1.00
2017.07.10 01:08:45.757,1.49935,1.49952,1.00,1.00
2017.07.10 01:08:46.173,1.49932,1.49952,1.12,1.00
2017.07.10 01:08:46.387,1.49932,1.4995,1.00,1.00
2017.07.10 01:08:46.438,1.49932,1.49952,1.00,1.00
2017.07.10 01:08:46.759,1.49936,1.49951,1.00,1.00
2017.07.10 01:08:47.284,1.49935,1.49951,1.00,1.00
2017.07.10 01:08:49.607,1.49936,1.49951,1.00,1.00
2017.07.10 01:08:50.170,1.49935,1.49951,1.00,1.00
2017.07.10 01:08:50.896,1.49936,1.49951,1.00,1.00
2017.07.10 01:08:53.972,1.49934,1.49951,1.00,1.00
2017.07.10 01:08:55.392,1.49934,1.4995,1.00,1.00
2017.07.10 01:08:55.494,1.49932,1.4995,1.00,1.00
2017.07.10 01:08:56.180,1.49933,1.4995,1.00,1.00
2017.07.10 01:08:57.171,1.49934,1.4995,1.00,1.00
2017.07.10 01:08:57.779,1.49933,1.4995,1.00,1.00
2017.07.10 01:08:58.323,1.49932,1.4995,1.50,1.00
2017.07.10 01:08:58.876,1.49934,1.4995,1.00,1.00
2017.07.10 01:08:59.277,1.49932,1.4995,1.50,1.00
2017.07.10 01:09:08.531,1.49934,1.49952,1.00,1.12
2017.07.10 01:09:11.033,1.49934,1.49952,1.37,1.00
2017.07.10 01:09:12.022,1.49934,1.49952,1.12,1.00
2017.07.10 01:09:12.745,1.49936,1.49953,1.00,1.12
2017.07.10 01:09:15.708,1.49936,1.49954,1.50,1.00
2017.07.10 01:09:17.687,1.49936,1.49953,1.00,1.00
2017.07.10 01:09:32.930,1.49936,1.49953,1.19,1.00
2017.07.10 01:09:33.726,1.49936,1.49955,1.19,1.00
2017.07.10 01:09:35.416,1.49936,1.49955,1.00,1.69
2017.07.10 01:09:35.519,1.4993,1.49948,1.12,1.87
2017.07.10 01:09:35.570,1.49928,1.49947,1.00,1.00
2017.07.10 01:09:36.090,1.49925,1.49947,3.56,1.25
2017.07.10 01:09:37.337,1.49925,1.49947,3.00,1.19
2017.07.10 01:09:37.440,1.49925,1.49945,2.62,1.25
2017.07.10 01:09:38.949,1.49926,1.49946,1.00,1.19
2017.07.10 01:09:39.473,1.49925,1.49946,3.00,1.56
2017.07.10 01:09:40.064,1.49925,1.49947,3.00,3.00
2017.07.10 01:09:41.030,1.49925,1.49946,3.00,1.50
2017.07.10 01:09:41.350,1.49927,1.49947,1.00,3.00
2017.07.10 01:09:42.277,1.49926,1.49947,1.00,2.25
2017.07.10 01:09:42.328,1.49926,1.49947,1.00,1.56
2017.07.10 01:09:42.656,1.49928,1.49948,1.00,1.87
2017.07.10 01:09:44.218,1.49928,1.49948,1.50,1.50
2017.07.10 01:09:48.404,1.49928,1.49945,1.00,1.12
2017.07.10 01:09:49.670,1.49928,1.49947,1.00,1.50
2017.07.10 01:09:49.773,1.49929,1.49948,1.00,1.12
2017.07.10 01:09:50.597,1.49927,1.49942,1.00,1.56
2017.07.10 01:09:50.699,1.49922,1.4994,1.00,1.25
2017.07.10 01:09:50.920,1.49926,1.49943,1.00,3.75
2017.07.10 01:09:50.972,1.49927,1.49947,1.37,1.87
2017.07.10 01:09:51.076,1.49928,1.49948,1.87,2.25
2017.07.10 01:09:51.390,1.4993,1.4995,1.69,1.00
2017.07.10 01:09:51.442,1.49931,1.49952,2.06,1.12
2017.07.10 01:09:51.546,1.49936,1.49955,1.00,2.06
2017.07.10 01:09:52.006,1.49934,1.49956,3.19,3.19
2017.07.10 01:09:52.313,1.49935,1.49954,1.00,1.12
2017.07.10 01:09:52.848,1.49933,1.49952,1.19,1.31
2017.07.10 01:09:54.079,1.49935,1.49952,1.00,2.81
2017.07.10 01:09:54.644,1.49933,1.49952,1.19,2.81
2017.07.10 01:09:55.959,1.49933,1.49952,1.19,2.81
2017.07.10 01:09:56.201,1.49932,1.49952,1.31,2.81
2017.07.10 01:09:56.707,1.49934,1.49952,1.00,1.19
2017.07.10 01:09:56.812,1.49934,1.49952,1.00,1.25
2017.07.10 01:09:57.827,1.49934,1.49953,1.00,2.06
2017.07.10 01:09:57.879,1.49934,1.49952,1.00,1.37
2017.07.10 01:09:58.083,1.49931,1.49951,1.00,1.50
2017.07.10 01:09:58.384,1.49931,1.49948,1.00,1.00
2017.07.10 01:09:58.692,1.49923,1.49941,1.31,1.00
2017.07.10 01:09:59.001,1.49926,1.49946,1.31,3.56
2017.07.10 01:09:59.104,1.49928,1.49946,1.19,1.12
2017.07.10 01:09:59.401,1.4993,1.49948,1.19,1.00
2017.07.10 01:10:01.770,1.49931,1.4995,1.19,2.44
2017.07.10 01:10:02.902,1.49931,1.4995,1.00,1.69
2017.07.10 01:10:03.006,1.49931,1.49949,1.00,1.69
2017.07.10 01:10:03.512,1.4993,1.4995,1.31,3.19
2017.07.10 01:10:05.813,1.49935,1.49952,1.00,1.12
2017.07.10 01:10:05.916,1.49935,1.49954,1.87,1.31
2017.07.10 01:10:07.328,1.49938,1.49957,1.00,1.56
2017.07.10 01:10:11.156,1.49939,1.49957,1.00,1.75
2017.07.10 01:10:11.766,1.49938,1.49957,1.12,1.81
2017.07.10 01:10:12.694,1.49938,1.49957,1.12,1.75
2017.07.10 01:10:17.955,1.49939,1.49958,1.00,1.75
2017.07.10 01:10:19.053,1.4994,1.49957,1.00,1.62
2017.07.10 01:10:19.311,1.49942,1.49958,1.00,2.81
2017.07.10 01:10:19.363,1.49942,1.49958,1.00,2.06
2017.07.10 01:10:19.875,1.4994,1.49959,1.00,2.44
2017.07.10 01:10:20.028,1.49945,1.49961,1.00,2.62
2017.07.10 01:10:20.182,1.49941,1.4996,1.00,1.56
2017.07.10 01:10:20.780,1.49942,1.4996,1.00,1.87
2017.07.10 01:10:20.832,1.49944,1.4996,1.00,1.87
2017.07.10 01:10:21.642,1.49942,1.4996,1.00,2.25
2017.07.10 01:10:21.796,1.49942,1.4996,1.00,2.25
2017.07.10 01:10:22.136,1.49944,1.49959,1.00,1.37
2017.07.10 01:10:24.397,1.49945,1.49959,1.00,1.37
2017.07.10 01:10:24.793,1.49944,1.49961,1.00,2.62
2017.07.10 01:10:25.299,1.49945,1.49961,1.00,1.37
2017.07.10 01:10:25.921,1.49944,1.49961,1.00,1.87
2017.07.10 01:10:26.445,1.49943,1.49961,1.00,1.87
2017.07.10 01:10:26.802,1.49944,1.49963,1.00,3.75
2017.07.10 01:10:26.905,1.49944,1.49962,1.00,1.87
2017.07.10 01:10:27.008,1.49942,1.49962,1.00,2.62
2017.07.10 01:10:27.111,1.49942,1.49963,1.00,2.25
2017.07.10 01:10:27.897,1.49941,1.49963,1.12,1.75
2017.07.10 01:10:28.437,1.49942,1.49963,1.00,1.75
2017.07.10 01:10:28.742,1.49942,1.49963,1.00,3.75
2017.07.10 01:10:29.253,1.49944,1.49962,1.00,3.75
2017.07.10 01:10:29.815,1.49943,1.49962,1.00,3.75
2017.07.10 01:10:30.389,1.49944,1.49962,1.00,1.87
2017.07.10 01:10:30.810,1.49942,1.49962,1.50,1.50
2017.07.10 01:10:31.015,1.49942,1.49962,1.50,1.50
2017.07.10 01:10:31.067,1.49944,1.49963,1.00,2.25
2017.07.10 01:10:34.468,1.49946,1.49964,1.00,1.12
2017.07.10 01:10:34.779,1.49947,1.49967,3.75,1.50
2017.07.10 01:10:35.841,1.4995,1.49968,1.00,2.81
2017.07.10 01:10:36.080,1.49952,1.49969,1.00,1.50
2017.07.10 01:10:36.132,1.49953,1.49972,1.00,1.75
2017.07.10 01:10:36.184,1.49956,1.49973,1.00,1.50
2017.07.10 01:10:36.236,1.49956,1.49974,1.00,1.56
2017.07.10 01:10:36.288,1.49956,1.49974,1.87,1.56
2017.07.10 01:10:36.398,1.49957,1.49974,1.12,1.56
2017.07.10 01:10:36.451,1.49957,1.49974,1.12,1.56
2017.07.10 01:10:36.605,1.49957,1.49975,1.12,3.94
2017.07.10 01:10:36.656,1.49955,1.49974,1.12,1.56
2017.07.10 01:10:36.759,1.49955,1.49974,1.12,2.06
2017.07.10 01:10:40.159,1.49953,1.49973,1.37,2.06
2017.07.10 01:10:40.263,1.49953,1.49973,1.00,1.62
2017.07.10 01:10:40.314,1.49953,1.49971,1.00,1.37
2017.07.10 01:10:40.826,1.49952,1.49971,1.00,1.37
2017.07.10 01:10:42.265,1.4995,1.4997,1.12,2.06
2017.07.10 01:10:42.572,1.49947,1.49968,1.37,1.50
2017.07.10 01:10:45.952,1.49949,1.49968,1.19,1.75
2017.07.10 01:10:46.520,1.49947,1.49967,1.31,1.50
2017.07.10 01:10:49.373,1.49948,1.49967,1.12,1.37
2017.07.10 01:10:51.955,1.49946,1.49963,2.06,1.56
2017.07.10 01:10:52.057,1.49943,1.49962,1.25,3.56
2017.07.10 01:10:52.415,1.49939,1.49961,3.19,2.44
2017.07.10 01:10:52.667,1.49939,1.49961,2.44,3.19
2017.07.10 01:10:53.109,1.49939,1.49961,2.44,2.44
2017.07.10 01:11:03.708,1.49943,1.4996,1.25,1.37
2017.07.10 01:11:05.806,1.49939,1.49956,2.44,1.00
2017.07.10 01:11:05.960,1.49937,1.49955,1.50,1.37
2017.07.10 01:11:06.011,1.49936,1.49955,1.69,1.37
2017.07.10 01:11:06.063,1.49936,1.49954,1.69,1.56
2017.07.10 01:11:06.410,1.49934,1.49949,1.12,1.00
2017.07.10 01:11:06.923,1.49934,1.4995,1.37,1.00
2017.07.10 01:11:07.449,1.49936,1.4995,1.00,1.00
2017.07.10 01:11:08.492,1.49937,1.4995,1.00,1.00
2017.07.10 01:11:08.900,1.49939,1.4995,1.00,1.00
2017.07.10 01:11:09.800,1.49938,1.4995,1.00,1.00
2017.07.10 01:11:10.129,1.4994,1.4995,1.00,1.00
2017.07.10 01:11:10.663,1.49939,1.49951,1.00,1.12
2017.07.10 01:11:11.198,1.4994,1.49951,1.00,1.12
2017.07.10 01:11:11.759,1.49937,1.49951,1.12,1.00
2017.07.10 01:11:12.119,1.49937,1.49953,1.50,1.00
2017.07.10 01:11:12.171,1.4994,1.49954,1.00,1.00
2017.07.10 01:11:12.700,1.49942,1.49955,1.00,1.00
2017.07.10 01:11:13.228,1.49941,1.49956,1.00,1.00
2017.07.10 01:11:13.634,1.4994,1.49959,3.56,1.37
2017.07.10 01:11:13.685,1.49941,1.4996,1.94,1.00
2017.07.10 01:11:14.095,1.49946,1.49961,1.00,1.12
2017.07.10 01:11:14.607,1.49945,1.49961,1.00,1.12
2017.07.10 01:11:15.152,1.49946,1.49961,1.00,1.12
2017.07.10 01:11:15.666,1.49945,1.49961,1.12,1.12
2017.07.10 01:11:16.857,1.49946,1.49961,1.00,1.12
2017.07.10 01:11:17.760,1.49947,1.49961,1.00,1.12
2017.07.10 01:11:18.290,1.4995,1.49962,1.00,1.12
2017.07.10 01:11:18.870,1.49949,1.49962,1.00,1.12
2017.07.10 01:11:19.408,1.49948,1.49962,1.00,1.12
2017.07.10 01:11:19.934,1.49949,1.49962,1.00,1.12
2017.07.10 01:11:20.098,1.49949,1.49964,1.00,1.12
2017.07.10 01:11:20.150,1.49953,1.49963,1.00,1.00
2017.07.10 01:11:20.456,1.49951,1.49963,1.00,1.00
2017.07.10 01:11:21.005,1.4995,1.49963,1.00,1.00
2017.07.10 01:11:21.264,1.49951,1.49963,1.00,1.37
2017.07.10 01:11:21.316,1.49949,1.49963,1.00,1.37
2017.07.10 01:11:21.878,1.49947,1.49963,1.00,1.37
2017.07.10 01:11:22.808,1.49946,1.49962,1.00,1.37
2017.07.10 01:11:23.358,1.49947,1.49962,1.00,1.37
2017.07.10 01:11:23.866,1.49948,1.49962,1.00,1.37
2017.07.10 01:11:25.626,1.49949,1.49962,1.00,1.37
2017.07.10 01:11:26.571,1.49948,1.49962,1.00,1.37
2017.07.10 01:11:27.460,1.49947,1.49962,1.00,1.37
2017.07.10 01:11:27.816,1.49949,1.49962,1.00,1.37
2017.07.10 01:11:28.360,1.49948,1.49962,1.00,1.37
2017.07.10 01:11:28.727,1.4995,1.49962,1.00,1.37
2017.07.10 01:11:30.439,1.4995,1.49962,1.00,1.37
2017.07.10 01:11:31.830,1.49949,1.49962,1.00,1.37
2017.07.10 01:11:33.079,1.49948,1.49962,1.00,1.37
2017.07.10 01:11:33.628,1.49949,1.49962,1.00,1.37
2017.07.10 01:11:35.338,1.4995,1.49962,1.00,1.37
2017.07.10 01:11:35.948,1.49949,1.49962,1.00,1.37
2017.07.10 01:11:39.244,1.49949,1.49962,1.00,1.00
2017.07.10 01:11:39.296,1.49951,1.49963,1.00,1.37
2017.07.10 01:11:39.986,1.4995,1.49963,1.00,1.37
2017.07.10 01:11:40.503,1.49952,1.49962,1.00,1.12
2017.07.10 01:11:40.759,1.49948,1.49962,1.00,1.12
2017.07.10 01:11:41.298,1.49949,1.49962,1.00,1.12
2017.07.10 01:11:43.414,1.49948,1.49962,1.00,1.12
2017.07.10 01:11:44.597,1.4995,1.49962,1.00,1.12
2017.07.10 01:11:45.209,1.49951,1.49962,1.00,1.12
2017.07.10 01:11:47.195,1.49949,1.49962,1.00,1.12
2017.07.10 01:11:47.969,1.49951,1.49962,1.00,1.12
2017.07.10 01:11:50.348,1.4995,1.49964,1.00,1.37
2017.07.10 01:11:52.295,1.49951,1.49964,1.00,1.37
2017.07.10 01:11:53.000,1.49952,1.49964,1.00,1.37
2017.07.10 01:11:53.511,1.49951,1.49964,1.00,1.37
2017.07.10 01:11:54.576,1.4995,1.49964,1.00,1.37
2017.07.10 01:11:55.087,1.49951,1.49964,1.00,1.37
2017.07.10 01:11:55.697,1.4995,1.49964,1.00,1.37
2017.07.10 01:11:56.362,1.49951,1.49964,1.00,1.37
2017.07.10 01:11:58.001,1.4995,1.49964,1.00,1.37
2017.07.10 01:11:58.504,1.49949,1.49964,1.00,1.37
2017.07.10 01:11:58.901,1.49947,1.49964,1.00,1.37
2017.07.10 01:11:59.390,1.49949,1.49964,1.00,1.37
2017.07.10 01:11:59.898,1.49948,1.49964,1.00,1.37
2017.07.10 01:12:00.426,1.49949,1.49964,1.00,1.87
2017.07.10 01:12:00.562,1.49946,1.49964,1.31,1.87
2017.07.10 01:12:01.072,1.49946,1.49964,1.31,1.37
2017.07.10 01:12:01.611,1.49947,1.49964,1.00,1.37
2017.07.10 01:12:02.846,1.49948,1.49964,1.00,1.37
2017.07.10 01:12:03.176,1.49946,1.49964,1.31,1.37
2017.07.10 01:12:03.681,1.49948,1.49964,1.00,1.37
2017.07.10 01:12:04.194,1.49947,1.49964,1.00,1.37
2017.07.10 01:12:04.701,1.49948,1.49964,1.00,1.37
2017.07.10 01:12:05.228,1.49949,1.49964,1.00,1.37
2017.07.10 01:12:05.747,1.49948,1.49964,1.00,1.37
2017.07.10 01:12:06.345,1.49947,1.49964,1.00,1.37
2017.07.10 01:12:06.648,1.49949,1.49964,1.00,1.37
2017.07.10 01:12:07.012,1.49947,1.49964,1.00,1.37
2017.07.10 01:12:07.298,1.49949,1.49964,1.00,1.37
2017.07.10 01:12:07.527,1.49947,1.49964,1.00,1.37
2017.07.10 01:12:08.492,1.49948,1.49964,1.00,1.37
2017.07.10 01:12:09.078,1.49947,1.49964,1.00,1.37
2017.07.10 01:12:09.710,1.49948,1.49964,1.00,1.37
2017.07.10 01:12:10.228,1.49947,1.49964,1.00,1.50
2017.07.10 01:12:10.729,1.49948,1.49964,1.00,1.50
2017.07.10 01:12:11.009,1.49946,1.49965,1.25,1.87
2017.07.10 01:12:11.611,1.49947,1.49965,1.00,1.87
2017.07.10 01:12:12.727,1.49945,1.49965,1.19,1.75
2017.07.10 01:12:16.858,1.49945,1.49965,1.25,1.87
2017.07.10 01:12:17.117,1.49947,1.49965,1.00,1.87
2017.07.10 01:12:17.750,1.49945,1.49965,1.25,1.87
2017.07.10 01:12:19.158,1.49946,1.49965,1.00,1.87
2017.07.10 01:12:19.768,1.49945,1.49965,1.25,1.87
2017.07.10 01:12:20.347,1.49946,1.49965,1.00,1.87
2017.07.10 01:12:22.714,1.49945,1.49965,1.25,1.87
2017.07.10 01:12:23.896,1.49944,1.49964,1.19,1.50
2017.07.10 01:12:23.998,1.49943,1.49965,2.81,1.87
2017.07.10 01:12:24.549,1.49943,1.49964,1.31,1.50
2017.07.10 01:12:25.969,1.49943,1.49964,1.31,1.87
2017.07.10 01:12:26.072,1.49942,1.49961,1.50,1.37
2017.07.10 01:12:26.124,1.49942,1.49957,1.12,1.81
2017.07.10 01:12:26.176,1.49939,1.49956,2.25,1.56
2017.07.10 01:12:26.381,1.49934,1.49953,1.00,2.06
2017.07.10 01:12:26.483,1.49933,1.49953,1.25,2.81
2017.07.10 01:12:28.057,1.49932,1.49951,1.69,1.37
2017.07.10 01:12:28.416,1.49927,1.49945,1.25,3.00
2017.07.10 01:12:28.468,1.49924,1.49945,1.12,2.25
2017.07.10 01:12:28.979,1.49923,1.49944,3.19,1.37
2017.07.10 01:12:31.390,1.49923,1.49945,2.81,1.37
2017.07.10 01:12:34.418,1.49923,1.49945,5.06,1.50
2017.07.10 01:12:38.280,1.49924,1.49945,1.75,1.37
2017.07.10 01:12:38.331,1.49924,1.49945,2.44,1.37
2017.07.10 01:12:38.637,1.49927,1.49947,1.56,1.12
2017.07.10 01:12:38.688,1.4993,1.4995,1.44,4.12
2017.07.10 01:12:39.655,1.49931,1.49951,1.69,1.50
2017.07.10 01:12:39.808,1.49931,1.49951,1.69,1.50
2017.07.10 01:12:40.333,1.49931,1.49951,1.87,1.50
2017.07.10 01:12:40.688,1.49931,1.49951,2.81,1.37
2017.07.10 01:12:40.893,1.49934,1.49954,1.19,3.00
2017.07.10 01:12:40.945,1.49935,1.49955,1.69,1.37
2017.07.10 01:12:40.996,1.49938,1.49958,1.00,3.56
2017.07.10 01:12:41.346,1.49938,1.49956,1.25,1.69
2017.07.10 01:12:43.600,1.49939,1.49956,1.00,2.44
2017.07.10 01:12:44.151,1.49938,1.49956,1.25,2.44
2017.07.10 01:12:49.788,1.49936,1.49955,1.25,1.69
2017.07.10 01:12:54.929,1.49933,1.49953,1.69,1.56
2017.07.10 01:13:00.324,1.49932,1.49951,4.69,1.37
2017.07.10 01:13:00.376,1.49932,1.49951,3.94,1.37
2017.07.10 01:13:00.428,1.49932,1.49953,3.94,1.50
2017.07.10 01:13:00.785,1.49931,1.49949,2.81,1.37
2017.07.10 01:13:00.837,1.49931,1.49951,2.81,1.50
2017.07.10 01:13:00.889,1.49931,1.4995,2.81,1.37
2017.07.10 01:13:00.940,1.49931,1.4995,1.12,1.50
2017.07.10 01:13:01.251,1.49932,1.4995,1.00,1.50
2017.07.10 01:13:01.665,1.49937,1.49956,1.00,3.00
2017.07.10 01:13:04.741,1.49937,1.49956,1.00,1.87
2017.07.10 01:13:05.050,1.49942,1.49963,1.19,1.75
2017.07.10 01:13:05.382,1.49945,1.49963,1.00,1.37
2017.07.10 01:13:05.899,1.49944,1.49963,1.00,1.87
2017.07.10 01:13:07.901,1.49943,1.49962,1.19,1.37
2017.07.10 01:13:08.208,1.49942,1.4996,1.19,1.12
2017.07.10 01:13:09.501,1.49944,1.49961,1.12,1.50
2017.07.10 01:13:09.655,1.49945,1.49965,1.00,3.37
2017.07.10 01:13:10.062,1.49945,1.49965,1.69,3.37
2017.07.10 01:13:10.572,1.49946,1.49965,1.37,1.87
2017.07.10 01:13:12.598,1.49946,1.49965,1.19,1.87
2017.07.10 01:13:14.060,1.49946,1.49962,1.19,1.00
2017.07.10 01:13:14.604,1.49946,1.49963,3.37,1.00
2017.07.10 01:13:15.214,1.49946,1.49963,1.37,1.37
2017.07.10 01:13:15.763,1.49946,1.49963,1.37,1.12
2017.07.10 01:13:15.865,1.49946,1.49965,1.37,1.12
2017.07.10 01:13:16.960,1.49947,1.49965,1.50,1.37
2017.07.10 01:13:21.824,1.49947,1.49966,1.31,1.00
2017.07.10 01:13:21.979,1.49949,1.49968,1.62,1.00
2017.07.10 01:13:22.285,1.49947,1.49966,2.06,1.37
2017.07.10 01:13:24.472,1.49947,1.49966,1.69,1.37
2017.07.10 01:13:27.158,1.49946,1.49963,1.87,1.37
2017.07.10 01:13:27.261,1.4994,1.49959,2.06,1.37
2017.07.10 01:13:27.796,1.49939,1.49959,1.19,1.56
2017.07.10 01:13:37.529,1.49938,1.49959,3.56,1.56
2017.07.10 01:13:38.762,1.49939,1.49959,1.69,1.56
2017.07.10 01:13:41.042,1.49939,1.49959,2.06,1.62
2017.07.10 01:13:41.398,1.4994,1.49959,1.19,1.25
2017.07.10 01:13:41.944,1.4994,1.49959,1.19,1.62
2017.07.10 01:13:42.893,1.4994,1.49959,1.19,1.62
2017.07.10 01:13:43.771,1.4994,1.49959,1.19,1.62
2017.07.10 01:13:43.873,1.49943,1.49959,1.19,1.00
2017.07.10 01:13:43.925,1.49943,1.49961,3.75,1.50
2017.07.10 01:13:43.978,1.49947,1.49961,1.12,1.00
2017.07.10 01:13:44.081,1.4995,1.49967,1.00,1.37
2017.07.10 01:13:46.169,1.49948,1.49967,2.06,1.37
2017.07.10 01:13:53.705,1.49948,1.49966,1.31,1.00
2017.07.10 01:13:54.220,1.49948,1.49966,1.50,1.37
2017.07.10 01:13:58.894,1.49951,1.49969,1.00,1.87
2017.07.10 01:13:58.946,1.49951,1.49968,1.00,1.00
2017.07.10 01:13:59.741,1.49951,1.49969,1.00,1.37
2017.07.10 01:14:00.095,1.49951,1.49969,1.00,1.50
2017.07.10 01:14:00.401,1.49951,1.49962,1.00,1.00
2017.07.10 01:14:00.606,1.49943,1.49961,1.00,2.81
2017.07.10 01:14:00.860,1.49946,1.49961,1.00,1.87
2017.07.10 01:14:07.859,1.49946,1.49962,1.00,1.37
2017.07.10 01:14:08.430,1.49946,1.49962,1.00,1.37
2017.07.10 01:14:12.511,1.49945,1.49962,1.00,1.37
2017.07.10 01:14:13.021,1.49945,1.49962,1.00,1.37
2017.07.10 01:14:15.261,1.49945,1.49964,1.69,1.50
2017.07.10 01:14:15.363,1.49948,1.49965,1.25,1.87
2017.07.10 01:14:15.891,1.49949,1.49967,1.00,1.37
2017.07.10 01:14:16.431,1.4995,1.49967,1.00,1.37
2017.07.10 01:14:18.042,1.49948,1.49967,1.00,1.37
2017.07.10 01:14:20.491,1.49952,1.49968,1.00,1.00
2017.07.10 01:14:20.799,1.49956,1.4997,1.00,1.87
2017.07.10 01:14:21.053,1.49953,1.4997,1.00,1.87
2017.07.10 01:14:21.105,1.49953,1.4997,1.00,1.87
2017.07.10 01:14:21.836,1.49952,1.4997,1.00,1.87
2017.07.10 01:14:24.232,1.49952,1.4997,1.00,1.87
2017.07.10 01:14:24.283,1.49952,1.4997,1.00,1.87
2017.07.10 01:14:24.748,1.49952,1.4997,1.00,1.87
2017.07.10 01:14:25.660,1.49952,1.4997,1.00,1.87
2017.07.10 01:14:27.191,1.49954,1.4997,1.00,1.87
2017.07.10 01:14:27.785,1.49954,1.4997,1.00,1.87
2017.07.10 01:14:28.026,1.49951,1.4997,1.00,1.87
2017.07.10 01:14:28.564,1.49951,1.4997,1.00,1.87
2017.07.10 01:14:29.397,1.49949,1.4997,2.44,1.87
2017.07.10 01:14:29.702,1.49947,1.49966,1.87,1.75
2017.07.10 01:14:29.754,1.49946,1.49964,1.50,1.87
2017.07.10 01:14:30.060,1.49946,1.49964,1.19,1.37
2017.07.10 01:14:30.112,1.49945,1.49964,1.44,1.37
2017.07.10 01:14:30.215,1.49946,1.49966,2.44,2.62
2017.07.10 01:14:30.787,1.49948,1.49968,1.00,1.50
2017.07.10 01:14:31.321,1.49948,1.49968,1.25,3.00
2017.07.10 01:14:31.829,1.49947,1.49967,1.31,1.87
2017.07.10 01:14:34.522,1.49948,1.49969,1.37,2.62
2017.07.10 01:14:35.220,1.49948,1.49967,1.50,1.37
2017.07.10 01:14:35.476,1.49947,1.49969,1.12,4.12
2017.07.10 01:14:36.460,1.49947,1.49967,1.12,1.87
2017.07.10 01:14:37.120,1.49947,1.49967,1.44,1.87
2017.07.10 01:14:38.553,1.49948,1.49967,1.00,1.87
2017.07.10 01:14:38.605,1.49951,1.49969,1.00,1.87
2017.07.10 01:14:38.911,1.49951,1.4997,1.69,1.87
2017.07.10 01:14:39.217,1.49951,1.4997,1.69,1.37
2017.07.10 01:14:39.727,1.49951,1.4997,1.69,1.87
2017.07.10 01:14:41.352,1.49951,1.4997,1.19,1.37
2017.07.10 01:14:44.520,1.4995,1.4997,1.19,1.37
2017.07.10 01:14:44.972,1.4995,1.4997,1.19,1.37
2017.07.10 01:14:45.125,1.4995,1.4997,1.25,1.37
2017.07.10 01:14:45.176,1.4995,1.4997,1.19,1.37
2017.07.10 01:14:45.279,1.4995,1.4997,1.19,1.37
2017.07.10 01:14:46.803,1.4995,1.49969,1.19,1.12
2017.07.10 01:14:46.905,1.4995,1.49969,1.19,1.37
2017.07.10 01:14:47.211,1.49949,1.49967,1.00,1.37
2017.07.10 01:14:47.313,1.49948,1.49967,1.19,1.37
2017.07.10 01:14:47.620,1.4995,1.49967,1.00,1.87
2017.07.10 01:14:48.337,1.49947,1.49967,2.44,1.87
2017.07.10 01:14:52.539,1.49948,1.49967,1.00,2.62
2017.07.10 01:14:53.065,1.49948,1.49967,1.00,2.62
2017.07.10 01:14:53.117,1.4995,1.49968,1.00,1.87
2017.07.10 01:14:53.633,1.49951,1.49968,1.00,2.62
2017.07.10 01:14:53.788,1.49952,1.49968,1.25,1.12
2017.07.10 01:14:53.891,1.49952,1.49971,1.19,1.37
2017.07.10 01:14:53.994,1.49951,1.49971,3.19,1.12
2017.07.10 01:14:54.512,1.49954,1.49971,1.69,1.12
2017.07.10 01:14:59.600,1.49956,1.49971,1.00,1.12
2017.07.10 01:15:00.118,1.49954,1.49971,1.19,1.87
2017.07.10 01:15:02.676,1.49956,1.49974,1.00,1.00
2017.07.10 01:15:02.727,1.49956,1.49976,2.44,1.50
2017.07.10 01:15:02.779,1.49959,1.49978,1.25,1.12
2017.07.10 01:15:04.110,1.49958,1.49975,2.44,1.37
2017.07.10 01:15:04.264,1.49955,1.49974,1.19,1.37
2017.07.10 01:15:05.352,1.49956,1.49974,1.69,1.37
2017.07.10 01:15:05.455,1.49956,1.49974,1.69,1.12
2017.07.10 01:15:05.506,1.4996,1.49974,1.19,1.87
2017.07.10 01:15:05.609,1.49957,1.49975,1.19,1.37
2017.07.10 01:15:05.762,1.49962,1.49978,1.00,1.37
2017.07.10 01:15:05.814,1.49962,1.49977,1.00,1.12
2017.07.10 01:15:06.009,1.49958,1.49977,1.25,1.00
2017.07.10 01:15:06.062,1.49958,1.49974,1.25,1.37
2017.07.10 01:15:06.370,1.49954,1.49973,1.19,1.87
2017.07.10 01:15:07.414,1.49955,1.49973,1.19,1.00
2017.07.10 01:15:07.466,1.49958,1.49973,1.19,1.00
2017.07.10 01:15:07.876,1.49958,1.49976,1.69,1.37
2017.07.10 01:15:12.725,1.49958,1.49977,1.19,1.12
2017.07.10 01:15:13.133,1.49966,1.49982,1.00,1.37
2017.07.10 01:15:13.387,1.4996,1.4998,1.19,1.87
2017.07.10 01:15:13.675,1.4996,1.49973,1.00,1.00
2017.07.10 01:15:13.982,1.49953,1.49972,1.19,1.87
2017.07.10 01:15:14.442,1.49951,1.49968,1.00,1.37
2017.07.10 01:15:14.615,1.49951,1.49968,1.00,1.37
2017.07.10 01:15:14.668,1.49949,1.49967,1.25,1.37
2017.07.10 01:15:15.745,1.49952,1.49966,1.00,1.37
2017.07.10 01:15:16.346,1.49953,1.49966,1.00,1.37
2017.07.10 01:15:16.449,1.49954,1.49968,1.00,1.87
2017.07.10 01:15:17.005,1.49953,1.49968,1.00,1.87
2017.07.10 01:15:17.541,1.49952,1.49968,1.00,1.87
2017.07.10 01:15:18.137,1.49953,1.49968,1.00,1.87
2017.07.10 01:15:18.672,1.49952,1.49968,1.00,1.87
2017.07.10 01:15:19.369,1.49951,1.49968,1.00,1.87
2017.07.10 01:15:20.569,1.49952,1.49968,1.00,1.87
2017.07.10 01:15:22.009,1.49949,1.49968,1.25,1.87
2017.07.10 01:15:22.816,1.4995,1.49968,1.00,1.87
2017.07.10 01:15:23.294,1.49953,1.49968,1.00,1.37
2017.07.10 01:15:23.923,1.49953,1.49965,1.00,1.37
2017.07.10 01:15:23.975,1.49953,1.49965,1.00,1.37
2017.07.10 01:15:24.077,1.49947,1.49965,1.00,1.37
2017.07.10 01:15:24.343,1.49949,1.49965,1.00,1.37
2017.07.10 01:15:24.651,1.49943,1.49961,1.00,1.37
2017.07.10 01:15:24.907,1.49943,1.49964,1.00,1.87
2017.07.10 01:15:24.958,1.49944,1.49964,1.19,1.37
2017.07.10 01:15:25.061,1.49944,1.49964,1.19,1.12
2017.07.10 01:15:26.173,1.49944,1.49965,1.19,1.87
2017.07.10 01:15:26.764,1.49943,1.49965,3.19,1.87
2017.07.10 01:15:27.621,1.49944,1.49964,1.25,1.87
2017.07.10 01:15:27.724,1.49944,1.4996,1.25,1.37
2017.07.10 01:15:28.031,1.49935,1.49955,1.69,1.37
2017.07.10 01:15:31.026,1.49938,1.49955,1.00,1.37
2017.07.10 01:15:31.705,1.49938,1.49954,1.00,1.37
2017.07.10 01:15:32.214,1.49936,1.49953,1.19,1.37
2017.07.10 01:15:41.953,1.49935,1.4995,1.19,1.00
2017.07.10 01:15:45.916,1.49934,1.4995,1.00,1.00
2017.07.10 01:15:46.474,1.49935,1.4995,1.00,1.00
2017.07.10 01:15:47.021,1.49934,1.4995,1.00,1.00
2017.07.10 01:15:47.295,1.49936,1.4995,1.00,1.00
2017.07.10 01:15:48.261,1.49937,1.4995,1.00,1.00
2017.07.10 01:15:48.641,1.49937,1.49952,1.25,1.00
2017.07.10 01:15:48.692,1.49942,1.49954,1.00,1.87
2017.07.10 01:15:49.224,1.4994,1.49954,1.00,1.00
2017.07.10 01:15:49.377,1.4994,1.49952,1.00,1.00
2017.07.10 01:15:49.907,1.49939,1.49952,1.00,1.00
2017.07.10 01:15:50.652,1.49939,1.49956,1.00,1.50
2017.07.10 01:15:51.189,1.49939,1.49955,1.00,1.00
2017.07.10 01:15:51.732,1.4994,1.49955,1.00,1.00
2017.07.10 01:15:52.350,1.49941,1.49958,2.06,1.00
2017.07.10 01:15:52.657,1.49953,1.49967,1.00,1.00
2017.07.10 01:15:53.181,1.49952,1.49967,1.00,1.00
2017.07.10 01:15:53.759,1.4995,1.49967,1.00,1.50
2017.07.10 01:15:54.290,1.49949,1.49967,1.00,1.50
2017.07.10 01:15:54.794,1.4995,1.49967,1.00,1.00
2017.07.10 01:15:55.199,1.49947,1.49967,1.12,1.00
2017.07.10 01:15:55.503,1.49949,1.49967,1.00,1.00
2017.07.10 01:15:56.043,1.4995,1.49967,1.00,1.12
2017.07.10 01:15:56.339,1.49948,1.49967,1.00,1.12
2017.07.10 01:15:57.504,1.49949,1.49967,1.00,1.12
2017.07.10 01:15:58.022,1.49948,1.49967,1.00,1.87
2017.07.10 01:15:58.732,1.49947,1.49967,1.25,1.87
2017.07.10 01:15:59.269,1.49948,1.49967,1.00,1.87
2017.07.10 01:15:59.971,1.49949,1.49967,1.00,1.87
2017.07.10 01:16:00.563,1.4995,1.4997,1.00,2.25
2017.07.10 01:16:00.943,1.49952,1.49969,1.00,1.12
2017.07.10 01:16:01.451,1.49951,1.49969,1.00,1.12
2017.07.10 01:16:01.967,1.49952,1.49969,1.00,1.12
2017.07.10 01:16:02.492,1.49953,1.49969,1.00,1.12
2017.07.10 01:16:03.128,1.49952,1.49969,1.00,1.12
2017.07.10 01:16:03.979,1.49953,1.49969,1.00,1.12
2017.07.10 01:16:04.377,1.49954,1.49969,1.00,2.25
2017.07.10 01:16:04.893,1.49953,1.49968,1.00,1.37
2017.07.10 01:16:05.097,1.49953,1.49969,1.00,3.00
2017.07.10 01:16:05.200,1.49955,1.49969,1.00,1.50
2017.07.10 01:16:05.251,1.49955,1.49969,1.00,1.50
2017.07.10 01:16:05.456,1.49957,1.49969,1.00,1.50
2017.07.10 01:16:06.088,1.49954,1.49969,1.00,1.50
2017.07.10 01:16:06.738,1.49953,1.49969,1.00,1.50
2017.07.10 01:16:06.994,1.49951,1.49969,1.25,1.50
2017.07.10 01:16:07.998,1.49951,1.4997,1.25,3.00
2017.07.10 01:16:08.306,1.49949,1.49965,1.00,1.37
2017.07.10 01:16:08.683,1.49948,1.49965,1.00,1.37
2017.07.10 01:16:09.512,1.4995,1.49964,1.00,1.37
2017.07.10 01:16:10.040,1.49951,1.49964,1.00,1.37
2017.07.10 01:16:10.346,1.4995,1.49964,1.00,1.37
2017.07.10 01:16:10.859,1.49951,1.49964,1.00,1.87
2017.07.10 01:16:11.368,1.4995,1.49964,1.00,2.62
2017.07.10 01:16:11.845,1.4995,1.49963,1.00,1.37
2017.07.10 01:16:12.374,1.49948,1.49963,1.00,1.37
2017.07.10 01:16:12.902,1.49949,1.49963,1.00,1.37
2017.07.10 01:16:13.417,1.4995,1.49963,1.00,1.37
2017.07.10 01:16:13.960,1.49951,1.49964,1.00,1.37
2017.07.10 01:16:14.101,1.49953,1.49964,1.00,1.37
2017.07.10 01:16:14.397,1.49949,1.49964,1.00,1.37
2017.07.10 01:16:14.974,1.4995,1.49964,1.00,1.37
2017.07.10 01:16:15.508,1.49951,1.49964,1.00,1.37
2017.07.10 01:16:15.661,1.49949,1.49964,1.00,1.37
2017.07.10 01:16:15.973,1.4995,1.49964,1.00,1.37
2017.07.10 01:16:16.523,1.49951,1.49964,1.00,1.37
2017.07.10 01:16:17.444,1.49951,1.49964,1.00,1.87
2017.07.10 01:16:17.495,1.49948,1.49964,1.00,1.87
2017.07.10 01:16:18.463,1.49949,1.49964,1.00,1.87
2017.07.10 01:16:18.790,1.49948,1.49964,1.00,2.06
2017.07.10 01:16:18.892,1.49948,1.49964,1.00,1.87
2017.07.10 01:16:18.944,1.49948,1.49964,1.00,1.12
2017.07.10 01:16:18.995,1.49951,1.49965,1.00,1.12
2017.07.10 01:16:19.506,1.49952,1.49967,1.00,1.87
2017.07.10 01:16:19.887,1.4995,1.49967,1.25,1.87
2017.07.10 01:16:22.462,1.49946,1.49964,2.06,1.37
2017.07.10 01:16:22.768,1.49943,1.49958,1.37,1.00
2017.07.10 01:16:22.922,1.49943,1.49961,1.00,1.00
2017.07.10 01:16:23.432,1.49944,1.49962,1.00,2.25
2017.07.10 01:16:23.749,1.49942,1.49962,1.00,3.00
2017.07.10 01:16:24.439,1.49943,1.49962,1.00,2.62
2017.07.10 01:16:26.859,1.49944,1.49961,1.00,1.37
2017.07.10 01:16:27.517,1.49945,1.49961,1.00,1.37
2017.07.10 01:16:29.141,1.49946,1.49961,1.00,1.37
2017.07.10 01:16:30.535,1.49946,1.49963,1.00,1.87
2017.07.10 01:16:30.586,1.49949,1.49963,1.00,1.87
2017.07.10 01:16:31.097,1.49947,1.49963,1.00,1.37
2017.07.10 01:16:31.634,1.49946,1.49963,1.25,1.37
2017.07.10 01:16:32.702,1.49947,1.49963,1.00,1.37
2017.07.10 01:16:32.804,1.49947,1.49963,1.00,1.87
2017.07.10 01:16:33.331,1.49946,1.49963,1.25,1.37
2017.07.10 01:16:33.916,1.49947,1.49963,1.00,1.37
2017.07.10 01:16:34.587,1.49948,1.49963,1.00,1.37
2017.07.10 01:16:34.876,1.49947,1.49963,1.00,1.37
2017.07.10 01:16:35.765,1.49948,1.49963,1.00,1.37
2017.07.10 01:16:36.613,1.49949,1.49963,1.00,1.37
2017.07.10 01:16:37.147,1.49948,1.49963,1.00,1.37
2017.07.10 01:16:37.888,1.49951,1.49963,1.00,1.37
2017.07.10 01:16:38.348,1.4995,1.49962,1.00,2.62
2017.07.10 01:16:38.750,1.49947,1.49961,1.00,2.81
2017.07.10 01:16:39.297,1.49946,1.49961,1.00,3.56
2017.07.10 01:16:39.618,1.49948,1.49961,1.00,3.56
2017.07.10 01:16:40.007,1.49946,1.49961,1.00,3.56
2017.07.10 01:16:40.667,1.49947,1.49961,1.00,2.81
2017.07.10 01:16:41.195,1.49946,1.49961,1.00,2.81
2017.07.10 01:16:42.427,1.49947,1.49961,1.00,2.81
2017.07.10 01:16:43.554,1.49946,1.49961,1.00,2.81
2017.07.10 01:16:45.375,1.49946,1.4996,1.00,1.37
2017.07.10 01:16:46.061,1.49945,1.4996,1.00,1.37
2017.07.10 01:16:46.605,1.49944,1.4996,1.00,1.37
2017.07.10 01:16:47.556,1.49948,1.4996,1.00,1.62
2017.07.10 01:16:47.761,1.49948,1.49961,1.00,1.12
2017.07.10 01:16:48.123,1.49948,1.49964,1.00,3.37
2017.07.10 01:16:48.175,1.49948,1.49964,1.00,2.62
2017.07.10 01:16:48.431,1.49944,1.49961,1.00,1.56
2017.07.10 01:16:48.636,1.49942,1.49961,1.00,2.06
2017.07.10 01:16:49.610,1.49943,1.49961,1.00,2.81
2017.07.10 01:16:50.563,1.49944,1.49961,1.00,3.56
2017.07.10 01:16:51.712,1.49943,1.49961,1.00,3.56
2017.07.10 01:16:52.256,1.4994,1.4996,1.50,1.62
2017.07.10 01:16:52.696,1.49937,1.49959,2.06,1.50
2017.07.10 01:16:52.952,1.49938,1.49959,1.31,1.12
2017.07.10 01:16:53.055,1.4994,1.49959,1.00,1.87
2017.07.10 01:16:53.565,1.49941,1.49959,1.00,1.12
2017.07.10 01:16:53.924,1.49943,1.49959,1.00,1.12
2017.07.10 01:16:54.551,1.49944,1.49959,1.00,1.12
2017.07.10 01:16:55.120,1.49943,1.49959,1.00,1.12
2017.07.10 01:16:55.667,1.49944,1.49959,1.00,1.12
2017.07.10 01:16:56.242,1.49943,1.49959,1.00,1.12
2017.07.10 01:16:56.777,1.49942,1.49959,1.00,1.12
2017.07.10 01:16:57.324,1.49943,1.49959,1.00,1.12
2017.07.10 01:16:57.857,1.49944,1.49959,1.00,1.37
2017.07.10 01:17:00.011,1.49945,1.4996,1.00,1.87
2017.07.10 01:17:00.449,1.49943,1.4996,1.00,1.87
2017.07.10 01:17:00.993,1.49945,1.4996,1.00,1.37
2017.07.10 01:17:02.987,1.49944,1.4996,1.00,1.37
2017.07.10 01:17:03.509,1.49944,1.49956,1.00,2.25
2017.07.10 01:17:03.663,1.4994,1.49954,1.00,1.50
2017.07.10 01:17:03.876,1.49934,1.49954,1.87,1.12
2017.07.10 01:17:04.439,1.49936,1.49954,1.00,1.12
2017.07.10 01:17:04.593,1.49936,1.49954,1.00,1.37
2017.07.10 01:17:05.346,1.49935,1.49954,1.25,1.87
2017.07.10 01:17:05.890,1.49936,1.49954,1.25,1.37
2017.07.10 01:17:06.401,1.49937,1.49954,1.00,1.37
2017.07.10 01:17:06.947,1.49933,1.49952,1.19,1.37
2017.07.10 01:17:07.111,1.49933,1.49952,1.19,1.37
2017.07.10 01:17:08.355,1.49934,1.4995,1.00,1.00
2017.07.10 01:17:08.903,1.49933,1.4995,1.00,1.00
2017.07.10 01:17:09.370,1.49935,1.4995,1.00,1.00
2017.07.10 01:17:09.894,1.49934,1.4995,1.00,1.00
2017.07.10 01:17:10.730,1.49934,1.49952,1.00,1.37
2017.07.10 01:17:11.322,1.49934,1.49952,1.00,1.37
2017.07.10 01:17:11.846,1.49935,1.49952,1.00,1.37
2017.07.10 01:17:12.658,1.49934,1.49952,1.00,1.37
2017.07.10 01:17:13.585,1.49931,1.4995,2.44,1.12
2017.07.10 01:17:14.565,1.49932,1.49952,1.12,1.37
2017.07.10 01:17:14.616,1.49935,1.49952,1.00,1.37
2017.07.10 01:17:15.688,1.49936,1.49952,1.00,1.37
2017.07.10 01:17:16.248,1.49936,1.49952,1.00,1.12
2017.07.10 01:17:16.776,1.49937,1.49952,1.00,1.12
2017.07.10 01:17:17.582,1.49937,1.49951,1.00,1.37
2017.07.10 01:17:18.129,1.49938,1.49951,1.00,1.37
2017.07.10 01:17:18.672,1.49939,1.49951,1.00,1.37
2017.07.10 01:17:19.508,1.4994,1.49951,1.00,1.37
2017.07.10 01:17:20.030,1.49939,1.49951,1.00,1.37
2017.07.10 01:17:20.539,1.4994,1.49951,1.00,1.37
2017.07.10 01:17:21.966,1.49939,1.49951,1.00,1.37
2017.07.10 01:17:22.471,1.4994,1.49951,1.00,1.37
2017.07.10 01:17:22.673,1.49938,1.49951,1.00,1.37
2017.07.10 01:17:23.178,1.49939,1.49951,1.00,1.37
2017.07.10 01:17:23.888,1.49938,1.49951,1.00,1.37
2017.07.10 01:17:24.498,1.49939,1.49951,1.00,1.37
2017.07.10 01:17:25.615,1.49939,1.49951,1.00,1.37
2017.07.10 01:17:26.701,1.49937,1.49953,1.00,1.50
2017.07.10 01:17:26.912,1.49939,1.49953,1.00,1.50
2017.07.10 01:17:27.647,1.49938,1.49953,1.00,1.50
2017.07.10 01:17:28.451,1.49937,1.49953,1.00,1.69
2017.07.10 01:17:29.171,1.49938,1.4995,1.00,1.12
2017.07.10 01:17:30.013,1.49937,1.4995,1.00,1.12
2017.07.10 01:17:30.390,1.49939,1.4995,1.00,1.12
2017.07.10 01:17:30.824,1.49943,1.4995,1.00,1.00
2017.07.10 01:17:31.342,1.49942,1.4995,1.00,1.12
2017.07.10 01:17:31.444,1.4994,1.4995,1.00,1.12
2017.07.10 01:17:31.964,1.4994,1.4995,1.00,1.37
2017.07.10 01:17:32.522,1.49941,1.4995,1.00,1.37
2017.07.10 01:17:32.683,1.49939,1.4995,1.00,1.37
2017.07.10 01:17:33.213,1.4994,1.4995,1.00,1.37
2017.07.10 01:17:33.557,1.49942,1.4995,1.00,1.37
2017.07.10 01:17:33.864,1.49939,1.49948,1.00,1.00
2017.07.10 01:17:34.392,1.49941,1.49948,1.00,1.00
2017.07.10 01:17:34.910,1.49941,1.4995,1.00,1.37
2017.07.10 01:17:35.222,1.49939,1.4995,1.00,1.37
2017.07.10 01:17:35.742,1.4994,1.4995,1.00,1.37
2017.07.10 01:17:36.751,1.49939,1.4995,1.00,1.37
2017.07.10 01:17:37.556,1.4994,1.4995,1.00,1.37
2017.07.10 01:17:38.242,1.49941,1.4995,1.00,1.37
2017.07.10 01:17:39.112,1.4994,1.4995,1.00,1.37
2017.07.10 01:17:39.721,1.49939,1.4995,1.00,1.37
2017.07.10 01:17:40.101,1.49937,1.4995,1.00,1.37
2017.07.10 01:17:40.433,1.49939,1.4995,1.00,3.37
2017.07.10 01:17:40.536,1.49934,1.49948,1.00,2.06
2017.07.10 01:17:41.043,1.49933,1.49947,1.00,1.62
2017.07.10 01:17:41.474,1.49933,1.49947,1.00,1.62
2017.07.10 01:17:42.026,1.49932,1.49944,1.00,1.00
2017.07.10 01:17:42.546,1.49933,1.49944,1.00,1.00
2017.07.10 01:17:43.067,1.49934,1.49946,1.00,1.37
2017.07.10 01:17:43.611,1.49933,1.49946,1.00,1.37
2017.07.10 01:17:44.163,1.49933,1.49946,1.00,1.37
2017.07.10 01:17:44.671,1.49932,1.49946,1.00,1.37
2017.07.10 01:17:45.003,1.49934,1.49946,1.00,1.37
2017.07.10 01:17:45.661,1.49933,1.49946,1.00,1.37
2017.07.10 01:17:46.888,1.49934,1.49946,1.00,1.37
2017.07.10 01:17:47.212,1.49941,1.49948,1.00,1.50
2017.07.10 01:17:47.659,1.49938,1.49949,1.00,1.37
2017.07.10 01:17:48.197,1.49939,1.49947,1.00,1.37
2017.07.10 01:17:48.302,1.49939,1.49949,1.00,1.00
2017.07.10 01:17:48.354,1.49943,1.49949,1.00,1.00
2017.07.10 01:17:48.405,1.49943,1.49954,1.12,1.00
2017.07.10 01:17:48.508,1.49952,1.49956,1.00,1.00
2017.07.10 01:17:48.813,1.4995,1.49958,1.00,1.00
2017.07.10 01:17:49.121,1.4995,1.49961,1.00,1.12
2017.07.10 01:17:49.174,1.49952,1.49961,1.00,1.12
2017.07.10 01:17:49.225,1.49949,1.49961,1.00,1.12
2017.07.10 01:17:49.782,1.49948,1.49961,1.00,1.12
2017.07.10 01:17:50.414,1.49946,1.49961,1.00,1.12
2017.07.10 01:17:50.794,1.49946,1.4996,1.00,1.62
2017.07.10 01:17:51.034,1.49942,1.49958,1.00,1.37
2017.07.10 01:17:51.137,1.49942,1.49957,1.00,1.37
2017.07.10 01:17:51.681,1.49942,1.49954,1.00,1.00
2017.07.10 01:17:52.205,1.49943,1.49956,1.00,1.50
2017.07.10 01:17:52.825,1.49943,1.49957,1.00,1.37
2017.07.10 01:17:53.901,1.49944,1.49957,1.00,1.37
2017.07.10 01:17:55.420,1.49943,1.49957,1.00,1.87
2017.07.10 01:17:56.239,1.49944,1.49957,1.00,1.87
2017.07.10 01:17:57.010,1.49945,1.49957,1.00,1.37
2017.07.10 01:17:57.670,1.49944,1.49957,1.00,1.37
2017.07.10 01:17:58.241,1.49945,1.49957,1.00,1.37
2017.07.10 01:17:58.683,1.49944,1.49952,1.00,1.12
2017.07.10 01:17:58.989,1.49941,1.49952,1.00,1.37
2017.07.10 01:17:59.245,1.49939,1.49952,1.00,1.87
2017.07.10 01:17:59.755,1.49938,1.49952,1.00,1.87
2017.07.10 01:18:00.259,1.49935,1.49951,1.00,1.50
2017.07.10 01:18:00.312,1.49935,1.49948,1.00,1.37
2017.07.10 01:18:00.517,1.49932,1.49948,1.00,1.37
2017.07.10 01:18:00.823,1.4993,1.49947,1.00,1.37
2017.07.10 01:18:01.344,1.49931,1.49947,1.00,1.37
2017.07.10 01:18:01.786,1.4993,1.49944,1.00,1.00
2017.07.10 01:18:02.093,1.49927,1.49944,1.00,2.62
2017.07.10 01:18:02.610,1.49928,1.49943,1.00,1.87
2017.07.10 01:18:03.122,1.49929,1.49944,1.00,3.37
2017.07.10 01:18:03.666,1.49928,1.49943,1.00,1.37
2017.07.10 01:18:03.975,1.49926,1.49942,1.25,1.37
2017.07.10 01:18:04.373,1.49922,1.4994,1.00,1.37
2017.07.10 01:18:04.628,1.49925,1.4994,1.00,1.37
2017.07.10 01:18:05.257,1.49926,1.4994,1.00,1.37
2017.07.10 01:18:05.861,1.49925,1.4994,1.00,1.37
2017.07.10 01:18:06.591,1.49924,1.4994,1.00,1.37
2017.07.10 01:18:07.946,1.49923,1.4994,1.00,1.37
2017.07.10 01:18:08.336,1.49925,1.4994,1.00,1.37
2017.07.10 01:18:08.913,1.49926,1.4994,1.00,1.37
2017.07.10 01:18:09.590,1.49925,1.4994,1.00,1.37
2017.07.10 01:18:10.193,1.49924,1.4994,1.00,1.37
2017.07.10 01:18:10.578,1.49926,1.4994,1.00,1.37
2017.07.10 01:18:11.206,1.49924,1.4994,1.00,1.37
2017.07.10 01:18:12.303,1.49925,1.4994,1.00,1.37
2017.07.10 01:18:13.044,1.49922,1.49939,1.00,4.50
2017.07.10 01:18:13.198,1.49922,1.49937,1.00,1.37
2017.07.10 01:18:13.301,1.49922,1.49936,1.00,1.37
2017.07.10 01:18:13.722,1.4992,1.49936,1.00,1.37
2017.07.10 01:18:14.631,1.49921,1.49936,1.00,1.37
2017.07.10 01:18:15.152,1.4992,1.49936,1.00,1.37
2017.07.10 01:18:16.673,1.49919,1.49936,1.00,1.37
2017.07.10 01:18:16.826,1.49919,1.49936,1.00,2.81
2017.07.10 01:18:17.575,1.49921,1.49934,1.00,1.37
2017.07.10 01:18:18.660,1.49921,1.4993,1.00,1.87
2017.07.10 01:18:18.763,1.49915,1.49928,1.00,1.12
2017.07.10 01:18:18.917,1.49915,1.49925,1.00,1.87
2017.07.10 01:18:19.224,1.4991,1.49923,1.00,1.37
2017.07.10 01:18:19.738,1.49911,1.49921,1.00,1.87
2017.07.10 01:18:19.943,1.49911,1.49925,1.00,1.87
2017.07.10 01:18:19.994,1.49911,1.49925,1.00,1.87
2017.07.10 01:18:20.198,1.49911,1.49926,1.00,1.37
2017.07.10 01:18:20.522,1.49913,1.49926,1.00,1.37
2017.07.10 01:18:21.048,1.49913,1.49923,1.00,1.37
2017.07.10 01:18:21.474,1.49913,1.49924,1.00,1.37
2017.07.10 01:18:21.729,1.49912,1.49925,1.00,2.25
2017.07.10 01:18:21.988,1.49912,1.49922,1.00,1.37
2017.07.10 01:18:22.416,1.4991,1.49922,1.00,1.37
2017.07.10 01:18:22.531,1.4991,1.49922,1.00,1.37
2017.07.10 01:18:22.899,1.4991,1.49922,1.00,1.37
2017.07.10 01:18:23.052,1.4991,1.49922,1.00,1.12
2017.07.10 01:18:23.305,1.4991,1.49922,1.00,1.37
2017.07.10 01:18:23.513,1.49911,1.49922,1.00,1.37
2017.07.10 01:18:23.727,1.49909,1.49922,1.00,1.37
2017.07.10 01:18:23.778,1.49909,1.49922,1.00,1.37
2017.07.10 01:18:23.914,1.49909,1.49922,1.00,1.37
2017.07.10 01:18:24.461,1.49909,1.49922,1.00,1.12
2017.07.10 01:18:24.666,1.4991,1.49922,1.00,1.37
2017.07.10 01:18:25.234,1.49909,1.49922,1.00,1.37
2017.07.10 01:18:25.767,1.49909,1.49922,1.00,1.37
2017.07.10 01:18:26.466,1.49909,1.49922,1.00,1.37
2017.07.10 01:18:26.742,1.49909,1.49922,1.00,1.12
2017.07.10 01:18:27.006,1.49909,1.49924,1.00,1.37
2017.07.10 01:18:27.312,1.49914,1.49924,1.00,1.37
2017.07.10 01:18:27.700,1.49915,1.49926,1.00,1.37
2017.07.10 01:18:28.250,1.49916,1.49928,1.00,2.25
2017.07.10 01:18:28.866,1.49915,1.49927,1.00,1.50
2017.07.10 01:18:32.233,1.49916,1.49927,1.00,1.50
2017.07.10 01:18:32.785,1.49918,1.49927,1.00,2.25
2017.07.10 01:18:33.295,1.49918,1.49928,1.00,1.12
2017.07.10 01:18:33.803,1.49918,1.49928,1.00,1.12
2017.07.10 01:18:33.907,1.49918,1.49928,1.00,1.87
2017.07.10 01:18:33.958,1.49915,1.49928,1.00,2.25
2017.07.10 01:18:34.163,1.49912,1.49927,1.00,1.37
2017.07.10 01:18:34.468,1.4991,1.49925,1.00,1.37
2017.07.10 01:18:35.017,1.4991,1.49925,1.00,1.37
2017.07.10 01:18:35.312,1.4991,1.49925,1.00,1.37
2017.07.10 01:18:35.569,1.4991,1.49927,1.00,1.50
2017.07.10 01:18:36.075,1.49911,1.49926,1.00,1.37
2017.07.10 01:18:36.618,1.4991,1.49926,1.00,1.37
2017.07.10 01:18:36.848,1.4991,1.49926,1.00,1.37
2017.07.10 01:18:37.064,1.4991,1.49926,1.00,1.37
2017.07.10 01:18:37.467,1.49912,1.49928,1.00,3.00
2017.07.10 01:18:42.127,1.49913,1.49928,1.00,2.25
2017.07.10 01:18:42.794,1.49911,1.49928,1.50,2.25
2017.07.10 01:18:43.395,1.49912,1.49928,1.00,2.25
2017.07.10 01:18:45.553,1.49911,1.49928,1.00,2.25
2017.07.10 01:18:46.083,1.49913,1.49928,1.00,2.25
2017.07.10 01:18:46.677,1.49911,1.49928,1.00,2.25
2017.07.10 01:18:47.571,1.49912,1.49928,1.00,2.25
2017.07.10 01:18:49.192,1.49913,1.49928,1.00,2.25
2017.07.10 01:18:50.462,1.49914,1.49927,1.00,1.50
2017.07.10 01:18:50.993,1.49913,1.49927,1.00,1.50
2017.07.10 01:18:51.832,1.49912,1.49927,1.00,1.50
2017.07.10 01:18:52.346,1.49913,1.49928,1.00,1.87
2017.07.10 01:18:52.499,1.49915,1.49928,1.00,1.12
2017.07.10 01:18:53.262,1.49914,1.49929,1.00,2.81
2017.07.10 01:18:53.802,1.49915,1.49929,1.00,2.81
2017.07.10 01:18:54.344,1.49916,1.49929,1.00,2.81
2017.07.10 01:18:54.955,1.49915,1.49929,1.00,2.81
2017.07.10 01:18:55.614,1.49914,1.49929,1.00,2.81
2017.07.10 01:18:56.162,1.49915,1.49929,1.00,2.81
2017.07.10 01:18:58.082,1.49915,1.49929,1.00,2.81
2017.07.10 01:18:58.586,1.49914,1.49929,1.00,2.81
2017.07.10 01:19:00.884,1.49917,1.49928,1.00,1.12
2017.07.10 01:19:01.394,1.49917,1.49929,1.00,2.81
2017.07.10 01:19:01.775,1.49915,1.49929,1.00,3.56
2017.07.10 01:19:02.293,1.49914,1.49929,1.00,2.81
2017.07.10 01:19:03.219,1.49913,1.49929,1.00,3.56
2017.07.10 01:19:03.391,1.49913,1.49929,1.00,3.56
2017.07.10 01:19:03.932,1.49912,1.49926,1.00,2.06
2017.07.10 01:19:04.520,1.49911,1.49926,1.00,2.06
2017.07.10 01:19:04.844,1.49908,1.49923,1.00,1.50
2017.07.10 01:19:05.356,1.49907,1.49925,1.00,2.81
2017.07.10 01:19:05.510,1.49907,1.49926,1.25,2.06
2017.07.10 01:19:06.020,1.49908,1.49926,1.00,1.56
2017.07.10 01:19:06.156,1.4991,1.49926,1.00,1.56
2017.07.10 01:19:06.616,1.4991,1.49927,1.00,2.44
2017.07.10 01:19:07.307,1.49909,1.49927,1.12,1.25
2017.07.10 01:19:07.717,1.4991,1.49929,1.00,2.44
2017.07.10 01:19:07.819,1.4991,1.4993,1.12,1.94
2017.07.10 01:19:08.109,1.49913,1.49931,1.00,1.69
2017.07.10 01:19:08.669,1.49912,1.49931,1.00,1.69
2017.07.10 01:19:09.031,1.49915,1.49931,1.00,1.56
2017.07.10 01:19:09.599,1.49916,1.49931,1.00,1.56
2017.07.10 01:19:10.216,1.49915,1.49931,1.00,1.62
2017.07.10 01:19:10.814,1.49914,1.49931,1.00,1.62
2017.07.10 01:19:11.245,1.49912,1.49931,1.12,1.62
2017.07.10 01:19:11.813,1.49913,1.49931,1.00,1.62
2017.07.10 01:19:12.354,1.49914,1.49931,1.00,1.62
2017.07.10 01:19:12.668,1.49916,1.49932,1.00,1.56
2017.07.10 01:19:13.225,1.49917,1.49932,1.00,1.56
2017.07.10 01:19:13.327,1.49917,1.49933,1.00,2.44
2017.07.10 01:19:13.862,1.49917,1.49933,1.00,2.06
2017.07.10 01:19:15.044,1.49916,1.49933,1.50,1.56
2017.07.10 01:19:15.589,1.49917,1.49933,1.00,1.62
2017.07.10 01:19:20.058,1.49918,1.49933,1.00,1.62
2017.07.10 01:19:20.657,1.49918,1.49934,1.00,1.31
2017.07.10 01:19:21.621,1.49919,1.49934,1.00,1.56
2017.07.10 01:19:22.133,1.49918,1.49934,1.00,1.19
2017.07.10 01:19:22.580,1.4992,1.49935,1.00,1.19
2017.07.10 01:19:22.632,1.49921,1.49938,1.00,2.06
2017.07.10 01:19:22.683,1.49923,1.49938,1.00,2.06
2017.07.10 01:19:22.990,1.49928,1.4994,1.00,1.37
2017.07.10 01:19:23.194,1.49933,1.49949,1.50,1.31
2017.07.10 01:19:23.450,1.49936,1.4995,1.00,1.87
2017.07.10 01:19:23.705,1.49934,1.4995,1.00,1.87
2017.07.10 01:19:24.014,1.49931,1.49946,1.50,1.50
2017.07.10 01:19:24.220,1.49932,1.49947,1.50,1.56
2017.07.10 01:19:24.374,1.49934,1.49947,1.00,1.56
2017.07.10 01:19:24.581,1.49935,1.49952,1.00,1.87
2017.07.10 01:19:24.838,1.49937,1.49952,1.00,1.87
2017.07.10 01:19:27.096,1.49937,1.49952,1.00,1.37
2017.07.10 01:19:27.148,1.49937,1.49954,1.00,1.75
2017.07.10 01:19:30.291,1.49937,1.49954,1.00,1.37
2017.07.10 01:19:30.503,1.49937,1.49955,1.00,1.50
2017.07.10 01:19:31.345,1.49936,1.49955,1.00,2.62
2017.07.10 01:19:31.860,1.49935,1.49955,1.50,2.62
2017.07.10 01:19:36.031,1.49935,1.49954,1.50,1.50
2017.07.10 01:19:37.230,1.49935,1.49953,1.50,1.00
2017.07.10 01:19:37.910,1.49935,1.49952,1.50,1.00
2017.07.10 01:19:39.577,1.49935,1.49954,1.50,1.87
2017.07.10 01:19:45.879,1.49935,1.49954,1.50,1.50
2017.07.10 01:19:46.872,1.49935,1.49954,1.50,1.37
2017.07.10 01:19:47.862,1.49935,1.49954,1.50,1.37
2017.07.10 01:19:48.862,1.49935,1.49954,1.50,1.37
2017.07.10 01:19:49.893,1.49935,1.49954,1.00,1.12
2017.07.10 01:19:50.664,1.49935,1.49953,1.00,1.00
2017.07.10 01:19:51.172,1.49935,1.49954,1.00,1.12
2017.07.10 01:19:53.538,1.49935,1.49954,1.00,1.37
2017.07.10 01:19:54.065,1.49936,1.49954,1.00,1.37
2017.07.10 01:19:54.458,1.49937,1.49952,1.00,1.37
2017.07.10 01:19:54.662,1.49935,1.49953,1.50,1.50
2017.07.10 01:19:55.177,1.49935,1.49953,1.50,1.50
2017.07.10 01:19:56.312,1.49936,1.49952,1.00,1.87
2017.07.10 01:19:56.414,1.49938,1.49954,1.00,3.00
2017.07.10 01:19:59.599,1.49936,1.49953,1.00,1.37
2017.07.10 01:20:00.169,1.49937,1.49954,1.00,3.37
2017.07.10 01:20:00.221,1.49939,1.49954,1.00,3.37
2017.07.10 01:20:00.732,1.49939,1.49954,1.00,2.62
2017.07.10 01:20:01.375,1.49937,1.49954,1.00,2.62
2017.07.10 01:20:03.397,1.49937,1.49953,1.00,1.37
2017.07.10 01:20:04.014,1.49937,1.49953,1.00,1.37
2017.07.10 01:20:04.519,1.49937,1.49954,1.00,2.25
2017.07.10 01:20:05.008,1.49937,1.49953,1.00,1.87
2017.07.10 01:20:05.567,1.49937,1.49953,1.00,1.87
2017.07.10 01:20:06.084,1.49937,1.49954,1.00,2.25
2017.07.10 01:20:06.300,1.4994,1.49956,1.00,3.00
2017.07.10 01:20:06.352,1.4994,1.49954,1.00,1.00
2017.07.10 01:20:06.455,1.49941,1.49958,1.00,1.12
2017.07.10 01:20:06.972,1.49941,1.49959,1.00,2.62
2017.07.10 01:20:07.662,1.4994,1.49959,1.00,2.62
2017.07.10 01:20:10.305,1.4994,1.49959,1.00,2.75
2017.07.10 01:20:11.209,1.49942,1.49959,1.00,1.50
2017.07.10 01:20:11.516,1.49948,1.49961,1.00,2.25
2017.07.10 01:20:11.934,1.49948,1.49961,1.00,2.25
2017.07.10 01:20:12.157,1.49948,1.49961,1.00,2.25
2017.07.10 01:20:12.721,1.49949,1.49961,1.00,1.37
2017.07.10 01:20:12.774,1.49949,1.49961,1.00,1.37
2017.07.10 01:20:13.365,1.49948,1.49961,1.00,1.37
2017.07.10 01:20:13.907,1.49949,1.49961,1.00,1.37
2017.07.10 01:20:16.306,1.49949,1.49963,1.00,1.50
2017.07.10 01:20:16.358,1.49951,1.49963,1.00,1.50
2017.07.10 01:20:16.409,1.49951,1.49965,1.00,2.25
2017.07.10 01:20:16.552,1.49955,1.49965,1.00,1.37
2017.07.10 01:20:16.884,1.49957,1.49964,1.00,1.37
2017.07.10 01:20:17.396,1.49956,1.49964,1.00,1.37
2017.07.10 01:20:17.907,1.49955,1.49964,1.00,1.37
2017.07.10 01:20:18.470,1.49954,1.49964,1.00,1.37
2017.07.10 01:20:19.107,1.49954,1.49964,1.00,1.37
2017.07.10 01:20:19.639,1.49955,1.49964,1.00,1.37
2017.07.10 01:20:20.180,1.49955,1.49964,1.00,1.37
2017.07.10 01:20:20.707,1.49955,1.49964,1.00,1.37
2017.07.10 01:20:21.232,1.49955,1.49964,1.00,1.37
2017.07.10 01:20:23.112,1.49956,1.49966,1.00,1.37
2017.07.10 01:20:23.615,1.49955,1.49966,1.00,1.87
2017.07.10 01:20:24.135,1.49955,1.49967,1.00,5.25
2017.07.10 01:20:24.457,1.49955,1.49966,1.00,1.37
2017.07.10 01:20:24.971,1.49954,1.49967,1.00,5.25
2017.07.10 01:20:25.266,1.49954,1.49967,1.00,1.87
2017.07.10 01:20:25.795,1.49955,1.49968,1.00,1.12
2017.07.10 01:20:26.294,1.49955,1.49968,1.00,2.25
2017.07.10 01:20:26.499,1.49959,1.4997,1.00,2.25
2017.07.10 01:20:26.551,1.49959,1.4997,1.00,1.50
2017.07.10 01:20:26.602,1.49956,1.4997,1.00,1.50
2017.07.10 01:20:27.504,1.49957,1.49969,1.00,1.37
2017.07.10 01:20:28.366,1.49956,1.49969,1.00,1.37
2017.07.10 01:20:28.893,1.49957,1.49969,1.00,1.37
2017.07.10 01:20:29.376,1.49956,1.4997,1.00,3.37
2017.07.10 01:20:29.427,1.49953,1.4997,1.00,3.37
2017.07.10 01:20:29.704,1.49956,1.4997,1.00,2.62
2017.07.10 01:20:30.213,1.49957,1.4997,1.00,2.62
2017.07.10 01:20:31.297,1.49955,1.4997,1.00,1.87
2017.07.10 01:20:31.717,1.49957,1.4997,1.00,2.25
2017.07.10 01:20:32.576,1.49956,1.4997,1.00,2.06
2017.07.10 01:20:32.894,1.4995,1.49969,1.00,4.12
2017.07.10 01:20:33.175,1.4995,1.49965,1.00,1.37
2017.07.10 01:20:33.485,1.4995,1.49965,1.00,1.87
2017.07.10 01:20:33.536,1.4995,1.49964,1.00,1.37
2017.07.10 01:20:36.253,1.4995,1.49964,1.00,1.37
2017.07.10 01:20:36.304,1.4995,1.49966,1.00,2.06
2017.07.10 01:20:36.407,1.4995,1.49966,1.00,2.06
2017.07.10 01:20:36.847,1.49949,1.49966,1.00,2.62
2017.07.10 01:20:37.781,1.49946,1.49965,2.34,1.75
2017.07.10 01:20:41.294,1.49946,1.49965,1.84,1.87
2017.07.10 01:20:42.224,1.49946,1.49965,1.84,1.87
2017.07.10 01:20:42.987,1.49948,1.49963,1.65,2.25
2017.07.10 01:20:43.143,1.49935,1.49953,5.90,1.37
2017.07.10 01:20:43.194,1.49941,1.49953,1.65,1.87
2017.07.10 01:20:43.321,1.49935,1.49953,2.53,2.25
2017.07.10 01:20:47.497,1.49938,1.49955,2.15,1.50
2017.07.10 01:20:47.891,1.49938,1.49954,1.65,1.37
2017.07.10 01:20:51.315,1.49937,1.49954,1.65,1.37
2017.07.10 01:20:59.098,1.49939,1.49953,1.00,1.87
2017.07.10 01:20:59.150,1.49939,1.49955,1.19,3.37
2017.07.10 01:20:59.204,1.4994,1.49955,1.25,1.12
2017.07.10 01:20:59.256,1.49943,1.49955,1.00,1.00
2017.07.10 01:20:59.308,1.49944,1.4996,1.00,1.37
2017.07.10 01:20:59.359,1.49946,1.4996,1.19,1.37
2017.07.10 01:20:59.769,1.49949,1.49966,1.69,1.12
2017.07.10 01:21:00.507,1.4995,1.49967,1.00,4.12
2017.07.10 01:21:05.971,1.49952,1.49965,1.00,1.62
2017.07.10 01:21:06.024,1.49952,1.49965,1.00,1.31
2017.07.10 01:21:06.076,1.49953,1.49968,1.19,1.50
2017.07.10 01:21:06.128,1.49952,1.4997,1.87,1.50
2017.07.10 01:21:06.231,1.49954,1.49971,1.25,1.87
2017.07.10 01:21:06.764,1.49955,1.49972,1.00,2.62
2017.07.10 01:21:07.273,1.49954,1.49971,1.69,1.87
2017.07.10 01:21:07.427,1.49951,1.49969,2.06,1.37
2017.07.10 01:21:07.786,1.49951,1.49968,1.25,1.37
2017.07.10 01:21:07.991,1.49953,1.49969,1.19,1.87
2017.07.10 01:21:08.553,1.49951,1.49971,1.69,2.25
2017.07.10 01:21:11.729,1.49956,1.49971,1.00,1.75
2017.07.10 01:21:12.271,1.49952,1.49971,1.87,2.25
2017.07.10 01:21:13.720,1.49951,1.4997,1.19,2.00
2017.07.10 01:21:13.772,1.49951,1.49969,1.25,2.62
2017.07.10 01:21:14.292,1.4995,1.49969,1.19,3.75
2017.07.10 01:21:21.445,1.49952,1.49969,1.00,2.25
2017.07.10 01:21:22.338,1.49951,1.49969,1.69,2.25
2017.07.10 01:21:23.994,1.49952,1.49969,1.00,2.44
2017.07.10 01:21:25.218,1.49951,1.49969,1.69,1.94
2017.07.10 01:21:25.488,1.49953,1.49969,1.00,1.94
2017.07.10 01:21:26.116,1.49951,1.49969,1.69,2.44
2017.07.10 01:21:26.658,1.49952,1.49969,1.00,1.94
2017.07.10 01:21:28.045,1.49951,1.49969,1.25,2.44
2017.07.10 01:21:29.602,1.49952,1.49969,1.00,1.69
2017.07.10 01:21:30.130,1.49953,1.49969,1.00,1.69
2017.07.10 01:21:30.506,1.49955,1.49969,1.00,1.50
2017.07.10 01:21:30.761,1.49952,1.4997,1.69,1.87
2017.07.10 01:21:30.914,1.49954,1.49969,1.00,1.37
2017.07.10 01:21:31.322,1.49951,1.4997,1.69,1.87
2017.07.10 01:21:31.840,1.49952,1.4997,1.00,1.87
2017.07.10 01:21:32.045,1.49953,1.49968,1.00,1.87
2017.07.10 01:21:32.522,1.49952,1.49969,1.00,1.37
2017.07.10 01:21:32.778,1.49955,1.49969,1.00,1.37
2017.07.10 01:21:33.254,1.49954,1.49968,1.00,1.37
2017.07.10 01:21:33.466,1.49953,1.49968,1.00,1.37
2017.07.10 01:21:33.619,1.49951,1.49969,1.00,1.87
2017.07.10 01:21:33.754,1.49951,1.49969,1.00,1.37
2017.07.10 01:21:34.281,1.49952,1.49968,1.00,1.37
2017.07.10 01:21:34.827,1.49951,1.49968,1.00,1.37
2017.07.10 01:21:34.879,1.49951,1.4997,1.00,1.75
2017.07.10 01:21:35.185,1.49949,1.49969,1.69,2.06
2017.07.10 01:21:35.833,1.4995,1.49968,1.00,1.31
2017.07.10 01:21:36.753,1.49949,1.49968,1.25,1.31
2017.07.10 01:21:37.310,1.49949,1.49968,1.25,2.06
2017.07.10 01:21:37.913,1.4995,1.49968,1.00,1.31
2017.07.10 01:21:38.461,1.49949,1.49968,1.69,1.31
2017.07.10 01:21:46.798,1.49947,1.49963,1.19,1.37
2017.07.10 01:21:46.952,1.49947,1.49963,1.25,1.56
2017.07.10 01:21:47.512,1.49943,1.49961,1.69,1.12
2017.07.10 01:21:48.149,1.49944,1.49962,1.19,1.62
2017.07.10 01:21:48.653,1.49944,1.49961,1.19,1.37
2017.07.10 01:21:51.448,1.49942,1.49961,2.81,1.37
2017.07.10 01:21:51.608,1.49942,1.49961,1.31,1.37
2017.07.10 01:21:52.112,1.49942,1.49961,1.31,1.37
2017.07.10 01:21:52.693,1.49941,1.49959,2.81,1.37
2017.07.10 01:21:55.353,1.49943,1.49959,1.19,1.00
2017.07.10 01:21:55.557,1.49947,1.49962,1.19,1.37
2017.07.10 01:21:56.084,1.4995,1.49964,1.25,1.50
2017.07.10 01:21:56.908,1.49943,1.4996,1.19,1.00
2017.07.10 01:21:56.961,1.49942,1.49961,1.31,1.12
2017.07.10 01:21:57.117,1.49941,1.4996,5.06,1.37
2017.07.10 01:21:59.934,1.49943,1.4996,1.69,1.37
2017.07.10 01:22:00.190,1.49941,1.4996,2.44,1.37
2017.07.10 01:22:12.937,1.49943,1.49961,1.19,3.37
2017.07.10 01:22:15.306,1.4994,1.4996,2.44,1.37
2017.07.10 01:22:15.513,1.4994,1.49958,2.44,1.19
2017.07.10 01:22:15.564,1.49939,1.4996,2.06,4.50
2017.07.10 01:22:16.074,1.49937,1.49956,1.19,1.62
2017.07.10 01:22:16.584,1.49937,1.49956,1.19,1.62
2017.07.10 01:22:21.820,1.49942,1.49956,1.00,1.37
2017.07.10 01:22:23.254,1.49942,1.49956,1.00,1.37
2017.07.10 01:22:23.715,1.49941,1.49955,1.00,1.81
2017.07.10 01:22:23.869,1.49935,1.4995,1.19,1.56
2017.07.10 01:22:23.920,1.49935,1.4995,1.25,1.56
2017.07.10 01:22:24.477,1.49935,1.4995,1.00,3.19
2017.07.10 01:22:25.009,1.49935,1.4995,1.00,1.69
2017.07.10 01:22:26.542,1.49935,1.49953,1.25,2.19
2017.07.10 01:22:26.850,1.49937,1.49955,1.19,1.12
2017.07.10 01:22:26.902,1.49937,1.49952,1.19,1.00
2017.07.10 01:22:26.953,1.49937,1.49956,1.19,1.87
2017.07.10 01:22:27.056,1.49943,1.49958,2.44,1.12
2017.07.10 01:22:27.161,1.49949,1.49966,1.19,1.87
2017.07.10 01:22:27.332,1.49954,1.49971,1.19,1.00
2017.07.10 01:22:27.843,1.49954,1.49974,1.19,2.62
2017.07.10 01:22:28.900,1.49954,1.49974,1.00,2.62
2017.07.10 01:22:29.420,1.49954,1.49974,1.00,2.62
2017.07.10 01:22:30.370,1.49954,1.49974,1.00,1.87
2017.07.10 01:22:31.303,1.49954,1.49974,1.00,1.87
2017.07.10 01:22:31.665,1.49954,1.49974,1.19,1.87
2017.07.10 01:22:33.353,1.49957,1.49974,1.25,1.00
2017.07.10 01:22:35.683,1.49958,1.49974,1.00,1.00
2017.07.10 01:22:36.366,1.49957,1.49974,1.25,1.00
2017.07.10 01:22:39.793,1.49958,1.49974,1.00,1.00
2017.07.10 01:22:40.524,1.49957,1.49974,1.25,1.00
2017.07.10 01:22:40.779,1.49953,1.49972,1.25,1.37
2017.07.10 01:22:41.681,1.49954,1.49971,1.00,1.00
2017.07.10 01:22:44.088,1.49955,1.49972,1.00,1.19
2017.07.10 01:22:48.932,1.49954,1.49972,1.00,1.56
2017.07.10 01:22:49.465,1.49953,1.49972,1.25,1.19
2017.07.10 01:22:49.994,1.49954,1.49972,1.00,1.19
2017.07.10 01:22:50.608,1.49955,1.49972,1.00,1.19
2017.07.10 01:22:51.111,1.49954,1.49972,1.00,1.19
2017.07.10 01:22:53.567,1.49953,1.49972,1.25,1.19
2017.07.10 01:22:55.433,1.49953,1.49972,1.19,1.19
2017.07.10 01:22:56.035,1.49955,1.49972,1.00,1.44
2017.07.10 01:22:56.574,1.49954,1.49972,1.00,1.44
2017.07.10 01:22:57.135,1.49953,1.49971,1.00,1.19
2017.07.10 01:22:57.833,1.49953,1.49973,1.00,1.75
2017.07.10 01:22:59.776,1.49952,1.49971,1.00,1.44
2017.07.10 01:23:00.230,1.49953,1.49971,1.00,1.19
2017.07.10 01:23:00.943,1.49954,1.49971,1.00,1.19
2017.07.10 01:23:01.480,1.49955,1.49971,1.00,1.19
2017.07.10 01:23:01.944,1.49952,1.49971,1.00,1.19
2017.07.10 01:23:02.459,1.49951,1.4997,1.00,1.19
2017.07.10 01:23:02.561,1.49953,1.4997,1.00,1.19
2017.07.10 01:23:03.076,1.49952,1.4997,1.00,1.19
2017.07.10 01:23:03.932,1.49953,1.49972,1.00,1.19
2017.07.10 01:23:04.438,1.49952,1.49972,1.00,1.19
2017.07.10 01:23:04.984,1.49951,1.49972,1.12,1.31
2017.07.10 01:23:05.497,1.49952,1.49972,1.00,2.06
2017.07.10 01:23:06.060,1.49953,1.49972,1.00,2.06
2017.07.10 01:23:06.568,1.49951,1.49972,1.12,2.06
2017.07.10 01:23:06.670,1.49955,1.49972,1.00,1.19
2017.07.10 01:23:09.813,1.49955,1.49972,1.00,1.12
2017.07.10 01:23:13.750,1.49955,1.49973,1.00,1.00
2017.07.10 01:23:14.406,1.49957,1.49973,1.00,1.00
2017.07.10 01:23:14.875,1.49954,1.49974,1.00,1.87
2017.07.10 01:23:15.453,1.49955,1.49974,1.00,1.87
2017.07.10 01:23:16.147,1.49955,1.49974,1.00,2.25
2017.07.10 01:23:17.564,1.49955,1.49973,1.00,1.50
2017.07.10 01:23:18.526,1.49955,1.49973,1.00,1.50
2017.07.10 01:23:19.575,1.49955,1.49973,1.00,1.50
2017.07.10 01:23:19.862,1.49955,1.49973,1.00,1.87
2017.07.10 01:23:29.708,1.49955,1.49973,1.00,1.69
2017.07.10 01:23:30.977,1.49954,1.49973,1.00,1.69
2017.07.10 01:23:32.957,1.49952,1.49973,1.00,1.69
2017.07.10 01:23:40.226,1.49952,1.49973,1.00,2.44
2017.07.10 01:23:41.339,1.49952,1.49973,1.00,2.81
2017.07.10 01:23:45.554,1.49952,1.49972,1.50,1.44
2017.07.10 01:23:53.344,1.49952,1.49973,1.87,1.37
2017.07.10 01:23:53.448,1.49952,1.49974,1.69,2.44
2017.07.10 01:23:54.157,1.49954,1.49974,1.19,2.44
2017.07.10 01:23:55.144,1.49952,1.49974,1.19,2.44
2017.07.10 01:23:56.211,1.49952,1.49974,1.69,1.69
2017.07.10 01:24:00.039,1.49952,1.49974,2.44,1.50
2017.07.10 01:24:01.562,1.49952,1.49974,2.44,1.50
2017.07.10 01:24:02.545,1.49951,1.49973,1.31,2.25
2017.07.10 01:24:02.677,1.49951,1.49969,1.19,1.00
2017.07.10 01:24:02.986,1.49947,1.49965,1.19,1.00
2017.07.10 01:24:04.689,1.49947,1.49966,1.19,1.00
2017.07.10 01:24:05.412,1.49947,1.49965,1.19,1.00
2017.07.10 01:24:07.555,1.49946,1.49965,1.31,1.00
2017.07.10 01:24:12.483,1.49946,1.49964,2.06,1.00
2017.07.10 01:24:19.659,1.49946,1.49965,2.06,1.00
2017.07.10 01:24:21.274,1.49946,1.49964,1.56,1.00
2017.07.10 01:24:24.018,1.49945,1.49963,2.06,1.00
2017.07.10 01:24:24.528,1.49944,1.49962,1.69,1.00
2017.07.10 01:24:24.948,1.49941,1.4996,3.19,1.00
2017.07.10 01:24:27.303,1.49943,1.49963,1.00,1.37
2017.07.10 01:24:27.606,1.49947,1.49966,1.25,3.00
2017.07.10 01:24:27.709,1.49948,1.49967,1.00,1.12
2017.07.10 01:24:28.240,1.49948,1.49968,1.00,1.25
2017.07.10 01:24:31.109,1.49954,1.4997,1.00,1.50
2017.07.10 01:24:31.211,1.49954,1.49974,1.00,4.50
2017.07.10 01:24:31.262,1.49956,1.49974,1.00,2.25
2017.07.10 01:24:31.805,1.49956,1.49974,1.00,1.12
2017.07.10 01:24:32.352,1.49955,1.49974,1.00,1.00
2017.07.10 01:24:32.937,1.49955,1.49976,1.50,1.50
2017.07.10 01:24:33.517,1.49955,1.49975,1.69,1.00
2017.07.10 01:24:38.344,1.49957,1.49977,1.00,2.62
2017.07.10 01:24:40.176,1.49956,1.49976,1.69,1.37
2017.07.10 01:24:40.713,1.49956,1.49974,1.69,1.00
2017.07.10 01:24:41.282,1.49956,1.49974,1.69,1.19
2017.07.10 01:24:43.346,1.49956,1.49977,1.69,4.31
2017.07.10 01:24:44.344,1.49956,1.49977,1.69,4.69
2017.07.10 01:24:46.343,1.49956,1.49975,1.69,1.25
2017.07.10 01:24:50.398,1.49956,1.49975,2.44,1.69
2017.07.10 01:25:09.408,1.49959,1.49979,1.25,2.25
2017.07.10 01:25:09.460,1.49959,1.49979,1.87,1.50
2017.07.10 01:25:09.665,1.49965,1.49979,1.00,1.00
2017.07.10 01:25:10.177,1.49964,1.49979,1.69,1.00
2017.07.10 01:25:10.435,1.49964,1.49985,2.44,1.12
2017.07.10 01:25:10.980,1.49963,1.49985,2.44,1.50
2017.07.10 01:25:12.203,1.49964,1.49982,1.25,1.00
2017.07.10 01:25:12.522,1.49952,1.49973,1.87,1.12
2017.07.10 01:25:13.032,1.49954,1.49974,1.50,1.00
2017.07.10 01:25:13.589,1.49955,1.49974,1.00,1.00
2017.07.10 01:25:14.229,1.49954,1.49974,1.00,1.37
2017.07.10 01:25:14.740,1.49953,1.49973,1.25,1.12
2017.07.10 01:25:16.124,1.49954,1.49973,1.00,1.50
2017.07.10 01:25:16.634,1.49953,1.49973,1.25,1.50
2017.07.10 01:25:17.650,1.49954,1.49973,1.00,1.50
2017.07.10 01:25:18.161,1.49954,1.49974,1.00,1.87
2017.07.10 01:25:18.217,1.49956,1.49975,1.00,2.25
2017.07.10 01:25:18.474,1.49956,1.49976,1.31,1.00
2017.07.10 01:25:18.984,1.49957,1.49977,1.00,2.25
2017.07.10 01:25:19.035,1.49957,1.49975,1.00,1.12
2017.07.10 01:25:19.086,1.49955,1.49975,1.50,1.87
2017.07.10 01:25:19.189,1.49954,1.49973,2.25,1.00
2017.07.10 01:25:19.546,1.49955,1.49975,1.50,1.00
2017.07.10 01:25:19.700,1.49959,1.49975,1.00,1.12
2017.07.10 01:25:20.283,1.49958,1.49975,1.00,1.50
2017.07.10 01:25:21.166,1.49957,1.49975,1.00,1.00
2017.07.10 01:25:21.746,1.49956,1.49975,1.50,1.00
2017.07.10 01:25:22.922,1.49955,1.49975,1.00,1.00
2017.07.10 01:25:23.766,1.49955,1.49974,1.00,1.00
2017.07.10 01:25:23.818,1.49953,1.49974,2.06,1.00
2017.07.10 01:25:23.972,1.49953,1.49972,1.00,1.00
2017.07.10 01:25:24.278,1.49951,1.49972,1.25,3.00
2017.07.10 01:25:25.005,1.49955,1.49972,1.00,3.00
2017.07.10 01:25:25.527,1.49954,1.49972,1.00,3.37
2017.07.10 01:25:26.031,1.49953,1.49972,1.00,3.37
2017.07.10 01:25:26.534,1.49954,1.49972,1.00,3.37
2017.07.10 01:25:26.910,1.49952,1.49972,1.00,3.37
2017.07.10 01:25:27.728,1.49951,1.49968,1.00,1.00
2017.07.10 01:25:28.262,1.49949,1.49967,1.69,1.00
2017.07.10 01:25:28.878,1.4995,1.49967,1.00,1.37
2017.07.10 01:25:29.337,1.49952,1.49967,1.00,1.00
2017.07.10 01:25:29.911,1.49951,1.49967,1.00,1.00
2017.07.10 01:25:30.304,1.49954,1.49969,1.00,2.62
2017.07.10 01:25:30.765,1.49955,1.49969,1.00,1.00
2017.07.10 01:25:31.134,1.49954,1.49971,1.00,1.50
2017.07.10 01:25:31.237,1.49957,1.49973,1.00,1.50
2017.07.10 01:25:31.840,1.49958,1.49973,1.00,1.50
2017.07.10 01:25:31.944,1.49955,1.49973,1.00,1.50
2017.07.10 01:25:32.254,1.49957,1.49973,1.00,1.12
2017.07.10 01:25:32.853,1.49956,1.49973,1.00,1.12
2017.07.10 01:25:33.452,1.49957,1.49973,1.00,1.12
2017.07.10 01:25:33.994,1.49956,1.49973,1.00,1.12
2017.07.10 01:25:35.699,1.49957,1.49973,1.00,1.12
2017.07.10 01:25:35.969,1.49955,1.49973,1.00,1.12
2017.07.10 01:25:36.568,1.49957,1.49973,1.00,1.12
2017.07.10 01:25:37.501,1.49956,1.49973,1.00,1.12
2017.07.10 01:25:40.244,1.49957,1.49973,1.00,1.12
2017.07.10 01:25:42.122,1.49956,1.49973,1.00,1.12
2017.07.10 01:25:42.662,1.49957,1.49973,1.00,1.12
2017.07.10 01:25:43.165,1.49958,1.49975,1.00,1.37
2017.07.10 01:25:44.182,1.49957,1.49975,1.00,1.37
2017.07.10 01:25:45.171,1.49958,1.49975,1.00,1.37
2017.07.10 01:25:46.091,1.49956,1.49975,1.00,1.37
2017.07.10 01:25:46.759,1.49958,1.49975,1.00,1.37
2017.07.10 01:25:47.323,1.49957,1.49975,1.00,1.37
2017.07.10 01:25:47.735,1.49957,1.4997,1.00,1.00
2017.07.10 01:25:48.005,1.49955,1.4997,1.00,1.00
2017.07.10 01:25:48.568,1.49956,1.4997,1.00,1.00
2017.07.10 01:25:49.106,1.49957,1.4997,1.00,1.00
2017.07.10 01:25:49.743,1.49958,1.4997,1.00,1.00
2017.07.10 01:25:50.361,1.49959,1.4997,1.00,1.00
2017.07.10 01:25:50.538,1.49959,1.49974,1.00,1.37
2017.07.10 01:25:51.262,1.49959,1.49975,1.00,1.00
2017.07.10 01:25:51.365,1.49962,1.49975,1.00,1.00
2017.07.10 01:25:51.467,1.49962,1.49977,1.00,1.00
2017.07.10 01:25:51.985,1.49961,1.49977,1.00,1.00
2017.07.10 01:25:52.611,1.49959,1.49977,1.00,1.00
2017.07.10 01:25:53.158,1.4996,1.49977,1.00,1.00
2017.07.10 01:25:53.796,1.49959,1.49977,1.00,1.00
2017.07.10 01:25:54.486,1.4996,1.49977,1.00,1.00
2017.07.10 01:25:55.024,1.49959,1.49977,1.00,1.00
2017.07.10 01:25:56.578,1.4996,1.49977,1.00,1.00
2017.07.10 01:25:56.731,1.49962,1.49977,1.00,1.00
2017.07.10 01:25:57.311,1.49961,1.49977,1.00,1.00
2017.07.10 01:25:58.325,1.49959,1.49977,1.00,1.00
2017.07.10 01:25:59.032,1.49961,1.49977,1.00,1.00
2017.07.10 01:25:59.598,1.4996,1.49977,1.00,1.00
2017.07.10 01:26:00.017,1.49959,1.49976,1.00,1.69
2017.07.10 01:26:00.449,1.49957,1.49975,1.00,1.12
2017.07.10 01:26:00.964,1.49957,1.49974,1.00,1.00
2017.07.10 01:26:01.528,1.49958,1.49974,1.00,1.00
2017.07.10 01:26:03.144,1.49958,1.49971,1.00,1.00
2017.07.10 01:26:04.116,1.49956,1.49971,1.00,1.00
2017.07.10 01:26:07.342,1.49958,1.49971,1.00,1.00
2017.07.10 01:26:07.873,1.49957,1.49971,1.00,1.00
2017.07.10 01:26:08.383,1.49956,1.49971,1.00,1.00
2017.07.10 01:26:08.911,1.49957,1.49971,1.00,1.00
2017.07.10 01:26:09.548,1.49958,1.49971,1.00,1.00
2017.07.10 01:26:10.092,1.49959,1.49971,1.00,1.00
2017.07.10 01:26:10.420,1.49959,1.49969,1.00,1.00
2017.07.10 01:26:11.013,1.49957,1.49969,1.00,1.00
2017.07.10 01:26:11.672,1.49958,1.49969,1.00,1.00
2017.07.10 01:26:11.823,1.49956,1.49969,1.00,1.00
2017.07.10 01:26:12.128,1.49958,1.49969,1.00,1.00
2017.07.10 01:26:12.948,1.49956,1.49969,1.00,1.00
2017.07.10 01:26:13.957,1.49955,1.49969,1.00,1.00
2017.07.10 01:26:14.549,1.49956,1.49969,1.00,1.00
2017.07.10 01:26:14.836,1.49955,1.49971,1.00,1.00
2017.07.10 01:26:15.344,1.49956,1.49972,1.00,1.00
2017.07.10 01:26:16.593,1.49955,1.49972,1.00,1.00
2017.07.10 01:26:17.112,1.49956,1.49972,1.00,1.00
2017.07.10 01:26:17.663,1.49957,1.49972,1.00,1.00
2017.07.10 01:26:18.181,1.49956,1.49972,1.00,1.00
2017.07.10 01:26:19.249,1.49956,1.49971,1.00,1.00
2017.07.10 01:26:20.047,1.49957,1.49971,1.00,1.00
2017.07.10 01:26:21.465,1.49956,1.49971,1.00,1.00
2017.07.10 01:26:22.232,1.49957,1.49971,1.00,1.00
2017.07.10 01:26:22.735,1.49956,1.49971,1.00,1.00
2017.07.10 01:26:24.942,1.49956,1.4997,1.00,1.00
2017.07.10 01:26:25.197,1.49956,1.49972,1.19,1.00
2017.07.10 01:26:25.351,1.49958,1.49974,1.00,1.00
2017.07.10 01:26:25.737,1.4996,1.49974,1.00,1.00
2017.07.10 01:26:26.287,1.49961,1.49974,1.00,1.00
2017.07.10 01:26:26.390,1.49959,1.49974,1.00,1.00
2017.07.10 01:26:26.895,1.4996,1.49974,1.00,1.00
2017.07.10 01:26:28.623,1.49961,1.49974,1.00,1.00
2017.07.10 01:26:29.232,1.4996,1.49974,1.00,1.00
2017.07.10 01:26:29.772,1.49961,1.49975,1.00,1.00
2017.07.10 01:26:30.636,1.4996,1.49975,1.00,1.00
2017.07.10 01:26:32.858,1.49961,1.49975,1.00,1.00
2017.07.10 01:26:33.525,1.4996,1.49975,1.00,1.00
2017.07.10 01:26:34.091,1.49959,1.49975,1.25,1.00
2017.07.10 01:26:34.713,1.4996,1.49975,1.00,1.00
2017.07.10 01:26:34.948,1.4996,1.49978,2.81,1.00
2017.07.10 01:26:35.399,1.49966,1.49978,1.00,1.00
2017.07.10 01:26:35.514,1.49964,1.49978,1.00,1.00
2017.07.10 01:26:36.048,1.49962,1.49978,1.69,1.00
2017.07.10 01:26:36.727,1.49962,1.49979,1.00,1.00
2017.07.10 01:26:36.983,1.49962,1.49976,1.50,1.00
2017.07.10 01:26:37.136,1.49962,1.49978,1.50,1.00
2017.07.10 01:26:38.031,1.49962,1.49976,1.50,1.00
2017.07.10 01:26:38.344,1.49964,1.49977,1.00,1.00
2017.07.10 01:26:39.144,1.49963,1.49977,1.50,1.00
2017.07.10 01:26:40.878,1.49962,1.49977,1.00,1.00
2017.07.10 01:26:41.190,1.49961,1.49975,1.00,1.00
2017.07.10 01:26:41.242,1.49959,1.49975,1.50,1.00
2017.07.10 01:26:43.026,1.4996,1.49975,1.00,1.00
2017.07.10 01:26:43.332,1.49958,1.49975,1.00,1.00
2017.07.10 01:26:46.877,1.49959,1.49975,1.00,1.00
2017.07.10 01:26:47.594,1.49957,1.49975,3.75,1.00
2017.07.10 01:26:47.697,1.49957,1.49973,3.37,1.00
2017.07.10 01:26:48.203,1.49958,1.49973,2.25,1.00
2017.07.10 01:26:50.710,1.49956,1.49972,1.25,1.00
2017.07.10 01:26:50.812,1.49954,1.49971,1.50,1.00
2017.07.10 01:26:51.461,1.49954,1.4997,1.00,1.00
2017.07.10 01:26:51.988,1.49953,1.4997,1.00,1.00
2017.07.10 01:26:52.931,1.49953,1.49969,1.00,1.00
2017.07.10 01:26:53.435,1.49954,1.49969,1.00,1.00
2017.07.10 01:26:53.947,1.49953,1.49969,1.00,1.00
2017.07.10 01:26:54.992,1.49952,1.49969,2.81,1.00
2017.07.10 01:26:56.045,1.49952,1.49969,3.56,1.00
2017.07.10 01:26:57.197,1.49951,1.49962,1.00,1.00
2017.07.10 01:26:57.455,1.49939,1.49953,2.06,1.00
2017.07.10 01:26:58.067,1.49939,1.49954,2.81,1.00
2017.07.10 01:26:58.616,1.49938,1.49953,1.37,1.00
2017.07.10 01:26:59.143,1.49938,1.49953,1.12,1.00
2017.07.10 01:27:00.588,1.49938,1.49956,1.87,1.00
2017.07.10 01:27:00.861,1.49938,1.49958,2.06,1.00
2017.07.10 01:27:01.116,1.49941,1.49961,1.00,5.62
2017.07.10 01:27:01.817,1.4994,1.4996,2.25,1.00
2017.07.10 01:27:02.130,1.49942,1.4996,1.00,1.00
2017.07.10 01:27:02.957,1.4994,1.49961,2.62,3.37
2017.07.10 01:27:03.316,1.49942,1.4996,1.25,1.00
2017.07.10 01:27:03.617,1.49944,1.49965,1.50,4.50
2017.07.10 01:27:04.256,1.49944,1.49965,1.19,3.37
2017.07.10 01:27:04.308,1.49944,1.49965,1.19,3.00
2017.07.10 01:27:05.402,1.49944,1.49965,2.06,2.12
2017.07.10 01:27:05.916,1.49944,1.49965,1.12,2.12
2017.07.10 01:27:06.427,1.49944,1.49964,2.62,1.25
2017.07.10 01:27:07.289,1.49944,1.49964,1.87,1.25
2017.07.10 01:27:07.793,1.49945,1.49964,1.00,1.25
2017.07.10 01:27:10.222,1.49946,1.49965,1.00,1.75
2017.07.10 01:27:10.749,1.49945,1.49964,2.25,1.62
2017.07.10 01:27:18.372,1.49945,1.49964,1.00,1.37
2017.07.10 01:27:24.415,1.49946,1.49964,1.00,1.87
2017.07.10 01:27:24.964,1.49946,1.49964,1.00,1.00
2017.07.10 01:27:26.353,1.49946,1.49965,1.00,1.12
2017.07.10 01:27:31.286,1.49946,1.49965,1.00,1.69
2017.07.10 01:27:33.949,1.49945,1.49964,2.25,1.25
2017.07.10 01:27:38.701,1.49945,1.49965,1.00,1.12
2017.07.10 01:27:39.256,1.49944,1.49965,3.00,1.75
2017.07.10 01:27:46.369,1.49945,1.49964,1.00,1.37
2017.07.10 01:28:00.164,1.49946,1.49965,1.00,1.37
2017.07.10 01:28:00.622,1.49945,1.49966,2.44,2.81
2017.07.10 01:28:01.480,1.49945,1.49966,3.19,3.56
2017.07.10 01:28:03.488,1.49945,1.49966,2.44,3.37
2017.07.10 01:28:05.499,1.49945,1.49965,1.25,1.37
2017.07.10 01:28:06.548,1.49945,1.49966,1.25,3.19
2017.07.10 01:28:07.506,1.49945,1.49966,1.25,3.00
2017.07.10 01:28:11.244,1.49944,1.49961,2.44,1.00
2017.07.10 01:28:11.295,1.49944,1.49963,2.44,1.00
2017.07.10 01:28:13.379,1.49944,1.49963,2.44,1.00
2017.07.10 01:28:15.463,1.49945,1.49963,1.00,1.00
2017.07.10 01:28:17.904,1.49945,1.49961,1.00,1.00
2017.07.10 01:28:18.385,1.49944,1.49959,1.50,1.00
2017.07.10 01:28:18.734,1.49941,1.49957,1.25,1.00
2017.07.10 01:28:19.244,1.4994,1.49957,1.50,1.00
2017.07.10 01:28:19.606,1.49942,1.49958,1.50,1.00
2017.07.10 01:28:20.156,1.49941,1.49959,3.00,1.00
2017.07.10 01:28:20.686,1.49942,1.49959,1.00,1.00
2017.07.10 01:28:22.985,1.49941,1.49959,2.62,1.00
2017.07.10 01:28:23.542,1.49942,1.49959,1.00,1.00
2017.07.10 01:28:24.046,1.49941,1.49959,2.25,1.00
2017.07.10 01:28:24.574,1.49941,1.4996,2.25,1.00
2017.07.10 01:28:25.396,1.49942,1.4996,1.00,1.00
2017.07.10 01:28:27.126,1.49941,1.4996,2.25,1.00
2017.07.10 01:28:27.643,1.49942,1.4996,1.00,1.00
2017.07.10 01:28:30.810,1.49943,1.4996,1.50,1.00
2017.07.10 01:28:36.452,1.49943,1.49961,1.00,1.12
2017.07.10 01:28:37.024,1.49942,1.49961,1.00,1.12
2017.07.10 01:28:37.525,1.49943,1.49961,1.00,1.12
2017.07.10 01:28:38.214,1.49942,1.49961,1.50,1.12
2017.07.10 01:28:40.233,1.49943,1.49961,1.00,1.12
2017.07.10 01:28:40.945,1.49942,1.49961,1.50,1.12
2017.07.10 01:28:41.283,1.49943,1.49964,1.69,1.75
2017.07.10 01:28:41.335,1.49944,1.49965,1.69,1.50
2017.07.10 01:28:41.438,1.49944,1.49965,2.25,1.00
2017.07.10 01:28:41.490,1.49946,1.49967,1.00,3.00
2017.07.10 01:28:42.005,1.49945,1.49965,1.50,1.50
2017.07.10 01:28:42.319,1.49949,1.49969,1.25,1.00
2017.07.10 01:28:42.628,1.49952,1.4997,1.19,1.00
2017.07.10 01:28:42.935,1.4995,1.49972,1.69,1.50
2017.07.10 01:28:43.256,1.49951,1.49972,1.25,1.87
2017.07.10 01:28:43.776,1.49951,1.49972,1.25,2.25
2017.07.10 01:28:44.739,1.4995,1.4997,1.19,1.37
2017.07.10 01:28:45.742,1.4995,1.4997,2.44,1.00
2017.07.10 01:28:47.788,1.49949,1.4997,1.69,1.37
2017.07.10 01:28:48.750,1.49951,1.4997,1.25,1.12
2017.07.10 01:28:48.954,1.49952,1.49972,1.50,1.87
2017.07.10 01:28:49.565,1.49953,1.49972,1.00,1.87
2017.07.10 01:28:50.081,1.49952,1.49972,1.50,1.87
2017.07.10 01:28:50.545,1.49952,1.4997,1.50,1.00
2017.07.10 01:28:51.055,1.4995,1.4997,1.19,1.37
2017.07.10 01:28:51.736,1.49949,1.49969,1.69,1.87
2017.07.10 01:28:51.891,1.49948,1.49967,1.50,1.50
2017.07.10 01:28:52.423,1.49947,1.49966,1.25,1.50
2017.07.10 01:28:52.955,1.49946,1.49965,1.69,1.12
2017.07.10 01:28:56.777,1.49946,1.49965,1.69,1.37
2017.07.10 01:28:57.342,1.49945,1.49963,1.19,1.87
2017.07.10 01:28:57.394,1.49944,1.49961,1.50,1.12
2017.07.10 01:28:57.508,1.49944,1.49961,1.50,3.00
2017.07.10 01:28:57.817,1.49939,1.49959,1.69,1.12
2017.07.10 01:28:58.785,1.49938,1.49957,1.19,1.00
2017.07.10 01:29:00.194,1.49936,1.49958,1.69,2.25
2017.07.10 01:29:00.706,1.49944,1.49959,1.00,1.00
2017.07.10 01:29:01.013,1.49947,1.49963,1.19,1.00
2017.07.10 01:29:01.321,1.49951,1.49967,1.19,1.00
2017.07.10 01:29:01.372,1.49951,1.4997,1.19,1.12
2017.07.10 01:29:03.080,1.49951,1.49971,1.19,1.37
2017.07.10 01:29:03.233,1.49952,1.49973,1.19,1.37
2017.07.10 01:29:06.397,1.49954,1.49976,1.19,4.87
2017.07.10 01:29:10.166,1.49955,1.49977,2.44,2.25
2017.07.10 01:29:10.217,1.49955,1.49976,2.44,1.00
2017.07.10 01:29:10.818,1.49957,1.49977,1.25,1.00
2017.07.10 01:29:11.128,1.49958,1.4998,1.69,3.37
2017.07.10 01:29:11.181,1.49962,1.4998,1.00,1.50
2017.07.10 01:29:15.093,1.49962,1.49979,1.00,1.00
2017.07.10 01:29:15.198,1.4996,1.49979,2.25,1.00
2017.07.10 01:29:15.301,1.4996,1.49979,2.25,1.87
2017.07.10 01:29:17.175,1.49961,1.49978,1.00,1.37
2017.07.10 01:29:17.473,1.49958,1.49976,1.50,1.12
2017.07.10 01:29:18.008,1.49957,1.49975,1.25,1.00
2017.07.10 01:29:20.862,1.49957,1.49976,1.00,1.12
2017.07.10 01:29:21.219,1.49957,1.49978,1.00,1.00
2017.07.10 01:29:22.278,1.49959,1.49978,1.00,1.00
2017.07.10 01:29:22.797,1.49958,1.49978,1.00,1.00
2017.07.10 01:29:23.603,1.49959,1.49978,1.00,1.00
2017.07.10 01:29:27.341,1.49958,1.49978,1.00,1.00
2017.07.10 01:29:27.852,1.49959,1.49978,1.00,1.00
2017.07.10 01:29:28.375,1.49958,1.49978,1.00,1.00
2017.07.10 01:29:28.882,1.49957,1.49978,2.25,1.00
2017.07.10 01:29:29.948,1.49958,1.49978,1.00,1.00
2017.07.10 01:29:30.254,1.49958,1.49974,1.00,1.00
2017.07.10 01:29:30.459,1.49953,1.49971,2.25,1.00
2017.07.10 01:29:30.716,1.49953,1.49969,1.50,1.50
2017.07.10 01:29:31.022,1.49948,1.49962,1.00,1.12
2017.07.10 01:29:31.674,1.49946,1.49964,1.50,1.12
2017.07.10 01:29:32.185,1.49947,1.49964,1.00,1.31
2017.07.10 01:29:32.686,1.49945,1.49964,1.50,1.31
2017.07.10 01:29:33.424,1.49946,1.49964,1.00,1.31
2017.07.10 01:29:35.896,1.49945,1.49963,1.50,1.31
2017.07.10 01:29:36.407,1.49945,1.49963,1.50,1.56
2017.07.10 01:29:39.849,1.49946,1.49963,1.00,1.56
2017.07.10 01:29:41.256,1.49947,1.49966,1.00,1.31
2017.07.10 01:29:41.468,1.49947,1.49966,1.00,1.31
2017.07.10 01:29:41.571,1.4995,1.49971,1.00,2.06
2017.07.10 01:29:41.623,1.4995,1.49971,1.00,1.12
2017.07.10 01:29:41.675,1.49955,1.49975,1.00,2.06
2017.07.10 01:29:41.985,1.49957,1.49974,1.00,1.56
2017.07.10 01:29:42.240,1.49955,1.49974,1.00,1.56
2017.07.10 01:29:42.343,1.49955,1.49975,1.00,2.06
2017.07.10 01:29:42.497,1.49956,1.49976,1.00,2.06
2017.07.10 01:29:46.115,1.49956,1.49972,1.50,1.19
2017.07.10 01:29:46.621,1.49955,1.49972,1.00,1.19
2017.07.10 01:29:47.153,1.49954,1.49972,1.50,1.19
2017.07.10 01:29:47.567,1.49956,1.49976,1.00,1.19
2017.07.10 01:29:47.619,1.49954,1.49974,1.50,1.25
2017.07.10 01:29:47.671,1.49956,1.49975,1.00,1.19
2017.07.10 01:29:47.986,1.49957,1.4998,1.50,1.19
2017.07.10 01:29:48.294,1.4996,1.49982,1.00,1.19
2017.07.10 01:29:50.142,1.49959,1.49982,1.00,1.19
2017.07.10 01:29:50.502,1.49961,1.49982,1.00,1.25
2017.07.10 01:29:51.013,1.49962,1.49984,1.00,1.19
2017.07.10 01:29:54.470,1.49962,1.49982,1.00,1.19
2017.07.10 01:29:55.579,1.49962,1.49985,1.50,1.19
2017.07.10 01:29:58.453,1.49963,1.49985,1.00,1.19
2017.07.10 01:29:58.657,1.49962,1.49983,2.25,1.19
2017.07.10 01:30:00.257,1.49962,1.49985,2.25,1.19
2017.07.10 01:30:01.042,1.49962,1.49982,1.00,1.00
2017.07.10 01:30:01.609,1.49963,1.49985,1.00,1.69
2017.07.10 01:30:02.143,1.49962,1.49986,1.50,1.19
2017.07.10 01:30:02.654,1.49962,1.49984,1.50,1.00
2017.07.10 01:30:03.157,1.49962,1.49983,1.50,1.00
2017.07.10 01:30:04.250,1.49962,1.49984,1.50,1.00
2017.07.10 01:30:06.129,1.49962,1.49983,1.50,1.00
2017.07.10 01:30:06.923,1.49962,1.49984,1.50,1.00
2017.07.10 01:30:07.180,1.49962,1.4998,1.00,1.25
2017.07.10 01:30:14.487,1.49962,1.49983,1.50,1.25
2017.07.10 01:30:15.657,1.49962,1.49984,2.25,1.69
2017.07.10 01:30:16.166,1.49962,1.49984,3.00,1.19
2017.07.10 01:30:18.785,1.49963,1.49984,1.00,1.19
2017.07.10 01:30:23.728,1.49962,1.49986,3.00,1.19
2017.07.10 01:30:24.630,1.49962,1.49986,3.00,1.25
2017.07.10 01:30:25.176,1.49963,1.49985,1.00,1.00
2017.07.10 01:30:25.787,1.49962,1.49985,1.50,1.00
2017.07.10 01:30:32.565,1.49962,1.49982,1.00,1.00
2017.07.10 01:30:33.076,1.49962,1.49983,1.00,1.00
2017.07.10 01:30:33.592,1.49962,1.49984,1.00,1.00
2017.07.10 01:30:33.951,1.49964,1.49986,1.00,1.25
2017.07.10 01:30:34.556,1.49962,1.49986,1.50,1.25
2017.07.10 01:30:42.858,1.49963,1.49987,1.00,1.19
2017.07.10 01:30:43.619,1.49963,1.49985,1.00,1.00
2017.07.10 01:30:44.556,1.49962,1.49985,1.50,1.00
2017.07.10 01:30:46.945,1.49963,1.49985,1.00,1.00
2017.07.10 01:30:47.477,1.49962,1.49985,2.25,1.00
2017.07.10 01:30:48.704,1.49962,1.49983,2.25,1.00
2017.07.10 01:30:49.404,1.49962,1.49984,1.50,1.00
2017.07.10 01:30:49.747,1.49965,1.49984,1.50,1.00
2017.07.10 01:30:50.399,1.49967,1.49984,1.00,1.00
2017.07.10 01:30:50.814,1.49968,1.49987,1.00,1.00
2017.07.10 01:30:50.865,1.49968,1.49985,1.00,1.00
2017.07.10 01:30:51.398,1.49965,1.49984,1.69,1.00
2017.07.10 01:30:51.449,1.49965,1.49986,1.69,1.00
2017.07.10 01:30:52.445,1.49966,1.49987,1.19,1.00
2017.07.10 01:30:52.497,1.49966,1.4999,1.69,1.00
2017.07.10 01:30:52.854,1.49973,1.49994,1.19,1.50
2017.07.10 01:30:52.958,1.49974,1.49998,1.69,1.50
2017.07.10 01:30:53.112,1.49979,1.49995,1.00,1.00
2017.07.10 01:30:53.615,1.49976,1.49994,1.00,1.00
2017.07.10 01:30:54.128,1.49979,1.49995,1.00,1.00
2017.07.10 01:30:54.648,1.49978,1.49995,1.00,1.00
2017.07.10 01:30:54.700,1.49978,1.49998,1.00,1.00
2017.07.10 01:30:55.447,1.49977,1.49998,1.00,1.00
2017.07.10 01:30:55.957,1.49984,1.5,1.00,1.00
2017.07.10 01:30:56.060,1.49984,1.50004,1.00,1.19
2017.07.10 01:30:56.625,1.49983,1.50004,1.50,1.00
2017.07.10 01:30:57.667,1.49983,1.50004,1.00,1.37
2017.07.10 01:30:58.176,1.49981,1.50003,1.69,1.37
2017.07.10 01:30:58.987,1.49981,1.50003,1.19,1.12
2017.07.10 01:31:00.087,1.49981,1.50003,1.19,1.37
2017.07.10 01:31:00.240,1.49978,1.50002,3.37,1.12
2017.07.10 01:31:00.395,1.49984,1.50002,1.00,1.87
2017.07.10 01:31:00.772,1.49982,1.50002,1.00,1.87
2017.07.10 01:31:01.282,1.49984,1.50002,1.00,1.37
2017.07.10 01:31:01.855,1.49983,1.50002,1.00,1.50
2017.07.10 01:31:02.374,1.49984,1.50002,1.00,1.37
2017.07.10 01:31:02.891,1.49983,1.50002,1.00,1.37
2017.07.10 01:31:03.996,1.49983,1.50002,1.00,1.37
2017.07.10 01:31:04.537,1.49982,1.50003,1.00,1.37
2017.07.10 01:31:05.206,1.49983,1.50003,1.00,1.37
2017.07.10 01:31:05.797,1.49984,1.50003,1.00,1.37
2017.07.10 01:31:06.306,1.49983,1.50002,1.00,1.37
2017.07.10 01:31:07.526,1.49982,1.50002,1.00,1.37
2017.07.10 01:31:08.976,1.49982,1.50002,1.00,1.37
2017.07.10 01:31:09.786,1.4998,1.50002,2.25,1.37
2017.07.10 01:31:10.067,1.49982,1.50002,1.00,1.37
2017.07.10 01:31:10.769,1.49981,1.50002,1.00,1.37
2017.07.10 01:31:11.566,1.49982,1.50002,1.00,1.37
2017.07.10 01:31:11.979,1.49981,1.49998,1.00,1.87
2017.07.10 01:31:12.134,1.49979,1.49997,1.00,1.12
2017.07.10 01:31:12.340,1.49979,1.49996,1.00,1.37
2017.07.10 01:31:12.691,1.49977,1.49996,1.00,1.37
2017.07.10 01:31:12.987,1.49979,1.49995,1.00,1.12
2017.07.10 01:31:13.645,1.49978,1.49995,1.00,1.00
2017.07.10 01:31:14.189,1.49979,1.49996,1.00,1.12
2017.07.10 01:31:14.816,1.49979,1.49996,1.00,1.31
2017.07.10 01:31:15.396,1.4998,1.49996,1.00,1.19
2017.07.10 01:31:15.963,1.49979,1.49996,1.00,1.25
2017.07.10 01:31:16.467,1.4998,1.49996,1.00,1.00
2017.07.10 01:31:17.149,1.49979,1.49996,1.00,1.00
2017.07.10 01:31:17.715,1.4998,1.49996,1.00,1.00
2017.07.10 01:31:17.767,1.49978,1.49996,1.00,1.00
2017.07.10 01:31:18.369,1.49977,1.49996,1.00,1.87
2017.07.10 01:31:18.909,1.49976,1.49996,1.00,1.87
2017.07.10 01:31:18.960,1.49976,1.49994,1.00,1.00
2017.07.10 01:31:19.165,1.49973,1.49993,1.00,1.25
2017.07.10 01:31:19.710,1.49972,1.49993,2.25,1.31
2017.07.10 01:31:20.229,1.49971,1.49993,2.62,2.06
2017.07.10 01:31:20.434,1.49971,1.49992,2.62,1.19
2017.07.10 01:31:20.757,1.4996,1.49981,1.00,1.31
2017.07.10 01:31:20.962,1.49958,1.49981,1.50,1.56
2017.07.10 01:31:21.320,1.49956,1.49977,1.12,1.00
2017.07.10 01:31:21.372,1.49957,1.49979,1.00,1.12
2017.07.10 01:31:21.883,1.49958,1.49979,1.50,1.12
2017.07.10 01:31:22.337,1.49964,1.49984,1.00,1.87
2017.07.10 01:31:23.408,1.49964,1.49986,1.00,2.44
2017.07.10 01:31:24.149,1.49963,1.49985,1.00,1.62
2017.07.10 01:31:24.456,1.49968,1.49985,1.00,1.00
2017.07.10 01:31:24.507,1.49968,1.49987,1.00,1.00
2017.07.10 01:31:24.966,1.49966,1.49986,1.50,1.25
2017.07.10 01:31:27.031,1.49966,1.49982,1.00,1.00
2017.07.10 01:31:27.571,1.49966,1.49981,1.00,1.00
2017.07.10 01:31:30.409,1.49966,1.4998,1.00,1.00
2017.07.10 01:31:31.307,1.49966,1.49979,1.00,1.00
2017.07.10 01:31:31.359,1.49966,1.49982,1.00,1.69
2017.07.10 01:31:31.461,1.49966,1.49979,1.00,1.00
2017.07.10 01:31:32.261,1.49963,1.49979,1.00,1.00
2017.07.10 01:31:33.550,1.49963,1.49981,1.00,1.00
2017.07.10 01:31:33.951,1.49966,1.49981,1.00,1.00
2017.07.10 01:31:34.243,1.49964,1.49981,1.00,1.00
2017.07.10 01:31:34.500,1.49963,1.49984,1.50,1.12
2017.07.10 01:31:35.011,1.49964,1.49985,1.00,1.37
2017.07.10 01:31:35.416,1.49966,1.49985,1.00,1.00
2017.07.10 01:31:35.723,1.49975,1.49991,1.00,1.00
2017.07.10 01:31:35.774,1.49975,1.49994,1.00,1.12
2017.07.10 01:31:35.826,1.49973,1.49994,1.00,1.12
2017.07.10 01:31:35.878,1.49973,1.49994,1.00,1.31
2017.07.10 01:31:36.185,1.49977,1.4999,1.00,1.00
2017.07.10 01:31:36.287,1.49974,1.4999,1.00,1.00
2017.07.10 01:31:36.823,1.49972,1.4999,1.50,1.00
2017.07.10 01:31:37.485,1.49973,1.4999,1.00,1.00
2017.07.10 01:31:38.014,1.49972,1.4999,1.50,1.00
2017.07.10 01:31:38.211,1.49977,1.4999,1.00,1.00
2017.07.10 01:31:38.745,1.49982,1.49995,1.00,1.87
2017.07.10 01:31:38.797,1.49982,1.49995,1.00,1.00
2017.07.10 01:31:39.311,1.49982,1.49996,1.00,1.25
2017.07.10 01:31:40.526,1.49983,1.49996,1.00,1.25
2017.07.10 01:31:40.877,1.49982,1.49996,1.00,1.44
2017.07.10 01:31:40.929,1.49982,1.49996,1.00,1.12
2017.07.10 01:31:41.082,1.49982,1.49994,1.00,1.00
2017.07.10 01:31:42.605,1.4998,1.49994,1.00,1.00
2017.07.10 01:31:42.838,1.49982,1.49994,1.00,1.00
2017.07.10 01:31:43.665,1.4998,1.49994,1.00,1.00
2017.07.10 01:31:44.028,1.4998,1.49995,1.00,1.37
2017.07.10 01:31:44.079,1.49977,1.49995,1.00,1.37
2017.07.10 01:31:44.617,1.49977,1.49995,1.00,1.19
2017.07.10 01:31:44.742,1.49977,1.49995,1.00,1.19
2017.07.10 01:31:44.968,1.49977,1.49992,1.00,1.00
2017.07.10 01:31:45.122,1.49975,1.49991,1.00,1.00
2017.07.10 01:31:45.680,1.49976,1.49991,1.00,1.00
2017.07.10 01:31:45.935,1.49976,1.49993,1.00,1.00
2017.07.10 01:31:46.211,1.49984,1.49993,1.00,1.00
2017.07.10 01:31:46.786,1.49984,1.49995,1.00,1.31
2017.07.10 01:31:47.145,1.49984,1.49995,1.00,1.37
2017.07.10 01:31:47.196,1.49984,1.49996,1.00,1.31
2017.07.10 01:31:48.824,1.49984,1.49994,1.00,1.31
2017.07.10 01:31:48.927,1.49978,1.49992,1.00,1.44
2017.07.10 01:31:49.459,1.49979,1.49991,1.00,1.25
2017.07.10 01:31:49.848,1.49976,1.49988,1.00,1.00
2017.07.10 01:31:50.162,1.49973,1.49988,1.00,1.00
2017.07.10 01:31:50.475,1.49975,1.49988,1.00,1.00
2017.07.10 01:31:50.986,1.49974,1.49988,1.00,1.00
2017.07.10 01:31:51.289,1.49976,1.49988,1.00,1.00
2017.07.10 01:31:51.804,1.49977,1.49988,1.00,1.00
2017.07.10 01:31:52.344,1.49978,1.49988,1.00,1.00
2017.07.10 01:31:53.152,1.49976,1.49988,1.00,1.00
2017.07.10 01:31:53.476,1.49978,1.49988,1.00,1.00
2017.07.10 01:31:54.023,1.49977,1.49988,1.00,1.00
2017.07.10 01:31:54.549,1.49977,1.49989,1.00,1.00
2017.07.10 01:31:55.152,1.49978,1.49989,1.00,1.00
2017.07.10 01:31:55.688,1.49977,1.49989,1.00,1.00
2017.07.10 01:31:56.217,1.49978,1.49989,1.00,1.00
2017.07.10 01:31:56.845,1.49977,1.49989,1.00,1.00
2017.07.10 01:31:57.340,1.49978,1.49989,1.00,1.44
2017.07.10 01:31:58.135,1.49977,1.49989,1.00,1.44
2017.07.10 01:31:58.861,1.49978,1.49989,1.00,1.44
2017.07.10 01:31:59.374,1.49976,1.49989,1.00,1.44
2017.07.10 01:32:00.247,1.49977,1.49989,1.00,1.44
2017.07.10 01:32:00.834,1.49978,1.49989,1.00,1.44
2017.07.10 01:32:01.393,1.49979,1.49989,1.00,1.44
2017.07.10 01:32:01.915,1.49978,1.49989,1.00,1.44
2017.07.10 01:32:03.164,1.49977,1.49989,1.00,1.44
2017.07.10 01:32:03.685,1.49978,1.49989,1.00,1.44
2017.07.10 01:32:04.344,1.49976,1.49989,1.00,1.62
2017.07.10 01:32:04.499,1.49974,1.49989,1.00,1.62
2017.07.10 01:32:04.716,1.49971,1.49985,1.00,1.00
2017.07.10 01:32:05.006,1.49973,1.49985,1.00,1.00
2017.07.10 01:32:05.612,1.49972,1.49985,1.00,1.00
2017.07.10 01:32:06.117,1.49973,1.49985,1.00,1.00
2017.07.10 01:32:06.645,1.49972,1.49985,1.00,1.00
2017.07.10 01:32:07.202,1.49971,1.49985,1.00,1.00
2017.07.10 01:32:07.711,1.49972,1.49985,1.00,1.00
2017.07.10 01:32:08.324,1.49971,1.49985,1.00,1.00
2017.07.10 01:32:09.177,1.49972,1.49985,1.00,1.00
2017.07.10 01:32:10.186,1.49972,1.49987,1.00,1.44
2017.07.10 01:32:10.696,1.49973,1.4999,1.00,1.19
2017.07.10 01:32:10.799,1.49975,1.4999,1.00,1.19
2017.07.10 01:32:11.316,1.49974,1.4999,1.00,1.19
2017.07.10 01:32:11.817,1.49975,1.4999,1.00,1.56
2017.07.10 01:32:12.336,1.49974,1.4999,1.00,1.56
2017.07.10 01:32:12.713,1.49974,1.49988,1.00,1.37
2017.07.10 01:32:13.084,1.49972,1.49988,1.00,1.87
2017.07.10 01:32:13.625,1.49971,1.49988,1.00,1.87
2017.07.10 01:32:14.141,1.49969,1.49986,1.00,1.69
2017.07.10 01:32:14.245,1.49967,1.49987,1.50,1.19
2017.07.10 01:32:14.400,1.49972,1.49989,1.00,1.19
2017.07.10 01:32:14.959,1.49973,1.49989,1.00,1.19
2017.07.10 01:32:15.217,1.49974,1.49991,1.00,1.44
2017.07.10 01:32:15.320,1.49978,1.49991,1.00,1.19
2017.07.10 01:32:15.837,1.49979,1.49991,1.00,1.19
2017.07.10 01:32:16.043,1.49978,1.49994,1.00,2.00
2017.07.10 01:32:16.582,1.49978,1.49994,1.00,1.62
2017.07.10 01:32:17.735,1.49979,1.49994,1.00,1.37
2017.07.10 01:32:18.485,1.49981,1.49995,1.00,1.69
2017.07.10 01:32:19.018,1.49982,1.49995,1.00,1.69
2017.07.10 01:32:19.494,1.49985,1.49997,1.00,1.44
2017.07.10 01:32:19.597,1.49985,1.5,1.00,2.44
2017.07.10 01:32:20.417,1.49983,1.49999,1.00,1.94
2017.07.10 01:32:20.676,1.49981,1.49999,1.00,1.62
2017.07.10 01:32:21.202,1.4998,1.5,1.00,1.87
2017.07.10 01:32:21.726,1.49979,1.49999,1.50,1.44
2017.07.10 01:32:22.949,1.49981,1.5,1.00,1.69
2017.07.10 01:32:23.673,1.49982,1.5,1.00,1.19
2017.07.10 01:32:24.206,1.49981,1.5,1.00,1.19
2017.07.10 01:32:24.743,1.49982,1.5,1.00,1.31
2017.07.10 01:32:25.284,1.49983,1.5,1.00,1.31
2017.07.10 01:32:25.438,1.49985,1.50004,1.00,1.31
2017.07.10 01:32:25.489,1.49989,1.50005,1.00,1.69
2017.07.10 01:32:25.542,1.49989,1.50008,1.50,1.00
2017.07.10 01:32:25.593,1.49989,1.5001,3.00,1.56
2017.07.10 01:32:25.799,1.5,1.50018,1.00,1.19
2017.07.10 01:32:25.902,1.50005,1.50022,1.00,1.19
2017.07.10 01:32:25.954,1.50005,1.50025,1.00,1.69
2017.07.10 01:32:26.674,1.50004,1.50023,1.00,1.31
2017.07.10 01:32:27.031,1.50002,1.50023,1.50,1.31
2017.07.10 01:32:27.236,1.50002,1.50021,1.00,1.19
2017.07.10 01:32:27.634,1.50004,1.50024,1.00,2.06
2017.07.10 01:32:28.310,1.50001,1.50018,1.00,1.19
2017.07.10 01:32:28.362,1.49997,1.50018,1.00,1.19
2017.07.10 01:32:28.517,1.49999,1.50018,1.00,1.19
2017.07.10 01:32:28.826,1.50001,1.50018,1.00,1.19
2017.07.10 01:32:29.030,1.50001,1.50022,1.00,1.19
2017.07.10 01:32:29.580,1.5,1.50022,1.50,1.69
2017.07.10 01:32:30.447,1.50001,1.50022,1.00,1.31
2017.07.10 01:32:31.460,1.50002,1.50022,1.00,1.31
2017.07.10 01:32:32.024,1.50003,1.50022,1.00,1.19
2017.07.10 01:32:32.630,1.50004,1.50022,1.00,1.19
2017.07.10 01:32:33.210,1.50003,1.50022,1.50,1.19
2017.07.10 01:32:33.469,1.50005,1.50022,1.00,1.19
2017.07.10 01:32:34.193,1.50004,1.50022,1.00,1.19
2017.07.10 01:32:34.764,1.50003,1.50021,1.50,1.19
2017.07.10 01:32:35.172,1.50005,1.50021,1.00,1.19
2017.07.10 01:32:35.326,1.50001,1.50022,1.50,1.31
2017.07.10 01:32:35.377,1.50003,1.50022,1.00,1.31
2017.07.10 01:32:35.480,1.50001,1.50022,1.50,1.31
2017.07.10 01:32:35.952,1.50005,1.50022,1.00,1.19
2017.07.10 01:32:36.004,1.50003,1.50022,1.00,1.19
2017.07.10 01:32:36.310,1.50006,1.50022,1.00,1.19
2017.07.10 01:32:36.414,1.50004,1.50028,1.50,1.56
2017.07.10 01:32:36.516,1.50006,1.50028,1.00,2.06
2017.07.10 01:32:37.382,1.50007,1.50027,1.00,1.69
2017.07.10 01:32:37.891,1.50008,1.50027,1.00,1.69
2017.07.10 01:32:38.350,1.50007,1.50023,1.00,1.44
2017.07.10 01:32:38.708,1.50009,1.50023,1.00,1.44
2017.07.10 01:32:39.284,1.50008,1.50023,1.00,1.44
2017.07.10 01:32:39.738,1.50009,1.50027,1.00,1.69
2017.07.10 01:32:40.112,1.50007,1.50027,1.00,1.69
2017.07.10 01:32:40.654,1.50008,1.50027,1.00,1.69
2017.07.10 01:32:41.225,1.50007,1.50027,1.00,1.69
2017.07.10 01:32:41.736,1.50008,1.50027,1.00,1.69
2017.07.10 01:32:42.423,1.50008,1.50028,1.00,1.56
2017.07.10 01:32:43.438,1.50005,1.50028,1.00,1.56
2017.07.10 01:32:43.490,1.50002,1.50024,1.00,1.25
2017.07.10 01:32:44.057,1.50001,1.50025,1.25,2.06
2017.07.10 01:32:45.056,1.50002,1.50025,1.00,2.06
2017.07.10 01:32:45.565,1.50001,1.50025,1.25,2.06
2017.07.10 01:32:46.825,1.50001,1.50022,1.00,1.00
2017.07.10 01:32:47.131,1.50001,1.50022,1.00,1.19
2017.07.10 01:32:51.209,1.50002,1.50022,1.00,1.31
2017.07.10 01:32:52.374,1.50001,1.50022,1.00,1.19
2017.07.10 01:32:53.194,1.5,1.50024,1.00,1.75
2017.07.10 01:32:53.868,1.5,1.50023,1.50,1.81
2017.07.10 01:32:54.562,1.5,1.50021,2.25,1.19
2017.07.10 01:32:57.097,1.5,1.50022,1.87,1.12
2017.07.10 01:32:58.299,1.50001,1.50021,1.00,1.12
2017.07.10 01:32:58.646,1.5,1.50021,1.87,1.44
2017.07.10 01:33:00.137,1.5,1.50021,1.00,2.19
2017.07.10 01:33:00.597,1.49999,1.50019,1.00,1.12
2017.07.10 01:33:00.903,1.49997,1.50018,1.00,1.50
2017.07.10 01:33:01.459,1.49996,1.50018,1.87,1.50
2017.07.10 01:33:02.388,1.49996,1.50018,1.12,1.69
2017.07.10 01:33:02.440,1.49995,1.50015,1.50,1.37
2017.07.10 01:33:02.785,1.49984,1.50001,1.00,2.06
2017.07.10 01:33:02.836,1.49979,1.50001,1.50,2.06
2017.07.10 01:33:02.940,1.49979,1.50001,1.50,1.12
2017.07.10 01:33:04.452,1.49981,1.50002,1.50,1.81
2017.07.10 01:33:04.809,1.49979,1.50002,1.87,1.87
2017.07.10 01:33:04.911,1.49982,1.50003,1.00,1.75
2017.07.10 01:33:05.217,1.49987,1.50006,1.00,1.31
2017.07.10 01:33:05.269,1.49987,1.50006,1.00,1.00
2017.07.10 01:33:05.806,1.49986,1.50006,1.00,1.00
2017.07.10 01:33:06.620,1.49989,1.50006,1.00,1.00
2017.07.10 01:33:06.916,1.49987,1.50006,1.00,1.00
2017.07.10 01:33:07.438,1.49986,1.50006,1.12,1.00
2017.07.10 01:33:08.287,1.49986,1.50008,1.12,1.69
2017.07.10 01:33:08.876,1.49987,1.50008,1.00,1.69
2017.07.10 01:33:09.284,1.49985,1.50006,1.12,1.00
2017.07.10 01:33:09.697,1.49989,1.50007,1.00,1.31
2017.07.10 01:33:10.005,1.49991,1.50007,1.00,1.31
2017.07.10 01:33:10.516,1.49997,1.50011,1.00,1.25
2017.07.10 01:33:10.670,1.49993,1.50008,1.00,1.00
2017.07.10 01:33:11.027,1.49992,1.5001,1.00,1.00
2017.07.10 01:33:11.079,1.49995,1.5001,1.00,1.00
2017.07.10 01:33:11.599,1.49996,1.5001,1.00,1.00
2017.07.10 01:33:12.226,1.49995,1.5001,1.00,1.00
2017.07.10 01:33:12.796,1.49996,1.5001,1.00,1.00
2017.07.10 01:33:13.443,1.49995,1.5001,1.00,1.00
2017.07.10 01:33:13.967,1.49996,1.5001,1.00,1.00
2017.07.10 01:33:14.503,1.49995,1.5001,1.00,1.00
2017.07.10 01:33:15.625,1.49994,1.5001,1.00,1.00
2017.07.10 01:33:16.258,1.49995,1.5001,1.00,1.00
2017.07.10 01:33:16.759,1.49996,1.50012,1.00,1.81
2017.07.10 01:33:17.578,1.49995,1.50014,1.00,2.25
2017.07.10 01:33:18.084,1.49996,1.50014,1.00,2.25
2017.07.10 01:33:18.586,1.49995,1.50014,1.00,1.37
2017.07.10 01:33:19.889,1.49994,1.50014,1.00,3.37
2017.07.10 01:33:20.328,1.49995,1.50014,1.00,1.00
2017.07.10 01:33:20.380,1.50001,1.50015,1.00,1.00
2017.07.10 01:33:20.839,1.50002,1.50019,1.00,1.75
2017.07.10 01:33:22.187,1.50001,1.50019,1.00,1.37
2017.07.10 01:33:22.702,1.50003,1.50019,1.00,1.37
2017.07.10 01:33:23.227,1.50002,1.50019,1.00,1.37
2017.07.10 01:33:23.391,1.5,1.50019,1.50,1.37
2017.07.10 01:33:23.596,1.50002,1.5002,1.00,1.25
2017.07.10 01:33:24.909,1.5,1.5002,1.50,1.25
2017.07.10 01:33:25.421,1.50001,1.5002,1.00,1.25
2017.07.10 01:33:25.957,1.5,1.5002,1.50,1.25
2017.07.10 01:33:27.348,1.50001,1.5002,1.00,1.25
2017.07.10 01:33:27.759,1.5,1.5002,1.00,1.50
2017.07.10 01:33:28.064,1.49995,1.50018,2.62,1.31
2017.07.10 01:33:28.116,1.49995,1.50017,1.12,1.94
2017.07.10 01:33:39.113,1.49996,1.50016,1.00,1.56
2017.07.10 01:33:39.729,1.49995,1.50016,1.50,1.56
2017.07.10 01:33:40.371,1.49996,1.50017,1.00,2.81
2017.07.10 01:33:40.474,1.49995,1.50014,1.00,2.44
2017.07.10 01:33:40.577,1.49993,1.50013,1.00,1.31
2017.07.10 01:33:40.681,1.49993,1.5001,1.00,1.75
2017.07.10 01:33:40.734,1.4999,1.50009,1.00,2.06
2017.07.10 01:33:41.254,1.49989,1.50007,1.00,1.00
2017.07.10 01:33:42.391,1.49989,1.50008,1.00,1.25
2017.07.10 01:33:42.633,1.49992,1.50008,1.00,1.25
2017.07.10 01:33:43.306,1.4999,1.50008,1.00,1.25
2017.07.10 01:33:43.928,1.49989,1.50008,1.00,1.69
2017.07.10 01:33:44.717,1.49991,1.50007,1.00,1.00
2017.07.10 01:33:45.647,1.49991,1.50009,1.00,1.31
2017.07.10 01:33:46.209,1.49991,1.50009,1.00,1.31
2017.07.10 01:33:46.679,1.49994,1.5001,1.00,2.06
2017.07.10 01:33:46.782,1.49995,1.50011,1.00,1.12
2017.07.10 01:33:47.242,1.49993,1.50013,1.50,1.31
2017.07.10 01:33:49.663,1.49993,1.50011,1.50,1.50
2017.07.10 01:33:50.717,1.49993,1.50011,1.50,1.12
2017.07.10 01:33:52.507,1.49995,1.50011,1.00,1.12
2017.07.10 01:33:54.708,1.49995,1.50011,1.00,1.37
2017.07.10 01:33:58.797,1.49994,1.50011,1.00,1.56
2017.07.10 01:34:00.413,1.49994,1.50011,1.00,1.50
2017.07.10 01:34:01.602,1.49995,1.50011,1.00,2.19
2017.07.10 01:34:10.986,1.49991,1.50012,1.00,1.94
2017.07.10 01:34:16.437,1.4999,1.5001,1.00,1.19
2017.07.10 01:34:17.567,1.49988,1.50008,1.12,2.25
2017.07.10 01:34:17.772,1.49982,1.50002,1.00,1.69
2017.07.10 01:34:18.129,1.4998,1.50002,1.00,1.69
2017.07.10 01:34:18.231,1.49978,1.50002,3.19,3.94
2017.07.10 01:34:18.787,1.49978,1.5,1.87,1.37
2017.07.10 01:34:25.834,1.49977,1.49997,1.12,1.19
2017.07.10 01:34:26.141,1.49976,1.49996,1.50,3.00
2017.07.10 01:34:30.933,1.49976,1.49995,1.00,1.31
2017.07.10 01:34:33.146,1.49974,1.49995,2.25,1.31
2017.07.10 01:34:36.378,1.49973,1.49995,1.87,2.81
2017.07.10 01:34:37.313,1.49973,1.49993,1.87,1.37
2017.07.10 01:34:37.871,1.4997,1.49991,2.62,1.87
2017.07.10 01:34:38.178,1.49968,1.49987,1.12,1.56
2017.07.10 01:34:38.331,1.49966,1.49987,1.00,1.69
2017.07.10 01:34:38.849,1.49967,1.49986,1.00,1.31
2017.07.10 01:34:39.215,1.49964,1.49987,4.12,2.25
2017.07.10 01:34:39.318,1.49964,1.49987,3.37,3.00
2017.07.10 01:34:39.370,1.49964,1.49985,2.62,1.44
2017.07.10 01:34:39.474,1.49964,1.49985,2.62,1.37
2017.07.10 01:34:39.781,1.49966,1.49985,1.00,1.44
2017.07.10 01:34:39.935,1.49965,1.49985,1.50,1.44
2017.07.10 01:34:40.038,1.49967,1.49985,1.00,1.44
2017.07.10 01:34:40.574,1.49968,1.49985,1.00,1.50
2017.07.10 01:34:43.037,1.49969,1.49987,1.00,1.50
2017.07.10 01:34:43.572,1.4997,1.49988,1.00,1.75
2017.07.10 01:34:44.118,1.49971,1.49988,1.00,1.12
2017.07.10 01:34:46.426,1.49968,1.49988,1.00,1.37
2017.07.10 01:34:47.065,1.49967,1.49988,2.62,1.37
2017.07.10 01:34:57.895,1.49967,1.49986,1.50,1.00
2017.07.10 01:34:58.305,1.49968,1.49988,1.50,1.69
2017.07.10 01:34:58.358,1.4997,1.49987,1.00,1.00
2017.07.10 01:34:58.619,1.49972,1.4999,1.00,1.12
2017.07.10 01:34:59.135,1.49971,1.49992,1.00,2.06
2017.07.10 01:34:59.298,1.49973,1.49992,1.00,1.69
2017.07.10 01:34:59.811,1.49973,1.49992,1.00,1.69
2017.07.10 01:35:00.424,1.49974,1.49993,1.00,1.50
2017.07.10 01:35:00.968,1.49974,1.49994,1.00,1.56
2017.07.10 01:35:01.508,1.49974,1.49994,1.00,1.50
2017.07.10 01:35:02.239,1.49973,1.49994,1.00,1.50
2017.07.10 01:35:03.786,1.49972,1.49993,1.12,1.50
2017.07.10 01:35:04.093,1.49969,1.49989,1.00,1.69
2017.07.10 01:35:04.144,1.49967,1.49989,1.87,1.69
2017.07.10 01:35:04.730,1.49968,1.49989,1.00,1.37
2017.07.10 01:35:05.331,1.49967,1.49989,2.62,1.50
2017.07.10 01:35:05.853,1.49969,1.49989,1.00,1.50
2017.07.10 01:35:08.403,1.49968,1.49989,1.00,1.50
2017.07.10 01:35:08.944,1.49969,1.49989,1.00,1.50
2017.07.10 01:35:10.517,1.49969,1.49989,1.00,1.12
2017.07.10 01:35:11.225,1.4997,1.49989,1.00,1.50
2017.07.10 01:35:11.530,1.49967,1.4999,4.87,1.69
2017.07.10 01:35:12.057,1.49968,1.4999,1.50,1.69
2017.07.10 01:35:15.098,1.49969,1.4999,1.00,1.69
2017.07.10 01:35:15.321,1.49969,1.4999,1.00,1.31
2017.07.10 01:35:17.502,1.49968,1.4999,1.50,1.19
2017.07.10 01:35:18.384,1.49968,1.49988,1.00,1.00
2017.07.10 01:35:18.938,1.49969,1.49988,1.00,1.00
2017.07.10 01:35:20.193,1.49975,1.49988,1.00,1.00
2017.07.10 01:35:20.499,1.49975,1.49992,1.00,2.81
2017.07.10 01:35:20.551,1.49979,1.49992,1.00,2.44
2017.07.10 01:35:20.820,1.49977,1.49992,1.00,1.69
2017.07.10 01:35:21.108,1.49979,1.49991,1.00,1.12
2017.07.10 01:35:21.364,1.49972,1.49988,1.00,2.06
2017.07.10 01:35:22.512,1.49971,1.49988,1.00,2.06
2017.07.10 01:35:23.070,1.49972,1.49988,1.00,2.06
2017.07.10 01:35:23.801,1.49973,1.49987,1.00,1.19
2017.07.10 01:35:24.305,1.49974,1.49987,1.00,1.69
2017.07.10 01:35:24.560,1.49976,1.49989,1.00,1.87
2017.07.10 01:35:24.849,1.49968,1.49989,1.00,1.87
2017.07.10 01:35:25.376,1.49967,1.49989,3.75,1.87
2017.07.10 01:35:25.923,1.49967,1.49987,1.12,1.50
2017.07.10 01:35:34.334,1.49968,1.49987,1.00,1.50
2017.07.10 01:35:36.580,1.49973,1.4999,1.00,1.75
2017.07.10 01:35:36.632,1.49973,1.4999,1.00,1.00
2017.07.10 01:35:36.734,1.49973,1.49993,1.00,1.62
2017.07.10 01:35:37.258,1.49974,1.49993,1.00,1.25
2017.07.10 01:35:37.865,1.49974,1.49994,1.00,1.25
2017.07.10 01:35:38.381,1.49973,1.49994,2.25,1.31
2017.07.10 01:35:39.137,1.49973,1.49992,1.12,1.00
2017.07.10 01:35:39.443,1.49968,1.49986,1.12,1.25
2017.07.10 01:35:39.749,1.49966,1.49987,1.50,2.06
2017.07.10 01:35:44.107,1.49967,1.49987,1.00,2.06
2017.07.10 01:35:50.299,1.49968,1.49987,1.00,2.06
2017.07.10 01:35:53.065,1.49967,1.49987,1.00,2.06
2017.07.10 01:35:53.168,1.49965,1.49984,1.12,1.00
2017.07.10 01:35:53.691,1.49964,1.49983,1.37,1.12
2017.07.10 01:35:54.252,1.49964,1.49983,1.50,1.12
2017.07.10 01:36:00.671,1.49964,1.49982,1.50,1.00
2017.07.10 01:36:01.181,1.49964,1.49984,1.50,2.25
2017.07.10 01:36:04.373,1.49967,1.49983,1.00,1.12
2017.07.10 01:36:04.424,1.49967,1.49986,1.12,1.50
2017.07.10 01:36:04.527,1.49967,1.49989,1.87,1.37
2017.07.10 01:36:05.042,1.49967,1.49989,4.12,1.00
2017.07.10 01:36:06.240,1.49968,1.49991,1.00,4.87
2017.07.10 01:36:06.420,1.49971,1.49991,1.00,4.12
2017.07.10 01:36:06.523,1.49971,1.49991,1.00,3.94
2017.07.10 01:36:08.230,1.49971,1.49991,1.00,2.44
2017.07.10 01:36:09.209,1.49971,1.49991,1.00,2.25
2017.07.10 01:36:09.750,1.4997,1.49991,1.25,1.50
2017.07.10 01:36:15.020,1.4997,1.49991,1.19,1.12
2017.07.10 01:36:18.746,1.49968,1.4999,4.12,1.00
2017.07.10 01:36:18.798,1.49968,1.4999,1.87,1.31
2017.07.10 01:36:19.259,1.4997,1.49988,1.31,1.37
2017.07.10 01:36:19.311,1.4997,1.49991,1.31,1.50
2017.07.10 01:36:19.362,1.4997,1.49991,1.31,1.00
2017.07.10 01:36:20.018,1.4997,1.49992,1.31,1.87
2017.07.10 01:36:26.835,1.4997,1.49992,1.87,1.00
2017.07.10 01:36:27.343,1.4997,1.49993,1.87,2.06
2017.07.10 01:36:27.932,1.49971,1.49992,1.00,1.50
2017.07.10 01:36:29.719,1.49971,1.49991,1.00,1.00
2017.07.10 01:36:30.234,1.49971,1.49991,1.19,1.00
2017.07.10 01:36:31.093,1.49971,1.49992,1.31,1.12
2017.07.10 01:36:34.285,1.49971,1.49991,2.06,1.00
2017.07.10 01:36:34.790,1.49971,1.49992,2.06,1.12
2017.07.10 01:36:35.889,1.49971,1.49991,1.31,1.00
2017.07.10 01:36:36.094,1.49969,1.49988,1.75,1.12
2017.07.10 01:36:36.145,1.49968,1.49988,3.00,1.69
2017.07.10 01:36:36.400,1.49968,1.49982,1.00,1.00
2017.07.10 01:36:36.949,1.49967,1.49981,1.00,1.00
2017.07.10 01:36:37.001,1.49967,1.49984,1.00,1.00
2017.07.10 01:36:37.481,1.49965,1.49984,1.00,1.00
2017.07.10 01:36:37.583,1.49967,1.49983,1.00,1.00
2017.07.10 01:36:38.120,1.49967,1.49984,1.00,1.00
2017.07.10 01:36:38.222,1.49965,1.49984,1.00,1.00
2017.07.10 01:36:38.798,1.49964,1.49984,2.25,1.00
2017.07.10 01:36:40.050,1.49964,1.49983,3.75,1.00
2017.07.10 01:36:40.680,1.49964,1.49982,4.12,1.00
2017.07.10 01:36:41.211,1.49964,1.49983,3.75,1.00
2017.07.10 01:36:41.899,1.49965,1.49984,1.00,1.50
2017.07.10 01:36:42.452,1.49965,1.49982,1.00,1.00
2017.07.10 01:36:42.712,1.49965,1.49984,1.00,1.50
2017.07.10 01:36:43.778,1.49965,1.49982,1.00,1.00
2017.07.10 01:36:44.282,1.49965,1.49984,1.00,1.50
2017.07.10 01:36:44.809,1.49965,1.49983,1.00,1.00
2017.07.10 01:36:45.411,1.49965,1.49984,1.00,1.50
2017.07.10 01:36:49.375,1.49965,1.49983,1.00,1.00
2017.07.10 01:36:49.907,1.49965,1.49984,1.00,1.50
2017.07.10 01:36:51.750,1.49965,1.49983,1.00,1.00
2017.07.10 01:36:55.094,1.49965,1.49984,1.00,1.50
2017.07.10 01:36:55.611,1.49965,1.49983,1.00,1.00
2017.07.10 01:36:56.218,1.49965,1.49984,1.00,1.00
2017.07.10 01:36:56.858,1.49964,1.49984,1.87,1.00
2017.07.10 01:36:58.048,1.49964,1.49983,1.50,1.00
2017.07.10 01:36:58.586,1.49964,1.49982,2.25,1.00
2017.07.10 01:36:59.290,1.49964,1.49983,2.25,1.00
2017.07.10 01:37:01.541,1.49966,1.49983,1.00,1.00
2017.07.10 01:37:02.414,1.49965,1.49985,1.00,1.31
2017.07.10 01:37:03.677,1.49964,1.49985,2.62,1.31
2017.07.10 01:37:06.449,1.49965,1.49985,1.00,2.06
2017.07.10 01:37:08.862,1.49964,1.49985,2.25,1.31
2017.07.10 01:37:09.168,1.49968,1.49985,1.00,1.25
2017.07.10 01:37:09.582,1.49966,1.49985,1.69,1.25
2017.07.10 01:37:21.252,1.49966,1.49985,1.00,1.19
2017.07.10 01:37:22.033,1.49966,1.49985,1.00,1.25
2017.07.10 01:37:26.660,1.49967,1.49985,1.00,1.25
2017.07.10 01:37:27.933,1.49967,1.49984,1.00,1.00
2017.07.10 01:37:28.137,1.49965,1.49984,3.37,1.12
2017.07.10 01:37:28.342,1.49965,1.49984,1.12,1.50
2017.07.10 01:37:28.393,1.49963,1.49982,1.12,1.19
2017.07.10 01:37:28.903,1.4996,1.49981,2.62,1.25
2017.07.10 01:37:29.427,1.4996,1.49981,2.25,1.12
2017.07.10 01:37:31.451,1.49962,1.49981,1.00,1.12
2017.07.10 01:37:32.952,1.49963,1.49983,1.00,3.00
2017.07.10 01:37:35.187,1.49964,1.49982,1.00,1.50
2017.07.10 01:37:35.511,1.49966,1.49982,1.00,1.37
2017.07.10 01:37:36.106,1.49965,1.49982,1.00,1.37
2017.07.10 01:37:36.983,1.49964,1.49983,1.00,3.00
2017.07.10 01:37:37.322,1.49962,1.49982,1.00,1.81
2017.07.10 01:37:37.577,1.49964,1.49982,1.00,1.37
2017.07.10 01:37:37.879,1.49966,1.49982,1.00,1.00
2017.07.10 01:37:38.514,1.49966,1.49985,1.00,1.50
2017.07.10 01:37:39.664,1.49969,1.49986,1.00,2.06
2017.07.10 01:37:39.716,1.49969,1.49986,1.19,1.00
2017.07.10 01:37:39.818,1.49973,1.49991,1.00,2.06
2017.07.10 01:37:39.922,1.49973,1.49994,1.00,3.94
2017.07.10 01:37:40.465,1.49973,1.49993,1.00,1.31
2017.07.10 01:37:41.253,1.49974,1.49993,1.00,2.00
2017.07.10 01:37:41.762,1.49976,1.49996,1.00,1.31
2017.07.10 01:37:41.918,1.49981,1.5,1.12,1.69
2017.07.10 01:37:42.460,1.49982,1.50002,1.12,1.81
2017.07.10 01:37:43.297,1.49988,1.50003,1.00,1.50
2017.07.10 01:37:43.400,1.4999,1.50007,1.00,2.25
2017.07.10 01:37:43.555,1.49991,1.5001,1.50,1.87
2017.07.10 01:37:44.065,1.4999,1.50009,1.50,1.12
2017.07.10 01:37:44.284,1.4999,1.50009,1.69,1.12
2017.07.10 01:37:44.592,1.49994,1.50009,1.69,1.00
2017.07.10 01:37:45.386,1.49992,1.5001,3.00,1.00
2017.07.10 01:37:45.540,1.49991,1.50007,1.87,1.00
2017.07.10 01:37:45.643,1.4999,1.50005,1.00,1.00
2017.07.10 01:37:45.805,1.49987,1.50004,1.37,1.00
2017.07.10 01:37:45.856,1.49987,1.50002,1.00,1.00
2017.07.10 01:37:45.908,1.49985,1.50002,1.00,1.00
2017.07.10 01:37:46.418,1.49984,1.50003,1.50,1.00
2017.07.10 01:37:46.946,1.49985,1.50003,1.00,1.00
2017.07.10 01:37:56.719,1.49987,1.50003,1.00,1.12
2017.07.10 01:37:58.312,1.49987,1.50003,1.00,1.19
2017.07.10 01:38:01.118,1.49987,1.50002,1.00,1.00
2017.07.10 01:38:02.210,1.49984,1.50002,1.00,1.00
2017.07.10 01:38:02.262,1.49984,1.5,1.00,1.00
2017.07.10 01:38:02.799,1.49983,1.5,1.87,1.00
2017.07.10 01:38:05.792,1.49983,1.49998,1.00,1.00
2017.07.10 01:38:06.151,1.49983,1.5,1.00,1.00
2017.07.10 01:38:06.680,1.49984,1.5,1.00,1.00
2017.07.10 01:38:11.750,1.49985,1.5,1.00,1.00
2017.07.10 01:38:14.886,1.49987,1.50002,1.00,1.00
2017.07.10 01:38:14.989,1.4999,1.50006,1.00,1.00
2017.07.10 01:38:15.499,1.4999,1.50005,1.00,1.00
2017.07.10 01:38:15.868,1.49988,1.50003,1.50,1.00
2017.07.10 01:38:16.022,1.49979,1.49997,1.12,1.50
2017.07.10 01:38:16.569,1.49979,1.49996,2.62,1.00
2017.07.10 01:38:18.583,1.4998,1.49996,1.00,1.00
2017.07.10 01:38:19.984,1.49979,1.49996,1.87,1.00
2017.07.10 01:38:21.019,1.49978,1.49996,4.31,1.00
2017.07.10 01:38:21.522,1.49979,1.49996,1.00,1.00
2017.07.10 01:38:22.073,1.4998,1.49996,1.00,1.00
2017.07.10 01:38:23.482,1.49978,1.49996,2.81,1.00
2017.07.10 01:38:23.792,1.4998,1.49996,1.00,1.00
2017.07.10 01:38:24.411,1.49979,1.49996,1.12,1.00
2017.07.10 01:38:26.072,1.49981,1.49996,1.19,1.00
2017.07.10 01:38:26.225,1.49983,1.49998,1.00,1.00
2017.07.10 01:38:26.277,1.49983,1.50001,1.00,1.87
2017.07.10 01:38:26.329,1.49983,1.50002,1.00,1.00
2017.07.10 01:38:26.789,1.49985,1.50002,1.00,1.00
2017.07.10 01:38:34.336,1.49985,1.5,1.00,1.00
2017.07.10 01:38:39.022,1.49985,1.50002,1.87,1.00
2017.07.10 01:38:39.175,1.49986,1.50004,1.00,1.00
2017.07.10 01:38:39.227,1.49988,1.50004,1.00,1.00
2017.07.10 01:38:39.788,1.49989,1.50004,1.00,1.00
2017.07.10 01:38:40.291,1.49988,1.50004,1.00,1.00
2017.07.10 01:38:40.841,1.49987,1.50005,1.00,1.00
2017.07.10 01:38:45.501,1.49988,1.50005,1.00,1.00
2017.07.10 01:38:46.122,1.49987,1.50005,1.12,1.00
2017.07.10 01:38:47.681,1.49988,1.50005,1.00,1.00
2017.07.10 01:38:48.272,1.49989,1.50005,1.00,1.00
2017.07.10 01:38:50.337,1.49987,1.50007,2.62,1.00
2017.07.10 01:38:57.269,1.49988,1.50005,1.50,1.00
2017.07.10 01:39:00.458,1.49987,1.50005,1.50,1.12
2017.07.10 01:39:00.560,1.49985,1.50005,1.00,1.12
2017.07.10 01:39:00.612,1.49985,1.50004,1.00,1.19
2017.07.10 01:39:01.123,1.49985,1.50002,1.00,1.00
2017.07.10 01:39:03.799,1.49985,1.50001,1.00,1.00
2017.07.10 01:39:05.540,1.49985,1.5,1.00,1.00
2017.07.10 01:39:10.323,1.49982,1.5,1.00,1.00
2017.07.10 01:39:10.631,1.49981,1.49998,1.00,1.00
2017.07.10 01:39:23.599,1.49981,1.49999,1.00,1.00
2017.07.10 01:39:29.876,1.4998,1.49999,1.87,1.25
2017.07.10 01:39:33.870,1.4998,1.50001,1.50,1.87
2017.07.10 01:39:33.973,1.49982,1.50001,1.00,1.00
2017.07.10 01:39:35.229,1.49982,1.50001,1.00,1.19
2017.07.10 01:39:38.791,1.49981,1.50001,1.00,1.19
2017.07.10 01:39:39.229,1.49981,1.50001,1.00,1.19
2017.07.10 01:39:40.119,1.49981,1.50001,1.00,1.19
2017.07.10 01:39:40.276,1.49984,1.50003,1.00,2.25
2017.07.10 01:39:40.583,1.49984,1.50002,1.87,1.69
2017.07.10 01:39:40.797,1.49974,1.49992,1.50,1.69
2017.07.10 01:39:40.901,1.4997,1.49989,1.50,1.50
2017.07.10 01:39:41.005,1.49968,1.49988,1.00,2.25
2017.07.10 01:39:41.618,1.49966,1.49986,1.50,1.19
2017.07.10 01:39:50.062,1.49967,1.49985,1.00,1.19
2017.07.10 01:39:51.912,1.49965,1.49985,1.87,1.19
2017.07.10 01:39:52.440,1.49965,1.49985,2.25,1.19
2017.07.10 01:39:53.017,1.49965,1.49985,2.25,1.19
2017.07.10 01:39:58.761,1.49965,1.49985,3.56,1.69
2017.07.10 01:39:59.272,1.49966,1.49985,2.25,1.00
2017.07.10 01:39:59.325,1.49972,1.49988,1.00,1.12
2017.07.10 01:39:59.428,1.49972,1.49991,1.00,1.25
2017.07.10 01:39:59.582,1.49972,1.49991,1.00,1.19
2017.07.10 01:39:59.892,1.49966,1.49986,1.12,2.81
2017.07.10 01:40:00.509,1.49964,1.49985,2.44,1.19
2017.07.10 01:40:01.048,1.49964,1.49985,1.31,1.19
2017.07.10 01:40:01.568,1.49964,1.49985,1.31,1.31
2017.07.10 01:40:02.090,1.49966,1.49985,1.00,1.31
2017.07.10 01:40:02.777,1.49965,1.49985,1.25,1.31
2017.07.10 01:40:03.278,1.49966,1.49985,1.00,1.31
2017.07.10 01:40:03.432,1.49964,1.49984,1.50,1.19
2017.07.10 01:40:03.535,1.49961,1.49981,3.75,1.31
2017.07.10 01:40:03.717,1.4996,1.4998,1.50,1.31
2017.07.10 01:40:03.770,1.4996,1.49979,1.00,1.19
2017.07.10 01:40:04.349,1.49958,1.49978,1.37,1.69
2017.07.10 01:40:04.707,1.49962,1.49979,1.00,1.56
2017.07.10 01:40:04.758,1.49962,1.49979,1.00,1.19
2017.07.10 01:40:05.090,1.49962,1.49979,1.00,1.19
2017.07.10 01:40:05.704,1.4996,1.49979,1.00,1.19
2017.07.10 01:40:06.214,1.4996,1.49979,1.00,1.19
2017.07.10 01:40:06.751,1.49959,1.49979,1.00,2.44
2017.07.10 01:40:07.258,1.49958,1.49979,1.00,2.44
2017.07.10 01:40:10.159,1.49959,1.49978,1.00,1.56
2017.07.10 01:40:10.211,1.4996,1.49978,1.00,1.37
2017.07.10 01:40:10.313,1.4996,1.49979,1.00,1.25
2017.07.10 01:40:12.019,1.49961,1.49979,1.00,1.25
2017.07.10 01:40:12.173,1.49964,1.49981,1.19,1.87
2017.07.10 01:40:12.225,1.49964,1.49981,1.19,1.00
2017.07.10 01:40:12.772,1.49965,1.49982,1.25,1.00
2017.07.10 01:40:13.306,1.49965,1.49982,1.19,1.00
2017.07.10 01:40:13.441,1.49965,1.49982,1.19,1.19
2017.07.10 01:40:13.958,1.49965,1.49982,1.00,1.19
2017.07.10 01:40:14.481,1.49964,1.49982,1.00,1.19
2017.07.10 01:40:18.493,1.49966,1.49982,1.00,1.19
2017.07.10 01:40:18.545,1.49966,1.49982,1.00,1.25
2017.07.10 01:40:18.647,1.49969,1.49983,1.00,1.19
2017.07.10 01:40:18.801,1.49967,1.49985,1.50,1.19
2017.07.10 01:40:18.852,1.49967,1.49983,1.00,1.00
2017.07.10 01:40:19.115,1.49965,1.4998,1.37,1.00
2017.07.10 01:40:19.618,1.49965,1.4998,1.00,1.00
2017.07.10 01:40:24.965,1.49966,1.49981,1.00,1.00
2017.07.10 01:40:25.272,1.49967,1.49982,1.00,1.19
2017.07.10 01:40:25.324,1.49964,1.49982,1.00,1.19
2017.07.10 01:40:25.718,1.49964,1.49982,1.00,1.19
2017.07.10 01:40:25.974,1.49962,1.49982,1.50,1.19
2017.07.10 01:40:26.498,1.49963,1.49982,1.00,1.37
2017.07.10 01:40:30.035,1.49962,1.4998,1.00,1.31
2017.07.10 01:40:30.537,1.49961,1.49977,1.00,1.00
2017.07.10 01:40:31.052,1.49961,1.49978,1.00,1.25
2017.07.10 01:40:33.721,1.4996,1.4998,1.50,2.06
2017.07.10 01:40:34.236,1.49961,1.49979,1.00,1.19
2017.07.10 01:40:36.957,1.49959,1.49979,1.12,1.69
2017.07.10 01:40:37.888,1.49959,1.49977,1.50,1.00
2017.07.10 01:40:38.333,1.4996,1.49979,1.50,1.12
2017.07.10 01:40:38.845,1.4996,1.4998,1.00,1.31
2017.07.10 01:40:39.355,1.4996,1.49979,1.00,1.00
2017.07.10 01:40:39.864,1.49962,1.49978,1.00,1.00
2017.07.10 01:40:39.915,1.49962,1.49982,1.00,1.31
2017.07.10 01:40:44.780,1.49962,1.49978,1.00,1.00
2017.07.10 01:40:45.289,1.49961,1.49979,1.00,1.12
2017.07.10 01:40:45.827,1.49961,1.49978,1.00,1.00
2017.07.10 01:40:46.344,1.49961,1.49979,1.00,1.12
2017.07.10 01:40:47.034,1.49961,1.49978,1.00,1.00
2017.07.10 01:40:48.708,1.49961,1.49979,1.00,1.12
2017.07.10 01:40:49.238,1.4996,1.49978,1.00,1.00
2017.07.10 01:40:49.774,1.4996,1.49979,1.00,1.12
2017.07.10 01:40:50.288,1.4996,1.49978,1.00,1.00
2017.07.10 01:40:50.888,1.4996,1.49977,1.00,1.00
2017.07.10 01:40:52.210,1.4996,1.49979,1.00,1.12
2017.07.10 01:40:52.718,1.4996,1.49978,1.00,1.00
2017.07.10 01:40:54.066,1.4996,1.49978,1.00,1.19
2017.07.10 01:40:54.825,1.4996,1.49978,1.00,1.31
2017.07.10 01:40:54.997,1.49962,1.49977,1.00,1.00
2017.07.10 01:40:55.151,1.49964,1.49981,1.00,1.00
2017.07.10 01:40:55.253,1.49966,1.49984,1.00,1.19
2017.07.10 01:41:00.081,1.49965,1.49987,3.00,3.94
2017.07.10 01:41:00.590,1.49966,1.49987,1.00,3.94
2017.07.10 01:41:01.218,1.49965,1.49986,2.25,1.19
2017.07.10 01:41:02.096,1.49966,1.49986,1.00,1.19
2017.07.10 01:41:02.656,1.49965,1.49986,1.00,1.19
2017.07.10 01:41:05.488,1.49968,1.49987,1.00,1.69
2017.07.10 01:41:06.007,1.49968,1.49988,1.00,1.50
2017.07.10 01:41:06.879,1.49967,1.49988,1.50,1.44
2017.07.10 01:41:07.403,1.49968,1.49988,1.00,1.50
2017.07.10 01:41:08.281,1.49969,1.49988,1.00,2.06
2017.07.10 01:41:08.876,1.49968,1.49988,1.00,2.06
2017.07.10 01:41:09.427,1.49967,1.49988,1.50,2.06
2017.07.10 01:41:10.200,1.49969,1.49988,1.25,1.69
2017.07.10 01:41:10.507,1.49974,1.49993,1.87,1.56
2017.07.10 01:41:10.969,1.49976,1.49995,1.00,2.25
2017.07.10 01:41:11.021,1.49976,1.49995,1.00,1.37
2017.07.10 01:41:12.130,1.49977,1.49995,1.00,1.37
2017.07.10 01:41:16.371,1.49979,1.49999,1.00,3.19
2017.07.10 01:41:21.572,1.4998,1.49999,1.00,2.81
2017.07.10 01:41:21.677,1.49983,1.49999,1.00,1.25
2017.07.10 01:41:22.089,1.49984,1.50001,1.19,1.31
2017.07.10 01:41:25.268,1.49991,1.5001,1.25,1.56
2017.07.10 01:41:25.319,1.49991,1.50011,1.37,1.69
2017.07.10 01:41:25.371,1.49991,1.50009,1.37,1.19
2017.07.10 01:41:25.473,1.4999,1.50009,1.50,1.31
2017.07.10 01:41:25.982,1.49991,1.50009,1.00,1.31
2017.07.10 01:41:26.442,1.49992,1.50012,1.00,1.69
2017.07.10 01:41:26.545,1.49994,1.50013,1.00,2.06
2017.07.10 01:41:28.442,1.49992,1.50007,1.00,1.19
2017.07.10 01:41:28.597,1.49989,1.50007,1.50,1.19
2017.07.10 01:41:32.604,1.49992,1.5001,1.00,1.69
2017.07.10 01:41:32.707,1.49991,1.50012,1.19,1.56
2017.07.10 01:41:32.760,1.49995,1.50012,1.00,1.69
2017.07.10 01:41:32.812,1.49993,1.50014,1.69,2.44
2017.07.10 01:41:32.966,1.49997,1.50013,1.00,1.31
2017.07.10 01:41:33.666,1.49997,1.50016,1.00,1.31
2017.07.10 01:41:34.309,1.49998,1.50017,1.00,1.69
2017.07.10 01:41:34.361,1.5,1.50019,1.00,1.31
2017.07.10 01:41:34.412,1.50002,1.5002,1.00,2.81
2017.07.10 01:41:35.795,1.50002,1.50022,1.00,2.06
2017.07.10 01:41:36.332,1.50002,1.50022,1.00,2.06
2017.07.10 01:41:38.710,1.50001,1.50021,1.00,1.69
2017.07.10 01:41:38.864,1.49999,1.5002,1.25,2.06
2017.07.10 01:41:38.915,1.49997,1.5002,1.12,2.44
2017.07.10 01:41:39.899,1.49997,1.50019,1.31,1.19
2017.07.10 01:41:39.951,1.49999,1.50019,1.00,1.31
2017.07.10 01:41:40.258,1.50003,1.50022,1.00,3.19
2017.07.10 01:41:40.361,1.50001,1.50022,1.00,3.94
2017.07.10 01:41:42.702,1.50002,1.50022,1.00,2.06
2017.07.10 01:41:42.983,1.50002,1.50023,1.00,3.19
2017.07.10 01:41:49.535,1.50002,1.50023,1.50,1.12
2017.07.10 01:41:53.555,1.50002,1.50023,1.50,1.37
2017.07.10 01:41:54.027,1.50002,1.5002,1.00,1.00
2017.07.10 01:41:54.334,1.5,1.50009,1.00,1.00
2017.07.10 01:41:54.385,1.49998,1.50009,1.00,1.00
2017.07.10 01:41:54.923,1.49997,1.50008,1.00,1.00
2017.07.10 01:41:55.287,1.49997,1.5001,1.00,1.00
2017.07.10 01:41:55.462,1.49997,1.5001,1.19,1.00
2017.07.10 01:41:55.974,1.49997,1.50011,1.19,1.00
2017.07.10 01:41:57.001,1.49997,1.50013,1.19,1.00
2017.07.10 01:41:57.252,1.49997,1.50011,1.19,1.00
2017.07.10 01:41:58.962,1.49997,1.50012,1.19,1.00
2017.07.10 01:41:59.535,1.49997,1.50011,1.19,1.00
2017.07.10 01:42:00.858,1.49997,1.50012,1.19,1.00
2017.07.10 01:42:01.208,1.49997,1.50009,1.19,1.00
2017.07.10 01:42:01.869,1.49997,1.50008,1.19,1.00
2017.07.10 01:42:02.075,1.49998,1.50014,1.69,1.00
2017.07.10 01:42:02.229,1.50001,1.50016,1.00,1.00
2017.07.10 01:42:02.382,1.50002,1.50017,1.19,1.00
2017.07.10 01:42:02.694,1.50004,1.50019,1.19,1.00
2017.07.10 01:42:03.452,1.50004,1.50018,1.19,1.00
2017.07.10 01:42:04.105,1.50004,1.50019,1.19,1.00
2017.07.10 01:42:04.834,1.50004,1.50018,1.19,1.00
2017.07.10 01:42:05.322,1.50004,1.50018,1.25,1.00
2017.07.10 01:42:05.425,1.5,1.5002,1.69,1.37
2017.07.10 01:42:05.732,1.50001,1.50018,1.19,1.12
2017.07.10 01:42:06.799,1.50001,1.50017,1.19,1.00
2017.07.10 01:42:07.340,1.50001,1.50016,1.19,1.00
2017.07.10 01:42:08.026,1.50001,1.50017,1.19,1.00
2017.07.10 01:42:08.343,1.50001,1.50015,1.19,1.00
2017.07.10 01:42:08.986,1.50001,1.50016,1.19,1.00
2017.07.10 01:42:09.735,1.50001,1.50014,1.19,1.00
2017.07.10 01:42:10.383,1.50001,1.50015,1.19,1.00
2017.07.10 01:42:11.075,1.50001,1.50016,1.19,1.00
2017.07.10 01:42:11.733,1.50005,1.50016,1.19,1.00
2017.07.10 01:42:11.784,1.50005,1.5002,1.19,1.00
2017.07.10 01:42:12.536,1.50005,1.50019,1.19,1.00
2017.07.10 01:42:13.076,1.50005,1.50017,1.19,1.00
2017.07.10 01:42:13.346,1.50005,1.50019,1.19,1.00
2017.07.10 01:42:13.651,1.50005,1.50017,1.19,1.00
2017.07.10 01:42:14.734,1.50005,1.50018,1.19,1.50
2017.07.10 01:42:15.584,1.50006,1.50018,1.19,1.00
2017.07.10 01:42:15.636,1.50007,1.5002,1.19,1.00
2017.07.10 01:42:15.944,1.5001,1.50022,1.19,1.00
2017.07.10 01:42:16.251,1.50012,1.50025,1.19,1.00
2017.07.10 01:42:16.757,1.50012,1.50026,1.19,1.87
2017.07.10 01:42:16.910,1.50008,1.50024,2.81,1.00
2017.07.10 01:42:16.962,1.50008,1.50024,2.06,1.00
2017.07.10 01:42:17.064,1.50008,1.50022,1.31,1.00
2017.07.10 01:42:17.219,1.50004,1.5002,1.00,1.12
2017.07.10 01:42:17.271,1.50004,1.50015,1.00,1.00
2017.07.10 01:42:17.576,1.50001,1.50013,1.31,1.00
2017.07.10 01:42:18.100,1.50001,1.50014,1.31,1.00
2017.07.10 01:42:18.200,1.50001,1.50016,1.31,1.00
2017.07.10 01:42:20.722,1.50002,1.50014,1.37,1.00
2017.07.10 01:42:20.926,1.5,1.50016,3.00,1.00
2017.07.10 01:42:22.346,1.50006,1.50016,1.25,1.00
2017.07.10 01:42:22.587,1.5001,1.50022,1.19,1.00
2017.07.10 01:42:22.639,1.50011,1.50022,1.37,1.00
2017.07.10 01:42:22.948,1.50015,1.50023,1.25,1.00
2017.07.10 01:42:23.256,1.50014,1.50025,1.87,1.00
2017.07.10 01:42:23.468,1.50014,1.50027,1.87,1.00
2017.07.10 01:42:23.697,1.50014,1.50025,1.87,1.00
2017.07.10 01:42:26.049,1.50014,1.50026,1.19,1.00
2017.07.10 01:42:26.478,1.50013,1.50025,1.69,1.00
2017.07.10 01:42:26.930,1.50013,1.50027,1.69,1.00
2017.07.10 01:42:27.457,1.50013,1.50026,1.69,1.00
2017.07.10 01:42:28.301,1.50013,1.50027,1.25,1.00
2017.07.10 01:42:28.861,1.50013,1.50026,1.25,1.00
2017.07.10 01:42:29.365,1.50013,1.50027,1.25,1.00
2017.07.10 01:42:30.893,1.50013,1.50026,1.25,1.00
2017.07.10 01:42:31.407,1.50013,1.50027,1.87,1.00
2017.07.10 01:42:31.948,1.50013,1.50026,2.62,1.00
2017.07.10 01:42:33.141,1.50016,1.50026,1.00,1.00
2017.07.10 01:42:33.398,1.50017,1.5003,1.12,1.00
2017.07.10 01:42:33.730,1.50012,1.50028,6.37,1.00
2017.07.10 01:42:33.782,1.50012,1.50028,5.25,1.00
2017.07.10 01:42:33.833,1.50014,1.50024,1.00,1.00
2017.07.10 01:42:34.750,1.50014,1.50025,1.00,1.00
2017.07.10 01:42:35.603,1.50014,1.50026,1.25,1.00
2017.07.10 01:42:36.144,1.50014,1.50026,1.69,1.00
2017.07.10 01:42:36.196,1.50015,1.5003,1.31,1.00
2017.07.10 01:42:36.247,1.50015,1.5003,2.44,1.00
2017.07.10 01:42:36.504,1.50019,1.50032,1.31,1.00
2017.07.10 01:42:37.021,1.50019,1.50031,1.31,1.00
2017.07.10 01:42:38.823,1.50019,1.50033,1.25,1.00
2017.07.10 01:42:39.078,1.50018,1.50031,1.12,1.00
2017.07.10 01:42:39.629,1.50018,1.50031,1.50,1.00
2017.07.10 01:42:39.731,1.50018,1.50033,1.50,1.00
2017.07.10 01:42:40.085,1.50019,1.50033,1.31,1.00
2017.07.10 01:42:41.158,1.5002,1.50032,1.19,1.00
2017.07.10 01:42:42.095,1.5002,1.50033,1.19,1.00
2017.07.10 01:42:42.582,1.50018,1.50033,1.25,1.00
2017.07.10 01:42:42.786,1.50015,1.5003,1.50,1.00
2017.07.10 01:42:42.838,1.50015,1.50029,1.00,1.00
2017.07.10 01:42:43.340,1.50014,1.50028,3.00,1.00
2017.07.10 01:42:43.748,1.50014,1.5003,1.87,1.00
2017.07.10 01:42:43.851,1.50016,1.5003,1.00,1.00
2017.07.10 01:42:44.618,1.50016,1.50031,1.00,1.00
2017.07.10 01:42:44.950,1.50016,1.50029,1.00,1.00
2017.07.10 01:42:45.498,1.50016,1.5003,1.00,1.00
2017.07.10 01:42:46.106,1.50016,1.50031,1.00,1.00
2017.07.10 01:42:46.617,1.50015,1.50031,1.50,1.00
2017.07.10 01:42:47.135,1.50015,1.5003,1.50,1.00
2017.07.10 01:42:47.283,1.50015,1.50032,1.50,1.00
2017.07.10 01:42:47.814,1.50015,1.50033,1.50,1.50
2017.07.10 01:42:48.134,1.50015,1.50031,1.50,1.00
2017.07.10 01:42:48.805,1.50015,1.50032,1.50,1.00
2017.07.10 01:42:49.409,1.50015,1.50031,1.50,1.00
2017.07.10 01:42:50.502,1.50015,1.50032,1.50,1.00
2017.07.10 01:42:51.166,1.50015,1.50033,1.50,1.50
2017.07.10 01:42:51.697,1.50015,1.50032,1.50,1.00
2017.07.10 01:42:52.235,1.50013,1.50031,3.00,1.00
2017.07.10 01:42:52.543,1.50013,1.50029,1.37,1.00
2017.07.10 01:42:53.049,1.50013,1.5003,1.37,1.00
2017.07.10 01:42:54.660,1.50012,1.50029,1.37,1.00
2017.07.10 01:42:54.814,1.50009,1.50025,1.12,1.00
2017.07.10 01:42:54.916,1.50007,1.50025,1.12,1.00
2017.07.10 01:42:55.223,1.50005,1.50024,1.12,2.25
2017.07.10 01:42:55.820,1.50003,1.50022,2.62,1.50
2017.07.10 01:42:55.872,1.50003,1.50022,1.50,1.50
2017.07.10 01:42:56.178,1.50003,1.5002,1.00,1.00
2017.07.10 01:43:01.546,1.50004,1.50021,1.00,1.00
2017.07.10 01:43:01.853,1.50006,1.50022,1.00,1.00
2017.07.10 01:43:02.360,1.50006,1.50023,1.00,1.00
2017.07.10 01:43:03.562,1.50006,1.50023,1.69,1.00
2017.07.10 01:43:03.868,1.50013,1.50028,1.25,1.00
2017.07.10 01:43:04.073,1.50013,1.5003,1.25,1.00
2017.07.10 01:43:04.653,1.50014,1.5003,1.00,1.00
2017.07.10 01:43:04.756,1.50014,1.50032,1.00,1.87
2017.07.10 01:43:05.565,1.50015,1.50032,1.00,1.50
2017.07.10 01:43:06.482,1.50014,1.50032,1.00,1.00
2017.07.10 01:43:09.072,1.50013,1.50032,1.25,1.00
2017.07.10 01:43:09.123,1.50014,1.50032,1.69,1.00
2017.07.10 01:43:09.583,1.50017,1.50034,1.50,1.00
2017.07.10 01:43:09.992,1.50016,1.50034,1.31,1.00
2017.07.10 01:43:10.299,1.50019,1.50037,1.25,1.00
2017.07.10 01:43:11.912,1.50019,1.50037,1.19,1.00
2017.07.10 01:43:14.202,1.50019,1.50037,1.19,1.00
2017.07.10 01:43:14.509,1.50019,1.50037,1.19,2.62
2017.07.10 01:43:14.612,1.50015,1.50033,1.19,1.00
2017.07.10 01:43:14.664,1.50013,1.50031,2.25,1.00
2017.07.10 01:43:14.715,1.50012,1.50029,1.00,1.00
2017.07.10 01:43:15.228,1.50011,1.50029,1.12,1.00
2017.07.10 01:43:18.388,1.50011,1.5003,1.00,1.50
2017.07.10 01:43:18.906,1.50011,1.50029,1.00,1.00
2017.07.10 01:43:22.091,1.50011,1.50031,1.00,1.50
2017.07.10 01:43:22.347,1.50011,1.50032,2.25,1.50
2017.07.10 01:43:23.242,1.50013,1.50031,1.19,1.00
2017.07.10 01:43:23.446,1.50012,1.5003,1.12,1.00
2017.07.10 01:43:27.447,1.50014,1.50033,1.31,1.87
2017.07.10 01:43:27.938,1.50014,1.50033,1.19,1.00
2017.07.10 01:43:29.053,1.50013,1.50033,1.31,1.00
2017.07.10 01:43:29.105,1.50013,1.50031,1.31,1.00
2017.07.10 01:43:29.643,1.50013,1.50031,2.06,1.00
2017.07.10 01:43:30.869,1.50012,1.50031,1.31,1.37
2017.07.10 01:43:30.921,1.50011,1.50027,1.12,1.00
2017.07.10 01:43:31.024,1.50007,1.50025,1.12,1.00
2017.07.10 01:43:31.229,1.50005,1.50025,1.69,1.12
2017.07.10 01:43:31.740,1.50005,1.50024,1.69,1.00
2017.07.10 01:43:34.199,1.50005,1.50024,1.19,1.00
2017.07.10 01:43:34.404,1.50004,1.50024,1.50,1.87
2017.07.10 01:43:34.929,1.50003,1.50024,1.25,2.62
2017.07.10 01:43:35.451,1.50003,1.50024,1.25,3.37
2017.07.10 01:43:35.859,1.50003,1.50024,1.44,3.37
2017.07.10 01:43:36.013,1.50005,1.50024,1.19,1.12
2017.07.10 01:43:39.042,1.50004,1.50025,1.69,2.25
2017.07.10 01:43:39.552,1.50004,1.50025,1.69,2.25
2017.07.10 01:43:40.184,1.50005,1.50023,1.25,1.00
2017.07.10 01:43:41.068,1.50005,1.50023,1.19,1.00
2017.07.10 01:43:41.332,1.50008,1.50024,1.00,1.12
2017.07.10 01:43:44.155,1.50006,1.50024,1.00,1.87
2017.07.10 01:43:44.807,1.50007,1.50024,1.00,1.87
2017.07.10 01:43:48.502,1.50007,1.50019,1.00,1.00
2017.07.10 01:43:48.662,1.50001,1.50018,1.50,1.00
2017.07.10 01:43:49.074,1.50003,1.50019,1.50,1.12
2017.07.10 01:43:49.535,1.50005,1.5002,1.00,1.00
2017.07.10 01:43:49.908,1.50007,1.5002,1.00,1.00
2017.07.10 01:43:50.222,1.50005,1.5002,1.00,1.00
2017.07.10 01:43:50.811,1.50005,1.50019,1.00,1.00
2017.07.10 01:43:51.352,1.50005,1.5002,1.00,1.50
2017.07.10 01:43:52.071,1.50007,1.5002,1.00,1.00
2017.07.10 01:43:52.574,1.50008,1.50021,1.00,1.00
2017.07.10 01:43:52.626,1.50007,1.50023,1.00,1.50
2017.07.10 01:43:53.542,1.50007,1.50022,1.00,1.00
2017.07.10 01:43:54.048,1.50007,1.50021,1.00,1.00
2017.07.10 01:43:54.593,1.50007,1.50022,1.00,1.00
2017.07.10 01:43:56.499,1.50007,1.50021,1.00,1.00
2017.07.10 01:43:56.762,1.50007,1.50023,1.00,1.50
2017.07.10 01:43:57.215,1.50008,1.50021,1.00,1.00
2017.07.10 01:43:57.477,1.50011,1.50025,1.00,1.00
2017.07.10 01:43:57.528,1.50009,1.50025,1.00,1.00
2017.07.10 01:43:57.632,1.50011,1.50025,1.00,1.00
2017.07.10 01:43:57.734,1.50009,1.50025,1.00,1.12
2017.07.10 01:43:58.246,1.50009,1.50024,1.00,1.00
2017.07.10 01:43:59.366,1.5001,1.50024,1.00,1.00
2017.07.10 01:43:59.879,1.50011,1.50025,1.00,1.00
2017.07.10 01:44:02.987,1.5001,1.50025,1.00,1.00
2017.07.10 01:44:07.166,1.5001,1.50026,1.00,1.00
2017.07.10 01:44:07.687,1.50011,1.50025,1.00,1.00
2017.07.10 01:44:12.649,1.50012,1.50027,1.00,1.50
2017.07.10 01:44:16.744,1.50013,1.5003,1.00,1.75
2017.07.10 01:44:17.158,1.50015,1.50029,1.00,1.00
2017.07.10 01:44:17.667,1.50014,1.50028,1.00,1.00
2017.07.10 01:44:18.898,1.50014,1.5003,1.00,2.25
2017.07.10 01:44:24.026,1.50015,1.5003,1.00,1.37
2017.07.10 01:44:24.282,1.50016,1.50032,1.00,1.50
2017.07.10 01:44:24.436,1.50017,1.50034,1.00,1.87
2017.07.10 01:44:24.590,1.50015,1.50034,1.00,1.50
2017.07.10 01:44:24.642,1.50018,1.50034,1.00,1.50
2017.07.10 01:44:25.000,1.50016,1.50034,1.50,3.19
2017.07.10 01:44:25.205,1.50016,1.50031,1.00,1.00
2017.07.10 01:44:25.256,1.50014,1.50031,1.00,1.00
2017.07.10 01:44:28.381,1.50012,1.50031,1.00,2.06
2017.07.10 01:44:28.433,1.50012,1.50031,1.00,3.37
2017.07.10 01:44:28.740,1.50016,1.50027,1.00,1.00
2017.07.10 01:44:28.792,1.50016,1.50032,1.00,1.00
2017.07.10 01:44:29.048,1.50014,1.50032,1.50,1.50
2017.07.10 01:44:29.616,1.50014,1.50031,1.00,1.00
2017.07.10 01:44:31.161,1.50017,1.50033,1.00,2.62
2017.07.10 01:44:31.213,1.50017,1.50033,1.00,1.50
2017.07.10 01:44:31.265,1.50019,1.50036,1.00,1.00
2017.07.10 01:44:31.497,1.50022,1.50039,1.00,1.69
2017.07.10 01:44:32.429,1.50022,1.50039,1.00,1.69
2017.07.10 01:44:35.998,1.50023,1.50039,1.00,1.69
2017.07.10 01:44:37.194,1.50023,1.50039,1.00,2.25
2017.07.10 01:44:37.811,1.50022,1.50039,1.00,2.25
2017.07.10 01:44:42.063,1.50021,1.50039,1.00,2.25
2017.07.10 01:44:42.228,1.50021,1.50039,1.00,2.06
2017.07.10 01:44:44.502,1.50023,1.50039,1.00,1.31
2017.07.10 01:44:45.468,1.50024,1.5004,1.00,1.31
2017.07.10 01:44:46.622,1.50023,1.5004,1.00,1.56
2017.07.10 01:44:48.299,1.50023,1.50041,1.00,2.00
2017.07.10 01:44:50.172,1.50023,1.5004,1.00,1.50
2017.07.10 01:44:50.327,1.50025,1.50041,1.00,1.37
2017.07.10 01:44:50.736,1.50024,1.50041,1.00,1.44
2017.07.10 01:44:54.129,1.50023,1.50042,1.00,2.06
2017.07.10 01:44:54.862,1.50022,1.50042,1.00,2.06
2017.07.10 01:44:55.887,1.50023,1.50042,1.00,2.44
2017.07.10 01:44:56.115,1.50026,1.50043,1.00,1.56
2017.07.10 01:44:56.270,1.50028,1.50046,1.00,1.56
2017.07.10 01:44:56.814,1.50029,1.50048,1.00,1.37
2017.07.10 01:44:57.342,1.50028,1.50045,1.00,1.19
2017.07.10 01:44:57.445,1.50025,1.50044,1.50,1.12
2017.07.10 01:44:57.496,1.50025,1.50041,1.00,1.56
2017.07.10 01:44:57.548,1.50023,1.5004,1.00,1.31
2017.07.10 01:44:57.600,1.5002,1.50037,1.50,1.19
2017.07.10 01:44:57.652,1.50019,1.50037,1.00,2.19
2017.07.10 01:44:57.703,1.50017,1.50037,1.00,2.19
2017.07.10 01:44:57.857,1.50018,1.50034,1.00,1.50
2017.07.10 01:44:58.407,1.50017,1.50032,1.00,1.12
2017.07.10 01:45:00.228,1.50018,1.50034,1.00,1.50
2017.07.10 01:45:00.534,1.5002,1.50037,1.00,3.19
2017.07.10 01:45:01.064,1.50019,1.50034,1.00,1.00
2017.07.10 01:45:01.604,1.50018,1.50034,1.00,1.00
2017.07.10 01:45:02.259,1.50018,1.50035,1.00,1.87
2017.07.10 01:45:04.260,1.50018,1.50034,1.00,1.00
2017.07.10 01:45:09.322,1.5002,1.50035,1.00,1.50
2017.07.10 01:45:09.945,1.50018,1.50035,1.00,1.50
2017.07.10 01:45:10.391,1.50014,1.5003,2.62,1.00
2017.07.10 01:45:11.775,1.50014,1.5003,2.62,1.00
2017.07.10 01:45:12.358,1.50015,1.50029,1.44,1.00
2017.07.10 01:45:12.765,1.50015,1.50031,1.44,1.00
2017.07.10 01:45:14.030,1.50015,1.5003,1.19,1.00
2017.07.10 01:45:16.705,1.50015,1.50028,1.00,1.00
2017.07.10 01:45:17.011,1.50012,1.50026,1.31,1.00
2017.07.10 01:45:17.231,1.50012,1.50028,2.06,1.00
2017.07.10 01:45:17.799,1.50015,1.50028,1.00,1.00
2017.07.10 01:45:18.157,1.50011,1.50025,2.81,1.00
2017.07.10 01:45:18.208,1.50011,1.50025,1.00,1.00
2017.07.10 01:45:18.430,1.50006,1.50022,2.06,1.00
2017.07.10 01:45:18.738,1.50005,1.5002,3.00,1.00
2017.07.10 01:45:19.248,1.50005,1.5002,2.44,1.00
2017.07.10 01:45:20.150,1.50005,1.50019,1.69,1.00
2017.07.10 01:45:20.674,1.50005,1.50019,1.25,1.00
2017.07.10 01:45:21.749,1.50003,1.50019,1.56,1.00
2017.07.10 01:45:26.264,1.50002,1.50019,1.00,1.00
2017.07.10 01:45:29.338,1.50002,1.5002,1.12,1.00
2017.07.10 01:45:29.845,1.50003,1.5002,1.50,1.00
2017.07.10 01:45:30.608,1.50002,1.5002,1.50,1.00
2017.07.10 01:45:31.920,1.50002,1.5002,2.44,1.00
2017.07.10 01:45:32.919,1.50002,1.5002,1.31,1.00
2017.07.10 01:45:36.261,1.50002,1.5002,1.87,1.00
2017.07.10 01:45:44.260,1.50002,1.50019,2.62,1.00
2017.07.10 01:45:45.076,1.50002,1.50019,2.44,1.00
2017.07.10 01:45:45.578,1.50002,1.50018,1.69,1.00
2017.07.10 01:45:46.089,1.50002,1.50019,1.69,1.00
2017.07.10 01:45:46.746,1.50002,1.5002,1.69,1.00
2017.07.10 01:45:48.562,1.50002,1.5002,2.25,1.00
2017.07.10 01:45:49.209,1.50002,1.50019,2.25,1.00
2017.07.10 01:45:50.840,1.50002,1.50021,4.31,1.00
2017.07.10 01:45:59.494,1.50004,1.5002,1.50,1.00
2017.07.10 01:46:00.677,1.50004,1.50018,1.44,1.00
2017.07.10 01:46:01.187,1.50003,1.50017,1.69,1.00
2017.07.10 01:46:08.195,1.50002,1.50017,3.56,1.00
2017.07.10 01:46:11.572,1.50002,1.50017,3.19,1.00
2017.07.10 01:46:12.197,1.50002,1.50017,3.94,1.00
2017.07.10 01:46:12.873,1.50002,1.50017,2.25,1.00
2017.07.10 01:46:13.383,1.50002,1.50016,1.50,1.00
2017.07.10 01:46:14.089,1.50002,1.50016,1.50,1.00
2017.07.10 01:46:15.289,1.50002,1.50017,1.31,1.00
2017.07.10 01:46:15.938,1.50003,1.50017,1.00,1.00
2017.07.10 01:46:19.515,1.50002,1.50017,1.69,1.00
2017.07.10 01:46:23.918,1.5,1.50012,1.37,1.00
2017.07.10 01:46:24.174,1.49986,1.50001,2.25,1.00
2017.07.10 01:46:24.396,1.49985,1.49999,1.50,1.00
2017.07.10 01:46:24.447,1.49985,1.5,1.00,1.00
2017.07.10 01:46:24.961,1.49984,1.5,1.87,1.00
2017.07.10 01:46:27.531,1.49984,1.49998,1.12,1.00
2017.07.10 01:46:27.837,1.49984,1.49996,1.00,1.00
2017.07.10 01:46:29.585,1.49984,1.49997,1.25,1.00
2017.07.10 01:46:29.920,1.49984,1.49999,1.25,1.00
2017.07.10 01:46:29.974,1.49982,1.49996,1.19,1.00
2017.07.10 01:46:30.231,1.49981,1.49998,2.25,1.00
2017.07.10 01:46:31.334,1.49981,1.49996,2.62,1.00
2017.07.10 01:46:32.093,1.49981,1.49996,1.87,1.00
2017.07.10 01:46:33.803,1.49981,1.49995,1.87,1.00
2017.07.10 01:46:35.562,1.49981,1.49996,1.87,1.00
2017.07.10 01:46:35.665,1.49981,1.49998,2.62,1.00
2017.07.10 01:46:35.716,1.49981,1.5,3.37,1.00
2017.07.10 01:46:36.122,1.49984,1.5,1.19,1.00
2017.07.10 01:46:39.119,1.49983,1.5,2.06,1.00
2017.07.10 01:46:39.172,1.49984,1.5,1.50,1.00
2017.07.10 01:46:42.173,1.49983,1.5,3.00,1.00
2017.07.10 01:46:50.535,1.49983,1.50001,1.87,1.00
2017.07.10 01:46:56.191,1.49983,1.5,1.87,1.00
2017.07.10 01:46:58.519,1.49985,1.5,1.00,1.00
2017.07.10 01:46:59.054,1.49985,1.50003,1.00,1.25
2017.07.10 01:46:59.599,1.49984,1.50003,1.12,1.25
2017.07.10 01:47:00.228,1.49986,1.50003,1.00,1.25
2017.07.10 01:47:00.824,1.49987,1.50003,1.00,1.25
2017.07.10 01:47:02.439,1.49986,1.50003,1.00,1.25
2017.07.10 01:47:03.040,1.49987,1.50003,1.00,1.25
2017.07.10 01:47:03.348,1.49987,1.50001,1.00,1.00
2017.07.10 01:47:03.797,1.49984,1.5,1.12,1.00
2017.07.10 01:47:04.328,1.49985,1.5,1.00,1.00
2017.07.10 01:47:04.920,1.49982,1.5,2.06,1.00
2017.07.10 01:47:07.654,1.49986,1.50001,1.00,1.00
2017.07.10 01:47:07.960,1.49986,1.50003,1.00,1.25
2017.07.10 01:47:08.740,1.49987,1.50003,1.00,1.25
2017.07.10 01:47:09.251,1.49986,1.50003,1.00,1.00
2017.07.10 01:47:09.425,1.49988,1.50003,1.00,1.00
2017.07.10 01:47:10.188,1.49989,1.50003,1.00,1.00
2017.07.10 01:47:10.860,1.49988,1.50003,1.00,1.00
2017.07.10 01:47:11.199,1.49992,1.50002,1.00,1.00
2017.07.10 01:47:11.708,1.49991,1.50002,1.00,1.00
2017.07.10 01:47:12.046,1.49993,1.50002,1.00,1.00
2017.07.10 01:47:12.563,1.49992,1.50002,1.00,1.00
2017.07.10 01:47:15.515,1.49991,1.50002,1.00,1.00
2017.07.10 01:47:16.042,1.49992,1.50002,1.00,1.00
2017.07.10 01:47:16.492,1.49995,1.50002,1.00,1.00
2017.07.10 01:47:18.344,1.49994,1.50002,1.00,1.00
2017.07.10 01:47:19.125,1.49993,1.50002,1.00,1.00
2017.07.10 01:47:20.357,1.49994,1.50002,1.00,1.00
2017.07.10 01:47:20.869,1.49993,1.50002,1.00,1.00
2017.07.10 01:47:21.699,1.49994,1.50002,1.00,1.00
2017.07.10 01:47:22.200,1.49993,1.50002,1.00,1.00
2017.07.10 01:47:22.568,1.49995,1.50002,1.00,1.00
2017.07.10 01:47:23.683,1.49994,1.50002,1.00,1.00
2017.07.10 01:47:24.272,1.49995,1.50002,1.00,1.00
2017.07.10 01:47:24.827,1.49993,1.50002,1.00,1.00
2017.07.10 01:47:25.412,1.49992,1.50001,1.00,1.00
2017.07.10 01:47:25.785,1.49992,1.49998,1.00,1.00
2017.07.10 01:47:25.889,1.49987,1.49995,1.00,1.00
2017.07.10 01:47:25.941,1.49987,1.49993,1.00,1.00
2017.07.10 01:47:26.044,1.49983,1.49993,1.00,1.00
2017.07.10 01:47:26.333,1.49981,1.49992,1.00,1.00
2017.07.10 01:47:26.899,1.49983,1.49992,1.00,1.00
2017.07.10 01:47:28.229,1.49982,1.49992,1.00,1.00
2017.07.10 01:47:29.032,1.49982,1.49993,1.00,1.00
2017.07.10 01:47:29.823,1.49981,1.49993,1.00,1.00
2017.07.10 01:47:30.359,1.49982,1.49994,1.00,1.00
2017.07.10 01:47:30.686,1.49984,1.49994,1.00,1.00
2017.07.10 01:47:30.989,1.49982,1.49994,1.00,1.00
2017.07.10 01:47:31.574,1.49981,1.49994,1.00,1.00
2017.07.10 01:47:31.988,1.49983,1.49994,1.00,1.00
2017.07.10 01:47:32.574,1.49982,1.49994,1.00,1.00
2017.07.10 01:47:33.289,1.49982,1.49995,1.00,1.00
2017.07.10 01:47:33.597,1.49989,1.49997,1.00,1.00
2017.07.10 01:47:33.904,1.49991,1.49997,1.00,1.00
2017.07.10 01:47:34.109,1.49989,1.49997,1.00,1.00
2017.07.10 01:47:34.639,1.49986,1.49996,1.00,1.00
2017.07.10 01:47:34.894,1.49984,1.49996,1.00,1.00
2017.07.10 01:47:35.569,1.49986,1.49996,1.00,1.00
2017.07.10 01:47:36.186,1.49987,1.49996,1.00,1.00
2017.07.10 01:47:37.488,1.49988,1.49996,1.00,1.00
2017.07.10 01:47:37.960,1.49986,1.49996,1.00,1.00
2017.07.10 01:47:38.589,1.49987,1.49996,1.00,1.00
2017.07.10 01:47:39.097,1.49986,1.49996,1.00,1.00
2017.07.10 01:47:39.822,1.49985,1.49996,1.00,1.00
2017.07.10 01:47:40.343,1.49986,1.49996,1.00,1.00
2017.07.10 01:47:41.193,1.49984,1.49996,1.00,1.00
2017.07.10 01:47:42.722,1.49983,1.49996,1.00,1.00
2017.07.10 01:47:43.498,1.49984,1.49996,1.00,1.00
2017.07.10 01:47:44.004,1.49985,1.49996,1.00,1.00
2017.07.10 01:47:44.339,1.49983,1.49996,1.00,1.00
2017.07.10 01:47:44.843,1.49984,1.49995,1.00,1.00
2017.07.10 01:47:45.348,1.49985,1.49995,1.00,1.00
2017.07.10 01:47:46.592,1.49986,1.49995,1.00,1.00
2017.07.10 01:47:47.134,1.49985,1.49995,1.00,1.00
2017.07.10 01:47:47.676,1.49986,1.49995,1.00,1.00
2017.07.10 01:47:48.196,1.49985,1.49995,1.00,1.00
2017.07.10 01:47:48.900,1.49986,1.49995,1.00,1.00
2017.07.10 01:47:49.449,1.49985,1.49995,1.00,1.00
2017.07.10 01:47:50.195,1.49984,1.49996,1.00,1.00
2017.07.10 01:47:51.965,1.49986,1.49996,1.00,1.00
2017.07.10 01:47:52.718,1.49985,1.49996,1.00,1.00
2017.07.10 01:47:54.782,1.49984,1.49996,1.00,1.00
2017.07.10 01:47:55.292,1.49983,1.49996,1.00,1.00
2017.07.10 01:47:56.041,1.49981,1.49996,1.00,1.50
2017.07.10 01:47:56.589,1.49982,1.49996,1.00,1.50
2017.07.10 01:47:56.640,1.49982,1.49994,1.00,1.00
2017.07.10 01:47:57.169,1.49981,1.49994,1.00,1.00
2017.07.10 01:47:57.871,1.49982,1.49994,1.00,1.00
2017.07.10 01:47:58.330,1.4998,1.49994,1.00,1.00
2017.07.10 01:47:58.949,1.49976,1.49992,1.37,1.00
2017.07.10 01:47:59.103,1.49976,1.49989,1.00,1.00
2017.07.10 01:47:59.205,1.49971,1.49989,3.19,1.00
2017.07.10 01:48:00.140,1.49972,1.4999,2.25,1.00
2017.07.10 01:48:00.667,1.49973,1.49991,2.81,1.00
2017.07.10 01:48:01.623,1.49976,1.49992,1.00,1.00
2017.07.10 01:48:01.934,1.49978,1.49994,1.69,1.00
2017.07.10 01:48:02.850,1.49978,1.49995,2.44,1.00
2017.07.10 01:48:03.369,1.49978,1.49994,1.69,1.00
2017.07.10 01:48:05.684,1.49978,1.49996,1.87,1.00
2017.07.10 01:48:06.240,1.4998,1.49996,1.00,1.00
2017.07.10 01:48:07.302,1.4998,1.49997,1.12,1.00
2017.07.10 01:48:09.964,1.49979,1.49997,1.25,1.00
2017.07.10 01:48:11.700,1.49977,1.49996,1.56,1.00
2017.07.10 01:48:12.210,1.49976,1.49996,2.62,1.00
2017.07.10 01:48:12.760,1.49976,1.49995,1.87,1.00
2017.07.10 01:48:13.289,1.49976,1.49994,1.87,1.00
2017.07.10 01:48:15.723,1.49977,1.49997,1.37,1.69
2017.07.10 01:48:18.772,1.49976,1.49994,2.25,1.19
2017.07.10 01:48:18.877,1.49976,1.49994,1.12,1.19
2017.07.10 01:48:19.033,1.49973,1.49992,2.62,1.19
2017.07.10 01:48:19.940,1.49975,1.49992,1.00,1.19
2017.07.10 01:48:21.247,1.49976,1.49992,1.00,1.19
2017.07.10 01:48:21.758,1.49977,1.49992,1.00,1.19
2017.07.10 01:48:22.415,1.49976,1.49992,1.00,1.19
2017.07.10 01:48:22.930,1.49977,1.49992,1.00,1.19
2017.07.10 01:48:23.500,1.49976,1.49992,1.00,1.19
2017.07.10 01:48:24.067,1.49977,1.49992,1.00,1.19
2017.07.10 01:48:25.596,1.49978,1.49992,1.00,1.19
2017.07.10 01:48:26.147,1.49977,1.49992,1.00,1.19
2017.07.10 01:48:30.133,1.49978,1.49991,1.00,1.19
2017.07.10 01:48:31.759,1.49977,1.49991,1.00,1.19
2017.07.10 01:48:33.993,1.49978,1.49991,1.00,1.19
2017.07.10 01:48:34.505,1.49977,1.49991,1.00,1.19
2017.07.10 01:48:36.417,1.49972,1.49993,2.25,1.19
2017.07.10 01:48:36.469,1.49972,1.49993,1.87,1.19
2017.07.10 01:48:37.251,1.49972,1.49993,1.00,1.69
2017.07.10 01:48:37.765,1.49972,1.49993,2.25,2.44
2017.07.10 01:48:37.867,1.49972,1.49993,1.87,2.44
2017.07.10 01:48:38.506,1.49973,1.4999,1.37,1.19
2017.07.10 01:48:38.711,1.49968,1.49985,1.00,1.50
2017.07.10 01:48:38.862,1.49964,1.49984,1.00,1.75
2017.07.10 01:48:38.913,1.49962,1.49983,1.00,2.62
2017.07.10 01:48:39.441,1.49963,1.49982,1.00,1.25
2017.07.10 01:48:39.818,1.4996,1.4998,1.87,1.19
2017.07.10 01:48:40.022,1.49958,1.49979,2.44,1.31
2017.07.10 01:48:40.533,1.49957,1.49977,2.06,1.00
2017.07.10 01:48:40.721,1.49956,1.49977,1.87,1.69
2017.07.10 01:48:41.954,1.49956,1.49974,1.50,1.19
2017.07.10 01:48:42.616,1.49957,1.49974,1.00,1.19
2017.07.10 01:48:43.579,1.49956,1.49974,1.50,1.19
2017.07.10 01:48:44.536,1.49957,1.49974,1.00,1.19
2017.07.10 01:48:44.789,1.49959,1.49976,1.00,1.69
2017.07.10 01:48:45.862,1.49958,1.49976,1.50,1.87
2017.07.10 01:48:46.379,1.49957,1.49973,1.00,1.25
2017.07.10 01:48:48.121,1.49958,1.49973,1.00,1.25
2017.07.10 01:48:49.501,1.49957,1.49973,1.50,1.25
2017.07.10 01:48:49.970,1.4996,1.49974,1.12,1.19
2017.07.10 01:48:50.225,1.49963,1.49978,1.00,1.19
2017.07.10 01:48:50.735,1.49964,1.49978,1.00,1.69
2017.07.10 01:48:50.939,1.49962,1.49978,1.00,1.69
2017.07.10 01:49:00.233,1.4996,1.49977,1.00,1.44
2017.07.10 01:49:00.437,1.49958,1.49976,1.00,1.87
2017.07.10 01:49:00.700,1.49958,1.49975,1.00,1.19
2017.07.10 01:49:04.526,1.49958,1.49975,1.00,1.19
2017.07.10 01:49:06.481,1.49956,1.49974,1.00,2.44
2017.07.10 01:49:06.635,1.49952,1.49971,1.12,1.19
2017.07.10 01:49:06.790,1.49952,1.4997,1.00,1.69
2017.07.10 01:49:07.799,1.4995,1.49967,1.00,1.25
2017.07.10 01:49:09.272,1.4995,1.49966,1.00,1.00
2017.07.10 01:49:10.691,1.49949,1.49966,1.00,1.00
2017.07.10 01:49:11.656,1.4995,1.49966,1.00,1.50
2017.07.10 01:49:11.759,1.49952,1.49966,1.00,1.00
2017.07.10 01:49:11.963,1.49953,1.4997,1.00,1.50
2017.07.10 01:49:12.219,1.49952,1.49968,1.00,1.00
2017.07.10 01:49:13.282,1.49952,1.49969,1.50,1.50
2017.07.10 01:49:13.789,1.49953,1.49969,1.00,1.50
2017.07.10 01:49:14.323,1.49953,1.49968,1.00,1.00
2017.07.10 01:49:14.956,1.49955,1.49969,1.50,1.50
2017.07.10 01:49:15.007,1.49955,1.49971,1.50,1.50
2017.07.10 01:49:15.521,1.49956,1.4997,1.00,1.50
2017.07.10 01:49:16.679,1.49956,1.49971,1.00,1.50
2017.07.10 01:49:17.100,1.49956,1.49973,1.00,1.69
2017.07.10 01:49:17.509,1.49959,1.49973,1.00,1.00
2017.07.10 01:49:18.500,1.49957,1.49973,1.50,1.00
2017.07.10 01:49:19.114,1.49957,1.49974,1.00,1.00
2017.07.10 01:49:21.427,1.49958,1.49975,1.00,1.69
2017.07.10 01:49:21.971,1.49957,1.49975,1.00,1.69
2017.07.10 01:49:28.106,1.49956,1.49974,1.00,2.44
2017.07.10 01:49:28.728,1.49955,1.49973,1.00,1.00
2017.07.10 01:49:31.731,1.49956,1.49973,1.00,1.50
2017.07.10 01:49:32.290,1.49955,1.49973,1.00,1.50
2017.07.10 01:49:32.822,1.49955,1.49972,1.00,1.00
2017.07.10 01:49:33.157,1.49957,1.49972,1.00,1.00
2017.07.10 01:49:33.703,1.49956,1.49972,1.00,1.00
2017.07.10 01:49:36.689,1.49956,1.49973,1.00,1.50
2017.07.10 01:49:37.849,1.49955,1.49973,1.50,1.50
2017.07.10 01:49:38.205,1.49961,1.49976,1.00,1.00
2017.07.10 01:49:38.513,1.49964,1.49978,1.00,1.50
2017.07.10 01:49:39.550,1.49963,1.49978,1.00,1.00
2017.07.10 01:49:40.133,1.49963,1.49979,1.00,1.50
2017.07.10 01:49:40.661,1.49965,1.49979,1.00,1.50
2017.07.10 01:49:41.018,1.49963,1.49981,1.50,1.50
2017.07.10 01:49:41.171,1.49966,1.4998,1.00,1.00
2017.07.10 01:49:41.692,1.49966,1.49981,1.00,1.50
2017.07.10 01:49:42.833,1.49965,1.49981,1.00,1.50
2017.07.10 01:49:43.334,1.49965,1.49978,1.00,1.00
2017.07.10 01:49:43.850,1.49964,1.49978,1.00,1.00
2017.07.10 01:49:44.672,1.49963,1.49978,1.00,1.00
2017.07.10 01:49:46.414,1.49964,1.49978,1.00,1.00
2017.07.10 01:49:47.647,1.49965,1.49978,1.00,1.00
2017.07.10 01:49:47.888,1.49965,1.4998,1.00,1.00
2017.07.10 01:49:47.941,1.49967,1.4998,1.00,1.00
2017.07.10 01:49:48.860,1.49966,1.4998,1.00,1.00
2017.07.10 01:49:49.267,1.49962,1.49979,2.25,1.00
2017.07.10 01:49:49.319,1.49962,1.49977,2.25,1.00
2017.07.10 01:49:49.370,1.49962,1.49977,1.50,1.00
2017.07.10 01:49:50.525,1.49963,1.49977,1.00,1.00
2017.07.10 01:49:51.138,1.49962,1.49977,1.00,1.00
2017.07.10 01:49:51.692,1.49962,1.49978,1.00,1.00
2017.07.10 01:49:51.919,1.49962,1.49976,1.00,1.00
2017.07.10 01:49:52.125,1.49957,1.49973,1.87,1.00
2017.07.10 01:49:55.546,1.49958,1.49973,1.37,1.00
2017.07.10 01:49:56.060,1.49957,1.49973,1.87,1.00
2017.07.10 01:49:58.070,1.49957,1.49974,1.75,1.00
2017.07.10 01:49:58.417,1.49957,1.49974,1.00,1.00
2017.07.10 01:50:00.491,1.49955,1.49972,3.00,1.00
2017.07.10 01:50:01.039,1.49958,1.49974,1.00,1.00
2017.07.10 01:50:02.322,1.49958,1.49974,1.37,1.00
2017.07.10 01:50:03.347,1.49957,1.49973,1.00,1.19
2017.07.10 01:50:06.218,1.49955,1.49971,1.12,1.00
2017.07.10 01:50:10.328,1.49955,1.49972,1.12,1.25
2017.07.10 01:50:10.379,1.49954,1.49972,1.50,1.25
2017.07.10 01:50:10.838,1.49954,1.49971,2.06,1.00
2017.07.10 01:50:10.889,1.49955,1.49974,1.69,1.00
2017.07.10 01:50:11.464,1.49956,1.49973,2.25,1.00
2017.07.10 01:50:12.027,1.49958,1.49973,1.00,1.00
2017.07.10 01:50:12.605,1.49959,1.49974,1.00,1.19
2017.07.10 01:50:14.208,1.49958,1.49974,1.00,1.19
2017.07.10 01:50:14.259,1.49958,1.49973,1.00,1.19
2017.07.10 01:50:14.515,1.49955,1.49972,1.37,1.19
2017.07.10 01:50:15.068,1.49957,1.49972,1.00,1.19
2017.07.10 01:50:15.601,1.49956,1.49972,1.12,1.19
2017.07.10 01:50:15.886,1.49958,1.49972,1.00,1.19
2017.07.10 01:50:17.242,1.49958,1.49972,1.00,1.56
2017.07.10 01:50:17.754,1.49958,1.49972,1.00,1.19
2017.07.10 01:50:18.636,1.49956,1.49973,1.12,1.69
2017.07.10 01:50:18.943,1.49957,1.49973,1.00,1.25
2017.07.10 01:50:20.455,1.49958,1.49974,1.00,1.19
2017.07.10 01:50:22.118,1.49958,1.49975,1.12,1.19
2017.07.10 01:50:22.272,1.49958,1.49975,1.12,1.19
2017.07.10 01:50:22.964,1.49958,1.49974,1.87,1.19
2017.07.10 01:50:23.169,1.49955,1.49973,2.62,1.69
2017.07.10 01:50:24.167,1.49958,1.49973,1.00,1.69
2017.07.10 01:50:24.676,1.49957,1.49973,1.00,1.69
2017.07.10 01:50:25.331,1.49958,1.49973,1.00,1.69
2017.07.10 01:50:26.285,1.49957,1.49973,1.00,1.69
2017.07.10 01:50:26.899,1.49958,1.49973,1.00,1.00
2017.07.10 01:50:27.258,1.49957,1.49975,1.25,1.50
2017.07.10 01:50:27.310,1.49957,1.49977,1.50,2.06
2017.07.10 01:50:27.362,1.4996,1.49978,1.19,1.00
2017.07.10 01:50:29.194,1.49959,1.49978,2.44,1.00
2017.07.10 01:50:30.321,1.49958,1.49978,1.50,2.44
2017.07.10 01:50:31.775,1.4996,1.49978,1.00,1.25
2017.07.10 01:50:32.352,1.49959,1.49978,1.12,1.25
2017.07.10 01:50:33.007,1.4996,1.49978,1.00,1.25
2017.07.10 01:50:33.697,1.49959,1.49978,1.12,1.25
2017.07.10 01:50:34.282,1.49957,1.49978,2.25,1.25
2017.07.10 01:50:34.795,1.49957,1.49977,1.87,1.50
2017.07.10 01:50:36.908,1.49957,1.49977,2.62,1.69
2017.07.10 01:50:37.114,1.49956,1.49977,1.12,2.06
2017.07.10 01:50:37.933,1.49957,1.49974,1.00,1.00
2017.07.10 01:50:38.815,1.49958,1.49974,1.00,1.00
2017.07.10 01:50:42.427,1.49957,1.49974,1.00,1.00
2017.07.10 01:50:42.974,1.49956,1.49974,1.00,1.50
2017.07.10 01:50:45.879,1.49957,1.49974,1.00,1.50
2017.07.10 01:50:46.393,1.49956,1.49974,1.00,1.50
2017.07.10 01:50:46.965,1.49957,1.49974,1.00,1.50
2017.07.10 01:50:47.521,1.49958,1.49974,1.00,1.50
2017.07.10 01:50:48.082,1.49957,1.49974,1.00,1.50
2017.07.10 01:50:48.627,1.49958,1.49974,1.00,1.50
2017.07.10 01:50:49.210,1.49959,1.49974,1.00,1.50
2017.07.10 01:50:50.405,1.4996,1.49974,1.00,1.50
2017.07.10 01:50:50.906,1.49959,1.49974,1.00,1.50
2017.07.10 01:50:52.317,1.49961,1.49974,1.00,1.50
2017.07.10 01:50:52.866,1.4996,1.49974,1.00,1.50
2017.07.10 01:50:53.554,1.49961,1.49974,1.00,1.50
2017.07.10 01:50:54.149,1.49959,1.49974,1.00,1.50
2017.07.10 01:50:54.684,1.4996,1.49974,1.00,1.50
2017.07.10 01:50:55.218,1.49959,1.49974,1.00,1.50
2017.07.10 01:50:56.394,1.4996,1.49974,1.00,1.50
2017.07.10 01:50:56.696,1.49958,1.49974,1.00,1.50
2017.07.10 01:50:57.058,1.4996,1.49974,1.00,1.50
2017.07.10 01:50:57.611,1.49959,1.49974,1.00,1.69
2017.07.10 01:50:58.271,1.4996,1.49974,1.00,1.69
2017.07.10 01:50:58.932,1.49959,1.49974,1.00,1.69
2017.07.10 01:51:00.409,1.49956,1.49974,1.00,1.87
2017.07.10 01:51:00.511,1.49953,1.49972,1.50,1.25
2017.07.10 01:51:01.015,1.49952,1.49972,3.00,1.25
2017.07.10 01:51:04.879,1.49954,1.49972,1.00,1.12
2017.07.10 01:51:06.505,1.49954,1.49971,1.00,1.00
2017.07.10 01:51:09.566,1.49953,1.49971,1.00,1.00
2017.07.10 01:51:11.524,1.49955,1.49971,1.00,1.00
2017.07.10 01:51:11.832,1.49956,1.49973,1.37,1.69
2017.07.10 01:51:11.884,1.49953,1.49973,1.12,1.69
2017.07.10 01:51:12.089,1.49954,1.49973,1.87,1.50
2017.07.10 01:51:13.885,1.49956,1.49973,1.00,1.50
2017.07.10 01:51:16.198,1.49956,1.49973,1.37,1.50
2017.07.10 01:51:16.403,1.49959,1.49975,1.00,1.50
2017.07.10 01:51:21.772,1.49959,1.49975,1.00,1.69
2017.07.10 01:51:22.298,1.49956,1.49975,2.25,1.69
2017.07.10 01:51:32.947,1.49957,1.49974,1.87,1.50
2017.07.10 01:51:33.941,1.49958,1.49973,1.12,1.00
2017.07.10 01:51:34.576,1.49957,1.49974,1.87,1.69
2017.07.10 01:51:35.102,1.49959,1.49974,1.00,1.69
2017.07.10 01:51:36.770,1.49958,1.49974,1.12,1.69
2017.07.10 01:51:37.311,1.49957,1.49975,1.50,1.69
2017.07.10 01:51:44.727,1.49958,1.49976,1.37,1.69
2017.07.10 01:51:45.550,1.49959,1.49976,1.50,1.19
2017.07.10 01:51:46.105,1.49959,1.49976,2.25,1.50
2017.07.10 01:51:46.994,1.49959,1.49977,2.25,1.25
2017.07.10 01:51:52.058,1.49961,1.49978,1.87,2.06
2017.07.10 01:52:03.248,1.49961,1.49978,2.62,2.06
2017.07.10 01:52:07.442,1.49961,1.49979,3.56,1.87
2017.07.10 01:52:07.699,1.49963,1.4998,1.12,1.00
2017.07.10 01:52:16.644,1.49963,1.49981,1.12,1.25
2017.07.10 01:52:19.595,1.49964,1.49983,1.00,1.56
2017.07.10 01:52:19.748,1.49965,1.49983,1.50,1.31
2017.07.10 01:52:20.258,1.49967,1.49983,1.00,1.56
2017.07.10 01:52:21.356,1.49967,1.49984,1.50,1.56
2017.07.10 01:52:25.260,1.49967,1.49985,1.50,2.81
2017.07.10 01:52:33.000,1.49965,1.49985,1.87,2.06
2017.07.10 01:52:33.930,1.49965,1.49985,1.37,5.81
2017.07.10 01:52:36.019,1.49965,1.49983,1.37,2.81
2017.07.10 01:52:36.684,1.49963,1.49983,2.25,2.06
2017.07.10 01:52:37.105,1.49967,1.49983,1.00,1.56
2017.07.10 01:52:37.411,1.49965,1.49983,1.00,1.56
2017.07.10 01:52:37.999,1.49964,1.49983,1.50,1.56
2017.07.10 01:52:38.254,1.49964,1.49984,1.50,1.37
2017.07.10 01:52:38.786,1.49965,1.49984,1.00,1.37
2017.07.10 01:52:39.406,1.49964,1.49984,1.50,1.37
2017.07.10 01:52:41.340,1.49964,1.49983,1.12,1.37
2017.07.10 01:52:51.930,1.49964,1.49985,2.25,2.06
2017.07.10 01:52:57.499,1.49969,1.49987,1.25,2.62
2017.07.10 01:52:57.806,1.49975,1.49992,1.12,1.31
2017.07.10 01:52:57.908,1.49972,1.49992,1.31,2.06
2017.07.10 01:52:58.072,1.49972,1.49992,1.31,2.06
2017.07.10 01:52:59.479,1.49973,1.49991,1.62,1.37
2017.07.10 01:52:59.888,1.49969,1.49988,1.12,2.25
2017.07.10 01:52:59.940,1.49967,1.49988,2.06,2.25
2017.07.10 01:53:00.250,1.49967,1.49987,2.25,1.25
2017.07.10 01:53:02.019,1.49967,1.49987,3.00,1.19
2017.07.10 01:53:04.258,1.49968,1.49987,1.50,1.56
2017.07.10 01:53:05.211,1.49968,1.49987,1.75,1.19
2017.07.10 01:53:08.787,1.49967,1.49987,2.44,2.06
2017.07.10 01:53:11.260,1.49967,1.49987,1.19,2.81
2017.07.10 01:53:15.212,1.49965,1.49986,2.25,2.06
2017.07.10 01:53:17.293,1.49965,1.49986,2.25,1.25
2017.07.10 01:53:17.850,1.49965,1.49986,2.25,1.25
2017.07.10 01:53:20.771,1.49968,1.49987,1.19,2.81
2017.07.10 01:53:20.925,1.49966,1.49984,1.25,1.62
2017.07.10 01:53:20.976,1.49968,1.49985,1.69,1.12
2017.07.10 01:53:21.028,1.49968,1.49987,1.19,2.44
2017.07.10 01:53:21.546,1.49968,1.49987,1.69,1.69
2017.07.10 01:53:23.670,1.49968,1.49987,1.31,1.19
2017.07.10 01:53:36.118,1.49968,1.49986,1.12,2.06
2017.07.10 01:53:37.011,1.49968,1.49986,1.12,1.56
2017.07.10 01:53:37.569,1.49969,1.49986,1.00,1.31
2017.07.10 01:53:39.301,1.49969,1.49986,1.12,1.31
2017.07.10 01:53:40.291,1.49969,1.49986,1.00,2.06
2017.07.10 01:53:42.991,1.49968,1.49986,1.00,2.06
2017.07.10 01:53:43.551,1.49968,1.49986,1.00,2.06
2017.07.10 01:53:43.875,1.49971,1.49987,1.00,1.25
2017.07.10 01:53:44.429,1.49971,1.49988,1.00,1.87
2017.07.10 01:53:46.844,1.49971,1.49989,1.50,1.50
2017.07.10 01:53:47.151,1.49977,1.4999,1.00,2.06
2017.07.10 01:53:47.724,1.49976,1.4999,1.00,1.31
2017.07.10 01:53:48.023,1.49974,1.49993,1.87,2.81
2017.07.10 01:53:51.308,1.49975,1.49992,1.00,1.56
2017.07.10 01:53:51.827,1.49974,1.49992,1.00,1.56
2017.07.10 01:53:52.547,1.49972,1.4999,1.00,1.31
2017.07.10 01:53:52.865,1.49972,1.4999,1.00,1.62
2017.07.10 01:53:52.916,1.49969,1.4999,2.62,1.69
2017.07.10 01:53:52.968,1.49969,1.49987,2.62,1.62
2017.07.10 01:53:53.174,1.49968,1.49985,1.50,1.31
2017.07.10 01:53:53.378,1.4997,1.49987,1.00,1.62
2017.07.10 01:53:53.687,1.49972,1.49987,1.00,1.37
2017.07.10 01:53:54.334,1.49972,1.49987,1.00,1.00
2017.07.10 01:53:55.027,1.4997,1.49987,1.00,1.00
2017.07.10 01:53:55.911,1.49969,1.49988,1.00,1.87
2017.07.10 01:53:56.480,1.49969,1.49987,1.00,1.37
2017.07.10 01:53:57.929,1.4997,1.49988,1.00,1.87
2017.07.10 01:53:58.499,1.4997,1.49988,1.00,1.12
2017.07.10 01:54:00.557,1.4997,1.49986,1.00,1.00
2017.07.10 01:54:00.816,1.4997,1.49988,1.00,1.87
2017.07.10 01:54:01.345,1.4997,1.49989,1.00,1.87
2017.07.10 01:54:02.747,1.49972,1.49989,1.00,1.87
2017.07.10 01:54:03.053,1.49974,1.49991,1.00,1.50
2017.07.10 01:54:03.404,1.49977,1.49993,1.00,1.00
2017.07.10 01:54:04.001,1.49974,1.49993,1.00,1.62
2017.07.10 01:54:04.105,1.49975,1.49992,1.00,1.37
2017.07.10 01:54:04.156,1.49973,1.49992,1.00,2.06
2017.07.10 01:54:04.847,1.49975,1.49992,1.00,1.56
2017.07.10 01:54:09.857,1.49975,1.49992,1.00,1.37
2017.07.10 01:54:11.957,1.49974,1.49992,1.00,1.87
2017.07.10 01:54:12.059,1.49975,1.49992,1.00,2.62
2017.07.10 01:54:12.213,1.49977,1.49992,1.00,1.12
2017.07.10 01:54:12.964,1.49981,1.49993,1.00,1.12
2017.07.10 01:54:13.170,1.49981,1.49995,1.00,2.81
2017.07.10 01:54:13.616,1.49983,1.49995,1.00,1.31
2017.07.10 01:54:14.141,1.49981,1.49995,1.00,2.06
2017.07.10 01:54:14.442,1.49983,1.49995,1.00,2.06
2017.07.10 01:54:14.736,1.49981,1.49995,1.00,2.06
2017.07.10 01:54:16.395,1.49983,1.49996,1.00,2.62
2017.07.10 01:54:16.905,1.49982,1.49996,1.00,2.62
2017.07.10 01:54:17.565,1.49982,1.49996,1.00,2.62
2017.07.10 01:54:18.331,1.49983,1.49996,1.00,2.62
2017.07.10 01:54:19.645,1.49982,1.49996,1.00,2.62
2017.07.10 01:54:20.203,1.49981,1.49996,1.00,2.62
2017.07.10 01:54:20.892,1.49981,1.49996,1.00,1.37
2017.07.10 01:54:21.526,1.49982,1.49997,1.00,3.94
2017.07.10 01:54:22.056,1.49981,1.49997,1.00,3.94
2017.07.10 01:54:22.363,1.49984,1.49997,1.00,1.87
2017.07.10 01:54:22.745,1.49987,1.49997,1.00,1.00
2017.07.10 01:54:22.796,1.49987,1.5,1.00,1.12
2017.07.10 01:54:23.465,1.49987,1.50001,1.00,1.12
2017.07.10 01:54:23.567,1.49985,1.50001,1.00,1.12
2017.07.10 01:54:24.143,1.49987,1.50001,1.00,1.12
2017.07.10 01:54:24.403,1.49985,1.50001,1.00,1.12
2017.07.10 01:54:24.925,1.49984,1.50001,1.00,1.12
2017.07.10 01:54:25.215,1.49985,1.50001,1.00,2.06
2017.07.10 01:54:25.266,1.49983,1.50001,1.00,2.44
2017.07.10 01:54:25.816,1.49982,1.49996,1.00,1.12
2017.07.10 01:54:26.367,1.49981,1.49996,1.00,1.37
2017.07.10 01:54:27.448,1.4998,1.49996,1.00,1.37
2017.07.10 01:54:27.754,1.49982,1.49996,1.00,1.37
2017.07.10 01:54:28.069,1.49984,1.49996,1.00,1.87
2017.07.10 01:54:28.380,1.49982,1.49997,1.00,2.25
2017.07.10 01:54:28.482,1.49982,1.49997,1.00,1.87
2017.07.10 01:54:28.824,1.49984,1.49998,1.00,1.69
2017.07.10 01:54:29.326,1.49984,1.49998,1.00,1.62
2017.07.10 01:54:30.004,1.49985,1.49998,1.00,1.62
2017.07.10 01:54:31.663,1.49985,1.49998,1.00,1.62
2017.07.10 01:54:32.248,1.49987,1.49998,1.00,1.62
2017.07.10 01:54:32.764,1.49987,1.49998,1.00,1.69
2017.07.10 01:54:33.197,1.49987,1.49998,1.00,2.06
2017.07.10 01:54:39.398,1.49987,1.49998,1.00,2.06
2017.07.10 01:54:40.290,1.49991,1.49999,1.00,1.87
2017.07.10 01:54:40.804,1.49992,1.50002,1.00,1.37
2017.07.10 01:54:40.947,1.4999,1.50002,1.00,1.37
2017.07.10 01:54:41.472,1.49989,1.50002,1.00,1.37
2017.07.10 01:54:42.311,1.49988,1.50002,1.00,1.37
2017.07.10 01:54:42.622,1.4999,1.50002,1.00,1.37
2017.07.10 01:54:43.197,1.49989,1.50002,1.00,1.37
2017.07.10 01:54:44.510,1.49988,1.50003,1.00,1.87
2017.07.10 01:54:45.013,1.4999,1.50003,1.00,1.87
2017.07.10 01:54:45.611,1.49989,1.50003,1.00,1.37
2017.07.10 01:54:47.456,1.4999,1.50003,1.00,1.87
2017.07.10 01:54:47.610,1.4999,1.50004,1.00,4.50
2017.07.10 01:54:47.989,1.49993,1.50004,1.00,3.00
2017.07.10 01:54:48.495,1.49992,1.50004,1.00,3.00
2017.07.10 01:54:49.124,1.49991,1.50004,1.00,3.00
2017.07.10 01:54:49.431,1.49986,1.49998,1.00,1.37
2017.07.10 01:54:49.686,1.49984,1.49999,1.00,2.25
2017.07.10 01:54:50.114,1.49987,1.49998,1.00,1.87
2017.07.10 01:54:51.899,1.49984,1.49998,1.00,1.37
2017.07.10 01:54:52.206,1.49987,1.49998,1.00,1.37
2017.07.10 01:54:52.715,1.49986,1.49998,1.00,2.62
2017.07.10 01:54:53.388,1.49985,1.49998,1.00,3.37
2017.07.10 01:54:54.047,1.49987,1.49998,1.00,3.37
2017.07.10 01:54:54.658,1.49986,1.49998,1.00,3.37
2017.07.10 01:54:55.172,1.49985,1.49998,1.00,3.37
2017.07.10 01:54:55.377,1.49986,1.49998,1.00,1.37
2017.07.10 01:54:55.480,1.49989,1.49998,1.00,1.37
2017.07.10 01:54:55.888,1.49987,1.5,1.00,3.00
2017.07.10 01:54:56.151,1.49989,1.5,1.00,3.75
2017.07.10 01:54:56.202,1.49989,1.5,1.00,2.25
2017.07.10 01:54:56.704,1.49988,1.5,1.00,2.62
2017.07.10 01:54:57.113,1.49986,1.49999,1.00,1.12
2017.07.10 01:54:57.636,1.49985,1.49999,1.00,1.87
2017.07.10 01:54:58.185,1.49984,1.49999,1.00,1.12
2017.07.10 01:54:58.761,1.49985,1.49999,1.00,1.87
2017.07.10 01:54:59.280,1.49985,1.49999,1.00,2.44
2017.07.10 01:54:59.637,1.49987,1.49999,1.00,1.19
2017.07.10 01:55:00.965,1.49987,1.5,1.00,1.50
2017.07.10 01:55:01.017,1.49992,1.50002,1.00,1.00
2017.07.10 01:55:01.496,1.49994,1.50003,1.00,1.12
2017.07.10 01:55:02.081,1.49993,1.50003,1.00,1.12
2017.07.10 01:55:02.592,1.49992,1.50003,1.00,1.12
2017.07.10 01:55:02.695,1.4999,1.50003,1.00,1.12
2017.07.10 01:55:03.411,1.49988,1.50003,1.00,1.12
2017.07.10 01:55:03.955,1.49989,1.50004,1.00,1.37
2017.07.10 01:55:04.488,1.49988,1.50004,1.00,1.62
2017.07.10 01:55:05.959,1.49989,1.50004,1.00,1.62
2017.07.10 01:55:08.382,1.49988,1.50004,1.00,1.62
2017.07.10 01:55:09.968,1.49987,1.50004,1.00,2.44
2017.07.10 01:55:10.291,1.49985,1.50003,1.00,1.19
2017.07.10 01:55:10.851,1.49984,1.50002,1.50,1.19
2017.07.10 01:55:10.955,1.49986,1.50002,1.00,1.19
2017.07.10 01:55:11.232,1.49984,1.50003,1.50,2.06
2017.07.10 01:55:11.764,1.49986,1.50002,1.00,1.31
2017.07.10 01:55:12.294,1.49987,1.50002,1.00,1.19
2017.07.10 01:55:15.472,1.49987,1.50002,1.00,1.50
2017.07.10 01:55:15.737,1.49989,1.50003,1.00,1.00
2017.07.10 01:55:16.255,1.49988,1.50004,1.00,1.69
2017.07.10 01:55:16.737,1.4999,1.50004,1.00,1.19
2017.07.10 01:55:17.261,1.49991,1.50005,1.00,1.31
2017.07.10 01:55:17.384,1.49989,1.50005,1.00,1.31
2017.07.10 01:55:17.966,1.4999,1.50006,1.00,1.69
2017.07.10 01:55:18.565,1.49989,1.50006,1.00,1.69
2017.07.10 01:55:19.201,1.4999,1.50006,1.00,1.69
2017.07.10 01:55:19.739,1.49989,1.50006,1.00,1.69
2017.07.10 01:55:21.205,1.49988,1.50006,1.00,1.69
2017.07.10 01:55:21.865,1.49989,1.50007,1.00,3.56
2017.07.10 01:55:25.261,1.49987,1.50006,1.50,2.81
2017.07.10 01:55:25.771,1.49988,1.50006,1.00,2.44
2017.07.10 01:55:26.283,1.49987,1.50006,1.50,2.44
2017.07.10 01:55:26.520,1.49989,1.50006,1.00,2.44
2017.07.10 01:55:27.702,1.4999,1.50006,1.00,2.44
2017.07.10 01:55:29.333,1.49989,1.50006,1.00,1.69
2017.07.10 01:55:29.941,1.49988,1.50004,1.50,1.19
2017.07.10 01:55:30.354,1.49987,1.50001,1.00,1.00
2017.07.10 01:55:30.660,1.4999,1.50005,1.00,1.56
2017.07.10 01:55:31.186,1.49989,1.50005,1.00,1.56
2017.07.10 01:55:31.789,1.49988,1.50006,1.00,3.94
2017.07.10 01:55:32.596,1.49987,1.50004,1.00,1.50
2017.07.10 01:55:32.852,1.49985,1.50003,1.00,2.25
2017.07.10 01:55:33.261,1.49989,1.50003,1.00,2.06
2017.07.10 01:55:33.770,1.4999,1.50004,1.00,2.06
2017.07.10 01:55:34.043,1.49988,1.50003,1.00,1.31
2017.07.10 01:55:34.592,1.49989,1.50003,1.00,1.31
2017.07.10 01:55:35.076,1.49987,1.50003,1.00,1.31
2017.07.10 01:55:36.819,1.49988,1.50003,1.00,1.31
2017.07.10 01:55:36.992,1.49986,1.50003,1.00,1.31
2017.07.10 01:55:37.284,1.49986,1.50003,1.00,1.31
2017.07.10 01:55:38.226,1.49983,1.50002,1.50,2.44
2017.07.10 01:55:38.800,1.49984,1.50002,1.00,2.81
2017.07.10 01:55:40.535,1.49985,1.50001,1.00,1.69
2017.07.10 01:55:42.237,1.49984,1.50001,1.00,1.69
2017.07.10 01:55:45.673,1.49986,1.50002,1.00,2.44
2017.07.10 01:55:46.191,1.49985,1.50002,1.00,2.44
2017.07.10 01:55:46.728,1.49985,1.50002,1.00,1.87
2017.07.10 01:55:48.833,1.49985,1.50001,1.00,1.00
2017.07.10 01:55:49.442,1.49985,1.50002,1.00,1.87
2017.07.10 01:55:56.911,1.49986,1.50003,1.00,2.44
2017.07.10 01:56:07.502,1.49987,1.50003,1.00,1.69
2017.07.10 01:56:16.511,1.49987,1.50003,1.50,1.12
2017.07.10 01:56:17.202,1.49988,1.50005,1.00,4.31
2017.07.10 01:56:17.737,1.49987,1.50005,1.50,3.19
2017.07.10 01:56:18.598,1.49989,1.50005,1.00,3.19
2017.07.10 01:56:19.780,1.49988,1.50005,1.00,3.19
2017.07.10 01:56:21.341,1.49988,1.50001,1.00,1.12
2017.07.10 01:56:22.403,1.49989,1.50001,1.00,1.37
2017.07.10 01:56:24.132,1.49988,1.50001,1.00,1.37
2017.07.10 01:56:24.810,1.49987,1.50001,1.00,1.37
2017.07.10 01:56:27.462,1.49986,1.50001,1.00,1.37
2017.07.10 01:56:27.773,1.49988,1.50001,1.00,1.37
2017.07.10 01:56:28.286,1.49987,1.50001,1.00,1.37
2017.07.10 01:56:28.855,1.49988,1.50001,1.00,1.37
2017.07.10 01:56:30.072,1.49987,1.50001,1.00,1.12
2017.07.10 01:56:30.771,1.49988,1.50001,1.00,1.12
2017.07.10 01:56:31.298,1.49987,1.50001,1.00,1.12
2017.07.10 01:56:31.839,1.49987,1.49997,1.00,1.00
2017.07.10 01:56:31.891,1.49984,1.49997,1.00,1.00
2017.07.10 01:56:34.660,1.49985,1.49997,1.00,1.00
2017.07.10 01:56:37.603,1.49986,1.49997,1.00,1.00
2017.07.10 01:56:39.351,1.49985,1.49997,1.00,1.00
2017.07.10 01:56:40.395,1.49985,1.49999,1.00,1.12
2017.07.10 01:56:40.493,1.49983,1.49999,1.00,1.12
2017.07.10 01:56:41.016,1.49984,1.49999,1.00,1.12
2017.07.10 01:56:41.553,1.49985,1.49999,1.00,1.12
2017.07.10 01:56:42.163,1.49984,1.49999,1.00,1.12
2017.07.10 01:56:43.387,1.49985,1.49999,1.00,1.12
2017.07.10 01:56:43.917,1.49984,1.49999,1.00,1.87
2017.07.10 01:56:44.552,1.49983,1.49999,1.00,1.87
2017.07.10 01:56:47.251,1.49985,1.49999,1.50,1.12
2017.07.10 01:56:47.355,1.49988,1.50001,1.00,1.00
2017.07.10 01:56:47.508,1.49988,1.50003,1.00,1.50
2017.07.10 01:56:47.560,1.4999,1.50003,1.00,1.50
2017.07.10 01:56:48.170,1.4999,1.50004,1.00,1.00
2017.07.10 01:56:48.682,1.4999,1.50005,1.00,1.50
2017.07.10 01:56:49.236,1.49989,1.50005,1.00,1.50
2017.07.10 01:56:50.364,1.49989,1.50006,1.00,2.62
2017.07.10 01:56:50.711,1.49991,1.50003,1.00,1.00
2017.07.10 01:56:51.263,1.49992,1.50004,1.00,1.50
2017.07.10 01:56:51.722,1.4999,1.50004,1.00,1.00
2017.07.10 01:56:53.230,1.49991,1.50004,1.00,1.00
2017.07.10 01:56:53.988,1.4999,1.50004,1.00,1.00
2017.07.10 01:56:54.543,1.49989,1.50004,1.00,1.00
2017.07.10 01:56:55.268,1.49991,1.50004,1.00,1.00
2017.07.10 01:56:55.815,1.4999,1.50004,1.00,1.00
2017.07.10 01:56:57.292,1.49989,1.50004,1.00,1.00
2017.07.10 01:56:57.829,1.4999,1.50004,1.00,1.00
2017.07.10 01:56:58.332,1.49989,1.50004,1.00,1.00
2017.07.10 01:56:59.125,1.49988,1.50004,1.50,1.00
2017.07.10 01:56:59.430,1.4999,1.50004,1.00,1.00
2017.07.10 01:56:59.931,1.49989,1.50004,1.00,1.00
2017.07.10 01:57:00.451,1.4999,1.50004,1.00,1.00
2017.07.10 01:57:00.883,1.49987,1.50004,1.00,1.00
2017.07.10 01:57:01.893,1.49986,1.50006,1.87,1.87
2017.07.10 01:57:02.409,1.49987,1.50006,1.00,1.87
2017.07.10 01:57:02.920,1.49986,1.50006,1.12,1.87
2017.07.10 01:57:04.026,1.49987,1.50006,1.00,1.87
2017.07.10 01:57:06.138,1.49988,1.50006,1.00,1.12
2017.07.10 01:57:06.709,1.49989,1.50006,1.00,1.12
2017.07.10 01:57:07.165,1.49987,1.50006,1.50,1.12
2017.07.10 01:57:08.372,1.49988,1.50006,1.00,1.12
2017.07.10 01:57:08.777,1.49986,1.50005,1.12,2.62
2017.07.10 01:57:08.879,1.49986,1.50003,1.00,1.37
2017.07.10 01:57:09.242,1.49984,1.50003,1.31,2.62
2017.07.10 01:57:11.074,1.49986,1.50004,1.25,1.87
2017.07.10 01:57:11.279,1.49988,1.50005,1.50,1.50
2017.07.10 01:57:11.433,1.49988,1.50007,1.69,2.25
2017.07.10 01:57:14.504,1.4999,1.50008,1.00,2.62
2017.07.10 01:57:15.174,1.4999,1.50007,1.00,1.12
2017.07.10 01:57:21.106,1.49991,1.50007,1.00,1.12
2017.07.10 01:57:22.622,1.49991,1.50007,1.00,1.37
2017.07.10 01:57:30.171,1.49988,1.50007,5.06,1.37
2017.07.10 01:57:34.271,1.4999,1.50008,1.31,1.37
2017.07.10 01:57:34.843,1.4999,1.50008,1.12,1.37
2017.07.10 01:57:35.372,1.49989,1.50008,1.50,1.37
2017.07.10 01:57:35.911,1.49989,1.50008,1.19,1.37
2017.07.10 01:57:36.812,1.49992,1.50008,1.00,1.37
2017.07.10 01:57:37.154,1.49994,1.50008,1.00,1.37
2017.07.10 01:57:37.743,1.49995,1.50008,1.00,1.37
2017.07.10 01:57:37.794,1.49996,1.50008,1.00,1.00
2017.07.10 01:57:39.806,1.49996,1.5001,1.00,1.00
2017.07.10 01:57:41.860,1.49996,1.50013,1.00,1.87
2017.07.10 01:57:41.962,1.49998,1.50013,1.00,2.62
2017.07.10 01:57:42.554,1.49999,1.50013,1.00,1.87
2017.07.10 01:57:43.065,1.5,1.50013,1.00,1.12
2017.07.10 01:57:44.511,1.5,1.50013,1.00,1.00
2017.07.10 01:57:45.480,1.50001,1.50015,1.00,1.37
2017.07.10 01:57:45.532,1.50003,1.50017,1.00,1.50
2017.07.10 01:57:45.584,1.50003,1.50018,1.00,2.25
2017.07.10 01:57:45.636,1.50005,1.50018,1.00,1.12
2017.07.10 01:57:46.873,1.50006,1.5002,1.00,1.75
2017.07.10 01:57:51.244,1.50004,1.5002,1.00,1.12
2017.07.10 01:58:00.108,1.50006,1.5002,1.00,1.12
2017.07.10 01:58:00.624,1.50005,1.5002,1.00,1.37
2017.07.10 01:58:00.828,1.50003,1.50019,1.00,1.12
2017.07.10 01:58:01.349,1.50003,1.50018,1.00,1.12
2017.07.10 01:58:06.608,1.50001,1.50018,1.00,1.12
2017.07.10 01:58:07.870,1.50001,1.50017,1.00,1.37
2017.07.10 01:58:08.387,1.49998,1.50016,1.75,1.87
2017.07.10 01:58:09.052,1.49996,1.50014,3.75,1.12
2017.07.10 01:58:10.291,1.49995,1.50012,1.37,1.87
2017.07.10 01:58:10.344,1.49995,1.50011,1.00,1.12
2017.07.10 01:58:10.856,1.49994,1.50009,1.00,1.37
2017.07.10 01:58:16.841,1.49994,1.50008,1.00,1.37
2017.07.10 01:58:19.046,1.49994,1.5001,1.00,1.50
2017.07.10 01:58:22.985,1.49994,1.5001,1.00,1.00
2017.07.10 01:58:23.139,1.49994,1.50012,2.25,1.12
2017.07.10 01:58:23.655,1.49995,1.50014,1.00,2.62
2017.07.10 01:58:37.125,1.49995,1.50014,3.00,1.50
2017.07.10 01:58:37.663,1.49995,1.50015,1.50,1.87
2017.07.10 01:58:37.816,1.49999,1.50015,1.00,1.37
2017.07.10 01:58:37.968,1.49999,1.50016,1.00,2.62
2017.07.10 01:58:42.688,1.49999,1.50017,1.00,1.37
2017.07.10 01:58:43.202,1.49999,1.50017,1.00,1.50
2017.07.10 01:58:44.927,1.49996,1.50017,3.37,1.50
2017.07.10 01:58:46.326,1.49996,1.50017,3.37,1.12
2017.07.10 01:58:52.839,1.49999,1.50016,1.00,2.25
2017.07.10 01:58:53.343,1.5,1.50016,1.25,2.25
2017.07.10 01:58:53.878,1.50001,1.50016,1.00,2.25
2017.07.10 01:58:54.184,1.5,1.50017,1.19,1.50
2017.07.10 01:58:54.688,1.50004,1.50018,1.00,1.87
2017.07.10 01:58:55.202,1.50003,1.50018,1.25,1.12
2017.07.10 01:58:55.827,1.50004,1.50018,1.00,1.12
2017.07.10 01:58:56.353,1.50005,1.50018,1.00,1.12
2017.07.10 01:58:56.558,1.50004,1.50019,1.00,1.37
2017.07.10 01:58:56.668,1.50008,1.50019,1.00,1.37
2017.07.10 01:58:56.953,1.50006,1.50019,1.00,1.37
2017.07.10 01:58:57.985,1.50007,1.5002,1.00,3.37
2017.07.10 01:58:58.512,1.50008,1.5002,1.00,2.62
2017.07.10 01:58:59.053,1.50007,1.5002,1.00,2.62
2017.07.10 01:59:00.127,1.50006,1.5002,1.00,2.62
2017.07.10 01:59:01.027,1.50009,1.5002,1.00,2.62
2017.07.10 01:59:01.352,1.50007,1.5002,1.00,2.62
2017.07.10 01:59:03.077,1.50008,1.5002,1.00,1.87
2017.07.10 01:59:03.371,1.50006,1.5002,1.00,1.87
2017.07.10 01:59:03.981,1.50007,1.5002,1.00,1.37
2017.07.10 01:59:04.640,1.50008,1.5002,1.00,1.37
2017.07.10 01:59:04.763,1.50006,1.5002,1.00,1.37
2017.07.10 01:59:05.306,1.50007,1.5002,1.00,1.37
2017.07.10 01:59:05.834,1.50006,1.5002,1.00,1.87
2017.07.10 01:59:06.452,1.50008,1.5002,1.00,2.62
2017.07.10 01:59:06.730,1.50006,1.5002,1.00,2.62
2017.07.10 01:59:07.311,1.50005,1.5002,1.00,3.00
2017.07.10 01:59:07.825,1.50006,1.5002,1.00,1.50
2017.07.10 01:59:08.469,1.50007,1.5002,1.00,1.37
2017.07.10 01:59:09.034,1.50006,1.5002,1.00,1.37
2017.07.10 01:59:09.538,1.50005,1.5002,1.00,1.37
2017.07.10 01:59:12.235,1.50006,1.5002,1.00,3.00
2017.07.10 01:59:13.391,1.50004,1.5002,1.00,1.50
2017.07.10 01:59:13.892,1.50004,1.50017,1.00,1.00
2017.07.10 01:59:14.402,1.50004,1.5002,1.00,1.50
2017.07.10 01:59:15.046,1.50003,1.5002,1.00,2.25
2017.07.10 01:59:15.640,1.50004,1.5002,1.00,1.37
2017.07.10 01:59:15.838,1.50002,1.5002,1.25,1.37
2017.07.10 01:59:15.992,1.50002,1.5002,1.69,1.37
2017.07.10 01:59:16.044,1.50002,1.50021,1.69,1.00
2017.07.10 01:59:16.150,1.50006,1.50022,1.00,1.50
2017.07.10 01:59:16.457,1.50004,1.50022,1.00,1.12
2017.07.10 01:59:16.991,1.50003,1.50022,1.50,1.12
2017.07.10 01:59:17.589,1.50004,1.50022,1.00,1.12
2017.07.10 01:59:18.102,1.50004,1.50021,1.00,1.37
2017.07.10 01:59:19.213,1.50005,1.50021,1.00,1.50
2017.07.10 01:59:21.437,1.50003,1.50021,1.50,1.87
2017.07.10 01:59:25.322,1.50004,1.5002,1.00,1.37
2017.07.10 01:59:25.840,1.50003,1.5002,1.50,1.37
2017.07.10 01:59:26.345,1.50004,1.5002,1.00,1.37
2017.07.10 01:59:26.951,1.50003,1.50021,1.50,1.37
2017.07.10 01:59:27.476,1.50003,1.5002,1.00,1.87
2017.07.10 01:59:29.008,1.50003,1.50021,1.00,1.50
2017.07.10 01:59:30.504,1.50002,1.50021,2.25,1.87
2017.07.10 01:59:31.731,1.50002,1.50022,1.12,2.06
2017.07.10 01:59:32.249,1.50002,1.50022,1.50,2.44
2017.07.10 01:59:32.759,1.50003,1.50021,1.00,1.12
2017.07.10 01:59:33.304,1.50002,1.50021,1.00,1.12
2017.07.10 01:59:33.970,1.50001,1.50021,1.00,1.87
2017.07.10 01:59:35.902,1.5,1.50021,3.00,1.87
2017.07.10 01:59:36.532,1.5,1.50021,2.25,3.00
2017.07.10 01:59:37.072,1.5,1.50019,1.00,1.00
2017.07.10 01:59:38.498,1.5,1.50018,1.00,1.00
2017.07.10 01:59:39.098,1.5,1.50019,1.00,1.50
2017.07.10 01:59:39.623,1.5,1.50018,1.00,1.12
2017.07.10 01:59:42.733,1.5,1.50017,1.00,1.00
2017.07.10 01:59:43.272,1.5,1.50018,1.00,1.12
2017.07.10 01:59:43.785,1.5,1.50017,1.00,1.00
2017.07.10 01:59:44.312,1.5,1.50018,1.00,1.00
2017.07.10 01:59:45.076,1.49999,1.50018,1.00,1.00
2017.07.10 01:59:45.594,1.49999,1.50017,1.00,1.00
2017.07.10 01:59:46.581,1.49999,1.50018,1.00,1.50
2017.07.10 01:59:47.085,1.49999,1.50017,1.00,1.00
2017.07.10 01:59:47.685,1.49999,1.50018,1.00,1.50
2017.07.10 01:59:47.969,1.49999,1.50015,1.00,1.00
2017.07.10 01:59:48.372,1.49997,1.50015,1.50,1.12
2017.07.10 01:59:48.475,1.49995,1.50015,1.12,2.44
2017.07.10 01:59:48.925,1.49995,1.50015,1.12,3.00
2017.07.10 01:59:49.762,1.49995,1.50014,1.50,1.00
2017.07.10 01:59:50.285,1.49995,1.50014,1.50,1.00
2017.07.10 01:59:50.917,1.49995,1.50015,1.50,1.00
2017.07.10 01:59:52.761,1.49995,1.50013,1.50,1.00
2017.07.10 01:59:53.454,1.49995,1.50014,1.50,1.00
2017.07.10 01:59:54.312,1.49995,1.50011,1.37,1.00
2017.07.10 01:59:54.815,1.49995,1.50012,1.37,1.00
2017.07.10 01:59:55.339,1.49995,1.50011,1.00,1.00
2017.07.10 01:59:55.826,1.49995,1.50013,1.00,1.00
2017.07.10 01:59:56.142,1.49995,1.50011,1.00,1.00
2017.07.10 01:59:56.784,1.49996,1.50013,1.00,1.00
2017.07.10 01:59:56.886,1.49997,1.50016,1.00,2.62
2017.07.10 01:59:57.414,1.49997,1.50014,1.00,1.00
2017.07.10 01:59:58.093,1.49999,1.50014,1.00,1.00
2017.07.10 01:59:58.411,1.49997,1.5001,1.00,1.00
2017.07.10 01:59:58.514,1.49992,1.5001,1.00,1.00
2017.07.10 01:59:58.871,1.49991,1.50006,1.12,1.00
2017.07.10 01:59:58.923,1.49989,1.50006,2.62,1.00
2017.07.10 01:59:59.867,1.49987,1.50007,3.19,1.00
